# code/heterogeneous/pino_heterogeneous/pinn1d_heterogeneous_parametric_neural_operator.py --design grf --n-sensors 100 --n-grf 0 --n-piecewise-per-zones 50 --piecewise-zone-counts 1,2,3,4,5 --min-zone-frac 0.1 --arch default --dtype float64 --early-stop-patience 150 --optimizer soap_lbfgs --soap-epochs 3000 --soap-lr 3e-3 --soap-betas 0.95,0.95 --soap-weight-decay 0.01 --soap-precond-freq 100 --lr-lbfgs 0.1 --lbfgs-max-iter 20 --epochs 1000 --out-dir results/exp_W1b_soap_lbfgs_K100_N250_z1to5_default_float64
# started 2026-07-01 12:42:04
# cwd C:\Ali Computation\pinn\code\heterogeneous\pino_heterogeneous

Using GPU: NVIDIA GeForce RTX 3090 (cuda:0, dtype=torch.float64)
PE (computed) = 0.010368
design=grf  media_mode=grf  branch_mode=sensor  optimizer=soap_lbfgs  n_train_requested=250  n_corner_anchors=16  arch=default  batch_mode=True
branch=[100, 16, 16, 32]  trunk=[2, 32, 32, 32, 32]
results_dir=C:\Ali Computation\pinn\code\heterogeneous\pino_heterogeneous\results\exp_W1b_soap_lbfgs_K100_N250_z1to5_default_float64
Training: 250 piecewise (50, 50, 50, 50, 50 for zones [1, 2, 3, 4, 5]), min_zone_frac=0.1 = 250 total; branch_mode=sensor, K=100 sensors, grid_n=201
  saved/loaded: C:\Ali Computation\pinn\code\heterogeneous\pino_heterogeneous\results\exp_W1b_soap_lbfgs_K100_N250_z1to5_default_float64\train_grf_cases.npz
  branch CFL range [0.120358, 0.599469]
PDE mesh: bulk 50x50x250 (no interface bands in GRF mode)
COMSOL validation: 81 fixed grid cases from comsol_4zones.txt -> C:\Ali Computation\pinn\code\heterogeneous\pino_heterogeneous\results\exp_W1b_soap_lbfgs_K100_N250_z1to5_default_float64\comsol_validation
run_training=True  run_comsol_validation=True  validate_only=False  skip_validation_plots=False
L-BFGS early stopping: patience=150 (max steps=1000)
L-BFGS: lr=0.1  max_iter=20  outer_steps=1000
SOAP: lr=0.003  betas=(0.95, 0.95)  weight_decay=0.01  precond_freq=100  steps=3000
PDE collocation points: 625,000 (bulk 625,000, interface 0)
Collocation mesh plot (pre-train): C:\Ali Computation\pinn\code\heterogeneous\pino_heterogeneous\results\exp_W1b_soap_lbfgs_K100_N250_z1to5_default_float64\pino_heterogeneous_collocation_points.png
SOAP(lr=0.003, betas=(0.95, 0.95), weight_decay=0.01, precond_freq=100)  epochs=3000

SOAP:   0%|          | 0/3000 [? > 00:00]
SOAP:   0%|          | 1/3000 [37:01 > 00:00]
SOAP:   0%|          | 2/3000 [23:19 > 00:01]
SOAP:   0%|          | 3/3000 [15:15 > 00:01]
SOAP:   0%|          | 4/3000 [14:26 > 00:01]
SOAP:   0%|          | 5/3000 [13:59 > 00:01]
SOAP:   0%|          | 6/3000 [13:44 > 00:01]
SOAP:   0%|          | 7/3000 [13:32 > 00:02]
SOAP:   0%|          | 8/3000 [13:25 > 00:02]
SOAP:   0%|          | 9/3000 [13:20 > 00:02]
SOAP:   0%|          | 10/3000 [13:18 > 00:02]
SOAP:   0%|          | 11/3000 [13:15 > 00:03]
SOAP:   0%|          | 12/3000 [13:13 > 00:03]
SOAP:   0%|          | 13/3000 [13:12 > 00:03]
SOAP:   0%|          | 14/3000 [13:11 > 00:04]
SOAP:   0%|          | 15/3000 [13:09 > 00:04]
SOAP:   1%|          | 16/3000 [13:10 > 00:04]
SOAP:   1%|          | 17/3000 [13:12 > 00:04]
SOAP:   1%|          | 18/3000 [13:14 > 00:05]
SOAP:   1%|          | 19/3000 [13:11 > 00:05]
SOAP:   1%|          | 20/3000 [13:11 > 00:05]
SOAP:   1%|          | 21/3000 [13:10 > 00:05]
SOAP:   1%|          | 22/3000 [13:08 > 00:06]
SOAP:   1%|          | 23/3000 [13:07 > 00:06]
SOAP:   1%|          | 24/3000 [13:06 > 00:06]
SOAP:   1%|          | 25/3000 [13:06 > 00:06]
SOAP:   1%|          | 26/3000 [13:05 > 00:07]
SOAP:   1%|          | 27/3000 [13:06 > 00:07]
SOAP:   1%|          | 28/3000 [12:53 > 00:07]
SOAP:   1%|          | 29/3000 [13:08 > 00:08]
SOAP:   1%|          | 30/3000 [13:07 > 00:08]
SOAP:   1%|          | 31/3000 [13:07 > 00:08]
SOAP:   1%|          | 32/3000 [13:05 > 00:08]
SOAP:   1%|          | 33/3000 [13:06 > 00:09]
SOAP:   1%|          | 34/3000 [13:05 > 00:09]
SOAP:   1%|          | 35/3000 [13:05 > 00:09]
SOAP:   1%|          | 36/3000 [13:06 > 00:09]
SOAP:   1%|          | 37/3000 [13:06 > 00:10]
SOAP:   1%|▏         | 38/3000 [13:05 > 00:10]
SOAP:   1%|▏         | 39/3000 [13:05 > 00:10]
SOAP:   1%|▏         | 40/3000 [13:05 > 00:10]
SOAP:   1%|▏         | 41/3000 [13:07 > 00:11]
SOAP:   1%|▏         | 42/3000 [13:09 > 00:11]
SOAP:   1%|▏         | 43/3000 [13:08 > 00:11]
SOAP:   1%|▏         | 44/3000 [13:06 > 00:11]
SOAP:   2%|▏         | 45/3000 [12:53 > 00:12]
SOAP:   2%|▏         | 46/3000 [12:57 > 00:12]
SOAP:   2%|▏         | 47/3000 [13:09 > 00:12]
SOAP:   2%|▏         | 48/3000 [13:07 > 00:13]
SOAP:   2%|▏         | 49/3000 [13:07 > 00:13]
SOAP:   2%|▏         | 50/3000 [13:04 > 00:13]
SOAP:   2%|▏         | 51/3000 [13:05 > 00:13]
SOAP:   2%|▏         | 52/3000 [13:05 > 00:14]
SOAP:   2%|▏         | 53/3000 [13:03 > 00:14]
SOAP:   2%|▏         | 54/3000 [13:02 > 00:14]
SOAP:   2%|▏         | 55/3000 [13:02 > 00:14]
SOAP:   2%|▏         | 56/3000 [13:02 > 00:15]
SOAP:   2%|▏         | 57/3000 [13:00 > 00:15]
SOAP:   2%|▏         | 58/3000 [13:00 > 00:15]
SOAP:   2%|▏         | 59/3000 [13:00 > 00:15]
SOAP:   2%|▏         | 60/3000 [13:00 > 00:16]
SOAP:   2%|▏         | 61/3000 [12:59 > 00:16]
SOAP:   2%|▏         | 62/3000 [13:00 > 00:16]
SOAP:   2%|▏         | 63/3000 [13:00 > 00:17]
SOAP:   2%|▏         | 64/3000 [12:59 > 00:17]
SOAP:   2%|▏         | 65/3000 [12:58 > 00:17]
SOAP:   2%|▏         | 66/3000 [12:48 > 00:17]
SOAP:   2%|▏         | 67/3000 [13:02 > 00:18]
SOAP:   2%|▏         | 68/3000 [13:00 > 00:18]
SOAP:   2%|▏         | 69/3000 [12:59 > 00:18]
SOAP:   2%|▏         | 70/3000 [12:59 > 00:18]
SOAP:   2%|▏         | 71/3000 [12:58 > 00:19]
SOAP:   2%|▏         | 72/3000 [12:58 > 00:19]
SOAP:   2%|▏         | 73/3000 [12:57 > 00:19]
SOAP:   2%|▏         | 74/3000 [12:57 > 00:19]
SOAP:   2%|▎         | 75/3000 [12:57 > 00:20]
SOAP:   3%|▎         | 76/3000 [12:57 > 00:20]
SOAP:   3%|▎         | 77/3000 [12:56 > 00:20]
SOAP:   3%|▎         | 78/3000 [12:56 > 00:21]
SOAP:   3%|▎         | 79/3000 [12:55 > 00:21]
SOAP:   3%|▎         | 80/3000 [12:55 > 00:21]
SOAP:   3%|▎         | 81/3000 [12:55 > 00:21]
SOAP:   3%|▎         | 82/3000 [12:54 > 00:22]
SOAP:   3%|▎         | 83/3000 [12:54 > 00:22]
SOAP:   3%|▎         | 84/3000 [12:53 > 00:22]
SOAP:   3%|▎         | 85/3000 [12:53 > 00:22]
SOAP:   3%|▎         | 86/3000 [12:53 > 00:23]
SOAP:   3%|▎         | 87/3000 [12:53 > 00:23]
SOAP:   3%|▎         | 88/3000 [12:52 > 00:23]
SOAP:   3%|▎         | 89/3000 [12:53 > 00:23]
SOAP:   3%|▎         | 90/3000 [12:52 > 00:24]
SOAP:   3%|▎         | 91/3000 [12:52 > 00:24]
SOAP:   3%|▎         | 92/3000 [12:51 > 00:24]
SOAP:   3%|▎         | 93/3000 [12:52 > 00:25]
SOAP:   3%|▎         | 94/3000 [12:51 > 00:25]
SOAP:   3%|▎         | 95/3000 [12:52 > 00:25]
SOAP:   3%|▎         | 96/3000 [12:51 > 00:25]
SOAP:   3%|▎         | 97/3000 [12:51 > 00:26]
SOAP:   3%|▎         | 98/3000 [12:50 > 00:26]
SOAP:   3%|▎         | 99/3000 [12:49 > 00:26]
SOAP:   3%|▎         | 100/3000 [12:49 > 00:26]
SOAP:   3%|▎         | 101/3000 [15:40 > 00:27]
SOAP:   3%|▎         | 102/3000 [12:32 > 00:27]
SOAP:   3%|▎         | 103/3000 [12:42 > 00:27]
SOAP:   3%|▎         | 104/3000 [12:31 > 00:27]
SOAP:   4%|▎         | 105/3000 [12:49 > 00:28]
SOAP:   4%|▎         | 106/3000 [12:48 > 00:28]
SOAP:   4%|▎         | 107/3000 [12:49 > 00:28]
SOAP:   4%|▎         | 108/3000 [12:50 > 00:29]
SOAP:   4%|▎         | 109/3000 [12:50 > 00:29]
SOAP:   4%|▎         | 110/3000 [12:50 > 00:29]
SOAP:   4%|▎         | 111/3000 [12:52 > 00:29]
SOAP:   4%|▎         | 112/3000 [12:50 > 00:30]
SOAP:   4%|▍         | 113/3000 [12:50 > 00:30]
SOAP:   4%|▍         | 114/3000 [12:49 > 00:30]
SOAP:   4%|▍         | 115/3000 [12:49 > 00:30]
SOAP:   4%|▍         | 116/3000 [12:48 > 00:31]
SOAP:   4%|▍         | 117/3000 [12:48 > 00:31]
SOAP:   4%|▍         | 118/3000 [12:47 > 00:31]
SOAP:   4%|▍         | 119/3000 [12:46 > 00:31]
SOAP:   4%|▍         | 120/3000 [12:48 > 00:32]
SOAP:   4%|▍         | 121/3000 [12:48 > 00:32]
SOAP:   4%|▍         | 122/3000 [12:48 > 00:32]
SOAP:   4%|▍         | 123/3000 [12:47 > 00:33]
SOAP:   4%|▍         | 124/3000 [12:47 > 00:33]
SOAP:   4%|▍         | 125/3000 [12:46 > 00:33]
SOAP:   4%|▍         | 126/3000 [12:46 > 00:33]
SOAP:   4%|▍         | 127/3000 [12:45 > 00:34]
SOAP:   4%|▍         | 128/3000 [12:46 > 00:34]
SOAP:   4%|▍         | 129/3000 [12:45 > 00:34]
SOAP:   4%|▍         | 130/3000 [12:45 > 00:34]
SOAP:   4%|▍         | 131/3000 [12:43 > 00:35]
SOAP:   4%|▍         | 132/3000 [12:43 > 00:35]
SOAP:   4%|▍         | 133/3000 [12:42 > 00:35]
SOAP:   4%|▍         | 134/3000 [12:44 > 00:35]
SOAP:   4%|▍         | 135/3000 [12:43 > 00:36]
SOAP:   5%|▍         | 136/3000 [12:43 > 00:36]
SOAP:   5%|▍         | 137/3000 [12:43 > 00:36]
SOAP:   5%|▍         | 138/3000 [12:44 > 00:37]
SOAP:   5%|▍         | 139/3000 [12:45 > 00:37]
SOAP:   5%|▍         | 140/3000 [12:49 > 00:37]
SOAP:   5%|▍         | 141/3000 [12:46 > 00:37]
SOAP:   5%|▍         | 142/3000 [12:33 > 00:38]
SOAP:   5%|▍         | 143/3000 [12:47 > 00:38]
SOAP:   5%|▍         | 144/3000 [12:46 > 00:38]
SOAP:   5%|▍         | 145/3000 [12:44 > 00:38]
SOAP:   5%|▍         | 146/3000 [12:44 > 00:39]
SOAP:   5%|▍         | 147/3000 [12:42 > 00:39]
SOAP:   5%|▍         | 148/3000 [12:42 > 00:39]
SOAP:   5%|▍         | 149/3000 [12:40 > 00:39]
SOAP:   5%|▌         | 150/3000 [12:39 > 00:40]
SOAP:   5%|▌         | 151/3000 [12:39 > 00:40]
SOAP:   5%|▌         | 152/3000 [12:39 > 00:40]
SOAP:   5%|▌         | 153/3000 [12:39 > 00:41]
SOAP:   5%|▌         | 154/3000 [12:38 > 00:41]
SOAP:   5%|▌         | 155/3000 [12:38 > 00:41]
SOAP:   5%|▌         | 156/3000 [12:38 > 00:41]
SOAP:   5%|▌         | 157/3000 [12:38 > 00:42]
SOAP:   5%|▌         | 158/3000 [12:37 > 00:42]
SOAP:   5%|▌         | 159/3000 [12:37 > 00:42]
SOAP:   5%|▌         | 160/3000 [12:37 > 00:42]
SOAP:   5%|▌         | 161/3000 [12:37 > 00:43]
SOAP:   5%|▌         | 162/3000 [12:36 > 00:43]
SOAP:   5%|▌         | 163/3000 [12:36 > 00:43]
SOAP:   5%|▌         | 164/3000 [12:36 > 00:43]
SOAP:   6%|▌         | 165/3000 [12:37 > 00:44]
SOAP:   6%|▌         | 166/3000 [12:36 > 00:44]
SOAP:   6%|▌         | 167/3000 [12:37 > 00:44]
SOAP:   6%|▌         | 168/3000 [12:35 > 00:45]
SOAP:   6%|▌         | 169/3000 [12:36 > 00:45]
SOAP:   6%|▌         | 170/3000 [12:34 > 00:45]
SOAP:   6%|▌         | 171/3000 [12:35 > 00:45]
SOAP:   6%|▌         | 172/3000 [12:34 > 00:46]
SOAP:   6%|▌         | 173/3000 [12:35 > 00:46]
SOAP:   6%|▌         | 174/3000 [12:33 > 00:46]
SOAP:   6%|▌         | 175/3000 [12:34 > 00:46]
SOAP:   6%|▌         | 176/3000 [12:33 > 00:47]
SOAP:   6%|▌         | 177/3000 [12:33 > 00:47]
SOAP:   6%|▌         | 178/3000 [12:32 > 00:47]
SOAP:   6%|▌         | 179/3000 [12:32 > 00:47]
SOAP:   6%|▌         | 180/3000 [12:23 > 00:48]
SOAP:   6%|▌         | 181/3000 [12:35 > 00:48]
SOAP:   6%|▌         | 182/3000 [12:35 > 00:48]
SOAP:   6%|▌         | 183/3000 [12:32 > 00:49]
SOAP:   6%|▌         | 184/3000 [12:36 > 00:49]
SOAP:   6%|▌         | 185/3000 [12:34 > 00:49]
SOAP:   6%|▌         | 186/3000 [12:34 > 00:49]
SOAP:   6%|▌         | 187/3000 [12:31 > 00:50]
SOAP:   6%|▋         | 188/3000 [12:31 > 00:50]
SOAP:   6%|▋         | 189/3000 [12:30 > 00:50]
SOAP:   6%|▋         | 190/3000 [12:19 > 00:50]
SOAP:   6%|▋         | 191/3000 [12:33 > 00:51]
SOAP:   6%|▋         | 192/3000 [12:32 > 00:51]
SOAP:   6%|▋         | 193/3000 [12:30 > 00:51]
SOAP:   6%|▋         | 194/3000 [12:29 > 00:51]
SOAP:   6%|▋         | 195/3000 [12:29 > 00:52]
SOAP:   7%|▋         | 196/3000 [12:29 > 00:52]
SOAP:   7%|▋         | 197/3000 [12:28 > 00:52]
SOAP:   7%|▋         | 198/3000 [12:28 > 00:53]
SOAP:   7%|▋         | 199/3000 [12:27 > 00:53]
SOAP:   7%|▋         | 200/3000 [12:27 > 00:53]
SOAP:   7%|▋         | 201/3000 [12:41 > 00:53]
SOAP:   7%|▋         | 202/3000 [12:28 > 00:54]
SOAP:   7%|▋         | 203/3000 [12:27 > 00:54]
SOAP:   7%|▋         | 204/3000 [12:27 > 00:54]
SOAP:   7%|▋         | 205/3000 [12:27 > 00:54]
SOAP:   7%|▋         | 206/3000 [12:26 > 00:55]
SOAP:   7%|▋         | 207/3000 [12:25 > 00:55]
SOAP:   7%|▋         | 208/3000 [12:25 > 00:55]
SOAP:   7%|▋         | 209/3000 [12:25 > 00:56]
SOAP:   7%|▋         | 210/3000 [12:25 > 00:56]
SOAP:   7%|▋         | 211/3000 [12:24 > 00:56]
SOAP:   7%|▋         | 212/3000 [12:24 > 00:56]
SOAP:   7%|▋         | 213/3000 [12:23 > 00:57]
SOAP:   7%|▋         | 214/3000 [12:23 > 00:57]
SOAP:   7%|▋         | 215/3000 [12:17 > 00:57]
SOAP:   7%|▋         | 216/3000 [12:23 > 00:57]
SOAP:   7%|▋         | 217/3000 [12:24 > 00:58]
SOAP:   7%|▋         | 218/3000 [12:13 > 00:58]
SOAP:   7%|▋         | 219/3000 [12:26 > 00:58]
SOAP:   7%|▋         | 220/3000 [12:24 > 00:58]
SOAP:   7%|▋         | 221/3000 [12:24 > 00:59]
SOAP:   7%|▋         | 222/3000 [12:23 > 00:59]
SOAP:   7%|▋         | 223/3000 [12:22 > 00:59]
SOAP:   7%|▋         | 224/3000 [12:21 > 01:00]
SOAP:   8%|▊         | 225/3000 [12:21 > 01:00]
SOAP:   8%|▊         | 226/3000 [12:20 > 01:00]
SOAP:   8%|▊         | 227/3000 [12:21 > 01:00]
SOAP:   8%|▊         | 228/3000 [12:20 > 01:01]
SOAP:   8%|▊         | 229/3000 [12:20 > 01:01]
SOAP:   8%|▊         | 230/3000 [12:21 > 01:01]
SOAP:   8%|▊         | 231/3000 [12:25 > 01:01]
SOAP:   8%|▊         | 232/3000 [12:28 > 01:02]
SOAP:   8%|▊         | 233/3000 [12:32 > 01:02]
SOAP:   8%|▊         | 234/3000 [12:33 > 01:02]
SOAP:   8%|▊         | 235/3000 [12:34 > 01:02]
SOAP:   8%|▊         | 236/3000 [12:33 > 01:03]
SOAP:   8%|▊         | 237/3000 [12:34 > 01:03]
SOAP:   8%|▊         | 238/3000 [12:34 > 01:03]
SOAP:   8%|▊         | 239/3000 [12:35 > 01:04]
SOAP:   8%|▊         | 240/3000 [12:34 > 01:04]
SOAP:   8%|▊         | 241/3000 [12:35 > 01:04]
SOAP:   8%|▊         | 242/3000 [12:26 > 01:04]
SOAP:   8%|▊         | 243/3000 [12:33 > 01:05]
SOAP:   8%|▊         | 244/3000 [12:32 > 01:05]
SOAP:   8%|▊         | 245/3000 [12:33 > 01:05]
SOAP:   8%|▊         | 246/3000 [12:33 > 01:05]
SOAP:   8%|▊         | 247/3000 [12:32 > 01:06]
SOAP:   8%|▊         | 248/3000 [12:31 > 01:06]
SOAP:   8%|▊         | 249/3000 [12:31 > 01:06]
SOAP:   8%|▊         | 250/3000 [12:31 > 01:07]
SOAP:   8%|▊         | 251/3000 [12:32 > 01:07]
SOAP:   8%|▊         | 252/3000 [12:31 > 01:07]
SOAP:   8%|▊         | 253/3000 [12:33 > 01:07]
SOAP:   8%|▊         | 254/3000 [12:32 > 01:08]
SOAP:   8%|▊         | 255/3000 [12:18 > 01:08]
SOAP:   9%|▊         | 256/3000 [12:29 > 01:08]
SOAP:   9%|▊         | 257/3000 [12:29 > 01:08]
SOAP:   9%|▊         | 258/3000 [12:30 > 01:09]
SOAP:   9%|▊         | 259/3000 [12:29 > 01:09]
SOAP:   9%|▊         | 260/3000 [12:29 > 01:09]
SOAP:   9%|▊         | 261/3000 [12:29 > 01:10]
SOAP:   9%|▊         | 262/3000 [12:28 > 01:10]
SOAP:   9%|▉         | 263/3000 [12:29 > 01:10]
SOAP:   9%|▉         | 264/3000 [12:28 > 01:10]
SOAP:   9%|▉         | 265/3000 [12:28 > 01:11]
SOAP:   9%|▉         | 266/3000 [12:27 > 01:11]
SOAP:   9%|▉         | 267/3000 [12:29 > 01:11]
SOAP:   9%|▉         | 268/3000 [12:28 > 01:12]
SOAP:   9%|▉         | 269/3000 [12:27 > 01:12]
SOAP:   9%|▉         | 270/3000 [12:26 > 01:12]
SOAP:   9%|▉         | 271/3000 [12:27 > 01:12]
SOAP:   9%|▉         | 272/3000 [12:26 > 01:13]
SOAP:   9%|▉         | 273/3000 [12:26 > 01:13]
SOAP:   9%|▉         | 274/3000 [12:25 > 01:13]
SOAP:   9%|▉         | 275/3000 [12:26 > 01:13]
SOAP:   9%|▉         | 276/3000 [12:25 > 01:14]
SOAP:   9%|▉         | 277/3000 [12:26 > 01:14]
SOAP:   9%|▉         | 278/3000 [12:25 > 01:14]
SOAP:   9%|▉         | 279/3000 [12:25 > 01:15]
SOAP:   9%|▉         | 280/3000 [12:24 > 01:15]
SOAP:   9%|▉         | 281/3000 [12:24 > 01:15]
SOAP:   9%|▉         | 282/3000 [12:11 > 01:15]
SOAP:   9%|▉         | 283/3000 [12:24 > 01:16]
SOAP:   9%|▉         | 284/3000 [12:23 > 01:16]
SOAP:  10%|▉         | 285/3000 [12:23 > 01:16]
SOAP:  10%|▉         | 286/3000 [12:24 > 01:16]
SOAP:  10%|▉         | 287/3000 [12:26 > 01:17]
SOAP:  10%|▉         | 288/3000 [12:24 > 01:17]
SOAP:  10%|▉         | 289/3000 [12:25 > 01:17]
SOAP:  10%|▉         | 290/3000 [12:25 > 01:18]
SOAP:  10%|▉         | 291/3000 [12:25 > 01:18]
SOAP:  10%|▉         | 292/3000 [12:11 > 01:18]
SOAP:  10%|▉         | 293/3000 [12:24 > 01:18]
SOAP:  10%|▉         | 294/3000 [12:23 > 01:19]
SOAP:  10%|▉         | 295/3000 [12:22 > 01:19]
SOAP:  10%|▉         | 296/3000 [12:23 > 01:19]
SOAP:  10%|▉         | 297/3000 [12:24 > 01:19]
SOAP:  10%|▉         | 298/3000 [12:22 > 01:20]
SOAP:  10%|▉         | 299/3000 [12:22 > 01:20]
SOAP:  10%|█         | 300/3000 [12:22 > 01:20]
SOAP:  10%|█         | 301/3000 [12:29 > 01:21]
SOAP:  10%|█         | 302/3000 [12:27 > 01:21]
SOAP:  10%|█         | 303/3000 [12:26 > 01:21]
SOAP:  10%|█         | 304/3000 [12:24 > 01:21]
SOAP:  10%|█         | 305/3000 [12:24 > 01:22]
SOAP:  10%|█         | 306/3000 [12:22 > 01:22]
SOAP:  10%|█         | 307/3000 [12:21 > 01:22]
SOAP:  10%|█         | 308/3000 [12:21 > 01:22]
SOAP:  10%|█         | 309/3000 [12:21 > 01:23]
SOAP:  10%|█         | 310/3000 [12:20 > 01:23]
SOAP:  10%|█         | 311/3000 [12:19 > 01:23]
SOAP:  10%|█         | 312/3000 [12:19 > 01:24]
SOAP:  10%|█         | 313/3000 [12:20 > 01:24]
SOAP:  10%|█         | 314/3000 [12:18 > 01:24]
SOAP:  10%|█         | 315/3000 [12:18 > 01:24]
SOAP:  11%|█         | 316/3000 [12:18 > 01:25]
SOAP:  11%|█         | 317/3000 [12:19 > 01:25]
SOAP:  11%|█         | 318/3000 [12:17 > 01:25]
SOAP:  11%|█         | 319/3000 [12:18 > 01:26]
SOAP:  11%|█         | 320/3000 [12:17 > 01:26]
SOAP:  11%|█         | 321/3000 [12:17 > 01:26]
SOAP:  11%|█         | 322/3000 [12:17 > 01:26]
SOAP:  11%|█         | 323/3000 [12:17 > 01:27]
SOAP:  11%|█         | 324/3000 [12:17 > 01:27]
SOAP:  11%|█         | 325/3000 [12:16 > 01:27]
SOAP:  11%|█         | 326/3000 [12:16 > 01:27]
SOAP:  11%|█         | 327/3000 [12:16 > 01:28]
SOAP:  11%|█         | 328/3000 [12:16 > 01:28]
SOAP:  11%|█         | 329/3000 [12:14 > 01:28]
SOAP:  11%|█         | 330/3000 [12:14 > 01:29]
SOAP:  11%|█         | 331/3000 [12:15 > 01:29]
SOAP:  11%|█         | 332/3000 [12:13 > 01:29]
SOAP:  11%|█         | 333/3000 [12:14 > 01:29]
SOAP:  11%|█         | 334/3000 [12:05 > 01:30]
SOAP:  11%|█         | 335/3000 [12:11 > 01:30]
SOAP:  11%|█         | 336/3000 [12:11 > 01:30]
SOAP:  11%|█         | 337/3000 [12:13 > 01:30]
SOAP:  11%|█▏        | 338/3000 [12:11 > 01:31]
SOAP:  11%|█▏        | 339/3000 [12:11 > 01:31]
SOAP:  11%|█▏        | 340/3000 [12:11 > 01:31]
SOAP:  11%|█▏        | 341/3000 [12:12 > 01:32]
SOAP:  11%|█▏        | 342/3000 [12:11 > 01:32]
SOAP:  11%|█▏        | 343/3000 [12:11 > 01:32]
SOAP:  11%|█▏        | 344/3000 [12:11 > 01:32]
SOAP:  12%|█▏        | 345/3000 [12:10 > 01:33]
SOAP:  12%|█▏        | 346/3000 [12:09 > 01:33]
SOAP:  12%|█▏        | 347/3000 [12:09 > 01:33]
SOAP:  12%|█▏        | 348/3000 [12:10 > 01:33]
SOAP:  12%|█▏        | 349/3000 [12:09 > 01:34]
SOAP:  12%|█▏        | 350/3000 [12:08 > 01:34]
SOAP:  12%|█▏        | 351/3000 [12:08 > 01:34]
SOAP:  12%|█▏        | 352/3000 [12:08 > 01:35]
SOAP:  12%|█▏        | 353/3000 [12:07 > 01:35]
SOAP:  12%|█▏        | 354/3000 [12:07 > 01:35]
SOAP:  12%|█▏        | 355/3000 [12:07 > 01:35]
SOAP:  12%|█▏        | 356/3000 [12:07 > 01:36]
SOAP:  12%|█▏        | 357/3000 [12:06 > 01:36]
SOAP:  12%|█▏        | 358/3000 [12:06 > 01:36]
SOAP:  12%|█▏        | 359/3000 [12:05 > 01:37]
SOAP:  12%|█▏        | 360/3000 [12:00 > 01:37]
SOAP:  12%|█▏        | 361/3000 [12:01 > 01:37]
SOAP:  12%|█▏        | 362/3000 [12:02 > 01:37]
SOAP:  12%|█▏        | 363/3000 [12:03 > 01:38]
SOAP:  12%|█▏        | 364/3000 [12:03 > 01:38]
SOAP:  12%|█▏        | 365/3000 [12:03 > 01:38]
SOAP:  12%|█▏        | 366/3000 [11:53 > 01:38]
SOAP:  12%|█▏        | 367/3000 [12:02 > 01:39]
SOAP:  12%|█▏        | 368/3000 [12:01 > 01:39]
SOAP:  12%|█▏        | 369/3000 [12:02 > 01:39]
SOAP:  12%|█▏        | 370/3000 [12:03 > 01:40]
SOAP:  12%|█▏        | 371/3000 [12:02 > 01:40]
SOAP:  12%|█▏        | 372/3000 [12:01 > 01:40]
SOAP:  12%|█▏        | 373/3000 [12:02 > 01:40]
SOAP:  12%|█▏        | 374/3000 [12:02 > 01:41]
SOAP:  12%|█▎        | 375/3000 [12:01 > 01:41]
SOAP:  13%|█▎        | 376/3000 [12:00 > 01:41]
SOAP:  13%|█▎        | 377/3000 [12:01 > 01:41]
SOAP:  13%|█▎        | 378/3000 [12:01 > 01:42]
SOAP:  13%|█▎        | 379/3000 [12:00 > 01:42]
SOAP:  13%|█▎        | 380/3000 [12:00 > 01:42]
SOAP:  13%|█▎        | 381/3000 [12:00 > 01:43]
SOAP:  13%|█▎        | 382/3000 [12:00 > 01:43]
SOAP:  13%|█▎        | 383/3000 [11:59 > 01:43]
SOAP:  13%|█▎        | 384/3000 [11:59 > 01:43]
SOAP:  13%|█▎        | 385/3000 [12:00 > 01:44]
SOAP:  13%|█▎        | 386/3000 [11:59 > 01:44]
SOAP:  13%|█▎        | 387/3000 [11:58 > 01:44]
SOAP:  13%|█▎        | 388/3000 [11:58 > 01:44]
SOAP:  13%|█▎        | 389/3000 [11:59 > 01:45]
SOAP:  13%|█▎        | 390/3000 [11:58 > 01:45]
SOAP:  13%|█▎        | 391/3000 [11:59 > 01:45]
SOAP:  13%|█▎        | 392/3000 [11:59 > 01:46]
SOAP:  13%|█▎        | 393/3000 [11:57 > 01:46]
SOAP:  13%|█▎        | 394/3000 [11:57 > 01:46]
SOAP:  13%|█▎        | 395/3000 [11:58 > 01:46]
SOAP:  13%|█▎        | 396/3000 [11:57 > 01:47]
SOAP:  13%|█▎        | 397/3000 [11:56 > 01:47]
SOAP:  13%|█▎        | 398/3000 [11:56 > 01:47]
SOAP:  13%|█▎        | 399/3000 [11:56 > 01:48]
SOAP:  13%|█▎        | 400/3000 [11:55 > 01:48]
SOAP:  13%|█▎        | 401/3000 [12:00 > 01:48]
SOAP:  13%|█▎        | 402/3000 [11:48 > 01:48]
SOAP:  13%|█▎        | 403/3000 [11:57 > 01:49]
SOAP:  13%|█▎        | 404/3000 [11:56 > 01:49]
SOAP:  14%|█▎        | 405/3000 [11:55 > 01:49]
SOAP:  14%|█▎        | 406/3000 [11:55 > 01:49]
SOAP:  14%|█▎        | 407/3000 [11:54 > 01:50]
SOAP:  14%|█▎        | 408/3000 [11:54 > 01:50]
SOAP:  14%|█▎        | 409/3000 [11:54 > 01:50]
SOAP:  14%|█▎        | 410/3000 [11:53 > 01:51]
SOAP:  14%|█▎        | 411/3000 [11:53 > 01:51]
SOAP:  14%|█▎        | 412/3000 [11:50 > 01:51]
SOAP:  14%|█▍        | 413/3000 [11:49 > 01:51]
SOAP:  14%|█▍        | 414/3000 [11:49 > 01:52]
SOAP:  14%|█▍        | 415/3000 [11:49 > 01:52]
SOAP:  14%|█▍        | 416/3000 [11:50 > 01:52]
SOAP:  14%|█▍        | 417/3000 [11:50 > 01:52]
SOAP:  14%|█▍        | 418/3000 [11:50 > 01:53]
SOAP:  14%|█▍        | 419/3000 [11:50 > 01:53]
SOAP:  14%|█▍        | 420/3000 [11:50 > 01:53]
SOAP:  14%|█▍        | 421/3000 [11:49 > 01:54]
SOAP:  14%|█▍        | 422/3000 [11:50 > 01:54]
SOAP:  14%|█▍        | 423/3000 [11:49 > 01:54]
SOAP:  14%|█▍        | 424/3000 [11:48 > 01:54]
SOAP:  14%|█▍        | 425/3000 [11:48 > 01:55]
SOAP:  14%|█▍        | 426/3000 [11:49 > 01:55]
SOAP:  14%|█▍        | 427/3000 [11:54 > 01:55]
SOAP:  14%|█▍        | 428/3000 [11:45 > 01:55]
SOAP:  14%|█▍        | 429/3000 [11:42 > 01:56]
SOAP:  14%|█▍        | 430/3000 [11:42 > 01:56]
SOAP:  14%|█▍        | 431/3000 [11:44 > 01:56]
SOAP:  14%|█▍        | 432/3000 [11:45 > 01:57]
SOAP:  14%|█▍        | 433/3000 [11:44 > 01:57]
SOAP:  14%|█▍        | 434/3000 [11:45 > 01:57]
SOAP:  14%|█▍        | 435/3000 [11:46 > 01:57]
SOAP:  15%|█▍        | 436/3000 [11:45 > 01:58]
SOAP:  15%|█▍        | 437/3000 [11:44 > 01:58]
SOAP:  15%|█▍        | 438/3000 [11:45 > 01:58]
SOAP:  15%|█▍        | 439/3000 [11:32 > 01:58]
SOAP:  15%|█▍        | 440/3000 [11:42 > 01:59]
SOAP:  15%|█▍        | 441/3000 [11:38 > 01:59]
SOAP:  15%|█▍        | 442/3000 [11:41 > 01:59]
SOAP:  15%|█▍        | 443/3000 [11:41 > 02:00]
SOAP:  15%|█▍        | 444/3000 [11:42 > 02:00]
SOAP:  15%|█▍        | 445/3000 [11:41 > 02:00]
SOAP:  15%|█▍        | 446/3000 [11:41 > 02:00]
SOAP:  15%|█▍        | 447/3000 [11:42 > 02:01]
SOAP:  15%|█▍        | 448/3000 [11:42 > 02:01]
SOAP:  15%|█▍        | 449/3000 [11:42 > 02:01]
SOAP:  15%|█▌        | 450/3000 [11:41 > 02:02]
SOAP:  15%|█▌        | 451/3000 [11:41 > 02:02]
SOAP:  15%|█▌        | 452/3000 [11:42 > 02:02]
SOAP:  15%|█▌        | 453/3000 [11:41 > 02:02]
SOAP:  15%|█▌        | 454/3000 [11:41 > 02:03]
SOAP:  15%|█▌        | 455/3000 [11:41 > 02:03]
SOAP:  15%|█▌        | 456/3000 [11:40 > 02:03]
SOAP:  15%|█▌        | 457/3000 [11:39 > 02:03]
SOAP:  15%|█▌        | 458/3000 [11:40 > 02:04]
SOAP:  15%|█▌        | 459/3000 [11:39 > 02:04]
SOAP:  15%|█▌        | 460/3000 [11:38 > 02:04]
SOAP:  15%|█▌        | 461/3000 [11:38 > 02:05]
SOAP:  15%|█▌        | 462/3000 [11:39 > 02:05]
SOAP:  15%|█▌        | 463/3000 [11:38 > 02:05]
SOAP:  15%|█▌        | 464/3000 [11:39 > 02:05]
SOAP:  16%|█▌        | 465/3000 [11:38 > 02:06]
SOAP:  16%|█▌        | 466/3000 [11:37 > 02:06]
SOAP:  16%|█▌        | 467/3000 [11:36 > 02:06]
SOAP:  16%|█▌        | 468/3000 [11:37 > 02:06]
SOAP:  16%|█▌        | 469/3000 [11:36 > 02:07]
SOAP:  16%|█▌        | 470/3000 [11:36 > 02:07]
SOAP:  16%|█▌        | 471/3000 [11:35 > 02:07]
SOAP:  16%|█▌        | 472/3000 [11:35 > 02:08]
SOAP:  16%|█▌        | 473/3000 [11:34 > 02:08]
SOAP:  16%|█▌        | 474/3000 [11:35 > 02:08]
SOAP:  16%|█▌        | 475/3000 [11:35 > 02:08]
SOAP:  16%|█▌        | 476/3000 [11:22 > 02:09]
SOAP:  16%|█▌        | 477/3000 [11:33 > 02:09]
SOAP:  16%|█▌        | 478/3000 [11:33 > 02:09]
SOAP:  16%|█▌        | 479/3000 [11:32 > 02:10]
SOAP:  16%|█▌        | 480/3000 [11:33 > 02:10]
SOAP:  16%|█▌        | 481/3000 [11:33 > 02:10]
SOAP:  16%|█▌        | 482/3000 [11:32 > 02:10]
SOAP:  16%|█▌        | 483/3000 [11:32 > 02:11]
SOAP:  16%|█▌        | 484/3000 [11:32 > 02:11]
SOAP:  16%|█▌        | 485/3000 [11:31 > 02:11]
SOAP:  16%|█▌        | 486/3000 [11:32 > 02:11]
SOAP:  16%|█▌        | 487/3000 [11:32 > 02:12]
SOAP:  16%|█▋        | 488/3000 [11:31 > 02:12]
SOAP:  16%|█▋        | 489/3000 [11:30 > 02:12]
SOAP:  16%|█▋        | 490/3000 [11:31 > 02:13]
SOAP:  16%|█▋        | 491/3000 [11:30 > 02:13]
SOAP:  16%|█▋        | 492/3000 [11:29 > 02:13]
SOAP:  16%|█▋        | 493/3000 [11:29 > 02:13]
SOAP:  16%|█▋        | 494/3000 [11:30 > 02:14]
SOAP:  16%|█▋        | 495/3000 [11:28 > 02:14]
SOAP:  17%|█▋        | 496/3000 [11:28 > 02:14]
SOAP:  17%|█▋        | 497/3000 [11:29 > 02:14]
SOAP:  17%|█▋        | 498/3000 [11:29 > 02:15]
SOAP:  17%|█▋        | 499/3000 [11:28 > 02:15]
SOAP:  17%|█▋        | 500/3000 [11:26 > 02:15]
SOAP:  17%|█▋        | 501/3000 [11:34 > 02:16]
SOAP:  17%|█▋        | 502/3000 [11:21 > 02:16]
SOAP:  17%|█▋        | 503/3000 [11:18 > 02:16]
SOAP:  17%|█▋        | 504/3000 [11:16 > 02:16]
SOAP:  17%|█▋        | 505/3000 [11:13 > 02:17]
SOAP:  17%|█▋        | 506/3000 [11:12 > 02:17]
SOAP:  17%|█▋        | 507/3000 [11:11 > 02:17]
SOAP:  17%|█▋        | 508/3000 [11:10 > 02:17]
SOAP:  17%|█▋        | 509/3000 [11:10 > 02:18]
SOAP:  17%|█▋        | 510/3000 [11:10 > 02:18]
SOAP:  17%|█▋        | 511/3000 [11:08 > 02:18]
SOAP:  17%|█▋        | 512/3000 [11:09 > 02:19]
SOAP:  17%|█▋        | 513/3000 [10:57 > 02:19]
SOAP:  17%|█▋        | 514/3000 [11:11 > 02:19]
SOAP:  17%|█▋        | 515/3000 [11:10 > 02:19]
SOAP:  17%|█▋        | 516/3000 [11:09 > 02:20]
SOAP:  17%|█▋        | 517/3000 [11:08 > 02:20]
SOAP:  17%|█▋        | 518/3000 [11:09 > 02:20]
SOAP:  17%|█▋        | 519/3000 [11:07 > 02:20]
SOAP:  17%|█▋        | 520/3000 [11:07 > 02:21]
SOAP:  17%|█▋        | 521/3000 [11:06 > 02:21]
SOAP:  17%|█▋        | 522/3000 [11:06 > 02:21]
SOAP:  17%|█▋        | 523/3000 [11:05 > 02:21]
SOAP:  17%|█▋        | 524/3000 [11:05 > 02:22]
SOAP:  18%|█▊        | 525/3000 [11:05 > 02:22]
SOAP:  18%|█▊        | 526/3000 [11:04 > 02:22]
SOAP:  18%|█▊        | 527/3000 [11:05 > 02:23]
SOAP:  18%|█▊        | 528/3000 [11:04 > 02:23]
SOAP:  18%|█▊        | 529/3000 [11:03 > 02:23]
SOAP:  18%|█▊        | 530/3000 [11:04 > 02:23]
SOAP:  18%|█▊        | 531/3000 [11:03 > 02:24]
SOAP:  18%|█▊        | 532/3000 [11:03 > 02:24]
SOAP:  18%|█▊        | 533/3000 [11:02 > 02:24]
SOAP:  18%|█▊        | 534/3000 [11:02 > 02:24]
SOAP:  18%|█▊        | 535/3000 [11:02 > 02:25]
SOAP:  18%|█▊        | 536/3000 [11:02 > 02:25]
SOAP:  18%|█▊        | 537/3000 [11:00 > 02:25]
SOAP:  18%|█▊        | 538/3000 [11:00 > 02:26]
SOAP:  18%|█▊        | 539/3000 [11:01 > 02:26]
SOAP:  18%|█▊        | 540/3000 [11:00 > 02:26]
SOAP:  18%|█▊        | 541/3000 [10:59 > 02:26]
SOAP:  18%|█▊        | 542/3000 [10:59 > 02:27]
SOAP:  18%|█▊        | 543/3000 [11:00 > 02:27]
SOAP:  18%|█▊        | 544/3000 [10:59 > 02:27]
SOAP:  18%|█▊        | 545/3000 [10:59 > 02:27]
SOAP:  18%|█▊        | 546/3000 [10:58 > 02:28]
SOAP:  18%|█▊        | 547/3000 [10:58 > 02:28]
SOAP:  18%|█▊        | 548/3000 [10:58 > 02:28]
SOAP:  18%|█▊        | 549/3000 [10:58 > 02:28]
SOAP:  18%|█▊        | 550/3000 [10:58 > 02:29]
SOAP:  18%|█▊        | 551/3000 [10:51 > 02:29]
SOAP:  18%|█▊        | 552/3000 [11:00 > 02:29]
SOAP:  18%|█▊        | 553/3000 [11:00 > 02:30]
SOAP:  18%|█▊        | 554/3000 [10:58 > 02:30]
SOAP:  18%|█▊        | 555/3000 [10:58 > 02:30]
SOAP:  19%|█▊        | 556/3000 [10:57 > 02:30]
SOAP:  19%|█▊        | 557/3000 [10:57 > 02:31]
SOAP:  19%|█▊        | 558/3000 [10:56 > 02:31]
SOAP:  19%|█▊        | 559/3000 [10:56 > 02:31]
SOAP:  19%|█▊        | 560/3000 [10:56 > 02:31]
SOAP:  19%|█▊        | 561/3000 [10:56 > 02:32]
SOAP:  19%|█▊        | 562/3000 [10:55 > 02:32]
SOAP:  19%|█▉        | 563/3000 [10:55 > 02:32]
SOAP:  19%|█▉        | 564/3000 [10:54 > 02:32]
SOAP:  19%|█▉        | 565/3000 [10:54 > 02:33]
SOAP:  19%|█▉        | 566/3000 [10:53 > 02:33]
SOAP:  19%|█▉        | 567/3000 [10:54 > 02:33]
SOAP:  19%|█▉        | 568/3000 [10:54 > 02:34]
SOAP:  19%|█▉        | 569/3000 [10:54 > 02:34]
SOAP:  19%|█▉        | 570/3000 [10:52 > 02:34]
SOAP:  19%|█▉        | 571/3000 [10:52 > 02:34]
SOAP:  19%|█▉        | 572/3000 [10:51 > 02:35]
SOAP:  19%|█▉        | 573/3000 [10:52 > 02:35]
SOAP:  19%|█▉        | 574/3000 [10:52 > 02:35]
SOAP:  19%|█▉        | 575/3000 [10:53 > 02:35]
SOAP:  19%|█▉        | 576/3000 [10:52 > 02:36]
SOAP:  19%|█▉        | 577/3000 [10:53 > 02:36]
SOAP:  19%|█▉        | 578/3000 [10:50 > 02:36]
SOAP:  19%|█▉        | 579/3000 [10:51 > 02:37]
SOAP:  19%|█▉        | 580/3000 [10:50 > 02:37]
SOAP:  19%|█▉        | 581/3000 [10:50 > 02:37]
SOAP:  19%|█▉        | 582/3000 [10:50 > 02:37]
SOAP:  19%|█▉        | 583/3000 [10:49 > 02:38]
SOAP:  19%|█▉        | 584/3000 [10:49 > 02:38]
SOAP:  20%|█▉        | 585/3000 [10:48 > 02:38]
SOAP:  20%|█▉        | 586/3000 [10:49 > 02:38]
SOAP:  20%|█▉        | 587/3000 [10:48 > 02:39]
SOAP:  20%|█▉        | 588/3000 [10:39 > 02:39]
SOAP:  20%|█▉        | 589/3000 [10:52 > 02:39]
SOAP:  20%|█▉        | 590/3000 [10:54 > 02:39]
SOAP:  20%|█▉        | 591/3000 [10:53 > 02:40]
SOAP:  20%|█▉        | 592/3000 [10:55 > 02:40]
SOAP:  20%|█▉        | 593/3000 [10:53 > 02:40]
SOAP:  20%|█▉        | 594/3000 [10:50 > 02:41]
SOAP:  20%|█▉        | 595/3000 [10:49 > 02:41]
SOAP:  20%|█▉        | 596/3000 [10:47 > 02:41]
SOAP:  20%|█▉        | 597/3000 [10:46 > 02:41]
SOAP:  20%|█▉        | 598/3000 [10:47 > 02:42]
SOAP:  20%|█▉        | 599/3000 [10:45 > 02:42]
SOAP:  20%|██        | 600/3000 [10:45 > 02:42]
SOAP:  20%|██        | 601/3000 [10:57 > 02:42]
SOAP:  20%|██        | 602/3000 [10:46 > 02:43]
SOAP:  20%|██        | 603/3000 [10:45 > 02:43]
SOAP:  20%|██        | 604/3000 [10:44 > 02:43]
SOAP:  20%|██        | 605/3000 [10:35 > 02:44]
SOAP:  20%|██        | 606/3000 [10:47 > 02:44]
SOAP:  20%|██        | 607/3000 [10:45 > 02:44]
SOAP:  20%|██        | 608/3000 [10:45 > 02:44]
SOAP:  20%|██        | 609/3000 [10:43 > 02:45]
SOAP:  20%|██        | 610/3000 [10:43 > 02:45]
SOAP:  20%|██        | 611/3000 [10:42 > 02:45]
SOAP:  20%|██        | 612/3000 [10:42 > 02:45]
SOAP:  20%|██        | 613/3000 [10:42 > 02:46]
SOAP:  20%|██        | 614/3000 [10:41 > 02:46]
SOAP:  20%|██        | 615/3000 [10:41 > 02:46]
SOAP:  21%|██        | 616/3000 [10:42 > 02:47]
SOAP:  21%|██        | 617/3000 [10:41 > 02:47]
SOAP:  21%|██        | 618/3000 [10:41 > 02:47]
SOAP:  21%|██        | 619/3000 [10:40 > 02:47]
SOAP:  21%|██        | 620/3000 [10:40 > 02:48]
SOAP:  21%|██        | 621/3000 [10:40 > 02:48]
SOAP:  21%|██        | 622/3000 [10:40 > 02:48]
SOAP:  21%|██        | 623/3000 [10:39 > 02:48]
SOAP:  21%|██        | 624/3000 [10:40 > 02:49]
SOAP:  21%|██        | 625/3000 [10:42 > 02:49]
SOAP:  21%|██        | 626/3000 [10:40 > 02:49]
SOAP:  21%|██        | 627/3000 [10:40 > 02:49]
SOAP:  21%|██        | 628/3000 [10:39 > 02:50]
SOAP:  21%|██        | 629/3000 [10:38 > 02:50]
SOAP:  21%|██        | 630/3000 [10:37 > 02:50]
SOAP:  21%|██        | 631/3000 [10:36 > 02:51]
SOAP:  21%|██        | 632/3000 [10:37 > 02:51]
SOAP:  21%|██        | 633/3000 [10:37 > 02:51]
SOAP:  21%|██        | 634/3000 [10:37 > 02:51]
SOAP:  21%|██        | 635/3000 [10:37 > 02:52]
SOAP:  21%|██        | 636/3000 [10:36 > 02:52]
SOAP:  21%|██        | 637/3000 [10:36 > 02:52]
SOAP:  21%|██▏       | 638/3000 [10:36 > 02:52]
SOAP:  21%|██▏       | 639/3000 [10:37 > 02:53]
SOAP:  21%|██▏       | 640/3000 [10:35 > 02:53]
SOAP:  21%|██▏       | 641/3000 [10:34 > 02:53]
SOAP:  21%|██▏       | 642/3000 [10:34 > 02:54]
SOAP:  21%|██▏       | 643/3000 [10:33 > 02:54]
SOAP:  21%|██▏       | 644/3000 [10:33 > 02:54]
SOAP:  22%|██▏       | 645/3000 [10:33 > 02:54]
SOAP:  22%|██▏       | 646/3000 [10:32 > 02:55]
SOAP:  22%|██▏       | 647/3000 [10:32 > 02:55]
SOAP:  22%|██▏       | 648/3000 [10:31 > 02:55]
SOAP:  22%|██▏       | 649/3000 [10:32 > 02:55]
SOAP:  22%|██▏       | 650/3000 [10:31 > 02:56]
SOAP:  22%|██▏       | 651/3000 [10:31 > 02:56]
SOAP:  22%|██▏       | 652/3000 [10:30 > 02:56]
SOAP:  22%|██▏       | 653/3000 [10:30 > 02:56]
SOAP:  22%|██▏       | 654/3000 [10:29 > 02:57]
SOAP:  22%|██▏       | 655/3000 [10:31 > 02:57]
SOAP:  22%|██▏       | 656/3000 [10:30 > 02:57]
SOAP:  22%|██▏       | 657/3000 [10:30 > 02:58]
SOAP:  22%|██▏       | 658/3000 [10:29 > 02:58]
SOAP:  22%|██▏       | 659/3000 [10:29 > 02:58]
SOAP:  22%|██▏       | 660/3000 [10:28 > 02:58]
SOAP:  22%|██▏       | 661/3000 [10:28 > 02:59]
SOAP:  22%|██▏       | 662/3000 [10:27 > 02:59]
SOAP:  22%|██▏       | 663/3000 [10:28 > 02:59]
SOAP:  22%|██▏       | 664/3000 [10:29 > 02:59]
SOAP:  22%|██▏       | 665/3000 [10:32 > 03:00]
SOAP:  22%|██▏       | 666/3000 [10:30 > 03:00]
SOAP:  22%|██▏       | 667/3000 [10:29 > 03:00]
SOAP:  22%|██▏       | 668/3000 [10:28 > 03:01]
SOAP:  22%|██▏       | 669/3000 [10:28 > 03:01]
SOAP:  22%|██▏       | 670/3000 [10:27 > 03:01]
SOAP:  22%|██▏       | 671/3000 [10:28 > 03:01]
SOAP:  22%|██▏       | 672/3000 [10:26 > 03:02]
SOAP:  22%|██▏       | 673/3000 [10:25 > 03:02]
SOAP:  22%|██▏       | 674/3000 [10:25 > 03:02]
SOAP:  22%|██▎       | 675/3000 [10:24 > 03:02]
SOAP:  23%|██▎       | 676/3000 [10:24 > 03:03]
SOAP:  23%|██▎       | 677/3000 [10:24 > 03:03]
SOAP:  23%|██▎       | 678/3000 [10:24 > 03:03]
SOAP:  23%|██▎       | 679/3000 [10:24 > 03:03]
SOAP:  23%|██▎       | 680/3000 [10:24 > 03:04]
SOAP:  23%|██▎       | 681/3000 [10:23 > 03:04]
SOAP:  23%|██▎       | 682/3000 [10:23 > 03:04]
SOAP:  23%|██▎       | 683/3000 [10:23 > 03:05]
SOAP:  23%|██▎       | 684/3000 [10:22 > 03:05]
SOAP:  23%|██▎       | 685/3000 [10:22 > 03:05]
SOAP:  23%|██▎       | 686/3000 [10:23 > 03:05]
SOAP:  23%|██▎       | 687/3000 [10:22 > 03:06]
SOAP:  23%|██▎       | 688/3000 [10:22 > 03:06]
SOAP:  23%|██▎       | 689/3000 [10:21 > 03:06]
SOAP:  23%|██▎       | 690/3000 [10:22 > 03:06]
SOAP:  23%|██▎       | 691/3000 [10:21 > 03:07]
SOAP:  23%|██▎       | 692/3000 [10:21 > 03:07]
SOAP:  23%|██▎       | 693/3000 [10:20 > 03:07]
SOAP:  23%|██▎       | 694/3000 [10:21 > 03:07]
SOAP:  23%|██▎       | 695/3000 [10:23 > 03:08]
SOAP:  23%|██▎       | 696/3000 [10:22 > 03:08]
SOAP:  23%|██▎       | 697/3000 [10:20 > 03:08]
SOAP:  23%|██▎       | 698/3000 [10:20 > 03:09]
SOAP:  23%|██▎       | 699/3000 [10:19 > 03:09]
SOAP:  23%|██▎       | 700/3000 [10:19 > 03:09]
SOAP:  23%|██▎       | 701/3000 [10:18 > 03:09]
SOAP:  23%|██▎       | 702/3000 [10:24 > 03:10]
SOAP:  23%|██▎       | 703/3000 [10:22 > 03:10]
SOAP:  23%|██▎       | 704/3000 [10:21 > 03:10]
SOAP:  24%|██▎       | 705/3000 [10:19 > 03:10]
SOAP:  24%|██▎       | 706/3000 [10:18 > 03:11]
SOAP:  24%|██▎       | 707/3000 [10:17 > 03:11]
SOAP:  24%|██▎       | 708/3000 [10:17 > 03:11]
SOAP:  24%|██▎       | 709/3000 [10:16 > 03:12]
SOAP:  24%|██▎       | 710/3000 [10:16 > 03:12]
SOAP:  24%|██▎       | 711/3000 [10:15 > 03:12]
SOAP:  24%|██▎       | 712/3000 [10:16 > 03:12]
SOAP:  24%|██▍       | 713/3000 [10:15 > 03:13]
SOAP:  24%|██▍       | 714/3000 [10:15 > 03:13]
SOAP:  24%|██▍       | 715/3000 [10:14 > 03:13]
SOAP:  24%|██▍       | 716/3000 [10:14 > 03:13]
SOAP:  24%|██▍       | 717/3000 [10:13 > 03:14]
SOAP:  24%|██▍       | 718/3000 [10:13 > 03:14]
SOAP:  24%|██▍       | 719/3000 [10:13 > 03:14]
SOAP:  24%|██▍       | 720/3000 [10:13 > 03:15]
SOAP:  24%|██▍       | 721/3000 [10:13 > 03:15]
SOAP:  24%|██▍       | 722/3000 [10:12 > 03:15]
SOAP:  24%|██▍       | 723/3000 [10:12 > 03:15]
SOAP:  24%|██▍       | 724/3000 [10:12 > 03:16]
SOAP:  24%|██▍       | 725/3000 [10:12 > 03:16]
SOAP:  24%|██▍       | 726/3000 [10:11 > 03:16]
SOAP:  24%|██▍       | 727/3000 [10:11 > 03:16]
SOAP:  24%|██▍       | 728/3000 [10:11 > 03:17]
SOAP:  24%|██▍       | 729/3000 [10:10 > 03:17]
SOAP:  24%|██▍       | 730/3000 [10:10 > 03:17]
SOAP:  24%|██▍       | 731/3000 [10:10 > 03:17]
SOAP:  24%|██▍       | 732/3000 [10:10 > 03:18]
SOAP:  24%|██▍       | 733/3000 [10:09 > 03:18]
SOAP:  24%|██▍       | 734/3000 [10:09 > 03:18]
SOAP:  24%|██▍       | 735/3000 [10:09 > 03:19]
SOAP:  25%|██▍       | 736/3000 [10:09 > 03:19]
SOAP:  25%|██▍       | 737/3000 [10:08 > 03:19]
SOAP:  25%|██▍       | 738/3000 [10:08 > 03:19]
SOAP:  25%|██▍       | 739/3000 [10:08 > 03:20]
SOAP:  25%|██▍       | 740/3000 [10:07 > 03:20]
SOAP:  25%|██▍       | 741/3000 [09:58 > 03:20]
SOAP:  25%|██▍       | 742/3000 [10:10 > 03:20]
SOAP:  25%|██▍       | 743/3000 [10:09 > 03:21]
SOAP:  25%|██▍       | 744/3000 [10:07 > 03:21]
SOAP:  25%|██▍       | 745/3000 [10:06 > 03:21]
SOAP:  25%|██▍       | 746/3000 [10:06 > 03:21]
SOAP:  25%|██▍       | 747/3000 [10:06 > 03:22]
SOAP:  25%|██▍       | 748/3000 [10:05 > 03:22]
SOAP:  25%|██▍       | 749/3000 [10:05 > 03:22]
SOAP:  25%|██▌       | 750/3000 [10:04 > 03:23]
SOAP:  25%|██▌       | 751/3000 [10:05 > 03:23]
SOAP:  25%|██▌       | 752/3000 [10:04 > 03:23]
SOAP:  25%|██▌       | 753/3000 [10:04 > 03:23]
SOAP:  25%|██▌       | 754/3000 [10:04 > 03:24]
SOAP:  25%|██▌       | 755/3000 [10:03 > 03:24]
SOAP:  25%|██▌       | 756/3000 [10:02 > 03:24]
SOAP:  25%|██▌       | 757/3000 [10:03 > 03:24]
SOAP:  25%|██▌       | 758/3000 [10:02 > 03:25]
SOAP:  25%|██▌       | 759/3000 [10:02 > 03:25]
SOAP:  25%|██▌       | 760/3000 [10:01 > 03:25]
SOAP:  25%|██▌       | 761/3000 [10:02 > 03:26]
SOAP:  25%|██▌       | 762/3000 [10:01 > 03:26]
SOAP:  25%|██▌       | 763/3000 [10:01 > 03:26]
SOAP:  25%|██▌       | 764/3000 [10:00 > 03:26]
SOAP:  26%|██▌       | 765/3000 [10:01 > 03:27]
SOAP:  26%|██▌       | 766/3000 [09:59 > 03:27]
SOAP:  26%|██▌       | 767/3000 [09:59 > 03:27]
SOAP:  26%|██▌       | 768/3000 [09:58 > 03:27]
SOAP:  26%|██▌       | 769/3000 [09:59 > 03:28]
SOAP:  26%|██▌       | 770/3000 [09:58 > 03:28]
SOAP:  26%|██▌       | 771/3000 [09:58 > 03:28]
SOAP:  26%|██▌       | 772/3000 [09:58 > 03:28]
SOAP:  26%|██▌       | 773/3000 [09:58 > 03:29]
SOAP:  26%|██▌       | 774/3000 [09:59 > 03:29]
SOAP:  26%|██▌       | 775/3000 [09:58 > 03:29]
SOAP:  26%|██▌       | 776/3000 [09:49 > 03:30]
SOAP:  26%|██▌       | 777/3000 [10:00 > 03:30]
SOAP:  26%|██▌       | 778/3000 [09:59 > 03:30]
SOAP:  26%|██▌       | 779/3000 [09:58 > 03:30]
SOAP:  26%|██▌       | 780/3000 [09:58 > 03:31]
SOAP:  26%|██▌       | 781/3000 [09:57 > 03:31]
SOAP:  26%|██▌       | 782/3000 [09:56 > 03:31]
SOAP:  26%|██▌       | 783/3000 [09:56 > 03:31]
SOAP:  26%|██▌       | 784/3000 [09:57 > 03:32]
SOAP:  26%|██▌       | 785/3000 [09:55 > 03:32]
SOAP:  26%|██▌       | 786/3000 [09:55 > 03:32]
SOAP:  26%|██▌       | 787/3000 [09:55 > 03:33]
SOAP:  26%|██▋       | 788/3000 [09:55 > 03:33]
SOAP:  26%|██▋       | 789/3000 [09:55 > 03:33]
SOAP:  26%|██▋       | 790/3000 [09:54 > 03:33]
SOAP:  26%|██▋       | 791/3000 [09:53 > 03:34]
SOAP:  26%|██▋       | 792/3000 [09:54 > 03:34]
SOAP:  26%|██▋       | 793/3000 [09:53 > 03:34]
SOAP:  26%|██▋       | 794/3000 [09:53 > 03:34]
SOAP:  26%|██▋       | 795/3000 [09:53 > 03:35]
SOAP:  27%|██▋       | 796/3000 [09:53 > 03:35]
SOAP:  27%|██▋       | 797/3000 [09:52 > 03:35]
SOAP:  27%|██▋       | 798/3000 [09:52 > 03:35]
SOAP:  27%|██▋       | 799/3000 [09:51 > 03:36]
SOAP:  27%|██▋       | 800/3000 [09:51 > 03:36]
SOAP:  27%|██▋       | 801/3000 [10:01 > 03:36]
SOAP:  27%|██▋       | 802/3000 [09:53 > 03:37]
SOAP:  27%|██▋       | 803/3000 [09:52 > 03:37]
SOAP:  27%|██▋       | 804/3000 [09:51 > 03:37]
SOAP:  27%|██▋       | 805/3000 [09:51 > 03:37]
SOAP:  27%|██▋       | 806/3000 [09:51 > 03:38]
SOAP:  27%|██▋       | 807/3000 [09:50 > 03:38]
SOAP:  27%|██▋       | 808/3000 [09:50 > 03:38]
SOAP:  27%|██▋       | 809/3000 [09:49 > 03:38]
SOAP:  27%|██▋       | 810/3000 [09:49 > 03:39]
SOAP:  27%|██▋       | 811/3000 [09:48 > 03:39]
SOAP:  27%|██▋       | 812/3000 [09:48 > 03:39]
SOAP:  27%|██▋       | 813/3000 [09:47 > 03:40]
SOAP:  27%|██▋       | 814/3000 [09:42 > 03:40]
SOAP:  27%|██▋       | 815/3000 [09:49 > 03:40]
SOAP:  27%|██▋       | 816/3000 [09:47 > 03:40]
SOAP:  27%|██▋       | 817/3000 [09:47 > 03:41]
SOAP:  27%|██▋       | 818/3000 [09:47 > 03:41]
SOAP:  27%|██▋       | 819/3000 [09:46 > 03:41]
SOAP:  27%|██▋       | 820/3000 [09:46 > 03:41]
SOAP:  27%|██▋       | 821/3000 [09:45 > 03:42]
SOAP:  27%|██▋       | 822/3000 [09:45 > 03:42]
SOAP:  27%|██▋       | 823/3000 [09:45 > 03:42]
SOAP:  27%|██▋       | 824/3000 [09:44 > 03:42]
SOAP:  28%|██▊       | 825/3000 [09:44 > 03:43]
SOAP:  28%|██▊       | 826/3000 [09:44 > 03:43]
SOAP:  28%|██▊       | 827/3000 [09:44 > 03:43]
SOAP:  28%|██▊       | 828/3000 [09:35 > 03:44]
SOAP:  28%|██▊       | 829/3000 [09:47 > 03:44]
SOAP:  28%|██▊       | 830/3000 [09:45 > 03:44]
SOAP:  28%|██▊       | 831/3000 [09:45 > 03:44]
SOAP:  28%|██▊       | 832/3000 [09:43 > 03:45]
SOAP:  28%|██▊       | 833/3000 [09:43 > 03:45]
SOAP:  28%|██▊       | 834/3000 [09:42 > 03:45]
SOAP:  28%|██▊       | 835/3000 [09:42 > 03:45]
SOAP:  28%|██▊       | 836/3000 [09:42 > 03:46]
SOAP:  28%|██▊       | 837/3000 [09:42 > 03:46]
SOAP:  28%|██▊       | 838/3000 [09:41 > 03:46]
SOAP:  28%|██▊       | 839/3000 [09:40 > 03:47]
SOAP:  28%|██▊       | 840/3000 [09:40 > 03:47]
SOAP:  28%|██▊       | 841/3000 [09:40 > 03:47]
SOAP:  28%|██▊       | 842/3000 [09:40 > 03:47]
SOAP:  28%|██▊       | 843/3000 [09:39 > 03:48]
SOAP:  28%|██▊       | 844/3000 [09:39 > 03:48]
SOAP:  28%|██▊       | 845/3000 [09:39 > 03:48]
SOAP:  28%|██▊       | 846/3000 [09:38 > 03:48]
SOAP:  28%|██▊       | 847/3000 [09:39 > 03:49]
SOAP:  28%|██▊       | 848/3000 [09:38 > 03:49]
SOAP:  28%|██▊       | 849/3000 [09:38 > 03:49]
SOAP:  28%|██▊       | 850/3000 [09:37 > 03:49]
SOAP:  28%|██▊       | 851/3000 [09:29 > 03:50]
SOAP:  28%|██▊       | 852/3000 [09:40 > 03:50]
SOAP:  28%|██▊       | 853/3000 [09:40 > 03:50]
SOAP:  28%|██▊       | 854/3000 [09:38 > 03:51]
SOAP:  28%|██▊       | 855/3000 [09:37 > 03:51]
SOAP:  29%|██▊       | 856/3000 [09:37 > 03:51]
SOAP:  29%|██▊       | 857/3000 [09:36 > 03:51]
SOAP:  29%|██▊       | 858/3000 [09:36 > 03:52]
SOAP:  29%|██▊       | 859/3000 [09:35 > 03:52]
SOAP:  29%|██▊       | 860/3000 [09:36 > 03:52]
SOAP:  29%|██▊       | 861/3000 [09:34 > 03:52]
SOAP:  29%|██▊       | 862/3000 [09:35 > 03:53]
SOAP:  29%|██▉       | 863/3000 [09:34 > 03:53]
SOAP:  29%|██▉       | 864/3000 [09:34 > 03:53]
SOAP:  29%|██▉       | 865/3000 [09:34 > 03:54]
SOAP:  29%|██▉       | 866/3000 [09:34 > 03:54]
SOAP:  29%|██▉       | 867/3000 [09:33 > 03:54]
SOAP:  29%|██▉       | 868/3000 [09:33 > 03:54]
SOAP:  29%|██▉       | 869/3000 [09:33 > 03:55]
SOAP:  29%|██▉       | 870/3000 [09:32 > 03:55]
SOAP:  29%|██▉       | 871/3000 [09:32 > 03:55]
SOAP:  29%|██▉       | 872/3000 [09:24 > 03:55]
SOAP:  29%|██▉       | 873/3000 [09:35 > 03:56]
SOAP:  29%|██▉       | 874/3000 [09:29 > 03:56]
SOAP:  29%|██▉       | 875/3000 [09:35 > 03:56]
SOAP:  29%|██▉       | 876/3000 [09:33 > 03:56]
SOAP:  29%|██▉       | 877/3000 [09:32 > 03:57]
SOAP:  29%|██▉       | 878/3000 [09:32 > 03:57]
SOAP:  29%|██▉       | 879/3000 [09:31 > 03:57]
SOAP:  29%|██▉       | 880/3000 [09:31 > 03:58]
SOAP:  29%|██▉       | 881/3000 [09:30 > 03:58]
SOAP:  29%|██▉       | 882/3000 [09:30 > 03:58]
SOAP:  29%|██▉       | 883/3000 [09:29 > 03:58]
SOAP:  29%|██▉       | 884/3000 [09:29 > 03:59]
SOAP:  30%|██▉       | 885/3000 [09:28 > 03:59]
SOAP:  30%|██▉       | 886/3000 [09:28 > 03:59]
SOAP:  30%|██▉       | 887/3000 [09:28 > 03:59]
SOAP:  30%|██▉       | 888/3000 [09:28 > 04:00]
SOAP:  30%|██▉       | 889/3000 [09:19 > 04:00]
SOAP:  30%|██▉       | 890/3000 [09:30 > 04:00]
SOAP:  30%|██▉       | 891/3000 [09:29 > 04:00]
SOAP:  30%|██▉       | 892/3000 [09:28 > 04:01]
SOAP:  30%|██▉       | 893/3000 [09:27 > 04:01]
SOAP:  30%|██▉       | 894/3000 [09:27 > 04:01]
SOAP:  30%|██▉       | 895/3000 [09:26 > 04:02]
SOAP:  30%|██▉       | 896/3000 [09:25 > 04:02]
SOAP:  30%|██▉       | 897/3000 [09:25 > 04:02]
SOAP:  30%|██▉       | 898/3000 [09:24 > 04:02]
SOAP:  30%|██▉       | 899/3000 [09:24 > 04:03]
SOAP:  30%|███       | 900/3000 [09:23 > 04:03]
SOAP:  30%|███       | 901/3000 [09:34 > 04:03]
SOAP:  30%|███       | 902/3000 [09:26 > 04:03]
SOAP:  30%|███       | 903/3000 [09:25 > 04:04]
SOAP:  30%|███       | 904/3000 [09:24 > 04:04]
SOAP:  30%|███       | 905/3000 [09:23 > 04:04]
SOAP:  30%|███       | 906/3000 [09:23 > 04:05]
SOAP:  30%|███       | 907/3000 [09:22 > 04:05]
SOAP:  30%|███       | 908/3000 [09:22 > 04:05]
SOAP:  30%|███       | 909/3000 [09:22 > 04:05]
SOAP:  30%|███       | 910/3000 [09:21 > 04:06]
SOAP:  30%|███       | 911/3000 [09:21 > 04:06]
SOAP:  30%|███       | 912/3000 [09:13 > 04:06]
SOAP:  30%|███       | 913/3000 [09:24 > 04:06]
SOAP:  30%|███       | 914/3000 [09:23 > 04:07]
SOAP:  30%|███       | 915/3000 [09:23 > 04:07]
SOAP:  31%|███       | 916/3000 [09:17 > 04:07]
SOAP:  31%|███       | 917/3000 [09:23 > 04:08]
SOAP:  31%|███       | 918/3000 [09:22 > 04:08]
SOAP:  31%|███       | 919/3000 [09:21 > 04:08]
SOAP:  31%|███       | 920/3000 [09:21 > 04:08]
SOAP:  31%|███       | 921/3000 [09:20 > 04:09]
SOAP:  31%|███       | 922/3000 [09:19 > 04:09]
SOAP:  31%|███       | 923/3000 [09:19 > 04:09]
SOAP:  31%|███       | 924/3000 [09:18 > 04:09]
SOAP:  31%|███       | 925/3000 [09:18 > 04:10]
SOAP:  31%|███       | 926/3000 [09:17 > 04:10]
SOAP:  31%|███       | 927/3000 [09:15 > 04:10]
SOAP:  31%|███       | 928/3000 [09:18 > 04:10]
SOAP:  31%|███       | 929/3000 [09:17 > 04:11]
SOAP:  31%|███       | 930/3000 [09:16 > 04:11]
SOAP:  31%|███       | 931/3000 [09:17 > 04:11]
SOAP:  31%|███       | 932/3000 [09:16 > 04:12]
SOAP:  31%|███       | 933/3000 [09:15 > 04:12]
SOAP:  31%|███       | 934/3000 [09:15 > 04:12]
SOAP:  31%|███       | 935/3000 [09:16 > 04:12]
SOAP:  31%|███       | 936/3000 [09:15 > 04:13]
SOAP:  31%|███       | 937/3000 [09:14 > 04:13]
SOAP:  31%|███▏      | 938/3000 [09:13 > 04:13]
SOAP:  31%|███▏      | 939/3000 [09:14 > 04:13]
SOAP:  31%|███▏      | 940/3000 [09:13 > 04:14]
SOAP:  31%|███▏      | 941/3000 [09:12 > 04:14]
SOAP:  31%|███▏      | 942/3000 [09:13 > 04:14]
SOAP:  31%|███▏      | 943/3000 [09:12 > 04:14]
SOAP:  31%|███▏      | 944/3000 [09:12 > 04:15]
SOAP:  32%|███▏      | 945/3000 [09:11 > 04:15]
SOAP:  32%|███▏      | 946/3000 [09:11 > 04:15]
SOAP:  32%|███▏      | 947/3000 [09:11 > 04:16]
SOAP:  32%|███▏      | 948/3000 [09:11 > 04:16]
SOAP:  32%|███▏      | 949/3000 [09:10 > 04:16]
SOAP:  32%|███▏      | 950/3000 [09:11 > 04:16]
SOAP:  32%|███▏      | 951/3000 [09:10 > 04:17]
SOAP:  32%|███▏      | 952/3000 [09:10 > 04:17]
SOAP:  32%|███▏      | 953/3000 [09:09 > 04:17]
SOAP:  32%|███▏      | 954/3000 [09:10 > 04:17]
SOAP:  32%|███▏      | 955/3000 [09:10 > 04:18]
SOAP:  32%|███▏      | 956/3000 [09:09 > 04:18]
SOAP:  32%|███▏      | 957/3000 [09:08 > 04:18]
SOAP:  32%|███▏      | 958/3000 [09:08 > 04:19]
SOAP:  32%|███▏      | 959/3000 [09:08 > 04:19]
SOAP:  32%|███▏      | 960/3000 [09:07 > 04:19]
SOAP:  32%|███▏      | 961/3000 [09:07 > 04:19]
SOAP:  32%|███▏      | 962/3000 [09:08 > 04:20]
SOAP:  32%|███▏      | 963/3000 [09:07 > 04:20]
SOAP:  32%|███▏      | 964/3000 [08:59 > 04:20]
SOAP:  32%|███▏      | 965/3000 [09:10 > 04:20]
SOAP:  32%|███▏      | 966/3000 [09:09 > 04:21]
SOAP:  32%|███▏      | 967/3000 [09:08 > 04:21]
SOAP:  32%|███▏      | 968/3000 [09:07 > 04:21]
SOAP:  32%|███▏      | 969/3000 [09:07 > 04:21]
SOAP:  32%|███▏      | 970/3000 [09:06 > 04:22]
SOAP:  32%|███▏      | 971/3000 [09:05 > 04:22]
SOAP:  32%|███▏      | 972/3000 [09:05 > 04:22]
SOAP:  32%|███▏      | 973/3000 [09:05 > 04:23]
SOAP:  32%|███▏      | 974/3000 [09:05 > 04:23]
SOAP:  32%|███▎      | 975/3000 [09:04 > 04:23]
SOAP:  33%|███▎      | 976/3000 [09:04 > 04:23]
SOAP:  33%|███▎      | 977/3000 [09:03 > 04:24]
SOAP:  33%|███▎      | 978/3000 [09:03 > 04:24]
SOAP:  33%|███▎      | 979/3000 [09:03 > 04:24]
SOAP:  33%|███▎      | 980/3000 [09:03 > 04:24]
SOAP:  33%|███▎      | 981/3000 [09:02 > 04:25]
SOAP:  33%|███▎      | 982/3000 [09:02 > 04:25]
SOAP:  33%|███▎      | 983/3000 [09:01 > 04:25]
SOAP:  33%|███▎      | 984/3000 [09:01 > 04:26]
SOAP:  33%|███▎      | 985/3000 [09:01 > 04:26]
SOAP:  33%|███▎      | 986/3000 [09:01 > 04:26]
SOAP:  33%|███▎      | 987/3000 [09:01 > 04:26]
SOAP:  33%|███▎      | 988/3000 [09:01 > 04:27]
SOAP:  33%|███▎      | 989/3000 [09:01 > 04:27]
SOAP:  33%|███▎      | 990/3000 [09:00 > 04:27]
SOAP:  33%|███▎      | 991/3000 [09:01 > 04:27]
SOAP:  33%|███▎      | 992/3000 [09:00 > 04:28]
SOAP:  33%|███▎      | 993/3000 [09:00 > 04:28]
SOAP:  33%|███▎      | 994/3000 [09:01 > 04:28]
SOAP:  33%|███▎      | 995/3000 [09:05 > 04:28]
SOAP:  33%|███▎      | 996/3000 [09:05 > 04:29]
SOAP:  33%|███▎      | 997/3000 [09:04 > 04:29]
SOAP:  33%|███▎      | 998/3000 [09:05 > 04:29]
SOAP:  33%|███▎      | 999/3000 [09:07 > 04:30]
SOAP:  33%|███▎      | 1000/3000 [09:08 > 04:30]
SOAP:  33%|███▎      | 1001/3000 [09:13 > 04:30]
SOAP:  33%|███▎      | 1002/3000 [09:03 > 04:30]
SOAP:  33%|███▎      | 1003/3000 [09:11 > 04:31]
SOAP:  33%|███▎      | 1004/3000 [09:09 > 04:31]
SOAP:  34%|███▎      | 1005/3000 [09:09 > 04:31]
SOAP:  34%|███▎      | 1006/3000 [09:09 > 04:32]
SOAP:  34%|███▎      | 1007/3000 [09:09 > 04:32]
SOAP:  34%|███▎      | 1008/3000 [09:08 > 04:32]
SOAP:  34%|███▎      | 1009/3000 [09:09 > 04:32]
SOAP:  34%|███▎      | 1010/3000 [09:07 > 04:33]
SOAP:  34%|███▎      | 1011/3000 [09:07 > 04:33]
SOAP:  34%|███▎      | 1012/3000 [09:07 > 04:33]
SOAP:  34%|███▍      | 1013/3000 [09:07 > 04:33]
SOAP:  34%|███▍      | 1014/3000 [09:06 > 04:34]
SOAP:  34%|███▍      | 1015/3000 [09:06 > 04:34]
SOAP:  34%|███▍      | 1016/3000 [09:06 > 04:34]
SOAP:  34%|███▍      | 1017/3000 [09:06 > 04:35]
SOAP:  34%|███▍      | 1018/3000 [09:05 > 04:35]
SOAP:  34%|███▍      | 1019/3000 [09:06 > 04:35]
SOAP:  34%|███▍      | 1020/3000 [09:05 > 04:35]
SOAP:  34%|███▍      | 1021/3000 [09:05 > 04:36]
SOAP:  34%|███▍      | 1022/3000 [09:05 > 04:36]
SOAP:  34%|███▍      | 1023/3000 [09:04 > 04:36]
SOAP:  34%|███▍      | 1024/3000 [09:05 > 04:36]
SOAP:  34%|███▍      | 1025/3000 [09:04 > 04:37]
SOAP:  34%|███▍      | 1026/3000 [09:03 > 04:37]
SOAP:  34%|███▍      | 1027/3000 [09:04 > 04:37]
SOAP:  34%|███▍      | 1028/3000 [09:03 > 04:38]
SOAP:  34%|███▍      | 1029/3000 [09:03 > 04:38]
SOAP:  34%|███▍      | 1030/3000 [09:03 > 04:38]
SOAP:  34%|███▍      | 1031/3000 [09:02 > 04:38]
SOAP:  34%|███▍      | 1032/3000 [09:02 > 04:39]
SOAP:  34%|███▍      | 1033/3000 [09:02 > 04:39]
SOAP:  34%|███▍      | 1034/3000 [09:01 > 04:39]
SOAP:  34%|███▍      | 1035/3000 [09:02 > 04:40]
SOAP:  35%|███▍      | 1036/3000 [09:01 > 04:40]
SOAP:  35%|███▍      | 1037/3000 [09:00 > 04:40]
SOAP:  35%|███▍      | 1038/3000 [09:06 > 04:40]
SOAP:  35%|███▍      | 1039/3000 [08:58 > 04:41]
SOAP:  35%|███▍      | 1040/3000 [08:58 > 04:41]
SOAP:  35%|███▍      | 1041/3000 [08:58 > 04:41]
SOAP:  35%|███▍      | 1042/3000 [08:59 > 04:41]
SOAP:  35%|███▍      | 1043/3000 [08:58 > 04:42]
SOAP:  35%|███▍      | 1044/3000 [08:58 > 04:42]
SOAP:  35%|███▍      | 1045/3000 [08:59 > 04:42]
SOAP:  35%|███▍      | 1046/3000 [08:57 > 04:43]
SOAP:  35%|███▍      | 1047/3000 [08:57 > 04:43]
SOAP:  35%|███▍      | 1048/3000 [08:57 > 04:43]
SOAP:  35%|███▍      | 1049/3000 [08:57 > 04:43]
SOAP:  35%|███▌      | 1050/3000 [08:57 > 04:44]
SOAP:  35%|███▌      | 1051/3000 [08:57 > 04:44]
SOAP:  35%|███▌      | 1052/3000 [08:56 > 04:44]
SOAP:  35%|███▌      | 1053/3000 [08:57 > 04:44]
SOAP:  35%|███▌      | 1054/3000 [08:56 > 04:45]
SOAP:  35%|███▌      | 1055/3000 [08:55 > 04:45]
SOAP:  35%|███▌      | 1056/3000 [08:55 > 04:45]
SOAP:  35%|███▌      | 1057/3000 [08:55 > 04:46]
SOAP:  35%|███▌      | 1058/3000 [08:54 > 04:46]
SOAP:  35%|███▌      | 1059/3000 [08:54 > 04:46]
SOAP:  35%|███▌      | 1060/3000 [08:55 > 04:46]
SOAP:  35%|███▌      | 1061/3000 [08:54 > 04:47]
SOAP:  35%|███▌      | 1062/3000 [08:53 > 04:47]
SOAP:  35%|███▌      | 1063/3000 [08:53 > 04:47]
SOAP:  35%|███▌      | 1064/3000 [08:53 > 04:47]
SOAP:  36%|███▌      | 1065/3000 [08:53 > 04:48]
SOAP:  36%|███▌      | 1066/3000 [08:53 > 04:48]
SOAP:  36%|███▌      | 1067/3000 [08:52 > 04:48]
SOAP:  36%|███▌      | 1068/3000 [08:52 > 04:49]
SOAP:  36%|███▌      | 1069/3000 [08:52 > 04:49]
SOAP:  36%|███▌      | 1070/3000 [08:51 > 04:49]
SOAP:  36%|███▌      | 1071/3000 [08:51 > 04:49]
SOAP:  36%|███▌      | 1072/3000 [08:51 > 04:50]
SOAP:  36%|███▌      | 1073/3000 [08:51 > 04:50]
SOAP:  36%|███▌      | 1074/3000 [08:41 > 04:50]
SOAP:  36%|███▌      | 1075/3000 [08:40 > 04:51]
SOAP:  36%|███▌      | 1076/3000 [08:48 > 04:51]
SOAP:  36%|███▌      | 1077/3000 [08:49 > 04:51]
SOAP:  36%|███▌      | 1078/3000 [08:49 > 04:51]
SOAP:  36%|███▌      | 1079/3000 [08:49 > 04:52]
SOAP:  36%|███▌      | 1080/3000 [08:48 > 04:52]
SOAP:  36%|███▌      | 1081/3000 [08:49 > 04:52]
SOAP:  36%|███▌      | 1082/3000 [08:48 > 04:52]
SOAP:  36%|███▌      | 1083/3000 [08:48 > 04:53]
SOAP:  36%|███▌      | 1084/3000 [08:48 > 04:53]
SOAP:  36%|███▌      | 1085/3000 [08:47 > 04:53]
SOAP:  36%|███▌      | 1086/3000 [08:47 > 04:54]
SOAP:  36%|███▌      | 1087/3000 [08:47 > 04:54]
SOAP:  36%|███▋      | 1088/3000 [08:46 > 04:54]
SOAP:  36%|███▋      | 1089/3000 [08:46 > 04:54]
SOAP:  36%|███▋      | 1090/3000 [08:46 > 04:55]
SOAP:  36%|███▋      | 1091/3000 [08:46 > 04:55]
SOAP:  36%|███▋      | 1092/3000 [08:45 > 04:55]
SOAP:  36%|███▋      | 1093/3000 [08:46 > 04:55]
SOAP:  36%|███▋      | 1094/3000 [08:44 > 04:56]
SOAP:  36%|███▋      | 1095/3000 [08:45 > 04:56]
SOAP:  37%|███▋      | 1096/3000 [08:44 > 04:56]
SOAP:  37%|███▋      | 1097/3000 [08:44 > 04:57]
SOAP:  37%|███▋      | 1098/3000 [08:44 > 04:57]
SOAP:  37%|███▋      | 1099/3000 [08:44 > 04:57]
SOAP:  37%|███▋      | 1100/3000 [08:43 > 04:57]
SOAP:  37%|███▋      | 1101/3000 [08:48 > 04:58]
SOAP:  37%|███▋      | 1102/3000 [08:47 > 04:58]
SOAP:  37%|███▋      | 1103/3000 [08:45 > 04:58]
SOAP:  37%|███▋      | 1104/3000 [08:44 > 04:59]
SOAP:  37%|███▋      | 1105/3000 [08:44 > 04:59]
SOAP:  37%|███▋      | 1106/3000 [08:42 > 04:59]
SOAP:  37%|███▋      | 1107/3000 [08:42 > 04:59]
SOAP:  37%|███▋      | 1108/3000 [08:42 > 05:00]
SOAP:  37%|███▋      | 1109/3000 [08:41 > 05:00]
SOAP:  37%|███▋      | 1110/3000 [08:40 > 05:00]
SOAP:  37%|███▋      | 1111/3000 [08:41 > 05:00]
SOAP:  37%|███▋      | 1112/3000 [08:33 > 05:01]
SOAP:  37%|███▋      | 1113/3000 [08:39 > 05:01]
SOAP:  37%|███▋      | 1114/3000 [08:38 > 05:01]
SOAP:  37%|███▋      | 1115/3000 [08:39 > 05:02]
SOAP:  37%|███▋      | 1116/3000 [08:38 > 05:02]
SOAP:  37%|███▋      | 1117/3000 [08:38 > 05:02]
SOAP:  37%|███▋      | 1118/3000 [08:38 > 05:02]
SOAP:  37%|███▋      | 1119/3000 [08:38 > 05:03]
SOAP:  37%|███▋      | 1120/3000 [08:37 > 05:03]
SOAP:  37%|███▋      | 1121/3000 [08:38 > 05:03]
SOAP:  37%|███▋      | 1122/3000 [08:37 > 05:03]
SOAP:  37%|███▋      | 1123/3000 [08:37 > 05:04]
SOAP:  37%|███▋      | 1124/3000 [08:37 > 05:04]
SOAP:  38%|███▊      | 1125/3000 [08:36 > 05:04]
SOAP:  38%|███▊      | 1126/3000 [08:36 > 05:05]
SOAP:  38%|███▊      | 1127/3000 [08:36 > 05:05]
SOAP:  38%|███▊      | 1128/3000 [08:35 > 05:05]
SOAP:  38%|███▊      | 1129/3000 [08:35 > 05:05]
SOAP:  38%|███▊      | 1130/3000 [08:35 > 05:06]
SOAP:  38%|███▊      | 1131/3000 [08:34 > 05:06]
SOAP:  38%|███▊      | 1132/3000 [08:34 > 05:06]
SOAP:  38%|███▊      | 1133/3000 [08:34 > 05:07]
SOAP:  38%|███▊      | 1134/3000 [08:34 > 05:07]
SOAP:  38%|███▊      | 1135/3000 [08:34 > 05:07]
SOAP:  38%|███▊      | 1136/3000 [08:33 > 05:07]
SOAP:  38%|███▊      | 1137/3000 [08:30 > 05:08]
SOAP:  38%|███▊      | 1138/3000 [08:30 > 05:08]
SOAP:  38%|███▊      | 1139/3000 [08:31 > 05:08]
SOAP:  38%|███▊      | 1140/3000 [08:31 > 05:08]
SOAP:  38%|███▊      | 1141/3000 [08:31 > 05:09]
SOAP:  38%|███▊      | 1142/3000 [08:31 > 05:09]
SOAP:  38%|███▊      | 1143/3000 [08:31 > 05:09]
SOAP:  38%|███▊      | 1144/3000 [08:30 > 05:10]
SOAP:  38%|███▊      | 1145/3000 [08:30 > 05:10]
SOAP:  38%|███▊      | 1146/3000 [08:30 > 05:10]
SOAP:  38%|███▊      | 1147/3000 [08:30 > 05:10]
SOAP:  38%|███▊      | 1148/3000 [08:29 > 05:11]
SOAP:  38%|███▊      | 1149/3000 [08:30 > 05:11]
SOAP:  38%|███▊      | 1150/3000 [08:29 > 05:11]
SOAP:  38%|███▊      | 1151/3000 [08:28 > 05:11]
SOAP:  38%|███▊      | 1152/3000 [08:28 > 05:12]
SOAP:  38%|███▊      | 1153/3000 [08:28 > 05:12]
SOAP:  38%|███▊      | 1154/3000 [08:27 > 05:12]
SOAP:  38%|███▊      | 1155/3000 [08:28 > 05:13]
SOAP:  39%|███▊      | 1156/3000 [08:28 > 05:13]
SOAP:  39%|███▊      | 1157/3000 [08:27 > 05:13]
SOAP:  39%|███▊      | 1158/3000 [08:27 > 05:13]
SOAP:  39%|███▊      | 1159/3000 [08:27 > 05:14]
SOAP:  39%|███▊      | 1160/3000 [08:26 > 05:14]
SOAP:  39%|███▊      | 1161/3000 [08:26 > 05:14]
SOAP:  39%|███▊      | 1162/3000 [08:26 > 05:14]
SOAP:  39%|███▉      | 1163/3000 [08:25 > 05:15]
SOAP:  39%|███▉      | 1164/3000 [08:25 > 05:15]
SOAP:  39%|███▉      | 1165/3000 [08:25 > 05:15]
SOAP:  39%|███▉      | 1166/3000 [08:24 > 05:16]
SOAP:  39%|███▉      | 1167/3000 [08:24 > 05:16]
SOAP:  39%|███▉      | 1168/3000 [08:24 > 05:16]
SOAP:  39%|███▉      | 1169/3000 [08:24 > 05:16]
SOAP:  39%|███▉      | 1170/3000 [08:24 > 05:17]
SOAP:  39%|███▉      | 1171/3000 [08:24 > 05:17]
SOAP:  39%|███▉      | 1172/3000 [08:23 > 05:17]
SOAP:  39%|███▉      | 1173/3000 [08:22 > 05:18]
SOAP:  39%|███▉      | 1174/3000 [08:22 > 05:18]
SOAP:  39%|███▉      | 1175/3000 [08:20 > 05:18]
SOAP:  39%|███▉      | 1176/3000 [08:18 > 05:18]
SOAP:  39%|███▉      | 1177/3000 [08:20 > 05:19]
SOAP:  39%|███▉      | 1178/3000 [08:19 > 05:19]
SOAP:  39%|███▉      | 1179/3000 [08:20 > 05:19]
SOAP:  39%|███▉      | 1180/3000 [08:20 > 05:19]
SOAP:  39%|███▉      | 1181/3000 [08:20 > 05:20]
SOAP:  39%|███▉      | 1182/3000 [08:20 > 05:20]
SOAP:  39%|███▉      | 1183/3000 [08:20 > 05:20]
SOAP:  39%|███▉      | 1184/3000 [08:20 > 05:21]
SOAP:  40%|███▉      | 1185/3000 [08:11 > 05:21]
SOAP:  40%|███▉      | 1186/3000 [08:17 > 05:21]
SOAP:  40%|███▉      | 1187/3000 [08:17 > 05:21]
SOAP:  40%|███▉      | 1188/3000 [08:19 > 05:22]
SOAP:  40%|███▉      | 1189/3000 [08:19 > 05:22]
SOAP:  40%|███▉      | 1190/3000 [08:18 > 05:22]
SOAP:  40%|███▉      | 1191/3000 [08:19 > 05:22]
SOAP:  40%|███▉      | 1192/3000 [08:18 > 05:23]
SOAP:  40%|███▉      | 1193/3000 [08:17 > 05:23]
SOAP:  40%|███▉      | 1194/3000 [08:17 > 05:23]
SOAP:  40%|███▉      | 1195/3000 [08:17 > 05:24]
SOAP:  40%|███▉      | 1196/3000 [08:17 > 05:24]
SOAP:  40%|███▉      | 1197/3000 [08:17 > 05:24]
SOAP:  40%|███▉      | 1198/3000 [08:16 > 05:24]
SOAP:  40%|███▉      | 1199/3000 [08:15 > 05:25]
SOAP:  40%|████      | 1200/3000 [08:15 > 05:25]
SOAP:  40%|████      | 1201/3000 [08:19 > 05:25]
SOAP:  40%|████      | 1202/3000 [08:18 > 05:25]
SOAP:  40%|████      | 1203/3000 [08:16 > 05:26]
SOAP:  40%|████      | 1204/3000 [08:16 > 05:26]
SOAP:  40%|████      | 1205/3000 [08:15 > 05:26]
SOAP:  40%|████      | 1206/3000 [08:14 > 05:27]
SOAP:  40%|████      | 1207/3000 [08:14 > 05:27]
SOAP:  40%|████      | 1208/3000 [08:14 > 05:27]
SOAP:  40%|████      | 1209/3000 [08:13 > 05:27]
SOAP:  40%|████      | 1210/3000 [08:12 > 05:28]
SOAP:  40%|████      | 1211/3000 [08:13 > 05:28]
SOAP:  40%|████      | 1212/3000 [08:12 > 05:28]
SOAP:  40%|████      | 1213/3000 [08:11 > 05:29]
SOAP:  40%|████      | 1214/3000 [08:09 > 05:29]
SOAP:  40%|████      | 1215/3000 [08:09 > 05:29]
SOAP:  41%|████      | 1216/3000 [08:10 > 05:29]
SOAP:  41%|████      | 1217/3000 [08:10 > 05:30]
SOAP:  41%|████      | 1218/3000 [08:09 > 05:30]
SOAP:  41%|████      | 1219/3000 [08:10 > 05:30]
SOAP:  41%|████      | 1220/3000 [08:09 > 05:30]
SOAP:  41%|████      | 1221/3000 [08:09 > 05:31]
SOAP:  41%|████      | 1222/3000 [08:01 > 05:31]
SOAP:  41%|████      | 1223/3000 [08:08 > 05:31]
SOAP:  41%|████      | 1224/3000 [08:08 > 05:32]
SOAP:  41%|████      | 1225/3000 [08:07 > 05:32]
SOAP:  41%|████      | 1226/3000 [08:07 > 05:32]
SOAP:  41%|████      | 1227/3000 [08:08 > 05:32]
SOAP:  41%|████      | 1228/3000 [08:07 > 05:33]
SOAP:  41%|████      | 1229/3000 [08:07 > 05:33]
SOAP:  41%|████      | 1230/3000 [08:07 > 05:33]
SOAP:  41%|████      | 1231/3000 [08:06 > 05:33]
SOAP:  41%|████      | 1232/3000 [08:06 > 05:34]
SOAP:  41%|████      | 1233/3000 [08:06 > 05:34]
SOAP:  41%|████      | 1234/3000 [08:06 > 05:34]
SOAP:  41%|████      | 1235/3000 [08:05 > 05:35]
SOAP:  41%|████      | 1236/3000 [08:05 > 05:35]
SOAP:  41%|████      | 1237/3000 [08:05 > 05:35]
SOAP:  41%|████▏     | 1238/3000 [08:04 > 05:35]
SOAP:  41%|████▏     | 1239/3000 [08:04 > 05:36]
SOAP:  41%|████▏     | 1240/3000 [08:04 > 05:36]
SOAP:  41%|████▏     | 1241/3000 [08:04 > 05:36]
SOAP:  41%|████▏     | 1242/3000 [08:04 > 05:36]
SOAP:  41%|████▏     | 1243/3000 [08:04 > 05:37]
SOAP:  41%|████▏     | 1244/3000 [08:03 > 05:37]
SOAP:  42%|████▏     | 1245/3000 [08:04 > 05:37]
SOAP:  42%|████▏     | 1246/3000 [08:03 > 05:38]
SOAP:  42%|████▏     | 1247/3000 [08:02 > 05:38]
SOAP:  42%|████▏     | 1248/3000 [08:02 > 05:38]
SOAP:  42%|████▏     | 1249/3000 [08:02 > 05:38]
SOAP:  42%|████▏     | 1250/3000 [08:01 > 05:39]
SOAP:  42%|████▏     | 1251/3000 [08:02 > 05:39]
SOAP:  42%|████▏     | 1252/3000 [08:01 > 05:39]
SOAP:  42%|████▏     | 1253/3000 [08:00 > 05:40]
SOAP:  42%|████▏     | 1254/3000 [08:01 > 05:40]
SOAP:  42%|████▏     | 1255/3000 [08:00 > 05:40]
SOAP:  42%|████▏     | 1256/3000 [08:00 > 05:40]
SOAP:  42%|████▏     | 1257/3000 [08:00 > 05:41]
SOAP:  42%|████▏     | 1258/3000 [07:59 > 05:41]
SOAP:  42%|████▏     | 1259/3000 [07:52 > 05:41]
SOAP:  42%|████▏     | 1260/3000 [07:58 > 05:41]
SOAP:  42%|████▏     | 1261/3000 [07:58 > 05:42]
SOAP:  42%|████▏     | 1262/3000 [07:58 > 05:42]
SOAP:  42%|████▏     | 1263/3000 [07:58 > 05:42]
SOAP:  42%|████▏     | 1264/3000 [07:56 > 05:43]
SOAP:  42%|████▏     | 1265/3000 [07:53 > 05:43]
SOAP:  42%|████▏     | 1266/3000 [07:50 > 05:43]
SOAP:  42%|████▏     | 1267/3000 [07:49 > 05:43]
SOAP:  42%|████▏     | 1268/3000 [07:48 > 05:44]
SOAP:  42%|████▏     | 1269/3000 [07:47 > 05:44]
SOAP:  42%|████▏     | 1270/3000 [07:46 > 05:44]
SOAP:  42%|████▏     | 1271/3000 [07:46 > 05:44]
SOAP:  42%|████▏     | 1272/3000 [07:45 > 05:45]
SOAP:  42%|████▏     | 1273/3000 [07:45 > 05:45]
SOAP:  42%|████▏     | 1274/3000 [07:46 > 05:45]
SOAP:  42%|████▎     | 1275/3000 [07:48 > 05:46]
SOAP:  43%|████▎     | 1276/3000 [07:46 > 05:46]
SOAP:  43%|████▎     | 1277/3000 [07:44 > 05:46]
SOAP:  43%|████▎     | 1278/3000 [07:44 > 05:46]
SOAP:  43%|████▎     | 1279/3000 [07:43 > 05:47]
SOAP:  43%|████▎     | 1280/3000 [07:42 > 05:47]
SOAP:  43%|████▎     | 1281/3000 [07:42 > 05:47]
SOAP:  43%|████▎     | 1282/3000 [07:42 > 05:47]
SOAP:  43%|████▎     | 1283/3000 [07:42 > 05:48]
SOAP:  43%|████▎     | 1284/3000 [07:41 > 05:48]
SOAP:  43%|████▎     | 1285/3000 [07:41 > 05:48]
SOAP:  43%|████▎     | 1286/3000 [07:41 > 05:48]
SOAP:  43%|████▎     | 1287/3000 [07:40 > 05:49]
SOAP:  43%|████▎     | 1288/3000 [07:40 > 05:49]
SOAP:  43%|████▎     | 1289/3000 [07:40 > 05:49]
SOAP:  43%|████▎     | 1290/3000 [07:39 > 05:50]
SOAP:  43%|████▎     | 1291/3000 [07:39 > 05:50]
SOAP:  43%|████▎     | 1292/3000 [07:39 > 05:50]
SOAP:  43%|████▎     | 1293/3000 [07:38 > 05:50]
SOAP:  43%|████▎     | 1294/3000 [07:38 > 05:51]
SOAP:  43%|████▎     | 1295/3000 [07:38 > 05:51]
SOAP:  43%|████▎     | 1296/3000 [07:32 > 05:51]
SOAP:  43%|████▎     | 1297/3000 [07:41 > 05:51]
SOAP:  43%|████▎     | 1298/3000 [07:42 > 05:52]
SOAP:  43%|████▎     | 1299/3000 [07:40 > 05:52]
SOAP:  43%|████▎     | 1300/3000 [07:39 > 05:52]
SOAP:  43%|████▎     | 1301/3000 [07:47 > 05:53]
SOAP:  43%|████▎     | 1302/3000 [07:39 > 05:53]
SOAP:  43%|████▎     | 1303/3000 [07:38 > 05:53]
SOAP:  43%|████▎     | 1304/3000 [07:37 > 05:53]
SOAP:  44%|████▎     | 1305/3000 [07:36 > 05:54]
SOAP:  44%|████▎     | 1306/3000 [07:36 > 05:54]
SOAP:  44%|████▎     | 1307/3000 [07:35 > 05:54]
SOAP:  44%|████▎     | 1308/3000 [07:35 > 05:54]
SOAP:  44%|████▎     | 1309/3000 [07:34 > 05:55]
SOAP:  44%|████▎     | 1310/3000 [07:34 > 05:55]
SOAP:  44%|████▎     | 1311/3000 [07:33 > 05:55]
SOAP:  44%|████▎     | 1312/3000 [07:27 > 05:55]
SOAP:  44%|████▍     | 1313/3000 [07:36 > 05:56]
SOAP:  44%|████▍     | 1314/3000 [07:35 > 05:56]
SOAP:  44%|████▍     | 1315/3000 [07:34 > 05:56]
SOAP:  44%|████▍     | 1316/3000 [07:33 > 05:57]
SOAP:  44%|████▍     | 1317/3000 [07:32 > 05:57]
SOAP:  44%|████▍     | 1318/3000 [07:32 > 05:57]
SOAP:  44%|████▍     | 1319/3000 [07:32 > 05:57]
SOAP:  44%|████▍     | 1320/3000 [07:31 > 05:58]
SOAP:  44%|████▍     | 1321/3000 [07:31 > 05:58]
SOAP:  44%|████▍     | 1322/3000 [07:31 > 05:58]
SOAP:  44%|████▍     | 1323/3000 [07:31 > 05:58]
SOAP:  44%|████▍     | 1324/3000 [07:30 > 05:59]
SOAP:  44%|████▍     | 1325/3000 [07:30 > 05:59]
SOAP:  44%|████▍     | 1326/3000 [07:30 > 05:59]
SOAP:  44%|████▍     | 1327/3000 [07:29 > 06:00]
SOAP:  44%|████▍     | 1328/3000 [07:29 > 06:00]
SOAP:  44%|████▍     | 1329/3000 [07:29 > 06:00]
SOAP:  44%|████▍     | 1330/3000 [07:29 > 06:00]
SOAP:  44%|████▍     | 1331/3000 [07:28 > 06:01]
SOAP:  44%|████▍     | 1332/3000 [07:28 > 06:01]
SOAP:  44%|████▍     | 1333/3000 [07:27 > 06:01]
SOAP:  44%|████▍     | 1334/3000 [07:21 > 06:01]
SOAP:  44%|████▍     | 1335/3000 [07:29 > 06:02]
SOAP:  45%|████▍     | 1336/3000 [07:28 > 06:02]
SOAP:  45%|████▍     | 1337/3000 [07:27 > 06:02]
SOAP:  45%|████▍     | 1338/3000 [07:27 > 06:02]
SOAP:  45%|████▍     | 1339/3000 [07:27 > 06:03]
SOAP:  45%|████▍     | 1340/3000 [07:26 > 06:03]
SOAP:  45%|████▍     | 1341/3000 [07:26 > 06:03]
SOAP:  45%|████▍     | 1342/3000 [07:25 > 06:04]
SOAP:  45%|████▍     | 1343/3000 [07:24 > 06:04]
SOAP:  45%|████▍     | 1344/3000 [07:25 > 06:04]
SOAP:  45%|████▍     | 1345/3000 [07:24 > 06:04]
SOAP:  45%|████▍     | 1346/3000 [07:24 > 06:05]
SOAP:  45%|████▍     | 1347/3000 [07:24 > 06:05]
SOAP:  45%|████▍     | 1348/3000 [07:24 > 06:05]
SOAP:  45%|████▍     | 1349/3000 [07:23 > 06:05]
SOAP:  45%|████▌     | 1350/3000 [07:23 > 06:06]
SOAP:  45%|████▌     | 1351/3000 [07:23 > 06:06]
SOAP:  45%|████▌     | 1352/3000 [07:22 > 06:06]
SOAP:  45%|████▌     | 1353/3000 [07:23 > 06:07]
SOAP:  45%|████▌     | 1354/3000 [07:22 > 06:07]
SOAP:  45%|████▌     | 1355/3000 [07:22 > 06:07]
SOAP:  45%|████▌     | 1356/3000 [07:21 > 06:07]
SOAP:  45%|████▌     | 1357/3000 [07:21 > 06:08]
SOAP:  45%|████▌     | 1358/3000 [07:20 > 06:08]
SOAP:  45%|████▌     | 1359/3000 [07:21 > 06:08]
SOAP:  45%|████▌     | 1360/3000 [07:21 > 06:08]
SOAP:  45%|████▌     | 1361/3000 [07:21 > 06:09]
SOAP:  45%|████▌     | 1362/3000 [07:20 > 06:09]
SOAP:  45%|████▌     | 1363/3000 [07:20 > 06:09]
SOAP:  45%|████▌     | 1364/3000 [07:19 > 06:09]
SOAP:  46%|████▌     | 1365/3000 [07:19 > 06:10]
SOAP:  46%|████▌     | 1366/3000 [07:18 > 06:10]
SOAP:  46%|████▌     | 1367/3000 [07:18 > 06:10]
SOAP:  46%|████▌     | 1368/3000 [07:18 > 06:11]
SOAP:  46%|████▌     | 1369/3000 [07:18 > 06:11]
SOAP:  46%|████▌     | 1370/3000 [07:17 > 06:11]
SOAP:  46%|████▌     | 1371/3000 [07:18 > 06:11]
SOAP:  46%|████▌     | 1372/3000 [07:17 > 06:12]
SOAP:  46%|████▌     | 1373/3000 [07:17 > 06:12]
SOAP:  46%|████▌     | 1374/3000 [07:16 > 06:12]
SOAP:  46%|████▌     | 1375/3000 [07:16 > 06:12]
SOAP:  46%|████▌     | 1376/3000 [07:16 > 06:13]
SOAP:  46%|████▌     | 1377/3000 [07:16 > 06:13]
SOAP:  46%|████▌     | 1378/3000 [07:16 > 06:13]
SOAP:  46%|████▌     | 1379/3000 [07:16 > 06:13]
SOAP:  46%|████▌     | 1380/3000 [07:08 > 06:14]
SOAP:  46%|████▌     | 1381/3000 [07:11 > 06:14]
SOAP:  46%|████▌     | 1382/3000 [07:17 > 06:14]
SOAP:  46%|████▌     | 1383/3000 [07:14 > 06:15]
SOAP:  46%|████▌     | 1384/3000 [07:05 > 06:15]
SOAP:  46%|████▌     | 1385/3000 [07:15 > 06:15]
SOAP:  46%|████▌     | 1386/3000 [07:14 > 06:15]
SOAP:  46%|████▌     | 1387/3000 [07:14 > 06:16]
SOAP:  46%|████▋     | 1388/3000 [07:13 > 06:16]
SOAP:  46%|████▋     | 1389/3000 [07:13 > 06:16]
SOAP:  46%|████▋     | 1390/3000 [07:13 > 06:16]
SOAP:  46%|████▋     | 1391/3000 [07:13 > 06:17]
SOAP:  46%|████▋     | 1392/3000 [07:12 > 06:17]
SOAP:  46%|████▋     | 1393/3000 [07:12 > 06:17]
SOAP:  46%|████▋     | 1394/3000 [07:11 > 06:18]
SOAP:  46%|████▋     | 1395/3000 [07:11 > 06:18]
SOAP:  47%|████▋     | 1396/3000 [07:11 > 06:18]
SOAP:  47%|████▋     | 1397/3000 [07:11 > 06:18]
SOAP:  47%|████▋     | 1398/3000 [07:10 > 06:19]
SOAP:  47%|████▋     | 1399/3000 [07:10 > 06:19]
SOAP:  47%|████▋     | 1400/3000 [07:10 > 06:19]
SOAP:  47%|████▋     | 1401/3000 [07:17 > 06:19]
SOAP:  47%|████▋     | 1402/3000 [07:11 > 06:20]
SOAP:  47%|████▋     | 1403/3000 [07:10 > 06:20]
SOAP:  47%|████▋     | 1404/3000 [07:09 > 06:20]
SOAP:  47%|████▋     | 1405/3000 [07:09 > 06:20]
SOAP:  47%|████▋     | 1406/3000 [07:09 > 06:21]
SOAP:  47%|████▋     | 1407/3000 [07:08 > 06:21]
SOAP:  47%|████▋     | 1408/3000 [07:08 > 06:21]
SOAP:  47%|████▋     | 1409/3000 [07:00 > 06:22]
SOAP:  47%|████▋     | 1410/3000 [07:10 > 06:22]
SOAP:  47%|████▋     | 1411/3000 [07:09 > 06:22]
SOAP:  47%|████▋     | 1412/3000 [07:11 > 06:22]
SOAP:  47%|████▋     | 1413/3000 [07:09 > 06:23]
SOAP:  47%|████▋     | 1414/3000 [07:08 > 06:23]
SOAP:  47%|████▋     | 1415/3000 [07:07 > 06:23]
SOAP:  47%|████▋     | 1416/3000 [07:07 > 06:23]
SOAP:  47%|████▋     | 1417/3000 [07:06 > 06:24]
SOAP:  47%|████▋     | 1418/3000 [07:06 > 06:24]
SOAP:  47%|████▋     | 1419/3000 [07:05 > 06:24]
SOAP:  47%|████▋     | 1420/3000 [07:05 > 06:25]
SOAP:  47%|████▋     | 1421/3000 [07:04 > 06:25]
SOAP:  47%|████▋     | 1422/3000 [07:04 > 06:25]
SOAP:  47%|████▋     | 1423/3000 [07:04 > 06:25]
SOAP:  47%|████▋     | 1424/3000 [07:03 > 06:26]
SOAP:  48%|████▊     | 1425/3000 [07:03 > 06:26]
SOAP:  48%|████▊     | 1426/3000 [07:03 > 06:26]
SOAP:  48%|████▊     | 1427/3000 [07:03 > 06:26]
SOAP:  48%|████▊     | 1428/3000 [07:03 > 06:27]
SOAP:  48%|████▊     | 1429/3000 [07:02 > 06:27]
SOAP:  48%|████▊     | 1430/3000 [07:02 > 06:27]
SOAP:  48%|████▊     | 1431/3000 [07:02 > 06:27]
SOAP:  48%|████▊     | 1432/3000 [07:02 > 06:28]
SOAP:  48%|████▊     | 1433/3000 [07:01 > 06:28]
SOAP:  48%|████▊     | 1434/3000 [07:02 > 06:28]
SOAP:  48%|████▊     | 1435/3000 [07:01 > 06:29]
SOAP:  48%|████▊     | 1436/3000 [07:00 > 06:29]
SOAP:  48%|████▊     | 1437/3000 [07:00 > 06:29]
SOAP:  48%|████▊     | 1438/3000 [07:00 > 06:29]
SOAP:  48%|████▊     | 1439/3000 [06:53 > 06:30]
SOAP:  48%|████▊     | 1440/3000 [07:01 > 06:30]
SOAP:  48%|████▊     | 1441/3000 [07:00 > 06:30]
SOAP:  48%|████▊     | 1442/3000 [06:59 > 06:30]
SOAP:  48%|████▊     | 1443/3000 [06:59 > 06:31]
SOAP:  48%|████▊     | 1444/3000 [06:58 > 06:31]
SOAP:  48%|████▊     | 1445/3000 [06:58 > 06:31]
SOAP:  48%|████▊     | 1446/3000 [06:57 > 06:32]
SOAP:  48%|████▊     | 1447/3000 [06:57 > 06:32]
SOAP:  48%|████▊     | 1448/3000 [06:57 > 06:32]
SOAP:  48%|████▊     | 1449/3000 [06:56 > 06:32]
SOAP:  48%|████▊     | 1450/3000 [06:56 > 06:33]
SOAP:  48%|████▊     | 1451/3000 [06:56 > 06:33]
SOAP:  48%|████▊     | 1452/3000 [06:56 > 06:33]
SOAP:  48%|████▊     | 1453/3000 [06:56 > 06:33]
SOAP:  48%|████▊     | 1454/3000 [06:55 > 06:34]
SOAP:  48%|████▊     | 1455/3000 [06:55 > 06:34]
SOAP:  49%|████▊     | 1456/3000 [06:54 > 06:34]
SOAP:  49%|████▊     | 1457/3000 [06:55 > 06:34]
SOAP:  49%|████▊     | 1458/3000 [06:55 > 06:35]
SOAP:  49%|████▊     | 1459/3000 [06:54 > 06:35]
SOAP:  49%|████▊     | 1460/3000 [06:53 > 06:35]
SOAP:  49%|████▊     | 1461/3000 [06:53 > 06:36]
SOAP:  49%|████▊     | 1462/3000 [06:53 > 06:36]
SOAP:  49%|████▉     | 1463/3000 [06:53 > 06:36]
SOAP:  49%|████▉     | 1464/3000 [06:52 > 06:36]
SOAP:  49%|████▉     | 1465/3000 [06:52 > 06:37]
SOAP:  49%|████▉     | 1466/3000 [06:51 > 06:37]
SOAP:  49%|████▉     | 1467/3000 [06:51 > 06:37]
SOAP:  49%|████▉     | 1468/3000 [06:51 > 06:37]
SOAP:  49%|████▉     | 1469/3000 [06:51 > 06:38]
SOAP:  49%|████▉     | 1470/3000 [06:50 > 06:38]
SOAP:  49%|████▉     | 1471/3000 [06:50 > 06:38]
SOAP:  49%|████▉     | 1472/3000 [06:50 > 06:39]
SOAP:  49%|████▉     | 1473/3000 [06:50 > 06:39]
SOAP:  49%|████▉     | 1474/3000 [06:49 > 06:39]
SOAP:  49%|████▉     | 1475/3000 [06:50 > 06:39]
SOAP:  49%|████▉     | 1476/3000 [06:49 > 06:40]
SOAP:  49%|████▉     | 1477/3000 [06:49 > 06:40]
SOAP:  49%|████▉     | 1478/3000 [06:49 > 06:40]
SOAP:  49%|████▉     | 1479/3000 [06:48 > 06:40]
SOAP:  49%|████▉     | 1480/3000 [06:48 > 06:41]
SOAP:  49%|████▉     | 1481/3000 [06:48 > 06:41]
SOAP:  49%|████▉     | 1482/3000 [06:47 > 06:41]
SOAP:  49%|████▉     | 1483/3000 [06:47 > 06:41]
SOAP:  49%|████▉     | 1484/3000 [06:41 > 06:42]
SOAP:  50%|████▉     | 1485/3000 [06:49 > 06:42]
SOAP:  50%|████▉     | 1486/3000 [06:48 > 06:42]
SOAP:  50%|████▉     | 1487/3000 [06:47 > 06:43]
SOAP:  50%|████▉     | 1488/3000 [06:47 > 06:43]
SOAP:  50%|████▉     | 1489/3000 [06:46 > 06:43]
SOAP:  50%|████▉     | 1490/3000 [06:46 > 06:43]
SOAP:  50%|████▉     | 1491/3000 [06:45 > 06:44]
SOAP:  50%|████▉     | 1492/3000 [06:45 > 06:44]
SOAP:  50%|████▉     | 1493/3000 [06:45 > 06:44]
SOAP:  50%|████▉     | 1494/3000 [06:45 > 06:44]
SOAP:  50%|████▉     | 1495/3000 [06:44 > 06:45]
SOAP:  50%|████▉     | 1496/3000 [06:44 > 06:45]
SOAP:  50%|████▉     | 1497/3000 [06:44 > 06:45]
SOAP:  50%|████▉     | 1498/3000 [06:44 > 06:46]
SOAP:  50%|████▉     | 1499/3000 [06:43 > 06:46]
SOAP:  50%|█████     | 1500/3000 [06:43 > 06:46]
SOAP:  50%|█████     | 1501/3000 [06:49 > 06:46]
SOAP:  50%|█████     | 1502/3000 [06:43 > 06:47]
SOAP:  50%|█████     | 1503/3000 [06:42 > 06:47]
SOAP:  50%|█████     | 1504/3000 [06:42 > 06:47]
SOAP:  50%|█████     | 1505/3000 [06:41 > 06:47]
SOAP:  50%|█████     | 1506/3000 [06:41 > 06:48]
SOAP:  50%|█████     | 1507/3000 [06:41 > 06:48]
SOAP:  50%|█████     | 1508/3000 [06:41 > 06:48]
SOAP:  50%|█████     | 1509/3000 [06:40 > 06:48]
SOAP:  50%|█████     | 1510/3000 [06:40 > 06:49]
SOAP:  50%|█████     | 1511/3000 [06:40 > 06:49]
SOAP:  50%|█████     | 1512/3000 [06:40 > 06:49]
SOAP:  50%|█████     | 1513/3000 [06:40 > 06:50]
SOAP:  50%|█████     | 1514/3000 [06:39 > 06:50]
SOAP:  50%|█████     | 1515/3000 [06:39 > 06:50]
SOAP:  51%|█████     | 1516/3000 [06:39 > 06:50]
SOAP:  51%|█████     | 1517/3000 [06:38 > 06:51]
SOAP:  51%|█████     | 1518/3000 [06:38 > 06:51]
SOAP:  51%|█████     | 1519/3000 [06:38 > 06:51]
SOAP:  51%|█████     | 1520/3000 [06:38 > 06:51]
SOAP:  51%|█████     | 1521/3000 [06:37 > 06:52]
SOAP:  51%|█████     | 1522/3000 [06:30 > 06:52]
SOAP:  51%|█████     | 1523/3000 [06:38 > 06:52]
SOAP:  51%|█████     | 1524/3000 [06:37 > 06:52]
SOAP:  51%|█████     | 1525/3000 [06:37 > 06:53]
SOAP:  51%|█████     | 1526/3000 [06:36 > 06:53]
SOAP:  51%|█████     | 1527/3000 [06:36 > 06:53]
SOAP:  51%|█████     | 1528/3000 [06:35 > 06:54]
SOAP:  51%|█████     | 1529/3000 [06:36 > 06:54]
SOAP:  51%|█████     | 1530/3000 [06:35 > 06:54]
SOAP:  51%|█████     | 1531/3000 [06:35 > 06:54]
SOAP:  51%|█████     | 1532/3000 [06:34 > 06:55]
SOAP:  51%|█████     | 1533/3000 [06:34 > 06:55]
SOAP:  51%|█████     | 1534/3000 [06:34 > 06:55]
SOAP:  51%|█████     | 1535/3000 [06:33 > 06:55]
SOAP:  51%|█████     | 1536/3000 [06:35 > 06:56]
SOAP:  51%|█████     | 1537/3000 [06:35 > 06:56]
SOAP:  51%|█████▏    | 1538/3000 [06:33 > 06:56]
SOAP:  51%|█████▏    | 1539/3000 [06:33 > 06:57]
SOAP:  51%|█████▏    | 1540/3000 [06:32 > 06:57]
SOAP:  51%|█████▏    | 1541/3000 [06:32 > 06:57]
SOAP:  51%|█████▏    | 1542/3000 [06:26 > 06:57]
SOAP:  51%|█████▏    | 1543/3000 [06:33 > 06:58]
SOAP:  51%|█████▏    | 1544/3000 [06:32 > 06:58]
SOAP:  52%|█████▏    | 1545/3000 [06:32 > 06:58]
SOAP:  52%|█████▏    | 1546/3000 [06:31 > 06:58]
SOAP:  52%|█████▏    | 1547/3000 [06:31 > 06:59]
SOAP:  52%|█████▏    | 1548/3000 [06:30 > 06:59]
SOAP:  52%|█████▏    | 1549/3000 [06:30 > 06:59]
SOAP:  52%|█████▏    | 1550/3000 [06:30 > 06:59]
SOAP:  52%|█████▏    | 1551/3000 [06:30 > 07:00]
SOAP:  52%|█████▏    | 1552/3000 [06:29 > 07:00]
SOAP:  52%|█████▏    | 1553/3000 [06:29 > 07:00]
SOAP:  52%|█████▏    | 1554/3000 [06:28 > 07:01]
SOAP:  52%|█████▏    | 1555/3000 [06:22 > 07:01]
SOAP:  52%|█████▏    | 1556/3000 [06:29 > 07:01]
SOAP:  52%|█████▏    | 1557/3000 [06:29 > 07:01]
SOAP:  52%|█████▏    | 1558/3000 [06:28 > 07:02]
SOAP:  52%|█████▏    | 1559/3000 [06:27 > 07:02]
SOAP:  52%|█████▏    | 1560/3000 [06:28 > 07:02]
SOAP:  52%|█████▏    | 1561/3000 [06:29 > 07:02]
SOAP:  52%|█████▏    | 1562/3000 [06:28 > 07:03]
SOAP:  52%|█████▏    | 1563/3000 [06:27 > 07:03]
SOAP:  52%|█████▏    | 1564/3000 [06:27 > 07:03]
SOAP:  52%|█████▏    | 1565/3000 [06:26 > 07:04]
SOAP:  52%|█████▏    | 1566/3000 [06:26 > 07:04]
SOAP:  52%|█████▏    | 1567/3000 [06:25 > 07:04]
SOAP:  52%|█████▏    | 1568/3000 [06:25 > 07:04]
SOAP:  52%|█████▏    | 1569/3000 [06:24 > 07:05]
SOAP:  52%|█████▏    | 1570/3000 [06:23 > 07:05]
SOAP:  52%|█████▏    | 1571/3000 [06:23 > 07:05]
SOAP:  52%|█████▏    | 1572/3000 [06:23 > 07:05]
SOAP:  52%|█████▏    | 1573/3000 [06:23 > 07:06]
SOAP:  52%|█████▏    | 1574/3000 [06:23 > 07:06]
SOAP:  52%|█████▎    | 1575/3000 [06:22 > 07:06]
SOAP:  53%|█████▎    | 1576/3000 [06:22 > 07:06]
SOAP:  53%|█████▎    | 1577/3000 [06:22 > 07:07]
SOAP:  53%|█████▎    | 1578/3000 [06:22 > 07:07]
SOAP:  53%|█████▎    | 1579/3000 [06:22 > 07:07]
SOAP:  53%|█████▎    | 1580/3000 [06:21 > 07:08]
SOAP:  53%|█████▎    | 1581/3000 [06:21 > 07:08]
SOAP:  53%|█████▎    | 1582/3000 [06:20 > 07:08]
SOAP:  53%|█████▎    | 1583/3000 [06:20 > 07:08]
SOAP:  53%|█████▎    | 1584/3000 [06:20 > 07:09]
SOAP:  53%|█████▎    | 1585/3000 [06:19 > 07:09]
SOAP:  53%|█████▎    | 1586/3000 [06:20 > 07:09]
SOAP:  53%|█████▎    | 1587/3000 [06:20 > 07:09]
SOAP:  53%|█████▎    | 1588/3000 [06:19 > 07:10]
SOAP:  53%|█████▎    | 1589/3000 [06:19 > 07:10]
SOAP:  53%|█████▎    | 1590/3000 [06:18 > 07:10]
SOAP:  53%|█████▎    | 1591/3000 [06:18 > 07:11]
SOAP:  53%|█████▎    | 1592/3000 [06:18 > 07:11]
SOAP:  53%|█████▎    | 1593/3000 [06:17 > 07:11]
SOAP:  53%|█████▎    | 1594/3000 [06:18 > 07:11]
SOAP:  53%|█████▎    | 1595/3000 [06:17 > 07:12]
SOAP:  53%|█████▎    | 1596/3000 [06:17 > 07:12]
SOAP:  53%|█████▎    | 1597/3000 [06:10 > 07:12]
SOAP:  53%|█████▎    | 1598/3000 [06:19 > 07:12]
SOAP:  53%|█████▎    | 1599/3000 [06:20 > 07:13]
SOAP:  53%|█████▎    | 1600/3000 [06:18 > 07:13]
SOAP:  53%|█████▎    | 1601/3000 [06:24 > 07:13]
SOAP:  53%|█████▎    | 1602/3000 [06:18 > 07:13]
SOAP:  53%|█████▎    | 1603/3000 [06:17 > 07:14]
SOAP:  53%|█████▎    | 1604/3000 [06:16 > 07:14]
SOAP:  54%|█████▎    | 1605/3000 [06:16 > 07:14]
SOAP:  54%|█████▎    | 1606/3000 [06:15 > 07:15]
SOAP:  54%|█████▎    | 1607/3000 [06:14 > 07:15]
SOAP:  54%|█████▎    | 1608/3000 [06:14 > 07:15]
SOAP:  54%|█████▎    | 1609/3000 [06:14 > 07:15]
SOAP:  54%|█████▎    | 1610/3000 [06:13 > 07:16]
SOAP:  54%|█████▎    | 1611/3000 [06:13 > 07:16]
SOAP:  54%|█████▎    | 1612/3000 [06:13 > 07:16]
SOAP:  54%|█████▍    | 1613/3000 [06:12 > 07:16]
SOAP:  54%|█████▍    | 1614/3000 [06:11 > 07:17]
SOAP:  54%|█████▍    | 1615/3000 [06:12 > 07:17]
SOAP:  54%|█████▍    | 1616/3000 [06:11 > 07:17]
SOAP:  54%|█████▍    | 1617/3000 [06:11 > 07:18]
SOAP:  54%|█████▍    | 1618/3000 [06:11 > 07:18]
SOAP:  54%|█████▍    | 1619/3000 [06:11 > 07:18]
SOAP:  54%|█████▍    | 1620/3000 [06:10 > 07:18]
SOAP:  54%|█████▍    | 1621/3000 [06:10 > 07:19]
SOAP:  54%|█████▍    | 1622/3000 [06:10 > 07:19]
SOAP:  54%|█████▍    | 1623/3000 [06:10 > 07:19]
SOAP:  54%|█████▍    | 1624/3000 [06:09 > 07:19]
SOAP:  54%|█████▍    | 1625/3000 [06:09 > 07:20]
SOAP:  54%|█████▍    | 1626/3000 [06:09 > 07:20]
SOAP:  54%|█████▍    | 1627/3000 [06:09 > 07:20]
SOAP:  54%|█████▍    | 1628/3000 [06:08 > 07:20]
SOAP:  54%|█████▍    | 1629/3000 [06:08 > 07:21]
SOAP:  54%|█████▍    | 1630/3000 [06:08 > 07:21]
SOAP:  54%|█████▍    | 1631/3000 [06:08 > 07:21]
SOAP:  54%|█████▍    | 1632/3000 [06:08 > 07:22]
SOAP:  54%|█████▍    | 1633/3000 [06:08 > 07:22]
SOAP:  54%|█████▍    | 1634/3000 [06:07 > 07:22]
SOAP:  55%|█████▍    | 1635/3000 [06:08 > 07:22]
SOAP:  55%|█████▍    | 1636/3000 [06:07 > 07:23]
SOAP:  55%|█████▍    | 1637/3000 [06:07 > 07:23]
SOAP:  55%|█████▍    | 1638/3000 [06:06 > 07:23]
SOAP:  55%|█████▍    | 1639/3000 [06:07 > 07:23]
SOAP:  55%|█████▍    | 1640/3000 [06:08 > 07:24]
SOAP:  55%|█████▍    | 1641/3000 [06:07 > 07:24]
SOAP:  55%|█████▍    | 1642/3000 [06:06 > 07:24]
SOAP:  55%|█████▍    | 1643/3000 [06:05 > 07:25]
SOAP:  55%|█████▍    | 1644/3000 [06:05 > 07:25]
SOAP:  55%|█████▍    | 1645/3000 [06:04 > 07:25]
SOAP:  55%|█████▍    | 1646/3000 [06:04 > 07:25]
SOAP:  55%|█████▍    | 1647/3000 [06:03 > 07:26]
SOAP:  55%|█████▍    | 1648/3000 [06:03 > 07:26]
SOAP:  55%|█████▍    | 1649/3000 [06:03 > 07:26]
SOAP:  55%|█████▌    | 1650/3000 [06:03 > 07:26]
SOAP:  55%|█████▌    | 1651/3000 [06:02 > 07:27]
SOAP:  55%|█████▌    | 1652/3000 [06:02 > 07:27]
SOAP:  55%|█████▌    | 1653/3000 [06:02 > 07:27]
SOAP:  55%|█████▌    | 1654/3000 [06:02 > 07:27]
SOAP:  55%|█████▌    | 1655/3000 [06:01 > 07:28]
SOAP:  55%|█████▌    | 1656/3000 [06:01 > 07:28]
SOAP:  55%|█████▌    | 1657/3000 [06:01 > 07:28]
SOAP:  55%|█████▌    | 1658/3000 [06:00 > 07:29]
SOAP:  55%|█████▌    | 1659/3000 [06:00 > 07:29]
SOAP:  55%|█████▌    | 1660/3000 [05:55 > 07:29]
SOAP:  55%|█████▌    | 1661/3000 [06:01 > 07:29]
SOAP:  55%|█████▌    | 1662/3000 [06:01 > 07:30]
SOAP:  55%|█████▌    | 1663/3000 [06:00 > 07:30]
SOAP:  55%|█████▌    | 1664/3000 [05:59 > 07:30]
SOAP:  56%|█████▌    | 1665/3000 [05:59 > 07:30]
SOAP:  56%|█████▌    | 1666/3000 [05:59 > 07:31]
SOAP:  56%|█████▌    | 1667/3000 [05:58 > 07:31]
SOAP:  56%|█████▌    | 1668/3000 [05:58 > 07:31]
SOAP:  56%|█████▌    | 1669/3000 [05:58 > 07:32]
SOAP:  56%|█████▌    | 1670/3000 [05:58 > 07:32]
SOAP:  56%|█████▌    | 1671/3000 [05:57 > 07:32]
SOAP:  56%|█████▌    | 1672/3000 [05:52 > 07:32]
SOAP:  56%|█████▌    | 1673/3000 [05:58 > 07:33]
SOAP:  56%|█████▌    | 1674/3000 [05:57 > 07:33]
SOAP:  56%|█████▌    | 1675/3000 [05:57 > 07:33]
SOAP:  56%|█████▌    | 1676/3000 [05:56 > 07:33]
SOAP:  56%|█████▌    | 1677/3000 [05:56 > 07:34]
SOAP:  56%|█████▌    | 1678/3000 [05:56 > 07:34]
SOAP:  56%|█████▌    | 1679/3000 [05:57 > 07:34]
SOAP:  56%|█████▌    | 1680/3000 [05:57 > 07:34]
SOAP:  56%|█████▌    | 1681/3000 [05:56 > 07:35]
SOAP:  56%|█████▌    | 1682/3000 [05:56 > 07:35]
SOAP:  56%|█████▌    | 1683/3000 [05:55 > 07:35]
SOAP:  56%|█████▌    | 1684/3000 [05:54 > 07:36]
SOAP:  56%|█████▌    | 1685/3000 [05:53 > 07:36]
SOAP:  56%|█████▌    | 1686/3000 [05:53 > 07:36]
SOAP:  56%|█████▌    | 1687/3000 [05:53 > 07:36]
SOAP:  56%|█████▋    | 1688/3000 [05:53 > 07:37]
SOAP:  56%|█████▋    | 1689/3000 [05:53 > 07:37]
SOAP:  56%|█████▋    | 1690/3000 [05:52 > 07:37]
SOAP:  56%|█████▋    | 1691/3000 [05:52 > 07:37]
SOAP:  56%|█████▋    | 1692/3000 [05:51 > 07:38]
SOAP:  56%|█████▋    | 1693/3000 [05:51 > 07:38]
SOAP:  56%|█████▋    | 1694/3000 [05:51 > 07:38]
SOAP:  56%|█████▋    | 1695/3000 [05:50 > 07:39]
SOAP:  57%|█████▋    | 1696/3000 [05:50 > 07:39]
SOAP:  57%|█████▋    | 1697/3000 [05:50 > 07:39]
SOAP:  57%|█████▋    | 1698/3000 [05:49 > 07:39]
SOAP:  57%|█████▋    | 1699/3000 [05:49 > 07:40]
SOAP:  57%|█████▋    | 1700/3000 [05:49 > 07:40]
SOAP:  57%|█████▋    | 1701/3000 [05:55 > 07:40]
SOAP:  57%|█████▋    | 1702/3000 [05:50 > 07:40]
SOAP:  57%|█████▋    | 1703/3000 [05:50 > 07:41]
SOAP:  57%|█████▋    | 1704/3000 [05:49 > 07:41]
SOAP:  57%|█████▋    | 1705/3000 [05:49 > 07:41]
SOAP:  57%|█████▋    | 1706/3000 [05:48 > 07:41]
SOAP:  57%|█████▋    | 1707/3000 [05:48 > 07:42]
SOAP:  57%|█████▋    | 1708/3000 [05:47 > 07:42]
SOAP:  57%|█████▋    | 1709/3000 [05:47 > 07:42]
SOAP:  57%|█████▋    | 1710/3000 [05:44 > 07:43]
SOAP:  57%|█████▋    | 1711/3000 [05:42 > 07:43]
SOAP:  57%|█████▋    | 1712/3000 [05:48 > 07:43]
SOAP:  57%|█████▋    | 1713/3000 [05:43 > 07:43]
SOAP:  57%|█████▋    | 1714/3000 [05:49 > 07:44]
SOAP:  57%|█████▋    | 1715/3000 [05:48 > 07:44]
SOAP:  57%|█████▋    | 1716/3000 [05:46 > 07:44]
SOAP:  57%|█████▋    | 1717/3000 [05:46 > 07:44]
SOAP:  57%|█████▋    | 1718/3000 [05:46 > 07:45]
SOAP:  57%|█████▋    | 1719/3000 [05:45 > 07:45]
SOAP:  57%|█████▋    | 1720/3000 [05:44 > 07:45]
SOAP:  57%|█████▋    | 1721/3000 [05:44 > 07:46]
SOAP:  57%|█████▋    | 1722/3000 [05:44 > 07:46]
SOAP:  57%|█████▋    | 1723/3000 [05:44 > 07:46]
SOAP:  57%|█████▋    | 1724/3000 [05:43 > 07:46]
SOAP:  57%|█████▊    | 1725/3000 [05:44 > 07:47]
SOAP:  58%|█████▊    | 1726/3000 [05:43 > 07:47]
SOAP:  58%|█████▊    | 1727/3000 [05:42 > 07:47]
SOAP:  58%|█████▊    | 1728/3000 [05:42 > 07:47]
SOAP:  58%|█████▊    | 1729/3000 [05:41 > 07:48]
SOAP:  58%|█████▊    | 1730/3000 [05:41 > 07:48]
SOAP:  58%|█████▊    | 1731/3000 [05:40 > 07:48]
SOAP:  58%|█████▊    | 1732/3000 [05:40 > 07:48]
SOAP:  58%|█████▊    | 1733/3000 [05:40 > 07:49]
SOAP:  58%|█████▊    | 1734/3000 [05:40 > 07:49]
SOAP:  58%|█████▊    | 1735/3000 [05:39 > 07:49]
SOAP:  58%|█████▊    | 1736/3000 [05:39 > 07:50]
SOAP:  58%|█████▊    | 1737/3000 [05:39 > 07:50]
SOAP:  58%|█████▊    | 1738/3000 [05:38 > 07:50]
SOAP:  58%|█████▊    | 1739/3000 [05:38 > 07:50]
SOAP:  58%|█████▊    | 1740/3000 [05:38 > 07:51]
SOAP:  58%|█████▊    | 1741/3000 [05:38 > 07:51]
SOAP:  58%|█████▊    | 1742/3000 [05:38 > 07:51]
SOAP:  58%|█████▊    | 1743/3000 [05:38 > 07:51]
SOAP:  58%|█████▊    | 1744/3000 [05:38 > 07:52]
SOAP:  58%|█████▊    | 1745/3000 [05:37 > 07:52]
SOAP:  58%|█████▊    | 1746/3000 [05:37 > 07:52]
SOAP:  58%|█████▊    | 1747/3000 [05:36 > 07:53]
SOAP:  58%|█████▊    | 1748/3000 [05:37 > 07:53]
SOAP:  58%|█████▊    | 1749/3000 [05:38 > 07:53]
SOAP:  58%|█████▊    | 1750/3000 [05:37 > 07:53]
SOAP:  58%|█████▊    | 1751/3000 [05:36 > 07:54]
SOAP:  58%|█████▊    | 1752/3000 [05:36 > 07:54]
SOAP:  58%|█████▊    | 1753/3000 [05:35 > 07:54]
SOAP:  58%|█████▊    | 1754/3000 [05:35 > 07:54]
SOAP:  58%|█████▊    | 1755/3000 [05:35 > 07:55]
SOAP:  59%|█████▊    | 1756/3000 [05:35 > 07:55]
SOAP:  59%|█████▊    | 1757/3000 [05:34 > 07:55]
SOAP:  59%|█████▊    | 1758/3000 [05:37 > 07:55]
SOAP:  59%|█████▊    | 1759/3000 [05:38 > 07:56]
SOAP:  59%|█████▊    | 1760/3000 [05:39 > 07:56]
SOAP:  59%|█████▊    | 1761/3000 [05:39 > 07:56]
SOAP:  59%|█████▊    | 1762/3000 [05:40 > 07:57]
SOAP:  59%|█████▉    | 1763/3000 [05:39 > 07:57]
SOAP:  59%|█████▉    | 1764/3000 [05:40 > 07:57]
SOAP:  59%|█████▉    | 1765/3000 [05:38 > 07:57]
SOAP:  59%|█████▉    | 1766/3000 [05:39 > 07:58]
SOAP:  59%|█████▉    | 1767/3000 [05:39 > 07:58]
SOAP:  59%|█████▉    | 1768/3000 [05:39 > 07:58]
SOAP:  59%|█████▉    | 1769/3000 [05:39 > 07:59]
SOAP:  59%|█████▉    | 1770/3000 [05:38 > 07:59]
SOAP:  59%|█████▉    | 1771/3000 [05:38 > 07:59]
SOAP:  59%|█████▉    | 1772/3000 [05:38 > 07:59]
SOAP:  59%|█████▉    | 1773/3000 [05:38 > 08:00]
SOAP:  59%|█████▉    | 1774/3000 [05:38 > 08:00]
SOAP:  59%|█████▉    | 1775/3000 [05:37 > 08:00]
SOAP:  59%|█████▉    | 1776/3000 [05:37 > 08:00]
SOAP:  59%|█████▉    | 1777/3000 [05:37 > 08:01]
SOAP:  59%|█████▉    | 1778/3000 [05:36 > 08:01]
SOAP:  59%|█████▉    | 1779/3000 [05:36 > 08:01]
SOAP:  59%|█████▉    | 1780/3000 [05:36 > 08:02]
SOAP:  59%|█████▉    | 1781/3000 [05:36 > 08:02]
SOAP:  59%|█████▉    | 1782/3000 [05:35 > 08:02]
SOAP:  59%|█████▉    | 1783/3000 [05:35 > 08:02]
SOAP:  59%|█████▉    | 1784/3000 [05:30 > 08:03]
SOAP:  60%|█████▉    | 1785/3000 [05:32 > 08:03]
SOAP:  60%|█████▉    | 1786/3000 [05:31 > 08:03]
SOAP:  60%|█████▉    | 1787/3000 [05:31 > 08:03]
SOAP:  60%|█████▉    | 1788/3000 [05:32 > 08:04]
SOAP:  60%|█████▉    | 1789/3000 [05:32 > 08:04]
SOAP:  60%|█████▉    | 1790/3000 [05:31 > 08:04]
SOAP:  60%|█████▉    | 1791/3000 [05:33 > 08:05]
SOAP:  60%|█████▉    | 1792/3000 [05:29 > 08:05]
SOAP:  60%|█████▉    | 1793/3000 [05:30 > 08:05]
SOAP:  60%|█████▉    | 1794/3000 [05:31 > 08:05]
SOAP:  60%|█████▉    | 1795/3000 [05:30 > 08:06]
SOAP:  60%|█████▉    | 1796/3000 [05:31 > 08:06]
SOAP:  60%|█████▉    | 1797/3000 [05:31 > 08:06]
SOAP:  60%|█████▉    | 1798/3000 [05:30 > 08:06]
SOAP:  60%|█████▉    | 1799/3000 [05:30 > 08:07]
SOAP:  60%|██████    | 1800/3000 [05:29 > 08:07]
SOAP:  60%|██████    | 1801/3000 [05:32 > 08:07]
SOAP:  60%|██████    | 1802/3000 [05:31 > 08:08]
SOAP:  60%|██████    | 1803/3000 [05:30 > 08:08]
SOAP:  60%|██████    | 1804/3000 [05:30 > 08:08]
SOAP:  60%|██████    | 1805/3000 [05:30 > 08:08]
SOAP:  60%|██████    | 1806/3000 [05:29 > 08:09]
SOAP:  60%|██████    | 1807/3000 [05:28 > 08:09]
SOAP:  60%|██████    | 1808/3000 [05:29 > 08:09]
SOAP:  60%|██████    | 1809/3000 [05:28 > 08:10]
SOAP:  60%|██████    | 1810/3000 [05:28 > 08:10]
SOAP:  60%|██████    | 1811/3000 [05:27 > 08:10]
SOAP:  60%|██████    | 1812/3000 [05:27 > 08:10]
SOAP:  60%|██████    | 1813/3000 [05:26 > 08:11]
SOAP:  60%|██████    | 1814/3000 [05:27 > 08:11]
SOAP:  60%|██████    | 1815/3000 [05:26 > 08:11]
SOAP:  61%|██████    | 1816/3000 [05:26 > 08:11]
SOAP:  61%|██████    | 1817/3000 [05:25 > 08:12]
SOAP:  61%|██████    | 1818/3000 [05:25 > 08:12]
SOAP:  61%|██████    | 1819/3000 [05:25 > 08:12]
SOAP:  61%|██████    | 1820/3000 [05:24 > 08:13]
SOAP:  61%|██████    | 1821/3000 [05:18 > 08:13]
SOAP:  61%|██████    | 1822/3000 [05:24 > 08:13]
SOAP:  61%|██████    | 1823/3000 [05:24 > 08:13]
SOAP:  61%|██████    | 1824/3000 [05:23 > 08:14]
SOAP:  61%|██████    | 1825/3000 [05:23 > 08:14]
SOAP:  61%|██████    | 1826/3000 [05:23 > 08:14]
SOAP:  61%|██████    | 1827/3000 [05:22 > 08:14]
SOAP:  61%|██████    | 1828/3000 [05:22 > 08:15]
SOAP:  61%|██████    | 1829/3000 [05:22 > 08:15]
SOAP:  61%|██████    | 1830/3000 [05:22 > 08:15]
SOAP:  61%|██████    | 1831/3000 [05:21 > 08:16]
SOAP:  61%|██████    | 1832/3000 [05:21 > 08:16]
SOAP:  61%|██████    | 1833/3000 [05:21 > 08:16]
SOAP:  61%|██████    | 1834/3000 [05:21 > 08:16]
SOAP:  61%|██████    | 1835/3000 [05:20 > 08:17]
SOAP:  61%|██████    | 1836/3000 [05:21 > 08:17]
SOAP:  61%|██████    | 1837/3000 [05:20 > 08:17]
SOAP:  61%|██████▏   | 1838/3000 [05:20 > 08:18]
SOAP:  61%|██████▏   | 1839/3000 [05:19 > 08:18]
SOAP:  61%|██████▏   | 1840/3000 [05:19 > 08:18]
SOAP:  61%|██████▏   | 1841/3000 [05:19 > 08:18]
SOAP:  61%|██████▏   | 1842/3000 [05:18 > 08:19]
SOAP:  61%|██████▏   | 1843/3000 [05:18 > 08:19]
SOAP:  61%|██████▏   | 1844/3000 [05:18 > 08:19]
SOAP:  62%|██████▏   | 1845/3000 [05:18 > 08:19]
SOAP:  62%|██████▏   | 1846/3000 [05:18 > 08:20]
SOAP:  62%|██████▏   | 1847/3000 [05:17 > 08:20]
SOAP:  62%|██████▏   | 1848/3000 [05:17 > 08:20]
SOAP:  62%|██████▏   | 1849/3000 [05:13 > 08:21]
SOAP:  62%|██████▏   | 1850/3000 [05:17 > 08:21]
SOAP:  62%|██████▏   | 1851/3000 [05:16 > 08:21]
SOAP:  62%|██████▏   | 1852/3000 [05:15 > 08:21]
SOAP:  62%|██████▏   | 1853/3000 [05:16 > 08:22]
SOAP:  62%|██████▏   | 1854/3000 [05:15 > 08:22]
SOAP:  62%|██████▏   | 1855/3000 [05:15 > 08:22]
SOAP:  62%|██████▏   | 1856/3000 [05:15 > 08:22]
SOAP:  62%|██████▏   | 1857/3000 [05:14 > 08:23]
SOAP:  62%|██████▏   | 1858/3000 [05:15 > 08:23]
SOAP:  62%|██████▏   | 1859/3000 [05:14 > 08:23]
SOAP:  62%|██████▏   | 1860/3000 [05:14 > 08:24]
SOAP:  62%|██████▏   | 1861/3000 [05:08 > 08:24]
SOAP:  62%|██████▏   | 1862/3000 [05:13 > 08:24]
SOAP:  62%|██████▏   | 1863/3000 [05:13 > 08:24]
SOAP:  62%|██████▏   | 1864/3000 [05:13 > 08:25]
SOAP:  62%|██████▏   | 1865/3000 [05:12 > 08:25]
SOAP:  62%|██████▏   | 1866/3000 [05:12 > 08:25]
SOAP:  62%|██████▏   | 1867/3000 [05:12 > 08:25]
SOAP:  62%|██████▏   | 1868/3000 [05:11 > 08:26]
SOAP:  62%|██████▏   | 1869/3000 [05:08 > 08:26]
SOAP:  62%|██████▏   | 1870/3000 [05:10 > 08:26]
SOAP:  62%|██████▏   | 1871/3000 [05:10 > 08:27]
SOAP:  62%|██████▏   | 1872/3000 [05:10 > 08:27]
SOAP:  62%|██████▏   | 1873/3000 [05:10 > 08:27]
SOAP:  62%|██████▏   | 1874/3000 [05:10 > 08:27]
SOAP:  62%|██████▎   | 1875/3000 [05:10 > 08:28]
SOAP:  63%|██████▎   | 1876/3000 [05:09 > 08:28]
SOAP:  63%|██████▎   | 1877/3000 [05:09 > 08:28]
SOAP:  63%|██████▎   | 1878/3000 [05:09 > 08:29]
SOAP:  63%|██████▎   | 1879/3000 [05:08 > 08:29]
SOAP:  63%|██████▎   | 1880/3000 [05:09 > 08:29]
SOAP:  63%|██████▎   | 1881/3000 [05:08 > 08:29]
SOAP:  63%|██████▎   | 1882/3000 [05:08 > 08:30]
SOAP:  63%|██████▎   | 1883/3000 [05:08 > 08:30]
SOAP:  63%|██████▎   | 1884/3000 [05:07 > 08:30]
SOAP:  63%|██████▎   | 1885/3000 [05:07 > 08:30]
SOAP:  63%|██████▎   | 1886/3000 [05:07 > 08:31]
SOAP:  63%|██████▎   | 1887/3000 [05:05 > 08:31]
SOAP:  63%|██████▎   | 1888/3000 [05:06 > 08:31]
SOAP:  63%|██████▎   | 1889/3000 [05:05 > 08:32]
SOAP:  63%|██████▎   | 1890/3000 [05:06 > 08:32]
SOAP:  63%|██████▎   | 1891/3000 [05:05 > 08:32]
SOAP:  63%|██████▎   | 1892/3000 [05:05 > 08:32]
SOAP:  63%|██████▎   | 1893/3000 [05:04 > 08:33]
SOAP:  63%|██████▎   | 1894/3000 [05:04 > 08:33]
SOAP:  63%|██████▎   | 1895/3000 [05:03 > 08:33]
SOAP:  63%|██████▎   | 1896/3000 [05:02 > 08:33]
SOAP:  63%|██████▎   | 1897/3000 [05:02 > 08:34]
SOAP:  63%|██████▎   | 1898/3000 [05:02 > 08:34]
SOAP:  63%|██████▎   | 1899/3000 [05:02 > 08:34]
SOAP:  63%|██████▎   | 1900/3000 [05:02 > 08:35]
SOAP:  63%|██████▎   | 1901/3000 [05:04 > 08:35]
SOAP:  63%|██████▎   | 1902/3000 [05:04 > 08:35]
SOAP:  63%|██████▎   | 1903/3000 [05:03 > 08:35]
SOAP:  63%|██████▎   | 1904/3000 [05:02 > 08:36]
SOAP:  64%|██████▎   | 1905/3000 [05:01 > 08:36]
SOAP:  64%|██████▎   | 1906/3000 [05:01 > 08:36]
SOAP:  64%|██████▎   | 1907/3000 [05:01 > 08:37]
SOAP:  64%|██████▎   | 1908/3000 [04:59 > 08:37]
SOAP:  64%|██████▎   | 1909/3000 [04:54 > 08:37]
SOAP:  64%|██████▎   | 1910/3000 [04:59 > 08:37]
SOAP:  64%|██████▎   | 1911/3000 [04:59 > 08:38]
SOAP:  64%|██████▎   | 1912/3000 [04:59 > 08:38]
SOAP:  64%|██████▍   | 1913/3000 [04:58 > 08:38]
SOAP:  64%|██████▍   | 1914/3000 [04:58 > 08:38]
SOAP:  64%|██████▍   | 1915/3000 [04:56 > 08:39]
SOAP:  64%|██████▍   | 1916/3000 [04:57 > 08:39]
SOAP:  64%|██████▍   | 1917/3000 [04:57 > 08:39]
SOAP:  64%|██████▍   | 1918/3000 [04:57 > 08:40]
SOAP:  64%|██████▍   | 1919/3000 [04:57 > 08:40]
SOAP:  64%|██████▍   | 1920/3000 [04:57 > 08:40]
SOAP:  64%|██████▍   | 1921/3000 [04:57 > 08:40]
SOAP:  64%|██████▍   | 1922/3000 [04:56 > 08:41]
SOAP:  64%|██████▍   | 1923/3000 [04:56 > 08:41]
SOAP:  64%|██████▍   | 1924/3000 [04:56 > 08:41]
SOAP:  64%|██████▍   | 1925/3000 [04:55 > 08:41]
SOAP:  64%|██████▍   | 1926/3000 [04:55 > 08:42]
SOAP:  64%|██████▍   | 1927/3000 [04:55 > 08:42]
SOAP:  64%|██████▍   | 1928/3000 [04:55 > 08:42]
SOAP:  64%|██████▍   | 1929/3000 [04:54 > 08:43]
SOAP:  64%|██████▍   | 1930/3000 [04:55 > 08:43]
SOAP:  64%|██████▍   | 1931/3000 [04:49 > 08:43]
SOAP:  64%|██████▍   | 1932/3000 [04:54 > 08:43]
SOAP:  64%|██████▍   | 1933/3000 [04:53 > 08:44]
SOAP:  64%|██████▍   | 1934/3000 [04:53 > 08:44]
SOAP:  64%|██████▍   | 1935/3000 [04:53 > 08:44]
SOAP:  65%|██████▍   | 1936/3000 [04:53 > 08:44]
SOAP:  65%|██████▍   | 1937/3000 [04:52 > 08:45]
SOAP:  65%|██████▍   | 1938/3000 [04:53 > 08:45]
SOAP:  65%|██████▍   | 1939/3000 [04:52 > 08:45]
SOAP:  65%|██████▍   | 1940/3000 [04:52 > 08:46]
SOAP:  65%|██████▍   | 1941/3000 [04:52 > 08:46]
SOAP:  65%|██████▍   | 1942/3000 [04:51 > 08:46]
SOAP:  65%|██████▍   | 1943/3000 [04:51 > 08:46]
SOAP:  65%|██████▍   | 1944/3000 [04:51 > 08:47]
SOAP:  65%|██████▍   | 1945/3000 [04:50 > 08:47]
SOAP:  65%|██████▍   | 1946/3000 [04:50 > 08:47]
SOAP:  65%|██████▍   | 1947/3000 [04:50 > 08:48]
SOAP:  65%|██████▍   | 1948/3000 [04:50 > 08:48]
SOAP:  65%|██████▍   | 1949/3000 [04:49 > 08:48]
SOAP:  65%|██████▌   | 1950/3000 [04:49 > 08:48]
SOAP:  65%|██████▌   | 1951/3000 [04:49 > 08:49]
SOAP:  65%|██████▌   | 1952/3000 [04:48 > 08:49]
SOAP:  65%|██████▌   | 1953/3000 [04:48 > 08:49]
SOAP:  65%|██████▌   | 1954/3000 [04:48 > 08:49]
SOAP:  65%|██████▌   | 1955/3000 [04:47 > 08:50]
SOAP:  65%|██████▌   | 1956/3000 [04:47 > 08:50]
SOAP:  65%|██████▌   | 1957/3000 [04:47 > 08:50]
SOAP:  65%|██████▌   | 1958/3000 [04:47 > 08:51]
SOAP:  65%|██████▌   | 1959/3000 [04:47 > 08:51]
SOAP:  65%|██████▌   | 1960/3000 [04:46 > 08:51]
SOAP:  65%|██████▌   | 1961/3000 [04:46 > 08:51]
SOAP:  65%|██████▌   | 1962/3000 [04:45 > 08:52]
SOAP:  65%|██████▌   | 1963/3000 [04:45 > 08:52]
SOAP:  65%|██████▌   | 1964/3000 [04:45 > 08:52]
SOAP:  66%|██████▌   | 1965/3000 [04:44 > 08:52]
SOAP:  66%|██████▌   | 1966/3000 [04:45 > 08:53]
SOAP:  66%|██████▌   | 1967/3000 [04:44 > 08:53]
SOAP:  66%|██████▌   | 1968/3000 [04:39 > 08:53]
SOAP:  66%|██████▌   | 1969/3000 [04:43 > 08:54]
SOAP:  66%|██████▌   | 1970/3000 [04:43 > 08:54]
SOAP:  66%|██████▌   | 1971/3000 [04:43 > 08:54]
SOAP:  66%|██████▌   | 1972/3000 [04:43 > 08:54]
SOAP:  66%|██████▌   | 1973/3000 [04:42 > 08:55]
SOAP:  66%|██████▌   | 1974/3000 [04:42 > 08:55]
SOAP:  66%|██████▌   | 1975/3000 [04:42 > 08:55]
SOAP:  66%|██████▌   | 1976/3000 [04:42 > 08:56]
SOAP:  66%|██████▌   | 1977/3000 [04:41 > 08:56]
SOAP:  66%|██████▌   | 1978/3000 [04:41 > 08:56]
SOAP:  66%|██████▌   | 1979/3000 [04:41 > 08:56]
SOAP:  66%|██████▌   | 1980/3000 [04:41 > 08:57]
SOAP:  66%|██████▌   | 1981/3000 [04:40 > 08:57]
SOAP:  66%|██████▌   | 1982/3000 [04:40 > 08:57]
SOAP:  66%|██████▌   | 1983/3000 [04:35 > 08:57]
SOAP:  66%|██████▌   | 1984/3000 [04:39 > 08:58]
SOAP:  66%|██████▌   | 1985/3000 [04:39 > 08:58]
SOAP:  66%|██████▌   | 1986/3000 [04:39 > 08:58]
SOAP:  66%|██████▌   | 1987/3000 [04:39 > 08:59]
SOAP:  66%|██████▋   | 1988/3000 [04:39 > 08:59]
SOAP:  66%|██████▋   | 1989/3000 [04:38 > 08:59]
SOAP:  66%|██████▋   | 1990/3000 [04:38 > 08:59]
SOAP:  66%|██████▋   | 1991/3000 [04:37 > 09:00]
SOAP:  66%|██████▋   | 1992/3000 [04:37 > 09:00]
SOAP:  66%|██████▋   | 1993/3000 [04:37 > 09:00]
SOAP:  66%|██████▋   | 1994/3000 [04:36 > 09:00]
SOAP:  66%|██████▋   | 1995/3000 [04:35 > 09:01]
SOAP:  67%|██████▋   | 1996/3000 [04:35 > 09:01]
SOAP:  67%|██████▋   | 1997/3000 [04:35 > 09:01]
SOAP:  67%|██████▋   | 1998/3000 [04:35 > 09:02]
SOAP:  67%|██████▋   | 1999/3000 [04:35 > 09:02]
SOAP:  67%|██████▋   | 2000/3000 [04:35 > 09:02]
SOAP:  67%|██████▋   | 2001/3000 [04:37 > 09:02]
SOAP:  67%|██████▋   | 2002/3000 [04:36 > 09:03]
SOAP:  67%|██████▋   | 2003/3000 [04:36 > 09:03]
SOAP:  67%|██████▋   | 2004/3000 [04:35 > 09:03]
SOAP:  67%|██████▋   | 2005/3000 [04:33 > 09:03]
SOAP:  67%|██████▋   | 2006/3000 [04:33 > 09:04]
SOAP:  67%|██████▋   | 2007/3000 [04:33 > 09:04]
SOAP:  67%|██████▋   | 2008/3000 [04:33 > 09:04]
SOAP:  67%|██████▋   | 2009/3000 [04:32 > 09:05]
SOAP:  67%|██████▋   | 2010/3000 [04:30 > 09:05]
SOAP:  67%|██████▋   | 2011/3000 [04:30 > 09:05]
SOAP:  67%|██████▋   | 2012/3000 [04:31 > 09:05]
SOAP:  67%|██████▋   | 2013/3000 [04:31 > 09:06]
SOAP:  67%|██████▋   | 2014/3000 [04:31 > 09:06]
SOAP:  67%|██████▋   | 2015/3000 [04:31 > 09:06]
SOAP:  67%|██████▋   | 2016/3000 [04:31 > 09:07]
SOAP:  67%|██████▋   | 2017/3000 [04:30 > 09:07]
SOAP:  67%|██████▋   | 2018/3000 [04:30 > 09:07]
SOAP:  67%|██████▋   | 2019/3000 [04:30 > 09:07]
SOAP:  67%|██████▋   | 2020/3000 [04:29 > 09:08]
SOAP:  67%|██████▋   | 2021/3000 [04:29 > 09:08]
SOAP:  67%|██████▋   | 2022/3000 [04:29 > 09:08]
SOAP:  67%|██████▋   | 2023/3000 [04:28 > 09:08]
SOAP:  67%|██████▋   | 2024/3000 [04:28 > 09:09]
SOAP:  68%|██████▊   | 2025/3000 [04:28 > 09:09]
SOAP:  68%|██████▊   | 2026/3000 [04:28 > 09:09]
SOAP:  68%|██████▊   | 2027/3000 [04:27 > 09:10]
SOAP:  68%|██████▊   | 2028/3000 [04:28 > 09:10]
SOAP:  68%|██████▊   | 2029/3000 [04:27 > 09:10]
SOAP:  68%|██████▊   | 2030/3000 [04:26 > 09:10]
SOAP:  68%|██████▊   | 2031/3000 [04:24 > 09:11]
SOAP:  68%|██████▊   | 2032/3000 [04:23 > 09:11]
SOAP:  68%|██████▊   | 2033/3000 [04:21 > 09:11]
SOAP:  68%|██████▊   | 2034/3000 [04:21 > 09:11]
SOAP:  68%|██████▊   | 2035/3000 [04:20 > 09:12]
SOAP:  68%|██████▊   | 2036/3000 [04:19 > 09:12]
SOAP:  68%|██████▊   | 2037/3000 [04:19 > 09:12]
SOAP:  68%|██████▊   | 2038/3000 [04:19 > 09:13]
SOAP:  68%|██████▊   | 2039/3000 [04:18 > 09:13]
SOAP:  68%|██████▊   | 2040/3000 [04:18 > 09:13]
SOAP:  68%|██████▊   | 2041/3000 [04:18 > 09:13]
SOAP:  68%|██████▊   | 2042/3000 [04:17 > 09:14]
SOAP:  68%|██████▊   | 2043/3000 [04:17 > 09:14]
SOAP:  68%|██████▊   | 2044/3000 [04:16 > 09:14]
SOAP:  68%|██████▊   | 2045/3000 [04:16 > 09:14]
SOAP:  68%|██████▊   | 2046/3000 [04:16 > 09:15]
SOAP:  68%|██████▊   | 2047/3000 [04:16 > 09:15]
SOAP:  68%|██████▊   | 2048/3000 [04:15 > 09:15]
SOAP:  68%|██████▊   | 2049/3000 [04:15 > 09:15]
SOAP:  68%|██████▊   | 2050/3000 [04:15 > 09:16]
SOAP:  68%|██████▊   | 2051/3000 [04:15 > 09:16]
SOAP:  68%|██████▊   | 2052/3000 [04:14 > 09:16]
SOAP:  68%|██████▊   | 2053/3000 [04:14 > 09:17]
SOAP:  68%|██████▊   | 2054/3000 [04:14 > 09:17]
SOAP:  68%|██████▊   | 2055/3000 [04:14 > 09:17]
SOAP:  69%|██████▊   | 2056/3000 [04:13 > 09:17]
SOAP:  69%|██████▊   | 2057/3000 [04:13 > 09:18]
SOAP:  69%|██████▊   | 2058/3000 [04:12 > 09:18]
SOAP:  69%|██████▊   | 2059/3000 [04:12 > 09:18]
SOAP:  69%|██████▊   | 2060/3000 [04:12 > 09:18]
SOAP:  69%|██████▊   | 2061/3000 [04:12 > 09:19]
SOAP:  69%|██████▊   | 2062/3000 [04:11 > 09:19]
SOAP:  69%|██████▉   | 2063/3000 [04:11 > 09:19]
SOAP:  69%|██████▉   | 2064/3000 [04:11 > 09:20]
SOAP:  69%|██████▉   | 2065/3000 [04:11 > 09:20]
SOAP:  69%|██████▉   | 2066/3000 [04:11 > 09:20]
SOAP:  69%|██████▉   | 2067/3000 [04:10 > 09:20]
SOAP:  69%|██████▉   | 2068/3000 [04:06 > 09:21]
SOAP:  69%|██████▉   | 2069/3000 [04:11 > 09:21]
SOAP:  69%|██████▉   | 2070/3000 [04:10 > 09:21]
SOAP:  69%|██████▉   | 2071/3000 [04:10 > 09:21]
SOAP:  69%|██████▉   | 2072/3000 [04:09 > 09:22]
SOAP:  69%|██████▉   | 2073/3000 [04:09 > 09:22]
SOAP:  69%|██████▉   | 2074/3000 [04:09 > 09:22]
SOAP:  69%|██████▉   | 2075/3000 [04:09 > 09:22]
SOAP:  69%|██████▉   | 2076/3000 [04:08 > 09:23]
SOAP:  69%|██████▉   | 2077/3000 [04:08 > 09:23]
SOAP:  69%|██████▉   | 2078/3000 [04:08 > 09:23]
SOAP:  69%|██████▉   | 2079/3000 [04:05 > 09:24]
SOAP:  69%|██████▉   | 2080/3000 [04:09 > 09:24]
SOAP:  69%|██████▉   | 2081/3000 [04:09 > 09:24]
SOAP:  69%|██████▉   | 2082/3000 [04:08 > 09:24]
SOAP:  69%|██████▉   | 2083/3000 [04:08 > 09:25]
SOAP:  69%|██████▉   | 2084/3000 [04:07 > 09:25]
SOAP:  70%|██████▉   | 2085/3000 [04:06 > 09:25]
SOAP:  70%|██████▉   | 2086/3000 [04:06 > 09:25]
SOAP:  70%|██████▉   | 2087/3000 [04:05 > 09:26]
SOAP:  70%|██████▉   | 2088/3000 [04:05 > 09:26]
SOAP:  70%|██████▉   | 2089/3000 [04:05 > 09:26]
SOAP:  70%|██████▉   | 2090/3000 [04:05 > 09:27]
SOAP:  70%|██████▉   | 2091/3000 [04:04 > 09:27]
SOAP:  70%|██████▉   | 2092/3000 [04:04 > 09:27]
SOAP:  70%|██████▉   | 2093/3000 [04:03 > 09:27]
SOAP:  70%|██████▉   | 2094/3000 [04:04 > 09:28]
SOAP:  70%|██████▉   | 2095/3000 [04:03 > 09:28]
SOAP:  70%|██████▉   | 2096/3000 [04:03 > 09:28]
SOAP:  70%|██████▉   | 2097/3000 [04:02 > 09:28]
SOAP:  70%|██████▉   | 2098/3000 [04:02 > 09:29]
SOAP:  70%|██████▉   | 2099/3000 [04:02 > 09:29]
SOAP:  70%|███████   | 2100/3000 [04:00 > 09:29]
SOAP:  70%|███████   | 2101/3000 [04:07 > 09:29]
SOAP:  70%|███████   | 2102/3000 [04:03 > 09:30]
SOAP:  70%|███████   | 2103/3000 [04:02 > 09:30]
SOAP:  70%|███████   | 2104/3000 [04:02 > 09:30]
SOAP:  70%|███████   | 2105/3000 [04:01 > 09:31]
SOAP:  70%|███████   | 2106/3000 [04:01 > 09:31]
SOAP:  70%|███████   | 2107/3000 [03:59 > 09:31]
SOAP:  70%|███████   | 2108/3000 [04:00 > 09:31]
SOAP:  70%|███████   | 2109/3000 [03:59 > 09:32]
SOAP:  70%|███████   | 2110/3000 [03:59 > 09:32]
SOAP:  70%|███████   | 2111/3000 [03:59 > 09:32]
SOAP:  70%|███████   | 2112/3000 [03:59 > 09:32]
SOAP:  70%|███████   | 2113/3000 [03:58 > 09:33]
SOAP:  70%|███████   | 2114/3000 [03:58 > 09:33]
SOAP:  70%|███████   | 2115/3000 [03:57 > 09:33]
SOAP:  71%|███████   | 2116/3000 [03:57 > 09:34]
SOAP:  71%|███████   | 2117/3000 [03:56 > 09:34]
SOAP:  71%|███████   | 2118/3000 [03:57 > 09:34]
SOAP:  71%|███████   | 2119/3000 [03:57 > 09:34]
SOAP:  71%|███████   | 2120/3000 [03:56 > 09:35]
SOAP:  71%|███████   | 2121/3000 [03:56 > 09:35]
SOAP:  71%|███████   | 2122/3000 [03:56 > 09:35]
SOAP:  71%|███████   | 2123/3000 [03:56 > 09:35]
SOAP:  71%|███████   | 2124/3000 [03:55 > 09:36]
SOAP:  71%|███████   | 2125/3000 [03:55 > 09:36]
SOAP:  71%|███████   | 2126/3000 [03:55 > 09:36]
SOAP:  71%|███████   | 2127/3000 [03:54 > 09:36]
SOAP:  71%|███████   | 2128/3000 [03:54 > 09:37]
SOAP:  71%|███████   | 2129/3000 [03:54 > 09:37]
SOAP:  71%|███████   | 2130/3000 [03:54 > 09:37]
SOAP:  71%|███████   | 2131/3000 [03:53 > 09:38]
SOAP:  71%|███████   | 2132/3000 [03:53 > 09:38]
SOAP:  71%|███████   | 2133/3000 [03:53 > 09:38]
SOAP:  71%|███████   | 2134/3000 [03:53 > 09:38]
SOAP:  71%|███████   | 2135/3000 [03:52 > 09:39]
SOAP:  71%|███████   | 2136/3000 [03:52 > 09:39]
SOAP:  71%|███████   | 2137/3000 [03:52 > 09:39]
SOAP:  71%|███████▏  | 2138/3000 [03:51 > 09:39]
SOAP:  71%|███████▏  | 2139/3000 [03:51 > 09:40]
SOAP:  71%|███████▏  | 2140/3000 [03:51 > 09:40]
SOAP:  71%|███████▏  | 2141/3000 [03:51 > 09:40]
SOAP:  71%|███████▏  | 2142/3000 [03:50 > 09:41]
SOAP:  71%|███████▏  | 2143/3000 [03:50 > 09:41]
SOAP:  71%|███████▏  | 2144/3000 [03:50 > 09:41]
SOAP:  72%|███████▏  | 2145/3000 [03:49 > 09:41]
SOAP:  72%|███████▏  | 2146/3000 [03:49 > 09:42]
SOAP:  72%|███████▏  | 2147/3000 [03:49 > 09:42]
SOAP:  72%|███████▏  | 2148/3000 [03:48 > 09:42]
SOAP:  72%|███████▏  | 2149/3000 [03:48 > 09:42]
SOAP:  72%|███████▏  | 2150/3000 [03:48 > 09:43]
SOAP:  72%|███████▏  | 2151/3000 [03:48 > 09:43]
SOAP:  72%|███████▏  | 2152/3000 [03:48 > 09:43]
SOAP:  72%|███████▏  | 2153/3000 [03:48 > 09:43]
SOAP:  72%|███████▏  | 2154/3000 [03:44 > 09:44]
SOAP:  72%|███████▏  | 2155/3000 [03:48 > 09:44]
SOAP:  72%|███████▏  | 2156/3000 [03:48 > 09:44]
SOAP:  72%|███████▏  | 2157/3000 [03:49 > 09:45]
SOAP:  72%|███████▏  | 2158/3000 [03:48 > 09:45]
SOAP:  72%|███████▏  | 2159/3000 [03:47 > 09:45]
SOAP:  72%|███████▏  | 2160/3000 [03:46 > 09:45]
SOAP:  72%|███████▏  | 2161/3000 [03:46 > 09:46]
SOAP:  72%|███████▏  | 2162/3000 [03:45 > 09:46]
SOAP:  72%|███████▏  | 2163/3000 [03:45 > 09:46]
SOAP:  72%|███████▏  | 2164/3000 [03:45 > 09:46]
SOAP:  72%|███████▏  | 2165/3000 [03:45 > 09:47]
SOAP:  72%|███████▏  | 2166/3000 [03:44 > 09:47]
SOAP:  72%|███████▏  | 2167/3000 [03:44 > 09:47]
SOAP:  72%|███████▏  | 2168/3000 [03:43 > 09:48]
SOAP:  72%|███████▏  | 2169/3000 [03:43 > 09:48]
SOAP:  72%|███████▏  | 2170/3000 [03:43 > 09:48]
SOAP:  72%|███████▏  | 2171/3000 [03:42 > 09:48]
SOAP:  72%|███████▏  | 2172/3000 [03:42 > 09:49]
SOAP:  72%|███████▏  | 2173/3000 [03:42 > 09:49]
SOAP:  72%|███████▏  | 2174/3000 [03:42 > 09:49]
SOAP:  72%|███████▎  | 2175/3000 [03:41 > 09:49]
SOAP:  73%|███████▎  | 2176/3000 [03:41 > 09:50]
SOAP:  73%|███████▎  | 2177/3000 [03:41 > 09:50]
SOAP:  73%|███████▎  | 2178/3000 [03:40 > 09:50]
SOAP:  73%|███████▎  | 2179/3000 [03:40 > 09:50]
SOAP:  73%|███████▎  | 2180/3000 [03:40 > 09:51]
SOAP:  73%|███████▎  | 2181/3000 [03:40 > 09:51]
SOAP:  73%|███████▎  | 2182/3000 [03:40 > 09:51]
SOAP:  73%|███████▎  | 2183/3000 [03:39 > 09:52]
SOAP:  73%|███████▎  | 2184/3000 [03:39 > 09:52]
SOAP:  73%|███████▎  | 2185/3000 [03:39 > 09:52]
SOAP:  73%|███████▎  | 2186/3000 [03:39 > 09:52]
SOAP:  73%|███████▎  | 2187/3000 [03:38 > 09:53]
SOAP:  73%|███████▎  | 2188/3000 [03:38 > 09:53]
SOAP:  73%|███████▎  | 2189/3000 [03:37 > 09:53]
SOAP:  73%|███████▎  | 2190/3000 [03:37 > 09:53]
SOAP:  73%|███████▎  | 2191/3000 [03:37 > 09:54]
SOAP:  73%|███████▎  | 2192/3000 [03:34 > 09:54]
SOAP:  73%|███████▎  | 2193/3000 [03:38 > 09:54]
SOAP:  73%|███████▎  | 2194/3000 [03:37 > 09:55]
SOAP:  73%|███████▎  | 2195/3000 [03:36 > 09:55]
SOAP:  73%|███████▎  | 2196/3000 [03:36 > 09:55]
SOAP:  73%|███████▎  | 2197/3000 [03:36 > 09:55]
SOAP:  73%|███████▎  | 2198/3000 [03:35 > 09:56]
SOAP:  73%|███████▎  | 2199/3000 [03:35 > 09:56]
SOAP:  73%|███████▎  | 2200/3000 [03:35 > 09:56]
SOAP:  73%|███████▎  | 2201/3000 [03:38 > 09:56]
SOAP:  73%|███████▎  | 2202/3000 [03:35 > 09:57]
SOAP:  73%|███████▎  | 2203/3000 [03:34 > 09:57]
SOAP:  73%|███████▎  | 2204/3000 [03:34 > 09:57]
SOAP:  74%|███████▎  | 2205/3000 [03:30 > 09:57]
SOAP:  74%|███████▎  | 2206/3000 [03:34 > 09:58]
SOAP:  74%|███████▎  | 2207/3000 [03:34 > 09:58]
SOAP:  74%|███████▎  | 2208/3000 [03:33 > 09:58]
SOAP:  74%|███████▎  | 2209/3000 [03:33 > 09:59]
SOAP:  74%|███████▎  | 2210/3000 [03:32 > 09:59]
SOAP:  74%|███████▎  | 2211/3000 [03:32 > 09:59]
SOAP:  74%|███████▎  | 2212/3000 [03:32 > 09:59]
SOAP:  74%|███████▍  | 2213/3000 [03:31 > 10:00]
SOAP:  74%|███████▍  | 2214/3000 [03:31 > 10:00]
SOAP:  74%|███████▍  | 2215/3000 [03:28 > 10:00]
SOAP:  74%|███████▍  | 2216/3000 [03:32 > 10:00]
SOAP:  74%|███████▍  | 2217/3000 [03:31 > 10:01]
SOAP:  74%|███████▍  | 2218/3000 [03:30 > 10:01]
SOAP:  74%|███████▍  | 2219/3000 [03:30 > 10:01]
SOAP:  74%|███████▍  | 2220/3000 [03:30 > 10:02]
SOAP:  74%|███████▍  | 2221/3000 [03:29 > 10:02]
SOAP:  74%|███████▍  | 2222/3000 [03:29 > 10:02]
SOAP:  74%|███████▍  | 2223/3000 [03:29 > 10:02]
SOAP:  74%|███████▍  | 2224/3000 [03:28 > 10:03]
SOAP:  74%|███████▍  | 2225/3000 [03:28 > 10:03]
SOAP:  74%|███████▍  | 2226/3000 [03:28 > 10:03]
SOAP:  74%|███████▍  | 2227/3000 [03:27 > 10:03]
SOAP:  74%|███████▍  | 2228/3000 [03:27 > 10:04]
SOAP:  74%|███████▍  | 2229/3000 [03:27 > 10:04]
SOAP:  74%|███████▍  | 2230/3000 [03:25 > 10:04]
SOAP:  74%|███████▍  | 2231/3000 [03:27 > 10:04]
SOAP:  74%|███████▍  | 2232/3000 [03:26 > 10:05]
SOAP:  74%|███████▍  | 2233/3000 [03:26 > 10:05]
SOAP:  74%|███████▍  | 2234/3000 [03:25 > 10:05]
SOAP:  74%|███████▍  | 2235/3000 [03:25 > 10:06]
SOAP:  75%|███████▍  | 2236/3000 [03:25 > 10:06]
SOAP:  75%|███████▍  | 2237/3000 [03:25 > 10:06]
SOAP:  75%|███████▍  | 2238/3000 [03:25 > 10:06]
SOAP:  75%|███████▍  | 2239/3000 [03:24 > 10:07]
SOAP:  75%|███████▍  | 2240/3000 [03:24 > 10:07]
SOAP:  75%|███████▍  | 2241/3000 [03:24 > 10:07]
SOAP:  75%|███████▍  | 2242/3000 [03:23 > 10:07]
SOAP:  75%|███████▍  | 2243/3000 [03:23 > 10:08]
SOAP:  75%|███████▍  | 2244/3000 [03:23 > 10:08]
SOAP:  75%|███████▍  | 2245/3000 [03:23 > 10:08]
SOAP:  75%|███████▍  | 2246/3000 [03:22 > 10:09]
SOAP:  75%|███████▍  | 2247/3000 [03:22 > 10:09]
SOAP:  75%|███████▍  | 2248/3000 [03:22 > 10:09]
SOAP:  75%|███████▍  | 2249/3000 [03:22 > 10:09]
SOAP:  75%|███████▌  | 2250/3000 [03:21 > 10:10]
SOAP:  75%|███████▌  | 2251/3000 [03:21 > 10:10]
SOAP:  75%|███████▌  | 2252/3000 [03:20 > 10:10]
SOAP:  75%|███████▌  | 2253/3000 [03:17 > 10:10]
SOAP:  75%|███████▌  | 2254/3000 [03:18 > 10:11]
SOAP:  75%|███████▌  | 2255/3000 [03:19 > 10:11]
SOAP:  75%|███████▌  | 2256/3000 [03:19 > 10:11]
SOAP:  75%|███████▌  | 2257/3000 [03:19 > 10:11]
SOAP:  75%|███████▌  | 2258/3000 [03:22 > 10:12]
SOAP:  75%|███████▌  | 2259/3000 [03:21 > 10:12]
SOAP:  75%|███████▌  | 2260/3000 [03:18 > 10:12]
SOAP:  75%|███████▌  | 2261/3000 [03:20 > 10:13]
SOAP:  75%|███████▌  | 2262/3000 [03:20 > 10:13]
SOAP:  75%|███████▌  | 2263/3000 [03:19 > 10:13]
SOAP:  75%|███████▌  | 2264/3000 [03:19 > 10:13]
SOAP:  76%|███████▌  | 2265/3000 [03:18 > 10:14]
SOAP:  76%|███████▌  | 2266/3000 [03:18 > 10:14]
SOAP:  76%|███████▌  | 2267/3000 [03:14 > 10:14]
SOAP:  76%|███████▌  | 2268/3000 [03:18 > 10:14]
SOAP:  76%|███████▌  | 2269/3000 [03:14 > 10:15]
SOAP:  76%|███████▌  | 2270/3000 [03:16 > 10:15]
SOAP:  76%|███████▌  | 2271/3000 [03:17 > 10:15]
SOAP:  76%|███████▌  | 2272/3000 [03:17 > 10:16]
SOAP:  76%|███████▌  | 2273/3000 [03:16 > 10:16]
SOAP:  76%|███████▌  | 2274/3000 [03:15 > 10:16]
SOAP:  76%|███████▌  | 2275/3000 [03:15 > 10:16]
SOAP:  76%|███████▌  | 2276/3000 [03:13 > 10:17]
SOAP:  76%|███████▌  | 2277/3000 [03:15 > 10:17]
SOAP:  76%|███████▌  | 2278/3000 [03:15 > 10:17]
SOAP:  76%|███████▌  | 2279/3000 [03:15 > 10:17]
SOAP:  76%|███████▌  | 2280/3000 [03:12 > 10:18]
SOAP:  76%|███████▌  | 2281/3000 [03:15 > 10:18]
SOAP:  76%|███████▌  | 2282/3000 [03:14 > 10:18]
SOAP:  76%|███████▌  | 2283/3000 [03:12 > 10:18]
SOAP:  76%|███████▌  | 2284/3000 [03:14 > 10:19]
SOAP:  76%|███████▌  | 2285/3000 [03:13 > 10:19]
SOAP:  76%|███████▌  | 2286/3000 [03:13 > 10:19]
SOAP:  76%|███████▌  | 2287/3000 [03:12 > 10:20]
SOAP:  76%|███████▋  | 2288/3000 [03:12 > 10:20]
SOAP:  76%|███████▋  | 2289/3000 [03:11 > 10:20]
SOAP:  76%|███████▋  | 2290/3000 [03:11 > 10:20]
SOAP:  76%|███████▋  | 2291/3000 [03:10 > 10:21]
SOAP:  76%|███████▋  | 2292/3000 [03:11 > 10:21]
SOAP:  76%|███████▋  | 2293/3000 [03:11 > 10:21]
SOAP:  76%|███████▋  | 2294/3000 [03:10 > 10:21]
SOAP:  76%|███████▋  | 2295/3000 [03:10 > 10:22]
SOAP:  77%|███████▋  | 2296/3000 [03:09 > 10:22]
SOAP:  77%|███████▋  | 2297/3000 [03:09 > 10:22]
SOAP:  77%|███████▋  | 2298/3000 [03:09 > 10:23]
SOAP:  77%|███████▋  | 2299/3000 [03:08 > 10:23]
SOAP:  77%|███████▋  | 2300/3000 [03:08 > 10:23]
SOAP:  77%|███████▋  | 2301/3000 [03:11 > 10:23]
SOAP:  77%|███████▋  | 2302/3000 [03:08 > 10:24]
SOAP:  77%|███████▋  | 2303/3000 [03:08 > 10:24]
SOAP:  77%|███████▋  | 2304/3000 [03:07 > 10:24]
SOAP:  77%|███████▋  | 2305/3000 [03:04 > 10:24]
SOAP:  77%|███████▋  | 2306/3000 [03:05 > 10:25]
SOAP:  77%|███████▋  | 2307/3000 [03:05 > 10:25]
SOAP:  77%|███████▋  | 2308/3000 [03:04 > 10:25]
SOAP:  77%|███████▋  | 2309/3000 [03:05 > 10:25]
SOAP:  77%|███████▋  | 2310/3000 [03:05 > 10:26]
SOAP:  77%|███████▋  | 2311/3000 [03:05 > 10:26]
SOAP:  77%|███████▋  | 2312/3000 [03:05 > 10:26]
SOAP:  77%|███████▋  | 2313/3000 [03:04 > 10:27]
SOAP:  77%|███████▋  | 2314/3000 [03:04 > 10:27]
SOAP:  77%|███████▋  | 2315/3000 [03:04 > 10:27]
SOAP:  77%|███████▋  | 2316/3000 [03:04 > 10:27]
SOAP:  77%|███████▋  | 2317/3000 [03:04 > 10:28]
SOAP:  77%|███████▋  | 2318/3000 [03:03 > 10:28]
SOAP:  77%|███████▋  | 2319/3000 [03:03 > 10:28]
SOAP:  77%|███████▋  | 2320/3000 [03:04 > 10:28]
SOAP:  77%|███████▋  | 2321/3000 [03:03 > 10:29]
SOAP:  77%|███████▋  | 2322/3000 [03:02 > 10:29]
SOAP:  77%|███████▋  | 2323/3000 [03:02 > 10:29]
SOAP:  77%|███████▋  | 2324/3000 [03:02 > 10:30]
SOAP:  78%|███████▊  | 2325/3000 [03:02 > 10:30]
SOAP:  78%|███████▊  | 2326/3000 [03:01 > 10:30]
SOAP:  78%|███████▊  | 2327/3000 [03:01 > 10:30]
SOAP:  78%|███████▊  | 2328/3000 [03:00 > 10:31]
SOAP:  78%|███████▊  | 2329/3000 [03:00 > 10:31]
SOAP:  78%|███████▊  | 2330/3000 [03:00 > 10:31]
SOAP:  78%|███████▊  | 2331/3000 [03:00 > 10:31]
SOAP:  78%|███████▊  | 2332/3000 [02:59 > 10:32]
SOAP:  78%|███████▊  | 2333/3000 [02:59 > 10:32]
SOAP:  78%|███████▊  | 2334/3000 [02:59 > 10:32]
SOAP:  78%|███████▊  | 2335/3000 [02:59 > 10:32]
SOAP:  78%|███████▊  | 2336/3000 [02:58 > 10:33]
SOAP:  78%|███████▊  | 2337/3000 [02:59 > 10:33]
SOAP:  78%|███████▊  | 2338/3000 [02:57 > 10:33]
SOAP:  78%|███████▊  | 2339/3000 [02:57 > 10:34]
SOAP:  78%|███████▊  | 2340/3000 [02:57 > 10:34]
SOAP:  78%|███████▊  | 2341/3000 [02:58 > 10:34]
SOAP:  78%|███████▊  | 2342/3000 [03:01 > 10:34]
SOAP:  78%|███████▊  | 2343/3000 [02:56 > 10:35]
SOAP:  78%|███████▊  | 2344/3000 [02:56 > 10:35]
SOAP:  78%|███████▊  | 2345/3000 [02:56 > 10:35]
SOAP:  78%|███████▊  | 2346/3000 [02:55 > 10:35]
SOAP:  78%|███████▊  | 2347/3000 [02:55 > 10:36]
SOAP:  78%|███████▊  | 2348/3000 [02:55 > 10:36]
SOAP:  78%|███████▊  | 2349/3000 [02:55 > 10:36]
SOAP:  78%|███████▊  | 2350/3000 [02:55 > 10:37]
SOAP:  78%|███████▊  | 2351/3000 [02:54 > 10:37]
SOAP:  78%|███████▊  | 2352/3000 [02:54 > 10:37]
SOAP:  78%|███████▊  | 2353/3000 [02:54 > 10:37]
SOAP:  78%|███████▊  | 2354/3000 [02:53 > 10:38]
SOAP:  78%|███████▊  | 2355/3000 [02:53 > 10:38]
SOAP:  79%|███████▊  | 2356/3000 [02:55 > 10:38]
SOAP:  79%|███████▊  | 2357/3000 [02:51 > 10:38]
SOAP:  79%|███████▊  | 2358/3000 [02:52 > 10:39]
SOAP:  79%|███████▊  | 2359/3000 [02:51 > 10:39]
SOAP:  79%|███████▊  | 2360/3000 [02:52 > 10:39]
SOAP:  79%|███████▊  | 2361/3000 [02:51 > 10:39]
SOAP:  79%|███████▊  | 2362/3000 [02:51 > 10:40]
SOAP:  79%|███████▉  | 2363/3000 [02:51 > 10:40]
SOAP:  79%|███████▉  | 2364/3000 [02:51 > 10:40]
SOAP:  79%|███████▉  | 2365/3000 [02:50 > 10:41]
SOAP:  79%|███████▉  | 2366/3000 [02:53 > 10:41]
SOAP:  79%|███████▉  | 2367/3000 [02:50 > 10:41]
SOAP:  79%|███████▉  | 2368/3000 [02:49 > 10:41]
SOAP:  79%|███████▉  | 2369/3000 [02:49 > 10:42]
SOAP:  79%|███████▉  | 2370/3000 [02:49 > 10:42]
SOAP:  79%|███████▉  | 2371/3000 [02:49 > 10:42]
SOAP:  79%|███████▉  | 2372/3000 [02:48 > 10:42]
SOAP:  79%|███████▉  | 2373/3000 [02:48 > 10:43]
SOAP:  79%|███████▉  | 2374/3000 [02:50 > 10:43]
SOAP:  79%|███████▉  | 2375/3000 [02:49 > 10:43]
SOAP:  79%|███████▉  | 2376/3000 [02:49 > 10:44]
SOAP:  79%|███████▉  | 2377/3000 [02:49 > 10:44]
SOAP:  79%|███████▉  | 2378/3000 [02:48 > 10:44]
SOAP:  79%|███████▉  | 2379/3000 [02:48 > 10:44]
SOAP:  79%|███████▉  | 2380/3000 [02:44 > 10:45]
SOAP:  79%|███████▉  | 2381/3000 [02:47 > 10:45]
SOAP:  79%|███████▉  | 2382/3000 [02:46 > 10:45]
SOAP:  79%|███████▉  | 2383/3000 [02:46 > 10:45]
SOAP:  79%|███████▉  | 2384/3000 [02:45 > 10:46]
SOAP:  80%|███████▉  | 2385/3000 [02:45 > 10:46]
SOAP:  80%|███████▉  | 2386/3000 [02:45 > 10:46]
SOAP:  80%|███████▉  | 2387/3000 [02:44 > 10:46]
SOAP:  80%|███████▉  | 2388/3000 [02:44 > 10:47]
SOAP:  80%|███████▉  | 2389/3000 [02:44 > 10:47]
SOAP:  80%|███████▉  | 2390/3000 [02:43 > 10:47]
SOAP:  80%|███████▉  | 2391/3000 [02:43 > 10:48]
SOAP:  80%|███████▉  | 2392/3000 [02:43 > 10:48]
SOAP:  80%|███████▉  | 2393/3000 [02:43 > 10:48]
SOAP:  80%|███████▉  | 2394/3000 [02:40 > 10:48]
SOAP:  80%|███████▉  | 2395/3000 [02:43 > 10:49]
SOAP:  80%|███████▉  | 2396/3000 [02:43 > 10:49]
SOAP:  80%|███████▉  | 2397/3000 [02:40 > 10:49]
SOAP:  80%|███████▉  | 2398/3000 [02:41 > 10:49]
SOAP:  80%|███████▉  | 2399/3000 [02:43 > 10:50]
SOAP:  80%|████████  | 2400/3000 [02:40 > 10:50]
SOAP:  80%|████████  | 2401/3000 [02:45 > 10:50]
SOAP:  80%|████████  | 2402/3000 [02:42 > 10:51]
SOAP:  80%|████████  | 2403/3000 [02:41 > 10:51]
SOAP:  80%|████████  | 2404/3000 [02:39 > 10:51]
SOAP:  80%|████████  | 2405/3000 [02:40 > 10:51]
SOAP:  80%|████████  | 2406/3000 [02:41 > 10:52]
SOAP:  80%|████████  | 2407/3000 [02:39 > 10:52]
SOAP:  80%|████████  | 2408/3000 [02:38 > 10:52]
SOAP:  80%|████████  | 2409/3000 [02:38 > 10:52]
SOAP:  80%|████████  | 2410/3000 [02:40 > 10:53]
SOAP:  80%|████████  | 2411/3000 [02:38 > 10:53]
SOAP:  80%|████████  | 2412/3000 [02:37 > 10:53]
SOAP:  80%|████████  | 2413/3000 [02:37 > 10:54]
SOAP:  80%|████████  | 2414/3000 [02:37 > 10:54]
SOAP:  80%|████████  | 2415/3000 [02:38 > 10:54]
SOAP:  81%|████████  | 2416/3000 [02:37 > 10:54]
SOAP:  81%|████████  | 2417/3000 [02:37 > 10:55]
SOAP:  81%|████████  | 2418/3000 [02:38 > 10:55]
SOAP:  81%|████████  | 2419/3000 [02:36 > 10:55]
SOAP:  81%|████████  | 2420/3000 [02:39 > 10:55]
SOAP:  81%|████████  | 2421/3000 [02:37 > 10:56]
SOAP:  81%|████████  | 2422/3000 [02:35 > 10:56]
SOAP:  81%|████████  | 2423/3000 [02:36 > 10:56]
SOAP:  81%|████████  | 2424/3000 [02:36 > 10:56]
SOAP:  81%|████████  | 2425/3000 [02:35 > 10:57]
SOAP:  81%|████████  | 2426/3000 [02:34 > 10:57]
SOAP:  81%|████████  | 2427/3000 [02:35 > 10:57]
SOAP:  81%|████████  | 2428/3000 [02:33 > 10:58]
SOAP:  81%|████████  | 2429/3000 [02:33 > 10:58]
SOAP:  81%|████████  | 2430/3000 [02:33 > 10:58]
SOAP:  81%|████████  | 2431/3000 [02:35 > 10:58]
SOAP:  81%|████████  | 2432/3000 [02:34 > 10:59]
SOAP:  81%|████████  | 2433/3000 [02:32 > 10:59]
SOAP:  81%|████████  | 2434/3000 [02:34 > 10:59]
SOAP:  81%|████████  | 2435/3000 [02:33 > 10:59]
SOAP:  81%|████████  | 2436/3000 [02:34 > 11:00]
SOAP:  81%|████████  | 2437/3000 [02:30 > 11:00]
SOAP:  81%|████████▏ | 2438/3000 [02:33 > 11:00]
SOAP:  81%|████████▏ | 2439/3000 [02:29 > 11:01]
SOAP:  81%|████████▏ | 2440/3000 [02:32 > 11:01]
SOAP:  81%|████████▏ | 2441/3000 [02:31 > 11:01]
SOAP:  81%|████████▏ | 2442/3000 [02:31 > 11:01]
SOAP:  81%|████████▏ | 2443/3000 [02:30 > 11:02]
SOAP:  81%|████████▏ | 2444/3000 [02:30 > 11:02]
SOAP:  82%|████████▏ | 2445/3000 [02:27 > 11:02]
SOAP:  82%|████████▏ | 2446/3000 [02:30 > 11:02]
SOAP:  82%|████████▏ | 2447/3000 [02:29 > 11:03]
SOAP:  82%|████████▏ | 2448/3000 [02:27 > 11:03]
SOAP:  82%|████████▏ | 2449/3000 [02:29 > 11:03]
SOAP:  82%|████████▏ | 2450/3000 [02:29 > 11:04]
SOAP:  82%|████████▏ | 2451/3000 [02:28 > 11:04]
SOAP:  82%|████████▏ | 2452/3000 [02:26 > 11:04]
SOAP:  82%|████████▏ | 2453/3000 [02:28 > 11:04]
SOAP:  82%|████████▏ | 2454/3000 [02:27 > 11:05]
SOAP:  82%|████████▏ | 2455/3000 [02:25 > 11:05]
SOAP:  82%|████████▏ | 2456/3000 [02:27 > 11:05]
SOAP:  82%|████████▏ | 2457/3000 [02:27 > 11:05]
SOAP:  82%|████████▏ | 2458/3000 [02:26 > 11:06]
SOAP:  82%|████████▏ | 2459/3000 [02:26 > 11:06]
SOAP:  82%|████████▏ | 2460/3000 [02:25 > 11:06]
SOAP:  82%|████████▏ | 2461/3000 [02:25 > 11:06]
SOAP:  82%|████████▏ | 2462/3000 [02:25 > 11:07]
SOAP:  82%|████████▏ | 2463/3000 [02:24 > 11:07]
SOAP:  82%|████████▏ | 2464/3000 [02:24 > 11:07]
SOAP:  82%|████████▏ | 2465/3000 [02:24 > 11:08]
SOAP:  82%|████████▏ | 2466/3000 [02:23 > 11:08]
SOAP:  82%|████████▏ | 2467/3000 [02:21 > 11:08]
SOAP:  82%|████████▏ | 2468/3000 [02:24 > 11:08]
SOAP:  82%|████████▏ | 2469/3000 [02:24 > 11:09]
SOAP:  82%|████████▏ | 2470/3000 [02:22 > 11:09]
SOAP:  82%|████████▏ | 2471/3000 [02:24 > 11:09]
SOAP:  82%|████████▏ | 2472/3000 [02:23 > 11:09]
SOAP:  82%|████████▏ | 2473/3000 [02:22 > 11:10]
SOAP:  82%|████████▏ | 2474/3000 [02:19 > 11:10]
SOAP:  82%|████████▎ | 2475/3000 [02:22 > 11:10]
SOAP:  83%|████████▎ | 2476/3000 [02:21 > 11:11]
SOAP:  83%|████████▎ | 2477/3000 [02:21 > 11:11]
SOAP:  83%|████████▎ | 2478/3000 [02:20 > 11:11]
SOAP:  83%|████████▎ | 2479/3000 [02:20 > 11:11]
SOAP:  83%|████████▎ | 2480/3000 [02:19 > 11:12]
SOAP:  83%|████████▎ | 2481/3000 [02:19 > 11:12]
SOAP:  83%|████████▎ | 2482/3000 [02:19 > 11:12]
SOAP:  83%|████████▎ | 2483/3000 [02:19 > 11:12]
SOAP:  83%|████████▎ | 2484/3000 [02:18 > 11:13]
SOAP:  83%|████████▎ | 2485/3000 [02:18 > 11:13]
SOAP:  83%|████████▎ | 2486/3000 [02:18 > 11:13]
SOAP:  83%|████████▎ | 2487/3000 [02:18 > 11:13]
SOAP:  83%|████████▎ | 2488/3000 [02:17 > 11:14]
SOAP:  83%|████████▎ | 2489/3000 [02:15 > 11:14]
SOAP:  83%|████████▎ | 2490/3000 [02:18 > 11:14]
SOAP:  83%|████████▎ | 2491/3000 [02:17 > 11:15]
SOAP:  83%|████████▎ | 2492/3000 [02:16 > 11:15]
SOAP:  83%|████████▎ | 2493/3000 [02:14 > 11:15]
SOAP:  83%|████████▎ | 2494/3000 [02:16 > 11:15]
SOAP:  83%|████████▎ | 2495/3000 [02:16 > 11:16]
SOAP:  83%|████████▎ | 2496/3000 [02:14 > 11:16]
SOAP:  83%|████████▎ | 2497/3000 [02:13 > 11:16]
SOAP:  83%|████████▎ | 2498/3000 [02:16 > 11:16]
SOAP:  83%|████████▎ | 2499/3000 [02:15 > 11:17]
SOAP:  83%|████████▎ | 2500/3000 [02:14 > 11:17]
SOAP:  83%|████████▎ | 2501/3000 [02:13 > 11:17]
SOAP:  83%|████████▎ | 2502/3000 [02:15 > 11:18]
SOAP:  83%|████████▎ | 2503/3000 [02:14 > 11:18]
SOAP:  83%|████████▎ | 2504/3000 [02:14 > 11:18]
SOAP:  84%|████████▎ | 2505/3000 [02:11 > 11:18]
SOAP:  84%|████████▎ | 2506/3000 [02:14 > 11:19]
SOAP:  84%|████████▎ | 2507/3000 [02:13 > 11:19]
SOAP:  84%|████████▎ | 2508/3000 [02:13 > 11:19]
SOAP:  84%|████████▎ | 2509/3000 [02:12 > 11:19]
SOAP:  84%|████████▎ | 2510/3000 [02:13 > 11:20]
SOAP:  84%|████████▎ | 2511/3000 [02:12 > 11:20]
SOAP:  84%|████████▎ | 2512/3000 [02:12 > 11:20]
SOAP:  84%|████████▍ | 2513/3000 [02:13 > 11:21]
SOAP:  84%|████████▍ | 2514/3000 [02:13 > 11:21]
SOAP:  84%|████████▍ | 2515/3000 [02:13 > 11:21]
SOAP:  84%|████████▍ | 2516/3000 [02:13 > 11:21]
SOAP:  84%|████████▍ | 2517/3000 [02:12 > 11:22]
SOAP:  84%|████████▍ | 2518/3000 [02:12 > 11:22]
SOAP:  84%|████████▍ | 2519/3000 [02:12 > 11:22]
SOAP:  84%|████████▍ | 2520/3000 [02:12 > 11:22]
SOAP:  84%|████████▍ | 2521/3000 [02:11 > 11:23]
SOAP:  84%|████████▍ | 2522/3000 [02:11 > 11:23]
SOAP:  84%|████████▍ | 2523/3000 [02:11 > 11:23]
SOAP:  84%|████████▍ | 2524/3000 [02:11 > 11:24]
SOAP:  84%|████████▍ | 2525/3000 [02:10 > 11:24]
SOAP:  84%|████████▍ | 2526/3000 [02:10 > 11:24]
SOAP:  84%|████████▍ | 2527/3000 [02:10 > 11:24]
SOAP:  84%|████████▍ | 2528/3000 [02:10 > 11:25]
SOAP:  84%|████████▍ | 2529/3000 [02:09 > 11:25]
SOAP:  84%|████████▍ | 2530/3000 [02:07 > 11:25]
SOAP:  84%|████████▍ | 2531/3000 [02:08 > 11:25]
SOAP:  84%|████████▍ | 2532/3000 [02:08 > 11:26]
SOAP:  84%|████████▍ | 2533/3000 [02:08 > 11:26]
SOAP:  84%|████████▍ | 2534/3000 [02:08 > 11:26]
SOAP:  84%|████████▍ | 2535/3000 [02:08 > 11:27]
SOAP:  85%|████████▍ | 2536/3000 [02:07 > 11:27]
SOAP:  85%|████████▍ | 2537/3000 [02:07 > 11:27]
SOAP:  85%|████████▍ | 2538/3000 [02:07 > 11:27]
SOAP:  85%|████████▍ | 2539/3000 [02:07 > 11:28]
SOAP:  85%|████████▍ | 2540/3000 [02:06 > 11:28]
SOAP:  85%|████████▍ | 2541/3000 [02:06 > 11:28]
SOAP:  85%|████████▍ | 2542/3000 [02:06 > 11:29]
SOAP:  85%|████████▍ | 2543/3000 [02:05 > 11:29]
SOAP:  85%|████████▍ | 2544/3000 [02:05 > 11:29]
SOAP:  85%|████████▍ | 2545/3000 [02:05 > 11:29]
SOAP:  85%|████████▍ | 2546/3000 [02:03 > 11:30]
SOAP:  85%|████████▍ | 2547/3000 [02:04 > 11:30]
SOAP:  85%|████████▍ | 2548/3000 [02:04 > 11:30]
SOAP:  85%|████████▍ | 2549/3000 [02:04 > 11:30]
SOAP:  85%|████████▌ | 2550/3000 [02:04 > 11:31]
SOAP:  85%|████████▌ | 2551/3000 [02:03 > 11:31]
SOAP:  85%|████████▌ | 2552/3000 [02:03 > 11:31]
SOAP:  85%|████████▌ | 2553/3000 [02:03 > 11:32]
SOAP:  85%|████████▌ | 2554/3000 [02:02 > 11:32]
SOAP:  85%|████████▌ | 2555/3000 [02:02 > 11:32]
SOAP:  85%|████████▌ | 2556/3000 [02:02 > 11:32]
SOAP:  85%|████████▌ | 2557/3000 [02:02 > 11:33]
SOAP:  85%|████████▌ | 2558/3000 [02:01 > 11:33]
SOAP:  85%|████████▌ | 2559/3000 [02:01 > 11:33]
SOAP:  85%|████████▌ | 2560/3000 [02:01 > 11:33]
SOAP:  85%|████████▌ | 2561/3000 [02:00 > 11:34]
SOAP:  85%|████████▌ | 2562/3000 [02:00 > 11:34]
SOAP:  85%|████████▌ | 2563/3000 [02:00 > 11:34]
SOAP:  85%|████████▌ | 2564/3000 [02:00 > 11:35]
SOAP:  86%|████████▌ | 2565/3000 [01:59 > 11:35]
SOAP:  86%|████████▌ | 2566/3000 [01:59 > 11:35]
SOAP:  86%|████████▌ | 2567/3000 [01:59 > 11:35]
SOAP:  86%|████████▌ | 2568/3000 [01:59 > 11:36]
SOAP:  86%|████████▌ | 2569/3000 [01:58 > 11:36]
SOAP:  86%|████████▌ | 2570/3000 [01:58 > 11:36]
SOAP:  86%|████████▌ | 2571/3000 [01:58 > 11:36]
SOAP:  86%|████████▌ | 2572/3000 [01:57 > 11:37]
SOAP:  86%|████████▌ | 2573/3000 [01:57 > 11:37]
SOAP:  86%|████████▌ | 2574/3000 [01:57 > 11:37]
SOAP:  86%|████████▌ | 2575/3000 [01:57 > 11:38]
SOAP:  86%|████████▌ | 2576/3000 [01:57 > 11:38]
SOAP:  86%|████████▌ | 2577/3000 [01:56 > 11:38]
SOAP:  86%|████████▌ | 2578/3000 [01:56 > 11:38]
SOAP:  86%|████████▌ | 2579/3000 [01:56 > 11:39]
SOAP:  86%|████████▌ | 2580/3000 [01:55 > 11:39]
SOAP:  86%|████████▌ | 2581/3000 [01:55 > 11:39]
SOAP:  86%|████████▌ | 2582/3000 [01:55 > 11:40]
SOAP:  86%|████████▌ | 2583/3000 [01:54 > 11:40]
SOAP:  86%|████████▌ | 2584/3000 [01:54 > 11:40]
SOAP:  86%|████████▌ | 2585/3000 [01:54 > 11:40]
SOAP:  86%|████████▌ | 2586/3000 [01:54 > 11:41]
SOAP:  86%|████████▌ | 2587/3000 [01:53 > 11:41]
SOAP:  86%|████████▋ | 2588/3000 [01:53 > 11:41]
SOAP:  86%|████████▋ | 2589/3000 [01:53 > 11:41]
SOAP:  86%|████████▋ | 2590/3000 [01:53 > 11:42]
SOAP:  86%|████████▋ | 2591/3000 [01:52 > 11:42]
SOAP:  86%|████████▋ | 2592/3000 [01:52 > 11:42]
SOAP:  86%|████████▋ | 2593/3000 [01:52 > 11:43]
SOAP:  86%|████████▋ | 2594/3000 [01:52 > 11:43]
SOAP:  86%|████████▋ | 2595/3000 [01:51 > 11:43]
SOAP:  87%|████████▋ | 2596/3000 [01:51 > 11:43]
SOAP:  87%|████████▋ | 2597/3000 [01:51 > 11:44]
SOAP:  87%|████████▋ | 2598/3000 [01:50 > 11:44]
SOAP:  87%|████████▋ | 2599/3000 [01:50 > 11:44]
SOAP:  87%|████████▋ | 2600/3000 [01:50 > 11:44]
SOAP:  87%|████████▋ | 2601/3000 [01:51 > 11:45]
SOAP:  87%|████████▋ | 2602/3000 [01:50 > 11:45]
SOAP:  87%|████████▋ | 2603/3000 [01:48 > 11:45]
SOAP:  87%|████████▋ | 2604/3000 [01:49 > 11:46]
SOAP:  87%|████████▋ | 2605/3000 [01:48 > 11:46]
SOAP:  87%|████████▋ | 2606/3000 [01:48 > 11:46]
SOAP:  87%|████████▋ | 2607/3000 [01:48 > 11:46]
SOAP:  87%|████████▋ | 2608/3000 [01:47 > 11:47]
SOAP:  87%|████████▋ | 2609/3000 [01:47 > 11:47]
SOAP:  87%|████████▋ | 2610/3000 [01:47 > 11:47]
SOAP:  87%|████████▋ | 2611/3000 [01:47 > 11:48]
SOAP:  87%|████████▋ | 2612/3000 [01:46 > 11:48]
SOAP:  87%|████████▋ | 2613/3000 [01:46 > 11:48]
SOAP:  87%|████████▋ | 2614/3000 [01:46 > 11:48]
SOAP:  87%|████████▋ | 2615/3000 [01:46 > 11:49]
SOAP:  87%|████████▋ | 2616/3000 [01:45 > 11:49]
SOAP:  87%|████████▋ | 2617/3000 [01:45 > 11:49]
SOAP:  87%|████████▋ | 2618/3000 [01:45 > 11:49]
SOAP:  87%|████████▋ | 2619/3000 [01:44 > 11:50]
SOAP:  87%|████████▋ | 2620/3000 [01:44 > 11:50]
SOAP:  87%|████████▋ | 2621/3000 [01:44 > 11:50]
SOAP:  87%|████████▋ | 2622/3000 [01:44 > 11:51]
SOAP:  87%|████████▋ | 2623/3000 [01:43 > 11:51]
SOAP:  87%|████████▋ | 2624/3000 [01:43 > 11:51]
SOAP:  88%|████████▊ | 2625/3000 [01:43 > 11:51]
SOAP:  88%|████████▊ | 2626/3000 [01:43 > 11:52]
SOAP:  88%|████████▊ | 2627/3000 [01:42 > 11:52]
SOAP:  88%|████████▊ | 2628/3000 [01:42 > 11:52]
SOAP:  88%|████████▊ | 2629/3000 [01:42 > 11:52]
SOAP:  88%|████████▊ | 2630/3000 [01:42 > 11:53]
SOAP:  88%|████████▊ | 2631/3000 [01:41 > 11:53]
SOAP:  88%|████████▊ | 2632/3000 [01:41 > 11:53]
SOAP:  88%|████████▊ | 2633/3000 [01:41 > 11:54]
SOAP:  88%|████████▊ | 2634/3000 [01:40 > 11:54]
SOAP:  88%|████████▊ | 2635/3000 [01:40 > 11:54]
SOAP:  88%|████████▊ | 2636/3000 [01:40 > 11:54]
SOAP:  88%|████████▊ | 2637/3000 [01:39 > 11:55]
SOAP:  88%|████████▊ | 2638/3000 [01:39 > 11:55]
SOAP:  88%|████████▊ | 2639/3000 [01:39 > 11:55]
SOAP:  88%|████████▊ | 2640/3000 [01:37 > 11:55]
SOAP:  88%|████████▊ | 2641/3000 [01:38 > 11:56]
SOAP:  88%|████████▊ | 2642/3000 [01:38 > 11:56]
SOAP:  88%|████████▊ | 2643/3000 [01:37 > 11:56]
SOAP:  88%|████████▊ | 2644/3000 [01:37 > 11:57]
SOAP:  88%|████████▊ | 2645/3000 [01:37 > 11:57]
SOAP:  88%|████████▊ | 2646/3000 [01:37 > 11:57]
SOAP:  88%|████████▊ | 2647/3000 [01:37 > 11:57]
SOAP:  88%|████████▊ | 2648/3000 [01:37 > 11:58]
SOAP:  88%|████████▊ | 2649/3000 [01:36 > 11:58]
SOAP:  88%|████████▊ | 2650/3000 [01:36 > 11:58]
SOAP:  88%|████████▊ | 2651/3000 [01:36 > 11:59]
SOAP:  88%|████████▊ | 2652/3000 [01:35 > 11:59]
SOAP:  88%|████████▊ | 2653/3000 [01:35 > 11:59]
SOAP:  88%|████████▊ | 2654/3000 [01:35 > 11:59]
SOAP:  88%|████████▊ | 2655/3000 [01:34 > 12:00]
SOAP:  89%|████████▊ | 2656/3000 [01:34 > 12:00]
SOAP:  89%|████████▊ | 2657/3000 [01:34 > 12:00]
SOAP:  89%|████████▊ | 2658/3000 [01:34 > 12:00]
SOAP:  89%|████████▊ | 2659/3000 [01:34 > 12:01]
SOAP:  89%|████████▊ | 2660/3000 [01:33 > 12:01]
SOAP:  89%|████████▊ | 2661/3000 [01:33 > 12:01]
SOAP:  89%|████████▊ | 2662/3000 [01:33 > 12:02]
SOAP:  89%|████████▉ | 2663/3000 [01:32 > 12:02]
SOAP:  89%|████████▉ | 2664/3000 [01:32 > 12:02]
SOAP:  89%|████████▉ | 2665/3000 [01:32 > 12:02]
SOAP:  89%|████████▉ | 2666/3000 [01:32 > 12:03]
SOAP:  89%|████████▉ | 2667/3000 [01:31 > 12:03]
SOAP:  89%|████████▉ | 2668/3000 [01:31 > 12:03]
SOAP:  89%|████████▉ | 2669/3000 [01:31 > 12:03]
SOAP:  89%|████████▉ | 2670/3000 [01:31 > 12:04]
SOAP:  89%|████████▉ | 2671/3000 [01:30 > 12:04]
SOAP:  89%|████████▉ | 2672/3000 [01:30 > 12:04]
SOAP:  89%|████████▉ | 2673/3000 [01:30 > 12:05]
SOAP:  89%|████████▉ | 2674/3000 [01:29 > 12:05]
SOAP:  89%|████████▉ | 2675/3000 [01:29 > 12:05]
SOAP:  89%|████████▉ | 2676/3000 [01:29 > 12:05]
SOAP:  89%|████████▉ | 2677/3000 [01:28 > 12:06]
SOAP:  89%|████████▉ | 2678/3000 [01:28 > 12:06]
SOAP:  89%|████████▉ | 2679/3000 [01:28 > 12:06]
SOAP:  89%|████████▉ | 2680/3000 [01:28 > 12:07]
SOAP:  89%|████████▉ | 2681/3000 [01:27 > 12:07]
SOAP:  89%|████████▉ | 2682/3000 [01:27 > 12:07]
SOAP:  89%|████████▉ | 2683/3000 [01:27 > 12:07]
SOAP:  89%|████████▉ | 2684/3000 [01:27 > 12:08]
SOAP:  90%|████████▉ | 2685/3000 [01:26 > 12:08]
SOAP:  90%|████████▉ | 2686/3000 [01:26 > 12:08]
SOAP:  90%|████████▉ | 2687/3000 [01:26 > 12:08]
SOAP:  90%|████████▉ | 2688/3000 [01:26 > 12:09]
SOAP:  90%|████████▉ | 2689/3000 [01:25 > 12:09]
SOAP:  90%|████████▉ | 2690/3000 [01:25 > 12:09]
SOAP:  90%|████████▉ | 2691/3000 [01:25 > 12:10]
SOAP:  90%|████████▉ | 2692/3000 [01:24 > 12:10]
SOAP:  90%|████████▉ | 2693/3000 [01:24 > 12:10]
SOAP:  90%|████████▉ | 2694/3000 [01:24 > 12:10]
SOAP:  90%|████████▉ | 2695/3000 [01:24 > 12:11]
SOAP:  90%|████████▉ | 2696/3000 [01:23 > 12:11]
SOAP:  90%|████████▉ | 2697/3000 [01:23 > 12:11]
SOAP:  90%|████████▉ | 2698/3000 [01:23 > 12:11]
SOAP:  90%|████████▉ | 2699/3000 [01:22 > 12:12]
SOAP:  90%|█████████ | 2700/3000 [01:22 > 12:12]
SOAP:  90%|█████████ | 2701/3000 [01:23 > 12:12]
SOAP:  90%|█████████ | 2702/3000 [01:22 > 12:13]
SOAP:  90%|█████████ | 2703/3000 [01:22 > 12:13]
SOAP:  90%|█████████ | 2704/3000 [01:21 > 12:13]
SOAP:  90%|█████████ | 2705/3000 [01:21 > 12:13]
SOAP:  90%|█████████ | 2706/3000 [01:21 > 12:14]
SOAP:  90%|█████████ | 2707/3000 [01:20 > 12:14]
SOAP:  90%|█████████ | 2708/3000 [01:20 > 12:14]
SOAP:  90%|█████████ | 2709/3000 [01:20 > 12:15]
SOAP:  90%|█████████ | 2710/3000 [01:19 > 12:15]
SOAP:  90%|█████████ | 2711/3000 [01:19 > 12:15]
SOAP:  90%|█████████ | 2712/3000 [01:19 > 12:15]
SOAP:  90%|█████████ | 2713/3000 [01:19 > 12:16]
SOAP:  90%|█████████ | 2714/3000 [01:18 > 12:16]
SOAP:  90%|█████████ | 2715/3000 [01:18 > 12:16]
SOAP:  91%|█████████ | 2716/3000 [01:18 > 12:16]
SOAP:  91%|█████████ | 2717/3000 [01:17 > 12:17]
SOAP:  91%|█████████ | 2718/3000 [01:17 > 12:17]
SOAP:  91%|█████████ | 2719/3000 [01:17 > 12:17]
SOAP:  91%|█████████ | 2720/3000 [01:17 > 12:18]
SOAP:  91%|█████████ | 2721/3000 [01:16 > 12:18]
SOAP:  91%|█████████ | 2722/3000 [01:16 > 12:18]
SOAP:  91%|█████████ | 2723/3000 [01:16 > 12:18]
SOAP:  91%|█████████ | 2724/3000 [01:16 > 12:19]
SOAP:  91%|█████████ | 2725/3000 [01:15 > 12:19]
SOAP:  91%|█████████ | 2726/3000 [01:15 > 12:19]
SOAP:  91%|█████████ | 2727/3000 [01:15 > 12:19]
SOAP:  91%|█████████ | 2728/3000 [01:14 > 12:20]
SOAP:  91%|█████████ | 2729/3000 [01:14 > 12:20]
SOAP:  91%|█████████ | 2730/3000 [01:14 > 12:20]
SOAP:  91%|█████████ | 2731/3000 [01:14 > 12:21]
SOAP:  91%|█████████ | 2732/3000 [01:13 > 12:21]
SOAP:  91%|█████████ | 2733/3000 [01:13 > 12:21]
SOAP:  91%|█████████ | 2734/3000 [01:13 > 12:21]
SOAP:  91%|█████████ | 2735/3000 [01:13 > 12:22]
SOAP:  91%|█████████ | 2736/3000 [01:12 > 12:22]
SOAP:  91%|█████████ | 2737/3000 [01:12 > 12:22]
SOAP:  91%|█████████▏| 2738/3000 [01:12 > 12:23]
SOAP:  91%|█████████▏| 2739/3000 [01:11 > 12:23]
SOAP:  91%|█████████▏| 2740/3000 [01:11 > 12:23]
SOAP:  91%|█████████▏| 2741/3000 [01:11 > 12:23]
SOAP:  91%|█████████▏| 2742/3000 [01:11 > 12:24]
SOAP:  91%|█████████▏| 2743/3000 [01:10 > 12:24]
SOAP:  91%|█████████▏| 2744/3000 [01:10 > 12:24]
SOAP:  92%|█████████▏| 2745/3000 [01:10 > 12:24]
SOAP:  92%|█████████▏| 2746/3000 [01:10 > 12:25]
SOAP:  92%|█████████▏| 2747/3000 [01:09 > 12:25]
SOAP:  92%|█████████▏| 2748/3000 [01:09 > 12:25]
SOAP:  92%|█████████▏| 2749/3000 [01:09 > 12:26]
SOAP:  92%|█████████▏| 2750/3000 [01:07 > 12:26]
SOAP:  92%|█████████▏| 2751/3000 [01:08 > 12:26]
SOAP:  92%|█████████▏| 2752/3000 [01:08 > 12:26]
SOAP:  92%|█████████▏| 2753/3000 [01:07 > 12:27]
SOAP:  92%|█████████▏| 2754/3000 [01:07 > 12:27]
SOAP:  92%|█████████▏| 2755/3000 [01:07 > 12:27]
SOAP:  92%|█████████▏| 2756/3000 [01:07 > 12:27]
SOAP:  92%|█████████▏| 2757/3000 [01:06 > 12:28]
SOAP:  92%|█████████▏| 2758/3000 [01:06 > 12:28]
SOAP:  92%|█████████▏| 2759/3000 [01:06 > 12:28]
SOAP:  92%|█████████▏| 2760/3000 [01:05 > 12:29]
SOAP:  92%|█████████▏| 2761/3000 [01:05 > 12:29]
SOAP:  92%|█████████▏| 2762/3000 [01:05 > 12:29]
SOAP:  92%|█████████▏| 2763/3000 [01:05 > 12:29]
SOAP:  92%|█████████▏| 2764/3000 [01:05 > 12:30]
SOAP:  92%|█████████▏| 2765/3000 [01:04 > 12:30]
SOAP:  92%|█████████▏| 2766/3000 [01:04 > 12:30]
SOAP:  92%|█████████▏| 2767/3000 [01:04 > 12:30]
SOAP:  92%|█████████▏| 2768/3000 [01:03 > 12:31]
SOAP:  92%|█████████▏| 2769/3000 [01:03 > 12:31]
SOAP:  92%|█████████▏| 2770/3000 [01:03 > 12:31]
SOAP:  92%|█████████▏| 2771/3000 [01:02 > 12:32]
SOAP:  92%|█████████▏| 2772/3000 [01:02 > 12:32]
SOAP:  92%|█████████▏| 2773/3000 [01:02 > 12:32]
SOAP:  92%|█████████▏| 2774/3000 [01:02 > 12:32]
SOAP:  92%|█████████▎| 2775/3000 [01:01 > 12:33]
SOAP:  93%|█████████▎| 2776/3000 [01:01 > 12:33]
SOAP:  93%|█████████▎| 2777/3000 [01:01 > 12:33]
SOAP:  93%|█████████▎| 2778/3000 [01:01 > 12:34]
SOAP:  93%|█████████▎| 2779/3000 [01:00 > 12:34]
SOAP:  93%|█████████▎| 2780/3000 [01:00 > 12:34]
SOAP:  93%|█████████▎| 2781/3000 [00:59 > 12:34]
SOAP:  93%|█████████▎| 2782/3000 [00:59 > 12:35]
SOAP:  93%|█████████▎| 2783/3000 [00:59 > 12:35]
SOAP:  93%|█████████▎| 2784/3000 [00:58 > 12:35]
SOAP:  93%|█████████▎| 2785/3000 [00:58 > 12:35]
SOAP:  93%|█████████▎| 2786/3000 [00:57 > 12:36]
SOAP:  93%|█████████▎| 2787/3000 [00:56 > 12:36]
SOAP:  93%|█████████▎| 2788/3000 [00:57 > 12:36]
SOAP:  93%|█████████▎| 2789/3000 [00:57 > 12:36]
SOAP:  93%|█████████▎| 2790/3000 [00:56 > 12:37]
SOAP:  93%|█████████▎| 2791/3000 [00:56 > 12:37]
SOAP:  93%|█████████▎| 2792/3000 [00:56 > 12:37]
SOAP:  93%|█████████▎| 2793/3000 [00:55 > 12:38]
SOAP:  93%|█████████▎| 2794/3000 [00:55 > 12:38]
SOAP:  93%|█████████▎| 2795/3000 [00:55 > 12:38]
SOAP:  93%|█████████▎| 2796/3000 [00:54 > 12:38]
SOAP:  93%|█████████▎| 2797/3000 [00:54 > 12:39]
SOAP:  93%|█████████▎| 2798/3000 [00:54 > 12:39]
SOAP:  93%|█████████▎| 2799/3000 [00:54 > 12:39]
SOAP:  93%|█████████▎| 2800/3000 [00:53 > 12:39]
SOAP:  93%|█████████▎| 2801/3000 [00:54 > 12:40]
SOAP:  93%|█████████▎| 2802/3000 [00:53 > 12:40]
SOAP:  93%|█████████▎| 2803/3000 [00:53 > 12:40]
SOAP:  93%|█████████▎| 2804/3000 [00:52 > 12:41]
SOAP:  94%|█████████▎| 2805/3000 [00:52 > 12:41]
SOAP:  94%|█████████▎| 2806/3000 [00:52 > 12:41]
SOAP:  94%|█████████▎| 2807/3000 [00:51 > 12:41]
SOAP:  94%|█████████▎| 2808/3000 [00:51 > 12:42]
SOAP:  94%|█████████▎| 2809/3000 [00:51 > 12:42]
SOAP:  94%|█████████▎| 2810/3000 [00:51 > 12:42]
SOAP:  94%|█████████▎| 2811/3000 [00:50 > 12:42]
SOAP:  94%|█████████▎| 2812/3000 [00:50 > 12:43]
SOAP:  94%|█████████▍| 2813/3000 [00:50 > 12:43]
SOAP:  94%|█████████▍| 2814/3000 [00:49 > 12:43]
SOAP:  94%|█████████▍| 2815/3000 [00:49 > 12:43]
SOAP:  94%|█████████▍| 2816/3000 [00:49 > 12:44]
SOAP:  94%|█████████▍| 2817/3000 [00:49 > 12:44]
SOAP:  94%|█████████▍| 2818/3000 [00:48 > 12:44]
SOAP:  94%|█████████▍| 2819/3000 [00:48 > 12:45]
SOAP:  94%|█████████▍| 2820/3000 [00:48 > 12:45]
SOAP:  94%|█████████▍| 2821/3000 [00:48 > 12:45]
SOAP:  94%|█████████▍| 2822/3000 [00:47 > 12:45]
SOAP:  94%|█████████▍| 2823/3000 [00:47 > 12:46]
SOAP:  94%|█████████▍| 2824/3000 [00:47 > 12:46]
SOAP:  94%|█████████▍| 2825/3000 [00:47 > 12:46]
SOAP:  94%|█████████▍| 2826/3000 [00:46 > 12:46]
SOAP:  94%|█████████▍| 2827/3000 [00:46 > 12:47]
SOAP:  94%|█████████▍| 2828/3000 [00:46 > 12:47]
SOAP:  94%|█████████▍| 2829/3000 [00:46 > 12:47]
SOAP:  94%|█████████▍| 2830/3000 [00:45 > 12:48]
SOAP:  94%|█████████▍| 2831/3000 [00:45 > 12:48]
SOAP:  94%|█████████▍| 2832/3000 [00:45 > 12:48]
SOAP:  94%|█████████▍| 2833/3000 [00:44 > 12:48]
SOAP:  94%|█████████▍| 2834/3000 [00:44 > 12:49]
SOAP:  94%|█████████▍| 2835/3000 [00:44 > 12:49]
SOAP:  95%|█████████▍| 2836/3000 [00:44 > 12:49]
SOAP:  95%|█████████▍| 2837/3000 [00:43 > 12:49]
SOAP:  95%|█████████▍| 2838/3000 [00:43 > 12:50]
SOAP:  95%|█████████▍| 2839/3000 [00:43 > 12:50]
SOAP:  95%|█████████▍| 2840/3000 [00:43 > 12:50]
SOAP:  95%|█████████▍| 2841/3000 [00:42 > 12:50]
SOAP:  95%|█████████▍| 2842/3000 [00:42 > 12:51]
SOAP:  95%|█████████▍| 2843/3000 [00:42 > 12:51]
SOAP:  95%|█████████▍| 2844/3000 [00:41 > 12:51]
SOAP:  95%|█████████▍| 2845/3000 [00:41 > 12:52]
SOAP:  95%|█████████▍| 2846/3000 [00:41 > 12:52]
SOAP:  95%|█████████▍| 2847/3000 [00:41 > 12:52]
SOAP:  95%|█████████▍| 2848/3000 [00:40 > 12:52]
SOAP:  95%|█████████▍| 2849/3000 [00:40 > 12:53]
SOAP:  95%|█████████▌| 2850/3000 [00:40 > 12:53]
SOAP:  95%|█████████▌| 2851/3000 [00:40 > 12:53]
SOAP:  95%|█████████▌| 2852/3000 [00:39 > 12:53]
SOAP:  95%|█████████▌| 2853/3000 [00:39 > 12:54]
SOAP:  95%|█████████▌| 2854/3000 [00:39 > 12:54]
SOAP:  95%|█████████▌| 2855/3000 [00:38 > 12:54]
SOAP:  95%|█████████▌| 2856/3000 [00:38 > 12:55]
SOAP:  95%|█████████▌| 2857/3000 [00:38 > 12:55]
SOAP:  95%|█████████▌| 2858/3000 [00:38 > 12:55]
SOAP:  95%|█████████▌| 2859/3000 [00:37 > 12:55]
SOAP:  95%|█████████▌| 2860/3000 [00:37 > 12:56]
SOAP:  95%|█████████▌| 2861/3000 [00:37 > 12:56]
SOAP:  95%|█████████▌| 2862/3000 [00:36 > 12:56]
SOAP:  95%|█████████▌| 2863/3000 [00:36 > 12:56]
SOAP:  95%|█████████▌| 2864/3000 [00:36 > 12:57]
SOAP:  96%|█████████▌| 2865/3000 [00:36 > 12:57]
SOAP:  96%|█████████▌| 2866/3000 [00:36 > 12:57]
SOAP:  96%|█████████▌| 2867/3000 [00:35 > 12:57]
SOAP:  96%|█████████▌| 2868/3000 [00:35 > 12:58]
SOAP:  96%|█████████▌| 2869/3000 [00:35 > 12:58]
SOAP:  96%|█████████▌| 2870/3000 [00:35 > 12:58]
SOAP:  96%|█████████▌| 2871/3000 [00:34 > 12:59]
SOAP:  96%|█████████▌| 2872/3000 [00:34 > 12:59]
SOAP:  96%|█████████▌| 2873/3000 [00:34 > 12:59]
SOAP:  96%|█████████▌| 2874/3000 [00:33 > 12:59]
SOAP:  96%|█████████▌| 2875/3000 [00:33 > 13:00]
SOAP:  96%|█████████▌| 2876/3000 [00:33 > 13:00]
SOAP:  96%|█████████▌| 2877/3000 [00:33 > 13:00]
SOAP:  96%|█████████▌| 2878/3000 [00:32 > 13:00]
SOAP:  96%|█████████▌| 2879/3000 [00:32 > 13:01]
SOAP:  96%|█████████▌| 2880/3000 [00:32 > 13:01]
SOAP:  96%|█████████▌| 2881/3000 [00:32 > 13:01]
SOAP:  96%|█████████▌| 2882/3000 [00:31 > 13:02]
SOAP:  96%|█████████▌| 2883/3000 [00:31 > 13:02]
SOAP:  96%|█████████▌| 2884/3000 [00:31 > 13:02]
SOAP:  96%|█████████▌| 2885/3000 [00:30 > 13:02]
SOAP:  96%|█████████▌| 2886/3000 [00:30 > 13:03]
SOAP:  96%|█████████▌| 2887/3000 [00:30 > 13:03]
SOAP:  96%|█████████▋| 2888/3000 [00:30 > 13:03]
SOAP:  96%|█████████▋| 2889/3000 [00:29 > 13:03]
SOAP:  96%|█████████▋| 2890/3000 [00:29 > 13:04]
SOAP:  96%|█████████▋| 2891/3000 [00:29 > 13:04]
SOAP:  96%|█████████▋| 2892/3000 [00:29 > 13:04]
SOAP:  96%|█████████▋| 2893/3000 [00:28 > 13:04]
SOAP:  96%|█████████▋| 2894/3000 [00:28 > 13:05]
SOAP:  96%|█████████▋| 2895/3000 [00:28 > 13:05]
SOAP:  97%|█████████▋| 2896/3000 [00:27 > 13:05]
SOAP:  97%|█████████▋| 2897/3000 [00:27 > 13:06]
SOAP:  97%|█████████▋| 2898/3000 [00:27 > 13:06]
SOAP:  97%|█████████▋| 2899/3000 [00:27 > 13:06]
SOAP:  97%|█████████▋| 2900/3000 [00:26 > 13:06]
SOAP:  97%|█████████▋| 2901/3000 [00:27 > 13:07]
SOAP:  97%|█████████▋| 2902/3000 [00:26 > 13:07]
SOAP:  97%|█████████▋| 2903/3000 [00:26 > 13:07]
SOAP:  97%|█████████▋| 2904/3000 [00:25 > 13:07]
SOAP:  97%|█████████▋| 2905/3000 [00:25 > 13:08]
SOAP:  97%|█████████▋| 2906/3000 [00:25 > 13:08]
SOAP:  97%|█████████▋| 2907/3000 [00:25 > 13:08]
SOAP:  97%|█████████▋| 2908/3000 [00:24 > 13:09]
SOAP:  97%|█████████▋| 2909/3000 [00:24 > 13:09]
SOAP:  97%|█████████▋| 2910/3000 [00:24 > 13:09]
SOAP:  97%|█████████▋| 2911/3000 [00:23 > 13:09]
SOAP:  97%|█████████▋| 2912/3000 [00:23 > 13:10]
SOAP:  97%|█████████▋| 2913/3000 [00:23 > 13:10]
SOAP:  97%|█████████▋| 2914/3000 [00:23 > 13:10]
SOAP:  97%|█████████▋| 2915/3000 [00:22 > 13:10]
SOAP:  97%|█████████▋| 2916/3000 [00:22 > 13:11]
SOAP:  97%|█████████▋| 2917/3000 [00:22 > 13:11]
SOAP:  97%|█████████▋| 2918/3000 [00:22 > 13:11]
SOAP:  97%|█████████▋| 2919/3000 [00:21 > 13:11]
SOAP:  97%|█████████▋| 2920/3000 [00:21 > 13:12]
SOAP:  97%|█████████▋| 2921/3000 [00:21 > 13:12]
SOAP:  97%|█████████▋| 2922/3000 [00:20 > 13:12]
SOAP:  97%|█████████▋| 2923/3000 [00:20 > 13:13]
SOAP:  97%|█████████▋| 2924/3000 [00:20 > 13:13]
SOAP:  98%|█████████▊| 2925/3000 [00:20 > 13:13]
SOAP:  98%|█████████▊| 2926/3000 [00:19 > 13:13]
SOAP:  98%|█████████▊| 2927/3000 [00:19 > 13:14]
SOAP:  98%|█████████▊| 2928/3000 [00:19 > 13:14]
SOAP:  98%|█████████▊| 2929/3000 [00:19 > 13:14]
SOAP:  98%|█████████▊| 2930/3000 [00:18 > 13:14]
SOAP:  98%|█████████▊| 2931/3000 [00:18 > 13:15]
SOAP:  98%|█████████▊| 2932/3000 [00:18 > 13:15]
SOAP:  98%|█████████▊| 2933/3000 [00:18 > 13:15]
SOAP:  98%|█████████▊| 2934/3000 [00:17 > 13:15]
SOAP:  98%|█████████▊| 2935/3000 [00:17 > 13:16]
SOAP:  98%|█████████▊| 2936/3000 [00:17 > 13:16]
SOAP:  98%|█████████▊| 2937/3000 [00:16 > 13:16]
SOAP:  98%|█████████▊| 2938/3000 [00:16 > 13:17]
SOAP:  98%|█████████▊| 2939/3000 [00:16 > 13:17]
SOAP:  98%|█████████▊| 2940/3000 [00:16 > 13:17]
SOAP:  98%|█████████▊| 2941/3000 [00:15 > 13:17]
SOAP:  98%|█████████▊| 2942/3000 [00:15 > 13:18]
SOAP:  98%|█████████▊| 2943/3000 [00:15 > 13:18]
SOAP:  98%|█████████▊| 2944/3000 [00:15 > 13:18]
SOAP:  98%|█████████▊| 2945/3000 [00:14 > 13:18]
SOAP:  98%|█████████▊| 2946/3000 [00:14 > 13:19]
SOAP:  98%|█████████▊| 2947/3000 [00:14 > 13:19]
SOAP:  98%|█████████▊| 2948/3000 [00:14 > 13:19]
SOAP:  98%|█████████▊| 2949/3000 [00:13 > 13:20]
SOAP:  98%|█████████▊| 2950/3000 [00:13 > 13:20]
SOAP:  98%|█████████▊| 2951/3000 [00:13 > 13:20]
SOAP:  98%|█████████▊| 2952/3000 [00:12 > 13:20]
SOAP:  98%|█████████▊| 2953/3000 [00:12 > 13:21]
SOAP:  98%|█████████▊| 2954/3000 [00:12 > 13:21]
SOAP:  98%|█████████▊| 2955/3000 [00:12 > 13:21]
SOAP:  99%|█████████▊| 2956/3000 [00:11 > 13:21]
SOAP:  99%|█████████▊| 2957/3000 [00:11 > 13:22]
SOAP:  99%|█████████▊| 2958/3000 [00:11 > 13:22]
SOAP:  99%|█████████▊| 2959/3000 [00:11 > 13:22]
SOAP:  99%|█████████▊| 2960/3000 [00:10 > 13:22]
SOAP:  99%|█████████▊| 2961/3000 [00:10 > 13:23]
SOAP:  99%|█████████▊| 2962/3000 [00:10 > 13:23]
SOAP:  99%|█████████▉| 2963/3000 [00:09 > 13:23]
SOAP:  99%|█████████▉| 2964/3000 [00:09 > 13:24]
SOAP:  99%|█████████▉| 2965/3000 [00:09 > 13:24]
SOAP:  99%|█████████▉| 2966/3000 [00:09 > 13:24]
SOAP:  99%|█████████▉| 2967/3000 [00:08 > 13:24]
SOAP:  99%|█████████▉| 2968/3000 [00:08 > 13:25]
SOAP:  99%|█████████▉| 2969/3000 [00:08 > 13:25]
SOAP:  99%|█████████▉| 2970/3000 [00:08 > 13:25]
SOAP:  99%|█████████▉| 2971/3000 [00:07 > 13:25]
SOAP:  99%|█████████▉| 2972/3000 [00:07 > 13:26]
SOAP:  99%|█████████▉| 2973/3000 [00:07 > 13:26]
SOAP:  99%|█████████▉| 2974/3000 [00:06 > 13:26]
SOAP:  99%|█████████▉| 2975/3000 [00:06 > 13:27]
SOAP:  99%|█████████▉| 2976/3000 [00:06 > 13:27]
SOAP:  99%|█████████▉| 2977/3000 [00:06 > 13:27]
SOAP:  99%|█████████▉| 2978/3000 [00:05 > 13:27]
SOAP:  99%|█████████▉| 2979/3000 [00:05 > 13:28]
SOAP:  99%|█████████▉| 2980/3000 [00:05 > 13:28]
SOAP:  99%|█████████▉| 2981/3000 [00:05 > 13:28]
SOAP:  99%|█████████▉| 2982/3000 [00:04 > 13:28]
SOAP:  99%|█████████▉| 2983/3000 [00:04 > 13:29]
SOAP:  99%|█████████▉| 2984/3000 [00:04 > 13:29]
SOAP: 100%|█████████▉| 2985/3000 [00:03 > 13:29]
SOAP: 100%|█████████▉| 2986/3000 [00:03 > 13:29]
SOAP: 100%|█████████▉| 2987/3000 [00:03 > 13:30]
SOAP: 100%|█████████▉| 2988/3000 [00:03 > 13:30]
SOAP: 100%|█████████▉| 2989/3000 [00:02 > 13:30]
SOAP: 100%|█████████▉| 2990/3000 [00:02 > 13:31]
SOAP: 100%|█████████▉| 2991/3000 [00:02 > 13:31]
SOAP: 100%|█████████▉| 2992/3000 [00:02 > 13:31]
SOAP: 100%|█████████▉| 2993/3000 [00:01 > 13:31]
SOAP: 100%|█████████▉| 2994/3000 [00:01 > 13:32]
SOAP: 100%|█████████▉| 2995/3000 [00:01 > 13:32]
SOAP: 100%|█████████▉| 2996/3000 [00:01 > 13:32]
SOAP: 100%|█████████▉| 2997/3000 [00:00 > 13:32]
SOAP: 100%|█████████▉| 2998/3000 [00:00 > 13:33]
SOAP: 100%|█████████▉| 2999/3000 [00:00 > 13:33]
SOAP: 100%|██████████| 3000/3000 [00:00 > 13:33]
SOAP: 100%|██████████| 3000/3000 [00:00 > 13:33]
LBFGS (
Parameter Group 0
    history_size: 50
    line_search_fn: strong_wolfe
    lr: 0.1
    max_eval: 25
    max_iter: 20
    tolerance_change: 1e-09
    tolerance_grad: 1e-07
)
Early stopping: patience=150 L-BFGS steps (no total-loss improvement, rtol=1e-12)

L-BFGS:   0%|          | 0/1000 [? > 00:00]
L-BFGS:   0%|          | 1/1000 [1:53:47 > 00:06]
L-BFGS:   0%|          | 2/1000 [1:52:18 > 00:13]
L-BFGS:   0%|          | 3/1000 [1:52:01 > 00:20]
L-BFGS:   0%|          | 4/1000 [1:52:05 > 00:27]
L-BFGS:   0%|          | 5/1000 [1:53:59 > 00:34]
L-BFGS:   1%|          | 6/1000 [1:53:33 > 00:40]
L-BFGS:   1%|          | 7/1000 [1:53:10 > 00:47]
L-BFGS:   1%|          | 8/1000 [1:52:52 > 00:54]
L-BFGS:   1%|          | 9/1000 [1:54:08 > 01:01]
L-BFGS:   1%|          | 10/1000 [1:53:33 > 01:08]
L-BFGS:   1%|          | 11/1000 [1:53:11 > 01:15]
L-BFGS:   1%|          | 12/1000 [1:54:55 > 01:22]
L-BFGS:   1%|▏         | 13/1000 [1:54:47 > 01:29]
L-BFGS:   1%|▏         | 14/1000 [1:55:56 > 01:36]
L-BFGS:   2%|▏         | 15/1000 [1:56:52 > 01:44]
L-BFGS:   2%|▏         | 16/1000 [1:55:59 > 01:50]
L-BFGS:   2%|▏         | 17/1000 [1:55:23 > 01:57]
L-BFGS:   2%|▏         | 18/1000 [1:54:55 > 02:04]
L-BFGS:   2%|▏         | 19/1000 [1:55:52 > 02:12]
L-BFGS:   2%|▏         | 20/1000 [1:55:05 > 02:19]
L-BFGS:   2%|▏         | 21/1000 [1:55:57 > 02:26]
L-BFGS:   2%|▏         | 22/1000 [1:55:53 > 02:33]
L-BFGS:   2%|▏         | 23/1000 [1:55:39 > 02:40]
L-BFGS:   2%|▏         | 24/1000 [1:55:23 > 02:47]
L-BFGS:   2%|▎         | 25/1000 [1:55:09 > 02:54]
L-BFGS:   3%|▎         | 26/1000 [1:53:42 > 03:01]
L-BFGS:   3%|▎         | 27/1000 [1:53:58 > 03:08]
L-BFGS:   3%|▎         | 28/1000 [1:52:47 > 03:15]
L-BFGS:   3%|▎         | 29/1000 [1:53:15 > 03:22]
L-BFGS:   3%|▎         | 30/1000 [1:52:16 > 03:29]
L-BFGS:   3%|▎         | 31/1000 [1:51:30 > 03:36]
L-BFGS:   3%|▎         | 32/1000 [1:50:55 > 03:42]
L-BFGS:   3%|▎         | 33/1000 [1:51:49 > 03:50]
L-BFGS:   3%|▎         | 34/1000 [1:51:04 > 03:56]
L-BFGS:   4%|▎         | 35/1000 [1:51:50 > 04:03]
L-BFGS:   4%|▎         | 36/1000 [1:52:22 > 04:10]
L-BFGS:   4%|▎         | 37/1000 [1:51:21 > 04:17]
L-BFGS:   4%|▍         | 38/1000 [1:51:54 > 04:24]
L-BFGS:   4%|▍         | 39/1000 [1:51:00 > 04:31]
L-BFGS:   4%|▍         | 40/1000 [1:50:25 > 04:38]
L-BFGS:   4%|▍         | 41/1000 [1:50:35 > 04:45]
L-BFGS:   4%|▍         | 42/1000 [1:52:05 > 04:52]
L-BFGS:   4%|▍         | 43/1000 [1:51:36 > 04:59]
L-BFGS:   4%|▍         | 44/1000 [1:52:48 > 05:06]
L-BFGS:   4%|▍         | 45/1000 [1:53:36 > 05:14]
L-BFGS:   5%|▍         | 46/1000 [1:52:46 > 05:21]
L-BFGS:   5%|▍         | 47/1000 [1:52:03 > 05:28]
L-BFGS:   5%|▍         | 48/1000 [1:52:49 > 05:35]
L-BFGS:   5%|▍         | 49/1000 [1:52:02 > 05:42]
L-BFGS:   5%|▌         | 50/1000 [1:51:38 > 05:49]
L-BFGS:   5%|▌         | 51/1000 [1:50:50 > 05:56]
L-BFGS:   5%|▌         | 52/1000 [1:49:50 > 06:03]
L-BFGS:   5%|▌         | 53/1000 [1:50:21 > 06:10]
L-BFGS:   5%|▌         | 54/1000 [1:50:41 > 06:17]
L-BFGS:   6%|▌         | 55/1000 [1:49:29 > 06:24]
L-BFGS:   6%|▌         | 56/1000 [1:48:45 > 06:30]
L-BFGS:   6%|▌         | 57/1000 [1:49:22 > 06:37]
L-BFGS:   6%|▌         | 58/1000 [1:49:50 > 06:45]
L-BFGS:   6%|▌         | 59/1000 [1:48:49 > 06:51]
L-BFGS:   6%|▌         | 60/1000 [1:49:20 > 06:58]
L-BFGS:   6%|▌         | 61/1000 [1:49:43 > 07:06]
L-BFGS:   6%|▌         | 62/1000 [1:49:56 > 07:13]
L-BFGS:   6%|▋         | 63/1000 [1:48:55 > 07:19]
L-BFGS:   6%|▋         | 64/1000 [1:48:04 > 07:26]
L-BFGS:   6%|▋         | 65/1000 [1:47:29 > 07:33]
L-BFGS:   7%|▋         | 66/1000 [1:46:57 > 07:40]
L-BFGS:   7%|▋         | 67/1000 [1:46:35 > 07:47]
L-BFGS:   7%|▋         | 68/1000 [1:47:44 > 07:54]
L-BFGS:   7%|▋         | 69/1000 [1:47:00 > 08:01]
L-BFGS:   7%|▋         | 70/1000 [1:46:46 > 08:08]
L-BFGS:   7%|▋         | 71/1000 [1:48:15 > 08:15]
L-BFGS:   7%|▋         | 72/1000 [1:49:21 > 08:22]
L-BFGS:   7%|▋         | 73/1000 [1:50:04 > 08:29]
L-BFGS:   7%|▋         | 74/1000 [1:49:12 > 08:36]
L-BFGS:   8%|▊         | 75/1000 [1:48:39 > 08:43]
L-BFGS:   8%|▊         | 76/1000 [1:49:35 > 08:50]
L-BFGS:   8%|▊         | 77/1000 [1:48:53 > 08:57]
L-BFGS:   8%|▊         | 78/1000 [1:49:35 > 09:05]
L-BFGS:   8%|▊         | 79/1000 [1:50:03 > 09:12]
L-BFGS:   8%|▊         | 80/1000 [1:49:17 > 09:19]
L-BFGS:   8%|▊         | 81/1000 [1:47:47 > 09:26]
L-BFGS:   8%|▊         | 82/1000 [1:46:35 > 09:33]
L-BFGS:   8%|▊         | 83/1000 [1:46:57 > 09:40]
L-BFGS:   8%|▊         | 84/1000 [1:45:58 > 09:47]
L-BFGS:   8%|▊         | 85/1000 [1:45:15 > 09:53]
L-BFGS:   9%|▊         | 86/1000 [1:44:51 > 10:00]
L-BFGS:   9%|▊         | 87/1000 [1:44:23 > 10:07]
L-BFGS:   9%|▉         | 88/1000 [1:44:04 > 10:14]
L-BFGS:   9%|▉         | 89/1000 [1:43:50 > 10:21]
L-BFGS:   9%|▉         | 90/1000 [1:43:33 > 10:27]
L-BFGS:   9%|▉         | 91/1000 [1:44:38 > 10:35]
L-BFGS:   9%|▉         | 92/1000 [1:44:09 > 10:41]
L-BFGS:   9%|▉         | 93/1000 [1:45:00 > 10:48]
L-BFGS:   9%|▉         | 94/1000 [1:45:31 > 10:56]
L-BFGS:  10%|▉         | 95/1000 [1:44:34 > 11:02]
L-BFGS:  10%|▉         | 96/1000 [1:45:08 > 11:09]
L-BFGS:  10%|▉         | 97/1000 [1:44:18 > 11:16]
L-BFGS:  10%|▉         | 98/1000 [1:43:38 > 11:23]
L-BFGS:  10%|▉         | 99/1000 [1:44:25 > 11:30]
L-BFGS:  10%|█         | 100/1000 [1:44:23 > 11:37]
L-BFGS:  10%|█         | 101/1000 [1:45:44 > 11:44]
L-BFGS:  10%|█         | 102/1000 [1:45:15 > 11:51]
L-BFGS:  10%|█         | 103/1000 [1:44:52 > 11:58]
L-BFGS:  10%|█         | 104/1000 [1:45:43 > 12:06]
L-BFGS:  10%|█         | 105/1000 [1:45:05 > 12:13]
L-BFGS:  11%|█         | 106/1000 [1:44:43 > 12:20]
L-BFGS:  11%|█         | 107/1000 [1:45:39 > 12:27]
L-BFGS:  11%|█         | 108/1000 [1:46:14 > 12:34]
L-BFGS:  11%|█         | 109/1000 [1:45:18 > 12:41]
L-BFGS:  11%|█         | 110/1000 [1:45:22 > 12:48]
L-BFGS:  11%|█         | 111/1000 [1:43:55 > 12:55]
L-BFGS:  11%|█         | 112/1000 [1:42:49 > 13:02]
L-BFGS:  11%|█▏        | 113/1000 [1:42:08 > 13:09]
L-BFGS:  11%|█▏        | 114/1000 [1:42:48 > 13:16]
L-BFGS:  12%|█▏        | 115/1000 [1:43:17 > 13:23]
L-BFGS:  12%|█▏        | 116/1000 [1:42:17 > 13:30]
L-BFGS:  12%|█▏        | 117/1000 [1:42:47 > 13:37]
L-BFGS:  12%|█▏        | 118/1000 [1:41:56 > 13:43]
L-BFGS:  12%|█▏        | 119/1000 [1:41:17 > 13:50]
L-BFGS:  12%|█▏        | 120/1000 [1:41:59 > 13:57]
L-BFGS:  12%|█▏        | 121/1000 [1:42:31 > 14:04]
L-BFGS:  12%|█▏        | 122/1000 [1:42:47 > 14:12]
L-BFGS:  12%|█▏        | 123/1000 [1:43:00 > 14:19]
L-BFGS:  12%|█▏        | 124/1000 [1:43:03 > 14:26]
L-BFGS:  12%|█▎        | 125/1000 [1:43:02 > 14:33]
L-BFGS:  13%|█▎        | 126/1000 [1:41:55 > 14:40]
L-BFGS:  13%|█▎        | 127/1000 [1:41:07 > 14:46]
L-BFGS:  13%|█▎        | 128/1000 [1:41:35 > 14:54]
L-BFGS:  13%|█▎        | 129/1000 [1:41:15 > 15:01]
L-BFGS:  13%|█▎        | 130/1000 [1:42:21 > 15:08]
L-BFGS:  13%|█▎        | 131/1000 [1:41:56 > 15:15]
L-BFGS:  13%|█▎        | 132/1000 [1:41:30 > 15:22]
L-BFGS:  13%|█▎        | 133/1000 [1:42:23 > 15:29]
L-BFGS:  13%|█▎        | 134/1000 [1:41:49 > 15:36]
L-BFGS:  14%|█▎        | 135/1000 [1:41:27 > 15:43]
L-BFGS:  14%|█▎        | 136/1000 [1:42:14 > 15:50]
L-BFGS:  14%|█▎        | 137/1000 [1:42:47 > 15:57]
L-BFGS:  14%|█▍        | 138/1000 [1:43:07 > 16:05]
L-BFGS:  14%|█▍        | 139/1000 [1:43:13 > 16:12]
L-BFGS:  14%|█▍        | 140/1000 [1:41:27 > 16:19]
L-BFGS:  14%|█▍        | 141/1000 [1:40:13 > 16:26]
L-BFGS:  14%|█▍        | 142/1000 [1:40:31 > 16:33]
L-BFGS:  14%|█▍        | 143/1000 [1:40:34 > 16:40]
L-BFGS:  14%|█▍        | 144/1000 [1:40:39 > 16:47]
L-BFGS:  14%|█▍        | 145/1000 [1:39:28 > 16:54]
L-BFGS:  15%|█▍        | 146/1000 [1:38:44 > 17:00]
L-BFGS:  15%|█▍        | 147/1000 [1:39:15 > 17:08]
L-BFGS:  15%|█▍        | 148/1000 [1:38:27 > 17:14]
L-BFGS:  15%|█▍        | 149/1000 [1:39:00 > 17:21]
L-BFGS:  15%|█▌        | 150/1000 [1:38:12 > 17:28]
L-BFGS:  15%|█▌        | 151/1000 [1:38:43 > 17:35]
L-BFGS:  15%|█▌        | 152/1000 [1:39:00 > 17:42]
L-BFGS:  15%|█▌        | 153/1000 [1:38:02 > 17:49]
L-BFGS:  15%|█▌        | 154/1000 [1:37:24 > 17:56]
L-BFGS:  16%|█▌        | 155/1000 [1:36:50 > 18:03]
L-BFGS:  16%|█▌        | 156/1000 [1:36:29 > 18:10]
L-BFGS:  16%|█▌        | 157/1000 [1:36:12 > 18:16]
L-BFGS:  16%|█▌        | 158/1000 [1:37:20 > 18:24]
L-BFGS:  16%|█▌        | 159/1000 [1:38:29 > 18:31]
L-BFGS:  16%|█▌        | 160/1000 [1:38:12 > 18:38]
L-BFGS:  16%|█▌        | 161/1000 [1:39:03 > 18:45]
L-BFGS:  16%|█▌        | 162/1000 [1:39:40 > 18:52]
L-BFGS:  16%|█▋        | 163/1000 [1:38:49 > 18:59]
L-BFGS:  16%|█▋        | 164/1000 [1:38:12 > 19:06]
L-BFGS:  16%|█▋        | 165/1000 [1:38:58 > 19:14]
L-BFGS:  17%|█▋        | 166/1000 [1:38:21 > 19:21]
L-BFGS:  17%|█▋        | 167/1000 [1:37:45 > 19:28]
L-BFGS:  17%|█▋        | 168/1000 [1:37:28 > 19:35]
L-BFGS:  17%|█▋        | 169/1000 [1:36:35 > 19:41]
L-BFGS:  17%|█▋        | 170/1000 [1:36:56 > 19:48]
L-BFGS:  17%|█▋        | 171/1000 [1:35:59 > 19:55]
L-BFGS:  17%|█▋        | 172/1000 [1:36:29 > 20:02]
L-BFGS:  17%|█▋        | 173/1000 [1:35:40 > 20:09]
L-BFGS:  17%|█▋        | 174/1000 [1:35:00 > 20:16]
L-BFGS:  18%|█▊        | 175/1000 [1:35:39 > 20:23]
L-BFGS:  18%|█▊        | 176/1000 [1:35:00 > 20:30]
L-BFGS:  18%|█▊        | 177/1000 [1:34:38 > 20:37]
L-BFGS:  18%|█▊        | 178/1000 [1:34:05 > 20:44]
L-BFGS:  18%|█▊        | 179/1000 [1:21:28 > 20:47]
L-BFGS:  18%|█▊        | 180/1000 [1:26:07 > 20:54]
L-BFGS:  18%|█▊        | 181/1000 [1:29:14 > 21:02]
L-BFGS:  18%|█▊        | 182/1000 [1:31:21 > 21:09]
L-BFGS:  18%|█▊        | 183/1000 [1:14:59 > 21:11]
L-BFGS:  18%|█▊        | 184/1000 [1:20:12 > 21:18]
L-BFGS:  18%|█▊        | 185/1000 [1:23:48 > 21:25]
L-BFGS:  19%|█▊        | 186/1000 [1:26:19 > 21:32]
L-BFGS:  19%|█▊        | 187/1000 [1:26:59 > 21:38]
L-BFGS:  19%|█▉        | 188/1000 [1:28:28 > 21:45]
L-BFGS:  19%|█▉        | 189/1000 [1:29:58 > 21:52]
L-BFGS:  19%|█▉        | 190/1000 [1:31:11 > 21:59]
L-BFGS:  19%|█▉        | 191/1000 [1:33:12 > 22:06]
L-BFGS:  19%|█▉        | 192/1000 [1:33:22 > 22:13]
L-BFGS:  19%|█▉        | 193/1000 [1:34:31 > 22:21]
L-BFGS:  19%|█▉        | 194/1000 [1:34:12 > 22:28]
L-BFGS:  20%|█▉        | 195/1000 [1:35:05 > 22:35]
L-BFGS:  20%|█▉        | 196/1000 [1:34:31 > 22:42]
L-BFGS:  20%|█▉        | 197/1000 [1:35:12 > 22:49]
L-BFGS:  20%|█▉        | 198/1000 [1:35:48 > 22:56]
L-BFGS:  20%|█▉        | 199/1000 [1:35:53 > 23:04]
L-BFGS:  20%|██        | 200/1000 [1:35:23 > 23:11]
L-BFGS:  20%|██        | 201/1000 [1:34:59 > 23:18]
L-BFGS:  20%|██        | 202/1000 [1:22:40 > 23:22]
L-BFGS:  20%|██        | 203/1000 [1:24:55 > 23:29]
L-BFGS:  20%|██        | 204/1000 [1:27:31 > 23:36]
L-BFGS:  20%|██        | 205/1000 [1:28:20 > 23:43]
L-BFGS:  21%|██        | 206/1000 [1:24:28 > 23:48]
L-BFGS:  21%|██        | 207/1000 [1:26:08 > 23:55]
L-BFGS:  21%|██        | 208/1000 [1:27:16 > 24:02]
L-BFGS:  21%|██        | 209/1000 [1:27:56 > 24:09]
L-BFGS:  21%|██        | 210/1000 [1:21:55 > 24:14]
L-BFGS:  21%|██        | 211/1000 [1:20:56 > 24:20]
L-BFGS:  21%|██        | 212/1000 [1:24:27 > 24:27]
L-BFGS:  21%|██▏       | 213/1000 [1:25:58 > 24:34]
L-BFGS:  21%|██▏       | 214/1000 [1:26:50 > 24:41]
L-BFGS:  22%|██▏       | 215/1000 [1:28:34 > 24:48]
L-BFGS:  22%|██▏       | 216/1000 [1:10:27 > 24:50]
L-BFGS:  22%|██▏       | 217/1000 [1:16:00 > 24:57]
L-BFGS:  22%|██▏       | 218/1000 [1:19:42 > 25:04]
L-BFGS:  22%|██▏       | 219/1000 [1:05:18 > 25:06]
L-BFGS:  22%|██▏       | 220/1000 [1:13:15 > 25:13]
L-BFGS:  22%|██▏       | 221/1000 [1:18:19 > 25:20]
L-BFGS:  22%|██▏       | 222/1000 [1:01:15 > 25:22]
L-BFGS:  22%|██▏       | 223/1000 [1:09:55 > 25:29]
L-BFGS:  22%|██▏       | 224/1000 [1:15:57 > 25:36]
L-BFGS:  22%|██▎       | 225/1000 [1:01:44 > 25:38]
L-BFGS:  23%|██▎       | 226/1000 [1:10:09 > 25:45]
L-BFGS:  23%|██▎       | 227/1000 [1:03:04 > 25:48]
L-BFGS:  23%|██▎       | 228/1000 [1:11:01 > 25:55]
L-BFGS:  23%|██▎       | 229/1000 [51:48 > 25:56]  
L-BFGS:  23%|██▎       | 230/1000 [1:04:03 > 26:03]
L-BFGS:  23%|██▎       | 231/1000 [46:55 > 26:04]  
L-BFGS:  23%|██▎       | 232/1000 [56:21 > 26:10]
L-BFGS:  23%|██▎       | 233/1000 [1:06:12 > 26:17]
L-BFGS:  23%|██▎       | 234/1000 [1:11:52 > 26:24]
L-BFGS:  24%|██▎       | 235/1000 [1:16:36 > 26:30]
L-BFGS:  24%|██▎       | 236/1000 [57:42 > 26:32]  
L-BFGS:  24%|██▎       | 237/1000 [48:39 > 26:34]
L-BFGS:  24%|██▍       | 238/1000 [38:09 > 26:35]
L-BFGS:  24%|██▍       | 239/1000 [52:37 > 26:42]
L-BFGS:  24%|██▍       | 240/1000 [1:02:41 > 26:48]
L-BFGS:  24%|██▍       | 241/1000 [1:09:42 > 26:55]
L-BFGS:  24%|██▍       | 242/1000 [1:15:35 > 27:02]
L-BFGS:  24%|██▍       | 243/1000 [1:19:39 > 27:09]
L-BFGS:  24%|██▍       | 244/1000 [1:21:31 > 27:16]
L-BFGS:  24%|██▍       | 245/1000 [1:23:41 > 27:23]
L-BFGS:  25%|██▍       | 246/1000 [1:25:14 > 27:30]
L-BFGS:  25%|██▍       | 247/1000 [1:01:38 > 27:31]
L-BFGS:  25%|██▍       | 248/1000 [54:22 > 27:34]  
L-BFGS:  25%|██▍       | 249/1000 [1:03:38 > 27:41]
L-BFGS:  25%|██▌       | 250/1000 [1:10:01 > 27:48]
L-BFGS:  25%|██▌       | 251/1000 [1:14:34 > 27:54]
L-BFGS:  25%|██▌       | 252/1000 [1:17:37 > 28:01]
L-BFGS:  25%|██▌       | 253/1000 [1:20:42 > 28:08]
L-BFGS:  25%|██▌       | 254/1000 [1:21:52 > 28:15]
L-BFGS:  26%|██▌       | 255/1000 [1:23:37 > 28:22]
L-BFGS:  26%|██▌       | 256/1000 [1:24:51 > 28:29]
L-BFGS:  26%|██▌       | 257/1000 [1:24:39 > 28:36]
L-BFGS:  26%|██▌       | 258/1000 [1:24:55 > 28:43]
L-BFGS:  26%|██▌       | 259/1000 [1:25:09 > 28:50]
L-BFGS:  26%|██▌       | 260/1000 [1:25:17 > 28:57]
L-BFGS:  26%|██▌       | 261/1000 [1:06:48 > 28:59]
L-BFGS:  26%|██▌       | 262/1000 [1:13:24 > 29:06]
L-BFGS:  26%|██▋       | 263/1000 [1:08:48 > 29:11]
L-BFGS:  26%|██▋       | 264/1000 [1:13:45 > 29:18]
L-BFGS:  26%|██▋       | 265/1000 [58:42 > 29:20]  
L-BFGS:  27%|██▋       | 266/1000 [1:06:34 > 29:27]
L-BFGS:  27%|██▋       | 267/1000 [1:13:14 > 29:34]
L-BFGS:  27%|██▋       | 268/1000 [1:16:42 > 29:41]
L-BFGS:  27%|██▋       | 269/1000 [1:06:53 > 29:45]
L-BFGS:  27%|██▋       | 270/1000 [54:53 > 29:47]  
L-BFGS:  27%|██▋       | 271/1000 [1:03:35 > 29:54]
L-BFGS:  27%|██▋       | 272/1000 [1:10:15 > 30:01]
L-BFGS:  27%|██▋       | 273/1000 [1:13:54 > 30:08]
L-BFGS:  27%|██▋       | 274/1000 [1:16:25 > 30:15]
L-BFGS:  28%|██▊       | 275/1000 [1:18:03 > 30:21]
L-BFGS:  28%|██▊       | 276/1000 [1:20:13 > 30:29]
L-BFGS:  28%|██▊       | 277/1000 [1:20:46 > 30:35]
L-BFGS:  28%|██▊       | 278/1000 [1:20:59 > 30:42]
L-BFGS:  28%|██▊       | 279/1000 [1:21:15 > 30:49]
L-BFGS:  28%|██▊       | 280/1000 [1:00:43 > 30:50]
L-BFGS:  28%|██▊       | 281/1000 [1:06:58 > 30:57]
L-BFGS:  28%|██▊       | 282/1000 [1:10:19 > 31:03]
L-BFGS:  28%|██▊       | 283/1000 [1:03:46 > 31:08]
L-BFGS:  28%|██▊       | 284/1000 [58:16 > 31:11]  
L-BFGS:  28%|██▊       | 285/1000 [1:06:01 > 31:18]
L-BFGS:  29%|██▊       | 286/1000 [1:11:26 > 31:26]
L-BFGS:  29%|██▊       | 287/1000 [1:15:14 > 31:33]
L-BFGS:  29%|██▉       | 288/1000 [1:07:13 > 31:37]
L-BFGS:  29%|██▉       | 289/1000 [1:12:10 > 31:44]
L-BFGS:  29%|██▉       | 290/1000 [1:08:52 > 31:49]
L-BFGS:  29%|██▉       | 291/1000 [50:04 > 31:50]  
L-BFGS:  29%|██▉       | 292/1000 [56:16 > 31:56]
L-BFGS:  29%|██▉       | 293/1000 [1:04:22 > 32:03]
L-BFGS:  29%|██▉       | 294/1000 [1:09:27 > 32:10]
L-BFGS:  30%|██▉       | 295/1000 [1:13:10 > 32:17]
L-BFGS:  30%|██▉       | 296/1000 [59:02 > 32:19]  
L-BFGS:  30%|██▉       | 297/1000 [1:06:48 > 32:26]
L-BFGS:  30%|██▉       | 298/1000 [1:07:19 > 32:32]
L-BFGS:  30%|██▉       | 299/1000 [1:11:27 > 32:39]
L-BFGS:  30%|███       | 300/1000 [1:15:22 > 32:46]
L-BFGS:  30%|███       | 301/1000 [1:17:05 > 32:53]
L-BFGS:  30%|███       | 302/1000 [1:06:31 > 32:57]
L-BFGS:  30%|███       | 303/1000 [50:22 > 32:58]  
L-BFGS:  30%|███       | 304/1000 [1:00:24 > 33:05]
L-BFGS:  30%|███       | 305/1000 [49:01 > 33:07]  
L-BFGS:  31%|███       | 306/1000 [58:28 > 33:14]
L-BFGS:  31%|███       | 307/1000 [1:05:45 > 33:21]
L-BFGS:  31%|███       | 308/1000 [1:10:29 > 33:28]
L-BFGS:  31%|███       | 309/1000 [1:04:18 > 33:33]
L-BFGS:  31%|███       | 310/1000 [1:08:25 > 33:39]
L-BFGS:  31%|███       | 311/1000 [1:11:19 > 33:46]
L-BFGS:  31%|███       | 312/1000 [1:00:13 > 33:49]
L-BFGS:  31%|███▏      | 313/1000 [1:05:28 > 33:56]
L-BFGS:  31%|███▏      | 314/1000 [1:09:09 > 34:03]
L-BFGS:  32%|███▏      | 315/1000 [55:50 > 34:05]  
L-BFGS:  32%|███▏      | 316/1000 [47:25 > 34:08]
L-BFGS:  32%|███▏      | 317/1000 [44:22 > 34:11]
L-BFGS:  32%|███▏      | 318/1000 [55:10 > 34:18]
L-BFGS:  32%|███▏      | 319/1000 [1:01:49 > 34:25]
L-BFGS:  32%|███▏      | 320/1000 [1:07:18 > 34:32]
L-BFGS:  32%|███▏      | 321/1000 [1:10:08 > 34:39]
L-BFGS:  32%|███▏      | 322/1000 [1:13:02 > 34:46]
L-BFGS:  32%|███▏      | 323/1000 [1:14:07 > 34:53]
L-BFGS:  32%|███▏      | 324/1000 [1:14:55 > 34:59]
L-BFGS:  32%|███▎      | 325/1000 [1:15:23 > 35:06]
L-BFGS:  33%|███▎      | 326/1000 [56:21 > 35:07]  
L-BFGS:  33%|███▎      | 327/1000 [1:02:24 > 35:14]
L-BFGS:  33%|███▎      | 328/1000 [1:07:25 > 35:21]
L-BFGS:  33%|███▎      | 329/1000 [1:10:03 > 35:28]
L-BFGS:  33%|███▎      | 330/1000 [59:05 > 35:31]  
L-BFGS:  33%|███▎      | 331/1000 [1:05:36 > 35:38]
L-BFGS:  33%|███▎      | 332/1000 [55:10 > 35:41]  
L-BFGS:  33%|███▎      | 333/1000 [1:02:44 > 35:48]
L-BFGS:  33%|███▎      | 334/1000 [1:08:07 > 35:56]
L-BFGS:  34%|███▎      | 335/1000 [1:10:47 > 36:03]
L-BFGS:  34%|███▎      | 336/1000 [1:12:36 > 36:10]
L-BFGS:  34%|███▎      | 337/1000 [1:13:53 > 36:17]
L-BFGS:  34%|███▍      | 338/1000 [1:15:44 > 36:24]
L-BFGS:  34%|███▍      | 339/1000 [1:16:54 > 36:31]
L-BFGS:  34%|███▍      | 340/1000 [1:16:43 > 36:38]
L-BFGS:  34%|███▍      | 341/1000 [58:11 > 36:39]  
L-BFGS:  34%|███▍      | 342/1000 [1:03:22 > 36:46]
L-BFGS:  34%|███▍      | 343/1000 [59:30 > 36:51]  
L-BFGS:  34%|███▍      | 344/1000 [1:03:58 > 36:58]
L-BFGS:  34%|███▍      | 345/1000 [1:07:02 > 37:05]
L-BFGS:  35%|███▍      | 346/1000 [1:09:10 > 37:11]
L-BFGS:  35%|███▍      | 347/1000 [1:10:39 > 37:18]
L-BFGS:  35%|███▍      | 348/1000 [53:50 > 37:20]  
L-BFGS:  35%|███▍      | 349/1000 [59:47 > 37:26]
L-BFGS:  35%|███▌      | 350/1000 [1:03:05 > 37:33]
L-BFGS:  35%|███▌      | 351/1000 [57:21 > 37:37]  
L-BFGS:  35%|███▌      | 352/1000 [47:08 > 37:39]
L-BFGS:  35%|███▌      | 353/1000 [52:23 > 37:45]
L-BFGS:  35%|███▌      | 354/1000 [53:21 > 37:50]
L-BFGS:  36%|███▌      | 355/1000 [59:14 > 37:57]
L-BFGS:  36%|███▌      | 356/1000 [1:03:21 > 38:04]
L-BFGS:  36%|███▌      | 357/1000 [1:06:15 > 38:11]
L-BFGS:  36%|███▌      | 358/1000 [1:09:03 > 38:18]
L-BFGS:  36%|███▌      | 359/1000 [1:06:38 > 38:24]
L-BFGS:  36%|███▌      | 360/1000 [1:09:13 > 38:31]
L-BFGS:  36%|███▌      | 361/1000 [1:10:13 > 38:38]
L-BFGS:  36%|███▌      | 362/1000 [1:10:49 > 38:45]
L-BFGS:  36%|███▋      | 363/1000 [52:58 > 38:46]  
L-BFGS:  36%|███▋      | 364/1000 [38:44 > 38:46]
L-BFGS:  36%|███▋      | 365/1000 [48:41 > 38:53]
L-BFGS:  37%|███▋      | 366/1000 [55:54 > 39:00]
L-BFGS:  37%|███▋      | 367/1000 [1:02:02 > 39:07]
L-BFGS:  37%|███▋      | 368/1000 [47:45 > 39:08]  
L-BFGS:  37%|███▋      | 369/1000 [45:41 > 39:12]
L-BFGS:  37%|███▋      | 370/1000 [37:14 > 39:14]
L-BFGS:  37%|███▋      | 371/1000 [46:13 > 39:21]
L-BFGS:  37%|███▋      | 372/1000 [35:48 > 39:22]
L-BFGS:  37%|███▋      | 373/1000 [46:51 > 39:29]
L-BFGS:  37%|███▋      | 374/1000 [54:34 > 39:36]
L-BFGS:  38%|███▊      | 375/1000 [59:56 > 39:43]
L-BFGS:  38%|███▊      | 376/1000 [1:03:40 > 39:50]
L-BFGS:  38%|███▊      | 377/1000 [1:07:05 > 39:57]
L-BFGS:  38%|███▊      | 378/1000 [1:08:34 > 40:04]
L-BFGS:  38%|███▊      | 379/1000 [1:09:31 > 40:11]
L-BFGS:  38%|███▊      | 380/1000 [57:01 > 40:13]  
L-BFGS:  38%|███▊      | 381/1000 [1:00:55 > 40:20]
L-BFGS:  38%|███▊      | 382/1000 [1:03:36 > 40:27]
L-BFGS:  38%|███▊      | 383/1000 [58:45 > 40:32]  
L-BFGS:  38%|███▊      | 384/1000 [49:26 > 40:34]
L-BFGS:  38%|███▊      | 385/1000 [37:54 > 40:35]
L-BFGS:  39%|███▊      | 386/1000 [47:23 > 40:42]
L-BFGS:  39%|███▊      | 387/1000 [36:27 > 40:43]
L-BFGS:  39%|███▉      | 388/1000 [46:18 > 40:50]
L-BFGS:  39%|███▉      | 389/1000 [54:03 > 40:57]
L-BFGS:  39%|███▉      | 390/1000 [56:04 > 41:03]
L-BFGS:  39%|███▉      | 391/1000 [1:00:45 > 41:10]
L-BFGS:  39%|███▉      | 392/1000 [1:03:09 > 41:17]
L-BFGS:  39%|███▉      | 393/1000 [1:04:47 > 41:24]
L-BFGS:  39%|███▉      | 394/1000 [1:06:43 > 41:31]
L-BFGS:  40%|███▉      | 395/1000 [1:08:01 > 41:38]
L-BFGS:  40%|███▉      | 396/1000 [1:08:58 > 41:45]
L-BFGS:  40%|███▉      | 397/1000 [49:50 > 41:46]  
L-BFGS:  40%|███▉      | 398/1000 [53:43 > 41:52]
L-BFGS:  40%|███▉      | 399/1000 [58:04 > 41:59]
L-BFGS:  40%|████      | 400/1000 [1:01:04 > 42:06]
L-BFGS:  40%|████      | 401/1000 [50:02 > 42:08]  
L-BFGS:  40%|████      | 402/1000 [55:21 > 42:15]
L-BFGS:  40%|████      | 403/1000 [59:00 > 42:22]
L-BFGS:  40%|████      | 404/1000 [46:13 > 42:23]
L-BFGS:  40%|████      | 405/1000 [53:02 > 42:30]
L-BFGS:  41%|████      | 406/1000 [57:49 > 42:37]
L-BFGS:  41%|████      | 407/1000 [51:59 > 42:41]
L-BFGS:  41%|████      | 408/1000 [56:56 > 42:48]
L-BFGS:  41%|████      | 409/1000 [1:00:24 > 42:55]
L-BFGS:  41%|████      | 410/1000 [1:02:47 > 43:02]
L-BFGS:  41%|████      | 411/1000 [1:05:16 > 43:10]
L-BFGS:  41%|████      | 412/1000 [1:06:55 > 43:17]
L-BFGS:  41%|████▏     | 413/1000 [1:07:14 > 43:24]
L-BFGS:  41%|████▏     | 414/1000 [51:53 > 43:25]  
L-BFGS:  42%|████▏     | 415/1000 [44:23 > 43:28]
L-BFGS:  42%|████▏     | 416/1000 [51:23 > 43:35]
L-BFGS:  42%|████▏     | 417/1000 [55:51 > 43:42]
L-BFGS:  42%|████▏     | 418/1000 [59:39 > 43:49]
L-BFGS:  42%|████▏     | 419/1000 [1:02:18 > 43:56]
L-BFGS:  42%|████▏     | 420/1000 [52:12 > 43:59]  
L-BFGS:  42%|████▏     | 421/1000 [41:11 > 44:01]
L-BFGS:  42%|████▏     | 422/1000 [48:27 > 44:08]
L-BFGS:  42%|████▏     | 423/1000 [54:20 > 44:15]
L-BFGS:  42%|████▏     | 424/1000 [46:36 > 44:18]
L-BFGS:  42%|████▎     | 425/1000 [34:08 > 44:18]
L-BFGS:  43%|████▎     | 426/1000 [44:11 > 44:25]
L-BFGS:  43%|████▎     | 427/1000 [50:22 > 44:32]
L-BFGS:  43%|████▎     | 428/1000 [55:25 > 44:39]
L-BFGS:  43%|████▎     | 429/1000 [55:51 > 44:45]
L-BFGS:  43%|████▎     | 430/1000 [58:25 > 44:52]
L-BFGS:  43%|████▎     | 431/1000 [1:00:58 > 44:59]
L-BFGS:  43%|████▎     | 432/1000 [1:01:58 > 45:06]
L-BFGS:  43%|████▎     | 433/1000 [1:00:23 > 45:12]
L-BFGS:  43%|████▎     | 434/1000 [1:02:14 > 45:19]
L-BFGS:  44%|████▎     | 435/1000 [54:17 > 45:23]  
L-BFGS:  44%|████▎     | 436/1000 [45:36 > 45:26]
L-BFGS:  44%|████▎     | 437/1000 [51:49 > 45:33]
L-BFGS:  44%|████▍     | 438/1000 [55:22 > 45:39]
L-BFGS:  44%|████▍     | 439/1000 [45:35 > 45:42]
L-BFGS:  44%|████▍     | 440/1000 [37:56 > 45:44]
L-BFGS:  44%|████▍     | 441/1000 [45:43 > 45:51]
L-BFGS:  44%|████▍     | 442/1000 [51:21 > 45:58]
L-BFGS:  44%|████▍     | 443/1000 [55:16 > 46:05]
L-BFGS:  44%|████▍     | 444/1000 [58:50 > 46:12]
L-BFGS:  44%|████▍     | 445/1000 [1:00:30 > 46:19]
L-BFGS:  45%|████▍     | 446/1000 [1:02:11 > 46:26]
L-BFGS:  45%|████▍     | 447/1000 [1:02:42 > 46:33]
L-BFGS:  45%|████▍     | 448/1000 [1:03:52 > 46:41]
L-BFGS:  45%|████▍     | 449/1000 [50:46 > 46:43]  
L-BFGS:  45%|████▌     | 450/1000 [40:05 > 46:45]
L-BFGS:  45%|████▌     | 451/1000 [47:09 > 46:51]
L-BFGS:  45%|████▌     | 452/1000 [36:00 > 46:53]
L-BFGS:  45%|████▌     | 453/1000 [44:13 > 47:00]
L-BFGS:  45%|████▌     | 454/1000 [49:43 > 47:06]
L-BFGS:  46%|████▌     | 455/1000 [39:11 > 47:08]
L-BFGS:  46%|████▌     | 456/1000 [45:54 > 47:15]
L-BFGS:  46%|████▌     | 457/1000 [35:01 > 47:16]
L-BFGS:  46%|████▌     | 458/1000 [42:55 > 47:23]
L-BFGS:  46%|████▌     | 459/1000 [49:11 > 47:30]
L-BFGS:  46%|████▌     | 460/1000 [46:09 > 47:34]
L-BFGS:  46%|████▌     | 461/1000 [50:40 > 47:41]
L-BFGS:  46%|████▌     | 462/1000 [53:43 > 47:48]
L-BFGS:  46%|████▋     | 463/1000 [56:32 > 47:55]
L-BFGS:  46%|████▋     | 464/1000 [56:18 > 48:01]
L-BFGS:  46%|████▋     | 465/1000 [57:33 > 48:08]
L-BFGS:  47%|████▋     | 466/1000 [59:07 > 48:15]
L-BFGS:  47%|████▋     | 467/1000 [59:29 > 48:22]
L-BFGS:  47%|████▋     | 468/1000 [56:06 > 48:27]
L-BFGS:  47%|████▋     | 469/1000 [44:13 > 48:29]
L-BFGS:  47%|████▋     | 470/1000 [37:22 > 48:32]
L-BFGS:  47%|████▋     | 471/1000 [34:44 > 48:35]
L-BFGS:  47%|████▋     | 472/1000 [42:56 > 48:42]
L-BFGS:  47%|████▋     | 473/1000 [48:39 > 48:49]
L-BFGS:  47%|████▋     | 474/1000 [51:53 > 48:56]
L-BFGS:  48%|████▊     | 475/1000 [54:09 > 49:03]
L-BFGS:  48%|████▊     | 476/1000 [56:25 > 49:10]
L-BFGS:  48%|████▊     | 477/1000 [40:50 > 49:10]
L-BFGS:  48%|████▊     | 478/1000 [46:27 > 49:17]
L-BFGS:  48%|████▊     | 479/1000 [38:58 > 49:20]
L-BFGS:  48%|████▊     | 480/1000 [31:34 > 49:22]
L-BFGS:  48%|████▊     | 481/1000 [23:30 > 49:22]
L-BFGS:  48%|████▊     | 482/1000 [30:54 > 49:28]
L-BFGS:  48%|████▊     | 483/1000 [39:37 > 49:35]
L-BFGS:  48%|████▊     | 484/1000 [44:16 > 49:41]
L-BFGS:  48%|████▊     | 485/1000 [43:49 > 49:46]
L-BFGS:  49%|████▊     | 486/1000 [38:28 > 49:49]
L-BFGS:  49%|████▊     | 487/1000 [44:45 > 49:56]
L-BFGS:  49%|████▉     | 488/1000 [49:12 > 50:03]
L-BFGS:  49%|████▉     | 489/1000 [52:13 > 50:10]
L-BFGS:  49%|████▉     | 490/1000 [55:01 > 50:17]
L-BFGS:  49%|████▉     | 491/1000 [56:12 > 50:24]
L-BFGS:  49%|████▉     | 492/1000 [56:48 > 50:31]
L-BFGS:  49%|████▉     | 493/1000 [57:41 > 50:38]
L-BFGS:  49%|████▉     | 494/1000 [58:18 > 50:45]
L-BFGS:  50%|████▉     | 495/1000 [58:39 > 50:53]
L-BFGS:  50%|████▉     | 496/1000 [58:56 > 51:00]
L-BFGS:  50%|████▉     | 497/1000 [58:59 > 51:07]
L-BFGS:  50%|████▉     | 498/1000 [56:59 > 51:13]
L-BFGS:  50%|████▉     | 499/1000 [47:19 > 51:16]
L-BFGS:  50%|█████     | 500/1000 [50:11 > 51:23]
L-BFGS:  50%|█████     | 501/1000 [52:08 > 51:30]
L-BFGS:  50%|█████     | 502/1000 [54:05 > 51:37]
L-BFGS:  50%|█████     | 503/1000 [46:36 > 51:40]
L-BFGS:  50%|█████     | 504/1000 [49:31 > 51:47]
L-BFGS:  50%|█████     | 505/1000 [51:27 > 51:54]
L-BFGS:  51%|█████     | 506/1000 [52:46 > 52:01]
L-BFGS:  51%|█████     | 507/1000 [54:21 > 52:08]
L-BFGS:  51%|█████     | 508/1000 [54:45 > 52:15]
L-BFGS:  51%|█████     | 509/1000 [50:57 > 52:20]
L-BFGS:  51%|█████     | 510/1000 [52:18 > 52:27]
L-BFGS:  51%|█████     | 511/1000 [42:32 > 52:29]
L-BFGS:  51%|█████     | 512/1000 [39:41 > 52:33]
L-BFGS:  51%|█████▏    | 513/1000 [44:27 > 52:40]
L-BFGS:  51%|█████▏    | 514/1000 [48:43 > 52:47]
L-BFGS:  52%|█████▏    | 515/1000 [42:49 > 52:51]
L-BFGS:  52%|█████▏    | 516/1000 [47:28 > 52:58]
L-BFGS:  52%|█████▏    | 517/1000 [50:00 > 53:05]
L-BFGS:  52%|█████▏    | 518/1000 [51:45 > 53:12]
L-BFGS:  52%|█████▏    | 519/1000 [50:57 > 53:18]
L-BFGS:  52%|█████▏    | 520/1000 [49:39 > 53:24]
L-BFGS:  52%|█████▏    | 521/1000 [41:21 > 53:27]
L-BFGS:  52%|█████▏    | 522/1000 [30:13 > 53:28]
L-BFGS:  52%|█████▏    | 523/1000 [23:45 > 53:29]
L-BFGS:  52%|█████▏    | 524/1000 [24:35 > 53:32]
L-BFGS:  52%|█████▎    | 525/1000 [19:48 > 53:33]
L-BFGS:  53%|█████▎    | 526/1000 [30:23 > 53:40]
L-BFGS:  53%|█████▎    | 527/1000 [25:10 > 53:42]
L-BFGS:  53%|█████▎    | 528/1000 [20:52 > 53:43]
L-BFGS:  53%|█████▎    | 529/1000 [21:08 > 53:46]
L-BFGS:  53%|█████▎    | 530/1000 [19:20 > 53:48]
L-BFGS:  53%|█████▎    | 531/1000 [29:40 > 53:55]
L-BFGS:  53%|█████▎    | 532/1000 [25:11 > 53:57]
L-BFGS:  53%|█████▎    | 533/1000 [33:32 > 54:04]
L-BFGS:  53%|█████▎    | 534/1000 [35:29 > 54:09]
L-BFGS:  54%|█████▎    | 535/1000 [34:17 > 54:13]
L-BFGS:  54%|█████▎    | 536/1000 [39:43 > 54:20]
L-BFGS:  54%|█████▎    | 537/1000 [43:32 > 54:27]
L-BFGS:  54%|█████▍    | 538/1000 [46:48 > 54:34]
L-BFGS:  54%|█████▍    | 539/1000 [49:01 > 54:41]
L-BFGS:  54%|█████▍    | 540/1000 [50:34 > 54:48]
L-BFGS:  54%|█████▍    | 541/1000 [50:57 > 54:55]
L-BFGS:  54%|█████▍    | 542/1000 [51:11 > 55:01]
L-BFGS:  54%|█████▍    | 543/1000 [51:58 > 55:09]
L-BFGS:  54%|█████▍    | 544/1000 [49:25 > 55:14]
L-BFGS:  55%|█████▍    | 545/1000 [43:11 > 55:18]
L-BFGS:  55%|█████▍    | 546/1000 [45:39 > 55:25]
L-BFGS:  55%|█████▍    | 547/1000 [35:35 > 55:27]
L-BFGS:  55%|█████▍    | 548/1000 [31:00 > 55:29]
L-BFGS:  55%|█████▍    | 549/1000 [31:30 > 55:34]
L-BFGS:  55%|█████▌    | 550/1000 [37:56 > 55:41]
L-BFGS:  55%|█████▌    | 551/1000 [42:28 > 55:48]
L-BFGS:  55%|█████▌    | 552/1000 [44:52 > 55:55]
L-BFGS:  55%|█████▌    | 553/1000 [33:46 > 55:56]
L-BFGS:  55%|█████▌    | 554/1000 [39:24 > 56:03]
L-BFGS:  56%|█████▌    | 555/1000 [43:33 > 56:10]
L-BFGS:  56%|█████▌    | 556/1000 [45:54 > 56:17]
L-BFGS:  56%|█████▌    | 557/1000 [47:32 > 56:24]
L-BFGS:  56%|█████▌    | 558/1000 [48:37 > 56:31]
L-BFGS:  56%|█████▌    | 559/1000 [49:22 > 56:38]
L-BFGS:  56%|█████▌    | 560/1000 [36:56 > 56:39]
L-BFGS:  56%|█████▌    | 561/1000 [41:10 > 56:46]
L-BFGS:  56%|█████▌    | 562/1000 [45:16 > 56:54]
L-BFGS:  56%|█████▋    | 563/1000 [46:59 > 57:01]
L-BFGS:  56%|█████▋    | 564/1000 [38:31 > 57:03]
L-BFGS:  56%|█████▋    | 565/1000 [33:07 > 57:06]
