step,total,pde,ic,inlet,outlet
1,1.1156240867003262,0.2459640090977329,0.10333772780684586,0.7569934945411151,0.009328855254632229
2,1.1156240867003262,0.2459640090977329,0.10333772780684586,0.7569934945411151,0.009328855254632229
3,1.0468814278970284,0.1949669115869794,0.08734381402108413,0.7556043110939462,0.008966391195018603
4,0.9849337045629504,0.15130726820065948,0.07587243103037106,0.7480788801361866,0.009675125195733193
5,0.9282107764922082,0.1140209588031061,0.06620754542630858,0.737012078857647,0.010970193405146557
6,0.8757456828766306,0.08291518247832266,0.0581761752442181,0.7215724363764207,0.01308188877766909
7,0.8267547381499538,0.05799087385474438,0.05161128150892198,0.7007967689832615,0.016355813803025924
8,0.7805907669745727,0.0396208071342447,0.04654636838136037,0.6730372459207452,0.02138634553822254
9,0.7367012413610619,0.02855477331580937,0.04312905208343944,0.6359531048688433,0.029064311092969763
10,0.6950217645960567,0.025731172189855926,0.04145160677046874,0.5872658029810669,0.04057318265466517
11,0.6569005747365965,0.03226952791118985,0.041464501460369424,0.5259169006858965,0.05724964467914074
12,0.6255976700989664,0.04925116843484637,0.04295934473435239,0.4534638150923229,0.07992334183744461
13,0.6048197483127226,0.07616493110926696,0.04537999521936976,0.37624854513716577,0.10702627684692007
14,0.5944745813697772,0.10852827981634143,0.047747098108630245,0.30499767828567265,0.13320152515913292
15,0.5881383452437428,0.13839904068278183,0.04939491477621941,0.24813087421089633,0.15221351557384516
16,0.5769311279506748,0.15863723131163318,0.050274298187446075,0.2074075718700104,0.1606120265815852
17,0.5554592894958195,0.16654732604553102,0.050589180447870905,0.17984018184052722,0.15848260116189034
18,0.5235517655668112,0.16346343280970968,0.05054349226655649,0.1614926252979944,0.14805221519255057
19,0.4841903978058763,0.15246139956784963,0.05028955830312813,0.14932743386889824,0.13211200606600032
20,0.4414082837610285,0.1369144450068785,0.04994865261432942,0.1412663668339477,0.11327881930587291
21,0.3990559526927854,0.11987518801324899,0.04962953786041461,0.13582281070698857,0.09372841611213324
22,0.360144995550813,0.10378782476851373,0.049445807832921324,0.13180579970529457,0.07510556324408334
23,0.3265708669765476,0.09037857710393803,0.04952515360418881,0.12815330938102,0.058513826887400755
24,0.2990851635704369,0.08068122874896325,0.04999881081494724,0.1238627293086996,0.04454239469782681
25,0.2774677743674587,0.07511507228451147,0.050986832544744266,0.11803035528662595,0.03333551425157697
26,0.2608710020486266,0.07358272308370992,0.05258576310460605,0.10999694317325719,0.024705572687053468
27,0.24822735923126588,0.07556699717232555,0.05485423015053474,0.09953778600828694,0.018268345900118648
28,0.23856324296873038,0.08020588712461042,0.05778751724976104,0.087001134215182,0.013568704379176904
29,0.2311012526328362,0.08635836205695636,0.06127781369820664,0.07329298178658679,0.010172095091086403
30,0.22516039417201603,0.09271909987168286,0.06507387480426949,0.059653264137041105,0.007714155359022562
31,0.22000812345171625,0.09804017882142353,0.06878282231617998,0.04726864411260783,0.005916478201504891
32,0.21486341769186754,0.10142086639812598,0.07195222808868385,0.036909456988409285,0.004580866216648437
33,0.20907398537099384,0.10250445530726945,0.0741865332291032,0.028811009133551814,0.003571987701069368
34,0.20228958366246252,0.10146381373262617,0.07522338239394229,0.022804119617344867,0.0027982679185492073
35,0.19449922861708832,0.09882397523479787,0.07495051475405731,0.018527763406286805,0.0021969752219463067
36,0.18594703509543983,0.095246894964059,0.07338170499312278,0.015594256841761373,0.0017241782964966775
37,0.17700359194408236,0.09136129841399285,0.07061938001956933,0.013674456384723503,0.0013484571257966686
38,0.16805001426156635,0.08765679636460848,0.06682215083744007,0.01252394449419423,0.001047122565323579
39,0.15939865967031677,0.08443260766616664,0.062182807555277816,0.011979322510273708,0.0008039219385986158
40,0.15125644094128282,0.08179013581796084,0.05691448643021161,0.01194437117007089,0.0006074475230394946
41,0.14372642154951246,0.07966070520057615,0.051240192045500066,0.012375775198417946,0.00044974910501827624
42,0.13683569133064366,0.07785657595208614,0.04538263196086422,0.01327143908270969,0.00032504433498358696
43,0.130576036499044,0.0761324151885517,0.03955414416737969,0.014660810385589139,0.00022866675752346738
44,0.12494573267337528,0.07424704716980454,0.033947366432708785,0.01659495261283698,0.0001563664580249769
45,0.11998099255066412,0.07201679185305676,0.028726987579509682,0.019133233588305855,0.00010397952979181606
46,0.11576550907717556,0.06935217540919165,0.02402290005480873,0.022323021610725864,6.741200244930711e-05
47,0.1124096155228323,0.06627212542493253,0.019925338848175045,0.026169328957017696,4.2822292707029524e-05
48,0.10999840796532366,0.06289417105312117,0.016482599333857907,0.030594785348007726,2.685223033686612e-05
49,0.10852160002179749,0.05940365701277051,0.013701541328801227,0.03539961702436106,1.6784655864690175e-05
50,0.10781651993214629,0.05600885443250101,0.011550953570839313,0.040246133030934404,1.057889787154992e-05
51,0.10756629821452877,0.05289330395420687,0.009968924802551963,0.04469726630509671,6.803152673238669e-06
52,0.10736965172941063,0.05018043146170885,0.008875957404191398,0.048308750959330814,4.511904179561891e-06
53,0.10684458732513427,0.047921426723750715,0.008191727105616787,0.050728321538063705,3.1119577030578663e-06
54,0.10571026562583372,0.046104863886821425,0.007848970805675306,0.05175418589653523,2.2450368017482262e-06
55,0.1038250167380755,0.04467761578663303,0.007800195840164205,0.05134550559854636,1.6995127318911959e-06
56,0.10118965304367276,0.04356705513362583,0.008018144835848147,0.04960310173007968,1.3513441191100645e-06
57,0.09792952532705398,0.04269860065530815,0.00849293831686621,0.046736858748065095,1.1276068145291565e-06
58,0.09426288947620912,0.042005940012785396,0.009227854184888102,0.043028110281300956,9.849972346646575e-07
59,0.09046000039253144,0.041433551989268985,0.01023429663110184,0.03879125435680267,8.974153579479661e-07
60,0.08679751372924173,0.040932963914172,0.011525721743752843,0.03433797927746777,8.487938491144678e-07
61,0.08351386251178547,0.04045560563229797,0.013110205587165445,0.029947222407769574,8.288845524803733e-07
62,0.08077216216290692,0.03994603156293343,0.014981869223139667,0.025843430675399123,8.307014347001473e-07
63,0.07863743496608837,0.039339410578186115,0.01711239079141773,0.022184784679672862,8.489168116624993e-07
64,0.07707371468477327,0.038566049928069786,0.01944497839051012,0.019061807496640618,8.788695527436102e-07
65,0.07596278166497929,0.0375628993215845,0.021893656319473945,0.016505309959664875,9.160642559687243e-07
66,0.07514008359696929,0.036288388639747204,0.024349698673237438,0.01450104014389649,9.561400881527766e-07
67,0.07443743285202964,0.034734715077551256,0.026694511434911607,0.013007211074975508,9.952645912735557e-07
68,0.07371990371337157,0.03293237793568267,0.028815550117661883,0.011970944866600372,1.0307934266599158e-06
69,0.07290744700043293,0.030944851382661412,0.030620768053002043,0.011340765636989523,1.0619277799573717e-06
70,0.07197804062424834,0.02885477088161792,0.03204819699926388,0.011073982634106465,1.0901092600884365e-06
71,0.07095522611057509,0.02674541286755592,0.033069529955453814,0.011139164247305771,1.1190402595826357e-06
72,0.06988653014610093,0.024682437328249502,0.033688523708120435,0.01151441469384671,1.1544158842822256e-06
73,0.06882032370790503,0.0227011629599642,0.03393590653685517,0.012182050619299606,1.2035917860361034e-06
74,0.06778771645869366,0.020803864381225518,0.0338624045674067,0.01312017206066808,1.275449393358409e-06
75,0.06679390750479311,0.018969267701360978,0.03353099798043472,0.01429226114530893,1.3806776884817474e-06
76,0.06582135390725441,0.017173005367003464,0.033009012453342056,0.01563780348934326,1.5325975656382475e-06
77,0.06484588757560623,0.015414313655299237,0.0323604320541834,0.01706939334193846,1.7485241851290142e-06
78,0.06386397375393627,0.013740741089845777,0.031639027598742375,0.01848215362597448,2.0514393736420437e-06
79,0.06292118889057656,0.01225916526710903,0.030883291054215275,0.019776261391272924,2.471177979334157e-06
80,0.062122414822547066,0.011120718821937414,0.03011411268810423,0.020884540350684194,3.042961821237878e-06
81,0.06160482677487382,0.010472978138589325,0.029335390326589567,0.02179265966071232,3.798648982600704e-06
82,0.061471755072812155,0.010385980725303164,0.02853717563381882,0.022543854862166382,4.743851523787934e-06
83,0.061713497150545034,0.01077902926872414,0.027701355430962988,0.023227293887765357,5.818563092549408e-06
84,0.06216853005973107,0.011398675061930255,0.026810410748188584,0.023952582720663494,6.861528948736451e-06
85,0.06257731180659906,0.011896528696355057,0.025858226241443516,0.024814926623911982,7.6302448885052e-06
86,0.0627127025357728,0.011985446602859183,0.024858206402374062,0.025861143279466803,7.906251072745206e-06
87,0.062485997909578886,0.011566713633384849,0.02384382051188439,0.027067846353976154,7.6174103334877514e-06
88,0.06194818281971182,0.010745312740167068,0.022862312791194314,0.02833368779032793,6.869498022502313e-06
89,0.061205687764808475,0.009749561973932896,0.021965911043311283,0.02948434296356503,5.871783999263292e-06
90,0.060327087629686534,0.008821275535890884,0.02120336795379906,0.03029761209405883,4.832045937753933e-06
91,0.059307563518716314,0.008133459060672027,0.020612607695831987,0.03055760631281545,3.890449396844233e-06
92,0.05810971979563083,0.00776462072823351,0.020215233928209883,0.030126757271674024,3.107867513411927e-06
93,0.05673891582254814,0.007723917081894574,0.020014241463339813,0.028998269541303114,2.487736010637683e-06
94,0.05528687185133082,0.007992173864832698,0.019995129821929133,0.027297563180365473,2.0049842035205926e-06
95,0.053912481102848527,0.008544648202552007,0.02012878369569619,0.025237422116839926,1.6270877604103486e-06
96,0.05277885511231928,0.00934733946004994,0.020374544640854062,0.02305564607853906,1.3249328762173493e-06
97,0.051988159306346385,0.01034200221095016,0.020683385032132136,0.020961695208452626,1.0768548114578987e-06
98,0.05155069278742615,0.011442199757666617,0.02100209365620847,0.0191055302170127,8.69156538367759e-07
99,0.05140238879693056,0.01255271719432111,0.021278996471227163,0.017569980381790234,6.947495920572334e-07
100,0.051453928033750554,0.013602411160481491,0.02147032693425269,0.016380639259390813,5.506796255514887e-07
101,0.05163422298936725,0.014564544894796144,0.02154536080160355,0.015523881842716095,4.3545025145942983e-07
102,0.051900353744452815,0.015446979596223676,0.021488896046523397,0.014964130916957379,3.4718474836896563e-07
103,0.0520221613529841,0.015927865626108248,0.021348881334066042,0.014745106252387228,3.081404225781776e-07
104,0.052097962012815184,0.016315180503917236,0.02108082349758596,0.014701681173752593,2.768375594005461e-07
105,0.0521162911266889,0.01660314489173169,0.02069715577503411,0.014815737443566086,2.530163570104437e-07
106,0.05206834837471796,0.01678398564500497,0.02021750746227966,0.015066618891486971,2.3637594634798116e-07
107,0.0519487501851772,0.016850510154509307,0.019666598799329128,0.015431414588258025,2.2664308074607795e-07
108,0.051757674387295116,0.016800197339516494,0.019072124867935684,0.0158851285091302,2.2367071273695586e-07
109,0.051502502598514556,0.016638560987091346,0.01846286064660956,0.016400853419425456,2.2754538819130363e-07
110,0.051197513505126406,0.016380065795417984,0.017867067018714006,0.016950142006289595,2.386847048230325e-07
111,0.050861368075837625,0.016046107207230865,0.017311191037025806,0.017503811919074116,2.5791250684013587e-07
112,0.05051304283847172,0.015660587902471847,0.016818846885559017,0.018033321549354085,2.865010867729627e-07
113,0.05016726666290042,0.015244225003249404,0.01641008890870121,0.018512626590472786,3.2616047701843026e-07
114,0.04983069653776611,0.014809163334780724,0.016101000183027934,0.01892015407728934,3.7894266811445725e-07
115,0.04950025590636998,0.01435588488886199,0.01590360320100382,0.01924032078021922,4.4703628494597807e-07
116,0.04916505630700811,0.013874443502083935,0.015826053944774363,0.019464026376634285,5.324835155296399e-07
117,0.048812429749763464,0.01335087978121785,0.015873011814697822,0.019587901205044125,6.369488036625565e-07
118,0.04843634374070499,0.012776897565058851,0.016046006493218724,0.019612677960786598,7.617216408183863e-07
119,0.04804409707479263,0.012158183449622858,0.016343599928013732,0.019541405639628237,9.080575278014123e-07
120,0.04765719430212891,0.011516917893982149,0.016761196991698545,0.01937800160197755,1.0778144706654977e-06
121,0.047305167157657604,0.010887176893701878,0.017290445537587875,0.019126270472037552,1.274254330300321e-06
122,0.04701473089150939,0.01030537890417763,0.017918234609535386,0.018789614540576104,1.5028372202731657e-06
123,0.04679922376209049,0.009799945500838602,0.018625374004781557,0.018372132525436194,1.7717310341303662e-06
124,0.046653964331112095,0.009384817972128496,0.01938518088762872,0.017881873927523835,2.091543831045216e-06
125,0.046560600224484334,0.00905989732587392,0.020162428751400344,0.017335800557980174,2.4735892298997723e-06
126,0.04649734313367975,0.008817199694187624,0.02091336592486701,0.01676385146319432,2.92605143079946e-06
127,0.046446892211320395,0.0086469847883975,0.021587646693310127,0.016208812860265785,3.4478693469848097e-06
128,0.04639622697460665,0.008538353821120892,0.02213283852443524,0.015721013436533583,4.021192516932845e-06
129,0.0463306718266581,0.00847469113667659,0.022501434970163006,0.015349940326474073,4.6053933444277664e-06
130,0.04623044424460278,0.008430430513901296,0.022659012243363367,0.015135863145848768,5.138341489344475e-06
131,0.046075971967220526,0.008375801053318161,0.022590997547949826,0.01510362330368061,5.550062271930817e-06
132,0.04585968310342328,0.008288937447653109,0.02230564195299521,0.015259317776176317,5.7859265986493686e-06
133,0.0455943723510798,0.008166771155340913,0.021832566479514252,0.015589207916259847,5.826799964787626e-06
134,0.04530996905609613,0.008026603994411161,0.02121826187113705,0.01605940886568989,5.6943248580275e-06
135,0.045039642865463116,0.0078979383910155,0.020520451572361098,0.01661581256620131,5.44033588521166e-06
136,0.04480391497585151,0.007810545019437339,0.019802282336488935,0.01718595941131182,5.1282086134192255e-06
137,0.04460311893960592,0.007785898857987929,0.019126208588698554,0.01768619649978367,4.814993135762208e-06
138,0.044423412792903606,0.007835494041156995,0.01854736850092883,0.01803601043017863,4.539820639142669e-06
139,0.04425131402874077,0.007963282349294661,0.018107398088875067,0.018176313387137287,4.320203433752672e-06
140,0.044084362438412204,0.008165904747163999,0.017830625282739106,0.018083677723504776,4.1546850043268e-06
141,0.04392972312971489,0.008428374512907667,0.01772369397375831,0.017773625812068795,4.0288309801115055e-06
142,0.04379489942072546,0.008720889919574702,0.017777519384388003,0.01729256759282077,3.922523941985445e-06
143,0.04368202109824322,0.00900491862981386,0.017969538502418385,0.016703746116608683,3.817849402286981e-06
144,0.043591191678964046,0.00924845119016571,0.018265333107789657,0.016073701243987302,3.7061370213812075e-06
145,0.04352579295606716,0.009438850424888378,0.018620354116586982,0.015462996734876647,3.5916797151472843e-06
146,0.043489465283567695,0.009581620678104944,0.018983073514173693,0.014921279952498919,3.4911387901325173e-06
147,0.04347499633953527,0.009686014667185473,0.01930033373039451,0.014485218189142371,3.4297528129122474e-06
148,0.043457489654108714,0.009750773900255914,0.01952457241572999,0.014178707735257999,3.4356028648105796e-06
149,0.043404268795005314,0.009764111321849385,0.019621361301082364,0.014015262878349252,3.5332937243134757e-06
150,0.04329660833772088,0.009716836565754778,0.01957504186830179,0.01400099021313476,3.739690529550479e-06
151,0.043142050512027505,0.009611293002268978,0.01939108333937896,0.014135611348638043,4.062821741530855e-06
152,0.04296576921871853,0.009455288987646079,0.019095409346893095,0.014410569477132004,4.501407047347832e-06
153,0.04279116956412516,0.00924984521311246,0.018731624186813064,0.014804656459844598,5.0437043550392315e-06
154,0.04262770229291504,0.008987291675255776,0.01835653840407962,0.015278202339939864,5.669873639788172e-06
155,0.042474259255482864,0.008665371653185323,0.018033710060588844,0.015768814073846015,6.363467862681142e-06
156,0.04232923777754723,0.008303204758603248,0.0178246751450356,0.016194228518751623,7.129355156758688e-06
157,0.04219332588600026,0.007940144846313276,0.017778296556526726,0.016466877800685745,8.006682474509278e-06
158,0.042065380044822145,0.0076175631380030915,0.017920261840388144,0.01651848732342569,9.06774300521403e-06
159,0.04194339682813464,0.0073615094507720235,0.01824593043551523,0.01632555815237848,1.0398789468909052e-05
160,0.04183359560565807,0.00717971747752146,0.01871799738854298,0.0159238208115905,1.2059928003127513e-05
161,0.04175161883279762,0.007066147359382166,0.019267182679614202,0.015404264316290245,1.4024477511013362e-05
162,0.04170360634110268,0.007000007927370825,0.019796036639750138,0.014891446941406742,1.6114832574972173e-05
163,0.041667666366052604,0.006946798127153829,0.020193655072164585,0.014509215486507026,1.799768022716622e-05
164,0.04160775283729341,0.006877969616022412,0.020367067826263914,0.014343399254250008,1.9316140757078376e-05
165,0.041506923354017226,0.006793951647620874,0.020273934361890168,0.014419140664092308,1.9896680413876253e-05
166,0.0413744178707682,0.006719397706301986,0.019933952003516397,0.014701229137062842,1.9839023886970568e-05
167,0.041224996124139206,0.006679210708897246,0.019418913058310852,0.01510745607236242,1.941628456869185e-05
168,0.0410681393728327,0.0066883132260526995,0.018832085944384278,0.015528854542753568,1.8885659642159176e-05
169,0.04091400987876869,0.006756256691609223,0.018281884016510003,0.015857516861694662,1.835230895479562e-05
170,0.040769484524356775,0.006879566605745579,0.017856049979138516,0.01601611188149778,1.7756057974896033e-05
171,0.040626372045807324,0.007028390680210651,0.017605261603449232,0.015975754112287247,1.696564986019413e-05
172,0.040472797141425376,0.007165336866228286,0.017539933480337055,0.015751601371874147,1.592542298588745e-05
173,0.04031880729696808,0.007282981200726619,0.0176363959571275,0.015384692412890423,1.4737726223531428e-05
174,0.04018958473159459,0.007402130559794497,0.017844794262068853,0.014929043581449732,1.3616328281505722e-05
175,0.040090429030177434,0.00753271219965495,0.018094141313732194,0.014450799990621002,1.2775526169285648e-05
176,0.03999934940390118,0.007655646543272814,0.018297955502358947,0.014033425470814601,1.2321887454812832e-05
177,0.03989599895315224,0.007742417565044179,0.01836955704645342,0.013771815494962224,1.2208846692420508e-05
178,0.039773359781390495,0.007765115112895062,0.01825200618506112,0.01374395205966156,1.228642377275013e-05
179,0.03963136365970381,0.007695389287835335,0.017950891515118788,0.013972674700351002,1.240815639868517e-05
180,0.03948302071271029,0.007528129915417112,0.017546840619465678,0.014395503425500358,1.2546752327141165e-05
181,0.039346762583460745,0.007300240026625597,0.01717821602454712,0.014855465991457487,1.2840540830538425e-05
182,0.03921726714973385,0.007067338589780566,0.016993984555978073,0.01514242361008636,1.352039388885352e-05
183,0.03907814892618343,0.0068682009455519576,0.017082130976023843,0.015113070588355,1.474641625262264e-05
184,0.03894118610833188,0.0067061501370922465,0.017423967207167917,0.014794620597557956,1.6448166513761444e-05
185,0.038827027698294034,0.006546950724669579,0.017902159684716146,0.014359649730967915,1.826755794039893e-05
186,0.03873588415812513,0.00636105247081958,0.018345372525078847,0.01400971624547263,1.974291675407006e-05
187,0.03865973743355415,0.006174700227692965,0.01860921431470456,0.01385512000564605,2.070288551056937e-05
188,0.03857687937653928,0.006036374034519682,0.01863839936031201,0.013880715612203966,2.1390369503617126e-05
189,0.03846360087206158,0.005967062829255114,0.018453476152660013,0.014021021295634973,2.204059451148119e-05
190,0.0383347831429618,0.00596341185673328,0.01810465454513731,0.014244285836009448,2.2430905081756876e-05
191,0.03820563493138069,0.005984645663006225,0.01766654697762744,0.014532393836690563,2.2048454056459423e-05
192,0.03806749942339726,0.005993130837130391,0.01726238702703057,0.014791212248551202,2.0769310685097322e-05
193,0.03792032840261065,0.006025869716118004,0.017041250526325352,0.014834077099896065,1.913106027123106e-05
194,0.03776907522499886,0.006135189671751295,0.017082803425296333,0.014533316784975915,1.7765342975314036e-05
195,0.0376325385063901,0.0063115932702366056,0.017310411376887432,0.01399371491822364,1.6818941042416135e-05
196,0.03752342413893235,0.006485736363148647,0.017503894369400603,0.013517824824737458,1.5968581645648133e-05
197,0.037413800066485633,0.006584043900101722,0.017449540137320835,0.013365255067698967,1.496096136410669e-05
198,0.03728941485717929,0.006603355362023951,0.017130108549622474,0.013541907227763435,1.404371776942935e-05
199,0.03715254225210281,0.006579142946877343,0.016711056811981248,0.013848675821115342,1.3666672128873897e-05
200,0.037008444203036235,0.006533284573519186,0.01638012782944675,0.014081083654869804,1.3948145200495244e-05
201,0.036857644567124107,0.006438981302706288,0.016226324166730005,0.014177761316538716,1.4577781149100775e-05
202,0.036686127965146156,0.006255937900836813,0.016262437870237265,0.014152539975651723,1.5212218420354634e-05
203,0.03655741400461328,0.006131918691414049,0.016516711512610794,0.013893188451246775,1.5595349341662964e-05
204,0.03644321956085864,0.006023215809151457,0.016844919014573943,0.013558834189939563,1.625054719368023e-05
205,0.03633382528160855,0.005930771324704411,0.017084766098140077,0.013301100468265546,1.7187390498514387e-05
206,0.03621733804927914,0.005832813612761696,0.017075358987154572,0.01329108387877584,1.808157058703015e-05
207,0.03609544740739321,0.0057099049952655636,0.01678964446913991,0.013577337572691328,1.8560370296413854e-05
208,0.035984899966571914,0.005579313896780765,0.016386864816810478,0.014000104530584062,1.861672239660993e-05
209,0.03588235064179926,0.005496774549104154,0.016128082762638697,0.014238885832312977,1.8607497743433977e-05
210,0.03576708371083875,0.005491359239366243,0.016169377113714408,0.014087630968295219,1.871638946287244e-05
211,0.0356471118696692,0.005521803349142448,0.016427524029522755,0.013679155303213217,1.8629187790783907e-05
212,0.03553649426415954,0.005537770028689551,0.016684744735950812,0.013295962934423379,1.8016565095801334e-05
213,0.035437062988516205,0.005555514517537043,0.016770449472579625,0.01309400153988697,1.7097458512566723e-05
214,0.0353316782203496,0.005604994814146322,0.016649165175597506,0.013061160126499483,1.6358104106283966e-05
215,0.035222879117851734,0.005678699313189292,0.01635838461973166,0.01316994067798413,1.5854506946654242e-05
216,0.035124923439385766,0.0057298463850133175,0.015974867946372873,0.013404934603165651,1.527450483392982e-05
217,0.035027385582745485,0.005729906454620072,0.015672132997353788,0.013610762876369809,1.458325440182081e-05
218,0.034918589255357096,0.005731436696735283,0.015651211863001703,0.013521766869760586,1.4173825859525638e-05
219,0.03480706298617695,0.005758103046804118,0.015886473581651052,0.013148309746446029,1.4176611275757748e-05
220,0.03470812067957222,0.0057614531292408495,0.016086302128828202,0.012846139303173238,1.4226118329928112e-05
221,0.034608413893870156,0.005710470234980585,0.015993991706126788,0.01288990353904967,1.4048413713115832e-05
222,0.034506201780462285,0.005651697377899087,0.015670537988492526,0.013170052286721771,1.3914127348895961e-05
223,0.034413088549153314,0.005629261878450098,0.015334159171126766,0.013435681130310758,1.3986369265696415e-05
224,0.03432696163824279,0.005609163708347916,0.01511460861900859,0.013589304853896082,1.388445699019341e-05
225,0.0342284873688556,0.005566176591502915,0.015092199948870377,0.013556676879849098,1.3433948633210203e-05
226,0.03412707479827143,0.005570362519139996,0.015306926216279925,0.013236771838794877,1.3014224056629603e-05
227,0.03403131530233155,0.005609053709041395,0.015535229603515815,0.012874389422647974,1.2642567126364108e-05
228,0.03393039980208491,0.005601917810894498,0.015447866830273405,0.012868659089670243,1.1956071246762623e-05
229,0.033832909801578,0.005576663208624768,0.015134225063688712,0.013110824513181348,1.1197016083174216e-05
230,0.03374803207970038,0.00559693847372568,0.014939529719396251,0.013200818446316032,1.0745440262414944e-05
231,0.03366168160632806,0.005592432717535643,0.014947281227782373,0.013111625184487432,1.0342476522617967e-05
232,0.033569598786174056,0.005531133943797576,0.015107436655094324,0.01292109915604157,9.929031240587617e-06
233,0.0334817920578039,0.005487010311488562,0.015353538950401254,0.0126314136096984,9.829186215687711e-06
234,0.033389945516361694,0.0054205865742115,0.015366493933976301,0.012593061152921409,9.803855252483432e-06
235,0.033295719196845645,0.005296975952962969,0.015040857977801393,0.012948295528048015,9.589738033267288e-06
236,0.03321322450116301,0.005228065140201591,0.014804725758634613,0.013170866484128414,9.56711819839888e-06
237,0.03313218339509889,0.0051836954186154265,0.014799102859215327,0.013139892990652682,9.492126615447292e-06
238,0.03305032332738229,0.005118386006038727,0.014903995058112292,0.013018807400024793,9.13486320647057e-06
239,0.03297308019686859,0.005146739504853176,0.015103294853432847,0.012714115976026431,8.929862556142243e-06
240,0.032888855856147294,0.005138512612845688,0.014943452817833035,0.012798449502222382,8.440923246193794e-06
241,0.03280853072048113,0.0051578923346616715,0.01467518136426625,0.0129674649165036,7.992105049607128e-06
242,0.03273475994673229,0.005213789149420166,0.01461539003972086,0.012897889459078127,7.691298513142581e-06
243,0.03265767458611043,0.00519588843511499,0.014682456778887815,0.012772023914441917,7.305457665706128e-06
244,0.03258503750755961,0.005248319086939237,0.015017263999177693,0.012312085972294759,7.368449147917923e-06
245,0.032507871989127794,0.005144498952128062,0.014812812969063215,0.012543444371558276,7.1156963782448845e-06
246,0.03242817727160407,0.0052001102850093225,0.014815108891700872,0.012405403263694988,7.554831198884936e-06
247,0.032356632578785925,0.005007963869902447,0.014308685430012636,0.01303273189903232,7.251379838519749e-06
248,0.03227912477373106,0.0051287982080677995,0.014722180692372522,0.012420253510563,7.892362727732706e-06
249,0.03220116181057298,0.0049823114651160304,0.014565331537204799,0.012645998076043373,7.520732208786628e-06
250,0.032121719065710284,0.005053000937870183,0.014650380729831375,0.01241071192731647,7.625470692252171e-06
251,0.03204312882365398,0.005140327636957749,0.01447593462181011,0.012419318330542294,7.548234343834154e-06
252,0.03197330024241562,0.0050903440077759874,0.013967630336551205,0.01290840531694974,6.920581138686558e-06
253,0.03189830874318677,0.00532873653812189,0.01432164957900066,0.012240791069522736,7.131556541477448e-06
254,0.03182194609471292,0.005255399807553603,0.014128302900013445,0.012431689928101878,6.55345904399888e-06
255,0.03174922777463356,0.005327487926399822,0.01421158768584966,0.012203577155544768,6.575006839303225e-06
256,0.031679848936090584,0.005380595109032352,0.014134873508777571,0.012157643674073144,6.7366442075226955e-06
257,0.03161534180275555,0.005194586787937376,0.01360614945006046,0.012808167568167887,6.437996589825344e-06
258,0.03154128019318934,0.005295858810627058,0.013996760215502042,0.012241587076947764,7.07409011247317e-06
259,0.03146530283202175,0.005105256985987349,0.013882163149232483,0.012470941758110206,6.940938691713135e-06
260,0.03139744285554332,0.005043795406211362,0.01392884759738754,0.012417713891738342,7.0859602060755234e-06
261,0.03133354212859555,0.005099425540610673,0.014041445694903235,0.012185229259925504,7.441633156139602e-06
262,0.03127009039298752,0.004895468054080513,0.013551969828057083,0.01281573790364331,6.9146072066147985e-06
263,0.03119608811252714,0.0050271669922278,0.014002326039797255,0.012159299363220353,7.295717281735309e-06
264,0.031126432063230614,0.004935103825431794,0.014005022514028458,0.012179294648863827,7.011074906533865e-06
265,0.031067210457649017,0.004861182487876903,0.013896162413488117,0.012303073633816027,6.7919224679729135e-06
266,0.031009207377390373,0.004962004793350225,0.014086591330438146,0.011953437766292659,7.173487309343257e-06
267,0.030945632210249884,0.004731338304753682,0.013532197661622102,0.01267542505293946,6.671190934639945e-06
268,0.03087412972629411,0.004792411657326514,0.01387740597467462,0.012197257273787078,7.054820505897416e-06
269,0.03081384503705812,0.004734557976610698,0.013950196007345296,0.012122053984724808,7.037068377319795e-06
270,0.03076112045015647,0.004610089275270029,0.013653197306069533,0.012491134432030865,6.699436786044086e-06
271,0.030704173984212043,0.00477881399968049,0.013921428477586564,0.011996825317721303,7.106189223685791e-06
272,0.030637844752224256,0.004616502554982068,0.0134589815658614,0.012555836632874276,6.523998506510827e-06
273,0.030571230642782762,0.004704104371899449,0.013749712506091647,0.012110791593406526,6.622171385138955e-06
274,0.03052049767071889,0.004766915977454373,0.013976317539304848,0.011770586724292143,6.677429667528429e-06
275,0.030471732655822873,0.0046319385524774045,0.013532939531402048,0.012300636499290432,6.218072652987754e-06
276,0.030413766226131296,0.0047910705542701685,0.013801411033420136,0.011814583706574832,6.700931866160348e-06
277,0.03034856224188334,0.004633631023375294,0.013420722694332603,0.012287851260821886,6.357263353555937e-06
278,0.03029162993391094,0.0046239981775723195,0.013515197527039698,0.012146057711198966,6.376518099955067e-06
279,0.030246729743491126,0.004730173998672669,0.013811585492377109,0.011698359226044286,6.611026397061029e-06
280,0.030194896596101133,0.004559385073189402,0.013248947122607798,0.012380565325782156,5.999074521777464e-06
281,0.030132136959330955,0.004736486496588097,0.01351611544899139,0.01187325830895506,6.2767047964093715e-06
282,0.030069638581813687,0.004667878484079329,0.01334625289132933,0.012049583875820042,5.923330584983021e-06
283,0.030021585571402287,0.004619439371387528,0.013333703581000103,0.012062774683390285,5.667935624367384e-06
284,0.02997848241921191,0.004753075414553481,0.013751926848354383,0.011467491412638258,5.988743665786001e-06
285,0.029922518741591853,0.00452297529436986,0.013150686216907827,0.012243371768199203,5.485462114963141e-06
286,0.0298604271007311,0.0045946164878140835,0.013366738010342756,0.011893269736181981,5.802866392275384e-06
287,0.029807847008014077,0.004535129717528926,0.01338475295616315,0.01188220843586425,5.755898457751714e-06
288,0.029769245095898903,0.004403960538620176,0.013194065031002697,0.012165812431791781,5.4070944842507634e-06
289,0.029725389485234448,0.0045968669225689195,0.013621957665694382,0.011500846512207131,5.718384764014989e-06
290,0.029666425846511607,0.004427127145441018,0.013031280775348245,0.012202917641344565,5.100284377778542e-06
291,0.02960893969310778,0.004535293855544924,0.013172779325828343,0.011895793718002853,5.072793731657332e-06
292,0.029567309109658043,0.0046279502797568085,0.013385210226551954,0.011549146702989342,5.001900359941601e-06
293,0.029532550346948672,0.004491458417389878,0.012997730009574621,0.01203887065144155,4.491268542619971e-06
294,0.029482814239851426,0.004687058313556363,0.013357837656796795,0.011433158063645699,4.760205852569013e-06
295,0.02942593225859739,0.004535002466468304,0.012885108291372061,0.012001431258326216,4.39024243080618e-06
296,0.02938302780736772,0.004522833298214356,0.012873976420335546,0.01198193095609987,4.2871327179461544e-06
297,0.029354032551061924,0.004672831872982286,0.013297753083258675,0.011379005500399273,4.442094421690893e-06
298,0.029315598310320715,0.004476946498728493,0.012814651213341969,0.01202004976553877,3.9508327114807675e-06
299,0.02926149979751327,0.004641198097369941,0.01310406471555533,0.011512126316174726,4.110668413270712e-06
300,0.029216859676316362,0.004595536936299347,0.012963428453155285,0.01165398901095417,3.90527590755845e-06
301,0.029189031880564573,0.004493649101857476,0.012816544656168737,0.011875205193031568,3.632929506789301e-06
302,0.029159905874201492,0.004665807991809513,0.013349347919983106,0.011140883356743746,3.866605665125895e-06
303,0.02911183941544236,0.004563161042699528,0.013018689099617614,0.01152637550464747,3.6137684777465824e-06
304,0.029106818436901348,0.0044425687802735776,0.012592500271012344,0.012068415889180987,3.33349643444493e-06
305,0.029061366109179292,0.00452043571734236,0.012795987052820921,0.011741569722904627,3.3736161113799416e-06
306,0.029053363872246878,0.004659406624924569,0.013183185550340912,0.011207289873193697,3.481823787699324e-06
307,0.02901042546832301,0.004564373447249612,0.013034845693187361,0.01140789357260563,3.3127552804071775e-06
308,0.028998685379476263,0.0044256617640194545,0.01267437652073887,0.01189556371950812,3.0833752098183073e-06
309,0.028957780472156552,0.0044580949341076915,0.012765407867028998,0.011731162406825485,3.115264194379343e-06
310,0.02894276285762578,0.00458584001208088,0.013073121829864778,0.01128055238163565,3.248634044473544e-06
311,0.028905838107741735,0.004522467972810095,0.012976810807802611,0.011403408344806614,3.150982322415183e-06
312,0.02888655165950817,0.00438320454035564,0.012679544342065257,0.011820859211555268,2.943565532004757e-06
313,0.028853937369823134,0.004400841999709239,0.012777039687836523,0.0116731193716623,2.936310615071577e-06
314,0.028831300378903583,0.004525786176630777,0.013069525239388927,0.011232936977692258,3.0519851916243623e-06
315,0.028801507666298097,0.004508878824227866,0.012926308993705215,0.011363330760120926,2.989088244090814e-06
316,0.028776973154741557,0.004384190606595257,0.012535714997955222,0.011854271597773901,2.7959524171784424e-06
317,0.02874884737023852,0.004401644921971559,0.012586184587431184,0.011758259355507361,2.7585053284172135e-06
318,0.028723701217292077,0.00453508337041853,0.012944682108939483,0.01124108096589229,2.8547720417738682e-06
319,0.028696598455225222,0.004541409991220299,0.012887727653765405,0.01126464171446121,2.8190957783107683e-06
320,0.02867005478742906,0.004426602938326456,0.012481236279693293,0.01175954742150235,2.668147906962911e-06
321,0.02864302793454443,0.004426388655942904,0.012451748998840098,0.011762228668802591,2.6616109588398207e-06
322,0.02861637725702965,0.004533882184919348,0.012798943709029812,0.01128076890542493,2.7824576555606175e-06
323,0.028587869493507598,0.004509820694165126,0.012834101106737524,0.011241180886234527,2.766806370421715e-06
324,0.028562290491750533,0.004388079568857907,0.012528275208629895,0.011643299379039079,2.6363352236548497e-06
325,0.028530689342048363,0.004390868438164962,0.012502941785237368,0.011634237113800648,2.6420048453840845e-06
326,0.02850736121963961,0.004488627068877547,0.012735073988724732,0.011280933452923575,2.726709113760271e-06
327,0.028472541748773398,0.004438276754877688,0.012676131689143314,0.011355490027210086,2.643277542307564e-06
328,0.02845106720536343,0.004342096950793994,0.012476595647491876,0.011629875802193955,2.4988048836080343e-06
329,0.028414414497703246,0.004387536436302393,0.012607467198648392,0.011416887087246858,2.523775505601285e-06
330,0.028393567380812734,0.0044584129221585935,0.012727682733494183,0.011204896075248886,2.5756499110701363e-06
331,0.02835665863659221,0.004357475182727056,0.012469125080385376,0.011527588677687772,2.469695792005153e-06
332,0.02833296830942366,0.004300808485008635,0.012392019745870071,0.01163773690021556,2.4031783293980637e-06
333,0.028299124340648837,0.004390781209623391,0.012699539400352379,0.011206315703502813,2.4880271702554328e-06
334,0.028269377168820598,0.004398217311941793,0.012658795913645427,0.011209886552111786,2.47739112159462e-06
335,0.028241054568127727,0.00430073737093819,0.012299035566536358,0.011638929711517537,2.351919135639863e-06
336,0.028204632637553354,0.004346901517981741,0.012399435810727739,0.011455934128801314,2.361180042558884e-06
337,0.028180014899925963,0.004433278174439974,0.012645982047672215,0.011098356844852959,2.3978329608148206e-06
338,0.02814274371888489,0.004347632311567955,0.012397714181874322,0.01139512255771213,2.274667730483044e-06
339,0.02811399603978755,0.004320920533436803,0.012230269462356367,0.011560591351596277,2.2146923981036716e-06
340,0.028084126309030465,0.004417134137483481,0.012436692549913565,0.01122802606636108,2.273555272341165e-06
341,0.02804676256822596,0.00435210659950339,0.01237485335064115,0.01131760594468639,2.196673395031654e-06
342,0.028020849618253393,0.004271793601890955,0.012254679477676257,0.011492268050261843,2.1084884243380934e-06
343,0.027984995996126263,0.004345287841900087,0.012453993895108857,0.011183543758904351,2.1705002129698207e-06
344,0.02795059456935858,0.004300844058027124,0.012345404408484383,0.01130222063844161,2.125464405465576e-06
345,0.027922275863652386,0.004196227730386444,0.012178288047920958,0.011545739586480423,2.0204988645575803e-06
346,0.02788514028281161,0.004269062956867917,0.0124764960815657,0.011137518174269218,2.063070108774822e-06
347,0.027849835983101985,0.004244112655583505,0.012387149489921643,0.01121656051261923,2.0133249776025603e-06
348,0.02782152631439853,0.004152136262601666,0.012099881636267093,0.011567599744238778,1.9086712909934653e-06
349,0.027784131005960108,0.004239697157990675,0.012390592213582907,0.011151881042590213,1.9605917963103933e-06
350,0.02774760088391434,0.004191440124308561,0.012379753812903611,0.011174488460806013,1.9184858961503822e-06
351,0.027717682728734302,0.004107798042603725,0.012161757525889615,0.011446269692519898,1.8574677210646217e-06
352,0.027684006160941167,0.004198320795256799,0.012365619271748412,0.011118126360327744,1.9397336082139823e-06
353,0.02764340905571326,0.004106198867184344,0.012230555493007904,0.01130478441394111,1.8702815799063019e-06
354,0.027610262068019104,0.004077872493554386,0.01223258950108,0.011297962334070528,1.8377393141869627e-06
355,0.02757939159226997,0.004168210701768566,0.012390880985223028,0.01101840745116856,1.8924541098144876e-06
356,0.02754216371437913,0.004045949223826378,0.01201687735698613,0.011477556597599983,1.7805359666400297e-06
357,0.027501474345034516,0.00409994219924213,0.01223035509767931,0.011169369684030695,1.8073640823819487e-06
358,0.027467798917154927,0.004115321617630247,0.012287397357498826,0.011063276290474065,1.8036515517904758e-06
359,0.027436526752650483,0.004016217582196736,0.011928130225143146,0.01149046877718617,1.7101681244345223e-06
360,0.027400913346179105,0.004142815120047213,0.012218603638205839,0.011037715043196297,1.7795447297546744e-06
361,0.02735910856297324,0.004038566834921329,0.012056476980822737,0.011262390512637487,1.674234591688869e-06
362,0.027320397018267138,0.004051976790582892,0.012057568911546853,0.011209199946326492,1.6513698108978532e-06
363,0.02728867062091724,0.004108040335188708,0.012103100224008187,0.011075877846561052,1.6522151592902785e-06
364,0.027255277406176334,0.003970291234309721,0.011838784691478154,0.0114446834035265,1.5180768619580251e-06
365,0.027217324673220814,0.004089811871889547,0.012237863945223727,0.010888093877751711,1.5549783558268512e-06
366,0.027173303866450473,0.003974780339256508,0.011896353706696654,0.011300727531839217,1.4422886580905693e-06
367,0.02713502755523307,0.003960917980172222,0.011915143941833746,0.011257564176359333,1.4014568677682277e-06
368,0.02710340867127021,0.004008402344306636,0.012209274108003277,0.010884333191509747,1.3990274505489082e-06
369,0.02707057745409609,0.0038553760193624663,0.011824890277762729,0.011389039594545824,1.2715624250737166e-06
370,0.02703235956346201,0.003990311136790669,0.012089206204982156,0.010951538371727437,1.3038499617430111e-06
371,0.026986465049093883,0.003879141398061449,0.011910052322366409,0.011196076865529325,1.1944631367009169e-06
372,0.02694922570560709,0.003881536190662432,0.011945203807518349,0.01112133635097852,1.1493564477908739e-06
373,0.026919274314871875,0.003968694508733101,0.012019504589350728,0.010929923219190873,1.1519975971740183e-06
374,0.026886518145068806,0.0038127452795909656,0.011632819184331289,0.011439907403213486,1.046277933067896e-06
375,0.026845276879064118,0.003944797916536673,0.012099174977213363,0.010800224383208124,1.0796021059597206e-06
376,0.026800236922071997,0.003863737561544961,0.011811743121455326,0.011123741402993898,1.014836077811348e-06
377,0.026767955634344018,0.003823136346140709,0.011641382060683192,0.011302465762328975,9.714651911412902e-07
378,0.02673905808301665,0.00393842184967715,0.012047623388645361,0.010752017842225592,9.950024685466806e-07
379,0.026702174643691155,0.0037722125816363784,0.011659333274878282,0.0112697268748584,9.019123180933762e-07
380,0.0266573744412097,0.0038719440185044957,0.011788595421206093,0.01099591182404493,9.231774541793265e-07
381,0.026618202285906667,0.0038409467164753903,0.011791501550997128,0.010984861783352784,8.922350813654851e-07
382,0.026591576242601833,0.0037479117760057957,0.011673233241788091,0.011169592181087946,8.390437200033838e-07
383,0.026560225292412122,0.0038862192945781477,0.011940005809078778,0.010733121652261876,8.785364933169574e-07
384,0.026518206647961416,0.0037268823469885763,0.011498448678322342,0.011292070701593276,8.04921057224336e-07
385,0.026475285306627853,0.0037716158829661124,0.011785677783096686,0.010917187422021201,8.04218543853393e-07
386,0.026445067558899246,0.0038114050893493694,0.011869587764470267,0.010763275820347636,7.98884731972302e-07
387,0.02641909295375478,0.0036684318580825982,0.011379014174285607,0.011370915327530396,7.315938561818338e-07
388,0.02637927791627205,0.0038062701806566928,0.011830613763254188,0.010741630790422138,7.631819390335085e-07
389,0.026336439967013354,0.003690192985065447,0.011703366235319,0.01094216601202711,7.147346017956578e-07
390,0.026301455001713613,0.0036600881248305375,0.01150574802530129,0.011134922369041943,6.96482539842714e-07
391,0.026277520440755955,0.0037670810312597823,0.011736261448637103,0.010773459437664645,7.185231944258533e-07
392,0.02624439242937756,0.0036051898849465457,0.01152330996188839,0.011115237340005885,6.552425367397176e-07
393,0.026198833391996714,0.003707200796208924,0.011754939404785343,0.010736014457390215,6.787336122339047e-07
394,0.026164555506292684,0.003676691427268134,0.011507200153577169,0.010980000959573685,6.629658736938109e-07
395,0.026136777214023042,0.0035808404357131856,0.011417722631843359,0.011137585365873785,6.287805927111807e-07
396,0.02611144733712416,0.003719614103111707,0.011897066662033428,0.010494101716583742,6.64855395282416e-07
397,0.02606722381297411,0.003570248991227609,0.011344253638125888,0.011152104263064889,6.169205557250895e-07
398,0.026027820597127646,0.0036064539477401736,0.01144119776553022,0.010979543832744484,6.250511127693131e-07
399,0.026001662128071767,0.0036486884826840895,0.011780896782712607,0.010571441014545201,6.358481298661522e-07
400,0.025973750424744476,0.0035089923017173324,0.011380048150065826,0.01108411645661474,5.935163465780326e-07
401,0.025939953110270517,0.00364707321989427,0.011518279637363302,0.010773970353124804,6.298998881382324e-07
402,0.025894310362529798,0.0035490843208963404,0.01143703115068708,0.010907596435523895,5.984554224848591e-07
403,0.025870532994036747,0.0035601949319543887,0.011456566224723325,0.01085319798067306,5.738566859720813e-07
404,0.025839991628691272,0.003656887103593296,0.01159033509977338,0.010592178872559898,5.905527646954822e-07
405,0.025808069764060144,0.003601799038871875,0.011295949023140524,0.0109097423474054,5.793546423434723e-07
406,0.025786899418368345,0.0035280923544331925,0.011138656009289866,0.01111959188499043,5.591696548555997e-07
407,0.02575358941769805,0.0036098424633487247,0.011553466844640608,0.010589707318948946,5.727907597760209e-07
408,0.025728199935532207,0.0035925358321016827,0.011628883907775365,0.010506217796553615,5.623991015445707e-07
409,0.02570373060164899,0.003488810260669539,0.01129014734730388,0.010924236968750263,5.360249253061909e-07
410,0.02567358358677438,0.0035265985588560102,0.01134671252081414,0.010799723966785314,5.485403189156497e-07
411,0.025646905987524143,0.0035147638009504424,0.011429319007515077,0.010702280677969175,5.425010894477117e-07
412,0.025625329873763314,0.0034233151792514662,0.011328248051087305,0.010873255664375527,5.1097904901833e-07
413,0.02559315987927599,0.0034859710505908323,0.01148767930738593,0.010618987285075357,5.222362238711607e-07
414,0.02556827251287556,0.0035000532152850185,0.01138224310248468,0.010685443566093007,5.326290128579648e-07
415,0.02554673731525967,0.0034055935604184713,0.011127124954258301,0.011013491306561003,5.27494021891589e-07
416,0.025514224285714815,0.0034676450659279733,0.01144791303843554,0.010598107267558799,5.589137925057801e-07
417,0.025489830038979425,0.003465424151480928,0.011520905050245606,0.010502932998175181,5.678390777100164e-07
418,0.025465558485591816,0.0033975366139393872,0.01121447578139772,0.010852988868114623,5.572221400842975e-07
419,0.025438832639363036,0.0034755352330752827,0.011301398976599503,0.010661309259414864,5.891702733890747e-07
420,0.02540731059490333,0.003413324370146986,0.011239062945590541,0.010754330332267418,5.929468983862831e-07
421,0.025385988384857328,0.0033651158332780175,0.011237740891017532,0.010782536875094449,5.947854673280654e-07
422,0.025360766114310627,0.003456717331182758,0.011427844936956432,0.010475574334661637,6.295115097983723e-07
423,0.02533086130171924,0.003380094478394235,0.011083544056254252,0.010866606005600363,6.167614703930225e-07
424,0.02530118975738141,0.0034008602008553765,0.011143937772277984,0.01075576094436638,6.308398816701338e-07
425,0.025277352270201864,0.0034355087256056436,0.011358769540088541,0.010482427729393685,6.462751139933991e-07
426,0.02525312249606417,0.0033384733561057623,0.011107458946457155,0.010806572427335471,6.177661657802062e-07
427,0.02522298201391693,0.003425128179789856,0.011203612718889457,0.010593604956823405,6.361584142123669e-07
428,0.025192751554068634,0.003347357026401335,0.011046657250550828,0.010798113820237671,6.234568788014772e-07
429,0.02516558237974854,0.0033009287123514797,0.011142147387455111,0.010721878680577305,6.275993646454953e-07
430,0.02514371356818786,0.003349891136697141,0.011377266213959616,0.01041590161622297,6.546013081355646e-07
431,0.025117952323592787,0.003231686122072993,0.011008080343352726,0.01087755323329656,6.32624870505153e-07
432,0.025089375714502905,0.003326709595778165,0.011214003388567475,0.010547995865761571,6.668643956939874e-07
433,0.02505683186482275,0.003238062083192826,0.011129568584780338,0.010688540135983369,6.610608662165974e-07
434,0.025029927049266657,0.003244108404562586,0.011141159230688437,0.010643987268588624,6.721454270106856e-07
435,0.02500549405665523,0.0033211179225998712,0.01114111344702302,0.010542564144583386,6.985424489498148e-07
436,0.024983526966599612,0.0032136177021636026,0.01082955648176585,0.010939661030549929,6.917521202311973e-07
437,0.02495682319847934,0.003340210346955189,0.011230885929724413,0.010384971154883087,7.557669166523319e-07
438,0.02492495066884882,0.003216860469749777,0.010967215205705622,0.010740130847668004,7.441457254183364e-07
439,0.024892656420882578,0.003269857567409526,0.010974824593193737,0.010647199077951757,7.75182327558068e-07
440,0.024867358104227466,0.003266060324496279,0.010984839558453698,0.010615653304686888,8.049165906021332e-07
441,0.024846772269976895,0.003151544731138474,0.010861091882724815,0.010833334463060916,8.011930526907387e-07
442,0.024823398005936814,0.0032918338792698783,0.011171968114958299,0.0103587436414213,8.523702873346341e-07
443,0.024791981231072846,0.003154532758284975,0.010765780410780051,0.010870849463165216,8.18598842602565e-07
444,0.02475689365973913,0.0032101518083827688,0.010959632661112753,0.010586248142714628,8.610475289827207e-07
445,0.02473165612499557,0.0031971357428326533,0.011065980700767213,0.010467660268124965,8.794132707387978e-07
446,0.024710014326320563,0.0031044759925601224,0.010809047668986152,0.01079564698812399,8.436766502999646e-07
447,0.024688018549171527,0.0032435796896354238,0.011035434301611696,0.010408123089164232,8.81468760176268e-07
448,0.024653415705430014,0.0030608275302818925,0.010801619443650816,0.010790104524234812,8.642072624925574e-07
449,0.024621093966886727,0.0031011419642321156,0.011005470364614925,0.010513578848775209,9.027892644765834e-07
450,0.024596122966136853,0.0031473987419126533,0.01099474994157539,0.010453063045470756,9.112371780521701e-07
451,0.024577983216630208,0.0030472645999774658,0.010706022666870709,0.010823815385480186,8.805643018458307e-07
452,0.024551001294805183,0.003179231856224617,0.011095294439247356,0.010275520342744884,9.5465658832728e-07
453,0.02451521813911252,0.003050432715636861,0.010815445676657421,0.010648405523923345,9.342228948903152e-07
454,0.024485521783562295,0.003085061065080504,0.010751838804931246,0.010647679004426409,9.429091241339059e-07
455,0.024464884188871095,0.0031590790793454182,0.010959477783685308,0.010345346651628558,9.80674211812321e-07
456,0.024445643908011606,0.0029943291455909265,0.010761317144488056,0.010689034928276218,9.626896564056268e-07
457,0.0244116932452464,0.003104372887079581,0.010974419244590977,0.010331872603830434,1.0285097454091085e-06
458,0.02437887755249471,0.003023284104127228,0.010742382534458432,0.010612213368180768,9.975457282843505e-07
459,0.024354848352363432,0.0029860942769975502,0.01077322189524391,0.010594544952174142,9.872279478321494e-07
460,0.024338829396605224,0.0030949881650076186,0.011052765539128359,0.010190036359557073,1.0393329121759003e-06
461,0.02430984973365847,0.0029378208788357263,0.010603346949387953,0.010767693901148236,9.880042865489826e-07
462,0.02427458975210002,0.0030351067077574925,0.010803452681872307,0.010435012975128477,1.0173873417438592e-06
463,0.024247985720891405,0.0030243611616491196,0.010927564675914657,0.010295044616268107,1.0152670595236693e-06
464,0.024229473591472078,0.002925459893760101,0.010696850452997663,0.010606184908034024,9.783366802904807e-07
465,0.02420846629644481,0.0030577571664551395,0.01086200919164622,0.010287680101204386,1.0198371390660183e-06
466,0.02417295635301407,0.002907596104019758,0.01064972615376056,0.010614659663203345,9.744320304060003e-07
467,0.024143453753538838,0.002957934104746979,0.010854302086709507,0.010330237491062075,9.800710202785695e-07
468,0.024121914933761094,0.003024493718574297,0.01085876067539454,0.01023768077624823,9.797635440275493e-07
469,0.02410586707870414,0.0028911434832558742,0.010493757701411572,0.010720034433996828,9.314600398671583e-07
470,0.024076475588110262,0.003031081022213822,0.01089749968432829,0.010146921311311057,9.735702570919834e-07
471,0.024041226854711446,0.0029337926086904532,0.010703801732576264,0.01040271729245799,9.152209867413133e-07
472,0.024016500450354108,0.0029275607063559135,0.010546898631288338,0.010541149978442603,8.911342672539233e-07
473,0.023999080899703526,0.0030034389063464586,0.010755961252996202,0.010238749318382095,9.314219787702857e-07
474,0.023979440369429977,0.0028424568686705913,0.010564884394062227,0.010571208942973816,8.901637233440081e-07
475,0.023943419813929407,0.002984403877146236,0.010781656168251462,0.010176453465944743,9.06302586966181e-07
476,0.023914467298819842,0.0029348262767251512,0.010579715867366736,0.01039904827949151,8.768752364452685e-07
477,0.023893799218354557,0.0028557091313535818,0.010519742393950168,0.010517476693101274,8.709999495344299e-07
478,0.023879424709608042,0.0029909717076034566,0.010817594688870034,0.010069953853572386,9.044595621653466e-07
479,0.02384917051331347,0.0028560475937651087,0.010395482260735833,0.010596815724342946,8.249344695820522e-07
480,0.023814895013283075,0.0029435917046467443,0.010573104796068277,0.010297362481812294,8.360307557605985e-07
481,0.023790776292974044,0.0029094955566929676,0.010684096633803632,0.010196331140557692,8.529619197527507e-07
482,0.023774554649017694,0.0027945517561201467,0.010444692406831187,0.010534494975393941,8.15510672417453e-07
483,0.023754487631465315,0.0029629924540758145,0.01066732452246488,0.010123344581228953,8.260736956686299e-07
484,0.02371898756199846,0.00281477719891686,0.010463312920999912,0.010440119308828287,7.781332534022939e-07
485,0.023689784927452107,0.002828989363276725,0.010626097579766687,0.0102338954705883,8.025138203940935e-07
486,0.023669643178903185,0.0028766632755699547,0.010617107230531699,0.010175057126179502,8.155466220310504e-07
487,0.023655446176086434,0.0027689852784041503,0.010296076094900717,0.01058962822577687,7.565770046997499e-07
488,0.02362742555197331,0.0029311731176281074,0.01074071780465681,0.00995474861539192,7.860142964729054e-07
489,0.023591745435839813,0.0027858083341236704,0.010512946886729675,0.010292218795749408,7.71419237059997e-07
490,0.0235668738943073,0.002758308899738258,0.010349854750533462,0.010457936705164234,7.7353887134624e-07
491,0.023551267192500436,0.002877677101330074,0.010593228319718645,0.010079581453748553,7.803177031651526e-07
492,0.023532912062793596,0.002735343756095467,0.010430830656488093,0.010366010440525545,7.272096844912018e-07
493,0.023496126672870998,0.0028337090170243774,0.010632820499560375,0.010028829218959853,7.679373263931387e-07
494,0.023466918132254003,0.002751680136104645,0.010371017376847903,0.010343467221852452,7.533974490036497e-07
495,0.02344637215647814,0.002709712001202321,0.01033529076575524,0.010400653421926835,7.159675937440573e-07
496,0.023434568069080567,0.002870691564216921,0.010724858351051348,0.009838294320662999,7.238331492977064e-07
497,0.02340111727075218,0.0026868793194847135,0.010299910654016262,0.01041364319003218,6.841072190234245e-07
498,0.023368515191326905,0.0027353514473665718,0.010380884000487403,0.010251570914132334,7.08829340598812e-07
499,0.023342801269429413,0.0027471526941475577,0.010544759047037304,0.010050191249567894,6.982786766599981e-07
500,0.023331212296440595,0.002658908898018479,0.01040434295647446,0.010267312206037944,6.482359097093347e-07
501,0.023306018280211366,0.0027934541234625925,0.010578500821082294,0.009933389001555364,6.743341111162803e-07
502,0.02327164758489553,0.0026227364900497396,0.010236829549465788,0.010411428677791441,6.528675885641961e-07
503,0.023244947645850375,0.0026189031441175366,0.010387409180614456,0.010238010253004456,6.250681139293379e-07
504,0.023234083438359587,0.0027125265351373635,0.010649270235486119,0.009871674508840267,6.121588958381134e-07
505,0.023208576853845926,0.0026306783339378444,0.010325578471375841,0.01025175888424317,5.61164289070089e-07
506,0.023183574124980576,0.002664210281610273,0.010362913520162772,0.010155882873072319,5.674501352111072e-07
507,0.023169537778467128,0.0027086868715331196,0.010555575969670723,0.00990468550824944,5.894290138427612e-07
508,0.023149870668934817,0.002587573521247843,0.010309743802572347,0.010251990751318295,5.625937963318538e-07
509,0.023120049624068037,0.0026462714688018332,0.010397025608403863,0.010076185314604419,5.672322579200807e-07
510,0.02310597016006129,0.0027094770082002695,0.010404563870049692,0.009991366154653642,5.631271576872467e-07
511,0.023089532089531427,0.00260626242781466,0.010140137837274929,0.010342598980871202,5.328435706349275e-07
512,0.023061829505192373,0.002656199524915689,0.010413154064946847,0.009991917704954003,5.582103758324221e-07
513,0.0230407899360943,0.002622473136646607,0.010369618902218488,0.01004813608140404,5.618158251598534e-07
514,0.023026699190737788,0.002559516683829801,0.010111839504244578,0.010354806478468054,5.365241953527173e-07
515,0.023006313434529024,0.0026941616871127157,0.010381647635974477,0.009929965026050685,5.390853911471045e-07
516,0.0229778923441903,0.002615769710448797,0.010252192080520615,0.010109429390735497,5.011624853939554e-07
517,0.022957988619689885,0.0025776062286245213,0.01020528059643636,0.010174612083846285,4.897107827199779e-07
518,0.022944414293828368,0.00264161637125111,0.010305076037192887,0.009997222514329742,4.993710546284315e-07
519,0.022923724760561193,0.0025313624582921812,0.010001668519685841,0.010390235215538926,4.585670442419487e-07
520,0.02289593763976323,0.002634454871209065,0.010301949164615723,0.00995907964573655,4.539582018928762e-07
521,0.022874767646444527,0.0026124351835664405,0.010302773268081615,0.00995911587777965,4.4331701681797586e-07
522,0.02285912640995882,0.002514878917217623,0.010045911450452465,0.01029790198099929,4.3406128944263186e-07
523,0.022843667927107177,0.0026146234151559512,0.010248776337606395,0.009979816488842367,4.516855024627067e-07
524,0.022816594417012448,0.0025038167587658295,0.01002997731640619,0.010282384168004621,4.1617383580885695e-07
525,0.02279055820772553,0.002577234663944412,0.010215183814925002,0.009997723480892071,4.1624796404452155e-07
526,0.022769558968415496,0.0025779233875973914,0.010176124425505827,0.010015087202430904,4.239528813743952e-07
527,0.02275639930329216,0.0024659714236567954,0.009922457924909958,0.010367551617446536,4.183372788671487e-07
528,0.022737927424077077,0.0025898763467035383,0.010278665167407632,0.0098689492157923,4.366941736076614e-07
529,0.022711443824216578,0.0024763402829495705,0.010028927616037357,0.01020577422507141,4.0170015824259367e-07
530,0.02268294587609619,0.002526011276282561,0.010099207357893466,0.010057322580467374,4.0466145279045236e-07
531,0.02266302284269817,0.002507312825634538,0.01008479678625486,0.010070506170219496,4.0706058927528487e-07
532,0.02264847668242911,0.002397026265401629,0.009933135140795043,0.010317927333195327,3.879430371101509e-07
533,0.022630403470216626,0.0025430968133236397,0.010280328078524812,0.009806582354919132,3.962234490427845e-07
534,0.022602645800504646,0.002424691000251524,0.009932197257687698,0.010245395482118657,3.6206044676802233e-07
535,0.02257275242220318,0.0024717318551944817,0.0100778809483805,0.010022773502485424,3.6611614277250615e-07
536,0.02255246202162203,0.0024506856337968923,0.010151723162933814,0.009949689433844756,3.637910465677116e-07
537,0.022539098900236927,0.002350664400735947,0.009931904026400663,0.01025618880278086,3.416703194584962e-07
538,0.022522241732855143,0.0025046466961406275,0.01020721569377047,0.009810027812008118,3.5153093593085896e-07
539,0.02249296214779498,0.0023578783479364764,0.009913163011018085,0.010221593045732965,3.2774310745581304e-07
540,0.02246215703130193,0.0023908654902370964,0.010128224853209106,0.009942726514759926,3.4017309580326375e-07
541,0.022442934147620188,0.0023952061641884606,0.010134560115555054,0.009912824287042762,3.435808339110405e-07
542,0.022430862038020746,0.0023035955894184323,0.009817721389149325,0.010309225314846049,3.1974460694046847e-07
543,0.02241191312792497,0.0024669659754128965,0.010184073990423259,0.009760543232273404,3.2992981541122714e-07
544,0.022379122879199142,0.002308794001062137,0.00993808818723632,0.0101319269639984,3.137269022860403e-07
545,0.022350776557401336,0.0023122480981338294,0.00999048935827209,0.010047715463672901,3.236373225157142e-07
546,0.02233608369098123,0.002382171822358487,0.01010204640001087,0.009851544118079324,3.213505325484175e-07
547,0.022322969659938463,0.0022743026869759897,0.009853244596641369,0.0101951355043089,2.868720122068881e-07
548,0.022295950476260123,0.0023883164501617643,0.010189119034958446,0.00971821679732447,2.9819381544690164e-07
549,0.022262598817371058,0.0022521767530107742,0.009897119767462928,0.010113016266787709,2.8603010964552963e-07
550,0.022241202467612357,0.0022511449209055225,0.009871645271276222,0.01011813862853806,2.7364689255035936e-07
551,0.022231380805911274,0.0023944289304484757,0.01017013993417022,0.009666541451627873,2.704896647051938e-07
552,0.022210561784742323,0.00223192521016595,0.009787546847960616,0.010190838680937918,2.510456778409481e-07
553,0.02217759962500969,0.0023082094076668515,0.009980404603333264,0.009888717701878076,2.67912131497426e-07
554,0.022149088240997518,0.002264975356235768,0.00991569036300247,0.00996816404192038,2.5847983889909823e-07
555,0.022137151109635197,0.0022278525045584022,0.00978514771503553,0.010123908175923986,2.427141172769775e-07
556,0.022123638724539662,0.0023742003751353108,0.010048886999028492,0.009700292494516797,2.588558590632746e-07
557,0.022093740008234733,0.0021906560622885255,0.009689051918461861,0.01021378292261149,2.491048728544602e-07
558,0.022061008504380777,0.0022548709508726852,0.00991281222464403,0.009893071985129056,2.533437350054687e-07
559,0.022042749259283557,0.0022970689601690044,0.009945764265671979,0.009799667052872168,2.489805704077406e-07
560,0.022033423551929165,0.0021694321347564233,0.009608740239555684,0.010255016785351801,2.3439226525545887e-07
561,0.022008897035267275,0.0022993669006398094,0.010006727923644008,0.009702552543888271,2.496670951852022e-07
562,0.021975016916129474,0.0021657976965832578,0.00981233032959068,0.009996652660502835,2.3622945269939824e-07
563,0.021950338856957102,0.002173728587124856,0.009757012214217589,0.010019366395497765,2.3166011689559766e-07
564,0.021940870974511334,0.0022877574607553285,0.009943321852459153,0.009709558381471748,2.3327982510390504e-07
565,0.021923053398053127,0.0021253610418349588,0.009654267862264391,0.01014320792294608,2.1657100769527806e-07
566,0.021889844526381708,0.0022270959878369703,0.009919404588169528,0.009743112533863715,2.314165114960681e-07
567,0.021860257361739622,0.0021797934393236154,0.009755068117598333,0.00992517110334568,2.247014719955463e-07
568,0.021847021555802645,0.0021461182999731807,0.009670973495648485,0.010029716665693422,2.1309448756039822e-07
569,0.021835302177148963,0.002264736065140547,0.00998215591968546,0.009588182614499827,2.275778231278353e-07
570,0.021808239244866946,0.002076787040589171,0.00956560848296451,0.010165627099518319,2.166217949468014e-07
571,0.021773046993771243,0.002189198108110309,0.009782186199422132,0.009801446941997088,2.157442417150554e-07
572,0.021754481783756753,0.0022179551788322296,0.009846641361722619,0.009689674362304515,2.1088089738963766e-07
573,0.02174441031294482,0.0020735073193211724,0.009554049937088731,0.010116647180441475,2.0587609344273605e-07
574,0.0217263456940049,0.0022177679794589153,0.009879042277442974,0.009629318998021517,2.1643908149494673e-07
575,0.02169212886726805,0.0020960961499137776,0.009627735226267215,0.009968103896188078,1.9359489897918839e-07
576,0.02166378984445918,0.0021180492527213997,0.009676837931186939,0.009868708752176481,1.9390837435713199e-07
577,0.021652915440005263,0.0021627083229240614,0.009799956766632137,0.009690047872597059,2.0247785200433396e-07
578,0.021641931943703934,0.0020284434374328282,0.00952823804803019,0.010085063877018297,1.865812226179427e-07
579,0.021614273908966607,0.0022062812731799774,0.009849183199151321,0.009558618824604398,1.9061203090936498e-07
580,0.02158057833396361,0.0020925146765274475,0.009555437557726256,0.00993244291508675,1.831846231595773e-07
581,0.02156115785382437,0.0020590872325357266,0.009560078576125943,0.009941810204356635,1.8184080606476052e-07
582,0.021554879720964985,0.002187614883469936,0.009829336243276686,0.009537739792126675,1.8880209168677578e-07
583,0.021536465349291718,0.002030183599626427,0.00938608704164696,0.010120020269233723,1.7443878460759344e-07
584,0.021501724880103268,0.002165875620266186,0.009679144069563227,0.009656526278623626,1.7891165022808266e-07
585,0.02147450789127244,0.0020977958868296067,0.009621791659858743,0.009754745593995012,1.7475058907801922e-07
586,0.021464957506744927,0.0020127625959421155,0.009391071271856205,0.010060954512904258,1.6912604234838187e-07
587,0.021456040192703474,0.00221324910172091,0.009700853701175242,0.009541765842592987,1.7154721433498398e-07
588,0.021427547944318,0.0020493969741541994,0.009413219148991668,0.009964775203084756,1.5661808737893713e-07
589,0.021392574353061845,0.002066964136668187,0.009574747975776371,0.009750694369103356,1.67871513931025e-07
590,0.021377718835670828,0.0020855213554913737,0.009607963041078057,0.009684066541768226,1.678973331722442e-07
591,0.02137298124705035,0.002005134814670746,0.009357946518204693,0.010009748833490338,1.5108068457302432e-07
592,0.021352466370158984,0.002174471195750201,0.009693295192516374,0.009484538681161147,1.613007312616026e-07
593,0.02131729969819497,0.0019962864268628067,0.009388348908913068,0.009932503235236124,1.6112718296599842e-07
594,0.021295087836059566,0.0020249158171048083,0.00946618206612414,0.00980383136974546,1.5858308515540712e-07
595,0.021289321279529518,0.0021641744472409006,0.009623614848046063,0.009501372370702815,1.596135397398004e-07
596,0.021277080846703118,0.001982668912859843,0.009205749071886916,0.01008851117465446,1.5168730189652705e-07
597,0.02124351617497429,0.002102208092688945,0.009584093080260682,0.00955705292883654,1.6207318812170084e-07
598,0.0212154824943063,0.002034948076728371,0.009474187921736911,0.009706186807028358,1.5968881266346098e-07
599,0.02120683125039718,0.00199316334417374,0.009249520623866874,0.009963994255336001,1.530270205650813e-07
600,0.021200205066241883,0.0021824122660382946,0.009577081047071608,0.009440556250161816,1.5550297016404218e-07
601,0.02117318198864951,0.00198220459821125,0.009280482508085651,0.009910347658263763,1.4722408884206515e-07
602,0.021140559093194147,0.002024557363253012,0.009402323109443837,0.009713521692793704,1.569277035935358e-07
603,0.021125077112768603,0.0020729000920246135,0.009467569766062573,0.009584462257697681,1.4499698373734218e-07
604,0.021117143135125777,0.001998323697618091,0.009288909226898463,0.009829778294209864,1.319163993599367e-07
605,0.021091041713402772,0.002061842936623988,0.009429267651213016,0.009599792656724506,1.3846884126224931e-07
606,0.02107429142504018,0.0020237519170852765,0.009436587939784281,0.009613808880133592,1.4268803702687529e-07
607,0.021066333037594604,0.001966528613377668,0.009325566213958492,0.009774100702544837,1.3750771360705036e-07
608,0.021048098141594973,0.002104733222997811,0.009455940273219287,0.009487285797118175,1.3884825970219146e-07
609,0.02102555898164475,0.0020286813238019684,0.009253786382918502,0.009742955285551977,1.3598937230349692e-07
610,0.021010532449824978,0.0019910322524286975,0.00925386593044316,0.009765494084168005,1.4018278511202013e-07
611,0.021003954388270952,0.002084402981005591,0.009451381702919667,0.009468020127953907,1.4957639179029125e-07
612,0.020984872231266532,0.001976368043827081,0.009190601978657573,0.009817759727879469,1.4248090240529984e-07
613,0.020962866405019768,0.0020662469038940042,0.009337327140910266,0.00955915116586634,1.411943491592484e-07
614,0.020945686408960624,0.0020370007645683073,0.009361491739087626,0.00954705413869583,1.3976660885823738e-07
615,0.02093844447171018,0.001916702605386561,0.009174656565435124,0.009846946987725815,1.3831316268025288e-07
616,0.020926605496207427,0.0020489239828044366,0.009371202481250535,0.009506337172474065,1.4185967838961615e-07
617,0.020906122993289332,0.0019607455661472687,0.009179669005639704,0.009765578270919987,1.3015058237473995e-07
618,0.020883299206040755,0.0020316920883040185,0.009307721786317395,0.009543752019734408,1.333116849331893e-07
619,0.020867760824514837,0.0020024323805252673,0.00927596144250454,0.009589229470555374,1.3753092965916315e-07
620,0.020859797371848753,0.0019185658251546307,0.009146590469430576,0.009794508771319807,1.323059437388691e-07
621,0.02085115087950277,0.0020767239298389293,0.009395995094632114,0.009378298117825343,1.3373720638600163e-07
622,0.020834074757222567,0.0019246847407620707,0.009089442944389785,0.00981981918005657,1.278920141434935e-07
623,0.020807426361662256,0.0020081344469437454,0.009328663383648699,0.00947049107589428,1.3745517553153833e-07
624,0.020787661128771576,0.001951504587611521,0.009263669030258888,0.009572350956054618,1.3655484654930586e-07
625,0.02077612433973757,0.001916409046137431,0.009093146934148292,0.009766438520894408,1.298385574412494e-07
626,0.020771731208145537,0.002064784183128075,0.009296950176117215,0.009409866871842828,1.2997705742032043e-07
627,0.0207572896392341,0.0018878156048441317,0.009045897056608515,0.009823452494837901,1.2448294355065225e-07
628,0.020732859222677077,0.0019886547524535806,0.009281606089360551,0.009462463339678751,1.3504118419462062e-07
629,0.02070620257191564,0.0019107188949752279,0.009153621696140271,0.009641733475325733,1.2850547440600864e-07
630,0.020694847459150637,0.0019026491833071936,0.009104874622846362,0.009687201530344722,1.2212265235780384e-07
631,0.020689951693327685,0.0020098295160642164,0.009265936828952917,0.009414056104040999,1.2924426955183404e-07
632,0.020678859886472827,0.0018352234384410976,0.008984200049667105,0.009859309240777915,1.2715758670852187e-07
633,0.020652205609269097,0.001997898391614316,0.00928930325280434,0.009364869174614307,1.3479023613217164e-07
634,0.020625314455232878,0.0019251386768045866,0.009113305327398988,0.009586738603990843,1.3184703845899853e-07
635,0.0206137222321875,0.0018726023288818143,0.009041120451879034,0.009699866943937829,1.3250748882126666e-07
636,0.020612381866438528,0.001988794024425796,0.009294006180088805,0.009329440549940372,1.4111198355171027e-07
637,0.02059573235485029,0.001821106527406542,0.008961560126905728,0.009812932450703662,1.33249834359122e-07
638,0.02056566561323256,0.001968282086555089,0.009186687494741526,0.009410559554649792,1.36477286153579e-07
639,0.020542163671600572,0.001920796526737842,0.009159064420070785,0.00946216938028737,1.3334450457271223e-07
640,0.02053711660999011,0.0018179059156140085,0.008963613761118453,0.00975546496435504,1.3196890260743176e-07
641,0.020531433980805487,0.001980915537667965,0.009211898803622047,0.009338484461677067,1.3517783841067012e-07
642,0.02050753881244741,0.0018277304838429766,0.008964377679269107,0.009715307802153208,1.2284718211703572e-07
643,0.020475997067461917,0.0018791778491497955,0.009052808727038753,0.00954387932901169,1.3116226168064792e-07
644,0.020463756959070527,0.0018977090055044671,0.009130950682390428,0.009434964000626,1.3327054963342567e-07
645,0.020462446144892687,0.001797219113527264,0.008926546062605423,0.009738558186872394,1.2278188760460847e-07
646,0.02044690805883412,0.001969558178147988,0.00914107127055697,0.00933614940689121,1.2920323795347167e-07
647,0.02041249092817417,0.0018171793445767824,0.008956394385654019,0.009638792231408516,1.2496653485194872e-07
648,0.02039514801871822,0.0018158154703827004,0.009059076384352684,0.00952012906940589,1.2709457694627298e-07
649,0.020391677783669373,0.0019138436370401619,0.009148491194978951,0.009329210649670006,1.323019802517991e-07
650,0.02038201521821481,0.0017732713032995076,0.00883081675389607,0.009777808103042514,1.190579767217781e-07
651,0.020353119811639852,0.0019106580881812691,0.009158526063095897,0.009283812918353443,1.2274200924311056e-07
652,0.020326633238993943,0.0018052181695637204,0.009001177632758511,0.009520109777952626,1.2765871908487718e-07
653,0.02031960638543537,0.0017568383297719796,0.008882028033678368,0.009680618405835242,1.216161497817839e-07
654,0.020318335917000944,0.0019457321853286337,0.009180987098227929,0.009191495774737797,1.2085870658602136e-07
655,0.02029004053699805,0.0017406893117876434,0.008828260247470115,0.009720972095388575,1.1888235171499847e-07
656,0.02026114053746866,0.0017875804779144396,0.008960261849062517,0.009513169580452391,1.286300393102016e-07
657,0.02024993481831644,0.001851759933291992,0.009085737168838204,0.009312311856807727,1.2585937851652637e-07
658,0.02024664968955301,0.0017489642967830309,0.008788514879907706,0.009709051823162873,1.1868969940381145e-07
659,0.02022923830187988,0.0018852061899118317,0.00902542562877526,0.009318478122958603,1.283602341855952e-07
660,0.020199299029341474,0.0017368355381271816,0.008932192677887743,0.009530149651672194,1.2116165435538977e-07
661,0.02017766972594062,0.0017325017187603507,0.00889984783728513,0.009545198419917866,1.2174997726951353e-07
662,0.020177029646888098,0.0018549465992227167,0.009005241677325823,0.009316717842762796,1.2352757676504613e-07
663,0.020166699229212798,0.001720003759296793,0.008815178236347806,0.009631404048564178,1.1318500402171896e-07
664,0.02013969877682028,0.0018238063796105093,0.009065669437881405,0.009250098483197394,1.2447613097267343e-07
665,0.02011370800938254,0.0017293805044685598,0.008854686861415433,0.009529515651633815,1.2499186473359514e-07
666,0.02010295226531263,0.0017308747905756766,0.008818855177359648,0.009553105837854162,1.1645952314216989e-07
667,0.02010156954220587,0.001869992941303628,0.009074775628108683,0.009156677630856045,1.2334193751481154e-07
668,0.020083565348088764,0.001653160003592558,0.008736173712570329,0.009694106184538816,1.254473870603257e-07
669,0.020052029305047587,0.001754109442181519,0.008962557294595481,0.00933523230607357,1.3026219701991484e-07
670,0.020032567040456983,0.0017579084729413776,0.008939478260696245,0.009335057938451774,1.223683675873969e-07
671,0.020028304288241188,0.0016788994589144023,0.00872301319994822,0.009626269710196797,1.2191918176894587e-07
672,0.02002146370518727,0.0018122199416800175,0.00900846766290425,0.009200641925934786,1.3417466821561937e-07
673,0.020000364541283726,0.0016419540879238938,0.00880071316014399,0.009557574538859808,1.2275435603591807e-07
674,0.0199678651941345,0.0017175301142702136,0.008844205673196335,0.00940600417037004,1.2523629791432748e-07
675,0.01995515052353689,0.0017408465318172724,0.008832006959644954,0.009382173413182343,1.2361889232032747e-07
676,0.019952078759333126,0.0016496774101266807,0.008748790427778617,0.009553492485447793,1.1843598003356869e-07
677,0.01994320902652152,0.0017916116362759785,0.008998705938988731,0.009152760840523718,1.3061073309218677e-07
678,0.01991544532178089,0.0016297420199467999,0.008650939604590428,0.009634643503741123,1.2019350254105721e-07
679,0.019889012970295855,0.001723052281637344,0.00882446105336656,0.009341384999705446,1.1463558650300628e-07
680,0.019876175727411266,0.0017296501843169435,0.008897251025910128,0.009249154288630582,1.2022855361407742e-07
681,0.01987812584131225,0.0015841676188952242,0.00865226781747665,0.009641568724307919,1.216806324562831e-07
682,0.019862859438688384,0.0017773214119307082,0.00896852043749152,0.00911689548186012,1.2210740603845181e-07
683,0.019834690572247862,0.0016493494503169595,0.008695771600871984,0.009489460513464986,1.0900759393215557e-07
684,0.019808993801241313,0.001658034077164898,0.00870514890052582,0.009445694528345577,1.1629520501869465e-07
685,0.01980265273529749,0.001705751268045199,0.00887812268856282,0.009218657741878957,1.2103681051554112e-07
686,0.01980198510422529,0.0015881978505050442,0.008666558654621551,0.009547118219661806,1.1037943688891549e-07
687,0.019784603825951038,0.0017606546988410145,0.00883744714688407,0.009186386382927179,1.1559729877615079e-07
688,0.019750994509369037,0.0016160911700780888,0.008626780695559704,0.009508014146885398,1.0849684584382991e-07
689,0.01973337033587251,0.0016202822555730248,0.00874944553105614,0.009363532090588397,1.1045865494911979e-07
690,0.019730739372530767,0.0017055226188905203,0.00884775538062915,0.009177342516941427,1.1885606967089581e-07
691,0.01972601528269882,0.0015765035319032033,0.008529404855535052,0.009620000002955504,1.0689230505990886e-07
692,0.019703880856484154,0.0017504038849984482,0.00887423319194502,0.009079137873637493,1.0590590319354808e-07
693,0.019669216961296563,0.0015926046923682863,0.008687362885990927,0.00938914217027149,1.07212665861107e-07
694,0.019661619968338952,0.0015529123171016894,0.008616889372537543,0.00949170936187404,1.089168256803437e-07
695,0.01966094930871288,0.001735966068003669,0.008885077536711519,0.009039801115508858,1.0458848883314468e-07
696,0.019649385236493937,0.0015884038860603427,0.008553638874082486,0.0095072487837431,9.369260800886682e-08
697,0.019616761028181363,0.0016700291548270047,0.00871952853305584,0.009227100278232082,1.030620664359035e-07
698,0.01959359395260234,0.0016014639583227185,0.00872346977034643,0.009268561019715382,9.920421780838234e-08
699,0.019590882293811823,0.0015510491086454044,0.008594954153596169,0.009444787721591689,9.130997856163236e-08
700,0.0195916410627995,0.0017324093881086954,0.008765037028249038,0.00909409965671806,9.498972370726733e-08
701,0.019564328291910963,0.0015513070995403133,0.008511996801756119,0.009500937006990064,8.738362446565946e-08
702,0.019535530253907685,0.0016126046835154794,0.008746507909716213,0.009176327628758005,9.003191798813753e-08
703,0.01952162499800964,0.0016157140075481898,0.008721593690113738,0.009184227604809395,8.969553831683722e-08
704,0.019520413801234926,0.0015465701903200554,0.008491272793119078,0.00948248936619333,8.145160246158415e-08
705,0.01950481891275036,0.0017109183827784037,0.008828490206871686,0.008965333236740983,7.708635928874498e-08
706,0.01947486457885925,0.001583518896643257,0.008670562886693094,0.009220709063202805,7.373232009483549e-08
707,0.019465162315450035,0.001520773748743809,0.008563495319495087,0.009380818422240554,7.482497058289343e-08
708,0.019463791432831574,0.0016592947688684738,0.008768731109270613,0.009035690734256866,7.482043562066606e-08
709,0.019445473302570522,0.0015535472257475634,0.008513477015432884,0.009378383248646037,6.581274403770631e-08
710,0.019418293219546436,0.0016535834125300422,0.008681513293912145,0.009083132540237703,6.397286655048597e-08
711,0.019402655773349067,0.001617788845398835,0.008618159809962285,0.00916664269479985,6.442318809568304e-08
712,0.0194037179520433,0.0014907193336413014,0.008438546191543276,0.009474389881310745,6.254554797691938e-08
713,0.019394912761758178,0.001654368409696496,0.008803841944069198,0.00893663984235758,6.256563490467574e-08
714,0.019366773085706643,0.001533444211282827,0.008530437346241645,0.009302833369864639,5.8158317533362395e-08
715,0.01934404129094788,0.001579533674994355,0.008556653697154226,0.009207795646799364,5.827199993594771e-08
716,0.019337233392070396,0.0016240194046798979,0.0086689938186201,0.009044162368004073,5.7800766320951465e-08
717,0.01933894416275027,0.0014901389487924853,0.008455190878874957,0.009393561495740093,5.283934273289168e-08
718,0.019318336531699974,0.001656421758549054,0.008736639235086342,0.008925223222980932,5.231508364833828e-08
719,0.019289388844745108,0.001542739329044611,0.008455375437288176,0.00929122576544468,4.831296764293695e-08
720,0.019270922049763894,0.0015389104607959779,0.008493270399327551,0.00923869554138867,4.564825169573591e-08
721,0.01927200967204117,0.001620068101338127,0.008715385101497034,0.008936512082581349,4.438662465841937e-08
722,0.019265659993228997,0.0014634638755600903,0.008386766478619053,0.00941538823363373,4.140541612334044e-08
723,0.019240170713017854,0.0016251933859622034,0.008610645086047922,0.009004290141965026,4.209904270370625e-08
724,0.01921170394438425,0.0015442624251922252,0.008486476080775488,0.009180925297022278,4.0141394260086974e-08
725,0.019201935050623033,0.0014883390318783695,0.008486635754811442,0.009226920368472332,3.989546089060102e-08
726,0.0192037807236616,0.001588389909489718,0.008703249286545934,0.008912099409316391,4.2118309553658344e-08
727,0.019189507167699286,0.0014364879736600699,0.00834827860095225,0.009404700839239874,3.975384709396041e-08
728,0.019158728119914176,0.0015953122078590247,0.008611014441362391,0.008952362175250568,3.929544219278039e-08
729,0.019135736114829528,0.0015480887799880633,0.00855728008708499,0.009030328862314153,3.838544232191092e-08
730,0.019132217917496617,0.001452450339961173,0.008412109567747673,0.00926761957380588,3.8435981889562873e-08
731,0.01913407129262569,0.001600467385141756,0.008680106263037422,0.008853458775068962,3.88693775495404e-08
732,0.019112227673011094,0.0014540397587141734,0.008382807895606692,0.009275345761035765,3.425765446486333e-08
733,0.019080358688664627,0.0015641041094718458,0.008602137293245087,0.008914083400327481,3.388562021506005e-08
734,0.01906125471415803,0.0015233442136620716,0.008550626402357275,0.008987249487620887,3.461051779966049e-08
735,0.01906435631526651,0.001416181569586773,0.008367275164965387,0.009280866130307416,3.345040693452895e-08
736,0.019059443539830714,0.0016012475560422115,0.00870721573649022,0.00875094789590023,3.2351398050637275e-08
737,0.01902880033949195,0.0014518802038643202,0.00836589595444277,0.009210995409364134,2.877182072900756e-08
738,0.018998054562019553,0.0014931102272656453,0.008459414357778935,0.00904550159340989,2.838356508570301e-08
739,0.01899100773830296,0.001512968160069813,0.008573636241346874,0.008904375701777363,2.7635108913991024e-08
740,0.0189954573209437,0.0013895796163023077,0.00833928109530856,0.00926657188405223,2.4725280599243035e-08
741,0.018975902435092926,0.0015741701107814033,0.00861757522418864,0.00878413327866112,2.3821461766374625e-08
742,0.01894088099994371,0.0014383594617818293,0.008351493097263503,0.009151006631120024,2.1809778355498712e-08
743,0.01892048646989541,0.0014133103740585462,0.00843228095592464,0.009074874022133838,2.111777838823636e-08
744,0.018926501794762223,0.001510701108298208,0.008676309007868001,0.008739470276158113,2.1402437903292762e-08
745,0.018915944041166394,0.0013640026222779137,0.008308323541796052,0.009243597787062505,2.0090029925860625e-08
746,0.018884975442975453,0.0015264973178273948,0.008557854239703233,0.008800604028444266,1.9857000556605996e-08
747,0.0188548798852764,0.0014473140263909095,0.008487650332994343,0.008919896706872057,1.8819019086383233e-08
748,0.01885313487204788,0.0013574964522226852,0.008386494849632942,0.009109125128018895,1.8442173357319267e-08
749,0.018855670857210204,0.0015151376631629698,0.00863893946969547,0.008701575155050571,1.856930119369948e-08
750,0.018830455068794928,0.0013706001038716307,0.008298929787351954,0.00916090884507431,1.6332497033133523e-08
751,0.018794323802436185,0.0014582179936578658,0.008512894369665385,0.008823195750154602,1.568895832910393e-08
752,0.018780037640985656,0.0014300968227085216,0.0085173001445647,0.008832625000057565,1.5673654868919115e-08
753,0.01878592785469753,0.0013201811341012407,0.008278622753724514,0.009187109153147117,1.48137246553708e-08
754,0.018775922094581066,0.0015286903294301167,0.00862511582692325,0.008622101627359104,1.4310868595634534e-08
755,0.01873871259458389,0.0013776961240098793,0.008338076234164023,0.009022927073096508,1.3163313477117684e-08
756,0.01871133270776333,0.0013759264004098532,0.0083983081352843,0.008937084917760635,1.3254308547896659e-08
757,0.018714452115549472,0.001458752937526723,0.008580222514753495,0.00867546355141504,1.3111854213806334e-08
758,0.018713861224964375,0.0013384458156600948,0.008288540227797713,0.009086863486822942,1.1694683628530793e-08
759,0.018685846010819084,0.0014993250343173356,0.008579437633759375,0.008607071811635204,1.1531107170048826e-08
760,0.018647936474912686,0.0013609826207876235,0.008397283490157302,0.008889659294989253,1.1068978509073628e-08
761,0.018641404322791984,0.0013137082931798448,0.008386718190267229,0.00894096713585238,1.0703492528390031e-08
762,0.018648320572563333,0.0014823908484967964,0.008651363449004763,0.008514555526843963,1.0748217809319713e-08
763,0.018630180656770395,0.0013257397249725749,0.008245552008463707,0.009058878808273496,1.0115060618180016e-08
764,0.018588753831852926,0.00141046969020145,0.008494494457711176,0.008683779525478557,1.0158461746864204e-08
765,0.01857118632561506,0.0013672131392497662,0.008519435825020719,0.008684527453828838,9.90751573749057e-09
766,0.01857639900896889,0.0012808910754300476,0.008287418309176318,0.00900808009376217,9.530600353069007e-09
767,0.01857369578905173,0.0014866859457924391,0.008565962481156873,0.008521037770605396,9.591497023715438e-09
768,0.018534894198809587,0.0013141995495280466,0.008296235527098733,0.008924450346379797,8.775803010412254e-09
769,0.01850467135772731,0.001315896663493627,0.008433051608162276,0.008755714406191316,8.679880089081638e-09
770,0.018506710681836357,0.0013876362647661416,0.008537557890429398,0.008581507921046934,8.605593888064244e-09
771,0.018509536587323162,0.00128274465020064,0.008223052969642887,0.009003731191865882,7.775613751847418e-09
772,0.018484110474806914,0.0014462629162794397,0.008582491524874303,0.008455348255057884,7.778595289856434e-09
773,0.018443558056970902,0.001289287483744908,0.008390109009828695,0.008764153805991293,7.757406006764521e-09
774,0.01843627364987441,0.001267155345886601,0.008323972576004918,0.008845138220456135,7.507526756403552e-09
775,0.018447043716599804,0.0014578543551563706,0.008596102624238515,0.008393079517990128,7.219214788546801e-09
776,0.01843059137202467,0.0012839045328395884,0.008250543989718296,0.008896136039790899,6.809675885720892e-09
777,0.018389000312298655,0.0013458338186251699,0.008505034271942503,0.008538125057430032,7.164300951585453e-09
778,0.01836787285726728,0.001313600226902693,0.008489442382535635,0.008564823513087084,6.734741868742058e-09
779,0.018377112703525194,0.001270294676299323,0.008287082086809982,0.00881972997418929,5.9662266002898025e-09
780,0.018377343399334344,0.0014550221886281826,0.008589279733684615,0.008333035484595545,5.992426004058484e-09
781,0.018337725273516205,0.0012475660220691246,0.008283541691503539,0.008806611728684232,5.8312593115577565e-09
782,0.018306239129620958,0.0012821836911972781,0.008445571711006508,0.008578477976279315,5.751137858985748e-09
783,0.01830751864817873,0.0013842791294278426,0.008537376661825991,0.008385857269490373,5.587434524123886e-09
784,0.018316708206802874,0.0012702124194804406,0.008185489881311483,0.008861000668603061,5.237407890922429e-09
785,0.018289594840198663,0.0014044687137225258,0.008565432674305123,0.00831968810987711,5.342293904087691e-09
786,0.018250381011123376,0.0012615774641861503,0.008399960921883108,0.008588837508136956,5.116917161640319e-09
787,0.01824008381281369,0.0012549927379989557,0.008306876848077623,0.008678209262079859,4.964657252035724e-09
788,0.01825599442006777,0.0014287881016428205,0.00854655249724001,0.008280648959872421,4.861312520356726e-09
789,0.018239234172241055,0.0012382026252624355,0.008250623059733727,0.008750403978678396,4.5085664954897224e-09
790,0.018197814524447336,0.001304720795517836,0.008514312854900384,0.00837877615602872,4.718000397969032e-09
791,0.018177195519447846,0.0012985883407519445,0.008434670477508902,0.008443932062517272,4.6386697245219835e-09
792,0.018191199386931704,0.0012568945498871212,0.008232489631739498,0.008701810963452449,4.241852635085079e-09
793,0.01818949626738576,0.0014104385037393946,0.00861387406301165,0.008165179334622723,4.366011989133606e-09
794,0.018150365810217117,0.0012030692122061214,0.008311222690257879,0.008636069557146651,4.350606465526702e-09
795,0.01811738282158329,0.0012570370080971151,0.00839253277288629,0.008467808801034387,4.239565498241112e-09
796,0.018129280263964292,0.0013856283623794165,0.008539909020553835,0.008203738820319583,4.06071145776662e-09
797,0.018131604051421436,0.001220655629655646,0.008221063351460263,0.008689881175579358,3.8947261684103586e-09
798,0.018103708750768412,0.0013187248843835103,0.008558760019374069,0.008226219781943185,4.065067645873533e-09
799,0.01806291390732204,0.0012342461881667886,0.008410786395857075,0.008417877583411405,3.739886771551614e-09
800,0.018065065716664178,0.0012465546936764975,0.008295896118198389,0.008522611357011385,3.547777904265654e-09
801,0.018079115460943734,0.0013960372958545062,0.00856606595031508,0.008117008448259265,3.76651488452678e-09
802,0.018056395805813887,0.0011912311606032957,0.008253645135799494,0.008611515848083597,3.6613275025613133e-09
803,0.01801131669239298,0.001259539834268012,0.008451650544608566,0.008300122581271236,3.732245164048353e-09
804,0.018017926881213148,0.0013367470957579496,0.008508605688353103,0.008172570381679204,3.7154228924927222e-09
805,0.018024091038720817,0.0012040703410174226,0.008223892041453743,0.008596125135365458,3.5208841959079748e-09
806,0.01798126816700329,0.0012777868456744165,0.008474461533460908,0.008229016034160541,3.753707425611085e-09
807,0.017970615383372607,0.0012725949239877786,0.008519113402320214,0.008178903444784872,3.612279742177606e-09
808,0.017982963193444505,0.0011887107835229268,0.008268660477879074,0.008525588560485173,3.371557331579201e-09
809,0.01796109672373857,0.0013234147673407107,0.008467385503685762,0.008170292893093916,3.5596181793929122e-09
810,0.01792657533375154,0.0012485699666779009,0.008424052247453628,0.008253949782575857,3.3370441555199875e-09
811,0.017935894645516516,0.001183808722769786,0.008312008008741005,0.00844007459348593,3.3205197974702914e-09
812,0.01793631337184095,0.001319912695265792,0.008510326772871526,0.008106070351722275,3.5519813535659165e-09
813,0.017897747614573033,0.0012103719584245609,0.008345510146809525,0.008341862406131205,3.103207742652017e-09
814,0.017884257524807903,0.001210284005935518,0.00838645342755456,0.008287517038329747,3.052988076533046e-09
815,0.017897747211740384,0.0013085134619130136,0.00854654990135447,0.008042680482556649,3.365916248982656e-09
816,0.01787857143825026,0.0011772343056078716,0.008299280824409032,0.008402053240255702,3.0679776545753296e-09
817,0.01784620195944026,0.0012594784959720354,0.008470770546038838,0.008115949938475874,2.97895351205102e-09
818,0.01783948062855472,0.001274167445861006,0.008464695075101681,0.008100614998350554,3.109241479320481e-09
819,0.017849381641636446,0.0011643181621552945,0.008245929706279673,0.008439130679254978,3.0939465009405926e-09
820,0.017831309699159758,0.0012961986342134254,0.008539432961145382,0.007995674947313345,3.156487605642006e-09
821,0.017795150642187757,0.001212825967721426,0.008355223851382263,0.008227097877739264,2.945344800618087e-09
822,0.017793770829746154,0.0011935756194178257,0.008269229800423057,0.00833096244668527,2.9632200022040538e-09
823,0.017801799994898723,0.0013047239269785031,0.008547005914393929,0.00795006701242719,3.141099099449854e-09
824,0.017784942581704988,0.0011534273801057223,0.008304066969065617,0.008327445244413914,2.9881197379663263e-09
825,0.017749286597839618,0.0012209841438346138,0.00838848153558717,0.008139817761569468,3.1568483667441475e-09
826,0.01773815575703778,0.0012417349378290054,0.008411947721097253,0.008084470027127241,3.070984284348303e-09
827,0.017748247387077715,0.0011570931404072367,0.008277572474940802,0.008313578785104648,2.98662502876086e-09
828,0.01774114981167129,0.0012692458286517833,0.008505294995729136,0.00796660561839401,3.368896363875885e-09
829,0.017705227138602776,0.0011474021172802522,0.008275763001009412,0.008282058937394183,3.082918930826429e-09
830,0.017685805636275788,0.0011958225692473275,0.008372249570266187,0.00811773052051528,2.9762469927992524e-09
831,0.01768617641070096,0.0012490579293041523,0.008459026721210511,0.007978088451795037,3.3083912591279442e-09
832,0.017693453702113202,0.0011218661052340285,0.008211755558466781,0.008359828684165524,3.3542468711559204e-09
833,0.017673501807901153,0.0012570942010653046,0.0085226532044313,0.00789375098617678,3.4162277702666653e-09
834,0.017637085598175218,0.0011537918713594825,0.008303464856547897,0.008179825580547183,3.2897206542528526e-09
835,0.01762466402159127,0.001146579614396327,0.008275929074367371,0.00820215184277161,3.4900559599451844e-09
836,0.017635260686620656,0.0012486239952040176,0.008511405251734125,0.00787522781153737,3.6281451453682843e-09
837,0.01763201056169762,0.0011246773723844457,0.008225430984116114,0.00828189888354602,3.321651039960833e-09
838,0.01760680877902295,0.0012485363674411168,0.008419607909437804,0.007938660998011998,3.5041320283142457e-09
839,0.017569583626968307,0.0011556432435575797,0.008332878289959428,0.008081058665861255,3.4275900406125387e-09
840,0.01756664662541494,0.0011252118374534843,0.008300787885555853,0.008140643279424646,3.622980957546758e-09
841,0.01757896704887128,0.0012494648582314998,0.008456474218574707,0.00787302402271705,3.9493480209545855e-09
842,0.017570444304990728,0.0011231614569529793,0.008191661839627301,0.00825561751727307,3.491137375088962e-09
843,0.017536157496437218,0.001211321448523712,0.00847120405771949,0.007853628301126101,3.689067915028737e-09
844,0.017508637584916328,0.0011304832507268274,0.008332499230127143,0.008045651168612082,3.935450274970209e-09
845,0.017509858001769022,0.001105570558703544,0.008247296509060935,0.008156987183906325,3.750098217467539e-09
846,0.017526390554314018,0.001270547746375255,0.008515809593145698,0.007740029454525753,3.760267310629606e-09
847,0.017503616645552986,0.0010983609894466102,0.0081664960505127,0.008238755796256311,3.809337363480416e-09
848,0.017463030818787834,0.001150229229118367,0.008384087874655322,0.007928709451292374,4.263721770694397e-09
849,0.01744918651411875,0.0011510977663431313,0.008400420913814446,0.007897663624222496,4.209738676713262e-09
850,0.017460377975387062,0.001105042407864305,0.008166110323607798,0.00818922113007014,4.113844821052369e-09
851,0.017463792335511628,0.001247658969599373,0.008459306497576057,0.007756822412860972,4.455475224382812e-09
852,0.01743238568794106,0.0010758566619181438,0.008263921921818304,0.00809260285066107,4.253543540220727e-09
853,0.01739446525384555,0.0011060900158797017,0.008326746561151507,0.007961624073474016,4.603340325958168e-09
854,0.017396885178740155,0.0011788582531083965,0.00837269571678241,0.007845326590387763,4.61846158653287e-09
855,0.017412467122757288,0.0010946184136919452,0.008190550406520176,0.008127293951292925,4.351252240756284e-09
856,0.017394748873349155,0.0011965675147343358,0.008470776824311065,0.007727399420367441,5.1139363135568896e-09
857,0.017354849368478687,0.001062382323356086,0.008233982740752415,0.008058479223603685,5.080766502513064e-09
858,0.017337474182456927,0.0010929525990925,0.008299829444052803,0.007944687331517094,4.807794529009113e-09
859,0.017351209703137995,0.0012014910708390695,0.008458136617631931,0.007691576871407193,5.143259801718284e-09
860,0.01735367383491258,0.0010543027795100006,0.00815103892199766,0.008148326885698552,5.247706370720744e-09
861,0.017319824882700643,0.0011446180452335654,0.008469079466417154,0.007706121897883996,5.4731659265743695e-09
862,0.017284313400131642,0.0010795296459615625,0.008328115090938061,0.007876663404935905,5.258296115599301e-09
863,0.017291880913001195,0.0010672222067472728,0.008181564195610577,0.008043089014815711,5.495827633954923e-09
864,0.01730527884210309,0.0012003363857751568,0.008483100205592198,0.007621836232858959,6.017876778045997e-09
865,0.01728680303329188,0.0010421049436595607,0.008212457188297941,0.008032235240305781,5.661028598385152e-09
866,0.017244733403522394,0.0011039892588621046,0.008327582608246207,0.007813155517342048,6.019072033606906e-09
867,0.01722989832772891,0.0011107038556390813,0.008356114872675187,0.007763073706882727,5.892531914339902e-09
868,0.017249565867204802,0.0010418703734189657,0.00821708357283407,0.007990606103331094,5.817620669252507e-09
869,0.017248163279998924,0.0011627831639379955,0.00845682861159633,0.007628544840787028,6.663677567262852e-09
870,0.017206079224351262,0.0010243013153787039,0.008202227175904036,0.007979544702828094,6.030240429933911e-09
871,0.017182660867882782,0.0010623437128787954,0.008323766077613056,0.007796545135726345,5.941664583604141e-09
872,0.017188320086948043,0.0011247447238002645,0.00840522196341754,0.0076583466486157626,6.751114475339201e-09
873,0.017201665052535425,0.0010213231498178005,0.008139564124332596,0.008040771125316752,6.653068276370656e-09
874,0.017179697376078905,0.0011447184862088484,0.008472963963473211,0.007562008406334931,6.520061913590554e-09
875,0.017136577944148104,0.001034941750019236,0.008260832594903861,0.007840797301266026,6.297958981230482e-09
876,0.017133058345977566,0.0010158867587602676,0.008213689171335465,0.007903475726924007,6.688957823805471e-09
877,0.017154090876070217,0.0011421550338991142,0.008492774836009286,0.0075191539684478104,7.0377140060013034e-09
878,0.017141837992421274,0.0010195399281155812,0.008175870192362461,0.007946421311755276,6.560187955102623e-09
879,0.01710642866374079,0.001098826365065111,0.008340842779942298,0.007666752500938442,7.0177949424672255e-09
880,0.0170784147016007,0.001043395131801656,0.008341831814929876,0.007693180929672352,6.825196817510541e-09
881,0.017094911480447304,0.001000491401974042,0.008220424248391124,0.007873988971268191,6.858813946994188e-09
882,0.017106600421817178,0.0011541770059434462,0.008420826968780113,0.007531588867701172,7.579392446490683e-09
883,0.01707430614437453,0.001019299922200101,0.00815630642947713,0.007898693148985574,6.643711725483447e-09
884,0.01703889546632566,0.001035003902447877,0.00835754973809624,0.007646335050228794,6.775552749925481e-09
885,0.017037304389591792,0.001039681409929979,0.008364890631066895,0.0076327247689078875,7.579687031099068e-09
886,0.017052440488933982,0.0009902353223475778,0.008143317911209464,0.007918879992400816,7.2629761216005975e-09
887,0.01705376958519886,0.0011546107608419683,0.008468072489308014,0.00743107903077358,7.304275297984492e-09
888,0.017004422939674614,0.0009933125251836436,0.008190385915967385,0.007820717131250089,7.367273496544261e-09
889,0.01698622134221765,0.0009769107173158084,0.008248225564616607,0.007761077257327597,7.802957636317603e-09
890,0.017002116883426236,0.0010781882345261083,0.008447218249034143,0.0074767027344897945,7.665376190138002e-09
891,0.017007953334134757,0.001004708586133339,0.008124145675922031,0.00787909184990466,7.2221747313387636e-09
892,0.01698294585776604,0.0011034469178200538,0.008357583382402271,0.007521907559568409,7.99797530637755e-09
893,0.016942816890253176,0.0009775984782525225,0.008286581597356377,0.007678629240230849,7.574413426638524e-09
894,0.016941939502814085,0.0009621213751374607,0.008239970098559493,0.007739840469187933,7.559929197094384e-09
895,0.01696515888310739,0.0011142357873149605,0.008394254526423159,0.007456660314178953,8.255190314761746e-09
896,0.016952711418034127,0.00099282373342204,0.008129963774800379,0.007829916272379637,7.63743207375446e-09
897,0.016916539077191012,0.0010373454443950386,0.008406989061137413,0.007472196443452427,8.128206134131111e-09
898,0.016891956706125175,0.000983113493839226,0.008285263988298158,0.007623570775464371,8.448523418922425e-09
899,0.016904378670279423,0.0009724912244451604,0.008150805807784567,0.00778107371861659,7.919433106802166e-09
900,0.016926223609342685,0.0011290994706352397,0.0084694935358625,0.007327622367455203,8.235389742967448e-09
901,0.016892486143718247,0.0009603050333021191,0.008147155373620563,0.00778501722155655,8.515239013225275e-09
902,0.016854113786960796,0.0009879604109510778,0.008305136278125874,0.007561008072065332,9.025818512438359e-09
903,0.016848041704398426,0.001018329833003346,0.008371684991356742,0.007458018318855605,8.561182730566483e-09
904,0.01686537810470652,0.0009703744071991683,0.008167784571548743,0.007727210954306417,8.171652195896711e-09
905,0.016847194575475875,0.0010510554375911,0.008388743839142884,0.007407386274204149,9.024537737549253e-09
906,0.016813643171117262,0.0009388171884442559,0.008246930498638469,0.00762788631386739,9.170167145595209e-09
907,0.016806696908142255,0.000946068406113585,0.00823987408757213,0.007620745561764044,8.852692494416593e-09
908,0.016823548877084878,0.001080981950725514,0.008393031925521684,0.007349526031314491,8.969523186991558e-09
909,0.016813257622330532,0.0009599140239547621,0.008117196991637966,0.007736137680788186,8.92594961776277e-09
910,0.016781948310506795,0.0009841632392386395,0.008368555486687072,0.007429220258493678,9.326087406868506e-09
911,0.01675954291732943,0.0009574638852793612,0.008314743420438394,0.007487326566690547,9.044921129212557e-09
912,0.016770217472532708,0.0009666205468418722,0.008153466098343845,0.007650122028549331,8.798797660757248e-09
913,0.01677997390359984,0.0010699831750604308,0.008406559908338327,0.007303421518389323,9.301811758206685e-09
914,0.016764726026065706,0.0009156426209718126,0.008172874526229319,0.007676199637846128,9.241018444693962e-09
915,0.016725902261882402,0.000980391630848197,0.00833187915694033,0.0074136218315263,9.64256757379638e-09
916,0.01671279205038347,0.00099160479834192,0.008264104236483945,0.007457073647740029,9.367817575084021e-09
917,0.016721250114855778,0.0009388718942684917,0.008166763801389403,0.007615605420881986,8.998315896982498e-09
918,0.01673709077702487,0.0010440704560499207,0.008436048972002662,0.0072569617928254565,9.556146832479118e-09
919,0.016718468696465115,0.0009341033514217075,0.008118873402065076,0.007665482743506216,9.199472114188763e-09
920,0.01668165581235321,0.0010029039592034962,0.008356113431849475,0.00732262935894535,9.062354887825673e-09
921,0.016660117681534935,0.0009481962368961521,0.00831904030938155,0.007392872137620414,8.997636820766252e-09
922,0.01667260965494795,0.000909149544505807,0.008165635252648155,0.007597815527223864,9.330570127103854e-09
923,0.016689219645244485,0.0010489211840588413,0.008416007142467496,0.00722428170642215,9.61229599671665e-09
924,0.016677575983114413,0.0009337845582671249,0.008139329627904186,0.007604453081573166,8.715369937609066e-09
925,0.016631979413773992,0.0009748280837060358,0.008347278097212618,0.007309864070173055,9.162682283351909e-09
926,0.01661407415670934,0.0009352243210751658,0.008265189890497777,0.007413650643691534,9.301444859142848e-09
927,0.016626333112437407,0.0009163280193628375,0.008160745380265044,0.007549250962455992,8.750353531438861e-09
928,0.016648937150274754,0.0010685416011277388,0.008441749339600641,0.007138637125290981,9.084255393376408e-09
929,0.016624177209844243,0.0009180703433689213,0.008111339082556129,0.0075947585772489865,9.206670203141455e-09
930,0.016579533744811352,0.0009341936400125188,0.008344268759280297,0.007301061946186744,9.399331790897708e-09
931,0.016567321823011624,0.0009487252964906156,0.008336524279157187,0.007282063341322199,8.906041621505428e-09
932,0.016589760650389536,0.000940698776225025,0.008108659540941456,0.007540393536788038,8.796435019240811e-09
933,0.016601220226982745,0.0010450963115845422,0.008421484487297983,0.007134630004576161,9.423524058479662e-09
934,0.016564730781069566,0.0008783484787496594,0.008187765302383958,0.007498608267884117,8.732051830803195e-09
935,0.01652248091127841,0.000927761055765118,0.00828029788433542,0.00731441308861441,8.882563463061579e-09
936,0.016533588907569546,0.0009897272604798002,0.008327635434595738,0.007216216730250341,9.482243665883133e-09
937,0.016554863622077576,0.0008852317871929255,0.008135046100832153,0.007534576343851495,9.39020100370312e-09
938,0.016542075190262972,0.0009867367028810134,0.008450691754318852,0.007104637039447782,9.693615324179254e-09
939,0.016495202026683312,0.0009070557174448283,0.008178000796623182,0.0074101362300469835,9.282568316950732e-09
940,0.01647897063833867,0.000894198701705789,0.008203833172851114,0.007380929505352382,9.25842938307902e-09
941,0.01651163872123665,0.0009826240627481121,0.008435105299928781,0.0070938996884225575,9.670137197947163e-09
942,0.0165084861765041,0.0008969796429612992,0.008094657375744026,0.0075168398275613875,9.330237385111516e-09
943,0.016471845642514978,0.0009759734317772229,0.00833702792329071,0.0071588347606618245,9.526785220626342e-09
944,0.016436110154084853,0.0008782083557949779,0.008284768664879733,0.007273123848131802,9.285278338986813e-09
945,0.016452675794722958,0.0008630551014002151,0.008166117296644345,0.007423493979551315,9.417127080125932e-09
946,0.01647818815375062,0.0010342186173524618,0.008389487330218347,0.007054472504121023,9.702058788310618e-09
947,0.01644788471991594,0.0008956818538585509,0.008107659307713412,0.007444534919110818,8.639233157675695e-09
948,0.01640553318168987,0.0008881133935527164,0.008326310869594315,0.007191100052923662,8.865619178320929e-09
949,0.01639811625891486,0.000925424401501255,0.008297963469240936,0.007174718957169222,9.431003444070545e-09
950,0.016428709752880126,0.000922062400877753,0.008067173916037607,0.007439464435119863,9.000844903274109e-09
951,0.016433688473480867,0.0010062174069295912,0.008435973101378176,0.006991488928979405,9.03619369551983e-09
952,0.016383739350072358,0.0008468358020569471,0.00816390764888266,0.007372986963231122,8.935901628297198e-09
953,0.016355005836320647,0.0008911760211914128,0.008195849382798997,0.007267971237213543,9.195116696196512e-09
954,0.01637765665664644,0.0009845513710935332,0.008355282055370864,0.007037814174966232,9.055215808623692e-09
955,0.016396168954845726,0.000884278865954863,0.008088355418469412,0.007423525966248449,8.704173000488287e-09
956,0.016367359159920863,0.000962716265554054,0.008346437703773527,0.007058195847679385,9.342913898763344e-09
957,0.016320939273589435,0.0008874382533651375,0.008179221360132485,0.007254270881278268,8.77881354402118e-09
958,0.01632587346536597,0.0008699056059498002,0.008165191162351386,0.0072907679609437595,8.736121023032743e-09
959,0.016357582793758412,0.00098075959763827,0.008389180856467266,0.00698763265744413,9.68220874635151e-09
960,0.016343327712616873,0.0008866171378679446,0.008051028018261103,0.007405673569855411,8.986632413372865e-09
961,0.016297998604599684,0.0009247008339654238,0.008311422623967904,0.00706186659367659,8.552989768745545e-09
962,0.016276820247683718,0.0008785028412636906,0.008282790997769166,0.0071155176356310435,8.773019817001842e-09
963,0.016307735788647162,0.0008677543845748887,0.008071842333621862,0.0073681299321763155,9.138274095989324e-09
964,0.016322438942566405,0.0010141970886345614,0.008368106767951097,0.006940126033725452,9.052255297702857e-09
965,0.01628493210636354,0.000874475594795583,0.008115441784888417,0.007295006647368485,8.07931105640252e-09
966,0.01624070681870953,0.000854617352762823,0.008233316150641781,0.007152764598432552,8.716872376827063e-09
967,0.016256516688380195,0.000919441874688885,0.008296522581810128,0.007040543056076896,9.175804287992287e-09
968,0.016285297165881212,0.0008932920221477848,0.008049971052691365,0.007342025807699438,8.283342627558917e-09
969,0.0162699163576937,0.000983569870060651,0.008358938581303125,0.006927399349205584,8.557124338142203e-09
970,0.016219804651199037,0.0008478406326053799,0.008114919448237255,0.007257035832695275,8.73766112704331e-09
971,0.016205790651504254,0.0008381843117810551,0.008135774774537757,0.007231822972479057,8.592706386535083e-09
972,0.01624618139863705,0.0009786680997633185,0.008349998740734698,0.006917505921398467,8.636740560934964e-09
973,0.016241236102753073,0.0008839425778723691,0.008008275301166956,0.007349009555228946,8.668484800654357e-09
974,0.016200794507225873,0.0009044325528161289,0.008268714479357437,0.007027638275585562,9.199466746507234e-09
975,0.01616791360161853,0.0008455840358284907,0.008220699487782175,0.007101621687914292,8.390093567511879e-09
976,0.016190646617217898,0.0008688350919750765,0.008063938159014595,0.0072578651184724684,8.247755755552451e-09
977,0.01621775921822868,0.000994192488596589,0.00830498972604556,0.006918567643966304,9.359620229173527e-09
978,0.016186180422694024,0.0008366183187155799,0.008046564922211442,0.0073029883501408,8.831626204972701e-09
979,0.016139381931768098,0.0008661025924966298,0.008232642342837581,0.007040628499083293,8.497350594884842e-09
980,0.016140914356630395,0.0009089360737678836,0.008219270370783505,0.007012699191199482,8.720879520721892e-09
981,0.016169082271267895,0.0008439441789507665,0.008021318016493108,0.007303811149036807,8.926787210705925e-09
982,0.016179672265843364,0.0009461480721699967,0.00836618148022541,0.006867333281702743,9.431745215587128e-09
983,0.01612541243081972,0.0008562645521953091,0.008066366863536798,0.007202772191129695,8.823957917442308e-09
984,0.016098483012614188,0.0008602626227944677,0.008123238196373006,0.007114973396208036,8.797238678665339e-09
985,0.01612278930756267,0.0008875978417041573,0.008303320157989987,0.006931862348248825,8.959619703817195e-09
986,0.016143928272776584,0.0008419198865167283,0.008026091730420898,0.0072759078612840995,8.79455485909362e-09
987,0.01612695658636865,0.0009784234689345988,0.00827511064371022,0.0068734130056894915,9.468034340633742e-09
988,0.01606894162531881,0.0008340889663380846,0.008119124606889832,0.00711571917670124,8.875389656600143e-09
989,0.016075574806381065,0.0007931687056259398,0.008143396206120831,0.007139001256849756,8.637784539946595e-09
990,0.016104474133252993,0.0009393542682266504,0.008309897864755405,0.0068552127753232685,9.224947665207114e-09
991,0.016112565120908803,0.0008943130570560085,0.007972502698763506,0.007245740355178686,9.009910603677373e-09
992,0.016066747589821757,0.0008882419645423129,0.00829345849257521,0.006885037805479158,9.327225076213327e-09
993,0.016032108221940473,0.00081250133142386,0.008180106796124178,0.007039490868122374,9.22627005935265e-09
994,0.016056560022547694,0.0008470900121439321,0.00802367822017731,0.007185782892428644,8.89779780766709e-09
995,0.016088688869052303,0.0009703262176565422,0.008334437985208658,0.006783915531234506,9.134952596701103e-09
996,0.016061963163708944,0.0008233138045148409,0.00805482622713493,0.007183814032448203,9.099610972432762e-09
997,0.016011785724359094,0.0008527954495872912,0.008187581008366673,0.006971399438756074,9.827649055125734e-09
998,0.016007556539442618,0.0008756445579554122,0.00820449683739593,0.006927405987868868,9.15622240996572e-09
999,0.016045878073231105,0.0008327922293420363,0.008045669693596004,0.007167407739531892,8.410761174139015e-09
1000,0.016050043762368554,0.0009324929606066464,0.00832772640567197,0.0067898148537724155,9.542317523106843e-09
1001,0.016002530659674084,0.0008402908047401186,0.008026772470512375,0.007135457792450907,9.591970681391382e-09
1002,0.015972011522391402,0.0008365784030288072,0.008151748872986385,0.006983675081283326,9.165092881364342e-09
1003,0.015988261720340177,0.0008725264476293407,0.008282275795537107,0.006833450106467953,9.370705778386583e-09
1004,0.01600089322410708,0.000797255969127239,0.008049941567795399,0.007153686515439954,9.171744483808503e-09
1005,0.01596733356850449,0.0008800185022952583,0.008228872457387272,0.0068584337565615015,8.852260454761427e-09
1006,0.015944783877920216,0.0008360123885198809,0.008169475362449125,0.00693928788681171,8.240139502507784e-09
1007,0.015952417599680715,0.0007944038135691909,0.008089123873159186,0.007068881519501952,8.393450386850079e-09
1008,0.015976194210802003,0.0008970638975319678,0.008279422266314026,0.0067996993849760235,8.661979986671489e-09
1009,0.015956953713604925,0.000805003408856659,0.00807056588638146,0.00708137679006313,7.628303675393709e-09
1010,0.015922180624149098,0.0008486390608988036,0.008220052788221702,0.006853481116096726,7.65893186795105e-09
1011,0.01591074188826883,0.0008298028234349281,0.008164018235658078,0.006916912708825564,8.120350255751676e-09
1012,0.01592801514443807,0.0007987172458309191,0.008049678057442085,0.0070796119887098,7.852455267140908e-09
1013,0.01595164275164936,0.0009216055225620604,0.008313083940726542,0.006716945663858248,7.624502510050447e-09
1014,0.015926351033972903,0.000799745216921935,0.008041938029411194,0.007084660379763987,7.40787578797341e-09
1015,0.01589097322412557,0.0008292578863012367,0.008207705874978578,0.006854001486155787,7.976689967705739e-09
1016,0.015871341907347642,0.0008146042939427145,0.008185196572727217,0.0068715331933939154,7.847283794253413e-09
1017,0.01589101667406779,0.000811544923349798,0.008052588027937607,0.007026875839983868,7.882796516296828e-09
1018,0.015917536094495168,0.0009078221463897657,0.008278409389078069,0.006731295855954589,8.70307274358372e-09
1019,0.015905796044690217,0.000777855315002464,0.008031931610154898,0.007096001093690052,8.025842803026328e-09
1020,0.015866586428048755,0.0008554417226980518,0.008247990403058006,0.006763146499589506,7.802703190662474e-09
1021,0.01583392908780731,0.0008096801702270002,0.008115309454899935,0.006908931378900903,8.083779473892943e-09
1022,0.01584953701189167,0.0007742062572639419,0.008052830737367168,0.0070224916193579595,8.397902599137339e-09
1023,0.015883896046127697,0.0008974792301951907,0.008310668855101724,0.006675739513480355,8.44735042726277e-09
1024,0.01587904475855232,0.0008147139715393373,0.00798116212393369,0.007083160582576682,8.08050261067294e-09
1025,0.015833622680127047,0.0008485730310969468,0.0082214468306439,0.0067635940137056256,8.804680575771879e-09
1026,0.015797704085471806,0.0007860947302615653,0.008141024304202509,0.006870576576422207,8.474585526712319e-09
1027,0.01581647622784055,0.000804677843646582,0.008022392032427165,0.00698939818747696,8.164289844671746e-09
1028,0.01585370909786856,0.0009037071439409081,0.008282717845039325,0.006667275276712551,8.832175775316317e-09
1029,0.015839337709009766,0.0007640433021261215,0.008025152946768352,0.007050132970558152,8.489557139394945e-09
1030,0.015783570164506124,0.0008379277430846906,0.008204605481845722,0.006741028222055033,8.717520676135489e-09
1031,0.015764600183638268,0.0008218647218676613,0.00812772126447926,0.0068150050041298135,9.19316153097929e-09
1032,0.015798170950923732,0.0007610706900066299,0.008025664195281777,0.007011426912065931,9.153569395213919e-09
1033,0.015823642009986566,0.000897819912903445,0.0083118390974289,0.006613973848989364,9.15066485660608e-09
1034,0.015782140984637587,0.0008043764231014333,0.007978216931116314,0.006999538905879583,8.724540257113527e-09
1035,0.015731879398859713,0.0007701724010421852,0.008152789773565419,0.006808908095057773,9.12919433802004e-09
1036,0.01574375018085093,0.000819710392085046,0.008209184370299286,0.0067148462376513795,9.180815214138242e-09
1037,0.015784694087144793,0.0008207416670612078,0.007931244345206027,0.007032699171447266,8.90343029285494e-09
1038,0.01577653374761605,0.0008668754174012409,0.008289714459055571,0.006619934289557273,9.581601966032386e-09
1039,0.01571471078587331,0.0007409110180399611,0.008065881740034352,0.006907908955474483,9.072324515754238e-09
1040,0.015703245771773636,0.0008020881182816148,0.008013865505354732,0.006887283404543218,8.743594071648434e-09
1041,0.015742017411458725,0.0008721604951009066,0.008244301296361244,0.006625546713071208,8.906925367490718e-09
1042,0.01575589282410889,0.0007576332372345266,0.007982585181564068,0.00701566584589489,8.559415406288153e-09
1043,0.015701361266884387,0.0008389682999039843,0.008186329942937108,0.006676054107527512,8.91651578302278e-09
1044,0.01566171329780645,0.0007841284923099748,0.0080962233656416,0.006781352720140145,8.719714730001951e-09
1045,0.015702218960070416,0.0007503970527076469,0.007996307066099382,0.006955506207876059,8.633387328420281e-09
1046,0.01572851519705536,0.0008969299817477831,0.008250975043574263,0.0065806011936092035,8.978124107500324e-09
1047,0.01568447719555655,0.0007871165218353241,0.007956743509507942,0.006940608805180333,8.359032950010525e-09
1048,0.015638181063021755,0.0007280023423126276,0.008142686886006938,0.006767483045737646,8.788964540680394e-09
1049,0.01565269122788995,0.0008148639747468898,0.008167198079740076,0.006670620034517188,9.13888579809919e-09
1050,0.015692465718233767,0.0008241463681851254,0.007892831144396354,0.0069754799312375755,8.274414713108313e-09
1051,0.015673559651103744,0.0008217867732499211,0.008274817899858471,0.006576946274252217,8.703743137351196e-09
1052,0.015611881327337276,0.0007102372885966952,0.0080604021208527,0.006841233073915645,8.843972234532459e-09
1053,0.015616891422513232,0.0007784948150297819,0.007977214966080115,0.0068611734137763265,8.227627007956875e-09
1054,0.015662980246324874,0.00086908957209059,0.008252983773945673,0.006540898808369356,8.091919256311974e-09
1055,0.015650250500853887,0.0007373600217106929,0.007958029522330155,0.006954852955041844,8.001771192875079e-09
1056,0.015589559814426949,0.0007855604167278013,0.00812770930719662,0.006676281895783621,8.194718906266685e-09
1057,0.015579078527766018,0.0007815066042690821,0.008130240141687438,0.006667324144540358,7.637269140551653e-09
1058,0.015615816973039895,0.0007309262117277044,0.007962673456427602,0.0069222096746811845,7.630203403235532e-09
1059,0.015631701587584094,0.0008539717931101442,0.008218145350973196,0.006559576374725848,8.06877490454206e-09
1060,0.015575378636161513,0.000768663225806876,0.007966527992855963,0.006840180484401171,6.93309750182634e-09
1061,0.01554110548940021,0.0007197274998119223,0.008085612073225348,0.006735758799590626,7.116772313719114e-09
1062,0.015576544177857168,0.0007801393069804844,0.008189921316153976,0.006606475492338366,8.06238434402376e-09
1063,0.015594464320216243,0.0007719484095156774,0.007894695895375971,0.006927812746305202,7.269019392013902e-09
1064,0.01557685370104409,0.0008408980843783255,0.00820669703970557,0.006529251624145412,6.952814784296597e-09
1065,0.01551565014173431,0.0007169480011588917,0.008026398339441155,0.006772296693201423,7.1079328425030396e-09
1066,0.015523567435961774,0.000709747842498277,0.007988763160806852,0.006825049253776105,7.1788805395431145e-09
1067,0.015569679154205977,0.0008411703035237129,0.008224038449255016,0.006504463466555504,6.934871742596933e-09
1068,0.015561042888896742,0.0007733299182784105,0.00788633563237755,0.006901370743837929,6.594402853169973e-09
1069,0.015517034948244546,0.0007717696629950863,0.0081243585198,0.006620899606997262,7.158452196942868e-09
1070,0.01547775355350854,0.0007206560904527951,0.008066951492278887,0.006690139452701546,6.518075312363812e-09
1071,0.015513045043273197,0.0007564812221907331,0.007932471945455133,0.0068240857300321724,6.145595159268516e-09
1072,0.015546017049724633,0.0008445788194697356,0.008188815676013124,0.00651261557867076,6.97557101327142e-09
1073,0.015520641527237007,0.0007255702175504729,0.007899281674440187,0.006895783063165761,6.5720805855414314e-09
1074,0.015463802863302605,0.0007519203924551607,0.008106552400298835,0.006605323905775886,6.1647727238149315e-09
1075,0.015455793257632043,0.0007683850727022008,0.008065124225273987,0.0066222778061949044,6.153460952740099e-09
1076,0.015494505865943142,0.0007229106710169378,0.007897058030206681,0.006874530902600859,6.262118664304645e-09
1077,0.015518972182771398,0.0008165204380136027,0.008223152976415304,0.006479292275029806,6.493312686912397e-09
1078,0.01547362771379775,0.0007633672026289255,0.00788390559751963,0.006826348895016291,6.018632905278617e-09
1079,0.015420033697961608,0.0007293128409566334,0.008025952648268535,0.006664761960638572,6.2480978676082935e-09
1080,0.015439825229849132,0.0007246011742932965,0.008132506139457091,0.006582711843525236,6.072573507729635e-09
1081,0.015473146604253335,0.0007467970915461505,0.007869855388389631,0.006856488582601127,5.541716426729591e-09
1082,0.01548548981440224,0.0008677142553633318,0.00814565510617858,0.006472114384783902,6.0680764270609065e-09
1083,0.015423206042909593,0.0007008792438569784,0.007918233818907898,0.00680408690670959,6.073435125869681e-09
1084,0.015390337152274485,0.0006812738598131744,0.008021745469973486,0.0066873119167483175,5.905739507424159e-09
1085,0.015423010801801015,0.000804383372166201,0.008096947542004934,0.006521674221648855,5.6659810248455664e-09
1086,0.01545334426979113,0.0007644145074626764,0.007831402115907576,0.006857522261542127,5.384878749226685e-09
1087,0.015451535713645779,0.0007831340067226732,0.0081973719951367,0.006471023837869146,5.8739172603420285e-09
1088,0.015378753074059327,0.0007014216063800448,0.007921280729196768,0.006756045126236407,5.612246107010438e-09
1089,0.015368272206196014,0.0007297454096220775,0.007935493762960832,0.0067030277090913215,5.32452178161318e-09
1090,0.015410884420248176,0.0007710062403064037,0.00816687734598207,0.006472995413929323,5.420030380114047e-09
1091,0.015435263044574075,0.0007288494250796693,0.00784352579028299,0.0068628825003550845,5.328856330857468e-09
1092,0.01539852924553276,0.0008217085355386425,0.008098425391919552,0.006478389729518017,5.5885565497866616e-09
1093,0.015339439011239391,0.0007057650950353425,0.007965117324464858,0.006668551319520134,5.272219054946032e-09
1094,0.015353604701922253,0.0006648035358495356,0.007936037920206643,0.006752757806806622,5.439059453009928e-09
1095,0.01540209005520175,0.0008162371188334093,0.008136434307800549,0.006449413066821116,5.561746675393243e-09
1096,0.015400248314527827,0.00077825513192156,0.0078085260021815974,0.006813462406988724,4.773435946432586e-09
1097,0.015335757725202714,0.0007196198392516314,0.008101166041942687,0.006514966662159282,5.181849114560326e-09
1098,0.015314835229673966,0.0006797454384904638,0.008012821662026255,0.006622262422381525,5.706775722959873e-09
1099,0.015345210608543214,0.0007201185527003883,0.007853769915852439,0.0067713169784447335,5.161545652960922e-09
1100,0.015393778319146371,0.0008350190793395172,0.008178608703232016,0.006380145635271957,4.901302881565461e-09
1101,0.0153437646850193,0.0007007135420621416,0.007857072187290589,0.006785974062639511,4.89302705786435e-09
1102,0.015287881134705698,0.0006994346248286267,0.008001733783505435,0.006586707490004866,5.236366770266125e-09
1103,0.01529583398854611,0.0007309780883614134,0.008064007249749273,0.00650084382284943,4.8275859927981154e-09
1104,0.015329702935876476,0.0007098446976219959,0.007851057454246116,0.0067687964101118695,4.37389649331749e-09
1105,0.01532161315897525,0.0007716400308654809,0.008071704151381344,0.0064782644265189765,4.55020944684387e-09
1106,0.015264318430328808,0.0006717932273912409,0.007907304380150084,0.00668521661265988,4.2101276017544884e-09
1107,0.015257673875282306,0.0006940844160509816,0.007917042090017382,0.006646543418831806,3.950382137993091e-09
1108,0.015290225914656043,0.0007779779860806528,0.008044692258178145,0.006467551485385034,4.185012211614221e-09
1109,0.015304797435620906,0.0007078444820868697,0.0077844775723268245,0.006812471102073718,4.279133494025179e-09
1110,0.015262034769821775,0.0007424412948158995,0.008043352062038774,0.0064762370371527645,4.375814338036502e-09
1111,0.015226891569759668,0.0007062784189475572,0.007907976347237472,0.0066126328156141155,3.987960523420817e-09
1112,0.01522878842653825,0.0006820257203669476,0.007842233432361914,0.006704525321847975,3.9519614128643754e-09
1113,0.015276238483987632,0.0007637547387854281,0.00805885759017864,0.006453621949800396,4.205223168597013e-09
1114,0.015276469013825638,0.0007215875914933639,0.007773774065333303,0.006781103456524872,3.900474099718659e-09
1115,0.015237538206575496,0.0007675508971976798,0.00801736980418471,0.006452613458832436,4.046360671532998e-09
1116,0.015189155749212925,0.0006579645185788209,0.00790801383157677,0.006623173244928792,4.1541285432765965e-09
1117,0.015202572166635935,0.0006604251571024083,0.007855449412761095,0.006686693342319148,4.254453283463099e-09
1118,0.015250997200331688,0.0008134851175281407,0.008047311049957062,0.006390196681446095,4.351400389609893e-09
1119,0.015254263591125162,0.0007358927533697422,0.007751737623848405,0.006766629178372125,4.035534890612281e-09
1120,0.015210944735912845,0.0007067171722237599,0.008057953932507604,0.006446269464884125,4.166297354903259e-09
1121,0.015155608894862423,0.0006487664603473717,0.007909330625411713,0.006597507919313506,3.889789832451427e-09
1122,0.01518025997604197,0.0007056116541935869,0.007811640504985596,0.006663004051485592,3.765377194806058e-09
1123,0.015228040513477578,0.0007903723298875967,0.008073347896357715,0.006364316119157429,4.168074837165225e-09
1124,0.015225132157219354,0.0006902699689827229,0.007765408543676536,0.006769449489700747,4.154859348977254e-09
1125,0.015157399440454526,0.0007140228006785192,0.007999898459034338,0.006443473918241081,4.262500585290586e-09
1126,0.015129261508015126,0.0006784304195162699,0.007942963246627128,0.00650786372087535,4.120996378986288e-09
1127,0.01516433847262179,0.0006682836556333135,0.007788688940512059,0.006707361756163628,4.120312790725694e-09
1128,0.015212441369204069,0.0007855343527679621,0.008069230935425354,0.006357671838607072,4.242403680949357e-09
1129,0.015168189901986248,0.000687329130600314,0.007793095109296264,0.0066877617711519335,3.890937735192559e-09
1130,0.015100256065490859,0.0006656353092264596,0.007938110503414664,0.006496505922166054,4.330683680366728e-09
1131,0.01511842138650825,0.0006720618422556177,0.007995716546492554,0.006450638328110848,4.669649231953493e-09
1132,0.015166123928106472,0.0006763146790574428,0.00777623280898086,0.006713572145637611,4.294430560252012e-09
1133,0.01517278231805201,0.0008037619555136927,0.008049510488151841,0.006319505435422811,4.438963664252426e-09
1134,0.015091455460403283,0.0006620705749214173,0.007805079303361699,0.0066243011289814835,4.453138682293649e-09
1135,0.015077556660784135,0.0006106650916458377,0.007892861766296085,0.006574025380961311,4.421880899072724e-09
1136,0.015125486324036803,0.0007369385714207574,0.008045536088020498,0.006343007256475792,4.4081197558007395e-09
1137,0.015144998836418365,0.0007150098010009043,0.007726013630452957,0.006703971046429868,4.358534635108298e-09
1138,0.015100501751237418,0.0006923508298848687,0.008040238978741157,0.006367907114362685,4.828248706252732e-09
1139,0.015038730278393418,0.0006340507435274146,0.007887241343942772,0.0065174335859929985,4.604930234648929e-09
1140,0.01507713097101041,0.0006772041087333057,0.007792379609441981,0.006607543005483477,4.247351647010039e-09
1141,0.015126296220624249,0.0007543294678448633,0.00810137360759381,0.006270588525819201,4.619366373941441e-09
1142,0.015096268536832554,0.0006607868764951772,0.007766112450928145,0.006669364508940137,4.700469093557163e-09
1143,0.01501884557246875,0.0006567888102462171,0.00794421591725823,0.006417836252385783,4.592578521444523e-09
1144,0.015031330285440413,0.0006754551912559703,0.00798843373615081,0.006367436966811472,4.391222161326096e-09
1145,0.015078612488555099,0.0006650727328470571,0.007749700615508283,0.0066638346010289016,4.5391708573218306e-09
1146,0.015089704824323811,0.0007430142335780752,0.008060562729044433,0.0062861229825887975,4.879112505422254e-09
1147,0.015023176611965153,0.0006481551441871386,0.007817091779997684,0.006557925355138143,4.332642187570508e-09
1148,0.014984546409653068,0.0006381727230348336,0.007847857905084826,0.0064985113584868515,4.423046558229331e-09
1149,0.015035824953196116,0.0006967434243683235,0.008017134427315204,0.006321942334610441,4.76690214794025e-09
1150,0.015066862393960481,0.0006758514347361363,0.007742409249773806,0.006648597289713067,4.419737471135298e-09
1151,0.015027300258104262,0.0007368669616768217,0.007997676541095487,0.006292752217095273,4.538236680128259e-09
1152,0.014957120819080473,0.0006154585295250575,0.007848026941484575,0.006493630768313833,4.579757007386793e-09
1153,0.014987815612722957,0.0006076236904485684,0.007813180024129937,0.006567007345388794,4.552755658421769e-09
1154,0.015038288150526413,0.0007615160225113756,0.008026472512017333,0.006250295145595172,4.470402531688609e-09
1155,0.015025494119583815,0.0006980477564583945,0.007698065314474908,0.006629377022041561,4.026608952094237e-09
1156,0.014957987331291191,0.0006272918676992806,0.007972061725843698,0.006358629326996844,4.410751367509829e-09
1157,0.014931619571949613,0.0006361092595990039,0.007888952634976602,0.006406552901422788,4.7759512188707015e-09
1158,0.014989451997718206,0.0006907531516425768,0.007694873831547691,0.006603820712912544,4.3016153962758675e-09
1159,0.015029111433521343,0.000741329390497716,0.008068837688855855,0.006218940272150752,4.0820170211521856e-09
1160,0.014956728565832555,0.000615743389449158,0.007757017194213345,0.006583963893775146,4.088394906077506e-09
1161,0.014908721176106926,0.0006583255578804775,0.00781857310914801,0.006431818115233899,4.39384453762539e-09
1162,0.014935867394424315,0.0006824532304753659,0.007968651837816134,0.006284758184313816,4.141818998798038e-09
1163,0.014989204526557815,0.000636012942772299,0.007733578304650105,0.006619609364974466,3.914160945386462e-09
1164,0.01496234806041346,0.0007222075844307326,0.007977286714805918,0.006262849252831822,4.5083449873920235e-09
1165,0.0148882500633827,0.0006520232387623731,0.007765781760460004,0.006470440730449288,4.333711035078989e-09
1166,0.014888964412181922,0.0006073996663810156,0.007801654650703516,0.006479906086778513,4.008318877778701e-09
1167,0.014948553985722977,0.0006932137240192527,0.00800871549552734,0.0062466205501091,4.216067284705978e-09
1168,0.014948282067553562,0.0006738359426296879,0.007672002152568456,0.006602439732006682,4.2403487377190725e-09
1169,0.014893937032961446,0.0006740235031682109,0.007947040324563967,0.006272868788531826,4.416697442428141e-09
1170,0.014843370189198384,0.0005948747102368887,0.007860870210231102,0.00638762100877607,4.2599543235097e-09
1171,0.014894920582929386,0.0006401081907623277,0.007711141650354222,0.0065436666015842694,4.1402285680545216e-09
1172,0.01493577563417841,0.0007457715040511986,0.00799974753461564,0.006190252252492185,4.3430193845524765e-09
1173,0.014913639852527208,0.0006571896290215282,0.007710898045238773,0.006545547925806287,4.252460620504077e-09
1174,0.014834683447713382,0.000620264931676012,0.007888480379687233,0.006325933660117215,4.476232923269963e-09
1175,0.014832774323656083,0.0006268998078115303,0.00787549774641464,0.006330372563176643,4.2062532698584445e-09
1176,0.014885599620504753,0.0006436695844258452,0.007705704383285774,0.006536221729131012,3.923662123208106e-09
1177,0.014919290237149326,0.0007523592179518739,0.007996547655186455,0.006170378935675443,4.428335552659144e-09
1178,0.014861275877624355,0.0006597348355439024,0.007675498241657968,0.00652603839625085,4.404171635763955e-09
1179,0.014797506503533328,0.0005848296463361489,0.007862743303340726,0.006349929287056871,4.266799579552151e-09
1180,0.01482299950613222,0.0006162899919048068,0.007946768388661799,0.006259936863942027,4.261623585063261e-09
1181,0.014872833388052098,0.0006797969018521147,0.00764995154284161,0.006543080574385401,4.368972972735396e-09
1182,0.014885399944192974,0.0007598596828288274,0.007955185315474003,0.006170350350393552,4.595496590068107e-09
1183,0.01480990733274167,0.0005917415139547124,0.007752884265143198,0.006465277499843092,4.053800668051778e-09
1184,0.014770219882019571,0.0005705043101094997,0.007826036532441771,0.0063736748398098555,4.199658445529675e-09
1185,0.014819961250728608,0.0006859964301714995,0.00791149493564376,0.006222465191548265,4.693365083556419e-09
1186,0.0148610880587664,0.0006760522843681035,0.007639690292553114,0.006545341185046024,4.2967991588182185e-09
1187,0.01484603334861943,0.0006944724862104637,0.0079925867282886,0.006158969986205567,4.147914798520943e-09
1188,0.014758883787776888,0.0005880401871803673,0.00775811961956844,0.006412719790733542,4.190294537651176e-09
1189,0.014760539294524833,0.0006029643487179528,0.007732314075886831,0.006425256275208696,4.594711351875544e-09
1190,0.014828740818601811,0.0007022922432427858,0.007974155044498948,0.006152288906333794,4.624526281951701e-09
1191,0.014839343310331392,0.0006515816631836835,0.00765940737323342,0.006528350164061985,4.109852303570066e-09
1192,0.014777298464292299,0.0006531967520232954,0.007904825180795359,0.006219272156521744,4.374951898977157e-09
1193,0.014720214380538138,0.0006017945694178553,0.00779921331610307,0.006319202220267294,4.274749918677377e-09
1194,0.01477089002568868,0.0006053922031543509,0.00771124789534711,0.006454245723168197,4.204019023142441e-09
1195,0.014828757522969988,0.0007085296311014788,0.007988811868398307,0.006131411505939676,4.5175305259659434e-09
1196,0.014787067951860983,0.0006424434425743575,0.0076464096789794645,0.0064982105971899415,4.233117221624567e-09
1197,0.014711049178886633,0.0005989615327598795,0.007842681410761415,0.006269401926379608,4.308985728563408e-09
1198,0.014716039455480372,0.0006307689562269224,0.007855677321454608,0.0062295888873509404,4.290447901219976e-09
1199,0.014783835962020604,0.000647809873671858,0.007627412628782206,0.006508609240141857,4.219424684658605e-09
1200,0.014802155044042087,0.000691541380371834,0.007980883362892427,0.006129725821102048,4.479675777722274e-09
1201,0.01471896385298319,0.0005955988046528357,0.007710004939258886,0.0064133559319456196,4.177125848498201e-09
1202,0.014678794552111848,0.0005964585179038306,0.007735727230900088,0.0063466044930490925,4.310258837203643e-09
1203,0.014735192610053021,0.0006695300614886398,0.007896707957324358,0.006168950452252258,4.138987764557274e-09
1204,0.014758689680775958,0.0006113712921663809,0.007655690135271981,0.006491624436256183,3.8170814141142836e-09
1205,0.014707636489356619,0.000649158875711472,0.007878946184469476,0.0061795273235621265,4.105613544815464e-09
1206,0.014666119722882011,0.0005747966047893394,0.007775272402781994,0.006316046329102349,4.3862083290342394e-09
1207,0.014687032401242209,0.0005917894429885326,0.007674170709805134,0.006421068321069129,3.927379414738172e-09
1208,0.01475061622430202,0.0007127522002932494,0.007928916525812043,0.0061089437357206905,3.76247603739193e-09
1209,0.014702963404604705,0.0005784829014995748,0.007665298831195651,0.0064591776072352195,4.0646742580390945e-09
1210,0.014647371101951696,0.0005873037784133873,0.007794992819473625,0.006265070036114839,4.467949846749509e-09
1211,0.014649970741094186,0.0006134355144811103,0.007816874185502767,0.006219656902038588,4.1390717213543e-09
1212,0.014696465473613574,0.0005909541549315235,0.007656234574629994,0.006449272900272894,3.843779162881775e-09
1213,0.014722949468466716,0.0006836461447962093,0.00791317983294981,0.0061261193292897346,4.161430964383764e-09
1214,0.014663266332801248,0.0006049865405543081,0.007629409468872615,0.006428866228416243,4.094958081542161e-09
1215,0.01461685189900912,0.0005641486398786571,0.007785974647830705,0.0062667244684346535,4.142865103982824e-09
1216,0.01462951464317614,0.0005819531923762915,0.007843446314034854,0.006204110965495083,4.171269913256517e-09
1217,0.01468621586946048,0.0006260518489740962,0.007590359410112126,0.006469800814464891,3.7959093659465704e-09
1218,0.014703610810989835,0.0006979530662664971,0.007904250463400549,0.006101403666335551,3.6149872381765455e-09
1219,0.014649574648512768,0.0005750582672979729,0.007646577527011576,0.006427935334720752,3.5194824671957233e-09
1220,0.014587391832075709,0.0005847994481832998,0.007729228885306917,0.006273359605451825,3.8931336678805984e-09
1221,0.01460700113007141,0.0006138671420679479,0.00777817382008114,0.006214956167731584,4.000190738206319e-09
1222,0.014665527601858559,0.0005872346348695769,0.007599519557702013,0.006478769783486152,3.625800817063509e-09
1223,0.01468944677719162,0.0007019112781202108,0.007887647160681207,0.006099884629158919,3.709231282828427e-09
1224,0.014623616077120087,0.0006169322772363755,0.007557814864498727,0.006448865071385993,3.863998991814351e-09
1225,0.014563628678901904,0.000560375611655026,0.007713951214372043,0.006289297887233067,3.965641768061155e-09
1226,0.014584964305013756,0.0005924588321776408,0.007791382003827363,0.006201119829445901,3.639562851059216e-09
1227,0.0146401231141513,0.0006071851349364103,0.007551438541201998,0.0064814959052039,3.5328089917092386e-09
1228,0.014669766275020122,0.0006986159912038281,0.007853337309621882,0.006117809045507485,3.928686926593152e-09
1229,0.01458715731845242,0.000589797280706608,0.007571718800527259,0.006425637597668521,3.63955003212577e-09
1230,0.014538714279345265,0.000560290171460319,0.0076918516730374465,0.006286568810022223,3.6248252741568477e-09
1231,0.014571128521796753,0.0005948803288161681,0.00777977778842578,0.006196466549978367,3.854576438411993e-09
1232,0.014631379868200334,0.0006269474273104981,0.007507781030205257,0.006496647786439069,3.6242455120041215e-09
1233,0.014632155296861472,0.0006904001594210806,0.007842497193816994,0.006099254247445009,3.6961783876705043e-09
1234,0.014547425149515628,0.0005459381241108676,0.0076015545529293325,0.006399928620710741,3.85176468730403e-09
1235,0.014516390204951428,0.0005691891058966148,0.007613977982836945,0.006333219098098133,4.018119733979589e-09
1236,0.014568772849209889,0.0006341020811173917,0.007789577423667331,0.006145089425912512,3.918512655555425e-09
1237,0.014623565109559642,0.0005965876108586546,0.007535842999776502,0.006491130820567958,3.6783565276923486e-09
1238,0.014575853618667207,0.0006627369839110729,0.007791874541870169,0.006121238050874613,4.042011352571278e-09
1239,0.014499721036357702,0.0005657577712549839,0.007589765495666418,0.0063441936258277045,4.143608595173246e-09
1240,0.014509824488443375,0.000528698445349157,0.007597460843919072,0.006383661290164803,3.909010342960976e-09
1241,0.014582691616141176,0.0006720894072937059,0.007808412834968016,0.006102185543755833,3.8301236218690845e-09
1242,0.014585536136337158,0.0006330335560788651,0.007467912029721199,0.006484586608034795,3.942502301158465e-09
1243,0.014520600451006805,0.0005920032710504155,0.0077503958510952604,0.006178197151486853,4.177374274429864e-09
1244,0.01446996596627905,0.0005518078869399859,0.0076471818003726,0.00627097259410958,3.6848568824025885e-09
1245,0.014505725366050803,0.0005702054072208825,0.007525668283070493,0.006409847949229808,3.7265296174783e-09
1246,0.014585784343013636,0.0006838696508417025,0.007804200931238953,0.006097709536962458,4.223970524880331e-09
1247,0.014538619925985033,0.0006017605765803072,0.007492771422830334,0.006444084129143269,3.797431120461427e-09
1248,0.014463949421619045,0.0005672225173473877,0.007703376278676024,0.006193346739084631,3.886511002966775e-09
1249,0.014455934187181243,0.0005388676261406931,0.007690588795406267,0.0062264734852062785,4.280428004342059e-09
1250,0.014513670561205476,0.0005917504688007154,0.007484636039431241,0.006437280015449298,4.037524221202534e-09
1251,0.014564475664674637,0.0007103803229929856,0.0078027114780614346,0.006051379932467011,3.93115320755716e-09
1252,0.014483909329237021,0.0005446687534225304,0.007530530673640103,0.006408705843907581,4.0582668072123545e-09
1253,0.014423215241890348,0.0005309184043932442,0.007629834451868173,0.006262457949313811,4.436315118925408e-09
1254,0.014453950852738788,0.000601727848751417,0.007703343151852638,0.006148875644945281,4.207189452771143e-09
1255,0.014519312036980855,0.0005958981616362483,0.007478123987670301,0.0064452858905893855,3.9970849203910765e-09
1256,0.014515785258579933,0.0006602856406790547,0.0077732302455670215,0.0060822647977002075,4.5746336489765736e-09
1257,0.014431563905922477,0.0005631099124474959,0.007510165197960644,0.006358284352369015,4.443145323174801e-09
1258,0.01439862185831133,0.0005062906954138396,0.007593167684954217,0.006299159102654256,4.375289017462446e-09
1259,0.0144610292451463,0.0005982855184441539,0.007746550276761642,0.006116188756957638,4.692982867681764e-09
1260,0.014507682723393544,0.0006419308226216627,0.007408675399241698,0.006457071932238843,4.569291339228878e-09
1261,0.014463169206751047,0.0006368285571068516,0.007733126018101407,0.006093210023968297,4.6075744906132394e-09
1262,0.014389808365952068,0.0004922232086471384,0.007583829386869212,0.006313751257129005,4.513306712723182e-09
1263,0.014387561302124229,0.000535754943072729,0.007515245661003482,0.006336555839111333,4.858936683647815e-09
1264,0.014468004276285409,0.0006693441927301447,0.007717118974396994,0.006081536001966579,5.107191692339817e-09
1265,0.014484546011167979,0.0005888095321282344,0.007439035409861044,0.0064566966148972525,4.454281449163835e-09
1266,0.014410986222974298,0.0005941882861724046,0.007697947943830066,0.006118845298128889,4.694842937633822e-09
1267,0.014351965857327948,0.0005354681681176175,0.007550482051770232,0.006266010289527565,5.347912535534527e-09
1268,0.014392905335402056,0.0005321310419900114,0.007470516955414874,0.0063902520425498,5.2954473705471994e-09
1269,0.014476538857688225,0.00067521496614388,0.0077535843912500445,0.006047734550644457,4.949649844597345e-09
1270,0.014434262483962278,0.0005927679612955616,0.007408669922444661,0.006432819654653349,4.9455687057627365e-09
1271,0.014357507859111196,0.0005487161507786522,0.007620344095906993,0.006188441908787429,5.70363812294347e-09
1272,0.014333544764066045,0.0005343879610510915,0.0076049155110803485,0.00619423598428066,5.307653944629789e-09
1273,0.014405299746474995,0.0005641949882366672,0.007428632041965722,0.006412467669527578,5.046745026960553e-09
1274,0.014459413674435588,0.0006750128057011403,0.007723101878049525,0.006061293203791166,5.786893755821051e-09
1275,0.014376213149625769,0.0005734825260149005,0.007409520020436249,0.00639320515072198,5.452452638497326e-09
1276,0.014309701121769774,0.0005151933527378051,0.007573274007467734,0.006221228301296271,5.460267965674389e-09
1277,0.01433903887813987,0.0005366352806917559,0.007651746565729088,0.006150651081540676,5.950178351398263e-09
1278,0.014410921900231076,0.0006059403028781523,0.007366964109885146,0.006438011785735808,5.7017319704643864e-09
1279,0.014410706745855635,0.0006684653180681261,0.007693585471219425,0.006048650309882373,5.646685711323437e-09
1280,0.014326942153277204,0.0005041278165094703,0.007477004125058159,0.006345804552000713,5.65970886294113e-09
1281,0.014282662046497896,0.0005128100201235993,0.00749274788345382,0.0062770978970341255,6.2458863510926166e-09
1282,0.014350886052840049,0.000611273549380846,0.007641993572891577,0.00609761236750008,6.563067544266929e-09
1283,0.014403929289061802,0.0005715168124491545,0.007387400189404909,0.006445006267883361,6.019324377986976e-09
1284,0.014356423358336916,0.000626384449665156,0.007657453488490086,0.00607257906168037,6.358501305951301e-09
1285,0.014275087262970053,0.0005361722927747126,0.007441803425079529,0.006297104867335667,6.67778014362282e-09
1286,0.014280240791279996,0.0004883673920001228,0.00745287143580905,0.006338995334368445,6.6291023773257855e-09
1287,0.014362190711615758,0.0006270934287379809,0.007670185374844809,0.006064905394710766,6.513322202532746e-09
1288,0.014370348936858644,0.0006123618885001124,0.00732412501973823,0.006433855335223499,6.693396804537548e-09
1289,0.014312216360691292,0.0005801591149636298,0.007606127632969941,0.006125922213248236,7.399509486609462e-09
1290,0.01423858814019914,0.0004923549979221553,0.007495600584498621,0.006250626167736727,6.3900416382375534e-09
1291,0.014278762847369052,0.0005285337133909139,0.007398838883929145,0.006351383758788705,6.491260287375082e-09
1292,0.014366822174774908,0.0006531503915032892,0.007650748783676419,0.006062915192428354,7.80716684781871e-09
1293,0.014335933407152125,0.0005789442806248946,0.00732912612443428,0.006427856126232326,6.875860623146909e-09
1294,0.014267531495998317,0.0005634871517650001,0.007580313157362335,0.006123724683501463,6.503369518487928e-09
1295,0.014216758914742052,0.0004809012274342017,0.007518142065959851,0.006217708284528469,7.336819530692391e-09
1296,0.014283591989106798,0.0005462502253861325,0.007352938919754985,0.006384395093093304,7.750872378716345e-09
1297,0.01435799221459033,0.0006890420463790218,0.007648117217693885,0.006020825603409335,7.347108088439138e-09
1298,0.014304925386608661,0.000542660395220199,0.007352650517090607,0.006409607684811225,6.789486629369955e-09
1299,0.014215094699845842,0.0005098504682397675,0.007522243969881441,0.00618299255325869,7.708465941989754e-09
1300,0.014213473614221565,0.0005542073576103388,0.007498549910985057,0.00616070840888976,7.936736409876582e-09
1301,0.014291466162834608,0.0005599983709774676,0.007328079856709454,0.006403380300618653,7.634529032672015e-09
1302,0.014340039082282314,0.0006394526355157797,0.007658569018442396,0.006042008978275476,8.450048661942373e-09
1303,0.014245029080457309,0.0005461834372970475,0.007329530829575672,0.0063693068273372915,7.98624729779728e-09
1304,0.014170265114032235,0.0004887585418195981,0.0074358297045209985,0.0062456688635772585,8.004114379540785e-09
1305,0.014253348992285005,0.000573619905946657,0.007596515423684615,0.0060832056596095,8.003044232605627e-09
1306,0.014297028965812607,0.0005914132327619725,0.007281585626011182,0.006424022629570107,7.477469345458561e-09
1307,0.014235435354171823,0.00057781909747034,0.007569911143734138,0.006087697166568162,7.946399185108814e-09
1308,0.01415665562925605,0.0004639401006660402,0.0074625391122108,0.0062301680941007475,8.322278461856491e-09
1309,0.014207463467338912,0.0005206171963698092,0.00734051622817615,0.006346321499194262,8.543598690585723e-09
1310,0.014296165736076963,0.0006672801750434248,0.0076085007318901525,0.006020375545488048,9.2836553380847e-09
1311,0.014215338393592738,0.0005198685818189493,0.007321017554165565,0.006374442882127042,9.375481181077384e-09
1312,0.01413820346143649,0.00046491182637788277,0.007471464613861815,0.006201816733005721,1.028819107218752e-08
1313,0.014173530234046003,0.0005560286813777239,0.007509094400754957,0.0061083962176056,1.0934307721031412e-08
1314,0.014251562004957138,0.0005922363008005395,0.007242803657833694,0.006416511248301714,1.079802119137949e-08
1315,0.014242314370439163,0.0005988724560621744,0.0075933519832720895,0.006050078457754211,1.1473350687876241e-08
1316,0.014129802735991574,0.0004949559770911041,0.007354715848850452,0.006280119604218337,1.1305831681133287e-08
1317,0.014130543799661426,0.0005010482662157635,0.007332850440074387,0.00629663306316507,1.2030206206621245e-08
1318,0.014222508390697573,0.0006000152458614713,0.007573245362067927,0.006049235181159533,1.2601608641679585e-08
1319,0.014234535845831287,0.0005853675056772574,0.00725322596931587,0.006395931017656183,1.1353181976710443e-08
1320,0.014136262537488597,0.0005425275622571734,0.007495994169835775,0.006097728881727624,1.1923668023921709e-08
1321,0.014094087070769354,0.00048047811676369263,0.007415291651383717,0.006198304902118943,1.2400503002464229e-08
1322,0.014157711143255446,0.000530257814062733,0.007277837200807633,0.006349604350382436,1.1778002641989622e-08
1323,0.014234687732420917,0.0006545778765331637,0.007585031871999502,0.005995066250528099,1.1733360152912633e-08
1324,0.014154821648352668,0.0005236163967087699,0.007271547042557501,0.006359646781611058,1.1427475338842428e-08
1325,0.01406579061258134,0.00047339877953717595,0.007404018825768436,0.00618836116127037,1.1846005356815425e-08
1326,0.014115838048079303,0.0005581858588331015,0.007478534571285287,0.006079106216872639,1.1401088276086729e-08
1327,0.014184437480991158,0.0005658582414566289,0.007223009171123676,0.006395559396742724,1.0671668129874412e-08
1328,0.014176918697101543,0.0005899663692976058,0.007542412636982033,0.006044528153577088,1.1537244816435622e-08
1329,0.014064928947785767,0.0004941994182250713,0.007308139351921611,0.00626257882184588,1.1355793205534981e-08
1330,0.014061589971881587,0.0004907115262583373,0.007299035780111937,0.0062718311788613635,1.148664994895046e-08
1331,0.014161700463018798,0.0005847575664708785,0.007535544794910921,0.006041386386703814,1.1714933184886715e-08
1332,0.014158909531414039,0.0005476520695546482,0.007219256756435692,0.0063919900044098745,1.0701013823157858e-08
1333,0.014073687195572537,0.0005375300595292335,0.007449663510448536,0.006086482250622536,1.1374972232007888e-08
1334,0.014026419620114972,0.00047421660038403607,0.007371884841640883,0.006180306317390449,1.1860699603276148e-08
1335,0.014094591456175962,0.0004974975305228453,0.007240929968848035,0.0063561529615509165,1.0995254165928922e-08
1336,0.014171908975209186,0.0006285479288601107,0.007546536626749712,0.005996813550006204,1.0869593158819528e-08
1337,0.01407826152996106,0.0005067088927700848,0.007228046217977506,0.006343495180880982,1.123833248640571e-08
1338,0.014012107427652831,0.00045691745879991623,0.007358752626648319,0.0061964247508062885,1.2591398308112368e-08
1339,0.014038627710130347,0.0005066411227830848,0.007437795418135277,0.006094179056310323,1.211290166330208e-08
1340,0.014123594056121862,0.0005508962305398151,0.0071864599715549815,0.006386226670843879,1.1183183187209188e-08
1341,0.014120198505616707,0.0005766222333413728,0.0075048797225699465,0.006038683980850388,1.2568855000334649e-08
1342,0.014006666827504519,0.000462342592905316,0.007256362495248283,0.00628794941443989,1.2324911030824036e-08
1343,0.013992794272134335,0.0004743904865050725,0.007275334465396467,0.006243057304804174,1.2015428621715347e-08
1344,0.014071082071849206,0.0005425338663853833,0.0074767925687022774,0.006051742936421365,1.2700340180468549e-08
1345,0.01411109983811136,0.0005275149271917141,0.0071704444381052584,0.006413127956347353,1.2516467034578798e-08
1346,0.01404062548757277,0.0005601789404307662,0.0074219808649972656,0.006058452557215143,1.3124929593770298e-08
1347,0.01395781947437981,0.00047164769749603256,0.007266775799547455,0.006219383169262566,1.2808073755789003e-08
1348,0.014002624780083727,0.00044931871895955794,0.007221379855582966,0.006331913476704939,1.2728836264296615e-08
1349,0.014083076459292911,0.00058026642798017,0.007476208045917668,0.006026588442409032,1.3542986039180199e-08
1350,0.014071629889634134,0.0005699299656034734,0.007120050271086384,0.00638163652312038,1.312982389592952e-08
1351,0.013967683492049344,0.00047597293497312606,0.0073680715590235864,0.00612362552759601,1.347045662247338e-08
1352,0.01393772042247874,0.00043075973254390836,0.007324212825259738,0.006182735276980335,1.2587694757254365e-08
1353,0.01400739221015978,0.0005162945929416607,0.007148041174534149,0.006343043966934617,1.2475749354160378e-08
1354,0.014077587535568174,0.0006188009437322166,0.007452262340329195,0.006006509929716312,1.4321790450059255e-08
1355,0.014028934333829119,0.0004934991751915831,0.007155811067048062,0.006379610509043065,1.3582546408766471e-08
1356,0.013922681394808263,0.0004579206897440774,0.007326147911717874,0.006138599629256933,1.3164089379930433e-08
1357,0.0139272665125633,0.00048618422614172456,0.007316776561756933,0.006124292564564025,1.3160100616910916e-08
1358,0.014009152096413884,0.000501982297507503,0.007128871277944191,0.006378284533489029,1.3987473163152472e-08
1359,0.014063014749794146,0.0006009121669611931,0.007445327390676072,0.006016759814515344,1.537764153607994e-08
1360,0.013975464777031911,0.0005095421660511704,0.007122065554172133,0.006343843277096216,1.3779712391516046e-08
1361,0.013884552914198656,0.0004358037872000501,0.007265716572678543,0.0061830180378789085,1.4516441152630049e-08
1362,0.013931882056231257,0.00048153011988269576,0.007334722834204402,0.006115613011745575,1.609039858417523e-08
1363,0.014006314757391706,0.000531636625222842,0.007082876921455599,0.006391786417598678,1.4793114585860966e-08
1364,0.014031832551300553,0.0006157402693807774,0.007410075375386265,0.006006001796217904,1.5110315608805724e-08
1365,0.013916850916351947,0.0004556742165805986,0.007138090206409925,0.0063230708862496415,1.5607111781696413e-08
1366,0.013868470734437695,0.00041824228269281825,0.007213246250976542,0.006236966400458759,1.580030957584316e-08
1367,0.01394287180437225,0.0005404088227801161,0.007347519669530995,0.006054927942519168,1.536954197056327e-08
1368,0.014011159870757881,0.0005542022039029173,0.007052956150309171,0.006403986844687188,1.4671858604289906e-08
1369,0.013966109816390921,0.0005269095177905178,0.007386362781274179,0.006052821055067487,1.646225873900906e-08
1370,0.013854300334876963,0.00042916677090720225,0.0071702171629481875,0.006254899690206566,1.6710815005672415e-08
1371,0.01387868507545296,0.00047325866244892086,0.007115699374326744,0.0062897105126220616,1.652605523498538e-08
1372,0.013974199430623663,0.0005557500706013616,0.007389688005728647,0.006028745120678946,1.6233614707918093e-08
1373,0.013981838301507905,0.0005107203926433736,0.007073350694364797,0.006397751766102616,1.544839711704429e-08
1374,0.013887401405284496,0.000518299784553003,0.007281235157153336,0.006087848695307869,1.776827028807864e-08
1375,0.013821245477516632,0.00042637160602676066,0.00721394991736855,0.006180906413850462,1.7540270859281663e-08
1376,0.013912231837539086,0.0004492806748851531,0.007108306558774747,0.006354628206035056,1.639784412948885e-08
1377,0.013977154612740215,0.0006027116968199213,0.007367138095089868,0.006007287148140985,1.7672689440171427e-08
1378,0.013917301752340239,0.0005335446913195278,0.007031882861326648,0.006351856950083637,1.7249610425198767e-08
1379,0.013817850017870975,0.000411117395896177,0.007241821443890527,0.00616489339407475,1.7784009521289227e-08
1380,0.013830417491344615,0.0004254100022882372,0.007280969140198214,0.006124020592656736,1.7756201427756828e-08
1381,0.013929034511902834,0.0005347466505844678,0.007024790404020867,0.006369479858963754,1.759833374615148e-08
1382,0.01394570579660863,0.0005920920302809582,0.007346499788080381,0.006007094692268274,1.928597901619419e-08
1383,0.013854280823878629,0.00043922517165095334,0.007094873946224039,0.006320164214149441,1.749185419461867e-08
1384,0.013785364076155679,0.0004207918724434535,0.00716736694813344,0.006197188207320256,1.70482585293905e-08
1385,0.013846039998713087,0.0005029066486104667,0.007282522606533495,0.006060592209137342,1.8534431782877577e-08
1386,0.013929888240757379,0.0005068607932232208,0.007037146975425951,0.006385861631466654,1.8840641552452475e-08
1387,0.013899175340246109,0.000544854862866521,0.007339587039826885,0.006014714535195506,1.8902357197535416e-08
1388,0.013805617802059649,0.00046305007151986225,0.007086758549012615,0.006255792399893956,1.678163321524555e-08
1389,0.013767147755054302,0.00040381610903996487,0.007129532481692596,0.006233781303157741,1.7861164000857286e-08
1390,0.013867380035229913,0.0005130336554972194,0.007311297914949084,0.006043027975739699,2.0489043911709262e-08
1391,0.01391549811855323,0.0005493876700482416,0.006986041302095026,0.0063800504358631095,1.8710546853044097e-08
1392,0.013869327049147388,0.0005503940859044772,0.007306254659329475,0.006012660530288447,1.777362498925867e-08
1393,0.013760781065208344,0.00039309599383612954,0.007125721045028512,0.006241946596306877,1.74300368247285e-08
1394,0.013767671735841803,0.00042869596853932403,0.007077690532372928,0.0062612666232867405,1.8611642810388896e-08
1395,0.013878417611403706,0.0005885398361931506,0.007291981370587121,0.005997877135621726,1.9269001707984636e-08
1396,0.01390586343390559,0.0005293138278236454,0.006986928238145727,0.006389603537379952,1.7830556264192055e-08
1397,0.013816519254013566,0.0004855972170159592,0.0072781051794128734,0.006052797545744929,1.9311839803957037e-08
1398,0.013730814000379645,0.00043568177119765575,0.0071086069699340376,0.006186506228626538,1.9030621413469642e-08
1399,0.013780757459202892,0.00045543980785348227,0.007026383694264855,0.006298916142189602,1.7814894953856528e-08
1400,0.013903112825565299,0.000571046847943046,0.007338403316220176,0.0059936445567798985,1.810462217622185e-08
1401,0.013846778914609453,0.0004980609973940439,0.0069851865271026515,0.006363513502094012,1.7888018745111385e-08
1402,0.013743932507628369,0.00046838941945860684,0.007174436724597329,0.0061010867569305125,1.960664191979916e-08
1403,0.013717571303246894,0.0004069924839903699,0.007182910879435763,0.0061276495722827895,1.83675379724024e-08
1404,0.013813161429753308,0.00045308236383371494,0.007018893935439904,0.006341168382630704,1.674784898379687e-08
1405,0.013844424297249039,0.0005813679579439908,0.007263640114061386,0.005999397696550635,1.8528693025680283e-08
1406,0.013741751173037617,0.0004273605130637941,0.00704353102165365,0.0062708407682833195,1.887003685381485e-08
1407,0.013703296225709885,0.0003790516393545949,0.007105502582069812,0.006218721777529682,2.0226755794647504e-08
1408,0.01376783876375309,0.0004944588609995166,0.007229078283959344,0.006044282728113714,1.889068051698264e-08
1409,0.013822094306651794,0.0005063418680053423,0.006965069730448325,0.006350665444564736,1.7263633391043987e-08
1410,0.013777857818388521,0.0005023739498450842,0.007217657553273844,0.006057806139567525,2.0175702067140595e-08
1411,0.013680357377049474,0.000389039795054163,0.007075904354690427,0.006215394227292563,1.900001232056491e-08
1412,0.013705920848221581,0.0004248477235801586,0.007025128916646598,0.0062559257053839065,1.850261091797344e-08
1413,0.013793872079502065,0.00053102026414453,0.007232613215685248,0.006030218109477966,2.049019432116039e-08
1414,0.01380389897896029,0.0004786247235387325,0.0069650481227530835,0.00636020691349493,1.9219173543520433e-08
1415,0.013733795556887113,0.0005097854059973285,0.0071779572883757525,0.006046032759330775,2.010318325659935e-08
1416,0.013658761773226735,0.0004107471997662189,0.007043695106016389,0.00620429958602403,1.988142009705982e-08
1417,0.013694162470890643,0.00038799185243616513,0.007020948289798155,0.006285203737933929,1.859072239368772e-08
1418,0.013780299467930999,0.0005436359053145462,0.007229976213741575,0.006006668151410037,1.919746483998807e-08
1419,0.013805599315835948,0.0005490830944115059,0.006887735203582049,0.006368761091908772,1.992593362047734e-08
1420,0.013725653056057987,0.0004900469553591815,0.0071844455010983245,0.00605113909719592,2.1502404559413337e-08
1421,0.013648708489282395,0.0003710005473338703,0.0070650692113193945,0.006212619079635579,1.965099355124891e-08
1422,0.013659056661365942,0.00041383445286529363,0.0069800626196299025,0.006265138696238667,2.0892632077241668e-08
1423,0.013768274407884801,0.0005704116877936767,0.007180752791073117,0.00601708636611031,2.3562907697002108e-08
1424,0.01379606880909193,0.0005122786026443546,0.006908148989943897,0.0063756209541451035,2.026235857577106e-08
1425,0.013718201894836414,0.0004981806757855418,0.007190878988007254,0.0060291219041434824,2.0326900137410478e-08
1426,0.013626208928414735,0.0004026632447650785,0.007002230563190031,0.0062212934882684414,2.163219118457417e-08
1427,0.013645106609280852,0.00041212264533248543,0.006954166715829378,0.006278794894788636,2.2353330353738777e-08
1428,0.01377475787142688,0.0005760072796943041,0.007206883077306667,0.005991844818852014,2.2695573896455728e-08
1429,0.013777824648294279,0.0005230114000081377,0.006863732416348458,0.006391059462916006,2.1369021676124318e-08
1430,0.013670884648417312,0.00048065889178018764,0.007123575234429456,0.0060666280894966975,2.243271097099673e-08
1431,0.013596963865962812,0.00039116372765225435,0.007037483162132426,0.006168295547640575,2.1428537556165907e-08
1432,0.013667449864197222,0.00043731723370704737,0.006910794991773857,0.006319315681347619,2.1957368699302554e-08
1433,0.01379335861252721,0.0006197595128462085,0.007185039978368318,0.005988535430813539,2.3690499144648024e-08
1434,0.013712126066047312,0.0004781624172010126,0.006875037320144228,0.006358905769769355,2.0558932715579337e-08
1435,0.01359415053437111,0.0004026396479981538,0.007063440919469648,0.006128048728185883,2.1238717423195946e-08
1436,0.01360431221031876,0.0004450152059324869,0.00705816591228314,0.006101108740913118,2.2351190012787587e-08
1437,0.013724103604065039,0.0005132508747622914,0.006841114225071039,0.006369718087877911,2.041635379848421e-08
1438,0.013760972561603788,0.0005719052659660667,0.007204881842967598,0.005984164359104659,2.109356546343567e-08
1439,0.013599100156591062,0.000390019573070958,0.0069250770027995505,0.0062839817008112486,2.1879909305341668e-08
1440,0.013578614898364792,0.00042971511476919925,0.00692173644364284,0.006227139848527549,2.3491425204212614e-08
1441,0.013680388584004971,0.0005308222099832492,0.007139408368814498,0.006010135166858392,2.2838348831411546e-08
1442,0.013745707567526178,0.0005026002459433313,0.006858334184949263,0.006384752867756441,2.0268877143255193e-08
1443,0.013618437002158357,0.0004814050361989124,0.00708914404345111,0.00604786515256568,2.276994265412614e-08
1444,0.013543509348534953,0.00040437025513051115,0.006975369012705396,0.006163746429926632,2.3650772414159375e-08
1445,0.013641203264863766,0.00044696682614017,0.0068678103531063855,0.006326405156084648,2.0929532561485044e-08
1446,0.013741441269117138,0.0006060287134194934,0.007168454100852233,0.005966937112146481,2.1342698931675333e-08
1447,0.01363084802288772,0.00045936377432516585,0.006840971678164705,0.006330490036656895,2.253374095525641e-08
1448,0.013518846236051988,0.00037526793290465325,0.0069668705452097645,0.006176684691759542,2.3066178028177593e-08
1449,0.013610007410162047,0.0004828929955166465,0.007091367990969768,0.006035725360440365,2.106323526723406e-08
1450,0.013702477309572206,0.0005220933564098343,0.006799659648636814,0.006380704820099776,1.9484425780962945e-08
1451,0.01362767243679282,0.0005145748982955972,0.007091039904865981,0.0060220363040178575,2.1329613383167224e-08
1452,0.013516031719039368,0.0003758455280771909,0.006945732486460037,0.006194432429042948,2.1275459192408253e-08
1453,0.013566063583218158,0.00041054481038392657,0.006855518821855152,0.006299978551918502,2.13990605779754e-08
1454,0.013703489511264233,0.0006131143914319718,0.007112489756551515,0.005977864542800881,2.082047986585985e-08
1455,0.013622441510084966,0.0004650629763084113,0.006819509262100269,0.006337850995670673,1.8276005611385178e-08
1456,0.013503549340042085,0.0003696075422212996,0.006992287960335767,0.006141633200596802,2.0636888215611792e-08
1457,0.01353937491992318,0.00045781264796263503,0.007009188795124285,0.006072351626618259,2.1850218000246785e-08
1458,0.013649254017522566,0.0005075021260411787,0.006779076710402227,0.006362655903207402,1.9277871757760807e-08
1459,0.013658432388890052,0.0005332725275053708,0.007124945396657688,0.006000195282708976,1.9182018018107432e-08
1460,0.013488023122668426,0.00037398716386714684,0.006880891915520193,0.00623312502813197,1.9015149115922603e-08
1461,0.013518213098418705,0.0004317161778302604,0.00683786965914554,0.006248606858739686,2.04027032179954e-08
1462,0.013638397057750431,0.0005447358402756509,0.007108625202739984,0.005985016069857992,1.9944876804122865e-08
1463,0.013646578009754133,0.00048257894496019955,0.006812539524281053,0.006351442730612689,1.6809900192567366e-08
1464,0.013495809115070987,0.0004332605223086909,0.006990308686732616,0.006072221057488635,1.8848541046022782e-08
1465,0.013482202975349633,0.00041945834706878245,0.0069544377786380195,0.006108286176831545,2.0672811284890236e-08
1466,0.013597430148302888,0.0004692428541261311,0.00680465362071931,0.006323515399402208,1.8274055237726943e-08
1467,0.013652096487704768,0.0005702686059006206,0.007120700539403113,0.005961108392150607,1.8950250427616697e-08
1468,0.013522495384783083,0.00041838211399707547,0.0068236728012139765,0.006280420959298978,1.9510273053394504e-08
1469,0.013450551820342603,0.00039255671373625566,0.006878790414803527,0.00617918539401996,1.9297782859711212e-08
1470,0.01356948990148851,0.0005133066323189379,0.007058348183739459,0.005997815632787747,1.94526423646631e-08
1471,0.013629323817664121,0.0005054741287260671,0.006762998705702174,0.006360832662724942,1.8320510938701104e-08
1472,0.013548477351428436,0.0005052833182296705,0.007034416821525563,0.0060087585222331355,1.868944006610664e-08
1473,0.01342261009449017,0.00034400537208404704,0.006925733372835112,0.006152852301600274,1.9047970739343673e-08
1474,0.013531750922705005,0.00044130506217247617,0.006799889285460461,0.006290537340695991,1.9234376078345392e-08
1475,0.013645135764845035,0.0006432453248714978,0.007063836221094232,0.005938035393376643,1.8825502661862637e-08
1476,0.013554123269358818,0.00046315534684157427,0.006776946531109451,0.006314004420862971,1.697054481972895e-08
1477,0.01342764986532912,0.00032977350344912056,0.0069568266564658575,0.006141031182780968,1.8522633174069766e-08
1478,0.013485239402949755,0.0004632270070602137,0.00698746756388322,0.006034525378276454,1.9453729866821635e-08
1479,0.013615901076413651,0.0005746993345552065,0.00669457752186773,0.0063466065943617415,1.7625628974469056e-08
1480,0.013582698873554844,0.0005418223009806004,0.007057856552326468,0.005983002929957503,1.709029027404584e-08
1481,0.013427070300670549,0.00033891714783353144,0.006879222287475244,0.006208914507584459,1.635777731508386e-08
1482,0.013459496274008663,0.00041535055722309035,0.006785990656009833,0.006258136335480889,1.8725294851157123e-08
1483,0.013632722914449466,0.0006428938010292138,0.007036269798700884,0.005953538903052174,2.041166719491495e-08
1484,0.013548775689912411,0.00047271736771321073,0.006743027397210544,0.006333015220405755,1.5704582901217777e-08
1485,0.013418466570278037,0.0003836810257987062,0.00693283603463313,0.006101934927963625,1.4581882576512802e-08
1486,0.013445597855891238,0.00043744281347181147,0.006950280159754622,0.006057857992195802,1.6890469003362388e-08
1487,0.013571247793179092,0.000523882515797303,0.006702090436475755,0.006345257137054066,1.77038519676807e-08
1488,0.013564058661600641,0.0005554991339340796,0.007035692731633278,0.005972848983197214,1.7812836068948372e-08
1489,0.013387617333741712,0.00033667980819203326,0.006831809346259541,0.006219111875403545,1.6303886590653278e-08
1490,0.013441766442293376,0.0004175502362556959,0.006766598579742095,0.006257602411879245,1.521441634222736e-08
1491,0.013562233999343774,0.0005873165739747296,0.007017572244165823,0.0059573292069039375,1.597429928407658e-08
1492,0.013529568195553999,0.0004758275111427266,0.00672614538121866,0.006327578447715109,1.6855477503477295e-08
1493,0.013374305681940089,0.00036995751110733877,0.006897253075830449,0.006107077107774277,1.7987228024274867e-08
1494,0.013413913873609806,0.00041928176239762786,0.006928870198855441,0.006065745560434629,1.6351922108406825e-08
1495,0.01352158019403832,0.0004604714839554065,0.006722020499848313,0.006339073459027627,1.4751206972555071e-08
1496,0.013511968265980149,0.0005340459462024146,0.0069895172393423565,0.0059883889748745065,1.6105560871158895e-08
1497,0.013386826375863598,0.0004142483157796843,0.0067556869359824395,0.006216874725325542,1.6398775933203708e-08
1498,0.013365662617523963,0.00035101347742671677,0.006786028312825553,0.00622860458353684,1.6243734853486105e-08
1499,0.013504018718535318,0.00048484656276506495,0.0070157515486815045,0.0060034048434708664,1.5763617880973536e-08
1500,0.013488496974979117,0.00045927598282524034,0.00670177815663698,0.006327427998401937,1.483711496092387e-08
1501,0.013401056257129293,0.00045661754843600113,0.006890531356025858,0.006053891151954306,1.620071312638541e-08
1502,0.013336219159254228,0.00035866505008871647,0.006841011903326849,0.00613652654600523,1.5659833432481615e-08
1503,0.013412445205343895,0.00039473995552670796,0.006735202976897992,0.006282487611119983,1.4661799211270355e-08
1504,0.01349084984720501,0.0005208022831514053,0.006977781483098018,0.005992250484146864,1.5596808722280567e-08
1505,0.01341493272411933,0.0004174317555766591,0.006708976102748271,0.006288509590087475,1.527570692477759e-08
1506,0.01333747363088769,0.0003662984572143196,0.006858649927979824,0.006112510056859015,1.5188834531964512e-08
1507,0.01334061180166224,0.0003816644194375639,0.006877706876410791,0.006081225885026613,1.4620787273551991e-08
1508,0.013437812148152796,0.0004504019314100511,0.006686565626117167,0.006300830552535145,1.4038090433628122e-08
1509,0.013494756497138447,0.0005383143688375637,0.006980962586090661,0.00597546445221706,1.5089993163599483e-08
1510,0.013416686190613529,0.0004218585854905868,0.006703001139873023,0.006291811357720364,1.5107529553793275e-08
1511,0.013321710501899137,0.0003751829416989648,0.006847160823608803,0.006099350791787691,1.5944803677987847e-08
1512,0.013319398277716922,0.0003742226419501081,0.006859993560142701,0.006085167418114623,1.4657509490308843e-08
1513,0.013417102693499322,0.0004163859136740674,0.006709069875635234,0.006291633700470163,1.3203719858254248e-08
1514,0.013495492758656646,0.0005520509822782475,0.00698357031740072,0.005959857062707635,1.4396270043507077e-08
1515,0.013451192268145718,0.0004929063477234478,0.006648760110446119,0.006309511078868431,1.4731107719191868e-08
1516,0.01333335791117045,0.00038849853818816404,0.006881754976514836,0.006063089013217404,1.538325004466581e-08
1517,0.013292072667265255,0.0003376791623352973,0.006830483397284414,0.006123895979045113,1.4128600432023644e-08
1518,0.013369663440060957,0.0004132678226564094,0.006688792782726975,0.0062675893049309395,1.3529746631849444e-08
1519,0.013483402711525452,0.0005682386492977812,0.0069606098798815075,0.005954540033055167,1.4149290996590022e-08
1520,0.013471559358857299,0.0004935971540841106,0.006648921378213162,0.006329027344595447,1.348196457911723e-08
1521,0.013349731602392976,0.0004119217710778831,0.006904276960856659,0.006033518220888295,1.4649570138583718e-08
1522,0.013275873183687026,0.00034524279870488576,0.006799786208637917,0.006130830009654612,1.4166689610626247e-08
1523,0.013355298870415287,0.0003979323064799452,0.006691786700542636,0.006265566114765906,1.374862679892302e-08
1524,0.013484909040649659,0.0005821075495426346,0.006960434920936229,0.005942352478156575,1.4092014220748262e-08
1525,0.013452442551913746,0.0004984942720798025,0.006629552418508422,0.006324382584467103,1.327685841751193e-08
1526,0.013310544665067129,0.0003687632852647431,0.006884765079175735,0.0060570026804382905,1.362018836024285e-08
1527,0.013266780191441481,0.0003439506159439895,0.006824513489946306,0.006098302546125954,1.3539425231934219e-08
1528,0.013396968416215205,0.0004664580113532045,0.006632847415799441,0.006297649535234175,1.3453828384971001e-08
1529,0.013495272704340101,0.000599568289327064,0.0069626400590039345,0.005933050941889424,1.3414119678574472e-08
1530,0.01337567394913554,0.00040518105517629263,0.006670743236272085,0.006299736369912255,1.3287774908650622e-08
1531,0.013246777440377925,0.00033994009582685443,0.0067788653796696146,0.006127957539882011,1.4424999443362811e-08
1532,0.013328998573967991,0.000435446116296342,0.006868682998093059,0.006024855092446337,1.4367132253050014e-08
1533,0.0134532767671997,0.0004998577847941375,0.006609639637959919,0.006343767206396978,1.213804866593904e-08
1534,0.01341452050028983,0.0005156975004108552,0.006919452915814404,0.005979357429299031,1.2654765540546034e-08
1535,0.013249171355088844,0.0003475222595610081,0.006705337912449696,0.006196298175604042,1.300747409736261e-08
1536,0.013295885806318254,0.00035979806908758346,0.006678381598795551,0.0062576922262598585,1.3912175260220585e-08
1537,0.01344390298501469,0.0005710191365850402,0.00692071909149648,0.005952151285911016,1.3471022154283426e-08
1538,0.013416143025680444,0.0004829138854729681,0.0065974995014453554,0.006335717076753407,1.256200871243782e-08
1539,0.013242055616652204,0.00034390385274785703,0.006806554716387631,0.006091584683427995,1.2364088722420822e-08
1540,0.013262723681472246,0.0003795547840642648,0.006809545187361795,0.006073611004744928,1.2705301256992677e-08
1541,0.013406871188704964,0.0004878624053745504,0.006572534008387301,0.00634646213291566,1.2642027452444239e-08
1542,0.013422590547263559,0.0005533516789673847,0.006898429271182141,0.005970797260285902,1.2336828132171267e-08
1543,0.013247418366055736,0.0003318572836250329,0.006671018300896556,0.006244530818628067,1.196290608083539e-08
1544,0.013244771138041771,0.00035398998469716905,0.006650721762762191,0.006240046592535142,1.279804727037456e-08
1545,0.013395424157728757,0.0005552913358278276,0.006862818184679514,0.005977302323740927,1.231348048815521e-08
1546,0.013403044533039674,0.0004608418104396153,0.006580982486528896,0.006361209308800139,1.0927271022993048e-08
1547,0.013237419789673794,0.00036066332763185735,0.006792203503849122,0.006084541528360531,1.1429832283260166e-08
1548,0.013229610042423212,0.00040245639355212317,0.006723268551909711,0.0061038733875124354,1.1709448942907195e-08
1549,0.013348126204099661,0.00043584284987147314,0.0065694902981199566,0.006342781334362917,1.1721745313675486e-08
1550,0.013396303091759805,0.0005315291161017117,0.0068786763760972,0.005986086295523584,1.1304037307891826e-08
1551,0.013256551022040248,0.00038036865888339474,0.006605793335842266,0.006270378059813145,1.0967501443034342e-08
1552,0.013211211428014513,0.00032812132104615685,0.006667973986144715,0.006215104242541414,1.1878282227521134e-08
1553,0.013308475773898506,0.0004779700548395235,0.006801442013933619,0.006029052842610929,1.0862514434772283e-08
1554,0.0133511396581266,0.00046902133477642026,0.006534342004176519,0.006347766233658105,1.0085515553905726e-08
1555,0.013337863942780342,0.00047441330523779286,0.006808116717463999,0.006055322471693159,1.1448385390682434e-08
1556,0.013183460903560587,0.0003339551035815649,0.0066485381238094695,0.006200956741919468,1.0934250083627653e-08
1557,0.013229016072338706,0.0003711643562930856,0.006611042135565487,0.006246798667796109,1.0912684026007687e-08
1558,0.013353170298258237,0.0005081559766307813,0.006823148586632276,0.006021854315617169,1.1419378010353091e-08
1559,0.01335632375311397,0.0004854142990656811,0.006518152467503372,0.0063527471198823685,9.8666625487833e-09
1560,0.01326031830296879,0.0004408354553969465,0.0067741982442620354,0.0060452743721440575,1.0231165751843575e-08
1561,0.013159967680169535,0.0002997816372475117,0.0066792232526053374,0.006180951260484366,1.1529832319664028e-08
1562,0.013248321680239945,0.00038818253844828915,0.00656407304058161,0.006296054310030725,1.179117932026e-08
1563,0.01336603345665918,0.0005741092582355947,0.006815088547574239,0.005976824777532273,1.0873317072460839e-08
1564,0.01335329009965112,0.0004810172425506167,0.006519147934833186,0.006353115251804375,9.6704629413613e-09
1565,0.013216582170205124,0.00037562533655498395,0.0067539482712101065,0.006086997462124428,1.1100315605617378e-08
1566,0.013154524239369542,0.0003538515408386248,0.006662642589213247,0.006138018197255919,1.191206175275941e-08
1567,0.013270578902202465,0.00044309437266406865,0.0065280513542227084,0.006299421751430565,1.1423885123764651e-08
1568,0.013394771709739255,0.0005606627600727804,0.006853407166520248,0.005980690302338646,1.1480807580275852e-08
1569,0.013312493208665514,0.00043859424396130043,0.006526780255327302,0.006347108302054799,1.0407322111280605e-08
1570,0.01316292710912693,0.0003868952967248542,0.00667656397220747,0.006099457014827809,1.0825366795137246e-08
1571,0.013177780457252644,0.0003895824552036627,0.006710353302568132,0.006077832921677087,1.1777803761596654e-08
1572,0.013338219687945553,0.0004637254805868582,0.0065117231695594035,0.006362759444272268,1.1593527024475898e-08
1573,0.01337280910737981,0.0005806508651208387,0.006825839837181605,0.005966307176309377,1.1228767988732693e-08
1574,0.01322237640574385,0.0004108395445344485,0.006541610717917432,0.0062699159967402615,1.014655170669024e-08
1575,0.013122452035962014,0.0002942348262777847,0.006623304538816246,0.006204901878512474,1.0792355508938708e-08
1576,0.013280268575595002,0.00048157335526107897,0.006777628566061841,0.006021055097416208,1.1556855873382452e-08
1577,0.013348526261527584,0.0005348582210155491,0.00645856902275159,0.006355088319664038,1.069809640782423e-08
1578,0.013254642822174667,0.00047672087395787864,0.006758927325456628,0.006018983600385119,1.1022375042738802e-08
1579,0.013128083589285015,0.0002914101787815979,0.006639993689777904,0.006196669062439896,1.0658285617635191e-08
1580,0.013191577057156307,0.00036766216015602976,0.006538109658341321,0.006285794766102914,1.0472556042926701e-08
1581,0.013367960725237701,0.0006263738883431466,0.006786361467895178,0.005955214110265157,1.125873421890731e-08
1582,0.01326369819982681,0.00044853333154420977,0.006481724304610615,0.00633343014776645,1.0415905535214895e-08
1583,0.013127067123088806,0.0003116674263960291,0.006684216924667741,0.006131172748058711,1.0023966322904211e-08
1584,0.013156116566965225,0.0003756080100254308,0.006709962781744769,0.006070535430114163,1.0345080862367853e-08
1585,0.013307569815489875,0.0005101147573078232,0.006445914789416308,0.006351529432971841,1.0835793902852477e-08
1586,0.013310667105532024,0.0005474830624577449,0.006774781626142391,0.00598839132895233,1.1087979557707436e-08
1587,0.013128457269652305,0.0003186033977597001,0.0065624694382579495,0.006247374976699365,9.45693529285197e-09
1588,0.01312456434701041,0.0003373932161849989,0.006551131161583388,0.006236030502950559,9.466291464389329e-09
1589,0.013279426498351175,0.0005307250577374424,0.006757273620246957,0.0059914170859171325,1.0734449643259407e-08
1590,0.013285268864684611,0.00046495235128206667,0.006471139284349384,0.006349166654895511,1.0574157649912528e-08
1591,0.013139194008006762,0.000363630703397669,0.006702677815825764,0.006072874569884485,1.0918898843716301e-08
1592,0.013085735230722215,0.00033076237652041924,0.006629699257716581,0.0061252633691789545,1.0227306259996935e-08
1593,0.013225109907059978,0.00044315741140206065,0.006464943106768803,0.006317000346654432,9.042234683947915e-09
1594,0.013303730373630808,0.0005437616771799084,0.006783830279291169,0.005976128751043942,9.666115787380383e-09
1595,0.013164297830396014,0.000365018652428788,0.006504182149638382,0.006295086560047952,1.0468280892077157e-08
1596,0.013073687537784385,0.00032786500826730513,0.006581944132421962,0.006163867241612054,1.1155483063634513e-08
1597,0.013158244044725561,0.00041014968706124964,0.006712379392487167,0.006035704382738511,1.0582438633215602e-08
1598,0.013286331908754929,0.0004669722297573173,0.006459559205281966,0.006359791021538446,9.452177199652102e-09
1599,0.01320962333655413,0.0004891746880173006,0.0067201312595441655,0.006000307383786579,1.0005206085263133e-08
1600,0.013081399195817434,0.00034906992093964695,0.0065242223212743,0.0062080967110784546,1.0242525031170833e-08
1601,0.0130892786339233,0.0003041734151728402,0.006527423129773293,0.006257671974868415,1.0114108752712614e-08
1602,0.013243518265324801,0.0004925082782293199,0.006748875286879817,0.006002124674432688,1.002578297668189e-08
1603,0.013226973685965638,0.0004612232023571031,0.006427206705711706,0.006338533679429508,1.0098467320981511e-08
1604,0.013104320331385179,0.00038684243554008423,0.006638008469613516,0.0060794584225956905,1.1003635887854712e-08
1605,0.013061815090644104,0.0003242539848184177,0.006609150226933994,0.006128400705832738,1.0173058955045105e-08
1606,0.013146628841888013,0.00036726460374661126,0.006473884007797347,0.006305470467082773,9.763261281679731e-09
1607,0.013265519981289154,0.000553274132983874,0.006718835316526412,0.005993400031766597,1.0500012271043502e-08
1608,0.013159433890453232,0.000418798467876625,0.006440510756887794,0.006300114811368955,9.854319858691644e-09
1609,0.01305709360839259,0.0003137636665697959,0.00661444746479617,0.006128872089607865,1.038741876046314e-08
1610,0.013053026538375884,0.0003316661262892037,0.006617123224408546,0.006104226831606937,1.0356071198869709e-08
1611,0.013193410998978044,0.0004725894265382964,0.006409992281057371,0.006310819931282951,9.360099424343281e-09
1612,0.013248638496817287,0.0005380249196125289,0.006730268626886451,0.005980335240493106,9.70982520036974e-09
1613,0.01315234032404085,0.0003777278307770179,0.006465061778324946,0.006309541266423442,9.44851544418756e-09
1614,0.013028997682493675,0.00033806063164183915,0.006574863180945107,0.00611606393009319,9.939813539710241e-09
1615,0.013058334718884308,0.0003737986369981863,0.006609425333395635,0.006075100761458061,9.987032425338551e-09
1616,0.013192153198442934,0.0004301253718451621,0.0064293381740723335,0.006332680567164101,9.085361337988828e-09
1617,0.013250954501431654,0.0005626475107778178,0.006725519089323302,0.005962778398896448,9.502434083707962e-09
1618,0.01312296808327762,0.00041952995713884217,0.006418962112139929,0.0062844663565253915,9.657473456829299e-09
1619,0.01300611835174191,0.0003061586538359645,0.0065612069015728485,0.006138742994599737,9.801733359962647e-09
1620,0.013065287209236883,0.0003607080727583414,0.006645421843546009,0.006059148215891521,9.077041010873113e-09
1621,0.013176418229070024,0.00043981565162117507,0.006411481002887721,0.0063251123069937,9.267567427267063e-09
1622,0.013236364488225027,0.0005787152404817393,0.006687564967855264,0.005970073190900658,1.1088987365898508e-08
1623,0.013090905556433587,0.0004006775571270068,0.006426929562878117,0.006263288169170072,1.026725839149535e-08
1624,0.012992654814153461,0.0002726762391001206,0.006570536901709321,0.0061494317244186,9.948925419409267e-09
1625,0.013051577736102436,0.0003604168190302882,0.006635629950943696,0.006055521028164265,9.937964185974128e-09
1626,0.013186716059895525,0.0005032710872008237,0.006373991614311954,0.006309443653879369,9.70450338001294e-09
1627,0.013214690193935513,0.0005505697211382508,0.0067024323980386874,0.005961677379283581,1.0695474993222471e-08
1628,0.013072866897107321,0.00035009931004740234,0.006453257104496492,0.006269500618575014,9.863988413633756e-09
1629,0.0129803374058174,0.0003191718529519402,0.006527628372724438,0.006133527254222953,9.925918067782317e-09
1630,0.01306131616330923,0.00040739367919376637,0.006624159309208523,0.006029752283699025,1.0891207917073387e-08
1631,0.013192874053192078,0.0004717595384964494,0.006387957789366209,0.006333146471648927,1.0253680493549597e-08
1632,0.013199412155632619,0.0005506625861066021,0.006697148160059732,0.00595159129330619,1.0116160094051404e-08
1633,0.013030845902284083,0.0003577146202920829,0.006431595308617737,0.006241526229197587,9.744176677462099e-09
1634,0.012961747837745745,0.0002951054279539263,0.006485856258608117,0.006180776138549598,1.0012634105898616e-08
1635,0.01311171709731943,0.0004634418898757299,0.0066543505398572456,0.005993914459594521,1.0207991933536781e-08
1636,0.013201393129791185,0.0005019873453278121,0.006354298312177787,0.006345097649166138,9.82311944813884e-09
1637,0.01313557766842649,0.0005076407418157193,0.006641392202821661,0.005986534552938601,1.0170850509248995e-08
1638,0.012967007542998503,0.0003176037617773554,0.00646548316900214,0.006183911181081904,9.431137104036096e-09
1639,0.013008234990928784,0.0003153966838454188,0.00644443621006489,0.006248392201750861,9.895267614547013e-09
1640,0.013160637093861222,0.0005398678773280444,0.006653262059876791,0.005967496665915372,1.0490741013438277e-08
1641,0.013181457781561134,0.0005337163257840976,0.006327655586527101,0.00632007641108595,9.458163986235947e-09
1642,0.013033618015464786,0.0003648901322893347,0.00661111629668514,0.006057601507080436,1.00794098754821e-08
1643,0.01293475372314032,0.00028205747932695654,0.006528506288483609,0.0061241798410840076,1.0114245747411969e-08
1644,0.013088487909643457,0.00046011967926899293,0.006352176114257423,0.006276182076705577,1.0039411465508683e-08
1645,0.013220564056165335,0.0006058241799037527,0.0066659945268939215,0.005948734966604947,1.03827627146311e-08
1646,0.0130925448743195,0.0004036591477877838,0.00638463856052717,0.0063042380545441,9.111460448092738e-09
1647,0.012931822853109615,0.0003031257998849038,0.006511805223120702,0.00611688177432928,1.0055774729191583e-08
1648,0.013027634271574136,0.00042276674971473076,0.0065668357275451075,0.006038020105530309,1.1688783988359322e-08
1649,0.013157471569675408,0.0005015940276420227,0.006317174334305057,0.006338692939050941,1.0268677387333074e-08
1650,0.01315802335043878,0.0005462222407623849,0.006648549154171167,0.0059632423535312985,9.601973929134766e-09
1651,0.012940285419802657,0.00029451279032527585,0.006425900902254931,0.006219861687962435,1.0039260012999221e-08
1652,0.01296836004203834,0.0003474377632873165,0.006384565529857942,0.006236345580337093,1.1168555988066563e-08
1653,0.013158619475423692,0.000578653305903023,0.006627661987021814,0.005952292920248627,1.1262250228695131e-08
1654,0.013137269447204334,0.0004723246620776541,0.006326907814268888,0.006338026882499973,1.0088357818348824e-08
1655,0.012960053114624235,0.0003432507540603019,0.006538626904569051,0.006078164758563297,1.069743158380092e-08
1656,0.012936101411410996,0.0003609688675236033,0.006495739464010005,0.006079382048901095,1.1030976292794096e-08
1657,0.013099486123147805,0.0004652367701808882,0.0063129710711453315,0.00632126737541867,1.090640291388711e-08
1658,0.01317726240119399,0.0005621086377373592,0.006643355319601224,0.005971787166193186,1.1277662220568084e-08
1659,0.012965590024907365,0.00035602590362728627,0.0063632264724908195,0.006246327357024834,1.0291764425528732e-08
1660,0.012912325769551718,0.0003163212882371863,0.006398554703294603,0.006197439055036484,1.0722983443772508e-08
1661,0.013086529921187818,0.0004844820158312397,0.006604823783124604,0.005997212624990209,1.1497241765243103e-08
1662,0.013138277505965726,0.0005027767928935567,0.0062992175240263884,0.006336272679468688,1.0509577092692832e-08
1663,0.012968825906107918,0.00040645378728706565,0.0065335394260940495,0.006028821570582031,1.1122144771558144e-08
1664,0.012896293314606221,0.00030483187368796674,0.006459319001927931,0.0061321309024454955,1.153654482881369e-08
1665,0.013025836232566045,0.00039265933769779346,0.006328222248393104,0.006304943503101413,1.1143373734136463e-08
1666,0.013150411166468496,0.00058205600824076,0.006616307155660713,0.005952036392558367,1.1610008655352082e-08
1667,0.012998281904058514,0.0004077088302163505,0.0063096343485810735,0.0062809276418268585,1.1083434230462536e-08
1668,0.012865129563910354,0.00028926320030144156,0.006422885123806747,0.0061529704040724454,1.0835729720098115e-08
1669,0.01299210686784592,0.00041411223749719705,0.006550803498860955,0.006027179995832367,1.1135655400500992e-08
1670,0.013101679900099562,0.00047787101767726573,0.006273191289697315,0.0063506058051979305,1.1787527051350445e-08
1671,0.01303738169117112,0.0004950192062458938,0.006543623907118491,0.005998726037836299,1.253997043593028e-08
1672,0.012872178693665063,0.00031226488504610165,0.006378749195700373,0.006181153789362223,1.0823556366131046e-08
1673,0.012923382901701655,0.0003109170242256927,0.00635440730611708,0.006258048074899896,1.0496458987239253e-08
1674,0.013068270087437146,0.0005162244701757591,0.006567060698398906,0.0059849732331148375,1.1685747641727685e-08
1675,0.013071059114328992,0.0005060265639957648,0.006249123297389872,0.0063158977910282,1.146191515538762e-08
1676,0.012915593272592653,0.00034352901008874367,0.006500310755371709,0.006071742105995274,1.1401136926267818e-08
1677,0.01285558507682232,0.00028374615037462614,0.006446047264433852,0.006125781175906292,1.0486107550799573e-08
1678,0.012974480848688023,0.00041163793545954453,0.006282538933671799,0.006280293120053123,1.085950355607896e-08
1679,0.013115671892135788,0.0005775060350641717,0.006565676734563029,0.005972476611777349,1.2510731238976931e-08
1680,0.013002174730460702,0.000410824653421981,0.006286088608704794,0.0063052503801628605,1.108817106706584e-08
1681,0.012855316073947586,0.00030937498951513455,0.006453322099120382,0.006092608283363026,1.0701949043242811e-08
1682,0.012883633490693843,0.00034436348470059155,0.006456808953995477,0.006082449667965758,1.1384032016848632e-08
1683,0.013006830621718868,0.00044136726826704895,0.006256718980772802,0.0063087330523782115,1.1320300805142391e-08
1684,0.013114639842445762,0.000583164793698713,0.006577127655128661,0.005954335669952019,1.1723666369386384e-08
1685,0.012960069540244092,0.00038050623293354953,0.006283760428036071,0.006295791655941444,1.1223333028329958e-08
1686,0.012832246588826608,0.00031924011977120493,0.006394724594156425,0.006118270712204118,1.1162694859327801e-08
1687,0.012890946267712727,0.000379651108487183,0.006474199250238624,0.006037084642117699,1.1266869222227346e-08
1688,0.013060245520644,0.00046584556116631036,0.00625527256068695,0.006339115800025302,1.1598765437425113e-08
1689,0.013074237155628143,0.0005608886636302813,0.0065528128034147105,0.005960523006477273,1.2682105876935673e-08
1690,0.012907445843498757,0.0003839564571700387,0.006277230461204851,0.006246247173049929,1.1752073938835935e-08
1691,0.012821199830017456,0.0002681852146832419,0.006374643782030367,0.006178359526391824,1.1306912023649934e-08
1692,0.012940901582847487,0.0004275091065534197,0.006502326781942097,0.0060110543933770645,1.130097490548349e-08
1693,0.0130596476690415,0.0005270290266863052,0.006210376016629031,0.00632223110770806,1.1518018104604875e-08
1694,0.01303811125941056,0.0005202252000204526,0.006529226832675026,0.0059886469227746954,1.2303940386795615e-08
1695,0.012844780184778451,0.00029849609009270037,0.00633588591480334,0.006210387341706963,1.0838175449840167e-08
1696,0.012827050801465456,0.0002971388539974335,0.006329390427090529,0.006200510438180787,1.1082196707826245e-08
1697,0.013027899055329403,0.0005346745983138276,0.0065141791705521914,0.005979032809612801,1.2476850584807521e-08
1698,0.013057656025636558,0.0005251081723961333,0.006207338026055381,0.006325198362300077,1.1464884966570874e-08
1699,0.012945547104965685,0.00043165591237193026,0.006509832466414242,0.0060040470216834,1.1704496113497539e-08
1700,0.012797331934078745,0.0002555946817139984,0.0063767174611312856,0.006165007281767464,1.2509465997588985e-08
1701,0.012894801696277394,0.00039072396129660253,0.006261583615946087,0.006242481434319671,1.2684715034580609e-08
1702,0.013067959132704487,0.0005990389442961466,0.006537485595272958,0.005931422250780447,1.234235493419922e-08
1703,0.01303636580786825,0.00046611524983549075,0.0062451289185948946,0.006325110653073986,1.0986363877679426e-08
1704,0.012823566332970195,0.0003418273914668766,0.006423444130786275,0.00605828287789363,1.193282341274757e-08
1705,0.012820559286881037,0.00034501972578717245,0.006410555359173121,0.006064970944721188,1.3257199554693763e-08
1706,0.013011518358772027,0.0004580652418409059,0.006228544606629606,0.006324895656511763,1.285378975298074e-08
1707,0.013055403273117784,0.0005853734224290638,0.006528943276305792,0.005941074288593336,1.2285789592932573e-08
1708,0.012852165400862833,0.0003536297550095888,0.006268515834464605,0.0062300083527687625,1.145861987815954e-08
1709,0.012793011632605234,0.00028208009965169503,0.006317405067174561,0.00619351418175858,1.22840203968902e-08
1710,0.012973349473578125,0.0004923717407624764,0.0065024816956427605,0.00597848298301011,1.3054162777523865e-08
1711,0.013032218960315166,0.0005017187272791638,0.006203253765096281,0.0063272344555349936,1.2012404727254604e-08
1712,0.012860505267039921,0.0003833121036225266,0.006447520158521547,0.006029660731658025,1.227323782368547e-08
1713,0.012771055168800519,0.00028766554887109125,0.006371922924559344,0.006111454507718179,1.2187651905031225e-08
1714,0.012936665924641702,0.0004285172281836205,0.006224884307395542,0.006283252509515682,1.1879546858605137e-08
1715,0.013050549132451685,0.0005806277250556287,0.006528389477254769,0.00594151942589776,1.2504243527138557e-08
1716,0.012886293421816635,0.0003619941456221255,0.006248900903580126,0.006275386415163368,1.1957451017211331e-08
1717,0.012763912181910295,0.0002977027545260747,0.006321302333287652,0.006144895026340311,1.2067756255400853e-08
1718,0.012899127570230467,0.0004393334745013435,0.006463519199384084,0.005996262413036906,1.248330813340551e-08
1719,0.013036366470363924,0.00049913599924196,0.006196286021864488,0.006340932405189285,1.2044068190871224e-08
1720,0.01290247557333677,0.0004653910435057223,0.006447140812886433,0.005989931276491154,1.2440453459934164e-08
1721,0.012754703789932171,0.0002915140438856629,0.006314888256177402,0.006148289298983839,1.2190885265801642e-08
1722,0.012865253955358784,0.0003403912475877624,0.006243966305696665,0.006280883876151562,1.2525922794000483e-08
1723,0.013018795583221702,0.0005759386526158829,0.006484461676731805,0.005958381985506642,1.3268367371548348e-08
1724,0.01293187319286776,0.00046520479761725825,0.006171356218039688,0.006295300485258405,1.1691952409052871e-08
1725,0.012761159480378812,0.00028483134895191,0.006363510887505659,0.006112806068339405,1.1175581838854607e-08
1726,0.012792034430848911,0.0003226266160251525,0.006405379200543561,0.00606401687687921,1.1737400986083229e-08
1727,0.012974111462474132,0.0004983108190186248,0.00616155816892862,0.006314229889276074,1.2585250813021638e-08
1728,0.012973295661005605,0.0005362229403113363,0.0064664321516495,0.005970627402050642,1.3166994128304457e-08
1729,0.01278801883140425,0.0002922761621485487,0.006260761081073282,0.006234970457110215,1.1131072202315415e-08
1730,0.01275970918943773,0.0003039952625185457,0.006266700097781433,0.0061890030524608085,1.0776676942697494e-08
1731,0.012922776160842161,0.0004978454676142337,0.006442341143342477,0.005982577206417523,1.2343467926187306e-08
1732,0.012990715315952136,0.0004861307308112131,0.006162404803641133,0.006342167592902663,1.2188597127327329e-08
1733,0.012844689761318761,0.0004133212114138512,0.00641364055033496,0.006017715929790791,1.206977915919484e-08
1734,0.012715808681846082,0.0002745163731325427,0.0063036044781355355,0.0061376756677308,1.2162847203566472e-08
1735,0.012846674654979975,0.0003689471531761775,0.0061975022359350975,0.006280212704786998,1.2561081702798703e-08
1736,0.012989096845639612,0.0005718660728844425,0.006460048085262898,0.005957169959899299,1.2727592972414522e-08
1737,0.012904884409885303,0.00044146493178668457,0.006159990395627022,0.006303417372322469,1.1710149127120006e-08
1738,0.012746767756653654,0.00030384567955659363,0.006338346155699268,0.006104563177723112,1.2743674679948462e-08
1739,0.012737405823627963,0.00031347358049232525,0.006343358201406826,0.006080560593895754,1.3447833056740147e-08
1740,0.012929050385835859,0.0004708047603752105,0.006149029239615728,0.006309203698538249,1.2687306671687498e-08
1741,0.012987582403545812,0.0005619649729441106,0.006460685241396851,0.005964919445781732,1.2743423118718718e-08
1742,0.012815380729956798,0.0003643926550142805,0.006180419619242915,0.0062705567151897755,1.174050982712011e-08
1743,0.01270814166689312,0.0002999252611917838,0.006259932685634207,0.006148271817475031,1.1902592098738118e-08
1744,0.012833757093278787,0.00040716143228233077,0.006408869871863045,0.0060177129554774954,1.2833655916462417e-08
1745,0.0129826210485718,0.0004980571630189615,0.006136908140890511,0.006347643079528279,1.2665134049648754e-08
1746,0.012908770459358026,0.0005351569170101315,0.0064048996472842465,0.0059687011918056684,1.2703257978747234e-08
1747,0.012706411165774954,0.00028572715712102604,0.006236894048018721,0.0061837782472076675,1.1713427540623931e-08
1748,0.012766813289621592,0.0002975318660831367,0.006219879793558368,0.0062493893279422855,1.2302037802280926e-08
1749,0.012938898269658433,0.0005552400220209349,0.006416741137633264,0.005966903503480484,1.3606523750470381e-08
1750,0.01295249272064594,0.0005319151213157183,0.006098930781482491,0.006321634674369988,1.2143477742968678e-08
1751,0.012782591095961004,0.0003537852593417377,0.006369716280804428,0.006059077521602656,1.2034212180988291e-08
1752,0.012677410691053879,0.00025576104336069505,0.006300655131508026,0.006120981476916942,1.3039268215689536e-08
1753,0.012885131200168874,0.0004821464001836839,0.006115857327986724,0.006287113435351556,1.4036646908526836e-08
1754,0.012981869875976626,0.0006003039660497868,0.006431740066668647,0.005949811680657607,1.416260058514516e-08
1755,0.012856299472956464,0.0003905287353021042,0.006163149379749005,0.006302609255685256,1.2102220097732965e-08
1756,0.012676933316642991,0.0002903148984764537,0.006256142986093299,0.006130463004143479,1.2427929758333264e-08
1757,0.012804812428299167,0.00044470309526285757,0.006348594788451491,0.006011500597289642,1.3947295177966344e-08
1758,0.012967226251049178,0.0005107041763870274,0.006105421123021728,0.00635108775037303,1.3201267393187654e-08
1759,0.012869994422978925,0.0004816473839662993,0.006398772282987165,0.005989562138085065,1.261794039786708e-08
1760,0.01268715398465113,0.00031022403180494426,0.0062028430505664854,0.006174074505098313,1.2397181387553071e-08
1761,0.012745176626124587,0.0003400772202640199,0.00614967968524606,0.006255406397751756,1.3322862750912517e-08
1762,0.012944251547715974,0.0005520454952249374,0.006416757878560384,0.005975434508267575,1.366566307655991e-08
1763,0.012877333089368065,0.0004491308408736522,0.006114844292564637,0.00631334586931558,1.2086614195179071e-08
1764,0.012685044703188344,0.0003203840938428626,0.006282148274128394,0.0060824993890372155,1.2946179871794352e-08
1765,0.012707354671262328,0.0003374307061512344,0.00629598313173759,0.0060739267107979816,1.4122575522940081e-08
1766,0.01287124137978183,0.0004484181675412761,0.006105208793022267,0.006317600739447259,1.3679771028149238e-08
1767,0.012921279436150995,0.0005552710777192884,0.006402442859978754,0.005963551747248172,1.3751204778743286e-08
1768,0.01271520223574073,0.00031594177145132684,0.006152781339573883,0.006246466347874505,1.2776841015986863e-08
1769,0.012661621906310136,0.0002868471040456461,0.00618978208883606,0.0061849800453772025,1.2668051228310808e-08
1770,0.012818143786323951,0.00046802211118631445,0.006359201600998485,0.005990906665962082,1.3408177067808305e-08
1771,0.012918639974830746,0.0004960405787808349,0.006084964461074641,0.00633762093920666,1.3995768610192985e-08
1772,0.012786682026053217,0.0004291149387263456,0.006343928061036189,0.006013623673325749,1.535296493465413e-08
1773,0.01264097673136558,0.0002848350053567154,0.00620123837907455,0.006154889717588871,1.3629345442077971e-08
1774,0.012725993577335015,0.0003337839858453899,0.006136210500533288,0.0062559868138112465,1.2277145089849241e-08
1775,0.012915379123775985,0.0005534722510745785,0.006394815782361599,0.005967077689417802,1.3400922006216493e-08
1776,0.012847865568823598,0.00046483423201000123,0.006074318514352058,0.006308699042517703,1.3779943835541013e-08
1777,0.012660968854069353,0.0003255829686821404,0.006272613922490303,0.006062757667704908,1.4295192002650465e-08
1778,0.01265562381066787,0.0002834178005404249,0.0062865597198205414,0.006085632090586763,1.4199720141253535e-08
1779,0.012805143949281728,0.0004062179136473295,0.006099822761669702,0.006299088709929409,1.4564035286392014e-08
1780,0.012919665282463503,0.0006093047841309726,0.006368499794200757,0.005941844991101553,1.5713030218764608e-08
1781,0.012742334737716214,0.00036829785647961,0.006105838039182666,0.006268185200117668,1.364193626943087e-08
1782,0.01261886142999774,0.00025448030045407657,0.006235681575381307,0.006128686715517601,1.2838644756277702e-08
1783,0.012703298880869116,0.00037311784569178495,0.006307718669868082,0.006022448019752861,1.4345556386723413e-08
1784,0.012880152997739137,0.0005040156620982519,0.00605210658452871,0.0063240147293855764,1.602172659744585e-08
1785,0.012866834233461246,0.0005434449910093997,0.006362020554253738,0.005961352565065369,1.612313273839752e-08
1786,0.012674344455793851,0.00031855193696667046,0.006133568768149376,0.0062222105871164715,1.3163561332909743e-08
1787,0.012609155101183211,0.0002583158511718166,0.006171497851316776,0.006179328477167666,1.2921526952560796e-08
1788,0.012784845690012347,0.0004717416623016082,0.00632627503956055,0.0059868145379713905,1.4450178798577652e-08
1789,0.012894341769685527,0.0005269919023990315,0.006039804286210951,0.006327531273400347,1.4307675197382136e-08
1790,0.012786112447000845,0.00045372673046843644,0.0063438318624159384,0.005988538905261296,1.494885517424416e-08
1791,0.012600204656517268,0.0002628538250389039,0.006169386806516236,0.00616794916813493,1.4856827197952202e-08
1792,0.012671474529571581,0.00034887599158968103,0.006103295162745938,0.006219288367866848,1.500736911320068e-08
1793,0.012875686658521464,0.0005545375585846325,0.006369384342629116,0.005951749578837955,1.517846976020525e-08
1794,0.01284930163726181,0.0004697388501974883,0.006061265574750946,0.0063182835380157345,1.3674297641328709e-08
1795,0.012674059858760132,0.00038910499693828895,0.006259770587772438,0.0060251698111003565,1.4462949047635506e-08
1796,0.012607625381919424,0.00028667425055413034,0.00622596887795976,0.006094966657177302,1.5596228233168873e-08
1797,0.012760767749155745,0.0004045810374632806,0.006075203399408019,0.006280968147686448,1.5164597997717737e-08
1798,0.012898321043183099,0.0006137596589696533,0.0063563447919940275,0.00592820120054898,1.5391670436007537e-08
1799,0.012748998302018548,0.0004048915416170235,0.006072109254168474,0.006271982822202279,1.4684030771477822e-08
1800,0.012572445674114597,0.00026746681035913456,0.00619177661655863,0.0061131873419849585,1.4905211873111604e-08
1801,0.012687492322329179,0.00039367840500198795,0.006274600859724932,0.006019197756928422,1.530067383492156e-08
1802,0.01285409250867043,0.0004880485033959056,0.0060335570401639635,0.006332471592114079,1.5372996480956508e-08
1803,0.012824036367194874,0.0005468176575818292,0.0063098270164213014,0.005967375459086983,1.6234104760532528e-08
1804,0.012645193696495433,0.0003638560373123563,0.006099550102113262,0.006181773294933755,1.4262136059683782e-08
1805,0.01260061650450394,0.0002583745502911609,0.006142581102478764,0.0061996462065229295,1.4645211084710118e-08
1806,0.012770762498408347,0.00046203412577711225,0.006310575227604284,0.005998136448496661,1.669653028973257e-08
1807,0.012828420806056314,0.0005360606436165313,0.006009718332827822,0.006282626256778383,1.5572833576410238e-08
1808,0.012662770881646485,0.0003799239313219339,0.006262977986232212,0.006019854085789771,1.487830256834346e-08
1809,0.012589648308839168,0.00025699767809792137,0.006177124997370752,0.006155511601416422,1.4031954072541405e-08
1810,0.012646673949971909,0.0003472666833212788,0.006065327598989392,0.006234064996650391,1.4671010849434371e-08
1811,0.012835397828826393,0.0005923138646284159,0.006298530917668837,0.005944536617197345,1.6429331795895666e-08
1812,0.012762073648639733,0.000427692831168873,0.006034974248626132,0.00629939154898206,1.5019862668316867e-08
1813,0.012613397141253525,0.0003049224753248537,0.006242700585136133,0.006065758982221387,1.5098571152826896e-08
1814,0.012566167219025409,0.0003034047523372209,0.006190357650626322,0.006072389092256793,1.5723805074392296e-08
1815,0.012721767811156795,0.0004345308694876359,0.006019287199502688,0.0062679334069705266,1.6335195943508805e-08
1816,0.012868482800911194,0.0005867480534463383,0.006321264527854748,0.005960453567495972,1.6652114135256186e-08
1817,0.012725395686601491,0.00041057946411346386,0.006039535793631886,0.006275266212216886,1.4216639254549405e-08
1818,0.012563979753023181,0.0003086628438906477,0.006182800462031876,0.006072500945294509,1.5501806147060957e-08
1819,0.012594652103977423,0.0003296874148533632,0.006213067372728731,0.006051879319182937,1.799721239189816e-08
1820,0.012772804217956152,0.0004540120006801102,0.006020098281615798,0.006298676450258026,1.748540221688453e-08
1821,0.012853454081475006,0.0006049034694302181,0.0063263302017227815,0.005922203360848371,1.7049473634311235e-08
1822,0.012648552342638005,0.0003715864805614992,0.006042191227574663,0.0062347590324926755,1.5602009167822386e-08
1823,0.012548475561596361,0.00027308861814909257,0.006139894838231332,0.006135475820642432,1.6284573503479206e-08
1824,0.012626393884250511,0.00037245114021079164,0.0062484538642468565,0.006005472806778302,1.607301456069598e-08
1825,0.01282928631904813,0.0005391030127395946,0.006003371699083852,0.006286797007493215,1.4599731469247487e-08
1826,0.012788015264625812,0.0005318385778932729,0.006307283548974569,0.005948877079473672,1.6058284297133743e-08
1827,0.012595591343602289,0.00032363226062673696,0.006063732249903278,0.006208210910466901,1.592260537389385e-08
1828,0.012536001748044756,0.00029231939532418846,0.006092917783209607,0.006150748816924862,1.575258609830488e-08
1829,0.012740167467806294,0.0004943636108101792,0.006295720245065415,0.005950067573751378,1.6038179321624596e-08
1830,0.012842133787366442,0.0005300739635875959,0.005991782014038943,0.006320262484582129,1.5325157773955617e-08
1831,0.012682894117307674,0.00046209130019104805,0.006246700877175262,0.005974085615373659,1.6324567705325314e-08
1832,0.01251774733090909,0.0002896083134228725,0.006115295382337208,0.006112828366835851,1.5268313158687714e-08
1833,0.012626751213434888,0.0003385594288177052,0.006050439188909025,0.006237737435736712,1.5159971446572167e-08
1834,0.01282996497360569,0.0005887572733350604,0.006309002785443469,0.005932187550857807,1.736396935520049e-08
1835,0.012732468849665364,0.0004908642514952698,0.005976908737448964,0.0062646790311132175,1.6829607914337348e-08
1836,0.012521609697426059,0.00029287512850774015,0.00617210803845664,0.006056609986817837,1.6543643842434718e-08
1837,0.01255068760046766,0.00029604313193112587,0.006206224379031416,0.006048404303664856,1.5785840261818567e-08
1838,0.012726086867892417,0.00046349211899709454,0.005987044645474312,0.006275534325176033,1.577824497565095e-08
1839,0.012794829912491684,0.0005997696029824869,0.006269917592929828,0.0059251247832930445,1.7933286324397066e-08
1840,0.012570880196672227,0.00032027470546351194,0.006030387839557379,0.006220201461718692,1.6189932644499173e-08
1841,0.012496077630806193,0.00024919577067962826,0.006104938277665089,0.006141928419011207,1.5163450269280402e-08
1842,0.012651025790049824,0.0004465562725221933,0.00624112257325008,0.005963330593911127,1.635036642414816e-08
1843,0.012784641430512594,0.0005374118300264993,0.005949265123092985,0.0062979475740954135,1.6903297696073823e-08
1844,0.0126604736853897,0.00044414193411300743,0.006238634709837004,0.005977679811920709,1.72295189802529e-08
1845,0.012486579082993809,0.0002636710496897815,0.006090288992995889,0.006132604360514682,1.4679793456281516e-08
1846,0.012551417562724657,0.00032631202933218435,0.0060197818010719415,0.006205309012318456,1.4720002075731081e-08
1847,0.012767769362642817,0.0005703703530321354,0.00625653283125588,0.005940848759547834,1.741880696806897e-08
1848,0.012723384258236848,0.00048329236024130144,0.00596017531958994,0.006279899944041189,1.6634364414707618e-08
1849,0.012524422850747645,0.00031856337866355316,0.006184924937705677,0.006020918079525969,1.6454852446018837e-08
1850,0.012475994764432854,0.000268055948271426,0.006134903969128677,0.006073018575236032,1.627179671961662e-08
1851,0.012645934959506886,0.0004311620538423583,0.005959081866295019,0.006255674681661969,1.6357707540462676e-08
1852,0.012780606064485011,0.0006029107125737963,0.006262460136545913,0.005915217885387437,1.732997786402684e-08
1853,0.012620283809113763,0.0003824784430441705,0.005987168124533349,0.006250621576044826,1.566549141837756e-08
1854,0.012447672683297127,0.00025420943876441275,0.006104170667552423,0.006089276330992958,1.6245987332477585e-08
1855,0.012540982676189185,0.00037813899857227216,0.006163105323634098,0.00599972123899256,1.7114990256409825e-08
1856,0.012711824314612489,0.0004829770044653161,0.005942524547217457,0.006286306188848934,1.65740807818161e-08
1857,0.012736649004601204,0.0005469528687544047,0.006247739894666439,0.005941938691279422,1.754990093912192e-08
1858,0.01250735643474056,0.0003312233721236787,0.005990531474615709,0.006185585384171082,1.6203830090449433e-08
1859,0.012445008918577416,0.0002624571984069871,0.006037887223078894,0.0061446483831870125,1.611390452359476e-08
1860,0.012623333700744295,0.0004332441667495253,0.006216980744621732,0.005973092201734759,1.6587638279032707e-08
1861,0.012735298396932491,0.0005267821909856804,0.005926381121881526,0.006282119309217376,1.5774847909450674e-08
1862,0.012627188656354362,0.0004811577684325258,0.006193585026818741,0.005952428516517285,1.734458581167346e-08
1863,0.012434249992502065,0.00025303258704847335,0.006036080834668217,0.006145120126029008,1.6444756365978896e-08
1864,0.012490193919383712,0.00030074418967280907,0.006008359085502063,0.006181074503809015,1.6140399824721516e-08
1865,0.01268690615526633,0.0005331665842087548,0.006224660129738553,0.005929061711899161,1.7729419861104663e-08
1866,0.012725790798792451,0.0005338189242108087,0.005905020745426604,0.0062869346503555855,1.647879945337596e-08
1867,0.012522218990173282,0.0003775418203096491,0.0061643611912613845,0.005980299769466297,1.620913595021634e-08
1868,0.01241059206037864,0.00024401492956790718,0.006082959854019042,0.006083601121050281,1.6155741410320464e-08
1869,0.012558788151884229,0.0003758987904936088,0.005948437348841515,0.006234434682369292,1.7330179814617672e-08
1870,0.012741914733819979,0.0006215537056167623,0.006215658995535356,0.005904683621988861,1.8410679000292563e-08
1871,0.012634932218554992,0.00046015417727687455,0.005920721427681721,0.006254040564821106,1.6048775289126985e-08
1872,0.012436437789604604,0.0002699642532951013,0.006108615785536964,0.006057840701439654,1.7049332885433126e-08
1873,0.01245282675822115,0.0003294494861051415,0.006106875345319152,0.006016484252016562,1.7674780294652667e-08
1874,0.012632580264054743,0.00046389167067244355,0.005911553860891962,0.006257118278135385,1.6454354951428037e-08
1875,0.012744020121515548,0.0005999097327143571,0.006219101691554856,0.005924991515483709,1.718176262625187e-08
1876,0.012512192648797894,0.00037651279145867086,0.005940452967315595,0.0061952099804146385,1.690960898902248e-08
1877,0.012388127961025484,0.00025286925429417265,0.00602670020366424,0.006108540100133728,1.840293334370589e-08
1878,0.012552595882287198,0.0004006502538292369,0.006168425184100647,0.0059835024068516495,1.8037505663698496e-08
1879,0.012684245400036515,0.0005264246558881832,0.0058931128565950395,0.00626469228851684,1.5599036450843938e-08
1880,0.012610675400480664,0.000523081416304174,0.006161931030119113,0.005925645720707297,1.7233350080228938e-08
1881,0.012414903894232979,0.000266154199129954,0.005991692556557476,0.006157039423646903,1.771489864776153e-08
1882,0.012426102500508164,0.0002771728941541729,0.005988918032588818,0.006159994174379646,1.7399385525400968e-08
1883,0.012619085381284888,0.0005194786232214237,0.006177609978589081,0.005921979032370766,1.7747103617132317e-08
1884,0.012694604782709833,0.0005454889123326636,0.005866044945067223,0.006283054497309742,1.6428000202843093e-08
1885,0.012489807444949902,0.00039159225175220243,0.006127556936822556,0.005970641406206227,1.6850168917029162e-08
1886,0.012378947633807282,0.0002623602315289557,0.006038242475572902,0.006078327772116227,1.715458919739731e-08
1887,0.012502442662417325,0.00035365794378934746,0.005924583755071512,0.006224182622420818,1.8341135647763207e-08
1888,0.012680446563710476,0.0006010463195962488,0.006168587966439954,0.0059107935511249435,1.8726549327904154e-08
1889,0.012611243563326812,0.0004953170537282936,0.005876390109801473,0.006239520512064257,1.5887732786939626e-08
1890,0.01240451490141202,0.0002783617823920359,0.00608549825753413,0.0060406376901003395,1.7171385515677787e-08
1891,0.01238617927713208,0.00028615308853764394,0.006058290633941635,0.00604171698164793,1.8573004870952997e-08
1892,0.012575823961470141,0.00047358691032999125,0.005871590997726089,0.00623062888532624,1.7168087820840002e-08
1893,0.01270205648888941,0.0006101586007893451,0.00618346299451995,0.005908417491591202,1.7401988914851377e-08
1894,0.012508973160442863,0.0003774889247533193,0.005902318319851638,0.006229148441649154,1.747418875273413e-08
1895,0.012372366400368425,0.00030351772324769264,0.006009564206705251,0.006059265380508523,1.9089906958649626e-08
1896,0.01244060857041603,0.00035551387704351996,0.0061036259137011075,0.005981450693566558,1.808610484339091e-08
1897,0.012667599296891822,0.000517334072416065,0.005868589545225164,0.006281660055529391,1.5623721201920216e-08
1898,0.012628155739397805,0.0005823510468985315,0.006144385671347377,0.005901401677591184,1.7343560712543407e-08
1899,0.012407687646030034,0.0003355641643260212,0.005913102253641826,0.0061590026648371135,1.8563225072769634e-08
1900,0.012370952643053927,0.00025352386766603366,0.005961810957635443,0.0061555991065528155,1.8711199634734027e-08
1901,0.012558415240600043,0.0004862136687353964,0.006134802305870631,0.00593738131181291,1.7954181107069436e-08
1902,0.012629851548360245,0.0005410922894780314,0.005829673048204863,0.0062590689538576695,1.725681968124011e-08
1903,0.01250168116214656,0.00043970465026194847,0.006085735940314823,0.005976221108817684,1.946275210509589e-08
1904,0.012318849179661036,0.0002345734899060876,0.005991233552468907,0.006093023262483118,1.8874802922146762e-08
1905,0.012489524306853845,0.000402332296449255,0.005882344946880795,0.006204828438181175,1.8625342618356775e-08
1906,0.012646385525404081,0.0005987993578160865,0.006135701237865854,0.00591186384177488,2.108794726062639e-08
1907,0.012523249545379206,0.0004195584919106511,0.005860604393499483,0.006243065886836661,2.0773132409656347e-08
1908,0.012356894215435163,0.0003059537685856436,0.006009190161974333,0.006041730216704913,2.006817027505184e-08
1909,0.01238539045303005,0.00033526296435386235,0.006062230100986375,0.005987878296235307,1.909145450519692e-08
1910,0.012616313662073435,0.0005111975809578965,0.005836464865499331,0.006268632730239873,1.8485376334653725e-08
1911,0.01256256146223828,0.0005372678625224647,0.006106122449005486,0.0059191512774945465,1.987321578371665e-08
1912,0.012388282860225515,0.0003262029958715934,0.005904741284256651,0.006157319465891364,1.9114205906422455e-08
1913,0.01233016476244039,0.0002489367429231636,0.005933418771254369,0.006147790356978629,1.8891284227326995e-08
1914,0.012507320335213647,0.0004786567066580316,0.006078070441968172,0.00595057401991243,1.9166675013839232e-08
1915,0.012591756062825924,0.0005312867629723945,0.005809015844966904,0.006251434970211562,1.8484675064176664e-08
1916,0.012456709702051044,0.00040715522391555306,0.006083727017829359,0.005965807240674971,2.0219631161211033e-08
1917,0.012317675204000761,0.00024184202804943146,0.005945892098119476,0.006129920566021588,2.0511810265434322e-08
1918,0.012369474358684436,0.00033551911928630224,0.005861526577476741,0.00617240890619583,1.975572556397431e-08
1919,0.012555328200911082,0.0005562787604989663,0.006083162242193548,0.0059158675825929955,1.9615625573856227e-08
1920,0.012569385553494239,0.00047461546251300035,0.005822120904799788,0.006272629803358955,1.9382822496251628e-08
1921,0.012385149936616179,0.00035455145932726474,0.006037902733948084,0.005992673932810774,2.181053005566188e-08
1922,0.012298326721207084,0.00029066064974352557,0.005934703549892906,0.006072941257193994,2.1264376658569376e-08
1923,0.012388298996700907,0.0003390083713144375,0.00584555695139907,0.006203714360055991,1.9313931406748045e-08
1924,0.012591867601467967,0.0005647101987590578,0.00609793155249494,0.005929206018238205,1.9831975765503747e-08
1925,0.012516227048987366,0.0004713001727442038,0.005787781447899855,0.006257125081446133,2.0346897173956593e-08
1926,0.012355093206353146,0.00036313662683409446,0.005991789165023737,0.006000145045094479,2.2369400836237752e-08
1927,0.012266658235052049,0.00023378582837215594,0.005953873576136431,0.006078977526155499,2.1304387964076616e-08
1928,0.012407109492890575,0.00035603129395148753,0.005833948447079804,0.006217110268635633,1.9483223649177477e-08
1929,0.012572068877916861,0.0006042729040756538,0.0060680713199957595,0.005899704042648635,2.0611196813772784e-08
1930,0.012526593433504733,0.0004985106688726093,0.005772289936234206,0.00625577194277383,2.0885624088403328e-08
1931,0.012343443038863979,0.0003233294306071845,0.0060136184031162505,0.006006473472670412,2.1732470130513887e-08
1932,0.012258257390963381,0.0002492404189253156,0.005947331151086663,0.006061665304758042,2.0516193359793972e-08
1933,0.012401788267491652,0.00039596454755074195,0.00580310799322499,0.006202695514570649,2.021214527123178e-08
1934,0.012591550226098876,0.0006177276061427726,0.006074071927617461,0.005899728705536474,2.1986802168770484e-08
1935,0.012533075843486964,0.0004965425888895256,0.00578112187669101,0.006255390255058993,2.1122847435366743e-08
1936,0.012305646495848019,0.00032481454155757313,0.005991873387951519,0.00598893614185974,2.2424479187224636e-08
1937,0.012265569763188905,0.0002830280032188248,0.00593791395932827,0.006044605171581381,2.262906042866953e-08
1938,0.01240683550120922,0.00039534982714551953,0.0057978284913398175,0.006213635907295794,2.1275428087445532e-08
1939,0.012601356840761652,0.0006358950836067841,0.006084229529448495,0.0058812104297592755,2.1797947097911828e-08
1940,0.012470816543433336,0.00046132354262571875,0.005772718764607481,0.006236752955274787,2.128092534752459e-08
1941,0.012258371919029641,0.00030033980405359264,0.005945131291144898,0.006012878694842712,2.2128988437068903e-08
1942,0.012275301966800396,0.0003084195944544865,0.005972201924627759,0.005994658587570479,2.1860147670539745e-08
1943,0.012483511629931448,0.0004627780812902148,0.005779708276456268,0.006241003740042838,2.1532142127437536e-08
1944,0.012574806464718665,0.000638968981888517,0.006061473305788036,0.005874341172276678,2.3004765434694457e-08
1945,0.012359697469521438,0.0003949273157428314,0.005792577445732809,0.006172171203654469,2.1504391328334095e-08
1946,0.012219612555286195,0.00023010751757871343,0.005915206326041989,0.00607427636601986,2.2345645632322532e-08
1947,0.012345408755650765,0.0003854507113356791,0.006014820128785359,0.005945113543926947,2.4371602779258443e-08
1948,0.01254253169067854,0.0005738318556524826,0.005734978796706349,0.006233697181848753,2.3856470955306545e-08
1949,0.012464598299995874,0.0005275521146015212,0.00604281818161982,0.005894204154265337,2.3849509195600545e-08
1950,0.01224033193964809,0.00026009614796896187,0.0058640424555326115,0.006116171177984478,2.21581620403329e-08
1951,0.01225328095244152,0.00029952909521844113,0.005834623281254178,0.006119105341382798,2.323458610159786e-08
1952,0.012491881788825559,0.0005699729421462593,0.006039630495081151,0.005882252985977348,2.536562080004605e-08
1953,0.012505012853069254,0.0005190968801466968,0.00575138890118767,0.00623450448228829,2.2589446597002613e-08
1954,0.012310195814452371,0.0003863521634872516,0.005987783691501202,0.005936037639181011,2.2320282906600292e-08
1955,0.012195731311639063,0.0002646930146739214,0.00590791233662018,0.006023102166118542,2.3794226419588885e-08
1956,0.012367900305900934,0.0004112425686633692,0.005769603447725246,0.006187029310595395,2.4978916924953945e-08
1957,0.012545916444204752,0.0006294450236693998,0.006060703081271703,0.0058557429105593065,2.5428704341999287e-08
1958,0.012375197774372132,0.0004083504562617311,0.005774742140916907,0.006192082122716943,2.3054476551933175e-08
1959,0.012185943888850055,0.00027845924505684265,0.005893880447035059,0.00601358046630396,2.37304541940711e-08
1960,0.012276225570566188,0.000379536717007551,0.005966285244667205,0.005930378380592464,2.5228298969459088e-08
1961,0.012493091657963069,0.0005165698955876006,0.005744240236509553,0.00623225619586041,2.5330005505559338e-08
1962,0.012443836239167744,0.0005409305415727646,0.006025300714824624,0.005877578841795418,2.6140974938785234e-08
1963,0.012231392530239266,0.00033147620085940683,0.005800322916321561,0.0060995695642571575,2.3848801140389143e-08
1964,0.01219209022776536,0.00025823140520038213,0.005823437423207556,0.006110397310104304,2.4089253118008706e-08
1965,0.01240706204832674,0.0004994629317687845,0.006011527337396568,0.005896045476949742,2.630221164698645e-08
1966,0.012468039276997477,0.0005469681736373596,0.0057068369725889745,0.0062142085329706664,2.559780047654711e-08
1967,0.01228766340299334,0.0003971650469706235,0.0059581973824483075,0.005932275065210765,2.590836364607047e-08
1968,0.012148024295022859,0.00023344619683271343,0.0058740840267235165,0.006040469731996245,2.433947038510866e-08
1969,0.012293857689996976,0.0003796276277438948,0.005756916129897636,0.0061572888660769935,2.5066278451558886e-08
1970,0.012494974190616327,0.00062427175973008,0.00600940136615731,0.005861272692081159,2.8372647778514446e-08
1971,0.012365667328565534,0.00044291256966680765,0.005727556590261646,0.006195172291694126,2.5876942953995615e-08
1972,0.012179872166553717,0.0002932021996379448,0.005905700062061351,0.00598094451311218,2.5391742242189137e-08
1973,0.012185822049882401,0.00030458310462858,0.005914055053469623,0.005967157071915561,2.681986863663261e-08
1974,0.01238976601600777,0.00048791948623540986,0.005709073665654857,0.0061927459318940215,2.6932223481518733e-08
1975,0.012459602268793717,0.0005984780514624274,0.006011879305140832,0.005849217267541178,2.7644649277942596e-08
1976,0.012261750159346517,0.00034728729583735835,0.005761910580595363,0.00615252609165179,2.6191262006738405e-08
1977,0.012120825444349372,0.0002557525268997193,0.0058303687239414205,0.0060346770660945175,2.7127413714283818e-08
1978,0.012273518831452999,0.00042706034368087054,0.0059460676091981635,0.005900362897374325,2.7981199640209566e-08
1979,0.012456836103472296,0.0005356623494393194,0.005699965274667075,0.006221181940622197,2.6538743702296303e-08
1980,0.01236749464960202,0.0005204917419412187,0.005978952650618506,0.005868022437030017,2.7820012277623976e-08
1981,0.012157763351095495,0.00030320981352049156,0.005777009502500819,0.006077516913895494,2.7121178690422325e-08
1982,0.01215444031608107,0.0002640423866570769,0.0057839451694323375,0.006106425421858999,2.733813265628133e-08
1983,0.012364038909524823,0.0005143353602728361,0.005976018290641802,0.005873657477286627,2.7781323556804095e-08
1984,0.012424696330319299,0.0005586189487907261,0.005668263874323499,0.006197787289729121,2.6217475954125736e-08
1985,0.012261787262198147,0.0004180450535600683,0.00593082909456285,0.0059128847705607595,2.834351446720408e-08
1986,0.012097643219382961,0.0002311866032263154,0.005832081299613229,0.006034346883964846,2.8432578571268436e-08
1987,0.012225325020101605,0.0003588599745158922,0.005726315860836215,0.006140120399594494,2.8785155003524305e-08
1988,0.01245404743144992,0.000632553304298791,0.005975115484231537,0.005846349148523951,2.9494395640708526e-08
1989,0.01235536342474954,0.0004897387257660355,0.00568358717621952,0.006182011769745955,2.5753018028506164e-08
1990,0.012132496404711864,0.0002980157996478359,0.0058828233159520125,0.005951629401435733,2.7887676283443387e-08
1991,0.012131993328181536,0.000293882776724235,0.005869396171506867,0.005968682927912609,3.145203782655957e-08
1992,0.012321296579222193,0.0004644032604244183,0.005685743323674731,0.006171120347419632,2.964770341168623e-08
1993,0.012434924666695879,0.0006209115682146953,0.005986540576002939,0.005827444406371704,2.8116106540079e-08
1994,0.012251719729023091,0.0003985018650167154,0.0057094047357039825,0.006143786728494529,2.6399807866081116e-08
1995,0.012076322205606583,0.00027000803717040355,0.005807724161322555,0.00599856114230686,2.8864806763265315e-08
1996,0.012208861479533727,0.0003926659930921906,0.005921335495303886,0.0058948287894100984,3.120172755288641e-08
1997,0.012427404771596493,0.0005477773208114715,0.005671171006029467,0.006208426870674513,2.9574081041908517e-08
1998,0.012352683403344573,0.0005728469438305308,0.005946179567588321,0.005833627469462039,2.9422463680605306e-08
1999,0.01210514968952825,0.00030045876867195945,0.005745956204332565,0.00605870706721645,2.764930727470405e-08
2000,0.012133562291763104,0.0002832867902854113,0.005756909157889422,0.006093337356166012,2.8987422257009965e-08
2001,0.012327859858914174,0.0005356389338502828,0.005943081223510318,0.0058491079514557,3.175009787376563e-08
2002,0.01238889962523218,0.0005740096843938242,0.005634506922593817,0.0061803530764033,2.994184123947272e-08
2003,0.012206564614645796,0.00039853324699508624,0.0058949232098501414,0.005913079931865606,2.8225934960135523e-08
2004,0.012056017351161415,0.00024321992323869077,0.0058230285887121555,0.00598974231186312,2.6527347449224683e-08
2005,0.01224674309405111,0.00044190295067395605,0.005680768136140848,0.0061240435457523565,2.8461483949205282e-08
2006,0.012426297500382948,0.0006482215699737745,0.005951776107812204,0.00582626906870347,3.07538934994027e-08
2007,0.012235484330845656,0.00039991719222456554,0.005695039381269297,0.0061405028953730335,2.48619787583548e-08
2008,0.012061268115240189,0.00027611539299576756,0.005809370073111494,0.005975757723353053,2.4925779873369104e-08
2009,0.012187243960094225,0.0004233024827427132,0.005885969484275056,0.005877943162889826,2.8830186628563874e-08
2010,0.012386500705002508,0.0005554713512339636,0.005642857080519504,0.006188144724261122,2.7548987919634338e-08
2011,0.012280318314043578,0.000496705568707842,0.00594498135104717,0.005838605020764359,2.6373524206524274e-08
2012,0.012046493747703486,0.0002622603874206647,0.005766074037378103,0.006018133274987969,2.6047916748221646e-08
2013,0.012139212055157072,0.00035361519950692763,0.005693223437956441,0.00609234453732494,2.8880368763969925e-08
2014,0.01233629326950953,0.0005799222717028548,0.0059365316169462945,0.005819809697248503,2.968361187659043e-08
2015,0.012308721570470506,0.000500733445543689,0.005670547679934712,0.006137414987188607,2.5457803497652015e-08
2016,0.012061242124490487,0.00028182417386600137,0.0058522503258149556,0.005927139783155966,2.7841653564341095e-08
2017,0.012070587534640053,0.00030975788284080103,0.0058259921100485,0.005934805835547019,3.1706203734515626e-08
2018,0.012256325851581755,0.0004759707198246979,0.005656096497540281,0.006124227602821483,3.103139529373459e-08
2019,0.01236617789290691,0.0006073211311035338,0.0059611927533857086,0.005797633746971838,3.026144583211751e-08
2020,0.012146765244325753,0.0003511747720173906,0.005696011656695318,0.006099551317088396,2.7498524648766854e-08
2021,0.012025129082942008,0.00028044227840379616,0.005766497071689547,0.005978161949104836,2.778374382783424e-08
2022,0.012165785755500915,0.00042859110617654935,0.005898456224825388,0.005838709895329749,2.8529169230162514e-08
2023,0.012366642542975844,0.0005547101277220137,0.005649442639853459,0.006162461887645816,2.7887754554780563e-08
2024,0.012233437084815158,0.0004957527453318926,0.0059159879339960525,0.005821666032953238,3.037253397415416e-08
2025,0.012039950954616664,0.0003106749872511982,0.005729897454782308,0.005999349782064245,2.8730518913339192e-08
2026,0.012056383449149822,0.00028906305362143584,0.00571248029687622,0.006054812759929388,2.7338722778197384e-08
2027,0.012302508197666338,0.000546106451148788,0.005942104408070173,0.005814268470863677,2.8867583699908317e-08
2028,0.012278925087584538,0.0005149735979499421,0.005635220677272115,0.006128701489033368,2.93233291144431e-08
2029,0.012083567131473077,0.0003730298372208093,0.00583808375853814,0.005872421884036872,3.165167725402645e-08
2030,0.011987604188613131,0.00024627571042143566,0.005794758760886846,0.0059465402235200655,2.9493784782185845e-08
2031,0.012167418970757314,0.0003956793966262185,0.005679153860535851,0.006092557554113887,2.815948135733656e-08
2032,0.012318135018494608,0.0006048013781848122,0.005932337215810532,0.005780963676215153,3.2748284111191406e-08
2033,0.012215332008643666,0.0004727679613717325,0.005628841819564683,0.006113689275821893,3.2951885357692586e-08
2034,0.01198828885816601,0.00026985565491558,0.005806224071974046,0.00591217753327793,3.1597998453933025e-08
2035,0.012035047420733925,0.00030825323376359223,0.005846629357636595,0.005880133943699372,3.0885634366493486e-08
2036,0.012238803551482958,0.00048077784653186164,0.005631608106135677,0.0061263855173309,3.208148451868632e-08
2037,0.012318183973521798,0.0006304609386237044,0.00590819185328771,0.0057794974317809935,3.374982938889782e-08
2038,0.012106382011228337,0.0003857540467534659,0.0056572863209239585,0.006063312517266326,2.9126284586261963e-08
2039,0.011965605824101073,0.0002328427533961659,0.005763132284928796,0.005969600751463439,3.003431267147704e-08
2040,0.012089494852797778,0.00038726811929017704,0.005853403627890332,0.005848789607302371,3.349831489845069e-08
2041,0.012290936685129808,0.000571437667163834,0.005597046352527176,0.006122420820244834,3.184519396341653e-08
2042,0.012256493718848101,0.0005607864973330894,0.005904273470701384,0.005791402196628045,3.155418558140076e-08
2043,0.012013261797854368,0.00028739084862723733,0.0056947838403043575,0.006031056468584137,3.064033863662149e-08
2044,0.011981969179944279,0.00028899000221154533,0.005699370681851562,0.005993574728546556,3.376733461491329e-08
2045,0.012204834379662913,0.0005273802059300105,0.005875402752114388,0.005802015997922733,3.5423695781698e-08
2046,0.012307037717897958,0.0005667672486289382,0.005595869713345474,0.0061443708314322075,2.992449133731127e-08
2047,0.012135304246247347,0.000463377067789405,0.005862484595953325,0.0058094116016874295,3.098081718714789e-08
2048,0.011934476164333258,0.0002570550657693733,0.005718314373415342,0.005959071365911372,3.535923716952157e-08
2049,0.012074182083943215,0.0003711626373947499,0.00563460844145756,0.006068374905982447,3.609910845800984e-08
2050,0.012302620239938163,0.0006310774202061589,0.005911984069159624,0.005759525483925951,3.32666464307735e-08
2051,0.012201455594566498,0.00048727586676985035,0.005602012636335593,0.006112136649013967,3.044244708959587e-08
2052,0.011972269595012597,0.00030808607607434133,0.005766288195357823,0.005897860791149351,3.453243108174001e-08
2053,0.011982744187245629,0.0003321348422267253,0.005781491319540599,0.005869082729933532,3.529554477147357e-08
2054,0.012200324881555235,0.0004909865641974967,0.005596809238371816,0.006112496490132759,3.2588853162811383e-08
2055,0.012283601233626382,0.0006161092332015559,0.005884614833576413,0.005782843032203625,3.413464478794161e-08
2056,0.012020485142177403,0.0003565508506965383,0.005630662854162198,0.006033238430730371,3.300658829503206e-08
2057,0.011918393356783304,0.000254209470791334,0.005691090501548315,0.005973059460883833,3.392355982295971e-08
2058,0.012145740872338147,0.00047734249043004717,0.0058529054680283785,0.005815458397684695,3.451619502535079e-08
2059,0.012228896548926737,0.0005421775891139764,0.005572125921203148,0.006114561268474888,3.177013472415349e-08
2060,0.012093656318439724,0.00046964645805442436,0.005823098494267648,0.005800876924102403,3.444201524925634e-08
2061,0.01190105826208313,0.00023700115989187725,0.005704022778219536,0.005959998960694378,3.536327733946621e-08
2062,0.012014172330740244,0.0003362079764356608,0.005638348102830748,0.006039581792335157,3.44591386779938e-08
2063,0.012222402979072986,0.0006040381674602049,0.005866170655816405,0.005752158752753869,3.540304250738501e-08
2064,0.01218770136497184,0.0005208375979014807,0.005566024835534328,0.006100805633258303,3.329827772910166e-08
2065,0.011945646697981043,0.00029762436331021397,0.0057849408560199595,0.005863047227564141,3.4251086729482186e-08
2066,0.011924310804023196,0.0002877809219230232,0.005761057266428482,0.005875436694010384,3.5921661306905895e-08
2067,0.012117352499520317,0.0004656035699259067,0.00557319848388208,0.006078512772113284,3.7673599045644824e-08
2068,0.012252108497846765,0.00063796659156752,0.005861497842768707,0.005752606636164803,3.742734573585568e-08
2069,0.012079465369149507,0.0004209672267212968,0.005609925625983142,0.006048540100699464,3.2415745605608e-08
2070,0.011867888554863208,0.0002284158609559637,0.00572458302706834,0.005914853011051758,3.665578714489179e-08
2071,0.011998770224850094,0.00038792387287241956,0.005779443618421458,0.005831362722359192,4.001119702468095e-08
2072,0.012189143556597249,0.0005515292109082643,0.005554693681709374,0.006082886396717511,3.4267262099811314e-08
2073,0.012198930492989741,0.0005850994360764866,0.005866392020317217,0.005747404528825969,3.4507770066992074e-08
2074,0.011954817195335749,0.00030913882494959543,0.005630774040681571,0.006014867309302277,3.702040230641947e-08
2075,0.01189146926733656,0.00028170596213705415,0.005664645494124689,0.005945078262413762,3.95486610520798e-08
2076,0.012083214144577642,0.00048517221616028663,0.005832208395206478,0.005765795204257675,3.832895320198235e-08
2077,0.01225161943557718,0.000597178149307359,0.005546530375214965,0.006107876064611759,3.484644309682865e-08
2078,0.012067543131812283,0.0004891826103927534,0.005811642692780136,0.005766679660956351,3.8167683043470673e-08
2079,0.01186590927938625,0.0002675793401369571,0.005671542452415825,0.005926748493179134,3.8993654333501826e-08
2080,0.011976428408812084,0.0003339841725650902,0.005615723383728176,0.0060266825832818414,3.8269236975133054e-08
2081,0.012174677280653258,0.0005918124871996303,0.005842225932558323,0.0057406000807906825,3.87801046215027e-08
2082,0.01215805707537552,0.000560415990133166,0.005532616632435185,0.006064986888290656,3.756451651244286e-08
2083,0.011916913640971522,0.0003191764101786879,0.0057532486046884945,0.005844447411452683,4.121465165623895e-08
2084,0.011866989176178932,0.00025518410517859824,0.005733324681908668,0.0058784402365278056,4.0152563860900404e-08
2085,0.012058876367364421,0.0004591728052182943,0.005557871497348071,0.006041793505507815,3.855929024087512e-08
2086,0.012218511796570278,0.0006666738880015343,0.005819336928344961,0.00573245978980286,4.119042092315463e-08
2087,0.012019134774318537,0.00040388268949162796,0.005568850191407674,0.006046364302420973,3.7590998262853205e-08
2088,0.011854231315926639,0.00026157033750722386,0.005710832823827988,0.005881788971101773,3.918348965460863e-08
2089,0.01193631077961807,0.00036967783099020433,0.005759162275287957,0.005807427206982135,4.346635777357094e-08
2090,0.012158785269079283,0.0005617266984794683,0.005513433173065308,0.006083585253855804,4.014367870257552e-08
2091,0.01215274891115673,0.000598533346136378,0.005824076700022348,0.005730100117110159,3.8747887845206504e-08
2092,0.01188397334004802,0.000295577365958516,0.0056035578679317,0.005984798384526108,3.972163169640852e-08
2093,0.011856589533898907,0.0002778603315171842,0.005621948161036552,0.0059567363221799,4.471916527228981e-08
2094,0.012034469983017847,0.00048758910230777686,0.005789644209700563,0.005757192927420393,4.374358911465563e-08
2095,0.012182025819258152,0.0005876531571582175,0.005517105090666074,0.0060772285573264745,3.901410738563912e-08
2096,0.012033449409910989,0.0004803030389990879,0.005779484912979,0.005773616675420962,4.4782511938170884e-08
2097,0.011815943814168681,0.00026533581698007117,0.005627372228271458,0.0059231893228618646,4.64460552875873e-08
2098,0.011914092189477034,0.00034651213900716726,0.005581788469046218,0.005985748613484863,4.296793878513468e-08
2099,0.012167663692222424,0.0006101779488604097,0.005827565715741641,0.005729877246572658,4.278104771408649e-08
2100,0.012110035913061585,0.0005319374538377017,0.005511428705858865,0.0060666274797721124,4.227359290501618e-08
2101,0.011892106319914572,0.00037772934264845376,0.005717980935382571,0.0057963493043389795,4.673754456750709e-08
2102,0.011807072929707618,0.0002626848245385815,0.005699895074797026,0.005844446699294171,4.6331077838306166e-08
2103,0.012049269289805358,0.0004580818163738411,0.00554502943705757,0.006046114025529085,4.401084486294098e-08
2104,0.012158889920867333,0.000653791817145993,0.005808521131923688,0.0056965321445567865,4.4827240864618396e-08
2105,0.011926384562982206,0.0003835151193824407,0.005545513715517796,0.00599731233166369,4.339641828025525e-08
2106,0.011811349556839112,0.000254813587316166,0.0056487077182811075,0.005907783154320961,4.509692087746804e-08
2107,0.011947533529828826,0.0004276970140133316,0.005760253844871093,0.005759537323363799,4.534758060333059e-08
2108,0.012139777936275227,0.0005950781017947077,0.00548786933320828,0.006056786845146262,4.3656125976800195e-08
2109,0.012034694078163183,0.0005133328924169812,0.00577136104615826,0.005749952231829659,4.790775828106739e-08
2110,0.011784509882680538,0.00023548349702720984,0.005624524336694397,0.005924456022158794,4.602680013922024e-08
2111,0.011902027466806225,0.00037538536150199945,0.0055581185822162595,0.005968477543524827,4.597956313989837e-08
2112,0.012118598478488994,0.0006254960977292755,0.005783638702065455,0.005709413644507439,5.0034186824649714e-08
2113,0.012087244801549601,0.0005244697963575755,0.005504674961874013,0.00605805449395426,4.554936375308085e-08
2114,0.011825369733521692,0.00031696020084071323,0.005699430370551881,0.005808934211226362,4.49509027344473e-08
2115,0.011815374669276844,0.00031968200404061176,0.005690750377671454,0.00580489556875042,4.6718814358510596e-08
2116,0.012082125967211792,0.0005380579115720595,0.005487450884055558,0.006056570034582814,4.7137001360552674e-08
2117,0.012081978164257786,0.0005892914433937806,0.00577826750999147,0.005714370460636975,4.875023556227635e-08
2118,0.011873195314642874,0.00035880965029549906,0.005553953358064942,0.005960386895379215,4.5410903219065075e-08
2119,0.011762396983104367,0.00024672822459602227,0.005586157600635484,0.005929462468909979,4.868896288161244e-08
2120,0.011997131422408283,0.0005028236088046333,0.005736946629188153,0.005757308554508815,5.2629906682269956e-08
2121,0.012072283781334148,0.0005490695991426947,0.005474967058547192,0.006048198220122242,4.890352201858612e-08
2122,0.011903269756754067,0.0004253235048193966,0.0057187310651011245,0.005759162009754451,5.317707909495849e-08
2123,0.011757028346804532,0.0002534283089667259,0.005606914834909319,0.005896630224550724,5.497837776363779e-08
2124,0.01186113302550554,0.0003464017004470934,0.005522806995819404,0.005991872110439168,5.221879987376508e-08
2125,0.01208198531237061,0.000616305294012431,0.005764496326863007,0.005701132429583356,5.126191181623369e-08
2126,0.01199289987941163,0.00048345073144252104,0.005475040138693709,0.006034359486548705,4.952272669572005e-08
2127,0.01180295436793471,0.00032297358075360113,0.005654696609160668,0.005825228217871177,5.5960149262782936e-08
2128,0.011754943495781257,0.00027918019761756155,0.0056515260216423,0.005824181598547148,5.567797424747939e-08
2129,0.011976591985087569,0.00047343078658275135,0.005489494140980763,0.0060136159286200185,5.11289040357505e-08
2130,0.012111704752708957,0.0006505000783410412,0.005758938500730122,0.005702211263042101,5.4910595693261264e-08
2131,0.011906587602241425,0.00041266655032417226,0.0054881221007233635,0.006005743710187918,5.524100597145526e-08
2132,0.011741207322583231,0.0002771035335762635,0.005616028617661867,0.005848014704977848,6.046636725124967e-08
2133,0.011834791367608994,0.00037260225998344545,0.005699115875623071,0.005763010311548761,6.292045371664296e-08
2134,0.012084297822052135,0.0005803372129174544,0.00545136441767437,0.006052539359820579,5.683163973023072e-08
2135,0.01202257271638303,0.0005852626214763968,0.0057424376921464595,0.00569481508857667,5.7314183503502346e-08
2136,0.011785564382044308,0.0003152598387425025,0.0055442559576872755,0.005925990328740395,5.825687413360248e-08
2137,0.011740025275486095,0.00026395350442594593,0.00555397367082325,0.005922031275436597,6.682480030212162e-08
2138,0.011961661047231148,0.0005237657519052923,0.0057155341448818855,0.0057222933310732095,6.781937076129194e-08
2139,0.012062542299063917,0.0005848685027853038,0.00544935969150182,0.00602825927210138,5.483267541246688e-08
2140,0.01187147673889148,0.00043102228245390026,0.0057056947883184425,0.005734701989477604,5.767864153240546e-08
2141,0.0117136204415771,0.0002614784296578706,0.005575393219809794,0.005876683264219559,6.552788987700206e-08
2142,0.011816818418920561,0.0003522725515856726,0.005507140668719237,0.005957336314515092,6.88841005597397e-08
2143,0.012057001188494516,0.0006284706927644099,0.005760683028351619,0.0056677792598795185,6.820749896880818e-08
2144,0.01199740332455355,0.0005345205774429092,0.005449098383878617,0.0060137234947530635,6.086847896022919e-08
2145,0.011746562352641888,0.0003198510435274762,0.005645330687783303,0.005781316452016863,6.416931424555158e-08
2146,0.011733901172301931,0.0002947571206871232,0.005654241826613745,0.005784835151379975,6.707362108844591e-08
2147,0.011944167108004555,0.00048100610222371953,0.00546635376303554,0.005996738000415271,6.924233002446644e-08
2148,0.012093003404605143,0.0006881544757570207,0.0057357411426337546,0.005669033889999253,7.389621511597999e-08
2149,0.011828828443404098,0.00038329597733635466,0.005492562187069447,0.005952906455469068,6.38235292285993e-08
2150,0.011690652446253218,0.00025999103788876114,0.005595793794135861,0.005834802893298603,6.472092999390139e-08
2151,0.011856094622414872,0.0004439777224294538,0.005696606227125951,0.005715437737947049,7.293491241850774e-08
2152,0.012048185888457595,0.0005930921682935199,0.005433406034516695,0.006021616808701434,7.087694594613257e-08
2153,0.011931666535608494,0.0005302553857833927,0.005722891736750359,0.005678447125508483,7.22875662588986e-08
2154,0.011674715662450083,0.00025565396166057013,0.005552283134528699,0.005866708038757604,7.052750320911414e-08
2155,0.011767402047154466,0.0003400651075488172,0.00550238077703734,0.005924883620074489,7.254249381890411e-08
2156,0.01198281549594713,0.0005882951855634682,0.005736539296149437,0.005657905800950872,7.521328335361826e-08
2157,0.011982688597628305,0.0005421399200895031,0.005453468880350052,0.005987009807938134,6.998925061573369e-08
2158,0.011735569601730653,0.00033559961046564446,0.0056421954717625275,0.005757698520836732,7.599866574926116e-08
2159,0.011670996767070167,0.00027940038691981256,0.00560031146714856,0.005791211028549424,7.388445236966436e-08
2160,0.011899624234432363,0.000475485154044812,0.005464626051648345,0.005959444995963875,6.803277533182828e-08
2161,0.012024834796340138,0.0006365383574196015,0.0057442159458011505,0.00564400445074432,7.60423750666567e-08
2162,0.011829520648484325,0.00041741251564445957,0.005463589017180483,0.005948442181213101,7.693444628203675e-08
2163,0.011644400316203358,0.0002544050528761481,0.005579207564842378,0.005810710652688506,7.704579632577793e-08
2164,0.011796968919064081,0.0004084408857508565,0.005688638454743416,0.005699813782983014,7.579558679480973e-08
2165,0.012007799664785294,0.0005923763640901859,0.005417997417810213,0.005997352353117522,7.352976737130264e-08
2166,0.011913797142481223,0.0005569160150701037,0.005694155607769805,0.005662645170228762,8.034941255138453e-08
2167,0.011675084671495084,0.0002726326934641792,0.005538505646800536,0.005863870391504945,7.593972542546915e-08
2168,0.011685102323899407,0.0002873197531558839,0.005504036251485436,0.005893670596211104,7.572304698193403e-08
2169,0.011947202770453295,0.0006036998358477371,0.00568384592522807,0.005659576529879353,8.047949813493866e-08
2170,0.01195989697088636,0.000553135959218796,0.005426391542705179,0.005980293255588872,7.621337351235312e-08
2171,0.011753363854065902,0.0003708124769595767,0.005668368087425566,0.005714100769617741,8.252006301809606e-08
2172,0.011624443868054337,0.0002703926584570037,0.0055586535574257655,0.0057953152235909935,8.242858057419465e-08
2173,0.0118109748284952,0.00043938315088462544,0.005431947621116424,0.005939564698243973,7.935825017741896e-08
2174,0.012012610812075733,0.0006458173581524588,0.005734448241525256,0.005632260817689077,8.439470893944714e-08
2175,0.01183631096465461,0.00044163757878758176,0.005449224269981639,0.005945369508250208,7.960763518000307e-08
2176,0.011642666060860249,0.00030912433752231763,0.005565956829016911,0.005767502733353986,8.21609670357679e-08
2177,0.01168660247939027,0.0003380423605275572,0.005630813497283314,0.005717664678278709,8.194330069036721e-08
2178,0.011936243167218193,0.0005387313165234312,0.005437863638897122,0.0059595702505847725,7.796121286763027e-08
2179,0.011944187815216426,0.0006233683072746211,0.005691172458822594,0.005629559868670219,8.718044899049596e-08
2180,0.01172481251216757,0.00037005792101420877,0.005451084000689087,0.005903585978695904,8.461176836971208e-08
2181,0.011598064321568676,0.00023752515507831254,0.00553266604314138,0.005827790763136266,8.236021271714217e-08
2182,0.011821812049772267,0.0004875681946629717,0.005674922248129314,0.005659235381040608,8.622593937549289e-08
2183,0.01197239030026734,0.0006099091118757184,0.005381293163571472,0.005981100315198224,8.770962192554432e-08
2184,0.011829717855883482,0.0005196480297565868,0.005641080887257829,0.005668894712844472,9.422602459408063e-08
2185,0.01161556539059146,0.0002692658620242188,0.005519393204060757,0.005826822066987722,8.425751875991393e-08
2186,0.011681692189589326,0.00031517500955713173,0.005473735698573707,0.005892699331317384,8.215014110276208e-08
2187,0.011913635960392719,0.0006171567030278199,0.00564751201532619,0.005648877126683569,9.011535513922405e-08
2188,0.011917481956153443,0.0005847169272248655,0.005372387462761453,0.005960290976355392,8.658981173246729e-08
2189,0.011703316167783102,0.00036262005145024063,0.005634568549851318,0.005706037464005226,9.010247631729948e-08
2190,0.01157534217890611,0.0002448936814652256,0.005566636296034803,0.005763729177605254,8.302380082554182e-08
2191,0.011808283559158169,0.0004941500463728467,0.005396396037872122,0.00591765703841496,8.043649823995505e-08
2192,0.011962937319517782,0.0006653790874107384,0.005680887714333579,0.005616577788884119,9.272888934644025e-08
2193,0.011821674594735331,0.000459920977054623,0.0054447257585788665,0.00591694048161957,8.737748227299356e-08
2194,0.011597730542059197,0.0002988071545575319,0.005562966708765295,0.005735869586108472,8.709262789830827e-08
2195,0.011681210112746305,0.0003973988656884951,0.005583968568393675,0.005699752991020072,8.96876440637012e-08
2196,0.011862565609236068,0.0005256324176778677,0.005405855858051927,0.005930989881377859,8.74521284152751e-08
2197,0.011939160841112503,0.0006419752893962308,0.005703344461661147,0.005593745997978431,9.509207669546686e-08
2198,0.011644432248396747,0.00032215001695546426,0.005458727361098842,0.005863461580792208,9.328955023378083e-08
2199,0.011598169436497984,0.0003072603535105318,0.005480133131964338,0.00581068212127081,9.38297523023647e-08
2200,0.011733934345921657,0.00046531510459810947,0.005617031186862616,0.0056514960974929146,9.195696801618141e-08
2201,0.01191470195634526,0.0005793939215843804,0.005407484186489732,0.005927736486514159,8.736175698820495e-08
2202,0.01182550886550615,0.0005330564226288802,0.0056558556563919005,0.005636498619689259,9.816679611022973e-08
2203,0.011592446633964693,0.0003128637324383891,0.005453930160695809,0.005825560051742949,9.268908754378859e-08
2204,0.011590971209724469,0.0003069282598092281,0.005464202890421156,0.005819754570659749,8.548883433462771e-08
2205,0.011839949585573202,0.0005467526874865875,0.005685126978458188,0.005607981605059289,8.831456913635567e-08
2206,0.011870439355759972,0.0005546203399860103,0.005403560628792161,0.005912169208952269,8.91780295322052e-08
2207,0.011677847218562895,0.0004240920942185887,0.005602955671499325,0.0056507020729463535,9.737989862784544e-08
2208,0.011531672326723452,0.0002597509262246357,0.005524270843459832,0.0057475607308198175,8.982621916668997e-08
2209,0.011693510686854917,0.0003888353576060425,0.005451436519957506,0.005853153692409967,8.51168814002377e-08
2210,0.011887338819506498,0.0006232948878074436,0.005699401016527711,0.005564544382682343,9.853248900122756e-08
2211,0.01182043321683771,0.0005307071489420532,0.005400680712655039,0.005888942555946638,1.0279929397972764e-07
2212,0.011587591968898237,0.0003201210333037581,0.005585753747172691,0.0056816127663282265,1.0442209356180598e-07
2213,0.011557097606615914,0.0003007925899557982,0.00556397027581609,0.00569223949985725,9.524098677646536e-08
2214,0.011734694355730418,0.0004579312663004183,0.005411855184185292,0.005864810921104972,9.698413973581997e-08
2215,0.011936617103949537,0.0006785800974558579,0.005684758510451649,0.005573164085354895,1.1441068713509839e-07
2216,0.011744705204827347,0.00046271037322101786,0.005419841906105039,0.005862047713094331,1.0521240695864427e-07
2217,0.01153988452173128,0.00028772419425842814,0.0055736222443250345,0.005678434530234289,1.0355291352883605e-07
2218,0.011581830602651463,0.0003313358653587427,0.005590278297311734,0.005660109089871633,1.0735010935393821e-07
2219,0.011788035023989523,0.0005235825974370603,0.0053989105888927,0.005865437201704584,1.0463595517895632e-07
2220,0.011899475914838841,0.0006657458478965777,0.005705452460891966,0.0055281720731543745,1.0553289592450349e-07
2221,0.011693104334872924,0.0004123070139348874,0.00545468026126095,0.0058260203495448856,9.67101322018432e-08
2222,0.011492512591796454,0.00025237438160528056,0.005531333743694558,0.005708701875560003,1.0259093661300714e-07
2223,0.011626133341923724,0.00041295030681590204,0.0055834500336384785,0.005629626230844448,1.0677062489462455e-07
2224,0.011828706155811927,0.0005581423023106226,0.005387871418954123,0.005882592448645721,9.998590146107136e-08
2225,0.011863718655914362,0.0006201552379163192,0.0056856993418613515,0.005557759386284915,1.0468985177588698e-07
2226,0.011592358303031352,0.00035468732051170947,0.0054270134780305445,0.005810557303320581,1.0020116851702866e-07
2227,0.011492980579121124,0.00026728842795032196,0.005462566212686712,0.005763022861317023,1.0307716706759081e-07
2228,0.011687896062244392,0.00046559381751864055,0.005611752428114279,0.005610444897415653,1.0491919581938777e-07
2229,0.011857920272831233,0.0006044572796464527,0.005367806684394615,0.0058855544396258785,1.018691642866455e-07
2230,0.011756812552583484,0.0005418953675119126,0.005626932364523993,0.005587868040522995,1.1678002458523614e-07
2231,0.011504311550086957,0.00027344322523132486,0.005447069439931583,0.0057836901663241335,1.0871859991673191e-07
2232,0.011536942225210426,0.00031560998887588337,0.005441562901885356,0.005779667892402191,1.0144204699726214e-07
2233,0.011764047864731652,0.0005600184615015883,0.005634055748534902,0.00556986205938083,1.1159531433174474e-07
2234,0.01186642576540758,0.0006257771269848856,0.005352128117614805,0.005888410291738019,1.1022906986995053e-07
2235,0.011659017188724472,0.0004636508175097584,0.0056053083069176725,0.005589948581098668,1.0948319837273749e-07
2236,0.011458338726603635,0.00024150735300438266,0.005488240286895743,0.005728488737798957,1.0234890455097456e-07
2237,0.011590762760479807,0.00037285135587990036,0.00539215799026704,0.005825646241898696,1.0717243417059613e-07
2238,0.011836924594302557,0.0006621339203286841,0.005620094430596968,0.005554575618800899,1.206245760046188e-07
2239,0.011796360001954742,0.0005656338950685958,0.0053539711091961225,0.005876642627648097,1.1237004192642985e-07
2240,0.011542835692941733,0.00034016627802860224,0.005557805378874224,0.005644750165828164,1.1387021074291168e-07
2241,0.011478486148823961,0.000304850217247572,0.005488884260145988,0.005684640849495496,1.1082193490552645e-07
2242,0.011679284656780618,0.0004732481910976689,0.005348245086611616,0.005857681039141444,1.1033992988696564e-07
2243,0.011865841714601607,0.0006749353780864569,0.005639858050211247,0.005550929282933182,1.1900337072202771e-07
2244,0.011676339315547946,0.00047453309075660944,0.005365283015061492,0.005836411222627382,1.1198710246219443e-07
2245,0.011446198339001873,0.0002691464543802233,0.0054753033720392275,0.005701631413345357,1.1709923706589114e-07
2246,0.011533863373775972,0.0003588086694150836,0.005542725710562829,0.005632218088435744,1.1090536231540345e-07
2247,0.011779396932235254,0.0005792030432336271,0.00535269461691938,0.005847394864720726,1.0440736152102664e-07
2248,0.011804493424923776,0.0006384902641936811,0.005626209824553001,0.005539669391710209,1.2394446688515378e-07
2249,0.011546020077462133,0.0003566865748295976,0.005396109466707206,0.005793108142747235,1.1589317809361329e-07
2250,0.011451859915263735,0.00028487149202367367,0.005467622239092452,0.005699259136454727,1.0704769288402752e-07
2251,0.011616962402026644,0.00045489581259504326,0.005597100910165805,0.005564849054809398,1.1662445639701166e-07
2252,0.01182286547278422,0.0006306146544623716,0.005342736367484857,0.005849390931892622,1.235189443695653e-07
2253,0.011741835399759348,0.0006010994972653669,0.005621725227976687,0.005518878774494235,1.319000230582423e-07
2254,0.011459555177541585,0.00028452864789412137,0.00544030832196334,0.00573459536787117,1.2283981295273997e-07
2255,0.011459640194384519,0.00029245887012754873,0.0054265891261631284,0.005740468684879299,1.235132145411824e-07
2256,0.011704600083648186,0.0005765753598704513,0.005594190492119302,0.005533707131729613,1.270999288186543e-07
2257,0.011800074060953262,0.0006174943844149568,0.005338650770541212,0.0058438097034321165,1.1920256497718772e-07
2258,0.011647487596709664,0.0004919162597851423,0.005588146186674035,0.0055672965162959385,1.2863395454909525e-07
2259,0.011422211907938016,0.0002903353371915682,0.005430223929221344,0.005701530370620512,1.222709045915214e-07
2260,0.011514791132251942,0.00036533722874388454,0.005374496865758098,0.005774840737127803,1.1630062215686755e-07
2261,0.011812903921904714,0.0006612801132347629,0.005627708845562474,0.005523792624008698,1.2233909877954346e-07
2262,0.011724803330995032,0.0005605894152905628,0.005334160395822289,0.005829936668373671,1.1685150851172902e-07
2263,0.011493114365182642,0.00038103617866843813,0.005509938866975327,0.005602014041433517,1.252781053605248e-07
2264,0.011416904550903273,0.00028104665246801464,0.005489141801096044,0.005646597354978117,1.1874236109683174e-07
2265,0.011619443734000864,0.00045613088277054916,0.005378024888711171,0.0057851783198779655,1.0964264117883623e-07
2266,0.011808045999073417,0.0006977982756970535,0.005625474980989029,0.005484643754368236,1.2898801909992186e-07
2267,0.011666361089609056,0.0005255286104597064,0.005326528486784578,0.005814169716028378,1.3427633639391453e-07
2268,0.011414175251170295,0.0002855792591022465,0.0055006269488574715,0.005627840170518445,1.2887269213294083e-07
2269,0.0114621494394076,0.00034447707825183984,0.0055264642272764624,0.005591084183670035,1.2395020926140253e-07
2270,0.011694270455142354,0.0005554869063092917,0.0053165766865047965,0.005822075126601243,1.3173572702268574e-07
2271,0.011814983518774733,0.0007080442489920091,0.005594817574971606,0.005511978784005321,1.429108057964488e-07
2272,0.01156990513356304,0.0004389418204953576,0.0053617341127627505,0.005769109187384283,1.2001292064817214e-07
2273,0.011365154579368134,0.0002512282717584578,0.005457231967091026,0.005656570322806432,1.2401771221743686e-07
2274,0.011552888133400776,0.00044812681269709216,0.005538122717912365,0.005566502410889724,1.3619190159473266e-07
2275,0.011747238570934017,0.000614116964394358,0.00531705080376112,0.00581595048907802,1.203137005186131e-07
2276,0.011746763956385365,0.0006478364520651004,0.005618231719308601,0.005480576503854942,1.1928115672058687e-07
2277,0.011445721116822636,0.00032804247682268357,0.005386870947724131,0.0057306856494135135,1.2204286230685127e-07
2278,0.011397364830341235,0.0002996004576287327,0.005398147717802259,0.005699484597209769,1.3205770047443393e-07
2279,0.011634617658003795,0.0005472366435024957,0.005587765998331615,0.005499484661680045,1.303544896393087e-07
2280,0.011802449762630533,0.0006633148264611838,0.005330619649311177,0.005808396585483481,1.1870137469214546e-07
2281,0.011595713062325805,0.0005103768511623499,0.005558136959167702,0.005527063297843229,1.3595415252445395e-07
2282,0.011379432962211972,0.00030260768911246684,0.005399535106455221,0.005677153788691223,1.3637795306142365e-07
2283,0.011467881547840616,0.00035842325160807055,0.005368187210694519,0.005741142947080347,1.2813845768009188e-07
2284,0.011772684068953257,0.0006731696004758385,0.0056160284745706505,0.00548335225177981,1.3374212695755954e-07
2285,0.011676141011244355,0.0005742429775117535,0.005293375419015714,0.0058083909964684564,1.3161824842969688e-07
2286,0.011425571607224011,0.00036477051861677956,0.005469784402820996,0.005590874899003056,1.417867831798592e-07
2287,0.011366707032092029,0.0002806406718947544,0.005483912635478436,0.005602018258561587,1.3546615725130834e-07
2288,0.011622813489802312,0.0005064937576760661,0.005345368986720023,0.0057708224536760265,1.2829173019678433e-07
2289,0.01175864663514425,0.0006969356752294534,0.005594286646673543,0.005467281151619173,1.431616220809119e-07
2290,0.011548120945806924,0.0004660642819027545,0.005315095261745168,0.00576682995467466,1.3144748434182336e-07
2291,0.01133720581192834,0.0002581903394963321,0.005457348036811044,0.005621544287452476,1.2314816848828184e-07
2292,0.011467105169401788,0.0003949696808151285,0.005544314709577321,0.005527692124717898,1.2865429144030806e-07
2293,0.011716170623463867,0.0006246432007062796,0.0052938531874760705,0.0057975357435976335,1.3849168388336162e-07
2294,0.011700851477388955,0.000647094212104651,0.005574337288175824,0.005479272509158933,1.4746794954845945e-07
2295,0.011426533656466812,0.00034775368003553295,0.005376041520956592,0.005702612842670135,1.25612804551831e-07
2296,0.01133869240240871,0.000262973912465716,0.005407125265438159,0.0056684621557447435,1.3106876009071476e-07
2297,0.011591220573515025,0.0005436906413660533,0.0055458249276626225,0.00550155416263396,1.5084185238884928e-07
2298,0.011741474063477293,0.0006628774860018423,0.005285137367488633,0.005793319031323491,1.4017866332877231e-07
2299,0.01158764302319406,0.000525364169500574,0.005569017938790473,0.005493119602549352,1.4131235366035424e-07
2300,0.011319066894555918,0.0002572070835308399,0.005407759746330511,0.005653964622980114,1.3544171445307242e-07
2301,0.01144949796419843,0.00039942330872260644,0.0053413186476501855,0.005708618216648659,1.3779117698137195e-07
2302,0.011722082895472292,0.0006748059061671312,0.005601367098621043,0.005445762471665346,1.474190187706083e-07
2303,0.011725702567227067,0.000629460327804584,0.005326095306693557,0.005770010414037529,1.3651869139619587e-07
2304,0.01143639432733691,0.00041550847481650624,0.005492308922416122,0.005528440467556006,1.3646254827551917e-07
2305,0.011374799331813814,0.0003464579627853332,0.0054420329031252355,0.005586171723950587,1.367419526583914e-07
2306,0.011599598672811812,0.0005193516220677351,0.005323173606620132,0.005756941028977325,1.324151466203632e-07
2307,0.011772487101817558,0.0007342980526372098,0.005610710565775331,0.005427337252572406,1.4123083260950723e-07
2308,0.011442707940793195,0.00038625257932113985,0.005325853908101193,0.005730461557485163,1.3989588569793223e-07
2309,0.011359070004783306,0.0003259418672384846,0.005356924380016071,0.005676064293671582,1.3946385716905835e-07
2310,0.011518567555050223,0.000501690324051252,0.005498951802262567,0.005517793201782544,1.3222695385995552e-07
2311,0.011714770275560286,0.0006407649132671922,0.005284199149501872,0.00578968515876189,1.2105402933221984e-07
2312,0.011539196309852657,0.0004999406687653534,0.005505165349591508,0.005533958476199129,1.3181529666809709e-07
2313,0.011323271179479472,0.00029913530156178955,0.005349558218017394,0.005674439932376063,1.3772752422622105e-07
2314,0.011460462068287167,0.00042857037253121993,0.0052908994726836005,0.005740851905365046,1.403177073011118e-07
2315,0.011723544413043586,0.0006899907529321151,0.005557355511026722,0.005476056711943317,1.414371414333599e-07
2316,0.011612347892952249,0.0005445003584814401,0.00527669704045917,0.005791028095441294,1.2239857034467807e-07
2317,0.011360196989056149,0.0003625641401195837,0.005391940053545922,0.005605572510226345,1.202851642972896e-07
2318,0.011388878389021724,0.0003870839160397618,0.005434743765901751,0.005566922491990248,1.2821508996322347e-07
2319,0.011686068253571198,0.0006118084098374576,0.005275800250316279,0.005798325979887091,1.336135303698908e-07
2320,0.011665754070008,0.000644373866188471,0.005546098264036469,0.00547514210583879,1.3983394427059343e-07
2321,0.011395444501460676,0.00038453848195835595,0.00529821940566543,0.00571256373390453,1.2287993236033072e-07
2322,0.01131943327947599,0.00030732680997590326,0.005323898211522179,0.00568809261526771,1.1564271019693519e-07
2323,0.011556048022675833,0.0005348229259609684,0.0055168906051359795,0.005504215471005622,1.1902057326139715e-07
2324,0.01167965656234951,0.0006236034884839343,0.0052760029636288435,0.005779930889056813,1.1922117991944097e-07
2325,0.011446951428237474,0.00045194147224176054,0.0054700237097114555,0.005524852654051835,1.335922324225581e-07
2326,0.011312790900644352,0.00031309566166335583,0.005342528755228654,0.005657035013850797,1.3146990154568524e-07
2327,0.011403129674243532,0.0003768653837041972,0.005301741103068623,0.0057244029025668615,1.202849038510458e-07
2328,0.011682206543986,0.0006726238262375696,0.0055679321174586325,0.005441531189156008,1.194111337896919e-07
2329,0.01159282315237275,0.000555937009754103,0.005267363495605772,0.005769404853688279,1.1779332459648166e-07
2330,0.01137153188417739,0.00038547335897797777,0.005418667456538086,0.005567259714505824,1.3135415550166514e-07
2331,0.01128979138265006,0.00030118154834424694,0.0054041221453118805,0.005584354629331523,1.3305966240859945e-07
2332,0.011526846089575635,0.0004936695324034283,0.00529525611258471,0.005737794996971499,1.2544761599780482e-07
2333,0.011687492995874483,0.0006883898832709392,0.005547921162020717,0.005451055406219335,1.2654436349092954e-07
2334,0.011513587140976314,0.0005098458670072554,0.005256117814654926,0.0057475058811337605,1.1757818037194745e-07
2335,0.011283537750099546,0.00030167641508716816,0.005409610715638914,0.005572126631936464,1.2398743699895908e-07
2336,0.011339650897411275,0.00033436064587004784,0.005479957536202418,0.005525200995502155,1.3171983665463114e-07
2337,0.011587425908989016,0.0005579967044009698,0.005280712941375016,0.0057485871726682255,1.290905448033214e-07
2338,0.011666462014280581,0.0007066558683891426,0.005519237614286462,0.005440437141654414,1.3138995056387462e-07
2339,0.011443747674472303,0.0004539184141231051,0.005263323032282807,0.005726387128638062,1.1909942832866012e-07
2340,0.011261753864500458,0.0002571915516204894,0.005408935069982108,0.005595509337418494,1.1790547936707803e-07
2341,0.011391225848057625,0.000399764872882408,0.005497329822250189,0.005494009627296635,1.2152562839457815e-07
2342,0.011619221947750297,0.0006219927345434305,0.00523543777153023,0.0057616664703325285,1.2497134410802147e-07
2343,0.011675860130192365,0.0007173034408457668,0.005503620148695919,0.005454798517117702,1.3802353297682692e-07
2344,0.011369322996443455,0.0003705380096943062,0.005302444864550302,0.00569621443620926,1.256859895861753e-07
2345,0.01126649017017568,0.00027265389435150885,0.005382057044458891,0.005611659316353042,1.199150122384769e-07
2346,0.011457225811641849,0.0004886098825015265,0.005475933312617629,0.0054925589664674675,1.2365005522635636e-07
2347,0.011671171609182306,0.0006809221578307727,0.005208121248541041,0.005782004547642777,1.2365516771695931e-07
2348,0.011556790032194921,0.0005931260951646189,0.005515663027575038,0.005447864605697363,1.3630375790186488e-07
2349,0.011291258494845312,0.0002917758219377991,0.005345983641349939,0.005653367246219228,1.31785338346032e-07
2350,0.011285225242709085,0.00030795812237845166,0.005306351694972434,0.005670790021857633,1.2540350056646322e-07
2351,0.011567638845984444,0.000627382621962569,0.005479837010278155,0.005460294982788865,1.2423095485555274e-07
2352,0.011645484646070422,0.0006460468167969407,0.005224031609955262,0.005775287785923635,1.184333945852623e-07
2353,0.011433617544149238,0.0004585568769019038,0.005477490146255776,0.0054974408366762215,1.2968431533600809e-07
2354,0.011224913695070749,0.0002648552405444858,0.005343512697000572,0.005616417204845265,1.2855268042546656e-07
2355,0.011414069331851046,0.0004473252965294994,0.005232513975675876,0.005734106742648685,1.2331699698483026e-07
2356,0.011665761994431248,0.0007089812555137,0.005511678973646107,0.005444976511599965,1.252536714753924e-07
2357,0.011558425677794037,0.0005640485400850988,0.005243249398073664,0.005751011021928193,1.1671770708207004e-07
2358,0.011257744666472409,0.0003096378875673261,0.005383496665069012,0.005564483084277896,1.2702955817517036e-07
2359,0.011302297990872553,0.00035727261105865566,0.005388134819207495,0.005556758722195221,1.318384111807701e-07
2360,0.01155961796599031,0.000574706443802771,0.005233553464474942,0.0057512363740885915,1.2168362400492632e-07
2361,0.01164489953155698,0.0006942817110391883,0.005523292056712326,0.0054272014992393725,1.242645660913491e-07
2362,0.01136710752272618,0.0004032569038416376,0.005247440776225401,0.005716290829590861,1.1901306828139844e-07
2363,0.011231044313704521,0.0002899267436170648,0.005309179399290846,0.005631815411144918,1.2275965169152919e-07
2364,0.01145900375563228,0.0005097410598258016,0.00548364021318415,0.005465493600413452,1.288822088762793e-07
2365,0.01167998790498715,0.0006873189954530114,0.005218545584584883,0.005774001190634924,1.221343143319814e-07
2366,0.011490149047504465,0.0005718672419331214,0.005445575909495546,0.005472578591688864,1.2730438693275658e-07
2367,0.011223159852170551,0.0002877739394795357,0.0052971928777322055,0.005638069328250298,1.2370670851049483e-07
2368,0.01136424927193884,0.00038698430395826415,0.005270582968827533,0.0057065582303361525,1.2376881689020476e-07
2369,0.011610151634619318,0.0006730110315384354,0.005500931855493832,0.0054360778017261795,1.3094586087232705e-07
2370,0.01155637943937878,0.0006069143607011163,0.005180741356532994,0.005768598335183265,1.253869614060273e-07
2371,0.011289354454301109,0.0003536229530720673,0.005365384735075895,0.005570216646483171,1.3011966997629874e-07
2372,0.011259943530201858,0.0003176021617708186,0.00538228603755647,0.005559931751235238,1.23579639332485e-07
2373,0.011493160649667225,0.0005367859331565402,0.005206173557687295,0.005750082410346204,1.1874847718525146e-07
2374,0.011652563586010125,0.0007340399048396894,0.005453620163901964,0.005464772692202123,1.3082506634710403e-07
2375,0.01135022918451647,0.00040272859194510316,0.005238905221573844,0.005708471946145895,1.2342485162872354e-07
2376,0.011225562559472126,0.00028195733849574245,0.00535046235132496,0.005593018934940233,1.2393471119141583e-07
2377,0.011392595249151677,0.000464323202127971,0.005438080940356426,0.0054900632262060035,1.2788046127548363e-07
2378,0.01159837319299785,0.0006583235415561978,0.005181350836338441,0.005758577327194446,1.21487908765836e-07
2379,0.011495946979848909,0.0005836554508629152,0.005486146585613832,0.0054260149341678575,1.300092043026836e-07
2380,0.011245404916704917,0.0002915669800619138,0.005335711783109446,0.005617997040682555,1.2911285100251557e-07
2381,0.011230004972167593,0.00029534447355263613,0.005301628708446295,0.005632902257327202,1.2953284146152383e-07
2382,0.011500240647965723,0.000607636103595224,0.005459510501462019,0.005432964251971119,1.2979093736106827e-07
2383,0.011588171940732223,0.000642478026129409,0.005214807724560546,0.005730767275255007,1.1891478726001656e-07
2384,0.011431416500916542,0.000498567361411346,0.005492152345046767,0.005440569785689917,1.2700876851033717e-07
2385,0.011184133449192868,0.0002655263371509412,0.005335542175732382,0.0055829389593157405,1.2597699380296428e-07
2386,0.011319184150710582,0.0004046262337334586,0.005246355339722415,0.005668076603449391,1.2597380531818975e-07
2387,0.011590968841117339,0.0006783303159963945,0.005503442310319886,0.005409066761594251,1.2945320680752343e-07
2388,0.011581235614347082,0.0006310900309065614,0.005233602161701993,0.005716426809177187,1.1661256134003736e-07
2389,0.011291222145590227,0.000393902453562238,0.0054190320286341956,0.005478162069612519,1.2559378127488396e-07
2390,0.011208901474961373,0.0003065625905427412,0.005347475683115006,0.005554731801660191,1.313996434331965e-07
2391,0.011409413330715594,0.00047379448584107336,0.005248730013084219,0.005686763100439362,1.257313509391685e-07
2392,0.011633995240963464,0.0007290582156510715,0.0055254144612834726,0.005379396053667764,1.2651036115698819e-07
2393,0.01147021911390331,0.0005473630782895078,0.005202859135467096,0.005719879943711054,1.1695643565338191e-07
2394,0.01119848653906363,0.00030500441648806175,0.0053447500809730274,0.005548610231453912,1.218101486276107e-07
2395,0.011272750081350978,0.00037014203613490904,0.005411087272353072,0.005491395473093098,1.2529976989866786e-07
2396,0.011539405202832347,0.0006004230441320494,0.005204799974441145,0.005734057379910459,1.2480434869232431e-07
2397,0.0115932281760544,0.0007122789096142921,0.005447506384297864,0.00543330856401116,1.3431813108386386e-07
2398,0.011312972760294632,0.0004133788847694546,0.005221116840628414,0.005678354570172023,1.2246472474186132e-07
2399,0.011182055003428433,0.0002608351023162995,0.005322316321606694,0.005598780755679022,1.2282382641690842e-07
2400,0.01138044400508913,0.0004799153750198165,0.005432414671788433,0.005467984420488053,1.2953779282893e-07
2401,0.0115861353204155,0.0006846081400654854,0.005146821204746535,0.005754581717033754,1.2425856972453197e-07
2402,0.011444847201416801,0.0005619998216261359,0.005434919548448264,0.00544779644866851,1.3138267389108929e-07
2403,0.011196631966937284,0.0002779586804756202,0.005307013211969893,0.005611538088275318,1.2198621645350034e-07
2404,0.011238821950788444,0.00033163397738050933,0.005278662073845507,0.005628399457134175,1.2644242825281986e-07
2405,0.011521752951067853,0.0006483996217269846,0.005461824058531482,0.0054113910921872515,1.381786221353144e-07
2406,0.011553525185183645,0.0006447285215989256,0.005182593566781515,0.005726085731476274,1.1736532692910394e-07
2407,0.011278425476332093,0.00038866127158882033,0.005431979374273945,0.005457661076646533,1.2375382279547874e-07
2408,0.011158007030432496,0.0002674973407631176,0.005368284402930799,0.005522088726758403,1.3655998017710014e-07
2409,0.011407054063131437,0.0005043293747541621,0.005217826284742331,0.005684768879642681,1.2952399226225015e-07
2410,0.011603516925361134,0.0007265568552623492,0.005505645442189084,0.005371195634767954,1.1899314174847256e-07
2411,0.01141288122170558,0.0005105288065965792,0.0052278069283610284,0.005674432253057975,1.1323368999681103e-07
2412,0.011152711016203807,0.0002727459090952522,0.005344304762889197,0.0055355187845280126,1.4155969134537384e-07
2413,0.011272898405184167,0.00040148135525358266,0.005413234939437543,0.005458032802313594,1.493081794483393e-07
2414,0.011547593382271711,0.0006410747651746656,0.005204067800840844,0.005702326352865437,1.2446339076336966e-07
2415,0.011547724221603913,0.0006721479355452622,0.0054876296807809324,0.00538782191442215,1.2469085556752903e-07
2416,0.011221664298878479,0.00034388340654649993,0.005252795384256524,0.0056248622133406746,1.2329473477893325e-07
2417,0.011168772598150507,0.0002865584365863174,0.0052860860485092215,0.00559599571666893,1.3239638603674039e-07
2418,0.011466830789029507,0.0005908451534280015,0.005482289478596514,0.005393556368487794,1.3978851719817316e-07
2419,0.011553764147975364,0.000664482616954552,0.005185160157551873,0.005703994439493174,1.2693397576626346e-07
2420,0.011309009600334983,0.00045278157592412027,0.005419026810150328,0.005437068196444878,1.3301781565580824e-07
2421,0.011126250550642364,0.00024803102763863613,0.00535274131565192,0.005525352782513701,1.2542483810766797e-07
2422,0.011336662535581701,0.00044561177131145633,0.005257818323331704,0.0056331108634777175,1.21577460824371e-07
2423,0.01156981458038549,0.0007155842882998284,0.005489517433046477,0.005364574575934328,1.3828310485655974e-07
2424,0.011419003612860008,0.0005430513122588199,0.0051954492996098755,0.005680375693236154,1.273077551592251e-07
2425,0.011153541042033834,0.00028976078757448503,0.005374523989135093,0.005489128040512761,1.2822481149415132e-07
2426,0.011219769981430707,0.000354896884111966,0.005405860382679523,0.005458873522788085,1.3919185113378698e-07
2427,0.01148952167771686,0.0006147020830993614,0.005198668039265089,0.005676022608697502,1.2894665491001023e-07
2428,0.011530127553197421,0.0006764246123925126,0.005500675439530353,0.0053528963479595815,1.3115331497341602e-07
2429,0.011252478624446569,0.00037848900424831424,0.005245866852225254,0.0056279915280124555,1.3123996054547624e-07
2430,0.011170718031352521,0.0003261872667707872,0.005280334157730805,0.005564056857360851,1.3974949007748535e-07
2431,0.011382382789778604,0.0005314084432149188,0.005439403009685964,0.0054114285675751035,1.427693026173312e-07
2432,0.01156158697749699,0.0006749424514937938,0.005197906160022976,0.0056886212537911336,1.1711218908682852e-07
2433,0.011390884383293037,0.0005573211219501513,0.005441203649251341,0.005392236429176144,1.2318291539937459e-07
2434,0.011154568265938416,0.00030417035233745786,0.005268889172243104,0.00558137290345932,1.358378985335524e-07
2435,0.011236770089290199,0.0003680393531594292,0.005240470189012246,0.005628132181726813,1.2836539170973938e-07
2436,0.011519384518964318,0.0006820661354115373,0.005465818133918086,0.0053713689073463505,1.3134228834581944e-07
2437,0.011489560584023985,0.0006283259625488304,0.005146418510253586,0.0057146850371776504,1.3107404391802468e-07
2438,0.0111975862136349,0.0003556413471132333,0.005340126738211234,0.005501690740982962,1.2738732747161166e-07
2439,0.011186128653468918,0.0003417514929792004,0.005335155863284586,0.0055091056993760885,1.1559782904344168e-07
2440,0.011368089083397773,0.0005040421131676489,0.00516338780078872,0.005700532836402393,1.2633303901122875e-07
2441,0.01158358732798258,0.0007557837240281307,0.005397507586863379,0.0054301483833396275,1.4763375144045722e-07
2442,0.011328595577674658,0.00048252715449079777,0.005171066795558708,0.005674882237835044,1.1938979010917484e-07
2443,0.011130987507992126,0.0002830655766232305,0.0053213109858126365,0.005526497226779591,1.1371877666860328e-07
2444,0.011245709232662932,0.0004030550863701259,0.0053712344429308265,0.005471290202753562,1.295006084177212e-07
2445,0.011481316350504799,0.00063601744447989,0.005147139951904678,0.005698028823759688,1.3013036054333558e-07
2446,0.01149399587412967,0.0006709682660686098,0.005464957509853892,0.005357940499522066,1.295986851016623e-07
2447,0.01126398904286541,0.00040506193961969197,0.0052541829079142816,0.005604620959379103,1.2323595233299098e-07
2448,0.011099867384998793,0.0002705690943953219,0.005287485301877789,0.0055416780170371265,1.349716885551489e-07
2449,0.011322584197939583,0.0005129603923541611,0.005403095072977075,0.005406395250081678,1.3348252666821898e-07
2450,0.011525556251700026,0.0006674320241699081,0.005192857237958113,0.005665156135632851,1.1085393915440587e-07
2451,0.01149113038010629,0.0006557982553660756,0.0054962099105788,0.005339005613969328,1.1660019208595522e-07
2452,0.011162740392118252,0.0003340169647847907,0.005256066983252958,0.0055725276978054175,1.2874627508581492e-07
2453,0.01114180165803009,0.000319805607160039,0.005255465170967577,0.005566389079701616,1.4180020085927366e-07
2454,0.011409903425397648,0.0005854859677757559,0.005458227220458248,0.005366054584605258,1.3565255838621035e-07
2455,0.011557822213143245,0.0007060643122921436,0.005189637555660058,0.005662004454955533,1.1589023550856159e-07
2456,0.011339780530423461,0.0005329505300121875,0.0054323998308248795,0.0053743012780059106,1.2889158048334037e-07
2457,0.011108444381433517,0.0002881820351028399,0.005286670191417747,0.005533457665438377,1.3448947455302461e-07
2458,0.011216425439927527,0.00037570736481627016,0.005249759859195713,0.005590830464445941,1.2775146960264144e-07
2459,0.011514127140001346,0.0006985314140900899,0.005479293218978597,0.0053361699397983875,1.3256713427113012e-07
2460,0.011490282671879976,0.000660873666825516,0.005143051372240952,0.005686226339325765,1.3129348774281566e-07
2461,0.011190991425865543,0.0003881088675441276,0.005357560323994828,0.00544518866944507,1.3356488151849606e-07
2462,0.011113895298278095,0.00029459541390106027,0.005353017953499486,0.00546615936525974,1.225656178088758e-07
2463,0.011367379146621451,0.0005241694052424711,0.005193599068311373,0.005649485608718088,1.2506434951875652e-07
2464,0.011547006853391951,0.0007505369442520511,0.005425197204633978,0.005371126853899145,1.4585060677724024e-07
2465,0.011321212183165614,0.0005071409967729792,0.0051558895046839885,0.005658049505420499,1.321762881467658e-07
2466,0.01109414472931959,0.0002724504251914686,0.005312957854067388,0.005508609739148298,1.267109124337062e-07
2467,0.011212305705644987,0.0004003795970420584,0.005388418594154219,0.005423379586428462,1.2792802024831282e-07
2468,0.0114869739513027,0.0006693825696582013,0.00514053953937585,0.005676927306041063,1.2453622758670552e-07
2469,0.011460832916463524,0.0006632445366475623,0.005432552004637249,0.005364904590141636,1.3178503707577754e-07
2470,0.011168605202678608,0.0003443837415805839,0.005246994717866159,0.005577102273927863,1.244693040023898e-07
2471,0.011104468973922083,0.0002966895011701689,0.005269125619633551,0.005538516807906086,1.3704521227730056e-07
2472,0.01139536466534603,0.0006045510707873205,0.005427395674383254,0.005363267473695544,1.5044647991172312e-07
2473,0.011511201167736027,0.0006865638298429084,0.005171083766315265,0.005653432168526158,1.2140305169675926e-07
2474,0.011324458589590976,0.000526567423570765,0.005447514190223852,0.005350263252710586,1.1372308577239712e-07
2475,0.011073148002130294,0.00027030246395583283,0.005287933867177317,0.005514787614926374,1.2405607077059616e-07
2476,0.011220749250139415,0.0004185988767061607,0.005209521207902604,0.005592494212198276,1.3495333237298806e-07
2477,0.011503356366065904,0.000710514127972378,0.005486196753893038,0.005306508208314421,1.3727588606733714e-07
2478,0.011474086857626992,0.0006453966205715673,0.005184352512264969,0.005644214052501094,1.2367228936122388e-07
2479,0.011141704739345545,0.00036219686751392486,0.005338121214757916,0.005441260192073857,1.2646499984694876e-07
2480,0.011120217540347319,0.0003439427280374991,0.005317859990866216,0.005458290436247636,1.243851959670594e-07
2481,0.011394040348380987,0.0005717865234636394,0.005176504479335523,0.005645628492573679,1.2085300814566776e-07
2482,0.011506583222425296,0.0007115931715603877,0.005458387352056905,0.005336470921057351,1.3177775065327776e-07
2483,0.011230204151624594,0.00043758039317145413,0.00517193674892309,0.0056205584447100295,1.285648200207387e-07
2484,0.01106630092114157,0.0002804381489010326,0.005234720607140218,0.005551014012290974,1.2815280934593224e-07
2485,0.01125815159893212,0.0004699335837257308,0.005379728768850558,0.005408370652652268,1.185937035615367e-07
2486,0.011472318429695837,0.0006608908305691957,0.005148843225266755,0.005662473227678799,1.1114618108723221e-07
2487,0.01136173324590347,0.0005849381084721599,0.005389533343657771,0.005387131162748151,1.3063102538907051e-07
2488,0.011073673408169617,0.0002879721809545115,0.005226486060110486,0.005559090417524493,1.2474958012662927e-07
2489,0.011141463340112201,0.0003472731938828982,0.0052256645926524745,0.005568405990062229,1.195635146016901e-07
2490,0.01140903991671456,0.0006282692056150047,0.0054277319078356095,0.005352906111094899,1.3269216904601076e-07
2491,0.01145685017673502,0.0006613841460357224,0.005148777895171466,0.005646564357683571,1.23777844261107e-07
2492,0.011213961457533046,0.00044116481353336765,0.005409138742443146,0.005363539609524818,1.1829203171275205e-07
2493,0.011055103365678215,0.00026464236113235714,0.005318848689210313,0.005471496548851596,1.1576648394910395e-07
2494,0.011201091792563614,0.0004149823751146399,0.005211866478751341,0.005574119873461546,1.230652360859837e-07
2495,0.011465733037400536,0.0007050910188548367,0.00545827178856261,0.00530223090851502,1.3932146807064433e-07
2496,0.011440098284027818,0.0006403277671355399,0.005179025418377904,0.00562061671784519,1.2838066918515927e-07
2497,0.0111482405180986,0.0003742748283705922,0.005398181897909315,0.005375659948612457,1.2384320623623774e-07
2498,0.011050016148380545,0.00028422134890804197,0.005324599884343877,0.005441071494725207,1.2342040341900852e-07
2499,0.011295008523535318,0.0005095986587581126,0.005176376176748791,0.005608908950058564,1.247379698504996e-07
2500,0.011501897809497258,0.0007339515878969689,0.005463995811466733,0.00530382171870781,1.2869142574431808e-07
2501,0.011340399972346113,0.0005545085307195999,0.005168519608071503,0.005617249091125254,1.2274242975708217e-07
2502,0.011077971764774862,0.00031327308195696924,0.005303787615854985,0.005460778179493594,1.3288746931536783e-07
2503,0.011098185380923024,0.0003356006415281805,0.005335205479088421,0.005427254239050733,1.2502125568935773e-07
2504,0.011374752947363828,0.000586600847512418,0.005154895471611365,0.005633143316501881,1.1331173816201118e-07
2505,0.011462553789809432,0.0007055981076709546,0.005403258929068942,0.005353574213101651,1.2253996788517526e-07
2506,0.011179461706511545,0.000414011285335851,0.0051805678075728424,0.005584762146033008,1.204675698435913e-07
2507,0.011032429894873375,0.00025832672882794257,0.005275142359958482,0.005498831822143141,1.2898394380802506e-07
2508,0.011235202607960675,0.00047290159816726866,0.0053832260742416255,0.005378940997098184,1.3393845359555087e-07
2509,0.0114452162376467,0.0006785842998811456,0.005132357031703863,0.005634154858007316,1.2004805437510192e-07
2510,0.011346666698654057,0.0005923004739423356,0.005430199709534198,0.0053240435075456545,1.2300763186834887e-07
2511,0.011081583003658014,0.000305239366616506,0.005265111213802741,0.005511113327766204,1.1909547256318131e-07
2512,0.011079096719786439,0.0003250601655993469,0.005259808049053453,0.005494103371119955,1.251340136848067e-07
2513,0.011326579182778374,0.0005815045428228829,0.005433722525801235,0.005311213920949144,1.3819320511213912e-07
2514,0.011492025439185219,0.0007095529272503921,0.005176681660878974,0.005605662214423335,1.2863663251859646e-07
2515,0.01128802778819103,0.0005477630047860195,0.0054391780275595695,0.0053009574582716,1.292975738421895e-07
2516,0.011036396088506917,0.00028781479885286527,0.005270481011658895,0.005477977321447969,1.2295654718913667e-07
2517,0.011122247264814566,0.0003530727090456677,0.005244163682581405,0.005524890473448804,1.2039973869020643e-07
2518,0.011406010015411555,0.000662040076019236,0.005458685386356512,0.00528515717089673,1.273821390756312e-07
2519,0.011433473175794427,0.0006758922939130983,0.00512621606902507,0.005631239426798679,1.253860575795188e-07
2520,0.01116745189130794,0.00042286343603743955,0.005352042611877058,0.005392415960879062,1.2988251438075654e-07
2521,0.01104848549199084,0.00029628723198634567,0.005304725842928254,0.005447356319255951,1.1609782029030623e-07
2522,0.011222591910036363,0.0004666959200121623,0.005149837546757182,0.005605950067168802,1.0837609821664158e-07
2523,0.011485731880283104,0.0007549281381580245,0.005377890370283814,0.005352796925676298,1.1644616496876256e-07
2524,0.011317084937667901,0.0005573659232580132,0.00514617657337039,0.005613431609053663,1.1083198583475225e-07
2525,0.011037107281873276,0.00029077957154158626,0.005308428449329357,0.005437781556191306,1.1770481102711429e-07
2526,0.011105327455730915,0.0003706212823364696,0.005303400143619633,0.0054311869948491,1.1903492571228034e-07
2527,0.011338388431121301,0.0005900325563198654,0.0051389901029414075,0.00560925507960576,1.1069225426882743e-07
2528,0.011467713439565708,0.0007279586423952765,0.005462726196510378,0.005276911393947736,1.1720671231820442e-07
2529,0.011209915191129367,0.00045362748096652416,0.005181774364008471,0.005574397615952197,1.1573020217541922e-07
2530,0.011023300201687335,0.00030007659796557433,0.005251347415695943,0.005471754064109348,1.22123916470319e-07
2531,0.011172422219095486,0.0004411409311759487,0.005382655956956184,0.005348500859447371,1.2447151598358704e-07
2532,0.011459117838041578,0.0006895029352095943,0.0051583681356423845,0.005611129143563162,1.176236264386188e-07
2533,0.011384172038688424,0.0006691751298457289,0.005392095419835805,0.005322777910104136,1.2357890275301442e-07
2534,0.011091300613948812,0.0003651229860774761,0.005187878295412535,0.005538183338661591,1.159937972090215e-07
2535,0.011047421814987407,0.00029224362142573414,0.005249146838331427,0.0055059147854935086,1.1656973673704113e-07
2536,0.011279396209969624,0.0005461590495689502,0.005395716770235435,0.00533739746327799,1.2292688724765477e-07
2537,0.011436203046910835,0.0007062161084359686,0.005090464217783966,0.0056394042119819,1.1850870900183336e-07
2538,0.01122848406124019,0.0005085922741542236,0.005359264482837217,0.005360501386241217,1.259180075308529e-07
2539,0.011023686075671016,0.0002747164256189303,0.005265180938339576,0.005483670477608201,1.1823410430980445e-07
2540,0.011098807691268154,0.0003649946987624728,0.005195043200634887,0.005538655561347951,1.1423052284454782e-07
2541,0.01139749355733172,0.0006938020395564099,0.005383343155940871,0.005320226157491773,1.2220434266581276e-07
2542,0.01140370208260425,0.0006592539155175961,0.005121056854701133,0.005623273149582454,1.1816280306622042e-07
2543,0.011159895256162598,0.00042918477059212563,0.005377286002991805,0.005353298459502803,1.260230758644372e-07
2544,0.010984650627129047,0.00026554622632139703,0.005265533802174526,0.005453446331652781,1.2426698034239138e-07
2545,0.011219321256928634,0.0004966347862953536,0.005139183936472944,0.0055833834157537395,1.191184065975327e-07
2546,0.01146574103268107,0.0007455938426735919,0.005449134889684096,0.005270886707144148,1.2559317923385173e-07
2547,0.011359914289312292,0.0006105128335830382,0.00515030516045256,0.005598973273152647,1.2302212404683372e-07
2548,0.011039531926252514,0.00033393368256439125,0.0052842268223865325,0.0054212379898327745,1.334314688157122e-07
2549,0.01105628836442312,0.00035392519154799236,0.005293855637070539,0.005408377374947744,1.301608568439187e-07
2550,0.011356901659276724,0.0006115179544540598,0.005136908756875885,0.00560835646700455,1.1848094222888296e-07
2551,0.011442412720380808,0.0007249605307396343,0.005418125842520657,0.005299202773561388,1.235735591284149e-07
2552,0.011147707395838688,0.000433575100838607,0.005136009709636941,0.005578003649418199,1.1893594494143997e-07
2553,0.010977385236111253,0.00026333649157163174,0.0052151406060116446,0.005498783142224406,1.2499630356975867e-07
2554,0.011219144054852566,0.0004991998137161395,0.005372718754336888,0.0053470962463935,1.2924040603928605e-07
2555,0.011403121942569228,0.0006707485553395435,0.005103551979590593,0.0056287008033869285,1.2060425216356124e-07
2556,0.011262321656234685,0.0005683356106345066,0.0053388934484232455,0.00535496472939125,1.2786778568525678e-07
2557,0.010983974358350645,0.00026935280866744756,0.005215831346981465,0.005498669362585595,1.2084011613786852e-07
2558,0.011084684184969613,0.00035292963505258564,0.005197274619186282,0.005534362145272482,1.177854582658375e-07
2559,0.011350501376115174,0.0006511982167802891,0.005392372471511184,0.005306805743380331,1.2494444336950658e-07
2560,0.01138522830270091,0.0006725678512457734,0.005095877820480777,0.005616661694094751,1.209368796097973e-07
2561,0.011109494927066093,0.0003987334367363031,0.0053529592747578085,0.005357671480798625,1.3073477335641564e-07
2562,0.010973406904627954,0.00025812646429069456,0.005288458555622582,0.0054266958181820825,1.2606653259548072e-07
2563,0.011196419768168738,0.0004898916583572771,0.0051437205494870184,0.005562689689635637,1.1787068880431745e-07
2564,0.011438065965328068,0.0007447201730754646,0.005426412838801497,0.005266808834135253,1.2411931585282046e-07
2565,0.011321731990710038,0.0005919133799589919,0.00516097580474218,0.005568722277279205,1.2052872966191885e-07
2566,0.011001393099093176,0.0003035229607450491,0.0053146226237287125,0.005383114847981185,1.3266663823137395e-07
2567,0.011048519506693033,0.0003602143130204441,0.005298808474211237,0.005389363894723673,1.3282473767947858e-07
2568,0.011324939832747112,0.0006069071110665438,0.005143299226129348,0.005574616363949393,1.1713160182616421e-07
2569,0.011438419569481618,0.0007337401039517872,0.005445847875181949,0.005258708520729925,1.2306961795723465e-07
2570,0.011131286818505236,0.0004273685781216388,0.00515317282279178,0.005550622384040314,1.2303355150249772e-07
2571,0.010986940215579674,0.00029881166027652704,0.0052370764284582665,0.005450921050126485,1.3107671839657014e-07
2572,0.011211040566145263,0.0005098933161220643,0.0053742636914907065,0.005326745997859431,1.3756067306011584e-07
2573,0.011395191599865151,0.0006765010056480722,0.00512483222622885,0.005593735331087727,1.2303690050140356e-07
2574,0.011260261753924337,0.000583926830052405,0.005378635691669446,0.005297572957848632,1.2627435385361725e-07
2575,0.011003292689966316,0.0003060076267498849,0.005200078691617354,0.00549708157476904,1.2479683003903236e-07
2576,0.011056048703324484,0.00034584019197017764,0.00520262283654414,0.005507463052157978,1.226226521891725e-07
2577,0.011314718723059669,0.0006317504585096895,0.005390810129552591,0.0052920286600232815,1.2947497410743713e-07
2578,0.011394623440492718,0.0006946360701577757,0.005071478777349628,0.005628383071202123,1.2552178319202648e-07
2579,0.011079757282686268,0.00039166023268366617,0.005321503125183917,0.005366462625639209,1.312991794755104e-07
2580,0.010985195954764947,0.00028793479681466134,0.005263478929218726,0.005433657700084786,1.2452864677497565e-07
2581,0.011187268945386497,0.0004874150156966418,0.005090639257610083,0.0056090954185049795,1.1925357479228755e-07
2582,0.011372446454478333,0.0007025751059426449,0.005330357723634992,0.0053393868697940135,1.267551066830403e-07
2583,0.011252710954112182,0.0005492239361129732,0.005111449633501645,0.005591916874012939,1.205104846247244e-07
2584,0.011002065284022533,0.00030148861186291926,0.005255376215767082,0.0054450717027719935,1.2875362053839133e-07
2585,0.01101583436768397,0.0003416463579933516,0.005233409512128618,0.005440650391749862,1.2810581213979657e-07
2586,0.011291424032810422,0.0006063940792474322,0.005078466579384705,0.005606444400881298,1.1897329698696076e-07
2587,0.011439741571529449,0.0007471951900857545,0.005410622958049233,0.005281795200392141,1.2822300232078708e-07
2588,0.011201929316430933,0.0004931297988567666,0.005145228558208369,0.0055634463828304025,1.2457653539489173e-07
2589,0.010997883242365716,0.000334010074437587,0.005242355595977388,0.005421387053643918,1.30518306824277e-07
2590,0.01109224550541112,0.00042584472236882956,0.005319559101793172,0.005346708691265143,1.3298998397665018e-07
2591,0.011440731750721012,0.0007251596011321631,0.005116559612613105,0.005598890040320572,1.224966551725174e-07
2592,0.011375772994702688,0.0006969190155444762,0.005420450794392135,0.005258277013160335,1.2617160574151167e-07
2593,0.011085132835134215,0.0004127410028031748,0.005153222666247888,0.005519047807116441,1.2135896671137567e-07
2594,0.010963373559814159,0.0002832542926131157,0.005190821652272859,0.00548916986372639,1.2775120179503813e-07
2595,0.011221458619357737,0.0005340018974091361,0.005367638598712209,0.0053196852937772866,1.3282945910599024e-07
2596,0.011358552387537421,0.00066099969150741,0.0051024686862205975,0.005594960297563307,1.2371224610690557e-07
2597,0.011204625252987684,0.0005463780332614708,0.005317516754601856,0.005340599271535743,1.3119358861215912e-07
2598,0.01095026663217415,0.00027491333077863143,0.0052013867279098675,0.0054738411413829385,1.2543210271060522e-07
2599,0.011062773486032245,0.0003667559930906993,0.005200436100498692,0.005495456756870415,1.2463557243846792e-07
2600,0.01129500754094602,0.0006214547480600738,0.005385983183674143,0.0052874323136338115,1.3729557799125859e-07
2601,0.011357916111923117,0.0006797298486364898,0.005070957384064865,0.005607096504328622,1.3237489314120413e-07
2602,0.011088778553490016,0.000424829156731633,0.005334610610554976,0.005329205245254325,1.3354094908185935e-07
2603,0.010943599605454194,0.00025964369133665117,0.005273249458713094,0.005410585617013739,1.20838390708404e-07
2604,0.01109468411710193,0.0004060360207468164,0.0051630109557210145,0.00552551536648149,1.2177415260873406e-07
2605,0.011334733139066883,0.0006812439382739178,0.005375614093664098,0.005277740191552751,1.3491557611784922e-07
2606,0.011294121516116768,0.0006176125543676074,0.005093670644517883,0.005582713171283374,1.2514594790374931e-07
2607,0.011044907874107387,0.0003682486219761104,0.005323116228872273,0.005353416849762898,1.2617349610603452e-07
2608,0.010940489514401252,0.00026491522324104783,0.005277675959503844,0.0053977765988131345,1.217328432262234e-07
2609,0.011176610557678318,0.0005055125592667963,0.005123613171990812,0.0055473690760084165,1.1575041229381829e-07
2610,0.011391035268910141,0.0007349039605005521,0.005386590756962172,0.005269420722732002,1.1982871541618726e-07
2611,0.01127352304176973,0.0005849102834124008,0.005117910668351097,0.005570586835609503,1.1525439672878903e-07
2612,0.010972898300035967,0.00030841200953810445,0.005296482349984804,0.0053678743363110215,1.2960420203678362e-07
2613,0.011000330143241348,0.0003433158557859707,0.005282577786132206,0.005374302657331675,1.3384399149594233e-07
2614,0.01126583799037992,0.000587564254136061,0.005099959459210337,0.005578197581868218,1.1669516530411122e-07
2615,0.011408936873480423,0.0007485518147368531,0.005401804321209076,0.005258460802749526,1.1993478496745904e-07
2616,0.011124414192213017,0.0004488880292400083,0.005109101294415111,0.0055662944494004555,1.3041915744212612e-07
2617,0.010939749683054004,0.0002814471770814222,0.00519283320153936,0.005465329027122772,1.402773104522007e-07
2618,0.011110122802665923,0.0004542812353526346,0.005313893751766983,0.005341822951832495,1.2486371380905415e-07
2619,0.011382386742652904,0.0006957433463620399,0.005067910342636211,0.005618625890788552,1.0716286610041554e-07
2620,0.01126205984273372,0.0006105505784132076,0.00531865682530477,0.005332736397337817,1.1604167792528926e-07
2621,0.010980010057705278,0.00032329778526183657,0.005135372565644954,0.0055212191399595075,1.2056683897875524e-07
2622,0.010988222302937922,0.0003152906198452074,0.005130915142483934,0.005541889204141361,1.2733646741827106e-07
2623,0.011276212184475548,0.0006167575550265464,0.0053258776262444605,0.005333445735422095,1.3126778244748866e-07
2624,0.01129728092591918,0.0006305859376237215,0.005051500539957969,0.005615075745195138,1.1870314235143402e-07
2625,0.011041116442788197,0.00039140587281655004,0.005269234572801753,0.005380356762716956,1.19234452938244e-07
2626,0.010925005520452396,0.00025983203771253187,0.0052416197919422335,0.005423442496001352,1.1119479627827604e-07
2627,0.011124061301016492,0.00045448967523184546,0.005143517178319563,0.0055259444623360155,1.0998512906860397e-07
2628,0.011347295673299397,0.0007043446631950342,0.005381568484252352,0.005261251641614368,1.3088423764287435e-07
2629,0.011236094717639372,0.0005708699288600966,0.0051098688495725434,0.005555224986848685,1.3095235804611096e-07
2630,0.010983742620469692,0.00032787533730833533,0.005317609438172386,0.005338125615314741,1.3222967423162923e-07
2631,0.010956631183745577,0.000300945224727969,0.0052869988699473635,0.005368555106931204,1.319821390405465e-07
2632,0.01119168989584905,0.0005331509443282472,0.0051222504873197116,0.005536169143014241,1.1932118685060917e-07
2633,0.011362772252313923,0.0007175378277215029,0.0054283761493055934,0.005216738801378145,1.1947390868260367e-07
2634,0.011216638252484295,0.0005423019140558519,0.005145975559907162,0.005528237222543788,1.2355597749287716e-07
2635,0.01093547666433718,0.00029144771900369433,0.005270957643143855,0.005372935383006743,1.3591918288758773e-07
2636,0.01099794541109425,0.0003589261358329699,0.005291724006140479,0.005347163549693681,1.3171942712082602e-07
2637,0.01128202337782072,0.0006110005683728791,0.005097721134850052,0.005573183206699551,1.1846789823526633e-07
2638,0.011321680763169502,0.0006773602599863927,0.005371501493455148,0.005272696047447999,1.2296227996163404e-07
2639,0.011077819215954816,0.00042722586444450734,0.005116828291104516,0.005533642030217165,1.230301886265268e-07
2640,0.01091494454593008,0.0002625777474427045,0.005177490204296214,0.005474746317489745,1.3027670141504347e-07
2641,0.011081403903907487,0.00043517343482126473,0.005284100818119826,0.005362005419063665,1.2423190272999468e-07
2642,0.011300139503100881,0.0006437207531392845,0.005058980602343074,0.005597323636747284,1.1451087123885448e-07
2643,0.011278670957404993,0.0006398782717537074,0.005327508431055995,0.00531115659663037,1.2765796492184395e-07
2644,0.010984432062731461,0.00032613002499682774,0.005153743333195611,0.005504438278220131,1.2042631889127614e-07
2645,0.010936104910960193,0.0002891551356752242,0.005178089204940203,0.005468735525837879,1.2504450688647088e-07
2646,0.011184084868467314,0.0005516136569853756,0.005304764461340664,0.005327566629420785,1.4012072049087235e-07
2647,0.011337995853108952,0.0006784765819424283,0.005081712154081856,0.005577683219706148,1.2389737851952396e-07
2648,0.011226430639264887,0.0005822094722914064,0.0053958621784610875,0.005248238246292922,1.2074221946848295e-07
2649,0.010943183182364266,0.0002941188132500232,0.005189049383590218,0.005459890787494019,1.241980300067342e-07
2650,0.010965661301708812,0.0003278663113997436,0.005156144382212952,0.005481519131793058,1.3147630306060703e-07
2651,0.011249889133001978,0.0006164194592764452,0.005377837300562601,0.005255493893789399,1.384793735315903e-07
2652,0.011387427977397405,0.0007215133023498662,0.005096872726999936,0.005568908198206002,1.337498416018283e-07
2653,0.01113693185376298,0.0005075487688191743,0.0053296138354057,0.005299633389948544,1.358595895604291e-07
2654,0.010910485361877045,0.000277922507719021,0.005202078543294902,0.005430365653943254,1.1865691986757052e-07
2655,0.011062737766568442,0.0004072540373446801,0.00512749755897871,0.005527870258129806,1.1591211524396772e-07
2656,0.011313233261678988,0.0006799015300048513,0.0053468879932307275,0.005286310206380239,1.335320631692058e-07
2657,0.011269832934679052,0.0006281929989355904,0.005062798766869832,0.00557871000387617,1.31164997458439e-07
2658,0.010973106148473367,0.0003365617148245974,0.005262519182534666,0.005373894154910943,1.3109620316013366e-07
2659,0.010925455030244332,0.00028486547592588364,0.00524310768598606,0.005397361518826864,1.203495055238325e-07
2660,0.01118488195383034,0.0005457907781906093,0.005088465582644375,0.005550512569998012,1.130229973451677e-07
2661,0.011351055719372167,0.000727239944530561,0.005368967014497715,0.005254725950746498,1.2280959739316614e-07
2662,0.011158559947643556,0.0005059926027221232,0.005126217657490213,0.00552623318766356,1.1649976765894585e-07
2663,0.010907119664372501,0.00027773997963753677,0.0052578314138827555,0.005371424769305732,1.2350154647773202e-07
2664,0.011029976967770949,0.0004104284764808556,0.005295110403113259,0.005324304421111391,1.3366706544234893e-07
2665,0.01130413126900823,0.0006560918234690882,0.0050905241298784985,0.005557396084920034,1.1923074060873717e-07
2666,0.011321219090291414,0.0006914836616416108,0.005405323781153964,0.005224292896553429,1.1875094240946087e-07
2667,0.010996090630560722,0.00036201140548704994,0.005147028064622697,0.005486927078936546,1.2408151443015644e-07
2668,0.01091172425026807,0.00028405217295734335,0.005176988334686705,0.005450554339987274,1.2940263674607142e-07
2669,0.011185896601987932,0.0005589313459147613,0.005357772588241937,0.0052690668663317375,1.2580149949606147e-07
2670,0.011350180507903183,0.0006996711544632967,0.005068548271002555,0.005581840529719442,1.2055271788739326e-07
2671,0.011133152717115204,0.000518462000145403,0.005291885247877978,0.005322673307769453,1.3216132236978575e-07
2672,0.010898438906791916,0.0002760545147209176,0.00518579752288739,0.0054364638063085806,1.2306287502737782e-07
2673,0.011056901560081942,0.0004120152243094957,0.005114830063213261,0.005529935380956602,1.2089160258422087e-07
2674,0.011302443102544007,0.0006830741408076906,0.005323990377375005,0.005295246987901985,1.3159645932637284e-07
2675,0.011226301015624019,0.0005978580759167856,0.005049767154551439,0.005578557652348585,1.181328072081576e-07
2676,0.01093381318189582,0.0003066504034559231,0.005244121373569764,0.005382926116340295,1.1528852983894621e-07
2677,0.010933416359108435,0.0003051072974592977,0.005253831654933526,0.005374362451656541,1.1495505907110499e-07
2678,0.01118662700466353,0.0005608286980441984,0.005087707945696213,0.0055379726161191665,1.1774480395186438e-07
2679,0.011304661348825506,0.0006926709487329772,0.0053640511680034504,0.00524780929132372,1.299407653583117e-07
2680,0.011101548630684275,0.0004610210021155437,0.00513963667241124,0.005500774696007903,1.1626014958670106e-07
2681,0.010886370234532641,0.0002675933460850735,0.00525984182929131,0.005358820946246048,1.141129102104691e-07
2682,0.011031358209773622,0.0004230893200015935,0.005312471757688904,0.0052956770131834495,1.2011889967569925e-07
2683,0.011270931799419353,0.0006356064265813588,0.005104034655146102,0.005531178063377786,1.1265431410578491e-07
2684,0.011294366134964396,0.0006772420923814335,0.005404371499834206,0.005212629624302908,1.2291844584733482e-07
2685,0.01099611477211163,0.0003737872317764933,0.005139410105116052,0.005482783832670989,1.3360254809429397e-07
2686,0.010884708432736622,0.0002699463405515406,0.0051899578681816085,0.005424673761906847,1.3046209662761735e-07
2687,0.011120886370413705,0.0005064340602700463,0.005351604395792658,0.005262731119889487,1.1679446151363031e-07
2688,0.011311161077322602,0.0006743926281400746,0.005075029854755617,0.005561626352623379,1.1224180353072355e-07
2689,0.01118631625677438,0.0005847236655316886,0.005298893886042293,0.005302569579790428,1.291254099705026e-07
2690,0.010914332789202492,0.0003019001398557419,0.005148008349611007,0.00546430392752816,1.2037220758272788e-07
2691,0.010952169199851163,0.00032155942840388747,0.005140844615837861,0.00548964889765152,1.162579578936468e-07
2692,0.011190937088737881,0.0005825155669292128,0.005305306893471927,0.005302991420767449,1.2320756929218182e-07
2693,0.011289330594984352,0.0006732637031897616,0.005036570254493655,0.005579381748660884,1.1488864005080876e-07
2694,0.011068119582866028,0.0004575636665332968,0.005287225443579842,0.005323212102226238,1.1837052665206314e-07
2695,0.010882935831042948,0.00026112080036192446,0.0051886876648248575,0.0054330131135950565,1.1425226110826008e-07
2696,0.011008071014382408,0.0003987228484874299,0.00512805297886186,0.005481179801757483,1.1538527563460533e-07
2697,0.011272523354942575,0.0006735928500583012,0.005363765279844377,0.005235041981499095,1.232435408012722e-07
2698,0.01133591703965211,0.000701942691654413,0.005092241357889622,0.005541622089202433,1.1090090564191224e-07
2699,0.011036945992851136,0.0004337463405666091,0.0053268212296323815,0.005276262295240277,1.1612741186913245e-07
2700,0.010881578824949905,0.0002844445192611455,0.005205457998615611,0.005391552030488062,1.2427658508657897e-07
2701,0.011067164123241954,0.00044943787449814215,0.0051100303505616585,0.005507575934996805,1.199631853491341e-07
2702,0.011349104038734499,0.0007380575265911395,0.005397822924544127,0.005213102400109931,1.2118748930296459e-07
2703,0.011185167627534714,0.0005666442237173742,0.0050710822317669,0.005547321275110041,1.1989694040098156e-07
2704,0.010933168529329856,0.0003372060748954078,0.005199371847245605,0.005396461859994447,1.2874719439732529e-07
2705,0.010948797176191426,0.00034461781249331137,0.005259351372370585,0.005344705120935163,1.2287039236681054e-07
2706,0.011209597537394485,0.0005852166735430781,0.005070556763880776,0.005553712882998852,1.112169717776427e-07
2707,0.011316529130502637,0.0007226480615294404,0.005295673168181504,0.005298091646484156,1.162543075358511e-07
2708,0.010997258817156057,0.0003932251399567008,0.005101335809669224,0.005502583749172062,1.1411835807052921e-07
2709,0.010886290090612934,0.00027502407853450617,0.0051883404004403715,0.005422803468072055,1.2214356600152826e-07
2710,0.011100468991350844,0.000498159416486403,0.005287204139941478,0.005314978411982165,1.2702294079792503e-07
2711,0.011266377070263713,0.000659930198334944,0.005056440298258983,0.0055498932947471245,1.1327892266093019e-07
2712,0.011169148311120727,0.0005756587269039633,0.005360859921710605,0.005232517382699732,1.1227980642571096e-07
2713,0.01090634012992346,0.00029423399961796287,0.0051874460454249096,0.005424548418378179,1.116665024074358e-07
2714,0.010909356379494287,0.00030794320422136646,0.005175026475275058,0.005426269956239397,1.1674375846677631e-07
2715,0.011170669381986797,0.0005834841356163035,0.005367609936461184,0.0052194542294899575,1.2108041935222034e-07
2716,0.01130860083025252,0.0006931661249754448,0.005089148537249207,0.005526174067788231,1.1210023963770543e-07
2717,0.01112888231940766,0.0005319863003916485,0.005331098739894394,0.005265683705343131,1.1357377848683226e-07
2718,0.010867536566320042,0.0002748624169048756,0.0051913397965197864,0.005401223765663382,1.1058723199875902e-07
2719,0.010982639981010489,0.0003817319424272242,0.005125857739907192,0.005474934331495407,1.1596718066621398e-07
2720,0.01129824806788759,0.0007016357060452297,0.005348191581182746,0.005248292983886401,1.277967732128705e-07
2721,0.011246245406362378,0.0006379536047216602,0.005076336726265725,0.0055318393649914895,1.157103835027913e-07
2722,0.010965499027431106,0.00038253725519462857,0.00528401242364773,0.005298834605835667,1.1474275308034457e-07
2723,0.010868610728436916,0.0002748090841122517,0.0052335223921455955,0.005360165213847222,1.1403833184655506e-07
2724,0.011119081070335182,0.0005067397644807991,0.005112074495389414,0.005500154047160728,1.1276330424038313e-07
2725,0.011306798291483882,0.0007237377658217447,0.005368895391439518,0.005214043684958606,1.214492640134924e-07
2726,0.01113324444773847,0.0005384977358748822,0.005054521840973398,0.005540109576912521,1.1529397766874609e-07
2727,0.010869350140078454,0.00027350012144891823,0.0052096297865614075,0.005386105423812078,1.1480825604997933e-07
2728,0.010964949139157543,0.00037487165929477165,0.005266891128013169,0.005323074435740557,1.119161090451733e-07
2729,0.011247711121124519,0.00064961012861106,0.005017437599888286,0.005580555255284853,1.0813734032014455e-07
2730,0.011282655764535937,0.0006962350459489217,0.005303071188990514,0.005283233780974263,1.1574862223818143e-07
2731,0.01097584204701911,0.0003749692944103282,0.005120156475483634,0.005480606889681826,1.0938744332226625e-07
2732,0.010872131131524687,0.0002882232185988238,0.005128778307198445,0.005455017241771572,1.123639558462235e-07
2733,0.01117755203556685,0.0005975073051066429,0.005294323179755054,0.005285601955813294,1.1959489185923513e-07
2734,0.011329028734246023,0.0007161252889840091,0.005074923873687484,0.0055378667554232056,1.1281615132295519e-07
2735,0.011075140261023114,0.0004934964503376691,0.005325413143744183,0.0052561103768894255,1.2029005183528534e-07
2736,0.01087476654987472,0.00029792139690690327,0.005159932176441735,0.005416790650758153,1.2232576792779233e-07
2737,0.011007509893942872,0.00041395496361944944,0.005112888250998514,0.005480543334132979,1.2334519193045392e-07
2738,0.011319941421937913,0.0007306159918138085,0.005399413855432092,0.005189782113229295,1.294614627187806e-07
2739,0.011206133548413107,0.0006074963242012361,0.005052160213547892,0.00554635783055747,1.1918010650890552e-07
2740,0.010891481819209178,0.0003159980288603234,0.005195645967509045,0.005379721264032536,1.1655880727290026e-07
2741,0.010945171872820096,0.0003654010287554272,0.00524305460098751,0.005336604926258472,1.113168186869489e-07
2742,0.011210934216040875,0.0006086042023721129,0.0050402535367099505,0.005561965783086434,1.1069387237712833e-07
2743,0.011255041351952265,0.0006814650668106517,0.005270584864838939,0.005302865675298025,1.2574500464864042e-07
2744,0.010932823384999242,0.0003485314967263507,0.00509157028070432,0.005492601011464641,1.2059610393019817e-07
2745,0.010882476497305902,0.00028650676432283366,0.005149566642930165,0.005446287061545554,1.1602850734843112e-07
2746,0.011142025266447546,0.0005654529428544796,0.005284325949090216,0.005292129867655692,1.1650684715934783e-07
2747,0.011233787314023212,0.000652943756918434,0.005026769635762084,0.005553962794698074,1.1112664462093066e-07
2748,0.011002569634351294,0.00042175342232326026,0.005312375606634617,0.005268319972096105,1.206332973126829e-07
2749,0.010850813817711647,0.00025650111236665246,0.0052244619132244905,0.005369727566156904,1.232259636005873e-07
2750,0.010987423324628017,0.00040940927061150717,0.005109585913472593,0.005468307770496266,1.203700476499608e-07
2751,0.01122971414828681,0.000664491515397739,0.005361075592987716,0.005204027526046203,1.195138551515884e-07
2752,0.01122850200565553,0.0006268550566277843,0.0051043497342943885,0.00549718763781318,1.0957692017626899e-07
2753,0.010912745949695013,0.00033792595138654803,0.00527967904925289,0.005295025448327343,1.1550072823262187e-07
2754,0.010870881104414996,0.0003056772259308929,0.005212607842573728,0.005352477199504345,1.1883640603071329e-07
2755,0.011094047452485283,0.0005017294614385867,0.0050757961280216675,0.005516405365921863,1.1649710316567566e-07
2756,0.011295070559545156,0.0007145671211559965,0.005355776742583622,0.0052246058549896566,1.2084081588054695e-07
2757,0.01107474562268822,0.000495258874757814,0.005061954424530197,0.0055174204624747905,1.1186092541778676e-07
2758,0.0108458426899668,0.00027916781911620594,0.005179276754081862,0.005387282138494419,1.1597827431488923e-07
2759,0.010940633061690446,0.0003620726422421482,0.005268015971075336,0.005310425717541283,1.1873083168074126e-07
2760,0.011205933802805705,0.0006117614384647783,0.0050577847649435625,0.005536271561296046,1.1603810131803695e-07
2761,0.011246064979071197,0.0006858384520221189,0.005302407885303154,0.0052576923552463415,1.26286499582667e-07
2762,0.010950206567441601,0.00037343382044958463,0.0050802072546869545,0.005496448686285029,1.168060200339105e-07
2763,0.010843080677138349,0.00026007727284545396,0.005169876910730453,0.0054130132707403775,1.1322282206350477e-07
2764,0.011041276920798353,0.0004741654357365546,0.005272505350279478,0.005294490863643555,1.1527113876663916e-07
2765,0.011256701109924052,0.0006776582612938717,0.0050139312177549305,0.005565000550221514,1.1108065373678136e-07
2766,0.01115647746441041,0.0005837168304582346,0.005322559017461455,0.005250081716735746,1.1989975497270465e-07
2767,0.01086149323956167,0.00028178056718841475,0.005136656430856645,0.005442938446725405,1.1779479120404948e-07
2768,0.010900960072421346,0.00033743068339901256,0.0051095135594398135,0.0054539004766323024,1.1535295021811915e-07
2769,0.011171527479139071,0.000607667200453543,0.005331500133687693,0.005232245497287957,1.1464770987739456e-07
2770,0.011295378978777654,0.000699776987565286,0.005069295568500765,0.005526199658610869,1.0676410073341824e-07
2771,0.011011466202418607,0.0004544177783812049,0.005288683736507047,0.0052682463147896135,1.183727407419974e-07
2772,0.010827088587090437,0.0002666654058632166,0.005162449118496378,0.0053978474035240274,1.266592068150239e-07
2773,0.01102132427796254,0.0004353440663316384,0.005100727698412189,0.0054851271780451205,1.2533517358958363e-07
2774,0.01124518540076684,0.0006807762143057894,0.005334972324413349,0.005229309380665196,1.2748138250402075e-07
2775,0.011148159975163541,0.0005788132327275511,0.005012083706527885,0.005557147660238876,1.1537566922986496e-07
2776,0.010851710572440079,0.00028687413016380037,0.00520054046132935,0.005364180159614177,1.158213327510247e-07
2777,0.010886180193366868,0.0003148457016459242,0.005220481570156932,0.005350734308268704,1.1861329530864114e-07
2778,0.011153091933106523,0.0005789909371764672,0.005001849012855521,0.005572134682450998,1.1730062353659347e-07
2779,0.011214466809292147,0.0006627097941961365,0.00527926863702039,0.005272368120180626,1.202578949921171e-07
2780,0.010970578866284443,0.00039234635676942115,0.005071823140110515,0.005506301528490462,1.078409140433904e-07
2781,0.010816475129925689,0.0002504900523084683,0.005117809403981102,0.005448066396407577,1.0927722854280729e-07
2782,0.01102405664233599,0.0004760830755114623,0.005235995362227315,0.005311863358951316,1.1484564589695022e-07
2783,0.011232716143545755,0.0006507866196670429,0.005010944563725872,0.005570871008029025,1.1395212381588942e-07
2784,0.011144534229111167,0.0005815272500159907,0.005275513026729331,0.005287371371363088,1.2258100275693343e-07
2785,0.010878778910189757,0.00032590195251060936,0.005103449896152528,0.005449312524268286,1.1453725833298412e-07
2786,0.010879916897576834,0.0003170081065487098,0.005087854970107359,0.005474939952702296,1.138682184694963e-07
2787,0.011145797812558976,0.000579661067358139,0.005328536357591838,0.005237483196736109,1.1719087288885314e-07
2788,0.011234549517589607,0.0006616352998965745,0.005057799459858153,0.005515002452424156,1.123054107222399e-07
2789,0.0110472399562307,0.0005008516428195454,0.005267099786848692,0.005279165389000912,1.2313756155097542e-07
2790,0.010809431576211422,0.0002498539455940366,0.0051974891109208285,0.005361969320868997,1.1919882755983401e-07
2791,0.010947732618897314,0.00037843034866554936,0.005157813071553119,0.005411372802225465,1.163964531801572e-07
2792,0.011237492036025034,0.0006866425103246102,0.0053601005655649365,0.005190626668881359,1.2229125412885853e-07
2793,0.011225118622398719,0.0006595262367988766,0.005083819736826952,0.005481662141023307,1.1050774958363932e-07
2794,0.010980793707343632,0.00042119301745342075,0.005358846848707618,0.005200640273393764,1.1356778883114556e-07
2795,0.010828856871464444,0.0002712538458748129,0.00522833670480183,0.005329149315242587,1.1700554521377928e-07
2796,0.01100523216695169,0.00045501655022747923,0.00511171946427024,0.005438377247771228,1.1890468274348844e-07
2797,0.011249492732757016,0.0006951177300320501,0.005402144170340561,0.005152105666710005,1.2516567439939947e-07
2798,0.01122508483819186,0.0006434867831032359,0.005082351248955788,0.0054991321158698574,1.1469026297807788e-07
2799,0.010879794470074828,0.0003406703116422321,0.005219613397952442,0.00531939545396123,1.1530651892253312e-07
2800,0.010879102094882357,0.00034036307037309867,0.00520113229809244,0.0053374906437368115,1.1608268000705826e-07
2801,0.011157562277510346,0.0005779616840219043,0.00502405570712328,0.005555426574549812,1.1831181535018718e-07
2802,0.011190607678438122,0.000637354083091067,0.005252484987442121,0.005300640193363163,1.2841454177165403e-07
2803,0.010967141871707452,0.00041753882256871807,0.005024220150752167,0.005525267252427847,1.1564595871844856e-07
2804,0.010804299623328876,0.0002511543998018691,0.005069167062390965,0.0054838669602673565,1.1120086868526394e-07
2805,0.011011980714043258,0.0004540058024609436,0.005198167245893068,0.005359694719337709,1.1294635153761815e-07
2806,0.011143616733985359,0.0005786146957713012,0.005020557053846932,0.005544332066869692,1.1291749743316677e-07
2807,0.011047467264710937,0.0005093508791621693,0.005237717676849492,0.00530026923013626,1.2947856301555888e-07
2808,0.01084595859776479,0.00029044636415600996,0.005091949270968387,0.005463439115485754,1.238471546393615e-07
2809,0.010842597869743233,0.0002813256977148766,0.005149393755569942,0.005411766186724017,1.1222973439596842e-07
2810,0.011035228011292935,0.0004913511509386248,0.005316006300029419,0.005227758045952716,1.1251437217565548e-07
2811,0.011239501840182483,0.0006834566036973146,0.005042124988331786,0.005513804267514894,1.1598063849083325e-07
2812,0.011157439343434158,0.0006077406658208496,0.005348724238303379,0.005200844843216617,1.295960933110927e-07
2813,0.010904018957806726,0.00034626968917142643,0.0051627936878684295,0.005394831409947249,1.241708196213372e-07
2814,0.010817894586848764,0.00027514569505734173,0.0051730911407287025,0.0053695364737975605,1.212772651598508e-07
2815,0.011044246156993658,0.0005031258010981529,0.005330755539759339,0.0052102481336698675,1.1668246629759766e-07
2816,0.011289934422077487,0.0007207306898655507,0.0051012507094152495,0.005467846064097898,1.0695869878839486e-07
2817,0.011190689270554569,0.0006450268758382529,0.005372629244392559,0.0051729110254731085,1.221248506496926e-07
2818,0.010897174962683257,0.00035579431121804427,0.005107024631104838,0.0054342277376478905,1.282827124860615e-07
2819,0.010822038014222216,0.00027688662664166565,0.00515463039759062,0.005390393322031769,1.27667958163819e-07
2820,0.011121890885781105,0.0005709954343583243,0.005350210836994611,0.005200559416931884,1.2519749628498233e-07
2821,0.011239418923416745,0.0006765817135575733,0.005031115556970566,0.005531604894869382,1.1675801922258084e-07
2822,0.01101520293884796,0.0004853104797449076,0.005234007012111556,0.00529576397915764,1.2146783385555806e-07
2823,0.010799531889509857,0.0002594856590268053,0.005144445917357557,0.005395486469948253,1.1384317724168043e-07
2824,0.0109749610496274,0.0004123137596369089,0.005062750037694512,0.005499783437121599,1.1381517438113585e-07
2825,0.011185760563412167,0.0006474869868177755,0.0052593917466457335,0.005278753878279763,1.2795166889563643e-07
2826,0.011089990833399845,0.0005457460641715517,0.005003432885042689,0.005540689545840061,1.2233834554173112e-07
2827,0.010830011828359024,0.00028391519032950154,0.00516931535271884,0.005376659431133326,1.2185417735582823e-07
2828,0.010843603342182508,0.0002943358392548457,0.005195035463442655,0.005354116191491153,1.1584799385339572e-07
2829,0.011076272612160513,0.0005301711819373713,0.0050575579191768525,0.005488431301893626,1.1220915266156359e-07
2830,0.011203527694360914,0.0006697619960407389,0.00533467354312691,0.005198963808931522,1.2834626174416516e-07
2831,0.011057447800209185,0.0004978995112156914,0.00509183124472722,0.005467587772403124,1.292718631480832e-07
2832,0.010801605610365844,0.0002622393908304232,0.005236435620780745,0.005302799618250908,1.309805037661299e-07
2833,0.01089093452010932,0.00036166152650963195,0.005267345019742814,0.005261802588895479,1.2538496139492813e-07
2834,0.011158191040722944,0.0006029877318068745,0.005073072467222954,0.005482017934138457,1.1290755465648716e-07
2835,0.011238763398169179,0.0006921674606688146,0.005378513929528019,0.005167962397337749,1.196106345960812e-07
2836,0.010933826040832739,0.00038777009370618925,0.005092921037883058,0.0054530098752248015,1.250340186885928e-07
2837,0.01080503711382312,0.0002720450488328729,0.005131653973062141,0.00540120217104944,1.3592087866447037e-07
2838,0.010976584238834719,0.00043931417900130944,0.005275024221946458,0.005262116011179398,1.298267075525445e-07
2839,0.01121090490063375,0.0006503365825783698,0.005046387958707491,0.0055140659289389625,1.144304089274641e-07
2840,0.011097074809506622,0.0005663018011558511,0.005261536589948917,0.0052691140635323696,1.2235486948470252e-07
2841,0.010824290520801989,0.00028881547946130713,0.00510139183174934,0.005433963187042493,1.2002254884920502e-07
2842,0.01084493311437596,0.0002950110947384374,0.0051129638348018985,0.005436834859184032,1.2332565159270319e-07
2843,0.011098101828041398,0.0005606715450921382,0.005276238012219116,0.005261057749723938,1.3452100620589556e-07
2844,0.011166180102708808,0.0006260606280322306,0.00502256827781728,0.005517425996639122,1.2520022017365143e-07
2845,0.010945526703861496,0.00041419223359845045,0.005272538560040367,0.005258669725295449,1.2618492722934988e-07
2846,0.010792820212556762,0.00024554549947583326,0.0051844823371444354,0.005362674379264267,1.1799667222605764e-07
2847,0.010890664898451419,0.0003512553089927479,0.00512991692815871,0.005409378499949771,1.1416135018833645e-07
2848,0.011147807197641685,0.0006235916005344112,0.005349382586535897,0.005174710308297024,1.227022743536483e-07
2849,0.011211331263151136,0.0006594046174747929,0.0050727271277659644,0.005479080065362759,1.1945254761812235e-07
2850,0.010943499675005823,0.00041028063058900214,0.005306398881124783,0.00522669218677511,1.2797651692641192e-07
2851,0.010778263817552692,0.0002501953583586735,0.005180327870737367,0.005347614390980311,1.261974763396151e-07
2852,0.010956677926596513,0.0004146675015145905,0.005078271583300734,0.005463622106996898,1.1673478429114033e-07
2853,0.011224066556180011,0.0006879827065284502,0.005345603262007336,0.005190361741381114,1.1884626311108016e-07
2854,0.01111297741694025,0.0005676389076382018,0.005030763309358067,0.005514454960777848,1.2023916613226823e-07
2855,0.01084261679752077,0.0003185885088230069,0.005170289846281341,0.005353602651530901,1.3579088552041954e-07
2856,0.010825650804021638,0.00029569935788106394,0.005188791886465688,0.005341031379756531,1.2817991835519373e-07
2857,0.011080407714728544,0.0005307302425051632,0.005015474371956602,0.005534088940824132,1.1415944264676075e-07
2858,0.011197456635390665,0.0006743452320669378,0.005255586698537039,0.005267409082401429,1.1562238526054155e-07
2859,0.01097316468079758,0.0004374711926721262,0.005046977684395407,0.0054886078851357455,1.0791859430299561e-07
2860,0.010793583352530917,0.0002537128347581928,0.0051249787273043145,0.005414774101928367,1.1768854004138244e-07
2861,0.01089519952214456,0.00037181152023276154,0.005203148391584072,0.005320117147043392,1.224632843350625e-07
2862,0.011152276296779496,0.0006203980309245374,0.005037455367702691,0.005494312619377124,1.102787751433122e-07
2863,0.011165936285440934,0.0006330789504565305,0.005322799934702629,0.005209945008822305,1.123914594686267e-07
2864,0.010885539815539308,0.0003429638344746062,0.005142660758528524,0.005399809838293817,1.053842423581148e-07
2865,0.010818763195031287,0.00030067641526815314,0.005209991048045235,0.005307984181258059,1.1155045983913053e-07
2866,0.010986050635293667,0.00046741887075846256,0.005331586801342468,0.005186921396625591,1.2356656714690442e-07
2867,0.011260777796967755,0.0007093382130533476,0.005122764457669463,0.005428557166451495,1.1795979345080532e-07
2868,0.011149338289451485,0.000625931571499143,0.005410892023302417,0.005112390082280664,1.2461236926133147e-07
2869,0.010876367966278921,0.0003569770698309262,0.005131407152844336,0.005387861771991195,1.2197161246506765e-07
2870,0.01078674846879112,0.00025508213531238826,0.005157457498738574,0.0053740915810522654,1.1725368789049678e-07
2871,0.011036807550800444,0.0005048691023339268,0.005320653632717592,0.00521116901336693,1.158023819966115e-07
2872,0.011135053785040113,0.0005995092931771425,0.005029947042288555,0.0055054808869797875,1.1656259462627759e-07
2873,0.011018757174978732,0.0005058744721046754,0.0052111176914004815,0.0053016336874197965,1.3132405377840896e-07
2874,0.010785481261838597,0.0002557475181056172,0.00511752527983737,0.005412088777405385,1.1968649022505687e-07
2875,0.010856676135595524,0.0003201619274263265,0.00508764262243637,0.0054487601157826564,1.1146995017190468e-07
2876,0.011107257178490492,0.0005925289499351678,0.005232937146440395,0.005281673536476881,1.1754563804795538e-07
2877,0.011141300797575134,0.00061178892219015,0.004994255737308994,0.005535144241804607,1.11896271384355e-07
2878,0.010969594072671113,0.00044510355244439104,0.005256392553765507,0.005267978311981636,1.1965447957973768e-07
2879,0.010764071082779176,0.00023460299606915472,0.005141451118458784,0.005387898373490215,1.1859476102137732e-07
2880,0.010897288596158808,0.000377809380042148,0.005071599906317302,0.005447766020616881,1.1328918247614237e-07
2881,0.011131814140584067,0.000618928784350608,0.005320944744416481,0.005191830812886815,1.0979893016350677e-07
2882,0.011237890704143693,0.0006937504070281859,0.0050584840721499625,0.005485555415311783,1.0080965376111494e-07
2883,0.010941833011525202,0.00042603215390932584,0.005264669295249112,0.0052510177946950565,1.1376767170767547e-07
2884,0.010785217316650936,0.0002755262510443697,0.0051563515243857,0.005353222241342598,1.1729987826718031e-07
2885,0.010925166705885697,0.00039482501202820234,0.005089404548107579,0.00544082361400268,1.1353174723539891e-07
2886,0.011213043866621052,0.0006874368591673003,0.005330339262950618,0.005195150652313265,1.1709218986815985e-07
2887,0.011088958879502023,0.0005626788709655411,0.0050414932998494024,0.00548467525570153,1.1145298554934382e-07
2888,0.010828083319058029,0.00032164249070416336,0.005210036346084149,0.005296282441416266,1.2204085345132385e-07
2889,0.010782173903502862,0.00026207614160905925,0.005220878437574336,0.005299094075681332,1.252486381350745e-07
2890,0.011036207795519662,0.0005018328523268582,0.005088286348721981,0.0054459655236853465,1.2307078547606642e-07
2891,0.01118101901665366,0.0006752120325437483,0.005315388101020126,0.005190286076270802,1.3280681898268438e-07
2892,0.01100410921170066,0.00048410818672817114,0.005045107793355646,0.005474774190995668,1.1904062117545122e-07
2893,0.01077674547745911,0.0002539406299686318,0.005204648646197657,0.005318042368539556,1.1383275326370914e-07
2894,0.01083474737670747,0.00031935370935985257,0.005226342080863195,0.005288936531018535,1.1505546588663339e-07
2895,0.011107870959307884,0.0005897054564267466,0.005003234398009338,0.0055148164000412715,1.1470483052796143e-07
2896,0.011159839874050684,0.0006506713463684943,0.005294753742700687,0.005214295408995085,1.193759864183517e-07
2897,0.010923299668863164,0.0003930670783189911,0.0051005409149556995,0.005429583994422272,1.0768116620034246e-07
2898,0.010749635380769418,0.00023697447856055497,0.005138591494759748,0.005373958266100375,1.1114134874084362e-07
2899,0.010950313824100546,0.0004502800189462808,0.005239892408658427,0.005260026842111463,1.1455438437656546e-07
2900,0.011187992153574796,0.0006591263466767861,0.005039995744791047,0.005488762684481983,1.0737762498162379e-07
2901,0.011111485619369936,0.0005956708490019237,0.005307087070598553,0.005208607404183976,1.2029558548459717e-07
2902,0.010805684340505248,0.00029627770714192657,0.0051179795341737494,0.005391307103705091,1.1999548448063709e-07
2903,0.010802966402513544,0.00029223435736442255,0.00510908061534865,0.0054015327542002,1.1867560027092727e-07
2904,0.011104097946526307,0.0005893497232457671,0.005318212747562976,0.005196414479579484,1.209961380792584e-07
2905,0.011134365248064708,0.0006072934961358573,0.005062755456078492,0.0054641997995931845,1.1649625717459842e-07
2906,0.010896143159828387,0.00039747931482773897,0.005266237261797989,0.005232304289700514,1.222935021461537e-07
2907,0.010774249691991514,0.0002616219348455104,0.005180094611652237,0.005332414362885604,1.1878260816254364e-07
2908,0.01095763449930428,0.00043695729924829495,0.005122990548511513,0.005397575981461244,1.1067008322781177e-07
2909,0.01109101350028202,0.0005876264068383272,0.005315789463950623,0.005187480669750054,1.169597430133717e-07
2910,0.011048621322084558,0.0005306036646508196,0.005044444947766108,0.005473459084317863,1.1362534976774638e-07
2911,0.010826828357041548,0.00032375987877407804,0.005241793314542551,0.005261164292060796,1.108716641223722e-07
2912,0.010782218252698145,0.00026884811192743685,0.005219960724239313,0.0052933001046142365,1.0931191715948979e-07
2913,0.010982554548137834,0.00046416307680990535,0.005035683505705764,0.005482595690148692,1.1227547347175448e-07
2914,0.01108583858956207,0.0005973031838256722,0.0052491109075747736,0.005239302466337892,1.220318237334952e-07
2915,0.01095773933214157,0.00043922676204753507,0.005029091522300386,0.005489308647308372,1.124004852767886e-07
2916,0.010843116989627725,0.0003254018677705478,0.0051511783011270905,0.005366429943536758,1.0687719333049975e-07
2917,0.010765481998283921,0.0002680725960138014,0.005122051798297603,0.005375253058217782,1.0454575473384588e-07
2918,0.010955320991195255,0.0004518415338241018,0.0050019009750801365,0.0055014673234076526,1.1115888336510161e-07
2919,0.011169264563853325,0.0006607168675517928,0.005240456889658684,0.005267966484637203,1.2432200564581634e-07
2920,0.011123241057165547,0.0005958084516388567,0.0050097126014409235,0.00551760986644617,1.1013763959714633e-07
2921,0.010909493832862304,0.00042197909823955484,0.005216981991753054,0.005270425722847037,1.0702002265800246e-07
2922,0.010756898257935256,0.00026285646866771895,0.005117883010194474,0.005376049868786966,1.0891028609765548e-07
2923,0.010890207460078629,0.00036980817478214926,0.005073721730302028,0.005446566438771824,1.1111622262731702e-07
2924,0.01110859714247766,0.0006047753923714917,0.005307584151481736,0.00519612369617398,1.139024504529163e-07
2925,0.01118238309774365,0.0006762587215404717,0.0049901513267700225,0.005515866525159751,1.0652427340484394e-07
2926,0.01102784603429866,0.0005371248036456277,0.005228754667674359,0.005261854108140739,1.124548379346541e-07
2927,0.010769789769832117,0.00025842694926694475,0.00513024363750011,0.005381013370271431,1.0581279363159246e-07
2928,0.01082389606600055,0.00031395011937337074,0.005115468029947222,0.005394375506565459,1.0241011449771462e-07
2929,0.011076671466082629,0.0005876423752704929,0.00525200232085549,0.005236917048094216,1.0972186243014973e-07
2930,0.01121646313337825,0.0007080982719211704,0.004981881496802139,0.005526373936116187,1.0942853875341786e-07
2931,0.011011061399995591,0.000511596102118401,0.005294227942071698,0.005205117973621062,1.1938218442947443e-07
2932,0.010757034764406431,0.0002477806521397907,0.005141570702963684,0.005367568224756851,1.151845461061278e-07
2933,0.01084426304615117,0.00034420133049695915,0.005053816158334298,0.005446137158772539,1.0839854737391475e-07
2934,0.01110003150993175,0.0006171996174350306,0.005247200422904945,0.005235525042731501,1.0642686027272694e-07
2935,0.011154382926228583,0.000638679367335307,0.004993985416962689,0.0055216171053520426,1.0103657854403294e-07
2936,0.010889053645972122,0.00038582617469377396,0.005195100320350612,0.0053080164006491515,1.1075027858438711e-07
2937,0.010743066687727253,0.000252330121463463,0.0051125885689378165,0.00537803886830957,1.0912901640302954e-07
2938,0.010970839742641092,0.00047234671326001676,0.0050136555278758165,0.00548473558065091,1.0192085434845397e-07
2939,0.011219562590679466,0.0007201050363790056,0.0052924020020417495,0.005206949397241403,1.0615501730691217e-07
2940,0.011007358043705399,0.0004936699205934423,0.005032768658918479,0.005480815199634167,1.0426455931092515e-07
2941,0.010767292379348663,0.00028303885621944094,0.005144170350693136,0.00533997180469013,1.1136774595576535e-07
2942,0.010869921309458045,0.00038241742296650163,0.00521358672597906,0.005273806099925498,1.1106058698617309e-07
2943,0.011181532656279254,0.0006626251602943386,0.0050398071724103675,0.005478999309323223,1.0101425132457114e-07
2944,0.01113120422252847,0.0006409845878271039,0.005322699678920452,0.005167412386494695,1.0756928621820488e-07
2945,0.010811981265089837,0.0003206714265409837,0.00506363816938991,0.00542755811319071,1.1355596823270668e-07
2946,0.010779375130381396,0.00028202644646024323,0.005070239545127734,0.005426991977275455,1.1716151796551011e-07
2947,0.011083513706777378,0.0005875677954892308,0.005286262511454452,0.005209571433981201,1.1196585249405732e-07
2948,0.011141938042423792,0.0006289276422831689,0.004993229944273732,0.005519681955621385,9.850024550776928e-08
2949,0.010873093117555447,0.00038932643713003346,0.0051498769866487725,0.0053337849145300795,1.0477924656154999e-07
2950,0.010755470436346708,0.0002703121015192945,0.005115473183603147,0.00536957514572149,1.100055027762907e-07
2951,0.011011932273909824,0.0004995906559585547,0.004996351754901555,0.005515877243388052,1.1261966166219539e-07
2952,0.01115999029000691,0.0006677664197995138,0.0052224402824558695,0.0052696643429844025,1.1924476712533113e-07
2953,0.010897607537322083,0.000407186012629384,0.005009607220480854,0.005480706192288806,1.08111923038509e-07
2954,0.010720388604468415,0.00022871253411707517,0.005115173806442371,0.005376394917066167,1.0734684280215685e-07
2955,0.010941484626507847,0.00044302361729988354,0.005247065204617309,0.005251285622606563,1.1018198409263451e-07
2956,0.01108197826726403,0.0005809797426079896,0.005038284842209944,0.0054626084840191545,1.0519842694114303e-07
2957,0.010973391663417285,0.0004979154660069517,0.005276517140326566,0.005198846104165402,1.1295291836506609e-07
2958,0.01075488044539856,0.0002600141987882929,0.00514857665569164,0.005346176470634339,1.1312028428947833e-07
2959,0.01078505675977294,0.00028447775719854653,0.005184575869493574,0.005315894955892027,1.0817718879417078e-07
2960,0.010997404492336382,0.0005132616169491133,0.005348114142664221,0.005135923058197509,1.0567452553911227e-07
2961,0.011163387664386064,0.0006673822209273191,0.005039649393933666,0.005456256152029675,9.989749540476412e-08
2962,0.010945425291315841,0.00046318960833570286,0.005292447793737194,0.005189680665346586,1.072238963584839e-07
2963,0.010744022559368738,0.00025007204391566174,0.005158568677883226,0.005335271459167628,1.1037840222138596e-07
2964,0.0108265167900734,0.0003308479044500522,0.00506700924222979,0.0054285479004769705,1.1174291658712197e-07
2965,0.011045884808683001,0.0005709701066553993,0.005244100614541147,0.0052307043554752596,1.097320111970898e-07
2966,0.011104787993134062,0.0006064960816759944,0.004999123176365373,0.00549906815387308,1.0058121961380329e-07
2967,0.01090293819869311,0.00041042934537065766,0.005180846016626808,0.005311549720269783,1.1311642586086016e-07
2968,0.010720310793252776,0.0002374579978354648,0.005078260488660722,0.005404474745330106,1.1756142648292144e-07
2969,0.01090125489371422,0.00041503193709790855,0.005009185194853243,0.00547692493368952,1.1282807354670772e-07
2970,0.011175928873232698,0.0006864154019350291,0.00526853364742997,0.005220866900750544,1.1292311715572327e-07
2971,0.011078551476775982,0.000575452802166325,0.005014163188389212,0.0054888322282175975,1.0325800284854586e-07
2972,0.010815649278437863,0.00034677191751582417,0.005181333720255203,0.005287435187608528,1.0845305830832988e-07
2973,0.010759376919838061,0.00028233084304626335,0.0051664839819276056,0.005310453235560007,1.0885930418487872e-07
2974,0.011037122275627332,0.0005317712007502795,0.005059303699043972,0.0054459480936063474,9.928222673396947e-08
2975,0.011177852210636661,0.0006977048384889295,0.005342824206292909,0.005137223582321684,9.95835331378656e-08
2976,0.010977377236847514,0.000493029735419875,0.005025933616049007,0.005458316804126696,9.708125193659307e-08
2977,0.010729066868729112,0.0002471035101945587,0.0051446160507543385,0.005337246211473351,1.0109630686488305e-07
2978,0.010854683311632944,0.0003709312985543971,0.0052245560253112305,0.005259097311558267,9.867620904858762e-08
2979,0.01107726196775236,0.0005827618438491761,0.0049921022411495335,0.005502302520329445,9.536242420561002e-08
2980,0.01109912898775454,0.0006274985711548288,0.005219981135563238,0.005251540252720435,1.090283160364044e-07
2981,0.010802940358197352,0.0003170387987845702,0.00506895559802002,0.005416836119686777,1.0984170598655615e-07
2982,0.010744689427731673,0.0002538429862507547,0.005111136300127919,0.005379597541113425,1.1260023957465645e-07
2983,0.01097543333986983,0.000500231601173581,0.0052108034329736205,0.0052642815759803485,1.1672974228044136e-07
2984,0.0111042634104233,0.0006217739073237074,0.004980278919289133,0.005502101034821245,1.095489892132795e-07
2985,0.010941802659978557,0.0004630433962280278,0.00526452341238654,0.005214121921341584,1.1393002240488053e-07
2986,0.01074272539479385,0.00024939693570718815,0.005141560555787352,0.005351661488719473,1.0641457983649027e-07
2987,0.010789002336621476,0.00031298042298568134,0.005096366133523164,0.005379553762001833,1.0201811079913013e-07
2988,0.011036379863420995,0.0005714541920418264,0.005288094347484427,0.005176722195176202,1.0912871853926366e-07
2989,0.01114070805860155,0.0006415447248477387,0.005037823540593713,0.005461232532215431,1.0726094466587885e-07
2990,0.010883839644992377,0.00040660011790016995,0.005262016761598238,0.0052151148059367235,1.0795955724541193e-07
2991,0.01071323841887266,0.00024363356934958697,0.005130910837613969,0.005338596749885367,9.726202373832208e-08
2992,0.010863985129260402,0.0003806584583486298,0.005039872339887472,0.005443361708660811,9.262236348958563e-08
2993,0.011097233309414143,0.0006187544360761751,0.005281501531187369,0.005196876102853556,1.0123929704238815e-07
2994,0.011030176113912377,0.0005414925352894137,0.0050043485759007356,0.005484231074463534,1.0392825869264727e-07
2995,0.010792134100843063,0.00032457772414007033,0.005134927941549771,0.005332514860885606,1.1357426761615597e-07
2996,0.010721660874822424,0.00024998746824927986,0.005142780466940925,0.005328784479102489,1.0846052973174854e-07
2997,0.010963459657409781,0.0004723795204425471,0.005039852714646637,0.005451125308450862,1.0211386973497021e-07
2998,0.011140097735522181,0.0006679702449143007,0.0052651381140451405,0.005206878229758833,1.1114680390676782e-07
2999,0.010970434551516023,0.0004930421402403633,0.0050039640346847035,0.005473322427528348,1.0594906260751107e-07
3000,0.01073072188453514,0.0002569869982943696,0.005166625028441271,0.0053070006772441974,1.0918055530164517e-07
3001,0.010774757677237767,0.0002979699971391884,0.005197201729722376,0.005279477056830677,1.0889354552558302e-07
3002,0.01101660427222326,0.0005387674666628738,0.005040197781681468,0.005437539233882597,9.978999632101779e-08
3003,0.011120323397932874,0.0006511705190194407,0.005342252937016503,0.005126800075563027,9.986633390247293e-08
3004,0.010930606354157792,0.0004411747775575775,0.0051015625502128245,0.005387773119817128,9.590657026116755e-08
3005,0.01070502987782144,0.00023947060595287502,0.0051820984247033155,0.005283355943836789,1.0490332845901378e-07
3006,0.010843591384993271,0.0003821614855959312,0.005241615138395629,0.005219704093049087,1.1066795262309883e-07
3007,0.011111024860710784,0.0006199756463875039,0.005045303539394521,0.005445642943127425,1.027318013336005e-07
3008,0.01105154603180426,0.0005828294903331739,0.005298997413360458,0.005169613461614296,1.0566649633056082e-07
3009,0.010780984952273793,0.0003115195152194798,0.005064937897429193,0.005404424935740474,1.0260388464807416e-07
3010,0.01072191876685262,0.0002448774142131525,0.005074731087539665,0.005402204211387778,1.060537120246233e-07
3011,0.010967718829863637,0.0004982004148108762,0.0052262966101124155,0.005243107750886978,1.1405405336843535e-07
3012,0.011078174591040412,0.0005998368132237092,0.004967164331149172,0.005511062058462866,1.1138820466593479e-07
3013,0.010897105434688786,0.0004308935402807999,0.005186877554542586,0.0052792199648680925,1.1437499730608007e-07
3014,0.01072396690929419,0.0002508896412822028,0.005120795309685698,0.005352178774013838,1.0318431245260746e-07
3015,0.010820199755153179,0.0003453577173945721,0.005022083423326865,0.005452656734643888,1.0187978785187822e-07
3016,0.011054942676881145,0.0005943748554078606,0.005238148350394434,0.005222312264095729,1.072069831224018e-07
3017,0.011061121342239435,0.0005813959076368747,0.005043872164445518,0.005435755780383528,9.748977351360848e-08
3018,0.010812673657546734,0.00034316469941590304,0.005220493156970754,0.00524891250808261,1.0329307746598175e-07
3019,0.010708730632799745,0.000249733139812155,0.005177157248889465,0.00528173626984912,1.0397424900360298e-07
3020,0.010910835382965148,0.0004402039571071306,0.005108822380905117,0.005361707087118659,1.0195783424076105e-07
3021,0.01116615549296131,0.000691978473424482,0.005377146351970286,0.005096921417247301,1.0925031924132218e-07
3022,0.011011707885018564,0.0005379731803644372,0.005099785859108489,0.005373846773002239,1.0207254339783668e-07
3023,0.010791482183247558,0.00033852002987110774,0.005293051139059735,0.005159805010106172,1.060042105435729e-07
3024,0.010731375186151092,0.0002608054484294365,0.0052683625960556115,0.005202094811795753,1.1232987029128243e-07
3025,0.01093426821170915,0.0004525396370411262,0.005129227425593745,0.005352388647701383,1.1250137289665454e-07
3026,0.011096295336752984,0.0006443291745256805,0.005346102092349871,0.005105747630072032,1.16439805399763e-07
3027,0.010970621496321883,0.0005027753602006987,0.005026411454054282,0.005441327556169947,1.0712589695451974e-07
3028,0.01077007703717051,0.0002973708634225041,0.005172953586304083,0.005299644017947806,1.0856949611474515e-07
3029,0.010759715308737988,0.0002949214735448956,0.005169082004801812,0.005295601378251325,1.1045213995762897e-07
3030,0.010984867482071788,0.0005173647764728559,0.004951059491266446,0.005516332658297939,1.1055603454608789e-07
3031,0.011130046491055137,0.0006710387715357354,0.005169194858847997,0.005289700765244707,1.12095426697812e-07
3032,0.010935742457756876,0.0004555274401075625,0.005000710865890628,0.005479408426691187,9.57250674995706e-08
3033,0.01070614778951275,0.00024663246229999846,0.005098770667368415,0.005360646182164763,9.847767957282996e-08
3034,0.010864012229962909,0.00041056152019664156,0.005142411496893803,0.005310930158624915,1.0905424754885443e-07
3035,0.011078938273857317,0.0005996387835443372,0.004983384022714568,0.005495806182205134,1.0928539327903216e-07
3036,0.011134612792800709,0.0006722946527325906,0.005290385732133821,0.005171816606712715,1.1580122158194826e-07
3037,0.010804605087735595,0.00033991345393828346,0.005044808231669256,0.00541977683848868,1.065636393750812e-07
3038,0.010740088274007338,0.00028368707102741666,0.005076827204899336,0.0053794727914769766,1.0120660360762864e-07
3039,0.010926468858009327,0.0004684147467989355,0.005256290672989646,0.005201665279690231,9.815853051385058e-08
3040,0.011167643121468538,0.000685854033793594,0.005036625231057495,0.005445068638984681,9.521763276886353e-08
3041,0.010984753440334548,0.0005300494865770793,0.005253330816669046,0.00520126242688489,1.107102035327559e-07
3042,0.010739345304572918,0.00028522785343095425,0.005087545699669889,0.0053664607266203975,1.1102485167924761e-07
3043,0.010781350169458748,0.0003149009972284792,0.005092231598863397,0.005374111980491097,1.0559287577302957e-07
3044,0.011103709468470483,0.0006378403715723728,0.005310482411334146,0.005155277718260655,1.089673033109691e-07
3045,0.011060056069989306,0.0005892816484862678,0.005006546740922735,0.005464119713598187,1.0796698211598924e-07
3046,0.010795179909148555,0.0003505323768663672,0.005177250586259664,0.005267276669250787,1.2027677173790363e-07
3047,0.01071208239076256,0.0002553573481144376,0.005174387151133014,0.005282216332050166,1.2155946494303653e-07
3048,0.010992140765409912,0.0005123847285576183,0.005035898143268727,0.005443743419536565,1.1447404700024892e-07
3049,0.011090238780159621,0.0006390441130943397,0.00525006481287124,0.005201013603024972,1.1625116906914817e-07
3050,0.010884302510480198,0.0004255853331701396,0.005000466170519214,0.00545814588860025,1.0511819059420857e-07
3051,0.0106921613968406,0.00022715458537361278,0.005115151200083906,0.005349750141300126,1.0547008295465362e-07
3052,0.010839839898834996,0.0003805451987275297,0.005202651300116388,0.005256531863187868,1.1153680320953936e-07
3053,0.011028932593676415,0.0005662282852592719,0.004967855574178444,0.005494734976927657,1.1375731104387123e-07
3054,0.01099622649458444,0.0005463465455904235,0.005198789778218901,0.0052509700012756556,1.2016949946023697e-07
3055,0.010733496187850286,0.0002673412251399084,0.005097663988688948,0.00536838865552315,1.0231849828064108e-07
3056,0.010722637405005623,0.0002601629563896359,0.005137952164947008,0.00532442890763393,9.33760350496384e-08
3057,0.010946975572725186,0.0004975278120604393,0.005260585686290335,0.005188764655139817,9.741923459372407e-08
3058,0.011070451661274155,0.000608341346500021,0.005030889172306864,0.005431124252401209,9.689006606031011e-08
3059,0.010951014520431176,0.0004954534051936022,0.00532596377073489,0.005129488909908034,1.0843459464807892e-07
3060,0.010718781390589696,0.0002529431044515145,0.005152536102022302,0.005313189997404189,1.121867116913109e-07
3061,0.010738633687941883,0.00028719378047564406,0.0051129734350758614,0.0053383543895669985,1.1208282337846205e-07
3062,0.01095597681566929,0.0005104752898292847,0.005291262617708313,0.005154129665516842,1.0924261485183078e-07
3063,0.011111593110662977,0.0006348534313789664,0.0050389080721132806,0.005437730742488689,1.008646820405824e-07
3064,0.010892938569409025,0.0004411140372197582,0.005238690491374849,0.005213023725985093,1.1031482932548844e-07
3065,0.010705288331894013,0.0002560244281145606,0.0050760890422327995,0.005373062657084502,1.1220446215075347e-07
3066,0.010769937547181047,0.00030530426247471905,0.005026006572987666,0.005438515392221206,1.1131949745612548e-07
3067,0.010998281470379434,0.0005443955557437228,0.005218372803999185,0.005235399990985471,1.1311965105573436e-07
3068,0.011004451880320556,0.0005447240558751875,0.004964980106663437,0.005494641057912692,1.0665986924114479e-07
3069,0.010825717803573612,0.0003764074244490023,0.005134745685227148,0.005314452847455755,1.118464417075535e-07
3070,0.010674414676277184,0.00021813674791655924,0.005101976994890162,0.005354196217720567,1.0471574989582237e-07
3071,0.010805212141921596,0.0003467278152946276,0.0050520343994038515,0.005406347893679371,1.0203354374519604e-07
3072,0.011046620191860061,0.0005996828510407135,0.005251087875157379,0.005195738019609862,1.1144605210760845e-07
3073,0.01106760672497851,0.0006063841504812904,0.0050194374875369785,0.005441681489734209,1.0359722603126376e-07
3074,0.010880808764944407,0.0004307090500737433,0.00528396743178415,0.005166026438305225,1.0584478128770692e-07
3075,0.010691002567844683,0.0002366382524841371,0.005137767371525672,0.005316492583409473,1.0436042540021774e-07
3076,0.010778701558849389,0.0003319601698562875,0.005092839944187152,0.005353799653970086,1.0179083586350302e-07
3077,0.011041575690808422,0.0005944840002903178,0.005355481350764586,0.005091508230808151,1.0210894536849633e-07
3078,0.011199275987202157,0.0007258414979126944,0.005049866713599338,0.005423472644040476,9.513164964996714e-08
3079,0.010904840708804042,0.0004661899272873812,0.005246720643891658,0.005191827551847193,1.0258577780999602e-07
3080,0.01069567567751198,0.0002561517145209564,0.0050891935112466575,0.005350228519189715,1.0193255465173359e-07
3081,0.010839481706105342,0.000374747611079478,0.005003966468912033,0.005460665030163622,1.0259595020962582e-07
3082,0.011046682447221706,0.0005979239991838187,0.0051977423987728715,0.005250905758076323,1.1029118869288469e-07
3083,0.010963851114182624,0.0005130446779055819,0.004938368555625427,0.005512331573862784,1.0630678882941434e-07
3084,0.010720881760687771,0.00027401985440926336,0.005066979264061415,0.0053797695851286525,1.1305708844135585e-07
3085,0.010714718293895161,0.00025989871495983244,0.005102770956037144,0.005351937016875717,1.1160602246735779e-07
3086,0.010922154393867426,0.0004659485438890277,0.004990721940891791,0.005465376009671597,1.0789941501149854e-07
3087,0.011054098627803606,0.0006165471937142375,0.005213424630530718,0.005224009315917268,1.174876413823208e-07
3088,0.010887757887019511,0.000431086730596533,0.005020291962145852,0.005436270976810301,1.0821746682435275e-07
3089,0.010697369159674605,0.00024982203931910767,0.005188183969542304,0.005259256095438906,1.0705537428790475e-07
3090,0.010739558323142783,0.0002987815537388415,0.005203528499071453,0.005237142647122026,1.0562321046200322e-07
3091,0.010975959085529742,0.0005243527437869516,0.00503723117873103,0.005414280397440483,9.476557127751852e-08
3092,0.011119747653660932,0.0006749181538608047,0.005357810685132122,0.005086925690865431,9.312380257378857e-08
3093,0.010924535934999393,0.0004685668054165385,0.0050797466362577925,0.005376131836273104,9.065705195874775e-08
3094,0.010699230576693034,0.00026070477150413424,0.00518176856453058,0.005256658892843967,9.834781435203214e-08
3095,0.01074914766732265,0.0003089984805838006,0.0052257835771693925,0.005214268127067104,9.748250235312914e-08
3096,0.01103278750729309,0.0005712459238901479,0.005027630055237737,0.005433820216038288,9.131212691697404e-08
3097,0.011076922187041323,0.0006401273493916413,0.005251528741156375,0.005185166218558893,9.987793441279918e-08
3098,0.010830655720014164,0.00038871874525367277,0.005025676296119059,0.0054161607411177485,9.993752368344977e-08
3099,0.010666898829417038,0.00021517703750300663,0.005110063818078382,0.005341549374649192,1.0859918645776665e-07
3100,0.010849681602018645,0.00040363220239494977,0.0051989732752026245,0.005246959141595271,1.1698282580030939e-07
3101,0.011063817025333246,0.0006168476743113086,0.004962576745223133,0.005484280876341666,1.1172945713702951e-07
3102,0.011004809062279243,0.0005675848361148894,0.005231698395969228,0.0052054105312638824,1.1529893124412672e-07
3103,0.010737005885257897,0.0002843956580751688,0.005086007923997586,0.005366496271994071,1.0603119107246775e-07
3104,0.010706989647345547,0.0002661712136012884,0.005087147679739413,0.005353565059260593,1.0569474425214635e-07
3105,0.010999820563151822,0.0005648825378609146,0.0052624765557625144,0.00517235069496716,1.1077456123435846e-07
3106,0.011123871408391956,0.0006622402951665517,0.005027661473600824,0.0054338688126991394,1.00826925440158e-07
3107,0.01085478287134833,0.00041631691452317243,0.005257446638083868,0.00518092044085065,9.887789064090812e-08
3108,0.010679393323612516,0.0002466994704828804,0.005126766503003306,0.0053058334998327475,9.385029358195976e-08
3109,0.01087854862895318,0.00043062577846713154,0.005047375676521057,0.005400456858265823,9.03156991696833e-08
3110,0.011144523933798523,0.0006994411049969326,0.005320726738052756,0.005124259270117207,9.682063162844601e-08
3111,0.0109310236665294,0.00048199106352574296,0.005012132276612404,0.005436805754347426,9.457204382693508e-08
3112,0.010673949123407503,0.00024227817013191847,0.005126509759131781,0.005305064620367493,9.657377631165304e-08
3113,0.010836117606995627,0.00039686234308668005,0.00521962479818264,0.0052195320789276255,9.838679868050143e-08
3114,0.011082940878626222,0.0006240806923466744,0.004985164490461776,0.005473598038747099,9.765707067168794e-08
3115,0.010929176845972523,0.0004988758180150412,0.005204296677853587,0.005225896379350845,1.0797075305069096e-07
3116,0.010664978765779178,0.0002239737346486004,0.005058045512341471,0.005382852896269303,1.0662251980283939e-07
3117,0.01080080915023682,0.00034604214415474144,0.004990878457399603,0.005463784091825125,1.0445685734956772e-07
3118,0.01100289731007816,0.0005743262856230876,0.005172961113600278,0.005255503826650113,1.0608420468290816e-07
3119,0.010892699360752003,0.0004499253060171586,0.004945241070106559,0.005497433440607647,9.954402063684174e-08
3120,0.010717644928728972,0.0002685386211301034,0.005068841513836135,0.005380163336094262,1.0145766847138411e-07
3121,0.010752874046535719,0.0003166651626208786,0.005140317359381927,0.005295795170415826,9.635411708712621e-08
3122,0.01095482507252013,0.0005151884557994918,0.004946883735882907,0.005492662421553967,9.045928376467316e-08
3123,0.011017562812412165,0.0005795719632391217,0.005209562331839935,0.005228334503690989,9.401364211969527e-08
3124,0.010823890894466635,0.0003754237132735712,0.005098768244341281,0.005349609167338554,8.976951322860923e-08
3125,0.010667789808124106,0.00023776991596993776,0.005127698751196079,0.0053022244421213685,9.66988367202182e-08
3126,0.010871126811236607,0.00044142245583306245,0.005239926058771541,0.005189676383939508,1.0191269249671452e-07
3127,0.011046275235741873,0.0005935766437828429,0.005113637186103711,0.005338968641222632,9.276463268710274e-08
3128,0.011049794808475741,0.0006118031076234137,0.005407338931492664,0.005030556346193755,9.642316590760221e-08
3129,0.01085834666490152,0.0004219069608925878,0.005114623587437818,0.005321717169089965,9.894748114907173e-08
3130,0.01066161476411434,0.00023206902022914237,0.00518780402797246,0.0052416364429194945,1.0527299324091115e-07
3131,0.01086917986130944,0.00042966975299198195,0.0053185355957993796,0.0051208685100881685,1.0600242991099866e-07
3132,0.011081755304318595,0.0006228207987789962,0.005033362703501337,0.005425473578064425,9.822397383655291e-08
3133,0.011054784133111058,0.0006309872523959224,0.005199198950750699,0.00522449670374932,1.012262151187473e-07
3134,0.010771892774339625,0.00034482895168405284,0.00500547359199391,0.00542149415611211,9.607454955241153e-08
3135,0.0107118278224397,0.00026508033542641587,0.005050442406260717,0.005396205603703321,9.94770492458269e-08
3136,0.010957002275302831,0.0005120415341135343,0.005170191044735431,0.0052746621602251555,1.075362287118013e-07
3137,0.01102917805425167,0.0005867448267218696,0.004913953911799385,0.005528377715165466,1.0160056494913694e-07
3138,0.010865402992060968,0.000443155630219754,0.005144203189057204,0.005277941943365301,1.0222941870806012e-07
3139,0.010668678885530842,0.00022547131310428912,0.005067305215905835,0.005375805496829486,9.685969123064583e-08
3140,0.010760753015296089,0.0003132632564448726,0.0050394888900370735,0.0054079026837079314,9.818510621134842e-08
3141,0.01097519301619938,0.0005528425380929218,0.005219732153881278,0.0052025113505351425,1.0697369003872921e-07
3142,0.011011869845830429,0.000573935281841279,0.004977059102097132,0.005460773923281488,1.0153861052972307e-07
3143,0.010845474407719451,0.0004055100153836206,0.0052235196023436735,0.005216344740371181,1.0004962097506017e-07
3144,0.010660457101071552,0.00021916505888965724,0.005147423239513094,0.005293778047390338,9.07552784619209e-08
3145,0.01078473424485039,0.0003555287218264325,0.005075470202434574,0.0053536486753387605,8.664525062404133e-08
3146,0.01103882746441228,0.0006151096559002426,0.005295316014639271,0.005128310760990266,9.103288249998536e-08
3147,0.011096778827827485,0.0006450877384217826,0.005055357487163637,0.005396247542706276,8.60595357897348e-08
3148,0.010833611365150299,0.000400360075335131,0.005284304251411558,0.005148856268765122,9.076963848661308e-08
3149,0.010658742772178159,0.000233447144578399,0.005138845281466843,0.0052863583185039495,9.202762896648832e-08
3150,0.010833319970494481,0.0003971231166710326,0.005028879821460358,0.005407224308450087,9.272391300230278e-08
3151,0.01107733096740401,0.0006421676064510172,0.005287517088483553,0.0051475466951310415,9.957733839770795e-08
3152,0.010968361158401638,0.0005216095659146454,0.005012314183387961,0.0054343376129876875,9.97961113431746e-08
3153,0.010704414728476077,0.00028076287134017194,0.00510760024742162,0.00531594197903441,1.0963067987416341e-07
3154,0.010719446217480418,0.0002957120455574618,0.005123896044475219,0.005299729332992689,1.0879445504675214e-07
3155,0.010997861699913883,0.0005470446778323495,0.004987080869259443,0.0054636371808119335,9.897201015931245e-08
3156,0.011084237978888896,0.0006482592013252981,0.005227347514101305,0.005208527860426537,1.0340303575352866e-07
3157,0.010786835068907144,0.0003552250326843689,0.004985487045552053,0.0054460232986564775,9.969201424368576e-08
3158,0.010671547842822142,0.0002475367494256725,0.005051779974709372,0.0053721286774756445,1.0244121145205656e-07
3159,0.010907572219918322,0.00047480263048792643,0.005218137325649602,0.005214527486244143,1.047775366496449e-07
3160,0.011088549695133853,0.0006364160664506942,0.0049913275419982105,0.005460711189213685,9.489747126315645e-08
3161,0.010884494361773902,0.000462799921109237,0.00522265294768071,0.00519894749657496,9.399640899415982e-08
3162,0.01065126638446286,0.00022529659698368795,0.005094202510841245,0.005331680167023376,8.710961455074716e-08
3163,0.010791304583951144,0.000350228329606325,0.005056718003932247,0.0053842724206866,8.582972597182924e-08
3164,0.011012005440749586,0.0005837106796913163,0.005274574837215374,0.005153625878472669,9.404537022504928e-08
3165,0.010955283853497212,0.0005190072538583662,0.005000572185174551,0.005435611826810664,9.258765363051652e-08
3166,0.01069047181135612,0.0002606098606522271,0.005173232659184138,0.0052565357011207575,9.359039899850526e-08
3167,0.010686060534370859,0.0002536732456767496,0.005183259363998525,0.005249038931229327,8.89934662575416e-08
3168,0.01090927964074115,0.0004730032512078909,0.00500549741552831,0.005430690277993317,8.869601163300317e-08
3169,0.011021417500780688,0.0006015587468519663,0.005234967949004974,0.005184789099616451,1.0170530729817864e-07
3170,0.010813714207444945,0.00037493602501484987,0.005047464428031923,0.0053912121287547805,1.0162564339127225e-07
3171,0.01064256073638425,0.00020639867943669262,0.005136148849248643,0.005299907946747064,1.0526095184865484e-07
3172,0.010768263159411042,0.00034678180023417103,0.00518575462677541,0.005235623653714663,1.0307868679683348e-07
3173,0.010992348284311813,0.00055831351057877,0.004994011451818932,0.0054399307082970555,9.261361705599443e-08
3174,0.011009725155321283,0.0005777428369895579,0.005263492349033337,0.00516839424568806,9.572361032876115e-08
3175,0.010716830618159924,0.0002824294128485609,0.005076463656552299,0.0053578449384712856,9.261028777923589e-08
3176,0.010671350608972258,0.00024866648298477157,0.005103345247465162,0.0053192436836315155,9.519489080891957e-08
3177,0.010897074185575503,0.0004687175053284925,0.005268917318882882,0.0051593415081280635,9.785323606545913e-08
3178,0.01107893325819732,0.0006339762451453534,0.005044502453444839,0.0054003637501142555,9.080949287388764e-08
3179,0.010918718996411489,0.0005029104669792752,0.0052674840992006,0.005148229280683397,9.514954821624699e-08
3180,0.010674203041375837,0.0002473004256218765,0.005091486602251203,0.005335323136071551,9.287743120603136e-08
3181,0.010741023780792258,0.000302963099882872,0.00511081143373645,0.005327158907463644,9.033970929061425e-08
3182,0.010968508003215095,0.0005442289653249766,0.0052705124420824225,0.005153669698036075,9.689777161998213e-08
3183,0.011055413840862173,0.0006217971903347368,0.004957807303801471,0.0054757159303043396,9.341642162540337e-08
3184,0.010779107784007291,0.00035658796321820524,0.005184319374855666,0.0052381069445421174,9.350139130168651e-08
3185,0.010655035425483893,0.00022337814910443132,0.0051067328735636495,0.0053248341882467945,9.021456901846324e-08
3186,0.010865201070021946,0.0004314831102188012,0.004946964297055226,0.005486663031381068,9.063136685118251e-08
3187,0.011043713633728804,0.0006283567069709251,0.005184392211709705,0.005230865469509941,9.92455382331615e-08
3188,0.01089544937966802,0.00045400457712967954,0.004967347982167015,0.005474001825551153,9.499482017349589e-08
3189,0.01066991547920033,0.00023986770275370768,0.005040129027019393,0.0053898199925797525,9.875684747756597e-08
3190,0.010763471043640581,0.0003542588751970169,0.005073200149964825,0.005335915612381701,9.640609703746888e-08
3191,0.010959622419800108,0.0005235878339450724,0.00492912090019636,0.005506824567121058,8.911853761645462e-08
3192,0.011051155366964388,0.0006155976026087428,0.005202124277651525,0.00523334018332514,9.3303378979792e-08
3193,0.010727542611687218,0.0003034440933757362,0.005045297589162638,0.005378712871959202,8.80571896415897e-08
3194,0.010690908385745225,0.00027903892217219896,0.005068062944605818,0.005343716450891731,9.006807547608913e-08
3195,0.010898563282426386,0.0004749739617723161,0.005251109291945913,0.005172387222681685,9.280602647106687e-08
3196,0.011064837478303276,0.0006202834980267248,0.0050927136681669745,0.005351754777218905,8.553489067131026e-08
3197,0.010903058102864134,0.000487749965704998,0.005328456353820445,0.005086761435723796,9.034761489602721e-08
3198,0.010738081397035542,0.0003209269982124824,0.005124290023629832,0.005292773705540167,9.066965306227521e-08
3199,0.010666100340595517,0.00023561607449878574,0.005185197341159288,0.005245196214319945,9.071061749794152e-08
3200,0.010910539860495042,0.0004815210977433354,0.005346132321864408,0.005082793133761395,9.330712590207259e-08
3201,0.010997499577331527,0.00056658405768348,0.005026964288358063,0.005403860894817506,9.033647247954065e-08
3202,0.010924119563202078,0.0005134061145259937,0.005212749897650586,0.005197869915210367,9.36358151334085e-08
3203,0.010685740661732982,0.00026152548168654186,0.00509963142519438,0.005324497378949633,8.637590242749866e-08
3204,0.010702851745991905,0.00026505901803103993,0.005103865144955841,0.0053338361047669,9.14782381247212e-08
3205,0.01087002040906883,0.0004474094275017259,0.005182344609941225,0.005240163468471566,1.0290315431179629e-07
3206,0.010995312059394158,0.0005741633887728599,0.00493329744970856,0.0054877550930411845,9.61278715539789e-08
3207,0.010894616360168103,0.00047993613904892887,0.005182414178210312,0.005232170513979209,9.552892965191915e-08
3208,0.01070196940760276,0.00026605730174752637,0.005057242968963873,0.00537857650490291,9.26319884515461e-08
3209,0.010666722494944235,0.00023959741330404637,0.005073177122105556,0.005353850102920075,9.785661455821384e-08
3210,0.010855614244678194,0.00044411452127137905,0.005196377769834157,0.005215022295269402,9.965830325637938e-08
3211,0.011028716666258357,0.0005988099447355596,0.0049715569550516465,0.005458261763590809,8.800288034198006e-08
3212,0.011003407651062384,0.0005834973010885236,0.00523639911630099,0.005183424292283477,8.694138939328615e-08
3213,0.010707916874352075,0.0002865606083600985,0.0050563281062376364,0.005364944869800172,8.328995416823208e-08
3214,0.01067232322372805,0.00025410262294998665,0.005088831629315377,0.005329303509743126,8.546171956132839e-08
3215,0.010861324030939336,0.00043963389306265116,0.005245318162350225,0.005176286559067825,8.541645863494304e-08
3216,0.011083244348167189,0.0006485366111843912,0.005025945005285948,0.00540868370734283,7.902435401845668e-08
3217,0.010978621923503523,0.0005670456921186048,0.005274185986181933,0.005137303594884202,8.665031878362982e-08
3218,0.010715104813697949,0.0002976312349597176,0.005055037416639131,0.005362347159707867,8.900239123221835e-08
3219,0.010667521776011187,0.00024499900445032225,0.005101345318372453,0.005321088514350178,8.893883823250153e-08
3220,0.010921483052534138,0.0005006634061638861,0.005283225467553524,0.005137504385029932,8.97937867966619e-08
3221,0.011063772779374424,0.0006310602792146726,0.0049804061949240055,0.005452218000205451,8.830503029424496e-08
3222,0.01087126951278851,0.0004592561454102578,0.005171096707419782,0.005240819731476127,9.692848234451451e-08
3223,0.010642485291170116,0.00022550664800488054,0.005066157511227327,0.0053507287981496695,9.233378823953424e-08
3224,0.010778219161356139,0.0003450983084344967,0.004999771358668034,0.00543325986046611,8.963378749775404e-08
3225,0.010988860114183055,0.000571991392028352,0.005168342035608509,0.0052484301107231885,9.657582300462695e-08
3226,0.010925558914862452,0.0005064908058147794,0.0049530983657683795,0.0054658778114291305,9.1931850161522e-08
3227,0.010682973758753215,0.00026311065487687787,0.0051399830246505445,0.005279785765252763,9.431397303153231e-08
3228,0.010660443076808737,0.0002339476664883333,0.005146473655985948,0.00527993077830772,9.097602673501793e-08
3229,0.010844813038830552,0.00042453219756788277,0.005039008949324337,0.005381186498927833,8.539301049937212e-08
3230,0.010984745559225817,0.0005766695055935308,0.005273421577538052,0.005134565395255802,8.908083843343497e-08
3231,0.01090002374105893,0.0004711297561082798,0.0050538112578962045,0.0053749984413505635,8.42857038808494e-08
3232,0.010661900808691659,0.0002448137450324212,0.0052264303049709936,0.005190570427310691,8.633137755210898e-08
3233,0.010668952286044857,0.0002567792833589154,0.005217683391851895,0.0051944024254848105,8.718534923467919e-08
3234,0.010895977634152614,0.0004691469519330344,0.005046798522481022,0.0053799486715173945,8.348822116247036e-08
3235,0.011028522732464578,0.0006106437780357087,0.005299783051545778,0.005118010057900184,8.584498290718581e-08
3236,0.01086275797374374,0.00044031702233332195,0.005032744707350982,0.005389611604003286,8.464005615131839e-08
3237,0.010651830853660602,0.00024039020690016556,0.005115741351037609,0.005295606890951424,9.240477140477794e-08
3238,0.010687955477864474,0.00027347481116364586,0.005168545668755466,0.005245844894704066,9.01032412961236e-08
3239,0.010942451678844934,0.0005114310421316323,0.0050193712866398975,0.005411565795975456,8.355409794946345e-08
3240,0.011030839339567028,0.0006166940446877988,0.005224303050671012,0.005189749739675975,9.250453224247053e-08
3241,0.010814781458402879,0.0003978076874564719,0.004982337010827845,0.005434547341731348,8.941838721432132e-08
3242,0.010622209862283896,0.0002072412651232555,0.0051160299585629124,0.00529884992195508,8.871664264878739e-08
3243,0.010747164172506582,0.0003271338416189213,0.005197713793866353,0.005222226665885107,8.987113620036743e-08
3244,0.010972145749682461,0.0005469337094718445,0.004989949313155134,0.0054351751052856044,8.762176987819911e-08
3245,0.010989867841503123,0.0005824059479461419,0.005250722144953019,0.0051566491411187,9.060748526116405e-08
3246,0.01074981475976954,0.0003269478455725631,0.005047832991314146,0.005374951968949223,8.19539336104582e-08
3247,0.010618770902802183,0.00020317846207088292,0.005102059140529936,0.005313451885836387,8.141436497682107e-08
3248,0.010811951319512937,0.0004057067012323122,0.005210082513080731,0.0051960779084310035,8.419676889040371e-08
3249,0.011032806380017055,0.0006049754107180033,0.004987663126974116,0.005440087080112332,8.076221260280614e-08
3250,0.0109578570837272,0.0005429256531486276,0.005239918224824423,0.005174926807978742,8.639777540736959e-08
3251,0.010668131794633905,0.00025659977851883364,0.005051315095641994,0.005360130196139357,8.672433372137756e-08
3252,0.010673259412572517,0.00025897245409110337,0.005037319204066248,0.005376877336521786,9.041789337839016e-08
3253,0.010929440180471688,0.0005162525134216378,0.005235545921479964,0.00517754814737764,9.359819244727597e-08
3254,0.011003363145797689,0.0005795846335765302,0.005000489230151064,0.00542319984945321,8.943261688464923e-08
3255,0.010791691081651915,0.0003831840549692149,0.005193676233010593,0.005214734228181851,9.656549025431241e-08
3256,0.010612228142725773,0.0002001925227894851,0.005138547936975002,0.00527339601747485,9.166548643585763e-08
3257,0.010780485042844769,0.0003618746254691423,0.005053840948016967,0.005364679706376286,8.976298237285755e-08
3258,0.011013933313539892,0.0006085600258570864,0.005251293540244483,0.005153983431452636,9.631598568736578e-08
3259,0.010906884341496165,0.0004891751842235556,0.005042601292856846,0.005375021784470471,8.607994529238266e-08
3260,0.010659972485149338,0.0002445056820555292,0.0052206084092545355,0.005194772221681651,8.617215762080011e-08
3261,0.010654689166541349,0.00024712208714631513,0.00519041937918089,0.005217061166184296,8.653402984849829e-08
3262,0.010902864019357663,0.000492170531290202,0.005045714459570083,0.005364898773182777,8.025531460142244e-08
3263,0.011038815369649683,0.0006250186857906781,0.0053318014329662095,0.005081912279309581,8.297158321532981e-08
3264,0.010809545198629904,0.0003885266706553312,0.005088394717167215,0.005332539759040709,8.405176665063775e-08
3265,0.010655609751327134,0.0002563758253694822,0.005171306069204913,0.005227838010221696,8.984653104354317e-08
3266,0.010765665536312209,0.0003569072870810558,0.005230010763200646,0.005178656192921837,9.129310867007349e-08
3267,0.010994881545006342,0.0005679709888696637,0.00504616490120595,0.0053806607904569375,8.486447378976762e-08
3268,0.010935752489208207,0.0005381471292500129,0.005262547398552399,0.005134965788125374,9.217328042139086e-08
3269,0.010687696129311988,0.00027943848572993307,0.005024807034829534,0.005383360195858307,9.041289421285123e-08
3270,0.010671966617682658,0.000251323113471017,0.0050506653755691515,0.005369893461091102,8.466755138790698e-08
3271,0.010838926594009271,0.0004356146766217868,0.005157266989959764,0.00524595869002449,8.623740322936305e-08
3272,0.010984009191406715,0.0005713742835584189,0.004881730291039364,0.005530820442690655,8.417411827869671e-08
3273,0.01081518711775415,0.0004067408621432528,0.005089510802511756,0.005318850651167736,8.480193140627352e-08
3274,0.010679391960758905,0.0002652322214437156,0.005031846767517273,0.0053822321883962776,8.078340163829546e-08
3275,0.010698606641661538,0.00029158143736314197,0.004963998014688207,0.005442938872064701,8.831754548766599e-08
3276,0.010956231690063805,0.0005578289692899681,0.005148390278251525,0.005249916746193713,9.569632859758141e-08
3277,0.01099388940849462,0.0005740936149471053,0.005000849384116382,0.005418861562564285,8.484686684837746e-08
3278,0.010816627626335833,0.0004110897714467629,0.005234189296234393,0.005171259372287826,8.918636685112762e-08
3279,0.010644834313994805,0.00024333241969317065,0.005088981943230059,0.005312426463367818,9.348770375546066e-08
3280,0.010712161234614933,0.0003110853069052889,0.005087132344419503,0.005313854048939644,8.953435049716826e-08
3281,0.010968764748004232,0.0005590203598496394,0.005358118999562975,0.005051541164191848,8.422439976807382e-08
3282,0.011113812840112865,0.0006868970290150295,0.005056018201581614,0.0053708164184519906,8.119106423188575e-08
3283,0.010865879114445327,0.0004750555978277175,0.00522244969983497,0.005168282497364073,9.131941856585199e-08
3284,0.01065984553861516,0.00026836538784598266,0.005075574182229419,0.005315816231605583,8.973693417592859e-08
3285,0.010737943481399805,0.00032054675321903153,0.005036818906453615,0.005380493157236895,8.466449026623348e-08
3286,0.01098294066650398,0.0005700107227757924,0.005211491013163491,0.00520135106979421,8.786077048675938e-08
3287,0.010893148308853124,0.00048373550736896634,0.004947653912758087,0.005461671411552432,8.74771736391885e-08
3288,0.010695351189416353,0.00030209015727234134,0.005088037595883663,0.005305130648230724,9.278802962470757e-08
3289,0.010621180760980587,0.00021513547283029912,0.005089058345927863,0.005316897581568424,8.93606540001769e-08
3290,0.010820912797431137,0.0004028946630098656,0.005013239679655827,0.00540469058795971,8.78668057338952e-08
3291,0.010942952921197442,0.0005460767403327802,0.005206535806874784,0.005190241642358031,9.873163184686959e-08
3292,0.01088425856603709,0.0004779476400004845,0.004956387855222778,0.005449829202417024,9.386839680452276e-08
3293,0.010660270147208342,0.0002562048621324457,0.005143385424554611,0.005260590355226137,8.950529514771685e-08
3294,0.010639522120238882,0.00023227471603095998,0.005155585936339977,0.005251575968019738,8.549984820601704e-08
3295,0.010784029340164775,0.0003773861350976854,0.00502272876235437,0.005383828374588036,8.606812468249064e-08
3296,0.010980262887772058,0.0005876811070448036,0.0052266702014925745,0.005165824412179649,8.7167055029839e-08
3297,0.010929913400461441,0.0005198626708322556,0.0050220381485885585,0.0053879376812433705,7.489979725596792e-08
3298,0.010730870005437591,0.0003254695430022109,0.0052404269771607614,0.005164896178381954,7.7306892664335e-08
3299,0.010607653568131491,0.0002050995226177863,0.005146838293773235,0.005255631010930069,8.47408104024843e-08
3300,0.010748463066689156,0.00034941564990938884,0.0050628707634972165,0.005336089323591415,8.732969113409042e-08
3301,0.010969245471678934,0.0005710018458899483,0.005300607418813251,0.005097549345736332,8.686123940263315e-08
3302,0.011054802641555823,0.000636408852805702,0.005025466229516349,0.0053928458938269684,8.16654068033823e-08
3303,0.010781379860512174,0.0003872276346291023,0.0052196790359655895,0.005174383385585089,8.980433239248709e-08
3304,0.010618795230953607,0.00022218716855885686,0.005080952495790896,0.005315559764089278,9.580251457683053e-08
3305,0.010748677430296923,0.0003351017935359112,0.004997725328173395,0.005415754204839243,9.610374837479294e-08
3306,0.010970653212649374,0.000570058113505723,0.005194223754728623,0.005206279102848741,9.224156628750106e-08
3307,0.010890235782207628,0.000481575866409167,0.004923433711505006,0.005485143557843597,8.264644985850966e-08
3308,0.010669125638968217,0.0002690040401852844,0.005043666365980987,0.005356366909345345,8.832345659974319e-08
3309,0.010645396840350678,0.0002444870836564217,0.005071997282423284,0.005328821579060218,9.089521075218122e-08
3310,0.010832261436085538,0.00041992500454739293,0.004948984232089954,0.00546326596263234,8.623681585198705e-08
3311,0.010992935458087839,0.0005978291439599138,0.005154523386761492,0.0052404969261116855,8.600125474835832e-08
3312,0.010806523393321789,0.000405703282455975,0.004988871216925896,0.0054118691937537905,7.970018612634161e-08
3313,0.01061036710764495,0.00020793696488694956,0.005140792330395744,0.005261553553276359,8.42590858981691e-08
3314,0.010680093804954504,0.00027649453957551167,0.005184575243160108,0.005218937469295085,8.655292380055284e-08
3315,0.010856239210611275,0.0004575763715815072,0.005072939881176262,0.005325640582429766,8.237542373855432e-08
3316,0.010995053754361361,0.0006011104502709974,0.0053604379215651645,0.005033416949456202,8.843306899824452e-08
3317,0.010968083856357521,0.0005537761685115687,0.005088956636586382,0.0053252617671707215,8.928408884917604e-08
3318,0.010670895919733414,0.00027710588915085747,0.005251414314691758,0.005142286126397711,8.958949308867029e-08
3319,0.010645880295702738,0.00025588783973614124,0.00518651168357432,0.005203397166478875,8.360591340287457e-08
3320,0.010827311946419256,0.0004176718656279278,0.005018193254300892,0.005391367739358616,7.908713182123405e-08
3321,0.010958710135839534,0.0005591810405803965,0.005223234422294275,0.005176211483453953,8.31895109080039e-08
3322,0.010842995512977911,0.00044160289868825124,0.0049761603811133,0.005425149612473583,8.262070277538093e-08
3323,0.010644423549967101,0.00025245998164405935,0.005042617976576459,0.00534925736581571,8.822593087297174e-08
3324,0.010642720149062871,0.0002415317534250002,0.005052308669164267,0.005348795016400815,8.471007278895422e-08
3325,0.010847535929337763,0.0004361822624988166,0.004960358419277697,0.005450919965632787,7.528192846376826e-08
3326,0.010966171586920424,0.0005770241569628797,0.005157602071985918,0.005231465379413604,7.997855802157122e-08
3327,0.010877419337879517,0.00047312092372845093,0.004910438775245069,0.005493774054533069,8.558437292731815e-08
3328,0.010647580407238988,0.0002479400614850502,0.005095390521282326,0.005304152229906739,9.759456487222781e-08
3329,0.010641735352600374,0.00024340195362755946,0.005108428098592816,0.005289811171478156,9.412890184228655e-08
3330,0.010831446482882423,0.00043069975714029023,0.0049526240763869455,0.005448040061272634,8.258808255407618e-08
3331,0.0110149240105035,0.0006273574895020702,0.0052046393955507576,0.005182847420900125,7.970455054590582e-08
3332,0.010924809765495699,0.000517501918744992,0.0050072571201456185,0.005399975469586911,7.525701817732153e-08
3333,0.010662003405644622,0.0002645862411852662,0.005177812438503908,0.0052195216317603,8.309419514762532e-08
3334,0.010631850900734504,0.0002406230203055395,0.005130303227319678,0.0052608389303857635,8.572272352381181e-08
3335,0.010815420158042783,0.0004190018990886925,0.005045437933742609,0.00535089975633211,8.056887937104423e-08
3336,0.011039840946941853,0.0006425934673898548,0.005326409527244792,0.005070757505165549,8.044714165894196e-08
3337,0.010955354045910397,0.0005455346792090593,0.005025357887953986,0.005384386495386604,7.498336074884572e-08
3338,0.010670692614032166,0.00028744310847906283,0.005158274205090874,0.0052248956627960015,7.963766622734454e-08
3339,0.010649408686202108,0.00026151145308009083,0.0051546004679362345,0.005233211297409918,8.54677758647532e-08
3340,0.0109323130010396,0.0005178554006375452,0.004978965181229236,0.005435403376547466,8.904262535222754e-08
3341,0.010976518631961772,0.0005869615332071489,0.005175231456258874,0.005214231974656079,9.366783967098076e-08
3342,0.010766207061575607,0.0003756950500936617,0.004953594251873349,0.005436831084424869,8.667518372770262e-08
3343,0.010591802451412247,0.0001933348717898644,0.005011658722647974,0.0053867216998926045,8.715708180301585e-08
3344,0.010773769293723982,0.00037244302904981623,0.005102609605670744,0.005298629108189403,8.755081401873258e-08
3345,0.01091752709307562,0.0005162871215382179,0.00493196434318758,0.005469193822923763,8.180542605766878e-08
3346,0.010869962191090056,0.0004893757644983177,0.0051565208940053285,0.0052239770584514905,8.847413491893379e-08
3347,0.010656308935363608,0.00025638796270918576,0.005015574693125613,0.005384257390862416,8.888866639028213e-08
3348,0.010620083878806641,0.0002186012290966049,0.005077933365676312,0.005323463009510748,8.627452297794788e-08
3349,0.010800218165098968,0.0004154970799639502,0.0052017467115367255,0.0051828928087509826,8.156484730901365e-08
3350,0.010998763870399091,0.0006024809786609053,0.004960508879346568,0.005435699865373296,7.414701832022506e-08
3351,0.010904303336982366,0.0005104769956453906,0.005247358411244433,0.005146388606121522,7.932397101953939e-08
3352,0.010652580314248499,0.0002520974739081715,0.005099322593726459,0.005301079287152551,8.095946131635122e-08
3353,0.010648882124136162,0.00026117828687348947,0.005063730216232794,0.0053238900437501836,8.357727969338317e-08
3354,0.010888372348459715,0.0005050142528081337,0.0052366557042038825,0.005146619168096752,8.322335094615314e-08
3355,0.011056451671498917,0.000647380760547978,0.00502302969653663,0.005385967008745484,7.420566882466754e-08
3356,0.010817803540451056,0.00042717031375759444,0.0052357706642425705,0.005154784615779056,7.794667183652107e-08
3357,0.010611739146444019,0.00022659112690119726,0.005073078949124604,0.005311987960737648,8.11096805690433e-08
3358,0.01073207703902903,0.0003377559961523085,0.005015675077450661,0.005378560650714219,8.531471184071526e-08
3359,0.011024088233200263,0.0006306904029345994,0.005242373610158866,0.005150933809027718,9.041107907778485e-08
3360,0.010893471331309447,0.0004924063026118129,0.004974414387257474,0.005426568611569207,8.202987095107192e-08
3361,0.01063231339376776,0.0002518209461831386,0.005097932916571637,0.005282478988186915,8.054282607028719e-08
3362,0.010682181176470483,0.0002938887285785606,0.005142620678715824,0.005245591100377405,8.066879869221098e-08
3363,0.010983055086665803,0.0005712732965057845,0.004954322572522616,0.0054573801712197514,7.90464176516053e-08
3364,0.010933204009886824,0.0005513571475374233,0.005164938247106002,0.00521682368090553,8.493433786931604e-08
3365,0.010666321826771854,0.0002827486648185872,0.004986202961477547,0.005397286618013726,8.358246199213643e-08
3366,0.010638102154834852,0.00024008037650671574,0.004997838885248629,0.0054000981035985055,8.478948100049487e-08
3367,0.010884364392411803,0.0004917341417702606,0.005169165603007952,0.0052233816952666585,8.29523669313416e-08
3368,0.010917211156088822,0.000524033425341631,0.004947728853612947,0.005445376188142032,7.26889922106777e-08
3369,0.010714167049878633,0.0003339353493957186,0.005131376216850813,0.005248779901639277,7.558199282414959e-08
3370,0.010585961739483627,0.0001941700224732766,0.005136645395910618,0.0052550679012052515,7.841989448097961e-08
3371,0.010765795652666303,0.0003690924298985606,0.005076047567809738,0.0053205740159874655,8.163897053902652e-08
3372,0.010960497234405843,0.0005787649258980318,0.005281126369214664,0.00510051860971447,8.732957867757644e-08
3373,0.010863055043872747,0.00046961025275766584,0.005058587074817136,0.005334778526370241,7.918992770414324e-08
3374,0.01065834984993973,0.00026975144775425483,0.005246259849631676,0.005142259678975862,7.887357793634099e-08
3375,0.010623683455257094,0.00023552165431916147,0.00519043641581364,0.005197643597423786,8.178770050858398e-08
3376,0.010822856187064087,0.00043248343617542423,0.0050503484726344226,0.005339942734240693,8.154401354739814e-08
3377,0.010964857044333857,0.0005799879132739077,0.005309171023998318,0.00507561283371668,8.527334495162397e-08
3378,0.010859817680622467,0.0004601154170105027,0.00501718501206329,0.00538243669441785,8.055713082498936e-08
3379,0.01060277529865179,0.00022439490912312755,0.005088169169291996,0.00529013170884817,7.951138849559524e-08
3380,0.01070114877556797,0.00032320558189675216,0.005116901547862514,0.00526096307163147,7.857417723314948e-08
3381,0.010927413050109927,0.0005186063425298833,0.004905634708469869,0.005503094953891275,7.704521889941817e-08
3382,0.01093069496346844,0.0005428150774664355,0.00509149862518011,0.005296298923051,8.233777089435729e-08
3383,0.010731848954081129,0.00034939500873530703,0.00492356023403835,0.005458813440255462,8.027105201061524e-08
3384,0.01059661755994048,0.00021205512163522224,0.004943856642596258,0.005440619855361538,8.594034746151809e-08
3385,0.010799639446440554,0.00040780956115354586,0.005069894351969529,0.005321847998655611,8.753466186906525e-08
3386,0.010917825821449291,0.0005185501919301454,0.004950058219229689,0.005449142498729334,7.491156012317052e-08
3387,0.01086691539698859,0.0004949833497811964,0.005182911404299236,0.005188946262930162,7.437997799842218e-08
3388,0.010693305532769993,0.00030944627000603506,0.00500773840284173,0.005376044883745963,7.597617626556314e-08
3389,0.01060522733292066,0.0002131313686365268,0.005118596229540519,0.005273416882777747,8.285196586624605e-08
3390,0.010737539156731465,0.0003531130273962592,0.005234217612784811,0.005150122955458254,8.556109214147411e-08
3391,0.010942959208499761,0.0005570988864616492,0.004994609937656428,0.005391172594708212,7.778967347183465e-08
3392,0.010981476152169246,0.0006021635687538515,0.005272292199337001,0.0051069452027081965,7.518137019633035e-08
3393,0.010795022172942035,0.0003990347270620025,0.005085324845779554,0.00531059388626304,6.871383743975659e-08
3394,0.010581299897075925,0.00019757847735404823,0.005148576280903334,0.005235071393738173,7.374508036983832e-08
3395,0.010731336335910651,0.0003569667951799414,0.005164237070251625,0.005210051486057987,8.098442109729892e-08
3396,0.010922118278510019,0.000530538110572747,0.005001644712187792,0.005389856190163559,7.926558592201062e-08
3397,0.011015656724045607,0.0006263475597700733,0.005300541008671148,0.005088687459486887,8.069611750012606e-08
3398,0.01073602727970754,0.0003436010362275963,0.005029059556532667,0.005363290235619492,7.64513277861439e-08
3399,0.010614352757932903,0.00023990012469183707,0.005040450122580724,0.005333921932169289,8.057849105066656e-08
3400,0.010790132892571244,0.0004155114707835375,0.005153234658368589,0.005221299630397813,8.71330213035015e-08
3401,0.01102969156059323,0.0006238025692298033,0.004935526333281304,0.005470277984140606,8.467394151695349e-08
3402,0.010880900353001056,0.0004970648076241758,0.0051393012871258255,0.005244447463192891,8.679505816243416e-08
3403,0.010629240666234026,0.0002537492944743806,0.0049926987355180434,0.005382711712874947,8.092336665553822e-08
3404,0.010679185142596335,0.0002963423275868722,0.004970841740505274,0.005411924294311695,7.678019249367789e-08
3405,0.010970231151816508,0.0005814648237983779,0.005170108109171546,0.00521858041802896,7.78008176257648e-08
3406,0.010908571205275101,0.000510930608470302,0.00495251213404947,0.005445054832728699,7.363002663080638e-08
3407,0.01065150863910718,0.00027731311540747216,0.00512535683539808,0.005248760275256925,7.841304470222536e-08
3408,0.01061874207921559,0.0002433800005264011,0.005137217239333191,0.005238065978644595,7.88607114017153e-08
3409,0.010873839874831741,0.000480799496016001,0.005032613811558726,0.005360351271992596,7.529526441852818e-08
3410,0.010962295334018185,0.0005789802020443523,0.005286151940231506,0.005097083703506201,7.94882361245988e-08
3411,0.01072291062470406,0.000340532372625264,0.005040783808989319,0.00534151590677475,7.853631472752112e-08
3412,0.010581714525795045,0.00020183577181143834,0.005119813534700637,0.0052599863131646,7.890611837098719e-08
3413,0.010742707294429681,0.000357782880476674,0.005248330126284251,0.00513651766980277,7.661786598531239e-08
3414,0.010940684841327377,0.0005481424530403196,0.00503187456516752,0.005360595026591364,7.279652817419236e-08
3415,0.010849293731329921,0.0004755729763629275,0.005238872404579216,0.005134769857795387,7.849259239142127e-08
3416,0.01060611020584486,0.00022707763999700606,0.005086915370156382,0.005292040341693726,7.685399774561507e-08
3417,0.010630757201094429,0.000239950316850952,0.005079145284818813,0.0053115856268621,7.597256256395006e-08
3418,0.010854037113044016,0.0004700171412546356,0.0052143079902870005,0.005169632856763216,7.912473916421271e-08
3419,0.01091202273245366,0.0005276258842868246,0.0049653324189128985,0.005418989288906019,7.514034791969871e-08
3420,0.010722856359678299,0.0003463385749712143,0.0051736860842357775,0.005202753165516527,7.853495478007665e-08
3421,0.01057722690786818,0.00019230627703045587,0.005099818338448478,0.0052850249750629906,7.731732625565391e-08
3422,0.0106894224624585,0.0003048790960340463,0.0050270181282496594,0.005357447917329202,7.732084559297457e-08
3423,0.0109187780672207,0.0005433580058099392,0.005219753718125681,0.005155586426259812,7.991702526630661e-08
3424,0.01090709552920735,0.0005162159761449458,0.004985761836321185,0.005405045578735902,7.213800531683802e-08
3425,0.010674690029135627,0.00029337391349933475,0.005171008906674107,0.005210233806682189,7.340227999468891e-08
3426,0.010579810650904608,0.00020520008131293468,0.005116764309455882,0.0052577714275738605,7.483256192938868e-08
3427,0.010782289250123846,0.00039896709835494,0.005004892040678493,0.005378353935911749,7.617517866461537e-08
3428,0.011005179334028878,0.0006201804945495105,0.0052615042262182336,0.005123413415873639,8.11973874947986e-08
3429,0.010840030294711455,0.0004515791704568456,0.005015181377023057,0.00537319272118749,7.70260440624225e-08
3430,0.010603505559817943,0.00023235871211131254,0.005131695037951781,0.005239374031836667,7.7777918182408e-08
3431,0.010647122501989648,0.0002708800200613291,0.005188905695394553,0.005187262497756277,7.428877748913482e-08
3432,0.010923555500340859,0.0005301532666003388,0.005034105473742239,0.005359224899251246,7.186074703552763e-08
3433,0.010954963006672912,0.0005784940598442029,0.005266525751565135,0.005109862046070208,8.11491933670503e-08
3434,0.010687073316345006,0.0003084881359925331,0.005033959986863963,0.005344546712288116,7.848120039352551e-08
3435,0.010585282300846485,0.00020183223655636547,0.005083535731093076,0.005299840029745039,7.430345200425279e-08
3436,0.010783670793739914,0.00040668989451867035,0.005189757427095648,0.0051871508858478115,7.258627778478206e-08
3437,0.010948160091553286,0.0005645810063960056,0.004958445042246539,0.00542506536278585,6.868012489188892e-08
3438,0.010806481880799877,0.0004251232211653335,0.005190455442024551,0.005190828362985793,7.485462420038203e-08
3439,0.010578103320417616,0.00019661147125686813,0.005094523006029822,0.005286893516440147,7.53266907795027e-08
3440,0.010695713396516641,0.00032130618920580455,0.005025524706723485,0.0053488067873121966,7.571327515582186e-08
3441,0.010935508973370414,0.0005607325110594541,0.0052548081043565795,0.0051198941111724825,7.424678189761234e-08
3442,0.010918903706262544,0.0005262468148831976,0.005041838717210055,0.005350750455418257,6.771875103416027e-08
3443,0.010638637854036558,0.0002659269955170613,0.005192922053744799,0.005179715388560201,7.341621449517151e-08
3444,0.010600872160331046,0.00023062746303585351,0.0051649956354117565,0.005205173836374821,7.522550861488253e-08
3445,0.010856001185861526,0.00046768783679111583,0.005029841241559902,0.0053583984539526675,7.36535578416337e-08
3446,0.01093135869319347,0.0005559342990657156,0.005241834771682567,0.0051335107731796965,7.88492654926637e-08
3447,0.010705659313469219,0.00033017179200313466,0.00502320685636948,0.005352207045090706,7.362000589626989e-08
3448,0.010568986360559992,0.00018862390431996596,0.00508673526819369,0.0052935559948478015,7.119319853543598e-08
3449,0.010729095350982747,0.00035242757976632576,0.005189649400312378,0.005186946188786669,7.218211737297899e-08
3450,0.010907381390990954,0.0005290848112305195,0.00497876930711708,0.005399454820105588,7.245253776633781e-08
3451,0.0108140721058779,0.00044058255113419424,0.005206783041065066,0.0051666275343543264,7.897932431248258e-08
3452,0.010600451760526817,0.00021845519020701756,0.005092401564746723,0.005289519296662171,7.570891090676276e-08
3453,0.010619288354287076,0.0002458588497628078,0.005077568200215623,0.005295785610656045,7.569365260162079e-08
3454,0.010848637747832174,0.00047800390273335184,0.00526352819118301,0.005107030204564719,7.544935109257234e-08
3455,0.010979580682794261,0.0005912606235076362,0.0050045760201626426,0.005383673345992242,7.069313174088228e-08
3456,0.010740597498546943,0.00037186624347204986,0.005196034317007082,0.005172621490912013,7.544715579855649e-08
3457,0.010571792137508418,0.00020184156385629103,0.005076405981834875,0.005293470001801346,7.45900159069184e-08
3458,0.010721036562782674,0.00033606911838085117,0.0050073451165184284,0.005377553301173835,6.902670955968682e-08
3459,0.01093100257835642,0.0005601922149979376,0.005177599652912374,0.0051931398988406775,7.081160542915583e-08
3460,0.010849844378997437,0.0004763992940631989,0.0049362970798472764,0.005437078808998135,6.919608882562111e-08
3461,0.010620395840999578,0.0002443560271681795,0.005095581071494223,0.005280383857842973,7.488449420264354e-08
3462,0.010600928157541531,0.00022574006431481762,0.005125793393042686,0.005249318010037517,7.66901465117858e-08
3463,0.010830798101475358,0.00045809546463386144,0.004971121845920202,0.005401502324486718,7.846643457676297e-08
3464,0.01094638453914311,0.0005760165139385496,0.005261626072333061,0.005108662087809369,7.986506213099445e-08
3465,0.010796992563268406,0.00041275415224206833,0.005048372593401193,0.00533579168482128,7.413280386440778e-08
3466,0.010576506209211288,0.00021189209733266413,0.00511367052106847,0.0052508658002923345,7.779051781864733e-08
3467,0.010682031157016743,0.0003187594794372189,0.005191661028400843,0.005171534262064878,7.638711380236044e-08
3468,0.010947372154161287,0.0005590516924788289,0.005016853784171744,0.005371396501738046,7.01757726671428e-08
3469,0.010908367982271207,0.0005376409190963608,0.005241016893133132,0.0051296361497423755,7.402029933932476e-08
3470,0.010649375270497561,0.00028455323923431514,0.005017743237121239,0.0053470063709757645,7.242316624136871e-08
3471,0.01058769703655156,0.00021406916010388252,0.005024551095263073,0.005349004018653504,7.276253110073373e-08
3472,0.010823950966587913,0.0004487191512630327,0.005188505789668089,0.005186652103711427,7.392194536346882e-08
3473,0.010899507486195517,0.0005220770715370379,0.004954042523276208,0.005423315215036156,7.267634611424271e-08
3474,0.010732791020011487,0.00036842537989112135,0.0051444940448084776,0.005219793473200492,7.812211139611506e-08
3475,0.010577628169231969,0.0002053904216217014,0.005100998168728003,0.005271163931928171,7.564695409458704e-08
3476,0.010679035371158298,0.00030294017573188946,0.005016824493280566,0.005359192248339808,7.845380603441736e-08
3477,0.010873125465568925,0.0005099992610337176,0.005208728116448698,0.0051543168855599855,8.120252652174903e-08
3478,0.01085805766890822,0.000482091684079739,0.005011127944449108,0.005364765013333451,7.302704592305789e-08
3479,0.010663970342614815,0.00029157958295733397,0.0051709095115130424,0.005201406367662267,7.488048217077837e-08
3480,0.010571913883225776,0.00020813407739251626,0.005156298803227068,0.005207407878324453,7.312428173695298e-08
3481,0.01074886678174483,0.00038006694209285303,0.005047096323189618,0.005321631854396548,7.166206581063674e-08
3482,0.010979315306063745,0.0006072471447845298,0.005270416234835346,0.005101576512750047,7.541369382213277e-08
3483,0.010831986749543433,0.0004545837974071029,0.005065753054343211,0.005311580883517242,6.901427587812431e-08
3484,0.010618773860010224,0.0002589046959951353,0.005226870249984579,0.005132927847326322,7.106670418842926e-08
3485,0.010603733359119353,0.00023909243901456073,0.005192663655738676,0.005171903389742214,7.387462390228049e-08
3486,0.010801255627391612,0.0004219579495028198,0.005086024251007709,0.005293200368654506,7.305822657716027e-08
3487,0.010906266433917521,0.0005407782696582812,0.0052949864976275015,0.005070420794931471,8.087170026640139e-08
3488,0.010830822608079623,0.00046031747902249747,0.004989095573518325,0.005381329535372072,8.002016672887994e-08
3489,0.010584022531687502,0.0002152853091235223,0.005133091414336958,0.005235571062774292,7.474545272781915e-08
3490,0.01063332241669696,0.000265767169007425,0.005134228759097783,0.005233255031414858,7.145717689366405e-08
3491,0.010818377910679541,0.0004444948290024762,0.004914728302329611,0.005459080899444091,7.387990336273423e-08
3492,0.010904690075601615,0.0005423871404563003,0.005109607686645985,0.005252615857789322,7.939071000814179e-08
3493,0.010771385220275162,0.0003964150551910132,0.004954026614294598,0.005420872107347178,7.144344237148708e-08
3494,0.01057202672670165,0.0002006019785713198,0.005032219449818835,0.0053391338236132195,7.147469827553608e-08
3495,0.01065118805933058,0.0002917285912558298,0.005059181286452959,0.005300206032316389,7.214930540117748e-08
3496,0.010834173877367553,0.00046975399974682455,0.004971546149662946,0.005392804797712588,6.893024519430201e-08
3497,0.010965023195272877,0.0005944201502094342,0.0052713669097622755,0.005099161597824524,7.453747664418018e-08
3498,0.010842322080029781,0.00046214000380481035,0.005017262907003556,0.005362843804628026,7.536459338918682e-08
3499,0.010606688830083023,0.0002547031504560423,0.005127545528413363,0.005224363493439569,7.665777404877403e-08
3500,0.010657993783382261,0.00030507173835813843,0.005185428520720715,0.005167422966518955,7.055778445329292e-08
3501,0.010907118916417881,0.0005255674537835024,0.005020960933552229,0.005360525952306212,6.4576775939321e-08
3502,0.01099204721231375,0.0006219705127792167,0.0052383838836607246,0.0051316227462554955,7.006961831172486e-08
3503,0.010701687386681062,0.0003386295391363354,0.005003220250707636,0.005359766205227193,7.139160989630895e-08
3504,0.010579835610377295,0.00022283903905708484,0.005066767468977982,0.005290154096529646,7.500581258122403e-08
3505,0.01075718810348427,0.000391818702907035,0.005178648852571701,0.0051866461999431545,7.434806237953623e-08
3506,0.01095078200239082,0.0005687411427740049,0.004976023047918136,0.005405949842009627,6.796968904990754e-08
3507,0.010779109819589636,0.00042069356495815847,0.0051899047371840295,0.005168439338198459,7.217924898992587e-08
3508,0.01058587244181858,0.00022707984109836667,0.005032516113935337,0.005326200527634052,7.595915082520696e-08
3509,0.010628011005609625,0.0002570334342317588,0.004994147454818101,0.0053767528272427876,7.728931698020566e-08
3510,0.010842351098081454,0.0004753876207804565,0.005163753668445428,0.00520313363754727,7.617130830031911e-08
3511,0.010810126459494024,0.0004403178356522093,0.0049516878685765976,0.00541804988176018,7.087350503712285e-08
3512,0.010640063430988077,0.00028433277547086427,0.0051084935850893385,0.005247162633995035,7.443643283933388e-08
3513,0.010552189439311042,0.00018744391814822005,0.005086171500517007,0.0052785017117502634,7.23088955519056e-08
3514,0.010694187330230847,0.0003212740366822428,0.0050208808253777845,0.005351966481434634,6.598673618672945e-08
3515,0.010846934472286551,0.0004905191469376293,0.005199164785658192,0.005157183542498069,6.699719265997951e-08
3516,0.01083675616524527,0.0004717621407041027,0.00497436352407063,0.005390562025104557,6.84753659790564e-08
3517,0.010675710340696804,0.00031100115489292334,0.005192015950841342,0.00517261701715106,7.621781147924365e-08
3518,0.010551180471279635,0.00018395676274472362,0.005103880164005439,0.005263267928257144,7.561627232802615e-08
3519,0.010634122287929176,0.00027512182404505867,0.0050346674941489445,0.005324261824402528,7.114533264576695e-08
3520,0.010828653947872292,0.0004748588041286923,0.005227392477970629,0.005126332136694552,7.052907841697755e-08
3521,0.010952930336669787,0.0005765009864170285,0.0049827211383275056,0.005393639297198093,6.891472715843395e-08
3522,0.010801774278432714,0.00043816116298688506,0.005199312020196015,0.00516422691361735,7.418163246473734e-08
3523,0.010578461523585153,0.00021935909084542683,0.005041553313285975,0.005317475843744579,7.327570917212035e-08
3524,0.010606409675391506,0.00024442919435297105,0.0050049281607172065,0.005356977913690156,7.44066311700121e-08
3525,0.01084244957696374,0.00047982593114874445,0.005172973678069852,0.005189573553448075,7.641429706829675e-08
3526,0.010925766274271125,0.000553389930311009,0.0049533496403161925,0.005418957370257378,6.93333865440797e-08
3527,0.010746586993330158,0.0003924649413947738,0.00515746558718157,0.005196586522447848,6.994230596679308e-08
3528,0.010548102505506831,0.0001870056321803465,0.0050592973767724205,0.0053017308062463155,6.869030774808837e-08
3529,0.010638145064171435,0.0002706609665350205,0.005035178543508194,0.005332232849860983,7.27042672385019e-08
3530,0.01086751129246711,0.0005113524546614558,0.005202711689844788,0.005153367488633625,7.965932724140078e-08
3531,0.010904405602920565,0.0005380883163225065,0.0049693951526785015,0.005396850149792033,7.198412752477949e-08
3532,0.01070478426595034,0.00034324005955471384,0.005199670226923023,0.005161805570315428,6.84091571760274e-08
3533,0.010545736652997748,0.0001857244908716845,0.0050957389899390785,0.005264204851361433,6.832082555038958e-08
3534,0.010693793346408374,0.0003348660876616099,0.005036998010423426,0.005321857169748396,7.20785749414413e-08
3535,0.010934459933180827,0.000574454577919294,0.005269838848104307,0.005090087316545575,7.919061164975945e-08
3536,0.010923480437544065,0.0005509425207386823,0.004988506907357629,0.0053839556287452765,7.538070247718208e-08
3537,0.01063084110166659,0.00027935083873822816,0.005158548934120573,0.005192867921807811,7.340699997874826e-08
3538,0.010580685472074879,0.00022777917867189366,0.005100626788088969,0.0052522060879109786,7.341740303821954e-08
3539,0.010847750609734846,0.0004734222061922859,0.0049442376014405985,0.005430019307584446,7.149451751397771e-08
3540,0.010903325876875003,0.0005461492518850945,0.00515950490714928,0.005197598991828644,7.272601198554691e-08
3541,0.01067381185333569,0.0003164209816314133,0.004923179587365485,0.005434141577202698,6.970713609285127e-08
3542,0.010554791736356563,0.0001909232044732423,0.004965023848264174,0.005398772704032524,7.197958662527258e-08
3543,0.010739337235767317,0.00037569001299688355,0.005105150850742368,0.005258423144123996,7.322790407001618e-08
3544,0.01084537827686336,0.00048104336331365424,0.004901263842601478,0.005463001032012805,7.003893542358566e-08
3545,0.010759482070782707,0.00040856150721283087,0.00509808533152587,0.005252762517881069,7.271416293723847e-08
3546,0.01058745997129705,0.00022448248846957286,0.005066816840048286,0.00529609089691827,6.974586091946148e-08
3547,0.010586435488899147,0.00022556126131255972,0.005054658214136572,0.005306143214650506,7.27987995069639e-08
3548,0.01081434216087735,0.00046351074709715566,0.005214554027642371,0.0051362007804573485,7.660568047560166e-08
3549,0.010885782148269945,0.0005216182797682785,0.005057421948932141,0.005306672186337178,6.973323234904911e-08
3550,0.010759837324653536,0.0003995741942948879,0.005298642253426847,0.005061550671873419,7.020505838346976e-08
3551,0.010581850032010783,0.00022481959816024344,0.005122657265053517,0.00523430379219182,6.937660520205146e-08
3552,0.010608239851370622,0.0002542730864562051,0.005124726234582656,0.005229172591946146,6.793838561455021e-08
3553,0.010819065249350623,0.0004578530665215515,0.0053168563755365845,0.005044285401988281,7.040530420529482e-08
3554,0.010977214201258252,0.0006058630335842958,0.0050167910964142755,0.005354487514719469,7.255654021160288e-08
3555,0.010758551576612834,0.000413429317978707,0.005182500325833637,0.005162541854778894,8.007802159734191e-08
3556,0.010578139109914429,0.00022511725325047579,0.005046100554153295,0.005306843731623171,7.757088748833257e-08
3557,0.010661124160292598,0.0002881707907241685,0.004953912341739116,0.005418967741140225,7.328668908904966e-08
3558,0.010821823986289187,0.0004660970289726734,0.005075295835478212,0.005280357868676575,7.325316172640285e-08
3559,0.010854105173858625,0.000498418196290878,0.004890066871614701,0.005465548590427358,7.151552568890603e-08
3560,0.010652398367747283,0.0002994149128881215,0.005058745344675783,0.0052941591182769435,7.899190643358816e-08
3561,0.010583705011970895,0.00021637432504674944,0.004998235525667853,0.005369018903155427,7.625810086562745e-08
3562,0.010628873058466813,0.00026818692131151467,0.004994156712695712,0.005366460078643144,6.934581644164745e-08
3563,0.010848506237764262,0.0005056653492933308,0.005199431825326559,0.005143338891514437,7.017162993527837e-08
3564,0.010954106859547267,0.0005940253616823669,0.004944390069950059,0.0054156222661292655,6.916178557418906e-08
3565,0.010806295631357475,0.0004474719063466266,0.005187896668074685,0.005170855672828761,7.138410740356548e-08
3566,0.010570573960634913,0.00021352543800875259,0.005080383637803909,0.005276597865703875,6.701911837800564e-08
3567,0.010668245892371503,0.0003200310948823311,0.005014045932902956,0.00533410080702449,6.805756172459674e-08
3568,0.010939725904645333,0.0005905667384529156,0.005240142489359691,0.00510894445955586,7.221727686505028e-08
3569,0.011038095856393513,0.0006663527958794469,0.0050208537844779145,0.0053508240749389115,6.520109724023817e-08
3570,0.01067620973240497,0.0003251227361557526,0.005204085410418413,0.005146935551556407,6.603427439794616e-08
3571,0.01059526887910757,0.00025205884813895657,0.005099404611178348,0.005243734524543288,7.089524697633665e-08
3572,0.010824547312736197,0.00046299923713367404,0.004970544508124994,0.005390926334607789,7.723286974100408e-08
3573,0.011038131118895634,0.0006760849053823512,0.005232498832606727,0.0051294624349480745,8.494595848067127e-08
3574,0.010692719792035416,0.00033158854987761844,0.0049949863146487635,0.005366066317918422,7.860959061230446e-08
3575,0.010603732898771796,0.0002592705400088082,0.0050164492619946405,0.005327936898122918,7.619864543043282e-08
3576,0.010902215090799654,0.0005554772028363401,0.005198919281915768,0.005147740131116988,7.847493055787938e-08
3577,0.011057763691584739,0.0006801319358618101,0.004933569829125421,0.005443985629409397,7.629718811057198e-08
3578,0.010664881065811259,0.0003059387837305671,0.005094412119311138,0.005264451109436612,7.905333294080352e-08
3579,0.010641617422704487,0.00029956197942295257,0.0050794158443460665,0.0052625657134450325,7.38854904359216e-08
3580,0.011015149818099854,0.0006605800748945424,0.004889391612877832,0.005465108188364421,6.994196305840492e-08
3581,0.010974250077079216,0.0006165023993048071,0.005145580376683104,0.005212091037868418,7.626322288670743e-08
3582,0.010600988967010833,0.00023101357523697377,0.005044167917331308,0.005325734008161947,7.346628060441542e-08
3583,0.010813674747789609,0.00045794775893185806,0.004979669701373398,0.005375988206844849,6.90806395044702e-08
3584,0.011160956929961203,0.0008246729577387849,0.005245562388492433,0.005090650487931102,7.109579888156946e-08
3585,0.01074563280207775,0.00038681939465577816,0.00502228561161249,0.00533645853655525,6.925925423146812e-08
3586,0.010659072744463627,0.00028974464637311897,0.005100426314360179,0.005268827717450462,7.406627986659511e-08
3587,0.01101915719795098,0.0006664231092608182,0.0052592720728947984,0.0050933793043662,8.271142916416294e-08
3588,0.0108993307505954,0.0005460030731304598,0.004949056924046933,0.005404192170133446,7.858328456272026e-08
3589,0.010537754281786476,0.0001832761464931829,0.005066329079580113,0.005288076148633846,7.29070793350333e-08
3590,0.01091024186826338,0.0005506317513886622,0.0052091136778448545,0.005150426124347246,7.031468261850807e-08
3591,0.01084396512667356,0.0004766972678792108,0.00497032994961504,0.005396867652566569,7.025661273920847e-08
3592,0.010572251286188945,0.00022285164210554193,0.0050598551899707946,0.005289467578666674,7.687544593359626e-08
3593,0.010824424513566518,0.00047712479698389624,0.005183650145731412,0.005163570796515245,7.877433596402097e-08
3594,0.01090662800761149,0.0005356809543291688,0.004947524618023456,0.005423347872282901,7.456297596341584e-08
3595,0.010643144753420911,0.00028026233814557543,0.0050452618456994554,0.005317542675966941,7.789360893888493e-08
3596,0.01067718050542349,0.0003280231189403353,0.005088578305828067,0.005260502493483761,7.658717132719119e-08
3597,0.010980196666831404,0.0006248928657819997,0.004929338954784525,0.005425894185645747,7.066061913198414e-08
3598,0.010695246516951888,0.00034181331157237446,0.0051328267644045016,0.005220532554796664,7.388617834804049e-08
3599,0.01061981853422138,0.0002529659278505849,0.005102259708376871,0.0052645194912579515,7.340673597248022e-08
3600,0.010831418234277098,0.00046411308101038405,0.005016882182186793,0.005350350876057717,7.209502220460842e-08
3601,0.01084551349764642,0.0005020608873104396,0.005234915760885029,0.0051084584384737146,7.841097723710572e-08
3602,0.010595005255114146,0.0002473796261691075,0.005073734626911855,0.005273813409079223,7.759295396166148e-08
3603,0.010654040744514086,0.0002901386769847137,0.005068024265411419,0.0052958051995850896,7.260253286404924e-08
3604,0.01087961814905222,0.0005151243012644754,0.00527660006657356,0.0050878216513736306,7.212984055351922e-08
3605,0.01065061941484068,0.00029064001473289106,0.005046652526566652,0.005313253730069506,7.314347163061491e-08
3606,0.010582182840947349,0.00023503996054434695,0.005065313303274639,0.00528175143712024,7.81400081244416e-08
3607,0.010762975166692728,0.00041428459365106077,0.005215650780263553,0.005132961839845428,7.795293268641987e-08
3608,0.010834597022340915,0.00046595486368033773,0.005019262051064945,0.005349309055065688,7.10525299455696e-08
3609,0.010628205677927055,0.0002696320440736897,0.005135367087934099,0.0052231346057499736,7.194016929218817e-08
3610,0.010578953495126454,0.00022860734704021728,0.005115768441858739,0.005234505965262629,7.174096486791815e-08
3611,0.010829808836213428,0.0004735458014058024,0.004990158303756796,0.0053660329441047264,7.17869461030868e-08
3612,0.010864450414008889,0.0005112622031584721,0.005203113593390498,0.005149994970956485,7.964650343384614e-08
3613,0.010666908920524017,0.0003016021046816169,0.0050194594762062806,0.005345769876312113,7.746332400744478e-08
3614,0.010568369955816663,0.00021120436353060768,0.00505809477532112,0.00529899663164162,7.418532331495912e-08
3615,0.010876759584019085,0.000531691142241571,0.005222163468642519,0.005122830985866161,7.398726883381737e-08
3616,0.010951411367326818,0.0005899189033838145,0.004924924003803443,0.005436497426591083,7.103354847783932e-08
3617,0.010704753546309315,0.00034451343034847735,0.0051069489397119845,0.0052532178871870505,7.328906180233668e-08
3618,0.010596953725667312,0.00023813952116628803,0.0050812580681662625,0.005277485928236567,7.020809819410263e-08
3619,0.010861995729077437,0.0005077519836143268,0.0049202158066108765,0.00543395928390375,6.865494848264572e-08
3620,0.010979746048005804,0.000638067360777838,0.005158994140914644,0.005182611408709105,7.313760421704819e-08
3621,0.010640588032471164,0.00027472671576115904,0.005015154342038458,0.005350639031761202,6.794291034556199e-08
3622,0.0106254501076581,0.00025822856322841166,0.0050509814827129,0.005316172493907348,6.756780943747424e-08
3623,0.010891881884892079,0.0005472563645179802,0.005176684529234839,0.005167866744906509,7.42462327504872e-08
3624,0.01089865524141517,0.0005471405745392543,0.00492777473121745,0.0054236652577519156,7.467790654933154e-08
3625,0.010577863670946541,0.0002224965641123398,0.005132089138355752,0.005223200905337504,7.70631409442414e-08
3626,0.010658320356084801,0.000295664361593005,0.0051707722484411935,0.005191806604492092,7.714155851004994e-08
3627,0.010874434342218749,0.0005120068800676782,0.004963418748410549,0.005398932999585462,7.571415506024574e-08
3628,0.01076576583907477,0.00042355288176485194,0.005173764844637653,0.0051683693886831255,7.872398913911042e-08
3629,0.01055917125948652,0.00020786058709989095,0.005088658558300781,0.005262577579282214,7.453480363203391e-08
3630,0.010673494504673402,0.00030986347255866246,0.005024781874372088,0.005338777360915667,7.179682698282634e-08
3631,0.01085468656789819,0.0005008477862372357,0.005189457522340251,0.005164307950940649,7.3308380055776e-08
3632,0.01068988845004477,0.00033357018267131714,0.00501583451073657,0.005340414438078843,6.931855803907507e-08
3633,0.010547391598229526,0.00019656285969109046,0.0051153689024766615,0.005235387656152518,7.217990925585049e-08
3634,0.010663753439174577,0.00031181537741142065,0.005171700874769466,0.0051801608601585334,7.632683515705324e-08
3635,0.010817337398456289,0.0004542579339412058,0.005002272017213638,0.005360735254769151,7.219253229263985e-08
3636,0.01071329020259434,0.00036325654938390117,0.005212526258725636,0.005137434748635924,7.26458488786691e-08
3637,0.010547804192517003,0.00019775206576638828,0.005073999910214298,0.0052759793937437295,7.282279258832569e-08
3638,0.010590260185618715,0.00023425142261815278,0.005039882415971687,0.005316050971375356,7.537565352001941e-08
3639,0.010754191786186341,0.00039898161978114825,0.00520614895481114,0.005148984293628324,7.691796572974007e-08
3640,0.01078849837664569,0.0004289711814072371,0.004989168440847641,0.005370286066140018,7.268825079294706e-08
3641,0.010652657329084688,0.0003080344233748525,0.005126186222558006,0.005218361474550381,7.52086014488052e-08
3642,0.010529459478860463,0.00017695005905123403,0.005068393204127573,0.005284043009426399,7.320625525491242e-08
3643,0.010610824809915655,0.0002498515734969669,0.005047914210911111,0.005312986168074576,7.285743300190127e-08
3644,0.010765762962234943,0.0004168094980996102,0.005184719387536228,0.00516415643511603,7.764148307624872e-08
3645,0.010844193785623535,0.0004910139504461202,0.004963429999272121,0.005389675790164978,7.404574031536741e-08
3646,0.01074478661563373,0.0003958646678968106,0.005206710936783195,0.0051421365723624875,7.443859123668496e-08
3647,0.01056852901339983,0.000211229204002625,0.005051005034351141,0.005306222497354944,7.227769112025072e-08
3648,0.010545679565218033,0.00019487022738554486,0.005055902566059148,0.005294834239827612,7.253194572943022e-08
3649,0.010710646199123104,0.0003662641482677993,0.005195144996007649,0.005149163131830661,7.392301699568195e-08
3650,0.010896257134293924,0.0005369114919034034,0.004950619319219526,0.005408653066018959,7.325715203674695e-08
3651,0.010908030858652313,0.0005584863073693202,0.005170666844705048,0.005178799277101189,7.842947675480286e-08
3652,0.01064154020646417,0.00028857730505478296,0.004991937541976461,0.005360951609645767,7.374978715935288e-08
3653,0.01053354468161754,0.0001853838546209985,0.00503484657698435,0.005313239328069575,7.492194261676579e-08
3654,0.010721714596326544,0.0003732209057695754,0.005152956157942607,0.005195461359324584,7.617328977689835e-08
3655,0.010923421329474499,0.0005645972213499851,0.004964842528085805,0.00539391102009908,7.055993962848024e-08
3656,0.010848126012406492,0.0005062547775843318,0.005197556812151243,0.005144239521844788,7.490082613009708e-08
3657,0.010589368669993509,0.0002396601995608691,0.005016798131060537,0.005332834861933827,7.547743827603991e-08
3658,0.010571921608960868,0.0002167946929300606,0.005074781446458007,0.005280268823685548,7.664588725097886e-08
3659,0.010805543352148846,0.00045975203686492145,0.005220592277560173,0.005125118844783633,8.019294011832942e-08
3660,0.010934884664805964,0.0005819814222782248,0.004930828919225555,0.005421998611079245,7.571222293863776e-08
3661,0.010713409949779068,0.00036530201045348006,0.005157347829259129,0.005190684602109928,7.55079565317415e-08
3662,0.010525075272264314,0.00017543143098826418,0.005061259026074038,0.0052883084698093,7.634539271070859e-08
3663,0.010743280385566916,0.0003923177548785899,0.004940571485720478,0.0054103126193851955,7.852558265271806e-08
3664,0.010934371122303955,0.0005876341112221894,0.005207537678511681,0.005139120825236747,7.850733333811178e-08
3665,0.010766368469055893,0.0004090683927212524,0.004983115698658185,0.005374113028791783,7.134888467273894e-08
3666,0.01054669608439814,0.0002035994973934654,0.0050194317541157815,0.005323590280296578,7.45525923173139e-08
3667,0.010682334429322217,0.0003402339312791605,0.005118620942333402,0.005223402816564946,7.673914470799044e-08
3668,0.010920552628456816,0.0005584573290178754,0.004971282924911941,0.005390738306063989,7.406846300964868e-08
3669,0.010782717500279902,0.0004361410152392913,0.005174101332674446,0.005172394273993082,8.08783730823806e-08
3670,0.010545814140468412,0.00020475970212177136,0.00505882406307843,0.005282151833135504,7.854213270740591e-08
3671,0.010677411274106523,0.00032661061536774734,0.005041300151077735,0.005309425892005325,7.46156557173559e-08
3672,0.010924833784283092,0.0005721937176823698,0.005252635745831403,0.005099926149355686,7.817141363387745e-08
3673,0.010760690159032487,0.00040858840766102244,0.005025165734146016,0.0053268603011852825,7.571604016539512e-08
3674,0.01055943806478703,0.00021999926317671712,0.005188725763101221,0.005150637613997733,7.542451135869912e-08
3675,0.010637547290617316,0.0002906295683239626,0.005245954548242428,0.005100887853578394,7.53204725331988e-08
3676,0.010870589783425713,0.0005109281056528362,0.005030835419174572,0.005328753371881581,7.288671672481962e-08
3677,0.010750442502032886,0.0004091996845504069,0.005222843178692087,0.005118323308557062,7.633023333253054e-08
3678,0.010550307074042631,0.00020603904632743447,0.005054643272904706,0.00528954824596292,7.650884757061108e-08
3679,0.010609420392489051,0.0002540718881979217,0.004994879054615956,0.005360393335624001,7.611405117280768e-08
3680,0.010759325148495957,0.0004141356968195221,0.005133446701374887,0.005211667098554783,7.565174676481069e-08
3681,0.010751835478496827,0.0004039177258041987,0.004930745948053741,0.005417098261496108,7.35431427788041e-08
3682,0.010589305864498662,0.00024503986169298455,0.005042654296793463,0.005301530245158463,8.146085375175998e-08
3683,0.010540562252833207,0.00018763668408157297,0.005043510526307348,0.005309333956883747,8.108556053856034e-08
3684,0.010653653523772557,0.00030437528110698324,0.0049982458556059916,0.005350956955021725,7.543203785738427e-08
3685,0.010806029428774998,0.000471855215807495,0.005184816263787704,0.005149281839399493,7.610978030569461e-08
3686,0.010786876452901183,0.00043443821481245335,0.004987289877765545,0.0053650773868232525,7.097349993052875e-08
3687,0.010634017020737319,0.0002848989838381165,0.005181233891082394,0.005167811125425514,7.302039129381146e-08
3688,0.01052393709520051,0.00018396975326564124,0.005081013513177552,0.0052588782406796045,7.558807771259704e-08
3689,0.01063114730467062,0.000289282663019211,0.00501705662933772,0.005324732790180383,7.522213330617372e-08
3690,0.010826058628805755,0.0004790499138726408,0.005253129477621231,0.00509380702375542,7.22135564632548e-08
3691,0.01086846468917268,0.0005142781455997288,0.004991962625366457,0.005362158076977286,6.584122920791571e-08
3692,0.010700658734735335,0.0003673338021062908,0.005153594605764546,0.005179659420947792,7.090591670562417e-08
3693,0.010535629460396085,0.00019350573191254846,0.00505781046291893,0.0052842388240829895,7.44414816153147e-08
3694,0.01059873083375353,0.00024517906967931456,0.005006987593268032,0.005346485247123209,7.892368297628389e-08
3695,0.010774788418207677,0.0004355427850806735,0.005137091357115866,0.005202071877999373,8.239801176474957e-08
3696,0.010847901557594916,0.0005029363342750033,0.004942283140130439,0.005402606137592962,7.594559651169823e-08
3697,0.010719413783055798,0.0003761885308500888,0.005162960327583164,0.005180186646377291,7.827824525430446e-08
3698,0.010562800025214517,0.00021249299922190004,0.005026225966130436,0.005324004550779759,7.650908242178432e-08
3699,0.010560817226602263,0.00022032728165707958,0.005047056516835859,0.005293357956795549,7.547131377473389e-08
3700,0.010755201483926094,0.0004207584822192282,0.005209444961170535,0.005124919026059487,7.901447684424432e-08
3701,0.010956139606751871,0.0006021574636454229,0.004956229170620223,0.005397677329710992,7.564277523196622e-08
3702,0.010816621494243823,0.0004735420250768366,0.005197028250198441,0.005145977009800415,7.42091681302135e-08
3703,0.010563230152574911,0.00022410687201116365,0.005007848872610189,0.005331203883574514,7.052437904445158e-08
3704,0.01059506726968595,0.00025290630742109613,0.004950640319185393,0.005391447265903533,7.337717592922163e-08
3705,0.010827559674313599,0.00048229166435561054,0.005154455222212768,0.005190738462390927,7.432535429260588e-08
3706,0.010855471517685988,0.0005051441019808684,0.0049587927763477535,0.005391466753173748,6.788618361727894e-08
3707,0.010678193388168661,0.00034982596901125964,0.005092548332264086,0.005235745852565025,7.323432829114107e-08
3708,0.010511307033013038,0.00017069597330502835,0.0050831242644586465,0.00525741397275005,7.28224993135128e-08
3709,0.010721861084069568,0.0003668846277913993,0.0050453056154669525,0.005309598879491798,7.196131941944755e-08
3710,0.010862714449875197,0.0005274847918314697,0.00520759984183886,0.005127551418141377,7.839806349079122e-08
3711,0.010788099785015116,0.000449887406172676,0.004986825141444563,0.0053513133525027404,7.38848951380152e-08
3712,0.010574856179126266,0.0002310095467012201,0.005193859243341576,0.005149913328627268,7.40604562011489e-08
3713,0.010558036721905126,0.00021115425956037072,0.005166149899166319,0.005180656941040413,7.562213802357495e-08
3714,0.01076009301802473,0.00041850169528408296,0.004980244001981608,0.005361273571036929,7.374972211024614e-08
3715,0.010838012864280067,0.0005057545270860429,0.005222780677394673,0.00510940530872275,7.235107659996525e-08
3716,0.010702894355551084,0.0003522795850209509,0.005039251943623732,0.005311296323848454,6.650305794717584e-08
3717,0.010529367083141063,0.00018519470733828982,0.0050825548327986456,0.005261547698531895,6.98444722313758e-08
3718,0.0106184615010583,0.0002868450642304253,0.005111696434176311,0.005219849037437532,7.096521403075747e-08
3719,0.010814551286220981,0.0004710002307696138,0.004962526636248267,0.005380956689726104,6.772947699743151e-08
3720,0.010869093994976388,0.0005256536985927015,0.005182130271626931,0.005161235528399807,7.449635694798856e-08
3721,0.010617672476328806,0.00027219485600388894,0.005000250725010125,0.00534515307792346,7.381739133066351e-08
3722,0.010545973274134061,0.0002131868017398558,0.005070109240103007,0.0052626047100429105,7.252224828840833e-08
3723,0.010732970549047786,0.0003971363604157304,0.005215508058526773,0.005120251864514505,7.426559077702965e-08
3724,0.010957736960252042,0.0006027072970517029,0.004968677815738694,0.005386276106263466,7.574119817910442e-08
3725,0.010777033157744574,0.00044216596446506034,0.0051656782964490545,0.005169108121068792,8.077576166798211e-08
3726,0.010550323675302268,0.00021699200737606018,0.00504343904174339,0.00528982193197173,7.069421108699e-08
3727,0.010639505330985897,0.00029625171290745804,0.004976537613704836,0.005366650755178221,6.524919538124681e-08
3728,0.010895455589950963,0.0005555683086609474,0.005153713986509204,0.005186103306591183,6.998818962706991e-08
3729,0.010794614843663434,0.00044921813508699084,0.0049615017763727995,0.005383825694220291,6.92379833517829e-08
3730,0.010552754436835196,0.00022105388892924244,0.00509615308386468,0.005235476432620423,7.103142085024346e-08
3731,0.010591873003555055,0.00025606204140938904,0.005110899494606794,0.005224842617819632,6.8849719239748e-08
3732,0.010820166913623828,0.00047065917222338644,0.0049904348245958146,0.0053590067774326984,6.613937192890861e-08
3733,0.010834904166302178,0.0005008223060039295,0.005237621755253441,0.005096386042294083,7.406275072603338e-08
3734,0.010624020905456742,0.00028781317660138064,0.005024003755602609,0.005312128059039361,7.591421339157297e-08
3735,0.010518680734518218,0.00017824176146826937,0.005060471368687137,0.005279893073569566,7.453079324468075e-08
3736,0.010738438622473973,0.0004003029571796797,0.005182618882851031,0.005155444034676779,7.27477664827511e-08
3737,0.01084415609680894,0.0005006707144461555,0.004934287319251164,0.005409127205734295,7.085737732654051e-08
3738,0.010705353547486345,0.00037145155080819004,0.005129743857338818,0.005204081900403478,7.62389358582708e-08
3739,0.010527909100830124,0.00018619047319482494,0.005076184565512728,0.005265461604107974,7.245801459818851e-08
3740,0.010630589559959302,0.0002908290719880769,0.005009314301742057,0.005330376546917453,6.963931171468493e-08
3741,0.010862800225232953,0.000532907968526829,0.005190433415575489,0.0051393867247665,7.211636413424758e-08
3742,0.010801578142804715,0.00045550195994901744,0.004982843136960702,0.005363164260538679,6.878535631760718e-08
3743,0.010577659912485413,0.00023931418647621847,0.0051293429437678515,0.0052089291277164175,7.365452492727912e-08
3744,0.010548804969271568,0.00021637255884626808,0.005113872959133933,0.005218485138444936,7.431284643079472e-08
3745,0.010790428478994045,0.00045010234377817343,0.0050030899480350355,0.005337166056233612,7.013094722439533e-08
3746,0.010905737698591784,0.000568574927808225,0.005260333266269361,0.00507675467643885,7.48280753462741e-08
3747,0.010668681247131162,0.0003277465303506209,0.005011930220446668,0.005328929567930644,7.492840322822956e-08
3748,0.010534762417773102,0.0002019916693811171,0.005070126632091267,0.0052625700606802805,7.405562043821203e-08
3749,0.010723508501007336,0.000389093304641587,0.005186618697365502,0.005147725650258467,7.084874178035344e-08
3750,0.0109225339527729,0.0005732370132102679,0.004942737978962578,0.00540649274262386,6.621797619564368e-08
3751,0.010694055840585285,0.00036249543481056034,0.005142726060071488,0.0051887636212876315,7.072441560467618e-08
3752,0.010540394189739725,0.00020782273204409603,0.005052131415060836,0.0052803697086664485,7.033396834411857e-08
3753,0.010691057014571565,0.00034561333966932705,0.0049194078481533616,0.0054259662943587335,6.953239014305383e-08
3754,0.010850011162059877,0.0005140712313733401,0.005090974102992894,0.005244894903708664,7.092398497835665e-08
3755,0.010705129296341114,0.000366807076971652,0.004947897367145067,0.005390357652260848,6.71999635471647e-08
3756,0.010509553985997889,0.00017597380557696172,0.005025677479357002,0.005307828381350502,7.431971342361948e-08
3757,0.010651970617299738,0.00031425791676442715,0.005136041480131786,0.00520159379805033,7.742235319397309e-08
3758,0.010775803850729229,0.00043418864769902995,0.0050452878358890185,0.005296256672845774,7.069429540542387e-08
3759,0.010730066299123058,0.0004030723996245558,0.005246167690747421,0.005080753156524985,7.305222609592804e-08
3760,0.010598891985325081,0.000261151439441041,0.005073520814419717,0.005264146658988633,7.307247569085307e-08
3761,0.010532061939639455,0.00018934164579241262,0.005150400817693165,0.005192247014074267,7.246207961073251e-08
3762,0.010652876908350577,0.00032364700981597473,0.005236933488803902,0.005092224571067534,7.183866316752834e-08
3763,0.01080500639258035,0.0004718456435213378,0.005000918244891973,0.005332175253896766,6.725027027493237e-08
3764,0.01079111577483551,0.00045216901529738775,0.005226540874811733,0.005112339099593028,6.678513336345448e-08
3765,0.01059989698471503,0.00025676270176874013,0.005052403318301505,0.005290665774261779,6.519038300460997e-08
3766,0.010542162008737421,0.0002143768478449298,0.00502444123160179,0.005303273187417121,7.074187358192884e-08
3767,0.01066288389752287,0.0003343180728823354,0.005117839197333527,0.005210653797885205,7.282942180236878e-08
3768,0.010855627897785039,0.0005064370357377692,0.004983978138587598,0.005365145120301243,6.760315842893639e-08
3769,0.010787757073516674,0.0004570578450575169,0.005194775898625615,0.005135849422469376,7.390736416677687e-08
3770,0.01062752761373178,0.00029738369868203526,0.004972161447108883,0.005357905991200255,7.647674060745123e-08
3771,0.010506330205599587,0.00016866946015867997,0.005042950257298988,0.005294634298181525,7.61899603946222e-08
3772,0.010648534190659248,0.0003104960948432296,0.0051293242355737,0.0052086397668981745,7.409334414425526e-08
3773,0.01077843124484471,0.0004420604575656863,0.004925759329999596,0.0054105411616010715,7.029567835675665e-08
3774,0.010796478039840615,0.00047106071844310756,0.005162269327113924,0.005163076821079437,7.11732041456585e-08
3775,0.01064648525713242,0.0003049144856880797,0.0050240274608533905,0.005317478482040362,6.482855058754297e-08
3776,0.010504690008562124,0.00017072256668714374,0.005085163934061075,0.0052487374103924594,6.609742144650314e-08
3777,0.010595890661040169,0.00027246688316909777,0.005107122336172203,0.00521623319280194,6.824889692786057e-08
3778,0.01076316529165217,0.0004262587656084773,0.004981094426264697,0.005355747519513499,6.458026549605687e-08
3779,0.010887312282616156,0.0005487986534022167,0.0052432923065635064,0.005095154569194905,6.675345552656313e-08
3780,0.010712249973765927,0.00037422858728265463,0.005001805314219603,0.005336150421616853,6.565064681599391e-08
3781,0.010533784421565955,0.00021167071215173308,0.005119288681620203,0.005202755972363824,6.905543019598939e-08
3782,0.010575101657302906,0.00024567451459616617,0.005166706097377921,0.005162650217674526,7.082765429277652e-08
3783,0.010818078926536226,0.00047075660716950675,0.004965805767132923,0.0053814456716345565,7.088059923837333e-08
3784,0.010853811291541017,0.0005259299377794749,0.005158516409930518,0.005169290090687582,7.485314344152151e-08
3785,0.010680199092583435,0.0003501582497321107,0.004969266070415458,0.005360705449438861,6.932299700550845e-08
3786,0.010499648658388988,0.00016603178964735377,0.005040378012804834,0.005293167894429933,7.096150686623997e-08
3787,0.010628638415836854,0.0002931169827663802,0.00509847673971975,0.005236971685670897,7.300767982669308e-08
3788,0.010784186055046758,0.00044801281647809853,0.004965907985677635,0.005370196762864187,6.84900268369023e-08
3789,0.010819696877907643,0.000496868105616896,0.00520599181847286,0.005116766006857368,7.094696051825007e-08
3790,0.010652851136116744,0.0003159417962705581,0.004996456527856614,0.005340383872059371,6.893993020130715e-08
3791,0.010503794955752321,0.00016720655470611116,0.005089115218248397,0.005247403534877586,6.964792022573622e-08
3792,0.010645101866300489,0.0003196654356744155,0.005167244490842102,0.005158122387534649,6.955224932345056e-08
3793,0.010858513164161771,0.0005260417810363711,0.004927509930533138,0.005404895043126611,6.640946565237738e-08
3794,0.01086981405741605,0.0005373742970145071,0.005171378429223608,0.005160992396956146,6.893422178868444e-08
3795,0.010592863266994027,0.0002540519186739023,0.0050243144593904564,0.005314431340518166,6.554841150163104e-08
3796,0.010566594075595357,0.00024299350988663817,0.005008133259245932,0.0053154006335730366,6.667288974990306e-08
3797,0.010817558538638495,0.0004943346377135513,0.0051960654624577714,0.005127091131620556,6.730684661505898e-08
3798,0.010980690294452651,0.0006322545672717304,0.004984853240927012,0.005363518776788533,6.370946537710346e-08
3799,0.010671072498700156,0.00034150627460925243,0.005153793377635644,0.0051757023599853956,7.048646986484035e-08
3800,0.010535860549107975,0.00021567280480209194,0.005069186401926744,0.005250933213771934,6.812860720450784e-08
3801,0.010807160748365333,0.00047261040771601106,0.004954627198108488,0.005379858927359615,6.421518121918009e-08
3802,0.010983401786644177,0.0006471714997066103,0.005196873898525478,0.005139285298722483,7.108968960597145e-08
3803,0.01062825264857213,0.0002896191615130889,0.00500629424643792,0.00533227157816566,6.766245545941616e-08
3804,0.010596100132140749,0.00027300270094204903,0.005061475122498266,0.005261558901433663,6.340726677124104e-08
3805,0.010903223753369282,0.0005819622166071407,0.005242060523749608,0.005079135594101992,6.541891054298424e-08
3806,0.010957563611267974,0.0006112787175015735,0.004951898724159061,0.005394319904850188,6.626475714932273e-08
3807,0.010553487324769243,0.00021498406435957888,0.005116046340373189,0.0052223885444302965,6.837560617849789e-08
3808,0.01070869229468523,0.0003883792272695766,0.005140120406626493,0.0051801249955537336,6.766523542678677e-08
3809,0.011022849729443155,0.0006933656092554097,0.004843370651265707,0.005486048437870481,6.503105155773708e-08
3810,0.010737885565090317,0.0004053553245798034,0.005055585124295743,0.0052768781737989314,6.694241584051874e-08
3811,0.010607368818951052,0.00026414291950570853,0.005043473849895821,0.005299686737258581,6.531229093931644e-08
3812,0.010895088200837186,0.0005561607461459236,0.00486583038699394,0.005473031091393365,6.597630395664246e-08
3813,0.010919323330378157,0.0006039396762164049,0.005071307524225118,0.005244005204985792,7.092495084215413e-08
3814,0.010506354960437224,0.000175134604184051,0.005008035701529713,0.0053231193579692596,6.529675419980442e-08
3815,0.010837229464805174,0.0004906476038037097,0.005005492046335005,0.005341027564478865,6.225018759474029e-08
3816,0.010891630841522107,0.0005607974044758954,0.005223566616818761,0.005107196884026984,6.993620046648911e-08
3817,0.01060522628170101,0.0002795737974816085,0.00500494573726287,0.005320634647490692,7.209946584050342e-08
3818,0.010658616574588142,0.0003297378626535342,0.005001933458812542,0.005326878560144014,6.669297805104277e-08
3819,0.010954906825518912,0.0006199326195004812,0.0052835467249464805,0.00505136575402428,6.172704766987747e-08
3820,0.010658500383571846,0.0003135355436465661,0.005060100834050789,0.005284804975831655,5.903004283693727e-08
3821,0.01058908058296804,0.000258404900088507,0.005013310696254385,0.00531730155439976,6.343222538828717e-08
3822,0.01090955573329039,0.0005936207819924056,0.005169043921332292,0.005146823993105206,6.703686048729694e-08
3823,0.010720631352190108,0.0003838508219578409,0.004966782752734749,0.005369935891143166,6.188635435200287e-08
3824,0.010562164216026062,0.00021589288589636833,0.00502455153978769,0.0053216589842578444,6.0806084159546e-08
3825,0.010769224718778158,0.00043713844675615936,0.005096527688457996,0.005235494894105626,6.368945837530429e-08
3826,0.010771283343039478,0.0004423432099376466,0.004911661222238442,0.005417214377942397,6.45329209922672e-08
3827,0.010533751872290437,0.00020889360956439796,0.005068655844146803,0.0052561340883085245,6.8330270710425e-08
3828,0.01063025245122715,0.0002928847329933281,0.005146779935936802,0.0051905189542408026,6.882805621638084e-08
3829,0.010793811796840058,0.0004464850976617867,0.004988777523241409,0.005358485050956778,6.412498008407639e-08
3830,0.010590459130480841,0.0002657975249412782,0.0051452985711300595,0.005179299140301377,6.389410812588974e-08
3831,0.010554781158739783,0.0002352262923117709,0.00511454682248715,0.005204944927788611,6.311615225131236e-08
3832,0.0106981677472755,0.0003629350362499527,0.005000484688741706,0.00533468511684234,6.29054415021761e-08
3833,0.010784570865753703,0.0004461164472207689,0.005196101715893693,0.005142288346550688,6.435608855396799e-08
3834,0.010539272417373268,0.00020148564525320148,0.005070118307710465,0.005267609471408063,5.899300153899253e-08
3835,0.010579003633570033,0.00025521091660060555,0.005065177187341726,0.005258559696281573,5.5833346127957e-08
3836,0.010793046496437928,0.00047411496505614717,0.0052230633715197655,0.0050958111539496104,5.700591240567676e-08
3837,0.010804068502313413,0.00046320569297542797,0.005000508910064031,0.005340296907623765,5.699165018895192e-08
3838,0.010592923228454728,0.0002536825235997584,0.005160630054955162,0.005178548725672748,6.19242270583459e-08
3839,0.010539409039419306,0.00021218770033513902,0.005131558897940152,0.005195598579709227,6.386143478792384e-08
3840,0.010831810255577631,0.0005062739672600764,0.0049413393731132915,0.005384136245877353,6.066932691084403e-08
3841,0.010865635743877085,0.0005409081991087846,0.005181790178864776,0.00514287733549716,6.003040636450245e-08
3842,0.010633205358214503,0.0002867830498930352,0.005016172317176225,0.005330192272158923,5.7718986319090974e-08
3843,0.010536516905323428,0.00019927514131504049,0.00501125765951177,0.005325922829229163,6.127526745599848e-08
3844,0.010844992880617082,0.0005293399876902115,0.005135216146079672,0.005180371641574949,6.510527225034316e-08
3845,0.010855427914130598,0.0005245280960957036,0.00490040293671351,0.005430436396615943,6.048470544160986e-08
3846,0.010603068481509867,0.00026678308752434333,0.00507890705509589,0.005257318906372071,5.943251756357048e-08
3847,0.010577431720682852,0.00024089832188603808,0.005065521550148766,0.005270953139022381,5.87096256669454e-08
3848,0.010834704579747535,0.0005030065991066457,0.004906443017768315,0.005425196693162346,5.826971022755346e-08
3849,0.010843573419284137,0.0005270457504105336,0.00517311984973563,0.005143346166627621,6.16525103536288e-08
3850,0.010545193832131664,0.0002124943635772015,0.005033058914785424,0.005299582462105624,5.8091663412927096e-08
3851,0.010599391533745742,0.0002604458557097786,0.0050298042049086574,0.005309086488931737,5.498419556835502e-08
3852,0.010811481512496692,0.00048752061924812014,0.00518754130232276,0.005136363158998427,5.643192738533129e-08
3853,0.010770028590043815,0.00044282660418697747,0.004948636170937519,0.005378509141364346,5.667355497225406e-08
3854,0.010506892099693545,0.00018064898188705235,0.005087948801745326,0.005238234236038634,6.008002253346983e-08
3855,0.010600923889457093,0.0002686856881328642,0.005134037780306345,0.0051981393651556514,6.105586223315832e-08
3856,0.010762981166459639,0.00042681436291941953,0.004974828452327007,0.00536127949861616,5.885259705275222e-08
3857,0.010685909406942272,0.0003667087611071946,0.0051570150874110125,0.0051621255518557434,6.000656832173495e-08
3858,0.010509417080777144,0.00018403658776093657,0.005036770744807902,0.005288551794861418,5.7953346887228427e-08
3859,0.010571276424375638,0.00023533677943109196,0.005012327451973274,0.005323555058032649,5.713493862224695e-08
3860,0.010736449069553925,0.0004082590557406305,0.005169608853336863,0.005158522257379766,5.8903096665069676e-08
3861,0.010678605780997623,0.0003502973529121941,0.004978044834995673,0.005350206375611154,5.721747860018007e-08
3862,0.010522758303700502,0.0002010240720898733,0.005105744683915698,0.005215930597110461,5.895058446931861e-08
3863,0.010516552072233875,0.0001883245547249363,0.005111954223534486,0.005216214333599647,5.8960374805939025e-08
3864,0.010667093809090724,0.00033246858404925903,0.005007841986920534,0.005326726408447732,5.6829673200286147e-08
3865,0.010753234707368836,0.0004326074995730167,0.005207182671329992,0.005113384820785204,5.971568062513425e-08
3866,0.010666698384143249,0.00034066418962357245,0.004991614733865945,0.0053343600104328245,5.945022090818234e-08
3867,0.01051968602565968,0.00019266287304615037,0.0051144195001730855,0.005212544542674212,5.9109766231026856e-08
3868,0.010507128465024053,0.0001794099151820999,0.00508907938832645,0.0052385807667564765,5.8394759027221595e-08
3869,0.0106382399864365,0.0003114937583407827,0.004978924425263041,0.005347765990711456,5.5812121219062466e-08
3870,0.010785143466145538,0.0004664276609543843,0.005185072588413269,0.005133586124333363,5.709244452094559e-08
3871,0.010777935085991536,0.0004438585842580283,0.004939709702791534,0.005394308998520553,5.780042142150437e-08
3872,0.01059246246554479,0.00026790308752055374,0.005097401467086865,0.005227097787318522,6.012361884868033e-08
3873,0.010492512856161752,0.00017138257410282532,0.005012515783002053,0.00530855651689288,5.798216399418003e-08
3874,0.010597460082420268,0.000270872070876925,0.004935215692345208,0.005391315899324019,5.641987411561618e-08
3875,0.010786414774391977,0.0004618231589152287,0.005144200031770741,0.005180334397456038,5.718624997009727e-08
3876,0.01079772304995582,0.00046584297805211657,0.004921499530680992,0.005410323920641011,5.662058169973667e-08
3877,0.010647150971124736,0.0003317026222512469,0.005092807657025298,0.005222580612404753,6.007944343680438e-08
3878,0.010503533605405712,0.0001795434260910135,0.005051207298902884,0.00527272782172876,5.505868305583955e-08
3879,0.010564757010956596,0.00023625111564640127,0.005003909084493857,0.005324541933177093,5.4877639243206715e-08
3880,0.01074314744169924,0.00042624902380318497,0.005176062154531566,0.005140778507792293,5.7755572194658654e-08
3881,0.010837970259727478,0.0005116389675926777,0.004972273021082328,0.005354002863730068,5.540732240461834e-08
3882,0.010708118793441758,0.00038621198404328535,0.005175839934475748,0.005146009067308697,5.780761402646481e-08
3883,0.010501305114711175,0.00017738069484889548,0.005064994468028239,0.005258875164784237,5.478704980242319e-08
3884,0.010560035073927304,0.00024085631607813368,0.005062660187718645,0.005256463890568979,5.467956154511772e-08
3885,0.010775383567234498,0.00045746906935953874,0.0052188745869612765,0.005098980255945111,5.965496857248498e-08
3886,0.010869121596416903,0.0005363464350553982,0.0050067992718716686,0.005325919308497347,5.658099248979209e-08
3887,0.010684922299371739,0.0003671084201563251,0.00521975757373677,0.0050979996196724294,5.6685806214543956e-08
3888,0.010535005284819834,0.00021875815089434104,0.00502000374130426,0.005296185505545858,5.7887075376202724e-08
3889,0.010583759283425769,0.00025572221447963685,0.004986323480310292,0.00534165927379852,5.431483732111545e-08
3890,0.010794064136107622,0.00047179366899410694,0.005163095233635723,0.0051591188282822786,5.640519551462352e-08
3891,0.010772417655408874,0.0004477912778043108,0.004873324487418137,0.005451245195616939,5.6694569486300585e-08
3892,0.010550139811263947,0.0002334328157378525,0.00500424691661875,0.005312404903502385,5.517540495891735e-08
3893,0.010553552889380058,0.00022890233334044505,0.005027386670337798,0.00529721075343593,5.3132265884428946e-08
3894,0.010663881678720288,0.0003343504827233605,0.004884626251018496,0.005444849799226262,5.514575216982533e-08
3895,0.010825916231413603,0.0005142556640069078,0.005060376234837639,0.005251225081836397,5.9250732658021614e-08
3896,0.010677273531248813,0.0003553718304628026,0.0049614843978837385,0.005360363222392664,5.4080509608959354e-08
3897,0.01052070591995532,0.00019687153233198794,0.005122770541434745,0.005201010467123889,5.337906469875829e-08
3898,0.010558752319088514,0.0002413081029045474,0.005119673233644651,0.005197716791129711,5.419140960227229e-08
3899,0.01068586467381426,0.00037077560864358464,0.005027892740501185,0.0052871429331382775,5.33915312124302e-08
3900,0.010851646666530901,0.0005300086402589422,0.005328542441983306,0.004993040433561073,5.515072758054808e-08
3901,0.010812101622014682,0.0004794988864116858,0.005043000999465886,0.005289548572559971,5.316357713967498e-08
3902,0.010579156861361192,0.00026842134444335944,0.005123134982402259,0.005187546775683148,5.375883242589757e-08
3903,0.01054352579645254,0.00023397412707790781,0.005073121284339486,0.005236377688175637,5.269685951106992e-08
3904,0.01066739226404024,0.0003366068779568317,0.004960195955792044,0.005370536813464231,5.2616827133363414e-08
3905,0.010843650792474449,0.0005192830764094318,0.00510462424376269,0.005219687305965285,5.616633704062294e-08
3906,0.010676319099412837,0.00035742624534643803,0.004918357704239028,0.0054004829571734254,5.219265394754019e-08
3907,0.010538416701332095,0.0002287040776348332,0.005046591751348017,0.0052630637345380815,5.7137811163371746e-08
3908,0.010541428271552642,0.00021988083880338142,0.005087683146557717,0.005233803646004355,6.064018718946122e-08
3909,0.010748035201491873,0.00041468038641636425,0.004969348931806989,0.005363950079019491,5.580424902830217e-08
3910,0.010798978105835124,0.0004875395393988237,0.005182913708906545,0.00512846873520168,5.612232807488832e-08
3911,0.010693712561553693,0.00038125050484543615,0.0049807606747991045,0.005331646899215996,5.4482693156850706e-08
3912,0.010505310692709255,0.0001876015781355329,0.005104708769196826,0.0052129425173357835,5.78280411131984e-08
3913,0.010541026167692936,0.00021503369140918064,0.005111313815041372,0.005214625068787802,5.359245457925874e-08
3914,0.010643993937870713,0.00032259267996827875,0.005006138691187605,0.005315216255112647,4.631160218170811e-08
3915,0.010807981286364517,0.0005029164615314401,0.005213398394820553,0.00509161880000825,4.7630004273373946e-08
3916,0.010768062404778197,0.00044890880195911585,0.004971434667006662,0.005347670479333273,4.8456479146709406e-08
3917,0.010625079920381364,0.0003019470358750542,0.005140940933541146,0.005182139180009836,5.2770955327620584e-08
3918,0.010485917967756648,0.0001655041939161011,0.005067731411104607,0.005252631135797231,5.122693871079365e-08
3919,0.010637594077547918,0.000325086490782748,0.004974365009608544,0.005338093017970992,4.955918563383286e-08
3920,0.010849845213349758,0.0005406490273153644,0.005196060462657036,0.005113084135875925,5.158750143380977e-08
3921,0.010896285274434049,0.0005647614969666032,0.004963632109598321,0.0053678421504868195,4.9517382306230087e-08
3922,0.010598699496299662,0.0002794257966767809,0.00512452490605323,0.005194692973654246,5.58199154074754e-08
3923,0.010519310728236338,0.0002090089625502884,0.005061356259800114,0.005248889897543798,5.560834213725111e-08
3924,0.010750146223869701,0.0004317863089481792,0.004922109309057641,0.005396198327924732,5.227793914924579e-08
3925,0.010961268999377731,0.000643324276336353,0.005151128394993316,0.005166759951187403,5.6376860659052974e-08
3926,0.010686013712252224,0.00035610957081697996,0.004963067624853248,0.005366782759406239,5.375717575538464e-08
3927,0.01049489406689248,0.00018152796231864357,0.005035617166461554,0.005277694290602865,5.464750941815746e-08
3928,0.010825529180622942,0.0005208798535601706,0.00518177103110473,0.005122823858108366,5.4437849676555624e-08
3929,0.0109794313065069,0.0006524806013982597,0.004915341860919393,0.0054115592841525685,4.956003667668172e-08
3930,0.0106997177740994,0.00037570320502444633,0.005122521697082103,0.005201440109641482,5.276235136946802e-08
3931,0.0105311815196906,0.00021570058674456337,0.0050858893058426885,0.005229540242123244,5.1384980104329717e-08
3932,0.0109714493478532,0.0006575618924055352,0.004899558344600556,0.005414279738806086,4.937204102402286e-08
3933,0.010943483058217553,0.0006329704861487784,0.00520310275607431,0.005107355588385107,5.4227609357401005e-08
3934,0.010560143690741314,0.0002297325842163708,0.005080121498142112,0.005250237889417047,5.171896578498865e-08
3935,0.010721799041777709,0.0003970055640011494,0.005009495197974823,0.005315247665790009,5.061401172624471e-08
3936,0.01099897794274858,0.0006966204535016415,0.005219441052473075,0.00508286393994293,5.2496830933706595e-08
3937,0.01060520911472175,0.0002916268698368277,0.004999773629166243,0.005313759735258112,4.88804605675999e-08
3938,0.010596439836768229,0.0002675371938598275,0.0049845530219637495,0.005344297573746476,5.204719817405979e-08
3939,0.010917124809385307,0.0005954400525990559,0.005145959279797948,0.005175669627208571,5.58497797331167e-08
3940,0.0106055474354553,0.0002864549085962642,0.004975152362105818,0.005343892062826467,4.810192675106569e-08
3941,0.01057404661553176,0.0002645966160917826,0.004984947913540658,0.005324454737911894,4.734798742490375e-08
3942,0.010850304043218063,0.0005399599628226467,0.005158527801126672,0.005151763433873594,5.284539515004229e-08
3943,0.010705713762361084,0.00037262890674783557,0.0050021564457004095,0.005330876675760742,5.173415209791157e-08
3944,0.010503860332145216,0.00017925619010245595,0.005080458689366643,0.005244092764962111,5.2687714006228217e-08
3945,0.010792243652806705,0.0004855976698771491,0.005206391082143545,0.005100201408898905,5.3491887105076754e-08
3946,0.010788074963042177,0.0004745830493727087,0.004991979230930301,0.005321461587454536,5.1095284631231266e-08
3947,0.010498444463660262,0.00017801259280344947,0.005127872760665973,0.0051925035253417955,5.558484904240727e-08
3948,0.010664000750880353,0.0003406223611140781,0.005180682727889022,0.0051426389238222485,5.673805500173038e-08
3949,0.010796499988318317,0.00047299351288099354,0.004997971354353066,0.00532548638832881,4.8732755446619167e-08
3950,0.010581955309276286,0.0002713759269397629,0.00518217682843993,0.00512835471729524,4.783660135403143e-08
3951,0.01052301227335489,0.00021039233920795244,0.005141940462295669,0.005170628600172559,5.0871678709978706e-08
3952,0.0107343367654347,0.00040972281597986875,0.005013910824915642,0.005310649601640254,5.3522898935541315e-08
3953,0.010693750963102223,0.00037504142867025777,0.005194806970959258,0.0051238472356763395,5.532779636772804e-08
3954,0.010490268161962895,0.00017278171815500768,0.005058719882478863,0.005258718148263207,4.841306581710133e-08
3955,0.010608274466213236,0.00029014960116192185,0.004997230603046613,0.005320850106441804,4.415556289718905e-08
3956,0.010761240085578863,0.00044787450770358893,0.005173421237844663,0.00513989562684542,4.871318518973829e-08
3957,0.010618971077623229,0.0002973732001181803,0.004997683881554704,0.005323861598059263,5.239789108138243e-08
3958,0.010488088489991101,0.00017063784877600606,0.005055279749300375,0.005262115747453219,5.51444615008501e-08
3959,0.010647343999709097,0.0003333560591859426,0.005155256334360991,0.005158680063993966,5.1542168197171376e-08
3960,0.010775892980715795,0.0004539524266022636,0.00495067482241075,0.0053712202338032,4.549789958069232e-08
3961,0.0106163883042107,0.00030186916666278006,0.0051278551836348475,0.005186616279727717,4.7674185355076116e-08
3962,0.010502345089375293,0.00018627283303418514,0.005078352342158114,0.005237671299916237,4.8614266755653246e-08
3963,0.010625165251636442,0.0003079172706243181,0.00498018490138969,0.005337012740679881,5.033894255195666e-08
3964,0.01078939786775114,0.00047520881640175,0.005190960477405739,0.005123177469444906,5.1104498743462456e-08
3965,0.010661364126897938,0.0003405501408351209,0.004987857958789225,0.005332908389523283,4.763775030923754e-08
3966,0.010503434415118397,0.00019102238750999867,0.005057077258922595,0.0052552849801434974,4.9788542306689543e-08
3967,0.010575226042291327,0.00026053182297611,0.005133819057200269,0.005180827518100505,4.764401444241547e-08
3968,0.010724506894117348,0.0004021708723390961,0.004961164446354125,0.005361125785215001,4.579020912453961e-08
3969,0.010737142576886493,0.000426488733558086,0.0051441678235593655,0.005166436265963359,4.9753805682527235e-08
3970,0.010559837654161127,0.000244853582076793,0.0050352533168396395,0.005279682216346295,4.853889840056857e-08
3971,0.010491656637251032,0.00017567808175755658,0.0050449497359060375,0.005270977581287396,5.123830003999567e-08
3972,0.010639559497685601,0.0003246910008676855,0.005158199219758468,0.005156618457625711,5.081943373750702e-08
3973,0.010749209695540284,0.0004304976519079876,0.0050217354481951896,0.005296930919330403,4.567610670505494e-08
3974,0.010680713206116809,0.00037022485889413474,0.005220237430681029,0.00509020084697804,5.006956360599446e-08
3975,0.010542045666489416,0.00022471150088808396,0.005072862341262836,0.0052444203574333855,5.146690510847491e-08
3976,0.010507936514221121,0.00019037796586827345,0.005149285152212486,0.005168223043476998,5.035266336309614e-08
3977,0.010580205209759112,0.00027174998627728185,0.0051929683505716395,0.005115436110643242,5.07622669490365e-08
3978,0.010741373170263245,0.0004258418578732851,0.004979879894454373,0.005335603052417301,4.836551828679138e-08
3979,0.010770224626451292,0.0004529743599567624,0.005212201843234765,0.0051049992744851705,4.914877459544966e-08
3980,0.010616413579295483,0.0002972947085006164,0.004962997327935789,0.0053560724924723874,4.905038669059091e-08
3981,0.01051565616584602,0.00020506037865544548,0.005006758647482133,0.005303786847294053,5.0292414387303146e-08
3982,0.010517040204241457,0.00020498722840082485,0.005067248420794364,0.005244758485449742,4.606959652876637e-08
3983,0.0106655904192985,0.00034678322582438044,0.00495199467873043,0.005366767810605804,4.47041378851708e-08
3984,0.010814881976812244,0.0005049990705505037,0.005115219059502227,0.0051946126022622795,5.1244497234790355e-08
3985,0.010741626524582468,0.00042279859581233534,0.004922674301940216,0.005396104882096588,4.8744733330368156e-08
3986,0.010595054250014035,0.0002809326683746332,0.005148328133718471,0.00516574511521897,4.833270196033503e-08
3987,0.010476166328469027,0.00016504780861814774,0.0050751862630774155,0.005235883143484405,4.911328905811297e-08
3988,0.010596244614692774,0.0002841251160030063,0.00501888470093472,0.005293185528789656,4.926896538973409e-08
3989,0.010808493684761574,0.0004916856930157479,0.005278146347270583,0.005038612959269328,4.868520591764743e-08
3990,0.01087655774809842,0.0005547696338306837,0.004965590888756342,0.005356151937792654,4.528771874040588e-08
3991,0.010698178394000972,0.0003943525177743263,0.005107427164881934,0.005196351310025121,4.7401319590325194e-08
3992,0.010483019221986417,0.00017140653791649686,0.005031565491077317,0.005280002026354005,4.51666385982148e-08
3993,0.01063776033890487,0.0003129669989725087,0.004968816231577016,0.005355931415807051,4.569254829564167e-08
3994,0.010849971983695722,0.0005408924131303594,0.005123145371360002,0.0051858841745733904,5.002463197220477e-08
3995,0.010762825397076467,0.00045097709823713054,0.0049079087635088515,0.005403893695798876,4.583953161048379e-08
3996,0.010541678226298206,0.00022593330761816628,0.005097868170155954,0.0052178309772468725,4.5771277215053287e-08
3997,0.01052510610237187,0.00020980523933180272,0.005108772773161148,0.005206479940440666,4.814943825167681e-08
3998,0.010772259751236959,0.0004607497784581414,0.0049785139387632125,0.005332947199376148,4.8834639456816126e-08
3999,0.010852958236669421,0.0005404371120290593,0.00529017660817146,0.005022293266252191,5.125021671174247e-08
4000,0.010670263107219254,0.00034682429081136785,0.00504911338488902,0.005274275444677612,4.9986841252177976e-08
4001,0.010495566648545882,0.0001864653299785777,0.005065568544148661,0.005243482339119136,5.043529950653674e-08
4002,0.010694678586313058,0.00039137063316118964,0.0051570743205789004,0.005146186551983987,4.708058898207742e-08
4003,0.010850286331962448,0.000524939634071052,0.004909873948090767,0.005415429369664692,4.3380135936827613e-08
4004,0.010667707607042134,0.00034999155887189117,0.00507340190262948,0.00524426756016817,4.6585372592648984e-08
4005,0.0105000537217813,0.0001916759944476405,0.004994936986629614,0.005313393118455544,4.762224850302288e-08
4006,0.010734982625121554,0.00042288666698314827,0.00487105789950787,0.005440992681448405,4.5377182131024875e-08
4007,0.010876849769757387,0.0005637690482459392,0.0050965202847008005,0.005216516350698992,4.408611165634015e-08
4008,0.010616259508123683,0.00028931104094937914,0.0049757271778988425,0.005351179759437268,4.152983819563765e-08
4009,0.010522242068683614,0.00021240876054525492,0.005038245082591417,0.005271542606362897,4.561918404461396e-08
4010,0.010829751418723457,0.0005277330770608014,0.00523028299169583,0.005071683835161351,5.151480547585045e-08
4011,0.01090258784156507,0.0005793725035048969,0.0050035275408230225,0.005319638284953551,4.951228359984701e-08
4012,0.010582810634897242,0.00026401427542316905,0.0051806216824054506,0.005138125433640646,4.9243427976083856e-08
4013,0.010565970554015163,0.0002601763996386176,0.005125626103085517,0.005180120337570841,4.771372018877835e-08
4014,0.010928420314370926,0.0006141422291465182,0.0049137557847529455,0.005400478560550853,4.373992060967857e-08
4015,0.010821202962180712,0.000503697709418314,0.005195718918064833,0.005121742115569778,4.42191277865153e-08
4016,0.010529117623222185,0.0002065772037143917,0.00504457470357128,0.005277920808794514,4.490714200025256e-08
4017,0.01074217125626316,0.0004293523154757873,0.004923118501813214,0.005389653916939912,4.6522034247927075e-08
4018,0.010934846547175489,0.0006343609708299553,0.005158810478469596,0.005141627658131664,4.7439744272953374e-08
4019,0.010555424199669544,0.00023277518172924532,0.004955724334942663,0.005366882174550699,4.250844693576326e-08
4020,0.010633942101443123,0.0003038649424076038,0.004922683598618227,0.0054073520698824165,4.149053487596575e-08
4021,0.010829233832390076,0.0005207309217326821,0.005090447437953802,0.00521800933021963,4.6142483960038295e-08
4022,0.010659315000797231,0.0003483982166268973,0.004900095232849595,0.005410772092323981,4.945899675763332e-08
4023,0.010503650673228044,0.0001888063215447878,0.004932228239371916,0.005382563280578202,5.28317331397907e-08
4024,0.010765060411425798,0.00044560632662206547,0.005091905460835083,0.005227497745329596,5.0878639054224484e-08
4025,0.010672150718820814,0.0003469950152200148,0.0049691715241865836,0.005355940029423884,4.4149990330909665e-08
4026,0.010511986152596586,0.0002073430630690326,0.005072377093459329,0.005232222031182641,4.3964885583617026e-08
4027,0.010632699094551067,0.00032864800229548337,0.005186155714960953,0.005117850580205155,4.4797089475302704e-08
4028,0.010782254463384523,0.00045782879677822046,0.005032335057332128,0.005292046429070273,4.418020390099315e-08
4029,0.010599934654928487,0.0002820384132482391,0.005180101044929964,0.005137746919132429,4.82776178531871e-08
4030,0.010497598870454995,0.00018855721057302796,0.005130227881550599,0.005178766669639819,4.710869155050806e-08
4031,0.010746685042924429,0.00043511870146367243,0.005024039593906112,0.005287485289014765,4.145853987931956e-08
4032,0.010794310298768364,0.00048136445965547375,0.005259252060171297,0.005053653694069069,4.0084872523915656e-08
4033,0.010604069131950805,0.0002807493414326141,0.005067825897729501,0.005255454069800205,3.98229884850754e-08
4034,0.010519619021318722,0.00020337392585735125,0.00507654219912154,0.005239659569461476,4.3326878354871986e-08
4035,0.010806444081997534,0.0005051987624800251,0.005198330797490417,0.005102865429869443,4.909215764941367e-08
4036,0.010788887202201185,0.00047339513813269467,0.0049237529138488004,0.005391690874652946,4.827556674375203e-08
4037,0.010575125905534789,0.0002517921350536137,0.0050795549807324605,0.005243731591862939,4.719788577442178e-08
4038,0.01057072884827871,0.00025309967596208514,0.005070131515677548,0.005247451236396748,4.642024232645215e-08
4039,0.01084074870426929,0.0005270967390021575,0.004857289755927052,0.005456316711890098,4.549744998153329e-08
4040,0.010732529223507713,0.00042808809886991163,0.005089641545639618,0.005214752610623348,4.696837483564527e-08
4041,0.010513373429063477,0.0001899798789390246,0.0049992900973918186,0.005324058371373062,4.508135957031293e-08
4042,0.010624843183516662,0.0003010185468503058,0.004933629763379853,0.0053901493215388376,4.5551747666303286e-08
4043,0.010781458010173746,0.0004785949382095772,0.005113288433491547,0.005189528291038606,4.634743401538012e-08
4044,0.010665575961738012,0.00035450804906482915,0.004943030890916549,0.005367995367725453,4.1654031180864944e-08
4045,0.010474607671251879,0.00016039580593649367,0.00500990996914058,0.005304260051591511,4.184458329306832e-08
4046,0.010636767620586338,0.00032005866600198036,0.005097881933336098,0.005218784210457202,4.281079105802618e-08
4047,0.010713050522447093,0.00039342265145084616,0.004996953713468252,0.005322634072570588,4.008495740805504e-08
4048,0.010619082588469823,0.0003171344686790742,0.005188857640988781,0.005113049488399976,4.099040199214016e-08
4049,0.01049438697514743,0.000188350630651988,0.0050913843999997885,0.005214611132095582,4.081240007088386e-08
4050,0.010553921491708154,0.0002322165411281726,0.005092222197555497,0.005229442344426943,4.040859754047881e-08
4051,0.010678791883035143,0.00036232188937285995,0.005232582662056841,0.005083844518355545,4.28132498979216e-08
4052,0.010685773579460156,0.0003756090085697801,0.004989028163402269,0.005321093039638553,4.3367849554439415e-08
4053,0.010539580338916584,0.00023458639205590332,0.005143849857744791,0.005161098651510877,4.5437605013060675e-08
4054,0.010484766731390153,0.00016992475011125063,0.005095381883549089,0.005219413904488945,4.6193240868471436e-08
4055,0.010565067730357916,0.0002469809747274498,0.004981713245785777,0.005336326888169277,4.662167541309524e-08
4056,0.010656963509151105,0.00035111876087945984,0.00511023433994489,0.005195564883018904,4.552530784986279e-08
4057,0.010705281626388447,0.0003915197371804148,0.0049403462547252365,0.0053733747263738805,4.090810891588342e-08
4058,0.01059867681032017,0.00028986740467604026,0.005096187480925971,0.0052125787110403315,4.3213677827506726e-08
4059,0.01050594656614794,0.00019007985298452493,0.0049985209981318465,0.005317301232329883,4.448270168521755e-08
4060,0.01049078039336198,0.0001791193148698811,0.005035553301216496,0.005276062609847091,4.516742851194132e-08
4061,0.010591948371015389,0.000289430742992095,0.005128210599017794,0.005174260964356421,4.6064649078424564e-08
4062,0.010762500896412851,0.00044856863123938156,0.004941664781813988,0.0053722242022826,4.3281076881536325e-08
4063,0.010862440181986935,0.0005501628593748562,0.005219446900845621,0.005092787629028858,4.2792737600245647e-08
4064,0.010701523715203425,0.00038598183914884587,0.004963441725343161,0.0053520603431181915,3.980759322696949e-08
4065,0.010526531670741877,0.00022568201794959355,0.005055713088135772,0.005245094690395164,4.1874261346338433e-08
4066,0.010492784862482344,0.0001857846861712833,0.005070493328975411,0.005236465607912531,4.1239423119686955e-08
4067,0.010700554808148233,0.00037951311789328676,0.004949921821529715,0.005371081248667281,3.862005794992023e-08
4068,0.010837377119071704,0.0005324977578192298,0.00512879857200639,0.0051760409392845,3.984996158557332e-08
4069,0.010693204400650245,0.00038252406988893234,0.004914433719420729,0.005396208363323164,3.8248017420245426e-08
4070,0.010496009821124284,0.00018649965345392678,0.005076030706726896,0.00523343814137449,4.131956897044836e-08
4071,0.010524252366727117,0.00021359660398201914,0.005083810788032491,0.005226800582693788,4.439201882031858e-08
4072,0.010701135880924128,0.0003891168912885893,0.004959250396356511,0.005352726379053251,4.2214225776878825e-08
4073,0.010818603166584664,0.0005154317259240369,0.005224088412243747,0.0050790416106986196,4.14177182596762e-08
4074,0.010663391169393861,0.0003487227918469386,0.004957957988683085,0.005356670234250771,4.0154613067353496e-08
4075,0.01047638238396041,0.00016513784928063883,0.005043050581603156,0.0052681514949566135,4.245812000106175e-08
4076,0.010564155852890918,0.0002597275209677465,0.005085334039895575,0.005219051234038956,4.305798864048525e-08
4077,0.0107634505561367,0.00045136429488281635,0.004871485381487921,0.00544055890956442,4.1970201543606766e-08
4078,0.01078749426514772,0.00047972735961181726,0.005079862310597723,0.005227860876462053,4.3718476125465803e-08
4079,0.010556593506475056,0.00023991267764710675,0.004963710704576786,0.005352929662849316,4.046140184670669e-08
4080,0.01049777625328746,0.00019310588419166384,0.00497622476648566,0.005328404870694361,4.07319157750678e-08
4081,0.010721848468957351,0.000420818516882984,0.005150983699094734,0.005150003817318899,4.243566073388105e-08
4082,0.010843173758728127,0.000523289127676712,0.004999762810719883,0.005320080952356929,4.086797460147898e-08
4083,0.010623312169747191,0.0003170531667442411,0.00519937869537924,0.005106836148470658,4.415915305280505e-08
4084,0.01049443075001244,0.00019281670508353862,0.005064630684965908,0.005236941099580639,4.2260382354094254e-08
4085,0.010609910660775651,0.000297529189556402,0.005025647513907896,0.005286695873191683,3.8084119670552885e-08
4086,0.01080269567714042,0.0004914255819293032,0.005242117457210231,0.005069112572527632,4.006547325333132e-08
4087,0.010701093039519154,0.00038941810823806173,0.0049528516261455775,0.005358781457489955,4.1847645560426255e-08
4088,0.01047644705814346,0.00017362139255836808,0.005043007506754125,0.00525977681109062,4.134774034868328e-08
4089,0.010588334370275574,0.00028092144368676816,0.0051053265076091295,0.005202049194734226,3.722424544998785e-08
4090,0.010772732043235258,0.0004533512885202423,0.0048887376064593495,0.005430607695745481,3.5452510185030386e-08
4091,0.01071415506168463,0.00041244008629497,0.005047893397748398,0.005253781276197615,4.030144364531834e-08
4092,0.010524603952227892,0.0002171287230449522,0.004952355492109616,0.005355078517922129,4.121915119502662e-08
4093,0.010525365631821238,0.00021061988373604032,0.004943498846920309,0.005371205452612827,4.1448552060371835e-08
4094,0.010732161736203356,0.00042624468043101654,0.005090015037147435,0.005215859724657779,4.2293967124800055e-08
4095,0.01070819428892213,0.00039901191281104697,0.004953286424970216,0.005355856906954212,3.9044186654601e-08
4096,0.010563962297716773,0.0002587437598826029,0.005175620278792034,0.005129558035482984,4.0223559151422815e-08
4097,0.01049071354723147,0.0001814499391930271,0.005113549355123144,0.005195673125247591,4.112766770959265e-08
4098,0.010555651024909078,0.0002479389323119884,0.005066725830959671,0.005240945757925259,4.0503712158344456e-08
4099,0.010730906068199304,0.00042783472910151526,0.005269937839229349,0.00503309305389076,4.0445977679817354e-08
4100,0.010758896474137924,0.0004464865052516014,0.004986692662821104,0.00532567935635327,3.7949711949636056e-08
4101,0.010637309850893888,0.0003303295169661245,0.005120264962638586,0.0051866776263704015,3.774491877517513e-08
4102,0.010483936949082473,0.00017764891968420794,0.005022002414525856,0.005284249737289128,3.587758328030569e-08
4103,0.010576903477510518,0.00027070969430494817,0.0049388046712100465,0.005367351763445335,3.734855018835262e-08
4104,0.010789044465195085,0.00048517171766446795,0.005115946858582524,0.005187884450940104,4.143800798869158e-08
4105,0.0107797315955254,0.0004625243623452719,0.004940025336515712,0.005377144108763946,3.778790047133009e-08
4106,0.010545380460060387,0.00024352313003572708,0.005116014015533868,0.005185806071040317,3.7243450473869316e-08
4107,0.010496082989965606,0.00019676820410831624,0.005052620665185142,0.005246655597516457,3.852315569137497e-08
4108,0.010667726689363678,0.00035316812157484986,0.004940978392386278,0.005373539875268694,4.030013385456828e-08
4109,0.01081235865640366,0.0005040933227470398,0.005168009045551741,0.005140212825389898,4.346271498068793e-08
4110,0.010640210673284706,0.0003353847216922197,0.004945178188420517,0.00535960720810728,4.055506468858589e-08
4111,0.010467626810003513,0.00016723349330146806,0.005032397313634688,0.005267956946116457,3.905695089862421e-08
4112,0.01058154629390205,0.0002725388596626917,0.005121721185845523,0.005187249901476613,3.6346917222913487e-08
4113,0.010762341649849336,0.0004483194226034042,0.004942973172346223,0.0053710152862125144,3.376868719337223e-08
4114,0.010761042391672441,0.00046507225162178186,0.005158222262891877,0.005137711083991239,3.679316754272133e-08
4115,0.010531731916534653,0.0002264686473426409,0.005002353286364664,0.005302873145452644,3.683737470253817e-08
4116,0.010485735062500352,0.00017518331678285386,0.005029219463499449,0.0052812950924958435,3.718972220381625e-08
4117,0.010684170267691067,0.0003827156745961855,0.005137531118904044,0.005163886209471054,3.726471978332153e-08
4118,0.010788783857199988,0.00048079438806334225,0.004921960333877623,0.005385994358017881,3.477724114277226e-08
4119,0.01065428634826437,0.0003491399401137694,0.005154653301033653,0.005150455797475498,3.7309641449152114e-08
4120,0.01047241125931245,0.0001659754840302331,0.005056885983757206,0.005249512155494619,3.7636030391658264e-08
4121,0.010578832146312429,0.0002749318709014067,0.0050161223459389516,0.005287741376595104,3.6552876966321375e-08
4122,0.010822836681144551,0.0005194378081238235,0.005242459025185932,0.0050609016197395995,3.8228095196130476e-08
4123,0.010794944584949657,0.00047994148747664684,0.004934073587704865,0.005380891231452258,3.8278315887345957e-08
4124,0.010516820031600647,0.00021347628032731557,0.005045068628398002,0.00525823613727152,3.898560380945121e-08
4125,0.010554332793190652,0.0002558498376256667,0.005048984623287737,0.005249461949645294,3.638263195483e-08
4126,0.010793479817561777,0.00048023896129884355,0.004844939453968847,0.005468266394265446,3.500802863919358e-08
4127,0.010793104487065677,0.00048401928615509927,0.005047182410176046,0.005261864674567124,3.8116167408448637e-08
4128,0.010515924829272742,0.000208277699962021,0.004940214758711895,0.00536739515091716,3.721968166513354e-08
4129,0.01059051241254271,0.0002910071809313747,0.004913964054784024,0.005385503103157624,3.807366968787636e-08
4130,0.010799178340661771,0.0004961308456493787,0.005156133240012631,0.005146876056295213,3.819870454756141e-08
4131,0.010762259060202601,0.00044259997417445867,0.0050345576779868275,0.005285067360623318,3.404741799742527e-08
4132,0.010494773388737779,0.00019688574989534092,0.005155680048711968,0.005142170815603014,3.677452745634434e-08
4133,0.010597522970103074,0.0003044426663414999,0.005191161165270117,0.005101879220663897,3.991782755994113e-08
4134,0.010804520024600271,0.0004902662441544345,0.0050370065920331344,0.005277209181026673,3.8007386030268194e-08
4135,0.010733662499945106,0.00042233121138060016,0.005241687148744254,0.00506960599446397,3.814535628197084e-08
4136,0.010480978158206249,0.00018055786626309538,0.005070548647984206,0.005229836614592398,3.502936654953217e-08
4137,0.010630381515633607,0.00033072073917638986,0.005027806076293746,0.005271822442735067,3.2257428403800134e-08
4138,0.010852657432778244,0.0005466166948750302,0.005257335904731545,0.005048671204791255,3.362838041258027e-08
4139,0.01077852753966388,0.00046083005767289377,0.004953996074952521,0.005363666949449412,3.4457589055495754e-08
4140,0.01047928065234603,0.00017635856958101738,0.0049964224614345255,0.005306462736235719,3.688509476856496e-08
4141,0.010731831786216433,0.0004377781916834798,0.005076060749124969,0.005217954603182543,3.82422254413654e-08
4142,0.010855615513721686,0.000541597385668736,0.004814771598527201,0.005499209086111047,3.7443414701746474e-08
4143,0.010701525340027206,0.00039048916673560996,0.004978537468131912,0.005332460317968569,3.838719111542221e-08
4144,0.010524408251461054,0.00021485104171306953,0.004971361579917462,0.00533815988198012,3.5747850402168585e-08
4145,0.01079872174992535,0.0004930771710688334,0.004851811356785144,0.005453796694081393,3.652798997867043e-08
4146,0.010881516233874863,0.0005891573584223875,0.0050856860804064695,0.005206630884576458,4.191046954871865e-08
4147,0.01052856916236325,0.00021607447493162662,0.004981922185380392,0.0053305351731896475,3.732886158406439e-08
4148,0.010628051510550721,0.00031270202283525635,0.005039258430638393,0.005276057739630626,3.331744644536202e-08
4149,0.010835586123988043,0.0005379173766831588,0.005238384723684637,0.005059249073301172,3.495031907663944e-08
4150,0.010742307032478962,0.0004430066775892347,0.0049884096715682065,0.005310855534347397,3.5148974123767645e-08
4151,0.010486080158919305,0.0001809421220799055,0.005110987835475696,0.005194115468585688,3.4732778016854096e-08
4152,0.010673185197927143,0.00036488961862872303,0.005188275057927689,0.005119986976309327,3.354506140441509e-08
4153,0.01080357619703864,0.0004927429662802558,0.00494114464556637,0.00536965628431586,3.230087615316918e-08
4154,0.010521245615508629,0.00022274749375235346,0.005091571421482696,0.005206891539845968,3.5160427611108754e-08
4155,0.010560206993159921,0.00025902103690691704,0.005122737948091584,0.0051784112508492675,3.6757312152501343e-08
4156,0.010759376267507073,0.0004480792364688823,0.004939865902368471,0.005371394800957158,3.632771256226439e-08
4157,0.01070053881785156,0.00039803525758443526,0.00509254635796809,0.005209920652655028,3.6549644005648325e-08
4158,0.010480727512533212,0.00017449688827691017,0.005021078961049037,0.00528511861065696,3.305255030449303e-08
4159,0.01066327530433497,0.00035659475497937113,0.004962285384310575,0.005344361839822388,3.3325222636785096e-08
4160,0.01082331622330249,0.0005254732099524986,0.005167796146657315,0.0051300077462058695,3.912048680876285e-08
4161,0.010633888489436185,0.0003231621861128665,0.004990694395036229,0.005319993477916211,3.8430370879106776e-08
4162,0.010503025700201663,0.0001944936051269946,0.005089448661297933,0.005219047390265517,3.604351121817461e-08
4163,0.010708968574414566,0.00041231521590006775,0.005182408492731821,0.005114209474433569,3.5391349107482424e-08
4164,0.010826028121046308,0.0005207016468163683,0.004890084585017471,0.005415206966676047,3.492253642151025e-08
4165,0.010571944836932306,0.0002644519838751317,0.00506074111176982,0.0052467139517895335,3.7789497820066024e-08
4166,0.010524706144906384,0.00021454333970753108,0.0050594716231871645,0.005250653635018481,3.754699320643912e-08
4167,0.010742099980763697,0.0004365285246811573,0.004902365843377251,0.005403169534063449,3.607864183923659e-08
4168,0.010754075744603556,0.0004614943191311571,0.005108547953589941,0.005183997007097472,3.646478498561306e-08
4169,0.010489892841208041,0.00018022686006801585,0.005030075958478308,0.005279557199051469,3.2823610248013184e-08
4170,0.010581434757910319,0.00026675782184270154,0.0050078389648297176,0.005306805852724255,3.211851364460653e-08
4171,0.01078416466023503,0.00048665466074004606,0.0051481741681690665,0.005149300817262805,3.5014063111712266e-08
4172,0.010664987753179995,0.00036171187350612444,0.00495997473150109,0.005343267601045516,3.354712726289201e-08
4173,0.010485833901840328,0.00017873476861945522,0.005120143512310852,0.005186921996724344,3.362418567601666e-08
4174,0.010597208879579446,0.0002905572334335094,0.005194926646260854,0.005111690292669456,3.470721562712749e-08
4175,0.010780804622967434,0.0004740752227138335,0.004978403176431085,0.005328292814884083,3.340893843282874e-08
4176,0.01062037536858781,0.00032036205846783385,0.0051943763018980176,0.005105603562547352,3.344567460706497e-08
4177,0.01047040435523229,0.00016350164130488878,0.005082097188677343,0.005224772745790934,3.277945912546642e-08
4178,0.010591004342300902,0.000281474023291435,0.004962762770489336,0.0053467332785091205,3.427001101193046e-08
4179,0.010701799065978632,0.00040381876973227506,0.005111183056276988,0.005186760942101658,3.629786770904057e-08
4180,0.010604099766878004,0.0002971213953213189,0.004965985098041809,0.005340959943383687,3.3330131189170575e-08
4181,0.010468631605184749,0.0001631094944780908,0.005038043647717778,0.005267444142173019,3.432081586119634e-08
4182,0.010546890149130829,0.0002457128320198065,0.005056013847072561,0.005245126727371214,3.674266724705022e-08
4183,0.010668664162755762,0.0003620347891490995,0.0049280472051205304,0.0053785453578898915,3.681059624043743e-08
4184,0.010668682223834125,0.00036785857866066245,0.005130012041300157,0.005170772623329563,3.898054374209646e-08
4185,0.01052060792523331,0.0002129132918938156,0.004983297787563161,0.005324360347690658,3.649808567475887e-08
4186,0.010461137858201776,0.00015818621752552853,0.005050754218166062,0.005252163434825241,3.398768494423599e-08
4187,0.010608662856981232,0.0003097764227276427,0.0051913513081655255,0.00510750110879553,3.4017292533241876e-08
4188,0.010756280454264818,0.00044857825412592363,0.004958425257729105,0.00534924187172491,3.507068487947172e-08
4189,0.010741013824957122,0.0004390694592382823,0.005154180891731164,0.005147726204083154,3.7269904522447524e-08
4190,0.01052667778306954,0.00022099739800265371,0.0050055905086278385,0.005300057000741633,3.287569741483558e-08
4191,0.01047734850027524,0.00017729420850057283,0.005014730655599515,0.005285292017084445,3.16190907088548e-08
4192,0.010670558593797282,0.0003702895236586991,0.005153903681003887,0.005146332817021637,3.2572113059282924e-08
4193,0.010813673806207865,0.0005007698809816057,0.004971810690474908,0.005341062201331755,3.1033419596357155e-08
4194,0.010679346177496343,0.00038263371306493626,0.005172953963344797,0.005123724530470251,3.397061635775318e-08
4195,0.010479977818315313,0.00018115910177227772,0.004984200389358237,0.005314583096313258,3.5230871539602506e-08
4196,0.010533811185987547,0.00022399741291507488,0.004963655568879685,0.0053461232663823514,3.493781043596449e-08
4197,0.010735738606803505,0.0004349182891312432,0.005134585191932068,0.005166200025055928,3.5100684265089975e-08
4198,0.010757647367831172,0.00045425184082185905,0.004879242114955863,0.0054241208190649055,3.25929885440488e-08
4199,0.010548800163730783,0.0002485249075409556,0.005063061042296985,0.005237180909675067,3.330421777514583e-08
4200,0.010472803174496998,0.00016892442570152883,0.005052216558755476,0.005251628760776421,3.342926357034473e-08
4201,0.010670407857880131,0.0003675137144110629,0.004910308104693424,0.005392551533672626,3.450510301736225e-08
4202,0.010812293654763189,0.0005144911513572178,0.005163692247231171,0.005134074087473921,3.6168700878175094e-08
4203,0.010660102915721196,0.00034992945219137936,0.004997341989877996,0.005312798702310452,3.277134136735024e-08
4204,0.010459594260464788,0.00016343991890364638,0.005074642792900782,0.005221478537777481,3.30108828786384e-08
4205,0.010601437906031819,0.0003079078914959915,0.005149350555419493,0.005144145933416364,3.352569997151842e-08
4206,0.010812688094869035,0.0005003950605963571,0.004970621137817869,0.005341639515759807,3.2380695002894076e-08
4207,0.010689054539525542,0.00038778440021708545,0.005167574796082703,0.005133659945058511,3.539816724304436e-08
4208,0.01047987964278128,0.00018305552330618132,0.004988549508477316,0.005308238988010169,3.562298761542216e-08
4209,0.010570521350156454,0.0002678869212113564,0.004968533974432673,0.005334066976833634,3.347767879077971e-08
4210,0.010796502195580614,0.0004937755827685736,0.00518090993333278,0.00512178350912709,3.3170352169485335e-08
4211,0.010663668285817619,0.00035714565856865714,0.0049438340837342195,0.005362656364162977,3.217935176416228e-08
4212,0.010466683735891456,0.000171412178221637,0.0050534602046871276,0.00524177786734733,3.348563536261806e-08
4213,0.01057587073953249,0.00027689133860789924,0.005121974913593794,0.005176970214897052,3.427243374539392e-08
4214,0.010776828240095975,0.00046605464194436727,0.004936488916531627,0.005374251815090824,3.2866529156000286e-08
4215,0.010623991662427824,0.0003303243101603124,0.005126202554299326,0.00516743114595876,3.365200942530474e-08
4216,0.01045606208015302,0.00015799681664905614,0.005000588082096839,0.005297444932752798,3.2248654326043934e-08
4217,0.010577479218901658,0.00026783271728195206,0.004918940826440289,0.005390674333423936,3.134175548219239e-08
4218,0.010710787709681846,0.0004144235118914722,0.005072200823214001,0.005224130517930333,3.2856646040072825e-08
4219,0.010620724776991686,0.0003204702894392855,0.004883605875331089,0.005416616282498254,3.2329723055881894e-08
4220,0.01046629953392288,0.0001654905815900488,0.004986154744134615,0.005314621243244618,3.296495359838799e-08
4221,0.010532471824002243,0.00023021606408686198,0.005096321738578213,0.005205902524810495,3.149652667370543e-08
4222,0.010666231376988623,0.00036624859776688185,0.004944670725722147,0.00535528114359406,3.090990553412222e-08
4223,0.010684173490224113,0.00039116118785254456,0.005160340206700402,0.005132639401273802,3.269439736531583e-08
4224,0.01055471981037745,0.00024829692424189353,0.005059018860387971,0.005247372908205097,3.111754248700897e-08
4225,0.010446539131623684,0.00014976912478275144,0.0050863400343854484,0.0052103974216367345,3.255081875031608e-08
4226,0.010582588845267813,0.0002906354912070485,0.005182827951913705,0.00510909213635303,3.326579402933732e-08
4227,0.010738123234749647,0.00043112256133933524,0.005021335671437818,0.005285634526135039,3.047583745642497e-08
4228,0.01072549422093335,0.0004273128093452069,0.005219670537345144,0.005078479440067035,3.1434175964150196e-08
4229,0.010528806586469534,0.00023323401299701627,0.005002754361807646,0.005292786295557982,3.191610688996205e-08
4230,0.010467240090936821,0.00016994790509617644,0.005055539167421292,0.005241720680998975,3.2337420378042804e-08
4231,0.01063456997331287,0.00033536199869345135,0.005154602814767331,0.0051445723760530915,3.2783798996059473e-08
4232,0.010755031625646411,0.00045133156349121015,0.004940551157760416,0.00536311722726216,3.1677132624576124e-08
4233,0.010682153953893369,0.00039139781365588364,0.005153854864125394,0.005136867393055463,3.3883056628648925e-08
4234,0.010482478563669389,0.0001833258641568494,0.004954109137965963,0.005345009451591974,3.4109954601408974e-08
4235,0.010494054618313783,0.0001909357048785318,0.0049338395880104005,0.005369246464883188,3.286054166242456e-08
4236,0.010685703664160339,0.00039358649116429296,0.0050663645875308055,0.005225720038090549,3.2547374691006944e-08
4237,0.0107507748634077,0.00044622541760540774,0.004821718031564744,0.005482801020488449,3.0393749100793146e-08
4238,0.010598284772152527,0.0002990959077485088,0.005002097709735863,0.005297060399485382,3.0755182773761995e-08
4239,0.010465060761922775,0.0001692780088929095,0.0049692892622191735,0.005326463371139994,3.011967069893434e-08
4240,0.010621544049930574,0.0003257750038433106,0.004885662418215085,0.005410076261959287,3.0365912891737983e-08
4241,0.01076919282041506,0.0004713741053382866,0.005168630838638664,0.005129158459575809,2.9416862299613742e-08
4242,0.010722210195600088,0.000416372074077051,0.005002060342310405,0.005303750890143013,2.68890696183527e-08
4243,0.010524677307734608,0.00023950095947444246,0.005093430003586079,0.005191715786020665,3.055865342193727e-08
4244,0.010487045632710596,0.00019665085448959473,0.005122320369105631,0.005168042166579034,3.224253633567648e-08
4245,0.010728521784854157,0.0004195486652690098,0.005028662090865629,0.005280281122892905,2.9905826614319506e-08
4246,0.01077349241176021,0.00047940702389396027,0.005216754500204893,0.005077300820962147,3.0066699210607014e-08
4247,0.01060377122458174,0.0003118973946267139,0.004981753284216248,0.005310091610593383,2.8935145396547094e-08
4248,0.010471377910389598,0.00017601623989456174,0.005092024449362048,0.005203307740837632,2.948029535565449e-08
4249,0.01058713211979927,0.00028887595284384144,0.005152203188439404,0.0051460217124242235,3.126609180181491e-08
4250,0.010725350335483032,0.0004256916335381508,0.004948550218377061,0.005351076597425228,3.1886142592163166e-08
4251,0.01067067510816163,0.00038138130254468307,0.0051665488904831264,0.005122711028916194,3.388621762675616e-08
4252,0.010476791786219297,0.00017695117522904702,0.0049931848399773476,0.005306623188245743,3.258276715910652e-08
4253,0.010497530909613665,0.00019793133925113002,0.004962793685901507,0.005336774510905963,3.13735550649593e-08
4254,0.0106229018456767,0.00033574626488854826,0.005063167971518438,0.005223955627657639,3.1981612073047145e-08
4255,0.010699461372653096,0.0003983874621991591,0.004847245300421307,0.005453796568157742,3.2041874890247426e-08
4256,0.010630002625797877,0.0003308238833091791,0.00501851380994249,0.005280631811234212,3.312131199484647e-08
4257,0.010467206711064509,0.00016938503265793338,0.004981287499856619,0.005316505108630326,2.9069919630556508e-08
4258,0.010517515638709764,0.00022962939117829757,0.0049695338583049505,0.005318325085471412,2.730375510445685e-08
4259,0.010674737579409838,0.00038600964887871696,0.005150801683835949,0.005137898267197346,2.7979497826394723e-08
4260,0.010779105118390146,0.00047094626084881165,0.005020467196625188,0.005287665363980724,2.629693542116547e-08
4261,0.010643427209693286,0.00035057929009207217,0.005235613669075075,0.005057205921864964,2.832866117612055e-08
4262,0.010513678179937975,0.0002268791399017674,0.005028841514517221,0.005257928180326375,2.9345192611071592e-08
4263,0.010469442208245786,0.00017395540918162746,0.005056711637494413,0.005238746811064594,2.8350505150023148e-08
4264,0.010622631748215016,0.00032490458975744263,0.005172657029129703,0.0051250429132582275,2.7216069642147217e-08
4265,0.010710088908258614,0.0004126204794682293,0.004922324360066564,0.005375117814387318,2.6254336503894956e-08
4266,0.010629998843822295,0.00034497294802441394,0.0050969078095809564,0.005188089641273984,2.8444942939444188e-08
4267,0.010499353799972926,0.0002010479792086289,0.0049682172481179026,0.005330059113010687,2.945963570885613e-08
4268,0.0104750827250553,0.00017459254675578612,0.004949186285648535,0.005351272855970287,3.103668069411892e-08
4269,0.01054654916099556,0.000259151890508948,0.005027590845695572,0.005259776062518843,3.0362272196187546e-08
4270,0.010689337588446373,0.00039589210585857447,0.004910368998277982,0.00538304847671049,2.800759932641004e-08
4271,0.01071420554465523,0.0004213989865627459,0.0051271881032690265,0.005165587499181659,3.0955641798790415e-08
4272,0.010634792631299891,0.0003323480455018029,0.004943089122996544,0.005359324121224687,3.134157685797111e-08
4273,0.010479029733331374,0.0001923342832665084,0.0050797306944244825,0.0052069331526867066,3.160295367591435e-08
4274,0.010478272063810508,0.00019491010945766116,0.005069559660080638,0.005213771385682483,3.0908589723865225e-08
4275,0.01061531777489559,0.00031717132088593814,0.004949909390723899,0.005348207758499247,2.930478650601731e-08
4276,0.010757923576827276,0.00046175026146386415,0.005173223947141571,0.005122920888926916,2.847929492609124e-08
4277,0.010711974311850895,0.0004162223031961339,0.004930501553277984,0.00536522432299285,2.6132383927745792e-08
4278,0.010575303174087405,0.00029418953964862525,0.005076281499985955,0.005204804318479951,2.781597287421383e-08
4279,0.010437943934742091,0.00014509210968962206,0.0050411600086283734,0.005251664298967407,2.751745668831845e-08
4280,0.010534646002333637,0.0002345761589388242,0.005026139146115339,0.005273903810687831,2.6886591642570695e-08
4281,0.010701541320970063,0.00041593171356359165,0.005168340654599629,0.005117241086781043,2.786602579941295e-08
4282,0.010787855069220571,0.0004948666036537745,0.00492240502202829,0.005370556975628553,2.646790995212641e-08
4283,0.010686432467145167,0.00039339313628856184,0.0051658626873934315,0.005127148360231105,2.8283232068770996e-08
4284,0.010471063808878685,0.00017493447982265604,0.004987253557246176,0.005308846792599407,2.8979210446618932e-08
4285,0.010517597419946303,0.00022862600688631785,0.004934627384774988,0.005354315550362428,2.8477922569291694e-08
4286,0.01075367333849114,0.00046822138621668537,0.00513682511637536,0.0051485989274276485,2.7908471446657585e-08
4287,0.010812872877501014,0.0005065758443173645,0.004862799322738157,0.005443470666080402,2.7044365091450307e-08
4288,0.010589296979705893,0.00029788594799375653,0.004973985875330533,0.005317395620496905,2.9535884698396545e-08
4289,0.010488245359138311,0.00020239366519217338,0.0049547740164456195,0.005331049644711521,2.8032788998498852e-08
4290,0.01066795395734594,0.0003725432177880499,0.004857871519544562,0.00543751233207102,2.6887942307300642e-08
4291,0.01086012621377757,0.0005674471361868455,0.005089526226226351,0.00520312386113885,2.8990225524779675e-08
4292,0.010572557096077788,0.00027274931628460346,0.004986281576703119,0.005313498937029272,2.7266060794873406e-08
4293,0.01049232497121252,0.00020813071277590923,0.00507812930329741,0.0052060371591639044,2.779597529418767e-08
4294,0.010694615490159539,0.0004136081644221346,0.00520673126174345,0.005074246061685449,3.000230850629578e-08
4295,0.01085047687886474,0.0005477947679632022,0.0050184973040512905,0.005284156136726323,2.8670123923381944e-08
4296,0.010651005209077255,0.0003521805315846586,0.005257512257011903,0.005041283796636006,2.8623844688365364e-08
4297,0.010452663335271725,0.00016881744161456017,0.005093149698329228,0.005190668423698621,2.7771629315591645e-08
4298,0.010676206204761772,0.0003899272753406311,0.004941424472163266,0.00534482748475736,2.697250051607724e-08
4299,0.010797977621470604,0.0005055514588745446,0.0051664852475748445,0.005125912965881706,2.7949139509356684e-08
4300,0.010583012622200896,0.0002772218592234518,0.004955049272116065,0.005350714324213261,2.7166648116852365e-08
4301,0.01050145669707087,0.00021023544212666636,0.004917260129725271,0.00537393407773113,2.7047487803917852e-08
4302,0.0107326722750853,0.00045374634231499665,0.0050716797980185045,0.005207220076277526,2.605847427467495e-08
4303,0.010764047347765395,0.00046506859331769225,0.004895951184703704,0.005403002960385617,2.460935838104893e-08
4304,0.010544349325612046,0.0002462718198228654,0.005012541282921093,0.0052855071326448,2.9090223287299278e-08
4305,0.010510043177878103,0.00021891874019114963,0.005014651841126134,0.005276442544535855,3.005202496318703e-08
4306,0.010804467596949956,0.0005130765540653833,0.004908184226803384,0.005383179852643004,2.696343818480608e-08
4307,0.010754732007918604,0.0004683661748513074,0.00520005747365076,0.005086279510390027,2.884902651024183e-08
4308,0.01056383060146569,0.0002667331899955146,0.0050546998019493404,0.00524236809272963,2.9516791204630565e-08
4309,0.010521444991636701,0.00022531762235919068,0.005074436078500722,0.005221663484771256,2.7806005533407692e-08
4310,0.010796435066779466,0.0005111269638942738,0.005236644676947321,0.005048637090966395,2.6334971476631654e-08
4311,0.010762300053531524,0.00047147109950821644,0.004910379334345564,0.005380423984014218,2.5635663526859834e-08
4312,0.010502088371191272,0.0002079148878939477,0.005020862688857737,0.005273282743162104,2.8051277483839427e-08
4313,0.010589332057574386,0.00029164770571633094,0.005078844889381533,0.005218811707226769,2.7755249754522662e-08
4314,0.010746316813712421,0.00044960978742416386,0.004894952190262971,0.005401729978746546,2.4857278740874237e-08
4315,0.010649334368628628,0.0003696506448766038,0.005031976279948568,0.0052476830296448096,2.4414158645800468e-08
4316,0.010458431783165393,0.00016800695263852742,0.0049904268313688575,0.005299973855858555,2.4143299451637914e-08
4317,0.010644951592167919,0.00034074295305685316,0.00497122634045594,0.005332955285121096,2.7013534028936568e-08
4318,0.010736806115198377,0.00044415943517391114,0.005163959878814344,0.005128653573959157,3.32272509648835e-08
4319,0.010565346114919622,0.00027635988597222777,0.00499241614095464,0.005296539203456086,3.088453666785224e-08
4320,0.010474411645406585,0.0001875278198545441,0.00508278510704228,0.005204072451576142,2.6266933619524657e-08
4321,0.010665870234586459,0.00037433456156083287,0.00522551977498336,0.005065990456971426,2.544107084009076e-08
4322,0.010740173610162246,0.0004390622969519903,0.004970565638904708,0.005330518467293011,2.720701253608247e-08
4323,0.010558820109043028,0.0002672994636089443,0.005104127807460482,0.005187362241107728,3.0596865873651314e-08
4324,0.01047066851021643,0.00018191378214621706,0.005076721977886598,0.0052120043969987335,2.8353184882106456e-08
4325,0.010659160606714879,0.0003667973736311359,0.004938591029542365,0.005353746785518768,2.5418022610368977e-08
4326,0.010764161691542113,0.0004773585364965827,0.00509039472917196,0.005196382481690036,2.594418353475877e-08
4327,0.010538731157346319,0.0002396697476527305,0.004939035115072626,0.005360001462417125,2.483220383901622e-08
4328,0.01049716567514867,0.00020071421266158545,0.00500489507837403,0.005291531228001942,2.5156111112352812e-08
4329,0.010643674865812996,0.0003560807708942029,0.005115251634227538,0.0051723157252668754,2.6735424381663282e-08
4330,0.010790668626705593,0.000495888280475358,0.004914505481354936,0.005380248498203203,2.6366672096466827e-08
4331,0.010559221757485717,0.0002697451703746902,0.005136967495219071,0.005152481163826189,2.7928065766795446e-08
4332,0.010463378748741156,0.0001711294430906371,0.005088937249665858,0.00520328381229853,2.8243686131863628e-08
4333,0.010652163986931312,0.0003559536187448071,0.0049419705633423254,0.0053542120870616345,2.771778254495362e-08
4334,0.010783161447804572,0.0004934995080576415,0.00515274885893864,0.005136885866544218,2.7214264073248474e-08
4335,0.010603761053683526,0.000307423220362112,0.004983690618557925,0.005312622669726646,2.4545036842912454e-08
4336,0.010447045755735976,0.00015870322467293808,0.005039710638466416,0.005248605359053152,2.6533543470661915e-08
4337,0.010634154190099967,0.00034881337981526757,0.005109275247361946,0.005176036444445941,2.9118476812201218e-08
4338,0.010757637022372145,0.00045632208644646674,0.004927447064805349,0.005373841552317598,2.6318802731255563e-08
4339,0.010619396654019566,0.00032445801266628216,0.005135806254671562,0.0051591071446056395,2.5242076082035773e-08
4340,0.010446033968122838,0.0001571876725184475,0.005001403133227734,0.005287417848777457,2.5313599198094052e-08
4341,0.010609057098296319,0.0003184481098620526,0.004910648230392687,0.005379934129862255,2.662817932499287e-08
4342,0.010769057701887238,0.00047693295488051646,0.005170493363357463,0.005121603353801917,2.8029847340611252e-08
4343,0.010617443433175956,0.0003156964703328235,0.004985110222498889,0.005316611158488844,2.5581855399159648e-08
4344,0.01044717818172092,0.0001594831749437514,0.005021057658769816,0.005266612236803471,2.5111203880294383e-08
4345,0.010603605996274091,0.00032061297418690157,0.005109955413064108,0.005173012498732051,2.5110291029901343e-08
4346,0.010764543686971993,0.0004637647892952441,0.004949365105424541,0.005351388439060023,2.5353192184608426e-08
4347,0.010624731030801951,0.00032968078960101944,0.0051387505073884985,0.005156269936159445,2.9797652989196652e-08
4348,0.010445840917827166,0.00015806983184513075,0.005043905457178415,0.005243835843663824,2.9785139795174202e-08
4349,0.010614742592912648,0.0003253828634459772,0.00499098837555915,0.005298344867613511,2.6486294009907037e-08
4350,0.010816320238107415,0.0005222977498501126,0.0052396140549127255,0.005054382561495958,2.58718486193049e-08
4351,0.010658137387741781,0.0003571726814315948,0.004997069538069662,0.005303869648000965,2.552023956079468e-08
4352,0.01046635551469345,0.00017929051251010247,0.0050584390297654155,0.005228598326182024,2.764623590623452e-08
4353,0.010638840219164261,0.0003544599681815952,0.0051407527043067815,0.005143599088392784,2.8458283099902593e-08
4354,0.010844659028156298,0.0005412549156388215,0.0048918872474279325,0.005411490522759026,2.6342330518363277e-08
4355,0.010585174206419912,0.0002918852934040891,0.005045828057329298,0.005247434065888996,2.6789797529954646e-08
4356,0.010493969720345069,0.00020688078709342288,0.004974593464193932,0.005312469745937191,2.572312052457626e-08
4357,0.010725561834498808,0.000428636526855758,0.004813891184005168,0.005483009613399357,2.4510238525460918e-08
4358,0.010818752063822611,0.0005240493605731955,0.00504112720994236,0.005253550112725934,2.538058112224122e-08
4359,0.01052869249221689,0.00022751188952699247,0.004971336309834908,0.005329819195014217,2.5097840772795353e-08
4360,0.010555572989048861,0.00026898040503678725,0.004970614758341866,0.005315949376825196,2.8448845010498754e-08
4361,0.010861493001756846,0.0005802125173690087,0.005209147818326486,0.005072102424627991,3.0241433358817644e-08
4362,0.010749594070511346,0.0004464131836683562,0.005040656746830946,0.0052624991033774875,2.5036634554857287e-08
4363,0.010493161186684995,0.0001928644617369751,0.005181869056457647,0.005118403666660742,2.4001829632266612e-08
4364,0.010648042228581171,0.00036425721739385844,0.005203867087063152,0.005079891557486374,2.6366637786306145e-08
4365,0.010888881011580505,0.0006003113648584287,0.004948310799776662,0.005340231632271202,2.72146742142619e-08
4366,0.010628951748547737,0.00033286502906894414,0.005206607841875666,0.005089450694584077,2.818301905095868e-08
4367,0.010518141108513046,0.00021740854088987398,0.005110874405067201,0.005189831191227009,2.6971328961893377e-08
4368,0.010748035071727427,0.0004524363276241719,0.004909997208319766,0.005385576371944433,2.5163839056400398e-08
4369,0.010727184676369747,0.00044717314337496683,0.005110505115069103,0.005169481078077982,2.5339847696244898e-08
4370,0.010450416406459063,0.00015754537505477346,0.00499611444551919,0.005296732063388913,2.45224961873046e-08
4371,0.010649482745018311,0.00034252172583289225,0.00489751444290197,0.005409421198608775,2.5377674675140176e-08
4372,0.01070704038704928,0.00041500689963575586,0.00503293391008677,0.005259071651947533,2.792537922275055e-08
4373,0.010506401361878573,0.0002159990872647522,0.00491314673756214,0.005377228594368938,2.694268274206486e-08
4374,0.01052591006099494,0.0002353916647443537,0.004898560612718557,0.005391930535123686,2.7248408342338154e-08
4375,0.010713491158381104,0.0004219581142821419,0.00508839469336268,0.005203110387313136,2.7963423144191735e-08
4376,0.01062354450292644,0.00031869316637110775,0.005010418878327471,0.005294407310591876,2.5147635986542944e-08
4377,0.010443154641551669,0.00015279018945520503,0.005125453540593168,0.005164885119786274,2.579171702258231e-08
4378,0.01062965623075607,0.00035086426560941504,0.0051920852382638175,0.005086679298041768,2.7428841069333018e-08
4379,0.010724166405780828,0.0004315113874917249,0.0050078213815530235,0.00528480808680462,2.5549931459580468e-08
4380,0.01064059923248597,0.00033818651598048173,0.005242982508819133,0.005059404760318009,2.54473683468131e-08
4381,0.01045768418795368,0.00015977995432736047,0.005124842856499133,0.005173035629960605,2.574716658039454e-08
4382,0.010630505192579982,0.00034327824326272174,0.004992853053345081,0.005294348315346284,2.5580625895617836e-08
4383,0.010784370717162319,0.0005026027427913409,0.0052121193584533515,0.005069623291083739,2.5324833888405712e-08
4384,0.010592580280650413,0.00029349279473691204,0.004966912874936728,0.005332150556724047,2.4054252726938617e-08
4385,0.010496020789830654,0.00019430773793440443,0.004969684381601589,0.0053320029819202185,2.5688374442244082e-08
4386,0.010592942765594736,0.00030235372224058765,0.005026701245788633,0.00526386176116103,2.6036404485113933e-08
4387,0.010750270550337641,0.0004568907302409904,0.004841381241120412,0.005451974244557486,2.4334418752286613e-08
4388,0.010589798968428777,0.00030545659202912474,0.005005675963185412,0.005278639639697202,2.6773517037946e-08
4389,0.010463966359766473,0.00016584043998794947,0.004988314885834677,0.005309783386528102,2.7647415744362343e-08
4390,0.010595574241722331,0.00029303661989215436,0.004980247182347941,0.005322263039167679,2.740031455700545e-08
4391,0.0107220429110562,0.0004379980333257259,0.005165635779741807,0.00511838116059187,2.7937396799096786e-08
4392,0.01064892959973511,0.00036230074713052647,0.004963610775659163,0.0053229932753257716,2.4801619649993036e-08
4393,0.010463156898751273,0.00017062646858166758,0.005136499427189873,0.005156006335732879,2.4667246852194658e-08
4394,0.010524159744774065,0.0002270551625934288,0.0051776857836680875,0.005119391544801141,2.7253711406679303e-08
4395,0.010678807348675868,0.00038405909400605984,0.00497913126054234,0.0053155893666946485,2.762743282112687e-08
4396,0.010656882450992307,0.0003736583304513327,0.005171411589549611,0.005111786973364401,2.555762696053526e-08
4397,0.010521911982132292,0.00023069125048464945,0.005015311050897037,0.005275887587926844,2.2092823761294318e-08
4398,0.0104545255688207,0.00016010621951376462,0.00500901321874594,0.005285382308976514,2.3821584480246498e-08
4399,0.01058442772473996,0.0002938372230979991,0.005085106470195472,0.005205457034974734,2.6996471754380414e-08
4400,0.01067566365516681,0.00037992107734583977,0.0049298491644148715,0.0053658676085520385,2.5804854060710628e-08
4401,0.010599550007454614,0.00031436452018971723,0.0050948727681539244,0.005190286684987744,2.6034123228351513e-08
4402,0.010479345404665896,0.00018772323107214272,0.004983326989715595,0.005308269990681684,2.5193196473194088e-08
4403,0.010466671431174244,0.00017265662732832008,0.005030644734881268,0.005263344803084629,2.5265880029648827e-08
4404,0.010590743503433881,0.0003028966105557026,0.005154591775433551,0.00513322849615658,2.6621288047983553e-08
4405,0.010726662216543724,0.00043425280070055104,0.004939800246121823,0.005352582635979432,2.6533741917754363e-08
4406,0.01070040972394646,0.0004110994061197364,0.005194062375755192,0.005095220971590186,2.6970481344414717e-08
4407,0.01052112075356109,0.00022717375117258757,0.004985283578977791,0.005308637282048502,2.614136220948175e-08
4408,0.01045343833776498,0.0001651720031301989,0.00496803911092399,0.005320201095260628,2.6128450161656306e-08
4409,0.010565517569338545,0.00027895760483032046,0.0050574372115925565,0.005229098149021135,2.4603894532065333e-08
4410,0.010713296184096702,0.00041388564299698423,0.00488971180361178,0.0054096762999536144,2.24375343237189e-08
4411,0.010707666258433772,0.00042106415817832484,0.005076094094590263,0.005210483704338207,2.4301326977471953e-08
4412,0.010493882036419978,0.00020415958341179347,0.004931401208372911,0.005358295768955969,2.5475679304543013e-08
4413,0.01047048496884187,0.00018045312655100504,0.004993609886725204,0.005296395159922108,2.6795643551196214e-08
4414,0.010618333098914584,0.00032883754869459335,0.0051231083171601475,0.005166360127514193,2.7105545650194447e-08
4415,0.010758597260481948,0.000461714671774459,0.004939111236974482,0.0053577471216475535,2.4230085454349032e-08
4416,0.010679658053586236,0.00039379966176177956,0.005193448157568435,0.005092386457961405,2.3776294617631254e-08
4417,0.010461887634009901,0.00017375318555864225,0.005007885264503655,0.0052802246947019444,2.4489245661547777e-08
4418,0.010483167339362283,0.00018979533643801,0.0049946159624330135,0.005298730013552916,2.6026938344713126e-08
4419,0.010663066546307838,0.00037294675369399326,0.00516416563894881,0.00512592740602025,2.6747644785441438e-08
4420,0.010740643452385245,0.0004476326523630437,0.004895742908197811,0.005397242456646873,2.543517751573847e-08
4421,0.010594517331401054,0.00031067468719323443,0.005049575726175698,0.005234241332716163,2.558531595853955e-08
4422,0.010442240921212537,0.00014956845050057366,0.004979873971352641,0.005312774481509405,2.4017849917033767e-08
4423,0.010557006182453024,0.0002605724490034191,0.004893501100929986,0.005402908622771671,2.4009747948477795e-08
4424,0.010742913361751935,0.0004584077731064502,0.005070322436273695,0.005214157484911545,2.5667460244979056e-08
4425,0.010676314037028616,0.0003831110452037442,0.004922095035599903,0.005371083242338973,2.471388599689559e-08
4426,0.010458486929781635,0.00017102129124358436,0.005085097715572614,0.0052023414753195624,2.6447645873795207e-08
4427,0.010492932774891238,0.0002059815378479082,0.005096347443111859,0.005190576231917695,2.7562013776200902e-08
4428,0.010673518434623448,0.00038025918075994426,0.0049955549864944,0.00529767833388204,2.5933487062177358e-08
4429,0.01075331012665155,0.00046361104318298367,0.005265024918297977,0.0050246481896595,2.597551109049877e-08
