step,total,pde,ic,inlet,outlet
1,0.9730673290040514,0.14450806497594829,0.07028685678783932,0.7501294824412371,0.008142924799026669
2,0.6543230726084283,0.034005033275036824,0.046609780646091996,0.5371192416584921,0.036589017028807305
3,2.0045564238966773,1.0676916101795477,0.16711002480605544,0.01132233767302436,0.7584324512380499
4,2.0045564238966773,1.0676916101795477,0.16711002480605544,0.01132233767302436,0.7584324512380499
5,2.0045564238966773,1.0676916101795477,0.16711002480605544,0.01132233767302436,0.7584324512380499
6,2.0045564238966773,1.0676916101795477,0.16711002480605544,0.01132233767302436,0.7584324512380499
7,2.0045564238966773,1.0676916101795477,0.16711002480605544,0.01132233767302436,0.7584324512380499
8,2.0045564238966773,1.0676916101795477,0.16711002480605544,0.01132233767302436,0.7584324512380499
9,2.0045564238966773,1.0676916101795477,0.16711002480605544,0.01132233767302436,0.7584324512380499
10,2.0045564238966773,1.0676916101795477,0.16711002480605544,0.01132233767302436,0.7584324512380499
11,2.0045564238966773,1.0676916101795477,0.16711002480605544,0.01132233767302436,0.7584324512380499
12,2.0045564238966773,1.0676916101795477,0.16711002480605544,0.01132233767302436,0.7584324512380499
13,2.0045564238966773,1.0676916101795477,0.16711002480605544,0.01132233767302436,0.7584324512380499
14,2.0045564238966773,1.0676916101795477,0.16711002480605544,0.01132233767302436,0.7584324512380499
15,2.0045564238966773,1.0676916101795477,0.16711002480605544,0.01132233767302436,0.7584324512380499
16,2.0045564238966773,1.0676916101795477,0.16711002480605544,0.01132233767302436,0.7584324512380499
17,2.0045564238966773,1.0676916101795477,0.16711002480605544,0.01132233767302436,0.7584324512380499
18,2.0045564238966773,1.0676916101795477,0.16711002480605544,0.01132233767302436,0.7584324512380499
19,2.0045564238966773,1.0676916101795477,0.16711002480605544,0.01132233767302436,0.7584324512380499
20,2.0045564238966773,1.0676916101795477,0.16711002480605544,0.01132233767302436,0.7584324512380499
21,2.0045564238966773,1.0676916101795477,0.16711002480605544,0.01132233767302436,0.7584324512380499
22,2.0045564238966773,1.0676916101795477,0.16711002480605544,0.01132233767302436,0.7584324512380499
23,2.0045564238966773,1.0676916101795477,0.16711002480605544,0.01132233767302436,0.7584324512380499
24,2.0045564238966773,1.0676916101795477,0.16711002480605544,0.01132233767302436,0.7584324512380499
25,2.0045564238966773,1.0676916101795477,0.16711002480605544,0.01132233767302436,0.7584324512380499
26,2.0045564238966773,1.0676916101795477,0.16711002480605544,0.01132233767302436,0.7584324512380499
27,2.0045564238966773,1.0676916101795477,0.16711002480605544,0.01132233767302436,0.7584324512380499
28,2.0045564238966773,1.0676916101795477,0.16711002480605544,0.01132233767302436,0.7584324512380499
29,2.0045564238966773,1.0676916101795477,0.16711002480605544,0.01132233767302436,0.7584324512380499
30,2.0045564238966773,1.0676916101795477,0.16711002480605544,0.01132233767302436,0.7584324512380499
31,2.0045564238966773,1.0676916101795477,0.16711002480605544,0.01132233767302436,0.7584324512380499
32,2.0045564238966773,1.0676916101795477,0.16711002480605544,0.01132233767302436,0.7584324512380499
33,2.0045564238966773,1.0676916101795477,0.16711002480605544,0.01132233767302436,0.7584324512380499
34,2.0045564238966773,1.0676916101795477,0.16711002480605544,0.01132233767302436,0.7584324512380499
35,2.0045564238966773,1.0676916101795477,0.16711002480605544,0.01132233767302436,0.7584324512380499
36,2.0045564238966773,1.0676916101795477,0.16711002480605544,0.01132233767302436,0.7584324512380499
37,2.0045564238966773,1.0676916101795477,0.16711002480605544,0.01132233767302436,0.7584324512380499
38,2.0045564238966773,1.0676916101795477,0.16711002480605544,0.01132233767302436,0.7584324512380499
39,2.0045564238966773,1.0676916101795477,0.16711002480605544,0.01132233767302436,0.7584324512380499
40,2.0045564238966773,1.0676916101795477,0.16711002480605544,0.01132233767302436,0.7584324512380499
41,2.0045564238966773,1.0676916101795477,0.16711002480605544,0.01132233767302436,0.7584324512380499
42,2.0045564238966773,1.0676916101795477,0.16711002480605544,0.01132233767302436,0.7584324512380499
43,2.0045564238966773,1.0676916101795477,0.16711002480605544,0.01132233767302436,0.7584324512380499
44,2.0045564238966773,1.0676916101795477,0.16711002480605544,0.01132233767302436,0.7584324512380499
45,2.0045564238966773,1.0676916101795477,0.16711002480605544,0.01132233767302436,0.7584324512380499
46,2.0045564238966773,1.0676916101795477,0.16711002480605544,0.01132233767302436,0.7584324512380499
47,2.0045564238966773,1.0676916101795477,0.16711002480605544,0.01132233767302436,0.7584324512380499
48,2.0045564238966773,1.0676916101795477,0.16711002480605544,0.01132233767302436,0.7584324512380499
49,2.0045564238966773,1.0676916101795477,0.16711002480605544,0.01132233767302436,0.7584324512380499
50,2.0045564238966773,1.0676916101795477,0.16711002480605544,0.01132233767302436,0.7584324512380499
51,2.0045564238966773,1.0676916101795477,0.16711002480605544,0.01132233767302436,0.7584324512380499
52,2.0045564238966773,1.0676916101795477,0.16711002480605544,0.01132233767302436,0.7584324512380499
53,2.0045564238966773,1.0676916101795477,0.16711002480605544,0.01132233767302436,0.7584324512380499
54,2.0045564238966773,1.0676916101795477,0.16711002480605544,0.01132233767302436,0.7584324512380499
55,2.0045564238966773,1.0676916101795477,0.16711002480605544,0.01132233767302436,0.7584324512380499
56,2.0045564238966773,1.0676916101795477,0.16711002480605544,0.01132233767302436,0.7584324512380499
57,2.0045564238966773,1.0676916101795477,0.16711002480605544,0.01132233767302436,0.7584324512380499
58,2.0045564238966773,1.0676916101795477,0.16711002480605544,0.01132233767302436,0.7584324512380499
59,2.0045564238966773,1.0676916101795477,0.16711002480605544,0.01132233767302436,0.7584324512380499
60,2.0045564238966773,1.0676916101795477,0.16711002480605544,0.01132233767302436,0.7584324512380499
61,2.0045564238966773,1.0676916101795477,0.16711002480605544,0.01132233767302436,0.7584324512380499
62,2.0045564238966773,1.0676916101795477,0.16711002480605544,0.01132233767302436,0.7584324512380499
63,2.0045564238966773,1.0676916101795477,0.16711002480605544,0.01132233767302436,0.7584324512380499
64,2.0045564238966773,1.0676916101795477,0.16711002480605544,0.01132233767302436,0.7584324512380499
65,2.0045564238966773,1.0676916101795477,0.16711002480605544,0.01132233767302436,0.7584324512380499
66,2.0045564238966773,1.0676916101795477,0.16711002480605544,0.01132233767302436,0.7584324512380499
67,2.0045564238966773,1.0676916101795477,0.16711002480605544,0.01132233767302436,0.7584324512380499
68,2.0045564238966773,1.0676916101795477,0.16711002480605544,0.01132233767302436,0.7584324512380499
69,2.0045564238966773,1.0676916101795477,0.16711002480605544,0.01132233767302436,0.7584324512380499
70,2.0045564238966773,1.0676916101795477,0.16711002480605544,0.01132233767302436,0.7584324512380499
71,2.0045564238966773,1.0676916101795477,0.16711002480605544,0.01132233767302436,0.7584324512380499
72,2.0045564238966773,1.0676916101795477,0.16711002480605544,0.01132233767302436,0.7584324512380499
73,2.0045564238966773,1.0676916101795477,0.16711002480605544,0.01132233767302436,0.7584324512380499
74,2.0045564238966773,1.0676916101795477,0.16711002480605544,0.01132233767302436,0.7584324512380499
75,2.0045564238966773,1.0676916101795477,0.16711002480605544,0.01132233767302436,0.7584324512380499
76,2.0045564238966773,1.0676916101795477,0.16711002480605544,0.01132233767302436,0.7584324512380499
77,2.0045564238966773,1.0676916101795477,0.16711002480605544,0.01132233767302436,0.7584324512380499
78,2.0045564238966773,1.0676916101795477,0.16711002480605544,0.01132233767302436,0.7584324512380499
79,2.0045564238966773,1.0676916101795477,0.16711002480605544,0.01132233767302436,0.7584324512380499
80,2.0045564238966773,1.0676916101795477,0.16711002480605544,0.01132233767302436,0.7584324512380499
81,2.0045564238966773,1.0676916101795477,0.16711002480605544,0.01132233767302436,0.7584324512380499
82,2.0045564238966773,1.0676916101795477,0.16711002480605544,0.01132233767302436,0.7584324512380499
83,2.0045564238966773,1.0676916101795477,0.16711002480605544,0.01132233767302436,0.7584324512380499
84,2.0045564238966773,1.0676916101795477,0.16711002480605544,0.01132233767302436,0.7584324512380499
85,2.0045564238966773,1.0676916101795477,0.16711002480605544,0.01132233767302436,0.7584324512380499
86,2.0045564238966773,1.0676916101795477,0.16711002480605544,0.01132233767302436,0.7584324512380499
87,2.0045564238966773,1.0676916101795477,0.16711002480605544,0.01132233767302436,0.7584324512380499
88,2.0045564238966773,1.0676916101795477,0.16711002480605544,0.01132233767302436,0.7584324512380499
89,2.0045564238966773,1.0676916101795477,0.16711002480605544,0.01132233767302436,0.7584324512380499
90,2.0045564238966773,1.0676916101795477,0.16711002480605544,0.01132233767302436,0.7584324512380499
91,2.0045564238966773,1.0676916101795477,0.16711002480605544,0.01132233767302436,0.7584324512380499
92,2.0045564238966773,1.0676916101795477,0.16711002480605544,0.01132233767302436,0.7584324512380499
93,2.0045564238966773,1.0676916101795477,0.16711002480605544,0.01132233767302436,0.7584324512380499
94,2.0045564238966773,1.0676916101795477,0.16711002480605544,0.01132233767302436,0.7584324512380499
95,2.0045564238966773,1.0676916101795477,0.16711002480605544,0.01132233767302436,0.7584324512380499
96,2.0045564238966773,1.0676916101795477,0.16711002480605544,0.01132233767302436,0.7584324512380499
97,2.0045564238966773,1.0676916101795477,0.16711002480605544,0.01132233767302436,0.7584324512380499
98,2.0045564238966773,1.0676916101795477,0.16711002480605544,0.01132233767302436,0.7584324512380499
99,2.0045564238966773,1.0676916101795477,0.16711002480605544,0.01132233767302436,0.7584324512380499
100,2.0045564238966773,1.0676916101795477,0.16711002480605544,0.01132233767302436,0.7584324512380499
101,2.0045564238966773,1.0676916101795477,0.16711002480605544,0.01132233767302436,0.7584324512380499
102,2.0045564238966773,1.0676916101795477,0.16711002480605544,0.01132233767302436,0.7584324512380499
103,2.0045564238966773,1.0676916101795477,0.16711002480605544,0.01132233767302436,0.7584324512380499
104,2.0045564238966773,1.0676916101795477,0.16711002480605544,0.01132233767302436,0.7584324512380499
105,2.0045564238966773,1.0676916101795477,0.16711002480605544,0.01132233767302436,0.7584324512380499
106,2.0045564238966773,1.0676916101795477,0.16711002480605544,0.01132233767302436,0.7584324512380499
107,2.0045564238966773,1.0676916101795477,0.16711002480605544,0.01132233767302436,0.7584324512380499
108,2.0045564238966773,1.0676916101795477,0.16711002480605544,0.01132233767302436,0.7584324512380499
109,2.0045564238966773,1.0676916101795477,0.16711002480605544,0.01132233767302436,0.7584324512380499
110,2.0045564238966773,1.0676916101795477,0.16711002480605544,0.01132233767302436,0.7584324512380499
111,2.0045564238966773,1.0676916101795477,0.16711002480605544,0.01132233767302436,0.7584324512380499
112,2.0045564238966773,1.0676916101795477,0.16711002480605544,0.01132233767302436,0.7584324512380499
113,2.0045564238966773,1.0676916101795477,0.16711002480605544,0.01132233767302436,0.7584324512380499
114,2.0045564238966773,1.0676916101795477,0.16711002480605544,0.01132233767302436,0.7584324512380499
115,2.0045564238966773,1.0676916101795477,0.16711002480605544,0.01132233767302436,0.7584324512380499
116,2.0045564238966773,1.0676916101795477,0.16711002480605544,0.01132233767302436,0.7584324512380499
117,2.0045564238966773,1.0676916101795477,0.16711002480605544,0.01132233767302436,0.7584324512380499
118,2.0045564238966773,1.0676916101795477,0.16711002480605544,0.01132233767302436,0.7584324512380499
119,2.0045564238966773,1.0676916101795477,0.16711002480605544,0.01132233767302436,0.7584324512380499
120,2.0045564238966773,1.0676916101795477,0.16711002480605544,0.01132233767302436,0.7584324512380499
121,2.0045564238966773,1.0676916101795477,0.16711002480605544,0.01132233767302436,0.7584324512380499
122,2.0045564238966773,1.0676916101795477,0.16711002480605544,0.01132233767302436,0.7584324512380499
123,2.0045564238966773,1.0676916101795477,0.16711002480605544,0.01132233767302436,0.7584324512380499
124,2.0045564238966773,1.0676916101795477,0.16711002480605544,0.01132233767302436,0.7584324512380499
125,2.0045564238966773,1.0676916101795477,0.16711002480605544,0.01132233767302436,0.7584324512380499
126,2.0045564238966773,1.0676916101795477,0.16711002480605544,0.01132233767302436,0.7584324512380499
127,2.0045564238966773,1.0676916101795477,0.16711002480605544,0.01132233767302436,0.7584324512380499
128,2.0045564238966773,1.0676916101795477,0.16711002480605544,0.01132233767302436,0.7584324512380499
129,2.0045564238966773,1.0676916101795477,0.16711002480605544,0.01132233767302436,0.7584324512380499
130,2.0045564238966773,1.0676916101795477,0.16711002480605544,0.01132233767302436,0.7584324512380499
131,2.0045564238966773,1.0676916101795477,0.16711002480605544,0.01132233767302436,0.7584324512380499
132,2.0045564238966773,1.0676916101795477,0.16711002480605544,0.01132233767302436,0.7584324512380499
133,2.0045564238966773,1.0676916101795477,0.16711002480605544,0.01132233767302436,0.7584324512380499
134,2.0045564238966773,1.0676916101795477,0.16711002480605544,0.01132233767302436,0.7584324512380499
135,2.0045564238966773,1.0676916101795477,0.16711002480605544,0.01132233767302436,0.7584324512380499
136,2.0045564238966773,1.0676916101795477,0.16711002480605544,0.01132233767302436,0.7584324512380499
137,2.0045564238966773,1.0676916101795477,0.16711002480605544,0.01132233767302436,0.7584324512380499
138,2.0045564238966773,1.0676916101795477,0.16711002480605544,0.01132233767302436,0.7584324512380499
139,2.0045564238966773,1.0676916101795477,0.16711002480605544,0.01132233767302436,0.7584324512380499
140,2.0045564238966773,1.0676916101795477,0.16711002480605544,0.01132233767302436,0.7584324512380499
141,2.0045564238966773,1.0676916101795477,0.16711002480605544,0.01132233767302436,0.7584324512380499
142,2.0045564238966773,1.0676916101795477,0.16711002480605544,0.01132233767302436,0.7584324512380499
143,2.0045564238966773,1.0676916101795477,0.16711002480605544,0.01132233767302436,0.7584324512380499
144,2.0045564238966773,1.0676916101795477,0.16711002480605544,0.01132233767302436,0.7584324512380499
145,2.0045564238966773,1.0676916101795477,0.16711002480605544,0.01132233767302436,0.7584324512380499
146,2.0045564238966773,1.0676916101795477,0.16711002480605544,0.01132233767302436,0.7584324512380499
147,2.0045564238966773,1.0676916101795477,0.16711002480605544,0.01132233767302436,0.7584324512380499
148,2.0045564238966773,1.0676916101795477,0.16711002480605544,0.01132233767302436,0.7584324512380499
149,2.0045564238966773,1.0676916101795477,0.16711002480605544,0.01132233767302436,0.7584324512380499
150,2.0045564238966773,1.0676916101795477,0.16711002480605544,0.01132233767302436,0.7584324512380499
151,2.0045564238966773,1.0676916101795477,0.16711002480605544,0.01132233767302436,0.7584324512380499
152,2.0045564238966773,1.0676916101795477,0.16711002480605544,0.01132233767302436,0.7584324512380499
153,2.0045564238966773,1.0676916101795477,0.16711002480605544,0.01132233767302436,0.7584324512380499
154,2.0045564238966773,1.0676916101795477,0.16711002480605544,0.01132233767302436,0.7584324512380499
155,2.0045564238966773,1.0676916101795477,0.16711002480605544,0.01132233767302436,0.7584324512380499
156,2.0045564238966773,1.0676916101795477,0.16711002480605544,0.01132233767302436,0.7584324512380499
157,2.0045564238966773,1.0676916101795477,0.16711002480605544,0.01132233767302436,0.7584324512380499
158,2.0045564238966773,1.0676916101795477,0.16711002480605544,0.01132233767302436,0.7584324512380499
159,2.0045564238966773,1.0676916101795477,0.16711002480605544,0.01132233767302436,0.7584324512380499
160,2.0045564238966773,1.0676916101795477,0.16711002480605544,0.01132233767302436,0.7584324512380499
161,2.0045564238966773,1.0676916101795477,0.16711002480605544,0.01132233767302436,0.7584324512380499
162,2.0045564238966773,1.0676916101795477,0.16711002480605544,0.01132233767302436,0.7584324512380499
163,2.0045564238966773,1.0676916101795477,0.16711002480605544,0.01132233767302436,0.7584324512380499
164,2.0045564238966773,1.0676916101795477,0.16711002480605544,0.01132233767302436,0.7584324512380499
165,2.0045564238966773,1.0676916101795477,0.16711002480605544,0.01132233767302436,0.7584324512380499
166,2.0045564238966773,1.0676916101795477,0.16711002480605544,0.01132233767302436,0.7584324512380499
167,2.0045564238966773,1.0676916101795477,0.16711002480605544,0.01132233767302436,0.7584324512380499
168,2.0045564238966773,1.0676916101795477,0.16711002480605544,0.01132233767302436,0.7584324512380499
169,2.0045564238966773,1.0676916101795477,0.16711002480605544,0.01132233767302436,0.7584324512380499
170,2.0045564238966773,1.0676916101795477,0.16711002480605544,0.01132233767302436,0.7584324512380499
171,2.0045564238966773,1.0676916101795477,0.16711002480605544,0.01132233767302436,0.7584324512380499
172,2.0045564238966773,1.0676916101795477,0.16711002480605544,0.01132233767302436,0.7584324512380499
173,2.0045564238966773,1.0676916101795477,0.16711002480605544,0.01132233767302436,0.7584324512380499
174,2.0045564238966773,1.0676916101795477,0.16711002480605544,0.01132233767302436,0.7584324512380499
175,2.0045564238966773,1.0676916101795477,0.16711002480605544,0.01132233767302436,0.7584324512380499
176,2.0045564238966773,1.0676916101795477,0.16711002480605544,0.01132233767302436,0.7584324512380499
177,2.0045564238966773,1.0676916101795477,0.16711002480605544,0.01132233767302436,0.7584324512380499
178,2.0045564238966773,1.0676916101795477,0.16711002480605544,0.01132233767302436,0.7584324512380499
179,2.0045564238966773,1.0676916101795477,0.16711002480605544,0.01132233767302436,0.7584324512380499
180,2.0045564238966773,1.0676916101795477,0.16711002480605544,0.01132233767302436,0.7584324512380499
181,2.0045564238966773,1.0676916101795477,0.16711002480605544,0.01132233767302436,0.7584324512380499
182,2.0045564238966773,1.0676916101795477,0.16711002480605544,0.01132233767302436,0.7584324512380499
183,2.0045564238966773,1.0676916101795477,0.16711002480605544,0.01132233767302436,0.7584324512380499
184,2.0045564238966773,1.0676916101795477,0.16711002480605544,0.01132233767302436,0.7584324512380499
185,2.0045564238966773,1.0676916101795477,0.16711002480605544,0.01132233767302436,0.7584324512380499
186,2.0045564238966773,1.0676916101795477,0.16711002480605544,0.01132233767302436,0.7584324512380499
187,2.0045564238966773,1.0676916101795477,0.16711002480605544,0.01132233767302436,0.7584324512380499
188,2.0045564238966773,1.0676916101795477,0.16711002480605544,0.01132233767302436,0.7584324512380499
189,2.0045564238966773,1.0676916101795477,0.16711002480605544,0.01132233767302436,0.7584324512380499
190,2.0045564238966773,1.0676916101795477,0.16711002480605544,0.01132233767302436,0.7584324512380499
191,2.0045564238966773,1.0676916101795477,0.16711002480605544,0.01132233767302436,0.7584324512380499
192,2.0045564238966773,1.0676916101795477,0.16711002480605544,0.01132233767302436,0.7584324512380499
193,2.0045564238966773,1.0676916101795477,0.16711002480605544,0.01132233767302436,0.7584324512380499
194,2.0045564238966773,1.0676916101795477,0.16711002480605544,0.01132233767302436,0.7584324512380499
195,2.0045564238966773,1.0676916101795477,0.16711002480605544,0.01132233767302436,0.7584324512380499
196,2.0045564238966773,1.0676916101795477,0.16711002480605544,0.01132233767302436,0.7584324512380499
197,2.0045564238966773,1.0676916101795477,0.16711002480605544,0.01132233767302436,0.7584324512380499
198,2.0045564238966773,1.0676916101795477,0.16711002480605544,0.01132233767302436,0.7584324512380499
199,2.0045564238966773,1.0676916101795477,0.16711002480605544,0.01132233767302436,0.7584324512380499
200,2.0045564238966773,1.0676916101795477,0.16711002480605544,0.01132233767302436,0.7584324512380499
201,2.0045564238966773,1.0676916101795477,0.16711002480605544,0.01132233767302436,0.7584324512380499
202,2.0045564238966773,1.0676916101795477,0.16711002480605544,0.01132233767302436,0.7584324512380499
203,2.0045564238966773,1.0676916101795477,0.16711002480605544,0.01132233767302436,0.7584324512380499
204,2.0045564238966773,1.0676916101795477,0.16711002480605544,0.01132233767302436,0.7584324512380499
205,2.0045564238966773,1.0676916101795477,0.16711002480605544,0.01132233767302436,0.7584324512380499
206,2.0045564238966773,1.0676916101795477,0.16711002480605544,0.01132233767302436,0.7584324512380499
207,2.0045564238966773,1.0676916101795477,0.16711002480605544,0.01132233767302436,0.7584324512380499
208,2.0045564238966773,1.0676916101795477,0.16711002480605544,0.01132233767302436,0.7584324512380499
209,2.0045564238966773,1.0676916101795477,0.16711002480605544,0.01132233767302436,0.7584324512380499
210,2.0045564238966773,1.0676916101795477,0.16711002480605544,0.01132233767302436,0.7584324512380499
211,2.0045564238966773,1.0676916101795477,0.16711002480605544,0.01132233767302436,0.7584324512380499
212,2.0045564238966773,1.0676916101795477,0.16711002480605544,0.01132233767302436,0.7584324512380499
213,2.0045564238966773,1.0676916101795477,0.16711002480605544,0.01132233767302436,0.7584324512380499
214,2.0045564238966773,1.0676916101795477,0.16711002480605544,0.01132233767302436,0.7584324512380499
215,2.0045564238966773,1.0676916101795477,0.16711002480605544,0.01132233767302436,0.7584324512380499
216,2.0045564238966773,1.0676916101795477,0.16711002480605544,0.01132233767302436,0.7584324512380499
217,2.0045564238966773,1.0676916101795477,0.16711002480605544,0.01132233767302436,0.7584324512380499
218,2.0045564238966773,1.0676916101795477,0.16711002480605544,0.01132233767302436,0.7584324512380499
219,2.0045564238966773,1.0676916101795477,0.16711002480605544,0.01132233767302436,0.7584324512380499
220,2.0045564238966773,1.0676916101795477,0.16711002480605544,0.01132233767302436,0.7584324512380499
221,2.0045564238966773,1.0676916101795477,0.16711002480605544,0.01132233767302436,0.7584324512380499
222,2.0045564238966773,1.0676916101795477,0.16711002480605544,0.01132233767302436,0.7584324512380499
223,2.0045564238966773,1.0676916101795477,0.16711002480605544,0.01132233767302436,0.7584324512380499
224,2.0045564238966773,1.0676916101795477,0.16711002480605544,0.01132233767302436,0.7584324512380499
225,2.0045564238966773,1.0676916101795477,0.16711002480605544,0.01132233767302436,0.7584324512380499
226,2.0045564238966773,1.0676916101795477,0.16711002480605544,0.01132233767302436,0.7584324512380499
227,2.0045564238966773,1.0676916101795477,0.16711002480605544,0.01132233767302436,0.7584324512380499
228,2.0045564238966773,1.0676916101795477,0.16711002480605544,0.01132233767302436,0.7584324512380499
229,2.0045564238966773,1.0676916101795477,0.16711002480605544,0.01132233767302436,0.7584324512380499
230,2.0045564238966773,1.0676916101795477,0.16711002480605544,0.01132233767302436,0.7584324512380499
231,2.0045564238966773,1.0676916101795477,0.16711002480605544,0.01132233767302436,0.7584324512380499
232,2.0045564238966773,1.0676916101795477,0.16711002480605544,0.01132233767302436,0.7584324512380499
233,2.0045564238966773,1.0676916101795477,0.16711002480605544,0.01132233767302436,0.7584324512380499
234,2.0045564238966773,1.0676916101795477,0.16711002480605544,0.01132233767302436,0.7584324512380499
235,2.0045564238966773,1.0676916101795477,0.16711002480605544,0.01132233767302436,0.7584324512380499
236,2.0045564238966773,1.0676916101795477,0.16711002480605544,0.01132233767302436,0.7584324512380499
237,2.0045564238966773,1.0676916101795477,0.16711002480605544,0.01132233767302436,0.7584324512380499
238,2.0045564238966773,1.0676916101795477,0.16711002480605544,0.01132233767302436,0.7584324512380499
239,2.0045564238966773,1.0676916101795477,0.16711002480605544,0.01132233767302436,0.7584324512380499
240,2.0045564238966773,1.0676916101795477,0.16711002480605544,0.01132233767302436,0.7584324512380499
241,2.0045564238966773,1.0676916101795477,0.16711002480605544,0.01132233767302436,0.7584324512380499
242,2.0045564238966773,1.0676916101795477,0.16711002480605544,0.01132233767302436,0.7584324512380499
243,2.0045564238966773,1.0676916101795477,0.16711002480605544,0.01132233767302436,0.7584324512380499
244,2.0045564238966773,1.0676916101795477,0.16711002480605544,0.01132233767302436,0.7584324512380499
245,2.0045564238966773,1.0676916101795477,0.16711002480605544,0.01132233767302436,0.7584324512380499
246,2.0045564238966773,1.0676916101795477,0.16711002480605544,0.01132233767302436,0.7584324512380499
247,2.0045564238966773,1.0676916101795477,0.16711002480605544,0.01132233767302436,0.7584324512380499
248,2.0045564238966773,1.0676916101795477,0.16711002480605544,0.01132233767302436,0.7584324512380499
249,2.0045564238966773,1.0676916101795477,0.16711002480605544,0.01132233767302436,0.7584324512380499
250,2.0045564238966773,1.0676916101795477,0.16711002480605544,0.01132233767302436,0.7584324512380499
251,2.0045564238966773,1.0676916101795477,0.16711002480605544,0.01132233767302436,0.7584324512380499
252,2.0045564238966773,1.0676916101795477,0.16711002480605544,0.01132233767302436,0.7584324512380499
253,2.0045564238966773,1.0676916101795477,0.16711002480605544,0.01132233767302436,0.7584324512380499
254,2.0045564238966773,1.0676916101795477,0.16711002480605544,0.01132233767302436,0.7584324512380499
255,2.0045564238966773,1.0676916101795477,0.16711002480605544,0.01132233767302436,0.7584324512380499
256,2.0045564238966773,1.0676916101795477,0.16711002480605544,0.01132233767302436,0.7584324512380499
257,2.0045564238966773,1.0676916101795477,0.16711002480605544,0.01132233767302436,0.7584324512380499
258,2.0045564238966773,1.0676916101795477,0.16711002480605544,0.01132233767302436,0.7584324512380499
259,2.0045564238966773,1.0676916101795477,0.16711002480605544,0.01132233767302436,0.7584324512380499
260,2.0045564238966773,1.0676916101795477,0.16711002480605544,0.01132233767302436,0.7584324512380499
261,2.0045564238966773,1.0676916101795477,0.16711002480605544,0.01132233767302436,0.7584324512380499
262,2.0045564238966773,1.0676916101795477,0.16711002480605544,0.01132233767302436,0.7584324512380499
263,2.0045564238966773,1.0676916101795477,0.16711002480605544,0.01132233767302436,0.7584324512380499
264,2.0045564238966773,1.0676916101795477,0.16711002480605544,0.01132233767302436,0.7584324512380499
265,2.0045564238966773,1.0676916101795477,0.16711002480605544,0.01132233767302436,0.7584324512380499
266,2.0045564238966773,1.0676916101795477,0.16711002480605544,0.01132233767302436,0.7584324512380499
267,2.0045564238966773,1.0676916101795477,0.16711002480605544,0.01132233767302436,0.7584324512380499
268,2.0045564238966773,1.0676916101795477,0.16711002480605544,0.01132233767302436,0.7584324512380499
269,2.0045564238966773,1.0676916101795477,0.16711002480605544,0.01132233767302436,0.7584324512380499
270,2.0045564238966773,1.0676916101795477,0.16711002480605544,0.01132233767302436,0.7584324512380499
271,2.0045564238966773,1.0676916101795477,0.16711002480605544,0.01132233767302436,0.7584324512380499
272,2.0045564238966773,1.0676916101795477,0.16711002480605544,0.01132233767302436,0.7584324512380499
273,2.0045564238966773,1.0676916101795477,0.16711002480605544,0.01132233767302436,0.7584324512380499
274,2.0045564238966773,1.0676916101795477,0.16711002480605544,0.01132233767302436,0.7584324512380499
275,2.0045564238966773,1.0676916101795477,0.16711002480605544,0.01132233767302436,0.7584324512380499
276,2.0045564238966773,1.0676916101795477,0.16711002480605544,0.01132233767302436,0.7584324512380499
277,2.0045564238966773,1.0676916101795477,0.16711002480605544,0.01132233767302436,0.7584324512380499
278,2.0045564238966773,1.0676916101795477,0.16711002480605544,0.01132233767302436,0.7584324512380499
279,2.0045564238966773,1.0676916101795477,0.16711002480605544,0.01132233767302436,0.7584324512380499
280,2.0045564238966773,1.0676916101795477,0.16711002480605544,0.01132233767302436,0.7584324512380499
281,2.0045564238966773,1.0676916101795477,0.16711002480605544,0.01132233767302436,0.7584324512380499
282,2.0045564238966773,1.0676916101795477,0.16711002480605544,0.01132233767302436,0.7584324512380499
283,2.0045564238966773,1.0676916101795477,0.16711002480605544,0.01132233767302436,0.7584324512380499
284,2.0045564238966773,1.0676916101795477,0.16711002480605544,0.01132233767302436,0.7584324512380499
285,2.0045564238966773,1.0676916101795477,0.16711002480605544,0.01132233767302436,0.7584324512380499
286,2.0045564238966773,1.0676916101795477,0.16711002480605544,0.01132233767302436,0.7584324512380499
287,2.0045564238966773,1.0676916101795477,0.16711002480605544,0.01132233767302436,0.7584324512380499
288,2.0045564238966773,1.0676916101795477,0.16711002480605544,0.01132233767302436,0.7584324512380499
289,2.0045564238966773,1.0676916101795477,0.16711002480605544,0.01132233767302436,0.7584324512380499
290,2.0045564238966773,1.0676916101795477,0.16711002480605544,0.01132233767302436,0.7584324512380499
291,2.0045564238966773,1.0676916101795477,0.16711002480605544,0.01132233767302436,0.7584324512380499
292,2.0045564238966773,1.0676916101795477,0.16711002480605544,0.01132233767302436,0.7584324512380499
293,2.0045564238966773,1.0676916101795477,0.16711002480605544,0.01132233767302436,0.7584324512380499
294,2.0045564238966773,1.0676916101795477,0.16711002480605544,0.01132233767302436,0.7584324512380499
295,2.0045564238966773,1.0676916101795477,0.16711002480605544,0.01132233767302436,0.7584324512380499
296,2.0045564238966773,1.0676916101795477,0.16711002480605544,0.01132233767302436,0.7584324512380499
297,2.0045564238966773,1.0676916101795477,0.16711002480605544,0.01132233767302436,0.7584324512380499
298,2.0045564238966773,1.0676916101795477,0.16711002480605544,0.01132233767302436,0.7584324512380499
299,2.0045564238966773,1.0676916101795477,0.16711002480605544,0.01132233767302436,0.7584324512380499
300,2.0045564238966773,1.0676916101795477,0.16711002480605544,0.01132233767302436,0.7584324512380499
301,2.0045564238966773,1.0676916101795477,0.16711002480605544,0.01132233767302436,0.7584324512380499
302,2.0045564238966773,1.0676916101795477,0.16711002480605544,0.01132233767302436,0.7584324512380499
303,2.0045564238966773,1.0676916101795477,0.16711002480605544,0.01132233767302436,0.7584324512380499
304,2.0045564238966773,1.0676916101795477,0.16711002480605544,0.01132233767302436,0.7584324512380499
305,2.0045564238966773,1.0676916101795477,0.16711002480605544,0.01132233767302436,0.7584324512380499
306,2.0045564238966773,1.0676916101795477,0.16711002480605544,0.01132233767302436,0.7584324512380499
307,2.0045564238966773,1.0676916101795477,0.16711002480605544,0.01132233767302436,0.7584324512380499
308,2.0045564238966773,1.0676916101795477,0.16711002480605544,0.01132233767302436,0.7584324512380499
309,2.0045564238966773,1.0676916101795477,0.16711002480605544,0.01132233767302436,0.7584324512380499
310,2.0045564238966773,1.0676916101795477,0.16711002480605544,0.01132233767302436,0.7584324512380499
311,2.0045564238966773,1.0676916101795477,0.16711002480605544,0.01132233767302436,0.7584324512380499
312,2.0045564238966773,1.0676916101795477,0.16711002480605544,0.01132233767302436,0.7584324512380499
313,2.0045564238966773,1.0676916101795477,0.16711002480605544,0.01132233767302436,0.7584324512380499
314,2.0045564238966773,1.0676916101795477,0.16711002480605544,0.01132233767302436,0.7584324512380499
315,2.0045564238966773,1.0676916101795477,0.16711002480605544,0.01132233767302436,0.7584324512380499
316,2.0045564238966773,1.0676916101795477,0.16711002480605544,0.01132233767302436,0.7584324512380499
317,2.0045564238966773,1.0676916101795477,0.16711002480605544,0.01132233767302436,0.7584324512380499
318,2.0045564238966773,1.0676916101795477,0.16711002480605544,0.01132233767302436,0.7584324512380499
319,2.0045564238966773,1.0676916101795477,0.16711002480605544,0.01132233767302436,0.7584324512380499
320,2.0045564238966773,1.0676916101795477,0.16711002480605544,0.01132233767302436,0.7584324512380499
321,2.0045564238966773,1.0676916101795477,0.16711002480605544,0.01132233767302436,0.7584324512380499
322,2.0045564238966773,1.0676916101795477,0.16711002480605544,0.01132233767302436,0.7584324512380499
323,2.0045564238966773,1.0676916101795477,0.16711002480605544,0.01132233767302436,0.7584324512380499
324,2.0045564238966773,1.0676916101795477,0.16711002480605544,0.01132233767302436,0.7584324512380499
325,2.0045564238966773,1.0676916101795477,0.16711002480605544,0.01132233767302436,0.7584324512380499
326,2.0045564238966773,1.0676916101795477,0.16711002480605544,0.01132233767302436,0.7584324512380499
327,2.0045564238966773,1.0676916101795477,0.16711002480605544,0.01132233767302436,0.7584324512380499
328,2.0045564238966773,1.0676916101795477,0.16711002480605544,0.01132233767302436,0.7584324512380499
329,2.0045564238966773,1.0676916101795477,0.16711002480605544,0.01132233767302436,0.7584324512380499
330,2.0045564238966773,1.0676916101795477,0.16711002480605544,0.01132233767302436,0.7584324512380499
331,2.0045564238966773,1.0676916101795477,0.16711002480605544,0.01132233767302436,0.7584324512380499
332,2.0045564238966773,1.0676916101795477,0.16711002480605544,0.01132233767302436,0.7584324512380499
333,2.0045564238966773,1.0676916101795477,0.16711002480605544,0.01132233767302436,0.7584324512380499
334,2.0045564238966773,1.0676916101795477,0.16711002480605544,0.01132233767302436,0.7584324512380499
335,2.0045564238966773,1.0676916101795477,0.16711002480605544,0.01132233767302436,0.7584324512380499
336,2.0045564238966773,1.0676916101795477,0.16711002480605544,0.01132233767302436,0.7584324512380499
337,2.0045564238966773,1.0676916101795477,0.16711002480605544,0.01132233767302436,0.7584324512380499
338,2.0045564238966773,1.0676916101795477,0.16711002480605544,0.01132233767302436,0.7584324512380499
339,2.0045564238966773,1.0676916101795477,0.16711002480605544,0.01132233767302436,0.7584324512380499
340,2.0045564238966773,1.0676916101795477,0.16711002480605544,0.01132233767302436,0.7584324512380499
341,2.0045564238966773,1.0676916101795477,0.16711002480605544,0.01132233767302436,0.7584324512380499
342,2.0045564238966773,1.0676916101795477,0.16711002480605544,0.01132233767302436,0.7584324512380499
343,2.0045564238966773,1.0676916101795477,0.16711002480605544,0.01132233767302436,0.7584324512380499
344,2.0045564238966773,1.0676916101795477,0.16711002480605544,0.01132233767302436,0.7584324512380499
345,2.0045564238966773,1.0676916101795477,0.16711002480605544,0.01132233767302436,0.7584324512380499
346,2.0045564238966773,1.0676916101795477,0.16711002480605544,0.01132233767302436,0.7584324512380499
347,2.0045564238966773,1.0676916101795477,0.16711002480605544,0.01132233767302436,0.7584324512380499
348,2.0045564238966773,1.0676916101795477,0.16711002480605544,0.01132233767302436,0.7584324512380499
349,2.0045564238966773,1.0676916101795477,0.16711002480605544,0.01132233767302436,0.7584324512380499
350,2.0045564238966773,1.0676916101795477,0.16711002480605544,0.01132233767302436,0.7584324512380499
351,2.0045564238966773,1.0676916101795477,0.16711002480605544,0.01132233767302436,0.7584324512380499
352,2.0045564238966773,1.0676916101795477,0.16711002480605544,0.01132233767302436,0.7584324512380499
353,2.0045564238966773,1.0676916101795477,0.16711002480605544,0.01132233767302436,0.7584324512380499
354,2.0045564238966773,1.0676916101795477,0.16711002480605544,0.01132233767302436,0.7584324512380499
355,2.0045564238966773,1.0676916101795477,0.16711002480605544,0.01132233767302436,0.7584324512380499
356,2.0045564238966773,1.0676916101795477,0.16711002480605544,0.01132233767302436,0.7584324512380499
357,2.0045564238966773,1.0676916101795477,0.16711002480605544,0.01132233767302436,0.7584324512380499
358,2.0045564238966773,1.0676916101795477,0.16711002480605544,0.01132233767302436,0.7584324512380499
359,2.0045564238966773,1.0676916101795477,0.16711002480605544,0.01132233767302436,0.7584324512380499
360,2.0045564238966773,1.0676916101795477,0.16711002480605544,0.01132233767302436,0.7584324512380499
361,2.0045564238966773,1.0676916101795477,0.16711002480605544,0.01132233767302436,0.7584324512380499
362,2.0045564238966773,1.0676916101795477,0.16711002480605544,0.01132233767302436,0.7584324512380499
363,2.0045564238966773,1.0676916101795477,0.16711002480605544,0.01132233767302436,0.7584324512380499
364,2.0045564238966773,1.0676916101795477,0.16711002480605544,0.01132233767302436,0.7584324512380499
365,2.0045564238966773,1.0676916101795477,0.16711002480605544,0.01132233767302436,0.7584324512380499
366,2.0045564238966773,1.0676916101795477,0.16711002480605544,0.01132233767302436,0.7584324512380499
367,2.0045564238966773,1.0676916101795477,0.16711002480605544,0.01132233767302436,0.7584324512380499
368,2.0045564238966773,1.0676916101795477,0.16711002480605544,0.01132233767302436,0.7584324512380499
369,2.0045564238966773,1.0676916101795477,0.16711002480605544,0.01132233767302436,0.7584324512380499
370,2.0045564238966773,1.0676916101795477,0.16711002480605544,0.01132233767302436,0.7584324512380499
371,2.0045564238966773,1.0676916101795477,0.16711002480605544,0.01132233767302436,0.7584324512380499
372,2.0045564238966773,1.0676916101795477,0.16711002480605544,0.01132233767302436,0.7584324512380499
373,2.0045564238966773,1.0676916101795477,0.16711002480605544,0.01132233767302436,0.7584324512380499
374,2.0045564238966773,1.0676916101795477,0.16711002480605544,0.01132233767302436,0.7584324512380499
375,2.0045564238966773,1.0676916101795477,0.16711002480605544,0.01132233767302436,0.7584324512380499
376,2.0045564238966773,1.0676916101795477,0.16711002480605544,0.01132233767302436,0.7584324512380499
377,2.0045564238966773,1.0676916101795477,0.16711002480605544,0.01132233767302436,0.7584324512380499
378,2.0045564238966773,1.0676916101795477,0.16711002480605544,0.01132233767302436,0.7584324512380499
379,2.0045564238966773,1.0676916101795477,0.16711002480605544,0.01132233767302436,0.7584324512380499
380,2.0045564238966773,1.0676916101795477,0.16711002480605544,0.01132233767302436,0.7584324512380499
381,2.0045564238966773,1.0676916101795477,0.16711002480605544,0.01132233767302436,0.7584324512380499
382,2.0045564238966773,1.0676916101795477,0.16711002480605544,0.01132233767302436,0.7584324512380499
383,2.0045564238966773,1.0676916101795477,0.16711002480605544,0.01132233767302436,0.7584324512380499
384,2.0045564238966773,1.0676916101795477,0.16711002480605544,0.01132233767302436,0.7584324512380499
385,2.0045564238966773,1.0676916101795477,0.16711002480605544,0.01132233767302436,0.7584324512380499
386,2.0045564238966773,1.0676916101795477,0.16711002480605544,0.01132233767302436,0.7584324512380499
387,2.0045564238966773,1.0676916101795477,0.16711002480605544,0.01132233767302436,0.7584324512380499
388,2.0045564238966773,1.0676916101795477,0.16711002480605544,0.01132233767302436,0.7584324512380499
389,2.0045564238966773,1.0676916101795477,0.16711002480605544,0.01132233767302436,0.7584324512380499
390,2.0045564238966773,1.0676916101795477,0.16711002480605544,0.01132233767302436,0.7584324512380499
391,2.0045564238966773,1.0676916101795477,0.16711002480605544,0.01132233767302436,0.7584324512380499
392,2.0045564238966773,1.0676916101795477,0.16711002480605544,0.01132233767302436,0.7584324512380499
393,2.0045564238966773,1.0676916101795477,0.16711002480605544,0.01132233767302436,0.7584324512380499
394,2.0045564238966773,1.0676916101795477,0.16711002480605544,0.01132233767302436,0.7584324512380499
395,2.0045564238966773,1.0676916101795477,0.16711002480605544,0.01132233767302436,0.7584324512380499
396,2.0045564238966773,1.0676916101795477,0.16711002480605544,0.01132233767302436,0.7584324512380499
397,2.0045564238966773,1.0676916101795477,0.16711002480605544,0.01132233767302436,0.7584324512380499
398,2.0045564238966773,1.0676916101795477,0.16711002480605544,0.01132233767302436,0.7584324512380499
399,2.0045564238966773,1.0676916101795477,0.16711002480605544,0.01132233767302436,0.7584324512380499
400,2.0045564238966773,1.0676916101795477,0.16711002480605544,0.01132233767302436,0.7584324512380499
401,2.0045564238966773,1.0676916101795477,0.16711002480605544,0.01132233767302436,0.7584324512380499
402,2.0045564238966773,1.0676916101795477,0.16711002480605544,0.01132233767302436,0.7584324512380499
403,2.0045564238966773,1.0676916101795477,0.16711002480605544,0.01132233767302436,0.7584324512380499
404,2.0045564238966773,1.0676916101795477,0.16711002480605544,0.01132233767302436,0.7584324512380499
405,2.0045564238966773,1.0676916101795477,0.16711002480605544,0.01132233767302436,0.7584324512380499
406,2.0045564238966773,1.0676916101795477,0.16711002480605544,0.01132233767302436,0.7584324512380499
407,2.0045564238966773,1.0676916101795477,0.16711002480605544,0.01132233767302436,0.7584324512380499
408,2.0045564238966773,1.0676916101795477,0.16711002480605544,0.01132233767302436,0.7584324512380499
409,2.0045564238966773,1.0676916101795477,0.16711002480605544,0.01132233767302436,0.7584324512380499
410,2.0045564238966773,1.0676916101795477,0.16711002480605544,0.01132233767302436,0.7584324512380499
411,2.0045564238966773,1.0676916101795477,0.16711002480605544,0.01132233767302436,0.7584324512380499
412,2.0045564238966773,1.0676916101795477,0.16711002480605544,0.01132233767302436,0.7584324512380499
413,2.0045564238966773,1.0676916101795477,0.16711002480605544,0.01132233767302436,0.7584324512380499
414,2.0045564238966773,1.0676916101795477,0.16711002480605544,0.01132233767302436,0.7584324512380499
415,2.0045564238966773,1.0676916101795477,0.16711002480605544,0.01132233767302436,0.7584324512380499
416,2.0045564238966773,1.0676916101795477,0.16711002480605544,0.01132233767302436,0.7584324512380499
417,2.0045564238966773,1.0676916101795477,0.16711002480605544,0.01132233767302436,0.7584324512380499
418,2.0045564238966773,1.0676916101795477,0.16711002480605544,0.01132233767302436,0.7584324512380499
419,2.0045564238966773,1.0676916101795477,0.16711002480605544,0.01132233767302436,0.7584324512380499
420,2.0045564238966773,1.0676916101795477,0.16711002480605544,0.01132233767302436,0.7584324512380499
421,2.0045564238966773,1.0676916101795477,0.16711002480605544,0.01132233767302436,0.7584324512380499
422,2.0045564238966773,1.0676916101795477,0.16711002480605544,0.01132233767302436,0.7584324512380499
423,2.0045564238966773,1.0676916101795477,0.16711002480605544,0.01132233767302436,0.7584324512380499
424,2.0045564238966773,1.0676916101795477,0.16711002480605544,0.01132233767302436,0.7584324512380499
425,2.0045564238966773,1.0676916101795477,0.16711002480605544,0.01132233767302436,0.7584324512380499
426,2.0045564238966773,1.0676916101795477,0.16711002480605544,0.01132233767302436,0.7584324512380499
427,2.0045564238966773,1.0676916101795477,0.16711002480605544,0.01132233767302436,0.7584324512380499
428,2.0045564238966773,1.0676916101795477,0.16711002480605544,0.01132233767302436,0.7584324512380499
429,2.0045564238966773,1.0676916101795477,0.16711002480605544,0.01132233767302436,0.7584324512380499
430,2.0045564238966773,1.0676916101795477,0.16711002480605544,0.01132233767302436,0.7584324512380499
431,2.0045564238966773,1.0676916101795477,0.16711002480605544,0.01132233767302436,0.7584324512380499
432,2.0045564238966773,1.0676916101795477,0.16711002480605544,0.01132233767302436,0.7584324512380499
433,2.0045564238966773,1.0676916101795477,0.16711002480605544,0.01132233767302436,0.7584324512380499
434,2.0045564238966773,1.0676916101795477,0.16711002480605544,0.01132233767302436,0.7584324512380499
435,2.0045564238966773,1.0676916101795477,0.16711002480605544,0.01132233767302436,0.7584324512380499
436,2.0045564238966773,1.0676916101795477,0.16711002480605544,0.01132233767302436,0.7584324512380499
437,2.0045564238966773,1.0676916101795477,0.16711002480605544,0.01132233767302436,0.7584324512380499
438,2.0045564238966773,1.0676916101795477,0.16711002480605544,0.01132233767302436,0.7584324512380499
439,2.0045564238966773,1.0676916101795477,0.16711002480605544,0.01132233767302436,0.7584324512380499
440,2.0045564238966773,1.0676916101795477,0.16711002480605544,0.01132233767302436,0.7584324512380499
441,2.0045564238966773,1.0676916101795477,0.16711002480605544,0.01132233767302436,0.7584324512380499
442,2.0045564238966773,1.0676916101795477,0.16711002480605544,0.01132233767302436,0.7584324512380499
443,2.0045564238966773,1.0676916101795477,0.16711002480605544,0.01132233767302436,0.7584324512380499
444,2.0045564238966773,1.0676916101795477,0.16711002480605544,0.01132233767302436,0.7584324512380499
445,2.0045564238966773,1.0676916101795477,0.16711002480605544,0.01132233767302436,0.7584324512380499
446,2.0045564238966773,1.0676916101795477,0.16711002480605544,0.01132233767302436,0.7584324512380499
447,2.0045564238966773,1.0676916101795477,0.16711002480605544,0.01132233767302436,0.7584324512380499
448,2.0045564238966773,1.0676916101795477,0.16711002480605544,0.01132233767302436,0.7584324512380499
449,2.0045564238966773,1.0676916101795477,0.16711002480605544,0.01132233767302436,0.7584324512380499
450,2.0045564238966773,1.0676916101795477,0.16711002480605544,0.01132233767302436,0.7584324512380499
451,2.0045564238966773,1.0676916101795477,0.16711002480605544,0.01132233767302436,0.7584324512380499
452,2.0045564238966773,1.0676916101795477,0.16711002480605544,0.01132233767302436,0.7584324512380499
453,2.0045564238966773,1.0676916101795477,0.16711002480605544,0.01132233767302436,0.7584324512380499
454,2.0045564238966773,1.0676916101795477,0.16711002480605544,0.01132233767302436,0.7584324512380499
455,2.0045564238966773,1.0676916101795477,0.16711002480605544,0.01132233767302436,0.7584324512380499
456,2.0045564238966773,1.0676916101795477,0.16711002480605544,0.01132233767302436,0.7584324512380499
457,2.0045564238966773,1.0676916101795477,0.16711002480605544,0.01132233767302436,0.7584324512380499
458,2.0045564238966773,1.0676916101795477,0.16711002480605544,0.01132233767302436,0.7584324512380499
459,2.0045564238966773,1.0676916101795477,0.16711002480605544,0.01132233767302436,0.7584324512380499
460,2.0045564238966773,1.0676916101795477,0.16711002480605544,0.01132233767302436,0.7584324512380499
461,2.0045564238966773,1.0676916101795477,0.16711002480605544,0.01132233767302436,0.7584324512380499
462,2.0045564238966773,1.0676916101795477,0.16711002480605544,0.01132233767302436,0.7584324512380499
463,2.0045564238966773,1.0676916101795477,0.16711002480605544,0.01132233767302436,0.7584324512380499
464,2.0045564238966773,1.0676916101795477,0.16711002480605544,0.01132233767302436,0.7584324512380499
465,2.0045564238966773,1.0676916101795477,0.16711002480605544,0.01132233767302436,0.7584324512380499
466,2.0045564238966773,1.0676916101795477,0.16711002480605544,0.01132233767302436,0.7584324512380499
467,2.0045564238966773,1.0676916101795477,0.16711002480605544,0.01132233767302436,0.7584324512380499
468,2.0045564238966773,1.0676916101795477,0.16711002480605544,0.01132233767302436,0.7584324512380499
469,2.0045564238966773,1.0676916101795477,0.16711002480605544,0.01132233767302436,0.7584324512380499
470,2.0045564238966773,1.0676916101795477,0.16711002480605544,0.01132233767302436,0.7584324512380499
471,2.0045564238966773,1.0676916101795477,0.16711002480605544,0.01132233767302436,0.7584324512380499
472,2.0045564238966773,1.0676916101795477,0.16711002480605544,0.01132233767302436,0.7584324512380499
473,2.0045564238966773,1.0676916101795477,0.16711002480605544,0.01132233767302436,0.7584324512380499
474,2.0045564238966773,1.0676916101795477,0.16711002480605544,0.01132233767302436,0.7584324512380499
475,2.0045564238966773,1.0676916101795477,0.16711002480605544,0.01132233767302436,0.7584324512380499
476,2.0045564238966773,1.0676916101795477,0.16711002480605544,0.01132233767302436,0.7584324512380499
477,2.0045564238966773,1.0676916101795477,0.16711002480605544,0.01132233767302436,0.7584324512380499
478,2.0045564238966773,1.0676916101795477,0.16711002480605544,0.01132233767302436,0.7584324512380499
479,2.0045564238966773,1.0676916101795477,0.16711002480605544,0.01132233767302436,0.7584324512380499
480,2.0045564238966773,1.0676916101795477,0.16711002480605544,0.01132233767302436,0.7584324512380499
481,2.0045564238966773,1.0676916101795477,0.16711002480605544,0.01132233767302436,0.7584324512380499
482,2.0045564238966773,1.0676916101795477,0.16711002480605544,0.01132233767302436,0.7584324512380499
483,2.0045564238966773,1.0676916101795477,0.16711002480605544,0.01132233767302436,0.7584324512380499
484,2.0045564238966773,1.0676916101795477,0.16711002480605544,0.01132233767302436,0.7584324512380499
485,2.0045564238966773,1.0676916101795477,0.16711002480605544,0.01132233767302436,0.7584324512380499
486,2.0045564238966773,1.0676916101795477,0.16711002480605544,0.01132233767302436,0.7584324512380499
487,2.0045564238966773,1.0676916101795477,0.16711002480605544,0.01132233767302436,0.7584324512380499
488,2.0045564238966773,1.0676916101795477,0.16711002480605544,0.01132233767302436,0.7584324512380499
489,2.0045564238966773,1.0676916101795477,0.16711002480605544,0.01132233767302436,0.7584324512380499
490,2.0045564238966773,1.0676916101795477,0.16711002480605544,0.01132233767302436,0.7584324512380499
491,2.0045564238966773,1.0676916101795477,0.16711002480605544,0.01132233767302436,0.7584324512380499
492,2.0045564238966773,1.0676916101795477,0.16711002480605544,0.01132233767302436,0.7584324512380499
493,2.0045564238966773,1.0676916101795477,0.16711002480605544,0.01132233767302436,0.7584324512380499
494,2.0045564238966773,1.0676916101795477,0.16711002480605544,0.01132233767302436,0.7584324512380499
495,2.0045564238966773,1.0676916101795477,0.16711002480605544,0.01132233767302436,0.7584324512380499
496,2.0045564238966773,1.0676916101795477,0.16711002480605544,0.01132233767302436,0.7584324512380499
497,2.0045564238966773,1.0676916101795477,0.16711002480605544,0.01132233767302436,0.7584324512380499
498,2.0045564238966773,1.0676916101795477,0.16711002480605544,0.01132233767302436,0.7584324512380499
499,2.0045564238966773,1.0676916101795477,0.16711002480605544,0.01132233767302436,0.7584324512380499
500,2.0045564238966773,1.0676916101795477,0.16711002480605544,0.01132233767302436,0.7584324512380499
501,2.0045564238966773,1.0676916101795477,0.16711002480605544,0.01132233767302436,0.7584324512380499
502,2.0045564238966773,1.0676916101795477,0.16711002480605544,0.01132233767302436,0.7584324512380499
503,2.0045564238966773,1.0676916101795477,0.16711002480605544,0.01132233767302436,0.7584324512380499
504,2.0045564238966773,1.0676916101795477,0.16711002480605544,0.01132233767302436,0.7584324512380499
505,2.0045564238966773,1.0676916101795477,0.16711002480605544,0.01132233767302436,0.7584324512380499
506,2.0045564238966773,1.0676916101795477,0.16711002480605544,0.01132233767302436,0.7584324512380499
507,2.0045564238966773,1.0676916101795477,0.16711002480605544,0.01132233767302436,0.7584324512380499
508,2.0045564238966773,1.0676916101795477,0.16711002480605544,0.01132233767302436,0.7584324512380499
509,2.0045564238966773,1.0676916101795477,0.16711002480605544,0.01132233767302436,0.7584324512380499
510,2.0045564238966773,1.0676916101795477,0.16711002480605544,0.01132233767302436,0.7584324512380499
511,2.0045564238966773,1.0676916101795477,0.16711002480605544,0.01132233767302436,0.7584324512380499
512,2.0045564238966773,1.0676916101795477,0.16711002480605544,0.01132233767302436,0.7584324512380499
513,2.0045564238966773,1.0676916101795477,0.16711002480605544,0.01132233767302436,0.7584324512380499
514,2.0045564238966773,1.0676916101795477,0.16711002480605544,0.01132233767302436,0.7584324512380499
515,2.0045564238966773,1.0676916101795477,0.16711002480605544,0.01132233767302436,0.7584324512380499
516,2.0045564238966773,1.0676916101795477,0.16711002480605544,0.01132233767302436,0.7584324512380499
517,2.0045564238966773,1.0676916101795477,0.16711002480605544,0.01132233767302436,0.7584324512380499
518,2.0045564238966773,1.0676916101795477,0.16711002480605544,0.01132233767302436,0.7584324512380499
519,2.0045564238966773,1.0676916101795477,0.16711002480605544,0.01132233767302436,0.7584324512380499
520,2.0045564238966773,1.0676916101795477,0.16711002480605544,0.01132233767302436,0.7584324512380499
521,2.0045564238966773,1.0676916101795477,0.16711002480605544,0.01132233767302436,0.7584324512380499
522,2.0045564238966773,1.0676916101795477,0.16711002480605544,0.01132233767302436,0.7584324512380499
523,2.0045564238966773,1.0676916101795477,0.16711002480605544,0.01132233767302436,0.7584324512380499
524,2.0045564238966773,1.0676916101795477,0.16711002480605544,0.01132233767302436,0.7584324512380499
525,2.0045564238966773,1.0676916101795477,0.16711002480605544,0.01132233767302436,0.7584324512380499
526,2.0045564238966773,1.0676916101795477,0.16711002480605544,0.01132233767302436,0.7584324512380499
527,2.0045564238966773,1.0676916101795477,0.16711002480605544,0.01132233767302436,0.7584324512380499
528,2.0045564238966773,1.0676916101795477,0.16711002480605544,0.01132233767302436,0.7584324512380499
529,2.0045564238966773,1.0676916101795477,0.16711002480605544,0.01132233767302436,0.7584324512380499
530,2.0045564238966773,1.0676916101795477,0.16711002480605544,0.01132233767302436,0.7584324512380499
531,2.0045564238966773,1.0676916101795477,0.16711002480605544,0.01132233767302436,0.7584324512380499
532,2.0045564238966773,1.0676916101795477,0.16711002480605544,0.01132233767302436,0.7584324512380499
533,2.0045564238966773,1.0676916101795477,0.16711002480605544,0.01132233767302436,0.7584324512380499
534,2.0045564238966773,1.0676916101795477,0.16711002480605544,0.01132233767302436,0.7584324512380499
535,2.0045564238966773,1.0676916101795477,0.16711002480605544,0.01132233767302436,0.7584324512380499
536,2.0045564238966773,1.0676916101795477,0.16711002480605544,0.01132233767302436,0.7584324512380499
537,2.0045564238966773,1.0676916101795477,0.16711002480605544,0.01132233767302436,0.7584324512380499
538,2.0045564238966773,1.0676916101795477,0.16711002480605544,0.01132233767302436,0.7584324512380499
539,2.0045564238966773,1.0676916101795477,0.16711002480605544,0.01132233767302436,0.7584324512380499
540,2.0045564238966773,1.0676916101795477,0.16711002480605544,0.01132233767302436,0.7584324512380499
541,2.0045564238966773,1.0676916101795477,0.16711002480605544,0.01132233767302436,0.7584324512380499
542,2.0045564238966773,1.0676916101795477,0.16711002480605544,0.01132233767302436,0.7584324512380499
543,2.0045564238966773,1.0676916101795477,0.16711002480605544,0.01132233767302436,0.7584324512380499
544,2.0045564238966773,1.0676916101795477,0.16711002480605544,0.01132233767302436,0.7584324512380499
545,2.0045564238966773,1.0676916101795477,0.16711002480605544,0.01132233767302436,0.7584324512380499
546,2.0045564238966773,1.0676916101795477,0.16711002480605544,0.01132233767302436,0.7584324512380499
547,2.0045564238966773,1.0676916101795477,0.16711002480605544,0.01132233767302436,0.7584324512380499
548,2.0045564238966773,1.0676916101795477,0.16711002480605544,0.01132233767302436,0.7584324512380499
549,2.0045564238966773,1.0676916101795477,0.16711002480605544,0.01132233767302436,0.7584324512380499
550,2.0045564238966773,1.0676916101795477,0.16711002480605544,0.01132233767302436,0.7584324512380499
551,2.0045564238966773,1.0676916101795477,0.16711002480605544,0.01132233767302436,0.7584324512380499
552,2.0045564238966773,1.0676916101795477,0.16711002480605544,0.01132233767302436,0.7584324512380499
553,2.0045564238966773,1.0676916101795477,0.16711002480605544,0.01132233767302436,0.7584324512380499
554,2.0045564238966773,1.0676916101795477,0.16711002480605544,0.01132233767302436,0.7584324512380499
555,2.0045564238966773,1.0676916101795477,0.16711002480605544,0.01132233767302436,0.7584324512380499
556,2.0045564238966773,1.0676916101795477,0.16711002480605544,0.01132233767302436,0.7584324512380499
557,2.0045564238966773,1.0676916101795477,0.16711002480605544,0.01132233767302436,0.7584324512380499
558,2.0045564238966773,1.0676916101795477,0.16711002480605544,0.01132233767302436,0.7584324512380499
559,2.0045564238966773,1.0676916101795477,0.16711002480605544,0.01132233767302436,0.7584324512380499
560,2.0045564238966773,1.0676916101795477,0.16711002480605544,0.01132233767302436,0.7584324512380499
561,2.0045564238966773,1.0676916101795477,0.16711002480605544,0.01132233767302436,0.7584324512380499
562,2.0045564238966773,1.0676916101795477,0.16711002480605544,0.01132233767302436,0.7584324512380499
563,2.0045564238966773,1.0676916101795477,0.16711002480605544,0.01132233767302436,0.7584324512380499
564,2.0045564238966773,1.0676916101795477,0.16711002480605544,0.01132233767302436,0.7584324512380499
565,2.0045564238966773,1.0676916101795477,0.16711002480605544,0.01132233767302436,0.7584324512380499
566,2.0045564238966773,1.0676916101795477,0.16711002480605544,0.01132233767302436,0.7584324512380499
567,2.0045564238966773,1.0676916101795477,0.16711002480605544,0.01132233767302436,0.7584324512380499
568,2.0045564238966773,1.0676916101795477,0.16711002480605544,0.01132233767302436,0.7584324512380499
569,2.0045564238966773,1.0676916101795477,0.16711002480605544,0.01132233767302436,0.7584324512380499
570,2.0045564238966773,1.0676916101795477,0.16711002480605544,0.01132233767302436,0.7584324512380499
571,2.0045564238966773,1.0676916101795477,0.16711002480605544,0.01132233767302436,0.7584324512380499
572,2.0045564238966773,1.0676916101795477,0.16711002480605544,0.01132233767302436,0.7584324512380499
573,2.0045564238966773,1.0676916101795477,0.16711002480605544,0.01132233767302436,0.7584324512380499
574,2.0045564238966773,1.0676916101795477,0.16711002480605544,0.01132233767302436,0.7584324512380499
575,2.0045564238966773,1.0676916101795477,0.16711002480605544,0.01132233767302436,0.7584324512380499
576,2.0045564238966773,1.0676916101795477,0.16711002480605544,0.01132233767302436,0.7584324512380499
577,2.0045564238966773,1.0676916101795477,0.16711002480605544,0.01132233767302436,0.7584324512380499
578,2.0045564238966773,1.0676916101795477,0.16711002480605544,0.01132233767302436,0.7584324512380499
579,2.0045564238966773,1.0676916101795477,0.16711002480605544,0.01132233767302436,0.7584324512380499
580,2.0045564238966773,1.0676916101795477,0.16711002480605544,0.01132233767302436,0.7584324512380499
581,2.0045564238966773,1.0676916101795477,0.16711002480605544,0.01132233767302436,0.7584324512380499
582,2.0045564238966773,1.0676916101795477,0.16711002480605544,0.01132233767302436,0.7584324512380499
583,2.0045564238966773,1.0676916101795477,0.16711002480605544,0.01132233767302436,0.7584324512380499
584,2.0045564238966773,1.0676916101795477,0.16711002480605544,0.01132233767302436,0.7584324512380499
585,2.0045564238966773,1.0676916101795477,0.16711002480605544,0.01132233767302436,0.7584324512380499
586,2.0045564238966773,1.0676916101795477,0.16711002480605544,0.01132233767302436,0.7584324512380499
587,2.0045564238966773,1.0676916101795477,0.16711002480605544,0.01132233767302436,0.7584324512380499
588,2.0045564238966773,1.0676916101795477,0.16711002480605544,0.01132233767302436,0.7584324512380499
589,2.0045564238966773,1.0676916101795477,0.16711002480605544,0.01132233767302436,0.7584324512380499
590,2.0045564238966773,1.0676916101795477,0.16711002480605544,0.01132233767302436,0.7584324512380499
591,2.0045564238966773,1.0676916101795477,0.16711002480605544,0.01132233767302436,0.7584324512380499
592,2.0045564238966773,1.0676916101795477,0.16711002480605544,0.01132233767302436,0.7584324512380499
593,2.0045564238966773,1.0676916101795477,0.16711002480605544,0.01132233767302436,0.7584324512380499
594,2.0045564238966773,1.0676916101795477,0.16711002480605544,0.01132233767302436,0.7584324512380499
595,2.0045564238966773,1.0676916101795477,0.16711002480605544,0.01132233767302436,0.7584324512380499
596,2.0045564238966773,1.0676916101795477,0.16711002480605544,0.01132233767302436,0.7584324512380499
597,2.0045564238966773,1.0676916101795477,0.16711002480605544,0.01132233767302436,0.7584324512380499
598,2.0045564238966773,1.0676916101795477,0.16711002480605544,0.01132233767302436,0.7584324512380499
599,2.0045564238966773,1.0676916101795477,0.16711002480605544,0.01132233767302436,0.7584324512380499
600,2.0045564238966773,1.0676916101795477,0.16711002480605544,0.01132233767302436,0.7584324512380499
601,2.0045564238966773,1.0676916101795477,0.16711002480605544,0.01132233767302436,0.7584324512380499
602,2.0045564238966773,1.0676916101795477,0.16711002480605544,0.01132233767302436,0.7584324512380499
603,2.0045564238966773,1.0676916101795477,0.16711002480605544,0.01132233767302436,0.7584324512380499
604,2.0045564238966773,1.0676916101795477,0.16711002480605544,0.01132233767302436,0.7584324512380499
605,2.0045564238966773,1.0676916101795477,0.16711002480605544,0.01132233767302436,0.7584324512380499
606,2.0045564238966773,1.0676916101795477,0.16711002480605544,0.01132233767302436,0.7584324512380499
607,2.0045564238966773,1.0676916101795477,0.16711002480605544,0.01132233767302436,0.7584324512380499
608,2.0045564238966773,1.0676916101795477,0.16711002480605544,0.01132233767302436,0.7584324512380499
609,2.0045564238966773,1.0676916101795477,0.16711002480605544,0.01132233767302436,0.7584324512380499
610,2.0045564238966773,1.0676916101795477,0.16711002480605544,0.01132233767302436,0.7584324512380499
611,2.0045564238966773,1.0676916101795477,0.16711002480605544,0.01132233767302436,0.7584324512380499
612,2.0045564238966773,1.0676916101795477,0.16711002480605544,0.01132233767302436,0.7584324512380499
613,2.0045564238966773,1.0676916101795477,0.16711002480605544,0.01132233767302436,0.7584324512380499
614,2.0045564238966773,1.0676916101795477,0.16711002480605544,0.01132233767302436,0.7584324512380499
615,2.0045564238966773,1.0676916101795477,0.16711002480605544,0.01132233767302436,0.7584324512380499
616,2.0045564238966773,1.0676916101795477,0.16711002480605544,0.01132233767302436,0.7584324512380499
617,2.0045564238966773,1.0676916101795477,0.16711002480605544,0.01132233767302436,0.7584324512380499
618,2.0045564238966773,1.0676916101795477,0.16711002480605544,0.01132233767302436,0.7584324512380499
619,2.0045564238966773,1.0676916101795477,0.16711002480605544,0.01132233767302436,0.7584324512380499
620,2.0045564238966773,1.0676916101795477,0.16711002480605544,0.01132233767302436,0.7584324512380499
621,2.0045564238966773,1.0676916101795477,0.16711002480605544,0.01132233767302436,0.7584324512380499
622,2.0045564238966773,1.0676916101795477,0.16711002480605544,0.01132233767302436,0.7584324512380499
623,2.0045564238966773,1.0676916101795477,0.16711002480605544,0.01132233767302436,0.7584324512380499
624,2.0045564238966773,1.0676916101795477,0.16711002480605544,0.01132233767302436,0.7584324512380499
625,2.0045564238966773,1.0676916101795477,0.16711002480605544,0.01132233767302436,0.7584324512380499
626,2.0045564238966773,1.0676916101795477,0.16711002480605544,0.01132233767302436,0.7584324512380499
627,2.0045564238966773,1.0676916101795477,0.16711002480605544,0.01132233767302436,0.7584324512380499
628,2.0045564238966773,1.0676916101795477,0.16711002480605544,0.01132233767302436,0.7584324512380499
629,2.0045564238966773,1.0676916101795477,0.16711002480605544,0.01132233767302436,0.7584324512380499
630,2.0045564238966773,1.0676916101795477,0.16711002480605544,0.01132233767302436,0.7584324512380499
631,2.0045564238966773,1.0676916101795477,0.16711002480605544,0.01132233767302436,0.7584324512380499
632,2.0045564238966773,1.0676916101795477,0.16711002480605544,0.01132233767302436,0.7584324512380499
633,2.0045564238966773,1.0676916101795477,0.16711002480605544,0.01132233767302436,0.7584324512380499
634,2.0045564238966773,1.0676916101795477,0.16711002480605544,0.01132233767302436,0.7584324512380499
635,2.0045564238966773,1.0676916101795477,0.16711002480605544,0.01132233767302436,0.7584324512380499
636,2.0045564238966773,1.0676916101795477,0.16711002480605544,0.01132233767302436,0.7584324512380499
637,2.0045564238966773,1.0676916101795477,0.16711002480605544,0.01132233767302436,0.7584324512380499
638,2.0045564238966773,1.0676916101795477,0.16711002480605544,0.01132233767302436,0.7584324512380499
639,2.0045564238966773,1.0676916101795477,0.16711002480605544,0.01132233767302436,0.7584324512380499
640,2.0045564238966773,1.0676916101795477,0.16711002480605544,0.01132233767302436,0.7584324512380499
641,2.0045564238966773,1.0676916101795477,0.16711002480605544,0.01132233767302436,0.7584324512380499
642,2.0045564238966773,1.0676916101795477,0.16711002480605544,0.01132233767302436,0.7584324512380499
643,2.0045564238966773,1.0676916101795477,0.16711002480605544,0.01132233767302436,0.7584324512380499
644,2.0045564238966773,1.0676916101795477,0.16711002480605544,0.01132233767302436,0.7584324512380499
645,2.0045564238966773,1.0676916101795477,0.16711002480605544,0.01132233767302436,0.7584324512380499
646,2.0045564238966773,1.0676916101795477,0.16711002480605544,0.01132233767302436,0.7584324512380499
647,2.0045564238966773,1.0676916101795477,0.16711002480605544,0.01132233767302436,0.7584324512380499
648,2.0045564238966773,1.0676916101795477,0.16711002480605544,0.01132233767302436,0.7584324512380499
649,2.0045564238966773,1.0676916101795477,0.16711002480605544,0.01132233767302436,0.7584324512380499
650,2.0045564238966773,1.0676916101795477,0.16711002480605544,0.01132233767302436,0.7584324512380499
651,2.0045564238966773,1.0676916101795477,0.16711002480605544,0.01132233767302436,0.7584324512380499
652,2.0045564238966773,1.0676916101795477,0.16711002480605544,0.01132233767302436,0.7584324512380499
653,2.0045564238966773,1.0676916101795477,0.16711002480605544,0.01132233767302436,0.7584324512380499
654,2.0045564238966773,1.0676916101795477,0.16711002480605544,0.01132233767302436,0.7584324512380499
655,2.0045564238966773,1.0676916101795477,0.16711002480605544,0.01132233767302436,0.7584324512380499
656,2.0045564238966773,1.0676916101795477,0.16711002480605544,0.01132233767302436,0.7584324512380499
657,2.0045564238966773,1.0676916101795477,0.16711002480605544,0.01132233767302436,0.7584324512380499
658,2.0045564238966773,1.0676916101795477,0.16711002480605544,0.01132233767302436,0.7584324512380499
659,2.0045564238966773,1.0676916101795477,0.16711002480605544,0.01132233767302436,0.7584324512380499
660,2.0045564238966773,1.0676916101795477,0.16711002480605544,0.01132233767302436,0.7584324512380499
661,2.0045564238966773,1.0676916101795477,0.16711002480605544,0.01132233767302436,0.7584324512380499
662,2.0045564238966773,1.0676916101795477,0.16711002480605544,0.01132233767302436,0.7584324512380499
663,2.0045564238966773,1.0676916101795477,0.16711002480605544,0.01132233767302436,0.7584324512380499
664,2.0045564238966773,1.0676916101795477,0.16711002480605544,0.01132233767302436,0.7584324512380499
665,2.0045564238966773,1.0676916101795477,0.16711002480605544,0.01132233767302436,0.7584324512380499
666,2.0045564238966773,1.0676916101795477,0.16711002480605544,0.01132233767302436,0.7584324512380499
667,2.0045564238966773,1.0676916101795477,0.16711002480605544,0.01132233767302436,0.7584324512380499
668,2.0045564238966773,1.0676916101795477,0.16711002480605544,0.01132233767302436,0.7584324512380499
669,2.0045564238966773,1.0676916101795477,0.16711002480605544,0.01132233767302436,0.7584324512380499
670,2.0045564238966773,1.0676916101795477,0.16711002480605544,0.01132233767302436,0.7584324512380499
671,2.0045564238966773,1.0676916101795477,0.16711002480605544,0.01132233767302436,0.7584324512380499
672,2.0045564238966773,1.0676916101795477,0.16711002480605544,0.01132233767302436,0.7584324512380499
673,2.0045564238966773,1.0676916101795477,0.16711002480605544,0.01132233767302436,0.7584324512380499
674,2.0045564238966773,1.0676916101795477,0.16711002480605544,0.01132233767302436,0.7584324512380499
675,2.0045564238966773,1.0676916101795477,0.16711002480605544,0.01132233767302436,0.7584324512380499
676,2.0045564238966773,1.0676916101795477,0.16711002480605544,0.01132233767302436,0.7584324512380499
677,2.0045564238966773,1.0676916101795477,0.16711002480605544,0.01132233767302436,0.7584324512380499
678,2.0045564238966773,1.0676916101795477,0.16711002480605544,0.01132233767302436,0.7584324512380499
679,2.0045564238966773,1.0676916101795477,0.16711002480605544,0.01132233767302436,0.7584324512380499
680,2.0045564238966773,1.0676916101795477,0.16711002480605544,0.01132233767302436,0.7584324512380499
681,2.0045564238966773,1.0676916101795477,0.16711002480605544,0.01132233767302436,0.7584324512380499
682,2.0045564238966773,1.0676916101795477,0.16711002480605544,0.01132233767302436,0.7584324512380499
683,2.0045564238966773,1.0676916101795477,0.16711002480605544,0.01132233767302436,0.7584324512380499
684,2.0045564238966773,1.0676916101795477,0.16711002480605544,0.01132233767302436,0.7584324512380499
685,2.0045564238966773,1.0676916101795477,0.16711002480605544,0.01132233767302436,0.7584324512380499
686,2.0045564238966773,1.0676916101795477,0.16711002480605544,0.01132233767302436,0.7584324512380499
687,2.0045564238966773,1.0676916101795477,0.16711002480605544,0.01132233767302436,0.7584324512380499
688,2.0045564238966773,1.0676916101795477,0.16711002480605544,0.01132233767302436,0.7584324512380499
689,2.0045564238966773,1.0676916101795477,0.16711002480605544,0.01132233767302436,0.7584324512380499
690,2.0045564238966773,1.0676916101795477,0.16711002480605544,0.01132233767302436,0.7584324512380499
691,2.0045564238966773,1.0676916101795477,0.16711002480605544,0.01132233767302436,0.7584324512380499
692,2.0045564238966773,1.0676916101795477,0.16711002480605544,0.01132233767302436,0.7584324512380499
693,2.0045564238966773,1.0676916101795477,0.16711002480605544,0.01132233767302436,0.7584324512380499
694,2.0045564238966773,1.0676916101795477,0.16711002480605544,0.01132233767302436,0.7584324512380499
695,2.0045564238966773,1.0676916101795477,0.16711002480605544,0.01132233767302436,0.7584324512380499
696,2.0045564238966773,1.0676916101795477,0.16711002480605544,0.01132233767302436,0.7584324512380499
697,2.0045564238966773,1.0676916101795477,0.16711002480605544,0.01132233767302436,0.7584324512380499
698,2.0045564238966773,1.0676916101795477,0.16711002480605544,0.01132233767302436,0.7584324512380499
699,2.0045564238966773,1.0676916101795477,0.16711002480605544,0.01132233767302436,0.7584324512380499
700,2.0045564238966773,1.0676916101795477,0.16711002480605544,0.01132233767302436,0.7584324512380499
701,2.0045564238966773,1.0676916101795477,0.16711002480605544,0.01132233767302436,0.7584324512380499
702,2.0045564238966773,1.0676916101795477,0.16711002480605544,0.01132233767302436,0.7584324512380499
703,2.0045564238966773,1.0676916101795477,0.16711002480605544,0.01132233767302436,0.7584324512380499
704,2.0045564238966773,1.0676916101795477,0.16711002480605544,0.01132233767302436,0.7584324512380499
705,2.0045564238966773,1.0676916101795477,0.16711002480605544,0.01132233767302436,0.7584324512380499
706,2.0045564238966773,1.0676916101795477,0.16711002480605544,0.01132233767302436,0.7584324512380499
707,2.0045564238966773,1.0676916101795477,0.16711002480605544,0.01132233767302436,0.7584324512380499
708,2.0045564238966773,1.0676916101795477,0.16711002480605544,0.01132233767302436,0.7584324512380499
709,2.0045564238966773,1.0676916101795477,0.16711002480605544,0.01132233767302436,0.7584324512380499
710,2.0045564238966773,1.0676916101795477,0.16711002480605544,0.01132233767302436,0.7584324512380499
711,2.0045564238966773,1.0676916101795477,0.16711002480605544,0.01132233767302436,0.7584324512380499
712,2.0045564238966773,1.0676916101795477,0.16711002480605544,0.01132233767302436,0.7584324512380499
713,2.0045564238966773,1.0676916101795477,0.16711002480605544,0.01132233767302436,0.7584324512380499
714,2.0045564238966773,1.0676916101795477,0.16711002480605544,0.01132233767302436,0.7584324512380499
715,2.0045564238966773,1.0676916101795477,0.16711002480605544,0.01132233767302436,0.7584324512380499
716,2.0045564238966773,1.0676916101795477,0.16711002480605544,0.01132233767302436,0.7584324512380499
717,2.0045564238966773,1.0676916101795477,0.16711002480605544,0.01132233767302436,0.7584324512380499
718,2.0045564238966773,1.0676916101795477,0.16711002480605544,0.01132233767302436,0.7584324512380499
719,2.0045564238966773,1.0676916101795477,0.16711002480605544,0.01132233767302436,0.7584324512380499
720,2.0045564238966773,1.0676916101795477,0.16711002480605544,0.01132233767302436,0.7584324512380499
721,2.0045564238966773,1.0676916101795477,0.16711002480605544,0.01132233767302436,0.7584324512380499
722,2.0045564238966773,1.0676916101795477,0.16711002480605544,0.01132233767302436,0.7584324512380499
723,2.0045564238966773,1.0676916101795477,0.16711002480605544,0.01132233767302436,0.7584324512380499
724,2.0045564238966773,1.0676916101795477,0.16711002480605544,0.01132233767302436,0.7584324512380499
725,2.0045564238966773,1.0676916101795477,0.16711002480605544,0.01132233767302436,0.7584324512380499
726,2.0045564238966773,1.0676916101795477,0.16711002480605544,0.01132233767302436,0.7584324512380499
727,2.0045564238966773,1.0676916101795477,0.16711002480605544,0.01132233767302436,0.7584324512380499
728,2.0045564238966773,1.0676916101795477,0.16711002480605544,0.01132233767302436,0.7584324512380499
729,2.0045564238966773,1.0676916101795477,0.16711002480605544,0.01132233767302436,0.7584324512380499
730,2.0045564238966773,1.0676916101795477,0.16711002480605544,0.01132233767302436,0.7584324512380499
731,2.0045564238966773,1.0676916101795477,0.16711002480605544,0.01132233767302436,0.7584324512380499
732,2.0045564238966773,1.0676916101795477,0.16711002480605544,0.01132233767302436,0.7584324512380499
733,2.0045564238966773,1.0676916101795477,0.16711002480605544,0.01132233767302436,0.7584324512380499
734,2.0045564238966773,1.0676916101795477,0.16711002480605544,0.01132233767302436,0.7584324512380499
735,2.0045564238966773,1.0676916101795477,0.16711002480605544,0.01132233767302436,0.7584324512380499
736,2.0045564238966773,1.0676916101795477,0.16711002480605544,0.01132233767302436,0.7584324512380499
737,2.0045564238966773,1.0676916101795477,0.16711002480605544,0.01132233767302436,0.7584324512380499
738,2.0045564238966773,1.0676916101795477,0.16711002480605544,0.01132233767302436,0.7584324512380499
739,2.0045564238966773,1.0676916101795477,0.16711002480605544,0.01132233767302436,0.7584324512380499
740,2.0045564238966773,1.0676916101795477,0.16711002480605544,0.01132233767302436,0.7584324512380499
741,2.0045564238966773,1.0676916101795477,0.16711002480605544,0.01132233767302436,0.7584324512380499
742,2.0045564238966773,1.0676916101795477,0.16711002480605544,0.01132233767302436,0.7584324512380499
743,2.0045564238966773,1.0676916101795477,0.16711002480605544,0.01132233767302436,0.7584324512380499
744,2.0045564238966773,1.0676916101795477,0.16711002480605544,0.01132233767302436,0.7584324512380499
745,2.0045564238966773,1.0676916101795477,0.16711002480605544,0.01132233767302436,0.7584324512380499
746,2.0045564238966773,1.0676916101795477,0.16711002480605544,0.01132233767302436,0.7584324512380499
747,2.0045564238966773,1.0676916101795477,0.16711002480605544,0.01132233767302436,0.7584324512380499
748,2.0045564238966773,1.0676916101795477,0.16711002480605544,0.01132233767302436,0.7584324512380499
749,2.0045564238966773,1.0676916101795477,0.16711002480605544,0.01132233767302436,0.7584324512380499
750,2.0045564238966773,1.0676916101795477,0.16711002480605544,0.01132233767302436,0.7584324512380499
751,2.0045564238966773,1.0676916101795477,0.16711002480605544,0.01132233767302436,0.7584324512380499
752,2.0045564238966773,1.0676916101795477,0.16711002480605544,0.01132233767302436,0.7584324512380499
753,2.0045564238966773,1.0676916101795477,0.16711002480605544,0.01132233767302436,0.7584324512380499
754,2.0045564238966773,1.0676916101795477,0.16711002480605544,0.01132233767302436,0.7584324512380499
755,2.0045564238966773,1.0676916101795477,0.16711002480605544,0.01132233767302436,0.7584324512380499
756,2.0045564238966773,1.0676916101795477,0.16711002480605544,0.01132233767302436,0.7584324512380499
757,2.0045564238966773,1.0676916101795477,0.16711002480605544,0.01132233767302436,0.7584324512380499
758,2.0045564238966773,1.0676916101795477,0.16711002480605544,0.01132233767302436,0.7584324512380499
759,2.0045564238966773,1.0676916101795477,0.16711002480605544,0.01132233767302436,0.7584324512380499
760,2.0045564238966773,1.0676916101795477,0.16711002480605544,0.01132233767302436,0.7584324512380499
761,2.0045564238966773,1.0676916101795477,0.16711002480605544,0.01132233767302436,0.7584324512380499
762,2.0045564238966773,1.0676916101795477,0.16711002480605544,0.01132233767302436,0.7584324512380499
763,2.0045564238966773,1.0676916101795477,0.16711002480605544,0.01132233767302436,0.7584324512380499
764,2.0045564238966773,1.0676916101795477,0.16711002480605544,0.01132233767302436,0.7584324512380499
765,2.0045564238966773,1.0676916101795477,0.16711002480605544,0.01132233767302436,0.7584324512380499
766,2.0045564238966773,1.0676916101795477,0.16711002480605544,0.01132233767302436,0.7584324512380499
767,2.0045564238966773,1.0676916101795477,0.16711002480605544,0.01132233767302436,0.7584324512380499
768,2.0045564238966773,1.0676916101795477,0.16711002480605544,0.01132233767302436,0.7584324512380499
769,2.0045564238966773,1.0676916101795477,0.16711002480605544,0.01132233767302436,0.7584324512380499
770,2.0045564238966773,1.0676916101795477,0.16711002480605544,0.01132233767302436,0.7584324512380499
771,2.0045564238966773,1.0676916101795477,0.16711002480605544,0.01132233767302436,0.7584324512380499
772,2.0045564238966773,1.0676916101795477,0.16711002480605544,0.01132233767302436,0.7584324512380499
773,2.0045564238966773,1.0676916101795477,0.16711002480605544,0.01132233767302436,0.7584324512380499
774,2.0045564238966773,1.0676916101795477,0.16711002480605544,0.01132233767302436,0.7584324512380499
775,2.0045564238966773,1.0676916101795477,0.16711002480605544,0.01132233767302436,0.7584324512380499
776,2.0045564238966773,1.0676916101795477,0.16711002480605544,0.01132233767302436,0.7584324512380499
777,2.0045564238966773,1.0676916101795477,0.16711002480605544,0.01132233767302436,0.7584324512380499
778,2.0045564238966773,1.0676916101795477,0.16711002480605544,0.01132233767302436,0.7584324512380499
779,2.0045564238966773,1.0676916101795477,0.16711002480605544,0.01132233767302436,0.7584324512380499
780,2.0045564238966773,1.0676916101795477,0.16711002480605544,0.01132233767302436,0.7584324512380499
781,2.0045564238966773,1.0676916101795477,0.16711002480605544,0.01132233767302436,0.7584324512380499
782,2.0045564238966773,1.0676916101795477,0.16711002480605544,0.01132233767302436,0.7584324512380499
783,2.0045564238966773,1.0676916101795477,0.16711002480605544,0.01132233767302436,0.7584324512380499
784,2.0045564238966773,1.0676916101795477,0.16711002480605544,0.01132233767302436,0.7584324512380499
785,2.0045564238966773,1.0676916101795477,0.16711002480605544,0.01132233767302436,0.7584324512380499
786,2.0045564238966773,1.0676916101795477,0.16711002480605544,0.01132233767302436,0.7584324512380499
787,2.0045564238966773,1.0676916101795477,0.16711002480605544,0.01132233767302436,0.7584324512380499
788,2.0045564238966773,1.0676916101795477,0.16711002480605544,0.01132233767302436,0.7584324512380499
789,2.0045564238966773,1.0676916101795477,0.16711002480605544,0.01132233767302436,0.7584324512380499
790,2.0045564238966773,1.0676916101795477,0.16711002480605544,0.01132233767302436,0.7584324512380499
791,2.0045564238966773,1.0676916101795477,0.16711002480605544,0.01132233767302436,0.7584324512380499
792,2.0045564238966773,1.0676916101795477,0.16711002480605544,0.01132233767302436,0.7584324512380499
793,2.0045564238966773,1.0676916101795477,0.16711002480605544,0.01132233767302436,0.7584324512380499
794,2.0045564238966773,1.0676916101795477,0.16711002480605544,0.01132233767302436,0.7584324512380499
795,2.0045564238966773,1.0676916101795477,0.16711002480605544,0.01132233767302436,0.7584324512380499
796,2.0045564238966773,1.0676916101795477,0.16711002480605544,0.01132233767302436,0.7584324512380499
797,2.0045564238966773,1.0676916101795477,0.16711002480605544,0.01132233767302436,0.7584324512380499
798,2.0045564238966773,1.0676916101795477,0.16711002480605544,0.01132233767302436,0.7584324512380499
799,2.0045564238966773,1.0676916101795477,0.16711002480605544,0.01132233767302436,0.7584324512380499
800,2.0045564238966773,1.0676916101795477,0.16711002480605544,0.01132233767302436,0.7584324512380499
801,2.0045564238966773,1.0676916101795477,0.16711002480605544,0.01132233767302436,0.7584324512380499
802,2.0045564238966773,1.0676916101795477,0.16711002480605544,0.01132233767302436,0.7584324512380499
803,2.0045564238966773,1.0676916101795477,0.16711002480605544,0.01132233767302436,0.7584324512380499
804,2.0045564238966773,1.0676916101795477,0.16711002480605544,0.01132233767302436,0.7584324512380499
805,2.0045564238966773,1.0676916101795477,0.16711002480605544,0.01132233767302436,0.7584324512380499
806,2.0045564238966773,1.0676916101795477,0.16711002480605544,0.01132233767302436,0.7584324512380499
807,2.0045564238966773,1.0676916101795477,0.16711002480605544,0.01132233767302436,0.7584324512380499
808,2.0045564238966773,1.0676916101795477,0.16711002480605544,0.01132233767302436,0.7584324512380499
809,2.0045564238966773,1.0676916101795477,0.16711002480605544,0.01132233767302436,0.7584324512380499
810,2.0045564238966773,1.0676916101795477,0.16711002480605544,0.01132233767302436,0.7584324512380499
811,2.0045564238966773,1.0676916101795477,0.16711002480605544,0.01132233767302436,0.7584324512380499
812,2.0045564238966773,1.0676916101795477,0.16711002480605544,0.01132233767302436,0.7584324512380499
813,2.0045564238966773,1.0676916101795477,0.16711002480605544,0.01132233767302436,0.7584324512380499
814,2.0045564238966773,1.0676916101795477,0.16711002480605544,0.01132233767302436,0.7584324512380499
815,2.0045564238966773,1.0676916101795477,0.16711002480605544,0.01132233767302436,0.7584324512380499
816,2.0045564238966773,1.0676916101795477,0.16711002480605544,0.01132233767302436,0.7584324512380499
817,2.0045564238966773,1.0676916101795477,0.16711002480605544,0.01132233767302436,0.7584324512380499
818,2.0045564238966773,1.0676916101795477,0.16711002480605544,0.01132233767302436,0.7584324512380499
819,2.0045564238966773,1.0676916101795477,0.16711002480605544,0.01132233767302436,0.7584324512380499
820,2.0045564238966773,1.0676916101795477,0.16711002480605544,0.01132233767302436,0.7584324512380499
821,2.0045564238966773,1.0676916101795477,0.16711002480605544,0.01132233767302436,0.7584324512380499
822,2.0045564238966773,1.0676916101795477,0.16711002480605544,0.01132233767302436,0.7584324512380499
823,2.0045564238966773,1.0676916101795477,0.16711002480605544,0.01132233767302436,0.7584324512380499
824,2.0045564238966773,1.0676916101795477,0.16711002480605544,0.01132233767302436,0.7584324512380499
825,2.0045564238966773,1.0676916101795477,0.16711002480605544,0.01132233767302436,0.7584324512380499
826,2.0045564238966773,1.0676916101795477,0.16711002480605544,0.01132233767302436,0.7584324512380499
827,2.0045564238966773,1.0676916101795477,0.16711002480605544,0.01132233767302436,0.7584324512380499
828,2.0045564238966773,1.0676916101795477,0.16711002480605544,0.01132233767302436,0.7584324512380499
829,2.0045564238966773,1.0676916101795477,0.16711002480605544,0.01132233767302436,0.7584324512380499
830,2.0045564238966773,1.0676916101795477,0.16711002480605544,0.01132233767302436,0.7584324512380499
831,2.0045564238966773,1.0676916101795477,0.16711002480605544,0.01132233767302436,0.7584324512380499
832,2.0045564238966773,1.0676916101795477,0.16711002480605544,0.01132233767302436,0.7584324512380499
833,2.0045564238966773,1.0676916101795477,0.16711002480605544,0.01132233767302436,0.7584324512380499
834,2.0045564238966773,1.0676916101795477,0.16711002480605544,0.01132233767302436,0.7584324512380499
835,2.0045564238966773,1.0676916101795477,0.16711002480605544,0.01132233767302436,0.7584324512380499
836,2.0045564238966773,1.0676916101795477,0.16711002480605544,0.01132233767302436,0.7584324512380499
837,2.0045564238966773,1.0676916101795477,0.16711002480605544,0.01132233767302436,0.7584324512380499
838,2.0045564238966773,1.0676916101795477,0.16711002480605544,0.01132233767302436,0.7584324512380499
839,2.0045564238966773,1.0676916101795477,0.16711002480605544,0.01132233767302436,0.7584324512380499
840,2.0045564238966773,1.0676916101795477,0.16711002480605544,0.01132233767302436,0.7584324512380499
841,2.0045564238966773,1.0676916101795477,0.16711002480605544,0.01132233767302436,0.7584324512380499
842,2.0045564238966773,1.0676916101795477,0.16711002480605544,0.01132233767302436,0.7584324512380499
843,2.0045564238966773,1.0676916101795477,0.16711002480605544,0.01132233767302436,0.7584324512380499
844,2.0045564238966773,1.0676916101795477,0.16711002480605544,0.01132233767302436,0.7584324512380499
845,2.0045564238966773,1.0676916101795477,0.16711002480605544,0.01132233767302436,0.7584324512380499
846,2.0045564238966773,1.0676916101795477,0.16711002480605544,0.01132233767302436,0.7584324512380499
847,2.0045564238966773,1.0676916101795477,0.16711002480605544,0.01132233767302436,0.7584324512380499
848,2.0045564238966773,1.0676916101795477,0.16711002480605544,0.01132233767302436,0.7584324512380499
849,2.0045564238966773,1.0676916101795477,0.16711002480605544,0.01132233767302436,0.7584324512380499
850,2.0045564238966773,1.0676916101795477,0.16711002480605544,0.01132233767302436,0.7584324512380499
851,2.0045564238966773,1.0676916101795477,0.16711002480605544,0.01132233767302436,0.7584324512380499
852,2.0045564238966773,1.0676916101795477,0.16711002480605544,0.01132233767302436,0.7584324512380499
853,2.0045564238966773,1.0676916101795477,0.16711002480605544,0.01132233767302436,0.7584324512380499
854,2.0045564238966773,1.0676916101795477,0.16711002480605544,0.01132233767302436,0.7584324512380499
855,2.0045564238966773,1.0676916101795477,0.16711002480605544,0.01132233767302436,0.7584324512380499
856,2.0045564238966773,1.0676916101795477,0.16711002480605544,0.01132233767302436,0.7584324512380499
857,2.0045564238966773,1.0676916101795477,0.16711002480605544,0.01132233767302436,0.7584324512380499
858,2.0045564238966773,1.0676916101795477,0.16711002480605544,0.01132233767302436,0.7584324512380499
859,2.0045564238966773,1.0676916101795477,0.16711002480605544,0.01132233767302436,0.7584324512380499
860,2.0045564238966773,1.0676916101795477,0.16711002480605544,0.01132233767302436,0.7584324512380499
861,2.0045564238966773,1.0676916101795477,0.16711002480605544,0.01132233767302436,0.7584324512380499
862,2.0045564238966773,1.0676916101795477,0.16711002480605544,0.01132233767302436,0.7584324512380499
863,2.0045564238966773,1.0676916101795477,0.16711002480605544,0.01132233767302436,0.7584324512380499
864,2.0045564238966773,1.0676916101795477,0.16711002480605544,0.01132233767302436,0.7584324512380499
865,2.0045564238966773,1.0676916101795477,0.16711002480605544,0.01132233767302436,0.7584324512380499
866,2.0045564238966773,1.0676916101795477,0.16711002480605544,0.01132233767302436,0.7584324512380499
867,2.0045564238966773,1.0676916101795477,0.16711002480605544,0.01132233767302436,0.7584324512380499
868,2.0045564238966773,1.0676916101795477,0.16711002480605544,0.01132233767302436,0.7584324512380499
869,2.0045564238966773,1.0676916101795477,0.16711002480605544,0.01132233767302436,0.7584324512380499
870,2.0045564238966773,1.0676916101795477,0.16711002480605544,0.01132233767302436,0.7584324512380499
871,2.0045564238966773,1.0676916101795477,0.16711002480605544,0.01132233767302436,0.7584324512380499
872,2.0045564238966773,1.0676916101795477,0.16711002480605544,0.01132233767302436,0.7584324512380499
873,2.0045564238966773,1.0676916101795477,0.16711002480605544,0.01132233767302436,0.7584324512380499
874,2.0045564238966773,1.0676916101795477,0.16711002480605544,0.01132233767302436,0.7584324512380499
875,2.0045564238966773,1.0676916101795477,0.16711002480605544,0.01132233767302436,0.7584324512380499
876,2.0045564238966773,1.0676916101795477,0.16711002480605544,0.01132233767302436,0.7584324512380499
877,2.0045564238966773,1.0676916101795477,0.16711002480605544,0.01132233767302436,0.7584324512380499
878,2.0045564238966773,1.0676916101795477,0.16711002480605544,0.01132233767302436,0.7584324512380499
879,2.0045564238966773,1.0676916101795477,0.16711002480605544,0.01132233767302436,0.7584324512380499
880,2.0045564238966773,1.0676916101795477,0.16711002480605544,0.01132233767302436,0.7584324512380499
881,2.0045564238966773,1.0676916101795477,0.16711002480605544,0.01132233767302436,0.7584324512380499
882,2.0045564238966773,1.0676916101795477,0.16711002480605544,0.01132233767302436,0.7584324512380499
883,2.0045564238966773,1.0676916101795477,0.16711002480605544,0.01132233767302436,0.7584324512380499
884,2.0045564238966773,1.0676916101795477,0.16711002480605544,0.01132233767302436,0.7584324512380499
885,2.0045564238966773,1.0676916101795477,0.16711002480605544,0.01132233767302436,0.7584324512380499
886,2.0045564238966773,1.0676916101795477,0.16711002480605544,0.01132233767302436,0.7584324512380499
887,2.0045564238966773,1.0676916101795477,0.16711002480605544,0.01132233767302436,0.7584324512380499
888,2.0045564238966773,1.0676916101795477,0.16711002480605544,0.01132233767302436,0.7584324512380499
889,2.0045564238966773,1.0676916101795477,0.16711002480605544,0.01132233767302436,0.7584324512380499
890,2.0045564238966773,1.0676916101795477,0.16711002480605544,0.01132233767302436,0.7584324512380499
891,2.0045564238966773,1.0676916101795477,0.16711002480605544,0.01132233767302436,0.7584324512380499
892,2.0045564238966773,1.0676916101795477,0.16711002480605544,0.01132233767302436,0.7584324512380499
893,2.0045564238966773,1.0676916101795477,0.16711002480605544,0.01132233767302436,0.7584324512380499
894,2.0045564238966773,1.0676916101795477,0.16711002480605544,0.01132233767302436,0.7584324512380499
895,2.0045564238966773,1.0676916101795477,0.16711002480605544,0.01132233767302436,0.7584324512380499
896,2.0045564238966773,1.0676916101795477,0.16711002480605544,0.01132233767302436,0.7584324512380499
897,2.0045564238966773,1.0676916101795477,0.16711002480605544,0.01132233767302436,0.7584324512380499
898,2.0045564238966773,1.0676916101795477,0.16711002480605544,0.01132233767302436,0.7584324512380499
899,2.0045564238966773,1.0676916101795477,0.16711002480605544,0.01132233767302436,0.7584324512380499
900,2.0045564238966773,1.0676916101795477,0.16711002480605544,0.01132233767302436,0.7584324512380499
901,2.0045564238966773,1.0676916101795477,0.16711002480605544,0.01132233767302436,0.7584324512380499
902,2.0045564238966773,1.0676916101795477,0.16711002480605544,0.01132233767302436,0.7584324512380499
903,2.0045564238966773,1.0676916101795477,0.16711002480605544,0.01132233767302436,0.7584324512380499
904,2.0045564238966773,1.0676916101795477,0.16711002480605544,0.01132233767302436,0.7584324512380499
905,2.0045564238966773,1.0676916101795477,0.16711002480605544,0.01132233767302436,0.7584324512380499
906,2.0045564238966773,1.0676916101795477,0.16711002480605544,0.01132233767302436,0.7584324512380499
907,2.0045564238966773,1.0676916101795477,0.16711002480605544,0.01132233767302436,0.7584324512380499
908,2.0045564238966773,1.0676916101795477,0.16711002480605544,0.01132233767302436,0.7584324512380499
909,2.0045564238966773,1.0676916101795477,0.16711002480605544,0.01132233767302436,0.7584324512380499
910,2.0045564238966773,1.0676916101795477,0.16711002480605544,0.01132233767302436,0.7584324512380499
911,2.0045564238966773,1.0676916101795477,0.16711002480605544,0.01132233767302436,0.7584324512380499
912,2.0045564238966773,1.0676916101795477,0.16711002480605544,0.01132233767302436,0.7584324512380499
913,2.0045564238966773,1.0676916101795477,0.16711002480605544,0.01132233767302436,0.7584324512380499
914,2.0045564238966773,1.0676916101795477,0.16711002480605544,0.01132233767302436,0.7584324512380499
915,2.0045564238966773,1.0676916101795477,0.16711002480605544,0.01132233767302436,0.7584324512380499
916,2.0045564238966773,1.0676916101795477,0.16711002480605544,0.01132233767302436,0.7584324512380499
917,2.0045564238966773,1.0676916101795477,0.16711002480605544,0.01132233767302436,0.7584324512380499
918,2.0045564238966773,1.0676916101795477,0.16711002480605544,0.01132233767302436,0.7584324512380499
919,2.0045564238966773,1.0676916101795477,0.16711002480605544,0.01132233767302436,0.7584324512380499
920,2.0045564238966773,1.0676916101795477,0.16711002480605544,0.01132233767302436,0.7584324512380499
921,2.0045564238966773,1.0676916101795477,0.16711002480605544,0.01132233767302436,0.7584324512380499
922,2.0045564238966773,1.0676916101795477,0.16711002480605544,0.01132233767302436,0.7584324512380499
923,2.0045564238966773,1.0676916101795477,0.16711002480605544,0.01132233767302436,0.7584324512380499
924,2.0045564238966773,1.0676916101795477,0.16711002480605544,0.01132233767302436,0.7584324512380499
925,2.0045564238966773,1.0676916101795477,0.16711002480605544,0.01132233767302436,0.7584324512380499
926,2.0045564238966773,1.0676916101795477,0.16711002480605544,0.01132233767302436,0.7584324512380499
927,2.0045564238966773,1.0676916101795477,0.16711002480605544,0.01132233767302436,0.7584324512380499
928,2.0045564238966773,1.0676916101795477,0.16711002480605544,0.01132233767302436,0.7584324512380499
929,2.0045564238966773,1.0676916101795477,0.16711002480605544,0.01132233767302436,0.7584324512380499
930,2.0045564238966773,1.0676916101795477,0.16711002480605544,0.01132233767302436,0.7584324512380499
931,2.0045564238966773,1.0676916101795477,0.16711002480605544,0.01132233767302436,0.7584324512380499
932,2.0045564238966773,1.0676916101795477,0.16711002480605544,0.01132233767302436,0.7584324512380499
933,2.0045564238966773,1.0676916101795477,0.16711002480605544,0.01132233767302436,0.7584324512380499
934,2.0045564238966773,1.0676916101795477,0.16711002480605544,0.01132233767302436,0.7584324512380499
935,2.0045564238966773,1.0676916101795477,0.16711002480605544,0.01132233767302436,0.7584324512380499
936,2.0045564238966773,1.0676916101795477,0.16711002480605544,0.01132233767302436,0.7584324512380499
937,2.0045564238966773,1.0676916101795477,0.16711002480605544,0.01132233767302436,0.7584324512380499
938,2.0045564238966773,1.0676916101795477,0.16711002480605544,0.01132233767302436,0.7584324512380499
939,2.0045564238966773,1.0676916101795477,0.16711002480605544,0.01132233767302436,0.7584324512380499
940,2.0045564238966773,1.0676916101795477,0.16711002480605544,0.01132233767302436,0.7584324512380499
941,2.0045564238966773,1.0676916101795477,0.16711002480605544,0.01132233767302436,0.7584324512380499
942,2.0045564238966773,1.0676916101795477,0.16711002480605544,0.01132233767302436,0.7584324512380499
943,2.0045564238966773,1.0676916101795477,0.16711002480605544,0.01132233767302436,0.7584324512380499
944,2.0045564238966773,1.0676916101795477,0.16711002480605544,0.01132233767302436,0.7584324512380499
945,2.0045564238966773,1.0676916101795477,0.16711002480605544,0.01132233767302436,0.7584324512380499
946,2.0045564238966773,1.0676916101795477,0.16711002480605544,0.01132233767302436,0.7584324512380499
947,2.0045564238966773,1.0676916101795477,0.16711002480605544,0.01132233767302436,0.7584324512380499
948,2.0045564238966773,1.0676916101795477,0.16711002480605544,0.01132233767302436,0.7584324512380499
949,2.0045564238966773,1.0676916101795477,0.16711002480605544,0.01132233767302436,0.7584324512380499
950,2.0045564238966773,1.0676916101795477,0.16711002480605544,0.01132233767302436,0.7584324512380499
951,2.0045564238966773,1.0676916101795477,0.16711002480605544,0.01132233767302436,0.7584324512380499
952,2.0045564238966773,1.0676916101795477,0.16711002480605544,0.01132233767302436,0.7584324512380499
953,2.0045564238966773,1.0676916101795477,0.16711002480605544,0.01132233767302436,0.7584324512380499
954,2.0045564238966773,1.0676916101795477,0.16711002480605544,0.01132233767302436,0.7584324512380499
955,2.0045564238966773,1.0676916101795477,0.16711002480605544,0.01132233767302436,0.7584324512380499
956,2.0045564238966773,1.0676916101795477,0.16711002480605544,0.01132233767302436,0.7584324512380499
957,2.0045564238966773,1.0676916101795477,0.16711002480605544,0.01132233767302436,0.7584324512380499
958,2.0045564238966773,1.0676916101795477,0.16711002480605544,0.01132233767302436,0.7584324512380499
959,2.0045564238966773,1.0676916101795477,0.16711002480605544,0.01132233767302436,0.7584324512380499
960,2.0045564238966773,1.0676916101795477,0.16711002480605544,0.01132233767302436,0.7584324512380499
961,2.0045564238966773,1.0676916101795477,0.16711002480605544,0.01132233767302436,0.7584324512380499
962,2.0045564238966773,1.0676916101795477,0.16711002480605544,0.01132233767302436,0.7584324512380499
963,2.0045564238966773,1.0676916101795477,0.16711002480605544,0.01132233767302436,0.7584324512380499
964,2.0045564238966773,1.0676916101795477,0.16711002480605544,0.01132233767302436,0.7584324512380499
965,2.0045564238966773,1.0676916101795477,0.16711002480605544,0.01132233767302436,0.7584324512380499
966,2.0045564238966773,1.0676916101795477,0.16711002480605544,0.01132233767302436,0.7584324512380499
967,2.0045564238966773,1.0676916101795477,0.16711002480605544,0.01132233767302436,0.7584324512380499
968,2.0045564238966773,1.0676916101795477,0.16711002480605544,0.01132233767302436,0.7584324512380499
969,2.0045564238966773,1.0676916101795477,0.16711002480605544,0.01132233767302436,0.7584324512380499
970,2.0045564238966773,1.0676916101795477,0.16711002480605544,0.01132233767302436,0.7584324512380499
971,2.0045564238966773,1.0676916101795477,0.16711002480605544,0.01132233767302436,0.7584324512380499
972,2.0045564238966773,1.0676916101795477,0.16711002480605544,0.01132233767302436,0.7584324512380499
973,2.0045564238966773,1.0676916101795477,0.16711002480605544,0.01132233767302436,0.7584324512380499
974,2.0045564238966773,1.0676916101795477,0.16711002480605544,0.01132233767302436,0.7584324512380499
975,2.0045564238966773,1.0676916101795477,0.16711002480605544,0.01132233767302436,0.7584324512380499
976,2.0045564238966773,1.0676916101795477,0.16711002480605544,0.01132233767302436,0.7584324512380499
977,2.0045564238966773,1.0676916101795477,0.16711002480605544,0.01132233767302436,0.7584324512380499
978,2.0045564238966773,1.0676916101795477,0.16711002480605544,0.01132233767302436,0.7584324512380499
979,2.0045564238966773,1.0676916101795477,0.16711002480605544,0.01132233767302436,0.7584324512380499
980,2.0045564238966773,1.0676916101795477,0.16711002480605544,0.01132233767302436,0.7584324512380499
981,2.0045564238966773,1.0676916101795477,0.16711002480605544,0.01132233767302436,0.7584324512380499
982,2.0045564238966773,1.0676916101795477,0.16711002480605544,0.01132233767302436,0.7584324512380499
983,2.0045564238966773,1.0676916101795477,0.16711002480605544,0.01132233767302436,0.7584324512380499
984,2.0045564238966773,1.0676916101795477,0.16711002480605544,0.01132233767302436,0.7584324512380499
985,2.0045564238966773,1.0676916101795477,0.16711002480605544,0.01132233767302436,0.7584324512380499
986,2.0045564238966773,1.0676916101795477,0.16711002480605544,0.01132233767302436,0.7584324512380499
987,2.0045564238966773,1.0676916101795477,0.16711002480605544,0.01132233767302436,0.7584324512380499
988,2.0045564238966773,1.0676916101795477,0.16711002480605544,0.01132233767302436,0.7584324512380499
989,2.0045564238966773,1.0676916101795477,0.16711002480605544,0.01132233767302436,0.7584324512380499
990,2.0045564238966773,1.0676916101795477,0.16711002480605544,0.01132233767302436,0.7584324512380499
991,2.0045564238966773,1.0676916101795477,0.16711002480605544,0.01132233767302436,0.7584324512380499
992,2.0045564238966773,1.0676916101795477,0.16711002480605544,0.01132233767302436,0.7584324512380499
993,2.0045564238966773,1.0676916101795477,0.16711002480605544,0.01132233767302436,0.7584324512380499
994,2.0045564238966773,1.0676916101795477,0.16711002480605544,0.01132233767302436,0.7584324512380499
995,2.0045564238966773,1.0676916101795477,0.16711002480605544,0.01132233767302436,0.7584324512380499
996,2.0045564238966773,1.0676916101795477,0.16711002480605544,0.01132233767302436,0.7584324512380499
997,2.0045564238966773,1.0676916101795477,0.16711002480605544,0.01132233767302436,0.7584324512380499
998,2.0045564238966773,1.0676916101795477,0.16711002480605544,0.01132233767302436,0.7584324512380499
999,2.0045564238966773,1.0676916101795477,0.16711002480605544,0.01132233767302436,0.7584324512380499
1000,2.0045564238966773,1.0676916101795477,0.16711002480605544,0.01132233767302436,0.7584324512380499
