step,total,pde,ic,inlet,outlet
1,1.3667406523664583,0.09955300148750647,0.6839272426731489,0.06384549690573049,0.5194149113000726
2,1.3667406523664583,0.09955300148750647,0.6839272426731489,0.06384549690573049,0.5194149113000726
3,1.2974477487755562,0.0941497329120587,0.6511129927708429,0.06933183703896607,0.4828531860536886
4,1.2219106768976462,0.0934344348054514,0.614008323789067,0.07739201414522322,0.4370759041579045
5,1.139665613933676,0.08890052476331314,0.5728840904779738,0.0857843678075561,0.392096630884833
6,1.051277051485527,0.08079276646986107,0.52756850382626,0.09456262610860401,0.34835315508080184
7,0.9582233730543352,0.0708094579338951,0.47827147726730546,0.10423009272314876,0.3049123451299859
8,0.8627706596566408,0.0603297279813574,0.42528838606079356,0.11543534811245178,0.26171719750203803
9,0.7680713668654556,0.0503141252834621,0.36937180651766494,0.12852866971476143,0.21985676534956722
10,0.6780941734910414,0.04156206540627152,0.31181722713691973,0.14353607615442854,0.1811788047934216
11,0.5971666194484274,0.03495506232658234,0.2545744538880496,0.16011213535341628,0.1475249678803792
12,0.5290059825639397,0.03143504299105867,0.20028832822259537,0.1777185795790482,0.11956403177123748
13,0.4756013607304075,0.03105341620823689,0.15181360714382278,0.19547021456073313,0.09726412281761465
14,0.436732139763559,0.03309191428479011,0.1115585411953736,0.2121672119449557,0.07991447233843962
15,0.4100079851267987,0.036485521842499785,0.08075921808101867,0.22635117617036468,0.06641206903291559
16,0.3915806419459206,0.04015478172131706,0.05891507324527962,0.23677542263490975,0.055735364344414215
17,0.3774711136337834,0.04323667930698198,0.044225201647559054,0.2428739640048688,0.04713526867437359
18,0.36464755151281963,0.04521599483451632,0.034619607210597876,0.24469529809344623,0.04011665137425917
19,0.35133411931114605,0.04594139995021328,0.028421816465121444,0.24262706561490352,0.034343837280907806
20,0.33676787932447383,0.04552432070202824,0.02448225821902628,0.23719276028943587,0.029568540113983445
21,0.32081626087712617,0.0442403749466554,0.022077992858721,0.22888353121989505,0.025614361851854717
22,0.30367580216173934,0.04242377422577355,0.02077393994904109,0.21812629585824067,0.02235179212868404
23,0.28570120722023873,0.040373601611615594,0.020314779895812242,0.20534178310050485,0.019671042612306035
24,0.2673236411099276,0.03831598899410046,0.020556118287991473,0.19097849209781773,0.01747304173001795
25,0.2490087441960717,0.03640762259541225,0.02142235992430899,0.17550881188201223,0.015669949794338216
26,0.2312275275680723,0.03475044959509191,0.022879274822848635,0.1594118979595411,0.01418590519059066
27,0.21442954869719996,0.03340317399737537,0.02491355934183103,0.1431570006618104,0.012955814696183171
28,0.19901414754809527,0.03238823444137771,0.02751497428630049,0.12718776107762259,0.011923177742794505
29,0.18529893882251613,0.0316963256142603,0.030658726209877547,0.1119060128511083,0.011037874147269975
30,0.17348805558855548,0.031290825478468634,0.03428798182165602,0.09765453067653139,0.010254717611899404
31,0.16364691341243967,0.031114341121420037,0.03830034150499388,0.08469835520215784,0.00953387558386789
32,0.1556950373351169,0.0310980012135091,0.0425454548374269,0.07320852131303544,0.008843059971145468
33,0.14942526090799535,0.03117365073013346,0.046835413229542745,0.0632566085994942,0.008159588348824976
34,0.1445436565379449,0.031287883249501686,0.050960898778409876,0.054823364113205514,0.007471510396827834
35,0.14071634588163245,0.03141094850549041,0.05470912629297449,0.047818707557275374,0.006777563525892183
36,0.13761142416229027,0.031535335325665215,0.05788286198300969,0.0421079176089072,0.006085309244708182
37,0.13492954785779362,0.03166692896984325,0.06031790686308589,0.037536961690451016,0.005407750334413459
38,0.1324224376604027,0.03181478798704314,0.06189628272075544,0.03395175644074282,0.004759610511861321
39,0.12990150803068065,0.03198337381486908,0.06255367809815883,0.031210179360501425,0.00415427675715133
40,0.127239238952239,0.032168304750653014,0.06228100990452954,0.02918808598155224,0.003601838315504176
41,0.12436546698757367,0.032355320449736186,0.0611208321940117,0.027781068056200144,0.00310824628762562
42,0.1212604551910534,0.03252174873872145,0.05915995111228622,0.02690336928401158,0.0026753860560341687
43,0.11794638699667576,0.032639832008457575,0.05651983623603443,0.026484970396899805,0.002301748355283954
44,0.11447839594218925,0.032681344193615285,0.05334621246597897,0.026467454714217627,0.0019833845683773776
45,0.1109353826001843,0.03262279326069803,0.049798796168933526,0.026798901285160406,0.0017148918853923385
46,0.10741023310656163,0.03245040659999583,0.0460416046039275,0.02742796828798338,0.0014902536146549192
47,0.1039990704716546,0.03216418642229934,0.042233817227172316,0.028297620242272194,0.0013034465799107494
48,0.10078974458464246,0.03178032826377759,0.03852117917324864,0.02933942498053008,0.0011488121670861556
49,0.09785062207805587,0.03133119078102816,0.03502847009775991,0.03046971397494576,0.001021247224322037
50,0.09522155620020915,0.03086220512850816,0.03185399766743291,0.031589073485845894,0.0009162799184222007
51,0.09290938382806276,0.03042577574468178,0.029066833060601063,0.032586704897196,0.0008300701255839091
52,0.09088985775571515,0.03007299506254417,0.026706984828830577,0.033350517916435465,0.0007593599479049386
53,0.08911608253595787,0.029844548431855435,0.024788275571145903,0.03378185968813987,0.0007013988448166605
54,0.08753089474676619,0.02976242592044162,0.023303189252803464,0.0338114175636821,0.0006538620098390054
55,0.08607880245478065,0.029824030284116433,0.022228552028752797,0.03341144660406572,0.0006147735378457064
56,0.08471360526333857,0.03000017712717653,0.021530838403116905,0.032600147961954214,0.0005824417710909236
57,0.08340073011254585,0.030238391267372388,0.02117022754527564,0.03143669982526928,0.0005554114746285535
58,0.08211653096254695,0.03047215730216106,0.021103085080254328,0.030008855683229013,0.0005324328969025583
59,0.08084756358074435,0.030634572361407306,0.021282974759509847,0.028417572736828926,0.0005124437229982783
60,0.07959083062490392,0.03067235922219035,0.021660556215451897,0.026763354154930894,0.0004945610323307747
61,0.07835391849965508,0.03055603350165883,0.022182939464790788,0.0251368649153783,0.0004780806178271622
62,0.07715375047098856,0.030284146072000577,0.02279323681658511,0.02361389019693753,0.0004624773854653442
63,0.0760135923166562,0.02988160468563107,0.02343109539571713,0.022253490933685675,0.00044740130162234276
64,0.07495871253499217,0.02939306620567975,0.024034840430316146,0.02109813808634587,0.00043266781265042056
65,0.07401136883738603,0.028872761698631826,0.024545467048070226,0.020174896355383526,0.00041824373530046196
66,0.073185711924278,0.028372425749018146,0.024912066926842547,0.01949699066215104,0.00040422858626626353
67,0.07248299097581504,0.027929335588817546,0.025097602113797052,0.019065222610818437,0.0003908306623819845
68,0.07188752851284726,0.02755678054477492,0.02508359811070236,0.018868812610901384,0.0003783372464685925
69,0.07136470459409962,0.027239593235231178,0.02487242001863823,0.018885613716352532,0.00036707762387768237
70,0.07086321646791922,0.026937270674220023,0.02448631179464812,0.019082253980250152,0.00035738001880093056
71,0.07032340639122248,0.026595505650865763,0.023963222140763574,0.01941514924499843,0.00034952935459469655
72,0.0696904273114923,0.026163198977780328,0.02335046482182667,0.019833026944535138,0.00034373656735016606
73,0.06892757735460062,0.02560868428163452,0.02269795921635886,0.02028080594609052,0.00034012791051670795
74,0.06802470996836382,0.02492921670091261,0.022052611812148574,0.02070412763337915,0.0003387538219235022
75,0.06699964499471313,0.02415155470869235,0.02145451040544862,0.021053972578577017,0.0003396073019951435
76,0.06589379389754994,0.02332523367530993,0.02093477553890137,0.021291145534008765,0.0003426391493298757
77,0.06476417997649773,0.022511446323535755,0.02051456979042606,0.021390402364715694,0.0003477614978202373
78,0.06367321195427293,0.021769870543243582,0.020204762316588246,0.021343743101899668,0.0003548359925414369
79,0.0626767087793285,0.021144950482533377,0.02000589056945389,0.02116222166336883,0.00036364606397240194
80,0.06181088796490269,0.02065311496302048,0.019908340667489262,0.020875575779766266,0.0003738565546266818
81,0.0610807119132651,0.020273641801861704,0.019893112162780238,0.020528985396632376,0.00038497255199078205
82,0.06045461498578568,0.019947806029249116,0.01993395516075199,0.020176531245146425,0.0003963225506381507
83,0.05987154951552079,0.019590913904092396,0.020001487697809087,0.019872051991056235,0.0004070959225630638
84,0.0592615047868336,0.019116377052887212,0.02006872384458714,0.01965996217953109,0.00041644170982814925
85,0.05857145770198138,0.018462503343466566,0.020116223225464497,0.019569135703031863,0.00042359543001845604
86,0.05778427612381822,0.017610226037700676,0.020135294240617847,0.019610770047765666,0.00042798579773402763
87,0.056923150052290435,0.016586394928472168,0.02012900118432109,0.01977845796702789,0.0004292959724692869
88,0.05604204956834362,0.01545480749853682,0.020111606651993817,0.020048154335310483,0.000427481082502496
89,0.055206764618911074,0.014299890302172925,0.020107002919203792,0.02037711950656831,0.00042275189096604564
90,0.05447177206011211,0.01320714086263168,0.020146072931394695,0.02070302879298039,0.0004155294731053445
91,0.053859025570692796,0.012243635970842213,0.02026223240247945,0.020946785678615066,0.0004063715187560621
92,0.05334725082363422,0.011443090486052226,0.020484170068333744,0.021024117278343312,0.00039587299090493907
93,0.05288070620126144,0.010802061119802236,0.020825897152555645,0.02086819570211181,0.0003845522267917452
94,0.05239688174423366,0.010291602774671348,0.02127678424802692,0.020455747139475153,0.00037274758206024894
95,0.05185619913105763,0.00987874099986847,0.021795908933760776,0.019820989504949996,0.0003605596924783891
96,0.05125396663874923,0.009544179809633272,0.022313392043247476,0.019048535009217778,0.00034785977665070897
97,0.050611465641517916,0.009286951525538554,0.022738866897225672,0.018251294757408543,0.0003343524613451495
98,0.04995797678588843,0.009116382567196483,0.022976480066629668,0.01754544325234637,0.000319670899715914
99,0.04931640555750413,0.009037343943193948,0.022944900062768128,0.01703066896913567,0.00030349258240638363
100,0.04869839046938068,0.009036565496423088,0.022598149422229194,0.01677801034547171,0.00028566520525669223
101,0.048108243593817886,0.009077936422010408,0.021941002223619124,0.01682298958453929,0.0002663153636490658
102,0.047550866522935546,0.009111812278326803,0.021033771619197318,0.01715938500400138,0.0002458976214100525
103,0.04720499063185297,0.009083624122420253,0.020531523706392687,0.017356838643970997,0.00023300415906903364
104,0.046853101380182186,0.00900457488052031,0.019968310165901244,0.017660441669495156,0.00021977466426547496
105,0.04649413825128978,0.00887034323330416,0.019392509602761013,0.018024731490995358,0.00020655392422924682
106,0.04613213408913043,0.008695421611480042,0.01885809471275758,0.01838489964227232,0.000193718122620496
107,0.04577105396727588,0.008507932307764832,0.018417895813497353,0.018663601393704685,0.00018162445230900622
108,0.04541123170470199,0.008340099615291467,0.018116084819529067,0.018784481865593262,0.00017056540428819224
109,0.04505055057781584,0.008218196953610197,0.01798094790220047,0.018690668293748183,0.00016073742825698314
110,0.04468914755208301,0.008155712262368744,0.018019739586051464,0.018361463800509552,0.00015223190315325223
111,0.044332949976678894,0.008151592609176514,0.01821640313408806,0.017819906296401233,0.0001450479370130851
112,0.043992137848710824,0.00819279870005497,0.01853143724742411,0.01712878516695255,0.00013911673427919154
113,0.04367460813915922,0.00825892389623349,0.01890371283479389,0.016377646056652696,0.00013432535147915226
114,0.04337861961357418,0.008326902722303464,0.01925603713648798,0.015665146037947563,0.0001305337168351693
115,0.04309047139947838,0.008374888771505506,0.019506721317329064,0.015081274512349899,0.00012758679829390755
116,0.04279046974211295,0.008385119508529321,0.01958635609938582,0.014693665994519654,0.00012532813967815187
117,0.042464457796192505,0.008345789654562027,0.019454388251921927,0.014540662195745919,0.00012361769396263428
118,0.042113562389213356,0.00825202034028605,0.019108547931926546,0.014630644861387859,0.00012234925561290484
119,0.04175586491268337,0.008106265152553409,0.018584430230689956,0.014943708550283723,0.00012146097915627957
120,0.041418840464499944,0.007918553153509431,0.01794809205642838,0.015431258415469483,0.00012093683909265116
121,0.04112583419981515,0.007706363365420797,0.017285416424785847,0.01601325540786844,0.00012079900174007002
122,0.04088273331651818,0.007493059090255652,0.016689298097601835,0.01657928761850684,0.00012108851015384677
123,0.04067331248980236,0.007303561998248657,0.016243780560922766,0.017004140434450827,0.0001218294961801068
124,0.040469463761077455,0.007157498131605827,0.01600677964987735,0.01718220687806633,0.00012297910152795486
125,0.04025066756254442,0.00706307462358581,0.015998256823350217,0.017064954437692688,0.00012438167791570023
126,0.04001629882379463,0.007015428476133721,0.016198797321542256,0.016676320991328722,0.0001257520347899341
127,0.039781319733170645,0.00699979460199988,0.01655499867527055,0.01609982535299248,0.0001267011029077323
128,0.0395614672866083,0.006997292660664514,0.016986814561503017,0.01545055314809988,0.0001268069163408944
129,0.03936024350358893,0.006990930799959346,0.01739801317253095,0.014845577127882741,0.00012572240321589434
130,0.03916612426513113,0.006969643631652894,0.017693586566306936,0.014379607537018686,0.00012328653015261225
131,0.03896054506951965,0.00692900459148071,0.017802699070562717,0.014109257589673886,0.00011958381780233965
132,0.038729858169751545,0.006869498535856347,0.017697550272784475,0.014047895469288725,0.00011491389182199776
133,0.03847282189487014,0.0067952827905159085,0.017398317841205758,0.01416953330055343,0.00010968796259504117
134,0.0382004779225014,0.006715422003794268,0.016963436101216645,0.014417310682200953,0.00010430913528953265
135,0.03793081667078332,0.006645843308585293,0.016471640743772553,0.014714248769301184,9.908384912428716e-05
136,0.03768165350958043,0.006607331588822937,0.016002532031823984,0.014977610022090162,9.417986684334956e-05
137,0.037463570361654146,0.006616210465484078,0.015620190880235021,0.015137543141311141,8.962587462390115e-05
138,0.03727411540837591,0.0066707400522805,0.015362694784552992,0.015155335317976904,8.534525356551924e-05
139,0.03709711424715697,0.006744762156013414,0.01523906748154783,0.015032063450742426,8.122115885329484e-05
140,0.03691266027627269,0.006800134393978338,0.015233611512970464,0.01480173488640897,7.717948291491788e-05
141,0.036712791173349114,0.006810248424014517,0.015315074284748313,0.014514222489710068,7.324597487621164e-05
142,0.03650620630070836,0.006771142619694885,0.015446382655424128,0.014219139969846592,6.954105574275915e-05
143,0.036306696806413255,0.006692551233007025,0.015592293453768941,0.013955623472805778,6.622864683150579e-05
144,0.036117749679679144,0.006582381681646042,0.015724422904752663,0.013747490747630946,6.345434564948938e-05
145,0.035928452535781745,0.006440298918853325,0.015823218270920494,0.013603640752889709,6.129459311821946e-05
146,0.035725366581351066,0.006265295418966078,0.01587656517847528,0.013523775786919575,5.973019699013578e-05
147,0.035508932951333665,0.0060675393479115765,0.015876524834301874,0.013506222228740218,5.864654037999477e-05
148,0.03529652684526916,0.005869419420488148,0.01581729487834751,0.01355196490654887,5.7847639884637387e-05
149,0.035107379660057864,0.005692151719485246,0.015696983992601422,0.013661166194199428,5.707775377176921e-05
150,0.03494381317134147,0.005541548690290736,0.015523694084193776,0.013822501967771926,5.606842908503498e-05
151,0.03478911669520062,0.00541133198771446,0.015322617735642724,0.014000539291228865,5.462768061457582e-05
152,0.03462495862542855,0.005303024645881864,0.015135924697182992,0.01413328330791698,5.272597444671521e-05
153,0.034447403221369306,0.005237068798769796,0.015009298122545707,0.014150540181230934,5.049611882286294e-05
154,0.034266225103232156,0.005239745511984916,0.014970479084849376,0.014007852203357263,4.814830304060298e-05
155,0.03409424118805438,0.005319977622921591,0.015011219658238569,0.013717168633597388,4.587527329683589e-05
156,0.03393837635606436,0.005458135423677714,0.01508075455295985,0.013355688836887038,4.379754253975136e-05
157,0.03379637978426385,0.005613607833968977,0.015097398184045216,0.013043417680041169,4.195608620848725e-05
158,0.033659688370266054,0.005741543928374212,0.014983709769737405,0.012894093009250384,4.0341662904058664e-05
159,0.033522791546674244,0.005808065943621657,0.01471320341145489,0.01296258241250708,3.8939779090615644e-05
160,0.03338916225145552,0.005799790948370002,0.014335484462819714,0.01321612320009067,3.776364017513576e-05
161,0.03326231476514219,0.0057271032098945105,0.013961944020269653,0.013536411180680668,3.685635429735451e-05
162,0.0331329552186726,0.005618652830426399,0.013720299848148742,0.013757739038045492,3.626350205196289e-05
163,0.032986224030793,0.005504468781157864,0.013696219492346434,0.013749542365527749,3.599339176095381e-05
164,0.03282374797524779,0.005397202323146181,0.013893061697491209,0.013497492181688438,3.5991772921967424e-05
165,0.032664982098540386,0.005288241929711663,0.014230222836974895,0.013110371753266811,3.6145578587019665e-05
166,0.03252392343527987,0.005161355175021494,0.014573252239879406,0.012753003187521404,3.631283285756324e-05
167,0.0323953939419308,0.005011676743157192,0.014791174164920193,0.012556169707110683,3.637332674272749e-05
168,0.0322653711665238,0.0048531233583470985,0.014820083063069645,0.012555893103392377,3.627164171467903e-05
169,0.03212527798772037,0.004711591372162333,0.01468498634550778,0.01269268775407016,3.601251598010042e-05
170,0.031976779197065285,0.00461704245473879,0.01446751627216472,0.012856603368960298,3.561710120147418e-05
171,0.03182809308183289,0.004592767063606951,0.014251358484564396,0.012948882906290505,3.5084627371038276e-05
172,0.0316844285874036,0.00463585914112907,0.01408041483955325,0.012933765315388139,3.438929133313875e-05
173,0.03154240303049888,0.004711384121004046,0.01395345430708606,0.012844047159791401,3.351744261737324e-05
174,0.03139976307583949,0.004781985627252437,0.01385435511689303,0.012730901806691236,3.252052500278277e-05
175,0.03126358330982626,0.004835512561445664,0.013782153750612446,0.012614389872524005,3.152712524414747e-05
176,0.031135830120297317,0.004869770560813074,0.013746934803863712,0.0124884362170189,3.068853860162841e-05
177,0.031005885045192808,0.00487158288319486,0.013739873817435114,0.012364332250144836,3.009609441799866e-05
178,0.030869432081699837,0.004826989480226189,0.013718043433541943,0.012294662651570802,2.9736516360901267e-05
179,0.030737387888062826,0.00473591297984863,0.013630373976840452,0.012341589054853325,2.9511876520416726e-05
180,0.03062131249316141,0.004612803535737111,0.013467114910835432,0.012512102163997113,2.9291882591752173e-05
181,0.030519870024234994,0.004490591602364403,0.013291664014373431,0.012708639805755229,2.8974601741929387e-05
182,0.030417888471933684,0.004416532118958418,0.013207359191597875,0.012765474718346551,2.8522443030841185e-05
183,0.03030259903567297,0.00441796551444267,0.013261315201512709,0.012595379559643223,2.7938760074370263e-05
184,0.030178410251850432,0.004477048233055986,0.013389074461551994,0.012285059530056971,2.7228027185479742e-05
185,0.03005220760139676,0.004543000312987814,0.013457248515700843,0.01202555811759155,2.640065511655339e-05
186,0.029922424694042982,0.004566685548661451,0.013371509624627772,0.011958719878451225,2.5509642302534577e-05
187,0.029791099989405122,0.004533514305068558,0.013170284160664989,0.012062642642350062,2.4658881321512284e-05
188,0.029660817104288,0.004461053565014339,0.012995811865939596,0.01218000209375314,2.3949579580926042e-05
189,0.029525751996822284,0.004365531254749668,0.012966271391835272,0.012170541658508614,2.340769172872987e-05
190,0.029381012315424598,0.004236366389444653,0.01308144069112002,0.01204023908704841,2.2966147811515947e-05
191,0.02923127966090293,0.004061770642176018,0.013253103667338138,0.011893878059043054,2.2527292345718603e-05
192,0.029089808308762125,0.003869494501874196,0.013400086271215922,0.011798186009381812,2.2041526290195053e-05
193,0.028958909299530083,0.0037107932085243523,0.013493999183598615,0.011732595987166054,2.1520920241064652e-05
194,0.028825251752810154,0.0036155312410915802,0.013515850361654732,0.011672894117365178,2.0976032698666485e-05
195,0.028687068065531052,0.0035801664351498164,0.01341375117227072,0.011672783902641353,2.0366555469165023e-05
196,0.028551212110948056,0.003581163220797806,0.013173323374680072,0.011777063208910098,1.9662306560078655e-05
197,0.02842192411285853,0.0036078852702510484,0.012906472504336939,0.01188863516273073,1.8931175539811645e-05
198,0.02829649894702988,0.0036686209865771867,0.012781791292464966,0.011827774445351458,1.8312222636268562e-05
199,0.028169632312673457,0.003736474823373947,0.01283156850248123,0.011583695381861105,1.7893604957174175e-05
200,0.02803756632381952,0.0037371485835490073,0.0128948012680681,0.011387956479974145,1.7659992228268605e-05
201,0.027894872745973284,0.0036314392585140376,0.012826959221603937,0.011418907080679663,1.7567185175646324e-05
202,0.027751914173339106,0.0034776209306582144,0.012692986226388078,0.011563701569070443,1.7605447222369382e-05
203,0.02764934009088698,0.0034078276263364757,0.012601846771294983,0.01162200491757971,1.7660775675812535e-05
204,0.0275487952241501,0.0033736223108612653,0.012583945047825092,0.011573530007054625,1.769785840911487e-05
205,0.027442767559675472,0.003349301305912595,0.012583536026258932,0.011492292574123096,1.7637653380851136e-05
206,0.02734077188003347,0.0033492803381044768,0.012588489941137796,0.011385493709000525,1.7507891790670834e-05
207,0.027245755565305306,0.0033860565302127658,0.01259664699428731,0.01124565678861299,1.7395252192240627e-05
208,0.027148366992880917,0.0034202666623294777,0.012531077410846636,0.011179690274980971,1.7332644723832704e-05
209,0.027049169540282064,0.003407575015207388,0.012326053755731271,0.011298251509029873,1.7289260313529802e-05
210,0.026955416171907207,0.0033555692823178797,0.01207494137261415,0.011507668747194569,1.7236769780606204e-05
211,0.026861623780791554,0.0033165836728951807,0.011965319288582802,0.011562542824201143,1.7177995112425375e-05
212,0.026764941727628506,0.0033146637596296576,0.012032922195641914,0.011400257837585692,1.70979347712444e-05
213,0.026673891951224347,0.003317599847504744,0.012105810595066716,0.011233529471882532,1.695203677035479e-05
214,0.026582472309565643,0.0032998271544857393,0.012036431442109993,0.011229465609276162,1.674810369374939e-05
215,0.02648270996763483,0.0032836795470562027,0.011873432396156226,0.011309048115460784,1.654990896161483e-05
216,0.026381993872747343,0.0032913690376062425,0.011717524019698297,0.011356734967546725,1.6365847896082115e-05
217,0.02628368412043925,0.0032939293528462124,0.01159393493731634,0.011379697221659858,1.6122608616841606e-05
218,0.026181635357049007,0.003272202070801561,0.011544509517045675,0.011349128983986828,1.5794785214946115e-05
219,0.02608185726031443,0.003258135066273944,0.011629467576604111,0.011178794461632075,1.5460155804303352e-05
220,0.02598648258247537,0.003231482090010893,0.011741245842703554,0.010998603878184332,1.51507715765905e-05
221,0.025888322698767195,0.003147247223024248,0.011701480545044572,0.011024772403814465,1.4822526883909626e-05
222,0.025791582792615113,0.003052518699312817,0.011566770022027129,0.011157845032781718,1.4449038493452544e-05
223,0.025695552981110592,0.003016451653456731,0.011497292304389659,0.011167805356297985,1.4003666966215687e-05
224,0.02559411822225279,0.003021364790130288,0.011478472111815803,0.011080838913970863,1.3442406335834498e-05
225,0.02549536074650803,0.003037208992841091,0.011440287314861622,0.011005041210946915,1.2823227858400755e-05
226,0.025400100481785426,0.0030535260529531527,0.011378691173089699,0.010955609417257064,1.2273838485511635e-05
227,0.025301402625752683,0.0030308449239520668,0.01126675611669336,0.01099196499995339,1.1836585153869075e-05
228,0.025203648603613567,0.002958171197358904,0.011133557316336244,0.011100442253005502,1.1477836912916285e-05
229,0.025104235915203464,0.0028860811886890518,0.011116946181868896,0.011090047058059762,1.116148658575469e-05
230,0.025003714810933185,0.002844669486640219,0.011219521685265839,0.010928665203077,1.0858435950124665e-05
231,0.024908366968433123,0.0028121192609430324,0.011263255113219591,0.010822433411704888,1.0559182565612594e-05
232,0.024811212593037195,0.002783031530880871,0.011173921934891353,0.01084397062648476,1.0288500780213584e-05
233,0.024714906026168177,0.0027770804730893385,0.01103467952165161,0.010893107867648258,1.0038163778969568e-05
234,0.024617479216520854,0.002769666612703531,0.010907113235069718,0.010930957753887891,9.741614859711052e-06
235,0.02451382652905409,0.002768830164742126,0.010889031442383,0.010846551227869754,9.413694059210486e-06
236,0.024410383074056404,0.0027553685812232334,0.010905514512177581,0.01074038941712828,9.11056352731093e-06
237,0.02430350832476357,0.002684878603167236,0.010803981949624293,0.0108057994886346,8.848283337441815e-06
238,0.024196639019373408,0.0026404371610639146,0.010729063935808842,0.010818506302966258,8.631619534395886e-06
239,0.024086912325959744,0.002597787103334183,0.010651313794434958,0.010829431573898459,8.379854292141955e-06
240,0.023976494498064105,0.002595676229108909,0.010675777788944279,0.010696907688674066,8.132791336851274e-06
241,0.02386935128165851,0.0025739861344201862,0.010667881856427608,0.010619551824074813,7.931466735902545e-06
242,0.023761033420726038,0.002500348058851022,0.010567432669300119,0.010685469292061087,7.783400513811411e-06
243,0.02365481642991867,0.0024672015195635467,0.01056187031449883,0.01061808221351224,7.662382344051961e-06
244,0.023545742053793572,0.002400570603283094,0.01046383206262862,0.01067388881374877,7.450574133088573e-06
245,0.023437314229645442,0.0024672171904890957,0.010559740284063443,0.010403084215344782,7.272539748123211e-06
246,0.023326643219137674,0.002360245155167444,0.010224984272803049,0.010734378053495273,7.035737671907027e-06
247,0.02321713335735339,0.0024769234649951056,0.010372983258980872,0.010360291440918962,6.935192458451445e-06
248,0.02310419270728653,0.002281388747989633,0.010003215731479134,0.010812932359041436,6.655868776330598e-06
249,0.02298584017261262,0.0023733788163228034,0.010343068950416794,0.010262850787996502,6.5416178765201174e-06
250,0.022869499191618722,0.002255151091881667,0.010267182382580894,0.01034082087126421,6.344845891950682e-06
251,0.022759170930879567,0.00211869040212458,0.010069575894447935,0.010564782750567483,6.121883739570462e-06
252,0.022644998033036875,0.002221664141333194,0.01028795094520547,0.010129430311254623,5.952635243586613e-06
253,0.02252307435024348,0.0021285913614187513,0.010020735422808989,0.010368139101765884,5.608464249853163e-06
254,0.02240537721032914,0.0021491215285338204,0.009958870254438913,0.010292055705106891,5.329722249515089e-06
255,0.022290582305174302,0.0022091448534067365,0.010017066041924285,0.010059255220140098,5.116189703179423e-06
256,0.02217405286507621,0.0020224311180721192,0.009664355250003746,0.010482433427894252,4.833069106091366e-06
257,0.02205007201050444,0.002081377281255816,0.00992166434272706,0.01004238339268476,4.646993836805035e-06
258,0.021931333450605845,0.002036716837359587,0.009923030298084985,0.009967156342320066,4.429972841207934e-06
259,0.02181608880757475,0.001923382257579008,0.00967733447908485,0.010211148986950871,4.223083960021672e-06
260,0.021700125629902846,0.0020305654368234422,0.009861327717602977,0.009804132810028982,4.099665447447864e-06
261,0.021576797033096642,0.001915304657756493,0.009588499069631148,0.010069104812050655,3.888493658346744e-06
262,0.021456589642942617,0.0019363702214708009,0.009629146260924426,0.009887348694101645,3.72446644574269e-06
263,0.021340819754994318,0.0019851874406715446,0.009707783046964702,0.009644247054346853,3.602213011215095e-06
264,0.02122711662209536,0.001836290501874587,0.009325523561216312,0.01006185258815731,3.449970847147968e-06
265,0.021105338263304966,0.0019493097811254495,0.00957998018118982,0.009572686298172506,3.3620028171916727e-06
266,0.02098717122919694,0.0018971288452617851,0.009498296331192469,0.009588524712881191,3.2213398614940214e-06
267,0.020872950401466864,0.0018218003507878826,0.009395234781410659,0.009652819229287417,3.0960399809039166e-06
268,0.02076096710041776,0.001873443377274525,0.00960785729044464,0.009276662979010879,3.003453687718893e-06
269,0.020643039179239382,0.001721673238648777,0.009293997494605988,0.00962453550500925,2.832940975369036e-06
270,0.020522022251314106,0.0017976514348860438,0.009503369462284863,0.009218294516204453,2.7068379387487782e-06
271,0.020405180430195947,0.0017875496888783778,0.009434227320278762,0.009180821246892837,2.582174145974016e-06
272,0.020295205118706396,0.0016874567461363998,0.00915087005078947,0.009454416312880016,2.462008900511039e-06
273,0.02018399955697061,0.0017866412871936465,0.009493682037937698,0.008901290613038241,2.3856188010238186e-06
274,0.020070607833368878,0.001622207987757114,0.009192148777476036,0.009253985768132853,2.2653000028749087e-06
275,0.019954052837881632,0.0016724944727607967,0.009415271694846033,0.008864090509788519,2.1961604862830575e-06
276,0.019842302876964136,0.001638751919745881,0.009279404759629266,0.008922031527618618,2.114669970372563e-06
277,0.019736418305748828,0.0016007571787666592,0.009055037328919751,0.009078603465067852,2.020332994567772e-06
278,0.019637020370840506,0.0017313749792863562,0.009359395133165239,0.008544290029340184,1.9602290487257203e-06
279,0.019538412678057362,0.0015295244441364255,0.008884143875995227,0.00912285827942787,1.8860784978407798e-06
280,0.019426831165604244,0.0016207922006210107,0.009304427080723054,0.008499747266996104,1.864617264076124e-06
281,0.019317095867713685,0.001568865626246685,0.00919043497478783,0.008555988406903489,1.8068597756803653e-06
282,0.01923170948978881,0.0015274991536214188,0.008976463857662828,0.008725992154576272,1.7543239282892982e-06
283,0.01914636305181755,0.001653230924825002,0.009320779467274371,0.008170615268561813,1.7373911563654346e-06
284,0.01904753306442726,0.0014765327444910897,0.008858563485326657,0.008710753794097912,1.6830405116047357e-06
285,0.018944278766685668,0.0014994978688708297,0.009076411364203486,0.008366725117708354,1.6444159029975975e-06
286,0.018878372398431292,0.0015832730805422233,0.009353041965179597,0.007940436568797645,1.6207839118245902e-06
287,0.018801489934179468,0.001416385810942746,0.00881626005277117,0.008567255970186958,1.5881002785931774e-06
288,0.01870240628595211,0.0014867065289664782,0.009147465017067254,0.008066643523478146,1.5912164402312273e-06
289,0.01862424467391825,0.0015090619518844663,0.009261007803871837,0.007852615160411568,1.5597577503785845e-06
290,0.018576993788596195,0.0014030891036931074,0.008857005676505532,0.0083153867706882,1.5122377093553182e-06
291,0.01847808326934974,0.0014712583679062422,0.009269237983978332,0.007736072151924214,1.5147655409508506e-06
292,0.01840507129762934,0.0014285228380841075,0.00911796693710578,0.007857080025383942,1.5014970555084552e-06
293,0.018353175908966072,0.001375789212453362,0.008801343988158856,0.008174576277060384,1.4664312934674696e-06
294,0.01828484012546425,0.001489574219598995,0.00927266171020832,0.007521143295447988,1.4609002089474925e-06
295,0.018195974715706886,0.0013536215682862466,0.009067651201749573,0.0077732531149388,1.448830732263869e-06
296,0.01814923505141752,0.001287285048345484,0.008939052704945966,0.00792145708385686,1.4402142692077871e-06
297,0.018083991895875364,0.0013629699288873994,0.009260476716900714,0.0074591124258048085,1.432824282440435e-06
298,0.018012603096089118,0.0013243183742251035,0.009000502310049573,0.007686379411571605,1.4030002428385512e-06
299,0.017950644741003996,0.0013158691877332503,0.008896531218095603,0.007736848007600692,1.3963275744502937e-06
300,0.01790486196769334,0.0013622139018313868,0.009108555530848782,0.007432682029317647,1.4105056955228886e-06
301,0.0178416951784843,0.0012369855125276721,0.008786352410497378,0.007816965360417137,1.3918950421132872e-06
302,0.017772206622777325,0.001255853475697747,0.009005408464288631,0.0075095634473870635,1.3812354038809486e-06
303,0.017740577089564183,0.0012801972521523102,0.009035861576212086,0.007423143310496169,1.3749507036173938e-06
304,0.017706726891397514,0.0012287570694009796,0.008762151806402607,0.007714459439494084,1.3585760998413955e-06
305,0.017667991753126024,0.0012407598306648803,0.008786539593988106,0.007639345463266837,1.3468652062025565e-06
306,0.01763854228901857,0.0012796329152228623,0.00897337602068663,0.007384199014184691,1.3343389243858271e-06
307,0.017596451045486416,0.0011960181161337145,0.008813876354684183,0.007585246772708755,1.3098019597630396e-06
308,0.017561346609278678,0.0011604208173945588,0.008831687642316587,0.0075679390442372416,1.2991053302927772e-06
309,0.017529132933831328,0.0011935453646159,0.009016228818629861,0.007318058299675859,1.3004509097067556e-06
310,0.017485852600488086,0.001156930491187747,0.008796542804943085,0.007531092670500126,1.286633857126524e-06
311,0.017452370888099457,0.0011703914637675315,0.008638593046730696,0.007642118034955684,1.2683426455463072e-06
312,0.01741835120985542,0.0012446582953572457,0.008761239822131037,0.007411195879769308,1.2572125978281586e-06
313,0.01737607511736415,0.0011963133695800298,0.008621287768026103,0.007557232402695802,1.241577062215624e-06
314,0.017341103556326655,0.0011397979045069556,0.008567394545857868,0.007632675488045186,1.2356179166431943e-06
315,0.01730515597537669,0.0011508930184282744,0.008758883724928656,0.00739413986308258,1.2393689371766875e-06
316,0.017261576571488794,0.0011081266190620354,0.008636148472213367,0.00751607590831848,1.225571894915568e-06
317,0.017225453295281825,0.0011007352176991888,0.00849459154544201,0.007628922745803168,1.2037863374602668e-06
318,0.01718923888643404,0.0011592324971417696,0.008602889069450613,0.007425927151274035,1.1901685676224047e-06
319,0.017144620904641524,0.0011030084069461703,0.00845078053908195,0.007589659223053591,1.172735559812343e-06
320,0.01710676613596351,0.0010662787682862165,0.008433289354896348,0.007606036263635896,1.1617491450484275e-06
321,0.017070120588431065,0.0010869222140058575,0.008571697699902353,0.007410347729425876,1.1529450969809604e-06
322,0.017025870114943123,0.0010433560170501769,0.008403683753438635,0.007577698881658299,1.131462796011558e-06
323,0.016983385977783975,0.0010635697284819877,0.008402200966054764,0.007516496920022786,1.1183632244373218e-06
324,0.0169436328284295,0.0010837559883528523,0.008444275906858185,0.007414489967378287,1.1109658401755514e-06
325,0.01690440414094575,0.0010173706322840937,0.008257925217821134,0.007628014101336055,1.094189504469232e-06
326,0.01685895632529748,0.0010458767170700922,0.00840383886097136,0.007408160245328182,1.080501927846718e-06
327,0.016814226006866835,0.0010249547490159764,0.008315495837120622,0.007472720127500362,1.0552932298754666e-06
328,0.016774079424291714,0.0010120226678760177,0.008205503958390608,0.007555517257939053,1.0355400860334388e-06
329,0.01673298667789289,0.001055738189539171,0.008323167040090023,0.007353051661082444,1.029787181251731e-06
330,0.016692006425622588,0.0009756168412166289,0.008084220400213286,0.007631158721615134,1.0104625775368516e-06
331,0.016641311821155396,0.00101089292380026,0.00824725621114924,0.007382170381755762,9.923044501319619e-07
332,0.01659428477392081,0.0009757539259849952,0.00815947234387131,0.007458097038529693,9.614655348122709e-07
333,0.016552558657607748,0.0009435284081158418,0.00806536616577654,0.007542726554506959,9.375292084056294e-07
334,0.016511659432127346,0.0009837243653288503,0.008192000619463513,0.007335006647122651,9.278002123325379e-07
335,0.0164686180477888,0.0009030265114470815,0.007926376093143506,0.007638309568211145,9.058749870665323e-07
336,0.01641556190008044,0.0009523319835744772,0.00806834925280502,0.007393992664592895,8.879991080480088e-07
337,0.01636803140145629,0.0009237240739502858,0.007997892060125142,0.007445552861185071,8.624061957901986e-07
338,0.016325125785946824,0.0008735422396356237,0.007876068172979941,0.007574675852137023,8.395211942373356e-07
339,0.016284396669878444,0.0009315341205040296,0.008015831247586367,0.007336207949899239,8.233518888073025e-07
340,0.016236320846135407,0.0008558573312424799,0.007734768005042528,0.007644903598655719,7.919111946778991e-07
341,0.016184112121928187,0.0008995985901747123,0.007855852741144807,0.00742789301471681,7.677758918555529e-07
342,0.016135861947286004,0.0008662398914240656,0.00784880339464951,0.007420073775454066,7.448857583621447e-07
343,0.016094906535498152,0.0007947710590525655,0.007710253541225757,0.007589158991300161,7.229439196656996e-07
344,0.016049859219515756,0.0008703591155841023,0.007858811990671578,0.007319982516164004,7.055970960718085e-07
345,0.01600020595558398,0.0007994782759559284,0.007575240101695033,0.007624808141864864,6.794360681521609e-07
346,0.015946182285959298,0.0008241258611115368,0.007680708990957956,0.0074406833314596185,6.641024301880115e-07
347,0.015897822926761816,0.0007910198789193302,0.007676833152123579,0.007429320089757999,6.498059609084514e-07
348,0.01585338415944683,0.0007381123645401646,0.007534734274085588,0.0075799049147371395,6.326060839362347e-07
349,0.015807855674666322,0.0008225018617597087,0.007681175197092393,0.00730355794619633,6.206696178937534e-07
350,0.01575763418018053,0.0007298331114011222,0.007401320890395581,0.007625875750259323,6.044281245008312e-07
351,0.01570231288161746,0.0007730697421535913,0.007541826597456775,0.007386822367208503,5.941747985886859e-07
352,0.015648303769440066,0.0007481987264576026,0.0074737311694693265,0.007425795764539854,5.781089732823778e-07
353,0.015602646734410522,0.0007140637999146074,0.007380937621739444,0.007507080736314941,5.645764415303918e-07
354,0.01555974764382824,0.000770214644623728,0.007588059444613009,0.007200915309438658,5.58245152843522e-07
355,0.015516129634828337,0.0006539072890119774,0.007291547253450718,0.007570133016600005,5.420757656386158e-07
356,0.015454063933078811,0.0007503314541357326,0.00749210824207355,0.007211095014600392,5.292222691350166e-07
357,0.015395593674671526,0.000695587248779697,0.007340430037485981,0.007359059882006585,5.165063992639096e-07
358,0.015349624881206473,0.000650222095368049,0.007277740875379144,0.007421153388716189,5.08521743090584e-07
359,0.01530839980320728,0.0007274527780571755,0.007460397344509696,0.007120049195657622,5.004849827878463e-07
360,0.015265961696882074,0.0006320660896774943,0.007148166925864712,0.007485244051079406,4.84630260461526e-07
361,0.01520673690996788,0.0006944893274680605,0.007386050113339383,0.007125721126997158,4.763421632794451e-07
362,0.015147819578616219,0.0006320694444159756,0.0072185910682059954,0.0072966928174374125,4.662485568349574e-07
363,0.015105663254455035,0.0006331560311233545,0.007127465583418263,0.007344584479424859,4.571604885592462e-07
364,0.015070936278788772,0.0006983202975600995,0.0073779234334591685,0.006994239223389021,4.5332438048287346e-07
365,0.015036274753737658,0.0005642666305744729,0.007067873510541845,0.007403690090988717,4.4452163262472465e-07
366,0.01496314746706212,0.000661482483697191,0.007232577774255237,0.007068652265878723,4.3494323096760996e-07
367,0.014917597541076381,0.0006596060709676966,0.0071778223003858875,0.007079743906250671,4.252634721260311e-07
368,0.014893040330812197,0.0005542441691785869,0.00698308855609437,0.007355290255316797,4.173502224446724e-07
369,0.014840338061855212,0.0006333875489909596,0.007283868176227958,0.006922669108382448,4.132282538458462e-07
370,0.014784347524182765,0.000596814397328499,0.007092566822162658,0.007094561693606726,4.0461108488186287e-07
371,0.014739636125054084,0.0005528332730291037,0.007017125008435428,0.007169277985388347,3.998582012047249e-07
372,0.014718760212277611,0.0006225347291489331,0.007184233080673055,0.00691159606929823,3.9633315739214155e-07
373,0.014668247589650261,0.0005566325341784064,0.006874520721157944,0.007236708153048467,3.861812654449447e-07
374,0.014614406544292292,0.0005878011065174035,0.007047071560761137,0.006979153232211666,3.8064480208395267e-07
375,0.01457939691791226,0.0005483280071496449,0.007116675598700417,0.006914015837126482,3.7747493571737715e-07
376,0.014545503260840146,0.0005086506773863575,0.006925122435587813,0.007111360255137392,3.6989272858413296e-07
377,0.01451702128432947,0.0006256624912853117,0.007071056415348889,0.006819939381073758,3.629966215090743e-07
378,0.014471787302063457,0.000504066266263364,0.006798394090954455,0.007168969705825702,3.572390199361473e-07
379,0.0144208446275927,0.0005404562508363654,0.0068952239089122005,0.006984810705358754,3.5376248537963003e-07
380,0.014393606496213806,0.0005866654911854236,0.006900881929761164,0.006905710088126757,3.4898714046007034e-07
381,0.014361819900658924,0.0004748845853749332,0.00678327482132051,0.00710331572828713,3.447656763516547e-07
382,0.014341351095840988,0.0005526835597716017,0.007047858243819994,0.006740469060808302,3.4023144109132774e-07
383,0.01429028583279418,0.0005022648359679251,0.006735085130548948,0.007052606812975948,3.290533013597353e-07
384,0.014240027132592719,0.0005198288955740783,0.006805768668254223,0.006914108109219245,3.214595451727081e-07
385,0.014223577747556051,0.000513861733724956,0.00684511138859985,0.0068642885210789305,3.16104152313163e-07
386,0.014188070277850205,0.00048018254673788885,0.0066406959297705005,0.007066883366459493,3.0843488232129277e-07
387,0.01417162930772708,0.0005794915028715624,0.006845605379598604,0.006746228987516813,3.034377400995006e-07
388,0.014150060916435206,0.00044294083627832866,0.006642946359503079,0.007063875993711567,2.977269422310704e-07
389,0.014084912240091356,0.0004962656558883367,0.006761006441200721,0.006827349418208445,2.907247938533985e-07
390,0.014077877618173983,0.0005507768488709951,0.006661461715476677,0.006865356819841525,2.8223398478661653e-07
391,0.014045094957060465,0.0004341417872539319,0.0065612185164802385,0.007049457597049976,2.770562763186766e-07
392,0.014024900548025984,0.000510182701990565,0.006771525521924271,0.00674291912607858,2.731980325678086e-07
393,0.013997037733320972,0.0004996167859800269,0.006534321092979282,0.006962834684547696,2.6516981396565096e-07
394,0.01393858613458338,0.0004567369251671938,0.0066299934228493075,0.006851596233327109,2.5955323976987985e-07
395,0.013945504984637865,0.00047246178836064725,0.006709134824651282,0.006763654712204991,2.536594209445551e-07
396,0.013902460558718494,0.00044104235110784733,0.006495727875319811,0.006965444772135047,2.4556015578792245e-07
397,0.013895434233359231,0.0005340963716786238,0.006623276679434365,0.006737819470563584,2.417116826591645e-07
398,0.013880273163659033,0.00041898558631344373,0.006495419012224887,0.006965628843563332,2.397215573710382e-07
399,0.0138240649973072,0.00045875195704313346,0.006602975665348026,0.006762101321582566,2.3605333347491276e-07
400,0.013832259609746614,0.0005128588956221367,0.006477474745511856,0.006841696228915703,2.297396969184153e-07
401,0.013784185494594809,0.00040485093715304977,0.006467480437412866,0.0069116280288317915,2.260911971020023e-07
402,0.013795117032339864,0.0004889015673909476,0.006664589391345214,0.006641402462844235,2.236107594665129e-07
403,0.013746728304171108,0.0004206755609224548,0.006372717228625111,0.006953122476987537,2.130376360035907e-07
404,0.013751220244764637,0.0004985247586219019,0.006386428448534697,0.006866057263348197,2.0977425984130787e-07
405,0.013706725017156316,0.0004481598112206614,0.0065472656129809195,0.006711088232360078,2.113605946566009e-07
406,0.013726500416073668,0.0003955080776346219,0.006554020365136632,0.006776761710403237,2.1026289917642647e-07
407,0.013685575650101237,0.0004329478718704178,0.00667202086340249,0.006580398851976333,2.0806285199541365e-07
408,0.0136779528921613,0.00043972760022276217,0.006443646250817278,0.006794373706751631,2.0533436962924491e-07
409,0.013644477312269023,0.00041516885356462555,0.006360611581883628,0.006868489776989498,2.0709983127191996e-07
410,0.013653109370617915,0.00046945467094711314,0.006483269116916341,0.0067001779327699835,2.0764998447865713e-07
411,0.013624761324939201,0.0003984933978550875,0.006294934929918366,0.0069311328400459265,2.0015711982181605e-07
412,0.013614672361609504,0.00046330860866807726,0.006329025287719749,0.006822143749013387,1.9471620829025127e-07
413,0.013579681177762292,0.00041787038621207863,0.006339724373410157,0.0068218909025678275,1.9551557222973106e-07
414,0.013576966337657948,0.00038633590110310806,0.006402922853663303,0.006787508517415671,1.9906547586555924e-07
415,0.013565209226435638,0.00043290933196371556,0.006536214159872002,0.0065958882135335704,1.9752106634762705e-07
416,0.013553858116755154,0.000383129185604527,0.0063048039005812375,0.0068657364727352675,1.8855783412216888e-07
417,0.013538191036354032,0.0004529685980164332,0.006478701990139867,0.006606336329728911,1.8411846882161474e-07
418,0.013521323339059086,0.0003706228734640808,0.006340395547632228,0.006810122043895848,1.8287406693014898e-07
419,0.01349251084397464,0.0004141606972861045,0.006393550490006757,0.006684614803204179,1.8485347760047233e-07
420,0.013478058192018829,0.00042657713224878254,0.006269458642863678,0.006781838003844631,1.8441306173731257e-07
421,0.013465892795908685,0.0003706563996903809,0.006220220743427565,0.006874832444288888,1.8320850185032293e-07
422,0.013470583465726953,0.00043378662463569367,0.006530738949006299,0.006505874176754949,1.8371533001055973e-07
423,0.013455902226286117,0.0003481034415473612,0.0062958353123014656,0.006811783758351405,1.7971408588570972e-07
424,0.013417649210285583,0.00042111940376454834,0.006321599585026117,0.006674753341964271,1.7687953064529423e-07
425,0.013394578584786536,0.0003969494718140551,0.006237759584384096,0.006759695289894037,1.7423869434829532e-07
426,0.013391038829304628,0.00035629815790741355,0.006262068050161941,0.006772499843401701,1.7277783357137734e-07
427,0.013379416549611592,0.0004114354255964639,0.006457699003951464,0.0065101096725646785,1.7244749898553836e-07
428,0.013365708392818745,0.0003491974479699502,0.00623418447932714,0.00678215484796838,1.716175532743199e-07
429,0.013331087436681844,0.0003749475276745661,0.006373998164736957,0.006581966120146578,1.7562412374233555e-07
430,0.013322049075715273,0.00035238579046051484,0.006381356673672002,0.006588129945715963,1.7666586679397757e-07
431,0.013294543322189855,0.0003340510940255868,0.00628143275460366,0.006678887921796797,1.715517638101891e-07
432,0.013303426551803006,0.00041438499166605104,0.0062767175613854895,0.006612157650791045,1.6634796042095247e-07
433,0.013287104712522034,0.00033553785003064213,0.006141214146061099,0.006810186870238206,1.6584619208763326e-07
434,0.013281287172248584,0.00041842409598217856,0.006376439561059658,0.006486252641555701,1.7087365104682001e-07
435,0.013241939083507384,0.0003320429931206478,0.006153987642366787,0.00675573671798384,1.717300361094289e-07
436,0.01322517164802575,0.0003567697710625638,0.006243292908273248,0.006624937526953558,1.714417363806218e-07
437,0.01320741012826082,0.0003389774504176988,0.006386775801537043,0.006481486327033856,1.7054927222214218e-07
438,0.01320281319531371,0.00031097534159990175,0.006261397906587474,0.006630272246352153,1.6770077418250648e-07
439,0.013204246062196355,0.00042059348716522334,0.006277149195007124,0.006506337634011441,1.6574601256826244e-07
440,0.013195800580001733,0.00033160439723371163,0.006061498542506595,0.00680253339679085,1.6424347057780385e-07
441,0.013169253881007596,0.0003901255850236814,0.006364563761015374,0.006414398226863801,1.6630810473823918e-07
442,0.013120180438574141,0.00031599834950338197,0.006218255630177137,0.006585760415129017,1.660437646060606e-07
443,0.013128127860694666,0.00032356878498356636,0.0061072939724063835,0.006697097656976606,1.6744632811113493e-07
444,0.013123568044888049,0.0003896863939229987,0.00632900371184079,0.0064047076262293565,1.7031289490276884e-07
445,0.013130850718032482,0.0003190828745620458,0.006113139662713712,0.0066984622025029585,1.659782537638622e-07
446,0.013080456558303992,0.000372385915626179,0.00617213753636618,0.006535773047017537,1.600592940939663e-07
447,0.013049160499266523,0.0003314481945063877,0.006158833332084748,0.006558721133662161,1.57839013225883e-07
448,0.013066453926096143,0.0003043349753498569,0.00615924801791385,0.006602710478103656,1.6045472877989392e-07
449,0.01304310323303946,0.00036940155275236644,0.006298133995711942,0.006375404084010306,1.6360056484561043e-07
450,0.013030327178314214,0.0003063146299637662,0.006058641392231272,0.006665208997006415,1.6215911276019775e-07
451,0.01298624221616228,0.0002956025992840662,0.006215979994350321,0.006474498204673599,1.6141785429254164e-07
452,0.01299036633239135,0.00034123679463248955,0.006244544589764153,0.006404425187787133,1.5976020757592666e-07
453,0.012992980240665161,0.0003054096994871792,0.005925463591492623,0.006761950241999841,1.5670768551682655e-07
454,0.012959990890421864,0.0003565563965034523,0.006101504591063356,0.006501772615612515,1.5728724254197072e-07
455,0.012948025539541946,0.00029695634919834035,0.006150470335001998,0.006500440976603502,1.5787873810512638e-07
456,0.012911439806699669,0.0002757125339275591,0.006123151558153154,0.0065124182274083255,1.5748721062944562e-07
457,0.012923172302514196,0.00033196160123877744,0.006127015619470794,0.006464036061972066,1.590198325601759e-07
458,0.012926599382272787,0.0002828458716074192,0.006082657535715656,0.006560934933731311,1.610412184008766e-07
459,0.012901139699337294,0.0003520774304234843,0.006222201870774832,0.00632670014025363,1.6025788534752326e-07
460,0.012889343756790959,0.00029408013883058603,0.0059392946944621825,0.006655812218322452,1.5670517573871832e-07
461,0.012837489205902634,0.00027820248902766056,0.006092613264911294,0.0064665143885767095,1.5906338697005048e-07
462,0.012853360300829468,0.0003252057744833445,0.006189033753674325,0.00633895793946696,1.6283320483869805e-07
463,0.012853437859073794,0.0002746378076137576,0.005908746170052639,0.006669892010896153,1.6187051124416173e-07
464,0.012840777265722867,0.00035597474577240076,0.00606541528557758,0.006419226724639794,1.6050973309259733e-07
465,0.0128418335254601,0.0002907829933776151,0.0060375113678692235,0.00651337967980969,1.5948440357092192e-07
466,0.012772937132672637,0.0002876946482748478,0.006045722862421827,0.006439360670124427,1.589518515335898e-07
467,0.012792896210389752,0.0003208655336215493,0.005963867985064092,0.006508003672451686,1.5901925242495864e-07
468,0.012791553508506423,0.00026330936742592083,0.006054169999555891,0.0064739140668031115,1.600747215008954e-07
469,0.0127864776009552,0.00033800857936268857,0.0062668062860887904,0.006181503263558079,1.5947194564192868e-07
470,0.012766338940235622,0.00026873223628898977,0.005894858161212858,0.006602592232545885,1.5631018788824837e-07
471,0.012707388425342796,0.0002682807542377968,0.005947165972466596,0.0064917841284221995,1.575702162042756e-07
472,0.012743657675868523,0.0003459827120862645,0.006063951564318435,0.006333564732961561,1.5866650226256372e-07
473,0.012719689347326535,0.00025987646595637795,0.005797002697237378,0.006662654479254272,1.557048785071955e-07
474,0.012725492605622089,0.0003396150317815119,0.0058879878937189494,0.006497734782158473,1.5489796315456788e-07
475,0.012690045903840123,0.0002630291972740968,0.006056794983573744,0.006370064943462258,1.5677953002393722e-07
476,0.012660334074349067,0.0002520409814689699,0.006102346154154468,0.006305791614372326,1.5532435330244498e-07
477,0.012685961608151719,0.00030825371538495974,0.005972371657231645,0.00640518534780516,1.5088772995206566e-07
478,0.012659256455419748,0.00023991475866073,0.005933727526261292,0.006485464593255936,1.495772417911006e-07
479,0.0126790166729788,0.0003496861930256945,0.006125429138341302,0.006203748873939188,1.5246767261734026e-07
480,0.01261846615106744,0.00024828291390749905,0.005782898748534204,0.006587130723786461,1.537648392762034e-07
481,0.012622084697205075,0.0002777481656422385,0.005739188256887022,0.006604994106072067,1.5416860374786855e-07
482,0.012609633961994056,0.0002902404302912911,0.006011179288829304,0.006308060481928851,1.5376094460830696e-07
483,0.012603518750339687,0.0002451173390433694,0.00594776005731737,0.006410491697809339,1.4965616960916614e-07
484,0.01262771954915969,0.000331906678584554,0.0058881406765346755,0.006407526672430456,1.4552161000460652e-07
485,0.012597597931932714,0.0002437456096116612,0.005847705981110281,0.006506001361663556,1.4497954721434687e-07
486,0.012595297368790925,0.0003263995900338899,0.006086960608502829,0.006181791058572482,1.4611168172494052e-07
487,0.012535850905326306,0.00023604306064345523,0.005848637761166373,0.006451024443440823,1.45640075654624e-07
488,0.012549823797532793,0.00024888471725819153,0.005749911543020625,0.006550879955407817,1.475818461584204e-07
489,0.01254350838202399,0.0003007030077265802,0.005988836184579755,0.006253818328316074,1.5086140158029403e-07
490,0.012551671443286491,0.0002565570630939701,0.005862388023828236,0.006432578226265522,1.4813009876417277e-07
491,0.012559309404206983,0.0003320834544537113,0.005804967005488254,0.006422116925574997,1.4201869002182493e-07
492,0.012512446636580915,0.00023295313240064887,0.005788940565389954,0.006490413931276495,1.3900751381713706e-07
493,0.01250121907518133,0.0002856946945607765,0.005975352629948362,0.0062400322032941085,1.3954737808326844e-07
494,0.012466987246262499,0.0002489466390251407,0.005826277567017011,0.006391623274065439,1.397661549074503e-07
495,0.01249423233096765,0.0002372721104326242,0.0057359242227149835,0.00652089606171958,1.3993610046294314e-07
496,0.012495209590519573,0.0003127282576370161,0.006023653700625273,0.006158686700321702,1.4093193558115763e-07
497,0.01249119354069437,0.0002470588394705966,0.005860646224410055,0.006383348445651321,1.4003116239697273e-07
498,0.012473995118275473,0.00029992559057898094,0.005785251153324547,0.006388680112382473,1.3826198947280417e-07
499,0.012420467720324048,0.0002268460973667633,0.005801783835035548,0.006391700184412367,1.3760350936940712e-07
500,0.012426145811246594,0.00025117106619059734,0.005862409729207583,0.006312428077526531,1.3693832188284606e-07
501,0.012429229484414467,0.0002848110859003864,0.005769070884005111,0.006375211234129238,1.3628037973084266e-07
502,0.012453743335045788,0.0002450817792575735,0.005682633245995854,0.006525890600619508,1.3770917285226178e-07
503,0.012431344034439283,0.00031463301491384743,0.0059298566869919345,0.00618671438629611,1.3994623739211343e-07
504,0.012378234001566324,0.0002150272653906403,0.005809963391862255,0.006353106002275738,1.373420376906157e-07
505,0.012377157710394547,0.00021645754190043634,0.005745845880365115,0.006414720434144411,1.3385398458345471e-07
506,0.012391648485627486,0.00029245327442624716,0.005875489310175316,0.006223572353788099,1.3354723782386777e-07
507,0.012415223107664741,0.00025953337649476234,0.005749610131659262,0.006405945704569448,1.3389494127044501e-07
508,0.012362398083257448,0.0002731924196202768,0.00573561421818733,0.006353458501548094,1.3294390174717924e-07
509,0.012329006473425339,0.0002267955993949858,0.005698723096843117,0.006403355125107186,1.3265208005028524e-07
510,0.012355701362606972,0.000238220103878701,0.005727012708093321,0.006390335691639769,1.3285899518007406e-07
511,0.012364327806043898,0.0003137074034159246,0.0057848772826787935,0.006265612325978473,1.3079397070830062e-07
512,0.012352585370261907,0.00023085956307460515,0.005619688273523071,0.006501910319058704,1.2721460552721497e-07
513,0.012294154478943851,0.00023094845188113467,0.005786834626966473,0.006276247287808418,1.2411228782561006e-07
514,0.012307130013714765,0.0002658122457513691,0.005844529163012897,0.00619666804474141,1.2056020909074098e-07
515,0.012353471731932634,0.00024485824147249785,0.005647115963351103,0.006461379434453163,1.1809265586879299e-07
516,0.01231049189967099,0.0002916427202558027,0.005777985418253448,0.006240744950473034,1.1881068870573361e-07
517,0.012274200828849077,0.0002333251450371977,0.005794129596466144,0.006246625940015473,1.2014733026117962e-07
518,0.012260116291736022,0.00020774350212962123,0.0056641512658673,0.006388103328807633,1.1819493146649917e-07
519,0.012289263907504136,0.00029089454852533435,0.005721710340569774,0.006276541829498292,1.1718891073457354e-07
520,0.01230824210548245,0.00026569018262184756,0.005771300229347825,0.006271133446153491,1.1824735928611343e-07
521,0.01223526369814745,0.00024353628161383222,0.005780699054707515,0.006210912118040883,1.1624378521824023e-07
522,0.012229796495211026,0.00022600160467540744,0.005697317181795341,0.006306363305553213,1.144031870651173e-07
523,0.012253742150177186,0.00023709807375460527,0.005800305861887649,0.006216222194673071,1.1601986186168811e-07
524,0.012253692956581127,0.00030510383731297794,0.005851573227591524,0.006096898632700112,1.1725897651234499e-07
525,0.012248622282104538,0.00023334127310122157,0.005567310681299095,0.00644785286692774,1.1746077648004759e-07
526,0.01217526437117469,0.00021573471682249408,0.005728941243878481,0.006230470017101948,1.1839337176565005e-07
527,0.012217359975949183,0.0002941052753627715,0.005827108902362079,0.006096028721113922,1.170771104096147e-07
528,0.012254889085506423,0.0002554392494862072,0.005537581225525068,0.006461754866420256,1.1374407489087072e-07
529,0.01220164552558618,0.0002840714106723602,0.005610912131156903,0.006306549706105014,1.1227765190225765e-07
530,0.01219752087363195,0.0002761213286047316,0.005836368003123044,0.006084918622565336,1.129193388376215e-07
531,0.012141321650568368,0.00019779200068767574,0.0056776303468941205,0.006265789020941316,1.1028204525528746e-07
532,0.01222807677599914,0.00031702656799996725,0.005564838676026316,0.0063461024573789665,1.0907459389253923e-07
533,0.012200461026379868,0.00026112977445137025,0.005770527222988901,0.006168692010215097,1.1201872449906656e-07
534,0.012167149446188153,0.00028883998747536487,0.00589885748463517,0.005979341159748037,1.1081432958031586e-07
535,0.012132482950186306,0.00022534960889249815,0.00556817013561279,0.006338856867043661,1.0633863735716972e-07
536,0.01214240439996144,0.00022062759392906913,0.005535112575728023,0.0063865587412439435,1.0548906040364112e-07
537,0.012166109683888876,0.000333351296713793,0.005803933544321994,0.006028717401892695,1.0744096039391797e-07
538,0.012115007427599047,0.00023624896547143055,0.005647867370072585,0.006230783514202351,1.0757785267976366e-07
539,0.012112103163329356,0.00023981800512674724,0.005449876853174923,0.006422303218906515,1.0508612116962929e-07
540,0.01205704294034395,0.00020026201991687657,0.005594011861705687,0.006262664649203065,1.0440951832074637e-07
541,0.012106656085609067,0.0002545034947726783,0.005769783206422241,0.0060822649509632044,1.044334509437017e-07
542,0.012069441551166194,0.00025227686212967533,0.005680434874346018,0.006136627658768222,1.0215592227871718e-07
543,0.012108434396289267,0.00023152372226855386,0.00543651026124508,0.006440300445975345,9.996680028970728e-08
544,0.012033836504389333,0.000224098183725812,0.005578555163608299,0.006231082246403792,1.0091065143052048e-07
545,0.01206164774561284,0.00026114422480839043,0.0057477246420698565,0.006052674200519495,1.0467821509960768e-07
546,0.01200196372394117,0.00019129701015174232,0.005588997049144895,0.006221563398165981,1.0626647855319644e-07
547,0.012060831101714922,0.00025464604217193145,0.005443475199003277,0.006362605201227737,1.0465931197646292e-07
548,0.01205579279379978,0.00023439960347586492,0.005617632726143357,0.00620365752462086,1.0293955969702942e-07
549,0.01218089144107363,0.0004516172292252553,0.005815968929443153,0.00591320466234344,1.0062006178057819e-07
550,0.012206868667664364,0.00037290122036591955,0.005477707253926437,0.006356161079435714,9.911393629382536e-08
551,0.012089232060368146,0.00031973166278200784,0.005361075300434062,0.006408326886607495,9.821054458309018e-08
552,0.011983265854250157,0.00024408542959283858,0.005676085459594233,0.006062994479782016,1.004852810674394e-07
553,0.012165806524124969,0.00038089140619936934,0.005816904863301941,0.005967908280482016,1.0197414164276568e-07
554,0.011986139330975915,0.000239574316500998,0.005747504932635155,0.005998960128382761,9.99534569985498e-08
555,0.01203907888973777,0.0002677962722205951,0.005512755303754435,0.006258430019469089,9.729429365124544e-08
556,0.012058592774628684,0.0002636236890117642,0.0055511177585663395,0.006243755156387119,9.617066345990509e-08
557,0.012010434683872586,0.0003128097997995813,0.005771893343245628,0.005925636292371304,9.52484560712056e-08
558,0.011956876617309242,0.0002622313656702595,0.0056340027898669634,0.006060547131290742,9.53304812776573e-08
559,0.012027074482308395,0.00026059580120782526,0.0053241401419653785,0.006442241028035703,9.751109948769897e-08
560,0.01199272038801687,0.00027087903805509745,0.005315192595400664,0.006406547615651991,1.0113890911948456e-07
561,0.011916872896141276,0.00021794662359500523,0.005641791284617715,0.006057030743767814,1.0424416074086888e-07
562,0.012004851133287813,0.00028595674914754085,0.00579803871497878,0.0059207534672969225,1.0220186456981403e-07
563,0.011917950292285397,0.00021634644710937607,0.005695515625060497,0.006005991185115485,9.703500003932942e-08
564,0.011948307239784064,0.00021586322776974908,0.005476507956789052,0.006255841557563891,9.44976613713899e-08
565,0.011914899374826848,0.00019536551775104706,0.0055141944204674075,0.006205243442558054,9.599405033968828e-08
566,0.01195380286366261,0.00030987177511902086,0.005700124351467943,0.0059437079911364085,9.874593923832813e-08
567,0.011914261577758095,0.00024253591848271346,0.0055930721211378785,0.006078552987132184,1.005510053187973e-07
568,0.011880607522909899,0.00019993835037973955,0.005360359809375173,0.0063202082385298425,1.0112462514415204e-07
569,0.011894669704070647,0.00021276629895430795,0.005335200829089314,0.006346599993083268,1.0258294375813387e-07
570,0.011888031520101492,0.00021100103308541122,0.005554530562791992,0.006122396464434867,1.0345978922136697e-07
571,0.011947049254777721,0.0003227443024415986,0.005725068917434221,0.005899135816730997,1.0021817090446563e-07
572,0.011901961790153409,0.0002191293208518133,0.005530693069430331,0.006152044486187127,9.491368413767452e-08
573,0.011908670190355386,0.0002549674002275555,0.005403520183453557,0.006250091145795937,9.146087833579251e-08
574,0.01182743146831513,0.00017832316156936382,0.005507410399113054,0.0061416048294419216,9.307819079205219e-08
575,0.011855246506083347,0.0002313198753743154,0.005668774570558525,0.005955054707384783,9.735276572441796e-08
576,0.01185740044739589,0.0002563961427595244,0.005612018678262402,0.005988885430793568,1.0019558039739165e-07
577,0.01190504423959539,0.00023584869882560227,0.005369769104026905,0.006299326614476652,9.982226623315578e-08
578,0.011929112120494148,0.00031321683028226005,0.005352883055949371,0.006262914882789649,9.735147286777655e-08
579,0.011895590818478258,0.00025837664578618375,0.005565833097852215,0.0060712850805852035,9.599425465668851e-08
580,0.011867569082483658,0.00028493409002502436,0.005711085097871274,0.005871455660568665,9.423401869424215e-08
581,0.011781062123794976,0.00017049528330499302,0.005505397839317681,0.006105076658705078,9.23424672246825e-08
582,0.011851097734421516,0.0002118422694083104,0.005337705816994694,0.006301458195549907,9.145246860502773e-08
583,0.011830121711022375,0.00024712416550476044,0.005467064633990955,0.006115840216298999,9.269522766025592e-08
584,0.011882350517399094,0.00028385067462394215,0.005661945983133471,0.005936457621984559,9.62376571214064e-08
585,0.011839520370638693,0.0002829332578281371,0.005677546411377111,0.005878941775832063,9.892560138007728e-08
586,0.01178527781372059,0.00017782220378713618,0.0053898804057830275,0.006217475612746609,9.959140381679659e-08
587,0.011805119682526326,0.00020188997467026108,0.005278631906188314,0.0063244996991644875,9.810250326361461e-08
588,0.011750150260460107,0.00019173685780361739,0.005469739842362538,0.006088577542217721,9.601807623187081e-08
589,0.011829934009469906,0.00027404303252965987,0.00562645905308442,0.005929337935189709,9.398866611641434e-08
590,0.011797775214950174,0.0002657808759962666,0.005530724466329127,0.00600117750312776,9.236949701926219e-08
591,0.011875176552507059,0.00026718590575801733,0.005308511873958136,0.006299385788247913,9.29845429932256e-08
592,0.011881522301046447,0.00033403119952565456,0.005364454176671257,0.006182942082107948,9.484274158825066e-08
593,0.01183571431592868,0.00026361290583705406,0.0056373057987573055,0.0059346979618852816,9.764944903917992e-08
594,0.01181684724487745,0.0002860079717688675,0.005818583562668951,0.00571215818459862,9.752584101070883e-08
595,0.011710825100191856,0.00016188926714660193,0.0055712461739750785,0.005977594008691515,9.56503786615805e-08
596,0.0117968309398453,0.000214941676406166,0.005281124558826689,0.006300669924025712,9.478058673254715e-08
597,0.011793128149604166,0.0002687970677882995,0.005292373514698793,0.006231861756343483,9.581077359073636e-08
598,0.01183509729587435,0.0003091843334311047,0.0055212015357069665,0.00600461348755925,9.79391770312806e-08
599,0.011839968371311151,0.000363611733961917,0.005635580596447467,0.005840678465386395,9.757551537297829e-08
600,0.01172692142169089,0.00018654470065154454,0.005406101988035565,0.006134178267923342,9.64650804387166e-08
601,0.011763572080669374,0.0002131863179537119,0.005256570856312301,0.006293718668643634,9.623775972730578e-08
602,0.011704409905357586,0.0001808294622401498,0.005404914121272423,0.00611856869404358,9.762780143403388e-08
603,0.01173745894931173,0.0002258965594054506,0.005630240970985651,0.005881222528490581,9.889043004548614e-08
604,0.0117527717535686,0.0002707240526038998,0.005711139348504565,0.005770812721498878,9.56309612571195e-08
605,0.011687522291916913,0.00016805895631297885,0.005459197966114082,0.006060173701607052,9.16678828002624e-08
606,0.01173306906138374,0.0002106150056858021,0.005267199010536551,0.006255164078542177,9.09666192087441e-08
607,0.01167237356259227,0.0001642292386957397,0.005318628612757726,0.006189420878787177,9.483235162585093e-08
608,0.011688090120812249,0.00021727425339337821,0.005516754280305134,0.005953962105260267,9.948185346959305e-08
609,0.011695148917225624,0.0002366555013986628,0.0055741747430800475,0.005884218491043143,1.0018170377162658e-07
610,0.01166435245483368,0.0001688936242199598,0.00540033191180653,0.006095029088904154,9.78299030356535e-08
611,0.011753626445050508,0.00026881792068812635,0.005299021823671823,0.006185690381528492,9.631916206722054e-08
612,0.011810733690128975,0.0002943187601438471,0.005367629790613656,0.006148686490100632,9.864927083943608e-08
613,0.011936366987183207,0.0005172480098766282,0.005631802823741375,0.005787215717420174,1.0043614503101167e-07
614,0.011911680452114727,0.00042452452485751245,0.005565131039550234,0.005921924803871423,1.0008383555809605e-07
615,0.011623446464864573,0.00016246884168784123,0.005518715126317461,0.005942166695711942,9.580114732803094e-08
616,0.011852341606985903,0.00040775429054728136,0.005455004080459722,0.005989490822418117,9.241356078251605e-08
617,0.01193655923806927,0.0004255440560012728,0.005444288414835036,0.006066633342548397,9.342468456366524e-08
618,0.01161347425063848,0.00016379900281359396,0.00562395495023451,0.005825623988975166,9.630861521069665e-08
619,0.011954576171255253,0.0005569806794665984,0.00568635259249205,0.005711143908422326,9.899087427679599e-08
620,0.011839966455885939,0.0003673996491249604,0.005457092089124396,0.0060153752184668625,9.949916971897612e-08
621,0.01168620703200176,0.0002154925069348842,0.005324323475049715,0.006146294797829693,9.625218746611e-08
622,0.011999800702170221,0.0005950816257157671,0.005385001880319808,0.006019624494645008,9.270148963975787e-08
623,0.011624831442713604,0.00018254158497517782,0.005590670316511982,0.005851527088765906,9.245246053759674e-08
624,0.011877252841831507,0.00041713910050449635,0.005734977723074775,0.005725042497329171,9.352092306369072e-08
625,0.011692630939771185,0.00027417744571875435,0.005809307301226149,0.005609051917189949,9.427563633405938e-08
626,0.01172733165059177,0.00030436085159041493,0.005603443006458958,0.005819432886011702,9.490653069492538e-08
627,0.01180297841683099,0.0003223435964456264,0.0053988574306458445,0.006081681264598794,9.612514072527756e-08
628,0.011630405377279539,0.0001861522763989519,0.005454628369360498,0.005989527331924624,9.739959546618756e-08
629,0.011818675484790214,0.00045165989964692275,0.005634805575057002,0.0057321112671206015,9.874296568710491e-08
630,0.011614536026542568,0.00022957370253929928,0.005620533540756473,0.005764328477185943,1.0030606085290114e-07
631,0.011763550236243136,0.00034404323777473993,0.0054178686652720945,0.00600153758997144,1.007432248606418e-07
632,0.011629227582599076,0.00022868672783126395,0.005251602069259838,0.006148838807409977,9.997809799769808e-08
633,0.011677213491263914,0.000283660999749492,0.005313580977287598,0.00607987153284492,9.998138190353605e-08
634,0.01168005169978724,0.0002562929001974095,0.005545634262461749,0.005878024299782583,1.0023734549870853e-07
635,0.011611616398908939,0.0002019286964213656,0.005780315939767358,0.0056292732275191725,9.853520104364204e-08
636,0.011732894304165147,0.0003510176637640952,0.005810824218728586,0.005570956305214741,9.611645772462405e-08
637,0.011562606251165062,0.00014871482912537598,0.005544093676111741,0.005869702033179208,9.57127487364613e-08
638,0.011687413484297525,0.00025991657799703387,0.005351947181012855,0.006075451493352235,9.823193539932939e-08
639,0.01160287082654362,0.00023708492865368193,0.005387270827793966,0.005978412619262016,1.0245083395537059e-07
640,0.011569201168101857,0.00022633694278274965,0.005533712040133283,0.005809045852277686,1.0633290813761736e-07
641,0.01167757090237268,0.00031276123142112374,0.005554081841908388,0.005810621078658211,1.0675038495751711e-07
642,0.011535134628960575,0.00018198795419590026,0.005450358918197647,0.005902683872683246,1.0388388378117179e-07
643,0.011624368358321611,0.00026445281823996773,0.0052894204084826466,0.0060703934126272886,1.0171897170662813e-07
644,0.011631294350955052,0.00023315098711407362,0.00526906545059477,0.006128976215563305,1.0169768290541133e-07
645,0.011511566838339723,0.00015271457745764884,0.0054222175568921,0.005936533937650119,1.007663398555023e-07
646,0.011652270129234763,0.0003313541076425224,0.005578466941464155,0.0057423514583162414,9.762181184414352e-08
647,0.011598074039943626,0.00023911327309479407,0.005521262603907926,0.005837604091605546,9.40713353600481e-08
648,0.011517891169185683,0.00016256964925002676,0.005424389522359017,0.005930839673603554,9.232397308580271e-08
649,0.01166311821826272,0.0003356612333284446,0.00536610718101119,0.005961255168168137,9.463575494971816e-08
650,0.01157227382069084,0.00021593058463371183,0.005387287688420228,0.00596895438160715,1.0116602974982753e-07
651,0.011503926834546091,0.00017590108300215765,0.005482584490360816,0.005845334188994987,1.0707218813192988e-07
652,0.011661096513141025,0.00036771436932275684,0.005498217028319009,0.005795057264908844,1.0785059041463611e-07
653,0.01158506413850373,0.00024105850224539306,0.005362267291842628,0.005981633768479914,1.0457593579417297e-07
654,0.011490966334294176,0.0001565184710927549,0.005294136094131144,0.006040211767632831,1.0000143744588372e-07
655,0.011643654080882108,0.0003501185939660413,0.005350312006707922,0.0059431255130071485,9.796720099485351e-08
656,0.011596455247190397,0.0002752476223132695,0.005470298560679601,0.0058508097483870635,9.931581046238871e-08
657,0.011478929419539813,0.00017791184885556637,0.005569516479821749,0.005731400655327071,1.0043553542608007e-07
658,0.011642593574349477,0.0003604156000774835,0.005523770268361376,0.0057583077356874604,9.997022315772672e-08
659,0.011595342226832728,0.00025522086125179786,0.005380125803656671,0.005959896158423404,9.940350085427192e-08
660,0.011465717474845438,0.0001445628526038042,0.005405662627439168,0.005915392580739405,9.941406306096454e-08
661,0.011652200323986794,0.00038257650452826826,0.005524426007124349,0.0057450967065384865,1.0110579569049014e-07
662,0.01157845448930532,0.0002825455616094465,0.00551151453469387,0.005784290307303602,1.04085698399706e-07
663,0.011450001477318212,0.00017139713459176885,0.005403296505638072,0.005875202667865718,1.051692226539613e-07
664,0.01169352358383788,0.00043995497527426125,0.005254360131542164,0.005999104092593145,1.0438442831080771e-07
665,0.01158825451663333,0.00028324346640066746,0.005290899863110384,0.006014006572654088,1.0461446819115869e-07
666,0.011437263664061786,0.00015091686553902792,0.005477233943283935,0.005809008023670211,1.0483156861122905e-07
667,0.011704612850095667,0.00045488507362280916,0.005653695760661262,0.005595926717114654,1.0529869694164522e-07
668,0.011497870932647525,0.00020540338723814888,0.005588243984439352,0.005704117488936464,1.060720335609409e-07
669,0.01150727279821468,0.00021297685277295715,0.005487895006946364,0.005806295426106231,1.0551238912705052e-07
670,0.01166319949109461,0.00041587865574589037,0.005462463149164087,0.005784753635584183,1.0405060044956974e-07
671,0.011406487797620449,0.00013845438955414807,0.005494540432444406,0.005773389063762431,1.039118594637992e-07
672,0.011559925742934893,0.000288359829465058,0.005521170804786351,0.005750290792381601,1.0431630188305125e-07
673,0.011532824867734276,0.0003061821168013352,0.005513158006133374,0.005713379740394263,1.0500440530377405e-07
674,0.011389188355769114,0.000146081535067128,0.005393096147571858,0.0058499035591311884,1.0711399893756085e-07
675,0.011569923033073035,0.0002986928749096485,0.0053031328027483985,0.005967987905927322,1.0944948766523793e-07
676,0.011437175128319021,0.00020674249000793824,0.005345468151499019,0.00588485501969938,1.0946711268577298e-07
677,0.011412454831177697,0.00018888944347758387,0.005478674333619348,0.00574478333049703,1.0772358373569743e-07
678,0.011536747471297331,0.000284957561897536,0.005521589636056649,0.005730095618923651,1.0465441949558123e-07
679,0.011382472009649054,0.00015356999140520716,0.005499530396188701,0.0057292699627690055,1.0165928614003064e-07
680,0.011447222059484282,0.000224782955092579,0.005416734154551213,0.005805603417371866,1.015324686232535e-07
681,0.011526343554238308,0.0002761203686629773,0.005400625031315634,0.005849493760835134,1.0439342456239595e-07
682,0.011362523536619533,0.00014771842764436718,0.00548206474523496,0.005732633642067524,1.0672167268313596e-07
683,0.011449284404832042,0.0002524052602065064,0.005478130523649465,0.0057186413053201554,1.073156559159059e-07
684,0.01153221865281719,0.0003000954850843674,0.005367199151580567,0.005864816797302485,1.0721884977092673e-07
685,0.011357975402529677,0.00015448669330605605,0.005300550565577514,0.0059028310635407585,1.0708010534890367e-07
686,0.011419092296007193,0.00023316149582918136,0.00533332517510093,0.005852497112721965,1.0851235511471197e-07
687,0.011552023164065733,0.00033748662342428996,0.005417220159020201,0.00579720666080775,1.0972081349210628e-07
688,0.011363388286790871,0.00017654378182325358,0.0054573192100812054,0.005729418128246863,1.0716663954867877e-07
689,0.01138488683988748,0.00019332882741383945,0.005409493903655114,0.00578196016271398,1.0394610454641975e-07
690,0.011540788924014084,0.0003166664402242252,0.005409725208230233,0.005814293877385734,1.0339817389066501e-07
691,0.011371897639702755,0.0001910460269652541,0.005518350186682261,0.005662396489470404,1.049365848343351e-07
692,0.011350741401452176,0.00017851657478209056,0.0055110314770808475,0.0056610857802284215,1.0756936081675472e-07
693,0.011507610982302989,0.00031080698435246684,0.005354381663746035,0.005842313449214464,1.0888499002192006e-07
694,0.01141287946168649,0.0002522843397656859,0.0052499027046081954,0.00591058435228644,1.0806502616834087e-07
695,0.01129794136488783,0.00013315268816821983,0.005354590771112358,0.005810089037817543,1.0886778971111483e-07
696,0.01140054698878348,0.0002285410546160099,0.005432370083895516,0.005739525701692195,1.1014857975743269e-07
697,0.011433715895372286,0.000292958545887001,0.005383048195345522,0.005757599261001829,1.0989313793378356e-07
698,0.011330094366261943,0.00015785504511432686,0.005308154977467129,0.005863974986788588,1.0935689189996399e-07
699,0.011295232336271532,0.00012976685811544013,0.005321921299955424,0.005843436063965581,1.0811423508696301e-07
700,0.011396783392564754,0.00026125892733028,0.005432191402900142,0.005703225348246835,1.0771408749750892e-07
701,0.011433240711195761,0.0002720302231157853,0.00550419604005979,0.005656904961000217,1.0948701996911143e-07
702,0.011294306036160794,0.00015920739845940221,0.005450990616523008,0.005683996733290161,1.1128788822123973e-07
703,0.011287371086269616,0.00014989447644162354,0.005324932692536054,0.005812429762756715,1.1415453522387877e-07
704,0.01137987594938032,0.0002271603835405487,0.005299925298805104,0.005852673652007884,1.166150267820637e-07
705,0.0113496075711536,0.00023907584216558485,0.005408730485779953,0.005701685985106057,1.1525810200561289e-07
706,0.011263623058316255,0.00013889304166429938,0.005395987280770311,0.005728629023669078,1.137122125664223e-07
707,0.011278045590674418,0.0001467261388233421,0.00529736164532916,0.005833844722691466,1.1308383044851014e-07
708,0.011360349984209596,0.0002542044492490735,0.005275541985914332,0.005830489262516986,1.1428652920441165e-07
709,0.01137867476448372,0.0002495612653850914,0.005349617762838513,0.00577937847751073,1.1725874938524825e-07
710,0.011277764727644692,0.00017758158959806368,0.005463035146337538,0.005637031691461368,1.1630024772288723e-07
711,0.011238336496614681,0.0001305137349910225,0.005366293255576437,0.005741414979507893,1.1452653932764621e-07
712,0.011318597917591666,0.00019765559276553908,0.005273498799557556,0.0058473277391877816,1.1578608078903282e-07
713,0.011383158583687707,0.000307758493441454,0.0053603661253138896,0.005714914486634651,1.1947829771128324e-07
714,0.01137369604232056,0.0002715833364658897,0.0053729361078023365,0.005729052894785838,1.2370326649551487e-07
715,0.011245181631628878,0.00016479918743565243,0.005359716985809497,0.0057205426374270655,1.2282095666151525e-07
716,0.011223915277130635,0.00013585055192300645,0.0052776044182444,0.0058103396822364,1.2062472682927254e-07
717,0.011313754410438059,0.00021702377817526378,0.005304205432673347,0.005792404674638161,1.2052495128898727e-07
718,0.011404316556828352,0.00035346275696538574,0.005429527838616643,0.00562120475653864,1.212047076842261e-07
719,0.011375967441636374,0.0002886453418323963,0.0053477938196779375,0.005739405771040963,1.2250908507844178e-07
720,0.011225485827119132,0.0001592243323883664,0.005325475509940669,0.005740663448990005,1.225358000910811e-07
721,0.011207841633760849,0.00014457009969886652,0.005365893734070742,0.005697253525012883,1.2427497835701355e-07
722,0.011336588219614741,0.00026333003419657725,0.005401974111027125,0.005671156916659216,1.2715773182385427e-07
723,0.011390874334080963,0.0003605835793477978,0.005436566790123724,0.005593596187511118,1.2777709832406528e-07
724,0.01129717879550961,0.00023215772708700376,0.005276533427858302,0.005788360536642898,1.271039214068882e-07
725,0.011173653704542577,0.00012834509097016373,0.005279641888572794,0.005765541082018846,1.256429807742951e-07
726,0.011224799096503781,0.00019767248040960148,0.005392586838889115,0.005634414072254894,1.2570495017122012e-07
727,0.011374651373891907,0.0003256506454671633,0.00537478173282464,0.005674092707362813,1.26288237291328e-07
728,0.011347331240478906,0.0003336676125631346,0.005346667202795843,0.005666871033192178,1.253919277516627e-07
729,0.011208818156213331,0.00016692068848350857,0.005315304236811129,0.005726466918935599,1.2631198309500059e-07
730,0.01114989528930675,0.00012111009970157741,0.005401088266911837,0.00562756824192076,1.2868077257650736e-07
731,0.01126957153784413,0.0002657951739706652,0.00545770167839454,0.005545942913091653,1.317723872710148e-07
732,0.011381773935110973,0.00034994003867129834,0.005343156636955892,0.005688542859169098,1.344003146850715e-07
733,0.01126033045151637,0.000264170754794795,0.005349968146564285,0.005646056875690185,1.3467446710349785e-07
734,0.011128840676359716,0.00012079379793914715,0.005383357909804849,0.00562455401720861,1.3495140710939539e-07
735,0.011181925884670934,0.00017155931932895304,0.005359833895065727,0.005650398301591576,1.3436868467689134e-07
736,0.01131842026997767,0.0003379758307807232,0.005329416634480575,0.005650894490800815,1.333139155567033e-07
737,0.011355520630198455,0.00034415008653787375,0.005306741381604745,0.005704495032841873,1.3412921396240265e-07
738,0.011174349899795414,0.00019545556936547177,0.0054261439845753245,0.005552615342334529,1.350035200874489e-07
739,0.011111436503149998,0.000129718474837094,0.005370980500481052,0.005610601391224368,1.361366074856939e-07
740,0.011263423648999096,0.0002672461826425583,0.005279496515820064,0.005716542985311486,1.379652249874148e-07
741,0.011350051018451863,0.0003948866763357722,0.0053714984179659715,0.005583526231539291,1.3969261082830674e-07
742,0.011243886985347614,0.00026110425289789757,0.005393622855786747,0.005589018646809546,1.41229853422844e-07
743,0.011084677208732074,0.00011701504770071864,0.005372416061804126,0.005595105628853349,1.4047037388195772e-07
744,0.011197212710872264,0.00024283087064629443,0.00529197017301463,0.005662272029349089,1.396378622498957e-07
745,0.011390297313625642,0.00041343233266276353,0.005319141818624062,0.005657582181260951,1.409810778659566e-07
746,0.011262543724303213,0.0003216528603330176,0.00549645902931494,0.0054442893921072995,1.424425479556323e-07
747,0.011071632199693702,0.0001126743219800835,0.005338332189057933,0.00562048161155415,1.440771015358262e-07
748,0.011184747017925576,0.0002185516207093778,0.005216463305487438,0.00574958462220873,1.4746952002981984e-07
749,0.011345806557307072,0.0004243545951098614,0.005339763689726522,0.00558153827190025,1.5000057043770695e-07
750,0.01126980484279293,0.0003225654146686694,0.005409441839834869,0.005537648114314978,1.4947397441257095e-07
751,0.01105488097392587,0.00011882702354180673,0.005377844639962759,0.005558063241109116,1.460693121871033e-07
752,0.011213302457427942,0.0002843489997889374,0.005257197810902389,0.005671610147224262,1.4549951235281866e-07
753,0.01140469582261383,0.00045167155315868905,0.005310409174507014,0.005642465891679337,1.492032687908638e-07
754,0.011181846614973718,0.00026267433486666506,0.005570219999268291,0.005348801108614384,1.511722243797926e-07
755,0.01106048224891234,0.00013752049308836126,0.005427056536676166,0.005495756043742762,1.4917540505062906e-07
756,0.011329418454942258,0.00038170177723621665,0.005183763498776665,0.005763804407697323,1.4877123205384064e-07
757,0.011274056361124718,0.00037071863793735905,0.005261674657393494,0.005641510336833206,1.5272896065862016e-07
758,0.01106699726698346,0.00015574895564038853,0.005448987022527705,0.005462102154715824,1.5913409954112752e-07
759,0.01113112282606745,0.00021568158357631128,0.005412695528247945,0.005502586692463949,1.590217792454673e-07
760,0.011283779628569666,0.00038640775316279403,0.005264011429041709,0.0056332069509336,1.534954315626282e-07
761,0.011178373878776947,0.00025109531747690437,0.00521528658624471,0.00571184148628892,1.504887664113217e-07
762,0.011015078470512514,0.00010950327156567888,0.0053950177483107495,0.00551040578542521,1.5166521087502826e-07
763,0.011199646424079453,0.00031353424144675996,0.00550796109201918,0.005377995560169896,1.5553044361783688e-07
764,0.011270682993193747,0.0003590093612602977,0.00532830732703858,0.005583207867492077,1.5843740279061585e-07
765,0.011054442893977227,0.00016108798684370948,0.0052459747963947015,0.005647221057246248,1.5905349256743245e-07
766,0.011053184532468504,0.0001652425589712732,0.005249905361576365,0.005637877029746946,1.5958217391992513e-07
767,0.011259109240171938,0.0003609508213088768,0.005308920410968201,0.005589076764543114,1.6124335174659428e-07
768,0.01119058417134385,0.0003259270297647406,0.005410871434869517,0.005453623761462512,1.619452470799361e-07
769,0.01099569625990726,0.0001130489180642572,0.005292446866531606,0.00559003912861143,1.6134669996560167e-07
770,0.011089821275454135,0.00019467011614612088,0.005182913936289649,0.005712077046164013,1.6017685435241385e-07
771,0.01123850150101469,0.00037347385241018967,0.0052802315881613025,0.005584635791986691,1.602684565066217e-07
772,0.011170125415233564,0.0002860050309676643,0.005425253026402476,0.005458704613477602,1.6274438582106063e-07
773,0.010997567294664853,0.000128248911147392,0.0055043983132643005,0.0053647560024668965,1.6406778626468366e-07
774,0.011103165026383982,0.00024344956026901485,0.00532066967305767,0.005538882091793042,1.6370126425429435e-07
775,0.01130301170861483,0.000412699788372484,0.005133203289614547,0.005756943749206241,1.648814215573545e-07
776,0.011126164743360072,0.0002747671321771849,0.005271328893649259,0.005579901315496706,1.6740203692273904e-07
777,0.010980778877650508,0.00012620007263079047,0.005439577714667085,0.00541483111482413,1.6997552850380963e-07
778,0.011108106240139496,0.00024693514969494643,0.005383316834291487,0.005477685683357162,1.6857279590130794e-07
779,0.011218767786137692,0.0003785527525849029,0.0052430029547388905,0.005597046952175891,1.6512663800678318e-07
780,0.011121171754764082,0.0002521771793038165,0.005156284150632593,0.005712545212996901,1.6521183077186825e-07
781,0.010954434947767535,0.00010648504150488374,0.005286269900001891,0.005561512282935637,1.6772332512230752e-07
782,0.011069000812511918,0.0002358034384251696,0.005426395902907229,0.005406630977124091,1.7049405542954717e-07
783,0.0112205135230987,0.00036713678002926314,0.005364649509981561,0.0054885557789882385,1.7145409963671857e-07
784,0.011083992334718264,0.00025331488215589844,0.0053313904403225094,0.005499115631740703,1.7138049915405944e-07
785,0.010945308867810751,0.00010376507612040508,0.005255653495985286,0.00558571729314136,1.7300256370178644e-07
786,0.011039181883062016,0.00019573696253764883,0.00524969398555954,0.005593575812447183,1.7512251764455948e-07
787,0.01119133206780362,0.00037695270390981727,0.0053312623440780905,0.005482942024525459,1.7499529025323422e-07
788,0.011159766410655702,0.0003208408884295296,0.005311367745121937,0.0055273844964426,1.732806616354724e-07
789,0.010963460762271232,0.00014084634914212464,0.0053165250582526274,0.005505918137179018,1.7121769746140736e-07
790,0.010974061694784166,0.0001538468949510265,0.0052576960773807885,0.005562346744718881,1.7197773346827212e-07
791,0.011173847863743236,0.00033986883029622945,0.005228394754409473,0.005605408903854862,1.7537518267073762e-07
792,0.011209901765558116,0.0004085453650656474,0.005351647266638981,0.005449531307283147,1.7782657033972514e-07
793,0.01102415383547922,0.00020037061704653814,0.005350348307066156,0.005473256349924671,1.7856144185688187e-07
794,0.01092634560115976,0.00010796764047904399,0.005325708178439583,0.0054924918079653625,1.779742757701183e-07
795,0.011098488841252746,0.00029626938175196846,0.005286084104612281,0.005515956820655716,1.7853423278094833e-07
796,0.011262779693363657,0.0004405190801601755,0.005276355587949792,0.00554572397091422,1.8105433946938462e-07
797,0.011077944396487484,0.00028390835335812806,0.00540604951161855,0.005387805114228612,1.814172821946138e-07
798,0.010905616249881069,0.00010030579036353078,0.005334373743633359,0.005470757407079397,1.793088047816032e-07
799,0.011071005088411853,0.00025296768066046456,0.005201961780241866,0.005615897980263431,1.7764724609093721e-07
800,0.011229067233360982,0.00044243398778625134,0.005252351085808602,0.005534103041857131,1.7911790899763545e-07
801,0.011127843953162199,0.0003223708582406192,0.0053807622280205875,0.0054245268081090136,1.840587919793857e-07
802,0.010913196808464568,0.00012136051022543653,0.005452504346374865,0.0053391463303045774,1.856215596893781e-07
803,0.011038218313826412,0.0002529711228421733,0.005291528592542385,0.005493536679541065,1.819189007877109e-07
804,0.011203941477351322,0.0003928528519929804,0.0051786741001353396,0.00563223368124354,1.8084397946188644e-07
805,0.010980343931493275,0.00019853715063052518,0.005334911154383806,0.005446711503308317,1.8412317062730455e-07
806,0.010922773028806544,0.00014317691488168697,0.005410571908071554,0.0053688345066477735,1.8969920553020015e-07
807,0.011120759700029056,0.0003273953678590599,0.005251349808736491,0.0055418234622018935,1.9106123161294362e-07
808,0.01111048059115667,0.0003371356695119298,0.005150401636036004,0.0056227554010250605,1.8788458367481195e-07
809,0.010913386687445159,0.00012778317379463593,0.005238211189495525,0.005547202870221696,1.8945393330171083e-07
810,0.010931795210895564,0.0001493408668229166,0.005376936290806088,0.005405323353335323,1.9469993123679733e-07
811,0.011088284536535133,0.00032329709901828446,0.005396353166601284,0.005368436089413365,1.981815021985114e-07
812,0.011051594839690468,0.0002639627996082745,0.005245450514031341,0.005541984255505935,1.9727054491593572e-07
813,0.010888713219424124,0.00011541882366972207,0.005233853791878461,0.005539247480397802,1.9312347813891675e-07
814,0.010937053885304672,0.00017383408883634276,0.005316112115663484,0.005446914204558181,1.9347624666388592e-07
815,0.011102653433459852,0.00032625655256134247,0.005331764581302298,0.005444433285592976,1.9901400323502263e-07
816,0.011033434356241335,0.00027944842734380413,0.005323497888365488,0.0054302852252314645,2.028153005784731e-07
817,0.010880475631592173,0.00011162876827359745,0.005193147338846642,0.005575497676726447,2.0184774548735861e-07
818,0.010901231006548334,0.00013449551954657465,0.005165726727174168,0.005600810742941883,1.9801688571048594e-07
819,0.011054045051858691,0.00031123017903232934,0.005266495558009948,0.005476122033027742,1.9728178867204084e-07
820,0.011125860691099505,0.0003613760875429388,0.005302491147103471,0.005461791170904037,2.0228554905731008e-07
821,0.010951837361780303,0.00020326683771802268,0.005321349606844603,0.005427014489617014,2.0642760066315737e-07
822,0.010855617624881244,9.856715848549568e-05,0.005239904380548469,0.005516939828843041,2.0625700423795133e-07
823,0.0109709553415863,0.0002120200076733925,0.005249286977501137,0.005509445393265075,2.0296314669534426e-07
824,0.011118710864662058,0.0003885974801411105,0.0053745293245713345,0.005355383602774814,2.0045717480080022e-07
825,0.011072958165075171,0.0003205275531321102,0.005318723220587426,0.005433504658582193,2.0273277344242272e-07
826,0.010874126723069484,0.0001337810731107653,0.005268179714250398,0.005471958751570638,2.0718413768280473e-07
827,0.010874807553959502,0.0001361875073947049,0.005222810410041261,0.005515598952170036,2.106843534998121e-07
828,0.011063321459787818,0.0003185271845480112,0.00524748471505831,0.005497099113018936,2.1044716256168225e-07
829,0.01115045209543504,0.00043659636935610595,0.005332698161940749,0.005380950624089876,2.06940048309967e-07
830,0.010997295627597638,0.0002584141381472137,0.005256344576773124,0.00548232979735827,2.0711531903077358e-07
831,0.010829947465326777,9.771076173172411e-05,0.0052530243351410644,0.005479000065499413,2.1230295457537623e-07
832,0.010936892088484172,0.00021424123136520564,0.005328059207702776,0.00539437319588389,2.1845353230025177e-07
833,0.011140851047909047,0.00040451885902498795,0.0053477054791200304,0.005388408335510491,2.18374253537566e-07
834,0.011044386951515864,0.00033507462850693897,0.0053856002465685615,0.0053234995433871545,2.1253305321119061e-07
835,0.010840800457648295,0.00011735887930250893,0.005246741271449851,0.005476490549670129,2.0975722580560386e-07
836,0.010868504461912488,0.00014505985832245145,0.0052163713561014,0.005506858354009151,2.1489347948726426e-07
837,0.011074375756653463,0.00037449088542945935,0.0053215278292161735,0.005378134521248032,2.225207597983685e-07
838,0.0111423852468537,0.0004215068165308379,0.005302681885786052,0.005417973301461809,2.232430749995398e-07
839,0.010892563988467307,0.00019090474760837263,0.005278238108187746,0.005423203768707019,2.1736396416987774e-07
840,0.01081863970389094,0.00011335528155617547,0.005241111144465734,0.005463958932670447,2.1434519858276985e-07
841,0.011020231645229379,0.000306083848932382,0.005304558161702341,0.005409371223540926,2.1841105372833755e-07
842,0.011117584619038327,0.00042630557490124714,0.00543645160342082,0.005254603498553733,2.239421625258156e-07
843,0.01092632145560961,0.0002150882695775346,0.0053012747549341654,0.005409735383122473,2.230479754392777e-07
844,0.010795759333967793,9.369166487732868e-05,0.005240612392308387,0.005461236205130958,2.1907165112009892e-07
845,0.010967172452715323,0.00028437399642602506,0.00529730240729908,0.005385277468012574,2.1858097764257556e-07
846,0.011166281969296402,0.00046777446342930075,0.005308070003954835,0.005390215407705469,2.2209420679740355e-07
847,0.010967072419046021,0.00028970421841660105,0.005297075501666644,0.005380067506477712,2.2519248506529235e-07
848,0.010783898595460353,9.271504342864185e-05,0.00521299146335369,0.0054779680414550145,2.2404722300650416e-07
849,0.010917231505954188,0.0002224280878770088,0.005258465918881152,0.005436115658912401,2.218402836251748e-07
850,0.011102950584128902,0.00043316072095422214,0.005396819146542276,0.00527274877633438,2.2194029802298827e-07
851,0.01099289768513292,0.0003040084187208553,0.005315137451531865,0.005373528560839042,2.232540411579667e-07
852,0.01077667384411945,9.845670329067438e-05,0.0052583951428312025,0.00541959695033149,2.2504766608354278e-07
853,0.01088869865740725,0.00021981780125657964,0.005285929438996716,0.00538272536024897,2.2605690498573948e-07
854,0.011125590151895176,0.0004429915146475425,0.005319263494498982,0.005363109174441401,2.259683072508673e-07
855,0.010989677072352768,0.00033095068661179015,0.005346156303331536,0.005312344788454772,2.2529395467071743e-07
856,0.010769826024886997,9.818547597337224e-05,0.005217589177488318,0.005453828007362418,2.233640628881265e-07
857,0.010860813657163269,0.0001873594744530343,0.005223050100410066,0.0054501805329276,2.235493725688368e-07
858,0.011077514847257743,0.00042735894875352537,0.005367500118305767,0.005282429061253065,2.2671894538531142e-07
859,0.011022878743535925,0.0003530680724306743,0.005320601021832131,0.005348981173141358,2.2847613176219867e-07
860,0.010769223096520151,0.0001118685567736461,0.005246807517177483,0.005410319904293031,2.2711827598904898e-07
861,0.010838650082664271,0.00018730073635323845,0.005254451534981813,0.005396673152279908,2.2465904931273607e-07
862,0.011096836420021875,0.00043248619571304147,0.005340618519460597,0.005323506367695326,2.2533715291066584e-07
863,0.011001021132860458,0.000358106541942207,0.005409538448008603,0.005233147006618164,2.2913629148592135e-07
864,0.010758473966892014,0.0001031129268248526,0.005228403687319372,0.005426728423568925,2.2892917886352688e-07
865,0.010830726976848861,0.00017565657185352956,0.005193362845687496,0.005461481376742469,2.261825653681348e-07
866,0.011064257729676669,0.0004337659630636808,0.0053405325544834265,0.00528973297531553,2.2623681403144277e-07
867,0.01103750825915176,0.0003873528277466075,0.005338684125547671,0.005311241530506657,2.297753508239887e-07
868,0.010756294911954902,0.00011735508115490596,0.005236899259877481,0.005401807676852816,2.3289406969774972e-07
869,0.010824357752312918,0.00018946996812060625,0.005204114956158513,0.0054305422976476175,2.305303861822261e-07
870,0.011100380330556261,0.0004539193030898367,0.005344915111934369,0.005301319720600353,2.261949317014527e-07
871,0.010998716293962237,0.0003709179157232774,0.0054784567773107275,0.005149115964270108,2.256366581226946e-07
872,0.010729740920531418,9.106279769240703e-05,0.005275430014344303,0.005363020170271971,2.2793822273754406e-07
873,0.010868377456000784,0.00022452213896218014,0.0051490420097274016,0.005494581938380565,2.3136893063708982e-07
874,0.011087155284366088,0.00047181953544837314,0.005302195605089496,0.005312908169197887,2.3197463033029445e-07
875,0.01100897425746257,0.00037629115381617725,0.0054402281368925555,0.00519222649495413,2.2847179970735062e-07
876,0.01071140813971743,8.946942032136004e-05,0.005323629684364846,0.005298083659186598,2.2537584462664184e-07
877,0.010948405749276455,0.00032840209078797554,0.005104285558504056,0.005515492331405693,2.2576857873151917e-07
878,0.011224459697868599,0.0005871410663040659,0.005225424209929924,0.00541166570066721,2.2872096739854016e-07
879,0.010928367605943812,0.0003080311248114102,0.005553248752481682,0.005066858871737315,2.288569134053147e-07
880,0.010747945658538231,0.00012550118798426935,0.00550065091885246,0.005121569165172605,2.2438652889562637e-07
881,0.01111027478831439,0.0004767560907926736,0.005214884009375794,0.005418411863918154,2.2282422776723653e-07
882,0.011063000695315824,0.0004526017678438165,0.005166888995940937,0.005443282145524339,2.2778600673154775e-07
883,0.010717635829279376,0.00010041314534775488,0.005380078709390337,0.005236911614675851,2.3235986543273099e-07
884,0.010888220722902063,0.0002682024164119666,0.005488859137507505,0.005130929652568578,2.2951641401231006e-07
885,0.011023563779667267,0.00042373800542794217,0.005378371580019886,0.005221230111188058,2.2408303137980347e-07
886,0.010796809586283786,0.00017792813268231427,0.005156378355656615,0.005462280710450987,2.2238749387224375e-07
887,0.010743286686436615,0.00012617385251194636,0.005091935787934497,0.00552495215611157,2.2488987860185863e-07
888,0.010967652090400262,0.00037263460931219656,0.005227796908108308,0.0053669939885333025,2.2658444645583988e-07
889,0.01099226132520984,0.0003820150612156302,0.005408119488749542,0.005201901085985991,2.2568925867551546e-07
890,0.010719576273335168,0.00011798686928233985,0.005441290044976937,0.00516007413687673,2.2522219916222233e-07
891,0.010843547562643342,0.0002460429551980566,0.0052356220936809385,0.005361656309127066,2.2620463728077677e-07
892,0.011107373780145943,0.0004881721097333365,0.005098200063456615,0.005520774530980279,2.270759757121852e-07
893,0.010855298769678843,0.0002608864154663723,0.0052376793166943655,0.00535650700375504,2.2603376306572524e-07
894,0.01070425087766579,0.00010587259717883322,0.00544060649270971,0.005157547742780091,2.2404499715472024e-07
895,0.010935791583360565,0.0003298651734776084,0.005430469036593709,0.005175233163149665,2.2421013958365604e-07
896,0.01093965958381033,0.0003520865244445273,0.005300908568242058,0.005286437091943475,2.2739918027017294e-07
897,0.010723876031786459,0.00012371608272341138,0.005162465664215496,0.0054374654054603015,2.2887938724941e-07
898,0.010733396745156835,0.00013746638810510932,0.005152819269063183,0.005442885379416564,2.2570857197899325e-07
899,0.010947031817905042,0.00037088083503760864,0.0052470414680100864,0.005328888914308293,2.2060054905366926e-07
900,0.010947936483920255,0.0003554206555204366,0.0053175044751946465,0.0052747913008656545,2.2005233951675005e-07
901,0.01070323263000772,0.00011887474239707615,0.005307783556973026,0.0052763495469830635,2.2478365455454294e-07
902,0.010756199295331316,0.00017074519903747477,0.005187781288020857,0.00539744230061222,2.3050766076508643e-07
903,0.010986304597210091,0.00038903649334405543,0.0051490384602093245,0.005447996556155359,2.3308750135245982e-07
904,0.010888430353942886,0.0003137986961002112,0.005276617874394806,0.00529779322106743,2.2056238043927694e-07
905,0.010690372973810218,0.00010753904999145123,0.00538306764915091,0.0051995566134636646,2.0966120419095742e-07
906,0.010778241324957956,0.0001927603670400299,0.005327027806336244,0.0052582420803929854,2.1107118869551182e-07
907,0.010947958955339619,0.00037565951441064253,0.005216669898324378,0.005355406388969723,2.2315363487641672e-07
908,0.01087412049146802,0.0002856084857762742,0.00520171742262063,0.0053865525934735274,2.419895975900215e-07
909,0.01067173758551423,9.439343692698811e-05,0.0052817901415823576,0.005295311277616917,2.4272938796578e-07
910,0.010763372151088557,0.00019375655728440998,0.005302054301515296,0.005267331062983614,2.3022930523680504e-07
911,0.010965065060868076,0.00038578899184232087,0.005235433508102391,0.005343623246631414,2.1931429195105801e-07
912,0.010861323771199949,0.0003007116252578644,0.005207266127350678,0.005353130550887091,2.1546770431536976e-07
913,0.01066895217329914,9.895477012086286e-05,0.0052105256012854,0.00535925137924272,2.2042265015660492e-07
914,0.010713370364111484,0.00013939423192388734,0.005204698320655655,0.005369053132696466,2.2467883547497701e-07
915,0.010905655805064836,0.0003432421104393513,0.005233020138146485,0.005329167094256411,2.2646222258832134e-07
916,0.010923668982414403,0.0003459880131793012,0.0053115082866495526,0.005265940804853,2.3187773254875581e-07
917,0.010701649207530223,0.00013698177896490522,0.0053854189941185205,0.00517901470356716,2.3373087963616058e-07
918,0.010675924844865804,0.00011498850216069801,0.005270475200583137,0.005290231523133177,2.2961898879214272e-07
919,0.010903166522260047,0.0003331487074210852,0.005135871428125981,0.0054339233240620205,2.2306265096049994e-07
920,0.010987854242833881,0.0004389070164646156,0.005190388194416701,0.005358339813824315,2.1921812824921524e-07
921,0.010826880500941601,0.00026151110296445995,0.005361498049100702,0.005203647790280583,2.2355859585814452e-07
922,0.010646721325602496,8.516253279804387e-05,0.005380539419938387,0.0051807926566251545,2.2671624091184569e-07
923,0.010811405112979466,0.000257135973260308,0.00520954947989615,0.005344491982034073,2.2767778893494065e-07
924,0.011046392511183206,0.0004794909313122757,0.005147938014317343,0.005418734055191788,2.2951036179890933e-07
925,0.010889286872066273,0.00034682680220019706,0.00530617695715177,0.005236057106636206,2.2600607809983698e-07
926,0.010655276060484581,0.00010317729746800213,0.0054132669287261966,0.005138612467949382,2.1936634099997679e-07
927,0.01075960389025901,0.00020420068459710516,0.005295161264202444,0.005260025520847343,2.164206121178202e-07
928,0.010992271959653613,0.000449758254123495,0.005168188952054897,0.005374101873291469,2.2288018375217915e-07
929,0.010930189472688616,0.00037177236607599355,0.005246847736947911,0.005311335420090098,2.339495746133967e-07
930,0.010649897709013157,0.0001017972348704454,0.00538809758984023,0.0051597725913889335,2.3029291355023418e-07
931,0.01075219502921039,0.00021128518521948712,0.005336157636111751,0.005204533749629664,2.1845824948803544e-07
932,0.011018559534181417,0.0004673545703251575,0.005207869374659821,0.0053431189205797565,2.1666861668221818e-07
933,0.01085818956888478,0.00032725014593575167,0.00523684670032774,0.005293866805241837,2.259173794522361e-07
934,0.010630569641647178,9.070217185647702e-05,0.005318710613704081,0.005220922962388478,2.3389369814076174e-07
935,0.010756171486487713,0.00020983414308771106,0.005270418595959424,0.005275690121058834,2.2862638174238799e-07
936,0.010961243763046354,0.00042880638600919596,0.005213470218718603,0.005318746684652102,2.2047366645357569e-07
937,0.010823050978909293,0.0002785150039815522,0.005291980461938225,0.005252332348146575,2.231648429402883e-07
938,0.010620651376813938,8.701711578498708e-05,0.005349982015061447,0.005183423714027226,2.2853194027704186e-07
939,0.010777573432460101,0.0002522682642267988,0.005233059608616987,0.005292018948151073,2.2661146524178443e-07
940,0.011004661323181168,0.00046279408917477167,0.005163802379113802,0.005377842021709929,2.2283318266565867e-07
941,0.010810748494626146,0.00028467357867465706,0.005297634101580425,0.005228215686966784,2.2512740427999895e-07
942,0.010617091376523571,8.265258124492966e-05,0.005401303661627061,0.005132903253392479,2.3188025910190298e-07
943,0.01078891968599426,0.0002521195848906972,0.005277720536384816,0.005258848564131708,2.3100058703831927e-07
944,0.010958476129311707,0.0004383218708466935,0.005147150466850625,0.005372781553235166,2.2223837922161172e-07
945,0.010801284474892795,0.0002699142676361131,0.005240829084505563,0.005290323986488244,2.171362628751529e-07
946,0.010609300957453698,8.5165147282701e-05,0.0053778016062373405,0.00514611596800631,2.1823592734738536e-07
947,0.01076813929215557,0.0002508255714783342,0.0053094268358548245,0.005207664411178016,2.2247364439583876e-07
948,0.010966453178988441,0.0004330223837403675,0.005171200660909406,0.005362002912830448,2.2722150821960402e-07
949,0.010770710916769649,0.0002533549567306,0.005208772664037186,0.0053083542770718415,2.2901893002243261e-07
950,0.010594199627061037,7.375011947008495e-05,0.00532335786368267,0.005196866428189607,2.2521571867475415e-07
951,0.010756141309399043,0.00023432732919336695,0.005288557663554801,0.005233039326077066,2.1699057380940224e-07
952,0.010908610140318952,0.0004027208019604754,0.005180265380598578,0.005325410317959152,2.1363980074847636e-07
953,0.010785445895732399,0.00026497918327645465,0.005205214138254828,0.005315032335995595,2.2023820552019596e-07
954,0.010591380257114444,7.712914912059964e-05,0.0052893155475236785,0.005224708098539064,2.274619311004345e-07
955,0.010700426694394477,0.00019009012831546033,0.0052832908314106915,0.005226819167755845,2.2656691247871543e-07
956,0.010907090883761841,0.0003863429982231887,0.005233366979550772,0.005287158454579905,2.2245140797551986e-07
957,0.010803184375601111,0.000300472458933619,0.0052698897311145776,0.005232600641737272,2.215438156415549e-07
958,0.010601394909150947,9.177740581370798e-05,0.005294602871973331,0.005214793551106779,2.2108025713149048e-07
959,0.010643439278622949,0.00013304279627091757,0.005214801269745472,0.005295377803875285,2.1740873127518548e-07
960,0.01085860675877821,0.00036016957711986413,0.005164200420040152,0.005334019673298643,2.170883195503382e-07
961,0.010928489522332534,0.00041644804166850055,0.005277729930795101,0.005234087878126347,2.2367174258570175e-07
962,0.01068278530315024,0.00018231555183893656,0.00535731594815541,0.005142927256533182,2.2654662271184697e-07
963,0.010587359596031447,8.544587056029626e-05,0.005235508556181257,0.005266185216523104,2.1995276678978721e-07
964,0.010824425529962042,0.0003158417659554882,0.005156157247719274,0.005352211987805768,2.1452848151256605e-07
965,0.010957584885842904,0.0004685407469419862,0.005273150424336767,0.005215678261840364,2.154527237843571e-07
966,0.010788032583947288,0.00028089345550329805,0.005420966999277538,0.005085955416390464,2.1671277598634696e-07
967,0.01057204782698896,7.057428298470828e-05,0.005334060424185202,0.005167196993470348,2.1612634870181333e-07
968,0.010796774852019611,0.0003030458844789285,0.005150359701973136,0.005343148975050198,2.2029051734876057e-07
969,0.011057139243324075,0.0005530420393683318,0.005211600842177311,0.005292270644829533,2.2571694890054373e-07
970,0.010824612238243955,0.0003360019231969497,0.0054170945794113365,0.005071296487674214,2.1924796145389184e-07
971,0.010576458967322861,8.147397094767924e-05,0.005393709857689721,0.005101068484155505,2.0665452995576258e-07
972,0.010839074181989497,0.00033829063242479243,0.005193412583574752,0.0053071637931439795,2.071728459732171e-07
973,0.01100933697647116,0.0005255741399958024,0.0051528181557718615,0.005330724115320471,2.2056538302503885e-07
974,0.010760249504635486,0.00026242223061751917,0.005369399372983628,0.0051281997168106976,2.2818422364189723e-07
975,0.01058959971799814,9.375080086308886e-05,0.005434561539428867,0.005061070666418478,2.1671128770744554e-07
976,0.010906197151268008,0.0004240547044125635,0.005271773180289411,0.005210166078694117,2.0318787191689163e-07
977,0.010961617907361502,0.0004650118916160389,0.005215240935574497,0.005281158719175082,2.06360995885431e-07
978,0.010602238749935398,0.00011725578471004037,0.005324704863416467,0.005160057414982228,2.2068682666344584e-07
979,0.010709591930475989,0.00022704373436065257,0.005353605499459122,0.005128716814536688,2.2588211952692812e-07
980,0.01097578922354104,0.0004807269538340846,0.005256879340458743,0.0052379673971364,2.1553211181317337e-07
981,0.010739384816481826,0.0002580311163020507,0.00522370159430844,0.005257447831280363,2.0427459097161232e-07
982,0.010565864483664032,8.296408564734073e-05,0.005288759815731884,0.005193936096594313,2.0448569049474195e-07
983,0.010843259212625609,0.0003562857583334371,0.005300419000510535,0.005186342480430635,2.1197335100113165e-07
984,0.01085631739490133,0.00038541463419625394,0.00523986437547166,0.005230822267331598,2.1611790181625202e-07
985,0.010580943690022415,9.822005853906129e-05,0.005238298721297777,0.005244212089108415,2.1282107716182605e-07
986,0.01063932185761263,0.00015382331256223,0.005223826901004355,0.005261463888479536,2.0775556650980124e-07
987,0.01086000329251689,0.00038688143646716005,0.005242131994168662,0.0052307816294084155,2.0823247265265638e-07
988,0.01077032089806643,0.00028486651503197176,0.00532784621216821,0.0051573957075905326,2.1246327571537126e-07
989,0.0105547236300943,7.719603989508865e-05,0.005296966391288383,0.005180350663475465,2.1053543536328525e-07
990,0.010718130572125516,0.00024608295557706377,0.005163632441172765,0.005308212598490674,2.0257688501337794e-07
991,0.010936436696895376,0.0004520647293376472,0.005203861098763179,0.005280311259794617,1.9960899993252294e-07
992,0.010727671563837764,0.0002548632692473478,0.0053748948817930325,0.00509770779336982,2.0561942756284905e-07
993,0.010556182253542618,7.885104448554624e-05,0.005373054627367905,0.005104063404106647,2.1317758252136326e-07
994,0.010784380477750488,0.00030273864207697225,0.005165069504341684,0.005316359779751405,2.125515804262906e-07
995,0.010923837614756989,0.0004566350589218026,0.005066270585792105,0.005400726773573979,2.0519646910280933e-07
996,0.01070658217191724,0.000230272492215236,0.005292717229783753,0.005183393035353912,1.994145643387753e-07
997,0.010565690931113321,9.055254911682175e-05,0.005431149357098898,0.005043791704047095,1.9732085050580677e-07
998,0.01077291992820182,0.0003078954711793921,0.005289981926956165,0.005174842763725797,1.997663404655622e-07
999,0.010904697880990027,0.00042458341617662693,0.005147112798341547,0.005332794732101569,2.0693437028415339e-07
1000,0.010640622689772054,0.00017307377787714165,0.0051908226949023435,0.005276513859720813,2.1235727175692193e-07
1001,0.010562312693123669,9.40965129611689e-05,0.0053149319813842145,0.005153076116949068,2.0808182921741955e-07
1002,0.010794743523721765,0.00032100346757074806,0.005303579385323236,0.005169963870910782,1.967999169979854e-07
1003,0.010788679880375327,0.00032910633467900854,0.005218078337260613,0.005241303097361681,1.9211107402538507e-07
1004,0.010563134043111289,9.571103606536602e-05,0.00519098084748489,0.005276246373326727,1.95786234307195e-07
1005,0.010589316929915434,0.00012270350545957282,0.005187477886411153,0.005278932772696348,2.0276534836106108e-07
1006,0.0107996243204516,0.00034355030095857883,0.005186963868780303,0.005268903663388668,2.0648732404979055e-07
1007,0.010787442814264013,0.00031807967077450677,0.005248286190414758,0.0052208711131196996,2.0583995504791003e-07
1008,0.010560874950763391,9.882215424622507e-05,0.005271030749169418,0.0051908219829712166,2.0006437653192007e-07
1009,0.010595197169835712,0.00013612783758023596,0.005229129033503411,0.005229744821557991,1.9547719407442395e-07
1010,0.010823047505039006,0.00035725335218457906,0.005213708964489497,0.005251889620037393,1.9556832753594624e-07
1011,0.010785139287679464,0.0003328126447750943,0.005248469205832841,0.005203659166664538,1.9827040699045858e-07
1012,0.010562122883394375,9.820647072714089e-05,0.005314855955125167,0.005148858354703205,2.0210283886179931e-07
1013,0.010578065083427617,0.0001134099960426255,0.005262264217571378,0.005202188303726389,2.025660872247091e-07
1014,0.010786071909609004,0.0003333776189332666,0.005196325984721874,0.005256168027779279,2.002781745830215e-07
1015,0.010835500026319179,0.00037408044412807985,0.005255654766822705,0.005205566534414216,1.9828095417790365e-07
1016,0.01060614677999659,0.00015656673786183556,0.005267273604490687,0.0051821132838885,1.9315375556781126e-07
1017,0.010539228976204563,8.743489662671178e-05,0.005163844050671278,0.005287761530199952,1.88498706621391e-07
1018,0.010761144622986685,0.0003015816786737647,0.005142680735398346,0.005316693334637933,1.8887427664296005e-07
1019,0.010869138584176983,0.0004242177095176204,0.005261800784636629,0.005182926316365389,1.9377365734601635e-07
1020,0.010691743311580022,0.00023157741774717527,0.0053976187724634065,0.005062347478579369,1.9964279007110547e-07
1021,0.010517315348300426,6.370996019716686e-05,0.005265901567301806,0.005187505796073202,1.980247282498957e-07
1022,0.01074502188502738,0.0002988043701827288,0.005109776375159551,0.0053362486381948755,1.925014902263419e-07
1023,0.01096714558531471,0.0005114659395683426,0.005274947319480045,0.005180542110977598,1.9021528872343342e-07
1024,0.010754165170181525,0.00030666808735646496,0.0054556909473333646,0.004991616676513714,1.8945897798249662e-07
1025,0.010515279836640157,6.53658814677058e-05,0.005331987821808845,0.005117736768469811,1.8936489379528864e-07
1026,0.010816572769743602,0.0003594532911454855,0.005100957122308408,0.005355971689932308,1.9066635740006377e-07
1027,0.010974374838075536,0.0005353011141606813,0.005127933450173048,0.005310946276912323,1.939968294850156e-07
1028,0.01072202266062332,0.0002675879481138103,0.005448401449167029,0.005005836406970977,1.968563715015549e-07
1029,0.010557905086468996,0.0001047528383364286,0.005485733471228675,0.004967226261342607,1.9251556128558052e-07
1030,0.010880857726802463,0.0004427445196805046,0.005229702938913113,0.005208224356103409,1.8591210543659862e-07
1031,0.010925647532761013,0.00047244123791204774,0.00515761344508478,0.005295407504499654,1.8534526453283272e-07
1032,0.01054073455941793,9.767398729485925e-05,0.005291578286825438,0.0051512927358109365,1.8954948669557945e-07
1033,0.010697912790976174,0.0002571840636900252,0.005390332625951915,0.005050203431046149,1.9267028808439847e-07
1034,0.010917479515275188,0.00046748615469972387,0.005341468507947325,0.0051083334638358955,1.9138879224261272e-07
1035,0.010620907298724927,0.00018357780602863057,0.00522852586507224,0.005208616630859484,1.8699676457312328e-07
1036,0.010569428835084644,0.00013332966363475008,0.0051996929849752425,0.0052362213731910615,1.8481328359010779e-07
1037,0.010874381856109862,0.00043167619916425874,0.005255704595668333,0.005186815465926539,1.8559535073126815e-07
1038,0.010747991952535159,0.000318331138785651,0.00526827668622028,0.005161197647807284,1.8647972194430474e-07
1039,0.010498308766102853,6.14965931702052e-05,0.0052472044415784215,0.005189421309356233,1.864219979923033e-07
1040,0.010737577447999126,0.000294047138213699,0.0051639140321491465,0.0052794310273376515,1.8525029862806372e-07
1041,0.01083586717557717,0.0004061183971909975,0.005176984001307895,0.005252579779061012,1.849980172666679e-07
1042,0.010578829843304733,0.00013790502900997404,0.005395256304642256,0.00504548106440276,1.8744524974278217e-07
1043,0.010573304076668304,0.00013423043114178413,0.005381619510679772,0.005057267071302962,1.870635437845887e-07
1044,0.010807676916904822,0.0003801136444848432,0.005162744160626312,0.005264635444058149,1.836677355178091e-07
1045,0.010750091556602533,0.0003089523513824098,0.005138283567126274,0.005302673332121086,1.823059727638369e-07
1046,0.010503698870978089,6.997874002274417e-05,0.005253710803037348,0.0051798260382436455,1.8328967434978282e-07
1047,0.010650554262509864,0.00022220026661083788,0.005326969041170142,0.005101199546455464,1.8540827342009443e-07
1048,0.01080983709743582,0.00037469437371532693,0.005274249027122461,0.005160707334005273,1.863625927583559e-07
1049,0.010601719838464389,0.00017737348135296217,0.005129228852249526,0.005294933953282434,1.8355157946636963e-07
1050,0.010502185477622963,7.532809328454575e-05,0.0051197919838665935,0.00530688515113228,1.8024933954510564e-07
1051,0.010697992954666275,0.0002665009375193757,0.00520588607479206,0.005225427456383826,1.7848597101091884e-07
1052,0.010764687712503461,0.00034477884730594227,0.005241134463425958,0.005178595869530558,1.7853224100294093e-07
1053,0.010561332086482751,0.00013154859296399745,0.0052708123854482425,0.005158789873725205,1.812343453058096e-07
1054,0.010507880657858817,7.997517623756857e-05,0.005166917084336226,0.005260805903551041,1.8249373398299148e-07
1055,0.01071908407835189,0.0002995148297753165,0.005098298715998569,0.0053210888002124335,1.8173236557151285e-07
1056,0.010822156947415692,0.00039298821535240413,0.005267714753757869,0.005161272957168924,1.8102113649597438e-07
1057,0.010595955507898162,0.00017377517386265497,0.0053571483390150035,0.005064853249629001,1.7874539150149533e-07
1058,0.010504497667826025,8.106943115304849e-05,0.005262062808242001,0.005161188137869802,1.7729056117323737e-07
1059,0.010749764684977592,0.0003199827716217417,0.005132704957409648,0.00529689868229044,1.7827365576280954e-07
1060,0.010830274433672503,0.00041582860713076,0.005141545421316763,0.005272719841515347,1.8056370963389524e-07
1061,0.010634768783872331,0.00020874527187798568,0.0053665733303166355,0.005059267352063087,1.828296146207414e-07
1062,0.010493194791492156,7.114778443372006e-05,0.005331759443496556,0.005090107788533976,1.7977502790345897e-07
1063,0.01073894916584178,0.00032498271138595484,0.0051271223077927275,0.005286669079577323,1.7506708577376524e-07
1064,0.010891195466357358,0.00046619660488529186,0.005188498411615783,0.005236325481139214,1.7496871707060074e-07
1065,0.010631887349975671,0.0002174648268980994,0.0053122440906299435,0.005102001644977635,1.767874699952253e-07
1066,0.010506847676366327,8.883779796685088e-05,0.005332315900682237,0.00508551578733358,1.7819038366060282e-07
1067,0.010766320935684692,0.0003426534000247135,0.005190315287462296,0.005233174931748078,1.7731644960550946e-07
1068,0.010836528328677729,0.00042570241545739486,0.005113223206216636,0.005297426871112094,1.7583589160420625e-07
1069,0.010570912112450943,0.00015018726690011437,0.005352484142618153,0.005068063478214913,1.77224717761736e-07
1070,0.010530293190967968,0.00011031235456236964,0.0054008408677109505,0.005018963594318049,1.763743765992056e-07
1071,0.01076241445728354,0.000354515568339746,0.005186997049446361,0.0052207294021496395,1.7243734779469156e-07
1072,0.010803790225001893,0.0003826387339344148,0.005130662719927672,0.005290318510679878,1.7026045992824344e-07
1073,0.010516818416577584,0.0001055246374452383,0.0052054123894149954,0.005205711073461658,1.703162556920828e-07
1074,0.010549391529942765,0.00013990290765031397,0.00531285400320696,0.005096461567036005,1.730520494854121e-07
1075,0.010777048640837441,0.0003615249759397651,0.00528014148873356,0.005135206282619506,1.758935446088813e-07
1076,0.010685999408027912,0.0002814901579344151,0.005112244756203505,0.005292089015981813,1.7547790817768971e-07
1077,0.010484142223881708,7.302014661697192e-05,0.005164329180617336,0.005246618960196118,1.739364512811364e-07
1078,0.010543516263759541,0.0001315730639390847,0.005244689913494663,0.005167082863828446,1.7042249734623786e-07
1079,0.010726988121657895,0.0003254630094503603,0.005215186156119821,0.005186172539674453,1.6641641326027503e-07
1080,0.010680197106677065,0.0002681580380388547,0.005227982492229567,0.00518389051692013,1.6605948851415092e-07
1081,0.010485212514738789,7.962872046687212e-05,0.005154234484159374,0.005251181579033083,1.677310794600812e-07
1082,0.01052084854330429,0.0001176307652847394,0.005152834083368299,0.005250212703723855,1.7099092739563654e-07
1083,0.010720624573728127,0.00031111060994810257,0.00524121732808977,0.005168123649499714,1.7298619054034152e-07
1084,0.010717523535782569,0.00031938572430183107,0.005217946291166265,0.005180021244437192,1.7027587728188453e-07
1085,0.010529272644930256,0.00012123228748283747,0.005238880180766546,0.005168992933006329,1.6724367454272264e-07
1086,0.010474103868805559,6.81656265927341e-05,0.005171741306952316,0.005234031935014467,1.6500024604339313e-07
1087,0.010641972610547784,0.00024456120484232796,0.005136719395661608,0.005260526673016696,1.6533702715074887e-07
1088,0.010806397737110039,0.0003997880501854791,0.005276507137579989,0.005129934499011959,1.680503326110243e-07
1089,0.010652550112446611,0.0002568044878195832,0.005245691898404707,0.005149885822431296,1.6790379102543934e-07
1090,0.010468779400095907,6.579696873001829e-05,0.005229794528323391,0.005173021033738602,1.668693038950377e-07
1091,0.010546195929039957,0.0001420928983479376,0.0051845953392507735,0.005219342514748265,1.6517669298061824e-07
1092,0.010761925732008492,0.00036980746170591427,0.005147539557849675,0.005244414989805381,1.6372264752061973e-07
1093,0.010811746754437128,0.00040710357708961093,0.0053002828187094925,0.0051041955469932915,1.6481164473226606e-07
1094,0.010546241076803497,0.00015038049138227342,0.005250104044273479,0.005145591561958187,1.6497918955787375e-07
1095,0.010484826258393531,8.696274149055387e-05,0.005215980590604204,0.005181716433552624,1.6649274614900364e-07
1096,0.010705189030285141,0.0003019858802642152,0.005261831199315122,0.005141204155211197,1.6779549460719117e-07
1097,0.010814161751432369,0.0004247829579117484,0.005234806294377265,0.005154407395363805,1.6510377955060219e-07
1098,0.010605338292874127,0.00020359801804526215,0.005301318608055381,0.005100259749260583,1.619175129011503e-07
1099,0.010462212325047873,6.495879796345642e-05,0.005188878745453075,0.005208215508996958,1.592726343840536e-07
1100,0.010651360482531074,0.000261547598359529,0.005146009085469802,0.005243642365520818,1.614331809247295e-07
1101,0.010870786591510442,0.00046919242002804555,0.005349389823378805,0.005052036584253924,1.6776384966695734e-07
1102,0.010644278244296661,0.00025457721919393614,0.005299412786843379,0.005090119097344352,1.6914091499374027e-07
1103,0.010455317395325875,6.061778250308902e-05,0.005184627970419354,0.005209906777863334,1.6486454009859197e-07
1104,0.01067886869310001,0.0002795137669511683,0.00515472318422776,0.005244472229166263,1.5951275481918392e-07
1105,0.010817472777592431,0.0004315009217123176,0.0052722314521792485,0.00511358088450479,1.5951919607534303e-07
1106,0.010598069953103294,0.00019636022776071813,0.005432549823634405,0.004968995243204549,1.6465850362133378e-07
1107,0.010475056578392745,8.12211821072061e-05,0.0052358904019040396,0.005157780375929478,1.646184520200495e-07
1108,0.010803670442695663,0.0004171235700210352,0.005023367686773623,0.0053630192237303495,1.599621706555869e-07
1109,0.0108933518253781,0.0004953278229387135,0.0052783235523206,0.005119541585961567,1.5886415721980052e-07
1110,0.010557575993598509,0.00015822078633684605,0.0055113707255058505,0.004887823634176574,1.6084757923851105e-07
1111,0.010599820109048025,0.0002077848470503901,0.00536050693519405,0.005031366124513495,1.6220229009008294e-07
1112,0.010945776240671683,0.0005445043752023373,0.005149197787272885,0.0052519130713326295,1.6100686383016136e-07
1113,0.010635510623205256,0.0002474264802652563,0.005179826563745308,0.00520809935177419,1.5822742050026297e-07
1114,0.010491230454867278,9.680940099945085e-05,0.005425923157931032,0.004968341423728527,1.5647220826833963e-07
1115,0.010793017575680078,0.00039062512982781876,0.005471334266004571,0.00493090191572646,1.5626412122969386e-07
1116,0.010615872317236371,0.00023170075979962648,0.00524331661522983,0.005140696949674113,1.5799253280208483e-07
1117,0.010467726440814845,7.92596409792056e-05,0.005097729281810157,0.005290575811987681,1.6170603780211027e-07
1118,0.01069860272656581,0.0003064042943966304,0.0051071183136001935,0.0052849177811488636,1.623374201231794e-07
1119,0.010740747973728629,0.0003632509778771973,0.005178207423441041,0.005199132736523649,1.568358867415183e-07
1120,0.010497404870733773,0.00011056784390919543,0.005303947909243641,0.005082739074147865,1.5004343307247285e-07
1121,0.010538538166749403,0.00015082892997930918,0.005178513360019358,0.0052090482583933085,1.4761835742688556e-07
1122,0.010781284273293413,0.00039964964864365877,0.005021243089252079,0.005360238014376394,1.53521021280457e-07
1123,0.010645139090104009,0.0002532823758963833,0.005243951309101833,0.005147739334502403,1.6607060339131003e-07
1124,0.010471105895151366,7.791668043307759e-05,0.00542246167032737,0.004970556678044581,1.7086634633784375e-07
1125,0.010659849804415079,0.0002753124880477026,0.005338378880552754,0.0050459960196944,1.6241612022048847e-07
1126,0.010722457604733228,0.00032966386655191633,0.005214833764960387,0.005177808746914578,1.5122630634783856e-07
1127,0.01048428820784779,9.93668311579552e-05,0.005148356799887616,0.005236418250152925,1.4632664929603416e-07
1128,0.010524041550754164,0.00014257870527896942,0.005219760434983222,0.005161552610506388,1.4979998558445795e-07
1129,0.010741151376165322,0.0003516021619891107,0.005317179240646477,0.005072213695084836,1.5627844489853378e-07
1130,0.010568054063247335,0.00019112795350182887,0.00520645550397621,0.005170313336902732,1.5726886656428675e-07
1131,0.010443792565077279,6.334656224265608e-05,0.005082078460049763,0.005298213608037309,1.5393474755115342e-07
1132,0.010638618960368858,0.00025319948670672837,0.005037932244143848,0.005347336324085575,1.5090543270721228e-07
1133,0.010736625354836032,0.00036453938169181876,0.005079574732261221,0.005292360612116975,1.5062876601768913e-07
1134,0.010581740401905883,0.00019768379184312691,0.005307234012461184,0.005076669660127947,1.529374736248378e-07
1135,0.010445129161562459,6.244146437562254e-05,0.005259008795419655,0.005123527666541891,1.512352252895984e-07
1136,0.010670513200148222,0.0002927780651372266,0.005096306654953741,0.00528128145811258,1.470219446753607e-07
1137,0.010770100792305656,0.00038164707399537985,0.0052338113137572065,0.005154495774194843,1.4663035822648593e-07
1138,0.01052017247970533,0.00013682482249052503,0.005396624445191355,0.004986573409833369,1.4980219008162545e-07
1139,0.010507354854320913,0.00012510278888361293,0.005380939238804707,0.0050011585382933954,1.542883391964864e-07
1140,0.01074010136304559,0.000354538435669343,0.005198443228719253,0.005186964715804552,1.5498285244224506e-07
1141,0.01068536449263334,0.0003102356681269782,0.005042624287558199,0.005332353941984634,1.5059496352676103e-07
1142,0.010454397316935055,7.519778946511382e-05,0.0052290294520858345,0.005150022399586865,1.4767579724230323e-07
1143,0.01051964578834064,0.00013990963141095652,0.005317900741652857,0.0050616878194941406,1.4759578268538579e-07
1144,0.010678537154681837,0.000310732229569918,0.005141671576272182,0.005225984213993471,1.4913484626642012e-07
1145,0.010637386460560401,0.00025821148255188197,0.005087980236636986,0.0052910438117190345,1.5092965249862751e-07
1146,0.01044986844754587,7.650319410622097e-05,0.005074139607663267,0.00529907666969325,1.4897608313165452e-07
1147,0.010483690817290904,0.0001128874473881567,0.00518610534365943,0.005184551814575807,1.462116675115173e-07
1148,0.0106563791956317,0.00027680098755518856,0.005294248221737489,0.005085183830059481,1.4615627954232326e-07
1149,0.010592596063539711,0.0002232137439823308,0.005181963919962423,0.005187270344697014,1.480548979441172e-07
1150,0.010447589378621872,7.166281833118826e-05,0.005167925917334181,0.00520784976809036,1.5087486614290335e-07
1151,0.010463698263525596,8.875171703326358e-05,0.005168682033752704,0.0052061147725838445,1.4974015578316309e-07
1152,0.01061327899271164,0.0002479365121656347,0.005159948932039581,0.005205248211607121,1.4533689930592996e-07
1153,0.010677119525860214,0.000302364469078962,0.005249023204160854,0.005125588549075316,1.433035450811595e-07
1154,0.010516900093381926,0.00015070809135981242,0.0051430980544338745,0.005222949878947576,1.4406864066324107e-07
1155,0.01042372113655523,5.3384788173790694e-05,0.005110717908382952,0.005259471249722525,1.4719027596135812e-07
1156,0.010512703506418692,0.00014098440469643438,0.005136465470499589,0.0052351064174710965,1.4721375157230973e-07
1157,0.010669322815170369,0.0003086115004657198,0.005122259999935669,0.005238308693968006,1.4262080097506085e-07
1158,0.010719197836805793,0.00034679938132070907,0.005258793112538712,0.005113465355791772,1.3998715459912337e-07
1159,0.01052643238798923,0.00016249386057889077,0.00517601917244765,0.005187778191978728,1.4116298396240108e-07
1160,0.01042220423349,5.3573350053103864e-05,0.0052037175296953606,0.005164766897755655,1.4645598588231255e-07
1161,0.010541523707251022,0.0001696200553679255,0.005250604139076215,0.005121151350625569,1.481621813119607e-07
1162,0.010693581661337716,0.0003341350124044801,0.005173860584607119,0.005185443614896878,1.424494292387616e-07
1163,0.010683412396234234,0.0003127548995564698,0.005257140324746887,0.005113379626449539,1.3754548133967467e-07
1164,0.010478406713410106,0.00011643840850264152,0.005170737345916564,0.005191093232092955,1.3772689794466077e-07
1165,0.010427391017205953,6.443463843414796e-05,0.005170474156235257,0.005192338302102598,1.4392043395097936e-07
1166,0.010597646741239253,0.00023052797275012,0.0052207024600287285,0.0051462680764406375,1.4823201976617785e-07
1167,0.010727484531228867,0.00037305314159701345,0.005128791914956551,0.005225495620885473,1.4385378982918727e-07
1168,0.01066540389316869,0.0002976505702763092,0.0052725958265810976,0.005095018757236243,1.3873907504128755e-07
1169,0.01044463325976109,8.373593564407162e-05,0.005205794242986168,0.005154965997100816,1.3708403003309698e-07
1170,0.010465326382951683,0.00010547055354911856,0.0051795330572802336,0.005180181386098816,1.4138602351554043e-07
1171,0.010692357801732414,0.00032489580911023537,0.0052747632335138454,0.005092552989757191,1.457693511425851e-07
1172,0.010711124171747079,0.00035756004800622225,0.005198538978407729,0.005154882218088404,1.4292724472498247e-07
1173,0.010515251835558483,0.00014907810717206246,0.005321447588234364,0.005044586949846135,1.3919030592235936e-07
1174,0.010421128439003929,5.9839732090506226e-05,0.005213456515201685,0.00514769473641969,1.374552920483615e-07
1175,0.010614134704438333,0.00026096860821869046,0.005091135727602197,0.00526189119811123,1.391705062150196e-07
1176,0.010820793053158417,0.0004572687032309021,0.005256916355244779,0.0051064663268673895,1.4166781534715416e-07
1177,0.010604492114446553,0.0002521971842514144,0.005209047199793585,0.005143108897191291,1.388332102609776e-07
1178,0.010415980917544374,5.6924876251876796e-05,0.005209343235509427,0.005149575798630947,1.3700715212336675e-07
1179,0.010584038402413886,0.0002208307272156267,0.005240499585442584,0.005122569490684926,1.3859907074881e-07
1180,0.010744054906700135,0.0003931454889223836,0.005245995078451951,0.005104773971812654,1.403675131452799e-07
1181,0.010588129276417139,0.0002206967848081618,0.005417561735512772,0.004949730707552058,1.4004854414886538e-07
1182,0.01041204291542162,5.463676730884239e-05,0.005183956902306944,0.00517331486519796,1.3438060787400284e-07
1183,0.010657884000953783,0.0003063473953811572,0.005014151216921133,0.005337253839354543,1.315492969496174e-07
1184,0.010864908706907222,0.0005038922408334716,0.0052865103118819425,0.005074369931760983,1.3622243082362579e-07
1185,0.010586179056602018,0.0002340223784178256,0.005338132664428161,0.0050138833006543,1.40713101730605e-07
1186,0.01044387995160749,9.151944570386438e-05,0.005162715220055584,0.005189505261245709,1.4002460233332893e-07
1187,0.010835207703982433,0.0004733386964867013,0.005082202250391358,0.005279533119703892,1.336374004814317e-07
1188,0.01076451140235611,0.00041534232403471315,0.005231355602970452,0.005117684364195201,1.2911115574393263e-07
1189,0.010498307060995207,0.00011890922105973822,0.005632122734367334,0.004747141887942773,1.3321762536143066e-07
1190,0.01061143250460506,0.00023929025949854954,0.005484589857506267,0.004887412984812521,1.3940278772045186e-07
1191,0.010773102476771955,0.0004212401128289796,0.005090095432476662,0.005261626190938991,1.407405273229946e-07
1192,0.010504678106589362,0.00014594160523501097,0.0051388869202122975,0.005219712100227416,1.3748091463923704e-07
1193,0.010460248074704429,0.0001042531958892836,0.005282476024682874,0.00507338712985653,1.3172427574019106e-07
1194,0.010717609271000642,0.0003727828180401925,0.005259608115256411,0.0050850904451403105,1.2789256372670172e-07
1195,0.01057423159402451,0.0002213933410111913,0.005178269634558039,0.005174438959980367,1.2965847491341805e-07
1196,0.01042293965977279,7.046490914645528e-05,0.004987009775633304,0.005365331525536743,1.3344945628699978e-07
1197,0.010602023806835437,0.00025330692279374763,0.004965428462411284,0.005383152093160868,1.3632846953697517e-07
1198,0.010741662567898118,0.00038592184869977713,0.005242170947615705,0.005113433011330437,1.367602521995905e-07
1199,0.010517223247613963,0.00016680657821962924,0.005333227154818609,0.0050170565327162095,1.3298185951485345e-07
1200,0.010466747944058292,0.00011744886511246489,0.005229094480544042,0.005120074022307793,1.3057609399117382e-07
1201,0.010754812336770971,0.0003966176920054132,0.005110111275851546,0.0052479505802492865,1.3278866472622478e-07
1202,0.010634699139460083,0.0002863622342919867,0.005102388593548882,0.005245810918378717,1.3739324049677115e-07
1203,0.010423217550594577,6.483838533284711e-05,0.005379782054104183,0.004978456250535654,1.4086062189235928e-07
1204,0.010591180333661666,0.00022439290250788268,0.005476362378975919,0.004890289832070717,1.3522010714775998e-07
1205,0.010603830332737225,0.0002544116685040308,0.005274745886254913,0.0050745472137970725,1.255641812096107e-07
1206,0.010428586180507397,7.582874242624203e-05,0.00512497874337824,0.005227655247739994,1.2344696292300159e-07
1207,0.010484389840402274,0.00013126375936062842,0.0050350759521175644,0.005317922775753712,1.273531703680756e-07
1208,0.01066975186899911,0.0003268936295557969,0.0050272456342556554,0.00531547945838255,1.3314680510819846e-07
1209,0.010606524179856466,0.0002564259990766754,0.0051925261071189355,0.005157435368574501,1.3670508635329495e-07
1210,0.010412385151539088,6.662114166702864e-05,0.005182309075555995,0.005163321918220956,1.3301609510866536e-07
1211,0.010534007747488106,0.00019003128884501535,0.005068481675348021,0.005275366559016537,1.282242785326659e-07
1212,0.010702476616256567,0.000350204147244322,0.005095103383147063,0.005257040377608625,1.2870825655713745e-07
1213,0.010567068148382364,0.00022391120452312758,0.005155180569326271,0.005187846046475099,1.303280578659405e-07
1214,0.010424087630958439,7.302064487011162e-05,0.005305573861414355,0.005045361305843992,1.3181882998237585e-07
1215,0.010544848567548419,0.00018918097716645008,0.0052893869078276924,0.0050661508742461114,1.2980830816557797e-07
1216,0.010648143259644501,0.00030231161666506795,0.005160778990260283,0.005184925553804188,1.2709891496128115e-07
1217,0.010482100066555223,0.00012737444372613662,0.0052902148510480685,0.0050643805141236285,1.3025765738716981e-07
1218,0.010418272169732398,6.683639554828524e-05,0.005314048715216578,0.005037253939398659,1.3311956887561492e-07
1219,0.010587621856693005,0.00024754177570250445,0.005140517234516895,0.005199432302437126,1.3054403647763326e-07
1220,0.01066077888414035,0.0003124571144025745,0.005056218986123341,0.005291978386165556,1.243974488785784e-07
1221,0.010509275965858223,0.00016776762810283147,0.004989168212355823,0.005352223148080157,1.169773194117044e-07
1222,0.01039908838906699,5.626940068155262e-05,0.005118716832205707,0.0052239865359753985,1.1562020433166383e-07
1223,0.01049262848757259,0.00014664310777556203,0.005195231638462678,0.005150634689383299,1.1905195105157635e-07
1224,0.01060440963679897,0.0002659159849915512,0.005096849770720409,0.0052415206496366626,1.2323145034647686e-07
1225,0.01055628874830667,0.0002086170036254053,0.005138110906072894,0.005209433252989625,1.2758561874774267e-07
1226,0.010411284695112925,6.805409090599948e-05,0.005154634164928928,0.005188468270842695,1.2816843530210963e-07
1227,0.010424873037532282,8.129483830802652e-05,0.005244570115004798,0.005098880027520104,1.2805669935384752e-07
1228,0.010554836924216755,0.00020504349854246121,0.0053174221244933605,0.005032242656982657,1.2864419827728632e-07
1229,0.010561999975044005,0.00022472591922830304,0.005156170261231366,0.005180976078687977,1.277158963588808e-07
1230,0.010465533487440223,0.00012228705652247754,0.00514458788997739,0.005198530637623247,1.2790331710695555e-07
1231,0.01038768700373765,4.838493936905316e-05,0.005066380942729322,0.0052727956209818955,1.2550065737785034e-07
1232,0.010424573855741406,8.859010011860411e-05,0.00504767498570109,0.005288186195317299,1.2257460441311773e-07
1233,0.010557657271863422,0.00021824595502749797,0.005115768393651776,0.005223521590766946,1.2133241720406384e-07
1234,0.010672208317472983,0.0003413486641262774,0.005024027629367137,0.0053067114815264745,1.2054245309391343e-07
1235,0.010693805109143752,0.00035143082767177054,0.005172565647627441,0.0051696847252363344,1.239086082049354e-07
1236,0.010506247044580636,0.00016906090478635026,0.005195136639281947,0.005141923900495423,1.2560001691731852e-07
1237,0.01039131857685452,4.46996143473365e-05,0.005337307930068081,0.005009184068020284,1.2696441881966474e-07
1238,0.010508900654191947,0.0001572368279966409,0.005376889647997143,0.004974647972047247,1.262061509172888e-07
1239,0.010625500443808248,0.00028817311680549265,0.005250905383055175,0.005086298119410128,1.2382453745164313e-07
1240,0.010559292467240564,0.00021258372866555088,0.005344016034852754,0.005002568325526816,1.243781954411992e-07
1241,0.010394926278180316,5.950047812401324e-05,0.005198403856787641,0.005136898744315248,1.2319895341348179e-07
1242,0.010430098171455517,9.771745406439651e-05,0.005020718886624369,0.00531153974774762,1.2208301913267737e-07
1243,0.010647434147942437,0.00031143844968636164,0.005029761249495998,0.005306112168840832,1.2227991924582704e-07
1244,0.010834148700230391,0.0005107574418610207,0.004999515927385248,0.005323754924747442,1.2040623668102646e-07
1245,0.010755879179624703,0.00041537625238856845,0.005325144285025257,0.00501523821840847,1.2042380240664105e-07
1246,0.010401632580484309,6.452327038416439e-05,0.005281269128818808,0.005055721612335306,1.1856894603175259e-07
1247,0.01058494155766041,0.00024917293791814943,0.005226910878006732,0.005108737908072781,1.19833662747297e-07
1248,0.010844929202623145,0.00048726802565537275,0.005473466069741074,0.004884071040508422,1.2406671827592877e-07
1249,0.010498413042353159,0.00014268736919723334,0.0055486539415573865,0.0048069482387942475,1.2349280429195964e-07
1250,0.010535858789500672,0.000189753340318026,0.00542863792921943,0.004917347356301244,1.201636619721769e-07
1251,0.010853756864851781,0.0005054572832639859,0.005336823385381914,0.005011355441175038,1.2075503084492598e-07
1252,0.010504188407135103,0.00017160106078697635,0.0052574596386691765,0.005075003838268858,1.238694100923377e-07
1253,0.01046963277733849,0.0001385658139378336,0.005282854007734614,0.005048087634693703,1.2532097233853307e-07
1254,0.010776081076988974,0.00043941833365426916,0.005232846405332717,0.005103694496865099,1.2184113688747488e-07
1255,0.01058797407357991,0.0002611387065048816,0.004990153971357873,0.005336564585061726,1.1681065543017633e-07
1256,0.010379799662139387,5.159698830711947e-05,0.00512549233931504,0.005202591214041546,1.1912047568141552e-07
1257,0.010620713376123943,0.0002869971746662465,0.0052309020252849095,0.005102690703681112,1.2347249167548492e-07
1258,0.010610189665045905,0.00028550234292364405,0.005063071568999486,0.00526149292492604,1.228281967326284e-07
1259,0.01039380242952708,6.0700682326205714e-05,0.005176492122647641,0.005156488251701968,1.2137285126418645e-07
1260,0.010486895563120678,0.00014874756116082572,0.00527276801122152,0.0050652593812577085,1.2060948062504635e-07
1261,0.0105969320294923,0.00026736631430750423,0.0052459940037633615,0.005083450284135185,1.2142728625060147e-07
1262,0.010438556931784106,9.868687271274307e-05,0.005355361458550126,0.004984384663060286,1.2393746095084349e-07
1263,0.010418344616075291,8.373693898479737e-05,0.005206768660526833,0.005127717116385003,1.2190017865866898e-07
1264,0.01061152826367218,0.00028469472239158573,0.005020325154723619,0.005306390449322611,1.1793723436474959e-07
1265,0.010581618774019641,0.00024826096626715715,0.005221493482030636,0.005111746398630926,1.1792709092266047e-07
1266,0.010400142421692685,7.349041008707606e-05,0.00522243980245979,0.005104094767003235,1.1744214258342348e-07
1267,0.010480846212202398,0.00015699325402847194,0.0050265017929914555,0.005297234928579759,1.1623660271198433e-07
1268,0.01070961556931419,0.00037611627064242423,0.004993948486440182,0.005339434292452758,1.1651977882527867e-07
1269,0.010564424665739744,0.00024151700795937465,0.005060049342220088,0.005262741085515838,1.1723004444200933e-07
1270,0.010397523017109254,6.388476914015243e-05,0.0053548984673153655,0.004978620104190121,1.1967646361443516e-07
1271,0.010508205310080863,0.0001709403104281716,0.0053386904553658346,0.004998454789203182,1.1975508367643925e-07
1272,0.010607045333547446,0.00028131076094614664,0.005081744488202995,0.005243871808497953,1.182759003516507e-07
1273,0.010455153034853375,0.00012281828096197294,0.0051845092152189,0.005147706420182323,1.1911849017925241e-07
1274,0.010387527064014662,5.746183048720348e-05,0.005257913267015483,0.0050720354068278664,1.1655968410879863e-07
1275,0.010533593537294043,0.0002116961981426373,0.005167958934456066,0.005153828103157466,1.1030153787365865e-07
1276,0.010591883651035706,0.0002629830427252969,0.005145436163169346,0.005183357467774484,1.069773665802024e-07
1277,0.010428122764345762,0.00010612725129085845,0.005032808231889979,0.00528907962743609,1.0765372883346696e-07
1278,0.010379587446111381,5.779978498552915e-05,0.005071515193196439,0.005250160815660338,1.116522690749197e-07
1279,0.01050828723188582,0.00018281466726592752,0.005121787918338079,0.005203571190271339,1.1345601047281589e-07
1280,0.010588661437323224,0.00026983130540666995,0.005034977647782185,0.005283740194490307,1.1228964406064559e-07
1281,0.01050961889983248,0.00018172900417489296,0.005212444358826555,0.0051153299140431615,1.1562278787081824e-07
1282,0.010369772431409862,4.550991973378221e-05,0.005223302170442717,0.005100839714168518,1.2062706484325693e-07
1283,0.010446348412434902,0.00012539094326410034,0.005153896102253345,0.005166938009729944,1.23357187511834e-07
1284,0.01060181033949701,0.0002734253967371583,0.0052010354999226386,0.005127228046943323,1.2139589388941265e-07
1285,0.010564126669811037,0.00024528036412360834,0.005150523009854488,0.005168207555937607,1.1573989533501224e-07
1286,0.010417105251727326,8.863074644950912e-05,0.005322053845128839,0.005006306249872656,1.1441027632213765e-07
1287,0.010381450507975065,5.796997817850628e-05,0.005209946140238191,0.005113419784741241,1.146048171266132e-07
1288,0.010552666680225956,0.0002346077414731492,0.004967266089426052,0.005350678052029497,1.1479729725584946e-07
1289,0.010723933169626576,0.0003998792547909886,0.005090580276546267,0.005233358007155268,1.1563113405260204e-07
1290,0.010618906034528482,0.00030481118017945024,0.005175613743758014,0.005138368095060827,1.130155301919168e-07
1291,0.010400056751144356,7.301279207801792e-05,0.00536013841902257,0.004966794270776129,1.1126926763977267e-07
1292,0.010453335997644673,0.00012817543080888844,0.0052408648849127165,0.005084185664930473,1.100169925961064e-07
1293,0.010681499483686149,0.00036585462576998323,0.005061305865937588,0.005254228896738054,1.1009524052336045e-07
1294,0.010659310155362704,0.0003295100924290439,0.005338721706513593,0.004990966378501189,1.1197791887883691e-07
1295,0.010399527362498986,7.241540749436031e-05,0.0053863245776063365,0.0049406782806391885,1.0909675910105018e-07
1296,0.010517421736736863,0.00019774732668663994,0.005248959310821103,0.005070609028913878,1.0607031524174507e-07
1297,0.010740837756955057,0.00041447869704681954,0.005232720663328691,0.005093530807231442,1.0758934810379142e-07
1298,0.010538540382649729,0.0002248901849695235,0.005166822856310607,0.005146718328178936,1.090131906617738e-07
1299,0.010383187929762921,6.539344846016434e-05,0.005255705850286284,0.005061981169909148,1.0746110732450586e-07
1300,0.010573648366469795,0.0002517608474398222,0.005212456180948091,0.005109328767051086,1.0257103079590116e-07
1301,0.010668482076748987,0.0003561319444697095,0.005047540655323373,0.00526470973430087,9.974265503249441e-08
1302,0.010446311333145808,0.00012533057107502537,0.005262653242538215,0.005058222671691401,1.0484784116636547e-07
1303,0.010400747297574757,8.219583646516855e-05,0.005254704732638469,0.00506373579971684,1.1092875427956194e-07
1304,0.01060322123770856,0.00029165722554949175,0.005030728849399226,0.005280721984008731,1.1317875111057211e-07
1305,0.010619939731798969,0.000298920142112184,0.0050742101372437546,0.005246697239873598,1.1221256943333819e-07
1306,0.01038002337629614,6.427507708086715e-05,0.005214156122627652,0.005101484298301128,1.0787828649323053e-07
1307,0.010460903297453859,0.00014322393597618894,0.005329520501597647,0.004988053547718178,1.0531216184522154e-07
1308,0.01059453872879899,0.0002698961691697531,0.005322415162104319,0.005002120844674693,1.0655285022602806e-07
1309,0.010441087166077915,0.00012782847623798606,0.0051190924846663535,0.005194058188886654,1.0801628692168114e-07
1310,0.010366773517686272,5.397954192243081e-05,0.005103497121576727,0.005209187530666998,1.093235201146002e-07
1311,0.01053521152393347,0.0002201656630809354,0.005153772313920296,0.005161165406720084,1.0814021215482348e-07
1312,0.010572049089854384,0.0002654028320085319,0.005059913950218588,0.0052466277521766155,1.0455545064885596e-07
1313,0.010425545931343786,0.0001109719404043963,0.005116820065734909,0.005197650532514269,1.0339269021280966e-07
1314,0.010365523631283294,5.203335540847358e-05,0.005130584071769864,0.005182803244936032,1.0295916892408349e-07
1315,0.010500119370592836,0.00019242152025981686,0.005126725734752637,0.00518086975978995,1.0235579043428336e-07
1316,0.010580399579805853,0.000264383501923181,0.005240276420194154,0.005075637858780425,1.0179890809237679e-07
1317,0.01042453373331853,0.00011630669894634233,0.00513269926036558,0.0051754287285649125,9.904544169617933e-08
1318,0.010362322379001298,5.13712763456154e-05,0.005143948429377942,0.005166904743739822,9.792953791769595e-08
1319,0.010481247559699777,0.00016570846417662165,0.005218522361243233,0.005096917834513792,9.889976613160533e-08
1320,0.010564686756848162,0.0002581177380761263,0.005155991371446314,0.00515047764837731,9.999894841090798e-08
1321,0.010468820264956982,0.00015437936888770227,0.005195436688119364,0.005118902484479839,1.0172347007595302e-07
1322,0.010354557260318016,4.493498310390996e-05,0.0050979832679230895,0.005211538339096965,1.0067019405035844e-07
1323,0.010411603790354664,0.0001060679149771615,0.005089257101773583,0.00521617943038442,9.934321949963393e-08
1324,0.010571250232790121,0.0002601449446330146,0.005223198346657496,0.005087806503545336,1.0043795427384698e-07
1325,0.01057204390695323,0.0002706532291696817,0.005104391605593243,0.005196897087433425,1.0198475687995843e-07
1326,0.010436355897251075,0.00012581440169147918,0.0051614630649080276,0.005148973582978309,1.0484767326059121e-07
1327,0.010347121731761371,3.8956576963898395e-05,0.005127916796155915,0.005180144194287732,1.0416435382696033e-07
1328,0.0104378832866233,0.00013399276008479546,0.005108639753707796,0.005195149120276223,1.0165255448503392e-07
1329,0.010590469793343464,0.0002799966531284092,0.005198547846771557,0.00511182435002219,1.0094342130780563e-07
1330,0.01057206893871125,0.00027107797470461687,0.005113896426595451,0.005186993536888191,1.010005229896494e-07
1331,0.010423915514003738,0.0001121628565091559,0.005277034466861419,0.005034615391955314,1.0279867784800359e-07
1332,0.010349800055411694,4.079246223476939e-05,0.005237667495997535,0.005071238992017736,1.0110516165405935e-07
1333,0.010484027868360299,0.00018186253790507218,0.005095282171350809,0.0052067857205781165,9.743852630071221e-08
1334,0.010651187402795513,0.00034175049348696964,0.0051890218895917824,0.005120318037037857,9.698267890283802e-08
1335,0.010570819318601772,0.00027157587892395014,0.005152752106713201,0.0051463924279025785,9.890506204379459e-08
1336,0.010383608591069718,7.442877735162537e-05,0.005289901881410272,0.0050191745186286,1.0341367922163873e-07
1337,0.010388544541996642,8.139510617473083e-05,0.00520842965989882,0.005098616251080931,1.0352484216104854e-07
1338,0.010582366905247628,0.00028402599530153133,0.005067455078515444,0.005230786869544371,9.896188628068035e-08
1339,0.010681177505470379,0.00037206358951800766,0.005256034092080023,0.005052984196118436,9.562775391200166e-08
1340,0.010436599311397943,0.00013521642604402475,0.005193797466662298,0.005107490839168662,9.457952296050773e-08
1341,0.010370079840541425,6.573362350015139e-05,0.005215106257404972,0.005089142110216215,9.7849420087977e-08
1342,0.010571259145547615,0.0002600079619112463,0.0053139651199887485,0.004997184057157327,1.0200649029252513e-07
1343,0.010598442960972284,0.0003009604857901969,0.00518763094764317,0.005109749960683453,1.0156685546439128e-07
1344,0.010392488122596162,8.74194078631721e-05,0.005208923664244851,0.005096045849834212,9.920065392740945e-08
1345,0.010376827637785545,7.32966924243403e-05,0.00511113799045241,0.005192296630153547,9.632475524710126e-08
1346,0.010565952661048037,0.00027055403914263504,0.005087617614199171,0.005207684556437189,9.645126904217919e-08
1347,0.010650611467517971,0.00034313427420692847,0.005322405751120442,0.00498497089158131,1.0055060929211937e-07
1348,0.010396175169423974,9.934027148103963e-05,0.005134034003060554,0.005162699394068611,1.0150081376968641e-07
1349,0.010392010055067456,9.398804923108192e-05,0.0050511565848402095,0.005246766667709028,9.875328713581105e-08
1350,0.010616980599132691,0.0003124404340717234,0.005222893181634498,0.005081551549031865,9.543439460425286e-08
1351,0.010609710013919723,0.00031401186030462745,0.005219089778169409,0.005076513993525303,9.438192038312595e-08
1352,0.010361735585547323,5.724030330458509e-05,0.005248801321747336,0.0050555961922493595,9.776824604153328e-08
1353,0.010448141104935036,0.00014372247677079308,0.005168129679461736,0.005136188895923788,1.0005277872072133e-07
1354,0.010628744342508902,0.0003345260411326975,0.005161813604939483,0.005132306567662058,9.812877466282401e-08
1355,0.010569143404017638,0.00025662863098711294,0.005445881181417562,0.004866538690704822,9.490090814203561e-08
1356,0.010338330737209895,3.7948423319738465e-05,0.005227472457728541,0.005072818489176396,9.136698521845304e-08
1357,0.010596624981642287,0.0002990692278245284,0.004958156806642475,0.0053393076532548345,9.129392044937967e-08
1358,0.01075936301051545,0.0004555011582445741,0.0051512560981907705,0.005152510516993932,9.523708617399051e-08
1359,0.010514432155560263,0.00021583411011552158,0.005311471662770278,0.00498702819260953,9.819006493235042e-08
1360,0.010406582822079114,0.00010809407194710317,0.005265233081826673,0.005033157414980807,9.825332453152477e-08
1361,0.010744523108907155,0.0004397808789148362,0.005161317168568371,0.005143329009988439,9.605143550908158e-08
1362,0.010547172692893224,0.0002517219068854394,0.005150330012800477,0.005145026930205418,9.38430018897062e-08
1363,0.010385433254301493,7.49400695944619e-05,0.005468911653759424,0.004841486013277587,9.55176700207823e-08
1364,0.0105942619038589,0.000276083056107957,0.005504213637165758,0.004813866068368011,9.914221717394693e-08
1365,0.010464904228233832,0.00016754418170560604,0.005139792649787328,0.005157467364436712,1.0003230418658958e-07
1366,0.010384008675693958,8.286669152443047e-05,0.004991669378006328,0.005309375425984954,9.718017824517547e-08
1367,0.010504627711661817,0.0002039559071206252,0.005068241451356032,0.005232337581301875,9.277188328442501e-08
1368,0.010581326572386382,0.000291487182925395,0.005139119078573906,0.005150629880651283,9.043023579769953e-08
1369,0.010391129121647079,9.533499945584279e-05,0.005218849227311616,0.005076851868621595,9.302625802487972e-08
1370,0.010396570598645904,0.00010049220434834311,0.005040596432851504,0.0052553853621424736,9.659930358422559e-08
1371,0.010620134793785208,0.00032537015068678777,0.004884462879298722,0.0054102036519174624,9.811188223490539e-08
1372,0.010575761251963868,0.0002773703596344979,0.005173883983475493,0.0051244084796481125,9.842920576273635e-08
1373,0.010400111526547155,0.00010341374718872247,0.005299039801077348,0.004997561682020994,9.629626009110057e-08
1374,0.010458829972524265,0.00016505589564424662,0.005206586670267432,0.005087092787404996,9.46192075912944e-08
1375,0.010640789944258914,0.00033830785316378304,0.005126012553047399,0.005176374254309923,9.528373780757084e-08
1376,0.010467920516043734,0.000171433876586646,0.005073488324197384,0.00522290160450816,9.671075154374699e-08
1377,0.010354948128526513,5.395359473271857e-05,0.00528301975187174,0.0050178774819154715,9.730000658300211e-08
1378,0.010551097146974893,0.00023940837590415102,0.005429305362091432,0.004882288911760741,9.449721856861596e-08
1379,0.01046286408973696,0.00016622152402352334,0.005245355709803207,0.005051197680936055,8.917497417332915e-08
1380,0.010350767393610795,5.286965186624491e-05,0.005117448753834038,0.0051803627692047554,8.621870575645215e-08
1381,0.01046246356537181,0.00016353221789150075,0.005080222818948885,0.005218621657854805,8.687067661962693e-08
1382,0.01056366747123175,0.00027455716200082685,0.005082435106407831,0.005206585421195909,8.978162718375163e-08
1383,0.010490652258588556,0.0001939389381012844,0.0052477166680354155,0.005048903072491764,9.35799600936075e-08
1384,0.010331436007492098,3.966427434981251e-05,0.005100808659303839,0.00519086921329199,9.386054645584078e-08
1385,0.010483257434992649,0.00018957986513385363,0.004893002179147349,0.005400583670786865,9.171992458141409e-08
1386,0.010671272523882733,0.0003735498388919083,0.005006265798370746,0.00529136616065213,9.07259679487207e-08
1387,0.01055839028096416,0.00027015824426121607,0.005151260210213394,0.005136880654874287,9.117161526416823e-08
1388,0.01037994590794042,7.841717582863376e-05,0.005376071312202037,0.004925363497620555,9.392228919346828e-08
1389,0.010469953778172468,0.0001675485985746154,0.005283693206251794,0.005018617146095704,9.482725035397662e-08
1390,0.01062976279385204,0.00033622240070027066,0.005056272341879104,0.005237176023985516,9.202728714969704e-08
1391,0.010443061646596946,0.0001408238396312527,0.0052523434824710636,0.005049805198213777,8.912628085189503e-08
1392,0.010374287147557951,6.94552637044262e-05,0.005392446396161895,0.004912298464062301,8.702362933128994e-08
1393,0.010535243828278251,0.00024101890777949363,0.005278025186544689,0.0050161125802296175,8.715372445098228e-08
1394,0.010529542650844626,0.0002305435132352773,0.005171869323355942,0.005127040211244291,8.960300911488042e-08
1395,0.010379544024554857,8.592902458618775e-05,0.0050265870114096335,0.005266937036501044,9.095205799237313e-08
1396,0.010373779444951003,8.344943275830725e-05,0.005067859392992145,0.005222380007407246,9.061179330539284e-08
1397,0.010554649941460556,0.00026069141094749594,0.0051991750593481005,0.005094693995986917,8.947517804187746e-08
1398,0.010519276174974751,0.00023450197691915573,0.005080852236042145,0.005203833278537323,8.86834761261883e-08
1399,0.010355671125254642,6.463025436009377e-05,0.005051953592088147,0.005238996275763904,9.100304249563924e-08
1400,0.010372134469065125,7.972936621369025e-05,0.005012626807784008,0.005279684002722925,9.4292344501811e-08
1401,0.010500507658174067,0.00021402179339717996,0.005051608952812037,0.005234781173871366,9.573809348338692e-08
1402,0.01057834087891489,0.0002803003307323531,0.005307462986668337,0.004990483044917998,9.451659620267619e-08
1403,0.010387587951484317,9.651124724473563e-05,0.005236453060710808,0.0050545346105850516,8.903294372118036e-08
1404,0.010361405906192903,7.041566725861114e-05,0.005099049075825264,0.005191856334684772,8.482842425525596e-08
1405,0.010569370870475455,0.0002729000879215791,0.0050810975128189285,0.005215287403529387,8.586620555993575e-08
1406,0.010605135671034197,0.00031718612600788117,0.005155503147503539,0.00513235740898773,8.89885350451961e-08
1407,0.010432280869432535,0.00012712745090816152,0.005435118771546727,0.0048699431929296955,9.145404795051453e-08
1408,0.01037586012301521,7.576805490130706e-05,0.005358375251170014,0.00494162843422396,8.838271992866738e-08
1409,0.01060313722509061,0.000315803347657414,0.005064568157309346,0.005222680855662101,8.486446174722098e-08
1410,0.0106283901874834,0.0003332369111447344,0.0050869600373199195,0.005208106266013042,8.69730057051947e-08
1411,0.010390006389685007,0.00010090277678433864,0.00519529819805733,0.0050937156824884516,8.97323548869741e-08
1412,0.010400897941564388,0.00010993003909047702,0.0052904356955142395,0.00500044284979254,8.935716713160978e-08
1413,0.010570147847499382,0.0002747775469802777,0.005265683822179856,0.005029599959201272,8.651913797632855e-08
1414,0.010494307822483605,0.00020906432364189666,0.005081268496920918,0.005203890151743638,8.485017715392663e-08
1415,0.01032589575124368,3.730879376853984e-05,0.005144685853887237,0.005143812386223523,8.871736437795013e-08
1416,0.010438027023752279,0.00014739117112924345,0.005204663580980881,0.005085879738321192,9.253332096285632e-08
1417,0.010547198701238115,0.00026508753002664546,0.0050940106739957485,0.005188009986791525,9.051042419512147e-08
1418,0.010439516378564799,0.0001502358594023819,0.005131999136700693,0.005157194492388371,8.689007335382544e-08
1419,0.010337278371664675,5.068931589438235e-05,0.005071422715728828,0.005215081415818477,8.492422298906479e-08
1420,0.010417678260469965,0.00013417181437674382,0.005057347204126013,0.005226071936281099,8.73056861068957e-08
1421,0.010561325981105565,0.0002710550367461188,0.005200490126235832,0.005089689691967589,9.112615602548422e-08
1422,0.010456016452436547,0.0001732215816934368,0.005154933968337227,0.00512777190723103,8.899517485325855e-08
1423,0.010321001095570902,3.408816703069192e-05,0.00517532671015665,0.005111501977991475,8.424039208513868e-08
1424,0.010429819886942202,0.00014117734745934017,0.005144642377350359,0.005143918458573757,8.170355874629255e-08
1425,0.010541765350932205,0.00026078387991871726,0.005084955006294702,0.005195942070900232,8.439381855287136e-08
1426,0.01050224416509635,0.00021116872387904492,0.005272494755658606,0.005018488764114007,9.192144469145498e-08
1427,0.010336900239343803,5.151516064547737e-05,0.005199696370383728,0.005085593234926371,9.547338822646055e-08
1428,0.01039995647689755,0.00011698482979528248,0.005057694810503013,0.005225183427158271,9.340944098334026e-08
1429,0.010599290375727525,0.00031083913002565456,0.005124875488780763,0.005163485389803799,9.036711730872451e-08
1430,0.010558237163075199,0.00027811503367910573,0.005190879440769971,0.005089154344590363,8.834403575922648e-08
1431,0.010376422199974226,8.401153483989331e-05,0.005373444006925738,0.004918878243812953,8.841439564095486e-08
1432,0.010384463184714145,9.776512305011824e-05,0.005194820098407796,0.005091791555203738,8.640805249318635e-08
1433,0.010622481607871322,0.00034119585237085443,0.004946813589751941,0.005334388159260915,8.400648761115844e-08
1434,0.010630244836497545,0.00034182777103568523,0.005194247712717978,0.005094083704380052,8.564836382955303e-08
1435,0.010404897466821956,0.0001164778188645183,0.005360236553469545,0.0049280947944642306,8.830002366067256e-08
1436,0.010429374573678955,0.00014450193043879028,0.005292162742499227,0.004992620542372907,8.935836803190397e-08
1437,0.010650093791211658,0.00036124774773903045,0.00515834416659762,0.005130413631361307,8.824551370058724e-08
1438,0.010505927012518854,0.0002248109641700899,0.005049004197316062,0.005232025899223246,8.595180945645444e-08
1439,0.010321526695161995,3.424297749148798e-05,0.005296163880102752,0.0049910343566362415,8.5480931513789e-08
1440,0.010508641595611958,0.00021106715771767256,0.005447714385855359,0.004849774731867329,8.532017159711291e-08
1441,0.01048748109208518,0.00020821890842244993,0.005202219808529909,0.0050769577136073685,8.466152545351858e-08
1442,0.010334685457435135,5.235720362801657e-05,0.0050688784017717415,0.005213363916449768,8.593558560978527e-08
1443,0.010391042085908738,0.00010794619762188156,0.004983786222270972,0.005299222257063968,8.74089519160835e-08
1444,0.010551190110848097,0.00027628546856832425,0.004975694991029766,0.0052991227290312935,8.692221871217068e-08
1445,0.010547129026561339,0.00026472787642375575,0.005231819431711894,0.0050504961809018385,8.55375238506288e-08
1446,0.010336167745922404,5.853646614179874e-05,0.005179252522467721,0.005098294955053405,8.380225947873837e-08
1447,0.010423966556878012,0.00014719890537464857,0.005037933445318053,0.005238748324467503,8.588171780607764e-08
1448,0.010631352672813132,0.00034709181640743157,0.005118438843023607,0.005165730469136972,9.154424512241441e-08
1449,0.010488971129068225,0.00021090224852376516,0.005187238128750825,0.0050907365102168005,9.42415768338289e-08
1450,0.010337569875214666,4.826809186130022e-05,0.005380971271424312,0.004908238717806444,9.179412260911762e-08
1451,0.010502655917637233,0.00021177731383879964,0.0053344621471789104,0.004956329631048298,8.682557122581976e-08
1452,0.01052595021554561,0.0002480131456451498,0.005095578920562229,0.005182273290336346,8.485900188573203e-08
1453,0.010343831124230173,6.095658562791024e-05,0.005188780120405239,0.005094006563975519,8.78542215047869e-08
1454,0.010379320998394866,9.682277252354398e-05,0.005232717825155554,0.005049691593173362,8.880754240550805e-08
1455,0.010505687353536122,0.00023218133914472468,0.005096904996910664,0.005176516318046631,8.469943410336426e-08
1456,0.010484864553972434,0.0002052932940591875,0.005126401420353555,0.005153088574926515,8.126463317496061e-08
1457,0.010329019224933636,5.4422411769333943e-05,0.005054491845055457,0.005220023496505901,8.147160294328284e-08
1458,0.010365001162125399,9.252418914582523e-05,0.005031043530544141,0.0052413483594257486,8.50830096829857e-08
1459,0.010538398543793287,0.00026132896405745145,0.005090506317221355,0.005186475569143182,8.769337129958875e-08
1460,0.010503177697957762,0.00023171391455648494,0.0050029175435647765,0.00526846075682434,8.54830121595282e-08
1461,0.010363107803383185,8.437712485849222e-05,0.005182033036518272,0.00509661447848044,8.316352598031513e-08
1462,0.010338389990881547,5.790027898351802e-05,0.005236006542004372,0.005044400503707507,8.266618614946733e-08
1463,0.010464730515100001,0.0001904566849682706,0.005149094917033613,0.005125094826308049,8.408679006652277e-08
1464,0.010503093351453498,0.0002207068423755654,0.005231040667722386,0.0050512598148277806,8.602652776512274e-08
1465,0.010346659608426206,7.081957512990547e-05,0.005145666848477736,0.005130088573879555,8.461093901028939e-08
1466,0.010332771771267915,5.742179894301693e-05,0.005141065384564917,0.0051342015277258055,8.306003417745244e-08
1467,0.010471428339017111,0.00019283654387070988,0.0051984512243927255,0.0050800561380748965,8.443267877873717e-08
1468,0.01050991761537351,0.00024116307097541686,0.0050785589537086315,0.005190108355320142,8.723536932040344e-08
1469,0.010408896091149911,0.00013421916208777225,0.005140420098427436,0.005134167143878873,8.968675583099324e-08
1470,0.010307939814843063,3.5994609399725216e-05,0.005031507830910016,0.0052403501203734095,8.725415991047434e-08
1471,0.010369793193977803,0.00010000498531024816,0.005011240255651626,0.005258464086701873,8.386631405524639e-08
1472,0.010521405488192774,0.0002461719173586597,0.005198066897102807,0.00507708266107664,8.401265466786573e-08
1473,0.010523813198424723,0.00025698874021263526,0.005109247359653747,0.005157491074866733,8.602369160747483e-08
1474,0.010378664606724486,0.00010347743431174752,0.005178596001315351,0.005096502077395238,8.90937021489547e-08
1475,0.010314818238476992,4.101283945086388e-05,0.005108553242102879,0.0051651640061668,8.815075644870058e-08
1476,0.010415744283650955,0.00014545808569701047,0.005116453833160915,0.005153747745764416,8.461902861408408e-08
1477,0.010556302866850727,0.00027480017245223393,0.005328574159938454,0.004952846348031326,8.218642871056638e-08
1478,0.01044469502829735,0.0001750561494715941,0.00518236735863359,0.005087190598396423,8.092179574224164e-08
1479,0.010310584268897919,3.805690299591219e-05,0.005142433017195636,0.005130011484755238,8.286395113243744e-08
1480,0.010366791110244546,9.470317143005761e-05,0.0051184556526749836,0.005153547301363909,8.49847755954759e-08
1481,0.010528766944918824,0.0002646756105899544,0.005074712643955576,0.0051892944040196065,8.428635368587683e-08
1482,0.010609260803241434,0.0003340055368487261,0.005275698778631496,0.004999473696877075,8.279088413861494e-08
1483,0.010406863940491581,0.000140601723109288,0.005110631110077591,0.005155549630339424,8.147696527706457e-08
1484,0.01030681515721841,3.7618071143748205e-05,0.005098590363081937,0.00517052227998648,8.444300624530972e-08
1485,0.010465394964780396,0.00019225139901875478,0.005180886156611475,0.005092169244031603,8.816511856333935e-08
1486,0.010587335120055356,0.0003226551561058469,0.005133399707381756,0.005131193358516013,8.689805174108762e-08
1487,0.010458593019007605,0.00018017462077463605,0.005327611177296168,0.004950723904226362,8.331671043919107e-08
1488,0.010317437098946218,4.50737900438354e-05,0.0052249615503588845,0.005047321688058883,8.007048461490783e-08
1489,0.010460593158524939,0.00019441243948599817,0.005110521699606385,0.005155578191114826,8.08283177274027e-08
1490,0.010649165790868323,0.0003734875962637535,0.005270677833843715,0.005004916213970608,8.41467902450335e-08
1491,0.010432754773519152,0.00016710158911212108,0.0051696268940910305,0.005095942624539913,8.366577608621211e-08
1492,0.010314311652505195,4.6456980915923144e-05,0.00514734888319543,0.005120424388807857,8.139958598568626e-08
1493,0.01052809930831134,0.0002561843989913507,0.00518576291046523,0.005086070663524048,8.133533071135685e-08
1494,0.01057535394201581,0.0003130125040211004,0.005143157924680643,0.0051190996338629745,8.387945109160713e-08
1495,0.010384158310956732,0.0001098659832285511,0.005322892675027765,0.0049513126574367685,8.69952636480941e-08
1496,0.010349190737748301,7.946684375102584e-05,0.005146202287728388,0.00512343694551491,8.466075397715775e-08
1497,0.010595115450339683,0.0003305921993666474,0.004975948628768111,0.005288493478153314,8.114405160998539e-08
1498,0.010584790460613499,0.00030874004626312343,0.005311503207391516,0.004964465141653124,8.206530573518514e-08
1499,0.010351750208969134,7.823155678545672e-05,0.005351032251036529,0.00492240268193562,8.371921152802067e-08
1500,0.010477341805223634,0.00021286088292629278,0.005093803046513165,0.0051705947942799965,8.308150417909977e-08
1501,0.01073104711165664,0.00045786658897159407,0.005066790534464107,0.0052063088652939005,8.112292703745412e-08
1502,0.010407528042197411,0.00014047714556670508,0.005188912197344873,0.005078059480125473,7.92191603605723e-08
1503,0.010406422358488902,0.00012753595805026555,0.005439973805208946,0.0048388328693303485,7.972589934262148e-08
1504,0.010569368291255482,0.0002839001159005873,0.005448570944520442,0.004836814223471605,8.300736284953044e-08
1505,0.01036499099441128,9.717428692650177e-05,0.0051396774664499096,0.005128054728652985,8.451238188480685e-08
1506,0.010397023092726271,0.00013119159126399828,0.005035077005306203,0.0052306693179419795,8.517821409103817e-08
1507,0.01059183737383718,0.00032109622418790694,0.005188532428953774,0.005082123700602192,8.502009330697105e-08
1508,0.010413667451701924,0.00014952923739129306,0.005198860645625909,0.005065195639700367,8.19289843540436e-08
1509,0.010345959110047083,8.177138804273442e-05,0.005126195714178068,0.005137912655882583,7.93519436973007e-08
1510,0.010596345011916494,0.000326501242669497,0.005097023862129436,0.005172742165407087,7.774171047437227e-08
1511,0.010435675649596118,0.00017354499533961596,0.00508478453055811,0.005177269787617446,7.633608094610527e-08
1512,0.010343138597518557,7.5899889653183e-05,0.005266827847364666,0.005000332795281298,7.806521941110549e-08
1513,0.010483926195628114,0.0002132609165720156,0.005242763235877012,0.005027821515346657,8.052783242912126e-08
1514,0.010451755211428807,0.00018744927445401777,0.004983917564685831,0.005280306362335813,8.200995314655934e-08
1515,0.010326817008455946,5.9219398032348526e-05,0.0050462699432598825,0.005221242064421923,8.560274179238166e-08
1516,0.010379782551345222,0.00011017923153535955,0.0052034473943428665,0.0050660681854624145,8.774000458116715e-08
1517,0.010468116881526959,0.00020525658314023837,0.00518377387622,0.0050790011121371065,8.531002961261285e-08
1518,0.010334506890491276,6.78444594812322e-05,0.005150593142025101,0.005115988500547865,8.078843707749452e-08
1519,0.010336673890603554,7.025438806129119e-05,0.005004724461086995,0.005261619937230265,7.510422500173618e-08
1520,0.010450974073649404,0.0001890885816645668,0.004971764864826898,0.005290047902991383,7.27241665572532e-08
1521,0.010489961658019735,0.00022184448371037103,0.005234206639693563,0.005033834207466551,7.632714925114559e-08
1522,0.010347895768443726,8.530995969074833e-05,0.005198472002786244,0.005064032924953762,8.088101297262006e-08
1523,0.010333751957388294,7.171735961460301e-05,0.005027229030810153,0.005234721684013338,8.388295020061961e-08
1524,0.010530881591935248,0.00026305750471938534,0.004979695650311069,0.0052880451392736975,8.329763109680587e-08
1525,0.010545003038048175,0.0002857815053520285,0.005035204290194045,0.005223937723478876,7.951902322518645e-08
1526,0.010407268218441748,0.00013472221267459507,0.005345700723528222,0.004926767329667988,7.795257094266192e-08
1527,0.010329947036628631,5.930531234875289e-05,0.005291922147635227,0.004978642739349091,7.683729556159503e-08
1528,0.01054503431594441,0.0002827756951609681,0.005052038485143053,0.0052101435719731385,7.656366724981944e-08
1529,0.010545905740438588,0.00027562199463242697,0.005189065553829982,0.005081139763408791,7.842856738955707e-08
1530,0.010341283027182948,7.29539138910274e-05,0.005306312099396054,0.004961938866481258,7.814741460728841e-08
1531,0.010408644117214939,0.00014318208770033088,0.005281324677921182,0.004984060609690818,7.674190260785955e-08
1532,0.010554071153709673,0.0002852382693559017,0.005193282960121548,0.005075473497937414,7.642629480993507e-08
1533,0.010433468934956867,0.00017230569338451597,0.005039504214500018,0.005221582376945666,7.665012666662219e-08
1534,0.010295242917133783,3.241201240877791e-05,0.0051733481367328225,0.005089403941385631,7.882660655253711e-08
1535,0.010449261299077202,0.00018278136335514482,0.005268622586071777,0.004997777696254581,7.965339569846976e-08
1536,0.010477760660017625,0.00022183648165077056,0.005070532252029628,0.005185314235066764,7.76912704620862e-08
1537,0.010357690646720303,9.594612231345376e-05,0.005053469623422696,0.005208197077592057,7.7823392097723e-08
1538,0.010304757661246396,4.3972168551103276e-05,0.005030944912282938,0.005229761351817064,7.922859529059245e-08
1539,0.010419808738814443,0.00016342960864524833,0.005043421948628725,0.005212876079900296,8.1101640172351e-08
1540,0.010506988213025892,0.0002436304020990875,0.005192045057850226,0.0050712303819128385,8.237116374102908e-08
1541,0.010361390499375815,0.0001041018298475255,0.005083180099961706,0.005174029187131867,7.938243471546523e-08
1542,0.010305843448405228,4.604370985670735e-05,0.005093227903753107,0.005166494935792219,7.689900319577314e-08
1543,0.01040069120322953,0.00013711229585192585,0.005186650894909993,0.005076851163906101,7.684856151079737e-08
1544,0.01048178814915274,0.00022481587770130224,0.005162334059553436,0.00509455995819112,7.825370688146138e-08
1545,0.01038869374373127,0.00012374063546230003,0.005243011440843446,0.0050218605408525,8.112657302337165e-08
1546,0.010292638079262605,3.2449011201068834e-05,0.0050980231258277685,0.005162085701582808,8.024065095850173e-08
1547,0.010384445826587709,0.00012750445526230856,0.005012239339346947,0.00524462429560446,7.77363739918215e-08
1548,0.010530257409423132,0.0002690703770219533,0.005179829960972847,0.005081279375005118,7.769642321426616e-08
1549,0.010506360644228153,0.0002533896431958093,0.005151350454060789,0.005101542304710345,7.824226120767596e-08
1550,0.010322687722955096,6.297423333690603e-05,0.005194258257030856,0.005065375837475162,7.939511217195446e-08
1551,0.010334019018581563,7.508405085759509e-05,0.005090154495738939,0.005168704033470012,7.643851501687361e-08
1552,0.010484135014668506,0.0002307305134001895,0.005045977589704519,0.005207354351375862,7.256018793643882e-08
1553,0.010597492378265731,0.0003321414124313356,0.005312170122434475,0.00495310743200706,7.341139286076565e-08
1554,0.010373190627208127,0.00011615025894521637,0.0052184260084900454,0.00503853832925808,7.603051478312107e-08
1555,0.010325524137206483,6.807128769349394e-05,0.005108019078488434,0.005149354551976069,7.92190484868458e-08
1556,0.010540843874474303,0.00027861458658325294,0.005157386057970025,0.005104763940565267,7.928935575871741e-08
1557,0.010574901395649405,0.00032052347897005,0.005203590492260365,0.005050711590327575,7.583409141370315e-08
1558,0.010374370642526807,0.00010466366374242792,0.0054191681821983894,0.004850463835726161,7.496085982823904e-08
1559,0.010355924853711155,9.504312786561811e-05,0.005218120185454041,0.005042685937095583,7.560329591297465e-08
1560,0.010634321129793949,0.0003802912998020127,0.004955141156275998,0.005298810689401433,7.79843145061724e-08
1561,0.0105762751551516,0.0003139963521184224,0.005234434363864915,0.005027761670916395,8.276825186703881e-08
1562,0.01035897614293322,9.603864162435165e-05,0.005358678619851766,0.00490417572518526,8.31562718427495e-08
1563,0.010469053914930774,0.00021449284652134143,0.005197516362972415,0.005056963758860753,8.094657626466749e-08
1564,0.010660507102452383,0.0003985921093267418,0.005150380020869725,0.005111454580244137,8.039201177974657e-08
1565,0.01035889599660883,0.00010290121157176718,0.0051468643405770545,0.005109050375484074,8.006897593571725e-08
1566,0.01039843101116554,0.00013835276325911694,0.005319747926653186,0.004940249825010102,8.049624313566498e-08
1567,0.010572366584182508,0.0002992888756169938,0.00544260346106455,0.004830393797688748,8.044981221481809e-08
1568,0.010322136660725628,6.557941549053856e-05,0.005156705747972654,0.0050997732450180355,7.825224440124643e-08
1569,0.010419300939615614,0.00016318466901224377,0.0049703582764850564,0.005285679892655066,7.810146324734559e-08
1570,0.010595395331430488,0.0003356635076295371,0.005109369373309405,0.005150282353327047,8.009716449881683e-08
1571,0.010439388916299648,0.0001860502216627025,0.005203356719385477,0.005049902228276362,7.974697510690271e-08
1572,0.01033878069530808,8.290366418889094e-05,0.00524973927114726,0.00500605956904899,7.819092293982677e-08
1573,0.010549933174662985,0.0002905938079744808,0.005170072120608356,0.0050891908550316145,7.639104853376796e-08
1574,0.010463714581312577,0.0002107562769831623,0.004995460857989513,0.005257422015481736,7.543085816567283e-08
1575,0.01028828666310788,3.264393838875364e-05,0.005190592257406485,0.005064971917194259,7.855011838402751e-08
1576,0.010471644726234387,0.00020911640702109767,0.005315168075576908,0.0049472783090219585,8.193461442315466e-08
1577,0.010420708282273119,0.00016870361579999018,0.005082725736100673,0.00516919762485377,8.130551868506197e-08
1578,0.010318211869189256,6.112530971887474e-05,0.004987415211215327,0.005269592310246532,7.903800852328115e-08
1579,0.010372523234443536,0.00011498852217813646,0.005022024714233657,0.005235434253004475,7.574502726821476e-08
1580,0.010453055659759868,0.00020215026393682659,0.005107770502517914,0.005143061618607396,7.327469773141155e-08
1581,0.01040213117488493,0.00014193393092665535,0.0053037005914501065,0.0049564223192756504,7.433323251670515e-08
1582,0.010292007673511632,3.814795177967137e-05,0.005131343811408562,0.005122440597953614,7.5312369785719e-08
1583,0.010459063583610193,0.00020565556151475782,0.004899696696220958,0.005353635159067708,7.616680676710604e-08
1584,0.010537160372818192,0.00028110017770651254,0.00505537008978927,0.005200611050482991,7.90548394194414e-08
1585,0.010417598355445421,0.00016684951923462047,0.005170026897193487,0.005080640657490746,8.128152656582333e-08
1586,0.010322994801191978,6.785169810412901e-05,0.0052348548839655324,0.005020205447689118,8.277143319813177e-08
1587,0.010446234876590651,0.0001890960664991223,0.005100505566459458,0.005156552820645584,8.042298648769598e-08
1588,0.010546162382936453,0.000292808745793884,0.00492645173566048,0.00532682710570799,7.479577409919123e-08
1589,0.010369925228671674,0.00011199433611919365,0.005204246084284098,0.005053612406932513,7.240133586914485e-08
1590,0.010334159242352182,7.160155805371715e-05,0.005365757050475324,0.0048967276881168075,7.294570633376606e-08
1591,0.010446453243429746,0.0001935758322260567,0.005218472861199013,0.005034328712976197,7.58370284800136e-08
1592,0.010465847597678988,0.00020783585864028132,0.005145875336888485,0.00511205637682488,8.002532534138816e-08
1593,0.010324600723718134,7.12226211765823e-05,0.005039211791393081,0.005214086270532783,8.004061568723697e-08
1594,0.010316001247343819,6.449819615634084e-05,0.005114859812893089,0.005136565436653593,7.780164079624684e-08
1595,0.01047047000314651,0.00021423802651051736,0.005231204700638439,0.005024951683085416,7.55929121387572e-08
1596,0.010420232743444531,0.0001726570886769519,0.005061998292358242,0.005185503352050106,7.401035923196179e-08
1597,0.010317689287993228,6.587773535143355e-05,0.005051612430608214,0.005200123256857881,7.586517570062587e-08
1598,0.010306240776256272,5.505423927153075e-05,0.005056482611254717,0.005194626357281029,7.756844899338584e-08
1599,0.010406437364218493,0.00015994139396010218,0.005063617427291236,0.005182801642092217,7.69008749394885e-08
1600,0.01048499874792803,0.0002315825289349165,0.005196247689071251,0.005057092882536138,7.564738572497449e-08
1601,0.010368243189837518,0.0001204779695557778,0.005023753956627542,0.005223937224092108,7.403956209119165e-08
1602,0.010294483340217223,4.295686542825551e-05,0.005012503391108446,0.005238946356659651,7.672702087041679e-08
1603,0.01032051339271718,6.82460575433508e-05,0.005094303065880437,0.005157882978673622,8.129061977076229e-08
1604,0.010426799633698625,0.000178871009493651,0.005150418003536434,0.005097429328755684,8.12919128572924e-08
1605,0.010436987979631954,0.00018071359495645562,0.00526506951473407,0.004991127836199593,7.703374183568265e-08
1606,0.01032619443592923,7.762069160596083e-05,0.005111503426260366,0.00513699822473616,7.209332674417346e-08
1607,0.010286894164261576,3.747934325735519e-05,0.005051336419966772,0.00519800539932608,7.30017113684334e-08
1608,0.010361114708876492,0.00011040144900882283,0.0051059347366064,0.005144701376751425,7.71465098442088e-08
1609,0.010483586214657161,0.00023958386967065935,0.005095778528417915,0.005148145773881977,7.804268660981694e-08
1610,0.01052156723083276,0.00026900053953755106,0.005221814325607952,0.005030675521330624,7.684435663230535e-08
1611,0.010384086672565554,0.00013895207354655678,0.0050917476282371435,0.005153311900875042,7.506990681244037e-08
1612,0.010277606597104333,2.9297805043825095e-05,0.005111268284845001,0.005136963937448215,7.656976728985426e-08
1613,0.010354055788062883,0.00010364270250685879,0.005155946430280358,0.005094390116928078,7.65383475888272e-08
1614,0.010483531422235797,0.00023927085355129047,0.005116139892823676,0.0051280487481673055,7.192769352439145e-08
1615,0.010514492702047736,0.0002591915596499206,0.00527929684493315,0.004975935589713716,6.870775095117537e-08
1616,0.010342665400503765,9.457476216444587e-05,0.0051993350696397204,0.005048686238173801,6.933052579747719e-08
1617,0.010289020047249449,4.101709993283721e-05,0.005158178642912087,0.00508974960082006,7.470358446660991e-08
1618,0.010462148048145695,0.000211360395112761,0.005159385070346024,0.005091323424390188,7.915829672201307e-08
1619,0.01055169656771273,0.00030948749037858594,0.005094762444672959,0.005147369267637609,7.736502357744982e-08
1620,0.010448032681542891,0.00019144971925888049,0.0053461793207210525,0.004910328732710144,7.490885281589213e-08
1621,0.010286005480932434,3.6367676437576775e-05,0.0052396803078482695,0.0050098840765610275,7.342008555923126e-08
1622,0.01043846917499366,0.00019477152972296202,0.005028040906714843,0.0052155818870217325,7.485153412363209e-08
1623,0.010661714946553196,0.0004111549757972832,0.0051293356638147216,0.005121147007012381,7.729992881289523e-08
1624,0.010466640978185263,0.0002215297548353427,0.005210044454479862,0.005034991411866042,7.53570040175493e-08
1625,0.010306314238379681,5.099367153469383e-05,0.005363927030730595,0.00489132056144337,7.297467102169823e-08
1626,0.010518834560276346,0.0002622380148921684,0.005307945964192014,0.00494857668618478,7.389500738208237e-08
1627,0.01048379159934805,0.00023940802607385836,0.005130704413670449,0.005113600956064824,7.820353891914501e-08
1628,0.01032307401408579,6.997367757289366e-05,0.005298382262769477,0.004954634835162319,8.323858110143577e-08
1629,0.010382052991202489,0.0001303682287275218,0.0052310910119436685,0.005020513446653254,8.030387804589517e-08
1630,0.01052462587730261,0.00028149882345463026,0.004996763223275348,0.005246289867736811,7.396283582123618e-08
1631,0.010390158402977608,0.00014145907537018105,0.005175963596852568,0.005072662024123604,7.370663125488702e-08
1632,0.010295649375509442,4.832880923925637e-05,0.00523418797452892,0.00501305689314048,7.569860078556332e-08
1633,0.010457123940952794,0.00021675088819899489,0.00502998076637225,0.005210317312850096,7.49735314522737e-08
1634,0.010516230978692717,0.0002691109451143105,0.005031069370943212,0.00521597823551415,7.24271210451639e-08
1635,0.010326023283779283,8.387273252441954e-05,0.0050706241465036245,0.0051714565276108305,6.987714040944959e-08
1636,0.010326360892562364,8.109487197172123e-05,0.005234966867501098,0.005010227388676516,7.176441303004054e-08
1637,0.01044385251503224,0.00019322369055168212,0.005264784729866698,0.004985767006099747,7.708851411344987e-08
1638,0.01037596714932926,0.00013344310249636203,0.0049954640373091564,0.005246979139267596,8.08702561463663e-08
1639,0.010285506842415049,4.054966221763843e-05,0.005014730330214697,0.005230144987096029,8.186288668395974e-08
1640,0.010339393045424965,9.309749220418592e-05,0.005143845911644162,0.005102371554745447,7.808683116929249e-08
1641,0.010421946593623383,0.00018108638632962192,0.005121715003323644,0.005119073351173441,7.185279667693917e-08
1642,0.01034661625758239,0.00010057670094578305,0.005157255444385519,0.0050887148610814295,6.925116965784166e-08
1643,0.01027406346609247,3.11809191249612e-05,0.005042031835008347,0.005200780819055718,6.989290344375876e-08
1644,0.01034678768874026,0.00010683147692276377,0.005001079497207676,0.005238804152031856,7.256257796462504e-08
1645,0.010450922398893373,0.00020734846083735314,0.0051433815689821295,0.00510011777971969,7.458935419944972e-08
1646,0.010424733642881798,0.00018790768587942199,0.005047971697024022,0.005188780499787779,7.376019057460445e-08
1647,0.010320987343267942,7.88145785240641e-05,0.005127205931104092,0.005114891172347624,7.566129216158803e-08
1648,0.010271680682070206,3.0303223069926267e-05,0.005070046301519608,0.005171252229314696,7.892816597732387e-08
1649,0.01038385802811807,0.0001447060637473139,0.004981500055052571,0.005257571690952803,8.021836538216013e-08
1650,0.010499184616193256,0.00025479428797660337,0.005114988725198859,0.005129323800585987,7.78024318062452e-08
1651,0.010446752571265499,0.0002079230773183712,0.005142312976544687,0.005096443737980318,7.277942212204596e-08
1652,0.010321732410213008,6.893166180326273e-05,0.005378814298330147,0.004873914094266229,7.235581336798759e-08
1653,0.010307873746143822,6.076098600147076e-05,0.005260225859920486,0.004986812063013965,7.483720790075104e-08
1654,0.010466303211033937,0.00022802890222918873,0.00501860686345331,0.005219589537394997,7.790795643986782e-08
1655,0.01053987232346182,0.00029510068698372616,0.005169489435694196,0.005075202505594164,7.969518973396673e-08
1656,0.01037675476852839,0.00013760686472098218,0.005171271275780605,0.0050677999536465025,7.667438030120092e-08
1657,0.010297972161318981,5.6466137820715416e-05,0.005182160267633665,0.005059270856154688,7.489970991367058e-08
1658,0.010417041423824332,0.00017340330093060322,0.005180534464592525,0.005063026428983104,7.722931810024228e-08
1659,0.010521110190486665,0.00028642483890632615,0.005081805291658807,0.005152800164741056,7.989518047440466e-08
1660,0.010411477217163179,0.00016646140280718658,0.00527805069965849,0.004966885435969681,7.967872782081911e-08
1661,0.010274014607047953,3.491184486530593e-05,0.0051286945981379815,0.005110334368427547,7.379561711823075e-08
1662,0.010429131254849159,0.00019372340487538002,0.0050439831095221285,0.005191353658277413,7.108217423720388e-08
1663,0.010560632834994805,0.00031381873468732963,0.00530203443220127,0.004944704369585337,7.529852086734401e-08
1664,0.010374977188907479,0.00013794766254903248,0.005157848925723359,0.005079101785449993,7.88151850951206e-08
1665,0.010296439162093086,5.7157517591772016e-05,0.00497216225881923,0.00526704080843199,7.85772500937933e-08
1666,0.010516339277146156,0.00027392986011096033,0.005017350186543725,0.005224983324804892,7.590568657859401e-08
1667,0.010567853798541207,0.0003318692448388137,0.005203329250447742,0.005032581611241744,7.369201290769432e-08
1668,0.010401592506945511,0.00013657427020270142,0.005572213779049869,0.004692729832686458,7.462500648378138e-08
1669,0.010362425518965785,0.00011685553071623209,0.005267483482688357,0.004978011923992134,7.458156906237937e-08
1670,0.010638501503855641,0.0003993434625040337,0.004884496077806226,0.005354586468287125,7.549525825480859e-08
1671,0.010497410527918123,0.0002547092226674933,0.005131718496926152,0.005110904460473127,7.834785135078297e-08
1672,0.010351184840975483,0.00010538429427451665,0.00533537034397657,0.004910353967894726,7.623482967195569e-08
1673,0.010476035394496477,0.00023865347868209987,0.00520127048741108,0.005036041195475058,7.023292823804635e-08
1674,0.010550833265710383,0.00030870208793048413,0.005094460220688309,0.005147603180228273,6.777686331656142e-08
1675,0.01031360992766591,7.593934404786215e-05,0.005040554029623718,0.005197046415189589,7.013880474255488e-08
1676,0.010383027109188302,0.00014614028394637843,0.0051868971335012545,0.005049915184386475,7.450735419443143e-08
1677,0.010536210183820753,0.0002853208069144556,0.005399421940539135,0.004851392292341352,7.51440258095374e-08
1678,0.010296899398223062,5.9819778547499226e-05,0.005182329516767422,0.005054679858944818,7.024396332313533e-08
1679,0.010394679384004785,0.00015903925189543545,0.004985910361584386,0.005249662388479626,6.738204533799389e-08
1680,0.010551056212512538,0.00031112735963115837,0.005075870399934438,0.0051639878272382025,7.062570873892366e-08
1681,0.010419062817847607,0.00018507465226718712,0.005132624620261522,0.005101286952764634,7.659255426477343e-08
1682,0.010333070232149303,9.521456200208067e-05,0.005203266697897431,0.005034508847125077,8.012512471558299e-08
1683,0.01046279781075963,0.00022263067012675804,0.005084857168522269,0.005155232930516863,7.704159374090885e-08
1684,0.01050602382683995,0.0002689438496265579,0.004910140104185114,0.0053268686965353,7.117649297705792e-08
1685,0.010308902703310368,6.804807421342337e-05,0.005190515427180094,0.0050502699825072245,6.921940962650721e-08
1686,0.01036481735889169,0.00011474374827258348,0.005391351117562986,0.004858651743395591,7.074966053064313e-08
1687,0.010452211162545405,0.0002153213964982853,0.005214059005642866,0.005022757507937195,7.325246705876135e-08
1688,0.010320358494842842,8.057294396967426e-05,0.005124405093840692,0.005115304540630507,7.591640197033912e-08
1689,0.010313553131428984,7.465231979264214e-05,0.005010107500354731,0.005228717236896227,7.607438538399343e-08
1690,0.010428582314056441,0.0001948198268216958,0.005018012492445473,0.005215675286421458,7.470836781350137e-08
1691,0.010455850135810596,0.00021289141366866998,0.00528297511486489,0.004959909778108262,7.382916877277872e-08
1692,0.010294595586607957,5.885644148834723e-05,0.005173794424807707,0.005061872761634361,7.195867754113283e-08
1693,0.010355836811397965,0.00012050262131514342,0.004916568538345917,0.00531869493971238,7.07120245250393e-08
1694,0.010586363482539725,0.00034527582668402823,0.004913364326188844,0.005327651688405656,7.164126119534846e-08
1695,0.010496348623559361,0.00026462425623990774,0.005036475098057047,0.00519517567926021,7.359000219610981e-08
1696,0.010340684468242805,8.974785914303209e-05,0.005447176338062332,0.00480368460320039,7.56678370514981e-08
1697,0.010388963098851099,0.00013869340281960705,0.005400405303443818,0.004849790076935653,7.431565202180632e-08
1698,0.010486083772168486,0.00025078341433269557,0.005015949278700628,0.005219279616001639,7.146313352247219e-08
1699,0.010355194567275804,0.00011454241256529726,0.005018466757033421,0.0052221141099389745,7.128773811155829e-08
1700,0.010293566442378534,5.439345794647339e-05,0.005129965806166935,0.005109135482916051,7.169534907511097e-08
1701,0.010430106670091742,0.00019431506935448705,0.005175048192915012,0.005060672571776677,7.083604556580073e-08
1702,0.01039292651466571,0.00015167986276413964,0.0052174144818384945,0.005023762030298614,7.013976446186937e-08
1703,0.010305466004222287,6.95650764975743e-05,0.005081689439875021,0.005154140256843326,7.123100636622963e-08
1704,0.010328890894499369,9.555386898969061e-05,0.005050367963896249,0.005182895149186874,7.391242655621279e-08
1705,0.010448295219969197,0.00021096733108386505,0.005182079831603652,0.005055171354351664,7.670293001653267e-08
1706,0.010396036315479844,0.00016589783096462843,0.005093481501497136,0.0051365815875798766,7.539543820385649e-08
1707,0.01026308365539794,3.019605081864528e-05,0.00503569874900935,0.00519711542391487,7.343165507559475e-08
1708,0.010354899990688214,0.00011951413987466828,0.004975720851364943,0.005259592998432196,7.20010164077205e-08
1709,0.01046046404790541,0.00023033099457026035,0.004980251285490501,0.005249809513353603,7.225449104456779e-08
1710,0.010463616892331863,0.00022500513917500663,0.0052403093390702826,0.004998227032075335,7.538201123871689e-08
1711,0.010301967892184277,6.805238153653758e-05,0.005168119782223781,0.005065720271252464,7.545717149451606e-08
1712,0.01032747196434941,9.347961928045288e-05,0.004980807652726045,0.005253111882591005,7.280975190832297e-08
1713,0.010541734012961884,0.0003025637651420518,0.005008767961099594,0.00523033215222091,7.013449932734152e-08
1714,0.010504422381248324,0.00027095175875227804,0.005168920460500105,0.00506448092442183,6.923757411143974e-08
1715,0.010357995873637947,9.746317039119043e-05,0.005550251074275707,0.004710208043898411,7.358507263765011e-08
1716,0.010369606903955346,0.00011637183089985605,0.005443812985869258,0.0048093442410478224,7.78461384085014e-08
1717,0.010529912325187362,0.000296284692071447,0.005056383473296287,0.005177165839303045,7.832051658182863e-08
1718,0.01039715242789295,0.00015870948848871865,0.005096454650193026,0.005141911323994397,7.6965216806914e-08
1719,0.010277263138233706,4.03761657445146e-05,0.005211928017794351,0.005024886410278957,7.254441588221608e-08
1720,0.010424536889833469,0.0001920666698611644,0.005203158170775401,0.005029243939618266,6.810957863736401e-08
1721,0.010449386326604602,0.000213405500599278,0.00515589205835771,0.005080021767687909,6.699995970583714e-08
1722,0.010330930242814743,9.965022435371662e-05,0.004972441044443341,0.005258771033614877,6.794040280715915e-08
1723,0.01027484167505954,4.4464530768933795e-05,0.004993276514961378,0.005237029623525706,7.100580352092261e-08
1724,0.010421641216931928,0.00018964781822055043,0.005118837011772968,0.005113082929796865,7.345714154444298e-08
1725,0.010453811611494971,0.00022770153282294307,0.005050151028536677,0.0051758862295976475,7.282053770325653e-08
1726,0.010323874071785855,9.150937383273169e-05,0.005116290714900307,0.005116001210029829,7.2773022988558e-08
1727,0.010292191307431661,6.0157242011902665e-05,0.005073314016512663,0.0051586469315564884,7.311735060667768e-08
1728,0.010367715491374996,0.00013819685540256724,0.005065382598706112,0.005164061493732909,7.454353340897238e-08
1729,0.010457601928760796,0.00022057125460145578,0.005218173847620965,0.0050187803578899135,7.646864846208247e-08
1730,0.010346882095696466,0.00011592395725862933,0.005126662352878641,0.005104221363616783,7.442194241185432e-08
1731,0.010266575247295323,3.384644001234122e-05,0.005069195879597107,0.00516346183994313,7.108774274480245e-08
1732,0.010380838092276507,0.00014575762098545936,0.00510767009298395,0.005127341601447494,6.877685960587668e-08
1733,0.010454639105918009,0.00022490946959923227,0.005167480958727067,0.00506217982681941,6.885077229888479e-08
1734,0.010392314505318216,0.00014951497340772327,0.00537732224189769,0.0048654046651078215,7.262490497982115e-08
1735,0.01025824233279816,2.6927522216435447e-05,0.005158685639433571,0.005072554825448422,7.434569973013389e-08
1736,0.01040468417058361,0.00017463032030744978,0.004893117778707462,0.005336862843347592,7.322822110622958e-08
1737,0.010604015895439313,0.0003715975129283906,0.0050302599098931665,0.0052020867143841385,7.175823361787387e-08
1738,0.01058578152650344,0.00035896773283741924,0.005198421452099096,0.0050283223129103495,7.00286565752445e-08
1739,0.010344470855493199,9.623536265805799e-05,0.005475818114933425,0.004772346716504771,7.066139694504541e-08
1740,0.010411463270582004,0.00017216458187955055,0.005274920303759232,0.00496430807491301,7.03100302104321e-08
1741,0.010625898957451817,0.0003956349235455335,0.004958526818073816,0.005271668087111712,6.912872075631856e-08
1742,0.010403243297882654,0.0001661667441211112,0.005190871774487511,0.005046134546986425,7.023228760679575e-08
1743,0.010339414824691171,9.409920297597984e-05,0.00539947721839573,0.0048457675231720464,7.088014741428494e-08
1744,0.01049538444531906,0.000258409194165369,0.005320783103040864,0.004916121186991636,7.096112119061459e-08
1745,0.010398213257550484,0.00015655658750772657,0.005296745960313873,0.004944837739835126,7.296989375894416e-08
1746,0.010317272595550245,8.13392620733941e-05,0.005186507238109897,0.0050493518659102555,7.422945669702979e-08
1747,0.010479834606049268,0.000251752325930418,0.005104699550541401,0.005123309254984138,7.347459331085633e-08
1748,0.010477362389966908,0.00024198021938357406,0.005249955943159836,0.004985354520892794,7.170653070478399e-08
1749,0.010267735777888339,3.908571327849719e-05,0.00510442275038179,0.0051241591002274,6.821400065145046e-08
1750,0.010467976533742067,0.0002397977723693648,0.004891000598468287,0.005337110807453949,6.735545046455756e-08
1751,0.010598153752158113,0.0003662001532250639,0.005052575403615843,0.005179305511127795,7.268418941055338e-08
1752,0.010333082458042537,0.00010364826780212238,0.005205236036201362,0.005024118448610555,7.970542849817207e-08
1753,0.0103979677417593,0.00016684760945669347,0.005245477912566041,0.004985559113881827,8.31058547402189e-08
1754,0.010519632700125613,0.00028374490119158907,0.005177767504048528,0.00505804070245191,7.959243358633606e-08
1755,0.010335750259158028,0.0001039614082232676,0.004994097002098611,0.005237620707463829,7.114137232139851e-08
1756,0.010340758321614227,0.0001090214231164071,0.005097147466052283,0.005134523756554284,6.567589125280364e-08
1757,0.010492941539258142,0.0002443930065496492,0.005413948387653298,0.004834534148025565,6.599702962918958e-08
1758,0.01031604293215364,7.26694723290475e-05,0.005392465818158284,0.004850838260522638,6.938114367079081e-08
1759,0.01037602020644358,0.00014356060262690575,0.005164676912757021,0.005067709035709314,7.365535034045718e-08
1760,0.010545596872833676,0.00030899222426096474,0.005095798035564471,0.005140730749381533,7.586362670697993e-08
1761,0.010302745563670638,7.237731420480259e-05,0.005081948975883511,0.0051483460234817745,7.325010054888249e-08
1762,0.01033944923257624,0.00010929959217175309,0.005192825881551207,0.005037254558375866,6.920047741354195e-08
1763,0.010485918363567562,0.00024990477453017796,0.005255960181650815,0.004979986495323834,6.691206273389535e-08
1764,0.010315852213402582,8.793268993212392e-05,0.005004785496830734,0.005223067374733335,6.665190638778585e-08
1765,0.010302063115746322,7.279741473658287e-05,0.004952252076022287,0.005276943671603582,6.995338387073806e-08
1766,0.010459091515106147,0.0002267051528127511,0.005124605146505304,0.005107707769290561,7.344649753061556e-08
1767,0.010395624203865623,0.0001684533516599743,0.005132838782021125,0.005094260299939653,7.177024487096008e-08
1768,0.010261951833490586,3.1487938332654556e-05,0.005155787131098787,0.005074609154701851,6.760935729138688e-08
1769,0.010422292882092586,0.00018903792338089632,0.00506797546651643,0.005165215162563252,6.432963200731794e-08
1770,0.010440420789208168,0.00021146800200967818,0.004969736592092356,0.005259151428526487,6.476657964570535e-08
1771,0.010293870916199863,5.886716919289564e-05,0.005216940940393948,0.005017992551773948,7.025483907086073e-08
1772,0.010324479665347263,8.700048835821831e-05,0.005266908683299726,0.004970495562876028,7.493081328989987e-08
1773,0.01042009563661265,0.00019107313330573436,0.005069916688660695,0.00515903076824747,7.50463987498015e-08
1774,0.01035442858390624,0.00011987220298426361,0.005157571123065818,0.005076911664301397,7.359355476239092e-08
1775,0.010260913569893951,2.8121442276879427e-05,0.005198090321038237,0.005034630631526563,7.117505227244619e-08
1776,0.01038244569401541,0.00015542592087277799,0.00511159312871894,0.00511535711496128,6.952946241205497e-08
1777,0.010420479937291073,0.00018916931019794008,0.005092925856928977,0.005138315027438739,6.974272541515864e-08
1778,0.010303402555686519,7.532695733395002e-05,0.004956089083535969,0.005271917060496831,6.945431976887952e-08
1779,0.01026152928960463,3.416665267795241e-05,0.0050460534748070435,0.005181239287071235,6.987504839956172e-08
1780,0.010363869380855229,0.00013296964063064872,0.005194125609808504,0.005036703636076715,7.049433936041496e-08
1781,0.010387590930837683,0.00016373910392848768,0.005040134341977274,0.0051836474098917,7.007504022152879e-08
1782,0.010302320333071447,7.383413989363495e-05,0.005026577281342628,0.005201838066866145,7.084496903842275e-08
1783,0.01025368013748361,2.5615937190104965e-05,0.004975190892134055,0.005252802386151292,7.092200815873925e-08
1784,0.010303064489176058,7.747709837221444e-05,0.005030292846786697,0.005195224182219193,7.036179795423363e-08
1785,0.01039327871387075,0.0001616123170813699,0.005213569272330659,0.005018027544989993,6.957946872768887e-08
1786,0.010359606363622818,0.00013502328929542086,0.00509021959729665,0.005134295882934415,6.759409633180501e-08
1787,0.01027665843894729,4.823646228947606e-05,0.005128953232960278,0.005099400992625512,6.775107202411935e-08
1788,0.010253327416598212,2.636454900232089e-05,0.005105818574319449,0.005121075481110099,6.881216634335886e-08
1789,0.010325868242171382,0.00010251885528147121,0.005053295073208197,0.005169984144159609,7.016952210650548e-08
1790,0.01042715874751399,0.0001992458784832042,0.005141677927864918,0.0050861627040607645,7.223710510384518e-08
1791,0.010453052971830024,0.00023189664779484445,0.005036159882440146,0.00518492318246614,7.325912889104647e-08
1792,0.01037199602414384,0.00014205156511643122,0.005238579579072465,0.004991289704634561,7.517532038402611e-08
1793,0.010255778128441135,3.059363675985865e-05,0.005162221369586699,0.005062889512703546,7.360939103102481e-08
1794,0.010296633950432024,7.36024384482732e-05,0.0050612172462412425,0.005161744149822997,7.011591951080771e-08
1795,0.010450290263762279,0.0002225854243513043,0.005151637977826574,0.005075998462866437,6.839871796321668e-08
1796,0.010515086327265099,0.0002940481979294786,0.0051364235417295555,0.005084545139682273,6.944792379134895e-08
1797,0.010375401126571007,0.00013957871759249116,0.005359467110328967,0.0048762808177297305,7.448091981726505e-08
1798,0.010260075025769203,3.3197126102360386e-05,0.005178306145164301,0.005048495302586369,7.645191617286782e-08
1799,0.01043220654700913,0.00021070723455445393,0.005022576685851985,0.005198848580597266,7.404600542376888e-08
1800,0.010608015213537056,0.0003767678077825846,0.005264084384802561,0.004967091966419749,7.105453216297331e-08
1801,0.010391658421943664,0.00016580753185984937,0.005258281998990814,0.004967500387419618,6.850367338319016e-08
1802,0.010293958606923623,6.683795274227996e-05,0.005229018032563817,0.0049980326569212625,6.996469626414715e-08
1803,0.010526411575108757,0.0002941345538827896,0.005260949065281385,0.004971254528369388,7.342757519447208e-08
1804,0.010462256762689654,0.00023861750045261934,0.0052197223053220354,0.005003844393893334,7.256302166494583e-08
1805,0.010256646563237418,2.720455341070968e-05,0.005294319176521852,0.004935054206274701,6.862703015375147e-08
1806,0.01047020287469372,0.00024145302224371336,0.005198999750907809,0.005029684565088361,6.553645383754372e-08
1807,0.010471573964888058,0.00025145775316248427,0.0050976389778803425,0.005122409044734473,6.818911075810198e-08
1808,0.010306397693217674,7.554953687284575e-05,0.005323381670412098,0.004907391133721298,7.535221143413994e-08
1809,0.010349511434516463,0.00012393260338291963,0.00514078372711885,0.005084719127904995,7.597610969912992e-08
1810,0.01053190415034088,0.0003094063073382356,0.004875536281743469,0.0053468907795297645,7.078172941128773e-08
1811,0.010372505346790016,0.00014673461217363262,0.005174776763157247,0.00505092578090428,6.819055485579926e-08
1812,0.010305840185941367,7.83710510914139e-05,0.00528167780697707,0.004945724906964139,6.642090874594203e-08
1813,0.010441370265800332,0.00022187503824468166,0.0050026153692392964,0.005216814133544716,6.572477163771438e-08
1814,0.010482976560884791,0.00025671138261198963,0.004998954500987526,0.005227241479308902,6.919797637410274e-08
1815,0.010263027821360063,4.01892740024688e-05,0.005141164113573661,0.005081600532015451,7.390176848052449e-08
1816,0.010380013633761736,0.00015427019346675713,0.0052890955007700215,0.004936572305230992,7.563429396529068e-08
1817,0.0104063681341589,0.0001738605227582528,0.005319963201986649,0.004912471207229757,7.32021842414307e-08
1818,0.010281336392663076,5.824250332815773e-05,0.005055997095391346,0.005167028074637904,6.871930566851603e-08
1819,0.010336679119854746,0.0001153379898226369,0.0049813111588892815,0.005239962953587276,6.701755555009918e-08
1820,0.010478462394568741,0.0002535059697044362,0.005137081024876656,0.005087808620810881,6.677917676900466e-08
1821,0.010314308918440101,9.482909974987288e-05,0.0050767136345998,0.0051427014248268494,6.475926357885165e-08
1822,0.010291060611225452,7.049288514010854e-05,0.005024896134068513,0.00519560762987174,6.396214508980239e-08
1823,0.010430035022649234,0.00020568723629936828,0.005128137692281279,0.005096143540033728,6.655403485968293e-08
1824,0.010394545854366725,0.00017555773895210097,0.005149520615641484,0.005069398623714879,6.887605825913848e-08
1825,0.010273543197994556,5.014180767819007e-05,0.005213697095616294,0.005009635847888512,6.84468115603953e-08
1826,0.010354383343702882,0.00013159230288146726,0.0050509740694106115,0.005171752138604023,6.483280678135943e-08
1827,0.010470930677897996,0.00025168834353692164,0.004927409213887506,0.005291769435770095,6.368470347433854e-08
1828,0.01036660532460913,0.000138587132899679,0.005280093762536671,0.0049478555906992145,6.883847356583673e-08
1829,0.010280234943934518,5.285382128362306e-05,0.00528218643192429,0.004945121252919671,7.343780693398318e-08
1830,0.01040926299441646,0.00018867242785498367,0.004992062172915454,0.005228455626779248,7.276686677320506e-08
1831,0.010502849618950734,0.00027718151718339023,0.0050204026016038425,0.0052051960701913445,6.942997215760398e-08
1832,0.01030929766398076,8.859801414670739e-05,0.005162964754699378,0.005057669444761621,6.5450373054187e-08
1833,0.010316851713138592,9.209680892938411e-05,0.005297376241189291,0.00492731537522369,6.328779622620494e-08
1834,0.010408657550394615,0.0001842954776691136,0.005196107878738488,0.005028190365322539,6.382866447385057e-08
1835,0.010394496334369823,0.00017532474854168613,0.004936697656881109,0.005282406666550298,6.7262396728676e-08
1836,0.0102575198408978,3.717406568602544e-05,0.005105441955194719,0.005114830019091681,7.38009253760052e-08
1837,0.010315273516220521,9.221018744723749e-05,0.005232941016359641,0.004990046279305529,7.603310811541083e-08
1838,0.010365557433325609,0.0001497996429535305,0.005037881184459503,0.005177805059117782,7.154679479429905e-08
1839,0.010367921598407475,0.00014734998645720822,0.004980303463889005,0.005240200307478392,6.784058287013569e-08
1840,0.010260131095841632,4.253326721857776e-05,0.004966522156638871,0.005251008258384274,6.741359990821133e-08
1841,0.010273467098126664,5.704896144632529e-05,0.005062828690981609,0.0051535208808880725,6.856481065929657e-08
1842,0.010321180238632117,0.00010262747365079993,0.00508517961574753,0.005133305896731827,6.725250196002365e-08
1843,0.01037730617498839,0.0001619234186476382,0.004944582864321228,0.005270735407197417,6.448482210635149e-08
1844,0.01035854185557036,0.0001393201178332721,0.0051504747314021744,0.005068681039144705,6.59671902087199e-08
1845,0.01028361597530284,6.709357803596938e-05,0.00518294108757457,0.00503351181969457,6.948999772956341e-08
1846,0.010251204649288364,3.49200415893043e-05,0.005110256103238841,0.0051059565077620425,7.199669817776582e-08
1847,0.010333962374087364,0.00011499970485737975,0.004999531856340822,0.005219359854098502,7.095879065859681e-08
1848,0.010445070938836157,0.0002305061894165772,0.004961560735235518,0.0052529357831172935,6.823106676840255e-08
1849,0.010517191534133816,0.00029201049341290964,0.005291550445325217,0.004933562858832626,6.773656306314151e-08
1850,0.010331246644838985,0.00011211339624970568,0.005244087439993605,0.004974978680627315,6.712796835917144e-08
1851,0.010266706578125406,4.872469667959198e-05,0.005139455015672867,0.0050784595780508715,6.728772207498287e-08
1852,0.010468950902627925,0.0002473204912987237,0.0051650671746484664,0.0050564953054471435,6.793123359055394e-08
1853,0.010531664042560934,0.0003167176394404773,0.0051903828051257025,0.005024496342544102,6.725545065172357e-08
1854,0.010361892984037708,0.00012489044676698732,0.005491154344808137,0.004745781795100667,6.639736191844221e-08
1855,0.010300165905808043,7.685921778992572e-05,0.005270875803347902,0.004952365775860171,6.51088100441354e-08
1856,0.010547714705901039,0.0003333104042446827,0.004969194300719698,0.005245143147684647,6.6853252011171e-08
1857,0.010552798473355282,0.00033087689742188775,0.005203315077751273,0.0050185350667373415,7.14314447798245e-08
1858,0.010318372193614103,9.690200166492308e-05,0.005293521002528635,0.004927878529169635,7.066025091130126e-08
1859,0.010400509096497404,0.0001853584437791589,0.005140715281473126,0.0050743696192129305,6.575203218872328e-08
1860,0.010617602005945208,0.00039567427742484313,0.0051672981407397955,0.005054565507316767,6.408046380171309e-08
1861,0.010288757788270672,7.04839821769882e-05,0.005219241528118983,0.004998965352143705,6.69258309962901e-08
1862,0.01040563923485584,0.00018386103991899875,0.00532761804624413,0.004894089359719167,7.078897354264709e-08
1863,0.010497086410467578,0.0002680247164458559,0.005361564274235582,0.004867426578882641,7.08409035000039e-08
1864,0.01029625593330111,7.972827711855053e-05,0.005070688555666409,0.005145771829684645,6.727083150675174e-08
1865,0.01038048941635297,0.00016584536777577364,0.005033369074284676,0.005181208454703147,6.651958937200397e-08
1866,0.01050752606459142,0.00028156676311659056,0.005315972481667719,0.004909916642565589,7.01772415237485e-08
1867,0.010306950128908721,8.908968905065101e-05,0.005210015847051897,0.005007771662374584,7.293043158782793e-08
1868,0.01037948259999359,0.00016329696845078512,0.0049225574529689715,0.005293556279597338,7.189897649648583e-08
1869,0.010618717316111996,0.0003969312802829117,0.004933033711565651,0.005288683001058446,6.932320498757638e-08
1870,0.010329940948599507,0.00011539454319026855,0.005102954210821266,0.005111524952074406,6.724251356847947e-08
1871,0.010372349151700242,0.0001467852472921631,0.005386264701533479,0.004839232324721419,6.687815318190027e-08
1872,0.010438435663763438,0.00020735971592166972,0.005393624056804131,0.004837384885699289,6.700533834732712e-08
1873,0.010315547103558476,9.809521945568794e-05,0.005010810668346695,0.0052065745837663385,6.663198975449657e-08
1874,0.010361631203009312,0.00014382958037432655,0.004922167644930562,0.005295566374351775,6.76033526493681e-08
1875,0.010452318446969573,0.0002309625271968945,0.005193566345064973,0.005027720698965894,6.887574181186695e-08
1876,0.010339442143452816,0.00012060903199149055,0.00524485168434504,0.0049739139395354745,6.74875808115308e-08
1877,0.010325623965282334,0.00011017358301199438,0.005096898574827044,0.005118486038357472,6.576908582349348e-08
1878,0.010507689529255774,0.00028708361524649756,0.00502605176118513,0.005194486794578121,6.73582460245998e-08
1879,0.010324922576112448,0.00010889875501071779,0.004991478162602998,0.005224474755420154,7.090307857778365e-08
1880,0.010312329278208365,9.547889135100694e-05,0.005170319987976214,0.005046458066052381,7.233282876073766e-08
1881,0.010412009499329276,0.00019048339223212674,0.005243563383845027,0.004977894755980787,6.796727133508174e-08
1882,0.010337820657558592,0.0001236980229956691,0.00499461885353857,0.005219441741628149,6.203939620292418e-08
1883,0.010291726022081468,7.563362738426598e-05,0.005006243891880378,0.00520978683506827,6.16677485533592e-08
1884,0.01033193692058818,0.00011314281285346734,0.005157148537410054,0.005061579222644596,6.634768006288321e-08
1885,0.010398476101052701,0.00018435221719300245,0.005122056192225188,0.005091996802188439,7.088944607131715e-08
1886,0.010273685179146303,5.616122627588604e-05,0.005102771701772843,0.0051146813967052245,7.085439234953178e-08
1887,0.010285179073057328,6.670926303148453e-05,0.0049599268533784225,0.005258476574216678,6.638243074221551e-08
1888,0.010395474338879185,0.0001802876675339264,0.00492227862989739,0.005292844835170008,6.320627786083505e-08
1889,0.010416929197838673,0.00019641462657342905,0.005229499100095409,0.004990950016587541,6.545458229492728e-08
1890,0.010298662591385723,8.248775887681043e-05,0.005194135135552482,0.005021969776495884,6.992046054709194e-08
1891,0.010280378860015071,6.548654327143553e-05,0.005002666831948556,0.005212151530210519,7.395458455994176e-08
1892,0.010483653781631031,0.0002638553038715562,0.00496811114652901,0.005251611694462312,7.56367681517621e-08
1893,0.010468677822816309,0.0002559743145485181,0.005022375197306188,0.005190254414923015,7.389603858799808e-08
1894,0.010353236000688555,0.0001230554381464276,0.005416396812486059,0.004813712904124739,7.084593132963472e-08
1895,0.010294777283530362,7.028259874954608e-05,0.005313327989393549,0.004911100968582393,6.572680487401584e-08
1896,0.01048175159864287,0.0002660786317774502,0.0049458322180524605,0.005269778410791948,6.233802101141558e-08
1897,0.010477644555604128,0.00025685483142212477,0.005039609891777962,0.005181115637643188,6.419476085248428e-08
1898,0.010283841650163317,6.460547617787072e-05,0.005205247860547099,0.005013920418750192,6.789468815481516e-08
1899,0.010351701660203855,0.00012920862373398757,0.005315005057001195,0.004907417937312062,7.004215660907533e-08
1900,0.010424935875281859,0.0001985675162576831,0.005309316007797273,0.004916981900857781,7.045036912143345e-08
1901,0.010313962407018882,9.800613728444351e-05,0.005064380277823463,0.005151505240617014,7.075129396014059e-08
1902,0.010266503977882774,5.180737613842993e-05,0.0050424243005853155,0.00517219938058205,7.292057697891961e-08
1903,0.010440696510189557,0.0002233956263323834,0.00513986403615558,0.005077363917655539,7.293004605349111e-08
1904,0.010404936601508085,0.0001944826279042491,0.005023400781950218,0.0051869844611961815,6.873045743704352e-08
1905,0.010257870077972164,4.400594821530594e-05,0.0050577435696502505,0.005156055239497338,6.532060926818845e-08
1906,0.010308609852405313,9.416441190726451e-05,0.0050526292530166305,0.005161752255614822,6.393186659510368e-08
1907,0.010396594853568364,0.00018603731562261806,0.00504622653905675,0.005164265679346649,6.531954234809772e-08
1908,0.01039725346973715,0.00017622917285436097,0.005270780804752239,0.004950174316789321,6.917534122895776e-08
1909,0.010256348269526264,4.1685468268195295e-05,0.005100947659132451,0.005113645985306316,6.91568193028975e-08
1910,0.010327025865487274,0.00011076637980395756,0.004890483005039529,0.0053257094638319265,6.701681186227517e-08
1911,0.010496671528128946,0.00027817550127847286,0.0049921489547727705,0.005226279968900325,6.71031773781431e-08
1912,0.010449616078546541,0.00023562649515505144,0.005181674298200849,0.00503224548015499,6.980503564981427e-08
1913,0.010314165251033682,8.067452104062065e-05,0.005468810350608918,0.004764604851942313,7.552744183010083e-08
1914,0.010347356662647942,0.00012381982728397185,0.005277114349209937,0.0049463452212908906,7.726486314272638e-08
1915,0.010510152037898223,0.0002952894515431801,0.004923728392542495,0.0052910611734377005,7.30203748470023e-08
1916,0.010359500690500283,0.00014174202998915774,0.005109910175865536,0.00510777992819033,6.855645525923943e-08
1917,0.010280678113580433,6.082059310110033e-05,0.00529027251367166,0.004929521317200773,6.368960689891048e-08
1918,0.01039247183151264,0.00017907635636045795,0.005213837583131186,0.00499949684375424,6.104826675602047e-08
1919,0.01040916980442705,0.00019315509110953574,0.005128793110113654,0.005087158627742262,6.297546159734418e-08
1920,0.010293763025501224,8.07429132021302e-05,0.004960076727978177,0.005252875959189894,6.74251310232775e-08
1921,0.010270284410547618,5.822880960294584e-05,0.005026677127122356,0.005185306369631691,7.210419062544293e-08
1922,0.010406218587069594,0.00019042467994859544,0.005172131251871453,0.005043590891661182,7.176358836262971e-08
1923,0.010365479465839935,0.00015637109764642245,0.005040398002262949,0.005168644810690476,6.555524008687514e-08
1924,0.01027973090939344,6.750150674418168e-05,0.005031918136744148,0.0051802499924725924,6.12734325187178e-08
1925,0.010275991090474819,6.404721465978042e-05,0.005020723261514163,0.005191159129765376,6.148453549853514e-08
1926,0.010347863397486931,0.00013922512100938847,0.005040696805899498,0.005167875800359807,6.567021823714812e-08
1927,0.010418842753955838,0.00020221409062591198,0.00521986307164293,0.004996694594993912,7.099669308280048e-08
1928,0.010290565746463969,7.953461799604753e-05,0.00507623712997637,0.005134723569114208,7.042937734422652e-08
1929,0.010258900467847932,4.648221791468591e-05,0.005029622996737451,0.005182728660989831,6.659220596407349e-08
1930,0.010341511279419324,0.00012687409182883663,0.005135620411784604,0.005078953280791855,6.34950140270272e-08
1931,0.010411832253524277,0.00020246627734035044,0.005154720413731898,0.005054582889594254,6.267285777417249e-08
1932,0.010345166682425818,0.00012836708651235677,0.005258710090371176,0.004958024054171152,6.545137113341042e-08
1933,0.010243179914765721,3.2228117026942414e-05,0.005025248570114039,0.0051856354464922235,6.778113251680439e-08
1934,0.010324495598908762,0.0001128485516938967,0.004903646358080579,0.005307931327527524,6.936160676285368e-08
1935,0.01045046420231887,0.00023665422587971862,0.005138214776609378,0.0050755245147661,7.06850636740871e-08
1936,0.010496383052311029,0.00028703232956255997,0.005218525291679894,0.0049907560659757655,6.93650928087554e-08
1937,0.010295301764583377,7.65836962568757e-05,0.005329448426898175,0.004889201208913846,6.843251447915611e-08
1938,0.010300246200804972,8.881435413640642e-05,0.005054661580226002,0.005156703481088339,6.678535422521101e-08
1939,0.010532230802483614,0.00032204191339576366,0.004872555074822165,0.005337567539013312,6.627525237359018e-08
1940,0.010613244027877982,0.0003945460391958958,0.005255848316027243,0.00496278162841757,6.804423727263104e-08
1941,0.010342793679711314,0.00011732920099081729,0.005425187990097662,0.004800209292037218,6.719658561677991e-08
1942,0.0104119858617295,0.00019224984354885639,0.005329515165636118,0.004890155311082529,6.554146199889421e-08
1943,0.010611349788610726,0.0003827346557744223,0.0053632630524887695,0.004865285199466227,6.688088130638237e-08
1944,0.010264594724517248,4.221534640875062e-05,0.0053237395541682435,0.004898570421930771,6.940200948347282e-08
1945,0.010483425868409646,0.00026336969020755783,0.005340945411132804,0.004879039870960601,7.089610868389282e-08
1946,0.010517517555738936,0.0002821144496028196,0.0054881453381808816,0.004747188102301648,6.96656535870963e-08
1947,0.010248484726201094,3.195953606605439e-05,0.005211111301295223,0.0050053486951086214,6.519373119492901e-08
1948,0.010600723128996665,0.0003905871057427979,0.004955678580230247,0.005254394539450988,6.290357263256381e-08
1949,0.010524478817427569,0.00030407294688953527,0.005264400565882904,0.004955938694433736,6.661022139288929e-08
1950,0.010314420370456996,9.030825245122247e-05,0.0053825086820006255,0.004841532794189789,7.06418153585482e-08
1951,0.01060670043767219,0.0003980130115618724,0.005095791167380073,0.005112825845526703,7.041320354221847e-08
1952,0.01042341594069595,0.00020765883998286253,0.005082392966859622,0.005133296077767727,6.805608573874574e-08
1953,0.01031711963306451,0.00010205339689052744,0.005094759740458623,0.005120242510580085,6.39851352730567e-08
1954,0.010565767742196827,0.0003548994769008567,0.00516324912940583,0.005047556955961177,6.217992896274851e-08
1955,0.010358502089836562,0.00011868158549281041,0.005545075757978758,0.004694678443962214,6.630240277918686e-08
1956,0.010422916464256369,0.00019259570325871702,0.005383287265057845,0.0048469620805655055,7.141537429975222e-08
1957,0.010445497663135284,0.00022943717157698806,0.004974295817139247,0.005241690320195433,7.435422361688546e-08
1958,0.0102951457983122,7.703429759493773e-05,0.004962941840923288,0.00525509453402966,7.512576431417393e-08
1959,0.010445827293194498,0.0002256242116803654,0.0051705535210084235,0.005049577369043567,7.219146214163707e-08
1960,0.010359181385632688,0.0001416299858708509,0.005268728082404635,0.004948757008150306,6.630920689661256e-08
1961,0.010337024421204212,0.0001249762287947182,0.00513676687767692,0.005075219616494888,6.169823768738369e-08
1962,0.010461605567716026,0.0002457765480085539,0.004996789272781807,0.0052189787039332814,6.104299238293147e-08
1963,0.010282175065704448,6.821804068402054e-05,0.00490724128140857,0.005306652416808061,6.332680379624613e-08
1964,0.010359449799557479,0.0001491766759773892,0.005029490674918383,0.005180715356267735,6.709239397288668e-08
1965,0.01043014014080853,0.0002103466136892132,0.005271416738110457,0.004948307293801383,6.949520747553872e-08
1966,0.010245197300884992,3.150865690753326e-05,0.005118845924429233,0.005094775283075366,6.743647285963787e-08
1967,0.0104271895007647,0.00021287969343518977,0.004883399659585864,0.005330845062776201,6.50849674475722e-08
1968,0.0104213906643536,0.00020388772223336842,0.004986644925745102,0.005230791777241159,6.623913397130009e-08
1969,0.010273281087125415,5.787520174257618e-05,0.005122015056576606,0.005093323200088701,6.762871753111657e-08
1970,0.010396993813784285,0.00018277567406452117,0.0051333296774598225,0.005080821785889121,6.667637081960585e-08
1971,0.010364814885484531,0.00014493707276227926,0.005157937934964824,0.005061875962438457,6.391531897227375e-08
1972,0.010280987423216193,6.360510610605395e-05,0.005103793276178442,0.005113528534915703,6.050601599475892e-08
1973,0.010375511537168973,0.00015966825615553617,0.005172558165410108,0.00504322503324774,6.008235558958074e-08
1974,0.010374929866018559,0.00014147415619082746,0.005443540205362929,0.004789851367189963,6.413727484004855e-08
1975,0.010267387053224608,4.655949728607849e-05,0.0052518686487975945,0.004968890441118148,6.846602278738851e-08
1976,0.010405965712737615,0.00018960725182758914,0.004877607649280782,0.0053386795803501644,7.123127908026936e-08
1977,0.010446672437236246,0.00022597472897742868,0.004871512284511681,0.00534911227885218,7.314489495517638e-08
1978,0.010271027329159703,5.855223487326484e-05,0.005031143786021141,0.005181258872882206,7.243538309205522e-08
1979,0.010331311568026318,0.00011819686541506038,0.005196439272422232,0.005016605198327864,7.023186116231955e-08
1980,0.01036402829653403,0.00014874358513756092,0.005154768038115361,0.005060449189373214,6.748390789631916e-08
1981,0.010303024176607911,8.815193269573151e-05,0.0048586922425097575,0.005356115504078343,6.449732408046157e-08
1982,0.010274403259021432,5.8391111476692546e-05,0.004855784600787632,0.005360163372506834,6.41742502743102e-08
1983,0.010334382906969135,0.00012047797167870624,0.0050691695768925234,0.0051446697072014946,6.565119641038031e-08
1984,0.01035392159928224,0.00014320945295106808,0.00513853861341234,0.005072106444447576,6.708847125800651e-08
1985,0.010264109706156635,4.836507970997216e-05,0.005203929131728105,0.005011745368112368,7.01266061910694e-08
1986,0.010295267766184411,8.087774303549035e-05,0.0050600339236808786,0.005154282525843346,7.357362469691332e-08
1987,0.010359180809260864,0.00014670885166612419,0.004941177280721692,0.005271218690923311,7.598594973530187e-08
1988,0.010394729241267137,0.000179022186290486,0.005113658234505128,0.0051019729009581655,7.591951335657521e-08
1989,0.010297071580987544,8.507296546845879e-05,0.005109688024139005,0.0051022403626081,7.022877197994825e-08
1990,0.010245127334320902,3.3068978263094516e-05,0.005067059851119116,0.0051449344161002735,6.408883841821785e-08
1991,0.010366921704172704,0.0001531146624312199,0.005089406205988437,0.005124338911216265,6.19245367830555e-08
1992,0.01038875244445728,0.0001802465622301536,0.005102851681209597,0.0051055903306071035,6.387041042511361e-08
1993,0.010358443532230269,0.00013703319615265272,0.005352270530116908,0.004869070997266534,6.880869417243503e-08
1994,0.010242499855160712,3.084881700327855e-05,0.005127532815554527,0.005084048414904637,6.980769826781782e-08
1995,0.010336020391125739,0.00012260464689785414,0.004853462924230786,0.005359885123043169,6.769695393018158e-08
1996,0.010502108450388932,0.00028789000246309403,0.004956143284061025,0.005258008496748453,6.666711635975702e-08
1997,0.010579189695917394,0.00037210081627054296,0.005132001800522172,0.0050750197261379415,6.735298673767113e-08
1998,0.010394440356078123,0.000164420456526801,0.005470991350323225,0.004758958318191412,7.023103668442443e-08
1999,0.010300614518279034,8.393454726751471e-05,0.005220602397722954,0.004996007984807128,6.958848143642844e-08
2000,0.010645456559192534,0.00043329932492455086,0.00488735283434354,0.005324738542624265,6.585730017880258e-08
2001,0.010532859553164686,0.0003137720321826442,0.005204863622359293,0.005014160440563006,6.345805974226983e-08
2002,0.010322440129276621,8.986229991164168e-05,0.0054862601099512995,0.00474625629755399,6.142185969034249e-08
2003,0.010540532121300735,0.0003168749789221115,0.005408588102411156,0.004815008505855195,6.053411227215722e-08
2004,0.010398484095852145,0.0001711882714886313,0.005365193191408066,0.004862038739068307,6.389388713914234e-08
2005,0.01034570918810568,0.00012610134602611197,0.005206177919107562,0.005013360100672045,6.982229996138519e-08
2006,0.010558794217353212,0.0003463594224599212,0.005136725324459434,0.005075634654340154,7.481609370238917e-08
2007,0.010374102749287687,0.00014429258415080154,0.005420968061277957,0.004808766115932856,7.59879260727018e-08
2008,0.010376157982545684,0.00015029523636469276,0.00537465011136895,0.004851143144758066,6.949005397416234e-08
2009,0.01053570471726233,0.00032686404952390555,0.0050395014427042735,0.005169277422923797,6.180211035371577e-08
2010,0.010304701026411423,9.202216472006113e-05,0.005058669119648645,0.005153948945127534,6.0796915182635e-08
2011,0.010351267368256173,0.00013750976638480015,0.005143473967739403,0.0050702194140947125,6.422003725642838e-08
2012,0.010492255079392733,0.0002844174734716633,0.005119307324528712,0.005088461764037829,6.85173545273898e-08
2013,0.010271855442913336,5.8690935805395227e-05,0.005179456460476344,0.005033637217204792,7.082942680396278e-08
2014,0.010396645690098929,0.0001826457479180421,0.0050547131285315645,0.0051592184711765745,6.834247274629742e-08
2015,0.010460564271133994,0.0002499016836842656,0.004919983608110956,0.005290614794021306,6.418531746491525e-08
2016,0.01025118047094501,3.752932805590696e-05,0.0051500227033712005,0.005063564540736988,6.389878091551207e-08
2017,0.010395986662133564,0.00017630384505091268,0.0052715136400581656,0.004948103587199596,6.558982488921122e-08
2018,0.010360778625250628,0.00014944678176244383,0.005090995139184225,0.005120269524350998,6.717995296095559e-08
2019,0.01025635437001778,4.208720733328344e-05,0.005008300714830463,0.005205897418609817,6.902924421778427e-08
2020,0.010397154949841987,0.0001802256989851851,0.005069874218106368,0.005146985245238202,6.978751223311556e-08
2021,0.010339598148627057,0.00012574710476777288,0.005184475276303228,0.0050293074420292945,6.832552676105544e-08
2022,0.010288043508621232,6.769731740293981e-05,0.005328241477406415,0.004892038807145748,6.590666612890856e-08
2023,0.010355742134884416,0.00014004541644099385,0.005174828754015761,0.005040805555770254,6.24086574065497e-08
2024,0.010339101187448138,0.0001257431752900061,0.0048497453709780165,0.005363553033778051,5.960740206420808e-08
2025,0.010254790180317113,4.1406235529004106e-05,0.004880562994681441,0.00533276019078654,6.075932012867691e-08
2026,0.010302953224119216,9.131402992469509e-05,0.005082886213358891,0.0051286891033413655,6.387749426510107e-08
2027,0.010346456307276071,0.00013799188898312392,0.00511856689528895,0.005089831843247256,6.567975674173573e-08
2028,0.010259758579194764,4.8334266369098045e-05,0.005103089956616009,0.00510826791515925,6.644105040557314e-08
2029,0.010284715479765004,7.219649500257635e-05,0.004958338447831183,0.005254114942057225,6.559487402007264e-08
2030,0.010353092148547325,0.00014242642825295593,0.004883864751155105,0.005326736858940544,6.41101987191623e-08
2031,0.010378920544388154,0.00016698423165483256,0.005091480264014959,0.00512039317225245,6.28764659130124e-08
2032,0.010267127504691173,5.786003127480988e-05,0.005107367260132796,0.0051018401197665585,6.009351700777198e-08
2033,0.010269662626417486,6.0117184981919235e-05,0.005058364265148478,0.0051511221406875165,5.903559957188519e-08
2034,0.010377209694919265,0.00016305252352554248,0.005126467361399254,0.005087627591125261,6.221886920760752e-08
2035,0.010342241388993033,0.0001313202398322029,0.005154030852550263,0.005056823185624377,6.711098619053174e-08
2036,0.010277020287531491,5.877065599577981e-05,0.005287040610950749,0.004931138634857455,7.038572750892762e-08
2037,0.010275486178689779,6.200674257904206e-05,0.005135809073888222,0.005077603003738563,6.735848394954795e-08
2038,0.010404417835074953,0.0001948459913817232,0.004913996135973419,0.005295513385859628,6.23218601831578e-08
2039,0.010415863880481728,0.00020378839981859573,0.005116720401884023,0.005095292931444365,6.214733474567791e-08
2040,0.01031315734737691,0.00010294542866073341,0.005216183300287602,0.004993963422205057,6.519622351740965e-08
2041,0.010250517407939896,4.104777378645181e-05,0.00515449615563542,0.005054904123461769,6.935505625520692e-08
2042,0.010406201457302838,0.0001946262223115607,0.00501873565994103,0.00519276825023409,7.132481615725914e-08
2043,0.010470440696799458,0.0002638875914676799,0.004939823788108522,0.005266659729224063,6.958799919239885e-08
2044,0.010361979325254445,0.00014363867522041864,0.0053354689369992875,0.004882803841756066,6.787127867343783e-08
2045,0.010260746706134331,4.5987769753387785e-05,0.005297208783228883,0.004917486152860539,6.400029152212164e-08
2046,0.01040933569171863,0.00020250267600497375,0.004964441771907482,0.005242329641964067,6.160184210862556e-08
2047,0.010550673966199702,0.0003376783704114362,0.005001028942364192,0.00521190221058579,6.444283828287838e-08
2048,0.010336326595327175,0.0001259395216387395,0.005182518163345682,0.005027799682260215,6.922808253827915e-08
2049,0.010309961470613712,8.475786465514348e-05,0.005439901895921964,0.00478522929120307,7.241883353558559e-08
2050,0.010414235528369974,0.00018780505795764553,0.005409480019376297,0.0048168794709755125,7.098006051874575e-08
2051,0.010325879641259441,0.00011680710083895956,0.005064639389764238,0.0051443662092739255,6.69413823180612e-08
2052,0.010254993554715585,4.6814592592868205e-05,0.005041040099092803,0.005167073260424344,6.560260557070759e-08
2053,0.010411484655323152,0.00020082212173886226,0.0051733805563211705,0.005037216393852381,6.558341073829261e-08
2054,0.010366311949972817,0.00016288478366880207,0.005060841622592031,0.005142521019823252,6.452388873266801e-08
2055,0.01025236698157989,4.624711871848153e-05,0.005021019358171061,0.005185035117535101,6.538715524529959e-08
2056,0.010315699566405913,0.00010832590871826199,0.004975233356883494,0.0052320721579869585,6.814281719766365e-08
2057,0.010405459263019815,0.00020250015017638645,0.004959453949905684,0.0052434352220759204,6.994086182347912e-08
2058,0.010399121987528327,0.00018986534080947098,0.005192583600587506,0.005016604547003265,6.849912808465716e-08
2059,0.010231482383398013,2.6347125814648197e-05,0.0050611146256348515,0.005143958878915581,6.175303293128538e-08
2060,0.010353645095424103,0.00014769626665115158,0.004913514094132214,0.005292377445072543,5.7289568194059245e-08
2061,0.010466982047482278,0.0002568453694254746,0.005123096668358828,0.005086980105097375,5.990460060006058e-08
2062,0.010352940249506566,0.00014224617462302088,0.005264287465811265,0.004946340433316405,6.617575587570194e-08
2063,0.010281119258262344,6.403546647066665e-05,0.0053394594436582685,0.004877552687331382,7.166080202694951e-08
2064,0.010424352302649303,0.00020901470646104945,0.005217465677213039,0.004997801112543529,7.080643168441525e-08
2065,0.010389597509895,0.0001825013765117191,0.005046436563411497,0.00516059447324926,6.509672252422389e-08
2066,0.010238523776973301,2.513439934539123e-05,0.005274590412976351,0.004938737614955634,6.134969592411014e-08
2067,0.010352555199543844,0.0001369526802745562,0.005325054209875915,0.004890489044139379,5.9265253993916606e-08
2068,0.010371096413192843,0.00016781566895477748,0.004984356523306227,0.005218865778069662,5.844286217580045e-08
2069,0.010311220911169932,0.00010287069677545914,0.004914759579300091,0.005293529862829881,6.077226449983371e-08
2070,0.010229102149393371,2.435093781990056e-05,0.004979851513090673,0.0052248354600548325,6.423842796350334e-08
2071,0.010297380911352948,9.532269062021841e-05,0.005110810326474107,0.0050911810398213495,6.685443727315253e-08
2072,0.010342033275184697,0.0001364027047063014,0.005173299489819583,0.005032264305589457,6.677506935590829e-08
2073,0.010284771935348522,8.125376362746919e-05,0.004870082508639365,0.005333372523426053,6.313965563533007e-08
2074,0.010252027606538367,4.469299145258671e-05,0.00483031896469368,0.005376954733323974,6.091706812575673e-08
2075,0.01023295239853392,2.9780648501404333e-05,0.0049539662794407646,0.005249145262803083,6.020778866639324e-08
2076,0.010274985915267027,7.383424825623219e-05,0.00505803463913301,0.005143056815633996,6.021224379017035e-08
2077,0.010295216257234376,9.012080699069924e-05,0.005114897543558958,0.00509013652465147,6.138203324735071e-08
2078,0.010315368015500289,0.00011307531175022833,0.004988207510014333,0.005214021928434338,6.326530138785413e-08
2079,0.010283292285120864,7.712334196014865e-05,0.005144540318222582,0.005061561988000817,6.663693731599304e-08
2080,0.010258295457689979,5.446127789057208e-05,0.0051628027991110405,0.0050409650092487724,6.637143959230445e-08
2081,0.01022334054992639,2.0279133561188927e-05,0.005108075574031489,0.005094922624151826,6.321818188673804e-08
2082,0.010254003387639035,5.1365514330766427e-05,0.004995770177328136,0.00520680641625375,6.127972638193355e-08
2083,0.010294197501091095,9.458220466943992e-05,0.00495439772016301,0.005245154111104219,6.346515442673838e-08
2084,0.01045020126091268,0.0002469715453520324,0.005151958777302705,0.005051202515366747,6.842289119628459e-08
2085,0.010631077619042846,0.0004355096783899437,0.005030951320036698,0.00516454802314771,6.85974684932991e-08
2086,0.0106246845109001,0.00040874716356028917,0.005373275474642618,0.004842594134000294,6.773869689952431e-08
2087,0.010261577980679192,4.9213823436992276e-05,0.005337593275748058,0.004874706207538684,6.467395545906721e-08
2088,0.010465465937734359,0.0002560572223434122,0.005284044927510902,0.004925300932774773,6.285510527203531e-08
2089,0.010606363424053902,0.0003697314088159755,0.005549896388063391,0.004686672591657163,6.303551737316454e-08
2090,0.010260288438436894,2.861915737019797e-05,0.0055107987844809905,0.004720808533567154,6.196301855184109e-08
2091,0.010605672937497364,0.00039182480189114743,0.0053038437462332,0.0049099429561008726,6.143327214447806e-08
2092,0.010463315828435809,0.00022166146428028788,0.0055859440569818765,0.004655644819840521,6.548733312431995e-08
2093,0.010348321038711134,0.00010746428389664694,0.005596633348692208,0.004644154591993014,6.881412926520123e-08
2094,0.010629650214251005,0.00042322636259863066,0.005197988942176085,0.005008368155585637,6.675389065281912e-08
2095,0.010271698466253278,6.077216069993679e-05,0.005219472756437412,0.00499139029908234,6.325003358828561e-08
2096,0.01043980393579102,0.00022938749833325704,0.005222517496235811,0.004987839273148355,5.966807359774791e-08
2097,0.010513954956823574,0.00031374401462602974,0.0051110396195855265,0.005089112230184859,5.9092427159155014e-08
2098,0.010236674220713041,3.1933812206368494e-05,0.005164372476746028,0.005040304406501765,6.35252588789074e-08
2099,0.010527595696866242,0.00032007488928993016,0.005069547707359146,0.00513790520161071,6.789860645657273e-08
2100,0.010364368710695585,0.00016186328907937493,0.005012942010815087,0.005189494367219311,6.904358181147443e-08
2101,0.010299195733005626,9.222087039425028e-05,0.0052183182972232334,0.004988588096797046,6.846859109470771e-08
2102,0.010454533836890018,0.00023860494832280568,0.0053034152107836255,0.004912447126003689,6.655177989779852e-08
2103,0.010237928050390817,3.064899209110929e-05,0.005061676075302183,0.005145538869077878,6.411391964513933e-08
2104,0.01043217168669826,0.00022592529620465244,0.004943370580741075,0.005262812104740879,6.370501165363255e-08
2105,0.010378643659092116,0.00016599679584247145,0.005175910337931318,0.005036671780782855,6.474453547066197e-08
2106,0.010276063614534663,6.249818755405274e-05,0.005223923053235012,0.0049895789422983615,6.343144723755751e-08
2107,0.01046276465735954,0.00025671515851881046,0.0050622057571988325,0.00514378115097625,6.259066564642219e-08
2108,0.010255521779160543,4.060807632614014e-05,0.005264148648398028,0.0049506984005891885,6.665384718658238e-08
2109,0.010382899719076584,0.0001650460655444454,0.005300490961883135,0.004917293330088015,6.93615609882895e-08
2110,0.01034362126600466,0.000137205345408385,0.005053554410632998,0.005152795235616901,6.627434637615521e-08
2111,0.010246211865751476,3.880015168023006e-05,0.005028312691196719,0.0051790367606453815,6.226222914521483e-08
2112,0.01040553200285527,0.00019507098855562298,0.005129104265615335,0.0050812957959121986,6.09527721139251e-08
2113,0.01028298722796057,7.728326806271371e-05,0.005094876327586402,0.005110765576847436,6.205546401681526e-08
2114,0.010287889142897296,8.182427351680889e-05,0.004957309767687987,0.005248691337251436,6.376444106448989e-08
2115,0.010418108415779611,0.00020819569790249583,0.004991450815867219,0.005218397619056266,6.428295363084141e-08
2116,0.010258147321476717,5.1795976056599126e-05,0.005118666237627923,0.005087622844525994,6.22632662014737e-08
2117,0.010325665440161644,0.00011918439885282567,0.005174330000751949,0.005032091577122788,5.9463434082727075e-08
2118,0.010353320938427089,0.00014257681277641472,0.0051568385375776364,0.005053846929671811,5.8658401225935266e-08
2119,0.010236024306938821,2.8014374754858686e-05,0.0049965699360867664,0.005211380583125474,5.941297172322928e-08
2120,0.010349544858522661,0.00014316559369626175,0.004971201915706469,0.005235116717837535,6.063128239616907e-08
2121,0.010351914724440294,0.00014093554028103407,0.005129984616946669,0.0050809340507319434,6.051648064823547e-08
2122,0.010243535881033397,3.5126727366068786e-05,0.005091561605566697,0.005116788738205607,5.880989502390177e-08
2123,0.010341045788943952,0.00013510019993431864,0.0050514396730555805,0.0051544459183107865,5.999764326675812e-08
2124,0.010357873341870327,0.00014386567487971517,0.005242069193711216,0.0049718737388570544,6.473442234116968e-08
2125,0.010241109633887833,3.3211971833037903e-05,0.00507950111144949,0.005128330390019473,6.616058583265628e-08
2126,0.01034785801187655,0.00014147050453190065,0.004927077561775449,0.005279245086905275,6.485866392581975e-08
2127,0.010402287279993719,0.00019125205222051672,0.005185797499225426,0.005025171908465603,6.582008217355771e-08
2128,0.010263723806285385,5.6341083104578566e-05,0.0051715685949361954,0.005035746679301756,6.744894285540015e-08
2129,0.010326536884116139,0.00012047468608348306,0.004926329256963985,0.005279663641976059,6.92990926119402e-08
2130,0.010473972756011831,0.00026408227248184553,0.005009010886435779,0.005200807652434839,7.194465936703718e-08
2131,0.010312764399788914,0.00010588773534928886,0.005182598473647115,0.00502420761023358,7.05805589305657e-08
2132,0.010292490877470093,8.241422810408792e-05,0.0052575244730601375,0.004952487044117818,6.513218804861304e-08
2133,0.010430879448054969,0.0002165146536819539,0.005240796227374719,0.004973507463707003,6.110329129243339e-08
2134,0.010261461089047139,5.387971495143979e-05,0.00511718983428051,0.005090330766873649,6.077294153812388e-08
2135,0.01031420730748042,0.00010706977077748118,0.005141777145414584,0.005065297919471968,6.247181638597064e-08
2136,0.010389784379896924,0.00017951166142339786,0.005143362874123196,0.005066847430857883,6.241349244538422e-08
2137,0.010302547028339739,9.781395434407167e-05,0.005014783509145733,0.005189888259308942,6.130554099180152e-08
2138,0.010255596715015578,4.91316651458287e-05,0.005186093781333445,0.0050203075373967,6.373113960305948e-08
2139,0.01034727841020957,0.00013613756901876599,0.0052578989700648995,0.0049531751280601005,6.674306580551608e-08
2140,0.01031351719096724,0.00010924564517304167,0.004898208929692993,0.005305997199692026,6.54164091789552e-08
2141,0.010236634276878586,3.2170617921527536e-05,0.004923949111826756,0.005280451627161234,6.291996906794487e-08
2142,0.010264697857648811,6.239473233550558e-05,0.00507902558992798,0.005123216850894641,6.068449068367026e-08
2143,0.010331204407762525,0.00013218945976845367,0.0049655270429796,0.005233427977254684,5.992775978812704e-08
2144,0.010311290346990038,0.00010778937053004426,0.004955559329175467,0.005247878298365781,6.334891874614747e-08
2145,0.010256527052962677,5.388362053694699e-05,0.004895894531459939,0.005306680628650137,6.827231565462157e-08
2146,0.010237331558310959,3.567441180905625e-05,0.005032273014923604,0.005169313181841969,7.09497363296271e-08
2147,0.010253697707209004,5.067377978806278e-05,0.005103972914143587,0.005098983022260267,6.79910170872736e-08
2148,0.010304813245529742,0.00010541059426330513,0.0050110080165338905,0.005188331598646989,6.303608555652976e-08
2149,0.010310983486928358,0.00010639795364066878,0.005178235277208205,0.00502628837503451,6.188104497616292e-08
2150,0.010263663052830586,6.350202604818382e-05,0.005017162134606574,0.005182937244360154,6.164781567556563e-08
2151,0.010233445137168269,3.092837697707236e-05,0.004963373623566011,0.005239081065102635,6.207152254993886e-08
2152,0.010223114903169168,2.183145591712674e-05,0.005066460619590083,0.005134760301789649,6.252587230792441e-08
2153,0.010269799071314896,7.072359423563507e-05,0.005145676000263285,0.0050533371241719485,6.235264402636657e-08
2154,0.010303771997645988,0.00010276298949584502,0.005147914654587052,0.005053032565841307,6.178772178411447e-08
2155,0.010350343558330392,0.0001530415608224315,0.0048938647551204926,0.005303376679996525,6.056239094396895e-08
2156,0.010458640305337765,0.00025876127588351805,0.005104453099055773,0.005095365499507818,6.04308906566379e-08
2157,0.01048399423517082,0.0002900525098894293,0.005045941925419406,0.005147941882010656,5.791785132838336e-08
2158,0.010362633180076537,0.0001536445708299906,0.0053205526852575565,0.004888378192081048,5.773190794248138e-08
2159,0.010231133658066115,2.541019719439937e-05,0.005248125930454444,0.004957537733238606,5.979717866741127e-08
2160,0.010388710811478142,0.00018675168645492697,0.005186711704886711,0.00501518430666373,6.311347277414629e-08
2161,0.010468013632794967,0.00024997014581577717,0.005398613357946071,0.004819366141739346,6.398729377268761e-08
2162,0.010253162642565965,4.642014250303411e-05,0.005260148808229298,0.004946533119257386,6.057257624800137e-08
2163,0.010331612554156603,0.00012895196512269057,0.005206647060636211,0.004995953912812402,5.961558529832834e-08
2164,0.010480297418260339,0.00026361965072272276,0.005410995399436162,0.004805619367209858,6.300089159724965e-08
2165,0.010285709461565483,8.668748886872323e-05,0.005139599373485378,0.005059358041776955,6.455743442567129e-08
2166,0.010274060436038812,7.604420678750841e-05,0.004957125219748308,0.005240827189214164,6.382028883390768e-08
2167,0.010481598354444987,0.0002811632559138613,0.005127366464191156,0.00507300501368333,6.362065664128148e-08
2168,0.010458174304180338,0.00026435393560185884,0.005153513395223783,0.005040243110407498,6.386294719799108e-08
2169,0.010223578456694906,2.7176888577251278e-05,0.00510119795207561,0.005095138695623794,6.492041825099e-08
2170,0.010449866678236852,0.00024963096723151535,0.004976804274565389,0.005223365491728028,6.594471192076264e-08
2171,0.010509098701653691,0.00031470291352500443,0.00502781079596426,0.0051665190741333284,6.591803109814404e-08
2172,0.010327141638731378,0.000108472208387464,0.005475865320249172,0.004742739713048327,6.439704641567783e-08
2173,0.010364445362647454,0.00015771856910244756,0.0052450005848736865,0.00496166594403406,6.02646372591123e-08
2174,0.01048172489252865,0.0002826721303383828,0.004956227768700686,0.005242765119612516,5.987387706419368e-08
2175,0.010270112232402557,6.231514075155766e-05,0.0052808674844896895,0.0049268654409104825,6.416625082656268e-08
2176,0.010389107079872137,0.00017591652599452504,0.005362365756257916,0.004850759920185016,6.48774346796247e-08
2177,0.010357579772697575,0.0001587208505293924,0.00502022506422564,0.005178573105572429,6.075237011326926e-08
2178,0.010298669054132178,9.746924989312762e-05,0.004969223195807276,0.00523191822671109,5.8381720684184004e-08
2179,0.010285877490632022,8.496194106655484e-05,0.005154076700704136,0.005046779072775534,5.97760857971059e-08
2180,0.010388517200866015,0.0001922457097562644,0.005190125274729695,0.0050060840519302405,6.216444981286945e-08
2181,0.010241285065252825,4.509985498655368e-05,0.00509717927440788,0.005098942858267107,6.307759128437329e-08
2182,0.010327640626872765,0.00012690290992333896,0.004845370082653414,0.005355306206933342,6.142736266895245e-08
2183,0.010424907150578958,0.00022547802060100098,0.004774860228769214,0.005424508509719871,6.039148887068013e-08
2184,0.010373884575752505,0.0001757789444324493,0.005164782046002533,0.005033260940248014,6.264506950618394e-08
2185,0.010267849253099858,7.149176559815459e-05,0.00514962321148457,0.005046670263288292,6.401272884082472e-08
2186,0.010358359789829415,0.00015988103033400382,0.004837238611123492,0.005361177000157376,6.314821454248224e-08
2187,0.01051348233226418,0.00030940893485128536,0.004856196202200756,0.005347815335198189,6.186001394896891e-08
2188,0.010295044750904932,9.768179219487214e-05,0.005087483734740885,0.005109818880035182,6.034393399242685e-08
2189,0.010324765529941566,0.00011080439808112658,0.00543462237864339,0.004779279157368517,5.9595848533162544e-08
2190,0.010356264052957103,0.00013883655943909383,0.00543037710618683,0.004786991348707892,5.9038623287812345e-08
2191,0.010302817619062007,0.00010211947500855399,0.005083068233363776,0.005117571367014706,5.854367497236148e-08
2192,0.010292702737899872,9.299228956796097e-05,0.005035596243315345,0.005164054656040255,5.9548976311374e-08
2193,0.010360556504587967,0.0001544009891604066,0.005267315989081,0.004938779049821529,6.047652503322401e-08
2194,0.01030938249223219,0.00010910597323185092,0.00523664334014411,0.0049635741002407524,5.907861547729236e-08
2195,0.010252676411137453,5.687251748178389e-05,0.0050205944611019645,0.005175151057489788,5.837506391552593e-08
2196,0.010413934977591653,0.00021313077177672672,0.004867714883472142,0.005333027952713809,6.136962897558435e-08
2197,0.010418761550939272,0.00022262527675607132,0.0048332585881861205,0.0053628108251081025,6.686088897791377e-08
2198,0.010357909864285279,0.00016084395792890184,0.005169527554852573,0.005027467118535781,7.123296802278346e-08
2199,0.0102435387250815,4.781978060041027e-05,0.005148720882655928,0.0050469294750197236,6.858680543765747e-08
2200,0.010409128723934489,0.00021505835206024227,0.004910363967695081,0.005283643215420958,6.31887582063963e-08
2201,0.010455099614298973,0.00025664562235686527,0.005063408718314817,0.005134983553003627,6.17206236632314e-08
2202,0.01024895329041106,5.1222233414427426e-05,0.005174033589741179,0.0050236349220035975,6.254525185372107e-08
2203,0.0103344019307682,0.00013481737229979472,0.005224782450867385,0.004974740136183936,6.197141708402748e-08
2204,0.01039670814680593,0.0001921221255299872,0.005227085632323912,0.004977440447807763,5.994114426657458e-08
2205,0.010272561540262685,7.40320803894965e-05,0.005067233742217976,0.005131239177628348,5.654002686582526e-08
2206,0.010287361599954154,8.848847749579397e-05,0.005126760532692132,0.0050720561428320024,5.644693422535631e-08
2207,0.01038904899158504,0.0001773433822826176,0.005363116160935364,0.004848528691887883,6.075647917442506e-08
2208,0.01027372648101586,7.114115694484818e-05,0.005259371429677704,0.004943147959667318,6.593472598996412e-08
2209,0.010270744151090529,7.416019403156587e-05,0.005054416581259079,0.005142097679734211,6.9696065674523e-08
2210,0.010442466268544715,0.00024345797380821436,0.0050263142309162024,0.005172623623067472,7.04407528264468e-08
2211,0.010345900140481678,0.0001532084266302072,0.005047144422748032,0.005145479541438837,6.774966460235925e-08
2212,0.010261578816032695,6.023922262577858e-05,0.005306919497204222,0.0048943538296447875,6.626655790790051e-08
2213,0.010316116295914477,0.00011772630349188568,0.005193190407102351,0.0050051349438492805,6.464147096025586e-08
2214,0.010375676398647766,0.00017747458717204149,0.004797708593250199,0.005400430335891009,6.288233451658671e-08
2215,0.010302423943315177,0.00010303430010376243,0.004844898507711014,0.00535442747189651,6.366360389237524e-08
2216,0.010219519474393838,2.649823176811123e-05,0.005022815232711901,0.0051701417080915095,6.430182231681968e-08
2217,0.010294000839690511,0.00010177719230405415,0.005123892056318269,0.005068267495312584,6.409575560484544e-08
2218,0.010292934905714647,9.807222284839241e-05,0.005071150777304406,0.005123648734807749,6.317075409986362e-08
2219,0.01027160199449024,7.509376278360393e-05,0.004854387973178979,0.005342059276817068,6.098171058845945e-08
2220,0.010232323913269711,3.6630012177066206e-05,0.004942168740488843,0.005253465558780602,5.9601823199905155e-08
2221,0.010242242837871816,4.667620665669134e-05,0.005140793777123359,0.005054714563904245,5.829018751972356e-08
2222,0.010269957746921831,7.715733979752309e-05,0.005151518425374268,0.005041224696247912,5.7285502128481684e-08
2223,0.010271412971143574,7.747089036436827e-05,0.005119470317997295,0.005074413186887375,5.8575894535747876e-08
2224,0.01024848391999192,5.6740818526915276e-05,0.004941010482498848,0.005250671854707078,6.076425907950332e-08
2225,0.01021999218023317,2.8211952608974882e-05,0.0049853239296748526,0.005206393107221952,6.319072738968918e-08
2226,0.010228495010836877,3.797624254386542e-05,0.005015220584215784,0.005175235250032711,6.293404451656554e-08
2227,0.010219097223092383,2.9111424463783423e-05,0.004949446421139425,0.005240478021026192,6.13564629818001e-08
2228,0.010259544805664992,6.87202738717566e-05,0.004932041830386253,0.005258720740134818,6.196127216437537e-08
2229,0.010315677946758832,0.00012854070592966643,0.004927344265223949,0.005259728602130825,6.437347439117545e-08
2230,0.010559335390134882,0.0003667628613072553,0.005175907150816789,0.005016598859628171,6.651838266646613e-08
2231,0.010772139517121292,0.0005873656861985773,0.005018153497823541,0.005166557399782243,6.293331693150995e-08
2232,0.010531962566637559,0.0003186948899334345,0.005460941762009398,0.004752265254907118,6.065978760863608e-08
2233,0.010288101253016642,7.0055125124723e-05,0.005490677796494112,0.0047273098912445355,5.844015326986203e-08
2234,0.0106993960236387,0.0004932392374427866,0.005359491442016487,0.004846606461528677,5.8882650750639367e-08
2235,0.010372192889639937,0.00011001552593777289,0.005823567665677675,0.004438545451428276,6.424659621247072e-08
2236,0.010530058634434604,0.0002712053906292706,0.005783975438942807,0.004474812230329084,6.557453344236292e-08
2237,0.010460701822281256,0.00024540016768873985,0.005418611484112107,0.004796627943292859,6.222718754800368e-08
2238,0.010345566622358396,0.0001331218990971369,0.0053780648142714655,0.004834319535865814,6.037312398177861e-08
2239,0.010555054101033154,0.0003272911674606478,0.005535309609268615,0.004692392057633625,6.126667026499374e-08
2240,0.010276121952918988,5.494912575224568e-05,0.005513354850605048,0.0047077556938204075,6.228274128632653e-08
2241,0.010543009206534917,0.0003483600481340372,0.005127587283040576,0.005067000534626823,6.13407334812236e-08
2242,0.01038085547345959,0.00018302449976246104,0.005075402522476853,0.0051223671508139005,6.130040637539888e-08
2243,0.010305337890562082,0.00010959375937465688,0.005130698587338043,0.005064984209456652,6.133439273021018e-08
2244,0.010532454422011455,0.00034433043236815306,0.005081745874149396,0.005106315450959776,6.266453413070278e-08
2245,0.010260868678459998,6.759728738236504e-05,0.0051643144706428334,0.00502888963382454,6.72866102596424e-08
2246,0.01045530802125428,0.00025914306312643906,0.00490752462974403,0.005288571648119132,6.868026467835411e-08
2247,0.010442804751306748,0.00024098612267367588,0.0046966435739271,0.005505109328138422,6.572656755031308e-08
2248,0.010222180131575187,2.7882788050883394e-05,0.004922967093083764,0.005271267019363248,6.323107729223441e-08
2249,0.0104500674913729,0.0002521697043936285,0.005121192383121826,0.00507664449606925,6.090778819462818e-08
2250,0.010268252873632788,7.291418331141158e-05,0.005023677428049705,0.005171601756792799,5.9505478872384434e-08
2251,0.01034501424717126,0.0001471256776534497,0.004935673743296014,0.005262153557822893,6.126839890480135e-08
2252,0.010383459859546968,0.00017856706062508606,0.005161722219129833,0.00504310500930228,6.557048976881256e-08
2253,0.01026544181008562,5.103682212126577e-05,0.0053761956070802995,0.0048381427305267755,6.665035727798767e-08
2254,0.010406430776615593,0.0002001141038203346,0.005286119376825994,0.004920133294351996,6.400161726805363e-08
2255,0.010250905033928216,3.98080150384569e-05,0.005314540760964757,0.0048964926006038936,6.365732110902882e-08
2256,0.010375928749503658,0.00016514496986580945,0.005286953608814706,0.004923764325933679,6.584488946391837e-08
2257,0.010290246803798243,8.81056513941845e-05,0.005196642491120798,0.00500543117802766,6.748325560015012e-08
2258,0.01028630102551947,8.536735667322989e-05,0.005193832469114395,0.005007034969082241,6.623064960280893e-08
2259,0.010358835282769298,0.00015757998490010362,0.005119747465766421,0.005081446158774807,6.167332796622146e-08
2260,0.010246476631233651,4.855062654051719e-05,0.004923044476267083,0.005274824338217057,5.719020899461184e-08
2261,0.010315360702771528,0.00011978088954619129,0.004906082525289458,0.0052894398373818435,5.7450554035474666e-08
2262,0.010366538833388568,0.00016899776567812862,0.005104201524336234,0.005093278456718978,6.108665522680094e-08
2263,0.010224049080934732,2.881236466936493e-05,0.00496832099846406,0.005226854452373768,6.126542753836375e-08
2264,0.01035192270912269,0.0001533550182818642,0.0048027316316984515,0.005395777625066713,5.843407566175523e-08
2265,0.010382119393889186,0.00018431653218154863,0.005058706231436294,0.005139039008488062,5.762178328110918e-08
2266,0.0102402647275173,4.23259546928812e-05,0.005177095659407008,0.005020784927537281,5.818588013041298e-08
2267,0.010361819343440772,0.00016685627496447743,0.0050261289750517,0.005168774082919288,6.001050530674246e-08
2268,0.01036639593776398,0.0001649666342029376,0.005096228236907817,0.005105138262001632,6.28046515932612e-08
2269,0.010224035190222277,2.293503493648377e-05,0.005143864588759586,0.005057172775066833,6.27914593738689e-08
2270,0.010384499169660793,0.00018564790980037427,0.005155303417556176,0.00504348554151183,6.230079241141253e-08
2271,0.010302116692672504,9.238341162665427e-05,0.005310989108071273,0.004898678701122673,6.547185190398629e-08
2272,0.010262826471609478,5.9306732240075016e-05,0.005144946839403328,0.00505850371684447,6.91831216049997e-08
2273,0.01041313968277444,0.00021517984914159774,0.005006524292329881,0.005191364187658883,7.135364407826138e-08
2274,0.01028479565416954,7.704531808446731e-05,0.005304834122300642,0.004902844430162807,7.178362162331317e-08
2275,0.010272628999211237,6.981864148122926e-05,0.00522771190205087,0.00497503188443,6.657124913820048e-08
2276,0.010420345104101945,0.0002240365339452199,0.0048917492618611065,0.005304498750217999,6.055807761961578e-08
2277,0.010282366363138767,8.453618860992286e-05,0.005042851751730384,0.005154918841707159,5.9581091299714385e-08
2278,0.01025680828572833,5.9282439407402004e-05,0.005132013158466413,0.00506545437889199,5.83089625242495e-08
2279,0.010376873397454536,0.00018324714041118858,0.004942774278372009,0.005250797016381745,5.496228959474925e-08
2280,0.010311641524978715,0.00011469208632987724,0.005013578342888931,0.005183317335396909,5.376036299816193e-08
2281,0.010219671725085798,2.3712152059728147e-05,0.005100630408554476,0.0050952746760625995,5.448840899493409e-08
2282,0.010352139589986882,0.00015902760610267495,0.0050633647424838365,0.005129690666200589,5.6575199781585943e-08
2283,0.01030313942724325,0.00010406839272314949,0.005150993924502096,0.005048017661251424,5.944876657887014e-08
2284,0.010225032915313228,2.790188413454936e-05,0.005096998439656359,0.005100072762066809,5.982945550942275e-08
2285,0.010332902142301459,0.00013876768522978574,0.005077583253544641,0.005116491831587776,5.937193925488939e-08
2286,0.010328886693730308,0.00012675411550950902,0.0052502021884046415,0.004951869887444723,6.050237143629498e-08
2287,0.010214799067596616,1.9204131080122218e-05,0.005064021820205284,0.005131512431536197,6.068477501230712e-08
2288,0.010338830029629232,0.00014464632468858308,0.004915928020231274,0.005278194209031372,6.14756780017137e-08
2289,0.010390971296722099,0.00019302699031867654,0.005157499748139734,0.005040379587661194,6.497060249410574e-08
2290,0.010248868009838296,5.440775845714161e-05,0.0051511861549805365,0.005043207139284904,6.695711571500596e-08
2291,0.0102906855646555,9.73467504959659e-05,0.0049202224418219784,0.0052730496735613926,6.669877616385036e-08
2292,0.010458348050117312,0.00026265853288342324,0.005011358706310082,0.005184264368940843,6.64419829642912e-08
2293,0.010332587002796814,0.00013920393950949135,0.00519962858781987,0.004993689198467193,6.527700026000793e-08
2294,0.010261579869391723,6.313341029998138e-05,0.005286568277766005,0.004911813881108816,6.43002169200522e-08
2295,0.010414183257823202,0.00021651759959948148,0.005144581187392998,0.005053021888824867,6.258200585603355e-08
2296,0.010300699384509096,0.00010798743815405923,0.005021411599027482,0.005171240587061595,5.976026595963761e-08
2297,0.010253221718231918,5.46519533078537e-05,0.005272940333741556,0.004925571455983512,5.797519899525866e-08
2298,0.010326881480456806,0.00012635702298018789,0.005286966067949638,0.0049135018177066175,5.657182036345864e-08
2299,0.01031553004089727,0.0001239780374996836,0.004929145539180107,0.005262350781706782,5.568251069752775e-08
2300,0.01021578391987024,2.44029391247296e-05,0.004990679151384509,0.005200644787036254,5.704232474686075e-08
2301,0.010287508104965128,9.554287639364368e-05,0.005148612718347592,0.005043295604162542,5.69060613484135e-08
2302,0.01030075780338272,0.00011408660094651711,0.004985935965407487,0.005200680215863835,5.5021164883446456e-08
2303,0.010278986328475601,8.964573762978501e-05,0.00498692928076264,0.00520235506271884,5.6247364335370775e-08
2304,0.010215787742669092,2.8356258068686257e-05,0.00499323315114651,0.005194135871778789,6.246167510612914e-08
2305,0.01026406879486737,7.843765589015227e-05,0.005032595665333671,0.005152969892049787,6.558159375993664e-08
2306,0.010298544843260692,0.00011021158024761968,0.0050450613162623245,0.0051432098298205544,6.211693019330881e-08
2307,0.010299488778956681,0.00010990967191667494,0.0048266630936356384,0.0053628565142582576,5.949914610995921e-08
2308,0.010239973159614236,5.1955945342898715e-05,0.00497929125275547,0.0052086615382889185,6.442322694868894e-08
2309,0.010231485527466319,4.516360230826522e-05,0.0050705623949442915,0.0051156923222407565,6.720797300624865e-08
2310,0.010217691095649678,3.17203459765127e-05,0.004987090627357425,0.005198819057260269,6.106505547257824e-08
2311,0.010277921673381572,8.989531341798366e-05,0.00496779939794434,0.005220172759460114,5.4202559134378714e-08
2312,0.010324929077525816,0.00014097904192172472,0.005024254299298359,0.005159641884473911,5.385183182096212e-08
2313,0.01037602148386849,0.00017716940774237087,0.00536292543886784,0.004835867348998973,5.9288259304847893e-08
2314,0.01026388760193731,7.835354006762522e-05,0.0050929378700292904,0.005092535513772898,6.067806749672904e-08
2315,0.010224010505440619,3.759973168300497e-05,0.0050510497212855115,0.005135303395810222,5.7656661879256297e-08
2316,0.010254092862871137,6.559866566476413e-05,0.005174118480345969,0.005014321841769855,5.387509054987878e-08
2317,0.010368331341537562,0.00018595669421745143,0.0050840359800385215,0.005098286737367104,5.192991448541427e-08
2318,0.010403201387187718,0.00021610946370656352,0.005119065430831577,0.005067972758326666,5.3734322913376386e-08
2319,0.01034771916959805,0.00016557324372269136,0.0050225064443521605,0.005159582502381174,5.69791420226191e-08
2320,0.010243848301804527,4.980280985384343e-05,0.005326138438996246,0.004867846591608921,6.046134551649978e-08
2321,0.010224178996554702,3.380821157715659e-05,0.005247354330356485,0.0049429576082598405,5.88463612189578e-08
2322,0.010335869248653824,0.0001522980724698511,0.004941757052807608,0.005241759282914174,5.484046219308767e-08
2323,0.010427764601526309,0.00024147331716144627,0.005053580419043866,0.005132655508216759,5.535710423759866e-08
2324,0.01036799261366522,0.00018513487187745873,0.005159855767468978,0.005022942837278549,5.913704023544455e-08
2325,0.010225935754525144,3.5333583397772415e-05,0.005287907318905431,0.004902631103115997,6.374910594432168e-08
2326,0.010321456613348583,0.00013525212905332983,0.005102707432792456,0.005083432766799945,6.428470285337847e-08
2327,0.010409640740115167,0.000228048441319261,0.0049875036124087495,0.005194026828643609,6.185774354731802e-08
2328,0.010383703856453392,0.0001870273172010909,0.005365323838085732,0.00483129222189724,6.047926932849913e-08
2329,0.010216902956299359,3.1541722166279754e-05,0.005156809302094472,0.005028492531780578,5.940025803086364e-08
2330,0.010399397772934221,0.00021330147289829197,0.0048183592775211045,0.0053676747679043055,6.225461051911146e-08
2331,0.01054606402667407,0.0003598638263425473,0.00499451008992771,0.005191622180779261,6.792962455093568e-08
2332,0.010380492074816304,0.0001943326752018378,0.005255773977372939,0.004930318608391298,6.68138502309728e-08
2333,0.010299886625749356,0.0001037987185426299,0.005403410999331914,0.0047926166642312164,6.024364359546878e-08
2334,0.01046457793037006,0.00027140599309983556,0.00528426940724747,0.004908845674733809,5.685528894307483e-08
2335,0.01030801376491858,0.00012419166265760802,0.0050334361533878455,0.005150327332987934,5.861588519270384e-08
2336,0.010281892635679553,9.566669226379353e-05,0.005196045431043178,0.004990118552801801,6.195957078093912e-08
2337,0.010402530753103753,0.00020472922635171242,0.005380287457845001,0.004817453655544108,6.041336293246972e-08
2338,0.010266795412561943,8.374536711380419e-05,0.0050473888930035165,0.005135605580838165,5.557160645755439e-08
2339,0.010318805144475786,0.00013130117571592473,0.004814655785892546,0.00537279298792125,5.519494606452294e-08
2340,0.010358718188432219,0.0001733206327446719,0.0049319954216279,0.00525334209323008,6.004082956649451e-08
2341,0.010410869485513148,0.0002314173389043686,0.005078484594704057,0.005100903940839935,6.361106478946812e-08
2342,0.010272011204601894,8.678814736216808e-05,0.005240256868436054,0.00494490495388911,6.123491456034906e-08
2343,0.010304207170264068,0.0001227170793397684,0.005031331747111425,0.005150102731267926,5.5612544950191465e-08
2344,0.010442560502544763,0.00025953278978221313,0.004809077628840267,0.005373896045109814,5.40388124674661e-08
2345,0.010324028838372112,0.0001407533493435369,0.005146377206301048,0.005036838562990942,5.97197365852973e-08
2346,0.01031017075919375,0.00012661137717923465,0.005203082052278351,0.004980410890975707,6.643876045846109e-08
2347,0.010314218790634488,0.00013348078197258153,0.004964107381493071,0.005216562742962477,6.788420635886598e-08
2348,0.010458279194237597,0.00027068478943498693,0.004872383242536448,0.005315146315575476,6.484669068581423e-08
2349,0.01037624144716545,0.00019439207203796055,0.004943750376409113,0.005238037902829089,6.109588928674061e-08
2350,0.010264824790369192,6.846619504991511e-05,0.005393443013770725,0.0048028548287101635,6.075283838844597e-08
2351,0.010337277140373654,0.00013525081374455197,0.005448257354322004,0.0047537080962294954,6.087607760433666e-08
2352,0.010326260599276818,0.00014365869322544605,0.005013383565147426,0.005169159402917534,5.8937986411327005e-08
2353,0.010285422844553629,9.852668002430394e-05,0.0048939965200379704,0.005292842765641323,5.6878850030452814e-08
2354,0.01023054406071494,4.67090360487585e-05,0.004994417475381566,0.005189361281855503,5.6267429111117274e-08
2355,0.01031798727138053,0.0001365023590195044,0.005155777948104408,0.0050256485849769425,5.837927967486652e-08
2356,0.01031649820340841,0.00012908935523474964,0.005274827452186271,0.004912518305424022,6.309056336798012e-08
2357,0.010214754131378873,3.4388849782000576e-05,0.004956910179132008,0.0052233890255368445,6.607692801888095e-08
2358,0.010287291358833106,9.83809411625576e-05,0.0047182764319882485,0.005470568403919545,6.558176275421249e-08
2359,0.01036050341846083,0.00017653207583678872,0.004839715174768715,0.005344194342098623,6.182575670311611e-08
2360,0.010469221647499862,0.00029420232559182035,0.004976576040879894,0.005198387222868438,5.6058159709239605e-08
2361,0.010425861134853895,0.00023734977677790955,0.005327857139792346,0.0048606008671788405,5.335110479949575e-08
2362,0.010229997741643383,5.020108880694614e-05,0.005074657579050042,0.005105085675447926,5.339833847043999e-08
2363,0.010412609116477312,0.0002282166901823147,0.004815333477661355,0.005369001476529459,5.747210418267276e-08
2364,0.01056480932322233,0.0003787970353482247,0.005022305147995925,0.005163643703295984,6.343658219780772e-08
2365,0.010401267493215594,0.0002127051296055298,0.005269476233337446,0.004919021373273772,6.475699884492883e-08
2366,0.01032767573993723,0.00012214096931404506,0.005490242654534997,0.004715230385367893,6.173072029437098e-08
2367,0.01044449514163703,0.00023575222008977693,0.005474851437274915,0.004733832409339692,5.907493264709457e-08
2368,0.010322475055334223,0.00013187573643539172,0.005215469572695281,0.004975069642461616,6.010374193242309e-08
2369,0.010341890542901248,0.0001528140455930606,0.00523006274491392,0.004958949120187938,6.463220632784986e-08
2370,0.010457933875108094,0.0002451991960717356,0.0055403954822117575,0.004672271942810759,6.725401384309114e-08
2371,0.010265473186736672,6.992064848824461e-05,0.005363540650256413,0.004831949878378204,6.200961381095698e-08
2372,0.010392932689004411,0.00021098350193297325,0.0049630135058660076,0.00521888066055482,5.502065061031595e-08
2373,0.010539480491237875,0.00035301656807511776,0.004928242652309397,0.005258167608707595,5.3662145766576634e-08
2374,0.010261416951164257,8.047881706605465e-05,0.005023396093507547,0.005157483713268333,5.8327322323042173e-08
2375,0.01033400691361087,0.00015166208547667064,0.005193334210972443,0.004988944294917748,6.632224400951407e-08
2376,0.010413573074622656,0.00022693355826645392,0.00522513738324908,0.00496143137336076,7.07597463600261e-08
2377,0.010245188671109884,6.288575443711519e-05,0.0048910413408941745,0.0052911944626477065,6.711313088690445e-08
2378,0.010331501209709083,0.00014498788894486085,0.004772672328964799,0.005413779876111519,6.111568790416219e-08
2379,0.010426816408010797,0.0002440714171914861,0.0050358600424571754,0.005146826120523808,5.8827838326966964e-08
2380,0.010324808415720844,0.0001439256010537482,0.0051693492888310625,0.005011472919061658,6.060677437660123e-08
2381,0.01029787504685819,0.00011564657280907685,0.005190118275549638,0.004992044861161425,6.53373380497217e-08
2382,0.010378138837045208,0.00019378946932865988,0.005075497180639556,0.005108783058379365,6.912869762536577e-08
2383,0.010323917959299017,0.00013845476523390157,0.004844372873378163,0.005341022241676188,6.80790107661274e-08
2384,0.010241059861515996,5.803620893979665e-05,0.004994100950726953,0.005188858738987662,6.396286158387322e-08
2385,0.010353043028104417,0.00015916642370969076,0.005319310524984019,0.004874507525084567,5.8554326142041e-08
2386,0.010286243073014673,9.810077480692654e-05,0.005250925655718088,0.00493716321813555,5.342435410956702e-08
2387,0.01024572826473872,6.155361525708184e-05,0.005052587179447632,0.0051315355812392134,5.188879479261046e-08
2388,0.010407184554515557,0.00021955269476125442,0.004985958197516184,0.005201618717045576,5.4945192542068265e-08
2389,0.010315532231421511,0.0001322910226381009,0.005021113534718191,0.005162066927167234,6.074689798481075e-08
2390,0.01024511729900244,5.1472235049770484e-05,0.005342989035785666,0.004850589477619772,6.65505472318398e-08
2391,0.01031164009722061,0.00011420928256932597,0.005390741552472264,0.004806622044482639,6.721769638044343e-08
2392,0.010292495947850032,0.00011114820252464594,0.004995832881311272,0.005185451330411158,6.35336029571805e-08
2393,0.010253572203925056,6.874901618398508e-05,0.004885644683619522,0.005299116848696985,6.165542456436836e-08
2394,0.010223772129687921,4.140072721054154e-05,0.004934978539276808,0.005247330514248961,6.234895161147055e-08
2395,0.01031176117892047,0.0001337064575271001,0.004991918799256161,0.005186072390312281,6.353182492834479e-08
2396,0.010312775511283484,0.00013187884907532528,0.005095670345773054,0.005085162938677219,6.337775788612924e-08
2397,0.010248560482208806,6.817931141072282e-05,0.004894503650799807,0.005285816691707795,6.082829048228763e-08
2398,0.010225641528223153,4.29699438240314e-05,0.004860022669463171,0.005322589553220615,5.936171533424364e-08
2399,0.010258552265296447,7.708601514917884e-05,0.004993254122837169,0.005188152793547807,5.933376229193323e-08
2400,0.010343459293071844,0.0001650046107778881,0.005023890733733814,0.0051545050071593705,5.894140077068452e-08
2401,0.010299825509922703,0.00011580802351011782,0.005162183463638407,0.005021774925558344,5.909721583494104e-08
2402,0.01023670095134581,5.585630073506492e-05,0.005012749827917309,0.005168035131751437,5.969094200031722e-08
2403,0.010229462666432048,4.793509597561041e-05,0.005016911857834619,0.005164554346767845,6.136585397365914e-08
2404,0.010284691872533086,9.886248319077121e-05,0.005176036762177222,0.005009728762251844,6.386491325047132e-08
2405,0.010342088744365449,0.0001607606074830132,0.005124825125329076,0.005056439563797488,6.344775587202776e-08
2406,0.010264387163202921,7.817887220825714e-05,0.005188526469162584,0.004997620496274086,6.13255579939628e-08
2407,0.010224919354570258,4.296438677840135e-05,0.00505489602755031,0.0051270004341916545,5.850604989277961e-08
2408,0.010239764851540531,5.916100846522314e-05,0.005054050731179024,0.005126494325536775,5.878635950998983e-08
2409,0.010311750940696675,0.00012583143831808348,0.005221733095767301,0.004964124060465053,6.23461462366243e-08
2410,0.010355460538386858,0.00017732781049462087,0.005058706194701478,0.005119361409772098,6.512341866204499e-08
2411,0.01030061610044641,0.00011853119874035018,0.0050883215085885765,0.005093696614886576,6.677823090757404e-08
2412,0.01024145054564371,6.238803375282868e-05,0.004986661669820492,0.0051923352504447936,6.55916255955027e-08
2413,0.01020627365525648,2.698729748713843e-05,0.005088299798434218,0.005090921515063155,6.504427196821587e-08
2414,0.010238187682257779,5.777098626986125e-05,0.0051425439426800905,0.005037807642293514,6.511101431312106e-08
2415,0.010308387935523902,0.00013131685639634409,0.004917867771899121,0.005259139189055831,6.41181726066807e-08
2416,0.010418812236242268,0.00023860910884759327,0.004975864923378665,0.005204274806195435,6.339782057499211e-08
2417,0.010468735860293562,0.0002933646397231193,0.005000887412147187,0.00517442199209022,6.181633303585957e-08
2418,0.010368182149698403,0.00016839310960097876,0.005454931475071462,0.004744794521655929,6.304337003400875e-08
2419,0.010217558151132976,2.8987684663095372e-05,0.005256510586541397,0.004931997093776356,6.27861521282489e-08
2420,0.01046371754949757,0.00028165907283863006,0.004970699966163207,0.005211297485944998,6.102455073545182e-08
2421,0.010482958133259945,0.0002919476600897683,0.0052322113076538985,0.004958739263246004,5.990227027431825e-08
2422,0.010269216335794857,6.783211360858808e-05,0.005457237603032179,0.004744088082461333,5.853669275570559e-08
2423,0.010411799133718381,0.0002212896835054686,0.005337485543636282,0.004852964811122203,5.9095454427452205e-08
2424,0.010414010442765107,0.0002187107916047022,0.005340315892855588,0.004854919864157877,6.389414693815192e-08
2425,0.010228122803321511,4.1799475827544356e-05,0.005198074964443742,0.004988179576373426,6.878667679808648e-08
2426,0.01045265968752525,0.00027268025827162444,0.005119442212766312,0.005060467822328937,6.939415837582836e-08
2427,0.01041203787677719,0.0002175151670616846,0.0053745975047207245,0.004819859604434952,6.560055982981299e-08
2428,0.010222561453548768,4.1182766628264044e-05,0.005124493272794834,0.005056827018775939,5.8395349731141095e-08
2429,0.010538075923031898,0.00035602319620746994,0.004801397431301579,0.00538060039778657,5.489773627801818e-08
2430,0.010463289265489709,0.0002805640998351836,0.0050456406594420414,0.005137025977246232,5.852896625197133e-08
2431,0.010272866739357534,8.659765811051519e-05,0.005250154678652013,0.00493605049131833,6.39112766746044e-08
2432,0.010474818573466542,0.00029472519392493,0.005101494642649138,0.00507853283449316,6.590239931591605e-08
2433,0.01034607253305078,0.00015847597453326319,0.005175769800312132,0.005011761554658255,6.520354712932436e-08
2434,0.010307182028631462,0.00011840623746154478,0.005214664466538935,0.004974049259192633,6.206543834890656e-08
2435,0.010436109703695183,0.00025096752713544066,0.0052284157664933715,0.004956666424024698,5.998604167216427e-08
2436,0.010293167793132328,8.678733993798261e-05,0.005499118540189301,0.004707200094548418,6.18184566266571e-08
2437,0.010374566056691046,0.00018165806736635204,0.005260464824931599,0.004932379700279695,6.346411339884291e-08
2438,0.010337805958371568,0.00015110724000843423,0.004886026546344698,0.005300608900513202,6.327150523342702e-08
2439,0.010254839750287974,6.964189776008267e-05,0.0049486859967373354,0.0052364486543072615,6.320148329582564e-08
2440,0.010374322633065472,0.00018357248837083678,0.005258801607641103,0.004931885510189406,6.302686412588701e-08
2441,0.010276531754643239,9.177736723050807e-05,0.00521543276298992,0.004969260297879879,6.132654293077155e-08
2442,0.010297453920439143,0.00011591983882706506,0.004874726027347262,0.005306748740550403,5.931371441235354e-08
2443,0.010449708835556994,0.000260581335827924,0.004776400684820978,0.005412668045535871,5.876937222070666e-08
2444,0.010256550878933913,7.571862062917705e-05,0.004867873131694853,0.005312900597480049,5.852912983413091e-08
2445,0.010281892179629621,0.00010179423326812158,0.005174820048082182,0.0050052181736241355,5.972465518394974e-08
2446,0.01033808416268856,0.00014952539165934665,0.005296802469789995,0.004891694705616916,6.159562230253499e-08
2447,0.010231459408613338,4.9306404127168306e-05,0.004919385062569093,0.0052627054951134905,6.244680358622368e-08
2448,0.010290970297230981,0.00010074588227954896,0.004738466444822877,0.005451694501291939,6.346883661568236e-08
2449,0.010328842916490373,0.00014364216325207845,0.004918737521228938,0.0052663997942232095,6.343778614696385e-08
2450,0.0103075365734784,0.0001262683494023255,0.005108791663449384,0.005072416567586693,5.999303999819297e-08
2451,0.0102396830816791,5.727515683779124e-05,0.0051490990260764265,0.005033252857698899,5.604106598336476e-08
2452,0.010325349515103806,0.00014216715417399164,0.005033880810181641,0.005149246974643755,5.457610441822459e-08
2453,0.010301063278257467,0.00011956926424179178,0.004930988022329936,0.005250449444676243,5.654700949651994e-08
2454,0.010232372163315958,4.821696567715874e-05,0.005180407581739991,0.005003686491330945,6.112456786268136e-08
2455,0.010288977019251922,9.968229771813224e-05,0.005300152481939287,0.004889079035048764,6.320454573798913e-08
2456,0.01027096342390207,9.145186921963411e-05,0.005055941124989323,0.00512350887123862,6.155845449317545e-08
2457,0.010283741788288026,0.00010197691118778502,0.00497664748080686,0.005205056843032306,6.05532610729961e-08
2458,0.010218192104168345,3.8143049581125085e-05,0.004953145987517453,0.005226841595687688,6.147138207879315e-08
2459,0.010236971145005883,5.935321979129048e-05,0.0050098878121346176,0.005167666499638388,6.36134415877145e-08
2460,0.010300625268418665,0.00012181126174471843,0.005039109821451067,0.005139640364963644,6.382025923467034e-08
2461,0.010293145885833544,0.00011355999953771516,0.0048332052485732585,0.005346320471996825,6.016572574571684e-08
2462,0.010310937440551173,0.00013141629545776403,0.004930336428589547,0.0052491278453591856,5.687114467789006e-08
2463,0.010254242478868846,7.8438420728132e-05,0.005042092968999318,0.005133655314918806,5.577422259011326e-08
2464,0.010231059543875255,4.842427700710851e-05,0.005253484152428105,0.004929092740922919,5.8373517122317386e-08
2465,0.01021320433345132,3.395957679011329e-05,0.005100803904986601,0.005078379160616465,6.169105814275325e-08
2466,0.010272982074036261,9.172895213974983e-05,0.004849158296040584,0.0053320315901943,6.323566162888833e-08
2467,0.01032529283167355,0.00014465999115895276,0.004955019299529009,0.005225550536148297,6.300483729123929e-08
2468,0.010397230399868356,0.0002216561423003116,0.005106032169578752,0.005069480897106938,6.119088235481926e-08
2469,0.010411436493736334,0.00021590500941126117,0.005441575408783158,0.004753895426175232,6.06493666840132e-08
2470,0.010209731776972772,3.238866398848215e-05,0.00507331115266538,0.005103972858387913,5.9101930995992896e-08
2471,0.010309375112695146,0.0001275913401500739,0.004816686409548568,0.005365039439703936,5.792329256726831e-08
2472,0.010478337074198565,0.00029807476811283154,0.004989218452171632,0.005190986578380629,5.727553347265044e-08
2473,0.010598955375097571,0.0004213232741868905,0.005214067050740413,0.004963508222247899,5.682792236757789e-08
2474,0.010412206563756073,0.000191001075686976,0.005687907050517736,0.0045332393200226565,5.91175287051979e-08
2475,0.010355686807884824,0.00016394392590789674,0.00534289325025035,0.004848787579922893,6.205180368423273e-08
2476,0.010635086590359511,0.0004539130595542612,0.004880315529996316,0.005300792665478338,6.533533059716796e-08
2477,0.010397631978801395,0.00021383176321285486,0.005076441157352722,0.005107290902434958,6.815580086023322e-08
2478,0.010325720425894056,0.0001335082659686761,0.005361892855708115,0.004830253941890702,6.536232656357053e-08
2479,0.010459253993445227,0.0002709532194334321,0.005373421928084096,0.004814820131011116,5.87149165810177e-08
2480,0.010283908786569249,9.633172379239247e-05,0.005329706089717732,0.0048578169504500095,5.402260911519353e-08
2481,0.010412725355244856,0.00023385708726646946,0.005069533840826777,0.005109281377350538,5.304980106913423e-08
2482,0.010451657032195692,0.00027545250285370413,0.004882113250222472,0.005294036046193358,5.5232926157374346e-08
2483,0.01032862640795379,0.00014992889624434398,0.005149679885255714,0.005028958684073282,5.894238044813719e-08
2484,0.010359798914940177,0.0001800316819274663,0.005199197326779806,0.004980510934225128,5.897200777584224e-08
2485,0.010388659254708575,0.000213882164874329,0.004951663813897396,0.00522305743965089,5.5836285960261426e-08
2486,0.010346086084251353,0.00016626461789165348,0.004922753232052311,0.005257014798942534,5.343536485592596e-08
2487,0.010301724717720988,0.0001236168660835094,0.0049804883937298984,0.005197565803618403,5.365428917900151e-08
2488,0.010338881286293804,0.00016234739594942282,0.005127931164758357,0.005048545630990153,5.7094595872811524e-08
2489,0.010327950399979004,0.00013693616219607655,0.005378893590268797,0.004812057824471595,6.282304253504166e-08
2490,0.010268204613692232,8.735376631234882e-05,0.005162803579605855,0.0050179813717642985,6.589600972830396e-08
2491,0.010398668464077967,0.00021688840866520887,0.004813405715072433,0.005368310185014399,6.415532592590958e-08
2492,0.010389405883192548,0.0002060653158066949,0.004865322962504958,0.0053179573929531855,6.02119277091304e-08
2493,0.010225988015471525,4.8208758666547136e-05,0.005081840853595019,0.005095882023189048,5.6380020910228374e-08
2494,0.010339285618386521,0.0001547174462762166,0.005324111819548067,0.0048604012055971126,5.5146965123790606e-08
2495,0.010311983491608528,0.00012577648345949804,0.005317119007490441,0.004869031092871992,5.6907786598266644e-08
2496,0.010210331470392943,3.183385813895129e-05,0.004904352039461874,0.00527408586058958,5.97122025367552e-08
2497,0.01033219335127281,0.00014042320648726046,0.004645332769033799,0.005546375049067517,6.232668423391546e-08
2498,0.010381561448550727,0.0001965500031269072,0.004774418402455649,0.005410530033958091,6.300901008078593e-08
2499,0.010355630288814364,0.0001820937341186248,0.005024705747621492,0.005148770081969636,6.072510461197412e-08
2500,0.010325409098955445,0.00013677643686058709,0.005390558176722807,0.0047980167713043125,5.77140677408267e-08
2501,0.010280810993527536,0.00010074653903894387,0.005222052306300903,0.00495795712494871,5.502323897898055e-08
2502,0.010398446801287584,0.00021992798143984115,0.004842107410361265,0.005336356524955264,5.48845312157773e-08
2503,0.010375662709648884,0.00019406963741591814,0.004882263960616749,0.0052992701836644925,5.892795172550811e-08
2504,0.01030173157051092,0.00012483037738203503,0.005027798604792824,0.005149039821439165,6.276689689451605e-08
2505,0.010299132248008637,0.00011735411421637486,0.005227969230485098,0.004953745763237868,6.31400692968923e-08
2506,0.010287648308973843,0.00010360392257580798,0.005238049836000157,0.004945935355870584,5.9194527293857606e-08
2507,0.010324261524077073,0.00014742703044994971,0.0050334684593005795,0.005143311871566998,5.4162759545716063e-08
2508,0.010274172135936564,9.561996099617758e-05,0.0051081153778023336,0.005070383462071478,5.3335066574368583e-08
2509,0.010239971059828747,5.798023224679485e-05,0.005243339070210717,0.0049385957275359365,5.6029835299925985e-08
2510,0.010324968579215624,0.00014875953052764044,0.005168318873862736,0.005007830207957473,5.996686777369573e-08
2511,0.010280864894487951,0.00010407918225957186,0.00507675136813402,0.005099971222654268,6.3121440089744e-08
2512,0.010221158477648873,4.175288833659801e-05,0.004831036309892077,0.0053483068300467585,6.24493734394498e-08
2513,0.01026144342763201,7.97390271198117e-05,0.004764010778646033,0.00541763390384616,5.971802000696662e-08
2514,0.01030252675454606,0.00012693681024061654,0.004993633755536867,0.005181898260138192,5.792863038528799e-08
2515,0.010393437455503965,0.00022099372566933547,0.005147157049636157,0.005025228966923608,5.7713274865134184e-08
2516,0.010332298017951618,0.00014943319931064308,0.005316677935260629,0.004866126605850378,6.027752996981821e-08
2517,0.010195151038466443,2.055774949838777e-05,0.004985753912966766,0.005188777160411927,6.221558936190046e-08
2518,0.010332724888911566,0.00014838381094722398,0.004714989942926545,0.00546928750649841,6.362853938755437e-08
2519,0.010518528858456383,0.00033748036336659357,0.004856236592816306,0.005324747464164381,6.443810910373995e-08
2520,0.010617308046930523,0.0004437013089129251,0.005132159650160918,0.0050413840554163975,6.303244028240318e-08
2521,0.010460924574211947,0.0002316056487071476,0.0057609490117244,0.004468308375538749,6.153824165043209e-08
2522,0.010369246742347554,0.00016298181917567475,0.0055455349594719485,0.004660672668817517,5.729488241396594e-08
2523,0.010598168319498506,0.0004202012604101917,0.004999502274692312,0.005178410114998066,5.466939793570963e-08
2524,0.01033425788977811,0.0001516001621967307,0.005000969533789609,0.0051816306109490244,5.758284274660413e-08
2525,0.010327575487910669,0.00014205051840257367,0.00520061830371631,0.004984844515904756,6.214988702775035e-08
2526,0.010524325943828381,0.00033573630142941913,0.005355982095395669,0.004832543420370483,6.412663280913338e-08
2527,0.01027374993792467,7.872673104466781e-05,0.005437565641319348,0.004757395277225136,6.228833551644412e-08
2528,0.010365271132646311,0.00018364466528245646,0.005214288158461488,0.004967280409793337,5.789910903049077e-08
2529,0.010511464352195373,0.00033723792885633554,0.0049081238892695785,0.005266047419120572,5.5114948888620985e-08
2530,0.0102488009238934,7.462633404229517e-05,0.0050489482509160554,0.005125169137967004,5.720096804540673e-08
2531,0.010317931949740676,0.0001400574868982724,0.005222965061333111,0.004954848141583771,6.125992552098735e-08
2532,0.010452014699831263,0.0002804608249951528,0.0051113409129844335,0.005060149619208366,6.334264331085407e-08
2533,0.010241119416890007,6.683384772619599e-05,0.004998429514579974,0.005175793736366402,6.231821743562076e-08
2534,0.010299694749410348,0.00011826659454408632,0.00479545192148618,0.0053859180428519095,5.819052817258087e-08
2535,0.01051466227983623,0.00033197386110802153,0.004717637130176604,0.005464996995068125,5.4293483477357574e-08
2536,0.010354689615655797,0.00017747446701344295,0.005052589827593016,0.005124571101193164,5.4219856174663884e-08
2537,0.010267975497750364,8.244011275130583e-05,0.005330416302284912,0.0048550625475758955,5.6535138250888394e-08
2538,0.010431334133847333,0.0002503443800911137,0.0052743864676072175,0.004906543917597442,5.9368551560592834e-08
2539,0.010253679391290838,7.08238586625612e-05,0.005205361436510683,0.0049774319728681125,6.212324948171571e-08
2540,0.010310323952331965,0.0001291626827639908,0.005032879585071395,0.005148219267116332,6.241738024697937e-08
2541,0.010454898661292907,0.0002766741842196384,0.004975834823663066,0.005202328818056178,6.083535402600188e-08
2542,0.01025987978078104,6.987279243349703e-05,0.005330635787472267,0.004859310729863577,6.04710116977139e-08
2543,0.010330451410808666,0.00012887036701249587,0.005497425133926028,0.004704095912635235,5.999723490687169e-08
2544,0.010367223999468246,0.00018771884342523422,0.005216491969262662,0.004962953826088249,5.936069210209045e-08
2545,0.010213309350470311,3.5347355953084816e-05,0.004991996468732617,0.00518590486017012,6.0665614488746e-08
2546,0.010344438514734816,0.00016199229830051237,0.004827985684280001,0.005354397741933821,6.279022048345319e-08
2547,0.01045528910494224,0.00027790696905228494,0.00483067459875814,0.0053466426604410365,6.487669077784994e-08
2548,0.01030094889079396,0.00012122393494346739,0.005195688493933291,0.0049839693401336595,6.712178354068932e-08
2549,0.01029135300244432,0.0001077783521838334,0.0052957603755862765,0.004887748296832645,6.597784156599921e-08
2550,0.010412371674266507,0.00023920268805940022,0.00504411323455483,0.005128993449487737,6.230216453984262e-08
2551,0.010265540829950879,8.785630690619308e-05,0.005048949314338398,0.0051286746927355735,6.051597071455574e-08
2552,0.010274317636580184,9.55192267190278e-05,0.005064925850353098,0.005113813503973043,5.9055535015635544e-08
2553,0.010386380212297992,0.0002100791394620378,0.005091780457706317,0.005084463329035767,5.728609386959617e-08
2554,0.010252410870054449,6.243928785824945e-05,0.005347884999315579,0.004842030331042067,5.625183855351322e-08
2555,0.010306338827890199,0.00011717589350885457,0.0053065123658865634,0.004882596352356839,5.4216137941449726e-08
2556,0.010348578477693627,0.00017008002554196473,0.0050405158777380955,0.005137929585930192,5.298848337315562e-08
2557,0.010220291950128288,4.0077293576482544e-05,0.005031232429515301,0.005148926737077889,5.5489958614773524e-08
2558,0.010298004905147116,0.00011677677186278408,0.005121740220626826,0.005059427820734489,6.009192301692262e-08
2559,0.010334521231938365,0.00015711171796380425,0.005145850451525341,0.005031495077201108,6.398524811191425e-08
2560,0.01021305356956687,3.2870399531933445e-05,0.005200772594307539,0.004979344630878053,6.594484934426842e-08
2561,0.010302615148870894,0.0001238571121807984,0.005078806880072879,0.005099886215494267,6.494112294962483e-08
2562,0.010346465935891896,0.00016970985776506637,0.004893377397498544,0.005283315534314022,6.314631426348167e-08
2563,0.010209352834656245,3.226882573951253e-05,0.0050495574089164455,0.005127462460760093,6.413924019295287e-08
2564,0.010259732054996699,8.133642301051322e-05,0.005140792701981683,0.005037537950060336,6.497994416742031e-08
2565,0.010318738369217938,0.0001444117100497515,0.004978458462041949,0.005195804645872057,6.355125418141306e-08
2566,0.0102434902028651,6.548968487513731e-05,0.0049309229093145905,0.0052470157882741845,6.182040118706636e-08
2567,0.010212232587474302,3.436040556661928e-05,0.004914427602500951,0.005263384483033104,6.009637362669171e-08
2568,0.010267739169226844,9.283225217542501e-05,0.004993706609215114,0.005181140548800008,5.975903629741144e-08
2569,0.010301802378750396,0.00012049191214592846,0.0052136514290495135,0.0049675979863389565,6.105121599838692e-08
2570,0.010208245297710914,3.122659341177174e-05,0.005111204776393545,0.005065753628794191,6.029911140682001e-08
2571,0.010242607689213458,6.641587208667388e-05,0.0049688524874993865,0.005207281254075845,5.8075551552588707e-08
2572,0.01033433659282236,0.00015585621364406095,0.005053301158328685,0.00512512297897446,5.624187515394938e-08
2573,0.010293014096573308,0.00011711091965015626,0.005127462391810799,0.00504838581589171,5.4969220641679965e-08
2574,0.01022190523555797,3.9486493200766375e-05,0.005266473726917203,0.004915889047953453,5.596748654697313e-08
2575,0.010254346254141046,7.619450914454586e-05,0.005095886345261566,0.005082207904289106,5.7495445827310353e-08
2576,0.010367218416705933,0.00019010430567214964,0.00485313280421269,0.005323921632893704,5.967392738817407e-08
2577,0.010324050695833429,0.00014676940382821272,0.005070445417945389,0.005106771925237039,6.394882278778396e-08
2578,0.010230957293723506,5.257545937291078e-05,0.005232174094249618,0.0049461416996764845,6.604042449311377e-08
2579,0.01025187853075953,7.591348944836442e-05,0.005187487195965815,0.004988412687490533,6.515785481830641e-08
2580,0.01034354435817068,0.0001665040601494285,0.005097228672060746,0.0050797478032264115,6.382273409344133e-08
2581,0.010295294646445253,0.00012093237096110027,0.004938703025703872,0.0052355966408641754,6.260891610597865e-08
2582,0.010206318923498109,2.9800503720593587e-05,0.005124084352989262,0.005052371391941353,6.267484690045842e-08
2583,0.010236256734036955,5.8231101266937685e-05,0.00518850894913705,0.004989456461997315,6.022163565427543e-08
2584,0.010298011655600816,0.00012585803191506688,0.004981434667569882,0.0051906629376121454,5.601850372188207e-08
2585,0.010308091867357736,0.00013355270245194668,0.005025345158394096,0.005149138870066533,5.513644515977539e-08
2586,0.010216970580829633,4.516370872636162e-05,0.005037082027874631,0.005134668106550262,5.6737678378508867e-08
2587,0.010207240595609688,3.424918670931763e-05,0.005111815914618954,0.005061115893645812,5.96006356064903e-08
2588,0.010252540970456577,7.849846713191772e-05,0.00507824350015631,0.00509573847660484,6.052656350885414e-08
2589,0.01031481627800286,0.00014313661999849328,0.004923556979010872,0.0052480635201005025,5.915889299065196e-08
2590,0.010296341179393296,0.00012063701918499469,0.005167429303009664,0.0050082152184585255,5.963874011366243e-08
2591,0.010224535757690528,5.1847258537186065e-05,0.005145199991609879,0.005027429136297172,5.937124629087332e-08
2592,0.010200183280083519,2.8796241447137355e-05,0.0050199109195700736,0.005151417283414567,5.8835651741910517e-08
2593,0.010309691368870598,0.00013615386194988034,0.004957938090422622,0.005215540837211269,5.857928682633918e-08
2594,0.010417930437237375,0.00024918628317501,0.004969608700624025,0.005199076565440962,5.888799737895128e-08
2595,0.010424323337287865,0.00023366419029501815,0.005444581227296276,0.004746016330889559,6.158880701023654e-08
2596,0.010190595437816606,1.52998431650236e-05,0.005189480640069819,0.004985754923181796,6.003139996696375e-08
2597,0.010369797689374937,0.0001960891561189542,0.004891223832971703,0.005282427169071319,5.753121296261457e-08
2598,0.01056950442399768,0.0003924418642856167,0.00508158012501783,0.005095424938858967,5.749583526645353e-08
2599,0.010367454951519599,0.00018085624825455801,0.005394826522634775,0.004791714268643625,5.791198664257978e-08
2600,0.010341626072338484,0.00014048098869022164,0.0055544276386732035,0.004646660006138651,5.743883640843653e-08
2601,0.010424362270189795,0.0002275830493445101,0.00546426110218856,0.004732461134358127,5.698429859681353e-08
2602,0.01027811618861174,0.00010175892712580808,0.00510548843781302,0.005070812044883371,5.677878953932929e-08
2603,0.010376224498550296,0.0002033563791721887,0.00506348422978719,0.0051093250888125455,5.880077837392959e-08
2604,0.010408702618137264,0.00022102255488499914,0.005381806243226973,0.0048058143487600185,5.947126527305969e-08
2605,0.010240479732135911,6.474179393587997e-05,0.005205131587039813,0.004970548397073713,5.79540865056805e-08
2606,0.010449101390799341,0.0002765700868335779,0.004853783560422848,0.0053186895437453054,5.819979760898057e-08
2607,0.010456573764455416,0.0002827595085777673,0.004945619445108507,0.005228134799695032,6.001107410983689e-08
2608,0.010267329173690982,9.801283222584616e-05,0.005027115435181553,0.005142144174511603,5.67317719796792e-08
2609,0.010363444045301042,0.00019552803576265937,0.005037120874433398,0.0051307449593862115,5.017571877328861e-08
2610,0.010403537205011556,0.00022924759409598253,0.005146842937711801,0.005027398115162509,4.8558041263966926e-08
2611,0.01026579292783575,9.394101030222907e-05,0.004997948816319896,0.00517384943495116,5.366626246645892e-08
2612,0.010336546600880323,0.00016539035995564517,0.005043013656333057,0.005128076522065956,6.606252566494146e-08
2613,0.010403591416709315,0.0002121917177757557,0.005419754710559385,0.004771566492571153,7.849580302044645e-08
2614,0.010249319981036573,6.910568834542254e-05,0.005230345603661772,0.004949792925518622,7.576351075628855e-08
2615,0.010403844236282158,0.00022695866836368686,0.004859954194075249,0.005316867451721517,6.392212170442105e-08
2616,0.010390249368864525,0.00021158095239065728,0.004942709127294023,0.005235904627098599,5.466208124548066e-08
2617,0.010229308859456042,5.1404294186105304e-05,0.005175449183467277,0.005002404158723958,5.122307869981143e-08
2618,0.01037787940914916,0.00019940820720451072,0.005269151570784769,0.004909267228325844,5.240283403749044e-08
2619,0.010264785430264753,8.267228758860378e-05,0.005295669058639146,0.0048863886927446665,5.539129233760402e-08
2620,0.010297816679689549,0.00012344272912798976,0.00502191885524678,0.005152399349272154,5.57460426255857e-08
2621,0.010377298276260079,0.00020389555691717923,0.004857158394388438,0.005316190224960031,5.409999442962658e-08
2622,0.010277424431360448,0.00010203971476572293,0.005188720009848548,0.004986610951907203,5.3754838972842316e-08
2623,0.010287827379964021,0.00011319649287559551,0.005207785490608677,0.004966791040005359,5.4356474389110465e-08
2624,0.01034926018809443,0.00017751224011053397,0.004869248606541507,0.005302442561691962,5.6779750426940064e-08
2625,0.010391770951818301,0.00021150895284582173,0.004773745857222847,0.005406454325000351,6.181674928170579e-08
2626,0.01024414285051418,6.915921729379044e-05,0.0048326972952733235,0.00534222041819101,6.591975605414176e-08
2627,0.010234486413266377,6.210235678291042e-05,0.005130978566671307,0.005041339861352725,6.562845943457581e-08
2628,0.010326935665885625,0.00014366638935923827,0.005338557258722239,0.004844652732855828,5.9284948320865683e-08
2629,0.01023798574303139,6.590340492376688e-05,0.005052857947546255,0.005119173610813248,5.077974811948616e-08
2630,0.010256778117939704,8.22062382531464e-05,0.004895428110448703,0.005279097136402546,4.6632835308491783e-08
2631,0.010294206781563692,0.00011933091217061348,0.005003145861581342,0.005171682163481872,4.784432986559618e-08
2632,0.01029517529910836,0.0001231010099544568,0.005098326544025296,0.005073695669986016,5.2075142590374335e-08
2633,0.010233323247327498,5.5748964926537966e-05,0.005237448453532963,0.00494006831695647,5.75119115259035e-08
2634,0.010269026937297955,9.457949418573127e-05,0.005093680038108827,0.005080705790413136,6.16145902613474e-08
2635,0.010337261835338497,0.00016367616612861116,0.004867509807309767,0.005306011700497341,6.416140277803685e-08
2636,0.010271980690520955,9.856458964512751e-05,0.005046601866010378,0.005126748250802257,6.598406319009874e-08
2637,0.010240824119676915,6.94099756187663e-05,0.005112723477874307,0.005058626884188624,6.378199521714724e-08
2638,0.010235926998411216,6.659902504555069e-05,0.005040870491660739,0.005128398301977404,5.917972752211446e-08
2639,0.010326698550086196,0.00015516922184266935,0.004995986486736403,0.0051754861789545465,5.666255257771548e-08
2640,0.01032862224318146,0.00015884707682666205,0.004896627467462469,0.005273089944830744,5.7754061585441167e-08
2641,0.010251844372985503,7.823973686049835e-05,0.005176548295004976,0.004996994598998384,6.174212164439743e-08
2642,0.010220319012382286,4.7376866965761214e-05,0.00515524598167922,0.005017633966643324,6.219709398019979e-08
2643,0.010263527225722187,9.228604894025558e-05,0.004931346155300851,0.005239836461388881,5.856009219973869e-08
2644,0.01038260667297878,0.00020873405974255582,0.004962049933090123,0.00521176667848174,5.600166436052483e-08
2645,0.010335215921218872,0.00016615255204430884,0.005046366627072945,0.005122639583713731,5.715838788728938e-08
2646,0.01027402486549033,8.739716188761951e-05,0.00541841214434116,0.0047681531246602715,6.243460127841167e-08
2647,0.010224315947262332,4.825969469516099e-05,0.0052368331269402775,0.004939157685221773,6.54404051215752e-08
2648,0.010356217928939386,0.00018444170740568457,0.004876365349071469,0.005295347704114076,6.316834815568995e-08
2649,0.010386625271699439,0.00021344465227797295,0.005030746724968638,0.005142374615101422,5.927935140587551e-08
2650,0.010306005880980794,0.00013448025318902451,0.005169157083722878,0.005002313001345641,5.554272324869518e-08
2651,0.010256682751759104,8.028424866208447e-05,0.005269872878467749,0.004906471216097103,5.440853216733308e-08
2652,0.010312821195955243,0.00014001443223739658,0.005080158044936967,0.005092593635209222,5.508357165787775e-08
2653,0.010407428336501887,0.00023392126656853366,0.004808372720622338,0.005365078076986306,5.6272324709324045e-08
2654,0.01027206462552092,0.00010013754067647755,0.0050891361923677,0.00508273328125476,5.7611221984820816e-08
2655,0.010227493127110776,5.043980419676985e-05,0.005296158726495175,0.004880837979193701,5.661722512838217e-08
2656,0.010322321795941712,0.00015248287825474834,0.005178083239167336,0.004991700274748381,5.540377124625782e-08
2657,0.010320556470231392,0.00014752556237144308,0.005157844925609275,0.005015127646820869,5.833542980420233e-08
2658,0.010213922817738821,4.414071245676258e-05,0.004960926300942208,0.005208791355388243,6.444895160865375e-08
2659,0.010241645885710077,7.30336412434561e-05,0.004975926785097432,0.005192616348025085,6.91113441044271e-08
2660,0.010345354503826648,0.00017262394431790185,0.005181643575456048,0.004991020657328192,6.632672450532309e-08
2661,0.010291418764190537,0.0001247888603769078,0.005058895615430749,0.005107675835267182,5.845311569839026e-08
2662,0.010213299003827194,4.486756852569037e-05,0.005048275899543408,0.005120101064016256,5.4471741839037545e-08
2663,0.010244667447373733,7.516938854898025e-05,0.005000784363552802,0.005168657697541611,5.5997730340630325e-08
2664,0.010372429521297187,0.00020520957320571925,0.004917936905256887,0.005249223653773963,5.9389060617765205e-08
2665,0.010356236930982081,0.00018312884755392717,0.0051989676029334155,0.004974080054424341,6.042607039771809e-08
2666,0.010202557928117379,3.3062426119694675e-05,0.0051480316300331515,0.005021406763264244,5.710870029035297e-08
2667,0.010287876279076047,0.00012010055531740648,0.005093101030723996,0.005074619465078933,5.522795571061981e-08
2668,0.010374232472060273,0.0001967791287188834,0.005275282696572087,0.004902112662912933,5.798385636911533e-08
2669,0.010260771224113525,9.132876343361146e-05,0.005109036085672865,0.005060345091240657,6.128376639226959e-08
2670,0.010216932101350744,4.704111329522449e-05,0.005041593637624572,0.005128235855816168,6.149461478000317e-08
2671,0.010361483206201614,0.00018877099235079986,0.005088950093948254,0.005083703455101937,5.8664800622987073e-08
2672,0.010350306152421978,0.00018176653785274754,0.005110245428916595,0.005058237546732478,5.663892015821135e-08
2673,0.01023571941766997,5.211131385223731e-05,0.005400863801654909,0.004782685401494134,5.8900668691186104e-08
2674,0.010256445320479283,8.252615860315129e-05,0.005213096322543396,0.004960761645077432,6.119425530351881e-08
2675,0.01037602522095194,0.00020492641796842327,0.004822571817289999,0.005348466631196591,6.035449692585966e-08
2676,0.010295110885024508,0.0001253626674751602,0.004999691562055229,0.00516999799325638,5.866223773811823e-08
2677,0.010215057259715834,4.5912403106221915e-05,0.005166712930773517,0.00500237463928336,5.728655273574608e-08
2678,0.01027563227330066,0.00010914405437852208,0.005119104542180789,0.005047325073302114,5.860343923466947e-08
2679,0.01031667466734091,0.00014803024965901056,0.005053352823689127,0.0051152292231569155,6.237083585728596e-08
2680,0.010252736659248052,8.405022014828622e-05,0.004858683536998291,0.005309939613687412,6.328841406379776e-08
2681,0.010202017666969146,3.5154913684806514e-05,0.004982538150583183,0.005184265326951009,5.9275750146639886e-08
2682,0.010244803456889206,7.650272421390198e-05,0.0051077751351419655,0.005060472799941252,5.2797592085533456e-08
2683,0.01029517485142504,0.0001297039675739147,0.004970826563346526,0.005194594063245084,5.025725951528827e-08
2684,0.010251962178735759,8.29884873317341e-05,0.005096939547401037,0.0050719784383122645,5.570569072270216e-08
2685,0.010193922449531068,2.6375073513749454e-05,0.005064162557924144,0.005103320242073462,6.457601971363071e-08
2686,0.010237929038815062,7.129152671680565e-05,0.005003854151904629,0.005162715743769579,6.761642404799863e-08
2687,0.010285080551743285,0.00011644230542049936,0.005061647383866184,0.005106928921003537,6.194145306428354e-08
2688,0.010303173000127173,0.00013843505531194785,0.0049908932792671595,0.0051737905293146765,5.413623338959564e-08
2689,0.010260094594755182,8.791780563760221e-05,0.0052476282887245675,0.004924495558581216,5.294181179546639e-08
2690,0.010182243533906418,1.5681164168020484e-05,0.005072752870316439,0.005093752701092807,5.679832915030463e-08
2691,0.010250134238513633,8.196393924677518e-05,0.0048606877634144304,0.0053074201336391425,6.240221328515273e-08
2692,0.010356288381685128,0.0001881286986414122,0.005000089496131305,0.0051680056025102785,6.458440213229994e-08
2693,0.01039973139245406,0.00023572748785580106,0.0050854215668629365,0.005078521579463033,6.075827229023157e-08
2694,0.010311724678774954,0.00012933295099946086,0.005411360044597858,0.004770974558543225,5.712463441151395e-08
2695,0.010218119205841895,5.005264654238853e-05,0.005074974700896001,0.00509303638474873,5.547365477589622e-08
2696,0.01038521617139096,0.00021601715218928227,0.004834774513783077,0.005334367118544186,5.7386874413807645e-08
2697,0.010512755490675216,0.00034132159091286585,0.005159010234025171,0.005012363412757238,6.02529799410318e-08
2698,0.010289625078355524,0.00011745170603216356,0.00526965433384151,0.004902459914004534,5.912447731509024e-08
2699,0.01031020007009857,0.0001365276606369156,0.005285022131332622,0.004888593150885241,5.712724379152777e-08
2700,0.010469986307121438,0.0002875028921911131,0.005363377751263326,0.004819047138845988,5.852482101165532e-08
2701,0.010221972103701182,5.09071146319135e-05,0.005184371718415587,0.004986632259455657,6.10111980245467e-08
2702,0.010339367047777798,0.0001703139900462972,0.005138184215691488,0.005030807687742306,6.115429770498285e-08
2703,0.010445827254072544,0.0002717568905519064,0.005198539239405338,0.004975472635664482,5.848845081613425e-08
2704,0.01022826456663253,6.063689083733907e-05,0.00506565200276995,0.0051019210435173535,5.462950788536521e-08
2705,0.010294423316130232,0.00012609065346755053,0.005157922281724808,0.0050103566704244136,5.371051345926263e-08
2706,0.010418979231798286,0.00023321111970054818,0.005433752668139519,0.004751958271952828,5.7172005388595756e-08
2707,0.010197077022443487,2.9995674816381437e-05,0.0050897179360408955,0.005077302045089602,6.13664966075175e-08
2708,0.010303664723810254,0.00013151621025018023,0.004773657105004648,0.005398426407128899,6.500142652837736e-08
2709,0.010519784961021756,0.00034639503902487843,0.004817333497334996,0.0053559905303333785,6.589432850355785e-08
2710,0.010369537295991773,0.0002054784494767436,0.004994384532519967,0.0051696112421539256,6.307184113715404e-08
2711,0.010242325171151473,6.845596503237775e-05,0.005300341625744619,0.0048734685735467385,5.9006827738074243e-08
2712,0.010418294289489627,0.0002438456267311521,0.005246330478673248,0.0049280625193092575,5.566477596940021e-08
2713,0.01030691286225235,0.0001394979293610434,0.00500369475087754,0.005163664690095871,5.5491917895180704e-08
2714,0.01021489641553649,4.418955748380427e-05,0.005166257329834679,0.005004390123812803,5.940440520328462e-08
2715,0.010387123204046533,0.00020971083279184595,0.005267380247177639,0.0049099688826361575,6.324144089163197e-08
2716,0.010254121886834193,8.376406812504757e-05,0.004943324496510848,0.005226970526561502,6.279563679666827e-08
2717,0.010266519178265071,9.159413824489869e-05,0.004789325070880504,0.005385540030503339,5.993863632941389e-08
2718,0.010314072710800095,0.00014457021571239487,0.005024570948224384,0.005144874086971073,5.745989224180679e-08
2719,0.01031197627520923,0.0001428902479177293,0.005236555220999118,0.004932474615787345,5.619050503785665e-08
2720,0.010250650906724524,8.498919600064351e-05,0.005167447513169695,0.004998157714921279,5.648263290583147e-08
2721,0.010309845991605301,0.0001424724616094964,0.004902110098768283,0.005265205625597035,5.7805630485661523e-08
2722,0.010356250260575914,0.00017851870177260516,0.004648941836136954,0.005528730486140942,5.923652541190857e-08
2723,0.01025648185561313,8.973000661991578e-05,0.004919277582856,0.005247413492688848,6.077344836574999e-08
2724,0.010228125952861255,6.176701814524742e-05,0.005132281882970089,0.0050340174790899925,5.957265592426095e-08
2725,0.010252942276581106,8.832217732638354e-05,0.0050599554013155135,0.005104608528086565,5.616985264416479e-08
2726,0.010318075861364979,0.00015040408525368872,0.005031655532149645,0.005135962098005258,5.4145956387612355e-08
2727,0.010240913453553577,7.502847155856992e-05,0.0049751708054525555,0.005190659530381051,5.46461614015637e-08
2728,0.010197488325260714,3.057160011190281e-05,0.005128586491355465,0.005038272384498214,5.784929513089082e-08
2729,0.010261522903822252,9.334202256747071e-05,0.005147726547877997,0.005020393687946176,6.064543060847481e-08
2730,0.010280692041098284,0.00011440668620497265,0.004890479389425157,0.00527574540727403,6.055819412438152e-08
2731,0.010281885153008277,0.00011468851277274263,0.004964174246970636,0.005202962815997746,5.957726715226796e-08
2732,0.010230189307320796,6.589789747301196e-05,0.005094957423555983,0.005069275586774442,5.839951735941674e-08
2733,0.010249794118788283,7.510552413188434e-05,0.005348404685212777,0.004826225318008072,5.8591435549150334e-08
2734,0.010199051915486344,3.3948695845138204e-05,0.005121331386579452,0.0050437132867726985,5.854628905448741e-08
2735,0.01023573083668588,6.650873377673056e-05,0.0047796674510855635,0.005389495932879335,5.871894425287592e-08
2736,0.010291094331993524,0.00012162928482094937,0.004793919948568614,0.005375485790968027,5.930763593298208e-08
2737,0.010459660863633598,0.0002989539301375811,0.004891301719481985,0.005269346589234434,5.862477959761876e-08
2738,0.01066422966681609,0.0004913909912042479,0.005318289466938026,0.0048544915369062485,5.767176756663426e-08
2739,0.010346785990204416,0.00018533005583391075,0.005099261525216102,0.005062138675486087,5.573366831503307e-08
2740,0.010283262862892571,0.00011652806582985382,0.005194139066864171,0.004972538354764085,5.737543446235681e-08
2741,0.01049831548985592,0.0003050539674837588,0.005516241898460384,0.004676957670385208,6.195352656936796e-08
2742,0.010270246249347621,8.828917799104329e-05,0.005390888894516132,0.004791003250834009,6.492600643670196e-08
2743,0.010383096226637878,0.0002077797872001076,0.005260078874471441,0.004915172960809519,6.46041568105847e-08
2744,0.010479265680344853,0.0002913381552714362,0.005388655105183934,0.004799210718165273,6.170172421050534e-08
2745,0.01021883292342633,3.1253129757316444e-05,0.0054218341006626635,0.004765688467917181,5.7225089169480986e-08
2746,0.01047166403502439,0.00029298866476387865,0.005359119371770472,0.004819502070680836,5.3927809202013156e-08
2747,0.010331577307274261,0.0001284773462375444,0.005607055622691058,0.0045959894938131666,5.484453249207787e-08
2748,0.010308950761985982,0.00013392378743099556,0.005262070287542051,0.004912900089491083,5.6597521853456764e-08
2749,0.010497796467484295,0.00032970080998061165,0.004829290625695188,0.005338745998866565,5.9032941930534125e-08
2750,0.010264944978739225,9.759261423120145e-05,0.004995962301466908,0.005171327357162665,6.270587844920505e-08
2751,0.010301830724122598,0.00013420346136342582,0.0051119615635417835,0.005055602270197574,6.342901981555388e-08
2752,0.010403401273704054,0.00023995329042692114,0.004933822784231427,0.0052295642600626,6.093898310472805e-08
2753,0.010253421649750741,8.756751583510604e-05,0.004962311870651763,0.005203482500387337,5.976287653602282e-08
2754,0.010302122613718986,0.00013605065335200328,0.005008770794299912,0.00515724105790204,6.010816502965552e-08
2755,0.010355043142981815,0.0001925127100460818,0.004976087408896774,0.005186382342456401,6.068158255978661e-08
2756,0.010244898764548626,7.85278112900969e-05,0.005116596819822755,0.005049713256418983,6.087701679077972e-08
2757,0.010313324322722637,0.00014487609479778296,0.005003709240426111,0.005164680799260165,5.818823858068324e-08
2758,0.010326094189721548,0.0001567853333776812,0.004854175399741583,0.005315078463133471,5.499346881389627e-08
2759,0.010210577501041042,4.019662063962516e-05,0.005129866723232758,0.005040458977288451,5.5179880208262303e-08
2760,0.010320437095242843,0.0001404519028790935,0.005319323959399384,0.004860603722132246,5.75108321217311e-08
2761,0.010237763234346064,6.860600571520867e-05,0.005050446284085133,0.005118650889922573,6.005462315001879e-08
2762,0.010241555898631476,6.972296993112314e-05,0.004874168681169336,0.005297600939193029,6.330833798629872e-08
2763,0.01031194296776447,0.00014099935952398634,0.004983116303027387,0.005187761410903888,6.58943092083079e-08
2764,0.010256889360301237,8.824330332183595e-05,0.005153114941356551,0.005015465800949908,6.531467294315083e-08
2765,0.01022086550245648,4.894528448849673e-05,0.005251334603529943,0.004920523813062228,6.180137581137168e-08
2766,0.010300002919202843,0.0001310786668487135,0.005123069774021862,0.005045796708347924,5.776998434393215e-08
2767,0.010261865310665757,9.574993674310466e-05,0.004916818206076622,0.005249240849852459,5.6317993572489865e-08
2768,0.01019814981793943,3.2788081239569466e-05,0.00503621454775194,0.005129088328691645,5.8860256275012144e-08
2769,0.010259985374046729,9.401940395941547e-05,0.005032005680332236,0.005133898433237582,6.185651749644743e-08
2770,0.010261826365292392,9.05618686753793e-05,0.004765128399517766,0.005406073733712922,6.23633863250222e-08
2771,0.010283193869044216,0.0001097959786588423,0.004771228295973565,0.005402107780496796,6.181391501238846e-08
2772,0.010229787670171736,6.530376872431101e-05,0.00496917189351241,0.005195251227421938,6.078051307726703e-08
2773,0.010238078611967428,6.929422738994209e-05,0.005220662252361081,0.004948062195431167,5.993678523892325e-08
2774,0.010192599045105258,2.73973645857632e-05,0.005024494865002744,0.00514064868294287,5.813257388083294e-08
2775,0.010262378770948667,9.175335675506044e-05,0.004773407085870303,0.005397161416889569,5.6911433734309645e-08
2776,0.010275175000276995,0.00010849365116960959,0.004930180879047434,0.005236442814970569,5.765508938231869e-08
2777,0.010293154708616664,0.0001299028511487349,0.005099788887547536,0.005063404474192705,5.849572768887343e-08
2778,0.01026403469510998,9.085561047042422e-05,0.005300893228517841,0.004872226339281332,5.951684038317096e-08
2779,0.010233260632169281,6.808278023466567e-05,0.004992004398026946,0.005173113547652801,5.990625486893803e-08
2780,0.010229131918798772,6.232834818502277e-05,0.0048834731952406675,0.005283267963910263,6.241146281872884e-08
2781,0.010278104735641528,0.00011245181162905957,0.005060650410544838,0.005104936472851607,6.604061602515177e-08
2782,0.010394494317958053,0.00023338966754803705,0.005023762890648831,0.005137275007211813,6.675254937189252e-08
2783,0.010388728559579188,0.00022321741719826614,0.005114317963991066,0.005051127855070676,6.532331918130269e-08
2784,0.010357074912690807,0.00019578318207990637,0.004976394180241243,0.0051848346175268,6.293284285897912e-08
2785,0.010238086424152842,6.408782889315923e-05,0.005339131666468355,0.0048348031329858805,6.379580544667968e-08
2786,0.010227913635785875,4.929160696420088e-05,0.005394255769106986,0.004784301984275742,6.427543894559498e-08
2787,0.010307589041600493,0.00014394206397800831,0.005029908678886068,0.005133676383799151,6.191493726821234e-08
2788,0.010394354838084903,0.00022674145016912773,0.004975075505509726,0.005192479564493123,5.831791292820041e-08
2789,0.010310921902756677,0.00014764849511696222,0.005014778174832806,0.005148440935847047,5.4296959860437326e-08
2790,0.010227748436520464,5.524626940279886e-05,0.005304804726920841,0.004867645176546115,5.2263650708754076e-08
2791,0.010245313712177276,7.621422981572126e-05,0.005243195262702103,0.004925852203269098,5.2016390353719085e-08
2792,0.010339488533310705,0.0001781825418047372,0.004958141373169379,0.005203110670597075,5.394773951545324e-08
2793,0.010328181526989461,0.00016285710755492084,0.005134286416363635,0.0050309794919236,5.8511147305667096e-08
2794,0.010237614411139599,7.533868724147953e-05,0.005113439394630425,0.005048775521849901,6.080741779366291e-08
2795,0.010215295648012272,5.4067449093916544e-05,0.005034829092177499,0.005126339306025295,5.980071555962266e-08
2796,0.010356110242415095,0.00019224906039266352,0.005045752492055477,0.005118050768322354,5.792164460097745e-08
2797,0.010354250071117732,0.00019449513568955553,0.0050013887035295045,0.005158309080435467,5.715146320449346e-08
2798,0.010241565480081219,7.176574557258925e-05,0.005292779165261128,0.004876961585554004,5.8983693499294296e-08
2799,0.010218729140525698,5.450000296532964e-05,0.005125355340363917,0.005038814614954509,5.918224194310664e-08
2800,0.010373280268602634,0.00020742572338908834,0.0047976321076129095,0.00536816521664682,5.722095381689783e-08
2801,0.010386794009979456,0.00022212298305588496,0.004981379605823204,0.005183235682762336,5.5738338031812335e-08
2802,0.010248850779324293,8.461554027920072e-05,0.005186621280586844,0.004977558966021205,5.499243704379001e-08
2803,0.010254442984421522,8.633744431080353e-05,0.005276423100933892,0.004891626018040875,5.6421135952931415e-08
2804,0.010333470398846668,0.00016528079710229087,0.005207685369291279,0.004960443335759266,6.089669383309157e-08
2805,0.010254684687766264,9.219611803101753e-05,0.0049895376177280385,0.005172886183605235,6.476840197361187e-08
2806,0.01020933676089117,4.578238433023e-05,0.005116430176967334,0.0050470593391674,6.486042620514046e-08
2807,0.010300825700284271,0.00013230836257544382,0.005234835750300695,0.004933622436800837,5.915060729493904e-08
2808,0.010260263590363089,9.904560112223188e-05,0.004971323706308262,0.005189842469413356,5.181351923985939e-08
2809,0.010228455927982459,6.582543171603057e-05,0.0049444630239049315,0.005218117545185679,4.992717581773271e-08
2810,0.010197313756179155,3.659272971976524e-05,0.0050512086755491814,0.005109458806714941,5.354419526706049e-08
2811,0.010274806959855172,0.00011737557830917016,0.0050581043816827105,0.005099267751102554,5.924876073808161e-08
2812,0.010269058386160705,0.00010949402483226489,0.005067825575280004,0.0050916763087734684,6.247727496836253e-08
2813,0.010223732111537704,6.10836318779417e-05,0.004797826823695266,0.005364760911916559,6.074404793634012e-08
2814,0.010195263008354348,3.44772732963266e-05,0.004875872185319958,0.005284854371917999,5.917782006472294e-08
2815,0.010207082994888511,4.841481522472316e-05,0.005062986334064918,0.005095621818945949,6.002665292121835e-08
2816,0.010219276758782887,6.181593915538092e-05,0.005019876469339731,0.005137522289488176,6.206079960084838e-08
2817,0.010239369736117915,7.911307789567243e-05,0.00494686132573674,0.005213332559632555,6.277285294633758e-08
2818,0.010296788165403886,0.0001363569128077803,0.004839875608956145,0.005320496115018606,5.952862135494874e-08
2819,0.010343622874445116,0.00018066344341397314,0.005181010203911446,0.004981894082550117,5.514456957988063e-08
2820,0.010296923403299641,0.00013806066569706216,0.005126140313873066,0.005032671295669324,5.112806018992297e-08
2821,0.010197372115263847,3.351691591916675e-05,0.005181915079442654,0.00498188816501337,5.1954888655368206e-08
2822,0.010220901793310325,5.770526610233641e-05,0.005110349096515536,0.005052789806015716,5.762467673509328e-08
2823,0.010306202253658412,0.00014622520703498891,0.005080971314307899,0.005078939462724982,6.626959054190037e-08
2824,0.010376300432025524,0.00019998966960480368,0.005396635563224988,0.004779602282468709,7.291672702491774e-08
2825,0.01022393182803575,6.374382865842706e-05,0.005118742045048037,0.00504137595142023,7.000290905574256e-08
2826,0.010209295616387651,5.016986666951345e-05,0.005018610283242638,0.005140451811357221,6.365511827923557e-08
2827,0.01030660096828313,0.0001447863422857951,0.005159435796144665,0.005002319713002358,5.911685031167218e-08
2828,0.010416637941434685,0.00026129011412478277,0.005063466938985445,0.0050918241252463125,5.676307814650647e-08
2829,0.010300856747802699,0.00013856900261925579,0.005191592559844032,0.004970638220202466,5.696513694461239e-08
2830,0.010196596722251289,3.795351020209415e-05,0.004979144138099517,0.005179442591199164,5.6482750514140505e-08
2831,0.010285170909277863,0.00012800720166919385,0.0049711033997136824,0.00518600395652488,5.635137010733353e-08
2832,0.010427967044452565,0.0002567968648479467,0.0053475582651598096,0.004823554509395751,5.740504905621611e-08
2833,0.01024067270660664,8.12475642902485e-05,0.005126552005791668,0.005032815896589773,5.723993495235459e-08
2834,0.010228703940405957,6.856640072215223e-05,0.004945435372068576,0.005214644057243322,5.811037190757634e-08
2835,0.01042046000282466,0.000257453357554452,0.005078466523375825,0.0050844794371291335,6.068476525140333e-08
2836,0.010370067300975307,0.00020700499705660487,0.005236282291741835,0.004926717713380967,6.229879589948177e-08
2837,0.010232062907368228,5.745375854285284e-05,0.005403004832438775,0.004771542863283986,6.145310261439809e-08
2838,0.010370117725016103,0.00020544475771649843,0.005165627218384344,0.004998987612971437,5.813594382282881e-08
2839,0.010335919086479418,0.00017587240830927903,0.004917560782905002,0.005242430006808801,5.588845633719298e-08
2840,0.01020679979078785,4.299350220970096e-05,0.005210570795565142,0.004953177828660493,5.766435251264024e-08
