step,total,pde,ic,inlet,outlet
1,0.9738578818889161,0.14477842840331676,0.07004464799464215,0.7510905446597216,0.007944260831235644
2,0.6542492684112511,0.03357725304739854,0.046305526673948647,0.5388168773895381,0.035549611300365797
3,2.0571022251290523,1.0932723330554641,0.17881691282063278,0.01022577547916703,0.7747872037737884
4,2.0571022251290523,1.0932723330554641,0.17881691282063278,0.01022577547916703,0.7747872037737884
5,2.0571022251290523,1.0932723330554641,0.17881691282063278,0.01022577547916703,0.7747872037737884
6,2.0571022251290523,1.0932723330554641,0.17881691282063278,0.01022577547916703,0.7747872037737884
7,2.0571022251290523,1.0932723330554641,0.17881691282063278,0.01022577547916703,0.7747872037737884
8,2.0571022251290523,1.0932723330554641,0.17881691282063278,0.01022577547916703,0.7747872037737884
9,2.0571022251290523,1.0932723330554641,0.17881691282063278,0.01022577547916703,0.7747872037737884
10,2.0571022251290523,1.0932723330554641,0.17881691282063278,0.01022577547916703,0.7747872037737884
11,2.0571022251290523,1.0932723330554641,0.17881691282063278,0.01022577547916703,0.7747872037737884
12,2.0571022251290523,1.0932723330554641,0.17881691282063278,0.01022577547916703,0.7747872037737884
13,2.0571022251290523,1.0932723330554641,0.17881691282063278,0.01022577547916703,0.7747872037737884
14,2.0571022251290523,1.0932723330554641,0.17881691282063278,0.01022577547916703,0.7747872037737884
15,2.0571022251290523,1.0932723330554641,0.17881691282063278,0.01022577547916703,0.7747872037737884
16,2.0571022251290523,1.0932723330554641,0.17881691282063278,0.01022577547916703,0.7747872037737884
17,2.0571022251290523,1.0932723330554641,0.17881691282063278,0.01022577547916703,0.7747872037737884
18,2.0571022251290523,1.0932723330554641,0.17881691282063278,0.01022577547916703,0.7747872037737884
19,2.0571022251290523,1.0932723330554641,0.17881691282063278,0.01022577547916703,0.7747872037737884
20,2.0571022251290523,1.0932723330554641,0.17881691282063278,0.01022577547916703,0.7747872037737884
21,2.0571022251290523,1.0932723330554641,0.17881691282063278,0.01022577547916703,0.7747872037737884
22,2.0571022251290523,1.0932723330554641,0.17881691282063278,0.01022577547916703,0.7747872037737884
23,2.0571022251290523,1.0932723330554641,0.17881691282063278,0.01022577547916703,0.7747872037737884
24,2.0571022251290523,1.0932723330554641,0.17881691282063278,0.01022577547916703,0.7747872037737884
25,2.0571022251290523,1.0932723330554641,0.17881691282063278,0.01022577547916703,0.7747872037737884
26,2.0571022251290523,1.0932723330554641,0.17881691282063278,0.01022577547916703,0.7747872037737884
27,2.0571022251290523,1.0932723330554641,0.17881691282063278,0.01022577547916703,0.7747872037737884
28,2.0571022251290523,1.0932723330554641,0.17881691282063278,0.01022577547916703,0.7747872037737884
29,2.0571022251290523,1.0932723330554641,0.17881691282063278,0.01022577547916703,0.7747872037737884
30,2.0571022251290523,1.0932723330554641,0.17881691282063278,0.01022577547916703,0.7747872037737884
31,2.0571022251290523,1.0932723330554641,0.17881691282063278,0.01022577547916703,0.7747872037737884
32,2.0571022251290523,1.0932723330554641,0.17881691282063278,0.01022577547916703,0.7747872037737884
33,2.0571022251290523,1.0932723330554641,0.17881691282063278,0.01022577547916703,0.7747872037737884
34,2.0571022251290523,1.0932723330554641,0.17881691282063278,0.01022577547916703,0.7747872037737884
35,2.0571022251290523,1.0932723330554641,0.17881691282063278,0.01022577547916703,0.7747872037737884
36,2.0571022251290523,1.0932723330554641,0.17881691282063278,0.01022577547916703,0.7747872037737884
37,2.0571022251290523,1.0932723330554641,0.17881691282063278,0.01022577547916703,0.7747872037737884
38,2.0571022251290523,1.0932723330554641,0.17881691282063278,0.01022577547916703,0.7747872037737884
39,2.0571022251290523,1.0932723330554641,0.17881691282063278,0.01022577547916703,0.7747872037737884
40,2.0571022251290523,1.0932723330554641,0.17881691282063278,0.01022577547916703,0.7747872037737884
41,2.0571022251290523,1.0932723330554641,0.17881691282063278,0.01022577547916703,0.7747872037737884
42,2.0571022251290523,1.0932723330554641,0.17881691282063278,0.01022577547916703,0.7747872037737884
43,2.0571022251290523,1.0932723330554641,0.17881691282063278,0.01022577547916703,0.7747872037737884
44,2.0571022251290523,1.0932723330554641,0.17881691282063278,0.01022577547916703,0.7747872037737884
45,2.0571022251290523,1.0932723330554641,0.17881691282063278,0.01022577547916703,0.7747872037737884
46,2.0571022251290523,1.0932723330554641,0.17881691282063278,0.01022577547916703,0.7747872037737884
47,2.0571022251290523,1.0932723330554641,0.17881691282063278,0.01022577547916703,0.7747872037737884
48,2.0571022251290523,1.0932723330554641,0.17881691282063278,0.01022577547916703,0.7747872037737884
49,2.0571022251290523,1.0932723330554641,0.17881691282063278,0.01022577547916703,0.7747872037737884
50,2.0571022251290523,1.0932723330554641,0.17881691282063278,0.01022577547916703,0.7747872037737884
51,2.0571022251290523,1.0932723330554641,0.17881691282063278,0.01022577547916703,0.7747872037737884
52,2.0571022251290523,1.0932723330554641,0.17881691282063278,0.01022577547916703,0.7747872037737884
53,2.0571022251290523,1.0932723330554641,0.17881691282063278,0.01022577547916703,0.7747872037737884
54,2.0571022251290523,1.0932723330554641,0.17881691282063278,0.01022577547916703,0.7747872037737884
55,2.0571022251290523,1.0932723330554641,0.17881691282063278,0.01022577547916703,0.7747872037737884
56,2.0571022251290523,1.0932723330554641,0.17881691282063278,0.01022577547916703,0.7747872037737884
57,2.0571022251290523,1.0932723330554641,0.17881691282063278,0.01022577547916703,0.7747872037737884
58,2.0571022251290523,1.0932723330554641,0.17881691282063278,0.01022577547916703,0.7747872037737884
59,2.0571022251290523,1.0932723330554641,0.17881691282063278,0.01022577547916703,0.7747872037737884
60,2.0571022251290523,1.0932723330554641,0.17881691282063278,0.01022577547916703,0.7747872037737884
61,2.0571022251290523,1.0932723330554641,0.17881691282063278,0.01022577547916703,0.7747872037737884
62,2.0571022251290523,1.0932723330554641,0.17881691282063278,0.01022577547916703,0.7747872037737884
63,2.0571022251290523,1.0932723330554641,0.17881691282063278,0.01022577547916703,0.7747872037737884
64,2.0571022251290523,1.0932723330554641,0.17881691282063278,0.01022577547916703,0.7747872037737884
65,2.0571022251290523,1.0932723330554641,0.17881691282063278,0.01022577547916703,0.7747872037737884
66,2.0571022251290523,1.0932723330554641,0.17881691282063278,0.01022577547916703,0.7747872037737884
67,2.0571022251290523,1.0932723330554641,0.17881691282063278,0.01022577547916703,0.7747872037737884
68,2.0571022251290523,1.0932723330554641,0.17881691282063278,0.01022577547916703,0.7747872037737884
69,2.0571022251290523,1.0932723330554641,0.17881691282063278,0.01022577547916703,0.7747872037737884
70,2.0571022251290523,1.0932723330554641,0.17881691282063278,0.01022577547916703,0.7747872037737884
71,2.0571022251290523,1.0932723330554641,0.17881691282063278,0.01022577547916703,0.7747872037737884
72,2.0571022251290523,1.0932723330554641,0.17881691282063278,0.01022577547916703,0.7747872037737884
73,2.0571022251290523,1.0932723330554641,0.17881691282063278,0.01022577547916703,0.7747872037737884
74,2.0571022251290523,1.0932723330554641,0.17881691282063278,0.01022577547916703,0.7747872037737884
75,2.0571022251290523,1.0932723330554641,0.17881691282063278,0.01022577547916703,0.7747872037737884
76,2.0571022251290523,1.0932723330554641,0.17881691282063278,0.01022577547916703,0.7747872037737884
77,2.0571022251290523,1.0932723330554641,0.17881691282063278,0.01022577547916703,0.7747872037737884
78,2.0571022251290523,1.0932723330554641,0.17881691282063278,0.01022577547916703,0.7747872037737884
79,2.0571022251290523,1.0932723330554641,0.17881691282063278,0.01022577547916703,0.7747872037737884
80,2.0571022251290523,1.0932723330554641,0.17881691282063278,0.01022577547916703,0.7747872037737884
81,2.0571022251290523,1.0932723330554641,0.17881691282063278,0.01022577547916703,0.7747872037737884
82,2.0571022251290523,1.0932723330554641,0.17881691282063278,0.01022577547916703,0.7747872037737884
83,2.0571022251290523,1.0932723330554641,0.17881691282063278,0.01022577547916703,0.7747872037737884
84,2.0571022251290523,1.0932723330554641,0.17881691282063278,0.01022577547916703,0.7747872037737884
85,2.0571022251290523,1.0932723330554641,0.17881691282063278,0.01022577547916703,0.7747872037737884
86,2.0571022251290523,1.0932723330554641,0.17881691282063278,0.01022577547916703,0.7747872037737884
87,2.0571022251290523,1.0932723330554641,0.17881691282063278,0.01022577547916703,0.7747872037737884
88,2.0571022251290523,1.0932723330554641,0.17881691282063278,0.01022577547916703,0.7747872037737884
89,2.0571022251290523,1.0932723330554641,0.17881691282063278,0.01022577547916703,0.7747872037737884
90,2.0571022251290523,1.0932723330554641,0.17881691282063278,0.01022577547916703,0.7747872037737884
91,2.0571022251290523,1.0932723330554641,0.17881691282063278,0.01022577547916703,0.7747872037737884
92,2.0571022251290523,1.0932723330554641,0.17881691282063278,0.01022577547916703,0.7747872037737884
93,2.0571022251290523,1.0932723330554641,0.17881691282063278,0.01022577547916703,0.7747872037737884
94,2.0571022251290523,1.0932723330554641,0.17881691282063278,0.01022577547916703,0.7747872037737884
95,2.0571022251290523,1.0932723330554641,0.17881691282063278,0.01022577547916703,0.7747872037737884
96,2.0571022251290523,1.0932723330554641,0.17881691282063278,0.01022577547916703,0.7747872037737884
97,2.0571022251290523,1.0932723330554641,0.17881691282063278,0.01022577547916703,0.7747872037737884
98,2.0571022251290523,1.0932723330554641,0.17881691282063278,0.01022577547916703,0.7747872037737884
99,2.0571022251290523,1.0932723330554641,0.17881691282063278,0.01022577547916703,0.7747872037737884
100,2.0571022251290523,1.0932723330554641,0.17881691282063278,0.01022577547916703,0.7747872037737884
101,2.0571022251290523,1.0932723330554641,0.17881691282063278,0.01022577547916703,0.7747872037737884
102,2.0571022251290523,1.0932723330554641,0.17881691282063278,0.01022577547916703,0.7747872037737884
103,2.0571022251290523,1.0932723330554641,0.17881691282063278,0.01022577547916703,0.7747872037737884
104,2.0571022251290523,1.0932723330554641,0.17881691282063278,0.01022577547916703,0.7747872037737884
105,2.0571022251290523,1.0932723330554641,0.17881691282063278,0.01022577547916703,0.7747872037737884
106,2.0571022251290523,1.0932723330554641,0.17881691282063278,0.01022577547916703,0.7747872037737884
107,2.0571022251290523,1.0932723330554641,0.17881691282063278,0.01022577547916703,0.7747872037737884
108,2.0571022251290523,1.0932723330554641,0.17881691282063278,0.01022577547916703,0.7747872037737884
109,2.0571022251290523,1.0932723330554641,0.17881691282063278,0.01022577547916703,0.7747872037737884
110,2.0571022251290523,1.0932723330554641,0.17881691282063278,0.01022577547916703,0.7747872037737884
111,2.0571022251290523,1.0932723330554641,0.17881691282063278,0.01022577547916703,0.7747872037737884
112,2.0571022251290523,1.0932723330554641,0.17881691282063278,0.01022577547916703,0.7747872037737884
113,2.0571022251290523,1.0932723330554641,0.17881691282063278,0.01022577547916703,0.7747872037737884
114,2.0571022251290523,1.0932723330554641,0.17881691282063278,0.01022577547916703,0.7747872037737884
115,2.0571022251290523,1.0932723330554641,0.17881691282063278,0.01022577547916703,0.7747872037737884
116,2.0571022251290523,1.0932723330554641,0.17881691282063278,0.01022577547916703,0.7747872037737884
117,2.0571022251290523,1.0932723330554641,0.17881691282063278,0.01022577547916703,0.7747872037737884
118,2.0571022251290523,1.0932723330554641,0.17881691282063278,0.01022577547916703,0.7747872037737884
119,2.0571022251290523,1.0932723330554641,0.17881691282063278,0.01022577547916703,0.7747872037737884
120,2.0571022251290523,1.0932723330554641,0.17881691282063278,0.01022577547916703,0.7747872037737884
121,2.0571022251290523,1.0932723330554641,0.17881691282063278,0.01022577547916703,0.7747872037737884
122,2.0571022251290523,1.0932723330554641,0.17881691282063278,0.01022577547916703,0.7747872037737884
123,2.0571022251290523,1.0932723330554641,0.17881691282063278,0.01022577547916703,0.7747872037737884
124,2.0571022251290523,1.0932723330554641,0.17881691282063278,0.01022577547916703,0.7747872037737884
125,2.0571022251290523,1.0932723330554641,0.17881691282063278,0.01022577547916703,0.7747872037737884
126,2.0571022251290523,1.0932723330554641,0.17881691282063278,0.01022577547916703,0.7747872037737884
127,2.0571022251290523,1.0932723330554641,0.17881691282063278,0.01022577547916703,0.7747872037737884
128,2.0571022251290523,1.0932723330554641,0.17881691282063278,0.01022577547916703,0.7747872037737884
129,2.0571022251290523,1.0932723330554641,0.17881691282063278,0.01022577547916703,0.7747872037737884
130,2.0571022251290523,1.0932723330554641,0.17881691282063278,0.01022577547916703,0.7747872037737884
131,2.0571022251290523,1.0932723330554641,0.17881691282063278,0.01022577547916703,0.7747872037737884
132,2.0571022251290523,1.0932723330554641,0.17881691282063278,0.01022577547916703,0.7747872037737884
133,2.0571022251290523,1.0932723330554641,0.17881691282063278,0.01022577547916703,0.7747872037737884
134,2.0571022251290523,1.0932723330554641,0.17881691282063278,0.01022577547916703,0.7747872037737884
135,2.0571022251290523,1.0932723330554641,0.17881691282063278,0.01022577547916703,0.7747872037737884
136,2.0571022251290523,1.0932723330554641,0.17881691282063278,0.01022577547916703,0.7747872037737884
137,2.0571022251290523,1.0932723330554641,0.17881691282063278,0.01022577547916703,0.7747872037737884
138,2.0571022251290523,1.0932723330554641,0.17881691282063278,0.01022577547916703,0.7747872037737884
139,2.0571022251290523,1.0932723330554641,0.17881691282063278,0.01022577547916703,0.7747872037737884
140,2.0571022251290523,1.0932723330554641,0.17881691282063278,0.01022577547916703,0.7747872037737884
141,2.0571022251290523,1.0932723330554641,0.17881691282063278,0.01022577547916703,0.7747872037737884
142,2.0571022251290523,1.0932723330554641,0.17881691282063278,0.01022577547916703,0.7747872037737884
143,2.0571022251290523,1.0932723330554641,0.17881691282063278,0.01022577547916703,0.7747872037737884
144,2.0571022251290523,1.0932723330554641,0.17881691282063278,0.01022577547916703,0.7747872037737884
145,2.0571022251290523,1.0932723330554641,0.17881691282063278,0.01022577547916703,0.7747872037737884
146,2.0571022251290523,1.0932723330554641,0.17881691282063278,0.01022577547916703,0.7747872037737884
147,2.0571022251290523,1.0932723330554641,0.17881691282063278,0.01022577547916703,0.7747872037737884
148,2.0571022251290523,1.0932723330554641,0.17881691282063278,0.01022577547916703,0.7747872037737884
149,2.0571022251290523,1.0932723330554641,0.17881691282063278,0.01022577547916703,0.7747872037737884
150,2.0571022251290523,1.0932723330554641,0.17881691282063278,0.01022577547916703,0.7747872037737884
151,2.0571022251290523,1.0932723330554641,0.17881691282063278,0.01022577547916703,0.7747872037737884
152,2.0571022251290523,1.0932723330554641,0.17881691282063278,0.01022577547916703,0.7747872037737884
153,2.0571022251290523,1.0932723330554641,0.17881691282063278,0.01022577547916703,0.7747872037737884
154,2.0571022251290523,1.0932723330554641,0.17881691282063278,0.01022577547916703,0.7747872037737884
155,2.0571022251290523,1.0932723330554641,0.17881691282063278,0.01022577547916703,0.7747872037737884
156,2.0571022251290523,1.0932723330554641,0.17881691282063278,0.01022577547916703,0.7747872037737884
157,2.0571022251290523,1.0932723330554641,0.17881691282063278,0.01022577547916703,0.7747872037737884
158,2.0571022251290523,1.0932723330554641,0.17881691282063278,0.01022577547916703,0.7747872037737884
159,2.0571022251290523,1.0932723330554641,0.17881691282063278,0.01022577547916703,0.7747872037737884
160,2.0571022251290523,1.0932723330554641,0.17881691282063278,0.01022577547916703,0.7747872037737884
161,2.0571022251290523,1.0932723330554641,0.17881691282063278,0.01022577547916703,0.7747872037737884
162,2.0571022251290523,1.0932723330554641,0.17881691282063278,0.01022577547916703,0.7747872037737884
163,2.0571022251290523,1.0932723330554641,0.17881691282063278,0.01022577547916703,0.7747872037737884
164,2.0571022251290523,1.0932723330554641,0.17881691282063278,0.01022577547916703,0.7747872037737884
165,2.0571022251290523,1.0932723330554641,0.17881691282063278,0.01022577547916703,0.7747872037737884
166,2.0571022251290523,1.0932723330554641,0.17881691282063278,0.01022577547916703,0.7747872037737884
167,2.0571022251290523,1.0932723330554641,0.17881691282063278,0.01022577547916703,0.7747872037737884
168,2.0571022251290523,1.0932723330554641,0.17881691282063278,0.01022577547916703,0.7747872037737884
169,2.0571022251290523,1.0932723330554641,0.17881691282063278,0.01022577547916703,0.7747872037737884
170,2.0571022251290523,1.0932723330554641,0.17881691282063278,0.01022577547916703,0.7747872037737884
171,2.0571022251290523,1.0932723330554641,0.17881691282063278,0.01022577547916703,0.7747872037737884
172,2.0571022251290523,1.0932723330554641,0.17881691282063278,0.01022577547916703,0.7747872037737884
173,2.0571022251290523,1.0932723330554641,0.17881691282063278,0.01022577547916703,0.7747872037737884
174,2.0571022251290523,1.0932723330554641,0.17881691282063278,0.01022577547916703,0.7747872037737884
175,2.0571022251290523,1.0932723330554641,0.17881691282063278,0.01022577547916703,0.7747872037737884
176,2.0571022251290523,1.0932723330554641,0.17881691282063278,0.01022577547916703,0.7747872037737884
177,2.0571022251290523,1.0932723330554641,0.17881691282063278,0.01022577547916703,0.7747872037737884
178,2.0571022251290523,1.0932723330554641,0.17881691282063278,0.01022577547916703,0.7747872037737884
179,2.0571022251290523,1.0932723330554641,0.17881691282063278,0.01022577547916703,0.7747872037737884
180,2.0571022251290523,1.0932723330554641,0.17881691282063278,0.01022577547916703,0.7747872037737884
181,2.0571022251290523,1.0932723330554641,0.17881691282063278,0.01022577547916703,0.7747872037737884
182,2.0571022251290523,1.0932723330554641,0.17881691282063278,0.01022577547916703,0.7747872037737884
183,2.0571022251290523,1.0932723330554641,0.17881691282063278,0.01022577547916703,0.7747872037737884
184,2.0571022251290523,1.0932723330554641,0.17881691282063278,0.01022577547916703,0.7747872037737884
185,2.0571022251290523,1.0932723330554641,0.17881691282063278,0.01022577547916703,0.7747872037737884
186,2.0571022251290523,1.0932723330554641,0.17881691282063278,0.01022577547916703,0.7747872037737884
187,2.0571022251290523,1.0932723330554641,0.17881691282063278,0.01022577547916703,0.7747872037737884
188,2.0571022251290523,1.0932723330554641,0.17881691282063278,0.01022577547916703,0.7747872037737884
189,2.0571022251290523,1.0932723330554641,0.17881691282063278,0.01022577547916703,0.7747872037737884
190,2.0571022251290523,1.0932723330554641,0.17881691282063278,0.01022577547916703,0.7747872037737884
191,2.0571022251290523,1.0932723330554641,0.17881691282063278,0.01022577547916703,0.7747872037737884
192,2.0571022251290523,1.0932723330554641,0.17881691282063278,0.01022577547916703,0.7747872037737884
193,2.0571022251290523,1.0932723330554641,0.17881691282063278,0.01022577547916703,0.7747872037737884
194,2.0571022251290523,1.0932723330554641,0.17881691282063278,0.01022577547916703,0.7747872037737884
195,2.0571022251290523,1.0932723330554641,0.17881691282063278,0.01022577547916703,0.7747872037737884
196,2.0571022251290523,1.0932723330554641,0.17881691282063278,0.01022577547916703,0.7747872037737884
197,2.0571022251290523,1.0932723330554641,0.17881691282063278,0.01022577547916703,0.7747872037737884
198,2.0571022251290523,1.0932723330554641,0.17881691282063278,0.01022577547916703,0.7747872037737884
199,2.0571022251290523,1.0932723330554641,0.17881691282063278,0.01022577547916703,0.7747872037737884
200,2.0571022251290523,1.0932723330554641,0.17881691282063278,0.01022577547916703,0.7747872037737884
201,2.0571022251290523,1.0932723330554641,0.17881691282063278,0.01022577547916703,0.7747872037737884
202,2.0571022251290523,1.0932723330554641,0.17881691282063278,0.01022577547916703,0.7747872037737884
203,2.0571022251290523,1.0932723330554641,0.17881691282063278,0.01022577547916703,0.7747872037737884
204,2.0571022251290523,1.0932723330554641,0.17881691282063278,0.01022577547916703,0.7747872037737884
205,2.0571022251290523,1.0932723330554641,0.17881691282063278,0.01022577547916703,0.7747872037737884
206,2.0571022251290523,1.0932723330554641,0.17881691282063278,0.01022577547916703,0.7747872037737884
207,2.0571022251290523,1.0932723330554641,0.17881691282063278,0.01022577547916703,0.7747872037737884
208,2.0571022251290523,1.0932723330554641,0.17881691282063278,0.01022577547916703,0.7747872037737884
209,2.0571022251290523,1.0932723330554641,0.17881691282063278,0.01022577547916703,0.7747872037737884
210,2.0571022251290523,1.0932723330554641,0.17881691282063278,0.01022577547916703,0.7747872037737884
211,2.0571022251290523,1.0932723330554641,0.17881691282063278,0.01022577547916703,0.7747872037737884
212,2.0571022251290523,1.0932723330554641,0.17881691282063278,0.01022577547916703,0.7747872037737884
213,2.0571022251290523,1.0932723330554641,0.17881691282063278,0.01022577547916703,0.7747872037737884
214,2.0571022251290523,1.0932723330554641,0.17881691282063278,0.01022577547916703,0.7747872037737884
215,2.0571022251290523,1.0932723330554641,0.17881691282063278,0.01022577547916703,0.7747872037737884
216,2.0571022251290523,1.0932723330554641,0.17881691282063278,0.01022577547916703,0.7747872037737884
217,2.0571022251290523,1.0932723330554641,0.17881691282063278,0.01022577547916703,0.7747872037737884
218,2.0571022251290523,1.0932723330554641,0.17881691282063278,0.01022577547916703,0.7747872037737884
219,2.0571022251290523,1.0932723330554641,0.17881691282063278,0.01022577547916703,0.7747872037737884
220,2.0571022251290523,1.0932723330554641,0.17881691282063278,0.01022577547916703,0.7747872037737884
221,2.0571022251290523,1.0932723330554641,0.17881691282063278,0.01022577547916703,0.7747872037737884
222,2.0571022251290523,1.0932723330554641,0.17881691282063278,0.01022577547916703,0.7747872037737884
223,2.0571022251290523,1.0932723330554641,0.17881691282063278,0.01022577547916703,0.7747872037737884
224,2.0571022251290523,1.0932723330554641,0.17881691282063278,0.01022577547916703,0.7747872037737884
225,2.0571022251290523,1.0932723330554641,0.17881691282063278,0.01022577547916703,0.7747872037737884
226,2.0571022251290523,1.0932723330554641,0.17881691282063278,0.01022577547916703,0.7747872037737884
227,2.0571022251290523,1.0932723330554641,0.17881691282063278,0.01022577547916703,0.7747872037737884
228,2.0571022251290523,1.0932723330554641,0.17881691282063278,0.01022577547916703,0.7747872037737884
229,2.0571022251290523,1.0932723330554641,0.17881691282063278,0.01022577547916703,0.7747872037737884
230,2.0571022251290523,1.0932723330554641,0.17881691282063278,0.01022577547916703,0.7747872037737884
231,2.0571022251290523,1.0932723330554641,0.17881691282063278,0.01022577547916703,0.7747872037737884
232,2.0571022251290523,1.0932723330554641,0.17881691282063278,0.01022577547916703,0.7747872037737884
233,2.0571022251290523,1.0932723330554641,0.17881691282063278,0.01022577547916703,0.7747872037737884
234,2.0571022251290523,1.0932723330554641,0.17881691282063278,0.01022577547916703,0.7747872037737884
235,2.0571022251290523,1.0932723330554641,0.17881691282063278,0.01022577547916703,0.7747872037737884
236,2.0571022251290523,1.0932723330554641,0.17881691282063278,0.01022577547916703,0.7747872037737884
237,2.0571022251290523,1.0932723330554641,0.17881691282063278,0.01022577547916703,0.7747872037737884
238,2.0571022251290523,1.0932723330554641,0.17881691282063278,0.01022577547916703,0.7747872037737884
239,2.0571022251290523,1.0932723330554641,0.17881691282063278,0.01022577547916703,0.7747872037737884
240,2.0571022251290523,1.0932723330554641,0.17881691282063278,0.01022577547916703,0.7747872037737884
241,2.0571022251290523,1.0932723330554641,0.17881691282063278,0.01022577547916703,0.7747872037737884
242,2.0571022251290523,1.0932723330554641,0.17881691282063278,0.01022577547916703,0.7747872037737884
243,2.0571022251290523,1.0932723330554641,0.17881691282063278,0.01022577547916703,0.7747872037737884
244,2.0571022251290523,1.0932723330554641,0.17881691282063278,0.01022577547916703,0.7747872037737884
245,2.0571022251290523,1.0932723330554641,0.17881691282063278,0.01022577547916703,0.7747872037737884
246,2.0571022251290523,1.0932723330554641,0.17881691282063278,0.01022577547916703,0.7747872037737884
247,2.0571022251290523,1.0932723330554641,0.17881691282063278,0.01022577547916703,0.7747872037737884
248,2.0571022251290523,1.0932723330554641,0.17881691282063278,0.01022577547916703,0.7747872037737884
249,2.0571022251290523,1.0932723330554641,0.17881691282063278,0.01022577547916703,0.7747872037737884
250,2.0571022251290523,1.0932723330554641,0.17881691282063278,0.01022577547916703,0.7747872037737884
251,2.0571022251290523,1.0932723330554641,0.17881691282063278,0.01022577547916703,0.7747872037737884
252,2.0571022251290523,1.0932723330554641,0.17881691282063278,0.01022577547916703,0.7747872037737884
253,2.0571022251290523,1.0932723330554641,0.17881691282063278,0.01022577547916703,0.7747872037737884
254,2.0571022251290523,1.0932723330554641,0.17881691282063278,0.01022577547916703,0.7747872037737884
255,2.0571022251290523,1.0932723330554641,0.17881691282063278,0.01022577547916703,0.7747872037737884
256,2.0571022251290523,1.0932723330554641,0.17881691282063278,0.01022577547916703,0.7747872037737884
257,2.0571022251290523,1.0932723330554641,0.17881691282063278,0.01022577547916703,0.7747872037737884
258,2.0571022251290523,1.0932723330554641,0.17881691282063278,0.01022577547916703,0.7747872037737884
259,2.0571022251290523,1.0932723330554641,0.17881691282063278,0.01022577547916703,0.7747872037737884
260,2.0571022251290523,1.0932723330554641,0.17881691282063278,0.01022577547916703,0.7747872037737884
261,2.0571022251290523,1.0932723330554641,0.17881691282063278,0.01022577547916703,0.7747872037737884
262,2.0571022251290523,1.0932723330554641,0.17881691282063278,0.01022577547916703,0.7747872037737884
263,2.0571022251290523,1.0932723330554641,0.17881691282063278,0.01022577547916703,0.7747872037737884
264,2.0571022251290523,1.0932723330554641,0.17881691282063278,0.01022577547916703,0.7747872037737884
265,2.0571022251290523,1.0932723330554641,0.17881691282063278,0.01022577547916703,0.7747872037737884
266,2.0571022251290523,1.0932723330554641,0.17881691282063278,0.01022577547916703,0.7747872037737884
267,2.0571022251290523,1.0932723330554641,0.17881691282063278,0.01022577547916703,0.7747872037737884
268,2.0571022251290523,1.0932723330554641,0.17881691282063278,0.01022577547916703,0.7747872037737884
269,2.0571022251290523,1.0932723330554641,0.17881691282063278,0.01022577547916703,0.7747872037737884
270,2.0571022251290523,1.0932723330554641,0.17881691282063278,0.01022577547916703,0.7747872037737884
271,2.0571022251290523,1.0932723330554641,0.17881691282063278,0.01022577547916703,0.7747872037737884
272,2.0571022251290523,1.0932723330554641,0.17881691282063278,0.01022577547916703,0.7747872037737884
273,2.0571022251290523,1.0932723330554641,0.17881691282063278,0.01022577547916703,0.7747872037737884
274,2.0571022251290523,1.0932723330554641,0.17881691282063278,0.01022577547916703,0.7747872037737884
275,2.0571022251290523,1.0932723330554641,0.17881691282063278,0.01022577547916703,0.7747872037737884
276,2.0571022251290523,1.0932723330554641,0.17881691282063278,0.01022577547916703,0.7747872037737884
277,2.0571022251290523,1.0932723330554641,0.17881691282063278,0.01022577547916703,0.7747872037737884
278,2.0571022251290523,1.0932723330554641,0.17881691282063278,0.01022577547916703,0.7747872037737884
279,2.0571022251290523,1.0932723330554641,0.17881691282063278,0.01022577547916703,0.7747872037737884
280,2.0571022251290523,1.0932723330554641,0.17881691282063278,0.01022577547916703,0.7747872037737884
281,2.0571022251290523,1.0932723330554641,0.17881691282063278,0.01022577547916703,0.7747872037737884
282,2.0571022251290523,1.0932723330554641,0.17881691282063278,0.01022577547916703,0.7747872037737884
283,2.0571022251290523,1.0932723330554641,0.17881691282063278,0.01022577547916703,0.7747872037737884
284,2.0571022251290523,1.0932723330554641,0.17881691282063278,0.01022577547916703,0.7747872037737884
285,2.0571022251290523,1.0932723330554641,0.17881691282063278,0.01022577547916703,0.7747872037737884
286,2.0571022251290523,1.0932723330554641,0.17881691282063278,0.01022577547916703,0.7747872037737884
287,2.0571022251290523,1.0932723330554641,0.17881691282063278,0.01022577547916703,0.7747872037737884
288,2.0571022251290523,1.0932723330554641,0.17881691282063278,0.01022577547916703,0.7747872037737884
289,2.0571022251290523,1.0932723330554641,0.17881691282063278,0.01022577547916703,0.7747872037737884
290,2.0571022251290523,1.0932723330554641,0.17881691282063278,0.01022577547916703,0.7747872037737884
291,2.0571022251290523,1.0932723330554641,0.17881691282063278,0.01022577547916703,0.7747872037737884
292,2.0571022251290523,1.0932723330554641,0.17881691282063278,0.01022577547916703,0.7747872037737884
293,2.0571022251290523,1.0932723330554641,0.17881691282063278,0.01022577547916703,0.7747872037737884
294,2.0571022251290523,1.0932723330554641,0.17881691282063278,0.01022577547916703,0.7747872037737884
295,2.0571022251290523,1.0932723330554641,0.17881691282063278,0.01022577547916703,0.7747872037737884
296,2.0571022251290523,1.0932723330554641,0.17881691282063278,0.01022577547916703,0.7747872037737884
297,2.0571022251290523,1.0932723330554641,0.17881691282063278,0.01022577547916703,0.7747872037737884
298,2.0571022251290523,1.0932723330554641,0.17881691282063278,0.01022577547916703,0.7747872037737884
299,2.0571022251290523,1.0932723330554641,0.17881691282063278,0.01022577547916703,0.7747872037737884
300,2.0571022251290523,1.0932723330554641,0.17881691282063278,0.01022577547916703,0.7747872037737884
301,2.0571022251290523,1.0932723330554641,0.17881691282063278,0.01022577547916703,0.7747872037737884
302,2.0571022251290523,1.0932723330554641,0.17881691282063278,0.01022577547916703,0.7747872037737884
303,2.0571022251290523,1.0932723330554641,0.17881691282063278,0.01022577547916703,0.7747872037737884
304,2.0571022251290523,1.0932723330554641,0.17881691282063278,0.01022577547916703,0.7747872037737884
305,2.0571022251290523,1.0932723330554641,0.17881691282063278,0.01022577547916703,0.7747872037737884
306,2.0571022251290523,1.0932723330554641,0.17881691282063278,0.01022577547916703,0.7747872037737884
307,2.0571022251290523,1.0932723330554641,0.17881691282063278,0.01022577547916703,0.7747872037737884
308,2.0571022251290523,1.0932723330554641,0.17881691282063278,0.01022577547916703,0.7747872037737884
309,2.0571022251290523,1.0932723330554641,0.17881691282063278,0.01022577547916703,0.7747872037737884
310,2.0571022251290523,1.0932723330554641,0.17881691282063278,0.01022577547916703,0.7747872037737884
311,2.0571022251290523,1.0932723330554641,0.17881691282063278,0.01022577547916703,0.7747872037737884
312,2.0571022251290523,1.0932723330554641,0.17881691282063278,0.01022577547916703,0.7747872037737884
313,2.0571022251290523,1.0932723330554641,0.17881691282063278,0.01022577547916703,0.7747872037737884
314,2.0571022251290523,1.0932723330554641,0.17881691282063278,0.01022577547916703,0.7747872037737884
315,2.0571022251290523,1.0932723330554641,0.17881691282063278,0.01022577547916703,0.7747872037737884
316,2.0571022251290523,1.0932723330554641,0.17881691282063278,0.01022577547916703,0.7747872037737884
317,2.0571022251290523,1.0932723330554641,0.17881691282063278,0.01022577547916703,0.7747872037737884
318,2.0571022251290523,1.0932723330554641,0.17881691282063278,0.01022577547916703,0.7747872037737884
319,2.0571022251290523,1.0932723330554641,0.17881691282063278,0.01022577547916703,0.7747872037737884
320,2.0571022251290523,1.0932723330554641,0.17881691282063278,0.01022577547916703,0.7747872037737884
321,2.0571022251290523,1.0932723330554641,0.17881691282063278,0.01022577547916703,0.7747872037737884
322,2.0571022251290523,1.0932723330554641,0.17881691282063278,0.01022577547916703,0.7747872037737884
323,2.0571022251290523,1.0932723330554641,0.17881691282063278,0.01022577547916703,0.7747872037737884
324,2.0571022251290523,1.0932723330554641,0.17881691282063278,0.01022577547916703,0.7747872037737884
325,2.0571022251290523,1.0932723330554641,0.17881691282063278,0.01022577547916703,0.7747872037737884
326,2.0571022251290523,1.0932723330554641,0.17881691282063278,0.01022577547916703,0.7747872037737884
327,2.0571022251290523,1.0932723330554641,0.17881691282063278,0.01022577547916703,0.7747872037737884
328,2.0571022251290523,1.0932723330554641,0.17881691282063278,0.01022577547916703,0.7747872037737884
329,2.0571022251290523,1.0932723330554641,0.17881691282063278,0.01022577547916703,0.7747872037737884
330,2.0571022251290523,1.0932723330554641,0.17881691282063278,0.01022577547916703,0.7747872037737884
331,2.0571022251290523,1.0932723330554641,0.17881691282063278,0.01022577547916703,0.7747872037737884
332,2.0571022251290523,1.0932723330554641,0.17881691282063278,0.01022577547916703,0.7747872037737884
333,2.0571022251290523,1.0932723330554641,0.17881691282063278,0.01022577547916703,0.7747872037737884
334,2.0571022251290523,1.0932723330554641,0.17881691282063278,0.01022577547916703,0.7747872037737884
335,2.0571022251290523,1.0932723330554641,0.17881691282063278,0.01022577547916703,0.7747872037737884
336,2.0571022251290523,1.0932723330554641,0.17881691282063278,0.01022577547916703,0.7747872037737884
337,2.0571022251290523,1.0932723330554641,0.17881691282063278,0.01022577547916703,0.7747872037737884
338,2.0571022251290523,1.0932723330554641,0.17881691282063278,0.01022577547916703,0.7747872037737884
339,2.0571022251290523,1.0932723330554641,0.17881691282063278,0.01022577547916703,0.7747872037737884
340,2.0571022251290523,1.0932723330554641,0.17881691282063278,0.01022577547916703,0.7747872037737884
341,2.0571022251290523,1.0932723330554641,0.17881691282063278,0.01022577547916703,0.7747872037737884
342,2.0571022251290523,1.0932723330554641,0.17881691282063278,0.01022577547916703,0.7747872037737884
343,2.0571022251290523,1.0932723330554641,0.17881691282063278,0.01022577547916703,0.7747872037737884
344,2.0571022251290523,1.0932723330554641,0.17881691282063278,0.01022577547916703,0.7747872037737884
345,2.0571022251290523,1.0932723330554641,0.17881691282063278,0.01022577547916703,0.7747872037737884
346,2.0571022251290523,1.0932723330554641,0.17881691282063278,0.01022577547916703,0.7747872037737884
347,2.0571022251290523,1.0932723330554641,0.17881691282063278,0.01022577547916703,0.7747872037737884
348,2.0571022251290523,1.0932723330554641,0.17881691282063278,0.01022577547916703,0.7747872037737884
349,2.0571022251290523,1.0932723330554641,0.17881691282063278,0.01022577547916703,0.7747872037737884
350,2.0571022251290523,1.0932723330554641,0.17881691282063278,0.01022577547916703,0.7747872037737884
351,2.0571022251290523,1.0932723330554641,0.17881691282063278,0.01022577547916703,0.7747872037737884
352,2.0571022251290523,1.0932723330554641,0.17881691282063278,0.01022577547916703,0.7747872037737884
353,2.0571022251290523,1.0932723330554641,0.17881691282063278,0.01022577547916703,0.7747872037737884
354,2.0571022251290523,1.0932723330554641,0.17881691282063278,0.01022577547916703,0.7747872037737884
355,2.0571022251290523,1.0932723330554641,0.17881691282063278,0.01022577547916703,0.7747872037737884
356,2.0571022251290523,1.0932723330554641,0.17881691282063278,0.01022577547916703,0.7747872037737884
357,2.0571022251290523,1.0932723330554641,0.17881691282063278,0.01022577547916703,0.7747872037737884
358,2.0571022251290523,1.0932723330554641,0.17881691282063278,0.01022577547916703,0.7747872037737884
359,2.0571022251290523,1.0932723330554641,0.17881691282063278,0.01022577547916703,0.7747872037737884
360,2.0571022251290523,1.0932723330554641,0.17881691282063278,0.01022577547916703,0.7747872037737884
361,2.0571022251290523,1.0932723330554641,0.17881691282063278,0.01022577547916703,0.7747872037737884
362,2.0571022251290523,1.0932723330554641,0.17881691282063278,0.01022577547916703,0.7747872037737884
363,2.0571022251290523,1.0932723330554641,0.17881691282063278,0.01022577547916703,0.7747872037737884
364,2.0571022251290523,1.0932723330554641,0.17881691282063278,0.01022577547916703,0.7747872037737884
365,2.0571022251290523,1.0932723330554641,0.17881691282063278,0.01022577547916703,0.7747872037737884
366,2.0571022251290523,1.0932723330554641,0.17881691282063278,0.01022577547916703,0.7747872037737884
367,2.0571022251290523,1.0932723330554641,0.17881691282063278,0.01022577547916703,0.7747872037737884
368,2.0571022251290523,1.0932723330554641,0.17881691282063278,0.01022577547916703,0.7747872037737884
369,2.0571022251290523,1.0932723330554641,0.17881691282063278,0.01022577547916703,0.7747872037737884
370,2.0571022251290523,1.0932723330554641,0.17881691282063278,0.01022577547916703,0.7747872037737884
371,2.0571022251290523,1.0932723330554641,0.17881691282063278,0.01022577547916703,0.7747872037737884
372,2.0571022251290523,1.0932723330554641,0.17881691282063278,0.01022577547916703,0.7747872037737884
373,2.0571022251290523,1.0932723330554641,0.17881691282063278,0.01022577547916703,0.7747872037737884
374,2.0571022251290523,1.0932723330554641,0.17881691282063278,0.01022577547916703,0.7747872037737884
375,2.0571022251290523,1.0932723330554641,0.17881691282063278,0.01022577547916703,0.7747872037737884
376,2.0571022251290523,1.0932723330554641,0.17881691282063278,0.01022577547916703,0.7747872037737884
377,2.0571022251290523,1.0932723330554641,0.17881691282063278,0.01022577547916703,0.7747872037737884
378,2.0571022251290523,1.0932723330554641,0.17881691282063278,0.01022577547916703,0.7747872037737884
379,2.0571022251290523,1.0932723330554641,0.17881691282063278,0.01022577547916703,0.7747872037737884
380,2.0571022251290523,1.0932723330554641,0.17881691282063278,0.01022577547916703,0.7747872037737884
381,2.0571022251290523,1.0932723330554641,0.17881691282063278,0.01022577547916703,0.7747872037737884
382,2.0571022251290523,1.0932723330554641,0.17881691282063278,0.01022577547916703,0.7747872037737884
383,2.0571022251290523,1.0932723330554641,0.17881691282063278,0.01022577547916703,0.7747872037737884
384,2.0571022251290523,1.0932723330554641,0.17881691282063278,0.01022577547916703,0.7747872037737884
385,2.0571022251290523,1.0932723330554641,0.17881691282063278,0.01022577547916703,0.7747872037737884
386,2.0571022251290523,1.0932723330554641,0.17881691282063278,0.01022577547916703,0.7747872037737884
387,2.0571022251290523,1.0932723330554641,0.17881691282063278,0.01022577547916703,0.7747872037737884
388,2.0571022251290523,1.0932723330554641,0.17881691282063278,0.01022577547916703,0.7747872037737884
389,2.0571022251290523,1.0932723330554641,0.17881691282063278,0.01022577547916703,0.7747872037737884
390,2.0571022251290523,1.0932723330554641,0.17881691282063278,0.01022577547916703,0.7747872037737884
391,2.0571022251290523,1.0932723330554641,0.17881691282063278,0.01022577547916703,0.7747872037737884
392,2.0571022251290523,1.0932723330554641,0.17881691282063278,0.01022577547916703,0.7747872037737884
393,2.0571022251290523,1.0932723330554641,0.17881691282063278,0.01022577547916703,0.7747872037737884
394,2.0571022251290523,1.0932723330554641,0.17881691282063278,0.01022577547916703,0.7747872037737884
395,2.0571022251290523,1.0932723330554641,0.17881691282063278,0.01022577547916703,0.7747872037737884
396,2.0571022251290523,1.0932723330554641,0.17881691282063278,0.01022577547916703,0.7747872037737884
397,2.0571022251290523,1.0932723330554641,0.17881691282063278,0.01022577547916703,0.7747872037737884
398,2.0571022251290523,1.0932723330554641,0.17881691282063278,0.01022577547916703,0.7747872037737884
399,2.0571022251290523,1.0932723330554641,0.17881691282063278,0.01022577547916703,0.7747872037737884
400,2.0571022251290523,1.0932723330554641,0.17881691282063278,0.01022577547916703,0.7747872037737884
401,2.0571022251290523,1.0932723330554641,0.17881691282063278,0.01022577547916703,0.7747872037737884
402,2.0571022251290523,1.0932723330554641,0.17881691282063278,0.01022577547916703,0.7747872037737884
403,2.0571022251290523,1.0932723330554641,0.17881691282063278,0.01022577547916703,0.7747872037737884
404,2.0571022251290523,1.0932723330554641,0.17881691282063278,0.01022577547916703,0.7747872037737884
405,2.0571022251290523,1.0932723330554641,0.17881691282063278,0.01022577547916703,0.7747872037737884
406,2.0571022251290523,1.0932723330554641,0.17881691282063278,0.01022577547916703,0.7747872037737884
407,2.0571022251290523,1.0932723330554641,0.17881691282063278,0.01022577547916703,0.7747872037737884
408,2.0571022251290523,1.0932723330554641,0.17881691282063278,0.01022577547916703,0.7747872037737884
409,2.0571022251290523,1.0932723330554641,0.17881691282063278,0.01022577547916703,0.7747872037737884
410,2.0571022251290523,1.0932723330554641,0.17881691282063278,0.01022577547916703,0.7747872037737884
411,2.0571022251290523,1.0932723330554641,0.17881691282063278,0.01022577547916703,0.7747872037737884
412,2.0571022251290523,1.0932723330554641,0.17881691282063278,0.01022577547916703,0.7747872037737884
413,2.0571022251290523,1.0932723330554641,0.17881691282063278,0.01022577547916703,0.7747872037737884
414,2.0571022251290523,1.0932723330554641,0.17881691282063278,0.01022577547916703,0.7747872037737884
415,2.0571022251290523,1.0932723330554641,0.17881691282063278,0.01022577547916703,0.7747872037737884
416,2.0571022251290523,1.0932723330554641,0.17881691282063278,0.01022577547916703,0.7747872037737884
417,2.0571022251290523,1.0932723330554641,0.17881691282063278,0.01022577547916703,0.7747872037737884
418,2.0571022251290523,1.0932723330554641,0.17881691282063278,0.01022577547916703,0.7747872037737884
419,2.0571022251290523,1.0932723330554641,0.17881691282063278,0.01022577547916703,0.7747872037737884
420,2.0571022251290523,1.0932723330554641,0.17881691282063278,0.01022577547916703,0.7747872037737884
421,2.0571022251290523,1.0932723330554641,0.17881691282063278,0.01022577547916703,0.7747872037737884
422,2.0571022251290523,1.0932723330554641,0.17881691282063278,0.01022577547916703,0.7747872037737884
423,2.0571022251290523,1.0932723330554641,0.17881691282063278,0.01022577547916703,0.7747872037737884
424,2.0571022251290523,1.0932723330554641,0.17881691282063278,0.01022577547916703,0.7747872037737884
425,2.0571022251290523,1.0932723330554641,0.17881691282063278,0.01022577547916703,0.7747872037737884
426,2.0571022251290523,1.0932723330554641,0.17881691282063278,0.01022577547916703,0.7747872037737884
427,2.0571022251290523,1.0932723330554641,0.17881691282063278,0.01022577547916703,0.7747872037737884
428,2.0571022251290523,1.0932723330554641,0.17881691282063278,0.01022577547916703,0.7747872037737884
429,2.0571022251290523,1.0932723330554641,0.17881691282063278,0.01022577547916703,0.7747872037737884
430,2.0571022251290523,1.0932723330554641,0.17881691282063278,0.01022577547916703,0.7747872037737884
431,2.0571022251290523,1.0932723330554641,0.17881691282063278,0.01022577547916703,0.7747872037737884
432,2.0571022251290523,1.0932723330554641,0.17881691282063278,0.01022577547916703,0.7747872037737884
433,2.0571022251290523,1.0932723330554641,0.17881691282063278,0.01022577547916703,0.7747872037737884
434,2.0571022251290523,1.0932723330554641,0.17881691282063278,0.01022577547916703,0.7747872037737884
435,2.0571022251290523,1.0932723330554641,0.17881691282063278,0.01022577547916703,0.7747872037737884
436,2.0571022251290523,1.0932723330554641,0.17881691282063278,0.01022577547916703,0.7747872037737884
437,2.0571022251290523,1.0932723330554641,0.17881691282063278,0.01022577547916703,0.7747872037737884
438,2.0571022251290523,1.0932723330554641,0.17881691282063278,0.01022577547916703,0.7747872037737884
439,2.0571022251290523,1.0932723330554641,0.17881691282063278,0.01022577547916703,0.7747872037737884
440,2.0571022251290523,1.0932723330554641,0.17881691282063278,0.01022577547916703,0.7747872037737884
441,2.0571022251290523,1.0932723330554641,0.17881691282063278,0.01022577547916703,0.7747872037737884
442,2.0571022251290523,1.0932723330554641,0.17881691282063278,0.01022577547916703,0.7747872037737884
443,2.0571022251290523,1.0932723330554641,0.17881691282063278,0.01022577547916703,0.7747872037737884
444,2.0571022251290523,1.0932723330554641,0.17881691282063278,0.01022577547916703,0.7747872037737884
445,2.0571022251290523,1.0932723330554641,0.17881691282063278,0.01022577547916703,0.7747872037737884
446,2.0571022251290523,1.0932723330554641,0.17881691282063278,0.01022577547916703,0.7747872037737884
447,2.0571022251290523,1.0932723330554641,0.17881691282063278,0.01022577547916703,0.7747872037737884
448,2.0571022251290523,1.0932723330554641,0.17881691282063278,0.01022577547916703,0.7747872037737884
449,2.0571022251290523,1.0932723330554641,0.17881691282063278,0.01022577547916703,0.7747872037737884
450,2.0571022251290523,1.0932723330554641,0.17881691282063278,0.01022577547916703,0.7747872037737884
451,2.0571022251290523,1.0932723330554641,0.17881691282063278,0.01022577547916703,0.7747872037737884
452,2.0571022251290523,1.0932723330554641,0.17881691282063278,0.01022577547916703,0.7747872037737884
453,2.0571022251290523,1.0932723330554641,0.17881691282063278,0.01022577547916703,0.7747872037737884
454,2.0571022251290523,1.0932723330554641,0.17881691282063278,0.01022577547916703,0.7747872037737884
455,2.0571022251290523,1.0932723330554641,0.17881691282063278,0.01022577547916703,0.7747872037737884
456,2.0571022251290523,1.0932723330554641,0.17881691282063278,0.01022577547916703,0.7747872037737884
457,2.0571022251290523,1.0932723330554641,0.17881691282063278,0.01022577547916703,0.7747872037737884
458,2.0571022251290523,1.0932723330554641,0.17881691282063278,0.01022577547916703,0.7747872037737884
459,2.0571022251290523,1.0932723330554641,0.17881691282063278,0.01022577547916703,0.7747872037737884
460,2.0571022251290523,1.0932723330554641,0.17881691282063278,0.01022577547916703,0.7747872037737884
461,2.0571022251290523,1.0932723330554641,0.17881691282063278,0.01022577547916703,0.7747872037737884
462,2.0571022251290523,1.0932723330554641,0.17881691282063278,0.01022577547916703,0.7747872037737884
463,2.0571022251290523,1.0932723330554641,0.17881691282063278,0.01022577547916703,0.7747872037737884
464,2.0571022251290523,1.0932723330554641,0.17881691282063278,0.01022577547916703,0.7747872037737884
465,2.0571022251290523,1.0932723330554641,0.17881691282063278,0.01022577547916703,0.7747872037737884
466,2.0571022251290523,1.0932723330554641,0.17881691282063278,0.01022577547916703,0.7747872037737884
467,2.0571022251290523,1.0932723330554641,0.17881691282063278,0.01022577547916703,0.7747872037737884
468,2.0571022251290523,1.0932723330554641,0.17881691282063278,0.01022577547916703,0.7747872037737884
469,2.0571022251290523,1.0932723330554641,0.17881691282063278,0.01022577547916703,0.7747872037737884
470,2.0571022251290523,1.0932723330554641,0.17881691282063278,0.01022577547916703,0.7747872037737884
471,2.0571022251290523,1.0932723330554641,0.17881691282063278,0.01022577547916703,0.7747872037737884
472,2.0571022251290523,1.0932723330554641,0.17881691282063278,0.01022577547916703,0.7747872037737884
473,2.0571022251290523,1.0932723330554641,0.17881691282063278,0.01022577547916703,0.7747872037737884
474,2.0571022251290523,1.0932723330554641,0.17881691282063278,0.01022577547916703,0.7747872037737884
475,2.0571022251290523,1.0932723330554641,0.17881691282063278,0.01022577547916703,0.7747872037737884
476,2.0571022251290523,1.0932723330554641,0.17881691282063278,0.01022577547916703,0.7747872037737884
477,2.0571022251290523,1.0932723330554641,0.17881691282063278,0.01022577547916703,0.7747872037737884
478,2.0571022251290523,1.0932723330554641,0.17881691282063278,0.01022577547916703,0.7747872037737884
479,2.0571022251290523,1.0932723330554641,0.17881691282063278,0.01022577547916703,0.7747872037737884
480,2.0571022251290523,1.0932723330554641,0.17881691282063278,0.01022577547916703,0.7747872037737884
481,2.0571022251290523,1.0932723330554641,0.17881691282063278,0.01022577547916703,0.7747872037737884
482,2.0571022251290523,1.0932723330554641,0.17881691282063278,0.01022577547916703,0.7747872037737884
483,2.0571022251290523,1.0932723330554641,0.17881691282063278,0.01022577547916703,0.7747872037737884
484,2.0571022251290523,1.0932723330554641,0.17881691282063278,0.01022577547916703,0.7747872037737884
485,2.0571022251290523,1.0932723330554641,0.17881691282063278,0.01022577547916703,0.7747872037737884
486,2.0571022251290523,1.0932723330554641,0.17881691282063278,0.01022577547916703,0.7747872037737884
487,2.0571022251290523,1.0932723330554641,0.17881691282063278,0.01022577547916703,0.7747872037737884
488,2.0571022251290523,1.0932723330554641,0.17881691282063278,0.01022577547916703,0.7747872037737884
489,2.0571022251290523,1.0932723330554641,0.17881691282063278,0.01022577547916703,0.7747872037737884
490,2.0571022251290523,1.0932723330554641,0.17881691282063278,0.01022577547916703,0.7747872037737884
491,2.0571022251290523,1.0932723330554641,0.17881691282063278,0.01022577547916703,0.7747872037737884
492,2.0571022251290523,1.0932723330554641,0.17881691282063278,0.01022577547916703,0.7747872037737884
493,2.0571022251290523,1.0932723330554641,0.17881691282063278,0.01022577547916703,0.7747872037737884
494,2.0571022251290523,1.0932723330554641,0.17881691282063278,0.01022577547916703,0.7747872037737884
495,2.0571022251290523,1.0932723330554641,0.17881691282063278,0.01022577547916703,0.7747872037737884
496,2.0571022251290523,1.0932723330554641,0.17881691282063278,0.01022577547916703,0.7747872037737884
497,2.0571022251290523,1.0932723330554641,0.17881691282063278,0.01022577547916703,0.7747872037737884
498,2.0571022251290523,1.0932723330554641,0.17881691282063278,0.01022577547916703,0.7747872037737884
499,2.0571022251290523,1.0932723330554641,0.17881691282063278,0.01022577547916703,0.7747872037737884
500,2.0571022251290523,1.0932723330554641,0.17881691282063278,0.01022577547916703,0.7747872037737884
501,2.0571022251290523,1.0932723330554641,0.17881691282063278,0.01022577547916703,0.7747872037737884
502,2.0571022251290523,1.0932723330554641,0.17881691282063278,0.01022577547916703,0.7747872037737884
503,2.0571022251290523,1.0932723330554641,0.17881691282063278,0.01022577547916703,0.7747872037737884
504,2.0571022251290523,1.0932723330554641,0.17881691282063278,0.01022577547916703,0.7747872037737884
505,2.0571022251290523,1.0932723330554641,0.17881691282063278,0.01022577547916703,0.7747872037737884
506,2.0571022251290523,1.0932723330554641,0.17881691282063278,0.01022577547916703,0.7747872037737884
507,2.0571022251290523,1.0932723330554641,0.17881691282063278,0.01022577547916703,0.7747872037737884
508,2.0571022251290523,1.0932723330554641,0.17881691282063278,0.01022577547916703,0.7747872037737884
509,2.0571022251290523,1.0932723330554641,0.17881691282063278,0.01022577547916703,0.7747872037737884
510,2.0571022251290523,1.0932723330554641,0.17881691282063278,0.01022577547916703,0.7747872037737884
511,2.0571022251290523,1.0932723330554641,0.17881691282063278,0.01022577547916703,0.7747872037737884
512,2.0571022251290523,1.0932723330554641,0.17881691282063278,0.01022577547916703,0.7747872037737884
513,2.0571022251290523,1.0932723330554641,0.17881691282063278,0.01022577547916703,0.7747872037737884
514,2.0571022251290523,1.0932723330554641,0.17881691282063278,0.01022577547916703,0.7747872037737884
515,2.0571022251290523,1.0932723330554641,0.17881691282063278,0.01022577547916703,0.7747872037737884
516,2.0571022251290523,1.0932723330554641,0.17881691282063278,0.01022577547916703,0.7747872037737884
517,2.0571022251290523,1.0932723330554641,0.17881691282063278,0.01022577547916703,0.7747872037737884
518,2.0571022251290523,1.0932723330554641,0.17881691282063278,0.01022577547916703,0.7747872037737884
519,2.0571022251290523,1.0932723330554641,0.17881691282063278,0.01022577547916703,0.7747872037737884
520,2.0571022251290523,1.0932723330554641,0.17881691282063278,0.01022577547916703,0.7747872037737884
521,2.0571022251290523,1.0932723330554641,0.17881691282063278,0.01022577547916703,0.7747872037737884
522,2.0571022251290523,1.0932723330554641,0.17881691282063278,0.01022577547916703,0.7747872037737884
523,2.0571022251290523,1.0932723330554641,0.17881691282063278,0.01022577547916703,0.7747872037737884
524,2.0571022251290523,1.0932723330554641,0.17881691282063278,0.01022577547916703,0.7747872037737884
525,2.0571022251290523,1.0932723330554641,0.17881691282063278,0.01022577547916703,0.7747872037737884
526,2.0571022251290523,1.0932723330554641,0.17881691282063278,0.01022577547916703,0.7747872037737884
527,2.0571022251290523,1.0932723330554641,0.17881691282063278,0.01022577547916703,0.7747872037737884
528,2.0571022251290523,1.0932723330554641,0.17881691282063278,0.01022577547916703,0.7747872037737884
529,2.0571022251290523,1.0932723330554641,0.17881691282063278,0.01022577547916703,0.7747872037737884
530,2.0571022251290523,1.0932723330554641,0.17881691282063278,0.01022577547916703,0.7747872037737884
531,2.0571022251290523,1.0932723330554641,0.17881691282063278,0.01022577547916703,0.7747872037737884
532,2.0571022251290523,1.0932723330554641,0.17881691282063278,0.01022577547916703,0.7747872037737884
533,2.0571022251290523,1.0932723330554641,0.17881691282063278,0.01022577547916703,0.7747872037737884
534,2.0571022251290523,1.0932723330554641,0.17881691282063278,0.01022577547916703,0.7747872037737884
535,2.0571022251290523,1.0932723330554641,0.17881691282063278,0.01022577547916703,0.7747872037737884
536,2.0571022251290523,1.0932723330554641,0.17881691282063278,0.01022577547916703,0.7747872037737884
537,2.0571022251290523,1.0932723330554641,0.17881691282063278,0.01022577547916703,0.7747872037737884
538,2.0571022251290523,1.0932723330554641,0.17881691282063278,0.01022577547916703,0.7747872037737884
539,2.0571022251290523,1.0932723330554641,0.17881691282063278,0.01022577547916703,0.7747872037737884
540,2.0571022251290523,1.0932723330554641,0.17881691282063278,0.01022577547916703,0.7747872037737884
541,2.0571022251290523,1.0932723330554641,0.17881691282063278,0.01022577547916703,0.7747872037737884
542,2.0571022251290523,1.0932723330554641,0.17881691282063278,0.01022577547916703,0.7747872037737884
543,2.0571022251290523,1.0932723330554641,0.17881691282063278,0.01022577547916703,0.7747872037737884
544,2.0571022251290523,1.0932723330554641,0.17881691282063278,0.01022577547916703,0.7747872037737884
545,2.0571022251290523,1.0932723330554641,0.17881691282063278,0.01022577547916703,0.7747872037737884
546,2.0571022251290523,1.0932723330554641,0.17881691282063278,0.01022577547916703,0.7747872037737884
547,2.0571022251290523,1.0932723330554641,0.17881691282063278,0.01022577547916703,0.7747872037737884
548,2.0571022251290523,1.0932723330554641,0.17881691282063278,0.01022577547916703,0.7747872037737884
549,2.0571022251290523,1.0932723330554641,0.17881691282063278,0.01022577547916703,0.7747872037737884
550,2.0571022251290523,1.0932723330554641,0.17881691282063278,0.01022577547916703,0.7747872037737884
551,2.0571022251290523,1.0932723330554641,0.17881691282063278,0.01022577547916703,0.7747872037737884
552,2.0571022251290523,1.0932723330554641,0.17881691282063278,0.01022577547916703,0.7747872037737884
553,2.0571022251290523,1.0932723330554641,0.17881691282063278,0.01022577547916703,0.7747872037737884
554,2.0571022251290523,1.0932723330554641,0.17881691282063278,0.01022577547916703,0.7747872037737884
555,2.0571022251290523,1.0932723330554641,0.17881691282063278,0.01022577547916703,0.7747872037737884
556,2.0571022251290523,1.0932723330554641,0.17881691282063278,0.01022577547916703,0.7747872037737884
557,2.0571022251290523,1.0932723330554641,0.17881691282063278,0.01022577547916703,0.7747872037737884
558,2.0571022251290523,1.0932723330554641,0.17881691282063278,0.01022577547916703,0.7747872037737884
559,2.0571022251290523,1.0932723330554641,0.17881691282063278,0.01022577547916703,0.7747872037737884
560,2.0571022251290523,1.0932723330554641,0.17881691282063278,0.01022577547916703,0.7747872037737884
561,2.0571022251290523,1.0932723330554641,0.17881691282063278,0.01022577547916703,0.7747872037737884
562,2.0571022251290523,1.0932723330554641,0.17881691282063278,0.01022577547916703,0.7747872037737884
563,2.0571022251290523,1.0932723330554641,0.17881691282063278,0.01022577547916703,0.7747872037737884
564,2.0571022251290523,1.0932723330554641,0.17881691282063278,0.01022577547916703,0.7747872037737884
565,2.0571022251290523,1.0932723330554641,0.17881691282063278,0.01022577547916703,0.7747872037737884
566,2.0571022251290523,1.0932723330554641,0.17881691282063278,0.01022577547916703,0.7747872037737884
567,2.0571022251290523,1.0932723330554641,0.17881691282063278,0.01022577547916703,0.7747872037737884
568,2.0571022251290523,1.0932723330554641,0.17881691282063278,0.01022577547916703,0.7747872037737884
569,2.0571022251290523,1.0932723330554641,0.17881691282063278,0.01022577547916703,0.7747872037737884
570,2.0571022251290523,1.0932723330554641,0.17881691282063278,0.01022577547916703,0.7747872037737884
571,2.0571022251290523,1.0932723330554641,0.17881691282063278,0.01022577547916703,0.7747872037737884
572,2.0571022251290523,1.0932723330554641,0.17881691282063278,0.01022577547916703,0.7747872037737884
573,2.0571022251290523,1.0932723330554641,0.17881691282063278,0.01022577547916703,0.7747872037737884
574,2.0571022251290523,1.0932723330554641,0.17881691282063278,0.01022577547916703,0.7747872037737884
575,2.0571022251290523,1.0932723330554641,0.17881691282063278,0.01022577547916703,0.7747872037737884
576,2.0571022251290523,1.0932723330554641,0.17881691282063278,0.01022577547916703,0.7747872037737884
577,2.0571022251290523,1.0932723330554641,0.17881691282063278,0.01022577547916703,0.7747872037737884
578,2.0571022251290523,1.0932723330554641,0.17881691282063278,0.01022577547916703,0.7747872037737884
579,2.0571022251290523,1.0932723330554641,0.17881691282063278,0.01022577547916703,0.7747872037737884
580,2.0571022251290523,1.0932723330554641,0.17881691282063278,0.01022577547916703,0.7747872037737884
581,2.0571022251290523,1.0932723330554641,0.17881691282063278,0.01022577547916703,0.7747872037737884
582,2.0571022251290523,1.0932723330554641,0.17881691282063278,0.01022577547916703,0.7747872037737884
583,2.0571022251290523,1.0932723330554641,0.17881691282063278,0.01022577547916703,0.7747872037737884
584,2.0571022251290523,1.0932723330554641,0.17881691282063278,0.01022577547916703,0.7747872037737884
585,2.0571022251290523,1.0932723330554641,0.17881691282063278,0.01022577547916703,0.7747872037737884
586,2.0571022251290523,1.0932723330554641,0.17881691282063278,0.01022577547916703,0.7747872037737884
587,2.0571022251290523,1.0932723330554641,0.17881691282063278,0.01022577547916703,0.7747872037737884
588,2.0571022251290523,1.0932723330554641,0.17881691282063278,0.01022577547916703,0.7747872037737884
589,2.0571022251290523,1.0932723330554641,0.17881691282063278,0.01022577547916703,0.7747872037737884
590,2.0571022251290523,1.0932723330554641,0.17881691282063278,0.01022577547916703,0.7747872037737884
591,2.0571022251290523,1.0932723330554641,0.17881691282063278,0.01022577547916703,0.7747872037737884
592,2.0571022251290523,1.0932723330554641,0.17881691282063278,0.01022577547916703,0.7747872037737884
593,2.0571022251290523,1.0932723330554641,0.17881691282063278,0.01022577547916703,0.7747872037737884
594,2.0571022251290523,1.0932723330554641,0.17881691282063278,0.01022577547916703,0.7747872037737884
595,2.0571022251290523,1.0932723330554641,0.17881691282063278,0.01022577547916703,0.7747872037737884
596,2.0571022251290523,1.0932723330554641,0.17881691282063278,0.01022577547916703,0.7747872037737884
597,2.0571022251290523,1.0932723330554641,0.17881691282063278,0.01022577547916703,0.7747872037737884
598,2.0571022251290523,1.0932723330554641,0.17881691282063278,0.01022577547916703,0.7747872037737884
599,2.0571022251290523,1.0932723330554641,0.17881691282063278,0.01022577547916703,0.7747872037737884
600,2.0571022251290523,1.0932723330554641,0.17881691282063278,0.01022577547916703,0.7747872037737884
601,2.0571022251290523,1.0932723330554641,0.17881691282063278,0.01022577547916703,0.7747872037737884
602,2.0571022251290523,1.0932723330554641,0.17881691282063278,0.01022577547916703,0.7747872037737884
603,2.0571022251290523,1.0932723330554641,0.17881691282063278,0.01022577547916703,0.7747872037737884
604,2.0571022251290523,1.0932723330554641,0.17881691282063278,0.01022577547916703,0.7747872037737884
605,2.0571022251290523,1.0932723330554641,0.17881691282063278,0.01022577547916703,0.7747872037737884
606,2.0571022251290523,1.0932723330554641,0.17881691282063278,0.01022577547916703,0.7747872037737884
607,2.0571022251290523,1.0932723330554641,0.17881691282063278,0.01022577547916703,0.7747872037737884
608,2.0571022251290523,1.0932723330554641,0.17881691282063278,0.01022577547916703,0.7747872037737884
609,2.0571022251290523,1.0932723330554641,0.17881691282063278,0.01022577547916703,0.7747872037737884
610,2.0571022251290523,1.0932723330554641,0.17881691282063278,0.01022577547916703,0.7747872037737884
611,2.0571022251290523,1.0932723330554641,0.17881691282063278,0.01022577547916703,0.7747872037737884
612,2.0571022251290523,1.0932723330554641,0.17881691282063278,0.01022577547916703,0.7747872037737884
613,2.0571022251290523,1.0932723330554641,0.17881691282063278,0.01022577547916703,0.7747872037737884
614,2.0571022251290523,1.0932723330554641,0.17881691282063278,0.01022577547916703,0.7747872037737884
615,2.0571022251290523,1.0932723330554641,0.17881691282063278,0.01022577547916703,0.7747872037737884
616,2.0571022251290523,1.0932723330554641,0.17881691282063278,0.01022577547916703,0.7747872037737884
617,2.0571022251290523,1.0932723330554641,0.17881691282063278,0.01022577547916703,0.7747872037737884
618,2.0571022251290523,1.0932723330554641,0.17881691282063278,0.01022577547916703,0.7747872037737884
619,2.0571022251290523,1.0932723330554641,0.17881691282063278,0.01022577547916703,0.7747872037737884
620,2.0571022251290523,1.0932723330554641,0.17881691282063278,0.01022577547916703,0.7747872037737884
621,2.0571022251290523,1.0932723330554641,0.17881691282063278,0.01022577547916703,0.7747872037737884
622,2.0571022251290523,1.0932723330554641,0.17881691282063278,0.01022577547916703,0.7747872037737884
623,2.0571022251290523,1.0932723330554641,0.17881691282063278,0.01022577547916703,0.7747872037737884
624,2.0571022251290523,1.0932723330554641,0.17881691282063278,0.01022577547916703,0.7747872037737884
625,2.0571022251290523,1.0932723330554641,0.17881691282063278,0.01022577547916703,0.7747872037737884
626,2.0571022251290523,1.0932723330554641,0.17881691282063278,0.01022577547916703,0.7747872037737884
627,2.0571022251290523,1.0932723330554641,0.17881691282063278,0.01022577547916703,0.7747872037737884
628,2.0571022251290523,1.0932723330554641,0.17881691282063278,0.01022577547916703,0.7747872037737884
629,2.0571022251290523,1.0932723330554641,0.17881691282063278,0.01022577547916703,0.7747872037737884
630,2.0571022251290523,1.0932723330554641,0.17881691282063278,0.01022577547916703,0.7747872037737884
631,2.0571022251290523,1.0932723330554641,0.17881691282063278,0.01022577547916703,0.7747872037737884
632,2.0571022251290523,1.0932723330554641,0.17881691282063278,0.01022577547916703,0.7747872037737884
633,2.0571022251290523,1.0932723330554641,0.17881691282063278,0.01022577547916703,0.7747872037737884
634,2.0571022251290523,1.0932723330554641,0.17881691282063278,0.01022577547916703,0.7747872037737884
635,2.0571022251290523,1.0932723330554641,0.17881691282063278,0.01022577547916703,0.7747872037737884
636,2.0571022251290523,1.0932723330554641,0.17881691282063278,0.01022577547916703,0.7747872037737884
637,2.0571022251290523,1.0932723330554641,0.17881691282063278,0.01022577547916703,0.7747872037737884
638,2.0571022251290523,1.0932723330554641,0.17881691282063278,0.01022577547916703,0.7747872037737884
639,2.0571022251290523,1.0932723330554641,0.17881691282063278,0.01022577547916703,0.7747872037737884
640,2.0571022251290523,1.0932723330554641,0.17881691282063278,0.01022577547916703,0.7747872037737884
641,2.0571022251290523,1.0932723330554641,0.17881691282063278,0.01022577547916703,0.7747872037737884
642,2.0571022251290523,1.0932723330554641,0.17881691282063278,0.01022577547916703,0.7747872037737884
643,2.0571022251290523,1.0932723330554641,0.17881691282063278,0.01022577547916703,0.7747872037737884
644,2.0571022251290523,1.0932723330554641,0.17881691282063278,0.01022577547916703,0.7747872037737884
645,2.0571022251290523,1.0932723330554641,0.17881691282063278,0.01022577547916703,0.7747872037737884
646,2.0571022251290523,1.0932723330554641,0.17881691282063278,0.01022577547916703,0.7747872037737884
647,2.0571022251290523,1.0932723330554641,0.17881691282063278,0.01022577547916703,0.7747872037737884
648,2.0571022251290523,1.0932723330554641,0.17881691282063278,0.01022577547916703,0.7747872037737884
649,2.0571022251290523,1.0932723330554641,0.17881691282063278,0.01022577547916703,0.7747872037737884
650,2.0571022251290523,1.0932723330554641,0.17881691282063278,0.01022577547916703,0.7747872037737884
651,2.0571022251290523,1.0932723330554641,0.17881691282063278,0.01022577547916703,0.7747872037737884
652,2.0571022251290523,1.0932723330554641,0.17881691282063278,0.01022577547916703,0.7747872037737884
653,2.0571022251290523,1.0932723330554641,0.17881691282063278,0.01022577547916703,0.7747872037737884
654,2.0571022251290523,1.0932723330554641,0.17881691282063278,0.01022577547916703,0.7747872037737884
655,2.0571022251290523,1.0932723330554641,0.17881691282063278,0.01022577547916703,0.7747872037737884
656,2.0571022251290523,1.0932723330554641,0.17881691282063278,0.01022577547916703,0.7747872037737884
657,2.0571022251290523,1.0932723330554641,0.17881691282063278,0.01022577547916703,0.7747872037737884
658,2.0571022251290523,1.0932723330554641,0.17881691282063278,0.01022577547916703,0.7747872037737884
659,2.0571022251290523,1.0932723330554641,0.17881691282063278,0.01022577547916703,0.7747872037737884
660,2.0571022251290523,1.0932723330554641,0.17881691282063278,0.01022577547916703,0.7747872037737884
661,2.0571022251290523,1.0932723330554641,0.17881691282063278,0.01022577547916703,0.7747872037737884
662,2.0571022251290523,1.0932723330554641,0.17881691282063278,0.01022577547916703,0.7747872037737884
663,2.0571022251290523,1.0932723330554641,0.17881691282063278,0.01022577547916703,0.7747872037737884
664,2.0571022251290523,1.0932723330554641,0.17881691282063278,0.01022577547916703,0.7747872037737884
665,2.0571022251290523,1.0932723330554641,0.17881691282063278,0.01022577547916703,0.7747872037737884
666,2.0571022251290523,1.0932723330554641,0.17881691282063278,0.01022577547916703,0.7747872037737884
667,2.0571022251290523,1.0932723330554641,0.17881691282063278,0.01022577547916703,0.7747872037737884
668,2.0571022251290523,1.0932723330554641,0.17881691282063278,0.01022577547916703,0.7747872037737884
669,2.0571022251290523,1.0932723330554641,0.17881691282063278,0.01022577547916703,0.7747872037737884
670,2.0571022251290523,1.0932723330554641,0.17881691282063278,0.01022577547916703,0.7747872037737884
671,2.0571022251290523,1.0932723330554641,0.17881691282063278,0.01022577547916703,0.7747872037737884
672,2.0571022251290523,1.0932723330554641,0.17881691282063278,0.01022577547916703,0.7747872037737884
673,2.0571022251290523,1.0932723330554641,0.17881691282063278,0.01022577547916703,0.7747872037737884
674,2.0571022251290523,1.0932723330554641,0.17881691282063278,0.01022577547916703,0.7747872037737884
675,2.0571022251290523,1.0932723330554641,0.17881691282063278,0.01022577547916703,0.7747872037737884
676,2.0571022251290523,1.0932723330554641,0.17881691282063278,0.01022577547916703,0.7747872037737884
677,2.0571022251290523,1.0932723330554641,0.17881691282063278,0.01022577547916703,0.7747872037737884
678,2.0571022251290523,1.0932723330554641,0.17881691282063278,0.01022577547916703,0.7747872037737884
679,2.0571022251290523,1.0932723330554641,0.17881691282063278,0.01022577547916703,0.7747872037737884
680,2.0571022251290523,1.0932723330554641,0.17881691282063278,0.01022577547916703,0.7747872037737884
681,2.0571022251290523,1.0932723330554641,0.17881691282063278,0.01022577547916703,0.7747872037737884
682,2.0571022251290523,1.0932723330554641,0.17881691282063278,0.01022577547916703,0.7747872037737884
683,2.0571022251290523,1.0932723330554641,0.17881691282063278,0.01022577547916703,0.7747872037737884
684,2.0571022251290523,1.0932723330554641,0.17881691282063278,0.01022577547916703,0.7747872037737884
685,2.0571022251290523,1.0932723330554641,0.17881691282063278,0.01022577547916703,0.7747872037737884
686,2.0571022251290523,1.0932723330554641,0.17881691282063278,0.01022577547916703,0.7747872037737884
687,2.0571022251290523,1.0932723330554641,0.17881691282063278,0.01022577547916703,0.7747872037737884
688,2.0571022251290523,1.0932723330554641,0.17881691282063278,0.01022577547916703,0.7747872037737884
689,2.0571022251290523,1.0932723330554641,0.17881691282063278,0.01022577547916703,0.7747872037737884
690,2.0571022251290523,1.0932723330554641,0.17881691282063278,0.01022577547916703,0.7747872037737884
691,2.0571022251290523,1.0932723330554641,0.17881691282063278,0.01022577547916703,0.7747872037737884
692,2.0571022251290523,1.0932723330554641,0.17881691282063278,0.01022577547916703,0.7747872037737884
693,2.0571022251290523,1.0932723330554641,0.17881691282063278,0.01022577547916703,0.7747872037737884
694,2.0571022251290523,1.0932723330554641,0.17881691282063278,0.01022577547916703,0.7747872037737884
695,2.0571022251290523,1.0932723330554641,0.17881691282063278,0.01022577547916703,0.7747872037737884
696,2.0571022251290523,1.0932723330554641,0.17881691282063278,0.01022577547916703,0.7747872037737884
697,2.0571022251290523,1.0932723330554641,0.17881691282063278,0.01022577547916703,0.7747872037737884
698,2.0571022251290523,1.0932723330554641,0.17881691282063278,0.01022577547916703,0.7747872037737884
699,2.0571022251290523,1.0932723330554641,0.17881691282063278,0.01022577547916703,0.7747872037737884
700,2.0571022251290523,1.0932723330554641,0.17881691282063278,0.01022577547916703,0.7747872037737884
701,2.0571022251290523,1.0932723330554641,0.17881691282063278,0.01022577547916703,0.7747872037737884
702,2.0571022251290523,1.0932723330554641,0.17881691282063278,0.01022577547916703,0.7747872037737884
703,2.0571022251290523,1.0932723330554641,0.17881691282063278,0.01022577547916703,0.7747872037737884
704,2.0571022251290523,1.0932723330554641,0.17881691282063278,0.01022577547916703,0.7747872037737884
705,2.0571022251290523,1.0932723330554641,0.17881691282063278,0.01022577547916703,0.7747872037737884
706,2.0571022251290523,1.0932723330554641,0.17881691282063278,0.01022577547916703,0.7747872037737884
707,2.0571022251290523,1.0932723330554641,0.17881691282063278,0.01022577547916703,0.7747872037737884
708,2.0571022251290523,1.0932723330554641,0.17881691282063278,0.01022577547916703,0.7747872037737884
709,2.0571022251290523,1.0932723330554641,0.17881691282063278,0.01022577547916703,0.7747872037737884
710,2.0571022251290523,1.0932723330554641,0.17881691282063278,0.01022577547916703,0.7747872037737884
711,2.0571022251290523,1.0932723330554641,0.17881691282063278,0.01022577547916703,0.7747872037737884
712,2.0571022251290523,1.0932723330554641,0.17881691282063278,0.01022577547916703,0.7747872037737884
713,2.0571022251290523,1.0932723330554641,0.17881691282063278,0.01022577547916703,0.7747872037737884
714,2.0571022251290523,1.0932723330554641,0.17881691282063278,0.01022577547916703,0.7747872037737884
715,2.0571022251290523,1.0932723330554641,0.17881691282063278,0.01022577547916703,0.7747872037737884
716,2.0571022251290523,1.0932723330554641,0.17881691282063278,0.01022577547916703,0.7747872037737884
717,2.0571022251290523,1.0932723330554641,0.17881691282063278,0.01022577547916703,0.7747872037737884
718,2.0571022251290523,1.0932723330554641,0.17881691282063278,0.01022577547916703,0.7747872037737884
719,2.0571022251290523,1.0932723330554641,0.17881691282063278,0.01022577547916703,0.7747872037737884
720,2.0571022251290523,1.0932723330554641,0.17881691282063278,0.01022577547916703,0.7747872037737884
721,2.0571022251290523,1.0932723330554641,0.17881691282063278,0.01022577547916703,0.7747872037737884
722,2.0571022251290523,1.0932723330554641,0.17881691282063278,0.01022577547916703,0.7747872037737884
723,2.0571022251290523,1.0932723330554641,0.17881691282063278,0.01022577547916703,0.7747872037737884
724,2.0571022251290523,1.0932723330554641,0.17881691282063278,0.01022577547916703,0.7747872037737884
725,2.0571022251290523,1.0932723330554641,0.17881691282063278,0.01022577547916703,0.7747872037737884
726,2.0571022251290523,1.0932723330554641,0.17881691282063278,0.01022577547916703,0.7747872037737884
727,2.0571022251290523,1.0932723330554641,0.17881691282063278,0.01022577547916703,0.7747872037737884
728,2.0571022251290523,1.0932723330554641,0.17881691282063278,0.01022577547916703,0.7747872037737884
729,2.0571022251290523,1.0932723330554641,0.17881691282063278,0.01022577547916703,0.7747872037737884
730,2.0571022251290523,1.0932723330554641,0.17881691282063278,0.01022577547916703,0.7747872037737884
731,2.0571022251290523,1.0932723330554641,0.17881691282063278,0.01022577547916703,0.7747872037737884
732,2.0571022251290523,1.0932723330554641,0.17881691282063278,0.01022577547916703,0.7747872037737884
733,2.0571022251290523,1.0932723330554641,0.17881691282063278,0.01022577547916703,0.7747872037737884
734,2.0571022251290523,1.0932723330554641,0.17881691282063278,0.01022577547916703,0.7747872037737884
735,2.0571022251290523,1.0932723330554641,0.17881691282063278,0.01022577547916703,0.7747872037737884
736,2.0571022251290523,1.0932723330554641,0.17881691282063278,0.01022577547916703,0.7747872037737884
737,2.0571022251290523,1.0932723330554641,0.17881691282063278,0.01022577547916703,0.7747872037737884
738,2.0571022251290523,1.0932723330554641,0.17881691282063278,0.01022577547916703,0.7747872037737884
739,2.0571022251290523,1.0932723330554641,0.17881691282063278,0.01022577547916703,0.7747872037737884
740,2.0571022251290523,1.0932723330554641,0.17881691282063278,0.01022577547916703,0.7747872037737884
741,2.0571022251290523,1.0932723330554641,0.17881691282063278,0.01022577547916703,0.7747872037737884
742,2.0571022251290523,1.0932723330554641,0.17881691282063278,0.01022577547916703,0.7747872037737884
743,2.0571022251290523,1.0932723330554641,0.17881691282063278,0.01022577547916703,0.7747872037737884
744,2.0571022251290523,1.0932723330554641,0.17881691282063278,0.01022577547916703,0.7747872037737884
745,2.0571022251290523,1.0932723330554641,0.17881691282063278,0.01022577547916703,0.7747872037737884
746,2.0571022251290523,1.0932723330554641,0.17881691282063278,0.01022577547916703,0.7747872037737884
747,2.0571022251290523,1.0932723330554641,0.17881691282063278,0.01022577547916703,0.7747872037737884
748,2.0571022251290523,1.0932723330554641,0.17881691282063278,0.01022577547916703,0.7747872037737884
749,2.0571022251290523,1.0932723330554641,0.17881691282063278,0.01022577547916703,0.7747872037737884
750,2.0571022251290523,1.0932723330554641,0.17881691282063278,0.01022577547916703,0.7747872037737884
751,2.0571022251290523,1.0932723330554641,0.17881691282063278,0.01022577547916703,0.7747872037737884
752,2.0571022251290523,1.0932723330554641,0.17881691282063278,0.01022577547916703,0.7747872037737884
753,2.0571022251290523,1.0932723330554641,0.17881691282063278,0.01022577547916703,0.7747872037737884
754,2.0571022251290523,1.0932723330554641,0.17881691282063278,0.01022577547916703,0.7747872037737884
755,2.0571022251290523,1.0932723330554641,0.17881691282063278,0.01022577547916703,0.7747872037737884
756,2.0571022251290523,1.0932723330554641,0.17881691282063278,0.01022577547916703,0.7747872037737884
757,2.0571022251290523,1.0932723330554641,0.17881691282063278,0.01022577547916703,0.7747872037737884
758,2.0571022251290523,1.0932723330554641,0.17881691282063278,0.01022577547916703,0.7747872037737884
759,2.0571022251290523,1.0932723330554641,0.17881691282063278,0.01022577547916703,0.7747872037737884
760,2.0571022251290523,1.0932723330554641,0.17881691282063278,0.01022577547916703,0.7747872037737884
761,2.0571022251290523,1.0932723330554641,0.17881691282063278,0.01022577547916703,0.7747872037737884
762,2.0571022251290523,1.0932723330554641,0.17881691282063278,0.01022577547916703,0.7747872037737884
763,2.0571022251290523,1.0932723330554641,0.17881691282063278,0.01022577547916703,0.7747872037737884
764,2.0571022251290523,1.0932723330554641,0.17881691282063278,0.01022577547916703,0.7747872037737884
765,2.0571022251290523,1.0932723330554641,0.17881691282063278,0.01022577547916703,0.7747872037737884
766,2.0571022251290523,1.0932723330554641,0.17881691282063278,0.01022577547916703,0.7747872037737884
767,2.0571022251290523,1.0932723330554641,0.17881691282063278,0.01022577547916703,0.7747872037737884
768,2.0571022251290523,1.0932723330554641,0.17881691282063278,0.01022577547916703,0.7747872037737884
769,2.0571022251290523,1.0932723330554641,0.17881691282063278,0.01022577547916703,0.7747872037737884
770,2.0571022251290523,1.0932723330554641,0.17881691282063278,0.01022577547916703,0.7747872037737884
771,2.0571022251290523,1.0932723330554641,0.17881691282063278,0.01022577547916703,0.7747872037737884
772,2.0571022251290523,1.0932723330554641,0.17881691282063278,0.01022577547916703,0.7747872037737884
773,2.0571022251290523,1.0932723330554641,0.17881691282063278,0.01022577547916703,0.7747872037737884
774,2.0571022251290523,1.0932723330554641,0.17881691282063278,0.01022577547916703,0.7747872037737884
775,2.0571022251290523,1.0932723330554641,0.17881691282063278,0.01022577547916703,0.7747872037737884
776,2.0571022251290523,1.0932723330554641,0.17881691282063278,0.01022577547916703,0.7747872037737884
777,2.0571022251290523,1.0932723330554641,0.17881691282063278,0.01022577547916703,0.7747872037737884
778,2.0571022251290523,1.0932723330554641,0.17881691282063278,0.01022577547916703,0.7747872037737884
779,2.0571022251290523,1.0932723330554641,0.17881691282063278,0.01022577547916703,0.7747872037737884
780,2.0571022251290523,1.0932723330554641,0.17881691282063278,0.01022577547916703,0.7747872037737884
781,2.0571022251290523,1.0932723330554641,0.17881691282063278,0.01022577547916703,0.7747872037737884
782,2.0571022251290523,1.0932723330554641,0.17881691282063278,0.01022577547916703,0.7747872037737884
783,2.0571022251290523,1.0932723330554641,0.17881691282063278,0.01022577547916703,0.7747872037737884
784,2.0571022251290523,1.0932723330554641,0.17881691282063278,0.01022577547916703,0.7747872037737884
785,2.0571022251290523,1.0932723330554641,0.17881691282063278,0.01022577547916703,0.7747872037737884
786,2.0571022251290523,1.0932723330554641,0.17881691282063278,0.01022577547916703,0.7747872037737884
787,2.0571022251290523,1.0932723330554641,0.17881691282063278,0.01022577547916703,0.7747872037737884
788,2.0571022251290523,1.0932723330554641,0.17881691282063278,0.01022577547916703,0.7747872037737884
789,2.0571022251290523,1.0932723330554641,0.17881691282063278,0.01022577547916703,0.7747872037737884
790,2.0571022251290523,1.0932723330554641,0.17881691282063278,0.01022577547916703,0.7747872037737884
791,2.0571022251290523,1.0932723330554641,0.17881691282063278,0.01022577547916703,0.7747872037737884
792,2.0571022251290523,1.0932723330554641,0.17881691282063278,0.01022577547916703,0.7747872037737884
793,2.0571022251290523,1.0932723330554641,0.17881691282063278,0.01022577547916703,0.7747872037737884
794,2.0571022251290523,1.0932723330554641,0.17881691282063278,0.01022577547916703,0.7747872037737884
795,2.0571022251290523,1.0932723330554641,0.17881691282063278,0.01022577547916703,0.7747872037737884
796,2.0571022251290523,1.0932723330554641,0.17881691282063278,0.01022577547916703,0.7747872037737884
797,2.0571022251290523,1.0932723330554641,0.17881691282063278,0.01022577547916703,0.7747872037737884
798,2.0571022251290523,1.0932723330554641,0.17881691282063278,0.01022577547916703,0.7747872037737884
799,2.0571022251290523,1.0932723330554641,0.17881691282063278,0.01022577547916703,0.7747872037737884
800,2.0571022251290523,1.0932723330554641,0.17881691282063278,0.01022577547916703,0.7747872037737884
801,2.0571022251290523,1.0932723330554641,0.17881691282063278,0.01022577547916703,0.7747872037737884
802,2.0571022251290523,1.0932723330554641,0.17881691282063278,0.01022577547916703,0.7747872037737884
803,2.0571022251290523,1.0932723330554641,0.17881691282063278,0.01022577547916703,0.7747872037737884
804,2.0571022251290523,1.0932723330554641,0.17881691282063278,0.01022577547916703,0.7747872037737884
805,2.0571022251290523,1.0932723330554641,0.17881691282063278,0.01022577547916703,0.7747872037737884
806,2.0571022251290523,1.0932723330554641,0.17881691282063278,0.01022577547916703,0.7747872037737884
807,2.0571022251290523,1.0932723330554641,0.17881691282063278,0.01022577547916703,0.7747872037737884
808,2.0571022251290523,1.0932723330554641,0.17881691282063278,0.01022577547916703,0.7747872037737884
809,2.0571022251290523,1.0932723330554641,0.17881691282063278,0.01022577547916703,0.7747872037737884
810,2.0571022251290523,1.0932723330554641,0.17881691282063278,0.01022577547916703,0.7747872037737884
811,2.0571022251290523,1.0932723330554641,0.17881691282063278,0.01022577547916703,0.7747872037737884
812,2.0571022251290523,1.0932723330554641,0.17881691282063278,0.01022577547916703,0.7747872037737884
813,2.0571022251290523,1.0932723330554641,0.17881691282063278,0.01022577547916703,0.7747872037737884
814,2.0571022251290523,1.0932723330554641,0.17881691282063278,0.01022577547916703,0.7747872037737884
815,2.0571022251290523,1.0932723330554641,0.17881691282063278,0.01022577547916703,0.7747872037737884
816,2.0571022251290523,1.0932723330554641,0.17881691282063278,0.01022577547916703,0.7747872037737884
817,2.0571022251290523,1.0932723330554641,0.17881691282063278,0.01022577547916703,0.7747872037737884
818,2.0571022251290523,1.0932723330554641,0.17881691282063278,0.01022577547916703,0.7747872037737884
819,2.0571022251290523,1.0932723330554641,0.17881691282063278,0.01022577547916703,0.7747872037737884
820,2.0571022251290523,1.0932723330554641,0.17881691282063278,0.01022577547916703,0.7747872037737884
821,2.0571022251290523,1.0932723330554641,0.17881691282063278,0.01022577547916703,0.7747872037737884
822,2.0571022251290523,1.0932723330554641,0.17881691282063278,0.01022577547916703,0.7747872037737884
823,2.0571022251290523,1.0932723330554641,0.17881691282063278,0.01022577547916703,0.7747872037737884
824,2.0571022251290523,1.0932723330554641,0.17881691282063278,0.01022577547916703,0.7747872037737884
825,2.0571022251290523,1.0932723330554641,0.17881691282063278,0.01022577547916703,0.7747872037737884
826,2.0571022251290523,1.0932723330554641,0.17881691282063278,0.01022577547916703,0.7747872037737884
827,2.0571022251290523,1.0932723330554641,0.17881691282063278,0.01022577547916703,0.7747872037737884
828,2.0571022251290523,1.0932723330554641,0.17881691282063278,0.01022577547916703,0.7747872037737884
829,2.0571022251290523,1.0932723330554641,0.17881691282063278,0.01022577547916703,0.7747872037737884
830,2.0571022251290523,1.0932723330554641,0.17881691282063278,0.01022577547916703,0.7747872037737884
831,2.0571022251290523,1.0932723330554641,0.17881691282063278,0.01022577547916703,0.7747872037737884
832,2.0571022251290523,1.0932723330554641,0.17881691282063278,0.01022577547916703,0.7747872037737884
833,2.0571022251290523,1.0932723330554641,0.17881691282063278,0.01022577547916703,0.7747872037737884
834,2.0571022251290523,1.0932723330554641,0.17881691282063278,0.01022577547916703,0.7747872037737884
835,2.0571022251290523,1.0932723330554641,0.17881691282063278,0.01022577547916703,0.7747872037737884
836,2.0571022251290523,1.0932723330554641,0.17881691282063278,0.01022577547916703,0.7747872037737884
837,2.0571022251290523,1.0932723330554641,0.17881691282063278,0.01022577547916703,0.7747872037737884
838,2.0571022251290523,1.0932723330554641,0.17881691282063278,0.01022577547916703,0.7747872037737884
839,2.0571022251290523,1.0932723330554641,0.17881691282063278,0.01022577547916703,0.7747872037737884
840,2.0571022251290523,1.0932723330554641,0.17881691282063278,0.01022577547916703,0.7747872037737884
841,2.0571022251290523,1.0932723330554641,0.17881691282063278,0.01022577547916703,0.7747872037737884
842,2.0571022251290523,1.0932723330554641,0.17881691282063278,0.01022577547916703,0.7747872037737884
843,2.0571022251290523,1.0932723330554641,0.17881691282063278,0.01022577547916703,0.7747872037737884
844,2.0571022251290523,1.0932723330554641,0.17881691282063278,0.01022577547916703,0.7747872037737884
845,2.0571022251290523,1.0932723330554641,0.17881691282063278,0.01022577547916703,0.7747872037737884
846,2.0571022251290523,1.0932723330554641,0.17881691282063278,0.01022577547916703,0.7747872037737884
847,2.0571022251290523,1.0932723330554641,0.17881691282063278,0.01022577547916703,0.7747872037737884
848,2.0571022251290523,1.0932723330554641,0.17881691282063278,0.01022577547916703,0.7747872037737884
849,2.0571022251290523,1.0932723330554641,0.17881691282063278,0.01022577547916703,0.7747872037737884
850,2.0571022251290523,1.0932723330554641,0.17881691282063278,0.01022577547916703,0.7747872037737884
851,2.0571022251290523,1.0932723330554641,0.17881691282063278,0.01022577547916703,0.7747872037737884
852,2.0571022251290523,1.0932723330554641,0.17881691282063278,0.01022577547916703,0.7747872037737884
853,2.0571022251290523,1.0932723330554641,0.17881691282063278,0.01022577547916703,0.7747872037737884
854,2.0571022251290523,1.0932723330554641,0.17881691282063278,0.01022577547916703,0.7747872037737884
855,2.0571022251290523,1.0932723330554641,0.17881691282063278,0.01022577547916703,0.7747872037737884
856,2.0571022251290523,1.0932723330554641,0.17881691282063278,0.01022577547916703,0.7747872037737884
857,2.0571022251290523,1.0932723330554641,0.17881691282063278,0.01022577547916703,0.7747872037737884
858,2.0571022251290523,1.0932723330554641,0.17881691282063278,0.01022577547916703,0.7747872037737884
859,2.0571022251290523,1.0932723330554641,0.17881691282063278,0.01022577547916703,0.7747872037737884
860,2.0571022251290523,1.0932723330554641,0.17881691282063278,0.01022577547916703,0.7747872037737884
861,2.0571022251290523,1.0932723330554641,0.17881691282063278,0.01022577547916703,0.7747872037737884
862,2.0571022251290523,1.0932723330554641,0.17881691282063278,0.01022577547916703,0.7747872037737884
863,2.0571022251290523,1.0932723330554641,0.17881691282063278,0.01022577547916703,0.7747872037737884
864,2.0571022251290523,1.0932723330554641,0.17881691282063278,0.01022577547916703,0.7747872037737884
865,2.0571022251290523,1.0932723330554641,0.17881691282063278,0.01022577547916703,0.7747872037737884
866,2.0571022251290523,1.0932723330554641,0.17881691282063278,0.01022577547916703,0.7747872037737884
867,2.0571022251290523,1.0932723330554641,0.17881691282063278,0.01022577547916703,0.7747872037737884
868,2.0571022251290523,1.0932723330554641,0.17881691282063278,0.01022577547916703,0.7747872037737884
869,2.0571022251290523,1.0932723330554641,0.17881691282063278,0.01022577547916703,0.7747872037737884
870,2.0571022251290523,1.0932723330554641,0.17881691282063278,0.01022577547916703,0.7747872037737884
871,2.0571022251290523,1.0932723330554641,0.17881691282063278,0.01022577547916703,0.7747872037737884
872,2.0571022251290523,1.0932723330554641,0.17881691282063278,0.01022577547916703,0.7747872037737884
873,2.0571022251290523,1.0932723330554641,0.17881691282063278,0.01022577547916703,0.7747872037737884
874,2.0571022251290523,1.0932723330554641,0.17881691282063278,0.01022577547916703,0.7747872037737884
875,2.0571022251290523,1.0932723330554641,0.17881691282063278,0.01022577547916703,0.7747872037737884
876,2.0571022251290523,1.0932723330554641,0.17881691282063278,0.01022577547916703,0.7747872037737884
877,2.0571022251290523,1.0932723330554641,0.17881691282063278,0.01022577547916703,0.7747872037737884
878,2.0571022251290523,1.0932723330554641,0.17881691282063278,0.01022577547916703,0.7747872037737884
879,2.0571022251290523,1.0932723330554641,0.17881691282063278,0.01022577547916703,0.7747872037737884
880,2.0571022251290523,1.0932723330554641,0.17881691282063278,0.01022577547916703,0.7747872037737884
881,2.0571022251290523,1.0932723330554641,0.17881691282063278,0.01022577547916703,0.7747872037737884
882,2.0571022251290523,1.0932723330554641,0.17881691282063278,0.01022577547916703,0.7747872037737884
883,2.0571022251290523,1.0932723330554641,0.17881691282063278,0.01022577547916703,0.7747872037737884
884,2.0571022251290523,1.0932723330554641,0.17881691282063278,0.01022577547916703,0.7747872037737884
885,2.0571022251290523,1.0932723330554641,0.17881691282063278,0.01022577547916703,0.7747872037737884
886,2.0571022251290523,1.0932723330554641,0.17881691282063278,0.01022577547916703,0.7747872037737884
887,2.0571022251290523,1.0932723330554641,0.17881691282063278,0.01022577547916703,0.7747872037737884
888,2.0571022251290523,1.0932723330554641,0.17881691282063278,0.01022577547916703,0.7747872037737884
889,2.0571022251290523,1.0932723330554641,0.17881691282063278,0.01022577547916703,0.7747872037737884
890,2.0571022251290523,1.0932723330554641,0.17881691282063278,0.01022577547916703,0.7747872037737884
891,2.0571022251290523,1.0932723330554641,0.17881691282063278,0.01022577547916703,0.7747872037737884
892,2.0571022251290523,1.0932723330554641,0.17881691282063278,0.01022577547916703,0.7747872037737884
893,2.0571022251290523,1.0932723330554641,0.17881691282063278,0.01022577547916703,0.7747872037737884
894,2.0571022251290523,1.0932723330554641,0.17881691282063278,0.01022577547916703,0.7747872037737884
895,2.0571022251290523,1.0932723330554641,0.17881691282063278,0.01022577547916703,0.7747872037737884
896,2.0571022251290523,1.0932723330554641,0.17881691282063278,0.01022577547916703,0.7747872037737884
897,2.0571022251290523,1.0932723330554641,0.17881691282063278,0.01022577547916703,0.7747872037737884
898,2.0571022251290523,1.0932723330554641,0.17881691282063278,0.01022577547916703,0.7747872037737884
899,2.0571022251290523,1.0932723330554641,0.17881691282063278,0.01022577547916703,0.7747872037737884
900,2.0571022251290523,1.0932723330554641,0.17881691282063278,0.01022577547916703,0.7747872037737884
901,2.0571022251290523,1.0932723330554641,0.17881691282063278,0.01022577547916703,0.7747872037737884
902,2.0571022251290523,1.0932723330554641,0.17881691282063278,0.01022577547916703,0.7747872037737884
903,2.0571022251290523,1.0932723330554641,0.17881691282063278,0.01022577547916703,0.7747872037737884
904,2.0571022251290523,1.0932723330554641,0.17881691282063278,0.01022577547916703,0.7747872037737884
905,2.0571022251290523,1.0932723330554641,0.17881691282063278,0.01022577547916703,0.7747872037737884
906,2.0571022251290523,1.0932723330554641,0.17881691282063278,0.01022577547916703,0.7747872037737884
907,2.0571022251290523,1.0932723330554641,0.17881691282063278,0.01022577547916703,0.7747872037737884
908,2.0571022251290523,1.0932723330554641,0.17881691282063278,0.01022577547916703,0.7747872037737884
909,2.0571022251290523,1.0932723330554641,0.17881691282063278,0.01022577547916703,0.7747872037737884
910,2.0571022251290523,1.0932723330554641,0.17881691282063278,0.01022577547916703,0.7747872037737884
911,2.0571022251290523,1.0932723330554641,0.17881691282063278,0.01022577547916703,0.7747872037737884
912,2.0571022251290523,1.0932723330554641,0.17881691282063278,0.01022577547916703,0.7747872037737884
913,2.0571022251290523,1.0932723330554641,0.17881691282063278,0.01022577547916703,0.7747872037737884
914,2.0571022251290523,1.0932723330554641,0.17881691282063278,0.01022577547916703,0.7747872037737884
915,2.0571022251290523,1.0932723330554641,0.17881691282063278,0.01022577547916703,0.7747872037737884
916,2.0571022251290523,1.0932723330554641,0.17881691282063278,0.01022577547916703,0.7747872037737884
917,2.0571022251290523,1.0932723330554641,0.17881691282063278,0.01022577547916703,0.7747872037737884
918,2.0571022251290523,1.0932723330554641,0.17881691282063278,0.01022577547916703,0.7747872037737884
919,2.0571022251290523,1.0932723330554641,0.17881691282063278,0.01022577547916703,0.7747872037737884
920,2.0571022251290523,1.0932723330554641,0.17881691282063278,0.01022577547916703,0.7747872037737884
921,2.0571022251290523,1.0932723330554641,0.17881691282063278,0.01022577547916703,0.7747872037737884
922,2.0571022251290523,1.0932723330554641,0.17881691282063278,0.01022577547916703,0.7747872037737884
923,2.0571022251290523,1.0932723330554641,0.17881691282063278,0.01022577547916703,0.7747872037737884
924,2.0571022251290523,1.0932723330554641,0.17881691282063278,0.01022577547916703,0.7747872037737884
925,2.0571022251290523,1.0932723330554641,0.17881691282063278,0.01022577547916703,0.7747872037737884
926,2.0571022251290523,1.0932723330554641,0.17881691282063278,0.01022577547916703,0.7747872037737884
927,2.0571022251290523,1.0932723330554641,0.17881691282063278,0.01022577547916703,0.7747872037737884
928,2.0571022251290523,1.0932723330554641,0.17881691282063278,0.01022577547916703,0.7747872037737884
929,2.0571022251290523,1.0932723330554641,0.17881691282063278,0.01022577547916703,0.7747872037737884
930,2.0571022251290523,1.0932723330554641,0.17881691282063278,0.01022577547916703,0.7747872037737884
931,2.0571022251290523,1.0932723330554641,0.17881691282063278,0.01022577547916703,0.7747872037737884
932,2.0571022251290523,1.0932723330554641,0.17881691282063278,0.01022577547916703,0.7747872037737884
933,2.0571022251290523,1.0932723330554641,0.17881691282063278,0.01022577547916703,0.7747872037737884
934,2.0571022251290523,1.0932723330554641,0.17881691282063278,0.01022577547916703,0.7747872037737884
935,2.0571022251290523,1.0932723330554641,0.17881691282063278,0.01022577547916703,0.7747872037737884
936,2.0571022251290523,1.0932723330554641,0.17881691282063278,0.01022577547916703,0.7747872037737884
937,2.0571022251290523,1.0932723330554641,0.17881691282063278,0.01022577547916703,0.7747872037737884
938,2.0571022251290523,1.0932723330554641,0.17881691282063278,0.01022577547916703,0.7747872037737884
939,2.0571022251290523,1.0932723330554641,0.17881691282063278,0.01022577547916703,0.7747872037737884
940,2.0571022251290523,1.0932723330554641,0.17881691282063278,0.01022577547916703,0.7747872037737884
941,2.0571022251290523,1.0932723330554641,0.17881691282063278,0.01022577547916703,0.7747872037737884
942,2.0571022251290523,1.0932723330554641,0.17881691282063278,0.01022577547916703,0.7747872037737884
943,2.0571022251290523,1.0932723330554641,0.17881691282063278,0.01022577547916703,0.7747872037737884
944,2.0571022251290523,1.0932723330554641,0.17881691282063278,0.01022577547916703,0.7747872037737884
945,2.0571022251290523,1.0932723330554641,0.17881691282063278,0.01022577547916703,0.7747872037737884
946,2.0571022251290523,1.0932723330554641,0.17881691282063278,0.01022577547916703,0.7747872037737884
947,2.0571022251290523,1.0932723330554641,0.17881691282063278,0.01022577547916703,0.7747872037737884
948,2.0571022251290523,1.0932723330554641,0.17881691282063278,0.01022577547916703,0.7747872037737884
949,2.0571022251290523,1.0932723330554641,0.17881691282063278,0.01022577547916703,0.7747872037737884
950,2.0571022251290523,1.0932723330554641,0.17881691282063278,0.01022577547916703,0.7747872037737884
951,2.0571022251290523,1.0932723330554641,0.17881691282063278,0.01022577547916703,0.7747872037737884
952,2.0571022251290523,1.0932723330554641,0.17881691282063278,0.01022577547916703,0.7747872037737884
953,2.0571022251290523,1.0932723330554641,0.17881691282063278,0.01022577547916703,0.7747872037737884
954,2.0571022251290523,1.0932723330554641,0.17881691282063278,0.01022577547916703,0.7747872037737884
955,2.0571022251290523,1.0932723330554641,0.17881691282063278,0.01022577547916703,0.7747872037737884
956,2.0571022251290523,1.0932723330554641,0.17881691282063278,0.01022577547916703,0.7747872037737884
957,2.0571022251290523,1.0932723330554641,0.17881691282063278,0.01022577547916703,0.7747872037737884
958,2.0571022251290523,1.0932723330554641,0.17881691282063278,0.01022577547916703,0.7747872037737884
959,2.0571022251290523,1.0932723330554641,0.17881691282063278,0.01022577547916703,0.7747872037737884
960,2.0571022251290523,1.0932723330554641,0.17881691282063278,0.01022577547916703,0.7747872037737884
961,2.0571022251290523,1.0932723330554641,0.17881691282063278,0.01022577547916703,0.7747872037737884
962,2.0571022251290523,1.0932723330554641,0.17881691282063278,0.01022577547916703,0.7747872037737884
963,2.0571022251290523,1.0932723330554641,0.17881691282063278,0.01022577547916703,0.7747872037737884
964,2.0571022251290523,1.0932723330554641,0.17881691282063278,0.01022577547916703,0.7747872037737884
965,2.0571022251290523,1.0932723330554641,0.17881691282063278,0.01022577547916703,0.7747872037737884
966,2.0571022251290523,1.0932723330554641,0.17881691282063278,0.01022577547916703,0.7747872037737884
967,2.0571022251290523,1.0932723330554641,0.17881691282063278,0.01022577547916703,0.7747872037737884
968,2.0571022251290523,1.0932723330554641,0.17881691282063278,0.01022577547916703,0.7747872037737884
969,2.0571022251290523,1.0932723330554641,0.17881691282063278,0.01022577547916703,0.7747872037737884
970,2.0571022251290523,1.0932723330554641,0.17881691282063278,0.01022577547916703,0.7747872037737884
971,2.0571022251290523,1.0932723330554641,0.17881691282063278,0.01022577547916703,0.7747872037737884
972,2.0571022251290523,1.0932723330554641,0.17881691282063278,0.01022577547916703,0.7747872037737884
973,2.0571022251290523,1.0932723330554641,0.17881691282063278,0.01022577547916703,0.7747872037737884
974,2.0571022251290523,1.0932723330554641,0.17881691282063278,0.01022577547916703,0.7747872037737884
975,2.0571022251290523,1.0932723330554641,0.17881691282063278,0.01022577547916703,0.7747872037737884
976,2.0571022251290523,1.0932723330554641,0.17881691282063278,0.01022577547916703,0.7747872037737884
977,2.0571022251290523,1.0932723330554641,0.17881691282063278,0.01022577547916703,0.7747872037737884
978,2.0571022251290523,1.0932723330554641,0.17881691282063278,0.01022577547916703,0.7747872037737884
979,2.0571022251290523,1.0932723330554641,0.17881691282063278,0.01022577547916703,0.7747872037737884
980,2.0571022251290523,1.0932723330554641,0.17881691282063278,0.01022577547916703,0.7747872037737884
981,2.0571022251290523,1.0932723330554641,0.17881691282063278,0.01022577547916703,0.7747872037737884
982,2.0571022251290523,1.0932723330554641,0.17881691282063278,0.01022577547916703,0.7747872037737884
983,2.0571022251290523,1.0932723330554641,0.17881691282063278,0.01022577547916703,0.7747872037737884
984,2.0571022251290523,1.0932723330554641,0.17881691282063278,0.01022577547916703,0.7747872037737884
985,2.0571022251290523,1.0932723330554641,0.17881691282063278,0.01022577547916703,0.7747872037737884
986,2.0571022251290523,1.0932723330554641,0.17881691282063278,0.01022577547916703,0.7747872037737884
987,2.0571022251290523,1.0932723330554641,0.17881691282063278,0.01022577547916703,0.7747872037737884
988,2.0571022251290523,1.0932723330554641,0.17881691282063278,0.01022577547916703,0.7747872037737884
989,2.0571022251290523,1.0932723330554641,0.17881691282063278,0.01022577547916703,0.7747872037737884
990,2.0571022251290523,1.0932723330554641,0.17881691282063278,0.01022577547916703,0.7747872037737884
991,2.0571022251290523,1.0932723330554641,0.17881691282063278,0.01022577547916703,0.7747872037737884
992,2.0571022251290523,1.0932723330554641,0.17881691282063278,0.01022577547916703,0.7747872037737884
993,2.0571022251290523,1.0932723330554641,0.17881691282063278,0.01022577547916703,0.7747872037737884
994,2.0571022251290523,1.0932723330554641,0.17881691282063278,0.01022577547916703,0.7747872037737884
995,2.0571022251290523,1.0932723330554641,0.17881691282063278,0.01022577547916703,0.7747872037737884
996,2.0571022251290523,1.0932723330554641,0.17881691282063278,0.01022577547916703,0.7747872037737884
997,2.0571022251290523,1.0932723330554641,0.17881691282063278,0.01022577547916703,0.7747872037737884
998,2.0571022251290523,1.0932723330554641,0.17881691282063278,0.01022577547916703,0.7747872037737884
999,2.0571022251290523,1.0932723330554641,0.17881691282063278,0.01022577547916703,0.7747872037737884
1000,2.0571022251290523,1.0932723330554641,0.17881691282063278,0.01022577547916703,0.7747872037737884
