step,total,pde,ic,inlet,outlet
1,1.3678146288660005,0.09983625073460985,0.6847522927490576,0.06343543715899563,0.5197906482233374
2,1.3678146288660005,0.09983625073460985,0.6847522927490576,0.06343543715899563,0.5197906482233374
3,1.298432962523947,0.09502725608903798,0.6521515741332488,0.0685913165228608,0.4826628157787995
4,1.2225619797492135,0.09386854547842746,0.6153671381532262,0.07662169997093866,0.43670459614662105
5,1.1397121785149935,0.09010378559408767,0.5740497721805752,0.08536511706415233,0.3901935036761783
6,1.0503557449214618,0.08299539898500612,0.528347129233384,0.09454545693016041,0.3444677597729114
7,0.9561297111272864,0.07346804409206661,0.47838290450206716,0.10468103698914762,0.299597725544005
8,0.8595861211529204,0.06281146346674277,0.4247017092659828,0.116108185992751,0.2559647624274439
9,0.7640767407895153,0.052320060227554095,0.36818483182712647,0.1290959338996935,0.2144759148351411
10,0.6736447258920377,0.04310996250119909,0.310114683250341,0.1439252603574446,0.17649481978305298
11,0.592562819448204,0.03620861469874281,0.25238401384143344,0.16058568135320267,0.14338450955482512
12,0.5244069068459667,0.032246006297730105,0.19770656940592954,0.17840468007107435,0.11604965107123272
13,0.47117111566427616,0.031317729891182616,0.14899656775922235,0.19646521587685645,0.09439160213701475
14,0.43269981565679716,0.032930801902455,0.10877457939008461,0.21353172377475677,0.07746271058950079
15,0.4066217281186109,0.03616018766697375,0.07823882968419467,0.2280559964885873,0.06416671427885517
16,0.3889656480445353,0.039919867604077425,0.05677330919544973,0.23869848747872066,0.05357398376628745
17,0.3754954146828952,0.0431696049496917,0.04247740666787146,0.24484893947178016,0.04499946359355187
18,0.36300963683361287,0.04521812760622313,0.03321706536354767,0.24659943467869136,0.037975009185150725
19,0.34975018421212134,0.04585834878904883,0.02729253967117594,0.2444115754766824,0.03218772027521418
20,0.3350727513172704,0.045238904107196956,0.02355938516532677,0.23885748096419307,0.02741698108055359
21,0.3189710819026872,0.04367563060183744,0.02130610723090136,0.23049398438304977,0.023495359686898632
22,0.30173936317408395,0.04152076321963018,0.02010729247138895,0.21982344687398492,0.02028786060907987
23,0.2837943606315943,0.039096794511467345,0.019715550117033076,0.20730261339754688,0.017679402605547023
24,0.2655976312056093,0.03667345416288085,0.01999222779475578,0.1933636359817767,0.015568313266196015
25,0.24762187533985458,0.034465351919559496,0.02086449437970304,0.17842744335106747,0.013864585689524592
26,0.23032813902573535,0.032634593833792226,0.02229782465067498,0.16290596879692698,0.012489751744341167
27,0.2141418456042468,0.031290364214537576,0.02427603100008511,0.14719918822910685,0.01137626216051727
28,0.1994251319812822,0.030486500206471964,0.026784584945258736,0.13168766256239173,0.010466384267159793
29,0.18644859947926182,0.03022198574383313,0.02979562030047792,0.11671997605294501,0.009711017382005747
30,0.1753679559053477,0.030445904414774922,0.033254454339982975,0.1025992124110027,0.009068384739587095
31,0.16620845754078933,0.031064747041154306,0.03706834959970674,0.0895728318906529,0.008502529009275396
32,0.1588615520994281,0.031953492708770306,0.041101849257658224,0.07782360184684173,0.007982608286157817
33,0.1531012452268718,0.03297228444185181,0.045183571958222764,0.06746182438276677,0.007483564444030449
34,0.14861863868395656,0.033988325250867785,0.049119770201328926,0.058523359154619294,0.006987184077140562
35,0.14506448996236793,0.0348960459875729,0.052709871471699456,0.050975623339948914,0.006482949163146676
36,0.14209209144294027,0.03562840469790026,0.05576430142172151,0.044731066191644415,0.005968319131674095
37,0.13939391555982553,0.036157568909080534,0.05812278950166815,0.03966571041330607,0.005447846735770747
38,0.13672614228777227,0.03648699269340885,0.05966899735667501,0.03563914089918884,0.004931011338499586
39,0.13391873788660566,0.03663944205235067,0.06033809861488966,0.03251180268114856,0.004429394538216779
40,0.13087331380884182,0.03664519828494769,0.060117226577789756,0.030156787262085587,0.0039541016840187624
41,0.12755358491362834,0.036532783768001835,0.059041151454693755,0.0284656405157443,0.0035140091751884642
42,0.12397296091538271,0.03632298577276845,0.05718565162625862,0.027349378950542763,0.00311494456581288
43,0.1201820773758317,0.03602617386791158,0.05466001896071246,0.026736263348924275,0.0027596211982833995
44,0.11625741499048493,0.035642584782517625,0.05159924597035423,0.026567516757305114,0.002448067480307974
45,0.11229119734960474,0.03516528323266825,0.04815586536461673,0.026791755189523803,0.002178293562795966
46,0.10838240423711354,0.03458564361812522,0.04449112712058746,0.027358643048311183,0.001946990450089672
47,0.1046282834531677,0.03390054703570539,0.040765547366492585,0.028212030957771993,0.0017501580931977192
48,0.10111515776088764,0.03311925807416075,0.03712957373911749,0.029282709626286103,0.0015836163213233097
49,0.0979077374660154,0.03226758079038552,0.033715351549110505,0.03048144600063214,0.0014433591258872361
50,0.09503834013477473,0.03138783380028567,0.03063008442013013,0.031694680189759565,0.0013257417245993515
51,0.09250044400104626,0.030534456713928182,0.027951185800576612,0.03278726498049532,0.001227536506046154
52,0.09025180180150552,0.029766025458096115,0.025724107252062256,0.0336157543429584,0.0011459147483887373
53,0.08822863181367471,0.029135358689670193,0.023963996579551915,0.0340508786508127,0.0010783978936399056
54,0.08636624999466481,0.028679937326692828,0.02266097757201921,0.034002535384811315,0.0010227997111414621
55,0.08461732568400758,0.028414604939210403,0.02178736819403925,0.033438182115538756,0.0009771704352191666
56,0.08295997182051655,0.028327665476007565,0.021304570066350337,0.032387988294711546,0.0009397479834470997
57,0.08139361455354455,0.028380745170860797,0.02116770658388695,0.030936249354161956,0.0009089134446348459
58,0.07992683740816839,0.02851289094937521,0.021327363079183436,0.029203431371089245,0.0008831520085205015
59,0.07856460240602686,0.028649691506352486,0.02172916533021263,0.02732471338941626,0.0008610321800454933
60,0.07730116291693946,0.02871694584896975,0.022312614944400542,0.02543038510432892,0.0008412170192402582
61,0.07612067169188881,0.028655759311302938,0.02301064730473663,0.023631756521686535,0.000822508554162717
62,0.07500332964066468,0.02843453602177867,0.023751072057222877,0.02201381020401723,0.0008039113576459084
63,0.07393321862654934,0.02805429044683535,0.02446025931243292,0.020633975235913496,0.0007846936313675665
64,0.07290421277269575,0.027545942333745594,0.025068463031573368,0.019525379715356648,0.000764427692020154
65,0.07192163593540546,0.026960591546395764,0.025515768876274814,0.018702274018080767,0.0007430014946541105
66,0.0709990503112658,0.02635537127053995,0.025757723562616634,0.018165358625732916,0.0007205968523762942
67,0.07015160780490828,0.025778679481536598,0.02576978411818625,0.01790551891175403,0.0006976252934314063
68,0.06938913758896757,0.02525932890046923,0.025549865412532714,0.017905313022395508,0.000674630253570115
69,0.06871060281464123,0.024801646929148193,0.025118552737249795,0.018138197027555723,0.0006522061206875002
70,0.06809955946109367,0.02438571945960182,0.02451663333181548,0.018566253471325626,0.0006309531983507361
71,0.06752252747302197,0.023973232805372405,0.02379986123752227,0.019137995154708324,0.0006114382754189775
72,0.06693316497621153,0.02351913668480599,0.023031643144750032,0.019788233420566535,0.0005941517260889725
73,0.06628257623304186,0.022986401191501155,0.022275090698389653,0.02044161131518126,0.0005794730279697873
74,0.06553245657539693,0.022358667329700228,0.021586163190245877,0.021019971736392164,0.0005676543190586517
75,0.06466624528066528,0.021646131221887705,0.021009044322113906,0.02145224908206065,0.0005588206546030199
76,0.06369504666739123,0.020883431240567477,0.020573877114442366,0.02168476119208569,0.0005529771202956934
77,0.0626571990474965,0.02012138284148764,0.020296247237296713,0.021689556927171134,0.0005500120415410276
78,0.06161140989049884,0.019415263132242688,0.020177524444159024,0.021468934005143436,0.0005496883089536939
79,0.060623967572370485,0.018811758227119293,0.02020527707305321,0.021055313971697822,0.0005516183005001578
80,0.059751545056083176,0.018336090064133316,0.02035344979358916,0.020506781679775803,0.0005552235185848984
81,0.059022940307819655,0.0179812473780679,0.02058280943845902,0.019899191860993946,0.0005596916302987902
82,0.05842576096796878,0.0177029111674522,0.02084310557828385,0.019315781575212566,0.0005639626470201719
83,0.05790605451218548,0.017425160978045764,0.02107873638532812,0.018835365582256715,0.0005667915665548812
84,0.05738605285299039,0.017059697171006964,0.02123829954217904,0.01852113877946511,0.0005669173603392696
85,0.0567949824929038,0.01653329822594595,0.02128539987809438,0.018412981735087305,0.000563302653776168
86,0.05609760477591287,0.015811130972685297,0.021206411298311138,0.018524715892301674,0.0005553466126147612
87,0.05530621973349525,0.01490603073600642,0.021012787189748975,0.018844415760168886,0.0005429860475709603
88,0.054472555521317786,0.013872843343949278,0.020738712537179415,0.0193343307244681,0.0005266689157209926
89,0.053664982099188956,0.01279277293711686,0.020436157482461977,0.019928815027175344,0.0005072366524347713
90,0.05293981183976031,0.011753086583189033,0.02016855307167713,0.020532412353148215,0.00048575983174592885
91,0.05231686678603715,0.01082640906548376,0.020002850580287303,0.021024249827843188,0.0004633573124228949
92,0.051770984604555176,0.010054364879114744,0.019999026008449338,0.02127657685768077,0.0004410168593103185
93,0.05124765647333668,0.009441757705710494,0.020197309543356308,0.02118915001622078,0.0004194392080490987
94,0.050696273717268404,0.008965106338730818,0.02060602082579286,0.020726203614837006,0.0003989429379077132
95,0.050097934607415115,0.008590970447083882,0.021193629486236713,0.019933872534245983,0.00037946213984853375
96,0.049468091458407824,0.008293028273736262,0.021886830723389004,0.018927601952071597,0.0003606305092109563
97,0.048836551271011656,0.008059818582457884,0.022576032764228905,0.017858784471281433,0.0003419154530434337
98,0.04822378712463681,0.007892208516400476,0.023130770135178034,0.0168780392430792,0.000322769229979096
99,0.04763049886993848,0.007794049209108252,0.023425145800991882,0.01610852824432282,0.00030277561551552546
100,0.047044484278193965,0.007761443829074158,0.023367387497870182,0.015633882540796232,0.00028177041045339293
101,0.04645737723232968,0.007776743027299213,0.022923827315013058,0.015496897106959279,0.00025990978305812557
102,0.045879368311351934,0.007811345791199683,0.022129642506124123,0.01570071492942002,0.00023766508460810762
103,0.04552619759835436,0.007838604934983718,0.021552242793616894,0.01591156904377548,0.00022378082597826753
104,0.045181808340350946,0.007843493209501687,0.020857188437366336,0.01627117019798094,0.00020995649550198614
105,0.044854514373012425,0.00781714810403073,0.020106181804417953,0.016734664828214778,0.00019651963634896498
106,0.044548693233986116,0.007760253826994135,0.01937042828323753,0.017234213312727297,0.00018379781102715448
107,0.04425919594337864,0.007682519775341055,0.018722309184505445,0.01768228384937741,0.00017208313415473226
108,0.0439705702064318,0.007599323976429372,0.018225609917269733,0.01798403766840138,0.0001615986443313162
109,0.04366396944330332,0.0075266102930031725,0.01792541656395391,0.018059471418553033,0.00015247116779320717
110,0.043328750202469096,0.007475957378452966,0.017841006728916836,0.01786706436038892,0.0001447217347103762
111,0.04297050244401692,0.0074516372554126005,0.017963557015713266,0.017417029097119674,0.00013827907577138282
112,0.042609075093135336,0.007450208913345039,0.01825685237161036,0.016769005906872553,0.00013300790130738637
113,0.042267150052938504,0.007461898870733802,0.018659212125278345,0.01601730045539937,0.0001287386015269825
114,0.04195613053509797,0.00747283928204599,0.01908794800713653,0.015270052367012418,0.00012529087890302928
115,0.04166832785991088,0.0074677798581635315,0.019449741780714624,0.014628314860573994,0.00012249136045873108
116,0.04138131583446637,0.007433157589676408,0.019657967677263695,0.0141700026795954,0.00012018788793086542
117,0.04107232703430995,0.007360050603368556,0.019652000990927527,0.013942013867010562,0.00011826157300330698
118,0.04073331487215371,0.007246204693529,0.019410645195834568,0.013959829298832762,0.00011663568395737962
119,0.04037736512847493,0.007096718491770776,0.018955411808982185,0.014209955500899207,0.00011527932682276615
120,0.040033249025340584,0.006923658603728764,0.018344928506472635,0.014650457852067053,0.00011420406307212816
121,0.0397310655079921,0.006744892961588041,0.017664091605190838,0.015208628605562043,0.00011345233565118273
122,0.03948573242189383,0.006581756081527011,0.01701015814535735,0.015780742451819908,0.00011307574318956447
123,0.03928751007418348,0.0064547241151599105,0.01647597063883354,0.016243714717291313,0.00011310060289871767
124,0.03910751206682391,0.006377273823984803,0.01613151910434185,0.016485235594156274,0.00011348354434097861
125,0.03891624440200324,0.006350556555314834,0.016009113189701846,0.016442502366800067,0.00011407229018649506
126,0.03870059165170785,0.006362697636031082,0.01609813880514732,0.016125159919466343,0.00011459529106309622
127,0.03846627744290018,0.006394090562734365,0.016349340595770697,0.015608148693282068,0.00011469759111305305
128,0.03822758748152667,0.006426134582725509,0.01668441469978686,0.015003015129547726,0.00011402306946657927
129,0.037995141588690814,0.0064485178217660675,0.017009213053124105,0.01442508953761028,0.0001123211761903685
130,0.03776985887873794,0.006460704952400136,0.017231381700849493,0.013968236795561143,0.00010953542992716417
131,0.037544783602752145,0.006467222593453414,0.01728102930693538,0.013690702487244381,0.0001058292151189699
132,0.03731192054039947,0.006471417511995491,0.017128513181669077,0.013610454737426409,0.00010153510930848866
133,0.0370693607887353,0.006473697002243411,0.016791699830479515,0.01370690778923717,9.705616677520919e-05
134,0.03682444352279674,0.006475802005649631,0.01632916062706272,0.013926715241097532,9.276564898685834e-05
135,0.036591396747476,0.006486472966584566,0.015822783260630628,0.014193202241968982,8.893827829182407e-05
136,0.036384999917338845,0.0065213360630034575,0.015356796590106815,0.014421146729157105,8.572053507147001e-05
137,0.036213050242801276,0.00659293977210906,0.014998974259703682,0.01453800575675544,8.313045423309711e-05
138,0.03607020230768323,0.006694856779065754,0.014787179434469227,0.014507089960567269,8.107613358098137e-05
139,0.03593719267266983,0.006793538737144083,0.014723496747712608,0.014340763237372534,7.939395044060723e-05
140,0.03579079608781598,0.0068423637184643615,0.014778669894535808,0.014091848279963041,7.791419485277068e-05
141,0.035620707275137074,0.006810725587418743,0.01490589377345452,0.013827554526123897,7.653338813991158e-05
142,0.03543689207662488,0.006700190244282922,0.015056776393453979,0.01360467770866693,7.52477302210429e-05
143,0.03525937222390449,0.006535834738956236,0.015193437101695214,0.013455964213504189,7.413616974885046e-05
144,0.035100396720172365,0.006346362854484501,0.015295160362756674,0.013385559422128875,7.331408080231759e-05
145,0.0349546005225249,0.006151037051286008,0.015358459601500856,0.01337222740452691,7.28764652111289e-05
146,0.03480649045798387,0.005961849259460444,0.015389267317052958,0.013382529271043794,7.284461042666791e-05
147,0.03464857856606963,0.005794144825640251,0.015390491424033792,0.013390811518389603,7.313079800598699e-05
148,0.03448943027034586,0.005668935431746698,0.015353256747796636,0.01339370842667914,7.352966412338196e-05
149,0.03434074119213368,0.0055992877337055465,0.015258106540773595,0.013409605760070633,7.374115758390928e-05
150,0.03419888305245404,0.005575185628204656,0.015087741333322751,0.013462507951479009,7.3448139447622e-05
151,0.03404661682015624,0.005570735540209726,0.014847026820768577,0.013556394981252308,7.245947792563213e-05
152,0.0338750287874978,0.0055724900085628954,0.014574140109375362,0.013657573311145194,7.082535841434124e-05
153,0.03369545990411191,0.005594733593803956,0.01432955362443876,0.013702361609049208,6.88110768199818e-05
154,0.0335278476215614,0.00566269855460027,0.014170615448174226,0.013627763547158146,6.677007162875475e-05
155,0.03338254387845139,0.005781191749623392,0.014125078155124345,0.013411257214874014,6.501675882963784e-05
156,0.033253639605266366,0.005917984494778027,0.014172473286848413,0.013099438375830807,6.374344780912405e-05
157,0.03312482477785619,0.006016429656279472,0.014245738115919034,0.012799659372841228,6.299763281646409e-05
158,0.03297978408735635,0.006024889413545432,0.01426387014005172,0.012628305650863914,6.271888289528382e-05
159,0.03281342542965813,0.005919820108480151,0.014181701651683202,0.012649101930298319,6.280173919645566e-05
160,0.032636283101539,0.005711379657366822,0.01402047996737431,0.012841275436524685,6.314804027318484e-05
161,0.032463932738339946,0.005437055982888889,0.013860706578479895,0.01310248156869754,6.368860827361905e-05
162,0.03230098974037466,0.005149524628927885,0.013804703021556088,0.01328239254292153,6.43695469691618e-05
163,0.03214026205713053,0.004897540938420437,0.013922619158574819,0.013254987647647066,6.511431248821414e-05
164,0.031978455808018745,0.00470663716598378,0.014205390979999332,0.013000638829705216,6.578883233041942e-05
165,0.03182051758311064,0.0045753498148551714,0.014553539183362177,0.012625422821722047,6.620576317125153e-05
166,0.0316644187889025,0.004487116029448763,0.014813822409078603,0.012297291536692127,6.618881368300393e-05
167,0.03149861335857203,0.004425122482866589,0.014858137103951993,0.01214968137251156,6.567239924188484e-05
168,0.03132220341372397,0.004382101001641693,0.014660148317472404,0.012215196115028217,6.47579795816604e-05
169,0.031152324174013573,0.0043621770817842565,0.014307833251287736,0.012418637639259624,6.367620168195547e-05
170,0.03100439622580623,0.004374092654189353,0.013951878329188117,0.01261573613865037,6.26891037783938e-05
171,0.03087490602297252,0.004414726027382849,0.013725018410283315,0.012673179185595138,6.19823997112174e-05
172,0.030747943756271597,0.004451839683318052,0.013671628140941824,0.01256288086888228,6.159506312943912e-05
173,0.03061079379196432,0.004434508469887676,0.013738887632057339,0.012375954481668467,6.144320835083766e-05
174,0.030465364365560802,0.004336679337691154,0.013835603667489631,0.012231657824298359,6.142353608165832e-05
175,0.030327829518485963,0.004181780194797018,0.01390029710360738,0.012184260934452617,6.149128562894835e-05
176,0.0302082152473842,0.0040205020506769345,0.01392666658050456,0.012199396162013921,6.165045418878219e-05
177,0.030096310023044744,0.0038974366520852493,0.013934688515054782,0.012202319964544198,6.186489136051585e-05
178,0.029980577791892324,0.0038371137327422263,0.013914859638211529,0.0121666548582355,6.194956270307053e-05
179,0.029861022025903818,0.0038386622245302057,0.013815438598164923,0.012145348576681425,6.157262652726419e-05
180,0.029734236338834066,0.003873516227255989,0.013599559864988727,0.012200717887140744,6.04423594486077e-05
181,0.02959640889440058,0.003915428825323674,0.013315228475107356,0.012307181186267257,5.8570407702289934e-05
182,0.029454912625993687,0.003971358562332788,0.013087506549315066,0.012339730631410141,5.6316882935690795e-05
183,0.0293170197775466,0.004052230615651612,0.013022823685964068,0.012187812071990147,5.41534039407742e-05
184,0.029181576569015058,0.004123578768269493,0.01310866631184922,0.011896948216719078,5.238327217726816e-05
185,0.029038172103411888,0.004112802850934536,0.01320760050853661,0.011666727280190513,5.104146375023163e-05
186,0.028877464315523554,0.00397739281289091,0.013188530788924449,0.01166152880736607,5.001190634212665e-05
187,0.028714107300990332,0.003755516008773122,0.013067064539356977,0.011842349078071263,4.917767478896787e-05
188,0.02856614932160971,0.0035372774557736763,0.012981569438082092,0.011998870938983858,4.8431488770083574e-05
189,0.028425790513437323,0.003392201677434069,0.013037404515398808,0.011948603663895142,4.7580656709303204e-05
190,0.028279547701976254,0.0033231426350894544,0.013177689854778856,0.011732364753715308,4.635045839263349e-05
191,0.028125765275636413,0.0033013480227072987,0.013244538574102828,0.011535274805002372,4.460387382391544e-05
192,0.0279724585723218,0.003315320095683258,0.013144962645316963,0.011469659674047025,4.251615727455332e-05
193,0.027823323742652756,0.0033629093478529555,0.012930872196466778,0.011489083231667972,4.045896666504837e-05
194,0.027674116070183108,0.0034250388304662613,0.012711674734638453,0.011498682384937434,3.8720120140958924e-05
195,0.027527518431346137,0.0034613477058544856,0.012529095687037042,0.011499738238803365,3.733679965124326e-05
196,0.027379518930887952,0.003422344903681084,0.012371284508380964,0.011549717235320832,3.617228350507069e-05
197,0.027226438375812075,0.003314457076341077,0.01227473198577408,0.011602142921557012,3.5106392139905284e-05
198,0.027080763961089344,0.003215389456797149,0.012305454417499851,0.01152581657730564,3.4103509486702076e-05
199,0.02694796669997351,0.0031781981483804444,0.012415928612845045,0.01132072269760159,3.311724114643021e-05
200,0.026814393203631427,0.0031774140191913342,0.012407665754653744,0.011197293015751715,3.202041403463507e-05
201,0.0266715599954777,0.0031746106017553244,0.012160691995207919,0.011305530380618715,3.0727017895745154e-05
202,0.026535755849365048,0.003188645470672225,0.011828626224368843,0.01148916357322024,2.932058110373592e-05
203,0.02645013234971393,0.0033099745394389872,0.011714287009665834,0.01139743176088737,2.8439039721737072e-05
204,0.02635948779753813,0.0033480648798665134,0.011634701998714529,0.01134922072713145,2.7500191825633416e-05
205,0.026258379154398798,0.0032663424955486804,0.011566911935372175,0.011398555915286351,2.6568808191592202e-05
206,0.026159517330552936,0.0031588590888892965,0.011642507981044088,0.011332327953962173,2.5822306657377427e-05
207,0.026059995687577543,0.003069945978411275,0.011845770409245808,0.011118972943068387,2.530635685207436e-05
208,0.025961254437775163,0.002955610896110501,0.011917700593919387,0.011063099503171825,2.4843444573449203e-05
209,0.02586577658215477,0.002823629524984464,0.01176222401596942,0.011255678422032057,2.4244619168827328e-05
210,0.025768194907494116,0.002765141939890221,0.01161152158530064,0.011368043824461332,2.3487557841921572e-05
211,0.025658157959324506,0.0028139786209155724,0.011619058820735405,0.011202485093666024,2.2635424007505514e-05
212,0.025553355801124875,0.002897967580510684,0.011642413818920063,0.01099124082257154,2.1733579122587007e-05
213,0.025456583078037286,0.002921959781496811,0.011508621962785352,0.011005122842078772,2.087849167634929e-05
214,0.025355898699612932,0.002898365139376956,0.011354041169274857,0.011083251673771765,2.0240717189354955e-05
215,0.025249256699114722,0.0028748551158434034,0.011349876461153065,0.011004662734701702,1.9862387416552093e-05
216,0.02514881275540276,0.00280661245163258,0.011378098123006738,0.010944534621817614,1.9567558945830163e-05
217,0.025050301429455486,0.0026788099527914663,0.011351786998057669,0.011000525164198754,1.917931440759315e-05
218,0.02495473690915397,0.002608735976676661,0.011418498635611861,0.01090879140866797,1.8710888197476734e-05
219,0.02485923331801739,0.0026334548476979625,0.011540270851794848,0.010667311662479403,1.8195956045180388e-05
220,0.02475530556470171,0.0026501281364885334,0.011419397479491228,0.010668194516428043,1.7585432293905407e-05
221,0.024650034231123105,0.002643463559371811,0.011115822608666994,0.01087381370773787,1.693435534642895e-05
222,0.024550705848458327,0.002686693841072209,0.010976421528106897,0.010871237379517618,1.6353099761603618e-05
223,0.02444718263055115,0.002698962384177403,0.01097077101229767,0.010761653326054086,1.5795908021990924e-05
224,0.02433781279554376,0.0026018654104116475,0.01093687267562233,0.010783843337854742,1.5231371655042242e-05
225,0.024233653756131852,0.0025150178771470707,0.011013427476833676,0.010690435653011048,1.477274914005882e-05
226,0.02413052273483369,0.0024607296386863257,0.01110219646583409,0.010553190085777321,1.4406544535953115e-05
227,0.024026267956088282,0.002374688118229106,0.010938705667898462,0.010698886868772376,1.3987301188336494e-05
228,0.023919804699254168,0.0023606127744129355,0.010787739382563511,0.010757936728868213,1.3515813409509292e-05
229,0.023809681678314966,0.002433821542746426,0.010775950059029786,0.010586891495982438,1.3018580556313503e-05
230,0.023705277240195426,0.0024485929754044593,0.010645246681045158,0.010598940497492396,1.2497086253411212e-05
231,0.023599557766595416,0.0024286404562686983,0.010544750063350485,0.010614079945767897,1.2087301208336213e-05
232,0.023488295471062536,0.0024031315744943898,0.010578359146806103,0.01049499536603696,1.1809383725081308e-05
233,0.023380995124177684,0.0022737909124069438,0.010485388131814127,0.010610312533979269,1.1503545977343861e-05
234,0.023273662771560025,0.002225194701799762,0.010585274797850467,0.010452019264989822,1.1174006919975615e-05
235,0.023167096466284808,0.002208818572313648,0.010628287850447633,0.010319214565818939,1.0775477704589076e-05
236,0.02305883717414068,0.002178848468594184,0.010458963382191854,0.010410661662840284,1.0363660514356508e-05
237,0.022951675223210583,0.002235088903687161,0.010417210443868894,0.010289320579764939,1.0055295889590693e-05
238,0.02284778420016926,0.002159326718004844,0.010185369964587606,0.010493348659438812,9.738858137996488e-06
239,0.02273573522614336,0.0021639301871561574,0.010354015977529902,0.010208269501161748,9.519560295552694e-06
240,0.02262491661797539,0.002029033598287878,0.010315123199850982,0.010271475749532822,9.284070303710429e-06
241,0.022514434874790913,0.0020080443905969108,0.010457925657836641,0.010039312282334997,9.152544022362225e-06
242,0.022402639724571956,0.0019143834797464778,0.01023191118533996,0.010247384464708548,8.960594776971207e-06
243,0.022289366921680178,0.001982911782497979,0.01023481077280349,0.01006288051441722,8.763851961487793e-06
244,0.022178153628565095,0.001955833605639851,0.01000034572548821,0.01021351867289715,8.455624539883598e-06
245,0.022070559810317587,0.0020377613218732385,0.010113876224929272,0.009910660282212566,8.26198130251022e-06
246,0.021961619981375826,0.001842173380770149,0.009777051532447845,0.01033435566938201,8.03939877582215e-06
247,0.021860131735524112,0.0019635078339358,0.01025778185956137,0.009630846036194718,7.996005832221922e-06
248,0.021747209013056185,0.0016994657437536774,0.009824120960761509,0.010215951250782767,7.671057758230305e-06
249,0.021628406099907235,0.0017872242687555803,0.010094519307406916,0.009739172192980285,7.4903307644526784e-06
250,0.021526397949672926,0.0018682369029023715,0.010159945651478337,0.009490920781121431,7.294614170787917e-06
251,0.021428690855560942,0.0016948275129798122,0.009579779944399323,0.010147092599140591,6.9907990412146986e-06
252,0.02131198648671133,0.001823616299318841,0.009875009781300787,0.009606511607079775,6.848799011926671e-06
253,0.021209025859654358,0.001833430947595222,0.00998982885611217,0.009379127066204843,6.638989742120928e-06
254,0.0211167431509966,0.0016568658732938454,0.009613084259910724,0.009840425872920866,6.367144871166226e-06
255,0.021001365044669203,0.0017653250262615638,0.0099044145188396,0.009325359698973424,6.265800594613274e-06
256,0.020901005322961134,0.0017865662582633294,0.009819312549180788,0.009289034584965475,6.091930551542947e-06
257,0.02080754860346389,0.0016844486872185764,0.00938287051325843,0.009734404708205531,5.824694781347255e-06
258,0.020700419192915927,0.0018379357579847802,0.009731652238342447,0.00912513832867575,5.692867912950371e-06
259,0.0206000781478422,0.0017978331987641954,0.009685789991818877,0.009110915693944214,5.539263314914214e-06
260,0.020514365046694894,0.0016420401445546523,0.009364785321785746,0.00950217631431459,5.363266039906092e-06
261,0.02041393817031973,0.001736364101420656,0.009751467230307303,0.008920841626966054,5.2652116257187915e-06
262,0.020312359239159944,0.001705721357400081,0.0096550940072642,0.008946485143326806,5.058731168856014e-06
263,0.020227168470643438,0.0016566834147705679,0.009333692033548491,0.009231952447645,4.840574679380264e-06
264,0.02013209225225301,0.001809634136268056,0.009609726163235811,0.008707995930954495,4.736021794650108e-06
265,0.020032696764459904,0.0016987687316087398,0.009290585761029669,0.009038780896789117,4.5613750323759405e-06
266,0.019939876072284864,0.0016414379925417926,0.009297057543789384,0.008996982669300962,4.397866652726056e-06
267,0.019859622757029797,0.001710440813039499,0.009714849806843218,0.008430050714863475,4.2814222836009595e-06
268,0.01976461052832478,0.00153541748399372,0.009316557547322284,0.008908530348117531,4.105148891244596e-06
269,0.019667652445212118,0.001575098892752203,0.00942573405637784,0.008662821160194975,3.9983358870993804e-06
270,0.01958323208433368,0.0016359940227310143,0.009501582414903838,0.008441795513733516,3.860132965311922e-06
271,0.01950720182242129,0.0015388914655180771,0.009141325675441209,0.008823301144296233,3.6835371657722785e-06
272,0.01941603430300563,0.0016228295250171987,0.009546091876329977,0.008243490782558288,3.62211910016432e-06
273,0.019324689984140178,0.0014862995618627492,0.009317181288447347,0.008517682574004938,3.526559825143476e-06
274,0.019244402094053096,0.0014470418281962243,0.009301984261818622,0.008491951430468117,3.424573570133613e-06
275,0.019168735241190712,0.0015469019990957645,0.009591263553788682,0.008027244315677109,3.325372629153887e-06
276,0.019089546684083972,0.0014567680260087767,0.009113033964704918,0.008516564406661613,3.180286708664776e-06
277,0.01900097588884664,0.001553121868263539,0.009379772917286349,0.00806495081927447,3.1302840222818042e-06
278,0.018915249006350884,0.0014835931033515624,0.00921463992286062,0.008213979165897084,3.036814241620823e-06
279,0.018838343781174858,0.0014278943957725869,0.009203828508254281,0.008203677918814085,2.9429583339056857e-06
280,0.01877375990142262,0.0014863864179810807,0.009604317614532641,0.007680155313126671,2.9005557822290328e-06
281,0.018700939236483128,0.0013523767369455113,0.009110979699800069,0.008234766926264344,2.8158734732026406e-06
282,0.018614800689213198,0.001444880968007672,0.009407383148704167,0.007759745774917096,2.7907975842600956e-06
283,0.018530887778672362,0.0014551642842933938,0.009266965039084996,0.0078060577435145806,2.7007117793903127e-06
284,0.018476771808925468,0.0014312040132256685,0.009008779480321897,0.008034170106417576,2.6182089603285235e-06
285,0.01841696628888427,0.001517109577468031,0.009488917319320826,0.007408311382231245,2.6280098641678687e-06
286,0.018349160617775168,0.0013272576422808302,0.008946183044938563,0.008073148237772559,2.571692783214216e-06
287,0.01825323291624529,0.0013332316541234718,0.009269565300756453,0.007647891656950178,2.5443044151884305e-06
288,0.018210153811209755,0.001412847294898182,0.00952099953043352,0.0072738179302628955,2.489055615154687e-06
289,0.01816529312856412,0.0013153288867081123,0.00886978330437117,0.007977777108183527,2.403829301310361e-06
290,0.01806686282600543,0.0013751558609711128,0.009231799706696178,0.0074574787916127094,2.428466725430634e-06
291,0.018013709928313974,0.0013635620854327893,0.009219033150732239,0.007428706724345623,2.407967803322073e-06
292,0.01797213234973443,0.0012507599757032761,0.008800246086102853,0.007918795017448238,2.3312704800621045e-06
293,0.01789004621527381,0.0012945402843897158,0.009273162950087318,0.007320012221440133,2.3307593566452055e-06
294,0.017831605101568976,0.0012668429646390759,0.00927215941070916,0.007290272341484098,2.3303847366389253e-06
295,0.017797967804557644,0.001175991341110039,0.008749113263646196,0.00787056207204565,2.3011277557571245e-06
296,0.017711728092661763,0.001237552633094663,0.008996312292327786,0.007475559444987611,2.3037222517041334e-06
297,0.017671997281824253,0.0013061173105158338,0.009123674090289394,0.007239934592443232,2.2712885757950073e-06
298,0.017639285539795393,0.0011993199102094817,0.008635228471300826,0.007802525119772804,2.2120385122825563e-06
299,0.017544589528560632,0.0011949269084082373,0.008993241485656063,0.007354177171221535,2.2439632747985606e-06
300,0.017515200779546325,0.0011927564147071479,0.009114038274299095,0.007206152438327328,2.253652212752285e-06
301,0.017469328273541276,0.0010858976377650356,0.008676275437226013,0.007704962007886028,2.193190664200198e-06
302,0.017391235674545164,0.001144030431401544,0.008925756375960457,0.007319275575848764,2.1732913344003367e-06
303,0.017377390410325252,0.001204489454541963,0.008973657022347894,0.0071970881048213945,2.155828614000161e-06
304,0.017340512849255925,0.0011497590163677145,0.008645961210596752,0.007542658946338828,2.133675952628968e-06
305,0.017317202444160417,0.0011452534495922189,0.008587965564933641,0.007581848083668421,2.135345966139159e-06
306,0.017294420290814638,0.0011896213642192048,0.008830318387294598,0.0072723352801817775,2.1452591190583543e-06
307,0.017255301824557794,0.0011449849551275581,0.008814333734245096,0.007293866339657194,2.1167955279472143e-06
308,0.01723393964224327,0.0010834809230812206,0.008658879159123637,0.007489510598173988,2.068961864422936e-06
309,0.017200024751962147,0.001089846784078255,0.008828354039459288,0.007279773446327229,2.0504820973737087e-06
310,0.017178449748070954,0.0011124145881033225,0.008970765620988138,0.007093221022208673,2.0485167708226477e-06
311,0.01713888602661179,0.0010489937159853914,0.008696878821080134,0.0073909817393168955,2.031750229367685e-06
312,0.017115002296335818,0.0010479576340272337,0.00859071537613341,0.007474311238637111,2.018047538064001e-06
313,0.017082466943350104,0.0011039398280228818,0.008747226348503135,0.007229298410517224,2.0023563068645303e-06
314,0.017043314971295586,0.0010865446760771114,0.00864156827131562,0.007313245747170621,1.9562767322336863e-06
315,0.01702504046312478,0.0010517258809150049,0.008461225204350498,0.007510178958127849,1.910419731431809e-06
316,0.016984730570643154,0.0010680107931640345,0.008656516917398202,0.007258297894307318,1.9049657736016382e-06
317,0.016951416989073008,0.0010439316507430416,0.008667378512755489,0.007238203349553169,1.903476021305831e-06
318,0.01692646536220331,0.0009904779365482353,0.008459017778007592,0.007475083381401803,1.8862662456828336e-06
319,0.01688431577902056,0.00101503252720341,0.008565550900604839,0.00730185972993863,1.872621273682581e-06
320,0.016857209933702298,0.001054522798951978,0.008648721547278318,0.00715211910790559,1.8464795664105992e-06
321,0.016830040013425404,0.0010069414549794306,0.008403048278005688,0.007418242546207572,1.8077342327144093e-06
322,0.01678382633367111,0.0010143273901985612,0.00854364869854729,0.007224042607949842,1.8076369754153537e-06
323,0.016754059268319143,0.001012443245896931,0.008604739338215624,0.007135063587919589,1.8130962869977137e-06
324,0.016726030162893778,0.0009538679750715753,0.008358249114464594,0.007412118756768137,1.7943165894731577e-06
325,0.016679698182264245,0.0009851114185483447,0.008475895499302487,0.007216908942304641,1.782322108771308e-06
326,0.016651142207001424,0.0010219329381814708,0.008513269109514266,0.0071141809845015076,1.7591748041799993e-06
327,0.01662556345979074,0.0009681794936202465,0.00822637648666475,0.007429280379033439,1.7271004723046275e-06
328,0.01657725028993026,0.0009909218142078572,0.008470551099267237,0.007114041727664463,1.7356487906994609e-06
329,0.016540889019457106,0.0009448379095695356,0.008432309522126454,0.00716201410907219,1.727478688925872e-06
330,0.016513007337070312,0.0008894658041951153,0.0082773704869951,0.007344472845954315,1.6981999257816756e-06
331,0.01647034932344157,0.0009354754472293338,0.0085082202869942,0.0070249740658070185,1.6795234110210226e-06
332,0.016429173998916594,0.0009177827494699349,0.008365894532353372,0.007143854480965604,1.6422361276813402e-06
333,0.016395199665549285,0.0008984149706466405,0.008182924110179091,0.0073122494320844765,1.6111526390759968e-06
334,0.016363534731034923,0.0009515500380417812,0.00833673314361772,0.007073652596338343,1.5989530370766788e-06
335,0.016319907676347833,0.0008827700687667015,0.008108064808173639,0.007327515726079513,1.5570733279779298e-06
336,0.01627581086667422,0.0008782931750684454,0.008180780581768675,0.007215215780033924,1.5213298031760433e-06
337,0.016248471304474058,0.0009070104686382788,0.00835061792867787,0.006989350473794024,1.492433363884331e-06
338,0.016215411824854913,0.0008230085604545331,0.00805903847970192,0.007331913011211633,1.451773486824523e-06
339,0.016168159223490155,0.0008622580715500466,0.00825190303861704,0.0070525615021669015,1.4366111561691855e-06
340,0.016124035556771745,0.0008438536467518477,0.008132855715070912,0.007145930336399715,1.395858549269425e-06
341,0.016094374191638342,0.0008184475267889477,0.007925682146913424,0.007348900777105704,1.3437408302673764e-06
342,0.016059377068995247,0.0008928479227721449,0.008174393988154872,0.006990816097390769,1.3190606774588506e-06
343,0.01600815905774315,0.0008026921087488354,0.007927784262874622,0.00727639586979137,1.2868163283251504e-06
344,0.015967654507191863,0.0007913986048896351,0.007951589260708011,0.007223399386276339,1.267255317875964e-06
345,0.015933461403544714,0.0008330885540520107,0.008108784374695418,0.0069903447455442694,1.2437292530161821e-06
346,0.01589659988225824,0.0007765721288720838,0.007871535610430294,0.007247292898084849,1.199244871011543e-06
347,0.015846810571237383,0.000808807197031178,0.00803168441227136,0.007005142343126454,1.1766188083935397e-06
348,0.015803979936943473,0.0007852538644390229,0.007957543754203968,0.007060030464369269,1.1518539312127183e-06
349,0.015771221156435047,0.0007491919073325485,0.007775697566382812,0.007245211678355335,1.1200043643490164e-06
350,0.01573088456516615,0.0008170061812710769,0.007984210492035392,0.006928572455404688,1.095436454994311e-06
351,0.015686270168900514,0.0007537165289077301,0.007759698583303355,0.007171801124272969,1.0539324164569921e-06
352,0.015637960954164136,0.0007570040601452771,0.007858233300870538,0.007021696379903273,1.0272132450461038e-06
353,0.015597698422646805,0.0007381994533387407,0.00783331015376349,0.007025189828622118,9.989869224566112e-07
354,0.015559678680923046,0.000709571406626011,0.0077066228902713425,0.007142518614107198,9.657699184930887e-07
355,0.015526704717658461,0.000779127898942851,0.00789491979620821,0.006851714088488072,9.429340193262512e-07
356,0.015495098332115856,0.0006902241381961888,0.0075324496376353925,0.007271519280573017,9.052757112584208e-07
357,0.015450848842618629,0.0007717333846524018,0.007804885481885524,0.00687334378461047,8.861914702326585e-07
358,0.015392240927352785,0.0006984617481361575,0.007574554726413395,0.007118373438399022,8.510144042080694e-07
359,0.015350784081352885,0.0007101728267446856,0.007610284492239523,0.007029500166157604,8.265962110726087e-07
360,0.015321841939856416,0.0007457421584361339,0.007761190704027775,0.006814099754030409,8.0932336209656e-07
361,0.015300082273434672,0.0006504013216918691,0.007416417822079578,0.007232485575954761,7.775537084624556e-07
362,0.015237926348857284,0.0007279730777523994,0.0076822240999556415,0.006826972512274051,7.566588751932724e-07
363,0.015189848257117576,0.0007047498025294027,0.007546258626731529,0.006938112626232955,7.272016236889468e-07
364,0.0151607606338428,0.000657395484936665,0.007365685740834715,0.007136975739836535,7.036682348857391e-07
365,0.01513964634258901,0.0007365402863414902,0.007621987938032774,0.0067804260489316,6.920692831465392e-07
366,0.015084065230927098,0.0006363061108859562,0.007344270469255727,0.007102823659768259,6.649910171545421e-07
367,0.015035231257506871,0.0006719874382129524,0.007469618564417805,0.006892979314915721,6.45939960392497e-07
368,0.015005822282355858,0.00069061519460231,0.007525710671502167,0.00678886611210748,6.303041439005126e-07
369,0.01499048873377034,0.0006099061560874517,0.007177159261596262,0.007202814108157073,6.092079295542509e-07
370,0.014928796896076577,0.0006932527950792427,0.007409444498408997,0.006825501808582922,5.977940054157104e-07
371,0.014885158003141934,0.0006668809982269872,0.007315079422874383,0.006902615968015411,5.816140251524669e-07
372,0.014860430650103047,0.0005986070652548478,0.007162395810109461,0.0070988600379689884,5.67736769751685e-07
373,0.014837089539271835,0.0006806467291668116,0.007431241108240917,0.00672464026758683,5.61434277276221e-07
374,0.014784794713427349,0.0006062944647987696,0.007162921519922733,0.00701503433795791,5.443907479362744e-07
375,0.014736802806531767,0.0006321603722760282,0.0072472195851529895,0.006856886644057141,5.362050456096395e-07
376,0.014712135058815265,0.0006443041743254612,0.007287469068947246,0.006779831885440089,5.299301024685214e-07
377,0.01468955655570008,0.0005851043063609429,0.007030935481445049,0.0070730002448751,5.165230189883336e-07
378,0.014655150544061281,0.0006906733295655012,0.007291177115488737,0.006672788508312826,5.115906942178315e-07
379,0.01460428189613951,0.0005831680592327912,0.007027186001914013,0.006993424196550706,5.036384419993496e-07
380,0.014564213539102469,0.000593999330702986,0.007092237510201418,0.00687747730980189,4.993883961761408e-07
381,0.014537281717512113,0.0006436470642634162,0.007161716515868257,0.006731427050994394,4.910863860436864e-07
382,0.014519182638325884,0.0005732044086943957,0.006910330722432648,0.007035166409457838,4.810977410028906e-07
383,0.014496431947613946,0.0006565489304120367,0.007169667289456735,0.006669733779188221,4.819485569549593e-07
384,0.01443612409937371,0.0005749997538881011,0.006887679815612967,0.006972972553714133,4.71976158510121e-07
385,0.014401487896153416,0.0006102786458327372,0.006951777387979596,0.0068389650996190056,4.66762722077893e-07
386,0.014380742444867109,0.0006166420072122178,0.0070747410184689346,0.00668889544095369,4.6397823226663856e-07
387,0.014363547038883723,0.0005400663471901259,0.006819131067912824,0.007003895798479459,4.538253013148111e-07
388,0.014329879898971842,0.0006563513800510978,0.0070289879469164936,0.006644090080063508,4.504919407421846e-07
389,0.014276170472072122,0.0005517798686646115,0.006790491715271738,0.006933452380010949,4.4650812482534114e-07
390,0.014249409020083172,0.0005519125668167829,0.006804096312279109,0.006892955451754135,4.446892331445197e-07
391,0.014229455735506675,0.0006191592790716688,0.006922304546431482,0.006687552175514886,4.3973448863759167e-07
392,0.014208955966437313,0.0005278343090152479,0.006707270936376979,0.0069734174380124275,4.3328303265839555e-07
393,0.014189807382104664,0.0006009106949521407,0.006957194972112408,0.006631265944856113,4.3577018400103827e-07
394,0.01413202745265454,0.0005402011328665212,0.0067160640787094225,0.006875334885517209,4.2735556138645463e-07
395,0.014104975799215293,0.0005594966869952182,0.00672478342043554,0.006820272400572135,4.232912124001233e-07
396,0.0140956788064321,0.0005766444295581268,0.006865759410476927,0.006652851975496171,4.229909008749073e-07
397,0.014067248385437778,0.0005044686694377031,0.006641609828953645,0.006920755122298172,4.1476474825653627e-07
398,0.014056863373630237,0.0006253232433544093,0.006850088159623832,0.006581038454483502,4.1351616849400146e-07
399,0.014019288096320049,0.0004989030940632759,0.006618125860377599,0.006901847228972986,4.1191290618895155e-07
400,0.013973843561174492,0.0005325666328247144,0.00671446237062324,0.006726404044898608,4.1051282792905107e-07
401,0.013973316219806983,0.000598421515217145,0.006704958576920929,0.006669532122438476,4.040052304322854e-07
402,0.013948567268538175,0.0004885526184691248,0.006548071482100176,0.006911542796684069,4.0037128480461097e-07
403,0.013929690021291982,0.0005599944650806377,0.006760102536495714,0.006609188752411907,4.0426730372349273e-07
404,0.013884502469954405,0.000530120089057488,0.00666600020988993,0.00668799179282984,3.903781771465352e-07
405,0.013911551087517394,0.0005201001336846227,0.0064775903251810376,0.00691348665752158,3.739711301532489e-07
406,0.013870088049626084,0.0005621298815625134,0.0067634226259198574,0.00654415849254036,3.7704960335274e-07
407,0.013855462923512425,0.000496616342991212,0.006651887823285651,0.006706582887602505,3.758696330565679e-07
408,0.013826063024786513,0.0004731850514553389,0.0065728954751227186,0.006779614780749382,3.6771745907185323e-07
409,0.013842090986836919,0.0005881105916861481,0.006719995220825428,0.006533622733512041,3.6244081330275863e-07
410,0.013797153692670299,0.00047198506754113996,0.00649855840055869,0.006826250043221893,3.601813485756247e-07
411,0.013781732839963704,0.0004926260784381372,0.006602241798204341,0.0066864983400279415,3.6662329328315387e-07
412,0.013763887592539348,0.0005326034516607947,0.006667577186342288,0.0065633431529754154,3.6380156085049245e-07
413,0.013767501978548261,0.0004881327838959634,0.006402832031034676,0.006876185975030453,3.5118858716984e-07
414,0.013719036317439457,0.000506440541286715,0.006591952431699011,0.006620289527913221,3.5381654051011286e-07
415,0.013712318526389126,0.0004945286937587104,0.0066509404410718224,0.006566493467713204,3.5592384538970567e-07
416,0.01370135479969733,0.00044757406402006416,0.0064998761858176685,0.006753558404639452,3.4614522014453324e-07
417,0.013682953038977383,0.0005232363273999279,0.006602232146634762,0.006557145246901908,3.393180407855971e-07
418,0.013651480995029735,0.00047530313356925293,0.006468663542849028,0.006707176688514957,3.3763009649710634e-07
419,0.013639459515539059,0.0004615412582483478,0.0064727303464955695,0.006704846421597778,3.4148919736456417e-07
420,0.013625550171188112,0.0005011592528697942,0.0065761722993459264,0.00654787924919377,3.3936977862239424e-07
421,0.013611338216645542,0.0004587155355925587,0.006386744052603548,0.006765549442326362,3.2918612307455803e-07
422,0.013583774280311846,0.0004860132078457606,0.00650812323248731,0.006589305074225437,3.327657533373634e-07
423,0.01356827024957665,0.0004555700168234803,0.006516069513086564,0.00659629429425344,3.364254131650985e-07
424,0.013546934339179058,0.0004381526811337663,0.006487111092235387,0.00662134103380595,3.2953200395262384e-07
425,0.013542646671293694,0.0004912880943751677,0.00652767592949143,0.006523361204615572,3.2144281152435795e-07
426,0.01352405045577517,0.00042853221626472073,0.006367303918343771,0.006727894351280077,3.199698865995826e-07
427,0.013520921014265143,0.0004989933862143749,0.0065821682592927715,0.006439433797032911,3.255717250866505e-07
428,0.013487344111838209,0.00041754907325894315,0.006361020474239719,0.006708460117561834,3.144467777137848e-07
429,0.013473214515154434,0.0004740645083824188,0.006435360064543801,0.006563481435590603,3.0850663761063736e-07
430,0.013438462793085467,0.0004327536187924328,0.0064086957975360405,0.006596702713685926,3.1066307106801423e-07
431,0.013435151849130099,0.0004301085659657003,0.006391626346070675,0.006613105713248459,3.1122384526459364e-07
432,0.013416280254783194,0.0004706634905670893,0.00645279590294294,0.006492516410096141,3.0445117702233656e-07
433,0.013420417237072784,0.00041791840418938837,0.006258617775862581,0.006743583404826541,2.9765219427249996e-07
434,0.013417875146895466,0.000516806790604339,0.006555347457717377,0.006345413584480132,3.0731409361954487e-07
435,0.013406121772427641,0.00041365796682063077,0.006205339041921211,0.006786821803963156,3.0295972264473967e-07
436,0.013352187174957305,0.00046709371732085313,0.00633596784321393,0.0065488260433700166,2.9957105250559887e-07
437,0.013325503023530132,0.00044703869178431546,0.006376580222725279,0.006501586690871871,2.974181486644452e-07
438,0.01335544364411529,0.00040707086777473346,0.006226047778168348,0.00672202848212103,2.965160511775869e-07
439,0.013311971553416874,0.0004772988125990214,0.006449147325764402,0.006385228326608687,2.9708844476380194e-07
440,0.013279128713031982,0.000409872823777676,0.006271247522018356,0.006597722513169623,2.8585406632786905e-07
441,0.013260584079441456,0.0003871927276069244,0.006284860370446184,0.006588247437914672,2.8354347367538835e-07
442,0.013266466704557922,0.0004726233140876392,0.006422617152477292,0.006370939296885736,2.8694110725530155e-07
443,0.013251046955895166,0.00039687046718163297,0.006099537587330097,0.006754362189031096,2.767123523387802e-07
444,0.0132027330549623,0.0004144906526329363,0.006280922665391993,0.006507047179434642,2.725575027293983e-07
445,0.013200080433222877,0.00042209568024545175,0.006374928636696015,0.006402783995252047,2.721210293625483e-07
446,0.01319231305105486,0.0003724479439721669,0.006159515173018767,0.006660081097785569,2.688362783584813e-07
447,0.013187522802267529,0.0004626873495168222,0.0063055736696730385,0.00641899147977547,2.7030330219770023e-07
448,0.01315887663518734,0.0003745772310260193,0.006195442264959183,0.006588589327566058,2.678116360797301e-07
449,0.013118858814330983,0.0003892607265332931,0.006246035600965866,0.006483293807462948,2.6867936887616265e-07
450,0.013125235738229593,0.0004312924141776127,0.006183466034219654,0.006510209254834928,2.6803499739623653e-07
451,0.013119378649314466,0.0003643559908182184,0.006090537643163835,0.006664218572403326,2.6644292908654695e-07
452,0.013110608333697796,0.00045082689464072384,0.006371781046857366,0.006287732110757738,2.6828144196887313e-07
453,0.013070087372014564,0.000364082230063273,0.0060820325201842666,0.006623711896117121,2.6072564990425963e-07
454,0.013038440693820829,0.00037479638042354834,0.006137711867445001,0.006525669693643464,2.627523088148738e-07
455,0.013045129288294129,0.00041639110405796337,0.006298876393332618,0.006329598191993141,2.635989104056531e-07
456,0.013036778506718465,0.0003528974589055941,0.006056728180027804,0.006626897168174324,2.5569961074257913e-07
457,0.013035554581124395,0.00045155507838655384,0.006168449606810638,0.006415289909811127,2.5998611607614374e-07
458,0.013006168290284156,0.0003635465486541495,0.006096764684929126,0.006545595974266467,2.6108243441497403e-07
459,0.012961728402723367,0.000368127779658725,0.006217430302588583,0.0063759142348549175,2.56085621142245e-07
460,0.012970273677468344,0.00039884631656493454,0.006152329946822001,0.006418844091540804,2.533225406062632e-07
461,0.012966861814817137,0.0003474382914067166,0.006056534094825145,0.0065626301152834025,2.5931330187363727e-07
462,0.012965253515053763,0.0004403221293908467,0.006316909418650282,0.0062077591529192564,2.628140933769527e-07
463,0.01292935814938158,0.00034542206088343004,0.005992608505071707,0.00659107656792214,2.510155043048487e-07
464,0.012888574724238065,0.0003561427752964443,0.0060511152074696215,0.006481061566938877,2.551745331210509e-07
465,0.012905059410142455,0.0004078970254646613,0.006214239917436115,0.0062826595428248175,2.6292441685904944e-07
466,0.012890306080658654,0.00033197516958530346,0.006014936905901491,0.006543139149888609,2.548552832495133e-07
467,0.012903820318231533,0.00042792126467960565,0.006144635688911629,0.006331011524704693,2.5183993560491746e-07
468,0.012861348442126243,0.00033830921563288315,0.006088716703977471,0.006434065958523752,2.5656399213834286e-07
469,0.012830792450251337,0.0003641809080925156,0.006147538831618129,0.0063188105180535985,2.621924870928055e-07
470,0.012832392388410966,0.0003796995603500915,0.00602364005372679,0.00642879588495254,2.56889381544788e-07
471,0.012830338487520633,0.0003274820526037421,0.005967942002681338,0.0065346596050037935,2.54827231759026e-07
472,0.012840284235738691,0.0004332057485723675,0.00624128376171669,0.00616552957941865,2.65146030982674e-07
473,0.012798996588904848,0.00033004469424407975,0.005897318468008971,0.00657137010376053,2.633228912680745e-07
474,0.012771898512401235,0.0003518801990581627,0.005958583765811416,0.00646117586233686,2.5868519479469095e-07
475,0.012767101422392405,0.00036801196052074813,0.006167503610380558,0.006231328832306064,2.570191850357776e-07
476,0.012769044200085348,0.0003266035917431127,0.0060001843906766494,0.006441999142538265,2.5707512732029913e-07
477,0.012791564824664446,0.0004293866219109455,0.006024955813922261,0.0063369623834580845,2.600053731559635e-07
478,0.01274230457673554,0.0003171143906570588,0.005925158963692593,0.006499775382327444,2.5584005844438667e-07
479,0.012724453017128733,0.00036261878142226293,0.006143258520371823,0.006218323677012085,2.5203832256125793e-07
480,0.012693988886583041,0.00034018187558402754,0.006010485426808871,0.006343073945071521,2.476391186221498e-07
481,0.012729801276100211,0.00032675215259387073,0.0058002807028366184,0.006602518380991391,2.5003967833021275e-07
482,0.012712260215680412,0.00040674065375087705,0.006108339330805288,0.006196922949329891,2.572817943565164e-07
483,0.012680075751381557,0.0003162988656419692,0.005971390275022705,0.006392136905756564,2.4970496031779613e-07
484,0.012663202811324683,0.0003278534366543351,0.005932101370589634,0.0064030031219122,2.4488216851278923e-07
485,0.012633138659546947,0.0003235726147875057,0.005997665800302038,0.006311648766393867,2.5147806353640674e-07
486,0.012674387173380933,0.0003405373508106043,0.0059643051242506545,0.006369288779006677,2.5591931299883964e-07
487,0.012651682370302713,0.0003800900909442956,0.006050089102951383,0.006221251252429938,2.519239770957015e-07
488,0.012664287670210144,0.00031400270304890785,0.005817559959742866,0.006532480964721129,2.440426972421098e-07
489,0.012602440249991275,0.00033546205375522273,0.006042406191292982,0.006224321279805842,2.5072513723018857e-07
490,0.012590535502214483,0.00033144762460752294,0.005981364054451815,0.006277466950481254,2.568726738907115e-07
491,0.012606458879230472,0.0003043878962761232,0.005762339874131936,0.0065394774655345945,2.53643287819663e-07
492,0.012599002093506326,0.000367325308825336,0.005977412417635951,0.006254012932685695,2.5143435934276835e-07
493,0.012622936954802036,0.00033774636607729753,0.005962059604825696,0.0063228806318108635,2.5035208817858183e-07
494,0.012558333045684794,0.00033524995990701024,0.006007767601670295,0.0062150616194436535,2.5386466383591257e-07
495,0.01255546212787054,0.0003029911336269897,0.005807062400415842,0.00644515378400838,2.5480981932700064e-07
496,0.012529509722829619,0.00029401497186045387,0.0059072138676447014,0.006328025357009664,2.555263148001526e-07
497,0.012561035497012494,0.0003767581459880428,0.006053669495190959,0.006130355204774697,2.526510587938949e-07
498,0.012591911659287735,0.0003195557208849782,0.005705657070064728,0.006566451349988492,2.475183495369106e-07
499,0.012546797054240047,0.00037420381150374293,0.005861214589073514,0.006311124086266906,2.54567395883787e-07
500,0.012524959938667075,0.00032915528760495746,0.005922591079192123,0.006272954001017604,2.595708523897597e-07
501,0.012474623444175527,0.00027598266461343815,0.005911196969948607,0.006287189820748902,2.539888645783109e-07
502,0.01253391928959548,0.00035710270142621527,0.005891431799781353,0.0062851369376708465,2.478507170644005e-07
503,0.01251754694357025,0.0002956731427289976,0.0058433155176160455,0.006378308812888986,2.4947033622163975e-07
504,0.012509537438594943,0.00037366522853786547,0.006087741907965942,0.006047875797158612,2.5450493252433373e-07
505,0.012441981815329161,0.00028257574900724346,0.005864037512982658,0.006295116360941275,2.52192397984744e-07
506,0.012489844475897707,0.0003011650633906728,0.005678634687934096,0.006509796502862188,2.4822171075012056e-07
507,0.012453841870335127,0.0003417415266168925,0.005892623752135895,0.006219227835518038,2.4875606430027564e-07
508,0.012475005043880988,0.00033369712785699673,0.005855009080807883,0.006286050950263422,2.478849526866735e-07
509,0.012411391985290223,0.00028868182798472445,0.0058249816165698975,0.006297483782212841,2.447585227607414e-07
510,0.012440489632834374,0.0003126506620817247,0.005748352211570802,0.006379243478756456,2.4328042539124896e-07
511,0.012420495841825618,0.00027841000069072085,0.005796400680445904,0.006345438760667848,2.464000211450538e-07
512,0.0124591292178551,0.0003871870003291263,0.006056979941728765,0.006014713357689989,2.4891810721875303e-07
513,0.012421811280605632,0.00028131273822081947,0.0057798456253237655,0.0063604089813803525,2.439356806953594e-07
514,0.012416773047266901,0.00032198013178388294,0.00577724907475462,0.0063173025176544925,2.4132307390631035e-07
515,0.012358818805360126,0.00027443805216866506,0.00581124853250673,0.006272888165647973,2.4405503675832194e-07
516,0.012400372036168065,0.0003207672244026877,0.005815049338245974,0.006264309371908824,2.4610161057980996e-07
517,0.012388169724873376,0.00035212754022210206,0.00582152751183333,0.006214272123351981,2.425494659613798e-07
518,0.012432952298850858,0.0003088205482844453,0.005577407556977857,0.006546488728875744,2.3546471281097556e-07
519,0.012349482213724242,0.0003120477352390219,0.005858227333698647,0.006178972927406214,2.342173803577304e-07
520,0.012347865594053946,0.0003085444884164802,0.005937620383611706,0.006101465710760978,2.3501126478206077e-07
521,0.012331616838176903,0.00026584582045274514,0.005782974564076467,0.006282562362805721,2.3409084197167827e-07
522,0.012393363661979729,0.0003784236045969531,0.005771142733715444,0.006243564677745008,2.3264592232335323e-07
523,0.012376555851416325,0.000302673433105748,0.005660399873359416,0.006413251629640251,2.3091531090839515e-07
524,0.01232699724985999,0.0003398793414806822,0.005914196032352747,0.006072692705471637,2.2917055492322404e-07
525,0.012278845191179371,0.00027994150698879754,0.005795118487690051,0.00620356059199193,2.24604508593273e-07
526,0.012335881037196942,0.0002823937202165185,0.005582249683982939,0.0064710149551136815,2.2267788380230048e-07
527,0.012310738806280261,0.0003379087097338564,0.005785438755342021,0.006187164695678711,2.2664552567131549e-07
528,0.012295505728948433,0.0002955251862959011,0.00580367721651311,0.0061960745784236,2.2874771582366805e-07
529,0.012243255025401217,0.0002629948380957248,0.0058049633188390955,0.006175072710106524,2.241583598742216e-07
530,0.012274022862428109,0.00030399982915776366,0.005705665558725975,0.006264141192345342,2.1628219902801298e-07
531,0.01228906011875421,0.00028113006680247413,0.005631952817626429,0.006375764632281332,2.1260204397561232e-07
532,0.01227764447043915,0.0003571767168094929,0.005893226215715463,0.0060270270521021,2.1448581209303973e-07
533,0.012223080003044829,0.0002607744788897591,0.005728229391107878,0.006233861134971694,2.1499807549758425e-07
534,0.012213145554850762,0.00025183075172661773,0.00564997865476415,0.006311121912131336,2.1423622865895415e-07
535,0.012208645822245661,0.0002801185299300182,0.005766958684158533,0.006161355108861947,2.1349929516331434e-07
536,0.012250552934340601,0.00029985692037575004,0.005772270313697422,0.006178214201478395,2.1149878903448322e-07
537,0.012233631248532146,0.0003455444903334122,0.005843359602534699,0.006044518372177406,2.087834866290053e-07
538,0.012225975582004379,0.00027130092065753397,0.005571225415269009,0.0063832438439680545,2.054021097812179e-07
539,0.012159626133982977,0.00025759641098803805,0.005702869426916043,0.006198954434798652,2.0586128024429312e-07
540,0.012174203091725089,0.0002961689425684237,0.005865134885571431,0.006012692117118699,2.0714646653518513e-07
541,0.012198697187216776,0.00027790700812825516,0.0056856623360907665,0.006234922897840661,2.0494515709339e-07
542,0.012244567771809564,0.00038290572790495604,0.005676475388175735,0.006184984196868864,2.024588600089361e-07
543,0.012207636327207108,0.00029038216375075455,0.005619842375058367,0.006297210251925688,2.015364722975031e-07
544,0.012137916872105792,0.0002876504109883253,0.005852073907699767,0.005997990437465048,2.0211595265174004e-07
545,0.01212011376128026,0.0002721310281815015,0.005777300932382094,0.006070481061618654,2.0073909801094946e-07
546,0.0122045449704628,0.00029512951603643156,0.005536434656177921,0.006372782005550889,1.9879269755890425e-07
547,0.012156005832777626,0.0003347640797993275,0.005709181015787046,0.006111861594140942,1.9914305031045157e-07
548,0.012109388817407198,0.00027237685688730754,0.005751635653437997,0.006085176743361748,1.9956372014529462e-07
549,0.012078985868641905,0.0002397621537509986,0.005700122208224952,0.006138902791731748,1.9871493420706394e-07
550,0.012142876100399241,0.00032683292716953314,0.005658622246146739,0.006157223245336481,1.9768174648973903e-07
551,0.012154300420915523,0.00028653314113674926,0.005607331747023166,0.006260237955181385,1.97577574223381e-07
552,0.012089551064063194,0.0002981657411379274,0.005836548202142236,0.005954639088432883,1.980323501486284e-07
553,0.012039633520783624,0.00024098600996351317,0.005696362541236766,0.006102089304399839,1.9566518350550024e-07
554,0.012090595693479728,0.0002556364324790582,0.0054883602421908735,0.006346405716448387,1.933023614099261e-07
555,0.012095247419016185,0.0003275831788154818,0.005642655216399359,0.00612481499158473,1.9403221661413543e-07
556,0.01208441265341576,0.0002838999510639463,0.005710746598927788,0.006089570340422234,1.9576300179325298e-07
557,0.012018053477514097,0.00024341920090829627,0.005775971023651104,0.005998466923324905,1.9632962979217583e-07
558,0.01202444741470286,0.00023984066523994373,0.005630236591678846,0.006154175862710466,1.9429507360237755e-07
559,0.012048872345133852,0.0002476384879108411,0.005572468213035992,0.00622857312158928,1.925225977400102e-07
560,0.01207413352723922,0.00035318803721428216,0.005773589201139953,0.005947163781328621,1.9250755636496812e-07
561,0.012056053230394348,0.0002838146402985441,0.005573851777205769,0.006198194791629981,1.9202126005450735e-07
562,0.012007866061553655,0.0002653474213458966,0.005532238919729712,0.006210086535727966,1.931847500811243e-07
563,0.01196269344291499,0.00021702608951347472,0.00560293544275497,0.0061425364809139515,1.954297325924437e-07
564,0.011995868402556993,0.00025047643707967553,0.005714337245647357,0.006030859347452272,1.9537237768794703e-07
565,0.012024725731375255,0.00031816340452741167,0.005771758978955599,0.005934611438091224,1.9190980102071085e-07
566,0.012072614192318006,0.0002956256691025333,0.005493887877499484,0.006282913033734343,1.876119816465107e-07
567,0.01199662451885317,0.00029330542805995716,0.005602920948182659,0.006100209822284874,1.8832032567906552e-07
568,0.011948162715824702,0.00024504276036810117,0.005682492570972834,0.00602043539537437,1.9198910939626254e-07
569,0.011942839696827225,0.00023805673248001894,0.005626015521005798,0.006078574108451089,1.933348903192257e-07
570,0.01200003053035667,0.0003162277402216365,0.0055394812911053115,0.00614413045718448,1.9104184524329173e-07
571,0.012054444536093516,0.000311280746334831,0.005465189368458357,0.006277786147037222,1.8827426310490356e-07
572,0.011981583428071286,0.0003200694958389689,0.005751735061270391,0.005909590978744377,1.8789221754904434e-07
573,0.01190730055210576,0.00022168619519708925,0.0056877524776578585,0.005997673993995217,1.8788525559412274e-07
574,0.011909158729565508,0.00021051296019629085,0.005547020286921613,0.006151437943849629,1.875385979752291e-07
575,0.011978660362361084,0.0003237682363261897,0.005577779467241269,0.006076926070692382,1.865881012431666e-07
576,0.01201714216049139,0.00032233915819448214,0.00556962656152169,0.006124991232967805,1.852078074142052e-07
577,0.01193527493155612,0.0003018769329844872,0.005734236823889248,0.0058989772117514355,1.83962930949968e-07
578,0.011865543173073994,0.0002018816346736322,0.005555032670911877,0.006108446153233292,1.8271425519275918e-07
579,0.011913614765588745,0.00022901942429351534,0.005457321293684921,0.006227090662832714,1.8338477759233404e-07
580,0.011949455657266001,0.00033085686061098876,0.005641311854669727,0.005977102147558104,1.847944271818903e-07
581,0.011960877705099517,0.0003021204851290462,0.005607696693989182,0.006050876557204564,1.8396877672500526e-07
582,0.011862120979650625,0.0002382904116789229,0.00562590493040866,0.005997744179234861,1.814583281814841e-07
583,0.011853585047040148,0.0002181843369279935,0.005517396363494733,0.006117824585033427,1.7976158399342384e-07
584,0.011907802106783286,0.0002535135053219098,0.005513264807726567,0.006140843088677852,1.8070505695574636e-07
585,0.011946418437866204,0.00035882388147754843,0.005719742505543679,0.005867669661394818,1.8238945015849876e-07
586,0.011905491812942422,0.0002638801780154475,0.005547139463105701,0.006094290581241786,1.8159057948867394e-07
587,0.011827891728669743,0.00021119767136256373,0.0055078919822098395,0.006108621819242852,1.802558544877212e-07
588,0.011830663822828357,0.00023191561500752875,0.005546724858218205,0.006051843098177974,1.802514246499287e-07
589,0.011920782542300987,0.0003008566524938492,0.005554764369102607,0.0060649808246112805,1.80696093250494e-07
590,0.011921247858426373,0.00035860974795189017,0.005658296732984344,0.005904161347621237,1.800298689011895e-07
591,0.011854317394115991,0.00023058890086972736,0.005460303869120426,0.006163246634857898,1.779892679410282e-07
592,0.011792542552830996,0.00019051580777762524,0.005503792108887355,0.006098056932109561,1.7770405645386186e-07
593,0.011843840168136732,0.0002802262691527294,0.005660267306477689,0.0059031669261878,1.7966631851389293e-07
594,0.011944041066889271,0.00034047185930405344,0.005556847772133002,0.006046540430700076,1.8100475214022792e-07
595,0.011870374395131278,0.0003184515205848114,0.00556034827034851,0.005991393930088965,1.8067410899185312e-07
596,0.011782974990359721,0.00019346477617594783,0.005446302462364376,0.006143028913588577,1.7883823081992492e-07
597,0.011788664905221029,0.00020728661931169,0.00551932522465404,0.006061875459471625,1.7760178367313614e-07
598,0.011886677920840845,0.00035830230522938816,0.005678412623557545,0.005849785564955985,1.7742709792503764e-07
599,0.011909531312617353,0.00032118401217886503,0.0054764808619046975,0.006111689305617313,1.7713291647708754e-07
600,0.011786389207585303,0.00023638533196385116,0.00547052948535529,0.00607929712873651,1.7726152965121717e-07
601,0.011757960658489046,0.00021344786510242082,0.0055364009093398815,0.006007933997603291,1.7788644345451542e-07
602,0.01187440434945513,0.0003063604692070264,0.005571206987099808,0.005996658862586287,1.7803056200719416e-07
603,0.011828086262479715,0.0003100331728574071,0.005720052701743088,0.005797823833099441,1.7655477978082242e-07
604,0.011741003901923515,0.00018554385997570673,0.005466020704023239,0.006089266421948539,1.7291597603031306e-07
605,0.01179110973587646,0.0002261260450019157,0.005367118741611577,0.006197693332586244,1.7161667672171065e-07
606,0.011809277477387638,0.00031559292205155795,0.005584515595974486,0.0059089990217737415,1.6993758785221452e-07
607,0.011758160906124105,0.00023682329119079163,0.005552383615659601,0.005968787589067825,1.6641020588719644e-07
608,0.011718395357250867,0.00019082670593239122,0.005522170804300501,0.006005231535069192,1.663119487827085e-07
609,0.011792056569586346,0.0002818189609764016,0.005530362907135498,0.005979703634834539,1.7106663990622448e-07
610,0.011791783068113144,0.0002434679616946315,0.005444044243452298,0.0061040965627425,1.743002237147217e-07
611,0.011707387064154516,0.00020970068075863902,0.005628804204491128,0.005868714062205382,1.6811669936745638e-07
612,0.01172744706487012,0.00024271513923168066,0.005645470665475085,0.005839102766632419,1.584935309344024e-07
613,0.01180016302215867,0.00027055744668953014,0.005427912461847106,0.006101536419665237,1.5669395679594703e-07
614,0.011760216011026623,0.000279524631160118,0.005506065592428946,0.005974461573600838,1.6421383672112659e-07
615,0.011688366930702191,0.0001911475980929363,0.005507276037610776,0.005989770024555242,1.7327044323603884e-07
616,0.011704283947280751,0.00020867898074876625,0.00555364310681168,0.0059417898473618025,1.7201235850264983e-07
617,0.011759302359124573,0.00029542592363429967,0.0056034942457371005,0.005860218966455036,1.6322329813840074e-07
618,0.011779006599238237,0.00026316581330339733,0.005361329124957789,0.006154354209695582,1.574512814701382e-07
619,0.011687684485467156,0.00022466888404910332,0.0054480338347787614,0.006014821587569038,1.601790702542449e-07
620,0.011671051001492077,0.0002163347494023136,0.005528409471311149,0.005926141172214817,1.6560856379869936e-07
621,0.011729687564574001,0.0002429510474942201,0.005490843653401977,0.005995727665715891,1.6519796191353717e-07
622,0.011770396266099908,0.000319096935341117,0.005595300588305598,0.005855837179825156,1.6156262803792318e-07
623,0.011724735468920717,0.0002310805767757875,0.00543043706894851,0.006063057112422016,1.607107744017305e-07
624,0.011639136600377804,0.0001937740211189238,0.005513770906679308,0.005931428022924482,1.6364965509143885e-07
625,0.011679962435886457,0.00025867635593222277,0.005522426047015892,0.005898696954821988,1.6307811635512309e-07
626,0.011762723108214844,0.00029048327645405747,0.005343676949537914,0.0061284056002828486,1.5728194002474237e-07
627,0.011748452356818644,0.0003240656605217312,0.0054763905874118165,0.0059478417346671385,1.5437421795737728e-07
628,0.011648647859003243,0.00019633172784552729,0.005501991104478484,0.005950166332273195,1.586944060382136e-07
629,0.011631185461772199,0.00019766373624439376,0.0055913506440932355,0.005842006586951652,1.644944829194244e-07
630,0.011697228746205211,0.0002916132807890506,0.00557928107691825,0.0058261717129679405,1.62675529970091e-07
631,0.011764734666827448,0.0003023234013850291,0.005329881195990783,0.006132375592983789,1.5447646784783857e-07
632,0.011656940192266502,0.0002517058821536347,0.005487720730746986,0.005917363407784313,1.5017158156949987e-07
633,0.011604597571371241,0.0002005818713848629,0.005592822964710587,0.005811040170186739,1.525650890529398e-07
634,0.011673300016270429,0.0002469096354621351,0.0055161879146171326,0.005910045812499368,1.5665369179280366e-07
635,0.01173015573002287,0.00033820135857191505,0.005516518670767638,0.0058752775387715265,1.581619117888412e-07
636,0.01168432846820523,0.00024434367522819806,0.005362436523346585,0.006077392369302214,1.5590032823374786e-07
637,0.011575801026622506,0.00018387027697141473,0.005521062071710115,0.005870715642272895,1.5303566808267566e-07
638,0.011639668994858412,0.0002737811174086589,0.005605019209777507,0.005760718269042641,1.5039862960372318e-07
639,0.011740068216963244,0.0003226638244094732,0.005389103763392688,0.006028151230599853,1.4939856122805983e-07
640,0.011676232798089162,0.00030163416490739726,0.0054659638252800725,0.00590848113612805,1.536717736420592e-07
641,0.011561056116007051,0.00016861293467814354,0.005523850748308239,0.005868432246116628,1.60186904042387e-07
642,0.011612557148433034,0.00022297572669596817,0.005592995392235253,0.005796425492362769,1.6053713904360727e-07
643,0.011682947626226585,0.0003338708266989955,0.0056277096104542556,0.005721213863887919,1.5332518541356298e-07
644,0.011671427951155642,0.00027093356441923797,0.005310504910606314,0.00608984382923268,1.456468974109307e-07
645,0.01155555027475006,0.00019689629483662604,0.005344023301773069,0.006014484217775523,1.4646036484316261e-07
646,0.011584412270606432,0.00025287468776404704,0.0055259818162510955,0.005805403896550897,1.5187004039294884e-07
647,0.011696361437596578,0.00032301453928620385,0.005493982869918807,0.005879211596486376,1.524319051904779e-07
648,0.011640073627883498,0.0002965938106483521,0.005562936075748865,0.005780393606921594,1.5013456468833653e-07
649,0.011538299881224866,0.00016768187035077524,0.005417662390723869,0.005952805786667533,1.498334826891573e-07
650,0.011553575068929527,0.00019937807287693924,0.005432649993542438,0.005921395021525777,1.5198098437252428e-07
651,0.011662736477158653,0.0003613222997680471,0.005575923615088876,0.00572534036129225,1.5020100948120528e-07
652,0.011650853538600273,0.0002964811838986811,0.005392949625649055,0.005961279233800724,1.4349525181145654e-07
653,0.011532869107880497,0.00019915650122963,0.0054233734366739015,0.005910196978994182,1.4219098278239257e-07
654,0.01152800908531462,0.00020380335717113754,0.00549751847070406,0.005826539105327234,1.4815211218697649e-07
655,0.011659190214820089,0.00031628279510509475,0.0054782393575509266,0.005864515874006461,1.5218815760811664e-07
656,0.011617561912032644,0.00032387045007366077,0.005575304037826808,0.005718240393751542,1.4703038063201267e-07
657,0.011508013433719004,0.00017732001826394975,0.005369966985105259,0.00596058971236025,1.367179895458177e-07
658,0.011513714149191615,0.0001867320194903652,0.005352405983877621,0.0059744417941853985,1.3435163823087947e-07
659,0.011597653066592519,0.00031813615563769203,0.005536698460230258,0.005742677069274823,1.413814497459387e-07
660,0.011635943107305875,0.0003189092538258133,0.005469260312304648,0.00584762514056107,1.484006143418189e-07
661,0.011498686453635396,0.00020577776989217993,0.0055043763562200995,0.0057883839736541255,1.483538689891852e-07
662,0.011486757739782215,0.00018446740558148513,0.005421439744131189,0.005880708857812478,1.4173225706237566e-07
663,0.011586670897406882,0.00026924381137836923,0.005383797018496322,0.005933493353364416,1.367141677744002e-07
664,0.011606264940593511,0.00035150678336559263,0.00555477533084339,0.005699845940844196,1.3688554033328208e-07
665,0.011505292890548548,0.00021793256267480155,0.005402347699994132,0.005884874274279834,1.3835359978093928e-07
666,0.011447755961642457,0.00016052848354345238,0.005340191847978699,0.005946894989398506,1.406407217990126e-07
667,0.01152971663081366,0.00026229599325907466,0.005428684451283667,0.005838592813076872,1.4337319404538626e-07
668,0.011614264210015697,0.00031775800215530134,0.005459440275514207,0.005836921219988316,1.4471235787360877e-07
669,0.011525933844060815,0.0002763614748762319,0.005612161495611942,0.005637267161869107,1.4371170353252656e-07
670,0.011426053140041836,0.00015849587418106278,0.005390939091422165,0.005876479539800946,1.3863463766396822e-07
671,0.011485989660187467,0.00020507367472469707,0.005249342943906841,0.006031437321754437,1.3571980149195983e-07
672,0.01155364054844117,0.00032059431169429814,0.005410241746856878,0.00582266670486106,1.3778502893377808e-07
673,0.011571004510344072,0.0003053393355976932,0.005473449689805464,0.005792074202734084,1.4128220683053996e-07
674,0.011450776614471263,0.0002081183892175246,0.0055751319523149765,0.00566738317086823,1.4310207053128683e-07
675,0.011422522675153946,0.00016834186345851516,0.005405224137193897,0.0058488156534804965,1.4102102103516698e-07
676,0.01151638470107706,0.0002452353601734336,0.0052757833274507905,0.005995227585073308,1.3842837952743182e-07
677,0.011559975736982513,0.00035109482009415864,0.005451596075397719,0.005757148590153778,1.3625133685683608e-07
678,0.0115169026941099,0.00027767983123487354,0.0054430959275773225,0.005795993912924734,1.330223729713652e-07
679,0.011399441742310017,0.0001726739312850409,0.005482092801366421,0.005744542468923544,1.3254073501029461e-07
680,0.01142921178937777,0.00019782945158748632,0.005407174780705423,0.005824071515681171,1.3604140369088253e-07
681,0.011537505415981692,0.0002827661145266036,0.005330956318301491,0.005923642456401762,1.4052675183581066e-07
682,0.011540807563936061,0.00034424040210393755,0.005511253995274426,0.005685173824174959,1.3934238273763611e-07
683,0.011445865292349889,0.00022227489297158267,0.005415858160071306,0.005807601202183699,1.3103712329880594e-07
684,0.011378236942203334,0.00016532580203306265,0.005376053829953657,0.005836731363622108,1.2594659450703447e-07
685,0.011437523351346696,0.00023860391631531227,0.005375030506689975,0.00582375936656517,1.2956177623892874e-07
686,0.01155159624324696,0.0003235085571816676,0.0053562475587430654,0.005871702072515051,1.380548071765337e-07
687,0.011522889859539778,0.0003385411242831873,0.005546883987805782,0.00563732234328147,1.424041693382701e-07
688,0.011392527314877379,0.00017516984045376114,0.005425386911853632,0.005791834433545185,1.361290248007436e-07
689,0.01136675436136346,0.00015471521002710152,0.005377550462009667,0.005834360603448444,1.2808587824782252e-07
690,0.011469858001945697,0.00029390257638725587,0.005429347637648259,0.005746482258957793,1.2552895238906714e-07
691,0.011574617430649189,0.0003704996015789902,0.005351998924922344,0.0058519909099020145,1.2799424584029707e-07
692,0.011455460821561193,0.0002902620659347273,0.005436661633687317,0.005728404936782963,1.3218515618530794e-07
693,0.01134173304216329,0.00014715900217942174,0.0053574149472468595,0.005837025549799685,1.3354293732257755e-07
694,0.01140026342505388,0.00019596260670092915,0.005369153665473296,0.005835013827012266,1.3332586739000473e-07
695,0.011503864772740166,0.00034252749000863287,0.005529225056605478,0.005631979461143169,1.3276498288521367e-07
696,0.011500156496604796,0.0003098977893514025,0.005399491077486705,0.005790637768475469,1.298612912195365e-07
697,0.011352051106001527,0.00018970328661769496,0.005389577538013811,0.005772643746442447,1.2653492757414272e-07
698,0.01135011516935814,0.00018473049907697213,0.005352184324951897,0.005813075789496137,1.2455583313280965e-07
699,0.011482550935060403,0.0002930498325394246,0.005357063885776736,0.005832311334887601,1.2588185664203718e-07
700,0.011499685685080184,0.0003540210442196912,0.005550463090284427,0.005595072030025299,1.295205507692801e-07
701,0.011374449469636866,0.00020026875318250467,0.0054110293821503395,0.005763021200511073,1.3013379294752754e-07
702,0.011311285861040906,0.00014651123408628515,0.0053280207508212855,0.005836625885932936,1.2799020039999464e-07
703,0.01140146992197849,0.00026343541142751653,0.005377094940380735,0.005760813282309284,1.2628786095594094e-07
704,0.011461506115184426,0.0002955625393688596,0.005294819084714117,0.005871000223913123,1.2426718832678682e-07
705,0.011351872255403784,0.000220249288377711,0.005433250428727599,0.005698248566472501,1.2397182597133288e-07
706,0.011292722870938889,0.00014810818601603733,0.005364450903645023,0.005780039359648099,1.2442162972907647e-07
707,0.011377325671841635,0.0002150571457918094,0.005286902915367341,0.005875239019478608,1.2659120387687312e-07
708,0.011435839954523097,0.00031574863555914375,0.005447468123667597,0.005672493318160331,1.2987713602746998e-07
709,0.01138174967019413,0.00023348073363322545,0.005335686937240624,0.005812451675485298,1.3032383498196837e-07
710,0.011280193303853592,0.00015299210467186036,0.005375642568080539,0.0057514298846202665,1.2874648092832728e-07
711,0.011310899751476342,0.0001926397681557209,0.005349353068040902,0.0057687805449726,1.2637030711761867e-07
712,0.011422960223040646,0.0002833619812749398,0.005246165974621063,0.005893307011175028,1.2525596961577153e-07
713,0.011435582446545509,0.00034246423716844277,0.005398095262723746,0.005694896817326789,1.2612932653176336e-07
714,0.011341009555707597,0.0002136064272195437,0.005303655728611768,0.005823620826894354,1.2657298193213185e-07
715,0.011255978800763226,0.00013958356543512028,0.005383321336327505,0.00573294658021864,1.2731878196231567e-07
716,0.011317968337386117,0.00021445899164941555,0.0054623420954399895,0.005641039273612624,1.2797668408644757e-07
717,0.01143772045906516,0.0003108741520901752,0.005342888315571381,0.0057838303818430045,1.276095605998255e-07
718,0.01140811763173178,0.0003260972666026696,0.005445120550667643,0.005636772492207209,1.273222542584058e-07
719,0.011287970431988217,0.00018158675346696711,0.005290660403539673,0.005815597576747469,1.2569823410885085e-07
720,0.011238179389254631,0.0001443423120000183,0.005305374908181645,0.005788336788624301,1.2538044866761073e-07
721,0.011332997783216055,0.0002628114814237268,0.0054066676697007415,0.005663392028829395,1.2660326219155786e-07
722,0.011453964408035141,0.00035039566942848013,0.005308756693914376,0.005794684689328159,1.273553641252759e-07
723,0.011379422263619817,0.00031158446619389296,0.005434944769873832,0.005632765287489014,1.2774006307932714e-07
724,0.011239788026274584,0.00015217564210221498,0.0053537944027913726,0.005733692594481257,1.2538689973863736e-07
725,0.011236151410752414,0.00015802324162649808,0.005368766716293133,0.005709239287242531,1.221655902511571e-07
726,0.01136770911241042,0.00031950443134572907,0.005427690449432836,0.005620394874566094,1.193570657603126e-07
727,0.011457822745948872,0.0003731478628156217,0.005262909902435033,0.005821647409959389,1.175707388284755e-07
728,0.01130786278480635,0.00026036845952352765,0.005378510397495265,0.005668864489071348,1.194387162097784e-07
729,0.011193567759187598,0.00013896461104809696,0.005404382637202826,0.005650098566954187,1.2194398248781433e-07
730,0.01128165775707423,0.00021834644093223903,0.005355261162629606,0.005707927882788253,1.222707241322906e-07
731,0.011404734835654599,0.000372158706384265,0.005401601511659302,0.0056308539385576985,1.206790533317032e-07
732,0.011377390184260192,0.0003151495796985444,0.0052971520340167316,0.005764970612576296,1.1795796862042706e-07
733,0.011200026841780744,0.0001693787235484397,0.005411115490277338,0.005619415256748644,1.173712063232707e-07
734,0.01121277895286339,0.0001871832420789242,0.005383215724735068,0.00564226275400259,1.1723204680730645e-07
735,0.011387939602223828,0.00033714165506770803,0.005260606325775949,0.00579007433182671,1.1728955346017867e-07
736,0.011384351279932804,0.0003742934231787238,0.0054047482480586075,0.005605190804881,1.1880381447246114e-07
737,0.01122437971553729,0.00019324583137845703,0.005381031364813023,0.005649983567362791,1.1895198301957667e-07
738,0.011163447091033755,0.00013845617386027878,0.005369506821576599,0.005655365838814047,1.1825678282978872e-07
739,0.011316705258530246,0.0003132768380452852,0.005361649897221961,0.005641661545439714,1.1697782328630106e-07
740,0.011428730795971564,0.0004000914692102442,0.005268531440717206,0.00575999265847024,1.152275738751252e-07
741,0.011244152449267374,0.0002525891492414416,0.0054034621987859716,0.005587986369781061,1.147314589001529e-07
742,0.011137073138468068,0.00013591838971773986,0.005349495972151695,0.005651544844790618,1.1393180801550229e-07
743,0.011283094310707417,0.00026879494034876315,0.005277878956662155,0.005736306063412699,1.1435028379938198e-07
744,0.011375056302414121,0.00039926750874874324,0.0053990114498925525,0.00557666159014741,1.1575362541573525e-07
745,0.011256582702401976,0.0002543480544317884,0.005314358891971824,0.0056877616504457,1.1410555266404927e-07
746,0.011117052339611792,0.0001276574897842787,0.005325727297346367,0.005663555878191041,1.1167429010490612e-07
747,0.01123864489886007,0.00026773713567519416,0.005352482955178375,0.005618314287074889,1.105209316132247e-07
748,0.011406063076666246,0.0004134925507682526,0.005284245897083223,0.005708213935897633,1.1069291713561287e-07
749,0.011251852727300374,0.0002906404457570395,0.005380158623706698,0.005580941495212874,1.121626237640232e-07
750,0.011101548023346793,0.00012491874077730745,0.0053227173299530235,0.005653799674205944,1.1227841051627045e-07
751,0.011214307442958092,0.00023382731679066278,0.005308649719898786,0.005671718425707719,1.1198056092328158e-07
752,0.01134522615816497,0.0004007546595821784,0.005410125537490615,0.005534234750894835,1.1121019734341093e-07
753,0.011258976965742408,0.00028532527147387177,0.005267647455524845,0.00570589575731689,1.0848142680188319e-07
754,0.011088393030546179,0.00013156629651020995,0.005291534364402449,0.005665184701268694,1.0766836482436066e-07
755,0.011183407045512428,0.0002431752078905523,0.005363037493538685,0.005577085426395656,1.0891768753655568e-07
756,0.011368337280528015,0.00040437842308244695,0.005288610130418104,0.005675239152663238,1.0957436422649008e-07
757,0.011239773846720279,0.00030363072836129114,0.005348409438642648,0.005587623933156828,1.0974655950962342e-07
758,0.011071214644075403,0.00012413356415388768,0.005315500939686394,0.005631471125367273,1.0901486784833249e-07
759,0.011162547330191506,0.00021745463963387317,0.005324342129067241,0.0056206424281347945,1.0813335559804543e-07
760,0.011311302140304513,0.0003945653420037432,0.0053860668084353535,0.005530562991721962,1.0699814345427415e-07
761,0.011256805506859447,0.00030716694778877703,0.005246399705600037,0.005703133335492356,1.0551797827697096e-07
762,0.01106253443253375,0.00013463938076430185,0.005314909388268432,0.005612878852370415,1.0681113060344505e-07
763,0.01113419119229199,0.00022094603126017142,0.005361368337291403,0.005551768419529753,1.0840421066154576e-07
764,0.011332046803952068,0.000395370699196578,0.0052391548960985775,0.005697414039672586,1.0716898432779425e-07
765,0.011242925245270236,0.00033662326394934223,0.005291872090494326,0.005614324315900015,1.0557492655236928e-07
766,0.011052571256774736,0.00013528330694628486,0.005302886820909307,0.005614296045819485,1.0508309965712307e-07
767,0.011098462786200088,0.00018317961210859098,0.005319766187186775,0.0055954115568343284,1.0543007039353552e-07
768,0.011268592605938358,0.00037394512320234973,0.005343128524868723,0.005551413493775714,1.0546409157146318e-07
769,0.011271153007956251,0.00034549634091025677,0.005235075966032783,0.00569047589922345,1.0480178976130428e-07
770,0.011053998648613032,0.0001564377342571023,0.005368750919361169,0.00552870435904526,1.0563594950026567e-07
771,0.011072400519232648,0.0001829620032171267,0.005380317272832594,0.005509015530994778,1.057121881500719e-07
772,0.011278034057702264,0.0003664908308545445,0.005216144549750838,0.005695294177420798,1.0449967608464388e-07
773,0.011252009209564188,0.00037276956393397396,0.005253648374200807,0.005625486696768879,1.0457466052717166e-07
774,0.011058142273713994,0.00016554156928969598,0.005280418524784257,0.005612076928862831,1.0525077720933435e-07
775,0.011032280968962534,0.00014343781237723975,0.005324989771851955,0.005563748484797767,1.0489993557049795e-07
776,0.011209337792971053,0.00033579402275950933,0.005337310133267899,0.005536129830360064,1.0380658358221229e-07
777,0.011280997523802174,0.00038175101205139184,0.00522782759994078,0.0056713156132780634,1.032985319390888e-07
778,0.011068003582831373,0.00020163029874409563,0.00535883181726605,0.005507437130580375,1.0433624085123767e-07
779,0.011007244309006257,0.00013939572265596177,0.005344051008391527,0.00552369426670184,1.0331125692750521e-07
780,0.011193359945402765,0.0003058763404460763,0.0052260021097962975,0.0056613800626569505,1.0143250344050829e-07
781,0.011251364641102104,0.000395937586307829,0.005293303377796177,0.005562021741124987,1.0193587310829791e-07
782,0.011097106115116953,0.00022543760457740478,0.00527119453772576,0.005600370700568407,1.0327224538134919e-07
783,0.010978025425761262,0.00011704223872154223,0.005296200625276559,0.0055646793857054766,1.0317605768339631e-07
784,0.011125578058827383,0.0002749075949393946,0.0052758471881957595,0.005574721708742305,1.0156694992593269e-07
785,0.011292005403050125,0.00041812140030334557,0.005204061419741324,0.0056697216859664555,1.00897039002159e-07
786,0.011130608123428466,0.00029203789141305376,0.0053493964958433214,0.005489071367047983,1.0236912410789496e-07
787,0.010964379317196876,0.00011375068606463276,0.005305354192951361,0.005545171659026906,1.0277915397797926e-07
788,0.011073422110969223,0.0002116879146225335,0.005231763628893266,0.005629868322299679,1.0224515374410064e-07
789,0.011229505451016824,0.0003967258495455257,0.005311472609876544,0.005521204674549659,1.023170450949363e-07
790,0.011180512030348184,0.00032833160504078853,0.005279670985789518,0.005572407181234656,1.0225828322061744e-07
791,0.010969241521649851,0.00013518862686430572,0.005323322443294222,0.005510628351694314,1.0209979700957111e-07
792,0.011021558991434132,0.00018953311450349862,0.0052547572296240365,0.005577166910034571,1.0173727202589991e-07
793,0.011240282985278401,0.0003893125806912086,0.0051785704113172645,0.005672297547140801,1.0244612912760774e-07
794,0.011191372003132603,0.00037668641747217065,0.005317097378662528,0.005497484440894001,1.0376610390411673e-07
795,0.010983694853689253,0.00014973236578744804,0.005298467136783502,0.0055353922274413905,1.0312367691433238e-07
796,0.010971836977984619,0.0001367008457170374,0.005278476298565438,0.005556557790921047,1.0204278109641323e-07
797,0.01116536089861718,0.00035332378703624906,0.005307904573495681,0.005504030316502338,1.0222158291131815e-07
798,0.011242675120720557,0.00041016903994365157,0.005239516796907781,0.005592886723474243,1.0256039488212976e-07
799,0.011007173361168184,0.0001980650131134795,0.005312122298361823,0.0054968838701616,1.0217953128127682e-07
800,0.010942330946461194,0.00012660926669532573,0.005275276510517039,0.005540344233056055,1.0093619277591793e-07
801,0.011144273995421472,0.0003159353307543111,0.005222772448595304,0.005605465130885898,1.010851859592863e-07
802,0.011206163732939324,0.00041221931438207817,0.005314161911728524,0.005479679946747313,1.0256008140771068e-07
803,0.011015847288600628,0.00020048650819784312,0.005231152022772383,0.00558410486302794,1.0389460246306806e-07
804,0.010928816759423723,0.00011916954274133486,0.005243108602483048,0.005566437546428478,1.0106777086236448e-07
805,0.011137251134317036,0.00034790437770623744,0.005290377500794701,0.005498868624797604,1.0063101849378557e-07
806,0.011202678073956897,0.00038709337626196514,0.005174171744018792,0.00564131020503711,1.027486390308491e-07
807,0.010950006099280383,0.00016146401307387174,0.0052586997570277,0.005529739129654167,1.0319952464258301e-07
808,0.010967668731851335,0.00017942551464219446,0.005249901973620147,0.005538241080221847,1.0016336714781613e-07
809,0.011199238838494009,0.0003878386467427841,0.005185083278269458,0.005626218457487075,9.845599469140755e-08
810,0.011080752231955112,0.0003031806922549497,0.005350610664790134,0.00542686040323629,1.0047167373941572e-07
811,0.010898267790189275,0.00010786219656343543,0.005293592008139058,0.005496711044783618,1.025407031645134e-07
812,0.011023143334875817,0.00022284641349713756,0.005215030597052035,0.005585163790339501,1.0253398714406763e-07
813,0.011147847668839675,0.0003778872316937748,0.005297630327709784,0.0054722275470559896,1.0256238012675291e-07
814,0.01101792224223859,0.00022851760400166029,0.0052403933679404146,0.0055489073821097315,1.0388818678191304e-07
815,0.010885360975626032,0.00010629908859471917,0.005253250916986195,0.005525704718922114,1.0625112300477573e-07
816,0.011046744038909474,0.0002799616729053613,0.0052568460397379325,0.00550982946838762,1.0685787855977915e-07
817,0.01117956971693577,0.0003890175579410747,0.005209165824743778,0.005581281210118867,1.0512413204950239e-07
818,0.0109762087378407,0.0002144587152570553,0.005349869148252107,0.005411776676250573,1.0419808096399563e-07
819,0.010884708654297784,0.00011673125717521578,0.005291874622907895,0.005475998135179073,1.0463903560154952e-07
820,0.011070760618282787,0.0002879789363122344,0.005188153339970318,0.0055945217207034915,1.0662129674136362e-07
821,0.011120466713326576,0.0003712490711877639,0.005285744861689595,0.005463364757525836,1.0802292338100576e-07
822,0.010954862804264527,0.00018760341464723603,0.0052740245337819245,0.005493128374348325,1.06481487042407e-07
823,0.010870721403909702,0.00010949862669549869,0.0052749281634870086,0.005486188776770928,1.0583695626609694e-07
824,0.011036347455930465,0.00029155029043886465,0.005269235573946364,0.0054754542479242335,1.0734362100286384e-07
825,0.011161378796288509,0.00039368150726593813,0.005211156924035128,0.005556432756340457,1.0760864698469643e-07
826,0.010967870794565593,0.00022504018728813511,0.005305552000720474,0.005437172570721951,1.0603583503409099e-07
827,0.010854934548748226,0.00010544927699799293,0.00528166079026139,0.0054677189191950585,1.055622937844331e-07
828,0.01100582203818074,0.0002510613495982093,0.005228717941395127,0.005525934298917916,1.0844826948793038e-07
829,0.011125963841401684,0.0004013802926779032,0.005270671591757643,0.005453801456696787,1.1050026935206297e-07
830,0.011022512652827878,0.0002708863796425934,0.005236613861958993,0.005514904268750835,1.0814247545666849e-07
831,0.01084643034873693,0.00010736881357994071,0.005299700031629825,0.005439254134453629,1.0736907353669507e-07
832,0.010936791032551374,0.00020911136925671505,0.005307080452994349,0.005420489269299221,1.0994100108922319e-07
833,0.011140787482564222,0.00039490570576392807,0.005207249054716077,0.005538521400634528,1.1132144968932453e-07
834,0.011055752180002135,0.0003390597067741409,0.005258034808411637,0.005458546913992896,1.1075082346240434e-07
835,0.010860034137842681,0.00013096548493573992,0.005296974013349328,0.005431983559578825,1.1107997878851249e-07
836,0.010867036358759512,0.00013879278887331844,0.005288547888235478,0.005439582222674205,1.1345897651060442e-07
837,0.011057080424470038,0.0003453742954560344,0.005252287237902908,0.005459304833646177,1.1405746491824211e-07
838,0.011136020983033611,0.0004014152382819838,0.005213633660721425,0.005520860834898895,1.1124913130773704e-07
839,0.010914389362250945,0.0002071332150309301,0.005333314997658951,0.005373831209527611,1.099400334516944e-07
840,0.010819263987922972,0.00010829540400810481,0.00529986075812212,0.005410996702042822,1.1112374992418656e-07
841,0.011000358387511991,0.000278110332212952,0.005197223587103447,0.005524911511640433,1.1295655515944019e-07
842,0.0111200037124062,0.00042845970102986904,0.005224113298345605,0.005467318547288169,1.1216574255653297e-07
843,0.011013119576032014,0.0003012075470110569,0.0052448872841020676,0.005466915830991373,1.0891392751752475e-07
844,0.010808819904825165,0.0001074124903376957,0.005279283587157559,0.005422014838015196,1.0898931471378377e-07
845,0.010901343461477217,0.00020707566304592646,0.005271813592788185,0.005422341514744161,1.1269089894451945e-07
846,0.011133291580683723,0.0004238398930613339,0.0052455617680308795,0.005463776158009869,1.1376158164022759e-07
847,0.01104369325097214,0.0003611887132113055,0.005322797581621026,0.005359595969272374,1.1098686743311536e-07
848,0.010825346119037092,0.00012777594117037157,0.005284058940063466,0.005413401805755996,1.09432047259062e-07
849,0.010836648386094766,0.0001429555664414693,0.005251070859450337,0.0054425093339061795,1.1262629678073428e-07
850,0.011054637131069666,0.0003814507182060873,0.005237052400621121,0.005436020220626947,1.1379161551081109e-07
851,0.011124462047237051,0.00042647370317714663,0.005211039074511376,0.005486839583899156,1.0968564937237923e-07
852,0.010866369766914472,0.00019032548728134354,0.005297461901011548,0.005378474932966033,1.0744565554755853e-07
853,0.01079783590490492,0.0001238571694423899,0.005300705971715469,0.0053731622645767805,1.1049917028208547e-07
854,0.01103191580366309,0.00034494506408965224,0.0052103362761425605,0.005476520298340283,1.1416509059410736e-07
855,0.01109164541183335,0.00042852164810372315,0.005222395089934478,0.0054406152904768685,1.133833182789675e-07
856,0.010895158484930684,0.0002166996592408582,0.005292304678513322,0.005386044456750598,1.0969042590609385e-07
857,0.010773183390676686,0.00010253744556207942,0.0053322289907163515,0.005338309072225276,1.0788217297858397e-07
858,0.01096241398905387,0.00030254852024790257,0.00526459603479414,0.005395160033664189,1.0940034763779539e-07
859,0.011137862256043308,0.00045815170645176667,0.005188447923097743,0.005491150736864206,1.1188962959283501e-07
860,0.010904715853481564,0.00025210770153796,0.005288992790433066,0.0053635032375876565,1.121239228808149e-07
861,0.01075855362258388,9.934242347222523e-05,0.00530366731381521,0.005355434105620815,1.0977967563081161e-07
862,0.010941092461546644,0.00027265926906948443,0.005231187576627062,0.005437136242357116,1.0937349298120309e-07
863,0.011070320734067324,0.0004277190840504205,0.005216690372903797,0.0054258003229373875,1.1095417571998613e-07
864,0.010932728517225416,0.0002727574426874603,0.005204375525088596,0.0054554858962083674,1.0965324099254743e-07
865,0.010743604446833829,9.17215652690346e-05,0.005236845347615965,0.005414931582639766,1.0595130906474221e-07
866,0.010889676547248118,0.0002474012585916501,0.005281697847695497,0.005360471964348735,1.0547661223412036e-07
867,0.0110996709739332,0.0004427473837768069,0.005267695737009083,0.005389119183916427,1.0866923088448271e-07
868,0.010928425132486446,0.0002926124011810668,0.005286755458885826,0.005348946064835643,1.1120758391016263e-07
869,0.0107372600548751,8.970842392091393e-05,0.005232966243010373,0.005414476129318918,1.0925862489375992e-07
870,0.010855798360688961,0.0002073582619145353,0.0052391216612952506,0.005409211012310509,1.0742516866658617e-07
871,0.011037585398493553,0.00041290402441312773,0.005287919333877889,0.0053366535936312165,1.0844657132009323e-07
872,0.010973426346504462,0.00032615274481246156,0.0052133039004112,0.005433859877763812,1.0982351698876274e-07
873,0.010744766161988158,0.00011018266111274126,0.005201787022577787,0.005432686020931045,1.1045736658477214e-07
874,0.010803611386563843,0.00018007666744348998,0.0052431586149953675,0.005380266620036519,1.094840884670481e-07
875,0.011046477626562757,0.0004100198034607189,0.005235923701734548,0.005400427357380962,1.0676398652848018e-07
876,0.01098888452194274,0.0003701706483044201,0.005238068440304172,0.005380539557035073,1.0587629907595941e-07
877,0.010764850392140736,0.00013109602005474945,0.005238397772015987,0.005395247905699451,1.0869437054936656e-07
878,0.010750296866879807,0.00012198510715920991,0.00526949235091776,0.005358707663163945,1.1174563889126875e-07
879,0.010958794600501441,0.000346735996758778,0.0052710960659101075,0.005340851651245162,1.1088658739452325e-07
880,0.011058369961406384,0.0004261432963859245,0.005220201375141039,0.005411916457917001,1.0883196241729826e-07
881,0.010810501826418215,0.0001989276455938525,0.005275707239298493,0.005335756368153793,1.1057337207707922e-07
882,0.010714247544324042,0.00010081257510947546,0.005264772599809337,0.005348549559924642,1.1280948058889967e-07
883,0.01091323190015596,0.00028861345308916006,0.00518069794996741,0.005443809128592699,1.1136850669231824e-07
884,0.011033189574291166,0.0004313865346812432,0.005178025464687795,0.005423668705188795,1.0886973333237016e-07
885,0.010899762552124492,0.00028548375167517496,0.005237635676590483,0.0053765336540767365,1.0946978209676758e-07
886,0.010697956256625334,9.29207145245797e-05,0.005278466850535111,0.005326456888041844,1.1180352379777063e-07
887,0.010821930769723778,0.000218973407525536,0.005235672043077672,0.005367172636333696,1.1268278687481752e-07
888,0.011055275571760692,0.00043736135822900537,0.00520953621745081,0.005408266206686632,1.11789394244624e-07
889,0.010938928626566454,0.00034759512746247316,0.005304209228032805,0.00528701413710451,1.1013396666623859e-07
890,0.010710402350450341,0.00010708413800539259,0.005271164484302553,0.005332045316430296,1.0841171210026271e-07
891,0.01075700074832413,0.00014978283942742427,0.005201571686987639,0.005405535890427814,1.103314812519326e-07
892,0.010978307825614165,0.0003910084425901426,0.0052055247810342655,0.005381659856163264,1.1474582649403392e-07
893,0.011028911461174799,0.0004268351094033347,0.005222894200924384,0.0053790668206396865,1.1533020739299503e-07
894,0.010754703548233473,0.00016783761356641333,0.005255654916734202,0.005331099295189842,1.1172274301483817e-07
895,0.010709308628648046,0.00011941188385815423,0.005222887934249118,0.005366898439309703,1.1037123106914888e-07
896,0.010947933066571595,0.00034912242257245093,0.005203634696598556,0.005395062337595175,1.1360980541411094e-07
897,0.011007321581981854,0.00043112897469731735,0.005255262692647667,0.005320814140419848,1.1577421702236471e-07
898,0.010795617935023987,0.00020089117648114147,0.005238884112309035,0.005355729823229002,1.1282300480893173e-07
899,0.010677735020240076,8.900934888057257e-05,0.005251879162377851,0.005336736169023479,1.1033995817453717e-07
900,0.010871655852199047,0.0002986858454989122,0.005268928459084121,0.005303929350773209,1.1219684280381147e-07
901,0.011059242866848715,0.0004708541370276702,0.005218017199479368,0.005370256530028755,1.1500031292222429e-07
902,0.010836362869355597,0.0002631938852106312,0.005202165729246582,0.0053708885379528245,1.147169455566622e-07
903,0.010664008976898771,8.279751990518604e-05,0.005189954846749629,0.0053911463349837555,1.1027526020062837e-07
904,0.010827582261805958,0.0002462626598268595,0.005218321337088189,0.005362888267116331,1.0999777457725404e-07
905,0.0109582272129196,0.00039889824828270013,0.005277371348025235,0.0052818451058694585,1.1251074220604931e-07
906,0.010806841751615491,0.00022481345678450473,0.005146596823898515,0.005435318691641517,1.1277929095380431e-07
907,0.010657378267766068,8.267299592209388e-05,0.005169358963347657,0.00540523387583253,1.1243266378595939e-07
908,0.010814728421859389,0.0002541533578456138,0.005273086418991274,0.005287377162279846,1.1148274265619937e-07
909,0.010981991999953073,0.00040580717076637023,0.005234547294999712,0.005341529231951212,1.0830223577855804e-07
910,0.010794203150823911,0.00023357120077345688,0.005244995315073801,0.005315530394055392,1.0624092126106611e-07
911,0.010647597421923748,8.115982687224324e-05,0.00518989090549291,0.005376440489606097,1.0619995249922257e-07
912,0.010798038258397001,0.00023036812286744647,0.005184382299539508,0.005383180149675478,1.0768631456815881e-07
913,0.010944208955280383,0.0003969078368499361,0.005241613099223789,0.005305579570536918,1.0844866973828175e-07
914,0.010846902029761737,0.0002783468563878351,0.0051775227646066665,0.005390924094087754,1.0831467948104121e-07
915,0.010650143607665905,9.327595673052326e-05,0.005226881796436793,0.005329874851299898,1.1100319869067201e-07
916,0.010730748222941434,0.00018245152509560548,0.005255715036806716,0.005292469427373328,1.1223366578455143e-07
917,0.010947991846646419,0.00038493391119375555,0.005167362668131307,0.005395587250301153,1.0801702020103682e-07
918,0.01089479094897785,0.0003506395733668697,0.005182714009595986,0.0053613344392086275,1.0292680636716659e-07
919,0.010682132264169506,0.0001281164880291108,0.005226267425148922,0.005327646830134616,1.0152085685573724e-07
920,0.010658370516710335,0.00010942831966649325,0.005283733122522379,0.00526510533518656,1.0373933490413666e-07
921,0.010846658746945955,0.0003089380852849697,0.005260143466876827,0.0052774717054577995,1.0548932635721432e-07
922,0.010964605488759821,0.0004065617840082964,0.005143428425579449,0.00541451100930156,1.0426987051662968e-07
923,0.010767856028238666,0.00023210303068735828,0.00520859983419402,0.0053270498122826955,1.0335107459318117e-07
924,0.010622361492430963,8.354949148385239e-05,0.005241957914506331,0.005296750801244181,1.0328519659925963e-07
925,0.010742635368528227,0.00019753098981204823,0.005196591683378708,0.005348408067856556,1.0462748091465296e-07
926,0.010920055976926512,0.0003927105790328011,0.005204876117291162,0.005322362428360291,1.0685224225671339e-07
927,0.010909724162228462,0.00036710133981265045,0.0051997258806851954,0.005342791048439206,1.0589329140928114e-07
928,0.010673357295938749,0.00014548867658501158,0.005245231836920287,0.005282534607766428,1.021746670216056e-07
929,0.010636992749151232,0.00010637328112771962,0.005212843046640674,0.005317677178574518,9.924280832066884e-08
930,0.01084082943455216,0.000302764999068199,0.00521037171983272,0.005327591107419178,1.0160823206207603e-07
931,0.01094267536479566,0.00042645384146245736,0.005281895417748007,0.005234219233000984,1.0687258421154339e-07
932,0.010799625116132664,0.0002640745821000006,0.005203723819537176,0.00533171926744013,1.0744705535692001e-07
933,0.010610053816412498,8.446408038334352e-05,0.005195994142642121,0.005329490709611113,1.0488377592191104e-07
934,0.010703019103136244,0.00018901058662912815,0.005241156833506571,0.005272748814943579,1.0286805696524996e-07
935,0.010942146504202065,0.0004158702882452079,0.0052086352583574705,0.005317538758270837,1.0219932855058387e-07
936,0.010909399683041984,0.0003994126599613119,0.005187500626778497,0.005322383276078789,1.031202233842809e-07
937,0.010684679689609278,0.0001606914328164626,0.005208757131298965,0.0053151271814105075,1.0394408334420823e-07
938,0.010605021723894825,8.849003420674482e-05,0.005261224180335991,0.005255203685727974,1.0382362411456351e-07
939,0.01080019108438407,0.00029501290068093634,0.005242154016957764,0.005262921373252436,1.0279349293317723e-07
940,0.010983410081369223,0.0004611980371645127,0.005200539749124212,0.005321569344834613,1.0295024588462666e-07
941,0.010787296198904867,0.00028481985198522804,0.0052802919614567435,0.005222079375696258,1.0500976663598678e-07
942,0.010589886798985053,7.873060619153691e-05,0.0052602276943325265,0.005250825302405938,1.0319605505264423e-07
943,0.010700470086858078,0.00018546743667836833,0.005181484946879757,0.005333418679671524,9.902362842760377e-08
944,0.010912974770803233,0.0004197011834879171,0.005178755761121378,0.005314420111974154,9.771421978245288e-08
945,0.01092369122080542,0.00041675640401396064,0.005219827200614934,0.005287008130105442,9.948607108390203e-08
946,0.010637805861645314,0.00014073732331333836,0.005228056160690014,0.005268910410272594,1.0196736936766147e-07
947,0.01061937756913329,0.0001192104769712842,0.005210361217240884,0.005289703349423137,1.025254979853914e-07
948,0.010872053121403666,0.00036520187660487636,0.0052298305014827325,0.0052769197395047185,1.010038113384711e-07
949,0.01091103441616184,0.00042543969930194215,0.005268807708661521,0.005216688707022885,9.830117548896944e-08
950,0.01069261344186547,0.0001905169354412531,0.005218441905967076,0.0052835589808898666,9.561956727301861e-08
951,0.010572566796128897,7.670870058462637e-05,0.005238043178789238,0.005257717796192185,9.712056284637623e-08
952,0.010785495177945432,0.00030247879792320067,0.005253565095120173,0.0052293521762106585,9.910869139932043e-08
953,0.010963872302717484,0.00046410658920045816,0.005177147099545264,0.00532252150717235,9.710679941281075e-08
954,0.010747595062957268,0.00026498502039014506,0.005148138567403255,0.0053343767263944585,9.474876941071372e-08
955,0.010561901557521139,7.840844808459533e-05,0.005226484521001609,0.005256913543056153,9.504537878220643e-08
956,0.010706981472715172,0.0002180613353327204,0.00521788968657279,0.0052709341155481315,9.633526152963797e-08
957,0.010893935988611188,0.00041613341150691503,0.005173715565389926,0.0053039896792526995,9.733246164718907e-08
958,0.010818289999926034,0.00032648639187359566,0.005210509549367015,0.005281196482532527,9.757615289597287e-08
959,0.010579784058822947,0.00010261394940419178,0.0053118893289967025,0.005165183493447187,9.728697486518246e-08
960,0.010635884399981721,0.00016060688019409636,0.005263139882829013,0.005212042575248755,9.506170985700667e-08
961,0.010891033435428427,0.0004010499297536306,0.005165503089521489,0.005324386413848319,9.400230498941647e-08
962,0.010842384789147163,0.0003741072604346719,0.005198214287446041,0.005269967308825905,9.593244054565955e-08
963,0.010611961354914939,0.00013569740868910854,0.005229757255923495,0.005246410971331388,9.571897094859816e-08
964,0.01057361098262207,9.80758471827985e-05,0.005183233206882271,0.005292208482655631,9.344590136876334e-08
965,0.010794248414551027,0.00033067713793284725,0.005154421173755779,0.005309057154290159,9.29485722411751e-08
966,0.010933591922220211,0.0004580584203703134,0.005192554985381181,0.005282883832505405,9.468396331038151e-08
967,0.010691998935895975,0.0002297277622871531,0.005223329676266892,0.005238845512767634,9.598457429586192e-08
968,0.010544037049706537,7.271766424300144e-05,0.005192225292917265,0.005278999208623829,9.488392244114642e-08
969,0.010715314101366068,0.00024177970462181127,0.005221727387872028,0.0052517123718451375,9.463702709166223e-08
970,0.010883867050988958,0.00043051284642242594,0.00528729431941746,0.005165964599015885,9.528613318701911e-08
971,0.010765623145069377,0.000295487284801568,0.005217966389583849,0.005252075832517318,9.36381666419294e-08
972,0.010549471542957585,8.490356895372457e-05,0.005162604921209312,0.0053018711610535235,9.189174102294378e-08
973,0.010628442468093706,0.00017241053598411352,0.0051990229104940545,0.00525691792531788,9.109629765845267e-08
974,0.010885796132052256,0.0004226215905876836,0.0052227246041671276,0.005240359891787754,9.0045509691218e-08
975,0.010817419642731602,0.00036903074946618275,0.005187338288307856,0.00526096069226968,8.991268788124953e-08
976,0.010589250046308464,0.00012697602533727064,0.0051529241266010835,0.00530925792275301,9.197161710034869e-08
977,0.010551419337572946,9.39846766761371e-05,0.005195629675291634,0.005261709254215681,9.573138949411075e-08
978,0.010772762168205227,0.0003281269516493517,0.0052315730104224335,0.005212966436446261,9.576968718093753e-08
979,0.010900539431678274,0.0004392602687177789,0.005190078170663321,0.005271109783030179,9.120926699410197e-08
980,0.010673509162383776,0.00022589257212857542,0.005199545343098976,0.005247982654706178,8.859245004575255e-08
981,0.01051705509857868,6.781623831592669e-05,0.005245256794327237,0.005203892324466105,8.974146941253946e-08
982,0.010683821350045563,0.00023088904323486484,0.005221870210904563,0.0052309706493136815,9.144659245274409e-08
983,0.010856232668797705,0.00041602621296541056,0.005164310398684326,0.00527580510244486,9.09547031101477e-08
984,0.010788339826880542,0.00033463610005651334,0.005180594745825531,0.0052730196679176685,8.931308082854529e-08
985,0.010543319781593554,0.0001028039378176525,0.005252172980280608,0.0051882531940780725,8.966941722201473e-08
986,0.010576403064264541,0.0001372189756630222,0.005221967776088221,0.005217125581376398,9.073113689989365e-08
987,0.010832173306039543,0.0003796312687944474,0.005138599479981231,0.0053138516181622155,9.093910164922556e-08
988,0.01084042343195605,0.0004062861871379889,0.00515052943512613,0.005283517286612548,9.052307938559688e-08
989,0.010623400790093877,0.0001818097098395582,0.005238270335787602,0.0052032316537500714,8.909071664414014e-08
990,0.010512222129407677,7.40126195266421e-05,0.005255208994589533,0.005182912742496681,8.77727948207336e-08
991,0.010705770662535832,0.0002725597218210979,0.005195158999190639,0.0052379641125119576,8.782901213533682e-08
992,0.010895820881448253,0.00044990447982441294,0.005167303752683804,0.005278523589658062,8.905928197494293e-08
993,0.01071569678665428,0.0002880816798754661,0.00521284183886675,0.005214683211261658,9.005665040777505e-08
994,0.010501725393890915,6.723424617187467e-05,0.0052144702434982,0.005219932071211459,8.883300938092004e-08
995,0.010611320744073765,0.00017353567683325386,0.005193655790051168,0.0052440407481436635,8.85290456798706e-08
996,0.0108189606656367,0.0003963899666331503,0.005209554822317464,0.005212926091811814,8.978487427002439e-08
997,0.010825905899683432,0.0003903642774696425,0.005204451398358819,0.005231001348367606,8.887548736568736e-08
998,0.010557340768629603,0.0001308050915540751,0.0051747313978131974,0.00525171805032892,8.622893340967e-08
999,0.010527149498215111,9.972052605464531e-05,0.005161459335445947,0.005265884759552406,8.487716211188051e-08
1000,0.010764153380838365,0.00033225095150603436,0.0052063160219735895,0.005225499762223844,8.66451348973955e-08
1001,0.01084483537749832,0.0004296708726966932,0.005247366449694732,0.005167708969768752,8.908533814287794e-08
1002,0.010648600647386895,0.00021804148199519588,0.005196398673215488,0.005234072159255222,8.833292098788276e-08
1003,0.010488657109750938,6.222382717941175e-05,0.005172745303305463,0.005253601895506003,8.608376006026264e-08
1004,0.010661998603814704,0.0002453449104649769,0.005194005541874109,0.005222561535577568,8.661589805004684e-08
1005,0.010860763394533948,0.0004344556406472614,0.0051725047127190674,0.005253718643091193,8.43980764252827e-08
1006,0.010670085897136458,0.000255925681753682,0.005191802493434153,0.005222273489451719,8.423249690498833e-08
1007,0.010483154941245718,6.313155481290965e-05,0.005173527765260973,0.005246405885372472,8.973579936493952e-08
1008,0.010623002160475811,0.00020151480444133407,0.005166587312740148,0.0052548055423727435,9.450092158627432e-08
1009,0.010804343447315784,0.00039633219145623265,0.00517785834721997,0.005230061983195199,9.092544438157847e-08
1010,0.010730146877009843,0.0003079042479258398,0.005133829543840902,0.0052883282211422245,8.486410087529798e-08
1011,0.010494038436917055,8.010397749520345e-05,0.005165312919272536,0.005248536831644518,8.470850479788865e-08
1012,0.010562586949407945,0.00015281617069518453,0.005206252919208636,0.005203429329949813,8.852955431075726e-08
1013,0.010802693853768974,0.0003832918273289024,0.005184698324754603,0.005234613908900541,8.979278492818916e-08
1014,0.01074923282040577,0.0003430814533899828,0.005198273792808007,0.005207789205029963,8.836917781676639e-08
1015,0.010521932810273677,0.00010857140110747624,0.005191500493543759,0.0052217727060302,8.820959224385841e-08
1016,0.01050527795514674,9.44440895398711e-05,0.005181290147155586,0.0052294538022938175,8.991615746470674e-08
1017,0.010721318234930896,0.00031853786087699564,0.0051500327722497005,0.005252657572899912,9.002890428890012e-08
1018,0.010832181139880681,0.0004162873414473851,0.005140760092457225,0.005275045665469161,8.804050691078576e-08
1019,0.010598106880356908,0.0001962410135592777,0.005218685318030491,0.005183093373854022,8.717491311857527e-08
1020,0.010467227644132764,6.302418166455062e-05,0.005214989353392771,0.005189126316656549,8.779241889395098e-08
1021,0.010647316938980751,0.00023705655481229265,0.005144664585474601,0.005265507399068686,8.839962517199255e-08
1022,0.010808117949306754,0.00041098933628497914,0.005136672604631225,0.005260368215602501,8.779278804722506e-08
1023,0.010709625625201,0.00030236026437332385,0.0052039042393066835,0.005203275089244585,8.603227640883095e-08
1024,0.010479767330546525,7.917024518330637e-05,0.005247962570946311,0.005152549506791391,8.500762551568355e-08
1025,0.010550028559661459,0.00015142371043974355,0.005199487356349768,0.0051990310689040194,8.642396792611884e-08
1026,0.010799397139935824,0.00039354783233517816,0.00514600287910202,0.0052597576762494404,8.875224918574623e-08
1027,0.010766398692677884,0.00037675393743603983,0.005159378830112045,0.00523017797890391,8.794622588834553e-08
1028,0.010530960956499694,0.0001310867812256455,0.005175486313105579,0.005224302910854082,8.495131438685979e-08
1029,0.010474693914984292,7.661237134567496e-05,0.005201101434310458,0.00519689493163609,8.517769206864684e-08
1030,0.010688020281696449,0.0002992376520985788,0.0052054321107509295,0.005183263176859751,8.734198719046744e-08
1031,0.01083010763316347,0.0004292991665153127,0.005155765033003848,0.005244957116423709,8.631722060072706e-08
1032,0.010615260856997336,0.00022641855522511107,0.005143134100414259,0.005245624000021265,8.420133669914838e-08
1033,0.010449076474173292,5.866150422437484e-05,0.005199263801936287,0.005191066368381343,8.479963128694361e-08
1034,0.010591258163110564,0.00019774388034589097,0.005202343055009053,0.005191084724185634,8.650356998664117e-08
1035,0.010776177480467674,0.00039278443563883883,0.005169391960803257,0.005213914285877775,8.679814780396413e-08
1036,0.010719157901242114,0.0003247867958702712,0.005171983643027338,0.005222301648749761,8.581359474358173e-08
1037,0.01048063792581466,9.622254494055961e-05,0.005199891279717576,0.0051844381187489815,8.598240754359393e-08
1038,0.010498118760017805,0.00011391816175604912,0.0051630947648384,0.0052210186194593,8.721396405569799e-08
1039,0.010739647875625365,0.00034835893333018414,0.0051540169609984,0.005237182973434356,8.900786242606845e-08
1040,0.01077627212415269,0.00040059347824188666,0.0051944422845331606,0.005181148260215764,8.810116187726147e-08
1041,0.010569607998205253,0.0001826033435428306,0.005194110711696538,0.005192810555480484,8.338748540130305e-08
1042,0.010440456528354378,5.658465791260079e-05,0.0051604479603602725,0.005223342491250397,8.14188311073327e-08
1043,0.010615243335561093,0.00023968645107672314,0.00514359029309626,0.005231882807826714,8.378356139563241e-08
1044,0.010833392450595423,0.00044817971757615967,0.005158604112376765,0.005226523102529152,8.55181133451359e-08
1045,0.010686145383661989,0.00031268413605493975,0.005177487417401291,0.0051958884489163954,8.538128936101994e-08
1046,0.010453537942795526,7.410944865877077e-05,0.005223800340384551,0.0051555424316261,8.57221261038032e-08
1047,0.010511224764525842,0.00013143686681720197,0.005198131983966929,0.005181569549252588,8.636448912302688e-08
1048,0.010746277315046994,0.00037501648339598154,0.005127980473536705,0.0052431945874103665,8.577070394035232e-08
1049,0.010798343217227497,0.00041666158419701577,0.005163505398246661,0.005218090916785298,8.531799852159262e-08
1050,0.010525910647427342,0.00015622215526393983,0.005245940801678044,0.005123661456935946,8.623354941123899e-08
1051,0.010449210914213618,7.67931766759904e-05,0.005208604141424721,0.0051637276948155175,8.590129738914585e-08
1052,0.010684357778937814,0.0003062004560601891,0.005146788586777166,0.005231283464342687,8.527175777190221e-08
1053,0.010792888995512359,0.00042986317798091386,0.005127468656996591,0.005235472892569152,8.426796570027466e-08
1054,0.01061105322425694,0.00023664495691823169,0.005165231202948938,0.005209094508964361,8.255542540971032e-08
1055,0.010426279601288668,5.556033897912369e-05,0.005183541917887479,0.005187093343599203,8.400082286098506e-08
1056,0.010582827393167626,0.0002192808500759569,0.0051995982259352745,0.005163860672878065,8.764427832925573e-08
1057,0.0108154609574718,0.00044282951648028047,0.005171579958920332,0.0052009645451973185,8.693687387021344e-08
1058,0.010663513194748944,0.00030129571795156277,0.005138507685278025,0.0052236261618087455,8.362971060964647e-08
1059,0.010432353633702344,6.427434914279596e-05,0.005192875937691094,0.005175120118194154,8.322867430140865e-08
1060,0.010512933207120923,0.0001439917551389657,0.005217814193565009,0.005151042442722074,8.481569487369671e-08
1061,0.010730810632762898,0.0003715418374314983,0.0051823983305234606,0.0051767858747363725,8.459007156505554e-08
1062,0.01073073892245751,0.00036167261381303117,0.005173739918844759,0.00519524331163704,8.30781626798974e-08
1063,0.010472228273664208,0.00011360830843293261,0.005189249975722874,0.005169286788041377,8.320146702303181e-08
1064,0.010454248069929142,9.354103232695511e-05,0.005146993851669353,0.005213630221640955,8.296429187755975e-08
1065,0.010699948498361662,0.0003318676175159773,0.005132940639155942,0.005235057577171075,8.26645186682212e-08
1066,0.010749236324539837,0.0003966455208933441,0.005163194265136792,0.005189314044103386,8.24944063149912e-08
1067,0.01054218628582067,0.00018005655521475286,0.0051715770048675475,0.005190470948132159,8.177760620975734e-08
1068,0.010413027531806967,5.3045339068771044e-05,0.005135803789694521,0.00522409521968435,8.318335932441357e-08
1069,0.010594434974737131,0.00024157036237399722,0.005142099658356375,0.005210679606267452,8.534773930679014e-08
1070,0.010800208310752422,0.0004374084869798439,0.0051811957199916865,0.0051815206706337675,8.343314712417342e-08
1071,0.010632283226677664,0.00027924673955006873,0.005191333955456287,0.005161621911171297,8.06205000108221e-08
1072,0.010414061075938588,5.656673704791282e-05,0.0052141344399399304,0.005143277949428458,8.194952228626467e-08
1073,0.010512509726123703,0.00015491694253114534,0.0051840816614876105,0.005173427282575268,8.383952967852355e-08
1074,0.010734618756337314,0.00038611224477108717,0.005115290432618985,0.005233134123364135,8.195558310635023e-08
1075,0.010743315576574354,0.00038433952938672205,0.005167618246411378,0.005191277908817984,7.989195827153828e-08
1076,0.01047228262019709,0.00012241562002021468,0.005235049039725334,0.0051147374421431436,8.0518308396822e-08
1077,0.01044250389129175,9.054064121045506e-05,0.0051768012393849615,0.005175081651694853,8.035900147918318e-08
1078,0.010691490607122048,0.000333811725388838,0.005133384140769262,0.005224215043272891,7.969769105777808e-08
1079,0.010752639925804872,0.0004103123649978235,0.005132592566051672,0.005209655013773324,7.99809820520457e-08
1080,0.010540393165889488,0.00018777318732677426,0.0051668008073095,0.005185738124201916,8.104705129976272e-08
1081,0.010404400923660358,5.3407157590669076e-05,0.005161148175570167,0.005189762982111173,8.260838834939302e-08
1082,0.010589174011525725,0.0002453080120440585,0.005181604891830842,0.00516217879816156,8.230948926363195e-08
1083,0.010789062801766726,0.00043592430540349825,0.005174891284195698,0.005178168340156405,7.887201112501818e-08
1084,0.01060594482468903,0.0002622510763184178,0.005129198753999622,0.005214417212017588,7.778235340222299e-08
1085,0.010398309499220389,5.082497636938308e-05,0.005178589381022714,0.005168813290178364,8.185164992607582e-08
1086,0.01051495375966786,0.00016608135083007948,0.005209504089416257,0.005139284289919263,8.402950226159297e-08
1087,0.010713476686164977,0.0003732686224819067,0.00517879148728031,0.00516133643022466,8.014617810050158e-08
1088,0.010682117457354878,0.00033135250330755723,0.005181297886856167,0.005169390984874997,7.608231615524953e-08
1089,0.01043520939768897,9.339147055423775e-05,0.00518467845782324,0.00515706314209544,7.632721605090212e-08
1090,0.010444841774721096,0.00010296025998252375,0.005123443295124291,0.005218360305990123,7.791362415854526e-08
1091,0.010691193344089925,0.0003432285237100997,0.005132653420001723,0.005215231971098442,7.942927966063134e-08
1092,0.010729163260252172,0.0003952127697901157,0.00517588434727579,0.0051579856556291616,8.048755710304932e-08
1093,0.010515247500535084,0.00017067062249990798,0.005172272225908294,0.005172224061009954,8.059111692907073e-08
1094,0.0103932585527654,4.998855218837627e-05,0.005113257663563636,0.0052299319895904705,8.034742291808e-08
1095,0.010578588168801351,0.00024285247666892037,0.005118425951792092,0.0052172300618599935,7.96784803446134e-08
1096,0.010786176908447952,0.00044183924888779066,0.005182874900321781,0.005161384706612325,7.805262605445408e-08
1097,0.010615956798970184,0.00028086512415099487,0.00517656581554331,0.005158447971491731,7.788778414923547e-08
1098,0.010395687206667083,5.537106104103651e-05,0.005212872955531252,0.005127362689889709,8.050020508627437e-08
1099,0.01049273460103326,0.00015158312524861075,0.005197591302247206,0.005143479837984839,8.033555260434888e-08
1100,0.010713403286069165,0.00038050699694359237,0.00512297313777867,0.005209846832666231,7.631868067156523e-08
1101,0.010720982131697972,0.00037775956934850744,0.0051820559761515325,0.005161091327547145,7.525865078649021e-08
1102,0.010448152622763225,0.00011355930630882343,0.00523707694908722,0.0050974376580627855,7.870930439695361e-08
1103,0.010426761762785952,9.169512113439544e-05,0.005164201939329328,0.005170783769353615,8.093296861477907e-08
1104,0.010663063887208439,0.00032231960057021254,0.005115104436036503,0.00522556122195369,7.862864803300933e-08
1105,0.010678317956437132,0.00035188044895362834,0.0051777978971950835,0.0051485638827559205,7.572753250011467e-08
1106,0.010458452015160937,0.00012165769028024307,0.005108373386518094,0.005228347827640605,7.3110721994863e-08
1107,0.010399890917922792,6.443710927760462e-05,0.005087639253197255,0.005247739091760284,7.546368764820534e-08
1108,0.010611757360349805,0.0002856576132349987,0.005132381114903879,0.005193638825452954,7.980675797230348e-08
1109,0.010723084061938002,0.0003854782442128315,0.00510875479735838,0.005228771478908199,7.954145859119192e-08
1110,0.010507073276136375,0.00017868623581188844,0.005139859955432086,0.005188449483985815,7.760090658413713e-08
1111,0.010385062661107778,5.5747400766905766e-05,0.0052147097675663435,0.005114528666053841,7.68267206875852e-08
1112,0.010554884541226947,0.00022068205808766522,0.005147239130599446,0.005186887313409454,7.603913038341298e-08
1113,0.010699874582399672,0.0003742453199752886,0.005108087836384911,0.005217465405345132,7.602069434012483e-08
1114,0.010584185338556602,0.0002499555899349021,0.005199695759897093,0.005134457522205612,7.646651899600855e-08
1115,0.010385282886431759,5.536159524596765e-05,0.005254595018902693,0.005075250310329118,7.59619539808058e-08
1116,0.01048397010537944,0.00015706061213228577,0.0051835356708491475,0.005143298427650005,7.539474800198781e-08
1117,0.010701962665541907,0.00037001991403490605,0.00516891210406011,0.005162953971502221,7.667594466953755e-08
1118,0.010639445552211899,0.0003189725497775693,0.005163108136362108,0.005157288159901124,7.670617109639269e-08
1119,0.010426156281998325,9.539243256401084e-05,0.005105020608576814,0.005225669040206969,7.420065052945911e-08
1120,0.010402833100028592,7.513642010687303e-05,0.005164165939917467,0.0051634565072610945,7.423274315668367e-08
1121,0.010603698280738118,0.00028541068805292225,0.005172729954576942,0.005145481694409445,7.594369880867037e-08
1122,0.010721727786941238,0.0003911546978758884,0.005052866010362633,0.00527763049176954,7.658693317659498e-08
1123,0.010530305448207142,0.0002102804692121884,0.005050055511163611,0.005269892390841004,7.707699033889342e-08
1124,0.010382293346096732,6.074003987498222e-05,0.005214115154349971,0.005107361700098183,7.645177359631662e-08
1125,0.01047392303523244,0.00014714154497756646,0.005161961795949058,0.005164746484967854,7.320933796193078e-08
1126,0.010654638256599973,0.0003358908157644704,0.005133695071049797,0.005184979587747674,7.278203803427168e-08
1127,0.010662065216681236,0.00033634114396862477,0.0052333732805457805,0.005092275716918591,7.507524823892245e-08
1128,0.010432022725260665,0.00011294815274104162,0.005216463140201527,0.005102536611542106,7.482077598965713e-08
1129,0.010400568055029806,7.879141529993612e-05,0.005130535118325014,0.0051911690789409595,7.244246389485679e-08
1130,0.010572039121865155,0.0002482475074348627,0.005218691786350607,0.005105027149176759,7.267890292756565e-08
1131,0.010700488034606307,0.00038745063051785913,0.005257644914560191,0.005055318767037733,7.37224905230553e-08
1132,0.010586990907614774,0.00026185036369784863,0.005095362959345687,0.005229704705196713,7.287937452576702e-08
1133,0.010385916889479837,6.726876931030745e-05,0.005073412837083792,0.005245162137033522,7.314605221545395e-08
1134,0.010436023492926733,0.00012398616420659285,0.005189017559218155,0.005122945518073999,7.425142798609525e-08
1135,0.010627936554443093,0.0003093003947115298,0.0051189297552085245,0.005199633113874451,7.329064858834026e-08
1136,0.010710261151980226,0.0003966271503600671,0.0049773537841780935,0.005336207501960076,7.271548198916781e-08
1137,0.010556360684575133,0.00023804213034407808,0.005172787701865159,0.005145455614082379,7.523828351644768e-08
1138,0.010392982696939156,7.72639140574573e-05,0.005294234362878518,0.005021409126719888,7.5293283292839e-08
1139,0.010445452741505086,0.00012966267525461167,0.005180508593909658,0.005135209727693126,7.17446476902809e-08
1140,0.010658294907937344,0.0003360851537895296,0.005134315434090351,0.005187824140588886,7.017946857880077e-08
1141,0.010663092646530242,0.0003545028947428993,0.005253796276680179,0.0050547215625088675,7.19125982965038e-08
1142,0.010475225952238158,0.00015933802661283154,0.005247157879123073,0.0050686579818430555,7.206465919773218e-08
1143,0.010370586747132137,5.50540393077841e-05,0.005115883191441,0.00519957968427175,6.983211160251443e-08
1144,0.01051382153989844,0.00020368068434693402,0.005100933010374206,0.005209139187357752,6.865781954697882e-08
1145,0.01072964325827499,0.00041550394649084784,0.005199781794907312,0.005114287988827863,6.952804896696457e-08
1146,0.010638758619664977,0.00033519037943283093,0.005148938896372158,0.005154559117752311,7.022610767774386e-08
1147,0.010429021776802137,0.00011377426305676928,0.005031944037831047,0.005283232644915276,7.08309990430864e-08
1148,0.01037964038781393,6.687860193818359e-05,0.005066256370878696,0.005246432268175547,7.314682150301343e-08
1149,0.010576674541981728,0.00027292143078790586,0.005203116612101288,0.005100561272236397,7.52268561364472e-08
1150,0.010722490938370612,0.0004086252498571432,0.005210602016214705,0.005103190148751847,7.35235469176145e-08
1151,0.010561895076270703,0.00025451659094724376,0.005126892105682361,0.005180416015678546,7.036396255169922e-08
1152,0.01036415962175018,5.251204190435244e-05,0.005190835672436645,0.005120742226342404,6.968106677841875e-08
1153,0.010445776581649947,0.00013434046745256257,0.005266029885322552,0.0050453357893231405,7.043955169068141e-08
1154,0.010630174805669456,0.0003275798316318301,0.00518122866208559,0.005121296286359205,7.002559283186375e-08
1155,0.01069016723778676,0.0003762675385995911,0.005083709775527159,0.005230120536639303,6.938702070727197e-08
1156,0.010459293640517855,0.00015541942455400194,0.005127213062315147,0.005176590947482392,7.020616631449013e-08
1157,0.010365924829759468,6.066921714165241e-05,0.005237443455271941,0.0050677412554275695,7.09019183047032e-08
1158,0.01050287552766152,0.00019328271180830205,0.005158955736564045,0.005150568295504561,6.878378461189372e-08
1159,0.01068013984272928,0.00037715482096461214,0.00504041278038543,0.005262505786842305,6.645453693264068e-08
1160,0.01064371165607251,0.0003348562245520311,0.005161739093593248,0.005147048826026678,6.751190055513565e-08
1161,0.010420064765712509,0.00011869310018042176,0.0052394719232002835,0.00506183029595307,6.944637873270223e-08
1162,0.01037538616221192,7.133516607410573e-05,0.005148534013206576,0.005155447084712577,6.989821866100627e-08
1163,0.010596096569804939,0.00028511047139005675,0.005116940635699345,0.005193974991382478,7.047133305675898e-08
1164,0.010687702864057364,0.00038887157930775487,0.005202062372745579,0.005096697470518058,7.144148597195412e-08
1165,0.0105407089420242,0.0002341485689602934,0.005226826810501,0.005079663078424547,7.048413835771842e-08
1166,0.010350417684427647,4.716012871146079e-05,0.0051163226759647585,0.005186866796480563,6.808327086533659e-08
1167,0.010468193743960111,0.00016800173982544966,0.005091472037583008,0.005208652504087796,6.746246385619926e-08
1168,0.010713120680653603,0.00040748209731426756,0.005208849629942499,0.005096720348286606,6.860511023054158e-08
1169,0.01064475926988761,0.0003487591695430018,0.005206076251676363,0.005089855761524192,6.80871440529776e-08
1170,0.010410830422899819,0.00010535866796445734,0.005112476009199561,0.005192928972069142,6.677366665931694e-08
1171,0.010376060743189777,7.234839109953597e-05,0.005125131902523415,0.005178512695050407,6.775451641781681e-08
1172,0.010603546728964186,0.0003086012503510207,0.005201370188092018,0.00509350558764432,6.970287682804353e-08
1173,0.01071495710683225,0.00041026013034003495,0.0051849519281434355,0.005119675800185971,6.924816281017701e-08
1174,0.010492154091005386,0.00019369354391419763,0.00508626318464785,0.005212129912854928,6.744958840918482e-08
1175,0.0103412277882498,4.155934229065395e-05,0.005172691548418155,0.005126909195900094,6.770164089735795e-08
1176,0.010517967011670477,0.00021579180542175816,0.005249895345159512,0.0050522118041428634,6.805694634169963e-08
1177,0.01065321116937633,0.0003590961047489358,0.005167135159370835,0.0051269133286828495,6.657657371098657e-08
1178,0.010572583633291806,0.0002677022891151894,0.005119772484484064,0.005185043052590841,6.580710171225454e-08
1179,0.010355209428804583,5.761118236012919e-05,0.005184705012317023,0.005112825768832468,6.74652949623177e-08
1180,0.010422349040909886,0.00012784897670385087,0.005217762987362318,0.005076668105968897,6.897087482097943e-08
1181,0.010634721897210507,0.0003330386697979501,0.005127050745644273,0.00517456476017821,6.772159007285335e-08
1182,0.01063968047008927,0.000346574117774267,0.0050576354576412725,0.005235405336417168,6.555825656085596e-08
1183,0.01044965331121265,0.00015143570862360581,0.005214986399490321,0.005083165837881038,6.536521768706791e-08
1184,0.01034535447291159,4.9264383370434866e-05,0.005208081670911111,0.005087943241987291,6.517664275287629e-08
1185,0.010511752663710872,0.00021786605761378583,0.005074567439980095,0.005219253931201474,6.523491551559144e-08
1186,0.01069354855211559,0.00039287956741658085,0.00513650351954867,0.005164098174206591,6.729094374727675e-08
1187,0.010583733535274488,0.0002929449509776155,0.005254059953234579,0.005036659896614661,6.873444763202416e-08
1188,0.010358376369336177,6.0937853140826244e-05,0.005201197252024202,0.0050961739710624005,6.729310874852316e-08
1189,0.010409736182685057,0.00011066428078011796,0.005114226618725907,0.0051847794372962865,6.584588274604926e-08
1190,0.01060633664042431,0.0003174611959711421,0.005147498826558991,0.005141310545682077,6.60722120993185e-08
1191,0.010703537884163046,0.0004070608775355758,0.005223639158585767,0.0050727719976261885,6.585041551483132e-08
1192,0.01045003078731757,0.00015993592869119135,0.005121531631832926,0.005168499084772634,6.414202081807081e-08
1193,0.010348696009962684,5.50520911785922e-05,0.0051038264000203394,0.005189752928116064,6.459064768801398e-08
1194,0.01051560956868294,0.00022034521125004688,0.005201867374212826,0.00509332979053083,6.719268923478482e-08
1195,0.010670944871033329,0.0003852518361239651,0.005189004661900848,0.005096620592920249,6.778008826644638e-08
1196,0.010576026576968588,0.0002789807567393835,0.005097600600088809,0.005199379129012003,6.609112839073886e-08
1197,0.010357006142172834,6.53587866369375e-05,0.005109364042362894,0.005182217795822745,6.551735025757388e-08
1198,0.010409590986258013,0.00012052259456118373,0.005241145478333185,0.005047856072724885,6.684063876016851e-08
1199,0.010620701053517702,0.0003255701750235443,0.005212276654055977,0.005082787654047618,6.6570390562208e-08
1200,0.010630389116091432,0.00034319564617172775,0.00507796652250807,0.005209162478617269,6.446879436613604e-08
1201,0.010430080985216805,0.00013752139236765257,0.005173385542027719,0.005119110233700404,6.381712102782368e-08
1202,0.010342943592525815,5.342943642604332e-05,0.005233805361770762,0.005055644935605245,6.385872376483747e-08
1203,0.010476913717666942,0.00019079922701738377,0.005127102325214611,0.00515894852623327,6.363920167772938e-08
1204,0.01065366853283905,0.0003580613242534751,0.005054450849202558,0.0052410915763066255,6.478307639140581e-08
1205,0.010532682556145274,0.0002483249642467183,0.005154709861202631,0.005129580129577814,6.760111810888016e-08
1206,0.010360773608630934,7.188948170847425e-05,0.005234364932018126,0.0050544518610141686,6.73338901652772e-08
1207,0.010375048730350639,8.534318685277662e-05,0.005140742470346652,0.005148898212513048,6.486063816283409e-08
1208,0.01057704979755918,0.0002919999440694087,0.005059528077520402,0.005225457847362561,6.392860680785311e-08
1209,0.010668855716113205,0.0003769685551047302,0.005173820557072161,0.005118002237869538,6.436606677567643e-08
1210,0.01047921624445469,0.00019490028283792481,0.005262137042575302,0.0050221155521589745,6.336688248944206e-08
1211,0.010327965574209381,4.0922801466480834e-05,0.005143080713753814,0.005143900825141863,6.12338472235926e-08
1212,0.010471265405755093,0.00018066374558669472,0.005075592932850603,0.005214946418492045,6.230882575234994e-08
1213,0.010643277234322514,0.0003631186899384511,0.0051543265861418806,0.005125766161932367,6.579630981576985e-08
1214,0.010625539741740686,0.0003369481059712792,0.005196375751848719,0.005092149263281073,6.662063961426362e-08
1215,0.010371954747556127,8.838669328570654e-05,0.005105955113289885,0.005177548594883749,6.434609678725467e-08
1216,0.0103727904434105,8.846032167319141e-05,0.005073416657202334,0.005210850055854339,6.340868063571278e-08
1217,0.010590363092803012,0.00030225167633781054,0.005187331041775916,0.005100715782694494,6.459199479287512e-08
1218,0.010662303907660297,0.0003827614823452035,0.0052401564174576675,0.0050393220839861285,6.39238712985497e-08
1219,0.010458498049142903,0.00017050018637226763,0.005132926425958168,0.005155010824709612,6.061210285619246e-08
1220,0.01033427223399996,4.884264561438925e-05,0.005099975457033027,0.005185395370167958,5.8761184584528905e-08
1221,0.010486012763704795,0.0002065016097072529,0.0052018587411444385,0.005077591681637137,6.073121596777366e-08
1222,0.010683283828018045,0.0003966665459550817,0.005218296843739563,0.005068256615628952,6.382269444929154e-08
1223,0.01052415715461663,0.00024489581512267234,0.005086889022336874,0.005192308135127911,6.418202917243335e-08
1224,0.010335962877929452,5.171666894007422e-05,0.005093502366794674,0.005190680880247776,6.296194692745296e-08
1225,0.010400872942272434,0.00011679621261125808,0.005196697683207375,0.0050873167601656645,6.228628813574502e-08
1226,0.01059692996868341,0.00032006342801773723,0.00520392630398777,0.005072878245868394,6.199080950768678e-08
1227,0.010610556608966154,0.0003244254468314112,0.005118443087605263,0.0051676269094667274,6.116506275280653e-08
1228,0.010389143971503489,0.00010980784211542388,0.005109561627525962,0.00516971457784736,5.99240147431453e-08
1229,0.010340077170337348,6.08851701905496e-05,0.005215704482438267,0.005063427341133877,6.017657465369034e-08
1230,0.010517554545054469,0.00023464867962819672,0.005174535451665537,0.005108309616742945,6.079701778965623e-08
1231,0.010627351479684202,0.0003512357077855289,0.005037299848520924,0.00523875556927996,6.035409778806395e-08
1232,0.010513239271350878,0.00023070906152025406,0.005154512829934702,0.005127956920937898,6.045895802476754e-08
1233,0.010335784759147834,5.7224935216297904e-05,0.005236239143441718,0.0050422596135674845,6.106692233327142e-08
1234,0.010386590832630395,0.00010917119536952209,0.005148652724479613,0.005128705243804611,6.16689766493679e-08
1235,0.010600894021036493,0.000317127755493368,0.005105446795799168,0.005178258219060385,6.125068357118612e-08
1236,0.010604064878102885,0.0003311313970389369,0.005177619497182641,0.005095254547374473,5.943650683453695e-08
1237,0.01042191261710331,0.00014246996346877624,0.005210708766380402,0.005068675293159144,5.8594094988137657e-08
1238,0.010319721448454373,4.173916377848988e-05,0.005091537705442863,0.0051863849549803765,5.962425264508476e-08
1239,0.010473242390388063,0.00019945647725496646,0.0050529524133094235,0.005220772173978411,6.132584526261778e-08
1240,0.010681282638328635,0.00040211655007119936,0.005184411733183339,0.005094693175501454,6.11795726431717e-08
1241,0.01055961558420555,0.0002885931495202057,0.005155318275477386,0.005115645442629253,5.8716578706335607e-08
1242,0.010355334645357976,7.682381225871541e-05,0.0051087767353332515,0.005169675559057991,5.853870801868337e-08
1243,0.010357513488114903,7.956344635560434e-05,0.005174159746161241,0.0051037298982193535,6.039737870386015e-08
1244,0.010575187424408598,0.00030410390033869326,0.0052150977641308325,0.005055925359509066,6.040043000607208e-08
1245,0.010649140451491193,0.00036983930077044,0.005124222481253829,0.005155020195393835,5.847407308891446e-08
1246,0.010439314425582337,0.00016714779311589333,0.0050746359632736415,0.005197472897347137,5.777184566270323e-08
1247,0.01031977181730616,4.6485329068487547e-05,0.005216790482390849,0.005056436357875196,5.964797162840614e-08
1248,0.010458360649528129,0.00018272377580333336,0.005173561907489831,0.0051020151604376,5.980579736488068e-08
1249,0.010622980348898246,0.00035273786288383724,0.005011033650452367,0.005259150730904788,5.810465725418854e-08
1250,0.010570170375346086,0.0002935545367472406,0.005168075338842117,0.005108481634819706,5.8864937021679445e-08
1251,0.01036354568646969,9.01398246170379e-05,0.005286586223092313,0.0049867598254186825,5.981334165552564e-08
1252,0.010353695479300954,8.081481589232243e-05,0.005169990231455049,0.005102831516206623,5.891574696031224e-08
1253,0.010567154816225938,0.000289518139765719,0.005107203490099092,0.005170375129668331,5.805669279533357e-08
1254,0.010613011025941718,0.0003464216646238457,0.005173399400020762,0.005093131150718417,5.8810578693661804e-08
1255,0.010438725055244607,0.00016532131112053535,0.0052089237945799,0.005064419880088189,6.006945598276357e-08
1256,0.01031878457480839,4.696694293122304e-05,0.005085864476844015,0.0051858942716575115,5.888337564096932e-08
1257,0.01045100285316634,0.00018367710349076247,0.005072242312116085,0.005195026418527582,5.7019031912230776e-08
1258,0.010667452161491465,0.0003951733350372974,0.005196459161444339,0.005075762806171977,5.685883785226448e-08
1259,0.010549071477641414,0.00028431350129122995,0.00511548310990807,0.005149217551322251,5.7315119863403813e-08
1260,0.010355986901982283,8.297736288871576e-05,0.005072054207564142,0.005200896777234234,5.855429519012329e-08
1261,0.010344695438443892,7.227313307083105e-05,0.005195471400325867,0.005076891566691357,5.933835583629004e-08
1262,0.010555698093905056,0.0002880877431701036,0.0052830224225332905,0.004984529253049994,5.8675151667399937e-08
1263,0.010612541799285582,0.0003388637514707858,0.0051360805295416374,0.005137540124869582,5.7393403575774903e-08
1264,0.01043302544449053,0.00016497283945673608,0.005013994037256756,0.0052540013185615655,5.724921547326441e-08
1265,0.010307329472230689,4.0288993133464814e-05,0.005170971664988077,0.005096010605359591,5.820874955686868e-08
1266,0.010428415151183194,0.0001593733427838664,0.005211599239447336,0.0050573856640787765,5.690487321548982e-08
1267,0.01057395560450206,0.0003105019390528666,0.005059157296163403,0.005204241478290445,5.489099534787569e-08
1268,0.01056685799319337,0.0002956496778008491,0.005104389126187168,0.005166763353345361,5.583585999181264e-08
1269,0.010379409586345692,0.00011477509514909223,0.005196732489810422,0.00506784507485165,5.692653452709211e-08
1270,0.010310283369272649,4.424124346978832e-05,0.00515725443342288,0.005108731040123019,5.665225696271169e-08
1271,0.010472544462251607,0.00020183705674050234,0.005080824892905556,0.005189825609611233,5.6902994315316215e-08
1272,0.010594768396316984,0.0003331020738558584,0.005117962765572567,0.005143645483381191,5.807350736773448e-08
1273,0.010562222007870548,0.000292554413127807,0.005252845051408794,0.00501676452566638,5.801766756597625e-08
1274,0.01033832972164759,7.394462273995537e-05,0.005162373741750378,0.005101956139884054,5.5217273201848674e-08
1275,0.01034657030016388,8.119263913756193e-05,0.005055353992608763,0.005209969666389143,5.400202841224904e-08
1276,0.010536543080329697,0.0002691587491012138,0.005146786548713732,0.005120542383613011,5.539890174115245e-08
1277,0.010655786598955046,0.00039758705032777057,0.005186611079925698,0.0050715328611716905,5.560752988613298e-08
1278,0.010517348113312506,0.0002495544543992687,0.005122291452325246,0.005145447099864251,5.510672374073369e-08
1279,0.01032127915918903,5.676004798337524e-05,0.005087603638973119,0.005176859658456378,5.581377615638162e-08
1280,0.010385817576797155,0.00012426176391355033,0.00518327073786953,0.0050782277075608106,5.736745326504406e-08
1281,0.010609169979029817,0.0003425826063192619,0.005170482945759905,0.005096048027009113,5.639994153567752e-08
1282,0.010604294325283944,0.0003442138686695957,0.005023335266988021,0.005236691525184308,5.3664442018284164e-08
1283,0.010403452341403158,0.0001374503188947459,0.005167316385976691,0.005098631839503239,5.379702848323316e-08
1284,0.010313164191171882,4.705590072651357e-05,0.005291343904399187,0.0049747096432982705,5.474274791047982e-08
1285,0.010454432575767506,0.0001931513269385656,0.0051957334362518984,0.005065493714328925,5.4098248117341835e-08
1286,0.010629578852430646,0.00036137423791961877,0.005089031506507714,0.005179119714611287,5.3393392025254684e-08
1287,0.010497789458769067,0.0002395509386768925,0.005125894050939112,0.005132290021074129,5.4448078932127694e-08
1288,0.010325428607047991,6.329678971127733e-05,0.0052097507184270175,0.005052323991523251,5.710738644711049e-08
1289,0.010351967348728073,8.902372456462538e-05,0.005103276072626652,0.0051596103040511656,5.724748562837499e-08
1290,0.010546135546282542,0.0002880294063628697,0.005019302405364751,0.005238748705849378,5.502870554405312e-08
1291,0.010647240363310505,0.00038341555154513017,0.005188192547654873,0.005075578264654738,5.3999455765278726e-08
1292,0.010438837083842214,0.00018100336174091029,0.005178912893516339,0.005078867855193161,5.297339180389447e-08
1293,0.010311671191879004,4.89372322877018e-05,0.005073336131431138,0.0051893457090077125,5.2119152453016395e-08
1294,0.010435242192053778,0.00017116892199623324,0.0051492624601362355,0.005114758557691226,5.225223008249525e-08
1295,0.01062141363935645,0.0003641699490129075,0.005276117180833528,0.004981073486518228,5.3022991785520996e-08
1296,0.010542240126973041,0.0002783841811968496,0.005177948353486999,0.005085853776954891,5.3815334301399307e-08
1297,0.010343418034871979,8.24549534932465e-05,0.005027301975419735,0.005233606512538807,5.459342018872005e-08
1298,0.010338953046383931,8.091854556899227e-05,0.005100785982261023,0.005157193023491857,5.549506205785794e-08
1299,0.010562875710930744,0.00030147664903781304,0.005196556155053101,0.005064787977112477,5.492972735281524e-08
1300,0.010591085550761312,0.00033732452824492167,0.005080929613478062,0.0051727780983341605,5.331070416730683e-08
1301,0.010439209467872941,0.00017725289642119953,0.0050966210794250585,0.0051652817753169555,5.3716709728425505e-08
1302,0.010293579202471771,3.428959782184306e-05,0.005190542242000743,0.005068693546816653,5.381583253133433e-08
1303,0.010416428726048107,0.00015947874477828736,0.005207557776182604,0.00504934135142379,5.085366342678052e-08
1304,0.01058688515667188,0.00032364727938815333,0.005106288460711112,0.005156900739936201,4.86766364137032e-08
1305,0.010495855515094295,0.00024042804213609986,0.0050931236464385726,0.005162251646524215,5.217999540830436e-08
1306,0.010324407685643572,6.512688105277962e-05,0.005207984920437637,0.005051238611677459,5.727247569571187e-08
1307,0.010332278778571838,7.343973136349364e-05,0.005174160009162506,0.005084622385716354,5.6652329482700134e-08
1308,0.010513701503833328,0.000259448769767988,0.005050389234691211,0.005203809751995775,5.374737835585233e-08
1309,0.010604167756934006,0.0003437572938461545,0.0051090751370070795,0.005151281982080939,5.334399983424517e-08
1310,0.010432712688181581,0.00017940386221714538,0.005140734965145671,0.005112521425975092,5.243484367239553e-08
1311,0.010289525848661097,3.249811594454661e-05,0.0051043352652577765,0.005152642353461185,5.011399759082281e-08
1312,0.010401611530275237,0.0001426416995743132,0.005120020918531508,0.00513889878154722,5.013062219437242e-08
1313,0.010572008040700426,0.00032024248825284775,0.005187440736153754,0.005064272595293551,5.2221000274487745e-08
1314,0.01055749037752301,0.00029825498342872514,0.005156169810040343,0.005103013689220932,5.189483300821037e-08
1315,0.01034876790683456,9.386283724091423e-05,0.005071047368103446,0.005183807767467159,4.9934023040985674e-08
1316,0.010306555551546052,5.179593624031841e-05,0.005128431325274935,0.005126277426138098,5.086389270010149e-08
1317,0.010488942938008514,0.00023095510530346525,0.0051663344192489505,0.005091599988790716,5.3424665383432366e-08
1318,0.010584419156668549,0.0003336583699072517,0.0050833645831368885,0.005167342439472559,5.376415185004663e-08
1319,0.010477376054198448,0.0002195204125811982,0.005139743046912846,0.005118059980086264,5.261461814043988e-08
1320,0.010299606385803147,4.536934059082037e-05,0.0052044153054025925,0.005049770317387713,5.1422422022128065e-08
1321,0.010355100829890277,0.00010249339501373085,0.005135073666771783,0.005117483274831987,5.049327277638069e-08
1322,0.010564617220478459,0.00030647800990340086,0.005085958225498342,0.005172130277034066,5.070804264796611e-08
1323,0.010579433706873259,0.00033048360121709083,0.005131520873204498,0.005117377647032224,5.158541944552945e-08
1324,0.010400551532271072,0.0001451035110669186,0.00518930815012759,0.0050660880614843695,5.1809592192132306e-08
1325,0.010289055298706115,3.556232874421215e-05,0.005107687477250143,0.005145754062441618,5.143027014367636e-08
1326,0.010435450750698216,0.00018582984817744775,0.005083100840109604,0.005166468540824864,5.152158630159766e-08
1327,0.010636579350431162,0.0003808377044575665,0.005158590664405605,0.005097100365278779,5.0616289210124003e-08
1328,0.010517787537961898,0.0002686511987412898,0.005099742730009759,0.005149344585657479,4.902355336889749e-08
1329,0.01031006392859084,5.5702079838306196e-05,0.005170798082949753,0.0050835133222022245,5.0443600554678834e-08
1330,0.010342346433017438,8.735820145639903e-05,0.005236704635962836,0.005018231773929531,5.1821668671096765e-08
1331,0.01052966387483046,0.00028123539901787924,0.005147443065861415,0.005100935583973595,4.982597756892159e-08
1332,0.010593624507951888,0.00033787949303623626,0.005118574534816657,0.005137121206847506,4.9273251489101716e-08
1333,0.01038286115498446,0.0001339051276063363,0.00517679895685532,0.00507210497603293,5.2094489874665045e-08
1334,0.010288108772529976,3.800700219426084e-05,0.0051091242451631515,0.00514092471845106,5.2806721504883866e-08
1335,0.010460938749979663,0.00020823073113864464,0.005077948594312324,0.005174708064001925,5.136052676969099e-08
1336,0.010593414831875187,0.0003498042197666737,0.005083190985990834,0.005160369356355512,5.0269762167044204e-08
1337,0.01049846646245037,0.00024715682948529886,0.005142027247550044,0.005109232797233506,4.958818152068122e-08
1338,0.010307003757426027,5.702688478464401e-05,0.0050342049577043,0.005215723510646385,4.8404290696969984e-08
1339,0.010351876940020457,0.0001041656554381097,0.005170098826131488,0.005077563194793866,4.926365699460072e-08
1340,0.010558800642817752,0.00030530888515988025,0.0052256255626313905,0.005027817110809583,4.9084216897707965e-08
1341,0.010531570680475255,0.00028502622335047827,0.005140409563277473,0.0051060859219937416,4.897185356226501e-08
1342,0.010340138843009133,8.785846643535505e-05,0.005196627336344809,0.005055601912575852,5.112765311726072e-08
1343,0.010301119441836563,5.0002179767283795e-05,0.005234927313284264,0.005016138376782007,5.1572003007416486e-08
1344,0.010466216837428172,0.000220762496735871,0.005093059900432553,0.00515234529455516,4.91457045888553e-08
1345,0.010595465032037921,0.00034451170687481707,0.005105414012929898,0.005145489740579976,4.9571653229008315e-08
1346,0.01045558893053752,0.00021312935077607808,0.005127964663109781,0.005114444011071711,5.090557994845484e-08
1347,0.010284927246075165,3.8160171504119846e-05,0.005074199341846651,0.005172518702760496,4.902996389757827e-08
1348,0.01035338561177964,0.00010532669574960387,0.005071482482439205,0.005176528071924779,4.8361666051368246e-08
1349,0.010542421203664542,0.0003010289402701878,0.005101348035181015,0.005139994243927073,4.998428626547244e-08
1350,0.010585181819613074,0.00033543746719881046,0.005091316570782483,0.005158377975742466,4.980588931507937e-08
1351,0.010378020335574124,0.00013401763229716818,0.005096025152222657,0.005147928922087463,4.862896683669241e-08
1352,0.010288422435328261,4.2037118833042816e-05,0.0052421200148263115,0.005004215850979493,4.945068941505672e-08
1353,0.010435068159818251,0.00018672648130242764,0.005134155112280745,0.0051141373803872524,4.918584782538475e-08
1354,0.010581827771772426,0.00034016481072589636,0.005053494256013964,0.005188120165940215,4.853909234950399e-08
1355,0.010524612118904262,0.00027568725107094804,0.005241331576187662,0.005007544460401822,4.883124383197819e-08
1356,0.010300367889802936,5.52622776524413e-05,0.005205699896918577,0.0050393572714945425,4.844373737408605e-08
1357,0.010349672527147923,0.00010585505433483666,0.0050999453562497596,0.005143822868586551,4.924797677727418e-08
1358,0.010568527355802012,0.00032082027030742627,0.005198529462601673,0.005049127115011088,5.050788182661015e-08
1359,0.0105636954094044,0.0003234802653235954,0.00517376423153116,0.005066402536194616,4.8376355029527105e-08
1360,0.010381589521275473,0.00013399179952557143,0.005047923414854604,0.005199627230572334,4.707632296299545e-08
1361,0.010284989401767506,4.098786312376482e-05,0.005139572082524628,0.0051043791168758805,5.033924323210348e-08
1362,0.010470928540058422,0.0002324437294148905,0.005158876242968674,0.005079557787688691,5.0779986168017685e-08
1363,0.010607637777706925,0.0003609949622891293,0.005010235466300385,0.00523635997427469,4.737484272033388e-08
1364,0.010457114690369597,0.00021632953971088392,0.0049590893923053,0.005281648736360685,4.702199272752872e-08
1365,0.010313512887867542,7.095726132657216e-05,0.005218830966056938,0.0050236743815634055,5.0278920625680584e-08
1366,0.010343055508516377,9.798125173685873e-05,0.005173147963751632,0.005071876897724013,4.939530387340267e-08
1367,0.01053617829858926,0.0002950320385498953,0.005065601392039746,0.0051754982204675155,4.6647532103081744e-08
1368,0.010527578345939708,0.0002804444121596213,0.005225853134541463,0.005021233537348229,4.726189039534064e-08
1369,0.010379891703660238,0.00013472677822566357,0.005335860120341016,0.004909256007729395,4.8797364163073384e-08
1370,0.010292565075918346,4.974962407396254e-05,0.005121206969545531,0.005121560966859602,4.751543925100708e-08
1371,0.010462146755331775,0.00021552525449819096,0.005042727628446527,0.005203846902037343,4.697034971444367e-08
1372,0.010546425425813567,0.0003092853171255574,0.005179241467203176,0.0050578498180679395,4.8823416894806896e-08
1373,0.010493605190129521,0.00025172289356928705,0.005202377028248557,0.005039455410454446,4.9857857229599225e-08
1374,0.010298613794658046,5.8650946337572164e-05,0.004978362697875205,0.005261551546759289,4.8603685980320826e-08
1375,0.01033389022976956,9.134681127944208e-05,0.004911478278783447,0.005331016959156613,4.8180550057426586e-08
1376,0.01049989551918147,0.00025783914841724686,0.005118738548905702,0.005123268806720367,4.901513815461002e-08
1377,0.010609649053663912,0.0003727086258835978,0.005226012640532286,0.005010879762559072,4.802468895733218e-08
1378,0.010465445277266797,0.0002210084451060458,0.005110937825149972,0.0051334528588064705,4.614820430817065e-08
1379,0.010303836010783076,6.216286811103388e-05,0.005085930587217303,0.005155695290612313,4.7264842425273494e-08
1380,0.010356252961720805,0.0001162604490818402,0.00522744286364023,0.005012499883010884,4.976598784892742e-08
1381,0.010572260469256883,0.00032761032003367224,0.005251418395743768,0.0049931830038562565,4.874962318477259e-08
1382,0.010533124203241595,0.0002965267095489807,0.005125468312167824,0.005111083035095435,4.614642935442604e-08
1383,0.010363847564120855,0.00012117991749166274,0.005065247654894209,0.005177373491339651,4.650039533199479e-08
1384,0.010278823166865875,3.929208617426573e-05,0.005137431314397697,0.005102050470811745,4.929548216920013e-08
1385,0.01044153123228303,0.0002065347679061405,0.005178202957751338,0.005056743742452109,4.976417344173389e-08
1386,0.01058837710474669,0.00034728632353505474,0.00508499410226832,0.005156049373584533,4.7305358780344694e-08
1387,0.010498127129684343,0.0002614277874321604,0.004969325314179955,0.005267327840105044,4.618796718395572e-08
1388,0.010306854758306847,6.751748590759287e-05,0.0051308963918790555,0.005108392841087872,4.803943232629469e-08
1389,0.01030912026630722,6.795016280732913e-05,0.005227365726310132,0.005013756246492025,4.8130697734064496e-08
1390,0.010449522153035904,0.00021210487373404588,0.005156426126103792,0.005080945371651318,4.578154675060461e-08
1391,0.010559140363053256,0.0003158003109853646,0.005102889416918819,0.005140405388659935,4.52464891375736e-08
1392,0.010414479957579999,0.0001787142881945307,0.005174740654176323,0.005060977156146589,4.785906255656329e-08
1393,0.01028867178712761,5.0434006232925836e-05,0.005191501868891716,0.005046685927311307,4.998469166173061e-08
1394,0.010328827803918913,8.909495822752894e-05,0.005077529003798054,0.005162154944163025,4.88977303051655e-08
1395,0.010505605788643192,0.0002702295398895796,0.005031011092182398,0.005204317652832222,4.7503738992095845e-08
1396,0.010591700564914625,0.0003509833464711892,0.005177424595386348,0.005063244369603927,4.825345316074012e-08
1397,0.01042643623635014,0.00019217988200061008,0.005186315326476799,0.005047892738091273,4.828978145632378e-08
1398,0.010277251881834253,3.9220785485944274e-05,0.00503778451811992,0.005200200464742567,4.6113485821819056e-08
1399,0.010367644043181799,0.00012791642619547965,0.005027292608630311,0.005212390446471389,4.456188461858391e-08
1400,0.010549582196629104,0.00031716574952703625,0.005152096939440095,0.005080274548810542,4.495885142927623e-08
1401,0.010588208233147652,0.0003475991558021473,0.005202375292606004,0.005038188051776252,4.573296324734909e-08
1402,0.01036828206451387,0.00013238891001237952,0.005110890930977476,0.00512495630433634,4.5919187674707706e-08
1403,0.010281926536590649,4.440041926769831e-05,0.005112149726708543,0.005125329809460197,4.658115421030086e-08
1404,0.010444974081188751,0.00020532933928736345,0.00519574278905167,0.005043854576574809,4.7376274907606644e-08
1405,0.010568150389050823,0.0003363653976790446,0.005156707878729087,0.005075029273105868,4.7839536822834375e-08
1406,0.010458790727480346,0.0002196198071975067,0.005056446568721842,0.0051826759465720025,4.840498899463257e-08
1407,0.010280565649464153,4.509225187892094e-05,0.00504649596318572,0.005188929183331152,4.825106836141572e-08
1408,0.010348854435198025,0.00011535058645595559,0.005192067550871378,0.005041388274591073,4.802327961792838e-08
1409,0.010532575448020208,0.0002929505000485073,0.005203176971424931,0.005036400584552376,4.739199439255845e-08
1410,0.010499585192691185,0.0002656723232415431,0.005076471540710607,0.0051573951414358495,4.6187303185309066e-08
1411,0.01031859819589308,8.051857497149834e-05,0.005122509670275596,0.005115524140952581,4.580969340575046e-08
1412,0.010284527155030632,4.86916189748165e-05,0.005184334784755289,0.0050514552614716384,4.5489828887263476e-08
1413,0.010435297445083976,0.0002040630314784892,0.005102420340579608,0.005128768737341561,4.533568431845402e-08
1414,0.010564759853068331,0.0003259829260552937,0.005080825495339145,0.005157905275126355,4.6156547537556145e-08
1415,0.01042578807118381,0.00019322849281835312,0.005126577194305314,0.0051059356087700385,4.6775290105309304e-08
1416,0.010277099912417518,4.0797139854769966e-05,0.005198205414930547,0.00503805019809721,4.715953499036157e-08
1417,0.0103311669174546,9.469614712595172e-05,0.0051046647303222845,0.00513175939507066,4.664493570450352e-08
1418,0.010513575731310868,0.00028233863134840333,0.005014716848970396,0.005216474115661961,4.613533010707773e-08
1419,0.010583949292287965,0.00034727806404468364,0.005175653169988598,0.005060971157907561,4.6900347122102993e-08
1420,0.010375909562023668,0.0001442401381852551,0.005183391796040587,0.0050482311312274875,4.649657033902195e-08
1421,0.010274065511718255,3.958234070559999e-05,0.005094505751920642,0.005139932064340082,4.5354751932194866e-08
1422,0.010421014850957803,0.00018391686318513815,0.005144440553559188,0.005092612698044685,4.4736168792748775e-08
1423,0.010575218311925497,0.00034426709445788535,0.005212013882613839,0.005018892437385312,4.4897468459841215e-08
1424,0.010467146910048979,0.00023025820288750574,0.005128175042801828,0.005108668062256224,4.5602103421337385e-08
1425,0.010283741130897923,5.0830634651519766e-05,0.00505181716351284,0.005181047167526445,4.616520711815735e-08
1426,0.01033963510905422,0.00011031073351312798,0.00513679377613171,0.005092483667754158,4.693165522534702e-08
1427,0.01054404837932585,0.00031013142255409767,0.005126150968585823,0.00510771889679584,4.709139009065835e-08
1428,0.0105338551643568,0.000303259575092493,0.004961944844006501,0.005268604821088471,4.592416933531929e-08
1429,0.010342163412933725,0.00010747617642928916,0.0051378879323458445,0.0050967537595092574,4.554464933410121e-08
1430,0.010279545514399862,4.359662819779653e-05,0.005266402797438873,0.004969500781191823,4.530757136918542e-08
1431,0.010416021595360382,0.0001845736460818118,0.005176345694950489,0.005055056790279911,4.5464048169853967e-08
1432,0.01054372643214095,0.0003071475850016783,0.0051165255304943145,0.005120007313277163,4.600336779375468e-08
1433,0.010406340794582315,0.0001766201298026912,0.005188433714790717,0.005041241279512262,4.5670476645145785e-08
1434,0.010263447315829295,3.153897665791433e-05,0.00517666682693802,0.005055196794564181,4.471766918041822e-08
1435,0.010349497480256192,0.00011616682217065145,0.005062811389815532,0.005170474930021534,4.433824847511822e-08
1436,0.01050101114438453,0.0002743814303298759,0.005043237670004424,0.005183346811101039,4.52329491919623e-08
1437,0.010551171856139486,0.00031927798525300995,0.005162825269642566,0.0050690216593660955,4.694187781306044e-08
1438,0.01033913594152706,0.00011093976295936329,0.00504309004656567,0.00518505918083469,4.695116733680891e-08
1439,0.010275088001587348,4.39831027110487e-05,0.005029029256879436,0.005202029148656915,4.649333994731819e-08
1440,0.010404103077088393,0.0001705976908690567,0.005198769635064475,0.005034688987021997,4.676413286481855e-08
1441,0.010530917690645644,0.00030138369218485654,0.005252153315754912,0.004977333484708739,4.719799713762613e-08
1442,0.01046738265021632,0.00023255229041523496,0.005099642700653484,0.005135141040627744,4.661851985906675e-08
1443,0.010280855636975814,5.1311552310058945e-05,0.005113160606604687,0.0051163379503983775,4.5527662692595535e-08
1444,0.010315803317135205,8.84187054208499e-05,0.005198857583164319,0.005028481350320989,4.567822904697667e-08
1445,0.010464731520154199,0.00023464892819003227,0.0050681913415718104,0.005161844520257027,4.673013532939007e-08
1446,0.010577536218216783,0.0003499157651177912,0.004900867665767345,0.0053267060532159365,4.673411571099723e-08
1447,0.010481941416048973,0.0002516461172607587,0.005178738718215281,0.005051510061664901,4.651890803269017e-08
1448,0.010307266551105653,7.649881441484642e-05,0.0052776483382390394,0.004953073898792212,4.5499659554409737e-08
1449,0.010317082214545872,8.699243549006555e-05,0.005114454518067757,0.005115590294258227,4.4966729822571474e-08
1450,0.010498440692892165,0.0002645603007652428,0.005087160559046899,0.0051466741793798,4.565370022223232e-08
1451,0.010541321616795768,0.00031474253680896237,0.005236911231933389,0.004989621349849227,4.649820419059974e-08
1452,0.010373849419410868,0.00014302651415761387,0.005220582834358962,0.005010193272564257,4.679833003416841e-08
1453,0.01027388675437243,4.50666796007394e-05,0.005072436237314098,0.005156336776572329,4.7060885262587016e-08
1454,0.01039305268112433,0.00016719826827888914,0.0050419698104126045,0.005183837217702412,4.7384730424074176e-08
1455,0.010592143113444788,0.0003627797634450488,0.005146184257976902,0.005083131866567666,4.7225455170620266e-08
1456,0.01049606255696846,0.00027385494284301484,0.005088019743907998,0.0051341418047955115,4.6065421935950794e-08
1457,0.010307542351988904,7.864975116603356e-05,0.005002839520063556,0.005226007211301259,4.586945805582086e-08
1458,0.010296257359754792,6.831737328799027e-05,0.005052303708029601,0.005175589157569012,4.712086818848214e-08
1459,0.010484434408159932,0.00026084106973876803,0.005187965806237529,0.00503557956606939,4.796611424605419e-08
1460,0.010560076718550295,0.00032886507917355456,0.0051868740519054775,0.005044290974288749,4.661318251347279e-08
1461,0.01037187214425879,0.00014464837540369168,0.005109733321991044,0.005117446419998536,4.402686551768618e-08
1462,0.010265759294675826,3.638011454664229e-05,0.005162023083912986,0.005067312839647799,4.325656839916648e-08
1463,0.010414075347784928,0.00018234588077165983,0.00524759719589228,0.004984087375443442,4.489567754549574e-08
1464,0.010525165781996642,0.0003019964007575259,0.005183557690239973,0.005039564392728271,4.7298270872581424e-08
1465,0.010438999463483286,0.00020993289556467761,0.005025017760083589,0.005204000507846728,4.829998829113041e-08
1466,0.010271654734684265,4.62411925843971e-05,0.004992976993145163,0.0052323892321170665,4.731683763740615e-08
1467,0.01032464834444418,0.00010207281341845265,0.005133971739425459,0.0050885572252078225,4.656639244743096e-08
1468,0.010480043935257385,0.0002519618075665611,0.00513931664658846,0.0050887189475014236,4.653360094010293e-08
1469,0.01050782795580394,0.0002841466577556921,0.005025936820887614,0.005197698270172848,4.620698778718773e-08
1470,0.010352093231059794,0.00012410873802549675,0.005144736109156459,0.00508320258788417,4.5795993668818945e-08
1471,0.010268885466673844,4.231400294380036e-05,0.0052293459884374645,0.004997180670117922,4.4805174657115825e-08
1472,0.01035112354504742,0.00012739923913710597,0.005111529479124669,0.005112150388904909,4.4437880735696566e-08
1473,0.01052136335476503,0.00029133286188725183,0.005051493138333192,0.005178491753759756,4.560078483121445e-08
1474,0.010476776313363622,0.00025411028300485327,0.005151646200750197,0.005070972905883524,4.692372504664501e-08
1475,0.010333745890713593,0.00010576586860826831,0.005239766350755709,0.004988166809608921,4.6861740695318e-08
1476,0.010259706894304573,3.4450114945344974e-05,0.00511741077388517,0.005107800633794441,4.537167961616656e-08
1477,0.010407227605929967,0.00018422848358654894,0.004992989552165968,0.005229964992462057,4.457771539400833e-08
1478,0.010586881067238676,0.00036076022331413374,0.0051061984486765345,0.005119876981846811,4.5413401196068913e-08
1479,0.010522130075909922,0.0003034655532154477,0.005115413927567174,0.0051032050102580604,4.558486924101897e-08
1480,0.010314584518405586,8.959823147319783e-05,0.0050843045478958975,0.005140636286411612,4.5452624878129534e-08
1481,0.010277780503124782,5.2324966743158314e-05,0.005117246443903317,0.0051081633414826405,4.575099566627838e-08
1482,0.010464702921079804,0.00024181927262147086,0.00521149178953083,0.005011345383619005,4.647530849765931e-08
1483,0.01057527851087205,0.0003468610565085952,0.005157955591030193,0.005070415588241498,4.6275091764229185e-08
1484,0.010389451149652977,0.00016711608724518704,0.005055817603430166,0.005166472181246625,4.5277730998601734e-08
1485,0.010249143268389051,2.5842454022557612e-05,0.005134632464687191,0.005088622461223345,4.588845595768277e-08
1486,0.010383996576296677,0.00015886551703900648,0.005191909083751176,0.005033174497904223,4.7477602272101204e-08
1487,0.010524273801029785,0.0003050476726776187,0.005087268394321183,0.005131910178446615,4.755558436804072e-08
1488,0.010468720988023787,0.00024221899488619067,0.005087241382989856,0.005139214368105013,4.624204272739262e-08
1489,0.01027206988673213,4.968107400137813e-05,0.0051377763396489645,0.005084567779016971,4.4694064817282884e-08
1490,0.010305254734519072,8.378041303342842e-05,0.005157529680152672,0.005063899706682453,4.493465051961459e-08
1491,0.010500903796534782,0.0002752757190062311,0.005114357520412209,0.0051112246149450785,4.594217126171514e-08
1492,0.01050009960415023,0.00028137072824877923,0.0050815804102670985,0.0051371028890737185,4.5576560634215314e-08
1493,0.010328320126522688,0.00010428056776105773,0.005177149879307817,0.005046844883617468,4.4795836344032245e-08
1494,0.010256432069603617,3.3156236454314786e-05,0.005113477547394528,0.005109754034665804,4.425108897047742e-08
1495,0.010424686455490698,0.00020420089433975316,0.005058662418654881,0.005161777852865753,4.528963031093494e-08
1496,0.010558435967778466,0.00033192963804104227,0.00519327259347235,0.005033186364723556,4.737154151719788e-08
1497,0.010397473443168673,0.0001763384418305113,0.00521352954223252,0.005007558022358797,4.743674684546985e-08
1498,0.010261271549419143,3.8617000293075764e-05,0.005078421016494801,0.0051441874759966,4.605663466650538e-08
1499,0.010363842124198464,0.0001406864301131807,0.005109321312659593,0.005113789269230138,4.511219555413611e-08
1500,0.010538297875211877,0.0003215710058860001,0.0051308424084871435,0.005085839924017724,4.4536821009136484e-08
1501,0.010483289140243374,0.0002592697718998078,0.00507627750246038,0.005147697023787509,4.4842095676517703e-08
1502,0.010284372186623373,6.454417221310578e-05,0.005060016085952187,0.005159766259148123,4.5669309959446904e-08
1503,0.010306740592579225,8.816242554964477e-05,0.005179920255173648,0.005038610681766664,4.7230089268087846e-08
1504,0.010467975093738442,0.000245565281062405,0.005083058934215333,0.005139306327188143,4.45512725602992e-08
1505,0.010495394560320243,0.0002754856684909381,0.004944308567829148,0.005275556571593356,4.3752406801489856e-08
1506,0.010339985888979943,0.00011691093983542978,0.005197956563273536,0.005025071478223814,4.6907647164125745e-08
1507,0.01026180332700976,3.715152460812394e-05,0.0052653639705408225,0.004959241820398407,4.6011462404946576e-08
1508,0.01040378113249941,0.00018320605682020451,0.005142413493307302,0.00507811787576931,4.370660259186226e-08
1509,0.010482821430410186,0.00025823290109342086,0.005164009433482305,0.005060533624255467,4.5471578992903254e-08
1510,0.010405751685853993,0.0001867663016748359,0.005229160298665832,0.004989777614318743,4.747119458342088e-08
1511,0.010252241064410004,3.249195356519652e-05,0.005069058254135937,0.005150645658097666,4.519861120458858e-08
1512,0.01033226412669202,0.00011043040198890947,0.004977080248828623,0.005244709141141524,4.433473296485552e-08
1513,0.01045064656306397,0.0002367969861222037,0.005077898279576503,0.005135904415987782,4.6881377480195696e-08
1514,0.010517456388577245,0.00029797726571906947,0.005158699106327324,0.005060732472014069,4.754451678123371e-08
1515,0.010346913908062604,0.00012964595687109656,0.004991456623731934,0.005225767156282403,4.417117717055591e-08
1516,0.010259314381688282,3.935986611147861e-05,0.005004694576223389,0.005215216998044932,4.294130848253575e-08
1517,0.010330941345131659,0.00011057311239527646,0.005173202825838843,0.005047120345177281,4.5061720258212085e-08
1518,0.010460610014743717,0.00024384279744514014,0.005205776838860858,0.005010944037047562,4.634139015742183e-08
1519,0.010496929268900002,0.0002745343284438618,0.005093531303429051,0.005128818281216185,4.5355810904300975e-08
1520,0.0103451649170714,0.0001280617601646766,0.005130696549576391,0.005086360820108522,4.57872218115341e-08
1521,0.010265246010305703,4.6178506921839456e-05,0.005234043105834644,0.004984977010938515,4.738661070527005e-08
1522,0.01031425747149565,9.667284532657447e-05,0.0051020370490105875,0.005115500898890196,4.667826829259251e-08
1523,0.010497799358777062,0.0002817142324555413,0.0049129910611462905,0.005303049097055845,4.496811938484859e-08
1524,0.010598874835300502,0.00038007730617335673,0.005107374729830643,0.005111376795957169,4.600333933298692e-08
1525,0.010476401490863652,0.0002608183689696259,0.005253444638735943,0.004962091269285801,4.721387228060483e-08
1526,0.010259006882011791,4.0430252302697836e-05,0.005146920099863043,0.0050716105460313875,4.5983814662390886e-08
1527,0.010338943773435846,0.00011908998920395666,0.005059461625776728,0.005160347443711016,4.4714744146851576e-08
1528,0.010518795926635936,0.00030544097766081654,0.0051289261783657655,0.005084383411899253,4.535871010038623e-08
1529,0.010559829461611122,0.000339701872529472,0.005205249475669534,0.005014832121200245,4.599221187238448e-08
1530,0.010301694808393954,8.618634834422576e-05,0.005115035612158053,0.005100426916309403,4.593158227210988e-08
1531,0.010298898823940727,8.258094412763452e-05,0.005052190379074851,0.0051640805838112725,4.6916926970269933e-08
1532,0.010496689836228956,0.00027794547403784146,0.005150224761580842,0.005068471146630435,4.8453979836702965e-08
1533,0.01054774358169464,0.00033595849593628794,0.005180156649555578,0.005031581018244031,4.741795874450801e-08
1534,0.010329641173060696,0.00011240037374403197,0.005055991521051069,0.005161204092179686,4.518608590934593e-08
1535,0.010278322298385717,6.021462970215911e-05,0.004990247420136238,0.005227814449755798,4.5798791520837305e-08
1536,0.0104417611222312,0.00022887510233615964,0.0051242834965054855,0.005088554595005003,4.7928384550498783e-08
1537,0.010543834012867142,0.0003226621587768059,0.005267024137121346,0.004954101161964777,4.6555004212204064e-08
1538,0.010324607315734298,0.00010889457948950734,0.005191803001603956,0.005023866648570724,4.308607010957396e-08
1539,0.01028202065562365,6.592257934572533e-05,0.005083675824309324,0.005132379492285048,4.27596835528626e-08
1540,0.010460099483234083,0.00024142159043447873,0.005134341686141165,0.005084290629742411,4.5576916027505355e-08
1541,0.010524517602451888,0.00031224392204698024,0.005159524796293622,0.005052702331485823,4.655262546243155e-08
1542,0.010332070398344715,0.00011472097149296728,0.005066613395345189,0.005150690727324306,4.530418225333096e-08
1543,0.010270403462871253,5.409628569591516e-05,0.00503453337552034,0.005181727070505903,4.673114909514038e-08
1544,0.010415688876434985,0.0002039285147771562,0.00513879938680865,0.005072910440610428,5.05342387501919e-08
1545,0.010534034852215192,0.0003168601030429826,0.005168195119508093,0.005048929354787902,5.0274876213395266e-08
1546,0.010351572588789387,0.00013827234437579274,0.0050011539110092875,0.005212101160497495,4.5172906813132545e-08
1547,0.010254924172663504,3.977804309850623e-05,0.0050183891473229115,0.005196715399913558,4.15823285281643e-08
1548,0.010366059347080903,0.00014948901067465248,0.005175927675370661,0.005040600824836902,4.183619868808239e-08
1549,0.010487746666868115,0.0002748865467970723,0.005213048551410194,0.0049997681214130965,4.3447247752212864e-08
1550,0.010414828317208824,0.00019641135926712073,0.005105477309245799,0.005112895691959473,4.395673643194602e-08
1551,0.01025792497786058,4.252226856219002e-05,0.005111280231050203,0.005104077879905195,4.4598342992042106e-08
1552,0.010314213852204303,0.00010019801323715404,0.005203389025613374,0.005010580790631298,4.602272247660576e-08
1553,0.010464119726448543,0.00024842994091663496,0.005112037851877787,0.005103605102528397,4.6831125723502305e-08
1554,0.010491627568454929,0.0002787646968008557,0.004916721752638358,0.005296093998141882,4.7120873835288675e-08
1555,0.010349145266368421,0.00013453889077560065,0.005080866492156717,0.0051336916229251855,4.826051091805107e-08
1556,0.010256834184686432,4.301672417302015e-05,0.005202767137718522,0.005011003161705236,4.716108965480766e-08
1557,0.01031809288469601,0.00010597333473875384,0.005124661146419891,0.005087414109896435,4.429364093007195e-08
1558,0.010472322881279326,0.00025545602026737956,0.005060194086291692,0.0051566296201457276,4.315457452891605e-08
1559,0.010457343789066386,0.0002471750954541322,0.005120148240352155,0.005089976286763113,4.416649698491221e-08
1560,0.010323107765172613,0.00010753838419248944,0.005203599024109601,0.005011925531548215,4.482532230576689e-08
1561,0.010246824880298386,3.255457188627605e-05,0.005140080216573186,0.0050741458613028515,4.4230536071975035e-08
1562,0.010363378454093469,0.00015191566714710384,0.005099611722240738,0.005111805986153875,4.507855175108585e-08
1563,0.010507011922339927,0.00029177157148289234,0.005165128228112548,0.0050500649029669685,4.721977751839939e-08
1564,0.010460590656811574,0.0002525823479537914,0.005101074924373474,0.005106886707673192,4.667681111526666e-08
1565,0.010304661293164475,9.087300805020277e-05,0.004999084574136391,0.005214659275870256,4.443510762443466e-08
1566,0.010247749895235747,3.548068050183891e-05,0.005025913097018059,0.005186311423292211,4.469442363779913e-08
1567,0.010376587055661187,0.00016759460000494102,0.005148902272679496,0.0050600425329324055,4.765004434464014e-08
1568,0.0105066432074029,0.0002919283870770879,0.00513996680842388,0.005074699024191368,4.8987710564334796e-08
1569,0.010453150517075486,0.0002434867613422082,0.005048091189915994,0.00516152538692659,4.7178890695412415e-08
1570,0.010283628472525399,6.985713672175086e-05,0.005177415793161292,0.005036310000577441,4.5542064914279554e-08
1571,0.010258878005064495,4.5474696042693147e-05,0.005214001634708285,0.004999357649290947,4.402502256996897e-08
1572,0.010381883613697039,0.00017261382498740728,0.005072025845427369,0.005137201061218106,4.288206415653391e-08
1573,0.010523980404575955,0.0003096435789340623,0.005074087501854526,0.005140205596611823,4.37271755441075e-08
1574,0.010449180293995736,0.0002412890516515921,0.005174488091732681,0.005033357979430504,4.517118095878125e-08
1575,0.010275760775461738,6.425201881799987e-05,0.005163771322161465,0.005047692072082981,4.536239929103624e-08
1576,0.010261980611496923,5.0620002496645163e-05,0.005043366166712597,0.005167948998038158,4.544424952277855e-08
1577,0.010407988965062186,0.0002005485031451676,0.005028079921782233,0.005179313371566321,4.716856846355591e-08
1578,0.010562084617069008,0.0003494933248343376,0.005156525551020299,0.005056017340164241,4.840105013142884e-08
1579,0.010420489257621051,0.00021311823715354028,0.005088344054744889,0.005118980570534896,4.639518772669013e-08
1580,0.010260197046236886,4.86682582147338e-05,0.005111575957314579,0.005099907375855972,4.545485160198971e-08
1581,0.010293822740191387,8.07253085930154e-05,0.005214976510614172,0.004998074591979961,4.6329004238813216e-08
1582,0.01045915844988985,0.00025089166111416644,0.0051832625740310745,0.005024958689582314,4.5525162295801234e-08
1583,0.010512851239924691,0.0002991067607761497,0.00504830253304845,0.005165398395451342,4.355064875112308e-08
1584,0.010326037305802598,0.0001185054418207789,0.005067974135074754,0.005139513512653461,4.42162536037803e-08
1585,0.010255248310176835,4.660861371183049e-05,0.00518603909532766,0.005022553649311091,4.695182625480009e-08
1586,0.010354966739175072,0.00014489694384809757,0.005070875120132395,0.005139147622836246,4.7052358332386216e-08
1587,0.010508823895873619,0.00030172936647226484,0.004942092551569429,0.005264956538036847,4.5439795078264745e-08
1588,0.010495771452732196,0.00028484333987807665,0.005182146457031202,0.005028736256985693,4.539883722505944e-08
1589,0.010297963683397594,8.910077675109953e-05,0.005212607078314077,0.0049962119013271696,4.392700524776438e-08
1590,0.010286365845109077,7.637119813118671e-05,0.005063896620221264,0.0051460554753175415,4.255143908545291e-08
1591,0.010428845135862353,0.00021561968246073493,0.005140475049568932,0.005072706090235283,4.431359740520173e-08
1592,0.010532782289120243,0.0003218766606271833,0.005308508204304907,0.0049023510233723,4.6400815853075386e-08
1593,0.010357616556210553,0.00014623225417792512,0.005162959349636293,0.005048379403389555,4.554900678170842e-08
1594,0.010266664435378377,5.690094468639192e-05,0.004983367325476376,0.005226350793843122,4.537137248831209e-08
1595,0.010334352585439107,0.0001291865110983201,0.005036455105667017,0.005168663529249824,4.7439423946505735e-08
1596,0.010536384896419714,0.00032777447070765067,0.005157119628157436,0.0050514434022857265,4.7395268900534514e-08
1597,0.010445086186248044,0.0002413547703643196,0.005036399996625467,0.005167287292940098,4.412631815991603e-08
1598,0.010302933965811943,9.325382270195427e-05,0.0050002421920235735,0.005209394683422339,4.326766407620074e-08
1599,0.01025178936418843,4.357913011362013e-05,0.005120860954524341,0.005087304038996704,4.5240553765795084e-08
1600,0.010427983907950161,0.00022154259437757315,0.005220498183414538,0.004985897621736376,4.5508421674008096e-08
1601,0.010498318895162305,0.00028697199689086306,0.005130212234069587,0.005081091568649153,4.3095552703437166e-08
1602,0.01037813432145664,0.0001709508187194639,0.005065144659247392,0.00514199598259196,4.2860897824293116e-08
1603,0.010235381375317425,2.5827435988791604e-05,0.005185009432139009,0.005024498637442893,4.586974673053613e-08
1604,0.010336236193402187,0.00012582012914965894,0.0052204905758609305,0.004989877629291448,4.785910015014356e-08
1605,0.010446290470533002,0.00024257076061076085,0.0050767234301763685,0.005126950167342146,4.611240372570758e-08
1606,0.010456629431538191,0.0002471365049279304,0.005014442568055335,0.005195006540224513,4.38183304137956e-08
1607,0.01028575300694265,8.213021965703039e-05,0.0050646360951787425,0.0051389431422008925,4.354990598300284e-08
1608,0.010252839028513934,4.855742525432555e-05,0.005142555966485843,0.005061680349694343,4.528707942328882e-08
1609,0.010362856014150433,0.0001550007642094365,0.005072413893460918,0.005135395143779594,4.621270048487182e-08
1610,0.010478159754189642,0.00027379775809486563,0.005005892765722622,0.0051984241465395315,4.5083832622364824e-08
1611,0.010424625382982344,0.00021473262578591517,0.0051872499093938386,0.005022598495373219,4.435242937084045e-08
1612,0.010284782656286436,7.598325021547793e-05,0.005269393580278693,0.004939361560157255,4.426563501033967e-08
1613,0.010256188244604439,5.001012058512659e-05,0.005101427759318067,0.005104705602527599,4.47621736464457e-08
1614,0.010415513805322659,0.00020615566985392647,0.005012785450267778,0.005196526807754965,4.587744599041799e-08
1615,0.01048519095540692,0.00028398098637894725,0.005087490031126411,0.005113673684614904,4.625328665806787e-08
1616,0.010419804719564234,0.00021322744888365333,0.005175964092293742,0.0050305673232796866,4.5855107152222826e-08
1617,0.010254023171793171,5.022349419487146e-05,0.005075792141042935,0.005127962561014248,4.497554111809945e-08
1618,0.010285101153764433,8.079001833158605e-05,0.005016857739128962,0.00518740777736833,4.5618935556031346e-08
1619,0.01044394831660183,0.00023731209516951403,0.005122902774303769,0.005083686123838773,4.732328977381583e-08
1620,0.010515996819587559,0.0003153585270591292,0.00514181227519266,0.005058778996530559,4.702080521036048e-08
1621,0.010375023153067727,0.00016840993581159822,0.0050779300299537665,0.0051286377153886625,4.54719137010953e-08
1622,0.010247568314173791,4.2987491985714355e-05,0.005077838117039988,0.005126698332201196,4.4372946891857665e-08
1623,0.01031975769012634,0.00011599629696046698,0.005203665136148545,0.005000051310805521,4.494621180816132e-08
1624,0.010493513412042115,0.0002862117185931129,0.005176665571865502,0.0050305906432457055,4.5478337794558624e-08
1625,0.010455949118239589,0.00025429670054038746,0.005022576691726717,0.00517903079342753,4.493254495501042e-08
1626,0.010290361496654741,8.481194445596486e-05,0.00505774973931257,0.005147754518054931,4.529483127614985e-08
1627,0.010241816132597142,3.7728706220107054e-05,0.005161733736441983,0.0050423072945482185,4.6395386834159956e-08
1628,0.010373551968434631,0.00017281736042578023,0.005137265195098422,0.005063421924743741,4.748816668967307e-08
1629,0.010496455974866849,0.0002901499984894044,0.005059255151047387,0.005147002973852125,4.785147793315187e-08
1630,0.010386867707817432,0.00018608160896106633,0.005047356532822289,0.005153382877454921,4.6688579155828886e-08
1631,0.01025088552719668,4.6622701915425335e-05,0.0051907723342765185,0.00501344527642,4.521458473580061e-08
1632,0.010274235539255565,6.978718129052749e-05,0.005149063118086618,0.0050553416747858475,4.356509257192275e-08
1633,0.010436034383489862,0.00023559705470667266,0.005041983890545923,0.005158409856575011,4.358166225450817e-08
1634,0.010492503716836424,0.0002869756845370376,0.005152908039768662,0.005052574045369013,4.5947161711329325e-08
1635,0.010348155638583907,0.00014649694104548698,0.005208219009282667,0.004993392717456665,4.69707990879077e-08
1636,0.010231056142619599,2.802689450190735e-05,0.005081402546482393,0.005121581016939125,4.568469617543562e-08
1637,0.010343943101188417,0.00013889651686283813,0.00505010521037101,0.005154896393204977,4.4980749590649667e-08
1638,0.010486069019261126,0.0002875060785809426,0.005120133458234737,0.005078383466266131,4.601617931432934e-08
1639,0.01045544812081141,0.00025200117797060816,0.005122861187396021,0.005080538613953877,4.714149090356846e-08
1640,0.010281607366544527,8.113100791013267e-05,0.00499371041179303,0.005206719942901377,4.600393998724841e-08
1641,0.010245403487715092,4.582886293576351e-05,0.005078743249341298,0.005120787008744441,4.4366693591106397e-08
1642,0.010412054452643453,0.00020847754991164374,0.005187742113089334,0.005015791782698952,4.3006943522097187e-08
1643,0.010463029421580757,0.00026445407241768867,0.005105795225031776,0.00509273762327198,4.250085931329429e-08
1644,0.010368898762996369,0.00016423405886637624,0.005079896287638402,0.005124724330316616,4.408617497538137e-08
1645,0.010231877166619989,2.929016171969092e-05,0.005185876502694783,0.005016664295279643,4.6206925871867666e-08
1646,0.0103028571992701,0.00010199362543480041,0.005203223376961746,0.004997593764747588,4.643212596555048e-08
1647,0.010454846053622457,0.0002515035707122365,0.005060773493946114,0.0051425238433191085,4.514564499770044e-08
1648,0.0104510477947707,0.00025334062908778323,0.004981176065962241,0.005216486234896889,4.4864823788013165e-08
1649,0.010333199325064164,0.00013232574040580725,0.005162810343404039,0.005038016913688762,4.632756555702257e-08
1650,0.010224814919681309,2.5175805831678026e-05,0.005110338641471872,0.005089255099981983,4.537239577681155e-08
1651,0.010344815619767434,0.00014572282534566818,0.005002642956717684,0.005196406608770024,4.322893405786423e-08
1652,0.010481565436742158,0.000278510425714341,0.0051566993176724975,0.0050463123667092566,4.33266460630251e-08
1653,0.01046193381505837,0.0002622312979690028,0.005248221354793637,0.004951436491561133,4.467073459628186e-08
1654,0.01028151333260293,7.951521768409717e-05,0.00509894414978892,0.0051030084442175265,4.552091238708986e-08
1655,0.01025439456909166,5.318995225702495e-05,0.005056178233294481,0.005144980613571853,4.5769968301123576e-08
1656,0.010395520530390936,0.00019888221699660105,0.005156335114367012,0.005040257807964047,4.5391063276531954e-08
1657,0.01050604618087648,0.0003055552036789388,0.005124673600463311,0.005075773162648629,4.421408560189588e-08
1658,0.010395950991692734,0.0001981597568366104,0.004934839987033398,0.005262907796714924,4.3451107802691316e-08
1659,0.01023756166235151,3.888524465738592e-05,0.005062998264331367,0.0051356329666851835,4.518667757286371e-08
1660,0.010273059215544498,7.260630235141801e-05,0.00520697459335287,0.004993432204944297,4.611489591354231e-08
1661,0.010387983660483461,0.00019081357586908727,0.005156316978650945,0.005040808549918684,4.4556044744698555e-08
1662,0.010464185609573871,0.00026145982627900184,0.005080837484775486,0.005121844960289648,4.333822973499813e-08
1663,0.01032131087832496,0.00012360152115368145,0.005146746902005975,0.00505091810301002,4.435215528327961e-08
1664,0.010237899576501593,3.827451532646906e-05,0.005211345944979537,0.00498823313043482,4.598576076693757e-08
1665,0.010288955524627538,9.004885886019735e-05,0.00508792752170296,0.005110933816315802,4.5327748578892233e-08
1666,0.010445175653298739,0.00024962498509867906,0.004965601787368224,0.0052299053285236085,4.3552308227810885e-08
1667,0.010509119236212398,0.00030992019331303413,0.0051335621582096706,0.005065593085389347,4.379930034555227e-08
1668,0.010357472113756181,0.000162586953835235,0.005152562778457839,0.0050422779985761675,4.4382886937779476e-08
1669,0.010232906533050224,3.482502420736443e-05,0.005047038688245607,0.00515099812130489,4.4699292363160263e-08
1670,0.010316465333614688,0.00011704162512788139,0.005077184206005936,0.0051221942157397135,4.528674115720218e-08
1671,0.010479395001245152,0.00028438817963483023,0.005188949314230494,0.005006011809791959,4.5697587870290904e-08
1672,0.010463635014814943,0.0002634556949772424,0.005163202793585869,0.005036931458175483,4.506807634742606e-08
1673,0.010285382282620813,8.907023706447368e-05,0.005043421292203699,0.005152846713380081,4.403997255908594e-08
1674,0.010236372431693877,4.0368842914176416e-05,0.005096532144460798,0.005099427194524514,4.4249794390200494e-08
1675,0.010407917105201664,0.00020947669633868886,0.005167647336031138,0.00503074855989574,4.451293609804533e-08
1676,0.010475267802420132,0.0002826785733669586,0.005060681142661537,0.005131864323504222,4.376288741373143e-08
1677,0.010376476892914932,0.0001777310814384952,0.005049462178352195,0.0051492397683573655,4.386476687557057e-08
1678,0.010222997978849879,2.688439035805817e-05,0.005121690406506849,0.0050743787015305524,4.44804544188962e-08
1679,0.010306415540760764,0.0001109682602088728,0.005180056104614861,0.005015346570796162,4.460514086652026e-08
1680,0.01046377326714694,0.0002645960031793721,0.005103243814295236,0.005095889577234927,4.3872437407567394e-08
1681,0.010432341295275947,0.00023864234950058509,0.005028928277582944,0.005164726951557109,4.3716635307449534e-08
1682,0.010272105732689761,7.486935426165037e-05,0.005171149220279838,0.005026042045557601,4.511259067243817e-08
1683,0.010235892865684989,3.943372806271968e-05,0.005158285383242962,0.005038129014641112,4.4739738196210456e-08
1684,0.010390584532284388,0.0001970459063166154,0.005034312033982013,0.005159183147150598,4.3444835162042796e-08
1685,0.010488294618639682,0.0002896009992674923,0.005128221806243042,0.005070427421617428,4.439151171858495e-08
1686,0.010359312880495804,0.00016469376474694634,0.00519233220785478,0.005002241481590811,4.5426303267546785e-08
1687,0.010221034604223354,2.5048375334471085e-05,0.005093930732418102,0.0051020106028724175,4.489359836549162e-08
1688,0.01032006794306935,0.00012288811826169843,0.005057229214182934,0.005139906406370006,4.420425471068381e-08
1689,0.010461670966555882,0.00027055163695890723,0.005107425259344048,0.005083649735147158,4.43351057680524e-08
1690,0.010431324761898,0.0002349365105629512,0.00513434260365943,0.005062000892256424,4.4755419194741825e-08
1691,0.010259637739639909,6.573267516242332e-05,0.00501009619759164,0.00518376520747571,4.365941013595565e-08
1692,0.01024596571178764,5.264053092609812e-05,0.005077203187086296,0.005116078814147232,4.317962801418612e-08
1693,0.01041831083878614,0.00022090800447080434,0.0051813501994252865,0.005016009167100014,4.346779003607151e-08
1694,0.010437070473929878,0.0002449100473408073,0.00510401042692404,0.005088106260817557,4.3738847472141055e-08
1695,0.010314002347711054,0.00011695913637970621,0.005098469496849776,0.005098528717653017,4.499682855446854e-08
1696,0.010220903231896592,2.5182149959372303e-05,0.005185761387235869,0.005009914086725798,4.5607975551680376e-08
1697,0.010328652868176165,0.00013610297743653628,0.005152252965919327,0.005040252433828979,4.449099132291195e-08
1698,0.010464920867610205,0.0002681580700966742,0.005031673392795005,0.00516504570267404,4.370204448592966e-08
1699,0.010394097501637447,0.0002032928909752872,0.004994118775277807,0.00519664148553925,4.434984510264448e-08
1700,0.010272833822369265,7.927466695605995e-05,0.0051786602287629754,0.005014853451526114,4.54751241159949e-08
1701,0.010232690052193624,3.922705916443395e-05,0.005096410461351496,0.005097008838283477,4.369339421663523e-08
1702,0.010379235152294853,0.00018724825807307722,0.005001913228555855,0.00519003117180617,4.2493859749741864e-08
1703,0.010472137000649263,0.00027564152544228167,0.00517034386542344,0.005026107242361055,4.4367422486766295e-08
1704,0.010348427078904416,0.00015454811789025104,0.005226462448090546,0.0049673719064462565,4.460647736197973e-08
1705,0.01024564977656362,5.1047416175936135e-05,0.005071444913718588,0.005123112969013451,4.4477655643062506e-08
1706,0.010288516864170545,9.394958441631243e-05,0.005097163455343041,0.005097356563316969,4.726109422304477e-08
1707,0.010448998073289946,0.00025943700632253435,0.00517781407476858,0.005011700104694174,4.688750465875369e-08
1708,0.010423165451602536,0.0002298994917682722,0.005047717369110986,0.005145505642354638,4.294836864147427e-08
1709,0.010308238607861675,0.00011500465926085343,0.004900292257101402,0.0052928988909610895,4.280053832882648e-08
1710,0.010222533382489631,3.211224111375368e-05,0.0050865125793611455,0.0051038627476831565,4.581433157456086e-08
1711,0.010326444621789247,0.00013303807528905693,0.005197192263030446,0.004996169771396337,4.451207340779228e-08
1712,0.010395943678715292,0.00020648851693013255,0.005094195368741686,0.0050952186452381965,4.114780527558081e-08
1713,0.010392397162203257,0.0001975808420858439,0.0050759342349735136,0.005118839922939279,4.2162204621742244e-08
1714,0.010272428341881587,8.03254081412888e-05,0.005191280181704505,0.0050007765353226406,4.6216713152527037e-08
1715,0.010227012203327442,3.526043532519441e-05,0.00517432102061525,0.00501738440697266,4.6340414337092395e-08
1716,0.010307502021976006,0.00011498252437363364,0.0050245694753424585,0.005167906257705295,4.3764554617150666e-08
1717,0.010417192119299954,0.00022896447439491515,0.004978214693214995,0.005209968679403039,4.4272287006186044e-08
1718,0.010493421473362291,0.00030161687288906056,0.005147146294716974,0.005044611606034695,4.6699721562211404e-08
1719,0.010355291137987905,0.00016781607897668253,0.005135041182415682,0.005052388471768107,4.540482743332191e-08
1720,0.010245188114348647,5.430007624019095e-05,0.005033404038770563,0.005157441999744272,4.199959362307624e-08
1721,0.010259087705824508,6.805552200413249e-05,0.005085750435960079,0.005105239785574971,4.1962285325912394e-08
1722,0.010422422447659929,0.00023381608698563666,0.0051966667758748235,0.004991895113625377,4.4471174092506874e-08
1723,0.010486446633157597,0.0002934807271652356,0.005129557720797416,0.005063363664171199,4.452102374691719e-08
1724,0.01037995072043186,0.00019154114990458846,0.005020665669148064,0.0051677006929328395,4.3208446367461834e-08
1725,0.010222978478016077,3.318131682534872e-05,0.005122571670969885,0.005067181216406423,4.4273814419430125e-08
1726,0.010277151744704104,8.733096454904176e-05,0.005166453619047378,0.005023320353087935,4.680801975036953e-08
1727,0.0104045812687706,0.0002184030587448647,0.005025852205994523,0.0051602790936933545,4.691033785822744e-08
1728,0.010497910825343086,0.00030544406184511587,0.005010585569222823,0.005181836394305187,4.479996996100535e-08
1729,0.010340890395307398,0.00015421817639125836,0.005101363077183904,0.005085265746451789,4.3395280448025057e-08
1730,0.01022839615143762,3.8366757229291144e-05,0.0052073273269249345,0.004982658835645585,4.3231637809649743e-08
1731,0.010292952467416563,0.00010250548049664652,0.005127662339121281,0.005062741540428958,4.310736967671677e-08
1732,0.01045538488646498,0.0002688866404633275,0.005041532696077251,0.005144922217115891,4.3332808510297553e-08
1733,0.010457828733717506,0.0002658638638725515,0.005169854823690085,0.005022065585818386,4.4460336484402436e-08
1734,0.010282185329514082,9.336738276155395e-05,0.005213524961934511,0.004975248068489286,4.491632873049642e-08
1735,0.010236102561269628,4.839301724604974e-05,0.005067140742448324,0.005120524820055759,4.398151949584218e-08
1736,0.01040350172363659,0.00021299398467344247,0.005043235162642277,0.005147228267077242,4.430924362839102e-08
1737,0.01047230488389636,0.0002879602710486221,0.005106275676086801,0.005078023116873292,4.581988764511292e-08
1738,0.01034122557493432,0.00015210448676831572,0.0051273748844345305,0.005061700163504242,4.6040227231333655e-08
1739,0.01021919578377199,3.0825473872982545e-05,0.005000389199660255,0.005187936384715834,4.472552291923746e-08
1740,0.010328951067843446,0.00014300430462410506,0.005014868794196008,0.005171033920155649,4.4048867683624926e-08
1741,0.010494587116149872,0.0003031966727659809,0.005209141880489243,0.004982204653855793,4.3909038855565585e-08
1742,0.010380337618721956,0.0001918131116288327,0.005236740903161024,0.004951740644707657,4.29592244412619e-08
1743,0.010243171421418125,5.359011175014632e-05,0.005086007622843778,0.005103531139468292,4.254735590961508e-08
1744,0.010289091063735403,9.954922522656264e-05,0.005092335403158466,0.005097162268366971,4.4166983404611213e-08
1745,0.010462884069537642,0.0002785241470719478,0.0051561975861315,0.005028117097809005,4.5238525189538197e-08
1746,0.010410995133076834,0.00022243907924080175,0.005095896813475534,0.005092614621489357,4.461887113990427e-08
1747,0.010267765582939901,8.057148516084216e-05,0.004961761397448987,0.005225387668598022,4.503173204930986e-08
1748,0.010243808202235393,5.872337146183446e-05,0.005067370325285209,0.0051176677514282705,4.675406007999328e-08
1749,0.010413556180558127,0.00022523243260053302,0.005169028576095896,0.0050192497539858555,4.5417875842974475e-08
1750,0.010407224283501776,0.00022344717015803587,0.0050592869215562815,0.0051244485316358935,4.166015156471517e-08
1751,0.010301278158764566,0.00011190990448862635,0.005046505625546468,0.005142821403979193,4.122475027920675e-08
1752,0.010216353967125044,2.728637272870045e-05,0.005170732047485646,0.005018291554607774,4.3992302921588196e-08
1753,0.010329441801902836,0.000141651113482479,0.005231209616511459,0.004956536274518635,4.4797390262608754e-08
1754,0.010424005601004229,0.0002353926994380207,0.005098694166195832,0.00508987610444588,4.2630924496131935e-08
1755,0.010375057201874434,0.000191429764967892,0.004994275278830732,0.0051893096070519265,4.2551023883363136e-08
1756,0.010251641033584684,6.614151279170991e-05,0.005136222389453864,0.005049231055504623,4.607583448573488e-08
1757,0.010231862515136832,4.672188958132805e-05,0.005111812681644702,0.005073280629432384,4.7314478416113766e-08
1758,0.010342257038001807,0.00015784959325009832,0.004966715813199435,0.005217647049841225,4.4581711047920637e-08
1759,0.010448565046439212,0.000261004620321521,0.005077961591733906,0.005109556093685898,4.2740697885654385e-08
1760,0.0104096992550856,0.0002252984298368417,0.005209459711671289,0.0049748979042267055,4.320935076488415e-08
1761,0.010247904906405465,6.0265678113696136e-05,0.005162599260710231,0.005024996184204036,4.378337750206016e-08
1762,0.010238861794589103,5.176434873350751e-05,0.0050627102888802095,0.005124343428974298,4.3728001088086275e-08
1763,0.010352497674059418,0.00016946287969443245,0.005094344447514208,0.00508864622898403,4.411786674887431e-08
1764,0.010489377630128992,0.0003023563040953041,0.005175438623911925,0.005011538300929385,4.4401192379701375e-08
1765,0.010374148238071097,0.0001930985189523855,0.005069478953709961,0.005111527274379947,4.34910288022102e-08
1766,0.010238416570609895,5.346158923593528e-05,0.005025415773121025,0.005159495923893455,4.328435948051186e-08
1767,0.010239849572553314,5.526689263255663e-05,0.005088453630967327,0.0050960843632228536,4.4685730576931876e-08
1768,0.010401407367603458,0.0002204511412184291,0.005114705818751643,0.005066204558542867,4.5849090519300764e-08
1769,0.010475196165093927,0.00028886166503139785,0.0050834603623811135,0.005102828548670693,4.5589010722283935e-08
1770,0.010340311754964655,0.00015794968323398125,0.005046575493020931,0.005135741514538948,4.506417079389516e-08
1771,0.010213005633863122,2.6963646963455308e-05,0.005204066434928082,0.004981930457769752,4.509420183456286e-08
1772,0.010292952241708222,0.00010564644532734124,0.005209535625903986,0.0049777267223851795,4.344809171689794e-08
1773,0.010426256752801682,0.0002448505537279449,0.005065052597310328,0.0051163117929802085,4.180878320093796e-08
1774,0.01042067946279571,0.000234804209503119,0.00509377546330905,0.0050920567175190305,4.307246451248854e-08
1775,0.010262955261247021,8.097663646912345e-05,0.005140567208996114,0.005041366579092265,4.483668951993147e-08
1776,0.010216103149763909,3.3828502378838415e-05,0.0050938579819189925,0.00508837205352351,4.461194256775647e-08
1777,0.010366118535017491,0.00018117876980392963,0.005052939754413008,0.0051319553694072284,4.464139332508127e-08
1778,0.01044543910372849,0.0002662602914406242,0.005058648205020066,0.005120484430081853,4.6177185948000035e-08
1779,0.010368879694743828,0.00018460584062991904,0.005162403610714958,0.005021823253323794,4.699007515545783e-08
1780,0.010214335349073128,3.233142721483097e-05,0.005068486288309987,0.005113472825022822,4.480852548868045e-08
1781,0.010271685898247956,9.00010972760321e-05,0.005051676978579609,0.005129964374998872,4.344739344297422e-08
1782,0.010439604982360564,0.00025333673142953733,0.005183780167355495,0.005002444562942483,4.352063304900843e-08
1783,0.01041635026252883,0.00023485963703876036,0.005179874187716937,0.005001573851301133,4.258647199831542e-08
1784,0.010274555846543075,9.020789470897447e-05,0.005081606381929972,0.005102698876248597,4.269365553189215e-08
1785,0.01021423251871342,3.133833092443523e-05,0.005114821465875779,0.0050680269996068,4.572230640562694e-08
1786,0.010372765915938824,0.00019362289832717682,0.005125892243293922,0.005053203687262521,4.7087055203010654e-08
1787,0.010459775196193488,0.00027612147342098974,0.005021355725768544,0.00516225352241078,4.4474593172835265e-08
1788,0.010363315203229306,0.00018234234398096697,0.004916496243031051,0.005264434101219308,4.2514997981261964e-08
1789,0.010237140811687506,5.5628927028158905e-05,0.005174058889559723,0.005007408789921298,4.4205178325477103e-08
1790,0.010249486675580514,6.619897303612119e-05,0.005180513264986784,0.005002730240289692,4.419726791638636e-08
1791,0.010391629679548172,0.00021114589030790207,0.005033124718294529,0.005147316525235588,4.25457101525184e-08
1792,0.010407976231347921,0.00022279904789422822,0.00514861124044505,0.005036522737510784,4.3205497859070045e-08
1793,0.010318282336106759,0.00013378474340271015,0.0052793974361622364,0.0049050555956491534,4.456089265805483e-08
1794,0.010204436681970595,2.2258058980177966e-05,0.00513874060164152,0.0050433938164010615,4.42049478357831e-08
1795,0.010307380710826416,0.00012442596155573415,0.005023910200923317,0.005159000108394822,4.443995254283311e-08
1796,0.010393189661267885,0.00021624168742196225,0.0050727718666646856,0.0051041302585281235,4.584865311381431e-08
1797,0.01043539361016791,0.0002546744730022748,0.005135224861330108,0.005045448856607922,4.5419227604027686e-08
1798,0.010280863839382096,0.00010207995733865938,0.004963891454920953,0.005214849467504181,4.295961830292504e-08
1799,0.010219705823507935,3.897957993362646e-05,0.004984703426390815,0.005195979701417546,4.3115765947708995e-08
1800,0.010272150229130984,9.009960080077849e-05,0.005174223339535601,0.005007782426256511,4.4862538092552585e-08
1801,0.010394906359117028,0.0002148416046100504,0.005222048571332542,0.004957972063665846,4.411950859060202e-08
1802,0.010423864602198931,0.0002407961266330798,0.00507485186269685,0.005108174111033021,4.2501835980639454e-08
1803,0.010307142223751271,0.00012813736267918135,0.0050282289941109455,0.005150732484776706,4.338218443889465e-08
1804,0.010217595366171853,3.7468337092153366e-05,0.005167005862141919,0.005013075512534599,4.5654403181710424e-08
1805,0.010259721211090507,7.98959704857603e-05,0.005141583135716417,0.005038196152879151,4.595200917888839e-08
1806,0.010387231818828245,0.00020997239133102406,0.004975840200314857,0.005201374616516604,4.4610665758736166e-08
1807,0.010462763615498064,0.00028181855132067046,0.0050510150584035934,0.005129885598813672,4.440696012790874e-08
1808,0.010364298399060619,0.0001875649097321137,0.005165612917856126,0.005011076114103373,4.445736900421483e-08
1809,0.01021741531103067,3.798619358823225e-05,0.005152576860185722,0.005026808313262937,4.394399377939227e-08
1810,0.010251251638837998,7.117186491497158e-05,0.005043219963692313,0.005136816428295372,4.338193534037436e-08
1811,0.010389442972902079,0.00021292416649337063,0.005050781427190837,0.00512569342989481,4.3949323060773905e-08
1812,0.010482770558741314,0.0003003834495664791,0.005205452774009493,0.004976889475800747,4.4859364596184406e-08
1813,0.010325338663254913,0.00014695857290660232,0.005200249287193214,0.004978086520132008,4.4283023088718956e-08
1814,0.010219831224965406,4.074611675320334e-05,0.00503802790125397,0.005141012972072473,4.423488575936478e-08
1815,0.010300049933530784,0.00012047455000343762,0.005026821758289418,0.005152707636436548,4.5988801380069145e-08
1816,0.010461984989115951,0.0002882769950613902,0.005083172313942001,0.005090488116742642,4.7563369918389804e-08
1817,0.01042841176495711,0.0002494946176356302,0.005093246004697464,0.005085624271534385,4.687108963131002e-08
1818,0.010259192535263839,8.157222547959231e-05,0.004985758520248964,0.005191817605437273,4.418409800835369e-08
1819,0.01022855392965095,5.137788088183813e-05,0.005088628159163407,0.005088504925002083,4.2964603620537175e-08
1820,0.010395083095083354,0.00021319574617756015,0.005231005854575734,0.004950837871903475,4.3622426584971987e-08
1821,0.010408426351808074,0.0002318193453107236,0.0051788767987165476,0.004997686063590646,4.414419015815784e-08
1822,0.010292790445199509,0.0001127982582327087,0.005046603433542403,0.0051333449218157,4.383160869682533e-08
1823,0.01020600420822331,2.7716124503820587e-05,0.005082654913261845,0.005095589459200855,4.3711256789941354e-08
1824,0.010336728439140346,0.0001604173355735499,0.005184929426697958,0.004991336955152662,4.4721716174962454e-08
1825,0.010424222332619592,0.0002453585583342341,0.005101876004046627,0.0050769419592627445,4.581097598724147e-08
1826,0.010356394819039412,0.0001795656092577901,0.00492826857933682,0.005248515062370266,4.556807453653006e-08
1827,0.010213783686678678,3.714055384643327e-05,0.005066172326314909,0.005110425375706424,4.543081091129048e-08
1828,0.010245616205799496,6.827400002441679e-05,0.005163609827843538,0.00501368775873143,4.461920011042948e-08
1829,0.01034033186202714,0.00016581068874926705,0.005073823983430475,0.005100654592548071,4.2597299326433065e-08
1830,0.010410198684513183,0.0002305637431131021,0.005073217689891479,0.0051063754635367565,4.178797184418102e-08
1831,0.010290927551720556,0.00011431003483908769,0.00516964625799919,0.005006927603206483,4.365567579588647e-08
1832,0.010212618121098353,3.3914712127908184e-05,0.005208923590569065,0.004969733634065105,4.6184336274937154e-08
1833,0.010255802540954019,7.825857606651445e-05,0.005072587180819989,0.00510491068205052,4.6102016994780325e-08
1834,0.010397252147275186,0.00022258083531435352,0.004956408432265145,0.005218217431467899,4.544822778650172e-08
1835,0.010456805022040126,0.0002792577398144733,0.00513895959071819,0.005038540725441495,4.6966065966341504e-08
1836,0.010326791119199041,0.00015255264421227014,0.005172276765301878,0.005001915153387443,4.6556297449448145e-08
1837,0.010206306010848591,3.009142669646138e-05,0.005052342324181375,0.005123829058729716,4.320124104020757e-08
1838,0.01028681759425791,0.00010916300454097086,0.005030767010781275,0.005146846230213114,4.134872255032935e-08
1839,0.010432511928349781,0.00025971170142808107,0.005100599433869889,0.005072157745445367,4.30476064455891e-08
1840,0.010429462250607882,0.0002512795479294999,0.005161513227255407,0.005016624201759138,4.527366383885189e-08
1841,0.010258108802247291,8.369784604146576e-05,0.005084915593432024,0.005089450327613705,4.503516009829023e-08
1842,0.01021857048831294,4.4032712889659334e-05,0.005106422343294446,0.0050680702365087345,4.519562010012976e-08
1843,0.01037647981119146,0.00019958015359596826,0.005159831918202039,0.005017021253273361,4.648612009401082e-08
1844,0.010439453553795934,0.0002676947844399585,0.005054843782276975,0.005116868486969869,4.650010913148987e-08
1845,0.01032956878758399,0.00015243416337106351,0.0050325203419668155,0.00514456797857133,4.630367478073129e-08
1846,0.010198149731702062,2.3039816541517836e-05,0.005096899274112164,0.005078164139777499,4.650127088134067e-08
1847,0.010296640253205884,0.00012206715454694357,0.005194311632326189,0.004980215728320791,4.57380119588874e-08
1848,0.01042442986955438,0.0002473353910251458,0.0051318884794753035,0.005045162172980756,4.382607317434317e-08
1849,0.010366020110380228,0.0001928735742618087,0.004988377038219324,0.005184726441399055,4.3056500040636114e-08
1850,0.01021858061609112,4.339812057903972e-05,0.00512580474990237,0.0050493332566303286,4.448897938323237e-08
1851,0.010231750945091414,5.579497999682007e-05,0.005171616430546695,0.005004295094744101,4.443980379772886e-08
1852,0.010359297202774535,0.0001867707472959936,0.005068194306158327,0.00510428856337797,4.358594224504243e-08
1853,0.010404895458556917,0.00022783688794773908,0.005109365026901654,0.005067648050156306,4.5493551218551986e-08
1854,0.010276442424642035,0.00010292749881692738,0.0051622850744889376,0.005011182104684275,4.7746651896143383e-08
1855,0.010195716081847718,2.2084733546711262e-05,0.005097437494417028,0.005076146766884306,4.708699967294956e-08
1856,0.010306390026444984,0.00013099663446567388,0.0050238148448485224,0.005151533778740639,4.476839014749411e-08
1857,0.010407529689391537,0.00023706475977126299,0.00503288321433314,0.005137538158385628,4.355690150829707e-08
1858,0.010389022057150895,0.00021342025601044732,0.005174287898286168,0.0050012701532169265,4.374963735294656e-08
1859,0.010224566868817783,5.1923756548499355e-05,0.005085306906605327,0.005087293000754815,4.3204909140691805e-08
1860,0.010229436295608563,5.635588074264663e-05,0.005054649949959401,0.005118386744384674,4.372052184205939e-08
1861,0.01037634364160921,0.00019992286646686107,0.0051662478173597325,0.005010128116959068,4.4840823547744355e-08
1862,0.01041572106393092,0.00024383116672626725,0.005143400436579896,0.00502844475839513,4.470222962762533e-08
1863,0.01030874300176759,0.0001331187467591649,0.00505501264005994,0.00512056645921451,4.5155733974511e-08
1864,0.010194564064056713,2.1981802048340098e-05,0.005094730650310035,0.005077805617816816,4.599388152112703e-08
1865,0.010297530990184321,0.0001275002604227313,0.00513318710870344,0.0050367975235075125,4.609755063624281e-08
1866,0.010414963534610994,0.0002408646441001713,0.005013666574567184,0.0051603873057415135,4.501020212453236e-08
1867,0.010410119201522757,0.0002363968908717567,0.004873437192832128,0.00530024181654547,4.330127340199208e-08
1868,0.010278663329943264,0.000104043403124266,0.0052023309533594676,0.004972245761959957,4.3211499572881396e-08
1869,0.010213951798413575,3.654552451140891e-05,0.005281867135002677,0.00489549631826012,4.2820639369339324e-08
1870,0.010315653650493016,0.00014293671395506006,0.005118757908667594,0.005053915996734411,4.3031135951862555e-08
1871,0.010390601510674842,0.00021464090723572282,0.005121965724874465,0.005053950106504138,4.4772060516796154e-08
1872,0.010362950652519203,0.00019044273003964858,0.00521516265709929,0.004957299114306703,4.615107356229226e-08
1873,0.010214549870574283,4.1936847872945545e-05,0.005094701187838712,0.00507786467271584,4.7162146785774415e-08
1874,0.01024176441688493,6.794864523661318e-05,0.004956587451258793,0.0052171798703337414,4.8450055784024735e-08
1875,0.010311008620451867,0.00014204147287129104,0.005026165976202311,0.005142752815996068,4.8355382197335874e-08
1876,0.010429929805473647,0.0002575072488934694,0.005171342495325713,0.005001034393335151,4.566791931473299e-08
1877,0.010336458580401213,0.00016802674126585623,0.0050270026171426495,0.005141387101337575,4.21206551319847e-08
1878,0.010254555063036526,8.122958214670312e-05,0.00497598487879472,0.005197299204642102,4.1397452999985996e-08
1879,0.010203237844955908,3.125033943186192e-05,0.005110236028171942,0.005061709364387166,4.211296493754756e-08
1880,0.010314705323836023,0.00014169148497626818,0.005246938356068911,0.004926033242141139,4.2240649704379806e-08
1881,0.010404066798858504,0.00022943862813089744,0.005145080150905456,0.005029505150890084,4.286893206592965e-08
1882,0.010406144551993042,0.00023634605050641363,0.005022690003103517,0.0051470627797772115,4.571860589946956e-08
1883,0.010278398276679137,0.00010593462727908411,0.00513679188981766,0.005035622137777844,4.962180454948606e-08
1884,0.010208886624279054,3.850842159601121e-05,0.005161786140398813,0.005008542638642175,4.94236420564363e-08
1885,0.010265556955248249,9.666114387016135e-05,0.0050135701470773435,0.005155278517273056,4.7147027688028945e-08
1886,0.010411504567654967,0.00023848633141985566,0.005001048968359289,0.005171922473538538,4.6794337284313934e-08
1887,0.01044312533613284,0.00027564795310124947,0.005069635298078867,0.005097796225622361,4.5859330362862284e-08
1888,0.010328017289755007,0.00015396863015532323,0.005218817084304204,0.0049551883927577214,4.318253775767422e-08
1889,0.010205372654146129,3.337739378369622e-05,0.005174738685192001,0.004997215959042258,4.0616128173875534e-08
1890,0.010289293166136627,0.00011944649001140277,0.005093503041379869,0.005076301781431059,4.185331429671931e-08
1891,0.010451463584025628,0.0002781799625075157,0.005131961407613322,0.005041277060923215,4.515298157669677e-08
1892,0.010419241678203383,0.0002515581425528271,0.0050942002292237425,0.005073438388688464,4.4917738350507185e-08
1893,0.010244704296374243,7.342502351521324e-05,0.005036372892540368,0.005134862992852437,4.3387466225594903e-08
1894,0.010220285344680355,4.9805759191864195e-05,0.005040359596952325,0.005130075133407737,4.485512842923532e-08
1895,0.010368038078749834,0.00020100443825616136,0.005101229271516669,0.005065755296572187,4.90724048166943e-08
1896,0.010454738599053071,0.0002831254131450004,0.005097171728248178,0.0050743905816971226,5.087596277046571e-08
1897,0.01030531365261842,0.0001352775716751121,0.004943905286082351,0.005226083710370587,4.708449036969838e-08
1898,0.010195591305195493,2.528755404753887e-05,0.005074730724379501,0.005095529029813385,4.399695506779032e-08
1899,0.0102961705933338,0.0001215702756781817,0.005233067845646883,0.004941489026592229,4.344541650658923e-08
1900,0.010383222174230506,0.00021220149575116746,0.005211134036968276,0.004959843005269675,4.3636241386841775e-08
1901,0.010338388941184686,0.0001649424091674075,0.005127498643377594,0.005045904347829739,4.354080994589958e-08
1902,0.010199162066339824,2.8627073371971312e-05,0.005153462023264273,0.005017030034362584,4.29353409939796e-08
1903,0.010251627392504948,8.296459882391306e-05,0.005153991369443445,0.005014628534793035,4.288944455432594e-08
1904,0.010364634087729698,0.00019331243515875916,0.004999644010785868,0.005171633897781233,4.374400383813076e-08
1905,0.01038576237608451,0.00021521147757905506,0.004876196597885811,0.005294308140121315,4.616049833012835e-08
1906,0.010288594865459575,0.00011870570147074904,0.00511592973532168,0.0050539095706448305,4.985802231655865e-08
1907,0.0102011652329195,3.13501394479508e-05,0.005160624910396289,0.005009141508416495,4.867465876561526e-08
1908,0.0102821640016805,0.00011344999144736529,0.00504541339779019,0.005123256200431375,4.441201156783262e-08
1909,0.01037817424310179,0.00020606215758515003,0.005109536926364405,0.00506253283940242,4.231974981699609e-08
1910,0.010380257626114057,0.0002106242864032708,0.005212613381785042,0.004956977427554161,4.253037158417009e-08
1911,0.010234049538323589,6.311912003476304e-05,0.00510633901503427,0.005064548260036352,4.314321820316867e-08
1912,0.010219428995247892,4.924181993665649e-05,0.005025121330609783,0.005145021780954134,4.406374731913381e-08
1913,0.01029354328081672,0.00012681843546886749,0.005125677131697984,0.0050410018408993725,4.587275049584487e-08
1914,0.010415162281238448,0.00024531457567263305,0.005168275504599288,0.005001525016092873,4.718487365493595e-08
1915,0.010346102810488813,0.0001799489964055732,0.004982636035219793,0.005183471045935246,4.67329281999394e-08
1916,0.010239451438484256,6.950912115367326e-05,0.0049779438441855655,0.005191951441063025,4.7032081992674045e-08
1917,0.010194840864016442,2.6451091268507933e-05,0.0050975730063736,0.005070769466863912,4.729951042284643e-08
1918,0.010292756067864872,0.00012539437444174364,0.005153335039807421,0.0050139805772789585,4.607633675008539e-08
1919,0.010401921330551274,0.00023102737521870552,0.005083686555946048,0.005087163276293607,4.412309291156143e-08
1920,0.010376191019254142,0.00020988199940327187,0.005077546659789254,0.005088718839208704,4.352085291151607e-08
1921,0.01026140959784399,9.11385284931146e-05,0.00519495894392985,0.004975267446689317,4.4678731709266046e-08
1922,0.010190674711298246,2.309620785618354e-05,0.005131480675207283,0.005036052953800343,4.487443443569585e-08
1923,0.010300850751562255,0.00013478190293738846,0.004980658922139021,0.005185365308638532,4.461784731502144e-08
1924,0.010441476393574135,0.00027270504403589655,0.005073736393616932,0.005094989163623915,4.579229739229519e-08
1925,0.010435414573495456,0.00027131045127835803,0.0051200331088812326,0.005044025252925454,4.576041041167149e-08
1926,0.010257727105609746,8.961854581174984e-05,0.005093759067768741,0.005074304996024332,4.449600492445717e-08
1927,0.010207453039998936,4.002883647129694e-05,0.005066187259945333,0.00510119288219907,4.4061383236191636e-08
1928,0.010343100406273757,0.00017800904369846566,0.005138556863914113,0.005026488605365312,4.589329586646425e-08
1929,0.010460941292839207,0.0002911632919270082,0.005150877524934455,0.005018852956392044,4.751958569781668e-08
1930,0.010314572135880981,0.00014870980235844503,0.005032461846467942,0.005133354052283215,4.643477137906794e-08
1931,0.010189644354884566,2.21660297475282e-05,0.0050904127484816914,0.005077020274984901,4.530167044408394e-08
1932,0.010294005299262348,0.00012474999735123627,0.005184598352357705,0.004984611715600278,4.5233953130854475e-08
1933,0.010404750000149935,0.0002407552129510736,0.005111579105512744,0.005052370240001219,4.5441684898304926e-08
1934,0.010340471706929165,0.00017213089261104762,0.0050505503431328555,0.0051177449398551655,4.553133009499243e-08
1935,0.01019359856630872,2.7888358863469558e-05,0.005047411371004244,0.005118254276075024,4.456036598385148e-08
1936,0.010257912341834728,9.35601504429311e-05,0.005097839406878829,0.005066469256953497,4.3527559469897906e-08
1937,0.010398736129183801,0.00023086337602132333,0.005087548722476728,0.005080280180448881,4.385023686805035e-08
1938,0.010361003408418995,0.00019712926140726266,0.00504144052747524,0.005122387852148704,4.57673877881452e-08
1939,0.010224211351725175,5.5777015975187236e-05,0.005202231286692605,0.004966155203927119,4.7845130263149464e-08
1940,0.010216004003694577,4.798083513147836e-05,0.005158453348949265,0.005009523942195401,4.587741843430311e-08
1941,0.010366766825800507,0.00020197694197157253,0.005036806984403858,0.005127939408616735,4.349080834097127e-08
1942,0.010401543459558057,0.00023238982624539537,0.005149918047696629,0.005019190627187331,4.495842870257374e-08
1943,0.010258788471810023,9.243838519256498e-05,0.005191491549636208,0.004974812006543667,4.653043758215301e-08
1944,0.010209411850638483,4.385849618155474e-05,0.005057318511239456,0.005108189385550082,4.54576673897845e-08
1945,0.010330270593043785,0.00016329097399540288,0.005078979464316817,0.0050879554795268305,4.467520473494511e-08
1946,0.010414589978354177,0.0002523811031943138,0.0051006229061903085,0.005061541092822181,4.4876147374977987e-08
1947,0.010287915629305274,0.00012137819463162039,0.005033909783013642,0.005132582561270668,4.509038934338745e-08
1948,0.010204238918535653,3.779670485457126e-05,0.0049509763107821285,0.005215421193342921,4.4709556030641065e-08
1949,0.010271856501132088,0.00010907759054341115,0.0051028791046628524,0.005059854762651283,4.504327454320067e-08
1950,0.010389879013799742,0.00022251913404457515,0.005181011968399394,0.004986303030692469,4.4880663306126255e-08
1951,0.01032575260630931,0.0001622885687440088,0.005041484210667386,0.005121935564053526,4.4262844389671076e-08
1952,0.010201287597792642,3.500766570989126e-05,0.005114554302069178,0.005051680187301946,4.544271162583903e-08
1953,0.01022807194043289,6.064838137542216e-05,0.0052022280468394695,0.0049651493454357706,4.616678222767073e-08
1954,0.010319740267518673,0.00015679731441085572,0.005107422711333164,0.00505547485493432,4.5386840333737165e-08
1955,0.010381119188234665,0.00021466313055769316,0.005054139786346757,0.00511227059071955,4.56806106663862e-08
1956,0.010275975845288478,0.00011388600928095013,0.005102996482547899,0.005059046910289196,4.6443170434825014e-08
1957,0.010196300530691864,3.2835754376257296e-05,0.005133598341694937,0.0050298209190429745,4.55155776957561e-08
1958,0.010241126385084218,7.664962333786165e-05,0.005005349236639624,0.00515908400613411,4.3518972621180895e-08
1959,0.010345274261013709,0.00018345653638303372,0.004968147171629434,0.005193626693905825,4.385909541616513e-08
1960,0.010433335076458317,0.0002670517660528206,0.0051862592141425565,0.0049799781523915945,4.594387134610424e-08
1961,0.010298699659161326,0.00013596697692651964,0.005147977079186872,0.005014710659935659,4.494311227566884e-08
1962,0.010219783275002977,5.524857491768108e-05,0.0050795355834221375,0.005084955359327482,4.375733567618884e-08
1963,0.01023653522374217,7.111560046927374e-05,0.0051737855466260484,0.004991588638327732,4.5438319116689256e-08
1964,0.01038636669478337,0.00022505326197223095,0.005160853622691913,0.005000412707867877,4.710225134973904e-08
1965,0.010418223545428758,0.0002527480013459876,0.004980410869334607,0.005185018700593576,4.597415458711032e-08
1966,0.01031410355031685,0.00015106273986379516,0.004901950656668389,0.005261045609829567,4.454395509744621e-08
1967,0.010222986651827715,6.026851447047382e-05,0.005196369303703706,0.00496630283373652,4.5999917016454374e-08
1968,0.010235038206292717,7.08741926007603e-05,0.005207311484171422,0.004956806147630307,4.6381890227073654e-08
1969,0.010351174463875916,0.00018990073200251934,0.005009653049355858,0.005151576116195357,4.456632218235979e-08
1970,0.010378417557223043,0.00021315195104072774,0.005099474092438799,0.005065748014070251,4.3499673264056186e-08
1971,0.010317071805194004,0.00015251466405370522,0.005247414051140247,0.004917099968162967,4.3121837085194254e-08
1972,0.010191094573094165,2.705786004923847e-05,0.005172193044423488,0.0049918006676422265,4.300097921391624e-08
1973,0.010248156498286132,8.473178565807955e-05,0.00502588628256418,0.005137494083664363,4.434639951077231e-08
1974,0.01033300988921041,0.00017370863842537668,0.005032342560887054,0.005126911735193818,4.695470416252054e-08
1975,0.010437078525214565,0.0002742567255396319,0.005161199652517333,0.005001573905755872,4.824140172880275e-08
1976,0.010311181176039016,0.00015268177898417659,0.005058659319403046,0.005099794462966983,4.561468481048393e-08
1977,0.010222834445527709,6.0199671232115535e-05,0.004971296170249381,0.005191295301659321,4.330238689085129e-08
1978,0.010213822899843244,5.1819733203510716e-05,0.005060054462495905,0.005101904911980272,4.379216355725376e-08
1979,0.010363343996946755,0.00020271885009478946,0.005191716493774087,0.004968863213345997,4.5439731881103146e-08
1980,0.010407577906293132,0.0002431543165507398,0.005167503455007071,0.00499687499825806,4.513647726206331e-08
1981,0.010317688866896144,0.00015758359304286678,0.00504899504797642,0.005111066658986453,4.35668904042571e-08
1982,0.010189439461127495,2.7451573971687828e-05,0.00512883240702799,0.005033111059386352,4.442074146779957e-08
1983,0.010243346866780929,8.062080163574471e-05,0.005184467846542935,0.0049782114005748205,4.681802742887341e-08
1984,0.010345386724255884,0.00018705887122583468,0.005055072650514012,0.005103207322009116,4.788050692251901e-08
1985,0.010415420806342578,0.0002521208978806233,0.004991720273248516,0.005171532555178799,4.7080034640651033e-08
1986,0.010292275664924088,0.00013349862954412445,0.0050210129245319025,0.0051377195384437494,4.457240431260588e-08
1987,0.01020564389754499,4.427199941944538e-05,0.005178730643147457,0.004982598233340735,4.3021637353371055e-08
1988,0.010227412231653278,6.57829637786189e-05,0.0051320530327697055,0.005029534015951613,4.221915334001394e-08
1989,0.010366441360111004,0.000207354594196234,0.0050012056279855445,0.005157838415440357,4.272248886927748e-08
1990,0.010406943240683687,0.00024388617880529245,0.005140880357512781,0.005022131664214554,4.50401510605581e-08
1991,0.010303819213058427,0.00014264076472523724,0.005225719627033735,0.004935413300587668,4.552071178651538e-08
1992,0.010181217064459309,2.048690990003862e-05,0.0051118862369779125,0.0050487996581055645,4.425947579340629e-08
1993,0.010275368499513434,0.0001132980457913211,0.005008047425117055,0.0051539785779668576,4.4450638201276994e-08
1994,0.01037739630840902,0.0002200330770394803,0.005030103741665527,0.005127212719398063,4.677030595007128e-08
1995,0.010410007063543123,0.00024847610443265303,0.0051603763085751216,0.005001105533013852,4.911752149574589e-08
1996,0.010231472916498776,7.321288015519428e-05,0.005061214506379729,0.005096997919157717,4.761080613597703e-08
1997,0.010212882212866413,5.278293365974768e-05,0.005005731384439217,0.005154322758423416,4.51363440327174e-08
1998,0.010319804243993742,0.00015735485016132292,0.005144878315827278,0.005017526952841247,4.4125163893939106e-08
1999,0.01042395006203141,0.0002637868010235165,0.0052167846358723595,0.0049433351551655775,4.3469969956759314e-08
2000,0.010304927739775965,0.0001426535157334864,0.005113201585992157,0.0050490298372112665,4.280083905378794e-08
2001,0.010205585929562081,4.5328620590853375e-05,0.005023469733332249,0.005136744603693821,4.2971945157332117e-08
2002,0.010250440961422793,9.222879846183689e-05,0.005115630173283113,0.0050425375057806575,4.44838971860967e-08
2003,0.010392619586383297,0.00023145696577082887,0.005153070200247142,0.005008046616837578,4.580352774821089e-08
2004,0.010332360137265786,0.00017482224833541895,0.004990418934962926,0.005167074088077297,4.486589014378494e-08
2005,0.010216192778211014,5.593088692417357e-05,0.005007620730108144,0.005152595453902193,4.570727650330675e-08
2006,0.010201836455797812,4.1891107892825204e-05,0.005128714201641514,0.00503118440983465,4.6736428822091215e-08
2007,0.010322624128741647,0.00016423166874468472,0.005165512992304092,0.004992833966707012,4.550098585951529e-08
2008,0.010375807645057671,0.00021393473341940224,0.005084188782663327,0.005077640572855527,4.355611941487617e-08
2009,0.010271826286547431,0.00011328487330020936,0.0050396772169942474,0.005118821526103937,4.2670149036911256e-08
2010,0.010186023028434615,2.598348888084512e-05,0.00516273723535891,0.0049972583353795974,4.396881526311942e-08
2011,0.010245477440913973,8.509514587430257e-05,0.005160004763723023,0.005000332720771617,4.481054503024276e-08
2012,0.010354273541584018,0.0001976548478242934,0.005020709382354813,0.00513586469146042,4.461994449228947e-08
2013,0.01036522519171588,0.00020499326391516348,0.005081763523995452,0.005078423122820174,4.5280985091403304e-08
2014,0.01024847706442399,9.152399429216771e-05,0.0051193896932807525,0.005037518911031295,4.446581977428951e-08
2015,0.010180094390536892,2.229513172208112e-05,0.00507605210468262,0.005081703895070688,4.3259061502814236e-08
2016,0.010275534726402401,0.00011563531194467993,0.005021841388336319,0.005138013946182353,4.407993905016254e-08
2017,0.010374590653551865,0.000218612202155725,0.005040196765589499,0.005115735178497702,4.650730893772858e-08
2018,0.010378176660121101,0.0002173493893436613,0.0051755504947229485,0.004985229237228471,4.753882601968517e-08
2019,0.010220185595210155,6.29916329931997e-05,0.005120377604192862,0.0050367720240315356,4.433399255692654e-08
2020,0.010202825246308628,4.5350448969699584e-05,0.005053704329484662,0.005103727780867133,4.2686987134444136e-08
2021,0.010320758188306155,0.00016111644874455922,0.00512634762867462,0.005033249494116621,4.4616770354930285e-08
2022,0.0104122033236956,0.000256864026501313,0.005115820015683275,0.005039473571961346,4.5709549666411816e-08
2023,0.010319739629215906,0.0001605130352356408,0.005061845188043841,0.005097336357485757,4.5048450667573624e-08
2024,0.010191781927001747,3.479561767101984e-05,0.005026632402546322,0.005130309429458574,4.4477325829532124e-08
2025,0.010239803725653007,8.396393205835932e-05,0.005130216171631237,0.00502557796100851,4.56609549003653e-08
2026,0.010367388917747458,0.0002084427571226232,0.0051316895843674885,0.005027210534921338,4.604133600957267e-08
2027,0.01036690908680661,0.00021107722700878173,0.004984012378315124,0.00517177491638393,4.45650987725028e-08
2028,0.010232788241671387,7.392645736397706e-05,0.005136925734878136,0.005021891269887881,4.477954139394582e-08
2029,0.010193726960059133,3.392467195662588e-05,0.005213452802640403,0.004946305434097287,4.405136481571577e-08
2030,0.010280407159367549,0.0001240610187280829,0.005100434984744303,0.0050558683955747126,4.276032045125774e-08
2031,0.01037759420705761,0.00021797859772579049,0.0050834670784069376,0.005076104158114406,4.437281047650889e-08
2032,0.010303651105031404,0.0001484368630032534,0.005124529378931184,0.005030638024911031,4.683818593568047e-08
2033,0.010190738648840587,3.425160442677719e-05,0.005117054529553521,0.005039385640561149,4.687429913948495e-08
2034,0.010218546034976341,6.165577895975733e-05,0.005000722119763123,0.005156123817698303,4.4318555157903235e-08
2035,0.010322525714369604,0.00016837604497925063,0.004982049724624231,0.005172056678632372,4.3266133749894035e-08
2036,0.010410252056560767,0.0002514341964656491,0.005184377874757264,0.004974395630117823,4.435522003004871e-08
2037,0.01027567323987048,0.00012013371979677294,0.005128629203440425,0.00502686686673505,4.3449898232268196e-08
2038,0.010200423270288101,4.290310316836457e-05,0.005082798911518981,0.005074678056217401,4.3199383352961695e-08
2039,0.010244698029671592,8.544083916223736e-05,0.005185545766099486,0.004973667252719077,4.4171690791230947e-08
2040,0.01036994749089624,0.00021442279144064262,0.005184054944106157,0.004971425483009194,4.427234024447202e-08
2041,0.010368341796829973,0.00021037825512313537,0.005024398533533369,0.005133520556981388,4.445119208077845e-08
2042,0.01024533714093751,9.023086462923611e-05,0.004947057334862184,0.005208004082413229,4.48590328609575e-08
2043,0.010205878631228666,5.212508944180751e-05,0.005128492910496498,0.005025214506093736,4.612519662521862e-08
2044,0.010248167089520505,9.294142467840937e-05,0.005074947692844615,0.005080232554898092,4.5417099386678796e-08
2045,0.01037344682867417,0.00021732051125039506,0.004901162313671823,0.005254920806694858,4.319705709512946e-08
2046,0.0103669626253949,0.00020846435770026663,0.005166410986034049,0.004992044404823823,4.287683676118221e-08
2047,0.010297375959196317,0.00013406602850584361,0.0053593163705596015,0.004803951097894624,4.246223624822969e-08
2048,0.010182826616375687,2.5015055221783913e-05,0.005185762593828379,0.0049720066347542944,4.2332571231120614e-08
2049,0.010271316481604656,0.0001141766719945156,0.005018710171032191,0.0051383862751971056,4.336338084520506e-08
2050,0.010349304916457015,0.00019719954639909725,0.005038844633768136,0.005113215651559577,4.508473020402831e-08
2051,0.010407207200850505,0.0002518794822255901,0.005143373596435399,0.0050119074772737625,4.664491575196643e-08
2052,0.010253613771115555,0.000101132350880497,0.005013987939394761,0.005138447465162522,4.601567777458384e-08
2053,0.01020837403404588,5.358952777767986e-05,0.004987847420699914,0.005166891445191907,4.5640376378526985e-08
2054,0.010248418476840977,9.301259049995243e-05,0.005130875474726394,0.005024485626257474,4.4785357157741746e-08
2055,0.010387598147317316,0.00023471621787572183,0.005175390270875483,0.004977449179579052,4.2478987058233236e-08
2056,0.010359542398120824,0.00020312142605610731,0.0050715472844152214,0.005084832292039785,4.139560971051706e-08
2057,0.01025677809275986,0.0001019683041912396,0.00498004976672037,0.005174718190103347,4.183174490249897e-08
2058,0.010179124334601565,2.402188548386725e-05,0.005160886101700976,0.00499417275675191,4.3590664812894246e-08
2059,0.010286037561862145,0.00012799733496049112,0.00525197731851282,0.004906018526729841,4.438165899389943e-08
2060,0.010338130379028612,0.00018682047985186024,0.00509001717586877,0.0050612480775616515,4.464574632884734e-08
2061,0.010341040023125287,0.0001854346473917299,0.004993751206849914,0.005161807599840933,4.656904271021573e-08
2062,0.010215633268225091,6.347289335853728e-05,0.005011728947014685,0.005140384738515009,4.6689336859726474e-08
2063,0.010199104554193908,4.6309763917039936e-05,0.00514083117601046,0.005011918685319412,4.492894699509734e-08
2064,0.010246049699910881,9.152049689798278e-05,0.005104021997582022,0.00505046367102031,4.3534410566927565e-08
2065,0.010358169906490418,0.00020585378257939566,0.00501142732097879,0.005140845038589444,4.376434278784644e-08
2066,0.01037104155591509,0.0002142653486051856,0.005175910239011087,0.004980821176546191,4.479175262707249e-08
2067,0.010282360863282188,0.00012710777000316952,0.005253435470591477,0.004901774819257043,4.2803430500004264e-08
2068,0.010179140242250823,2.5954624911275286e-05,0.0051034710155245105,0.005049673271269178,4.133054585858337e-08
2069,0.01024368399295616,8.862202436865905e-05,0.004959065532624668,0.0051959533658798565,4.30700829775173e-08
2070,0.010353391308906067,0.00020222476792745403,0.004961035951881789,0.005190085216086313,4.5373010512809385e-08
2071,0.010450628927530395,0.0002963395150724605,0.005150607788834395,0.005003636270605817,4.535301772104017e-08
2072,0.010319226803432273,0.00016877385976241422,0.005109481146363138,0.0050409287556610945,4.304164562579106e-08
2073,0.010201960566819252,4.894154024776839e-05,0.005070226211516494,0.005082748285205147,4.452984984467829e-08
2074,0.01023439223059989,8.038928069228412e-05,0.005125059505205194,0.0050288955707089725,4.7873993439130365e-08
2075,0.010389957869088024,0.00023877572068544935,0.005146646520374465,0.005004488293522862,4.7334505248134594e-08
2076,0.010392952136611639,0.00023773015212578174,0.005106161656551826,0.005049016555916461,4.377201756996627e-08
2077,0.010254489771544596,0.00010226848630793595,0.005051030011547533,0.005101149883924517,4.138976461088746e-08
2078,0.010182515399099168,2.9238764291251334e-05,0.0051553154784742365,0.004997917812024433,4.334430924832017e-08
2079,0.010317533191085318,0.00016283938755998892,0.005172993843993037,0.0049816543909373704,4.556859492228696e-08
2080,0.010374962371469508,0.00022480067848237357,0.004998294130806072,0.005151822952929286,4.460925177762501e-08
2081,0.010299129419088286,0.0001457385962405873,0.005043754085636178,0.0051095924534550015,4.42837565190264e-08
2082,0.010183193604357956,3.1546303751839795e-05,0.005092072112364559,0.005059530487123422,4.470111813490082e-08
2083,0.010232548323268779,8.131143901788171e-05,0.005090389170328496,0.005060802633742005,4.5080180395404074e-08
2084,0.010364707758232224,0.00021015056857650758,0.00506925021715508,0.0050852627146616425,4.425783899410384e-08
2085,0.010345958219062841,0.00019540352356832688,0.005064354324097903,0.0050861577998156824,4.257158092805829e-08
2086,0.01022247467546553,6.710954907860968e-05,0.005219134513772219,0.004936187202737719,4.340987698198847e-08
2087,0.010190945419101932,3.655977244910332e-05,0.005188234779333706,0.0049661061258451066,4.474147401746663e-08
2088,0.010312301432961208,0.0001610543954063623,0.005031373826834173,0.005119827548453431,4.566226724230759e-08
2089,0.010395705402312234,0.0002410121347977272,0.005077198036042228,0.005077448599593063,4.663187921522342e-08
2090,0.010285975773854893,0.00013522023407605438,0.005103411297977593,0.005047299357572788,4.48842284573517e-08
2091,0.01017266417579057,2.049952908898039e-05,0.0050965588712437475,0.005055562703441553,4.307201628929817e-08
2092,0.010259153996590886,0.00010603319460738626,0.005075155493048864,0.005077922032929833,4.327600480428915e-08
2093,0.010368967287122968,0.00021950912856856235,0.005061467666545111,0.005087945831838848,4.4660170447360245e-08
2094,0.01034683379658081,0.00019321584603008152,0.005120852574733646,0.005032720199063923,4.517675316016242e-08
2095,0.010199211664334457,4.745912636600768e-05,0.005010197861879573,0.005141512133928695,4.254216018161442e-08
2096,0.010203751968024356,5.2256337981839045e-05,0.005051743755010176,0.005099709802393414,4.207263892657314e-08
2097,0.010341895135572,0.00018661873690488007,0.005190222651337938,0.004965009271992476,4.4475336707408156e-08
2098,0.010353752449817736,0.00020276653330077776,0.005155269023559571,0.004995671495189626,4.5397767760893597e-08
2099,0.010247049787286244,9.363010224295329e-05,0.005086205286038227,0.005067169740553209,4.4658451855573207e-08
2100,0.010175081186059861,2.3082468162582998e-05,0.005109018847720688,0.005042936591984546,4.3278192044334625e-08
2101,0.010288165334588614,0.00013848694179616043,0.00509680482573495,0.005052831276169136,4.229088836835264e-08
2102,0.010383422609205965,0.00022975828651597186,0.005011536525600074,0.005142085094002064,4.270308785520697e-08
2103,0.010314231659636516,0.00016270569800900657,0.004931018881379728,0.005220462862279327,4.4217968452882916e-08
2104,0.010203073388496449,5.096520761550263e-05,0.0051596052376303315,0.004992456215716674,4.672753394059096e-08
2105,0.01020673438209245,5.37733365792317e-05,0.0051704891467866,0.004982426771772647,4.512695397178441e-08
2106,0.010336302450197381,0.00018633417226141062,0.005068121663757182,0.005081804304320737,4.23098580508165e-08
2107,0.010342977423593074,0.00018838878766931175,0.005169397242019265,0.004985148776160824,4.2617743673478556e-08
2108,0.010246562761116162,9.418817545588105e-05,0.005192144215288594,0.004960186673633734,4.3696737952783194e-08
2109,0.010186831103140802,3.485771541976804e-05,0.005010518331166011,0.005141411670938401,4.338561662365702e-08
2110,0.010276178027956936,0.00012343168215583807,0.005011029540368747,0.005141672577800171,4.422763217858869e-08
2111,0.010367726774332257,0.00021960070064324188,0.005125013942455398,0.005023066198308285,4.5932925332300916e-08
2112,0.010310487846403104,0.00015920326388763452,0.00510468346875457,0.005046555103324479,4.6010436421432944e-08
2113,0.01021326366176042,6.215855792979165e-05,0.004947604697270183,0.005203455453827163,4.495273328102988e-08
2114,0.01018791516768675,3.8475111420427355e-05,0.005050780637250375,0.005098614202276812,4.521673913665511e-08
2115,0.01031107859038188,0.0001582604940360492,0.00518527894277036,0.004967494842380763,4.431119470852319e-08
2116,0.01033444164434893,0.00018538522853988614,0.005108894187956974,0.005040120812391799,4.1415460271364976e-08
2117,0.010294243385769085,0.00014155309800771207,0.005080080823958396,0.0050725687922940944,4.067150888287763e-08
2118,0.010185887927833662,3.435197969545348e-05,0.00518086483123346,0.004970627786773459,4.333013128903324e-08
2119,0.010205171720335054,5.4803356822299135e-05,0.005179100370463686,0.004971222019253708,4.597379536110592e-08
2120,0.010295840283856625,0.00014482075346075487,0.005007767079508949,0.005143206217517421,4.6233369498939725e-08
2121,0.010377092627405,0.00022759380329970974,0.0048955212398877545,0.0052539314234404605,4.616077707542244e-08
2122,0.010383641061991937,0.00023327350902703365,0.005132555127397801,0.00501776524052823,4.71850388710715e-08
2123,0.010231574340702782,8.295525210670432e-05,0.005145252063669221,0.005003321565817036,4.545910982011103e-08
2124,0.01020319331549916,5.3369372798525926e-05,0.00505410137409848,0.005095679818869306,4.274973284926781e-08
2125,0.010274846576218724,0.00012293060980921294,0.005148313725959333,0.005003559980174334,4.226027584295786e-08
2126,0.010410636401813696,0.00025971492538118924,0.005255143050609282,0.004895735905710967,4.252011225802454e-08
2127,0.010334536927962469,0.0001835182829696343,0.0051010971812554835,0.005049879985463665,4.1478273686561755e-08
2128,0.010232071569171958,8.174707691943277e-05,0.004924240816756273,0.0052260422576275644,4.141786868910457e-08
2129,0.010181299754142226,3.381138738458279e-05,0.005056571054651608,0.005090872682924384,4.462918165095163e-08
2130,0.010315897535357933,0.0001663017352522702,0.005170563404153406,0.0049789845295338175,4.786641844038845e-08
2131,0.01034380359523194,0.0001979343677372422,0.0050223440966858,0.0051234777518044585,4.7379004440175506e-08
2132,0.010307847680748624,0.0001574803664775193,0.0050110020142592115,0.0051393198867494844,4.541326240895229e-08
2133,0.010182489351890025,3.409922221683087e-05,0.00510451447013065,0.005043831914595061,4.3744947483350185e-08
2134,0.010213556155667812,6.371162820203319e-05,0.005200210852445929,0.004949591227592833,4.2447427015743725e-08
2135,0.010304535609678459,0.00015394221179955498,0.005124243825164315,0.00502630806496133,4.1507753259225607e-08
2136,0.010376046235412347,0.00022956779450515415,0.005037486654555258,0.005108949505034184,4.228131775140243e-08
2137,0.01029689613655443,0.0001462247865281714,0.005182697125026947,0.004967929620301435,4.460469787784302e-08
2138,0.01019534535341833,4.671116365797968e-05,0.005192658944184743,0.004955930857691137,4.438788447138261e-08
2139,0.010210647702147108,6.380352716569388e-05,0.005026320291047663,0.005120481532298545,4.235163520631252e-08
2140,0.01035368928520549,0.0002039917534107632,0.004996651473256901,0.005153003392324215,4.2666213609984575e-08
2141,0.010393060096937174,0.0002481983804335841,0.005026020736992689,0.005118796321797962,4.465771293836325e-08
2142,0.01029133471053034,0.0001422536314651683,0.005149881353249125,0.00499915451289978,4.521291626725044e-08
2143,0.010173283502870546,2.552853529305937e-05,0.0051006029268971294,0.005047108771217214,4.326946314354605e-08
2144,0.010266300407786895,0.00011969961400119686,0.005083248566302188,0.005063309106660266,4.312082324304805e-08
2145,0.010394802610193916,0.00024349516226658226,0.005202663644169222,0.004948598357480453,4.5446277659585285e-08
2146,0.010332595419995401,0.00018535120829377022,0.005187022302051913,0.004960176135870121,4.577377959629243e-08
2147,0.010188293331909053,4.000330035677962e-05,0.005033404249777124,0.0051148423658526785,4.341592247097516e-08
2148,0.010226006358447039,7.733815491685335e-05,0.0049968540389915715,0.005151772225470783,4.193906783044504e-08
2149,0.010361643128622365,0.0002173986183073611,0.005058700378292471,0.005085501434537895,4.26974846356384e-08
2150,0.010369917678179215,0.00022165076373031046,0.005135938629406396,0.005012284246132924,4.4038909584652033e-08
2151,0.01021671394384466,7.036906638037498e-05,0.005004178455510216,0.00514212263587172,4.3786082347709836e-08
2152,0.010192385558919846,4.572823534486882e-05,0.005056193005268572,0.00509042047321184,4.384509456625484e-08
2153,0.010329718150559065,0.00017876901042886796,0.005208536570430014,0.004942368522230453,4.4047469728263024e-08
2154,0.010346933076577093,0.00019955215784644032,0.005190260549007181,0.004957077549379254,4.2820344215992375e-08
2155,0.010243272342730371,9.450983818917903e-05,0.005064202438919931,0.0050845181179709625,4.194765030021196e-08
2156,0.010176612195114381,2.950938484835571e-05,0.005071177514327218,0.00507588206897,4.3226968806708035e-08
2157,0.01028973797127783,0.0001449769150406133,0.005142724036748252,0.005001991821446929,4.5198042034023526e-08
2158,0.010353442991808355,0.00020646962324554497,0.005070336108472631,0.0050765922643001,4.499579007963736e-08
2159,0.010313393544268483,0.00016446623131521123,0.004852644221521116,0.005296239959618468,4.3131813689e-08
2160,0.010187700254677978,4.141026819049938e-05,0.005067700361906634,0.005078546123785177,4.350079566700009e-08
2161,0.010199793785343705,5.0215671528210696e-05,0.005241473269598233,0.004908060796139354,4.4048077908110534e-08
2162,0.010245746944900552,9.884536172622179e-05,0.005171903865862546,0.004974954837187256,4.288012452838569e-08
2163,0.01032433285138998,0.00017545845528812298,0.005083405307407394,0.005065427513431425,4.157526303802741e-08
2164,0.010256852828702498,0.00011144632044840353,0.005122287187359342,0.005023077637493547,4.1683401204579966e-08
2165,0.010204593883489491,5.7286964454689546e-05,0.005185392589453535,0.004961871260698001,4.306888326575222e-08
2166,0.01017084251763561,2.5521830107493918e-05,0.005047559460092166,0.005097716993324457,4.423411149503713e-08
2167,0.010263057017194703,0.00011722193059902183,0.004916428482179338,0.005229361235837992,4.536857835263945e-08
2168,0.010361812481229662,0.00021607060081014158,0.005086536581099988,0.005059159429229597,4.587008993558921e-08
2169,0.010417396427708486,0.00027573023957956427,0.0051109817412654975,0.005030641534024969,4.291283845370931e-08
2170,0.010308319265405567,0.00016243232621619553,0.0050855614798474775,0.00506028553838714,3.992095475575396e-08
2171,0.010194331096610058,4.9599316423862614e-05,0.005026037113503775,0.005118655044166332,3.9622516088353896e-08
2172,0.010210709513824445,6.577519980922393e-05,0.005146185774228292,0.0049987068369516195,4.1702835309674686e-08
2173,0.010351523495900322,0.0002029881052380192,0.005200190720753343,0.004948302306640405,4.2363268556398155e-08
2174,0.010368766082625033,0.00022568928933463972,0.005087317892946233,0.005055717131053224,4.176929093605337e-08
2175,0.010270225319786486,0.0001239711429276916,0.005108747593393996,0.005037462214873595,4.436859120451965e-08
2176,0.010171358342517603,2.6582761743878384e-05,0.005159323075370754,0.0049854041838658545,4.832153711520158e-08
2177,0.010246134887244816,0.00010360698473374486,0.005109405999961041,0.005033073679873057,4.822267697283405e-08
2178,0.01037127454959748,0.00022546279523213156,0.005011731717257944,0.00513403573746728,4.429964012429815e-08
2179,0.010365815968166141,0.00022131615291857276,0.004904560399430861,0.005239898482973077,4.093284362962279e-08
2180,0.010247746186670006,0.0001020930772446518,0.0051513167961950174,0.004994294987066289,4.1326164047270866e-08
2181,0.010172703533025521,2.5900770130980454e-05,0.005211079631328651,0.004935681364566761,4.176699912805342e-08
2182,0.010282300134039035,0.00013831197061987656,0.005118225054043916,0.005025721330912396,4.177846284635895e-08
2183,0.010362397124287315,0.00021443205551384016,0.005177046814710605,0.004970875078437394,4.31756254753105e-08
2184,0.010296769064421004,0.00015131841768851204,0.005223682481874565,0.004921723936769717,4.4228088209818127e-08
2185,0.010166990851357001,2.259021572321506e-05,0.005086234145399927,0.005058123097175807,4.3393058053816234e-08
2186,0.010237123277997735,9.057552246196753e-05,0.0049333796244177604,0.005213125384494517,4.274662348877411e-08
2187,0.010332190242041656,0.0001892382582235538,0.00493182333278685,0.005211084047135239,4.460389601175131e-08
2188,0.010398516160498856,0.00025355014876692945,0.005146627134125485,0.0049982915041754585,4.7373430981471954e-08
2189,0.010226721226730531,8.420236093837313e-05,0.0050864987669936,0.005055974372052804,4.572674575471449e-08
2190,0.010201712635788592,5.7396222891964445e-05,0.005050067400370048,0.005094206856355424,4.2156171156973915e-08
2191,0.010279709764075513,0.0001318648133287907,0.0052013153434300055,0.0049464892997580666,4.030755865011631e-08
2192,0.010398002278321076,0.0002505565528859006,0.005282761839349854,0.004864643972300227,3.991378509474352e-08
2193,0.010278071026279256,0.00013186187090185204,0.0051025905978845905,0.005043578630717561,3.992677525487355e-08
2194,0.010202320007283643,5.66688585332053e-05,0.004942214017113304,0.005203396312668617,4.0818968518099686e-08
2195,0.010213634637784247,7.149496514143401e-05,0.005051553456929946,0.005090542521050962,4.369466190457786e-08
2196,0.010359683410256974,0.00021467176953027752,0.005173617015424826,0.004971348214689907,4.6410611962841717e-08
2197,0.010309969883256605,0.00016854452586482322,0.0050193841173327355,0.005121994874048014,4.636601103234392e-08
2198,0.010232117881329375,8.719055389220841e-05,0.005003776133588879,0.0051411055380027205,4.565584556697309e-08
2199,0.01016767162240442,2.3610509511526194e-05,0.005112467542007131,0.005031549174877507,4.439600825428224e-08
2200,0.010279664589327319,0.00013621214112615552,0.0051872911581228726,0.004956119579163568,4.17109147238805e-08
2201,0.010345258669276478,0.00019996943968478024,0.005104059533061385,0.005041190850071509,3.884645880345852e-08
2202,0.010320632865581068,0.00017807520322415198,0.004993985158357603,0.005148534293442196,3.821055711724124e-08
2203,0.010196059117341595,5.0928181037331906e-05,0.005159111240024731,0.004985978863453324,4.083282620749115e-08
2204,0.010193765827721272,4.741152279740424e-05,0.005229398893744673,0.004916913166268531,4.2244910664951817e-08
2205,0.010261736662963615,0.000119998244340625,0.005083276360704127,0.005058419774323185,4.228359567941559e-08
2206,0.010350139821122014,0.0002049390836459452,0.004984236412827445,0.005160920392186136,4.3932462484997534e-08
2207,0.01028655916347001,0.0001453147878059809,0.004986486627642488,0.005154713278948869,4.446907267319453e-08
2208,0.010203164465161904,6.012629995015898e-05,0.005144993492044339,0.004998001125138056,4.3548029351567027e-08
2209,0.010180955532315586,3.7953195488854956e-05,0.005120388645282577,0.005022571417838957,4.2273705196206335e-08
2210,0.010271035595585804,0.000129353633474005,0.005021658487331952,0.005119980143083221,4.3331696626118896e-08
2211,0.010353977990636207,0.00020933494189830047,0.005096763101767659,0.005047834826185075,4.512078517244479e-08
2212,0.01032916045065602,0.00018756516386826818,0.00514964590520169,0.004991906843124223,4.253846183808788e-08
2213,0.010212776362429392,6.904483154007411e-05,0.005122015370256182,0.005021676923529601,3.92371035345231e-08
2214,0.010181797321507277,3.917593726854527e-05,0.005067117420918251,0.005075464439761526,3.952355895597834e-08
2215,0.010249107113413508,0.00010861365105227254,0.005090011210520479,0.005050438894455893,4.335738486295132e-08
2216,0.010374796813056687,0.00023155390775861425,0.005123674712560221,0.005019522079259244,4.611347860652435e-08
2217,0.010332911093570289,0.00019298088938817635,0.0049878416827433695,0.005152044807520051,4.37139186915915e-08
2218,0.010235020200264016,9.241908846504644e-05,0.005028522774200986,0.005114036748705345,4.1588892638657146e-08
2219,0.010165732408313036,2.4043131154038893e-05,0.00508803938232643,0.0050536078222403295,4.2072592238240674e-08
2220,0.01023689509488295,9.60698247667095e-05,0.005089950949111928,0.005050830005533495,4.431547081810644e-08
2221,0.01034628945245558,0.00020220877543189564,0.005083037450917988,0.005060997231021395,4.5995084301185034e-08
2222,0.010333941136560217,0.00019340644336510637,0.005100066369894606,0.005040423292030338,4.5031270166998814e-08
2223,0.010225597518426137,8.045453652374691e-05,0.005223398716157943,0.0049217008055612,4.3460183244786204e-08
2224,0.010167703957886975,2.509593448211113e-05,0.005171590989763596,0.004970975885180263,4.114846100485223e-08
2225,0.01026359788760539,0.00012309618801783077,0.00499248038332057,0.005147981177270558,4.0138996430313435e-08
2226,0.010386030199032491,0.00024276487565721652,0.005048279389225878,0.005094943665558922,4.2268590472824896e-08
2227,0.010346472091403788,0.00020702067544950482,0.005090020892806986,0.005049386440456659,4.408269063924848e-08
2228,0.010198494580159777,5.599470886512034e-05,0.005118331872904126,0.005024123335463263,4.466292726658162e-08
2229,0.01018391358422593,4.184616835840309e-05,0.0050579540530553335,0.00508406939240242,4.3970409775589276e-08
2230,0.010315495578839701,0.00017596748411547505,0.005035601509771557,0.005103882825499035,4.375945363375745e-08
2231,0.010397101731970036,0.00025347923346512785,0.0051420999068455915,0.0050014785065872576,4.408507205772751e-08
2232,0.01024301201345049,0.00010250918589548838,0.005102660080888302,0.005037800155993399,4.2590673300377986e-08
2233,0.010170935504900955,2.8945387071904197e-05,0.005116558362574754,0.005025389257619521,4.24976347751576e-08
2234,0.010283681656350485,0.0001393383223078012,0.005171441484998623,0.004972858335806338,4.351323772237484e-08
2235,0.01036415542576713,0.0002241452643492215,0.005111812682011323,0.005028154930029997,4.2549376587314746e-08
2236,0.01026433295237173,0.00012112050841443657,0.0050541757372757025,0.00508899539913666,4.1307544932128056e-08
2237,0.010160497252862237,1.8945584690354976e-05,0.005065812833524817,0.005075697183188428,4.165145863803463e-08
2238,0.010264555411243522,0.00012467342396825946,0.005111695129119782,0.005028143142133862,4.371602161823317e-08
2239,0.010363165423712094,0.0002203707269014955,0.005057583320259934,0.005085166781393368,4.459515729682007e-08
2240,0.010286515931402675,0.00014522169465832656,0.004936042396771794,0.0052052091659633365,4.2674009217732124e-08
2241,0.010172064075383439,3.029863269557681e-05,0.005139450426641794,0.005002273001517892,4.201452817508675e-08
2242,0.010214172618917662,7.063846503158996e-05,0.005174765086589478,0.004968727977575755,4.1089720839456346e-08
2243,0.01032050611629773,0.00018017930113984305,0.005061379032354024,0.005078906764702056,4.1018101805087485e-08
2244,0.010295595383635742,0.00015143948007687174,0.00514032607925088,0.005003786353918778,4.347038921190123e-08
2245,0.010195443445987143,5.232769244985482e-05,0.005204193659798755,0.004938879058071621,4.3035666914204865e-08
2246,0.010183804633866847,4.2864953580167636e-05,0.005088008752173461,0.005052890548694934,4.037941828359774e-08
2247,0.010293064626351258,0.00015068059248302194,0.005045470437031931,0.005096872594967548,4.10018687553372e-08
2248,0.010330109183844487,0.00019180682556128523,0.0050559675201738005,0.005082290895142154,4.394296724682689e-08
2249,0.01023925396945637,9.80521874174622e-05,0.005074346821202156,0.0050668095787876725,4.538204907845571e-08
2250,0.010176466997000188,3.497948572446765e-05,0.004964669734571753,0.00517677514096436,4.2635739606911877e-08
2251,0.010210050129480381,7.06221930900169e-05,0.0050382910543873465,0.005101095765024488,4.111697852868055e-08
2252,0.010327035316606446,0.00018430672540113626,0.005162671994790475,0.0049800152346426265,4.136177220919086e-08
2253,0.010305024813684288,0.0001661191719771252,0.005073436583069787,0.0050654286525275176,4.0406109858782376e-08
2254,0.010224317999043003,8.239028187986497e-05,0.005114486292000179,0.00502740018664059,4.12385223689589e-08
2255,0.010167785728151706,2.5451858324154594e-05,0.005209172861622966,0.004933118466775117,4.2541429468264845e-08
2256,0.01021569118896006,7.666494508893482e-05,0.005113662523401666,0.005025321473533917,4.224693554104662e-08
2257,0.010318898367224666,0.0001768736803719267,0.004974776295601508,0.005167206217617589,4.217363364188715e-08
2258,0.010328717099509024,0.0001901346585611005,0.004947476535730813,0.00519106252132174,4.338389537024556e-08
2259,0.010294270022464762,0.00015283359492483252,0.005186410054464406,0.004954980689773805,4.5683301719938174e-08
2260,0.010171555276079075,3.233847892879222e-05,0.005123034922136415,0.005016138433669829,4.3441344039797554e-08
2261,0.010208291536083136,6.909576992821077e-05,0.0050267233334924215,0.00511243150911467,4.0923547834006376e-08
2262,0.010298033502898499,0.0001562187701331694,0.0051609711315051205,0.0049808030601826,4.054107760937853e-08
2263,0.010377436110373369,0.00023819268897056858,0.005199073996555413,0.004940129944692297,3.948015508880926e-08
2264,0.010309942925907664,0.00016901029079161527,0.00507286653968252,0.005068026087009292,4.0008424236117336e-08
2265,0.010193744418077093,5.524468524051326e-05,0.005022509364279798,0.005115947272161658,4.309639512468768e-08
2266,0.01019614897692777,5.808478343465796e-05,0.0051443781346229,0.004993639664245011,4.6394625201027496e-08
2267,0.01027593013965592,0.00013705979526161449,0.005092034315188778,0.0050467908414781664,4.51877273594921e-08
2268,0.010372836223304193,0.0002331494203589109,0.004874879953489604,0.005264764061471544,4.278798413400831e-08
2269,0.01033497215323183,0.00019506840846982086,0.005077514007847024,0.0050623447143460076,4.50225689776424e-08
2270,0.010237173066944053,9.658452140440298e-05,0.005229855873525975,0.004910687500502737,4.5171510937557157e-08
2271,0.010164486429665186,2.4046447452330823e-05,0.005181563881909835,0.004958834904761558,4.119554146100885e-08
2272,0.010291709055576909,0.00015087773639770966,0.005105065324027672,0.005035728050066364,3.79450851633574e-08
2273,0.010348912533606236,0.000211803565000429,0.005124745823724814,0.005012324516804238,3.8628076754654314e-08
2274,0.010311138469167189,0.0001702990726298641,0.005179035185718241,0.004961762183585809,4.2027233272672e-08
2275,0.010167794723854833,3.000780719087536e-05,0.0050501175397464826,0.005087626658494956,4.271842251953055e-08
2276,0.010225127960751153,8.710991252751153e-05,0.004976822966808451,0.00516115251493284,4.2566482351492654e-08
2277,0.010342694496791687,0.00020324636922358757,0.005117466895604917,0.005021936883220615,4.4348742567184147e-08
2278,0.010373138811043788,0.00023736373966602318,0.005132039569520008,0.005003690372536587,4.512932116817073e-08
2279,0.010215685476387742,7.693738567063913e-05,0.0050564476176179355,0.005082255967638944,4.450546022297558e-08
2280,0.010187492855782887,4.845744453024748e-05,0.005001268806568035,0.0051377238444990795,4.2760185525102045e-08
2281,0.010287471633528734,0.0001507515647730778,0.005101177758618582,0.005035500356459241,4.195367783379422e-08
2282,0.010389232787908265,0.00024783661055457514,0.005191166032390455,0.004950188647475822,4.149748741242354e-08
2283,0.010242932794290093,0.00010599373780541544,0.005070989319279441,0.005065910093278325,3.964392691219536e-08
2284,0.010176699893628398,3.850304705641385e-05,0.005048275830573599,0.00508988050776419,4.05082341942097e-08
2285,0.010258446357622528,0.0001183868828656453,0.0051637462519512865,0.0049762695570419666,4.3665763629547976e-08
2286,0.01036492111037971,0.00022810538884462472,0.005166046227895501,0.004970725117603047,4.437603653855479e-08
2287,0.010267966033831231,0.00012861655280718188,0.0050505397545177735,0.005088767017836212,4.270867006396668e-08
2288,0.010179316081967775,4.002777227277173e-05,0.004945653289579261,0.005193594043026832,4.0977088911163564e-08
2289,0.010216568808580058,8.015493039412447e-05,0.005061736027803516,0.005074635637556503,4.2212825913167635e-08
2290,0.010340918617453183,0.00020075817381411923,0.005182518423883454,0.004957598165212993,4.385454261640685e-08
2291,0.010284650495468645,0.0001486907912556386,0.005076377007494694,0.005059540374898003,4.2321820307935184e-08
2292,0.010188620126202542,5.017646863203959e-05,0.005090783899314998,0.005047618516632059,4.1241623444888705e-08
2293,0.010181965340990565,4.2601563416295105e-05,0.005172165153664233,0.004967158138935984,4.048497405140099e-08
2294,0.010290592342386449,0.0001542478664265938,0.0051365433336940615,0.004999761765931506,3.937633428950819e-08
2295,0.010329229855800124,0.0001901954939555849,0.005031494865146757,0.005107499427239333,4.006945844880187e-08
2296,0.01024855083669072,0.0001108291465857602,0.004927635819056779,0.005210043765967031,4.210508115019731e-08
2297,0.01016979953220211,3.26150387519979e-05,0.005119592895178991,0.005017547198725514,4.4399545607697684e-08
2298,0.010193506496683468,5.5046284879689325e-05,0.005163891340156819,0.004974525624557844,4.324708911706982e-08
2299,0.010280231377136625,0.00014437548874071652,0.00503358794758231,0.005102225994075142,4.1946738455155187e-08
2300,0.010308770235865208,0.00016971514473095416,0.005106612504422637,0.0050323984754367486,4.411127486961242e-08
2301,0.010248600473134582,0.0001116854305798082,0.005168155203866421,0.004968716089912472,4.3748775882051607e-08
2302,0.01016016727207204,2.271436840280092e-05,0.005123652361067761,0.005013760097255216,4.044534626328157e-08
2303,0.010192543783534118,5.521461739981419e-05,0.0050184576376326165,0.005118832928638469,3.8599863218591696e-08
2304,0.010266727191823683,0.00013222393440501929,0.0050169807875589615,0.0051174832146960655,3.925516363628635e-08
2305,0.010353809156514415,0.00021620940030969493,0.005146271030376485,0.004991287749501581,4.097632665336231e-08
2306,0.010280126187487165,0.00014601766342113467,0.005064084576180907,0.005069982439942652,4.1507942472366927e-08
2307,0.010195299761586559,5.866167611654681e-05,0.0050572764396317,0.005079319936775094,4.170906321757962e-08
2308,0.010162515777876588,2.6085044842039287e-05,0.005129441739355041,0.005006946469881065,4.252379844238755e-08
2309,0.010254342664353659,0.00011985469514741601,0.005119974819269043,0.005014470253618058,4.289631914183878e-08
2310,0.010341113284346547,0.000203746039410806,0.005037857828296467,0.005099467247017792,4.216962148153658e-08
2311,0.010331412919717021,0.00019700628348496047,0.004975761861244351,0.005158603208083543,4.15669041670803e-08
2312,0.010235956636091082,9.86934311878114e-05,0.00517126450309982,0.004965956375217805,4.232658564496079e-08
2313,0.010158098653267557,2.2060130474803486e-05,0.0051508890238018004,0.004985107013475188,4.2485515764995307e-08
2314,0.010238246986429222,0.00010352834023367224,0.005020662981484486,0.005114013920224072,4.174448699155146e-08
2315,0.01033949521819029,0.0002020205415452174,0.005135315956412223,0.005002116915978347,4.180425450189411e-08
2316,0.010361857488805396,0.00022610658590376743,0.005222317805028287,0.004913390784853524,4.231301981777428e-08
2317,0.01022015630533348,8.403740071433131e-05,0.005091299045241059,0.005044777738186427,4.2121191662911346e-08
2318,0.010177590327819907,4.161416119904069e-05,0.004961604027937253,0.005174330457728209,4.1680955403530715e-08
2319,0.01024204466113429,0.00010928168904368311,0.005034937817048417,0.0050977827039718196,4.245107036815846e-08
2320,0.010364209609824364,0.00022823962803751957,0.005134609007483486,0.00500131718449351,4.378980984843158e-08
2321,0.01030218690487323,0.0001687242127740244,0.00500157064882138,0.005131848245009806,4.379826801894511e-08
2322,0.010193700625274325,5.778056858105953e-05,0.005089435609225822,0.005046441195945605,4.3251521840426764e-08
2323,0.010176628569757519,3.83096320970611e-05,0.005232670016565304,0.004905606821099338,4.209999581663688e-08
2324,0.01027546279958096,0.0001403501655776152,0.005192558246185488,0.004942513673809451,4.071400840623326e-08
2325,0.010339682863871944,0.0002031348113631798,0.005029056040496987,0.00510745145484512,4.055716665791034e-08
2326,0.010256909745469917,0.00012260779090879408,0.0049553120420559454,0.00517894822556039,4.168694478732758e-08
2327,0.010181671310328252,4.683877859589351e-05,0.00514117629663601,0.00499361316021509,4.307488125859394e-08
2328,0.010182241634063668,4.7123700268754004e-05,0.005135236186286117,0.004999839046015165,4.270149363316153e-08
2329,0.010295173936430124,0.00016219279441547532,0.005013984190307795,0.005118954353021072,4.2598685782450376e-08
2330,0.010322459427217228,0.00018622768676305158,0.005145689961657079,0.004990497451698843,4.432709825378523e-08
2331,0.010261277712902594,0.00012680688021244197,0.0051944870604184725,0.004939939922603246,4.384966843341839e-08
2332,0.010156595274238532,2.2161840322024967e-05,0.005066769552580075,0.0050676232222763495,4.0659060081878426e-08
2333,0.01021509555430571,7.966096591566517e-05,0.004990038635409291,0.005145357370543412,3.858243734185674e-08
2334,0.010300711473107738,0.00016903340755900897,0.005036816335530242,0.00509482222069241,3.9509326076318156e-08
2335,0.010366557488980783,0.00023164087140974034,0.00513290478394474,0.005001970059466453,4.1774159849462385e-08
2336,0.010253178370401067,0.00012111173776003516,0.0050195570260381855,0.005112467260868239,4.23457346082068e-08
2337,0.010171595289161338,3.782883284067542e-05,0.005090719010773253,0.005043004794843718,4.2650703692813054e-08
2338,0.010202350125904607,6.587474222376768e-05,0.005213856640147012,0.004922575575065019,4.316846880755002e-08
2339,0.010299227855044347,0.00016620698565905114,0.005160632502986735,0.004972345735335205,4.2631063356745095e-08
2340,0.010330842250621036,0.00019537259729080438,0.005023910046663727,0.00511151824923462,4.1357431883316635e-08
2341,0.010236333339750934,0.00010366876425343653,0.004980345899383104,0.005152278152395861,4.052371853243604e-08
2342,0.01017705728566457,4.364939633261893e-05,0.005153297158508046,0.00498006921072875,4.152009515542549e-08
2343,0.010187935328574534,5.46198826571356e-05,0.00510736930964261,0.005025904076821939,4.2059452850657426e-08
2344,0.010304751300862154,0.00017197971072532937,0.004940262880308401,0.005192467247655093,4.146217333107909e-08
2345,0.010351078819364362,0.00021651830064080575,0.005124399360792283,0.005010119664426256,4.149350501957567e-08
2346,0.010298323201153517,0.00016423618541563662,0.005239345280433064,0.004894700560803231,4.11745015842134e-08
2347,0.010161944375972832,2.8563873357671943e-05,0.00512439723104135,0.005008942389815481,4.0881758328558976e-08
2348,0.010202878818464677,6.914155436911251e-05,0.004999751278058868,0.0051339447439936806,4.1242043017132654e-08
2349,0.010295160847621042,0.00016448731200001575,0.005024229380093925,0.00510640231931912,4.183620798250865e-08
2350,0.010379383047108538,0.0002450506806901065,0.0051491429082738405,0.0049851474500913,4.2008053291576813e-08
2351,0.010253366381140298,0.0001221809671411248,0.005054191105386081,0.005076952837297511,4.147131558191045e-08
2352,0.010173816965214516,4.076497772064129e-05,0.005057488789829026,0.005075520408471375,4.2789193474787205e-08
2353,0.010212910087397319,7.830298520545203e-05,0.0051791909851205955,0.004955371717460793,4.439961047919092e-08
2354,0.010330232167688568,0.0001983610555338674,0.005186969426790858,0.004944858775629256,4.290973458620615e-08
2355,0.010315350562556766,0.0001818062284349569,0.005068207781872523,0.0050652968505991705,3.970165011555603e-08
2356,0.010212577865878756,8.02866487139579e-05,0.004954128623252995,0.005178124645370835,3.7948540967438333e-08
2357,0.01016659598375395,3.518508173320112e-05,0.005091650743917852,0.005039720826693876,3.933140902266187e-08
2358,0.010238230860894688,0.00010538670238257572,0.005124840865447046,0.005007962393373187,4.0899691878919555e-08
2359,0.01031169564248048,0.00018104523531380993,0.004989282901228745,0.005141326363216034,4.11427218915407e-08
2360,0.010296840941798353,0.00016312809623705076,0.005124405728763047,0.005009264844707989,4.227209026495895e-08
2361,0.010204874240687762,7.056245662246611e-05,0.005240522485442132,0.0048937461302402865,4.3168382877591986e-08
2362,0.010159033932362116,2.6357737235617984e-05,0.005162164323630802,0.004970469332381885,4.253911381218353e-08
2363,0.01024987578036185,0.00011673284514693661,0.005020167328572789,0.005112934623192619,4.098344950504966e-08
2364,0.01032471058323022,0.00019439342648234446,0.004965800590990653,0.005164476346031663,4.021972555881618e-08
2365,0.010341252683473917,0.00020847608895576655,0.00513370127426134,0.0049990342492022615,4.1071054548532986e-08
2366,0.010195101307988225,6.460331887358626e-05,0.00507489030367694,0.005055566918435858,4.0767001842169404e-08
2367,0.010176085874760609,4.446242665944709e-05,0.00503662212465257,0.005094961015189341,4.0308259251454395e-08
2368,0.010253180504764951,0.00011933204765858719,0.005170296355562189,0.004963511070847872,4.103069630477888e-08
2369,0.010362605458534086,0.0002308579565702273,0.005219568052741257,0.004912137470991606,4.19782309962375e-08
2370,0.010283658864283259,0.00015128261129967647,0.00507671373962111,0.005055620233113166,4.228024930631525e-08
2371,0.010189260892861119,5.707913679244573e-05,0.00493095281074463,0.005201187032368067,4.1912955975519397e-08
2372,0.01017475888846429,4.4940202725072284e-05,0.005063008811055522,0.005066767773566688,4.21011170100483e-08
2373,0.010283946521279064,0.0001520183903475252,0.005128901530037934,0.005002984874223647,4.1726669958255306e-08
2374,0.010313087281505463,0.0001828778029588719,0.004962892150029653,0.0051672767226680245,4.0605848913538015e-08
2375,0.010265646968513046,0.0001331395670973398,0.005065025492689058,0.005067440703581033,4.1205145615764664e-08
2376,0.01017226557473669,3.935559179603162e-05,0.005213259846479763,0.004919608629450146,4.150701074962383e-08
2377,0.010179665467310016,4.6742425770016724e-05,0.00522382341067125,0.004909058959469408,4.067139934048935e-08
2378,0.010277115136961485,0.00014492014633507637,0.005093588152325758,0.005038566781264302,4.005703634869614e-08
2379,0.010322948428988298,0.0001938092167293707,0.005000498376341584,0.005128599883167948,4.0952749396054235e-08
2380,0.010290810693775803,0.0001586982152234052,0.005143790286674201,0.004988279269568199,4.292230999563686e-08
2381,0.010167211532403573,3.7296650336155645e-05,0.005078441139398442,0.005051431728420542,4.20142484332182e-08
2382,0.01019019996827371,5.941565595973285e-05,0.004978054784912997,0.0051526888639602106,4.0663440769385635e-08
2383,0.010284785989620569,0.00015298869072088937,0.0050973708338346675,0.005034384945424996,4.1519640016272854e-08
2384,0.010368794748000962,0.00023962317305108543,0.005165492974151006,0.0049636363799246295,4.222087424052797e-08
2385,0.010261757474072649,0.00012991698279195022,0.00513346770369007,0.004998331523927845,4.126366278554181e-08
2386,0.010170658904571146,4.060698831246638e-05,0.0050343794193152035,0.005095633128209221,3.936873425539518e-08
2387,0.01019940490989995,7.03242065165672e-05,0.00509292659205847,0.00503611448219991,3.9629125002863045e-08
2388,0.010340210885282971,0.00020818628207529939,0.0051427443570482055,0.0049892390443686,4.120179086535482e-08
2389,0.010318604709322193,0.0001893607698719228,0.004988593698559429,0.005140608948490744,4.12924000970136e-08
2390,0.010210704064384298,7.918082671587395e-05,0.005066999880031891,0.005064481888193294,4.146944323945904e-08
2391,0.010153928485613766,2.1833782941134372e-05,0.005190514811468057,0.0049415380235431515,4.186766142260792e-08
2392,0.010248502624024877,0.00011845107827972402,0.005177908242040251,0.004952101280684123,4.2023020778339096e-08
2393,0.01033063669911902,0.00019915397034117659,0.005074450020182826,0.005056991188883991,4.151971102634095e-08
2394,0.010262893306742004,0.00013406702928689293,0.004991303473817519,0.00513748252412453,4.027951306101552e-08
2395,0.010175188499337995,4.465612701618547e-05,0.0051441482478019,0.0049863439786325845,4.0145887323716816e-08
2396,0.010172437419462027,4.199110471966948e-05,0.005097533738390314,0.005032872818858741,3.975749330253429e-08
2397,0.010288825118094272,0.00015895024430497535,0.0049529552144092475,0.005176880015844455,3.96435355924018e-08
2398,0.010333536145990233,0.00020165566989503405,0.00512830489329297,0.005003534421312334,4.1161489895030844e-08
2399,0.010261441855721812,0.00013083665962121266,0.00520713575280411,0.00492342765908261,4.178421388068546e-08
2400,0.01015383753692333,2.350567931039428e-05,0.005100462555172912,0.005029827670385279,4.1632054742520724e-08
2401,0.010214718705811646,8.379735371686001e-05,0.00504424835164647,0.00508663090308139,4.209736692515925e-08
2402,0.010313145090786508,0.00018534276988591887,0.005081971868967284,0.005045787821914614,4.263001869123154e-08
2403,0.010316760304256324,0.00018581368472228357,0.005112491260096266,0.005018413503695428,4.1855742347472216e-08
2404,0.010195443720198979,6.611447306501531e-05,0.0049898632158892455,0.005139425315071561,4.0716173157008884e-08
2405,0.010159629219323068,3.0214811431852793e-05,0.0050273155858367264,0.005102057175024497,4.1647029993530646e-08
2406,0.010270034235700281,0.0001386965968893434,0.0051381153954456705,0.004993181893957442,4.0349407824899924e-08
2407,0.010312468307287891,0.00018442012395864803,0.005101195311003865,0.00502681569037163,3.7181953747846914e-08
2408,0.010248451918141202,0.00011762850379315473,0.005091273982270363,0.005039510659263805,3.877281388117772e-08
2409,0.010153455048431886,2.386971030544665e-05,0.0051284997763464775,0.005001042274373628,4.328740633260633e-08
2410,0.01020019897613834,7.174500256971962e-05,0.005114488184784206,0.005013922679487331,4.3109297083631895e-08
2411,0.010303394632059886,0.00017295493099814493,0.005047925781215628,0.005082474438345134,3.948150098020245e-08
2412,0.010302736656808977,0.00017487492981458396,0.004988578859662491,0.005139243473535881,3.939379602151036e-08
2413,0.010217533852129625,8.747520901775638e-05,0.005112940924157339,0.0050170744066407045,4.331231382518439e-08
2414,0.01014853323571813,1.926301192941664e-05,0.005062846858997504,0.005066380330373053,4.3034418155640075e-08
2415,0.010234623204281852,0.00010632496583707626,0.005015020684353968,0.005113238325533369,3.922855743950792e-08
2416,0.01032945397720104,0.000197662751317929,0.005175180335471383,0.00495657321844537,3.7671966356933964e-08
2417,0.010296822095828034,0.00016733988127124727,0.005197391954667599,0.004932052043227229,3.82166619557302e-08
2418,0.01018509484380751,5.516910692268787e-05,0.005066774722137376,0.005063110882384736,4.013236271054842e-08
2419,0.010166883671760281,3.75395538924401e-05,0.005054382545111152,0.0050749185825381925,4.299021849643478e-08
2420,0.010285126843557644,0.00015827597104120714,0.005103649464613998,0.005023158069850242,4.333805219670118e-08
2421,0.010332554054878299,0.0002030042916885335,0.00505511604206889,0.005074393177753762,4.054336711254335e-08
2422,0.010270088504591079,0.00014030739406658215,0.0048995682441701745,0.005230173382770932,3.948358339130494e-08
2423,0.010161900850088649,3.305155866194671e-05,0.00510007106753701,0.005028736075615821,4.2148273871814675e-08
2424,0.010183572615349317,5.290359558834175e-05,0.005188905082383494,0.004941722434043763,4.150333371884438e-08
2425,0.010268903666420647,0.0001414499230561268,0.005087222283939189,0.0050401935527989725,3.790662635850166e-08
2426,0.010297240874964898,0.00016673005871271752,0.005118355254124819,0.005012117561489638,3.800063772351506e-08
2427,0.010236658729388014,0.00010766465626365519,0.005182878311647438,0.004946075148379734,4.061309718729021e-08
2428,0.010147220361520125,1.8289937055027082e-05,0.005124338544229007,0.005004550370034471,4.1510201619703684e-08
2429,0.010205629619456185,7.662694352916331e-05,0.00501616203972108,0.005112798777103166,4.185910277673952e-08
2430,0.010278227809455948,0.00015192086457822796,0.0049963234749139575,0.005129939563669616,4.390629414547328e-08
2431,0.010349557297494665,0.00022081716580807267,0.005095918279975839,0.005032777503316681,4.434839407222113e-08
2432,0.010245689502573454,0.00011867154617946178,0.004980801719357947,0.005146176007521358,4.022951468603922e-08
2433,0.010165627158576692,3.730114788879595e-05,0.005075378159646185,0.00505290930643046,3.854461125051183e-08
2434,0.01018233357572274,5.120285962787472e-05,0.005223025709292618,0.004908064468909741,4.053789250633897e-08
2435,0.010264215181473699,0.0001364118948927969,0.005174308259071314,0.004953453634395825,4.139311376494488e-08
2436,0.01031879042948025,0.00018945525130280487,0.005041180037141993,0.005088115171425882,3.9969609570514645e-08
2437,0.0102420720437664,0.00011571011184334818,0.0050159241545045434,0.0051103980362000485,3.9741218460498887e-08
2438,0.010184212363558107,5.57379974237267e-05,0.005166749223192808,0.004961682759661887,4.2383279686027385e-08
2439,0.01016148655560891,3.397986067088688e-05,0.005082906015288261,0.005044557055163301,4.362448646155288e-08
2440,0.010264625764790666,0.00013699152440858005,0.004933380217920746,0.005194211001595442,4.302086589822887e-08
2441,0.010339795856819987,0.000211092355355227,0.005103814069946758,0.0050248471841476,4.224737040287648e-08
2442,0.010329760787420388,0.00020325359015048694,0.005169641046978987,0.004956826897751628,3.925253928643006e-08
2443,0.010196000648332043,6.761334870899869e-05,0.005113116145204991,0.005015233495727634,3.765869041807107e-08
2444,0.010166331752126823,3.8554966328363204e-05,0.005082096486856804,0.0050456401839629635,4.0114978692457764e-08
2445,0.010263607036838892,0.00013741122723399493,0.005138039319319884,0.004988113427114817,4.306317019383208e-08
2446,0.010348691565076005,0.00022029796085940988,0.005120769569761626,0.005007582537077204,4.149737776578384e-08
2447,0.010293253221893464,0.00016675236031620658,0.004944377321619088,0.005182084292935782,3.9247022386971966e-08
2448,0.010165011832894618,3.7860460616541064e-05,0.005060012900536755,0.005067095668889443,4.2802851878635765e-08
2449,0.010178101318586635,4.981586444431711e-05,0.00516418185923774,0.004964057083205365,4.651169921143292e-08
2450,0.01025920911514361,0.0001334196276401607,0.005100319924501372,0.005025426346870376,4.3216131702584104e-08
2451,0.010326312421342788,0.00019767077439010951,0.005079565201538696,0.005049037906810039,3.853860394269418e-08
2452,0.01022774963322571,0.00010188358482898305,0.005110154452170499,0.00501567369744624,3.789877998739344e-08
2453,0.010158045840078513,3.0366045232507488e-05,0.005162801960098232,0.004964837463483907,4.037126386595096e-08
2454,0.010196744003941988,6.928549581450092e-05,0.005069364704769286,0.005058052504554838,4.1298803361551135e-08
2455,0.010303883436758993,0.00017824257734417326,0.004982959874043787,0.0051426399704123694,4.101495866198306e-08
2456,0.010330510767286206,0.0002020289909960506,0.005140938541084988,0.004987501099243331,4.213596183649999e-08
2457,0.010206955436859901,8.120002152050748e-05,0.005105449183756011,0.005020264152550197,4.2079033184328884e-08
2458,0.01016258743427185,3.590745733048755e-05,0.005022211444567961,0.005104426850562871,4.168181053160592e-08
2459,0.010243809677762635,0.00011597777008847993,0.0051056041579269395,0.005022185293283876,4.2456463340579373e-08
2460,0.010352948500864425,0.00022730775212928867,0.005169641287752785,0.00495595735556625,4.210541610155601e-08
2461,0.010274109772025034,0.0001462422732014405,0.0051060310327422035,0.0050217965367148655,3.9929366525854184e-08
2462,0.010172835235823975,4.608542832426415e-05,0.004978297635258007,0.00514841322173519,3.895050651262176e-08
2463,0.010181301385900827,5.604396434547571e-05,0.005073555927597019,0.005051660058985554,4.143497277892105e-08
2464,0.010309461030551926,0.00018117108048743452,0.005163295068160176,0.004964951657076389,4.3224827926202535e-08
2465,0.010293539240924268,0.0001684710776006983,0.005018355483348168,0.005106671219134616,4.1460840785193333e-08
2466,0.010195202275024655,6.761144364330356e-05,0.005065752579646399,0.005061797606565294,4.064516965725147e-08
2467,0.010155469493239805,2.7677601414881393e-05,0.005163214075329553,0.0049645371790407065,4.0637454663784715e-08
2468,0.010235898382382378,0.00011008437442854768,0.005150585465726392,0.004975188493206866,4.00490205695287e-08
2469,0.010319464890107882,0.00019184018068764243,0.00508662922353102,0.005040954620423416,4.086546580432896e-08
2470,0.010248708324776203,0.0001240235871211215,0.0050366177655535365,0.005088023899047406,4.307305413871566e-08
2471,0.01017035294701281,4.361193246206731e-05,0.005136895797305712,0.004989802086672657,4.3130572376206375e-08
2472,0.010168447235148287,4.205756611972073e-05,0.005061620539574163,0.005064729486868705,3.9642585697748264e-08
2473,0.01027899234350964,0.00015342131866389371,0.004951657272872537,0.005173874629713457,3.912225975251908e-08
2474,0.010338440192874105,0.00021079056433417228,0.005131032914013166,0.0049965739230350414,4.279149172488313e-08
2475,0.01024507574434266,0.00011984108627489094,0.005130210026527169,0.004994982411336702,4.222020389934847e-08
2476,0.010162086854568406,3.545047969643643e-05,0.005079427086916487,0.00504717048377899,3.880417649375312e-08
2477,0.010202294626590561,7.455119058386627e-05,0.0051390934087614006,0.00498861071502365,3.931222164483128e-08
2478,0.010324984176528908,0.00019948497825904285,0.005177236809876112,0.0049482193219674165,4.3066426336097856e-08
2479,0.010295416640391668,0.00016832334004006336,0.005088851692644178,0.0050381968134781425,4.4794229283562385e-08
2480,0.010199425795533708,7.29223201004536e-05,0.004934358457984791,0.0051921021596268175,4.2857821645992316e-08
2481,0.010154316833043587,2.9414083576775664e-05,0.005075082627907544,0.00504977837232937,4.174922989767661e-08
2482,0.010243291490733305,0.0001164577980845642,0.0051423745449472764,0.004984418418050662,4.072965080346811e-08
2483,0.010295491411117828,0.00017099766100028873,0.00498824281445032,0.005136211689954889,3.924571232878256e-08
2484,0.010253876084385745,0.00012676374954765838,0.005101300747721472,0.005025771249461082,4.033765553348082e-08
2485,0.010173959487888152,4.667444580817844e-05,0.005203679241351872,0.004923564106400782,4.169432731958302e-08
2486,0.010158425431544433,3.223978477208483e-05,0.0051510211597544,0.004975122994316918,4.149270102939135e-08
2487,0.010255109204415637,0.0001281973761194872,0.005066631961434223,0.005060237736578105,4.21302838216557e-08
2488,0.010295590035594797,0.00017203572307438722,0.0050443078739790545,0.005079202091345506,4.4347195848101386e-08
2489,0.010270293224364034,0.0001436775789910449,0.005149329017705394,0.0049772416356454775,4.4992022118582254e-08
2490,0.010161446290591418,3.6882954925771226e-05,0.005018233311146005,0.005106288388249647,4.163626999374884e-08
2491,0.010168086303914867,4.278322887416718e-05,0.004980781760379354,0.005144481045029515,4.026963183057405e-08
2492,0.010258540318569388,0.00013168955285074448,0.005142206670643626,0.004984603130905607,4.096416940927588e-08
2493,0.01032270296937606,0.00019857820164549892,0.005147128370026927,0.0049769568530051225,3.9544698512120094e-08
2494,0.010279902335938335,0.00015314779659208425,0.005104028260598238,0.005022687165111037,3.911363697457737e-08
2495,0.01016322721616746,3.8697726728822654e-05,0.005074877162429309,0.005049610332776823,4.199423250502613e-08
2496,0.01017494686585875,5.0390917607156366e-05,0.005132051898373843,0.004992459308473553,4.474140419746079e-08
2497,0.010256733036277823,0.00013109632623374093,0.00506903256077988,0.0050565608459915,4.3303272701933717e-08
2498,0.010341865934337188,0.0002171263411515142,0.004922643874069096,0.0052020536432396,4.207587697926091e-08
2499,0.010298125857724097,0.00017142864919452108,0.0051456809267975525,0.004980971735775456,4.4545956568366076e-08
2500,0.010178957730160565,5.2932856207821e-05,0.005189662768476113,0.004936319041361052,4.30641155767249e-08
2501,0.010181675135431523,5.6862170298375925e-05,0.005092428473327332,0.005032345453965783,3.903784003093234e-08
2502,0.01029041181361309,0.00016342009245493648,0.005132005853187031,0.0049949469071869645,3.8960784158297644e-08
2503,0.010344949644333227,0.00022068332449219226,0.005174419769595802,0.004949805958114157,4.059213107403554e-08
2504,0.010216745279657309,9.108273609030799e-05,0.005063173521809081,0.0050624468148786845,4.220687923676366e-08
2505,0.0101612538486317,3.560176322438714e-05,0.004960225368862152,0.005165384354070646,4.2362474514547784e-08
2506,0.010238408127546467,0.00011582806068605032,0.00503849790610389,0.005084039528348545,4.263240798248405e-08
2507,0.010335989737397983,0.00021059954186292718,0.005121034860376013,0.005004311386407019,4.394875202348116e-08
2508,0.010254733763652202,0.00013112640890886311,0.004983353642546749,0.0051402089722080236,4.473998856892087e-08
2509,0.010153000627691023,2.7929208891475142e-05,0.005069251452293409,0.00505577620762813,4.3758878011428747e-08
2510,0.010196517936444613,6.829944005330535e-05,0.0052211701517682965,0.004907006713504939,4.163111807278022e-08
2511,0.010280134042674033,0.00015446801262452314,0.005206130982090329,0.004919495104653123,3.9943306057501686e-08
2512,0.01028039449667678,0.00015418954817733534,0.005082906884435973,0.005043257986414062,4.007764940903989e-08
2513,0.010172637162737858,4.899774259260567e-05,0.005063626906261051,0.00505997083441298,4.167947121962864e-08
2514,0.01017139317680451,4.772582818275516e-05,0.0051268078671898075,0.004996816573486547,4.2907945400426344e-08
2515,0.010242191162249094,0.00011725038168728432,0.005017253299381869,0.005107644941012559,4.254016738148126e-08
2516,0.01032252621018738,0.00019645292456831848,0.004866260834969662,0.005259770383511137,4.2067138262775805e-08
2517,0.010290936060644967,0.00016576296059444328,0.005124359188366298,0.005000771039943297,4.2871740930605445e-08
2518,0.010184810452900601,5.963329041066397e-05,0.005202389839924068,0.004922744520742706,4.2801823164713526e-08
2519,0.010178674409513987,5.4622816759135354e-05,0.005100037020612857,0.005023973041724128,4.153041786895167e-08
2520,0.010264425824930081,0.00013844015616813534,0.005134496277363628,0.0049914486271976245,4.076420069427864e-08
2521,0.010334146198523273,0.0002101467969190028,0.005197294010529714,0.004926664330789244,4.106028531322415e-08
2522,0.0102350179872219,0.00011026408108508637,0.005078465886292302,0.005046246036331356,4.1983513155744975e-08
2523,0.010175234644388454,4.9665734581984386e-05,0.004918400469814601,0.005207125523635142,4.2916356725687364e-08
2524,0.010179782658446592,5.740328417604908e-05,0.005026772015573943,0.005095563325626903,4.4033069698144646e-08
2525,0.010296639155068059,0.00017182150860354647,0.005161991320563415,0.004962782011793319,4.431410777876363e-08
2526,0.010272001738025022,0.00015004277701643557,0.005011927987206964,0.005109988026081056,4.2947720567214493e-08
2527,0.010222445275462282,9.764897595546848e-05,0.0050159170060570125,0.005108837905691267,4.138775853269484e-08
2528,0.010145463881474031,2.1284560489999903e-05,0.00515098467007961,0.004973154239236105,4.041166831536238e-08
2529,0.010206442273690294,8.11447650933338e-05,0.005232670965191442,0.004892586283106901,4.0260298617167006e-08
2530,0.010283610896512564,0.0001589371675984568,0.005113933406905387,0.005010699470488041,4.085152067962569e-08
2531,0.01031453163407503,0.00019272275499689342,0.004993138449285033,0.005128628414110261,4.2015682841933956e-08
2532,0.0102501457642485,0.00012531125566491713,0.0051699896950075045,0.004954801512922716,4.3300653361818644e-08
2533,0.010158939273161149,3.567281089697633e-05,0.005155823338382971,0.004967400198210107,4.2925671094574505e-08
2534,0.010194218528815037,7.160173951975128e-05,0.005003616266854114,0.00511895825736208,4.2265079090905856e-08
2535,0.010294043296827147,0.00016981704725915428,0.005049823522337034,0.00507435970131136,4.302591960030729e-08
2536,0.010344486666370742,0.00022365585328853427,0.005098031867643211,0.00502275539625396,4.3549185037087785e-08
2537,0.01023649881125996,0.0001126120302281246,0.0051184543555177365,0.005005390057736989,4.2367777112069914e-08
2538,0.010159083510233409,3.634701730082001e-05,0.005027965661763257,0.005094730385561221,4.0445608111239697e-08
2539,0.010208470575121231,8.696402103562484e-05,0.0050902460020483455,0.005031220049238338,4.050279892210464e-08
2540,0.010333762058809455,0.00020798945023791206,0.005207529279100548,0.004918200836516038,4.249295495732435e-08
2541,0.010273612966987183,0.00015238900886007777,0.005088826509692264,0.005032353950693919,4.3497740921814866e-08
2542,0.010175185764241822,5.1479010166184205e-05,0.005020928182002665,0.005102735784053345,4.2788019627438665e-08
2543,0.010165862509754533,4.251864275282425e-05,0.005086642410250123,0.00503665988476493,4.157198665711277e-08
2544,0.010292869400108911,0.0001716517554572647,0.005129202312470294,0.004991974011960217,4.1320221134988924e-08
2545,0.01031597151952584,0.00019232753342038464,0.005077174637608525,0.005046427372711529,4.1975785398938965e-08
2546,0.010225224694081726,0.00010284595575638424,0.004956990527515794,0.005165345914032495,4.22967770538488e-08
2547,0.010144772461313265,2.21365847767045e-05,0.005139996873531188,0.004982596354792353,4.264821302073723e-08
2548,0.010222065555620656,9.701368583214093e-05,0.0051978600973958825,0.00492714905646041,4.271593222226857e-08
2549,0.01028284906038961,0.00016149888019997946,0.005035563544609284,0.005085744013267623,4.262231272355685e-08
2550,0.01025298711857472,0.00012895236921736962,0.005080075742311833,0.005043915964228765,4.304281675194862e-08
2551,0.010162324499405104,3.953704145009242e-05,0.005158090606893458,0.0049646543661576,4.2484903955039275e-08
2552,0.01015927335422,3.743057953740014e-05,0.005118970578346903,0.005002831023050856,4.1173284841188697e-08
2553,0.010257623182444789,0.0001342980532894503,0.005020441747128116,0.005102842351073552,4.103095366964886e-08
2554,0.010296861598176,0.00017604801623864196,0.004979162587614716,0.00514160835595266,4.26383699813786e-08
2555,0.010264316146608837,0.0001406321861406232,0.005161698889938826,0.004961940383629121,4.468690026614995e-08
2556,0.010149573867367792,2.7722043450617676e-05,0.005102294761843393,0.0050195130469148285,4.4015158952675576e-08
2557,0.010186837155007433,6.493043333504472e-05,0.005027125924133726,0.005094738505117594,4.229242106810037e-08
2558,0.010274763780214677,0.0001505425582999608,0.005150016995574605,0.004974162520234838,4.1706105274732265e-08
2559,0.010319916931626092,0.00019865836479479354,0.00515560501015769,0.004965611933097378,4.1623576229916876e-08
2560,0.010221702435981484,9.86822609219308e-05,0.005049780245199224,0.005073197967375619,4.196248471167567e-08
2561,0.010151853053816762,3.013510073255435e-05,0.0050173991338954725,0.005104276033498839,4.278568989804453e-08
2562,0.010209779262268156,8.948863417538456e-05,0.005116828081741637,0.0050034182565032795,4.4289847853413364e-08
2563,0.010294910568738212,0.00017262367040569936,0.005081484278126095,0.005040757760000335,4.486020608275954e-08
2564,0.010316187385963214,0.0001931592789332326,0.004890420527001837,0.0052325642593638155,4.3320664329364804e-08
2565,0.01021195442003468,8.871417823900795e-05,0.005137417838571634,0.004985780510188422,4.1893035614852724e-08
2566,0.010169245113387675,4.198185476791633e-05,0.005292969012449743,0.004834253190285061,4.105588495389031e-08
2567,0.010184652664438767,6.197097277882767e-05,0.005162100644209267,0.004960539913217422,4.113423325049661e-08
2568,0.010277967818372591,0.00015458692759812362,0.005071491900604693,0.005051846469552613,4.252061716161435e-08
2569,0.010258832303313193,0.0001387693081255635,0.0051044210967076415,0.005015597815335179,4.4083144808930684e-08
2570,0.010200420115234952,7.839005929421683e-05,0.005144427331260216,0.004977557627588584,4.5097091936164626e-08
2571,0.010148542244195348,2.7147996009863554e-05,0.004986310146458212,0.005135039364071756,4.473765551642646e-08
2572,0.010192811965233669,7.124888660703381e-05,0.00494260872571253,0.005178910316448104,4.403646600029622e-08
2573,0.01028271480903147,0.0001606380055569551,0.0051249176896483355,0.004997115997605536,4.311622064443777e-08
2574,0.01031221733931224,0.00019313324841195424,0.0050927672181629875,0.005026275630236444,4.124250085584137e-08
2575,0.010265060328361861,0.00014282257182623515,0.005049785020450308,0.005072412221998246,4.051408707075274e-08
2576,0.010158271305659565,3.766753770038138e-05,0.005081896286896212,0.0050386664001236415,4.1080939328707764e-08
2577,0.010178477106074474,5.611583900545989e-05,0.005206501476832785,0.004915817976043876,4.181419235368186e-08
2578,0.01024774468642096,0.00012533518885424788,0.0051353312144410525,0.004987036604433602,4.1678692057504074e-08
2579,0.010334216014951186,0.0002143075514117664,0.004969684808202511,0.005150181628618799,4.202671810841197e-08
2580,0.010286825149813326,0.00016452634557486678,0.005138843251564492,0.004983411058219989,4.449445397969234e-08
2581,0.01018631261093457,6.546374960015619e-05,0.005168388675679359,0.004952414742841269,4.544281378648737e-08
2582,0.010158779187930267,3.8445131609410614e-05,0.005040402192775707,0.005079888114693053,4.374885209543674e-08
2583,0.010277415441163503,0.00015521581147948422,0.005042639616308362,0.0050795182824605895,4.173091506734534e-08
2584,0.010337366685571305,0.00021832832203543424,0.005104574092853015,0.005014423142359524,4.112832333287867e-08
2585,0.010253474614186327,0.00013085585830706903,0.005163232212153109,0.004959344422692237,4.2121033911989764e-08
2586,0.010148449124210483,2.8047702134313704e-05,0.005051725971038062,0.005068633244688074,4.220635003379049e-08
2587,0.010211555583827484,9.226211660959734e-05,0.005053499304928716,0.0050657521382958485,4.202399332187824e-08
2588,0.010340997285053721,0.000217774975349219,0.0051889852178841345,0.004934194161145762,4.293067460614467e-08
2589,0.010272001278102573,0.00015276649640093604,0.005086408706794852,0.005032782271752505,4.380315427872203e-08
2590,0.010164266525236247,4.2305875546073036e-05,0.004995187349602723,0.00512672915980284,4.414028460972727e-08
2591,0.010183192841531366,6.164080503551884e-05,0.005063157743517562,0.005058350876357067,4.341662121890631e-08
2592,0.0103215164131846,0.00020225751182812053,0.00513978235678634,0.004979434154633485,4.2389936654736295e-08
2593,0.010292762056902806,0.00017085963159343926,0.005111916386910983,0.0050099436800338315,4.235836455135297e-08
2594,0.010176716277298,5.6077029016824125e-05,0.004991648573342919,0.005128947843191082,4.283174717328723e-08
2595,0.010166733313100541,4.637444622497318e-05,0.005115711231766394,0.005004604154531387,4.3480577787667536e-08
2596,0.010288743002364552,0.0001647150669921634,0.00520318262306919,0.004920802507788472,4.280451472784404e-08
2597,0.010267684538993972,0.00014810830191969797,0.005061358423120777,0.005058176481503151,4.1332450345980256e-08
2598,0.010167434045056227,4.591863329732795e-05,0.005064536347450199,0.00505693701849897,4.204580973130719e-08
2599,0.010159365258499867,3.7924663358712766e-05,0.005131349322777262,0.004990047741496767,4.353086712667973e-08
2600,0.010250331986859132,0.0001312132948977224,0.005088497870674516,0.00503057737721628,4.3444070613837244e-08
2601,0.010294125588712379,0.0001722976502768857,0.005057728417142112,0.005064056420546313,4.3100747069413925e-08
2602,0.010193864721933699,7.441985793879945e-05,0.005039240871178911,0.0050801601890806715,4.380373531747531e-08
2603,0.010152448756509547,3.2026418310288516e-05,0.005120730566896306,0.004999646706488814,4.5064814139378994e-08
2604,0.010197106890025941,7.591858724870946e-05,0.005045233215868456,0.005075913002486631,4.2084422145120775e-08
2605,0.010281765991296966,0.0001617579080976526,0.00495746272225739,0.005162504905739397,4.04552025273293e-08
2606,0.01027026298430047,0.00014738437696198506,0.005179214657863759,0.004943621313040923,4.263643380296321e-08
2607,0.010164854846497965,4.3356126872979926e-05,0.005183545171234443,0.004937911684544666,4.1863845876623657e-08
2608,0.010175529802757344,5.5254946585114664e-05,0.005060800050416549,0.005059433444914146,4.13608415351061e-08
2609,0.01024175583434348,0.00011990729319705892,0.005124838441651973,0.004996964462975625,4.5636518822549446e-08
2610,0.010316555994286585,0.0001974690772199398,0.00515232745144066,0.004966712047302586,4.741832339964874e-08
2611,0.010224018638606537,0.00010333171738044208,0.0050408675720039755,0.00507977586511628,4.3484105841234634e-08
2612,0.010164092140809022,4.2992220940016544e-05,0.004927233809320805,0.005193825213889673,4.0896658527510926e-08
2613,0.010173047042546839,5.459651426540067e-05,0.005060284271237344,0.0050581237923375275,4.246470656758924e-08
2614,0.010253599041613578,0.00013291689361739141,0.005137489648112001,0.004983150192398061,4.230748612456757e-08
2615,0.010279891726019907,0.00016145680158078112,0.0049863039105563205,0.00513209056086982,4.0453012983846174e-08
2616,0.01022035258256253,9.971985493206827e-05,0.00510578775618019,0.005014801766050148,4.320540012433144e-08
2617,0.010167647609535554,4.6389465738122235e-05,0.0052100197806883184,0.004911192342900118,4.602020899612652e-08
2618,0.010150138850395736,3.060776751711129e-05,0.005134653722811258,0.004984833701305131,4.3658762234510783e-08
2619,0.010240096490918189,0.00011972428523822461,0.005040088716043853,0.005080241689402783,4.1800233327435914e-08
2620,0.010284559135021333,0.00016718844496021922,0.005026853612313437,0.005090472900173515,4.417757416218084e-08
2621,0.010300379644292222,0.0001801343421032627,0.005138497920811602,0.004981700729659532,4.6651717826425965e-08
2622,0.010185376202855586,6.759749535615838e-05,0.005027068258201511,0.005090666938485662,4.351081225612008e-08
2623,0.0101509507209169,3.229707134110226e-05,0.005047536963969698,0.0050710751045969825,4.1581009116825576e-08
2624,0.010193065437105894,7.2383798914335e-05,0.005172047138019412,0.004948591449824484,4.3050347664008106e-08
2625,0.010283180047506292,0.00016560456549703927,0.0051281844066937265,0.004989348373310722,4.2702004802897034e-08
2626,0.010306165801255093,0.0001863228224721087,0.005047947837311972,0.005071854704304101,4.043716691011657e-08
2627,0.01021947179551992,0.00010229922047990291,0.005009988855062273,0.005107142972477984,4.074749976157179e-08
2628,0.01016180243899,4.2346249180608606e-05,0.005182842306912954,0.004936568605927396,4.5276969039661433e-08
2629,0.010162082109307686,4.340255442370599e-05,0.0051055114673983935,0.005013120658968239,4.7428517348362564e-08
2630,0.010274096373064857,0.00015528413481074598,0.004925287426600254,0.005193478688351281,4.6123302577042683e-08
2631,0.01032963284269616,0.00020953231532786463,0.005123305292577696,0.004996749180400482,4.605439011580787e-08
2632,0.0102925484023658,0.00017281375698569119,0.005225872479692045,0.004893817663726516,4.45019615473433e-08
2633,0.01015591002299347,3.640893329659941e-05,0.005132215648478571,0.004987243909369018,4.153184928031719e-08
2634,0.010185380210103958,6.63691482353201e-05,0.005057610201488738,0.005061360626281877,4.023409802433901e-08
2635,0.010281788302886785,0.00016531675692395034,0.005095848298005458,0.005020581570666725,4.167729065176778e-08
2636,0.010330778553763615,0.00021112773990207784,0.005151510272265796,0.004968096908381764,4.3633213977439264e-08
2637,0.010203014402770131,8.552093031714406e-05,0.0049687663411406595,0.005148682752682782,4.4378629546276834e-08
2638,0.01014553755135909,2.7566225211539417e-05,0.0050035018768381035,0.005114422479431561,4.696987788664161e-08
2639,0.010228308908354591,0.0001084076269287605,0.005166056593723771,0.004953797539034924,4.714866713725983e-08
2640,0.01029702826177707,0.0001796211815672238,0.005154364043964141,0.004963000796582729,4.223966297668897e-08
2641,0.010246002668329243,0.00012656838904638235,0.005075840674529061,0.005043553369779866,4.023497393448502e-08
2642,0.010144006818933803,2.606730155155742e-05,0.0050538125597248025,0.005064084269786534,4.26878709084455e-08
2643,0.010188800397611258,7.121381127175789e-05,0.0051357628664438805,0.0049817795072443875,4.4212651231485354e-08
2644,0.010270866398493545,0.00015183344876333957,0.005110148034937136,0.005008842675552555,4.2239240514402754e-08
2645,0.010284946312499836,0.00016732192276530227,0.00494352423772922,0.005174057819561572,4.2332443741724217e-08
2646,0.010187241728347058,6.848221214576386e-05,0.005112626434252147,0.005006086491902717,4.659004643021717e-08
2647,0.010147401428951965,2.84446729201208e-05,0.0051687266117754,0.004950184691522855,4.5452733589455834e-08
2648,0.010203150150565346,8.639256304792496e-05,0.005060888531308382,0.005055828857901847,4.019830719094697e-08
2649,0.010288981600022536,0.0001699239866424063,0.005077326015812201,0.005041691339944199,4.0257623730218896e-08
2650,0.010262481449450871,0.00014579581287397757,0.00512404152911485,0.004992599923345283,4.4184116760104005e-08
2651,0.010161118820176538,4.231096965198361e-05,0.005145118138254216,0.004973644177181476,4.553508886343827e-08
2652,0.010156736648153024,3.8948192359609226e-05,0.005052146686366791,0.0050655989788194015,4.279060722141401e-08
2653,0.010231876543954346,0.00011588879947886347,0.0050160106291004805,0.005099934497195281,4.261817972154881e-08
2654,0.010323845025469822,0.00020533100874641283,0.005123184628415067,0.004995284110511239,4.5277797103296285e-08
2655,0.01024046438561275,0.00012434835115520833,0.0050000430691478385,0.00511602912416963,4.384114007462058e-08
2656,0.01015810064530144,4.037183282012948e-05,0.005049844555235162,0.005067842654364236,4.160288191322274e-08
2657,0.010157803009814857,3.8713124216849744e-05,0.005173913044318195,0.004945135048171339,4.17931084733613e-08
2658,0.010255787766975506,0.00013872122495093393,0.005167278577827501,0.004949745185546263,4.27786508089022e-08
2659,0.010288120722576965,0.00016955580862853877,0.005074620014075953,0.005043901422514557,4.347735791587019e-08
2660,0.010207493832044418,9.130000223913551e-05,0.005016915871121585,0.005099233807117829,4.415156586813618e-08
2661,0.010150317465808559,3.277168308045748e-05,0.00514738233771272,0.004970117784788929,4.5660226452994424e-08
2662,0.010169103379160424,5.191621759971618e-05,0.005073079589444184,0.00504406392139544,4.3650721083828864e-08
2663,0.010278810476279297,0.0001616013915616789,0.004916205959652983,0.005200962419803412,4.0705261224960516e-08
2664,0.010322391151318347,0.00020335764705529464,0.005165003254148903,0.004953988200144374,4.204996977625594e-08
2665,0.01024759428528873,0.0001287277955006654,0.005236403942454833,0.004882419030550334,4.3516782897953374e-08
2666,0.010151600012512928,3.4134958639812973e-05,0.005089674172640727,0.005027747240730668,4.3640501719456004e-08
2667,0.010200924481308857,8.313326201440111e-05,0.005066300681305313,0.005051446320817423,4.4217171719108694e-08
2668,0.010312838518169788,0.00019786522798633736,0.00510933301775587,0.005005595285326767,4.4987100813556084e-08
2669,0.010288730367405182,0.00017116263002720856,0.005104568750194846,0.005012953406528584,4.558065454496501e-08
2670,0.010185892241160609,6.836544314671571e-05,0.004931228722678534,0.005186252730194679,4.534514068056266e-08
2671,0.010145040921371163,2.8926232382329935e-05,0.0050443565004834375,0.005071712688147144,4.550035825025086e-08
2672,0.010248633389530944,0.0001288647898197984,0.005212712900062888,0.004907012899528931,4.2800119325187424e-08
2673,0.010267205267098655,0.00015138608527618413,0.005130936783611703,0.004984842572488333,3.9825722433518946e-08
2674,0.010212848012550652,9.499653825265363e-05,0.005080601063810555,0.005037207373065289,4.3037422153767416e-08
2675,0.010142448640060671,2.5558667725849966e-05,0.0051177831240024636,0.004999059677321289,4.717101106929813e-08
2676,0.010186251995053762,7.045047787013099e-05,0.00513018992765719,0.004985567288593782,4.4300932658264136e-08
2677,0.010268222481136078,0.00015126751849158762,0.0050493307596746135,0.005067584034288022,4.016868185537464e-08
2678,0.010275055984741264,0.00015891317344698486,0.004925273069147265,0.00519082746537955,4.227676746409487e-08
2679,0.01022471217211475,0.00010768587295499446,0.0051293125555692334,0.004987664962296425,4.8781294097052313e-08
2680,0.01013785160558477,2.1642516115866882e-05,0.005114809243423693,0.005001352784160801,4.706188440905583e-08
2681,0.010191056452018095,7.527099798703866e-05,0.005031102933763944,0.005084641298731342,4.12215357691285e-08
2682,0.010256610346594794,0.000138064678663537,0.0051606482351056115,0.0049578573788838275,4.0053941817400195e-08
2683,0.010309847960157029,0.00019271581199612305,0.005212681812289506,0.004904408789211835,4.154665956661034e-08
2684,0.010206897648715334,8.969113145074339e-05,0.005097501276209673,0.005019663033908785,4.220714613203319e-08
2685,0.01015787154686174,4.168313784085078e-05,0.004987027986973071,0.00512911818061941,4.224142840831978e-08
2686,0.010177952430469761,6.362153743081055e-05,0.005075918414488767,0.005038367564163764,4.491438642014402e-08
2687,0.010271775213704619,0.00015594738770183565,0.005088817603749461,0.005026962617786931,4.760446639143953e-08
2688,0.010306655459515134,0.00018880865241686435,0.004855116194273875,0.005262684430868591,4.618195580360598e-08
2689,0.010263198493459861,0.00014646007399417535,0.005071340270782686,0.00504535319242788,4.495625511997519e-08
2690,0.010178511060071447,5.915889371987804e-05,0.005258113012316345,0.004861195990896754,4.3163138471663406e-08
2691,0.010144956338832478,2.598710917675025e-05,0.005231927171674535,0.004887000774571768,4.1283409425166806e-08
2692,0.010240992759294186,0.00012357133046458958,0.005108591116452097,0.00500878963621744,4.067616005852287e-08
2693,0.010284548472055434,0.0001705068599710308,0.00506282032884953,0.005051179372128444,4.1911106428372975e-08
2694,0.010258188440402539,0.0001404577514894251,0.005184094400789382,0.0049335917115954225,4.4576528308047875e-08
2695,0.010146479315418053,3.16379087350274e-05,0.005076609452318613,0.005038186927770764,4.5026593647855614e-08
2696,0.010176464563145419,6.066455021298088e-05,0.004963677038475121,0.00515207676807221,4.6206385107093734e-08
2697,0.01027252532196283,0.00015606851181360952,0.005083901182437649,0.005032508206891369,4.742082020242004e-08
2698,0.01031944766757186,0.00020606201650096639,0.005086847892752043,0.005026494216314943,4.35420039077961e-08
2699,0.010216541946136031,0.00010034393384046897,0.005083579817993543,0.005032578586512543,3.960778947663856e-08
2700,0.0101421304555392,2.6568486202853864e-05,0.0050361779522564145,0.005079344143176385,3.9873903545244984e-08
2701,0.010209129562064921,9.429208076470699e-05,0.0051055157102650045,0.0050092783902998895,4.338073532224139e-08
2702,0.010303199956322359,0.0001851131845523892,0.005168983697406452,0.004949058854592295,4.421977122139145e-08
2703,0.010246543011366254,0.00013228176188797016,0.0050758768083751776,0.005038341282760257,4.3158342848734244e-08
2704,0.0101459357537618,3.0032658692729477e-05,0.0051034727539199755,0.005012386161072685,4.418007640768576e-08
2705,0.010171234875130265,5.489670799138783e-05,0.005129607870073594,0.0049866836116885145,4.668537676735029e-08
2706,0.010268079861505476,0.00015407288191541334,0.005026126754085702,0.0050878330381562125,4.718734814914586e-08
2707,0.010282397079891474,0.00016566236814615707,0.005027999720015322,0.005088689829804844,4.516192515104746e-08
2708,0.010171935397352927,5.7602786973041104e-05,0.005057206898158409,0.005057083696007233,4.2016214244664705e-08
2709,0.010142703483612956,2.7570324017843405e-05,0.00512953318254152,0.004985559346022794,4.063103079776484e-08
2710,0.010227421236475813,0.000111238091066105,0.0050818233453042315,0.005034318907509466,4.089259601050704e-08
2711,0.010284907750974742,0.00017097302323882164,0.005003425972592802,0.005110466708410399,4.2046732719532816e-08
2712,0.010228151787232947,0.0001110292397389575,0.005168112958369854,0.004948965630435074,4.395868905991232e-08
2713,0.010135726464904744,2.016721804962339e-05,0.005143176282621226,0.004972338694326121,4.4269907774042324e-08
2714,0.010190872055337717,7.637175525247004e-05,0.005014035704498867,0.00510042021531564,4.4380270740291236e-08
2715,0.010287021552075748,0.0001707544601832389,0.005099851597874779,0.005016369665286313,4.58287314173411e-08
2716,0.010275917128750938,0.0001623852511887869,0.005106337724740246,0.005007148272202706,4.5880619198797203e-08
2717,0.010167741689143915,5.207119340857662e-05,0.005045078963648349,0.00507054685424596,4.467784103004156e-08
2718,0.010145131975819342,2.9733911549895727e-05,0.005063584305977838,0.005051770204289349,4.355400225904701e-08
2719,0.010252659280807172,0.00013917192507632633,0.005105054525780093,0.005008390214787629,4.2615163122061534e-08
2720,0.010286009719663342,0.00017040492978784871,0.005066202174353606,0.005049360909270618,4.1706251268505944e-08
2721,0.010213800363771463,9.900952676404924e-05,0.00493519220061001,0.005179557212150065,4.142424733858052e-08
2722,0.010141525370191648,2.686768399428662e-05,0.005128150872486177,0.004986463658442464,4.315526872180932e-08
2723,0.010176128838083585,6.036607530057614e-05,0.005142305850178696,0.004973413318075844,4.359452847014484e-08
2724,0.010262868970222955,0.0001494147182153172,0.005023650281672442,0.00508976102061174,4.294972345647489e-08
2725,0.010249764297256783,0.00013277282967128875,0.005178974549083698,0.004937972228114279,4.469038751776015e-08
2726,0.010180656316144513,6.417088612555429e-05,0.00522270347335102,0.004893735510028422,4.644663951786404e-08
2727,0.010145041771511881,3.0514979605084177e-05,0.005038595688210678,0.005075885135745242,4.596795087657615e-08
2728,0.010207723856581379,9.240770517382196e-05,0.005025035003386301,0.0050902370110577294,4.413696352640571e-08
2729,0.01028417310537038,0.0001721583287503245,0.005070696858856097,0.005041275770037944,4.2147726014606726e-08
2730,0.010248345415261755,0.00013404624545373085,0.005068210562254892,0.005046046879342194,4.1728210938595345e-08
2731,0.01018384876395352,6.913775760948475e-05,0.004922251734446749,0.005192416698927659,4.25729696284751e-08
2732,0.010133516315661534,2.0079471866304147e-05,0.005109323474992878,0.0050040685263625095,4.4842439841041906e-08
2733,0.010189477440340206,7.346021466535562e-05,0.005196781921225089,0.004919190321240855,4.498320890623135e-08
2734,0.010237565887610371,0.00012499021073467424,0.005054188911510652,0.00505834339062632,4.337473872471419e-08
2735,0.010244853722103488,0.00012984712126559234,0.005110742041285683,0.005004219994428731,4.4565123482149886e-08
2736,0.010202435656806674,8.84913199736714e-05,0.005188302898495727,0.004925595311600656,4.612673661970537e-08
2737,0.010133510355519059,2.0298872223399766e-05,0.005097404316151988,0.005015761929377475,4.523776619549154e-08
2738,0.010157163897503757,4.307182246222936e-05,0.004956856235740092,0.005157192796819062,4.304248237509765e-08
2739,0.010199831429864616,8.779596599767413e-05,0.004962332354038271,0.005149660666748405,4.244308026498827e-08
2740,0.010293987717789875,0.00018076772853051868,0.005107912245081879,0.005005264453268376,4.329090910194648e-08
2741,0.01032189656950163,0.00021066644715742714,0.00497631077272153,0.0051348764318868406,4.291773583205583e-08
2742,0.010277213938536036,0.00016145711327240697,0.005187452878148948,0.004928260340068753,4.360704592776433e-08
2743,0.010183148368157676,6.293864922561324e-05,0.0053318501249456874,0.004788315541388622,4.405259775171336e-08
2744,0.010145986488693162,3.1481091937284885e-05,0.005178849962051953,0.004935611132590871,4.430211305250737e-08
2745,0.010247004833090911,0.0001331212475241128,0.0050352103276967335,0.005078627466913464,4.579095660090808e-08
2746,0.010311202102657029,0.00020066592683931668,0.005004207303162668,0.0051062808358569405,4.803679810391268e-08
2747,0.010283810154156147,0.00017099645775016376,0.0050948295312466035,0.005017935511620191,4.865353918807598e-08
2748,0.010166015786881186,5.331312260275193e-05,0.0049471912640666384,0.005165466449256606,4.4950955188660355e-08
2749,0.01015581647846762,4.414345236838596e-05,0.005023870320661639,0.00508776073459816,4.197083943382624e-08
2750,0.010260670728164419,0.00014538806194111097,0.005201678464636693,0.004913562340981854,4.18606047617377e-08
2751,0.010268283915429662,0.00015653953984651948,0.005116184796840136,0.004995517338378154,4.224036485254088e-08
2752,0.010209484609743311,9.543837372679532e-05,0.00505502080233695,0.005058982699944248,4.273373531908713e-08
2753,0.010132645329616177,1.8809635395650922e-05,0.005151708878260871,0.0049620833738763795,4.34420832763786e-08
2754,0.010211859063838188,9.811823464654678e-05,0.005207625391541866,0.0049060705931804945,4.4844469280877934e-08
2755,0.01027225339883051,0.00015882155333693437,0.005048543095094898,0.005064842241519721,4.650887895762717e-08
2756,0.010269483529575504,0.000155386028046452,0.00488230390586683,0.005231745999936931,4.759572529204191e-08
2757,0.010191526640689534,7.86957042712843e-05,0.005134727617914064,0.004978055146449849,4.817205433619159e-08
2758,0.010139980371454993,2.738391788673064e-05,0.0051369468434135385,0.0049756041556881375,4.5454466587044126e-08
2759,0.010215255530681491,0.00010289571115946333,0.004973555071356941,0.005138762465990884,4.228217420224458e-08
2760,0.01027502227595264,0.0001607133215803518,0.005117750858972101,0.004996516459376869,4.163602331812436e-08
2761,0.010282927187128997,0.0001679557716793197,0.005246484396462604,0.004868445737577636,4.128140943750171e-08
2762,0.010159462648134145,4.5477441455165614e-05,0.005149425908047678,0.004964518151602286,4.114702901748392e-08
2763,0.01015961650240766,4.68078827980209e-05,0.005025669631466068,0.00508709586831767,4.311982590160849e-08
2764,0.01021639086206995,0.00010565657219057703,0.00505396973724866,0.005056717327538484,4.722509223157459e-08
2765,0.010311115101869385,0.00019812005921340857,0.005128445438113801,0.004984500089125303,4.951541687214763e-08
2766,0.01024498831313628,0.0001334613789715863,0.004952083541746636,0.005159396169872565,4.7222545494163974e-08
2767,0.010165151158153255,5.248647700383922e-05,0.005009402181782295,0.005103217170448205,4.5328918915326946e-08
2768,0.010141349667190392,2.8331185706384386e-05,0.005149120637922843,0.0049638538484456304,4.3995115535656666e-08
2769,0.010220707463867083,0.00010861558857015788,0.0051649742909537335,0.004947076073934686,4.151040850514488e-08
2770,0.010275663549296947,0.00016232846652118558,0.005086343659909617,0.005026951965116233,3.9457749912684146e-08
2771,0.010233583915780048,0.00012283455032411627,0.005029789545992078,0.005080919907194566,3.991226928902036e-08
2772,0.01016372901912839,5.0388263308868246e-05,0.005177159801774926,0.004936137431311457,4.352273313982132e-08
2773,0.010138948431365752,2.7052225312435624e-05,0.005112851088877021,0.004998999254411237,4.586276505770186e-08
2774,0.010223221882282002,0.00011158299303447312,0.004947170619135899,0.00516442250544159,4.5764670038986075e-08
2775,0.010298736387157434,0.00018617922240671633,0.005090043812187102,0.005022466793046266,4.655951734974321e-08
2776,0.01030153295615095,0.0001909934748938112,0.005146708771635181,0.004963783473883067,4.7235738891928145e-08
2777,0.010174352217713107,6.1944913912315e-05,0.005098206911667479,0.005014153751826286,4.664030702871345e-08
2778,0.010151120284278874,3.921799675961097e-05,0.005032377666292543,0.005079480833238286,4.37879884346531e-08
2779,0.010229289166142973,0.00011911648320668978,0.00509951442207139,0.005010616317066662,4.194379823166156e-08
2780,0.010323382850811217,0.00020986472269696389,0.005165555432231305,0.0049479205241655016,4.217171744690227e-08
2781,0.010237140149874943,0.00012656664403695072,0.004999041868384017,0.005111489497927111,4.213952686476919e-08
2782,0.01014153987750655,2.9720383746803824e-05,0.005063489016100626,0.005048287428330929,4.3049328190854446e-08
2783,0.010172246564077093,5.8885399780090024e-05,0.005178969821914286,0.004934346999385035,4.434299768362747e-08
2784,0.01026983751722613,0.00015967081583035737,0.0051130939498378655,0.004997027690522907,4.506103500129847e-08
2785,0.010274204807085241,0.00016146768079408245,0.005031098190545448,0.0050815930934892855,4.5842256424610235e-08
2786,0.010167934346291336,5.6714978283497484e-05,0.004983779978837475,0.005127393479543743,4.590962661950954e-08
2787,0.010144971453903797,3.3458322338280325e-05,0.005149784765233248,0.004961682100379282,4.6265952986880386e-08
2788,0.010218191728704161,0.00010522326348606793,0.005154686575971458,0.004958236408108818,4.548113781777129e-08
2789,0.010277138120585116,0.00016681844148400398,0.005006851721509363,0.005103424094963572,4.38626281766899e-08
2790,0.010212131995697964,9.86256277457369e-05,0.005158161482135323,0.004955301057637118,4.382817978698496e-08
2791,0.010140391209855234,2.7736814944200935e-05,0.005172475945914763,0.004940135389372825,4.305962344442288e-08
2792,0.010172953442536613,6.196961243774921e-05,0.005021511285941175,0.005089430083113492,4.2461044197193386e-08
2793,0.010268268080337985,0.0001555790419581772,0.005037480372943758,0.005075164658199966,4.40072360847171e-08
2794,0.010278288714975076,0.0001685650255477303,0.005061869594030847,0.005047808746817649,4.534857884927757e-08
2795,0.010175210853219215,6.301991917324433e-05,0.005120795434014713,0.004991349308619225,4.619141203177559e-08
2796,0.010142230751355626,3.085666662185469e-05,0.005052357612578539,0.005058969487474799,4.698468043198553e-08
2797,0.010209612079594243,9.971027013133382e-05,0.005061241611362002,0.005048611692755293,4.8505345612492585e-08
2798,0.010299445590658889,0.0001864795556408966,0.005151723759347551,0.004961194536374774,4.773929566760134e-08
2799,0.010222785739278173,0.00011272250769250878,0.005033248258389022,0.005076771626539529,4.334665711318221e-08
2800,0.010141064617521752,2.9344326159791804e-05,0.005085274420228929,0.005026403912187706,4.1958945326559766e-08
2801,0.010164339327592494,5.1098760292241725e-05,0.005174802974041042,0.004938394084816878,4.3508442332706737e-08
2802,0.010247130908093923,0.0001370176945427199,0.005092771885762905,0.005017297256355479,4.4071432819965947e-08
2803,0.010267228475723885,0.00015476660544274848,0.005037282108108739,0.005075135718455874,4.404371652311526e-08
2804,0.010168822208621635,5.8593290022406786e-05,0.005039788655514325,0.00507039402403296,4.6239051940809594e-08
2805,0.010137640439961843,2.705079236139476e-05,0.005082777060768626,0.0050277635484815,4.903835032183941e-08
2806,0.010198489326829176,8.684684558238025e-05,0.005009884081442337,0.005101711177900583,4.7221903877427014e-08
2807,0.01027132248248907,0.0001617299397526177,0.004968229893537304,0.005141318954744256,4.369445489322373e-08
2808,0.010268040781303252,0.00015446398418825948,0.005206895400350172,0.00490663819784191,4.3198922911137536e-08
2809,0.010149778505326194,3.782639129788106e-05,0.005176864518533055,0.004935043877446396,4.3718048862570235e-08
2810,0.01017064908593872,5.964560244894467e-05,0.0050607367503783356,0.005050222007952228,4.4725159210989633e-08
2811,0.010241241808895752,0.00012783857826331483,0.005170492362442031,0.004942865040466828,4.5827723579882256e-08
2812,0.010291322358859793,0.00018083599970381093,0.005166367952166653,0.004944073385078264,4.502191106639388e-08
2813,0.010210185147807836,9.79898276118034e-05,0.004973741882220077,0.005138409276756684,4.4161219271718145e-08
2814,0.01014265249682038,3.0388609131945416e-05,0.004918097734760883,0.00519412159307875,4.455984880175685e-08
2815,0.010202261865312893,9.341512520899993e-05,0.005078875468958842,0.005029927449685447,4.382145960452422e-08
2816,0.010246134854722916,0.00013557653913882358,0.005070984059320506,0.005039531892739728,4.236352385682135e-08
2817,0.01028152947222323,0.0001701662399114376,0.004895986851423417,0.005215332788539501,4.359234887612741e-08
2818,0.010194901847039093,8.181477107485066e-05,0.0051935203435702106,0.004919520580954946,4.615143908561252e-08
2819,0.010168259506804186,4.883343995033397e-05,0.005353420159770228,0.004765961171038158,4.4736045466226246e-08
2820,0.01016258680064354,5.083644069019755e-05,0.005169665564891431,0.004942042387496249,4.2407565662021935e-08
2821,0.010225587049194955,0.0001141324807408345,0.005038758913056276,0.005072650850006879,4.4805390965118156e-08
2822,0.010239335522286338,0.00013084304938176206,0.005049243498126382,0.00505920089737726,4.807740093390263e-08
2823,0.01021627439465044,0.00010624167040804635,0.005100695302161909,0.005009290904588871,4.6517491614507315e-08
2824,0.010164054316161035,5.370195838910714e-05,0.004939115433857511,0.0051711931973593495,4.372655506854087e-08
2825,0.010140559555224093,3.0232136979474883e-05,0.004970616734366792,0.0051396664611245944,4.422275323183436e-08
2826,0.010171038906050776,6.0274852668285864e-05,0.0051503002899784805,0.004960419595808412,4.4167595598430784e-08
2827,0.010208967877358404,0.00010002890218845914,0.0051435006734588,0.004965397673000875,4.062871027163916e-08
2828,0.010276742078753964,0.00016652778943478292,0.005058049593542178,0.005052125816943685,3.887883331807359e-08
2829,0.010276234896622898,0.0001684078825113978,0.005010551429053764,0.005097233554488155,4.203056958200241e-08
2830,0.010271047458783041,0.00015862282480002258,0.0052103415421511055,0.004902036543799101,4.6548032812820874e-08
2831,0.010161201647509563,5.133055318672022e-05,0.005171329583335675,0.004938494849053021,4.66619341483251e-08
2832,0.010162672440121572,5.354953538603838e-05,0.005028052056773751,0.0050810242020803585,4.6645881424119275e-08
2833,0.010197002588888166,8.727543778638252e-05,0.005061500445946097,0.005048176364810005,5.0340345681625287e-08
2834,0.01031651047239296,0.0002092305746113168,0.005086329534728568,0.005020898732036736,5.1631016338762264e-08
2835,0.010312467245148893,0.00020217227239176857,0.005094915131894256,0.005015333654190423,4.618667244514343e-08
2836,0.01023813192525246,0.00012936101744051706,0.004975871303381263,0.005132859977101264,3.962732941698141e-08
2837,0.01013210629124091,2.1847318586581486e-05,0.005155198172273367,0.004955021901193415,3.889918754569603e-08
2838,0.010196228510910083,8.226767689234827e-05,0.005263431687235483,0.004850487261215058,4.1885567195637724e-08
2839,0.010246429237636396,0.00013823991990546508,0.0051140362499167155,0.004994109482071966,4.3585742249346165e-08
2840,0.010269310564100142,0.0001589775583835611,0.005025341565527044,0.005084947471187701,4.396900183520172e-08
2841,0.010165855784783214,5.77754130199048e-05,0.00504266280389467,0.005065371806333596,4.576153504242553e-08
2842,0.010151937697933112,4.315568960335239e-05,0.005123418000957967,0.004985314814013151,4.9193358642362256e-08
2843,0.010179697700495116,7.03774470981368e-05,0.005013282755240479,0.0050959878776432824,4.962051321701613e-08
2844,0.010282191661380103,0.00017107817487727004,0.004862885022699567,0.005248181928100309,4.653570295858304e-08
2845,0.010298291913863241,0.0001875832413642637,0.0051472765915566545,0.004963387200745617,4.488019670722506e-08
2846,0.010236758298594908,0.00012398642619153752,0.005265092556527978,0.004847634379286332,4.493658906067707e-08
2847,0.01014208645056821,3.142564718958242e-05,0.00512544135379796,0.00498517502592505,4.4423655616257696e-08
2848,0.010214910961844485,0.00010413651069335065,0.005071566324049918,0.005039165472399492,4.2654701724451717e-08
2849,0.010275141289911777,0.00016639540513378222,0.0051547583099524445,0.004953945682561696,4.18922638534108e-08
2850,0.010274916873576668,0.00016324996952696072,0.0052008660721880986,0.004910757689024314,4.314283729657486e-08
2851,0.01014503969782369,3.628660236475748e-05,0.00498994514727011,0.00511876380419934,4.414398948184995e-08
2852,0.01017563385183453,6.456533162393075e-05,0.004901984486812893,0.005209039195600981,4.483779672551566e-08
2853,0.010261784737868648,0.0001515384930000292,0.005108975460984333,0.005001224547477521,4.623640676347965e-08
2854,0.01032338981303103,0.0002142978450703928,0.005185044473626758,0.004923999744706372,4.774962750781184e-08
2855,0.010189485385178533,7.933109154480547e-05,0.005082402967453423,0.005027702929398733,4.839678157197833e-08
2856,0.01015815561926538,4.771828104978393e-05,0.004974248488213424,0.00513614212153097,4.6728471202953833e-08
2857,0.010218259265422388,0.00011004562286884328,0.005070619037667227,0.005037551260434527,4.3344451790336535e-08
2858,0.010312125916063453,0.00019911224753192854,0.005224157494069134,0.004888815741074973,4.043338741813193e-08
2859,0.010191915381031704,8.323705954582109e-05,0.005110522589262994,0.004998115466947832,4.026527505761863e-08
2860,0.010153658166609725,4.401249263623749e-05,0.005016720418512806,0.005092881171932017,4.408352866403651e-08
2861,0.01021900036120346,0.0001083030257568303,0.005114017133775407,0.0049966319412022555,4.82604689666363e-08
2862,0.010300941474612586,0.00019227129744435332,0.00514970817816798,0.004958914168039154,4.783096110013511e-08
2863,0.010207381433942125,9.701621623265108e-05,0.005102937979906481,0.005007381739237191,4.5498565802327964e-08
2864,0.010143926051222652,3.3804885877393296e-05,0.004973223971056958,0.005136851863878783,4.5330409518179815e-08
2865,0.010192560798536018,8.410041885852143e-05,0.005019153492331377,0.005089260764426989,4.612291913035607e-08
2866,0.010292876464720779,0.00018106590004177985,0.005187899700476508,0.0049238671648107225,4.369939176823955e-08
2867,0.010219109443115234,0.0001106949901229331,0.005123069267272574,0.00498530522927484,3.99564448876616e-08
2868,0.01014938862862299,3.9865715431264075e-05,0.005068457127093832,0.005041024585121893,4.120097600093455e-08
2869,0.010171388160747048,6.11637449906441e-05,0.005106546723382428,0.005003630981506844,4.6710867132343374e-08
2870,0.010278297783867182,0.00017049812450951155,0.0050834556545484005,0.005024295224961403,4.8779847866194e-08
2871,0.010246707214303286,0.00013671323629079366,0.005066688311068304,0.005043260358459875,4.5308484312623595e-08
2872,0.010172119923575087,6.287471473063725e-05,0.004963351493404979,0.005145851484607518,4.223083195182218e-08
2873,0.010136165554607291,2.7559799484797373e-05,0.005080035766773147,0.005028525752148587,4.4236200760093126e-08
2874,0.010223280061403122,0.0001123702370609871,0.005157091458403335,0.004953771080627689,4.728531111120938e-08
2875,0.010240531414134382,0.00013236687170038974,0.005036570872813467,0.005071547395609387,4.627401113817438e-08
2876,0.010203807894327253,9.330489202854397e-05,0.005110100280384765,0.00500035816021812,4.4561695824588484e-08
2877,0.010137919050917887,2.710606491254367e-05,0.00519461983716311,0.004916148403464022,4.4745378211765876e-08
2878,0.010153886802825422,4.488617042950514e-05,0.005135836005720214,0.004973118968777881,4.565789782275046e-08
2879,0.010219947206589666,0.000110241862691531,0.005019696304725843,0.005089964279530162,4.475964213012825e-08
2880,0.010252584635641545,0.0001446279630096911,0.004951290750974136,0.0051566233669568095,4.25547009095473e-08
2881,0.010250039169468721,0.00014022639894708183,0.005163484255622647,0.004946286324496049,4.219040294342422e-08
2882,0.010150399867494048,4.286255308950506e-05,0.005070070223217571,0.005037424129122103,4.296206486993072e-08
2883,0.010151270744153429,4.1693236834809904e-05,0.0049489458460924675,0.00516058620549575,4.545573040011846e-08
2884,0.01019893811137467,8.942918183100534e-05,0.005092591475437388,0.0050168689597326595,4.8494373616354675e-08
2885,0.010304508548949135,0.00019608389878773407,0.005179184172548918,0.00492919185699919,4.8620613294180506e-08
2886,0.010275990914844919,0.0001656912445990066,0.005135970487297045,0.004974282691137661,4.649181120570292e-08
2887,0.010183466250247781,7.543959292697032e-05,0.005015203330960707,0.005092778453797962,4.487256214232477e-08
2888,0.0101346137369522,2.559303503998214e-05,0.005152144367299906,0.0049568309321793205,4.540243299207221e-08
2889,0.010205150660420242,9.475643839896374e-05,0.00518360853073638,0.004926740323545701,4.5367739197004246e-08
2890,0.010272066151868956,0.00016492969398007397,0.0049918101025070724,0.00511528119419987,4.516118194064386e-08
2891,0.010249180687920181,0.00013985367573667574,0.005064270303862667,0.005045008867636478,4.784068436051023e-08
2892,0.010165673476606567,5.78115752925174e-05,0.005103272590091863,0.005004540382539313,4.8928682872721735e-08
2893,0.010130938334403409,2.278995353860428e-05,0.005096159022449039,0.005011943402447088,4.5955968678768894e-08
2894,0.010221789854095845,0.0001126359274857958,0.005076255317965031,0.005032855376821023,4.323182399630778e-08
2895,0.010271999041376708,0.0001655349517880723,0.0050501890898070655,0.005056231038364409,4.39614171617087e-08
2896,0.010242651536389076,0.0001330237815469099,0.005147829255434549,0.004961752635592962,4.5863814654758546e-08
2897,0.01013461405369669,2.6864696924333638e-05,0.005033568447760019,0.005074136565306453,4.434370588374186e-08
2898,0.010159717176099708,5.2063295869845414e-05,0.005023733005551179,0.00508387671165484,4.4163023844346894e-08
2899,0.010255957530271953,0.00014531809350072132,0.005181405511106292,0.004929185867982359,4.805768258170844e-08
2900,0.01027467290762695,0.00016724897995206486,0.0051394764141058855,0.004967897667900825,4.9845668174817444e-08
2901,0.010188764638755954,7.9690204487088e-05,0.005063869783708971,0.005045157961910865,4.668864903098302e-08
2902,0.010127357992452065,1.9151585756120586e-05,0.00507917856100915,0.005028985062418565,4.278326822951792e-08
2903,0.01021340366648973,0.00010620169779030914,0.005129946311076671,0.00497721267101512,4.298660763034713e-08
2904,0.01026913766936886,0.00016025605820608584,0.0050309091306770855,0.005077927500547776,4.4979937913199144e-08
2905,0.01025459302718508,0.00014325011712893452,0.004841002241402092,0.005270294595241388,4.607341266492113e-08
2906,0.010163417650515785,5.4380207218201295e-05,0.005152898574735952,0.0049560923567363415,4.6511825289766266e-08
2907,0.010141417797169067,2.999808283769397e-05,0.005238686060138692,0.004872688677350429,4.497684225094413e-08
2908,0.01020364021392627,9.608219257055872e-05,0.005080167705112346,0.0050273462696042125,4.404663915400591e-08
2909,0.010235674737154955,0.0001257367889745505,0.005133338696419891,0.004976553119541001,4.61322195133629e-08
2910,0.0102142183030469,0.00010482301537993563,0.005210305184591245,0.004899042456546595,4.764652912443726e-08
2911,0.010129432714573358,2.128125425014406e-05,0.005097784829975201,0.005010320428929389,4.620141862277958e-08
2912,0.01016152399432613,5.248884289000452e-05,0.004955593795846234,0.005153396893169643,4.446242024949416e-08
2913,0.010200810708546636,9.39566002825695e-05,0.004967522084761568,0.0051392868146564324,4.520884606612979e-08
2914,0.010277716366868481,0.00016945009321114702,0.005121078923892063,0.004987140355665288,4.699409998245237e-08
2915,0.010227747061518074,0.00012117536828255333,0.004978732997221302,0.005127793168786261,4.552722795882287e-08
2916,0.010171336151801755,6.342321989365135e-05,0.005060934201226049,0.005046935728971987,4.30017100670631e-08
2917,0.010134521250618294,2.5230684704525558e-05,0.005200077052880608,0.004909171718346392,4.179468676774099e-08
2918,0.010170554674563232,6.282863380767146e-05,0.005167513798893842,0.00494016948545103,4.2756410688094634e-08
2919,0.010236901747002227,0.00012873514290430416,0.005032179121795957,0.0050759422652537885,4.5217048177241164e-08
2920,0.010264017269413145,0.0001580027033106641,0.004974966268662092,0.005130999913499301,4.838394108858455e-08
2921,0.010261643366904195,0.00015275472247510327,0.005183275676414695,0.004925562114581875,5.085343252221996e-08
2922,0.010155692056285784,4.946070800674157e-05,0.00510627596950126,0.004999905996858484,4.9381919298820944e-08
2923,0.010154260089418696,4.702576980114379e-05,0.004991025321678826,0.0051161620686312505,4.692930747534168e-08
2924,0.01019903241808197,9.095383839099417e-05,0.005113981367940427,0.0049940511536045685,4.605814597893982e-08
2925,0.01031255718603138,0.00020614866710358019,0.005165440312359824,0.00494092270436415,4.550220382657419e-08
2926,0.010277558014800693,0.0001696903165648164,0.005062487492395839,0.005045336059642907,4.41461971299968e-08
2927,0.010193348303518457,8.601169315449843e-05,0.004939795201450004,0.005167498822600616,4.2586313339041526e-08
2928,0.01013300519491655,2.5625313801504105e-05,0.005161378069540755,0.004945958180080864,4.363149342708154e-08
2929,0.010206471274373666,9.718981605505374e-05,0.005205485884308797,0.004903748744302604,4.68297072107188e-08
2930,0.010250058110611311,0.00014421563462632434,0.004986125341338164,0.005119667535775049,4.9598871774223995e-08
2931,0.010237736934812234,0.00013011724718322163,0.0050479386937993045,0.005059629936485855,5.105734385116633e-08
2932,0.010156775407080536,4.998151662184678e-05,0.005155142597827232,0.0049516014400174625,4.9852613994633887e-08
2933,0.010135344341463215,2.8356507931560735e-05,0.005143955328630689,0.004962985390591607,4.711430935849613e-08
2934,0.01019915262302085,9.144615954932834e-05,0.005017006647948433,0.005090654936837041,4.487868604815454e-08
2935,0.010260751786786874,0.00015450363986892193,0.004959611140786945,0.00514659268948703,4.4316643975365924e-08
2936,0.010268153881510454,0.00015820401031395355,0.005214333844239191,0.004895570554600052,4.547235725889386e-08
2937,0.010160880870365216,5.279863473728779e-05,0.0051992352605988515,0.004908801318227209,4.5656801868103205e-08
2938,0.010156123075719798,4.9417820325474166e-05,0.00501962705262865,0.005087032294740907,4.590802476643102e-08
2939,0.010221880817715048,0.00011432108625370031,0.005069790500606071,0.0050377218155394435,4.741531583356608e-08
2940,0.010314114246936455,0.00020889285365469624,0.005128336092201535,0.004976836805857233,4.849522299103625e-08
2941,0.010237303460934375,0.00013006553647013623,0.005088326790637813,0.00501886285211686,4.828170956675541e-08
2942,0.010154017176898698,4.6770270161787236e-05,0.004946862231151783,0.005160337685156662,4.6990428465313066e-08
2943,0.01015044817813391,4.469407005932004e-05,0.005063912972340673,0.0050417943443771445,4.679135677195209e-08
2944,0.010256740504773062,0.00014673353207498611,0.0052199050074171255,0.004890054689216702,4.7276064249937426e-08
2945,0.01023149274115829,0.00012578616361237565,0.0050961624633972065,0.005009497015849322,4.709829938585345e-08
2946,0.01016936331620645,6.177495882897264e-05,0.005021726113645846,0.005085814586210023,4.765752160911039e-08
2947,0.010131351912988059,2.4650075034644045e-05,0.005065506073656054,0.0050411480816969795,4.768260037962073e-08
2948,0.010206678587824333,0.00010130501497726779,0.005105158169385362,0.005000169062369978,4.63410917267177e-08
2949,0.010257414954424957,0.000150271184398497,0.0050751016674966095,0.0050319967956502214,4.530687962767884e-08
2950,0.010236187944338587,0.0001305515507815023,0.0049767986526718,0.00512879177465249,4.5966232795115695e-08
2951,0.010160961656165325,5.3194359218783055e-05,0.005168847042230319,0.004938871983828366,4.827088785723984e-08
2952,0.010135674528640526,2.8111985288486784e-05,0.005173636133016851,0.004933878307598272,4.810273691687245e-08
2953,0.010202930995209818,9.758508879083374e-05,0.005002652324293559,0.005102646933628801,4.664849662430482e-08
2954,0.010265473172904438,0.00015844318149687347,0.005069159388165395,0.005037823189915689,4.741332647946336e-08
2955,0.010258174582342208,0.00015332984811358165,0.005109596973842932,0.004995199435179956,4.832520573770171e-08
2956,0.010152128090679738,4.531138122022748e-05,0.005109861091236922,0.0049969084619028966,4.7156319693060676e-08
2957,0.010144373336908739,3.803109452710294e-05,0.005031666625519849,0.005074630973966479,4.464289530815922e-08
2958,0.0101997066751589,9.50542912565279e-05,0.0050484009456574904,0.0050562067979229314,4.464032194899162e-08
2959,0.010289944014041989,0.00018281605965602156,0.005142601307216071,0.004964479030937277,4.76162326202652e-08
2960,0.01022830550729816,0.00012359627681824846,0.004992852001298134,0.005111808008874717,4.922030706157098e-08
2961,0.010155421812877758,4.915819525399114e-05,0.005061109475782263,0.005045105241665509,4.8900175994062085e-08
2962,0.010133502129599637,2.5791093706604133e-05,0.00518272008989402,0.004924943133106212,4.781289280062557e-08
2963,0.010211582819538469,0.00010572161511864428,0.0051622386523420645,0.004943575180834031,4.7371243729849025e-08
2964,0.010255465083514229,0.00014870726673085025,0.005060384954077441,0.005046325008388726,4.78543172100704e-08
2965,0.010211041758280531,0.00010611701807562716,0.00498189606891076,0.0051229806509590576,4.8020335085056276e-08
2966,0.010151973173305118,4.574632932035907e-05,0.005148252153512591,0.00495792632218455,4.836828761761367e-08
2967,0.010132370391107214,2.6997000367971894e-05,0.005058592783107747,0.005046733042250288,4.756538120586565e-08
2968,0.01022131894196234,0.00011427152600058473,0.00489137377216942,0.005215626939926587,4.6703865748745976e-08
2969,0.010291045688985988,0.00018360914135907174,0.005152116207786809,0.004955272654179373,4.768566073634582e-08
2970,0.010292420538831856,0.0001833743800877992,0.0052729933180797805,0.0048360047697303355,4.807093393996903e-08
2971,0.010165707412194493,5.8835446514179135e-05,0.0051220910441501025,0.0049847336671068245,4.72544233882269e-08
2972,0.010153752236918107,4.776040168951132e-05,0.005046198610597289,0.005059746474521153,4.6750110152360886e-08
2973,0.01024126215776514,0.00013726476107371954,0.005104462655601539,0.004999486913956919,4.782713296458738e-08
2974,0.010295045894428194,0.0001888744561094298,0.005121737898076826,0.004984383491641728,5.004860020912279e-08
2975,0.010211435738361049,0.00010455184921397976,0.004888042634687113,0.005218790276983995,5.097747596145694e-08
2976,0.010125851563372281,2.0342006613730972e-05,0.0050042097863774344,0.005101248021061476,5.174931963887334e-08
2977,0.010174720361290404,6.746910645370866e-05,0.005173755764322222,0.004933445608815718,4.988169875635115e-08
2978,0.010230263621245015,0.0001250616633986526,0.005141825441678647,0.004963330058261799,4.645790591670523e-08
2979,0.010237085655676048,0.0001298670078514505,0.005126409190938977,0.0049807633499751435,4.6106910477165636e-08
2980,0.010142566278615072,3.692977298070094e-05,0.005138654039248015,0.004966934530267416,4.793611893991028e-08
2981,0.010144294651642537,3.9119426843251834e-05,0.005127149118216964,0.004977977477970061,4.862861226065824e-08
2982,0.010197219705306983,9.154479581507446e-05,0.00502214567305847,0.005083482196019048,4.704041439243617e-08
2983,0.010265829514145779,0.0001604355307398979,0.004909831165035664,0.005195516376772596,4.6441597621668655e-08
2984,0.010258272717184661,0.00015170331617301626,0.005165672019257922,0.004940847986270321,4.939548340174825e-08
2985,0.01015486803970596,5.0117708609194564e-05,0.005126058376087313,0.00497864141998399,5.053502546168015e-08
2986,0.010153715145422229,4.846792046748131e-05,0.005006768957102886,0.005098429579530077,4.8688321784518626e-08
2987,0.010216270736228321,0.00010942829621269726,0.005136512604615588,0.004970283123758826,4.6711641209171586e-08
2988,0.01031105112570964,0.00020428783531282842,0.005232818296371828,0.00487389911034312,4.588368186182841e-08
2989,0.010217107427548671,0.00011106680513689557,0.005105100023220138,0.0050008937586110795,4.684058055761453e-08
2990,0.010154856556602367,4.852943216731482e-05,0.004920481766050486,0.005185796991450666,4.836693389997709e-08
2991,0.010147661781120929,4.398676161504695e-05,0.005046955525125874,0.005056669490660235,5.000371977256996e-08
2992,0.010247803861220057,0.00014150391864023126,0.005176998380129517,0.004929251943776452,4.9618673857256967e-08
2993,0.010240339700061976,0.00013671150947672155,0.004982029031210473,0.005121551739923942,4.741945084027694e-08
2994,0.010184021761669044,7.856118340588669e-05,0.005019857695072217,0.005085554835539968,4.804765097303609e-08
2995,0.010130272589925883,2.5406179211544107e-05,0.0051162331894407,0.004988583465210071,4.975606356780909e-08
2996,0.010164277101906292,5.913303463131696e-05,0.0051621000852739626,0.0049429942593206475,4.9722680364701224e-08
2997,0.010238939235821802,0.00013285963529944018,0.0051153226801330465,0.004990708887781942,4.8032607373360617e-08
2998,0.010244335183070379,0.00014098826353622438,0.0050478850926900165,0.005055414597748769,4.722909536966692e-08
2999,0.010195723385158862,8.920662846730786e-05,0.005178829627224169,0.0049276378764763935,4.9252990990878995e-08
3000,0.010124248698095436,2.0153108387862438e-05,0.005092160069278056,0.005011885407114791,5.0113314727960974e-08
3001,0.010172378769290866,6.827234703465484e-05,0.004966708709373694,0.005137348312093373,4.940078914521837e-08
3002,0.010256270885282368,0.00015135866373559585,0.005092654753290051,0.005012208703569144,4.8764687577128006e-08
3003,0.010304544937747068,0.00020229570048566238,0.005074747468694824,0.005027454837589745,4.693097683497926e-08
3004,0.010207622141272849,0.00010260985216709202,0.0050592278787816155,0.0050457394639637325,4.494636040905447e-08
3005,0.01013613712486399,3.191234385910316e-05,0.005032714214584628,0.0050714651030122635,4.546340799697177e-08
3006,0.010183211086567907,7.887985407917735e-05,0.005162807472965461,0.004941473683784955,5.007573831244522e-08
3007,0.010282669887163937,0.00017570684038489373,0.005194858161483119,0.004912050764905042,5.41203908816815e-08
3008,0.010229726228302325,0.00012651773296079314,0.004999913570339587,0.005103242854479804,5.2070522140078745e-08
3009,0.010137068860064997,3.259100632505675e-05,0.005042958849823169,0.005061469941519242,4.906239752967236e-08
3010,0.010145867489756301,4.0781532941768585e-05,0.005143248231862814,0.004961789399144383,4.832580733498292e-08
3011,0.010233488916944533,0.0001306381400151983,0.005099896928334105,0.005002905064468927,4.878412630205178e-08
3012,0.010257106786571471,0.00015195407792673054,0.005061606202639219,0.005043497544288849,4.8961716671705936e-08
3013,0.010161042247968016,5.77144914411043e-05,0.005025604775327375,0.005077674808083562,4.8173115975217663e-08
3014,0.010130659335528057,2.6612316468904195e-05,0.005129087791024781,0.004974911098015077,4.8130019293086315e-08
3015,0.010191301908549492,8.684204885630371e-05,0.005081771640071294,0.005022638677266585,4.9542355308241806e-08
3016,0.010263825225732942,0.00016034920478213461,0.0049447540653862814,0.0051586697995933154,5.215597120957182e-08
3017,0.010231284462502866,0.00012519639141131997,0.00517544214676865,0.004930592473400409,5.3450922487134016e-08
3018,0.01013975215338155,3.372478671231137e-05,0.005209519968034806,0.004896457609069403,4.978956503006672e-08
3019,0.010159707079402374,5.6020081111776084e-05,0.005051876314064262,0.00505176379299645,4.6891229886549916e-08
3020,0.0102383846538792,0.0001331983891646111,0.005093141252921018,0.005011995915528991,4.9096264580137415e-08
3021,0.010264054086143677,0.00016103283374039283,0.0051342177328077545,0.004968752186456723,5.133313880556253e-08
3022,0.010158297167845002,5.408204112203064e-05,0.005062962182252734,0.005041203179480284,4.976498995296881e-08
3023,0.010137878698735801,3.3181917712895605e-05,0.004955546159938676,0.005149103337252529,4.728383170049274e-08
3024,0.010196210943670856,9.393913724425625e-05,0.005007213724418871,0.005095011068029286,4.701397844066973e-08
3025,0.010265736742062196,0.00016140622177594703,0.0051230925871486995,0.004981189932676195,4.800046135453836e-08
3026,0.010213377594866685,0.00011058475710000176,0.004976212859326965,0.0051265305918477685,4.9386591949284637e-08
3027,0.010131783184503152,2.7678023081565534e-05,0.005099467173665746,0.005004585211316538,5.2776439304152114e-08
3028,0.010152042445835226,4.461601476854139e-05,0.005237466136775852,0.00486990696580703,5.3328483802763403e-08
3029,0.010197056165181838,9.317156660618105e-05,0.0051633344692556885,0.004940500377416979,4.975190298920993e-08
3030,0.01023461885811825,0.00013028767229321958,0.005058197905291702,0.005046084248827538,4.903170578997983e-08
3031,0.010169263304519314,6.721497413008302e-05,0.005040595793623457,0.005061401207918594,5.132884717911697e-08
3032,0.010139056223921748,3.632190120938188e-05,0.005099584269144572,0.0050030987259574574,5.13276103365933e-08
3033,0.010141039781576239,3.72628350341982e-05,0.00495307345123865,0.005150655741416445,4.7753886946180445e-08
3034,0.010203601082143847,9.884620938709975e-05,0.0048696905572983605,0.005235018058098489,4.625735989675379e-08
3035,0.010295071120132691,0.00018978767887755423,0.005194463894937401,0.004910772104097918,4.744221981992869e-08
3036,0.010270890983188532,0.00016707270853109858,0.00520700234264205,0.004896768316693603,4.761532178154517e-08
3037,0.010208534047043473,0.00010454423413120941,0.00509364279852375,0.005010298526709198,4.848767931543454e-08
3038,0.010123254333258724,1.969109708499147e-05,0.005142700220854816,0.004960812172542032,5.084277688370394e-08
3039,0.010228015473280585,0.00012482276637146926,0.005197410155458584,0.004905729382494761,5.316895577073982e-08
3040,0.01027476070297714,0.00017163570468766343,0.005028162446156848,0.005074909083495283,5.346863734599079e-08
3041,0.010308057251175395,0.00019945592829438358,0.00478329663859408,0.005325253117086209,5.1567200722618636e-08
3042,0.010199055551096821,9.485715710866794e-05,0.00516288621683242,0.00494126249630829,4.968084744217042e-08
3043,0.010168220555759527,5.9140188782415115e-05,0.00530723436495789,0.004801798171320707,4.7830698514272106e-08
3044,0.010177727163651685,7.485842854583098e-05,0.005101490074945684,0.005001331913844345,4.67463158240853e-08
3045,0.010270580828285348,0.00016609976758009016,0.005036508614368194,0.005067924577086382,4.786925068189878e-08
3046,0.01020068013623613,9.833722898641299e-05,0.005117749460623617,0.004984543870162651,4.9576463448169214e-08
3047,0.010166208476310133,6.114037581396717e-05,0.0052110898039182,0.004893927414304169,5.0882273796553466e-08
3048,0.010144944963975297,4.204340993776968e-05,0.0050628397826979156,0.005040010137920699,5.1633418911729546e-08
3049,0.010264225784710253,0.00016030743480078332,0.004904086676980215,0.005199778208449037,5.346448021777606e-08
3050,0.010283167152943255,0.0001786741894371047,0.005150894744089984,0.004953542657337359,5.556207880641871e-08
3051,0.010232293686650951,0.00012679901167986942,0.005252850525078895,0.004852590657286916,5.349260527083267e-08
3052,0.010119813206807821,1.6896910095209625e-05,0.0050889257695597555,0.0050139402021811405,5.032497171522389e-08
3053,0.010229626474855553,0.00012402683723660603,0.004930562167856234,0.005174989114497479,4.835526523227353e-08
3054,0.010280664005364377,0.0001774745036092998,0.004930031457450745,0.005173111127731398,4.691657293611927e-08
3055,0.01028206378005872,0.00017588851088580154,0.005208075561256292,0.004898053734494679,4.5973421947166174e-08
3056,0.010140513308024823,3.463340236750192e-05,0.005222616366431282,0.004883217338510744,4.620071529404472e-08
3057,0.010199798295472604,9.649357904385499e-05,0.005072913815753853,0.005030340388100531,5.0512574364328875e-08
3058,0.010285963500442925,0.00018042854422865542,0.005125453232917681,0.0049800245751438895,5.7148152699465625e-08
3059,0.010245292341663582,0.00013985664323499145,0.005233683958386791,0.004871693718238985,5.802180281468853e-08
3060,0.010140843131278117,3.6136022032644204e-05,0.005191492266428308,0.004913160970762209,5.387205495524416e-08
3061,0.010194586401190385,9.052417500797e-05,0.004970228304513623,0.005133783469580037,5.0452088757503446e-08
3062,0.01030995899281468,0.00020213761453255401,0.004808317323218924,0.0052994541543976,4.9900665601611405e-08
3063,0.0103014206963581,0.00019694198668969342,0.005098918575093395,0.005005511084850377,4.904972463522023e-08
3064,0.010170584703546051,6.431714623529797e-05,0.005230049620834709,0.004876172891633832,4.504484221315e-08
3065,0.010183001896549877,7.884986125370127e-05,0.0051393046832380425,0.00496480405484538,4.329721275334938e-08
3066,0.010315815833744519,0.00021019178612570547,0.005094056601387848,0.005011519206708353,4.8239522610375436e-08
3067,0.010218326092503019,0.00011488585962613642,0.00512632680940936,0.004977057238222291,5.618524523082188e-08
3068,0.010160961511201386,5.5638769185756326e-05,0.0051952108826447485,0.004910053263858441,5.8595512440709986e-08
3069,0.010218728657857728,0.00011457929962906047,0.005078753539734296,0.005025342633102928,5.31853914441636e-08
3070,0.01032260628065219,0.00021788602790772792,0.004892723232503783,0.005211948783003881,4.8237236798999885e-08
3071,0.010184747286811154,8.055942089928019e-05,0.00504212513939809,0.0050620130734940335,4.9653019749490755e-08
3072,0.010158743766498817,5.3523930064003354e-05,0.005174886793329448,0.00493028044949712,5.2593608245448584e-08
3073,0.010231145269266445,0.0001272494247515133,0.005151378804074662,0.00495246508682645,5.195361381855979e-08
3074,0.010260900913923043,0.00015526260964772196,0.005097953061094872,0.005007635770830789,4.947234966036656e-08
3075,0.010149202253660701,4.5006770605785294e-05,0.005096712205148771,0.005007434508798627,4.876910751859672e-08
3076,0.01017098708166431,6.661838093280081e-05,0.005154183753446602,0.004950133849540341,5.1097744567176726e-08
3077,0.010264805602609676,0.00016005191099298046,0.005085308911597878,0.0050193923221959,5.2457822916788104e-08
3078,0.01021236597455831,0.00010675884903570208,0.004881670058940118,0.005223887172028154,4.9894554334728906e-08
3079,0.010139201593340186,3.4641522644659555e-05,0.004956631915368342,0.005147880576913884,4.757841329881821e-08
3080,0.010161708869801849,5.73519354879013e-05,0.0051147191106134604,0.004989589561826471,4.826187401604917e-08
3081,0.010235951293246653,0.00013215824505187907,0.005151965160926372,0.004951777163614798,5.072365360341977e-08
3082,0.010196662088247774,9.128988508996849e-05,0.005097367658816443,0.005007952194960008,5.234938135520076e-08
3083,0.010136377390894005,3.2215723303104e-05,0.005062805417848112,0.005041304703416255,5.154632653385971e-08
3084,0.01016201566082586,5.7921399782297385e-05,0.0051570166374331535,0.004947026557457546,5.106615286216606e-08
3085,0.01024105160679535,0.00013501444904457215,0.005190274785215464,0.004915710913173139,5.145936217462806e-08
3086,0.010199880527228708,9.734571492812405e-05,0.005016258327531573,0.005086226383565838,5.0101203173478226e-08
3087,0.010144507512244794,3.950010753452336e-05,0.004953373506418353,0.0051515864320869145,4.746620500378653e-08
3088,0.010131048817186522,2.727429350516424e-05,0.005018503285278126,0.005085225735568882,4.550283434875413e-08
3089,0.010210584119472718,0.00010855787353330804,0.005085769369279874,0.005016210309438064,4.6567221472318684e-08
3090,0.010242632677395766,0.00013861891929648203,0.005089783195395417,0.005014179603754536,5.095894933131385e-08
3091,0.010201908104449974,9.892138771000213e-05,0.004966622559569153,0.005136309258661568,5.48985092509015e-08
3092,0.010130238625901875,2.6620605718237953e-05,0.0050992162182318,0.005004346415643022,5.538630881358607e-08
3093,0.010137549549578425,3.2589326723346805e-05,0.0051844386557890094,0.004920470078748165,5.148831790455378e-08
3094,0.010189433232499349,8.732168608173708e-05,0.005095148604977454,0.0050069150190562095,4.792238394864171e-08
3095,0.010238374227571212,0.00013460666166066016,0.005063021012286456,0.005040697430144361,4.912347973315247e-08
3096,0.01020965152014114,0.00010806530902928826,0.005038990647461883,0.005062543467383543,5.209626642554725e-08
3097,0.010148929813118397,4.534830201983712e-05,0.005133486622358105,0.004970042360693001,5.25280474529804e-08
3098,0.01012364722597762,2.0991895182974452e-05,0.005063110140186322,0.005039495089730257,5.010087806657295e-08
3099,0.010172481228528785,7.046208269070425e-05,0.004991040773012907,0.005110927885545196,5.0487279978220563e-08
3100,0.010252984227510625,0.00014964304670891476,0.0051081121441488705,0.0049951750080331385,5.402861970048277e-08
3101,0.010275906402472383,0.00017532455296826097,0.005036594236898876,0.005063934168543993,5.344406125284858e-08
3102,0.010212140918979113,0.00010891610189122412,0.0050923217980493206,0.005010853519897325,4.9499141244236717e-08
3103,0.010127316812342066,2.4812238721405198e-05,0.005124147144337119,0.004978310052250875,4.7377032664445346e-08
3104,0.010152854034225516,5.0415917906461605e-05,0.005143599256420234,0.004958790756500527,4.810339829344172e-08
3105,0.010237120672787052,0.00013401315268442345,0.0050646808703090915,0.005038376297491745,5.0352301791865645e-08
3106,0.010264856031943607,0.00016272170649356827,0.004927488522436821,0.005174593361577527,5.244143568985686e-08
3107,0.01020300387197414,9.944525186699962e-05,0.005163390317006636,0.004940113237511857,5.506558864545263e-08
3108,0.01012195296662845,1.8961902985992935e-05,0.00516224707171479,0.0049406892704265334,5.472150113196419e-08
3109,0.010182299178502907,8.044991524793065e-05,0.00502205644094412,0.005079740036798671,5.2785512186049e-08
3110,0.010256489809606356,0.00015190129762752958,0.005150164853125879,0.004954371395641979,5.226321096889705e-08
3111,0.010251048859250477,0.00014741386303885007,0.005206655304988041,0.004896928660039376,5.1031184210952584e-08
3112,0.01014186996490808,3.8978573117752344e-05,0.005056882022871535,0.005045960408533172,4.896038562006267e-08
3113,0.010142894139988754,3.945201985966038e-05,0.004964670335656827,0.005138723128315036,4.865615722960316e-08
3114,0.01022820462084087,0.00012749176058929795,0.005002602255369415,0.005098060541582491,5.0063299665701135e-08
3115,0.010258028522163152,0.00015541822392028536,0.00510670042401843,0.0049958587529455,5.112127893592846e-08
3116,0.010192207753911851,9.068083792297073e-05,0.004964815256314392,0.005136660435548157,5.1224126332826406e-08
3117,0.010116584400445973,1.479498239473349e-05,0.005093061656780737,0.005008674505344043,5.325592645999977e-08
3118,0.010182704324510015,7.827229979895862e-05,0.005193866361372527,0.004910511865271068,5.3798067461605574e-08
3119,0.010218816718630473,0.00011765572144778694,0.005082775286463628,0.005018334623494619,5.108722443843844e-08
3120,0.01021424057923061,0.00011076025299302923,0.005108331654146961,0.004995098904333529,4.9767757092297466e-08
3121,0.010140024420881338,3.692039367662099e-05,0.0051742764552245414,0.004928776838500086,5.0733480088053584e-08
3122,0.010130948321911805,2.9351776518407766e-05,0.0050844269452378745,0.005017118522422959,5.1077732562538975e-08
3123,0.010191157117061426,8.797847903838564e-05,0.00495940075178248,0.005143728001627099,4.988461346020462e-08
3124,0.010227425346076655,0.00012619135223071405,0.004928990479102719,0.005172194336118523,4.9178624700318674e-08
3125,0.01024973328534748,0.00014680708140594193,0.005176901670297822,0.004925974263962147,5.026968157070867e-08
3126,0.010148083620700247,4.7596457670770615e-05,0.005060308854360096,0.005040128446347246,4.9862322133744355e-08
3127,0.010144414383465325,4.2708998545552707e-05,0.005008502122623404,0.005093153646081564,4.961621480577953e-08
3128,0.010168381962929563,6.446399011499468e-05,0.005193717121047155,0.004910150544291689,5.030747572400945e-08
3129,0.010253085765153299,0.00015053130891608564,0.00521798016363451,0.004884524536853299,4.975574940410839e-08
3130,0.010257393976083216,0.0001553098500896364,0.005029303952009954,0.005072730807476039,4.93665075868077e-08
3131,0.010192670421525022,9.061714795631941e-05,0.004911299062797164,0.005190702505041821,5.1705729717327596e-08
3132,0.01016021031527737,5.878603216963352e-05,0.005147731241073844,0.004953637902442232,5.5139591659146363e-08
3133,0.01013300786347234,3.210521809316256e-05,0.005110012832145058,0.004990836674561494,5.3138672625497394e-08
3134,0.010221376726309584,0.00011990953135012122,0.004922537998161672,0.005178880447769561,4.874902822964653e-08
3135,0.01025049325095769,0.00014834773916345335,0.005116864669853014,0.004985233155284472,4.768665675064937e-08
3136,0.01028441917181036,0.00018263271390746936,0.005199510290023352,0.004902227963244238,4.8204635299956575e-08
3137,0.010156176994176746,5.4041979451666094e-05,0.00512141654059291,0.004980669717473469,4.875665870158364e-08
3138,0.010155603279630207,5.450090771133027e-05,0.005032837928999924,0.005068214514499802,4.9928419150963446e-08
3139,0.010186221693936556,8.656388605933405e-05,0.005108121015097656,0.0049914836671330134,5.312564655288519e-08
3140,0.010293471306204761,0.00019142291916615265,0.005163469229732239,0.004938523086377147,5.607092922239023e-08
3141,0.010238036542528814,0.00013783868930271478,0.00493964697463518,0.005160495503128856,5.537546206475248e-08
3142,0.010166267864648432,6.523508227156443e-05,0.005008346366293968,0.005092632301177741,5.4114905157685736e-08
3143,0.010123833957338652,2.220994151600037e-05,0.005160104291911309,0.00494146676378768,5.2960123661086546e-08
3144,0.01020160725204275,0.00010023937067712472,0.005185722145451814,0.004915594879445038,5.085646877188954e-08
3145,0.010248693195505467,0.0001468667070132207,0.005068054329648425,0.005033724377068039,4.778177578365424e-08
3146,0.010219471888164827,0.00011810636714018473,0.004925989526533178,0.0051753300593807075,4.5935110756488715e-08
3147,0.010139966072840536,3.8244378900758366e-05,0.005152681711233841,0.004948992036338917,4.794636701881887e-08
3148,0.010143509322623218,4.038018409150031e-05,0.005211261406033789,0.004891816254008603,5.1478489324752915e-08
3149,0.010183741254454143,8.380994710882981e-05,0.005032977142490244,0.0050669003405016955,5.38243533758049e-08
3150,0.010238415204327824,0.00013673969840352033,0.005041618319624179,0.005060001688567791,5.549773233541396e-08
3151,0.01019207030066942,9.261828788701574e-05,0.005102468268262648,0.004996928269716955,5.547480280215672e-08
3152,0.010142483872075295,4.1197816800420925e-05,0.005163867940108702,0.004937364061546349,5.4053619823008925e-08
3153,0.01012798821230567,2.766762181767322e-05,0.0050133810106493554,0.0050868882322028,5.1347635841125306e-08
3154,0.010196020201368802,9.474170125612868e-05,0.004912299036468349,0.005188929871156836,4.959248748806645e-08
3155,0.010280340542983405,0.00017845201088982033,0.00513046546457627,0.004971373510106895,4.955741041954753e-08
3156,0.010264038917497375,0.00016406698478453735,0.00515339932760281,0.004946523823353024,4.8781757004442216e-08
3157,0.010174404742403229,7.33371978095203e-05,0.005095994659614863,0.005005022991916481,4.989306236303209e-08
3158,0.010125060295199361,2.479439981482796e-05,0.005064864675288712,0.005035347564759529,5.3655336292946227e-08
3159,0.010216122366943033,0.00011718245334684597,0.005089009816291385,0.005009873471465578,5.662583922330724e-08
3160,0.01027664375269097,0.0001756072409200552,0.0050832755503645004,0.005017706364473848,5.459693256638376e-08
3161,0.010238577471325803,0.00013809043780100503,0.004930976118972781,0.0051694610341058485,4.988044617008815e-08
3162,0.010131745844681616,3.109959420637428e-05,0.0051035333673159775,0.004997063248527124,4.96346321397024e-08
3163,0.010149276347807051,4.61636596539672e-05,0.005216193934687181,0.0048868666928388324,5.2060627071226096e-08
3164,0.01021454689792458,0.00011510984361500424,0.005098921936323375,0.0050004621265164985,5.299146970186375e-08
3165,0.010238542966522057,0.00013709618423765068,0.0050793435988580275,0.005022051158660395,5.2024765982888216e-08
3166,0.010153233031736144,5.351623045463075e-05,0.00510586159499813,0.004993805028262669,5.0178020713857485e-08
3167,0.01012774283305216,2.7835832465046837e-05,0.00511318996936311,0.00498666757587542,4.945534858429746e-08
3168,0.010176143845969323,7.511047534458622e-05,0.004966138597503004,0.005134844990582757,4.9782538974462326e-08
3169,0.010261844375518336,0.00015838968537399312,0.004828637892707618,0.005274765819769653,5.097766707240258e-08
3170,0.010277845586933166,0.00017586952366176474,0.005173515697477913,0.004928407442597077,5.292319641240327e-08
3171,0.010176897713428945,7.362053163234301e-05,0.005244739787814477,0.004858485767387919,5.162659420648493e-08
3172,0.010148458120740375,4.7452831457951404e-05,0.005095406014904231,0.005005548950219901,5.032415829229206e-08
3173,0.010217502292657374,0.00011528871930069066,0.005125467007152891,0.0049766943202288715,5.224597492182689e-08
3174,0.010277053133395149,0.0001758430144279244,0.005207682481724584,0.004893473678077051,5.395916558884318e-08
3175,0.010179435422560118,7.859675650895471e-05,0.005129799099213914,0.0049709875267237545,5.204011349503367e-08
3176,0.010140777227806217,3.966713919681608e-05,0.004932726803847187,0.0051683346727621525,4.861200006335589e-08
3177,0.01017460237163437,7.453615878685124e-05,0.00494248256891705,0.005157535469445584,4.81744848836603e-08
3178,0.010281474287419573,0.00018028826665946658,0.005134879916322734,0.004966255670297774,5.043413959656626e-08
3179,0.010206634252813224,0.00010775334971701335,0.005030665393888109,0.0050681636436463425,5.186556175899673e-08
3180,0.010154814961075774,5.416263502773303e-05,0.005013643577401935,0.005086955454759013,5.329388709332181e-08
3181,0.010140481750877835,3.918347756153801e-05,0.005130810434506677,0.004970433342376255,5.449643336602576e-08
3182,0.010248949515880288,0.00014800763715235523,0.005189142482851673,0.004911746145737298,5.325013896390187e-08
3183,0.010225967271508218,0.00012457185921855045,0.005111361559000335,0.004989983770241307,5.0083048024322096e-08
3184,0.010168917550951175,6.918036770714532e-05,0.004987211262224727,0.005112477171535018,4.874948428377299e-08
3185,0.010124026511836748,2.4614808764022172e-05,0.005105697339932367,0.004993662443700802,5.191943955623876e-08
3186,0.010196022900054882,9.560096225096922e-05,0.005128407061476824,0.004971959282451383,5.5593875706246706e-08
3187,0.01023414077310828,0.0001338078762063652,0.004919562274933141,0.005180715311131538,5.531083723445532e-08
3188,0.010219822301172991,0.00011901464840810687,0.00504524217212808,0.0050555120007883935,5.3479848411312057e-08
3189,0.010142919433179026,4.1900846145830365e-05,0.005177636523872045,0.004923330226258192,5.183690295894752e-08
3190,0.010127605206654084,2.578173838233015e-05,0.005200237066894591,0.004901535623365274,5.07780118892582e-08
3191,0.010191826242714964,9.128253670541415e-05,0.00507284935666507,0.0050276451849715085,4.916437297120532e-08
3192,0.010250221653798325,0.00015117697444084896,0.004957617858970027,0.005141378983995363,4.783639208650835e-08
3193,0.010238652534030645,0.00013723494418512784,0.005175169815337495,0.00492619849371662,4.9280791401838425e-08
3194,0.01014504658020456,4.5272331615320825e-05,0.005154207524732054,0.004945514736433018,5.198742416744766e-08
3195,0.010139894227888361,4.0290600919258895e-05,0.005007824002836313,0.0050917237182357515,5.5905897037520107e-08
3196,0.01021544563250103,0.00011495406486429064,0.005053109469051571,0.005047322687542716,5.941104245331755e-08
3197,0.010272077500959414,0.00017420782652133513,0.005077677105347748,0.005020134962766976,5.7606323353078584e-08
3198,0.010200409786786902,0.00010034374134576571,0.005103258606202529,0.004996755778464316,5.166077429184849e-08
3199,0.010130815630112096,3.120477505019411e-05,0.004980811587442101,0.005118752479345288,4.6788274511849136e-08
3200,0.010153680082655167,5.491359456727914e-05,0.0050372048306422,0.005061514472528835,4.718491685390773e-08
3201,0.01025322557327982,0.00015089049979961133,0.005187964503053066,0.004914320285686527,5.028474061565254e-08
3202,0.01022173726826133,0.0001229056692568313,0.005100762119037684,0.004998018156632388,5.132333442684021e-08
3203,0.010152535743346586,5.2298132763138224e-05,0.005077307159917999,0.005022878191874166,5.225879128455259e-08
3204,0.010126580038431577,2.6426637800843766e-05,0.005119861581605707,0.004980236211965116,5.5607059909639414e-08
3205,0.010212627710197616,0.0001145129973171129,0.005070321295409524,0.005027735866861612,5.755060936705588e-08
3206,0.010242646881142868,0.0001424997256689839,0.005017619694051075,0.0050824719534888155,5.550793399290815e-08
3207,0.010186625482854796,8.754548965345446e-05,0.004948709839026143,0.005150317825629658,5.2328545539294173e-08
3208,0.010129208427694191,2.9801917264454945e-05,0.005131436925055125,0.0049679180094679065,5.1575906705346194e-08
3209,0.010145901642975104,4.6384784420346185e-05,0.005103037841367643,0.0049964282220811805,5.0795105935847074e-08
3210,0.010228158756627375,0.00012899280622745201,0.0049408240334164535,0.005158292025508975,4.9891474494393106e-08
3211,0.010238275220126838,0.00013681925344019588,0.005160328020222619,0.00494107652209534,5.1424368682685516e-08
3212,0.010187646440477803,8.416091482049458e-05,0.005264789131298873,0.004838643262183212,5.313217522450796e-08
3213,0.010120815271472067,2.071296924662854e-05,0.005106339205676507,0.004993710331341157,5.276520777351123e-08
3214,0.010175124036102146,7.506356160326804e-05,0.005014477432121207,0.0050855311057429586,5.193663471129373e-08
3215,0.01023441368894832,0.0001372600143803899,0.00503005493331866,0.005067045992067698,5.2749181571991866e-08
3216,0.010234512018752957,0.00013545679731530856,0.005105868701698292,0.00499313201652475,5.4503214606258046e-08
3217,0.010152750345259191,5.354905296940372e-05,0.004932667174475545,0.005166479704816504,5.4412997738846095e-08
3218,0.01012215771653836,2.3579086384309274e-05,0.0050123262112581005,0.005086199109163284,5.3309732666012655e-08
3219,0.01017838917863858,7.691564714523194e-05,0.005201313928009463,0.004900107786566906,5.1816916981957725e-08
3220,0.010214684408774707,0.00011634400723009666,0.005136264383648536,0.004962025775718171,5.0242177901698145e-08
3221,0.01020880887030132,0.00010914028340545307,0.0050391251358788075,0.005060492567207425,5.0883809633939326e-08
3222,0.010135227781159243,3.704077361115489e-05,0.005031891414574419,0.005066242671018445,5.2921955223534607e-08
3223,0.010133420793510877,3.46317195038559e-05,0.005141636130788555,0.004957100087053331,5.2856165134280924e-08
3224,0.0101564496699649,5.804540904209256e-05,0.0050485168481854735,0.005049836149057538,5.1263679795686434e-08
3225,0.010239687852004069,0.00013999984610249463,0.004880806137871557,0.005218829337496922,5.253053309514921e-08
3226,0.010289357129698695,0.00018934332787002878,0.0051596689966751375,0.004940288772218256,5.6032935274959414e-08
3227,0.010234176881081079,0.00013471500938420483,0.0052072558442178216,0.004892150238164499,5.578931455265472e-08
3228,0.010143793431342541,4.476028056604642e-05,0.005093566669369213,0.0050054129515929675,5.352981431590316e-08
3229,0.010152705017827812,5.356321287498932e-05,0.005085643250673584,0.005013445788514893,5.27657643443609e-08
3230,0.010264476116251494,0.0001669245098921928,0.005136647719449535,0.004960851824843632,5.206206613541022e-08
3231,0.010260397007108452,0.0001610560332580684,0.005122937101284381,0.004976353664254386,5.020831161654841e-08
3232,0.010178348678693253,7.97376571999797e-05,0.004934469814492083,0.005164091381677565,4.9825323624993906e-08
3233,0.010117972266615738,2.0377538496111337e-05,0.005040214557287026,0.005057326341528342,5.3829304258105235e-08
3234,0.010203953262029235,0.00010440132500739675,0.005163357348414879,0.004936137360093851,5.722851310822634e-08
3235,0.01023018776358638,0.0001334989283962081,0.005023718621053366,0.005072914804176077,5.5409960728445276e-08
3236,0.010198270311436717,9.91613416773156e-05,0.005040524639683226,0.005058531634761902,5.269531427286288e-08
3237,0.010117800872602988,1.8985083367104316e-05,0.005114645216725844,0.004984118001446714,5.2571063326206475e-08
3238,0.010160819368080014,6.12740320368633e-05,0.00518308139658963,0.004916411201571566,5.2737881955133255e-08
3239,0.010217689454643462,0.000118443250782997,0.005106747833626906,0.004992446594185781,5.1776047776482916e-08
3240,0.010222912395814432,0.00012547686417799922,0.004962139206851639,0.005135244588239415,5.1736545379581244e-08
3241,0.010154885933343504,5.6186697750120235e-05,0.005134664462686252,0.004963981200778703,5.357212843040112e-08
3242,0.010120382873006468,2.2205445240100344e-05,0.005119725742649786,0.004978397950144889,5.373497169301486e-08
3243,0.010174700804520294,7.698361476478874e-05,0.004976524556685824,0.005121140175361898,5.245770778294231e-08
3244,0.010234647851072178,0.00013569149942022673,0.005083749545012974,0.005015154123265968,5.268337300861325e-08
3245,0.010232170488587525,0.00013468280027725758,0.0051422485405563986,0.004955186301021267,5.2846732603077166e-08
3246,0.010134971908921904,3.64220085982928e-05,0.005110990550581032,0.004987507943324485,5.140641809529786e-08
3247,0.01013475974287814,3.667812070736713e-05,0.00501281327316668,0.005085217426018546,5.092298554550363e-08
3248,0.010194103940226228,9.76801208802114e-05,0.005017952634124464,0.005078416576118752,5.460910279987685e-08
3249,0.010270535547473522,0.00017169719157456137,0.005135211997403916,0.004963568535260954,5.78232340894776e-08
3250,0.010193927911638092,9.73631924491945e-05,0.005007865795718131,0.005088643854967677,5.506850308922035e-08
3251,0.010127740139896823,2.9850990975383178e-05,0.005071142697389514,0.005026693961684005,5.248984792090055e-08
3252,0.010142588568958668,4.290966305648565e-05,0.005170863812413324,0.0049287612558669,5.3837621959350995e-08
3253,0.01022261422467606,0.00012536448754316243,0.005126016101554006,0.004971179528116612,5.410746228027006e-08
3254,0.010232232965318283,0.00013367740320059735,0.005052388328093057,0.005046115651132021,5.158289260890285e-08
3255,0.010153719136080104,5.699717187488016e-05,0.005004657398860721,0.005092014177240508,5.038810399433928e-08
3256,0.010125994869108243,2.856928682573808e-05,0.0051361388943789825,0.004961233873446786,5.281445673550349e-08
3257,0.010156443579285957,5.912915621133187e-05,0.005059254797773105,0.005038004687403511,5.493789800882845e-08
3258,0.010236927905235973,0.0001385094087961961,0.004885589553815722,0.005212774392735178,5.454988887619468e-08
3259,0.010249326596882453,0.00015026702276369812,0.005165734397790351,0.004933270610896658,5.4565431745744755e-08
3260,0.010178214932976921,7.93450563818058e-05,0.005200964641375832,0.004897849826279132,5.540894015033003e-08
3261,0.01013345326151398,3.567660327728436e-05,0.005079364889276215,0.005018356922798677,5.484616180488499e-08
3262,0.010180653908145931,8.159738588050111e-05,0.0051497742879441765,0.0049492281767437975,5.4057577456205594e-08
3263,0.010261600302451724,0.0001635903740136327,0.005202537452547336,0.0048954172079828835,5.526790787429819e-08
3264,0.010205951947562868,0.00010822138659845295,0.0050552011773809715,0.005042474137600077,5.5245983366168176e-08
3265,0.010155447710149923,5.366545552007691e-05,0.004827791710261349,0.0052739391897876535,5.13545808421779e-08
3266,0.010125401006446816,2.9005690826886355e-05,0.004993509111767044,0.005102835870432886,5.033341999977877e-08
3267,0.010193664647493033,9.6068928470425e-05,0.005137699152095688,0.004959841951308418,5.461561850221517e-08
