# code/heterogeneous/pino_heterogeneous/pinn1d_heterogeneous_parametric_neural_operator.py --design grf --n-sensors 100 --n-grf 0 --n-piecewise-per-zones 500 --piecewise-zone-counts 5 --min-zone-frac 0.1 --arch default --dtype float64 --early-stop-patience 150 --optimizer soap --soap-lr 3e-3 --soap-betas 0.95,0.95 --soap-weight-decay 0.01 --soap-precond-freq 100 --soap-iso-compute-twin results/exp_X1_5zoneonly_K100_N500_default_float64_lbfgs1000_maxiter20 --out-dir results/exp_X3_soap_K100_N500_5zoneonly_default_float64
# started 2026-07-03 07:09:27
# cwd C:\Ali Computation\pinn\code\heterogeneous\pino_heterogeneous

Using GPU: NVIDIA GeForce RTX 3090 (cuda:0, dtype=torch.float64)
PE (computed) = 0.010368
design=grf  media_mode=grf  branch_mode=sensor  optimizer=soap  n_train_requested=500  n_corner_anchors=16  arch=default  batch_mode=True
branch=[100, 16, 16, 32]  trunk=[2, 32, 32, 32, 32]
results_dir=C:\Ali Computation\pinn\code\heterogeneous\pino_heterogeneous\results\exp_X3_soap_K100_N500_5zoneonly_default_float64
Training: 500 piecewise (500 for zones [5]), min_zone_frac=0.1 = 500 total; branch_mode=sensor, K=100 sensors, grid_n=201
  saved/loaded: C:\Ali Computation\pinn\code\heterogeneous\pino_heterogeneous\results\exp_X3_soap_K100_N500_5zoneonly_default_float64\train_grf_cases.npz
  branch CFL range [0.120013, 0.599687]
PDE mesh: bulk 50x50x500 (no interface bands in GRF mode)
COMSOL validation: 81 fixed grid cases from comsol_4zones.txt -> C:\Ali Computation\pinn\code\heterogeneous\pino_heterogeneous\results\exp_X3_soap_K100_N500_5zoneonly_default_float64\comsol_validation
run_training=True  run_comsol_validation=True  validate_only=False  skip_validation_plots=False
SOAP iso-compute: twin=results/exp_X1_5zoneonly_K100_N500_default_float64_lbfgs1000_maxiter20  probe_epochs=200  (epoch budget set after probe)
PDE collocation points: 1,250,000 (bulk 1,250,000, interface 0)
Collocation mesh plot (pre-train): C:\Ali Computation\pinn\code\heterogeneous\pino_heterogeneous\results\exp_X3_soap_K100_N500_5zoneonly_default_float64\pino_heterogeneous_collocation_points.png
SOAP iso-compute: twin=results/exp_X1_5zoneonly_K100_N500_default_float64_lbfgs1000_maxiter20  target_train_wall=13379.4s  probe_epochs=200
SOAP(lr=0.003, betas=(0.95, 0.95), weight_decay=0.01, precond_freq=100)  epoch_budget=200
SOAP early stopping: patience=150 steps (no total-loss improvement, rtol=1e-12)

SOAP:   0%|          | 0/200 [? > 00:00]
SOAP:   0%|          | 1/200 [04:02 > 00:01]
SOAP:   1%|          | 2/200 [02:39 > 00:01]
SOAP:   2%|▏         | 3/200 [01:43 > 00:01]
SOAP:   2%|▏         | 4/200 [01:41 > 00:02]
SOAP:   2%|▎         | 5/200 [01:40 > 00:02]
SOAP:   3%|▎         | 6/200 [01:39 > 00:03]
SOAP:   4%|▎         | 7/200 [01:39 > 00:03]
SOAP:   4%|▍         | 8/200 [01:38 > 00:04]
SOAP:   4%|▍         | 9/200 [01:38 > 00:04]
SOAP:   5%|▌         | 10/200 [01:37 > 00:05]
SOAP:   6%|▌         | 11/200 [01:36 > 00:06]
SOAP:   6%|▌         | 12/200 [01:36 > 00:06]
SOAP:   6%|▋         | 13/200 [01:34 > 00:07]
SOAP:   7%|▋         | 14/200 [01:35 > 00:07]
SOAP:   8%|▊         | 15/200 [01:34 > 00:08]
SOAP:   8%|▊         | 16/200 [01:34 > 00:08]
SOAP:   8%|▊         | 17/200 [01:33 > 00:09]
SOAP:   9%|▉         | 18/200 [01:33 > 00:09]
SOAP:  10%|▉         | 19/200 [01:32 > 00:10]
SOAP:  10%|█         | 20/200 [01:32 > 00:10]
SOAP:  10%|█         | 21/200 [01:31 > 00:11]
SOAP:  11%|█         | 22/200 [01:31 > 00:11]
SOAP:  12%|█▏        | 23/200 [01:30 > 00:12]
SOAP:  12%|█▏        | 24/200 [01:30 > 00:12]
SOAP:  12%|█▎        | 25/200 [01:29 > 00:13]
SOAP:  13%|█▎        | 26/200 [01:29 > 00:13]
SOAP:  14%|█▎        | 27/200 [01:28 > 00:14]
SOAP:  14%|█▍        | 28/200 [01:28 > 00:14]
SOAP:  14%|█▍        | 29/200 [01:27 > 00:15]
SOAP:  15%|█▌        | 30/200 [01:27 > 00:15]
SOAP:  16%|█▌        | 31/200 [01:26 > 00:16]
SOAP:  16%|█▌        | 32/200 [01:26 > 00:16]
SOAP:  16%|█▋        | 33/200 [01:26 > 00:17]
SOAP:  17%|█▋        | 34/200 [01:25 > 00:17]
SOAP:  18%|█▊        | 35/200 [01:24 > 00:18]
SOAP:  18%|█▊        | 36/200 [01:24 > 00:18]
SOAP:  18%|█▊        | 37/200 [01:23 > 00:19]
SOAP:  19%|█▉        | 38/200 [01:23 > 00:19]
SOAP:  20%|█▉        | 39/200 [01:22 > 00:20]
SOAP:  20%|██        | 40/200 [01:22 > 00:20]
SOAP:  20%|██        | 41/200 [01:21 > 00:21]
SOAP:  21%|██        | 42/200 [01:21 > 00:21]
SOAP:  22%|██▏       | 43/200 [01:20 > 00:22]
SOAP:  22%|██▏       | 44/200 [01:20 > 00:22]
SOAP:  22%|██▎       | 45/200 [01:19 > 00:23]
SOAP:  23%|██▎       | 46/200 [01:19 > 00:23]
SOAP:  24%|██▎       | 47/200 [01:18 > 00:24]
SOAP:  24%|██▍       | 48/200 [01:18 > 00:25]
SOAP:  24%|██▍       | 49/200 [01:17 > 00:25]
SOAP:  25%|██▌       | 50/200 [01:17 > 00:26]
SOAP:  26%|██▌       | 51/200 [01:16 > 00:26]
SOAP:  26%|██▌       | 52/200 [01:16 > 00:27]
SOAP:  26%|██▋       | 53/200 [01:15 > 00:27]
SOAP:  27%|██▋       | 54/200 [01:15 > 00:28]
SOAP:  28%|██▊       | 55/200 [01:14 > 00:28]
SOAP:  28%|██▊       | 56/200 [01:14 > 00:29]
SOAP:  28%|██▊       | 57/200 [01:13 > 00:29]
SOAP:  29%|██▉       | 58/200 [01:13 > 00:30]
SOAP:  30%|██▉       | 59/200 [01:12 > 00:30]
SOAP:  30%|███       | 60/200 [01:12 > 00:31]
SOAP:  30%|███       | 61/200 [01:11 > 00:31]
SOAP:  31%|███       | 62/200 [01:11 > 00:32]
SOAP:  32%|███▏      | 63/200 [01:10 > 00:32]
SOAP:  32%|███▏      | 64/200 [01:10 > 00:33]
SOAP:  32%|███▎      | 65/200 [01:09 > 00:33]
SOAP:  33%|███▎      | 66/200 [01:08 > 00:34]
SOAP:  34%|███▎      | 67/200 [01:08 > 00:34]
SOAP:  34%|███▍      | 68/200 [01:07 > 00:35]
SOAP:  34%|███▍      | 69/200 [01:07 > 00:35]
SOAP:  35%|███▌      | 70/200 [01:06 > 00:36]
SOAP:  36%|███▌      | 71/200 [01:06 > 00:36]
SOAP:  36%|███▌      | 72/200 [01:05 > 00:37]
SOAP:  36%|███▋      | 73/200 [01:05 > 00:37]
SOAP:  37%|███▋      | 74/200 [01:04 > 00:38]
SOAP:  38%|███▊      | 75/200 [01:04 > 00:38]
SOAP:  38%|███▊      | 76/200 [01:03 > 00:39]
SOAP:  38%|███▊      | 77/200 [01:03 > 00:39]
SOAP:  39%|███▉      | 78/200 [01:03 > 00:40]
SOAP:  40%|███▉      | 79/200 [01:02 > 00:40]
SOAP:  40%|████      | 80/200 [01:01 > 00:41]
SOAP:  40%|████      | 81/200 [01:01 > 00:42]
SOAP:  41%|████      | 82/200 [01:00 > 00:42]
SOAP:  42%|████▏     | 83/200 [01:00 > 00:43]
SOAP:  42%|████▏     | 84/200 [00:59 > 00:43]
SOAP:  42%|████▎     | 85/200 [00:59 > 00:44]
SOAP:  43%|████▎     | 86/200 [00:59 > 00:44]
SOAP:  44%|████▎     | 87/200 [00:58 > 00:45]
SOAP:  44%|████▍     | 88/200 [00:57 > 00:45]
SOAP:  44%|████▍     | 89/200 [00:57 > 00:46]
SOAP:  45%|████▌     | 90/200 [00:56 > 00:46]
SOAP:  46%|████▌     | 91/200 [00:56 > 00:47]
SOAP:  46%|████▌     | 92/200 [00:55 > 00:47]
SOAP:  46%|████▋     | 93/200 [00:55 > 00:48]
SOAP:  47%|████▋     | 94/200 [00:54 > 00:48]
SOAP:  48%|████▊     | 95/200 [00:54 > 00:49]
SOAP:  48%|████▊     | 96/200 [00:53 > 00:49]
SOAP:  48%|████▊     | 97/200 [00:53 > 00:50]
SOAP:  49%|████▉     | 98/200 [00:52 > 00:50]
SOAP:  50%|████▉     | 99/200 [00:52 > 00:51]
SOAP:  50%|█████     | 100/200 [00:51 > 00:51]
SOAP:  50%|█████     | 101/200 [01:02 > 00:52]
SOAP:  51%|█████     | 102/200 [00:48 > 00:52]
SOAP:  52%|█████▏    | 103/200 [00:48 > 00:53]
SOAP:  52%|█████▏    | 104/200 [00:48 > 00:53]
SOAP:  52%|█████▎    | 105/200 [00:48 > 00:54]
SOAP:  53%|█████▎    | 106/200 [00:48 > 00:54]
SOAP:  54%|█████▎    | 107/200 [00:47 > 00:55]
SOAP:  54%|█████▍    | 108/200 [00:47 > 00:56]
SOAP:  55%|█████▍    | 109/200 [00:46 > 00:56]
SOAP:  55%|█████▌    | 110/200 [00:46 > 00:57]
SOAP:  56%|█████▌    | 111/200 [00:46 > 00:57]
SOAP:  56%|█████▌    | 112/200 [00:45 > 00:58]
SOAP:  56%|█████▋    | 113/200 [00:44 > 00:58]
SOAP:  57%|█████▋    | 114/200 [00:44 > 00:59]
SOAP:  57%|█████▊    | 115/200 [00:43 > 00:59]
SOAP:  58%|█████▊    | 116/200 [00:43 > 01:00]
SOAP:  58%|█████▊    | 117/200 [00:42 > 01:00]
SOAP:  59%|█████▉    | 118/200 [00:42 > 01:01]
SOAP:  60%|█████▉    | 119/200 [00:41 > 01:01]
SOAP:  60%|██████    | 120/200 [00:41 > 01:02]
SOAP:  60%|██████    | 121/200 [00:40 > 01:02]
SOAP:  61%|██████    | 122/200 [00:40 > 01:03]
SOAP:  62%|██████▏   | 123/200 [00:39 > 01:03]
SOAP:  62%|██████▏   | 124/200 [00:39 > 01:04]
SOAP:  62%|██████▎   | 125/200 [00:38 > 01:04]
SOAP:  63%|██████▎   | 126/200 [00:38 > 01:05]
SOAP:  64%|██████▎   | 127/200 [00:37 > 01:05]
SOAP:  64%|██████▍   | 128/200 [00:37 > 01:06]
SOAP:  64%|██████▍   | 129/200 [00:36 > 01:06]
SOAP:  65%|██████▌   | 130/200 [00:36 > 01:07]
SOAP:  66%|██████▌   | 131/200 [00:35 > 01:07]
SOAP:  66%|██████▌   | 132/200 [00:35 > 01:08]
SOAP:  66%|██████▋   | 133/200 [00:34 > 01:08]
SOAP:  67%|██████▋   | 134/200 [00:34 > 01:09]
SOAP:  68%|██████▊   | 135/200 [00:33 > 01:09]
SOAP:  68%|██████▊   | 136/200 [00:33 > 01:10]
SOAP:  68%|██████▊   | 137/200 [00:32 > 01:11]
SOAP:  69%|██████▉   | 138/200 [00:32 > 01:11]
SOAP:  70%|██████▉   | 139/200 [00:31 > 01:12]
SOAP:  70%|███████   | 140/200 [00:31 > 01:12]
SOAP:  70%|███████   | 141/200 [00:30 > 01:13]
SOAP:  71%|███████   | 142/200 [00:29 > 01:13]
SOAP:  72%|███████▏  | 143/200 [00:29 > 01:14]
SOAP:  72%|███████▏  | 144/200 [00:28 > 01:14]
SOAP:  72%|███████▎  | 145/200 [00:28 > 01:15]
SOAP:  73%|███████▎  | 146/200 [00:27 > 01:15]
SOAP:  74%|███████▎  | 147/200 [00:27 > 01:16]
SOAP:  74%|███████▍  | 148/200 [00:26 > 01:16]
SOAP:  74%|███████▍  | 149/200 [00:26 > 01:17]
SOAP:  75%|███████▌  | 150/200 [00:25 > 01:17]
SOAP:  76%|███████▌  | 151/200 [00:25 > 01:18]
SOAP:  76%|███████▌  | 152/200 [00:24 > 01:18]
SOAP:  76%|███████▋  | 153/200 [00:24 > 01:19]
SOAP:  77%|███████▋  | 154/200 [00:23 > 01:19]
SOAP:  78%|███████▊  | 155/200 [00:23 > 01:20]
SOAP:  78%|███████▊  | 156/200 [00:22 > 01:20]
SOAP:  78%|███████▊  | 157/200 [00:22 > 01:21]
SOAP:  79%|███████▉  | 158/200 [00:21 > 01:21]
SOAP:  80%|███████▉  | 159/200 [00:21 > 01:22]
SOAP:  80%|████████  | 160/200 [00:20 > 01:22]
SOAP:  80%|████████  | 161/200 [00:20 > 01:23]
SOAP:  81%|████████  | 162/200 [00:19 > 01:23]
SOAP:  82%|████████▏ | 163/200 [00:19 > 01:24]
SOAP:  82%|████████▏ | 164/200 [00:18 > 01:24]
SOAP:  82%|████████▎ | 165/200 [00:18 > 01:25]
SOAP:  83%|████████▎ | 166/200 [00:17 > 01:25]
SOAP:  84%|████████▎ | 167/200 [00:17 > 01:26]
SOAP:  84%|████████▍ | 168/200 [00:16 > 01:27]
SOAP:  84%|████████▍ | 169/200 [00:16 > 01:27]
SOAP:  85%|████████▌ | 170/200 [00:15 > 01:28]
SOAP:  86%|████████▌ | 171/200 [00:15 > 01:28]
SOAP:  86%|████████▌ | 172/200 [00:14 > 01:29]
SOAP:  86%|████████▋ | 173/200 [00:13 > 01:29]
SOAP:  87%|████████▋ | 174/200 [00:13 > 01:30]
SOAP:  88%|████████▊ | 175/200 [00:12 > 01:30]
SOAP:  88%|████████▊ | 176/200 [00:12 > 01:31]
SOAP:  88%|████████▊ | 177/200 [00:11 > 01:31]
SOAP:  89%|████████▉ | 178/200 [00:11 > 01:32]
SOAP:  90%|████████▉ | 179/200 [00:10 > 01:32]
SOAP:  90%|█████████ | 180/200 [00:10 > 01:33]
SOAP:  90%|█████████ | 181/200 [00:09 > 01:33]
SOAP:  91%|█████████ | 182/200 [00:09 > 01:34]
SOAP:  92%|█████████▏| 183/200 [00:08 > 01:34]
SOAP:  92%|█████████▏| 184/200 [00:08 > 01:35]
SOAP:  92%|█████████▎| 185/200 [00:07 > 01:35]
SOAP:  93%|█████████▎| 186/200 [00:07 > 01:36]
SOAP:  94%|█████████▎| 187/200 [00:06 > 01:36]
SOAP:  94%|█████████▍| 188/200 [00:06 > 01:37]
SOAP:  94%|█████████▍| 189/200 [00:05 > 01:37]
SOAP:  95%|█████████▌| 190/200 [00:05 > 01:38]
SOAP:  96%|█████████▌| 191/200 [00:04 > 01:38]
SOAP:  96%|█████████▌| 192/200 [00:04 > 01:39]
SOAP:  96%|█████████▋| 193/200 [00:03 > 01:39]
SOAP:  97%|█████████▋| 194/200 [00:03 > 01:40]
SOAP:  98%|█████████▊| 195/200 [00:02 > 01:40]
SOAP:  98%|█████████▊| 196/200 [00:02 > 01:41]
SOAP:  98%|█████████▊| 197/200 [00:01 > 01:42]
SOAP:  99%|█████████▉| 198/200 [00:01 > 01:42]
SOAP: 100%|█████████▉| 199/200 [00:00 > 01:43]
SOAP:   1%|          | 199/25834 [3:41:01 > 01:43]
SOAP iso-compute calibration: 200 probe epochs in 103.6s (0.518s/epoch) -> budget 25834 epochs (~13379s twin train wall)

SOAP:   1%|          | 200/25834 [3:41:06 > 01:43]
SOAP:   1%|          | 201/25834 [3:42:59 > 01:44]
SOAP:   1%|          | 202/25834 [3:41:25 > 01:44]
SOAP:   1%|          | 203/25834 [3:41:16 > 01:45]
SOAP:   1%|          | 204/25834 [3:41:06 > 01:45]
SOAP:   1%|          | 205/25834 [3:41:01 > 01:46]
SOAP:   1%|          | 206/25834 [3:40:55 > 01:46]
SOAP:   1%|          | 207/25834 [3:40:52 > 01:47]
SOAP:   1%|          | 208/25834 [3:40:53 > 01:47]
SOAP:   1%|          | 209/25834 [3:39:03 > 01:48]
SOAP:   1%|          | 210/25834 [3:41:40 > 01:48]
SOAP:   1%|          | 211/25834 [3:41:53 > 01:49]
SOAP:   1%|          | 212/25834 [3:41:37 > 01:49]
SOAP:   1%|          | 213/25834 [3:41:40 > 01:50]
SOAP:   1%|          | 214/25834 [3:41:49 > 01:50]
SOAP:   1%|          | 215/25834 [3:41:53 > 01:51]
SOAP:   1%|          | 216/25834 [3:42:10 > 01:51]
SOAP:   1%|          | 217/25834 [3:42:56 > 01:52]
SOAP:   1%|          | 218/25834 [3:43:24 > 01:52]
SOAP:   1%|          | 219/25834 [3:43:40 > 01:53]
SOAP:   1%|          | 220/25834 [3:44:00 > 01:53]
SOAP:   1%|          | 221/25834 [3:44:03 > 01:54]
SOAP:   1%|          | 222/25834 [3:44:04 > 01:55]
SOAP:   1%|          | 223/25834 [3:43:44 > 01:55]
SOAP:   1%|          | 224/25834 [3:43:51 > 01:56]
SOAP:   1%|          | 225/25834 [3:43:58 > 01:56]
SOAP:   1%|          | 226/25834 [3:44:01 > 01:57]
SOAP:   1%|          | 227/25834 [3:44:15 > 01:57]
SOAP:   1%|          | 228/25834 [3:44:32 > 01:58]
SOAP:   1%|          | 229/25834 [3:44:24 > 01:58]
SOAP:   1%|          | 230/25834 [3:44:28 > 01:59]
SOAP:   1%|          | 231/25834 [3:44:26 > 01:59]
SOAP:   1%|          | 232/25834 [3:44:29 > 02:00]
SOAP:   1%|          | 233/25834 [3:44:36 > 02:00]
SOAP:   1%|          | 234/25834 [3:44:27 > 02:01]
SOAP:   1%|          | 235/25834 [3:44:24 > 02:01]
SOAP:   1%|          | 236/25834 [3:44:26 > 02:02]
SOAP:   1%|          | 237/25834 [3:44:25 > 02:02]
SOAP:   1%|          | 238/25834 [3:44:20 > 02:03]
SOAP:   1%|          | 239/25834 [3:44:25 > 02:03]
SOAP:   1%|          | 240/25834 [3:44:34 > 02:04]
SOAP:   1%|          | 241/25834 [3:44:17 > 02:05]
SOAP:   1%|          | 242/25834 [3:44:19 > 02:05]
SOAP:   1%|          | 243/25834 [3:44:15 > 02:06]
SOAP:   1%|          | 244/25834 [3:44:14 > 02:06]
SOAP:   1%|          | 245/25834 [3:44:12 > 02:07]
SOAP:   1%|          | 246/25834 [3:44:19 > 02:07]
SOAP:   1%|          | 247/25834 [3:44:32 > 02:08]
SOAP:   1%|          | 248/25834 [3:44:24 > 02:08]
SOAP:   1%|          | 249/25834 [3:44:18 > 02:09]
SOAP:   1%|          | 250/25834 [3:44:12 > 02:09]
SOAP:   1%|          | 251/25834 [3:44:19 > 02:10]
SOAP:   1%|          | 252/25834 [3:44:19 > 02:10]
SOAP:   1%|          | 253/25834 [3:44:18 > 02:11]
SOAP:   1%|          | 254/25834 [3:44:21 > 02:11]
SOAP:   1%|          | 255/25834 [3:44:17 > 02:12]
SOAP:   1%|          | 256/25834 [3:44:16 > 02:12]
SOAP:   1%|          | 257/25834 [3:44:13 > 02:13]
SOAP:   1%|          | 258/25834 [3:44:06 > 02:13]
SOAP:   1%|          | 259/25834 [3:44:14 > 02:14]
SOAP:   1%|          | 260/25834 [3:44:17 > 02:15]
SOAP:   1%|          | 261/25834 [3:44:22 > 02:15]
SOAP:   1%|          | 262/25834 [3:44:08 > 02:16]
SOAP:   1%|          | 263/25834 [3:44:10 > 02:16]
SOAP:   1%|          | 264/25834 [3:44:01 > 02:17]
SOAP:   1%|          | 265/25834 [3:44:00 > 02:17]
SOAP:   1%|          | 266/25834 [3:43:56 > 02:18]
SOAP:   1%|          | 267/25834 [3:42:38 > 02:18]
SOAP:   1%|          | 268/25834 [3:43:55 > 02:19]
SOAP:   1%|          | 269/25834 [3:43:57 > 02:19]
SOAP:   1%|          | 270/25834 [3:43:58 > 02:20]
SOAP:   1%|          | 271/25834 [3:44:03 > 02:20]
SOAP:   1%|          | 272/25834 [3:44:05 > 02:21]
SOAP:   1%|          | 273/25834 [3:44:05 > 02:21]
SOAP:   1%|          | 274/25834 [3:44:03 > 02:22]
SOAP:   1%|          | 275/25834 [3:44:15 > 02:22]
SOAP:   1%|          | 276/25834 [3:44:10 > 02:23]
SOAP:   1%|          | 277/25834 [3:44:02 > 02:23]
SOAP:   1%|          | 278/25834 [3:43:56 > 02:24]
SOAP:   1%|          | 279/25834 [3:44:02 > 02:25]
SOAP:   1%|          | 280/25834 [3:44:04 > 02:25]
SOAP:   1%|          | 281/25834 [3:44:01 > 02:26]
SOAP:   1%|          | 282/25834 [3:44:04 > 02:26]
SOAP:   1%|          | 283/25834 [3:44:14 > 02:27]
SOAP:   1%|          | 284/25834 [3:44:01 > 02:27]
SOAP:   1%|          | 285/25834 [3:43:50 > 02:28]
SOAP:   1%|          | 286/25834 [3:42:20 > 02:28]
SOAP:   1%|          | 287/25834 [3:43:26 > 02:29]
SOAP:   1%|          | 288/25834 [3:42:51 > 02:29]
SOAP:   1%|          | 289/25834 [3:42:49 > 02:30]
SOAP:   1%|          | 290/25834 [3:43:10 > 02:30]
SOAP:   1%|          | 291/25834 [3:43:26 > 02:31]
SOAP:   1%|          | 292/25834 [3:43:30 > 02:31]
SOAP:   1%|          | 293/25834 [3:43:44 > 02:32]
SOAP:   1%|          | 294/25834 [3:43:47 > 02:32]
SOAP:   1%|          | 295/25834 [3:43:52 > 02:33]
SOAP:   1%|          | 296/25834 [3:43:49 > 02:33]
SOAP:   1%|          | 297/25834 [3:43:52 > 02:34]
SOAP:   1%|          | 298/25834 [3:43:50 > 02:34]
SOAP:   1%|          | 299/25834 [3:43:56 > 02:35]
SOAP:   1%|          | 300/25834 [3:44:03 > 02:36]
SOAP:   1%|          | 301/25834 [3:45:19 > 02:36]
SOAP:   1%|          | 302/25834 [3:44:40 > 02:37]
SOAP:   1%|          | 303/25834 [3:44:38 > 02:37]
SOAP:   1%|          | 304/25834 [3:44:14 > 02:38]
SOAP:   1%|          | 305/25834 [3:44:02 > 02:38]
SOAP:   1%|          | 306/25834 [3:43:53 > 02:39]
SOAP:   1%|          | 307/25834 [3:43:47 > 02:39]
SOAP:   1%|          | 308/25834 [3:43:47 > 02:40]
SOAP:   1%|          | 309/25834 [3:43:44 > 02:40]
SOAP:   1%|          | 310/25834 [3:44:43 > 02:41]
SOAP:   1%|          | 311/25834 [3:43:31 > 02:41]
SOAP:   1%|          | 312/25834 [3:43:37 > 02:42]
SOAP:   1%|          | 313/25834 [3:43:37 > 02:42]
SOAP:   1%|          | 314/25834 [3:43:44 > 02:43]
SOAP:   1%|          | 315/25834 [3:43:44 > 02:43]
SOAP:   1%|          | 316/25834 [3:43:37 > 02:44]
SOAP:   1%|          | 317/25834 [3:43:38 > 02:44]
SOAP:   1%|          | 318/25834 [3:43:40 > 02:45]
SOAP:   1%|          | 319/25834 [3:43:43 > 02:46]
SOAP:   1%|          | 320/25834 [3:43:56 > 02:46]
SOAP:   1%|          | 321/25834 [3:43:50 > 02:47]
SOAP:   1%|          | 322/25834 [3:43:52 > 02:47]
SOAP:   1%|▏         | 323/25834 [3:41:52 > 02:48]
SOAP:   1%|▏         | 324/25834 [3:43:32 > 02:48]
SOAP:   1%|▏         | 325/25834 [3:43:34 > 02:49]
SOAP:   1%|▏         | 326/25834 [3:43:45 > 02:49]
SOAP:   1%|▏         | 327/25834 [3:43:43 > 02:50]
SOAP:   1%|▏         | 328/25834 [3:43:38 > 02:50]
SOAP:   1%|▏         | 329/25834 [3:43:29 > 02:51]
SOAP:   1%|▏         | 330/25834 [3:43:26 > 02:51]
SOAP:   1%|▏         | 331/25834 [3:43:30 > 02:52]
SOAP:   1%|▏         | 332/25834 [3:43:25 > 02:52]
SOAP:   1%|▏         | 333/25834 [3:43:26 > 02:53]
SOAP:   1%|▏         | 334/25834 [3:43:22 > 02:53]
SOAP:   1%|▏         | 335/25834 [3:43:44 > 02:54]
SOAP:   1%|▏         | 336/25834 [3:43:37 > 02:54]
SOAP:   1%|▏         | 337/25834 [3:43:43 > 02:55]
SOAP:   1%|▏         | 338/25834 [3:43:36 > 02:56]
SOAP:   1%|▏         | 339/25834 [3:43:37 > 02:56]
SOAP:   1%|▏         | 340/25834 [3:43:21 > 02:57]
SOAP:   1%|▏         | 341/25834 [3:42:56 > 02:57]
SOAP:   1%|▏         | 342/25834 [3:43:00 > 02:58]
SOAP:   1%|▏         | 343/25834 [3:43:13 > 02:58]
SOAP:   1%|▏         | 344/25834 [3:41:58 > 02:59]
SOAP:   1%|▏         | 345/25834 [3:41:51 > 02:59]
SOAP:   1%|▏         | 346/25834 [3:42:56 > 03:00]
SOAP:   1%|▏         | 347/25834 [3:43:16 > 03:00]
SOAP:   1%|▏         | 348/25834 [3:43:18 > 03:01]
SOAP:   1%|▏         | 349/25834 [3:43:12 > 03:01]
SOAP:   1%|▏         | 350/25834 [3:43:09 > 03:02]
SOAP:   1%|▏         | 351/25834 [3:43:12 > 03:02]
SOAP:   1%|▏         | 352/25834 [3:43:14 > 03:03]
SOAP:   1%|▏         | 353/25834 [3:43:13 > 03:03]
SOAP:   1%|▏         | 354/25834 [3:43:16 > 03:04]
SOAP:   1%|▏         | 355/25834 [3:43:21 > 03:04]
SOAP:   1%|▏         | 356/25834 [3:43:23 > 03:05]
SOAP:   1%|▏         | 357/25834 [3:43:24 > 03:06]
SOAP:   1%|▏         | 358/25834 [3:43:34 > 03:06]
SOAP:   1%|▏         | 359/25834 [3:43:31 > 03:07]
SOAP:   1%|▏         | 360/25834 [3:43:19 > 03:07]
SOAP:   1%|▏         | 361/25834 [3:43:17 > 03:08]
SOAP:   1%|▏         | 362/25834 [3:43:20 > 03:08]
SOAP:   1%|▏         | 363/25834 [3:41:22 > 03:09]
SOAP:   1%|▏         | 364/25834 [3:43:21 > 03:09]
SOAP:   1%|▏         | 365/25834 [3:43:28 > 03:10]
SOAP:   1%|▏         | 366/25834 [3:43:23 > 03:10]
SOAP:   1%|▏         | 367/25834 [3:43:39 > 03:11]
SOAP:   1%|▏         | 368/25834 [3:43:24 > 03:11]
SOAP:   1%|▏         | 369/25834 [3:43:22 > 03:12]
SOAP:   1%|▏         | 370/25834 [3:43:19 > 03:12]
SOAP:   1%|▏         | 371/25834 [3:43:22 > 03:13]
SOAP:   1%|▏         | 372/25834 [3:43:13 > 03:13]
SOAP:   1%|▏         | 373/25834 [3:43:06 > 03:14]
SOAP:   1%|▏         | 374/25834 [3:43:08 > 03:14]
SOAP:   1%|▏         | 375/25834 [3:43:11 > 03:15]
SOAP:   1%|▏         | 376/25834 [3:43:05 > 03:16]
SOAP:   1%|▏         | 377/25834 [3:43:10 > 03:16]
SOAP:   1%|▏         | 378/25834 [3:43:12 > 03:17]
SOAP:   1%|▏         | 379/25834 [3:43:19 > 03:17]
SOAP:   1%|▏         | 380/25834 [3:43:23 > 03:18]
SOAP:   1%|▏         | 381/25834 [3:43:22 > 03:18]
SOAP:   1%|▏         | 382/25834 [3:43:15 > 03:19]
SOAP:   1%|▏         | 383/25834 [3:43:13 > 03:19]
SOAP:   1%|▏         | 384/25834 [3:43:16 > 03:20]
SOAP:   1%|▏         | 385/25834 [3:43:17 > 03:20]
SOAP:   1%|▏         | 386/25834 [3:43:24 > 03:21]
SOAP:   1%|▏         | 387/25834 [3:43:25 > 03:21]
SOAP:   2%|▏         | 388/25834 [3:43:19 > 03:22]
SOAP:   2%|▏         | 389/25834 [3:43:14 > 03:22]
SOAP:   2%|▏         | 390/25834 [3:43:13 > 03:23]
SOAP:   2%|▏         | 391/25834 [3:43:09 > 03:23]
SOAP:   2%|▏         | 392/25834 [3:43:04 > 03:24]
SOAP:   2%|▏         | 393/25834 [3:43:07 > 03:24]
SOAP:   2%|▏         | 394/25834 [3:43:07 > 03:25]
SOAP:   2%|▏         | 395/25834 [3:43:01 > 03:26]
SOAP:   2%|▏         | 396/25834 [3:43:00 > 03:26]
SOAP:   2%|▏         | 397/25834 [3:43:03 > 03:27]
SOAP:   2%|▏         | 398/25834 [3:43:18 > 03:27]
SOAP:   2%|▏         | 399/25834 [3:43:16 > 03:28]
SOAP:   2%|▏         | 400/25834 [3:43:08 > 03:28]
SOAP:   2%|▏         | 401/25834 [3:44:09 > 03:29]
SOAP:   2%|▏         | 402/25834 [3:44:00 > 03:29]
SOAP:   2%|▏         | 403/25834 [3:43:50 > 03:30]
SOAP:   2%|▏         | 404/25834 [3:43:45 > 03:30]
SOAP:   2%|▏         | 405/25834 [3:43:33 > 03:31]
SOAP:   2%|▏         | 406/25834 [3:43:12 > 03:31]
SOAP:   2%|▏         | 407/25834 [3:43:15 > 03:32]
SOAP:   2%|▏         | 408/25834 [3:43:08 > 03:32]
SOAP:   2%|▏         | 409/25834 [3:43:18 > 03:33]
SOAP:   2%|▏         | 410/25834 [3:43:08 > 03:33]
SOAP:   2%|▏         | 411/25834 [3:43:04 > 03:34]
SOAP:   2%|▏         | 412/25834 [3:43:00 > 03:34]
SOAP:   2%|▏         | 413/25834 [3:43:03 > 03:35]
SOAP:   2%|▏         | 414/25834 [3:42:53 > 03:36]
SOAP:   2%|▏         | 415/25834 [3:43:03 > 03:36]
SOAP:   2%|▏         | 416/25834 [3:42:54 > 03:37]
SOAP:   2%|▏         | 417/25834 [3:42:51 > 03:37]
SOAP:   2%|▏         | 418/25834 [3:42:50 > 03:38]
SOAP:   2%|▏         | 419/25834 [3:43:01 > 03:38]
SOAP:   2%|▏         | 420/25834 [3:43:05 > 03:39]
SOAP:   2%|▏         | 421/25834 [3:41:48 > 03:39]
SOAP:   2%|▏         | 422/25834 [3:42:38 > 03:40]
SOAP:   2%|▏         | 423/25834 [3:42:56 > 03:40]
SOAP:   2%|▏         | 424/25834 [3:42:49 > 03:41]
SOAP:   2%|▏         | 425/25834 [3:42:51 > 03:41]
SOAP:   2%|▏         | 426/25834 [3:42:57 > 03:42]
SOAP:   2%|▏         | 427/25834 [3:43:01 > 03:42]
SOAP:   2%|▏         | 428/25834 [3:43:03 > 03:43]
SOAP:   2%|▏         | 429/25834 [3:42:54 > 03:43]
SOAP:   2%|▏         | 430/25834 [3:42:57 > 03:44]
SOAP:   2%|▏         | 431/25834 [3:43:16 > 03:44]
SOAP:   2%|▏         | 432/25834 [3:43:01 > 03:45]
SOAP:   2%|▏         | 433/25834 [3:42:57 > 03:46]
SOAP:   2%|▏         | 434/25834 [3:42:58 > 03:46]
SOAP:   2%|▏         | 435/25834 [3:43:04 > 03:47]
SOAP:   2%|▏         | 436/25834 [3:42:47 > 03:47]
SOAP:   2%|▏         | 437/25834 [3:42:41 > 03:48]
SOAP:   2%|▏         | 438/25834 [3:42:41 > 03:48]
SOAP:   2%|▏         | 439/25834 [3:43:07 > 03:49]
SOAP:   2%|▏         | 440/25834 [3:41:15 > 03:49]
SOAP:   2%|▏         | 441/25834 [3:42:25 > 03:50]
SOAP:   2%|▏         | 442/25834 [3:41:56 > 03:50]
SOAP:   2%|▏         | 443/25834 [3:42:17 > 03:51]
SOAP:   2%|▏         | 444/25834 [3:42:32 > 03:51]
SOAP:   2%|▏         | 445/25834 [3:42:34 > 03:52]
SOAP:   2%|▏         | 446/25834 [3:42:27 > 03:52]
SOAP:   2%|▏         | 447/25834 [3:42:34 > 03:53]
SOAP:   2%|▏         | 448/25834 [3:42:33 > 03:53]
SOAP:   2%|▏         | 449/25834 [3:42:49 > 03:54]
SOAP:   2%|▏         | 450/25834 [3:42:39 > 03:54]
SOAP:   2%|▏         | 451/25834 [3:42:41 > 03:55]
SOAP:   2%|▏         | 452/25834 [3:42:40 > 03:56]
SOAP:   2%|▏         | 453/25834 [3:42:49 > 03:56]
SOAP:   2%|▏         | 454/25834 [3:42:38 > 03:57]
SOAP:   2%|▏         | 455/25834 [3:42:40 > 03:57]
SOAP:   2%|▏         | 456/25834 [3:42:39 > 03:58]
SOAP:   2%|▏         | 457/25834 [3:42:43 > 03:58]
SOAP:   2%|▏         | 458/25834 [3:42:39 > 03:59]
SOAP:   2%|▏         | 459/25834 [3:42:35 > 03:59]
SOAP:   2%|▏         | 460/25834 [3:42:25 > 04:00]
SOAP:   2%|▏         | 461/25834 [3:41:56 > 04:00]
SOAP:   2%|▏         | 462/25834 [3:42:02 > 04:01]
SOAP:   2%|▏         | 463/25834 [3:42:14 > 04:01]
SOAP:   2%|▏         | 464/25834 [3:42:24 > 04:02]
SOAP:   2%|▏         | 465/25834 [3:42:34 > 04:02]
SOAP:   2%|▏         | 466/25834 [3:42:30 > 04:03]
SOAP:   2%|▏         | 467/25834 [3:42:32 > 04:03]
SOAP:   2%|▏         | 468/25834 [3:42:27 > 04:04]
SOAP:   2%|▏         | 469/25834 [3:42:36 > 04:04]
SOAP:   2%|▏         | 470/25834 [3:42:30 > 04:05]
SOAP:   2%|▏         | 471/25834 [3:42:29 > 04:06]
SOAP:   2%|▏         | 472/25834 [3:42:45 > 04:06]
SOAP:   2%|▏         | 473/25834 [3:42:40 > 04:07]
SOAP:   2%|▏         | 474/25834 [3:42:34 > 04:07]
SOAP:   2%|▏         | 475/25834 [3:42:34 > 04:08]
SOAP:   2%|▏         | 476/25834 [3:42:07 > 04:08]
SOAP:   2%|▏         | 477/25834 [3:42:08 > 04:09]
SOAP:   2%|▏         | 478/25834 [3:42:05 > 04:09]
SOAP:   2%|▏         | 479/25834 [3:42:19 > 04:10]
SOAP:   2%|▏         | 480/25834 [3:42:21 > 04:10]
SOAP:   2%|▏         | 481/25834 [3:42:13 > 04:11]
SOAP:   2%|▏         | 482/25834 [3:41:27 > 04:11]
SOAP:   2%|▏         | 483/25834 [3:41:01 > 04:12]
SOAP:   2%|▏         | 484/25834 [3:40:44 > 04:12]
SOAP:   2%|▏         | 485/25834 [3:40:32 > 04:13]
SOAP:   2%|▏         | 486/25834 [3:40:14 > 04:13]
SOAP:   2%|▏         | 487/25834 [3:40:00 > 04:14]
SOAP:   2%|▏         | 488/25834 [3:40:02 > 04:14]
SOAP:   2%|▏         | 489/25834 [3:39:51 > 04:15]
SOAP:   2%|▏         | 490/25834 [3:40:04 > 04:15]
SOAP:   2%|▏         | 491/25834 [3:40:04 > 04:16]
SOAP:   2%|▏         | 492/25834 [3:40:05 > 04:17]
SOAP:   2%|▏         | 493/25834 [3:40:03 > 04:17]
SOAP:   2%|▏         | 494/25834 [3:39:57 > 04:18]
SOAP:   2%|▏         | 495/25834 [3:40:00 > 04:18]
SOAP:   2%|▏         | 496/25834 [3:39:49 > 04:19]
SOAP:   2%|▏         | 497/25834 [3:39:44 > 04:19]
SOAP:   2%|▏         | 498/25834 [3:38:01 > 04:20]
SOAP:   2%|▏         | 499/25834 [3:40:16 > 04:20]
SOAP:   2%|▏         | 500/25834 [3:40:10 > 04:21]
SOAP:   2%|▏         | 501/25834 [3:42:14 > 04:21]
SOAP:   2%|▏         | 502/25834 [3:40:24 > 04:22]
SOAP:   2%|▏         | 503/25834 [3:40:16 > 04:22]
SOAP:   2%|▏         | 504/25834 [3:40:04 > 04:23]
SOAP:   2%|▏         | 505/25834 [3:39:55 > 04:23]
SOAP:   2%|▏         | 506/25834 [3:39:57 > 04:24]
SOAP:   2%|▏         | 507/25834 [3:40:12 > 04:24]
SOAP:   2%|▏         | 508/25834 [3:40:40 > 04:25]
SOAP:   2%|▏         | 509/25834 [3:40:19 > 04:25]
SOAP:   2%|▏         | 510/25834 [3:40:03 > 04:26]
SOAP:   2%|▏         | 511/25834 [3:39:59 > 04:26]
SOAP:   2%|▏         | 512/25834 [3:39:58 > 04:27]
SOAP:   2%|▏         | 513/25834 [3:39:48 > 04:27]
SOAP:   2%|▏         | 514/25834 [3:39:46 > 04:28]
SOAP:   2%|▏         | 515/25834 [3:39:36 > 04:28]
SOAP:   2%|▏         | 516/25834 [3:39:35 > 04:29]
SOAP:   2%|▏         | 517/25834 [3:39:40 > 04:30]
SOAP:   2%|▏         | 518/25834 [3:39:38 > 04:30]
SOAP:   2%|▏         | 519/25834 [3:39:39 > 04:31]
SOAP:   2%|▏         | 520/25834 [3:39:44 > 04:31]
SOAP:   2%|▏         | 521/25834 [3:39:32 > 04:32]
SOAP:   2%|▏         | 522/25834 [3:39:40 > 04:32]
SOAP:   2%|▏         | 523/25834 [3:39:38 > 04:33]
SOAP:   2%|▏         | 524/25834 [3:39:36 > 04:33]
SOAP:   2%|▏         | 525/25834 [3:39:33 > 04:34]
SOAP:   2%|▏         | 526/25834 [3:39:30 > 04:34]
SOAP:   2%|▏         | 527/25834 [3:39:38 > 04:35]
SOAP:   2%|▏         | 528/25834 [3:39:41 > 04:35]
SOAP:   2%|▏         | 529/25834 [3:39:31 > 04:36]
SOAP:   2%|▏         | 530/25834 [3:39:42 > 04:36]
SOAP:   2%|▏         | 531/25834 [3:39:38 > 04:37]
SOAP:   2%|▏         | 532/25834 [3:39:30 > 04:37]
SOAP:   2%|▏         | 533/25834 [3:39:23 > 04:38]
SOAP:   2%|▏         | 534/25834 [3:39:28 > 04:38]
SOAP:   2%|▏         | 535/25834 [3:39:28 > 04:39]
SOAP:   2%|▏         | 536/25834 [3:39:33 > 04:39]
SOAP:   2%|▏         | 537/25834 [3:38:39 > 04:40]
SOAP:   2%|▏         | 538/25834 [3:40:04 > 04:40]
SOAP:   2%|▏         | 539/25834 [3:39:03 > 04:41]
SOAP:   2%|▏         | 540/25834 [3:39:59 > 04:42]
SOAP:   2%|▏         | 541/25834 [3:39:45 > 04:42]
SOAP:   2%|▏         | 542/25834 [3:39:35 > 04:43]
SOAP:   2%|▏         | 543/25834 [3:39:33 > 04:43]
SOAP:   2%|▏         | 544/25834 [3:39:36 > 04:44]
SOAP:   2%|▏         | 545/25834 [3:39:31 > 04:44]
SOAP:   2%|▏         | 546/25834 [3:39:35 > 04:45]
SOAP:   2%|▏         | 547/25834 [3:39:39 > 04:45]
SOAP:   2%|▏         | 548/25834 [3:39:34 > 04:46]
SOAP:   2%|▏         | 549/25834 [3:39:11 > 04:46]
SOAP:   2%|▏         | 550/25834 [3:39:10 > 04:47]
SOAP:   2%|▏         | 551/25834 [3:39:15 > 04:47]
SOAP:   2%|▏         | 552/25834 [3:39:25 > 04:48]
SOAP:   2%|▏         | 553/25834 [3:39:21 > 04:48]
SOAP:   2%|▏         | 554/25834 [3:39:25 > 04:49]
SOAP:   2%|▏         | 555/25834 [3:39:23 > 04:49]
SOAP:   2%|▏         | 556/25834 [3:39:31 > 04:50]
SOAP:   2%|▏         | 557/25834 [3:39:29 > 04:50]
SOAP:   2%|▏         | 558/25834 [3:39:28 > 04:51]
SOAP:   2%|▏         | 559/25834 [3:39:27 > 04:51]
SOAP:   2%|▏         | 560/25834 [3:39:30 > 04:52]
SOAP:   2%|▏         | 561/25834 [3:39:25 > 04:52]
SOAP:   2%|▏         | 562/25834 [3:39:26 > 04:53]
SOAP:   2%|▏         | 563/25834 [3:39:28 > 04:53]
SOAP:   2%|▏         | 564/25834 [3:39:23 > 04:54]
SOAP:   2%|▏         | 565/25834 [3:39:21 > 04:55]
SOAP:   2%|▏         | 566/25834 [3:39:25 > 04:55]
SOAP:   2%|▏         | 567/25834 [3:39:10 > 04:56]
SOAP:   2%|▏         | 568/25834 [3:39:32 > 04:56]
SOAP:   2%|▏         | 569/25834 [3:39:59 > 04:57]
SOAP:   2%|▏         | 570/25834 [3:39:46 > 04:57]
SOAP:   2%|▏         | 571/25834 [3:39:46 > 04:58]
SOAP:   2%|▏         | 572/25834 [3:39:37 > 04:58]
SOAP:   2%|▏         | 573/25834 [3:39:27 > 04:59]
SOAP:   2%|▏         | 574/25834 [3:38:17 > 04:59]
SOAP:   2%|▏         | 575/25834 [3:38:10 > 05:00]
SOAP:   2%|▏         | 576/25834 [3:40:10 > 05:00]
SOAP:   2%|▏         | 577/25834 [3:39:52 > 05:01]
SOAP:   2%|▏         | 578/25834 [3:39:36 > 05:01]
SOAP:   2%|▏         | 579/25834 [3:39:31 > 05:02]
SOAP:   2%|▏         | 580/25834 [3:39:28 > 05:02]
SOAP:   2%|▏         | 581/25834 [3:39:17 > 05:03]
SOAP:   2%|▏         | 582/25834 [3:39:13 > 05:03]
SOAP:   2%|▏         | 583/25834 [3:39:15 > 05:04]
SOAP:   2%|▏         | 584/25834 [3:39:14 > 05:04]
SOAP:   2%|▏         | 585/25834 [3:39:11 > 05:05]
SOAP:   2%|▏         | 586/25834 [3:39:09 > 05:05]
SOAP:   2%|▏         | 587/25834 [3:39:11 > 05:06]
SOAP:   2%|▏         | 588/25834 [3:38:46 > 05:07]
SOAP:   2%|▏         | 589/25834 [3:39:10 > 05:07]
SOAP:   2%|▏         | 590/25834 [3:39:12 > 05:08]
SOAP:   2%|▏         | 591/25834 [3:39:12 > 05:08]
SOAP:   2%|▏         | 592/25834 [3:39:08 > 05:09]
SOAP:   2%|▏         | 593/25834 [3:39:13 > 05:09]
SOAP:   2%|▏         | 594/25834 [3:39:11 > 05:10]
SOAP:   2%|▏         | 595/25834 [3:37:35 > 05:10]
SOAP:   2%|▏         | 596/25834 [3:39:40 > 05:11]
SOAP:   2%|▏         | 597/25834 [3:39:31 > 05:11]
SOAP:   2%|▏         | 598/25834 [3:39:16 > 05:12]
SOAP:   2%|▏         | 599/25834 [3:39:12 > 05:12]
SOAP:   2%|▏         | 600/25834 [3:39:13 > 05:13]
SOAP:   2%|▏         | 601/25834 [3:41:17 > 05:13]
SOAP:   2%|▏         | 602/25834 [3:39:41 > 05:14]
SOAP:   2%|▏         | 603/25834 [3:39:27 > 05:14]
SOAP:   2%|▏         | 604/25834 [3:37:36 > 05:15]
SOAP:   2%|▏         | 605/25834 [3:39:33 > 05:15]
SOAP:   2%|▏         | 606/25834 [3:39:26 > 05:16]
SOAP:   2%|▏         | 607/25834 [3:39:19 > 05:16]
SOAP:   2%|▏         | 608/25834 [3:39:15 > 05:17]
SOAP:   2%|▏         | 609/25834 [3:38:43 > 05:17]
SOAP:   2%|▏         | 610/25834 [3:37:34 > 05:18]
SOAP:   2%|▏         | 611/25834 [3:39:13 > 05:19]
SOAP:   2%|▏         | 612/25834 [3:39:11 > 05:19]
SOAP:   2%|▏         | 613/25834 [3:37:17 > 05:20]
SOAP:   2%|▏         | 614/25834 [3:39:35 > 05:20]
SOAP:   2%|▏         | 615/25834 [3:39:17 > 05:21]
SOAP:   2%|▏         | 616/25834 [3:39:14 > 05:21]
SOAP:   2%|▏         | 617/25834 [3:39:07 > 05:22]
SOAP:   2%|▏         | 618/25834 [3:39:01 > 05:22]
SOAP:   2%|▏         | 619/25834 [3:38:55 > 05:23]
SOAP:   2%|▏         | 620/25834 [3:38:49 > 05:23]
SOAP:   2%|▏         | 621/25834 [3:38:45 > 05:24]
SOAP:   2%|▏         | 622/25834 [3:38:40 > 05:24]
SOAP:   2%|▏         | 623/25834 [3:38:35 > 05:25]
SOAP:   2%|▏         | 624/25834 [3:38:50 > 05:25]
SOAP:   2%|▏         | 625/25834 [3:39:04 > 05:26]
SOAP:   2%|▏         | 626/25834 [3:38:53 > 05:26]
SOAP:   2%|▏         | 627/25834 [3:38:50 > 05:27]
SOAP:   2%|▏         | 628/25834 [3:38:57 > 05:27]
SOAP:   2%|▏         | 629/25834 [3:39:09 > 05:28]
SOAP:   2%|▏         | 630/25834 [3:38:53 > 05:28]
SOAP:   2%|▏         | 631/25834 [3:38:53 > 05:29]
SOAP:   2%|▏         | 632/25834 [3:38:49 > 05:29]
SOAP:   2%|▏         | 633/25834 [3:38:51 > 05:30]
SOAP:   2%|▏         | 634/25834 [3:37:03 > 05:30]
SOAP:   2%|▏         | 635/25834 [3:39:18 > 05:31]
SOAP:   2%|▏         | 636/25834 [3:39:06 > 05:32]
SOAP:   2%|▏         | 637/25834 [3:38:59 > 05:32]
SOAP:   2%|▏         | 638/25834 [3:38:43 > 05:33]
SOAP:   2%|▏         | 639/25834 [3:38:41 > 05:33]
SOAP:   2%|▏         | 640/25834 [3:38:37 > 05:34]
SOAP:   2%|▏         | 641/25834 [3:38:41 > 05:34]
SOAP:   2%|▏         | 642/25834 [3:38:51 > 05:35]
SOAP:   2%|▏         | 643/25834 [3:38:50 > 05:35]
SOAP:   2%|▏         | 644/25834 [3:38:41 > 05:36]
SOAP:   2%|▏         | 645/25834 [3:38:44 > 05:36]
SOAP:   3%|▎         | 646/25834 [3:38:35 > 05:37]
SOAP:   3%|▎         | 647/25834 [3:39:02 > 05:37]
SOAP:   3%|▎         | 648/25834 [3:39:23 > 05:38]
SOAP:   3%|▎         | 649/25834 [3:39:10 > 05:38]
SOAP:   3%|▎         | 650/25834 [3:37:08 > 05:39]
SOAP:   3%|▎         | 651/25834 [3:39:16 > 05:39]
SOAP:   3%|▎         | 652/25834 [3:39:07 > 05:40]
SOAP:   3%|▎         | 653/25834 [3:38:57 > 05:40]
SOAP:   3%|▎         | 654/25834 [3:38:48 > 05:41]
SOAP:   3%|▎         | 655/25834 [3:38:43 > 05:41]
SOAP:   3%|▎         | 656/25834 [3:38:42 > 05:42]
SOAP:   3%|▎         | 657/25834 [3:38:37 > 05:42]
SOAP:   3%|▎         | 658/25834 [3:38:29 > 05:43]
SOAP:   3%|▎         | 659/25834 [3:38:32 > 05:44]
SOAP:   3%|▎         | 660/25834 [3:38:27 > 05:44]
SOAP:   3%|▎         | 661/25834 [3:38:33 > 05:45]
SOAP:   3%|▎         | 662/25834 [3:38:33 > 05:45]
SOAP:   3%|▎         | 663/25834 [3:38:25 > 05:46]
SOAP:   3%|▎         | 664/25834 [3:38:30 > 05:46]
SOAP:   3%|▎         | 665/25834 [3:38:28 > 05:47]
SOAP:   3%|▎         | 666/25834 [3:38:24 > 05:47]
SOAP:   3%|▎         | 667/25834 [3:38:34 > 05:48]
SOAP:   3%|▎         | 668/25834 [3:38:20 > 05:48]
SOAP:   3%|▎         | 669/25834 [3:38:26 > 05:49]
SOAP:   3%|▎         | 670/25834 [3:38:26 > 05:49]
SOAP:   3%|▎         | 671/25834 [3:38:05 > 05:50]
SOAP:   3%|▎         | 672/25834 [3:38:29 > 05:50]
SOAP:   3%|▎         | 673/25834 [3:38:16 > 05:51]
SOAP:   3%|▎         | 674/25834 [3:38:22 > 05:51]
SOAP:   3%|▎         | 675/25834 [3:38:20 > 05:52]
SOAP:   3%|▎         | 676/25834 [3:38:33 > 05:52]
SOAP:   3%|▎         | 677/25834 [3:38:55 > 05:53]
SOAP:   3%|▎         | 678/25834 [3:38:55 > 05:53]
SOAP:   3%|▎         | 679/25834 [3:38:41 > 05:54]
SOAP:   3%|▎         | 680/25834 [3:38:29 > 05:54]
SOAP:   3%|▎         | 681/25834 [3:38:17 > 05:55]
SOAP:   3%|▎         | 682/25834 [3:38:41 > 05:55]
SOAP:   3%|▎         | 683/25834 [3:38:29 > 05:56]
SOAP:   3%|▎         | 684/25834 [3:38:29 > 05:57]
SOAP:   3%|▎         | 685/25834 [3:38:27 > 05:57]
SOAP:   3%|▎         | 686/25834 [3:38:21 > 05:58]
SOAP:   3%|▎         | 687/25834 [3:38:21 > 05:58]
SOAP:   3%|▎         | 688/25834 [3:37:55 > 05:59]
SOAP:   3%|▎         | 689/25834 [3:38:21 > 05:59]
SOAP:   3%|▎         | 690/25834 [3:38:52 > 06:00]
SOAP:   3%|▎         | 691/25834 [3:38:40 > 06:00]
SOAP:   3%|▎         | 692/25834 [3:38:37 > 06:01]
SOAP:   3%|▎         | 693/25834 [3:38:28 > 06:01]
SOAP:   3%|▎         | 694/25834 [3:38:15 > 06:02]
SOAP:   3%|▎         | 695/25834 [3:38:13 > 06:02]
SOAP:   3%|▎         | 696/25834 [3:38:12 > 06:03]
SOAP:   3%|▎         | 697/25834 [3:38:10 > 06:03]
SOAP:   3%|▎         | 698/25834 [3:38:11 > 06:04]
SOAP:   3%|▎         | 699/25834 [3:38:12 > 06:04]
SOAP:   3%|▎         | 700/25834 [3:38:13 > 06:05]
SOAP:   3%|▎         | 701/25834 [3:40:21 > 06:05]
SOAP:   3%|▎         | 702/25834 [3:38:43 > 06:06]
SOAP:   3%|▎         | 703/25834 [3:38:46 > 06:06]
SOAP:   3%|▎         | 704/25834 [3:39:15 > 06:07]
SOAP:   3%|▎         | 705/25834 [3:39:25 > 06:07]
SOAP:   3%|▎         | 706/25834 [3:39:08 > 06:08]
SOAP:   3%|▎         | 707/25834 [3:38:49 > 06:09]
SOAP:   3%|▎         | 708/25834 [3:38:36 > 06:09]
SOAP:   3%|▎         | 709/25834 [3:38:22 > 06:10]
SOAP:   3%|▎         | 710/25834 [3:38:20 > 06:10]
SOAP:   3%|▎         | 711/25834 [3:37:59 > 06:11]
SOAP:   3%|▎         | 712/25834 [3:36:26 > 06:11]
SOAP:   3%|▎         | 713/25834 [3:38:42 > 06:12]
SOAP:   3%|▎         | 714/25834 [3:38:33 > 06:12]
SOAP:   3%|▎         | 715/25834 [3:38:17 > 06:13]
SOAP:   3%|▎         | 716/25834 [3:38:15 > 06:13]
SOAP:   3%|▎         | 717/25834 [3:38:11 > 06:14]
SOAP:   3%|▎         | 718/25834 [3:38:04 > 06:14]
SOAP:   3%|▎         | 719/25834 [3:38:08 > 06:15]
SOAP:   3%|▎         | 720/25834 [3:38:05 > 06:15]
SOAP:   3%|▎         | 721/25834 [3:38:21 > 06:16]
SOAP:   3%|▎         | 722/25834 [3:38:44 > 06:16]
SOAP:   3%|▎         | 723/25834 [3:38:31 > 06:17]
SOAP:   3%|▎         | 724/25834 [3:38:11 > 06:17]
SOAP:   3%|▎         | 725/25834 [3:38:07 > 06:18]
SOAP:   3%|▎         | 726/25834 [3:38:21 > 06:18]
SOAP:   3%|▎         | 727/25834 [3:38:05 > 06:19]
SOAP:   3%|▎         | 728/25834 [3:37:53 > 06:19]
SOAP:   3%|▎         | 729/25834 [3:37:46 > 06:20]
SOAP:   3%|▎         | 730/25834 [3:37:47 > 06:21]
SOAP:   3%|▎         | 731/25834 [3:36:05 > 06:21]
SOAP:   3%|▎         | 732/25834 [3:38:21 > 06:22]
SOAP:   3%|▎         | 733/25834 [3:38:14 > 06:22]
SOAP:   3%|▎         | 734/25834 [3:38:10 > 06:23]
SOAP:   3%|▎         | 735/25834 [3:38:08 > 06:23]
SOAP:   3%|▎         | 736/25834 [3:37:51 > 06:24]
SOAP:   3%|▎         | 737/25834 [3:37:44 > 06:24]
SOAP:   3%|▎         | 738/25834 [3:37:43 > 06:25]
SOAP:   3%|▎         | 739/25834 [3:37:53 > 06:25]
SOAP:   3%|▎         | 740/25834 [3:37:43 > 06:26]
SOAP:   3%|▎         | 741/25834 [3:37:47 > 06:26]
SOAP:   3%|▎         | 742/25834 [3:37:44 > 06:27]
SOAP:   3%|▎         | 743/25834 [3:37:45 > 06:27]
SOAP:   3%|▎         | 744/25834 [3:37:43 > 06:28]
SOAP:   3%|▎         | 745/25834 [3:37:30 > 06:28]
SOAP:   3%|▎         | 746/25834 [3:37:31 > 06:29]
SOAP:   3%|▎         | 747/25834 [3:37:35 > 06:29]
SOAP:   3%|▎         | 748/25834 [3:37:36 > 06:30]
SOAP:   3%|▎         | 749/25834 [3:37:40 > 06:30]
SOAP:   3%|▎         | 750/25834 [3:37:34 > 06:31]
SOAP:   3%|▎         | 751/25834 [3:37:35 > 06:31]
SOAP:   3%|▎         | 752/25834 [3:37:40 > 06:32]
SOAP:   3%|▎         | 753/25834 [3:37:45 > 06:32]
SOAP:   3%|▎         | 754/25834 [3:37:50 > 06:33]
SOAP:   3%|▎         | 755/25834 [3:37:51 > 06:34]
SOAP:   3%|▎         | 756/25834 [3:37:42 > 06:34]
SOAP:   3%|▎         | 757/25834 [3:37:38 > 06:35]
SOAP:   3%|▎         | 758/25834 [3:37:47 > 06:35]
SOAP:   3%|▎         | 759/25834 [3:37:45 > 06:36]
SOAP:   3%|▎         | 760/25834 [3:37:46 > 06:36]
SOAP:   3%|▎         | 761/25834 [3:37:35 > 06:37]
SOAP:   3%|▎         | 762/25834 [3:37:36 > 06:37]
SOAP:   3%|▎         | 763/25834 [3:37:22 > 06:38]
SOAP:   3%|▎         | 764/25834 [3:37:26 > 06:38]
SOAP:   3%|▎         | 765/25834 [3:37:31 > 06:39]
SOAP:   3%|▎         | 766/25834 [3:37:25 > 06:39]
SOAP:   3%|▎         | 767/25834 [3:37:25 > 06:40]
SOAP:   3%|▎         | 768/25834 [3:37:21 > 06:40]
SOAP:   3%|▎         | 769/25834 [3:37:27 > 06:41]
SOAP:   3%|▎         | 770/25834 [3:36:38 > 06:41]
SOAP:   3%|▎         | 771/25834 [3:37:44 > 06:42]
SOAP:   3%|▎         | 772/25834 [3:37:43 > 06:42]
SOAP:   3%|▎         | 773/25834 [3:37:40 > 06:43]
SOAP:   3%|▎         | 774/25834 [3:37:37 > 06:43]
SOAP:   3%|▎         | 775/25834 [3:37:46 > 06:44]
SOAP:   3%|▎         | 776/25834 [3:37:33 > 06:44]
SOAP:   3%|▎         | 777/25834 [3:37:41 > 06:45]
SOAP:   3%|▎         | 778/25834 [3:37:30 > 06:46]
SOAP:   3%|▎         | 779/25834 [3:37:36 > 06:46]
SOAP:   3%|▎         | 780/25834 [3:37:33 > 06:47]
SOAP:   3%|▎         | 781/25834 [3:37:25 > 06:47]
SOAP:   3%|▎         | 782/25834 [3:37:22 > 06:48]
SOAP:   3%|▎         | 783/25834 [3:37:20 > 06:48]
SOAP:   3%|▎         | 784/25834 [3:37:22 > 06:49]
SOAP:   3%|▎         | 785/25834 [3:37:26 > 06:49]
SOAP:   3%|▎         | 786/25834 [3:37:16 > 06:50]
SOAP:   3%|▎         | 787/25834 [3:37:28 > 06:50]
SOAP:   3%|▎         | 788/25834 [3:37:17 > 06:51]
SOAP:   3%|▎         | 789/25834 [3:37:20 > 06:51]
SOAP:   3%|▎         | 790/25834 [3:37:12 > 06:52]
SOAP:   3%|▎         | 791/25834 [3:37:20 > 06:52]
SOAP:   3%|▎         | 792/25834 [3:37:27 > 06:53]
SOAP:   3%|▎         | 793/25834 [3:37:30 > 06:53]
SOAP:   3%|▎         | 794/25834 [3:37:27 > 06:54]
SOAP:   3%|▎         | 795/25834 [3:37:25 > 06:54]
SOAP:   3%|▎         | 796/25834 [3:37:30 > 06:55]
SOAP:   3%|▎         | 797/25834 [3:37:26 > 06:55]
SOAP:   3%|▎         | 798/25834 [3:37:24 > 06:56]
SOAP:   3%|▎         | 799/25834 [3:37:13 > 06:56]
SOAP:   3%|▎         | 800/25834 [3:37:13 > 06:57]
SOAP:   3%|▎         | 801/25834 [3:39:13 > 06:58]
SOAP:   3%|▎         | 802/25834 [3:37:38 > 06:58]
SOAP:   3%|▎         | 803/25834 [3:37:26 > 06:59]
SOAP:   3%|▎         | 804/25834 [3:37:21 > 06:59]
SOAP:   3%|▎         | 805/25834 [3:37:46 > 07:00]
SOAP:   3%|▎         | 806/25834 [3:38:06 > 07:00]
SOAP:   3%|▎         | 807/25834 [3:37:44 > 07:01]
SOAP:   3%|▎         | 808/25834 [3:37:36 > 07:01]
SOAP:   3%|▎         | 809/25834 [3:37:31 > 07:02]
SOAP:   3%|▎         | 810/25834 [3:37:19 > 07:02]
SOAP:   3%|▎         | 811/25834 [3:37:31 > 07:03]
SOAP:   3%|▎         | 812/25834 [3:37:19 > 07:03]
SOAP:   3%|▎         | 813/25834 [3:37:19 > 07:04]
SOAP:   3%|▎         | 814/25834 [3:37:13 > 07:04]
SOAP:   3%|▎         | 815/25834 [3:35:16 > 07:05]
SOAP:   3%|▎         | 816/25834 [3:37:28 > 07:05]
SOAP:   3%|▎         | 817/25834 [3:37:17 > 07:06]
SOAP:   3%|▎         | 818/25834 [3:37:11 > 07:06]
SOAP:   3%|▎         | 819/25834 [3:37:07 > 07:07]
SOAP:   3%|▎         | 820/25834 [3:37:11 > 07:07]
SOAP:   3%|▎         | 821/25834 [3:37:27 > 07:08]
SOAP:   3%|▎         | 822/25834 [3:37:44 > 07:08]
SOAP:   3%|▎         | 823/25834 [3:35:51 > 07:09]
SOAP:   3%|▎         | 824/25834 [3:37:54 > 07:09]
SOAP:   3%|▎         | 825/25834 [3:37:47 > 07:10]
SOAP:   3%|▎         | 826/25834 [3:37:30 > 07:11]
SOAP:   3%|▎         | 827/25834 [3:37:18 > 07:11]
SOAP:   3%|▎         | 828/25834 [3:35:25 > 07:12]
SOAP:   3%|▎         | 829/25834 [3:37:45 > 07:12]
SOAP:   3%|▎         | 830/25834 [3:37:26 > 07:13]
SOAP:   3%|▎         | 831/25834 [3:37:29 > 07:13]
SOAP:   3%|▎         | 832/25834 [3:37:23 > 07:14]
SOAP:   3%|▎         | 833/25834 [3:37:21 > 07:14]
SOAP:   3%|▎         | 834/25834 [3:37:00 > 07:15]
SOAP:   3%|▎         | 835/25834 [3:37:02 > 07:15]
SOAP:   3%|▎         | 836/25834 [3:36:59 > 07:16]
SOAP:   3%|▎         | 837/25834 [3:36:58 > 07:16]
SOAP:   3%|▎         | 838/25834 [3:36:56 > 07:17]
SOAP:   3%|▎         | 839/25834 [3:37:02 > 07:17]
SOAP:   3%|▎         | 840/25834 [3:36:53 > 07:18]
SOAP:   3%|▎         | 841/25834 [3:36:56 > 07:18]
SOAP:   3%|▎         | 842/25834 [3:36:49 > 07:19]
SOAP:   3%|▎         | 843/25834 [3:36:56 > 07:19]
SOAP:   3%|▎         | 844/25834 [3:36:55 > 07:20]
SOAP:   3%|▎         | 845/25834 [3:36:51 > 07:20]
SOAP:   3%|▎         | 846/25834 [3:36:50 > 07:21]
SOAP:   3%|▎         | 847/25834 [3:36:55 > 07:21]
SOAP:   3%|▎         | 848/25834 [3:36:50 > 07:22]
SOAP:   3%|▎         | 849/25834 [3:36:51 > 07:23]
SOAP:   3%|▎         | 850/25834 [3:36:45 > 07:23]
SOAP:   3%|▎         | 851/25834 [3:36:48 > 07:24]
SOAP:   3%|▎         | 852/25834 [3:36:44 > 07:24]
SOAP:   3%|▎         | 853/25834 [3:36:38 > 07:25]
SOAP:   3%|▎         | 854/25834 [3:36:40 > 07:25]
SOAP:   3%|▎         | 855/25834 [3:36:47 > 07:26]
SOAP:   3%|▎         | 856/25834 [3:36:38 > 07:26]
SOAP:   3%|▎         | 857/25834 [3:36:45 > 07:27]
SOAP:   3%|▎         | 858/25834 [3:36:46 > 07:27]
SOAP:   3%|▎         | 859/25834 [3:36:43 > 07:28]
SOAP:   3%|▎         | 860/25834 [3:36:47 > 07:28]
SOAP:   3%|▎         | 861/25834 [3:36:55 > 07:29]
SOAP:   3%|▎         | 862/25834 [3:36:57 > 07:29]
SOAP:   3%|▎         | 863/25834 [3:37:01 > 07:30]
SOAP:   3%|▎         | 864/25834 [3:36:44 > 07:30]
SOAP:   3%|▎         | 865/25834 [3:36:55 > 07:31]
SOAP:   3%|▎         | 866/25834 [3:36:52 > 07:31]
SOAP:   3%|▎         | 867/25834 [3:35:14 > 07:32]
SOAP:   3%|▎         | 868/25834 [3:37:17 > 07:32]
SOAP:   3%|▎         | 869/25834 [3:37:05 > 07:33]
SOAP:   3%|▎         | 870/25834 [3:36:44 > 07:33]
SOAP:   3%|▎         | 871/25834 [3:36:47 > 07:34]
SOAP:   3%|▎         | 872/25834 [3:36:39 > 07:34]
SOAP:   3%|▎         | 873/25834 [3:36:40 > 07:35]
SOAP:   3%|▎         | 874/25834 [3:36:52 > 07:36]
SOAP:   3%|▎         | 875/25834 [3:36:45 > 07:36]
SOAP:   3%|▎         | 876/25834 [3:36:44 > 07:37]
SOAP:   3%|▎         | 877/25834 [3:36:43 > 07:37]
SOAP:   3%|▎         | 878/25834 [3:37:06 > 07:38]
SOAP:   3%|▎         | 879/25834 [3:35:45 > 07:38]
SOAP:   3%|▎         | 880/25834 [3:37:44 > 07:39]
SOAP:   3%|▎         | 881/25834 [3:37:23 > 07:39]
SOAP:   3%|▎         | 882/25834 [3:37:09 > 07:40]
SOAP:   3%|▎         | 883/25834 [3:36:59 > 07:40]
SOAP:   3%|▎         | 884/25834 [3:36:54 > 07:41]
SOAP:   3%|▎         | 885/25834 [3:36:48 > 07:41]
SOAP:   3%|▎         | 886/25834 [3:36:48 > 07:42]
SOAP:   3%|▎         | 887/25834 [3:36:42 > 07:42]
SOAP:   3%|▎         | 888/25834 [3:36:32 > 07:43]
SOAP:   3%|▎         | 889/25834 [3:36:25 > 07:43]
SOAP:   3%|▎         | 890/25834 [3:36:30 > 07:44]
SOAP:   3%|▎         | 891/25834 [3:36:31 > 07:44]
SOAP:   3%|▎         | 892/25834 [3:36:38 > 07:45]
SOAP:   3%|▎         | 893/25834 [3:36:29 > 07:45]
SOAP:   3%|▎         | 894/25834 [3:36:30 > 07:46]
SOAP:   3%|▎         | 895/25834 [3:36:34 > 07:46]
SOAP:   3%|▎         | 896/25834 [3:36:31 > 07:47]
SOAP:   3%|▎         | 897/25834 [3:36:28 > 07:48]
SOAP:   3%|▎         | 898/25834 [3:36:25 > 07:48]
SOAP:   3%|▎         | 899/25834 [3:36:19 > 07:49]
SOAP:   3%|▎         | 900/25834 [3:36:24 > 07:49]
SOAP:   3%|▎         | 901/25834 [3:38:32 > 07:50]
SOAP:   3%|▎         | 902/25834 [3:36:55 > 07:50]
SOAP:   3%|▎         | 903/25834 [3:36:45 > 07:51]
SOAP:   3%|▎         | 904/25834 [3:36:46 > 07:51]
SOAP:   4%|▎         | 905/25834 [3:36:36 > 07:52]
SOAP:   4%|▎         | 906/25834 [3:36:33 > 07:52]
SOAP:   4%|▎         | 907/25834 [3:36:16 > 07:53]
SOAP:   4%|▎         | 908/25834 [3:36:21 > 07:53]
SOAP:   4%|▎         | 909/25834 [3:36:19 > 07:54]
SOAP:   4%|▎         | 910/25834 [3:36:17 > 07:54]
SOAP:   4%|▎         | 911/25834 [3:36:22 > 07:55]
SOAP:   4%|▎         | 912/25834 [3:36:18 > 07:55]
SOAP:   4%|▎         | 913/25834 [3:36:22 > 07:56]
SOAP:   4%|▎         | 914/25834 [3:36:18 > 07:56]
SOAP:   4%|▎         | 915/25834 [3:36:12 > 07:57]
SOAP:   4%|▎         | 916/25834 [3:36:16 > 07:57]
SOAP:   4%|▎         | 917/25834 [3:36:15 > 07:58]
SOAP:   4%|▎         | 918/25834 [3:36:31 > 07:58]
SOAP:   4%|▎         | 919/25834 [3:35:21 > 07:59]
SOAP:   4%|▎         | 920/25834 [3:37:20 > 08:00]
SOAP:   4%|▎         | 921/25834 [3:37:03 > 08:00]
SOAP:   4%|▎         | 922/25834 [3:36:43 > 08:01]
SOAP:   4%|▎         | 923/25834 [3:36:30 > 08:01]
SOAP:   4%|▎         | 924/25834 [3:36:25 > 08:02]
SOAP:   4%|▎         | 925/25834 [3:36:18 > 08:02]
SOAP:   4%|▎         | 926/25834 [3:36:10 > 08:03]
SOAP:   4%|▎         | 927/25834 [3:36:05 > 08:03]
SOAP:   4%|▎         | 928/25834 [3:36:03 > 08:04]
SOAP:   4%|▎         | 929/25834 [3:36:02 > 08:04]
SOAP:   4%|▎         | 930/25834 [3:35:56 > 08:05]
SOAP:   4%|▎         | 931/25834 [3:36:02 > 08:05]
SOAP:   4%|▎         | 932/25834 [3:36:06 > 08:06]
SOAP:   4%|▎         | 933/25834 [3:36:06 > 08:06]
SOAP:   4%|▎         | 934/25834 [3:36:03 > 08:07]
SOAP:   4%|▎         | 935/25834 [3:36:04 > 08:07]
SOAP:   4%|▎         | 936/25834 [3:36:27 > 08:08]
SOAP:   4%|▎         | 937/25834 [3:36:11 > 08:08]
SOAP:   4%|▎         | 938/25834 [3:36:16 > 08:09]
SOAP:   4%|▎         | 939/25834 [3:36:25 > 08:09]
SOAP:   4%|▎         | 940/25834 [3:36:20 > 08:10]
SOAP:   4%|▎         | 941/25834 [3:36:10 > 08:10]
SOAP:   4%|▎         | 942/25834 [3:36:09 > 08:11]
SOAP:   4%|▎         | 943/25834 [3:35:55 > 08:11]
SOAP:   4%|▎         | 944/25834 [3:36:11 > 08:12]
SOAP:   4%|▎         | 945/25834 [3:36:18 > 08:13]
SOAP:   4%|▎         | 946/25834 [3:36:54 > 08:13]
SOAP:   4%|▎         | 947/25834 [3:37:19 > 08:14]
SOAP:   4%|▎         | 948/25834 [3:37:48 > 08:14]
SOAP:   4%|▎         | 949/25834 [3:38:16 > 08:15]
SOAP:   4%|▎         | 950/25834 [3:38:17 > 08:15]
SOAP:   4%|▎         | 951/25834 [3:38:16 > 08:16]
SOAP:   4%|▎         | 952/25834 [3:38:23 > 08:16]
SOAP:   4%|▎         | 953/25834 [3:38:30 > 08:17]
SOAP:   4%|▎         | 954/25834 [3:38:25 > 08:17]
SOAP:   4%|▎         | 955/25834 [3:38:24 > 08:18]
SOAP:   4%|▎         | 956/25834 [3:38:31 > 08:18]
SOAP:   4%|▎         | 957/25834 [3:38:34 > 08:19]
SOAP:   4%|▎         | 958/25834 [3:38:26 > 08:19]
SOAP:   4%|▎         | 959/25834 [3:38:20 > 08:20]
SOAP:   4%|▎         | 960/25834 [3:38:35 > 08:20]
SOAP:   4%|▎         | 961/25834 [3:38:31 > 08:21]
SOAP:   4%|▎         | 962/25834 [3:38:23 > 08:21]
SOAP:   4%|▎         | 963/25834 [3:38:19 > 08:22]
SOAP:   4%|▎         | 964/25834 [3:36:42 > 08:23]
SOAP:   4%|▎         | 965/25834 [3:38:04 > 08:23]
SOAP:   4%|▎         | 966/25834 [3:38:03 > 08:24]
SOAP:   4%|▎         | 967/25834 [3:37:57 > 08:24]
SOAP:   4%|▎         | 968/25834 [3:38:01 > 08:25]
SOAP:   4%|▍         | 969/25834 [3:38:10 > 08:25]
SOAP:   4%|▍         | 970/25834 [3:38:02 > 08:26]
SOAP:   4%|▍         | 971/25834 [3:38:02 > 08:26]
SOAP:   4%|▍         | 972/25834 [3:38:09 > 08:27]
SOAP:   4%|▍         | 973/25834 [3:38:16 > 08:27]
SOAP:   4%|▍         | 974/25834 [3:38:14 > 08:28]
SOAP:   4%|▍         | 975/25834 [3:38:08 > 08:28]
SOAP:   4%|▍         | 976/25834 [3:38:18 > 08:29]
SOAP:   4%|▍         | 977/25834 [3:38:21 > 08:29]
SOAP:   4%|▍         | 978/25834 [3:38:14 > 08:30]
SOAP:   4%|▍         | 979/25834 [3:38:14 > 08:30]
SOAP:   4%|▍         | 980/25834 [3:36:20 > 08:31]
SOAP:   4%|▍         | 981/25834 [3:37:59 > 08:31]
SOAP:   4%|▍         | 982/25834 [3:37:23 > 08:32]
SOAP:   4%|▍         | 983/25834 [3:35:39 > 08:33]
SOAP:   4%|▍         | 984/25834 [3:37:50 > 08:33]
SOAP:   4%|▍         | 985/25834 [3:37:45 > 08:34]
SOAP:   4%|▍         | 986/25834 [3:37:49 > 08:34]
SOAP:   4%|▍         | 987/25834 [3:37:51 > 08:35]
SOAP:   4%|▍         | 988/25834 [3:38:18 > 08:35]
SOAP:   4%|▍         | 989/25834 [3:38:11 > 08:36]
SOAP:   4%|▍         | 990/25834 [3:38:05 > 08:36]
SOAP:   4%|▍         | 991/25834 [3:37:59 > 08:37]
SOAP:   4%|▍         | 992/25834 [3:38:03 > 08:37]
SOAP:   4%|▍         | 993/25834 [3:37:59 > 08:38]
SOAP:   4%|▍         | 994/25834 [3:37:55 > 08:38]
SOAP:   4%|▍         | 995/25834 [3:37:58 > 08:39]
SOAP:   4%|▍         | 996/25834 [3:38:02 > 08:39]
SOAP:   4%|▍         | 997/25834 [3:38:06 > 08:40]
SOAP:   4%|▍         | 998/25834 [3:37:53 > 08:40]
SOAP:   4%|▍         | 999/25834 [3:38:11 > 08:41]
SOAP:   4%|▍         | 1000/25834 [3:38:13 > 08:41]
SOAP:   4%|▍         | 1001/25834 [3:39:07 > 08:42]
SOAP:   4%|▍         | 1002/25834 [3:38:42 > 08:43]
SOAP:   4%|▍         | 1003/25834 [3:38:33 > 08:43]
SOAP:   4%|▍         | 1004/25834 [3:38:26 > 08:44]
SOAP:   4%|▍         | 1005/25834 [3:38:23 > 08:44]
SOAP:   4%|▍         | 1006/25834 [3:38:06 > 08:45]
SOAP:   4%|▍         | 1007/25834 [3:37:59 > 08:45]
SOAP:   4%|▍         | 1008/25834 [3:38:01 > 08:46]
SOAP:   4%|▍         | 1009/25834 [3:38:05 > 08:46]
SOAP:   4%|▍         | 1010/25834 [3:37:57 > 08:47]
SOAP:   4%|▍         | 1011/25834 [3:37:51 > 08:47]
SOAP:   4%|▍         | 1012/25834 [3:38:00 > 08:48]
SOAP:   4%|▍         | 1013/25834 [3:38:01 > 08:48]
SOAP:   4%|▍         | 1014/25834 [3:37:47 > 08:49]
SOAP:   4%|▍         | 1015/25834 [3:37:36 > 08:49]
SOAP:   4%|▍         | 1016/25834 [3:37:37 > 08:50]
SOAP:   4%|▍         | 1017/25834 [3:37:40 > 08:50]
SOAP:   4%|▍         | 1018/25834 [3:37:48 > 08:51]
SOAP:   4%|▍         | 1019/25834 [3:37:36 > 08:51]
SOAP:   4%|▍         | 1020/25834 [3:37:43 > 08:52]
SOAP:   4%|▍         | 1021/25834 [3:37:41 > 08:53]
SOAP:   4%|▍         | 1022/25834 [3:37:50 > 08:53]
SOAP:   4%|▍         | 1023/25834 [3:37:38 > 08:54]
SOAP:   4%|▍         | 1024/25834 [3:37:40 > 08:54]
SOAP:   4%|▍         | 1025/25834 [3:37:44 > 08:55]
SOAP:   4%|▍         | 1026/25834 [3:37:49 > 08:55]
SOAP:   4%|▍         | 1027/25834 [3:37:44 > 08:56]
SOAP:   4%|▍         | 1028/25834 [3:37:40 > 08:56]
SOAP:   4%|▍         | 1029/25834 [3:37:40 > 08:57]
SOAP:   4%|▍         | 1030/25834 [3:37:54 > 08:57]
SOAP:   4%|▍         | 1031/25834 [3:37:50 > 08:58]
SOAP:   4%|▍         | 1032/25834 [3:37:42 > 08:58]
SOAP:   4%|▍         | 1033/25834 [3:37:47 > 08:59]
SOAP:   4%|▍         | 1034/25834 [3:37:47 > 08:59]
SOAP:   4%|▍         | 1035/25834 [3:37:29 > 09:00]
SOAP:   4%|▍         | 1036/25834 [3:37:02 > 09:00]
SOAP:   4%|▍         | 1037/25834 [3:37:12 > 09:01]
SOAP:   4%|▍         | 1038/25834 [3:37:18 > 09:02]
SOAP:   4%|▍         | 1039/25834 [3:37:18 > 09:02]
SOAP:   4%|▍         | 1040/25834 [3:37:07 > 09:03]
SOAP:   4%|▍         | 1041/25834 [3:37:46 > 09:03]
SOAP:   4%|▍         | 1042/25834 [3:37:34 > 09:04]
SOAP:   4%|▍         | 1043/25834 [3:37:30 > 09:04]
SOAP:   4%|▍         | 1044/25834 [3:37:27 > 09:05]
SOAP:   4%|▍         | 1045/25834 [3:37:33 > 09:05]
SOAP:   4%|▍         | 1046/25834 [3:37:41 > 09:06]
SOAP:   4%|▍         | 1047/25834 [3:37:21 > 09:06]
SOAP:   4%|▍         | 1048/25834 [3:37:36 > 09:07]
SOAP:   4%|▍         | 1049/25834 [3:37:37 > 09:07]
SOAP:   4%|▍         | 1050/25834 [3:37:40 > 09:08]
SOAP:   4%|▍         | 1051/25834 [3:37:29 > 09:08]
SOAP:   4%|▍         | 1052/25834 [3:37:30 > 09:09]
SOAP:   4%|▍         | 1053/25834 [3:37:35 > 09:09]
SOAP:   4%|▍         | 1054/25834 [3:37:42 > 09:10]
SOAP:   4%|▍         | 1055/25834 [3:37:27 > 09:10]
SOAP:   4%|▍         | 1056/25834 [3:37:27 > 09:11]
SOAP:   4%|▍         | 1057/25834 [3:37:29 > 09:12]
SOAP:   4%|▍         | 1058/25834 [3:37:38 > 09:12]
SOAP:   4%|▍         | 1059/25834 [3:37:25 > 09:13]
SOAP:   4%|▍         | 1060/25834 [3:35:19 > 09:13]
SOAP:   4%|▍         | 1061/25834 [3:37:12 > 09:14]
SOAP:   4%|▍         | 1062/25834 [3:37:14 > 09:14]
SOAP:   4%|▍         | 1063/25834 [3:37:08 > 09:15]
SOAP:   4%|▍         | 1064/25834 [3:37:38 > 09:15]
SOAP:   4%|▍         | 1065/25834 [3:37:30 > 09:16]
SOAP:   4%|▍         | 1066/25834 [3:37:38 > 09:16]
SOAP:   4%|▍         | 1067/25834 [3:37:31 > 09:17]
SOAP:   4%|▍         | 1068/25834 [3:37:13 > 09:17]
SOAP:   4%|▍         | 1069/25834 [3:36:41 > 09:18]
SOAP:   4%|▍         | 1070/25834 [3:36:54 > 09:18]
SOAP:   4%|▍         | 1071/25834 [3:36:55 > 09:19]
SOAP:   4%|▍         | 1072/25834 [3:37:00 > 09:19]
SOAP:   4%|▍         | 1073/25834 [3:37:12 > 09:20]
SOAP:   4%|▍         | 1074/25834 [3:37:12 > 09:20]
SOAP:   4%|▍         | 1075/25834 [3:37:12 > 09:21]
SOAP:   4%|▍         | 1076/25834 [3:37:14 > 09:22]
SOAP:   4%|▍         | 1077/25834 [3:37:27 > 09:22]
SOAP:   4%|▍         | 1078/25834 [3:37:16 > 09:23]
SOAP:   4%|▍         | 1079/25834 [3:37:08 > 09:23]
SOAP:   4%|▍         | 1080/25834 [3:35:23 > 09:24]
SOAP:   4%|▍         | 1081/25834 [3:37:05 > 09:24]
SOAP:   4%|▍         | 1082/25834 [3:36:55 > 09:25]
SOAP:   4%|▍         | 1083/25834 [3:36:54 > 09:25]
SOAP:   4%|▍         | 1084/25834 [3:37:06 > 09:26]
SOAP:   4%|▍         | 1085/25834 [3:37:12 > 09:26]
SOAP:   4%|▍         | 1086/25834 [3:37:05 > 09:27]
SOAP:   4%|▍         | 1087/25834 [3:37:03 > 09:27]
SOAP:   4%|▍         | 1088/25834 [3:37:16 > 09:28]
SOAP:   4%|▍         | 1089/25834 [3:37:14 > 09:28]
SOAP:   4%|▍         | 1090/25834 [3:37:08 > 09:29]
SOAP:   4%|▍         | 1091/25834 [3:37:10 > 09:29]
SOAP:   4%|▍         | 1092/25834 [3:37:14 > 09:30]
SOAP:   4%|▍         | 1093/25834 [3:37:10 > 09:30]
SOAP:   4%|▍         | 1094/25834 [3:37:03 > 09:31]
SOAP:   4%|▍         | 1095/25834 [3:37:00 > 09:32]
SOAP:   4%|▍         | 1096/25834 [3:36:17 > 09:32]
SOAP:   4%|▍         | 1097/25834 [3:36:31 > 09:33]
SOAP:   4%|▍         | 1098/25834 [3:36:35 > 09:33]
SOAP:   4%|▍         | 1099/25834 [3:36:42 > 09:34]
SOAP:   4%|▍         | 1100/25834 [3:36:57 > 09:34]
SOAP:   4%|▍         | 1101/25834 [3:38:08 > 09:35]
SOAP:   4%|▍         | 1102/25834 [3:37:53 > 09:35]
SOAP:   4%|▍         | 1103/25834 [3:37:31 > 09:36]
SOAP:   4%|▍         | 1104/25834 [3:36:28 > 09:36]
SOAP:   4%|▍         | 1105/25834 [3:37:10 > 09:37]
SOAP:   4%|▍         | 1106/25834 [3:37:13 > 09:37]
SOAP:   4%|▍         | 1107/25834 [3:37:00 > 09:38]
SOAP:   4%|▍         | 1108/25834 [3:37:06 > 09:38]
SOAP:   4%|▍         | 1109/25834 [3:37:13 > 09:39]
SOAP:   4%|▍         | 1110/25834 [3:37:09 > 09:39]
SOAP:   4%|▍         | 1111/25834 [3:37:02 > 09:40]
SOAP:   4%|▍         | 1112/25834 [3:37:01 > 09:40]
SOAP:   4%|▍         | 1113/25834 [3:37:01 > 09:41]
SOAP:   4%|▍         | 1114/25834 [3:37:09 > 09:42]
SOAP:   4%|▍         | 1115/25834 [3:37:01 > 09:42]
SOAP:   4%|▍         | 1116/25834 [3:36:59 > 09:43]
SOAP:   4%|▍         | 1117/25834 [3:36:59 > 09:43]
SOAP:   4%|▍         | 1118/25834 [3:37:07 > 09:44]
SOAP:   4%|▍         | 1119/25834 [3:36:54 > 09:44]
SOAP:   4%|▍         | 1120/25834 [3:36:53 > 09:45]
SOAP:   4%|▍         | 1121/25834 [3:36:56 > 09:45]
SOAP:   4%|▍         | 1122/25834 [3:37:06 > 09:46]
SOAP:   4%|▍         | 1123/25834 [3:36:36 > 09:46]
SOAP:   4%|▍         | 1124/25834 [3:36:14 > 09:47]
SOAP:   4%|▍         | 1125/25834 [3:36:21 > 09:47]
SOAP:   4%|▍         | 1126/25834 [3:36:36 > 09:48]
SOAP:   4%|▍         | 1127/25834 [3:36:28 > 09:48]
SOAP:   4%|▍         | 1128/25834 [3:36:30 > 09:49]
SOAP:   4%|▍         | 1129/25834 [3:36:31 > 09:49]
SOAP:   4%|▍         | 1130/25834 [3:36:23 > 09:50]
SOAP:   4%|▍         | 1131/25834 [3:35:59 > 09:50]
SOAP:   4%|▍         | 1132/25834 [3:36:26 > 09:51]
SOAP:   4%|▍         | 1133/25834 [3:36:40 > 09:52]
SOAP:   4%|▍         | 1134/25834 [3:36:36 > 09:52]
SOAP:   4%|▍         | 1135/25834 [3:36:39 > 09:53]
SOAP:   4%|▍         | 1136/25834 [3:36:35 > 09:53]
SOAP:   4%|▍         | 1137/25834 [3:34:56 > 09:54]
SOAP:   4%|▍         | 1138/25834 [3:36:40 > 09:54]
SOAP:   4%|▍         | 1139/25834 [3:36:43 > 09:55]
SOAP:   4%|▍         | 1140/25834 [3:36:30 > 09:55]
SOAP:   4%|▍         | 1141/25834 [3:36:41 > 09:56]
SOAP:   4%|▍         | 1142/25834 [3:37:44 > 09:56]
SOAP:   4%|▍         | 1143/25834 [3:36:32 > 09:57]
SOAP:   4%|▍         | 1144/25834 [3:36:21 > 09:57]
SOAP:   4%|▍         | 1145/25834 [3:36:35 > 09:58]
SOAP:   4%|▍         | 1146/25834 [3:36:38 > 09:58]
SOAP:   4%|▍         | 1147/25834 [3:36:25 > 09:59]
SOAP:   4%|▍         | 1148/25834 [3:35:48 > 09:59]
SOAP:   4%|▍         | 1149/25834 [3:36:14 > 10:00]
SOAP:   4%|▍         | 1150/25834 [3:35:55 > 10:00]
SOAP:   4%|▍         | 1151/25834 [3:35:38 > 10:01]
SOAP:   4%|▍         | 1152/25834 [3:35:30 > 10:01]
SOAP:   4%|▍         | 1153/25834 [3:35:32 > 10:02]
SOAP:   4%|▍         | 1154/25834 [3:35:53 > 10:03]
SOAP:   4%|▍         | 1155/25834 [3:36:13 > 10:03]
SOAP:   4%|▍         | 1156/25834 [3:37:01 > 10:04]
SOAP:   4%|▍         | 1157/25834 [3:36:03 > 10:04]
SOAP:   4%|▍         | 1158/25834 [3:35:46 > 10:05]
SOAP:   4%|▍         | 1159/25834 [3:35:57 > 10:05]
SOAP:   4%|▍         | 1160/25834 [3:35:59 > 10:06]
SOAP:   4%|▍         | 1161/25834 [3:36:13 > 10:06]
SOAP:   4%|▍         | 1162/25834 [3:36:18 > 10:07]
SOAP:   5%|▍         | 1163/25834 [3:36:25 > 10:07]
SOAP:   5%|▍         | 1164/25834 [3:36:04 > 10:08]
SOAP:   5%|▍         | 1165/25834 [3:36:06 > 10:08]
SOAP:   5%|▍         | 1166/25834 [3:36:08 > 10:09]
SOAP:   5%|▍         | 1167/25834 [3:36:14 > 10:09]
SOAP:   5%|▍         | 1168/25834 [3:36:13 > 10:10]
SOAP:   5%|▍         | 1169/25834 [3:36:33 > 10:10]
SOAP:   5%|▍         | 1170/25834 [3:36:20 > 10:11]
SOAP:   5%|▍         | 1171/25834 [3:36:13 > 10:11]
SOAP:   5%|▍         | 1172/25834 [3:36:10 > 10:12]
SOAP:   5%|▍         | 1173/25834 [3:36:30 > 10:13]
SOAP:   5%|▍         | 1174/25834 [3:36:22 > 10:13]
SOAP:   5%|▍         | 1175/25834 [3:36:19 > 10:14]
SOAP:   5%|▍         | 1176/25834 [3:34:45 > 10:14]
SOAP:   5%|▍         | 1177/25834 [3:36:03 > 10:15]
SOAP:   5%|▍         | 1178/25834 [3:36:18 > 10:15]
SOAP:   5%|▍         | 1179/25834 [3:36:15 > 10:16]
SOAP:   5%|▍         | 1180/25834 [3:36:16 > 10:16]
SOAP:   5%|▍         | 1181/25834 [3:36:30 > 10:17]
SOAP:   5%|▍         | 1182/25834 [3:36:22 > 10:17]
SOAP:   5%|▍         | 1183/25834 [3:36:21 > 10:18]
SOAP:   5%|▍         | 1184/25834 [3:36:14 > 10:18]
SOAP:   5%|▍         | 1185/25834 [3:36:28 > 10:19]
SOAP:   5%|▍         | 1186/25834 [3:36:06 > 10:19]
SOAP:   5%|▍         | 1187/25834 [3:35:46 > 10:20]
SOAP:   5%|▍         | 1188/25834 [3:35:18 > 10:20]
SOAP:   5%|▍         | 1189/25834 [3:35:26 > 10:21]
SOAP:   5%|▍         | 1190/25834 [3:35:32 > 10:21]
SOAP:   5%|▍         | 1191/25834 [3:35:39 > 10:22]
SOAP:   5%|▍         | 1192/25834 [3:35:48 > 10:23]
SOAP:   5%|▍         | 1193/25834 [3:36:13 > 10:23]
SOAP:   5%|▍         | 1194/25834 [3:36:02 > 10:24]
SOAP:   5%|▍         | 1195/25834 [3:36:03 > 10:24]
SOAP:   5%|▍         | 1196/25834 [3:35:51 > 10:25]
SOAP:   5%|▍         | 1197/25834 [3:35:29 > 10:25]
SOAP:   5%|▍         | 1198/25834 [3:35:29 > 10:26]
SOAP:   5%|▍         | 1199/25834 [3:35:13 > 10:26]
SOAP:   5%|▍         | 1200/25834 [3:35:11 > 10:27]
SOAP:   5%|▍         | 1201/25834 [3:36:22 > 10:27]
SOAP:   5%|▍         | 1202/25834 [3:36:22 > 10:28]
SOAP:   5%|▍         | 1203/25834 [3:36:15 > 10:28]
SOAP:   5%|▍         | 1204/25834 [3:35:50 > 10:29]
SOAP:   5%|▍         | 1205/25834 [3:36:25 > 10:29]
SOAP:   5%|▍         | 1206/25834 [3:36:19 > 10:30]
SOAP:   5%|▍         | 1207/25834 [3:36:12 > 10:30]
SOAP:   5%|▍         | 1208/25834 [3:35:57 > 10:31]
SOAP:   5%|▍         | 1209/25834 [3:36:24 > 10:31]
SOAP:   5%|▍         | 1210/25834 [3:36:14 > 10:32]
SOAP:   5%|▍         | 1211/25834 [3:36:11 > 10:33]
SOAP:   5%|▍         | 1212/25834 [3:35:56 > 10:33]
SOAP:   5%|▍         | 1213/25834 [3:35:28 > 10:34]
SOAP:   5%|▍         | 1214/25834 [3:34:25 > 10:34]
SOAP:   5%|▍         | 1215/25834 [3:35:25 > 10:35]
SOAP:   5%|▍         | 1216/25834 [3:35:20 > 10:35]
SOAP:   5%|▍         | 1217/25834 [3:34:50 > 10:36]
SOAP:   5%|▍         | 1218/25834 [3:32:40 > 10:36]
SOAP:   5%|▍         | 1219/25834 [3:34:46 > 10:37]
SOAP:   5%|▍         | 1220/25834 [3:34:26 > 10:37]
SOAP:   5%|▍         | 1221/25834 [3:34:11 > 10:38]
SOAP:   5%|▍         | 1222/25834 [3:33:56 > 10:38]
SOAP:   5%|▍         | 1223/25834 [3:33:53 > 10:39]
SOAP:   5%|▍         | 1224/25834 [3:33:45 > 10:39]
SOAP:   5%|▍         | 1225/25834 [3:33:49 > 10:40]
SOAP:   5%|▍         | 1226/25834 [3:33:45 > 10:40]
SOAP:   5%|▍         | 1227/25834 [3:33:29 > 10:41]
SOAP:   5%|▍         | 1228/25834 [3:33:32 > 10:41]
SOAP:   5%|▍         | 1229/25834 [3:33:37 > 10:42]
SOAP:   5%|▍         | 1230/25834 [3:33:34 > 10:42]
SOAP:   5%|▍         | 1231/25834 [3:33:33 > 10:43]
SOAP:   5%|▍         | 1232/25834 [3:31:57 > 10:43]
SOAP:   5%|▍         | 1233/25834 [3:34:00 > 10:44]
SOAP:   5%|▍         | 1234/25834 [3:33:57 > 10:45]
SOAP:   5%|▍         | 1235/25834 [3:34:19 > 10:45]
SOAP:   5%|▍         | 1236/25834 [3:33:58 > 10:46]
SOAP:   5%|▍         | 1237/25834 [3:33:48 > 10:46]
SOAP:   5%|▍         | 1238/25834 [3:33:41 > 10:47]
SOAP:   5%|▍         | 1239/25834 [3:33:40 > 10:47]
SOAP:   5%|▍         | 1240/25834 [3:33:41 > 10:48]
SOAP:   5%|▍         | 1241/25834 [3:33:39 > 10:48]
SOAP:   5%|▍         | 1242/25834 [3:33:26 > 10:49]
SOAP:   5%|▍         | 1243/25834 [3:33:34 > 10:49]
SOAP:   5%|▍         | 1244/25834 [3:33:28 > 10:50]
SOAP:   5%|▍         | 1245/25834 [3:33:28 > 10:50]
SOAP:   5%|▍         | 1246/25834 [3:33:28 > 10:51]
SOAP:   5%|▍         | 1247/25834 [3:33:22 > 10:51]
SOAP:   5%|▍         | 1248/25834 [3:33:27 > 10:52]
SOAP:   5%|▍         | 1249/25834 [3:33:36 > 10:52]
SOAP:   5%|▍         | 1250/25834 [3:33:42 > 10:53]
SOAP:   5%|▍         | 1251/25834 [3:33:37 > 10:53]
SOAP:   5%|▍         | 1252/25834 [3:33:33 > 10:54]
SOAP:   5%|▍         | 1253/25834 [3:33:32 > 10:54]
SOAP:   5%|▍         | 1254/25834 [3:33:15 > 10:55]
SOAP:   5%|▍         | 1255/25834 [3:33:26 > 10:55]
SOAP:   5%|▍         | 1256/25834 [3:33:54 > 10:56]
SOAP:   5%|▍         | 1257/25834 [3:33:43 > 10:57]
SOAP:   5%|▍         | 1258/25834 [3:33:30 > 10:57]
SOAP:   5%|▍         | 1259/25834 [3:33:32 > 10:58]
SOAP:   5%|▍         | 1260/25834 [3:33:25 > 10:58]
SOAP:   5%|▍         | 1261/25834 [3:33:24 > 10:59]
SOAP:   5%|▍         | 1262/25834 [3:33:38 > 10:59]
SOAP:   5%|▍         | 1263/25834 [3:33:59 > 11:00]
SOAP:   5%|▍         | 1264/25834 [3:33:52 > 11:00]
SOAP:   5%|▍         | 1265/25834 [3:33:40 > 11:01]
SOAP:   5%|▍         | 1266/25834 [3:33:30 > 11:01]
SOAP:   5%|▍         | 1267/25834 [3:33:25 > 11:02]
SOAP:   5%|▍         | 1268/25834 [3:33:21 > 11:02]
SOAP:   5%|▍         | 1269/25834 [3:33:23 > 11:03]
SOAP:   5%|▍         | 1270/25834 [3:33:14 > 11:03]
SOAP:   5%|▍         | 1271/25834 [3:33:19 > 11:04]
SOAP:   5%|▍         | 1272/25834 [3:31:23 > 11:04]
SOAP:   5%|▍         | 1273/25834 [3:33:32 > 11:05]
SOAP:   5%|▍         | 1274/25834 [3:33:14 > 11:05]
SOAP:   5%|▍         | 1275/25834 [3:33:14 > 11:06]
SOAP:   5%|▍         | 1276/25834 [3:33:12 > 11:06]
SOAP:   5%|▍         | 1277/25834 [3:33:19 > 11:07]
SOAP:   5%|▍         | 1278/25834 [3:33:04 > 11:07]
SOAP:   5%|▍         | 1279/25834 [3:33:01 > 11:08]
SOAP:   5%|▍         | 1280/25834 [3:32:55 > 11:08]
SOAP:   5%|▍         | 1281/25834 [3:33:02 > 11:09]
SOAP:   5%|▍         | 1282/25834 [3:33:07 > 11:10]
SOAP:   5%|▍         | 1283/25834 [3:33:12 > 11:10]
SOAP:   5%|▍         | 1284/25834 [3:33:01 > 11:11]
SOAP:   5%|▍         | 1285/25834 [3:33:06 > 11:11]
SOAP:   5%|▍         | 1286/25834 [3:33:00 > 11:12]
SOAP:   5%|▍         | 1287/25834 [3:33:03 > 11:12]
SOAP:   5%|▍         | 1288/25834 [3:33:02 > 11:13]
SOAP:   5%|▍         | 1289/25834 [3:33:06 > 11:13]
SOAP:   5%|▍         | 1290/25834 [3:32:56 > 11:14]
SOAP:   5%|▍         | 1291/25834 [3:32:56 > 11:14]
SOAP:   5%|▌         | 1292/25834 [3:32:54 > 11:15]
SOAP:   5%|▌         | 1293/25834 [3:32:59 > 11:15]
SOAP:   5%|▌         | 1294/25834 [3:32:02 > 11:16]
SOAP:   5%|▌         | 1295/25834 [3:31:55 > 11:16]
SOAP:   5%|▌         | 1296/25834 [3:33:51 > 11:17]
SOAP:   5%|▌         | 1297/25834 [3:33:29 > 11:17]
SOAP:   5%|▌         | 1298/25834 [3:33:26 > 11:18]
SOAP:   5%|▌         | 1299/25834 [3:33:18 > 11:18]
SOAP:   5%|▌         | 1300/25834 [3:33:11 > 11:19]
SOAP:   5%|▌         | 1301/25834 [3:35:04 > 11:19]
SOAP:   5%|▌         | 1302/25834 [3:33:28 > 11:20]
SOAP:   5%|▌         | 1303/25834 [3:33:14 > 11:20]
SOAP:   5%|▌         | 1304/25834 [3:33:16 > 11:21]
SOAP:   5%|▌         | 1305/25834 [3:33:03 > 11:22]
SOAP:   5%|▌         | 1306/25834 [3:33:00 > 11:22]
SOAP:   5%|▌         | 1307/25834 [3:32:54 > 11:23]
SOAP:   5%|▌         | 1308/25834 [3:32:54 > 11:23]
SOAP:   5%|▌         | 1309/25834 [3:32:45 > 11:24]
SOAP:   5%|▌         | 1310/25834 [3:32:41 > 11:24]
SOAP:   5%|▌         | 1311/25834 [3:31:23 > 11:25]
SOAP:   5%|▌         | 1312/25834 [3:33:08 > 11:25]
SOAP:   5%|▌         | 1313/25834 [3:32:43 > 11:26]
SOAP:   5%|▌         | 1314/25834 [3:33:02 > 11:26]
SOAP:   5%|▌         | 1315/25834 [3:32:57 > 11:27]
SOAP:   5%|▌         | 1316/25834 [3:32:56 > 11:27]
SOAP:   5%|▌         | 1317/25834 [3:32:38 > 11:28]
SOAP:   5%|▌         | 1318/25834 [3:31:08 > 11:28]
SOAP:   5%|▌         | 1319/25834 [3:33:07 > 11:29]
SOAP:   5%|▌         | 1320/25834 [3:32:55 > 11:29]
SOAP:   5%|▌         | 1321/25834 [3:32:55 > 11:30]
SOAP:   5%|▌         | 1322/25834 [3:32:47 > 11:30]
SOAP:   5%|▌         | 1323/25834 [3:31:08 > 11:31]
SOAP:   5%|▌         | 1324/25834 [3:33:22 > 11:31]
SOAP:   5%|▌         | 1325/25834 [3:33:12 > 11:32]
SOAP:   5%|▌         | 1326/25834 [3:32:59 > 11:32]
SOAP:   5%|▌         | 1327/25834 [3:33:05 > 11:33]
SOAP:   5%|▌         | 1328/25834 [3:32:45 > 11:33]
SOAP:   5%|▌         | 1329/25834 [3:32:46 > 11:34]
SOAP:   5%|▌         | 1330/25834 [3:32:38 > 11:35]
SOAP:   5%|▌         | 1331/25834 [3:32:38 > 11:35]
SOAP:   5%|▌         | 1332/25834 [3:32:38 > 11:36]
SOAP:   5%|▌         | 1333/25834 [3:32:36 > 11:36]
SOAP:   5%|▌         | 1334/25834 [3:32:35 > 11:37]
SOAP:   5%|▌         | 1335/25834 [3:32:31 > 11:37]
SOAP:   5%|▌         | 1336/25834 [3:32:27 > 11:38]
SOAP:   5%|▌         | 1337/25834 [3:32:45 > 11:38]
SOAP:   5%|▌         | 1338/25834 [3:32:39 > 11:39]
SOAP:   5%|▌         | 1339/25834 [3:32:38 > 11:39]
SOAP:   5%|▌         | 1340/25834 [3:31:07 > 11:40]
SOAP:   5%|▌         | 1341/25834 [3:33:08 > 11:40]
SOAP:   5%|▌         | 1342/25834 [3:32:56 > 11:41]
SOAP:   5%|▌         | 1343/25834 [3:31:12 > 11:41]
SOAP:   5%|▌         | 1344/25834 [3:33:06 > 11:42]
SOAP:   5%|▌         | 1345/25834 [3:32:57 > 11:42]
SOAP:   5%|▌         | 1346/25834 [3:32:43 > 11:43]
SOAP:   5%|▌         | 1347/25834 [3:32:28 > 11:43]
SOAP:   5%|▌         | 1348/25834 [3:32:36 > 11:44]
SOAP:   5%|▌         | 1349/25834 [3:32:33 > 11:44]
SOAP:   5%|▌         | 1350/25834 [3:32:36 > 11:45]
SOAP:   5%|▌         | 1351/25834 [3:32:33 > 11:45]
SOAP:   5%|▌         | 1352/25834 [3:32:34 > 11:46]
SOAP:   5%|▌         | 1353/25834 [3:32:25 > 11:47]
SOAP:   5%|▌         | 1354/25834 [3:32:30 > 11:47]
SOAP:   5%|▌         | 1355/25834 [3:32:33 > 11:48]
SOAP:   5%|▌         | 1356/25834 [3:32:29 > 11:48]
SOAP:   5%|▌         | 1357/25834 [3:32:32 > 11:49]
SOAP:   5%|▌         | 1358/25834 [3:32:36 > 11:49]
SOAP:   5%|▌         | 1359/25834 [3:30:43 > 11:50]
SOAP:   5%|▌         | 1360/25834 [3:33:02 > 11:50]
SOAP:   5%|▌         | 1361/25834 [3:32:39 > 11:51]
SOAP:   5%|▌         | 1362/25834 [3:32:39 > 11:51]
SOAP:   5%|▌         | 1363/25834 [3:32:36 > 11:52]
SOAP:   5%|▌         | 1364/25834 [3:32:33 > 11:52]
SOAP:   5%|▌         | 1365/25834 [3:32:22 > 11:53]
SOAP:   5%|▌         | 1366/25834 [3:32:27 > 11:53]
SOAP:   5%|▌         | 1367/25834 [3:32:19 > 11:54]
SOAP:   5%|▌         | 1368/25834 [3:32:22 > 11:54]
SOAP:   5%|▌         | 1369/25834 [3:30:39 > 11:55]
SOAP:   5%|▌         | 1370/25834 [3:32:51 > 11:55]
SOAP:   5%|▌         | 1371/25834 [3:32:38 > 11:56]
SOAP:   5%|▌         | 1372/25834 [3:32:32 > 11:56]
SOAP:   5%|▌         | 1373/25834 [3:32:37 > 11:57]
SOAP:   5%|▌         | 1374/25834 [3:32:25 > 11:57]
SOAP:   5%|▌         | 1375/25834 [3:32:23 > 11:58]
SOAP:   5%|▌         | 1376/25834 [3:32:24 > 11:58]
SOAP:   5%|▌         | 1377/25834 [3:32:40 > 11:59]
SOAP:   5%|▌         | 1378/25834 [3:32:48 > 12:00]
SOAP:   5%|▌         | 1379/25834 [3:31:56 > 12:00]
SOAP:   5%|▌         | 1380/25834 [3:32:41 > 12:01]
SOAP:   5%|▌         | 1381/25834 [3:32:27 > 12:01]
SOAP:   5%|▌         | 1382/25834 [3:32:25 > 12:02]
SOAP:   5%|▌         | 1383/25834 [3:32:19 > 12:02]
SOAP:   5%|▌         | 1384/25834 [3:32:03 > 12:03]
SOAP:   5%|▌         | 1385/25834 [3:32:06 > 12:03]
SOAP:   5%|▌         | 1386/25834 [3:32:07 > 12:04]
SOAP:   5%|▌         | 1387/25834 [3:32:14 > 12:04]
SOAP:   5%|▌         | 1388/25834 [3:32:07 > 12:05]
SOAP:   5%|▌         | 1389/25834 [3:32:09 > 12:05]
SOAP:   5%|▌         | 1390/25834 [3:32:10 > 12:06]
SOAP:   5%|▌         | 1391/25834 [3:32:10 > 12:06]
SOAP:   5%|▌         | 1392/25834 [3:32:08 > 12:07]
SOAP:   5%|▌         | 1393/25834 [3:32:09 > 12:07]
SOAP:   5%|▌         | 1394/25834 [3:32:04 > 12:08]
SOAP:   5%|▌         | 1395/25834 [3:32:06 > 12:08]
SOAP:   5%|▌         | 1396/25834 [3:32:06 > 12:09]
SOAP:   5%|▌         | 1397/25834 [3:32:00 > 12:09]
SOAP:   5%|▌         | 1398/25834 [3:32:05 > 12:10]
SOAP:   5%|▌         | 1399/25834 [3:32:15 > 12:10]
SOAP:   5%|▌         | 1400/25834 [3:32:09 > 12:11]
SOAP:   5%|▌         | 1401/25834 [3:34:04 > 12:12]
SOAP:   5%|▌         | 1402/25834 [3:32:31 > 12:12]
SOAP:   5%|▌         | 1403/25834 [3:32:19 > 12:13]
SOAP:   5%|▌         | 1404/25834 [3:32:15 > 12:13]
SOAP:   5%|▌         | 1405/25834 [3:32:05 > 12:14]
SOAP:   5%|▌         | 1406/25834 [3:32:04 > 12:14]
SOAP:   5%|▌         | 1407/25834 [3:32:15 > 12:15]
SOAP:   5%|▌         | 1408/25834 [3:30:58 > 12:15]
SOAP:   5%|▌         | 1409/25834 [3:32:58 > 12:16]
SOAP:   5%|▌         | 1410/25834 [3:32:43 > 12:16]
SOAP:   5%|▌         | 1411/25834 [3:32:32 > 12:17]
SOAP:   5%|▌         | 1412/25834 [3:32:24 > 12:17]
SOAP:   5%|▌         | 1413/25834 [3:32:15 > 12:18]
SOAP:   5%|▌         | 1414/25834 [3:32:18 > 12:18]
SOAP:   5%|▌         | 1415/25834 [3:32:14 > 12:19]
SOAP:   5%|▌         | 1416/25834 [3:32:02 > 12:19]
SOAP:   5%|▌         | 1417/25834 [3:32:02 > 12:20]
SOAP:   5%|▌         | 1418/25834 [3:32:00 > 12:20]
SOAP:   5%|▌         | 1419/25834 [3:32:03 > 12:21]
SOAP:   5%|▌         | 1420/25834 [3:32:03 > 12:21]
SOAP:   6%|▌         | 1421/25834 [3:31:55 > 12:22]
SOAP:   6%|▌         | 1422/25834 [3:32:01 > 12:22]
SOAP:   6%|▌         | 1423/25834 [3:32:04 > 12:23]
SOAP:   6%|▌         | 1424/25834 [3:32:04 > 12:24]
SOAP:   6%|▌         | 1425/25834 [3:31:52 > 12:24]
SOAP:   6%|▌         | 1426/25834 [3:31:51 > 12:25]
SOAP:   6%|▌         | 1427/25834 [3:31:47 > 12:25]
SOAP:   6%|▌         | 1428/25834 [3:31:46 > 12:26]
SOAP:   6%|▌         | 1429/25834 [3:31:51 > 12:26]
SOAP:   6%|▌         | 1430/25834 [3:31:48 > 12:27]
SOAP:   6%|▌         | 1431/25834 [3:31:45 > 12:27]
SOAP:   6%|▌         | 1432/25834 [3:31:46 > 12:28]
SOAP:   6%|▌         | 1433/25834 [3:31:36 > 12:28]
SOAP:   6%|▌         | 1434/25834 [3:31:42 > 12:29]
SOAP:   6%|▌         | 1435/25834 [3:31:46 > 12:29]
SOAP:   6%|▌         | 1436/25834 [3:31:37 > 12:30]
SOAP:   6%|▌         | 1437/25834 [3:31:44 > 12:30]
SOAP:   6%|▌         | 1438/25834 [3:31:40 > 12:31]
SOAP:   6%|▌         | 1439/25834 [3:31:41 > 12:31]
SOAP:   6%|▌         | 1440/25834 [3:31:32 > 12:32]
SOAP:   6%|▌         | 1441/25834 [3:31:34 > 12:32]
SOAP:   6%|▌         | 1442/25834 [3:31:08 > 12:33]
SOAP:   6%|▌         | 1443/25834 [3:31:18 > 12:33]
SOAP:   6%|▌         | 1444/25834 [3:31:25 > 12:34]
SOAP:   6%|▌         | 1445/25834 [3:31:30 > 12:34]
SOAP:   6%|▌         | 1446/25834 [3:31:33 > 12:35]
SOAP:   6%|▌         | 1447/25834 [3:30:58 > 12:35]
SOAP:   6%|▌         | 1448/25834 [3:31:53 > 12:36]
SOAP:   6%|▌         | 1449/25834 [3:31:44 > 12:37]
SOAP:   6%|▌         | 1450/25834 [3:31:44 > 12:37]
SOAP:   6%|▌         | 1451/25834 [3:31:46 > 12:38]
SOAP:   6%|▌         | 1452/25834 [3:31:49 > 12:38]
SOAP:   6%|▌         | 1453/25834 [3:31:42 > 12:39]
SOAP:   6%|▌         | 1454/25834 [3:31:40 > 12:39]
SOAP:   6%|▌         | 1455/25834 [3:31:50 > 12:40]
SOAP:   6%|▌         | 1456/25834 [3:31:47 > 12:40]
SOAP:   6%|▌         | 1457/25834 [3:31:45 > 12:41]
SOAP:   6%|▌         | 1458/25834 [3:31:31 > 12:41]
SOAP:   6%|▌         | 1459/25834 [3:31:29 > 12:42]
SOAP:   6%|▌         | 1460/25834 [3:31:31 > 12:42]
SOAP:   6%|▌         | 1461/25834 [3:31:35 > 12:43]
SOAP:   6%|▌         | 1462/25834 [3:31:32 > 12:43]
SOAP:   6%|▌         | 1463/25834 [3:31:34 > 12:44]
SOAP:   6%|▌         | 1464/25834 [3:31:30 > 12:44]
SOAP:   6%|▌         | 1465/25834 [3:31:24 > 12:45]
SOAP:   6%|▌         | 1466/25834 [3:31:27 > 12:45]
SOAP:   6%|▌         | 1467/25834 [3:31:27 > 12:46]
SOAP:   6%|▌         | 1468/25834 [3:31:26 > 12:46]
SOAP:   6%|▌         | 1469/25834 [3:31:31 > 12:47]
SOAP:   6%|▌         | 1470/25834 [3:31:35 > 12:47]
SOAP:   6%|▌         | 1471/25834 [3:31:35 > 12:48]
SOAP:   6%|▌         | 1472/25834 [3:31:33 > 12:48]
SOAP:   6%|▌         | 1473/25834 [3:31:33 > 12:49]
SOAP:   6%|▌         | 1474/25834 [3:31:37 > 12:50]
SOAP:   6%|▌         | 1475/25834 [3:31:37 > 12:50]
SOAP:   6%|▌         | 1476/25834 [3:31:27 > 12:51]
SOAP:   6%|▌         | 1477/25834 [3:31:30 > 12:51]
SOAP:   6%|▌         | 1478/25834 [3:31:23 > 12:52]
SOAP:   6%|▌         | 1479/25834 [3:31:28 > 12:52]
SOAP:   6%|▌         | 1480/25834 [3:31:20 > 12:53]
SOAP:   6%|▌         | 1481/25834 [3:31:20 > 12:53]
SOAP:   6%|▌         | 1482/25834 [3:31:21 > 12:54]
SOAP:   6%|▌         | 1483/25834 [3:31:24 > 12:54]
SOAP:   6%|▌         | 1484/25834 [3:31:20 > 12:55]
SOAP:   6%|▌         | 1485/25834 [3:31:28 > 12:55]
SOAP:   6%|▌         | 1486/25834 [3:31:23 > 12:56]
SOAP:   6%|▌         | 1487/25834 [3:31:29 > 12:56]
SOAP:   6%|▌         | 1488/25834 [3:31:33 > 12:57]
SOAP:   6%|▌         | 1489/25834 [3:31:26 > 12:57]
SOAP:   6%|▌         | 1490/25834 [3:31:20 > 12:58]
SOAP:   6%|▌         | 1491/25834 [3:31:24 > 12:58]
SOAP:   6%|▌         | 1492/25834 [3:31:34 > 12:59]
SOAP:   6%|▌         | 1493/25834 [3:32:04 > 12:59]
SOAP:   6%|▌         | 1494/25834 [3:31:39 > 13:00]
SOAP:   6%|▌         | 1495/25834 [3:31:26 > 13:00]
SOAP:   6%|▌         | 1496/25834 [3:31:19 > 13:01]
SOAP:   6%|▌         | 1497/25834 [3:31:22 > 13:02]
SOAP:   6%|▌         | 1498/25834 [3:31:12 > 13:02]
SOAP:   6%|▌         | 1499/25834 [3:31:16 > 13:03]
SOAP:   6%|▌         | 1500/25834 [3:31:16 > 13:03]
SOAP:   6%|▌         | 1501/25834 [3:33:21 > 13:04]
SOAP:   6%|▌         | 1502/25834 [3:31:41 > 13:04]
SOAP:   6%|▌         | 1503/25834 [3:31:45 > 13:05]
SOAP:   6%|▌         | 1504/25834 [3:32:07 > 13:05]
SOAP:   6%|▌         | 1505/25834 [3:30:03 > 13:06]
SOAP:   6%|▌         | 1506/25834 [3:32:06 > 13:06]
SOAP:   6%|▌         | 1507/25834 [3:30:16 > 13:07]
SOAP:   6%|▌         | 1508/25834 [3:32:16 > 13:07]
SOAP:   6%|▌         | 1509/25834 [3:31:53 > 13:08]
SOAP:   6%|▌         | 1510/25834 [3:31:37 > 13:08]
SOAP:   6%|▌         | 1511/25834 [3:31:30 > 13:09]
SOAP:   6%|▌         | 1512/25834 [3:29:39 > 13:09]
SOAP:   6%|▌         | 1513/25834 [3:31:45 > 13:10]
SOAP:   6%|▌         | 1514/25834 [3:31:26 > 13:10]
SOAP:   6%|▌         | 1515/25834 [3:31:12 > 13:11]
SOAP:   6%|▌         | 1516/25834 [3:31:11 > 13:11]
SOAP:   6%|▌         | 1517/25834 [3:31:19 > 13:12]
SOAP:   6%|▌         | 1518/25834 [3:31:08 > 13:12]
SOAP:   6%|▌         | 1519/25834 [3:31:11 > 13:13]
SOAP:   6%|▌         | 1520/25834 [3:31:09 > 13:14]
SOAP:   6%|▌         | 1521/25834 [3:30:58 > 13:14]
SOAP:   6%|▌         | 1522/25834 [3:31:02 > 13:15]
SOAP:   6%|▌         | 1523/25834 [3:29:19 > 13:15]
SOAP:   6%|▌         | 1524/25834 [3:31:48 > 13:16]
SOAP:   6%|▌         | 1525/25834 [3:32:24 > 13:16]
SOAP:   6%|▌         | 1526/25834 [3:32:04 > 13:17]
SOAP:   6%|▌         | 1527/25834 [3:31:47 > 13:17]
SOAP:   6%|▌         | 1528/25834 [3:31:31 > 13:18]
SOAP:   6%|▌         | 1529/25834 [3:31:27 > 13:18]
SOAP:   6%|▌         | 1530/25834 [3:31:28 > 13:19]
SOAP:   6%|▌         | 1531/25834 [3:31:10 > 13:19]
SOAP:   6%|▌         | 1532/25834 [3:29:27 > 13:20]
SOAP:   6%|▌         | 1533/25834 [3:31:20 > 13:20]
SOAP:   6%|▌         | 1534/25834 [3:31:10 > 13:21]
SOAP:   6%|▌         | 1535/25834 [3:31:06 > 13:21]
SOAP:   6%|▌         | 1536/25834 [3:31:10 > 13:22]
SOAP:   6%|▌         | 1537/25834 [3:31:02 > 13:22]
SOAP:   6%|▌         | 1538/25834 [3:31:02 > 13:23]
SOAP:   6%|▌         | 1539/25834 [3:30:49 > 13:23]
SOAP:   6%|▌         | 1540/25834 [3:30:53 > 13:24]
SOAP:   6%|▌         | 1541/25834 [3:30:57 > 13:24]
SOAP:   6%|▌         | 1542/25834 [3:30:58 > 13:25]
SOAP:   6%|▌         | 1543/25834 [3:30:51 > 13:26]
SOAP:   6%|▌         | 1544/25834 [3:29:09 > 13:26]
SOAP:   6%|▌         | 1545/25834 [3:31:20 > 13:27]
SOAP:   6%|▌         | 1546/25834 [3:31:16 > 13:27]
SOAP:   6%|▌         | 1547/25834 [3:30:53 > 13:28]
SOAP:   6%|▌         | 1548/25834 [3:30:56 > 13:28]
SOAP:   6%|▌         | 1549/25834 [3:30:48 > 13:29]
SOAP:   6%|▌         | 1550/25834 [3:30:40 > 13:29]
SOAP:   6%|▌         | 1551/25834 [3:30:36 > 13:30]
SOAP:   6%|▌         | 1552/25834 [3:30:29 > 13:30]
SOAP:   6%|▌         | 1553/25834 [3:30:37 > 13:31]
SOAP:   6%|▌         | 1554/25834 [3:30:30 > 13:31]
SOAP:   6%|▌         | 1555/25834 [3:30:28 > 13:32]
SOAP:   6%|▌         | 1556/25834 [3:30:30 > 13:32]
SOAP:   6%|▌         | 1557/25834 [3:30:32 > 13:33]
SOAP:   6%|▌         | 1558/25834 [3:30:41 > 13:33]
SOAP:   6%|▌         | 1559/25834 [3:30:36 > 13:34]
SOAP:   6%|▌         | 1560/25834 [3:30:38 > 13:34]
SOAP:   6%|▌         | 1561/25834 [3:30:41 > 13:35]
SOAP:   6%|▌         | 1562/25834 [3:30:40 > 13:35]
SOAP:   6%|▌         | 1563/25834 [3:30:40 > 13:36]
SOAP:   6%|▌         | 1564/25834 [3:30:58 > 13:36]
SOAP:   6%|▌         | 1565/25834 [3:31:21 > 13:37]
SOAP:   6%|▌         | 1566/25834 [3:30:56 > 13:37]
SOAP:   6%|▌         | 1567/25834 [3:30:48 > 13:38]
SOAP:   6%|▌         | 1568/25834 [3:30:27 > 13:39]
SOAP:   6%|▌         | 1569/25834 [3:30:36 > 13:39]
SOAP:   6%|▌         | 1570/25834 [3:30:21 > 13:40]
SOAP:   6%|▌         | 1571/25834 [3:30:29 > 13:40]
SOAP:   6%|▌         | 1572/25834 [3:30:10 > 13:41]
SOAP:   6%|▌         | 1573/25834 [3:30:22 > 13:41]
SOAP:   6%|▌         | 1574/25834 [3:30:25 > 13:42]
SOAP:   6%|▌         | 1575/25834 [3:30:30 > 13:42]
SOAP:   6%|▌         | 1576/25834 [3:30:31 > 13:43]
SOAP:   6%|▌         | 1577/25834 [3:30:28 > 13:43]
SOAP:   6%|▌         | 1578/25834 [3:30:26 > 13:44]
SOAP:   6%|▌         | 1579/25834 [3:30:30 > 13:44]
SOAP:   6%|▌         | 1580/25834 [3:28:40 > 13:45]
SOAP:   6%|▌         | 1581/25834 [3:30:55 > 13:45]
SOAP:   6%|▌         | 1582/25834 [3:30:41 > 13:46]
SOAP:   6%|▌         | 1583/25834 [3:30:33 > 13:46]
SOAP:   6%|▌         | 1584/25834 [3:30:47 > 13:47]
SOAP:   6%|▌         | 1585/25834 [3:30:39 > 13:47]
SOAP:   6%|▌         | 1586/25834 [3:30:33 > 13:48]
SOAP:   6%|▌         | 1587/25834 [3:30:31 > 13:48]
SOAP:   6%|▌         | 1588/25834 [3:30:25 > 13:49]
SOAP:   6%|▌         | 1589/25834 [3:30:27 > 13:49]
SOAP:   6%|▌         | 1590/25834 [3:30:20 > 13:50]
SOAP:   6%|▌         | 1591/25834 [3:30:21 > 13:50]
SOAP:   6%|▌         | 1592/25834 [3:30:32 > 13:51]
SOAP:   6%|▌         | 1593/25834 [3:28:54 > 13:52]
SOAP:   6%|▌         | 1594/25834 [3:30:57 > 13:52]
SOAP:   6%|▌         | 1595/25834 [3:30:47 > 13:53]
SOAP:   6%|▌         | 1596/25834 [3:30:37 > 13:53]
SOAP:   6%|▌         | 1597/25834 [3:30:26 > 13:54]
SOAP:   6%|▌         | 1598/25834 [3:30:36 > 13:54]
SOAP:   6%|▌         | 1599/25834 [3:30:25 > 13:55]
SOAP:   6%|▌         | 1600/25834 [3:30:25 > 13:55]
SOAP:   6%|▌         | 1601/25834 [3:32:29 > 13:56]
SOAP:   6%|▌         | 1602/25834 [3:30:53 > 13:56]
SOAP:   6%|▌         | 1603/25834 [3:30:45 > 13:57]
SOAP:   6%|▌         | 1604/25834 [3:30:44 > 13:57]
SOAP:   6%|▌         | 1605/25834 [3:29:18 > 13:58]
SOAP:   6%|▌         | 1606/25834 [3:31:16 > 13:58]
SOAP:   6%|▌         | 1607/25834 [3:30:56 > 13:59]
SOAP:   6%|▌         | 1608/25834 [3:30:45 > 13:59]
SOAP:   6%|▌         | 1609/25834 [3:31:00 > 14:00]
SOAP:   6%|▌         | 1610/25834 [3:31:05 > 14:00]
SOAP:   6%|▌         | 1611/25834 [3:30:51 > 14:01]
SOAP:   6%|▌         | 1612/25834 [3:30:45 > 14:01]
SOAP:   6%|▌         | 1613/25834 [3:30:40 > 14:02]
SOAP:   6%|▌         | 1614/25834 [3:30:31 > 14:03]
SOAP:   6%|▋         | 1615/25834 [3:30:29 > 14:03]
SOAP:   6%|▋         | 1616/25834 [3:30:19 > 14:04]
SOAP:   6%|▋         | 1617/25834 [3:30:19 > 14:04]
SOAP:   6%|▋         | 1618/25834 [3:30:22 > 14:05]
SOAP:   6%|▋         | 1619/25834 [3:30:20 > 14:05]
SOAP:   6%|▋         | 1620/25834 [3:30:11 > 14:06]
SOAP:   6%|▋         | 1621/25834 [3:30:09 > 14:06]
SOAP:   6%|▋         | 1622/25834 [3:30:02 > 14:07]
SOAP:   6%|▋         | 1623/25834 [3:30:00 > 14:07]
SOAP:   6%|▋         | 1624/25834 [3:30:04 > 14:08]
SOAP:   6%|▋         | 1625/25834 [3:30:17 > 14:08]
SOAP:   6%|▋         | 1626/25834 [3:30:09 > 14:09]
SOAP:   6%|▋         | 1627/25834 [3:30:11 > 14:09]
SOAP:   6%|▋         | 1628/25834 [3:30:14 > 14:10]
SOAP:   6%|▋         | 1629/25834 [3:30:19 > 14:10]
SOAP:   6%|▋         | 1630/25834 [3:30:17 > 14:11]
SOAP:   6%|▋         | 1631/25834 [3:30:06 > 14:11]
SOAP:   6%|▋         | 1632/25834 [3:30:08 > 14:12]
SOAP:   6%|▋         | 1633/25834 [3:30:01 > 14:12]
SOAP:   6%|▋         | 1634/25834 [3:30:09 > 14:13]
SOAP:   6%|▋         | 1635/25834 [3:30:04 > 14:13]
SOAP:   6%|▋         | 1636/25834 [3:30:02 > 14:14]
SOAP:   6%|▋         | 1637/25834 [3:29:58 > 14:14]
SOAP:   6%|▋         | 1638/25834 [3:30:04 > 14:15]
SOAP:   6%|▋         | 1639/25834 [3:29:58 > 14:16]
SOAP:   6%|▋         | 1640/25834 [3:29:57 > 14:16]
SOAP:   6%|▋         | 1641/25834 [3:28:17 > 14:17]
SOAP:   6%|▋         | 1642/25834 [3:30:24 > 14:17]
SOAP:   6%|▋         | 1643/25834 [3:30:14 > 14:18]
SOAP:   6%|▋         | 1644/25834 [3:30:17 > 14:18]
SOAP:   6%|▋         | 1645/25834 [3:30:01 > 14:19]
SOAP:   6%|▋         | 1646/25834 [3:30:05 > 14:19]
SOAP:   6%|▋         | 1647/25834 [3:29:53 > 14:20]
SOAP:   6%|▋         | 1648/25834 [3:29:55 > 14:20]
SOAP:   6%|▋         | 1649/25834 [3:29:31 > 14:21]
SOAP:   6%|▋         | 1650/25834 [3:29:49 > 14:21]
SOAP:   6%|▋         | 1651/25834 [3:29:53 > 14:22]
SOAP:   6%|▋         | 1652/25834 [3:29:56 > 14:22]
SOAP:   6%|▋         | 1653/25834 [3:29:57 > 14:23]
SOAP:   6%|▋         | 1654/25834 [3:29:49 > 14:23]
SOAP:   6%|▋         | 1655/25834 [3:29:53 > 14:24]
SOAP:   6%|▋         | 1656/25834 [3:29:53 > 14:24]
SOAP:   6%|▋         | 1657/25834 [3:29:54 > 14:25]
SOAP:   6%|▋         | 1658/25834 [3:29:45 > 14:25]
SOAP:   6%|▋         | 1659/25834 [3:29:48 > 14:26]
SOAP:   6%|▋         | 1660/25834 [3:29:36 > 14:26]
SOAP:   6%|▋         | 1661/25834 [3:29:50 > 14:27]
SOAP:   6%|▋         | 1662/25834 [3:29:48 > 14:27]
SOAP:   6%|▋         | 1663/25834 [3:29:46 > 14:28]
SOAP:   6%|▋         | 1664/25834 [3:29:46 > 14:29]
SOAP:   6%|▋         | 1665/25834 [3:29:40 > 14:29]
SOAP:   6%|▋         | 1666/25834 [3:29:39 > 14:30]
SOAP:   6%|▋         | 1667/25834 [3:29:45 > 14:30]
SOAP:   6%|▋         | 1668/25834 [3:29:44 > 14:31]
SOAP:   6%|▋         | 1669/25834 [3:29:35 > 14:31]
SOAP:   6%|▋         | 1670/25834 [3:29:46 > 14:32]
SOAP:   6%|▋         | 1671/25834 [3:29:47 > 14:32]
SOAP:   6%|▋         | 1672/25834 [3:29:45 > 14:33]
SOAP:   6%|▋         | 1673/25834 [3:29:50 > 14:33]
SOAP:   6%|▋         | 1674/25834 [3:29:40 > 14:34]
SOAP:   6%|▋         | 1675/25834 [3:29:35 > 14:34]
SOAP:   6%|▋         | 1676/25834 [3:29:31 > 14:35]
SOAP:   6%|▋         | 1677/25834 [3:29:36 > 14:35]
SOAP:   6%|▋         | 1678/25834 [3:29:37 > 14:36]
SOAP:   6%|▋         | 1679/25834 [3:29:56 > 14:36]
SOAP:   7%|▋         | 1680/25834 [3:28:34 > 14:37]
SOAP:   7%|▋         | 1681/25834 [3:30:49 > 14:37]
SOAP:   7%|▋         | 1682/25834 [3:31:18 > 14:38]
SOAP:   7%|▋         | 1683/25834 [3:31:29 > 14:38]
SOAP:   7%|▋         | 1684/25834 [3:31:31 > 14:39]
SOAP:   7%|▋         | 1685/25834 [3:31:37 > 14:40]
SOAP:   7%|▋         | 1686/25834 [3:31:45 > 14:40]
SOAP:   7%|▋         | 1687/25834 [3:31:56 > 14:41]
SOAP:   7%|▋         | 1688/25834 [3:31:51 > 14:41]
SOAP:   7%|▋         | 1689/25834 [3:31:53 > 14:42]
SOAP:   7%|▋         | 1690/25834 [3:31:51 > 14:42]
SOAP:   7%|▋         | 1691/25834 [3:31:52 > 14:43]
SOAP:   7%|▋         | 1692/25834 [3:31:54 > 14:43]
SOAP:   7%|▋         | 1693/25834 [3:31:50 > 14:44]
SOAP:   7%|▋         | 1694/25834 [3:31:57 > 14:44]
SOAP:   7%|▋         | 1695/25834 [3:32:02 > 14:45]
SOAP:   7%|▋         | 1696/25834 [3:31:48 > 14:45]
SOAP:   7%|▋         | 1697/25834 [3:31:40 > 14:46]
SOAP:   7%|▋         | 1698/25834 [3:31:38 > 14:46]
SOAP:   7%|▋         | 1699/25834 [3:31:43 > 14:47]
SOAP:   7%|▋         | 1700/25834 [3:31:47 > 14:47]
SOAP:   7%|▋         | 1701/25834 [3:33:01 > 14:48]
SOAP:   7%|▋         | 1702/25834 [3:32:37 > 14:48]
SOAP:   7%|▋         | 1703/25834 [3:32:21 > 14:49]
SOAP:   7%|▋         | 1704/25834 [3:32:15 > 14:50]
SOAP:   7%|▋         | 1705/25834 [3:32:18 > 14:50]
SOAP:   7%|▋         | 1706/25834 [3:31:59 > 14:51]
SOAP:   7%|▋         | 1707/25834 [3:31:55 > 14:51]
SOAP:   7%|▋         | 1708/25834 [3:31:51 > 14:52]
SOAP:   7%|▋         | 1709/25834 [3:31:57 > 14:52]
SOAP:   7%|▋         | 1710/25834 [3:31:49 > 14:53]
SOAP:   7%|▋         | 1711/25834 [3:31:44 > 14:53]
SOAP:   7%|▋         | 1712/25834 [3:31:41 > 14:54]
SOAP:   7%|▋         | 1713/25834 [3:31:43 > 14:54]
SOAP:   7%|▋         | 1714/25834 [3:31:54 > 14:55]
SOAP:   7%|▋         | 1715/25834 [3:31:56 > 14:55]
SOAP:   7%|▋         | 1716/25834 [3:31:19 > 14:56]
SOAP:   7%|▋         | 1717/25834 [3:31:13 > 14:56]
SOAP:   7%|▋         | 1718/25834 [3:31:23 > 14:57]
SOAP:   7%|▋         | 1719/25834 [3:31:16 > 14:57]
SOAP:   7%|▋         | 1720/25834 [3:29:26 > 14:58]
SOAP:   7%|▋         | 1721/25834 [3:31:21 > 14:58]
SOAP:   7%|▋         | 1722/25834 [3:31:21 > 14:59]
SOAP:   7%|▋         | 1723/25834 [3:31:09 > 15:00]
SOAP:   7%|▋         | 1724/25834 [3:30:58 > 15:00]
SOAP:   7%|▋         | 1725/25834 [3:31:07 > 15:01]
SOAP:   7%|▋         | 1726/25834 [3:31:10 > 15:01]
SOAP:   7%|▋         | 1727/25834 [3:31:17 > 15:02]
SOAP:   7%|▋         | 1728/25834 [3:31:25 > 15:02]
SOAP:   7%|▋         | 1729/25834 [3:31:28 > 15:03]
SOAP:   7%|▋         | 1730/25834 [3:30:55 > 15:03]
SOAP:   7%|▋         | 1731/25834 [3:30:57 > 15:04]
SOAP:   7%|▋         | 1732/25834 [3:31:22 > 15:04]
SOAP:   7%|▋         | 1733/25834 [3:31:20 > 15:05]
SOAP:   7%|▋         | 1734/25834 [3:31:20 > 15:05]
SOAP:   7%|▋         | 1735/25834 [3:31:23 > 15:06]
SOAP:   7%|▋         | 1736/25834 [3:31:24 > 15:06]
SOAP:   7%|▋         | 1737/25834 [3:31:31 > 15:07]
SOAP:   7%|▋         | 1738/25834 [3:31:29 > 15:07]
SOAP:   7%|▋         | 1739/25834 [3:31:25 > 15:08]
SOAP:   7%|▋         | 1740/25834 [3:31:15 > 15:08]
SOAP:   7%|▋         | 1741/25834 [3:31:10 > 15:09]
SOAP:   7%|▋         | 1742/25834 [3:29:35 > 15:09]
SOAP:   7%|▋         | 1743/25834 [3:31:07 > 15:10]
SOAP:   7%|▋         | 1744/25834 [3:31:10 > 15:11]
SOAP:   7%|▋         | 1745/25834 [3:31:09 > 15:11]
SOAP:   7%|▋         | 1746/25834 [3:30:49 > 15:12]
SOAP:   7%|▋         | 1747/25834 [3:30:59 > 15:12]
SOAP:   7%|▋         | 1748/25834 [3:30:58 > 15:13]
SOAP:   7%|▋         | 1749/25834 [3:31:08 > 15:13]
SOAP:   7%|▋         | 1750/25834 [3:31:06 > 15:14]
SOAP:   7%|▋         | 1751/25834 [3:31:08 > 15:14]
SOAP:   7%|▋         | 1752/25834 [3:31:24 > 15:15]
SOAP:   7%|▋         | 1753/25834 [3:31:22 > 15:15]
SOAP:   7%|▋         | 1754/25834 [3:31:19 > 15:16]
SOAP:   7%|▋         | 1755/25834 [3:31:15 > 15:16]
SOAP:   7%|▋         | 1756/25834 [3:31:04 > 15:17]
SOAP:   7%|▋         | 1757/25834 [3:30:50 > 15:17]
SOAP:   7%|▋         | 1758/25834 [3:30:55 > 15:18]
SOAP:   7%|▋         | 1759/25834 [3:30:56 > 15:18]
SOAP:   7%|▋         | 1760/25834 [3:31:09 > 15:19]
SOAP:   7%|▋         | 1761/25834 [3:31:07 > 15:19]
SOAP:   7%|▋         | 1762/25834 [3:31:03 > 15:20]
SOAP:   7%|▋         | 1763/25834 [3:30:57 > 15:21]
SOAP:   7%|▋         | 1764/25834 [3:31:15 > 15:21]
SOAP:   7%|▋         | 1765/25834 [3:31:08 > 15:22]
SOAP:   7%|▋         | 1766/25834 [3:31:03 > 15:22]
SOAP:   7%|▋         | 1767/25834 [3:31:03 > 15:23]
SOAP:   7%|▋         | 1768/25834 [3:31:02 > 15:23]
SOAP:   7%|▋         | 1769/25834 [3:31:08 > 15:24]
SOAP:   7%|▋         | 1770/25834 [3:31:14 > 15:24]
SOAP:   7%|▋         | 1771/25834 [3:31:12 > 15:25]
SOAP:   7%|▋         | 1772/25834 [3:31:07 > 15:25]
SOAP:   7%|▋         | 1773/25834 [3:31:13 > 15:26]
SOAP:   7%|▋         | 1774/25834 [3:31:16 > 15:26]
SOAP:   7%|▋         | 1775/25834 [3:31:11 > 15:27]
SOAP:   7%|▋         | 1776/25834 [3:29:15 > 15:27]
SOAP:   7%|▋         | 1777/25834 [3:29:05 > 15:28]
SOAP:   7%|▋         | 1778/25834 [3:30:51 > 15:28]
SOAP:   7%|▋         | 1779/25834 [3:30:46 > 15:29]
SOAP:   7%|▋         | 1780/25834 [3:31:10 > 15:29]
SOAP:   7%|▋         | 1781/25834 [3:31:02 > 15:30]
SOAP:   7%|▋         | 1782/25834 [3:30:53 > 15:31]
SOAP:   7%|▋         | 1783/25834 [3:31:42 > 15:31]
SOAP:   7%|▋         | 1784/25834 [3:30:10 > 15:32]
SOAP:   7%|▋         | 1785/25834 [3:30:20 > 15:32]
SOAP:   7%|▋         | 1786/25834 [3:30:22 > 15:33]
SOAP:   7%|▋         | 1787/25834 [3:30:38 > 15:33]
SOAP:   7%|▋         | 1788/25834 [3:30:45 > 15:34]
SOAP:   7%|▋         | 1789/25834 [3:30:56 > 15:34]
SOAP:   7%|▋         | 1790/25834 [3:30:53 > 15:35]
SOAP:   7%|▋         | 1791/25834 [3:30:55 > 15:35]
SOAP:   7%|▋         | 1792/25834 [3:30:51 > 15:36]
SOAP:   7%|▋         | 1793/25834 [3:30:57 > 15:36]
SOAP:   7%|▋         | 1794/25834 [3:30:58 > 15:37]
SOAP:   7%|▋         | 1795/25834 [3:31:11 > 15:37]
SOAP:   7%|▋         | 1796/25834 [3:31:02 > 15:38]
SOAP:   7%|▋         | 1797/25834 [3:30:54 > 15:38]
SOAP:   7%|▋         | 1798/25834 [3:30:56 > 15:39]
SOAP:   7%|▋         | 1799/25834 [3:30:58 > 15:39]
SOAP:   7%|▋         | 1800/25834 [3:31:08 > 15:40]
SOAP:   7%|▋         | 1801/25834 [3:31:57 > 15:41]
SOAP:   7%|▋         | 1802/25834 [3:31:33 > 15:41]
SOAP:   7%|▋         | 1803/25834 [3:31:17 > 15:42]
SOAP:   7%|▋         | 1804/25834 [3:31:09 > 15:42]
SOAP:   7%|▋         | 1805/25834 [3:31:01 > 15:43]
SOAP:   7%|▋         | 1806/25834 [3:30:51 > 15:43]
SOAP:   7%|▋         | 1807/25834 [3:30:53 > 15:44]
SOAP:   7%|▋         | 1808/25834 [3:30:44 > 15:44]
SOAP:   7%|▋         | 1809/25834 [3:30:39 > 15:45]
SOAP:   7%|▋         | 1810/25834 [3:30:38 > 15:45]
SOAP:   7%|▋         | 1811/25834 [3:30:44 > 15:46]
SOAP:   7%|▋         | 1812/25834 [3:30:39 > 15:46]
SOAP:   7%|▋         | 1813/25834 [3:30:48 > 15:47]
SOAP:   7%|▋         | 1814/25834 [3:30:25 > 15:47]
SOAP:   7%|▋         | 1815/25834 [3:30:07 > 15:48]
SOAP:   7%|▋         | 1816/25834 [3:30:15 > 15:48]
SOAP:   7%|▋         | 1817/25834 [3:30:36 > 15:49]
SOAP:   7%|▋         | 1818/25834 [3:30:25 > 15:49]
SOAP:   7%|▋         | 1819/25834 [3:30:35 > 15:50]
SOAP:   7%|▋         | 1820/25834 [3:30:30 > 15:51]
SOAP:   7%|▋         | 1821/25834 [3:30:37 > 15:51]
SOAP:   7%|▋         | 1822/25834 [3:30:40 > 15:52]
SOAP:   7%|▋         | 1823/25834 [3:30:49 > 15:52]
SOAP:   7%|▋         | 1824/25834 [3:30:40 > 15:53]
SOAP:   7%|▋         | 1825/25834 [3:30:37 > 15:53]
SOAP:   7%|▋         | 1826/25834 [3:30:31 > 15:54]
SOAP:   7%|▋         | 1827/25834 [3:30:31 > 15:54]
SOAP:   7%|▋         | 1828/25834 [3:30:34 > 15:55]
SOAP:   7%|▋         | 1829/25834 [3:30:46 > 15:55]
SOAP:   7%|▋         | 1830/25834 [3:30:32 > 15:56]
SOAP:   7%|▋         | 1831/25834 [3:30:34 > 15:56]
SOAP:   7%|▋         | 1832/25834 [3:30:40 > 15:57]
SOAP:   7%|▋         | 1833/25834 [3:30:39 > 15:57]
SOAP:   7%|▋         | 1834/25834 [3:30:44 > 15:58]
SOAP:   7%|▋         | 1835/25834 [3:30:41 > 15:58]
SOAP:   7%|▋         | 1836/25834 [3:30:27 > 15:59]
SOAP:   7%|▋         | 1837/25834 [3:30:09 > 15:59]
SOAP:   7%|▋         | 1838/25834 [3:30:12 > 16:00]
SOAP:   7%|▋         | 1839/25834 [3:30:14 > 16:01]
SOAP:   7%|▋         | 1840/25834 [3:30:23 > 16:01]
SOAP:   7%|▋         | 1841/25834 [3:30:27 > 16:02]
SOAP:   7%|▋         | 1842/25834 [3:30:28 > 16:02]
SOAP:   7%|▋         | 1843/25834 [3:30:39 > 16:03]
SOAP:   7%|▋         | 1844/25834 [3:30:38 > 16:03]
SOAP:   7%|▋         | 1845/25834 [3:30:34 > 16:04]
SOAP:   7%|▋         | 1846/25834 [3:30:58 > 16:04]
SOAP:   7%|▋         | 1847/25834 [3:30:40 > 16:05]
SOAP:   7%|▋         | 1848/25834 [3:30:32 > 16:05]
SOAP:   7%|▋         | 1849/25834 [3:30:30 > 16:06]
SOAP:   7%|▋         | 1850/25834 [3:30:27 > 16:06]
SOAP:   7%|▋         | 1851/25834 [3:30:26 > 16:07]
SOAP:   7%|▋         | 1852/25834 [3:30:44 > 16:07]
SOAP:   7%|▋         | 1853/25834 [3:28:42 > 16:08]
SOAP:   7%|▋         | 1854/25834 [3:30:22 > 16:08]
SOAP:   7%|▋         | 1855/25834 [3:30:28 > 16:09]
SOAP:   7%|▋         | 1856/25834 [3:30:21 > 16:09]
SOAP:   7%|▋         | 1857/25834 [3:30:20 > 16:10]
SOAP:   7%|▋         | 1858/25834 [3:30:20 > 16:11]
SOAP:   7%|▋         | 1859/25834 [3:30:32 > 16:11]
SOAP:   7%|▋         | 1860/25834 [3:30:26 > 16:12]
SOAP:   7%|▋         | 1861/25834 [3:30:20 > 16:12]
SOAP:   7%|▋         | 1862/25834 [3:30:18 > 16:13]
SOAP:   7%|▋         | 1863/25834 [3:30:20 > 16:13]
SOAP:   7%|▋         | 1864/25834 [3:30:27 > 16:14]
SOAP:   7%|▋         | 1865/25834 [3:30:25 > 16:14]
SOAP:   7%|▋         | 1866/25834 [3:30:11 > 16:15]
SOAP:   7%|▋         | 1867/25834 [3:29:56 > 16:15]
SOAP:   7%|▋         | 1868/25834 [3:30:00 > 16:16]
SOAP:   7%|▋         | 1869/25834 [3:30:08 > 16:16]
SOAP:   7%|▋         | 1870/25834 [3:30:07 > 16:17]
SOAP:   7%|▋         | 1871/25834 [3:29:46 > 16:17]
SOAP:   7%|▋         | 1872/25834 [3:29:23 > 16:18]
SOAP:   7%|▋         | 1873/25834 [3:29:38 > 16:18]
SOAP:   7%|▋         | 1874/25834 [3:29:53 > 16:19]
SOAP:   7%|▋         | 1875/25834 [3:29:53 > 16:19]
SOAP:   7%|▋         | 1876/25834 [3:30:12 > 16:20]
SOAP:   7%|▋         | 1877/25834 [3:30:03 > 16:21]
SOAP:   7%|▋         | 1878/25834 [3:30:04 > 16:21]
SOAP:   7%|▋         | 1879/25834 [3:30:03 > 16:22]
SOAP:   7%|▋         | 1880/25834 [3:30:18 > 16:22]
SOAP:   7%|▋         | 1881/25834 [3:30:13 > 16:23]
SOAP:   7%|▋         | 1882/25834 [3:30:08 > 16:23]
SOAP:   7%|▋         | 1883/25834 [3:30:07 > 16:24]
SOAP:   7%|▋         | 1884/25834 [3:30:16 > 16:24]
SOAP:   7%|▋         | 1885/25834 [3:29:53 > 16:25]
SOAP:   7%|▋         | 1886/25834 [3:29:33 > 16:25]
SOAP:   7%|▋         | 1887/25834 [3:29:45 > 16:26]
SOAP:   7%|▋         | 1888/25834 [3:29:55 > 16:26]
SOAP:   7%|▋         | 1889/25834 [3:29:53 > 16:27]
SOAP:   7%|▋         | 1890/25834 [3:29:58 > 16:27]
SOAP:   7%|▋         | 1891/25834 [3:30:07 > 16:28]
SOAP:   7%|▋         | 1892/25834 [3:29:59 > 16:28]
SOAP:   7%|▋         | 1893/25834 [3:29:59 > 16:29]
SOAP:   7%|▋         | 1894/25834 [3:29:55 > 16:29]
SOAP:   7%|▋         | 1895/25834 [3:29:53 > 16:30]
SOAP:   7%|▋         | 1896/25834 [3:29:54 > 16:31]
SOAP:   7%|▋         | 1897/25834 [3:29:59 > 16:31]
SOAP:   7%|▋         | 1898/25834 [3:30:00 > 16:32]
SOAP:   7%|▋         | 1899/25834 [3:30:06 > 16:32]
SOAP:   7%|▋         | 1900/25834 [3:30:03 > 16:33]
SOAP:   7%|▋         | 1901/25834 [3:31:03 > 16:33]
SOAP:   7%|▋         | 1902/25834 [3:30:43 > 16:34]
SOAP:   7%|▋         | 1903/25834 [3:30:40 > 16:34]
SOAP:   7%|▋         | 1904/25834 [3:30:27 > 16:35]
SOAP:   7%|▋         | 1905/25834 [3:30:14 > 16:35]
SOAP:   7%|▋         | 1906/25834 [3:30:03 > 16:36]
SOAP:   7%|▋         | 1907/25834 [3:30:04 > 16:36]
SOAP:   7%|▋         | 1908/25834 [3:30:00 > 16:37]
SOAP:   7%|▋         | 1909/25834 [3:30:05 > 16:37]
SOAP:   7%|▋         | 1910/25834 [3:29:58 > 16:38]
SOAP:   7%|▋         | 1911/25834 [3:29:59 > 16:38]
SOAP:   7%|▋         | 1912/25834 [3:30:05 > 16:39]
SOAP:   7%|▋         | 1913/25834 [3:30:14 > 16:40]
SOAP:   7%|▋         | 1914/25834 [3:30:07 > 16:40]
SOAP:   7%|▋         | 1915/25834 [3:29:59 > 16:41]
SOAP:   7%|▋         | 1916/25834 [3:29:58 > 16:41]
SOAP:   7%|▋         | 1917/25834 [3:28:54 > 16:42]
SOAP:   7%|▋         | 1918/25834 [3:29:47 > 16:42]
SOAP:   7%|▋         | 1919/25834 [3:29:42 > 16:43]
SOAP:   7%|▋         | 1920/25834 [3:29:41 > 16:43]
SOAP:   7%|▋         | 1921/25834 [3:29:43 > 16:44]
SOAP:   7%|▋         | 1922/25834 [3:29:48 > 16:44]
SOAP:   7%|▋         | 1923/25834 [3:29:56 > 16:45]
SOAP:   7%|▋         | 1924/25834 [3:29:56 > 16:45]
SOAP:   7%|▋         | 1925/25834 [3:29:46 > 16:46]
SOAP:   7%|▋         | 1926/25834 [3:29:28 > 16:46]
SOAP:   7%|▋         | 1927/25834 [3:29:11 > 16:47]
SOAP:   7%|▋         | 1928/25834 [3:29:17 > 16:47]
SOAP:   7%|▋         | 1929/25834 [3:29:32 > 16:48]
SOAP:   7%|▋         | 1930/25834 [3:27:35 > 16:48]
SOAP:   7%|▋         | 1931/25834 [3:29:31 > 16:49]
SOAP:   7%|▋         | 1932/25834 [3:29:48 > 16:49]
SOAP:   7%|▋         | 1933/25834 [3:29:45 > 16:50]
SOAP:   7%|▋         | 1934/25834 [3:29:36 > 16:51]
SOAP:   7%|▋         | 1935/25834 [3:29:30 > 16:51]
SOAP:   7%|▋         | 1936/25834 [3:29:34 > 16:52]
SOAP:   7%|▋         | 1937/25834 [3:29:38 > 16:52]
SOAP:   8%|▊         | 1938/25834 [3:29:42 > 16:53]
SOAP:   8%|▊         | 1939/25834 [3:29:33 > 16:53]
SOAP:   8%|▊         | 1940/25834 [3:29:34 > 16:54]
SOAP:   8%|▊         | 1941/25834 [3:29:35 > 16:54]
SOAP:   8%|▊         | 1942/25834 [3:29:36 > 16:55]
SOAP:   8%|▊         | 1943/25834 [3:29:10 > 16:55]
SOAP:   8%|▊         | 1944/25834 [3:29:48 > 16:56]
SOAP:   8%|▊         | 1945/25834 [3:29:42 > 16:56]
SOAP:   8%|▊         | 1946/25834 [3:29:26 > 16:57]
SOAP:   8%|▊         | 1947/25834 [3:28:45 > 16:57]
SOAP:   8%|▊         | 1948/25834 [3:28:22 > 16:58]
SOAP:   8%|▊         | 1949/25834 [3:29:11 > 16:58]
SOAP:   8%|▊         | 1950/25834 [3:28:30 > 16:59]
SOAP:   8%|▊         | 1951/25834 [3:28:37 > 16:59]
SOAP:   8%|▊         | 1952/25834 [3:28:19 > 17:00]
SOAP:   8%|▊         | 1953/25834 [3:27:49 > 17:01]
SOAP:   8%|▊         | 1954/25834 [3:27:33 > 17:01]
SOAP:   8%|▊         | 1955/25834 [3:27:15 > 17:02]
SOAP:   8%|▊         | 1956/25834 [3:27:17 > 17:02]
SOAP:   8%|▊         | 1957/25834 [3:27:05 > 17:03]
SOAP:   8%|▊         | 1958/25834 [3:27:09 > 17:03]
SOAP:   8%|▊         | 1959/25834 [3:27:03 > 17:04]
SOAP:   8%|▊         | 1960/25834 [3:27:12 > 17:04]
SOAP:   8%|▊         | 1961/25834 [3:27:14 > 17:05]
SOAP:   8%|▊         | 1962/25834 [3:27:15 > 17:05]
SOAP:   8%|▊         | 1963/25834 [3:27:15 > 17:06]
SOAP:   8%|▊         | 1964/25834 [3:27:20 > 17:06]
SOAP:   8%|▊         | 1965/25834 [3:27:09 > 17:07]
SOAP:   8%|▊         | 1966/25834 [3:26:59 > 17:07]
SOAP:   8%|▊         | 1967/25834 [3:26:54 > 17:08]
SOAP:   8%|▊         | 1968/25834 [3:27:04 > 17:08]
SOAP:   8%|▊         | 1969/25834 [3:27:09 > 17:09]
SOAP:   8%|▊         | 1970/25834 [3:27:06 > 17:09]
SOAP:   8%|▊         | 1971/25834 [3:27:09 > 17:10]
SOAP:   8%|▊         | 1972/25834 [3:27:37 > 17:10]
SOAP:   8%|▊         | 1973/25834 [3:27:28 > 17:11]
SOAP:   8%|▊         | 1974/25834 [3:27:18 > 17:11]
SOAP:   8%|▊         | 1975/25834 [3:27:11 > 17:12]
SOAP:   8%|▊         | 1976/25834 [3:27:10 > 17:12]
SOAP:   8%|▊         | 1977/25834 [3:27:03 > 17:13]
SOAP:   8%|▊         | 1978/25834 [3:27:00 > 17:14]
SOAP:   8%|▊         | 1979/25834 [3:26:54 > 17:14]
SOAP:   8%|▊         | 1980/25834 [3:26:59 > 17:15]
SOAP:   8%|▊         | 1981/25834 [3:27:02 > 17:15]
SOAP:   8%|▊         | 1982/25834 [3:26:58 > 17:16]
SOAP:   8%|▊         | 1983/25834 [3:27:06 > 17:16]
SOAP:   8%|▊         | 1984/25834 [3:26:58 > 17:17]
SOAP:   8%|▊         | 1985/25834 [3:27:00 > 17:17]
SOAP:   8%|▊         | 1986/25834 [3:27:06 > 17:18]
SOAP:   8%|▊         | 1987/25834 [3:26:58 > 17:18]
SOAP:   8%|▊         | 1988/25834 [3:25:24 > 17:19]
SOAP:   8%|▊         | 1989/25834 [3:27:30 > 17:19]
SOAP:   8%|▊         | 1990/25834 [3:27:07 > 17:20]
SOAP:   8%|▊         | 1991/25834 [3:27:02 > 17:20]
SOAP:   8%|▊         | 1992/25834 [3:26:51 > 17:21]
SOAP:   8%|▊         | 1993/25834 [3:26:56 > 17:21]
SOAP:   8%|▊         | 1994/25834 [3:26:48 > 17:22]
SOAP:   8%|▊         | 1995/25834 [3:26:52 > 17:22]
SOAP:   8%|▊         | 1996/25834 [3:26:53 > 17:23]
SOAP:   8%|▊         | 1997/25834 [3:26:48 > 17:23]
SOAP:   8%|▊         | 1998/25834 [3:26:52 > 17:24]
SOAP:   8%|▊         | 1999/25834 [3:26:51 > 17:24]
SOAP:   8%|▊         | 2000/25834 [3:27:07 > 17:25]
SOAP:   8%|▊         | 2001/25834 [3:28:39 > 17:26]
SOAP:   8%|▊         | 2002/25834 [3:27:23 > 17:26]
SOAP:   8%|▊         | 2003/25834 [3:27:13 > 17:27]
SOAP:   8%|▊         | 2004/25834 [3:27:09 > 17:27]
SOAP:   8%|▊         | 2005/25834 [3:27:12 > 17:28]
SOAP:   8%|▊         | 2006/25834 [3:27:13 > 17:28]
SOAP:   8%|▊         | 2007/25834 [3:27:00 > 17:29]
SOAP:   8%|▊         | 2008/25834 [3:26:51 > 17:29]
SOAP:   8%|▊         | 2009/25834 [3:27:05 > 17:30]
SOAP:   8%|▊         | 2010/25834 [3:27:00 > 17:30]
SOAP:   8%|▊         | 2011/25834 [3:26:54 > 17:31]
SOAP:   8%|▊         | 2012/25834 [3:26:48 > 17:31]
SOAP:   8%|▊         | 2013/25834 [3:26:57 > 17:32]
SOAP:   8%|▊         | 2014/25834 [3:26:54 > 17:32]
SOAP:   8%|▊         | 2015/25834 [3:26:51 > 17:33]
SOAP:   8%|▊         | 2016/25834 [3:26:44 > 17:33]
SOAP:   8%|▊         | 2017/25834 [3:26:47 > 17:34]
SOAP:   8%|▊         | 2018/25834 [3:26:42 > 17:34]
SOAP:   8%|▊         | 2019/25834 [3:26:50 > 17:35]
SOAP:   8%|▊         | 2020/25834 [3:26:40 > 17:35]
SOAP:   8%|▊         | 2021/25834 [3:26:43 > 17:36]
SOAP:   8%|▊         | 2022/25834 [3:26:41 > 17:36]
SOAP:   8%|▊         | 2023/25834 [3:26:41 > 17:37]
SOAP:   8%|▊         | 2024/25834 [3:26:34 > 17:38]
SOAP:   8%|▊         | 2025/25834 [3:26:37 > 17:38]
SOAP:   8%|▊         | 2026/25834 [3:26:29 > 17:39]
SOAP:   8%|▊         | 2027/25834 [3:25:31 > 17:39]
SOAP:   8%|▊         | 2028/25834 [3:27:09 > 17:40]
SOAP:   8%|▊         | 2029/25834 [3:27:00 > 17:40]
SOAP:   8%|▊         | 2030/25834 [3:26:56 > 17:41]
SOAP:   8%|▊         | 2031/25834 [3:26:48 > 17:41]
SOAP:   8%|▊         | 2032/25834 [3:26:41 > 17:42]
SOAP:   8%|▊         | 2033/25834 [3:26:39 > 17:42]
SOAP:   8%|▊         | 2034/25834 [3:26:36 > 17:43]
SOAP:   8%|▊         | 2035/25834 [3:26:37 > 17:43]
SOAP:   8%|▊         | 2036/25834 [3:26:39 > 17:44]
SOAP:   8%|▊         | 2037/25834 [3:26:36 > 17:44]
SOAP:   8%|▊         | 2038/25834 [3:26:38 > 17:45]
SOAP:   8%|▊         | 2039/25834 [3:26:38 > 17:45]
SOAP:   8%|▊         | 2040/25834 [3:26:27 > 17:46]
SOAP:   8%|▊         | 2041/25834 [3:26:32 > 17:46]
SOAP:   8%|▊         | 2042/25834 [3:26:28 > 17:47]
SOAP:   8%|▊         | 2043/25834 [3:26:17 > 17:47]
SOAP:   8%|▊         | 2044/25834 [3:26:23 > 17:48]
SOAP:   8%|▊         | 2045/25834 [3:26:20 > 17:48]
SOAP:   8%|▊         | 2046/25834 [3:26:20 > 17:49]
SOAP:   8%|▊         | 2047/25834 [3:26:21 > 17:49]
SOAP:   8%|▊         | 2048/25834 [3:26:20 > 17:50]
SOAP:   8%|▊         | 2049/25834 [3:26:20 > 17:51]
SOAP:   8%|▊         | 2050/25834 [3:26:19 > 17:51]
SOAP:   8%|▊         | 2051/25834 [3:26:22 > 17:52]
SOAP:   8%|▊         | 2052/25834 [3:26:38 > 17:52]
SOAP:   8%|▊         | 2053/25834 [3:26:31 > 17:53]
SOAP:   8%|▊         | 2054/25834 [3:26:35 > 17:53]
SOAP:   8%|▊         | 2055/25834 [3:26:25 > 17:54]
SOAP:   8%|▊         | 2056/25834 [3:26:29 > 17:54]
SOAP:   8%|▊         | 2057/25834 [3:26:29 > 17:55]
SOAP:   8%|▊         | 2058/25834 [3:26:25 > 17:55]
SOAP:   8%|▊         | 2059/25834 [3:26:24 > 17:56]
SOAP:   8%|▊         | 2060/25834 [3:26:15 > 17:56]
SOAP:   8%|▊         | 2061/25834 [3:26:15 > 17:57]
SOAP:   8%|▊         | 2062/25834 [3:26:14 > 17:57]
SOAP:   8%|▊         | 2063/25834 [3:26:14 > 17:58]
SOAP:   8%|▊         | 2064/25834 [3:26:10 > 17:58]
SOAP:   8%|▊         | 2065/25834 [3:26:02 > 17:59]
SOAP:   8%|▊         | 2066/25834 [3:26:41 > 17:59]
SOAP:   8%|▊         | 2067/25834 [3:26:40 > 18:00]
SOAP:   8%|▊         | 2068/25834 [3:26:43 > 18:00]
SOAP:   8%|▊         | 2069/25834 [3:26:33 > 18:01]
SOAP:   8%|▊         | 2070/25834 [3:26:28 > 18:01]
SOAP:   8%|▊         | 2071/25834 [3:26:23 > 18:02]
SOAP:   8%|▊         | 2072/25834 [3:26:18 > 18:03]
SOAP:   8%|▊         | 2073/25834 [3:26:13 > 18:03]
SOAP:   8%|▊         | 2074/25834 [3:26:15 > 18:04]
SOAP:   8%|▊         | 2075/25834 [3:26:23 > 18:04]
SOAP:   8%|▊         | 2076/25834 [3:26:51 > 18:05]
SOAP:   8%|▊         | 2077/25834 [3:26:49 > 18:05]
SOAP:   8%|▊         | 2078/25834 [3:26:33 > 18:06]
SOAP:   8%|▊         | 2079/25834 [3:26:20 > 18:06]
SOAP:   8%|▊         | 2080/25834 [3:26:23 > 18:07]
SOAP:   8%|▊         | 2081/25834 [3:26:16 > 18:07]
SOAP:   8%|▊         | 2082/25834 [3:26:19 > 18:08]
SOAP:   8%|▊         | 2083/25834 [3:26:19 > 18:08]
SOAP:   8%|▊         | 2084/25834 [3:26:11 > 18:09]
SOAP:   8%|▊         | 2085/25834 [3:24:52 > 18:09]
SOAP:   8%|▊         | 2086/25834 [3:26:47 > 18:10]
SOAP:   8%|▊         | 2087/25834 [3:27:12 > 18:10]
SOAP:   8%|▊         | 2088/25834 [3:26:49 > 18:11]
SOAP:   8%|▊         | 2089/25834 [3:26:38 > 18:11]
SOAP:   8%|▊         | 2090/25834 [3:26:33 > 18:12]
SOAP:   8%|▊         | 2091/25834 [3:26:27 > 18:12]
SOAP:   8%|▊         | 2092/25834 [3:26:24 > 18:13]
SOAP:   8%|▊         | 2093/25834 [3:26:28 > 18:13]
SOAP:   8%|▊         | 2094/25834 [3:26:15 > 18:14]
SOAP:   8%|▊         | 2095/25834 [3:26:17 > 18:15]
SOAP:   8%|▊         | 2096/25834 [3:26:13 > 18:15]
SOAP:   8%|▊         | 2097/25834 [3:26:26 > 18:16]
SOAP:   8%|▊         | 2098/25834 [3:26:50 > 18:16]
SOAP:   8%|▊         | 2099/25834 [3:26:35 > 18:17]
SOAP:   8%|▊         | 2100/25834 [3:26:27 > 18:17]
SOAP:   8%|▊         | 2101/25834 [3:28:27 > 18:18]
SOAP:   8%|▊         | 2102/25834 [3:26:40 > 18:18]
SOAP:   8%|▊         | 2103/25834 [3:26:30 > 18:19]
SOAP:   8%|▊         | 2104/25834 [3:26:18 > 18:19]
SOAP:   8%|▊         | 2105/25834 [3:26:26 > 18:20]
SOAP:   8%|▊         | 2106/25834 [3:26:46 > 18:20]
SOAP:   8%|▊         | 2107/25834 [3:26:31 > 18:21]
SOAP:   8%|▊         | 2108/25834 [3:26:25 > 18:21]
SOAP:   8%|▊         | 2109/25834 [3:26:15 > 18:22]
SOAP:   8%|▊         | 2110/25834 [3:26:14 > 18:22]
SOAP:   8%|▊         | 2111/25834 [3:26:06 > 18:23]
SOAP:   8%|▊         | 2112/25834 [3:26:01 > 18:23]
SOAP:   8%|▊         | 2113/25834 [3:25:57 > 18:24]
SOAP:   8%|▊         | 2114/25834 [3:25:46 > 18:24]
SOAP:   8%|▊         | 2115/25834 [3:25:42 > 18:25]
SOAP:   8%|▊         | 2116/25834 [3:25:34 > 18:25]
SOAP:   8%|▊         | 2117/25834 [3:25:43 > 18:26]
SOAP:   8%|▊         | 2118/25834 [3:25:49 > 18:27]
SOAP:   8%|▊         | 2119/25834 [3:25:49 > 18:27]
SOAP:   8%|▊         | 2120/25834 [3:25:44 > 18:28]
SOAP:   8%|▊         | 2121/25834 [3:25:43 > 18:28]
SOAP:   8%|▊         | 2122/25834 [3:25:45 > 18:29]
SOAP:   8%|▊         | 2123/25834 [3:25:47 > 18:29]
SOAP:   8%|▊         | 2124/25834 [3:24:02 > 18:30]
SOAP:   8%|▊         | 2125/25834 [3:26:28 > 18:30]
SOAP:   8%|▊         | 2126/25834 [3:26:14 > 18:31]
SOAP:   8%|▊         | 2127/25834 [3:24:36 > 18:31]
SOAP:   8%|▊         | 2128/25834 [3:26:43 > 18:32]
SOAP:   8%|▊         | 2129/25834 [3:27:01 > 18:32]
SOAP:   8%|▊         | 2130/25834 [3:26:45 > 18:33]
SOAP:   8%|▊         | 2131/25834 [3:26:26 > 18:33]
SOAP:   8%|▊         | 2132/25834 [3:26:10 > 18:34]
SOAP:   8%|▊         | 2133/25834 [3:26:02 > 18:34]
SOAP:   8%|▊         | 2134/25834 [3:24:18 > 18:35]
SOAP:   8%|▊         | 2135/25834 [3:26:18 > 18:35]
SOAP:   8%|▊         | 2136/25834 [3:26:12 > 18:36]
SOAP:   8%|▊         | 2137/25834 [3:26:00 > 18:36]
SOAP:   8%|▊         | 2138/25834 [3:25:59 > 18:37]
SOAP:   8%|▊         | 2139/25834 [3:25:47 > 18:37]
SOAP:   8%|▊         | 2140/25834 [3:25:49 > 18:38]
SOAP:   8%|▊         | 2141/25834 [3:25:41 > 18:38]
SOAP:   8%|▊         | 2142/25834 [3:25:49 > 18:39]
SOAP:   8%|▊         | 2143/25834 [3:25:43 > 18:40]
SOAP:   8%|▊         | 2144/25834 [3:25:53 > 18:40]
SOAP:   8%|▊         | 2145/25834 [3:25:38 > 18:41]
SOAP:   8%|▊         | 2146/25834 [3:25:43 > 18:41]
SOAP:   8%|▊         | 2147/25834 [3:25:37 > 18:42]
SOAP:   8%|▊         | 2148/25834 [3:25:35 > 18:42]
SOAP:   8%|▊         | 2149/25834 [3:25:37 > 18:43]
SOAP:   8%|▊         | 2150/25834 [3:25:38 > 18:43]
SOAP:   8%|▊         | 2151/25834 [3:25:31 > 18:44]
SOAP:   8%|▊         | 2152/25834 [3:25:30 > 18:44]
SOAP:   8%|▊         | 2153/25834 [3:25:24 > 18:45]
SOAP:   8%|▊         | 2154/25834 [3:25:31 > 18:45]
SOAP:   8%|▊         | 2155/25834 [3:25:28 > 18:46]
SOAP:   8%|▊         | 2156/25834 [3:25:27 > 18:46]
SOAP:   8%|▊         | 2157/25834 [3:25:28 > 18:47]
SOAP:   8%|▊         | 2158/25834 [3:25:23 > 18:47]
SOAP:   8%|▊         | 2159/25834 [3:25:28 > 18:48]
SOAP:   8%|▊         | 2160/25834 [3:25:26 > 18:48]
SOAP:   8%|▊         | 2161/25834 [3:25:19 > 18:49]
SOAP:   8%|▊         | 2162/25834 [3:25:20 > 18:49]
SOAP:   8%|▊         | 2163/25834 [3:25:24 > 18:50]
SOAP:   8%|▊         | 2164/25834 [3:25:29 > 18:50]
SOAP:   8%|▊         | 2165/25834 [3:25:37 > 18:51]
SOAP:   8%|▊         | 2166/25834 [3:25:33 > 18:52]
SOAP:   8%|▊         | 2167/25834 [3:25:34 > 18:52]
SOAP:   8%|▊         | 2168/25834 [3:25:23 > 18:53]
SOAP:   8%|▊         | 2169/25834 [3:25:26 > 18:53]
SOAP:   8%|▊         | 2170/25834 [3:25:18 > 18:54]
SOAP:   8%|▊         | 2171/25834 [3:25:24 > 18:54]
SOAP:   8%|▊         | 2172/25834 [3:25:24 > 18:55]
SOAP:   8%|▊         | 2173/25834 [3:25:18 > 18:55]
SOAP:   8%|▊         | 2174/25834 [3:25:21 > 18:56]
SOAP:   8%|▊         | 2175/25834 [3:25:29 > 18:56]
SOAP:   8%|▊         | 2176/25834 [3:25:19 > 18:57]
SOAP:   8%|▊         | 2177/25834 [3:25:21 > 18:57]
SOAP:   8%|▊         | 2178/25834 [3:25:20 > 18:58]
SOAP:   8%|▊         | 2179/25834 [3:25:31 > 18:58]
SOAP:   8%|▊         | 2180/25834 [3:25:27 > 18:59]
SOAP:   8%|▊         | 2181/25834 [3:25:27 > 18:59]
SOAP:   8%|▊         | 2182/25834 [3:25:35 > 19:00]
SOAP:   8%|▊         | 2183/25834 [3:25:29 > 19:00]
SOAP:   8%|▊         | 2184/25834 [3:25:26 > 19:01]
SOAP:   8%|▊         | 2185/25834 [3:25:28 > 19:01]
SOAP:   8%|▊         | 2186/25834 [3:25:18 > 19:02]
SOAP:   8%|▊         | 2187/25834 [3:25:17 > 19:02]
SOAP:   8%|▊         | 2188/25834 [3:25:15 > 19:03]
SOAP:   8%|▊         | 2189/25834 [3:25:17 > 19:03]
SOAP:   8%|▊         | 2190/25834 [3:25:13 > 19:04]
SOAP:   8%|▊         | 2191/25834 [3:25:10 > 19:05]
SOAP:   8%|▊         | 2192/25834 [3:25:11 > 19:05]
SOAP:   8%|▊         | 2193/25834 [3:25:14 > 19:06]
SOAP:   8%|▊         | 2194/25834 [3:25:13 > 19:06]
SOAP:   8%|▊         | 2195/25834 [3:24:44 > 19:07]
SOAP:   9%|▊         | 2196/25834 [3:24:53 > 19:07]
SOAP:   9%|▊         | 2197/25834 [3:25:06 > 19:08]
SOAP:   9%|▊         | 2198/25834 [3:25:00 > 19:08]
SOAP:   9%|▊         | 2199/25834 [3:25:09 > 19:09]
SOAP:   9%|▊         | 2200/25834 [3:25:11 > 19:09]
SOAP:   9%|▊         | 2201/25834 [3:24:27 > 19:10]
SOAP:   9%|▊         | 2202/25834 [3:26:28 > 19:10]
SOAP:   9%|▊         | 2203/25834 [3:26:05 > 19:11]
SOAP:   9%|▊         | 2204/25834 [3:25:44 > 19:11]
SOAP:   9%|▊         | 2205/25834 [3:25:30 > 19:12]
SOAP:   9%|▊         | 2206/25834 [3:25:20 > 19:12]
SOAP:   9%|▊         | 2207/25834 [3:25:16 > 19:13]
SOAP:   9%|▊         | 2208/25834 [3:25:12 > 19:13]
SOAP:   9%|▊         | 2209/25834 [3:25:22 > 19:14]
SOAP:   9%|▊         | 2210/25834 [3:25:11 > 19:14]
SOAP:   9%|▊         | 2211/25834 [3:25:13 > 19:15]
SOAP:   9%|▊         | 2212/25834 [3:25:07 > 19:15]
SOAP:   9%|▊         | 2213/25834 [3:25:17 > 19:16]
SOAP:   9%|▊         | 2214/25834 [3:25:01 > 19:17]
SOAP:   9%|▊         | 2215/25834 [3:25:06 > 19:17]
SOAP:   9%|▊         | 2216/25834 [3:25:01 > 19:18]
SOAP:   9%|▊         | 2217/25834 [3:25:02 > 19:18]
SOAP:   9%|▊         | 2218/25834 [3:24:55 > 19:19]
SOAP:   9%|▊         | 2219/25834 [3:24:58 > 19:19]
SOAP:   9%|▊         | 2220/25834 [3:24:50 > 19:20]
SOAP:   9%|▊         | 2221/25834 [3:23:57 > 19:20]
SOAP:   9%|▊         | 2222/25834 [3:25:49 > 19:21]
SOAP:   9%|▊         | 2223/25834 [3:25:43 > 19:21]
SOAP:   9%|▊         | 2224/25834 [3:25:27 > 19:22]
SOAP:   9%|▊         | 2225/25834 [3:25:19 > 19:22]
SOAP:   9%|▊         | 2226/25834 [3:25:09 > 19:23]
SOAP:   9%|▊         | 2227/25834 [3:25:08 > 19:23]
SOAP:   9%|▊         | 2228/25834 [3:25:04 > 19:24]
SOAP:   9%|▊         | 2229/25834 [3:24:58 > 19:24]
SOAP:   9%|▊         | 2230/25834 [3:24:51 > 19:25]
SOAP:   9%|▊         | 2231/25834 [3:24:49 > 19:25]
SOAP:   9%|▊         | 2232/25834 [3:25:13 > 19:26]
SOAP:   9%|▊         | 2233/25834 [3:25:26 > 19:26]
SOAP:   9%|▊         | 2234/25834 [3:25:18 > 19:27]
SOAP:   9%|▊         | 2235/25834 [3:25:07 > 19:27]
SOAP:   9%|▊         | 2236/25834 [3:25:02 > 19:28]
SOAP:   9%|▊         | 2237/25834 [3:24:54 > 19:29]
SOAP:   9%|▊         | 2238/25834 [3:24:55 > 19:29]
SOAP:   9%|▊         | 2239/25834 [3:24:58 > 19:30]
SOAP:   9%|▊         | 2240/25834 [3:25:18 > 19:30]
SOAP:   9%|▊         | 2241/25834 [3:23:34 > 19:31]
SOAP:   9%|▊         | 2242/25834 [3:25:27 > 19:31]
SOAP:   9%|▊         | 2243/25834 [3:25:16 > 19:32]
SOAP:   9%|▊         | 2244/25834 [3:25:05 > 19:32]
SOAP:   9%|▊         | 2245/25834 [3:24:58 > 19:33]
SOAP:   9%|▊         | 2246/25834 [3:24:54 > 19:33]
SOAP:   9%|▊         | 2247/25834 [3:24:47 > 19:34]
SOAP:   9%|▊         | 2248/25834 [3:24:48 > 19:34]
SOAP:   9%|▊         | 2249/25834 [3:24:51 > 19:35]
SOAP:   9%|▊         | 2250/25834 [3:24:52 > 19:35]
SOAP:   9%|▊         | 2251/25834 [3:24:43 > 19:36]
SOAP:   9%|▊         | 2252/25834 [3:24:55 > 19:36]
SOAP:   9%|▊         | 2253/25834 [3:24:50 > 19:37]
SOAP:   9%|▊         | 2254/25834 [3:24:57 > 19:37]
SOAP:   9%|▊         | 2255/25834 [3:24:44 > 19:38]
SOAP:   9%|▊         | 2256/25834 [3:24:49 > 19:38]
SOAP:   9%|▊         | 2257/25834 [3:24:36 > 19:39]
SOAP:   9%|▊         | 2258/25834 [3:24:34 > 19:39]
SOAP:   9%|▊         | 2259/25834 [3:24:32 > 19:40]
SOAP:   9%|▊         | 2260/25834 [3:24:29 > 19:40]
SOAP:   9%|▉         | 2261/25834 [3:24:32 > 19:41]
SOAP:   9%|▉         | 2262/25834 [3:24:29 > 19:42]
SOAP:   9%|▉         | 2263/25834 [3:24:33 > 19:42]
SOAP:   9%|▉         | 2264/25834 [3:24:30 > 19:43]
SOAP:   9%|▉         | 2265/25834 [3:24:35 > 19:43]
SOAP:   9%|▉         | 2266/25834 [3:24:44 > 19:44]
SOAP:   9%|▉         | 2267/25834 [3:25:17 > 19:44]
SOAP:   9%|▉         | 2268/25834 [3:25:51 > 19:45]
SOAP:   9%|▉         | 2269/25834 [3:25:52 > 19:45]
SOAP:   9%|▉         | 2270/25834 [3:25:27 > 19:46]
SOAP:   9%|▉         | 2271/25834 [3:25:25 > 19:46]
SOAP:   9%|▉         | 2272/25834 [3:25:38 > 19:47]
SOAP:   9%|▉         | 2273/25834 [3:25:19 > 19:47]
SOAP:   9%|▉         | 2274/25834 [3:25:04 > 19:48]
SOAP:   9%|▉         | 2275/25834 [3:24:50 > 19:48]
SOAP:   9%|▉         | 2276/25834 [3:24:33 > 19:49]
SOAP:   9%|▉         | 2277/25834 [3:24:32 > 19:49]
SOAP:   9%|▉         | 2278/25834 [3:24:29 > 19:50]
SOAP:   9%|▉         | 2279/25834 [3:24:26 > 19:50]
SOAP:   9%|▉         | 2280/25834 [3:24:45 > 19:51]
SOAP:   9%|▉         | 2281/25834 [3:25:10 > 19:51]
SOAP:   9%|▉         | 2282/25834 [3:25:04 > 19:52]
SOAP:   9%|▉         | 2283/25834 [3:24:46 > 19:53]
SOAP:   9%|▉         | 2284/25834 [3:24:36 > 19:53]
SOAP:   9%|▉         | 2285/25834 [3:24:31 > 19:54]
SOAP:   9%|▉         | 2286/25834 [3:24:24 > 19:54]
SOAP:   9%|▉         | 2287/25834 [3:22:46 > 19:55]
SOAP:   9%|▉         | 2288/25834 [3:25:00 > 19:55]
SOAP:   9%|▉         | 2289/25834 [3:24:43 > 19:56]
SOAP:   9%|▉         | 2290/25834 [3:24:39 > 19:56]
SOAP:   9%|▉         | 2291/25834 [3:24:29 > 19:57]
SOAP:   9%|▉         | 2292/25834 [3:24:40 > 19:57]
SOAP:   9%|▉         | 2293/25834 [3:24:39 > 19:58]
SOAP:   9%|▉         | 2294/25834 [3:24:23 > 19:58]
SOAP:   9%|▉         | 2295/25834 [3:24:21 > 19:59]
SOAP:   9%|▉         | 2296/25834 [3:24:27 > 19:59]
SOAP:   9%|▉         | 2297/25834 [3:25:03 > 20:00]
SOAP:   9%|▉         | 2298/25834 [3:24:59 > 20:00]
SOAP:   9%|▉         | 2299/25834 [3:24:51 > 20:01]
SOAP:   9%|▉         | 2300/25834 [3:24:36 > 20:01]
SOAP:   9%|▉         | 2301/25834 [3:26:26 > 20:02]
SOAP:   9%|▉         | 2302/25834 [3:24:55 > 20:02]
SOAP:   9%|▉         | 2303/25834 [3:24:48 > 20:03]
SOAP:   9%|▉         | 2304/25834 [3:24:42 > 20:03]
SOAP:   9%|▉         | 2305/25834 [3:24:26 > 20:04]
SOAP:   9%|▉         | 2306/25834 [3:24:21 > 20:04]
SOAP:   9%|▉         | 2307/25834 [3:24:26 > 20:05]
SOAP:   9%|▉         | 2308/25834 [3:24:17 > 20:06]
SOAP:   9%|▉         | 2309/25834 [3:24:05 > 20:06]
SOAP:   9%|▉         | 2310/25834 [3:24:15 > 20:07]
SOAP:   9%|▉         | 2311/25834 [3:23:38 > 20:07]
SOAP:   9%|▉         | 2312/25834 [3:24:20 > 20:08]
SOAP:   9%|▉         | 2313/25834 [3:24:28 > 20:08]
SOAP:   9%|▉         | 2314/25834 [3:24:26 > 20:09]
SOAP:   9%|▉         | 2315/25834 [3:24:25 > 20:09]
SOAP:   9%|▉         | 2316/25834 [3:24:14 > 20:10]
SOAP:   9%|▉         | 2317/25834 [3:24:10 > 20:10]
SOAP:   9%|▉         | 2318/25834 [3:22:34 > 20:11]
SOAP:   9%|▉         | 2319/25834 [3:24:47 > 20:11]
SOAP:   9%|▉         | 2320/25834 [3:25:02 > 20:12]
SOAP:   9%|▉         | 2321/25834 [3:25:03 > 20:12]
SOAP:   9%|▉         | 2322/25834 [3:24:38 > 20:13]
SOAP:   9%|▉         | 2323/25834 [3:24:34 > 20:13]
SOAP:   9%|▉         | 2324/25834 [3:24:26 > 20:14]
SOAP:   9%|▉         | 2325/25834 [3:23:03 > 20:14]
SOAP:   9%|▉         | 2326/25834 [3:24:06 > 20:15]
SOAP:   9%|▉         | 2327/25834 [3:24:28 > 20:15]
SOAP:   9%|▉         | 2328/25834 [3:24:26 > 20:16]
SOAP:   9%|▉         | 2329/25834 [3:24:08 > 20:16]
SOAP:   9%|▉         | 2330/25834 [3:24:02 > 20:17]
SOAP:   9%|▉         | 2331/25834 [3:23:54 > 20:18]
SOAP:   9%|▉         | 2332/25834 [3:23:55 > 20:18]
SOAP:   9%|▉         | 2333/25834 [3:23:58 > 20:19]
SOAP:   9%|▉         | 2334/25834 [3:23:52 > 20:19]
SOAP:   9%|▉         | 2335/25834 [3:23:58 > 20:20]
SOAP:   9%|▉         | 2336/25834 [3:23:51 > 20:20]
SOAP:   9%|▉         | 2337/25834 [3:23:50 > 20:21]
SOAP:   9%|▉         | 2338/25834 [3:23:53 > 20:21]
SOAP:   9%|▉         | 2339/25834 [3:23:52 > 20:22]
SOAP:   9%|▉         | 2340/25834 [3:23:52 > 20:22]
SOAP:   9%|▉         | 2341/25834 [3:23:50 > 20:23]
SOAP:   9%|▉         | 2342/25834 [3:23:55 > 20:23]
SOAP:   9%|▉         | 2343/25834 [3:23:53 > 20:24]
SOAP:   9%|▉         | 2344/25834 [3:23:51 > 20:24]
SOAP:   9%|▉         | 2345/25834 [3:23:53 > 20:25]
SOAP:   9%|▉         | 2346/25834 [3:23:50 > 20:25]
SOAP:   9%|▉         | 2347/25834 [3:23:41 > 20:26]
SOAP:   9%|▉         | 2348/25834 [3:23:44 > 20:26]
SOAP:   9%|▉         | 2349/25834 [3:23:43 > 20:27]
SOAP:   9%|▉         | 2350/25834 [3:23:48 > 20:27]
SOAP:   9%|▉         | 2351/25834 [3:23:43 > 20:28]
SOAP:   9%|▉         | 2352/25834 [3:23:48 > 20:28]
SOAP:   9%|▉         | 2353/25834 [3:23:48 > 20:29]
SOAP:   9%|▉         | 2354/25834 [3:23:56 > 20:30]
SOAP:   9%|▉         | 2355/25834 [3:23:52 > 20:30]
SOAP:   9%|▉         | 2356/25834 [3:23:50 > 20:31]
SOAP:   9%|▉         | 2357/25834 [3:23:53 > 20:31]
SOAP:   9%|▉         | 2358/25834 [3:23:55 > 20:32]
SOAP:   9%|▉         | 2359/25834 [3:23:47 > 20:32]
SOAP:   9%|▉         | 2360/25834 [3:23:57 > 20:33]
SOAP:   9%|▉         | 2361/25834 [3:23:49 > 20:33]
SOAP:   9%|▉         | 2362/25834 [3:23:43 > 20:34]
SOAP:   9%|▉         | 2363/25834 [3:23:45 > 20:34]
SOAP:   9%|▉         | 2364/25834 [3:23:35 > 20:35]
SOAP:   9%|▉         | 2365/25834 [3:23:38 > 20:35]
SOAP:   9%|▉         | 2366/25834 [3:23:41 > 20:36]
SOAP:   9%|▉         | 2367/25834 [3:23:33 > 20:36]
SOAP:   9%|▉         | 2368/25834 [3:23:38 > 20:37]
SOAP:   9%|▉         | 2369/25834 [3:23:42 > 20:37]
SOAP:   9%|▉         | 2370/25834 [3:23:35 > 20:38]
SOAP:   9%|▉         | 2371/25834 [3:23:41 > 20:38]
SOAP:   9%|▉         | 2372/25834 [3:23:38 > 20:39]
SOAP:   9%|▉         | 2373/25834 [3:23:48 > 20:39]
SOAP:   9%|▉         | 2374/25834 [3:24:15 > 20:40]
SOAP:   9%|▉         | 2375/25834 [3:23:58 > 20:40]
SOAP:   9%|▉         | 2376/25834 [3:23:52 > 20:41]
SOAP:   9%|▉         | 2377/25834 [3:24:05 > 20:41]
SOAP:   9%|▉         | 2378/25834 [3:24:23 > 20:42]
SOAP:   9%|▉         | 2379/25834 [3:24:05 > 20:43]
SOAP:   9%|▉         | 2380/25834 [3:23:55 > 20:43]
SOAP:   9%|▉         | 2381/25834 [3:23:47 > 20:44]
SOAP:   9%|▉         | 2382/25834 [3:23:46 > 20:44]
SOAP:   9%|▉         | 2383/25834 [3:23:36 > 20:45]
SOAP:   9%|▉         | 2384/25834 [3:23:26 > 20:45]
SOAP:   9%|▉         | 2385/25834 [3:23:28 > 20:46]
SOAP:   9%|▉         | 2386/25834 [3:23:33 > 20:46]
SOAP:   9%|▉         | 2387/25834 [3:23:30 > 20:47]
SOAP:   9%|▉         | 2388/25834 [3:23:40 > 20:47]
SOAP:   9%|▉         | 2389/25834 [3:24:07 > 20:48]
SOAP:   9%|▉         | 2390/25834 [3:23:57 > 20:48]
SOAP:   9%|▉         | 2391/25834 [3:23:49 > 20:49]
SOAP:   9%|▉         | 2392/25834 [3:23:40 > 20:49]
SOAP:   9%|▉         | 2393/25834 [3:23:40 > 20:50]
SOAP:   9%|▉         | 2394/25834 [3:23:29 > 20:50]
SOAP:   9%|▉         | 2395/25834 [3:23:36 > 20:51]
SOAP:   9%|▉         | 2396/25834 [3:23:33 > 20:51]
SOAP:   9%|▉         | 2397/25834 [3:23:33 > 20:52]
SOAP:   9%|▉         | 2398/25834 [3:23:27 > 20:52]
SOAP:   9%|▉         | 2399/25834 [3:23:41 > 20:53]
SOAP:   9%|▉         | 2400/25834 [3:23:28 > 20:53]
SOAP:   9%|▉         | 2401/25834 [3:24:30 > 20:54]
SOAP:   9%|▉         | 2402/25834 [3:25:21 > 20:55]
SOAP:   9%|▉         | 2403/25834 [3:25:01 > 20:55]
SOAP:   9%|▉         | 2404/25834 [3:25:05 > 20:56]
SOAP:   9%|▉         | 2405/25834 [3:25:09 > 20:56]
SOAP:   9%|▉         | 2406/25834 [3:25:18 > 20:57]
SOAP:   9%|▉         | 2407/25834 [3:25:08 > 20:57]
SOAP:   9%|▉         | 2408/25834 [3:24:48 > 20:58]
SOAP:   9%|▉         | 2409/25834 [3:25:06 > 20:58]
SOAP:   9%|▉         | 2410/25834 [3:25:18 > 20:59]
SOAP:   9%|▉         | 2411/25834 [3:25:11 > 20:59]
SOAP:   9%|▉         | 2412/25834 [3:24:53 > 21:00]
SOAP:   9%|▉         | 2413/25834 [3:25:03 > 21:00]
SOAP:   9%|▉         | 2414/25834 [3:25:13 > 21:01]
SOAP:   9%|▉         | 2415/25834 [3:23:51 > 21:01]
SOAP:   9%|▉         | 2416/25834 [3:25:15 > 21:02]
SOAP:   9%|▉         | 2417/25834 [3:25:21 > 21:02]
SOAP:   9%|▉         | 2418/25834 [3:25:20 > 21:03]
SOAP:   9%|▉         | 2419/25834 [3:25:22 > 21:03]
SOAP:   9%|▉         | 2420/25834 [3:25:26 > 21:04]
SOAP:   9%|▉         | 2421/25834 [3:25:26 > 21:05]
SOAP:   9%|▉         | 2422/25834 [3:25:46 > 21:05]
SOAP:   9%|▉         | 2423/25834 [3:25:35 > 21:06]
SOAP:   9%|▉         | 2424/25834 [3:25:32 > 21:06]
SOAP:   9%|▉         | 2425/25834 [3:25:32 > 21:07]
SOAP:   9%|▉         | 2426/25834 [3:25:14 > 21:07]
SOAP:   9%|▉         | 2427/25834 [3:25:24 > 21:08]
SOAP:   9%|▉         | 2428/25834 [3:25:29 > 21:08]
SOAP:   9%|▉         | 2429/25834 [3:25:28 > 21:09]
SOAP:   9%|▉         | 2430/25834 [3:25:23 > 21:09]
SOAP:   9%|▉         | 2431/25834 [3:25:19 > 21:10]
SOAP:   9%|▉         | 2432/25834 [3:25:19 > 21:10]
SOAP:   9%|▉         | 2433/25834 [3:25:19 > 21:11]
SOAP:   9%|▉         | 2434/25834 [3:23:42 > 21:11]
SOAP:   9%|▉         | 2435/25834 [3:24:57 > 21:12]
SOAP:   9%|▉         | 2436/25834 [3:24:35 > 21:12]
SOAP:   9%|▉         | 2437/25834 [3:24:51 > 21:13]
SOAP:   9%|▉         | 2438/25834 [3:24:52 > 21:13]
SOAP:   9%|▉         | 2439/25834 [3:25:17 > 21:14]
SOAP:   9%|▉         | 2440/25834 [3:25:13 > 21:15]
SOAP:   9%|▉         | 2441/25834 [3:25:16 > 21:15]
SOAP:   9%|▉         | 2442/25834 [3:25:11 > 21:16]
SOAP:   9%|▉         | 2443/25834 [3:25:33 > 21:16]
SOAP:   9%|▉         | 2444/25834 [3:25:23 > 21:17]
SOAP:   9%|▉         | 2445/25834 [3:25:13 > 21:17]
SOAP:   9%|▉         | 2446/25834 [3:25:06 > 21:18]
SOAP:   9%|▉         | 2447/25834 [3:25:08 > 21:18]
SOAP:   9%|▉         | 2448/25834 [3:25:11 > 21:19]
SOAP:   9%|▉         | 2449/25834 [3:25:17 > 21:19]
SOAP:   9%|▉         | 2450/25834 [3:25:09 > 21:20]
SOAP:   9%|▉         | 2451/25834 [3:25:07 > 21:20]
SOAP:   9%|▉         | 2452/25834 [3:25:05 > 21:21]
SOAP:   9%|▉         | 2453/25834 [3:25:05 > 21:21]
SOAP:   9%|▉         | 2454/25834 [3:25:15 > 21:22]
SOAP:  10%|▉         | 2455/25834 [3:25:10 > 21:22]
SOAP:  10%|▉         | 2456/25834 [3:25:08 > 21:23]
SOAP:  10%|▉         | 2457/25834 [3:25:05 > 21:23]
SOAP:  10%|▉         | 2458/25834 [3:25:25 > 21:24]
SOAP:  10%|▉         | 2459/25834 [3:25:13 > 21:25]
SOAP:  10%|▉         | 2460/25834 [3:25:09 > 21:25]
SOAP:  10%|▉         | 2461/25834 [3:25:06 > 21:26]
SOAP:  10%|▉         | 2462/25834 [3:25:10 > 21:26]
SOAP:  10%|▉         | 2463/25834 [3:25:15 > 21:27]
SOAP:  10%|▉         | 2464/25834 [3:25:09 > 21:27]
SOAP:  10%|▉         | 2465/25834 [3:25:04 > 21:28]
SOAP:  10%|▉         | 2466/25834 [3:25:08 > 21:28]
SOAP:  10%|▉         | 2467/25834 [3:25:06 > 21:29]
SOAP:  10%|▉         | 2468/25834 [3:25:07 > 21:29]
SOAP:  10%|▉         | 2469/25834 [3:24:55 > 21:30]
SOAP:  10%|▉         | 2470/25834 [3:24:53 > 21:30]
SOAP:  10%|▉         | 2471/25834 [3:24:52 > 21:31]
SOAP:  10%|▉         | 2472/25834 [3:24:55 > 21:31]
SOAP:  10%|▉         | 2473/25834 [3:25:07 > 21:32]
SOAP:  10%|▉         | 2474/25834 [3:24:59 > 21:32]
SOAP:  10%|▉         | 2475/25834 [3:24:54 > 21:33]
SOAP:  10%|▉         | 2476/25834 [3:24:54 > 21:33]
SOAP:  10%|▉         | 2477/25834 [3:24:55 > 21:34]
SOAP:  10%|▉         | 2478/25834 [3:25:00 > 21:35]
SOAP:  10%|▉         | 2479/25834 [3:25:02 > 21:35]
SOAP:  10%|▉         | 2480/25834 [3:24:51 > 21:36]
SOAP:  10%|▉         | 2481/25834 [3:24:53 > 21:36]
SOAP:  10%|▉         | 2482/25834 [3:24:56 > 21:37]
SOAP:  10%|▉         | 2483/25834 [3:24:05 > 21:37]
SOAP:  10%|▉         | 2484/25834 [3:24:53 > 21:38]
SOAP:  10%|▉         | 2485/25834 [3:25:02 > 21:38]
SOAP:  10%|▉         | 2486/25834 [3:24:51 > 21:39]
SOAP:  10%|▉         | 2487/25834 [3:24:51 > 21:39]
SOAP:  10%|▉         | 2488/25834 [3:24:48 > 21:40]
SOAP:  10%|▉         | 2489/25834 [3:24:47 > 21:40]
SOAP:  10%|▉         | 2490/25834 [3:24:45 > 21:41]
SOAP:  10%|▉         | 2491/25834 [3:24:57 > 21:41]
SOAP:  10%|▉         | 2492/25834 [3:24:41 > 21:42]
SOAP:  10%|▉         | 2493/25834 [3:24:40 > 21:42]
SOAP:  10%|▉         | 2494/25834 [3:24:44 > 21:43]
SOAP:  10%|▉         | 2495/25834 [3:24:47 > 21:43]
SOAP:  10%|▉         | 2496/25834 [3:24:50 > 21:44]
SOAP:  10%|▉         | 2497/25834 [3:24:49 > 21:45]
SOAP:  10%|▉         | 2498/25834 [3:24:45 > 21:45]
SOAP:  10%|▉         | 2499/25834 [3:24:42 > 21:46]
SOAP:  10%|▉         | 2500/25834 [3:24:47 > 21:46]
SOAP:  10%|▉         | 2501/25834 [3:25:50 > 21:47]
SOAP:  10%|▉         | 2502/25834 [3:25:21 > 21:47]
SOAP:  10%|▉         | 2503/25834 [3:25:18 > 21:48]
SOAP:  10%|▉         | 2504/25834 [3:25:03 > 21:48]
SOAP:  10%|▉         | 2505/25834 [3:24:52 > 21:49]
SOAP:  10%|▉         | 2506/25834 [3:24:51 > 21:49]
SOAP:  10%|▉         | 2507/25834 [3:25:02 > 21:50]
SOAP:  10%|▉         | 2508/25834 [3:24:52 > 21:50]
SOAP:  10%|▉         | 2509/25834 [3:24:48 > 21:51]
SOAP:  10%|▉         | 2510/25834 [3:24:50 > 21:51]
SOAP:  10%|▉         | 2511/25834 [3:22:55 > 21:52]
SOAP:  10%|▉         | 2512/25834 [3:24:29 > 21:52]
SOAP:  10%|▉         | 2513/25834 [3:24:03 > 21:53]
SOAP:  10%|▉         | 2514/25834 [3:24:10 > 21:53]
SOAP:  10%|▉         | 2515/25834 [3:24:08 > 21:54]
SOAP:  10%|▉         | 2516/25834 [3:24:18 > 21:55]
SOAP:  10%|▉         | 2517/25834 [3:24:25 > 21:55]
SOAP:  10%|▉         | 2518/25834 [3:24:33 > 21:56]
SOAP:  10%|▉         | 2519/25834 [3:24:34 > 21:56]
SOAP:  10%|▉         | 2520/25834 [3:24:28 > 21:57]
SOAP:  10%|▉         | 2521/25834 [3:24:25 > 21:57]
SOAP:  10%|▉         | 2522/25834 [3:24:27 > 21:58]
SOAP:  10%|▉         | 2523/25834 [3:24:38 > 21:58]
SOAP:  10%|▉         | 2524/25834 [3:24:40 > 21:59]
SOAP:  10%|▉         | 2525/25834 [3:24:16 > 21:59]
SOAP:  10%|▉         | 2526/25834 [3:23:55 > 22:00]
SOAP:  10%|▉         | 2527/25834 [3:24:02 > 22:00]
SOAP:  10%|▉         | 2528/25834 [3:24:15 > 22:01]
SOAP:  10%|▉         | 2529/25834 [3:24:15 > 22:01]
SOAP:  10%|▉         | 2530/25834 [3:24:12 > 22:02]
SOAP:  10%|▉         | 2531/25834 [3:24:24 > 22:02]
SOAP:  10%|▉         | 2532/25834 [3:24:25 > 22:03]
SOAP:  10%|▉         | 2533/25834 [3:24:32 > 22:03]
SOAP:  10%|▉         | 2534/25834 [3:24:25 > 22:04]
SOAP:  10%|▉         | 2535/25834 [3:24:15 > 22:05]
SOAP:  10%|▉         | 2536/25834 [3:24:12 > 22:05]
SOAP:  10%|▉         | 2537/25834 [3:24:17 > 22:06]
SOAP:  10%|▉         | 2538/25834 [3:24:20 > 22:06]
SOAP:  10%|▉         | 2539/25834 [3:24:32 > 22:07]
SOAP:  10%|▉         | 2540/25834 [3:24:27 > 22:07]
SOAP:  10%|▉         | 2541/25834 [3:24:23 > 22:08]
SOAP:  10%|▉         | 2542/25834 [3:24:21 > 22:08]
SOAP:  10%|▉         | 2543/25834 [3:24:25 > 22:09]
SOAP:  10%|▉         | 2544/25834 [3:24:32 > 22:09]
SOAP:  10%|▉         | 2545/25834 [3:24:21 > 22:10]
SOAP:  10%|▉         | 2546/25834 [3:24:20 > 22:10]
SOAP:  10%|▉         | 2547/25834 [3:24:26 > 22:11]
SOAP:  10%|▉         | 2548/25834 [3:24:29 > 22:11]
SOAP:  10%|▉         | 2549/25834 [3:24:18 > 22:12]
SOAP:  10%|▉         | 2550/25834 [3:24:23 > 22:12]
SOAP:  10%|▉         | 2551/25834 [3:24:29 > 22:13]
SOAP:  10%|▉         | 2552/25834 [3:24:32 > 22:13]
SOAP:  10%|▉         | 2553/25834 [3:24:20 > 22:14]
SOAP:  10%|▉         | 2554/25834 [3:24:15 > 22:15]
SOAP:  10%|▉         | 2555/25834 [3:24:44 > 22:15]
SOAP:  10%|▉         | 2556/25834 [3:24:31 > 22:16]
SOAP:  10%|▉         | 2557/25834 [3:23:21 > 22:16]
SOAP:  10%|▉         | 2558/25834 [3:24:15 > 22:17]
SOAP:  10%|▉         | 2559/25834 [3:24:11 > 22:17]
SOAP:  10%|▉         | 2560/25834 [3:24:30 > 22:18]
SOAP:  10%|▉         | 2561/25834 [3:25:00 > 22:18]
SOAP:  10%|▉         | 2562/25834 [3:24:04 > 22:19]
SOAP:  10%|▉         | 2563/25834 [3:24:55 > 22:19]
SOAP:  10%|▉         | 2564/25834 [3:23:28 > 22:20]
SOAP:  10%|▉         | 2565/25834 [3:23:06 > 22:20]
SOAP:  10%|▉         | 2566/25834 [3:24:25 > 22:21]
SOAP:  10%|▉         | 2567/25834 [3:22:44 > 22:21]
SOAP:  10%|▉         | 2568/25834 [3:24:45 > 22:22]
SOAP:  10%|▉         | 2569/25834 [3:23:28 > 22:22]
SOAP:  10%|▉         | 2570/25834 [3:25:02 > 22:23]
SOAP:  10%|▉         | 2571/25834 [3:22:58 > 22:23]
SOAP:  10%|▉         | 2572/25834 [3:22:37 > 22:24]
SOAP:  10%|▉         | 2573/25834 [3:22:21 > 22:25]
SOAP:  10%|▉         | 2574/25834 [3:22:21 > 22:25]
SOAP:  10%|▉         | 2575/25834 [3:22:11 > 22:26]
SOAP:  10%|▉         | 2576/25834 [3:22:22 > 22:26]
SOAP:  10%|▉         | 2577/25834 [3:23:34 > 22:27]
SOAP:  10%|▉         | 2578/25834 [3:21:38 > 22:27]
SOAP:  10%|▉         | 2579/25834 [3:21:39 > 22:28]
SOAP:  10%|▉         | 2580/25834 [3:21:44 > 22:28]
SOAP:  10%|▉         | 2581/25834 [3:21:42 > 22:29]
SOAP:  10%|▉         | 2582/25834 [3:21:50 > 22:29]
SOAP:  10%|▉         | 2583/25834 [3:21:48 > 22:30]
SOAP:  10%|█         | 2584/25834 [3:21:49 > 22:30]
SOAP:  10%|█         | 2585/25834 [3:21:44 > 22:31]
SOAP:  10%|█         | 2586/25834 [3:21:47 > 22:31]
SOAP:  10%|█         | 2587/25834 [3:21:45 > 22:32]
SOAP:  10%|█         | 2588/25834 [3:21:43 > 22:32]
SOAP:  10%|█         | 2589/25834 [3:21:43 > 22:33]
SOAP:  10%|█         | 2590/25834 [3:21:52 > 22:33]
SOAP:  10%|█         | 2591/25834 [3:21:48 > 22:34]
SOAP:  10%|█         | 2592/25834 [3:21:54 > 22:34]
SOAP:  10%|█         | 2593/25834 [3:21:55 > 22:35]
SOAP:  10%|█         | 2594/25834 [3:21:54 > 22:35]
SOAP:  10%|█         | 2595/25834 [3:21:41 > 22:36]
SOAP:  10%|█         | 2596/25834 [3:23:45 > 22:37]
SOAP:  10%|█         | 2597/25834 [3:23:42 > 22:37]
SOAP:  10%|█         | 2598/25834 [3:23:43 > 22:38]
SOAP:  10%|█         | 2599/25834 [3:23:47 > 22:38]
SOAP:  10%|█         | 2600/25834 [3:23:49 > 22:39]
SOAP:  10%|█         | 2601/25834 [3:25:04 > 22:39]
SOAP:  10%|█         | 2602/25834 [3:24:56 > 22:40]
SOAP:  10%|█         | 2603/25834 [3:24:35 > 22:40]
SOAP:  10%|█         | 2604/25834 [3:25:30 > 22:41]
SOAP:  10%|█         | 2605/25834 [3:22:08 > 22:41]
SOAP:  10%|█         | 2606/25834 [3:22:02 > 22:42]
SOAP:  10%|█         | 2607/25834 [3:22:55 > 22:42]
SOAP:  10%|█         | 2608/25834 [3:23:46 > 22:43]
SOAP:  10%|█         | 2609/25834 [3:23:42 > 22:43]
SOAP:  10%|█         | 2610/25834 [3:23:44 > 22:44]
SOAP:  10%|█         | 2611/25834 [3:23:47 > 22:44]
SOAP:  10%|█         | 2612/25834 [3:23:48 > 22:45]
SOAP:  10%|█         | 2613/25834 [3:23:47 > 22:45]
SOAP:  10%|█         | 2614/25834 [3:22:03 > 22:46]
SOAP:  10%|█         | 2615/25834 [3:23:45 > 22:47]
SOAP:  10%|█         | 2616/25834 [3:23:59 > 22:47]
SOAP:  10%|█         | 2617/25834 [3:23:51 > 22:48]
SOAP:  10%|█         | 2618/25834 [3:21:56 > 22:48]
SOAP:  10%|█         | 2619/25834 [3:21:51 > 22:49]
SOAP:  10%|█         | 2620/25834 [3:21:45 > 22:49]
SOAP:  10%|█         | 2621/25834 [3:21:38 > 22:50]
SOAP:  10%|█         | 2622/25834 [3:21:36 > 22:50]
SOAP:  10%|█         | 2623/25834 [3:21:21 > 22:51]
SOAP:  10%|█         | 2624/25834 [3:21:17 > 22:51]
SOAP:  10%|█         | 2625/25834 [3:21:27 > 22:52]
SOAP:  10%|█         | 2626/25834 [3:21:19 > 22:52]
SOAP:  10%|█         | 2627/25834 [3:23:02 > 22:53]
SOAP:  10%|█         | 2628/25834 [3:22:53 > 22:53]
SOAP:  10%|█         | 2629/25834 [3:23:07 > 22:54]
SOAP:  10%|█         | 2630/25834 [3:21:28 > 22:54]
SOAP:  10%|█         | 2631/25834 [3:23:08 > 22:55]
SOAP:  10%|█         | 2632/25834 [3:21:13 > 22:55]
SOAP:  10%|█         | 2633/25834 [3:23:40 > 22:56]
SOAP:  10%|█         | 2634/25834 [3:22:06 > 22:56]
SOAP:  10%|█         | 2635/25834 [3:23:28 > 22:57]
SOAP:  10%|█         | 2636/25834 [3:21:03 > 22:57]
SOAP:  10%|█         | 2637/25834 [3:21:34 > 22:58]
SOAP:  10%|█         | 2638/25834 [3:22:41 > 22:59]
SOAP:  10%|█         | 2639/25834 [3:20:35 > 22:59]
SOAP:  10%|█         | 2640/25834 [3:21:10 > 23:00]
SOAP:  10%|█         | 2641/25834 [3:20:53 > 23:00]
SOAP:  10%|█         | 2642/25834 [3:21:11 > 23:01]
SOAP:  10%|█         | 2643/25834 [3:22:54 > 23:01]
SOAP:  10%|█         | 2644/25834 [3:23:00 > 23:02]
SOAP:  10%|█         | 2645/25834 [3:23:52 > 23:02]
SOAP:  10%|█         | 2646/25834 [3:21:57 > 23:03]
SOAP:  10%|█         | 2647/25834 [3:22:10 > 23:03]
SOAP:  10%|█         | 2648/25834 [3:22:27 > 23:04]
SOAP:  10%|█         | 2649/25834 [3:22:47 > 23:04]
SOAP:  10%|█         | 2650/25834 [3:23:07 > 23:05]
SOAP:  10%|█         | 2651/25834 [3:21:13 > 23:05]
SOAP:  10%|█         | 2652/25834 [3:21:52 > 23:06]
SOAP:  10%|█         | 2653/25834 [3:22:58 > 23:06]
SOAP:  10%|█         | 2654/25834 [3:22:51 > 23:07]
SOAP:  10%|█         | 2655/25834 [3:20:44 > 23:07]
SOAP:  10%|█         | 2656/25834 [3:22:42 > 23:08]
SOAP:  10%|█         | 2657/25834 [3:20:58 > 23:08]
SOAP:  10%|█         | 2658/25834 [3:23:16 > 23:09]
SOAP:  10%|█         | 2659/25834 [3:23:02 > 23:10]
SOAP:  10%|█         | 2660/25834 [3:21:09 > 23:10]
SOAP:  10%|█         | 2661/25834 [3:23:02 > 23:11]
SOAP:  10%|█         | 2662/25834 [3:23:16 > 23:11]
SOAP:  10%|█         | 2663/25834 [3:23:12 > 23:12]
SOAP:  10%|█         | 2664/25834 [3:23:14 > 23:12]
SOAP:  10%|█         | 2665/25834 [3:23:11 > 23:13]
SOAP:  10%|█         | 2666/25834 [3:23:20 > 23:13]
SOAP:  10%|█         | 2667/25834 [3:23:21 > 23:14]
SOAP:  10%|█         | 2668/25834 [3:23:16 > 23:14]
SOAP:  10%|█         | 2669/25834 [3:23:18 > 23:15]
SOAP:  10%|█         | 2670/25834 [3:23:23 > 23:15]
SOAP:  10%|█         | 2671/25834 [3:23:34 > 23:16]
SOAP:  10%|█         | 2672/25834 [3:23:29 > 23:16]
SOAP:  10%|█         | 2673/25834 [3:23:23 > 23:17]
SOAP:  10%|█         | 2674/25834 [3:23:11 > 23:17]
SOAP:  10%|█         | 2675/25834 [3:22:53 > 23:18]
SOAP:  10%|█         | 2676/25834 [3:22:54 > 23:18]
SOAP:  10%|█         | 2677/25834 [3:23:00 > 23:19]
SOAP:  10%|█         | 2678/25834 [3:22:58 > 23:20]
SOAP:  10%|█         | 2679/25834 [3:23:06 > 23:20]
SOAP:  10%|█         | 2680/25834 [3:23:05 > 23:21]
SOAP:  10%|█         | 2681/25834 [3:23:17 > 23:21]
SOAP:  10%|█         | 2682/25834 [3:23:03 > 23:22]
SOAP:  10%|█         | 2683/25834 [3:22:59 > 23:22]
SOAP:  10%|█         | 2684/25834 [3:22:56 > 23:23]
SOAP:  10%|█         | 2685/25834 [3:23:00 > 23:23]
SOAP:  10%|█         | 2686/25834 [3:22:59 > 23:24]
SOAP:  10%|█         | 2687/25834 [3:23:11 > 23:24]
SOAP:  10%|█         | 2688/25834 [3:23:07 > 23:25]
SOAP:  10%|█         | 2689/25834 [3:23:07 > 23:25]
SOAP:  10%|█         | 2690/25834 [3:23:08 > 23:26]
SOAP:  10%|█         | 2691/25834 [3:22:55 > 23:26]
SOAP:  10%|█         | 2692/25834 [3:22:16 > 23:27]
SOAP:  10%|█         | 2693/25834 [3:21:55 > 23:27]
SOAP:  10%|█         | 2694/25834 [3:21:31 > 23:28]
SOAP:  10%|█         | 2695/25834 [3:21:18 > 23:28]
SOAP:  10%|█         | 2696/25834 [3:21:12 > 23:29]
SOAP:  10%|█         | 2697/25834 [3:21:02 > 23:29]
SOAP:  10%|█         | 2698/25834 [3:20:56 > 23:30]
SOAP:  10%|█         | 2699/25834 [3:20:45 > 23:31]
SOAP:  10%|█         | 2700/25834 [3:20:52 > 23:31]
SOAP:  10%|█         | 2701/25834 [3:22:50 > 23:32]
SOAP:  10%|█         | 2702/25834 [3:21:12 > 23:32]
SOAP:  10%|█         | 2703/25834 [3:20:53 > 23:33]
SOAP:  10%|█         | 2704/25834 [3:19:26 > 23:33]
SOAP:  10%|█         | 2705/25834 [3:21:29 > 23:34]
SOAP:  10%|█         | 2706/25834 [3:21:47 > 23:34]
SOAP:  10%|█         | 2707/25834 [3:21:29 > 23:35]
SOAP:  10%|█         | 2708/25834 [3:21:14 > 23:35]
SOAP:  10%|█         | 2709/25834 [3:21:08 > 23:36]
SOAP:  10%|█         | 2710/25834 [3:20:57 > 23:36]
SOAP:  10%|█         | 2711/25834 [3:20:58 > 23:37]
SOAP:  10%|█         | 2712/25834 [3:20:51 > 23:37]
SOAP:  11%|█         | 2713/25834 [3:20:46 > 23:38]
SOAP:  11%|█         | 2714/25834 [3:20:53 > 23:38]
SOAP:  11%|█         | 2715/25834 [3:20:44 > 23:39]
SOAP:  11%|█         | 2716/25834 [3:20:48 > 23:39]
SOAP:  11%|█         | 2717/25834 [3:20:47 > 23:40]
SOAP:  11%|█         | 2718/25834 [3:20:49 > 23:40]
SOAP:  11%|█         | 2719/25834 [3:20:40 > 23:41]
SOAP:  11%|█         | 2720/25834 [3:20:38 > 23:41]
SOAP:  11%|█         | 2721/25834 [3:20:33 > 23:42]
SOAP:  11%|█         | 2722/25834 [3:20:31 > 23:43]
SOAP:  11%|█         | 2723/25834 [3:20:29 > 23:43]
SOAP:  11%|█         | 2724/25834 [3:20:32 > 23:44]
SOAP:  11%|█         | 2725/25834 [3:20:44 > 23:44]
SOAP:  11%|█         | 2726/25834 [3:21:07 > 23:45]
SOAP:  11%|█         | 2727/25834 [3:20:58 > 23:45]
SOAP:  11%|█         | 2728/25834 [3:20:44 > 23:46]
SOAP:  11%|█         | 2729/25834 [3:19:03 > 23:46]
SOAP:  11%|█         | 2730/25834 [3:21:04 > 23:47]
SOAP:  11%|█         | 2731/25834 [3:20:53 > 23:47]
SOAP:  11%|█         | 2732/25834 [3:20:49 > 23:48]
SOAP:  11%|█         | 2733/25834 [3:20:45 > 23:48]
SOAP:  11%|█         | 2734/25834 [3:20:57 > 23:49]
SOAP:  11%|█         | 2735/25834 [3:21:17 > 23:49]
SOAP:  11%|█         | 2736/25834 [3:20:57 > 23:50]
SOAP:  11%|█         | 2737/25834 [3:20:51 > 23:50]
SOAP:  11%|█         | 2738/25834 [3:20:44 > 23:51]
SOAP:  11%|█         | 2739/25834 [3:20:35 > 23:51]
SOAP:  11%|█         | 2740/25834 [3:20:26 > 23:52]
SOAP:  11%|█         | 2741/25834 [3:20:26 > 23:52]
SOAP:  11%|█         | 2742/25834 [3:20:24 > 23:53]
SOAP:  11%|█         | 2743/25834 [3:18:45 > 23:53]
SOAP:  11%|█         | 2744/25834 [3:20:52 > 23:54]
SOAP:  11%|█         | 2745/25834 [3:20:43 > 23:55]
SOAP:  11%|█         | 2746/25834 [3:20:45 > 23:55]
SOAP:  11%|█         | 2747/25834 [3:20:33 > 23:56]
SOAP:  11%|█         | 2748/25834 [3:20:36 > 23:56]
SOAP:  11%|█         | 2749/25834 [3:20:30 > 23:57]
SOAP:  11%|█         | 2750/25834 [3:20:31 > 23:57]
SOAP:  11%|█         | 2751/25834 [3:20:29 > 23:58]
SOAP:  11%|█         | 2752/25834 [3:20:24 > 23:58]
SOAP:  11%|█         | 2753/25834 [3:20:22 > 23:59]
SOAP:  11%|█         | 2754/25834 [3:20:24 > 23:59]
SOAP:  11%|█         | 2755/25834 [3:20:41 > 24:00]
SOAP:  11%|█         | 2756/25834 [3:21:13 > 24:00]
SOAP:  11%|█         | 2757/25834 [3:21:17 > 24:01]
SOAP:  11%|█         | 2758/25834 [3:20:54 > 24:01]
SOAP:  11%|█         | 2759/25834 [3:20:45 > 24:02]
SOAP:  11%|█         | 2760/25834 [3:20:33 > 24:02]
SOAP:  11%|█         | 2761/25834 [3:20:24 > 24:03]
SOAP:  11%|█         | 2762/25834 [3:20:20 > 24:03]
SOAP:  11%|█         | 2763/25834 [3:20:23 > 24:04]
SOAP:  11%|█         | 2764/25834 [3:20:19 > 24:04]
SOAP:  11%|█         | 2765/25834 [3:20:13 > 24:05]
SOAP:  11%|█         | 2766/25834 [3:20:15 > 24:05]
SOAP:  11%|█         | 2767/25834 [3:20:15 > 24:06]
SOAP:  11%|█         | 2768/25834 [3:20:23 > 24:07]
SOAP:  11%|█         | 2769/25834 [3:20:56 > 24:07]
SOAP:  11%|█         | 2770/25834 [3:20:43 > 24:08]
SOAP:  11%|█         | 2771/25834 [3:20:36 > 24:08]
SOAP:  11%|█         | 2772/25834 [3:20:33 > 24:09]
SOAP:  11%|█         | 2773/25834 [3:20:20 > 24:09]
SOAP:  11%|█         | 2774/25834 [3:20:23 > 24:10]
SOAP:  11%|█         | 2775/25834 [3:20:05 > 24:10]
SOAP:  11%|█         | 2776/25834 [3:20:02 > 24:11]
SOAP:  11%|█         | 2777/25834 [3:19:56 > 24:11]
SOAP:  11%|█         | 2778/25834 [3:19:54 > 24:12]
SOAP:  11%|█         | 2779/25834 [3:20:05 > 24:12]
SOAP:  11%|█         | 2780/25834 [3:20:06 > 24:13]
SOAP:  11%|█         | 2781/25834 [3:20:08 > 24:13]
SOAP:  11%|█         | 2782/25834 [3:20:05 > 24:14]
SOAP:  11%|█         | 2783/25834 [3:20:06 > 24:14]
SOAP:  11%|█         | 2784/25834 [3:20:07 > 24:15]
SOAP:  11%|█         | 2785/25834 [3:20:03 > 24:15]
SOAP:  11%|█         | 2786/25834 [3:20:02 > 24:16]
SOAP:  11%|█         | 2787/25834 [3:20:10 > 24:16]
SOAP:  11%|█         | 2788/25834 [3:20:06 > 24:17]
SOAP:  11%|█         | 2789/25834 [3:20:07 > 24:17]
SOAP:  11%|█         | 2790/25834 [3:20:28 > 24:18]
SOAP:  11%|█         | 2791/25834 [3:20:43 > 24:18]
SOAP:  11%|█         | 2792/25834 [3:20:42 > 24:19]
SOAP:  11%|█         | 2793/25834 [3:20:47 > 24:20]
SOAP:  11%|█         | 2794/25834 [3:20:30 > 24:20]
SOAP:  11%|█         | 2795/25834 [3:18:39 > 24:21]
SOAP:  11%|█         | 2796/25834 [3:20:55 > 24:21]
SOAP:  11%|█         | 2797/25834 [3:20:45 > 24:22]
SOAP:  11%|█         | 2798/25834 [3:20:33 > 24:22]
SOAP:  11%|█         | 2799/25834 [3:20:19 > 24:23]
SOAP:  11%|█         | 2800/25834 [3:20:14 > 24:23]
SOAP:  11%|█         | 2801/25834 [3:23:01 > 24:24]
SOAP:  11%|█         | 2802/25834 [3:20:48 > 24:24]
SOAP:  11%|█         | 2803/25834 [3:20:34 > 24:25]
SOAP:  11%|█         | 2804/25834 [3:20:19 > 24:25]
SOAP:  11%|█         | 2805/25834 [3:20:10 > 24:26]
SOAP:  11%|█         | 2806/25834 [3:20:07 > 24:26]
SOAP:  11%|█         | 2807/25834 [3:19:58 > 24:27]
SOAP:  11%|█         | 2808/25834 [3:19:57 > 24:27]
SOAP:  11%|█         | 2809/25834 [3:19:52 > 24:28]
SOAP:  11%|█         | 2810/25834 [3:19:49 > 24:28]
SOAP:  11%|█         | 2811/25834 [3:19:48 > 24:29]
SOAP:  11%|█         | 2812/25834 [3:19:48 > 24:29]
SOAP:  11%|█         | 2813/25834 [3:19:41 > 24:30]
SOAP:  11%|█         | 2814/25834 [3:19:43 > 24:30]
SOAP:  11%|█         | 2815/25834 [3:19:38 > 24:31]
SOAP:  11%|█         | 2816/25834 [3:19:42 > 24:32]
SOAP:  11%|█         | 2817/25834 [3:19:45 > 24:32]
SOAP:  11%|█         | 2818/25834 [3:19:44 > 24:33]
SOAP:  11%|█         | 2819/25834 [3:19:47 > 24:33]
SOAP:  11%|█         | 2820/25834 [3:19:49 > 24:34]
SOAP:  11%|█         | 2821/25834 [3:19:48 > 24:34]
SOAP:  11%|█         | 2822/25834 [3:19:50 > 24:35]
SOAP:  11%|█         | 2823/25834 [3:19:41 > 24:35]
SOAP:  11%|█         | 2824/25834 [3:19:47 > 24:36]
SOAP:  11%|█         | 2825/25834 [3:19:45 > 24:36]
SOAP:  11%|█         | 2826/25834 [3:19:44 > 24:37]
SOAP:  11%|█         | 2827/25834 [3:19:42 > 24:37]
SOAP:  11%|█         | 2828/25834 [3:19:42 > 24:38]
SOAP:  11%|█         | 2829/25834 [3:19:33 > 24:38]
SOAP:  11%|█         | 2830/25834 [3:19:34 > 24:39]
SOAP:  11%|█         | 2831/25834 [3:19:33 > 24:39]
SOAP:  11%|█         | 2832/25834 [3:19:37 > 24:40]
SOAP:  11%|█         | 2833/25834 [3:19:32 > 24:40]
SOAP:  11%|█         | 2834/25834 [3:19:32 > 24:41]
SOAP:  11%|█         | 2835/25834 [3:19:35 > 24:41]
SOAP:  11%|█         | 2836/25834 [3:18:24 > 24:42]
SOAP:  11%|█         | 2837/25834 [3:19:57 > 24:42]
SOAP:  11%|█         | 2838/25834 [3:19:55 > 24:43]
SOAP:  11%|█         | 2839/25834 [3:19:45 > 24:44]
SOAP:  11%|█         | 2840/25834 [3:18:04 > 24:44]
SOAP:  11%|█         | 2841/25834 [3:20:07 > 24:45]
SOAP:  11%|█         | 2842/25834 [3:19:57 > 24:45]
SOAP:  11%|█         | 2843/25834 [3:19:55 > 24:46]
SOAP:  11%|█         | 2844/25834 [3:19:50 > 24:46]
SOAP:  11%|█         | 2845/25834 [3:19:44 > 24:47]
SOAP:  11%|█         | 2846/25834 [3:19:40 > 24:47]
SOAP:  11%|█         | 2847/25834 [3:19:37 > 24:48]
SOAP:  11%|█         | 2848/25834 [3:19:44 > 24:48]
SOAP:  11%|█         | 2849/25834 [3:19:32 > 24:49]
SOAP:  11%|█         | 2850/25834 [3:19:42 > 24:49]
SOAP:  11%|█         | 2851/25834 [3:20:04 > 24:50]
SOAP:  11%|█         | 2852/25834 [3:19:46 > 24:50]
SOAP:  11%|█         | 2853/25834 [3:19:42 > 24:51]
SOAP:  11%|█         | 2854/25834 [3:19:41 > 24:51]
SOAP:  11%|█         | 2855/25834 [3:19:28 > 24:52]
SOAP:  11%|█         | 2856/25834 [3:19:33 > 24:52]
SOAP:  11%|█         | 2857/25834 [3:19:32 > 24:53]
SOAP:  11%|█         | 2858/25834 [3:19:25 > 24:53]
SOAP:  11%|█         | 2859/25834 [3:17:58 > 24:54]
SOAP:  11%|█         | 2860/25834 [3:20:15 > 24:54]
SOAP:  11%|█         | 2861/25834 [3:20:17 > 24:55]
SOAP:  11%|█         | 2862/25834 [3:19:56 > 24:55]
SOAP:  11%|█         | 2863/25834 [3:19:48 > 24:56]
SOAP:  11%|█         | 2864/25834 [3:19:32 > 24:57]
SOAP:  11%|█         | 2865/25834 [3:19:33 > 24:57]
SOAP:  11%|█         | 2866/25834 [3:19:27 > 24:58]
SOAP:  11%|█         | 2867/25834 [3:19:23 > 24:58]
SOAP:  11%|█         | 2868/25834 [3:19:25 > 24:59]
SOAP:  11%|█         | 2869/25834 [3:17:49 > 24:59]
SOAP:  11%|█         | 2870/25834 [3:19:43 > 25:00]
SOAP:  11%|█         | 2871/25834 [3:18:01 > 25:00]
SOAP:  11%|█         | 2872/25834 [3:19:54 > 25:01]
SOAP:  11%|█         | 2873/25834 [3:19:40 > 25:01]
SOAP:  11%|█         | 2874/25834 [3:19:37 > 25:02]
SOAP:  11%|█         | 2875/25834 [3:19:25 > 25:02]
SOAP:  11%|█         | 2876/25834 [3:19:25 > 25:03]
SOAP:  11%|█         | 2877/25834 [3:19:17 > 25:03]
SOAP:  11%|█         | 2878/25834 [3:19:11 > 25:04]
SOAP:  11%|█         | 2879/25834 [3:18:21 > 25:04]
SOAP:  11%|█         | 2880/25834 [3:19:27 > 25:05]
SOAP:  11%|█         | 2881/25834 [3:19:24 > 25:05]
SOAP:  11%|█         | 2882/25834 [3:19:16 > 25:06]
SOAP:  11%|█         | 2883/25834 [3:19:16 > 25:06]
SOAP:  11%|█         | 2884/25834 [3:19:15 > 25:07]
SOAP:  11%|█         | 2885/25834 [3:19:08 > 25:07]
SOAP:  11%|█         | 2886/25834 [3:19:11 > 25:08]
SOAP:  11%|█         | 2887/25834 [3:19:08 > 25:09]
SOAP:  11%|█         | 2888/25834 [3:19:11 > 25:09]
SOAP:  11%|█         | 2889/25834 [3:19:02 > 25:10]
SOAP:  11%|█         | 2890/25834 [3:19:00 > 25:10]
SOAP:  11%|█         | 2891/25834 [3:19:13 > 25:11]
SOAP:  11%|█         | 2892/25834 [3:19:41 > 25:11]
SOAP:  11%|█         | 2893/25834 [3:19:34 > 25:12]
SOAP:  11%|█         | 2894/25834 [3:19:25 > 25:12]
SOAP:  11%|█         | 2895/25834 [3:19:20 > 25:13]
SOAP:  11%|█         | 2896/25834 [3:19:21 > 25:13]
SOAP:  11%|█         | 2897/25834 [3:19:27 > 25:14]
SOAP:  11%|█         | 2898/25834 [3:18:20 > 25:14]
SOAP:  11%|█         | 2899/25834 [3:20:14 > 25:15]
SOAP:  11%|█         | 2900/25834 [3:19:56 > 25:15]
SOAP:  11%|█         | 2901/25834 [3:21:34 > 25:16]
SOAP:  11%|█         | 2902/25834 [3:20:02 > 25:16]
SOAP:  11%|█         | 2903/25834 [3:19:35 > 25:17]
SOAP:  11%|█         | 2904/25834 [3:19:25 > 25:17]
SOAP:  11%|█         | 2905/25834 [3:19:15 > 25:18]
SOAP:  11%|█         | 2906/25834 [3:19:09 > 25:18]
SOAP:  11%|█▏        | 2907/25834 [3:19:02 > 25:19]
SOAP:  11%|█▏        | 2908/25834 [3:18:55 > 25:19]
SOAP:  11%|█▏        | 2909/25834 [3:18:53 > 25:20]
SOAP:  11%|█▏        | 2910/25834 [3:18:53 > 25:21]
SOAP:  11%|█▏        | 2911/25834 [3:18:52 > 25:21]
SOAP:  11%|█▏        | 2912/25834 [3:18:51 > 25:22]
SOAP:  11%|█▏        | 2913/25834 [3:18:58 > 25:22]
SOAP:  11%|█▏        | 2914/25834 [3:19:07 > 25:23]
SOAP:  11%|█▏        | 2915/25834 [3:19:30 > 25:23]
SOAP:  11%|█▏        | 2916/25834 [3:19:02 > 25:24]
SOAP:  11%|█▏        | 2917/25834 [3:18:56 > 25:24]
SOAP:  11%|█▏        | 2918/25834 [3:19:00 > 25:25]
SOAP:  11%|█▏        | 2919/25834 [3:18:56 > 25:25]
SOAP:  11%|█▏        | 2920/25834 [3:18:50 > 25:26]
SOAP:  11%|█▏        | 2921/25834 [3:18:50 > 25:26]
SOAP:  11%|█▏        | 2922/25834 [3:18:51 > 25:27]
SOAP:  11%|█▏        | 2923/25834 [3:18:48 > 25:27]
SOAP:  11%|█▏        | 2924/25834 [3:18:51 > 25:28]
SOAP:  11%|█▏        | 2925/25834 [3:18:56 > 25:28]
SOAP:  11%|█▏        | 2926/25834 [3:18:47 > 25:29]
SOAP:  11%|█▏        | 2927/25834 [3:18:44 > 25:29]
SOAP:  11%|█▏        | 2928/25834 [3:18:34 > 25:30]
SOAP:  11%|█▏        | 2929/25834 [3:18:42 > 25:30]
SOAP:  11%|█▏        | 2930/25834 [3:18:40 > 25:31]
SOAP:  11%|█▏        | 2931/25834 [3:18:42 > 25:31]
SOAP:  11%|█▏        | 2932/25834 [3:18:42 > 25:32]
SOAP:  11%|█▏        | 2933/25834 [3:18:41 > 25:32]
SOAP:  11%|█▏        | 2934/25834 [3:18:40 > 25:33]
SOAP:  11%|█▏        | 2935/25834 [3:18:45 > 25:34]
SOAP:  11%|█▏        | 2936/25834 [3:18:50 > 25:34]
SOAP:  11%|█▏        | 2937/25834 [3:17:09 > 25:35]
SOAP:  11%|█▏        | 2938/25834 [3:19:17 > 25:35]
SOAP:  11%|█▏        | 2939/25834 [3:19:04 > 25:36]
SOAP:  11%|█▏        | 2940/25834 [3:19:00 > 25:36]
SOAP:  11%|█▏        | 2941/25834 [3:18:57 > 25:37]
SOAP:  11%|█▏        | 2942/25834 [3:18:53 > 25:37]
SOAP:  11%|█▏        | 2943/25834 [3:18:39 > 25:38]
SOAP:  11%|█▏        | 2944/25834 [3:18:39 > 25:38]
SOAP:  11%|█▏        | 2945/25834 [3:18:32 > 25:39]
SOAP:  11%|█▏        | 2946/25834 [3:18:33 > 25:39]
SOAP:  11%|█▏        | 2947/25834 [3:18:41 > 25:40]
SOAP:  11%|█▏        | 2948/25834 [3:18:38 > 25:40]
SOAP:  11%|█▏        | 2949/25834 [3:18:34 > 25:41]
SOAP:  11%|█▏        | 2950/25834 [3:18:37 > 25:41]
SOAP:  11%|█▏        | 2951/25834 [3:18:46 > 25:42]
SOAP:  11%|█▏        | 2952/25834 [3:19:11 > 25:42]
SOAP:  11%|█▏        | 2953/25834 [3:19:00 > 25:43]
SOAP:  11%|█▏        | 2954/25834 [3:18:56 > 25:43]
SOAP:  11%|█▏        | 2955/25834 [3:18:50 > 25:44]
SOAP:  11%|█▏        | 2956/25834 [3:18:48 > 25:44]
SOAP:  11%|█▏        | 2957/25834 [3:18:47 > 25:45]
SOAP:  11%|█▏        | 2958/25834 [3:18:36 > 25:46]
SOAP:  11%|█▏        | 2959/25834 [3:18:43 > 25:46]
SOAP:  11%|█▏        | 2960/25834 [3:18:35 > 25:47]
SOAP:  11%|█▏        | 2961/25834 [3:18:42 > 25:47]
SOAP:  11%|█▏        | 2962/25834 [3:18:33 > 25:48]
SOAP:  11%|█▏        | 2963/25834 [3:18:27 > 25:48]
SOAP:  11%|█▏        | 2964/25834 [3:18:30 > 25:49]
SOAP:  11%|█▏        | 2965/25834 [3:18:27 > 25:49]
SOAP:  11%|█▏        | 2966/25834 [3:18:24 > 25:50]
SOAP:  11%|█▏        | 2967/25834 [3:18:30 > 25:50]
SOAP:  11%|█▏        | 2968/25834 [3:17:43 > 25:51]
SOAP:  11%|█▏        | 2969/25834 [3:18:40 > 25:51]
SOAP:  11%|█▏        | 2970/25834 [3:18:41 > 25:52]
SOAP:  12%|█▏        | 2971/25834 [3:18:40 > 25:52]
SOAP:  12%|█▏        | 2972/25834 [3:18:36 > 25:53]
SOAP:  12%|█▏        | 2973/25834 [3:18:35 > 25:53]
SOAP:  12%|█▏        | 2974/25834 [3:18:27 > 25:54]
SOAP:  12%|█▏        | 2975/25834 [3:18:30 > 25:54]
SOAP:  12%|█▏        | 2976/25834 [3:17:25 > 25:55]
SOAP:  12%|█▏        | 2977/25834 [3:19:06 > 25:55]
SOAP:  12%|█▏        | 2978/25834 [3:18:53 > 25:56]
SOAP:  12%|█▏        | 2979/25834 [3:18:46 > 25:56]
SOAP:  12%|█▏        | 2980/25834 [3:18:38 > 25:57]
SOAP:  12%|█▏        | 2981/25834 [3:18:31 > 25:58]
SOAP:  12%|█▏        | 2982/25834 [3:18:23 > 25:58]
SOAP:  12%|█▏        | 2983/25834 [3:18:23 > 25:59]
SOAP:  12%|█▏        | 2984/25834 [3:16:47 > 25:59]
SOAP:  12%|█▏        | 2985/25834 [3:18:26 > 26:00]
SOAP:  12%|█▏        | 2986/25834 [3:18:30 > 26:00]
SOAP:  12%|█▏        | 2987/25834 [3:18:21 > 26:01]
SOAP:  12%|█▏        | 2988/25834 [3:18:20 > 26:01]
SOAP:  12%|█▏        | 2989/25834 [3:18:19 > 26:02]
SOAP:  12%|█▏        | 2990/25834 [3:18:23 > 26:02]
SOAP:  12%|█▏        | 2991/25834 [3:18:17 > 26:03]
SOAP:  12%|█▏        | 2992/25834 [3:18:14 > 26:03]
SOAP:  12%|█▏        | 2993/25834 [3:18:14 > 26:04]
SOAP:  12%|█▏        | 2994/25834 [3:18:16 > 26:04]
SOAP:  12%|█▏        | 2995/25834 [3:18:13 > 26:05]
SOAP:  12%|█▏        | 2996/25834 [3:18:16 > 26:05]
SOAP:  12%|█▏        | 2997/25834 [3:18:32 > 26:06]
SOAP:  12%|█▏        | 2998/25834 [3:19:06 > 26:06]
SOAP:  12%|█▏        | 2999/25834 [3:18:46 > 26:07]
SOAP:  12%|█▏        | 3000/25834 [3:18:33 > 26:07]
SOAP:  12%|█▏        | 3001/25834 [3:20:17 > 26:08]
SOAP:  12%|█▏        | 3002/25834 [3:18:45 > 26:08]
SOAP:  12%|█▏        | 3003/25834 [3:18:29 > 26:09]
SOAP:  12%|█▏        | 3004/25834 [3:18:24 > 26:09]
SOAP:  12%|█▏        | 3005/25834 [3:18:23 > 26:10]
SOAP:  12%|█▏        | 3006/25834 [3:18:14 > 26:11]
SOAP:  12%|█▏        | 3007/25834 [3:18:14 > 26:11]
SOAP:  12%|█▏        | 3008/25834 [3:18:06 > 26:12]
SOAP:  12%|█▏        | 3009/25834 [3:18:12 > 26:12]
SOAP:  12%|█▏        | 3010/25834 [3:18:10 > 26:13]
SOAP:  12%|█▏        | 3011/25834 [3:18:05 > 26:13]
SOAP:  12%|█▏        | 3012/25834 [3:18:03 > 26:14]
SOAP:  12%|█▏        | 3013/25834 [3:18:04 > 26:14]
SOAP:  12%|█▏        | 3014/25834 [3:18:13 > 26:15]
SOAP:  12%|█▏        | 3015/25834 [3:18:13 > 26:15]
SOAP:  12%|█▏        | 3016/25834 [3:18:04 > 26:16]
SOAP:  12%|█▏        | 3017/25834 [3:18:14 > 26:16]
SOAP:  12%|█▏        | 3018/25834 [3:18:05 > 26:17]
SOAP:  12%|█▏        | 3019/25834 [3:18:05 > 26:17]
SOAP:  12%|█▏        | 3020/25834 [3:18:08 > 26:18]
SOAP:  12%|█▏        | 3021/25834 [3:18:12 > 26:18]
SOAP:  12%|█▏        | 3022/25834 [3:18:07 > 26:19]
SOAP:  12%|█▏        | 3023/25834 [3:18:03 > 26:19]
SOAP:  12%|█▏        | 3024/25834 [3:18:07 > 26:20]
SOAP:  12%|█▏        | 3025/25834 [3:18:06 > 26:20]
SOAP:  12%|█▏        | 3026/25834 [3:18:18 > 26:21]
SOAP:  12%|█▏        | 3027/25834 [3:18:46 > 26:21]
SOAP:  12%|█▏        | 3028/25834 [3:18:35 > 26:22]
SOAP:  12%|█▏        | 3029/25834 [3:18:17 > 26:23]
SOAP:  12%|█▏        | 3030/25834 [3:18:12 > 26:23]
SOAP:  12%|█▏        | 3031/25834 [3:18:08 > 26:24]
SOAP:  12%|█▏        | 3032/25834 [3:18:10 > 26:24]
SOAP:  12%|█▏        | 3033/25834 [3:17:54 > 26:25]
SOAP:  12%|█▏        | 3034/25834 [3:16:24 > 26:25]
SOAP:  12%|█▏        | 3035/25834 [3:18:42 > 26:26]
SOAP:  12%|█▏        | 3036/25834 [3:18:39 > 26:26]
SOAP:  12%|█▏        | 3037/25834 [3:18:19 > 26:27]
SOAP:  12%|█▏        | 3038/25834 [3:18:06 > 26:27]
SOAP:  12%|█▏        | 3039/25834 [3:17:58 > 26:28]
SOAP:  12%|█▏        | 3040/25834 [3:17:55 > 26:28]
SOAP:  12%|█▏        | 3041/25834 [3:17:52 > 26:29]
SOAP:  12%|█▏        | 3042/25834 [3:17:52 > 26:29]
SOAP:  12%|█▏        | 3043/25834 [3:17:49 > 26:30]
SOAP:  12%|█▏        | 3044/25834 [3:17:46 > 26:30]
SOAP:  12%|█▏        | 3045/25834 [3:17:48 > 26:31]
SOAP:  12%|█▏        | 3046/25834 [3:17:47 > 26:31]
SOAP:  12%|█▏        | 3047/25834 [3:17:48 > 26:32]
SOAP:  12%|█▏        | 3048/25834 [3:17:46 > 26:32]
SOAP:  12%|█▏        | 3049/25834 [3:17:41 > 26:33]
SOAP:  12%|█▏        | 3050/25834 [3:17:47 > 26:33]
SOAP:  12%|█▏        | 3051/25834 [3:17:45 > 26:34]
SOAP:  12%|█▏        | 3052/25834 [3:17:42 > 26:35]
SOAP:  12%|█▏        | 3053/25834 [3:17:44 > 26:35]
SOAP:  12%|█▏        | 3054/25834 [3:17:42 > 26:36]
SOAP:  12%|█▏        | 3055/25834 [3:17:40 > 26:36]
SOAP:  12%|█▏        | 3056/25834 [3:17:27 > 26:37]
SOAP:  12%|█▏        | 3057/25834 [3:17:29 > 26:37]
SOAP:  12%|█▏        | 3058/25834 [3:17:34 > 26:38]
SOAP:  12%|█▏        | 3059/25834 [3:17:30 > 26:38]
SOAP:  12%|█▏        | 3060/25834 [3:17:30 > 26:39]
SOAP:  12%|█▏        | 3061/25834 [3:17:35 > 26:39]
SOAP:  12%|█▏        | 3062/25834 [3:17:41 > 26:40]
SOAP:  12%|█▏        | 3063/25834 [3:18:11 > 26:40]
SOAP:  12%|█▏        | 3064/25834 [3:17:32 > 26:41]
SOAP:  12%|█▏        | 3065/25834 [3:18:14 > 26:41]
SOAP:  12%|█▏        | 3066/25834 [3:17:47 > 26:42]
SOAP:  12%|█▏        | 3067/25834 [3:17:49 > 26:42]
SOAP:  12%|█▏        | 3068/25834 [3:17:42 > 26:43]
SOAP:  12%|█▏        | 3069/25834 [3:17:47 > 26:43]
SOAP:  12%|█▏        | 3070/25834 [3:17:40 > 26:44]
SOAP:  12%|█▏        | 3071/25834 [3:17:52 > 26:44]
SOAP:  12%|█▏        | 3072/25834 [3:17:34 > 26:45]
SOAP:  12%|█▏        | 3073/25834 [3:16:00 > 26:45]
SOAP:  12%|█▏        | 3074/25834 [3:17:58 > 26:46]
SOAP:  12%|█▏        | 3075/25834 [3:17:40 > 26:46]
SOAP:  12%|█▏        | 3076/25834 [3:17:34 > 26:47]
SOAP:  12%|█▏        | 3077/25834 [3:17:37 > 26:48]
SOAP:  12%|█▏        | 3078/25834 [3:17:30 > 26:48]
SOAP:  12%|█▏        | 3079/25834 [3:17:38 > 26:49]
SOAP:  12%|█▏        | 3080/25834 [3:17:29 > 26:49]
SOAP:  12%|█▏        | 3081/25834 [3:17:30 > 26:50]
SOAP:  12%|█▏        | 3082/25834 [3:17:35 > 26:50]
SOAP:  12%|█▏        | 3083/25834 [3:17:34 > 26:51]
SOAP:  12%|█▏        | 3084/25834 [3:17:33 > 26:51]
SOAP:  12%|█▏        | 3085/25834 [3:17:20 > 26:52]
SOAP:  12%|█▏        | 3086/25834 [3:17:22 > 26:52]
SOAP:  12%|█▏        | 3087/25834 [3:17:21 > 26:53]
SOAP:  12%|█▏        | 3088/25834 [3:17:21 > 26:53]
SOAP:  12%|█▏        | 3089/25834 [3:17:22 > 26:54]
SOAP:  12%|█▏        | 3090/25834 [3:15:50 > 26:54]
SOAP:  12%|█▏        | 3091/25834 [3:18:10 > 26:55]
SOAP:  12%|█▏        | 3092/25834 [3:17:49 > 26:55]
SOAP:  12%|█▏        | 3093/25834 [3:17:44 > 26:56]
SOAP:  12%|█▏        | 3094/25834 [3:17:38 > 26:56]
SOAP:  12%|█▏        | 3095/25834 [3:17:47 > 26:57]
SOAP:  12%|█▏        | 3096/25834 [3:18:11 > 26:57]
SOAP:  12%|█▏        | 3097/25834 [3:18:10 > 26:58]
SOAP:  12%|█▏        | 3098/25834 [3:17:56 > 26:58]
SOAP:  12%|█▏        | 3099/25834 [3:17:28 > 26:59]
SOAP:  12%|█▏        | 3100/25834 [3:17:59 > 27:00]
SOAP:  12%|█▏        | 3101/25834 [3:19:45 > 27:00]
SOAP:  12%|█▏        | 3102/25834 [3:18:07 > 27:01]
SOAP:  12%|█▏        | 3103/25834 [3:17:55 > 27:01]
SOAP:  12%|█▏        | 3104/25834 [3:17:47 > 27:02]
SOAP:  12%|█▏        | 3105/25834 [3:17:31 > 27:02]
SOAP:  12%|█▏        | 3106/25834 [3:17:27 > 27:03]
SOAP:  12%|█▏        | 3107/25834 [3:17:23 > 27:03]
SOAP:  12%|█▏        | 3108/25834 [3:17:32 > 27:04]
SOAP:  12%|█▏        | 3109/25834 [3:17:27 > 27:04]
SOAP:  12%|█▏        | 3110/25834 [3:17:27 > 27:05]
SOAP:  12%|█▏        | 3111/25834 [3:17:15 > 27:05]
SOAP:  12%|█▏        | 3112/25834 [3:17:07 > 27:06]
SOAP:  12%|█▏        | 3113/25834 [3:17:00 > 27:06]
SOAP:  12%|█▏        | 3114/25834 [3:17:03 > 27:07]
SOAP:  12%|█▏        | 3115/25834 [3:16:58 > 27:07]
SOAP:  12%|█▏        | 3116/25834 [3:17:01 > 27:08]
SOAP:  12%|█▏        | 3117/25834 [3:17:03 > 27:08]
SOAP:  12%|█▏        | 3118/25834 [3:17:03 > 27:09]
SOAP:  12%|█▏        | 3119/25834 [3:17:06 > 27:09]
SOAP:  12%|█▏        | 3120/25834 [3:17:08 > 27:10]
SOAP:  12%|█▏        | 3121/25834 [3:17:01 > 27:10]
SOAP:  12%|█▏        | 3122/25834 [3:16:59 > 27:11]
SOAP:  12%|█▏        | 3123/25834 [3:17:00 > 27:12]
SOAP:  12%|█▏        | 3124/25834 [3:17:02 > 27:12]
SOAP:  12%|█▏        | 3125/25834 [3:17:01 > 27:13]
SOAP:  12%|█▏        | 3126/25834 [3:17:06 > 27:13]
SOAP:  12%|█▏        | 3127/25834 [3:17:04 > 27:14]
SOAP:  12%|█▏        | 3128/25834 [3:17:09 > 27:14]
SOAP:  12%|█▏        | 3129/25834 [3:16:54 > 27:15]
SOAP:  12%|█▏        | 3130/25834 [3:17:00 > 27:15]
SOAP:  12%|█▏        | 3131/25834 [3:16:54 > 27:16]
SOAP:  12%|█▏        | 3132/25834 [3:17:14 > 27:16]
SOAP:  12%|█▏        | 3133/25834 [3:17:34 > 27:17]
SOAP:  12%|█▏        | 3134/25834 [3:17:35 > 27:17]
SOAP:  12%|█▏        | 3135/25834 [3:17:25 > 27:18]
SOAP:  12%|█▏        | 3136/25834 [3:17:19 > 27:18]
SOAP:  12%|█▏        | 3137/25834 [3:17:07 > 27:19]
SOAP:  12%|█▏        | 3138/25834 [3:17:11 > 27:19]
SOAP:  12%|█▏        | 3139/25834 [3:17:05 > 27:20]
SOAP:  12%|█▏        | 3140/25834 [3:17:09 > 27:20]
SOAP:  12%|█▏        | 3141/25834 [3:17:02 > 27:21]
SOAP:  12%|█▏        | 3142/25834 [3:17:05 > 27:21]
SOAP:  12%|█▏        | 3143/25834 [3:16:59 > 27:22]
SOAP:  12%|█▏        | 3144/25834 [3:17:05 > 27:22]
SOAP:  12%|█▏        | 3145/25834 [3:17:13 > 27:23]
SOAP:  12%|█▏        | 3146/25834 [3:17:47 > 27:23]
SOAP:  12%|█▏        | 3147/25834 [3:18:10 > 27:24]
SOAP:  12%|█▏        | 3148/25834 [3:18:23 > 27:25]
SOAP:  12%|█▏        | 3149/25834 [3:18:28 > 27:25]
SOAP:  12%|█▏        | 3150/25834 [3:18:37 > 27:26]
SOAP:  12%|█▏        | 3151/25834 [3:18:55 > 27:26]
SOAP:  12%|█▏        | 3152/25834 [3:18:54 > 27:27]
SOAP:  12%|█▏        | 3153/25834 [3:18:23 > 27:27]
SOAP:  12%|█▏        | 3154/25834 [3:18:56 > 27:28]
SOAP:  12%|█▏        | 3155/25834 [3:19:00 > 27:28]
SOAP:  12%|█▏        | 3156/25834 [3:19:11 > 27:29]
SOAP:  12%|█▏        | 3157/25834 [3:19:05 > 27:29]
SOAP:  12%|█▏        | 3158/25834 [3:18:59 > 27:30]
SOAP:  12%|█▏        | 3159/25834 [3:18:57 > 27:30]
SOAP:  12%|█▏        | 3160/25834 [3:18:57 > 27:31]
SOAP:  12%|█▏        | 3161/25834 [3:19:00 > 27:31]
SOAP:  12%|█▏        | 3162/25834 [3:19:06 > 27:32]
SOAP:  12%|█▏        | 3163/25834 [3:19:01 > 27:32]
SOAP:  12%|█▏        | 3164/25834 [3:18:59 > 27:33]
SOAP:  12%|█▏        | 3165/25834 [3:19:00 > 27:33]
SOAP:  12%|█▏        | 3166/25834 [3:18:58 > 27:34]
SOAP:  12%|█▏        | 3167/25834 [3:19:00 > 27:35]
SOAP:  12%|█▏        | 3168/25834 [3:19:04 > 27:35]
SOAP:  12%|█▏        | 3169/25834 [3:18:53 > 27:36]
SOAP:  12%|█▏        | 3170/25834 [3:18:41 > 27:36]
SOAP:  12%|█▏        | 3171/25834 [3:18:43 > 27:37]
SOAP:  12%|█▏        | 3172/25834 [3:18:42 > 27:37]
SOAP:  12%|█▏        | 3173/25834 [3:18:43 > 27:38]
SOAP:  12%|█▏        | 3174/25834 [3:18:48 > 27:38]
SOAP:  12%|█▏        | 3175/25834 [3:18:55 > 27:39]
SOAP:  12%|█▏        | 3176/25834 [3:18:51 > 27:39]
SOAP:  12%|█▏        | 3177/25834 [3:18:52 > 27:40]
SOAP:  12%|█▏        | 3178/25834 [3:18:56 > 27:40]
SOAP:  12%|█▏        | 3179/25834 [3:19:05 > 27:41]
SOAP:  12%|█▏        | 3180/25834 [3:18:58 > 27:41]
SOAP:  12%|█▏        | 3181/25834 [3:18:54 > 27:42]
SOAP:  12%|█▏        | 3182/25834 [3:18:54 > 27:42]
SOAP:  12%|█▏        | 3183/25834 [3:18:52 > 27:43]
SOAP:  12%|█▏        | 3184/25834 [3:18:59 > 27:44]
SOAP:  12%|█▏        | 3185/25834 [3:18:47 > 27:44]
SOAP:  12%|█▏        | 3186/25834 [3:18:44 > 27:45]
SOAP:  12%|█▏        | 3187/25834 [3:18:42 > 27:45]
SOAP:  12%|█▏        | 3188/25834 [3:18:45 > 27:46]
SOAP:  12%|█▏        | 3189/25834 [3:16:58 > 27:46]
SOAP:  12%|█▏        | 3190/25834 [3:18:33 > 27:47]
SOAP:  12%|█▏        | 3191/25834 [3:18:42 > 27:47]
SOAP:  12%|█▏        | 3192/25834 [3:18:53 > 27:48]
SOAP:  12%|█▏        | 3193/25834 [3:18:48 > 27:48]
SOAP:  12%|█▏        | 3194/25834 [3:18:53 > 27:49]
SOAP:  12%|█▏        | 3195/25834 [3:18:54 > 27:49]
SOAP:  12%|█▏        | 3196/25834 [3:19:19 > 27:50]
SOAP:  12%|█▏        | 3197/25834 [3:18:58 > 27:50]
SOAP:  12%|█▏        | 3198/25834 [3:19:00 > 27:51]
SOAP:  12%|█▏        | 3199/25834 [3:18:43 > 27:51]
SOAP:  12%|█▏        | 3200/25834 [3:18:17 > 27:52]
SOAP:  12%|█▏        | 3201/25834 [3:19:25 > 27:52]
SOAP:  12%|█▏        | 3202/25834 [3:19:17 > 27:53]
SOAP:  12%|█▏        | 3203/25834 [3:19:11 > 27:54]
SOAP:  12%|█▏        | 3204/25834 [3:19:03 > 27:54]
SOAP:  12%|█▏        | 3205/25834 [3:18:49 > 27:55]
SOAP:  12%|█▏        | 3206/25834 [3:18:48 > 27:55]
SOAP:  12%|█▏        | 3207/25834 [3:18:41 > 27:56]
SOAP:  12%|█▏        | 3208/25834 [3:18:47 > 27:56]
SOAP:  12%|█▏        | 3209/25834 [3:18:49 > 27:57]
SOAP:  12%|█▏        | 3210/25834 [3:18:46 > 27:57]
SOAP:  12%|█▏        | 3211/25834 [3:18:38 > 27:58]
SOAP:  12%|█▏        | 3212/25834 [3:18:35 > 27:58]
SOAP:  12%|█▏        | 3213/25834 [3:16:52 > 27:59]
SOAP:  12%|█▏        | 3214/25834 [3:18:28 > 27:59]
SOAP:  12%|█▏        | 3215/25834 [3:18:24 > 28:00]
SOAP:  12%|█▏        | 3216/25834 [3:18:21 > 28:00]
SOAP:  12%|█▏        | 3217/25834 [3:18:19 > 28:01]
SOAP:  12%|█▏        | 3218/25834 [3:18:27 > 28:01]
SOAP:  12%|█▏        | 3219/25834 [3:18:31 > 28:02]
SOAP:  12%|█▏        | 3220/25834 [3:18:33 > 28:02]
SOAP:  12%|█▏        | 3221/25834 [3:18:25 > 28:03]
SOAP:  12%|█▏        | 3222/25834 [3:18:24 > 28:04]
SOAP:  12%|█▏        | 3223/25834 [3:18:34 > 28:04]
SOAP:  12%|█▏        | 3224/25834 [3:18:34 > 28:05]
SOAP:  12%|█▏        | 3225/25834 [3:18:38 > 28:05]
SOAP:  12%|█▏        | 3226/25834 [3:18:27 > 28:06]
SOAP:  12%|█▏        | 3227/25834 [3:18:30 > 28:06]
SOAP:  12%|█▏        | 3228/25834 [3:18:31 > 28:07]
SOAP:  12%|█▏        | 3229/25834 [3:18:32 > 28:07]
SOAP:  13%|█▎        | 3230/25834 [3:18:45 > 28:08]
SOAP:  13%|█▎        | 3231/25834 [3:18:34 > 28:08]
SOAP:  13%|█▎        | 3232/25834 [3:18:31 > 28:09]
SOAP:  13%|█▎        | 3233/25834 [3:18:25 > 28:09]
SOAP:  13%|█▎        | 3234/25834 [3:18:28 > 28:10]
SOAP:  13%|█▎        | 3235/25834 [3:18:32 > 28:10]
SOAP:  13%|█▎        | 3236/25834 [3:18:25 > 28:11]
SOAP:  13%|█▎        | 3237/25834 [3:18:27 > 28:11]
SOAP:  13%|█▎        | 3238/25834 [3:18:43 > 28:12]
SOAP:  13%|█▎        | 3239/25834 [3:18:26 > 28:12]
SOAP:  13%|█▎        | 3240/25834 [3:18:19 > 28:13]
SOAP:  13%|█▎        | 3241/25834 [3:18:09 > 28:14]
SOAP:  13%|█▎        | 3242/25834 [3:18:13 > 28:14]
SOAP:  13%|█▎        | 3243/25834 [3:18:13 > 28:15]
SOAP:  13%|█▎        | 3244/25834 [3:18:27 > 28:15]
SOAP:  13%|█▎        | 3245/25834 [3:18:26 > 28:16]
SOAP:  13%|█▎        | 3246/25834 [3:18:28 > 28:16]
SOAP:  13%|█▎        | 3247/25834 [3:18:21 > 28:17]
SOAP:  13%|█▎        | 3248/25834 [3:18:26 > 28:17]
SOAP:  13%|█▎        | 3249/25834 [3:18:28 > 28:18]
SOAP:  13%|█▎        | 3250/25834 [3:18:21 > 28:18]
SOAP:  13%|█▎        | 3251/25834 [3:18:15 > 28:19]
SOAP:  13%|█▎        | 3252/25834 [3:18:14 > 28:19]
SOAP:  13%|█▎        | 3253/25834 [3:18:40 > 28:20]
SOAP:  13%|█▎        | 3254/25834 [3:18:34 > 28:20]
SOAP:  13%|█▎        | 3255/25834 [3:18:21 > 28:21]
SOAP:  13%|█▎        | 3256/25834 [3:18:19 > 28:21]
SOAP:  13%|█▎        | 3257/25834 [3:18:17 > 28:22]
SOAP:  13%|█▎        | 3258/25834 [3:18:19 > 28:22]
SOAP:  13%|█▎        | 3259/25834 [3:18:25 > 28:23]
SOAP:  13%|█▎        | 3260/25834 [3:18:18 > 28:24]
SOAP:  13%|█▎        | 3261/25834 [3:18:10 > 28:24]
SOAP:  13%|█▎        | 3262/25834 [3:17:57 > 28:25]
SOAP:  13%|█▎        | 3263/25834 [3:17:59 > 28:25]
SOAP:  13%|█▎        | 3264/25834 [3:18:00 > 28:26]
SOAP:  13%|█▎        | 3265/25834 [3:18:05 > 28:26]
SOAP:  13%|█▎        | 3266/25834 [3:18:12 > 28:27]
SOAP:  13%|█▎        | 3267/25834 [3:18:10 > 28:27]
SOAP:  13%|█▎        | 3268/25834 [3:17:58 > 28:28]
SOAP:  13%|█▎        | 3269/25834 [3:18:00 > 28:28]
SOAP:  13%|█▎        | 3270/25834 [3:17:58 > 28:29]
SOAP:  13%|█▎        | 3271/25834 [3:18:13 > 28:29]
SOAP:  13%|█▎        | 3272/25834 [3:18:01 > 28:30]
SOAP:  13%|█▎        | 3273/25834 [3:17:58 > 28:30]
SOAP:  13%|█▎        | 3274/25834 [3:17:55 > 28:31]
SOAP:  13%|█▎        | 3275/25834 [3:16:14 > 28:31]
SOAP:  13%|█▎        | 3276/25834 [3:17:52 > 28:32]
SOAP:  13%|█▎        | 3277/25834 [3:17:37 > 28:32]
SOAP:  13%|█▎        | 3278/25834 [3:17:38 > 28:33]
SOAP:  13%|█▎        | 3279/25834 [3:17:45 > 28:34]
SOAP:  13%|█▎        | 3280/25834 [3:18:04 > 28:34]
SOAP:  13%|█▎        | 3281/25834 [3:17:58 > 28:35]
SOAP:  13%|█▎        | 3282/25834 [3:17:56 > 28:35]
SOAP:  13%|█▎        | 3283/25834 [3:17:53 > 28:36]
SOAP:  13%|█▎        | 3284/25834 [3:17:50 > 28:36]
SOAP:  13%|█▎        | 3285/25834 [3:16:04 > 28:37]
SOAP:  13%|█▎        | 3286/25834 [3:17:47 > 28:37]
SOAP:  13%|█▎        | 3287/25834 [3:17:22 > 28:38]
SOAP:  13%|█▎        | 3288/25834 [3:17:28 > 28:38]
SOAP:  13%|█▎        | 3289/25834 [3:17:34 > 28:39]
SOAP:  13%|█▎        | 3290/25834 [3:17:40 > 28:39]
SOAP:  13%|█▎        | 3291/25834 [3:17:40 > 28:40]
SOAP:  13%|█▎        | 3292/25834 [3:17:52 > 28:40]
SOAP:  13%|█▎        | 3293/25834 [3:17:58 > 28:41]
SOAP:  13%|█▎        | 3294/25834 [3:17:51 > 28:41]
SOAP:  13%|█▎        | 3295/25834 [3:17:44 > 28:42]
SOAP:  13%|█▎        | 3296/25834 [3:17:56 > 28:42]
SOAP:  13%|█▎        | 3297/25834 [3:17:55 > 28:43]
SOAP:  13%|█▎        | 3298/25834 [3:17:50 > 28:44]
SOAP:  13%|█▎        | 3299/25834 [3:17:43 > 28:44]
SOAP:  13%|█▎        | 3300/25834 [3:17:44 > 28:45]
SOAP:  13%|█▎        | 3301/25834 [3:18:47 > 28:45]
SOAP:  13%|█▎        | 3302/25834 [3:18:19 > 28:46]
SOAP:  13%|█▎        | 3303/25834 [3:18:21 > 28:46]
SOAP:  13%|█▎        | 3304/25834 [3:18:02 > 28:47]
SOAP:  13%|█▎        | 3305/25834 [3:17:58 > 28:47]
SOAP:  13%|█▎        | 3306/25834 [3:17:49 > 28:48]
SOAP:  13%|█▎        | 3307/25834 [3:17:47 > 28:48]
SOAP:  13%|█▎        | 3308/25834 [3:17:44 > 28:49]
SOAP:  13%|█▎        | 3309/25834 [3:17:37 > 28:49]
SOAP:  13%|█▎        | 3310/25834 [3:17:31 > 28:50]
SOAP:  13%|█▎        | 3311/25834 [3:17:33 > 28:50]
SOAP:  13%|█▎        | 3312/25834 [3:17:32 > 28:51]
SOAP:  13%|█▎        | 3313/25834 [3:17:12 > 28:51]
SOAP:  13%|█▎        | 3314/25834 [3:17:18 > 28:52]
SOAP:  13%|█▎        | 3315/25834 [3:17:37 > 28:52]
SOAP:  13%|█▎        | 3316/25834 [3:18:32 > 28:53]
SOAP:  13%|█▎        | 3317/25834 [3:17:12 > 28:54]
SOAP:  13%|█▎        | 3318/25834 [3:17:17 > 28:54]
SOAP:  13%|█▎        | 3319/25834 [3:17:21 > 28:55]
SOAP:  13%|█▎        | 3320/25834 [3:17:35 > 28:55]
SOAP:  13%|█▎        | 3321/25834 [3:17:41 > 28:56]
SOAP:  13%|█▎        | 3322/25834 [3:17:30 > 28:56]
SOAP:  13%|█▎        | 3323/25834 [3:17:28 > 28:57]
SOAP:  13%|█▎        | 3324/25834 [3:17:36 > 28:57]
SOAP:  13%|█▎        | 3325/25834 [3:17:41 > 28:58]
SOAP:  13%|█▎        | 3326/25834 [3:17:39 > 28:58]
SOAP:  13%|█▎        | 3327/25834 [3:17:34 > 28:59]
SOAP:  13%|█▎        | 3328/25834 [3:17:27 > 28:59]
SOAP:  13%|█▎        | 3329/25834 [3:17:15 > 29:00]
SOAP:  13%|█▎        | 3330/25834 [3:16:55 > 29:00]
SOAP:  13%|█▎        | 3331/25834 [3:17:01 > 29:01]
SOAP:  13%|█▎        | 3332/25834 [3:17:10 > 29:01]
SOAP:  13%|█▎        | 3333/25834 [3:17:13 > 29:02]
SOAP:  13%|█▎        | 3334/25834 [3:17:18 > 29:02]
SOAP:  13%|█▎        | 3335/25834 [3:17:28 > 29:03]
SOAP:  13%|█▎        | 3336/25834 [3:17:07 > 29:04]
SOAP:  13%|█▎        | 3337/25834 [3:16:53 > 29:04]
SOAP:  13%|█▎        | 3338/25834 [3:17:07 > 29:05]
SOAP:  13%|█▎        | 3339/25834 [3:17:08 > 29:05]
SOAP:  13%|█▎        | 3340/25834 [3:17:23 > 29:06]
SOAP:  13%|█▎        | 3341/25834 [3:17:34 > 29:06]
SOAP:  13%|█▎        | 3342/25834 [3:17:23 > 29:07]
SOAP:  13%|█▎        | 3343/25834 [3:17:26 > 29:07]
SOAP:  13%|█▎        | 3344/25834 [3:17:28 > 29:08]
SOAP:  13%|█▎        | 3345/25834 [3:17:35 > 29:08]
SOAP:  13%|█▎        | 3346/25834 [3:17:25 > 29:09]
SOAP:  13%|█▎        | 3347/25834 [3:17:22 > 29:09]
SOAP:  13%|█▎        | 3348/25834 [3:17:20 > 29:10]
SOAP:  13%|█▎        | 3349/25834 [3:15:48 > 29:10]
SOAP:  13%|█▎        | 3350/25834 [3:17:14 > 29:11]
SOAP:  13%|█▎        | 3351/25834 [3:17:07 > 29:11]
SOAP:  13%|█▎        | 3352/25834 [3:17:09 > 29:12]
SOAP:  13%|█▎        | 3353/25834 [3:17:22 > 29:12]
SOAP:  13%|█▎        | 3354/25834 [3:17:14 > 29:13]
SOAP:  13%|█▎        | 3355/25834 [3:17:07 > 29:14]
SOAP:  13%|█▎        | 3356/25834 [3:17:09 > 29:14]
SOAP:  13%|█▎        | 3357/25834 [3:17:14 > 29:15]
SOAP:  13%|█▎        | 3358/25834 [3:17:31 > 29:15]
SOAP:  13%|█▎        | 3359/25834 [3:17:22 > 29:16]
SOAP:  13%|█▎        | 3360/25834 [3:17:19 > 29:16]
SOAP:  13%|█▎        | 3361/25834 [3:17:08 > 29:17]
SOAP:  13%|█▎        | 3362/25834 [3:15:06 > 29:17]
SOAP:  13%|█▎        | 3363/25834 [3:16:44 > 29:18]
SOAP:  13%|█▎        | 3364/25834 [3:16:58 > 29:18]
SOAP:  13%|█▎        | 3365/25834 [3:17:03 > 29:19]
SOAP:  13%|█▎        | 3366/25834 [3:17:03 > 29:19]
SOAP:  13%|█▎        | 3367/25834 [3:17:10 > 29:20]
SOAP:  13%|█▎        | 3368/25834 [3:17:18 > 29:20]
SOAP:  13%|█▎        | 3369/25834 [3:17:12 > 29:21]
SOAP:  13%|█▎        | 3370/25834 [3:16:52 > 29:21]
SOAP:  13%|█▎        | 3371/25834 [3:16:49 > 29:22]
SOAP:  13%|█▎        | 3372/25834 [3:17:09 > 29:22]
SOAP:  13%|█▎        | 3373/25834 [3:17:14 > 29:23]
SOAP:  13%|█▎        | 3374/25834 [3:17:19 > 29:24]
SOAP:  13%|█▎        | 3375/25834 [3:17:17 > 29:24]
SOAP:  13%|█▎        | 3376/25834 [3:17:07 > 29:25]
SOAP:  13%|█▎        | 3377/25834 [3:17:05 > 29:25]
SOAP:  13%|█▎        | 3378/25834 [3:16:05 > 29:26]
SOAP:  13%|█▎        | 3379/25834 [3:16:44 > 29:26]
SOAP:  13%|█▎        | 3380/25834 [3:16:47 > 29:27]
SOAP:  13%|█▎        | 3381/25834 [3:16:55 > 29:27]
SOAP:  13%|█▎        | 3382/25834 [3:16:57 > 29:28]
SOAP:  13%|█▎        | 3383/25834 [3:17:12 > 29:28]
SOAP:  13%|█▎        | 3384/25834 [3:17:04 > 29:29]
SOAP:  13%|█▎        | 3385/25834 [3:17:06 > 29:29]
SOAP:  13%|█▎        | 3386/25834 [3:17:06 > 29:30]
SOAP:  13%|█▎        | 3387/25834 [3:17:17 > 29:30]
SOAP:  13%|█▎        | 3388/25834 [3:17:09 > 29:31]
SOAP:  13%|█▎        | 3389/25834 [3:17:03 > 29:31]
SOAP:  13%|█▎        | 3390/25834 [3:17:00 > 29:32]
SOAP:  13%|█▎        | 3391/25834 [3:17:03 > 29:32]
SOAP:  13%|█▎        | 3392/25834 [3:17:11 > 29:33]
SOAP:  13%|█▎        | 3393/25834 [3:17:07 > 29:34]
SOAP:  13%|█▎        | 3394/25834 [3:17:01 > 29:34]
SOAP:  13%|█▎        | 3395/25834 [3:16:55 > 29:35]
SOAP:  13%|█▎        | 3396/25834 [3:16:56 > 29:35]
SOAP:  13%|█▎        | 3397/25834 [3:16:56 > 29:36]
SOAP:  13%|█▎        | 3398/25834 [3:16:57 > 29:36]
SOAP:  13%|█▎        | 3399/25834 [3:16:58 > 29:37]
SOAP:  13%|█▎        | 3400/25834 [3:16:55 > 29:37]
SOAP:  13%|█▎        | 3401/25834 [3:16:01 > 29:38]
SOAP:  13%|█▎        | 3402/25834 [3:17:27 > 29:38]
SOAP:  13%|█▎        | 3403/25834 [3:17:31 > 29:39]
SOAP:  13%|█▎        | 3404/25834 [3:17:18 > 29:39]
SOAP:  13%|█▎        | 3405/25834 [3:17:04 > 29:40]
SOAP:  13%|█▎        | 3406/25834 [3:16:58 > 29:40]
SOAP:  13%|█▎        | 3407/25834 [3:16:57 > 29:41]
SOAP:  13%|█▎        | 3408/25834 [3:17:03 > 29:41]
SOAP:  13%|█▎        | 3409/25834 [3:16:53 > 29:42]
SOAP:  13%|█▎        | 3410/25834 [3:16:52 > 29:43]
SOAP:  13%|█▎        | 3411/25834 [3:16:40 > 29:43]
SOAP:  13%|█▎        | 3412/25834 [3:16:03 > 29:44]
SOAP:  13%|█▎        | 3413/25834 [3:15:30 > 29:44]
SOAP:  13%|█▎        | 3414/25834 [3:15:04 > 29:45]
SOAP:  13%|█▎        | 3415/25834 [3:14:51 > 29:45]
SOAP:  13%|█▎        | 3416/25834 [3:14:47 > 29:46]
SOAP:  13%|█▎        | 3417/25834 [3:14:46 > 29:46]
SOAP:  13%|█▎        | 3418/25834 [3:14:39 > 29:47]
SOAP:  13%|█▎        | 3419/25834 [3:14:39 > 29:47]
SOAP:  13%|█▎        | 3420/25834 [3:13:21 > 29:48]
SOAP:  13%|█▎        | 3421/25834 [3:14:56 > 29:48]
SOAP:  13%|█▎        | 3422/25834 [3:14:51 > 29:49]
SOAP:  13%|█▎        | 3423/25834 [3:14:57 > 29:49]
SOAP:  13%|█▎        | 3424/25834 [3:14:49 > 29:50]
SOAP:  13%|█▎        | 3425/25834 [3:14:39 > 29:50]
SOAP:  13%|█▎        | 3426/25834 [3:14:37 > 29:51]
SOAP:  13%|█▎        | 3427/25834 [3:14:36 > 29:51]
SOAP:  13%|█▎        | 3428/25834 [3:14:39 > 29:52]
SOAP:  13%|█▎        | 3429/25834 [3:13:06 > 29:52]
SOAP:  13%|█▎        | 3430/25834 [3:15:06 > 29:53]
SOAP:  13%|█▎        | 3431/25834 [3:14:48 > 29:53]
SOAP:  13%|█▎        | 3432/25834 [3:14:48 > 29:54]
SOAP:  13%|█▎        | 3433/25834 [3:14:36 > 29:54]
SOAP:  13%|█▎        | 3434/25834 [3:14:33 > 29:55]
SOAP:  13%|█▎        | 3435/25834 [3:14:34 > 29:56]
SOAP:  13%|█▎        | 3436/25834 [3:14:35 > 29:56]
SOAP:  13%|█▎        | 3437/25834 [3:14:18 > 29:57]
SOAP:  13%|█▎        | 3438/25834 [3:14:15 > 29:57]
SOAP:  13%|█▎        | 3439/25834 [3:12:46 > 29:58]
SOAP:  13%|█▎        | 3440/25834 [3:14:50 > 29:58]
SOAP:  13%|█▎        | 3441/25834 [3:14:45 > 29:59]
SOAP:  13%|█▎        | 3442/25834 [3:14:51 > 29:59]
SOAP:  13%|█▎        | 3443/25834 [3:15:15 > 30:00]
SOAP:  13%|█▎        | 3444/25834 [3:14:56 > 30:00]
SOAP:  13%|█▎        | 3445/25834 [3:14:45 > 30:01]
SOAP:  13%|█▎        | 3446/25834 [3:14:37 > 30:01]
SOAP:  13%|█▎        | 3447/25834 [3:14:27 > 30:02]
SOAP:  13%|█▎        | 3448/25834 [3:14:20 > 30:02]
SOAP:  13%|█▎        | 3449/25834 [3:14:08 > 30:03]
SOAP:  13%|█▎        | 3450/25834 [3:14:07 > 30:03]
SOAP:  13%|█▎        | 3451/25834 [3:14:09 > 30:04]
SOAP:  13%|█▎        | 3452/25834 [3:14:00 > 30:04]
SOAP:  13%|█▎        | 3453/25834 [3:14:12 > 30:05]
SOAP:  13%|█▎        | 3454/25834 [3:14:09 > 30:05]
SOAP:  13%|█▎        | 3455/25834 [3:14:07 > 30:06]
SOAP:  13%|█▎        | 3456/25834 [3:14:10 > 30:06]
SOAP:  13%|█▎        | 3457/25834 [3:14:11 > 30:07]
SOAP:  13%|█▎        | 3458/25834 [3:14:14 > 30:08]
SOAP:  13%|█▎        | 3459/25834 [3:14:12 > 30:08]
SOAP:  13%|█▎        | 3460/25834 [3:14:18 > 30:09]
SOAP:  13%|█▎        | 3461/25834 [3:14:19 > 30:09]
SOAP:  13%|█▎        | 3462/25834 [3:14:16 > 30:10]
SOAP:  13%|█▎        | 3463/25834 [3:12:39 > 30:10]
SOAP:  13%|█▎        | 3464/25834 [3:14:41 > 30:11]
SOAP:  13%|█▎        | 3465/25834 [3:14:26 > 30:11]
SOAP:  13%|█▎        | 3466/25834 [3:14:22 > 30:12]
SOAP:  13%|█▎        | 3467/25834 [3:14:08 > 30:12]
SOAP:  13%|█▎        | 3468/25834 [3:14:08 > 30:13]
SOAP:  13%|█▎        | 3469/25834 [3:14:03 > 30:13]
SOAP:  13%|█▎        | 3470/25834 [3:14:06 > 30:14]
SOAP:  13%|█▎        | 3471/25834 [3:14:07 > 30:14]
SOAP:  13%|█▎        | 3472/25834 [3:14:02 > 30:15]
SOAP:  13%|█▎        | 3473/25834 [3:14:10 > 30:15]
SOAP:  13%|█▎        | 3474/25834 [3:14:09 > 30:16]
SOAP:  13%|█▎        | 3475/25834 [3:14:06 > 30:16]
SOAP:  13%|█▎        | 3476/25834 [3:14:05 > 30:17]
SOAP:  13%|█▎        | 3477/25834 [3:14:08 > 30:17]
SOAP:  13%|█▎        | 3478/25834 [3:12:33 > 30:18]
SOAP:  13%|█▎        | 3479/25834 [3:15:02 > 30:18]
SOAP:  13%|█▎        | 3480/25834 [3:15:11 > 30:19]
SOAP:  13%|█▎        | 3481/25834 [3:14:53 > 30:20]
SOAP:  13%|█▎        | 3482/25834 [3:14:47 > 30:20]
SOAP:  13%|█▎        | 3483/25834 [3:14:27 > 30:21]
SOAP:  13%|█▎        | 3484/25834 [3:14:20 > 30:21]
SOAP:  13%|█▎        | 3485/25834 [3:14:14 > 30:22]
SOAP:  13%|█▎        | 3486/25834 [3:14:12 > 30:22]
SOAP:  13%|█▎        | 3487/25834 [3:14:06 > 30:23]
SOAP:  14%|█▎        | 3488/25834 [3:14:04 > 30:23]
SOAP:  14%|█▎        | 3489/25834 [3:13:55 > 30:24]
SOAP:  14%|█▎        | 3490/25834 [3:14:14 > 30:24]
SOAP:  14%|█▎        | 3491/25834 [3:14:03 > 30:25]
SOAP:  14%|█▎        | 3492/25834 [3:13:56 > 30:25]
SOAP:  14%|█▎        | 3493/25834 [3:13:54 > 30:26]
SOAP:  14%|█▎        | 3494/25834 [3:13:51 > 30:26]
SOAP:  14%|█▎        | 3495/25834 [3:13:55 > 30:27]
SOAP:  14%|█▎        | 3496/25834 [3:13:54 > 30:27]
SOAP:  14%|█▎        | 3497/25834 [3:13:49 > 30:28]
SOAP:  14%|█▎        | 3498/25834 [3:13:58 > 30:28]
SOAP:  14%|█▎        | 3499/25834 [3:13:51 > 30:29]
SOAP:  14%|█▎        | 3500/25834 [3:13:55 > 30:29]
SOAP:  14%|█▎        | 3501/25834 [3:15:48 > 30:30]
SOAP:  14%|█▎        | 3502/25834 [3:14:05 > 30:30]
SOAP:  14%|█▎        | 3503/25834 [3:14:13 > 30:31]
SOAP:  14%|█▎        | 3504/25834 [3:14:11 > 30:31]
SOAP:  14%|█▎        | 3505/25834 [3:14:04 > 30:32]
SOAP:  14%|█▎        | 3506/25834 [3:13:58 > 30:33]
SOAP:  14%|█▎        | 3507/25834 [3:13:53 > 30:33]
SOAP:  14%|█▎        | 3508/25834 [3:13:51 > 30:34]
SOAP:  14%|█▎        | 3509/25834 [3:13:52 > 30:34]
SOAP:  14%|█▎        | 3510/25834 [3:13:48 > 30:35]
SOAP:  14%|█▎        | 3511/25834 [3:13:50 > 30:35]
SOAP:  14%|█▎        | 3512/25834 [3:13:45 > 30:36]
SOAP:  14%|█▎        | 3513/25834 [3:13:50 > 30:36]
SOAP:  14%|█▎        | 3514/25834 [3:13:48 > 30:37]
SOAP:  14%|█▎        | 3515/25834 [3:13:47 > 30:37]
SOAP:  14%|█▎        | 3516/25834 [3:13:43 > 30:38]
SOAP:  14%|█▎        | 3517/25834 [3:13:41 > 30:38]
SOAP:  14%|█▎        | 3518/25834 [3:13:54 > 30:39]
SOAP:  14%|█▎        | 3519/25834 [3:13:57 > 30:39]
SOAP:  14%|█▎        | 3520/25834 [3:13:50 > 30:40]
SOAP:  14%|█▎        | 3521/25834 [3:13:51 > 30:40]
SOAP:  14%|█▎        | 3522/25834 [3:13:42 > 30:41]
SOAP:  14%|█▎        | 3523/25834 [3:13:43 > 30:41]
SOAP:  14%|█▎        | 3524/25834 [3:13:37 > 30:42]
SOAP:  14%|█▎        | 3525/25834 [3:13:34 > 30:42]
SOAP:  14%|█▎        | 3526/25834 [3:13:38 > 30:43]
SOAP:  14%|█▎        | 3527/25834 [3:13:53 > 30:43]
SOAP:  14%|█▎        | 3528/25834 [3:13:50 > 30:44]
SOAP:  14%|█▎        | 3529/25834 [3:13:58 > 30:45]
SOAP:  14%|█▎        | 3530/25834 [3:13:46 > 30:45]
SOAP:  14%|█▎        | 3531/25834 [3:13:50 > 30:46]
SOAP:  14%|█▎        | 3532/25834 [3:13:40 > 30:46]
SOAP:  14%|█▎        | 3533/25834 [3:13:36 > 30:47]
SOAP:  14%|█▎        | 3534/25834 [3:13:46 > 30:47]
SOAP:  14%|█▎        | 3535/25834 [3:13:39 > 30:48]
SOAP:  14%|█▎        | 3536/25834 [3:13:37 > 30:48]
SOAP:  14%|█▎        | 3537/25834 [3:13:36 > 30:49]
SOAP:  14%|█▎        | 3538/25834 [3:13:39 > 30:49]
SOAP:  14%|█▎        | 3539/25834 [3:13:33 > 30:50]
SOAP:  14%|█▎        | 3540/25834 [3:13:34 > 30:50]
SOAP:  14%|█▎        | 3541/25834 [3:13:18 > 30:51]
SOAP:  14%|█▎        | 3542/25834 [3:13:23 > 30:51]
SOAP:  14%|█▎        | 3543/25834 [3:13:21 > 30:52]
SOAP:  14%|█▎        | 3544/25834 [3:13:20 > 30:52]
SOAP:  14%|█▎        | 3545/25834 [3:13:22 > 30:53]
SOAP:  14%|█▎        | 3546/25834 [3:13:26 > 30:53]
SOAP:  14%|█▎        | 3547/25834 [3:13:24 > 30:54]
SOAP:  14%|█▎        | 3548/25834 [3:13:24 > 30:54]
SOAP:  14%|█▎        | 3549/25834 [3:13:30 > 30:55]
SOAP:  14%|█▎        | 3550/25834 [3:14:02 > 30:55]
SOAP:  14%|█▎        | 3551/25834 [3:13:48 > 30:56]
SOAP:  14%|█▎        | 3552/25834 [3:13:41 > 30:57]
SOAP:  14%|█▍        | 3553/25834 [3:13:30 > 30:57]
SOAP:  14%|█▍        | 3554/25834 [3:13:35 > 30:58]
SOAP:  14%|█▍        | 3555/25834 [3:13:28 > 30:58]
SOAP:  14%|█▍        | 3556/25834 [3:13:31 > 30:59]
SOAP:  14%|█▍        | 3557/25834 [3:13:29 > 30:59]
SOAP:  14%|█▍        | 3558/25834 [3:13:24 > 31:00]
SOAP:  14%|█▍        | 3559/25834 [3:13:20 > 31:00]
SOAP:  14%|█▍        | 3560/25834 [3:13:20 > 31:01]
SOAP:  14%|█▍        | 3561/25834 [3:13:18 > 31:01]
SOAP:  14%|█▍        | 3562/25834 [3:13:14 > 31:02]
SOAP:  14%|█▍        | 3563/25834 [3:13:04 > 31:02]
SOAP:  14%|█▍        | 3564/25834 [3:13:14 > 31:03]
SOAP:  14%|█▍        | 3565/25834 [3:13:25 > 31:03]
SOAP:  14%|█▍        | 3566/25834 [3:13:25 > 31:04]
SOAP:  14%|█▍        | 3567/25834 [3:13:21 > 31:04]
SOAP:  14%|█▍        | 3568/25834 [3:13:29 > 31:05]
SOAP:  14%|█▍        | 3569/25834 [3:13:25 > 31:05]
SOAP:  14%|█▍        | 3570/25834 [3:13:17 > 31:06]
SOAP:  14%|█▍        | 3571/25834 [3:13:20 > 31:06]
SOAP:  14%|█▍        | 3572/25834 [3:13:17 > 31:07]
SOAP:  14%|█▍        | 3573/25834 [3:13:23 > 31:07]
SOAP:  14%|█▍        | 3574/25834 [3:13:11 > 31:08]
SOAP:  14%|█▍        | 3575/25834 [3:11:38 > 31:08]
SOAP:  14%|█▍        | 3576/25834 [3:13:36 > 31:09]
SOAP:  14%|█▍        | 3577/25834 [3:13:22 > 31:10]
SOAP:  14%|█▍        | 3578/25834 [3:13:19 > 31:10]
SOAP:  14%|█▍        | 3579/25834 [3:12:38 > 31:11]
SOAP:  14%|█▍        | 3580/25834 [3:13:26 > 31:11]
SOAP:  14%|█▍        | 3581/25834 [3:13:14 > 31:12]
SOAP:  14%|█▍        | 3582/25834 [3:13:12 > 31:12]
SOAP:  14%|█▍        | 3583/25834 [3:13:10 > 31:13]
SOAP:  14%|█▍        | 3584/25834 [3:13:11 > 31:13]
SOAP:  14%|█▍        | 3585/25834 [3:13:04 > 31:14]
SOAP:  14%|█▍        | 3586/25834 [3:13:01 > 31:14]
SOAP:  14%|█▍        | 3587/25834 [3:13:03 > 31:15]
SOAP:  14%|█▍        | 3588/25834 [3:13:17 > 31:15]
SOAP:  14%|█▍        | 3589/25834 [3:13:06 > 31:16]
SOAP:  14%|█▍        | 3590/25834 [3:13:18 > 31:16]
SOAP:  14%|█▍        | 3591/25834 [3:13:09 > 31:17]
SOAP:  14%|█▍        | 3592/25834 [3:13:08 > 31:17]
SOAP:  14%|█▍        | 3593/25834 [3:12:39 > 31:18]
SOAP:  14%|█▍        | 3594/25834 [3:12:56 > 31:18]
SOAP:  14%|█▍        | 3595/25834 [3:12:34 > 31:19]
SOAP:  14%|█▍        | 3596/25834 [3:12:47 > 31:19]
SOAP:  14%|█▍        | 3597/25834 [3:12:47 > 31:20]
SOAP:  14%|█▍        | 3598/25834 [3:12:52 > 31:20]
SOAP:  14%|█▍        | 3599/25834 [3:11:32 > 31:21]
SOAP:  14%|█▍        | 3600/25834 [3:11:47 > 31:21]
SOAP:  14%|█▍        | 3601/25834 [3:15:22 > 31:22]
SOAP:  14%|█▍        | 3602/25834 [3:13:57 > 31:23]
SOAP:  14%|█▍        | 3603/25834 [3:13:35 > 31:23]
SOAP:  14%|█▍        | 3604/25834 [3:13:30 > 31:24]
SOAP:  14%|█▍        | 3605/25834 [3:13:30 > 31:24]
SOAP:  14%|█▍        | 3606/25834 [3:13:19 > 31:25]
SOAP:  14%|█▍        | 3607/25834 [3:13:10 > 31:25]
SOAP:  14%|█▍        | 3608/25834 [3:13:12 > 31:26]
SOAP:  14%|█▍        | 3609/25834 [3:12:55 > 31:26]
SOAP:  14%|█▍        | 3610/25834 [3:12:58 > 31:27]
SOAP:  14%|█▍        | 3611/25834 [3:12:56 > 31:27]
SOAP:  14%|█▍        | 3612/25834 [3:12:52 > 31:28]
SOAP:  14%|█▍        | 3613/25834 [3:12:41 > 31:28]
SOAP:  14%|█▍        | 3614/25834 [3:11:09 > 31:29]
SOAP:  14%|█▍        | 3615/25834 [3:13:10 > 31:29]
SOAP:  14%|█▍        | 3616/25834 [3:13:05 > 31:30]
SOAP:  14%|█▍        | 3617/25834 [3:12:52 > 31:30]
SOAP:  14%|█▍        | 3618/25834 [3:12:52 > 31:31]
SOAP:  14%|█▍        | 3619/25834 [3:12:46 > 31:31]
SOAP:  14%|█▍        | 3620/25834 [3:12:50 > 31:32]
SOAP:  14%|█▍        | 3621/25834 [3:12:50 > 31:32]
SOAP:  14%|█▍        | 3622/25834 [3:12:28 > 31:33]
SOAP:  14%|█▍        | 3623/25834 [3:12:33 > 31:33]
SOAP:  14%|█▍        | 3624/25834 [3:12:29 > 31:34]
SOAP:  14%|█▍        | 3625/25834 [3:12:52 > 31:35]
SOAP:  14%|█▍        | 3626/25834 [3:13:24 > 31:35]
SOAP:  14%|█▍        | 3627/25834 [3:13:16 > 31:36]
SOAP:  14%|█▍        | 3628/25834 [3:11:37 > 31:36]
SOAP:  14%|█▍        | 3629/25834 [3:13:24 > 31:37]
SOAP:  14%|█▍        | 3630/25834 [3:13:14 > 31:37]
SOAP:  14%|█▍        | 3631/25834 [3:13:04 > 31:38]
SOAP:  14%|█▍        | 3632/25834 [3:12:56 > 31:38]
SOAP:  14%|█▍        | 3633/25834 [3:12:39 > 31:39]
SOAP:  14%|█▍        | 3634/25834 [3:12:48 > 31:39]
SOAP:  14%|█▍        | 3635/25834 [3:12:38 > 31:40]
SOAP:  14%|█▍        | 3636/25834 [3:12:39 > 31:40]
SOAP:  14%|█▍        | 3637/25834 [3:12:35 > 31:41]
SOAP:  14%|█▍        | 3638/25834 [3:12:39 > 31:41]
SOAP:  14%|█▍        | 3639/25834 [3:12:35 > 31:42]
SOAP:  14%|█▍        | 3640/25834 [3:12:02 > 31:42]
SOAP:  14%|█▍        | 3641/25834 [3:12:49 > 31:43]
SOAP:  14%|█▍        | 3642/25834 [3:12:48 > 31:43]
SOAP:  14%|█▍        | 3643/25834 [3:12:51 > 31:44]
SOAP:  14%|█▍        | 3644/25834 [3:12:36 > 31:44]
SOAP:  14%|█▍        | 3645/25834 [3:12:47 > 31:45]
SOAP:  14%|█▍        | 3646/25834 [3:12:39 > 31:45]
SOAP:  14%|█▍        | 3647/25834 [3:12:46 > 31:46]
SOAP:  14%|█▍        | 3648/25834 [3:12:36 > 31:47]
SOAP:  14%|█▍        | 3649/25834 [3:12:29 > 31:47]
SOAP:  14%|█▍        | 3650/25834 [3:12:21 > 31:48]
SOAP:  14%|█▍        | 3651/25834 [3:12:25 > 31:48]
SOAP:  14%|█▍        | 3652/25834 [3:12:23 > 31:49]
SOAP:  14%|█▍        | 3653/25834 [3:10:54 > 31:49]
SOAP:  14%|█▍        | 3654/25834 [3:12:49 > 31:50]
SOAP:  14%|█▍        | 3655/25834 [3:12:43 > 31:50]
SOAP:  14%|█▍        | 3656/25834 [3:12:38 > 31:51]
SOAP:  14%|█▍        | 3657/25834 [3:12:30 > 31:51]
SOAP:  14%|█▍        | 3658/25834 [3:12:27 > 31:52]
SOAP:  14%|█▍        | 3659/25834 [3:12:20 > 31:52]
SOAP:  14%|█▍        | 3660/25834 [3:12:28 > 31:53]
SOAP:  14%|█▍        | 3661/25834 [3:12:32 > 31:53]
SOAP:  14%|█▍        | 3662/25834 [3:12:29 > 31:54]
SOAP:  14%|█▍        | 3663/25834 [3:12:30 > 31:54]
SOAP:  14%|█▍        | 3664/25834 [3:12:28 > 31:55]
SOAP:  14%|█▍        | 3665/25834 [3:12:24 > 31:55]
SOAP:  14%|█▍        | 3666/25834 [3:12:19 > 31:56]
SOAP:  14%|█▍        | 3667/25834 [3:12:15 > 31:56]
SOAP:  14%|█▍        | 3668/25834 [3:12:14 > 31:57]
SOAP:  14%|█▍        | 3669/25834 [3:12:15 > 31:57]
SOAP:  14%|█▍        | 3670/25834 [3:12:17 > 31:58]
SOAP:  14%|█▍        | 3671/25834 [3:10:44 > 31:58]
SOAP:  14%|█▍        | 3672/25834 [3:12:48 > 31:59]
SOAP:  14%|█▍        | 3673/25834 [3:12:52 > 32:00]
SOAP:  14%|█▍        | 3674/25834 [3:12:42 > 32:00]
SOAP:  14%|█▍        | 3675/25834 [3:11:04 > 32:01]
SOAP:  14%|█▍        | 3676/25834 [3:12:52 > 32:01]
SOAP:  14%|█▍        | 3677/25834 [3:12:44 > 32:02]
SOAP:  14%|█▍        | 3678/25834 [3:12:37 > 32:02]
SOAP:  14%|█▍        | 3679/25834 [3:12:29 > 32:03]
SOAP:  14%|█▍        | 3680/25834 [3:12:19 > 32:03]
SOAP:  14%|█▍        | 3681/25834 [3:12:24 > 32:04]
SOAP:  14%|█▍        | 3682/25834 [3:12:34 > 32:04]
SOAP:  14%|█▍        | 3683/25834 [3:12:24 > 32:05]
SOAP:  14%|█▍        | 3684/25834 [3:12:12 > 32:05]
SOAP:  14%|█▍        | 3685/25834 [3:12:12 > 32:06]
SOAP:  14%|█▍        | 3686/25834 [3:12:03 > 32:06]
SOAP:  14%|█▍        | 3687/25834 [3:12:10 > 32:07]
SOAP:  14%|█▍        | 3688/25834 [3:12:11 > 32:07]
SOAP:  14%|█▍        | 3689/25834 [3:12:18 > 32:08]
SOAP:  14%|█▍        | 3690/25834 [3:12:14 > 32:08]
SOAP:  14%|█▍        | 3691/25834 [3:12:12 > 32:09]
SOAP:  14%|█▍        | 3692/25834 [3:11:16 > 32:09]
SOAP:  14%|█▍        | 3693/25834 [3:12:29 > 32:10]
SOAP:  14%|█▍        | 3694/25834 [3:12:24 > 32:10]
SOAP:  14%|█▍        | 3695/25834 [3:12:18 > 32:11]
SOAP:  14%|█▍        | 3696/25834 [3:12:06 > 32:11]
SOAP:  14%|█▍        | 3697/25834 [3:10:33 > 32:12]
SOAP:  14%|█▍        | 3698/25834 [3:12:32 > 32:13]
SOAP:  14%|█▍        | 3699/25834 [3:12:26 > 32:13]
SOAP:  14%|█▍        | 3700/25834 [3:12:15 > 32:14]
SOAP:  14%|█▍        | 3701/25834 [3:14:01 > 32:14]
SOAP:  14%|█▍        | 3702/25834 [3:12:38 > 32:15]
SOAP:  14%|█▍        | 3703/25834 [3:12:36 > 32:15]
SOAP:  14%|█▍        | 3704/25834 [3:12:17 > 32:16]
SOAP:  14%|█▍        | 3705/25834 [3:12:10 > 32:16]
SOAP:  14%|█▍        | 3706/25834 [3:12:07 > 32:17]
SOAP:  14%|█▍        | 3707/25834 [3:11:58 > 32:17]
SOAP:  14%|█▍        | 3708/25834 [3:12:01 > 32:18]
SOAP:  14%|█▍        | 3709/25834 [3:12:05 > 32:18]
SOAP:  14%|█▍        | 3710/25834 [3:12:07 > 32:19]
SOAP:  14%|█▍        | 3711/25834 [3:12:03 > 32:19]
SOAP:  14%|█▍        | 3712/25834 [3:12:01 > 32:20]
SOAP:  14%|█▍        | 3713/25834 [3:11:59 > 32:20]
SOAP:  14%|█▍        | 3714/25834 [3:11:54 > 32:21]
SOAP:  14%|█▍        | 3715/25834 [3:12:00 > 32:21]
SOAP:  14%|█▍        | 3716/25834 [3:11:58 > 32:22]
SOAP:  14%|█▍        | 3717/25834 [3:12:01 > 32:22]
SOAP:  14%|█▍        | 3718/25834 [3:12:03 > 32:23]
SOAP:  14%|█▍        | 3719/25834 [3:12:14 > 32:23]
SOAP:  14%|█▍        | 3720/25834 [3:12:43 > 32:24]
SOAP:  14%|█▍        | 3721/25834 [3:12:25 > 32:25]
SOAP:  14%|█▍        | 3722/25834 [3:12:09 > 32:25]
SOAP:  14%|█▍        | 3723/25834 [3:12:06 > 32:26]
SOAP:  14%|█▍        | 3724/25834 [3:12:08 > 32:26]
SOAP:  14%|█▍        | 3725/25834 [3:11:57 > 32:27]
SOAP:  14%|█▍        | 3726/25834 [3:12:02 > 32:27]
SOAP:  14%|█▍        | 3727/25834 [3:11:55 > 32:28]
SOAP:  14%|█▍        | 3728/25834 [3:11:55 > 32:28]
SOAP:  14%|█▍        | 3729/25834 [3:11:51 > 32:29]
SOAP:  14%|█▍        | 3730/25834 [3:11:52 > 32:29]
SOAP:  14%|█▍        | 3731/25834 [3:11:52 > 32:30]
SOAP:  14%|█▍        | 3732/25834 [3:11:49 > 32:30]
SOAP:  14%|█▍        | 3733/25834 [3:11:49 > 32:31]
SOAP:  14%|█▍        | 3734/25834 [3:11:55 > 32:31]
SOAP:  14%|█▍        | 3735/25834 [3:11:50 > 32:32]
SOAP:  14%|█▍        | 3736/25834 [3:11:51 > 32:32]
SOAP:  14%|█▍        | 3737/25834 [3:11:45 > 32:33]
SOAP:  14%|█▍        | 3738/25834 [3:11:44 > 32:33]
SOAP:  14%|█▍        | 3739/25834 [3:11:38 > 32:34]
SOAP:  14%|█▍        | 3740/25834 [3:11:39 > 32:34]
SOAP:  14%|█▍        | 3741/25834 [3:11:38 > 32:35]
SOAP:  14%|█▍        | 3742/25834 [3:11:54 > 32:35]
SOAP:  14%|█▍        | 3743/25834 [3:11:53 > 32:36]
SOAP:  14%|█▍        | 3744/25834 [3:11:49 > 32:37]
SOAP:  14%|█▍        | 3745/25834 [3:11:46 > 32:37]
SOAP:  15%|█▍        | 3746/25834 [3:11:47 > 32:38]
SOAP:  15%|█▍        | 3747/25834 [3:11:42 > 32:38]
SOAP:  15%|█▍        | 3748/25834 [3:11:40 > 32:39]
SOAP:  15%|█▍        | 3749/25834 [3:11:36 > 32:39]
SOAP:  15%|█▍        | 3750/25834 [3:10:12 > 32:40]
SOAP:  15%|█▍        | 3751/25834 [3:12:08 > 32:40]
SOAP:  15%|█▍        | 3752/25834 [3:11:59 > 32:41]
SOAP:  15%|█▍        | 3753/25834 [3:11:49 > 32:41]
SOAP:  15%|█▍        | 3754/25834 [3:11:39 > 32:42]
SOAP:  15%|█▍        | 3755/25834 [3:11:40 > 32:42]
SOAP:  15%|█▍        | 3756/25834 [3:11:32 > 32:43]
SOAP:  15%|█▍        | 3757/25834 [3:11:31 > 32:43]
SOAP:  15%|█▍        | 3758/25834 [3:11:30 > 32:44]
SOAP:  15%|█▍        | 3759/25834 [3:11:42 > 32:44]
SOAP:  15%|█▍        | 3760/25834 [3:11:45 > 32:45]
SOAP:  15%|█▍        | 3761/25834 [3:11:42 > 32:45]
SOAP:  15%|█▍        | 3762/25834 [3:11:39 > 32:46]
SOAP:  15%|█▍        | 3763/25834 [3:11:46 > 32:46]
SOAP:  15%|█▍        | 3764/25834 [3:11:41 > 32:47]
SOAP:  15%|█▍        | 3765/25834 [3:11:34 > 32:47]
SOAP:  15%|█▍        | 3766/25834 [3:11:36 > 32:48]
SOAP:  15%|█▍        | 3767/25834 [3:11:35 > 32:48]
SOAP:  15%|█▍        | 3768/25834 [3:11:43 > 32:49]
SOAP:  15%|█▍        | 3769/25834 [3:11:39 > 32:50]
SOAP:  15%|█▍        | 3770/25834 [3:11:39 > 32:50]
SOAP:  15%|█▍        | 3771/25834 [3:11:40 > 32:51]
SOAP:  15%|█▍        | 3772/25834 [3:11:40 > 32:51]
SOAP:  15%|█▍        | 3773/25834 [3:11:36 > 32:52]
SOAP:  15%|█▍        | 3774/25834 [3:11:29 > 32:52]
SOAP:  15%|█▍        | 3775/25834 [3:11:24 > 32:53]
SOAP:  15%|█▍        | 3776/25834 [3:11:29 > 32:53]
SOAP:  15%|█▍        | 3777/25834 [3:11:18 > 32:54]
SOAP:  15%|█▍        | 3778/25834 [3:11:19 > 32:54]
SOAP:  15%|█▍        | 3779/25834 [3:11:25 > 32:55]
SOAP:  15%|█▍        | 3780/25834 [3:11:21 > 32:55]
SOAP:  15%|█▍        | 3781/25834 [3:11:30 > 32:56]
SOAP:  15%|█▍        | 3782/25834 [3:11:30 > 32:56]
SOAP:  15%|█▍        | 3783/25834 [3:11:27 > 32:57]
SOAP:  15%|█▍        | 3784/25834 [3:11:21 > 32:57]
SOAP:  15%|█▍        | 3785/25834 [3:11:37 > 32:58]
SOAP:  15%|█▍        | 3786/25834 [3:10:42 > 32:58]
SOAP:  15%|█▍        | 3787/25834 [3:12:18 > 32:59]
SOAP:  15%|█▍        | 3788/25834 [3:11:57 > 32:59]
SOAP:  15%|█▍        | 3789/25834 [3:10:10 > 33:00]
SOAP:  15%|█▍        | 3790/25834 [3:12:15 > 33:00]
SOAP:  15%|█▍        | 3791/25834 [3:11:56 > 33:01]
SOAP:  15%|█▍        | 3792/25834 [3:11:45 > 33:02]
SOAP:  15%|█▍        | 3793/25834 [3:11:21 > 33:02]
SOAP:  15%|█▍        | 3794/25834 [3:11:29 > 33:03]
SOAP:  15%|█▍        | 3795/25834 [3:11:29 > 33:03]
SOAP:  15%|█▍        | 3796/25834 [3:11:19 > 33:04]
SOAP:  15%|█▍        | 3797/25834 [3:11:18 > 33:04]
SOAP:  15%|█▍        | 3798/25834 [3:11:10 > 33:05]
SOAP:  15%|█▍        | 3799/25834 [3:11:18 > 33:05]
SOAP:  15%|█▍        | 3800/25834 [3:11:15 > 33:06]
SOAP:  15%|█▍        | 3801/25834 [3:13:09 > 33:06]
SOAP:  15%|█▍        | 3802/25834 [3:11:41 > 33:07]
SOAP:  15%|█▍        | 3803/25834 [3:11:34 > 33:07]
SOAP:  15%|█▍        | 3804/25834 [3:11:28 > 33:08]
SOAP:  15%|█▍        | 3805/25834 [3:11:39 > 33:08]
SOAP:  15%|█▍        | 3806/25834 [3:11:28 > 33:09]
SOAP:  15%|█▍        | 3807/25834 [3:11:28 > 33:09]
SOAP:  15%|█▍        | 3808/25834 [3:11:18 > 33:10]
SOAP:  15%|█▍        | 3809/25834 [3:11:28 > 33:10]
SOAP:  15%|█▍        | 3810/25834 [3:11:11 > 33:11]
SOAP:  15%|█▍        | 3811/25834 [3:11:07 > 33:11]
SOAP:  15%|█▍        | 3812/25834 [3:11:05 > 33:12]
SOAP:  15%|█▍        | 3813/25834 [3:11:03 > 33:12]
SOAP:  15%|█▍        | 3814/25834 [3:11:02 > 33:13]
SOAP:  15%|█▍        | 3815/25834 [3:09:40 > 33:13]
SOAP:  15%|█▍        | 3816/25834 [3:11:25 > 33:14]
SOAP:  15%|█▍        | 3817/25834 [3:11:21 > 33:15]
SOAP:  15%|█▍        | 3818/25834 [3:11:23 > 33:15]
SOAP:  15%|█▍        | 3819/25834 [3:11:18 > 33:16]
SOAP:  15%|█▍        | 3820/25834 [3:11:16 > 33:16]
SOAP:  15%|█▍        | 3821/25834 [3:11:10 > 33:17]
SOAP:  15%|█▍        | 3822/25834 [3:11:10 > 33:17]
SOAP:  15%|█▍        | 3823/25834 [3:11:06 > 33:18]
SOAP:  15%|█▍        | 3824/25834 [3:11:01 > 33:18]
SOAP:  15%|█▍        | 3825/25834 [3:10:59 > 33:19]
SOAP:  15%|█▍        | 3826/25834 [3:10:56 > 33:19]
SOAP:  15%|█▍        | 3827/25834 [3:10:50 > 33:20]
SOAP:  15%|█▍        | 3828/25834 [3:10:49 > 33:20]
SOAP:  15%|█▍        | 3829/25834 [3:10:53 > 33:21]
SOAP:  15%|█▍        | 3830/25834 [3:10:44 > 33:21]
SOAP:  15%|█▍        | 3831/25834 [3:10:49 > 33:22]
SOAP:  15%|█▍        | 3832/25834 [3:10:52 > 33:22]
SOAP:  15%|█▍        | 3833/25834 [3:10:50 > 33:23]
SOAP:  15%|█▍        | 3834/25834 [3:10:56 > 33:23]
SOAP:  15%|█▍        | 3835/25834 [3:10:54 > 33:24]
SOAP:  15%|█▍        | 3836/25834 [3:10:53 > 33:24]
SOAP:  15%|█▍        | 3837/25834 [3:10:50 > 33:25]
SOAP:  15%|█▍        | 3838/25834 [3:10:49 > 33:25]
SOAP:  15%|█▍        | 3839/25834 [3:10:52 > 33:26]
SOAP:  15%|█▍        | 3840/25834 [3:10:53 > 33:27]
SOAP:  15%|█▍        | 3841/25834 [3:10:48 > 33:27]
SOAP:  15%|█▍        | 3842/25834 [3:10:46 > 33:28]
SOAP:  15%|█▍        | 3843/25834 [3:10:43 > 33:28]
SOAP:  15%|█▍        | 3844/25834 [3:10:40 > 33:29]
SOAP:  15%|█▍        | 3845/25834 [3:10:38 > 33:29]
SOAP:  15%|█▍        | 3846/25834 [3:10:40 > 33:30]
SOAP:  15%|█▍        | 3847/25834 [3:10:37 > 33:30]
SOAP:  15%|█▍        | 3848/25834 [3:10:43 > 33:31]
SOAP:  15%|█▍        | 3849/25834 [3:10:53 > 33:31]
SOAP:  15%|█▍        | 3850/25834 [3:10:48 > 33:32]
SOAP:  15%|█▍        | 3851/25834 [3:10:52 > 33:32]
SOAP:  15%|█▍        | 3852/25834 [3:10:55 > 33:33]
SOAP:  15%|█▍        | 3853/25834 [3:10:50 > 33:33]
SOAP:  15%|█▍        | 3854/25834 [3:10:54 > 33:34]
SOAP:  15%|█▍        | 3855/25834 [3:10:44 > 33:34]
SOAP:  15%|█▍        | 3856/25834 [3:10:43 > 33:35]
SOAP:  15%|█▍        | 3857/25834 [3:10:42 > 33:35]
SOAP:  15%|█▍        | 3858/25834 [3:10:38 > 33:36]
SOAP:  15%|█▍        | 3859/25834 [3:10:42 > 33:36]
SOAP:  15%|█▍        | 3860/25834 [3:10:41 > 33:37]
SOAP:  15%|█▍        | 3861/25834 [3:10:50 > 33:37]
SOAP:  15%|█▍        | 3862/25834 [3:09:12 > 33:38]
SOAP:  15%|█▍        | 3863/25834 [3:11:08 > 33:38]
SOAP:  15%|█▍        | 3864/25834 [3:10:58 > 33:39]
SOAP:  15%|█▍        | 3865/25834 [3:10:53 > 33:40]
SOAP:  15%|█▍        | 3866/25834 [3:10:46 > 33:40]
SOAP:  15%|█▍        | 3867/25834 [3:10:47 > 33:41]
SOAP:  15%|█▍        | 3868/25834 [3:09:17 > 33:41]
SOAP:  15%|█▍        | 3869/25834 [3:11:19 > 33:42]
SOAP:  15%|█▍        | 3870/25834 [3:11:07 > 33:42]
SOAP:  15%|█▍        | 3871/25834 [3:11:00 > 33:43]
SOAP:  15%|█▍        | 3872/25834 [3:10:51 > 33:43]
SOAP:  15%|█▍        | 3873/25834 [3:10:49 > 33:44]
SOAP:  15%|█▍        | 3874/25834 [3:10:37 > 33:44]
SOAP:  15%|█▍        | 3875/25834 [3:10:37 > 33:45]
SOAP:  15%|█▌        | 3876/25834 [3:10:33 > 33:45]
SOAP:  15%|█▌        | 3877/25834 [3:10:38 > 33:46]
SOAP:  15%|█▌        | 3878/25834 [3:10:35 > 33:46]
SOAP:  15%|█▌        | 3879/25834 [3:10:25 > 33:47]
SOAP:  15%|█▌        | 3880/25834 [3:10:38 > 33:47]
SOAP:  15%|█▌        | 3881/25834 [3:11:09 > 33:48]
SOAP:  15%|█▌        | 3882/25834 [3:11:33 > 33:48]
SOAP:  15%|█▌        | 3883/25834 [3:11:50 > 33:49]
SOAP:  15%|█▌        | 3884/25834 [3:12:07 > 33:49]
SOAP:  15%|█▌        | 3885/25834 [3:12:20 > 33:50]
SOAP:  15%|█▌        | 3886/25834 [3:10:40 > 33:50]
SOAP:  15%|█▌        | 3887/25834 [3:12:25 > 33:51]
SOAP:  15%|█▌        | 3888/25834 [3:12:23 > 33:52]
SOAP:  15%|█▌        | 3889/25834 [3:12:28 > 33:52]
SOAP:  15%|█▌        | 3890/25834 [3:12:28 > 33:53]
SOAP:  15%|█▌        | 3891/25834 [3:12:34 > 33:53]
SOAP:  15%|█▌        | 3892/25834 [3:12:41 > 33:54]
SOAP:  15%|█▌        | 3893/25834 [3:12:39 > 33:54]
SOAP:  15%|█▌        | 3894/25834 [3:12:34 > 33:55]
SOAP:  15%|█▌        | 3895/25834 [3:12:31 > 33:55]
SOAP:  15%|█▌        | 3896/25834 [3:12:41 > 33:56]
SOAP:  15%|█▌        | 3897/25834 [3:12:39 > 33:56]
SOAP:  15%|█▌        | 3898/25834 [3:12:34 > 33:57]
SOAP:  15%|█▌        | 3899/25834 [3:12:25 > 33:57]
SOAP:  15%|█▌        | 3900/25834 [3:12:21 > 33:58]
SOAP:  15%|█▌        | 3901/25834 [3:13:11 > 33:58]
SOAP:  15%|█▌        | 3902/25834 [3:13:01 > 33:59]
SOAP:  15%|█▌        | 3903/25834 [3:12:55 > 33:59]
SOAP:  15%|█▌        | 3904/25834 [3:12:40 > 34:00]
SOAP:  15%|█▌        | 3905/25834 [3:12:15 > 34:01]
SOAP:  15%|█▌        | 3906/25834 [3:12:21 > 34:01]
SOAP:  15%|█▌        | 3907/25834 [3:12:21 > 34:02]
SOAP:  15%|█▌        | 3908/25834 [3:12:18 > 34:02]
SOAP:  15%|█▌        | 3909/25834 [3:12:18 > 34:03]
SOAP:  15%|█▌        | 3910/25834 [3:12:19 > 34:03]
SOAP:  15%|█▌        | 3911/25834 [3:12:26 > 34:04]
SOAP:  15%|█▌        | 3912/25834 [3:12:20 > 34:04]
SOAP:  15%|█▌        | 3913/25834 [3:12:20 > 34:05]
SOAP:  15%|█▌        | 3914/25834 [3:12:14 > 34:05]
SOAP:  15%|█▌        | 3915/25834 [3:12:20 > 34:06]
SOAP:  15%|█▌        | 3916/25834 [3:12:23 > 34:06]
SOAP:  15%|█▌        | 3917/25834 [3:12:25 > 34:07]
SOAP:  15%|█▌        | 3918/25834 [3:12:24 > 34:07]
SOAP:  15%|█▌        | 3919/25834 [3:12:24 > 34:08]
SOAP:  15%|█▌        | 3920/25834 [3:12:38 > 34:08]
SOAP:  15%|█▌        | 3921/25834 [3:12:29 > 34:09]
SOAP:  15%|█▌        | 3922/25834 [3:12:18 > 34:09]
SOAP:  15%|█▌        | 3923/25834 [3:12:10 > 34:10]
SOAP:  15%|█▌        | 3924/25834 [3:12:10 > 34:11]
SOAP:  15%|█▌        | 3925/25834 [3:12:24 > 34:11]
SOAP:  15%|█▌        | 3926/25834 [3:12:17 > 34:12]
SOAP:  15%|█▌        | 3927/25834 [3:12:13 > 34:12]
SOAP:  15%|█▌        | 3928/25834 [3:12:10 > 34:13]
SOAP:  15%|█▌        | 3929/25834 [3:12:13 > 34:13]
SOAP:  15%|█▌        | 3930/25834 [3:12:14 > 34:14]
SOAP:  15%|█▌        | 3931/25834 [3:12:24 > 34:14]
SOAP:  15%|█▌        | 3932/25834 [3:12:14 > 34:15]
SOAP:  15%|█▌        | 3933/25834 [3:12:19 > 34:15]
SOAP:  15%|█▌        | 3934/25834 [3:12:20 > 34:16]
SOAP:  15%|█▌        | 3935/25834 [3:12:20 > 34:16]
SOAP:  15%|█▌        | 3936/25834 [3:12:19 > 34:17]
SOAP:  15%|█▌        | 3937/25834 [3:12:13 > 34:17]
SOAP:  15%|█▌        | 3938/25834 [3:12:11 > 34:18]
SOAP:  15%|█▌        | 3939/25834 [3:12:09 > 34:18]
SOAP:  15%|█▌        | 3940/25834 [3:12:11 > 34:19]
SOAP:  15%|█▌        | 3941/25834 [3:12:15 > 34:19]
SOAP:  15%|█▌        | 3942/25834 [3:12:09 > 34:20]
SOAP:  15%|█▌        | 3943/25834 [3:12:05 > 34:21]
SOAP:  15%|█▌        | 3944/25834 [3:12:17 > 34:21]
SOAP:  15%|█▌        | 3945/25834 [3:12:10 > 34:22]
SOAP:  15%|█▌        | 3946/25834 [3:11:57 > 34:22]
SOAP:  15%|█▌        | 3947/25834 [3:11:56 > 34:23]
SOAP:  15%|█▌        | 3948/25834 [3:12:01 > 34:23]
SOAP:  15%|█▌        | 3949/25834 [3:12:04 > 34:24]
SOAP:  15%|█▌        | 3950/25834 [3:12:16 > 34:24]
SOAP:  15%|█▌        | 3951/25834 [3:12:08 > 34:25]
SOAP:  15%|█▌        | 3952/25834 [3:12:03 > 34:25]
SOAP:  15%|█▌        | 3953/25834 [3:12:07 > 34:26]
SOAP:  15%|█▌        | 3954/25834 [3:12:14 > 34:26]
SOAP:  15%|█▌        | 3955/25834 [3:12:16 > 34:27]
SOAP:  15%|█▌        | 3956/25834 [3:12:09 > 34:27]
SOAP:  15%|█▌        | 3957/25834 [3:12:07 > 34:28]
SOAP:  15%|█▌        | 3958/25834 [3:12:08 > 34:28]
SOAP:  15%|█▌        | 3959/25834 [3:12:10 > 34:29]
SOAP:  15%|█▌        | 3960/25834 [3:12:01 > 34:29]
SOAP:  15%|█▌        | 3961/25834 [3:11:57 > 34:30]
SOAP:  15%|█▌        | 3962/25834 [3:11:57 > 34:31]
SOAP:  15%|█▌        | 3963/25834 [3:10:29 > 34:31]
SOAP:  15%|█▌        | 3964/25834 [3:11:46 > 34:32]
SOAP:  15%|█▌        | 3965/25834 [3:11:47 > 34:32]
SOAP:  15%|█▌        | 3966/25834 [3:11:41 > 34:33]
SOAP:  15%|█▌        | 3967/25834 [3:11:40 > 34:33]
SOAP:  15%|█▌        | 3968/25834 [3:12:10 > 34:34]
SOAP:  15%|█▌        | 3969/25834 [3:12:05 > 34:34]
SOAP:  15%|█▌        | 3970/25834 [3:11:59 > 34:35]
SOAP:  15%|█▌        | 3971/25834 [3:11:57 > 34:35]
SOAP:  15%|█▌        | 3972/25834 [3:11:57 > 34:36]
SOAP:  15%|█▌        | 3973/25834 [3:12:05 > 34:36]
SOAP:  15%|█▌        | 3974/25834 [3:11:58 > 34:37]
SOAP:  15%|█▌        | 3975/25834 [3:11:51 > 34:37]
SOAP:  15%|█▌        | 3976/25834 [3:11:51 > 34:38]
SOAP:  15%|█▌        | 3977/25834 [3:11:56 > 34:38]
SOAP:  15%|█▌        | 3978/25834 [3:11:58 > 34:39]
SOAP:  15%|█▌        | 3979/25834 [3:11:55 > 34:39]
SOAP:  15%|█▌        | 3980/25834 [3:11:44 > 34:40]
SOAP:  15%|█▌        | 3981/25834 [3:11:45 > 34:41]
SOAP:  15%|█▌        | 3982/25834 [3:10:03 > 34:41]
SOAP:  15%|█▌        | 3983/25834 [3:11:26 > 34:42]
SOAP:  15%|█▌        | 3984/25834 [3:11:08 > 34:42]
SOAP:  15%|█▌        | 3985/25834 [3:11:23 > 34:43]
SOAP:  15%|█▌        | 3986/25834 [3:11:33 > 34:43]
SOAP:  15%|█▌        | 3987/25834 [3:11:29 > 34:44]
SOAP:  15%|█▌        | 3988/25834 [3:11:29 > 34:44]
SOAP:  15%|█▌        | 3989/25834 [3:11:26 > 34:45]
SOAP:  15%|█▌        | 3990/25834 [3:11:27 > 34:45]
SOAP:  15%|█▌        | 3991/25834 [3:11:28 > 34:46]
SOAP:  15%|█▌        | 3992/25834 [3:11:34 > 34:46]
SOAP:  15%|█▌        | 3993/25834 [3:11:34 > 34:47]
SOAP:  15%|█▌        | 3994/25834 [3:11:35 > 34:47]
SOAP:  15%|█▌        | 3995/25834 [3:11:37 > 34:48]
SOAP:  15%|█▌        | 3996/25834 [3:11:37 > 34:48]
SOAP:  15%|█▌        | 3997/25834 [3:11:35 > 34:49]
SOAP:  15%|█▌        | 3998/25834 [3:11:31 > 34:49]
SOAP:  15%|█▌        | 3999/25834 [3:11:32 > 34:50]
SOAP:  15%|█▌        | 4000/25834 [3:11:33 > 34:51]
SOAP:  15%|█▌        | 4001/25834 [3:12:26 > 34:51]
SOAP:  15%|█▌        | 4002/25834 [3:12:12 > 34:52]
SOAP:  15%|█▌        | 4003/25834 [3:12:08 > 34:52]
SOAP:  15%|█▌        | 4004/25834 [3:12:01 > 34:53]
SOAP:  16%|█▌        | 4005/25834 [3:11:53 > 34:53]
SOAP:  16%|█▌        | 4006/25834 [3:11:46 > 34:54]
SOAP:  16%|█▌        | 4007/25834 [3:11:54 > 34:54]
SOAP:  16%|█▌        | 4008/25834 [3:11:39 > 34:55]
SOAP:  16%|█▌        | 4009/25834 [3:11:30 > 34:55]
SOAP:  16%|█▌        | 4010/25834 [3:11:23 > 34:56]
SOAP:  16%|█▌        | 4011/25834 [3:11:20 > 34:56]
SOAP:  16%|█▌        | 4012/25834 [3:11:13 > 34:57]
SOAP:  16%|█▌        | 4013/25834 [3:11:17 > 34:57]
SOAP:  16%|█▌        | 4014/25834 [3:11:22 > 34:58]
SOAP:  16%|█▌        | 4015/25834 [3:11:53 > 34:58]
SOAP:  16%|█▌        | 4016/25834 [3:11:28 > 34:59]
SOAP:  16%|█▌        | 4017/25834 [3:10:42 > 34:59]
SOAP:  16%|█▌        | 4018/25834 [3:10:47 > 35:00]
SOAP:  16%|█▌        | 4019/25834 [3:11:02 > 35:01]
SOAP:  16%|█▌        | 4020/25834 [3:11:26 > 35:01]
SOAP:  16%|█▌        | 4021/25834 [3:10:17 > 35:02]
SOAP:  16%|█▌        | 4022/25834 [3:10:46 > 35:02]
SOAP:  16%|█▌        | 4023/25834 [3:10:55 > 35:03]
SOAP:  16%|█▌        | 4024/25834 [3:11:18 > 35:03]
SOAP:  16%|█▌        | 4025/25834 [3:11:19 > 35:04]
SOAP:  16%|█▌        | 4026/25834 [3:11:21 > 35:04]
SOAP:  16%|█▌        | 4027/25834 [3:11:24 > 35:05]
SOAP:  16%|█▌        | 4028/25834 [3:11:25 > 35:05]
SOAP:  16%|█▌        | 4029/25834 [3:11:31 > 35:06]
SOAP:  16%|█▌        | 4030/25834 [3:11:23 > 35:06]
SOAP:  16%|█▌        | 4031/25834 [3:11:35 > 35:07]
SOAP:  16%|█▌        | 4032/25834 [3:11:56 > 35:07]
SOAP:  16%|█▌        | 4033/25834 [3:11:44 > 35:08]
SOAP:  16%|█▌        | 4034/25834 [3:11:34 > 35:08]
SOAP:  16%|█▌        | 4035/25834 [3:11:31 > 35:09]
SOAP:  16%|█▌        | 4036/25834 [3:11:29 > 35:09]
SOAP:  16%|█▌        | 4037/25834 [3:11:25 > 35:10]
SOAP:  16%|█▌        | 4038/25834 [3:11:27 > 35:11]
SOAP:  16%|█▌        | 4039/25834 [3:11:24 > 35:11]
SOAP:  16%|█▌        | 4040/25834 [3:11:08 > 35:12]
SOAP:  16%|█▌        | 4041/25834 [3:11:16 > 35:12]
SOAP:  16%|█▌        | 4042/25834 [3:11:17 > 35:13]
SOAP:  16%|█▌        | 4043/25834 [3:11:24 > 35:13]
SOAP:  16%|█▌        | 4044/25834 [3:11:11 > 35:14]
SOAP:  16%|█▌        | 4045/25834 [3:11:22 > 35:14]
SOAP:  16%|█▌        | 4046/25834 [3:11:08 > 35:15]
SOAP:  16%|█▌        | 4047/25834 [3:11:27 > 35:15]
SOAP:  16%|█▌        | 4048/25834 [3:11:16 > 35:16]
SOAP:  16%|█▌        | 4049/25834 [3:11:14 > 35:16]
SOAP:  16%|█▌        | 4050/25834 [3:11:10 > 35:17]
SOAP:  16%|█▌        | 4051/25834 [3:11:14 > 35:17]
SOAP:  16%|█▌        | 4052/25834 [3:11:06 > 35:18]
SOAP:  16%|█▌        | 4053/25834 [3:11:13 > 35:18]
SOAP:  16%|█▌        | 4054/25834 [3:11:02 > 35:19]
SOAP:  16%|█▌        | 4055/25834 [3:11:04 > 35:19]
SOAP:  16%|█▌        | 4056/25834 [3:11:03 > 35:20]
SOAP:  16%|█▌        | 4057/25834 [3:11:16 > 35:21]
SOAP:  16%|█▌        | 4058/25834 [3:11:09 > 35:21]
SOAP:  16%|█▌        | 4059/25834 [3:09:37 > 35:22]
SOAP:  16%|█▌        | 4060/25834 [3:11:02 > 35:22]
SOAP:  16%|█▌        | 4061/25834 [3:11:44 > 35:23]
SOAP:  16%|█▌        | 4062/25834 [3:10:48 > 35:23]
SOAP:  16%|█▌        | 4063/25834 [3:10:56 > 35:24]
SOAP:  16%|█▌        | 4064/25834 [3:11:09 > 35:24]
SOAP:  16%|█▌        | 4065/25834 [3:12:02 > 35:25]
SOAP:  16%|█▌        | 4066/25834 [3:10:45 > 35:25]
SOAP:  16%|█▌        | 4067/25834 [3:10:47 > 35:26]
SOAP:  16%|█▌        | 4068/25834 [3:10:58 > 35:26]
SOAP:  16%|█▌        | 4069/25834 [3:11:06 > 35:27]
SOAP:  16%|█▌        | 4070/25834 [3:11:01 > 35:27]
SOAP:  16%|█▌        | 4071/25834 [3:11:00 > 35:28]
SOAP:  16%|█▌        | 4072/25834 [3:11:06 > 35:28]
SOAP:  16%|█▌        | 4073/25834 [3:11:20 > 35:29]
SOAP:  16%|█▌        | 4074/25834 [3:11:12 > 35:30]
SOAP:  16%|█▌        | 4075/25834 [3:11:02 > 35:30]
SOAP:  16%|█▌        | 4076/25834 [3:10:52 > 35:31]
SOAP:  16%|█▌        | 4077/25834 [3:10:53 > 35:31]
SOAP:  16%|█▌        | 4078/25834 [3:09:12 > 35:32]
SOAP:  16%|█▌        | 4079/25834 [3:10:52 > 35:32]
SOAP:  16%|█▌        | 4080/25834 [3:10:51 > 35:33]
SOAP:  16%|█▌        | 4081/25834 [3:11:02 > 35:33]
SOAP:  16%|█▌        | 4082/25834 [3:10:50 > 35:34]
SOAP:  16%|█▌        | 4083/25834 [3:10:54 > 35:34]
SOAP:  16%|█▌        | 4084/25834 [3:11:11 > 35:35]
SOAP:  16%|█▌        | 4085/25834 [3:11:27 > 35:35]
SOAP:  16%|█▌        | 4086/25834 [3:11:15 > 35:36]
SOAP:  16%|█▌        | 4087/25834 [3:11:11 > 35:36]
SOAP:  16%|█▌        | 4088/25834 [3:11:07 > 35:37]
SOAP:  16%|█▌        | 4089/25834 [3:11:06 > 35:37]
SOAP:  16%|█▌        | 4090/25834 [3:10:58 > 35:38]
SOAP:  16%|█▌        | 4091/25834 [3:10:55 > 35:38]
SOAP:  16%|█▌        | 4092/25834 [3:10:50 > 35:39]
SOAP:  16%|█▌        | 4093/25834 [3:10:53 > 35:40]
SOAP:  16%|█▌        | 4094/25834 [3:10:46 > 35:40]
SOAP:  16%|█▌        | 4095/25834 [3:10:43 > 35:41]
SOAP:  16%|█▌        | 4096/25834 [3:10:52 > 35:41]
SOAP:  16%|█▌        | 4097/25834 [3:10:50 > 35:42]
SOAP:  16%|█▌        | 4098/25834 [3:10:44 > 35:42]
SOAP:  16%|█▌        | 4099/25834 [3:10:40 > 35:43]
SOAP:  16%|█▌        | 4100/25834 [3:10:41 > 35:43]
SOAP:  16%|█▌        | 4101/25834 [3:11:36 > 35:44]
SOAP:  16%|█▌        | 4102/25834 [3:11:33 > 35:44]
SOAP:  16%|█▌        | 4103/25834 [3:11:10 > 35:45]
SOAP:  16%|█▌        | 4104/25834 [3:10:58 > 35:45]
SOAP:  16%|█▌        | 4105/25834 [3:11:15 > 35:46]
SOAP:  16%|█▌        | 4106/25834 [3:10:44 > 35:46]
SOAP:  16%|█▌        | 4107/25834 [3:10:17 > 35:47]
SOAP:  16%|█▌        | 4108/25834 [3:10:26 > 35:47]
SOAP:  16%|█▌        | 4109/25834 [3:10:36 > 35:48]
SOAP:  16%|█▌        | 4110/25834 [3:10:37 > 35:48]
SOAP:  16%|█▌        | 4111/25834 [3:10:37 > 35:49]
SOAP:  16%|█▌        | 4112/25834 [3:10:38 > 35:50]
SOAP:  16%|█▌        | 4113/25834 [3:10:37 > 35:50]
SOAP:  16%|█▌        | 4114/25834 [3:10:27 > 35:51]
SOAP:  16%|█▌        | 4115/25834 [3:09:57 > 35:51]
SOAP:  16%|█▌        | 4116/25834 [3:10:08 > 35:52]
SOAP:  16%|█▌        | 4117/25834 [3:10:21 > 35:52]
SOAP:  16%|█▌        | 4118/25834 [3:10:23 > 35:53]
SOAP:  16%|█▌        | 4119/25834 [3:10:20 > 35:53]
SOAP:  16%|█▌        | 4120/25834 [3:10:19 > 35:54]
SOAP:  16%|█▌        | 4121/25834 [3:10:23 > 35:54]
SOAP:  16%|█▌        | 4122/25834 [3:10:20 > 35:55]
SOAP:  16%|█▌        | 4123/25834 [3:10:30 > 35:55]
SOAP:  16%|█▌        | 4124/25834 [3:10:24 > 35:56]
SOAP:  16%|█▌        | 4125/25834 [3:10:01 > 35:56]
SOAP:  16%|█▌        | 4126/25834 [3:10:06 > 35:57]
SOAP:  16%|█▌        | 4127/25834 [3:10:11 > 35:57]
SOAP:  16%|█▌        | 4128/25834 [3:10:15 > 35:58]
SOAP:  16%|█▌        | 4129/25834 [3:10:27 > 35:58]
SOAP:  16%|█▌        | 4130/25834 [3:10:10 > 35:59]
SOAP:  16%|█▌        | 4131/25834 [3:09:49 > 36:00]
SOAP:  16%|█▌        | 4132/25834 [3:09:58 > 36:00]
SOAP:  16%|█▌        | 4133/25834 [3:10:12 > 36:01]
SOAP:  16%|█▌        | 4134/25834 [3:10:14 > 36:01]
SOAP:  16%|█▌        | 4135/25834 [3:10:20 > 36:02]
SOAP:  16%|█▌        | 4136/25834 [3:10:24 > 36:02]
SOAP:  16%|█▌        | 4137/25834 [3:09:32 > 36:03]
SOAP:  16%|█▌        | 4138/25834 [3:10:07 > 36:03]
SOAP:  16%|█▌        | 4139/25834 [3:09:39 > 36:04]
SOAP:  16%|█▌        | 4140/25834 [3:10:04 > 36:04]
SOAP:  16%|█▌        | 4141/25834 [3:09:42 > 36:05]
SOAP:  16%|█▌        | 4142/25834 [3:09:59 > 36:05]
SOAP:  16%|█▌        | 4143/25834 [3:09:59 > 36:06]
SOAP:  16%|█▌        | 4144/25834 [3:10:12 > 36:06]
SOAP:  16%|█▌        | 4145/25834 [3:08:45 > 36:07]
SOAP:  16%|█▌        | 4146/25834 [3:08:29 > 36:07]
SOAP:  16%|█▌        | 4147/25834 [3:08:19 > 36:08]
SOAP:  16%|█▌        | 4148/25834 [3:09:56 > 36:08]
SOAP:  16%|█▌        | 4149/25834 [3:09:33 > 36:09]
SOAP:  16%|█▌        | 4150/25834 [3:09:09 > 36:09]
SOAP:  16%|█▌        | 4151/25834 [3:08:49 > 36:10]
SOAP:  16%|█▌        | 4152/25834 [3:08:36 > 36:11]
SOAP:  16%|█▌        | 4153/25834 [3:08:33 > 36:11]
SOAP:  16%|█▌        | 4154/25834 [3:07:23 > 36:12]
SOAP:  16%|█▌        | 4155/25834 [3:07:24 > 36:12]
SOAP:  16%|█▌        | 4156/25834 [3:09:02 > 36:13]
SOAP:  16%|█▌        | 4157/25834 [3:09:18 > 36:13]
SOAP:  16%|█▌        | 4158/25834 [3:08:51 > 36:14]
SOAP:  16%|█▌        | 4159/25834 [3:07:19 > 36:14]
SOAP:  16%|█▌        | 4160/25834 [3:08:32 > 36:15]
SOAP:  16%|█▌        | 4161/25834 [3:08:24 > 36:15]
SOAP:  16%|█▌        | 4162/25834 [3:08:18 > 36:16]
SOAP:  16%|█▌        | 4163/25834 [3:08:12 > 36:16]
SOAP:  16%|█▌        | 4164/25834 [3:08:04 > 36:17]
SOAP:  16%|█▌        | 4165/25834 [3:08:00 > 36:17]
SOAP:  16%|█▌        | 4166/25834 [3:08:04 > 36:18]
SOAP:  16%|█▌        | 4167/25834 [3:07:57 > 36:18]
SOAP:  16%|█▌        | 4168/25834 [3:07:59 > 36:19]
SOAP:  16%|█▌        | 4169/25834 [3:07:58 > 36:19]
SOAP:  16%|█▌        | 4170/25834 [3:09:14 > 36:20]
SOAP:  16%|█▌        | 4171/25834 [3:08:30 > 36:20]
SOAP:  16%|█▌        | 4172/25834 [3:06:51 > 36:21]
SOAP:  16%|█▌        | 4173/25834 [3:07:16 > 36:21]
SOAP:  16%|█▌        | 4174/25834 [3:07:35 > 36:22]
SOAP:  16%|█▌        | 4175/25834 [3:08:08 > 36:22]
SOAP:  16%|█▌        | 4176/25834 [3:07:41 > 36:23]
SOAP:  16%|█▌        | 4177/25834 [3:07:45 > 36:24]
SOAP:  16%|█▌        | 4178/25834 [3:07:52 > 36:24]
SOAP:  16%|█▌        | 4179/25834 [3:07:42 > 36:25]
SOAP:  16%|█▌        | 4180/25834 [3:07:45 > 36:25]
SOAP:  16%|█▌        | 4181/25834 [3:07:49 > 36:26]
SOAP:  16%|█▌        | 4182/25834 [3:07:54 > 36:26]
SOAP:  16%|█▌        | 4183/25834 [3:07:47 > 36:27]
SOAP:  16%|█▌        | 4184/25834 [3:08:01 > 36:27]
SOAP:  16%|█▌        | 4185/25834 [3:07:56 > 36:28]
SOAP:  16%|█▌        | 4186/25834 [3:07:51 > 36:28]
SOAP:  16%|█▌        | 4187/25834 [3:07:47 > 36:29]
SOAP:  16%|█▌        | 4188/25834 [3:07:51 > 36:29]
SOAP:  16%|█▌        | 4189/25834 [3:07:54 > 36:30]
SOAP:  16%|█▌        | 4190/25834 [3:07:43 > 36:30]
SOAP:  16%|█▌        | 4191/25834 [3:07:43 > 36:31]
SOAP:  16%|█▌        | 4192/25834 [3:07:50 > 36:31]
SOAP:  16%|█▌        | 4193/25834 [3:07:48 > 36:32]
SOAP:  16%|█▌        | 4194/25834 [3:08:44 > 36:32]
SOAP:  16%|█▌        | 4195/25834 [3:07:55 > 36:33]
SOAP:  16%|█▌        | 4196/25834 [3:07:50 > 36:33]
SOAP:  16%|█▌        | 4197/25834 [3:07:48 > 36:34]
SOAP:  16%|█▌        | 4198/25834 [3:07:48 > 36:34]
SOAP:  16%|█▋        | 4199/25834 [3:08:24 > 36:35]
SOAP:  16%|█▋        | 4200/25834 [3:07:35 > 36:36]
SOAP:  16%|█▋        | 4201/25834 [3:08:25 > 36:36]
SOAP:  16%|█▋        | 4202/25834 [3:08:28 > 36:37]
SOAP:  16%|█▋        | 4203/25834 [3:07:47 > 36:37]
SOAP:  16%|█▋        | 4204/25834 [3:07:50 > 36:38]
SOAP:  16%|█▋        | 4205/25834 [3:07:50 > 36:38]
SOAP:  16%|█▋        | 4206/25834 [3:07:46 > 36:39]
SOAP:  16%|█▋        | 4207/25834 [3:09:20 > 36:39]
SOAP:  16%|█▋        | 4208/25834 [3:08:41 > 36:40]
SOAP:  16%|█▋        | 4209/25834 [3:08:27 > 36:40]
SOAP:  16%|█▋        | 4210/25834 [3:06:40 > 36:41]
SOAP:  16%|█▋        | 4211/25834 [3:08:39 > 36:41]
SOAP:  16%|█▋        | 4212/25834 [3:08:09 > 36:42]
SOAP:  16%|█▋        | 4213/25834 [3:08:00 > 36:42]
SOAP:  16%|█▋        | 4214/25834 [3:07:52 > 36:43]
SOAP:  16%|█▋        | 4215/25834 [3:07:52 > 36:43]
SOAP:  16%|█▋        | 4216/25834 [3:07:56 > 36:44]
SOAP:  16%|█▋        | 4217/25834 [3:07:55 > 36:44]
SOAP:  16%|█▋        | 4218/25834 [3:06:56 > 36:45]
SOAP:  16%|█▋        | 4219/25834 [3:07:28 > 36:45]
SOAP:  16%|█▋        | 4220/25834 [3:07:08 > 36:46]
SOAP:  16%|█▋        | 4221/25834 [3:08:40 > 36:46]
SOAP:  16%|█▋        | 4222/25834 [3:07:18 > 36:47]
SOAP:  16%|█▋        | 4223/25834 [3:06:46 > 36:48]
SOAP:  16%|█▋        | 4224/25834 [3:07:11 > 36:48]
SOAP:  16%|█▋        | 4225/25834 [3:06:56 > 36:49]
SOAP:  16%|█▋        | 4226/25834 [3:07:07 > 36:49]
SOAP:  16%|█▋        | 4227/25834 [3:07:06 > 36:50]
SOAP:  16%|█▋        | 4228/25834 [3:07:29 > 36:50]
SOAP:  16%|█▋        | 4229/25834 [3:07:38 > 36:51]
SOAP:  16%|█▋        | 4230/25834 [3:07:28 > 36:51]
SOAP:  16%|█▋        | 4231/25834 [3:07:04 > 36:52]
SOAP:  16%|█▋        | 4232/25834 [3:08:13 > 36:52]
SOAP:  16%|█▋        | 4233/25834 [3:06:45 > 36:53]
SOAP:  16%|█▋        | 4234/25834 [3:07:08 > 36:53]
SOAP:  16%|█▋        | 4235/25834 [3:07:08 > 36:54]
SOAP:  16%|█▋        | 4236/25834 [3:07:12 > 36:54]
SOAP:  16%|█▋        | 4237/25834 [3:08:34 > 36:55]
SOAP:  16%|█▋        | 4238/25834 [3:07:01 > 36:55]
SOAP:  16%|█▋        | 4239/25834 [3:08:47 > 36:56]
SOAP:  16%|█▋        | 4240/25834 [3:09:08 > 36:56]
SOAP:  16%|█▋        | 4241/25834 [3:09:02 > 36:57]
SOAP:  16%|█▋        | 4242/25834 [3:08:32 > 36:57]
SOAP:  16%|█▋        | 4243/25834 [3:08:14 > 36:58]
SOAP:  16%|█▋        | 4244/25834 [3:07:10 > 36:58]
SOAP:  16%|█▋        | 4245/25834 [3:08:11 > 36:59]
SOAP:  16%|█▋        | 4246/25834 [3:06:35 > 36:59]
SOAP:  16%|█▋        | 4247/25834 [3:08:12 > 37:00]
SOAP:  16%|█▋        | 4248/25834 [3:08:06 > 37:01]
SOAP:  16%|█▋        | 4249/25834 [3:07:48 > 37:01]
SOAP:  16%|█▋        | 4250/25834 [3:07:43 > 37:02]
SOAP:  16%|█▋        | 4251/25834 [3:07:43 > 37:02]
SOAP:  16%|█▋        | 4252/25834 [3:07:41 > 37:03]
SOAP:  16%|█▋        | 4253/25834 [3:07:31 > 37:03]
SOAP:  16%|█▋        | 4254/25834 [3:06:50 > 37:04]
SOAP:  16%|█▋        | 4255/25834 [3:07:23 > 37:04]
SOAP:  16%|█▋        | 4256/25834 [3:07:26 > 37:05]
SOAP:  16%|█▋        | 4257/25834 [3:07:18 > 37:05]
SOAP:  16%|█▋        | 4258/25834 [3:07:13 > 37:06]
SOAP:  16%|█▋        | 4259/25834 [3:07:22 > 37:06]
SOAP:  16%|█▋        | 4260/25834 [3:07:14 > 37:07]
SOAP:  16%|█▋        | 4261/25834 [3:07:11 > 37:07]
SOAP:  16%|█▋        | 4262/25834 [3:07:17 > 37:08]
SOAP:  17%|█▋        | 4263/25834 [3:07:24 > 37:08]
SOAP:  17%|█▋        | 4264/25834 [3:05:45 > 37:09]
SOAP:  17%|█▋        | 4265/25834 [3:07:39 > 37:09]
SOAP:  17%|█▋        | 4266/25834 [3:07:43 > 37:10]
SOAP:  17%|█▋        | 4267/25834 [3:06:00 > 37:10]
SOAP:  17%|█▋        | 4268/25834 [3:08:05 > 37:11]
SOAP:  17%|█▋        | 4269/25834 [3:06:51 > 37:11]
SOAP:  17%|█▋        | 4270/25834 [3:08:28 > 37:12]
SOAP:  17%|█▋        | 4271/25834 [3:08:02 > 37:13]
SOAP:  17%|█▋        | 4272/25834 [3:07:47 > 37:13]
SOAP:  17%|█▋        | 4273/25834 [3:07:32 > 37:14]
SOAP:  17%|█▋        | 4274/25834 [3:07:21 > 37:14]
SOAP:  17%|█▋        | 4275/25834 [3:07:14 > 37:15]
SOAP:  17%|█▋        | 4276/25834 [3:07:23 > 37:15]
SOAP:  17%|█▋        | 4277/25834 [3:07:12 > 37:16]
SOAP:  17%|█▋        | 4278/25834 [3:07:07 > 37:16]
SOAP:  17%|█▋        | 4279/25834 [3:07:15 > 37:17]
SOAP:  17%|█▋        | 4280/25834 [3:07:09 > 37:17]
SOAP:  17%|█▋        | 4281/25834 [3:07:04 > 37:18]
SOAP:  17%|█▋        | 4282/25834 [3:07:08 > 37:18]
SOAP:  17%|█▋        | 4283/25834 [3:07:03 > 37:19]
SOAP:  17%|█▋        | 4284/25834 [3:07:05 > 37:19]
SOAP:  17%|█▋        | 4285/25834 [3:06:55 > 37:20]
SOAP:  17%|█▋        | 4286/25834 [3:07:01 > 37:20]
SOAP:  17%|█▋        | 4287/25834 [3:06:56 > 37:21]
SOAP:  17%|█▋        | 4288/25834 [3:06:59 > 37:21]
SOAP:  17%|█▋        | 4289/25834 [3:06:59 > 37:22]
SOAP:  17%|█▋        | 4290/25834 [3:06:55 > 37:22]
SOAP:  17%|█▋        | 4291/25834 [3:06:04 > 37:23]
SOAP:  17%|█▋        | 4292/25834 [3:07:44 > 37:23]
SOAP:  17%|█▋        | 4293/25834 [3:07:31 > 37:24]
SOAP:  17%|█▋        | 4294/25834 [3:07:42 > 37:25]
SOAP:  17%|█▋        | 4295/25834 [3:07:50 > 37:25]
SOAP:  17%|█▋        | 4296/25834 [3:07:37 > 37:26]
SOAP:  17%|█▋        | 4297/25834 [3:07:19 > 37:26]
SOAP:  17%|█▋        | 4298/25834 [3:07:08 > 37:27]
SOAP:  17%|█▋        | 4299/25834 [3:07:04 > 37:27]
SOAP:  17%|█▋        | 4300/25834 [3:07:10 > 37:28]
SOAP:  17%|█▋        | 4301/25834 [3:08:41 > 37:28]
SOAP:  17%|█▋        | 4302/25834 [3:07:22 > 37:29]
SOAP:  17%|█▋        | 4303/25834 [3:07:14 > 37:29]
SOAP:  17%|█▋        | 4304/25834 [3:07:05 > 37:30]
SOAP:  17%|█▋        | 4305/25834 [3:07:02 > 37:30]
SOAP:  17%|█▋        | 4306/25834 [3:07:01 > 37:31]
SOAP:  17%|█▋        | 4307/25834 [3:07:00 > 37:31]
SOAP:  17%|█▋        | 4308/25834 [3:06:53 > 37:32]
SOAP:  17%|█▋        | 4309/25834 [3:06:53 > 37:32]
SOAP:  17%|█▋        | 4310/25834 [3:06:53 > 37:33]
SOAP:  17%|█▋        | 4311/25834 [3:06:56 > 37:33]
SOAP:  17%|█▋        | 4312/25834 [3:07:13 > 37:34]
SOAP:  17%|█▋        | 4313/25834 [3:07:03 > 37:34]
SOAP:  17%|█▋        | 4314/25834 [3:06:58 > 37:35]
SOAP:  17%|█▋        | 4315/25834 [3:06:55 > 37:35]
SOAP:  17%|█▋        | 4316/25834 [3:06:51 > 37:36]
SOAP:  17%|█▋        | 4317/25834 [3:06:56 > 37:37]
SOAP:  17%|█▋        | 4318/25834 [3:06:49 > 37:37]
SOAP:  17%|█▋        | 4319/25834 [3:06:41 > 37:38]
SOAP:  17%|█▋        | 4320/25834 [3:06:44 > 37:38]
SOAP:  17%|█▋        | 4321/25834 [3:06:45 > 37:39]
SOAP:  17%|█▋        | 4322/25834 [3:06:35 > 37:39]
SOAP:  17%|█▋        | 4323/25834 [3:06:44 > 37:40]
SOAP:  17%|█▋        | 4324/25834 [3:06:46 > 37:40]
SOAP:  17%|█▋        | 4325/25834 [3:06:41 > 37:41]
SOAP:  17%|█▋        | 4326/25834 [3:06:35 > 37:41]
SOAP:  17%|█▋        | 4327/25834 [3:06:42 > 37:42]
SOAP:  17%|█▋        | 4328/25834 [3:06:42 > 37:42]
SOAP:  17%|█▋        | 4329/25834 [3:06:48 > 37:43]
SOAP:  17%|█▋        | 4330/25834 [3:05:37 > 37:43]
SOAP:  17%|█▋        | 4331/25834 [3:07:22 > 37:44]
SOAP:  17%|█▋        | 4332/25834 [3:07:06 > 37:44]
SOAP:  17%|█▋        | 4333/25834 [3:06:58 > 37:45]
SOAP:  17%|█▋        | 4334/25834 [3:06:47 > 37:45]
SOAP:  17%|█▋        | 4335/25834 [3:06:43 > 37:46]
SOAP:  17%|█▋        | 4336/25834 [3:06:42 > 37:46]
SOAP:  17%|█▋        | 4337/25834 [3:06:36 > 37:47]
SOAP:  17%|█▋        | 4338/25834 [3:06:35 > 37:47]
SOAP:  17%|█▋        | 4339/25834 [3:06:38 > 37:48]
SOAP:  17%|█▋        | 4340/25834 [3:06:34 > 37:48]
SOAP:  17%|█▋        | 4341/25834 [3:06:34 > 37:49]
SOAP:  17%|█▋        | 4342/25834 [3:06:29 > 37:50]
SOAP:  17%|█▋        | 4343/25834 [3:06:32 > 37:50]
SOAP:  17%|█▋        | 4344/25834 [3:06:25 > 37:51]
SOAP:  17%|█▋        | 4345/25834 [3:06:33 > 37:51]
SOAP:  17%|█▋        | 4346/25834 [3:06:30 > 37:52]
SOAP:  17%|█▋        | 4347/25834 [3:06:23 > 37:52]
SOAP:  17%|█▋        | 4348/25834 [3:06:24 > 37:53]
SOAP:  17%|█▋        | 4349/25834 [3:06:19 > 37:53]
SOAP:  17%|█▋        | 4350/25834 [3:06:23 > 37:54]
SOAP:  17%|█▋        | 4351/25834 [3:06:29 > 37:54]
SOAP:  17%|█▋        | 4352/25834 [3:06:24 > 37:55]
SOAP:  17%|█▋        | 4353/25834 [3:06:25 > 37:55]
SOAP:  17%|█▋        | 4354/25834 [3:06:23 > 37:56]
SOAP:  17%|█▋        | 4355/25834 [3:06:23 > 37:56]
SOAP:  17%|█▋        | 4356/25834 [3:06:26 > 37:57]
SOAP:  17%|█▋        | 4357/25834 [3:06:23 > 37:57]
SOAP:  17%|█▋        | 4358/25834 [3:06:25 > 37:58]
SOAP:  17%|█▋        | 4359/25834 [3:06:24 > 37:58]
SOAP:  17%|█▋        | 4360/25834 [3:06:54 > 37:59]
SOAP:  17%|█▋        | 4361/25834 [3:06:44 > 37:59]
SOAP:  17%|█▋        | 4362/25834 [3:06:41 > 38:00]
SOAP:  17%|█▋        | 4363/25834 [3:06:32 > 38:00]
SOAP:  17%|█▋        | 4364/25834 [3:04:57 > 38:01]
SOAP:  17%|█▋        | 4365/25834 [3:06:57 > 38:02]
SOAP:  17%|█▋        | 4366/25834 [3:06:38 > 38:02]
SOAP:  17%|█▋        | 4367/25834 [3:06:38 > 38:03]
SOAP:  17%|█▋        | 4368/25834 [3:06:29 > 38:03]
SOAP:  17%|█▋        | 4369/25834 [3:06:30 > 38:04]
SOAP:  17%|█▋        | 4370/25834 [3:06:29 > 38:04]
SOAP:  17%|█▋        | 4371/25834 [3:06:26 > 38:05]
SOAP:  17%|█▋        | 4372/25834 [3:06:21 > 38:05]
SOAP:  17%|█▋        | 4373/25834 [3:06:24 > 38:06]
SOAP:  17%|█▋        | 4374/25834 [3:06:16 > 38:06]
SOAP:  17%|█▋        | 4375/25834 [3:06:12 > 38:07]
SOAP:  17%|█▋        | 4376/25834 [3:06:16 > 38:07]
SOAP:  17%|█▋        | 4377/25834 [3:06:09 > 38:08]
SOAP:  17%|█▋        | 4378/25834 [3:06:16 > 38:08]
SOAP:  17%|█▋        | 4379/25834 [3:06:08 > 38:09]
SOAP:  17%|█▋        | 4380/25834 [3:06:12 > 38:09]
SOAP:  17%|█▋        | 4381/25834 [3:06:15 > 38:10]
SOAP:  17%|█▋        | 4382/25834 [3:06:12 > 38:10]
SOAP:  17%|█▋        | 4383/25834 [3:06:15 > 38:11]
SOAP:  17%|█▋        | 4384/25834 [3:06:13 > 38:11]
SOAP:  17%|█▋        | 4385/25834 [3:06:07 > 38:12]
SOAP:  17%|█▋        | 4386/25834 [3:06:09 > 38:12]
SOAP:  17%|█▋        | 4387/25834 [3:06:02 > 38:13]
SOAP:  17%|█▋        | 4388/25834 [3:06:06 > 38:13]
SOAP:  17%|█▋        | 4389/25834 [3:06:19 > 38:14]
SOAP:  17%|█▋        | 4390/25834 [3:06:19 > 38:15]
SOAP:  17%|█▋        | 4391/25834 [3:06:12 > 38:15]
SOAP:  17%|█▋        | 4392/25834 [3:06:19 > 38:16]
SOAP:  17%|█▋        | 4393/25834 [3:06:16 > 38:16]
SOAP:  17%|█▋        | 4394/25834 [3:06:16 > 38:17]
SOAP:  17%|█▋        | 4395/25834 [3:06:07 > 38:17]
SOAP:  17%|█▋        | 4396/25834 [3:06:10 > 38:18]
SOAP:  17%|█▋        | 4397/25834 [3:06:03 > 38:18]
SOAP:  17%|█▋        | 4398/25834 [3:04:32 > 38:19]
SOAP:  17%|█▋        | 4399/25834 [3:06:33 > 38:19]
SOAP:  17%|█▋        | 4400/25834 [3:06:24 > 38:20]
SOAP:  17%|█▋        | 4401/25834 [3:08:02 > 38:20]
SOAP:  17%|█▋        | 4402/25834 [3:05:02 > 38:21]
SOAP:  17%|█▋        | 4403/25834 [3:06:46 > 38:21]
SOAP:  17%|█▋        | 4404/25834 [3:06:32 > 38:22]
SOAP:  17%|█▋        | 4405/25834 [3:06:22 > 38:22]
SOAP:  17%|█▋        | 4406/25834 [3:06:17 > 38:23]
SOAP:  17%|█▋        | 4407/25834 [3:06:05 > 38:23]
SOAP:  17%|█▋        | 4408/25834 [3:06:05 > 38:24]
SOAP:  17%|█▋        | 4409/25834 [3:05:59 > 38:24]
SOAP:  17%|█▋        | 4410/25834 [3:06:00 > 38:25]
SOAP:  17%|█▋        | 4411/25834 [3:06:03 > 38:25]
SOAP:  17%|█▋        | 4412/25834 [3:05:56 > 38:26]
SOAP:  17%|█▋        | 4413/25834 [3:05:56 > 38:27]
SOAP:  17%|█▋        | 4414/25834 [3:05:58 > 38:27]
SOAP:  17%|█▋        | 4415/25834 [3:06:02 > 38:28]
SOAP:  17%|█▋        | 4416/25834 [3:05:55 > 38:28]
SOAP:  17%|█▋        | 4417/25834 [3:05:51 > 38:29]
SOAP:  17%|█▋        | 4418/25834 [3:05:50 > 38:29]
SOAP:  17%|█▋        | 4419/25834 [3:05:48 > 38:30]
SOAP:  17%|█▋        | 4420/25834 [3:05:47 > 38:30]
SOAP:  17%|█▋        | 4421/25834 [3:05:43 > 38:31]
SOAP:  17%|█▋        | 4422/25834 [3:05:38 > 38:31]
SOAP:  17%|█▋        | 4423/25834 [3:04:07 > 38:32]
SOAP:  17%|█▋        | 4424/25834 [3:04:39 > 38:32]
SOAP:  17%|█▋        | 4425/25834 [3:06:32 > 38:33]
SOAP:  17%|█▋        | 4426/25834 [3:06:20 > 38:33]
SOAP:  17%|█▋        | 4427/25834 [3:04:55 > 38:34]
SOAP:  17%|█▋        | 4428/25834 [3:06:33 > 38:34]
SOAP:  17%|█▋        | 4429/25834 [3:06:41 > 38:35]
SOAP:  17%|█▋        | 4430/25834 [3:06:26 > 38:35]
SOAP:  17%|█▋        | 4431/25834 [3:06:13 > 38:36]
SOAP:  17%|█▋        | 4432/25834 [3:06:01 > 38:36]
SOAP:  17%|█▋        | 4433/25834 [3:05:54 > 38:37]
SOAP:  17%|█▋        | 4434/25834 [3:05:48 > 38:37]
SOAP:  17%|█▋        | 4435/25834 [3:05:43 > 38:38]
SOAP:  17%|█▋        | 4436/25834 [3:05:50 > 38:39]
SOAP:  17%|█▋        | 4437/25834 [3:05:40 > 38:39]
SOAP:  17%|█▋        | 4438/25834 [3:05:48 > 38:40]
SOAP:  17%|█▋        | 4439/25834 [3:05:51 > 38:40]
SOAP:  17%|█▋        | 4440/25834 [3:05:51 > 38:41]
SOAP:  17%|█▋        | 4441/25834 [3:05:41 > 38:41]
SOAP:  17%|█▋        | 4442/25834 [3:06:15 > 38:42]
SOAP:  17%|█▋        | 4443/25834 [3:05:53 > 38:42]
SOAP:  17%|█▋        | 4444/25834 [3:05:40 > 38:43]
SOAP:  17%|█▋        | 4445/25834 [3:05:51 > 38:43]
SOAP:  17%|█▋        | 4446/25834 [3:05:45 > 38:44]
SOAP:  17%|█▋        | 4447/25834 [3:05:48 > 38:44]
SOAP:  17%|█▋        | 4448/25834 [3:05:49 > 38:45]
SOAP:  17%|█▋        | 4449/25834 [3:05:40 > 38:45]
SOAP:  17%|█▋        | 4450/25834 [3:05:35 > 38:46]
SOAP:  17%|█▋        | 4451/25834 [3:05:40 > 38:46]
SOAP:  17%|█▋        | 4452/25834 [3:05:32 > 38:47]
SOAP:  17%|█▋        | 4453/25834 [3:05:39 > 38:47]
SOAP:  17%|█▋        | 4454/25834 [3:05:28 > 38:48]
SOAP:  17%|█▋        | 4455/25834 [3:05:28 > 38:48]
SOAP:  17%|█▋        | 4456/25834 [3:05:29 > 38:49]
SOAP:  17%|█▋        | 4457/25834 [3:05:23 > 38:49]
SOAP:  17%|█▋        | 4458/25834 [3:05:30 > 38:50]
SOAP:  17%|█▋        | 4459/25834 [3:05:25 > 38:50]
SOAP:  17%|█▋        | 4460/25834 [3:05:22 > 38:51]
SOAP:  17%|█▋        | 4461/25834 [3:05:20 > 38:52]
SOAP:  17%|█▋        | 4462/25834 [3:05:17 > 38:52]
SOAP:  17%|█▋        | 4463/25834 [3:05:29 > 38:53]
SOAP:  17%|█▋        | 4464/25834 [3:05:27 > 38:53]
SOAP:  17%|█▋        | 4465/25834 [3:05:24 > 38:54]
SOAP:  17%|█▋        | 4466/25834 [3:03:55 > 38:54]
SOAP:  17%|█▋        | 4467/25834 [3:05:52 > 38:55]
SOAP:  17%|█▋        | 4468/25834 [3:05:40 > 38:55]
SOAP:  17%|█▋        | 4469/25834 [3:05:35 > 38:56]
SOAP:  17%|█▋        | 4470/25834 [3:05:30 > 38:56]
SOAP:  17%|█▋        | 4471/25834 [3:05:23 > 38:57]
SOAP:  17%|█▋        | 4472/25834 [3:05:26 > 38:57]
SOAP:  17%|█▋        | 4473/25834 [3:05:17 > 38:58]
SOAP:  17%|█▋        | 4474/25834 [3:05:23 > 38:58]
SOAP:  17%|█▋        | 4475/25834 [3:05:15 > 38:59]
SOAP:  17%|█▋        | 4476/25834 [3:05:21 > 38:59]
SOAP:  17%|█▋        | 4477/25834 [3:05:15 > 39:00]
SOAP:  17%|█▋        | 4478/25834 [3:05:17 > 39:00]
SOAP:  17%|█▋        | 4479/25834 [3:05:17 > 39:01]
SOAP:  17%|█▋        | 4480/25834 [3:05:20 > 39:01]
SOAP:  17%|█▋        | 4481/25834 [3:05:13 > 39:02]
SOAP:  17%|█▋        | 4482/25834 [3:05:22 > 39:02]
SOAP:  17%|█▋        | 4483/25834 [3:05:16 > 39:03]
SOAP:  17%|█▋        | 4484/25834 [3:05:23 > 39:04]
SOAP:  17%|█▋        | 4485/25834 [3:05:20 > 39:04]
SOAP:  17%|█▋        | 4486/25834 [3:05:37 > 39:05]
SOAP:  17%|█▋        | 4487/25834 [3:05:25 > 39:05]
SOAP:  17%|█▋        | 4488/25834 [3:05:29 > 39:06]
SOAP:  17%|█▋        | 4489/25834 [3:05:19 > 39:06]
SOAP:  17%|█▋        | 4490/25834 [3:05:21 > 39:07]
SOAP:  17%|█▋        | 4491/25834 [3:05:18 > 39:07]
SOAP:  17%|█▋        | 4492/25834 [3:05:20 > 39:08]
SOAP:  17%|█▋        | 4493/25834 [3:05:15 > 39:08]
SOAP:  17%|█▋        | 4494/25834 [3:05:17 > 39:09]
SOAP:  17%|█▋        | 4495/25834 [3:03:45 > 39:09]
SOAP:  17%|█▋        | 4496/25834 [3:05:33 > 39:10]
SOAP:  17%|█▋        | 4497/25834 [3:05:24 > 39:10]
SOAP:  17%|█▋        | 4498/25834 [3:05:21 > 39:11]
SOAP:  17%|█▋        | 4499/25834 [3:05:13 > 39:11]
SOAP:  17%|█▋        | 4500/25834 [3:05:13 > 39:12]
SOAP:  17%|█▋        | 4501/25834 [3:06:35 > 39:12]
SOAP:  17%|█▋        | 4502/25834 [3:04:19 > 39:13]
SOAP:  17%|█▋        | 4503/25834 [3:06:03 > 39:13]
SOAP:  17%|█▋        | 4504/25834 [3:05:41 > 39:14]
SOAP:  17%|█▋        | 4505/25834 [3:05:33 > 39:14]
SOAP:  17%|█▋        | 4506/25834 [3:05:30 > 39:15]
SOAP:  17%|█▋        | 4507/25834 [3:05:22 > 39:15]
SOAP:  17%|█▋        | 4508/25834 [3:05:15 > 39:16]
SOAP:  17%|█▋        | 4509/25834 [3:05:18 > 39:17]
SOAP:  17%|█▋        | 4510/25834 [3:05:08 > 39:17]
SOAP:  17%|█▋        | 4511/25834 [3:05:12 > 39:18]
SOAP:  17%|█▋        | 4512/25834 [3:03:38 > 39:18]
SOAP:  17%|█▋        | 4513/25834 [3:05:32 > 39:19]
SOAP:  17%|█▋        | 4514/25834 [3:05:20 > 39:19]
SOAP:  17%|█▋        | 4515/25834 [3:05:11 > 39:20]
SOAP:  17%|█▋        | 4516/25834 [3:05:15 > 39:20]
SOAP:  17%|█▋        | 4517/25834 [3:05:14 > 39:21]
SOAP:  17%|█▋        | 4518/25834 [3:05:17 > 39:21]
SOAP:  17%|█▋        | 4519/25834 [3:05:07 > 39:22]
SOAP:  17%|█▋        | 4520/25834 [3:05:06 > 39:22]
SOAP:  18%|█▊        | 4521/25834 [3:05:03 > 39:23]
SOAP:  18%|█▊        | 4522/25834 [3:03:35 > 39:23]
SOAP:  18%|█▊        | 4523/25834 [3:05:30 > 39:24]
SOAP:  18%|█▊        | 4524/25834 [3:03:47 > 39:24]
SOAP:  18%|█▊        | 4525/25834 [3:05:46 > 39:25]
SOAP:  18%|█▊        | 4526/25834 [3:04:40 > 39:25]
SOAP:  18%|█▊        | 4527/25834 [3:06:05 > 39:26]
SOAP:  18%|█▊        | 4528/25834 [3:05:37 > 39:26]
SOAP:  18%|█▊        | 4529/25834 [3:05:26 > 39:27]
SOAP:  18%|█▊        | 4530/25834 [3:05:18 > 39:27]
SOAP:  18%|█▊        | 4531/25834 [3:05:10 > 39:28]
SOAP:  18%|█▊        | 4532/25834 [3:05:02 > 39:29]
SOAP:  18%|█▊        | 4533/25834 [3:04:53 > 39:29]
SOAP:  18%|█▊        | 4534/25834 [3:04:49 > 39:30]
SOAP:  18%|█▊        | 4535/25834 [3:04:50 > 39:30]
SOAP:  18%|█▊        | 4536/25834 [3:04:45 > 39:31]
SOAP:  18%|█▊        | 4537/25834 [3:04:00 > 39:31]
SOAP:  18%|█▊        | 4538/25834 [3:03:42 > 39:32]
SOAP:  18%|█▊        | 4539/25834 [3:04:04 > 39:32]
SOAP:  18%|█▊        | 4540/25834 [3:05:42 > 39:33]
SOAP:  18%|█▊        | 4541/25834 [3:05:28 > 39:33]
SOAP:  18%|█▊        | 4542/25834 [3:05:13 > 39:34]
SOAP:  18%|█▊        | 4543/25834 [3:03:39 > 39:34]
SOAP:  18%|█▊        | 4544/25834 [3:05:25 > 39:35]
SOAP:  18%|█▊        | 4545/25834 [3:05:13 > 39:35]
SOAP:  18%|█▊        | 4546/25834 [3:04:58 > 39:36]
SOAP:  18%|█▊        | 4547/25834 [3:04:55 > 39:36]
SOAP:  18%|█▊        | 4548/25834 [3:04:55 > 39:37]
SOAP:  18%|█▊        | 4549/25834 [3:04:50 > 39:37]
SOAP:  18%|█▊        | 4550/25834 [3:04:44 > 39:38]
SOAP:  18%|█▊        | 4551/25834 [3:04:42 > 39:38]
SOAP:  18%|█▊        | 4552/25834 [3:04:41 > 39:39]
SOAP:  18%|█▊        | 4553/25834 [3:04:38 > 39:39]
SOAP:  18%|█▊        | 4554/25834 [3:04:40 > 39:40]
SOAP:  18%|█▊        | 4555/25834 [3:04:40 > 39:40]
SOAP:  18%|█▊        | 4556/25834 [3:04:48 > 39:41]
SOAP:  18%|█▊        | 4557/25834 [3:04:41 > 39:42]
SOAP:  18%|█▊        | 4558/25834 [3:04:40 > 39:42]
SOAP:  18%|█▊        | 4559/25834 [3:04:35 > 39:43]
SOAP:  18%|█▊        | 4560/25834 [3:04:40 > 39:43]
SOAP:  18%|█▊        | 4561/25834 [3:04:53 > 39:44]
SOAP:  18%|█▊        | 4562/25834 [3:05:20 > 39:44]
SOAP:  18%|█▊        | 4563/25834 [3:03:34 > 39:45]
SOAP:  18%|█▊        | 4564/25834 [3:05:36 > 39:45]
SOAP:  18%|█▊        | 4565/25834 [3:05:21 > 39:46]
SOAP:  18%|█▊        | 4566/25834 [3:05:05 > 39:46]
SOAP:  18%|█▊        | 4567/25834 [3:05:01 > 39:47]
SOAP:  18%|█▊        | 4568/25834 [3:04:58 > 39:47]
SOAP:  18%|█▊        | 4569/25834 [3:04:50 > 39:48]
SOAP:  18%|█▊        | 4570/25834 [3:04:41 > 39:48]
SOAP:  18%|█▊        | 4571/25834 [3:04:44 > 39:49]
SOAP:  18%|█▊        | 4572/25834 [3:05:02 > 39:49]
SOAP:  18%|█▊        | 4573/25834 [3:04:51 > 39:50]
SOAP:  18%|█▊        | 4574/25834 [3:04:48 > 39:50]
SOAP:  18%|█▊        | 4575/25834 [3:05:04 > 39:51]
SOAP:  18%|█▊        | 4576/25834 [3:05:24 > 39:51]
SOAP:  18%|█▊        | 4577/25834 [3:05:04 > 39:52]
SOAP:  18%|█▊        | 4578/25834 [3:05:00 > 39:52]
SOAP:  18%|█▊        | 4579/25834 [3:04:43 > 39:53]
SOAP:  18%|█▊        | 4580/25834 [3:04:47 > 39:54]
SOAP:  18%|█▊        | 4581/25834 [3:04:35 > 39:54]
SOAP:  18%|█▊        | 4582/25834 [3:04:36 > 39:55]
SOAP:  18%|█▊        | 4583/25834 [3:04:33 > 39:55]
SOAP:  18%|█▊        | 4584/25834 [3:04:34 > 39:56]
SOAP:  18%|█▊        | 4585/25834 [3:04:29 > 39:56]
SOAP:  18%|█▊        | 4586/25834 [3:04:27 > 39:57]
SOAP:  18%|█▊        | 4587/25834 [3:04:27 > 39:57]
SOAP:  18%|█▊        | 4588/25834 [3:04:38 > 39:58]
SOAP:  18%|█▊        | 4589/25834 [3:04:25 > 39:58]
SOAP:  18%|█▊        | 4590/25834 [3:04:16 > 39:59]
SOAP:  18%|█▊        | 4591/25834 [3:04:28 > 39:59]
SOAP:  18%|█▊        | 4592/25834 [3:04:58 > 40:00]
SOAP:  18%|█▊        | 4593/25834 [3:04:46 > 40:00]
SOAP:  18%|█▊        | 4594/25834 [3:04:39 > 40:01]
SOAP:  18%|█▊        | 4595/25834 [3:04:35 > 40:01]
SOAP:  18%|█▊        | 4596/25834 [3:04:32 > 40:02]
SOAP:  18%|█▊        | 4597/25834 [3:04:19 > 40:02]
SOAP:  18%|█▊        | 4598/25834 [3:04:20 > 40:03]
SOAP:  18%|█▊        | 4599/25834 [3:04:18 > 40:03]
SOAP:  18%|█▊        | 4600/25834 [3:04:17 > 40:04]
SOAP:  18%|█▊        | 4601/25834 [3:05:59 > 40:04]
SOAP:  18%|█▊        | 4602/25834 [3:04:39 > 40:05]
SOAP:  18%|█▊        | 4603/25834 [3:05:17 > 40:06]
SOAP:  18%|█▊        | 4604/25834 [3:05:36 > 40:06]
SOAP:  18%|█▊        | 4605/25834 [3:05:41 > 40:07]
SOAP:  18%|█▊        | 4606/25834 [3:05:50 > 40:07]
SOAP:  18%|█▊        | 4607/25834 [3:06:12 > 40:08]
SOAP:  18%|█▊        | 4608/25834 [3:06:11 > 40:08]
SOAP:  18%|█▊        | 4609/25834 [3:06:06 > 40:09]
SOAP:  18%|█▊        | 4610/25834 [3:06:08 > 40:09]
SOAP:  18%|█▊        | 4611/25834 [3:06:07 > 40:10]
SOAP:  18%|█▊        | 4612/25834 [3:06:16 > 40:10]
SOAP:  18%|█▊        | 4613/25834 [3:06:07 > 40:11]
SOAP:  18%|█▊        | 4614/25834 [3:06:08 > 40:11]
SOAP:  18%|█▊        | 4615/25834 [3:06:18 > 40:12]
SOAP:  18%|█▊        | 4616/25834 [3:05:49 > 40:12]
SOAP:  18%|█▊        | 4617/25834 [3:05:39 > 40:13]
SOAP:  18%|█▊        | 4618/25834 [3:05:57 > 40:13]
SOAP:  18%|█▊        | 4619/25834 [3:05:57 > 40:14]
SOAP:  18%|█▊        | 4620/25834 [3:05:59 > 40:14]
SOAP:  18%|█▊        | 4621/25834 [3:04:28 > 40:15]
SOAP:  18%|█▊        | 4622/25834 [3:05:57 > 40:16]
SOAP:  18%|█▊        | 4623/25834 [3:03:53 > 40:16]
SOAP:  18%|█▊        | 4624/25834 [3:05:35 > 40:17]
SOAP:  18%|█▊        | 4625/25834 [3:05:50 > 40:17]
SOAP:  18%|█▊        | 4626/25834 [3:06:00 > 40:18]
SOAP:  18%|█▊        | 4627/25834 [3:05:56 > 40:18]
SOAP:  18%|█▊        | 4628/25834 [3:06:00 > 40:19]
SOAP:  18%|█▊        | 4629/25834 [3:06:08 > 40:19]
SOAP:  18%|█▊        | 4630/25834 [3:06:00 > 40:20]
SOAP:  18%|█▊        | 4631/25834 [3:05:56 > 40:20]
SOAP:  18%|█▊        | 4632/25834 [3:06:37 > 40:21]
SOAP:  18%|█▊        | 4633/25834 [3:05:52 > 40:21]
SOAP:  18%|█▊        | 4634/25834 [3:05:51 > 40:22]
SOAP:  18%|█▊        | 4635/25834 [3:05:35 > 40:22]
SOAP:  18%|█▊        | 4636/25834 [3:05:17 > 40:23]
SOAP:  18%|█▊        | 4637/25834 [3:05:34 > 40:23]
SOAP:  18%|█▊        | 4638/25834 [3:05:34 > 40:24]
SOAP:  18%|█▊        | 4639/25834 [3:05:42 > 40:24]
SOAP:  18%|█▊        | 4640/25834 [3:06:00 > 40:25]
SOAP:  18%|█▊        | 4641/25834 [3:05:57 > 40:26]
SOAP:  18%|█▊        | 4642/25834 [3:05:53 > 40:26]
SOAP:  18%|█▊        | 4643/25834 [3:05:53 > 40:27]
SOAP:  18%|█▊        | 4644/25834 [3:05:57 > 40:27]
SOAP:  18%|█▊        | 4645/25834 [3:06:04 > 40:28]
SOAP:  18%|█▊        | 4646/25834 [3:05:58 > 40:28]
SOAP:  18%|█▊        | 4647/25834 [3:06:01 > 40:29]
SOAP:  18%|█▊        | 4648/25834 [3:06:05 > 40:29]
SOAP:  18%|█▊        | 4649/25834 [3:06:00 > 40:30]
SOAP:  18%|█▊        | 4650/25834 [3:05:50 > 40:30]
SOAP:  18%|█▊        | 4651/25834 [3:05:48 > 40:31]
SOAP:  18%|█▊        | 4652/25834 [3:05:54 > 40:31]
SOAP:  18%|█▊        | 4653/25834 [3:05:43 > 40:32]
SOAP:  18%|█▊        | 4654/25834 [3:05:16 > 40:32]
SOAP:  18%|█▊        | 4655/25834 [3:05:23 > 40:33]
SOAP:  18%|█▊        | 4656/25834 [3:05:34 > 40:33]
SOAP:  18%|█▊        | 4657/25834 [3:05:38 > 40:34]
SOAP:  18%|█▊        | 4658/25834 [3:05:39 > 40:34]
SOAP:  18%|█▊        | 4659/25834 [3:05:43 > 40:35]
SOAP:  18%|█▊        | 4660/25834 [3:05:50 > 40:36]
SOAP:  18%|█▊        | 4661/25834 [3:05:53 > 40:36]
SOAP:  18%|█▊        | 4662/25834 [3:05:49 > 40:37]
SOAP:  18%|█▊        | 4663/25834 [3:05:48 > 40:37]
SOAP:  18%|█▊        | 4664/25834 [3:05:48 > 40:38]
SOAP:  18%|█▊        | 4665/25834 [3:05:55 > 40:38]
SOAP:  18%|█▊        | 4666/25834 [3:05:47 > 40:39]
SOAP:  18%|█▊        | 4667/25834 [3:05:43 > 40:39]
SOAP:  18%|█▊        | 4668/25834 [3:05:43 > 40:40]
SOAP:  18%|█▊        | 4669/25834 [3:05:55 > 40:40]
SOAP:  18%|█▊        | 4670/25834 [3:05:44 > 40:41]
SOAP:  18%|█▊        | 4671/25834 [3:05:41 > 40:41]
SOAP:  18%|█▊        | 4672/25834 [3:05:43 > 40:42]
SOAP:  18%|█▊        | 4673/25834 [3:05:49 > 40:42]
SOAP:  18%|█▊        | 4674/25834 [3:05:44 > 40:43]
SOAP:  18%|█▊        | 4675/25834 [3:05:34 > 40:43]
SOAP:  18%|█▊        | 4676/25834 [3:05:05 > 40:44]
SOAP:  18%|█▊        | 4677/25834 [3:05:15 > 40:44]
SOAP:  18%|█▊        | 4678/25834 [3:05:19 > 40:45]
SOAP:  18%|█▊        | 4679/25834 [3:05:57 > 40:46]
SOAP:  18%|█▊        | 4680/25834 [3:05:40 > 40:46]
SOAP:  18%|█▊        | 4681/25834 [3:05:46 > 40:47]
SOAP:  18%|█▊        | 4682/25834 [3:05:43 > 40:47]
SOAP:  18%|█▊        | 4683/25834 [3:05:47 > 40:48]
SOAP:  18%|█▊        | 4684/25834 [3:05:36 > 40:48]
SOAP:  18%|█▊        | 4685/25834 [3:05:38 > 40:49]
SOAP:  18%|█▊        | 4686/25834 [3:05:35 > 40:49]
SOAP:  18%|█▊        | 4687/25834 [3:05:43 > 40:50]
SOAP:  18%|█▊        | 4688/25834 [3:05:39 > 40:50]
SOAP:  18%|█▊        | 4689/25834 [3:05:34 > 40:51]
SOAP:  18%|█▊        | 4690/25834 [3:05:35 > 40:51]
SOAP:  18%|█▊        | 4691/25834 [3:05:37 > 40:52]
SOAP:  18%|█▊        | 4692/25834 [3:05:32 > 40:52]
SOAP:  18%|█▊        | 4693/25834 [3:05:27 > 40:53]
SOAP:  18%|█▊        | 4694/25834 [3:05:27 > 40:53]
SOAP:  18%|█▊        | 4695/25834 [3:05:31 > 40:54]
SOAP:  18%|█▊        | 4696/25834 [3:05:40 > 40:54]
SOAP:  18%|█▊        | 4697/25834 [3:05:29 > 40:55]
SOAP:  18%|█▊        | 4698/25834 [3:03:39 > 40:56]
SOAP:  18%|█▊        | 4699/25834 [3:05:20 > 40:56]
SOAP:  18%|█▊        | 4700/25834 [3:05:17 > 40:57]
SOAP:  18%|█▊        | 4701/25834 [3:06:12 > 40:57]
SOAP:  18%|█▊        | 4702/25834 [3:06:07 > 40:58]
SOAP:  18%|█▊        | 4703/25834 [3:05:55 > 40:58]
SOAP:  18%|█▊        | 4704/25834 [3:06:32 > 40:59]
SOAP:  18%|█▊        | 4705/25834 [3:05:20 > 40:59]
SOAP:  18%|█▊        | 4706/25834 [3:04:56 > 41:00]
SOAP:  18%|█▊        | 4707/25834 [3:05:04 > 41:00]
SOAP:  18%|█▊        | 4708/25834 [3:05:05 > 41:01]
SOAP:  18%|█▊        | 4709/25834 [3:05:15 > 41:01]
SOAP:  18%|█▊        | 4710/25834 [3:05:20 > 41:02]
SOAP:  18%|█▊        | 4711/25834 [3:06:14 > 41:02]
SOAP:  18%|█▊        | 4712/25834 [3:05:02 > 41:03]
SOAP:  18%|█▊        | 4713/25834 [3:05:11 > 41:03]
SOAP:  18%|█▊        | 4714/25834 [3:05:22 > 41:04]
SOAP:  18%|█▊        | 4715/25834 [3:03:43 > 41:04]
SOAP:  18%|█▊        | 4716/25834 [3:05:06 > 41:05]
SOAP:  18%|█▊        | 4717/25834 [3:06:10 > 41:06]
SOAP:  18%|█▊        | 4718/25834 [3:04:46 > 41:06]
SOAP:  18%|█▊        | 4719/25834 [3:04:27 > 41:07]
SOAP:  18%|█▊        | 4720/25834 [3:04:41 > 41:07]
SOAP:  18%|█▊        | 4721/25834 [3:04:46 > 41:08]
SOAP:  18%|█▊        | 4722/25834 [3:04:50 > 41:08]
SOAP:  18%|█▊        | 4723/25834 [3:05:00 > 41:09]
SOAP:  18%|█▊        | 4724/25834 [3:05:04 > 41:09]
SOAP:  18%|█▊        | 4725/25834 [3:05:11 > 41:10]
SOAP:  18%|█▊        | 4726/25834 [3:05:08 > 41:10]
SOAP:  18%|█▊        | 4727/25834 [3:05:07 > 41:11]
SOAP:  18%|█▊        | 4728/25834 [3:05:12 > 41:11]
SOAP:  18%|█▊        | 4729/25834 [3:05:11 > 41:12]
SOAP:  18%|█▊        | 4730/25834 [3:05:17 > 41:12]
SOAP:  18%|█▊        | 4731/25834 [3:05:09 > 41:13]
SOAP:  18%|█▊        | 4732/25834 [3:05:08 > 41:13]
SOAP:  18%|█▊        | 4733/25834 [3:05:12 > 41:14]
SOAP:  18%|█▊        | 4734/25834 [3:05:06 > 41:14]
SOAP:  18%|█▊        | 4735/25834 [3:05:14 > 41:15]
SOAP:  18%|█▊        | 4736/25834 [3:05:10 > 41:16]
SOAP:  18%|█▊        | 4737/25834 [3:05:13 > 41:16]
SOAP:  18%|█▊        | 4738/25834 [3:05:46 > 41:17]
SOAP:  18%|█▊        | 4739/25834 [3:05:45 > 41:17]
SOAP:  18%|█▊        | 4740/25834 [3:06:00 > 41:18]
SOAP:  18%|█▊        | 4741/25834 [3:05:59 > 41:18]
SOAP:  18%|█▊        | 4742/25834 [3:05:49 > 41:19]
SOAP:  18%|█▊        | 4743/25834 [3:05:27 > 41:19]
SOAP:  18%|█▊        | 4744/25834 [3:05:16 > 41:20]
SOAP:  18%|█▊        | 4745/25834 [3:05:14 > 41:20]
SOAP:  18%|█▊        | 4746/25834 [3:03:38 > 41:21]
SOAP:  18%|█▊        | 4747/25834 [3:05:05 > 41:21]
SOAP:  18%|█▊        | 4748/25834 [3:05:07 > 41:22]
SOAP:  18%|█▊        | 4749/25834 [3:05:10 > 41:22]
SOAP:  18%|█▊        | 4750/25834 [3:05:12 > 41:23]
SOAP:  18%|█▊        | 4751/25834 [3:05:03 > 41:23]
SOAP:  18%|█▊        | 4752/25834 [3:04:58 > 41:24]
SOAP:  18%|█▊        | 4753/25834 [3:04:58 > 41:24]
SOAP:  18%|█▊        | 4754/25834 [3:05:01 > 41:25]
SOAP:  18%|█▊        | 4755/25834 [3:05:06 > 41:26]
SOAP:  18%|█▊        | 4756/25834 [3:04:55 > 41:26]
SOAP:  18%|█▊        | 4757/25834 [3:04:59 > 41:27]
SOAP:  18%|█▊        | 4758/25834 [3:05:00 > 41:27]
SOAP:  18%|█▊        | 4759/25834 [3:05:07 > 41:28]
SOAP:  18%|█▊        | 4760/25834 [3:04:59 > 41:28]
SOAP:  18%|█▊        | 4761/25834 [3:04:59 > 41:29]
SOAP:  18%|█▊        | 4762/25834 [3:04:57 > 41:29]
SOAP:  18%|█▊        | 4763/25834 [3:04:50 > 41:30]
SOAP:  18%|█▊        | 4764/25834 [3:04:57 > 41:30]
SOAP:  18%|█▊        | 4765/25834 [3:04:50 > 41:31]
SOAP:  18%|█▊        | 4766/25834 [3:04:46 > 41:31]
SOAP:  18%|█▊        | 4767/25834 [3:04:48 > 41:32]
SOAP:  18%|█▊        | 4768/25834 [3:04:58 > 41:32]
SOAP:  18%|█▊        | 4769/25834 [3:04:55 > 41:33]
SOAP:  18%|█▊        | 4770/25834 [3:04:50 > 41:33]
SOAP:  18%|█▊        | 4771/25834 [3:04:49 > 41:34]
SOAP:  18%|█▊        | 4772/25834 [3:05:04 > 41:34]
SOAP:  18%|█▊        | 4773/25834 [3:04:55 > 41:35]
SOAP:  18%|█▊        | 4774/25834 [3:04:51 > 41:36]
SOAP:  18%|█▊        | 4775/25834 [3:04:44 > 41:36]
SOAP:  18%|█▊        | 4776/25834 [3:04:47 > 41:37]
SOAP:  18%|█▊        | 4777/25834 [3:04:56 > 41:37]
SOAP:  18%|█▊        | 4778/25834 [3:04:48 > 41:38]
SOAP:  18%|█▊        | 4779/25834 [3:04:44 > 41:38]
SOAP:  19%|█▊        | 4780/25834 [3:04:52 > 41:39]
SOAP:  19%|█▊        | 4781/25834 [3:04:56 > 41:39]
SOAP:  19%|█▊        | 4782/25834 [3:04:49 > 41:40]
SOAP:  19%|█▊        | 4783/25834 [3:04:48 > 41:40]
SOAP:  19%|█▊        | 4784/25834 [3:04:48 > 41:41]
SOAP:  19%|█▊        | 4785/25834 [3:04:57 > 41:41]
SOAP:  19%|█▊        | 4786/25834 [3:04:38 > 41:42]
SOAP:  19%|█▊        | 4787/25834 [3:04:35 > 41:42]
SOAP:  19%|█▊        | 4788/25834 [3:04:33 > 41:43]
SOAP:  19%|█▊        | 4789/25834 [3:04:52 > 41:43]
SOAP:  19%|█▊        | 4790/25834 [3:04:43 > 41:44]
SOAP:  19%|█▊        | 4791/25834 [3:04:37 > 41:45]
SOAP:  19%|█▊        | 4792/25834 [3:04:35 > 41:45]
SOAP:  19%|█▊        | 4793/25834 [3:04:50 > 41:46]
SOAP:  19%|█▊        | 4794/25834 [3:03:01 > 41:46]
SOAP:  19%|█▊        | 4795/25834 [3:04:44 > 41:47]
SOAP:  19%|█▊        | 4796/25834 [3:04:35 > 41:47]
SOAP:  19%|█▊        | 4797/25834 [3:04:55 > 41:48]
SOAP:  19%|█▊        | 4798/25834 [3:05:12 > 41:48]
SOAP:  19%|█▊        | 4799/25834 [3:05:07 > 41:49]
SOAP:  19%|█▊        | 4800/25834 [3:05:21 > 41:49]
SOAP:  19%|█▊        | 4801/25834 [3:06:00 > 41:50]
SOAP:  19%|█▊        | 4802/25834 [3:05:47 > 41:50]
SOAP:  19%|█▊        | 4803/25834 [3:05:16 > 41:51]
SOAP:  19%|█▊        | 4804/25834 [3:05:02 > 41:51]
SOAP:  19%|█▊        | 4805/25834 [3:04:55 > 41:52]
SOAP:  19%|█▊        | 4806/25834 [3:04:47 > 41:52]
SOAP:  19%|█▊        | 4807/25834 [3:04:38 > 41:53]
SOAP:  19%|█▊        | 4808/25834 [3:04:33 > 41:53]
SOAP:  19%|█▊        | 4809/25834 [3:04:30 > 41:54]
SOAP:  19%|█▊        | 4810/25834 [3:04:34 > 41:55]
SOAP:  19%|█▊        | 4811/25834 [3:04:26 > 41:55]
SOAP:  19%|█▊        | 4812/25834 [3:04:21 > 41:56]
SOAP:  19%|█▊        | 4813/25834 [3:02:51 > 41:56]
SOAP:  19%|█▊        | 4814/25834 [3:04:16 > 41:57]
SOAP:  19%|█▊        | 4815/25834 [3:04:13 > 41:57]
SOAP:  19%|█▊        | 4816/25834 [3:04:21 > 41:58]
SOAP:  19%|█▊        | 4817/25834 [3:04:31 > 41:58]
SOAP:  19%|█▊        | 4818/25834 [3:04:16 > 41:59]
SOAP:  19%|█▊        | 4819/25834 [3:03:57 > 41:59]
SOAP:  19%|█▊        | 4820/25834 [3:03:59 > 42:00]
SOAP:  19%|█▊        | 4821/25834 [3:04:08 > 42:00]
SOAP:  19%|█▊        | 4822/25834 [3:04:14 > 42:01]
SOAP:  19%|█▊        | 4823/25834 [3:04:24 > 42:01]
SOAP:  19%|█▊        | 4824/25834 [3:04:18 > 42:02]
SOAP:  19%|█▊        | 4825/25834 [3:04:23 > 42:02]
SOAP:  19%|█▊        | 4826/25834 [3:04:20 > 42:03]
SOAP:  19%|█▊        | 4827/25834 [3:04:25 > 42:03]
SOAP:  19%|█▊        | 4828/25834 [3:04:21 > 42:04]
SOAP:  19%|█▊        | 4829/25834 [3:04:24 > 42:05]
SOAP:  19%|█▊        | 4830/25834 [3:04:32 > 42:05]
SOAP:  19%|█▊        | 4831/25834 [3:04:21 > 42:06]
SOAP:  19%|█▊        | 4832/25834 [3:04:10 > 42:06]
SOAP:  19%|█▊        | 4833/25834 [3:04:14 > 42:07]
SOAP:  19%|█▊        | 4834/25834 [3:04:19 > 42:07]
SOAP:  19%|█▊        | 4835/25834 [3:04:18 > 42:08]
SOAP:  19%|█▊        | 4836/25834 [3:04:13 > 42:08]
SOAP:  19%|█▊        | 4837/25834 [3:04:10 > 42:09]
SOAP:  19%|█▊        | 4838/25834 [3:04:11 > 42:09]
SOAP:  19%|█▊        | 4839/25834 [3:04:12 > 42:10]
SOAP:  19%|█▊        | 4840/25834 [3:04:21 > 42:10]
SOAP:  19%|█▊        | 4841/25834 [3:04:13 > 42:11]
SOAP:  19%|█▊        | 4842/25834 [3:04:16 > 42:11]
SOAP:  19%|█▊        | 4843/25834 [3:04:16 > 42:12]
SOAP:  19%|█▉        | 4844/25834 [3:04:17 > 42:12]
SOAP:  19%|█▉        | 4845/25834 [3:04:08 > 42:13]
SOAP:  19%|█▉        | 4846/25834 [3:04:07 > 42:13]
SOAP:  19%|█▉        | 4847/25834 [3:04:07 > 42:14]
SOAP:  19%|█▉        | 4848/25834 [3:04:20 > 42:15]
SOAP:  19%|█▉        | 4849/25834 [3:04:19 > 42:15]
SOAP:  19%|█▉        | 4850/25834 [3:04:16 > 42:16]
SOAP:  19%|█▉        | 4851/25834 [3:04:21 > 42:16]
SOAP:  19%|█▉        | 4852/25834 [3:04:22 > 42:17]
SOAP:  19%|█▉        | 4853/25834 [3:04:08 > 42:17]
SOAP:  19%|█▉        | 4854/25834 [3:04:13 > 42:18]
SOAP:  19%|█▉        | 4855/25834 [3:04:06 > 42:18]
SOAP:  19%|█▉        | 4856/25834 [3:04:11 > 42:19]
SOAP:  19%|█▉        | 4857/25834 [3:04:03 > 42:19]
SOAP:  19%|█▉        | 4858/25834 [3:04:22 > 42:20]
SOAP:  19%|█▉        | 4859/25834 [3:04:37 > 42:20]
SOAP:  19%|█▉        | 4860/25834 [3:04:21 > 42:21]
SOAP:  19%|█▉        | 4861/25834 [3:04:21 > 42:21]
SOAP:  19%|█▉        | 4862/25834 [3:04:21 > 42:22]
SOAP:  19%|█▉        | 4863/25834 [3:04:10 > 42:22]
SOAP:  19%|█▉        | 4864/25834 [3:04:03 > 42:23]
SOAP:  19%|█▉        | 4865/25834 [3:04:07 > 42:23]
SOAP:  19%|█▉        | 4866/25834 [3:04:12 > 42:24]
SOAP:  19%|█▉        | 4867/25834 [3:04:04 > 42:25]
SOAP:  19%|█▉        | 4868/25834 [3:03:52 > 42:25]
SOAP:  19%|█▉        | 4869/25834 [3:03:18 > 42:26]
SOAP:  19%|█▉        | 4870/25834 [3:02:54 > 42:26]
SOAP:  19%|█▉        | 4871/25834 [3:01:23 > 42:27]
SOAP:  19%|█▉        | 4872/25834 [3:02:46 > 42:27]
SOAP:  19%|█▉        | 4873/25834 [3:02:33 > 42:28]
SOAP:  19%|█▉        | 4874/25834 [3:02:19 > 42:28]
SOAP:  19%|█▉        | 4875/25834 [3:02:15 > 42:29]
SOAP:  19%|█▉        | 4876/25834 [3:02:06 > 42:29]
SOAP:  19%|█▉        | 4877/25834 [3:01:56 > 42:30]
SOAP:  19%|█▉        | 4878/25834 [3:01:54 > 42:30]
SOAP:  19%|█▉        | 4879/25834 [3:01:49 > 42:31]
SOAP:  19%|█▉        | 4880/25834 [3:01:52 > 42:31]
SOAP:  19%|█▉        | 4881/25834 [3:01:55 > 42:32]
SOAP:  19%|█▉        | 4882/25834 [3:01:55 > 42:32]
SOAP:  19%|█▉        | 4883/25834 [3:01:51 > 42:33]
SOAP:  19%|█▉        | 4884/25834 [3:01:50 > 42:33]
SOAP:  19%|█▉        | 4885/25834 [3:01:53 > 42:34]
SOAP:  19%|█▉        | 4886/25834 [3:01:51 > 42:34]
SOAP:  19%|█▉        | 4887/25834 [3:01:47 > 42:35]
SOAP:  19%|█▉        | 4888/25834 [3:01:49 > 42:35]
SOAP:  19%|█▉        | 4889/25834 [3:01:47 > 42:36]
SOAP:  19%|█▉        | 4890/25834 [3:01:48 > 42:37]
SOAP:  19%|█▉        | 4891/25834 [3:01:50 > 42:37]
SOAP:  19%|█▉        | 4892/25834 [3:01:47 > 42:38]
SOAP:  19%|█▉        | 4893/25834 [3:01:39 > 42:38]
SOAP:  19%|█▉        | 4894/25834 [3:01:39 > 42:39]
SOAP:  19%|█▉        | 4895/25834 [3:01:39 > 42:39]
SOAP:  19%|█▉        | 4896/25834 [3:01:47 > 42:40]
SOAP:  19%|█▉        | 4897/25834 [3:01:44 > 42:40]
SOAP:  19%|█▉        | 4898/25834 [3:01:46 > 42:41]
SOAP:  19%|█▉        | 4899/25834 [3:01:22 > 42:41]
SOAP:  19%|█▉        | 4900/25834 [3:01:44 > 42:42]
SOAP:  19%|█▉        | 4901/25834 [3:03:30 > 42:42]
SOAP:  19%|█▉        | 4902/25834 [3:02:07 > 42:43]
SOAP:  19%|█▉        | 4903/25834 [3:01:59 > 42:43]
SOAP:  19%|█▉        | 4904/25834 [3:01:55 > 42:44]
SOAP:  19%|█▉        | 4905/25834 [3:01:46 > 42:44]
SOAP:  19%|█▉        | 4906/25834 [3:01:38 > 42:45]
SOAP:  19%|█▉        | 4907/25834 [3:01:40 > 42:45]
SOAP:  19%|█▉        | 4908/25834 [3:01:35 > 42:46]
SOAP:  19%|█▉        | 4909/25834 [3:01:44 > 42:46]
SOAP:  19%|█▉        | 4910/25834 [3:01:32 > 42:47]
SOAP:  19%|█▉        | 4911/25834 [3:01:36 > 42:47]
SOAP:  19%|█▉        | 4912/25834 [3:01:21 > 42:48]
SOAP:  19%|█▉        | 4913/25834 [3:01:28 > 42:49]
SOAP:  19%|█▉        | 4914/25834 [3:00:03 > 42:49]
SOAP:  19%|█▉        | 4915/25834 [3:02:05 > 42:50]
SOAP:  19%|█▉        | 4916/25834 [3:02:26 > 42:50]
SOAP:  19%|█▉        | 4917/25834 [3:02:08 > 42:51]
SOAP:  19%|█▉        | 4918/25834 [3:02:04 > 42:51]
SOAP:  19%|█▉        | 4919/25834 [3:01:51 > 42:52]
SOAP:  19%|█▉        | 4920/25834 [3:01:44 > 42:52]
SOAP:  19%|█▉        | 4921/25834 [3:01:42 > 42:53]
SOAP:  19%|█▉        | 4922/25834 [3:01:47 > 42:53]
SOAP:  19%|█▉        | 4923/25834 [3:01:46 > 42:54]
SOAP:  19%|█▉        | 4924/25834 [3:01:40 > 42:54]
SOAP:  19%|█▉        | 4925/25834 [3:01:37 > 42:55]
SOAP:  19%|█▉        | 4926/25834 [3:01:33 > 42:55]
SOAP:  19%|█▉        | 4927/25834 [3:01:35 > 42:56]
SOAP:  19%|█▉        | 4928/25834 [3:01:29 > 42:56]
SOAP:  19%|█▉        | 4929/25834 [3:00:15 > 42:57]
SOAP:  19%|█▉        | 4930/25834 [3:02:00 > 42:57]
SOAP:  19%|█▉        | 4931/25834 [3:02:19 > 42:58]
SOAP:  19%|█▉        | 4932/25834 [3:00:36 > 42:58]
SOAP:  19%|█▉        | 4933/25834 [3:02:16 > 42:59]
SOAP:  19%|█▉        | 4934/25834 [3:02:03 > 42:59]
SOAP:  19%|█▉        | 4935/25834 [3:01:54 > 43:00]
SOAP:  19%|█▉        | 4936/25834 [3:01:38 > 43:00]
SOAP:  19%|█▉        | 4937/25834 [3:01:26 > 43:01]
SOAP:  19%|█▉        | 4938/25834 [3:00:35 > 43:02]
SOAP:  19%|█▉        | 4939/25834 [3:01:48 > 43:02]
SOAP:  19%|█▉        | 4940/25834 [3:01:42 > 43:03]
SOAP:  19%|█▉        | 4941/25834 [3:01:31 > 43:03]
SOAP:  19%|█▉        | 4942/25834 [3:01:29 > 43:04]
SOAP:  19%|█▉        | 4943/25834 [3:01:23 > 43:04]
SOAP:  19%|█▉        | 4944/25834 [3:01:15 > 43:05]
SOAP:  19%|█▉        | 4945/25834 [3:01:15 > 43:05]
SOAP:  19%|█▉        | 4946/25834 [3:01:19 > 43:06]
SOAP:  19%|█▉        | 4947/25834 [3:01:10 > 43:06]
SOAP:  19%|█▉        | 4948/25834 [3:01:09 > 43:07]
SOAP:  19%|█▉        | 4949/25834 [3:01:13 > 43:07]
SOAP:  19%|█▉        | 4950/25834 [3:01:02 > 43:08]
SOAP:  19%|█▉        | 4951/25834 [3:01:15 > 43:08]
SOAP:  19%|█▉        | 4952/25834 [3:01:08 > 43:09]
SOAP:  19%|█▉        | 4953/25834 [3:01:09 > 43:09]
SOAP:  19%|█▉        | 4954/25834 [3:01:10 > 43:10]
SOAP:  19%|█▉        | 4955/25834 [3:01:26 > 43:10]
SOAP:  19%|█▉        | 4956/25834 [3:01:42 > 43:11]
SOAP:  19%|█▉        | 4957/25834 [3:01:36 > 43:11]
SOAP:  19%|█▉        | 4958/25834 [3:01:05 > 43:12]
SOAP:  19%|█▉        | 4959/25834 [3:01:09 > 43:12]
SOAP:  19%|█▉        | 4960/25834 [3:01:06 > 43:13]
SOAP:  19%|█▉        | 4961/25834 [3:01:08 > 43:14]
SOAP:  19%|█▉        | 4962/25834 [3:01:08 > 43:14]
SOAP:  19%|█▉        | 4963/25834 [3:01:10 > 43:15]
SOAP:  19%|█▉        | 4964/25834 [3:01:19 > 43:15]
SOAP:  19%|█▉        | 4965/25834 [3:01:08 > 43:16]
SOAP:  19%|█▉        | 4966/25834 [3:01:05 > 43:16]
SOAP:  19%|█▉        | 4967/25834 [3:01:01 > 43:17]
SOAP:  19%|█▉        | 4968/25834 [2:59:31 > 43:17]
SOAP:  19%|█▉        | 4969/25834 [3:01:33 > 43:18]
SOAP:  19%|█▉        | 4970/25834 [3:01:22 > 43:18]
SOAP:  19%|█▉        | 4971/25834 [3:01:18 > 43:19]
SOAP:  19%|█▉        | 4972/25834 [3:01:14 > 43:19]
SOAP:  19%|█▉        | 4973/25834 [3:01:12 > 43:20]
SOAP:  19%|█▉        | 4974/25834 [3:01:17 > 43:20]
SOAP:  19%|█▉        | 4975/25834 [3:00:40 > 43:21]
SOAP:  19%|█▉        | 4976/25834 [3:01:00 > 43:21]
SOAP:  19%|█▉        | 4977/25834 [3:00:54 > 43:22]
SOAP:  19%|█▉        | 4978/25834 [3:01:01 > 43:22]
SOAP:  19%|█▉        | 4979/25834 [3:01:04 > 43:23]
SOAP:  19%|█▉        | 4980/25834 [3:01:17 > 43:23]
SOAP:  19%|█▉        | 4981/25834 [3:01:12 > 43:24]
SOAP:  19%|█▉        | 4982/25834 [3:01:03 > 43:24]
SOAP:  19%|█▉        | 4983/25834 [3:00:55 > 43:25]
SOAP:  19%|█▉        | 4984/25834 [3:00:50 > 43:25]
SOAP:  19%|█▉        | 4985/25834 [3:00:45 > 43:26]
SOAP:  19%|█▉        | 4986/25834 [3:00:52 > 43:27]
SOAP:  19%|█▉        | 4987/25834 [3:00:50 > 43:27]
SOAP:  19%|█▉        | 4988/25834 [3:00:59 > 43:28]
SOAP:  19%|█▉        | 4989/25834 [2:59:29 > 43:28]
SOAP:  19%|█▉        | 4990/25834 [3:01:21 > 43:29]
SOAP:  19%|█▉        | 4991/25834 [3:01:10 > 43:29]
SOAP:  19%|█▉        | 4992/25834 [3:01:19 > 43:30]
SOAP:  19%|█▉        | 4993/25834 [3:01:25 > 43:30]
SOAP:  19%|█▉        | 4994/25834 [3:01:22 > 43:31]
SOAP:  19%|█▉        | 4995/25834 [3:01:09 > 43:31]
SOAP:  19%|█▉        | 4996/25834 [3:01:10 > 43:32]
SOAP:  19%|█▉        | 4997/25834 [3:00:59 > 43:32]
SOAP:  19%|█▉        | 4998/25834 [3:00:59 > 43:33]
SOAP:  19%|█▉        | 4999/25834 [3:00:54 > 43:33]
SOAP:  19%|█▉        | 5000/25834 [3:00:51 > 43:34]
SOAP:  19%|█▉        | 5001/25834 [3:02:28 > 43:34]
SOAP:  19%|█▉        | 5002/25834 [3:01:08 > 43:35]
SOAP:  19%|█▉        | 5003/25834 [3:01:03 > 43:35]
SOAP:  19%|█▉        | 5004/25834 [3:01:02 > 43:36]
SOAP:  19%|█▉        | 5005/25834 [3:01:02 > 43:36]
SOAP:  19%|█▉        | 5006/25834 [3:00:51 > 43:37]
SOAP:  19%|█▉        | 5007/25834 [3:00:38 > 43:37]
SOAP:  19%|█▉        | 5008/25834 [3:01:01 > 43:38]
SOAP:  19%|█▉        | 5009/25834 [3:00:54 > 43:39]
SOAP:  19%|█▉        | 5010/25834 [3:00:51 > 43:39]
SOAP:  19%|█▉        | 5011/25834 [3:00:58 > 43:40]
SOAP:  19%|█▉        | 5012/25834 [3:00:47 > 43:40]
SOAP:  19%|█▉        | 5013/25834 [3:00:51 > 43:41]
SOAP:  19%|█▉        | 5014/25834 [3:00:50 > 43:41]
SOAP:  19%|█▉        | 5015/25834 [3:00:45 > 43:42]
SOAP:  19%|█▉        | 5016/25834 [3:00:45 > 43:42]
SOAP:  19%|█▉        | 5017/25834 [3:00:55 > 43:43]
SOAP:  19%|█▉        | 5018/25834 [3:01:13 > 43:43]
SOAP:  19%|█▉        | 5019/25834 [3:00:58 > 43:44]
SOAP:  19%|█▉        | 5020/25834 [3:00:48 > 43:44]
SOAP:  19%|█▉        | 5021/25834 [3:00:50 > 43:45]
SOAP:  19%|█▉        | 5022/25834 [3:00:45 > 43:45]
SOAP:  19%|█▉        | 5023/25834 [3:00:42 > 43:46]
SOAP:  19%|█▉        | 5024/25834 [3:00:46 > 43:46]
SOAP:  19%|█▉        | 5025/25834 [3:00:38 > 43:47]
SOAP:  19%|█▉        | 5026/25834 [2:59:12 > 43:47]
SOAP:  19%|█▉        | 5027/25834 [3:00:57 > 43:48]
SOAP:  19%|█▉        | 5028/25834 [3:00:52 > 43:48]
SOAP:  19%|█▉        | 5029/25834 [3:00:43 > 43:49]
SOAP:  19%|█▉        | 5030/25834 [3:00:42 > 43:49]
SOAP:  19%|█▉        | 5031/25834 [2:59:13 > 43:50]
SOAP:  19%|█▉        | 5032/25834 [3:01:04 > 43:51]
SOAP:  19%|█▉        | 5033/25834 [3:00:56 > 43:51]
SOAP:  19%|█▉        | 5034/25834 [3:00:40 > 43:52]
SOAP:  19%|█▉        | 5035/25834 [3:00:35 > 43:52]
SOAP:  19%|█▉        | 5036/25834 [2:59:12 > 43:53]
SOAP:  19%|█▉        | 5037/25834 [3:00:51 > 43:53]
SOAP:  20%|█▉        | 5038/25834 [3:00:42 > 43:54]
SOAP:  20%|█▉        | 5039/25834 [3:00:27 > 43:54]
SOAP:  20%|█▉        | 5040/25834 [3:00:26 > 43:55]
SOAP:  20%|█▉        | 5041/25834 [3:00:33 > 43:55]
SOAP:  20%|█▉        | 5042/25834 [3:00:31 > 43:56]
SOAP:  20%|█▉        | 5043/25834 [3:00:21 > 43:56]
SOAP:  20%|█▉        | 5044/25834 [3:00:26 > 43:57]
SOAP:  20%|█▉        | 5045/25834 [3:00:30 > 43:57]
SOAP:  20%|█▉        | 5046/25834 [3:00:28 > 43:58]
SOAP:  20%|█▉        | 5047/25834 [3:00:35 > 43:58]
SOAP:  20%|█▉        | 5048/25834 [3:00:29 > 43:59]
SOAP:  20%|█▉        | 5049/25834 [3:00:29 > 43:59]
SOAP:  20%|█▉        | 5050/25834 [3:00:35 > 44:00]
SOAP:  20%|█▉        | 5051/25834 [3:00:28 > 44:00]
SOAP:  20%|█▉        | 5052/25834 [3:00:27 > 44:01]
SOAP:  20%|█▉        | 5053/25834 [3:00:32 > 44:01]
SOAP:  20%|█▉        | 5054/25834 [3:00:16 > 44:02]
SOAP:  20%|█▉        | 5055/25834 [3:00:21 > 44:02]
SOAP:  20%|█▉        | 5056/25834 [3:00:11 > 44:03]
SOAP:  20%|█▉        | 5057/25834 [3:00:22 > 44:04]
SOAP:  20%|█▉        | 5058/25834 [3:00:16 > 44:04]
SOAP:  20%|█▉        | 5059/25834 [3:00:18 > 44:05]
SOAP:  20%|█▉        | 5060/25834 [3:00:13 > 44:05]
SOAP:  20%|█▉        | 5061/25834 [3:00:21 > 44:06]
SOAP:  20%|█▉        | 5062/25834 [3:00:15 > 44:06]
SOAP:  20%|█▉        | 5063/25834 [3:00:16 > 44:07]
SOAP:  20%|█▉        | 5064/25834 [3:00:13 > 44:07]
SOAP:  20%|█▉        | 5065/25834 [2:58:52 > 44:08]
SOAP:  20%|█▉        | 5066/25834 [3:00:34 > 44:08]
SOAP:  20%|█▉        | 5067/25834 [3:00:39 > 44:09]
SOAP:  20%|█▉        | 5068/25834 [3:00:29 > 44:09]
SOAP:  20%|█▉        | 5069/25834 [3:00:35 > 44:10]
SOAP:  20%|█▉        | 5070/25834 [3:00:59 > 44:10]
SOAP:  20%|█▉        | 5071/25834 [3:00:43 > 44:11]
SOAP:  20%|█▉        | 5072/25834 [3:00:25 > 44:11]
SOAP:  20%|█▉        | 5073/25834 [3:00:24 > 44:12]
SOAP:  20%|█▉        | 5074/25834 [3:00:15 > 44:12]
SOAP:  20%|█▉        | 5075/25834 [3:00:07 > 44:13]
SOAP:  20%|█▉        | 5076/25834 [2:59:56 > 44:13]
SOAP:  20%|█▉        | 5077/25834 [3:00:10 > 44:14]
SOAP:  20%|█▉        | 5078/25834 [3:00:06 > 44:14]
SOAP:  20%|█▉        | 5079/25834 [3:00:10 > 44:15]
SOAP:  20%|█▉        | 5080/25834 [3:00:09 > 44:16]
SOAP:  20%|█▉        | 5081/25834 [3:00:10 > 44:16]
SOAP:  20%|█▉        | 5082/25834 [3:00:08 > 44:17]
SOAP:  20%|█▉        | 5083/25834 [3:00:16 > 44:17]
SOAP:  20%|█▉        | 5084/25834 [3:00:11 > 44:18]
SOAP:  20%|█▉        | 5085/25834 [3:00:14 > 44:18]
SOAP:  20%|█▉        | 5086/25834 [3:00:01 > 44:19]
SOAP:  20%|█▉        | 5087/25834 [2:59:59 > 44:19]
SOAP:  20%|█▉        | 5088/25834 [3:00:05 > 44:20]
SOAP:  20%|█▉        | 5089/25834 [3:00:01 > 44:20]
SOAP:  20%|█▉        | 5090/25834 [2:59:57 > 44:21]
SOAP:  20%|█▉        | 5091/25834 [2:59:59 > 44:21]
SOAP:  20%|█▉        | 5092/25834 [2:59:53 > 44:22]
SOAP:  20%|█▉        | 5093/25834 [3:00:03 > 44:22]
SOAP:  20%|█▉        | 5094/25834 [3:00:01 > 44:23]
SOAP:  20%|█▉        | 5095/25834 [3:00:03 > 44:23]
SOAP:  20%|█▉        | 5096/25834 [3:00:02 > 44:24]
SOAP:  20%|█▉        | 5097/25834 [3:00:09 > 44:24]
SOAP:  20%|█▉        | 5098/25834 [2:59:58 > 44:25]
SOAP:  20%|█▉        | 5099/25834 [3:00:00 > 44:25]
SOAP:  20%|█▉        | 5100/25834 [2:59:57 > 44:26]
SOAP:  20%|█▉        | 5101/25834 [3:01:46 > 44:26]
SOAP:  20%|█▉        | 5102/25834 [3:00:08 > 44:27]
SOAP:  20%|█▉        | 5103/25834 [3:00:12 > 44:27]
SOAP:  20%|█▉        | 5104/25834 [2:58:48 > 44:28]
SOAP:  20%|█▉        | 5105/25834 [3:00:27 > 44:29]
SOAP:  20%|█▉        | 5106/25834 [3:00:19 > 44:29]
SOAP:  20%|█▉        | 5107/25834 [3:00:03 > 44:30]
SOAP:  20%|█▉        | 5108/25834 [2:59:59 > 44:30]
SOAP:  20%|█▉        | 5109/25834 [2:59:52 > 44:31]
SOAP:  20%|█▉        | 5110/25834 [2:59:55 > 44:31]
SOAP:  20%|█▉        | 5111/25834 [3:00:03 > 44:32]
SOAP:  20%|█▉        | 5112/25834 [2:59:55 > 44:32]
SOAP:  20%|█▉        | 5113/25834 [2:59:59 > 44:33]
SOAP:  20%|█▉        | 5114/25834 [2:59:58 > 44:33]
SOAP:  20%|█▉        | 5115/25834 [2:59:47 > 44:34]
SOAP:  20%|█▉        | 5116/25834 [2:59:54 > 44:34]
SOAP:  20%|█▉        | 5117/25834 [2:59:55 > 44:35]
SOAP:  20%|█▉        | 5118/25834 [2:59:55 > 44:35]
SOAP:  20%|█▉        | 5119/25834 [2:59:48 > 44:36]
SOAP:  20%|█▉        | 5120/25834 [2:59:54 > 44:36]
SOAP:  20%|█▉        | 5121/25834 [2:59:49 > 44:37]
SOAP:  20%|█▉        | 5122/25834 [2:59:52 > 44:37]
SOAP:  20%|█▉        | 5123/25834 [2:59:46 > 44:38]
SOAP:  20%|█▉        | 5124/25834 [2:59:44 > 44:38]
SOAP:  20%|█▉        | 5125/25834 [2:59:35 > 44:39]
SOAP:  20%|█▉        | 5126/25834 [2:59:37 > 44:39]
SOAP:  20%|█▉        | 5127/25834 [2:59:36 > 44:40]
SOAP:  20%|█▉        | 5128/25834 [2:59:40 > 44:41]
SOAP:  20%|█▉        | 5129/25834 [2:59:39 > 44:41]
SOAP:  20%|█▉        | 5130/25834 [2:59:55 > 44:42]
SOAP:  20%|█▉        | 5131/25834 [2:59:45 > 44:42]
SOAP:  20%|█▉        | 5132/25834 [2:59:46 > 44:43]
SOAP:  20%|█▉        | 5133/25834 [2:59:47 > 44:43]
SOAP:  20%|█▉        | 5134/25834 [2:59:48 > 44:44]
SOAP:  20%|█▉        | 5135/25834 [2:59:46 > 44:44]
SOAP:  20%|█▉        | 5136/25834 [2:59:45 > 44:45]
SOAP:  20%|█▉        | 5137/25834 [2:59:40 > 44:45]
SOAP:  20%|█▉        | 5138/25834 [2:59:45 > 44:46]
SOAP:  20%|█▉        | 5139/25834 [2:59:42 > 44:46]
SOAP:  20%|█▉        | 5140/25834 [2:59:36 > 44:47]
SOAP:  20%|█▉        | 5141/25834 [2:59:37 > 44:47]
SOAP:  20%|█▉        | 5142/25834 [2:59:38 > 44:48]
SOAP:  20%|█▉        | 5143/25834 [2:59:34 > 44:48]
SOAP:  20%|█▉        | 5144/25834 [2:59:34 > 44:49]
SOAP:  20%|█▉        | 5145/25834 [2:59:31 > 44:49]
SOAP:  20%|█▉        | 5146/25834 [2:59:35 > 44:50]
SOAP:  20%|█▉        | 5147/25834 [2:59:36 > 44:50]
SOAP:  20%|█▉        | 5148/25834 [2:59:30 > 44:51]
SOAP:  20%|█▉        | 5149/25834 [2:59:35 > 44:51]
SOAP:  20%|█▉        | 5150/25834 [2:59:31 > 44:52]
SOAP:  20%|█▉        | 5151/25834 [2:59:33 > 44:52]
SOAP:  20%|█▉        | 5152/25834 [2:59:32 > 44:53]
SOAP:  20%|█▉        | 5153/25834 [2:59:30 > 44:54]
SOAP:  20%|█▉        | 5154/25834 [2:59:36 > 44:54]
SOAP:  20%|█▉        | 5155/25834 [2:58:15 > 44:55]
SOAP:  20%|█▉        | 5156/25834 [3:00:10 > 44:55]
SOAP:  20%|█▉        | 5157/25834 [3:00:21 > 44:56]
SOAP:  20%|█▉        | 5158/25834 [3:00:06 > 44:56]
SOAP:  20%|█▉        | 5159/25834 [2:59:54 > 44:57]
SOAP:  20%|█▉        | 5160/25834 [2:59:41 > 44:57]
SOAP:  20%|█▉        | 5161/25834 [2:59:33 > 44:58]
SOAP:  20%|█▉        | 5162/25834 [2:58:03 > 44:58]
SOAP:  20%|█▉        | 5163/25834 [3:00:02 > 44:59]
SOAP:  20%|█▉        | 5164/25834 [3:00:20 > 44:59]
SOAP:  20%|█▉        | 5165/25834 [2:59:57 > 45:00]
SOAP:  20%|█▉        | 5166/25834 [2:59:40 > 45:00]
SOAP:  20%|██        | 5167/25834 [2:59:42 > 45:01]
SOAP:  20%|██        | 5168/25834 [2:59:37 > 45:01]
SOAP:  20%|██        | 5169/25834 [2:59:30 > 45:02]
SOAP:  20%|██        | 5170/25834 [2:58:11 > 45:02]
SOAP:  20%|██        | 5171/25834 [3:00:09 > 45:03]
SOAP:  20%|██        | 5172/25834 [3:00:20 > 45:03]
SOAP:  20%|██        | 5173/25834 [2:59:54 > 45:04]
SOAP:  20%|██        | 5174/25834 [2:59:45 > 45:04]
SOAP:  20%|██        | 5175/25834 [2:59:48 > 45:05]
SOAP:  20%|██        | 5176/25834 [3:00:07 > 45:06]
SOAP:  20%|██        | 5177/25834 [2:59:51 > 45:06]
SOAP:  20%|██        | 5178/25834 [2:59:40 > 45:07]
SOAP:  20%|██        | 5179/25834 [2:59:29 > 45:07]
SOAP:  20%|██        | 5180/25834 [2:59:29 > 45:08]
SOAP:  20%|██        | 5181/25834 [2:59:16 > 45:08]
SOAP:  20%|██        | 5182/25834 [2:59:19 > 45:09]
SOAP:  20%|██        | 5183/25834 [2:59:15 > 45:09]
SOAP:  20%|██        | 5184/25834 [2:59:12 > 45:10]
SOAP:  20%|██        | 5185/25834 [2:59:14 > 45:10]
SOAP:  20%|██        | 5186/25834 [2:59:22 > 45:11]
SOAP:  20%|██        | 5187/25834 [2:59:20 > 45:11]
SOAP:  20%|██        | 5188/25834 [2:59:27 > 45:12]
SOAP:  20%|██        | 5189/25834 [2:59:40 > 45:12]
SOAP:  20%|██        | 5190/25834 [2:59:33 > 45:13]
SOAP:  20%|██        | 5191/25834 [2:59:30 > 45:13]
SOAP:  20%|██        | 5192/25834 [2:59:19 > 45:14]
SOAP:  20%|██        | 5193/25834 [2:59:19 > 45:14]
SOAP:  20%|██        | 5194/25834 [2:58:02 > 45:15]
SOAP:  20%|██        | 5195/25834 [2:59:41 > 45:15]
SOAP:  20%|██        | 5196/25834 [2:59:28 > 45:16]
SOAP:  20%|██        | 5197/25834 [2:59:22 > 45:16]
SOAP:  20%|██        | 5198/25834 [2:59:14 > 45:17]
SOAP:  20%|██        | 5199/25834 [2:59:25 > 45:18]
SOAP:  20%|██        | 5200/25834 [2:59:10 > 45:18]
SOAP:  20%|██        | 5201/25834 [2:59:54 > 45:19]
SOAP:  20%|██        | 5202/25834 [2:59:54 > 45:19]
SOAP:  20%|██        | 5203/25834 [2:59:41 > 45:20]
SOAP:  20%|██        | 5204/25834 [2:59:29 > 45:20]
SOAP:  20%|██        | 5205/25834 [2:59:19 > 45:21]
SOAP:  20%|██        | 5206/25834 [2:59:12 > 45:21]
SOAP:  20%|██        | 5207/25834 [2:59:32 > 45:22]
SOAP:  20%|██        | 5208/25834 [2:59:19 > 45:22]
SOAP:  20%|██        | 5209/25834 [2:59:17 > 45:23]
SOAP:  20%|██        | 5210/25834 [2:59:19 > 45:23]
SOAP:  20%|██        | 5211/25834 [2:59:20 > 45:24]
SOAP:  20%|██        | 5212/25834 [2:59:08 > 45:24]
SOAP:  20%|██        | 5213/25834 [2:59:00 > 45:25]
SOAP:  20%|██        | 5214/25834 [2:58:58 > 45:25]
SOAP:  20%|██        | 5215/25834 [2:58:54 > 45:26]
SOAP:  20%|██        | 5216/25834 [2:58:56 > 45:26]
SOAP:  20%|██        | 5217/25834 [2:58:55 > 45:27]
SOAP:  20%|██        | 5218/25834 [2:58:48 > 45:27]
SOAP:  20%|██        | 5219/25834 [2:58:54 > 45:28]
SOAP:  20%|██        | 5220/25834 [2:58:54 > 45:28]
SOAP:  20%|██        | 5221/25834 [2:58:55 > 45:29]
SOAP:  20%|██        | 5222/25834 [2:58:51 > 45:30]
SOAP:  20%|██        | 5223/25834 [2:58:50 > 45:30]
SOAP:  20%|██        | 5224/25834 [2:58:49 > 45:31]
SOAP:  20%|██        | 5225/25834 [2:58:49 > 45:31]
SOAP:  20%|██        | 5226/25834 [2:58:45 > 45:32]
SOAP:  20%|██        | 5227/25834 [2:58:58 > 45:32]
SOAP:  20%|██        | 5228/25834 [2:58:57 > 45:33]
SOAP:  20%|██        | 5229/25834 [2:58:50 > 45:33]
SOAP:  20%|██        | 5230/25834 [2:58:41 > 45:34]
SOAP:  20%|██        | 5231/25834 [2:58:44 > 45:34]
SOAP:  20%|██        | 5232/25834 [2:58:46 > 45:35]
SOAP:  20%|██        | 5233/25834 [2:58:50 > 45:35]
SOAP:  20%|██        | 5234/25834 [2:58:57 > 45:36]
SOAP:  20%|██        | 5235/25834 [2:58:52 > 45:36]
SOAP:  20%|██        | 5236/25834 [2:58:52 > 45:37]
SOAP:  20%|██        | 5237/25834 [2:58:49 > 45:37]
SOAP:  20%|██        | 5238/25834 [2:58:37 > 45:38]
SOAP:  20%|██        | 5239/25834 [2:58:38 > 45:38]
SOAP:  20%|██        | 5240/25834 [2:58:43 > 45:39]
SOAP:  20%|██        | 5241/25834 [2:57:25 > 45:39]
SOAP:  20%|██        | 5242/25834 [2:59:14 > 45:40]
SOAP:  20%|██        | 5243/25834 [2:59:06 > 45:40]
SOAP:  20%|██        | 5244/25834 [2:58:58 > 45:41]
SOAP:  20%|██        | 5245/25834 [2:58:54 > 45:41]
SOAP:  20%|██        | 5246/25834 [2:58:43 > 45:42]
SOAP:  20%|██        | 5247/25834 [2:58:42 > 45:43]
SOAP:  20%|██        | 5248/25834 [2:58:20 > 45:43]
SOAP:  20%|██        | 5249/25834 [2:58:37 > 45:44]
SOAP:  20%|██        | 5250/25834 [2:58:41 > 45:44]
SOAP:  20%|██        | 5251/25834 [2:58:38 > 45:45]
SOAP:  20%|██        | 5252/25834 [2:58:37 > 45:45]
SOAP:  20%|██        | 5253/25834 [2:58:36 > 45:46]
SOAP:  20%|██        | 5254/25834 [2:58:32 > 45:46]
SOAP:  20%|██        | 5255/25834 [2:58:25 > 45:47]
SOAP:  20%|██        | 5256/25834 [2:58:29 > 45:47]
SOAP:  20%|██        | 5257/25834 [2:58:35 > 45:48]
SOAP:  20%|██        | 5258/25834 [2:58:26 > 45:48]
SOAP:  20%|██        | 5259/25834 [2:57:10 > 45:49]
SOAP:  20%|██        | 5260/25834 [2:58:32 > 45:49]
SOAP:  20%|██        | 5261/25834 [2:59:01 > 45:50]
SOAP:  20%|██        | 5262/25834 [2:58:51 > 45:50]
SOAP:  20%|██        | 5263/25834 [2:58:52 > 45:51]
SOAP:  20%|██        | 5264/25834 [2:58:48 > 45:51]
SOAP:  20%|██        | 5265/25834 [2:58:38 > 45:52]
SOAP:  20%|██        | 5266/25834 [2:58:31 > 45:52]
SOAP:  20%|██        | 5267/25834 [2:58:26 > 45:53]
SOAP:  20%|██        | 5268/25834 [2:58:31 > 45:53]
SOAP:  20%|██        | 5269/25834 [2:58:29 > 45:54]
SOAP:  20%|██        | 5270/25834 [2:58:27 > 45:55]
SOAP:  20%|██        | 5271/25834 [2:58:23 > 45:55]
SOAP:  20%|██        | 5272/25834 [2:58:26 > 45:56]
SOAP:  20%|██        | 5273/25834 [2:58:22 > 45:56]
SOAP:  20%|██        | 5274/25834 [2:58:27 > 45:57]
SOAP:  20%|██        | 5275/25834 [2:58:22 > 45:57]
SOAP:  20%|██        | 5276/25834 [2:58:23 > 45:58]
SOAP:  20%|██        | 5277/25834 [2:58:17 > 45:58]
SOAP:  20%|██        | 5278/25834 [2:57:03 > 45:59]
SOAP:  20%|██        | 5279/25834 [2:58:50 > 45:59]
SOAP:  20%|██        | 5280/25834 [2:58:43 > 46:00]
SOAP:  20%|██        | 5281/25834 [2:58:35 > 46:00]
SOAP:  20%|██        | 5282/25834 [2:58:30 > 46:01]
SOAP:  20%|██        | 5283/25834 [2:58:20 > 46:01]
SOAP:  20%|██        | 5284/25834 [2:58:15 > 46:02]
SOAP:  20%|██        | 5285/25834 [2:58:07 > 46:02]
SOAP:  20%|██        | 5286/25834 [2:58:14 > 46:03]
SOAP:  20%|██        | 5287/25834 [2:58:11 > 46:03]
SOAP:  20%|██        | 5288/25834 [2:58:12 > 46:04]
SOAP:  20%|██        | 5289/25834 [2:58:15 > 46:04]
SOAP:  20%|██        | 5290/25834 [2:58:16 > 46:05]
SOAP:  20%|██        | 5291/25834 [2:58:14 > 46:05]
SOAP:  20%|██        | 5292/25834 [2:58:17 > 46:06]
SOAP:  20%|██        | 5293/25834 [2:58:09 > 46:06]
SOAP:  20%|██        | 5294/25834 [2:58:11 > 46:07]
SOAP:  20%|██        | 5295/25834 [2:58:11 > 46:08]
SOAP:  21%|██        | 5296/25834 [2:58:13 > 46:08]
SOAP:  21%|██        | 5297/25834 [2:58:18 > 46:09]
SOAP:  21%|██        | 5298/25834 [2:56:48 > 46:09]
SOAP:  21%|██        | 5299/25834 [2:58:57 > 46:10]
SOAP:  21%|██        | 5300/25834 [2:59:03 > 46:10]
SOAP:  21%|██        | 5301/25834 [3:00:29 > 46:11]
SOAP:  21%|██        | 5302/25834 [2:59:00 > 46:11]
SOAP:  21%|██        | 5303/25834 [2:58:43 > 46:12]
SOAP:  21%|██        | 5304/25834 [2:58:37 > 46:12]
SOAP:  21%|██        | 5305/25834 [2:58:30 > 46:13]
SOAP:  21%|██        | 5306/25834 [2:58:17 > 46:13]
SOAP:  21%|██        | 5307/25834 [2:58:17 > 46:14]
SOAP:  21%|██        | 5308/25834 [2:58:15 > 46:14]
SOAP:  21%|██        | 5309/25834 [2:58:08 > 46:15]
SOAP:  21%|██        | 5310/25834 [2:58:11 > 46:15]
SOAP:  21%|██        | 5311/25834 [2:58:06 > 46:16]
SOAP:  21%|██        | 5312/25834 [2:58:09 > 46:16]
SOAP:  21%|██        | 5313/25834 [2:58:14 > 46:17]
SOAP:  21%|██        | 5314/25834 [2:58:13 > 46:17]
SOAP:  21%|██        | 5315/25834 [2:58:06 > 46:18]
SOAP:  21%|██        | 5316/25834 [2:57:55 > 46:18]
SOAP:  21%|██        | 5317/25834 [2:58:08 > 46:19]
SOAP:  21%|██        | 5318/25834 [2:58:03 > 46:20]
SOAP:  21%|██        | 5319/25834 [2:57:54 > 46:20]
SOAP:  21%|██        | 5320/25834 [2:56:36 > 46:21]
SOAP:  21%|██        | 5321/25834 [2:58:29 > 46:21]
SOAP:  21%|██        | 5322/25834 [2:58:17 > 46:22]
SOAP:  21%|██        | 5323/25834 [2:58:13 > 46:22]
SOAP:  21%|██        | 5324/25834 [2:58:12 > 46:23]
SOAP:  21%|██        | 5325/25834 [2:58:07 > 46:23]
SOAP:  21%|██        | 5326/25834 [2:58:06 > 46:24]
SOAP:  21%|██        | 5327/25834 [2:57:57 > 46:24]
SOAP:  21%|██        | 5328/25834 [2:58:20 > 46:25]
SOAP:  21%|██        | 5329/25834 [2:58:49 > 46:25]
SOAP:  21%|██        | 5330/25834 [2:59:06 > 46:26]
SOAP:  21%|██        | 5331/25834 [2:59:21 > 46:26]
SOAP:  21%|██        | 5332/25834 [2:59:30 > 46:27]
SOAP:  21%|██        | 5333/25834 [2:59:54 > 46:27]
SOAP:  21%|██        | 5334/25834 [3:00:00 > 46:28]
SOAP:  21%|██        | 5335/25834 [2:59:56 > 46:28]
SOAP:  21%|██        | 5336/25834 [3:00:44 > 46:29]
SOAP:  21%|██        | 5337/25834 [2:59:29 > 46:29]
SOAP:  21%|██        | 5338/25834 [2:59:41 > 46:30]
SOAP:  21%|██        | 5339/25834 [2:59:41 > 46:31]
SOAP:  21%|██        | 5340/25834 [2:59:43 > 46:31]
SOAP:  21%|██        | 5341/25834 [2:59:40 > 46:32]
SOAP:  21%|██        | 5342/25834 [2:59:42 > 46:32]
SOAP:  21%|██        | 5343/25834 [2:59:51 > 46:33]
SOAP:  21%|██        | 5344/25834 [2:59:48 > 46:33]
SOAP:  21%|██        | 5345/25834 [2:59:45 > 46:34]
SOAP:  21%|██        | 5346/25834 [2:59:43 > 46:34]
SOAP:  21%|██        | 5347/25834 [2:59:43 > 46:35]
SOAP:  21%|██        | 5348/25834 [2:59:50 > 46:35]
SOAP:  21%|██        | 5349/25834 [2:59:43 > 46:36]
SOAP:  21%|██        | 5350/25834 [2:59:40 > 46:36]
SOAP:  21%|██        | 5351/25834 [2:59:44 > 46:37]
SOAP:  21%|██        | 5352/25834 [2:59:50 > 46:37]
SOAP:  21%|██        | 5353/25834 [2:59:43 > 46:38]
SOAP:  21%|██        | 5354/25834 [2:59:36 > 46:38]
SOAP:  21%|██        | 5355/25834 [2:59:46 > 46:39]
SOAP:  21%|██        | 5356/25834 [2:58:10 > 46:39]
SOAP:  21%|██        | 5357/25834 [2:59:35 > 46:40]
SOAP:  21%|██        | 5358/25834 [2:59:44 > 46:41]
SOAP:  21%|██        | 5359/25834 [2:59:41 > 46:41]
SOAP:  21%|██        | 5360/25834 [2:59:35 > 46:42]
SOAP:  21%|██        | 5361/25834 [2:59:43 > 46:42]
SOAP:  21%|██        | 5362/25834 [2:59:48 > 46:43]
SOAP:  21%|██        | 5363/25834 [2:59:40 > 46:43]
SOAP:  21%|██        | 5364/25834 [2:59:45 > 46:44]
SOAP:  21%|██        | 5365/25834 [2:59:41 > 46:44]
SOAP:  21%|██        | 5366/25834 [2:59:46 > 46:45]
SOAP:  21%|██        | 5367/25834 [2:59:38 > 46:45]
SOAP:  21%|██        | 5368/25834 [2:59:35 > 46:46]
SOAP:  21%|██        | 5369/25834 [2:59:33 > 46:46]
SOAP:  21%|██        | 5370/25834 [2:59:31 > 46:47]
SOAP:  21%|██        | 5371/25834 [2:59:43 > 46:47]
SOAP:  21%|██        | 5372/25834 [2:59:40 > 46:48]
SOAP:  21%|██        | 5373/25834 [2:59:34 > 46:48]
SOAP:  21%|██        | 5374/25834 [2:59:36 > 46:49]
SOAP:  21%|██        | 5375/25834 [2:58:06 > 46:49]
SOAP:  21%|██        | 5376/25834 [2:59:30 > 46:50]
SOAP:  21%|██        | 5377/25834 [2:59:35 > 46:51]
SOAP:  21%|██        | 5378/25834 [2:59:28 > 46:51]
SOAP:  21%|██        | 5379/25834 [2:59:39 > 46:52]
SOAP:  21%|██        | 5380/25834 [2:59:36 > 46:52]
SOAP:  21%|██        | 5381/25834 [2:59:34 > 46:53]
SOAP:  21%|██        | 5382/25834 [2:59:28 > 46:53]
SOAP:  21%|██        | 5383/25834 [2:59:32 > 46:54]
SOAP:  21%|██        | 5384/25834 [2:59:31 > 46:54]
SOAP:  21%|██        | 5385/25834 [2:59:28 > 46:55]
SOAP:  21%|██        | 5386/25834 [2:59:31 > 46:55]
SOAP:  21%|██        | 5387/25834 [2:59:26 > 46:56]
SOAP:  21%|██        | 5388/25834 [2:59:30 > 46:56]
SOAP:  21%|██        | 5389/25834 [2:59:26 > 46:57]
SOAP:  21%|██        | 5390/25834 [2:59:25 > 46:57]
SOAP:  21%|██        | 5391/25834 [2:59:34 > 46:58]
SOAP:  21%|██        | 5392/25834 [2:59:37 > 46:58]
SOAP:  21%|██        | 5393/25834 [2:59:27 > 46:59]
SOAP:  21%|██        | 5394/25834 [2:59:04 > 46:59]
SOAP:  21%|██        | 5395/25834 [2:59:12 > 47:00]
SOAP:  21%|██        | 5396/25834 [2:59:27 > 47:01]
SOAP:  21%|██        | 5397/25834 [2:59:22 > 47:01]
SOAP:  21%|██        | 5398/25834 [2:59:18 > 47:02]
SOAP:  21%|██        | 5399/25834 [2:59:08 > 47:02]
SOAP:  21%|██        | 5400/25834 [2:59:10 > 47:03]
SOAP:  21%|██        | 5401/25834 [3:00:02 > 47:03]
SOAP:  21%|██        | 5402/25834 [3:00:03 > 47:04]
SOAP:  21%|██        | 5403/25834 [2:59:45 > 47:04]
SOAP:  21%|██        | 5404/25834 [2:59:35 > 47:05]
SOAP:  21%|██        | 5405/25834 [2:59:27 > 47:05]
SOAP:  21%|██        | 5406/25834 [2:59:23 > 47:06]
SOAP:  21%|██        | 5407/25834 [2:59:16 > 47:06]
SOAP:  21%|██        | 5408/25834 [2:59:23 > 47:07]
SOAP:  21%|██        | 5409/25834 [2:59:16 > 47:07]
SOAP:  21%|██        | 5410/25834 [2:59:07 > 47:08]
SOAP:  21%|██        | 5411/25834 [2:59:07 > 47:08]
SOAP:  21%|██        | 5412/25834 [2:59:10 > 47:09]
SOAP:  21%|██        | 5413/25834 [2:59:02 > 47:09]
SOAP:  21%|██        | 5414/25834 [2:58:35 > 47:10]
SOAP:  21%|██        | 5415/25834 [2:58:54 > 47:11]
SOAP:  21%|██        | 5416/25834 [2:58:53 > 47:11]
SOAP:  21%|██        | 5417/25834 [2:58:55 > 47:12]
SOAP:  21%|██        | 5418/25834 [2:58:53 > 47:12]
SOAP:  21%|██        | 5419/25834 [2:58:52 > 47:13]
SOAP:  21%|██        | 5420/25834 [2:58:43 > 47:13]
SOAP:  21%|██        | 5421/25834 [2:58:38 > 47:14]
SOAP:  21%|██        | 5422/25834 [2:59:11 > 47:14]
SOAP:  21%|██        | 5423/25834 [2:59:05 > 47:15]
SOAP:  21%|██        | 5424/25834 [3:00:03 > 47:15]
SOAP:  21%|██        | 5425/25834 [2:58:54 > 47:16]
SOAP:  21%|██        | 5426/25834 [2:59:00 > 47:16]
SOAP:  21%|██        | 5427/25834 [2:59:03 > 47:17]
SOAP:  21%|██        | 5428/25834 [2:59:02 > 47:17]
SOAP:  21%|██        | 5429/25834 [2:58:58 > 47:18]
SOAP:  21%|██        | 5430/25834 [2:59:02 > 47:18]
SOAP:  21%|██        | 5431/25834 [2:58:57 > 47:19]
SOAP:  21%|██        | 5432/25834 [2:59:03 > 47:19]
SOAP:  21%|██        | 5433/25834 [2:58:09 > 47:20]
SOAP:  21%|██        | 5434/25834 [2:58:51 > 47:21]
SOAP:  21%|██        | 5435/25834 [2:58:53 > 47:21]
SOAP:  21%|██        | 5436/25834 [2:58:51 > 47:22]
SOAP:  21%|██        | 5437/25834 [2:58:59 > 47:22]
SOAP:  21%|██        | 5438/25834 [2:59:02 > 47:23]
SOAP:  21%|██        | 5439/25834 [2:59:08 > 47:23]
SOAP:  21%|██        | 5440/25834 [2:59:03 > 47:24]
SOAP:  21%|██        | 5441/25834 [2:58:54 > 47:24]
SOAP:  21%|██        | 5442/25834 [2:58:46 > 47:25]
SOAP:  21%|██        | 5443/25834 [2:58:45 > 47:25]
SOAP:  21%|██        | 5444/25834 [2:58:50 > 47:26]
SOAP:  21%|██        | 5445/25834 [2:58:59 > 47:26]
SOAP:  21%|██        | 5446/25834 [2:58:52 > 47:27]
SOAP:  21%|██        | 5447/25834 [2:58:48 > 47:27]
SOAP:  21%|██        | 5448/25834 [2:58:47 > 47:28]
SOAP:  21%|██        | 5449/25834 [2:58:58 > 47:28]
SOAP:  21%|██        | 5450/25834 [2:58:56 > 47:29]
SOAP:  21%|██        | 5451/25834 [2:59:09 > 47:29]
SOAP:  21%|██        | 5452/25834 [2:57:32 > 47:30]
SOAP:  21%|██        | 5453/25834 [2:58:47 > 47:31]
SOAP:  21%|██        | 5454/25834 [2:58:27 > 47:31]
SOAP:  21%|██        | 5455/25834 [2:58:25 > 47:32]
SOAP:  21%|██        | 5456/25834 [2:58:27 > 47:32]
SOAP:  21%|██        | 5457/25834 [2:58:37 > 47:33]
SOAP:  21%|██        | 5458/25834 [2:58:43 > 47:33]
SOAP:  21%|██        | 5459/25834 [2:58:45 > 47:34]
SOAP:  21%|██        | 5460/25834 [2:58:27 > 47:34]
SOAP:  21%|██        | 5461/25834 [2:58:13 > 47:35]
SOAP:  21%|██        | 5462/25834 [2:58:22 > 47:35]
SOAP:  21%|██        | 5463/25834 [2:58:19 > 47:36]
SOAP:  21%|██        | 5464/25834 [2:58:10 > 47:36]
SOAP:  21%|██        | 5465/25834 [2:58:06 > 47:37]
SOAP:  21%|██        | 5466/25834 [2:58:18 > 47:37]
SOAP:  21%|██        | 5467/25834 [2:58:19 > 47:38]
SOAP:  21%|██        | 5468/25834 [2:58:30 > 47:38]
SOAP:  21%|██        | 5469/25834 [2:58:42 > 47:39]
SOAP:  21%|██        | 5470/25834 [2:58:47 > 47:39]
SOAP:  21%|██        | 5471/25834 [2:58:40 > 47:40]
SOAP:  21%|██        | 5472/25834 [2:58:41 > 47:41]
SOAP:  21%|██        | 5473/25834 [2:58:41 > 47:41]
SOAP:  21%|██        | 5474/25834 [2:58:46 > 47:42]
SOAP:  21%|██        | 5475/25834 [2:58:34 > 47:42]
SOAP:  21%|██        | 5476/25834 [2:58:35 > 47:43]
SOAP:  21%|██        | 5477/25834 [2:58:31 > 47:43]
SOAP:  21%|██        | 5478/25834 [2:58:51 > 47:44]
SOAP:  21%|██        | 5479/25834 [2:58:39 > 47:44]
SOAP:  21%|██        | 5480/25834 [2:58:21 > 47:45]
SOAP:  21%|██        | 5481/25834 [2:58:01 > 47:45]
SOAP:  21%|██        | 5482/25834 [2:58:19 > 47:46]
SOAP:  21%|██        | 5483/25834 [2:58:14 > 47:46]
SOAP:  21%|██        | 5484/25834 [2:58:13 > 47:47]
SOAP:  21%|██        | 5485/25834 [2:58:16 > 47:47]
SOAP:  21%|██        | 5486/25834 [2:58:19 > 47:48]
SOAP:  21%|██        | 5487/25834 [2:58:31 > 47:48]
SOAP:  21%|██        | 5488/25834 [2:58:21 > 47:49]
SOAP:  21%|██        | 5489/25834 [2:58:03 > 47:49]
SOAP:  21%|██▏       | 5490/25834 [2:58:04 > 47:50]
SOAP:  21%|██▏       | 5491/25834 [2:57:47 > 47:51]
SOAP:  21%|██▏       | 5492/25834 [2:57:55 > 47:51]
SOAP:  21%|██▏       | 5493/25834 [2:57:46 > 47:52]
SOAP:  21%|██▏       | 5494/25834 [2:58:02 > 47:52]
SOAP:  21%|██▏       | 5495/25834 [2:58:12 > 47:53]
SOAP:  21%|██▏       | 5496/25834 [2:58:21 > 47:53]
SOAP:  21%|██▏       | 5497/25834 [2:58:20 > 47:54]
SOAP:  21%|██▏       | 5498/25834 [2:58:14 > 47:54]
SOAP:  21%|██▏       | 5499/25834 [2:58:23 > 47:55]
SOAP:  21%|██▏       | 5500/25834 [2:58:31 > 47:55]
SOAP:  21%|██▏       | 5501/25834 [2:59:19 > 47:56]
SOAP:  21%|██▏       | 5502/25834 [2:59:04 > 47:56]
SOAP:  21%|██▏       | 5503/25834 [2:58:53 > 47:57]
SOAP:  21%|██▏       | 5504/25834 [2:58:50 > 47:57]
SOAP:  21%|██▏       | 5505/25834 [2:58:46 > 47:58]
SOAP:  21%|██▏       | 5506/25834 [2:58:19 > 47:58]
SOAP:  21%|██▏       | 5507/25834 [2:57:54 > 47:59]
SOAP:  21%|██▏       | 5508/25834 [2:57:18 > 47:59]
SOAP:  21%|██▏       | 5509/25834 [2:57:28 > 48:00]
SOAP:  21%|██▏       | 5510/25834 [2:58:21 > 48:01]
SOAP:  21%|██▏       | 5511/25834 [2:58:16 > 48:01]
SOAP:  21%|██▏       | 5512/25834 [2:58:44 > 48:02]
SOAP:  21%|██▏       | 5513/25834 [2:58:57 > 48:02]
SOAP:  21%|██▏       | 5514/25834 [2:58:44 > 48:03]
SOAP:  21%|██▏       | 5515/25834 [2:58:33 > 48:03]
SOAP:  21%|██▏       | 5516/25834 [2:58:24 > 48:04]
SOAP:  21%|██▏       | 5517/25834 [2:58:33 > 48:04]
SOAP:  21%|██▏       | 5518/25834 [2:58:26 > 48:05]
SOAP:  21%|██▏       | 5519/25834 [2:58:16 > 48:05]
SOAP:  21%|██▏       | 5520/25834 [2:58:20 > 48:06]
SOAP:  21%|██▏       | 5521/25834 [2:58:27 > 48:06]
SOAP:  21%|██▏       | 5522/25834 [2:58:21 > 48:07]
SOAP:  21%|██▏       | 5523/25834 [2:58:15 > 48:07]
SOAP:  21%|██▏       | 5524/25834 [2:58:14 > 48:08]
SOAP:  21%|██▏       | 5525/25834 [2:58:16 > 48:08]
SOAP:  21%|██▏       | 5526/25834 [2:58:20 > 48:09]
SOAP:  21%|██▏       | 5527/25834 [2:58:14 > 48:09]
SOAP:  21%|██▏       | 5528/25834 [2:57:55 > 48:10]
SOAP:  21%|██▏       | 5529/25834 [2:55:57 > 48:11]
SOAP:  21%|██▏       | 5530/25834 [2:57:33 > 48:11]
SOAP:  21%|██▏       | 5531/25834 [2:57:49 > 48:12]
SOAP:  21%|██▏       | 5532/25834 [2:57:57 > 48:12]
SOAP:  21%|██▏       | 5533/25834 [2:57:59 > 48:13]
SOAP:  21%|██▏       | 5534/25834 [2:57:59 > 48:13]
SOAP:  21%|██▏       | 5535/25834 [2:58:05 > 48:14]
SOAP:  21%|██▏       | 5536/25834 [2:58:11 > 48:14]
SOAP:  21%|██▏       | 5537/25834 [2:58:14 > 48:15]
SOAP:  21%|██▏       | 5538/25834 [2:58:10 > 48:15]
SOAP:  21%|██▏       | 5539/25834 [2:58:12 > 48:16]
SOAP:  21%|██▏       | 5540/25834 [2:58:09 > 48:16]
SOAP:  21%|██▏       | 5541/25834 [2:58:11 > 48:17]
SOAP:  21%|██▏       | 5542/25834 [2:58:05 > 48:17]
SOAP:  21%|██▏       | 5543/25834 [2:58:07 > 48:18]
SOAP:  21%|██▏       | 5544/25834 [2:57:47 > 48:18]
SOAP:  21%|██▏       | 5545/25834 [2:58:17 > 48:19]
SOAP:  21%|██▏       | 5546/25834 [2:58:13 > 48:19]
SOAP:  21%|██▏       | 5547/25834 [2:57:57 > 48:20]
SOAP:  21%|██▏       | 5548/25834 [2:57:40 > 48:21]
SOAP:  21%|██▏       | 5549/25834 [2:58:02 > 48:21]
SOAP:  21%|██▏       | 5550/25834 [2:58:04 > 48:22]
SOAP:  21%|██▏       | 5551/25834 [2:58:03 > 48:22]
SOAP:  21%|██▏       | 5552/25834 [2:58:06 > 48:23]
SOAP:  21%|██▏       | 5553/25834 [2:57:54 > 48:23]
SOAP:  21%|██▏       | 5554/25834 [2:57:57 > 48:24]
SOAP:  22%|██▏       | 5555/25834 [2:57:50 > 48:24]
SOAP:  22%|██▏       | 5556/25834 [2:57:30 > 48:25]
SOAP:  22%|██▏       | 5557/25834 [2:57:24 > 48:25]
SOAP:  22%|██▏       | 5558/25834 [2:57:31 > 48:26]
SOAP:  22%|██▏       | 5559/25834 [2:57:34 > 48:26]
SOAP:  22%|██▏       | 5560/25834 [2:57:42 > 48:27]
SOAP:  22%|██▏       | 5561/25834 [2:57:49 > 48:27]
SOAP:  22%|██▏       | 5562/25834 [2:57:49 > 48:28]
SOAP:  22%|██▏       | 5563/25834 [2:57:42 > 48:28]
SOAP:  22%|██▏       | 5564/25834 [2:57:49 > 48:29]
SOAP:  22%|██▏       | 5565/25834 [2:57:59 > 48:29]
SOAP:  22%|██▏       | 5566/25834 [2:57:58 > 48:30]
SOAP:  22%|██▏       | 5567/25834 [2:57:48 > 48:31]
SOAP:  22%|██▏       | 5568/25834 [2:57:43 > 48:31]
SOAP:  22%|██▏       | 5569/25834 [2:58:31 > 48:32]
SOAP:  22%|██▏       | 5570/25834 [2:58:09 > 48:32]
SOAP:  22%|██▏       | 5571/25834 [2:56:35 > 48:33]
SOAP:  22%|██▏       | 5572/25834 [2:58:03 > 48:33]
SOAP:  22%|██▏       | 5573/25834 [2:56:25 > 48:34]
SOAP:  22%|██▏       | 5574/25834 [2:57:50 > 48:34]
SOAP:  22%|██▏       | 5575/25834 [2:57:50 > 48:35]
SOAP:  22%|██▏       | 5576/25834 [2:57:49 > 48:35]
SOAP:  22%|██▏       | 5577/25834 [2:57:50 > 48:36]
SOAP:  22%|██▏       | 5578/25834 [2:57:51 > 48:36]
SOAP:  22%|██▏       | 5579/25834 [2:57:42 > 48:37]
SOAP:  22%|██▏       | 5580/25834 [2:57:40 > 48:37]
SOAP:  22%|██▏       | 5581/25834 [2:57:46 > 48:38]
SOAP:  22%|██▏       | 5582/25834 [2:57:59 > 48:38]
SOAP:  22%|██▏       | 5583/25834 [2:57:45 > 48:39]
SOAP:  22%|██▏       | 5584/25834 [2:57:51 > 48:39]
SOAP:  22%|██▏       | 5585/25834 [2:57:46 > 48:40]
SOAP:  22%|██▏       | 5586/25834 [2:57:44 > 48:41]
SOAP:  22%|██▏       | 5587/25834 [2:57:47 > 48:41]
SOAP:  22%|██▏       | 5588/25834 [2:57:52 > 48:42]
SOAP:  22%|██▏       | 5589/25834 [2:57:45 > 48:42]
SOAP:  22%|██▏       | 5590/25834 [2:57:36 > 48:43]
SOAP:  22%|██▏       | 5591/25834 [2:56:08 > 48:43]
SOAP:  22%|██▏       | 5592/25834 [2:57:23 > 48:44]
SOAP:  22%|██▏       | 5593/25834 [2:57:24 > 48:44]
SOAP:  22%|██▏       | 5594/25834 [2:57:28 > 48:45]
SOAP:  22%|██▏       | 5595/25834 [2:57:25 > 48:45]
SOAP:  22%|██▏       | 5596/25834 [2:57:19 > 48:46]
SOAP:  22%|██▏       | 5597/25834 [2:56:44 > 48:46]
SOAP:  22%|██▏       | 5598/25834 [2:56:22 > 48:47]
SOAP:  22%|██▏       | 5599/25834 [2:56:06 > 48:47]
SOAP:  22%|██▏       | 5600/25834 [2:55:56 > 48:48]
SOAP:  22%|██▏       | 5601/25834 [2:57:30 > 48:48]
SOAP:  22%|██▏       | 5602/25834 [2:56:07 > 48:49]
SOAP:  22%|██▏       | 5603/25834 [2:55:57 > 48:49]
SOAP:  22%|██▏       | 5604/25834 [2:55:53 > 48:50]
SOAP:  22%|██▏       | 5605/25834 [2:55:52 > 48:50]
SOAP:  22%|██▏       | 5606/25834 [2:54:23 > 48:51]
SOAP:  22%|██▏       | 5607/25834 [2:56:05 > 48:52]
SOAP:  22%|██▏       | 5608/25834 [2:55:44 > 48:52]
SOAP:  22%|██▏       | 5609/25834 [2:55:36 > 48:53]
SOAP:  22%|██▏       | 5610/25834 [2:55:27 > 48:53]
SOAP:  22%|██▏       | 5611/25834 [2:55:27 > 48:54]
SOAP:  22%|██▏       | 5612/25834 [2:55:30 > 48:54]
SOAP:  22%|██▏       | 5613/25834 [2:55:27 > 48:55]
SOAP:  22%|██▏       | 5614/25834 [2:55:27 > 48:55]
SOAP:  22%|██▏       | 5615/25834 [2:55:29 > 48:56]
SOAP:  22%|██▏       | 5616/25834 [2:55:30 > 48:56]
SOAP:  22%|██▏       | 5617/25834 [2:55:27 > 48:57]
SOAP:  22%|██▏       | 5618/25834 [2:55:25 > 48:57]
SOAP:  22%|██▏       | 5619/25834 [2:55:28 > 48:58]
SOAP:  22%|██▏       | 5620/25834 [2:55:28 > 48:58]
SOAP:  22%|██▏       | 5621/25834 [2:55:32 > 48:59]
SOAP:  22%|██▏       | 5622/25834 [2:55:32 > 48:59]
SOAP:  22%|██▏       | 5623/25834 [2:55:37 > 49:00]
SOAP:  22%|██▏       | 5624/25834 [2:55:56 > 49:00]
SOAP:  22%|██▏       | 5625/25834 [2:55:48 > 49:01]
SOAP:  22%|██▏       | 5626/25834 [2:55:46 > 49:01]
SOAP:  22%|██▏       | 5627/25834 [2:55:27 > 49:02]
SOAP:  22%|██▏       | 5628/25834 [2:55:32 > 49:02]
SOAP:  22%|██▏       | 5629/25834 [2:55:29 > 49:03]
SOAP:  22%|██▏       | 5630/25834 [2:55:25 > 49:03]
SOAP:  22%|██▏       | 5631/25834 [2:55:27 > 49:04]
SOAP:  22%|██▏       | 5632/25834 [2:55:25 > 49:05]
SOAP:  22%|██▏       | 5633/25834 [2:55:36 > 49:05]
SOAP:  22%|██▏       | 5634/25834 [2:55:51 > 49:06]
SOAP:  22%|██▏       | 5635/25834 [2:55:41 > 49:06]
SOAP:  22%|██▏       | 5636/25834 [2:55:30 > 49:07]
SOAP:  22%|██▏       | 5637/25834 [2:55:32 > 49:07]
SOAP:  22%|██▏       | 5638/25834 [2:55:29 > 49:08]
SOAP:  22%|██▏       | 5639/25834 [2:55:23 > 49:08]
SOAP:  22%|██▏       | 5640/25834 [2:55:22 > 49:09]
SOAP:  22%|██▏       | 5641/25834 [2:55:15 > 49:09]
SOAP:  22%|██▏       | 5642/25834 [2:55:24 > 49:10]
SOAP:  22%|██▏       | 5643/25834 [2:55:20 > 49:10]
SOAP:  22%|██▏       | 5644/25834 [2:55:13 > 49:11]
SOAP:  22%|██▏       | 5645/25834 [2:55:12 > 49:11]
SOAP:  22%|██▏       | 5646/25834 [2:55:13 > 49:12]
SOAP:  22%|██▏       | 5647/25834 [2:55:09 > 49:12]
SOAP:  22%|██▏       | 5648/25834 [2:55:14 > 49:13]
SOAP:  22%|██▏       | 5649/25834 [2:55:14 > 49:13]
SOAP:  22%|██▏       | 5650/25834 [2:55:09 > 49:14]
SOAP:  22%|██▏       | 5651/25834 [2:55:12 > 49:14]
SOAP:  22%|██▏       | 5652/25834 [2:55:07 > 49:15]
SOAP:  22%|██▏       | 5653/25834 [2:55:14 > 49:15]
SOAP:  22%|██▏       | 5654/25834 [2:55:17 > 49:16]
SOAP:  22%|██▏       | 5655/25834 [2:55:13 > 49:17]
SOAP:  22%|██▏       | 5656/25834 [2:55:09 > 49:17]
SOAP:  22%|██▏       | 5657/25834 [2:55:03 > 49:18]
SOAP:  22%|██▏       | 5658/25834 [2:55:00 > 49:18]
SOAP:  22%|██▏       | 5659/25834 [2:55:06 > 49:19]
SOAP:  22%|██▏       | 5660/25834 [2:55:05 > 49:19]
SOAP:  22%|██▏       | 5661/25834 [2:55:02 > 49:20]
SOAP:  22%|██▏       | 5662/25834 [2:55:09 > 49:20]
SOAP:  22%|██▏       | 5663/25834 [2:54:57 > 49:21]
SOAP:  22%|██▏       | 5664/25834 [2:54:59 > 49:21]
SOAP:  22%|██▏       | 5665/25834 [2:55:03 > 49:22]
SOAP:  22%|██▏       | 5666/25834 [2:55:04 > 49:22]
SOAP:  22%|██▏       | 5667/25834 [2:55:00 > 49:23]
SOAP:  22%|██▏       | 5668/25834 [2:55:02 > 49:23]
SOAP:  22%|██▏       | 5669/25834 [2:54:58 > 49:24]
SOAP:  22%|██▏       | 5670/25834 [2:54:59 > 49:24]
SOAP:  22%|██▏       | 5671/25834 [2:54:58 > 49:25]
SOAP:  22%|██▏       | 5672/25834 [2:55:05 > 49:25]
SOAP:  22%|██▏       | 5673/25834 [2:54:59 > 49:26]
SOAP:  22%|██▏       | 5674/25834 [2:55:01 > 49:26]
SOAP:  22%|██▏       | 5675/25834 [2:54:59 > 49:27]
SOAP:  22%|██▏       | 5676/25834 [2:55:04 > 49:27]
SOAP:  22%|██▏       | 5677/25834 [2:54:58 > 49:28]
SOAP:  22%|██▏       | 5678/25834 [2:55:06 > 49:28]
SOAP:  22%|██▏       | 5679/25834 [2:54:59 > 49:29]
SOAP:  22%|██▏       | 5680/25834 [2:55:05 > 49:30]
SOAP:  22%|██▏       | 5681/25834 [2:54:30 > 49:30]
SOAP:  22%|██▏       | 5682/25834 [2:54:44 > 49:31]
SOAP:  22%|██▏       | 5683/25834 [2:54:43 > 49:31]
SOAP:  22%|██▏       | 5684/25834 [2:54:48 > 49:32]
SOAP:  22%|██▏       | 5685/25834 [2:54:52 > 49:32]
SOAP:  22%|██▏       | 5686/25834 [2:54:56 > 49:33]
SOAP:  22%|██▏       | 5687/25834 [2:54:47 > 49:33]
SOAP:  22%|██▏       | 5688/25834 [2:55:06 > 49:34]
SOAP:  22%|██▏       | 5689/25834 [2:55:24 > 49:34]
SOAP:  22%|██▏       | 5690/25834 [2:55:14 > 49:35]
SOAP:  22%|██▏       | 5691/25834 [2:55:03 > 49:35]
SOAP:  22%|██▏       | 5692/25834 [2:54:58 > 49:36]
SOAP:  22%|██▏       | 5693/25834 [2:54:52 > 49:36]
SOAP:  22%|██▏       | 5694/25834 [2:55:00 > 49:37]
SOAP:  22%|██▏       | 5695/25834 [2:54:58 > 49:37]
SOAP:  22%|██▏       | 5696/25834 [2:55:09 > 49:38]
SOAP:  22%|██▏       | 5697/25834 [2:55:26 > 49:38]
SOAP:  22%|██▏       | 5698/25834 [2:55:16 > 49:39]
SOAP:  22%|██▏       | 5699/25834 [2:55:07 > 49:39]
SOAP:  22%|██▏       | 5700/25834 [2:54:53 > 49:40]
SOAP:  22%|██▏       | 5701/25834 [2:56:26 > 49:41]
SOAP:  22%|██▏       | 5702/25834 [2:55:03 > 49:41]
SOAP:  22%|██▏       | 5703/25834 [2:53:35 > 49:42]
SOAP:  22%|██▏       | 5704/25834 [2:55:16 > 49:42]
SOAP:  22%|██▏       | 5705/25834 [2:55:06 > 49:43]
SOAP:  22%|██▏       | 5706/25834 [2:54:59 > 49:43]
SOAP:  22%|██▏       | 5707/25834 [2:54:47 > 49:44]
SOAP:  22%|██▏       | 5708/25834 [2:54:46 > 49:44]
SOAP early stopping at step 5709/25834: total loss unchanged for 150 steps (best=1.159299e-02).

SOAP:  22%|██▏       | 5708/25834 [2:55:25 > 49:45]
Training saved: C:\Ali Computation\pinn\code\heterogeneous\pino_heterogeneous\results\exp_X3_soap_K100_N500_5zoneonly_default_float64\pino_heterogeneous_concentration.png C:\Ali Computation\pinn\code\heterogeneous\pino_heterogeneous\results\exp_X3_soap_K100_N500_5zoneonly_default_float64\pino_heterogeneous_loss.png C:\Ali Computation\pinn\code\heterogeneous\pino_heterogeneous\results\exp_X3_soap_K100_N500_5zoneonly_default_float64\pino_heterogeneous_model.pt
COMSOL validation: 81 media -> C:\Ali Computation\pinn\code\heterogeneous\pino_heterogeneous\results\exp_X3_soap_K100_N500_5zoneonly_default_float64\comsol_validation  (x* collocation n=86)

COMSOL vs PINO:   0%|          | 0/81 [00:00<?, ?it/s]
COMSOL vs PINO:   1%|          | 1/81 [00:01<01:21,  1.02s/it]
COMSOL vs PINO:   2%|▏         | 2/81 [00:02<01:20,  1.02s/it]
COMSOL vs PINO:   4%|▎         | 3/81 [00:03<01:19,  1.02s/it]
COMSOL vs PINO:   5%|▍         | 4/81 [00:04<01:19,  1.03s/it]
COMSOL vs PINO:   6%|▌         | 5/81 [00:05<01:24,  1.11s/it]
COMSOL vs PINO:   7%|▋         | 6/81 [00:06<01:21,  1.08s/it]
COMSOL vs PINO:   9%|▊         | 7/81 [00:07<01:18,  1.06s/it]
COMSOL vs PINO:  10%|▉         | 8/81 [00:08<01:16,  1.05s/it]
COMSOL vs PINO:  11%|█         | 9/81 [00:09<01:15,  1.04s/it]
COMSOL vs PINO:  12%|█▏        | 10/81 [00:10<01:14,  1.04s/it]
COMSOL vs PINO:  14%|█▎        | 11/81 [00:11<01:12,  1.04s/it]
COMSOL vs PINO:  15%|█▍        | 12/81 [00:12<01:11,  1.03s/it]
COMSOL vs PINO:  16%|█▌        | 13/81 [00:13<01:10,  1.03s/it]
COMSOL vs PINO:  17%|█▋        | 14/81 [00:14<01:08,  1.03s/it]
COMSOL vs PINO:  19%|█▊        | 15/81 [00:15<01:07,  1.03s/it]
COMSOL vs PINO:  20%|█▉        | 16/81 [00:16<01:06,  1.03s/it]
COMSOL vs PINO:  21%|██        | 17/81 [00:17<01:05,  1.03s/it]
COMSOL vs PINO:  22%|██▏       | 18/81 [00:18<01:04,  1.03s/it]
COMSOL vs PINO:  23%|██▎       | 19/81 [00:19<01:04,  1.03s/it]
COMSOL vs PINO:  25%|██▍       | 20/81 [00:21<01:10,  1.16s/it]
COMSOL vs PINO:  26%|██▌       | 21/81 [00:22<01:07,  1.12s/it]
COMSOL vs PINO:  27%|██▋       | 22/81 [00:23<01:04,  1.10s/it]
COMSOL vs PINO:  28%|██▊       | 23/81 [00:24<01:03,  1.09s/it]
COMSOL vs PINO:  30%|██▉       | 24/81 [00:25<01:02,  1.10s/it]
COMSOL vs PINO:  31%|███       | 25/81 [00:26<01:01,  1.09s/it]
COMSOL vs PINO:  32%|███▏      | 26/81 [00:27<00:59,  1.08s/it]
COMSOL vs PINO:  33%|███▎      | 27/81 [00:28<00:57,  1.07s/it]
COMSOL vs PINO:  35%|███▍      | 28/81 [00:29<00:56,  1.07s/it]
COMSOL vs PINO:  36%|███▌      | 29/81 [00:30<00:55,  1.06s/it]
COMSOL vs PINO:  37%|███▋      | 30/81 [00:31<00:54,  1.06s/it]
COMSOL vs PINO:  38%|███▊      | 31/81 [00:32<00:52,  1.06s/it]
COMSOL vs PINO:  40%|███▉      | 32/81 [00:33<00:52,  1.07s/it]
COMSOL vs PINO:  41%|████      | 33/81 [00:35<00:55,  1.16s/it]
COMSOL vs PINO:  42%|████▏     | 34/81 [00:36<00:53,  1.13s/it]
COMSOL vs PINO:  43%|████▎     | 35/81 [00:37<00:51,  1.11s/it]
COMSOL vs PINO:  44%|████▍     | 36/81 [00:38<00:49,  1.09s/it]
COMSOL vs PINO:  46%|████▌     | 37/81 [00:39<00:47,  1.07s/it]
COMSOL vs PINO:  47%|████▋     | 38/81 [00:40<00:45,  1.07s/it]
COMSOL vs PINO:  48%|████▊     | 39/81 [00:41<00:44,  1.06s/it]
COMSOL vs PINO:  49%|████▉     | 40/81 [00:42<00:43,  1.06s/it]
COMSOL vs PINO:  51%|█████     | 41/81 [00:43<00:41,  1.05s/it]
COMSOL vs PINO:  52%|█████▏    | 42/81 [00:44<00:40,  1.04s/it]
COMSOL vs PINO:  53%|█████▎    | 43/81 [00:45<00:39,  1.04s/it]
COMSOL vs PINO:  54%|█████▍    | 44/81 [00:46<00:38,  1.04s/it]
COMSOL vs PINO:  56%|█████▌    | 45/81 [00:47<00:37,  1.04s/it]
COMSOL vs PINO:  57%|█████▋    | 46/81 [00:48<00:36,  1.04s/it]
COMSOL vs PINO:  58%|█████▊    | 47/81 [00:49<00:35,  1.05s/it]
COMSOL vs PINO:  59%|█████▉    | 48/81 [00:51<00:37,  1.14s/it]
COMSOL vs PINO:  60%|██████    | 49/81 [00:52<00:35,  1.11s/it]
COMSOL vs PINO:  62%|██████▏   | 50/81 [00:53<00:33,  1.08s/it]
COMSOL vs PINO:  63%|██████▎   | 51/81 [00:54<00:32,  1.07s/it]
COMSOL vs PINO:  64%|██████▍   | 52/81 [00:55<00:30,  1.07s/it]
COMSOL vs PINO:  65%|██████▌   | 53/81 [00:56<00:29,  1.06s/it]
COMSOL vs PINO:  67%|██████▋   | 54/81 [00:57<00:28,  1.06s/it]
COMSOL vs PINO:  68%|██████▊   | 55/81 [00:58<00:27,  1.05s/it]
COMSOL vs PINO:  69%|██████▉   | 56/81 [00:59<00:26,  1.05s/it]
COMSOL vs PINO:  70%|███████   | 57/81 [01:00<00:25,  1.05s/it]
COMSOL vs PINO:  72%|███████▏  | 58/81 [01:01<00:24,  1.05s/it]
COMSOL vs PINO:  73%|███████▎  | 59/81 [01:02<00:23,  1.05s/it]
COMSOL vs PINO:  74%|███████▍  | 60/81 [01:03<00:22,  1.05s/it]
COMSOL vs PINO:  75%|███████▌  | 61/81 [01:04<00:20,  1.05s/it]
COMSOL vs PINO:  77%|███████▋  | 62/81 [01:05<00:19,  1.05s/it]
COMSOL vs PINO:  78%|███████▊  | 63/81 [01:07<00:20,  1.15s/it]
COMSOL vs PINO:  79%|███████▉  | 64/81 [01:08<00:18,  1.12s/it]
COMSOL vs PINO:  80%|████████  | 65/81 [01:09<00:17,  1.10s/it]
COMSOL vs PINO:  81%|████████▏ | 66/81 [01:10<00:16,  1.09s/it]
COMSOL vs PINO:  83%|████████▎ | 67/81 [01:11<00:15,  1.08s/it]
COMSOL vs PINO:  84%|████████▍ | 68/81 [01:12<00:13,  1.07s/it]
COMSOL vs PINO:  85%|████████▌ | 69/81 [01:13<00:12,  1.06s/it]
COMSOL vs PINO:  86%|████████▋ | 70/81 [01:14<00:11,  1.05s/it]
COMSOL vs PINO:  88%|████████▊ | 71/81 [01:15<00:10,  1.05s/it]
COMSOL vs PINO:  89%|████████▉ | 72/81 [01:16<00:09,  1.05s/it]
COMSOL vs PINO:  90%|█████████ | 73/81 [01:17<00:08,  1.05s/it]
COMSOL vs PINO:  91%|█████████▏| 74/81 [01:18<00:07,  1.05s/it]
COMSOL vs PINO:  93%|█████████▎| 75/81 [01:19<00:06,  1.05s/it]
COMSOL vs PINO:  94%|█████████▍| 76/81 [01:21<00:05,  1.14s/it]
COMSOL vs PINO:  95%|█████████▌| 77/81 [01:22<00:04,  1.11s/it]
COMSOL vs PINO:  96%|█████████▋| 78/81 [01:23<00:03,  1.09s/it]
COMSOL vs PINO:  98%|█████████▊| 79/81 [01:24<00:02,  1.08s/it]
COMSOL vs PINO:  99%|█████████▉| 80/81 [01:25<00:01,  1.07s/it]
COMSOL vs PINO: 100%|██████████| 81/81 [01:26<00:00,  1.06s/it]
COMSOL vs PINO: 100%|██████████| 81/81 [01:26<00:00,  1.07s/it]
COMSOL validation summary: n=81  mean=2.044613e-02  max=3.855932e-02  min=9.979622e-03
Wrote C:\Ali Computation\pinn\code\heterogeneous\pino_heterogeneous\results\exp_X3_soap_K100_N500_5zoneonly_default_float64\comsol_validation\comsol_validation_summary.csv
Run metadata: C:\Ali Computation\pinn\code\heterogeneous\pino_heterogeneous\results\exp_X3_soap_K100_N500_5zoneonly_default_float64\run_meta.json
Wall-clock train: 2986.3 s
Wall-clock validation: 86.5 s
Wall-clock total: 3086.1 s  device=cuda

# exit 0 after 0:51:35.293022
