# code/heterogeneous/pino_heterogeneous/pinn1d_heterogeneous_parametric_neural_operator.py --design grf --n-sensors 100 --n-grf 0 --n-piecewise-per-zones 100 --piecewise-zone-counts 1,2,3,4,5 --min-zone-frac 0.1 --arch default --dtype float64 --early-stop-patience 150 --optimizer soap --soap-lr 3e-3 --soap-betas 0.95,0.95 --soap-weight-decay 0.01 --soap-precond-freq 100 --soap-iso-compute-twin results/exp_X2_uniform_K100_N500_default_float64_lbfgs1000_maxiter20 --out-dir results/exp_X4_soap_K100_N500_uniform_default_float64
# started 2026-07-03 08:01:03
# cwd C:\Ali Computation\pinn\code\heterogeneous\pino_heterogeneous

Using GPU: NVIDIA GeForce RTX 3090 (cuda:0, dtype=torch.float64)
PE (computed) = 0.010368
design=grf  media_mode=grf  branch_mode=sensor  optimizer=soap  n_train_requested=500  n_corner_anchors=16  arch=default  batch_mode=True
branch=[100, 16, 16, 32]  trunk=[2, 32, 32, 32, 32]
results_dir=C:\Ali Computation\pinn\code\heterogeneous\pino_heterogeneous\results\exp_X4_soap_K100_N500_uniform_default_float64
Training: 500 piecewise (100, 100, 100, 100, 100 for zones [1, 2, 3, 4, 5]), min_zone_frac=0.1 = 500 total; branch_mode=sensor, K=100 sensors, grid_n=201
  saved/loaded: C:\Ali Computation\pinn\code\heterogeneous\pino_heterogeneous\results\exp_X4_soap_K100_N500_uniform_default_float64\train_grf_cases.npz
  branch CFL range [0.120459, 0.599738]
PDE mesh: bulk 50x50x500 (no interface bands in GRF mode)
COMSOL validation: 81 fixed grid cases from comsol_4zones.txt -> C:\Ali Computation\pinn\code\heterogeneous\pino_heterogeneous\results\exp_X4_soap_K100_N500_uniform_default_float64\comsol_validation
run_training=True  run_comsol_validation=True  validate_only=False  skip_validation_plots=False
SOAP iso-compute: twin=results/exp_X2_uniform_K100_N500_default_float64_lbfgs1000_maxiter20  probe_epochs=200  (epoch budget set after probe)
PDE collocation points: 1,250,000 (bulk 1,250,000, interface 0)
Collocation mesh plot (pre-train): C:\Ali Computation\pinn\code\heterogeneous\pino_heterogeneous\results\exp_X4_soap_K100_N500_uniform_default_float64\pino_heterogeneous_collocation_points.png
SOAP iso-compute: twin=results/exp_X2_uniform_K100_N500_default_float64_lbfgs1000_maxiter20  target_train_wall=13388.5s  probe_epochs=200
SOAP(lr=0.003, betas=(0.95, 0.95), weight_decay=0.01, precond_freq=100)  epoch_budget=200
SOAP early stopping: patience=150 steps (no total-loss improvement, rtol=1e-12)

SOAP:   0%|          | 0/200 [? > 00:00]
SOAP:   0%|          | 1/200 [04:05 > 00:01]
SOAP:   1%|          | 2/200 [02:40 > 00:01]
SOAP:   2%|▏         | 3/200 [01:43 > 00:01]
SOAP:   2%|▏         | 4/200 [01:42 > 00:02]
SOAP:   2%|▎         | 5/200 [01:41 > 00:02]
SOAP:   3%|▎         | 6/200 [01:40 > 00:03]
SOAP:   4%|▎         | 7/200 [01:39 > 00:03]
SOAP:   4%|▍         | 8/200 [01:38 > 00:04]
SOAP:   4%|▍         | 9/200 [01:38 > 00:05]
SOAP:   5%|▌         | 10/200 [01:37 > 00:05]
SOAP:   6%|▌         | 11/200 [01:37 > 00:06]
SOAP:   6%|▌         | 12/200 [01:36 > 00:06]
SOAP:   6%|▋         | 13/200 [01:36 > 00:07]
SOAP:   7%|▋         | 14/200 [01:35 > 00:07]
SOAP:   8%|▊         | 15/200 [01:35 > 00:08]
SOAP:   8%|▊         | 16/200 [01:34 > 00:08]
SOAP:   8%|▊         | 17/200 [01:34 > 00:09]
SOAP:   9%|▉         | 18/200 [01:32 > 00:09]
SOAP:  10%|▉         | 19/200 [01:33 > 00:10]
SOAP:  10%|█         | 20/200 [01:32 > 00:10]
SOAP:  10%|█         | 21/200 [01:32 > 00:11]
SOAP:  11%|█         | 22/200 [01:31 > 00:11]
SOAP:  12%|█▏        | 23/200 [01:30 > 00:12]
SOAP:  12%|█▏        | 24/200 [01:30 > 00:12]
SOAP:  12%|█▎        | 25/200 [01:29 > 00:13]
SOAP:  13%|█▎        | 26/200 [01:29 > 00:13]
SOAP:  14%|█▎        | 27/200 [01:28 > 00:14]
SOAP:  14%|█▍        | 28/200 [01:28 > 00:14]
SOAP:  14%|█▍        | 29/200 [01:28 > 00:15]
SOAP:  15%|█▌        | 30/200 [01:27 > 00:15]
SOAP:  16%|█▌        | 31/200 [01:27 > 00:16]
SOAP:  16%|█▌        | 32/200 [01:26 > 00:16]
SOAP:  16%|█▋        | 33/200 [01:26 > 00:17]
SOAP:  17%|█▋        | 34/200 [01:25 > 00:17]
SOAP:  18%|█▊        | 35/200 [01:25 > 00:18]
SOAP:  18%|█▊        | 36/200 [01:24 > 00:18]
SOAP:  18%|█▊        | 37/200 [01:24 > 00:19]
SOAP:  19%|█▉        | 38/200 [01:23 > 00:19]
SOAP:  20%|█▉        | 39/200 [01:23 > 00:20]
SOAP:  20%|██        | 40/200 [01:22 > 00:20]
SOAP:  20%|██        | 41/200 [01:22 > 00:21]
SOAP:  21%|██        | 42/200 [01:21 > 00:22]
SOAP:  22%|██▏       | 43/200 [01:20 > 00:22]
SOAP:  22%|██▏       | 44/200 [01:20 > 00:23]
SOAP:  22%|██▎       | 45/200 [01:19 > 00:23]
SOAP:  23%|██▎       | 46/200 [01:19 > 00:24]
SOAP:  24%|██▎       | 47/200 [01:18 > 00:24]
SOAP:  24%|██▍       | 48/200 [01:17 > 00:25]
SOAP:  24%|██▍       | 49/200 [01:17 > 00:25]
SOAP:  25%|██▌       | 50/200 [01:17 > 00:26]
SOAP:  26%|██▌       | 51/200 [01:16 > 00:26]
SOAP:  26%|██▌       | 52/200 [01:16 > 00:27]
SOAP:  26%|██▋       | 53/200 [01:15 > 00:27]
SOAP:  27%|██▋       | 54/200 [01:15 > 00:28]
SOAP:  28%|██▊       | 55/200 [01:14 > 00:28]
SOAP:  28%|██▊       | 56/200 [01:14 > 00:29]
SOAP:  28%|██▊       | 57/200 [01:13 > 00:29]
SOAP:  29%|██▉       | 58/200 [01:13 > 00:30]
SOAP:  30%|██▉       | 59/200 [01:12 > 00:30]
SOAP:  30%|███       | 60/200 [01:12 > 00:31]
SOAP:  30%|███       | 61/200 [01:11 > 00:31]
SOAP:  31%|███       | 62/200 [01:11 > 00:32]
SOAP:  32%|███▏      | 63/200 [01:10 > 00:32]
SOAP:  32%|███▏      | 64/200 [01:10 > 00:33]
SOAP:  32%|███▎      | 65/200 [01:09 > 00:33]
SOAP:  33%|███▎      | 66/200 [01:09 > 00:34]
SOAP:  34%|███▎      | 67/200 [01:08 > 00:34]
SOAP:  34%|███▍      | 68/200 [01:08 > 00:35]
SOAP:  34%|███▍      | 69/200 [01:07 > 00:35]
SOAP:  35%|███▌      | 70/200 [01:07 > 00:36]
SOAP:  36%|███▌      | 71/200 [01:06 > 00:36]
SOAP:  36%|███▌      | 72/200 [01:06 > 00:37]
SOAP:  36%|███▋      | 73/200 [01:05 > 00:37]
SOAP:  37%|███▋      | 74/200 [01:05 > 00:38]
SOAP:  38%|███▊      | 75/200 [01:04 > 00:39]
SOAP:  38%|███▊      | 76/200 [01:04 > 00:39]
SOAP:  38%|███▊      | 77/200 [01:03 > 00:40]
SOAP:  39%|███▉      | 78/200 [01:03 > 00:40]
SOAP:  40%|███▉      | 79/200 [01:02 > 00:41]
SOAP:  40%|████      | 80/200 [01:02 > 00:41]
SOAP:  40%|████      | 81/200 [01:01 > 00:42]
SOAP:  41%|████      | 82/200 [01:01 > 00:42]
SOAP:  42%|████▏     | 83/200 [01:00 > 00:43]
SOAP:  42%|████▏     | 84/200 [01:00 > 00:43]
SOAP:  42%|████▎     | 85/200 [00:59 > 00:44]
SOAP:  43%|████▎     | 86/200 [00:59 > 00:44]
SOAP:  44%|████▎     | 87/200 [00:58 > 00:45]
SOAP:  44%|████▍     | 88/200 [00:57 > 00:45]
SOAP:  44%|████▍     | 89/200 [00:57 > 00:46]
SOAP:  45%|████▌     | 90/200 [00:56 > 00:46]
SOAP:  46%|████▌     | 91/200 [00:56 > 00:47]
SOAP:  46%|████▌     | 92/200 [00:56 > 00:47]
SOAP:  46%|████▋     | 93/200 [00:55 > 00:48]
SOAP:  47%|████▋     | 94/200 [00:54 > 00:48]
SOAP:  48%|████▊     | 95/200 [00:54 > 00:49]
SOAP:  48%|████▊     | 96/200 [00:53 > 00:49]
SOAP:  48%|████▊     | 97/200 [00:53 > 00:50]
SOAP:  49%|████▉     | 98/200 [00:52 > 00:50]
SOAP:  50%|████▉     | 99/200 [00:52 > 00:51]
SOAP:  50%|█████     | 100/200 [00:51 > 00:51]
SOAP:  50%|█████     | 101/200 [01:02 > 00:52]
SOAP:  51%|█████     | 102/200 [00:48 > 00:53]
SOAP:  52%|█████▏    | 103/200 [00:48 > 00:53]
SOAP:  52%|█████▏    | 104/200 [00:48 > 00:54]
SOAP:  52%|█████▎    | 105/200 [00:48 > 00:54]
SOAP:  53%|█████▎    | 106/200 [00:48 > 00:55]
SOAP:  54%|█████▎    | 107/200 [00:47 > 00:55]
SOAP:  54%|█████▍    | 108/200 [00:47 > 00:56]
SOAP:  55%|█████▍    | 109/200 [00:46 > 00:56]
SOAP:  55%|█████▌    | 110/200 [00:46 > 00:57]
SOAP:  56%|█████▌    | 111/200 [00:45 > 00:57]
SOAP:  56%|█████▌    | 112/200 [00:45 > 00:58]
SOAP:  56%|█████▋    | 113/200 [00:44 > 00:58]
SOAP:  57%|█████▋    | 114/200 [00:44 > 00:59]
SOAP:  57%|█████▊    | 115/200 [00:43 > 00:59]
SOAP:  58%|█████▊    | 116/200 [00:43 > 01:00]
SOAP:  58%|█████▊    | 117/200 [00:42 > 01:00]
SOAP:  59%|█████▉    | 118/200 [00:42 > 01:01]
SOAP:  60%|█████▉    | 119/200 [00:41 > 01:01]
SOAP:  60%|██████    | 120/200 [00:41 > 01:02]
SOAP:  60%|██████    | 121/200 [00:40 > 01:02]
SOAP:  61%|██████    | 122/200 [00:40 > 01:03]
SOAP:  62%|██████▏   | 123/200 [00:39 > 01:03]
SOAP:  62%|██████▏   | 124/200 [00:39 > 01:04]
SOAP:  62%|██████▎   | 125/200 [00:38 > 01:04]
SOAP:  63%|██████▎   | 126/200 [00:38 > 01:05]
SOAP:  64%|██████▎   | 127/200 [00:37 > 01:06]
SOAP:  64%|██████▍   | 128/200 [00:37 > 01:06]
SOAP:  64%|██████▍   | 129/200 [00:36 > 01:07]
SOAP:  65%|██████▌   | 130/200 [00:36 > 01:07]
SOAP:  66%|██████▌   | 131/200 [00:35 > 01:08]
SOAP:  66%|██████▌   | 132/200 [00:35 > 01:08]
SOAP:  66%|██████▋   | 133/200 [00:34 > 01:09]
SOAP:  67%|██████▋   | 134/200 [00:34 > 01:09]
SOAP:  68%|██████▊   | 135/200 [00:33 > 01:10]
SOAP:  68%|██████▊   | 136/200 [00:33 > 01:10]
SOAP:  68%|██████▊   | 137/200 [00:32 > 01:11]
SOAP:  69%|██████▉   | 138/200 [00:32 > 01:11]
SOAP:  70%|██████▉   | 139/200 [00:31 > 01:12]
SOAP:  70%|███████   | 140/200 [00:31 > 01:12]
SOAP:  70%|███████   | 141/200 [00:30 > 01:13]
SOAP:  71%|███████   | 142/200 [00:30 > 01:13]
SOAP:  72%|███████▏  | 143/200 [00:29 > 01:14]
SOAP:  72%|███████▏  | 144/200 [00:29 > 01:14]
SOAP:  72%|███████▎  | 145/200 [00:28 > 01:15]
SOAP:  73%|███████▎  | 146/200 [00:27 > 01:15]
SOAP:  74%|███████▎  | 147/200 [00:27 > 01:16]
SOAP:  74%|███████▍  | 148/200 [00:26 > 01:16]
SOAP:  74%|███████▍  | 149/200 [00:26 > 01:17]
SOAP:  75%|███████▌  | 150/200 [00:25 > 01:17]
SOAP:  76%|███████▌  | 151/200 [00:25 > 01:18]
SOAP:  76%|███████▌  | 152/200 [00:24 > 01:18]
SOAP:  76%|███████▋  | 153/200 [00:24 > 01:19]
SOAP:  77%|███████▋  | 154/200 [00:23 > 01:20]
SOAP:  78%|███████▊  | 155/200 [00:23 > 01:20]
SOAP:  78%|███████▊  | 156/200 [00:22 > 01:21]
SOAP:  78%|███████▊  | 157/200 [00:22 > 01:21]
SOAP:  79%|███████▉  | 158/200 [00:21 > 01:22]
SOAP:  80%|███████▉  | 159/200 [00:21 > 01:22]
SOAP:  80%|████████  | 160/200 [00:20 > 01:23]
SOAP:  80%|████████  | 161/200 [00:20 > 01:23]
SOAP:  81%|████████  | 162/200 [00:19 > 01:24]
SOAP:  82%|████████▏ | 163/200 [00:19 > 01:24]
SOAP:  82%|████████▏ | 164/200 [00:18 > 01:25]
SOAP:  82%|████████▎ | 165/200 [00:18 > 01:25]
SOAP:  83%|████████▎ | 166/200 [00:17 > 01:26]
SOAP:  84%|████████▎ | 167/200 [00:17 > 01:26]
SOAP:  84%|████████▍ | 168/200 [00:16 > 01:27]
SOAP:  84%|████████▍ | 169/200 [00:16 > 01:27]
SOAP:  85%|████████▌ | 170/200 [00:15 > 01:28]
SOAP:  86%|████████▌ | 171/200 [00:15 > 01:28]
SOAP:  86%|████████▌ | 172/200 [00:14 > 01:29]
SOAP:  86%|████████▋ | 173/200 [00:13 > 01:29]
SOAP:  87%|████████▋ | 174/200 [00:13 > 01:30]
SOAP:  88%|████████▊ | 175/200 [00:12 > 01:30]
SOAP:  88%|████████▊ | 176/200 [00:12 > 01:31]
SOAP:  88%|████████▊ | 177/200 [00:11 > 01:31]
SOAP:  89%|████████▉ | 178/200 [00:11 > 01:32]
SOAP:  90%|████████▉ | 179/200 [00:10 > 01:32]
SOAP:  90%|█████████ | 180/200 [00:10 > 01:33]
SOAP:  90%|█████████ | 181/200 [00:09 > 01:34]
SOAP:  91%|█████████ | 182/200 [00:09 > 01:34]
SOAP:  92%|█████████▏| 183/200 [00:08 > 01:35]
SOAP:  92%|█████████▏| 184/200 [00:08 > 01:35]
SOAP:  92%|█████████▎| 185/200 [00:07 > 01:36]
SOAP:  93%|█████████▎| 186/200 [00:07 > 01:36]
SOAP:  94%|█████████▎| 187/200 [00:06 > 01:37]
SOAP:  94%|█████████▍| 188/200 [00:06 > 01:37]
SOAP:  94%|█████████▍| 189/200 [00:05 > 01:38]
SOAP:  95%|█████████▌| 190/200 [00:05 > 01:38]
SOAP:  96%|█████████▌| 191/200 [00:04 > 01:39]
SOAP:  96%|█████████▌| 192/200 [00:04 > 01:39]
SOAP:  96%|█████████▋| 193/200 [00:03 > 01:40]
SOAP:  97%|█████████▋| 194/200 [00:03 > 01:40]
SOAP:  98%|█████████▊| 195/200 [00:02 > 01:41]
SOAP:  98%|█████████▊| 196/200 [00:02 > 01:41]
SOAP:  98%|█████████▊| 197/200 [00:01 > 01:42]
SOAP:  99%|█████████▉| 198/200 [00:01 > 01:42]
SOAP: 100%|█████████▉| 199/200 [00:00 > 01:43]
SOAP:   1%|          | 199/25778 [3:42:05 > 01:43]
SOAP iso-compute calibration: 200 probe epochs in 103.9s (0.519s/epoch) -> budget 25778 epochs (~13389s twin train wall)

SOAP:   1%|          | 200/25778 [3:41:42 > 01:43]
SOAP:   1%|          | 201/25778 [3:43:48 > 01:44]
SOAP:   1%|          | 202/25778 [3:42:03 > 01:44]
SOAP:   1%|          | 203/25778 [3:41:35 > 01:45]
SOAP:   1%|          | 204/25778 [3:41:31 > 01:45]
SOAP:   1%|          | 205/25778 [3:41:21 > 01:46]
SOAP:   1%|          | 206/25778 [3:41:07 > 01:46]
SOAP:   1%|          | 207/25778 [3:41:35 > 01:47]
SOAP:   1%|          | 208/25778 [3:42:15 > 01:48]
SOAP:   1%|          | 209/25778 [3:42:39 > 01:48]
SOAP:   1%|          | 210/25778 [3:43:03 > 01:49]
SOAP:   1%|          | 211/25778 [3:43:09 > 01:49]
SOAP:   1%|          | 212/25778 [3:43:28 > 01:50]
SOAP:   1%|          | 213/25778 [3:43:46 > 01:50]
SOAP:   1%|          | 214/25778 [3:43:58 > 01:51]
SOAP:   1%|          | 215/25778 [3:44:12 > 01:51]
SOAP:   1%|          | 216/25778 [3:44:05 > 01:52]
SOAP:   1%|          | 217/25778 [3:44:04 > 01:52]
SOAP:   1%|          | 218/25778 [3:44:03 > 01:53]
SOAP:   1%|          | 219/25778 [3:44:07 > 01:53]
SOAP:   1%|          | 220/25778 [3:44:03 > 01:54]
SOAP:   1%|          | 221/25778 [3:44:19 > 01:54]
SOAP:   1%|          | 222/25778 [3:44:13 > 01:55]
SOAP:   1%|          | 223/25778 [3:44:09 > 01:55]
SOAP:   1%|          | 224/25778 [3:44:02 > 01:56]
SOAP:   1%|          | 225/25778 [3:44:07 > 01:56]
SOAP:   1%|          | 226/25778 [3:44:07 > 01:57]
SOAP:   1%|          | 227/25778 [3:44:15 > 01:58]
SOAP:   1%|          | 228/25778 [3:44:08 > 01:58]
SOAP:   1%|          | 229/25778 [3:44:02 > 01:59]
SOAP:   1%|          | 230/25778 [3:43:56 > 01:59]
SOAP:   1%|          | 231/25778 [3:43:54 > 02:00]
SOAP:   1%|          | 232/25778 [3:41:53 > 02:00]
SOAP:   1%|          | 233/25778 [3:43:56 > 02:01]
SOAP:   1%|          | 234/25778 [3:43:50 > 02:01]
SOAP:   1%|          | 235/25778 [3:43:51 > 02:02]
SOAP:   1%|          | 236/25778 [3:43:51 > 02:02]
SOAP:   1%|          | 237/25778 [3:43:52 > 02:03]
SOAP:   1%|          | 238/25778 [3:43:57 > 02:03]
SOAP:   1%|          | 239/25778 [3:43:53 > 02:04]
SOAP:   1%|          | 240/25778 [3:43:56 > 02:04]
SOAP:   1%|          | 241/25778 [3:44:05 > 02:05]
SOAP:   1%|          | 242/25778 [3:44:56 > 02:05]
SOAP:   1%|          | 243/25778 [3:43:29 > 02:06]
SOAP:   1%|          | 244/25778 [3:43:38 > 02:06]
SOAP:   1%|          | 245/25778 [3:43:42 > 02:07]
SOAP:   1%|          | 246/25778 [3:43:47 > 02:08]
SOAP:   1%|          | 247/25778 [3:43:42 > 02:08]
SOAP:   1%|          | 248/25778 [3:43:45 > 02:09]
SOAP:   1%|          | 249/25778 [3:43:50 > 02:09]
SOAP:   1%|          | 250/25778 [3:43:56 > 02:10]
SOAP:   1%|          | 251/25778 [3:43:41 > 02:10]
SOAP:   1%|          | 252/25778 [3:43:41 > 02:11]
SOAP:   1%|          | 253/25778 [3:43:40 > 02:11]
SOAP:   1%|          | 254/25778 [3:43:36 > 02:12]
SOAP:   1%|          | 255/25778 [3:43:37 > 02:12]
SOAP:   1%|          | 256/25778 [3:43:44 > 02:13]
SOAP:   1%|          | 257/25778 [3:43:55 > 02:13]
SOAP:   1%|          | 258/25778 [3:43:50 > 02:14]
SOAP:   1%|          | 259/25778 [3:43:48 > 02:14]
SOAP:   1%|          | 260/25778 [3:43:41 > 02:15]
SOAP:   1%|          | 261/25778 [3:43:42 > 02:15]
SOAP:   1%|          | 262/25778 [3:44:01 > 02:16]
SOAP:   1%|          | 263/25778 [3:44:00 > 02:16]
SOAP:   1%|          | 264/25778 [3:43:54 > 02:17]
SOAP:   1%|          | 265/25778 [3:43:44 > 02:18]
SOAP:   1%|          | 266/25778 [3:43:42 > 02:18]
SOAP:   1%|          | 267/25778 [3:43:37 > 02:19]
SOAP:   1%|          | 268/25778 [3:43:38 > 02:19]
SOAP:   1%|          | 269/25778 [3:43:40 > 02:20]
SOAP:   1%|          | 270/25778 [3:43:44 > 02:20]
SOAP:   1%|          | 271/25778 [3:43:49 > 02:21]
SOAP:   1%|          | 272/25778 [3:43:38 > 02:21]
SOAP:   1%|          | 273/25778 [3:43:32 > 02:22]
SOAP:   1%|          | 274/25778 [3:43:36 > 02:22]
SOAP:   1%|          | 275/25778 [3:43:42 > 02:23]
SOAP:   1%|          | 276/25778 [3:43:55 > 02:23]
SOAP:   1%|          | 277/25778 [3:43:41 > 02:24]
SOAP:   1%|          | 278/25778 [3:43:39 > 02:24]
SOAP:   1%|          | 279/25778 [3:43:35 > 02:25]
SOAP:   1%|          | 280/25778 [3:43:23 > 02:25]
SOAP:   1%|          | 281/25778 [3:42:59 > 02:26]
SOAP:   1%|          | 282/25778 [3:43:07 > 02:26]
SOAP:   1%|          | 283/25778 [3:43:15 > 02:27]
SOAP:   1%|          | 284/25778 [3:43:21 > 02:28]
SOAP:   1%|          | 285/25778 [3:43:27 > 02:28]
SOAP:   1%|          | 286/25778 [3:43:36 > 02:29]
SOAP:   1%|          | 287/25778 [3:43:32 > 02:29]
SOAP:   1%|          | 288/25778 [3:43:30 > 02:30]
SOAP:   1%|          | 289/25778 [3:43:35 > 02:30]
SOAP:   1%|          | 290/25778 [3:43:11 > 02:31]
SOAP:   1%|          | 291/25778 [3:43:32 > 02:31]
SOAP:   1%|          | 292/25778 [3:43:46 > 02:32]
SOAP:   1%|          | 293/25778 [3:43:46 > 02:32]
SOAP:   1%|          | 294/25778 [3:43:35 > 02:33]
SOAP:   1%|          | 295/25778 [3:43:27 > 02:33]
SOAP:   1%|          | 296/25778 [3:43:49 > 02:34]
SOAP:   1%|          | 297/25778 [3:43:38 > 02:34]
SOAP:   1%|          | 298/25778 [3:43:29 > 02:35]
SOAP:   1%|          | 299/25778 [3:42:56 > 02:35]
SOAP:   1%|          | 300/25778 [3:43:32 > 02:36]
SOAP:   1%|          | 301/25778 [3:44:33 > 02:36]
SOAP:   1%|          | 302/25778 [3:44:45 > 02:37]
SOAP:   1%|          | 303/25778 [3:44:17 > 02:38]
SOAP:   1%|          | 304/25778 [3:44:05 > 02:38]
SOAP:   1%|          | 305/25778 [3:43:57 > 02:39]
SOAP:   1%|          | 306/25778 [3:43:55 > 02:39]
SOAP:   1%|          | 307/25778 [3:43:47 > 02:40]
SOAP:   1%|          | 308/25778 [3:43:21 > 02:40]
SOAP:   1%|          | 309/25778 [3:41:45 > 02:41]
SOAP:   1%|          | 310/25778 [3:43:36 > 02:41]
SOAP:   1%|          | 311/25778 [3:43:34 > 02:42]
SOAP:   1%|          | 312/25778 [3:43:29 > 02:42]
SOAP:   1%|          | 313/25778 [3:43:47 > 02:43]
SOAP:   1%|          | 314/25778 [3:43:34 > 02:43]
SOAP:   1%|          | 315/25778 [3:43:42 > 02:44]
SOAP:   1%|          | 316/25778 [3:43:29 > 02:44]
SOAP:   1%|          | 317/25778 [3:43:31 > 02:45]
SOAP:   1%|          | 318/25778 [3:43:35 > 02:45]
SOAP:   1%|          | 319/25778 [3:43:41 > 02:46]
SOAP:   1%|          | 320/25778 [3:43:33 > 02:46]
SOAP:   1%|          | 321/25778 [3:43:36 > 02:47]
SOAP:   1%|          | 322/25778 [3:43:42 > 02:48]
SOAP:   1%|▏         | 323/25778 [3:43:58 > 02:48]
SOAP:   1%|▏         | 324/25778 [3:43:38 > 02:49]
SOAP:   1%|▏         | 325/25778 [3:43:27 > 02:49]
SOAP:   1%|▏         | 326/25778 [3:43:40 > 02:50]
SOAP:   1%|▏         | 327/25778 [3:43:52 > 02:50]
SOAP:   1%|▏         | 328/25778 [3:43:35 > 02:51]
SOAP:   1%|▏         | 329/25778 [3:43:46 > 02:51]
SOAP:   1%|▏         | 330/25778 [3:43:39 > 02:52]
SOAP:   1%|▏         | 331/25778 [3:43:30 > 02:52]
SOAP:   1%|▏         | 332/25778 [3:43:35 > 02:53]
SOAP:   1%|▏         | 333/25778 [3:43:31 > 02:53]
SOAP:   1%|▏         | 334/25778 [3:43:31 > 02:54]
SOAP:   1%|▏         | 335/25778 [3:43:30 > 02:54]
SOAP:   1%|▏         | 336/25778 [3:43:22 > 02:55]
SOAP:   1%|▏         | 337/25778 [3:43:47 > 02:55]
SOAP:   1%|▏         | 338/25778 [3:43:38 > 02:56]
SOAP:   1%|▏         | 339/25778 [3:43:31 > 02:57]
SOAP:   1%|▏         | 340/25778 [3:43:42 > 02:57]
SOAP:   1%|▏         | 341/25778 [3:43:26 > 02:58]
SOAP:   1%|▏         | 342/25778 [3:42:51 > 02:58]
SOAP:   1%|▏         | 343/25778 [3:42:44 > 02:59]
SOAP:   1%|▏         | 344/25778 [3:42:50 > 02:59]
SOAP:   1%|▏         | 345/25778 [3:42:54 > 03:00]
SOAP:   1%|▏         | 346/25778 [3:43:00 > 03:00]
SOAP:   1%|▏         | 347/25778 [3:43:31 > 03:01]
SOAP:   1%|▏         | 348/25778 [3:43:15 > 03:01]
SOAP:   1%|▏         | 349/25778 [3:43:19 > 03:02]
SOAP:   1%|▏         | 350/25778 [3:43:02 > 03:02]
SOAP:   1%|▏         | 351/25778 [3:42:42 > 03:03]
SOAP:   1%|▏         | 352/25778 [3:43:08 > 03:03]
SOAP:   1%|▏         | 353/25778 [3:43:00 > 03:04]
SOAP:   1%|▏         | 354/25778 [3:41:44 > 03:04]
SOAP:   1%|▏         | 355/25778 [3:42:21 > 03:05]
SOAP:   1%|▏         | 356/25778 [3:42:00 > 03:05]
SOAP:   1%|▏         | 357/25778 [3:42:37 > 03:06]
SOAP:   1%|▏         | 358/25778 [3:42:45 > 03:06]
SOAP:   1%|▏         | 359/25778 [3:42:47 > 03:07]
SOAP:   1%|▏         | 360/25778 [3:42:59 > 03:08]
SOAP:   1%|▏         | 361/25778 [3:42:53 > 03:08]
SOAP:   1%|▏         | 362/25778 [3:42:16 > 03:09]
SOAP:   1%|▏         | 363/25778 [3:42:20 > 03:09]
SOAP:   1%|▏         | 364/25778 [3:42:37 > 03:10]
SOAP:   1%|▏         | 365/25778 [3:42:35 > 03:10]
SOAP:   1%|▏         | 366/25778 [3:43:12 > 03:11]
SOAP:   1%|▏         | 367/25778 [3:42:49 > 03:11]
SOAP:   1%|▏         | 368/25778 [3:42:18 > 03:12]
SOAP:   1%|▏         | 369/25778 [3:42:11 > 03:12]
SOAP:   1%|▏         | 370/25778 [3:42:42 > 03:13]
SOAP:   1%|▏         | 371/25778 [3:42:44 > 03:13]
SOAP:   1%|▏         | 372/25778 [3:42:42 > 03:14]
SOAP:   1%|▏         | 373/25778 [3:43:02 > 03:14]
SOAP:   1%|▏         | 374/25778 [3:43:13 > 03:15]
SOAP:   1%|▏         | 375/25778 [3:42:59 > 03:15]
SOAP:   1%|▏         | 376/25778 [3:43:02 > 03:16]
SOAP:   1%|▏         | 377/25778 [3:42:54 > 03:16]
SOAP:   1%|▏         | 378/25778 [3:42:24 > 03:17]
SOAP:   1%|▏         | 379/25778 [3:42:57 > 03:18]
SOAP:   1%|▏         | 380/25778 [3:42:57 > 03:18]
SOAP:   1%|▏         | 381/25778 [3:42:50 > 03:19]
SOAP:   1%|▏         | 382/25778 [3:42:52 > 03:19]
SOAP:   1%|▏         | 383/25778 [3:43:13 > 03:20]
SOAP:   1%|▏         | 384/25778 [3:42:55 > 03:20]
SOAP:   1%|▏         | 385/25778 [3:42:53 > 03:21]
SOAP:   1%|▏         | 386/25778 [3:41:30 > 03:21]
SOAP:   2%|▏         | 387/25778 [3:42:46 > 03:22]
SOAP:   2%|▏         | 388/25778 [3:42:51 > 03:22]
SOAP:   2%|▏         | 389/25778 [3:43:04 > 03:23]
SOAP:   2%|▏         | 390/25778 [3:42:32 > 03:23]
SOAP:   2%|▏         | 391/25778 [3:42:13 > 03:24]
SOAP:   2%|▏         | 392/25778 [3:42:40 > 03:24]
SOAP:   2%|▏         | 393/25778 [3:42:47 > 03:25]
SOAP:   2%|▏         | 394/25778 [3:42:30 > 03:25]
SOAP:   2%|▏         | 395/25778 [3:42:19 > 03:26]
SOAP:   2%|▏         | 396/25778 [3:42:27 > 03:26]
SOAP:   2%|▏         | 397/25778 [3:42:26 > 03:27]
SOAP:   2%|▏         | 398/25778 [3:42:45 > 03:28]
SOAP:   2%|▏         | 399/25778 [3:43:03 > 03:28]
SOAP:   2%|▏         | 400/25778 [3:42:51 > 03:29]
SOAP:   2%|▏         | 401/25778 [3:43:54 > 03:29]
SOAP:   2%|▏         | 402/25778 [3:43:29 > 03:30]
SOAP:   2%|▏         | 403/25778 [3:43:25 > 03:30]
SOAP:   2%|▏         | 404/25778 [3:43:14 > 03:31]
SOAP:   2%|▏         | 405/25778 [3:41:22 > 03:31]
SOAP:   2%|▏         | 406/25778 [3:42:45 > 03:32]
SOAP:   2%|▏         | 407/25778 [3:42:16 > 03:32]
SOAP:   2%|▏         | 408/25778 [3:42:18 > 03:33]
SOAP:   2%|▏         | 409/25778 [3:42:39 > 03:33]
SOAP:   2%|▏         | 410/25778 [3:42:48 > 03:34]
SOAP:   2%|▏         | 411/25778 [3:42:42 > 03:34]
SOAP:   2%|▏         | 412/25778 [3:42:50 > 03:35]
SOAP:   2%|▏         | 413/25778 [3:44:01 > 03:35]
SOAP:   2%|▏         | 414/25778 [3:42:44 > 03:36]
SOAP:   2%|▏         | 415/25778 [3:42:54 > 03:37]
SOAP:   2%|▏         | 416/25778 [3:42:36 > 03:37]
SOAP:   2%|▏         | 417/25778 [3:42:45 > 03:38]
SOAP:   2%|▏         | 418/25778 [3:42:56 > 03:38]
SOAP:   2%|▏         | 419/25778 [3:42:43 > 03:39]
SOAP:   2%|▏         | 420/25778 [3:42:50 > 03:39]
SOAP:   2%|▏         | 421/25778 [3:42:52 > 03:40]
SOAP:   2%|▏         | 422/25778 [3:43:00 > 03:40]
SOAP:   2%|▏         | 423/25778 [3:42:18 > 03:41]
SOAP:   2%|▏         | 424/25778 [3:42:35 > 03:41]
SOAP:   2%|▏         | 425/25778 [3:43:31 > 03:42]
SOAP:   2%|▏         | 426/25778 [3:43:17 > 03:42]
SOAP:   2%|▏         | 427/25778 [3:43:12 > 03:43]
SOAP:   2%|▏         | 428/25778 [3:43:18 > 03:43]
SOAP:   2%|▏         | 429/25778 [3:43:02 > 03:44]
SOAP:   2%|▏         | 430/25778 [3:42:59 > 03:44]
SOAP:   2%|▏         | 431/25778 [3:42:50 > 03:45]
SOAP:   2%|▏         | 432/25778 [3:42:47 > 03:45]
SOAP:   2%|▏         | 433/25778 [3:42:31 > 03:46]
SOAP:   2%|▏         | 434/25778 [3:42:43 > 03:47]
SOAP:   2%|▏         | 435/25778 [3:42:35 > 03:47]
SOAP:   2%|▏         | 436/25778 [3:42:43 > 03:48]
SOAP:   2%|▏         | 437/25778 [3:42:37 > 03:48]
SOAP:   2%|▏         | 438/25778 [3:42:46 > 03:49]
SOAP:   2%|▏         | 439/25778 [3:42:40 > 03:49]
SOAP:   2%|▏         | 440/25778 [3:42:33 > 03:50]
SOAP:   2%|▏         | 441/25778 [3:42:47 > 03:50]
SOAP:   2%|▏         | 442/25778 [3:42:44 > 03:51]
SOAP:   2%|▏         | 443/25778 [3:42:37 > 03:51]
SOAP:   2%|▏         | 444/25778 [3:42:50 > 03:52]
SOAP:   2%|▏         | 445/25778 [3:42:51 > 03:52]
SOAP:   2%|▏         | 446/25778 [3:42:44 > 03:53]
SOAP:   2%|▏         | 447/25778 [3:42:35 > 03:53]
SOAP:   2%|▏         | 448/25778 [3:42:40 > 03:54]
SOAP:   2%|▏         | 449/25778 [3:42:42 > 03:54]
SOAP:   2%|▏         | 450/25778 [3:42:31 > 03:55]
SOAP:   2%|▏         | 451/25778 [3:42:35 > 03:55]
SOAP:   2%|▏         | 452/25778 [3:42:51 > 03:56]
SOAP:   2%|▏         | 453/25778 [3:42:40 > 03:57]
SOAP:   2%|▏         | 454/25778 [3:42:36 > 03:57]
SOAP:   2%|▏         | 455/25778 [3:42:27 > 03:58]
SOAP:   2%|▏         | 456/25778 [3:42:47 > 03:58]
SOAP:   2%|▏         | 457/25778 [3:42:34 > 03:59]
SOAP:   2%|▏         | 458/25778 [3:42:21 > 03:59]
SOAP:   2%|▏         | 459/25778 [3:42:24 > 04:00]
SOAP:   2%|▏         | 460/25778 [3:42:31 > 04:00]
SOAP:   2%|▏         | 461/25778 [3:42:41 > 04:01]
SOAP:   2%|▏         | 462/25778 [3:42:38 > 04:01]
SOAP:   2%|▏         | 463/25778 [3:42:29 > 04:02]
SOAP:   2%|▏         | 464/25778 [3:42:36 > 04:02]
SOAP:   2%|▏         | 465/25778 [3:42:37 > 04:03]
SOAP:   2%|▏         | 466/25778 [3:42:28 > 04:03]
SOAP:   2%|▏         | 467/25778 [3:42:26 > 04:04]
SOAP:   2%|▏         | 468/25778 [3:42:46 > 04:04]
SOAP:   2%|▏         | 469/25778 [3:42:36 > 04:05]
SOAP:   2%|▏         | 470/25778 [3:42:08 > 04:06]
SOAP:   2%|▏         | 471/25778 [3:42:17 > 04:06]
SOAP:   2%|▏         | 472/25778 [3:42:32 > 04:07]
SOAP:   2%|▏         | 473/25778 [3:42:16 > 04:07]
SOAP:   2%|▏         | 474/25778 [3:41:41 > 04:08]
SOAP:   2%|▏         | 475/25778 [3:40:58 > 04:08]
SOAP:   2%|▏         | 476/25778 [3:40:30 > 04:09]
SOAP:   2%|▏         | 477/25778 [3:40:11 > 04:09]
SOAP:   2%|▏         | 478/25778 [3:39:54 > 04:10]
SOAP:   2%|▏         | 479/25778 [3:39:38 > 04:10]
SOAP:   2%|▏         | 480/25778 [3:39:32 > 04:11]
SOAP:   2%|▏         | 481/25778 [3:39:35 > 04:11]
SOAP:   2%|▏         | 482/25778 [3:38:01 > 04:12]
SOAP:   2%|▏         | 483/25778 [3:40:27 > 04:12]
SOAP:   2%|▏         | 484/25778 [3:40:20 > 04:13]
SOAP:   2%|▏         | 485/25778 [3:40:29 > 04:13]
SOAP:   2%|▏         | 486/25778 [3:40:14 > 04:14]
SOAP:   2%|▏         | 487/25778 [3:40:09 > 04:14]
SOAP:   2%|▏         | 488/25778 [3:39:54 > 04:15]
SOAP:   2%|▏         | 489/25778 [3:38:07 > 04:15]
SOAP:   2%|▏         | 490/25778 [3:40:17 > 04:16]
SOAP:   2%|▏         | 491/25778 [3:40:02 > 04:16]
SOAP:   2%|▏         | 492/25778 [3:39:49 > 04:17]
SOAP:   2%|▏         | 493/25778 [3:39:45 > 04:18]
SOAP:   2%|▏         | 494/25778 [3:39:46 > 04:18]
SOAP:   2%|▏         | 495/25778 [3:39:50 > 04:19]
SOAP:   2%|▏         | 496/25778 [3:39:45 > 04:19]
SOAP:   2%|▏         | 497/25778 [3:39:49 > 04:20]
SOAP:   2%|▏         | 498/25778 [3:39:48 > 04:20]
SOAP:   2%|▏         | 499/25778 [3:39:46 > 04:21]
SOAP:   2%|▏         | 500/25778 [3:39:42 > 04:21]
SOAP:   2%|▏         | 501/25778 [3:41:42 > 04:22]
SOAP:   2%|▏         | 502/25778 [3:40:09 > 04:22]
SOAP:   2%|▏         | 503/25778 [3:40:09 > 04:23]
SOAP:   2%|▏         | 504/25778 [3:40:03 > 04:23]
SOAP:   2%|▏         | 505/25778 [3:40:08 > 04:24]
SOAP:   2%|▏         | 506/25778 [3:39:58 > 04:24]
SOAP:   2%|▏         | 507/25778 [3:39:41 > 04:25]
SOAP:   2%|▏         | 508/25778 [3:39:36 > 04:25]
SOAP:   2%|▏         | 509/25778 [3:39:32 > 04:26]
SOAP:   2%|▏         | 510/25778 [3:39:23 > 04:26]
SOAP:   2%|▏         | 511/25778 [3:39:23 > 04:27]
SOAP:   2%|▏         | 512/25778 [3:39:08 > 04:27]
SOAP:   2%|▏         | 513/25778 [3:39:10 > 04:28]
SOAP:   2%|▏         | 514/25778 [3:39:24 > 04:28]
SOAP:   2%|▏         | 515/25778 [3:39:59 > 04:29]
SOAP:   2%|▏         | 516/25778 [3:39:48 > 04:30]
SOAP:   2%|▏         | 517/25778 [3:39:43 > 04:30]
SOAP:   2%|▏         | 518/25778 [3:39:50 > 04:31]
SOAP:   2%|▏         | 519/25778 [3:39:45 > 04:31]
SOAP:   2%|▏         | 520/25778 [3:39:34 > 04:32]
SOAP:   2%|▏         | 521/25778 [3:39:24 > 04:32]
SOAP:   2%|▏         | 522/25778 [3:39:23 > 04:33]
SOAP:   2%|▏         | 523/25778 [3:38:57 > 04:33]
SOAP:   2%|▏         | 524/25778 [3:39:01 > 04:34]
SOAP:   2%|▏         | 525/25778 [3:38:55 > 04:34]
SOAP:   2%|▏         | 526/25778 [3:38:50 > 04:35]
SOAP:   2%|▏         | 527/25778 [3:38:53 > 04:35]
SOAP:   2%|▏         | 528/25778 [3:39:05 > 04:36]
SOAP:   2%|▏         | 529/25778 [3:39:00 > 04:36]
SOAP:   2%|▏         | 530/25778 [3:39:10 > 04:37]
SOAP:   2%|▏         | 531/25778 [3:39:22 > 04:37]
SOAP:   2%|▏         | 532/25778 [3:39:16 > 04:38]
SOAP:   2%|▏         | 533/25778 [3:39:18 > 04:38]
SOAP:   2%|▏         | 534/25778 [3:39:25 > 04:39]
SOAP:   2%|▏         | 535/25778 [3:39:36 > 04:39]
SOAP:   2%|▏         | 536/25778 [3:39:34 > 04:40]
SOAP:   2%|▏         | 537/25778 [3:39:36 > 04:40]
SOAP:   2%|▏         | 538/25778 [3:39:34 > 04:41]
SOAP:   2%|▏         | 539/25778 [3:39:28 > 04:42]
SOAP:   2%|▏         | 540/25778 [3:37:32 > 04:42]
SOAP:   2%|▏         | 541/25778 [3:39:47 > 04:43]
SOAP:   2%|▏         | 542/25778 [3:39:37 > 04:43]
SOAP:   2%|▏         | 543/25778 [3:39:44 > 04:44]
SOAP:   2%|▏         | 544/25778 [3:39:36 > 04:44]
SOAP:   2%|▏         | 545/25778 [3:39:35 > 04:45]
SOAP:   2%|▏         | 546/25778 [3:39:37 > 04:45]
SOAP:   2%|▏         | 547/25778 [3:39:44 > 04:46]
SOAP:   2%|▏         | 548/25778 [3:39:27 > 04:46]
SOAP:   2%|▏         | 549/25778 [3:39:14 > 04:47]
SOAP:   2%|▏         | 550/25778 [3:39:14 > 04:47]
SOAP:   2%|▏         | 551/25778 [3:39:09 > 04:48]
SOAP:   2%|▏         | 552/25778 [3:39:00 > 04:48]
SOAP:   2%|▏         | 553/25778 [3:39:10 > 04:49]
SOAP:   2%|▏         | 554/25778 [3:39:18 > 04:49]
SOAP:   2%|▏         | 555/25778 [3:39:15 > 04:50]
SOAP:   2%|▏         | 556/25778 [3:39:19 > 04:50]
SOAP:   2%|▏         | 557/25778 [3:39:22 > 04:51]
SOAP:   2%|▏         | 558/25778 [3:39:19 > 04:51]
SOAP:   2%|▏         | 559/25778 [3:39:23 > 04:52]
SOAP:   2%|▏         | 560/25778 [3:39:28 > 04:52]
SOAP:   2%|▏         | 561/25778 [3:40:04 > 04:53]
SOAP:   2%|▏         | 562/25778 [3:39:51 > 04:54]
SOAP:   2%|▏         | 563/25778 [3:39:46 > 04:54]
SOAP:   2%|▏         | 564/25778 [3:39:32 > 04:55]
SOAP:   2%|▏         | 565/25778 [3:39:22 > 04:55]
SOAP:   2%|▏         | 566/25778 [3:39:23 > 04:56]
SOAP:   2%|▏         | 567/25778 [3:39:13 > 04:56]
SOAP:   2%|▏         | 568/25778 [3:38:58 > 04:57]
SOAP:   2%|▏         | 569/25778 [3:38:54 > 04:57]
SOAP:   2%|▏         | 570/25778 [3:38:46 > 04:58]
SOAP:   2%|▏         | 571/25778 [3:38:47 > 04:58]
SOAP:   2%|▏         | 572/25778 [3:38:41 > 04:59]
SOAP:   2%|▏         | 573/25778 [3:38:40 > 04:59]
SOAP:   2%|▏         | 574/25778 [3:38:54 > 05:00]
SOAP:   2%|▏         | 575/25778 [3:39:02 > 05:00]
SOAP:   2%|▏         | 576/25778 [3:39:00 > 05:01]
SOAP:   2%|▏         | 577/25778 [3:39:07 > 05:01]
SOAP:   2%|▏         | 578/25778 [3:39:10 > 05:02]
SOAP:   2%|▏         | 579/25778 [3:37:25 > 05:02]
SOAP:   2%|▏         | 580/25778 [3:39:41 > 05:03]
SOAP:   2%|▏         | 581/25778 [3:39:24 > 05:03]
SOAP:   2%|▏         | 582/25778 [3:39:03 > 05:04]
SOAP:   2%|▏         | 583/25778 [3:39:00 > 05:04]
SOAP:   2%|▏         | 584/25778 [3:38:52 > 05:05]
SOAP:   2%|▏         | 585/25778 [3:38:45 > 05:05]
SOAP:   2%|▏         | 586/25778 [3:38:43 > 05:06]
SOAP:   2%|▏         | 587/25778 [3:38:36 > 05:07]
SOAP:   2%|▏         | 588/25778 [3:38:41 > 05:07]
SOAP:   2%|▏         | 589/25778 [3:38:48 > 05:08]
SOAP:   2%|▏         | 590/25778 [3:38:49 > 05:08]
SOAP:   2%|▏         | 591/25778 [3:39:08 > 05:09]
SOAP:   2%|▏         | 592/25778 [3:39:02 > 05:09]
SOAP:   2%|▏         | 593/25778 [3:39:06 > 05:10]
SOAP:   2%|▏         | 594/25778 [3:39:07 > 05:10]
SOAP:   2%|▏         | 595/25778 [3:39:00 > 05:11]
SOAP:   2%|▏         | 596/25778 [3:38:47 > 05:11]
SOAP:   2%|▏         | 597/25778 [3:38:33 > 05:12]
SOAP:   2%|▏         | 598/25778 [3:38:36 > 05:12]
SOAP:   2%|▏         | 599/25778 [3:38:37 > 05:13]
SOAP:   2%|▏         | 600/25778 [3:38:31 > 05:13]
SOAP:   2%|▏         | 601/25778 [3:40:34 > 05:14]
SOAP:   2%|▏         | 602/25778 [3:39:13 > 05:14]
SOAP:   2%|▏         | 603/25778 [3:37:25 > 05:15]
SOAP:   2%|▏         | 604/25778 [3:39:37 > 05:15]
SOAP:   2%|▏         | 605/25778 [3:39:17 > 05:16]
SOAP:   2%|▏         | 606/25778 [3:38:56 > 05:16]
SOAP:   2%|▏         | 607/25778 [3:38:35 > 05:17]
SOAP:   2%|▏         | 608/25778 [3:38:54 > 05:17]
SOAP:   2%|▏         | 609/25778 [3:38:54 > 05:18]
SOAP:   2%|▏         | 610/25778 [3:39:00 > 05:19]
SOAP:   2%|▏         | 611/25778 [3:38:55 > 05:19]
SOAP:   2%|▏         | 612/25778 [3:39:02 > 05:20]
SOAP:   2%|▏         | 613/25778 [3:39:02 > 05:20]
SOAP:   2%|▏         | 614/25778 [3:39:03 > 05:21]
SOAP:   2%|▏         | 615/25778 [3:37:01 > 05:21]
SOAP:   2%|▏         | 616/25778 [3:39:13 > 05:22]
SOAP:   2%|▏         | 617/25778 [3:38:51 > 05:22]
SOAP:   2%|▏         | 618/25778 [3:38:50 > 05:23]
SOAP:   2%|▏         | 619/25778 [3:38:37 > 05:23]
SOAP:   2%|▏         | 620/25778 [3:38:34 > 05:24]
SOAP:   2%|▏         | 621/25778 [3:38:41 > 05:24]
SOAP:   2%|▏         | 622/25778 [3:39:08 > 05:25]
SOAP:   2%|▏         | 623/25778 [3:39:32 > 05:25]
SOAP:   2%|▏         | 624/25778 [3:39:14 > 05:26]
SOAP:   2%|▏         | 625/25778 [3:38:53 > 05:26]
SOAP:   2%|▏         | 626/25778 [3:38:34 > 05:27]
SOAP:   2%|▏         | 627/25778 [3:38:26 > 05:27]
SOAP:   2%|▏         | 628/25778 [3:38:23 > 05:28]
SOAP:   2%|▏         | 629/25778 [3:38:26 > 05:28]
SOAP:   2%|▏         | 630/25778 [3:38:12 > 05:29]
SOAP:   2%|▏         | 631/25778 [3:38:38 > 05:29]
SOAP:   2%|▏         | 632/25778 [3:38:54 > 05:30]
SOAP:   2%|▏         | 633/25778 [3:38:50 > 05:31]
SOAP:   2%|▏         | 634/25778 [3:38:46 > 05:31]
SOAP:   2%|▏         | 635/25778 [3:38:43 > 05:32]
SOAP:   2%|▏         | 636/25778 [3:38:43 > 05:32]
SOAP:   2%|▏         | 637/25778 [3:36:43 > 05:33]
SOAP:   2%|▏         | 638/25778 [3:38:51 > 05:33]
SOAP:   2%|▏         | 639/25778 [3:38:44 > 05:34]
SOAP:   2%|▏         | 640/25778 [3:38:30 > 05:34]
SOAP:   2%|▏         | 641/25778 [3:38:35 > 05:35]
SOAP:   2%|▏         | 642/25778 [3:39:07 > 05:35]
SOAP:   2%|▏         | 643/25778 [3:38:59 > 05:36]
SOAP:   2%|▏         | 644/25778 [3:38:50 > 05:36]
SOAP:   3%|▎         | 645/25778 [3:38:43 > 05:37]
SOAP:   3%|▎         | 646/25778 [3:38:35 > 05:37]
SOAP:   3%|▎         | 647/25778 [3:36:49 > 05:38]
SOAP:   3%|▎         | 648/25778 [3:38:55 > 05:38]
SOAP:   3%|▎         | 649/25778 [3:38:35 > 05:39]
SOAP:   3%|▎         | 650/25778 [3:38:25 > 05:39]
SOAP:   3%|▎         | 651/25778 [3:38:21 > 05:40]
SOAP:   3%|▎         | 652/25778 [3:38:10 > 05:40]
SOAP:   3%|▎         | 653/25778 [3:38:41 > 05:41]
SOAP:   3%|▎         | 654/25778 [3:38:38 > 05:41]
SOAP:   3%|▎         | 655/25778 [3:38:37 > 05:42]
SOAP:   3%|▎         | 656/25778 [3:38:38 > 05:43]
SOAP:   3%|▎         | 657/25778 [3:38:43 > 05:43]
SOAP:   3%|▎         | 658/25778 [3:38:25 > 05:44]
SOAP:   3%|▎         | 659/25778 [3:36:31 > 05:44]
SOAP:   3%|▎         | 660/25778 [3:38:46 > 05:45]
SOAP:   3%|▎         | 661/25778 [3:38:23 > 05:45]
SOAP:   3%|▎         | 662/25778 [3:38:07 > 05:46]
SOAP:   3%|▎         | 663/25778 [3:37:59 > 05:46]
SOAP:   3%|▎         | 664/25778 [3:37:50 > 05:47]
SOAP:   3%|▎         | 665/25778 [3:37:58 > 05:47]
SOAP:   3%|▎         | 666/25778 [3:37:58 > 05:48]
SOAP:   3%|▎         | 667/25778 [3:38:11 > 05:48]
SOAP:   3%|▎         | 668/25778 [3:38:18 > 05:49]
SOAP:   3%|▎         | 669/25778 [3:38:17 > 05:49]
SOAP:   3%|▎         | 670/25778 [3:38:18 > 05:50]
SOAP:   3%|▎         | 671/25778 [3:38:28 > 05:50]
SOAP:   3%|▎         | 672/25778 [3:38:23 > 05:51]
SOAP:   3%|▎         | 673/25778 [3:38:27 > 05:51]
SOAP:   3%|▎         | 674/25778 [3:38:14 > 05:52]
SOAP:   3%|▎         | 675/25778 [3:38:07 > 05:52]
SOAP:   3%|▎         | 676/25778 [3:36:24 > 05:53]
SOAP:   3%|▎         | 677/25778 [3:37:33 > 05:53]
SOAP:   3%|▎         | 678/25778 [3:38:05 > 05:54]
SOAP:   3%|▎         | 679/25778 [3:37:57 > 05:55]
SOAP:   3%|▎         | 680/25778 [3:37:43 > 05:55]
SOAP:   3%|▎         | 681/25778 [3:37:19 > 05:56]
SOAP:   3%|▎         | 682/25778 [3:37:24 > 05:56]
SOAP:   3%|▎         | 683/25778 [3:37:30 > 05:57]
SOAP:   3%|▎         | 684/25778 [3:37:29 > 05:57]
SOAP:   3%|▎         | 685/25778 [3:37:40 > 05:58]
SOAP:   3%|▎         | 686/25778 [3:37:40 > 05:58]
SOAP:   3%|▎         | 687/25778 [3:37:40 > 05:59]
SOAP:   3%|▎         | 688/25778 [3:37:34 > 05:59]
SOAP:   3%|▎         | 689/25778 [3:37:39 > 06:00]
SOAP:   3%|▎         | 690/25778 [3:37:49 > 06:00]
SOAP:   3%|▎         | 691/25778 [3:37:58 > 06:01]
SOAP:   3%|▎         | 692/25778 [3:37:59 > 06:01]
SOAP:   3%|▎         | 693/25778 [3:38:06 > 06:02]
SOAP:   3%|▎         | 694/25778 [3:38:06 > 06:02]
SOAP:   3%|▎         | 695/25778 [3:38:09 > 06:03]
SOAP:   3%|▎         | 696/25778 [3:38:11 > 06:03]
SOAP:   3%|▎         | 697/25778 [3:38:00 > 06:04]
SOAP:   3%|▎         | 698/25778 [3:37:46 > 06:04]
SOAP:   3%|▎         | 699/25778 [3:38:02 > 06:05]
SOAP:   3%|▎         | 700/25778 [3:38:36 > 06:05]
SOAP:   3%|▎         | 701/25778 [3:40:41 > 06:06]
SOAP:   3%|▎         | 702/25778 [3:38:56 > 06:07]
SOAP:   3%|▎         | 703/25778 [3:38:48 > 06:07]
SOAP:   3%|▎         | 704/25778 [3:38:37 > 06:08]
SOAP:   3%|▎         | 705/25778 [3:38:30 > 06:08]
SOAP:   3%|▎         | 706/25778 [3:38:20 > 06:09]
SOAP:   3%|▎         | 707/25778 [3:38:20 > 06:09]
SOAP:   3%|▎         | 708/25778 [3:38:16 > 06:10]
SOAP:   3%|▎         | 709/25778 [3:38:02 > 06:10]
SOAP:   3%|▎         | 710/25778 [3:37:52 > 06:11]
SOAP:   3%|▎         | 711/25778 [3:37:47 > 06:11]
SOAP:   3%|▎         | 712/25778 [3:37:41 > 06:12]
SOAP:   3%|▎         | 713/25778 [3:37:48 > 06:12]
SOAP:   3%|▎         | 714/25778 [3:37:54 > 06:13]
SOAP:   3%|▎         | 715/25778 [3:37:42 > 06:13]
SOAP:   3%|▎         | 716/25778 [3:37:58 > 06:14]
SOAP:   3%|▎         | 717/25778 [3:37:58 > 06:14]
SOAP:   3%|▎         | 718/25778 [3:38:00 > 06:15]
SOAP:   3%|▎         | 719/25778 [3:38:08 > 06:15]
SOAP:   3%|▎         | 720/25778 [3:38:03 > 06:16]
SOAP:   3%|▎         | 721/25778 [3:37:56 > 06:16]
SOAP:   3%|▎         | 722/25778 [3:37:41 > 06:17]
SOAP:   3%|▎         | 723/25778 [3:37:32 > 06:17]
SOAP:   3%|▎         | 724/25778 [3:37:23 > 06:18]
SOAP:   3%|▎         | 725/25778 [3:37:29 > 06:19]
SOAP:   3%|▎         | 726/25778 [3:37:40 > 06:19]
SOAP:   3%|▎         | 727/25778 [3:37:42 > 06:20]
SOAP:   3%|▎         | 728/25778 [3:37:48 > 06:20]
SOAP:   3%|▎         | 729/25778 [3:37:51 > 06:21]
SOAP:   3%|▎         | 730/25778 [3:37:49 > 06:21]
SOAP:   3%|▎         | 731/25778 [3:37:46 > 06:22]
SOAP:   3%|▎         | 732/25778 [3:37:56 > 06:22]
SOAP:   3%|▎         | 733/25778 [3:37:37 > 06:23]
SOAP:   3%|▎         | 734/25778 [3:37:23 > 06:23]
SOAP:   3%|▎         | 735/25778 [3:37:21 > 06:24]
SOAP:   3%|▎         | 736/25778 [3:37:26 > 06:24]
SOAP:   3%|▎         | 737/25778 [3:37:41 > 06:25]
SOAP:   3%|▎         | 738/25778 [3:38:16 > 06:25]
SOAP:   3%|▎         | 739/25778 [3:38:11 > 06:26]
SOAP:   3%|▎         | 740/25778 [3:38:09 > 06:26]
SOAP:   3%|▎         | 741/25778 [3:38:09 > 06:27]
SOAP:   3%|▎         | 742/25778 [3:37:53 > 06:27]
SOAP:   3%|▎         | 743/25778 [3:37:32 > 06:28]
SOAP:   3%|▎         | 744/25778 [3:37:30 > 06:28]
SOAP:   3%|▎         | 745/25778 [3:37:26 > 06:29]
SOAP:   3%|▎         | 746/25778 [3:37:27 > 06:29]
SOAP:   3%|▎         | 747/25778 [3:37:30 > 06:30]
SOAP:   3%|▎         | 748/25778 [3:37:42 > 06:31]
SOAP:   3%|▎         | 749/25778 [3:37:37 > 06:31]
SOAP:   3%|▎         | 750/25778 [3:37:44 > 06:32]
SOAP:   3%|▎         | 751/25778 [3:37:30 > 06:32]
SOAP:   3%|▎         | 752/25778 [3:37:36 > 06:33]
SOAP:   3%|▎         | 753/25778 [3:37:28 > 06:33]
SOAP:   3%|▎         | 754/25778 [3:37:13 > 06:34]
SOAP:   3%|▎         | 755/25778 [3:37:15 > 06:34]
SOAP:   3%|▎         | 756/25778 [3:37:19 > 06:35]
SOAP:   3%|▎         | 757/25778 [3:37:08 > 06:35]
SOAP:   3%|▎         | 758/25778 [3:37:07 > 06:36]
SOAP:   3%|▎         | 759/25778 [3:37:04 > 06:36]
SOAP:   3%|▎         | 760/25778 [3:37:08 > 06:37]
SOAP:   3%|▎         | 761/25778 [3:37:18 > 06:37]
SOAP:   3%|▎         | 762/25778 [3:37:58 > 06:38]
SOAP:   3%|▎         | 763/25778 [3:37:45 > 06:38]
SOAP:   3%|▎         | 764/25778 [3:37:43 > 06:39]
SOAP:   3%|▎         | 765/25778 [3:36:07 > 06:39]
SOAP:   3%|▎         | 766/25778 [3:38:05 > 06:40]
SOAP:   3%|▎         | 767/25778 [3:37:45 > 06:40]
SOAP:   3%|▎         | 768/25778 [3:37:46 > 06:41]
SOAP:   3%|▎         | 769/25778 [3:36:09 > 06:41]
SOAP:   3%|▎         | 770/25778 [3:37:27 > 06:42]
SOAP:   3%|▎         | 771/25778 [3:37:10 > 06:43]
SOAP:   3%|▎         | 772/25778 [3:37:05 > 06:43]
SOAP:   3%|▎         | 773/25778 [3:35:22 > 06:44]
SOAP:   3%|▎         | 774/25778 [3:37:36 > 06:44]
SOAP:   3%|▎         | 775/25778 [3:37:34 > 06:45]
SOAP:   3%|▎         | 776/25778 [3:37:40 > 06:45]
SOAP:   3%|▎         | 777/25778 [3:37:39 > 06:46]
SOAP:   3%|▎         | 778/25778 [3:37:51 > 06:46]
SOAP:   3%|▎         | 779/25778 [3:38:08 > 06:47]
SOAP:   3%|▎         | 780/25778 [3:37:43 > 06:47]
SOAP:   3%|▎         | 781/25778 [3:37:22 > 06:48]
SOAP:   3%|▎         | 782/25778 [3:37:17 > 06:48]
SOAP:   3%|▎         | 783/25778 [3:37:10 > 06:49]
SOAP:   3%|▎         | 784/25778 [3:37:24 > 06:49]
SOAP:   3%|▎         | 785/25778 [3:37:30 > 06:50]
SOAP:   3%|▎         | 786/25778 [3:37:32 > 06:50]
SOAP:   3%|▎         | 787/25778 [3:37:28 > 06:51]
SOAP:   3%|▎         | 788/25778 [3:37:20 > 06:51]
SOAP:   3%|▎         | 789/25778 [3:37:24 > 06:52]
SOAP:   3%|▎         | 790/25778 [3:37:18 > 06:52]
SOAP:   3%|▎         | 791/25778 [3:37:09 > 06:53]
SOAP:   3%|▎         | 792/25778 [3:37:09 > 06:53]
SOAP:   3%|▎         | 793/25778 [3:37:01 > 06:54]
SOAP:   3%|▎         | 794/25778 [3:36:51 > 06:55]
SOAP:   3%|▎         | 795/25778 [3:36:48 > 06:55]
SOAP:   3%|▎         | 796/25778 [3:37:15 > 06:56]
SOAP:   3%|▎         | 797/25778 [3:37:43 > 06:56]
SOAP:   3%|▎         | 798/25778 [3:37:40 > 06:57]
SOAP:   3%|▎         | 799/25778 [3:37:23 > 06:57]
SOAP:   3%|▎         | 800/25778 [3:37:15 > 06:58]
SOAP:   3%|▎         | 801/25778 [3:39:17 > 06:58]
SOAP:   3%|▎         | 802/25778 [3:35:49 > 06:59]
SOAP:   3%|▎         | 803/25778 [3:38:04 > 06:59]
SOAP:   3%|▎         | 804/25778 [3:35:58 > 07:00]
SOAP:   3%|▎         | 805/25778 [3:36:36 > 07:00]
SOAP:   3%|▎         | 806/25778 [3:36:33 > 07:01]
SOAP:   3%|▎         | 807/25778 [3:38:18 > 07:01]
SOAP:   3%|▎         | 808/25778 [3:36:41 > 07:02]
SOAP:   3%|▎         | 809/25778 [3:38:00 > 07:02]
SOAP:   3%|▎         | 810/25778 [3:37:45 > 07:03]
SOAP:   3%|▎         | 811/25778 [3:38:01 > 07:03]
SOAP:   3%|▎         | 812/25778 [3:37:08 > 07:04]
SOAP:   3%|▎         | 813/25778 [3:37:34 > 07:04]
SOAP:   3%|▎         | 814/25778 [3:37:26 > 07:05]
SOAP:   3%|▎         | 815/25778 [3:37:20 > 07:05]
SOAP:   3%|▎         | 816/25778 [3:37:15 > 07:06]
SOAP:   3%|▎         | 817/25778 [3:35:29 > 07:07]
SOAP:   3%|▎         | 818/25778 [3:37:32 > 07:07]
SOAP:   3%|▎         | 819/25778 [3:37:21 > 07:08]
SOAP:   3%|▎         | 820/25778 [3:37:18 > 07:08]
SOAP:   3%|▎         | 821/25778 [3:37:24 > 07:09]
SOAP:   3%|▎         | 822/25778 [3:37:07 > 07:09]
SOAP:   3%|▎         | 823/25778 [3:37:17 > 07:10]
SOAP:   3%|▎         | 824/25778 [3:37:09 > 07:10]
SOAP:   3%|▎         | 825/25778 [3:37:19 > 07:11]
SOAP:   3%|▎         | 826/25778 [3:37:02 > 07:11]
SOAP:   3%|▎         | 827/25778 [3:36:53 > 07:12]
SOAP:   3%|▎         | 828/25778 [3:36:45 > 07:12]
SOAP:   3%|▎         | 829/25778 [3:35:04 > 07:13]
SOAP:   3%|▎         | 830/25778 [3:37:34 > 07:13]
SOAP:   3%|▎         | 831/25778 [3:37:57 > 07:14]
SOAP:   3%|▎         | 832/25778 [3:37:36 > 07:14]
SOAP:   3%|▎         | 833/25778 [3:37:32 > 07:15]
SOAP:   3%|▎         | 834/25778 [3:37:13 > 07:15]
SOAP:   3%|▎         | 835/25778 [3:37:06 > 07:16]
SOAP:   3%|▎         | 836/25778 [3:36:49 > 07:16]
SOAP:   3%|▎         | 837/25778 [3:36:46 > 07:17]
SOAP:   3%|▎         | 838/25778 [3:36:41 > 07:17]
SOAP:   3%|▎         | 839/25778 [3:36:50 > 07:18]
SOAP:   3%|▎         | 840/25778 [3:36:54 > 07:19]
SOAP:   3%|▎         | 841/25778 [3:36:57 > 07:19]
SOAP:   3%|▎         | 842/25778 [3:36:52 > 07:20]
SOAP:   3%|▎         | 843/25778 [3:36:51 > 07:20]
SOAP:   3%|▎         | 844/25778 [3:36:55 > 07:21]
SOAP:   3%|▎         | 845/25778 [3:36:45 > 07:21]
SOAP:   3%|▎         | 846/25778 [3:36:36 > 07:22]
SOAP:   3%|▎         | 847/25778 [3:34:44 > 07:22]
SOAP:   3%|▎         | 848/25778 [3:36:55 > 07:23]
SOAP:   3%|▎         | 849/25778 [3:36:53 > 07:23]
SOAP:   3%|▎         | 850/25778 [3:36:43 > 07:24]
SOAP:   3%|▎         | 851/25778 [3:36:51 > 07:24]
SOAP:   3%|▎         | 852/25778 [3:36:44 > 07:25]
SOAP:   3%|▎         | 853/25778 [3:35:15 > 07:25]
SOAP:   3%|▎         | 854/25778 [3:37:20 > 07:26]
SOAP:   3%|▎         | 855/25778 [3:37:15 > 07:26]
SOAP:   3%|▎         | 856/25778 [3:37:08 > 07:27]
SOAP:   3%|▎         | 857/25778 [3:36:53 > 07:27]
SOAP:   3%|▎         | 858/25778 [3:36:26 > 07:28]
SOAP:   3%|▎         | 859/25778 [3:36:36 > 07:28]
SOAP:   3%|▎         | 860/25778 [3:36:18 > 07:29]
SOAP:   3%|▎         | 861/25778 [3:36:20 > 07:29]
SOAP:   3%|▎         | 862/25778 [3:36:13 > 07:30]
SOAP:   3%|▎         | 863/25778 [3:36:17 > 07:31]
SOAP:   3%|▎         | 864/25778 [3:36:14 > 07:31]
SOAP:   3%|▎         | 865/25778 [3:36:27 > 07:32]
SOAP:   3%|▎         | 866/25778 [3:36:39 > 07:32]
SOAP:   3%|▎         | 867/25778 [3:36:38 > 07:33]
SOAP:   3%|▎         | 868/25778 [3:36:34 > 07:33]
SOAP:   3%|▎         | 869/25778 [3:36:34 > 07:34]
SOAP:   3%|▎         | 870/25778 [3:34:57 > 07:34]
SOAP:   3%|▎         | 871/25778 [3:37:21 > 07:35]
SOAP:   3%|▎         | 872/25778 [3:37:37 > 07:35]
SOAP:   3%|▎         | 873/25778 [3:37:23 > 07:36]
SOAP:   3%|▎         | 874/25778 [3:37:11 > 07:36]
SOAP:   3%|▎         | 875/25778 [3:37:06 > 07:37]
SOAP:   3%|▎         | 876/25778 [3:36:46 > 07:37]
SOAP:   3%|▎         | 877/25778 [3:36:47 > 07:38]
SOAP:   3%|▎         | 878/25778 [3:36:40 > 07:38]
SOAP:   3%|▎         | 879/25778 [3:36:23 > 07:39]
SOAP:   3%|▎         | 880/25778 [3:36:16 > 07:39]
SOAP:   3%|▎         | 881/25778 [3:36:06 > 07:40]
SOAP:   3%|▎         | 882/25778 [3:36:09 > 07:40]
SOAP:   3%|▎         | 883/25778 [3:36:13 > 07:41]
SOAP:   3%|▎         | 884/25778 [3:36:39 > 07:41]
SOAP:   3%|▎         | 885/25778 [3:37:08 > 07:42]
SOAP:   3%|▎         | 886/25778 [3:37:06 > 07:43]
SOAP:   3%|▎         | 887/25778 [3:36:54 > 07:43]
SOAP:   3%|▎         | 888/25778 [3:37:18 > 07:44]
SOAP:   3%|▎         | 889/25778 [3:37:11 > 07:44]
SOAP:   3%|▎         | 890/25778 [3:37:02 > 07:45]
SOAP:   3%|▎         | 891/25778 [3:36:51 > 07:45]
SOAP:   3%|▎         | 892/25778 [3:36:44 > 07:46]
SOAP:   3%|▎         | 893/25778 [3:35:01 > 07:46]
SOAP:   3%|▎         | 894/25778 [3:36:46 > 07:47]
SOAP:   3%|▎         | 895/25778 [3:36:33 > 07:47]
SOAP:   3%|▎         | 896/25778 [3:36:20 > 07:48]
SOAP:   3%|▎         | 897/25778 [3:36:15 > 07:48]
SOAP:   3%|▎         | 898/25778 [3:36:08 > 07:49]
SOAP:   3%|▎         | 899/25778 [3:36:03 > 07:49]
SOAP:   3%|▎         | 900/25778 [3:36:05 > 07:50]
SOAP:   3%|▎         | 901/25778 [3:38:22 > 07:50]
SOAP:   3%|▎         | 902/25778 [3:36:41 > 07:51]
SOAP:   4%|▎         | 903/25778 [3:36:42 > 07:51]
SOAP:   4%|▎         | 904/25778 [3:37:04 > 07:52]
SOAP:   4%|▎         | 905/25778 [3:36:57 > 07:52]
SOAP:   4%|▎         | 906/25778 [3:36:42 > 07:53]
SOAP:   4%|▎         | 907/25778 [3:36:50 > 07:54]
SOAP:   4%|▎         | 908/25778 [3:36:41 > 07:54]
SOAP:   4%|▎         | 909/25778 [3:36:31 > 07:55]
SOAP:   4%|▎         | 910/25778 [3:34:41 > 07:55]
SOAP:   4%|▎         | 911/25778 [3:36:40 > 07:56]
SOAP:   4%|▎         | 912/25778 [3:36:16 > 07:56]
SOAP:   4%|▎         | 913/25778 [3:35:56 > 07:57]
SOAP:   4%|▎         | 914/25778 [3:35:52 > 07:57]
SOAP:   4%|▎         | 915/25778 [3:35:47 > 07:58]
SOAP:   4%|▎         | 916/25778 [3:35:47 > 07:58]
SOAP:   4%|▎         | 917/25778 [3:35:48 > 07:59]
SOAP:   4%|▎         | 918/25778 [3:35:55 > 07:59]
SOAP:   4%|▎         | 919/25778 [3:36:06 > 08:00]
SOAP:   4%|▎         | 920/25778 [3:36:13 > 08:00]
SOAP:   4%|▎         | 921/25778 [3:36:13 > 08:01]
SOAP:   4%|▎         | 922/25778 [3:36:14 > 08:01]
SOAP:   4%|▎         | 923/25778 [3:36:14 > 08:02]
SOAP:   4%|▎         | 924/25778 [3:36:03 > 08:02]
SOAP:   4%|▎         | 925/25778 [3:36:00 > 08:03]
SOAP:   4%|▎         | 926/25778 [3:35:54 > 08:03]
SOAP:   4%|▎         | 927/25778 [3:35:44 > 08:04]
SOAP:   4%|▎         | 928/25778 [3:34:01 > 08:04]
SOAP:   4%|▎         | 929/25778 [3:36:07 > 08:05]
SOAP:   4%|▎         | 930/25778 [3:34:33 > 08:05]
SOAP:   4%|▎         | 931/25778 [3:37:03 > 08:06]
SOAP:   4%|▎         | 932/25778 [3:37:25 > 08:07]
SOAP:   4%|▎         | 933/25778 [3:37:33 > 08:07]
SOAP:   4%|▎         | 934/25778 [3:38:04 > 08:08]
SOAP:   4%|▎         | 935/25778 [3:38:02 > 08:08]
SOAP:   4%|▎         | 936/25778 [3:38:20 > 08:09]
SOAP:   4%|▎         | 937/25778 [3:38:28 > 08:09]
SOAP:   4%|▎         | 938/25778 [3:38:20 > 08:10]
SOAP:   4%|▎         | 939/25778 [3:38:23 > 08:10]
SOAP:   4%|▎         | 940/25778 [3:38:24 > 08:11]
SOAP:   4%|▎         | 941/25778 [3:38:18 > 08:11]
SOAP:   4%|▎         | 942/25778 [3:39:36 > 08:12]
SOAP:   4%|▎         | 943/25778 [3:38:00 > 08:12]
SOAP:   4%|▎         | 944/25778 [3:38:14 > 08:13]
SOAP:   4%|▎         | 945/25778 [3:38:18 > 08:13]
SOAP:   4%|▎         | 946/25778 [3:38:20 > 08:14]
SOAP:   4%|▎         | 947/25778 [3:38:38 > 08:14]
SOAP:   4%|▎         | 948/25778 [3:38:22 > 08:15]
SOAP:   4%|▎         | 949/25778 [3:38:16 > 08:16]
SOAP:   4%|▎         | 950/25778 [3:38:02 > 08:16]
SOAP:   4%|▎         | 951/25778 [3:38:00 > 08:17]
SOAP:   4%|▎         | 952/25778 [3:38:10 > 08:17]
SOAP:   4%|▎         | 953/25778 [3:38:03 > 08:18]
SOAP:   4%|▎         | 954/25778 [3:38:23 > 08:18]
SOAP:   4%|▎         | 955/25778 [3:38:17 > 08:19]
SOAP:   4%|▎         | 956/25778 [3:38:07 > 08:19]
SOAP:   4%|▎         | 957/25778 [3:38:20 > 08:20]
SOAP:   4%|▎         | 958/25778 [3:38:12 > 08:20]
SOAP:   4%|▎         | 959/25778 [3:38:18 > 08:21]
SOAP:   4%|▎         | 960/25778 [3:38:17 > 08:21]
SOAP:   4%|▎         | 961/25778 [3:38:11 > 08:22]
SOAP:   4%|▎         | 962/25778 [3:38:12 > 08:22]
SOAP:   4%|▎         | 963/25778 [3:38:26 > 08:23]
SOAP:   4%|▎         | 964/25778 [3:38:25 > 08:23]
SOAP:   4%|▎         | 965/25778 [3:38:27 > 08:24]
SOAP:   4%|▎         | 966/25778 [3:38:21 > 08:24]
SOAP:   4%|▍         | 967/25778 [3:37:00 > 08:25]
SOAP:   4%|▍         | 968/25778 [3:38:00 > 08:26]
SOAP:   4%|▍         | 969/25778 [3:37:54 > 08:26]
SOAP:   4%|▍         | 970/25778 [3:38:06 > 08:27]
SOAP:   4%|▍         | 971/25778 [3:38:05 > 08:27]
SOAP:   4%|▍         | 972/25778 [3:38:03 > 08:28]
SOAP:   4%|▍         | 973/25778 [3:38:18 > 08:28]
SOAP:   4%|▍         | 974/25778 [3:38:01 > 08:29]
SOAP:   4%|▍         | 975/25778 [3:38:11 > 08:29]
SOAP:   4%|▍         | 976/25778 [3:38:15 > 08:30]
SOAP:   4%|▍         | 977/25778 [3:38:13 > 08:30]
SOAP:   4%|▍         | 978/25778 [3:38:05 > 08:31]
SOAP:   4%|▍         | 979/25778 [3:38:00 > 08:31]
SOAP:   4%|▍         | 980/25778 [3:37:48 > 08:32]
SOAP:   4%|▍         | 981/25778 [3:37:56 > 08:32]
SOAP:   4%|▍         | 982/25778 [3:37:53 > 08:33]
SOAP:   4%|▍         | 983/25778 [3:38:07 > 08:33]
SOAP:   4%|▍         | 984/25778 [3:37:50 > 08:34]
SOAP:   4%|▍         | 985/25778 [3:38:11 > 08:35]
SOAP:   4%|▍         | 986/25778 [3:37:47 > 08:35]
SOAP:   4%|▍         | 987/25778 [3:38:05 > 08:36]
SOAP:   4%|▍         | 988/25778 [3:38:14 > 08:36]
SOAP:   4%|▍         | 989/25778 [3:38:02 > 08:37]
SOAP:   4%|▍         | 990/25778 [3:37:44 > 08:37]
SOAP:   4%|▍         | 991/25778 [3:38:19 > 08:38]
SOAP:   4%|▍         | 992/25778 [3:37:52 > 08:38]
SOAP:   4%|▍         | 993/25778 [3:37:54 > 08:39]
SOAP:   4%|▍         | 994/25778 [3:37:42 > 08:39]
SOAP:   4%|▍         | 995/25778 [3:37:15 > 08:40]
SOAP:   4%|▍         | 996/25778 [3:37:35 > 08:40]
SOAP:   4%|▍         | 997/25778 [3:37:41 > 08:41]
SOAP:   4%|▍         | 998/25778 [3:37:41 > 08:41]
SOAP:   4%|▍         | 999/25778 [3:38:07 > 08:42]
SOAP:   4%|▍         | 1000/25778 [3:37:51 > 08:42]
SOAP:   4%|▍         | 1001/25778 [3:39:10 > 08:43]
SOAP:   4%|▍         | 1002/25778 [3:38:39 > 08:43]
SOAP:   4%|▍         | 1003/25778 [3:38:38 > 08:44]
SOAP:   4%|▍         | 1004/25778 [3:38:29 > 08:45]
SOAP:   4%|▍         | 1005/25778 [3:36:58 > 08:45]
SOAP:   4%|▍         | 1006/25778 [3:37:49 > 08:46]
SOAP:   4%|▍         | 1007/25778 [3:37:50 > 08:46]
SOAP:   4%|▍         | 1008/25778 [3:38:10 > 08:47]
SOAP:   4%|▍         | 1009/25778 [3:37:54 > 08:47]
SOAP:   4%|▍         | 1010/25778 [3:35:50 > 08:48]
SOAP:   4%|▍         | 1011/25778 [3:37:51 > 08:48]
SOAP:   4%|▍         | 1012/25778 [3:37:50 > 08:49]
SOAP:   4%|▍         | 1013/25778 [3:37:39 > 08:49]
SOAP:   4%|▍         | 1014/25778 [3:37:41 > 08:50]
SOAP:   4%|▍         | 1015/25778 [3:37:08 > 08:50]
SOAP:   4%|▍         | 1016/25778 [3:37:26 > 08:51]
SOAP:   4%|▍         | 1017/25778 [3:37:28 > 08:51]
SOAP:   4%|▍         | 1018/25778 [3:37:09 > 08:52]
SOAP:   4%|▍         | 1019/25778 [3:36:44 > 08:52]
SOAP:   4%|▍         | 1020/25778 [3:36:58 > 08:53]
SOAP:   4%|▍         | 1021/25778 [3:37:20 > 08:53]
SOAP:   4%|▍         | 1022/25778 [3:36:56 > 08:54]
SOAP:   4%|▍         | 1023/25778 [3:36:35 > 08:55]
SOAP:   4%|▍         | 1024/25778 [3:35:28 > 08:55]
SOAP:   4%|▍         | 1025/25778 [3:37:13 > 08:56]
SOAP:   4%|▍         | 1026/25778 [3:36:52 > 08:56]
SOAP:   4%|▍         | 1027/25778 [3:37:17 > 08:57]
SOAP:   4%|▍         | 1028/25778 [3:37:20 > 08:57]
SOAP:   4%|▍         | 1029/25778 [3:37:09 > 08:58]
SOAP:   4%|▍         | 1030/25778 [3:36:36 > 08:58]
SOAP:   4%|▍         | 1031/25778 [3:37:08 > 08:59]
SOAP:   4%|▍         | 1032/25778 [3:37:04 > 08:59]
SOAP:   4%|▍         | 1033/25778 [3:37:21 > 09:00]
SOAP:   4%|▍         | 1034/25778 [3:37:20 > 09:00]
SOAP:   4%|▍         | 1035/25778 [3:37:26 > 09:01]
SOAP:   4%|▍         | 1036/25778 [3:37:24 > 09:01]
SOAP:   4%|▍         | 1037/25778 [3:37:14 > 09:02]
SOAP:   4%|▍         | 1038/25778 [3:37:27 > 09:02]
SOAP:   4%|▍         | 1039/25778 [3:37:23 > 09:03]
SOAP:   4%|▍         | 1040/25778 [3:37:34 > 09:03]
SOAP:   4%|▍         | 1041/25778 [3:37:34 > 09:04]
SOAP:   4%|▍         | 1042/25778 [3:37:33 > 09:05]
SOAP:   4%|▍         | 1043/25778 [3:37:52 > 09:05]
SOAP:   4%|▍         | 1044/25778 [3:37:42 > 09:06]
SOAP:   4%|▍         | 1045/25778 [3:37:33 > 09:06]
SOAP:   4%|▍         | 1046/25778 [3:37:16 > 09:07]
SOAP:   4%|▍         | 1047/25778 [3:36:58 > 09:07]
SOAP:   4%|▍         | 1048/25778 [3:37:08 > 09:08]
SOAP:   4%|▍         | 1049/25778 [3:37:16 > 09:08]
SOAP:   4%|▍         | 1050/25778 [3:37:19 > 09:09]
SOAP:   4%|▍         | 1051/25778 [3:36:39 > 09:09]
SOAP:   4%|▍         | 1052/25778 [3:37:00 > 09:10]
SOAP:   4%|▍         | 1053/25778 [3:37:06 > 09:10]
SOAP:   4%|▍         | 1054/25778 [3:36:54 > 09:11]
SOAP:   4%|▍         | 1055/25778 [3:37:23 > 09:11]
SOAP:   4%|▍         | 1056/25778 [3:37:07 > 09:12]
SOAP:   4%|▍         | 1057/25778 [3:37:01 > 09:12]
SOAP:   4%|▍         | 1058/25778 [3:36:54 > 09:13]
SOAP:   4%|▍         | 1059/25778 [3:36:39 > 09:13]
SOAP:   4%|▍         | 1060/25778 [3:36:38 > 09:14]
SOAP:   4%|▍         | 1061/25778 [3:36:49 > 09:15]
SOAP:   4%|▍         | 1062/25778 [3:36:52 > 09:15]
SOAP:   4%|▍         | 1063/25778 [3:36:51 > 09:16]
SOAP:   4%|▍         | 1064/25778 [3:37:12 > 09:16]
SOAP:   4%|▍         | 1065/25778 [3:37:12 > 09:17]
SOAP:   4%|▍         | 1066/25778 [3:37:17 > 09:17]
SOAP:   4%|▍         | 1067/25778 [3:37:17 > 09:18]
SOAP:   4%|▍         | 1068/25778 [3:37:06 > 09:18]
SOAP:   4%|▍         | 1069/25778 [3:37:11 > 09:19]
SOAP:   4%|▍         | 1070/25778 [3:37:25 > 09:19]
SOAP:   4%|▍         | 1071/25778 [3:37:03 > 09:20]
SOAP:   4%|▍         | 1072/25778 [3:36:37 > 09:20]
SOAP:   4%|▍         | 1073/25778 [3:36:43 > 09:21]
SOAP:   4%|▍         | 1074/25778 [3:36:45 > 09:21]
SOAP:   4%|▍         | 1075/25778 [3:37:06 > 09:22]
SOAP:   4%|▍         | 1076/25778 [3:37:05 > 09:22]
SOAP:   4%|▍         | 1077/25778 [3:37:19 > 09:23]
SOAP:   4%|▍         | 1078/25778 [3:37:07 > 09:24]
SOAP:   4%|▍         | 1079/25778 [3:35:44 > 09:24]
SOAP:   4%|▍         | 1080/25778 [3:34:55 > 09:25]
SOAP:   4%|▍         | 1081/25778 [3:33:55 > 09:25]
SOAP:   4%|▍         | 1082/25778 [3:35:54 > 09:26]
SOAP:   4%|▍         | 1083/25778 [3:36:20 > 09:26]
SOAP:   4%|▍         | 1084/25778 [3:36:21 > 09:27]
SOAP:   4%|▍         | 1085/25778 [3:36:35 > 09:27]
SOAP:   4%|▍         | 1086/25778 [3:36:56 > 09:28]
SOAP:   4%|▍         | 1087/25778 [3:36:55 > 09:28]
SOAP:   4%|▍         | 1088/25778 [3:37:08 > 09:29]
SOAP:   4%|▍         | 1089/25778 [3:37:07 > 09:29]
SOAP:   4%|▍         | 1090/25778 [3:35:00 > 09:30]
SOAP:   4%|▍         | 1091/25778 [3:36:51 > 09:30]
SOAP:   4%|▍         | 1092/25778 [3:36:53 > 09:31]
SOAP:   4%|▍         | 1093/25778 [3:36:53 > 09:31]
SOAP:   4%|▍         | 1094/25778 [3:37:10 > 09:32]
SOAP:   4%|▍         | 1095/25778 [3:37:11 > 09:32]
SOAP:   4%|▍         | 1096/25778 [3:37:08 > 09:33]
SOAP:   4%|▍         | 1097/25778 [3:37:05 > 09:34]
SOAP:   4%|▍         | 1098/25778 [3:37:50 > 09:34]
SOAP:   4%|▍         | 1099/25778 [3:36:38 > 09:35]
SOAP:   4%|▍         | 1100/25778 [3:36:39 > 09:35]
SOAP:   4%|▍         | 1101/25778 [3:36:03 > 09:36]
SOAP:   4%|▍         | 1102/25778 [3:37:00 > 09:36]
SOAP:   4%|▍         | 1103/25778 [3:36:53 > 09:37]
SOAP:   4%|▍         | 1104/25778 [3:36:38 > 09:37]
SOAP:   4%|▍         | 1105/25778 [3:36:33 > 09:38]
SOAP:   4%|▍         | 1106/25778 [3:36:39 > 09:38]
SOAP:   4%|▍         | 1107/25778 [3:36:39 > 09:39]
SOAP:   4%|▍         | 1108/25778 [3:36:46 > 09:39]
SOAP:   4%|▍         | 1109/25778 [3:36:52 > 09:40]
SOAP:   4%|▍         | 1110/25778 [3:36:41 > 09:40]
SOAP:   4%|▍         | 1111/25778 [3:36:09 > 09:41]
SOAP:   4%|▍         | 1112/25778 [3:36:41 > 09:41]
SOAP:   4%|▍         | 1113/25778 [3:36:32 > 09:42]
SOAP:   4%|▍         | 1114/25778 [3:36:55 > 09:42]
SOAP:   4%|▍         | 1115/25778 [3:36:54 > 09:43]
SOAP:   4%|▍         | 1116/25778 [3:36:37 > 09:44]
SOAP:   4%|▍         | 1117/25778 [3:36:38 > 09:44]
SOAP:   4%|▍         | 1118/25778 [3:36:42 > 09:45]
SOAP:   4%|▍         | 1119/25778 [3:36:49 > 09:45]
SOAP:   4%|▍         | 1120/25778 [3:35:37 > 09:46]
SOAP:   4%|▍         | 1121/25778 [3:36:24 > 09:46]
SOAP:   4%|▍         | 1122/25778 [3:36:24 > 09:47]
SOAP:   4%|▍         | 1123/25778 [3:36:48 > 09:47]
SOAP:   4%|▍         | 1124/25778 [3:36:36 > 09:48]
SOAP:   4%|▍         | 1125/25778 [3:36:46 > 09:48]
SOAP:   4%|▍         | 1126/25778 [3:36:39 > 09:49]
SOAP:   4%|▍         | 1127/25778 [3:36:41 > 09:49]
SOAP:   4%|▍         | 1128/25778 [3:36:50 > 09:50]
SOAP:   4%|▍         | 1129/25778 [3:36:38 > 09:50]
SOAP:   4%|▍         | 1130/25778 [3:36:42 > 09:51]
SOAP:   4%|▍         | 1131/25778 [3:36:48 > 09:51]
SOAP:   4%|▍         | 1132/25778 [3:36:52 > 09:52]
SOAP:   4%|▍         | 1133/25778 [3:36:47 > 09:52]
SOAP:   4%|▍         | 1134/25778 [3:36:44 > 09:53]
SOAP:   4%|▍         | 1135/25778 [3:36:47 > 09:54]
SOAP:   4%|▍         | 1136/25778 [3:36:32 > 09:54]
SOAP:   4%|▍         | 1137/25778 [3:36:26 > 09:55]
SOAP:   4%|▍         | 1138/25778 [3:36:17 > 09:55]
SOAP:   4%|▍         | 1139/25778 [3:36:15 > 09:56]
SOAP:   4%|▍         | 1140/25778 [3:36:17 > 09:56]
SOAP:   4%|▍         | 1141/25778 [3:36:32 > 09:57]
SOAP:   4%|▍         | 1142/25778 [3:36:33 > 09:57]
SOAP:   4%|▍         | 1143/25778 [3:36:32 > 09:58]
SOAP:   4%|▍         | 1144/25778 [3:36:43 > 09:58]
SOAP:   4%|▍         | 1145/25778 [3:36:41 > 09:59]
SOAP:   4%|▍         | 1146/25778 [3:36:39 > 09:59]
SOAP:   4%|▍         | 1147/25778 [3:36:37 > 10:00]
SOAP:   4%|▍         | 1148/25778 [3:36:27 > 10:00]
SOAP:   4%|▍         | 1149/25778 [3:36:29 > 10:01]
SOAP:   4%|▍         | 1150/25778 [3:37:00 > 10:01]
SOAP:   4%|▍         | 1151/25778 [3:37:26 > 10:02]
SOAP:   4%|▍         | 1152/25778 [3:37:04 > 10:03]
SOAP:   4%|▍         | 1153/25778 [3:36:50 > 10:03]
SOAP:   4%|▍         | 1154/25778 [3:36:07 > 10:04]
SOAP:   4%|▍         | 1155/25778 [3:35:51 > 10:04]
SOAP:   4%|▍         | 1156/25778 [3:36:05 > 10:05]
SOAP:   4%|▍         | 1157/25778 [3:36:19 > 10:05]
SOAP:   4%|▍         | 1158/25778 [3:36:22 > 10:06]
SOAP:   4%|▍         | 1159/25778 [3:36:29 > 10:06]
SOAP:   4%|▍         | 1160/25778 [3:36:20 > 10:07]
SOAP:   5%|▍         | 1161/25778 [3:36:21 > 10:07]
SOAP:   5%|▍         | 1162/25778 [3:36:21 > 10:08]
SOAP:   5%|▍         | 1163/25778 [3:36:24 > 10:08]
SOAP:   5%|▍         | 1164/25778 [3:35:42 > 10:09]
SOAP:   5%|▍         | 1165/25778 [3:35:52 > 10:09]
SOAP:   5%|▍         | 1166/25778 [3:36:06 > 10:10]
SOAP:   5%|▍         | 1167/25778 [3:36:17 > 10:10]
SOAP:   5%|▍         | 1168/25778 [3:36:26 > 10:11]
SOAP:   5%|▍         | 1169/25778 [3:36:39 > 10:11]
SOAP:   5%|▍         | 1170/25778 [3:36:29 > 10:12]
SOAP:   5%|▍         | 1171/25778 [3:36:15 > 10:13]
SOAP:   5%|▍         | 1172/25778 [3:36:28 > 10:13]
SOAP:   5%|▍         | 1173/25778 [3:36:21 > 10:14]
SOAP:   5%|▍         | 1174/25778 [3:36:24 > 10:14]
SOAP:   5%|▍         | 1175/25778 [3:36:40 > 10:15]
SOAP:   5%|▍         | 1176/25778 [3:36:01 > 10:15]
SOAP:   5%|▍         | 1177/25778 [3:35:51 > 10:16]
SOAP:   5%|▍         | 1178/25778 [3:36:05 > 10:16]
SOAP:   5%|▍         | 1179/25778 [3:35:58 > 10:17]
SOAP:   5%|▍         | 1180/25778 [3:36:04 > 10:17]
SOAP:   5%|▍         | 1181/25778 [3:36:00 > 10:18]
SOAP:   5%|▍         | 1182/25778 [3:35:19 > 10:18]
SOAP:   5%|▍         | 1183/25778 [3:34:54 > 10:19]
SOAP:   5%|▍         | 1184/25778 [3:35:22 > 10:19]
SOAP:   5%|▍         | 1185/25778 [3:35:37 > 10:20]
SOAP:   5%|▍         | 1186/25778 [3:35:48 > 10:20]
SOAP:   5%|▍         | 1187/25778 [3:36:00 > 10:21]
SOAP:   5%|▍         | 1188/25778 [3:36:03 > 10:21]
SOAP:   5%|▍         | 1189/25778 [3:36:17 > 10:22]
SOAP:   5%|▍         | 1190/25778 [3:36:16 > 10:23]
SOAP:   5%|▍         | 1191/25778 [3:36:04 > 10:23]
SOAP:   5%|▍         | 1192/25778 [3:36:13 > 10:24]
SOAP:   5%|▍         | 1193/25778 [3:36:03 > 10:24]
SOAP:   5%|▍         | 1194/25778 [3:35:53 > 10:25]
SOAP:   5%|▍         | 1195/25778 [3:35:25 > 10:25]
SOAP:   5%|▍         | 1196/25778 [3:35:27 > 10:26]
SOAP:   5%|▍         | 1197/25778 [3:35:20 > 10:26]
SOAP:   5%|▍         | 1198/25778 [3:35:49 > 10:27]
SOAP:   5%|▍         | 1199/25778 [3:35:50 > 10:27]
SOAP:   5%|▍         | 1200/25778 [3:35:51 > 10:28]
SOAP:   5%|▍         | 1201/25778 [3:37:54 > 10:28]
SOAP:   5%|▍         | 1202/25778 [3:34:04 > 10:29]
SOAP:   5%|▍         | 1203/25778 [3:35:44 > 10:29]
SOAP:   5%|▍         | 1204/25778 [3:34:55 > 10:30]
SOAP:   5%|▍         | 1205/25778 [3:34:51 > 10:30]
SOAP:   5%|▍         | 1206/25778 [3:35:02 > 10:31]
SOAP:   5%|▍         | 1207/25778 [3:34:39 > 10:31]
SOAP:   5%|▍         | 1208/25778 [3:34:09 > 10:32]
SOAP:   5%|▍         | 1209/25778 [3:33:57 > 10:33]
SOAP:   5%|▍         | 1210/25778 [3:33:48 > 10:33]
SOAP:   5%|▍         | 1211/25778 [3:33:42 > 10:34]
SOAP:   5%|▍         | 1212/25778 [3:33:48 > 10:34]
SOAP:   5%|▍         | 1213/25778 [3:33:46 > 10:35]
SOAP:   5%|▍         | 1214/25778 [3:33:46 > 10:35]
SOAP:   5%|▍         | 1215/25778 [3:33:42 > 10:36]
SOAP:   5%|▍         | 1216/25778 [3:32:02 > 10:36]
SOAP:   5%|▍         | 1217/25778 [3:34:02 > 10:37]
SOAP:   5%|▍         | 1218/25778 [3:33:51 > 10:37]
SOAP:   5%|▍         | 1219/25778 [3:32:00 > 10:38]
SOAP:   5%|▍         | 1220/25778 [3:34:00 > 10:38]
SOAP:   5%|▍         | 1221/25778 [3:33:44 > 10:39]
SOAP:   5%|▍         | 1222/25778 [3:33:44 > 10:39]
SOAP:   5%|▍         | 1223/25778 [3:33:46 > 10:40]
SOAP:   5%|▍         | 1224/25778 [3:33:51 > 10:40]
SOAP:   5%|▍         | 1225/25778 [3:34:12 > 10:41]
SOAP:   5%|▍         | 1226/25778 [3:34:24 > 10:41]
SOAP:   5%|▍         | 1227/25778 [3:34:00 > 10:42]
SOAP:   5%|▍         | 1228/25778 [3:33:49 > 10:42]
SOAP:   5%|▍         | 1229/25778 [3:33:43 > 10:43]
SOAP:   5%|▍         | 1230/25778 [3:33:45 > 10:43]
SOAP:   5%|▍         | 1231/25778 [3:33:49 > 10:44]
SOAP:   5%|▍         | 1232/25778 [3:33:42 > 10:45]
SOAP:   5%|▍         | 1233/25778 [3:33:32 > 10:45]
SOAP:   5%|▍         | 1234/25778 [3:33:39 > 10:46]
SOAP:   5%|▍         | 1235/25778 [3:33:27 > 10:46]
SOAP:   5%|▍         | 1236/25778 [3:33:19 > 10:47]
SOAP:   5%|▍         | 1237/25778 [3:33:13 > 10:47]
SOAP:   5%|▍         | 1238/25778 [3:33:09 > 10:48]
SOAP:   5%|▍         | 1239/25778 [3:33:06 > 10:48]
SOAP:   5%|▍         | 1240/25778 [3:33:17 > 10:49]
SOAP:   5%|▍         | 1241/25778 [3:33:23 > 10:49]
SOAP:   5%|▍         | 1242/25778 [3:33:32 > 10:50]
SOAP:   5%|▍         | 1243/25778 [3:31:48 > 10:50]
SOAP:   5%|▍         | 1244/25778 [3:34:08 > 10:51]
SOAP:   5%|▍         | 1245/25778 [3:33:47 > 10:51]
SOAP:   5%|▍         | 1246/25778 [3:33:32 > 10:52]
SOAP:   5%|▍         | 1247/25778 [3:33:21 > 10:52]
SOAP:   5%|▍         | 1248/25778 [3:33:14 > 10:53]
SOAP:   5%|▍         | 1249/25778 [3:33:14 > 10:53]
SOAP:   5%|▍         | 1250/25778 [3:33:20 > 10:54]
SOAP:   5%|▍         | 1251/25778 [3:33:17 > 10:54]
SOAP:   5%|▍         | 1252/25778 [3:33:16 > 10:55]
SOAP:   5%|▍         | 1253/25778 [3:33:22 > 10:55]
SOAP:   5%|▍         | 1254/25778 [3:33:19 > 10:56]
SOAP:   5%|▍         | 1255/25778 [3:31:46 > 10:57]
SOAP:   5%|▍         | 1256/25778 [3:33:43 > 10:57]
SOAP:   5%|▍         | 1257/25778 [3:33:36 > 10:58]
SOAP:   5%|▍         | 1258/25778 [3:33:24 > 10:58]
SOAP:   5%|▍         | 1259/25778 [3:33:19 > 10:59]
SOAP:   5%|▍         | 1260/25778 [3:33:21 > 10:59]
SOAP:   5%|▍         | 1261/25778 [3:31:37 > 11:00]
SOAP:   5%|▍         | 1262/25778 [3:33:48 > 11:00]
SOAP:   5%|▍         | 1263/25778 [3:33:42 > 11:01]
SOAP:   5%|▍         | 1264/25778 [3:33:32 > 11:01]
SOAP:   5%|▍         | 1265/25778 [3:33:49 > 11:02]
SOAP:   5%|▍         | 1266/25778 [3:34:18 > 11:02]
SOAP:   5%|▍         | 1267/25778 [3:34:07 > 11:03]
SOAP:   5%|▍         | 1268/25778 [3:33:52 > 11:03]
SOAP:   5%|▍         | 1269/25778 [3:33:47 > 11:04]
SOAP:   5%|▍         | 1270/25778 [3:33:39 > 11:04]
SOAP:   5%|▍         | 1271/25778 [3:33:27 > 11:05]
SOAP:   5%|▍         | 1272/25778 [3:33:03 > 11:05]
SOAP:   5%|▍         | 1273/25778 [3:33:02 > 11:06]
SOAP:   5%|▍         | 1274/25778 [3:31:17 > 11:06]
SOAP:   5%|▍         | 1275/25778 [3:33:14 > 11:07]
SOAP:   5%|▍         | 1276/25778 [3:33:16 > 11:07]
SOAP:   5%|▍         | 1277/25778 [3:33:08 > 11:08]
SOAP:   5%|▍         | 1278/25778 [3:33:14 > 11:09]
SOAP:   5%|▍         | 1279/25778 [3:33:09 > 11:09]
SOAP:   5%|▍         | 1280/25778 [3:33:12 > 11:10]
SOAP:   5%|▍         | 1281/25778 [3:33:24 > 11:10]
SOAP:   5%|▍         | 1282/25778 [3:33:05 > 11:11]
SOAP:   5%|▍         | 1283/25778 [3:33:20 > 11:11]
SOAP:   5%|▍         | 1284/25778 [3:33:36 > 11:12]
SOAP:   5%|▍         | 1285/25778 [3:31:48 > 11:12]
SOAP:   5%|▍         | 1286/25778 [3:33:59 > 11:13]
SOAP:   5%|▍         | 1287/25778 [3:33:43 > 11:13]
SOAP:   5%|▍         | 1288/25778 [3:33:33 > 11:14]
SOAP:   5%|▌         | 1289/25778 [3:33:19 > 11:14]
SOAP:   5%|▌         | 1290/25778 [3:33:05 > 11:15]
SOAP:   5%|▌         | 1291/25778 [3:32:46 > 11:15]
SOAP:   5%|▌         | 1292/25778 [3:32:43 > 11:16]
SOAP:   5%|▌         | 1293/25778 [3:32:39 > 11:16]
SOAP:   5%|▌         | 1294/25778 [3:32:52 > 11:17]
SOAP:   5%|▌         | 1295/25778 [3:32:57 > 11:17]
SOAP:   5%|▌         | 1296/25778 [3:32:57 > 11:18]
SOAP:   5%|▌         | 1297/25778 [3:33:01 > 11:18]
SOAP:   5%|▌         | 1298/25778 [3:32:58 > 11:19]
SOAP:   5%|▌         | 1299/25778 [3:33:04 > 11:20]
SOAP:   5%|▌         | 1300/25778 [3:32:43 > 11:20]
SOAP:   5%|▌         | 1301/25778 [3:34:49 > 11:21]
SOAP:   5%|▌         | 1302/25778 [3:32:52 > 11:21]
SOAP:   5%|▌         | 1303/25778 [3:33:02 > 11:22]
SOAP:   5%|▌         | 1304/25778 [3:32:43 > 11:22]
SOAP:   5%|▌         | 1305/25778 [3:32:45 > 11:23]
SOAP:   5%|▌         | 1306/25778 [3:32:39 > 11:23]
SOAP:   5%|▌         | 1307/25778 [3:32:54 > 11:24]
SOAP:   5%|▌         | 1308/25778 [3:32:44 > 11:24]
SOAP:   5%|▌         | 1309/25778 [3:32:39 > 11:25]
SOAP:   5%|▌         | 1310/25778 [3:30:40 > 11:25]
SOAP:   5%|▌         | 1311/25778 [3:32:48 > 11:26]
SOAP:   5%|▌         | 1312/25778 [3:32:39 > 11:26]
SOAP:   5%|▌         | 1313/25778 [3:31:15 > 11:27]
SOAP:   5%|▌         | 1314/25778 [3:33:10 > 11:27]
SOAP:   5%|▌         | 1315/25778 [3:32:54 > 11:28]
SOAP:   5%|▌         | 1316/25778 [3:32:52 > 11:28]
SOAP:   5%|▌         | 1317/25778 [3:32:58 > 11:29]
SOAP:   5%|▌         | 1318/25778 [3:32:56 > 11:29]
SOAP:   5%|▌         | 1319/25778 [3:32:58 > 11:30]
SOAP:   5%|▌         | 1320/25778 [3:32:56 > 11:30]
SOAP:   5%|▌         | 1321/25778 [3:32:39 > 11:31]
SOAP:   5%|▌         | 1322/25778 [3:32:30 > 11:31]
SOAP:   5%|▌         | 1323/25778 [3:32:25 > 11:32]
SOAP:   5%|▌         | 1324/25778 [3:32:21 > 11:33]
SOAP:   5%|▌         | 1325/25778 [3:32:18 > 11:33]
SOAP:   5%|▌         | 1326/25778 [3:32:18 > 11:34]
SOAP:   5%|▌         | 1327/25778 [3:32:25 > 11:34]
SOAP:   5%|▌         | 1328/25778 [3:32:24 > 11:35]
SOAP:   5%|▌         | 1329/25778 [3:32:29 > 11:35]
SOAP:   5%|▌         | 1330/25778 [3:32:33 > 11:36]
SOAP:   5%|▌         | 1331/25778 [3:32:34 > 11:36]
SOAP:   5%|▌         | 1332/25778 [3:32:44 > 11:37]
SOAP:   5%|▌         | 1333/25778 [3:32:40 > 11:37]
SOAP:   5%|▌         | 1334/25778 [3:32:36 > 11:38]
SOAP:   5%|▌         | 1335/25778 [3:30:41 > 11:38]
SOAP:   5%|▌         | 1336/25778 [3:32:56 > 11:39]
SOAP:   5%|▌         | 1337/25778 [3:32:42 > 11:39]
SOAP:   5%|▌         | 1338/25778 [3:32:45 > 11:40]
SOAP:   5%|▌         | 1339/25778 [3:32:40 > 11:40]
SOAP:   5%|▌         | 1340/25778 [3:32:47 > 11:41]
SOAP:   5%|▌         | 1341/25778 [3:32:50 > 11:41]
SOAP:   5%|▌         | 1342/25778 [3:32:52 > 11:42]
SOAP:   5%|▌         | 1343/25778 [3:32:44 > 11:42]
SOAP:   5%|▌         | 1344/25778 [3:32:28 > 11:43]
SOAP:   5%|▌         | 1345/25778 [3:32:20 > 11:43]
SOAP:   5%|▌         | 1346/25778 [3:32:22 > 11:44]
SOAP:   5%|▌         | 1347/25778 [3:30:49 > 11:45]
SOAP:   5%|▌         | 1348/25778 [3:32:53 > 11:45]
SOAP:   5%|▌         | 1349/25778 [3:32:48 > 11:46]
SOAP:   5%|▌         | 1350/25778 [3:32:43 > 11:46]
SOAP:   5%|▌         | 1351/25778 [3:32:47 > 11:47]
SOAP:   5%|▌         | 1352/25778 [3:31:55 > 11:47]
SOAP:   5%|▌         | 1353/25778 [3:31:09 > 11:48]
SOAP:   5%|▌         | 1354/25778 [3:33:04 > 11:48]
SOAP:   5%|▌         | 1355/25778 [3:32:44 > 11:49]
SOAP:   5%|▌         | 1356/25778 [3:32:36 > 11:49]
SOAP:   5%|▌         | 1357/25778 [3:32:22 > 11:50]
SOAP:   5%|▌         | 1358/25778 [3:32:29 > 11:50]
SOAP:   5%|▌         | 1359/25778 [3:32:23 > 11:51]
SOAP:   5%|▌         | 1360/25778 [3:32:31 > 11:51]
SOAP:   5%|▌         | 1361/25778 [3:32:33 > 11:52]
SOAP:   5%|▌         | 1362/25778 [3:32:32 > 11:52]
SOAP:   5%|▌         | 1363/25778 [3:32:22 > 11:53]
SOAP:   5%|▌         | 1364/25778 [3:32:15 > 11:53]
SOAP:   5%|▌         | 1365/25778 [3:32:16 > 11:54]
SOAP:   5%|▌         | 1366/25778 [3:32:07 > 11:54]
SOAP:   5%|▌         | 1367/25778 [3:32:00 > 11:55]
SOAP:   5%|▌         | 1368/25778 [3:32:20 > 11:55]
SOAP:   5%|▌         | 1369/25778 [3:32:23 > 11:56]
SOAP:   5%|▌         | 1370/25778 [3:30:42 > 11:57]
SOAP:   5%|▌         | 1371/25778 [3:32:55 > 11:57]
SOAP:   5%|▌         | 1372/25778 [3:32:56 > 11:58]
SOAP:   5%|▌         | 1373/25778 [3:32:40 > 11:58]
SOAP:   5%|▌         | 1374/25778 [3:32:24 > 11:59]
SOAP:   5%|▌         | 1375/25778 [3:32:09 > 11:59]
SOAP:   5%|▌         | 1376/25778 [3:32:07 > 12:00]
SOAP:   5%|▌         | 1377/25778 [3:32:04 > 12:00]
SOAP:   5%|▌         | 1378/25778 [3:32:05 > 12:01]
SOAP:   5%|▌         | 1379/25778 [3:32:14 > 12:01]
SOAP:   5%|▌         | 1380/25778 [3:32:20 > 12:02]
SOAP:   5%|▌         | 1381/25778 [3:32:19 > 12:02]
SOAP:   5%|▌         | 1382/25778 [3:32:16 > 12:03]
SOAP:   5%|▌         | 1383/25778 [3:32:14 > 12:03]
SOAP:   5%|▌         | 1384/25778 [3:32:14 > 12:04]
SOAP:   5%|▌         | 1385/25778 [3:32:02 > 12:04]
SOAP:   5%|▌         | 1386/25778 [3:31:49 > 12:05]
SOAP:   5%|▌         | 1387/25778 [3:31:43 > 12:05]
SOAP:   5%|▌         | 1388/25778 [3:31:43 > 12:06]
SOAP:   5%|▌         | 1389/25778 [3:32:02 > 12:06]
SOAP:   5%|▌         | 1390/25778 [3:31:55 > 12:07]
SOAP:   5%|▌         | 1391/25778 [3:31:52 > 12:07]
SOAP:   5%|▌         | 1392/25778 [3:32:04 > 12:08]
SOAP:   5%|▌         | 1393/25778 [3:32:11 > 12:09]
SOAP:   5%|▌         | 1394/25778 [3:32:00 > 12:09]
SOAP:   5%|▌         | 1395/25778 [3:32:16 > 12:10]
SOAP:   5%|▌         | 1396/25778 [3:32:06 > 12:10]
SOAP:   5%|▌         | 1397/25778 [3:31:55 > 12:11]
SOAP:   5%|▌         | 1398/25778 [3:31:52 > 12:11]
SOAP:   5%|▌         | 1399/25778 [3:31:48 > 12:12]
SOAP:   5%|▌         | 1400/25778 [3:32:03 > 12:12]
SOAP:   5%|▌         | 1401/25778 [3:34:13 > 12:13]
SOAP:   5%|▌         | 1402/25778 [3:32:39 > 12:13]
SOAP:   5%|▌         | 1403/25778 [3:32:16 > 12:14]
SOAP:   5%|▌         | 1404/25778 [3:32:01 > 12:14]
SOAP:   5%|▌         | 1405/25778 [3:31:48 > 12:15]
SOAP:   5%|▌         | 1406/25778 [3:31:52 > 12:15]
SOAP:   5%|▌         | 1407/25778 [3:31:46 > 12:16]
SOAP:   5%|▌         | 1408/25778 [3:31:54 > 12:16]
SOAP:   5%|▌         | 1409/25778 [3:32:01 > 12:17]
SOAP:   5%|▌         | 1410/25778 [3:30:20 > 12:17]
SOAP:   5%|▌         | 1411/25778 [3:32:35 > 12:18]
SOAP:   5%|▌         | 1412/25778 [3:32:17 > 12:18]
SOAP:   5%|▌         | 1413/25778 [3:32:06 > 12:19]
SOAP:   5%|▌         | 1414/25778 [3:31:51 > 12:20]
SOAP:   5%|▌         | 1415/25778 [3:30:14 > 12:20]
SOAP:   5%|▌         | 1416/25778 [3:32:22 > 12:21]
SOAP:   5%|▌         | 1417/25778 [3:32:49 > 12:21]
SOAP:   6%|▌         | 1418/25778 [3:32:31 > 12:22]
SOAP:   6%|▌         | 1419/25778 [3:32:14 > 12:22]
SOAP:   6%|▌         | 1420/25778 [3:32:10 > 12:23]
SOAP:   6%|▌         | 1421/25778 [3:31:58 > 12:23]
SOAP:   6%|▌         | 1422/25778 [3:31:48 > 12:24]
SOAP:   6%|▌         | 1423/25778 [3:31:39 > 12:24]
SOAP:   6%|▌         | 1424/25778 [3:29:56 > 12:25]
SOAP:   6%|▌         | 1425/25778 [3:32:19 > 12:25]
SOAP:   6%|▌         | 1426/25778 [3:32:37 > 12:26]
SOAP:   6%|▌         | 1427/25778 [3:32:28 > 12:26]
SOAP:   6%|▌         | 1428/25778 [3:32:14 > 12:27]
SOAP:   6%|▌         | 1429/25778 [3:32:09 > 12:27]
SOAP:   6%|▌         | 1430/25778 [3:30:20 > 12:28]
SOAP:   6%|▌         | 1431/25778 [3:32:17 > 12:28]
SOAP:   6%|▌         | 1432/25778 [3:32:01 > 12:29]
SOAP:   6%|▌         | 1433/25778 [3:31:50 > 12:29]
SOAP:   6%|▌         | 1434/25778 [3:31:45 > 12:30]
SOAP:   6%|▌         | 1435/25778 [3:31:54 > 12:30]
SOAP:   6%|▌         | 1436/25778 [3:31:52 > 12:31]
SOAP:   6%|▌         | 1437/25778 [3:32:05 > 12:32]
SOAP:   6%|▌         | 1438/25778 [3:31:51 > 12:32]
SOAP:   6%|▌         | 1439/25778 [3:31:48 > 12:33]
SOAP:   6%|▌         | 1440/25778 [3:31:33 > 12:33]
SOAP:   6%|▌         | 1441/25778 [3:31:42 > 12:34]
SOAP:   6%|▌         | 1442/25778 [3:31:26 > 12:34]
SOAP:   6%|▌         | 1443/25778 [3:31:19 > 12:35]
SOAP:   6%|▌         | 1444/25778 [3:31:25 > 12:35]
SOAP:   6%|▌         | 1445/25778 [3:31:35 > 12:36]
SOAP:   6%|▌         | 1446/25778 [3:31:27 > 12:36]
SOAP:   6%|▌         | 1447/25778 [3:29:58 > 12:37]
SOAP:   6%|▌         | 1448/25778 [3:32:08 > 12:37]
SOAP:   6%|▌         | 1449/25778 [3:32:02 > 12:38]
SOAP:   6%|▌         | 1450/25778 [3:31:53 > 12:38]
SOAP:   6%|▌         | 1451/25778 [3:31:47 > 12:39]
SOAP:   6%|▌         | 1452/25778 [3:31:33 > 12:39]
SOAP:   6%|▌         | 1453/25778 [3:31:31 > 12:40]
SOAP:   6%|▌         | 1454/25778 [3:31:16 > 12:40]
SOAP:   6%|▌         | 1455/25778 [3:31:21 > 12:41]
SOAP:   6%|▌         | 1456/25778 [3:31:35 > 12:41]
SOAP:   6%|▌         | 1457/25778 [3:31:42 > 12:42]
SOAP:   6%|▌         | 1458/25778 [3:31:42 > 12:42]
SOAP:   6%|▌         | 1459/25778 [3:31:40 > 12:43]
SOAP:   6%|▌         | 1460/25778 [3:31:40 > 12:44]
SOAP:   6%|▌         | 1461/25778 [3:31:31 > 12:44]
SOAP:   6%|▌         | 1462/25778 [3:31:23 > 12:45]
SOAP:   6%|▌         | 1463/25778 [3:31:05 > 12:45]
SOAP:   6%|▌         | 1464/25778 [3:31:24 > 12:46]
SOAP:   6%|▌         | 1465/25778 [3:31:51 > 12:46]
SOAP:   6%|▌         | 1466/25778 [3:31:52 > 12:47]
SOAP:   6%|▌         | 1467/25778 [3:31:50 > 12:47]
SOAP:   6%|▌         | 1468/25778 [3:31:46 > 12:48]
SOAP:   6%|▌         | 1469/25778 [3:31:37 > 12:48]
SOAP:   6%|▌         | 1470/25778 [3:31:25 > 12:49]
SOAP:   6%|▌         | 1471/25778 [3:31:09 > 12:49]
SOAP:   6%|▌         | 1472/25778 [3:29:32 > 12:50]
SOAP:   6%|▌         | 1473/25778 [3:31:32 > 12:50]
SOAP:   6%|▌         | 1474/25778 [3:31:24 > 12:51]
SOAP:   6%|▌         | 1475/25778 [3:31:28 > 12:51]
SOAP:   6%|▌         | 1476/25778 [3:31:33 > 12:52]
SOAP:   6%|▌         | 1477/25778 [3:31:28 > 12:52]
SOAP:   6%|▌         | 1478/25778 [3:31:19 > 12:53]
SOAP:   6%|▌         | 1479/25778 [3:31:25 > 12:53]
SOAP:   6%|▌         | 1480/25778 [3:31:33 > 12:54]
SOAP:   6%|▌         | 1481/25778 [3:31:20 > 12:54]
SOAP:   6%|▌         | 1482/25778 [3:31:02 > 12:55]
SOAP:   6%|▌         | 1483/25778 [3:31:05 > 12:56]
SOAP:   6%|▌         | 1484/25778 [3:30:59 > 12:56]
SOAP:   6%|▌         | 1485/25778 [3:30:56 > 12:57]
SOAP:   6%|▌         | 1486/25778 [3:31:01 > 12:57]
SOAP:   6%|▌         | 1487/25778 [3:31:04 > 12:58]
SOAP:   6%|▌         | 1488/25778 [3:31:18 > 12:58]
SOAP:   6%|▌         | 1489/25778 [3:31:17 > 12:59]
SOAP:   6%|▌         | 1490/25778 [3:31:21 > 12:59]
SOAP:   6%|▌         | 1491/25778 [3:31:21 > 13:00]
SOAP:   6%|▌         | 1492/25778 [3:31:08 > 13:00]
SOAP:   6%|▌         | 1493/25778 [3:31:06 > 13:01]
SOAP:   6%|▌         | 1494/25778 [3:30:46 > 13:01]
SOAP:   6%|▌         | 1495/25778 [3:30:52 > 13:02]
SOAP:   6%|▌         | 1496/25778 [3:30:46 > 13:02]
SOAP:   6%|▌         | 1497/25778 [3:30:48 > 13:03]
SOAP:   6%|▌         | 1498/25778 [3:31:05 > 13:03]
SOAP:   6%|▌         | 1499/25778 [3:31:34 > 13:04]
SOAP:   6%|▌         | 1500/25778 [3:31:22 > 13:04]
SOAP:   6%|▌         | 1501/25778 [3:33:12 > 13:05]
SOAP:   6%|▌         | 1502/25778 [3:31:43 > 13:05]
SOAP:   6%|▌         | 1503/25778 [3:31:38 > 13:06]
SOAP:   6%|▌         | 1504/25778 [3:31:35 > 13:06]
SOAP:   6%|▌         | 1505/25778 [3:31:16 > 13:07]
SOAP:   6%|▌         | 1506/25778 [3:31:22 > 13:08]
SOAP:   6%|▌         | 1507/25778 [3:29:34 > 13:08]
SOAP:   6%|▌         | 1508/25778 [3:31:57 > 13:09]
SOAP:   6%|▌         | 1509/25778 [3:30:29 > 13:09]
SOAP:   6%|▌         | 1510/25778 [3:30:58 > 13:10]
SOAP:   6%|▌         | 1511/25778 [3:32:35 > 13:10]
SOAP:   6%|▌         | 1512/25778 [3:32:11 > 13:11]
SOAP:   6%|▌         | 1513/25778 [3:31:52 > 13:11]
SOAP:   6%|▌         | 1514/25778 [3:29:53 > 13:12]
SOAP:   6%|▌         | 1515/25778 [3:31:44 > 13:12]
SOAP:   6%|▌         | 1516/25778 [3:31:25 > 13:13]
SOAP:   6%|▌         | 1517/25778 [3:31:07 > 13:13]
SOAP:   6%|▌         | 1518/25778 [3:31:00 > 13:14]
SOAP:   6%|▌         | 1519/25778 [3:30:59 > 13:14]
SOAP:   6%|▌         | 1520/25778 [3:30:53 > 13:15]
SOAP:   6%|▌         | 1521/25778 [3:30:57 > 13:15]
SOAP:   6%|▌         | 1522/25778 [3:31:07 > 13:16]
SOAP:   6%|▌         | 1523/25778 [3:31:06 > 13:16]
SOAP:   6%|▌         | 1524/25778 [3:31:12 > 13:17]
SOAP:   6%|▌         | 1525/25778 [3:30:58 > 13:17]
SOAP:   6%|▌         | 1526/25778 [3:30:51 > 13:18]
SOAP:   6%|▌         | 1527/25778 [3:30:48 > 13:18]
SOAP:   6%|▌         | 1528/25778 [3:30:47 > 13:19]
SOAP:   6%|▌         | 1529/25778 [3:30:48 > 13:20]
SOAP:   6%|▌         | 1530/25778 [3:30:29 > 13:20]
SOAP:   6%|▌         | 1531/25778 [3:31:08 > 13:21]
SOAP:   6%|▌         | 1532/25778 [3:31:06 > 13:21]
SOAP:   6%|▌         | 1533/25778 [3:31:04 > 13:22]
SOAP:   6%|▌         | 1534/25778 [3:31:11 > 13:22]
SOAP:   6%|▌         | 1535/25778 [3:30:54 > 13:23]
SOAP:   6%|▌         | 1536/25778 [3:30:49 > 13:23]
SOAP:   6%|▌         | 1537/25778 [3:30:42 > 13:24]
SOAP:   6%|▌         | 1538/25778 [3:30:33 > 13:24]
SOAP:   6%|▌         | 1539/25778 [3:30:38 > 13:25]
SOAP:   6%|▌         | 1540/25778 [3:30:41 > 13:25]
SOAP:   6%|▌         | 1541/25778 [3:30:47 > 13:26]
SOAP:   6%|▌         | 1542/25778 [3:30:59 > 13:26]
SOAP:   6%|▌         | 1543/25778 [3:30:56 > 13:27]
SOAP:   6%|▌         | 1544/25778 [3:30:58 > 13:27]
SOAP:   6%|▌         | 1545/25778 [3:30:45 > 13:28]
SOAP:   6%|▌         | 1546/25778 [3:30:41 > 13:28]
SOAP:   6%|▌         | 1547/25778 [3:30:38 > 13:29]
SOAP:   6%|▌         | 1548/25778 [3:30:27 > 13:29]
SOAP:   6%|▌         | 1549/25778 [3:30:18 > 13:30]
SOAP:   6%|▌         | 1550/25778 [3:30:36 > 13:30]
SOAP:   6%|▌         | 1551/25778 [3:30:43 > 13:31]
SOAP:   6%|▌         | 1552/25778 [3:30:52 > 13:32]
SOAP:   6%|▌         | 1553/25778 [3:30:52 > 13:32]
SOAP:   6%|▌         | 1554/25778 [3:30:52 > 13:33]
SOAP:   6%|▌         | 1555/25778 [3:30:38 > 13:33]
SOAP:   6%|▌         | 1556/25778 [3:30:35 > 13:34]
SOAP:   6%|▌         | 1557/25778 [3:30:23 > 13:34]
SOAP:   6%|▌         | 1558/25778 [3:30:17 > 13:35]
SOAP:   6%|▌         | 1559/25778 [3:30:08 > 13:35]
SOAP:   6%|▌         | 1560/25778 [3:30:12 > 13:36]
SOAP:   6%|▌         | 1561/25778 [3:28:32 > 13:36]
SOAP:   6%|▌         | 1562/25778 [3:30:55 > 13:37]
SOAP:   6%|▌         | 1563/25778 [3:30:34 > 13:37]
SOAP:   6%|▌         | 1564/25778 [3:30:43 > 13:38]
SOAP:   6%|▌         | 1565/25778 [3:29:08 > 13:38]
SOAP:   6%|▌         | 1566/25778 [3:31:16 > 13:39]
SOAP:   6%|▌         | 1567/25778 [3:31:02 > 13:39]
SOAP:   6%|▌         | 1568/25778 [3:30:51 > 13:40]
SOAP:   6%|▌         | 1569/25778 [3:30:40 > 13:40]
SOAP:   6%|▌         | 1570/25778 [3:30:30 > 13:41]
SOAP:   6%|▌         | 1571/25778 [3:30:34 > 13:41]
SOAP:   6%|▌         | 1572/25778 [3:30:41 > 13:42]
SOAP:   6%|▌         | 1573/25778 [3:30:49 > 13:42]
SOAP:   6%|▌         | 1574/25778 [3:30:51 > 13:43]
SOAP:   6%|▌         | 1575/25778 [3:30:44 > 13:44]
SOAP:   6%|▌         | 1576/25778 [3:30:35 > 13:44]
SOAP:   6%|▌         | 1577/25778 [3:30:35 > 13:45]
SOAP:   6%|▌         | 1578/25778 [3:30:20 > 13:45]
SOAP:   6%|▌         | 1579/25778 [3:30:15 > 13:46]
SOAP:   6%|▌         | 1580/25778 [3:30:29 > 13:46]
SOAP:   6%|▌         | 1581/25778 [3:31:01 > 13:47]
SOAP:   6%|▌         | 1582/25778 [3:31:00 > 13:47]
SOAP:   6%|▌         | 1583/25778 [3:30:57 > 13:48]
SOAP:   6%|▌         | 1584/25778 [3:30:49 > 13:48]
SOAP:   6%|▌         | 1585/25778 [3:30:33 > 13:49]
SOAP:   6%|▌         | 1586/25778 [3:30:24 > 13:49]
SOAP:   6%|▌         | 1587/25778 [3:30:14 > 13:50]
SOAP:   6%|▌         | 1588/25778 [3:30:12 > 13:50]
SOAP:   6%|▌         | 1589/25778 [3:30:10 > 13:51]
SOAP:   6%|▌         | 1590/25778 [3:30:25 > 13:51]
SOAP:   6%|▌         | 1591/25778 [3:30:23 > 13:52]
SOAP:   6%|▌         | 1592/25778 [3:30:27 > 13:52]
SOAP:   6%|▌         | 1593/25778 [3:30:29 > 13:53]
SOAP:   6%|▌         | 1594/25778 [3:30:31 > 13:53]
SOAP:   6%|▌         | 1595/25778 [3:30:08 > 13:54]
SOAP:   6%|▌         | 1596/25778 [3:30:16 > 13:54]
SOAP:   6%|▌         | 1597/25778 [3:30:46 > 13:55]
SOAP:   6%|▌         | 1598/25778 [3:30:36 > 13:56]
SOAP:   6%|▌         | 1599/25778 [3:30:36 > 13:56]
SOAP:   6%|▌         | 1600/25778 [3:30:33 > 13:57]
SOAP:   6%|▌         | 1601/25778 [3:32:26 > 13:57]
SOAP:   6%|▌         | 1602/25778 [3:30:50 > 13:58]
SOAP:   6%|▌         | 1603/25778 [3:30:40 > 13:58]
SOAP:   6%|▌         | 1604/25778 [3:28:55 > 13:59]
SOAP:   6%|▌         | 1605/25778 [3:30:54 > 13:59]
SOAP:   6%|▌         | 1606/25778 [3:30:34 > 14:00]
SOAP:   6%|▌         | 1607/25778 [3:30:30 > 14:00]
SOAP:   6%|▌         | 1608/25778 [3:30:29 > 14:01]
SOAP:   6%|▌         | 1609/25778 [3:30:16 > 14:01]
SOAP:   6%|▌         | 1610/25778 [3:30:08 > 14:02]
SOAP:   6%|▌         | 1611/25778 [3:29:58 > 14:02]
SOAP:   6%|▋         | 1612/25778 [3:29:58 > 14:03]
SOAP:   6%|▋         | 1613/25778 [3:29:49 > 14:03]
SOAP:   6%|▋         | 1614/25778 [3:30:30 > 14:04]
SOAP:   6%|▋         | 1615/25778 [3:31:19 > 14:04]
SOAP:   6%|▋         | 1616/25778 [3:30:43 > 14:05]
SOAP:   6%|▋         | 1617/25778 [3:30:25 > 14:05]
SOAP:   6%|▋         | 1618/25778 [3:30:11 > 14:06]
SOAP:   6%|▋         | 1619/25778 [3:30:04 > 14:07]
SOAP:   6%|▋         | 1620/25778 [3:29:49 > 14:07]
SOAP:   6%|▋         | 1621/25778 [3:29:48 > 14:08]
SOAP:   6%|▋         | 1622/25778 [3:29:44 > 14:08]
SOAP:   6%|▋         | 1623/25778 [3:30:00 > 14:09]
SOAP:   6%|▋         | 1624/25778 [3:30:04 > 14:09]
SOAP:   6%|▋         | 1625/25778 [3:28:31 > 14:10]
SOAP:   6%|▋         | 1626/25778 [3:30:37 > 14:10]
SOAP:   6%|▋         | 1627/25778 [3:30:39 > 14:11]
SOAP:   6%|▋         | 1628/25778 [3:30:22 > 14:11]
SOAP:   6%|▋         | 1629/25778 [3:30:16 > 14:12]
SOAP:   6%|▋         | 1630/25778 [3:29:54 > 14:12]
SOAP:   6%|▋         | 1631/25778 [3:29:49 > 14:13]
SOAP:   6%|▋         | 1632/25778 [3:29:49 > 14:13]
SOAP:   6%|▋         | 1633/25778 [3:29:29 > 14:14]
SOAP:   6%|▋         | 1634/25778 [3:29:39 > 14:14]
SOAP:   6%|▋         | 1635/25778 [3:29:43 > 14:15]
SOAP:   6%|▋         | 1636/25778 [3:29:59 > 14:15]
SOAP:   6%|▋         | 1637/25778 [3:29:55 > 14:16]
SOAP:   6%|▋         | 1638/25778 [3:29:57 > 14:16]
SOAP:   6%|▋         | 1639/25778 [3:30:06 > 14:17]
SOAP:   6%|▋         | 1640/25778 [3:29:55 > 14:17]
SOAP:   6%|▋         | 1641/25778 [3:29:43 > 14:18]
SOAP:   6%|▋         | 1642/25778 [3:29:46 > 14:19]
SOAP:   6%|▋         | 1643/25778 [3:29:35 > 14:19]
SOAP:   6%|▋         | 1644/25778 [3:29:34 > 14:20]
SOAP:   6%|▋         | 1645/25778 [3:29:33 > 14:20]
SOAP:   6%|▋         | 1646/25778 [3:29:47 > 14:21]
SOAP:   6%|▋         | 1647/25778 [3:29:36 > 14:21]
SOAP:   6%|▋         | 1648/25778 [3:29:48 > 14:22]
SOAP:   6%|▋         | 1649/25778 [3:29:52 > 14:22]
SOAP:   6%|▋         | 1650/25778 [3:29:56 > 14:23]
SOAP:   6%|▋         | 1651/25778 [3:29:57 > 14:23]
SOAP:   6%|▋         | 1652/25778 [3:29:45 > 14:24]
SOAP:   6%|▋         | 1653/25778 [3:29:30 > 14:24]
SOAP:   6%|▋         | 1654/25778 [3:29:41 > 14:25]
SOAP:   6%|▋         | 1655/25778 [3:30:04 > 14:25]
SOAP:   6%|▋         | 1656/25778 [3:29:57 > 14:26]
SOAP:   6%|▋         | 1657/25778 [3:29:55 > 14:26]
SOAP:   6%|▋         | 1658/25778 [3:29:56 > 14:27]
SOAP:   6%|▋         | 1659/25778 [3:30:18 > 14:27]
SOAP:   6%|▋         | 1660/25778 [3:30:41 > 14:28]
SOAP:   6%|▋         | 1661/25778 [3:31:27 > 14:28]
SOAP:   6%|▋         | 1662/25778 [3:29:29 > 14:29]
SOAP:   6%|▋         | 1663/25778 [3:31:20 > 14:29]
SOAP:   6%|▋         | 1664/25778 [3:31:42 > 14:30]
SOAP:   6%|▋         | 1665/25778 [3:31:45 > 14:31]
SOAP:   6%|▋         | 1666/25778 [3:31:35 > 14:31]
SOAP:   6%|▋         | 1667/25778 [3:32:01 > 14:32]
SOAP:   6%|▋         | 1668/25778 [3:31:47 > 14:32]
SOAP:   6%|▋         | 1669/25778 [3:31:49 > 14:33]
SOAP:   6%|▋         | 1670/25778 [3:31:53 > 14:33]
SOAP:   6%|▋         | 1671/25778 [3:31:59 > 14:34]
SOAP:   6%|▋         | 1672/25778 [3:31:54 > 14:34]
SOAP:   6%|▋         | 1673/25778 [3:32:02 > 14:35]
SOAP:   6%|▋         | 1674/25778 [3:32:01 > 14:35]
SOAP:   6%|▋         | 1675/25778 [3:32:00 > 14:36]
SOAP:   7%|▋         | 1676/25778 [3:31:16 > 14:36]
SOAP:   7%|▋         | 1677/25778 [3:32:25 > 14:37]
SOAP:   7%|▋         | 1678/25778 [3:32:01 > 14:37]
SOAP:   7%|▋         | 1679/25778 [3:32:07 > 14:38]
SOAP:   7%|▋         | 1680/25778 [3:32:10 > 14:38]
SOAP:   7%|▋         | 1681/25778 [3:31:51 > 14:39]
SOAP:   7%|▋         | 1682/25778 [3:32:04 > 14:40]
SOAP:   7%|▋         | 1683/25778 [3:32:02 > 14:40]
SOAP:   7%|▋         | 1684/25778 [3:32:00 > 14:41]
SOAP:   7%|▋         | 1685/25778 [3:32:16 > 14:41]
SOAP:   7%|▋         | 1686/25778 [3:31:52 > 14:42]
SOAP:   7%|▋         | 1687/25778 [3:31:54 > 14:42]
SOAP:   7%|▋         | 1688/25778 [3:31:49 > 14:43]
SOAP:   7%|▋         | 1689/25778 [3:31:50 > 14:43]
SOAP:   7%|▋         | 1690/25778 [3:31:48 > 14:44]
SOAP:   7%|▋         | 1691/25778 [3:31:41 > 14:44]
SOAP:   7%|▋         | 1692/25778 [3:31:53 > 14:45]
SOAP:   7%|▋         | 1693/25778 [3:31:42 > 14:45]
SOAP:   7%|▋         | 1694/25778 [3:31:56 > 14:46]
SOAP:   7%|▋         | 1695/25778 [3:31:53 > 14:46]
SOAP:   7%|▋         | 1696/25778 [3:31:44 > 14:47]
SOAP:   7%|▋         | 1697/25778 [3:31:41 > 14:47]
SOAP:   7%|▋         | 1698/25778 [3:31:46 > 14:48]
SOAP:   7%|▋         | 1699/25778 [3:31:35 > 14:48]
SOAP:   7%|▋         | 1700/25778 [3:31:37 > 14:49]
SOAP:   7%|▋         | 1701/25778 [3:32:49 > 14:50]
SOAP:   7%|▋         | 1702/25778 [3:32:25 > 14:50]
SOAP:   7%|▋         | 1703/25778 [3:32:04 > 14:51]
SOAP:   7%|▋         | 1704/25778 [3:31:57 > 14:51]
SOAP:   7%|▋         | 1705/25778 [3:32:07 > 14:52]
SOAP:   7%|▋         | 1706/25778 [3:31:47 > 14:52]
SOAP:   7%|▋         | 1707/25778 [3:32:17 > 14:53]
SOAP:   7%|▋         | 1708/25778 [3:31:50 > 14:53]
SOAP:   7%|▋         | 1709/25778 [3:31:46 > 14:54]
SOAP:   7%|▋         | 1710/25778 [3:31:36 > 14:54]
SOAP:   7%|▋         | 1711/25778 [3:31:49 > 14:55]
SOAP:   7%|▋         | 1712/25778 [3:31:36 > 14:55]
SOAP:   7%|▋         | 1713/25778 [3:31:28 > 14:56]
SOAP:   7%|▋         | 1714/25778 [3:31:44 > 14:56]
SOAP:   7%|▋         | 1715/25778 [3:31:39 > 14:57]
SOAP:   7%|▋         | 1716/25778 [3:31:27 > 14:57]
SOAP:   7%|▋         | 1717/25778 [3:31:47 > 14:58]
SOAP:   7%|▋         | 1718/25778 [3:31:47 > 14:59]
SOAP:   7%|▋         | 1719/25778 [3:31:38 > 14:59]
SOAP:   7%|▋         | 1720/25778 [3:31:36 > 15:00]
SOAP:   7%|▋         | 1721/25778 [3:31:40 > 15:00]
SOAP:   7%|▋         | 1722/25778 [3:31:40 > 15:01]
SOAP:   7%|▋         | 1723/25778 [3:31:23 > 15:01]
SOAP:   7%|▋         | 1724/25778 [3:31:29 > 15:02]
SOAP:   7%|▋         | 1725/25778 [3:31:39 > 15:02]
SOAP:   7%|▋         | 1726/25778 [3:31:33 > 15:03]
SOAP:   7%|▋         | 1727/25778 [3:31:41 > 15:03]
SOAP:   7%|▋         | 1728/25778 [3:31:36 > 15:04]
SOAP:   7%|▋         | 1729/25778 [3:31:32 > 15:04]
SOAP:   7%|▋         | 1730/25778 [3:31:49 > 15:05]
SOAP:   7%|▋         | 1731/25778 [3:31:39 > 15:05]
SOAP:   7%|▋         | 1732/25778 [3:32:16 > 15:06]
SOAP:   7%|▋         | 1733/25778 [3:31:54 > 15:06]
SOAP:   7%|▋         | 1734/25778 [3:32:05 > 15:07]
SOAP:   7%|▋         | 1735/25778 [3:31:53 > 15:07]
SOAP:   7%|▋         | 1736/25778 [3:31:54 > 15:08]
SOAP:   7%|▋         | 1737/25778 [3:31:51 > 15:09]
SOAP:   7%|▋         | 1738/25778 [3:31:34 > 15:09]
SOAP:   7%|▋         | 1739/25778 [3:30:44 > 15:10]
SOAP:   7%|▋         | 1740/25778 [3:31:09 > 15:10]
SOAP:   7%|▋         | 1741/25778 [3:31:32 > 15:11]
SOAP:   7%|▋         | 1742/25778 [3:31:17 > 15:11]
SOAP:   7%|▋         | 1743/25778 [3:31:16 > 15:12]
SOAP:   7%|▋         | 1744/25778 [3:31:14 > 15:12]
SOAP:   7%|▋         | 1745/25778 [3:31:12 > 15:13]
SOAP:   7%|▋         | 1746/25778 [3:31:19 > 15:13]
SOAP:   7%|▋         | 1747/25778 [3:31:22 > 15:14]
SOAP:   7%|▋         | 1748/25778 [3:31:29 > 15:14]
SOAP:   7%|▋         | 1749/25778 [3:31:29 > 15:15]
SOAP:   7%|▋         | 1750/25778 [3:31:09 > 15:15]
SOAP:   7%|▋         | 1751/25778 [3:31:22 > 15:16]
SOAP:   7%|▋         | 1752/25778 [3:31:24 > 15:16]
SOAP:   7%|▋         | 1753/25778 [3:31:25 > 15:17]
SOAP:   7%|▋         | 1754/25778 [3:31:34 > 15:18]
SOAP:   7%|▋         | 1755/25778 [3:31:20 > 15:18]
SOAP:   7%|▋         | 1756/25778 [3:31:25 > 15:19]
SOAP:   7%|▋         | 1757/25778 [3:31:16 > 15:19]
SOAP:   7%|▋         | 1758/25778 [3:29:21 > 15:20]
SOAP:   7%|▋         | 1759/25778 [3:31:04 > 15:20]
SOAP:   7%|▋         | 1760/25778 [3:30:45 > 15:21]
SOAP:   7%|▋         | 1761/25778 [3:30:43 > 15:21]
SOAP:   7%|▋         | 1762/25778 [3:30:54 > 15:22]
SOAP:   7%|▋         | 1763/25778 [3:31:06 > 15:22]
SOAP:   7%|▋         | 1764/25778 [3:31:08 > 15:23]
SOAP:   7%|▋         | 1765/25778 [3:31:05 > 15:23]
SOAP:   7%|▋         | 1766/25778 [3:30:49 > 15:24]
SOAP:   7%|▋         | 1767/25778 [3:31:04 > 15:24]
SOAP:   7%|▋         | 1768/25778 [3:30:58 > 15:25]
SOAP:   7%|▋         | 1769/25778 [3:30:44 > 15:25]
SOAP:   7%|▋         | 1770/25778 [3:30:18 > 15:26]
SOAP:   7%|▋         | 1771/25778 [3:30:34 > 15:26]
SOAP:   7%|▋         | 1772/25778 [3:30:47 > 15:27]
SOAP:   7%|▋         | 1773/25778 [3:30:56 > 15:28]
SOAP:   7%|▋         | 1774/25778 [3:30:58 > 15:28]
SOAP:   7%|▋         | 1775/25778 [3:31:06 > 15:29]
SOAP:   7%|▋         | 1776/25778 [3:31:00 > 15:29]
SOAP:   7%|▋         | 1777/25778 [3:30:55 > 15:30]
SOAP:   7%|▋         | 1778/25778 [3:31:13 > 15:30]
SOAP:   7%|▋         | 1779/25778 [3:31:07 > 15:31]
SOAP:   7%|▋         | 1780/25778 [3:30:57 > 15:31]
SOAP:   7%|▋         | 1781/25778 [3:31:09 > 15:32]
SOAP:   7%|▋         | 1782/25778 [3:30:51 > 15:32]
SOAP:   7%|▋         | 1783/25778 [3:30:54 > 15:33]
SOAP:   7%|▋         | 1784/25778 [3:31:07 > 15:33]
SOAP:   7%|▋         | 1785/25778 [3:30:56 > 15:34]
SOAP:   7%|▋         | 1786/25778 [3:31:02 > 15:34]
SOAP:   7%|▋         | 1787/25778 [3:31:09 > 15:35]
SOAP:   7%|▋         | 1788/25778 [3:31:09 > 15:35]
SOAP:   7%|▋         | 1789/25778 [3:31:34 > 15:36]
SOAP:   7%|▋         | 1790/25778 [3:31:37 > 15:37]
SOAP:   7%|▋         | 1791/25778 [3:31:38 > 15:37]
SOAP:   7%|▋         | 1792/25778 [3:31:49 > 15:38]
SOAP:   7%|▋         | 1793/25778 [3:31:27 > 15:38]
SOAP:   7%|▋         | 1794/25778 [3:31:34 > 15:39]
SOAP:   7%|▋         | 1795/25778 [3:31:12 > 15:39]
SOAP:   7%|▋         | 1796/25778 [3:31:01 > 15:40]
SOAP:   7%|▋         | 1797/25778 [3:30:55 > 15:40]
SOAP:   7%|▋         | 1798/25778 [3:29:28 > 15:41]
SOAP:   7%|▋         | 1799/25778 [3:30:59 > 15:41]
SOAP:   7%|▋         | 1800/25778 [3:29:30 > 15:42]
SOAP:   7%|▋         | 1801/25778 [3:31:50 > 15:42]
SOAP:   7%|▋         | 1802/25778 [3:31:25 > 15:43]
SOAP:   7%|▋         | 1803/25778 [3:31:17 > 15:43]
SOAP:   7%|▋         | 1804/25778 [3:31:05 > 15:44]
SOAP:   7%|▋         | 1805/25778 [3:31:06 > 15:44]
SOAP:   7%|▋         | 1806/25778 [3:30:53 > 15:45]
SOAP:   7%|▋         | 1807/25778 [3:31:01 > 15:45]
SOAP:   7%|▋         | 1808/25778 [3:31:00 > 15:46]
SOAP:   7%|▋         | 1809/25778 [3:30:47 > 15:47]
SOAP:   7%|▋         | 1810/25778 [3:30:53 > 15:47]
SOAP:   7%|▋         | 1811/25778 [3:31:02 > 15:48]
SOAP:   7%|▋         | 1812/25778 [3:30:46 > 15:48]
SOAP:   7%|▋         | 1813/25778 [3:30:28 > 15:49]
SOAP:   7%|▋         | 1814/25778 [3:30:06 > 15:49]
SOAP:   7%|▋         | 1815/25778 [3:30:03 > 15:50]
SOAP:   7%|▋         | 1816/25778 [3:30:22 > 15:50]
SOAP:   7%|▋         | 1817/25778 [3:30:32 > 15:51]
SOAP:   7%|▋         | 1818/25778 [3:30:30 > 15:51]
SOAP:   7%|▋         | 1819/25778 [3:30:36 > 15:52]
SOAP:   7%|▋         | 1820/25778 [3:30:43 > 15:52]
SOAP:   7%|▋         | 1821/25778 [3:30:40 > 15:53]
SOAP:   7%|▋         | 1822/25778 [3:30:27 > 15:53]
SOAP:   7%|▋         | 1823/25778 [3:30:50 > 15:54]
SOAP:   7%|▋         | 1824/25778 [3:30:35 > 15:54]
SOAP:   7%|▋         | 1825/25778 [3:30:30 > 15:55]
SOAP:   7%|▋         | 1826/25778 [3:30:47 > 15:56]
SOAP:   7%|▋         | 1827/25778 [3:30:41 > 15:56]
SOAP:   7%|▋         | 1828/25778 [3:30:42 > 15:57]
SOAP:   7%|▋         | 1829/25778 [3:30:54 > 15:57]
SOAP:   7%|▋         | 1830/25778 [3:30:38 > 15:58]
SOAP:   7%|▋         | 1831/25778 [3:30:42 > 15:58]
SOAP:   7%|▋         | 1832/25778 [3:30:38 > 15:59]
SOAP:   7%|▋         | 1833/25778 [3:30:44 > 15:59]
SOAP:   7%|▋         | 1834/25778 [3:30:40 > 16:00]
SOAP:   7%|▋         | 1835/25778 [3:30:36 > 16:00]
SOAP:   7%|▋         | 1836/25778 [3:30:43 > 16:01]
SOAP:   7%|▋         | 1837/25778 [3:30:24 > 16:01]
SOAP:   7%|▋         | 1838/25778 [3:30:10 > 16:02]
SOAP:   7%|▋         | 1839/25778 [3:30:19 > 16:02]
SOAP:   7%|▋         | 1840/25778 [3:30:20 > 16:03]
SOAP:   7%|▋         | 1841/25778 [3:30:32 > 16:03]
SOAP:   7%|▋         | 1842/25778 [3:30:24 > 16:04]
SOAP:   7%|▋         | 1843/25778 [3:30:24 > 16:04]
SOAP:   7%|▋         | 1844/25778 [3:30:40 > 16:05]
SOAP:   7%|▋         | 1845/25778 [3:30:25 > 16:06]
SOAP:   7%|▋         | 1846/25778 [3:30:27 > 16:06]
SOAP:   7%|▋         | 1847/25778 [3:30:31 > 16:07]
SOAP:   7%|▋         | 1848/25778 [3:29:36 > 16:07]
SOAP:   7%|▋         | 1849/25778 [3:29:10 > 16:08]
SOAP:   7%|▋         | 1850/25778 [3:29:59 > 16:08]
SOAP:   7%|▋         | 1851/25778 [3:30:21 > 16:09]
SOAP:   7%|▋         | 1852/25778 [3:30:36 > 16:09]
SOAP:   7%|▋         | 1853/25778 [3:30:34 > 16:10]
SOAP:   7%|▋         | 1854/25778 [3:28:31 > 16:10]
SOAP:   7%|▋         | 1855/25778 [3:30:31 > 16:11]
SOAP:   7%|▋         | 1856/25778 [3:30:33 > 16:11]
SOAP:   7%|▋         | 1857/25778 [3:30:30 > 16:12]
SOAP:   7%|▋         | 1858/25778 [3:30:20 > 16:12]
SOAP:   7%|▋         | 1859/25778 [3:30:21 > 16:13]
SOAP:   7%|▋         | 1860/25778 [3:30:36 > 16:13]
SOAP:   7%|▋         | 1861/25778 [3:30:23 > 16:14]
SOAP:   7%|▋         | 1862/25778 [3:30:06 > 16:14]
SOAP:   7%|▋         | 1863/25778 [3:30:23 > 16:15]
SOAP:   7%|▋         | 1864/25778 [3:30:13 > 16:16]
SOAP:   7%|▋         | 1865/25778 [3:30:10 > 16:16]
SOAP:   7%|▋         | 1866/25778 [3:30:23 > 16:17]
SOAP:   7%|▋         | 1867/25778 [3:30:20 > 16:17]
SOAP:   7%|▋         | 1868/25778 [3:30:20 > 16:18]
SOAP:   7%|▋         | 1869/25778 [3:30:14 > 16:18]
SOAP:   7%|▋         | 1870/25778 [3:30:23 > 16:19]
SOAP:   7%|▋         | 1871/25778 [3:30:22 > 16:19]
SOAP:   7%|▋         | 1872/25778 [3:30:20 > 16:20]
SOAP:   7%|▋         | 1873/25778 [3:28:34 > 16:20]
SOAP:   7%|▋         | 1874/25778 [3:30:12 > 16:21]
SOAP:   7%|▋         | 1875/25778 [3:30:18 > 16:21]
SOAP:   7%|▋         | 1876/25778 [3:30:12 > 16:22]
SOAP:   7%|▋         | 1877/25778 [3:30:17 > 16:22]
SOAP:   7%|▋         | 1878/25778 [3:30:20 > 16:23]
SOAP:   7%|▋         | 1879/25778 [3:30:23 > 16:23]
SOAP:   7%|▋         | 1880/25778 [3:30:07 > 16:24]
SOAP:   7%|▋         | 1881/25778 [3:30:10 > 16:25]
SOAP:   7%|▋         | 1882/25778 [3:30:02 > 16:25]
SOAP:   7%|▋         | 1883/25778 [3:29:32 > 16:26]
SOAP:   7%|▋         | 1884/25778 [3:29:45 > 16:26]
SOAP:   7%|▋         | 1885/25778 [3:29:46 > 16:27]
SOAP:   7%|▋         | 1886/25778 [3:29:41 > 16:27]
SOAP:   7%|▋         | 1887/25778 [3:29:57 > 16:28]
SOAP:   7%|▋         | 1888/25778 [3:29:46 > 16:28]
SOAP:   7%|▋         | 1889/25778 [3:29:54 > 16:29]
SOAP:   7%|▋         | 1890/25778 [3:30:04 > 16:29]
SOAP:   7%|▋         | 1891/25778 [3:29:55 > 16:30]
SOAP:   7%|▋         | 1892/25778 [3:29:59 > 16:30]
SOAP:   7%|▋         | 1893/25778 [3:30:10 > 16:31]
SOAP:   7%|▋         | 1894/25778 [3:30:11 > 16:31]
SOAP:   7%|▋         | 1895/25778 [3:30:16 > 16:32]
SOAP:   7%|▋         | 1896/25778 [3:30:05 > 16:32]
SOAP:   7%|▋         | 1897/25778 [3:30:06 > 16:33]
SOAP:   7%|▋         | 1898/25778 [3:29:57 > 16:33]
SOAP:   7%|▋         | 1899/25778 [3:30:07 > 16:34]
SOAP:   7%|▋         | 1900/25778 [3:30:16 > 16:35]
SOAP:   7%|▋         | 1901/25778 [3:30:54 > 16:35]
SOAP:   7%|▋         | 1902/25778 [3:30:52 > 16:36]
SOAP:   7%|▋         | 1903/25778 [3:30:31 > 16:36]
SOAP:   7%|▋         | 1904/25778 [3:30:20 > 16:37]
SOAP:   7%|▋         | 1905/25778 [3:30:05 > 16:37]
SOAP:   7%|▋         | 1906/25778 [3:29:54 > 16:38]
SOAP:   7%|▋         | 1907/25778 [3:29:18 > 16:38]
SOAP:   7%|▋         | 1908/25778 [3:29:33 > 16:39]
SOAP:   7%|▋         | 1909/25778 [3:29:30 > 16:39]
SOAP:   7%|▋         | 1910/25778 [3:29:43 > 16:40]
SOAP:   7%|▋         | 1911/25778 [3:29:38 > 16:40]
SOAP:   7%|▋         | 1912/25778 [3:29:48 > 16:41]
SOAP:   7%|▋         | 1913/25778 [3:29:48 > 16:41]
SOAP:   7%|▋         | 1914/25778 [3:30:00 > 16:42]
SOAP:   7%|▋         | 1915/25778 [3:29:45 > 16:42]
SOAP:   7%|▋         | 1916/25778 [3:29:30 > 16:43]
SOAP:   7%|▋         | 1917/25778 [3:29:34 > 16:44]
SOAP:   7%|▋         | 1918/25778 [3:29:50 > 16:44]
SOAP:   7%|▋         | 1919/25778 [3:29:49 > 16:45]
SOAP:   7%|▋         | 1920/25778 [3:29:40 > 16:45]
SOAP:   7%|▋         | 1921/25778 [3:29:40 > 16:46]
SOAP:   7%|▋         | 1922/25778 [3:29:53 > 16:46]
SOAP:   7%|▋         | 1923/25778 [3:29:51 > 16:47]
SOAP:   7%|▋         | 1924/25778 [3:29:31 > 16:47]
SOAP:   7%|▋         | 1925/25778 [3:28:50 > 16:48]
SOAP:   7%|▋         | 1926/25778 [3:26:48 > 16:48]
SOAP:   7%|▋         | 1927/25778 [3:28:47 > 16:49]
SOAP:   7%|▋         | 1928/25778 [3:28:23 > 16:49]
SOAP:   7%|▋         | 1929/25778 [3:28:05 > 16:50]
SOAP:   7%|▋         | 1930/25778 [3:28:00 > 16:50]
SOAP:   7%|▋         | 1931/25778 [3:27:37 > 16:51]
SOAP:   7%|▋         | 1932/25778 [3:27:18 > 16:51]
SOAP:   7%|▋         | 1933/25778 [3:27:15 > 16:52]
SOAP:   8%|▊         | 1934/25778 [3:27:09 > 16:52]
SOAP:   8%|▊         | 1935/25778 [3:27:09 > 16:53]
SOAP:   8%|▊         | 1936/25778 [3:27:07 > 16:53]
SOAP:   8%|▊         | 1937/25778 [3:27:00 > 16:54]
SOAP:   8%|▊         | 1938/25778 [3:27:04 > 16:55]
SOAP:   8%|▊         | 1939/25778 [3:27:32 > 16:55]
SOAP:   8%|▊         | 1940/25778 [3:27:59 > 16:56]
SOAP:   8%|▊         | 1941/25778 [3:27:43 > 16:56]
SOAP:   8%|▊         | 1942/25778 [3:25:56 > 16:57]
SOAP:   8%|▊         | 1943/25778 [3:28:00 > 16:57]
SOAP:   8%|▊         | 1944/25778 [3:28:16 > 16:58]
SOAP:   8%|▊         | 1945/25778 [3:27:53 > 16:58]
SOAP:   8%|▊         | 1946/25778 [3:27:51 > 16:59]
SOAP:   8%|▊         | 1947/25778 [3:26:14 > 16:59]
SOAP:   8%|▊         | 1948/25778 [3:28:17 > 17:00]
SOAP:   8%|▊         | 1949/25778 [3:26:32 > 17:00]
SOAP:   8%|▊         | 1950/25778 [3:26:15 > 17:01]
SOAP:   8%|▊         | 1951/25778 [3:28:05 > 17:01]
SOAP:   8%|▊         | 1952/25778 [3:27:43 > 17:02]
SOAP:   8%|▊         | 1953/25778 [3:27:32 > 17:02]
SOAP:   8%|▊         | 1954/25778 [3:27:32 > 17:03]
SOAP:   8%|▊         | 1955/25778 [3:27:27 > 17:03]
SOAP:   8%|▊         | 1956/25778 [3:27:30 > 17:04]
SOAP:   8%|▊         | 1957/25778 [3:27:20 > 17:04]
SOAP:   8%|▊         | 1958/25778 [3:27:22 > 17:05]
SOAP:   8%|▊         | 1959/25778 [3:27:11 > 17:05]
SOAP:   8%|▊         | 1960/25778 [3:27:02 > 17:06]
SOAP:   8%|▊         | 1961/25778 [3:26:37 > 17:07]
SOAP:   8%|▊         | 1962/25778 [3:26:57 > 17:07]
SOAP:   8%|▊         | 1963/25778 [3:26:59 > 17:08]
SOAP:   8%|▊         | 1964/25778 [3:27:00 > 17:08]
SOAP:   8%|▊         | 1965/25778 [3:27:07 > 17:09]
SOAP:   8%|▊         | 1966/25778 [3:27:19 > 17:09]
SOAP:   8%|▊         | 1967/25778 [3:27:07 > 17:10]
SOAP:   8%|▊         | 1968/25778 [3:27:18 > 17:10]
SOAP:   8%|▊         | 1969/25778 [3:27:01 > 17:11]
SOAP:   8%|▊         | 1970/25778 [3:26:52 > 17:11]
SOAP:   8%|▊         | 1971/25778 [3:26:52 > 17:12]
SOAP:   8%|▊         | 1972/25778 [3:26:43 > 17:12]
SOAP:   8%|▊         | 1973/25778 [3:26:53 > 17:13]
SOAP:   8%|▊         | 1974/25778 [3:26:44 > 17:13]
SOAP:   8%|▊         | 1975/25778 [3:26:58 > 17:14]
SOAP:   8%|▊         | 1976/25778 [3:27:02 > 17:14]
SOAP:   8%|▊         | 1977/25778 [3:27:10 > 17:15]
SOAP:   8%|▊         | 1978/25778 [3:27:00 > 17:15]
SOAP:   8%|▊         | 1979/25778 [3:27:10 > 17:16]
SOAP:   8%|▊         | 1980/25778 [3:27:03 > 17:16]
SOAP:   8%|▊         | 1981/25778 [3:26:50 > 17:17]
SOAP:   8%|▊         | 1982/25778 [3:26:40 > 17:17]
SOAP:   8%|▊         | 1983/25778 [3:26:43 > 17:18]
SOAP:   8%|▊         | 1984/25778 [3:26:36 > 17:19]
SOAP:   8%|▊         | 1985/25778 [3:26:41 > 17:19]
SOAP:   8%|▊         | 1986/25778 [3:26:36 > 17:20]
SOAP:   8%|▊         | 1987/25778 [3:26:47 > 17:20]
SOAP:   8%|▊         | 1988/25778 [3:26:36 > 17:21]
SOAP:   8%|▊         | 1989/25778 [3:24:58 > 17:21]
SOAP:   8%|▊         | 1990/25778 [3:27:18 > 17:22]
SOAP:   8%|▊         | 1991/25778 [3:27:18 > 17:22]
SOAP:   8%|▊         | 1992/25778 [3:27:10 > 17:23]
SOAP:   8%|▊         | 1993/25778 [3:27:09 > 17:23]
SOAP:   8%|▊         | 1994/25778 [3:26:57 > 17:24]
SOAP:   8%|▊         | 1995/25778 [3:27:19 > 17:24]
SOAP:   8%|▊         | 1996/25778 [3:27:19 > 17:25]
SOAP:   8%|▊         | 1997/25778 [3:25:20 > 17:25]
SOAP:   8%|▊         | 1998/25778 [3:27:33 > 17:26]
SOAP:   8%|▊         | 1999/25778 [3:27:22 > 17:26]
SOAP:   8%|▊         | 2000/25778 [3:27:21 > 17:27]
SOAP:   8%|▊         | 2001/25778 [3:29:10 > 17:27]
SOAP:   8%|▊         | 2002/25778 [3:27:11 > 17:28]
SOAP:   8%|▊         | 2003/25778 [3:27:06 > 17:28]
SOAP:   8%|▊         | 2004/25778 [3:27:07 > 17:29]
SOAP:   8%|▊         | 2005/25778 [3:27:02 > 17:29]
SOAP:   8%|▊         | 2006/25778 [3:26:47 > 17:30]
SOAP:   8%|▊         | 2007/25778 [3:26:36 > 17:31]
SOAP:   8%|▊         | 2008/25778 [3:26:32 > 17:31]
SOAP:   8%|▊         | 2009/25778 [3:26:31 > 17:32]
SOAP:   8%|▊         | 2010/25778 [3:26:29 > 17:32]
SOAP:   8%|▊         | 2011/25778 [3:26:24 > 17:33]
SOAP:   8%|▊         | 2012/25778 [3:26:28 > 17:33]
SOAP:   8%|▊         | 2013/25778 [3:26:28 > 17:34]
SOAP:   8%|▊         | 2014/25778 [3:26:37 > 17:34]
SOAP:   8%|▊         | 2015/25778 [3:26:41 > 17:35]
SOAP:   8%|▊         | 2016/25778 [3:26:36 > 17:35]
SOAP:   8%|▊         | 2017/25778 [3:26:36 > 17:36]
SOAP:   8%|▊         | 2018/25778 [3:26:38 > 17:36]
SOAP:   8%|▊         | 2019/25778 [3:26:41 > 17:37]
SOAP:   8%|▊         | 2020/25778 [3:26:31 > 17:37]
SOAP:   8%|▊         | 2021/25778 [3:26:24 > 17:38]
SOAP:   8%|▊         | 2022/25778 [3:26:16 > 17:38]
SOAP:   8%|▊         | 2023/25778 [3:26:24 > 17:39]
SOAP:   8%|▊         | 2024/25778 [3:26:21 > 17:39]
SOAP:   8%|▊         | 2025/25778 [3:26:29 > 17:40]
SOAP:   8%|▊         | 2026/25778 [3:26:36 > 17:40]
SOAP:   8%|▊         | 2027/25778 [3:26:38 > 17:41]
SOAP:   8%|▊         | 2028/25778 [3:26:25 > 17:41]
SOAP:   8%|▊         | 2029/25778 [3:26:32 > 17:42]
SOAP:   8%|▊         | 2030/25778 [3:26:30 > 17:43]
SOAP:   8%|▊         | 2031/25778 [3:26:26 > 17:43]
SOAP:   8%|▊         | 2032/25778 [3:26:33 > 17:44]
SOAP:   8%|▊         | 2033/25778 [3:26:25 > 17:44]
SOAP:   8%|▊         | 2034/25778 [3:26:20 > 17:45]
SOAP:   8%|▊         | 2035/25778 [3:26:26 > 17:45]
SOAP:   8%|▊         | 2036/25778 [3:26:29 > 17:46]
SOAP:   8%|▊         | 2037/25778 [3:26:36 > 17:46]
SOAP:   8%|▊         | 2038/25778 [3:26:38 > 17:47]
SOAP:   8%|▊         | 2039/25778 [3:26:41 > 17:47]
SOAP:   8%|▊         | 2040/25778 [3:26:30 > 17:48]
SOAP:   8%|▊         | 2041/25778 [3:26:18 > 17:48]
SOAP:   8%|▊         | 2042/25778 [3:26:20 > 17:49]
SOAP:   8%|▊         | 2043/25778 [3:24:28 > 17:49]
SOAP:   8%|▊         | 2044/25778 [3:26:30 > 17:50]
SOAP:   8%|▊         | 2045/25778 [3:26:17 > 17:50]
SOAP:   8%|▊         | 2046/25778 [3:26:27 > 17:51]
SOAP:   8%|▊         | 2047/25778 [3:24:47 > 17:51]
SOAP:   8%|▊         | 2048/25778 [3:26:52 > 17:52]
SOAP:   8%|▊         | 2049/25778 [3:26:45 > 17:52]
SOAP:   8%|▊         | 2050/25778 [3:26:31 > 17:53]
SOAP:   8%|▊         | 2051/25778 [3:26:53 > 17:53]
SOAP:   8%|▊         | 2052/25778 [3:26:56 > 17:54]
SOAP:   8%|▊         | 2053/25778 [3:26:57 > 17:55]
SOAP:   8%|▊         | 2054/25778 [3:27:04 > 17:55]
SOAP:   8%|▊         | 2055/25778 [3:27:21 > 17:56]
SOAP:   8%|▊         | 2056/25778 [3:26:58 > 17:56]
SOAP:   8%|▊         | 2057/25778 [3:26:32 > 17:57]
SOAP:   8%|▊         | 2058/25778 [3:26:13 > 17:57]
SOAP:   8%|▊         | 2059/25778 [3:26:07 > 17:58]
SOAP:   8%|▊         | 2060/25778 [3:26:05 > 17:58]
SOAP:   8%|▊         | 2061/25778 [3:25:57 > 17:59]
SOAP:   8%|▊         | 2062/25778 [3:25:45 > 17:59]
SOAP:   8%|▊         | 2063/25778 [3:25:49 > 18:00]
SOAP:   8%|▊         | 2064/25778 [3:25:46 > 18:00]
SOAP:   8%|▊         | 2065/25778 [3:26:02 > 18:01]
SOAP:   8%|▊         | 2066/25778 [3:26:01 > 18:01]
SOAP:   8%|▊         | 2067/25778 [3:26:08 > 18:02]
SOAP:   8%|▊         | 2068/25778 [3:26:13 > 18:02]
SOAP:   8%|▊         | 2069/25778 [3:26:18 > 18:03]
SOAP:   8%|▊         | 2070/25778 [3:26:13 > 18:03]
SOAP:   8%|▊         | 2071/25778 [3:26:14 > 18:04]
SOAP:   8%|▊         | 2072/25778 [3:26:08 > 18:04]
SOAP:   8%|▊         | 2073/25778 [3:26:09 > 18:05]
SOAP:   8%|▊         | 2074/25778 [3:26:08 > 18:05]
SOAP:   8%|▊         | 2075/25778 [3:26:08 > 18:06]
SOAP:   8%|▊         | 2076/25778 [3:26:05 > 18:07]
SOAP:   8%|▊         | 2077/25778 [3:26:30 > 18:07]
SOAP:   8%|▊         | 2078/25778 [3:26:46 > 18:08]
SOAP:   8%|▊         | 2079/25778 [3:26:26 > 18:08]
SOAP:   8%|▊         | 2080/25778 [3:26:06 > 18:09]
SOAP:   8%|▊         | 2081/25778 [3:25:51 > 18:09]
SOAP:   8%|▊         | 2082/25778 [3:25:43 > 18:10]
SOAP:   8%|▊         | 2083/25778 [3:25:40 > 18:10]
SOAP:   8%|▊         | 2084/25778 [3:25:48 > 18:11]
SOAP:   8%|▊         | 2085/25778 [3:26:08 > 18:11]
SOAP:   8%|▊         | 2086/25778 [3:24:48 > 18:12]
SOAP:   8%|▊         | 2087/25778 [3:26:34 > 18:12]
SOAP:   8%|▊         | 2088/25778 [3:26:28 > 18:13]
SOAP:   8%|▊         | 2089/25778 [3:26:33 > 18:13]
SOAP:   8%|▊         | 2090/25778 [3:26:13 > 18:14]
SOAP:   8%|▊         | 2091/25778 [3:26:06 > 18:14]
SOAP:   8%|▊         | 2092/25778 [3:26:01 > 18:15]
SOAP:   8%|▊         | 2093/25778 [3:25:52 > 18:15]
SOAP:   8%|▊         | 2094/25778 [3:25:44 > 18:16]
SOAP:   8%|▊         | 2095/25778 [3:25:54 > 18:16]
SOAP:   8%|▊         | 2096/25778 [3:25:50 > 18:17]
SOAP:   8%|▊         | 2097/25778 [3:25:58 > 18:17]
SOAP:   8%|▊         | 2098/25778 [3:25:56 > 18:18]
SOAP:   8%|▊         | 2099/25778 [3:25:59 > 18:19]
SOAP:   8%|▊         | 2100/25778 [3:26:03 > 18:19]
SOAP:   8%|▊         | 2101/25778 [3:27:56 > 18:20]
SOAP:   8%|▊         | 2102/25778 [3:26:12 > 18:20]
SOAP:   8%|▊         | 2103/25778 [3:26:16 > 18:21]
SOAP:   8%|▊         | 2104/25778 [3:26:04 > 18:21]
SOAP:   8%|▊         | 2105/25778 [3:26:17 > 18:22]
SOAP:   8%|▊         | 2106/25778 [3:26:05 > 18:22]
SOAP:   8%|▊         | 2107/25778 [3:25:57 > 18:23]
SOAP:   8%|▊         | 2108/25778 [3:25:54 > 18:23]
SOAP:   8%|▊         | 2109/25778 [3:25:54 > 18:24]
SOAP:   8%|▊         | 2110/25778 [3:25:56 > 18:24]
SOAP:   8%|▊         | 2111/25778 [3:26:18 > 18:25]
SOAP:   8%|▊         | 2112/25778 [3:26:47 > 18:25]
SOAP:   8%|▊         | 2113/25778 [3:26:18 > 18:26]
SOAP:   8%|▊         | 2114/25778 [3:26:12 > 18:26]
SOAP:   8%|▊         | 2115/25778 [3:26:03 > 18:27]
SOAP:   8%|▊         | 2116/25778 [3:25:58 > 18:27]
SOAP:   8%|▊         | 2117/25778 [3:25:55 > 18:28]
SOAP:   8%|▊         | 2118/25778 [3:25:54 > 18:28]
SOAP:   8%|▊         | 2119/25778 [3:25:59 > 18:29]
SOAP:   8%|▊         | 2120/25778 [3:25:59 > 18:30]
SOAP:   8%|▊         | 2121/25778 [3:25:49 > 18:30]
SOAP:   8%|▊         | 2122/25778 [3:25:40 > 18:31]
SOAP:   8%|▊         | 2123/25778 [3:25:39 > 18:31]
SOAP:   8%|▊         | 2124/25778 [3:25:41 > 18:32]
SOAP:   8%|▊         | 2125/25778 [3:23:57 > 18:32]
SOAP:   8%|▊         | 2126/25778 [3:26:17 > 18:33]
SOAP:   8%|▊         | 2127/25778 [3:26:04 > 18:33]
SOAP:   8%|▊         | 2128/25778 [3:26:09 > 18:34]
SOAP:   8%|▊         | 2129/25778 [3:26:04 > 18:34]
SOAP:   8%|▊         | 2130/25778 [3:26:05 > 18:35]
SOAP:   8%|▊         | 2131/25778 [3:25:41 > 18:35]
SOAP:   8%|▊         | 2132/25778 [3:25:45 > 18:36]
SOAP:   8%|▊         | 2133/25778 [3:25:34 > 18:36]
SOAP:   8%|▊         | 2134/25778 [3:25:16 > 18:37]
SOAP:   8%|▊         | 2135/25778 [3:24:59 > 18:37]
SOAP:   8%|▊         | 2136/25778 [3:25:09 > 18:38]
SOAP:   8%|▊         | 2137/25778 [3:25:05 > 18:38]
SOAP:   8%|▊         | 2138/25778 [3:25:10 > 18:39]
SOAP:   8%|▊         | 2139/25778 [3:25:19 > 18:39]
SOAP:   8%|▊         | 2140/25778 [3:25:38 > 18:40]
SOAP:   8%|▊         | 2141/25778 [3:25:41 > 18:40]
SOAP:   8%|▊         | 2142/25778 [3:25:54 > 18:41]
SOAP:   8%|▊         | 2143/25778 [3:25:52 > 18:42]
SOAP:   8%|▊         | 2144/25778 [3:24:11 > 18:42]
SOAP:   8%|▊         | 2145/25778 [3:26:00 > 18:43]
SOAP:   8%|▊         | 2146/25778 [3:25:49 > 18:43]
SOAP:   8%|▊         | 2147/25778 [3:25:57 > 18:44]
SOAP:   8%|▊         | 2148/25778 [3:25:54 > 18:44]
SOAP:   8%|▊         | 2149/25778 [3:25:50 > 18:45]
SOAP:   8%|▊         | 2150/25778 [3:25:44 > 18:45]
SOAP:   8%|▊         | 2151/25778 [3:25:38 > 18:46]
SOAP:   8%|▊         | 2152/25778 [3:24:20 > 18:46]
SOAP:   8%|▊         | 2153/25778 [3:25:40 > 18:47]
SOAP:   8%|▊         | 2154/25778 [3:25:25 > 18:47]
SOAP:   8%|▊         | 2155/25778 [3:25:18 > 18:48]
SOAP:   8%|▊         | 2156/25778 [3:23:38 > 18:48]
SOAP:   8%|▊         | 2157/25778 [3:25:48 > 18:49]
SOAP:   8%|▊         | 2158/25778 [3:25:51 > 18:49]
SOAP:   8%|▊         | 2159/25778 [3:25:30 > 18:50]
SOAP:   8%|▊         | 2160/25778 [3:25:37 > 18:50]
SOAP:   8%|▊         | 2161/25778 [3:25:33 > 18:51]
SOAP:   8%|▊         | 2162/25778 [3:24:09 > 18:51]
SOAP:   8%|▊         | 2163/25778 [3:26:04 > 18:52]
SOAP:   8%|▊         | 2164/25778 [3:25:46 > 18:52]
SOAP:   8%|▊         | 2165/25778 [3:25:41 > 18:53]
SOAP:   8%|▊         | 2166/25778 [3:25:39 > 18:54]
SOAP:   8%|▊         | 2167/25778 [3:25:39 > 18:54]
SOAP:   8%|▊         | 2168/25778 [3:23:47 > 18:55]
SOAP:   8%|▊         | 2169/25778 [3:25:51 > 18:55]
SOAP:   8%|▊         | 2170/25778 [3:25:23 > 18:56]
SOAP:   8%|▊         | 2171/25778 [3:25:40 > 18:56]
SOAP:   8%|▊         | 2172/25778 [3:25:11 > 18:57]
SOAP:   8%|▊         | 2173/25778 [3:25:32 > 18:57]
SOAP:   8%|▊         | 2174/25778 [3:25:20 > 18:58]
SOAP:   8%|▊         | 2175/25778 [3:25:12 > 18:58]
SOAP:   8%|▊         | 2176/25778 [3:25:07 > 18:59]
SOAP:   8%|▊         | 2177/25778 [3:25:02 > 18:59]
SOAP:   8%|▊         | 2178/25778 [3:25:01 > 19:00]
SOAP:   8%|▊         | 2179/25778 [3:25:05 > 19:00]
SOAP:   8%|▊         | 2180/25778 [3:25:13 > 19:01]
SOAP:   8%|▊         | 2181/25778 [3:25:19 > 19:01]
SOAP:   8%|▊         | 2182/25778 [3:25:22 > 19:02]
SOAP:   8%|▊         | 2183/25778 [3:25:25 > 19:02]
SOAP:   8%|▊         | 2184/25778 [3:25:13 > 19:03]
SOAP:   8%|▊         | 2185/25778 [3:25:10 > 19:03]
SOAP:   8%|▊         | 2186/25778 [3:25:04 > 19:04]
SOAP:   8%|▊         | 2187/25778 [3:24:54 > 19:04]
SOAP:   8%|▊         | 2188/25778 [3:24:49 > 19:05]
SOAP:   8%|▊         | 2189/25778 [3:25:05 > 19:06]
SOAP:   8%|▊         | 2190/25778 [3:25:08 > 19:06]
SOAP:   8%|▊         | 2191/25778 [3:25:10 > 19:07]
SOAP:   9%|▊         | 2192/25778 [3:23:32 > 19:07]
SOAP:   9%|▊         | 2193/25778 [3:25:44 > 19:08]
SOAP:   9%|▊         | 2194/25778 [3:25:39 > 19:08]
SOAP:   9%|▊         | 2195/25778 [3:25:18 > 19:09]
SOAP:   9%|▊         | 2196/25778 [3:25:07 > 19:09]
SOAP:   9%|▊         | 2197/25778 [3:25:04 > 19:10]
SOAP:   9%|▊         | 2198/25778 [3:24:57 > 19:10]
SOAP:   9%|▊         | 2199/25778 [3:24:49 > 19:11]
SOAP:   9%|▊         | 2200/25778 [3:24:42 > 19:11]
SOAP:   9%|▊         | 2201/25778 [3:26:58 > 19:12]
SOAP:   9%|▊         | 2202/25778 [3:23:52 > 19:12]
SOAP:   9%|▊         | 2203/25778 [3:25:52 > 19:13]
SOAP:   9%|▊         | 2204/25778 [3:26:04 > 19:13]
SOAP:   9%|▊         | 2205/25778 [3:25:57 > 19:14]
SOAP:   9%|▊         | 2206/25778 [3:25:47 > 19:14]
SOAP:   9%|▊         | 2207/25778 [3:25:29 > 19:15]
SOAP:   9%|▊         | 2208/25778 [3:25:16 > 19:15]
SOAP:   9%|▊         | 2209/25778 [3:25:13 > 19:16]
SOAP:   9%|▊         | 2210/25778 [3:25:01 > 19:16]
SOAP:   9%|▊         | 2211/25778 [3:24:31 > 19:17]
SOAP:   9%|▊         | 2212/25778 [3:24:36 > 19:18]
SOAP:   9%|▊         | 2213/25778 [3:24:33 > 19:18]
SOAP:   9%|▊         | 2214/25778 [3:24:28 > 19:19]
SOAP:   9%|▊         | 2215/25778 [3:24:32 > 19:19]
SOAP:   9%|▊         | 2216/25778 [3:24:26 > 19:20]
SOAP:   9%|▊         | 2217/25778 [3:24:35 > 19:20]
SOAP:   9%|▊         | 2218/25778 [3:24:44 > 19:21]
SOAP:   9%|▊         | 2219/25778 [3:24:56 > 19:21]
SOAP:   9%|▊         | 2220/25778 [3:24:57 > 19:22]
SOAP:   9%|▊         | 2221/25778 [3:25:00 > 19:22]
SOAP:   9%|▊         | 2222/25778 [3:24:58 > 19:23]
SOAP:   9%|▊         | 2223/25778 [3:24:52 > 19:23]
SOAP:   9%|▊         | 2224/25778 [3:24:38 > 19:24]
SOAP:   9%|▊         | 2225/25778 [3:24:33 > 19:24]
SOAP:   9%|▊         | 2226/25778 [3:24:30 > 19:25]
SOAP:   9%|▊         | 2227/25778 [3:24:44 > 19:25]
SOAP:   9%|▊         | 2228/25778 [3:25:21 > 19:26]
SOAP:   9%|▊         | 2229/25778 [3:25:17 > 19:26]
SOAP:   9%|▊         | 2230/25778 [3:25:11 > 19:27]
SOAP:   9%|▊         | 2231/25778 [3:25:09 > 19:27]
SOAP:   9%|▊         | 2232/25778 [3:24:58 > 19:28]
SOAP:   9%|▊         | 2233/25778 [3:24:51 > 19:28]
SOAP:   9%|▊         | 2234/25778 [3:24:39 > 19:29]
SOAP:   9%|▊         | 2235/25778 [3:24:37 > 19:30]
SOAP:   9%|▊         | 2236/25778 [3:24:57 > 19:30]
SOAP:   9%|▊         | 2237/25778 [3:25:27 > 19:31]
SOAP:   9%|▊         | 2238/25778 [3:25:15 > 19:31]
SOAP:   9%|▊         | 2239/25778 [3:25:01 > 19:32]
SOAP:   9%|▊         | 2240/25778 [3:24:47 > 19:32]
SOAP:   9%|▊         | 2241/25778 [3:23:45 > 19:33]
SOAP:   9%|▊         | 2242/25778 [3:24:52 > 19:33]
SOAP:   9%|▊         | 2243/25778 [3:24:40 > 19:34]
SOAP:   9%|▊         | 2244/25778 [3:24:39 > 19:34]
SOAP:   9%|▊         | 2245/25778 [3:24:40 > 19:35]
SOAP:   9%|▊         | 2246/25778 [3:24:40 > 19:35]
SOAP:   9%|▊         | 2247/25778 [3:24:44 > 19:36]
SOAP:   9%|▊         | 2248/25778 [3:24:44 > 19:36]
SOAP:   9%|▊         | 2249/25778 [3:24:53 > 19:37]
SOAP:   9%|▊         | 2250/25778 [3:24:35 > 19:37]
SOAP:   9%|▊         | 2251/25778 [3:24:30 > 19:38]
SOAP:   9%|▊         | 2252/25778 [3:24:37 > 19:38]
SOAP:   9%|▊         | 2253/25778 [3:25:08 > 19:39]
SOAP:   9%|▊         | 2254/25778 [3:25:03 > 19:39]
SOAP:   9%|▊         | 2255/25778 [3:24:49 > 19:40]
SOAP:   9%|▉         | 2256/25778 [3:24:48 > 19:40]
SOAP:   9%|▉         | 2257/25778 [3:24:45 > 19:41]
SOAP:   9%|▉         | 2258/25778 [3:23:09 > 19:42]
SOAP:   9%|▉         | 2259/25778 [3:23:33 > 19:42]
SOAP:   9%|▉         | 2260/25778 [3:25:17 > 19:43]
SOAP:   9%|▉         | 2261/25778 [3:24:56 > 19:43]
SOAP:   9%|▉         | 2262/25778 [3:24:51 > 19:44]
SOAP:   9%|▉         | 2263/25778 [3:24:47 > 19:44]
SOAP:   9%|▉         | 2264/25778 [3:24:44 > 19:45]
SOAP:   9%|▉         | 2265/25778 [3:24:44 > 19:45]
SOAP:   9%|▉         | 2266/25778 [3:24:47 > 19:46]
SOAP:   9%|▉         | 2267/25778 [3:24:28 > 19:46]
SOAP:   9%|▉         | 2268/25778 [3:24:24 > 19:47]
SOAP:   9%|▉         | 2269/25778 [3:23:58 > 19:47]
SOAP:   9%|▉         | 2270/25778 [3:24:11 > 19:48]
SOAP:   9%|▉         | 2271/25778 [3:24:07 > 19:48]
SOAP:   9%|▉         | 2272/25778 [3:22:33 > 19:49]
SOAP:   9%|▉         | 2273/25778 [3:24:52 > 19:49]
SOAP:   9%|▉         | 2274/25778 [3:25:11 > 19:50]
SOAP:   9%|▉         | 2275/25778 [3:25:02 > 19:50]
SOAP:   9%|▉         | 2276/25778 [3:24:49 > 19:51]
SOAP:   9%|▉         | 2277/25778 [3:24:49 > 19:51]
SOAP:   9%|▉         | 2278/25778 [3:24:28 > 19:52]
SOAP:   9%|▉         | 2279/25778 [3:24:23 > 19:52]
SOAP:   9%|▉         | 2280/25778 [3:24:14 > 19:53]
SOAP:   9%|▉         | 2281/25778 [3:24:12 > 19:54]
SOAP:   9%|▉         | 2282/25778 [3:24:06 > 19:54]
SOAP:   9%|▉         | 2283/25778 [3:24:20 > 19:55]
SOAP:   9%|▉         | 2284/25778 [3:22:46 > 19:55]
SOAP:   9%|▉         | 2285/25778 [3:24:55 > 19:56]
SOAP:   9%|▉         | 2286/25778 [3:24:10 > 19:56]
SOAP:   9%|▉         | 2287/25778 [3:24:19 > 19:57]
SOAP:   9%|▉         | 2288/25778 [3:24:24 > 19:57]
SOAP:   9%|▉         | 2289/25778 [3:24:28 > 19:58]
SOAP:   9%|▉         | 2290/25778 [3:24:14 > 19:58]
SOAP:   9%|▉         | 2291/25778 [3:24:14 > 19:59]
SOAP:   9%|▉         | 2292/25778 [3:22:07 > 19:59]
SOAP:   9%|▉         | 2293/25778 [3:24:12 > 20:00]
SOAP:   9%|▉         | 2294/25778 [3:24:15 > 20:00]
SOAP:   9%|▉         | 2295/25778 [3:23:57 > 20:01]
SOAP:   9%|▉         | 2296/25778 [3:24:03 > 20:01]
SOAP:   9%|▉         | 2297/25778 [3:23:59 > 20:02]
SOAP:   9%|▉         | 2298/25778 [3:24:06 > 20:02]
SOAP:   9%|▉         | 2299/25778 [3:22:35 > 20:03]
SOAP:   9%|▉         | 2300/25778 [3:24:48 > 20:03]
SOAP:   9%|▉         | 2301/25778 [3:26:30 > 20:04]
SOAP:   9%|▉         | 2302/25778 [3:24:56 > 20:04]
SOAP:   9%|▉         | 2303/25778 [3:24:41 > 20:05]
SOAP:   9%|▉         | 2304/25778 [3:24:44 > 20:06]
SOAP:   9%|▉         | 2305/25778 [3:24:40 > 20:06]
SOAP:   9%|▉         | 2306/25778 [3:24:39 > 20:07]
SOAP:   9%|▉         | 2307/25778 [3:24:19 > 20:07]
SOAP:   9%|▉         | 2308/25778 [3:24:12 > 20:08]
SOAP:   9%|▉         | 2309/25778 [3:24:00 > 20:08]
SOAP:   9%|▉         | 2310/25778 [3:23:54 > 20:09]
SOAP:   9%|▉         | 2311/25778 [3:23:52 > 20:09]
SOAP:   9%|▉         | 2312/25778 [3:23:51 > 20:10]
SOAP:   9%|▉         | 2313/25778 [3:24:03 > 20:10]
SOAP:   9%|▉         | 2314/25778 [3:24:10 > 20:11]
SOAP:   9%|▉         | 2315/25778 [3:24:17 > 20:11]
SOAP:   9%|▉         | 2316/25778 [3:24:23 > 20:12]
SOAP:   9%|▉         | 2317/25778 [3:24:18 > 20:12]
SOAP:   9%|▉         | 2318/25778 [3:24:07 > 20:13]
SOAP:   9%|▉         | 2319/25778 [3:23:58 > 20:13]
SOAP:   9%|▉         | 2320/25778 [3:23:49 > 20:14]
SOAP:   9%|▉         | 2321/25778 [3:23:38 > 20:14]
SOAP:   9%|▉         | 2322/25778 [3:23:52 > 20:15]
SOAP:   9%|▉         | 2323/25778 [3:24:13 > 20:15]
SOAP:   9%|▉         | 2324/25778 [3:24:03 > 20:16]
SOAP:   9%|▉         | 2325/25778 [3:24:07 > 20:16]
SOAP:   9%|▉         | 2326/25778 [3:24:10 > 20:17]
SOAP:   9%|▉         | 2327/25778 [3:24:07 > 20:18]
SOAP:   9%|▉         | 2328/25778 [3:24:01 > 20:18]
SOAP:   9%|▉         | 2329/25778 [3:23:49 > 20:19]
SOAP:   9%|▉         | 2330/25778 [3:23:51 > 20:19]
SOAP:   9%|▉         | 2331/25778 [3:23:49 > 20:20]
SOAP:   9%|▉         | 2332/25778 [3:24:01 > 20:20]
SOAP:   9%|▉         | 2333/25778 [3:23:57 > 20:21]
SOAP:   9%|▉         | 2334/25778 [3:24:05 > 20:21]
SOAP:   9%|▉         | 2335/25778 [3:24:06 > 20:22]
SOAP:   9%|▉         | 2336/25778 [3:24:13 > 20:22]
SOAP:   9%|▉         | 2337/25778 [3:24:34 > 20:23]
SOAP:   9%|▉         | 2338/25778 [3:24:15 > 20:23]
SOAP:   9%|▉         | 2339/25778 [3:24:16 > 20:24]
SOAP:   9%|▉         | 2340/25778 [3:22:34 > 20:24]
SOAP:   9%|▉         | 2341/25778 [3:24:38 > 20:25]
SOAP:   9%|▉         | 2342/25778 [3:24:39 > 20:25]
SOAP:   9%|▉         | 2343/25778 [3:25:07 > 20:26]
SOAP:   9%|▉         | 2344/25778 [3:24:47 > 20:26]
SOAP:   9%|▉         | 2345/25778 [3:24:33 > 20:27]
SOAP:   9%|▉         | 2346/25778 [3:24:21 > 20:27]
SOAP:   9%|▉         | 2347/25778 [3:24:14 > 20:28]
SOAP:   9%|▉         | 2348/25778 [3:23:52 > 20:29]
SOAP:   9%|▉         | 2349/25778 [3:23:43 > 20:29]
SOAP:   9%|▉         | 2350/25778 [3:23:40 > 20:30]
SOAP:   9%|▉         | 2351/25778 [3:23:33 > 20:30]
SOAP:   9%|▉         | 2352/25778 [3:23:29 > 20:31]
SOAP:   9%|▉         | 2353/25778 [3:23:26 > 20:31]
SOAP:   9%|▉         | 2354/25778 [3:23:42 > 20:32]
SOAP:   9%|▉         | 2355/25778 [3:23:36 > 20:32]
SOAP:   9%|▉         | 2356/25778 [3:23:40 > 20:33]
SOAP:   9%|▉         | 2357/25778 [3:22:08 > 20:33]
SOAP:   9%|▉         | 2358/25778 [3:24:18 > 20:34]
SOAP:   9%|▉         | 2359/25778 [3:24:18 > 20:34]
SOAP:   9%|▉         | 2360/25778 [3:24:14 > 20:35]
SOAP:   9%|▉         | 2361/25778 [3:24:24 > 20:35]
SOAP:   9%|▉         | 2362/25778 [3:24:21 > 20:36]
SOAP:   9%|▉         | 2363/25778 [3:24:06 > 20:36]
SOAP:   9%|▉         | 2364/25778 [3:24:04 > 20:37]
SOAP:   9%|▉         | 2365/25778 [3:23:54 > 20:37]
SOAP:   9%|▉         | 2366/25778 [3:23:50 > 20:38]
SOAP:   9%|▉         | 2367/25778 [3:23:40 > 20:38]
SOAP:   9%|▉         | 2368/25778 [3:23:31 > 20:39]
SOAP:   9%|▉         | 2369/25778 [3:23:30 > 20:39]
SOAP:   9%|▉         | 2370/25778 [3:23:32 > 20:40]
SOAP:   9%|▉         | 2371/25778 [3:23:37 > 20:41]
SOAP:   9%|▉         | 2372/25778 [3:23:44 > 20:41]
SOAP:   9%|▉         | 2373/25778 [3:23:32 > 20:42]
SOAP:   9%|▉         | 2374/25778 [3:23:36 > 20:42]
SOAP:   9%|▉         | 2375/25778 [3:23:35 > 20:43]
SOAP:   9%|▉         | 2376/25778 [3:23:26 > 20:43]
SOAP:   9%|▉         | 2377/25778 [3:23:23 > 20:44]
SOAP:   9%|▉         | 2378/25778 [3:23:16 > 20:44]
SOAP:   9%|▉         | 2379/25778 [3:23:21 > 20:45]
SOAP:   9%|▉         | 2380/25778 [3:23:11 > 20:45]
SOAP:   9%|▉         | 2381/25778 [3:23:27 > 20:46]
SOAP:   9%|▉         | 2382/25778 [3:23:27 > 20:46]
SOAP:   9%|▉         | 2383/25778 [3:23:48 > 20:47]
SOAP:   9%|▉         | 2384/25778 [3:24:11 > 20:47]
SOAP:   9%|▉         | 2385/25778 [3:24:48 > 20:48]
SOAP:   9%|▉         | 2386/25778 [3:25:14 > 20:48]
SOAP:   9%|▉         | 2387/25778 [3:25:16 > 20:49]
SOAP:   9%|▉         | 2388/25778 [3:25:25 > 20:49]
SOAP:   9%|▉         | 2389/25778 [3:25:35 > 20:50]
SOAP:   9%|▉         | 2390/25778 [3:25:32 > 20:50]
SOAP:   9%|▉         | 2391/25778 [3:25:42 > 20:51]
SOAP:   9%|▉         | 2392/25778 [3:25:36 > 20:52]
SOAP:   9%|▉         | 2393/25778 [3:25:28 > 20:52]
SOAP:   9%|▉         | 2394/25778 [3:25:31 > 20:53]
SOAP:   9%|▉         | 2395/25778 [3:25:37 > 20:53]
SOAP:   9%|▉         | 2396/25778 [3:25:39 > 20:54]
SOAP:   9%|▉         | 2397/25778 [3:25:28 > 20:54]
SOAP:   9%|▉         | 2398/25778 [3:25:37 > 20:55]
SOAP:   9%|▉         | 2399/25778 [3:25:44 > 20:55]
SOAP:   9%|▉         | 2400/25778 [3:25:47 > 20:56]
SOAP:   9%|▉         | 2401/25778 [3:26:57 > 20:56]
SOAP:   9%|▉         | 2402/25778 [3:26:37 > 20:57]
SOAP:   9%|▉         | 2403/25778 [3:26:03 > 20:57]
SOAP:   9%|▉         | 2404/25778 [3:26:08 > 20:58]
SOAP:   9%|▉         | 2405/25778 [3:25:54 > 20:58]
SOAP:   9%|▉         | 2406/25778 [3:25:44 > 20:59]
SOAP:   9%|▉         | 2407/25778 [3:25:49 > 20:59]
SOAP:   9%|▉         | 2408/25778 [3:25:36 > 21:00]
SOAP:   9%|▉         | 2409/25778 [3:25:31 > 21:01]
SOAP:   9%|▉         | 2410/25778 [3:25:41 > 21:01]
SOAP:   9%|▉         | 2411/25778 [3:25:25 > 21:02]
SOAP:   9%|▉         | 2412/25778 [3:25:23 > 21:02]
SOAP:   9%|▉         | 2413/25778 [3:25:30 > 21:03]
SOAP:   9%|▉         | 2414/25778 [3:26:26 > 21:03]
SOAP:   9%|▉         | 2415/25778 [3:23:28 > 21:04]
SOAP:   9%|▉         | 2416/25778 [3:25:19 > 21:04]
SOAP:   9%|▉         | 2417/25778 [3:25:22 > 21:05]
SOAP:   9%|▉         | 2418/25778 [3:25:36 > 21:05]
SOAP:   9%|▉         | 2419/25778 [3:25:21 > 21:06]
SOAP:   9%|▉         | 2420/25778 [3:25:22 > 21:06]
SOAP:   9%|▉         | 2421/25778 [3:25:43 > 21:07]
SOAP:   9%|▉         | 2422/25778 [3:25:33 > 21:07]
SOAP:   9%|▉         | 2423/25778 [3:25:35 > 21:08]
SOAP:   9%|▉         | 2424/25778 [3:25:36 > 21:08]
SOAP:   9%|▉         | 2425/25778 [3:25:29 > 21:09]
SOAP:   9%|▉         | 2426/25778 [3:25:14 > 21:09]
SOAP:   9%|▉         | 2427/25778 [3:24:42 > 21:10]
SOAP:   9%|▉         | 2428/25778 [3:25:05 > 21:11]
SOAP:   9%|▉         | 2429/25778 [3:24:58 > 21:11]
SOAP:   9%|▉         | 2430/25778 [3:25:23 > 21:12]
SOAP:   9%|▉         | 2431/25778 [3:25:21 > 21:12]
SOAP:   9%|▉         | 2432/25778 [3:25:21 > 21:13]
SOAP:   9%|▉         | 2433/25778 [3:25:24 > 21:13]
SOAP:   9%|▉         | 2434/25778 [3:23:30 > 21:14]
SOAP:   9%|▉         | 2435/25778 [3:24:46 > 21:14]
SOAP:   9%|▉         | 2436/25778 [3:24:15 > 21:15]
SOAP:   9%|▉         | 2437/25778 [3:24:29 > 21:15]
SOAP:   9%|▉         | 2438/25778 [3:24:48 > 21:16]
SOAP:   9%|▉         | 2439/25778 [3:24:57 > 21:16]
SOAP:   9%|▉         | 2440/25778 [3:25:22 > 21:17]
SOAP:   9%|▉         | 2441/25778 [3:25:03 > 21:17]
SOAP:   9%|▉         | 2442/25778 [3:25:11 > 21:18]
SOAP:   9%|▉         | 2443/25778 [3:25:28 > 21:18]
SOAP:   9%|▉         | 2444/25778 [3:25:19 > 21:19]
SOAP:   9%|▉         | 2445/25778 [3:25:30 > 21:19]
SOAP:   9%|▉         | 2446/25778 [3:25:03 > 21:20]
SOAP:   9%|▉         | 2447/25778 [3:25:13 > 21:21]
SOAP:   9%|▉         | 2448/25778 [3:25:06 > 21:21]
SOAP:  10%|▉         | 2449/25778 [3:25:24 > 21:22]
SOAP:  10%|▉         | 2450/25778 [3:25:06 > 21:22]
SOAP:  10%|▉         | 2451/25778 [3:25:12 > 21:23]
SOAP:  10%|▉         | 2452/25778 [3:25:21 > 21:23]
SOAP:  10%|▉         | 2453/25778 [3:25:09 > 21:24]
SOAP:  10%|▉         | 2454/25778 [3:25:20 > 21:24]
SOAP:  10%|▉         | 2455/25778 [3:25:10 > 21:25]
SOAP:  10%|▉         | 2456/25778 [3:24:28 > 21:25]
SOAP:  10%|▉         | 2457/25778 [3:24:56 > 21:26]
SOAP:  10%|▉         | 2458/25778 [3:24:58 > 21:26]
SOAP:  10%|▉         | 2459/25778 [3:24:49 > 21:27]
SOAP:  10%|▉         | 2460/25778 [3:24:59 > 21:27]
SOAP:  10%|▉         | 2461/25778 [3:24:54 > 21:28]
SOAP:  10%|▉         | 2462/25778 [3:24:57 > 21:28]
SOAP:  10%|▉         | 2463/25778 [3:25:15 > 21:29]
SOAP:  10%|▉         | 2464/25778 [3:24:54 > 21:30]
SOAP:  10%|▉         | 2465/25778 [3:25:03 > 21:30]
SOAP:  10%|▉         | 2466/25778 [3:25:14 > 21:31]
SOAP:  10%|▉         | 2467/25778 [3:25:08 > 21:31]
SOAP:  10%|▉         | 2468/25778 [3:25:19 > 21:32]
SOAP:  10%|▉         | 2469/25778 [3:25:01 > 21:32]
SOAP:  10%|▉         | 2470/25778 [3:24:59 > 21:33]
SOAP:  10%|▉         | 2471/25778 [3:24:59 > 21:33]
SOAP:  10%|▉         | 2472/25778 [3:25:07 > 21:34]
SOAP:  10%|▉         | 2473/25778 [3:25:08 > 21:34]
SOAP:  10%|▉         | 2474/25778 [3:24:07 > 21:35]
SOAP:  10%|▉         | 2475/25778 [3:24:05 > 21:35]
SOAP:  10%|▉         | 2476/25778 [3:24:33 > 21:36]
SOAP:  10%|▉         | 2477/25778 [3:24:31 > 21:36]
SOAP:  10%|▉         | 2478/25778 [3:24:37 > 21:37]
SOAP:  10%|▉         | 2479/25778 [3:24:48 > 21:37]
SOAP:  10%|▉         | 2480/25778 [3:24:54 > 21:38]
SOAP:  10%|▉         | 2481/25778 [3:24:50 > 21:38]
SOAP:  10%|▉         | 2482/25778 [3:24:37 > 21:39]
SOAP:  10%|▉         | 2483/25778 [3:23:59 > 21:40]
SOAP:  10%|▉         | 2484/25778 [3:24:18 > 21:40]
SOAP:  10%|▉         | 2485/25778 [3:24:31 > 21:41]
SOAP:  10%|▉         | 2486/25778 [3:22:58 > 21:41]
SOAP:  10%|▉         | 2487/25778 [3:24:48 > 21:42]
SOAP:  10%|▉         | 2488/25778 [3:24:55 > 21:42]
SOAP:  10%|▉         | 2489/25778 [3:24:40 > 21:43]
SOAP:  10%|▉         | 2490/25778 [3:24:23 > 21:43]
SOAP:  10%|▉         | 2491/25778 [3:23:48 > 21:44]
SOAP:  10%|▉         | 2492/25778 [3:24:05 > 21:44]
SOAP:  10%|▉         | 2493/25778 [3:24:31 > 21:45]
SOAP:  10%|▉         | 2494/25778 [3:24:33 > 21:45]
SOAP:  10%|▉         | 2495/25778 [3:24:29 > 21:46]
SOAP:  10%|▉         | 2496/25778 [3:24:47 > 21:46]
SOAP:  10%|▉         | 2497/25778 [3:24:44 > 21:47]
SOAP:  10%|▉         | 2498/25778 [3:24:46 > 21:47]
SOAP:  10%|▉         | 2499/25778 [3:25:02 > 21:48]
SOAP:  10%|▉         | 2500/25778 [3:24:45 > 21:48]
SOAP:  10%|▉         | 2501/25778 [3:25:48 > 21:49]
SOAP:  10%|▉         | 2502/25778 [3:25:19 > 21:50]
SOAP:  10%|▉         | 2503/25778 [3:25:21 > 21:50]
SOAP:  10%|▉         | 2504/25778 [3:25:07 > 21:51]
SOAP:  10%|▉         | 2505/25778 [3:25:11 > 21:51]
SOAP:  10%|▉         | 2506/25778 [3:25:04 > 21:52]
SOAP:  10%|▉         | 2507/25778 [3:25:06 > 21:52]
SOAP:  10%|▉         | 2508/25778 [3:24:57 > 21:53]
SOAP:  10%|▉         | 2509/25778 [3:24:51 > 21:53]
SOAP:  10%|▉         | 2510/25778 [3:24:59 > 21:54]
SOAP:  10%|▉         | 2511/25778 [3:24:41 > 21:54]
SOAP:  10%|▉         | 2512/25778 [3:24:43 > 21:55]
SOAP:  10%|▉         | 2513/25778 [3:24:36 > 21:55]
SOAP:  10%|▉         | 2514/25778 [3:24:48 > 21:56]
SOAP:  10%|▉         | 2515/25778 [3:24:51 > 21:56]
SOAP:  10%|▉         | 2516/25778 [3:24:47 > 21:57]
SOAP:  10%|▉         | 2517/25778 [3:24:52 > 21:57]
SOAP:  10%|▉         | 2518/25778 [3:24:41 > 21:58]
SOAP:  10%|▉         | 2519/25778 [3:24:48 > 21:59]
SOAP:  10%|▉         | 2520/25778 [3:24:39 > 21:59]
SOAP:  10%|▉         | 2521/25778 [3:24:49 > 22:00]
SOAP:  10%|▉         | 2522/25778 [3:24:24 > 22:00]
SOAP:  10%|▉         | 2523/25778 [3:24:07 > 22:01]
SOAP:  10%|▉         | 2524/25778 [3:24:15 > 22:01]
SOAP:  10%|▉         | 2525/25778 [3:24:34 > 22:02]
SOAP:  10%|▉         | 2526/25778 [3:24:25 > 22:02]
SOAP:  10%|▉         | 2527/25778 [3:24:28 > 22:03]
SOAP:  10%|▉         | 2528/25778 [3:24:20 > 22:03]
SOAP:  10%|▉         | 2529/25778 [3:24:26 > 22:04]
SOAP:  10%|▉         | 2530/25778 [3:22:46 > 22:04]
SOAP:  10%|▉         | 2531/25778 [3:24:10 > 22:05]
SOAP:  10%|▉         | 2532/25778 [3:23:48 > 22:05]
SOAP:  10%|▉         | 2533/25778 [3:23:55 > 22:06]
SOAP:  10%|▉         | 2534/25778 [3:23:57 > 22:06]
SOAP:  10%|▉         | 2535/25778 [3:23:43 > 22:07]
SOAP:  10%|▉         | 2536/25778 [3:23:55 > 22:07]
SOAP:  10%|▉         | 2537/25778 [3:24:15 > 22:08]
SOAP:  10%|▉         | 2538/25778 [3:24:06 > 22:09]
SOAP:  10%|▉         | 2539/25778 [3:22:32 > 22:09]
SOAP:  10%|▉         | 2540/25778 [3:24:14 > 22:10]
SOAP:  10%|▉         | 2541/25778 [3:24:13 > 22:10]
SOAP:  10%|▉         | 2542/25778 [3:24:23 > 22:11]
SOAP:  10%|▉         | 2543/25778 [3:24:25 > 22:11]
SOAP:  10%|▉         | 2544/25778 [3:24:37 > 22:12]
SOAP:  10%|▉         | 2545/25778 [3:24:29 > 22:12]
SOAP:  10%|▉         | 2546/25778 [3:24:20 > 22:13]
SOAP:  10%|▉         | 2547/25778 [3:24:25 > 22:13]
SOAP:  10%|▉         | 2548/25778 [3:24:10 > 22:14]
SOAP:  10%|▉         | 2549/25778 [3:24:13 > 22:14]
SOAP:  10%|▉         | 2550/25778 [3:24:27 > 22:15]
SOAP:  10%|▉         | 2551/25778 [3:24:11 > 22:15]
SOAP:  10%|▉         | 2552/25778 [3:24:30 > 22:16]
SOAP:  10%|▉         | 2553/25778 [3:24:14 > 22:16]
SOAP:  10%|▉         | 2554/25778 [3:24:14 > 22:17]
SOAP:  10%|▉         | 2555/25778 [3:24:25 > 22:18]
SOAP:  10%|▉         | 2556/25778 [3:24:13 > 22:18]
SOAP:  10%|▉         | 2557/25778 [3:24:06 > 22:19]
SOAP:  10%|▉         | 2558/25778 [3:24:18 > 22:19]
SOAP:  10%|▉         | 2559/25778 [3:24:17 > 22:20]
SOAP:  10%|▉         | 2560/25778 [3:24:18 > 22:20]
SOAP:  10%|▉         | 2561/25778 [3:24:15 > 22:21]
SOAP:  10%|▉         | 2562/25778 [3:24:14 > 22:21]
SOAP:  10%|▉         | 2563/25778 [3:24:16 > 22:22]
SOAP:  10%|▉         | 2564/25778 [3:24:22 > 22:22]
SOAP:  10%|▉         | 2565/25778 [3:24:19 > 22:23]
SOAP:  10%|▉         | 2566/25778 [3:24:30 > 22:23]
SOAP:  10%|▉         | 2567/25778 [3:24:10 > 22:24]
SOAP:  10%|▉         | 2568/25778 [3:24:06 > 22:24]
SOAP:  10%|▉         | 2569/25778 [3:24:17 > 22:25]
SOAP:  10%|▉         | 2570/25778 [3:23:52 > 22:25]
SOAP:  10%|▉         | 2571/25778 [3:23:27 > 22:26]
SOAP:  10%|▉         | 2572/25778 [3:23:46 > 22:26]
SOAP:  10%|▉         | 2573/25778 [3:23:48 > 22:27]
SOAP:  10%|▉         | 2574/25778 [3:23:55 > 22:28]
SOAP:  10%|▉         | 2575/25778 [3:24:04 > 22:28]
SOAP:  10%|▉         | 2576/25778 [3:24:04 > 22:29]
SOAP:  10%|▉         | 2577/25778 [3:24:16 > 22:29]
SOAP:  10%|█         | 2578/25778 [3:23:58 > 22:30]
SOAP:  10%|█         | 2579/25778 [3:23:41 > 22:30]
SOAP:  10%|█         | 2580/25778 [3:23:45 > 22:31]
SOAP:  10%|█         | 2581/25778 [3:23:53 > 22:31]
SOAP:  10%|█         | 2582/25778 [3:23:55 > 22:32]
SOAP:  10%|█         | 2583/25778 [3:23:55 > 22:32]
SOAP:  10%|█         | 2584/25778 [3:23:50 > 22:33]
SOAP:  10%|█         | 2585/25778 [3:24:04 > 22:33]
SOAP:  10%|█         | 2586/25778 [3:24:04 > 22:34]
SOAP:  10%|█         | 2587/25778 [3:23:58 > 22:34]
SOAP:  10%|█         | 2588/25778 [3:24:06 > 22:35]
SOAP:  10%|█         | 2589/25778 [3:23:55 > 22:35]
SOAP:  10%|█         | 2590/25778 [3:24:09 > 22:36]
SOAP:  10%|█         | 2591/25778 [3:24:04 > 22:37]
SOAP:  10%|█         | 2592/25778 [3:24:16 > 22:37]
SOAP:  10%|█         | 2593/25778 [3:24:05 > 22:38]
SOAP:  10%|█         | 2594/25778 [3:23:50 > 22:38]
SOAP:  10%|█         | 2595/25778 [3:23:58 > 22:39]
SOAP:  10%|█         | 2596/25778 [3:24:05 > 22:39]
SOAP:  10%|█         | 2597/25778 [3:23:59 > 22:40]
SOAP:  10%|█         | 2598/25778 [3:24:10 > 22:40]
SOAP:  10%|█         | 2599/25778 [3:23:45 > 22:41]
SOAP:  10%|█         | 2600/25778 [3:24:03 > 22:41]
SOAP:  10%|█         | 2601/25778 [3:24:51 > 22:42]
SOAP:  10%|█         | 2602/25778 [3:25:26 > 22:42]
SOAP:  10%|█         | 2603/25778 [3:24:04 > 22:43]
SOAP:  10%|█         | 2604/25778 [3:23:57 > 22:43]
SOAP:  10%|█         | 2605/25778 [3:23:52 > 22:44]
SOAP:  10%|█         | 2606/25778 [3:24:05 > 22:44]
SOAP:  10%|█         | 2607/25778 [3:23:56 > 22:45]
SOAP:  10%|█         | 2608/25778 [3:23:51 > 22:45]
SOAP:  10%|█         | 2609/25778 [3:24:00 > 22:46]
SOAP:  10%|█         | 2610/25778 [3:23:54 > 22:47]
SOAP:  10%|█         | 2611/25778 [3:24:08 > 22:47]
SOAP:  10%|█         | 2612/25778 [3:24:00 > 22:48]
SOAP:  10%|█         | 2613/25778 [3:23:59 > 22:48]
SOAP:  10%|█         | 2614/25778 [3:24:05 > 22:49]
SOAP:  10%|█         | 2615/25778 [3:23:49 > 22:49]
SOAP:  10%|█         | 2616/25778 [3:23:45 > 22:50]
SOAP:  10%|█         | 2617/25778 [3:23:37 > 22:50]
SOAP:  10%|█         | 2618/25778 [3:23:45 > 22:51]
SOAP:  10%|█         | 2619/25778 [3:23:39 > 22:51]
SOAP:  10%|█         | 2620/25778 [3:23:36 > 22:52]
SOAP:  10%|█         | 2621/25778 [3:23:54 > 22:52]
SOAP:  10%|█         | 2622/25778 [3:23:45 > 22:53]
SOAP:  10%|█         | 2623/25778 [3:23:43 > 22:53]
SOAP:  10%|█         | 2624/25778 [3:23:53 > 22:54]
SOAP:  10%|█         | 2625/25778 [3:23:36 > 22:54]
SOAP:  10%|█         | 2626/25778 [3:22:20 > 22:55]
SOAP:  10%|█         | 2627/25778 [3:23:41 > 22:56]
SOAP:  10%|█         | 2628/25778 [3:23:39 > 22:56]
SOAP:  10%|█         | 2629/25778 [3:23:37 > 22:57]
SOAP:  10%|█         | 2630/25778 [3:23:30 > 22:57]
SOAP:  10%|█         | 2631/25778 [3:23:41 > 22:58]
SOAP:  10%|█         | 2632/25778 [3:23:42 > 22:58]
SOAP:  10%|█         | 2633/25778 [3:23:32 > 22:59]
SOAP:  10%|█         | 2634/25778 [3:23:42 > 22:59]
SOAP:  10%|█         | 2635/25778 [3:23:24 > 23:00]
SOAP:  10%|█         | 2636/25778 [3:23:30 > 23:00]
SOAP:  10%|█         | 2637/25778 [3:23:40 > 23:01]
SOAP:  10%|█         | 2638/25778 [3:23:25 > 23:01]
SOAP:  10%|█         | 2639/25778 [3:23:25 > 23:02]
SOAP:  10%|█         | 2640/25778 [3:23:39 > 23:02]
SOAP:  10%|█         | 2641/25778 [3:23:30 > 23:03]
SOAP:  10%|█         | 2642/25778 [3:23:36 > 23:03]
SOAP:  10%|█         | 2643/25778 [3:23:32 > 23:04]
SOAP:  10%|█         | 2644/25778 [3:23:26 > 23:04]
SOAP:  10%|█         | 2645/25778 [3:21:45 > 23:05]
SOAP:  10%|█         | 2646/25778 [3:23:04 > 23:06]
SOAP:  10%|█         | 2647/25778 [3:22:40 > 23:06]
SOAP:  10%|█         | 2648/25778 [3:22:50 > 23:07]
SOAP:  10%|█         | 2649/25778 [3:23:02 > 23:07]
SOAP:  10%|█         | 2650/25778 [3:23:02 > 23:08]
SOAP:  10%|█         | 2651/25778 [3:22:31 > 23:08]
SOAP:  10%|█         | 2652/25778 [3:22:09 > 23:09]
SOAP:  10%|█         | 2653/25778 [3:21:57 > 23:09]
SOAP:  10%|█         | 2654/25778 [3:21:43 > 23:10]
SOAP:  10%|█         | 2655/25778 [3:20:09 > 23:10]
SOAP:  10%|█         | 2656/25778 [3:21:54 > 23:11]
SOAP:  10%|█         | 2657/25778 [3:21:27 > 23:11]
SOAP:  10%|█         | 2658/25778 [3:21:06 > 23:12]
SOAP:  10%|█         | 2659/25778 [3:21:03 > 23:12]
SOAP:  10%|█         | 2660/25778 [3:21:05 > 23:13]
SOAP:  10%|█         | 2661/25778 [3:21:02 > 23:13]
SOAP:  10%|█         | 2662/25778 [3:21:07 > 23:14]
SOAP:  10%|█         | 2663/25778 [3:21:12 > 23:14]
SOAP:  10%|█         | 2664/25778 [3:21:13 > 23:15]
SOAP:  10%|█         | 2665/25778 [3:21:16 > 23:15]
SOAP:  10%|█         | 2666/25778 [3:21:00 > 23:16]
SOAP:  10%|█         | 2667/25778 [3:20:54 > 23:17]
SOAP:  10%|█         | 2668/25778 [3:20:49 > 23:17]
SOAP:  10%|█         | 2669/25778 [3:20:52 > 23:18]
SOAP:  10%|█         | 2670/25778 [3:20:58 > 23:18]
SOAP:  10%|█         | 2671/25778 [3:21:12 > 23:19]
SOAP:  10%|█         | 2672/25778 [3:21:04 > 23:19]
SOAP:  10%|█         | 2673/25778 [3:21:10 > 23:20]
SOAP:  10%|█         | 2674/25778 [3:21:06 > 23:20]
SOAP:  10%|█         | 2675/25778 [3:20:55 > 23:21]
SOAP:  10%|█         | 2676/25778 [3:20:39 > 23:21]
SOAP:  10%|█         | 2677/25778 [3:20:34 > 23:22]
SOAP:  10%|█         | 2678/25778 [3:20:29 > 23:22]
SOAP:  10%|█         | 2679/25778 [3:20:36 > 23:23]
SOAP:  10%|█         | 2680/25778 [3:20:39 > 23:23]
SOAP:  10%|█         | 2681/25778 [3:20:48 > 23:24]
SOAP:  10%|█         | 2682/25778 [3:20:54 > 23:24]
SOAP:  10%|█         | 2683/25778 [3:21:05 > 23:25]
SOAP:  10%|█         | 2684/25778 [3:21:17 > 23:25]
SOAP:  10%|█         | 2685/25778 [3:21:33 > 23:26]
SOAP:  10%|█         | 2686/25778 [3:21:12 > 23:26]
SOAP:  10%|█         | 2687/25778 [3:21:19 > 23:27]
SOAP:  10%|█         | 2688/25778 [3:21:13 > 23:27]
SOAP:  10%|█         | 2689/25778 [3:21:14 > 23:28]
SOAP:  10%|█         | 2690/25778 [3:21:22 > 23:29]
SOAP:  10%|█         | 2691/25778 [3:21:44 > 23:29]
SOAP:  10%|█         | 2692/25778 [3:21:29 > 23:30]
SOAP:  10%|█         | 2693/25778 [3:21:22 > 23:30]
SOAP:  10%|█         | 2694/25778 [3:21:08 > 23:31]
SOAP:  10%|█         | 2695/25778 [3:21:05 > 23:31]
SOAP:  10%|█         | 2696/25778 [3:21:00 > 23:32]
SOAP:  10%|█         | 2697/25778 [3:20:58 > 23:32]
SOAP:  10%|█         | 2698/25778 [3:20:44 > 23:33]
SOAP:  10%|█         | 2699/25778 [3:20:36 > 23:33]
SOAP:  10%|█         | 2700/25778 [3:20:33 > 23:34]
SOAP:  10%|█         | 2701/25778 [3:22:26 > 23:34]
SOAP:  10%|█         | 2702/25778 [3:20:55 > 23:35]
SOAP:  10%|█         | 2703/25778 [3:19:13 > 23:35]
SOAP:  10%|█         | 2704/25778 [3:21:21 > 23:36]
SOAP:  10%|█         | 2705/25778 [3:20:56 > 23:36]
SOAP:  10%|█         | 2706/25778 [3:20:48 > 23:37]
SOAP:  11%|█         | 2707/25778 [3:20:49 > 23:37]
SOAP:  11%|█         | 2708/25778 [3:20:42 > 23:38]
SOAP:  11%|█         | 2709/25778 [3:20:47 > 23:38]
SOAP:  11%|█         | 2710/25778 [3:19:10 > 23:39]
SOAP:  11%|█         | 2711/25778 [3:21:22 > 23:40]
SOAP:  11%|█         | 2712/25778 [3:21:11 > 23:40]
SOAP:  11%|█         | 2713/25778 [3:21:03 > 23:41]
SOAP:  11%|█         | 2714/25778 [3:20:55 > 23:41]
SOAP:  11%|█         | 2715/25778 [3:20:44 > 23:42]
SOAP:  11%|█         | 2716/25778 [3:20:35 > 23:42]
SOAP:  11%|█         | 2717/25778 [3:20:33 > 23:43]
SOAP:  11%|█         | 2718/25778 [3:20:37 > 23:43]
SOAP:  11%|█         | 2719/25778 [3:19:13 > 23:44]
SOAP:  11%|█         | 2720/25778 [3:19:35 > 23:44]
SOAP:  11%|█         | 2721/25778 [3:19:58 > 23:45]
SOAP:  11%|█         | 2722/25778 [3:20:15 > 23:45]
SOAP:  11%|█         | 2723/25778 [3:20:13 > 23:46]
SOAP:  11%|█         | 2724/25778 [3:20:21 > 23:46]
SOAP:  11%|█         | 2725/25778 [3:20:15 > 23:47]
SOAP:  11%|█         | 2726/25778 [3:20:18 > 23:47]
SOAP:  11%|█         | 2727/25778 [3:20:26 > 23:48]
SOAP:  11%|█         | 2728/25778 [3:20:37 > 23:48]
SOAP:  11%|█         | 2729/25778 [3:20:36 > 23:49]
SOAP:  11%|█         | 2730/25778 [3:22:25 > 23:49]
SOAP:  11%|█         | 2731/25778 [3:22:14 > 23:50]
SOAP:  11%|█         | 2732/25778 [3:21:41 > 23:50]
SOAP:  11%|█         | 2733/25778 [3:21:14 > 23:51]
SOAP:  11%|█         | 2734/25778 [3:20:49 > 23:52]
SOAP:  11%|█         | 2735/25778 [3:20:46 > 23:52]
SOAP:  11%|█         | 2736/25778 [3:20:43 > 23:53]
SOAP:  11%|█         | 2737/25778 [3:21:04 > 23:53]
SOAP:  11%|█         | 2738/25778 [3:20:47 > 23:54]
SOAP:  11%|█         | 2739/25778 [3:20:37 > 23:54]
SOAP:  11%|█         | 2740/25778 [3:20:36 > 23:55]
SOAP:  11%|█         | 2741/25778 [3:20:33 > 23:55]
SOAP:  11%|█         | 2742/25778 [3:20:39 > 23:56]
SOAP:  11%|█         | 2743/25778 [3:20:36 > 23:56]
SOAP:  11%|█         | 2744/25778 [3:20:40 > 23:57]
SOAP:  11%|█         | 2745/25778 [3:20:32 > 23:57]
SOAP:  11%|█         | 2746/25778 [3:20:26 > 23:58]
SOAP:  11%|█         | 2747/25778 [3:20:22 > 23:58]
SOAP:  11%|█         | 2748/25778 [3:20:15 > 23:59]
SOAP:  11%|█         | 2749/25778 [3:20:07 > 23:59]
SOAP:  11%|█         | 2750/25778 [3:20:08 > 24:00]
SOAP:  11%|█         | 2751/25778 [3:19:47 > 24:00]
SOAP:  11%|█         | 2752/25778 [3:20:04 > 24:01]
SOAP:  11%|█         | 2753/25778 [3:19:58 > 24:01]
SOAP:  11%|█         | 2754/25778 [3:20:10 > 24:02]
SOAP:  11%|█         | 2755/25778 [3:20:17 > 24:02]
SOAP:  11%|█         | 2756/25778 [3:20:30 > 24:03]
SOAP:  11%|█         | 2757/25778 [3:20:25 > 24:04]
SOAP:  11%|█         | 2758/25778 [3:20:16 > 24:04]
SOAP:  11%|█         | 2759/25778 [3:20:11 > 24:05]
SOAP:  11%|█         | 2760/25778 [3:20:06 > 24:05]
SOAP:  11%|█         | 2761/25778 [3:20:29 > 24:06]
SOAP:  11%|█         | 2762/25778 [3:20:39 > 24:06]
SOAP:  11%|█         | 2763/25778 [3:20:31 > 24:07]
SOAP:  11%|█         | 2764/25778 [3:20:34 > 24:07]
SOAP:  11%|█         | 2765/25778 [3:20:18 > 24:08]
SOAP:  11%|█         | 2766/25778 [3:20:12 > 24:08]
SOAP:  11%|█         | 2767/25778 [3:20:03 > 24:09]
SOAP:  11%|█         | 2768/25778 [3:19:58 > 24:09]
SOAP:  11%|█         | 2769/25778 [3:19:41 > 24:10]
SOAP:  11%|█         | 2770/25778 [3:18:24 > 24:10]
SOAP:  11%|█         | 2771/25778 [3:20:27 > 24:11]
SOAP:  11%|█         | 2772/25778 [3:20:27 > 24:11]
SOAP:  11%|█         | 2773/25778 [3:20:26 > 24:12]
SOAP:  11%|█         | 2774/25778 [3:20:12 > 24:12]
SOAP:  11%|█         | 2775/25778 [3:20:12 > 24:13]
SOAP:  11%|█         | 2776/25778 [3:20:01 > 24:13]
SOAP:  11%|█         | 2777/25778 [3:20:01 > 24:14]
SOAP:  11%|█         | 2778/25778 [3:19:56 > 24:14]
SOAP:  11%|█         | 2779/25778 [3:19:51 > 24:15]
SOAP:  11%|█         | 2780/25778 [3:19:55 > 24:16]
SOAP:  11%|█         | 2781/25778 [3:19:58 > 24:16]
SOAP:  11%|█         | 2782/25778 [3:20:05 > 24:17]
SOAP:  11%|█         | 2783/25778 [3:20:09 > 24:17]
SOAP:  11%|█         | 2784/25778 [3:20:17 > 24:18]
SOAP:  11%|█         | 2785/25778 [3:20:13 > 24:18]
SOAP:  11%|█         | 2786/25778 [3:20:05 > 24:19]
SOAP:  11%|█         | 2787/25778 [3:19:51 > 24:19]
SOAP:  11%|█         | 2788/25778 [3:19:50 > 24:20]
SOAP:  11%|█         | 2789/25778 [3:19:39 > 24:20]
SOAP:  11%|█         | 2790/25778 [3:19:51 > 24:21]
SOAP:  11%|█         | 2791/25778 [3:19:54 > 24:21]
SOAP:  11%|█         | 2792/25778 [3:20:06 > 24:22]
SOAP:  11%|█         | 2793/25778 [3:20:03 > 24:22]
SOAP:  11%|█         | 2794/25778 [3:20:11 > 24:23]
SOAP:  11%|█         | 2795/25778 [3:20:03 > 24:23]
SOAP:  11%|█         | 2796/25778 [3:19:59 > 24:24]
SOAP:  11%|█         | 2797/25778 [3:19:50 > 24:24]
SOAP:  11%|█         | 2798/25778 [3:20:06 > 24:25]
SOAP:  11%|█         | 2799/25778 [3:20:24 > 24:25]
SOAP:  11%|█         | 2800/25778 [3:18:55 > 24:26]
SOAP:  11%|█         | 2801/25778 [3:22:37 > 24:27]
SOAP:  11%|█         | 2802/25778 [3:20:43 > 24:27]
SOAP:  11%|█         | 2803/25778 [3:20:32 > 24:28]
SOAP:  11%|█         | 2804/25778 [3:20:24 > 24:28]
SOAP:  11%|█         | 2805/25778 [3:20:15 > 24:29]
SOAP:  11%|█         | 2806/25778 [3:20:14 > 24:29]
SOAP:  11%|█         | 2807/25778 [3:19:52 > 24:30]
SOAP:  11%|█         | 2808/25778 [3:19:31 > 24:30]
SOAP:  11%|█         | 2809/25778 [3:19:50 > 24:31]
SOAP:  11%|█         | 2810/25778 [3:20:28 > 24:31]
SOAP:  11%|█         | 2811/25778 [3:20:20 > 24:32]
SOAP:  11%|█         | 2812/25778 [3:20:12 > 24:32]
SOAP:  11%|█         | 2813/25778 [3:19:58 > 24:33]
SOAP:  11%|█         | 2814/25778 [3:19:58 > 24:33]
SOAP:  11%|█         | 2815/25778 [3:19:47 > 24:34]
SOAP:  11%|█         | 2816/25778 [3:19:39 > 24:34]
SOAP:  11%|█         | 2817/25778 [3:19:33 > 24:35]
SOAP:  11%|█         | 2818/25778 [3:19:28 > 24:35]
SOAP:  11%|█         | 2819/25778 [3:19:28 > 24:36]
SOAP:  11%|█         | 2820/25778 [3:17:58 > 24:36]
SOAP:  11%|█         | 2821/25778 [3:20:12 > 24:37]
SOAP:  11%|█         | 2822/25778 [3:20:02 > 24:37]
SOAP:  11%|█         | 2823/25778 [3:19:55 > 24:38]
SOAP:  11%|█         | 2824/25778 [3:19:55 > 24:39]
SOAP:  11%|█         | 2825/25778 [3:19:50 > 24:39]
SOAP:  11%|█         | 2826/25778 [3:19:36 > 24:40]
SOAP:  11%|█         | 2827/25778 [3:19:22 > 24:40]
SOAP:  11%|█         | 2828/25778 [3:19:16 > 24:41]
SOAP:  11%|█         | 2829/25778 [3:19:26 > 24:41]
SOAP:  11%|█         | 2830/25778 [3:19:31 > 24:42]
SOAP:  11%|█         | 2831/25778 [3:19:42 > 24:42]
SOAP:  11%|█         | 2832/25778 [3:19:43 > 24:43]
SOAP:  11%|█         | 2833/25778 [3:19:55 > 24:43]
SOAP:  11%|█         | 2834/25778 [3:19:47 > 24:44]
SOAP:  11%|█         | 2835/25778 [3:19:32 > 24:44]
SOAP:  11%|█         | 2836/25778 [3:19:27 > 24:45]
SOAP:  11%|█         | 2837/25778 [3:19:29 > 24:45]
SOAP:  11%|█         | 2838/25778 [3:19:16 > 24:46]
SOAP:  11%|█         | 2839/25778 [3:19:17 > 24:46]
SOAP:  11%|█         | 2840/25778 [3:19:25 > 24:47]
SOAP:  11%|█         | 2841/25778 [3:19:29 > 24:47]
SOAP:  11%|█         | 2842/25778 [3:19:29 > 24:48]
SOAP:  11%|█         | 2843/25778 [3:19:35 > 24:48]
SOAP:  11%|█         | 2844/25778 [3:19:40 > 24:49]
SOAP:  11%|█         | 2845/25778 [3:19:39 > 24:49]
SOAP:  11%|█         | 2846/25778 [3:19:19 > 24:50]
SOAP:  11%|█         | 2847/25778 [3:19:12 > 24:51]
SOAP:  11%|█         | 2848/25778 [3:19:14 > 24:51]
SOAP:  11%|█         | 2849/25778 [3:19:05 > 24:52]
SOAP:  11%|█         | 2850/25778 [3:17:32 > 24:52]
SOAP:  11%|█         | 2851/25778 [3:19:44 > 24:53]
SOAP:  11%|█         | 2852/25778 [3:19:44 > 24:53]
SOAP:  11%|█         | 2853/25778 [3:19:48 > 24:54]
SOAP:  11%|█         | 2854/25778 [3:19:43 > 24:54]
SOAP:  11%|█         | 2855/25778 [3:19:35 > 24:55]
SOAP:  11%|█         | 2856/25778 [3:19:37 > 24:55]
SOAP:  11%|█         | 2857/25778 [3:19:27 > 24:56]
SOAP:  11%|█         | 2858/25778 [3:17:49 > 24:56]
SOAP:  11%|█         | 2859/25778 [3:19:42 > 24:57]
SOAP:  11%|█         | 2860/25778 [3:19:41 > 24:57]
SOAP:  11%|█         | 2861/25778 [3:19:39 > 24:58]
SOAP:  11%|█         | 2862/25778 [3:19:38 > 24:58]
SOAP:  11%|█         | 2863/25778 [3:19:36 > 24:59]
SOAP:  11%|█         | 2864/25778 [3:19:30 > 24:59]
SOAP:  11%|█         | 2865/25778 [3:19:33 > 25:00]
SOAP:  11%|█         | 2866/25778 [3:19:20 > 25:00]
SOAP:  11%|█         | 2867/25778 [3:19:11 > 25:01]
SOAP:  11%|█         | 2868/25778 [3:18:58 > 25:01]
SOAP:  11%|█         | 2869/25778 [3:18:59 > 25:02]
SOAP:  11%|█         | 2870/25778 [3:18:57 > 25:03]
SOAP:  11%|█         | 2871/25778 [3:19:05 > 25:03]
SOAP:  11%|█         | 2872/25778 [3:19:15 > 25:04]
SOAP:  11%|█         | 2873/25778 [3:19:26 > 25:04]
SOAP:  11%|█         | 2874/25778 [3:19:29 > 25:05]
SOAP:  11%|█         | 2875/25778 [3:19:30 > 25:05]
SOAP:  11%|█         | 2876/25778 [3:19:13 > 25:06]
SOAP:  11%|█         | 2877/25778 [3:19:18 > 25:06]
SOAP:  11%|█         | 2878/25778 [3:19:58 > 25:07]
SOAP:  11%|█         | 2879/25778 [3:19:47 > 25:07]
SOAP:  11%|█         | 2880/25778 [3:19:28 > 25:08]
SOAP:  11%|█         | 2881/25778 [3:19:38 > 25:08]
SOAP:  11%|█         | 2882/25778 [3:19:27 > 25:09]
SOAP:  11%|█         | 2883/25778 [3:19:07 > 25:09]
SOAP:  11%|█         | 2884/25778 [3:19:00 > 25:10]
SOAP:  11%|█         | 2885/25778 [3:18:53 > 25:10]
SOAP:  11%|█         | 2886/25778 [3:19:06 > 25:11]
SOAP:  11%|█         | 2887/25778 [3:19:07 > 25:11]
SOAP:  11%|█         | 2888/25778 [3:19:16 > 25:12]
SOAP:  11%|█         | 2889/25778 [3:19:09 > 25:12]
SOAP:  11%|█         | 2890/25778 [3:19:20 > 25:13]
SOAP:  11%|█         | 2891/25778 [3:19:10 > 25:13]
SOAP:  11%|█         | 2892/25778 [3:19:01 > 25:14]
SOAP:  11%|█         | 2893/25778 [3:18:52 > 25:15]
SOAP:  11%|█         | 2894/25778 [3:18:59 > 25:15]
SOAP:  11%|█         | 2895/25778 [3:18:48 > 25:16]
SOAP:  11%|█         | 2896/25778 [3:18:57 > 25:16]
SOAP:  11%|█         | 2897/25778 [3:17:43 > 25:17]
SOAP:  11%|█         | 2898/25778 [3:19:38 > 25:17]
SOAP:  11%|█         | 2899/25778 [3:19:25 > 25:18]
SOAP:  11%|█         | 2900/25778 [3:19:26 > 25:18]
SOAP:  11%|█▏        | 2901/25778 [3:20:54 > 25:19]
SOAP:  11%|█▏        | 2902/25778 [3:19:12 > 25:19]
SOAP:  11%|█▏        | 2903/25778 [3:19:04 > 25:20]
SOAP:  11%|█▏        | 2904/25778 [3:19:15 > 25:20]
SOAP:  11%|█▏        | 2905/25778 [3:19:15 > 25:21]
SOAP:  11%|█▏        | 2906/25778 [3:19:18 > 25:21]
SOAP:  11%|█▏        | 2907/25778 [3:19:00 > 25:22]
SOAP:  11%|█▏        | 2908/25778 [3:18:57 > 25:22]
SOAP:  11%|█▏        | 2909/25778 [3:18:43 > 25:23]
SOAP:  11%|█▏        | 2910/25778 [3:18:43 > 25:23]
SOAP:  11%|█▏        | 2911/25778 [3:18:36 > 25:24]
SOAP:  11%|█▏        | 2912/25778 [3:18:50 > 25:24]
SOAP:  11%|█▏        | 2913/25778 [3:18:55 > 25:25]
SOAP:  11%|█▏        | 2914/25778 [3:19:14 > 25:25]
SOAP:  11%|█▏        | 2915/25778 [3:19:28 > 25:26]
SOAP:  11%|█▏        | 2916/25778 [3:19:11 > 25:27]
SOAP:  11%|█▏        | 2917/25778 [3:18:57 > 25:27]
SOAP:  11%|█▏        | 2918/25778 [3:18:50 > 25:28]
SOAP:  11%|█▏        | 2919/25778 [3:18:54 > 25:28]
SOAP:  11%|█▏        | 2920/25778 [3:18:58 > 25:29]
SOAP:  11%|█▏        | 2921/25778 [3:18:55 > 25:29]
SOAP:  11%|█▏        | 2922/25778 [3:18:52 > 25:30]
SOAP:  11%|█▏        | 2923/25778 [3:18:56 > 25:30]
SOAP:  11%|█▏        | 2924/25778 [3:18:54 > 25:31]
SOAP:  11%|█▏        | 2925/25778 [3:18:47 > 25:31]
SOAP:  11%|█▏        | 2926/25778 [3:18:41 > 25:32]
SOAP:  11%|█▏        | 2927/25778 [3:18:41 > 25:32]
SOAP:  11%|█▏        | 2928/25778 [3:18:29 > 25:33]
SOAP:  11%|█▏        | 2929/25778 [3:18:42 > 25:33]
SOAP:  11%|█▏        | 2930/25778 [3:18:50 > 25:34]
SOAP:  11%|█▏        | 2931/25778 [3:18:46 > 25:34]
SOAP:  11%|█▏        | 2932/25778 [3:18:47 > 25:35]
SOAP:  11%|█▏        | 2933/25778 [3:18:49 > 25:35]
SOAP:  11%|█▏        | 2934/25778 [3:18:52 > 25:36]
SOAP:  11%|█▏        | 2935/25778 [3:18:43 > 25:36]
SOAP:  11%|█▏        | 2936/25778 [3:18:36 > 25:37]
SOAP:  11%|█▏        | 2937/25778 [3:18:33 > 25:37]
SOAP:  11%|█▏        | 2938/25778 [3:18:40 > 25:38]
SOAP:  11%|█▏        | 2939/25778 [3:18:44 > 25:39]
SOAP:  11%|█▏        | 2940/25778 [3:18:43 > 25:39]
SOAP:  11%|█▏        | 2941/25778 [3:18:56 > 25:40]
SOAP:  11%|█▏        | 2942/25778 [3:19:13 > 25:40]
SOAP:  11%|█▏        | 2943/25778 [3:18:55 > 25:41]
SOAP:  11%|█▏        | 2944/25778 [3:19:21 > 25:41]
SOAP:  11%|█▏        | 2945/25778 [3:19:41 > 25:42]
SOAP:  11%|█▏        | 2946/25778 [3:19:28 > 25:42]
SOAP:  11%|█▏        | 2947/25778 [3:19:03 > 25:43]
SOAP:  11%|█▏        | 2948/25778 [3:18:48 > 25:43]
SOAP:  11%|█▏        | 2949/25778 [3:18:38 > 25:44]
SOAP:  11%|█▏        | 2950/25778 [3:18:36 > 25:44]
SOAP:  11%|█▏        | 2951/25778 [3:18:31 > 25:45]
SOAP:  11%|█▏        | 2952/25778 [3:18:36 > 25:45]
SOAP:  11%|█▏        | 2953/25778 [3:18:42 > 25:46]
SOAP:  11%|█▏        | 2954/25778 [3:18:38 > 25:46]
SOAP:  11%|█▏        | 2955/25778 [3:17:06 > 25:47]
SOAP:  11%|█▏        | 2956/25778 [3:19:26 > 25:47]
SOAP:  11%|█▏        | 2957/25778 [3:19:43 > 25:48]
SOAP:  11%|█▏        | 2958/25778 [3:19:17 > 25:48]
SOAP:  11%|█▏        | 2959/25778 [3:19:14 > 25:49]
SOAP:  11%|█▏        | 2960/25778 [3:18:55 > 25:50]
SOAP:  11%|█▏        | 2961/25778 [3:18:49 > 25:50]
SOAP:  11%|█▏        | 2962/25778 [3:18:34 > 25:51]
SOAP:  11%|█▏        | 2963/25778 [3:18:30 > 25:51]
SOAP:  11%|█▏        | 2964/25778 [3:18:21 > 25:52]
SOAP:  12%|█▏        | 2965/25778 [3:18:14 > 25:52]
SOAP:  12%|█▏        | 2966/25778 [3:18:10 > 25:53]
SOAP:  12%|█▏        | 2967/25778 [3:18:28 > 25:53]
SOAP:  12%|█▏        | 2968/25778 [3:18:49 > 25:54]
SOAP:  12%|█▏        | 2969/25778 [3:18:45 > 25:54]
SOAP:  12%|█▏        | 2970/25778 [3:18:35 > 25:55]
SOAP:  12%|█▏        | 2971/25778 [3:18:38 > 25:55]
SOAP:  12%|█▏        | 2972/25778 [3:18:28 > 25:56]
SOAP:  12%|█▏        | 2973/25778 [3:18:16 > 25:56]
SOAP:  12%|█▏        | 2974/25778 [3:18:03 > 25:57]
SOAP:  12%|█▏        | 2975/25778 [3:18:05 > 25:57]
SOAP:  12%|█▏        | 2976/25778 [3:17:56 > 25:58]
SOAP:  12%|█▏        | 2977/25778 [3:18:16 > 25:58]
SOAP:  12%|█▏        | 2978/25778 [3:18:16 > 25:59]
SOAP:  12%|█▏        | 2979/25778 [3:18:17 > 25:59]
SOAP:  12%|█▏        | 2980/25778 [3:18:22 > 26:00]
SOAP:  12%|█▏        | 2981/25778 [3:18:15 > 26:00]
SOAP:  12%|█▏        | 2982/25778 [3:18:14 > 26:01]
SOAP:  12%|█▏        | 2983/25778 [3:18:11 > 26:02]
SOAP:  12%|█▏        | 2984/25778 [3:18:06 > 26:02]
SOAP:  12%|█▏        | 2985/25778 [3:18:01 > 26:03]
SOAP:  12%|█▏        | 2986/25778 [3:18:00 > 26:03]
SOAP:  12%|█▏        | 2987/25778 [3:18:10 > 26:04]
SOAP:  12%|█▏        | 2988/25778 [3:18:18 > 26:04]
SOAP:  12%|█▏        | 2989/25778 [3:18:18 > 26:05]
SOAP:  12%|█▏        | 2990/25778 [3:18:19 > 26:05]
SOAP:  12%|█▏        | 2991/25778 [3:18:19 > 26:06]
SOAP:  12%|█▏        | 2992/25778 [3:18:22 > 26:06]
SOAP:  12%|█▏        | 2993/25778 [3:18:08 > 26:07]
SOAP:  12%|█▏        | 2994/25778 [3:18:04 > 26:07]
SOAP:  12%|█▏        | 2995/25778 [3:18:03 > 26:08]
SOAP:  12%|█▏        | 2996/25778 [3:17:54 > 26:08]
SOAP:  12%|█▏        | 2997/25778 [3:17:55 > 26:09]
SOAP:  12%|█▏        | 2998/25778 [3:18:07 > 26:09]
SOAP:  12%|█▏        | 2999/25778 [3:18:07 > 26:10]
SOAP:  12%|█▏        | 3000/25778 [3:16:37 > 26:10]
SOAP:  12%|█▏        | 3001/25778 [3:20:37 > 26:11]
SOAP:  12%|█▏        | 3002/25778 [3:19:02 > 26:11]
SOAP:  12%|█▏        | 3003/25778 [3:18:52 > 26:12]
SOAP:  12%|█▏        | 3004/25778 [3:18:38 > 26:12]
SOAP:  12%|█▏        | 3005/25778 [3:18:32 > 26:13]
SOAP:  12%|█▏        | 3006/25778 [3:18:32 > 26:14]
SOAP:  12%|█▏        | 3007/25778 [3:18:13 > 26:14]
SOAP:  12%|█▏        | 3008/25778 [3:18:05 > 26:15]
SOAP:  12%|█▏        | 3009/25778 [3:17:54 > 26:15]
SOAP:  12%|█▏        | 3010/25778 [3:17:51 > 26:16]
SOAP:  12%|█▏        | 3011/25778 [3:17:45 > 26:16]
SOAP:  12%|█▏        | 3012/25778 [3:17:55 > 26:17]
SOAP:  12%|█▏        | 3013/25778 [3:18:01 > 26:17]
SOAP:  12%|█▏        | 3014/25778 [3:18:16 > 26:18]
SOAP:  12%|█▏        | 3015/25778 [3:18:35 > 26:18]
SOAP:  12%|█▏        | 3016/25778 [3:18:10 > 26:19]
SOAP:  12%|█▏        | 3017/25778 [3:17:55 > 26:19]
SOAP:  12%|█▏        | 3018/25778 [3:17:50 > 26:20]
SOAP:  12%|█▏        | 3019/25778 [3:17:46 > 26:20]
SOAP:  12%|█▏        | 3020/25778 [3:17:57 > 26:21]
SOAP:  12%|█▏        | 3021/25778 [3:17:57 > 26:21]
SOAP:  12%|█▏        | 3022/25778 [3:18:00 > 26:22]
SOAP:  12%|█▏        | 3023/25778 [3:18:05 > 26:22]
SOAP:  12%|█▏        | 3024/25778 [3:18:03 > 26:23]
SOAP:  12%|█▏        | 3025/25778 [3:18:06 > 26:23]
SOAP:  12%|█▏        | 3026/25778 [3:17:55 > 26:24]
SOAP:  12%|█▏        | 3027/25778 [3:17:50 > 26:24]
SOAP:  12%|█▏        | 3028/25778 [3:17:22 > 26:25]
SOAP:  12%|█▏        | 3029/25778 [3:18:13 > 26:26]
SOAP:  12%|█▏        | 3030/25778 [3:18:11 > 26:26]
SOAP:  12%|█▏        | 3031/25778 [3:18:15 > 26:27]
SOAP:  12%|█▏        | 3032/25778 [3:18:15 > 26:27]
SOAP:  12%|█▏        | 3033/25778 [3:18:13 > 26:28]
SOAP:  12%|█▏        | 3034/25778 [3:17:54 > 26:28]
SOAP:  12%|█▏        | 3035/25778 [3:17:47 > 26:29]
SOAP:  12%|█▏        | 3036/25778 [3:17:38 > 26:29]
SOAP:  12%|█▏        | 3037/25778 [3:17:51 > 26:30]
SOAP:  12%|█▏        | 3038/25778 [3:17:49 > 26:30]
SOAP:  12%|█▏        | 3039/25778 [3:17:56 > 26:31]
SOAP:  12%|█▏        | 3040/25778 [3:17:56 > 26:31]
SOAP:  12%|█▏        | 3041/25778 [3:17:55 > 26:32]
SOAP:  12%|█▏        | 3042/25778 [3:17:51 > 26:32]
SOAP:  12%|█▏        | 3043/25778 [3:17:44 > 26:33]
SOAP:  12%|█▏        | 3044/25778 [3:17:37 > 26:33]
SOAP:  12%|█▏        | 3045/25778 [3:17:36 > 26:34]
SOAP:  12%|█▏        | 3046/25778 [3:17:32 > 26:34]
SOAP:  12%|█▏        | 3047/25778 [3:17:41 > 26:35]
SOAP:  12%|█▏        | 3048/25778 [3:18:12 > 26:35]
SOAP:  12%|█▏        | 3049/25778 [3:18:07 > 26:36]
SOAP:  12%|█▏        | 3050/25778 [3:17:57 > 26:37]
SOAP:  12%|█▏        | 3051/25778 [3:17:53 > 26:37]
SOAP:  12%|█▏        | 3052/25778 [3:16:31 > 26:38]
SOAP:  12%|█▏        | 3053/25778 [3:17:49 > 26:38]
SOAP:  12%|█▏        | 3054/25778 [3:17:37 > 26:39]
SOAP:  12%|█▏        | 3055/25778 [3:17:36 > 26:39]
SOAP:  12%|█▏        | 3056/25778 [3:17:28 > 26:40]
SOAP:  12%|█▏        | 3057/25778 [3:17:41 > 26:40]
SOAP:  12%|█▏        | 3058/25778 [3:15:58 > 26:41]
SOAP:  12%|█▏        | 3059/25778 [3:18:34 > 26:41]
SOAP:  12%|█▏        | 3060/25778 [3:18:38 > 26:42]
SOAP:  12%|█▏        | 3061/25778 [3:18:11 > 26:42]
SOAP:  12%|█▏        | 3062/25778 [3:16:23 > 26:43]
SOAP:  12%|█▏        | 3063/25778 [3:18:13 > 26:43]
SOAP:  12%|█▏        | 3064/25778 [3:18:07 > 26:44]
SOAP:  12%|█▏        | 3065/25778 [3:16:33 > 26:44]
SOAP:  12%|█▏        | 3066/25778 [3:18:22 > 26:45]
SOAP:  12%|█▏        | 3067/25778 [3:18:08 > 26:45]
SOAP:  12%|█▏        | 3068/25778 [3:18:03 > 26:46]
SOAP:  12%|█▏        | 3069/25778 [3:17:45 > 26:46]
SOAP:  12%|█▏        | 3070/25778 [3:17:39 > 26:47]
SOAP:  12%|█▏        | 3071/25778 [3:17:34 > 26:47]
SOAP:  12%|█▏        | 3072/25778 [3:17:31 > 26:48]
SOAP:  12%|█▏        | 3073/25778 [3:17:24 > 26:49]
SOAP:  12%|█▏        | 3074/25778 [3:17:29 > 26:49]
SOAP:  12%|█▏        | 3075/25778 [3:17:27 > 26:50]
SOAP:  12%|█▏        | 3076/25778 [3:17:57 > 26:50]
SOAP:  12%|█▏        | 3077/25778 [3:18:00 > 26:51]
SOAP:  12%|█▏        | 3078/25778 [3:17:39 > 26:51]
SOAP:  12%|█▏        | 3079/25778 [3:17:26 > 26:52]
SOAP:  12%|█▏        | 3080/25778 [3:17:23 > 26:52]
SOAP:  12%|█▏        | 3081/25778 [3:17:09 > 26:53]
SOAP:  12%|█▏        | 3082/25778 [3:17:20 > 26:53]
SOAP:  12%|█▏        | 3083/25778 [3:17:27 > 26:54]
SOAP:  12%|█▏        | 3084/25778 [3:17:35 > 26:54]
SOAP:  12%|█▏        | 3085/25778 [3:17:29 > 26:55]
SOAP:  12%|█▏        | 3086/25778 [3:17:35 > 26:55]
SOAP:  12%|█▏        | 3087/25778 [3:17:37 > 26:56]
SOAP:  12%|█▏        | 3088/25778 [3:17:25 > 26:56]
SOAP:  12%|█▏        | 3089/25778 [3:17:12 > 26:57]
SOAP:  12%|█▏        | 3090/25778 [3:17:02 > 26:57]
SOAP:  12%|█▏        | 3091/25778 [3:17:07 > 26:58]
SOAP:  12%|█▏        | 3092/25778 [3:17:04 > 26:58]
SOAP:  12%|█▏        | 3093/25778 [3:17:07 > 26:59]
SOAP:  12%|█▏        | 3094/25778 [3:15:39 > 26:59]
SOAP:  12%|█▏        | 3095/25778 [3:18:12 > 27:00]
SOAP:  12%|█▏        | 3096/25778 [3:18:12 > 27:01]
SOAP:  12%|█▏        | 3097/25778 [3:17:58 > 27:01]
SOAP:  12%|█▏        | 3098/25778 [3:18:17 > 27:02]
SOAP:  12%|█▏        | 3099/25778 [3:18:03 > 27:02]
SOAP:  12%|█▏        | 3100/25778 [3:17:53 > 27:03]
SOAP:  12%|█▏        | 3101/25778 [3:19:32 > 27:03]
SOAP:  12%|█▏        | 3102/25778 [3:17:44 > 27:04]
SOAP:  12%|█▏        | 3103/25778 [3:18:05 > 27:04]
SOAP:  12%|█▏        | 3104/25778 [3:18:28 > 27:05]
SOAP:  12%|█▏        | 3105/25778 [3:18:51 > 27:05]
SOAP:  12%|█▏        | 3106/25778 [3:19:13 > 27:06]
SOAP:  12%|█▏        | 3107/25778 [3:19:06 > 27:06]
SOAP:  12%|█▏        | 3108/25778 [3:19:15 > 27:07]
SOAP:  12%|█▏        | 3109/25778 [3:19:13 > 27:07]
SOAP:  12%|█▏        | 3110/25778 [3:17:33 > 27:08]
SOAP:  12%|█▏        | 3111/25778 [3:19:28 > 27:08]
SOAP:  12%|█▏        | 3112/25778 [3:19:20 > 27:09]
SOAP:  12%|█▏        | 3113/25778 [3:19:19 > 27:09]
SOAP:  12%|█▏        | 3114/25778 [3:19:27 > 27:10]
SOAP:  12%|█▏        | 3115/25778 [3:18:32 > 27:11]
SOAP:  12%|█▏        | 3116/25778 [3:19:13 > 27:11]
SOAP:  12%|█▏        | 3117/25778 [3:19:06 > 27:12]
SOAP:  12%|█▏        | 3118/25778 [3:19:10 > 27:12]
SOAP:  12%|█▏        | 3119/25778 [3:19:17 > 27:13]
SOAP:  12%|█▏        | 3120/25778 [3:19:09 > 27:13]
SOAP:  12%|█▏        | 3121/25778 [3:19:16 > 27:14]
SOAP:  12%|█▏        | 3122/25778 [3:19:22 > 27:14]
SOAP:  12%|█▏        | 3123/25778 [3:19:06 > 27:15]
SOAP:  12%|█▏        | 3124/25778 [3:19:18 > 27:15]
SOAP:  12%|█▏        | 3125/25778 [3:19:14 > 27:16]
SOAP:  12%|█▏        | 3126/25778 [3:19:12 > 27:16]
SOAP:  12%|█▏        | 3127/25778 [3:19:23 > 27:17]
SOAP:  12%|█▏        | 3128/25778 [3:19:13 > 27:17]
SOAP:  12%|█▏        | 3129/25778 [3:17:23 > 27:18]
SOAP:  12%|█▏        | 3130/25778 [3:19:10 > 27:18]
SOAP:  12%|█▏        | 3131/25778 [3:19:02 > 27:19]
SOAP:  12%|█▏        | 3132/25778 [3:19:22 > 27:19]
SOAP:  12%|█▏        | 3133/25778 [3:19:16 > 27:20]
SOAP:  12%|█▏        | 3134/25778 [3:19:14 > 27:21]
SOAP:  12%|█▏        | 3135/25778 [3:19:21 > 27:21]
SOAP:  12%|█▏        | 3136/25778 [3:19:08 > 27:22]
SOAP:  12%|█▏        | 3137/25778 [3:18:58 > 27:22]
SOAP:  12%|█▏        | 3138/25778 [3:19:02 > 27:23]
SOAP:  12%|█▏        | 3139/25778 [3:19:17 > 27:23]
SOAP:  12%|█▏        | 3140/25778 [3:19:09 > 27:24]
SOAP:  12%|█▏        | 3141/25778 [3:19:06 > 27:24]
SOAP:  12%|█▏        | 3142/25778 [3:19:12 > 27:25]
SOAP:  12%|█▏        | 3143/25778 [3:19:14 > 27:25]
SOAP:  12%|█▏        | 3144/25778 [3:19:02 > 27:26]
SOAP:  12%|█▏        | 3145/25778 [3:18:37 > 27:26]
SOAP:  12%|█▏        | 3146/25778 [3:18:56 > 27:27]
SOAP:  12%|█▏        | 3147/25778 [3:19:56 > 27:27]
SOAP:  12%|█▏        | 3148/25778 [3:18:48 > 27:28]
SOAP:  12%|█▏        | 3149/25778 [3:18:53 > 27:28]
SOAP:  12%|█▏        | 3150/25778 [3:18:51 > 27:29]
SOAP:  12%|█▏        | 3151/25778 [3:18:48 > 27:30]
SOAP:  12%|█▏        | 3152/25778 [3:19:07 > 27:30]
SOAP:  12%|█▏        | 3153/25778 [3:19:24 > 27:31]
SOAP:  12%|█▏        | 3154/25778 [3:19:17 > 27:31]
SOAP:  12%|█▏        | 3155/25778 [3:19:10 > 27:32]
SOAP:  12%|█▏        | 3156/25778 [3:19:04 > 27:32]
SOAP:  12%|█▏        | 3157/25778 [3:19:04 > 27:33]
SOAP:  12%|█▏        | 3158/25778 [3:18:53 > 27:33]
SOAP:  12%|█▏        | 3159/25778 [3:18:55 > 27:34]
SOAP:  12%|█▏        | 3160/25778 [3:19:13 > 27:34]
SOAP:  12%|█▏        | 3161/25778 [3:18:47 > 27:35]
SOAP:  12%|█▏        | 3162/25778 [3:18:50 > 27:35]
SOAP:  12%|█▏        | 3163/25778 [3:18:42 > 27:36]
SOAP:  12%|█▏        | 3164/25778 [3:19:01 > 27:36]
SOAP:  12%|█▏        | 3165/25778 [3:18:59 > 27:37]
SOAP:  12%|█▏        | 3166/25778 [3:18:47 > 27:37]
SOAP:  12%|█▏        | 3167/25778 [3:19:02 > 27:38]
SOAP:  12%|█▏        | 3168/25778 [3:18:59 > 27:38]
SOAP:  12%|█▏        | 3169/25778 [3:19:02 > 27:39]
SOAP:  12%|█▏        | 3170/25778 [3:19:08 > 27:40]
SOAP:  12%|█▏        | 3171/25778 [3:18:53 > 27:40]
SOAP:  12%|█▏        | 3172/25778 [3:19:11 > 27:41]
SOAP:  12%|█▏        | 3173/25778 [3:18:59 > 27:41]
SOAP:  12%|█▏        | 3174/25778 [3:19:00 > 27:42]
SOAP:  12%|█▏        | 3175/25778 [3:17:57 > 27:42]
SOAP:  12%|█▏        | 3176/25778 [3:18:51 > 27:43]
SOAP:  12%|█▏        | 3177/25778 [3:18:50 > 27:43]
SOAP:  12%|█▏        | 3178/25778 [3:18:40 > 27:44]
SOAP:  12%|█▏        | 3179/25778 [3:18:55 > 27:44]
SOAP:  12%|█▏        | 3180/25778 [3:18:45 > 27:45]
SOAP:  12%|█▏        | 3181/25778 [3:18:39 > 27:45]
SOAP:  12%|█▏        | 3182/25778 [3:18:54 > 27:46]
SOAP:  12%|█▏        | 3183/25778 [3:18:43 > 27:46]
SOAP:  12%|█▏        | 3184/25778 [3:18:50 > 27:47]
SOAP:  12%|█▏        | 3185/25778 [3:18:42 > 27:47]
SOAP:  12%|█▏        | 3186/25778 [3:18:33 > 27:48]
SOAP:  12%|█▏        | 3187/25778 [3:18:37 > 27:49]
SOAP:  12%|█▏        | 3188/25778 [3:18:56 > 27:49]
SOAP:  12%|█▏        | 3189/25778 [3:18:44 > 27:50]
SOAP:  12%|█▏        | 3190/25778 [3:18:46 > 27:50]
SOAP:  12%|█▏        | 3191/25778 [3:18:02 > 27:51]
SOAP:  12%|█▏        | 3192/25778 [3:18:42 > 27:51]
SOAP:  12%|█▏        | 3193/25778 [3:18:30 > 27:52]
SOAP:  12%|█▏        | 3194/25778 [3:18:02 > 27:52]
SOAP:  12%|█▏        | 3195/25778 [3:16:38 > 27:53]
SOAP:  12%|█▏        | 3196/25778 [3:17:12 > 27:53]
SOAP:  12%|█▏        | 3197/25778 [3:17:29 > 27:54]
SOAP:  12%|█▏        | 3198/25778 [3:18:02 > 27:54]
SOAP:  12%|█▏        | 3199/25778 [3:18:00 > 27:55]
SOAP:  12%|█▏        | 3200/25778 [3:18:13 > 27:55]
SOAP:  12%|█▏        | 3201/25778 [3:19:10 > 27:56]
SOAP:  12%|█▏        | 3202/25778 [3:19:13 > 27:56]
SOAP:  12%|█▏        | 3203/25778 [3:18:45 > 27:57]
SOAP:  12%|█▏        | 3204/25778 [3:18:47 > 27:57]
SOAP:  12%|█▏        | 3205/25778 [3:18:46 > 27:58]
SOAP:  12%|█▏        | 3206/25778 [3:18:25 > 27:59]
SOAP:  12%|█▏        | 3207/25778 [3:18:19 > 27:59]
SOAP:  12%|█▏        | 3208/25778 [3:18:16 > 28:00]
SOAP:  12%|█▏        | 3209/25778 [3:18:24 > 28:00]
SOAP:  12%|█▏        | 3210/25778 [3:18:29 > 28:01]
SOAP:  12%|█▏        | 3211/25778 [3:18:17 > 28:01]
SOAP:  12%|█▏        | 3212/25778 [3:19:21 > 28:02]
SOAP:  12%|█▏        | 3213/25778 [3:17:20 > 28:02]
SOAP:  12%|█▏        | 3214/25778 [3:18:02 > 28:03]
SOAP:  12%|█▏        | 3215/25778 [3:18:11 > 28:03]
SOAP:  12%|█▏        | 3216/25778 [3:18:06 > 28:04]
SOAP:  12%|█▏        | 3217/25778 [3:18:19 > 28:04]
SOAP:  12%|█▏        | 3218/25778 [3:18:25 > 28:05]
SOAP:  12%|█▏        | 3219/25778 [3:18:14 > 28:05]
SOAP:  12%|█▏        | 3220/25778 [3:16:48 > 28:06]
SOAP:  12%|█▏        | 3221/25778 [3:18:15 > 28:06]
SOAP:  12%|█▏        | 3222/25778 [3:18:18 > 28:07]
SOAP:  13%|█▎        | 3223/25778 [3:18:12 > 28:07]
SOAP:  13%|█▎        | 3224/25778 [3:18:12 > 28:08]
SOAP:  13%|█▎        | 3225/25778 [3:16:19 > 28:09]
SOAP:  13%|█▎        | 3226/25778 [3:18:00 > 28:09]
SOAP:  13%|█▎        | 3227/25778 [3:18:05 > 28:10]
SOAP:  13%|█▎        | 3228/25778 [3:18:16 > 28:10]
SOAP:  13%|█▎        | 3229/25778 [3:18:10 > 28:11]
SOAP:  13%|█▎        | 3230/25778 [3:18:18 > 28:11]
SOAP:  13%|█▎        | 3231/25778 [3:18:15 > 28:12]
SOAP:  13%|█▎        | 3232/25778 [3:18:10 > 28:12]
SOAP:  13%|█▎        | 3233/25778 [3:18:01 > 28:13]
SOAP:  13%|█▎        | 3234/25778 [3:18:06 > 28:13]
SOAP:  13%|█▎        | 3235/25778 [3:18:15 > 28:14]
SOAP:  13%|█▎        | 3236/25778 [3:18:02 > 28:14]
SOAP:  13%|█▎        | 3237/25778 [3:18:02 > 28:15]
SOAP:  13%|█▎        | 3238/25778 [3:18:10 > 28:15]
SOAP:  13%|█▎        | 3239/25778 [3:18:16 > 28:16]
SOAP:  13%|█▎        | 3240/25778 [3:17:57 > 28:16]
SOAP:  13%|█▎        | 3241/25778 [3:17:21 > 28:17]
SOAP:  13%|█▎        | 3242/25778 [3:17:08 > 28:18]
SOAP:  13%|█▎        | 3243/25778 [3:17:28 > 28:18]
SOAP:  13%|█▎        | 3244/25778 [3:17:33 > 28:19]
SOAP:  13%|█▎        | 3245/25778 [3:17:51 > 28:19]
SOAP:  13%|█▎        | 3246/25778 [3:17:59 > 28:20]
SOAP:  13%|█▎        | 3247/25778 [3:18:06 > 28:20]
SOAP:  13%|█▎        | 3248/25778 [3:17:57 > 28:21]
SOAP:  13%|█▎        | 3249/25778 [3:18:14 > 28:21]
SOAP:  13%|█▎        | 3250/25778 [3:18:05 > 28:22]
SOAP:  13%|█▎        | 3251/25778 [3:18:20 > 28:22]
SOAP:  13%|█▎        | 3252/25778 [3:18:12 > 28:23]
SOAP:  13%|█▎        | 3253/25778 [3:18:11 > 28:23]
SOAP:  13%|█▎        | 3254/25778 [3:18:14 > 28:24]
SOAP:  13%|█▎        | 3255/25778 [3:17:54 > 28:24]
SOAP:  13%|█▎        | 3256/25778 [3:18:03 > 28:25]
SOAP:  13%|█▎        | 3257/25778 [3:18:11 > 28:25]
SOAP:  13%|█▎        | 3258/25778 [3:18:04 > 28:26]
SOAP:  13%|█▎        | 3259/25778 [3:18:01 > 28:26]
SOAP:  13%|█▎        | 3260/25778 [3:18:05 > 28:27]
SOAP:  13%|█▎        | 3261/25778 [3:17:48 > 28:28]
SOAP:  13%|█▎        | 3262/25778 [3:18:13 > 28:28]
SOAP:  13%|█▎        | 3263/25778 [3:18:04 > 28:29]
SOAP:  13%|█▎        | 3264/25778 [3:18:06 > 28:29]
SOAP:  13%|█▎        | 3265/25778 [3:17:54 > 28:30]
SOAP:  13%|█▎        | 3266/25778 [3:18:09 > 28:30]
SOAP:  13%|█▎        | 3267/25778 [3:18:03 > 28:31]
SOAP:  13%|█▎        | 3268/25778 [3:17:54 > 28:31]
SOAP:  13%|█▎        | 3269/25778 [3:18:00 > 28:32]
SOAP:  13%|█▎        | 3270/25778 [3:17:59 > 28:32]
SOAP:  13%|█▎        | 3271/25778 [3:18:09 > 28:33]
SOAP:  13%|█▎        | 3272/25778 [3:18:29 > 28:33]
SOAP:  13%|█▎        | 3273/25778 [3:18:58 > 28:34]
SOAP:  13%|█▎        | 3274/25778 [3:18:49 > 28:34]
SOAP:  13%|█▎        | 3275/25778 [3:18:43 > 28:35]
SOAP:  13%|█▎        | 3276/25778 [3:18:13 > 28:35]
SOAP:  13%|█▎        | 3277/25778 [3:18:13 > 28:36]
SOAP:  13%|█▎        | 3278/25778 [3:18:13 > 28:37]
SOAP:  13%|█▎        | 3279/25778 [3:17:53 > 28:37]
SOAP:  13%|█▎        | 3280/25778 [3:17:55 > 28:38]
SOAP:  13%|█▎        | 3281/25778 [3:17:52 > 28:38]
SOAP:  13%|█▎        | 3282/25778 [3:17:58 > 28:39]
SOAP:  13%|█▎        | 3283/25778 [3:17:47 > 28:39]
SOAP:  13%|█▎        | 3284/25778 [3:17:44 > 28:40]
SOAP:  13%|█▎        | 3285/25778 [3:17:57 > 28:40]
SOAP:  13%|█▎        | 3286/25778 [3:17:19 > 28:41]
SOAP:  13%|█▎        | 3287/25778 [3:17:59 > 28:41]
SOAP:  13%|█▎        | 3288/25778 [3:18:40 > 28:42]
SOAP:  13%|█▎        | 3289/25778 [3:17:40 > 28:42]
SOAP:  13%|█▎        | 3290/25778 [3:17:52 > 28:43]
SOAP:  13%|█▎        | 3291/25778 [3:17:46 > 28:43]
SOAP:  13%|█▎        | 3292/25778 [3:17:49 > 28:44]
SOAP:  13%|█▎        | 3293/25778 [3:17:49 > 28:44]
SOAP:  13%|█▎        | 3294/25778 [3:17:50 > 28:45]
SOAP:  13%|█▎        | 3295/25778 [3:17:43 > 28:45]
SOAP:  13%|█▎        | 3296/25778 [3:18:02 > 28:46]
SOAP:  13%|█▎        | 3297/25778 [3:17:57 > 28:47]
SOAP:  13%|█▎        | 3298/25778 [3:17:54 > 28:47]
SOAP:  13%|█▎        | 3299/25778 [3:17:45 > 28:48]
SOAP:  13%|█▎        | 3300/25778 [3:17:51 > 28:48]
SOAP:  13%|█▎        | 3301/25778 [3:18:34 > 28:49]
SOAP:  13%|█▎        | 3302/25778 [3:18:25 > 28:49]
SOAP:  13%|█▎        | 3303/25778 [3:18:08 > 28:50]
SOAP:  13%|█▎        | 3304/25778 [3:17:56 > 28:50]
SOAP:  13%|█▎        | 3305/25778 [3:17:33 > 28:51]
SOAP:  13%|█▎        | 3306/25778 [3:17:43 > 28:51]
SOAP:  13%|█▎        | 3307/25778 [3:17:47 > 28:52]
SOAP early stopping at step 3308/25778: total loss unchanged for 150 steps (best=1.142339e-02).

SOAP:  13%|█▎        | 3307/25778 [3:16:14 > 28:52]
Training saved: C:\Ali Computation\pinn\code\heterogeneous\pino_heterogeneous\results\exp_X4_soap_K100_N500_uniform_default_float64\pino_heterogeneous_concentration.png C:\Ali Computation\pinn\code\heterogeneous\pino_heterogeneous\results\exp_X4_soap_K100_N500_uniform_default_float64\pino_heterogeneous_loss.png C:\Ali Computation\pinn\code\heterogeneous\pino_heterogeneous\results\exp_X4_soap_K100_N500_uniform_default_float64\pino_heterogeneous_model.pt
COMSOL validation: 81 media -> C:\Ali Computation\pinn\code\heterogeneous\pino_heterogeneous\results\exp_X4_soap_K100_N500_uniform_default_float64\comsol_validation  (x* collocation n=86)

COMSOL vs PINO:   0%|          | 0/81 [00:00<?, ?it/s]
COMSOL vs PINO:   1%|          | 1/81 [00:01<01:22,  1.03s/it]
COMSOL vs PINO:   2%|▏         | 2/81 [00:02<01:20,  1.02s/it]
COMSOL vs PINO:   4%|▎         | 3/81 [00:03<01:19,  1.02s/it]
COMSOL vs PINO:   5%|▍         | 4/81 [00:04<01:25,  1.11s/it]
COMSOL vs PINO:   6%|▌         | 5/81 [00:05<01:22,  1.08s/it]
COMSOL vs PINO:   7%|▋         | 6/81 [00:06<01:19,  1.06s/it]
COMSOL vs PINO:   9%|▊         | 7/81 [00:07<01:18,  1.05s/it]
COMSOL vs PINO:  10%|▉         | 8/81 [00:08<01:16,  1.04s/it]
COMSOL vs PINO:  11%|█         | 9/81 [00:09<01:14,  1.04s/it]
COMSOL vs PINO:  12%|█▏        | 10/81 [00:10<01:14,  1.04s/it]
COMSOL vs PINO:  14%|█▎        | 11/81 [00:11<01:13,  1.05s/it]
COMSOL vs PINO:  15%|█▍        | 12/81 [00:12<01:12,  1.04s/it]
COMSOL vs PINO:  16%|█▌        | 13/81 [00:13<01:10,  1.04s/it]
COMSOL vs PINO:  17%|█▋        | 14/81 [00:14<01:09,  1.04s/it]
COMSOL vs PINO:  19%|█▊        | 15/81 [00:15<01:08,  1.04s/it]
COMSOL vs PINO:  20%|█▉        | 16/81 [00:16<01:08,  1.05s/it]
COMSOL vs PINO:  21%|██        | 17/81 [00:18<01:13,  1.15s/it]
COMSOL vs PINO:  22%|██▏       | 18/81 [00:19<01:10,  1.11s/it]
COMSOL vs PINO:  23%|██▎       | 19/81 [00:20<01:07,  1.09s/it]
COMSOL vs PINO:  25%|██▍       | 20/81 [00:21<01:05,  1.08s/it]
COMSOL vs PINO:  26%|██▌       | 21/81 [00:22<01:04,  1.07s/it]
COMSOL vs PINO:  27%|██▋       | 22/81 [00:23<01:02,  1.07s/it]
COMSOL vs PINO:  28%|██▊       | 23/81 [00:24<01:02,  1.07s/it]
COMSOL vs PINO:  30%|██▉       | 24/81 [00:25<01:00,  1.07s/it]
COMSOL vs PINO:  31%|███       | 25/81 [00:26<00:59,  1.06s/it]
COMSOL vs PINO:  32%|███▏      | 26/81 [00:27<00:58,  1.06s/it]
COMSOL vs PINO:  33%|███▎      | 27/81 [00:28<00:57,  1.07s/it]
COMSOL vs PINO:  35%|███▍      | 28/81 [00:29<00:56,  1.06s/it]
COMSOL vs PINO:  36%|███▌      | 29/81 [00:30<00:54,  1.05s/it]
COMSOL vs PINO:  37%|███▋      | 30/81 [00:32<00:58,  1.14s/it]
COMSOL vs PINO:  38%|███▊      | 31/81 [00:33<00:55,  1.11s/it]
COMSOL vs PINO:  40%|███▉      | 32/81 [00:34<00:53,  1.09s/it]
COMSOL vs PINO:  41%|████      | 33/81 [00:35<00:51,  1.08s/it]
COMSOL vs PINO:  42%|████▏     | 34/81 [00:36<00:50,  1.08s/it]
COMSOL vs PINO:  43%|████▎     | 35/81 [00:37<00:49,  1.07s/it]
COMSOL vs PINO:  44%|████▍     | 36/81 [00:38<00:47,  1.06s/it]
COMSOL vs PINO:  46%|████▌     | 37/81 [00:39<00:46,  1.06s/it]
COMSOL vs PINO:  47%|████▋     | 38/81 [00:40<00:45,  1.06s/it]
COMSOL vs PINO:  48%|████▊     | 39/81 [00:41<00:44,  1.06s/it]
COMSOL vs PINO:  49%|████▉     | 40/81 [00:42<00:42,  1.04s/it]
COMSOL vs PINO:  51%|█████     | 41/81 [00:43<00:41,  1.04s/it]
COMSOL vs PINO:  52%|█████▏    | 42/81 [00:44<00:40,  1.05s/it]
COMSOL vs PINO:  53%|█████▎    | 43/81 [00:45<00:40,  1.06s/it]
COMSOL vs PINO:  54%|█████▍    | 44/81 [00:46<00:38,  1.05s/it]
COMSOL vs PINO:  56%|█████▌    | 45/81 [00:48<00:41,  1.14s/it]
COMSOL vs PINO:  57%|█████▋    | 46/81 [00:49<00:39,  1.12s/it]
COMSOL vs PINO:  58%|█████▊    | 47/81 [00:50<00:37,  1.10s/it]
COMSOL vs PINO:  59%|█████▉    | 48/81 [00:51<00:36,  1.09s/it]
COMSOL vs PINO:  60%|██████    | 49/81 [00:52<00:34,  1.08s/it]
COMSOL vs PINO:  62%|██████▏   | 50/81 [00:53<00:33,  1.07s/it]
COMSOL vs PINO:  63%|██████▎   | 51/81 [00:54<00:31,  1.06s/it]
COMSOL vs PINO:  64%|██████▍   | 52/81 [00:55<00:30,  1.06s/it]
COMSOL vs PINO:  65%|██████▌   | 53/81 [00:56<00:29,  1.05s/it]
COMSOL vs PINO:  67%|██████▋   | 54/81 [00:57<00:28,  1.05s/it]
COMSOL vs PINO:  68%|██████▊   | 55/81 [00:58<00:27,  1.05s/it]
COMSOL vs PINO:  69%|██████▉   | 56/81 [00:59<00:26,  1.05s/it]
COMSOL vs PINO:  70%|███████   | 57/81 [01:00<00:25,  1.04s/it]
COMSOL vs PINO:  72%|███████▏  | 58/81 [01:01<00:23,  1.04s/it]
COMSOL vs PINO:  73%|███████▎  | 59/81 [01:02<00:23,  1.05s/it]
COMSOL vs PINO:  74%|███████▍  | 60/81 [01:04<00:24,  1.14s/it]
COMSOL vs PINO:  75%|███████▌  | 61/81 [01:05<00:22,  1.11s/it]
COMSOL vs PINO:  77%|███████▋  | 62/81 [01:06<00:20,  1.09s/it]
COMSOL vs PINO:  78%|███████▊  | 63/81 [01:07<00:19,  1.08s/it]
COMSOL vs PINO:  79%|███████▉  | 64/81 [01:08<00:18,  1.07s/it]
COMSOL vs PINO:  80%|████████  | 65/81 [01:09<00:17,  1.06s/it]
COMSOL vs PINO:  81%|████████▏ | 66/81 [01:10<00:16,  1.07s/it]
COMSOL vs PINO:  83%|████████▎ | 67/81 [01:11<00:14,  1.06s/it]
COMSOL vs PINO:  84%|████████▍ | 68/81 [01:12<00:13,  1.05s/it]
COMSOL vs PINO:  85%|████████▌ | 69/81 [01:13<00:12,  1.05s/it]
COMSOL vs PINO:  86%|████████▋ | 70/81 [01:14<00:11,  1.04s/it]
COMSOL vs PINO:  88%|████████▊ | 71/81 [01:15<00:10,  1.05s/it]
COMSOL vs PINO:  89%|████████▉ | 72/81 [01:16<00:09,  1.05s/it]
COMSOL vs PINO:  90%|█████████ | 73/81 [01:18<00:09,  1.14s/it]
COMSOL vs PINO:  91%|█████████▏| 74/81 [01:19<00:07,  1.11s/it]
COMSOL vs PINO:  93%|█████████▎| 75/81 [01:20<00:06,  1.10s/it]
COMSOL vs PINO:  94%|█████████▍| 76/81 [01:21<00:05,  1.09s/it]
COMSOL vs PINO:  95%|█████████▌| 77/81 [01:22<00:04,  1.07s/it]
COMSOL vs PINO:  96%|█████████▋| 78/81 [01:23<00:03,  1.06s/it]
COMSOL vs PINO:  98%|█████████▊| 79/81 [01:24<00:02,  1.05s/it]
COMSOL vs PINO:  99%|█████████▉| 80/81 [01:25<00:01,  1.05s/it]
COMSOL vs PINO: 100%|██████████| 81/81 [01:26<00:00,  1.05s/it]
COMSOL vs PINO: 100%|██████████| 81/81 [01:26<00:00,  1.07s/it]
COMSOL validation summary: n=81  mean=2.896480e-02  max=1.170418e-01  min=1.135065e-02
Wrote C:\Ali Computation\pinn\code\heterogeneous\pino_heterogeneous\results\exp_X4_soap_K100_N500_uniform_default_float64\comsol_validation\comsol_validation_summary.csv
Run metadata: C:\Ali Computation\pinn\code\heterogeneous\pino_heterogeneous\results\exp_X4_soap_K100_N500_uniform_default_float64\run_meta.json
Wall-clock train: 1733.9 s
Wall-clock validation: 86.6 s
Wall-clock total: 1833.5 s  device=cuda

# exit 0 after 0:30:42.083989
