# code/heterogeneous/pino_heterogeneous/pinn1d_heterogeneous_parametric_neural_operator.py --design grf --n-sensors 100 --n-grf 0 --n-piecewise-per-zones 500 --piecewise-zone-counts 5 --min-zone-frac 0.1 --arch w64 --dtype float64 --early-stop-patience 150 --optimizer soap --soap-lr 3e-3 --soap-betas 0.95,0.95 --soap-weight-decay 0.01 --soap-precond-freq 100 --soap-iso-compute-twin results/exp_X5_5zoneonly_K100_N500_w64_float64_lbfgs1000_maxiter20 --out-dir results/exp_X6_soap_K100_N500_5zoneonly_w64_float64
# started 2026-07-03 08:31:45
# cwd C:\Ali Computation\pinn\code\heterogeneous\pino_heterogeneous

Using GPU: NVIDIA GeForce RTX 3090 (cuda:0, dtype=torch.float64)
PE (computed) = 0.010368
design=grf  media_mode=grf  branch_mode=sensor  optimizer=soap  n_train_requested=500  n_corner_anchors=16  arch=w64  batch_mode=True
branch=[100, 64, 64, 64]  trunk=[2, 64, 64, 64, 64]
results_dir=C:\Ali Computation\pinn\code\heterogeneous\pino_heterogeneous\results\exp_X6_soap_K100_N500_5zoneonly_w64_float64
Training: 500 piecewise (500 for zones [5]), min_zone_frac=0.1 = 500 total; branch_mode=sensor, K=100 sensors, grid_n=201
  saved/loaded: C:\Ali Computation\pinn\code\heterogeneous\pino_heterogeneous\results\exp_X6_soap_K100_N500_5zoneonly_w64_float64\train_grf_cases.npz
  branch CFL range [0.120013, 0.599687]
PDE mesh: bulk 50x50x500 (no interface bands in GRF mode)
COMSOL validation: 81 fixed grid cases from comsol_4zones.txt -> C:\Ali Computation\pinn\code\heterogeneous\pino_heterogeneous\results\exp_X6_soap_K100_N500_5zoneonly_w64_float64\comsol_validation
run_training=True  run_comsol_validation=True  validate_only=False  skip_validation_plots=False
SOAP iso-compute: twin=results/exp_X5_5zoneonly_K100_N500_w64_float64_lbfgs1000_maxiter20  probe_epochs=200  (epoch budget set after probe)
PDE collocation points: 1,250,000 (bulk 1,250,000, interface 0)
Collocation mesh plot (pre-train): C:\Ali Computation\pinn\code\heterogeneous\pino_heterogeneous\results\exp_X6_soap_K100_N500_5zoneonly_w64_float64\pino_heterogeneous_collocation_points.png
SOAP iso-compute: twin=results/exp_X5_5zoneonly_K100_N500_w64_float64_lbfgs1000_maxiter20  target_train_wall=121387.3s  probe_epochs=200
SOAP(lr=0.003, betas=(0.95, 0.95), weight_decay=0.01, precond_freq=100)  epoch_budget=200
SOAP early stopping: patience=150 steps (no total-loss improvement, rtol=1e-12)

SOAP:   0%|          | 0/200 [? > 00:00]
SOAP:   0%|          | 1/200 [22:30 > 00:06]
SOAP:   1%|          | 2/200 [18:35 > 00:11]
SOAP:   2%|▏         | 3/200 [12:24 > 00:13]
SOAP:   2%|▏         | 4/200 [18:59 > 00:22]
SOAP:   2%|▎         | 5/200 [17:23 > 00:26]
SOAP:   3%|▎         | 6/200 [12:51 > 00:27]
SOAP:   4%|▎         | 7/200 [13:07 > 00:32]
SOAP:   4%|▍         | 8/200 [13:21 > 00:36]
SOAP:   4%|▍         | 9/200 [13:25 > 00:40]
SOAP:   5%|▌         | 10/200 [13:24 > 00:45]
SOAP:   6%|▌         | 11/200 [13:26 > 00:49]
SOAP:   6%|▌         | 12/200 [13:50 > 00:54]
SOAP:   6%|▋         | 13/200 [13:50 > 00:58]
SOAP:   7%|▋         | 14/200 [14:21 > 01:03]
SOAP:   8%|▊         | 15/200 [14:21 > 01:08]
SOAP:   8%|▊         | 16/200 [18:18 > 01:17]
SOAP:   8%|▊         | 17/200 [13:49 > 01:18]
SOAP:   9%|▉         | 18/200 [14:17 > 01:23]
SOAP:  10%|▉         | 19/200 [14:11 > 01:28]
SOAP:  10%|█         | 20/200 [14:02 > 01:33]
SOAP:  10%|█         | 21/200 [16:31 > 01:40]
SOAP:  11%|█         | 22/200 [12:30 > 01:41]
SOAP:  12%|█▏        | 23/200 [12:06 > 01:45]
SOAP:  12%|█▏        | 24/200 [12:18 > 01:50]
SOAP:  12%|█▎        | 25/200 [14:05 > 01:56]
SOAP:  13%|█▎        | 26/200 [16:20 > 02:04]
SOAP:  14%|█▎        | 27/200 [12:37 > 02:05]
SOAP:  14%|█▍        | 28/200 [13:14 > 02:10]
SOAP:  14%|█▍        | 29/200 [13:35 > 02:15]
SOAP:  15%|█▌        | 30/200 [13:58 > 02:21]
SOAP:  16%|█▌        | 31/200 [13:17 > 02:25]
SOAP:  16%|█▌        | 32/200 [13:43 > 02:30]
SOAP:  16%|█▋        | 33/200 [13:07 > 02:34]
SOAP:  17%|█▋        | 34/200 [13:25 > 02:40]
SOAP:  18%|█▊        | 35/200 [11:52 > 02:43]
SOAP:  18%|█▊        | 36/200 [12:04 > 02:47]
SOAP:  18%|█▊        | 37/200 [11:27 > 02:51]
SOAP:  19%|█▉        | 38/200 [14:29 > 02:59]
SOAP:  20%|█▉        | 39/200 [11:27 > 03:01]
SOAP:  20%|██        | 40/200 [12:03 > 03:06]
SOAP:  20%|██        | 41/200 [12:46 > 03:11]
SOAP:  21%|██        | 42/200 [13:37 > 03:17]
SOAP:  22%|██▏       | 43/200 [13:56 > 03:23]
SOAP:  22%|██▏       | 44/200 [15:55 > 03:31]
SOAP:  22%|██▎       | 45/200 [12:06 > 03:32]
SOAP:  23%|██▎       | 46/200 [11:51 > 03:37]
SOAP:  24%|██▎       | 47/200 [11:17 > 03:41]
SOAP:  24%|██▍       | 48/200 [10:54 > 03:45]
SOAP:  24%|██▍       | 49/200 [15:47 > 03:56]
SOAP:  25%|██▌       | 50/200 [15:04 > 04:01]
SOAP:  26%|██▌       | 51/200 [19:30 > 04:13]
SOAP:  26%|██▌       | 52/200 [14:38 > 04:15]
SOAP:  26%|██▋       | 53/200 [13:50 > 04:20]
SOAP:  27%|██▋       | 54/200 [13:23 > 04:25]
SOAP:  28%|██▊       | 55/200 [13:00 > 04:30]
SOAP:  28%|██▊       | 56/200 [12:25 > 04:35]
SOAP:  28%|██▊       | 57/200 [11:46 > 04:39]
SOAP:  29%|██▉       | 58/200 [11:21 > 04:44]
SOAP:  30%|██▉       | 59/200 [10:57 > 04:48]
SOAP:  30%|███       | 60/200 [10:38 > 04:52]
SOAP:  30%|███       | 61/200 [12:43 > 05:00]
SOAP:  31%|███       | 62/200 [09:43 > 05:01]
SOAP:  32%|███▏      | 63/200 [10:00 > 05:06]
SOAP:  32%|███▏      | 64/200 [10:26 > 05:11]
SOAP:  32%|███▎      | 65/200 [10:27 > 05:16]
SOAP:  33%|███▎      | 66/200 [11:16 > 05:22]
SOAP:  34%|███▎      | 67/200 [10:40 > 05:26]
SOAP:  34%|███▍      | 68/200 [10:49 > 05:31]
SOAP:  34%|███▍      | 69/200 [10:37 > 05:36]
SOAP:  35%|███▌      | 70/200 [12:12 > 05:43]
SOAP:  36%|███▌      | 71/200 [11:33 > 05:48]
SOAP:  36%|███▌      | 72/200 [08:45 > 05:49]
SOAP:  36%|███▋      | 73/200 [08:30 > 05:53]
SOAP:  37%|███▋      | 74/200 [08:41 > 05:58]
SOAP:  38%|███▊      | 75/200 [08:59 > 06:02]
SOAP:  38%|███▊      | 76/200 [09:19 > 06:07]
SOAP:  38%|███▊      | 77/200 [09:53 > 06:13]
SOAP:  39%|███▉      | 78/200 [10:00 > 06:18]
SOAP:  40%|███▉      | 79/200 [10:04 > 06:23]
SOAP:  40%|████      | 80/200 [10:12 > 06:28]
SOAP:  40%|████      | 81/200 [09:38 > 06:33]
SOAP:  41%|████      | 82/200 [09:51 > 06:38]
SOAP:  42%|████▏     | 83/200 [09:20 > 06:42]
SOAP:  42%|████▏     | 84/200 [08:55 > 06:47]
SOAP:  42%|████▎     | 85/200 [08:33 > 06:51]
SOAP:  43%|████▎     | 86/200 [08:37 > 06:55]
SOAP:  44%|████▎     | 87/200 [08:04 > 06:59]
SOAP:  44%|████▍     | 88/200 [08:14 > 07:04]
SOAP:  44%|████▍     | 89/200 [08:31 > 07:09]
SOAP:  45%|████▌     | 90/200 [08:46 > 07:14]
SOAP:  46%|████▌     | 91/200 [09:07 > 07:20]
SOAP:  46%|████▌     | 92/200 [09:07 > 07:25]
SOAP:  46%|████▋     | 93/200 [09:03 > 07:30]
SOAP:  47%|████▋     | 94/200 [08:39 > 07:34]
SOAP:  48%|████▊     | 95/200 [08:22 > 07:39]
SOAP:  48%|████▊     | 96/200 [08:06 > 07:43]
SOAP:  48%|████▊     | 97/200 [07:33 > 07:47]
SOAP:  49%|████▉     | 98/200 [07:25 > 07:51]
SOAP:  50%|████▉     | 99/200 [07:28 > 07:56]
SOAP:  50%|█████     | 100/200 [07:44 > 08:01]
SOAP:  50%|█████     | 101/200 [10:09 > 08:11]
SOAP:  51%|█████     | 102/200 [07:45 > 08:12]
SOAP:  52%|█████▏    | 103/200 [07:47 > 08:17]
SOAP:  52%|█████▏    | 104/200 [07:51 > 08:22]
SOAP:  52%|█████▎    | 105/200 [07:50 > 08:27]
SOAP:  53%|█████▎    | 106/200 [07:35 > 08:32]
SOAP:  54%|█████▎    | 107/200 [07:15 > 08:36]
SOAP:  54%|█████▍    | 108/200 [07:03 > 08:41]
SOAP:  55%|█████▍    | 109/200 [06:50 > 08:45]
SOAP:  55%|█████▌    | 110/200 [06:39 > 08:49]
SOAP:  56%|█████▌    | 111/200 [06:34 > 08:54]
SOAP:  56%|█████▌    | 112/200 [06:34 > 08:58]
SOAP:  56%|█████▋    | 113/200 [06:35 > 09:03]
SOAP:  57%|█████▋    | 114/200 [06:44 > 09:08]
SOAP:  57%|█████▊    | 115/200 [06:39 > 09:13]
SOAP:  58%|█████▊    | 116/200 [07:06 > 09:19]
SOAP:  58%|█████▊    | 117/200 [06:39 > 09:23]
SOAP:  59%|█████▉    | 118/200 [06:42 > 09:28]
SOAP:  60%|█████▉    | 119/200 [06:32 > 09:33]
SOAP:  60%|██████    | 120/200 [06:22 > 09:37]
SOAP:  60%|██████    | 121/200 [05:58 > 09:41]
SOAP:  61%|██████    | 122/200 [05:57 > 09:46]
SOAP:  62%|██████▏   | 123/200 [05:35 > 09:50]
SOAP:  62%|██████▏   | 124/200 [05:32 > 09:54]
SOAP:  62%|██████▎   | 125/200 [05:36 > 09:59]
SOAP:  63%|██████▎   | 126/200 [05:42 > 10:04]
SOAP:  64%|██████▎   | 127/200 [05:58 > 10:10]
SOAP:  64%|██████▍   | 128/200 [05:59 > 10:15]
SOAP:  64%|██████▍   | 129/200 [05:57 > 10:20]
SOAP:  65%|██████▌   | 130/200 [05:57 > 10:25]
SOAP:  66%|██████▌   | 131/200 [05:34 > 10:29]
SOAP:  66%|██████▌   | 132/200 [05:38 > 10:35]
SOAP:  66%|██████▋   | 133/200 [05:19 > 10:39]
SOAP:  67%|██████▋   | 134/200 [05:03 > 10:43]
SOAP:  68%|██████▊   | 135/200 [04:47 > 10:47]
SOAP:  68%|██████▊   | 136/200 [04:48 > 10:52]
SOAP:  68%|██████▊   | 137/200 [04:29 > 10:56]
SOAP:  69%|██████▉   | 138/200 [04:32 > 11:00]
SOAP:  70%|██████▉   | 139/200 [04:40 > 11:05]
SOAP:  70%|███████   | 140/200 [04:45 > 11:11]
SOAP:  70%|███████   | 141/200 [04:53 > 11:16]
SOAP:  71%|███████   | 142/200 [04:50 > 11:21]
SOAP:  72%|███████▏  | 143/200 [04:46 > 11:26]
SOAP:  72%|███████▏  | 144/200 [04:32 > 11:31]
SOAP:  72%|███████▎  | 145/200 [04:20 > 11:35]
SOAP:  73%|███████▎  | 146/200 [04:10 > 11:40]
SOAP:  74%|███████▎  | 147/200 [03:50 > 11:43]
SOAP:  74%|███████▍  | 148/200 [03:39 > 11:47]
SOAP:  74%|███████▍  | 149/200 [03:40 > 11:52]
SOAP:  75%|███████▌  | 150/200 [03:48 > 11:57]
SOAP:  76%|███████▌  | 151/200 [03:44 > 12:01]
SOAP:  76%|███████▌  | 152/200 [04:05 > 12:08]
SOAP:  76%|███████▋  | 153/200 [04:50 > 12:16]
SOAP:  77%|███████▋  | 154/200 [03:39 > 12:18]
SOAP:  78%|███████▊  | 155/200 [03:37 > 12:23]
SOAP:  78%|███████▊  | 156/200 [03:29 > 12:28]
SOAP:  78%|███████▊  | 157/200 [03:19 > 12:32]
SOAP:  79%|███████▉  | 158/200 [03:11 > 12:36]
SOAP:  80%|███████▉  | 159/200 [03:04 > 12:41]
SOAP:  80%|████████  | 160/200 [02:57 > 12:45]
SOAP:  80%|████████  | 161/200 [02:52 > 12:49]
SOAP:  81%|████████  | 162/200 [03:26 > 12:57]
SOAP:  82%|████████▏ | 163/200 [02:36 > 12:58]
SOAP:  82%|████████▏ | 164/200 [02:42 > 13:04]
SOAP:  82%|████████▎ | 165/200 [02:39 > 13:08]
SOAP:  83%|████████▎ | 166/200 [02:50 > 13:14]
SOAP:  84%|████████▎ | 167/200 [02:37 > 13:19]
SOAP:  84%|████████▍ | 168/200 [03:07 > 13:27]
SOAP:  84%|████████▍ | 169/200 [02:20 > 13:28]
SOAP:  85%|████████▌ | 170/200 [02:17 > 13:33]
SOAP:  86%|████████▌ | 171/200 [02:08 > 13:37]
SOAP:  86%|████████▌ | 172/200 [02:06 > 13:42]
SOAP:  86%|████████▋ | 173/200 [01:56 > 13:46]
SOAP:  87%|████████▋ | 174/200 [01:53 > 13:50]
SOAP:  88%|████████▊ | 175/200 [01:51 > 13:55]
SOAP:  88%|████████▊ | 176/200 [01:50 > 14:00]
SOAP:  88%|████████▊ | 177/200 [02:20 > 14:10]
SOAP:  89%|████████▉ | 178/200 [01:43 > 14:11]
SOAP:  90%|████████▉ | 179/200 [01:41 > 14:16]
SOAP:  90%|█████████ | 180/200 [01:39 > 14:21]
SOAP:  90%|█████████ | 181/200 [01:30 > 14:26]
SOAP:  91%|█████████ | 182/200 [01:28 > 14:31]
SOAP:  92%|█████████▏| 183/200 [01:20 > 14:35]
SOAP:  92%|█████████▏| 184/200 [01:13 > 14:39]
SOAP:  92%|█████████▎| 185/200 [01:06 > 14:43]
SOAP:  93%|█████████▎| 186/200 [01:02 > 14:48]
SOAP:  94%|█████████▎| 187/200 [00:55 > 14:52]
SOAP:  94%|█████████▍| 188/200 [00:52 > 14:56]
SOAP:  94%|█████████▍| 189/200 [00:50 > 15:02]
SOAP:  95%|█████████▌| 190/200 [00:47 > 15:07]
SOAP:  96%|█████████▌| 191/200 [00:44 > 15:12]
SOAP:  96%|█████████▌| 192/200 [00:40 > 15:17]
SOAP:  96%|█████████▋| 193/200 [00:35 > 15:22]
SOAP:  97%|█████████▋| 194/200 [00:29 > 15:27]
SOAP:  98%|█████████▊| 195/200 [00:23 > 15:31]
SOAP:  98%|█████████▊| 196/200 [00:18 > 15:36]
SOAP:  98%|█████████▊| 197/200 [00:13 > 15:39]
SOAP:  99%|█████████▉| 198/200 [00:08 > 15:44]
SOAP: 100%|█████████▉| 199/200 [00:04 > 15:48]
SOAP:   1%|          | 199/25443 [31:15:46 > 15:54]
SOAP iso-compute calibration: 200 probe epochs in 954.2s (4.771s/epoch) -> budget 25443 epochs (~121387s twin train wall)

SOAP:   1%|          | 200/25443 [33:03:08 > 15:54]
SOAP:   1%|          | 201/25443 [44:00:10 > 16:04]
SOAP:   1%|          | 202/25443 [34:04:10 > 16:05]
SOAP:   1%|          | 203/25443 [34:42:22 > 16:10]
SOAP:   1%|          | 204/25443 [35:34:39 > 16:16]
SOAP:   1%|          | 205/25443 [35:57:52 > 16:21]
SOAP:   1%|          | 206/25443 [35:30:02 > 16:26]
SOAP:   1%|          | 207/25443 [41:30:20 > 16:34]
SOAP:   1%|          | 208/25443 [31:48:32 > 16:35]
SOAP:   1%|          | 209/25443 [31:43:48 > 16:40]
SOAP:   1%|          | 210/25443 [32:00:25 > 16:44]
SOAP:   1%|          | 211/25443 [36:27:48 > 16:51]
SOAP:   1%|          | 212/25443 [33:19:10 > 16:55]
SOAP:   1%|          | 213/25443 [36:39:23 > 17:01]
SOAP:   1%|          | 214/25443 [37:45:43 > 17:07]
SOAP:   1%|          | 215/25443 [37:54:22 > 17:12]
SOAP:   1%|          | 216/25443 [42:26:40 > 17:20]
SOAP:   1%|          | 217/25443 [40:58:07 > 17:25]
SOAP:   1%|          | 218/25443 [40:54:42 > 17:31]
SOAP:   1%|          | 219/25443 [42:07:34 > 17:37]
SOAP:   1%|          | 220/25443 [38:06:12 > 17:41]
SOAP:   1%|          | 221/25443 [35:45:06 > 17:46]
SOAP:   1%|          | 222/25443 [35:06:23 > 17:51]
SOAP:   1%|          | 223/25443 [32:57:50 > 17:55]
SOAP:   1%|          | 224/25443 [35:45:15 > 18:01]
SOAP:   1%|          | 225/25443 [44:39:06 > 18:10]
SOAP:   1%|          | 226/25443 [34:41:43 > 18:12]
SOAP:   1%|          | 227/25443 [40:02:03 > 18:19]
SOAP:   1%|          | 228/25443 [46:13:09 > 18:28]
SOAP:   1%|          | 229/25443 [43:50:19 > 18:33]
SOAP:   1%|          | 230/25443 [42:21:49 > 18:39]
SOAP:   1%|          | 231/25443 [39:01:56 > 18:43]
SOAP:   1%|          | 232/25443 [39:04:01 > 18:49]
SOAP:   1%|          | 233/25443 [43:00:41 > 18:56]
SOAP:   1%|          | 234/25443 [32:57:38 > 18:58]
SOAP:   1%|          | 235/25443 [32:34:19 > 19:02]
SOAP:   1%|          | 236/25443 [34:02:25 > 19:08]
SOAP:   1%|          | 237/25443 [32:03:57 > 19:11]
SOAP:   1%|          | 238/25443 [32:35:30 > 19:16]
SOAP:   1%|          | 239/25443 [33:47:43 > 19:21]
SOAP:   1%|          | 240/25443 [34:45:28 > 19:27]
SOAP:   1%|          | 241/25443 [36:20:14 > 19:32]
SOAP:   1%|          | 242/25443 [36:35:19 > 19:38]
SOAP:   1%|          | 243/25443 [36:37:25 > 19:43]
SOAP:   1%|          | 244/25443 [35:25:11 > 19:48]
SOAP:   1%|          | 245/25443 [34:37:23 > 19:52]
SOAP:   1%|          | 246/25443 [33:53:21 > 19:57]
SOAP:   1%|          | 247/25443 [31:46:12 > 20:01]
SOAP:   1%|          | 248/25443 [37:37:33 > 20:08]
SOAP:   1%|          | 249/25443 [29:31:30 > 20:10]
SOAP:   1%|          | 250/25443 [31:43:37 > 20:15]
SOAP:   1%|          | 251/25443 [32:19:33 > 20:20]
SOAP:   1%|          | 252/25443 [36:22:34 > 20:26]
SOAP:   1%|          | 253/25443 [36:14:38 > 20:31]
SOAP:   1%|          | 254/25443 [36:31:03 > 20:37]
SOAP:   1%|          | 255/25443 [36:30:36 > 20:42]
SOAP:   1%|          | 256/25443 [35:39:06 > 20:47]
SOAP:   1%|          | 257/25443 [34:29:43 > 20:51]
SOAP:   1%|          | 258/25443 [33:47:30 > 20:56]
SOAP:   1%|          | 259/25443 [33:03:13 > 21:00]
SOAP:   1%|          | 260/25443 [32:30:03 > 21:05]
SOAP:   1%|          | 261/25443 [32:17:51 > 21:09]
SOAP:   1%|          | 262/25443 [32:35:12 > 21:14]
SOAP:   1%|          | 263/25443 [32:57:27 > 21:19]
SOAP:   1%|          | 264/25443 [34:06:27 > 21:24]
SOAP:   1%|          | 265/25443 [34:12:03 > 21:29]
SOAP:   1%|          | 266/25443 [36:56:59 > 21:35]
SOAP:   1%|          | 267/25443 [35:04:04 > 21:40]
SOAP:   1%|          | 268/25443 [35:44:21 > 21:45]
SOAP:   1%|          | 269/25443 [35:15:25 > 21:50]
SOAP:   1%|          | 270/25443 [40:38:51 > 21:58]
SOAP:   1%|          | 271/25443 [31:15:47 > 21:59]
SOAP:   1%|          | 272/25443 [32:08:16 > 22:04]
SOAP:   1%|          | 273/25443 [30:50:26 > 22:08]
SOAP:   1%|          | 274/25443 [36:38:58 > 22:15]
SOAP:   1%|          | 275/25443 [38:15:35 > 22:21]
SOAP:   1%|          | 276/25443 [29:58:13 > 22:23]
SOAP:   1%|          | 277/25443 [33:05:52 > 22:28]
SOAP:   1%|          | 278/25443 [34:29:46 > 22:34]
SOAP:   1%|          | 279/25443 [35:17:16 > 22:39]
SOAP:   1%|          | 280/25443 [36:11:36 > 22:45]
SOAP:   1%|          | 281/25443 [36:19:52 > 22:50]
SOAP:   1%|          | 282/25443 [35:20:25 > 22:54]
SOAP:   1%|          | 283/25443 [34:01:01 > 22:59]
SOAP:   1%|          | 284/25443 [32:57:55 > 23:03]
SOAP:   1%|          | 285/25443 [31:55:42 > 23:07]
SOAP:   1%|          | 286/25443 [32:34:42 > 23:12]
SOAP:   1%|          | 287/25443 [31:01:00 > 23:16]
SOAP:   1%|          | 288/25443 [31:53:06 > 23:21]
SOAP:   1%|          | 289/25443 [33:22:07 > 23:26]
SOAP:   1%|          | 290/25443 [34:28:18 > 23:32]
SOAP:   1%|          | 291/25443 [36:08:04 > 23:37]
SOAP:   1%|          | 292/25443 [36:28:28 > 23:43]
SOAP:   1%|          | 293/25443 [36:31:11 > 23:48]
SOAP:   1%|          | 294/25443 [35:20:28 > 23:53]
SOAP:   1%|          | 295/25443 [34:28:58 > 23:57]
SOAP:   1%|          | 296/25443 [33:48:24 > 24:02]
SOAP:   1%|          | 297/25443 [31:45:27 > 24:06]
SOAP:   1%|          | 298/25443 [37:32:29 > 24:13]
SOAP:   1%|          | 299/25443 [29:25:30 > 24:15]
SOAP:   1%|          | 300/25443 [31:41:21 > 24:20]
SOAP:   1%|          | 301/25443 [42:49:38 > 24:30]
SOAP:   1%|          | 302/25443 [33:02:45 > 24:31]
SOAP:   1%|          | 303/25443 [41:36:21 > 24:40]
SOAP:   1%|          | 304/25443 [32:20:35 > 24:42]
SOAP:   1%|          | 305/25443 [33:25:47 > 24:47]
SOAP:   1%|          | 306/25443 [33:32:39 > 24:52]
SOAP:   1%|          | 307/25443 [32:56:00 > 24:56]
SOAP:   1%|          | 308/25443 [32:40:53 > 25:01]
SOAP:   1%|          | 309/25443 [32:15:07 > 25:05]
SOAP:   1%|          | 310/25443 [31:50:11 > 25:10]
SOAP:   1%|          | 311/25443 [31:44:06 > 25:14]
SOAP:   1%|          | 312/25443 [32:03:58 > 25:19]
SOAP:   1%|          | 313/25443 [32:33:24 > 25:24]
SOAP:   1%|          | 314/25443 [33:48:07 > 25:29]
SOAP:   1%|          | 315/25443 [33:58:27 > 25:34]
SOAP:   1%|          | 316/25443 [36:47:49 > 25:40]
SOAP:   1%|          | 317/25443 [34:55:38 > 25:44]
SOAP:   1%|          | 318/25443 [42:47:01 > 25:53]
SOAP:   1%|▏         | 319/25443 [32:58:25 > 25:55]
SOAP:   1%|▏         | 320/25443 [33:07:59 > 25:59]
SOAP:   1%|▏         | 321/25443 [39:35:56 > 26:07]
SOAP:   1%|▏         | 322/25443 [30:15:44 > 26:08]
SOAP:   1%|▏         | 323/25443 [29:28:37 > 26:12]
SOAP:   1%|▏         | 324/25443 [31:55:16 > 26:18]
SOAP:   1%|▏         | 325/25443 [30:47:56 > 26:22]
SOAP:   1%|▏         | 326/25443 [32:19:45 > 26:27]
SOAP:   1%|▏         | 327/25443 [34:36:55 > 26:33]
SOAP:   1%|▏         | 328/25443 [35:26:04 > 26:38]
SOAP:   1%|▏         | 329/25443 [35:54:11 > 26:43]
SOAP:   1%|▏         | 330/25443 [36:38:35 > 26:49]
SOAP:   1%|▏         | 331/25443 [34:54:04 > 26:53]
SOAP:   1%|▏         | 332/25443 [35:59:47 > 26:59]
SOAP:   1%|▏         | 333/25443 [34:29:25 > 27:03]
SOAP:   1%|▏         | 334/25443 [33:11:24 > 27:08]
SOAP:   1%|▏         | 335/25443 [32:02:36 > 27:12]
SOAP:   1%|▏         | 336/25443 [32:34:21 > 27:17]
SOAP:   1%|▏         | 337/25443 [30:55:59 > 27:21]
SOAP:   1%|▏         | 338/25443 [31:42:07 > 27:25]
SOAP:   1%|▏         | 339/25443 [33:13:24 > 27:31]
SOAP:   1%|▏         | 340/25443 [34:22:31 > 27:36]
SOAP:   1%|▏         | 341/25443 [35:56:38 > 27:42]
SOAP:   1%|▏         | 342/25443 [44:16:53 > 27:51]
SOAP:   1%|▏         | 343/25443 [33:57:19 > 27:52]
SOAP:   1%|▏         | 344/25443 [33:33:14 > 27:57]
SOAP:   1%|▏         | 345/25443 [33:15:05 > 28:02]
SOAP:   1%|▏         | 346/25443 [32:56:34 > 28:06]
SOAP:   1%|▏         | 347/25443 [31:07:03 > 28:10]
SOAP:   1%|▏         | 348/25443 [30:16:26 > 28:14]
SOAP:   1%|▏         | 349/25443 [31:04:13 > 28:19]
SOAP:   1%|▏         | 350/25443 [32:40:11 > 28:24]
SOAP:   1%|▏         | 351/25443 [32:52:46 > 28:29]
SOAP:   1%|▏         | 352/25443 [36:31:42 > 28:35]
SOAP:   1%|▏         | 353/25443 [36:12:46 > 28:40]
SOAP:   1%|▏         | 354/25443 [36:18:37 > 28:46]
SOAP:   1%|▏         | 355/25443 [36:07:33 > 28:51]
SOAP:   1%|▏         | 356/25443 [35:16:15 > 28:56]
SOAP:   1%|▏         | 357/25443 [34:06:43 > 29:00]
SOAP:   1%|▏         | 358/25443 [33:34:00 > 29:05]
SOAP:   1%|▏         | 359/25443 [32:46:16 > 29:09]
SOAP:   1%|▏         | 360/25443 [32:13:44 > 29:14]
SOAP:   1%|▏         | 361/25443 [31:57:55 > 29:18]
SOAP:   1%|▏         | 362/25443 [32:12:40 > 29:23]
SOAP:   1%|▏         | 363/25443 [32:37:46 > 29:28]
SOAP:   1%|▏         | 364/25443 [33:49:12 > 29:33]
SOAP:   1%|▏         | 365/25443 [43:43:56 > 29:42]
SOAP:   1%|▏         | 366/25443 [33:42:17 > 29:44]
SOAP:   1%|▏         | 367/25443 [32:40:19 > 29:48]
SOAP:   1%|▏         | 368/25443 [33:55:43 > 29:54]
SOAP:   1%|▏         | 369/25443 [33:50:47 > 29:58]
SOAP:   1%|▏         | 370/25443 [33:42:06 > 30:03]
SOAP:   1%|▏         | 371/25443 [32:18:39 > 30:07]
SOAP:   1%|▏         | 372/25443 [32:51:19 > 30:12]
SOAP:   1%|▏         | 373/25443 [31:17:14 > 30:16]
SOAP:   1%|▏         | 374/25443 [31:33:13 > 30:21]
SOAP:   1%|▏         | 375/25443 [32:18:08 > 30:26]
SOAP:   1%|▏         | 376/25443 [33:18:36 > 30:31]
SOAP:   1%|▏         | 377/25443 [43:30:26 > 30:40]
SOAP:   1%|▏         | 378/25443 [33:42:42 > 30:42]
SOAP:   1%|▏         | 379/25443 [34:39:26 > 30:47]
SOAP:   1%|▏         | 380/25443 [35:40:59 > 30:53]
SOAP:   1%|▏         | 381/25443 [34:06:34 > 30:57]
SOAP:   2%|▏         | 382/25443 [35:25:44 > 31:03]
SOAP:   2%|▏         | 383/25443 [34:05:09 > 31:07]
SOAP:   2%|▏         | 384/25443 [32:56:47 > 31:12]
SOAP:   2%|▏         | 385/25443 [31:47:52 > 31:16]
SOAP:   2%|▏         | 386/25443 [32:21:09 > 31:21]
SOAP:   2%|▏         | 387/25443 [30:44:32 > 31:24]
SOAP:   2%|▏         | 388/25443 [31:35:18 > 31:29]
SOAP:   2%|▏         | 389/25443 [40:46:33 > 31:38]
SOAP:   2%|▏         | 390/25443 [31:39:49 > 31:40]
SOAP:   2%|▏         | 391/25443 [34:06:58 > 31:45]
SOAP:   2%|▏         | 392/25443 [34:51:05 > 31:51]
SOAP:   2%|▏         | 393/25443 [35:21:17 > 31:56]
SOAP:   2%|▏         | 394/25443 [34:28:46 > 32:01]
SOAP:   2%|▏         | 395/25443 [33:48:10 > 32:05]
SOAP:   2%|▏         | 396/25443 [37:17:49 > 32:12]
SOAP:   2%|▏         | 397/25443 [29:53:18 > 32:14]
SOAP:   2%|▏         | 398/25443 [29:25:38 > 32:18]
SOAP:   2%|▏         | 399/25443 [30:19:10 > 32:22]
SOAP:   2%|▏         | 400/25443 [32:12:22 > 32:28]
SOAP:   2%|▏         | 401/25443 [43:10:20 > 32:37]
SOAP:   2%|▏         | 402/25443 [33:15:02 > 32:39]
SOAP:   2%|▏         | 403/25443 [33:55:45 > 32:44]
SOAP:   2%|▏         | 404/25443 [34:44:33 > 32:49]
SOAP:   2%|▏         | 405/25443 [35:10:32 > 32:54]
SOAP:   2%|▏         | 406/25443 [34:27:16 > 32:59]
SOAP:   2%|▏         | 407/25443 [33:31:08 > 33:04]
SOAP:   2%|▏         | 408/25443 [33:00:56 > 33:08]
SOAP:   2%|▏         | 409/25443 [32:17:30 > 33:13]
SOAP:   2%|▏         | 410/25443 [31:47:06 > 33:17]
SOAP:   2%|▏         | 411/25443 [31:39:32 > 33:22]
SOAP:   2%|▏         | 412/25443 [31:58:42 > 33:26]
SOAP:   2%|▏         | 413/25443 [32:24:06 > 33:31]
SOAP:   2%|▏         | 414/25443 [33:34:27 > 33:36]
SOAP:   2%|▏         | 415/25443 [43:25:50 > 33:46]
SOAP:   2%|▏         | 416/25443 [33:29:33 > 33:47]
SOAP:   2%|▏         | 417/25443 [41:03:11 > 33:56]
SOAP:   2%|▏         | 418/25443 [31:20:05 > 33:57]
SOAP:   2%|▏         | 419/25443 [32:00:15 > 34:02]
SOAP:   2%|▏         | 420/25443 [32:20:24 > 34:07]
SOAP:   2%|▏         | 421/25443 [31:14:55 > 34:11]
SOAP:   2%|▏         | 422/25443 [31:57:07 > 34:16]
SOAP:   2%|▏         | 423/25443 [30:35:54 > 34:20]
SOAP:   2%|▏         | 424/25443 [30:51:04 > 34:24]
SOAP:   2%|▏         | 425/25443 [31:48:09 > 34:29]
SOAP:   2%|▏         | 426/25443 [32:54:27 > 34:34]
SOAP:   2%|▏         | 427/25443 [35:00:03 > 34:40]
SOAP:   2%|▏         | 428/25443 [35:41:00 > 34:45]
SOAP:   2%|▏         | 429/25443 [35:58:55 > 34:50]
SOAP:   2%|▏         | 430/25443 [36:32:51 > 34:56]
SOAP:   2%|▏         | 431/25443 [34:42:02 > 35:00]
SOAP:   2%|▏         | 432/25443 [35:44:27 > 35:06]
SOAP:   2%|▏         | 433/25443 [34:12:41 > 35:10]
SOAP:   2%|▏         | 434/25443 [32:49:04 > 35:14]
SOAP:   2%|▏         | 435/25443 [31:40:21 > 35:19]
SOAP:   2%|▏         | 436/25443 [32:14:47 > 35:23]
SOAP:   2%|▏         | 437/25443 [30:36:15 > 35:27]
SOAP:   2%|▏         | 438/25443 [31:28:02 > 35:32]
SOAP:   2%|▏         | 439/25443 [32:50:53 > 35:37]
SOAP:   2%|▏         | 440/25443 [33:54:12 > 35:43]
SOAP:   2%|▏         | 441/25443 [35:34:37 > 35:48]
SOAP:   2%|▏         | 442/25443 [35:46:20 > 35:53]
SOAP:   2%|▏         | 443/25443 [36:02:48 > 35:59]
SOAP:   2%|▏         | 444/25443 [34:58:48 > 36:03]
SOAP:   2%|▏         | 445/25443 [38:50:38 > 36:10]
SOAP:   2%|▏         | 446/25443 [31:53:52 > 36:13]
SOAP:   2%|▏         | 447/25443 [36:10:00 > 36:19]
SOAP:   2%|▏         | 448/25443 [27:50:50 > 36:20]
SOAP:   2%|▏         | 449/25443 [36:39:31 > 36:29]
SOAP:   2%|▏         | 450/25443 [29:11:37 > 36:30]
SOAP:   2%|▏         | 451/25443 [30:25:06 > 36:35]
SOAP:   2%|▏         | 452/25443 [34:40:15 > 36:42]
SOAP:   2%|▏         | 453/25443 [42:49:50 > 36:51]
SOAP:   2%|▏         | 454/25443 [33:06:46 > 36:52]
SOAP:   2%|▏         | 455/25443 [41:03:19 > 37:01]
SOAP:   2%|▏         | 456/25443 [31:33:28 > 37:02]
SOAP:   2%|▏         | 457/25443 [31:19:44 > 37:06]
SOAP:   2%|▏         | 458/25443 [31:32:18 > 37:11]
SOAP:   2%|▏         | 459/25443 [31:10:08 > 37:15]
SOAP:   2%|▏         | 460/25443 [30:58:36 > 37:20]
SOAP:   2%|▏         | 461/25443 [31:08:11 > 37:24]
SOAP:   2%|▏         | 462/25443 [31:29:59 > 37:29]
SOAP:   2%|▏         | 463/25443 [32:01:42 > 37:34]
SOAP:   2%|▏         | 464/25443 [33:21:54 > 37:39]
SOAP:   2%|▏         | 465/25443 [33:23:57 > 37:44]
SOAP:   2%|▏         | 466/25443 [36:09:44 > 37:50]
SOAP:   2%|▏         | 467/25443 [34:19:56 > 37:54]
SOAP:   2%|▏         | 468/25443 [42:09:32 > 38:03]
SOAP:   2%|▏         | 469/25443 [32:27:13 > 38:04]
SOAP:   2%|▏         | 470/25443 [32:37:19 > 38:09]
SOAP:   2%|▏         | 471/25443 [37:49:16 > 38:16]
SOAP:   2%|▏         | 472/25443 [30:13:21 > 38:18]
SOAP:   2%|▏         | 473/25443 [29:20:37 > 38:22]
SOAP:   2%|▏         | 474/25443 [30:04:22 > 38:27]
SOAP:   2%|▏         | 475/25443 [31:12:42 > 38:32]
SOAP:   2%|▏         | 476/25443 [32:31:10 > 38:37]
SOAP:   2%|▏         | 477/25443 [34:40:06 > 38:42]
SOAP:   2%|▏         | 478/25443 [35:23:40 > 38:48]
SOAP:   2%|▏         | 479/25443 [35:47:15 > 38:53]
SOAP:   2%|▏         | 480/25443 [36:19:32 > 38:59]
SOAP:   2%|▏         | 481/25443 [34:29:03 > 39:03]
SOAP:   2%|▏         | 482/25443 [35:37:16 > 39:08]
SOAP:   2%|▏         | 483/25443 [34:07:36 > 39:13]
SOAP:   2%|▏         | 484/25443 [32:57:54 > 39:17]
SOAP:   2%|▏         | 485/25443 [31:44:14 > 39:21]
SOAP:   2%|▏         | 486/25443 [37:30:45 > 39:29]
SOAP:   2%|▏         | 487/25443 [29:13:58 > 39:30]
SOAP:   2%|▏         | 488/25443 [30:27:31 > 39:35]
SOAP:   2%|▏         | 489/25443 [32:12:08 > 39:40]
SOAP:   2%|▏         | 490/25443 [33:24:33 > 39:45]
SOAP:   2%|▏         | 491/25443 [43:42:16 > 39:55]
SOAP:   2%|▏         | 492/25443 [33:02:09 > 39:56]
SOAP:   2%|▏         | 493/25443 [33:57:15 > 40:02]
SOAP:   2%|▏         | 494/25443 [33:22:39 > 40:06]
SOAP:   2%|▏         | 495/25443 [32:59:50 > 40:11]
SOAP:   2%|▏         | 496/25443 [32:35:41 > 40:15]
SOAP:   2%|▏         | 497/25443 [30:42:12 > 40:19]
SOAP:   2%|▏         | 498/25443 [29:47:23 > 40:23]
SOAP:   2%|▏         | 499/25443 [30:39:40 > 40:28]
SOAP:   2%|▏         | 500/25443 [32:26:17 > 40:33]
SOAP:   2%|▏         | 501/25443 [43:08:48 > 40:43]
SOAP:   2%|▏         | 502/25443 [40:36:51 > 40:48]
SOAP:   2%|▏         | 503/25443 [31:54:26 > 40:50]
SOAP:   2%|▏         | 504/25443 [33:29:51 > 40:55]
SOAP:   2%|▏         | 505/25443 [34:09:46 > 41:00]
SOAP:   2%|▏         | 506/25443 [33:58:20 > 41:05]
SOAP:   2%|▏         | 507/25443 [33:11:14 > 41:10]
SOAP:   2%|▏         | 508/25443 [32:50:17 > 41:14]
SOAP:   2%|▏         | 509/25443 [38:35:28 > 41:22]
SOAP:   2%|▏         | 510/25443 [36:34:20 > 41:26]
SOAP:   2%|▏         | 511/25443 [28:26:35 > 41:28]
SOAP:   2%|▏         | 512/25443 [36:46:11 > 41:36]
SOAP:   2%|▏         | 513/25443 [28:47:34 > 41:37]
SOAP:   2%|▏         | 514/25443 [31:07:57 > 41:43]
SOAP:   2%|▏         | 515/25443 [32:01:33 > 41:47]
SOAP:   2%|▏         | 516/25443 [35:11:21 > 41:54]
SOAP:   2%|▏         | 517/25443 [33:44:30 > 41:58]
SOAP:   2%|▏         | 518/25443 [34:44:17 > 42:03]
SOAP:   2%|▏         | 519/25443 [34:26:24 > 42:08]
SOAP:   2%|▏         | 520/25443 [34:05:36 > 42:13]
SOAP:   2%|▏         | 521/25443 [32:35:30 > 42:17]
SOAP:   2%|▏         | 522/25443 [38:11:05 > 42:25]
SOAP:   2%|▏         | 523/25443 [29:44:51 > 42:26]
SOAP:   2%|▏         | 524/25443 [30:19:54 > 42:31]
SOAP:   2%|▏         | 525/25443 [31:28:45 > 42:36]
SOAP:   2%|▏         | 526/25443 [32:45:30 > 42:41]
SOAP:   2%|▏         | 527/25443 [34:58:53 > 42:47]
SOAP:   2%|▏         | 528/25443 [35:41:05 > 42:52]
SOAP:   2%|▏         | 529/25443 [41:57:12 > 43:00]
SOAP:   2%|▏         | 530/25443 [40:59:23 > 43:06]
SOAP:   2%|▏         | 531/25443 [31:45:01 > 43:07]
SOAP:   2%|▏         | 532/25443 [36:58:07 > 43:14]
SOAP:   2%|▏         | 533/25443 [31:48:12 > 43:17]
SOAP:   2%|▏         | 534/25443 [31:25:18 > 43:22]
SOAP:   2%|▏         | 535/25443 [30:36:43 > 43:26]
SOAP:   2%|▏         | 536/25443 [31:30:51 > 43:31]
SOAP:   2%|▏         | 537/25443 [30:13:50 > 43:35]
SOAP:   2%|▏         | 538/25443 [31:09:05 > 43:39]
SOAP:   2%|▏         | 539/25443 [32:42:49 > 43:45]
SOAP:   2%|▏         | 540/25443 [33:50:08 > 43:50]
SOAP:   2%|▏         | 541/25443 [35:31:35 > 43:56]
SOAP:   2%|▏         | 542/25443 [35:54:03 > 44:01]
SOAP:   2%|▏         | 543/25443 [36:04:42 > 44:06]
SOAP:   2%|▏         | 544/25443 [34:53:47 > 44:11]
SOAP:   2%|▏         | 545/25443 [34:04:30 > 44:15]
SOAP:   2%|▏         | 546/25443 [33:25:07 > 44:20]
SOAP:   2%|▏         | 547/25443 [31:25:05 > 44:24]
SOAP:   2%|▏         | 548/25443 [30:24:48 > 44:28]
SOAP:   2%|▏         | 549/25443 [31:08:36 > 44:33]
SOAP:   2%|▏         | 550/25443 [32:42:42 > 44:38]
SOAP:   2%|▏         | 551/25443 [32:55:05 > 44:43]
SOAP:   2%|▏         | 552/25443 [36:37:01 > 44:49]
SOAP:   2%|▏         | 553/25443 [36:17:55 > 44:55]
SOAP:   2%|▏         | 554/25443 [36:27:30 > 45:00]
SOAP:   2%|▏         | 555/25443 [40:20:18 > 45:07]
SOAP:   2%|▏         | 556/25443 [34:14:09 > 45:10]
SOAP:   2%|▏         | 557/25443 [39:36:27 > 45:17]
SOAP:   2%|▏         | 558/25443 [31:02:17 > 45:19]
SOAP:   2%|▏         | 559/25443 [30:59:01 > 45:24]
SOAP:   2%|▏         | 560/25443 [30:52:02 > 45:28]
SOAP:   2%|▏         | 561/25443 [30:59:12 > 45:32]
SOAP:   2%|▏         | 562/25443 [31:32:24 > 45:37]
SOAP:   2%|▏         | 563/25443 [39:14:31 > 45:46]
SOAP:   2%|▏         | 564/25443 [31:14:21 > 45:47]
SOAP:   2%|▏         | 565/25443 [32:01:17 > 45:52]
SOAP:   2%|▏         | 566/25443 [35:14:02 > 45:58]
SOAP:   2%|▏         | 567/25443 [33:46:29 > 46:03]
SOAP:   2%|▏         | 568/25443 [34:46:49 > 46:08]
SOAP:   2%|▏         | 569/25443 [34:28:27 > 46:13]
SOAP:   2%|▏         | 570/25443 [35:55:55 > 46:19]
SOAP:   2%|▏         | 571/25443 [31:55:54 > 46:22]
SOAP:   2%|▏         | 572/25443 [32:31:24 > 46:27]
SOAP:   2%|▏         | 573/25443 [31:01:54 > 46:31]
SOAP:   2%|▏         | 574/25443 [31:13:47 > 46:36]
SOAP:   2%|▏         | 575/25443 [32:08:12 > 46:40]
SOAP:   2%|▏         | 576/25443 [33:08:03 > 46:46]
SOAP:   2%|▏         | 577/25443 [35:10:02 > 46:51]
SOAP:   2%|▏         | 578/25443 [35:49:16 > 46:57]
SOAP:   2%|▏         | 579/25443 [36:06:47 > 47:02]
SOAP:   2%|▏         | 580/25443 [36:38:54 > 47:08]
SOAP:   2%|▏         | 581/25443 [34:49:12 > 47:12]
SOAP:   2%|▏         | 582/25443 [35:53:21 > 47:18]
SOAP:   2%|▏         | 583/25443 [34:16:47 > 47:22]
SOAP:   2%|▏         | 584/25443 [33:00:24 > 47:26]
SOAP:   2%|▏         | 585/25443 [31:54:43 > 47:31]
SOAP:   2%|▏         | 586/25443 [32:23:05 > 47:35]
SOAP:   2%|▏         | 587/25443 [30:49:28 > 47:39]
SOAP:   2%|▏         | 588/25443 [31:44:34 > 47:44]
SOAP:   2%|▏         | 589/25443 [33:07:13 > 47:50]
SOAP:   2%|▏         | 590/25443 [34:08:13 > 47:55]
SOAP:   2%|▏         | 591/25443 [44:06:10 > 48:05]
SOAP:   2%|▏         | 592/25443 [33:32:13 > 48:06]
SOAP:   2%|▏         | 593/25443 [34:27:08 > 48:11]
SOAP:   2%|▏         | 594/25443 [33:46:35 > 48:16]
SOAP:   2%|▏         | 595/25443 [39:54:30 > 48:24]
SOAP:   2%|▏         | 596/25443 [30:51:59 > 48:25]
SOAP:   2%|▏         | 597/25443 [29:34:54 > 48:29]
SOAP:   2%|▏         | 598/25443 [29:05:58 > 48:33]
SOAP:   2%|▏         | 599/25443 [30:13:26 > 48:38]
SOAP:   2%|▏         | 600/25443 [32:05:39 > 48:43]
SOAP:   2%|▏         | 601/25443 [42:51:05 > 48:53]
SOAP:   2%|▏         | 602/25443 [33:09:09 > 48:54]
SOAP:   2%|▏         | 603/25443 [33:48:51 > 49:00]
SOAP:   2%|▏         | 604/25443 [34:40:24 > 49:05]
SOAP:   2%|▏         | 605/25443 [35:03:34 > 49:10]
SOAP:   2%|▏         | 606/25443 [34:31:38 > 49:15]
SOAP:   2%|▏         | 607/25443 [33:29:43 > 49:19]
SOAP:   2%|▏         | 608/25443 [32:58:10 > 49:24]
SOAP:   2%|▏         | 609/25443 [32:16:39 > 49:29]
SOAP:   2%|▏         | 610/25443 [33:26:36 > 49:34]
SOAP:   2%|▏         | 611/25443 [31:11:50 > 49:38]
SOAP:   2%|▏         | 612/25443 [31:42:00 > 49:42]
SOAP:   2%|▏         | 613/25443 [32:10:35 > 49:47]
SOAP:   2%|▏         | 614/25443 [33:25:20 > 49:52]
SOAP:   2%|▏         | 615/25443 [33:37:20 > 49:57]
SOAP:   2%|▏         | 616/25443 [36:21:59 > 50:04]
SOAP:   2%|▏         | 617/25443 [34:30:58 > 50:08]
SOAP:   2%|▏         | 618/25443 [35:14:15 > 50:13]
SOAP:   2%|▏         | 619/25443 [34:42:21 > 50:18]
SOAP:   2%|▏         | 620/25443 [34:11:34 > 50:23]
SOAP:   2%|▏         | 621/25443 [32:37:22 > 50:27]
SOAP:   2%|▏         | 622/25443 [36:03:09 > 50:33]
SOAP:   2%|▏         | 623/25443 [30:21:12 > 50:36]
SOAP:   2%|▏         | 624/25443 [30:40:31 > 50:41]
SOAP:   2%|▏         | 625/25443 [31:44:44 > 50:45]
SOAP:   2%|▏         | 626/25443 [32:52:04 > 50:51]
SOAP:   2%|▏         | 627/25443 [35:00:29 > 50:56]
SOAP:   2%|▏         | 628/25443 [35:38:50 > 51:02]
SOAP:   2%|▏         | 629/25443 [44:31:12 > 51:11]
SOAP:   2%|▏         | 630/25443 [34:00:26 > 51:13]
SOAP:   2%|▏         | 631/25443 [32:52:09 > 51:17]
SOAP:   2%|▏         | 632/25443 [34:29:22 > 51:23]
SOAP:   2%|▏         | 633/25443 [33:18:45 > 51:27]
SOAP:   2%|▏         | 634/25443 [32:15:46 > 51:31]
SOAP:   2%|▏         | 635/25443 [31:19:48 > 51:36]
SOAP:   2%|▏         | 636/25443 [31:59:16 > 51:40]
SOAP:   3%|▎         | 637/25443 [30:32:07 > 51:44]
SOAP:   3%|▎         | 638/25443 [31:28:20 > 51:49]
SOAP:   3%|▎         | 639/25443 [32:53:09 > 51:55]
SOAP:   3%|▎         | 640/25443 [34:00:18 > 52:00]
SOAP:   3%|▎         | 641/25443 [35:37:31 > 52:06]
SOAP:   3%|▎         | 642/25443 [35:58:03 > 52:11]
SOAP:   3%|▎         | 643/25443 [35:59:06 > 52:16]
SOAP:   3%|▎         | 644/25443 [34:49:35 > 52:21]
SOAP:   3%|▎         | 645/25443 [34:03:58 > 52:25]
SOAP:   3%|▎         | 646/25443 [33:21:23 > 52:30]
SOAP:   3%|▎         | 647/25443 [31:18:18 > 52:34]
SOAP:   3%|▎         | 648/25443 [30:16:05 > 52:38]
SOAP:   3%|▎         | 649/25443 [31:01:22 > 52:43]
SOAP:   3%|▎         | 650/25443 [32:35:34 > 52:48]
SOAP:   3%|▎         | 651/25443 [32:49:50 > 52:53]
SOAP:   3%|▎         | 652/25443 [36:30:16 > 52:59]
SOAP:   3%|▎         | 653/25443 [36:10:36 > 53:05]
SOAP:   3%|▎         | 654/25443 [36:16:11 > 53:10]
SOAP:   3%|▎         | 655/25443 [36:07:19 > 53:15]
SOAP:   3%|▎         | 656/25443 [35:14:25 > 53:20]
SOAP:   3%|▎         | 657/25443 [34:01:01 > 53:24]
SOAP:   3%|▎         | 658/25443 [33:20:05 > 53:29]
SOAP:   3%|▎         | 659/25443 [32:33:14 > 53:33]
SOAP:   3%|▎         | 660/25443 [31:57:10 > 53:38]
SOAP:   3%|▎         | 661/25443 [31:48:51 > 53:42]
SOAP:   3%|▎         | 662/25443 [32:08:34 > 53:47]
SOAP:   3%|▎         | 663/25443 [32:30:42 > 53:52]
SOAP:   3%|▎         | 664/25443 [33:37:56 > 53:57]
SOAP:   3%|▎         | 665/25443 [33:40:26 > 54:02]
SOAP:   3%|▎         | 666/25443 [36:24:07 > 54:09]
SOAP:   3%|▎         | 667/25443 [34:29:46 > 54:13]
SOAP:   3%|▎         | 668/25443 [42:16:32 > 54:22]
SOAP:   3%|▎         | 669/25443 [32:32:58 > 54:23]
SOAP:   3%|▎         | 670/25443 [38:41:15 > 54:31]
SOAP:   3%|▎         | 671/25443 [29:43:56 > 54:32]
SOAP:   3%|▎         | 672/25443 [30:55:00 > 54:37]
SOAP:   3%|▎         | 673/25443 [29:49:09 > 54:41]
SOAP:   3%|▎         | 674/25443 [30:21:17 > 54:46]
SOAP:   3%|▎         | 675/25443 [31:29:12 > 54:50]
SOAP:   3%|▎         | 676/25443 [32:40:04 > 54:56]
SOAP:   3%|▎         | 677/25443 [34:50:42 > 55:01]
SOAP:   3%|▎         | 678/25443 [35:34:24 > 55:07]
SOAP:   3%|▎         | 679/25443 [35:52:42 > 55:12]
SOAP:   3%|▎         | 680/25443 [36:25:28 > 55:18]
SOAP:   3%|▎         | 681/25443 [34:38:40 > 55:22]
SOAP:   3%|▎         | 682/25443 [35:43:20 > 55:28]
SOAP:   3%|▎         | 683/25443 [34:09:33 > 55:32]
SOAP:   3%|▎         | 684/25443 [32:55:38 > 55:36]
SOAP:   3%|▎         | 685/25443 [31:46:35 > 55:41]
SOAP:   3%|▎         | 686/25443 [32:20:18 > 55:46]
SOAP:   3%|▎         | 687/25443 [30:46:30 > 55:50]
SOAP:   3%|▎         | 688/25443 [35:23:25 > 55:56]
SOAP:   3%|▎         | 689/25443 [31:46:17 > 56:00]
SOAP:   3%|▎         | 690/25443 [33:12:38 > 56:05]
SOAP:   3%|▎         | 691/25443 [35:00:49 > 56:11]
SOAP:   3%|▎         | 692/25443 [35:31:03 > 56:16]
SOAP:   3%|▎         | 693/25443 [35:39:28 > 56:21]
SOAP:   3%|▎         | 694/25443 [34:36:02 > 56:26]
SOAP:   3%|▎         | 695/25443 [33:52:07 > 56:31]
SOAP:   3%|▎         | 696/25443 [33:12:42 > 56:35]
SOAP:   3%|▎         | 697/25443 [31:10:02 > 56:39]
SOAP:   3%|▎         | 698/25443 [30:12:09 > 56:43]
SOAP:   3%|▎         | 699/25443 [30:50:21 > 56:48]
SOAP:   3%|▎         | 700/25443 [32:30:24 > 56:53]
SOAP:   3%|▎         | 701/25443 [43:12:03 > 57:03]
SOAP:   3%|▎         | 702/25443 [33:23:47 > 57:05]
SOAP:   3%|▎         | 703/25443 [33:57:23 > 57:10]
SOAP:   3%|▎         | 704/25443 [34:42:26 > 57:15]
SOAP:   3%|▎         | 705/25443 [35:02:04 > 57:20]
SOAP:   3%|▎         | 706/25443 [34:29:40 > 57:25]
SOAP:   3%|▎         | 707/25443 [33:27:18 > 57:30]
SOAP:   3%|▎         | 708/25443 [39:18:43 > 57:37]
SOAP:   3%|▎         | 709/25443 [30:17:59 > 57:39]
SOAP:   3%|▎         | 710/25443 [30:25:44 > 57:43]
SOAP:   3%|▎         | 711/25443 [30:38:27 > 57:48]
SOAP:   3%|▎         | 712/25443 [31:13:47 > 57:52]
SOAP:   3%|▎         | 713/25443 [31:48:03 > 57:57]
SOAP:   3%|▎         | 714/25443 [33:09:10 > 58:02]
SOAP:   3%|▎         | 715/25443 [33:23:36 > 58:07]
SOAP:   3%|▎         | 716/25443 [36:07:01 > 58:14]
SOAP:   3%|▎         | 717/25443 [34:22:07 > 58:18]
SOAP:   3%|▎         | 718/25443 [35:05:25 > 58:23]
SOAP:   3%|▎         | 719/25443 [34:35:47 > 58:28]
SOAP:   3%|▎         | 720/25443 [34:04:13 > 58:33]
SOAP:   3%|▎         | 721/25443 [32:26:35 > 58:37]
SOAP:   3%|▎         | 722/25443 [32:47:02 > 58:42]
SOAP:   3%|▎         | 723/25443 [31:07:43 > 58:46]
SOAP:   3%|▎         | 724/25443 [31:12:51 > 58:51]
SOAP:   3%|▎         | 725/25443 [32:01:50 > 58:56]
SOAP:   3%|▎         | 726/25443 [33:05:27 > 59:01]
SOAP:   3%|▎         | 727/25443 [35:08:51 > 59:07]
SOAP:   3%|▎         | 728/25443 [35:43:00 > 59:12]
SOAP:   3%|▎         | 729/25443 [35:57:37 > 59:17]
SOAP:   3%|▎         | 730/25443 [36:27:58 > 59:23]
SOAP:   3%|▎         | 731/25443 [43:14:41 > 59:31]
SOAP:   3%|▎         | 732/25443 [38:50:17 > 59:36]
SOAP:   3%|▎         | 733/25443 [30:28:41 > 59:37]
SOAP:   3%|▎         | 734/25443 [30:13:18 > 59:41]
SOAP:   3%|▎         | 735/25443 [29:51:19 > 59:46]
SOAP:   3%|▎         | 736/25443 [30:57:37 > 59:51]
SOAP:   3%|▎         | 737/25443 [29:46:11 > 59:55]
SOAP:   3%|▎         | 738/25443 [30:51:18 > 59:59]
SOAP:   3%|▎         | 739/25443 [32:20:29 > 1:00:05]
SOAP:   3%|▎         | 740/25443 [33:33:22 > 1:00:10]
SOAP:   3%|▎         | 741/25443 [35:12:03 > 1:00:16]
SOAP:   3%|▎         | 742/25443 [35:36:02 > 1:00:21]
SOAP:   3%|▎         | 743/25443 [35:43:43 > 1:00:26]
SOAP:   3%|▎         | 744/25443 [34:37:45 > 1:00:31]
SOAP:   3%|▎         | 745/25443 [33:53:29 > 1:00:36]
SOAP:   3%|▎         | 746/25443 [33:09:22 > 1:00:40]
SOAP:   3%|▎         | 747/25443 [31:08:13 > 1:00:44]
SOAP:   3%|▎         | 748/25443 [30:10:58 > 1:00:48]
SOAP:   3%|▎         | 749/25443 [30:54:26 > 1:00:53]
SOAP:   3%|▎         | 750/25443 [32:28:08 > 1:00:58]
SOAP:   3%|▎         | 751/25443 [32:39:37 > 1:01:03]
SOAP:   3%|▎         | 752/25443 [36:21:17 > 1:01:09]
SOAP:   3%|▎         | 753/25443 [36:00:46 > 1:01:15]
SOAP:   3%|▎         | 754/25443 [36:08:19 > 1:01:20]
SOAP:   3%|▎         | 755/25443 [36:02:53 > 1:01:25]
SOAP:   3%|▎         | 756/25443 [35:10:45 > 1:01:30]
SOAP:   3%|▎         | 757/25443 [33:54:28 > 1:01:34]
SOAP:   3%|▎         | 758/25443 [33:12:03 > 1:01:39]
SOAP:   3%|▎         | 759/25443 [38:44:41 > 1:01:47]
SOAP:   3%|▎         | 760/25443 [36:31:37 > 1:01:51]
SOAP:   3%|▎         | 761/25443 [28:24:02 > 1:01:53]
SOAP:   3%|▎         | 762/25443 [29:40:26 > 1:01:57]
SOAP:   3%|▎         | 763/25443 [30:42:44 > 1:02:02]
SOAP:   3%|▎         | 764/25443 [32:22:13 > 1:02:07]
SOAP:   3%|▎         | 765/25443 [42:32:15 > 1:02:17]
SOAP:   3%|▎         | 766/25443 [32:47:11 > 1:02:19]
SOAP:   3%|▎         | 767/25443 [31:57:16 > 1:02:23]
SOAP:   3%|▎         | 768/25443 [33:19:42 > 1:02:28]
SOAP:   3%|▎         | 769/25443 [33:22:04 > 1:02:33]
SOAP:   3%|▎         | 770/25443 [33:10:44 > 1:02:38]
SOAP:   3%|▎         | 771/25443 [31:52:06 > 1:02:42]
SOAP:   3%|▎         | 772/25443 [32:19:05 > 1:02:47]
SOAP:   3%|▎         | 773/25443 [31:40:29 > 1:02:51]
SOAP:   3%|▎         | 774/25443 [30:41:18 > 1:02:56]
SOAP:   3%|▎         | 775/25443 [31:37:32 > 1:03:00]
SOAP:   3%|▎         | 776/25443 [32:48:22 > 1:03:06]
SOAP:   3%|▎         | 777/25443 [34:54:23 > 1:03:11]
SOAP:   3%|▎         | 778/25443 [37:19:48 > 1:03:18]
SOAP:   3%|▎         | 779/25443 [35:11:53 > 1:03:22]
SOAP:   3%|▎         | 780/25443 [35:57:24 > 1:03:28]
SOAP:   3%|▎         | 781/25443 [34:15:07 > 1:03:32]
SOAP:   3%|▎         | 782/25443 [35:20:44 > 1:03:38]
SOAP:   3%|▎         | 783/25443 [33:52:03 > 1:03:42]
SOAP:   3%|▎         | 784/25443 [32:39:40 > 1:03:46]
SOAP:   3%|▎         | 785/25443 [31:36:02 > 1:03:51]
SOAP:   3%|▎         | 786/25443 [32:06:51 > 1:03:56]
SOAP:   3%|▎         | 787/25443 [30:35:37 > 1:03:59]
SOAP:   3%|▎         | 788/25443 [31:23:12 > 1:04:04]
SOAP:   3%|▎         | 789/25443 [32:45:29 > 1:04:10]
SOAP:   3%|▎         | 790/25443 [33:49:36 > 1:04:15]
SOAP:   3%|▎         | 791/25443 [35:25:15 > 1:04:21]
SOAP:   3%|▎         | 792/25443 [35:43:39 > 1:04:26]
SOAP:   3%|▎         | 793/25443 [35:47:32 > 1:04:31]
SOAP:   3%|▎         | 794/25443 [34:37:18 > 1:04:36]
SOAP:   3%|▎         | 795/25443 [33:48:18 > 1:04:41]
SOAP:   3%|▎         | 796/25443 [33:05:20 > 1:04:45]
SOAP:   3%|▎         | 797/25443 [31:03:32 > 1:04:49]
SOAP:   3%|▎         | 798/25443 [30:03:43 > 1:04:53]
SOAP:   3%|▎         | 799/25443 [30:48:40 > 1:04:58]
SOAP:   3%|▎         | 800/25443 [32:24:32 > 1:05:03]
SOAP:   3%|▎         | 801/25443 [43:01:26 > 1:05:13]
SOAP:   3%|▎         | 802/25443 [33:11:34 > 1:05:14]
SOAP:   3%|▎         | 803/25443 [33:46:12 > 1:05:20]
SOAP:   3%|▎         | 804/25443 [34:36:27 > 1:05:25]
SOAP:   3%|▎         | 805/25443 [41:05:32 > 1:05:33]
SOAP:   3%|▎         | 806/25443 [32:29:42 > 1:05:35]
SOAP:   3%|▎         | 807/25443 [38:50:02 > 1:05:43]
SOAP:   3%|▎         | 808/25443 [29:49:54 > 1:05:44]
SOAP:   3%|▎         | 809/25443 [30:01:02 > 1:05:49]
SOAP:   3%|▎         | 810/25443 [30:06:14 > 1:05:53]
SOAP:   3%|▎         | 811/25443 [30:26:31 > 1:05:58]
SOAP:   3%|▎         | 812/25443 [31:04:14 > 1:06:02]
SOAP:   3%|▎         | 813/25443 [31:41:34 > 1:06:07]
SOAP:   3%|▎         | 814/25443 [32:59:38 > 1:06:12]
SOAP:   3%|▎         | 815/25443 [33:10:06 > 1:06:17]
SOAP:   3%|▎         | 816/25443 [35:57:53 > 1:06:24]
SOAP:   3%|▎         | 817/25443 [34:10:16 > 1:06:28]
SOAP:   3%|▎         | 818/25443 [34:56:41 > 1:06:33]
SOAP:   3%|▎         | 819/25443 [34:28:31 > 1:06:38]
SOAP:   3%|▎         | 820/25443 [34:01:04 > 1:06:43]
SOAP:   3%|▎         | 821/25443 [32:23:31 > 1:06:47]
SOAP:   3%|▎         | 822/25443 [32:42:28 > 1:06:52]
SOAP:   3%|▎         | 823/25443 [31:00:20 > 1:06:56]
SOAP:   3%|▎         | 824/25443 [31:07:49 > 1:07:01]
SOAP:   3%|▎         | 825/25443 [31:55:19 > 1:07:06]
SOAP:   3%|▎         | 826/25443 [32:57:09 > 1:07:11]
SOAP:   3%|▎         | 827/25443 [35:01:24 > 1:07:17]
SOAP:   3%|▎         | 828/25443 [35:34:22 > 1:07:22]
SOAP:   3%|▎         | 829/25443 [35:45:22 > 1:07:27]
SOAP:   3%|▎         | 830/25443 [36:16:40 > 1:07:33]
SOAP:   3%|▎         | 831/25443 [34:25:00 > 1:07:37]
SOAP:   3%|▎         | 832/25443 [35:27:50 > 1:07:43]
SOAP:   3%|▎         | 833/25443 [33:55:27 > 1:07:47]
SOAP:   3%|▎         | 834/25443 [38:36:33 > 1:07:54]
SOAP:   3%|▎         | 835/25443 [29:48:42 > 1:07:56]
SOAP:   3%|▎         | 836/25443 [30:50:45 > 1:08:01]
SOAP:   3%|▎         | 837/25443 [29:44:11 > 1:08:05]
SOAP:   3%|▎         | 838/25443 [30:45:03 > 1:08:09]
SOAP:   3%|▎         | 839/25443 [32:19:30 > 1:08:15]
SOAP:   3%|▎         | 840/25443 [33:27:28 > 1:08:20]
SOAP:   3%|▎         | 841/25443 [35:09:15 > 1:08:26]
SOAP:   3%|▎         | 842/25443 [35:30:28 > 1:08:31]
SOAP:   3%|▎         | 843/25443 [35:35:21 > 1:08:36]
SOAP:   3%|▎         | 844/25443 [34:28:49 > 1:08:41]
SOAP:   3%|▎         | 845/25443 [33:43:03 > 1:08:46]
SOAP:   3%|▎         | 846/25443 [33:05:06 > 1:08:50]
SOAP:   3%|▎         | 847/25443 [36:41:10 > 1:08:57]
SOAP:   3%|▎         | 848/25443 [28:21:01 > 1:08:58]
SOAP:   3%|▎         | 849/25443 [36:56:22 > 1:09:06]
SOAP:   3%|▎         | 850/25443 [29:19:30 > 1:09:08]
SOAP:   3%|▎         | 851/25443 [30:26:53 > 1:09:13]
SOAP:   3%|▎         | 852/25443 [34:41:43 > 1:09:19]
SOAP:   3%|▎         | 853/25443 [34:45:43 > 1:09:25]
SOAP:   3%|▎         | 854/25443 [35:13:04 > 1:09:30]
SOAP:   3%|▎         | 855/25443 [35:20:17 > 1:09:35]
SOAP:   3%|▎         | 856/25443 [34:37:13 > 1:09:40]
SOAP:   3%|▎         | 857/25443 [36:15:09 > 1:09:46]
SOAP:   3%|▎         | 858/25443 [32:05:09 > 1:09:49]
SOAP:   3%|▎         | 859/25443 [31:33:52 > 1:09:54]
SOAP:   3%|▎         | 860/25443 [31:15:18 > 1:09:58]
SOAP:   3%|▎         | 861/25443 [31:10:36 > 1:10:03]
SOAP:   3%|▎         | 862/25443 [31:37:55 > 1:10:07]
SOAP:   3%|▎         | 863/25443 [32:01:58 > 1:10:12]
SOAP:   3%|▎         | 864/25443 [40:43:03 > 1:10:21]
SOAP:   3%|▎         | 865/25443 [31:04:57 > 1:10:22]
SOAP:   3%|▎         | 866/25443 [34:24:00 > 1:10:29]
SOAP:   3%|▎         | 867/25443 [33:03:38 > 1:10:33]
SOAP:   3%|▎         | 868/25443 [34:05:13 > 1:10:38]
SOAP:   3%|▎         | 869/25443 [40:40:03 > 1:10:46]
SOAP:   3%|▎         | 870/25443 [31:27:00 > 1:10:48]
SOAP:   3%|▎         | 871/25443 [30:32:29 > 1:10:52]
SOAP:   3%|▎         | 872/25443 [31:23:33 > 1:10:57]
SOAP:   3%|▎         | 873/25443 [30:04:37 > 1:11:01]
SOAP:   3%|▎         | 874/25443 [30:28:05 > 1:11:06]
SOAP:   3%|▎         | 875/25443 [31:30:25 > 1:11:10]
SOAP:   3%|▎         | 876/25443 [41:20:55 > 1:11:20]
SOAP:   3%|▎         | 877/25443 [32:02:02 > 1:11:21]
SOAP:   3%|▎         | 878/25443 [33:25:01 > 1:11:27]
SOAP:   3%|▎         | 879/25443 [34:15:07 > 1:11:32]
SOAP:   3%|▎         | 880/25443 [35:11:16 > 1:11:38]
SOAP:   3%|▎         | 881/25443 [33:38:17 > 1:11:42]
SOAP:   3%|▎         | 882/25443 [34:53:34 > 1:11:48]
SOAP:   3%|▎         | 883/25443 [33:28:56 > 1:11:52]
SOAP:   3%|▎         | 884/25443 [32:21:25 > 1:11:56]
SOAP:   3%|▎         | 885/25443 [31:21:35 > 1:12:01]
SOAP:   3%|▎         | 886/25443 [33:21:58 > 1:12:06]
SOAP:   3%|▎         | 887/25443 [29:59:25 > 1:12:09]
SOAP:   3%|▎         | 888/25443 [30:58:11 > 1:12:14]
SOAP:   3%|▎         | 889/25443 [32:22:59 > 1:12:19]
SOAP:   3%|▎         | 890/25443 [33:32:48 > 1:12:25]
SOAP:   4%|▎         | 891/25443 [35:11:11 > 1:12:31]
SOAP:   4%|▎         | 892/25443 [35:31:35 > 1:12:36]
SOAP:   4%|▎         | 893/25443 [35:36:15 > 1:12:41]
SOAP:   4%|▎         | 894/25443 [34:30:32 > 1:12:46]
SOAP:   4%|▎         | 895/25443 [37:57:11 > 1:12:53]
SOAP:   4%|▎         | 896/25443 [31:44:07 > 1:12:55]
SOAP:   4%|▎         | 897/25443 [30:04:48 > 1:12:59]
SOAP:   4%|▎         | 898/25443 [29:22:14 > 1:13:03]
SOAP:   4%|▎         | 899/25443 [37:35:53 > 1:13:11]
SOAP:   4%|▎         | 900/25443 [29:49:43 > 1:13:13]
SOAP:   4%|▎         | 901/25443 [41:06:51 > 1:13:23]
SOAP:   4%|▎         | 902/25443 [31:47:10 > 1:13:24]
SOAP:   4%|▎         | 903/25443 [32:44:09 > 1:13:30]
SOAP:   4%|▎         | 904/25443 [33:45:11 > 1:13:35]
SOAP:   4%|▎         | 905/25443 [34:11:31 > 1:13:40]
SOAP:   4%|▎         | 906/25443 [34:28:35 > 1:13:45]
SOAP:   4%|▎         | 907/25443 [32:29:11 > 1:13:49]
SOAP:   4%|▎         | 908/25443 [32:03:11 > 1:13:54]
SOAP:   4%|▎         | 909/25443 [31:31:50 > 1:13:58]
SOAP:   4%|▎         | 910/25443 [31:08:02 > 1:14:03]
SOAP:   4%|▎         | 911/25443 [30:58:56 > 1:14:07]
SOAP:   4%|▎         | 912/25443 [38:15:07 > 1:14:15]
SOAP:   4%|▎         | 913/25443 [29:45:33 > 1:14:17]
SOAP:   4%|▎         | 914/25443 [31:39:01 > 1:14:22]
SOAP:   4%|▎         | 915/25443 [32:06:06 > 1:14:27]
SOAP:   4%|▎         | 916/25443 [34:59:22 > 1:14:33]
SOAP:   4%|▎         | 917/25443 [33:20:16 > 1:14:37]
SOAP:   4%|▎         | 918/25443 [34:11:31 > 1:14:43]
SOAP:   4%|▎         | 919/25443 [33:48:13 > 1:14:47]
SOAP:   4%|▎         | 920/25443 [33:26:47 > 1:14:52]
SOAP:   4%|▎         | 921/25443 [31:49:29 > 1:14:56]
SOAP:   4%|▎         | 922/25443 [32:07:51 > 1:15:01]
SOAP:   4%|▎         | 923/25443 [30:34:23 > 1:15:05]
SOAP:   4%|▎         | 924/25443 [30:41:24 > 1:15:10]
SOAP:   4%|▎         | 925/25443 [31:32:27 > 1:15:15]
SOAP:   4%|▎         | 926/25443 [32:34:59 > 1:15:20]
SOAP:   4%|▎         | 927/25443 [42:15:54 > 1:15:29]
SOAP:   4%|▎         | 928/25443 [32:45:16 > 1:15:31]
SOAP:   4%|▎         | 929/25443 [33:39:29 > 1:15:36]
SOAP:   4%|▎         | 930/25443 [34:43:02 > 1:15:42]
SOAP:   4%|▎         | 931/25443 [33:13:12 > 1:15:46]
SOAP:   4%|▎         | 932/25443 [34:27:47 > 1:15:51]
SOAP:   4%|▎         | 933/25443 [33:10:20 > 1:15:56]
SOAP:   4%|▎         | 934/25443 [32:04:50 > 1:16:00]
SOAP:   4%|▎         | 935/25443 [38:24:05 > 1:16:08]
SOAP:   4%|▎         | 936/25443 [29:21:12 > 1:16:09]
SOAP:   4%|▎         | 937/25443 [28:26:28 > 1:16:13]
SOAP:   4%|▎         | 938/25443 [29:44:42 > 1:16:18]
SOAP:   4%|▎         | 939/25443 [39:12:15 > 1:16:27]
SOAP:   4%|▎         | 940/25443 [30:33:05 > 1:16:28]
SOAP:   4%|▎         | 941/25443 [32:59:57 > 1:16:34]
SOAP:   4%|▎         | 942/25443 [33:50:29 > 1:16:39]
SOAP:   4%|▎         | 943/25443 [41:03:03 > 1:16:48]
SOAP:   4%|▎         | 944/25443 [31:34:26 > 1:16:49]
SOAP:   4%|▎         | 945/25443 [31:33:00 > 1:16:54]
SOAP:   4%|▎         | 946/25443 [31:27:40 > 1:16:58]
SOAP:   4%|▎         | 947/25443 [35:32:10 > 1:17:05]
SOAP:   4%|▎         | 948/25443 [27:24:13 > 1:17:06]
SOAP:   4%|▎         | 949/25443 [28:44:30 > 1:17:11]
SOAP:   4%|▎         | 950/25443 [30:47:22 > 1:17:16]
SOAP:   4%|▎         | 951/25443 [31:22:30 > 1:17:21]
SOAP:   4%|▎         | 952/25443 [35:08:40 > 1:17:28]
SOAP:   4%|▎         | 953/25443 [34:59:30 > 1:17:33]
SOAP:   4%|▎         | 954/25443 [35:14:22 > 1:17:38]
SOAP:   4%|▍         | 955/25443 [35:16:06 > 1:17:43]
SOAP:   4%|▍         | 956/25443 [34:19:38 > 1:17:48]
SOAP:   4%|▍         | 957/25443 [33:09:09 > 1:17:52]
SOAP:   4%|▍         | 958/25443 [32:34:15 > 1:17:57]
SOAP:   4%|▍         | 959/25443 [31:52:50 > 1:18:01]
SOAP:   4%|▍         | 960/25443 [31:24:07 > 1:18:06]
SOAP:   4%|▍         | 961/25443 [31:07:37 > 1:18:10]
SOAP:   4%|▍         | 962/25443 [31:31:26 > 1:18:15]
SOAP:   4%|▍         | 963/25443 [31:49:00 > 1:18:20]
SOAP:   4%|▍         | 964/25443 [32:55:46 > 1:18:25]
SOAP:   4%|▍         | 965/25443 [32:59:37 > 1:18:30]
SOAP:   4%|▍         | 966/25443 [35:38:14 > 1:18:36]
SOAP:   4%|▍         | 967/25443 [33:55:03 > 1:18:40]
SOAP:   4%|▍         | 968/25443 [34:31:24 > 1:18:46]
SOAP:   4%|▍         | 969/25443 [40:42:36 > 1:18:54]
SOAP:   4%|▍         | 970/25443 [31:28:01 > 1:18:55]
SOAP:   4%|▍         | 971/25443 [30:27:57 > 1:18:59]
SOAP:   4%|▍         | 972/25443 [31:15:53 > 1:19:04]
SOAP:   4%|▍         | 973/25443 [29:57:19 > 1:19:08]
SOAP:   4%|▍         | 974/25443 [30:18:56 > 1:19:13]
SOAP:   4%|▍         | 975/25443 [37:25:33 > 1:19:21]
SOAP:   4%|▍         | 976/25443 [30:23:45 > 1:19:23]
SOAP:   4%|▍         | 977/25443 [32:59:01 > 1:19:29]
SOAP:   4%|▍         | 978/25443 [33:59:23 > 1:19:34]
SOAP:   4%|▍         | 979/25443 [34:37:16 > 1:19:39]
SOAP:   4%|▍         | 980/25443 [41:19:43 > 1:19:48]
SOAP:   4%|▍         | 981/25443 [31:55:44 > 1:19:49]
SOAP:   4%|▍         | 982/25443 [33:33:15 > 1:19:55]
SOAP:   4%|▍         | 983/25443 [32:29:56 > 1:19:59]
SOAP:   4%|▍         | 984/25443 [31:38:42 > 1:20:03]
SOAP:   4%|▍         | 985/25443 [30:42:07 > 1:20:08]
SOAP:   4%|▍         | 986/25443 [31:17:03 > 1:20:12]
SOAP:   4%|▍         | 987/25443 [29:51:34 > 1:20:16]
SOAP:   4%|▍         | 988/25443 [30:42:41 > 1:20:21]
SOAP:   4%|▍         | 989/25443 [32:08:37 > 1:20:26]
SOAP:   4%|▍         | 990/25443 [33:14:53 > 1:20:32]
SOAP:   4%|▍         | 991/25443 [34:55:48 > 1:20:37]
SOAP:   4%|▍         | 992/25443 [35:12:44 > 1:20:43]
SOAP:   4%|▍         | 993/25443 [35:19:09 > 1:20:48]
SOAP:   4%|▍         | 994/25443 [34:08:33 > 1:20:52]
SOAP:   4%|▍         | 995/25443 [33:23:00 > 1:20:57]
SOAP:   4%|▍         | 996/25443 [32:39:53 > 1:21:02]
SOAP:   4%|▍         | 997/25443 [30:35:04 > 1:21:06]
SOAP:   4%|▍         | 998/25443 [29:35:51 > 1:21:10]
SOAP:   4%|▍         | 999/25443 [30:25:45 > 1:21:14]
SOAP:   4%|▍         | 1000/25443 [31:59:29 > 1:21:20]
SOAP:   4%|▍         | 1001/25443 [42:22:45 > 1:21:29]
SOAP:   4%|▍         | 1002/25443 [36:20:38 > 1:21:33]
SOAP:   4%|▍         | 1003/25443 [32:09:33 > 1:21:36]
SOAP:   4%|▍         | 1004/25443 [33:08:01 > 1:21:41]
SOAP:   4%|▍         | 1005/25443 [33:41:17 > 1:21:46]
SOAP:   4%|▍         | 1006/25443 [33:10:47 > 1:21:51]
SOAP:   4%|▍         | 1007/25443 [32:17:29 > 1:21:55]
SOAP:   4%|▍         | 1008/25443 [31:47:16 > 1:22:00]
SOAP:   4%|▍         | 1009/25443 [31:12:31 > 1:22:04]
SOAP:   4%|▍         | 1010/25443 [30:48:39 > 1:22:09]
SOAP:   4%|▍         | 1011/25443 [30:55:04 > 1:22:13]
SOAP:   4%|▍         | 1012/25443 [30:57:43 > 1:22:18]
SOAP:   4%|▍         | 1013/25443 [31:27:20 > 1:22:23]
SOAP:   4%|▍         | 1014/25443 [32:45:02 > 1:22:28]
SOAP:   4%|▍         | 1015/25443 [32:45:37 > 1:22:33]
SOAP:   4%|▍         | 1016/25443 [35:26:30 > 1:22:39]
SOAP:   4%|▍         | 1017/25443 [33:39:49 > 1:22:43]
SOAP:   4%|▍         | 1018/25443 [34:15:58 > 1:22:49]
SOAP:   4%|▍         | 1019/25443 [33:48:07 > 1:22:53]
SOAP:   4%|▍         | 1020/25443 [33:18:59 > 1:22:58]
SOAP:   4%|▍         | 1021/25443 [31:38:59 > 1:23:02]
SOAP:   4%|▍         | 1022/25443 [32:00:54 > 1:23:07]
SOAP:   4%|▍         | 1023/25443 [30:22:07 > 1:23:11]
SOAP:   4%|▍         | 1024/25443 [30:27:08 > 1:23:16]
SOAP:   4%|▍         | 1025/25443 [31:12:22 > 1:23:20]
SOAP:   4%|▍         | 1026/25443 [32:09:31 > 1:23:25]
SOAP:   4%|▍         | 1027/25443 [34:05:06 > 1:23:31]
SOAP:   4%|▍         | 1028/25443 [34:37:04 > 1:23:36]
SOAP:   4%|▍         | 1029/25443 [34:57:31 > 1:23:42]
SOAP:   4%|▍         | 1030/25443 [35:33:00 > 1:23:47]
SOAP:   4%|▍         | 1031/25443 [33:40:30 > 1:23:51]
SOAP:   4%|▍         | 1032/25443 [34:37:05 > 1:23:57]
SOAP:   4%|▍         | 1033/25443 [33:07:11 > 1:24:01]
SOAP:   4%|▍         | 1034/25443 [37:35:00 > 1:24:08]
SOAP:   4%|▍         | 1035/25443 [29:09:02 > 1:24:10]
SOAP:   4%|▍         | 1036/25443 [30:07:49 > 1:24:15]
SOAP:   4%|▍         | 1037/25443 [28:54:25 > 1:24:18]
SOAP:   4%|▍         | 1038/25443 [29:55:52 > 1:24:23]
SOAP:   4%|▍         | 1039/25443 [39:15:32 > 1:24:32]
SOAP:   4%|▍         | 1040/25443 [30:31:11 > 1:24:34]
SOAP:   4%|▍         | 1041/25443 [32:48:07 > 1:24:39]
SOAP:   4%|▍         | 1042/25443 [33:38:27 > 1:24:45]
SOAP:   4%|▍         | 1043/25443 [34:12:38 > 1:24:50]
SOAP:   4%|▍         | 1044/25443 [33:24:06 > 1:24:54]
SOAP:   4%|▍         | 1045/25443 [32:41:40 > 1:24:59]
SOAP:   4%|▍         | 1046/25443 [32:05:42 > 1:25:04]
SOAP:   4%|▍         | 1047/25443 [30:04:45 > 1:25:07]
SOAP:   4%|▍         | 1048/25443 [29:07:10 > 1:25:11]
SOAP:   4%|▍         | 1049/25443 [29:56:49 > 1:25:16]
SOAP:   4%|▍         | 1050/25443 [31:34:26 > 1:25:21]
SOAP:   4%|▍         | 1051/25443 [31:47:59 > 1:25:26]
SOAP:   4%|▍         | 1052/25443 [35:15:17 > 1:25:32]
SOAP:   4%|▍         | 1053/25443 [35:00:11 > 1:25:37]
SOAP:   4%|▍         | 1054/25443 [35:11:03 > 1:25:43]
SOAP:   4%|▍         | 1055/25443 [35:03:47 > 1:25:48]
SOAP:   4%|▍         | 1056/25443 [34:10:30 > 1:25:53]
SOAP:   4%|▍         | 1057/25443 [32:55:48 > 1:25:57]
SOAP:   4%|▍         | 1058/25443 [32:12:11 > 1:26:02]
SOAP:   4%|▍         | 1059/25443 [31:31:39 > 1:26:06]
SOAP:   4%|▍         | 1060/25443 [31:00:42 > 1:26:10]
SOAP:   4%|▍         | 1061/25443 [30:46:05 > 1:26:15]
SOAP:   4%|▍         | 1062/25443 [30:57:47 > 1:26:19]
SOAP:   4%|▍         | 1063/25443 [31:25:46 > 1:26:24]
SOAP:   4%|▍         | 1064/25443 [32:36:43 > 1:26:29]
SOAP:   4%|▍         | 1065/25443 [32:40:51 > 1:26:34]
SOAP:   4%|▍         | 1066/25443 [41:37:04 > 1:26:44]
SOAP:   4%|▍         | 1067/25443 [31:37:48 > 1:26:45]
SOAP:   4%|▍         | 1068/25443 [32:49:13 > 1:26:50]
SOAP:   4%|▍         | 1069/25443 [32:48:33 > 1:26:55]
SOAP:   4%|▍         | 1070/25443 [32:34:22 > 1:27:00]
SOAP:   4%|▍         | 1071/25443 [31:10:58 > 1:27:04]
SOAP:   4%|▍         | 1072/25443 [36:44:41 > 1:27:11]
SOAP:   4%|▍         | 1073/25443 [28:35:43 > 1:27:12]
SOAP:   4%|▍         | 1074/25443 [29:11:13 > 1:27:17]
SOAP:   4%|▍         | 1075/25443 [30:25:02 > 1:27:22]
SOAP:   4%|▍         | 1076/25443 [31:34:42 > 1:27:27]
SOAP:   4%|▍         | 1077/25443 [33:41:06 > 1:27:33]
SOAP:   4%|▍         | 1078/25443 [34:23:27 > 1:27:38]
SOAP:   4%|▍         | 1079/25443 [43:03:33 > 1:27:47]
SOAP:   4%|▍         | 1080/25443 [32:55:38 > 1:27:49]
SOAP:   4%|▍         | 1081/25443 [31:49:46 > 1:27:53]
SOAP:   4%|▍         | 1082/25443 [33:20:49 > 1:27:59]
SOAP:   4%|▍         | 1083/25443 [32:18:42 > 1:28:03]
SOAP:   4%|▍         | 1084/25443 [31:19:31 > 1:28:07]
SOAP:   4%|▍         | 1085/25443 [30:22:44 > 1:28:11]
SOAP:   4%|▍         | 1086/25443 [30:58:23 > 1:28:16]
SOAP:   4%|▍         | 1087/25443 [29:28:20 > 1:28:20]
SOAP:   4%|▍         | 1088/25443 [30:18:21 > 1:28:25]
SOAP:   4%|▍         | 1089/25443 [31:45:43 > 1:28:30]
SOAP:   4%|▍         | 1090/25443 [32:49:16 > 1:28:35]
SOAP:   4%|▍         | 1091/25443 [34:25:12 > 1:28:41]
SOAP:   4%|▍         | 1092/25443 [34:40:28 > 1:28:46]
SOAP:   4%|▍         | 1093/25443 [34:48:53 > 1:28:51]
SOAP:   4%|▍         | 1094/25443 [33:43:01 > 1:28:56]
SOAP:   4%|▍         | 1095/25443 [32:54:48 > 1:29:00]
SOAP:   4%|▍         | 1096/25443 [32:16:12 > 1:29:05]
SOAP:   4%|▍         | 1097/25443 [30:12:51 > 1:29:09]
SOAP:   4%|▍         | 1098/25443 [29:08:51 > 1:29:13]
SOAP:   4%|▍         | 1099/25443 [29:54:07 > 1:29:17]
SOAP:   4%|▍         | 1100/25443 [31:30:01 > 1:29:23]
SOAP:   4%|▍         | 1101/25443 [42:00:15 > 1:29:32]
SOAP:   4%|▍         | 1102/25443 [32:27:26 > 1:29:34]
SOAP:   4%|▍         | 1103/25443 [33:09:07 > 1:29:39]
SOAP:   4%|▍         | 1104/25443 [33:58:33 > 1:29:44]
SOAP:   4%|▍         | 1105/25443 [34:19:50 > 1:29:50]
SOAP:   4%|▍         | 1106/25443 [40:26:27 > 1:29:58]
SOAP:   4%|▍         | 1107/25443 [30:51:16 > 1:29:59]
SOAP:   4%|▍         | 1108/25443 [30:58:26 > 1:30:04]
SOAP:   4%|▍         | 1109/25443 [30:37:39 > 1:30:08]
SOAP:   4%|▍         | 1110/25443 [30:21:51 > 1:30:12]
SOAP:   4%|▍         | 1111/25443 [30:27:34 > 1:30:17]
SOAP:   4%|▍         | 1112/25443 [30:59:33 > 1:30:22]
SOAP:   4%|▍         | 1113/25443 [31:30:28 > 1:30:27]
SOAP:   4%|▍         | 1114/25443 [32:46:26 > 1:30:32]
SOAP:   4%|▍         | 1115/25443 [32:56:35 > 1:30:37]
SOAP:   4%|▍         | 1116/25443 [41:50:07 > 1:30:46]
SOAP:   4%|▍         | 1117/25443 [40:20:04 > 1:30:51]
SOAP:   4%|▍         | 1118/25443 [30:46:27 > 1:30:53]
SOAP:   4%|▍         | 1119/25443 [31:25:17 > 1:30:58]
SOAP:   4%|▍         | 1120/25443 [31:43:29 > 1:31:02]
SOAP:   4%|▍         | 1121/25443 [38:12:10 > 1:31:10]
SOAP:   4%|▍         | 1122/25443 [29:14:59 > 1:31:12]
SOAP:   4%|▍         | 1123/25443 [28:31:34 > 1:31:15]
SOAP:   4%|▍         | 1124/25443 [29:13:18 > 1:31:20]
SOAP:   4%|▍         | 1125/25443 [30:29:58 > 1:31:25]
SOAP:   4%|▍         | 1126/25443 [31:47:19 > 1:31:30]
SOAP:   4%|▍         | 1127/25443 [34:02:07 > 1:31:36]
SOAP:   4%|▍         | 1128/25443 [34:45:31 > 1:31:41]
SOAP:   4%|▍         | 1129/25443 [43:25:35 > 1:31:51]
SOAP:   4%|▍         | 1130/25443 [33:12:50 > 1:31:52]
SOAP:   4%|▍         | 1131/25443 [32:09:20 > 1:31:57]
SOAP:   4%|▍         | 1132/25443 [33:43:29 > 1:32:02]
SOAP:   4%|▍         | 1133/25443 [32:37:25 > 1:32:07]
SOAP:   4%|▍         | 1134/25443 [31:37:07 > 1:32:11]
SOAP:   4%|▍         | 1135/25443 [30:42:19 > 1:32:15]
SOAP:   4%|▍         | 1136/25443 [31:21:38 > 1:32:20]
SOAP:   4%|▍         | 1137/25443 [29:54:41 > 1:32:24]
SOAP:   4%|▍         | 1138/25443 [30:48:29 > 1:32:29]
SOAP:   4%|▍         | 1139/25443 [32:12:38 > 1:32:34]
SOAP:   4%|▍         | 1140/25443 [33:17:08 > 1:32:39]
SOAP:   4%|▍         | 1141/25443 [34:50:48 > 1:32:45]
SOAP:   4%|▍         | 1142/25443 [35:10:25 > 1:32:50]
SOAP:   4%|▍         | 1143/25443 [35:33:36 > 1:32:56]
SOAP:   4%|▍         | 1144/25443 [34:00:10 > 1:33:00]
SOAP:   5%|▍         | 1145/25443 [33:16:05 > 1:33:05]
SOAP:   5%|▍         | 1146/25443 [32:36:09 > 1:33:10]
SOAP:   5%|▍         | 1147/25443 [33:30:33 > 1:33:15]
SOAP:   5%|▍         | 1148/25443 [28:46:07 > 1:33:17]
SOAP:   5%|▍         | 1149/25443 [29:38:18 > 1:33:22]
SOAP:   5%|▍         | 1150/25443 [31:26:58 > 1:33:27]
SOAP:   5%|▍         | 1151/25443 [31:50:50 > 1:33:32]
SOAP:   5%|▍         | 1152/25443 [35:33:43 > 1:33:39]
SOAP:   5%|▍         | 1153/25443 [35:15:41 > 1:33:44]
SOAP:   5%|▍         | 1154/25443 [35:26:36 > 1:33:49]
SOAP:   5%|▍         | 1155/25443 [35:20:44 > 1:33:55]
SOAP:   5%|▍         | 1156/25443 [34:28:59 > 1:33:59]
SOAP:   5%|▍         | 1157/25443 [33:17:28 > 1:34:04]
SOAP:   5%|▍         | 1158/25443 [32:34:54 > 1:34:08]
SOAP:   5%|▍         | 1159/25443 [31:48:58 > 1:34:13]
SOAP:   5%|▍         | 1160/25443 [31:15:56 > 1:34:17]
SOAP:   5%|▍         | 1161/25443 [31:07:35 > 1:34:22]
SOAP:   5%|▍         | 1162/25443 [31:26:05 > 1:34:27]
SOAP:   5%|▍         | 1163/25443 [31:48:56 > 1:34:32]
SOAP:   5%|▍         | 1164/25443 [32:59:24 > 1:34:37]
SOAP:   5%|▍         | 1165/25443 [33:01:38 > 1:34:42]
SOAP:   5%|▍         | 1166/25443 [35:40:04 > 1:34:48]
SOAP:   5%|▍         | 1167/25443 [33:48:24 > 1:34:52]
SOAP:   5%|▍         | 1168/25443 [34:29:09 > 1:34:58]
SOAP:   5%|▍         | 1169/25443 [33:58:23 > 1:35:03]
SOAP:   5%|▍         | 1170/25443 [33:28:06 > 1:35:07]
SOAP:   5%|▍         | 1171/25443 [31:52:39 > 1:35:11]
SOAP:   5%|▍         | 1172/25443 [32:12:04 > 1:35:16]
SOAP:   5%|▍         | 1173/25443 [30:30:48 > 1:35:20]
SOAP:   5%|▍         | 1174/25443 [30:40:31 > 1:35:25]
SOAP:   5%|▍         | 1175/25443 [31:29:22 > 1:35:30]
SOAP:   5%|▍         | 1176/25443 [32:28:20 > 1:35:35]
SOAP:   5%|▍         | 1177/25443 [34:33:14 > 1:35:41]
SOAP:   5%|▍         | 1178/25443 [35:05:07 > 1:35:46]
SOAP:   5%|▍         | 1179/25443 [35:17:13 > 1:35:52]
SOAP:   5%|▍         | 1180/25443 [35:49:34 > 1:35:57]
SOAP:   5%|▍         | 1181/25443 [34:01:06 > 1:36:01]
SOAP:   5%|▍         | 1182/25443 [35:03:30 > 1:36:07]
SOAP:   5%|▍         | 1183/25443 [33:30:05 > 1:36:11]
SOAP:   5%|▍         | 1184/25443 [32:14:56 > 1:36:16]
SOAP:   5%|▍         | 1185/25443 [38:34:02 > 1:36:24]
SOAP:   5%|▍         | 1186/25443 [29:24:14 > 1:36:25]
SOAP:   5%|▍         | 1187/25443 [35:41:49 > 1:36:32]
SOAP:   5%|▍         | 1188/25443 [27:41:55 > 1:36:34]
SOAP:   5%|▍         | 1189/25443 [30:02:40 > 1:36:39]
SOAP:   5%|▍         | 1190/25443 [31:42:03 > 1:36:44]
SOAP:   5%|▍         | 1191/25443 [33:47:28 > 1:36:50]
SOAP:   5%|▍         | 1192/25443 [42:10:51 > 1:36:59]
SOAP:   5%|▍         | 1193/25443 [32:20:00 > 1:37:01]
SOAP:   5%|▍         | 1194/25443 [38:11:48 > 1:37:08]
SOAP:   5%|▍         | 1195/25443 [30:02:07 > 1:37:10]
SOAP:   5%|▍         | 1196/25443 [30:18:07 > 1:37:15]
SOAP:   5%|▍         | 1197/25443 [29:00:16 > 1:37:18]
SOAP:   5%|▍         | 1198/25443 [32:15:21 > 1:37:24]
SOAP:   5%|▍         | 1199/25443 [28:24:48 > 1:37:27]
SOAP:   5%|▍         | 1200/25443 [30:35:31 > 1:37:33]
SOAP:   5%|▍         | 1201/25443 [41:19:23 > 1:37:42]
SOAP:   5%|▍         | 1202/25443 [31:54:29 > 1:37:44]
SOAP:   5%|▍         | 1203/25443 [32:36:26 > 1:37:49]
SOAP:   5%|▍         | 1204/25443 [33:23:08 > 1:37:54]
SOAP:   5%|▍         | 1205/25443 [33:42:10 > 1:37:59]
SOAP:   5%|▍         | 1206/25443 [33:09:43 > 1:38:04]
SOAP:   5%|▍         | 1207/25443 [32:06:33 > 1:38:08]
SOAP:   5%|▍         | 1208/25443 [31:32:29 > 1:38:13]
SOAP:   5%|▍         | 1209/25443 [30:58:43 > 1:38:17]
SOAP:   5%|▍         | 1210/25443 [36:56:48 > 1:38:25]
SOAP:   5%|▍         | 1211/25443 [28:33:41 > 1:38:26]
SOAP:   5%|▍         | 1212/25443 [31:00:53 > 1:38:32]
SOAP:   5%|▍         | 1213/25443 [29:53:46 > 1:38:36]
SOAP:   5%|▍         | 1214/25443 [31:30:42 > 1:38:41]
SOAP:   5%|▍         | 1215/25443 [31:52:19 > 1:38:46]
SOAP:   5%|▍         | 1216/25443 [34:38:05 > 1:38:52]
SOAP:   5%|▍         | 1217/25443 [41:07:08 > 1:39:00]
SOAP:   5%|▍         | 1218/25443 [31:12:37 > 1:39:01]
SOAP:   5%|▍         | 1219/25443 [31:39:00 > 1:39:06]
SOAP:   5%|▍         | 1220/25443 [31:42:12 > 1:39:11]
SOAP:   5%|▍         | 1221/25443 [30:32:58 > 1:39:15]
SOAP:   5%|▍         | 1222/25443 [31:04:42 > 1:39:20]
SOAP:   5%|▍         | 1223/25443 [29:44:21 > 1:39:24]
SOAP:   5%|▍         | 1224/25443 [29:53:33 > 1:39:28]
SOAP:   5%|▍         | 1225/25443 [30:44:43 > 1:39:33]
SOAP:   5%|▍         | 1226/25443 [31:47:32 > 1:39:38]
SOAP:   5%|▍         | 1227/25443 [33:47:37 > 1:39:44]
SOAP:   5%|▍         | 1228/25443 [34:20:49 > 1:39:49]
SOAP:   5%|▍         | 1229/25443 [34:40:01 > 1:39:55]
SOAP:   5%|▍         | 1230/25443 [35:13:16 > 1:40:00]
SOAP:   5%|▍         | 1231/25443 [33:28:29 > 1:40:05]
SOAP:   5%|▍         | 1232/25443 [34:30:00 > 1:40:10]
SOAP:   5%|▍         | 1233/25443 [32:59:33 > 1:40:14]
SOAP:   5%|▍         | 1234/25443 [31:46:06 > 1:40:19]
SOAP:   5%|▍         | 1235/25443 [30:38:36 > 1:40:23]
SOAP:   5%|▍         | 1236/25443 [31:06:19 > 1:40:28]
SOAP:   5%|▍         | 1237/25443 [29:29:54 > 1:40:31]
SOAP:   5%|▍         | 1238/25443 [30:18:33 > 1:40:36]
SOAP:   5%|▍         | 1239/25443 [31:39:02 > 1:40:41]
SOAP:   5%|▍         | 1240/25443 [32:40:44 > 1:40:47]
SOAP:   5%|▍         | 1241/25443 [34:10:15 > 1:40:52]
SOAP:   5%|▍         | 1242/25443 [42:06:55 > 1:41:01]
SOAP:   5%|▍         | 1243/25443 [32:16:48 > 1:41:03]
SOAP:   5%|▍         | 1244/25443 [31:56:05 > 1:41:07]
SOAP:   5%|▍         | 1245/25443 [31:41:19 > 1:41:12]
SOAP:   5%|▍         | 1246/25443 [31:18:45 > 1:41:16]
SOAP:   5%|▍         | 1247/25443 [29:30:46 > 1:41:20]
SOAP:   5%|▍         | 1248/25443 [28:41:23 > 1:41:24]
SOAP:   5%|▍         | 1249/25443 [29:35:58 > 1:41:29]
SOAP:   5%|▍         | 1250/25443 [31:12:27 > 1:41:34]
SOAP:   5%|▍         | 1251/25443 [31:24:10 > 1:41:39]
SOAP:   5%|▍         | 1252/25443 [34:55:41 > 1:41:45]
SOAP:   5%|▍         | 1253/25443 [42:13:43 > 1:41:54]
SOAP:   5%|▍         | 1254/25443 [32:35:29 > 1:41:56]
SOAP:   5%|▍         | 1255/25443 [33:07:44 > 1:42:01]
SOAP:   5%|▍         | 1256/25443 [32:45:14 > 1:42:05]
SOAP:   5%|▍         | 1257/25443 [31:50:18 > 1:42:10]
SOAP:   5%|▍         | 1258/25443 [31:20:30 > 1:42:14]
SOAP:   5%|▍         | 1259/25443 [36:45:52 > 1:42:22]
SOAP:   5%|▍         | 1260/25443 [28:32:12 > 1:42:23]
SOAP:   5%|▍         | 1261/25443 [28:58:57 > 1:42:28]
SOAP:   5%|▍         | 1262/25443 [29:43:00 > 1:42:32]
SOAP:   5%|▍         | 1263/25443 [30:27:17 > 1:42:37]
SOAP:   5%|▍         | 1264/25443 [31:51:32 > 1:42:42]
SOAP:   5%|▍         | 1265/25443 [32:02:17 > 1:42:47]
SOAP:   5%|▍         | 1266/25443 [34:48:44 > 1:42:53]
SOAP:   5%|▍         | 1267/25443 [33:08:46 > 1:42:58]
SOAP:   5%|▍         | 1268/25443 [33:54:12 > 1:43:03]
SOAP:   5%|▍         | 1269/25443 [40:04:03 > 1:43:11]
SOAP:   5%|▍         | 1270/25443 [30:55:11 > 1:43:12]
SOAP:   5%|▍         | 1271/25443 [29:49:25 > 1:43:17]
SOAP:   5%|▍         | 1272/25443 [30:38:09 > 1:43:21]
SOAP:   5%|▌         | 1273/25443 [29:24:10 > 1:43:25]
SOAP:   5%|▌         | 1274/25443 [29:41:52 > 1:43:30]
SOAP:   5%|▌         | 1275/25443 [30:41:39 > 1:43:35]
SOAP:   5%|▌         | 1276/25443 [31:39:33 > 1:43:40]
SOAP:   5%|▌         | 1277/25443 [33:39:00 > 1:43:46]
SOAP:   5%|▌         | 1278/25443 [34:15:58 > 1:43:51]
SOAP:   5%|▌         | 1279/25443 [34:36:47 > 1:43:56]
SOAP:   5%|▌         | 1280/25443 [41:02:40 > 1:44:04]
SOAP:   5%|▌         | 1281/25443 [31:39:24 > 1:44:06]
SOAP:   5%|▌         | 1282/25443 [33:11:23 > 1:44:11]
SOAP:   5%|▌         | 1283/25443 [32:00:12 > 1:44:16]
SOAP:   5%|▌         | 1284/25443 [31:03:23 > 1:44:20]
SOAP:   5%|▌         | 1285/25443 [30:09:20 > 1:44:24]
SOAP:   5%|▌         | 1286/25443 [30:45:30 > 1:44:29]
SOAP:   5%|▌         | 1287/25443 [29:15:20 > 1:44:33]
SOAP:   5%|▌         | 1288/25443 [30:05:51 > 1:44:38]
SOAP:   5%|▌         | 1289/25443 [31:29:07 > 1:44:43]
SOAP:   5%|▌         | 1290/25443 [32:34:59 > 1:44:48]
SOAP:   5%|▌         | 1291/25443 [34:05:27 > 1:44:54]
SOAP:   5%|▌         | 1292/25443 [39:38:55 > 1:45:02]
SOAP:   5%|▌         | 1293/25443 [32:57:09 > 1:45:04]
SOAP:   5%|▌         | 1294/25443 [32:19:33 > 1:45:09]
SOAP:   5%|▌         | 1295/25443 [31:53:54 > 1:45:13]
SOAP:   5%|▌         | 1296/25443 [31:23:38 > 1:45:18]
SOAP:   5%|▌         | 1297/25443 [30:21:40 > 1:45:22]
SOAP:   5%|▌         | 1298/25443 [28:28:57 > 1:45:26]
SOAP:   5%|▌         | 1299/25443 [29:20:50 > 1:45:30]
SOAP:   5%|▌         | 1300/25443 [31:07:30 > 1:45:36]
SOAP:   5%|▌         | 1301/25443 [41:20:26 > 1:45:45]
SOAP:   5%|▌         | 1302/25443 [31:58:24 > 1:45:47]
SOAP:   5%|▌         | 1303/25443 [32:44:33 > 1:45:52]
SOAP:   5%|▌         | 1304/25443 [33:35:38 > 1:45:57]
SOAP:   5%|▌         | 1305/25443 [34:03:05 > 1:46:02]
SOAP:   5%|▌         | 1306/25443 [33:31:33 > 1:46:07]
SOAP:   5%|▌         | 1307/25443 [39:12:59 > 1:46:15]
SOAP:   5%|▌         | 1308/25443 [30:04:39 > 1:46:16]
SOAP:   5%|▌         | 1309/25443 [30:00:09 > 1:46:21]
SOAP:   5%|▌         | 1310/25443 [29:53:43 > 1:46:25]
SOAP:   5%|▌         | 1311/25443 [30:08:01 > 1:46:30]
SOAP:   5%|▌         | 1312/25443 [30:41:00 > 1:46:35]
SOAP:   5%|▌         | 1313/25443 [31:13:07 > 1:46:39]
SOAP:   5%|▌         | 1314/25443 [32:23:25 > 1:46:45]
SOAP:   5%|▌         | 1315/25443 [32:36:47 > 1:46:50]
SOAP:   5%|▌         | 1316/25443 [35:18:43 > 1:46:56]
SOAP:   5%|▌         | 1317/25443 [33:30:51 > 1:47:00]
SOAP:   5%|▌         | 1318/25443 [34:13:20 > 1:47:06]
SOAP:   5%|▌         | 1319/25443 [33:45:04 > 1:47:10]
SOAP:   5%|▌         | 1320/25443 [33:14:24 > 1:47:15]
SOAP:   5%|▌         | 1321/25443 [31:40:11 > 1:47:19]
SOAP:   5%|▌         | 1322/25443 [32:00:29 > 1:47:24]
SOAP:   5%|▌         | 1323/25443 [30:23:48 > 1:47:28]
SOAP:   5%|▌         | 1324/25443 [37:17:07 > 1:47:36]
SOAP:   5%|▌         | 1325/25443 [36:33:40 > 1:47:41]
SOAP:   5%|▌         | 1326/25443 [28:37:19 > 1:47:43]
SOAP:   5%|▌         | 1327/25443 [31:40:23 > 1:47:49]
SOAP:   5%|▌         | 1328/25443 [32:59:15 > 1:47:54]
SOAP:   5%|▌         | 1329/25443 [33:45:23 > 1:47:59]
SOAP:   5%|▌         | 1330/25443 [34:45:09 > 1:48:05]
SOAP:   5%|▌         | 1331/25443 [33:14:19 > 1:48:09]
SOAP:   5%|▌         | 1332/25443 [34:24:01 > 1:48:15]
SOAP:   5%|▌         | 1333/25443 [32:58:07 > 1:48:19]
SOAP:   5%|▌         | 1334/25443 [31:46:58 > 1:48:24]
SOAP:   5%|▌         | 1335/25443 [30:43:03 > 1:48:28]
SOAP:   5%|▌         | 1336/25443 [35:50:56 > 1:48:35]
SOAP:   5%|▌         | 1337/25443 [28:25:34 > 1:48:37]
SOAP:   5%|▌         | 1338/25443 [29:36:12 > 1:48:42]
SOAP:   5%|▌         | 1339/25443 [36:56:19 > 1:48:50]
SOAP:   5%|▌         | 1340/25443 [30:51:36 > 1:48:52]
SOAP:   5%|▌         | 1341/25443 [41:21:37 > 1:49:02]
SOAP:   5%|▌         | 1342/25443 [31:24:08 > 1:49:03]
SOAP:   5%|▌         | 1343/25443 [33:00:58 > 1:49:09]
SOAP:   5%|▌         | 1344/25443 [32:02:29 > 1:49:13]
SOAP:   5%|▌         | 1345/25443 [31:44:38 > 1:49:18]
SOAP:   5%|▌         | 1346/25443 [31:29:43 > 1:49:22]
SOAP:   5%|▌         | 1347/25443 [29:47:04 > 1:49:26]
SOAP:   5%|▌         | 1348/25443 [29:00:27 > 1:49:30]
SOAP:   5%|▌         | 1349/25443 [29:52:12 > 1:49:35]
SOAP:   5%|▌         | 1350/25443 [31:30:54 > 1:49:40]
SOAP:   5%|▌         | 1351/25443 [31:44:47 > 1:49:45]
SOAP:   5%|▌         | 1352/25443 [35:20:16 > 1:49:52]
SOAP:   5%|▌         | 1353/25443 [35:03:09 > 1:49:57]
SOAP:   5%|▌         | 1354/25443 [35:15:37 > 1:50:02]
SOAP:   5%|▌         | 1355/25443 [42:08:39 > 1:50:11]
SOAP:   5%|▌         | 1356/25443 [32:12:55 > 1:50:12]
SOAP:   5%|▌         | 1357/25443 [38:08:20 > 1:50:20]
SOAP:   5%|▌         | 1358/25443 [29:23:03 > 1:50:21]
SOAP:   5%|▌         | 1359/25443 [29:29:13 > 1:50:26]
SOAP:   5%|▌         | 1360/25443 [29:34:47 > 1:50:30]
SOAP:   5%|▌         | 1361/25443 [29:48:36 > 1:50:35]
SOAP:   5%|▌         | 1362/25443 [30:27:11 > 1:50:40]
SOAP:   5%|▌         | 1363/25443 [31:03:53 > 1:50:44]
SOAP:   5%|▌         | 1364/25443 [32:17:08 > 1:50:50]
SOAP:   5%|▌         | 1365/25443 [32:28:05 > 1:50:55]
SOAP:   5%|▌         | 1366/25443 [35:28:16 > 1:51:01]
SOAP:   5%|▌         | 1367/25443 [42:25:32 > 1:51:10]
SOAP:   5%|▌         | 1368/25443 [37:51:06 > 1:51:14]
SOAP:   5%|▌         | 1369/25443 [39:19:28 > 1:51:20]
SOAP:   5%|▌         | 1370/25443 [40:04:56 > 1:51:26]
SOAP:   5%|▌         | 1371/25443 [39:02:22 > 1:51:32]
SOAP:   5%|▌         | 1372/25443 [40:05:11 > 1:51:38]
SOAP:   5%|▌         | 1373/25443 [46:32:47 > 1:51:48]
SOAP:   5%|▌         | 1374/25443 [37:01:10 > 1:51:50]
SOAP:   5%|▌         | 1375/25443 [47:58:04 > 1:52:01]
SOAP:   5%|▌         | 1376/25443 [48:46:38 > 1:52:08]
SOAP:   5%|▌         | 1377/25443 [38:04:52 > 1:52:10]
SOAP:   5%|▌         | 1378/25443 [40:24:18 > 1:52:17]
SOAP:   5%|▌         | 1379/25443 [52:18:09 > 1:52:29]
SOAP:   5%|▌         | 1380/25443 [43:24:06 > 1:52:32]
SOAP:   5%|▌         | 1381/25443 [50:04:16 > 1:52:42]
SOAP:   5%|▌         | 1382/25443 [38:16:29 > 1:52:44]
SOAP:   5%|▌         | 1383/25443 [38:28:31 > 1:52:50]
SOAP:   5%|▌         | 1384/25443 [40:46:22 > 1:52:57]
SOAP:   5%|▌         | 1385/25443 [36:20:03 > 1:53:01]
SOAP:   5%|▌         | 1386/25443 [38:17:52 > 1:53:07]
SOAP:   5%|▌         | 1387/25443 [36:59:48 > 1:53:12]
SOAP:   5%|▌         | 1388/25443 [46:41:01 > 1:53:22]
SOAP:   5%|▌         | 1389/25443 [38:40:50 > 1:53:25]
SOAP:   5%|▌         | 1390/25443 [40:41:41 > 1:53:32]
SOAP:   5%|▌         | 1391/25443 [54:38:49 > 1:53:45]
SOAP:   5%|▌         | 1392/25443 [49:12:18 > 1:53:51]
SOAP:   5%|▌         | 1393/25443 [40:37:53 > 1:53:54]
SOAP:   5%|▌         | 1394/25443 [40:45:01 > 1:54:00]
SOAP:   5%|▌         | 1395/25443 [46:38:20 > 1:54:09]
SOAP:   5%|▌         | 1396/25443 [39:02:07 > 1:54:12]
SOAP:   5%|▌         | 1397/25443 [37:16:53 > 1:54:17]
SOAP:   5%|▌         | 1398/25443 [36:26:02 > 1:54:22]
SOAP:   5%|▌         | 1399/25443 [38:00:30 > 1:54:29]
SOAP:   6%|▌         | 1400/25443 [40:17:26 > 1:54:35]
SOAP:   6%|▌         | 1401/25443 [53:26:26 > 1:54:48]
SOAP:   6%|▌         | 1402/25443 [41:07:02 > 1:54:50]
SOAP:   6%|▌         | 1403/25443 [42:21:13 > 1:54:57]
SOAP:   6%|▌         | 1404/25443 [43:35:17 > 1:55:04]
SOAP:   6%|▌         | 1405/25443 [44:19:41 > 1:55:10]
SOAP:   6%|▌         | 1406/25443 [45:03:47 > 1:55:17]
SOAP:   6%|▌         | 1407/25443 [46:13:16 > 1:55:25]
SOAP:   6%|▌         | 1408/25443 [40:06:31 > 1:55:29]
SOAP:   6%|▌         | 1409/25443 [40:13:15 > 1:55:35]
SOAP:   6%|▌         | 1410/25443 [39:11:04 > 1:55:40]
SOAP:   6%|▌         | 1411/25443 [39:55:55 > 1:55:46]
SOAP:   6%|▌         | 1412/25443 [39:41:01 > 1:55:52]
SOAP:   6%|▌         | 1413/25443 [40:34:00 > 1:55:59]
SOAP:   6%|▌         | 1414/25443 [42:15:18 > 1:56:06]
SOAP:   6%|▌         | 1415/25443 [42:43:17 > 1:56:12]
SOAP:   6%|▌         | 1416/25443 [46:22:48 > 1:56:20]
SOAP:   6%|▌         | 1417/25443 [54:35:05 > 1:56:31]
SOAP:   6%|▌         | 1418/25443 [41:24:02 > 1:56:33]
SOAP:   6%|▌         | 1419/25443 [47:12:49 > 1:56:42]
SOAP:   6%|▌         | 1420/25443 [40:03:39 > 1:56:46]
SOAP:   6%|▌         | 1421/25443 [48:27:35 > 1:56:56]
SOAP:   6%|▌         | 1422/25443 [37:08:11 > 1:56:58]
SOAP:   6%|▌         | 1423/25443 [44:19:59 > 1:57:07]
SOAP:   6%|▌         | 1424/25443 [35:04:10 > 1:57:09]
SOAP:   6%|▌         | 1425/25443 [37:51:15 > 1:57:15]
SOAP:   6%|▌         | 1426/25443 [51:02:01 > 1:57:28]
SOAP:   6%|▌         | 1427/25443 [41:53:43 > 1:57:31]
SOAP:   6%|▌         | 1428/25443 [41:45:16 > 1:57:37]
SOAP:   6%|▌         | 1429/25443 [43:13:58 > 1:57:44]
SOAP:   6%|▌         | 1430/25443 [52:15:57 > 1:57:55]
SOAP:   6%|▌         | 1431/25443 [41:33:09 > 1:57:57]
SOAP:   6%|▌         | 1432/25443 [50:05:00 > 1:58:08]
SOAP:   6%|▌         | 1433/25443 [38:59:22 > 1:58:10]
SOAP:   6%|▌         | 1434/25443 [38:16:17 > 1:58:15]
SOAP:   6%|▌         | 1435/25443 [37:51:23 > 1:58:21]
SOAP:   6%|▌         | 1436/25443 [39:41:07 > 1:58:27]
SOAP:   6%|▌         | 1437/25443 [42:50:01 > 1:58:35]
SOAP:   6%|▌         | 1438/25443 [37:59:27 > 1:58:39]
SOAP:   6%|▌         | 1439/25443 [40:10:12 > 1:58:46]
SOAP:   6%|▌         | 1440/25443 [53:14:11 > 1:58:58]
SOAP:   6%|▌         | 1441/25443 [41:28:44 > 1:59:00]
SOAP:   6%|▌         | 1442/25443 [42:38:18 > 1:59:07]
SOAP:   6%|▌         | 1443/25443 [43:12:56 > 1:59:14]
SOAP:   6%|▌         | 1444/25443 [42:22:29 > 1:59:20]
SOAP:   6%|▌         | 1445/25443 [50:56:58 > 1:59:31]
SOAP:   6%|▌         | 1446/25443 [45:02:30 > 1:59:35]
SOAP:   6%|▌         | 1447/25443 [42:30:43 > 1:59:41]
SOAP:   6%|▌         | 1448/25443 [32:58:56 > 1:59:42]
SOAP:   6%|▌         | 1449/25443 [35:39:31 > 1:59:49]
SOAP:   6%|▌         | 1450/25443 [38:46:44 > 1:59:56]
SOAP:   6%|▌         | 1451/25443 [40:06:17 > 2:00:02]
SOAP:   6%|▌         | 1452/25443 [44:54:19 > 2:00:11]
SOAP:   6%|▌         | 1453/25443 [45:01:33 > 2:00:17]
SOAP:   6%|▌         | 1454/25443 [45:22:52 > 2:00:24]
SOAP:   6%|▌         | 1455/25443 [54:33:32 > 2:00:36]
SOAP:   6%|▌         | 1456/25443 [50:12:15 > 2:00:42]
SOAP:   6%|▌         | 1457/25443 [38:27:24 > 2:00:43]
SOAP:   6%|▌         | 1458/25443 [47:04:41 > 2:00:53]
SOAP:   6%|▌         | 1459/25443 [40:46:12 > 2:00:57]
SOAP:   6%|▌         | 1460/25443 [35:30:28 > 2:01:01]
SOAP:   6%|▌         | 1461/25443 [45:39:42 > 2:01:11]
SOAP:   6%|▌         | 1462/25443 [44:00:10 > 2:01:17]
SOAP:   6%|▌         | 1463/25443 [34:38:28 > 2:01:19]
SOAP:   6%|▌         | 1464/25443 [42:17:52 > 2:01:28]
SOAP:   6%|▌         | 1465/25443 [38:08:25 > 2:01:32]
SOAP:   6%|▌         | 1466/25443 [43:09:09 > 2:01:41]
SOAP:   6%|▌         | 1467/25443 [52:22:22 > 2:01:52]
SOAP:   6%|▌         | 1468/25443 [40:59:00 > 2:01:54]
SOAP:   6%|▌         | 1469/25443 [40:26:38 > 2:02:00]
SOAP:   6%|▌         | 1470/25443 [48:38:47 > 2:02:10]
SOAP:   6%|▌         | 1471/25443 [37:21:53 > 2:02:12]
SOAP:   6%|▌         | 1472/25443 [45:09:52 > 2:02:21]
SOAP:   6%|▌         | 1473/25443 [35:39:13 > 2:02:23]
SOAP:   6%|▌         | 1474/25443 [45:49:33 > 2:02:34]
SOAP:   6%|▌         | 1475/25443 [35:56:10 > 2:02:36]
SOAP:   6%|▌         | 1476/25443 [38:36:01 > 2:02:42]
SOAP:   6%|▌         | 1477/25443 [46:49:59 > 2:02:52]
SOAP:   6%|▌         | 1478/25443 [42:31:46 > 2:02:57]
SOAP:   6%|▌         | 1479/25443 [42:53:17 > 2:03:04]
SOAP:   6%|▌         | 1480/25443 [49:55:34 > 2:03:14]
SOAP:   6%|▌         | 1481/25443 [51:56:03 > 2:03:22]
SOAP:   6%|▌         | 1482/25443 [39:33:57 > 2:03:24]
SOAP:   6%|▌         | 1483/25443 [47:24:37 > 2:03:34]
SOAP:   6%|▌         | 1484/25443 [36:46:49 > 2:03:35]
SOAP:   6%|▌         | 1485/25443 [36:37:41 > 2:03:41]
SOAP:   6%|▌         | 1486/25443 [38:34:45 > 2:03:47]
SOAP:   6%|▌         | 1487/25443 [37:02:59 > 2:03:52]
SOAP:   6%|▌         | 1488/25443 [38:42:40 > 2:03:59]
SOAP:   6%|▌         | 1489/25443 [40:42:07 > 2:04:06]
SOAP:   6%|▌         | 1490/25443 [52:38:20 > 2:04:18]
SOAP:   6%|▌         | 1491/25443 [41:05:06 > 2:04:20]
SOAP:   6%|▌         | 1492/25443 [42:28:56 > 2:04:27]
SOAP:   6%|▌         | 1493/25443 [44:00:02 > 2:04:34]
SOAP:   6%|▌         | 1494/25443 [50:42:10 > 2:04:44]
SOAP:   6%|▌         | 1495/25443 [39:02:06 > 2:04:46]
SOAP:   6%|▌         | 1496/25443 [39:29:23 > 2:04:52]
SOAP:   6%|▌         | 1497/25443 [37:35:09 > 2:04:57]
SOAP:   6%|▌         | 1498/25443 [42:31:31 > 2:05:05]
SOAP:   6%|▌         | 1499/25443 [36:45:50 > 2:05:08]
SOAP:   6%|▌         | 1500/25443 [47:42:57 > 2:05:19]
SOAP:   6%|▌         | 1501/25443 [50:37:47 > 2:05:28]
SOAP:   6%|▌         | 1502/25443 [39:19:34 > 2:05:30]
SOAP:   6%|▌         | 1503/25443 [40:59:18 > 2:05:37]
SOAP:   6%|▌         | 1504/25443 [52:58:02 > 2:05:49]
SOAP:   6%|▌         | 1505/25443 [40:29:59 > 2:05:51]
SOAP:   6%|▌         | 1506/25443 [48:57:46 > 2:06:01]
SOAP:   6%|▌         | 1507/25443 [37:26:35 > 2:06:03]
SOAP:   6%|▌         | 1508/25443 [39:36:58 > 2:06:09]
SOAP:   6%|▌         | 1509/25443 [37:47:20 > 2:06:14]
SOAP:   6%|▌         | 1510/25443 [42:15:35 > 2:06:22]
SOAP:   6%|▌         | 1511/25443 [46:00:59 > 2:06:30]
SOAP:   6%|▌         | 1512/25443 [38:15:29 > 2:06:33]
SOAP:   6%|▌         | 1513/25443 [36:42:23 > 2:06:38]
SOAP:   6%|▌         | 1514/25443 [39:36:30 > 2:06:45]
SOAP:   6%|▌         | 1515/25443 [40:57:01 > 2:06:52]
SOAP:   6%|▌         | 1516/25443 [52:20:14 > 2:07:04]
SOAP:   6%|▌         | 1517/25443 [40:25:01 > 2:07:06]
SOAP:   6%|▌         | 1518/25443 [51:06:46 > 2:07:17]
SOAP:   6%|▌         | 1519/25443 [48:19:04 > 2:07:24]
SOAP:   6%|▌         | 1520/25443 [37:35:09 > 2:07:25]
SOAP:   6%|▌         | 1521/25443 [36:55:16 > 2:07:31]
SOAP:   6%|▌         | 1522/25443 [44:55:52 > 2:07:40]
SOAP:   6%|▌         | 1523/25443 [42:42:15 > 2:07:46]
SOAP:   6%|▌         | 1524/25443 [34:44:15 > 2:07:48]
SOAP:   6%|▌         | 1525/25443 [35:55:35 > 2:07:54]
SOAP:   6%|▌         | 1526/25443 [38:17:02 > 2:08:01]
SOAP:   6%|▌         | 1527/25443 [51:51:27 > 2:08:13]
SOAP:   6%|▌         | 1528/25443 [40:56:56 > 2:08:16]
SOAP:   6%|▌         | 1529/25443 [42:34:00 > 2:08:23]
SOAP:   6%|▌         | 1530/25443 [44:35:59 > 2:08:30]
SOAP:   6%|▌         | 1531/25443 [42:21:05 > 2:08:36]
SOAP:   6%|▌         | 1532/25443 [51:47:17 > 2:08:47]
SOAP:   6%|▌         | 1533/25443 [40:17:09 > 2:08:49]
SOAP:   6%|▌         | 1534/25443 [47:18:04 > 2:08:58]
SOAP:   6%|▌         | 1535/25443 [45:57:33 > 2:09:05]
SOAP:   6%|▌         | 1536/25443 [35:51:52 > 2:09:07]
SOAP:   6%|▌         | 1537/25443 [35:00:03 > 2:09:12]
SOAP:   6%|▌         | 1538/25443 [43:02:14 > 2:09:21]
SOAP:   6%|▌         | 1539/25443 [38:09:36 > 2:09:25]
SOAP:   6%|▌         | 1540/25443 [39:47:17 > 2:09:32]
SOAP:   6%|▌         | 1541/25443 [42:24:37 > 2:09:39]
SOAP:   6%|▌         | 1542/25443 [50:17:05 > 2:09:49]
SOAP:   6%|▌         | 1543/25443 [50:07:18 > 2:09:57]
SOAP:   6%|▌         | 1544/25443 [39:32:52 > 2:09:59]
SOAP:   6%|▌         | 1545/25443 [48:52:04 > 2:10:10]
SOAP:   6%|▌         | 1546/25443 [41:50:19 > 2:10:14]
SOAP:   6%|▌         | 1547/25443 [34:22:29 > 2:10:16]
SOAP:   6%|▌         | 1548/25443 [36:56:41 > 2:10:23]
SOAP:   6%|▌         | 1549/25443 [35:45:14 > 2:10:28]
SOAP:   6%|▌         | 1550/25443 [38:31:45 > 2:10:34]
SOAP:   6%|▌         | 1551/25443 [39:52:43 > 2:10:41]
SOAP:   6%|▌         | 1552/25443 [45:01:37 > 2:10:49]
SOAP:   6%|▌         | 1553/25443 [51:23:24 > 2:10:59]
SOAP:   6%|▌         | 1554/25443 [45:21:07 > 2:11:04]
SOAP:   6%|▌         | 1555/25443 [44:49:42 > 2:11:11]
SOAP:   6%|▌         | 1556/25443 [52:24:36 > 2:11:21]
SOAP:   6%|▌         | 1557/25443 [45:37:41 > 2:11:26]
SOAP:   6%|▌         | 1558/25443 [38:41:02 > 2:11:29]
SOAP:   6%|▌         | 1559/25443 [39:06:50 > 2:11:35]
SOAP:   6%|▌         | 1560/25443 [38:14:46 > 2:11:41]
SOAP:   6%|▌         | 1561/25443 [44:16:36 > 2:11:49]
SOAP:   6%|▌         | 1562/25443 [37:17:54 > 2:11:53]
SOAP:   6%|▌         | 1563/25443 [38:45:48 > 2:11:59]
SOAP:   6%|▌         | 1564/25443 [40:37:33 > 2:12:06]
SOAP:   6%|▌         | 1565/25443 [53:40:37 > 2:12:18]
SOAP:   6%|▌         | 1566/25443 [41:17:49 > 2:12:20]
SOAP:   6%|▌         | 1567/25443 [40:00:51 > 2:12:26]
SOAP:   6%|▌         | 1568/25443 [41:50:51 > 2:12:33]
SOAP:   6%|▌         | 1569/25443 [41:34:16 > 2:12:39]
SOAP:   6%|▌         | 1570/25443 [45:45:15 > 2:12:47]
SOAP:   6%|▌         | 1571/25443 [41:00:50 > 2:12:52]
SOAP:   6%|▌         | 1572/25443 [39:36:09 > 2:12:57]
SOAP:   6%|▌         | 1573/25443 [37:43:31 > 2:13:02]
SOAP:   6%|▌         | 1574/25443 [43:46:47 > 2:13:11]
SOAP:   6%|▌         | 1575/25443 [43:13:19 > 2:13:17]
SOAP:   6%|▌         | 1576/25443 [39:18:40 > 2:13:22]
SOAP:   6%|▌         | 1577/25443 [41:40:36 > 2:13:29]
SOAP:   6%|▌         | 1578/25443 [52:01:34 > 2:13:41]
SOAP:   6%|▌         | 1579/25443 [42:20:04 > 2:13:44]
SOAP:   6%|▌         | 1580/25443 [43:58:03 > 2:13:51]
SOAP:   6%|▌         | 1581/25443 [42:31:41 > 2:13:57]
SOAP:   6%|▌         | 1582/25443 [44:18:02 > 2:14:04]
SOAP:   6%|▌         | 1583/25443 [50:26:05 > 2:14:14]
SOAP:   6%|▌         | 1584/25443 [39:09:06 > 2:14:16]
SOAP:   6%|▌         | 1585/25443 [37:34:20 > 2:14:21]
SOAP:   6%|▌         | 1586/25443 [39:16:32 > 2:14:27]
SOAP:   6%|▌         | 1587/25443 [37:37:31 > 2:14:32]
SOAP:   6%|▌         | 1588/25443 [47:56:32 > 2:14:43]
SOAP:   6%|▌         | 1589/25443 [38:08:46 > 2:14:46]
SOAP:   6%|▌         | 1590/25443 [40:22:07 > 2:14:52]
SOAP:   6%|▋         | 1591/25443 [43:15:33 > 2:15:00]
SOAP:   6%|▋         | 1592/25443 [54:05:23 > 2:15:12]
SOAP:   6%|▋         | 1593/25443 [41:37:02 > 2:15:14]
SOAP:   6%|▋         | 1594/25443 [49:49:08 > 2:15:24]
SOAP:   6%|▋         | 1595/25443 [47:54:17 > 2:15:31]
SOAP:   6%|▋         | 1596/25443 [36:48:19 > 2:15:33]
SOAP:   6%|▋         | 1597/25443 [35:45:11 > 2:15:38]
SOAP:   6%|▋         | 1598/25443 [35:16:21 > 2:15:43]
SOAP:   6%|▋         | 1599/25443 [37:25:17 > 2:15:49]
SOAP:   6%|▋         | 1600/25443 [39:56:11 > 2:15:56]
SOAP:   6%|▋         | 1601/25443 [53:44:58 > 2:16:09]
SOAP:   6%|▋         | 1602/25443 [41:18:58 > 2:16:11]
SOAP:   6%|▋         | 1603/25443 [42:10:51 > 2:16:18]
SOAP:   6%|▋         | 1604/25443 [43:14:25 > 2:16:24]
SOAP:   6%|▋         | 1605/25443 [49:19:53 > 2:16:34]
SOAP:   6%|▋         | 1606/25443 [41:17:51 > 2:16:37]
SOAP:   6%|▋         | 1607/25443 [48:28:16 > 2:16:47]
SOAP:   6%|▋         | 1608/25443 [37:16:32 > 2:16:49]
SOAP:   6%|▋         | 1609/25443 [38:20:26 > 2:16:55]
SOAP:   6%|▋         | 1610/25443 [37:40:35 > 2:17:01]
SOAP:   6%|▋         | 1611/25443 [39:47:05 > 2:17:07]
SOAP:   6%|▋         | 1612/25443 [38:19:41 > 2:17:13]
SOAP:   6%|▋         | 1613/25443 [39:24:23 > 2:17:19]
SOAP:   6%|▋         | 1614/25443 [41:03:33 > 2:17:26]
SOAP:   6%|▋         | 1615/25443 [53:53:54 > 2:17:38]
SOAP:   6%|▋         | 1616/25443 [49:45:58 > 2:17:44]
SOAP:   6%|▋         | 1617/25443 [38:01:05 > 2:17:46]
SOAP:   6%|▋         | 1618/25443 [49:46:14 > 2:17:58]
SOAP:   6%|▋         | 1619/25443 [44:13:04 > 2:18:02]
SOAP:   6%|▋         | 1620/25443 [37:31:07 > 2:18:06]
SOAP:   6%|▋         | 1621/25443 [36:41:49 > 2:18:11]
SOAP:   6%|▋         | 1622/25443 [38:26:01 > 2:18:17]
SOAP:   6%|▋         | 1623/25443 [36:45:37 > 2:18:22]
SOAP:   6%|▋         | 1624/25443 [37:34:36 > 2:18:28]
SOAP:   6%|▋         | 1625/25443 [44:25:40 > 2:18:38]
SOAP:   6%|▋         | 1626/25443 [39:31:27 > 2:18:42]
SOAP:   6%|▋         | 1627/25443 [42:44:41 > 2:18:49]
SOAP:   6%|▋         | 1628/25443 [45:55:19 > 2:18:57]
SOAP:   6%|▋         | 1629/25443 [44:19:06 > 2:19:04]
SOAP:   6%|▋         | 1630/25443 [45:25:18 > 2:19:11]
SOAP:   6%|▋         | 1631/25443 [43:34:40 > 2:19:17]
SOAP:   6%|▋         | 1632/25443 [52:03:50 > 2:19:28]
SOAP:   6%|▋         | 1633/25443 [40:01:24 > 2:19:29]
SOAP:   6%|▋         | 1634/25443 [39:29:51 > 2:19:35]
SOAP:   6%|▋         | 1635/25443 [38:15:14 > 2:19:41]
SOAP:   6%|▋         | 1636/25443 [40:46:08 > 2:19:48]
SOAP:   6%|▋         | 1637/25443 [37:18:15 > 2:19:52]
SOAP:   6%|▋         | 1638/25443 [47:23:57 > 2:20:03]
SOAP:   6%|▋         | 1639/25443 [38:05:10 > 2:20:05]
SOAP:   6%|▋         | 1640/25443 [51:21:44 > 2:20:18]
SOAP:   6%|▋         | 1641/25443 [42:23:23 > 2:20:21]
SOAP:   6%|▋         | 1642/25443 [41:44:09 > 2:20:27]
SOAP:   6%|▋         | 1643/25443 [43:23:27 > 2:20:34]
SOAP:   6%|▋         | 1644/25443 [42:35:54 > 2:20:40]
SOAP:   6%|▋         | 1645/25443 [47:59:35 > 2:20:50]
SOAP:   6%|▋         | 1646/25443 [39:07:29 > 2:20:52]
SOAP:   6%|▋         | 1647/25443 [37:16:53 > 2:20:57]
SOAP:   6%|▋         | 1648/25443 [36:15:55 > 2:21:02]
SOAP:   6%|▋         | 1649/25443 [37:33:28 > 2:21:09]
SOAP:   6%|▋         | 1650/25443 [48:16:29 > 2:21:20]
SOAP:   6%|▋         | 1651/25443 [50:18:28 > 2:21:28]
SOAP:   6%|▋         | 1652/25443 [39:30:57 > 2:21:30]
SOAP:   6%|▋         | 1653/25443 [41:07:23 > 2:21:37]
SOAP:   7%|▋         | 1654/25443 [42:51:49 > 2:21:44]
SOAP:   7%|▋         | 1655/25443 [43:35:19 > 2:21:51]
SOAP:   7%|▋         | 1656/25443 [51:06:23 > 2:22:01]
SOAP:   7%|▋         | 1657/25443 [43:28:32 > 2:22:05]
SOAP:   7%|▋         | 1658/25443 [45:45:56 > 2:22:13]
SOAP:   7%|▋         | 1659/25443 [41:10:25 > 2:22:18]
SOAP:   7%|▋         | 1660/25443 [35:05:00 > 2:22:21]
SOAP:   7%|▋         | 1661/25443 [41:13:06 > 2:22:29]
SOAP:   7%|▋         | 1662/25443 [36:01:01 > 2:22:33]
SOAP:   7%|▋         | 1663/25443 [37:43:28 > 2:22:39]
SOAP:   7%|▋         | 1664/25443 [39:58:14 > 2:22:46]
SOAP:   7%|▋         | 1665/25443 [41:05:18 > 2:22:52]
SOAP:   7%|▋         | 1666/25443 [45:09:20 > 2:23:01]
SOAP:   7%|▋         | 1667/25443 [43:56:33 > 2:23:07]
SOAP:   7%|▋         | 1668/25443 [43:39:10 > 2:23:13]
SOAP:   7%|▋         | 1669/25443 [51:46:02 > 2:23:24]
SOAP:   7%|▋         | 1670/25443 [39:46:45 > 2:23:26]
SOAP:   7%|▋         | 1671/25443 [38:06:54 > 2:23:31]
SOAP:   7%|▋         | 1672/25443 [39:23:25 > 2:23:38]
SOAP:   7%|▋         | 1673/25443 [37:21:53 > 2:23:43]
SOAP:   7%|▋         | 1674/25443 [37:56:37 > 2:23:48]
SOAP:   7%|▋         | 1675/25443 [44:46:37 > 2:23:58]
SOAP:   7%|▋         | 1676/25443 [39:36:55 > 2:24:02]
SOAP:   7%|▋         | 1677/25443 [51:06:53 > 2:24:14]
SOAP:   7%|▋         | 1678/25443 [42:17:09 > 2:24:17]
SOAP:   7%|▋         | 1679/25443 [53:52:52 > 2:24:29]
SOAP:   7%|▋         | 1680/25443 [41:07:29 > 2:24:31]
SOAP:   7%|▋         | 1681/25443 [51:30:36 > 2:24:42]
SOAP:   7%|▋         | 1682/25443 [39:13:28 > 2:24:44]
SOAP:   7%|▋         | 1683/25443 [46:58:06 > 2:24:54]
SOAP:   7%|▋         | 1684/25443 [43:40:04 > 2:24:59]
SOAP:   7%|▋         | 1685/25443 [34:00:21 > 2:25:01]
SOAP:   7%|▋         | 1686/25443 [36:42:58 > 2:25:08]
SOAP:   7%|▋         | 1687/25443 [35:31:10 > 2:25:13]
SOAP:   7%|▋         | 1688/25443 [37:10:55 > 2:25:19]
SOAP:   7%|▋         | 1689/25443 [49:15:30 > 2:25:30]
SOAP:   7%|▋         | 1690/25443 [38:08:51 > 2:25:32]
SOAP:   7%|▋         | 1691/25443 [47:26:08 > 2:25:43]
SOAP:   7%|▋         | 1692/25443 [41:42:59 > 2:25:47]
SOAP:   7%|▋         | 1693/25443 [42:54:21 > 2:25:54]
SOAP:   7%|▋         | 1694/25443 [42:08:49 > 2:26:00]
SOAP:   7%|▋         | 1695/25443 [41:30:37 > 2:26:06]
SOAP:   7%|▋         | 1696/25443 [47:21:58 > 2:26:15]
SOAP:   7%|▋         | 1697/25443 [36:10:40 > 2:26:17]
SOAP:   7%|▋         | 1698/25443 [35:54:54 > 2:26:22]
SOAP:   7%|▋         | 1699/25443 [46:09:09 > 2:26:33]
SOAP:   7%|▋         | 1700/25443 [43:28:39 > 2:26:39]
SOAP:   7%|▋         | 1701/25443 [49:50:48 > 2:26:48]
SOAP:   7%|▋         | 1702/25443 [38:41:09 > 2:26:50]
SOAP:   7%|▋         | 1703/25443 [40:16:47 > 2:26:57]
SOAP:   7%|▋         | 1704/25443 [42:09:24 > 2:27:04]
SOAP:   7%|▋         | 1705/25443 [42:46:54 > 2:27:11]
SOAP:   7%|▋         | 1706/25443 [42:04:31 > 2:27:17]
SOAP:   7%|▋         | 1707/25443 [40:37:26 > 2:27:23]
SOAP:   7%|▋         | 1708/25443 [40:36:02 > 2:27:29]
SOAP:   7%|▋         | 1709/25443 [47:49:23 > 2:27:39]
SOAP:   7%|▋         | 1710/25443 [37:01:55 > 2:27:40]
SOAP:   7%|▋         | 1711/25443 [37:19:24 > 2:27:46]
SOAP:   7%|▋         | 1712/25443 [38:51:24 > 2:27:53]
SOAP:   7%|▋         | 1713/25443 [48:41:31 > 2:28:03]
SOAP:   7%|▋         | 1714/25443 [38:47:51 > 2:28:06]
SOAP:   7%|▋         | 1715/25443 [40:35:03 > 2:28:13]
SOAP:   7%|▋         | 1716/25443 [51:27:04 > 2:28:24]
SOAP:   7%|▋         | 1717/25443 [39:09:45 > 2:28:26]
SOAP:   7%|▋         | 1718/25443 [41:06:54 > 2:28:33]
SOAP:   7%|▋         | 1719/25443 [41:29:28 > 2:28:39]
SOAP:   7%|▋         | 1720/25443 [41:07:59 > 2:28:45]
SOAP:   7%|▋         | 1721/25443 [48:42:35 > 2:28:55]
SOAP:   7%|▋         | 1722/25443 [37:17:52 > 2:28:57]
SOAP:   7%|▋         | 1723/25443 [36:06:51 > 2:29:02]
SOAP:   7%|▋         | 1724/25443 [36:52:17 > 2:29:08]
SOAP:   7%|▋         | 1725/25443 [38:45:33 > 2:29:14]
SOAP:   7%|▋         | 1726/25443 [40:34:02 > 2:29:21]
SOAP:   7%|▋         | 1727/25443 [43:54:35 > 2:29:29]
SOAP:   7%|▋         | 1728/25443 [44:09:32 > 2:29:36]
SOAP:   7%|▋         | 1729/25443 [44:23:06 > 2:29:43]
SOAP:   7%|▋         | 1730/25443 [44:46:51 > 2:29:50]
SOAP:   7%|▋         | 1731/25443 [53:16:24 > 2:30:01]
SOAP:   7%|▋         | 1732/25443 [41:17:37 > 2:30:03]
SOAP:   7%|▋         | 1733/25443 [40:21:35 > 2:30:09]
SOAP:   7%|▋         | 1734/25443 [39:13:32 > 2:30:14]
SOAP:   7%|▋         | 1735/25443 [38:10:44 > 2:30:20]
SOAP:   7%|▋         | 1736/25443 [45:23:49 > 2:30:29]
SOAP:   7%|▋         | 1737/25443 [35:19:30 > 2:30:31]
SOAP:   7%|▋         | 1738/25443 [46:03:19 > 2:30:42]
SOAP:   7%|▋         | 1739/25443 [46:27:47 > 2:30:49]
SOAP:   7%|▋         | 1740/25443 [36:24:23 > 2:30:51]
SOAP:   7%|▋         | 1741/25443 [46:07:57 > 2:31:01]
SOAP:   7%|▋         | 1742/25443 [50:30:24 > 2:31:10]
SOAP:   7%|▋         | 1743/25443 [42:44:59 > 2:31:14]
SOAP:   7%|▋         | 1744/25443 [46:23:29 > 2:31:23]
SOAP:   7%|▋         | 1745/25443 [35:55:17 > 2:31:24]
SOAP:   7%|▋         | 1746/25443 [43:44:18 > 2:31:34]
SOAP:   7%|▋         | 1747/25443 [38:49:55 > 2:31:38]
SOAP:   7%|▋         | 1748/25443 [33:27:30 > 2:31:41]
SOAP:   7%|▋         | 1749/25443 [34:55:09 > 2:31:47]
SOAP:   7%|▋         | 1750/25443 [38:00:54 > 2:31:54]
SOAP:   7%|▋         | 1751/25443 [47:11:42 > 2:32:04]
SOAP:   7%|▋         | 1752/25443 [42:57:48 > 2:32:09]
SOAP:   7%|▋         | 1753/25443 [51:55:51 > 2:32:20]
SOAP:   7%|▋         | 1754/25443 [46:28:36 > 2:32:25]
SOAP:   7%|▋         | 1755/25443 [39:58:30 > 2:32:29]
SOAP:   7%|▋         | 1756/25443 [40:23:51 > 2:32:35]
SOAP:   7%|▋         | 1757/25443 [39:51:05 > 2:32:41]
SOAP:   7%|▋         | 1758/25443 [40:58:14 > 2:32:48]
SOAP:   7%|▋         | 1759/25443 [46:29:14 > 2:32:57]
SOAP:   7%|▋         | 1760/25443 [44:44:41 > 2:33:03]
SOAP:   7%|▋         | 1761/25443 [36:52:34 > 2:33:06]
SOAP:   7%|▋         | 1762/25443 [36:00:48 > 2:33:11]
SOAP:   7%|▋         | 1763/25443 [37:40:54 > 2:33:17]
SOAP:   7%|▋         | 1764/25443 [39:35:16 > 2:33:24]
SOAP:   7%|▋         | 1765/25443 [43:12:53 > 2:33:32]
SOAP:   7%|▋         | 1766/25443 [43:10:19 > 2:33:39]
SOAP:   7%|▋         | 1767/25443 [41:15:42 > 2:33:44]
SOAP:   7%|▋         | 1768/25443 [42:26:00 > 2:33:51]
SOAP:   7%|▋         | 1769/25443 [42:17:34 > 2:33:57]
SOAP:   7%|▋         | 1770/25443 [47:00:33 > 2:34:06]
SOAP:   7%|▋         | 1771/25443 [39:04:26 > 2:34:09]
SOAP:   7%|▋         | 1772/25443 [39:22:51 > 2:34:15]
SOAP:   7%|▋         | 1773/25443 [45:18:13 > 2:34:24]
SOAP:   7%|▋         | 1774/25443 [44:23:56 > 2:34:31]
SOAP:   7%|▋         | 1775/25443 [35:01:43 > 2:34:33]
SOAP:   7%|▋         | 1776/25443 [37:33:47 > 2:34:40]
SOAP:   7%|▋         | 1777/25443 [51:45:15 > 2:34:52]
SOAP:   7%|▋         | 1778/25443 [39:53:23 > 2:34:54]
SOAP:   7%|▋         | 1779/25443 [41:23:59 > 2:35:01]
SOAP:   7%|▋         | 1780/25443 [48:00:07 > 2:35:11]
SOAP:   7%|▋         | 1781/25443 [47:09:05 > 2:35:18]
SOAP:   7%|▋         | 1782/25443 [39:53:03 > 2:35:21]
SOAP:   7%|▋         | 1783/25443 [39:20:35 > 2:35:27]
SOAP:   7%|▋         | 1784/25443 [38:44:24 > 2:35:33]
SOAP:   7%|▋         | 1785/25443 [37:33:05 > 2:35:38]
SOAP:   7%|▋         | 1786/25443 [45:48:32 > 2:35:48]
SOAP:   7%|▋         | 1787/25443 [35:34:25 > 2:35:50]
SOAP:   7%|▋         | 1788/25443 [37:35:28 > 2:35:56]
SOAP:   7%|▋         | 1789/25443 [39:43:00 > 2:36:03]
SOAP:   7%|▋         | 1790/25443 [52:09:39 > 2:36:15]
SOAP:   7%|▋         | 1791/25443 [40:19:18 > 2:36:17]
SOAP:   7%|▋         | 1792/25443 [51:22:05 > 2:36:29]
SOAP:   7%|▋         | 1793/25443 [46:55:30 > 2:36:34]
SOAP:   7%|▋         | 1794/25443 [38:10:14 > 2:36:37]
SOAP:   7%|▋         | 1795/25443 [37:30:32 > 2:36:43]
SOAP:   7%|▋         | 1796/25443 [38:15:35 > 2:36:49]
SOAP:   7%|▋         | 1797/25443 [42:41:04 > 2:36:57]
SOAP:   7%|▋         | 1798/25443 [40:55:26 > 2:37:02]
SOAP:   7%|▋         | 1799/25443 [32:28:39 > 2:37:04]
SOAP:   7%|▋         | 1800/25443 [36:14:39 > 2:37:11]
SOAP:   7%|▋         | 1801/25443 [51:05:22 > 2:37:24]
SOAP:   7%|▋         | 1802/25443 [39:27:19 > 2:37:26]
SOAP:   7%|▋         | 1803/25443 [40:42:36 > 2:37:33]
SOAP:   7%|▋         | 1804/25443 [42:09:03 > 2:37:40]
SOAP:   7%|▋         | 1805/25443 [42:44:51 > 2:37:46]
SOAP:   7%|▋         | 1806/25443 [42:32:52 > 2:37:53]
SOAP:   7%|▋         | 1807/25443 [41:27:23 > 2:37:59]
SOAP:   7%|▋         | 1808/25443 [40:43:37 > 2:38:05]
SOAP:   7%|▋         | 1809/25443 [40:55:03 > 2:38:11]
SOAP:   7%|▋         | 1810/25443 [38:50:45 > 2:38:16]
SOAP:   7%|▋         | 1811/25443 [39:01:58 > 2:38:22]
SOAP:   7%|▋         | 1812/25443 [38:54:01 > 2:38:28]
SOAP:   7%|▋         | 1813/25443 [39:34:07 > 2:38:34]
SOAP:   7%|▋         | 1814/25443 [41:08:25 > 2:38:41]
SOAP:   7%|▋         | 1815/25443 [41:43:19 > 2:38:48]
SOAP:   7%|▋         | 1816/25443 [52:29:06 > 2:39:00]
SOAP:   7%|▋         | 1817/25443 [39:53:53 > 2:39:01]
SOAP:   7%|▋         | 1818/25443 [41:10:07 > 2:39:08]
SOAP:   7%|▋         | 1819/25443 [49:27:47 > 2:39:18]
SOAP:   7%|▋         | 1820/25443 [43:31:31 > 2:39:23]
SOAP:   7%|▋         | 1821/25443 [45:38:13 > 2:39:31]
SOAP:   7%|▋         | 1822/25443 [34:58:05 > 2:39:32]
SOAP:   7%|▋         | 1823/25443 [34:16:24 > 2:39:37]
SOAP:   7%|▋         | 1824/25443 [35:19:38 > 2:39:43]
SOAP:   7%|▋         | 1825/25443 [37:23:30 > 2:39:49]
SOAP:   7%|▋         | 1826/25443 [39:19:58 > 2:39:56]
SOAP:   7%|▋         | 1827/25443 [50:35:48 > 2:40:08]
SOAP:   7%|▋         | 1828/25443 [40:52:18 > 2:40:10]
SOAP:   7%|▋         | 1829/25443 [41:58:38 > 2:40:17]
SOAP:   7%|▋         | 1830/25443 [43:21:00 > 2:40:24]
SOAP:   7%|▋         | 1831/25443 [52:38:14 > 2:40:36]
SOAP:   7%|▋         | 1832/25443 [40:04:10 > 2:40:37]
SOAP:   7%|▋         | 1833/25443 [39:11:33 > 2:40:43]
SOAP:   7%|▋         | 1834/25443 [45:26:13 > 2:40:52]
SOAP:   7%|▋         | 1835/25443 [44:07:05 > 2:40:58]
SOAP:   7%|▋         | 1836/25443 [39:59:05 > 2:41:03]
SOAP:   7%|▋         | 1837/25443 [37:55:50 > 2:41:08]
SOAP:   7%|▋         | 1838/25443 [32:37:57 > 2:41:11]
SOAP:   7%|▋         | 1839/25443 [36:17:18 > 2:41:18]
SOAP:   7%|▋         | 1840/25443 [50:30:28 > 2:41:31]
SOAP:   7%|▋         | 1841/25443 [39:15:22 > 2:41:33]
SOAP:   7%|▋         | 1842/25443 [40:49:57 > 2:41:40]
SOAP:   7%|▋         | 1843/25443 [41:53:21 > 2:41:46]
SOAP:   7%|▋         | 1844/25443 [41:07:49 > 2:41:52]
SOAP:   7%|▋         | 1845/25443 [49:16:49 > 2:42:03]
SOAP:   7%|▋         | 1846/25443 [37:32:26 > 2:42:04]
SOAP:   7%|▋         | 1847/25443 [41:50:48 > 2:42:12]
SOAP:   7%|▋         | 1848/25443 [33:16:15 > 2:42:14]
SOAP:   7%|▋         | 1849/25443 [44:07:41 > 2:42:25]
SOAP:   7%|▋         | 1850/25443 [35:36:18 > 2:42:27]
SOAP:   7%|▋         | 1851/25443 [36:30:31 > 2:42:33]
SOAP:   7%|▋         | 1852/25443 [50:11:30 > 2:42:46]
SOAP:   7%|▋         | 1853/25443 [46:20:46 > 2:42:51]
SOAP:   7%|▋         | 1854/25443 [40:38:05 > 2:42:56]
SOAP:   7%|▋         | 1855/25443 [41:37:14 > 2:43:02]
SOAP:   7%|▋         | 1856/25443 [49:40:27 > 2:43:13]
SOAP:   7%|▋         | 1857/25443 [46:02:51 > 2:43:18]
SOAP:   7%|▋         | 1858/25443 [36:10:44 > 2:43:20]
SOAP:   7%|▋         | 1859/25443 [36:19:51 > 2:43:26]
SOAP:   7%|▋         | 1860/25443 [36:17:36 > 2:43:32]
SOAP:   7%|▋         | 1861/25443 [44:53:43 > 2:43:41]
SOAP:   7%|▋         | 1862/25443 [44:15:28 > 2:43:48]
SOAP:   7%|▋         | 1863/25443 [43:42:07 > 2:43:54]
SOAP:   7%|▋         | 1864/25443 [44:42:06 > 2:44:02]
SOAP:   7%|▋         | 1865/25443 [46:42:35 > 2:44:10]
SOAP:   7%|▋         | 1866/25443 [36:16:35 > 2:44:11]
SOAP:   7%|▋         | 1867/25443 [35:39:33 > 2:44:17]
SOAP:   7%|▋         | 1868/25443 [39:23:00 > 2:44:24]
SOAP:   7%|▋         | 1869/25443 [38:42:11 > 2:44:30]
SOAP:   7%|▋         | 1870/25443 [40:51:55 > 2:44:37]
SOAP:   7%|▋         | 1871/25443 [37:41:56 > 2:44:41]
SOAP:   7%|▋         | 1872/25443 [38:30:59 > 2:44:47]
SOAP:   7%|▋         | 1873/25443 [43:59:12 > 2:44:56]
SOAP:   7%|▋         | 1874/25443 [44:15:51 > 2:45:03]
SOAP:   7%|▋         | 1875/25443 [34:47:01 > 2:45:05]
SOAP:   7%|▋         | 1876/25443 [37:20:24 > 2:45:11]
SOAP:   7%|▋         | 1877/25443 [47:35:44 > 2:45:22]
SOAP:   7%|▋         | 1878/25443 [40:51:07 > 2:45:26]
SOAP:   7%|▋         | 1879/25443 [42:02:13 > 2:45:33]
SOAP:   7%|▋         | 1880/25443 [51:11:12 > 2:45:44]
SOAP:   7%|▋         | 1881/25443 [39:38:45 > 2:45:46]
SOAP:   7%|▋         | 1882/25443 [41:41:35 > 2:45:53]
SOAP:   7%|▋         | 1883/25443 [40:36:30 > 2:45:59]
SOAP:   7%|▋         | 1884/25443 [39:32:39 > 2:46:05]
SOAP:   7%|▋         | 1885/25443 [44:15:04 > 2:46:13]
SOAP:   7%|▋         | 1886/25443 [37:34:31 > 2:46:16]
SOAP:   7%|▋         | 1887/25443 [36:18:12 > 2:46:22]
SOAP:   7%|▋         | 1888/25443 [37:56:30 > 2:46:28]
SOAP:   7%|▋         | 1889/25443 [49:27:00 > 2:46:40]
SOAP:   7%|▋         | 1890/25443 [38:19:59 > 2:46:42]
SOAP:   7%|▋         | 1891/25443 [41:28:00 > 2:46:49]
SOAP:   7%|▋         | 1892/25443 [51:50:36 > 2:47:01]
SOAP:   7%|▋         | 1893/25443 [40:23:27 > 2:47:03]
SOAP:   7%|▋         | 1894/25443 [48:42:53 > 2:47:13]
SOAP:   7%|▋         | 1895/25443 [37:33:31 > 2:47:15]
SOAP:   7%|▋         | 1896/25443 [38:21:17 > 2:47:21]
SOAP:   7%|▋         | 1897/25443 [36:50:07 > 2:47:26]
SOAP:   7%|▋         | 1898/25443 [35:55:26 > 2:47:31]
SOAP:   7%|▋         | 1899/25443 [37:06:11 > 2:47:37]
SOAP:   7%|▋         | 1900/25443 [43:39:24 > 2:47:46]
SOAP:   7%|▋         | 1901/25443 [51:20:47 > 2:47:57]
SOAP:   7%|▋         | 1902/25443 [39:53:41 > 2:47:59]
SOAP:   7%|▋         | 1903/25443 [41:01:52 > 2:48:06]
SOAP:   7%|▋         | 1904/25443 [42:44:49 > 2:48:13]
SOAP:   7%|▋         | 1905/25443 [43:14:45 > 2:48:20]
SOAP:   7%|▋         | 1906/25443 [50:52:06 > 2:48:30]
SOAP:   7%|▋         | 1907/25443 [47:17:03 > 2:48:36]
SOAP:   7%|▋         | 1908/25443 [44:00:10 > 2:48:42]
SOAP:   8%|▊         | 1909/25443 [42:11:49 > 2:48:47]
SOAP:   8%|▊         | 1910/25443 [39:58:42 > 2:48:53]
SOAP:   8%|▊         | 1911/25443 [41:14:56 > 2:49:00]
SOAP:   8%|▊         | 1912/25443 [32:19:38 > 2:49:01]
SOAP:   8%|▊         | 1913/25443 [43:33:32 > 2:49:12]
SOAP:   8%|▊         | 1914/25443 [35:17:02 > 2:49:14]
SOAP:   8%|▊         | 1915/25443 [48:54:15 > 2:49:27]
SOAP:   8%|▊         | 1916/25443 [46:01:32 > 2:49:33]
SOAP:   8%|▊         | 1917/25443 [45:48:44 > 2:49:40]
SOAP:   8%|▊         | 1918/25443 [35:14:20 > 2:49:41]
SOAP:   8%|▊         | 1919/25443 [37:10:33 > 2:49:48]
SOAP:   8%|▊         | 1920/25443 [38:33:09 > 2:49:54]
SOAP:   8%|▊         | 1921/25443 [36:38:55 > 2:49:59]
SOAP:   8%|▊         | 1922/25443 [39:32:41 > 2:50:06]
SOAP:   8%|▊         | 1923/25443 [36:25:14 > 2:50:11]
SOAP:   8%|▊         | 1924/25443 [37:07:58 > 2:50:17]
SOAP:   8%|▊         | 1925/25443 [38:29:37 > 2:50:23]
SOAP:   8%|▊         | 1926/25443 [39:58:44 > 2:50:30]
SOAP:   8%|▊         | 1927/25443 [43:15:50 > 2:50:37]
SOAP:   8%|▊         | 1928/25443 [53:00:03 > 2:50:49]
SOAP:   8%|▊         | 1929/25443 [41:20:24 > 2:50:51]
SOAP:   8%|▊         | 1930/25443 [42:42:59 > 2:50:58]
SOAP:   8%|▊         | 1931/25443 [51:23:26 > 2:51:09]
SOAP:   8%|▊         | 1932/25443 [39:47:08 > 2:51:11]
SOAP:   8%|▊         | 1933/25443 [41:59:46 > 2:51:18]
SOAP:   8%|▊         | 1934/25443 [38:23:13 > 2:51:23]
SOAP:   8%|▊         | 1935/25443 [43:28:30 > 2:51:31]
SOAP:   8%|▊         | 1936/25443 [37:10:06 > 2:51:35]
SOAP:   8%|▊         | 1937/25443 [35:58:22 > 2:51:40]
SOAP:   8%|▊         | 1938/25443 [37:46:18 > 2:51:46]
SOAP:   8%|▊         | 1939/25443 [39:52:33 > 2:51:53]
SOAP:   8%|▊         | 1940/25443 [41:19:26 > 2:52:00]
SOAP:   8%|▊         | 1941/25443 [43:27:54 > 2:52:07]
SOAP:   8%|▊         | 1942/25443 [53:13:55 > 2:52:19]
SOAP:   8%|▊         | 1943/25443 [41:14:32 > 2:52:21]
SOAP:   8%|▊         | 1944/25443 [45:47:54 > 2:52:30]
SOAP:   8%|▊         | 1945/25443 [38:39:02 > 2:52:33]
SOAP:   8%|▊         | 1946/25443 [38:51:55 > 2:52:39]
SOAP:   8%|▊         | 1947/25443 [36:50:43 > 2:52:44]
SOAP:   8%|▊         | 1948/25443 [36:17:40 > 2:52:49]
SOAP:   8%|▊         | 1949/25443 [37:26:07 > 2:52:56]
SOAP:   8%|▊         | 1950/25443 [39:32:34 > 2:53:02]
SOAP:   8%|▊         | 1951/25443 [51:31:27 > 2:53:15]
SOAP:   8%|▊         | 1952/25443 [41:24:51 > 2:53:17]
SOAP:   8%|▊         | 1953/25443 [42:28:34 > 2:53:24]
SOAP:   8%|▊         | 1954/25443 [43:13:00 > 2:53:31]
SOAP:   8%|▊         | 1955/25443 [52:14:46 > 2:53:42]
SOAP:   8%|▊         | 1956/25443 [39:57:20 > 2:53:44]
SOAP:   8%|▊         | 1957/25443 [39:06:59 > 2:53:50]
SOAP:   8%|▊         | 1958/25443 [47:03:38 > 2:54:00]
SOAP:   8%|▊         | 1959/25443 [36:08:54 > 2:54:01]
SOAP:   8%|▊         | 1960/25443 [38:42:21 > 2:54:08]
SOAP:   8%|▊         | 1961/25443 [36:16:00 > 2:54:13]
SOAP:   8%|▊         | 1962/25443 [37:27:14 > 2:54:19]
SOAP:   8%|▊         | 1963/25443 [47:23:06 > 2:54:30]
SOAP:   8%|▊         | 1964/25443 [38:10:42 > 2:54:33]
SOAP:   8%|▊         | 1965/25443 [39:13:41 > 2:54:39]
SOAP:   8%|▊         | 1966/25443 [44:13:44 > 2:54:48]
SOAP:   8%|▊         | 1967/25443 [47:13:04 > 2:54:56]
SOAP:   8%|▊         | 1968/25443 [40:29:49 > 2:55:00]
SOAP:   8%|▊         | 1969/25443 [44:51:15 > 2:55:08]
SOAP:   8%|▊         | 1970/25443 [46:58:45 > 2:55:16]
SOAP:   8%|▊         | 1971/25443 [45:14:24 > 2:55:22]
SOAP:   8%|▊         | 1972/25443 [35:17:21 > 2:55:24]
SOAP:   8%|▊         | 1973/25443 [42:04:57 > 2:55:33]
SOAP:   8%|▊         | 1974/25443 [41:43:14 > 2:55:39]
SOAP:   8%|▊         | 1975/25443 [33:02:31 > 2:55:41]
SOAP:   8%|▊         | 1976/25443 [36:00:54 > 2:55:48]
SOAP:   8%|▊         | 1977/25443 [49:42:47 > 2:56:00]
SOAP:   8%|▊         | 1978/25443 [38:43:12 > 2:56:02]
SOAP:   8%|▊         | 1979/25443 [40:51:45 > 2:56:09]
SOAP:   8%|▊         | 1980/25443 [42:19:33 > 2:56:17]
SOAP:   8%|▊         | 1981/25443 [51:47:47 > 2:56:28]
SOAP:   8%|▊         | 1982/25443 [46:45:11 > 2:56:33]
SOAP:   8%|▊         | 1983/25443 [36:22:58 > 2:56:35]
SOAP:   8%|▊         | 1984/25443 [43:45:51 > 2:56:44]
SOAP:   8%|▊         | 1985/25443 [34:03:40 > 2:56:46]
SOAP:   8%|▊         | 1986/25443 [36:16:09 > 2:56:53]
SOAP:   8%|▊         | 1987/25443 [44:43:06 > 2:57:02]
SOAP:   8%|▊         | 1988/25443 [34:45:38 > 2:57:04]
SOAP:   8%|▊         | 1989/25443 [37:53:55 > 2:57:11]
SOAP:   8%|▊         | 1990/25443 [39:51:51 > 2:57:18]
SOAP:   8%|▊         | 1991/25443 [42:51:32 > 2:57:26]
SOAP:   8%|▊         | 1992/25443 [43:24:03 > 2:57:32]
SOAP:   8%|▊         | 1993/25443 [51:30:26 > 2:57:43]
SOAP:   8%|▊         | 1994/25443 [44:05:32 > 2:57:47]
SOAP:   8%|▊         | 1995/25443 [38:27:52 > 2:57:51]
SOAP:   8%|▊         | 1996/25443 [38:36:29 > 2:57:57]
SOAP:   8%|▊         | 1997/25443 [43:24:21 > 2:58:06]
SOAP:   8%|▊         | 1998/25443 [33:57:22 > 2:58:07]
SOAP:   8%|▊         | 1999/25443 [34:44:44 > 2:58:13]
SOAP:   8%|▊         | 2000/25443 [37:43:53 > 2:58:20]
SOAP:   8%|▊         | 2001/25443 [51:46:17 > 2:58:33]
SOAP:   8%|▊         | 2002/25443 [39:56:32 > 2:58:35]
SOAP:   8%|▊         | 2003/25443 [40:59:23 > 2:58:42]
SOAP:   8%|▊         | 2004/25443 [42:06:39 > 2:58:48]
SOAP:   8%|▊         | 2005/25443 [51:32:24 > 2:59:00]
SOAP:   8%|▊         | 2006/25443 [39:24:40 > 2:59:01]
SOAP:   8%|▊         | 2007/25443 [39:26:30 > 2:59:07]
SOAP:   8%|▊         | 2008/25443 [47:29:40 > 2:59:18]
SOAP:   8%|▊         | 2009/25443 [44:15:42 > 2:59:23]
SOAP:   8%|▊         | 2010/25443 [37:32:17 > 2:59:27]
SOAP:   8%|▊         | 2011/25443 [35:41:51 > 2:59:31]
SOAP:   8%|▊         | 2012/25443 [36:20:04 > 2:59:37]
SOAP:   8%|▊         | 2013/25443 [41:53:17 > 2:59:46]
SOAP:   8%|▊         | 2014/25443 [46:40:14 > 2:59:55]
SOAP:   8%|▊         | 2015/25443 [35:51:43 > 2:59:56]
SOAP:   8%|▊         | 2016/25443 [48:33:20 > 3:00:08]
SOAP:   8%|▊         | 2017/25443 [46:24:50 > 3:00:15]
SOAP:   8%|▊         | 2018/25443 [42:15:14 > 3:00:20]
SOAP:   8%|▊         | 2019/25443 [36:40:30 > 3:00:23]
SOAP:   8%|▊         | 2020/25443 [37:58:06 > 3:00:30]
SOAP:   8%|▊         | 2021/25443 [37:10:30 > 3:00:35]
SOAP:   8%|▊         | 2022/25443 [38:32:55 > 3:00:41]
SOAP:   8%|▊         | 2023/25443 [36:42:13 > 3:00:46]
SOAP:   8%|▊         | 2024/25443 [45:30:54 > 3:00:57]
SOAP:   8%|▊         | 2025/25443 [41:40:13 > 3:01:02]
SOAP:   8%|▊         | 2026/25443 [48:09:53 > 3:01:11]
SOAP:   8%|▊         | 2027/25443 [37:24:47 > 3:01:13]
SOAP:   8%|▊         | 2028/25443 [50:33:31 > 3:01:26]
SOAP:   8%|▊         | 2029/25443 [38:56:17 > 3:01:28]
SOAP:   8%|▊         | 2030/25443 [41:17:27 > 3:01:35]
SOAP:   8%|▊         | 2031/25443 [41:55:41 > 3:01:41]
SOAP:   8%|▊         | 2032/25443 [41:21:45 > 3:01:48]
SOAP:   8%|▊         | 2033/25443 [39:32:09 > 3:01:53]
SOAP:   8%|▊         | 2034/25443 [45:54:58 > 3:02:02]
SOAP:   8%|▊         | 2035/25443 [35:36:48 > 3:02:04]
SOAP:   8%|▊         | 2036/25443 [36:29:51 > 3:02:10]
SOAP:   8%|▊         | 2037/25443 [35:21:15 > 3:02:15]
SOAP:   8%|▊         | 2038/25443 [37:03:03 > 3:02:21]
SOAP:   8%|▊         | 2039/25443 [39:11:58 > 3:02:28]
SOAP:   8%|▊         | 2040/25443 [40:49:32 > 3:02:35]
SOAP:   8%|▊         | 2041/25443 [50:42:19 > 3:02:46]
SOAP:   8%|▊         | 2042/25443 [41:43:17 > 3:02:50]
SOAP:   8%|▊         | 2043/25443 [42:35:50 > 3:02:56]
SOAP:   8%|▊         | 2044/25443 [41:50:05 > 3:03:03]
SOAP:   8%|▊         | 2045/25443 [49:51:21 > 3:03:13]
SOAP:   8%|▊         | 2046/25443 [44:03:38 > 3:03:18]
SOAP:   8%|▊         | 2047/25443 [34:21:27 > 3:03:20]
SOAP:   8%|▊         | 2048/25443 [34:35:32 > 3:03:25]
SOAP:   8%|▊         | 2049/25443 [35:30:41 > 3:03:31]
SOAP:   8%|▊         | 2050/25443 [41:08:33 > 3:03:39]
SOAP:   8%|▊         | 2051/25443 [38:20:26 > 3:03:44]
SOAP:   8%|▊         | 2052/25443 [43:57:17 > 3:03:53]
SOAP:   8%|▊         | 2053/25443 [52:48:59 > 3:04:04]
SOAP:   8%|▊         | 2054/25443 [40:54:16 > 3:04:06]
SOAP:   8%|▊         | 2055/25443 [49:33:10 > 3:04:17]
SOAP:   8%|▊         | 2056/25443 [46:17:29 > 3:04:23]
SOAP:   8%|▊         | 2057/25443 [35:34:04 > 3:04:25]
SOAP:   8%|▊         | 2058/25443 [39:00:24 > 3:04:32]
SOAP:   8%|▊         | 2059/25443 [36:18:32 > 3:04:36]
SOAP:   8%|▊         | 2060/25443 [36:00:24 > 3:04:42]
SOAP:   8%|▊         | 2061/25443 [45:19:57 > 3:04:52]
SOAP:   8%|▊         | 2062/25443 [35:27:18 > 3:04:54]
SOAP:   8%|▊         | 2063/25443 [45:42:23 > 3:05:05]
SOAP:   8%|▊         | 2064/25443 [45:30:52 > 3:05:12]
SOAP:   8%|▊         | 2065/25443 [35:02:29 > 3:05:13]
SOAP:   8%|▊         | 2066/25443 [40:19:32 > 3:05:21]
SOAP:   8%|▊         | 2067/25443 [49:10:24 > 3:05:32]
SOAP:   8%|▊         | 2068/25443 [45:44:29 > 3:05:38]
SOAP:   8%|▊         | 2069/25443 [35:31:36 > 3:05:40]
SOAP:   8%|▊         | 2070/25443 [37:16:55 > 3:05:46]
SOAP:   8%|▊         | 2071/25443 [36:39:20 > 3:05:52]
SOAP:   8%|▊         | 2072/25443 [44:07:02 > 3:06:01]
SOAP:   8%|▊         | 2073/25443 [34:30:34 > 3:06:03]
SOAP:   8%|▊         | 2074/25443 [36:04:40 > 3:06:09]
SOAP:   8%|▊         | 2075/25443 [46:52:12 > 3:06:20]
SOAP:   8%|▊         | 2076/25443 [37:14:09 > 3:06:22]
SOAP:   8%|▊         | 2077/25443 [40:43:39 > 3:06:30]
SOAP:   8%|▊         | 2078/25443 [51:06:26 > 3:06:42]
SOAP:   8%|▊         | 2079/25443 [40:31:20 > 3:06:44]
SOAP:   8%|▊         | 2080/25443 [41:50:23 > 3:06:51]
SOAP:   8%|▊         | 2081/25443 [40:11:14 > 3:06:57]
SOAP:   8%|▊         | 2082/25443 [42:49:55 > 3:07:04]
SOAP:   8%|▊         | 2083/25443 [40:06:59 > 3:07:09]
SOAP:   8%|▊         | 2084/25443 [46:08:57 > 3:07:19]
SOAP:   8%|▊         | 2085/25443 [36:41:43 > 3:07:21]
SOAP:   8%|▊         | 2086/25443 [37:06:53 > 3:07:27]
SOAP:   8%|▊         | 2087/25443 [35:47:32 > 3:07:32]
SOAP:   8%|▊         | 2088/25443 [37:37:25 > 3:07:38]
SOAP:   8%|▊         | 2089/25443 [39:34:12 > 3:07:45]
SOAP:   8%|▊         | 2090/25443 [52:01:13 > 3:07:58]
SOAP:   8%|▊         | 2091/25443 [50:34:25 > 3:08:05]
SOAP:   8%|▊         | 2092/25443 [38:33:48 > 3:08:06]
SOAP:   8%|▊         | 2093/25443 [40:05:04 > 3:08:13]
SOAP:   8%|▊         | 2094/25443 [39:52:45 > 3:08:19]
SOAP:   8%|▊         | 2095/25443 [48:35:03 > 3:08:30]
SOAP:   8%|▊         | 2096/25443 [37:25:26 > 3:08:32]
SOAP:   8%|▊         | 2097/25443 [35:21:04 > 3:08:36]
SOAP:   8%|▊         | 2098/25443 [34:38:01 > 3:08:41]
SOAP:   8%|▊         | 2099/25443 [36:18:38 > 3:08:48]
SOAP:   8%|▊         | 2100/25443 [39:11:43 > 3:08:55]
SOAP:   8%|▊         | 2101/25443 [52:29:57 > 3:09:08]
SOAP:   8%|▊         | 2102/25443 [40:34:43 > 3:09:10]
SOAP:   8%|▊         | 2103/25443 [46:54:20 > 3:09:19]
SOAP:   8%|▊         | 2104/25443 [41:13:53 > 3:09:23]
SOAP:   8%|▊         | 2105/25443 [41:52:22 > 3:09:30]
SOAP:   8%|▊         | 2106/25443 [47:56:43 > 3:09:40]
SOAP:   8%|▊         | 2107/25443 [36:41:37 > 3:09:41]
SOAP:   8%|▊         | 2108/25443 [42:12:31 > 3:09:50]
SOAP:   8%|▊         | 2109/25443 [35:42:14 > 3:09:53]
SOAP:   8%|▊         | 2110/25443 [44:06:53 > 3:10:03]
SOAP:   8%|▊         | 2111/25443 [41:56:08 > 3:10:08]
SOAP:   8%|▊         | 2112/25443 [33:47:48 > 3:10:11]
SOAP:   8%|▊         | 2113/25443 [35:30:26 > 3:10:17]
SOAP:   8%|▊         | 2114/25443 [47:15:43 > 3:10:28]
SOAP:   8%|▊         | 2115/25443 [48:06:07 > 3:10:36]
SOAP:   8%|▊         | 2116/25443 [37:15:17 > 3:10:38]
SOAP:   8%|▊         | 2117/25443 [47:34:55 > 3:10:49]
SOAP:   8%|▊         | 2118/25443 [41:45:08 > 3:10:53]
SOAP:   8%|▊         | 2119/25443 [35:55:09 > 3:10:57]
SOAP:   8%|▊         | 2120/25443 [37:35:47 > 3:11:03]
SOAP:   8%|▊         | 2121/25443 [36:25:35 > 3:11:08]
SOAP:   8%|▊         | 2122/25443 [37:47:22 > 3:11:15]
SOAP:   8%|▊         | 2123/25443 [36:16:56 > 3:11:20]
SOAP:   8%|▊         | 2124/25443 [36:56:36 > 3:11:26]
SOAP:   8%|▊         | 2125/25443 [37:40:25 > 3:11:32]
SOAP:   8%|▊         | 2126/25443 [39:10:06 > 3:11:38]
SOAP:   8%|▊         | 2127/25443 [42:05:18 > 3:11:46]
SOAP:   8%|▊         | 2128/25443 [43:17:18 > 3:11:53]
SOAP:   8%|▊         | 2129/25443 [53:54:44 > 3:12:05]
SOAP:   8%|▊         | 2130/25443 [42:10:24 > 3:12:07]
SOAP:   8%|▊         | 2131/25443 [50:36:21 > 3:12:18]
SOAP:   8%|▊         | 2132/25443 [38:22:33 > 3:12:20]
SOAP:   8%|▊         | 2133/25443 [44:58:22 > 3:12:29]
SOAP:   8%|▊         | 2134/25443 [42:18:06 > 3:12:35]
SOAP:   8%|▊         | 2135/25443 [32:58:51 > 3:12:37]
SOAP:   8%|▊         | 2136/25443 [41:29:18 > 3:12:46]
SOAP:   8%|▊         | 2137/25443 [33:28:15 > 3:12:48]
SOAP:   8%|▊         | 2138/25443 [35:02:00 > 3:12:54]
SOAP:   8%|▊         | 2139/25443 [37:43:51 > 3:13:01]
SOAP:   8%|▊         | 2140/25443 [46:16:48 > 3:13:11]
SOAP:   8%|▊         | 2141/25443 [39:49:09 > 3:13:15]
SOAP:   8%|▊         | 2142/25443 [48:49:33 > 3:13:26]
SOAP:   8%|▊         | 2143/25443 [46:50:28 > 3:13:32]
SOAP:   8%|▊         | 2144/25443 [37:38:35 > 3:13:35]
SOAP:   8%|▊         | 2145/25443 [46:43:21 > 3:13:45]
SOAP:   8%|▊         | 2146/25443 [42:05:04 > 3:13:50]
SOAP:   8%|▊         | 2147/25443 [32:35:24 > 3:13:52]
SOAP:   8%|▊         | 2148/25443 [34:04:24 > 3:13:58]
SOAP:   8%|▊         | 2149/25443 [34:46:01 > 3:14:03]
SOAP:   8%|▊         | 2150/25443 [37:37:00 > 3:14:10]
SOAP:   8%|▊         | 2151/25443 [38:50:43 > 3:14:17]
SOAP:   8%|▊         | 2152/25443 [52:45:27 > 3:14:30]
SOAP:   8%|▊         | 2153/25443 [40:51:37 > 3:14:32]
SOAP:   8%|▊         | 2154/25443 [41:37:16 > 3:14:38]
SOAP:   8%|▊         | 2155/25443 [42:04:16 > 3:14:45]
SOAP:   8%|▊         | 2156/25443 [41:45:45 > 3:14:51]
SOAP:   8%|▊         | 2157/25443 [45:49:25 > 3:15:00]
SOAP:   8%|▊         | 2158/25443 [38:01:42 > 3:15:03]
SOAP:   8%|▊         | 2159/25443 [38:25:05 > 3:15:09]
SOAP:   8%|▊         | 2160/25443 [37:48:30 > 3:15:15]
SOAP:   8%|▊         | 2161/25443 [36:47:58 > 3:15:20]
SOAP:   8%|▊         | 2162/25443 [41:11:39 > 3:15:28]
SOAP:   9%|▊         | 2163/25443 [45:46:10 > 3:15:37]
SOAP:   9%|▊         | 2164/25443 [37:01:43 > 3:15:39]
SOAP:   9%|▊         | 2165/25443 [50:02:38 > 3:15:52]
SOAP:   9%|▊         | 2166/25443 [39:48:41 > 3:15:54]
SOAP:   9%|▊         | 2167/25443 [48:24:22 > 3:16:05]
SOAP:   9%|▊         | 2168/25443 [37:01:55 > 3:16:07]
SOAP:   9%|▊         | 2169/25443 [42:11:03 > 3:16:15]
SOAP:   9%|▊         | 2170/25443 [39:49:38 > 3:16:20]
SOAP:   9%|▊         | 2171/25443 [35:41:09 > 3:16:24]
SOAP:   9%|▊         | 2172/25443 [42:28:22 > 3:16:33]
SOAP:   9%|▊         | 2173/25443 [33:30:53 > 3:16:35]
SOAP:   9%|▊         | 2174/25443 [35:19:09 > 3:16:41]
SOAP:   9%|▊         | 2175/25443 [36:53:03 > 3:16:48]
SOAP:   9%|▊         | 2176/25443 [38:46:47 > 3:16:54]
SOAP:   9%|▊         | 2177/25443 [41:42:01 > 3:17:02]
SOAP:   9%|▊         | 2178/25443 [52:00:18 > 3:17:14]
SOAP:   9%|▊         | 2179/25443 [40:48:28 > 3:17:16]
SOAP:   9%|▊         | 2180/25443 [42:48:11 > 3:17:23]
SOAP:   9%|▊         | 2181/25443 [49:15:17 > 3:17:33]
SOAP:   9%|▊         | 2182/25443 [40:55:16 > 3:17:36]
SOAP:   9%|▊         | 2183/25443 [42:23:35 > 3:17:44]
SOAP:   9%|▊         | 2184/25443 [44:59:02 > 3:17:51]
SOAP:   9%|▊         | 2185/25443 [34:49:26 > 3:17:53]
SOAP:   9%|▊         | 2186/25443 [42:50:00 > 3:18:03]
SOAP:   9%|▊         | 2187/25443 [36:08:43 > 3:18:06]
SOAP:   9%|▊         | 2188/25443 [43:06:41 > 3:18:15]
SOAP:   9%|▊         | 2189/25443 [35:01:35 > 3:18:18]
SOAP:   9%|▊         | 2190/25443 [37:24:55 > 3:18:24]
SOAP:   9%|▊         | 2191/25443 [40:19:45 > 3:18:32]
SOAP:   9%|▊         | 2192/25443 [41:46:14 > 3:18:38]
SOAP:   9%|▊         | 2193/25443 [45:24:28 > 3:18:47]
SOAP:   9%|▊         | 2194/25443 [40:54:27 > 3:18:52]
SOAP:   9%|▊         | 2195/25443 [40:20:54 > 3:18:58]
SOAP:   9%|▊         | 2196/25443 [39:21:17 > 3:19:03]
SOAP:   9%|▊         | 2197/25443 [36:58:19 > 3:19:08]
SOAP:   9%|▊         | 2198/25443 [35:42:59 > 3:19:13]
SOAP:   9%|▊         | 2199/25443 [36:50:18 > 3:19:19]
SOAP:   9%|▊         | 2200/25443 [39:12:24 > 3:19:26]
SOAP:   9%|▊         | 2201/25443 [52:18:24 > 3:19:39]
SOAP:   9%|▊         | 2202/25443 [40:16:07 > 3:19:41]
SOAP:   9%|▊         | 2203/25443 [41:15:06 > 3:19:48]
SOAP:   9%|▊         | 2204/25443 [42:20:34 > 3:19:55]
SOAP:   9%|▊         | 2205/25443 [48:08:58 > 3:20:04]
SOAP:   9%|▊         | 2206/25443 [40:27:06 > 3:20:08]
SOAP:   9%|▊         | 2207/25443 [44:13:46 > 3:20:16]
SOAP:   9%|▊         | 2208/25443 [38:09:40 > 3:20:20]
SOAP:   9%|▊         | 2209/25443 [37:28:15 > 3:20:25]
SOAP:   9%|▊         | 2210/25443 [38:09:31 > 3:20:31]
SOAP:   9%|▊         | 2211/25443 [37:07:26 > 3:20:37]
SOAP:   9%|▊         | 2212/25443 [37:34:07 > 3:20:43]
SOAP:   9%|▊         | 2213/25443 [46:51:31 > 3:20:53]
SOAP:   9%|▊         | 2214/25443 [37:12:18 > 3:20:56]
SOAP:   9%|▊         | 2215/25443 [37:48:21 > 3:21:02]
SOAP:   9%|▊         | 2216/25443 [50:16:35 > 3:21:14]
SOAP:   9%|▊         | 2217/25443 [48:25:32 > 3:21:21]
SOAP:   9%|▊         | 2218/25443 [45:26:42 > 3:21:27]
SOAP:   9%|▊         | 2219/25443 [38:01:43 > 3:21:30]
SOAP:   9%|▊         | 2220/25443 [36:08:29 > 3:21:35]
SOAP:   9%|▊         | 2221/25443 [35:25:54 > 3:21:40]
SOAP:   9%|▊         | 2222/25443 [36:55:57 > 3:21:47]
SOAP:   9%|▊         | 2223/25443 [35:37:53 > 3:21:52]
SOAP:   9%|▊         | 2224/25443 [36:31:54 > 3:21:58]
SOAP:   9%|▊         | 2225/25443 [39:52:52 > 3:22:05]
SOAP:   9%|▊         | 2226/25443 [38:11:27 > 3:22:10]
SOAP:   9%|▉         | 2227/25443 [51:22:41 > 3:22:23]
SOAP:   9%|▉         | 2228/25443 [39:31:00 > 3:22:25]
SOAP:   9%|▉         | 2229/25443 [44:17:43 > 3:22:33]
SOAP:   9%|▉         | 2230/25443 [43:30:41 > 3:22:40]
SOAP:   9%|▉         | 2231/25443 [50:12:56 > 3:22:50]
SOAP:   9%|▉         | 2232/25443 [38:16:37 > 3:22:52]
SOAP:   9%|▉         | 2233/25443 [38:02:14 > 3:22:58]
SOAP:   9%|▉         | 2234/25443 [41:05:53 > 3:23:05]
SOAP:   9%|▉         | 2235/25443 [44:17:41 > 3:23:13]
SOAP:   9%|▉         | 2236/25443 [34:28:45 > 3:23:15]
SOAP:   9%|▉         | 2237/25443 [42:09:30 > 3:23:24]
SOAP:   9%|▉         | 2238/25443 [32:50:02 > 3:23:26]
SOAP:   9%|▉         | 2239/25443 [36:20:32 > 3:23:33]
SOAP:   9%|▉         | 2240/25443 [49:12:25 > 3:23:45]
SOAP:   9%|▉         | 2241/25443 [38:04:14 > 3:23:47]
SOAP:   9%|▉         | 2242/25443 [45:16:59 > 3:23:57]
SOAP:   9%|▉         | 2243/25443 [46:25:32 > 3:24:04]
SOAP:   9%|▉         | 2244/25443 [37:19:33 > 3:24:07]
SOAP:   9%|▉         | 2245/25443 [37:45:24 > 3:24:13]
SOAP:   9%|▉         | 2246/25443 [37:50:12 > 3:24:19]
SOAP:   9%|▉         | 2247/25443 [35:47:02 > 3:24:23]
SOAP:   9%|▉         | 2248/25443 [34:56:48 > 3:24:29]
SOAP:   9%|▉         | 2249/25443 [36:18:58 > 3:24:35]
SOAP:   9%|▉         | 2250/25443 [38:28:25 > 3:24:41]
SOAP:   9%|▉         | 2251/25443 [38:51:55 > 3:24:48]
SOAP:   9%|▉         | 2252/25443 [43:20:58 > 3:24:56]
SOAP:   9%|▉         | 2253/25443 [43:20:08 > 3:25:03]
SOAP:   9%|▉         | 2254/25443 [43:22:03 > 3:25:09]
SOAP:   9%|▉         | 2255/25443 [44:46:22 > 3:25:17]
SOAP:   9%|▉         | 2256/25443 [49:51:13 > 3:25:27]
SOAP:   9%|▉         | 2257/25443 [37:58:25 > 3:25:28]
SOAP:   9%|▉         | 2258/25443 [45:15:47 > 3:25:38]
SOAP:   9%|▉         | 2259/25443 [35:27:45 > 3:25:40]
SOAP:   9%|▉         | 2260/25443 [43:46:46 > 3:25:50]
SOAP:   9%|▉         | 2261/25443 [35:24:54 > 3:25:52]
SOAP:   9%|▉         | 2262/25443 [43:24:57 > 3:26:02]
SOAP:   9%|▉         | 2263/25443 [33:58:54 > 3:26:04]
SOAP:   9%|▉         | 2264/25443 [40:06:49 > 3:26:12]
SOAP:   9%|▉         | 2265/25443 [37:36:25 > 3:26:17]
SOAP:   9%|▉         | 2266/25443 [41:58:56 > 3:26:25]
SOAP:   9%|▉         | 2267/25443 [45:42:26 > 3:26:33]
SOAP:   9%|▉         | 2268/25443 [48:12:16 > 3:26:42]
SOAP:   9%|▉         | 2269/25443 [37:12:29 > 3:26:44]
SOAP:   9%|▉         | 2270/25443 [44:59:52 > 3:26:53]
SOAP:   9%|▉         | 2271/25443 [34:38:04 > 3:26:55]
SOAP:   9%|▉         | 2272/25443 [42:42:19 > 3:27:05]
SOAP:   9%|▉         | 2273/25443 [33:32:40 > 3:27:07]
SOAP:   9%|▉         | 2274/25443 [38:44:13 > 3:27:14]
SOAP:   9%|▉         | 2275/25443 [35:14:23 > 3:27:19]
SOAP:   9%|▉         | 2276/25443 [48:53:15 > 3:27:31]
SOAP:   9%|▉         | 2277/25443 [38:04:35 > 3:27:33]
SOAP:   9%|▉         | 2278/25443 [49:42:38 > 3:27:45]
SOAP:   9%|▉         | 2279/25443 [38:21:30 > 3:27:47]
SOAP:   9%|▉         | 2280/25443 [48:01:42 > 3:27:58]
SOAP:   9%|▉         | 2281/25443 [37:21:49 > 3:28:00]
SOAP:   9%|▉         | 2282/25443 [47:39:36 > 3:28:11]
SOAP:   9%|▉         | 2283/25443 [37:03:29 > 3:28:13]
SOAP:   9%|▉         | 2284/25443 [36:48:04 > 3:28:19]
SOAP:   9%|▉         | 2285/25443 [38:44:18 > 3:28:25]
SOAP:   9%|▉         | 2286/25443 [36:21:54 > 3:28:30]
SOAP:   9%|▉         | 2287/25443 [34:45:16 > 3:28:35]
SOAP:   9%|▉         | 2288/25443 [36:26:53 > 3:28:41]
SOAP:   9%|▉         | 2289/25443 [38:21:34 > 3:28:48]
SOAP:   9%|▉         | 2290/25443 [50:52:19 > 3:29:00]
SOAP:   9%|▉         | 2291/25443 [50:10:48 > 3:29:08]
SOAP:   9%|▉         | 2292/25443 [38:11:43 > 3:29:09]
SOAP:   9%|▉         | 2293/25443 [47:47:44 > 3:29:20]
SOAP:   9%|▉         | 2294/25443 [45:31:14 > 3:29:27]
SOAP:   9%|▉         | 2295/25443 [35:10:51 > 3:29:28]
SOAP:   9%|▉         | 2296/25443 [36:25:13 > 3:29:34]
SOAP:   9%|▉         | 2297/25443 [34:54:25 > 3:29:39]
SOAP:   9%|▉         | 2298/25443 [34:08:56 > 3:29:44]
SOAP:   9%|▉         | 2299/25443 [35:14:33 > 3:29:50]
SOAP:   9%|▉         | 2300/25443 [46:53:42 > 3:30:02]
SOAP:   9%|▉         | 2301/25443 [49:24:49 > 3:30:10]
SOAP:   9%|▉         | 2302/25443 [43:38:19 > 3:30:15]
SOAP:   9%|▉         | 2303/25443 [43:25:25 > 3:30:22]
SOAP:   9%|▉         | 2304/25443 [38:42:27 > 3:30:26]
SOAP:   9%|▉         | 2305/25443 [40:01:47 > 3:30:33]
SOAP:   9%|▉         | 2306/25443 [48:23:39 > 3:30:43]
SOAP:   9%|▉         | 2307/25443 [36:58:37 > 3:30:45]
SOAP:   9%|▉         | 2308/25443 [38:53:36 > 3:30:52]
SOAP:   9%|▉         | 2309/25443 [36:47:08 > 3:30:57]
SOAP:   9%|▉         | 2310/25443 [42:35:47 > 3:31:05]
SOAP:   9%|▉         | 2311/25443 [44:26:30 > 3:31:13]
SOAP:   9%|▉         | 2312/25443 [34:43:26 > 3:31:15]
SOAP:   9%|▉         | 2313/25443 [44:31:24 > 3:31:25]
SOAP:   9%|▉         | 2314/25443 [45:06:21 > 3:31:33]
SOAP:   9%|▉         | 2315/25443 [46:16:20 > 3:31:40]
SOAP:   9%|▉         | 2316/25443 [36:03:05 > 3:31:42]
SOAP:   9%|▉         | 2317/25443 [36:35:28 > 3:31:48]
SOAP:   9%|▉         | 2318/25443 [38:57:08 > 3:31:55]
SOAP:   9%|▉         | 2319/25443 [39:19:11 > 3:32:01]
SOAP:   9%|▉         | 2320/25443 [47:08:36 > 3:32:11]
SOAP:   9%|▉         | 2321/25443 [45:47:23 > 3:32:18]
SOAP:   9%|▉         | 2322/25443 [35:15:28 > 3:32:20]
SOAP:   9%|▉         | 2323/25443 [34:48:23 > 3:32:25]
SOAP:   9%|▉         | 2324/25443 [40:38:21 > 3:32:33]
SOAP:   9%|▉         | 2325/25443 [45:13:06 > 3:32:42]
SOAP:   9%|▉         | 2326/25443 [37:31:46 > 3:32:45]
SOAP:   9%|▉         | 2327/25443 [38:43:45 > 3:32:52]
SOAP:   9%|▉         | 2328/25443 [40:34:03 > 3:32:59]
SOAP:   9%|▉         | 2329/25443 [41:40:44 > 3:33:05]
SOAP:   9%|▉         | 2330/25443 [43:27:58 > 3:33:13]
SOAP:   9%|▉         | 2331/25443 [41:22:15 > 3:33:19]
SOAP:   9%|▉         | 2332/25443 [50:07:29 > 3:33:30]
SOAP:   9%|▉         | 2333/25443 [39:13:55 > 3:33:32]
SOAP:   9%|▉         | 2334/25443 [37:58:14 > 3:33:37]
SOAP:   9%|▉         | 2335/25443 [45:57:51 > 3:33:47]
SOAP:   9%|▉         | 2336/25443 [35:15:06 > 3:33:49]
SOAP:   9%|▉         | 2337/25443 [34:11:23 > 3:33:54]
SOAP:   9%|▉         | 2338/25443 [36:11:07 > 3:34:00]
SOAP:   9%|▉         | 2339/25443 [38:19:31 > 3:34:07]
SOAP:   9%|▉         | 2340/25443 [39:56:58 > 3:34:14]
SOAP:   9%|▉         | 2341/25443 [42:13:19 > 3:34:21]
SOAP:   9%|▉         | 2342/25443 [42:49:25 > 3:34:28]
SOAP:   9%|▉         | 2343/25443 [42:22:23 > 3:34:34]
SOAP:   9%|▉         | 2344/25443 [40:53:01 > 3:34:40]
SOAP:   9%|▉         | 2345/25443 [40:18:05 > 3:34:46]
SOAP:   9%|▉         | 2346/25443 [39:23:51 > 3:34:52]
SOAP:   9%|▉         | 2347/25443 [44:01:58 > 3:35:01]
SOAP:   9%|▉         | 2348/25443 [42:17:39 > 3:35:07]
SOAP:   9%|▉         | 2349/25443 [33:14:32 > 3:35:09]
SOAP:   9%|▉         | 2350/25443 [36:08:37 > 3:35:15]
SOAP:   9%|▉         | 2351/25443 [37:44:53 > 3:35:22]
SOAP:   9%|▉         | 2352/25443 [42:26:24 > 3:35:30]
SOAP:   9%|▉         | 2353/25443 [51:14:55 > 3:35:41]
SOAP:   9%|▉         | 2354/25443 [49:38:18 > 3:35:48]
SOAP:   9%|▉         | 2355/25443 [38:03:26 > 3:35:50]
SOAP:   9%|▉         | 2356/25443 [39:23:49 > 3:35:57]
SOAP:   9%|▉         | 2357/25443 [37:54:07 > 3:36:02]
SOAP:   9%|▉         | 2358/25443 [38:53:17 > 3:36:09]
SOAP:   9%|▉         | 2359/25443 [40:33:44 > 3:36:16]
SOAP:   9%|▉         | 2360/25443 [36:15:21 > 3:36:20]
SOAP:   9%|▉         | 2361/25443 [36:23:00 > 3:36:25]
SOAP:   9%|▉         | 2362/25443 [45:12:48 > 3:36:36]
SOAP:   9%|▉         | 2363/25443 [36:21:52 > 3:36:38]
SOAP:   9%|▉         | 2364/25443 [37:57:08 > 3:36:45]
SOAP:   9%|▉         | 2365/25443 [38:08:55 > 3:36:51]
SOAP:   9%|▉         | 2366/25443 [42:05:05 > 3:36:59]
SOAP:   9%|▉         | 2367/25443 [42:00:05 > 3:37:05]
SOAP:   9%|▉         | 2368/25443 [49:11:19 > 3:37:15]
SOAP:   9%|▉         | 2369/25443 [37:54:09 > 3:37:17]
SOAP:   9%|▉         | 2370/25443 [45:35:59 > 3:37:27]
SOAP:   9%|▉         | 2371/25443 [35:16:48 > 3:37:29]
SOAP:   9%|▉         | 2372/25443 [37:01:25 > 3:37:35]
SOAP:   9%|▉         | 2373/25443 [35:32:17 > 3:37:40]
SOAP:   9%|▉         | 2374/25443 [36:24:50 > 3:37:46]
SOAP:   9%|▉         | 2375/25443 [38:07:56 > 3:37:53]
SOAP:   9%|▉         | 2376/25443 [39:33:58 > 3:38:00]
SOAP:   9%|▉         | 2377/25443 [41:52:12 > 3:38:07]
SOAP:   9%|▉         | 2378/25443 [42:16:09 > 3:38:14]
SOAP:   9%|▉         | 2379/25443 [52:41:56 > 3:38:26]
SOAP:   9%|▉         | 2380/25443 [47:42:01 > 3:38:31]
SOAP:   9%|▉         | 2381/25443 [47:48:01 > 3:38:39]
SOAP:   9%|▉         | 2382/25443 [43:58:23 > 3:38:44]
SOAP:   9%|▉         | 2383/25443 [34:25:39 > 3:38:46]
SOAP:   9%|▉         | 2384/25443 [34:39:00 > 3:38:52]
SOAP:   9%|▉         | 2385/25443 [34:29:59 > 3:38:57]
SOAP:   9%|▉         | 2386/25443 [36:34:10 > 3:39:03]
SOAP:   9%|▉         | 2387/25443 [35:20:12 > 3:39:09]
SOAP:   9%|▉         | 2388/25443 [36:44:35 > 3:39:15]
SOAP:   9%|▉         | 2389/25443 [39:57:09 > 3:39:22]
SOAP:   9%|▉         | 2390/25443 [40:03:30 > 3:39:28]
SOAP:   9%|▉         | 2391/25443 [52:52:23 > 3:39:41]
SOAP:   9%|▉         | 2392/25443 [40:04:12 > 3:39:43]
SOAP:   9%|▉         | 2393/25443 [40:58:29 > 3:39:50]
SOAP:   9%|▉         | 2394/25443 [48:10:46 > 3:40:00]
SOAP:   9%|▉         | 2395/25443 [37:20:11 > 3:40:02]
SOAP:   9%|▉         | 2396/25443 [36:38:01 > 3:40:07]
SOAP:   9%|▉         | 2397/25443 [34:58:12 > 3:40:12]
SOAP:   9%|▉         | 2398/25443 [34:20:04 > 3:40:17]
SOAP:   9%|▉         | 2399/25443 [36:07:30 > 3:40:24]
SOAP:   9%|▉         | 2400/25443 [38:11:27 > 3:40:30]
SOAP:   9%|▉         | 2401/25443 [51:34:54 > 3:40:43]
SOAP:   9%|▉         | 2402/25443 [39:52:17 > 3:40:45]
SOAP:   9%|▉         | 2403/25443 [41:05:16 > 3:40:52]
SOAP:   9%|▉         | 2404/25443 [41:37:44 > 3:40:59]
SOAP:   9%|▉         | 2405/25443 [41:56:55 > 3:41:05]
SOAP:   9%|▉         | 2406/25443 [48:39:49 > 3:41:15]
SOAP:   9%|▉         | 2407/25443 [37:22:24 > 3:41:17]
SOAP:   9%|▉         | 2408/25443 [45:16:00 > 3:41:27]
SOAP:   9%|▉         | 2409/25443 [35:12:10 > 3:41:29]
SOAP:   9%|▉         | 2410/25443 [35:46:24 > 3:41:35]
SOAP:   9%|▉         | 2411/25443 [44:17:19 > 3:41:45]
SOAP:   9%|▉         | 2412/25443 [40:23:45 > 3:41:50]
SOAP:   9%|▉         | 2413/25443 [42:25:18 > 3:41:57]
SOAP:   9%|▉         | 2414/25443 [34:34:42 > 3:42:00]
SOAP:   9%|▉         | 2415/25443 [47:58:12 > 3:42:12]
SOAP:   9%|▉         | 2416/25443 [42:07:05 > 3:42:16]
SOAP:   9%|▉         | 2417/25443 [37:28:55 > 3:42:21]
SOAP:  10%|▉         | 2418/25443 [37:56:55 > 3:42:27]
SOAP:  10%|▉         | 2419/25443 [38:52:13 > 3:42:33]
SOAP:  10%|▉         | 2420/25443 [39:58:08 > 3:42:40]
SOAP:  10%|▉         | 2421/25443 [46:30:36 > 3:42:49]
SOAP:  10%|▉         | 2422/25443 [39:21:11 > 3:42:53]
SOAP:  10%|▉         | 2423/25443 [38:26:05 > 3:42:59]
SOAP:  10%|▉         | 2424/25443 [33:02:50 > 3:43:02]
SOAP:  10%|▉         | 2425/25443 [41:15:27 > 3:43:11]
SOAP:  10%|▉         | 2426/25443 [36:10:15 > 3:43:15]
SOAP:  10%|▉         | 2427/25443 [39:10:24 > 3:43:22]
SOAP:  10%|▉         | 2428/25443 [42:55:45 > 3:43:30]
SOAP:  10%|▉         | 2429/25443 [48:33:33 > 3:43:40]
SOAP:  10%|▉         | 2430/25443 [40:56:08 > 3:43:44]
SOAP:  10%|▉         | 2431/25443 [39:54:15 > 3:43:50]
SOAP:  10%|▉         | 2432/25443 [41:43:09 > 3:43:57]
SOAP:  10%|▉         | 2433/25443 [41:08:36 > 3:44:03]
SOAP:  10%|▉         | 2434/25443 [46:14:49 > 3:44:12]
SOAP:  10%|▉         | 2435/25443 [35:45:21 > 3:44:14]
SOAP:  10%|▉         | 2436/25443 [43:19:32 > 3:44:23]
SOAP:  10%|▉         | 2437/25443 [42:35:23 > 3:44:30]
SOAP:  10%|▉         | 2438/25443 [39:26:05 > 3:44:35]
SOAP:  10%|▉         | 2439/25443 [43:18:59 > 3:44:43]
SOAP:  10%|▉         | 2440/25443 [34:37:25 > 3:44:45]
SOAP:  10%|▉         | 2441/25443 [38:57:32 > 3:44:53]
SOAP:  10%|▉         | 2442/25443 [50:09:59 > 3:45:05]
SOAP:  10%|▉         | 2443/25443 [38:46:22 > 3:45:07]
SOAP:  10%|▉         | 2444/25443 [39:20:17 > 3:45:13]
SOAP:  10%|▉         | 2445/25443 [38:00:20 > 3:45:19]
SOAP:  10%|▉         | 2446/25443 [38:16:13 > 3:45:25]
SOAP:  10%|▉         | 2447/25443 [36:20:22 > 3:45:30]
SOAP:  10%|▉         | 2448/25443 [35:46:43 > 3:45:35]
SOAP:  10%|▉         | 2449/25443 [36:51:33 > 3:45:41]
SOAP:  10%|▉         | 2450/25443 [38:40:51 > 3:45:48]
SOAP:  10%|▉         | 2451/25443 [38:26:37 > 3:45:54]
SOAP:  10%|▉         | 2452/25443 [47:47:32 > 3:46:05]
SOAP:  10%|▉         | 2453/25443 [41:31:23 > 3:46:09]
SOAP:  10%|▉         | 2454/25443 [43:05:23 > 3:46:16]
SOAP:  10%|▉         | 2455/25443 [42:50:01 > 3:46:23]
SOAP:  10%|▉         | 2456/25443 [49:50:38 > 3:46:33]
SOAP:  10%|▉         | 2457/25443 [42:13:08 > 3:46:37]
SOAP:  10%|▉         | 2458/25443 [38:36:38 > 3:46:42]
SOAP:  10%|▉         | 2459/25443 [43:28:29 > 3:46:50]
SOAP:  10%|▉         | 2460/25443 [33:54:47 > 3:46:52]
SOAP:  10%|▉         | 2461/25443 [34:55:50 > 3:46:58]
SOAP:  10%|▉         | 2462/25443 [44:38:40 > 3:47:09]
SOAP:  10%|▉         | 2463/25443 [34:41:56 > 3:47:10]
SOAP:  10%|▉         | 2464/25443 [37:13:02 > 3:47:17]
SOAP:  10%|▉         | 2465/25443 [38:16:23 > 3:47:24]
SOAP:  10%|▉         | 2466/25443 [47:56:04 > 3:47:35]
SOAP:  10%|▉         | 2467/25443 [38:20:41 > 3:47:37]
SOAP:  10%|▉         | 2468/25443 [44:33:32 > 3:47:46]
SOAP:  10%|▉         | 2469/25443 [38:38:08 > 3:47:50]
SOAP:  10%|▉         | 2470/25443 [45:46:31 > 3:48:00]
SOAP:  10%|▉         | 2471/25443 [43:44:15 > 3:48:06]
SOAP:  10%|▉         | 2472/25443 [34:23:27 > 3:48:08]
SOAP:  10%|▉         | 2473/25443 [34:41:26 > 3:48:14]
SOAP:  10%|▉         | 2474/25443 [43:39:15 > 3:48:24]
SOAP:  10%|▉         | 2475/25443 [42:53:08 > 3:48:30]
SOAP:  10%|▉         | 2476/25443 [34:02:06 > 3:48:32]
SOAP:  10%|▉         | 2477/25443 [48:01:33 > 3:48:45]
SOAP:  10%|▉         | 2478/25443 [37:28:21 > 3:48:47]
SOAP:  10%|▉         | 2479/25443 [49:50:07 > 3:48:59]
SOAP:  10%|▉         | 2480/25443 [40:14:33 > 3:49:02]
SOAP:  10%|▉         | 2481/25443 [37:09:14 > 3:49:07]
SOAP:  10%|▉         | 2482/25443 [39:17:29 > 3:49:14]
SOAP:  10%|▉         | 2483/25443 [40:09:46 > 3:49:20]
SOAP:  10%|▉         | 2484/25443 [44:03:24 > 3:49:29]
SOAP:  10%|▉         | 2485/25443 [34:02:47 > 3:49:30]
SOAP:  10%|▉         | 2486/25443 [42:13:38 > 3:49:40]
SOAP:  10%|▉         | 2487/25443 [33:07:28 > 3:49:42]
SOAP:  10%|▉         | 2488/25443 [35:17:22 > 3:49:48]
SOAP:  10%|▉         | 2489/25443 [47:15:56 > 3:50:00]
SOAP:  10%|▉         | 2490/25443 [36:46:12 > 3:50:02]
SOAP:  10%|▉         | 2491/25443 [45:31:20 > 3:50:12]
SOAP:  10%|▉         | 2492/25443 [39:55:32 > 3:50:16]
SOAP:  10%|▉         | 2493/25443 [43:46:50 > 3:50:25]
SOAP:  10%|▉         | 2494/25443 [43:18:24 > 3:50:31]
SOAP:  10%|▉         | 2495/25443 [37:40:10 > 3:50:35]
SOAP:  10%|▉         | 2496/25443 [43:50:00 > 3:50:44]
SOAP:  10%|▉         | 2497/25443 [40:19:23 > 3:50:49]
SOAP:  10%|▉         | 2498/25443 [32:07:33 > 3:50:51]
SOAP:  10%|▉         | 2499/25443 [33:12:03 > 3:50:57]
SOAP:  10%|▉         | 2500/25443 [36:00:58 > 3:51:04]
SOAP:  10%|▉         | 2501/25443 [49:31:40 > 3:51:16]
SOAP:  10%|▉         | 2502/25443 [39:38:19 > 3:51:19]
SOAP:  10%|▉         | 2503/25443 [39:19:24 > 3:51:25]
SOAP:  10%|▉         | 2504/25443 [40:32:02 > 3:51:32]
SOAP:  10%|▉         | 2505/25443 [41:15:58 > 3:51:39]
SOAP:  10%|▉         | 2506/25443 [40:46:48 > 3:51:45]
SOAP:  10%|▉         | 2507/25443 [39:39:14 > 3:51:51]
SOAP:  10%|▉         | 2508/25443 [39:37:49 > 3:51:57]
SOAP:  10%|▉         | 2509/25443 [42:44:52 > 3:52:05]
SOAP:  10%|▉         | 2510/25443 [36:32:24 > 3:52:08]
SOAP:  10%|▉         | 2511/25443 [36:32:53 > 3:52:14]
SOAP:  10%|▉         | 2512/25443 [37:31:37 > 3:52:20]
SOAP:  10%|▉         | 2513/25443 [45:52:14 > 3:52:30]
SOAP:  10%|▉         | 2514/25443 [36:59:14 > 3:52:33]
SOAP:  10%|▉         | 2515/25443 [49:02:27 > 3:52:45]
SOAP:  10%|▉         | 2516/25443 [37:47:33 > 3:52:47]
SOAP:  10%|▉         | 2517/25443 [36:43:56 > 3:52:52]
SOAP:  10%|▉         | 2518/25443 [47:03:47 > 3:53:04]
SOAP:  10%|▉         | 2519/25443 [36:25:16 > 3:53:05]
SOAP:  10%|▉         | 2520/25443 [37:03:33 > 3:53:11]
SOAP:  10%|▉         | 2521/25443 [40:38:10 > 3:53:19]
SOAP:  10%|▉         | 2522/25443 [42:05:13 > 3:53:26]
SOAP:  10%|▉         | 2523/25443 [40:25:10 > 3:53:32]
SOAP:  10%|▉         | 2524/25443 [31:59:01 > 3:53:34]
SOAP:  10%|▉         | 2525/25443 [34:44:23 > 3:53:40]
SOAP:  10%|▉         | 2526/25443 [42:42:54 > 3:53:50]
SOAP:  10%|▉         | 2527/25443 [37:22:26 > 3:53:54]
SOAP:  10%|▉         | 2528/25443 [39:01:01 > 3:54:01]
SOAP:  10%|▉         | 2529/25443 [43:13:36 > 3:54:09]
SOAP:  10%|▉         | 2530/25443 [41:33:08 > 3:54:15]
SOAP:  10%|▉         | 2531/25443 [39:41:28 > 3:54:20]
SOAP:  10%|▉         | 2532/25443 [48:51:39 > 3:54:32]
SOAP:  10%|▉         | 2533/25443 [45:11:21 > 3:54:37]
SOAP:  10%|▉         | 2534/25443 [34:58:41 > 3:54:39]
SOAP:  10%|▉         | 2535/25443 [40:02:33 > 3:54:47]
SOAP:  10%|▉         | 2536/25443 [34:22:44 > 3:54:50]
SOAP:  10%|▉         | 2537/25443 [33:26:29 > 3:54:55]
SOAP:  10%|▉         | 2538/25443 [35:13:09 > 3:55:02]
SOAP:  10%|▉         | 2539/25443 [37:35:40 > 3:55:08]
SOAP:  10%|▉         | 2540/25443 [39:37:54 > 3:55:15]
SOAP:  10%|▉         | 2541/25443 [42:43:32 > 3:55:23]
SOAP:  10%|▉         | 2542/25443 [50:43:22 > 3:55:34]
SOAP:  10%|▉         | 2543/25443 [48:03:13 > 3:55:41]
SOAP:  10%|▉         | 2544/25443 [42:59:45 > 3:55:46]
SOAP:  10%|█         | 2545/25443 [36:11:51 > 3:55:49]
SOAP:  10%|█         | 2546/25443 [36:53:35 > 3:55:55]
SOAP:  10%|█         | 2547/25443 [35:41:50 > 3:56:00]
SOAP:  10%|█         | 2548/25443 [35:00:15 > 3:56:05]
SOAP:  10%|█         | 2549/25443 [36:18:39 > 3:56:11]
SOAP:  10%|█         | 2550/25443 [38:07:09 > 3:56:18]
SOAP:  10%|█         | 2551/25443 [38:03:42 > 3:56:24]
SOAP:  10%|█         | 2552/25443 [51:48:56 > 3:56:37]
SOAP:  10%|█         | 2553/25443 [42:35:45 > 3:56:41]
SOAP:  10%|█         | 2554/25443 [41:12:39 > 3:56:47]
SOAP:  10%|█         | 2555/25443 [41:47:12 > 3:56:53]
SOAP:  10%|█         | 2556/25443 [41:54:01 > 3:57:00]
SOAP:  10%|█         | 2557/25443 [39:29:22 > 3:57:05]
SOAP:  10%|█         | 2558/25443 [43:37:11 > 3:57:14]
SOAP:  10%|█         | 2559/25443 [44:02:13 > 3:57:21]
SOAP:  10%|█         | 2560/25443 [34:13:16 > 3:57:23]
SOAP:  10%|█         | 2561/25443 [35:52:56 > 3:57:29]
SOAP:  10%|█         | 2562/25443 [38:06:55 > 3:57:36]
SOAP:  10%|█         | 2563/25443 [36:36:20 > 3:57:41]
SOAP:  10%|█         | 2564/25443 [43:11:10 > 3:57:50]
SOAP:  10%|█         | 2565/25443 [50:16:20 > 3:58:01]
SOAP:  10%|█         | 2566/25443 [38:40:04 > 3:58:02]
SOAP:  10%|█         | 2567/25443 [38:13:53 > 3:58:08]
SOAP:  10%|█         | 2568/25443 [45:48:18 > 3:58:18]
SOAP:  10%|█         | 2569/25443 [38:13:27 > 3:58:21]
SOAP:  10%|█         | 2570/25443 [37:49:25 > 3:58:27]
SOAP:  10%|█         | 2571/25443 [36:29:09 > 3:58:33]
SOAP:  10%|█         | 2572/25443 [38:11:29 > 3:58:39]
SOAP:  10%|█         | 2573/25443 [44:46:32 > 3:58:49]
SOAP:  10%|█         | 2574/25443 [34:58:54 > 3:58:51]
SOAP:  10%|█         | 2575/25443 [45:30:56 > 3:59:02]
SOAP:  10%|█         | 2576/25443 [45:57:14 > 3:59:09]
SOAP:  10%|█         | 2577/25443 [35:45:41 > 3:59:11]
SOAP:  10%|█         | 2578/25443 [47:25:54 > 3:59:23]
SOAP:  10%|█         | 2579/25443 [47:00:51 > 3:59:30]
SOAP:  10%|█         | 2580/25443 [43:28:08 > 3:59:35]
SOAP:  10%|█         | 2581/25443 [34:00:55 > 3:59:37]
SOAP:  10%|█         | 2582/25443 [39:57:08 > 3:59:46]
SOAP:  10%|█         | 2583/25443 [36:46:10 > 3:59:50]
SOAP:  10%|█         | 2584/25443 [42:21:18 > 3:59:59]
SOAP:  10%|█         | 2585/25443 [42:31:30 > 4:00:06]
SOAP:  10%|█         | 2586/25443 [32:49:27 > 4:00:07]
SOAP:  10%|█         | 2587/25443 [32:29:08 > 4:00:12]
SOAP:  10%|█         | 2588/25443 [42:03:19 > 4:00:23]
SOAP:  10%|█         | 2589/25443 [44:56:20 > 4:00:31]
SOAP:  10%|█         | 2590/25443 [44:03:54 > 4:00:37]
SOAP:  10%|█         | 2591/25443 [45:23:44 > 4:00:45]
SOAP:  10%|█         | 2592/25443 [44:46:05 > 4:00:52]
SOAP:  10%|█         | 2593/25443 [34:55:42 > 4:00:54]
SOAP:  10%|█         | 2594/25443 [43:36:20 > 4:01:04]
SOAP:  10%|█         | 2595/25443 [34:02:43 > 4:01:06]
SOAP:  10%|█         | 2596/25443 [35:22:40 > 4:01:12]
SOAP:  10%|█         | 2597/25443 [41:37:13 > 4:01:21]
SOAP:  10%|█         | 2598/25443 [32:09:40 > 4:01:22]
SOAP:  10%|█         | 2599/25443 [34:00:10 > 4:01:28]
SOAP:  10%|█         | 2600/25443 [36:39:52 > 4:01:35]
SOAP:  10%|█         | 2601/25443 [47:57:58 > 4:01:47]
SOAP:  10%|█         | 2602/25443 [40:45:16 > 4:01:50]
SOAP:  10%|█         | 2603/25443 [48:39:22 > 4:02:01]
SOAP:  10%|█         | 2604/25443 [38:12:47 > 4:02:03]
SOAP:  10%|█         | 2605/25443 [39:34:52 > 4:02:10]
SOAP:  10%|█         | 2606/25443 [41:23:03 > 4:02:17]
SOAP:  10%|█         | 2607/25443 [38:20:03 > 4:02:22]
SOAP:  10%|█         | 2608/25443 [42:38:11 > 4:02:30]
SOAP:  10%|█         | 2609/25443 [43:29:59 > 4:02:38]
SOAP:  10%|█         | 2610/25443 [41:50:18 > 4:02:44]
SOAP:  10%|█         | 2611/25443 [40:59:39 > 4:02:50]
SOAP:  10%|█         | 2612/25443 [32:11:06 > 4:02:51]
SOAP:  10%|█         | 2613/25443 [34:02:44 > 4:02:58]
SOAP:  10%|█         | 2614/25443 [45:46:20 > 4:03:09]
SOAP:  10%|█         | 2615/25443 [35:02:38 > 4:03:11]
SOAP:  10%|█         | 2616/25443 [40:00:15 > 4:03:19]
SOAP:  10%|█         | 2617/25443 [47:47:50 > 4:03:29]
SOAP:  10%|█         | 2618/25443 [37:54:40 > 4:03:32]
SOAP:  10%|█         | 2619/25443 [37:45:42 > 4:03:37]
SOAP:  10%|█         | 2620/25443 [44:09:13 > 4:03:47]
SOAP:  10%|█         | 2621/25443 [35:27:30 > 4:03:49]
SOAP:  10%|█         | 2622/25443 [36:59:43 > 4:03:56]
SOAP:  10%|█         | 2623/25443 [35:18:05 > 4:04:01]
SOAP:  10%|█         | 2624/25443 [43:58:36 > 4:04:11]
SOAP:  10%|█         | 2625/25443 [34:26:08 > 4:04:13]
SOAP:  10%|█         | 2626/25443 [36:46:45 > 4:04:19]
SOAP:  10%|█         | 2627/25443 [40:34:00 > 4:04:27]
SOAP:  10%|█         | 2628/25443 [41:36:46 > 4:04:34]
SOAP:  10%|█         | 2629/25443 [42:00:05 > 4:04:41]
SOAP:  10%|█         | 2630/25443 [47:14:58 > 4:04:50]
SOAP:  10%|█         | 2631/25443 [40:11:07 > 4:04:54]
SOAP:  10%|█         | 2632/25443 [40:58:28 > 4:05:01]
SOAP:  10%|█         | 2633/25443 [45:07:56 > 4:05:09]
SOAP:  10%|█         | 2634/25443 [40:33:28 > 4:05:14]
SOAP:  10%|█         | 2635/25443 [34:47:36 > 4:05:17]
SOAP:  10%|█         | 2636/25443 [36:28:59 > 4:05:24]
SOAP:  10%|█         | 2637/25443 [35:01:19 > 4:05:29]
SOAP:  10%|█         | 2638/25443 [36:34:39 > 4:05:35]
SOAP:  10%|█         | 2639/25443 [38:19:58 > 4:05:42]
SOAP:  10%|█         | 2640/25443 [40:07:53 > 4:05:49]
SOAP:  10%|█         | 2641/25443 [47:59:09 > 4:05:59]
SOAP:  10%|█         | 2642/25443 [50:46:16 > 4:06:08]
SOAP:  10%|█         | 2643/25443 [38:55:15 > 4:06:10]
SOAP:  10%|█         | 2644/25443 [46:12:06 > 4:06:20]
SOAP:  10%|█         | 2645/25443 [36:30:32 > 4:06:22]
SOAP:  10%|█         | 2646/25443 [43:05:52 > 4:06:31]
SOAP:  10%|█         | 2647/25443 [39:43:09 > 4:06:37]
SOAP:  10%|█         | 2648/25443 [38:04:28 > 4:06:42]
SOAP:  10%|█         | 2649/25443 [30:23:39 > 4:06:44]
SOAP:  10%|█         | 2650/25443 [34:11:46 > 4:06:51]
SOAP:  10%|█         | 2651/25443 [36:11:10 > 4:06:57]
SOAP:  10%|█         | 2652/25443 [41:40:39 > 4:07:06]
SOAP:  10%|█         | 2653/25443 [41:50:20 > 4:07:12]
SOAP:  10%|█         | 2654/25443 [42:09:25 > 4:07:19]
SOAP:  10%|█         | 2655/25443 [42:19:14 > 4:07:26]
SOAP:  10%|█         | 2656/25443 [41:40:49 > 4:07:32]
SOAP:  10%|█         | 2657/25443 [48:28:52 > 4:07:42]
SOAP:  10%|█         | 2658/25443 [37:06:59 > 4:07:44]
SOAP:  10%|█         | 2659/25443 [38:24:07 > 4:07:51]
SOAP:  10%|█         | 2660/25443 [36:08:01 > 4:07:56]
SOAP:  10%|█         | 2661/25443 [43:21:19 > 4:08:05]
SOAP:  10%|█         | 2662/25443 [35:03:01 > 4:08:08]
SOAP:  10%|█         | 2663/25443 [36:22:07 > 4:08:14]
SOAP:  10%|█         | 2664/25443 [38:37:40 > 4:08:21]
SOAP:  10%|█         | 2665/25443 [50:40:04 > 4:08:33]
SOAP:  10%|█         | 2666/25443 [39:05:27 > 4:08:35]
SOAP:  10%|█         | 2667/25443 [38:13:43 > 4:08:41]
SOAP:  10%|█         | 2668/25443 [48:34:31 > 4:08:52]
SOAP:  10%|█         | 2669/25443 [37:28:20 > 4:08:54]
SOAP:  10%|█         | 2670/25443 [41:55:54 > 4:09:02]
SOAP:  10%|█         | 2671/25443 [35:55:29 > 4:09:06]
SOAP:  11%|█         | 2672/25443 [37:34:52 > 4:09:12]
SOAP:  11%|█         | 2673/25443 [35:45:28 > 4:09:17]
SOAP:  11%|█         | 2674/25443 [44:14:25 > 4:09:28]
SOAP:  11%|█         | 2675/25443 [40:16:25 > 4:09:32]
SOAP:  11%|█         | 2676/25443 [36:10:16 > 4:09:37]
SOAP:  11%|█         | 2677/25443 [39:41:09 > 4:09:44]
SOAP:  11%|█         | 2678/25443 [50:17:28 > 4:09:56]
SOAP:  11%|█         | 2679/25443 [45:54:27 > 4:10:02]
SOAP:  11%|█         | 2680/25443 [42:59:42 > 4:10:07]
SOAP:  11%|█         | 2681/25443 [46:59:18 > 4:10:16]
SOAP:  11%|█         | 2682/25443 [36:47:28 > 4:10:18]
SOAP:  11%|█         | 2683/25443 [42:54:16 > 4:10:27]
SOAP:  11%|█         | 2684/25443 [33:24:04 > 4:10:29]
SOAP:  11%|█         | 2685/25443 [34:17:45 > 4:10:35]
SOAP:  11%|█         | 2686/25443 [35:33:24 > 4:10:41]
SOAP:  11%|█         | 2687/25443 [43:12:49 > 4:10:51]
SOAP:  11%|█         | 2688/25443 [33:27:44 > 4:10:52]
SOAP:  11%|█         | 2689/25443 [36:19:07 > 4:10:59]
SOAP:  11%|█         | 2690/25443 [47:44:57 > 4:11:11]
SOAP:  11%|█         | 2691/25443 [39:04:05 > 4:11:14]
SOAP:  11%|█         | 2692/25443 [40:12:14 > 4:11:21]
SOAP:  11%|█         | 2693/25443 [40:43:19 > 4:11:27]
SOAP:  11%|█         | 2694/25443 [40:01:56 > 4:11:33]
SOAP:  11%|█         | 2695/25443 [39:13:16 > 4:11:39]
SOAP:  11%|█         | 2696/25443 [41:28:11 > 4:11:47]
SOAP:  11%|█         | 2697/25443 [35:27:42 > 4:11:50]
SOAP:  11%|█         | 2698/25443 [41:26:24 > 4:11:59]
SOAP:  11%|█         | 2699/25443 [35:15:26 > 4:12:02]
SOAP:  11%|█         | 2700/25443 [36:23:28 > 4:12:08]
SOAP:  11%|█         | 2701/25443 [50:00:28 > 4:12:21]
SOAP:  11%|█         | 2702/25443 [38:43:40 > 4:12:23]
SOAP:  11%|█         | 2703/25443 [39:53:52 > 4:12:30]
SOAP:  11%|█         | 2704/25443 [41:24:52 > 4:12:37]
SOAP:  11%|█         | 2705/25443 [41:44:14 > 4:12:44]
SOAP:  11%|█         | 2706/25443 [48:36:48 > 4:12:54]
SOAP:  11%|█         | 2707/25443 [36:53:31 > 4:12:56]
SOAP:  11%|█         | 2708/25443 [37:17:15 > 4:13:02]
SOAP:  11%|█         | 2709/25443 [37:00:45 > 4:13:07]
SOAP:  11%|█         | 2710/25443 [37:07:01 > 4:13:13]
SOAP:  11%|█         | 2711/25443 [36:57:51 > 4:13:19]
SOAP:  11%|█         | 2712/25443 [44:56:16 > 4:13:29]
SOAP:  11%|█         | 2713/25443 [40:25:15 > 4:13:34]
SOAP:  11%|█         | 2714/25443 [36:35:10 > 4:13:38]
SOAP:  11%|█         | 2715/25443 [48:06:45 > 4:13:50]
SOAP:  11%|█         | 2716/25443 [37:41:35 > 4:13:52]
SOAP:  11%|█         | 2717/25443 [36:32:01 > 4:13:58]
SOAP:  11%|█         | 2718/25443 [46:42:23 > 4:14:09]
SOAP:  11%|█         | 2719/25443 [35:58:32 > 4:14:11]
SOAP:  11%|█         | 2720/25443 [36:53:38 > 4:14:17]
SOAP:  11%|█         | 2721/25443 [36:01:11 > 4:14:22]
SOAP:  11%|█         | 2722/25443 [42:30:41 > 4:14:31]
SOAP:  11%|█         | 2723/25443 [33:34:29 > 4:14:33]
SOAP:  11%|█         | 2724/25443 [34:33:25 > 4:14:39]
SOAP:  11%|█         | 2725/25443 [36:29:13 > 4:14:46]
SOAP:  11%|█         | 2726/25443 [38:20:45 > 4:14:52]
SOAP:  11%|█         | 2727/25443 [50:49:44 > 4:15:05]
SOAP:  11%|█         | 2728/25443 [39:27:13 > 4:15:07]
SOAP:  11%|█         | 2729/25443 [40:51:36 > 4:15:14]
SOAP:  11%|█         | 2730/25443 [46:23:17 > 4:15:24]
SOAP:  11%|█         | 2731/25443 [49:19:39 > 4:15:32]
SOAP:  11%|█         | 2732/25443 [37:32:53 > 4:15:34]
SOAP:  11%|█         | 2733/25443 [39:27:34 > 4:15:41]
SOAP:  11%|█         | 2734/25443 [41:49:37 > 4:15:49]
SOAP:  11%|█         | 2735/25443 [33:35:00 > 4:15:51]
SOAP:  11%|█         | 2736/25443 [39:25:50 > 4:15:59]
SOAP:  11%|█         | 2737/25443 [41:19:18 > 4:16:06]
SOAP:  11%|█         | 2738/25443 [36:48:09 > 4:16:11]
SOAP:  11%|█         | 2739/25443 [43:06:00 > 4:16:20]
SOAP:  11%|█         | 2740/25443 [33:53:50 > 4:16:22]
SOAP:  11%|█         | 2741/25443 [37:49:47 > 4:16:29]
SOAP:  11%|█         | 2742/25443 [39:19:07 > 4:16:36]
SOAP:  11%|█         | 2743/25443 [41:47:39 > 4:16:44]
SOAP:  11%|█         | 2744/25443 [40:00:36 > 4:16:49]
SOAP:  11%|█         | 2745/25443 [48:36:24 > 4:17:00]
SOAP:  11%|█         | 2746/25443 [38:12:58 > 4:17:02]
SOAP:  11%|█         | 2747/25443 [40:49:55 > 4:17:10]
SOAP:  11%|█         | 2748/25443 [35:26:06 > 4:17:13]
SOAP:  11%|█         | 2749/25443 [32:34:43 > 4:17:18]
SOAP:  11%|█         | 2750/25443 [35:45:16 > 4:17:24]
SOAP:  11%|█         | 2751/25443 [37:11:19 > 4:17:31]
SOAP:  11%|█         | 2752/25443 [41:45:32 > 4:17:39]
SOAP:  11%|█         | 2753/25443 [41:53:18 > 4:17:46]
SOAP:  11%|█         | 2754/25443 [42:05:41 > 4:17:53]
SOAP:  11%|█         | 2755/25443 [42:11:48 > 4:17:59]
SOAP:  11%|█         | 2756/25443 [41:34:55 > 4:18:06]
SOAP:  11%|█         | 2757/25443 [47:20:41 > 4:18:15]
SOAP:  11%|█         | 2758/25443 [36:56:27 > 4:18:17]
SOAP:  11%|█         | 2759/25443 [44:12:18 > 4:18:27]
SOAP:  11%|█         | 2760/25443 [42:04:08 > 4:18:33]
SOAP:  11%|█         | 2761/25443 [41:17:18 > 4:18:39]
SOAP:  11%|█         | 2762/25443 [32:06:59 > 4:18:41]
SOAP:  11%|█         | 2763/25443 [42:55:07 > 4:18:52]
SOAP:  11%|█         | 2764/25443 [34:29:10 > 4:18:54]
SOAP:  11%|█         | 2765/25443 [48:19:21 > 4:19:07]
SOAP:  11%|█         | 2766/25443 [38:14:16 > 4:19:09]
SOAP:  11%|█         | 2767/25443 [36:21:51 > 4:19:14]
SOAP:  11%|█         | 2768/25443 [43:08:16 > 4:19:24]
SOAP:  11%|█         | 2769/25443 [37:53:39 > 4:19:28]
SOAP:  11%|█         | 2770/25443 [45:28:30 > 4:19:38]
SOAP:  11%|█         | 2771/25443 [34:57:04 > 4:19:39]
SOAP:  11%|█         | 2772/25443 [36:26:48 > 4:19:46]
SOAP:  11%|█         | 2773/25443 [35:01:16 > 4:19:51]
SOAP:  11%|█         | 2774/25443 [37:08:15 > 4:19:57]
SOAP:  11%|█         | 2775/25443 [36:03:42 > 4:20:03]
SOAP:  11%|█         | 2776/25443 [37:46:14 > 4:20:09]
SOAP:  11%|█         | 2777/25443 [40:44:22 > 4:20:17]
SOAP:  11%|█         | 2778/25443 [41:38:29 > 4:20:24]
SOAP:  11%|█         | 2779/25443 [52:05:26 > 4:20:36]
SOAP:  11%|█         | 2780/25443 [42:53:09 > 4:20:40]
SOAP:  11%|█         | 2781/25443 [37:33:35 > 4:20:43]
SOAP:  11%|█         | 2782/25443 [39:57:42 > 4:20:51]
SOAP:  11%|█         | 2783/25443 [46:34:55 > 4:21:01]
SOAP:  11%|█         | 2784/25443 [35:57:01 > 4:21:02]
SOAP:  11%|█         | 2785/25443 [35:32:45 > 4:21:08]
SOAP:  11%|█         | 2786/25443 [37:06:28 > 4:21:14]
SOAP:  11%|█         | 2787/25443 [35:31:46 > 4:21:19]
SOAP:  11%|█         | 2788/25443 [36:45:29 > 4:21:26]
SOAP:  11%|█         | 2789/25443 [38:29:37 > 4:21:32]
SOAP:  11%|█         | 2790/25443 [39:47:07 > 4:21:39]
SOAP:  11%|█         | 2791/25443 [51:46:59 > 4:21:52]
SOAP:  11%|█         | 2792/25443 [39:21:06 > 4:21:54]
SOAP:  11%|█         | 2793/25443 [39:56:27 > 4:22:00]
SOAP:  11%|█         | 2794/25443 [47:19:47 > 4:22:10]
SOAP:  11%|█         | 2795/25443 [44:44:51 > 4:22:17]
SOAP:  11%|█         | 2796/25443 [39:03:52 > 4:22:21]
SOAP:  11%|█         | 2797/25443 [31:31:35 > 4:22:23]
SOAP:  11%|█         | 2798/25443 [39:59:29 > 4:22:32]
SOAP:  11%|█         | 2799/25443 [31:35:21 > 4:22:34]
SOAP:  11%|█         | 2800/25443 [35:04:34 > 4:22:41]
SOAP:  11%|█         | 2801/25443 [46:45:25 > 4:22:53]
SOAP:  11%|█         | 2802/25443 [47:35:22 > 4:23:01]
SOAP:  11%|█         | 2803/25443 [37:10:35 > 4:23:03]
SOAP:  11%|█         | 2804/25443 [41:06:18 > 4:23:11]
SOAP:  11%|█         | 2805/25443 [47:46:09 > 4:23:21]
SOAP:  11%|█         | 2806/25443 [36:49:05 > 4:23:23]
SOAP:  11%|█         | 2807/25443 [36:55:34 > 4:23:29]
SOAP:  11%|█         | 2808/25443 [37:02:24 > 4:23:35]
SOAP:  11%|█         | 2809/25443 [44:33:21 > 4:23:44]
SOAP:  11%|█         | 2810/25443 [34:30:19 > 4:23:46]
SOAP:  11%|█         | 2811/25443 [35:47:25 > 4:23:52]
SOAP:  11%|█         | 2812/25443 [36:42:51 > 4:23:59]
SOAP:  11%|█         | 2813/25443 [37:05:12 > 4:24:05]
SOAP:  11%|█         | 2814/25443 [41:23:41 > 4:24:13]
SOAP:  11%|█         | 2815/25443 [38:42:09 > 4:24:18]
SOAP:  11%|█         | 2816/25443 [50:24:38 > 4:24:30]
SOAP:  11%|█         | 2817/25443 [38:18:50 > 4:24:32]
SOAP:  11%|█         | 2818/25443 [49:05:09 > 4:24:44]
SOAP:  11%|█         | 2819/25443 [38:10:33 > 4:24:46]
SOAP:  11%|█         | 2820/25443 [38:29:39 > 4:24:52]
SOAP:  11%|█         | 2821/25443 [37:09:12 > 4:24:57]
SOAP:  11%|█         | 2822/25443 [38:00:59 > 4:25:04]
SOAP:  11%|█         | 2823/25443 [37:21:18 > 4:25:09]
SOAP:  11%|█         | 2824/25443 [37:07:58 > 4:25:15]
SOAP:  11%|█         | 2825/25443 [38:31:11 > 4:25:22]
SOAP:  11%|█         | 2826/25443 [39:41:07 > 4:25:29]
SOAP:  11%|█         | 2827/25443 [51:22:23 > 4:25:41]
SOAP:  11%|█         | 2828/25443 [44:46:32 > 4:25:46]
SOAP:  11%|█         | 2829/25443 [49:06:35 > 4:25:55]
SOAP:  11%|█         | 2830/25443 [44:43:16 > 4:26:01]
SOAP:  11%|█         | 2831/25443 [34:44:33 > 4:26:03]
SOAP:  11%|█         | 2832/25443 [37:33:38 > 4:26:10]
SOAP:  11%|█         | 2833/25443 [37:02:47 > 4:26:15]
SOAP:  11%|█         | 2834/25443 [36:24:55 > 4:26:21]
SOAP:  11%|█         | 2835/25443 [35:34:59 > 4:26:26]
SOAP:  11%|█         | 2836/25443 [37:00:24 > 4:26:33]
SOAP:  11%|█         | 2837/25443 [44:08:15 > 4:26:42]
SOAP:  11%|█         | 2838/25443 [34:35:43 > 4:26:44]
SOAP:  11%|█         | 2839/25443 [38:38:08 > 4:26:52]
SOAP:  11%|█         | 2840/25443 [38:14:22 > 4:26:58]
SOAP:  11%|█         | 2841/25443 [41:28:19 > 4:27:06]
SOAP:  11%|█         | 2842/25443 [42:23:35 > 4:27:13]
SOAP:  11%|█         | 2843/25443 [43:36:16 > 4:27:20]
SOAP:  11%|█         | 2844/25443 [41:26:38 > 4:27:26]
SOAP:  11%|█         | 2845/25443 [40:55:14 > 4:27:32]
SOAP:  11%|█         | 2846/25443 [40:19:01 > 4:27:39]
SOAP:  11%|█         | 2847/25443 [39:06:47 > 4:27:44]
SOAP:  11%|█         | 2848/25443 [36:17:46 > 4:27:49]
SOAP:  11%|█         | 2849/25443 [35:44:09 > 4:27:55]
SOAP:  11%|█         | 2850/25443 [46:42:45 > 4:28:06]
SOAP:  11%|█         | 2851/25443 [36:15:09 > 4:28:08]
SOAP:  11%|█         | 2852/25443 [42:09:55 > 4:28:17]
SOAP:  11%|█         | 2853/25443 [46:36:29 > 4:28:26]
SOAP:  11%|█         | 2854/25443 [40:38:57 > 4:28:30]
SOAP:  11%|█         | 2855/25443 [41:13:32 > 4:28:37]
SOAP:  11%|█         | 2856/25443 [41:15:10 > 4:28:44]
SOAP:  11%|█         | 2857/25443 [46:40:32 > 4:28:53]
SOAP:  11%|█         | 2858/25443 [40:56:45 > 4:28:57]
SOAP:  11%|█         | 2859/25443 [34:47:29 > 4:29:01]
SOAP:  11%|█         | 2860/25443 [42:52:14 > 4:29:11]
SOAP:  11%|█         | 2861/25443 [35:37:41 > 4:29:14]
SOAP:  11%|█         | 2862/25443 [42:16:21 > 4:29:23]
SOAP:  11%|█▏        | 2863/25443 [33:11:01 > 4:29:25]
SOAP:  11%|█▏        | 2864/25443 [45:02:34 > 4:29:36]
SOAP:  11%|█▏        | 2865/25443 [34:44:47 > 4:29:38]
SOAP:  11%|█▏        | 2866/25443 [39:33:40 > 4:29:46]
SOAP:  11%|█▏        | 2867/25443 [38:53:52 > 4:29:52]
SOAP:  11%|█▏        | 2868/25443 [40:32:22 > 4:29:59]
SOAP:  11%|█▏        | 2869/25443 [47:46:46 > 4:30:09]
SOAP:  11%|█▏        | 2870/25443 [39:49:02 > 4:30:13]
SOAP:  11%|█▏        | 2871/25443 [35:37:14 > 4:30:17]
SOAP:  11%|█▏        | 2872/25443 [36:18:10 > 4:30:23]
SOAP:  11%|█▏        | 2873/25443 [34:52:09 > 4:30:28]
SOAP:  11%|█▏        | 2874/25443 [35:51:02 > 4:30:34]
SOAP:  11%|█▏        | 2875/25443 [37:00:31 > 4:30:40]
SOAP:  11%|█▏        | 2876/25443 [48:32:30 > 4:30:52]
SOAP:  11%|█▏        | 2877/25443 [37:30:27 > 4:30:54]
SOAP:  11%|█▏        | 2878/25443 [39:17:49 > 4:31:01]
SOAP:  11%|█▏        | 2879/25443 [50:48:03 > 4:31:14]
SOAP:  11%|█▏        | 2880/25443 [38:53:34 > 4:31:15]
SOAP:  11%|█▏        | 2881/25443 [37:49:58 > 4:31:21]
SOAP:  11%|█▏        | 2882/25443 [47:17:44 > 4:31:32]
SOAP:  11%|█▏        | 2883/25443 [36:49:01 > 4:31:34]
SOAP:  11%|█▏        | 2884/25443 [43:52:35 > 4:31:44]
SOAP:  11%|█▏        | 2885/25443 [43:07:30 > 4:31:50]
SOAP:  11%|█▏        | 2886/25443 [33:16:06 > 4:31:52]
SOAP:  11%|█▏        | 2887/25443 [32:33:54 > 4:31:57]
SOAP:  11%|█▏        | 2888/25443 [36:23:23 > 4:32:04]
SOAP:  11%|█▏        | 2889/25443 [45:49:12 > 4:32:15]
SOAP:  11%|█▏        | 2890/25443 [45:48:25 > 4:32:22]
SOAP:  11%|█▏        | 2891/25443 [35:53:24 > 4:32:24]
SOAP:  11%|█▏        | 2892/25443 [47:11:02 > 4:32:36]
SOAP:  11%|█▏        | 2893/25443 [36:21:17 > 4:32:38]
SOAP:  11%|█▏        | 2894/25443 [44:31:45 > 4:32:48]
SOAP:  11%|█▏        | 2895/25443 [42:56:46 > 4:32:54]
SOAP:  11%|█▏        | 2896/25443 [32:55:37 > 4:32:56]
SOAP:  11%|█▏        | 2897/25443 [33:14:05 > 4:33:01]
SOAP:  11%|█▏        | 2898/25443 [32:04:22 > 4:33:06]
SOAP:  11%|█▏        | 2899/25443 [34:01:55 > 4:33:12]
SOAP:  11%|█▏        | 2900/25443 [37:36:58 > 4:33:19]
SOAP:  11%|█▏        | 2901/25443 [50:10:15 > 4:33:32]
SOAP:  11%|█▏        | 2902/25443 [42:51:33 > 4:33:36]
SOAP:  11%|█▏        | 2903/25443 [38:06:45 > 4:33:41]
SOAP:  11%|█▏        | 2904/25443 [39:39:09 > 4:33:47]
SOAP:  11%|█▏        | 2905/25443 [40:37:49 > 4:33:54]
SOAP:  11%|█▏        | 2906/25443 [40:38:03 > 4:34:01]
SOAP:  11%|█▏        | 2907/25443 [38:58:32 > 4:34:06]
SOAP:  11%|█▏        | 2908/25443 [45:45:03 > 4:34:16]
SOAP:  11%|█▏        | 2909/25443 [35:20:08 > 4:34:18]
SOAP:  11%|█▏        | 2910/25443 [35:42:39 > 4:34:24]
SOAP:  11%|█▏        | 2911/25443 [40:28:07 > 4:34:32]
SOAP:  11%|█▏        | 2912/25443 [43:15:54 > 4:34:40]
SOAP:  11%|█▏        | 2913/25443 [33:57:03 > 4:34:42]
SOAP:  11%|█▏        | 2914/25443 [45:40:04 > 4:34:54]
SOAP:  11%|█▏        | 2915/25443 [35:06:32 > 4:34:55]
SOAP:  11%|█▏        | 2916/25443 [40:08:13 > 4:35:04]
SOAP:  11%|█▏        | 2917/25443 [48:36:15 > 4:35:15]
SOAP:  11%|█▏        | 2918/25443 [45:35:00 > 4:35:21]
SOAP:  11%|█▏        | 2919/25443 [35:29:18 > 4:35:23]
SOAP:  11%|█▏        | 2920/25443 [37:00:35 > 4:35:29]
SOAP:  11%|█▏        | 2921/25443 [36:08:58 > 4:35:35]
SOAP:  11%|█▏        | 2922/25443 [37:19:46 > 4:35:41]
SOAP:  11%|█▏        | 2923/25443 [35:26:31 > 4:35:46]
SOAP:  11%|█▏        | 2924/25443 [37:19:00 > 4:35:53]
SOAP:  11%|█▏        | 2925/25443 [36:14:46 > 4:35:58]
SOAP:  12%|█▏        | 2926/25443 [37:57:45 > 4:36:05]
SOAP:  12%|█▏        | 2927/25443 [41:12:10 > 4:36:13]
SOAP:  12%|█▏        | 2928/25443 [46:57:19 > 4:36:22]
SOAP:  12%|█▏        | 2929/25443 [40:34:44 > 4:36:26]
SOAP:  12%|█▏        | 2930/25443 [49:25:31 > 4:36:38]
SOAP:  12%|█▏        | 2931/25443 [38:13:10 > 4:36:39]
SOAP:  12%|█▏        | 2932/25443 [47:34:10 > 4:36:51]
SOAP:  12%|█▏        | 2933/25443 [39:19:29 > 4:36:54]
SOAP:  12%|█▏        | 2934/25443 [42:43:18 > 4:37:02]
SOAP:  12%|█▏        | 2935/25443 [38:24:39 > 4:37:06]
SOAP:  12%|█▏        | 2936/25443 [33:04:29 > 4:37:10]
SOAP:  12%|█▏        | 2937/25443 [32:38:07 > 4:37:15]
SOAP:  12%|█▏        | 2938/25443 [34:31:18 > 4:37:21]
SOAP:  12%|█▏        | 2939/25443 [37:17:16 > 4:37:28]
SOAP:  12%|█▏        | 2940/25443 [49:18:10 > 4:37:40]
SOAP:  12%|█▏        | 2941/25443 [38:52:19 > 4:37:43]
SOAP:  12%|█▏        | 2942/25443 [40:21:19 > 4:37:50]
SOAP:  12%|█▏        | 2943/25443 [42:10:55 > 4:37:57]
SOAP:  12%|█▏        | 2944/25443 [48:19:56 > 4:38:07]
SOAP:  12%|█▏        | 2945/25443 [37:09:34 > 4:38:09]
SOAP:  12%|█▏        | 2946/25443 [37:00:42 > 4:38:15]
SOAP:  12%|█▏        | 2947/25443 [35:17:23 > 4:38:20]
SOAP:  12%|█▏        | 2948/25443 [35:19:42 > 4:38:25]
SOAP:  12%|█▏        | 2949/25443 [44:28:51 > 4:38:36]
SOAP:  12%|█▏        | 2950/25443 [43:42:25 > 4:38:43]
SOAP:  12%|█▏        | 2951/25443 [34:09:29 > 4:38:45]
SOAP:  12%|█▏        | 2952/25443 [39:14:42 > 4:38:53]
SOAP:  12%|█▏        | 2953/25443 [40:00:24 > 4:38:59]
SOAP:  12%|█▏        | 2954/25443 [50:11:10 > 4:39:11]
SOAP:  12%|█▏        | 2955/25443 [38:15:17 > 4:39:13]
SOAP:  12%|█▏        | 2956/25443 [38:54:03 > 4:39:19]
SOAP:  12%|█▏        | 2957/25443 [38:25:56 > 4:39:25]
SOAP:  12%|█▏        | 2958/25443 [37:57:12 > 4:39:31]
SOAP:  12%|█▏        | 2959/25443 [44:59:30 > 4:39:41]
SOAP:  12%|█▏        | 2960/25443 [34:49:10 > 4:39:43]
SOAP:  12%|█▏        | 2961/25443 [35:35:05 > 4:39:49]
SOAP:  12%|█▏        | 2962/25443 [44:52:49 > 4:40:00]
SOAP:  12%|█▏        | 2963/25443 [43:26:05 > 4:40:06]
SOAP:  12%|█▏        | 2964/25443 [35:36:24 > 4:40:09]
SOAP:  12%|█▏        | 2965/25443 [46:46:55 > 4:40:20]
SOAP:  12%|█▏        | 2966/25443 [44:54:07 > 4:40:27]
SOAP:  12%|█▏        | 2967/25443 [44:14:03 > 4:40:34]
SOAP:  12%|█▏        | 2968/25443 [33:59:52 > 4:40:35]
SOAP:  12%|█▏        | 2969/25443 [43:54:05 > 4:40:46]
SOAP:  12%|█▏        | 2970/25443 [34:13:48 > 4:40:48]
SOAP:  12%|█▏        | 2971/25443 [36:02:25 > 4:40:54]
SOAP:  12%|█▏        | 2972/25443 [35:12:33 > 4:41:00]
SOAP:  12%|█▏        | 2973/25443 [42:16:31 > 4:41:09]
SOAP:  12%|█▏        | 2974/25443 [33:07:51 > 4:41:11]
SOAP:  12%|█▏        | 2975/25443 [35:36:20 > 4:41:18]
SOAP:  12%|█▏        | 2976/25443 [37:48:18 > 4:41:25]
SOAP:  12%|█▏        | 2977/25443 [41:34:41 > 4:41:33]
SOAP:  12%|█▏        | 2978/25443 [40:34:24 > 4:41:39]
SOAP:  12%|█▏        | 2979/25443 [51:17:01 > 4:41:51]
SOAP:  12%|█▏        | 2980/25443 [45:31:59 > 4:41:56]
SOAP:  12%|█▏        | 2981/25443 [47:13:55 > 4:42:04]
SOAP:  12%|█▏        | 2982/25443 [36:00:20 > 4:42:06]
SOAP:  12%|█▏        | 2983/25443 [43:39:49 > 4:42:16]
SOAP:  12%|█▏        | 2984/25443 [33:56:10 > 4:42:18]
SOAP:  12%|█▏        | 2985/25443 [43:08:06 > 4:42:28]
SOAP:  12%|█▏        | 2986/25443 [33:06:44 > 4:42:30]
SOAP:  12%|█▏        | 2987/25443 [32:15:51 > 4:42:34]
SOAP:  12%|█▏        | 2988/25443 [42:01:30 > 4:42:45]
SOAP:  12%|█▏        | 2989/25443 [37:59:16 > 4:42:49]
SOAP:  12%|█▏        | 2990/25443 [35:50:05 > 4:42:54]
SOAP:  12%|█▏        | 2991/25443 [49:19:25 > 4:43:07]
SOAP:  12%|█▏        | 2992/25443 [37:24:22 > 4:43:09]
SOAP:  12%|█▏        | 2993/25443 [39:00:16 > 4:43:16]
SOAP:  12%|█▏        | 2994/25443 [44:02:43 > 4:43:25]
SOAP:  12%|█▏        | 2995/25443 [45:13:46 > 4:43:32]
SOAP:  12%|█▏        | 2996/25443 [34:49:15 > 4:43:34]
SOAP:  12%|█▏        | 2997/25443 [33:41:43 > 4:43:39]
SOAP:  12%|█▏        | 2998/25443 [33:42:21 > 4:43:44]
SOAP:  12%|█▏        | 2999/25443 [35:11:50 > 4:43:51]
SOAP:  12%|█▏        | 3000/25443 [45:25:02 > 4:44:02]
SOAP:  12%|█▏        | 3001/25443 [47:42:24 > 4:44:10]
SOAP:  12%|█▏        | 3002/25443 [37:02:11 > 4:44:12]
SOAP:  12%|█▏        | 3003/25443 [38:31:54 > 4:44:19]
SOAP:  12%|█▏        | 3004/25443 [40:16:29 > 4:44:26]
SOAP:  12%|█▏        | 3005/25443 [40:53:35 > 4:44:33]
SOAP:  12%|█▏        | 3006/25443 [47:44:56 > 4:44:43]
SOAP:  12%|█▏        | 3007/25443 [36:49:32 > 4:44:45]
SOAP:  12%|█▏        | 3008/25443 [44:13:13 > 4:44:55]
SOAP:  12%|█▏        | 3009/25443 [34:09:09 > 4:44:56]
SOAP:  12%|█▏        | 3010/25443 [41:51:28 > 4:45:06]
SOAP:  12%|█▏        | 3011/25443 [32:28:06 > 4:45:08]
SOAP:  12%|█▏        | 3012/25443 [34:24:22 > 4:45:14]
SOAP:  12%|█▏        | 3013/25443 [44:03:19 > 4:45:25]
SOAP:  12%|█▏        | 3014/25443 [43:05:22 > 4:45:31]
SOAP:  12%|█▏        | 3015/25443 [35:12:12 > 4:45:34]
SOAP:  12%|█▏        | 3016/25443 [43:20:18 > 4:45:44]
SOAP:  12%|█▏        | 3017/25443 [44:30:48 > 4:45:52]
SOAP:  12%|█▏        | 3018/25443 [36:55:23 > 4:45:55]
SOAP:  12%|█▏        | 3019/25443 [37:48:00 > 4:46:01]
SOAP:  12%|█▏        | 3020/25443 [38:04:23 > 4:46:07]
SOAP:  12%|█▏        | 3021/25443 [45:34:00 > 4:46:17]
SOAP:  12%|█▏        | 3022/25443 [34:55:51 > 4:46:19]
SOAP:  12%|█▏        | 3023/25443 [33:33:56 > 4:46:24]
SOAP:  12%|█▏        | 3024/25443 [34:29:39 > 4:46:30]
SOAP:  12%|█▏        | 3025/25443 [36:24:38 > 4:46:36]
SOAP:  12%|█▏        | 3026/25443 [37:52:54 > 4:46:43]
SOAP:  12%|█▏        | 3027/25443 [40:46:51 > 4:46:51]
SOAP:  12%|█▏        | 3028/25443 [41:46:43 > 4:46:58]
SOAP:  12%|█▏        | 3029/25443 [42:03:38 > 4:47:04]
SOAP:  12%|█▏        | 3030/25443 [47:44:05 > 4:47:14]
SOAP:  12%|█▏        | 3031/25443 [41:52:48 > 4:47:19]
SOAP:  12%|█▏        | 3032/25443 [40:18:26 > 4:47:25]
SOAP:  12%|█▏        | 3033/25443 [38:59:31 > 4:47:30]
SOAP:  12%|█▏        | 3034/25443 [37:38:47 > 4:47:36]
SOAP:  12%|█▏        | 3035/25443 [36:00:01 > 4:47:41]
SOAP:  12%|█▏        | 3036/25443 [42:29:08 > 4:47:50]
SOAP:  12%|█▏        | 3037/25443 [33:12:49 > 4:47:52]
SOAP:  12%|█▏        | 3038/25443 [35:18:06 > 4:47:59]
SOAP:  12%|█▏        | 3039/25443 [47:11:59 > 4:48:11]
SOAP:  12%|█▏        | 3040/25443 [43:29:49 > 4:48:16]
SOAP:  12%|█▏        | 3041/25443 [47:22:52 > 4:48:25]
SOAP:  12%|█▏        | 3042/25443 [36:23:42 > 4:48:27]
SOAP:  12%|█▏        | 3043/25443 [38:07:28 > 4:48:34]
SOAP:  12%|█▏        | 3044/25443 [38:53:38 > 4:48:41]
SOAP:  12%|█▏        | 3045/25443 [37:26:12 > 4:48:46]
SOAP:  12%|█▏        | 3046/25443 [43:51:00 > 4:48:55]
SOAP:  12%|█▏        | 3047/25443 [40:09:17 > 4:49:01]
SOAP:  12%|█▏        | 3048/25443 [31:05:34 > 4:49:02]
SOAP:  12%|█▏        | 3049/25443 [33:03:25 > 4:49:08]
SOAP:  12%|█▏        | 3050/25443 [40:53:55 > 4:49:18]
SOAP:  12%|█▏        | 3051/25443 [48:28:22 > 4:49:28]
SOAP:  12%|█▏        | 3052/25443 [37:55:31 > 4:49:30]
SOAP:  12%|█▏        | 3053/25443 [38:59:43 > 4:49:37]
SOAP:  12%|█▏        | 3054/25443 [40:12:25 > 4:49:44]
SOAP:  12%|█▏        | 3055/25443 [41:21:00 > 4:49:51]
SOAP:  12%|█▏        | 3056/25443 [47:43:30 > 4:50:01]
SOAP:  12%|█▏        | 3057/25443 [36:17:57 > 4:50:03]
SOAP:  12%|█▏        | 3058/25443 [43:53:46 > 4:50:13]
SOAP:  12%|█▏        | 3059/25443 [33:55:04 > 4:50:14]
SOAP:  12%|█▏        | 3060/25443 [42:01:32 > 4:50:24]
SOAP:  12%|█▏        | 3061/25443 [32:48:12 > 4:50:26]
SOAP:  12%|█▏        | 3062/25443 [34:34:39 > 4:50:32]
SOAP:  12%|█▏        | 3063/25443 [35:31:11 > 4:50:38]
SOAP:  12%|█▏        | 3064/25443 [46:23:00 > 4:50:50]
SOAP:  12%|█▏        | 3065/25443 [35:31:00 > 4:50:51]
SOAP:  12%|█▏        | 3066/25443 [39:47:34 > 4:50:59]
SOAP:  12%|█▏        | 3067/25443 [48:26:01 > 4:51:11]
SOAP:  12%|█▏        | 3068/25443 [43:44:17 > 4:51:16]
SOAP:  12%|█▏        | 3069/25443 [34:42:57 > 4:51:18]
SOAP:  12%|█▏        | 3070/25443 [40:14:01 > 4:51:27]
SOAP:  12%|█▏        | 3071/25443 [34:10:55 > 4:51:30]
SOAP:  12%|█▏        | 3072/25443 [36:02:51 > 4:51:36]
SOAP:  12%|█▏        | 3073/25443 [34:38:59 > 4:51:41]
SOAP:  12%|█▏        | 3074/25443 [40:22:28 > 4:51:50]
SOAP:  12%|█▏        | 3075/25443 [43:22:43 > 4:51:58]
SOAP:  12%|█▏        | 3076/25443 [33:48:49 > 4:52:00]
SOAP:  12%|█▏        | 3077/25443 [38:17:16 > 4:52:08]
SOAP:  12%|█▏        | 3078/25443 [39:24:20 > 4:52:15]
SOAP:  12%|█▏        | 3079/25443 [50:15:48 > 4:52:27]
SOAP:  12%|█▏        | 3080/25443 [45:36:12 > 4:52:32]
SOAP:  12%|█▏        | 3081/25443 [35:44:17 > 4:52:34]
SOAP:  12%|█▏        | 3082/25443 [38:28:59 > 4:52:42]
SOAP:  12%|█▏        | 3083/25443 [37:28:40 > 4:52:47]
SOAP:  12%|█▏        | 3084/25443 [43:36:10 > 4:52:57]
SOAP:  12%|█▏        | 3085/25443 [43:05:17 > 4:53:03]
SOAP:  12%|█▏        | 3086/25443 [33:05:52 > 4:53:05]
SOAP:  12%|█▏        | 3087/25443 [32:29:44 > 4:53:10]
SOAP:  12%|█▏        | 3088/25443 [34:47:46 > 4:53:16]
SOAP:  12%|█▏        | 3089/25443 [46:12:25 > 4:53:28]
SOAP:  12%|█▏        | 3090/25443 [35:50:45 > 4:53:30]
SOAP:  12%|█▏        | 3091/25443 [39:28:00 > 4:53:38]
SOAP:  12%|█▏        | 3092/25443 [40:30:50 > 4:53:45]
SOAP:  12%|█▏        | 3093/25443 [40:54:32 > 4:53:51]
SOAP:  12%|█▏        | 3094/25443 [44:34:05 > 4:54:00]
SOAP:  12%|█▏        | 3095/25443 [39:06:09 > 4:54:04]
SOAP:  12%|█▏        | 3096/25443 [37:56:29 > 4:54:10]
SOAP:  12%|█▏        | 3097/25443 [35:48:58 > 4:54:15]
SOAP:  12%|█▏        | 3098/25443 [34:34:31 > 4:54:20]
SOAP:  12%|█▏        | 3099/25443 [44:33:20 > 4:54:31]
SOAP:  12%|█▏        | 3100/25443 [35:16:43 > 4:54:33]
SOAP:  12%|█▏        | 3101/25443 [49:16:07 > 4:54:46]
SOAP:  12%|█▏        | 3102/25443 [38:04:28 > 4:54:48]
SOAP:  12%|█▏        | 3103/25443 [39:09:46 > 4:54:55]
SOAP:  12%|█▏        | 3104/25443 [50:26:45 > 4:55:07]
SOAP:  12%|█▏        | 3105/25443 [46:40:17 > 4:55:13]
SOAP:  12%|█▏        | 3106/25443 [38:35:43 > 4:55:17]
SOAP:  12%|█▏        | 3107/25443 [35:27:46 > 4:55:21]
SOAP:  12%|█▏        | 3108/25443 [43:19:59 > 4:55:31]
SOAP:  12%|█▏        | 3109/25443 [40:42:02 > 4:55:37]
SOAP:  12%|█▏        | 3110/25443 [39:44:24 > 4:55:43]
SOAP:  12%|█▏        | 3111/25443 [31:08:32 > 4:55:44]
SOAP:  12%|█▏        | 3112/25443 [33:20:17 > 4:55:51]
SOAP:  12%|█▏        | 3113/25443 [43:14:34 > 4:56:01]
SOAP:  12%|█▏        | 3114/25443 [35:22:36 > 4:56:04]
SOAP:  12%|█▏        | 3115/25443 [44:46:12 > 4:56:15]
SOAP:  12%|█▏        | 3116/25443 [37:17:27 > 4:56:18]
SOAP:  12%|█▏        | 3117/25443 [36:02:13 > 4:56:23]
SOAP:  12%|█▏        | 3118/25443 [46:08:28 > 4:56:35]
SOAP:  12%|█▏        | 3119/25443 [35:36:31 > 4:56:36]
SOAP:  12%|█▏        | 3120/25443 [36:46:28 > 4:56:43]
SOAP:  12%|█▏        | 3121/25443 [35:48:22 > 4:56:48]
SOAP:  12%|█▏        | 3122/25443 [37:13:08 > 4:56:55]
SOAP:  12%|█▏        | 3123/25443 [35:27:49 > 4:57:00]
SOAP:  12%|█▏        | 3124/25443 [35:49:55 > 4:57:06]
SOAP:  12%|█▏        | 3125/25443 [37:22:54 > 4:57:12]
SOAP:  12%|█▏        | 3126/25443 [48:00:52 > 4:57:24]
SOAP:  12%|█▏        | 3127/25443 [38:25:08 > 4:57:27]
SOAP:  12%|█▏        | 3128/25443 [40:34:01 > 4:57:34]
SOAP:  12%|█▏        | 3129/25443 [41:15:15 > 4:57:41]
SOAP:  12%|█▏        | 3130/25443 [42:24:34 > 4:57:48]
SOAP:  12%|█▏        | 3131/25443 [40:27:00 > 4:57:54]
SOAP:  12%|█▏        | 3132/25443 [41:51:12 > 4:58:01]
SOAP:  12%|█▏        | 3133/25443 [41:00:24 > 4:58:08]
SOAP:  12%|█▏        | 3134/25443 [37:56:26 > 4:58:13]
SOAP:  12%|█▏        | 3135/25443 [36:41:20 > 4:58:18]
SOAP:  12%|█▏        | 3136/25443 [38:08:26 > 4:58:25]
SOAP:  12%|█▏        | 3137/25443 [35:09:20 > 4:58:29]
SOAP:  12%|█▏        | 3138/25443 [44:10:34 > 4:58:40]
SOAP:  12%|█▏        | 3139/25443 [35:41:21 > 4:58:42]
SOAP:  12%|█▏        | 3140/25443 [37:28:56 > 4:58:49]
SOAP:  12%|█▏        | 3141/25443 [39:54:53 > 4:58:56]
SOAP:  12%|█▏        | 3142/25443 [40:52:33 > 4:59:03]
SOAP:  12%|█▏        | 3143/25443 [49:33:38 > 4:59:15]
SOAP:  12%|█▏        | 3144/25443 [38:01:19 > 4:59:16]
SOAP:  12%|█▏        | 3145/25443 [38:26:37 > 4:59:23]
SOAP:  12%|█▏        | 3146/25443 [38:27:57 > 4:59:29]
SOAP:  12%|█▏        | 3147/25443 [37:14:00 > 4:59:35]
SOAP:  12%|█▏        | 3148/25443 [41:45:00 > 4:59:43]
SOAP:  12%|█▏        | 3149/25443 [32:46:10 > 4:59:45]
SOAP:  12%|█▏        | 3150/25443 [41:33:10 > 4:59:55]
SOAP:  12%|█▏        | 3151/25443 [35:05:13 > 4:59:58]
SOAP:  12%|█▏        | 3152/25443 [40:14:46 > 5:00:07]
SOAP:  12%|█▏        | 3153/25443 [50:29:58 > 5:00:19]
SOAP:  12%|█▏        | 3154/25443 [39:20:49 > 5:00:21]
SOAP:  12%|█▏        | 3155/25443 [40:02:08 > 5:00:27]
SOAP:  12%|█▏        | 3156/25443 [47:14:00 > 5:00:38]
SOAP:  12%|█▏        | 3157/25443 [36:03:40 > 5:00:39]
SOAP:  12%|█▏        | 3158/25443 [43:37:54 > 5:00:49]
SOAP:  12%|█▏        | 3159/25443 [33:50:29 > 5:00:51]
SOAP:  12%|█▏        | 3160/25443 [34:06:59 > 5:00:57]
SOAP:  12%|█▏        | 3161/25443 [35:20:19 > 5:01:03]
SOAP:  12%|█▏        | 3162/25443 [39:14:28 > 5:01:11]
SOAP:  12%|█▏        | 3163/25443 [35:12:59 > 5:01:15]
SOAP:  12%|█▏        | 3164/25443 [37:19:46 > 5:01:22]
SOAP:  12%|█▏        | 3165/25443 [38:18:02 > 5:01:28]
SOAP:  12%|█▏        | 3166/25443 [41:55:09 > 5:01:36]
SOAP:  12%|█▏        | 3167/25443 [49:38:06 > 5:01:47]
SOAP:  12%|█▏        | 3168/25443 [45:46:56 > 5:01:53]
SOAP:  12%|█▏        | 3169/25443 [39:49:51 > 5:01:58]
SOAP:  12%|█▏        | 3170/25443 [35:31:08 > 5:02:02]
SOAP:  12%|█▏        | 3171/25443 [43:10:34 > 5:02:11]
SOAP:  12%|█▏        | 3172/25443 [33:48:56 > 5:02:13]
SOAP:  12%|█▏        | 3173/25443 [40:50:42 > 5:02:23]
SOAP:  12%|█▏        | 3174/25443 [32:42:56 > 5:02:25]
SOAP:  12%|█▏        | 3175/25443 [34:39:18 > 5:02:31]
SOAP:  12%|█▏        | 3176/25443 [37:02:50 > 5:02:38]
SOAP:  12%|█▏        | 3177/25443 [40:05:55 > 5:02:46]
SOAP:  12%|█▏        | 3178/25443 [41:25:21 > 5:02:53]
SOAP:  12%|█▏        | 3179/25443 [41:47:27 > 5:03:00]
SOAP:  12%|█▏        | 3180/25443 [49:36:15 > 5:03:11]
SOAP:  13%|█▎        | 3181/25443 [47:49:36 > 5:03:18]
SOAP:  13%|█▎        | 3182/25443 [42:42:35 > 5:03:23]
SOAP:  13%|█▎        | 3183/25443 [35:24:45 > 5:03:26]
SOAP:  13%|█▎        | 3184/25443 [34:58:46 > 5:03:31]
SOAP:  13%|█▎        | 3185/25443 [34:35:09 > 5:03:37]
SOAP:  13%|█▎        | 3186/25443 [36:08:19 > 5:03:43]
SOAP:  13%|█▎        | 3187/25443 [34:37:53 > 5:03:48]
SOAP:  13%|█▎        | 3188/25443 [36:00:08 > 5:03:55]
SOAP:  13%|█▎        | 3189/25443 [37:59:05 > 5:04:01]
SOAP:  13%|█▎        | 3190/25443 [50:07:42 > 5:04:14]
SOAP:  13%|█▎        | 3191/25443 [38:59:43 > 5:04:16]
SOAP:  13%|█▎        | 3192/25443 [40:18:08 > 5:04:23]
SOAP:  13%|█▎        | 3193/25443 [42:07:34 > 5:04:31]
SOAP:  13%|█▎        | 3194/25443 [39:42:31 > 5:04:36]
SOAP:  13%|█▎        | 3195/25443 [46:41:02 > 5:04:47]
SOAP:  13%|█▎        | 3196/25443 [35:40:22 > 5:04:48]
SOAP:  13%|█▎        | 3197/25443 [34:16:33 > 5:04:53]
SOAP:  13%|█▎        | 3198/25443 [33:34:27 > 5:04:58]
SOAP:  13%|█▎        | 3199/25443 [38:23:53 > 5:05:06]
SOAP:  13%|█▎        | 3200/25443 [36:27:20 > 5:05:12]
SOAP:  13%|█▎        | 3201/25443 [49:46:17 > 5:05:25]
SOAP:  13%|█▎        | 3202/25443 [38:20:37 > 5:05:26]
SOAP:  13%|█▎        | 3203/25443 [39:22:40 > 5:05:33]
SOAP:  13%|█▎        | 3204/25443 [40:21:19 > 5:05:40]
SOAP:  13%|█▎        | 3205/25443 [48:59:27 > 5:05:51]
SOAP:  13%|█▎        | 3206/25443 [37:51:57 > 5:05:53]
SOAP:  13%|█▎        | 3207/25443 [37:18:37 > 5:05:59]
SOAP:  13%|█▎        | 3208/25443 [36:50:10 > 5:06:05]
SOAP:  13%|█▎        | 3209/25443 [43:28:15 > 5:06:14]
SOAP:  13%|█▎        | 3210/25443 [33:52:05 > 5:06:16]
SOAP:  13%|█▎        | 3211/25443 [37:02:21 > 5:06:23]
SOAP:  13%|█▎        | 3212/25443 [34:46:19 > 5:06:28]
SOAP:  13%|█▎        | 3213/25443 [36:12:28 > 5:06:35]
SOAP:  13%|█▎        | 3214/25443 [37:57:25 > 5:06:41]
SOAP:  13%|█▎        | 3215/25443 [48:33:13 > 5:06:53]
SOAP:  13%|█▎        | 3216/25443 [46:29:12 > 5:07:00]
SOAP:  13%|█▎        | 3217/25443 [45:44:51 > 5:07:07]
SOAP:  13%|█▎        | 3218/25443 [40:12:03 > 5:07:12]
SOAP:  13%|█▎        | 3219/25443 [34:27:10 > 5:07:15]
SOAP:  13%|█▎        | 3220/25443 [35:50:03 > 5:07:21]
SOAP:  13%|█▎        | 3221/25443 [34:48:23 > 5:07:27]
SOAP:  13%|█▎        | 3222/25443 [36:22:50 > 5:07:33]
SOAP:  13%|█▎        | 3223/25443 [34:57:27 > 5:07:38]
SOAP:  13%|█▎        | 3224/25443 [35:35:47 > 5:07:44]
SOAP:  13%|█▎        | 3225/25443 [37:12:09 > 5:07:51]
SOAP:  13%|█▎        | 3226/25443 [38:42:53 > 5:07:58]
SOAP:  13%|█▎        | 3227/25443 [46:08:13 > 5:08:08]
SOAP:  13%|█▎        | 3228/25443 [40:40:38 > 5:08:13]
SOAP:  13%|█▎        | 3229/25443 [40:48:19 > 5:08:19]
SOAP:  13%|█▎        | 3230/25443 [46:58:18 > 5:08:29]
SOAP:  13%|█▎        | 3231/25443 [37:32:59 > 5:08:32]
SOAP:  13%|█▎        | 3232/25443 [43:18:07 > 5:08:41]
SOAP:  13%|█▎        | 3233/25443 [36:50:56 > 5:08:44]
SOAP:  13%|█▎        | 3234/25443 [42:49:27 > 5:08:54]
SOAP:  13%|█▎        | 3235/25443 [40:35:30 > 5:08:59]
SOAP:  13%|█▎        | 3236/25443 [33:02:56 > 5:09:02]
SOAP:  13%|█▎        | 3237/25443 [32:31:37 > 5:09:07]
SOAP:  13%|█▎        | 3238/25443 [34:36:39 > 5:09:13]
SOAP:  13%|█▎        | 3239/25443 [36:52:54 > 5:09:20]
SOAP:  13%|█▎        | 3240/25443 [44:18:22 > 5:09:30]
SOAP:  13%|█▎        | 3241/25443 [39:38:56 > 5:09:35]
SOAP:  13%|█▎        | 3242/25443 [50:21:50 > 5:09:47]
SOAP:  13%|█▎        | 3243/25443 [42:35:21 > 5:09:51]
SOAP:  13%|█▎        | 3244/25443 [36:41:02 > 5:09:55]
SOAP:  13%|█▎        | 3245/25443 [44:40:49 > 5:10:05]
SOAP:  13%|█▎        | 3246/25443 [34:14:50 > 5:10:07]
SOAP:  13%|█▎        | 3247/25443 [33:14:19 > 5:10:12]
SOAP:  13%|█▎        | 3248/25443 [32:50:48 > 5:10:17]
SOAP:  13%|█▎        | 3249/25443 [40:49:12 > 5:10:26]
SOAP:  13%|█▎        | 3250/25443 [34:55:20 > 5:10:30]
SOAP:  13%|█▎        | 3251/25443 [48:44:46 > 5:10:43]
SOAP:  13%|█▎        | 3252/25443 [37:33:30 > 5:10:45]
SOAP:  13%|█▎        | 3253/25443 [38:49:07 > 5:10:52]
SOAP:  13%|█▎        | 3254/25443 [39:54:11 > 5:10:59]
SOAP:  13%|█▎        | 3255/25443 [46:03:30 > 5:11:08]
SOAP:  13%|█▎        | 3256/25443 [38:38:00 > 5:11:12]
SOAP:  13%|█▎        | 3257/25443 [39:20:05 > 5:11:18]
SOAP:  13%|█▎        | 3258/25443 [45:05:42 > 5:11:28]
SOAP:  13%|█▎        | 3259/25443 [34:52:49 > 5:11:30]
SOAP:  13%|█▎        | 3260/25443 [37:19:52 > 5:11:37]
SOAP:  13%|█▎        | 3261/25443 [42:25:55 > 5:11:46]
SOAP:  13%|█▎        | 3262/25443 [40:49:00 > 5:11:52]
SOAP:  13%|█▎        | 3263/25443 [31:52:06 > 5:11:53]
SOAP:  13%|█▎        | 3264/25443 [34:39:50 > 5:12:00]
SOAP:  13%|█▎        | 3265/25443 [36:15:10 > 5:12:07]
SOAP:  13%|█▎        | 3266/25443 [47:14:04 > 5:12:18]
SOAP:  13%|█▎        | 3267/25443 [36:20:23 > 5:12:20]
SOAP:  13%|█▎        | 3268/25443 [46:28:38 > 5:12:32]
SOAP:  13%|█▎        | 3269/25443 [44:14:19 > 5:12:38]
SOAP:  13%|█▎        | 3270/25443 [41:21:22 > 5:12:43]
SOAP:  13%|█▎        | 3271/25443 [32:10:13 > 5:12:45]
SOAP:  13%|█▎        | 3272/25443 [34:19:13 > 5:12:52]
SOAP:  13%|█▎        | 3273/25443 [33:27:27 > 5:12:57]
SOAP:  13%|█▎        | 3274/25443 [34:19:42 > 5:13:03]
SOAP:  13%|█▎        | 3275/25443 [37:21:44 > 5:13:10]
SOAP:  13%|█▎        | 3276/25443 [37:24:40 > 5:13:16]
SOAP:  13%|█▎        | 3277/25443 [40:12:21 > 5:13:24]
SOAP:  13%|█▎        | 3278/25443 [41:45:54 > 5:13:31]
SOAP:  13%|█▎        | 3279/25443 [41:42:47 > 5:13:38]
SOAP:  13%|█▎        | 3280/25443 [49:20:34 > 5:13:49]
SOAP:  13%|█▎        | 3281/25443 [46:40:31 > 5:13:55]
SOAP:  13%|█▎        | 3282/25443 [38:18:40 > 5:13:58]
SOAP:  13%|█▎        | 3283/25443 [45:05:07 > 5:14:08]
SOAP:  13%|█▎        | 3284/25443 [34:52:31 > 5:14:10]
SOAP:  13%|█▎        | 3285/25443 [40:26:24 > 5:14:19]
SOAP:  13%|█▎        | 3286/25443 [40:27:07 > 5:14:25]
SOAP:  13%|█▎        | 3287/25443 [37:23:27 > 5:14:30]
SOAP:  13%|█▎        | 3288/25443 [32:16:50 > 5:14:33]
SOAP:  13%|█▎        | 3289/25443 [35:03:53 > 5:14:40]
SOAP:  13%|█▎        | 3290/25443 [37:13:02 > 5:14:47]
SOAP:  13%|█▎        | 3291/25443 [40:27:54 > 5:14:55]
SOAP:  13%|█▎        | 3292/25443 [41:19:56 > 5:15:02]
SOAP:  13%|█▎        | 3293/25443 [49:48:34 > 5:15:13]
SOAP:  13%|█▎        | 3294/25443 [38:08:47 > 5:15:15]
SOAP:  13%|█▎        | 3295/25443 [38:12:18 > 5:15:21]
SOAP:  13%|█▎        | 3296/25443 [37:31:17 > 5:15:27]
SOAP:  13%|█▎        | 3297/25443 [35:24:42 > 5:15:32]
SOAP:  13%|█▎        | 3298/25443 [39:06:29 > 5:15:40]
SOAP:  13%|█▎        | 3299/25443 [34:22:19 > 5:15:43]
SOAP:  13%|█▎        | 3300/25443 [45:22:26 > 5:15:55]
SOAP:  13%|█▎        | 3301/25443 [47:46:41 > 5:16:04]
SOAP:  13%|█▎        | 3302/25443 [37:29:09 > 5:16:06]
SOAP:  13%|█▎        | 3303/25443 [38:45:11 > 5:16:13]
SOAP:  13%|█▎        | 3304/25443 [48:25:28 > 5:16:24]
SOAP:  13%|█▎        | 3305/25443 [38:11:08 > 5:16:27]
SOAP:  13%|█▎        | 3306/25443 [46:01:22 > 5:16:37]
SOAP:  13%|█▎        | 3307/25443 [40:41:22 > 5:16:42]
SOAP:  13%|█▎        | 3308/25443 [34:16:13 > 5:16:45]
SOAP:  13%|█▎        | 3309/25443 [34:10:09 > 5:16:50]
SOAP:  13%|█▎        | 3310/25443 [34:18:36 > 5:16:56]
SOAP:  13%|█▎        | 3311/25443 [34:33:00 > 5:17:02]
SOAP:  13%|█▎        | 3312/25443 [35:34:28 > 5:17:08]
SOAP:  13%|█▎        | 3313/25443 [44:37:28 > 5:17:19]
SOAP:  13%|█▎        | 3314/25443 [35:51:33 > 5:17:21]
SOAP:  13%|█▎        | 3315/25443 [48:21:27 > 5:17:34]
SOAP:  13%|█▎        | 3316/25443 [42:55:09 > 5:17:39]
SOAP:  13%|█▎        | 3317/25443 [35:23:42 > 5:17:41]
SOAP:  13%|█▎        | 3318/25443 [37:43:16 > 5:17:48]
SOAP:  13%|█▎        | 3319/25443 [39:04:33 > 5:17:55]
SOAP:  13%|█▎        | 3320/25443 [45:35:14 > 5:18:05]
SOAP:  13%|█▎        | 3321/25443 [35:02:37 > 5:18:07]
SOAP:  13%|█▎        | 3322/25443 [36:29:16 > 5:18:13]
SOAP:  13%|█▎        | 3323/25443 [35:05:21 > 5:18:19]
SOAP:  13%|█▎        | 3324/25443 [44:27:57 > 5:18:29]
SOAP:  13%|█▎        | 3325/25443 [34:58:26 > 5:18:31]
SOAP:  13%|█▎        | 3326/25443 [36:53:47 > 5:18:38]
SOAP:  13%|█▎        | 3327/25443 [48:54:31 > 5:18:51]
SOAP:  13%|█▎        | 3328/25443 [37:51:21 > 5:18:53]
SOAP:  13%|█▎        | 3329/25443 [38:58:32 > 5:18:59]
SOAP:  13%|█▎        | 3330/25443 [40:45:05 > 5:19:07]
SOAP:  13%|█▎        | 3331/25443 [39:21:08 > 5:19:13]
SOAP:  13%|█▎        | 3332/25443 [41:07:54 > 5:19:20]
SOAP:  13%|█▎        | 3333/25443 [39:41:07 > 5:19:26]
SOAP:  13%|█▎        | 3334/25443 [37:54:43 > 5:19:31]
SOAP:  13%|█▎        | 3335/25443 [36:16:19 > 5:19:37]
SOAP:  13%|█▎        | 3336/25443 [37:19:45 > 5:19:43]
SOAP:  13%|█▎        | 3337/25443 [35:27:14 > 5:19:48]
SOAP:  13%|█▎        | 3338/25443 [36:22:43 > 5:19:55]
SOAP:  13%|█▎        | 3339/25443 [47:24:33 > 5:20:06]
SOAP:  13%|█▎        | 3340/25443 [36:36:09 > 5:20:08]
SOAP:  13%|█▎        | 3341/25443 [46:01:18 > 5:20:19]
SOAP:  13%|█▎        | 3342/25443 [38:18:30 > 5:20:23]
SOAP:  13%|█▎        | 3343/25443 [39:02:42 > 5:20:29]
SOAP:  13%|█▎        | 3344/25443 [44:30:37 > 5:20:39]
SOAP:  13%|█▎        | 3345/25443 [45:03:50 > 5:20:46]
SOAP:  13%|█▎        | 3346/25443 [34:32:11 > 5:20:48]
SOAP:  13%|█▎        | 3347/25443 [33:30:41 > 5:20:53]
SOAP:  13%|█▎        | 3348/25443 [33:20:21 > 5:20:58]
SOAP:  13%|█▎        | 3349/25443 [34:41:34 > 5:21:04]
SOAP:  13%|█▎        | 3350/25443 [40:58:51 > 5:21:14]
SOAP:  13%|█▎        | 3351/25443 [36:22:42 > 5:21:18]
SOAP:  13%|█▎        | 3352/25443 [41:06:28 > 5:21:26]
SOAP:  13%|█▎        | 3353/25443 [41:02:13 > 5:21:33]
SOAP:  13%|█▎        | 3354/25443 [41:38:53 > 5:21:40]
SOAP:  13%|█▎        | 3355/25443 [41:34:58 > 5:21:47]
SOAP:  13%|█▎        | 3356/25443 [40:38:56 > 5:21:53]
SOAP:  13%|█▎        | 3357/25443 [39:04:38 > 5:21:59]
SOAP:  13%|█▎        | 3358/25443 [38:47:35 > 5:22:05]
SOAP:  13%|█▎        | 3359/25443 [44:53:01 > 5:22:15]
SOAP:  13%|█▎        | 3360/25443 [34:56:51 > 5:22:16]
SOAP:  13%|█▎        | 3361/25443 [37:17:04 > 5:22:23]
SOAP:  13%|█▎        | 3362/25443 [35:34:36 > 5:22:29]
SOAP:  13%|█▎        | 3363/25443 [36:40:24 > 5:22:35]
SOAP:  13%|█▎        | 3364/25443 [38:18:36 > 5:22:42]
SOAP:  13%|█▎        | 3365/25443 [38:39:19 > 5:22:48]
SOAP:  13%|█▎        | 3366/25443 [42:16:40 > 5:22:57]
SOAP:  13%|█▎        | 3367/25443 [39:39:06 > 5:23:02]
SOAP:  13%|█▎        | 3368/25443 [48:30:36 > 5:23:13]
SOAP:  13%|█▎        | 3369/25443 [37:29:38 > 5:23:15]
SOAP:  13%|█▎        | 3370/25443 [37:48:43 > 5:23:22]
SOAP:  13%|█▎        | 3371/25443 [36:28:32 > 5:23:27]
SOAP:  13%|█▎        | 3372/25443 [43:46:01 > 5:23:37]
SOAP:  13%|█▎        | 3373/25443 [34:01:36 > 5:23:39]
SOAP:  13%|█▎        | 3374/25443 [43:27:33 > 5:23:49]
SOAP:  13%|█▎        | 3375/25443 [42:52:14 > 5:23:56]
SOAP:  13%|█▎        | 3376/25443 [33:55:28 > 5:23:58]
SOAP:  13%|█▎        | 3377/25443 [38:00:53 > 5:24:06]
SOAP:  13%|█▎        | 3378/25443 [39:54:52 > 5:24:13]
SOAP:  13%|█▎        | 3379/25443 [42:18:44 > 5:24:21]
SOAP:  13%|█▎        | 3380/25443 [49:03:04 > 5:24:32]
SOAP:  13%|█▎        | 3381/25443 [37:59:26 > 5:24:34]
SOAP:  13%|█▎        | 3382/25443 [40:02:04 > 5:24:41]
SOAP:  13%|█▎        | 3383/25443 [38:23:31 > 5:24:47]
SOAP:  13%|█▎        | 3384/25443 [36:50:32 > 5:24:52]
SOAP:  13%|█▎        | 3385/25443 [36:10:07 > 5:24:58]
SOAP:  13%|█▎        | 3386/25443 [36:26:56 > 5:25:04]
SOAP:  13%|█▎        | 3387/25443 [34:38:52 > 5:25:09]
SOAP:  13%|█▎        | 3388/25443 [35:57:45 > 5:25:15]
SOAP:  13%|█▎        | 3389/25443 [37:46:10 > 5:25:22]
SOAP:  13%|█▎        | 3390/25443 [47:15:52 > 5:25:33]
SOAP:  13%|█▎        | 3391/25443 [39:14:13 > 5:25:37]
SOAP:  13%|█▎        | 3392/25443 [49:13:10 > 5:25:48]
SOAP:  13%|█▎        | 3393/25443 [37:45:38 > 5:25:50]
SOAP:  13%|█▎        | 3394/25443 [45:18:54 > 5:26:01]
SOAP:  13%|█▎        | 3395/25443 [36:57:53 > 5:26:03]
SOAP:  13%|█▎        | 3396/25443 [35:23:50 > 5:26:09]
SOAP:  13%|█▎        | 3397/25443 [41:12:12 > 5:26:18]
SOAP:  13%|█▎        | 3398/25443 [35:18:18 > 5:26:21]
SOAP:  13%|█▎        | 3399/25443 [32:15:02 > 5:26:25]
SOAP:  13%|█▎        | 3400/25443 [39:58:21 > 5:26:35]
SOAP:  13%|█▎        | 3401/25443 [46:48:29 > 5:26:45]
SOAP:  13%|█▎        | 3402/25443 [36:08:11 > 5:26:47]
SOAP:  13%|█▎        | 3403/25443 [37:30:35 > 5:26:53]
SOAP:  13%|█▎        | 3404/25443 [38:54:24 > 5:27:00]
SOAP:  13%|█▎        | 3405/25443 [48:27:27 > 5:27:12]
SOAP:  13%|█▎        | 3406/25443 [37:06:30 > 5:27:14]
SOAP:  13%|█▎        | 3407/25443 [36:43:16 > 5:27:19]
SOAP:  13%|█▎        | 3408/25443 [36:22:53 > 5:27:25]
SOAP:  13%|█▎        | 3409/25443 [42:50:54 > 5:27:35]
SOAP:  13%|█▎        | 3410/25443 [33:35:53 > 5:27:37]
SOAP:  13%|█▎        | 3411/25443 [34:53:20 > 5:27:43]
SOAP:  13%|█▎        | 3412/25443 [34:38:34 > 5:27:48]
SOAP:  13%|█▎        | 3413/25443 [35:14:22 > 5:27:54]
SOAP:  13%|█▎        | 3414/25443 [37:15:40 > 5:28:01]
SOAP:  13%|█▎        | 3415/25443 [49:00:25 > 5:28:14]
SOAP:  13%|█▎        | 3416/25443 [41:38:41 > 5:28:18]
SOAP:  13%|█▎        | 3417/25443 [45:44:27 > 5:28:27]
SOAP:  13%|█▎        | 3418/25443 [34:59:27 > 5:28:28]
SOAP:  13%|█▎        | 3419/25443 [35:58:21 > 5:28:35]
SOAP:  13%|█▎        | 3420/25443 [43:50:33 > 5:28:45]
SOAP:  13%|█▎        | 3421/25443 [37:20:24 > 5:28:48]
SOAP:  13%|█▎        | 3422/25443 [34:02:16 > 5:28:53]
SOAP:  13%|█▎        | 3423/25443 [39:57:02 > 5:29:02]
SOAP:  13%|█▎        | 3424/25443 [31:21:00 > 5:29:03]
SOAP:  13%|█▎        | 3425/25443 [33:24:14 > 5:29:10]
SOAP:  13%|█▎        | 3426/25443 [35:36:19 > 5:29:16]
SOAP:  13%|█▎        | 3427/25443 [38:40:23 > 5:29:24]
SOAP:  13%|█▎        | 3428/25443 [44:50:52 > 5:29:33]
SOAP:  13%|█▎        | 3429/25443 [39:20:49 > 5:29:38]
SOAP:  13%|█▎        | 3430/25443 [40:56:12 > 5:29:45]
SOAP:  13%|█▎        | 3431/25443 [47:34:45 > 5:29:55]
SOAP:  13%|█▎        | 3432/25443 [38:36:08 > 5:29:58]
SOAP:  13%|█▎        | 3433/25443 [37:11:30 > 5:30:04]
SOAP:  13%|█▎        | 3434/25443 [36:20:18 > 5:30:09]
SOAP:  14%|█▎        | 3435/25443 [43:49:06 > 5:30:20]
SOAP:  14%|█▎        | 3436/25443 [33:43:03 > 5:30:21]
SOAP:  14%|█▎        | 3437/25443 [40:26:42 > 5:30:30]
SOAP:  14%|█▎        | 3438/25443 [31:31:20 > 5:30:32]
SOAP:  14%|█▎        | 3439/25443 [43:04:26 > 5:30:44]
SOAP:  14%|█▎        | 3440/25443 [36:22:26 > 5:30:47]
SOAP:  14%|█▎        | 3441/25443 [37:09:27 > 5:30:53]
SOAP:  14%|█▎        | 3442/25443 [38:34:19 > 5:31:00]
SOAP:  14%|█▎        | 3443/25443 [39:25:17 > 5:31:07]
SOAP:  14%|█▎        | 3444/25443 [44:44:13 > 5:31:16]
SOAP:  14%|█▎        | 3445/25443 [44:43:10 > 5:31:24]
SOAP:  14%|█▎        | 3446/25443 [34:16:01 > 5:31:25]
SOAP:  14%|█▎        | 3447/25443 [33:07:43 > 5:31:30]
SOAP:  14%|█▎        | 3448/25443 [32:38:39 > 5:31:35]
SOAP:  14%|█▎        | 3449/25443 [33:42:31 > 5:31:41]
SOAP:  14%|█▎        | 3450/25443 [37:30:36 > 5:31:49]
SOAP:  14%|█▎        | 3451/25443 [36:36:44 > 5:31:55]
SOAP:  14%|█▎        | 3452/25443 [49:44:29 > 5:32:08]
SOAP:  14%|█▎        | 3453/25443 [47:26:22 > 5:32:15]
SOAP:  14%|█▎        | 3454/25443 [43:52:01 > 5:32:20]
SOAP:  14%|█▎        | 3455/25443 [44:04:40 > 5:32:28]
SOAP:  14%|█▎        | 3456/25443 [34:09:01 > 5:32:30]
SOAP:  14%|█▎        | 3457/25443 [37:56:06 > 5:32:37]
SOAP:  14%|█▎        | 3458/25443 [37:13:15 > 5:32:43]
SOAP:  14%|█▎        | 3459/25443 [33:13:47 > 5:32:47]
SOAP:  14%|█▎        | 3460/25443 [34:05:43 > 5:32:53]
SOAP:  14%|█▎        | 3461/25443 [34:34:14 > 5:32:59]
SOAP:  14%|█▎        | 3462/25443 [43:01:42 > 5:33:09]
SOAP:  14%|█▎        | 3463/25443 [34:06:50 > 5:33:11]
SOAP:  14%|█▎        | 3464/25443 [36:07:04 > 5:33:18]
SOAP:  14%|█▎        | 3465/25443 [37:36:18 > 5:33:25]
SOAP:  14%|█▎        | 3466/25443 [39:50:23 > 5:33:32]
SOAP:  14%|█▎        | 3467/25443 [42:39:43 > 5:33:40]
SOAP:  14%|█▎        | 3468/25443 [45:46:44 > 5:33:49]
SOAP:  14%|█▎        | 3469/25443 [37:00:42 > 5:33:51]
SOAP:  14%|█▎        | 3470/25443 [42:41:09 > 5:34:01]
SOAP:  14%|█▎        | 3471/25443 [32:49:52 > 5:34:02]
SOAP:  14%|█▎        | 3472/25443 [34:30:19 > 5:34:08]
SOAP:  14%|█▎        | 3473/25443 [33:21:26 > 5:34:13]
SOAP:  14%|█▎        | 3474/25443 [42:03:15 > 5:34:24]
SOAP:  14%|█▎        | 3475/25443 [32:51:37 > 5:34:26]
SOAP:  14%|█▎        | 3476/25443 [37:57:16 > 5:34:34]
SOAP:  14%|█▎        | 3477/25443 [38:01:39 > 5:34:40]
SOAP:  14%|█▎        | 3478/25443 [39:08:15 > 5:34:47]
SOAP:  14%|█▎        | 3479/25443 [39:55:23 > 5:34:54]
SOAP:  14%|█▎        | 3480/25443 [47:50:23 > 5:35:05]
SOAP:  14%|█▎        | 3481/25443 [36:48:10 > 5:35:06]
SOAP:  14%|█▎        | 3482/25443 [38:41:15 > 5:35:13]
SOAP:  14%|█▎        | 3483/25443 [45:10:17 > 5:35:23]
SOAP:  14%|█▎        | 3484/25443 [41:41:01 > 5:35:29]
SOAP:  14%|█▎        | 3485/25443 [32:19:59 > 5:35:31]
SOAP:  14%|█▎        | 3486/25443 [34:15:07 > 5:35:37]
SOAP:  14%|█▎        | 3487/25443 [33:20:13 > 5:35:42]
SOAP:  14%|█▎        | 3488/25443 [43:32:14 > 5:35:53]
SOAP:  14%|█▎        | 3489/25443 [34:43:11 > 5:35:55]
SOAP:  14%|█▎        | 3490/25443 [47:02:50 > 5:36:08]
SOAP:  14%|█▎        | 3491/25443 [36:27:50 > 5:36:10]
SOAP:  14%|█▎        | 3492/25443 [46:36:33 > 5:36:21]
SOAP:  14%|█▎        | 3493/25443 [35:48:32 > 5:36:23]
SOAP:  14%|█▎        | 3494/25443 [35:53:26 > 5:36:29]
SOAP:  14%|█▎        | 3495/25443 [36:37:26 > 5:36:35]
SOAP:  14%|█▎        | 3496/25443 [36:32:34 > 5:36:41]
SOAP:  14%|█▎        | 3497/25443 [40:47:12 > 5:36:50]
SOAP:  14%|█▎        | 3498/25443 [39:11:42 > 5:36:55]
SOAP:  14%|█▍        | 3499/25443 [30:50:03 > 5:36:57]
SOAP:  14%|█▍        | 3500/25443 [41:12:25 > 5:37:08]
SOAP:  14%|█▍        | 3501/25443 [45:41:18 > 5:37:17]
SOAP:  14%|█▍        | 3502/25443 [39:52:10 > 5:37:21]
SOAP:  14%|█▍        | 3503/25443 [41:22:50 > 5:37:29]
SOAP:  14%|█▍        | 3504/25443 [36:26:02 > 5:37:33]
SOAP:  14%|█▍        | 3505/25443 [37:54:12 > 5:37:40]
SOAP:  14%|█▍        | 3506/25443 [43:25:04 > 5:37:49]
SOAP:  14%|█▍        | 3507/25443 [35:32:54 > 5:37:52]
SOAP:  14%|█▍        | 3508/25443 [43:06:07 > 5:38:02]
SOAP:  14%|█▍        | 3509/25443 [33:17:48 > 5:38:03]
SOAP:  14%|█▍        | 3510/25443 [37:26:34 > 5:38:11]
SOAP:  14%|█▍        | 3511/25443 [33:43:50 > 5:38:15]
SOAP:  14%|█▍        | 3512/25443 [35:47:59 > 5:38:22]
SOAP:  14%|█▍        | 3513/25443 [43:53:31 > 5:38:32]
SOAP:  14%|█▍        | 3514/25443 [44:26:31 > 5:38:40]
SOAP:  14%|█▍        | 3515/25443 [45:20:53 > 5:38:48]
SOAP:  14%|█▍        | 3516/25443 [42:35:07 > 5:38:53]
SOAP:  14%|█▍        | 3517/25443 [39:01:07 > 5:38:59]
SOAP:  14%|█▍        | 3518/25443 [33:33:21 > 5:39:02]
SOAP:  14%|█▍        | 3519/25443 [35:12:29 > 5:39:08]
SOAP:  14%|█▍        | 3520/25443 [35:53:35 > 5:39:15]
SOAP:  14%|█▍        | 3521/25443 [43:48:55 > 5:39:25]
SOAP:  14%|█▍        | 3522/25443 [33:38:49 > 5:39:26]
SOAP:  14%|█▍        | 3523/25443 [32:23:46 > 5:39:31]
SOAP:  14%|█▍        | 3524/25443 [33:09:41 > 5:39:37]
SOAP:  14%|█▍        | 3525/25443 [35:08:01 > 5:39:43]
SOAP:  14%|█▍        | 3526/25443 [36:53:19 > 5:39:50]
SOAP:  14%|█▍        | 3527/25443 [39:59:41 > 5:39:58]
SOAP:  14%|█▍        | 3528/25443 [41:02:09 > 5:40:05]
SOAP:  14%|█▍        | 3529/25443 [41:21:31 > 5:40:12]
SOAP:  14%|█▍        | 3530/25443 [48:46:38 > 5:40:23]
SOAP:  14%|█▍        | 3531/25443 [37:35:41 > 5:40:25]
SOAP:  14%|█▍        | 3532/25443 [39:31:15 > 5:40:32]
SOAP:  14%|█▍        | 3533/25443 [45:17:12 > 5:40:42]
SOAP:  14%|█▍        | 3534/25443 [35:17:32 > 5:40:44]
SOAP:  14%|█▍        | 3535/25443 [34:09:59 > 5:40:49]
SOAP:  14%|█▍        | 3536/25443 [36:00:29 > 5:40:55]
SOAP:  14%|█▍        | 3537/25443 [43:12:57 > 5:41:05]
SOAP:  14%|█▍        | 3538/25443 [33:17:49 > 5:41:07]
SOAP:  14%|█▍        | 3539/25443 [35:43:43 > 5:41:14]
SOAP:  14%|█▍        | 3540/25443 [37:19:00 > 5:41:21]
SOAP:  14%|█▍        | 3541/25443 [39:42:47 > 5:41:28]
SOAP:  14%|█▍        | 3542/25443 [40:20:31 > 5:41:35]
SOAP:  14%|█▍        | 3543/25443 [40:48:05 > 5:41:42]
SOAP:  14%|█▍        | 3544/25443 [39:48:30 > 5:41:48]
SOAP:  14%|█▍        | 3545/25443 [38:51:39 > 5:41:54]
SOAP:  14%|█▍        | 3546/25443 [38:25:49 > 5:42:00]
SOAP:  14%|█▍        | 3547/25443 [42:14:55 > 5:42:08]
SOAP:  14%|█▍        | 3548/25443 [38:38:56 > 5:42:13]
SOAP:  14%|█▍        | 3549/25443 [32:10:30 > 5:42:16]
SOAP:  14%|█▍        | 3550/25443 [42:25:00 > 5:42:27]
SOAP:  14%|█▍        | 3551/25443 [46:07:44 > 5:42:36]
SOAP:  14%|█▍        | 3552/25443 [35:45:34 > 5:42:38]
SOAP:  14%|█▍        | 3553/25443 [46:18:15 > 5:42:50]
SOAP:  14%|█▍        | 3554/25443 [36:06:26 > 5:42:52]
SOAP:  14%|█▍        | 3555/25443 [37:27:59 > 5:42:58]
SOAP:  14%|█▍        | 3556/25443 [37:24:24 > 5:43:05]
SOAP:  14%|█▍        | 3557/25443 [36:37:27 > 5:43:10]
SOAP:  14%|█▍        | 3558/25443 [44:11:51 > 5:43:20]
SOAP:  14%|█▍        | 3559/25443 [34:03:19 > 5:43:22]
SOAP:  14%|█▍        | 3560/25443 [34:20:39 > 5:43:28]
SOAP:  14%|█▍        | 3561/25443 [34:38:37 > 5:43:34]
SOAP:  14%|█▍        | 3562/25443 [42:33:27 > 5:43:44]
SOAP:  14%|█▍        | 3563/25443 [42:00:04 > 5:43:51]
SOAP:  14%|█▍        | 3564/25443 [42:30:24 > 5:43:58]
SOAP:  14%|█▍        | 3565/25443 [43:33:43 > 5:44:05]
SOAP:  14%|█▍        | 3566/25443 [41:40:32 > 5:44:11]
SOAP:  14%|█▍        | 3567/25443 [32:07:41 > 5:44:13]
SOAP:  14%|█▍        | 3568/25443 [43:20:43 > 5:44:24]
SOAP:  14%|█▍        | 3569/25443 [33:40:19 > 5:44:26]
SOAP:  14%|█▍        | 3570/25443 [36:34:40 > 5:44:33]
SOAP:  14%|█▍        | 3571/25443 [33:59:36 > 5:44:38]
SOAP:  14%|█▍        | 3572/25443 [37:15:06 > 5:44:45]
SOAP:  14%|█▍        | 3573/25443 [32:30:57 > 5:44:49]
SOAP:  14%|█▍        | 3574/25443 [40:00:09 > 5:44:58]
SOAP:  14%|█▍        | 3575/25443 [33:26:26 > 5:45:01]
SOAP:  14%|█▍        | 3576/25443 [35:31:04 > 5:45:08]
SOAP:  14%|█▍        | 3577/25443 [38:39:39 > 5:45:16]
SOAP:  14%|█▍        | 3578/25443 [49:05:01 > 5:45:28]
SOAP:  14%|█▍        | 3579/25443 [46:59:05 > 5:45:35]
SOAP:  14%|█▍        | 3580/25443 [36:12:45 > 5:45:36]
SOAP:  14%|█▍        | 3581/25443 [35:35:31 > 5:45:42]
SOAP:  14%|█▍        | 3582/25443 [38:35:45 > 5:45:50]
SOAP:  14%|█▍        | 3583/25443 [37:15:30 > 5:45:55]
SOAP:  14%|█▍        | 3584/25443 [38:23:29 > 5:46:02]
SOAP:  14%|█▍        | 3585/25443 [35:05:16 > 5:46:06]
SOAP:  14%|█▍        | 3586/25443 [36:29:06 > 5:46:13]
SOAP:  14%|█▍        | 3587/25443 [34:43:46 > 5:46:18]
SOAP:  14%|█▍        | 3588/25443 [43:43:44 > 5:46:29]
SOAP:  14%|█▍        | 3589/25443 [35:26:37 > 5:46:31]
SOAP:  14%|█▍        | 3590/25443 [47:19:06 > 5:46:44]
SOAP:  14%|█▍        | 3591/25443 [36:41:02 > 5:46:46]
SOAP:  14%|█▍        | 3592/25443 [43:34:30 > 5:46:56]
SOAP:  14%|█▍        | 3593/25443 [45:16:31 > 5:47:04]
SOAP:  14%|█▍        | 3594/25443 [34:59:07 > 5:47:05]
SOAP:  14%|█▍        | 3595/25443 [35:28:59 > 5:47:12]
SOAP:  14%|█▍        | 3596/25443 [39:59:47 > 5:47:20]
SOAP:  14%|█▍        | 3597/25443 [32:09:16 > 5:47:22]
SOAP:  14%|█▍        | 3598/25443 [31:55:13 > 5:47:27]
SOAP:  14%|█▍        | 3599/25443 [33:42:09 > 5:47:34]
SOAP:  14%|█▍        | 3600/25443 [36:03:52 > 5:47:40]
SOAP:  14%|█▍        | 3601/25443 [49:08:33 > 5:47:54]
SOAP:  14%|█▍        | 3602/25443 [37:58:38 > 5:47:55]
SOAP:  14%|█▍        | 3603/25443 [38:43:28 > 5:48:02]
SOAP:  14%|█▍        | 3604/25443 [39:40:44 > 5:48:09]
SOAP:  14%|█▍        | 3605/25443 [45:26:11 > 5:48:19]
SOAP:  14%|█▍        | 3606/25443 [38:02:59 > 5:48:22]
SOAP:  14%|█▍        | 3607/25443 [43:15:23 > 5:48:31]
SOAP:  14%|█▍        | 3608/25443 [40:32:22 > 5:48:37]
SOAP:  14%|█▍        | 3609/25443 [36:46:55 > 5:48:42]
SOAP:  14%|█▍        | 3610/25443 [33:20:57 > 5:48:46]
SOAP:  14%|█▍        | 3611/25443 [37:39:01 > 5:48:54]
SOAP:  14%|█▍        | 3612/25443 [36:01:44 > 5:48:59]
SOAP:  14%|█▍        | 3613/25443 [34:33:09 > 5:49:04]
SOAP:  14%|█▍        | 3614/25443 [45:17:29 > 5:49:16]
SOAP:  14%|█▍        | 3615/25443 [34:41:59 > 5:49:17]
SOAP:  14%|█▍        | 3616/25443 [39:11:29 > 5:49:26]
SOAP:  14%|█▍        | 3617/25443 [38:06:30 > 5:49:31]
SOAP:  14%|█▍        | 3618/25443 [39:42:39 > 5:49:39]
SOAP:  14%|█▍        | 3619/25443 [38:58:59 > 5:49:45]
SOAP:  14%|█▍        | 3620/25443 [45:25:40 > 5:49:55]
SOAP:  14%|█▍        | 3621/25443 [38:16:33 > 5:49:58]
SOAP:  14%|█▍        | 3622/25443 [40:24:51 > 5:50:06]
SOAP:  14%|█▍        | 3623/25443 [34:13:40 > 5:50:09]
SOAP:  14%|█▍        | 3624/25443 [32:38:42 > 5:50:14]
SOAP:  14%|█▍        | 3625/25443 [34:48:28 > 5:50:20]
SOAP:  14%|█▍        | 3626/25443 [36:28:35 > 5:50:27]
SOAP:  14%|█▍        | 3627/25443 [39:54:04 > 5:50:35]
SOAP:  14%|█▍        | 3628/25443 [40:04:11 > 5:50:42]
SOAP:  14%|█▍        | 3629/25443 [49:51:43 > 5:50:54]
SOAP:  14%|█▍        | 3630/25443 [38:10:16 > 5:50:55]
SOAP:  14%|█▍        | 3631/25443 [47:13:49 > 5:51:07]
SOAP:  14%|█▍        | 3632/25443 [35:48:24 > 5:51:08]
SOAP:  14%|█▍        | 3633/25443 [35:31:39 > 5:51:14]
SOAP:  14%|█▍        | 3634/25443 [39:28:29 > 5:51:22]
SOAP:  14%|█▍        | 3635/25443 [39:57:43 > 5:51:29]
SOAP:  14%|█▍        | 3636/25443 [33:04:03 > 5:51:32]
SOAP:  14%|█▍        | 3637/25443 [32:10:41 > 5:51:37]
SOAP:  14%|█▍        | 3638/25443 [41:50:33 > 5:51:47]
SOAP:  14%|█▍        | 3639/25443 [33:59:42 > 5:51:50]
SOAP:  14%|█▍        | 3640/25443 [46:19:21 > 5:52:02]
SOAP:  14%|█▍        | 3641/25443 [36:03:52 > 5:52:04]
SOAP:  14%|█▍        | 3642/25443 [38:48:56 > 5:52:12]
SOAP:  14%|█▍        | 3643/25443 [39:49:36 > 5:52:19]
SOAP:  14%|█▍        | 3644/25443 [39:00:25 > 5:52:25]
SOAP:  14%|█▍        | 3645/25443 [38:03:46 > 5:52:31]
SOAP:  14%|█▍        | 3646/25443 [37:33:31 > 5:52:37]
SOAP:  14%|█▍        | 3647/25443 [35:17:48 > 5:52:42]
SOAP:  14%|█▍        | 3648/25443 [38:16:50 > 5:52:49]
SOAP:  14%|█▍        | 3649/25443 [34:01:55 > 5:52:53]
SOAP:  14%|█▍        | 3650/25443 [36:22:58 > 5:53:00]
SOAP:  14%|█▍        | 3651/25443 [43:28:04 > 5:53:10]
SOAP:  14%|█▍        | 3652/25443 [48:12:23 > 5:53:20]
SOAP:  14%|█▍        | 3653/25443 [38:30:02 > 5:53:22]
SOAP:  14%|█▍        | 3654/25443 [38:24:05 > 5:53:29]
SOAP:  14%|█▍        | 3655/25443 [39:16:16 > 5:53:35]
SOAP:  14%|█▍        | 3656/25443 [39:34:14 > 5:53:42]
SOAP:  14%|█▍        | 3657/25443 [37:29:05 > 5:53:48]
SOAP:  14%|█▍        | 3658/25443 [37:24:50 > 5:53:54]
SOAP:  14%|█▍        | 3659/25443 [36:08:43 > 5:53:59]
SOAP:  14%|█▍        | 3660/25443 [35:48:34 > 5:54:05]
SOAP:  14%|█▍        | 3661/25443 [44:18:19 > 5:54:16]
SOAP:  14%|█▍        | 3662/25443 [34:06:32 > 5:54:17]
SOAP:  14%|█▍        | 3663/25443 [35:36:49 > 5:54:24]
SOAP:  14%|█▍        | 3664/25443 [37:25:36 > 5:54:31]
SOAP:  14%|█▍        | 3665/25443 [47:17:24 > 5:54:42]
SOAP:  14%|█▍        | 3666/25443 [38:44:07 > 5:54:45]
SOAP:  14%|█▍        | 3667/25443 [47:24:13 > 5:54:57]
SOAP:  14%|█▍        | 3668/25443 [36:10:54 > 5:54:58]
SOAP:  14%|█▍        | 3669/25443 [42:09:12 > 5:55:07]
SOAP:  14%|█▍        | 3670/25443 [35:28:45 > 5:55:11]
SOAP:  14%|█▍        | 3671/25443 [42:42:22 > 5:55:21]
SOAP:  14%|█▍        | 3672/25443 [33:26:21 > 5:55:23]
SOAP:  14%|█▍        | 3673/25443 [32:28:42 > 5:55:28]
SOAP:  14%|█▍        | 3674/25443 [33:44:12 > 5:55:34]
SOAP:  14%|█▍        | 3675/25443 [35:04:26 > 5:55:40]
SOAP:  14%|█▍        | 3676/25443 [36:34:14 > 5:55:47]
SOAP:  14%|█▍        | 3677/25443 [48:19:39 > 5:55:59]
SOAP:  14%|█▍        | 3678/25443 [38:04:19 > 5:56:01]
SOAP:  14%|█▍        | 3679/25443 [39:48:01 > 5:56:09]
SOAP:  14%|█▍        | 3680/25443 [39:49:55 > 5:56:15]
SOAP:  14%|█▍        | 3681/25443 [37:45:21 > 5:56:21]
SOAP:  14%|█▍        | 3682/25443 [42:51:42 > 5:56:30]
SOAP:  14%|█▍        | 3683/25443 [43:58:39 > 5:56:37]
SOAP:  14%|█▍        | 3684/25443 [41:05:22 > 5:56:43]
SOAP:  14%|█▍        | 3685/25443 [31:58:08 > 5:56:45]
SOAP:  14%|█▍        | 3686/25443 [38:54:28 > 5:56:54]
SOAP:  14%|█▍        | 3687/25443 [30:30:22 > 5:56:56]
SOAP:  14%|█▍        | 3688/25443 [32:54:45 > 5:57:02]
SOAP:  14%|█▍        | 3689/25443 [44:17:50 > 5:57:14]
SOAP:  15%|█▍        | 3690/25443 [34:23:33 > 5:57:16]
SOAP:  15%|█▍        | 3691/25443 [38:28:10 > 5:57:24]
SOAP:  15%|█▍        | 3692/25443 [40:52:03 > 5:57:31]
SOAP:  15%|█▍        | 3693/25443 [39:10:13 > 5:57:37]
SOAP:  15%|█▍        | 3694/25443 [38:27:40 > 5:57:43]
SOAP:  15%|█▍        | 3695/25443 [40:23:48 > 5:57:51]
SOAP:  15%|█▍        | 3696/25443 [36:55:35 > 5:57:56]
SOAP:  15%|█▍        | 3697/25443 [34:59:04 > 5:58:01]
SOAP:  15%|█▍        | 3698/25443 [33:59:49 > 5:58:06]
SOAP:  15%|█▍        | 3699/25443 [35:26:00 > 5:58:12]
SOAP:  15%|█▍        | 3700/25443 [44:24:12 > 5:58:23]
SOAP:  15%|█▍        | 3701/25443 [47:38:53 > 5:58:32]
SOAP:  15%|█▍        | 3702/25443 [36:46:14 > 5:58:34]
SOAP:  15%|█▍        | 3703/25443 [37:55:35 > 5:58:41]
SOAP:  15%|█▍        | 3704/25443 [39:43:01 > 5:58:48]
SOAP:  15%|█▍        | 3705/25443 [39:59:00 > 5:58:55]
SOAP:  15%|█▍        | 3706/25443 [47:08:53 > 5:59:05]
SOAP:  15%|█▍        | 3707/25443 [35:56:54 > 5:59:07]
SOAP:  15%|█▍        | 3708/25443 [36:10:48 > 5:59:13]
SOAP:  15%|█▍        | 3709/25443 [35:43:49 > 5:59:19]
SOAP:  15%|█▍        | 3710/25443 [35:45:17 > 5:59:25]
SOAP:  15%|█▍        | 3711/25443 [35:40:01 > 5:59:31]
SOAP:  15%|█▍        | 3712/25443 [36:30:22 > 5:59:37]
SOAP:  15%|█▍        | 3713/25443 [42:44:25 > 5:59:47]
SOAP:  15%|█▍        | 3714/25443 [36:49:07 > 5:59:50]
SOAP:  15%|█▍        | 3715/25443 [37:11:40 > 5:59:57]
SOAP:  15%|█▍        | 3716/25443 [47:46:28 > 6:00:09]
SOAP:  15%|█▍        | 3717/25443 [36:17:40 > 6:00:10]
SOAP:  15%|█▍        | 3718/25443 [37:53:09 > 6:00:17]
SOAP:  15%|█▍        | 3719/25443 [37:41:46 > 6:00:23]
SOAP:  15%|█▍        | 3720/25443 [44:23:31 > 6:00:33]
SOAP:  15%|█▍        | 3721/25443 [34:03:56 > 6:00:35]
SOAP:  15%|█▍        | 3722/25443 [39:10:15 > 6:00:43]
SOAP:  15%|█▍        | 3723/25443 [39:42:05 > 6:00:50]
SOAP:  15%|█▍        | 3724/25443 [31:15:44 > 6:00:52]
SOAP:  15%|█▍        | 3725/25443 [33:59:26 > 6:00:59]
SOAP:  15%|█▍        | 3726/25443 [36:10:55 > 6:01:06]
SOAP:  15%|█▍        | 3727/25443 [39:03:54 > 6:01:13]
SOAP:  15%|█▍        | 3728/25443 [40:13:54 > 6:01:20]
SOAP:  15%|█▍        | 3729/25443 [40:54:16 > 6:01:27]
SOAP:  15%|█▍        | 3730/25443 [46:59:18 > 6:01:38]
SOAP:  15%|█▍        | 3731/25443 [48:11:49 > 6:01:46]
SOAP:  15%|█▍        | 3732/25443 [43:36:58 > 6:01:51]
SOAP:  15%|█▍        | 3733/25443 [38:11:17 > 6:01:56]
SOAP:  15%|█▍        | 3734/25443 [32:56:52 > 6:01:59]
SOAP:  15%|█▍        | 3735/25443 [41:12:22 > 6:02:09]
SOAP:  15%|█▍        | 3736/25443 [31:38:14 > 6:02:11]
SOAP:  15%|█▍        | 3737/25443 [36:28:55 > 6:02:19]
SOAP:  15%|█▍        | 3738/25443 [39:47:59 > 6:02:27]
SOAP:  15%|█▍        | 3739/25443 [32:27:56 > 6:02:29]
SOAP:  15%|█▍        | 3740/25443 [42:21:29 > 6:02:40]
SOAP:  15%|█▍        | 3741/25443 [36:31:35 > 6:02:44]
SOAP:  15%|█▍        | 3742/25443 [38:18:06 > 6:02:51]
SOAP:  15%|█▍        | 3743/25443 [40:13:45 > 6:02:58]
SOAP:  15%|█▍        | 3744/25443 [38:29:18 > 6:03:04]
SOAP:  15%|█▍        | 3745/25443 [42:16:31 > 6:03:12]
SOAP:  15%|█▍        | 3746/25443 [38:30:22 > 6:03:17]
SOAP:  15%|█▍        | 3747/25443 [33:24:15 > 6:03:21]
SOAP:  15%|█▍        | 3748/25443 [39:48:25 > 6:03:30]
SOAP:  15%|█▍        | 3749/25443 [32:03:54 > 6:03:32]
SOAP:  15%|█▍        | 3750/25443 [43:17:19 > 6:03:44]
SOAP:  15%|█▍        | 3751/25443 [33:39:26 > 6:03:46]
SOAP:  15%|█▍        | 3752/25443 [47:19:35 > 6:03:59]
SOAP:  15%|█▍        | 3753/25443 [46:13:32 > 6:04:06]
SOAP:  15%|█▍        | 3754/25443 [36:19:54 > 6:04:08]
SOAP:  15%|█▍        | 3755/25443 [37:43:24 > 6:04:15]
SOAP:  15%|█▍        | 3756/25443 [37:58:47 > 6:04:21]
SOAP:  15%|█▍        | 3757/25443 [36:58:47 > 6:04:27]
SOAP:  15%|█▍        | 3758/25443 [36:53:54 > 6:04:33]
SOAP:  15%|█▍        | 3759/25443 [43:12:48 > 6:04:43]
SOAP:  15%|█▍        | 3760/25443 [40:45:34 > 6:04:49]
SOAP:  15%|█▍        | 3761/25443 [31:33:37 > 6:04:50]
SOAP:  15%|█▍        | 3762/25443 [33:06:48 > 6:04:57]
SOAP:  15%|█▍        | 3763/25443 [34:03:28 > 6:05:03]
SOAP:  15%|█▍        | 3764/25443 [41:16:14 > 6:05:12]
SOAP:  15%|█▍        | 3765/25443 [44:31:32 > 6:05:21]
SOAP:  15%|█▍        | 3766/25443 [36:33:12 > 6:05:24]
SOAP:  15%|█▍        | 3767/25443 [40:35:21 > 6:05:32]
SOAP:  15%|█▍        | 3768/25443 [36:34:58 > 6:05:37]
SOAP:  15%|█▍        | 3769/25443 [44:37:54 > 6:05:47]
SOAP:  15%|█▍        | 3770/25443 [34:28:34 > 6:05:49]
SOAP:  15%|█▍        | 3771/25443 [33:33:45 > 6:05:54]
SOAP:  15%|█▍        | 3772/25443 [35:29:17 > 6:06:01]
SOAP:  15%|█▍        | 3773/25443 [39:49:20 > 6:06:09]
SOAP:  15%|█▍        | 3774/25443 [33:27:25 > 6:06:12]
SOAP:  15%|█▍        | 3775/25443 [35:07:52 > 6:06:19]
SOAP:  15%|█▍        | 3776/25443 [36:40:51 > 6:06:25]
SOAP:  15%|█▍        | 3777/25443 [40:48:48 > 6:06:34]
SOAP:  15%|█▍        | 3778/25443 [47:21:21 > 6:06:44]
SOAP:  15%|█▍        | 3779/25443 [38:10:45 > 6:06:47]
SOAP:  15%|█▍        | 3780/25443 [39:30:33 > 6:06:54]
SOAP:  15%|█▍        | 3781/25443 [38:14:44 > 6:07:00]
SOAP:  15%|█▍        | 3782/25443 [40:01:46 > 6:07:07]
SOAP:  15%|█▍        | 3783/25443 [38:34:44 > 6:07:13]
SOAP:  15%|█▍        | 3784/25443 [40:43:20 > 6:07:21]
SOAP:  15%|█▍        | 3785/25443 [34:05:29 > 6:07:24]
SOAP:  15%|█▍        | 3786/25443 [41:02:37 > 6:07:33]
SOAP:  15%|█▍        | 3787/25443 [32:17:13 > 6:07:35]
SOAP:  15%|█▍        | 3788/25443 [34:07:56 > 6:07:42]
SOAP:  15%|█▍        | 3789/25443 [45:00:30 > 6:07:53]
SOAP:  15%|█▍        | 3790/25443 [35:06:05 > 6:07:55]
SOAP:  15%|█▍        | 3791/25443 [39:33:00 > 6:08:04]
SOAP:  15%|█▍        | 3792/25443 [39:09:04 > 6:08:10]
SOAP:  15%|█▍        | 3793/25443 [47:29:27 > 6:08:21]
SOAP:  15%|█▍        | 3794/25443 [44:22:40 > 6:08:27]
SOAP:  15%|█▍        | 3795/25443 [34:11:03 > 6:08:29]
SOAP:  15%|█▍        | 3796/25443 [40:54:15 > 6:08:39]
SOAP:  15%|█▍        | 3797/25443 [31:21:44 > 6:08:40]
SOAP:  15%|█▍        | 3798/25443 [31:33:35 > 6:08:45]
SOAP:  15%|█▍        | 3799/25443 [33:17:25 > 6:08:52]
SOAP:  15%|█▍        | 3800/25443 [35:20:12 > 6:08:58]
SOAP:  15%|█▍        | 3801/25443 [47:40:12 > 6:09:11]
SOAP:  15%|█▍        | 3802/25443 [37:21:56 > 6:09:13]
SOAP:  15%|█▍        | 3803/25443 [38:14:17 > 6:09:20]
SOAP:  15%|█▍        | 3804/25443 [48:55:15 > 6:09:32]
SOAP:  15%|█▍        | 3805/25443 [37:21:50 > 6:09:34]
SOAP:  15%|█▍        | 3806/25443 [37:28:19 > 6:09:40]
SOAP:  15%|█▍        | 3807/25443 [36:35:48 > 6:09:46]
SOAP:  15%|█▍        | 3808/25443 [43:10:22 > 6:09:56]
SOAP:  15%|█▍        | 3809/25443 [33:38:59 > 6:09:58]
SOAP:  15%|█▍        | 3810/25443 [41:27:43 > 6:10:08]
SOAP:  15%|█▍        | 3811/25443 [32:07:26 > 6:10:09]
SOAP:  15%|█▍        | 3812/25443 [33:51:29 > 6:10:16]
SOAP:  15%|█▍        | 3813/25443 [43:27:30 > 6:10:27]
SOAP:  15%|█▍        | 3814/25443 [43:20:06 > 6:10:34]
SOAP:  15%|█▍        | 3815/25443 [34:25:36 > 6:10:36]
SOAP:  15%|█▍        | 3816/25443 [37:32:21 > 6:10:43]
SOAP:  15%|█▌        | 3817/25443 [36:25:45 > 6:10:49]
SOAP:  15%|█▌        | 3818/25443 [46:08:32 > 6:11:01]
SOAP:  15%|█▌        | 3819/25443 [35:33:50 > 6:11:02]
SOAP:  15%|█▌        | 3820/25443 [39:02:02 > 6:11:10]
SOAP:  15%|█▌        | 3821/25443 [34:20:54 > 6:11:14]
SOAP:  15%|█▌        | 3822/25443 [35:48:26 > 6:11:21]
SOAP:  15%|█▌        | 3823/25443 [34:04:46 > 6:11:26]
SOAP:  15%|█▌        | 3824/25443 [34:44:04 > 6:11:32]
SOAP:  15%|█▌        | 3825/25443 [41:01:42 > 6:11:41]
SOAP:  15%|█▌        | 3826/25443 [37:31:07 > 6:11:46]
SOAP:  15%|█▌        | 3827/25443 [37:43:14 > 6:11:52]
SOAP:  15%|█▌        | 3828/25443 [38:42:26 > 6:11:59]
SOAP:  15%|█▌        | 3829/25443 [39:26:37 > 6:12:06]
SOAP:  15%|█▌        | 3830/25443 [44:05:31 > 6:12:15]
SOAP:  15%|█▌        | 3831/25443 [47:25:23 > 6:12:24]
SOAP:  15%|█▌        | 3832/25443 [36:09:04 > 6:12:26]
SOAP:  15%|█▌        | 3833/25443 [39:11:30 > 6:12:34]
SOAP:  15%|█▌        | 3834/25443 [37:15:10 > 6:12:39]
SOAP:  15%|█▌        | 3835/25443 [32:07:49 > 6:12:42]
SOAP:  15%|█▌        | 3836/25443 [39:38:34 > 6:12:52]
SOAP:  15%|█▌        | 3837/25443 [31:17:30 > 6:12:54]
SOAP:  15%|█▌        | 3838/25443 [33:19:43 > 6:13:00]
SOAP:  15%|█▌        | 3839/25443 [44:49:07 > 6:13:12]
SOAP:  15%|█▌        | 3840/25443 [34:50:20 > 6:13:14]
SOAP:  15%|█▌        | 3841/25443 [47:10:46 > 6:13:27]
SOAP:  15%|█▌        | 3842/25443 [36:16:07 > 6:13:29]
SOAP:  15%|█▌        | 3843/25443 [45:04:39 > 6:13:39]
SOAP:  15%|█▌        | 3844/25443 [35:53:20 > 6:13:42]
SOAP:  15%|█▌        | 3845/25443 [34:44:12 > 6:13:47]
SOAP:  15%|█▌        | 3846/25443 [40:32:36 > 6:13:56]
SOAP:  15%|█▌        | 3847/25443 [31:00:13 > 6:13:58]
SOAP:  15%|█▌        | 3848/25443 [34:43:32 > 6:14:05]
SOAP:  15%|█▌        | 3849/25443 [31:46:12 > 6:14:09]
SOAP:  15%|█▌        | 3850/25443 [34:28:06 > 6:14:16]
SOAP:  15%|█▌        | 3851/25443 [35:48:39 > 6:14:22]
SOAP:  15%|█▌        | 3852/25443 [40:23:43 > 6:14:31]
SOAP:  15%|█▌        | 3853/25443 [40:15:47 > 6:14:38]
SOAP:  15%|█▌        | 3854/25443 [50:39:44 > 6:14:50]
SOAP:  15%|█▌        | 3855/25443 [38:26:22 > 6:14:52]
SOAP:  15%|█▌        | 3856/25443 [38:57:53 > 6:14:58]
SOAP:  15%|█▌        | 3857/25443 [37:01:06 > 6:15:04]
SOAP:  15%|█▌        | 3858/25443 [41:41:17 > 6:15:13]
SOAP:  15%|█▌        | 3859/25443 [39:44:06 > 6:15:18]
SOAP:  15%|█▌        | 3860/25443 [32:20:19 > 6:15:21]
SOAP:  15%|█▌        | 3861/25443 [40:02:10 > 6:15:31]
SOAP:  15%|█▌        | 3862/25443 [40:10:31 > 6:15:37]
SOAP:  15%|█▌        | 3863/25443 [39:41:01 > 6:15:44]
SOAP:  15%|█▌        | 3864/25443 [40:13:28 > 6:15:51]
SOAP:  15%|█▌        | 3865/25443 [31:08:08 > 6:15:52]
SOAP:  15%|█▌        | 3866/25443 [36:16:18 > 6:16:00]
SOAP:  15%|█▌        | 3867/25443 [35:15:59 > 6:16:06]
SOAP:  15%|█▌        | 3868/25443 [36:46:03 > 6:16:13]
SOAP:  15%|█▌        | 3869/25443 [37:11:46 > 6:16:19]
SOAP:  15%|█▌        | 3870/25443 [44:18:34 > 6:16:29]
SOAP:  15%|█▌        | 3871/25443 [34:04:16 > 6:16:31]
SOAP:  15%|█▌        | 3872/25443 [35:31:03 > 6:16:37]
SOAP:  15%|█▌        | 3873/25443 [33:50:50 > 6:16:42]
SOAP:  15%|█▌        | 3874/25443 [41:28:15 > 6:16:52]
SOAP:  15%|█▌        | 3875/25443 [35:35:59 > 6:16:56]
SOAP:  15%|█▌        | 3876/25443 [34:03:32 > 6:17:01]
SOAP:  15%|█▌        | 3877/25443 [37:56:37 > 6:17:09]
SOAP:  15%|█▌        | 3878/25443 [39:04:07 > 6:17:16]
SOAP:  15%|█▌        | 3879/25443 [39:44:36 > 6:17:23]
SOAP:  15%|█▌        | 3880/25443 [48:21:31 > 6:17:34]
SOAP:  15%|█▌        | 3881/25443 [37:17:12 > 6:17:36]
SOAP:  15%|█▌        | 3882/25443 [39:11:52 > 6:17:43]
SOAP:  15%|█▌        | 3883/25443 [37:27:03 > 6:17:49]
SOAP:  15%|█▌        | 3884/25443 [37:04:35 > 6:17:55]
SOAP:  15%|█▌        | 3885/25443 [35:14:12 > 6:18:00]
SOAP:  15%|█▌        | 3886/25443 [35:15:52 > 6:18:06]
SOAP:  15%|█▌        | 3887/25443 [33:33:45 > 6:18:11]
SOAP:  15%|█▌        | 3888/25443 [35:03:28 > 6:18:17]
SOAP:  15%|█▌        | 3889/25443 [36:38:02 > 6:18:24]
SOAP:  15%|█▌        | 3890/25443 [37:39:49 > 6:18:31]
SOAP:  15%|█▌        | 3891/25443 [39:48:53 > 6:18:38]
SOAP:  15%|█▌        | 3892/25443 [40:17:04 > 6:18:45]
SOAP:  15%|█▌        | 3893/25443 [42:53:39 > 6:18:53]
SOAP:  15%|█▌        | 3894/25443 [46:19:03 > 6:19:03]
SOAP:  15%|█▌        | 3895/25443 [35:24:19 > 6:19:04]
SOAP:  15%|█▌        | 3896/25443 [35:36:52 > 6:19:10]
SOAP:  15%|█▌        | 3897/25443 [33:43:30 > 6:19:15]
SOAP:  15%|█▌        | 3898/25443 [40:00:20 > 6:19:24]
SOAP:  15%|█▌        | 3899/25443 [31:18:19 > 6:19:26]
SOAP:  15%|█▌        | 3900/25443 [34:54:11 > 6:19:33]
SOAP:  15%|█▌        | 3901/25443 [47:34:38 > 6:19:46]
SOAP:  15%|█▌        | 3902/25443 [37:07:52 > 6:19:48]
SOAP:  15%|█▌        | 3903/25443 [38:04:43 > 6:19:55]
SOAP:  15%|█▌        | 3904/25443 [48:16:16 > 6:20:07]
SOAP:  15%|█▌        | 3905/25443 [36:47:27 > 6:20:09]
SOAP:  15%|█▌        | 3906/25443 [37:07:10 > 6:20:15]
SOAP:  15%|█▌        | 3907/25443 [36:10:16 > 6:20:21]
SOAP:  15%|█▌        | 3908/25443 [36:13:42 > 6:20:27]
SOAP:  15%|█▌        | 3909/25443 [35:30:45 > 6:20:33]
SOAP:  15%|█▌        | 3910/25443 [35:17:43 > 6:20:38]
SOAP:  15%|█▌        | 3911/25443 [35:15:59 > 6:20:44]
SOAP:  15%|█▌        | 3912/25443 [36:31:36 > 6:20:51]
SOAP:  15%|█▌        | 3913/25443 [35:59:47 > 6:20:57]
SOAP:  15%|█▌        | 3914/25443 [37:26:05 > 6:21:04]
SOAP:  15%|█▌        | 3915/25443 [38:01:00 > 6:21:10]
SOAP:  15%|█▌        | 3916/25443 [46:27:23 > 6:21:21]
SOAP:  15%|█▌        | 3917/25443 [37:36:25 > 6:21:24]
SOAP:  15%|█▌        | 3918/25443 [44:54:22 > 6:21:34]
SOAP:  15%|█▌        | 3919/25443 [43:10:20 > 6:21:41]
SOAP:  15%|█▌        | 3920/25443 [40:25:53 > 6:21:47]
SOAP:  15%|█▌        | 3921/25443 [39:36:12 > 6:21:53]
SOAP:  15%|█▌        | 3922/25443 [30:25:14 > 6:21:54]
SOAP:  15%|█▌        | 3923/25443 [31:51:17 > 6:22:00]
SOAP:  15%|█▌        | 3924/25443 [39:25:37 > 6:22:10]
SOAP:  15%|█▌        | 3925/25443 [31:10:20 > 6:22:12]
SOAP:  15%|█▌        | 3926/25443 [33:39:08 > 6:22:18]
SOAP:  15%|█▌        | 3927/25443 [36:31:49 > 6:22:26]
SOAP:  15%|█▌        | 3928/25443 [38:06:59 > 6:22:33]
SOAP:  15%|█▌        | 3929/25443 [47:49:50 > 6:22:44]
SOAP:  15%|█▌        | 3930/25443 [44:48:06 > 6:22:51]
SOAP:  15%|█▌        | 3931/25443 [34:39:18 > 6:22:53]
SOAP:  15%|█▌        | 3932/25443 [38:49:13 > 6:23:01]
SOAP:  15%|█▌        | 3933/25443 [35:46:13 > 6:23:06]
SOAP:  15%|█▌        | 3934/25443 [35:05:14 > 6:23:11]
SOAP:  15%|█▌        | 3935/25443 [34:52:28 > 6:23:17]
SOAP:  15%|█▌        | 3936/25443 [41:04:45 > 6:23:26]
SOAP:  15%|█▌        | 3937/25443 [35:58:14 > 6:23:30]
SOAP:  15%|█▌        | 3938/25443 [32:21:56 > 6:23:34]
SOAP:  15%|█▌        | 3939/25443 [34:54:50 > 6:23:41]
SOAP:  15%|█▌        | 3940/25443 [46:47:28 > 6:23:54]
SOAP:  15%|█▌        | 3941/25443 [36:32:03 > 6:23:56]
SOAP:  15%|█▌        | 3942/25443 [38:03:53 > 6:24:03]
SOAP:  15%|█▌        | 3943/25443 [38:52:00 > 6:24:09]
SOAP:  16%|█▌        | 3944/25443 [38:15:27 > 6:24:16]
SOAP:  16%|█▌        | 3945/25443 [37:49:26 > 6:24:22]
SOAP:  16%|█▌        | 3946/25443 [36:56:56 > 6:24:28]
SOAP:  16%|█▌        | 3947/25443 [35:05:54 > 6:24:33]
SOAP:  16%|█▌        | 3948/25443 [38:26:26 > 6:24:41]
SOAP:  16%|█▌        | 3949/25443 [33:41:53 > 6:24:44]
SOAP:  16%|█▌        | 3950/25443 [43:47:46 > 6:24:56]
SOAP:  16%|█▌        | 3951/25443 [33:57:29 > 6:24:57]
SOAP:  16%|█▌        | 3952/25443 [38:38:49 > 6:25:06]
SOAP:  16%|█▌        | 3953/25443 [39:10:15 > 6:25:13]
SOAP:  16%|█▌        | 3954/25443 [48:28:20 > 6:25:24]
SOAP:  16%|█▌        | 3955/25443 [36:52:17 > 6:25:26]
SOAP:  16%|█▌        | 3956/25443 [44:04:42 > 6:25:36]
SOAP:  16%|█▌        | 3957/25443 [33:47:24 > 6:25:38]
SOAP:  16%|█▌        | 3958/25443 [36:58:14 > 6:25:45]
SOAP:  16%|█▌        | 3959/25443 [33:29:49 > 6:25:49]
SOAP:  16%|█▌        | 3960/25443 [34:20:16 > 6:25:56]
SOAP:  16%|█▌        | 3961/25443 [36:19:09 > 6:26:02]
SOAP:  16%|█▌        | 3962/25443 [34:48:50 > 6:26:08]
SOAP:  16%|█▌        | 3963/25443 [35:43:56 > 6:26:14]
SOAP:  16%|█▌        | 3964/25443 [37:27:28 > 6:26:21]
SOAP:  16%|█▌        | 3965/25443 [38:12:47 > 6:26:28]
SOAP:  16%|█▌        | 3966/25443 [40:29:33 > 6:26:35]
SOAP:  16%|█▌        | 3967/25443 [38:17:11 > 6:26:41]
SOAP:  16%|█▌        | 3968/25443 [47:24:46 > 6:26:52]
SOAP:  16%|█▌        | 3969/25443 [36:23:07 > 6:26:54]
SOAP:  16%|█▌        | 3970/25443 [39:20:21 > 6:27:02]
SOAP:  16%|█▌        | 3971/25443 [34:34:33 > 6:27:06]
SOAP:  16%|█▌        | 3972/25443 [35:41:58 > 6:27:12]
SOAP:  16%|█▌        | 3973/25443 [34:01:15 > 6:27:17]
SOAP:  16%|█▌        | 3974/25443 [34:40:08 > 6:27:23]
SOAP:  16%|█▌        | 3975/25443 [41:04:57 > 6:27:33]
SOAP:  16%|█▌        | 3976/25443 [43:45:33 > 6:27:41]
SOAP:  16%|█▌        | 3977/25443 [35:36:44 > 6:27:44]
SOAP:  16%|█▌        | 3978/25443 [46:33:35 > 6:27:56]
SOAP:  16%|█▌        | 3979/25443 [46:04:03 > 6:28:04]
SOAP:  16%|█▌        | 3980/25443 [42:13:51 > 6:28:09]
SOAP:  16%|█▌        | 3981/25443 [32:53:07 > 6:28:11]
SOAP:  16%|█▌        | 3982/25443 [42:53:08 > 6:28:22]
SOAP:  16%|█▌        | 3983/25443 [33:24:12 > 6:28:24]
SOAP:  16%|█▌        | 3984/25443 [40:27:02 > 6:28:34]
SOAP:  16%|█▌        | 3985/25443 [40:00:21 > 6:28:40]
SOAP:  16%|█▌        | 3986/25443 [36:24:32 > 6:28:45]
SOAP:  16%|█▌        | 3987/25443 [29:05:39 > 6:28:47]
SOAP:  16%|█▌        | 3988/25443 [36:35:26 > 6:28:56]
SOAP:  16%|█▌        | 3989/25443 [33:26:32 > 6:29:00]
SOAP:  16%|█▌        | 3990/25443 [35:07:40 > 6:29:07]
SOAP:  16%|█▌        | 3991/25443 [37:33:01 > 6:29:14]
SOAP:  16%|█▌        | 3992/25443 [38:45:01 > 6:29:21]
SOAP:  16%|█▌        | 3993/25443 [43:30:34 > 6:29:30]
SOAP:  16%|█▌        | 3994/25443 [37:39:45 > 6:29:34]
SOAP:  16%|█▌        | 3995/25443 [37:17:33 > 6:29:40]
SOAP:  16%|█▌        | 3996/25443 [42:15:25 > 6:29:49]
SOAP:  16%|█▌        | 3997/25443 [32:17:08 > 6:29:51]
SOAP:  16%|█▌        | 3998/25443 [31:43:27 > 6:29:56]
SOAP:  16%|█▌        | 3999/25443 [41:45:08 > 6:30:07]
SOAP:  16%|█▌        | 4000/25443 [33:05:35 > 6:30:09]
SOAP:  16%|█▌        | 4001/25443 [46:49:23 > 6:30:22]
SOAP:  16%|█▌        | 4002/25443 [36:10:49 > 6:30:24]
SOAP:  16%|█▌        | 4003/25443 [37:13:09 > 6:30:31]
SOAP:  16%|█▌        | 4004/25443 [38:20:06 > 6:30:38]
SOAP:  16%|█▌        | 4005/25443 [38:40:41 > 6:30:45]
SOAP:  16%|█▌        | 4006/25443 [38:25:05 > 6:30:51]
SOAP:  16%|█▌        | 4007/25443 [44:36:08 > 6:31:01]
SOAP:  16%|█▌        | 4008/25443 [34:11:12 > 6:31:02]
SOAP:  16%|█▌        | 4009/25443 [41:18:41 > 6:31:12]
SOAP:  16%|█▌        | 4010/25443 [32:20:49 > 6:31:14]
SOAP:  16%|█▌        | 4011/25443 [41:04:47 > 6:31:24]
SOAP:  16%|█▌        | 4012/25443 [31:53:07 > 6:31:26]
SOAP:  16%|█▌        | 4013/25443 [33:54:01 > 6:31:33]
SOAP:  16%|█▌        | 4014/25443 [35:58:19 > 6:31:40]
SOAP:  16%|█▌        | 4015/25443 [36:33:06 > 6:31:46]
SOAP:  16%|█▌        | 4016/25443 [40:36:48 > 6:31:54]
SOAP:  16%|█▌        | 4017/25443 [48:33:31 > 6:32:06]
SOAP:  16%|█▌        | 4018/25443 [44:43:14 > 6:32:12]
SOAP:  16%|█▌        | 4019/25443 [42:25:01 > 6:32:18]
SOAP:  16%|█▌        | 4020/25443 [37:23:54 > 6:32:22]
SOAP:  16%|█▌        | 4021/25443 [41:06:34 > 6:32:30]
SOAP:  16%|█▌        | 4022/25443 [31:36:04 > 6:32:32]
SOAP:  16%|█▌        | 4023/25443 [31:12:16 > 6:32:37]
SOAP:  16%|█▌        | 4024/25443 [32:11:41 > 6:32:43]
SOAP:  16%|█▌        | 4025/25443 [33:57:43 > 6:32:49]
SOAP:  16%|█▌        | 4026/25443 [35:44:29 > 6:32:56]
SOAP:  16%|█▌        | 4027/25443 [38:37:12 > 6:33:04]
SOAP:  16%|█▌        | 4028/25443 [39:52:49 > 6:33:11]
SOAP:  16%|█▌        | 4029/25443 [40:20:16 > 6:33:18]
SOAP:  16%|█▌        | 4030/25443 [47:20:01 > 6:33:29]
SOAP:  16%|█▌        | 4031/25443 [46:53:58 > 6:33:36]
SOAP:  16%|█▌        | 4032/25443 [35:42:08 > 6:33:38]
SOAP:  16%|█▌        | 4033/25443 [40:01:52 > 6:33:46]
SOAP:  16%|█▌        | 4034/25443 [33:10:06 > 6:33:49]
SOAP:  16%|█▌        | 4035/25443 [33:02:51 > 6:33:55]
SOAP:  16%|█▌        | 4036/25443 [34:38:14 > 6:34:01]
SOAP:  16%|█▌        | 4037/25443 [33:31:47 > 6:34:06]
SOAP:  16%|█▌        | 4038/25443 [35:01:31 > 6:34:13]
SOAP:  16%|█▌        | 4039/25443 [36:41:41 > 6:34:20]
SOAP:  16%|█▌        | 4040/25443 [46:01:05 > 6:34:31]
SOAP:  16%|█▌        | 4041/25443 [37:58:18 > 6:34:34]
SOAP:  16%|█▌        | 4042/25443 [47:55:24 > 6:34:46]
SOAP:  16%|█▌        | 4043/25443 [36:38:05 > 6:34:48]
SOAP:  16%|█▌        | 4044/25443 [41:41:03 > 6:34:57]
SOAP:  16%|█▌        | 4045/25443 [39:45:39 > 6:35:03]
SOAP:  16%|█▌        | 4046/25443 [33:24:15 > 6:35:06]
SOAP:  16%|█▌        | 4047/25443 [32:22:10 > 6:35:11]
SOAP:  16%|█▌        | 4048/25443 [31:53:30 > 6:35:16]
SOAP:  16%|█▌        | 4049/25443 [33:31:06 > 6:35:23]
SOAP:  16%|█▌        | 4050/25443 [35:39:33 > 6:35:29]
SOAP:  16%|█▌        | 4051/25443 [36:48:51 > 6:35:36]
SOAP:  16%|█▌        | 4052/25443 [40:57:38 > 6:35:45]
SOAP:  16%|█▌        | 4053/25443 [40:27:00 > 6:35:51]
SOAP:  16%|█▌        | 4054/25443 [40:33:27 > 6:35:58]
SOAP:  16%|█▌        | 4055/25443 [40:14:33 > 6:36:05]
SOAP:  16%|█▌        | 4056/25443 [39:28:31 > 6:36:11]
SOAP:  16%|█▌        | 4057/25443 [39:57:05 > 6:36:18]
SOAP:  16%|█▌        | 4058/25443 [36:15:59 > 6:36:23]
SOAP:  16%|█▌        | 4059/25443 [42:41:20 > 6:36:32]
SOAP:  16%|█▌        | 4060/25443 [40:26:49 > 6:36:38]
SOAP:  16%|█▌        | 4061/25443 [39:26:08 > 6:36:44]
SOAP:  16%|█▌        | 4062/25443 [30:46:35 > 6:36:46]
SOAP:  16%|█▌        | 4063/25443 [32:51:34 > 6:36:53]
SOAP:  16%|█▌        | 4064/25443 [35:04:48 > 6:36:59]
SOAP:  16%|█▌        | 4065/25443 [36:05:33 > 6:37:06]
SOAP:  16%|█▌        | 4066/25443 [40:31:06 > 6:37:14]
SOAP:  16%|█▌        | 4067/25443 [37:39:06 > 6:37:20]
SOAP:  16%|█▌        | 4068/25443 [45:20:22 > 6:37:30]
SOAP:  16%|█▌        | 4069/25443 [36:24:48 > 6:37:33]
SOAP:  16%|█▌        | 4070/25443 [36:42:05 > 6:37:39]
SOAP:  16%|█▌        | 4071/25443 [35:14:12 > 6:37:45]
SOAP:  16%|█▌        | 4072/25443 [36:15:40 > 6:37:51]
SOAP:  16%|█▌        | 4073/25443 [34:08:52 > 6:37:56]
SOAP:  16%|█▌        | 4074/25443 [34:46:07 > 6:38:02]
SOAP:  16%|█▌        | 4075/25443 [36:04:14 > 6:38:09]
SOAP:  16%|█▌        | 4076/25443 [37:15:29 > 6:38:15]
SOAP:  16%|█▌        | 4077/25443 [39:20:19 > 6:38:23]
SOAP:  16%|█▌        | 4078/25443 [44:53:07 > 6:38:33]
SOAP:  16%|█▌        | 4079/25443 [48:24:56 > 6:38:42]
SOAP:  16%|█▌        | 4080/25443 [37:34:48 > 6:38:44]
SOAP:  16%|█▌        | 4081/25443 [35:47:37 > 6:38:50]
SOAP:  16%|█▌        | 4082/25443 [44:14:39 > 6:39:00]
SOAP:  16%|█▌        | 4083/25443 [35:34:36 > 6:39:03]
SOAP:  16%|█▌        | 4084/25443 [33:48:52 > 6:39:08]
SOAP:  16%|█▌        | 4085/25443 [33:48:12 > 6:39:14]
SOAP:  16%|█▌        | 4086/25443 [37:21:55 > 6:39:21]
SOAP:  16%|█▌        | 4087/25443 [38:06:45 > 6:39:28]
SOAP:  16%|█▌        | 4088/25443 [32:14:27 > 6:39:31]
SOAP:  16%|█▌        | 4089/25443 [34:35:26 > 6:39:38]
SOAP:  16%|█▌        | 4090/25443 [43:44:19 > 6:39:49]
SOAP:  16%|█▌        | 4091/25443 [37:16:11 > 6:39:53]
SOAP:  16%|█▌        | 4092/25443 [38:25:55 > 6:40:00]
SOAP:  16%|█▌        | 4093/25443 [38:42:32 > 6:40:06]
SOAP:  16%|█▌        | 4094/25443 [44:54:59 > 6:40:16]
SOAP:  16%|█▌        | 4095/25443 [43:06:47 > 6:40:23]
SOAP:  16%|█▌        | 4096/25443 [37:47:10 > 6:40:27]
SOAP:  16%|█▌        | 4097/25443 [36:46:34 > 6:40:33]
SOAP:  16%|█▌        | 4098/25443 [28:43:39 > 6:40:35]
SOAP:  16%|█▌        | 4099/25443 [31:19:22 > 6:40:41]
SOAP:  16%|█▌        | 4100/25443 [34:12:14 > 6:40:48]
SOAP:  16%|█▌        | 4101/25443 [47:12:31 > 6:41:01]
SOAP:  16%|█▌        | 4102/25443 [36:28:18 > 6:41:03]
SOAP:  16%|█▌        | 4103/25443 [37:24:30 > 6:41:10]
SOAP:  16%|█▌        | 4104/25443 [38:24:09 > 6:41:16]
SOAP:  16%|█▌        | 4105/25443 [38:51:58 > 6:41:23]
SOAP:  16%|█▌        | 4106/25443 [38:24:27 > 6:41:29]
SOAP:  16%|█▌        | 4107/25443 [37:33:29 > 6:41:35]
SOAP:  16%|█▌        | 4108/25443 [37:00:44 > 6:41:41]
SOAP:  16%|█▌        | 4109/25443 [43:27:07 > 6:41:51]
SOAP:  16%|█▌        | 4110/25443 [33:34:26 > 6:41:53]
SOAP:  16%|█▌        | 4111/25443 [34:17:16 > 6:41:59]
SOAP:  16%|█▌        | 4112/25443 [35:11:22 > 6:42:05]
SOAP:  16%|█▌        | 4113/25443 [35:14:36 > 6:42:11]
SOAP:  16%|█▌        | 4114/25443 [45:22:31 > 6:42:23]
SOAP:  16%|█▌        | 4115/25443 [34:48:45 > 6:42:25]
SOAP:  16%|█▌        | 4116/25443 [38:45:34 > 6:42:33]
SOAP:  16%|█▌        | 4117/25443 [37:38:50 > 6:42:39]
SOAP:  16%|█▌        | 4118/25443 [38:59:58 > 6:42:46]
SOAP:  16%|█▌        | 4119/25443 [42:28:00 > 6:42:54]
SOAP:  16%|█▌        | 4120/25443 [39:12:50 > 6:43:00]
SOAP:  16%|█▌        | 4121/25443 [34:29:20 > 6:43:04]
SOAP:  16%|█▌        | 4122/25443 [34:53:24 > 6:43:10]
SOAP:  16%|█▌        | 4123/25443 [38:58:31 > 6:43:18]
SOAP:  16%|█▌        | 4124/25443 [32:34:33 > 6:43:21]
SOAP:  16%|█▌        | 4125/25443 [34:03:47 > 6:43:27]
SOAP:  16%|█▌        | 4126/25443 [37:09:08 > 6:43:35]
SOAP:  16%|█▌        | 4127/25443 [37:44:50 > 6:43:41]
SOAP:  16%|█▌        | 4128/25443 [47:53:38 > 6:43:54]
SOAP:  16%|█▌        | 4129/25443 [46:09:40 > 6:44:01]
SOAP:  16%|█▌        | 4130/25443 [35:45:37 > 6:44:03]
SOAP:  16%|█▌        | 4131/25443 [34:53:17 > 6:44:08]
SOAP:  16%|█▌        | 4132/25443 [43:56:51 > 6:44:19]
SOAP:  16%|█▌        | 4133/25443 [34:05:17 > 6:44:21]
SOAP:  16%|█▌        | 4134/25443 [35:53:52 > 6:44:28]
SOAP:  16%|█▋        | 4135/25443 [33:12:58 > 6:44:32]
SOAP:  16%|█▋        | 4136/25443 [36:07:21 > 6:44:40]
SOAP:  16%|█▋        | 4137/25443 [40:12:35 > 6:44:48]
SOAP:  16%|█▋        | 4138/25443 [31:08:40 > 6:44:50]
SOAP:  16%|█▋        | 4139/25443 [33:47:35 > 6:44:56]
SOAP:  16%|█▋        | 4140/25443 [43:34:56 > 6:45:08]
SOAP:  16%|█▋        | 4141/25443 [36:23:33 > 6:45:11]
SOAP:  16%|█▋        | 4142/25443 [46:54:33 > 6:45:23]
SOAP:  16%|█▋        | 4143/25443 [35:55:19 > 6:45:25]
SOAP:  16%|█▋        | 4144/25443 [43:11:03 > 6:45:35]
SOAP:  16%|█▋        | 4145/25443 [34:06:04 > 6:45:37]
SOAP:  16%|█▋        | 4146/25443 [38:43:15 > 6:45:45]
SOAP:  16%|█▋        | 4147/25443 [31:18:53 > 6:45:48]
SOAP:  16%|█▋        | 4148/25443 [31:06:20 > 6:45:53]
SOAP:  16%|█▋        | 4149/25443 [32:58:50 > 6:45:59]
SOAP:  16%|█▋        | 4150/25443 [35:16:09 > 6:46:06]
SOAP:  16%|█▋        | 4151/25443 [47:50:23 > 6:46:19]
SOAP:  16%|█▋        | 4152/25443 [36:52:00 > 6:46:21]
SOAP:  16%|█▋        | 4153/25443 [37:43:26 > 6:46:28]
SOAP:  16%|█▋        | 4154/25443 [47:47:18 > 6:46:40]
SOAP:  16%|█▋        | 4155/25443 [44:27:47 > 6:46:46]
SOAP:  16%|█▋        | 4156/25443 [34:12:33 > 6:46:48]
SOAP:  16%|█▋        | 4157/25443 [35:48:35 > 6:46:55]
SOAP:  16%|█▋        | 4158/25443 [36:17:21 > 6:47:01]
SOAP:  16%|█▋        | 4159/25443 [41:00:38 > 6:47:10]
SOAP:  16%|█▋        | 4160/25443 [31:52:17 > 6:47:12]
SOAP:  16%|█▋        | 4161/25443 [32:35:13 > 6:47:17]
SOAP:  16%|█▋        | 4162/25443 [41:31:12 > 6:47:28]
SOAP:  16%|█▋        | 4163/25443 [32:24:01 > 6:47:30]
SOAP:  16%|█▋        | 4164/25443 [41:48:45 > 6:47:41]
SOAP:  16%|█▋        | 4165/25443 [33:36:44 > 6:47:43]
SOAP:  16%|█▋        | 4166/25443 [45:26:36 > 6:47:55]
SOAP:  16%|█▋        | 4167/25443 [36:26:20 > 6:47:58]
SOAP:  16%|█▋        | 4168/25443 [43:41:26 > 6:48:08]
SOAP:  16%|█▋        | 4169/25443 [41:29:04 > 6:48:14]
SOAP:  16%|█▋        | 4170/25443 [32:44:13 > 6:48:16]
SOAP:  16%|█▋        | 4171/25443 [39:13:56 > 6:48:26]
SOAP:  16%|█▋        | 4172/25443 [31:57:22 > 6:48:28]
SOAP:  16%|█▋        | 4173/25443 [39:05:28 > 6:48:38]
SOAP:  16%|█▋        | 4174/25443 [30:45:21 > 6:48:40]
SOAP:  16%|█▋        | 4175/25443 [33:11:37 > 6:48:46]
SOAP:  16%|█▋        | 4176/25443 [35:21:34 > 6:48:53]
SOAP:  16%|█▋        | 4177/25443 [38:29:30 > 6:49:01]
SOAP:  16%|█▋        | 4178/25443 [39:33:49 > 6:49:08]
SOAP:  16%|█▋        | 4179/25443 [48:53:32 > 6:49:20]
SOAP:  16%|█▋        | 4180/25443 [38:42:24 > 6:49:22]
SOAP:  16%|█▋        | 4181/25443 [36:02:06 > 6:49:27]
SOAP:  16%|█▋        | 4182/25443 [37:56:41 > 6:49:35]
SOAP:  16%|█▋        | 4183/25443 [36:59:34 > 6:49:40]
SOAP:  16%|█▋        | 4184/25443 [38:49:17 > 6:49:48]
SOAP:  16%|█▋        | 4185/25443 [33:08:15 > 6:49:51]
SOAP:  16%|█▋        | 4186/25443 [37:09:25 > 6:49:59]
SOAP:  16%|█▋        | 4187/25443 [31:55:04 > 6:50:02]
SOAP:  16%|█▋        | 4188/25443 [41:13:58 > 6:50:13]
SOAP:  16%|█▋        | 4189/25443 [33:20:17 > 6:50:16]
SOAP:  16%|█▋        | 4190/25443 [35:15:42 > 6:50:22]
SOAP:  16%|█▋        | 4191/25443 [37:54:33 > 6:50:30]
SOAP:  16%|█▋        | 4192/25443 [43:49:00 > 6:50:39]
SOAP:  16%|█▋        | 4193/25443 [45:31:00 > 6:50:48]
SOAP:  16%|█▋        | 4194/25443 [42:53:34 > 6:50:54]
SOAP:  16%|█▋        | 4195/25443 [36:25:39 > 6:50:58]
SOAP:  16%|█▋        | 4196/25443 [38:18:20 > 6:51:05]
SOAP:  16%|█▋        | 4197/25443 [29:39:50 > 6:51:07]
SOAP:  16%|█▋        | 4198/25443 [37:42:48 > 6:51:16]
SOAP:  17%|█▋        | 4199/25443 [29:37:38 > 6:51:18]
SOAP:  17%|█▋        | 4200/25443 [35:46:38 > 6:51:26]
SOAP:  17%|█▋        | 4201/25443 [45:18:44 > 6:51:38]
SOAP:  17%|█▋        | 4202/25443 [35:01:48 > 6:51:40]
SOAP:  17%|█▋        | 4203/25443 [36:22:34 > 6:51:46]
SOAP:  17%|█▋        | 4204/25443 [39:36:55 > 6:51:54]
SOAP:  17%|█▋        | 4205/25443 [38:15:14 > 6:52:00]
SOAP:  17%|█▋        | 4206/25443 [45:41:19 > 6:52:11]
SOAP:  17%|█▋        | 4207/25443 [42:40:09 > 6:52:17]
SOAP:  17%|█▋        | 4208/25443 [32:53:44 > 6:52:19]
SOAP:  17%|█▋        | 4209/25443 [33:11:53 > 6:52:25]
SOAP:  17%|█▋        | 4210/25443 [40:50:30 > 6:52:35]
SOAP:  17%|█▋        | 4211/25443 [31:40:53 > 6:52:36]
SOAP:  17%|█▋        | 4212/25443 [36:33:33 > 6:52:44]
SOAP:  17%|█▋        | 4213/25443 [33:25:08 > 6:52:49]
SOAP:  17%|█▋        | 4214/25443 [42:32:49 > 6:53:00]
SOAP:  17%|█▋        | 4215/25443 [34:09:13 > 6:53:02]
SOAP:  17%|█▋        | 4216/25443 [45:35:29 > 6:53:14]
SOAP:  17%|█▋        | 4217/25443 [34:44:23 > 6:53:16]
SOAP:  17%|█▋        | 4218/25443 [36:25:55 > 6:53:23]
SOAP:  17%|█▋        | 4219/25443 [37:05:56 > 6:53:29]
SOAP:  17%|█▋        | 4220/25443 [43:44:33 > 6:53:39]
SOAP:  17%|█▋        | 4221/25443 [33:33:15 > 6:53:41]
SOAP:  17%|█▋        | 4222/25443 [34:38:28 > 6:53:47]
SOAP:  17%|█▋        | 4223/25443 [33:29:39 > 6:53:53]
SOAP:  17%|█▋        | 4224/25443 [41:38:15 > 6:54:03]
SOAP:  17%|█▋        | 4225/25443 [32:30:22 > 6:54:05]
SOAP:  17%|█▋        | 4226/25443 [34:33:17 > 6:54:12]
SOAP:  17%|█▋        | 4227/25443 [38:07:35 > 6:54:19]
SOAP:  17%|█▋        | 4228/25443 [38:56:15 > 6:54:26]
SOAP:  17%|█▋        | 4229/25443 [39:19:55 > 6:54:33]
SOAP:  17%|█▋        | 4230/25443 [44:49:03 > 6:54:43]
SOAP:  17%|█▋        | 4231/25443 [37:05:27 > 6:54:46]
SOAP:  17%|█▋        | 4232/25443 [45:27:40 > 6:54:57]
SOAP:  17%|█▋        | 4233/25443 [35:41:54 > 6:54:59]
SOAP:  17%|█▋        | 4234/25443 [34:21:01 > 6:55:05]
SOAP:  17%|█▋        | 4235/25443 [35:20:57 > 6:55:11]
SOAP:  17%|█▋        | 4236/25443 [33:57:36 > 6:55:16]
SOAP:  17%|█▋        | 4237/25443 [32:43:03 > 6:55:21]
SOAP:  17%|█▋        | 4238/25443 [41:12:57 > 6:55:32]
SOAP:  17%|█▋        | 4239/25443 [32:55:24 > 6:55:34]
SOAP:  17%|█▋        | 4240/25443 [35:26:14 > 6:55:41]
SOAP:  17%|█▋        | 4241/25443 [47:30:48 > 6:55:54]
SOAP:  17%|█▋        | 4242/25443 [36:06:31 > 6:55:56]
SOAP:  17%|█▋        | 4243/25443 [37:03:58 > 6:56:02]
SOAP:  17%|█▋        | 4244/25443 [36:25:02 > 6:56:08]
SOAP:  17%|█▋        | 4245/25443 [36:33:55 > 6:56:14]
SOAP:  17%|█▋        | 4246/25443 [39:31:48 > 6:56:22]
SOAP:  17%|█▋        | 4247/25443 [35:01:24 > 6:56:26]
SOAP:  17%|█▋        | 4248/25443 [38:59:20 > 6:56:35]
SOAP:  17%|█▋        | 4249/25443 [30:45:39 > 6:56:37]
SOAP:  17%|█▋        | 4250/25443 [41:33:08 > 6:56:48]
SOAP:  17%|█▋        | 4251/25443 [44:09:27 > 6:56:56]
SOAP:  17%|█▋        | 4252/25443 [35:25:34 > 6:56:59]
SOAP:  17%|█▋        | 4253/25443 [40:33:00 > 6:57:08]
SOAP:  17%|█▋        | 4254/25443 [37:01:34 > 6:57:13]
SOAP:  17%|█▋        | 4255/25443 [37:31:57 > 6:57:19]
SOAP:  17%|█▋        | 4256/25443 [35:47:06 > 6:57:25]
SOAP:  17%|█▋        | 4257/25443 [36:34:48 > 6:57:31]
SOAP:  17%|█▋        | 4258/25443 [34:54:18 > 6:57:37]
SOAP:  17%|█▋        | 4259/25443 [41:41:38 > 6:57:46]
SOAP:  17%|█▋        | 4260/25443 [39:42:48 > 6:57:52]
SOAP:  17%|█▋        | 4261/25443 [31:27:48 > 6:57:54]
SOAP:  17%|█▋        | 4262/25443 [33:01:05 > 6:58:01]
SOAP:  17%|█▋        | 4263/25443 [39:26:34 > 6:58:10]
SOAP:  17%|█▋        | 4264/25443 [34:39:41 > 6:58:14]
SOAP:  17%|█▋        | 4265/25443 [45:53:51 > 6:58:26]
SOAP:  17%|█▋        | 4266/25443 [35:21:29 > 6:58:28]
SOAP:  17%|█▋        | 4267/25443 [43:40:09 > 6:58:39]
SOAP:  17%|█▋        | 4268/25443 [37:55:50 > 6:58:43]
SOAP:  17%|█▋        | 4269/25443 [32:54:41 > 6:58:47]
SOAP:  17%|█▋        | 4270/25443 [40:48:24 > 6:58:57]
SOAP:  17%|█▋        | 4271/25443 [31:40:49 > 6:58:58]
SOAP:  17%|█▋        | 4272/25443 [33:41:14 > 6:59:05]
SOAP:  17%|█▋        | 4273/25443 [34:03:28 > 6:59:11]
SOAP:  17%|█▋        | 4274/25443 [33:24:34 > 6:59:16]
SOAP:  17%|█▋        | 4275/25443 [38:20:19 > 6:59:25]
SOAP:  17%|█▋        | 4276/25443 [35:17:50 > 6:59:30]
SOAP:  17%|█▋        | 4277/25443 [39:45:23 > 6:59:38]
SOAP:  17%|█▋        | 4278/25443 [38:26:49 > 6:59:44]
SOAP:  17%|█▋        | 4279/25443 [39:17:38 > 6:59:51]
SOAP:  17%|█▋        | 4280/25443 [40:04:16 > 6:59:58]
SOAP:  17%|█▋        | 4281/25443 [38:24:17 > 7:00:04]
SOAP:  17%|█▋        | 4282/25443 [39:36:58 > 7:00:11]
SOAP:  17%|█▋        | 4283/25443 [39:37:15 > 7:00:18]
SOAP:  17%|█▋        | 4284/25443 [36:07:44 > 7:00:23]
SOAP:  17%|█▋        | 4285/25443 [36:34:19 > 7:00:29]
SOAP:  17%|█▋        | 4286/25443 [35:12:29 > 7:00:35]
SOAP:  17%|█▋        | 4287/25443 [33:20:05 > 7:00:40]
SOAP:  17%|█▋        | 4288/25443 [42:02:15 > 7:00:50]
SOAP:  17%|█▋        | 4289/25443 [42:29:53 > 7:00:58]
SOAP:  17%|█▋        | 4290/25443 [33:08:35 > 7:01:00]
SOAP:  17%|█▋        | 4291/25443 [46:02:12 > 7:01:12]
SOAP:  17%|█▋        | 4292/25443 [35:13:27 > 7:01:14]
SOAP:  17%|█▋        | 4293/25443 [37:17:58 > 7:01:21]
SOAP:  17%|█▋        | 4294/25443 [36:48:04 > 7:01:27]
SOAP:  17%|█▋        | 4295/25443 [44:31:51 > 7:01:38]
SOAP:  17%|█▋        | 4296/25443 [34:00:22 > 7:01:40]
SOAP:  17%|█▋        | 4297/25443 [32:34:49 > 7:01:45]
SOAP:  17%|█▋        | 4298/25443 [31:52:51 > 7:01:50]
SOAP:  17%|█▋        | 4299/25443 [33:22:29 > 7:01:56]
SOAP:  17%|█▋        | 4300/25443 [38:12:02 > 7:02:05]
SOAP:  17%|█▋        | 4301/25443 [46:45:58 > 7:02:16]
SOAP:  17%|█▋        | 4302/25443 [44:26:49 > 7:02:23]
SOAP:  17%|█▋        | 4303/25443 [34:52:25 > 7:02:25]
SOAP:  17%|█▋        | 4304/25443 [36:34:52 > 7:02:32]
SOAP:  17%|█▋        | 4305/25443 [37:31:43 > 7:02:38]
SOAP:  17%|█▋        | 4306/25443 [37:17:47 > 7:02:45]
SOAP:  17%|█▋        | 4307/25443 [40:01:19 > 7:02:53]
SOAP:  17%|█▋        | 4308/25443 [34:36:48 > 7:02:56]
SOAP:  17%|█▋        | 4309/25443 [34:54:14 > 7:03:02]
SOAP:  17%|█▋        | 4310/25443 [41:19:59 > 7:03:12]
SOAP:  17%|█▋        | 4311/25443 [33:59:30 > 7:03:15]
SOAP:  17%|█▋        | 4312/25443 [32:38:30 > 7:03:20]
SOAP:  17%|█▋        | 4313/25443 [34:14:01 > 7:03:26]
SOAP:  17%|█▋        | 4314/25443 [35:50:37 > 7:03:33]
SOAP:  17%|█▋        | 4315/25443 [36:31:57 > 7:03:40]
SOAP:  17%|█▋        | 4316/25443 [39:33:05 > 7:03:47]
SOAP:  17%|█▋        | 4317/25443 [37:38:19 > 7:03:53]
SOAP:  17%|█▋        | 4318/25443 [38:35:46 > 7:04:00]
SOAP:  17%|█▋        | 4319/25443 [38:20:34 > 7:04:07]
SOAP:  17%|█▋        | 4320/25443 [44:34:02 > 7:04:17]
SOAP:  17%|█▋        | 4321/25443 [33:55:51 > 7:04:18]
SOAP:  17%|█▋        | 4322/25443 [35:49:35 > 7:04:25]
SOAP:  17%|█▋        | 4323/25443 [33:11:13 > 7:04:30]
SOAP:  17%|█▋        | 4324/25443 [38:16:07 > 7:04:38]
SOAP:  17%|█▋        | 4325/25443 [33:05:48 > 7:04:42]
SOAP:  17%|█▋        | 4326/25443 [34:58:55 > 7:04:48]
SOAP:  17%|█▋        | 4327/25443 [38:13:03 > 7:04:56]
SOAP:  17%|█▋        | 4328/25443 [38:49:07 > 7:05:03]
SOAP:  17%|█▋        | 4329/25443 [39:23:52 > 7:05:10]
SOAP:  17%|█▋        | 4330/25443 [40:46:21 > 7:05:18]
SOAP:  17%|█▋        | 4331/25443 [38:28:08 > 7:05:23]
SOAP:  17%|█▋        | 4332/25443 [46:05:57 > 7:05:34]
SOAP:  17%|█▋        | 4333/25443 [39:46:58 > 7:05:38]
SOAP:  17%|█▋        | 4334/25443 [33:36:37 > 7:05:42]
SOAP:  17%|█▋        | 4335/25443 [33:53:35 > 7:05:48]
SOAP:  17%|█▋        | 4336/25443 [33:53:55 > 7:05:53]
SOAP:  17%|█▋        | 4337/25443 [32:39:19 > 7:05:58]
SOAP:  17%|█▋        | 4338/25443 [34:07:51 > 7:06:05]
SOAP:  17%|█▋        | 4339/25443 [35:47:56 > 7:06:12]
SOAP:  17%|█▋        | 4340/25443 [36:59:57 > 7:06:18]
SOAP:  17%|█▋        | 4341/25443 [38:56:41 > 7:06:26]
SOAP:  17%|█▋        | 4342/25443 [39:21:39 > 7:06:33]
SOAP:  17%|█▋        | 4343/25443 [39:45:04 > 7:06:40]
SOAP:  17%|█▋        | 4344/25443 [42:44:39 > 7:06:48]
SOAP:  17%|█▋        | 4345/25443 [36:01:51 > 7:06:52]
SOAP:  17%|█▋        | 4346/25443 [35:59:51 > 7:06:58]
SOAP:  17%|█▋        | 4347/25443 [40:18:51 > 7:07:06]
SOAP:  17%|█▋        | 4348/25443 [31:08:07 > 7:07:08]
SOAP:  17%|█▋        | 4349/25443 [38:48:34 > 7:07:18]
SOAP:  17%|█▋        | 4350/25443 [32:39:53 > 7:07:21]
SOAP:  17%|█▋        | 4351/25443 [33:14:04 > 7:07:27]
SOAP:  17%|█▋        | 4352/25443 [37:48:41 > 7:07:35]
SOAP:  17%|█▋        | 4353/25443 [37:53:55 > 7:07:41]
SOAP:  17%|█▋        | 4354/25443 [38:24:59 > 7:07:48]
SOAP:  17%|█▋        | 4355/25443 [46:29:30 > 7:07:59]
SOAP:  17%|█▋        | 4356/25443 [41:18:10 > 7:08:04]
SOAP:  17%|█▋        | 4357/25443 [32:58:13 > 7:08:07]
SOAP:  17%|█▋        | 4358/25443 [33:19:20 > 7:08:13]
SOAP:  17%|█▋        | 4359/25443 [33:03:42 > 7:08:18]
SOAP:  17%|█▋        | 4360/25443 [39:59:52 > 7:08:28]
SOAP:  17%|█▋        | 4361/25443 [30:54:27 > 7:08:29]
SOAP:  17%|█▋        | 4362/25443 [35:57:00 > 7:08:37]
SOAP:  17%|█▋        | 4363/25443 [32:34:20 > 7:08:42]
SOAP:  17%|█▋        | 4364/25443 [38:52:21 > 7:08:51]
SOAP:  17%|█▋        | 4365/25443 [45:48:35 > 7:09:01]
SOAP:  17%|█▋        | 4366/25443 [35:20:55 > 7:09:03]
SOAP:  17%|█▋        | 4367/25443 [39:38:59 > 7:09:12]
SOAP:  17%|█▋        | 4368/25443 [41:50:36 > 7:09:20]
SOAP:  17%|█▋        | 4369/25443 [32:29:18 > 7:09:22]
SOAP:  17%|█▋        | 4370/25443 [40:29:50 > 7:09:32]
SOAP:  17%|█▋        | 4371/25443 [31:16:40 > 7:09:33]
SOAP:  17%|█▋        | 4372/25443 [33:12:18 > 7:09:40]
SOAP:  17%|█▋        | 4373/25443 [32:00:23 > 7:09:45]
SOAP:  17%|█▋        | 4374/25443 [36:14:55 > 7:09:53]
SOAP:  17%|█▋        | 4375/25443 [35:39:37 > 7:09:59]
SOAP:  17%|█▋        | 4376/25443 [33:43:53 > 7:10:04]
SOAP:  17%|█▋        | 4377/25443 [45:58:32 > 7:10:16]
SOAP:  17%|█▋        | 4378/25443 [35:47:35 > 7:10:18]
SOAP:  17%|█▋        | 4379/25443 [47:07:56 > 7:10:31]
SOAP:  17%|█▋        | 4380/25443 [42:23:43 > 7:10:36]
SOAP:  17%|█▋        | 4381/25443 [33:28:08 > 7:10:38]
SOAP:  17%|█▋        | 4382/25443 [38:05:33 > 7:10:47]
SOAP:  17%|█▋        | 4383/25443 [40:59:56 > 7:10:55]
SOAP:  17%|█▋        | 4384/25443 [31:47:21 > 7:10:57]
SOAP:  17%|█▋        | 4385/25443 [31:19:12 > 7:11:02]
SOAP:  17%|█▋        | 4386/25443 [33:01:36 > 7:11:08]
SOAP:  17%|█▋        | 4387/25443 [31:46:23 > 7:11:13]
SOAP:  17%|█▋        | 4388/25443 [33:14:28 > 7:11:19]
SOAP:  17%|█▋        | 4389/25443 [34:56:28 > 7:11:26]
SOAP:  17%|█▋        | 4390/25443 [37:00:37 > 7:11:33]
SOAP:  17%|█▋        | 4391/25443 [38:13:50 > 7:11:40]
SOAP:  17%|█▋        | 4392/25443 [45:18:24 > 7:11:51]
SOAP:  17%|█▋        | 4393/25443 [37:34:54 > 7:11:54]
SOAP:  17%|█▋        | 4394/25443 [44:17:56 > 7:12:04]
SOAP:  17%|█▋        | 4395/25443 [35:04:12 > 7:12:07]
SOAP:  17%|█▋        | 4396/25443 [36:11:57 > 7:12:13]
SOAP:  17%|█▋        | 4397/25443 [38:01:53 > 7:12:21]
SOAP:  17%|█▋        | 4398/25443 [36:44:25 > 7:12:26]
SOAP:  17%|█▋        | 4399/25443 [29:03:54 > 7:12:28]
SOAP:  17%|█▋        | 4400/25443 [32:22:30 > 7:12:35]
SOAP:  17%|█▋        | 4401/25443 [44:59:04 > 7:12:48]
SOAP:  17%|█▋        | 4402/25443 [34:52:25 > 7:12:50]
SOAP:  17%|█▋        | 4403/25443 [36:21:27 > 7:12:57]
SOAP:  17%|█▋        | 4404/25443 [37:26:00 > 7:13:04]
SOAP:  17%|█▋        | 4405/25443 [46:15:45 > 7:13:15]
SOAP:  17%|█▋        | 4406/25443 [42:50:46 > 7:13:21]
SOAP:  17%|█▋        | 4407/25443 [32:53:14 > 7:13:23]
SOAP:  17%|█▋        | 4408/25443 [33:04:56 > 7:13:28]
SOAP:  17%|█▋        | 4409/25443 [35:14:43 > 7:13:35]
SOAP:  17%|█▋        | 4410/25443 [32:55:02 > 7:13:40]
SOAP:  17%|█▋        | 4411/25443 [33:28:13 > 7:13:46]
SOAP:  17%|█▋        | 4412/25443 [42:09:20 > 7:13:57]
SOAP:  17%|█▋        | 4413/25443 [32:47:40 > 7:13:58]
SOAP:  17%|█▋        | 4414/25443 [36:04:36 > 7:14:06]
SOAP:  17%|█▋        | 4415/25443 [35:28:30 > 7:14:12]
SOAP:  17%|█▋        | 4416/25443 [39:01:30 > 7:14:20]
SOAP:  17%|█▋        | 4417/25443 [36:53:53 > 7:14:25]
SOAP:  17%|█▋        | 4418/25443 [46:02:11 > 7:14:37]
SOAP:  17%|█▋        | 4419/25443 [40:27:44 > 7:14:42]
SOAP:  17%|█▋        | 4420/25443 [34:18:38 > 7:14:45]
SOAP:  17%|█▋        | 4421/25443 [33:19:43 > 7:14:50]
SOAP:  17%|█▋        | 4422/25443 [34:37:37 > 7:14:57]
SOAP:  17%|█▋        | 4423/25443 [33:12:45 > 7:15:02]
SOAP:  17%|█▋        | 4424/25443 [33:45:59 > 7:15:08]
SOAP:  17%|█▋        | 4425/25443 [34:55:52 > 7:15:14]
SOAP:  17%|█▋        | 4426/25443 [36:04:18 > 7:15:21]
SOAP:  17%|█▋        | 4427/25443 [38:33:26 > 7:15:29]
SOAP:  17%|█▋        | 4428/25443 [48:25:34 > 7:15:41]
SOAP:  17%|█▋        | 4429/25443 [44:39:40 > 7:15:47]
SOAP:  17%|█▋        | 4430/25443 [36:29:44 > 7:15:50]
SOAP:  17%|█▋        | 4431/25443 [45:11:46 > 7:16:01]
SOAP:  17%|█▋        | 4432/25443 [35:25:05 > 7:16:03]
SOAP:  17%|█▋        | 4433/25443 [35:14:07 > 7:16:09]
SOAP:  17%|█▋        | 4434/25443 [34:19:09 > 7:16:15]
SOAP:  17%|█▋        | 4435/25443 [33:16:36 > 7:16:20]
SOAP:  17%|█▋        | 4436/25443 [34:37:56 > 7:16:27]
SOAP:  17%|█▋        | 4437/25443 [32:50:30 > 7:16:31]
SOAP:  17%|█▋        | 4438/25443 [34:09:27 > 7:16:38]
SOAP:  17%|█▋        | 4439/25443 [35:31:09 > 7:16:44]
SOAP:  17%|█▋        | 4440/25443 [37:02:35 > 7:16:51]
SOAP:  17%|█▋        | 4441/25443 [38:40:43 > 7:16:59]
SOAP:  17%|█▋        | 4442/25443 [40:07:32 > 7:17:06]
SOAP:  17%|█▋        | 4443/25443 [40:17:08 > 7:17:13]
SOAP:  17%|█▋        | 4444/25443 [38:58:38 > 7:17:19]
SOAP:  17%|█▋        | 4445/25443 [37:41:42 > 7:17:25]
SOAP:  17%|█▋        | 4446/25443 [40:50:40 > 7:17:34]
SOAP:  17%|█▋        | 4447/25443 [34:12:35 > 7:17:37]
SOAP:  17%|█▋        | 4448/25443 [32:16:50 > 7:17:41]
SOAP:  17%|█▋        | 4449/25443 [33:22:39 > 7:17:48]
SOAP:  17%|█▋        | 4450/25443 [35:21:35 > 7:17:55]
SOAP:  17%|█▋        | 4451/25443 [36:08:36 > 7:18:01]
SOAP:  17%|█▋        | 4452/25443 [39:59:51 > 7:18:09]
SOAP:  18%|█▊        | 4453/25443 [48:32:58 > 7:18:21]
SOAP:  18%|█▊        | 4454/25443 [37:26:10 > 7:18:23]
SOAP:  18%|█▊        | 4455/25443 [38:09:05 > 7:18:30]
SOAP:  18%|█▊        | 4456/25443 [38:13:33 > 7:18:37]
SOAP:  18%|█▊        | 4457/25443 [43:26:02 > 7:18:46]
SOAP:  18%|█▊        | 4458/25443 [34:05:13 > 7:18:48]
SOAP:  18%|█▊        | 4459/25443 [38:21:12 > 7:18:57]
SOAP:  18%|█▊        | 4460/25443 [32:45:29 > 7:19:00]
SOAP:  18%|█▊        | 4461/25443 [37:37:11 > 7:19:08]
SOAP:  18%|█▊        | 4462/25443 [32:43:37 > 7:19:12]
SOAP:  18%|█▊        | 4463/25443 [33:57:10 > 7:19:18]
SOAP:  18%|█▊        | 4464/25443 [35:33:42 > 7:19:25]
SOAP:  18%|█▊        | 4465/25443 [36:19:02 > 7:19:32]
SOAP:  18%|█▊        | 4466/25443 [39:25:25 > 7:19:40]
SOAP:  18%|█▊        | 4467/25443 [37:46:36 > 7:19:45]
SOAP:  18%|█▊        | 4468/25443 [39:11:54 > 7:19:53]
SOAP:  18%|█▊        | 4469/25443 [45:12:56 > 7:20:03]
SOAP:  18%|█▊        | 4470/25443 [35:55:31 > 7:20:05]
SOAP:  18%|█▊        | 4471/25443 [38:21:44 > 7:20:13]
SOAP:  18%|█▊        | 4472/25443 [33:54:00 > 7:20:17]
SOAP:  18%|█▊        | 4473/25443 [32:34:21 > 7:20:22]
SOAP:  18%|█▊        | 4474/25443 [33:02:46 > 7:20:28]
SOAP:  18%|█▊        | 4475/25443 [34:42:53 > 7:20:34]
SOAP:  18%|█▊        | 4476/25443 [45:58:55 > 7:20:47]
SOAP:  18%|█▊        | 4477/25443 [35:32:40 > 7:20:49]
SOAP:  18%|█▊        | 4478/25443 [38:50:51 > 7:20:57]
SOAP:  18%|█▊        | 4479/25443 [37:52:02 > 7:21:03]
SOAP:  18%|█▊        | 4480/25443 [38:58:51 > 7:21:10]
SOAP:  18%|█▊        | 4481/25443 [39:21:03 > 7:21:17]
SOAP:  18%|█▊        | 4482/25443 [38:59:30 > 7:21:23]
SOAP:  18%|█▊        | 4483/25443 [37:35:07 > 7:21:29]
SOAP:  18%|█▊        | 4484/25443 [35:55:06 > 7:21:35]
SOAP:  18%|█▊        | 4485/25443 [40:14:28 > 7:21:44]
SOAP:  18%|█▊        | 4486/25443 [33:43:00 > 7:21:47]
SOAP:  18%|█▊        | 4487/25443 [32:22:09 > 7:21:52]
SOAP:  18%|█▊        | 4488/25443 [33:29:35 > 7:21:58]
SOAP:  18%|█▊        | 4489/25443 [43:57:37 > 7:22:10]
SOAP:  18%|█▊        | 4490/25443 [34:10:17 > 7:22:12]
SOAP:  18%|█▊        | 4491/25443 [42:03:58 > 7:22:22]
SOAP:  18%|█▊        | 4492/25443 [45:40:40 > 7:22:31]
SOAP:  18%|█▊        | 4493/25443 [35:19:40 > 7:22:33]
SOAP:  18%|█▊        | 4494/25443 [42:39:04 > 7:22:44]
SOAP:  18%|█▊        | 4495/25443 [40:37:49 > 7:22:50]
SOAP:  18%|█▊        | 4496/25443 [37:12:43 > 7:22:55]
SOAP:  18%|█▊        | 4497/25443 [35:04:43 > 7:23:00]
SOAP:  18%|█▊        | 4498/25443 [27:30:00 > 7:23:02]
SOAP:  18%|█▊        | 4499/25443 [30:08:06 > 7:23:08]
SOAP:  18%|█▊        | 4500/25443 [32:54:33 > 7:23:15]
SOAP:  18%|█▊        | 4501/25443 [45:33:53 > 7:23:27]
SOAP:  18%|█▊        | 4502/25443 [35:25:03 > 7:23:30]
SOAP:  18%|█▊        | 4503/25443 [36:25:27 > 7:23:36]
SOAP:  18%|█▊        | 4504/25443 [37:12:55 > 7:23:43]
SOAP:  18%|█▊        | 4505/25443 [37:42:57 > 7:23:50]
SOAP:  18%|█▊        | 4506/25443 [44:13:59 > 7:24:00]
SOAP:  18%|█▊        | 4507/25443 [41:01:39 > 7:24:06]
SOAP:  18%|█▊        | 4508/25443 [38:57:05 > 7:24:11]
SOAP:  18%|█▊        | 4509/25443 [30:24:41 > 7:24:13]
SOAP:  18%|█▊        | 4510/25443 [38:19:43 > 7:24:23]
SOAP:  18%|█▊        | 4511/25443 [30:10:49 > 7:24:25]
SOAP:  18%|█▊        | 4512/25443 [32:04:04 > 7:24:31]
SOAP:  18%|█▊        | 4513/25443 [32:42:12 > 7:24:37]
SOAP:  18%|█▊        | 4514/25443 [38:58:51 > 7:24:46]
SOAP:  18%|█▊        | 4515/25443 [45:34:03 > 7:24:57]
SOAP:  18%|█▊        | 4516/25443 [35:10:21 > 7:24:59]
SOAP:  18%|█▊        | 4517/25443 [34:57:49 > 7:25:05]
SOAP:  18%|█▊        | 4518/25443 [36:49:57 > 7:25:12]
SOAP:  18%|█▊        | 4519/25443 [37:11:26 > 7:25:18]
SOAP:  18%|█▊        | 4520/25443 [36:55:07 > 7:25:24]
SOAP:  18%|█▊        | 4521/25443 [43:39:01 > 7:25:35]
SOAP:  18%|█▊        | 4522/25443 [33:23:02 > 7:25:36]
SOAP:  18%|█▊        | 4523/25443 [37:44:11 > 7:25:45]
SOAP:  18%|█▊        | 4524/25443 [38:50:14 > 7:25:52]
SOAP:  18%|█▊        | 4525/25443 [30:32:13 > 7:25:54]
SOAP:  18%|█▊        | 4526/25443 [32:57:36 > 7:26:00]
SOAP:  18%|█▊        | 4527/25443 [36:12:20 > 7:26:08]
SOAP:  18%|█▊        | 4528/25443 [37:51:50 > 7:26:15]
SOAP:  18%|█▊        | 4529/25443 [38:07:54 > 7:26:22]
SOAP:  18%|█▊        | 4530/25443 [38:58:36 > 7:26:29]
SOAP:  18%|█▊        | 4531/25443 [37:17:31 > 7:26:34]
SOAP:  18%|█▊        | 4532/25443 [38:46:51 > 7:26:42]
SOAP:  18%|█▊        | 4533/25443 [38:10:33 > 7:26:48]
SOAP:  18%|█▊        | 4534/25443 [35:57:02 > 7:26:53]
SOAP:  18%|█▊        | 4535/25443 [34:44:52 > 7:26:59]
SOAP:  18%|█▊        | 4536/25443 [35:30:41 > 7:27:05]
SOAP:  18%|█▊        | 4537/25443 [33:35:26 > 7:27:10]
SOAP:  18%|█▊        | 4538/25443 [42:51:57 > 7:27:21]
SOAP:  18%|█▊        | 4539/25443 [33:55:11 > 7:27:24]
SOAP:  18%|█▊        | 4540/25443 [35:31:26 > 7:27:30]
SOAP:  18%|█▊        | 4541/25443 [38:03:20 > 7:27:38]
SOAP:  18%|█▊        | 4542/25443 [47:11:12 > 7:27:50]
SOAP:  18%|█▊        | 4543/25443 [36:13:16 > 7:27:52]
SOAP:  18%|█▊        | 4544/25443 [42:45:17 > 7:28:02]
SOAP:  18%|█▊        | 4545/25443 [33:07:38 > 7:28:03]
SOAP:  18%|█▊        | 4546/25443 [35:28:58 > 7:28:10]
SOAP:  18%|█▊        | 4547/25443 [30:33:24 > 7:28:14]
SOAP:  18%|█▊        | 4548/25443 [35:05:26 > 7:28:22]
SOAP:  18%|█▊        | 4549/25443 [30:47:07 > 7:28:25]
SOAP:  18%|█▊        | 4550/25443 [33:34:22 > 7:28:32]
SOAP:  18%|█▊        | 4551/25443 [34:43:15 > 7:28:39]
SOAP:  18%|█▊        | 4552/25443 [39:10:11 > 7:28:47]
SOAP:  18%|█▊        | 4553/25443 [47:39:11 > 7:28:59]
SOAP:  18%|█▊        | 4554/25443 [37:35:08 > 7:29:01]
SOAP:  18%|█▊        | 4555/25443 [38:02:36 > 7:29:08]
SOAP:  18%|█▊        | 4556/25443 [44:38:44 > 7:29:18]
SOAP:  18%|█▊        | 4557/25443 [41:10:08 > 7:29:24]
SOAP:  18%|█▊        | 4558/25443 [37:16:56 > 7:29:29]
SOAP:  18%|█▊        | 4559/25443 [37:22:43 > 7:29:35]
SOAP:  18%|█▊        | 4560/25443 [29:23:16 > 7:29:37]
SOAP:  18%|█▊        | 4561/25443 [30:47:48 > 7:29:43]
SOAP:  18%|█▊        | 4562/25443 [33:54:37 > 7:29:50]
SOAP:  18%|█▊        | 4563/25443 [32:51:33 > 7:29:55]
SOAP:  18%|█▊        | 4564/25443 [34:50:48 > 7:30:02]
SOAP:  18%|█▊        | 4565/25443 [35:48:52 > 7:30:09]
SOAP:  18%|█▊        | 4566/25443 [38:59:06 > 7:30:17]
SOAP:  18%|█▊        | 4567/25443 [36:52:32 > 7:30:22]
SOAP:  18%|█▊        | 4568/25443 [38:23:21 > 7:30:29]
SOAP:  18%|█▊        | 4569/25443 [45:38:12 > 7:30:40]
SOAP:  18%|█▊        | 4570/25443 [35:10:52 > 7:30:42]
SOAP:  18%|█▊        | 4571/25443 [41:44:36 > 7:30:52]
SOAP:  18%|█▊        | 4572/25443 [31:53:54 > 7:30:54]
SOAP:  18%|█▊        | 4573/25443 [30:54:27 > 7:30:58]
SOAP:  18%|█▊        | 4574/25443 [39:13:49 > 7:31:09]
SOAP:  18%|█▊        | 4575/25443 [30:50:16 > 7:31:11]
SOAP:  18%|█▊        | 4576/25443 [33:19:52 > 7:31:17]
SOAP:  18%|█▊        | 4577/25443 [36:49:29 > 7:31:25]
SOAP:  18%|█▊        | 4578/25443 [37:31:05 > 7:31:32]
SOAP:  18%|█▊        | 4579/25443 [38:20:20 > 7:31:39]
SOAP:  18%|█▊        | 4580/25443 [45:42:04 > 7:31:50]
SOAP:  18%|█▊        | 4581/25443 [36:26:10 > 7:31:52]
SOAP:  18%|█▊        | 4582/25443 [36:45:35 > 7:31:59]
SOAP:  18%|█▊        | 4583/25443 [35:56:42 > 7:32:04]
SOAP:  18%|█▊        | 4584/25443 [34:51:19 > 7:32:10]
SOAP:  18%|█▊        | 4585/25443 [33:57:58 > 7:32:16]
SOAP:  18%|█▊        | 4586/25443 [34:55:05 > 7:32:22]
SOAP:  18%|█▊        | 4587/25443 [33:15:18 > 7:32:27]
SOAP:  18%|█▊        | 4588/25443 [34:17:11 > 7:32:33]
SOAP:  18%|█▊        | 4589/25443 [36:02:45 > 7:32:40]
SOAP:  18%|█▊        | 4590/25443 [37:09:09 > 7:32:47]
SOAP:  18%|█▊        | 4591/25443 [39:11:40 > 7:32:55]
SOAP:  18%|█▊        | 4592/25443 [39:41:07 > 7:33:02]
SOAP:  18%|█▊        | 4593/25443 [39:45:47 > 7:33:09]
SOAP:  18%|█▊        | 4594/25443 [45:50:02 > 7:33:19]
SOAP:  18%|█▊        | 4595/25443 [36:48:16 > 7:33:22]
SOAP:  18%|█▊        | 4596/25443 [34:36:51 > 7:33:27]
SOAP:  18%|█▊        | 4597/25443 [32:53:07 > 7:33:32]
SOAP:  18%|█▊        | 4598/25443 [32:04:36 > 7:33:37]
SOAP:  18%|█▊        | 4599/25443 [40:52:44 > 7:33:48]
SOAP:  18%|█▊        | 4600/25443 [34:59:49 > 7:33:51]
SOAP:  18%|█▊        | 4601/25443 [42:50:06 > 7:34:02]
SOAP:  18%|█▊        | 4602/25443 [41:35:26 > 7:34:09]
SOAP:  18%|█▊        | 4603/25443 [41:10:13 > 7:34:16]
SOAP:  18%|█▊        | 4604/25443 [41:14:51 > 7:34:23]
SOAP:  18%|█▊        | 4605/25443 [39:22:12 > 7:34:29]
SOAP:  18%|█▊        | 4606/25443 [30:39:06 > 7:34:31]
SOAP:  18%|█▊        | 4607/25443 [32:44:31 > 7:34:37]
SOAP:  18%|█▊        | 4608/25443 [37:18:09 > 7:34:45]
SOAP:  18%|█▊        | 4609/25443 [31:20:10 > 7:34:48]
SOAP:  18%|█▊        | 4610/25443 [34:27:21 > 7:34:56]
SOAP:  18%|█▊        | 4611/25443 [32:18:21 > 7:35:00]
SOAP:  18%|█▊        | 4612/25443 [37:08:48 > 7:35:09]
SOAP:  18%|█▊        | 4613/25443 [33:20:57 > 7:35:13]
SOAP:  18%|█▊        | 4614/25443 [43:54:14 > 7:35:25]
SOAP:  18%|█▊        | 4615/25443 [44:20:25 > 7:35:33]
SOAP:  18%|█▊        | 4616/25443 [39:08:20 > 7:35:37]
SOAP:  18%|█▊        | 4617/25443 [32:28:05 > 7:35:40]
SOAP:  18%|█▊        | 4618/25443 [34:49:19 > 7:35:47]
SOAP:  18%|█▊        | 4619/25443 [35:30:35 > 7:35:54]
SOAP:  18%|█▊        | 4620/25443 [39:45:57 > 7:36:02]
SOAP:  18%|█▊        | 4621/25443 [33:20:50 > 7:36:05]
SOAP:  18%|█▊        | 4622/25443 [34:40:28 > 7:36:12]
SOAP:  18%|█▊        | 4623/25443 [32:54:53 > 7:36:17]
SOAP:  18%|█▊        | 4624/25443 [40:39:32 > 7:36:27]
SOAP:  18%|█▊        | 4625/25443 [31:45:18 > 7:36:29]
SOAP:  18%|█▊        | 4626/25443 [33:50:35 > 7:36:36]
SOAP:  18%|█▊        | 4627/25443 [40:35:49 > 7:36:45]
SOAP:  18%|█▊        | 4628/25443 [36:47:00 > 7:36:50]
SOAP:  18%|█▊        | 4629/25443 [37:50:35 > 7:36:57]
SOAP:  18%|█▊        | 4630/25443 [45:26:38 > 7:37:08]
SOAP:  18%|█▊        | 4631/25443 [35:15:16 > 7:37:10]
SOAP:  18%|█▊        | 4632/25443 [37:07:07 > 7:37:17]
SOAP:  18%|█▊        | 4633/25443 [35:54:31 > 7:37:23]
SOAP:  18%|█▊        | 4634/25443 [34:36:04 > 7:37:28]
SOAP:  18%|█▊        | 4635/25443 [33:46:17 > 7:37:34]
SOAP:  18%|█▊        | 4636/25443 [34:51:41 > 7:37:40]
SOAP:  18%|█▊        | 4637/25443 [33:19:52 > 7:37:46]
SOAP:  18%|█▊        | 4638/25443 [34:26:23 > 7:37:52]
SOAP:  18%|█▊        | 4639/25443 [35:58:37 > 7:37:59]
SOAP:  18%|█▊        | 4640/25443 [37:01:58 > 7:38:06]
SOAP:  18%|█▊        | 4641/25443 [48:34:56 > 7:38:19]
SOAP:  18%|█▊        | 4642/25443 [36:40:45 > 7:38:20]
SOAP:  18%|█▊        | 4643/25443 [37:16:16 > 7:38:27]
SOAP:  18%|█▊        | 4644/25443 [36:41:51 > 7:38:33]
SOAP:  18%|█▊        | 4645/25443 [43:48:32 > 7:38:43]
SOAP:  18%|█▊        | 4646/25443 [33:21:20 > 7:38:45]
SOAP:  18%|█▊        | 4647/25443 [32:02:14 > 7:38:50]
SOAP:  18%|█▊        | 4648/25443 [31:25:10 > 7:38:55]
SOAP:  18%|█▊        | 4649/25443 [32:39:50 > 7:39:01]
SOAP:  18%|█▊        | 4650/25443 [42:11:14 > 7:39:13]
SOAP:  18%|█▊        | 4651/25443 [33:01:54 > 7:39:15]
SOAP:  18%|█▊        | 4652/25443 [37:39:12 > 7:39:23]
SOAP:  18%|█▊        | 4653/25443 [44:45:35 > 7:39:34]
SOAP:  18%|█▊        | 4654/25443 [45:23:59 > 7:39:42]
SOAP:  18%|█▊        | 4655/25443 [34:43:35 > 7:39:43]
SOAP:  18%|█▊        | 4656/25443 [34:58:34 > 7:39:50]
SOAP:  18%|█▊        | 4657/25443 [34:27:01 > 7:39:55]
SOAP:  18%|█▊        | 4658/25443 [41:51:52 > 7:40:06]
SOAP:  18%|█▊        | 4659/25443 [36:19:56 > 7:40:10]
SOAP:  18%|█▊        | 4660/25443 [39:01:48 > 7:40:17]
SOAP:  18%|█▊        | 4661/25443 [34:01:51 > 7:40:21]
SOAP:  18%|█▊        | 4662/25443 [30:59:50 > 7:40:25]
SOAP:  18%|█▊        | 4663/25443 [32:40:12 > 7:40:32]
SOAP:  18%|█▊        | 4664/25443 [34:30:56 > 7:40:39]
SOAP:  18%|█▊        | 4665/25443 [35:28:35 > 7:40:45]
SOAP:  18%|█▊        | 4666/25443 [39:32:57 > 7:40:54]
SOAP:  18%|█▊        | 4667/25443 [36:56:00 > 7:40:59]
SOAP:  18%|█▊        | 4668/25443 [42:17:18 > 7:41:08]
SOAP:  18%|█▊        | 4669/25443 [36:06:25 > 7:41:12]
SOAP:  18%|█▊        | 4670/25443 [36:27:28 > 7:41:19]
SOAP:  18%|█▊        | 4671/25443 [34:37:28 > 7:41:24]
SOAP:  18%|█▊        | 4672/25443 [35:27:14 > 7:41:30]
SOAP:  18%|█▊        | 4673/25443 [41:08:58 > 7:41:40]
SOAP:  18%|█▊        | 4674/25443 [32:12:23 > 7:41:42]
SOAP:  18%|█▊        | 4675/25443 [33:23:24 > 7:41:48]
SOAP:  18%|█▊        | 4676/25443 [34:47:14 > 7:41:55]
SOAP:  18%|█▊        | 4677/25443 [37:19:25 > 7:42:02]
SOAP:  18%|█▊        | 4678/25443 [41:49:19 > 7:42:11]
SOAP:  18%|█▊        | 4679/25443 [47:05:59 > 7:42:22]
SOAP:  18%|█▊        | 4680/25443 [42:20:44 > 7:42:27]
SOAP:  18%|█▊        | 4681/25443 [33:06:19 > 7:42:29]
SOAP:  18%|█▊        | 4682/25443 [42:22:39 > 7:42:40]
SOAP:  18%|█▊        | 4683/25443 [32:48:17 > 7:42:42]
SOAP:  18%|█▊        | 4684/25443 [32:28:58 > 7:42:47]
SOAP:  18%|█▊        | 4685/25443 [33:33:46 > 7:42:54]
SOAP:  18%|█▊        | 4686/25443 [38:19:56 > 7:43:02]
SOAP:  18%|█▊        | 4687/25443 [38:10:12 > 7:43:09]
SOAP:  18%|█▊        | 4688/25443 [37:02:05 > 7:43:15]
SOAP:  18%|█▊        | 4689/25443 [38:16:37 > 7:43:22]
SOAP:  18%|█▊        | 4690/25443 [38:21:55 > 7:43:29]
SOAP:  18%|█▊        | 4691/25443 [32:30:04 > 7:43:32]
SOAP:  18%|█▊        | 4692/25443 [34:44:16 > 7:43:39]
SOAP:  18%|█▊        | 4693/25443 [35:54:54 > 7:43:45]
SOAP:  18%|█▊        | 4694/25443 [42:46:18 > 7:43:56]
SOAP:  18%|█▊        | 4695/25443 [36:55:40 > 7:44:00]
SOAP:  18%|█▊        | 4696/25443 [32:29:47 > 7:44:04]
SOAP:  18%|█▊        | 4697/25443 [31:23:40 > 7:44:09]
SOAP:  18%|█▊        | 4698/25443 [38:11:38 > 7:44:18]
SOAP:  18%|█▊        | 4699/25443 [29:59:42 > 7:44:20]
SOAP:  18%|█▊        | 4700/25443 [33:12:00 > 7:44:27]
SOAP:  18%|█▊        | 4701/25443 [45:17:34 > 7:44:40]
SOAP:  18%|█▊        | 4702/25443 [42:45:40 > 7:44:46]
SOAP:  18%|█▊        | 4703/25443 [41:57:40 > 7:44:53]
SOAP:  18%|█▊        | 4704/25443 [33:10:03 > 7:44:55]
SOAP:  18%|█▊        | 4705/25443 [34:44:12 > 7:45:02]
SOAP:  18%|█▊        | 4706/25443 [34:51:53 > 7:45:08]
SOAP:  19%|█▊        | 4707/25443 [33:52:28 > 7:45:13]
SOAP:  19%|█▊        | 4708/25443 [35:51:56 > 7:45:20]
SOAP:  19%|█▊        | 4709/25443 [33:12:48 > 7:45:25]
SOAP:  19%|█▊        | 4710/25443 [32:36:56 > 7:45:31]
SOAP:  19%|█▊        | 4711/25443 [33:29:11 > 7:45:37]
SOAP:  19%|█▊        | 4712/25443 [40:19:06 > 7:45:47]
SOAP:  19%|█▊        | 4713/25443 [32:28:52 > 7:45:49]
SOAP:  19%|█▊        | 4714/25443 [43:01:38 > 7:46:01]
SOAP:  19%|█▊        | 4715/25443 [34:11:10 > 7:46:03]
SOAP:  19%|█▊        | 4716/25443 [36:50:47 > 7:46:11]
SOAP:  19%|█▊        | 4717/25443 [39:44:02 > 7:46:19]
SOAP:  19%|█▊        | 4718/25443 [43:40:18 > 7:46:28]
SOAP:  19%|█▊        | 4719/25443 [33:47:32 > 7:46:30]
SOAP:  19%|█▊        | 4720/25443 [39:27:48 > 7:46:39]
SOAP:  19%|█▊        | 4721/25443 [39:51:51 > 7:46:46]
SOAP:  19%|█▊        | 4722/25443 [30:23:25 > 7:46:47]
SOAP:  19%|█▊        | 4723/25443 [29:51:36 > 7:46:52]
SOAP:  19%|█▊        | 4724/25443 [38:56:45 > 7:47:03]
SOAP:  19%|█▊        | 4725/25443 [30:42:11 > 7:47:05]
SOAP:  19%|█▊        | 4726/25443 [32:52:24 > 7:47:11]
SOAP:  19%|█▊        | 4727/25443 [35:56:24 > 7:47:19]
SOAP:  19%|█▊        | 4728/25443 [38:16:21 > 7:47:26]
SOAP:  19%|█▊        | 4729/25443 [38:04:04 > 7:47:33]
SOAP:  19%|█▊        | 4730/25443 [39:19:04 > 7:47:40]
SOAP:  19%|█▊        | 4731/25443 [43:55:52 > 7:47:50]
SOAP:  19%|█▊        | 4732/25443 [36:31:03 > 7:47:53]
SOAP:  19%|█▊        | 4733/25443 [35:16:49 > 7:47:59]
SOAP:  19%|█▊        | 4734/25443 [36:06:00 > 7:48:05]
SOAP:  19%|█▊        | 4735/25443 [32:45:10 > 7:48:10]
SOAP:  19%|█▊        | 4736/25443 [38:31:27 > 7:48:19]
SOAP:  19%|█▊        | 4737/25443 [38:19:34 > 7:48:25]
SOAP:  19%|█▊        | 4738/25443 [29:48:13 > 7:48:27]
SOAP:  19%|█▊        | 4739/25443 [32:44:45 > 7:48:34]
SOAP:  19%|█▊        | 4740/25443 [41:24:53 > 7:48:45]
SOAP:  19%|█▊        | 4741/25443 [35:58:29 > 7:48:49]
SOAP:  19%|█▊        | 4742/25443 [37:04:48 > 7:48:56]
SOAP:  19%|█▊        | 4743/25443 [45:30:09 > 7:49:07]
SOAP:  19%|█▊        | 4744/25443 [34:56:26 > 7:49:09]
SOAP:  19%|█▊        | 4745/25443 [42:46:40 > 7:49:19]
SOAP:  19%|█▊        | 4746/25443 [37:30:23 > 7:49:24]
SOAP:  19%|█▊        | 4747/25443 [29:02:27 > 7:49:25]
SOAP:  19%|█▊        | 4748/25443 [29:03:38 > 7:49:31]
SOAP:  19%|█▊        | 4749/25443 [31:16:57 > 7:49:37]
SOAP:  19%|█▊        | 4750/25443 [33:38:46 > 7:49:44]
SOAP:  19%|█▊        | 4751/25443 [34:49:25 > 7:49:50]
SOAP:  19%|█▊        | 4752/25443 [46:50:26 > 7:50:03]
SOAP:  19%|█▊        | 4753/25443 [36:28:08 > 7:50:05]
SOAP:  19%|█▊        | 4754/25443 [37:28:06 > 7:50:12]
SOAP:  19%|█▊        | 4755/25443 [45:52:12 > 7:50:24]
SOAP:  19%|█▊        | 4756/25443 [35:05:24 > 7:50:25]
SOAP:  19%|█▊        | 4757/25443 [41:29:49 > 7:50:35]
SOAP:  19%|█▊        | 4758/25443 [31:55:00 > 7:50:37]
SOAP:  19%|█▊        | 4759/25443 [31:52:38 > 7:50:42]
SOAP:  19%|█▊        | 4760/25443 [36:15:30 > 7:50:51]
SOAP:  19%|█▊        | 4761/25443 [35:26:38 > 7:50:56]
SOAP:  19%|█▊        | 4762/25443 [39:59:04 > 7:51:05]
SOAP:  19%|█▊        | 4763/25443 [31:04:21 > 7:51:07]
SOAP:  19%|█▊        | 4764/25443 [33:39:03 > 7:51:14]
SOAP:  19%|█▊        | 4765/25443 [34:42:41 > 7:51:20]
SOAP:  19%|█▊        | 4766/25443 [45:30:45 > 7:51:33]
SOAP:  19%|█▊        | 4767/25443 [34:20:35 > 7:51:34]
SOAP:  19%|█▊        | 4768/25443 [43:12:32 > 7:51:45]
SOAP:  19%|█▊        | 4769/25443 [33:36:13 > 7:51:47]
SOAP:  19%|█▊        | 4770/25443 [34:25:39 > 7:51:54]
SOAP:  19%|█▉        | 4771/25443 [33:15:05 > 7:51:59]
SOAP:  19%|█▉        | 4772/25443 [34:24:36 > 7:52:05]
SOAP:  19%|█▉        | 4773/25443 [32:51:45 > 7:52:10]
SOAP:  19%|█▉        | 4774/25443 [33:22:49 > 7:52:16]
SOAP:  19%|█▉        | 4775/25443 [35:51:33 > 7:52:24]
SOAP:  19%|█▉        | 4776/25443 [35:30:25 > 7:52:30]
SOAP:  19%|█▉        | 4777/25443 [37:51:09 > 7:52:37]
SOAP:  19%|█▉        | 4778/25443 [45:11:51 > 7:52:48]
SOAP:  19%|█▉        | 4779/25443 [46:19:24 > 7:52:57]
SOAP:  19%|█▉        | 4780/25443 [41:25:06 > 7:53:02]
SOAP:  19%|█▉        | 4781/25443 [32:45:15 > 7:53:04]
SOAP:  19%|█▉        | 4782/25443 [42:02:15 > 7:53:15]
SOAP:  19%|█▉        | 4783/25443 [32:38:46 > 7:53:17]
SOAP:  19%|█▉        | 4784/25443 [34:33:58 > 7:53:24]
SOAP:  19%|█▉        | 4785/25443 [31:33:22 > 7:53:28]
SOAP:  19%|█▉        | 4786/25443 [32:19:51 > 7:53:34]
SOAP:  19%|█▉        | 4787/25443 [31:15:32 > 7:53:39]
SOAP:  19%|█▉        | 4788/25443 [40:38:50 > 7:53:50]
SOAP:  19%|█▉        | 4789/25443 [32:30:26 > 7:53:52]
SOAP:  19%|█▉        | 4790/25443 [44:22:41 > 7:54:05]
SOAP:  19%|█▉        | 4791/25443 [43:53:56 > 7:54:12]
SOAP:  19%|█▉        | 4792/25443 [33:31:39 > 7:54:14]
SOAP:  19%|█▉        | 4793/25443 [42:49:17 > 7:54:25]
SOAP:  19%|█▉        | 4794/25443 [32:57:39 > 7:54:27]
SOAP:  19%|█▉        | 4795/25443 [33:38:46 > 7:54:33]
SOAP:  19%|█▉        | 4796/25443 [39:23:10 > 7:54:42]
SOAP:  19%|█▉        | 4797/25443 [36:21:01 > 7:54:47]
SOAP:  19%|█▉        | 4798/25443 [28:10:29 > 7:54:49]
SOAP:  19%|█▉        | 4799/25443 [30:23:55 > 7:54:55]
SOAP:  19%|█▉        | 4800/25443 [33:10:14 > 7:55:02]
SOAP:  19%|█▉        | 4801/25443 [43:29:53 > 7:55:14]
SOAP:  19%|█▉        | 4802/25443 [36:05:21 > 7:55:17]
SOAP:  19%|█▉        | 4803/25443 [36:47:39 > 7:55:24]
SOAP:  19%|█▉        | 4804/25443 [37:39:51 > 7:55:31]
SOAP:  19%|█▉        | 4805/25443 [37:42:36 > 7:55:37]
SOAP:  19%|█▉        | 4806/25443 [37:18:06 > 7:55:44]
SOAP:  19%|█▉        | 4807/25443 [38:16:25 > 7:55:51]
SOAP:  19%|█▉        | 4808/25443 [34:42:07 > 7:55:55]
SOAP:  19%|█▉        | 4809/25443 [34:50:53 > 7:56:02]
SOAP:  19%|█▉        | 4810/25443 [33:37:44 > 7:56:07]
SOAP:  19%|█▉        | 4811/25443 [35:16:59 > 7:56:14]
SOAP:  19%|█▉        | 4812/25443 [33:38:19 > 7:56:19]
SOAP:  19%|█▉        | 4813/25443 [34:38:23 > 7:56:25]
SOAP:  19%|█▉        | 4814/25443 [36:06:41 > 7:56:32]
SOAP:  19%|█▉        | 4815/25443 [36:18:32 > 7:56:39]
SOAP:  19%|█▉        | 4816/25443 [45:12:55 > 7:56:50]
SOAP:  19%|█▉        | 4817/25443 [35:25:36 > 7:56:52]
SOAP:  19%|█▉        | 4818/25443 [44:27:18 > 7:57:04]
SOAP:  19%|█▉        | 4819/25443 [34:24:07 > 7:57:06]
SOAP:  19%|█▉        | 4820/25443 [35:10:19 > 7:57:12]
SOAP:  19%|█▉        | 4821/25443 [33:35:20 > 7:57:17]
SOAP:  19%|█▉        | 4822/25443 [34:33:49 > 7:57:24]
SOAP:  19%|█▉        | 4823/25443 [32:42:16 > 7:57:29]
SOAP:  19%|█▉        | 4824/25443 [40:11:35 > 7:57:39]
SOAP:  19%|█▉        | 4825/25443 [31:28:04 > 7:57:41]
SOAP:  19%|█▉        | 4826/25443 [37:43:40 > 7:57:50]
SOAP:  19%|█▉        | 4827/25443 [35:33:04 > 7:57:55]
SOAP:  19%|█▉        | 4828/25443 [36:46:01 > 7:58:02]
SOAP:  19%|█▉        | 4829/25443 [37:47:17 > 7:58:09]
SOAP:  19%|█▉        | 4830/25443 [43:02:47 > 7:58:19]
SOAP:  19%|█▉        | 4831/25443 [46:20:50 > 7:58:28]
SOAP:  19%|█▉        | 4832/25443 [35:24:23 > 7:58:30]
SOAP:  19%|█▉        | 4833/25443 [34:30:40 > 7:58:36]
SOAP:  19%|█▉        | 4834/25443 [40:08:28 > 7:58:45]
SOAP:  19%|█▉        | 4835/25443 [31:01:58 > 7:58:47]
SOAP:  19%|█▉        | 4836/25443 [32:50:23 > 7:58:53]
SOAP:  19%|█▉        | 4837/25443 [31:24:34 > 7:58:58]
SOAP:  19%|█▉        | 4838/25443 [32:26:13 > 7:59:04]
SOAP:  19%|█▉        | 4839/25443 [43:17:08 > 7:59:16]
SOAP:  19%|█▉        | 4840/25443 [33:43:46 > 7:59:18]
SOAP:  19%|█▉        | 4841/25443 [45:24:05 > 7:59:31]
SOAP:  19%|█▉        | 4842/25443 [34:37:08 > 7:59:33]
SOAP:  19%|█▉        | 4843/25443 [43:42:53 > 7:59:44]
SOAP:  19%|█▉        | 4844/25443 [33:37:44 > 7:59:46]
SOAP:  19%|█▉        | 4845/25443 [34:26:42 > 7:59:52]
SOAP:  19%|█▉        | 4846/25443 [39:16:14 > 8:00:01]
SOAP:  19%|█▉        | 4847/25443 [37:13:14 > 8:00:07]
SOAP:  19%|█▉        | 4848/25443 [28:50:11 > 8:00:08]
SOAP:  19%|█▉        | 4849/25443 [30:29:01 > 8:00:14]
SOAP:  19%|█▉        | 4850/25443 [40:44:56 > 8:00:25]
SOAP:  19%|█▉        | 4851/25443 [31:46:45 > 8:00:27]
SOAP:  19%|█▉        | 4852/25443 [36:50:58 > 8:00:36]
SOAP:  19%|█▉        | 4853/25443 [37:21:54 > 8:00:43]
SOAP:  19%|█▉        | 4854/25443 [43:17:01 > 8:00:53]
SOAP:  19%|█▉        | 4855/25443 [37:00:27 > 8:00:57]
SOAP:  19%|█▉        | 4856/25443 [43:07:37 > 8:01:07]
SOAP:  19%|█▉        | 4857/25443 [33:53:44 > 8:01:09]
SOAP:  19%|█▉        | 4858/25443 [40:40:41 > 8:01:19]
SOAP:  19%|█▉        | 4859/25443 [31:31:25 > 8:01:20]
SOAP:  19%|█▉        | 4860/25443 [31:38:12 > 8:01:26]
SOAP:  19%|█▉        | 4861/25443 [32:31:47 > 8:01:32]
SOAP:  19%|█▉        | 4862/25443 [40:23:42 > 8:01:42]
SOAP:  19%|█▉        | 4863/25443 [31:31:42 > 8:01:44]
SOAP:  19%|█▉        | 4864/25443 [41:35:40 > 8:01:56]
SOAP:  19%|█▉        | 4865/25443 [43:05:26 > 8:02:04]
SOAP:  19%|█▉        | 4866/25443 [33:31:08 > 8:02:06]
SOAP:  19%|█▉        | 4867/25443 [33:26:31 > 8:02:12]
SOAP:  19%|█▉        | 4868/25443 [35:09:04 > 8:02:18]
SOAP:  19%|█▉        | 4869/25443 [42:41:53 > 8:02:29]
SOAP:  19%|█▉        | 4870/25443 [32:59:08 > 8:02:31]
SOAP:  19%|█▉        | 4871/25443 [40:03:58 > 8:02:41]
SOAP:  19%|█▉        | 4872/25443 [31:14:23 > 8:02:42]
SOAP:  19%|█▉        | 4873/25443 [30:39:53 > 8:02:48]
SOAP:  19%|█▉        | 4874/25443 [32:02:10 > 8:02:54]
SOAP:  19%|█▉        | 4875/25443 [33:09:03 > 8:03:00]
SOAP:  19%|█▉        | 4876/25443 [38:45:54 > 8:03:09]
SOAP:  19%|█▉        | 4877/25443 [35:59:47 > 8:03:14]
SOAP:  19%|█▉        | 4878/25443 [45:53:45 > 8:03:26]
SOAP:  19%|█▉        | 4879/25443 [35:21:50 > 8:03:28]
SOAP:  19%|█▉        | 4880/25443 [37:07:26 > 8:03:35]
SOAP:  19%|█▉        | 4881/25443 [42:27:38 > 8:03:45]
SOAP:  19%|█▉        | 4882/25443 [36:14:46 > 8:03:49]
SOAP:  19%|█▉        | 4883/25443 [36:09:24 > 8:03:55]
SOAP:  19%|█▉        | 4884/25443 [37:54:15 > 8:04:03]
SOAP:  19%|█▉        | 4885/25443 [31:52:54 > 8:04:06]
SOAP:  19%|█▉        | 4886/25443 [33:16:04 > 8:04:12]
SOAP:  19%|█▉        | 4887/25443 [32:00:13 > 8:04:17]
SOAP:  19%|█▉        | 4888/25443 [33:13:20 > 8:04:23]
SOAP:  19%|█▉        | 4889/25443 [34:38:37 > 8:04:30]
SOAP:  19%|█▉        | 4890/25443 [36:16:52 > 8:04:37]
SOAP:  19%|█▉        | 4891/25443 [37:46:57 > 8:04:44]
SOAP:  19%|█▉        | 4892/25443 [39:07:34 > 8:04:52]
SOAP:  19%|█▉        | 4893/25443 [38:51:37 > 8:04:58]
SOAP:  19%|█▉        | 4894/25443 [45:06:41 > 8:05:09]
SOAP:  19%|█▉        | 4895/25443 [42:23:03 > 8:05:15]
SOAP:  19%|█▉        | 4896/25443 [38:12:37 > 8:05:20]
SOAP:  19%|█▉        | 4897/25443 [29:25:24 > 8:05:22]
SOAP:  19%|█▉        | 4898/25443 [29:46:13 > 8:05:27]
SOAP:  19%|█▉        | 4899/25443 [38:14:59 > 8:05:37]
SOAP:  19%|█▉        | 4900/25443 [31:33:10 > 8:05:40]
SOAP:  19%|█▉        | 4901/25443 [44:55:12 > 8:05:53]
SOAP:  19%|█▉        | 4902/25443 [34:55:47 > 8:05:56]
SOAP:  19%|█▉        | 4903/25443 [36:00:48 > 8:06:02]
SOAP:  19%|█▉        | 4904/25443 [37:10:35 > 8:06:09]
SOAP:  19%|█▉        | 4905/25443 [37:40:10 > 8:06:16]
SOAP:  19%|█▉        | 4906/25443 [37:17:51 > 8:06:22]
SOAP:  19%|█▉        | 4907/25443 [39:05:20 > 8:06:30]
SOAP:  19%|█▉        | 4908/25443 [34:06:11 > 8:06:34]
SOAP:  19%|█▉        | 4909/25443 [40:23:27 > 8:06:44]
SOAP:  19%|█▉        | 4910/25443 [31:22:49 > 8:06:45]
SOAP:  19%|█▉        | 4911/25443 [39:39:29 > 8:06:56]
SOAP:  19%|█▉        | 4912/25443 [30:43:12 > 8:06:58]
SOAP:  19%|█▉        | 4913/25443 [32:18:20 > 8:07:04]
SOAP:  19%|█▉        | 4914/25443 [34:44:31 > 8:07:11]
SOAP:  19%|█▉        | 4915/25443 [35:29:57 > 8:07:17]
SOAP:  19%|█▉        | 4916/25443 [39:03:59 > 8:07:26]
SOAP:  19%|█▉        | 4917/25443 [46:28:39 > 8:07:37]
SOAP:  19%|█▉        | 4918/25443 [43:12:09 > 8:07:43]
SOAP:  19%|█▉        | 4919/25443 [34:08:44 > 8:07:45]
SOAP:  19%|█▉        | 4920/25443 [40:41:05 > 8:07:55]
SOAP:  19%|█▉        | 4921/25443 [35:09:37 > 8:07:59]
SOAP:  19%|█▉        | 4922/25443 [31:59:31 > 8:08:04]
SOAP:  19%|█▉        | 4923/25443 [37:49:12 > 8:08:13]
SOAP:  19%|█▉        | 4924/25443 [37:23:20 > 8:08:19]
SOAP:  19%|█▉        | 4925/25443 [29:19:20 > 8:08:21]
SOAP:  19%|█▉        | 4926/25443 [39:12:00 > 8:08:32]
SOAP:  19%|█▉        | 4927/25443 [34:37:12 > 8:08:36]
SOAP:  19%|█▉        | 4928/25443 [37:07:52 > 8:08:43]
SOAP:  19%|█▉        | 4929/25443 [31:44:08 > 8:08:47]
SOAP:  19%|█▉        | 4930/25443 [39:10:17 > 8:08:57]
SOAP:  19%|█▉        | 4931/25443 [39:55:29 > 8:09:04]
SOAP:  19%|█▉        | 4932/25443 [36:06:17 > 8:09:09]
SOAP:  19%|█▉        | 4933/25443 [33:50:23 > 8:09:14]
SOAP:  19%|█▉        | 4934/25443 [31:40:08 > 8:09:18]
SOAP:  19%|█▉        | 4935/25443 [25:13:20 > 8:09:20]
SOAP:  19%|█▉        | 4936/25443 [27:14:26 > 8:09:26]
SOAP:  19%|█▉        | 4937/25443 [33:38:54 > 8:09:34]
SOAP:  19%|█▉        | 4938/25443 [26:20:28 > 8:09:36]
SOAP:  19%|█▉        | 4939/25443 [28:58:30 > 8:09:42]
SOAP:  19%|█▉        | 4940/25443 [40:25:59 > 8:09:54]
SOAP early stopping at step 4941/25443: total loss unchanged for 150 steps (best=1.064197e-02).

SOAP:  19%|█▉        | 4940/25443 [33:53:51 > 8:10:02]
Training saved: C:\Ali Computation\pinn\code\heterogeneous\pino_heterogeneous\results\exp_X6_soap_K100_N500_5zoneonly_w64_float64\pino_heterogeneous_concentration.png C:\Ali Computation\pinn\code\heterogeneous\pino_heterogeneous\results\exp_X6_soap_K100_N500_5zoneonly_w64_float64\pino_heterogeneous_loss.png C:\Ali Computation\pinn\code\heterogeneous\pino_heterogeneous\results\exp_X6_soap_K100_N500_5zoneonly_w64_float64\pino_heterogeneous_model.pt
COMSOL validation: 81 media -> C:\Ali Computation\pinn\code\heterogeneous\pino_heterogeneous\results\exp_X6_soap_K100_N500_5zoneonly_w64_float64\comsol_validation  (x* collocation n=86)

COMSOL vs PINO:   0%|          | 0/81 [00:00<?, ?it/s]
COMSOL vs PINO:   1%|          | 1/81 [00:01<01:23,  1.04s/it]
COMSOL vs PINO:   2%|▏         | 2/81 [00:02<01:23,  1.05s/it]
COMSOL vs PINO:   4%|▎         | 3/81 [00:03<01:21,  1.05s/it]
COMSOL vs PINO:   5%|▍         | 4/81 [00:04<01:20,  1.04s/it]
COMSOL vs PINO:   6%|▌         | 5/81 [00:05<01:26,  1.14s/it]
COMSOL vs PINO:   7%|▋         | 6/81 [00:06<01:22,  1.10s/it]
COMSOL vs PINO:   9%|▊         | 7/81 [00:07<01:19,  1.08s/it]
COMSOL vs PINO:  10%|▉         | 8/81 [00:08<01:18,  1.07s/it]
COMSOL vs PINO:  11%|█         | 9/81 [00:09<01:15,  1.05s/it]
COMSOL vs PINO:  12%|█▏        | 10/81 [00:10<01:14,  1.04s/it]
COMSOL vs PINO:  14%|█▎        | 11/81 [00:11<01:13,  1.06s/it]
COMSOL vs PINO:  15%|█▍        | 12/81 [00:12<01:12,  1.05s/it]
COMSOL vs PINO:  16%|█▌        | 13/81 [00:13<01:10,  1.04s/it]
COMSOL vs PINO:  17%|█▋        | 14/81 [00:14<01:10,  1.05s/it]
COMSOL vs PINO:  19%|█▊        | 15/81 [00:15<01:09,  1.05s/it]
COMSOL vs PINO:  20%|█▉        | 16/81 [00:16<01:07,  1.04s/it]
COMSOL vs PINO:  21%|██        | 17/81 [00:17<01:06,  1.03s/it]
COMSOL vs PINO:  22%|██▏       | 18/81 [00:18<01:04,  1.03s/it]
COMSOL vs PINO:  23%|██▎       | 19/81 [00:19<01:04,  1.03s/it]
COMSOL vs PINO:  25%|██▍       | 20/81 [00:21<01:09,  1.14s/it]
COMSOL vs PINO:  26%|██▌       | 21/81 [00:22<01:07,  1.13s/it]
COMSOL vs PINO:  27%|██▋       | 22/81 [00:23<01:05,  1.10s/it]
COMSOL vs PINO:  28%|██▊       | 23/81 [00:24<01:02,  1.08s/it]
COMSOL vs PINO:  30%|██▉       | 24/81 [00:25<01:00,  1.07s/it]
COMSOL vs PINO:  31%|███       | 25/81 [00:26<00:59,  1.06s/it]
COMSOL vs PINO:  32%|███▏      | 26/81 [00:27<00:57,  1.05s/it]
COMSOL vs PINO:  33%|███▎      | 27/81 [00:28<00:56,  1.05s/it]
COMSOL vs PINO:  35%|███▍      | 28/81 [00:29<00:55,  1.04s/it]
COMSOL vs PINO:  36%|███▌      | 29/81 [00:30<00:53,  1.03s/it]
COMSOL vs PINO:  37%|███▋      | 30/81 [00:31<00:52,  1.03s/it]
COMSOL vs PINO:  38%|███▊      | 31/81 [00:32<00:51,  1.03s/it]
COMSOL vs PINO:  40%|███▉      | 32/81 [00:33<00:50,  1.04s/it]
COMSOL vs PINO:  41%|████      | 33/81 [00:35<00:54,  1.13s/it]
COMSOL vs PINO:  42%|████▏     | 34/81 [00:36<00:51,  1.10s/it]
COMSOL vs PINO:  43%|████▎     | 35/81 [00:37<00:49,  1.08s/it]
COMSOL vs PINO:  44%|████▍     | 36/81 [00:38<00:47,  1.06s/it]
COMSOL vs PINO:  46%|████▌     | 37/81 [00:39<00:47,  1.07s/it]
COMSOL vs PINO:  47%|████▋     | 38/81 [00:40<00:45,  1.06s/it]
COMSOL vs PINO:  48%|████▊     | 39/81 [00:41<00:43,  1.05s/it]
COMSOL vs PINO:  49%|████▉     | 40/81 [00:42<00:42,  1.04s/it]
COMSOL vs PINO:  51%|█████     | 41/81 [00:43<00:41,  1.05s/it]
COMSOL vs PINO:  52%|█████▏    | 42/81 [00:44<00:40,  1.04s/it]
COMSOL vs PINO:  53%|█████▎    | 43/81 [00:45<00:39,  1.03s/it]
COMSOL vs PINO:  54%|█████▍    | 44/81 [00:46<00:37,  1.03s/it]
COMSOL vs PINO:  56%|█████▌    | 45/81 [00:47<00:37,  1.03s/it]
COMSOL vs PINO:  57%|█████▋    | 46/81 [00:48<00:36,  1.04s/it]
COMSOL vs PINO:  58%|█████▊    | 47/81 [00:49<00:35,  1.03s/it]
COMSOL vs PINO:  59%|█████▉    | 48/81 [00:51<00:37,  1.13s/it]
COMSOL vs PINO:  60%|██████    | 49/81 [00:52<00:35,  1.11s/it]
COMSOL vs PINO:  62%|██████▏   | 50/81 [00:53<00:33,  1.09s/it]
COMSOL vs PINO:  63%|██████▎   | 51/81 [00:54<00:32,  1.07s/it]
COMSOL vs PINO:  64%|██████▍   | 52/81 [00:55<00:31,  1.07s/it]
COMSOL vs PINO:  65%|██████▌   | 53/81 [00:56<00:29,  1.06s/it]
COMSOL vs PINO:  67%|██████▋   | 54/81 [00:57<00:28,  1.05s/it]
COMSOL vs PINO:  68%|██████▊   | 55/81 [00:58<00:27,  1.04s/it]
COMSOL vs PINO:  69%|██████▉   | 56/81 [00:59<00:26,  1.04s/it]
COMSOL vs PINO:  70%|███████   | 57/81 [01:00<00:25,  1.05s/it]
COMSOL vs PINO:  72%|███████▏  | 58/81 [01:01<00:24,  1.05s/it]
COMSOL vs PINO:  73%|███████▎  | 59/81 [01:02<00:22,  1.04s/it]
COMSOL vs PINO:  74%|███████▍  | 60/81 [01:03<00:21,  1.04s/it]
COMSOL vs PINO:  75%|███████▌  | 61/81 [01:04<00:20,  1.04s/it]
COMSOL vs PINO:  77%|███████▋  | 62/81 [01:05<00:19,  1.04s/it]
COMSOL vs PINO:  78%|███████▊  | 63/81 [01:07<00:20,  1.15s/it]
COMSOL vs PINO:  79%|███████▉  | 64/81 [01:08<00:19,  1.13s/it]
COMSOL vs PINO:  80%|████████  | 65/81 [01:09<00:17,  1.10s/it]
COMSOL vs PINO:  81%|████████▏ | 66/81 [01:10<00:16,  1.09s/it]
COMSOL vs PINO:  83%|████████▎ | 67/81 [01:11<00:15,  1.07s/it]
COMSOL vs PINO:  84%|████████▍ | 68/81 [01:12<00:13,  1.06s/it]
COMSOL vs PINO:  85%|████████▌ | 69/81 [01:13<00:12,  1.05s/it]
COMSOL vs PINO:  86%|████████▋ | 70/81 [01:14<00:11,  1.05s/it]
COMSOL vs PINO:  88%|████████▊ | 71/81 [01:15<00:10,  1.05s/it]
COMSOL vs PINO:  89%|████████▉ | 72/81 [01:16<00:09,  1.05s/it]
COMSOL vs PINO:  90%|█████████ | 73/81 [01:17<00:08,  1.05s/it]
COMSOL vs PINO:  91%|█████████▏| 74/81 [01:18<00:07,  1.05s/it]
COMSOL vs PINO:  93%|█████████▎| 75/81 [01:19<00:06,  1.05s/it]
COMSOL vs PINO:  94%|█████████▍| 76/81 [01:20<00:05,  1.15s/it]
COMSOL vs PINO:  95%|█████████▌| 77/81 [01:22<00:04,  1.12s/it]
COMSOL vs PINO:  96%|█████████▋| 78/81 [01:23<00:03,  1.10s/it]
COMSOL vs PINO:  98%|█████████▊| 79/81 [01:24<00:02,  1.08s/it]
COMSOL vs PINO:  99%|█████████▉| 80/81 [01:25<00:01,  1.07s/it]
COMSOL vs PINO: 100%|██████████| 81/81 [01:26<00:00,  1.06s/it]
COMSOL vs PINO: 100%|██████████| 81/81 [01:26<00:00,  1.06s/it]
COMSOL validation summary: n=81  mean=2.568449e-02  max=5.600822e-02  min=9.909498e-03
Wrote C:\Ali Computation\pinn\code\heterogeneous\pino_heterogeneous\results\exp_X6_soap_K100_N500_5zoneonly_w64_float64\comsol_validation\comsol_validation_summary.csv
Run metadata: C:\Ali Computation\pinn\code\heterogeneous\pino_heterogeneous\results\exp_X6_soap_K100_N500_5zoneonly_w64_float64\run_meta.json
Wall-clock train: 29403.4 s
Wall-clock validation: 86.2 s
Wall-clock total: 29502.7 s  device=cuda

# exit 0 after 8:11:48.164732
