# code/heterogeneous/pino_heterogeneous/pinn1d_heterogeneous_parametric_neural_operator.py --design grf --n-sensors 100 --n-grf 0 --n-piecewise-per-zones 500 --piecewise-zone-counts 5 --min-zone-frac 0.1 --arch default --dtype float64 --early-stop-patience 150 --seed 2234567 --optimizer soap --soap-lr 3e-3 --soap-betas 0.95,0.95 --soap-weight-decay 0.01 --soap-precond-freq 100 --soap-iso-compute-twin results/exp_X1_5zoneonly_K100_N500_default_float64_lbfgs1000_maxiter20 --out-dir results/exp_X3_soap_K100_N500_5zoneonly_default_float64_s2234567
# started 2026-07-05 08:42:29
# cwd C:\Ali Computation\pinn\code\heterogeneous\pino_heterogeneous

Using GPU: NVIDIA GeForce RTX 3090 (cuda:0, dtype=torch.float64)
PE (computed) = 0.010368
design=grf  media_mode=grf  branch_mode=sensor  optimizer=soap  n_train_requested=500  n_corner_anchors=16  arch=default  batch_mode=True
branch=[100, 16, 16, 32]  trunk=[2, 32, 32, 32, 32]
results_dir=C:\Ali Computation\pinn\code\heterogeneous\pino_heterogeneous\results\exp_X3_soap_K100_N500_5zoneonly_default_float64_s2234567
Training: 500 piecewise (500 for zones [5]), min_zone_frac=0.1 = 500 total; branch_mode=sensor, K=100 sensors, grid_n=201
  saved/loaded: C:\Ali Computation\pinn\code\heterogeneous\pino_heterogeneous\results\exp_X3_soap_K100_N500_5zoneonly_default_float64_s2234567\train_grf_cases.npz
  branch CFL range [0.120162, 0.599902]
PDE mesh: bulk 50x50x500 (no interface bands in GRF mode)
COMSOL validation: 81 fixed grid cases from comsol_4zones.txt -> C:\Ali Computation\pinn\code\heterogeneous\pino_heterogeneous\results\exp_X3_soap_K100_N500_5zoneonly_default_float64_s2234567\comsol_validation
run_training=True  run_comsol_validation=True  validate_only=False  skip_validation_plots=False
SOAP iso-compute: twin=results/exp_X1_5zoneonly_K100_N500_default_float64_lbfgs1000_maxiter20  probe_epochs=200  (epoch budget set after probe)
PDE collocation points: 1,250,000 (bulk 1,250,000, interface 0)
Collocation mesh plot (pre-train): C:\Ali Computation\pinn\code\heterogeneous\pino_heterogeneous\results\exp_X3_soap_K100_N500_5zoneonly_default_float64_s2234567\pino_heterogeneous_collocation_points.png
SOAP iso-compute: twin=results/exp_X1_5zoneonly_K100_N500_default_float64_lbfgs1000_maxiter20  target_train_wall=13379.4s  probe_epochs=200
SOAP(lr=0.003, betas=(0.95, 0.95), weight_decay=0.01, precond_freq=100)  epoch_budget=200
SOAP early stopping: patience=150 steps (no total-loss improvement, rtol=1e-12)

SOAP:   0%|          | 0/200 [? > 00:00]
SOAP:   0%|          | 1/200 [04:02 > 00:01]
SOAP:   1%|          | 2/200 [02:43 > 00:01]
SOAP:   2%|▏         | 3/200 [01:46 > 00:01]
SOAP:   2%|▏         | 4/200 [01:46 > 00:02]
SOAP:   2%|▎         | 5/200 [01:46 > 00:03]
SOAP:   3%|▎         | 6/200 [01:45 > 00:03]
SOAP:   4%|▎         | 7/200 [01:42 > 00:04]
SOAP:   4%|▍         | 8/200 [01:42 > 00:04]
SOAP:   4%|▍         | 9/200 [01:40 > 00:05]
SOAP:   5%|▌         | 10/200 [01:40 > 00:05]
SOAP:   6%|▌         | 11/200 [01:38 > 00:06]
SOAP:   6%|▌         | 12/200 [01:38 > 00:06]
SOAP:   6%|▋         | 13/200 [01:37 > 00:07]
SOAP:   7%|▋         | 14/200 [01:36 > 00:07]
SOAP:   8%|▊         | 15/200 [01:36 > 00:08]
SOAP:   8%|▊         | 16/200 [01:35 > 00:08]
SOAP:   8%|▊         | 17/200 [01:34 > 00:09]
SOAP:   9%|▉         | 18/200 [01:34 > 00:09]
SOAP:  10%|▉         | 19/200 [01:33 > 00:10]
SOAP:  10%|█         | 20/200 [01:33 > 00:10]
SOAP:  10%|█         | 21/200 [01:32 > 00:11]
SOAP:  11%|█         | 22/200 [01:32 > 00:11]
SOAP:  12%|█▏        | 23/200 [01:30 > 00:12]
SOAP:  12%|█▏        | 24/200 [01:31 > 00:12]
SOAP:  12%|█▎        | 25/200 [01:30 > 00:13]
SOAP:  13%|█▎        | 26/200 [01:30 > 00:13]
SOAP:  14%|█▎        | 27/200 [01:29 > 00:14]
SOAP:  14%|█▍        | 28/200 [01:29 > 00:15]
SOAP:  14%|█▍        | 29/200 [01:28 > 00:15]
SOAP:  15%|█▌        | 30/200 [01:27 > 00:16]
SOAP:  16%|█▌        | 31/200 [01:27 > 00:16]
SOAP:  16%|█▌        | 32/200 [01:26 > 00:17]
SOAP:  16%|█▋        | 33/200 [01:26 > 00:17]
SOAP:  17%|█▋        | 34/200 [01:25 > 00:18]
SOAP:  18%|█▊        | 35/200 [01:25 > 00:18]
SOAP:  18%|█▊        | 36/200 [01:25 > 00:19]
SOAP:  18%|█▊        | 37/200 [01:24 > 00:19]
SOAP:  19%|█▉        | 38/200 [01:24 > 00:20]
SOAP:  20%|█▉        | 39/200 [01:23 > 00:20]
SOAP:  20%|██        | 40/200 [01:23 > 00:21]
SOAP:  20%|██        | 41/200 [01:22 > 00:21]
SOAP:  21%|██        | 42/200 [01:22 > 00:22]
SOAP:  22%|██▏       | 43/200 [01:21 > 00:22]
SOAP:  22%|██▏       | 44/200 [01:21 > 00:23]
SOAP:  22%|██▎       | 45/200 [01:20 > 00:23]
SOAP:  23%|██▎       | 46/200 [01:19 > 00:24]
SOAP:  24%|██▎       | 47/200 [01:19 > 00:24]
SOAP:  24%|██▍       | 48/200 [01:19 > 00:25]
SOAP:  24%|██▍       | 49/200 [01:18 > 00:25]
SOAP:  25%|██▌       | 50/200 [01:18 > 00:26]
SOAP:  26%|██▌       | 51/200 [01:17 > 00:26]
SOAP:  26%|██▌       | 52/200 [01:16 > 00:27]
SOAP:  26%|██▋       | 53/200 [01:16 > 00:28]
SOAP:  27%|██▋       | 54/200 [01:15 > 00:28]
SOAP:  28%|██▊       | 55/200 [01:15 > 00:29]
SOAP:  28%|██▊       | 56/200 [01:14 > 00:29]
SOAP:  28%|██▊       | 57/200 [01:14 > 00:30]
SOAP:  29%|██▉       | 58/200 [01:13 > 00:30]
SOAP:  30%|██▉       | 59/200 [01:12 > 00:31]
SOAP:  30%|███       | 60/200 [01:13 > 00:31]
SOAP:  30%|███       | 61/200 [01:12 > 00:32]
SOAP:  31%|███       | 62/200 [01:11 > 00:32]
SOAP:  32%|███▏      | 63/200 [01:11 > 00:33]
SOAP:  32%|███▏      | 64/200 [01:10 > 00:33]
SOAP:  32%|███▎      | 65/200 [01:10 > 00:34]
SOAP:  33%|███▎      | 66/200 [01:09 > 00:34]
SOAP:  34%|███▎      | 67/200 [01:09 > 00:35]
SOAP:  34%|███▍      | 68/200 [01:08 > 00:35]
SOAP:  34%|███▍      | 69/200 [01:08 > 00:36]
SOAP:  35%|███▌      | 70/200 [01:07 > 00:36]
SOAP:  36%|███▌      | 71/200 [01:07 > 00:37]
SOAP:  36%|███▌      | 72/200 [01:06 > 00:37]
SOAP:  36%|███▋      | 73/200 [01:05 > 00:38]
SOAP:  37%|███▋      | 74/200 [01:06 > 00:38]
SOAP:  38%|███▊      | 75/200 [01:05 > 00:39]
SOAP:  38%|███▊      | 76/200 [01:04 > 00:39]
SOAP:  38%|███▊      | 77/200 [01:04 > 00:40]
SOAP:  39%|███▉      | 78/200 [01:03 > 00:41]
SOAP:  40%|███▉      | 79/200 [01:03 > 00:41]
SOAP:  40%|████      | 80/200 [01:02 > 00:42]
SOAP:  40%|████      | 81/200 [01:02 > 00:42]
SOAP:  41%|████      | 82/200 [01:01 > 00:43]
SOAP:  42%|████▏     | 83/200 [01:01 > 00:43]
SOAP:  42%|████▏     | 84/200 [01:00 > 00:44]
SOAP:  42%|████▎     | 85/200 [01:00 > 00:44]
SOAP:  43%|████▎     | 86/200 [00:59 > 00:45]
SOAP:  44%|████▎     | 87/200 [00:59 > 00:45]
SOAP:  44%|████▍     | 88/200 [00:58 > 00:46]
SOAP:  44%|████▍     | 89/200 [00:58 > 00:46]
SOAP:  45%|████▌     | 90/200 [00:57 > 00:47]
SOAP:  46%|████▌     | 91/200 [00:57 > 00:47]
SOAP:  46%|████▌     | 92/200 [00:56 > 00:48]
SOAP:  46%|████▋     | 93/200 [00:56 > 00:48]
SOAP:  47%|████▋     | 94/200 [00:55 > 00:49]
SOAP:  48%|████▊     | 95/200 [00:55 > 00:49]
SOAP:  48%|████▊     | 96/200 [00:54 > 00:50]
SOAP:  48%|████▊     | 97/200 [00:53 > 00:50]
SOAP:  49%|████▉     | 98/200 [00:53 > 00:51]
SOAP:  50%|████▉     | 99/200 [00:53 > 00:52]
SOAP:  50%|█████     | 100/200 [00:52 > 00:52]
SOAP:  50%|█████     | 101/200 [01:03 > 00:53]
SOAP:  51%|█████     | 102/200 [00:49 > 00:53]
SOAP:  52%|█████▏    | 103/200 [00:49 > 00:54]
SOAP:  52%|█████▏    | 104/200 [00:49 > 00:54]
SOAP:  52%|█████▎    | 105/200 [00:49 > 00:55]
SOAP:  53%|█████▎    | 106/200 [00:48 > 00:55]
SOAP:  54%|█████▎    | 107/200 [00:48 > 00:56]
SOAP:  54%|█████▍    | 108/200 [00:47 > 00:56]
SOAP:  55%|█████▍    | 109/200 [00:47 > 00:57]
SOAP:  55%|█████▌    | 110/200 [00:46 > 00:57]
SOAP:  56%|█████▌    | 111/200 [00:46 > 00:58]
SOAP:  56%|█████▌    | 112/200 [00:46 > 00:58]
SOAP:  56%|█████▋    | 113/200 [00:45 > 00:59]
SOAP:  57%|█████▋    | 114/200 [00:45 > 00:59]
SOAP:  57%|█████▊    | 115/200 [00:44 > 01:00]
SOAP:  58%|█████▊    | 116/200 [00:43 > 01:00]
SOAP:  58%|█████▊    | 117/200 [00:43 > 01:01]
SOAP:  59%|█████▉    | 118/200 [00:43 > 01:02]
SOAP:  60%|█████▉    | 119/200 [00:42 > 01:02]
SOAP:  60%|██████    | 120/200 [00:42 > 01:03]
SOAP:  60%|██████    | 121/200 [00:41 > 01:03]
SOAP:  61%|██████    | 122/200 [00:40 > 01:04]
SOAP:  62%|██████▏   | 123/200 [00:40 > 01:04]
SOAP:  62%|██████▏   | 124/200 [00:39 > 01:05]
SOAP:  62%|██████▎   | 125/200 [00:39 > 01:05]
SOAP:  63%|██████▎   | 126/200 [00:38 > 01:06]
SOAP:  64%|██████▎   | 127/200 [00:38 > 01:06]
SOAP:  64%|██████▍   | 128/200 [00:37 > 01:07]
SOAP:  64%|██████▍   | 129/200 [00:37 > 01:07]
SOAP:  65%|██████▌   | 130/200 [00:36 > 01:08]
SOAP:  66%|██████▌   | 131/200 [00:36 > 01:08]
SOAP:  66%|██████▌   | 132/200 [00:35 > 01:09]
SOAP:  66%|██████▋   | 133/200 [00:35 > 01:09]
SOAP:  67%|██████▋   | 134/200 [00:34 > 01:10]
SOAP:  68%|██████▊   | 135/200 [00:34 > 01:10]
SOAP:  68%|██████▊   | 136/200 [00:33 > 01:11]
SOAP:  68%|██████▊   | 137/200 [00:33 > 01:12]
SOAP:  69%|██████▉   | 138/200 [00:32 > 01:12]
SOAP:  70%|██████▉   | 139/200 [00:32 > 01:13]
SOAP:  70%|███████   | 140/200 [00:31 > 01:13]
SOAP:  70%|███████   | 141/200 [00:31 > 01:14]
SOAP:  71%|███████   | 142/200 [00:30 > 01:14]
SOAP:  72%|███████▏  | 143/200 [00:30 > 01:15]
SOAP:  72%|███████▏  | 144/200 [00:29 > 01:15]
SOAP:  72%|███████▎  | 145/200 [00:28 > 01:16]
SOAP:  73%|███████▎  | 146/200 [00:28 > 01:16]
SOAP:  74%|███████▎  | 147/200 [00:27 > 01:17]
SOAP:  74%|███████▍  | 148/200 [00:27 > 01:17]
SOAP:  74%|███████▍  | 149/200 [00:26 > 01:18]
SOAP:  75%|███████▌  | 150/200 [00:26 > 01:18]
SOAP:  76%|███████▌  | 151/200 [00:25 > 01:19]
SOAP:  76%|███████▌  | 152/200 [00:25 > 01:19]
SOAP:  76%|███████▋  | 153/200 [00:24 > 01:20]
SOAP:  77%|███████▋  | 154/200 [00:24 > 01:20]
SOAP:  78%|███████▊  | 155/200 [00:23 > 01:21]
SOAP:  78%|███████▊  | 156/200 [00:23 > 01:22]
SOAP:  78%|███████▊  | 157/200 [00:22 > 01:22]
SOAP:  79%|███████▉  | 158/200 [00:22 > 01:23]
SOAP:  80%|███████▉  | 159/200 [00:21 > 01:23]
SOAP:  80%|████████  | 160/200 [00:21 > 01:24]
SOAP:  80%|████████  | 161/200 [00:20 > 01:24]
SOAP:  81%|████████  | 162/200 [00:20 > 01:25]
SOAP:  82%|████████▏ | 163/200 [00:19 > 01:25]
SOAP:  82%|████████▏ | 164/200 [00:18 > 01:26]
SOAP:  82%|████████▎ | 165/200 [00:18 > 01:26]
SOAP:  83%|████████▎ | 166/200 [00:17 > 01:27]
SOAP:  84%|████████▎ | 167/200 [00:17 > 01:27]
SOAP:  84%|████████▍ | 168/200 [00:16 > 01:28]
SOAP:  84%|████████▍ | 169/200 [00:16 > 01:28]
SOAP:  85%|████████▌ | 170/200 [00:15 > 01:29]
SOAP:  86%|████████▌ | 171/200 [00:15 > 01:29]
SOAP:  86%|████████▌ | 172/200 [00:14 > 01:30]
SOAP:  86%|████████▋ | 173/200 [00:14 > 01:31]
SOAP:  87%|████████▋ | 174/200 [00:13 > 01:31]
SOAP:  88%|████████▊ | 175/200 [00:13 > 01:32]
SOAP:  88%|████████▊ | 176/200 [00:12 > 01:32]
SOAP:  88%|████████▊ | 177/200 [00:12 > 01:33]
SOAP:  89%|████████▉ | 178/200 [00:11 > 01:33]
SOAP:  90%|████████▉ | 179/200 [00:11 > 01:34]
SOAP:  90%|█████████ | 180/200 [00:10 > 01:34]
SOAP:  90%|█████████ | 181/200 [00:10 > 01:35]
SOAP:  91%|█████████ | 182/200 [00:09 > 01:35]
SOAP:  92%|█████████▏| 183/200 [00:08 > 01:36]
SOAP:  92%|█████████▏| 184/200 [00:08 > 01:36]
SOAP:  92%|█████████▎| 185/200 [00:07 > 01:37]
SOAP:  93%|█████████▎| 186/200 [00:07 > 01:37]
SOAP:  94%|█████████▎| 187/200 [00:06 > 01:38]
SOAP:  94%|█████████▍| 188/200 [00:06 > 01:38]
SOAP:  94%|█████████▍| 189/200 [00:05 > 01:39]
SOAP:  95%|█████████▌| 190/200 [00:05 > 01:40]
SOAP:  96%|█████████▌| 191/200 [00:04 > 01:40]
SOAP:  96%|█████████▌| 192/200 [00:04 > 01:41]
SOAP:  96%|█████████▋| 193/200 [00:03 > 01:41]
SOAP:  97%|█████████▋| 194/200 [00:03 > 01:42]
SOAP:  98%|█████████▊| 195/200 [00:02 > 01:42]
SOAP:  98%|█████████▊| 196/200 [00:02 > 01:43]
SOAP:  98%|█████████▊| 197/200 [00:01 > 01:43]
SOAP:  99%|█████████▉| 198/200 [00:01 > 01:44]
SOAP: 100%|█████████▉| 199/200 [00:00 > 01:44]
SOAP:   1%|          | 199/25418 [3:41:42 > 01:45]
SOAP iso-compute calibration: 200 probe epochs in 105.3s (0.526s/epoch) -> budget 25418 epochs (~13379s twin train wall)

SOAP:   1%|          | 200/25418 [3:41:55 > 01:45]
SOAP:   1%|          | 201/25418 [3:44:31 > 01:45]
SOAP:   1%|          | 202/25418 [3:42:38 > 01:46]
SOAP:   1%|          | 203/25418 [3:42:14 > 01:46]
SOAP:   1%|          | 204/25418 [3:42:26 > 01:47]
SOAP:   1%|          | 205/25418 [3:41:54 > 01:47]
SOAP:   1%|          | 206/25418 [3:41:42 > 01:48]
SOAP:   1%|          | 207/25418 [3:42:03 > 01:48]
SOAP:   1%|          | 208/25418 [3:41:24 > 01:49]
SOAP:   1%|          | 209/25418 [3:42:06 > 01:50]
SOAP:   1%|          | 210/25418 [3:43:03 > 01:50]
SOAP:   1%|          | 211/25418 [3:42:46 > 01:51]
SOAP:   1%|          | 212/25418 [3:43:39 > 01:51]
SOAP:   1%|          | 213/25418 [3:43:57 > 01:52]
SOAP:   1%|          | 214/25418 [3:43:12 > 01:52]
SOAP:   1%|          | 215/25418 [3:44:17 > 01:53]
SOAP:   1%|          | 216/25418 [3:43:50 > 01:53]
SOAP:   1%|          | 217/25418 [3:42:36 > 01:54]
SOAP:   1%|          | 218/25418 [3:43:39 > 01:54]
SOAP:   1%|          | 219/25418 [3:43:23 > 01:55]
SOAP:   1%|          | 220/25418 [3:42:46 > 01:55]
SOAP:   1%|          | 221/25418 [3:43:32 > 01:56]
SOAP:   1%|          | 222/25418 [3:43:07 > 01:56]
SOAP:   1%|          | 223/25418 [3:43:27 > 01:57]
SOAP:   1%|          | 224/25418 [3:43:43 > 01:58]
SOAP:   1%|          | 225/25418 [3:43:42 > 01:58]
SOAP:   1%|          | 226/25418 [3:43:58 > 01:59]
SOAP:   1%|          | 227/25418 [3:44:01 > 01:59]
SOAP:   1%|          | 228/25418 [3:43:28 > 02:00]
SOAP:   1%|          | 229/25418 [3:44:16 > 02:00]
SOAP:   1%|          | 230/25418 [3:43:44 > 02:01]
SOAP:   1%|          | 231/25418 [3:43:55 > 02:01]
SOAP:   1%|          | 232/25418 [3:44:15 > 02:02]
SOAP:   1%|          | 233/25418 [3:43:42 > 02:02]
SOAP:   1%|          | 234/25418 [3:44:07 > 02:03]
SOAP:   1%|          | 235/25418 [3:44:18 > 02:03]
SOAP:   1%|          | 236/25418 [3:43:30 > 02:04]
SOAP:   1%|          | 237/25418 [3:44:22 > 02:04]
SOAP:   1%|          | 238/25418 [3:43:48 > 02:05]
SOAP:   1%|          | 239/25418 [3:42:46 > 02:06]
SOAP:   1%|          | 240/25418 [3:43:43 > 02:06]
SOAP:   1%|          | 241/25418 [3:43:32 > 02:07]
SOAP:   1%|          | 242/25418 [3:43:11 > 02:07]
SOAP:   1%|          | 243/25418 [3:43:56 > 02:08]
SOAP:   1%|          | 244/25418 [3:43:47 > 02:08]
SOAP:   1%|          | 245/25418 [3:43:43 > 02:09]
SOAP:   1%|          | 246/25418 [3:43:58 > 02:09]
SOAP:   1%|          | 247/25418 [3:43:45 > 02:10]
SOAP:   1%|          | 248/25418 [3:43:26 > 02:10]
SOAP:   1%|          | 249/25418 [3:43:42 > 02:11]
SOAP:   1%|          | 250/25418 [3:43:16 > 02:11]
SOAP:   1%|          | 251/25418 [3:44:03 > 02:12]
SOAP:   1%|          | 252/25418 [3:43:53 > 02:12]
SOAP:   1%|          | 253/25418 [3:44:13 > 02:13]
SOAP:   1%|          | 254/25418 [3:45:07 > 02:14]
SOAP:   1%|          | 255/25418 [3:44:19 > 02:14]
SOAP:   1%|          | 256/25418 [3:44:10 > 02:15]
SOAP:   1%|          | 257/25418 [3:45:44 > 02:15]
SOAP:   1%|          | 258/25418 [3:43:47 > 02:16]
SOAP:   1%|          | 259/25418 [3:43:31 > 02:16]
SOAP:   1%|          | 260/25418 [3:44:04 > 02:17]
SOAP:   1%|          | 261/25418 [3:43:12 > 02:17]
SOAP:   1%|          | 262/25418 [3:43:54 > 02:18]
SOAP:   1%|          | 263/25418 [3:42:29 > 02:18]
SOAP:   1%|          | 264/25418 [3:43:11 > 02:19]
SOAP:   1%|          | 265/25418 [3:44:20 > 02:19]
SOAP:   1%|          | 266/25418 [3:43:37 > 02:20]
SOAP:   1%|          | 267/25418 [3:43:16 > 02:20]
SOAP:   1%|          | 268/25418 [3:41:51 > 02:21]
SOAP:   1%|          | 269/25418 [3:43:17 > 02:22]
SOAP:   1%|          | 270/25418 [3:43:05 > 02:22]
SOAP:   1%|          | 271/25418 [3:43:52 > 02:23]
SOAP:   1%|          | 272/25418 [3:43:50 > 02:23]
SOAP:   1%|          | 273/25418 [3:43:45 > 02:24]
SOAP:   1%|          | 274/25418 [3:43:29 > 02:24]
SOAP:   1%|          | 275/25418 [3:43:34 > 02:25]
SOAP:   1%|          | 276/25418 [3:44:11 > 02:25]
SOAP:   1%|          | 277/25418 [3:43:33 > 02:26]
SOAP:   1%|          | 278/25418 [3:43:25 > 02:26]
SOAP:   1%|          | 279/25418 [3:44:11 > 02:27]
SOAP:   1%|          | 280/25418 [3:43:23 > 02:27]
SOAP:   1%|          | 281/25418 [3:42:54 > 02:28]
SOAP:   1%|          | 282/25418 [3:43:46 > 02:28]
SOAP:   1%|          | 283/25418 [3:43:09 > 02:29]
SOAP:   1%|          | 284/25418 [3:43:33 > 02:30]
SOAP:   1%|          | 285/25418 [3:43:55 > 02:30]
SOAP:   1%|          | 286/25418 [3:43:03 > 02:31]
SOAP:   1%|          | 287/25418 [3:43:44 > 02:31]
SOAP:   1%|          | 288/25418 [3:43:52 > 02:32]
SOAP:   1%|          | 289/25418 [3:43:03 > 02:32]
SOAP:   1%|          | 290/25418 [3:43:52 > 02:33]
SOAP:   1%|          | 291/25418 [3:43:50 > 02:33]
SOAP:   1%|          | 292/25418 [3:42:55 > 02:34]
SOAP:   1%|          | 293/25418 [3:43:44 > 02:34]
SOAP:   1%|          | 294/25418 [3:43:32 > 02:35]
SOAP:   1%|          | 295/25418 [3:43:19 > 02:35]
SOAP:   1%|          | 296/25418 [3:43:40 > 02:36]
SOAP:   1%|          | 297/25418 [3:43:29 > 02:36]
SOAP:   1%|          | 298/25418 [3:43:29 > 02:37]
SOAP:   1%|          | 299/25418 [3:43:27 > 02:38]
SOAP:   1%|          | 300/25418 [3:43:09 > 02:38]
SOAP:   1%|          | 301/25418 [3:44:23 > 02:39]
SOAP:   1%|          | 302/25418 [3:43:57 > 02:39]
SOAP:   1%|          | 303/25418 [3:43:43 > 02:40]
SOAP:   1%|          | 304/25418 [3:43:50 > 02:40]
SOAP:   1%|          | 305/25418 [3:43:31 > 02:41]
SOAP:   1%|          | 306/25418 [3:43:34 > 02:41]
SOAP:   1%|          | 307/25418 [3:44:00 > 02:42]
SOAP:   1%|          | 308/25418 [3:43:23 > 02:42]
SOAP:   1%|          | 309/25418 [3:43:37 > 02:43]
SOAP:   1%|          | 310/25418 [3:43:55 > 02:43]
SOAP:   1%|          | 311/25418 [3:43:25 > 02:44]
SOAP:   1%|          | 312/25418 [3:43:52 > 02:44]
SOAP:   1%|          | 313/25418 [3:43:53 > 02:45]
SOAP:   1%|          | 314/25418 [3:43:28 > 02:46]
SOAP:   1%|          | 315/25418 [3:44:05 > 02:46]
SOAP:   1%|          | 316/25418 [3:44:02 > 02:47]
SOAP:   1%|          | 317/25418 [3:43:22 > 02:47]
SOAP:   1%|▏         | 318/25418 [3:44:17 > 02:48]
SOAP:   1%|▏         | 319/25418 [3:44:11 > 02:48]
SOAP:   1%|▏         | 320/25418 [3:43:30 > 02:49]
SOAP:   1%|▏         | 321/25418 [3:45:13 > 02:49]
SOAP:   1%|▏         | 322/25418 [3:43:26 > 02:50]
SOAP:   1%|▏         | 323/25418 [3:42:54 > 02:50]
SOAP:   1%|▏         | 324/25418 [3:43:16 > 02:51]
SOAP:   1%|▏         | 325/25418 [3:43:03 > 02:51]
SOAP:   1%|▏         | 326/25418 [3:43:32 > 02:52]
SOAP:   1%|▏         | 327/25418 [3:43:51 > 02:53]
SOAP:   1%|▏         | 328/25418 [3:43:30 > 02:53]
SOAP:   1%|▏         | 329/25418 [3:43:54 > 02:54]
SOAP:   1%|▏         | 330/25418 [3:43:13 > 02:54]
SOAP:   1%|▏         | 331/25418 [3:43:16 > 02:55]
SOAP:   1%|▏         | 332/25418 [3:43:56 > 02:55]
SOAP:   1%|▏         | 333/25418 [3:43:27 > 02:56]
SOAP:   1%|▏         | 334/25418 [3:43:53 > 02:56]
SOAP:   1%|▏         | 335/25418 [3:44:04 > 02:57]
SOAP:   1%|▏         | 336/25418 [3:43:28 > 02:57]
SOAP:   1%|▏         | 337/25418 [3:43:44 > 02:58]
SOAP:   1%|▏         | 338/25418 [3:44:10 > 02:58]
SOAP:   1%|▏         | 339/25418 [3:43:23 > 02:59]
SOAP:   1%|▏         | 340/25418 [3:42:16 > 02:59]
SOAP:   1%|▏         | 341/25418 [3:43:33 > 03:00]
SOAP:   1%|▏         | 342/25418 [3:43:13 > 03:01]
SOAP:   1%|▏         | 343/25418 [3:43:54 > 03:01]
SOAP:   1%|▏         | 344/25418 [3:43:38 > 03:02]
SOAP:   1%|▏         | 345/25418 [3:43:12 > 03:02]
SOAP:   1%|▏         | 346/25418 [3:43:59 > 03:03]
SOAP:   1%|▏         | 347/25418 [3:43:35 > 03:03]
SOAP:   1%|▏         | 348/25418 [3:43:20 > 03:04]
SOAP:   1%|▏         | 349/25418 [3:43:48 > 03:04]
SOAP:   1%|▏         | 350/25418 [3:43:31 > 03:05]
SOAP:   1%|▏         | 351/25418 [3:43:48 > 03:05]
SOAP:   1%|▏         | 352/25418 [3:43:51 > 03:06]
SOAP:   1%|▏         | 353/25418 [3:43:33 > 03:06]
SOAP:   1%|▏         | 354/25418 [3:43:44 > 03:07]
SOAP:   1%|▏         | 355/25418 [3:43:40 > 03:08]
SOAP:   1%|▏         | 356/25418 [3:43:26 > 03:08]
SOAP:   1%|▏         | 357/25418 [3:44:09 > 03:09]
SOAP:   1%|▏         | 358/25418 [3:43:50 > 03:09]
SOAP:   1%|▏         | 359/25418 [3:41:47 > 03:10]
SOAP:   1%|▏         | 360/25418 [3:44:00 > 03:10]
SOAP:   1%|▏         | 361/25418 [3:43:27 > 03:11]
SOAP:   1%|▏         | 362/25418 [3:43:46 > 03:11]
SOAP:   1%|▏         | 363/25418 [3:44:17 > 03:12]
SOAP:   1%|▏         | 364/25418 [3:43:28 > 03:12]
SOAP:   1%|▏         | 365/25418 [3:44:09 > 03:13]
SOAP:   1%|▏         | 366/25418 [3:44:05 > 03:13]
SOAP:   1%|▏         | 367/25418 [3:43:06 > 03:14]
SOAP:   1%|▏         | 368/25418 [3:43:59 > 03:14]
SOAP:   1%|▏         | 369/25418 [3:43:54 > 03:15]
SOAP:   1%|▏         | 370/25418 [3:42:55 > 03:16]
SOAP:   1%|▏         | 371/25418 [3:43:57 > 03:16]
SOAP:   1%|▏         | 372/25418 [3:43:34 > 03:17]
SOAP:   1%|▏         | 373/25418 [3:43:03 > 03:17]
SOAP:   1%|▏         | 374/25418 [3:43:53 > 03:18]
SOAP:   1%|▏         | 375/25418 [3:43:37 > 03:18]
SOAP:   1%|▏         | 376/25418 [3:43:27 > 03:19]
SOAP:   1%|▏         | 377/25418 [3:43:40 > 03:19]
SOAP:   1%|▏         | 378/25418 [3:42:28 > 03:20]
SOAP:   1%|▏         | 379/25418 [3:43:33 > 03:20]
SOAP:   1%|▏         | 380/25418 [3:43:33 > 03:21]
SOAP:   1%|▏         | 381/25418 [3:43:20 > 03:21]
SOAP:   2%|▏         | 382/25418 [3:43:41 > 03:22]
SOAP:   2%|▏         | 383/25418 [3:43:28 > 03:22]
SOAP:   2%|▏         | 384/25418 [3:41:20 > 03:23]
SOAP:   2%|▏         | 385/25418 [3:43:17 > 03:24]
SOAP:   2%|▏         | 386/25418 [3:42:40 > 03:24]
SOAP:   2%|▏         | 387/25418 [3:42:53 > 03:25]
SOAP:   2%|▏         | 388/25418 [3:43:27 > 03:25]
SOAP:   2%|▏         | 389/25418 [3:42:24 > 03:26]
SOAP:   2%|▏         | 390/25418 [3:42:38 > 03:26]
SOAP:   2%|▏         | 391/25418 [3:43:08 > 03:27]
SOAP:   2%|▏         | 392/25418 [3:42:25 > 03:27]
SOAP:   2%|▏         | 393/25418 [3:43:14 > 03:28]
SOAP:   2%|▏         | 394/25418 [3:43:27 > 03:28]
SOAP:   2%|▏         | 395/25418 [3:42:56 > 03:29]
SOAP:   2%|▏         | 396/25418 [3:43:33 > 03:29]
SOAP:   2%|▏         | 397/25418 [3:43:25 > 03:30]
SOAP:   2%|▏         | 398/25418 [3:42:50 > 03:31]
SOAP:   2%|▏         | 399/25418 [3:43:39 > 03:31]
SOAP:   2%|▏         | 400/25418 [3:43:34 > 03:32]
SOAP:   2%|▏         | 401/25418 [3:44:05 > 03:32]
SOAP:   2%|▏         | 402/25418 [3:44:34 > 03:33]
SOAP:   2%|▏         | 403/25418 [3:44:07 > 03:33]
SOAP:   2%|▏         | 404/25418 [3:43:47 > 03:34]
SOAP:   2%|▏         | 405/25418 [3:43:56 > 03:34]
SOAP:   2%|▏         | 406/25418 [3:43:33 > 03:35]
SOAP:   2%|▏         | 407/25418 [3:43:31 > 03:35]
SOAP:   2%|▏         | 408/25418 [3:43:56 > 03:36]
SOAP:   2%|▏         | 409/25418 [3:43:35 > 03:36]
SOAP:   2%|▏         | 410/25418 [3:43:41 > 03:37]
SOAP:   2%|▏         | 411/25418 [3:43:32 > 03:37]
SOAP:   2%|▏         | 412/25418 [3:43:15 > 03:38]
SOAP:   2%|▏         | 413/25418 [3:43:51 > 03:39]
SOAP:   2%|▏         | 414/25418 [3:43:31 > 03:39]
SOAP:   2%|▏         | 415/25418 [3:43:38 > 03:40]
SOAP:   2%|▏         | 416/25418 [3:43:54 > 03:40]
SOAP:   2%|▏         | 417/25418 [3:43:17 > 03:41]
SOAP:   2%|▏         | 418/25418 [3:43:29 > 03:41]
SOAP:   2%|▏         | 419/25418 [3:43:55 > 03:42]
SOAP:   2%|▏         | 420/25418 [3:43:06 > 03:42]
SOAP:   2%|▏         | 421/25418 [3:43:42 > 03:43]
SOAP:   2%|▏         | 422/25418 [3:43:54 > 03:43]
SOAP:   2%|▏         | 423/25418 [3:43:07 > 03:44]
SOAP:   2%|▏         | 424/25418 [3:43:58 > 03:44]
SOAP:   2%|▏         | 425/25418 [3:43:47 > 03:45]
SOAP:   2%|▏         | 426/25418 [3:43:09 > 03:46]
SOAP:   2%|▏         | 427/25418 [3:43:33 > 03:46]
SOAP:   2%|▏         | 428/25418 [3:43:17 > 03:47]
SOAP:   2%|▏         | 429/25418 [3:42:42 > 03:47]
SOAP:   2%|▏         | 430/25418 [3:43:45 > 03:48]
SOAP:   2%|▏         | 431/25418 [3:43:23 > 03:48]
SOAP:   2%|▏         | 432/25418 [3:43:02 > 03:49]
SOAP:   2%|▏         | 433/25418 [3:43:17 > 03:49]
SOAP:   2%|▏         | 434/25418 [3:43:09 > 03:50]
SOAP:   2%|▏         | 435/25418 [3:43:00 > 03:50]
SOAP:   2%|▏         | 436/25418 [3:43:34 > 03:51]
SOAP:   2%|▏         | 437/25418 [3:43:23 > 03:51]
SOAP:   2%|▏         | 438/25418 [3:43:14 > 03:52]
SOAP:   2%|▏         | 439/25418 [3:43:08 > 03:53]
SOAP:   2%|▏         | 440/25418 [3:42:50 > 03:53]
SOAP:   2%|▏         | 441/25418 [3:43:14 > 03:54]
SOAP:   2%|▏         | 442/25418 [3:42:09 > 03:54]
SOAP:   2%|▏         | 443/25418 [3:42:38 > 03:55]
SOAP:   2%|▏         | 444/25418 [3:43:06 > 03:55]
SOAP:   2%|▏         | 445/25418 [3:42:34 > 03:56]
SOAP:   2%|▏         | 446/25418 [3:42:33 > 03:56]
SOAP:   2%|▏         | 447/25418 [3:43:12 > 03:57]
SOAP:   2%|▏         | 448/25418 [3:42:24 > 03:57]
SOAP:   2%|▏         | 449/25418 [3:43:13 > 03:58]
SOAP:   2%|▏         | 450/25418 [3:43:14 > 03:58]
SOAP:   2%|▏         | 451/25418 [3:42:49 > 03:59]
SOAP:   2%|▏         | 452/25418 [3:43:21 > 03:59]
SOAP:   2%|▏         | 453/25418 [3:43:27 > 04:00]
SOAP:   2%|▏         | 454/25418 [3:42:37 > 04:01]
SOAP:   2%|▏         | 455/25418 [3:43:29 > 04:01]
SOAP:   2%|▏         | 456/25418 [3:43:22 > 04:02]
SOAP:   2%|▏         | 457/25418 [3:42:46 > 04:02]
SOAP:   2%|▏         | 458/25418 [3:43:41 > 04:03]
SOAP:   2%|▏         | 459/25418 [3:43:16 > 04:03]
SOAP:   2%|▏         | 460/25418 [3:42:55 > 04:04]
SOAP:   2%|▏         | 461/25418 [3:43:05 > 04:04]
SOAP:   2%|▏         | 462/25418 [3:42:54 > 04:05]
SOAP:   2%|▏         | 463/25418 [3:42:48 > 04:05]
SOAP:   2%|▏         | 464/25418 [3:43:04 > 04:06]
SOAP:   2%|▏         | 465/25418 [3:42:55 > 04:06]
SOAP:   2%|▏         | 466/25418 [3:43:09 > 04:07]
SOAP:   2%|▏         | 467/25418 [3:43:03 > 04:08]
SOAP:   2%|▏         | 468/25418 [3:42:49 > 04:08]
SOAP:   2%|▏         | 469/25418 [3:43:18 > 04:09]
SOAP:   2%|▏         | 470/25418 [3:43:03 > 04:09]
SOAP:   2%|▏         | 471/25418 [3:43:04 > 04:10]
SOAP:   2%|▏         | 472/25418 [3:43:22 > 04:10]
SOAP:   2%|▏         | 473/25418 [3:42:54 > 04:11]
SOAP:   2%|▏         | 474/25418 [3:42:38 > 04:11]
SOAP:   2%|▏         | 475/25418 [3:42:37 > 04:12]
SOAP:   2%|▏         | 476/25418 [3:41:46 > 04:12]
SOAP:   2%|▏         | 477/25418 [3:42:10 > 04:13]
SOAP:   2%|▏         | 478/25418 [3:41:58 > 04:13]
SOAP:   2%|▏         | 479/25418 [3:40:56 > 04:14]
SOAP:   2%|▏         | 480/25418 [3:41:52 > 04:14]
SOAP:   2%|▏         | 481/25418 [3:42:04 > 04:15]
SOAP:   2%|▏         | 482/25418 [3:40:48 > 04:16]
SOAP:   2%|▏         | 483/25418 [3:41:20 > 04:16]
SOAP:   2%|▏         | 484/25418 [3:40:49 > 04:17]
SOAP:   2%|▏         | 485/25418 [3:40:13 > 04:17]
SOAP:   2%|▏         | 486/25418 [3:40:51 > 04:18]
SOAP:   2%|▏         | 487/25418 [3:40:34 > 04:18]
SOAP:   2%|▏         | 488/25418 [3:40:16 > 04:19]
SOAP:   2%|▏         | 489/25418 [3:40:32 > 04:19]
SOAP:   2%|▏         | 490/25418 [3:40:08 > 04:20]
SOAP:   2%|▏         | 491/25418 [3:40:18 > 04:20]
SOAP:   2%|▏         | 492/25418 [3:40:10 > 04:21]
SOAP:   2%|▏         | 493/25418 [3:40:28 > 04:21]
SOAP:   2%|▏         | 494/25418 [3:41:15 > 04:22]
SOAP:   2%|▏         | 495/25418 [3:40:27 > 04:22]
SOAP:   2%|▏         | 496/25418 [3:40:29 > 04:23]
SOAP:   2%|▏         | 497/25418 [3:40:57 > 04:23]
SOAP:   2%|▏         | 498/25418 [3:40:07 > 04:24]
SOAP:   2%|▏         | 499/25418 [3:38:59 > 04:25]
SOAP:   2%|▏         | 500/25418 [3:40:16 > 04:25]
SOAP:   2%|▏         | 501/25418 [3:40:11 > 04:26]
SOAP:   2%|▏         | 502/25418 [3:40:58 > 04:26]
SOAP:   2%|▏         | 503/25418 [3:40:57 > 04:27]
SOAP:   2%|▏         | 504/25418 [3:40:11 > 04:27]
SOAP:   2%|▏         | 505/25418 [3:41:05 > 04:28]
SOAP:   2%|▏         | 506/25418 [3:40:43 > 04:28]
SOAP:   2%|▏         | 507/25418 [3:39:57 > 04:29]
SOAP:   2%|▏         | 508/25418 [3:40:53 > 04:29]
SOAP:   2%|▏         | 509/25418 [3:42:02 > 04:30]
SOAP:   2%|▏         | 510/25418 [3:41:15 > 04:30]
SOAP:   2%|▏         | 511/25418 [3:41:15 > 04:31]
SOAP:   2%|▏         | 512/25418 [3:40:31 > 04:31]
SOAP:   2%|▏         | 513/25418 [3:40:33 > 04:32]
SOAP:   2%|▏         | 514/25418 [3:40:21 > 04:33]
SOAP:   2%|▏         | 515/25418 [3:40:00 > 04:33]
SOAP:   2%|▏         | 516/25418 [3:40:30 > 04:34]
SOAP:   2%|▏         | 517/25418 [3:40:10 > 04:34]
SOAP:   2%|▏         | 518/25418 [3:39:59 > 04:35]
SOAP:   2%|▏         | 519/25418 [3:40:30 > 04:35]
SOAP:   2%|▏         | 520/25418 [3:39:55 > 04:36]
SOAP:   2%|▏         | 521/25418 [3:40:10 > 04:36]
SOAP:   2%|▏         | 522/25418 [3:40:26 > 04:37]
SOAP:   2%|▏         | 523/25418 [3:39:45 > 04:37]
SOAP:   2%|▏         | 524/25418 [3:40:31 > 04:38]
SOAP:   2%|▏         | 525/25418 [3:40:55 > 04:38]
SOAP:   2%|▏         | 526/25418 [3:40:06 > 04:39]
SOAP:   2%|▏         | 527/25418 [3:40:39 > 04:39]
SOAP:   2%|▏         | 528/25418 [3:40:13 > 04:40]
SOAP:   2%|▏         | 529/25418 [3:39:39 > 04:40]
SOAP:   2%|▏         | 530/25418 [3:40:31 > 04:41]
SOAP:   2%|▏         | 531/25418 [3:39:53 > 04:42]
SOAP:   2%|▏         | 532/25418 [3:39:39 > 04:42]
SOAP:   2%|▏         | 533/25418 [3:40:00 > 04:43]
SOAP:   2%|▏         | 534/25418 [3:39:47 > 04:43]
SOAP:   2%|▏         | 535/25418 [3:39:59 > 04:44]
SOAP:   2%|▏         | 536/25418 [3:39:55 > 04:44]
SOAP:   2%|▏         | 537/25418 [3:39:43 > 04:45]
SOAP:   2%|▏         | 538/25418 [3:40:08 > 04:45]
SOAP:   2%|▏         | 539/25418 [3:40:01 > 04:46]
SOAP:   2%|▏         | 540/25418 [3:39:49 > 04:46]
SOAP:   2%|▏         | 541/25418 [3:40:36 > 04:47]
SOAP:   2%|▏         | 542/25418 [3:39:55 > 04:47]
SOAP:   2%|▏         | 543/25418 [3:40:12 > 04:48]
SOAP:   2%|▏         | 544/25418 [3:40:28 > 04:48]
SOAP:   2%|▏         | 545/25418 [3:39:40 > 04:49]
SOAP:   2%|▏         | 546/25418 [3:40:07 > 04:50]
SOAP:   2%|▏         | 547/25418 [3:40:14 > 04:50]
SOAP:   2%|▏         | 548/25418 [3:39:33 > 04:51]
SOAP:   2%|▏         | 549/25418 [3:40:22 > 04:51]
SOAP:   2%|▏         | 550/25418 [3:40:05 > 04:52]
SOAP:   2%|▏         | 551/25418 [3:39:30 > 04:52]
SOAP:   2%|▏         | 552/25418 [3:40:08 > 04:53]
SOAP:   2%|▏         | 553/25418 [3:39:45 > 04:53]
SOAP:   2%|▏         | 554/25418 [3:39:59 > 04:54]
SOAP:   2%|▏         | 555/25418 [3:40:42 > 04:54]
SOAP:   2%|▏         | 556/25418 [3:40:14 > 04:55]
SOAP:   2%|▏         | 557/25418 [3:40:14 > 04:55]
SOAP:   2%|▏         | 558/25418 [3:40:09 > 04:56]
SOAP:   2%|▏         | 559/25418 [3:39:47 > 04:56]
SOAP:   2%|▏         | 560/25418 [3:40:08 > 04:57]
SOAP:   2%|▏         | 561/25418 [3:39:51 > 04:57]
SOAP:   2%|▏         | 562/25418 [3:39:37 > 04:58]
SOAP:   2%|▏         | 563/25418 [3:40:08 > 04:59]
SOAP:   2%|▏         | 564/25418 [3:39:17 > 04:59]
SOAP:   2%|▏         | 565/25418 [3:39:42 > 05:00]
SOAP:   2%|▏         | 566/25418 [3:39:52 > 05:00]
SOAP:   2%|▏         | 567/25418 [3:39:16 > 05:01]
SOAP:   2%|▏         | 568/25418 [3:39:43 > 05:01]
SOAP:   2%|▏         | 569/25418 [3:39:55 > 05:02]
SOAP:   2%|▏         | 570/25418 [3:39:10 > 05:02]
SOAP:   2%|▏         | 571/25418 [3:39:57 > 05:03]
SOAP:   2%|▏         | 572/25418 [3:39:49 > 05:03]
SOAP:   2%|▏         | 573/25418 [3:39:14 > 05:04]
SOAP:   2%|▏         | 574/25418 [3:40:11 > 05:04]
SOAP:   2%|▏         | 575/25418 [3:39:42 > 05:05]
SOAP:   2%|▏         | 576/25418 [3:39:24 > 05:05]
SOAP:   2%|▏         | 577/25418 [3:39:36 > 05:06]
SOAP:   2%|▏         | 578/25418 [3:39:32 > 05:06]
SOAP:   2%|▏         | 579/25418 [3:39:24 > 05:07]
SOAP:   2%|▏         | 580/25418 [3:39:53 > 05:08]
SOAP:   2%|▏         | 581/25418 [3:40:09 > 05:08]
SOAP:   2%|▏         | 582/25418 [3:40:23 > 05:09]
SOAP:   2%|▏         | 583/25418 [3:39:46 > 05:09]
SOAP:   2%|▏         | 584/25418 [3:39:44 > 05:10]
SOAP:   2%|▏         | 585/25418 [3:40:07 > 05:10]
SOAP:   2%|▏         | 586/25418 [3:39:28 > 05:11]
SOAP:   2%|▏         | 587/25418 [3:39:40 > 05:11]
SOAP:   2%|▏         | 588/25418 [3:40:04 > 05:12]
SOAP:   2%|▏         | 589/25418 [3:39:11 > 05:12]
SOAP:   2%|▏         | 590/25418 [3:39:48 > 05:13]
SOAP:   2%|▏         | 591/25418 [3:39:42 > 05:13]
SOAP:   2%|▏         | 592/25418 [3:38:58 > 05:14]
SOAP:   2%|▏         | 593/25418 [3:39:47 > 05:14]
SOAP:   2%|▏         | 594/25418 [3:39:44 > 05:15]
SOAP:   2%|▏         | 595/25418 [3:38:56 > 05:16]
SOAP:   2%|▏         | 596/25418 [3:39:26 > 05:16]
SOAP:   2%|▏         | 597/25418 [3:39:18 > 05:17]
SOAP:   2%|▏         | 598/25418 [3:39:02 > 05:17]
SOAP:   2%|▏         | 599/25418 [3:39:39 > 05:18]
SOAP:   2%|▏         | 600/25418 [3:39:31 > 05:18]
SOAP:   2%|▏         | 601/25418 [3:41:32 > 05:19]
SOAP:   2%|▏         | 602/25418 [3:40:03 > 05:19]
SOAP:   2%|▏         | 603/25418 [3:39:35 > 05:20]
SOAP:   2%|▏         | 604/25418 [3:39:45 > 05:20]
SOAP:   2%|▏         | 605/25418 [3:39:24 > 05:21]
SOAP:   2%|▏         | 606/25418 [3:39:11 > 05:21]
SOAP:   2%|▏         | 607/25418 [3:39:51 > 05:22]
SOAP:   2%|▏         | 608/25418 [3:39:21 > 05:22]
SOAP:   2%|▏         | 609/25418 [3:39:24 > 05:23]
SOAP:   2%|▏         | 610/25418 [3:39:53 > 05:23]
SOAP:   2%|▏         | 611/25418 [3:39:07 > 05:24]
SOAP:   2%|▏         | 612/25418 [3:39:33 > 05:25]
SOAP:   2%|▏         | 613/25418 [3:39:31 > 05:25]
SOAP:   2%|▏         | 614/25418 [3:38:53 > 05:26]
SOAP:   2%|▏         | 615/25418 [3:39:45 > 05:26]
SOAP:   2%|▏         | 616/25418 [3:39:26 > 05:27]
SOAP:   2%|▏         | 617/25418 [3:38:53 > 05:27]
SOAP:   2%|▏         | 618/25418 [3:39:27 > 05:28]
SOAP:   2%|▏         | 619/25418 [3:39:21 > 05:28]
SOAP:   2%|▏         | 620/25418 [3:38:51 > 05:29]
SOAP:   2%|▏         | 621/25418 [3:39:34 > 05:29]
SOAP:   2%|▏         | 622/25418 [3:39:11 > 05:30]
SOAP:   2%|▏         | 623/25418 [3:39:09 > 05:30]
SOAP:   2%|▏         | 624/25418 [3:39:26 > 05:31]
SOAP:   2%|▏         | 625/25418 [3:39:11 > 05:31]
SOAP:   2%|▏         | 626/25418 [3:39:20 > 05:32]
SOAP:   2%|▏         | 627/25418 [3:39:22 > 05:33]
SOAP:   2%|▏         | 628/25418 [3:39:15 > 05:33]
SOAP:   2%|▏         | 629/25418 [3:40:19 > 05:34]
SOAP:   2%|▏         | 630/25418 [3:38:34 > 05:34]
SOAP:   2%|▏         | 631/25418 [3:39:49 > 05:35]
SOAP:   2%|▏         | 632/25418 [3:40:00 > 05:35]
SOAP:   2%|▏         | 633/25418 [3:39:10 > 05:36]
SOAP:   2%|▏         | 634/25418 [3:39:33 > 05:36]
SOAP:   2%|▏         | 635/25418 [3:39:37 > 05:37]
SOAP:   3%|▎         | 636/25418 [3:38:53 > 05:37]
SOAP:   3%|▎         | 637/25418 [3:39:38 > 05:38]
SOAP:   3%|▎         | 638/25418 [3:39:21 > 05:38]
SOAP:   3%|▎         | 639/25418 [3:38:34 > 05:39]
SOAP:   3%|▎         | 640/25418 [3:39:24 > 05:39]
SOAP:   3%|▎         | 641/25418 [3:39:02 > 05:40]
SOAP:   3%|▎         | 642/25418 [3:38:48 > 05:40]
SOAP:   3%|▎         | 643/25418 [3:39:20 > 05:41]
SOAP:   3%|▎         | 644/25418 [3:38:57 > 05:42]
SOAP:   3%|▎         | 645/25418 [3:39:29 > 05:42]
SOAP:   3%|▎         | 646/25418 [3:39:26 > 05:43]
SOAP:   3%|▎         | 647/25418 [3:39:04 > 05:43]
SOAP:   3%|▎         | 648/25418 [3:39:26 > 05:44]
SOAP:   3%|▎         | 649/25418 [3:39:11 > 05:44]
SOAP:   3%|▎         | 650/25418 [3:38:55 > 05:45]
SOAP:   3%|▎         | 651/25418 [3:39:22 > 05:45]
SOAP:   3%|▎         | 652/25418 [3:38:54 > 05:46]
SOAP:   3%|▎         | 653/25418 [3:38:45 > 05:46]
SOAP:   3%|▎         | 654/25418 [3:39:29 > 05:47]
SOAP:   3%|▎         | 655/25418 [3:38:48 > 05:47]
SOAP:   3%|▎         | 656/25418 [3:39:12 > 05:48]
SOAP:   3%|▎         | 657/25418 [3:39:19 > 05:48]
SOAP:   3%|▎         | 658/25418 [3:38:27 > 05:49]
SOAP:   3%|▎         | 659/25418 [3:39:07 > 05:49]
SOAP:   3%|▎         | 660/25418 [3:39:07 > 05:50]
SOAP:   3%|▎         | 661/25418 [3:38:27 > 05:51]
SOAP:   3%|▎         | 662/25418 [3:39:15 > 05:51]
SOAP:   3%|▎         | 663/25418 [3:37:16 > 05:52]
SOAP:   3%|▎         | 664/25418 [3:38:50 > 05:52]
SOAP:   3%|▎         | 665/25418 [3:39:40 > 05:53]
SOAP:   3%|▎         | 666/25418 [3:39:16 > 05:53]
SOAP:   3%|▎         | 667/25418 [3:39:09 > 05:54]
SOAP:   3%|▎         | 668/25418 [3:37:33 > 05:54]
SOAP:   3%|▎         | 669/25418 [3:39:32 > 05:55]
SOAP:   3%|▎         | 670/25418 [3:39:42 > 05:55]
SOAP:   3%|▎         | 671/25418 [3:39:16 > 05:56]
SOAP:   3%|▎         | 672/25418 [3:38:50 > 05:56]
SOAP:   3%|▎         | 673/25418 [3:39:23 > 05:57]
SOAP:   3%|▎         | 674/25418 [3:38:52 > 05:57]
SOAP:   3%|▎         | 675/25418 [3:37:04 > 05:58]
SOAP:   3%|▎         | 676/25418 [3:39:59 > 05:59]
SOAP:   3%|▎         | 677/25418 [3:38:59 > 05:59]
SOAP:   3%|▎         | 678/25418 [3:39:13 > 06:00]
SOAP:   3%|▎         | 679/25418 [3:39:23 > 06:00]
SOAP:   3%|▎         | 680/25418 [3:38:32 > 06:01]
SOAP:   3%|▎         | 681/25418 [3:39:11 > 06:01]
SOAP:   3%|▎         | 682/25418 [3:37:29 > 06:02]
SOAP:   3%|▎         | 683/25418 [3:38:51 > 06:02]
SOAP:   3%|▎         | 684/25418 [3:39:27 > 06:03]
SOAP:   3%|▎         | 685/25418 [3:39:08 > 06:03]
SOAP:   3%|▎         | 686/25418 [3:38:29 > 06:04]
SOAP:   3%|▎         | 687/25418 [3:39:16 > 06:04]
SOAP:   3%|▎         | 688/25418 [3:38:59 > 06:05]
SOAP:   3%|▎         | 689/25418 [3:38:37 > 06:05]
SOAP:   3%|▎         | 690/25418 [3:38:59 > 06:06]
SOAP:   3%|▎         | 691/25418 [3:38:40 > 06:06]
SOAP:   3%|▎         | 692/25418 [3:38:47 > 06:07]
SOAP:   3%|▎         | 693/25418 [3:38:50 > 06:08]
SOAP:   3%|▎         | 694/25418 [3:36:54 > 06:08]
SOAP:   3%|▎         | 695/25418 [3:39:31 > 06:09]
SOAP:   3%|▎         | 696/25418 [3:39:04 > 06:09]
SOAP:   3%|▎         | 697/25418 [3:38:52 > 06:10]
SOAP:   3%|▎         | 698/25418 [3:39:17 > 06:10]
SOAP:   3%|▎         | 699/25418 [3:38:29 > 06:11]
SOAP:   3%|▎         | 700/25418 [3:38:45 > 06:11]
SOAP:   3%|▎         | 701/25418 [3:38:26 > 06:12]
SOAP:   3%|▎         | 702/25418 [3:39:36 > 06:12]
SOAP:   3%|▎         | 703/25418 [3:39:49 > 06:13]
SOAP:   3%|▎         | 704/25418 [3:39:43 > 06:13]
SOAP:   3%|▎         | 705/25418 [3:39:12 > 06:14]
SOAP:   3%|▎         | 706/25418 [3:39:41 > 06:14]
SOAP:   3%|▎         | 707/25418 [3:39:17 > 06:15]
SOAP:   3%|▎         | 708/25418 [3:38:22 > 06:16]
SOAP:   3%|▎         | 709/25418 [3:39:03 > 06:16]
SOAP:   3%|▎         | 710/25418 [3:38:26 > 06:17]
SOAP:   3%|▎         | 711/25418 [3:38:01 > 06:17]
SOAP:   3%|▎         | 712/25418 [3:38:50 > 06:18]
SOAP:   3%|▎         | 713/25418 [3:38:20 > 06:18]
SOAP:   3%|▎         | 714/25418 [3:38:19 > 06:19]
SOAP:   3%|▎         | 715/25418 [3:38:24 > 06:19]
SOAP:   3%|▎         | 716/25418 [3:38:02 > 06:20]
SOAP:   3%|▎         | 717/25418 [3:38:31 > 06:20]
SOAP:   3%|▎         | 718/25418 [3:38:44 > 06:21]
SOAP:   3%|▎         | 719/25418 [3:38:44 > 06:21]
SOAP:   3%|▎         | 720/25418 [3:37:37 > 06:22]
SOAP:   3%|▎         | 721/25418 [3:39:12 > 06:22]
SOAP:   3%|▎         | 722/25418 [3:39:00 > 06:23]
SOAP:   3%|▎         | 723/25418 [3:39:18 > 06:23]
SOAP:   3%|▎         | 724/25418 [3:38:20 > 06:24]
SOAP:   3%|▎         | 725/25418 [3:38:44 > 06:25]
SOAP:   3%|▎         | 726/25418 [3:38:49 > 06:25]
SOAP:   3%|▎         | 727/25418 [3:38:00 > 06:26]
SOAP:   3%|▎         | 728/25418 [3:38:51 > 06:26]
SOAP:   3%|▎         | 729/25418 [3:38:31 > 06:27]
SOAP:   3%|▎         | 730/25418 [3:37:47 > 06:27]
SOAP:   3%|▎         | 731/25418 [3:38:31 > 06:28]
SOAP:   3%|▎         | 732/25418 [3:38:15 > 06:28]
SOAP:   3%|▎         | 733/25418 [3:37:56 > 06:29]
SOAP:   3%|▎         | 734/25418 [3:38:26 > 06:29]
SOAP:   3%|▎         | 735/25418 [3:38:13 > 06:30]
SOAP:   3%|▎         | 736/25418 [3:37:47 > 06:30]
SOAP:   3%|▎         | 737/25418 [3:38:14 > 06:31]
SOAP:   3%|▎         | 738/25418 [3:37:59 > 06:31]
SOAP:   3%|▎         | 739/25418 [3:36:31 > 06:32]
SOAP:   3%|▎         | 740/25418 [3:38:37 > 06:32]
SOAP:   3%|▎         | 741/25418 [3:38:04 > 06:33]
SOAP:   3%|▎         | 742/25418 [3:38:36 > 06:34]
SOAP:   3%|▎         | 743/25418 [3:38:15 > 06:34]
SOAP:   3%|▎         | 744/25418 [3:38:11 > 06:35]
SOAP:   3%|▎         | 745/25418 [3:38:38 > 06:35]
SOAP:   3%|▎         | 746/25418 [3:37:51 > 06:36]
SOAP:   3%|▎         | 747/25418 [3:38:11 > 06:36]
SOAP:   3%|▎         | 748/25418 [3:38:29 > 06:37]
SOAP:   3%|▎         | 749/25418 [3:37:47 > 06:37]
SOAP:   3%|▎         | 750/25418 [3:38:31 > 06:38]
SOAP:   3%|▎         | 751/25418 [3:38:13 > 06:38]
SOAP:   3%|▎         | 752/25418 [3:37:39 > 06:39]
SOAP:   3%|▎         | 753/25418 [3:38:21 > 06:39]
SOAP:   3%|▎         | 754/25418 [3:37:58 > 06:40]
SOAP:   3%|▎         | 755/25418 [3:37:51 > 06:40]
SOAP:   3%|▎         | 756/25418 [3:38:25 > 06:41]
SOAP:   3%|▎         | 757/25418 [3:38:10 > 06:42]
SOAP:   3%|▎         | 758/25418 [3:38:07 > 06:42]
SOAP:   3%|▎         | 759/25418 [3:38:36 > 06:43]
SOAP:   3%|▎         | 760/25418 [3:38:32 > 06:43]
SOAP:   3%|▎         | 761/25418 [3:38:41 > 06:44]
SOAP:   3%|▎         | 762/25418 [3:38:17 > 06:44]
SOAP:   3%|▎         | 763/25418 [3:37:57 > 06:45]
SOAP:   3%|▎         | 764/25418 [3:38:25 > 06:45]
SOAP:   3%|▎         | 765/25418 [3:37:59 > 06:46]
SOAP:   3%|▎         | 766/25418 [3:37:53 > 06:46]
SOAP:   3%|▎         | 767/25418 [3:38:25 > 06:47]
SOAP:   3%|▎         | 768/25418 [3:37:46 > 06:47]
SOAP:   3%|▎         | 769/25418 [3:38:00 > 06:48]
SOAP:   3%|▎         | 770/25418 [3:38:30 > 06:48]
SOAP:   3%|▎         | 771/25418 [3:37:47 > 06:49]
SOAP:   3%|▎         | 772/25418 [3:38:22 > 06:49]
SOAP:   3%|▎         | 773/25418 [3:38:03 > 06:50]
SOAP:   3%|▎         | 774/25418 [3:37:43 > 06:51]
SOAP:   3%|▎         | 775/25418 [3:38:14 > 06:51]
SOAP:   3%|▎         | 776/25418 [3:38:01 > 06:52]
SOAP:   3%|▎         | 777/25418 [3:37:27 > 06:52]
SOAP:   3%|▎         | 778/25418 [3:38:06 > 06:53]
SOAP:   3%|▎         | 779/25418 [3:37:49 > 06:53]
SOAP:   3%|▎         | 780/25418 [3:37:45 > 06:54]
SOAP:   3%|▎         | 781/25418 [3:38:21 > 06:54]
SOAP:   3%|▎         | 782/25418 [3:38:30 > 06:55]
SOAP:   3%|▎         | 783/25418 [3:38:09 > 06:55]
SOAP:   3%|▎         | 784/25418 [3:38:08 > 06:56]
SOAP:   3%|▎         | 785/25418 [3:37:58 > 06:56]
SOAP:   3%|▎         | 786/25418 [3:38:14 > 06:57]
SOAP:   3%|▎         | 787/25418 [3:37:30 > 06:57]
SOAP:   3%|▎         | 788/25418 [3:37:35 > 06:58]
SOAP:   3%|▎         | 789/25418 [3:38:06 > 06:59]
SOAP:   3%|▎         | 790/25418 [3:37:18 > 06:59]
SOAP:   3%|▎         | 791/25418 [3:37:49 > 07:00]
SOAP:   3%|▎         | 792/25418 [3:37:58 > 07:00]
SOAP:   3%|▎         | 793/25418 [3:37:17 > 07:01]
SOAP:   3%|▎         | 794/25418 [3:37:48 > 07:01]
SOAP:   3%|▎         | 795/25418 [3:37:51 > 07:02]
SOAP:   3%|▎         | 796/25418 [3:36:57 > 07:02]
SOAP:   3%|▎         | 797/25418 [3:37:59 > 07:03]
SOAP:   3%|▎         | 798/25418 [3:37:38 > 07:03]
SOAP:   3%|▎         | 799/25418 [3:37:14 > 07:04]
SOAP:   3%|▎         | 800/25418 [3:37:52 > 07:04]
SOAP:   3%|▎         | 801/25418 [3:39:53 > 07:05]
SOAP:   3%|▎         | 802/25418 [3:37:47 > 07:05]
SOAP:   3%|▎         | 803/25418 [3:38:10 > 07:06]
SOAP:   3%|▎         | 804/25418 [3:37:44 > 07:06]
SOAP:   3%|▎         | 805/25418 [3:37:44 > 07:07]
SOAP:   3%|▎         | 806/25418 [3:37:37 > 07:08]
SOAP:   3%|▎         | 807/25418 [3:37:15 > 07:08]
SOAP:   3%|▎         | 808/25418 [3:37:51 > 07:09]
SOAP:   3%|▎         | 809/25418 [3:37:19 > 07:09]
SOAP:   3%|▎         | 810/25418 [3:37:32 > 07:10]
SOAP:   3%|▎         | 811/25418 [3:38:05 > 07:10]
SOAP:   3%|▎         | 812/25418 [3:37:22 > 07:11]
SOAP:   3%|▎         | 813/25418 [3:37:27 > 07:11]
SOAP:   3%|▎         | 814/25418 [3:37:51 > 07:12]
SOAP:   3%|▎         | 815/25418 [3:37:14 > 07:12]
SOAP:   3%|▎         | 816/25418 [3:37:56 > 07:13]
SOAP:   3%|▎         | 817/25418 [3:37:50 > 07:13]
SOAP:   3%|▎         | 818/25418 [3:37:12 > 07:14]
SOAP:   3%|▎         | 819/25418 [3:37:56 > 07:14]
SOAP:   3%|▎         | 820/25418 [3:37:23 > 07:15]
SOAP:   3%|▎         | 821/25418 [3:37:09 > 07:15]
SOAP:   3%|▎         | 822/25418 [3:37:47 > 07:16]
SOAP:   3%|▎         | 823/25418 [3:37:32 > 07:17]
SOAP:   3%|▎         | 824/25418 [3:37:09 > 07:17]
SOAP:   3%|▎         | 825/25418 [3:37:31 > 07:18]
SOAP:   3%|▎         | 826/25418 [3:37:17 > 07:18]
SOAP:   3%|▎         | 827/25418 [3:37:22 > 07:19]
SOAP:   3%|▎         | 828/25418 [3:37:26 > 07:19]
SOAP:   3%|▎         | 829/25418 [3:37:07 > 07:20]
SOAP:   3%|▎         | 830/25418 [3:37:40 > 07:20]
SOAP:   3%|▎         | 831/25418 [3:37:25 > 07:21]
SOAP:   3%|▎         | 832/25418 [3:37:22 > 07:21]
SOAP:   3%|▎         | 833/25418 [3:37:53 > 07:22]
SOAP:   3%|▎         | 834/25418 [3:37:18 > 07:22]
SOAP:   3%|▎         | 835/25418 [3:37:38 > 07:23]
SOAP:   3%|▎         | 836/25418 [3:37:59 > 07:23]
SOAP:   3%|▎         | 837/25418 [3:37:15 > 07:24]
SOAP:   3%|▎         | 838/25418 [3:37:45 > 07:25]
SOAP:   3%|▎         | 839/25418 [3:37:10 > 07:25]
SOAP:   3%|▎         | 840/25418 [3:37:07 > 07:26]
SOAP:   3%|▎         | 841/25418 [3:37:45 > 07:26]
SOAP:   3%|▎         | 842/25418 [3:37:28 > 07:27]
SOAP:   3%|▎         | 843/25418 [3:37:02 > 07:27]
SOAP:   3%|▎         | 844/25418 [3:37:32 > 07:28]
SOAP:   3%|▎         | 845/25418 [3:37:15 > 07:28]
SOAP:   3%|▎         | 846/25418 [3:37:07 > 07:29]
SOAP:   3%|▎         | 847/25418 [3:37:34 > 07:29]
SOAP:   3%|▎         | 848/25418 [3:37:22 > 07:30]
SOAP:   3%|▎         | 849/25418 [3:37:27 > 07:30]
SOAP:   3%|▎         | 850/25418 [3:37:25 > 07:31]
SOAP:   3%|▎         | 851/25418 [3:37:04 > 07:31]
SOAP:   3%|▎         | 852/25418 [3:37:28 > 07:32]
SOAP:   3%|▎         | 853/25418 [3:37:11 > 07:32]
SOAP:   3%|▎         | 854/25418 [3:37:10 > 07:33]
SOAP:   3%|▎         | 855/25418 [3:37:38 > 07:34]
SOAP:   3%|▎         | 856/25418 [3:37:07 > 07:34]
SOAP:   3%|▎         | 857/25418 [3:37:31 > 07:35]
SOAP:   3%|▎         | 858/25418 [3:37:50 > 07:35]
SOAP:   3%|▎         | 859/25418 [3:36:58 > 07:36]
SOAP:   3%|▎         | 860/25418 [3:37:36 > 07:36]
SOAP:   3%|▎         | 861/25418 [3:37:47 > 07:37]
SOAP:   3%|▎         | 862/25418 [3:37:08 > 07:37]
SOAP:   3%|▎         | 863/25418 [3:37:55 > 07:38]
SOAP:   3%|▎         | 864/25418 [3:37:37 > 07:38]
SOAP:   3%|▎         | 865/25418 [3:36:51 > 07:39]
SOAP:   3%|▎         | 866/25418 [3:37:32 > 07:39]
SOAP:   3%|▎         | 867/25418 [3:37:12 > 07:40]
SOAP:   3%|▎         | 868/25418 [3:36:52 > 07:40]
SOAP:   3%|▎         | 869/25418 [3:37:23 > 07:41]
SOAP:   3%|▎         | 870/25418 [3:37:11 > 07:42]
SOAP:   3%|▎         | 871/25418 [3:35:36 > 07:42]
SOAP:   3%|▎         | 872/25418 [3:37:54 > 07:43]
SOAP:   3%|▎         | 873/25418 [3:37:27 > 07:43]
SOAP:   3%|▎         | 874/25418 [3:37:31 > 07:44]
SOAP:   3%|▎         | 875/25418 [3:36:59 > 07:44]
SOAP:   3%|▎         | 876/25418 [3:36:49 > 07:45]
SOAP:   3%|▎         | 877/25418 [3:37:29 > 07:45]
SOAP:   3%|▎         | 878/25418 [3:35:03 > 07:46]
SOAP:   3%|▎         | 879/25418 [3:37:22 > 07:46]
SOAP:   3%|▎         | 880/25418 [3:37:35 > 07:47]
SOAP:   3%|▎         | 881/25418 [3:36:51 > 07:47]
SOAP:   3%|▎         | 882/25418 [3:37:22 > 07:48]
SOAP:   3%|▎         | 883/25418 [3:37:39 > 07:48]
SOAP:   3%|▎         | 884/25418 [3:35:49 > 07:49]
SOAP:   3%|▎         | 885/25418 [3:37:46 > 07:49]
SOAP:   3%|▎         | 886/25418 [3:37:15 > 07:50]
SOAP:   3%|▎         | 887/25418 [3:36:33 > 07:51]
SOAP:   3%|▎         | 888/25418 [3:37:16 > 07:51]
SOAP:   3%|▎         | 889/25418 [3:36:59 > 07:52]
SOAP:   4%|▎         | 890/25418 [3:36:42 > 07:52]
SOAP:   4%|▎         | 891/25418 [3:37:06 > 07:53]
SOAP:   4%|▎         | 892/25418 [3:37:06 > 07:53]
SOAP:   4%|▎         | 893/25418 [3:35:52 > 07:54]
SOAP:   4%|▎         | 894/25418 [3:37:45 > 07:54]
SOAP:   4%|▎         | 895/25418 [3:37:24 > 07:55]
SOAP:   4%|▎         | 896/25418 [3:37:26 > 07:55]
SOAP:   4%|▎         | 897/25418 [3:37:20 > 07:56]
SOAP:   4%|▎         | 898/25418 [3:37:07 > 07:56]
SOAP:   4%|▎         | 899/25418 [3:37:35 > 07:57]
SOAP:   4%|▎         | 900/25418 [3:37:00 > 07:57]
SOAP:   4%|▎         | 901/25418 [3:39:10 > 07:58]
SOAP:   4%|▎         | 902/25418 [3:37:53 > 07:59]
SOAP:   4%|▎         | 903/25418 [3:37:07 > 07:59]
SOAP:   4%|▎         | 904/25418 [3:37:29 > 08:00]
SOAP:   4%|▎         | 905/25418 [3:37:34 > 08:00]
SOAP:   4%|▎         | 906/25418 [3:36:40 > 08:01]
SOAP:   4%|▎         | 907/25418 [3:37:10 > 08:01]
SOAP:   4%|▎         | 908/25418 [3:37:06 > 08:02]
SOAP:   4%|▎         | 909/25418 [3:36:10 > 08:02]
SOAP:   4%|▎         | 910/25418 [3:37:11 > 08:03]
SOAP:   4%|▎         | 911/25418 [3:36:46 > 08:03]
SOAP:   4%|▎         | 912/25418 [3:36:19 > 08:04]
SOAP:   4%|▎         | 913/25418 [3:35:13 > 08:04]
SOAP:   4%|▎         | 914/25418 [3:37:16 > 08:05]
SOAP:   4%|▎         | 915/25418 [3:36:50 > 08:05]
SOAP:   4%|▎         | 916/25418 [3:37:00 > 08:06]
SOAP:   4%|▎         | 917/25418 [3:36:27 > 08:06]
SOAP:   4%|▎         | 918/25418 [3:36:44 > 08:07]
SOAP:   4%|▎         | 919/25418 [3:36:44 > 08:08]
SOAP:   4%|▎         | 920/25418 [3:36:26 > 08:08]
SOAP:   4%|▎         | 921/25418 [3:36:59 > 08:09]
SOAP:   4%|▎         | 922/25418 [3:36:36 > 08:09]
SOAP:   4%|▎         | 923/25418 [3:36:51 > 08:10]
SOAP:   4%|▎         | 924/25418 [3:37:19 > 08:10]
SOAP:   4%|▎         | 925/25418 [3:36:32 > 08:11]
SOAP:   4%|▎         | 926/25418 [3:36:48 > 08:11]
SOAP:   4%|▎         | 927/25418 [3:37:00 > 08:12]
SOAP:   4%|▎         | 928/25418 [3:36:29 > 08:12]
SOAP:   4%|▎         | 929/25418 [3:37:09 > 08:13]
SOAP:   4%|▎         | 930/25418 [3:36:24 > 08:13]
SOAP:   4%|▎         | 931/25418 [3:36:17 > 08:14]
SOAP:   4%|▎         | 932/25418 [3:37:21 > 08:14]
SOAP:   4%|▎         | 933/25418 [3:37:41 > 08:15]
SOAP:   4%|▎         | 934/25418 [3:37:44 > 08:16]
SOAP:   4%|▎         | 935/25418 [3:38:50 > 08:16]
SOAP:   4%|▎         | 936/25418 [3:38:36 > 08:17]
SOAP:   4%|▎         | 937/25418 [3:38:27 > 08:17]
SOAP:   4%|▎         | 938/25418 [3:39:00 > 08:18]
SOAP:   4%|▎         | 939/25418 [3:38:42 > 08:18]
SOAP:   4%|▎         | 940/25418 [3:38:49 > 08:19]
SOAP:   4%|▎         | 941/25418 [3:38:49 > 08:19]
SOAP:   4%|▎         | 942/25418 [3:38:35 > 08:20]
SOAP:   4%|▎         | 943/25418 [3:38:53 > 08:20]
SOAP:   4%|▎         | 944/25418 [3:39:06 > 08:21]
SOAP:   4%|▎         | 945/25418 [3:38:46 > 08:21]
SOAP:   4%|▎         | 946/25418 [3:39:06 > 08:22]
SOAP:   4%|▎         | 947/25418 [3:38:56 > 08:22]
SOAP:   4%|▎         | 948/25418 [3:38:44 > 08:23]
SOAP:   4%|▎         | 949/25418 [3:39:24 > 08:24]
SOAP:   4%|▎         | 950/25418 [3:38:50 > 08:24]
SOAP:   4%|▎         | 951/25418 [3:39:06 > 08:25]
SOAP:   4%|▎         | 952/25418 [3:39:21 > 08:25]
SOAP:   4%|▎         | 953/25418 [3:38:35 > 08:26]
SOAP:   4%|▍         | 954/25418 [3:39:01 > 08:26]
SOAP:   4%|▍         | 955/25418 [3:38:37 > 08:27]
SOAP:   4%|▍         | 956/25418 [3:37:38 > 08:27]
SOAP:   4%|▍         | 957/25418 [3:38:33 > 08:28]
SOAP:   4%|▍         | 958/25418 [3:38:35 > 08:28]
SOAP:   4%|▍         | 959/25418 [3:37:47 > 08:29]
SOAP:   4%|▍         | 960/25418 [3:38:50 > 08:29]
SOAP:   4%|▍         | 961/25418 [3:38:43 > 08:30]
SOAP:   4%|▍         | 962/25418 [3:38:03 > 08:31]
SOAP:   4%|▍         | 963/25418 [3:38:22 > 08:31]
SOAP:   4%|▍         | 964/25418 [3:38:15 > 08:32]
SOAP:   4%|▍         | 965/25418 [3:38:06 > 08:32]
SOAP:   4%|▍         | 966/25418 [3:38:36 > 08:33]
SOAP:   4%|▍         | 967/25418 [3:38:28 > 08:33]
SOAP:   4%|▍         | 968/25418 [3:38:17 > 08:34]
SOAP:   4%|▍         | 969/25418 [3:38:31 > 08:34]
SOAP:   4%|▍         | 970/25418 [3:38:28 > 08:35]
SOAP:   4%|▍         | 971/25418 [3:38:41 > 08:35]
SOAP:   4%|▍         | 972/25418 [3:38:42 > 08:36]
SOAP:   4%|▍         | 973/25418 [3:38:30 > 08:36]
SOAP:   4%|▍         | 974/25418 [3:38:54 > 08:37]
SOAP:   4%|▍         | 975/25418 [3:38:24 > 08:37]
SOAP:   4%|▍         | 976/25418 [3:38:23 > 08:38]
SOAP:   4%|▍         | 977/25418 [3:38:53 > 08:39]
SOAP:   4%|▍         | 978/25418 [3:38:20 > 08:39]
SOAP:   4%|▍         | 979/25418 [3:38:24 > 08:40]
SOAP:   4%|▍         | 980/25418 [3:39:09 > 08:40]
SOAP:   4%|▍         | 981/25418 [3:38:24 > 08:41]
SOAP:   4%|▍         | 982/25418 [3:38:46 > 08:41]
SOAP:   4%|▍         | 983/25418 [3:38:50 > 08:42]
SOAP:   4%|▍         | 984/25418 [3:38:06 > 08:42]
SOAP:   4%|▍         | 985/25418 [3:38:43 > 08:43]
SOAP:   4%|▍         | 986/25418 [3:38:52 > 08:43]
SOAP:   4%|▍         | 987/25418 [3:38:01 > 08:44]
SOAP:   4%|▍         | 988/25418 [3:38:47 > 08:44]
SOAP:   4%|▍         | 989/25418 [3:38:27 > 08:45]
SOAP:   4%|▍         | 990/25418 [3:36:06 > 08:46]
SOAP:   4%|▍         | 991/25418 [3:38:29 > 08:46]
SOAP:   4%|▍         | 992/25418 [3:38:23 > 08:47]
SOAP:   4%|▍         | 993/25418 [3:37:52 > 08:47]
SOAP:   4%|▍         | 994/25418 [3:38:31 > 08:48]
SOAP:   4%|▍         | 995/25418 [3:38:15 > 08:48]
SOAP:   4%|▍         | 996/25418 [3:38:02 > 08:49]
SOAP:   4%|▍         | 997/25418 [3:39:28 > 08:49]
SOAP:   4%|▍         | 998/25418 [3:37:53 > 08:50]
SOAP:   4%|▍         | 999/25418 [3:38:00 > 08:50]
SOAP:   4%|▍         | 1000/25418 [3:38:17 > 08:51]
SOAP:   4%|▍         | 1001/25418 [3:39:04 > 08:51]
SOAP:   4%|▍         | 1002/25418 [3:39:31 > 08:52]
SOAP:   4%|▍         | 1003/25418 [3:39:08 > 08:53]
SOAP:   4%|▍         | 1004/25418 [3:38:38 > 08:53]
SOAP:   4%|▍         | 1005/25418 [3:39:09 > 08:54]
SOAP:   4%|▍         | 1006/25418 [3:38:16 > 08:54]
SOAP:   4%|▍         | 1007/25418 [3:37:46 > 08:55]
SOAP:   4%|▍         | 1008/25418 [3:38:26 > 08:55]
SOAP:   4%|▍         | 1009/25418 [3:37:53 > 08:56]
SOAP:   4%|▍         | 1010/25418 [3:38:17 > 08:56]
SOAP:   4%|▍         | 1011/25418 [3:38:32 > 08:57]
SOAP:   4%|▍         | 1012/25418 [3:38:04 > 08:57]
SOAP:   4%|▍         | 1013/25418 [3:38:28 > 08:58]
SOAP:   4%|▍         | 1014/25418 [3:38:44 > 08:58]
SOAP:   4%|▍         | 1015/25418 [3:37:45 > 08:59]
SOAP:   4%|▍         | 1016/25418 [3:38:32 > 09:00]
SOAP:   4%|▍         | 1017/25418 [3:38:25 > 09:00]
SOAP:   4%|▍         | 1018/25418 [3:35:49 > 09:01]
SOAP:   4%|▍         | 1019/25418 [3:38:27 > 09:01]
SOAP:   4%|▍         | 1020/25418 [3:38:07 > 09:02]
SOAP:   4%|▍         | 1021/25418 [3:37:45 > 09:02]
SOAP:   4%|▍         | 1022/25418 [3:38:21 > 09:03]
SOAP:   4%|▍         | 1023/25418 [3:38:15 > 09:03]
SOAP:   4%|▍         | 1024/25418 [3:36:05 > 09:04]
SOAP:   4%|▍         | 1025/25418 [3:37:58 > 09:04]
SOAP:   4%|▍         | 1026/25418 [3:37:21 > 09:05]
SOAP:   4%|▍         | 1027/25418 [3:37:17 > 09:05]
SOAP:   4%|▍         | 1028/25418 [3:38:02 > 09:06]
SOAP:   4%|▍         | 1029/25418 [3:37:45 > 09:06]
SOAP:   4%|▍         | 1030/25418 [3:37:58 > 09:07]
SOAP:   4%|▍         | 1031/25418 [3:37:47 > 09:08]
SOAP:   4%|▍         | 1032/25418 [3:37:39 > 09:08]
SOAP:   4%|▍         | 1033/25418 [3:38:06 > 09:09]
SOAP:   4%|▍         | 1034/25418 [3:37:51 > 09:09]
SOAP:   4%|▍         | 1035/25418 [3:37:44 > 09:10]
SOAP:   4%|▍         | 1036/25418 [3:38:33 > 09:10]
SOAP:   4%|▍         | 1037/25418 [3:38:12 > 09:11]
SOAP:   4%|▍         | 1038/25418 [3:38:15 > 09:11]
SOAP:   4%|▍         | 1039/25418 [3:38:45 > 09:12]
SOAP:   4%|▍         | 1040/25418 [3:37:33 > 09:12]
SOAP:   4%|▍         | 1041/25418 [3:38:22 > 09:13]
SOAP:   4%|▍         | 1042/25418 [3:37:39 > 09:13]
SOAP:   4%|▍         | 1043/25418 [3:35:10 > 09:14]
SOAP:   4%|▍         | 1044/25418 [3:37:58 > 09:15]
SOAP:   4%|▍         | 1045/25418 [3:38:00 > 09:15]
SOAP:   4%|▍         | 1046/25418 [3:37:25 > 09:16]
SOAP:   4%|▍         | 1047/25418 [3:38:20 > 09:16]
SOAP:   4%|▍         | 1048/25418 [3:37:58 > 09:17]
SOAP:   4%|▍         | 1049/25418 [3:37:34 > 09:17]
SOAP:   4%|▍         | 1050/25418 [3:38:11 > 09:18]
SOAP:   4%|▍         | 1051/25418 [3:37:45 > 09:18]
SOAP:   4%|▍         | 1052/25418 [3:37:32 > 09:19]
SOAP:   4%|▍         | 1053/25418 [3:38:00 > 09:19]
SOAP:   4%|▍         | 1054/25418 [3:37:56 > 09:20]
SOAP:   4%|▍         | 1055/25418 [3:37:46 > 09:20]
SOAP:   4%|▍         | 1056/25418 [3:37:57 > 09:21]
SOAP:   4%|▍         | 1057/25418 [3:37:57 > 09:21]
SOAP:   4%|▍         | 1058/25418 [3:38:15 > 09:22]
SOAP:   4%|▍         | 1059/25418 [3:38:04 > 09:23]
SOAP:   4%|▍         | 1060/25418 [3:37:51 > 09:23]
SOAP:   4%|▍         | 1061/25418 [3:38:17 > 09:24]
SOAP:   4%|▍         | 1062/25418 [3:37:47 > 09:24]
SOAP:   4%|▍         | 1063/25418 [3:37:41 > 09:25]
SOAP:   4%|▍         | 1064/25418 [3:38:12 > 09:25]
SOAP:   4%|▍         | 1065/25418 [3:37:52 > 09:26]
SOAP:   4%|▍         | 1066/25418 [3:37:43 > 09:26]
SOAP:   4%|▍         | 1067/25418 [3:38:22 > 09:27]
SOAP:   4%|▍         | 1068/25418 [3:37:20 > 09:27]
SOAP:   4%|▍         | 1069/25418 [3:37:54 > 09:28]
SOAP:   4%|▍         | 1070/25418 [3:38:04 > 09:28]
SOAP:   4%|▍         | 1071/25418 [3:37:15 > 09:29]
SOAP:   4%|▍         | 1072/25418 [3:37:50 > 09:30]
SOAP:   4%|▍         | 1073/25418 [3:37:48 > 09:30]
SOAP:   4%|▍         | 1074/25418 [3:36:51 > 09:31]
SOAP:   4%|▍         | 1075/25418 [3:37:29 > 09:31]
SOAP:   4%|▍         | 1076/25418 [3:37:33 > 09:32]
SOAP:   4%|▍         | 1077/25418 [3:37:12 > 09:32]
SOAP:   4%|▍         | 1078/25418 [3:37:58 > 09:33]
SOAP:   4%|▍         | 1079/25418 [3:37:40 > 09:33]
SOAP:   4%|▍         | 1080/25418 [3:37:20 > 09:34]
SOAP:   4%|▍         | 1081/25418 [3:37:55 > 09:34]
SOAP:   4%|▍         | 1082/25418 [3:37:39 > 09:35]
SOAP:   4%|▍         | 1083/25418 [3:37:32 > 09:35]
SOAP:   4%|▍         | 1084/25418 [3:37:43 > 09:36]
SOAP:   4%|▍         | 1085/25418 [3:37:36 > 09:37]
SOAP:   4%|▍         | 1086/25418 [3:37:36 > 09:37]
SOAP:   4%|▍         | 1087/25418 [3:37:45 > 09:38]
SOAP:   4%|▍         | 1088/25418 [3:37:27 > 09:38]
SOAP:   4%|▍         | 1089/25418 [3:37:42 > 09:39]
SOAP:   4%|▍         | 1090/25418 [3:37:39 > 09:39]
SOAP:   4%|▍         | 1091/25418 [3:37:41 > 09:40]
SOAP:   4%|▍         | 1092/25418 [3:37:59 > 09:40]
SOAP:   4%|▍         | 1093/25418 [3:37:36 > 09:41]
SOAP:   4%|▍         | 1094/25418 [3:37:37 > 09:41]
SOAP:   4%|▍         | 1095/25418 [3:38:25 > 09:42]
SOAP:   4%|▍         | 1096/25418 [3:37:24 > 09:42]
SOAP:   4%|▍         | 1097/25418 [3:37:33 > 09:43]
SOAP:   4%|▍         | 1098/25418 [3:37:59 > 09:43]
SOAP:   4%|▍         | 1099/25418 [3:37:23 > 09:44]
SOAP:   4%|▍         | 1100/25418 [3:37:42 > 09:45]
SOAP:   4%|▍         | 1101/25418 [3:38:54 > 09:45]
SOAP:   4%|▍         | 1102/25418 [3:37:31 > 09:46]
SOAP:   4%|▍         | 1103/25418 [3:38:26 > 09:46]
SOAP:   4%|▍         | 1104/25418 [3:38:03 > 09:47]
SOAP:   4%|▍         | 1105/25418 [3:37:06 > 09:47]
SOAP:   4%|▍         | 1106/25418 [3:37:55 > 09:48]
SOAP:   4%|▍         | 1107/25418 [3:37:39 > 09:48]
SOAP:   4%|▍         | 1108/25418 [3:37:03 > 09:49]
SOAP:   4%|▍         | 1109/25418 [3:37:37 > 09:49]
SOAP:   4%|▍         | 1110/25418 [3:37:17 > 09:50]
SOAP:   4%|▍         | 1111/25418 [3:36:55 > 09:50]
SOAP:   4%|▍         | 1112/25418 [3:37:35 > 09:51]
SOAP:   4%|▍         | 1113/25418 [3:37:24 > 09:52]
SOAP:   4%|▍         | 1114/25418 [3:37:12 > 09:52]
SOAP:   4%|▍         | 1115/25418 [3:37:23 > 09:53]
SOAP:   4%|▍         | 1116/25418 [3:36:54 > 09:53]
SOAP:   4%|▍         | 1117/25418 [3:35:41 > 09:54]
SOAP:   4%|▍         | 1118/25418 [3:36:39 > 09:54]
SOAP:   4%|▍         | 1119/25418 [3:36:42 > 09:55]
SOAP:   4%|▍         | 1120/25418 [3:35:53 > 09:55]
SOAP:   4%|▍         | 1121/25418 [3:37:01 > 09:56]
SOAP:   4%|▍         | 1122/25418 [3:37:07 > 09:56]
SOAP:   4%|▍         | 1123/25418 [3:37:35 > 09:57]
SOAP:   4%|▍         | 1124/25418 [3:36:57 > 09:57]
SOAP:   4%|▍         | 1125/25418 [3:37:23 > 09:58]
SOAP:   4%|▍         | 1126/25418 [3:37:50 > 09:59]
SOAP:   4%|▍         | 1127/25418 [3:37:13 > 09:59]
SOAP:   4%|▍         | 1128/25418 [3:37:24 > 10:00]
SOAP:   4%|▍         | 1129/25418 [3:37:39 > 10:00]
SOAP:   4%|▍         | 1130/25418 [3:36:31 > 10:01]
SOAP:   4%|▍         | 1131/25418 [3:37:48 > 10:01]
SOAP:   4%|▍         | 1132/25418 [3:37:34 > 10:02]
SOAP:   4%|▍         | 1133/25418 [3:37:02 > 10:02]
SOAP:   4%|▍         | 1134/25418 [3:37:28 > 10:03]
SOAP:   4%|▍         | 1135/25418 [3:37:18 > 10:03]
SOAP:   4%|▍         | 1136/25418 [3:36:49 > 10:04]
SOAP:   4%|▍         | 1137/25418 [3:37:37 > 10:04]
SOAP:   4%|▍         | 1138/25418 [3:37:14 > 10:05]
SOAP:   4%|▍         | 1139/25418 [3:36:51 > 10:05]
SOAP:   4%|▍         | 1140/25418 [3:37:19 > 10:06]
SOAP:   4%|▍         | 1141/25418 [3:37:01 > 10:07]
SOAP:   4%|▍         | 1142/25418 [3:36:54 > 10:07]
SOAP:   4%|▍         | 1143/25418 [3:37:18 > 10:08]
SOAP:   5%|▍         | 1144/25418 [3:36:45 > 10:08]
SOAP:   5%|▍         | 1145/25418 [3:37:07 > 10:09]
SOAP:   5%|▍         | 1146/25418 [3:37:01 > 10:09]
SOAP:   5%|▍         | 1147/25418 [3:36:54 > 10:10]
SOAP:   5%|▍         | 1148/25418 [3:37:13 > 10:10]
SOAP:   5%|▍         | 1149/25418 [3:36:43 > 10:11]
SOAP:   5%|▍         | 1150/25418 [3:36:39 > 10:11]
SOAP:   5%|▍         | 1151/25418 [3:35:48 > 10:12]
SOAP:   5%|▍         | 1152/25418 [3:36:49 > 10:12]
SOAP:   5%|▍         | 1153/25418 [3:37:03 > 10:13]
SOAP:   5%|▍         | 1154/25418 [3:37:44 > 10:14]
SOAP:   5%|▍         | 1155/25418 [3:36:46 > 10:14]
SOAP:   5%|▍         | 1156/25418 [3:35:53 > 10:15]
SOAP:   5%|▍         | 1157/25418 [3:36:56 > 10:15]
SOAP:   5%|▍         | 1158/25418 [3:35:51 > 10:16]
SOAP:   5%|▍         | 1159/25418 [3:36:55 > 10:16]
SOAP:   5%|▍         | 1160/25418 [3:36:57 > 10:17]
SOAP:   5%|▍         | 1161/25418 [3:36:14 > 10:17]
SOAP:   5%|▍         | 1162/25418 [3:36:59 > 10:18]
SOAP:   5%|▍         | 1163/25418 [3:36:44 > 10:18]
SOAP:   5%|▍         | 1164/25418 [3:37:14 > 10:19]
SOAP:   5%|▍         | 1165/25418 [3:36:51 > 10:19]
SOAP:   5%|▍         | 1166/25418 [3:36:38 > 10:20]
SOAP:   5%|▍         | 1167/25418 [3:36:24 > 10:20]
SOAP:   5%|▍         | 1168/25418 [3:37:07 > 10:21]
SOAP:   5%|▍         | 1169/25418 [3:36:51 > 10:22]
SOAP:   5%|▍         | 1170/25418 [3:36:39 > 10:22]
SOAP:   5%|▍         | 1171/25418 [3:36:51 > 10:23]
SOAP:   5%|▍         | 1172/25418 [3:36:40 > 10:23]
SOAP:   5%|▍         | 1173/25418 [3:37:05 > 10:24]
SOAP:   5%|▍         | 1174/25418 [3:36:56 > 10:24]
SOAP:   5%|▍         | 1175/25418 [3:34:40 > 10:25]
SOAP:   5%|▍         | 1176/25418 [3:36:50 > 10:25]
SOAP:   5%|▍         | 1177/25418 [3:36:49 > 10:26]
SOAP:   5%|▍         | 1178/25418 [3:36:38 > 10:26]
SOAP:   5%|▍         | 1179/25418 [3:36:59 > 10:27]
SOAP:   5%|▍         | 1180/25418 [3:36:30 > 10:27]
SOAP:   5%|▍         | 1181/25418 [3:36:38 > 10:28]
SOAP:   5%|▍         | 1182/25418 [3:37:09 > 10:29]
SOAP:   5%|▍         | 1183/25418 [3:36:13 > 10:29]
SOAP:   5%|▍         | 1184/25418 [3:36:43 > 10:30]
SOAP:   5%|▍         | 1185/25418 [3:36:45 > 10:30]
SOAP:   5%|▍         | 1186/25418 [3:36:14 > 10:31]
SOAP:   5%|▍         | 1187/25418 [3:36:47 > 10:31]
SOAP:   5%|▍         | 1188/25418 [3:36:45 > 10:32]
SOAP:   5%|▍         | 1189/25418 [3:36:00 > 10:32]
SOAP:   5%|▍         | 1190/25418 [3:36:57 > 10:33]
SOAP:   5%|▍         | 1191/25418 [3:36:43 > 10:33]
SOAP:   5%|▍         | 1192/25418 [3:36:04 > 10:34]
SOAP:   5%|▍         | 1193/25418 [3:36:44 > 10:34]
SOAP:   5%|▍         | 1194/25418 [3:36:32 > 10:35]
SOAP:   5%|▍         | 1195/25418 [3:36:13 > 10:36]
SOAP:   5%|▍         | 1196/25418 [3:36:37 > 10:36]
SOAP:   5%|▍         | 1197/25418 [3:36:31 > 10:37]
SOAP:   5%|▍         | 1198/25418 [3:36:06 > 10:37]
SOAP:   5%|▍         | 1199/25418 [3:35:36 > 10:38]
SOAP:   5%|▍         | 1200/25418 [3:34:54 > 10:38]
SOAP:   5%|▍         | 1201/25418 [3:36:51 > 10:39]
SOAP:   5%|▍         | 1202/25418 [3:35:01 > 10:39]
SOAP:   5%|▍         | 1203/25418 [3:34:31 > 10:40]
SOAP:   5%|▍         | 1204/25418 [3:34:54 > 10:40]
SOAP:   5%|▍         | 1205/25418 [3:34:25 > 10:41]
SOAP:   5%|▍         | 1206/25418 [3:34:17 > 10:41]
SOAP:   5%|▍         | 1207/25418 [3:34:49 > 10:42]
SOAP:   5%|▍         | 1208/25418 [3:34:09 > 10:42]
SOAP:   5%|▍         | 1209/25418 [3:34:24 > 10:43]
SOAP:   5%|▍         | 1210/25418 [3:34:29 > 10:43]
SOAP:   5%|▍         | 1211/25418 [3:33:53 > 10:44]
SOAP:   5%|▍         | 1212/25418 [3:34:56 > 10:45]
SOAP:   5%|▍         | 1213/25418 [3:33:18 > 10:45]
SOAP:   5%|▍         | 1214/25418 [3:34:21 > 10:46]
SOAP:   5%|▍         | 1215/25418 [3:35:01 > 10:46]
SOAP:   5%|▍         | 1216/25418 [3:34:33 > 10:47]
SOAP:   5%|▍         | 1217/25418 [3:33:58 > 10:47]
SOAP:   5%|▍         | 1218/25418 [3:34:31 > 10:48]
SOAP:   5%|▍         | 1219/25418 [3:34:16 > 10:48]
SOAP:   5%|▍         | 1220/25418 [3:33:51 > 10:49]
SOAP:   5%|▍         | 1221/25418 [3:34:16 > 10:49]
SOAP:   5%|▍         | 1222/25418 [3:33:54 > 10:50]
SOAP:   5%|▍         | 1223/25418 [3:34:11 > 10:50]
SOAP:   5%|▍         | 1224/25418 [3:34:08 > 10:51]
SOAP:   5%|▍         | 1225/25418 [3:33:45 > 10:51]
SOAP:   5%|▍         | 1226/25418 [3:34:16 > 10:52]
SOAP:   5%|▍         | 1227/25418 [3:33:59 > 10:53]
SOAP:   5%|▍         | 1228/25418 [3:33:52 > 10:53]
SOAP:   5%|▍         | 1229/25418 [3:34:30 > 10:54]
SOAP:   5%|▍         | 1230/25418 [3:33:56 > 10:54]
SOAP:   5%|▍         | 1231/25418 [3:34:37 > 10:55]
SOAP:   5%|▍         | 1232/25418 [3:33:36 > 10:55]
SOAP:   5%|▍         | 1233/25418 [3:34:24 > 10:56]
SOAP:   5%|▍         | 1234/25418 [3:34:35 > 10:56]
SOAP:   5%|▍         | 1235/25418 [3:34:32 > 10:57]
SOAP:   5%|▍         | 1236/25418 [3:33:34 > 10:57]
SOAP:   5%|▍         | 1237/25418 [3:34:25 > 10:58]
SOAP:   5%|▍         | 1238/25418 [3:34:06 > 10:58]
SOAP:   5%|▍         | 1239/25418 [3:33:32 > 10:59]
SOAP:   5%|▍         | 1240/25418 [3:34:05 > 10:59]
SOAP:   5%|▍         | 1241/25418 [3:33:48 > 11:00]
SOAP:   5%|▍         | 1242/25418 [3:33:37 > 11:00]
SOAP:   5%|▍         | 1243/25418 [3:33:55 > 11:01]
SOAP:   5%|▍         | 1244/25418 [3:33:46 > 11:02]
SOAP:   5%|▍         | 1245/25418 [3:33:55 > 11:02]
SOAP:   5%|▍         | 1246/25418 [3:33:59 > 11:03]
SOAP:   5%|▍         | 1247/25418 [3:32:01 > 11:03]
SOAP:   5%|▍         | 1248/25418 [3:34:28 > 11:04]
SOAP:   5%|▍         | 1249/25418 [3:34:00 > 11:04]
SOAP:   5%|▍         | 1250/25418 [3:33:52 > 11:05]
SOAP:   5%|▍         | 1251/25418 [3:32:33 > 11:05]
SOAP:   5%|▍         | 1252/25418 [3:34:15 > 11:06]
SOAP:   5%|▍         | 1253/25418 [3:34:09 > 11:06]
SOAP:   5%|▍         | 1254/25418 [3:34:25 > 11:07]
SOAP:   5%|▍         | 1255/25418 [3:33:34 > 11:07]
SOAP:   5%|▍         | 1256/25418 [3:34:17 > 11:08]
SOAP:   5%|▍         | 1257/25418 [3:34:17 > 11:08]
SOAP:   5%|▍         | 1258/25418 [3:33:29 > 11:09]
SOAP:   5%|▍         | 1259/25418 [3:34:17 > 11:10]
SOAP:   5%|▍         | 1260/25418 [3:34:35 > 11:10]
SOAP:   5%|▍         | 1261/25418 [3:33:38 > 11:11]
SOAP:   5%|▍         | 1262/25418 [3:33:58 > 11:11]
SOAP:   5%|▍         | 1263/25418 [3:33:54 > 11:12]
SOAP:   5%|▍         | 1264/25418 [3:33:34 > 11:12]
SOAP:   5%|▍         | 1265/25418 [3:34:01 > 11:13]
SOAP:   5%|▍         | 1266/25418 [3:33:42 > 11:13]
SOAP:   5%|▍         | 1267/25418 [3:33:43 > 11:14]
SOAP:   5%|▍         | 1268/25418 [3:33:49 > 11:14]
SOAP:   5%|▍         | 1269/25418 [3:33:34 > 11:15]
SOAP:   5%|▍         | 1270/25418 [3:31:59 > 11:15]
SOAP:   5%|▌         | 1271/25418 [3:34:04 > 11:16]
SOAP:   5%|▌         | 1272/25418 [3:33:50 > 11:16]
SOAP:   5%|▌         | 1273/25418 [3:34:19 > 11:17]
SOAP:   5%|▌         | 1274/25418 [3:33:30 > 11:17]
SOAP:   5%|▌         | 1275/25418 [3:33:45 > 11:18]
SOAP:   5%|▌         | 1276/25418 [3:33:55 > 11:19]
SOAP:   5%|▌         | 1277/25418 [3:33:17 > 11:19]
SOAP:   5%|▌         | 1278/25418 [3:33:39 > 11:20]
SOAP:   5%|▌         | 1279/25418 [3:33:47 > 11:20]
SOAP:   5%|▌         | 1280/25418 [3:33:03 > 11:21]
SOAP:   5%|▌         | 1281/25418 [3:33:39 > 11:21]
SOAP:   5%|▌         | 1282/25418 [3:33:34 > 11:22]
SOAP:   5%|▌         | 1283/25418 [3:32:52 > 11:22]
SOAP:   5%|▌         | 1284/25418 [3:33:41 > 11:23]
SOAP:   5%|▌         | 1285/25418 [3:33:27 > 11:23]
SOAP:   5%|▌         | 1286/25418 [3:33:08 > 11:24]
SOAP:   5%|▌         | 1287/25418 [3:33:35 > 11:24]
SOAP:   5%|▌         | 1288/25418 [3:33:26 > 11:25]
SOAP:   5%|▌         | 1289/25418 [3:31:51 > 11:25]
SOAP:   5%|▌         | 1290/25418 [3:34:08 > 11:26]
SOAP:   5%|▌         | 1291/25418 [3:34:17 > 11:27]
SOAP:   5%|▌         | 1292/25418 [3:34:07 > 11:27]
SOAP:   5%|▌         | 1293/25418 [3:34:13 > 11:28]
SOAP:   5%|▌         | 1294/25418 [3:33:39 > 11:28]
SOAP:   5%|▌         | 1295/25418 [3:34:04 > 11:29]
SOAP:   5%|▌         | 1296/25418 [3:33:17 > 11:29]
SOAP:   5%|▌         | 1297/25418 [3:33:20 > 11:30]
SOAP:   5%|▌         | 1298/25418 [3:33:57 > 11:30]
SOAP:   5%|▌         | 1299/25418 [3:31:27 > 11:31]
SOAP:   5%|▌         | 1300/25418 [3:34:08 > 11:31]
SOAP:   5%|▌         | 1301/25418 [3:36:02 > 11:32]
SOAP:   5%|▌         | 1302/25418 [3:33:43 > 11:32]
SOAP:   5%|▌         | 1303/25418 [3:34:23 > 11:33]
SOAP:   5%|▌         | 1304/25418 [3:33:53 > 11:33]
SOAP:   5%|▌         | 1305/25418 [3:33:05 > 11:34]
SOAP:   5%|▌         | 1306/25418 [3:33:39 > 11:34]
SOAP:   5%|▌         | 1307/25418 [3:33:25 > 11:35]
SOAP:   5%|▌         | 1308/25418 [3:31:36 > 11:36]
SOAP:   5%|▌         | 1309/25418 [3:34:21 > 11:36]
SOAP:   5%|▌         | 1310/25418 [3:34:06 > 11:37]
SOAP:   5%|▌         | 1311/25418 [3:33:43 > 11:37]
SOAP:   5%|▌         | 1312/25418 [3:33:53 > 11:38]
SOAP:   5%|▌         | 1313/25418 [3:33:20 > 11:38]
SOAP:   5%|▌         | 1314/25418 [3:33:32 > 11:39]
SOAP:   5%|▌         | 1315/25418 [3:33:23 > 11:39]
SOAP:   5%|▌         | 1316/25418 [3:33:02 > 11:40]
SOAP:   5%|▌         | 1317/25418 [3:33:32 > 11:40]
SOAP:   5%|▌         | 1318/25418 [3:33:00 > 11:41]
SOAP:   5%|▌         | 1319/25418 [3:33:09 > 11:41]
SOAP:   5%|▌         | 1320/25418 [3:33:48 > 11:42]
SOAP:   5%|▌         | 1321/25418 [3:32:56 > 11:42]
SOAP:   5%|▌         | 1322/25418 [3:33:12 > 11:43]
SOAP:   5%|▌         | 1323/25418 [3:33:26 > 11:44]
SOAP:   5%|▌         | 1324/25418 [3:32:43 > 11:44]
SOAP:   5%|▌         | 1325/25418 [3:33:25 > 11:45]
SOAP:   5%|▌         | 1326/25418 [3:33:19 > 11:45]
SOAP:   5%|▌         | 1327/25418 [3:31:05 > 11:46]
SOAP:   5%|▌         | 1328/25418 [3:33:58 > 11:46]
SOAP:   5%|▌         | 1329/25418 [3:33:19 > 11:47]
SOAP:   5%|▌         | 1330/25418 [3:32:45 > 11:47]
SOAP:   5%|▌         | 1331/25418 [3:33:27 > 11:48]
SOAP:   5%|▌         | 1332/25418 [3:33:24 > 11:48]
SOAP:   5%|▌         | 1333/25418 [3:33:10 > 11:49]
SOAP:   5%|▌         | 1334/25418 [3:33:27 > 11:49]
SOAP:   5%|▌         | 1335/25418 [3:33:07 > 11:50]
SOAP:   5%|▌         | 1336/25418 [3:33:06 > 11:50]
SOAP:   5%|▌         | 1337/25418 [3:33:07 > 11:51]
SOAP:   5%|▌         | 1338/25418 [3:32:51 > 11:51]
SOAP:   5%|▌         | 1339/25418 [3:33:26 > 11:52]
SOAP:   5%|▌         | 1340/25418 [3:33:13 > 11:53]
SOAP:   5%|▌         | 1341/25418 [3:33:09 > 11:53]
SOAP:   5%|▌         | 1342/25418 [3:33:37 > 11:54]
SOAP:   5%|▌         | 1343/25418 [3:32:54 > 11:54]
SOAP:   5%|▌         | 1344/25418 [3:33:38 > 11:55]
SOAP:   5%|▌         | 1345/25418 [3:33:55 > 11:55]
SOAP:   5%|▌         | 1346/25418 [3:32:57 > 11:56]
SOAP:   5%|▌         | 1347/25418 [3:33:31 > 11:56]
SOAP:   5%|▌         | 1348/25418 [3:33:19 > 11:57]
SOAP:   5%|▌         | 1349/25418 [3:32:30 > 11:57]
SOAP:   5%|▌         | 1350/25418 [3:33:22 > 11:58]
SOAP:   5%|▌         | 1351/25418 [3:33:07 > 11:58]
SOAP:   5%|▌         | 1352/25418 [3:32:33 > 11:59]
SOAP:   5%|▌         | 1353/25418 [3:33:09 > 11:59]
SOAP:   5%|▌         | 1354/25418 [3:32:55 > 12:00]
SOAP:   5%|▌         | 1355/25418 [3:32:38 > 12:01]
SOAP:   5%|▌         | 1356/25418 [3:33:02 > 12:01]
SOAP:   5%|▌         | 1357/25418 [3:32:46 > 12:02]
SOAP:   5%|▌         | 1358/25418 [3:32:50 > 12:02]
SOAP:   5%|▌         | 1359/25418 [3:32:47 > 12:03]
SOAP:   5%|▌         | 1360/25418 [3:32:29 > 12:03]
SOAP:   5%|▌         | 1361/25418 [3:32:54 > 12:04]
SOAP:   5%|▌         | 1362/25418 [3:32:49 > 12:04]
SOAP:   5%|▌         | 1363/25418 [3:32:37 > 12:05]
SOAP:   5%|▌         | 1364/25418 [3:33:13 > 12:05]
SOAP:   5%|▌         | 1365/25418 [3:32:40 > 12:06]
SOAP:   5%|▌         | 1366/25418 [3:32:33 > 12:06]
SOAP:   5%|▌         | 1367/25418 [3:33:05 > 12:07]
SOAP:   5%|▌         | 1368/25418 [3:32:10 > 12:07]
SOAP:   5%|▌         | 1369/25418 [3:32:39 > 12:08]
SOAP:   5%|▌         | 1370/25418 [3:32:46 > 12:08]
SOAP:   5%|▌         | 1371/25418 [3:32:12 > 12:09]
SOAP:   5%|▌         | 1372/25418 [3:32:54 > 12:10]
SOAP:   5%|▌         | 1373/25418 [3:32:50 > 12:10]
SOAP:   5%|▌         | 1374/25418 [3:32:11 > 12:11]
SOAP:   5%|▌         | 1375/25418 [3:33:06 > 12:11]
SOAP:   5%|▌         | 1376/25418 [3:32:55 > 12:12]
SOAP:   5%|▌         | 1377/25418 [3:30:57 > 12:12]
SOAP:   5%|▌         | 1378/25418 [3:33:15 > 12:13]
SOAP:   5%|▌         | 1379/25418 [3:32:53 > 12:13]
SOAP:   5%|▌         | 1380/25418 [3:32:45 > 12:14]
SOAP:   5%|▌         | 1381/25418 [3:32:47 > 12:14]
SOAP:   5%|▌         | 1382/25418 [3:32:37 > 12:15]
SOAP:   5%|▌         | 1383/25418 [3:32:58 > 12:15]
SOAP:   5%|▌         | 1384/25418 [3:32:29 > 12:16]
SOAP:   5%|▌         | 1385/25418 [3:32:28 > 12:16]
SOAP:   5%|▌         | 1386/25418 [3:33:06 > 12:17]
SOAP:   5%|▌         | 1387/25418 [3:32:35 > 12:17]
SOAP:   5%|▌         | 1388/25418 [3:32:44 > 12:18]
SOAP:   5%|▌         | 1389/25418 [3:33:10 > 12:19]
SOAP:   5%|▌         | 1390/25418 [3:32:11 > 12:19]
SOAP:   5%|▌         | 1391/25418 [3:32:46 > 12:20]
SOAP:   5%|▌         | 1392/25418 [3:32:44 > 12:20]
SOAP:   5%|▌         | 1393/25418 [3:31:59 > 12:21]
SOAP:   5%|▌         | 1394/25418 [3:32:42 > 12:21]
SOAP:   5%|▌         | 1395/25418 [3:32:37 > 12:22]
SOAP:   5%|▌         | 1396/25418 [3:31:50 > 12:22]
SOAP:   5%|▌         | 1397/25418 [3:32:44 > 12:23]
SOAP:   6%|▌         | 1398/25418 [3:32:30 > 12:23]
SOAP:   6%|▌         | 1399/25418 [3:32:03 > 12:24]
SOAP:   6%|▌         | 1400/25418 [3:32:43 > 12:24]
SOAP:   6%|▌         | 1401/25418 [3:34:33 > 12:25]
SOAP:   6%|▌         | 1402/25418 [3:32:36 > 12:25]
SOAP:   6%|▌         | 1403/25418 [3:33:03 > 12:26]
SOAP:   6%|▌         | 1404/25418 [3:32:48 > 12:27]
SOAP:   6%|▌         | 1405/25418 [3:33:05 > 12:27]
SOAP:   6%|▌         | 1406/25418 [3:32:41 > 12:28]
SOAP:   6%|▌         | 1407/25418 [3:32:36 > 12:28]
SOAP:   6%|▌         | 1408/25418 [3:32:43 > 12:29]
SOAP:   6%|▌         | 1409/25418 [3:32:14 > 12:29]
SOAP:   6%|▌         | 1410/25418 [3:32:12 > 12:30]
SOAP:   6%|▌         | 1411/25418 [3:32:50 > 12:30]
SOAP:   6%|▌         | 1412/25418 [3:32:06 > 12:31]
SOAP:   6%|▌         | 1413/25418 [3:32:37 > 12:31]
SOAP:   6%|▌         | 1414/25418 [3:32:50 > 12:32]
SOAP:   6%|▌         | 1415/25418 [3:32:04 > 12:32]
SOAP:   6%|▌         | 1416/25418 [3:32:38 > 12:33]
SOAP:   6%|▌         | 1417/25418 [3:32:29 > 12:33]
SOAP:   6%|▌         | 1418/25418 [3:31:43 > 12:34]
SOAP:   6%|▌         | 1419/25418 [3:32:23 > 12:34]
SOAP:   6%|▌         | 1420/25418 [3:32:14 > 12:35]
SOAP:   6%|▌         | 1421/25418 [3:31:52 > 12:36]
SOAP:   6%|▌         | 1422/25418 [3:32:29 > 12:36]
SOAP:   6%|▌         | 1423/25418 [3:32:36 > 12:37]
SOAP:   6%|▌         | 1424/25418 [3:32:45 > 12:37]
SOAP:   6%|▌         | 1425/25418 [3:32:45 > 12:38]
SOAP:   6%|▌         | 1426/25418 [3:32:30 > 12:38]
SOAP:   6%|▌         | 1427/25418 [3:32:32 > 12:39]
SOAP:   6%|▌         | 1428/25418 [3:32:29 > 12:39]
SOAP:   6%|▌         | 1429/25418 [3:32:19 > 12:40]
SOAP:   6%|▌         | 1430/25418 [3:32:49 > 12:40]
SOAP:   6%|▌         | 1431/25418 [3:32:14 > 12:41]
SOAP:   6%|▌         | 1432/25418 [3:32:04 > 12:41]
SOAP:   6%|▌         | 1433/25418 [3:32:37 > 12:42]
SOAP:   6%|▌         | 1434/25418 [3:31:52 > 12:42]
SOAP:   6%|▌         | 1435/25418 [3:32:21 > 12:43]
SOAP:   6%|▌         | 1436/25418 [3:32:41 > 12:44]
SOAP:   6%|▌         | 1437/25418 [3:31:46 > 12:44]
SOAP:   6%|▌         | 1438/25418 [3:32:34 > 12:45]
SOAP:   6%|▌         | 1439/25418 [3:32:17 > 12:45]
SOAP:   6%|▌         | 1440/25418 [3:31:34 > 12:46]
SOAP:   6%|▌         | 1441/25418 [3:32:30 > 12:46]
SOAP:   6%|▌         | 1442/25418 [3:32:10 > 12:47]
SOAP:   6%|▌         | 1443/25418 [3:31:31 > 12:47]
SOAP:   6%|▌         | 1444/25418 [3:32:05 > 12:48]
SOAP:   6%|▌         | 1445/25418 [3:32:08 > 12:48]
SOAP:   6%|▌         | 1446/25418 [3:31:36 > 12:49]
SOAP:   6%|▌         | 1447/25418 [3:32:08 > 12:49]
SOAP:   6%|▌         | 1448/25418 [3:32:02 > 12:50]
SOAP:   6%|▌         | 1449/25418 [3:32:01 > 12:50]
SOAP:   6%|▌         | 1450/25418 [3:32:04 > 12:51]
SOAP:   6%|▌         | 1451/25418 [3:31:58 > 12:51]
SOAP:   6%|▌         | 1452/25418 [3:32:16 > 12:52]
SOAP:   6%|▌         | 1453/25418 [3:32:13 > 12:53]
SOAP:   6%|▌         | 1454/25418 [3:32:00 > 12:53]
SOAP:   6%|▌         | 1455/25418 [3:32:43 > 12:54]
SOAP:   6%|▌         | 1456/25418 [3:32:18 > 12:54]
SOAP:   6%|▌         | 1457/25418 [3:32:55 > 12:55]
SOAP:   6%|▌         | 1458/25418 [3:33:04 > 12:55]
SOAP:   6%|▌         | 1459/25418 [3:32:09 > 12:56]
SOAP:   6%|▌         | 1460/25418 [3:32:38 > 12:56]
SOAP:   6%|▌         | 1461/25418 [3:32:39 > 12:57]
SOAP:   6%|▌         | 1462/25418 [3:31:51 > 12:57]
SOAP:   6%|▌         | 1463/25418 [3:32:26 > 12:58]
SOAP:   6%|▌         | 1464/25418 [3:32:08 > 12:58]
SOAP:   6%|▌         | 1465/25418 [3:31:27 > 12:59]
SOAP:   6%|▌         | 1466/25418 [3:32:15 > 12:59]
SOAP:   6%|▌         | 1467/25418 [3:32:01 > 13:00]
SOAP:   6%|▌         | 1468/25418 [3:31:38 > 13:01]
SOAP:   6%|▌         | 1469/25418 [3:32:13 > 13:01]
SOAP:   6%|▌         | 1470/25418 [3:31:56 > 13:02]
SOAP:   6%|▌         | 1471/25418 [3:31:39 > 13:02]
SOAP:   6%|▌         | 1472/25418 [3:32:03 > 13:03]
SOAP:   6%|▌         | 1473/25418 [3:32:02 > 13:03]
SOAP:   6%|▌         | 1474/25418 [3:32:27 > 13:04]
SOAP:   6%|▌         | 1475/25418 [3:32:11 > 13:04]
SOAP:   6%|▌         | 1476/25418 [3:31:58 > 13:05]
SOAP:   6%|▌         | 1477/25418 [3:32:18 > 13:05]
SOAP:   6%|▌         | 1478/25418 [3:30:08 > 13:06]
SOAP:   6%|▌         | 1479/25418 [3:32:24 > 13:06]
SOAP:   6%|▌         | 1480/25418 [3:32:29 > 13:07]
SOAP:   6%|▌         | 1481/25418 [3:31:42 > 13:07]
SOAP:   6%|▌         | 1482/25418 [3:32:14 > 13:08]
SOAP:   6%|▌         | 1483/25418 [3:32:10 > 13:08]
SOAP:   6%|▌         | 1484/25418 [3:31:23 > 13:09]
SOAP:   6%|▌         | 1485/25418 [3:32:04 > 13:10]
SOAP:   6%|▌         | 1486/25418 [3:31:46 > 13:10]
SOAP:   6%|▌         | 1487/25418 [3:31:07 > 13:11]
SOAP:   6%|▌         | 1488/25418 [3:31:58 > 13:11]
SOAP:   6%|▌         | 1489/25418 [3:31:52 > 13:12]
SOAP:   6%|▌         | 1490/25418 [3:31:32 > 13:12]
SOAP:   6%|▌         | 1491/25418 [3:32:04 > 13:13]
SOAP:   6%|▌         | 1492/25418 [3:31:52 > 13:13]
SOAP:   6%|▌         | 1493/25418 [3:31:44 > 13:14]
SOAP:   6%|▌         | 1494/25418 [3:31:47 > 13:14]
SOAP:   6%|▌         | 1495/25418 [3:31:35 > 13:15]
SOAP:   6%|▌         | 1496/25418 [3:31:43 > 13:15]
SOAP:   6%|▌         | 1497/25418 [3:31:36 > 13:16]
SOAP:   6%|▌         | 1498/25418 [3:31:24 > 13:16]
SOAP:   6%|▌         | 1499/25418 [3:32:03 > 13:17]
SOAP:   6%|▌         | 1500/25418 [3:31:25 > 13:18]
SOAP:   6%|▌         | 1501/25418 [3:33:40 > 13:18]
SOAP:   6%|▌         | 1502/25418 [3:32:32 > 13:19]
SOAP:   6%|▌         | 1503/25418 [3:31:46 > 13:19]
SOAP:   6%|▌         | 1504/25418 [3:32:06 > 13:20]
SOAP:   6%|▌         | 1505/25418 [3:32:00 > 13:20]
SOAP:   6%|▌         | 1506/25418 [3:31:22 > 13:21]
SOAP:   6%|▌         | 1507/25418 [3:32:09 > 13:21]
SOAP:   6%|▌         | 1508/25418 [3:31:58 > 13:22]
SOAP:   6%|▌         | 1509/25418 [3:31:18 > 13:22]
SOAP:   6%|▌         | 1510/25418 [3:32:06 > 13:23]
SOAP:   6%|▌         | 1511/25418 [3:31:44 > 13:23]
SOAP:   6%|▌         | 1512/25418 [3:31:12 > 13:24]
SOAP:   6%|▌         | 1513/25418 [3:31:40 > 13:24]
SOAP:   6%|▌         | 1514/25418 [3:31:32 > 13:25]
SOAP:   6%|▌         | 1515/25418 [3:31:31 > 13:25]
SOAP:   6%|▌         | 1516/25418 [3:31:43 > 13:26]
SOAP:   6%|▌         | 1517/25418 [3:31:25 > 13:27]
SOAP:   6%|▌         | 1518/25418 [3:31:29 > 13:27]
SOAP:   6%|▌         | 1519/25418 [3:31:25 > 13:28]
SOAP:   6%|▌         | 1520/25418 [3:31:06 > 13:28]
SOAP:   6%|▌         | 1521/25418 [3:31:45 > 13:29]
SOAP:   6%|▌         | 1522/25418 [3:31:26 > 13:29]
SOAP:   6%|▌         | 1523/25418 [3:31:30 > 13:30]
SOAP:   6%|▌         | 1524/25418 [3:31:56 > 13:30]
SOAP:   6%|▌         | 1525/25418 [3:31:07 > 13:31]
SOAP:   6%|▌         | 1526/25418 [3:31:18 > 13:31]
SOAP:   6%|▌         | 1527/25418 [3:31:27 > 13:32]
SOAP:   6%|▌         | 1528/25418 [3:30:39 > 13:32]
SOAP:   6%|▌         | 1529/25418 [3:31:28 > 13:33]
SOAP:   6%|▌         | 1530/25418 [3:31:19 > 13:33]
SOAP:   6%|▌         | 1531/25418 [3:30:54 > 13:34]
SOAP:   6%|▌         | 1532/25418 [3:31:35 > 13:35]
SOAP:   6%|▌         | 1533/25418 [3:31:17 > 13:35]
SOAP:   6%|▌         | 1534/25418 [3:30:57 > 13:36]
SOAP:   6%|▌         | 1535/25418 [3:31:32 > 13:36]
SOAP:   6%|▌         | 1536/25418 [3:31:09 > 13:37]
SOAP:   6%|▌         | 1537/25418 [3:31:05 > 13:37]
SOAP:   6%|▌         | 1538/25418 [3:31:21 > 13:38]
SOAP:   6%|▌         | 1539/25418 [3:31:02 > 13:38]
SOAP:   6%|▌         | 1540/25418 [3:31:16 > 13:39]
SOAP:   6%|▌         | 1541/25418 [3:31:18 > 13:39]
SOAP:   6%|▌         | 1542/25418 [3:31:01 > 13:40]
SOAP:   6%|▌         | 1543/25418 [3:31:18 > 13:40]
SOAP:   6%|▌         | 1544/25418 [3:31:06 > 13:41]
SOAP:   6%|▌         | 1545/25418 [3:30:42 > 13:41]
SOAP:   6%|▌         | 1546/25418 [3:31:31 > 13:42]
SOAP:   6%|▌         | 1547/25418 [3:31:00 > 13:42]
SOAP:   6%|▌         | 1548/25418 [3:31:27 > 13:43]
SOAP:   6%|▌         | 1549/25418 [3:31:45 > 13:44]
SOAP:   6%|▌         | 1550/25418 [3:29:23 > 13:44]
SOAP:   6%|▌         | 1551/25418 [3:32:16 > 13:45]
SOAP:   6%|▌         | 1552/25418 [3:32:04 > 13:45]
SOAP:   6%|▌         | 1553/25418 [3:31:06 > 13:46]
SOAP:   6%|▌         | 1554/25418 [3:29:56 > 13:46]
SOAP:   6%|▌         | 1555/25418 [3:32:06 > 13:47]
SOAP:   6%|▌         | 1556/25418 [3:31:19 > 13:47]
SOAP:   6%|▌         | 1557/25418 [3:31:43 > 13:48]
SOAP:   6%|▌         | 1558/25418 [3:31:25 > 13:48]
SOAP:   6%|▌         | 1559/25418 [3:31:09 > 13:49]
SOAP:   6%|▌         | 1560/25418 [3:31:21 > 13:49]
SOAP:   6%|▌         | 1561/25418 [3:30:56 > 13:50]
SOAP:   6%|▌         | 1562/25418 [3:31:04 > 13:50]
SOAP:   6%|▌         | 1563/25418 [3:31:21 > 13:51]
SOAP:   6%|▌         | 1564/25418 [3:31:40 > 13:52]
SOAP:   6%|▌         | 1565/25418 [3:31:51 > 13:52]
SOAP:   6%|▌         | 1566/25418 [3:31:26 > 13:53]
SOAP:   6%|▌         | 1567/25418 [3:31:11 > 13:53]
SOAP:   6%|▌         | 1568/25418 [3:31:40 > 13:54]
SOAP:   6%|▌         | 1569/25418 [3:30:55 > 13:54]
SOAP:   6%|▌         | 1570/25418 [3:31:06 > 13:55]
SOAP:   6%|▌         | 1571/25418 [3:31:24 > 13:55]
SOAP:   6%|▌         | 1572/25418 [3:30:35 > 13:56]
SOAP:   6%|▌         | 1573/25418 [3:31:09 > 13:56]
SOAP:   6%|▌         | 1574/25418 [3:31:19 > 13:57]
SOAP:   6%|▌         | 1575/25418 [3:30:04 > 13:57]
SOAP:   6%|▌         | 1576/25418 [3:31:31 > 13:58]
SOAP:   6%|▌         | 1577/25418 [3:31:12 > 13:58]
SOAP:   6%|▌         | 1578/25418 [3:30:25 > 13:59]
SOAP:   6%|▌         | 1579/25418 [3:31:04 > 13:59]
SOAP:   6%|▌         | 1580/25418 [3:30:56 > 14:00]
SOAP:   6%|▌         | 1581/25418 [3:30:40 > 14:01]
SOAP:   6%|▌         | 1582/25418 [3:31:01 > 14:01]
SOAP:   6%|▌         | 1583/25418 [3:30:59 > 14:02]
SOAP:   6%|▌         | 1584/25418 [3:30:49 > 14:02]
SOAP:   6%|▌         | 1585/25418 [3:31:03 > 14:03]
SOAP:   6%|▌         | 1586/25418 [3:30:53 > 14:03]
SOAP:   6%|▌         | 1587/25418 [3:31:13 > 14:04]
SOAP:   6%|▌         | 1588/25418 [3:31:00 > 14:04]
SOAP:   6%|▋         | 1589/25418 [3:30:59 > 14:05]
SOAP:   6%|▋         | 1590/25418 [3:31:29 > 14:05]
SOAP:   6%|▋         | 1591/25418 [3:30:40 > 14:06]
SOAP:   6%|▋         | 1592/25418 [3:30:53 > 14:06]
SOAP:   6%|▋         | 1593/25418 [3:31:13 > 14:07]
SOAP:   6%|▋         | 1594/25418 [3:29:16 > 14:07]
SOAP:   6%|▋         | 1595/25418 [3:31:52 > 14:08]
SOAP:   6%|▋         | 1596/25418 [3:31:31 > 14:09]
SOAP:   6%|▋         | 1597/25418 [3:30:33 > 14:09]
SOAP:   6%|▋         | 1598/25418 [3:31:13 > 14:10]
SOAP:   6%|▋         | 1599/25418 [3:30:56 > 14:10]
SOAP:   6%|▋         | 1600/25418 [3:30:21 > 14:11]
SOAP:   6%|▋         | 1601/25418 [3:33:08 > 14:11]
SOAP:   6%|▋         | 1602/25418 [3:31:12 > 14:12]
SOAP:   6%|▋         | 1603/25418 [3:30:43 > 14:12]
SOAP:   6%|▋         | 1604/25418 [3:31:04 > 14:13]
SOAP:   6%|▋         | 1605/25418 [3:31:03 > 14:13]
SOAP:   6%|▋         | 1606/25418 [3:30:44 > 14:14]
SOAP:   6%|▋         | 1607/25418 [3:30:53 > 14:14]
SOAP:   6%|▋         | 1608/25418 [3:30:43 > 14:15]
SOAP:   6%|▋         | 1609/25418 [3:31:00 > 14:15]
SOAP:   6%|▋         | 1610/25418 [3:30:35 > 14:16]
SOAP:   6%|▋         | 1611/25418 [3:30:30 > 14:16]
SOAP:   6%|▋         | 1612/25418 [3:30:49 > 14:17]
SOAP:   6%|▋         | 1613/25418 [3:28:38 > 14:18]
SOAP:   6%|▋         | 1614/25418 [3:31:10 > 14:18]
SOAP:   6%|▋         | 1615/25418 [3:31:26 > 14:19]
SOAP:   6%|▋         | 1616/25418 [3:30:41 > 14:19]
SOAP:   6%|▋         | 1617/25418 [3:31:03 > 14:20]
SOAP:   6%|▋         | 1618/25418 [3:30:55 > 14:20]
SOAP:   6%|▋         | 1619/25418 [3:28:24 > 14:21]
SOAP:   6%|▋         | 1620/25418 [3:31:14 > 14:21]
SOAP:   6%|▋         | 1621/25418 [3:31:07 > 14:22]
SOAP:   6%|▋         | 1622/25418 [3:30:10 > 14:22]
SOAP:   6%|▋         | 1623/25418 [3:30:53 > 14:23]
SOAP:   6%|▋         | 1624/25418 [3:30:37 > 14:23]
SOAP:   6%|▋         | 1625/25418 [3:30:11 > 14:24]
SOAP:   6%|▋         | 1626/25418 [3:30:49 > 14:24]
SOAP:   6%|▋         | 1627/25418 [3:30:34 > 14:25]
SOAP:   6%|▋         | 1628/25418 [3:30:20 > 14:26]
SOAP:   6%|▋         | 1629/25418 [3:30:32 > 14:26]
SOAP:   6%|▋         | 1630/25418 [3:30:23 > 14:27]
SOAP:   6%|▋         | 1631/25418 [3:30:28 > 14:27]
SOAP:   6%|▋         | 1632/25418 [3:28:48 > 14:28]
SOAP:   6%|▋         | 1633/25418 [3:30:39 > 14:28]
SOAP:   6%|▋         | 1634/25418 [3:31:02 > 14:29]
SOAP:   6%|▋         | 1635/25418 [3:30:31 > 14:29]
SOAP:   6%|▋         | 1636/25418 [3:30:29 > 14:30]
SOAP:   6%|▋         | 1637/25418 [3:30:57 > 14:30]
SOAP:   6%|▋         | 1638/25418 [3:30:23 > 14:31]
SOAP:   6%|▋         | 1639/25418 [3:30:31 > 14:31]
SOAP:   6%|▋         | 1640/25418 [3:30:46 > 14:32]
SOAP:   6%|▋         | 1641/25418 [3:30:01 > 14:32]
SOAP:   6%|▋         | 1642/25418 [3:30:46 > 14:33]
SOAP:   6%|▋         | 1643/25418 [3:30:39 > 14:33]
SOAP:   6%|▋         | 1644/25418 [3:29:52 > 14:34]
SOAP:   6%|▋         | 1645/25418 [3:30:38 > 14:35]
SOAP:   6%|▋         | 1646/25418 [3:30:18 > 14:35]
SOAP:   6%|▋         | 1647/25418 [3:29:51 > 14:36]
SOAP:   6%|▋         | 1648/25418 [3:30:28 > 14:36]
SOAP:   6%|▋         | 1649/25418 [3:30:19 > 14:37]
SOAP:   6%|▋         | 1650/25418 [3:30:02 > 14:37]
SOAP:   6%|▋         | 1651/25418 [3:28:53 > 14:38]
SOAP:   6%|▋         | 1652/25418 [3:30:35 > 14:38]
SOAP:   7%|▋         | 1653/25418 [3:30:33 > 14:39]
SOAP:   7%|▋         | 1654/25418 [3:30:35 > 14:39]
SOAP:   7%|▋         | 1655/25418 [3:30:17 > 14:40]
SOAP:   7%|▋         | 1656/25418 [3:30:49 > 14:40]
SOAP:   7%|▋         | 1657/25418 [3:31:14 > 14:41]
SOAP:   7%|▋         | 1658/25418 [3:31:25 > 14:41]
SOAP:   7%|▋         | 1659/25418 [3:32:06 > 14:42]
SOAP:   7%|▋         | 1660/25418 [3:31:38 > 14:43]
SOAP:   7%|▋         | 1661/25418 [3:32:13 > 14:43]
SOAP:   7%|▋         | 1662/25418 [3:32:51 > 14:44]
SOAP:   7%|▋         | 1663/25418 [3:32:06 > 14:44]
SOAP:   7%|▋         | 1664/25418 [3:32:44 > 14:45]
SOAP:   7%|▋         | 1665/25418 [3:32:38 > 14:45]
SOAP:   7%|▋         | 1666/25418 [3:32:09 > 14:46]
SOAP:   7%|▋         | 1667/25418 [3:32:39 > 14:46]
SOAP:   7%|▋         | 1668/25418 [3:32:47 > 14:47]
SOAP:   7%|▋         | 1669/25418 [3:31:48 > 14:47]
SOAP:   7%|▋         | 1670/25418 [3:30:37 > 14:48]
SOAP:   7%|▋         | 1671/25418 [3:32:05 > 14:48]
SOAP:   7%|▋         | 1672/25418 [3:31:49 > 14:49]
SOAP:   7%|▋         | 1673/25418 [3:32:39 > 14:49]
SOAP:   7%|▋         | 1674/25418 [3:31:15 > 14:50]
SOAP:   7%|▋         | 1675/25418 [3:31:11 > 14:51]
SOAP:   7%|▋         | 1676/25418 [3:32:01 > 14:51]
SOAP:   7%|▋         | 1677/25418 [3:31:46 > 14:52]
SOAP:   7%|▋         | 1678/25418 [3:31:45 > 14:52]
SOAP:   7%|▋         | 1679/25418 [3:32:05 > 14:53]
SOAP:   7%|▋         | 1680/25418 [3:32:01 > 14:53]
SOAP:   7%|▋         | 1681/25418 [3:30:30 > 14:54]
SOAP:   7%|▋         | 1682/25418 [3:32:12 > 14:54]
SOAP:   7%|▋         | 1683/25418 [3:32:08 > 14:55]
SOAP:   7%|▋         | 1684/25418 [3:32:26 > 14:55]
SOAP:   7%|▋         | 1685/25418 [3:32:21 > 14:56]
SOAP:   7%|▋         | 1686/25418 [3:32:13 > 14:56]
SOAP:   7%|▋         | 1687/25418 [3:32:49 > 14:57]
SOAP:   7%|▋         | 1688/25418 [3:32:24 > 14:58]
SOAP:   7%|▋         | 1689/25418 [3:30:56 > 14:58]
SOAP:   7%|▋         | 1690/25418 [3:32:27 > 14:59]
SOAP:   7%|▋         | 1691/25418 [3:31:54 > 14:59]
SOAP:   7%|▋         | 1692/25418 [3:32:11 > 15:00]
SOAP:   7%|▋         | 1693/25418 [3:32:34 > 15:00]
SOAP:   7%|▋         | 1694/25418 [3:31:50 > 15:01]
SOAP:   7%|▋         | 1695/25418 [3:32:33 > 15:01]
SOAP:   7%|▋         | 1696/25418 [3:32:16 > 15:02]
SOAP:   7%|▋         | 1697/25418 [3:31:47 > 15:02]
SOAP:   7%|▋         | 1698/25418 [3:32:27 > 15:03]
SOAP:   7%|▋         | 1699/25418 [3:32:18 > 15:03]
SOAP:   7%|▋         | 1700/25418 [3:31:42 > 15:04]
SOAP:   7%|▋         | 1701/25418 [3:33:27 > 15:05]
SOAP:   7%|▋         | 1702/25418 [3:33:05 > 15:05]
SOAP:   7%|▋         | 1703/25418 [3:32:29 > 15:06]
SOAP:   7%|▋         | 1704/25418 [3:32:58 > 15:06]
SOAP:   7%|▋         | 1705/25418 [3:32:36 > 15:07]
SOAP:   7%|▋         | 1706/25418 [3:32:08 > 15:07]
SOAP:   7%|▋         | 1707/25418 [3:32:21 > 15:08]
SOAP:   7%|▋         | 1708/25418 [3:32:29 > 15:08]
SOAP:   7%|▋         | 1709/25418 [3:32:20 > 15:09]
SOAP:   7%|▋         | 1710/25418 [3:32:25 > 15:09]
SOAP:   7%|▋         | 1711/25418 [3:32:18 > 15:10]
SOAP:   7%|▋         | 1712/25418 [3:32:31 > 15:10]
SOAP:   7%|▋         | 1713/25418 [3:32:19 > 15:11]
SOAP:   7%|▋         | 1714/25418 [3:31:58 > 15:11]
SOAP:   7%|▋         | 1715/25418 [3:32:24 > 15:12]
SOAP:   7%|▋         | 1716/25418 [3:32:01 > 15:13]
SOAP:   7%|▋         | 1717/25418 [3:32:13 > 15:13]
SOAP:   7%|▋         | 1718/25418 [3:32:25 > 15:14]
SOAP:   7%|▋         | 1719/25418 [3:31:20 > 15:14]
SOAP:   7%|▋         | 1720/25418 [3:31:44 > 15:15]
SOAP:   7%|▋         | 1721/25418 [3:31:53 > 15:15]
SOAP:   7%|▋         | 1722/25418 [3:31:27 > 15:16]
SOAP:   7%|▋         | 1723/25418 [3:32:13 > 15:16]
SOAP:   7%|▋         | 1724/25418 [3:32:19 > 15:17]
SOAP:   7%|▋         | 1725/25418 [3:31:45 > 15:17]
SOAP:   7%|▋         | 1726/25418 [3:32:08 > 15:18]
SOAP:   7%|▋         | 1727/25418 [3:32:00 > 15:18]
SOAP:   7%|▋         | 1728/25418 [3:31:20 > 15:19]
SOAP:   7%|▋         | 1729/25418 [3:32:15 > 15:20]
SOAP:   7%|▋         | 1730/25418 [3:32:03 > 15:20]
SOAP:   7%|▋         | 1731/25418 [3:31:34 > 15:21]
SOAP:   7%|▋         | 1732/25418 [3:32:21 > 15:21]
SOAP:   7%|▋         | 1733/25418 [3:30:33 > 15:22]
SOAP:   7%|▋         | 1734/25418 [3:31:24 > 15:22]
SOAP:   7%|▋         | 1735/25418 [3:32:00 > 15:23]
SOAP:   7%|▋         | 1736/25418 [3:31:52 > 15:23]
SOAP:   7%|▋         | 1737/25418 [3:31:08 > 15:24]
SOAP:   7%|▋         | 1738/25418 [3:31:40 > 15:24]
SOAP:   7%|▋         | 1739/25418 [3:31:38 > 15:25]
SOAP:   7%|▋         | 1740/25418 [3:31:43 > 15:25]
SOAP:   7%|▋         | 1741/25418 [3:31:40 > 15:26]
SOAP:   7%|▋         | 1742/25418 [3:31:27 > 15:27]
SOAP:   7%|▋         | 1743/25418 [3:32:09 > 15:27]
SOAP:   7%|▋         | 1744/25418 [3:31:48 > 15:28]
SOAP:   7%|▋         | 1745/25418 [3:31:49 > 15:28]
SOAP:   7%|▋         | 1746/25418 [3:31:58 > 15:29]
SOAP:   7%|▋         | 1747/25418 [3:31:01 > 15:29]
SOAP:   7%|▋         | 1748/25418 [3:31:16 > 15:30]
SOAP:   7%|▋         | 1749/25418 [3:31:36 > 15:30]
SOAP:   7%|▋         | 1750/25418 [3:30:55 > 15:31]
SOAP:   7%|▋         | 1751/25418 [3:31:47 > 15:31]
SOAP:   7%|▋         | 1752/25418 [3:31:54 > 15:32]
SOAP:   7%|▋         | 1753/25418 [3:31:18 > 15:32]
SOAP:   7%|▋         | 1754/25418 [3:31:54 > 15:33]
SOAP:   7%|▋         | 1755/25418 [3:31:54 > 15:33]
SOAP:   7%|▋         | 1756/25418 [3:30:55 > 15:34]
SOAP:   7%|▋         | 1757/25418 [3:31:53 > 15:35]
SOAP:   7%|▋         | 1758/25418 [3:31:49 > 15:35]
SOAP:   7%|▋         | 1759/25418 [3:31:19 > 15:36]
SOAP:   7%|▋         | 1760/25418 [3:32:09 > 15:36]
SOAP:   7%|▋         | 1761/25418 [3:31:52 > 15:37]
SOAP:   7%|▋         | 1762/25418 [3:31:26 > 15:37]
SOAP:   7%|▋         | 1763/25418 [3:31:45 > 15:38]
SOAP:   7%|▋         | 1764/25418 [3:31:50 > 15:38]
SOAP:   7%|▋         | 1765/25418 [3:31:45 > 15:39]
SOAP:   7%|▋         | 1766/25418 [3:31:51 > 15:39]
SOAP:   7%|▋         | 1767/25418 [3:31:36 > 15:40]
SOAP:   7%|▋         | 1768/25418 [3:31:41 > 15:40]
SOAP:   7%|▋         | 1769/25418 [3:31:39 > 15:41]
SOAP:   7%|▋         | 1770/25418 [3:31:33 > 15:42]
SOAP:   7%|▋         | 1771/25418 [3:31:41 > 15:42]
SOAP:   7%|▋         | 1772/25418 [3:31:20 > 15:43]
SOAP:   7%|▋         | 1773/25418 [3:31:21 > 15:43]
SOAP:   7%|▋         | 1774/25418 [3:31:57 > 15:44]
SOAP:   7%|▋         | 1775/25418 [3:31:32 > 15:44]
SOAP:   7%|▋         | 1776/25418 [3:31:27 > 15:45]
SOAP:   7%|▋         | 1777/25418 [3:31:55 > 15:45]
SOAP:   7%|▋         | 1778/25418 [3:31:11 > 15:46]
SOAP:   7%|▋         | 1779/25418 [3:31:48 > 15:46]
SOAP:   7%|▋         | 1780/25418 [3:31:58 > 15:47]
SOAP:   7%|▋         | 1781/25418 [3:31:07 > 15:47]
SOAP:   7%|▋         | 1782/25418 [3:31:43 > 15:48]
SOAP:   7%|▋         | 1783/25418 [3:30:08 > 15:49]
SOAP:   7%|▋         | 1784/25418 [3:30:23 > 15:49]
SOAP:   7%|▋         | 1785/25418 [3:30:48 > 15:50]
SOAP:   7%|▋         | 1786/25418 [3:30:52 > 15:50]
SOAP:   7%|▋         | 1787/25418 [3:30:17 > 15:51]
SOAP:   7%|▋         | 1788/25418 [3:31:18 > 15:51]
SOAP:   7%|▋         | 1789/25418 [3:31:24 > 15:52]
SOAP:   7%|▋         | 1790/25418 [3:30:50 > 15:52]
SOAP:   7%|▋         | 1791/25418 [3:31:22 > 15:53]
SOAP:   7%|▋         | 1792/25418 [3:31:16 > 15:53]
SOAP:   7%|▋         | 1793/25418 [3:29:23 > 15:54]
SOAP:   7%|▋         | 1794/25418 [3:31:05 > 15:54]
SOAP:   7%|▋         | 1795/25418 [3:30:37 > 15:55]
SOAP:   7%|▋         | 1796/25418 [3:31:02 > 15:55]
SOAP:   7%|▋         | 1797/25418 [3:31:08 > 15:56]
SOAP:   7%|▋         | 1798/25418 [3:31:00 > 15:57]
SOAP:   7%|▋         | 1799/25418 [3:31:27 > 15:57]
SOAP:   7%|▋         | 1800/25418 [3:31:17 > 15:58]
SOAP:   7%|▋         | 1801/25418 [3:32:10 > 15:58]
SOAP:   7%|▋         | 1802/25418 [3:30:19 > 15:59]
SOAP:   7%|▋         | 1803/25418 [3:31:28 > 15:59]
SOAP:   7%|▋         | 1804/25418 [3:31:45 > 16:00]
SOAP:   7%|▋         | 1805/25418 [3:31:49 > 16:00]
SOAP:   7%|▋         | 1806/25418 [3:31:08 > 16:01]
SOAP:   7%|▋         | 1807/25418 [3:31:27 > 16:01]
SOAP:   7%|▋         | 1808/25418 [3:31:39 > 16:02]
SOAP:   7%|▋         | 1809/25418 [3:30:53 > 16:02]
SOAP:   7%|▋         | 1810/25418 [3:31:19 > 16:03]
SOAP:   7%|▋         | 1811/25418 [3:31:11 > 16:04]
SOAP:   7%|▋         | 1812/25418 [3:30:39 > 16:04]
SOAP:   7%|▋         | 1813/25418 [3:31:27 > 16:05]
SOAP:   7%|▋         | 1814/25418 [3:31:26 > 16:05]
SOAP:   7%|▋         | 1815/25418 [3:30:37 > 16:06]
SOAP:   7%|▋         | 1816/25418 [3:31:16 > 16:06]
SOAP:   7%|▋         | 1817/25418 [3:30:57 > 16:07]
SOAP:   7%|▋         | 1818/25418 [3:30:23 > 16:07]
SOAP:   7%|▋         | 1819/25418 [3:31:08 > 16:08]
SOAP:   7%|▋         | 1820/25418 [3:31:03 > 16:08]
SOAP:   7%|▋         | 1821/25418 [3:29:29 > 16:09]
SOAP:   7%|▋         | 1822/25418 [3:30:54 > 16:09]
SOAP:   7%|▋         | 1823/25418 [3:30:45 > 16:10]
SOAP:   7%|▋         | 1824/25418 [3:30:55 > 16:11]
SOAP:   7%|▋         | 1825/25418 [3:31:10 > 16:11]
SOAP:   7%|▋         | 1826/25418 [3:31:00 > 16:12]
SOAP:   7%|▋         | 1827/25418 [3:30:57 > 16:12]
SOAP:   7%|▋         | 1828/25418 [3:30:53 > 16:13]
SOAP:   7%|▋         | 1829/25418 [3:30:38 > 16:13]
SOAP:   7%|▋         | 1830/25418 [3:31:21 > 16:14]
SOAP:   7%|▋         | 1831/25418 [3:31:05 > 16:14]
SOAP:   7%|▋         | 1832/25418 [3:30:56 > 16:15]
SOAP:   7%|▋         | 1833/25418 [3:31:22 > 16:15]
SOAP:   7%|▋         | 1834/25418 [3:30:50 > 16:16]
SOAP:   7%|▋         | 1835/25418 [3:31:08 > 16:16]
SOAP:   7%|▋         | 1836/25418 [3:31:26 > 16:17]
SOAP:   7%|▋         | 1837/25418 [3:30:53 > 16:17]
SOAP:   7%|▋         | 1838/25418 [3:31:14 > 16:18]
SOAP:   7%|▋         | 1839/25418 [3:31:31 > 16:19]
SOAP:   7%|▋         | 1840/25418 [3:30:37 > 16:19]
SOAP:   7%|▋         | 1841/25418 [3:31:10 > 16:20]
SOAP:   7%|▋         | 1842/25418 [3:31:04 > 16:20]
SOAP:   7%|▋         | 1843/25418 [3:30:14 > 16:21]
SOAP:   7%|▋         | 1844/25418 [3:30:37 > 16:21]
SOAP:   7%|▋         | 1845/25418 [3:30:39 > 16:22]
SOAP:   7%|▋         | 1846/25418 [3:30:12 > 16:22]
SOAP:   7%|▋         | 1847/25418 [3:30:45 > 16:23]
SOAP:   7%|▋         | 1848/25418 [3:30:09 > 16:23]
SOAP:   7%|▋         | 1849/25418 [3:30:00 > 16:24]
SOAP:   7%|▋         | 1850/25418 [3:30:29 > 16:24]
SOAP:   7%|▋         | 1851/25418 [3:30:28 > 16:25]
SOAP:   7%|▋         | 1852/25418 [3:30:41 > 16:26]
SOAP:   7%|▋         | 1853/25418 [3:30:57 > 16:26]
SOAP:   7%|▋         | 1854/25418 [3:30:44 > 16:27]
SOAP:   7%|▋         | 1855/25418 [3:30:29 > 16:27]
SOAP:   7%|▋         | 1856/25418 [3:31:14 > 16:28]
SOAP:   7%|▋         | 1857/25418 [3:30:49 > 16:28]
SOAP:   7%|▋         | 1858/25418 [3:30:56 > 16:29]
SOAP:   7%|▋         | 1859/25418 [3:30:36 > 16:29]
SOAP:   7%|▋         | 1860/25418 [3:30:38 > 16:30]
SOAP:   7%|▋         | 1861/25418 [3:31:17 > 16:30]
SOAP:   7%|▋         | 1862/25418 [3:30:51 > 16:31]
SOAP:   7%|▋         | 1863/25418 [3:30:51 > 16:31]
SOAP:   7%|▋         | 1864/25418 [3:31:29 > 16:32]
SOAP:   7%|▋         | 1865/25418 [3:30:52 > 16:33]
SOAP:   7%|▋         | 1866/25418 [3:30:46 > 16:33]
SOAP:   7%|▋         | 1867/25418 [3:30:57 > 16:34]
SOAP:   7%|▋         | 1868/25418 [3:30:13 > 16:34]
SOAP:   7%|▋         | 1869/25418 [3:31:05 > 16:35]
SOAP:   7%|▋         | 1870/25418 [3:30:58 > 16:35]
SOAP:   7%|▋         | 1871/25418 [3:30:20 > 16:36]
SOAP:   7%|▋         | 1872/25418 [3:30:42 > 16:36]
SOAP:   7%|▋         | 1873/25418 [3:30:41 > 16:37]
SOAP:   7%|▋         | 1874/25418 [3:30:01 > 16:37]
SOAP:   7%|▋         | 1875/25418 [3:30:53 > 16:38]
SOAP:   7%|▋         | 1876/25418 [3:30:38 > 16:38]
SOAP:   7%|▋         | 1877/25418 [3:30:22 > 16:39]
SOAP:   7%|▋         | 1878/25418 [3:30:55 > 16:39]
SOAP:   7%|▋         | 1879/25418 [3:30:54 > 16:40]
SOAP:   7%|▋         | 1880/25418 [3:30:34 > 16:41]
SOAP:   7%|▋         | 1881/25418 [3:30:39 > 16:41]
SOAP:   7%|▋         | 1882/25418 [3:30:32 > 16:42]
SOAP:   7%|▋         | 1883/25418 [3:30:35 > 16:42]
SOAP:   7%|▋         | 1884/25418 [3:30:47 > 16:43]
SOAP:   7%|▋         | 1885/25418 [3:30:26 > 16:43]
SOAP:   7%|▋         | 1886/25418 [3:30:31 > 16:44]
SOAP:   7%|▋         | 1887/25418 [3:30:34 > 16:44]
SOAP:   7%|▋         | 1888/25418 [3:30:22 > 16:45]
SOAP:   7%|▋         | 1889/25418 [3:30:41 > 16:45]
SOAP:   7%|▋         | 1890/25418 [3:30:15 > 16:46]
SOAP:   7%|▋         | 1891/25418 [3:29:46 > 16:46]
SOAP:   7%|▋         | 1892/25418 [3:29:48 > 16:47]
SOAP:   7%|▋         | 1893/25418 [3:29:27 > 16:48]
SOAP:   7%|▋         | 1894/25418 [3:29:05 > 16:48]
SOAP:   7%|▋         | 1895/25418 [3:29:57 > 16:49]
SOAP:   7%|▋         | 1896/25418 [3:28:08 > 16:49]
SOAP:   7%|▋         | 1897/25418 [3:29:49 > 16:50]
SOAP:   7%|▋         | 1898/25418 [3:27:58 > 16:50]
SOAP:   7%|▋         | 1899/25418 [3:29:22 > 16:51]
SOAP:   7%|▋         | 1900/25418 [3:30:15 > 16:51]
SOAP:   7%|▋         | 1901/25418 [3:31:30 > 16:52]
SOAP:   7%|▋         | 1902/25418 [3:30:24 > 16:52]
SOAP:   7%|▋         | 1903/25418 [3:29:12 > 16:53]
SOAP:   7%|▋         | 1904/25418 [3:28:38 > 16:53]
SOAP:   7%|▋         | 1905/25418 [3:30:07 > 16:54]
SOAP:   7%|▋         | 1906/25418 [3:29:18 > 16:54]
SOAP:   8%|▊         | 1907/25418 [3:29:48 > 16:55]
SOAP:   8%|▊         | 1908/25418 [3:29:38 > 16:56]
SOAP:   8%|▊         | 1909/25418 [3:30:20 > 16:56]
SOAP:   8%|▊         | 1910/25418 [3:28:56 > 16:57]
SOAP:   8%|▊         | 1911/25418 [3:27:49 > 16:57]
SOAP:   8%|▊         | 1912/25418 [3:29:41 > 16:58]
SOAP:   8%|▊         | 1913/25418 [3:29:40 > 16:58]
SOAP:   8%|▊         | 1914/25418 [3:30:02 > 16:59]
SOAP:   8%|▊         | 1915/25418 [3:30:39 > 16:59]
SOAP:   8%|▊         | 1916/25418 [3:29:04 > 17:00]
SOAP:   8%|▊         | 1917/25418 [3:29:41 > 17:00]
SOAP:   8%|▊         | 1918/25418 [3:29:30 > 17:01]
SOAP:   8%|▊         | 1919/25418 [3:29:45 > 17:01]
SOAP:   8%|▊         | 1920/25418 [3:30:14 > 17:02]
SOAP:   8%|▊         | 1921/25418 [3:29:41 > 17:03]
SOAP:   8%|▊         | 1922/25418 [3:30:03 > 17:03]
SOAP:   8%|▊         | 1923/25418 [3:30:35 > 17:04]
SOAP:   8%|▊         | 1924/25418 [3:29:48 > 17:04]
SOAP:   8%|▊         | 1925/25418 [3:30:11 > 17:05]
SOAP:   8%|▊         | 1926/25418 [3:29:29 > 17:05]
SOAP:   8%|▊         | 1927/25418 [3:28:33 > 17:06]
SOAP:   8%|▊         | 1928/25418 [3:27:09 > 17:06]
SOAP:   8%|▊         | 1929/25418 [3:27:39 > 17:07]
SOAP:   8%|▊         | 1930/25418 [3:27:02 > 17:07]
SOAP:   8%|▊         | 1931/25418 [3:27:55 > 17:08]
SOAP:   8%|▊         | 1932/25418 [3:27:50 > 17:08]
SOAP:   8%|▊         | 1933/25418 [3:27:47 > 17:09]
SOAP:   8%|▊         | 1934/25418 [3:28:53 > 17:09]
SOAP:   8%|▊         | 1935/25418 [3:27:33 > 17:10]
SOAP:   8%|▊         | 1936/25418 [3:27:52 > 17:10]
SOAP:   8%|▊         | 1937/25418 [3:28:58 > 17:11]
SOAP:   8%|▊         | 1938/25418 [3:29:46 > 17:12]
SOAP:   8%|▊         | 1939/25418 [3:27:22 > 17:12]
SOAP:   8%|▊         | 1940/25418 [3:27:17 > 17:13]
SOAP:   8%|▊         | 1941/25418 [3:27:19 > 17:13]
SOAP:   8%|▊         | 1942/25418 [3:28:04 > 17:14]
SOAP:   8%|▊         | 1943/25418 [3:27:19 > 17:14]
SOAP:   8%|▊         | 1944/25418 [3:27:43 > 17:15]
SOAP:   8%|▊         | 1945/25418 [3:28:09 > 17:15]
SOAP:   8%|▊         | 1946/25418 [3:27:30 > 17:16]
SOAP:   8%|▊         | 1947/25418 [3:27:58 > 17:16]
SOAP:   8%|▊         | 1948/25418 [3:27:51 > 17:17]
SOAP:   8%|▊         | 1949/25418 [3:27:06 > 17:17]
SOAP:   8%|▊         | 1950/25418 [3:28:18 > 17:18]
SOAP:   8%|▊         | 1951/25418 [3:27:54 > 17:18]
SOAP:   8%|▊         | 1952/25418 [3:27:23 > 17:19]
SOAP:   8%|▊         | 1953/25418 [3:28:34 > 17:20]
SOAP:   8%|▊         | 1954/25418 [3:27:33 > 17:20]
SOAP:   8%|▊         | 1955/25418 [3:27:11 > 17:21]
SOAP:   8%|▊         | 1956/25418 [3:27:40 > 17:21]
SOAP:   8%|▊         | 1957/25418 [3:27:50 > 17:22]
SOAP:   8%|▊         | 1958/25418 [3:27:35 > 17:22]
SOAP:   8%|▊         | 1959/25418 [3:27:31 > 17:23]
SOAP:   8%|▊         | 1960/25418 [3:27:24 > 17:23]
SOAP:   8%|▊         | 1961/25418 [3:27:41 > 17:24]
SOAP:   8%|▊         | 1962/25418 [3:27:29 > 17:24]
SOAP:   8%|▊         | 1963/25418 [3:29:00 > 17:25]
SOAP:   8%|▊         | 1964/25418 [3:29:01 > 17:25]
SOAP:   8%|▊         | 1965/25418 [3:28:06 > 17:26]
SOAP:   8%|▊         | 1966/25418 [3:28:02 > 17:26]
SOAP:   8%|▊         | 1967/25418 [3:28:10 > 17:27]
SOAP:   8%|▊         | 1968/25418 [3:27:10 > 17:27]
SOAP:   8%|▊         | 1969/25418 [3:27:29 > 17:28]
SOAP:   8%|▊         | 1970/25418 [3:27:37 > 17:29]
SOAP:   8%|▊         | 1971/25418 [3:26:55 > 17:29]
SOAP:   8%|▊         | 1972/25418 [3:26:10 > 17:30]
SOAP:   8%|▊         | 1973/25418 [3:28:11 > 17:30]
SOAP:   8%|▊         | 1974/25418 [3:27:20 > 17:31]
SOAP:   8%|▊         | 1975/25418 [3:26:26 > 17:31]
SOAP:   8%|▊         | 1976/25418 [3:26:46 > 17:32]
SOAP:   8%|▊         | 1977/25418 [3:26:08 > 17:32]
SOAP:   8%|▊         | 1978/25418 [3:26:48 > 17:33]
SOAP:   8%|▊         | 1979/25418 [3:26:56 > 17:33]
SOAP:   8%|▊         | 1980/25418 [3:26:48 > 17:34]
SOAP:   8%|▊         | 1981/25418 [3:29:24 > 17:34]
SOAP:   8%|▊         | 1982/25418 [3:27:01 > 17:35]
SOAP:   8%|▊         | 1983/25418 [3:28:41 > 17:35]
SOAP:   8%|▊         | 1984/25418 [3:26:47 > 17:36]
SOAP:   8%|▊         | 1985/25418 [3:26:44 > 17:37]
SOAP:   8%|▊         | 1986/25418 [3:27:44 > 17:37]
SOAP:   8%|▊         | 1987/25418 [3:26:55 > 17:38]
SOAP:   8%|▊         | 1988/25418 [3:28:13 > 17:38]
SOAP:   8%|▊         | 1989/25418 [3:28:19 > 17:39]
SOAP:   8%|▊         | 1990/25418 [3:25:51 > 17:39]
SOAP:   8%|▊         | 1991/25418 [3:26:26 > 17:40]
SOAP:   8%|▊         | 1992/25418 [3:26:51 > 17:40]
SOAP:   8%|▊         | 1993/25418 [3:26:10 > 17:41]
SOAP:   8%|▊         | 1994/25418 [3:27:01 > 17:41]
SOAP:   8%|▊         | 1995/25418 [3:28:47 > 17:42]
SOAP:   8%|▊         | 1996/25418 [3:26:03 > 17:42]
SOAP:   8%|▊         | 1997/25418 [3:26:57 > 17:43]
SOAP:   8%|▊         | 1998/25418 [3:28:33 > 17:43]
SOAP:   8%|▊         | 1999/25418 [3:27:58 > 17:44]
SOAP:   8%|▊         | 2000/25418 [3:27:55 > 17:44]
SOAP:   8%|▊         | 2001/25418 [3:30:03 > 17:45]
SOAP:   8%|▊         | 2002/25418 [3:26:19 > 17:46]
SOAP:   8%|▊         | 2003/25418 [3:28:29 > 17:46]
SOAP:   8%|▊         | 2004/25418 [3:27:49 > 17:47]
SOAP:   8%|▊         | 2005/25418 [3:27:43 > 17:47]
SOAP:   8%|▊         | 2006/25418 [3:27:32 > 17:48]
SOAP:   8%|▊         | 2007/25418 [3:27:17 > 17:48]
SOAP:   8%|▊         | 2008/25418 [3:27:37 > 17:49]
SOAP:   8%|▊         | 2009/25418 [3:27:03 > 17:49]
SOAP:   8%|▊         | 2010/25418 [3:27:13 > 17:50]
SOAP:   8%|▊         | 2011/25418 [3:27:38 > 17:50]
SOAP:   8%|▊         | 2012/25418 [3:26:04 > 17:51]
SOAP:   8%|▊         | 2013/25418 [3:27:17 > 17:51]
SOAP:   8%|▊         | 2014/25418 [3:27:39 > 17:52]
SOAP:   8%|▊         | 2015/25418 [3:26:44 > 17:52]
SOAP:   8%|▊         | 2016/25418 [3:27:28 > 17:53]
SOAP:   8%|▊         | 2017/25418 [3:27:16 > 17:54]
SOAP:   8%|▊         | 2018/25418 [3:26:59 > 17:54]
SOAP:   8%|▊         | 2019/25418 [3:28:02 > 17:55]
SOAP:   8%|▊         | 2020/25418 [3:27:41 > 17:55]
SOAP:   8%|▊         | 2021/25418 [3:27:07 > 17:56]
SOAP:   8%|▊         | 2022/25418 [3:27:59 > 17:56]
SOAP:   8%|▊         | 2023/25418 [3:26:35 > 17:57]
SOAP:   8%|▊         | 2024/25418 [3:26:47 > 17:57]
SOAP:   8%|▊         | 2025/25418 [3:26:40 > 17:58]
SOAP:   8%|▊         | 2026/25418 [3:27:40 > 17:58]
SOAP:   8%|▊         | 2027/25418 [3:27:31 > 17:59]
SOAP:   8%|▊         | 2028/25418 [3:27:34 > 17:59]
SOAP:   8%|▊         | 2029/25418 [3:27:13 > 18:00]
SOAP:   8%|▊         | 2030/25418 [3:27:29 > 18:00]
SOAP:   8%|▊         | 2031/25418 [3:27:10 > 18:01]
SOAP:   8%|▊         | 2032/25418 [3:26:51 > 18:01]
SOAP:   8%|▊         | 2033/25418 [3:27:31 > 18:02]
SOAP:   8%|▊         | 2034/25418 [3:26:53 > 18:03]
SOAP:   8%|▊         | 2035/25418 [3:27:05 > 18:03]
SOAP:   8%|▊         | 2036/25418 [3:27:35 > 18:04]
SOAP:   8%|▊         | 2037/25418 [3:26:47 > 18:04]
SOAP:   8%|▊         | 2038/25418 [3:27:16 > 18:05]
SOAP:   8%|▊         | 2039/25418 [3:27:17 > 18:05]
SOAP:   8%|▊         | 2040/25418 [3:26:29 > 18:06]
SOAP:   8%|▊         | 2041/25418 [3:25:33 > 18:06]
SOAP:   8%|▊         | 2042/25418 [3:27:30 > 18:07]
SOAP:   8%|▊         | 2043/25418 [3:26:43 > 18:07]
SOAP:   8%|▊         | 2044/25418 [3:27:20 > 18:08]
SOAP:   8%|▊         | 2045/25418 [3:27:06 > 18:08]
SOAP:   8%|▊         | 2046/25418 [3:26:39 > 18:09]
SOAP:   8%|▊         | 2047/25418 [3:26:57 > 18:09]
SOAP:   8%|▊         | 2048/25418 [3:26:56 > 18:10]
SOAP:   8%|▊         | 2049/25418 [3:26:47 > 18:11]
SOAP:   8%|▊         | 2050/25418 [3:26:57 > 18:11]
SOAP:   8%|▊         | 2051/25418 [3:26:45 > 18:12]
SOAP:   8%|▊         | 2052/25418 [3:27:01 > 18:12]
SOAP:   8%|▊         | 2053/25418 [3:26:58 > 18:13]
SOAP:   8%|▊         | 2054/25418 [3:26:45 > 18:13]
SOAP:   8%|▊         | 2055/25418 [3:27:16 > 18:14]
SOAP:   8%|▊         | 2056/25418 [3:26:48 > 18:14]
SOAP:   8%|▊         | 2057/25418 [3:26:56 > 18:15]
SOAP:   8%|▊         | 2058/25418 [3:27:15 > 18:15]
SOAP:   8%|▊         | 2059/25418 [3:26:30 > 18:16]
SOAP:   8%|▊         | 2060/25418 [3:26:56 > 18:16]
SOAP:   8%|▊         | 2061/25418 [3:26:59 > 18:17]
SOAP:   8%|▊         | 2062/25418 [3:26:22 > 18:17]
SOAP:   8%|▊         | 2063/25418 [3:26:55 > 18:18]
SOAP:   8%|▊         | 2064/25418 [3:26:56 > 18:19]
SOAP:   8%|▊         | 2065/25418 [3:26:19 > 18:19]
SOAP:   8%|▊         | 2066/25418 [3:27:04 > 18:20]
SOAP:   8%|▊         | 2067/25418 [3:26:46 > 18:20]
SOAP:   8%|▊         | 2068/25418 [3:26:22 > 18:21]
SOAP:   8%|▊         | 2069/25418 [3:26:48 > 18:21]
SOAP:   8%|▊         | 2070/25418 [3:26:54 > 18:22]
SOAP:   8%|▊         | 2071/25418 [3:26:45 > 18:22]
SOAP:   8%|▊         | 2072/25418 [3:26:46 > 18:23]
SOAP:   8%|▊         | 2073/25418 [3:26:52 > 18:23]
SOAP:   8%|▊         | 2074/25418 [3:27:22 > 18:24]
SOAP:   8%|▊         | 2075/25418 [3:27:07 > 18:24]
SOAP:   8%|▊         | 2076/25418 [3:27:01 > 18:25]
SOAP:   8%|▊         | 2077/25418 [3:27:08 > 18:25]
SOAP:   8%|▊         | 2078/25418 [3:26:46 > 18:26]
SOAP:   8%|▊         | 2079/25418 [3:26:47 > 18:26]
SOAP:   8%|▊         | 2080/25418 [3:27:13 > 18:27]
SOAP:   8%|▊         | 2081/25418 [3:26:18 > 18:28]
SOAP:   8%|▊         | 2082/25418 [3:26:50 > 18:28]
SOAP:   8%|▊         | 2083/25418 [3:27:37 > 18:29]
SOAP:   8%|▊         | 2084/25418 [3:26:43 > 18:29]
SOAP:   8%|▊         | 2085/25418 [3:27:11 > 18:30]
SOAP:   8%|▊         | 2086/25418 [3:26:53 > 18:30]
SOAP:   8%|▊         | 2087/25418 [3:26:09 > 18:31]
SOAP:   8%|▊         | 2088/25418 [3:26:54 > 18:31]
SOAP:   8%|▊         | 2089/25418 [3:25:17 > 18:32]
SOAP:   8%|▊         | 2090/25418 [3:26:52 > 18:32]
SOAP:   8%|▊         | 2091/25418 [3:27:45 > 18:33]
SOAP:   8%|▊         | 2092/25418 [3:27:13 > 18:33]
SOAP:   8%|▊         | 2093/25418 [3:26:48 > 18:34]
SOAP:   8%|▊         | 2094/25418 [3:27:02 > 18:34]
SOAP:   8%|▊         | 2095/25418 [3:26:26 > 18:35]
SOAP:   8%|▊         | 2096/25418 [3:26:27 > 18:36]
SOAP:   8%|▊         | 2097/25418 [3:24:56 > 18:36]
SOAP:   8%|▊         | 2098/25418 [3:26:50 > 18:37]
SOAP:   8%|▊         | 2099/25418 [3:26:53 > 18:37]
SOAP:   8%|▊         | 2100/25418 [3:26:33 > 18:38]
SOAP:   8%|▊         | 2101/25418 [3:25:49 > 18:38]
SOAP:   8%|▊         | 2102/25418 [3:28:12 > 18:39]
SOAP:   8%|▊         | 2103/25418 [3:27:14 > 18:39]
SOAP:   8%|▊         | 2104/25418 [3:27:12 > 18:40]
SOAP:   8%|▊         | 2105/25418 [3:27:17 > 18:40]
SOAP:   8%|▊         | 2106/25418 [3:26:39 > 18:41]
SOAP:   8%|▊         | 2107/25418 [3:27:00 > 18:41]
SOAP:   8%|▊         | 2108/25418 [3:26:54 > 18:42]
SOAP:   8%|▊         | 2109/25418 [3:25:58 > 18:42]
SOAP:   8%|▊         | 2110/25418 [3:26:49 > 18:43]
SOAP:   8%|▊         | 2111/25418 [3:26:39 > 18:43]
SOAP:   8%|▊         | 2112/25418 [3:25:52 > 18:44]
SOAP:   8%|▊         | 2113/25418 [3:26:38 > 18:45]
SOAP:   8%|▊         | 2114/25418 [3:26:30 > 18:45]
SOAP:   8%|▊         | 2115/25418 [3:26:01 > 18:46]
SOAP:   8%|▊         | 2116/25418 [3:26:20 > 18:46]
SOAP:   8%|▊         | 2117/25418 [3:26:12 > 18:47]
SOAP:   8%|▊         | 2118/25418 [3:26:07 > 18:47]
SOAP:   8%|▊         | 2119/25418 [3:26:28 > 18:48]
SOAP:   8%|▊         | 2120/25418 [3:26:16 > 18:48]
SOAP:   8%|▊         | 2121/25418 [3:26:34 > 18:49]
SOAP:   8%|▊         | 2122/25418 [3:26:16 > 18:49]
SOAP:   8%|▊         | 2123/25418 [3:26:12 > 18:50]
SOAP:   8%|▊         | 2124/25418 [3:26:32 > 18:50]
SOAP:   8%|▊         | 2125/25418 [3:26:07 > 18:51]
SOAP:   8%|▊         | 2126/25418 [3:26:16 > 18:51]
SOAP:   8%|▊         | 2127/25418 [3:26:32 > 18:52]
SOAP:   8%|▊         | 2128/25418 [3:25:52 > 18:53]
SOAP:   8%|▊         | 2129/25418 [3:26:19 > 18:53]
SOAP:   8%|▊         | 2130/25418 [3:26:31 > 18:54]
SOAP:   8%|▊         | 2131/25418 [3:25:44 > 18:54]
SOAP:   8%|▊         | 2132/25418 [3:26:27 > 18:55]
SOAP:   8%|▊         | 2133/25418 [3:26:24 > 18:55]
SOAP:   8%|▊         | 2134/25418 [3:25:31 > 18:56]
SOAP:   8%|▊         | 2135/25418 [3:26:17 > 18:56]
SOAP:   8%|▊         | 2136/25418 [3:26:03 > 18:57]
SOAP:   8%|▊         | 2137/25418 [3:25:27 > 18:57]
SOAP:   8%|▊         | 2138/25418 [3:26:16 > 18:58]
SOAP:   8%|▊         | 2139/25418 [3:26:16 > 18:58]
SOAP:   8%|▊         | 2140/25418 [3:25:56 > 18:59]
SOAP:   8%|▊         | 2141/25418 [3:26:13 > 18:59]
SOAP:   8%|▊         | 2142/25418 [3:26:04 > 19:00]
SOAP:   8%|▊         | 2143/25418 [3:26:03 > 19:00]
SOAP:   8%|▊         | 2144/25418 [3:26:05 > 19:01]
SOAP:   8%|▊         | 2145/25418 [3:26:04 > 19:02]
SOAP:   8%|▊         | 2146/25418 [3:26:21 > 19:02]
SOAP:   8%|▊         | 2147/25418 [3:25:50 > 19:03]
SOAP:   8%|▊         | 2148/25418 [3:25:52 > 19:03]
SOAP:   8%|▊         | 2149/25418 [3:26:20 > 19:04]
SOAP:   8%|▊         | 2150/25418 [3:25:34 > 19:04]
SOAP:   8%|▊         | 2151/25418 [3:26:07 > 19:05]
SOAP:   8%|▊         | 2152/25418 [3:26:28 > 19:05]
SOAP:   8%|▊         | 2153/25418 [3:25:41 > 19:06]
SOAP:   8%|▊         | 2154/25418 [3:26:25 > 19:06]
SOAP:   8%|▊         | 2155/25418 [3:26:16 > 19:07]
SOAP:   8%|▊         | 2156/25418 [3:25:21 > 19:07]
SOAP:   8%|▊         | 2157/25418 [3:26:08 > 19:08]
SOAP:   8%|▊         | 2158/25418 [3:25:58 > 19:08]
SOAP:   8%|▊         | 2159/25418 [3:25:15 > 19:09]
SOAP:   8%|▊         | 2160/25418 [3:26:04 > 19:10]
SOAP:   9%|▊         | 2161/25418 [3:25:57 > 19:10]
SOAP:   9%|▊         | 2162/25418 [3:25:37 > 19:11]
SOAP:   9%|▊         | 2163/25418 [3:25:44 > 19:11]
SOAP:   9%|▊         | 2164/25418 [3:25:37 > 19:12]
SOAP:   9%|▊         | 2165/25418 [3:25:46 > 19:12]
SOAP:   9%|▊         | 2166/25418 [3:25:15 > 19:13]
SOAP:   9%|▊         | 2167/25418 [3:25:34 > 19:13]
SOAP:   9%|▊         | 2168/25418 [3:25:57 > 19:14]
SOAP:   9%|▊         | 2169/25418 [3:25:34 > 19:14]
SOAP:   9%|▊         | 2170/25418 [3:25:31 > 19:15]
SOAP:   9%|▊         | 2171/25418 [3:25:59 > 19:15]
SOAP:   9%|▊         | 2172/25418 [3:25:26 > 19:16]
SOAP:   9%|▊         | 2173/25418 [3:25:49 > 19:16]
SOAP:   9%|▊         | 2174/25418 [3:26:08 > 19:17]
SOAP:   9%|▊         | 2175/25418 [3:25:17 > 19:17]
SOAP:   9%|▊         | 2176/25418 [3:25:56 > 19:18]
SOAP:   9%|▊         | 2177/25418 [3:25:51 > 19:19]
SOAP:   9%|▊         | 2178/25418 [3:25:11 > 19:19]
SOAP:   9%|▊         | 2179/25418 [3:25:43 > 19:20]
SOAP:   9%|▊         | 2180/25418 [3:25:45 > 19:20]
SOAP:   9%|▊         | 2181/25418 [3:25:02 > 19:21]
SOAP:   9%|▊         | 2182/25418 [3:25:42 > 19:21]
SOAP:   9%|▊         | 2183/25418 [3:25:36 > 19:22]
SOAP:   9%|▊         | 2184/25418 [3:25:04 > 19:22]
SOAP:   9%|▊         | 2185/25418 [3:25:36 > 19:23]
SOAP:   9%|▊         | 2186/25418 [3:25:33 > 19:23]
SOAP:   9%|▊         | 2187/25418 [3:25:25 > 19:24]
SOAP:   9%|▊         | 2188/25418 [3:25:42 > 19:24]
SOAP:   9%|▊         | 2189/25418 [3:25:33 > 19:25]
SOAP:   9%|▊         | 2190/25418 [3:25:46 > 19:25]
SOAP:   9%|▊         | 2191/25418 [3:25:03 > 19:26]
SOAP:   9%|▊         | 2192/25418 [3:25:35 > 19:27]
SOAP:   9%|▊         | 2193/25418 [3:26:07 > 19:27]
SOAP:   9%|▊         | 2194/25418 [3:25:40 > 19:28]
SOAP:   9%|▊         | 2195/25418 [3:25:53 > 19:28]
SOAP:   9%|▊         | 2196/25418 [3:26:02 > 19:29]
SOAP:   9%|▊         | 2197/25418 [3:25:06 > 19:29]
SOAP:   9%|▊         | 2198/25418 [3:25:36 > 19:30]
SOAP:   9%|▊         | 2199/25418 [3:25:42 > 19:30]
SOAP:   9%|▊         | 2200/25418 [3:23:22 > 19:31]
SOAP:   9%|▊         | 2201/25418 [3:28:14 > 19:31]
SOAP:   9%|▊         | 2202/25418 [3:26:34 > 19:32]
SOAP:   9%|▊         | 2203/25418 [3:25:34 > 19:32]
SOAP:   9%|▊         | 2204/25418 [3:26:15 > 19:33]
SOAP:   9%|▊         | 2205/25418 [3:25:51 > 19:33]
SOAP:   9%|▊         | 2206/25418 [3:25:09 > 19:34]
SOAP:   9%|▊         | 2207/25418 [3:25:38 > 19:34]
SOAP:   9%|▊         | 2208/25418 [3:25:32 > 19:35]
SOAP:   9%|▊         | 2209/25418 [3:25:16 > 19:36]
SOAP:   9%|▊         | 2210/25418 [3:25:38 > 19:36]
SOAP:   9%|▊         | 2211/25418 [3:25:34 > 19:37]
SOAP:   9%|▊         | 2212/25418 [3:25:24 > 19:37]
SOAP:   9%|▊         | 2213/25418 [3:25:25 > 19:38]
SOAP:   9%|▊         | 2214/25418 [3:25:06 > 19:38]
SOAP:   9%|▊         | 2215/25418 [3:25:41 > 19:39]
SOAP:   9%|▊         | 2216/25418 [3:25:00 > 19:39]
SOAP:   9%|▊         | 2217/25418 [3:25:09 > 19:40]
SOAP:   9%|▊         | 2218/25418 [3:25:40 > 19:40]
SOAP:   9%|▊         | 2219/25418 [3:25:00 > 19:41]
SOAP:   9%|▊         | 2220/25418 [3:25:29 > 19:41]
SOAP:   9%|▊         | 2221/25418 [3:25:41 > 19:42]
SOAP:   9%|▊         | 2222/25418 [3:24:55 > 19:42]
SOAP:   9%|▊         | 2223/25418 [3:25:29 > 19:43]
SOAP:   9%|▊         | 2224/25418 [3:25:13 > 19:44]
SOAP:   9%|▉         | 2225/25418 [3:24:38 > 19:44]
SOAP:   9%|▉         | 2226/25418 [3:25:44 > 19:45]
SOAP:   9%|▉         | 2227/25418 [3:25:31 > 19:45]
SOAP:   9%|▉         | 2228/25418 [3:24:57 > 19:46]
SOAP:   9%|▉         | 2229/25418 [3:25:41 > 19:46]
SOAP:   9%|▉         | 2230/25418 [3:25:32 > 19:47]
SOAP:   9%|▉         | 2231/25418 [3:25:09 > 19:47]
SOAP:   9%|▉         | 2232/25418 [3:25:13 > 19:48]
SOAP:   9%|▉         | 2233/25418 [3:25:04 > 19:48]
SOAP:   9%|▉         | 2234/25418 [3:25:07 > 19:49]
SOAP:   9%|▉         | 2235/25418 [3:25:09 > 19:49]
SOAP:   9%|▉         | 2236/25418 [3:25:08 > 19:50]
SOAP:   9%|▉         | 2237/25418 [3:25:19 > 19:50]
SOAP:   9%|▉         | 2238/25418 [3:25:05 > 19:51]
SOAP:   9%|▉         | 2239/25418 [3:24:51 > 19:51]
SOAP:   9%|▉         | 2240/25418 [3:25:23 > 19:52]
SOAP:   9%|▉         | 2241/25418 [3:24:42 > 19:53]
SOAP:   9%|▉         | 2242/25418 [3:25:13 > 19:53]
SOAP:   9%|▉         | 2243/25418 [3:25:35 > 19:54]
SOAP:   9%|▉         | 2244/25418 [3:23:24 > 19:54]
SOAP:   9%|▉         | 2245/25418 [3:25:51 > 19:55]
SOAP:   9%|▉         | 2246/25418 [3:25:33 > 19:55]
SOAP:   9%|▉         | 2247/25418 [3:24:42 > 19:56]
SOAP:   9%|▉         | 2248/25418 [3:25:26 > 19:56]
SOAP:   9%|▉         | 2249/25418 [3:25:16 > 19:57]
SOAP:   9%|▉         | 2250/25418 [3:24:42 > 19:57]
SOAP:   9%|▉         | 2251/25418 [3:25:26 > 19:58]
SOAP:   9%|▉         | 2252/25418 [3:25:20 > 19:58]
SOAP:   9%|▉         | 2253/25418 [3:24:56 > 19:59]
SOAP:   9%|▉         | 2254/25418 [3:25:07 > 19:59]
SOAP:   9%|▉         | 2255/25418 [3:24:59 > 20:00]
SOAP:   9%|▉         | 2256/25418 [3:24:58 > 20:01]
SOAP:   9%|▉         | 2257/25418 [3:25:02 > 20:01]
SOAP:   9%|▉         | 2258/25418 [3:23:10 > 20:02]
SOAP:   9%|▉         | 2259/25418 [3:25:43 > 20:02]
SOAP:   9%|▉         | 2260/25418 [3:25:07 > 20:03]
SOAP:   9%|▉         | 2261/25418 [3:24:50 > 20:03]
SOAP:   9%|▉         | 2262/25418 [3:25:25 > 20:04]
SOAP:   9%|▉         | 2263/25418 [3:24:49 > 20:04]
SOAP:   9%|▉         | 2264/25418 [3:25:01 > 20:05]
SOAP:   9%|▉         | 2265/25418 [3:25:22 > 20:05]
SOAP:   9%|▉         | 2266/25418 [3:24:34 > 20:06]
SOAP:   9%|▉         | 2267/25418 [3:25:06 > 20:06]
SOAP:   9%|▉         | 2268/25418 [3:25:07 > 20:07]
SOAP:   9%|▉         | 2269/25418 [3:24:27 > 20:07]
SOAP:   9%|▉         | 2270/25418 [3:25:15 > 20:08]
SOAP:   9%|▉         | 2271/25418 [3:25:04 > 20:08]
SOAP:   9%|▉         | 2272/25418 [3:24:33 > 20:09]
SOAP:   9%|▉         | 2273/25418 [3:25:01 > 20:10]
SOAP:   9%|▉         | 2274/25418 [3:24:52 > 20:10]
SOAP:   9%|▉         | 2275/25418 [3:24:29 > 20:11]
SOAP:   9%|▉         | 2276/25418 [3:25:03 > 20:11]
SOAP:   9%|▉         | 2277/25418 [3:23:22 > 20:12]
SOAP:   9%|▉         | 2278/25418 [3:25:19 > 20:12]
SOAP:   9%|▉         | 2279/25418 [3:25:18 > 20:13]
SOAP:   9%|▉         | 2280/25418 [3:25:08 > 20:13]
SOAP:   9%|▉         | 2281/25418 [3:25:17 > 20:14]
SOAP:   9%|▉         | 2282/25418 [3:24:51 > 20:14]
SOAP:   9%|▉         | 2283/25418 [3:24:49 > 20:15]
SOAP:   9%|▉         | 2284/25418 [3:25:17 > 20:15]
SOAP:   9%|▉         | 2285/25418 [3:24:58 > 20:16]
SOAP:   9%|▉         | 2286/25418 [3:25:02 > 20:16]
SOAP:   9%|▉         | 2287/25418 [3:25:23 > 20:17]
SOAP:   9%|▉         | 2288/25418 [3:24:29 > 20:18]
SOAP:   9%|▉         | 2289/25418 [3:25:03 > 20:18]
SOAP:   9%|▉         | 2290/25418 [3:24:59 > 20:19]
SOAP:   9%|▉         | 2291/25418 [3:24:17 > 20:19]
SOAP:   9%|▉         | 2292/25418 [3:24:51 > 20:20]
SOAP:   9%|▉         | 2293/25418 [3:24:49 > 20:20]
SOAP:   9%|▉         | 2294/25418 [3:24:02 > 20:21]
SOAP:   9%|▉         | 2295/25418 [3:24:51 > 20:21]
SOAP:   9%|▉         | 2296/25418 [3:23:09 > 20:22]
SOAP:   9%|▉         | 2297/25418 [3:24:35 > 20:22]
SOAP:   9%|▉         | 2298/25418 [3:25:00 > 20:23]
SOAP:   9%|▉         | 2299/25418 [3:24:46 > 20:23]
SOAP:   9%|▉         | 2300/25418 [3:24:33 > 20:24]
SOAP:   9%|▉         | 2301/25418 [3:26:51 > 20:24]
SOAP:   9%|▉         | 2302/25418 [3:25:10 > 20:25]
SOAP:   9%|▉         | 2303/25418 [3:25:03 > 20:25]
SOAP:   9%|▉         | 2304/25418 [3:24:51 > 20:26]
SOAP:   9%|▉         | 2305/25418 [3:24:42 > 20:27]
SOAP:   9%|▉         | 2306/25418 [3:25:02 > 20:27]
SOAP:   9%|▉         | 2307/25418 [3:24:36 > 20:28]
SOAP:   9%|▉         | 2308/25418 [3:24:43 > 20:28]
SOAP:   9%|▉         | 2309/25418 [3:25:10 > 20:29]
SOAP:   9%|▉         | 2310/25418 [3:24:29 > 20:29]
SOAP:   9%|▉         | 2311/25418 [3:24:47 > 20:30]
SOAP:   9%|▉         | 2312/25418 [3:24:54 > 20:30]
SOAP:   9%|▉         | 2313/25418 [3:24:16 > 20:31]
SOAP:   9%|▉         | 2314/25418 [3:24:52 > 20:31]
SOAP:   9%|▉         | 2315/25418 [3:23:24 > 20:32]
SOAP:   9%|▉         | 2316/25418 [3:24:37 > 20:32]
SOAP:   9%|▉         | 2317/25418 [3:25:17 > 20:33]
SOAP:   9%|▉         | 2318/25418 [3:25:10 > 20:33]
SOAP:   9%|▉         | 2319/25418 [3:24:18 > 20:34]
SOAP:   9%|▉         | 2320/25418 [3:24:51 > 20:35]
SOAP:   9%|▉         | 2321/25418 [3:24:43 > 20:35]
SOAP:   9%|▉         | 2322/25418 [3:24:14 > 20:36]
SOAP:   9%|▉         | 2323/25418 [3:24:31 > 20:36]
SOAP:   9%|▉         | 2324/25418 [3:24:26 > 20:37]
SOAP:   9%|▉         | 2325/25418 [3:24:27 > 20:37]
SOAP:   9%|▉         | 2326/25418 [3:24:22 > 20:38]
SOAP:   9%|▉         | 2327/25418 [3:24:17 > 20:38]
SOAP:   9%|▉         | 2328/25418 [3:24:55 > 20:39]
SOAP:   9%|▉         | 2329/25418 [3:24:53 > 20:39]
SOAP:   9%|▉         | 2330/25418 [3:24:53 > 20:40]
SOAP:   9%|▉         | 2331/25418 [3:25:09 > 20:40]
SOAP:   9%|▉         | 2332/25418 [3:24:18 > 20:41]
SOAP:   9%|▉         | 2333/25418 [3:24:35 > 20:41]
SOAP:   9%|▉         | 2334/25418 [3:23:16 > 20:42]
SOAP:   9%|▉         | 2335/25418 [3:24:35 > 20:42]
SOAP:   9%|▉         | 2336/25418 [3:25:01 > 20:43]
SOAP:   9%|▉         | 2337/25418 [3:24:52 > 20:44]
SOAP:   9%|▉         | 2338/25418 [3:23:58 > 20:44]
SOAP:   9%|▉         | 2339/25418 [3:24:35 > 20:45]
SOAP:   9%|▉         | 2340/25418 [3:24:22 > 20:45]
SOAP:   9%|▉         | 2341/25418 [3:23:44 > 20:46]
SOAP:   9%|▉         | 2342/25418 [3:24:26 > 20:46]
SOAP:   9%|▉         | 2343/25418 [3:24:28 > 20:47]
SOAP:   9%|▉         | 2344/25418 [3:23:59 > 20:47]
SOAP:   9%|▉         | 2345/25418 [3:24:27 > 20:48]
SOAP:   9%|▉         | 2346/25418 [3:24:32 > 20:48]
SOAP:   9%|▉         | 2347/25418 [3:25:00 > 20:49]
SOAP:   9%|▉         | 2348/25418 [3:24:48 > 20:49]
SOAP:   9%|▉         | 2349/25418 [3:24:28 > 20:50]
SOAP:   9%|▉         | 2350/25418 [3:24:36 > 20:50]
SOAP:   9%|▉         | 2351/25418 [3:22:45 > 20:51]
SOAP:   9%|▉         | 2352/25418 [3:22:49 > 20:52]
SOAP:   9%|▉         | 2353/25418 [3:23:08 > 20:52]
SOAP:   9%|▉         | 2354/25418 [3:24:31 > 20:53]
SOAP:   9%|▉         | 2355/25418 [3:24:22 > 20:53]
SOAP:   9%|▉         | 2356/25418 [3:24:43 > 20:54]
SOAP:   9%|▉         | 2357/25418 [3:23:57 > 20:54]
SOAP:   9%|▉         | 2358/25418 [3:24:56 > 20:55]
SOAP:   9%|▉         | 2359/25418 [3:24:49 > 20:55]
SOAP:   9%|▉         | 2360/25418 [3:23:55 > 20:56]
SOAP:   9%|▉         | 2361/25418 [3:24:21 > 20:56]
SOAP:   9%|▉         | 2362/25418 [3:24:07 > 20:57]
SOAP:   9%|▉         | 2363/25418 [3:23:30 > 20:57]
SOAP:   9%|▉         | 2364/25418 [3:24:21 > 20:58]
SOAP:   9%|▉         | 2365/25418 [3:24:11 > 20:58]
SOAP:   9%|▉         | 2366/25418 [3:23:40 > 20:59]
SOAP:   9%|▉         | 2367/25418 [3:24:18 > 20:59]
SOAP:   9%|▉         | 2368/25418 [3:23:58 > 21:00]
SOAP:   9%|▉         | 2369/25418 [3:23:39 > 21:01]
SOAP:   9%|▉         | 2370/25418 [3:23:49 > 21:01]
SOAP:   9%|▉         | 2371/25418 [3:23:27 > 21:02]
SOAP:   9%|▉         | 2372/25418 [3:22:28 > 21:02]
SOAP:   9%|▉         | 2373/25418 [3:24:23 > 21:03]
SOAP:   9%|▉         | 2374/25418 [3:24:08 > 21:03]
SOAP:   9%|▉         | 2375/25418 [3:24:32 > 21:04]
SOAP:   9%|▉         | 2376/25418 [3:23:56 > 21:04]
SOAP:   9%|▉         | 2377/25418 [3:23:56 > 21:05]
SOAP:   9%|▉         | 2378/25418 [3:24:20 > 21:05]
SOAP:   9%|▉         | 2379/25418 [3:23:45 > 21:06]
SOAP:   9%|▉         | 2380/25418 [3:23:59 > 21:06]
SOAP:   9%|▉         | 2381/25418 [3:24:19 > 21:07]
SOAP:   9%|▉         | 2382/25418 [3:23:40 > 21:07]
SOAP:   9%|▉         | 2383/25418 [3:25:05 > 21:08]
SOAP:   9%|▉         | 2384/25418 [3:25:14 > 21:09]
SOAP:   9%|▉         | 2385/25418 [3:25:10 > 21:09]
SOAP:   9%|▉         | 2386/25418 [3:25:33 > 21:10]
SOAP:   9%|▉         | 2387/25418 [3:25:09 > 21:10]
SOAP:   9%|▉         | 2388/25418 [3:24:48 > 21:11]
SOAP:   9%|▉         | 2389/25418 [3:25:44 > 21:11]
SOAP:   9%|▉         | 2390/25418 [3:25:44 > 21:12]
SOAP:   9%|▉         | 2391/25418 [3:25:37 > 21:12]
SOAP:   9%|▉         | 2392/25418 [3:26:00 > 21:13]
SOAP:   9%|▉         | 2393/25418 [3:25:50 > 21:13]
SOAP:   9%|▉         | 2394/25418 [3:25:53 > 21:14]
SOAP:   9%|▉         | 2395/25418 [3:25:56 > 21:14]
SOAP:   9%|▉         | 2396/25418 [3:25:53 > 21:15]
SOAP:   9%|▉         | 2397/25418 [3:25:53 > 21:16]
SOAP:   9%|▉         | 2398/25418 [3:25:52 > 21:16]
SOAP:   9%|▉         | 2399/25418 [3:25:41 > 21:17]
SOAP:   9%|▉         | 2400/25418 [3:26:15 > 21:17]
SOAP:   9%|▉         | 2401/25418 [3:27:00 > 21:18]
SOAP:   9%|▉         | 2402/25418 [3:26:42 > 21:18]
SOAP:   9%|▉         | 2403/25418 [3:27:05 > 21:19]
SOAP:   9%|▉         | 2404/25418 [3:26:08 > 21:19]
SOAP:   9%|▉         | 2405/25418 [3:26:11 > 21:20]
SOAP:   9%|▉         | 2406/25418 [3:26:28 > 21:20]
SOAP:   9%|▉         | 2407/25418 [3:25:56 > 21:21]
SOAP:   9%|▉         | 2408/25418 [3:26:15 > 21:21]
SOAP:   9%|▉         | 2409/25418 [3:24:35 > 21:22]
SOAP:   9%|▉         | 2410/25418 [3:23:49 > 21:22]
SOAP:   9%|▉         | 2411/25418 [3:25:59 > 21:23]
SOAP:   9%|▉         | 2412/25418 [3:25:47 > 21:24]
SOAP:   9%|▉         | 2413/25418 [3:23:43 > 21:24]
SOAP:   9%|▉         | 2414/25418 [3:25:47 > 21:25]
SOAP:  10%|▉         | 2415/25418 [3:25:42 > 21:25]
SOAP:  10%|▉         | 2416/25418 [3:25:13 > 21:26]
SOAP:  10%|▉         | 2417/25418 [3:26:00 > 21:26]
SOAP:  10%|▉         | 2418/25418 [3:25:46 > 21:27]
SOAP:  10%|▉         | 2419/25418 [3:25:30 > 21:27]
SOAP:  10%|▉         | 2420/25418 [3:25:43 > 21:28]
SOAP:  10%|▉         | 2421/25418 [3:25:43 > 21:28]
SOAP:  10%|▉         | 2422/25418 [3:25:26 > 21:29]
SOAP:  10%|▉         | 2423/25418 [3:25:54 > 21:29]
SOAP:  10%|▉         | 2424/25418 [3:25:34 > 21:30]
SOAP:  10%|▉         | 2425/25418 [3:25:36 > 21:31]
SOAP:  10%|▉         | 2426/25418 [3:25:53 > 21:31]
SOAP:  10%|▉         | 2427/25418 [3:25:48 > 21:32]
SOAP:  10%|▉         | 2428/25418 [3:25:57 > 21:32]
SOAP:  10%|▉         | 2429/25418 [3:23:59 > 21:33]
SOAP:  10%|▉         | 2430/25418 [3:25:39 > 21:33]
SOAP:  10%|▉         | 2431/25418 [3:26:01 > 21:34]
SOAP:  10%|▉         | 2432/25418 [3:25:43 > 21:34]
SOAP:  10%|▉         | 2433/25418 [3:25:55 > 21:35]
SOAP:  10%|▉         | 2434/25418 [3:26:23 > 21:35]
SOAP:  10%|▉         | 2435/25418 [3:25:45 > 21:36]
SOAP:  10%|▉         | 2436/25418 [3:26:12 > 21:36]
SOAP:  10%|▉         | 2437/25418 [3:26:26 > 21:37]
SOAP:  10%|▉         | 2438/25418 [3:25:34 > 21:38]
SOAP:  10%|▉         | 2439/25418 [3:26:05 > 21:38]
SOAP:  10%|▉         | 2440/25418 [3:26:09 > 21:39]
SOAP:  10%|▉         | 2441/25418 [3:25:31 > 21:39]
SOAP:  10%|▉         | 2442/25418 [3:26:03 > 21:40]
SOAP:  10%|▉         | 2443/25418 [3:24:56 > 21:40]
SOAP:  10%|▉         | 2444/25418 [3:24:20 > 21:41]
SOAP:  10%|▉         | 2445/25418 [3:25:23 > 21:41]
SOAP:  10%|▉         | 2446/25418 [3:25:19 > 21:42]
SOAP:  10%|▉         | 2447/25418 [3:25:03 > 21:42]
SOAP:  10%|▉         | 2448/25418 [3:25:39 > 21:43]
SOAP:  10%|▉         | 2449/25418 [3:25:47 > 21:43]
SOAP:  10%|▉         | 2450/25418 [3:25:31 > 21:44]
SOAP:  10%|▉         | 2451/25418 [3:25:45 > 21:44]
SOAP:  10%|▉         | 2452/25418 [3:25:28 > 21:45]
SOAP:  10%|▉         | 2453/25418 [3:25:17 > 21:46]
SOAP:  10%|▉         | 2454/25418 [3:25:35 > 21:46]
SOAP:  10%|▉         | 2455/25418 [3:25:25 > 21:47]
SOAP:  10%|▉         | 2456/25418 [3:25:38 > 21:47]
SOAP:  10%|▉         | 2457/25418 [3:25:35 > 21:48]
SOAP:  10%|▉         | 2458/25418 [3:25:14 > 21:48]
SOAP:  10%|▉         | 2459/25418 [3:25:28 > 21:49]
SOAP:  10%|▉         | 2460/25418 [3:25:10 > 21:49]
SOAP:  10%|▉         | 2461/25418 [3:25:13 > 21:50]
SOAP:  10%|▉         | 2462/25418 [3:25:57 > 21:50]
SOAP:  10%|▉         | 2463/25418 [3:25:27 > 21:51]
SOAP:  10%|▉         | 2464/25418 [3:25:44 > 21:51]
SOAP:  10%|▉         | 2465/25418 [3:25:48 > 21:52]
SOAP:  10%|▉         | 2466/25418 [3:25:08 > 21:53]
SOAP:  10%|▉         | 2467/25418 [3:25:24 > 21:53]
SOAP:  10%|▉         | 2468/25418 [3:23:40 > 21:54]
SOAP:  10%|▉         | 2469/25418 [3:24:49 > 21:54]
SOAP:  10%|▉         | 2470/25418 [3:25:37 > 21:55]
SOAP:  10%|▉         | 2471/25418 [3:25:33 > 21:55]
SOAP:  10%|▉         | 2472/25418 [3:24:53 > 21:56]
SOAP:  10%|▉         | 2473/25418 [3:25:34 > 21:56]
SOAP:  10%|▉         | 2474/25418 [3:25:23 > 21:57]
SOAP:  10%|▉         | 2475/25418 [3:24:51 > 21:57]
SOAP:  10%|▉         | 2476/25418 [3:25:36 > 21:58]
SOAP:  10%|▉         | 2477/25418 [3:25:33 > 21:58]
SOAP:  10%|▉         | 2478/25418 [3:24:51 > 21:59]
SOAP:  10%|▉         | 2479/25418 [3:25:29 > 22:00]
SOAP:  10%|▉         | 2480/25418 [3:25:21 > 22:00]
SOAP:  10%|▉         | 2481/25418 [3:25:07 > 22:01]
SOAP:  10%|▉         | 2482/25418 [3:25:42 > 22:01]
SOAP:  10%|▉         | 2483/25418 [3:25:36 > 22:02]
SOAP:  10%|▉         | 2484/25418 [3:25:32 > 22:02]
SOAP:  10%|▉         | 2485/25418 [3:25:15 > 22:03]
SOAP:  10%|▉         | 2486/25418 [3:25:09 > 22:03]
SOAP:  10%|▉         | 2487/25418 [3:25:25 > 22:04]
SOAP:  10%|▉         | 2488/25418 [3:25:06 > 22:04]
SOAP:  10%|▉         | 2489/25418 [3:25:10 > 22:05]
SOAP:  10%|▉         | 2490/25418 [3:25:37 > 22:05]
SOAP:  10%|▉         | 2491/25418 [3:25:16 > 22:06]
SOAP:  10%|▉         | 2492/25418 [3:25:13 > 22:07]
SOAP:  10%|▉         | 2493/25418 [3:25:43 > 22:07]
SOAP:  10%|▉         | 2494/25418 [3:24:51 > 22:08]
SOAP:  10%|▉         | 2495/25418 [3:25:25 > 22:08]
SOAP:  10%|▉         | 2496/25418 [3:25:25 > 22:09]
SOAP:  10%|▉         | 2497/25418 [3:24:57 > 22:09]
SOAP:  10%|▉         | 2498/25418 [3:25:28 > 22:10]
SOAP:  10%|▉         | 2499/25418 [3:25:39 > 22:10]
SOAP:  10%|▉         | 2500/25418 [3:24:46 > 22:11]
SOAP:  10%|▉         | 2501/25418 [3:26:23 > 22:11]
SOAP:  10%|▉         | 2502/25418 [3:24:12 > 22:12]
SOAP:  10%|▉         | 2503/25418 [3:25:05 > 22:12]
SOAP:  10%|▉         | 2504/25418 [3:25:42 > 22:13]
SOAP:  10%|▉         | 2505/25418 [3:25:23 > 22:13]
SOAP:  10%|▉         | 2506/25418 [3:24:49 > 22:14]
SOAP:  10%|▉         | 2507/25418 [3:25:23 > 22:15]
SOAP:  10%|▉         | 2508/25418 [3:25:07 > 22:15]
SOAP:  10%|▉         | 2509/25418 [3:24:46 > 22:16]
SOAP:  10%|▉         | 2510/25418 [3:25:12 > 22:16]
SOAP:  10%|▉         | 2511/25418 [3:25:05 > 22:17]
SOAP:  10%|▉         | 2512/25418 [3:24:54 > 22:17]
SOAP:  10%|▉         | 2513/25418 [3:25:17 > 22:18]
SOAP:  10%|▉         | 2514/25418 [3:26:02 > 22:18]
SOAP:  10%|▉         | 2515/25418 [3:25:01 > 22:19]
SOAP:  10%|▉         | 2516/25418 [3:24:47 > 22:19]
SOAP:  10%|▉         | 2517/25418 [3:24:45 > 22:20]
SOAP:  10%|▉         | 2518/25418 [3:25:11 > 22:20]
SOAP:  10%|▉         | 2519/25418 [3:25:09 > 22:21]
SOAP:  10%|▉         | 2520/25418 [3:24:53 > 22:22]
SOAP:  10%|▉         | 2521/25418 [3:25:10 > 22:22]
SOAP:  10%|▉         | 2522/25418 [3:24:48 > 22:23]
SOAP:  10%|▉         | 2523/25418 [3:23:18 > 22:23]
SOAP:  10%|▉         | 2524/25418 [3:25:28 > 22:24]
SOAP:  10%|▉         | 2525/25418 [3:24:30 > 22:24]
SOAP:  10%|▉         | 2526/25418 [3:24:47 > 22:25]
SOAP:  10%|▉         | 2527/25418 [3:25:12 > 22:25]
SOAP:  10%|▉         | 2528/25418 [3:24:15 > 22:26]
SOAP:  10%|▉         | 2529/25418 [3:25:02 > 22:26]
SOAP:  10%|▉         | 2530/25418 [3:24:51 > 22:27]
SOAP:  10%|▉         | 2531/25418 [3:24:08 > 22:27]
SOAP:  10%|▉         | 2532/25418 [3:24:50 > 22:28]
SOAP:  10%|▉         | 2533/25418 [3:24:48 > 22:29]
SOAP:  10%|▉         | 2534/25418 [3:24:21 > 22:29]
SOAP:  10%|▉         | 2535/25418 [3:24:50 > 22:30]
SOAP:  10%|▉         | 2536/25418 [3:24:46 > 22:30]
SOAP:  10%|▉         | 2537/25418 [3:24:12 > 22:31]
SOAP:  10%|▉         | 2538/25418 [3:24:58 > 22:31]
SOAP:  10%|▉         | 2539/25418 [3:24:23 > 22:32]
SOAP:  10%|▉         | 2540/25418 [3:24:26 > 22:32]
SOAP:  10%|▉         | 2541/25418 [3:24:40 > 22:33]
SOAP:  10%|█         | 2542/25418 [3:22:37 > 22:33]
SOAP:  10%|█         | 2543/25418 [3:24:13 > 22:34]
SOAP:  10%|█         | 2544/25418 [3:23:52 > 22:34]
SOAP:  10%|█         | 2545/25418 [3:23:53 > 22:35]
SOAP:  10%|█         | 2546/25418 [3:24:34 > 22:35]
SOAP:  10%|█         | 2547/25418 [3:24:16 > 22:36]
SOAP:  10%|█         | 2548/25418 [3:24:03 > 22:37]
SOAP:  10%|█         | 2549/25418 [3:24:47 > 22:37]
SOAP:  10%|█         | 2550/25418 [3:24:18 > 22:38]
SOAP:  10%|█         | 2551/25418 [3:24:23 > 22:38]
SOAP:  10%|█         | 2552/25418 [3:24:55 > 22:39]
SOAP:  10%|█         | 2553/25418 [3:23:58 > 22:39]
SOAP:  10%|█         | 2554/25418 [3:24:35 > 22:40]
SOAP:  10%|█         | 2555/25418 [3:24:51 > 22:40]
SOAP:  10%|█         | 2556/25418 [3:24:08 > 22:41]
SOAP:  10%|█         | 2557/25418 [3:24:53 > 22:41]
SOAP:  10%|█         | 2558/25418 [3:24:50 > 22:42]
SOAP:  10%|█         | 2559/25418 [3:24:05 > 22:42]
SOAP:  10%|█         | 2560/25418 [3:24:33 > 22:43]
SOAP:  10%|█         | 2561/25418 [3:22:41 > 22:44]
SOAP:  10%|█         | 2562/25418 [3:23:27 > 22:44]
SOAP:  10%|█         | 2563/25418 [3:23:57 > 22:45]
SOAP:  10%|█         | 2564/25418 [3:23:35 > 22:45]
SOAP:  10%|█         | 2565/25418 [3:23:27 > 22:46]
SOAP:  10%|█         | 2566/25418 [3:24:18 > 22:46]
SOAP:  10%|█         | 2567/25418 [3:24:09 > 22:47]
SOAP:  10%|█         | 2568/25418 [3:24:00 > 22:47]
SOAP:  10%|█         | 2569/25418 [3:24:16 > 22:48]
SOAP:  10%|█         | 2570/25418 [3:24:11 > 22:48]
SOAP:  10%|█         | 2571/25418 [3:24:19 > 22:49]
SOAP:  10%|█         | 2572/25418 [3:24:35 > 22:49]
SOAP:  10%|█         | 2573/25418 [3:24:21 > 22:50]
SOAP:  10%|█         | 2574/25418 [3:24:24 > 22:51]
SOAP:  10%|█         | 2575/25418 [3:24:10 > 22:51]
SOAP:  10%|█         | 2576/25418 [3:24:02 > 22:52]
SOAP:  10%|█         | 2577/25418 [3:24:50 > 22:52]
SOAP:  10%|█         | 2578/25418 [3:24:15 > 22:53]
SOAP:  10%|█         | 2579/25418 [3:24:13 > 22:53]
SOAP:  10%|█         | 2580/25418 [3:24:26 > 22:54]
SOAP:  10%|█         | 2581/25418 [3:23:30 > 22:54]
SOAP:  10%|█         | 2582/25418 [3:24:10 > 22:55]
SOAP:  10%|█         | 2583/25418 [3:24:29 > 22:55]
SOAP:  10%|█         | 2584/25418 [3:23:53 > 22:56]
SOAP:  10%|█         | 2585/25418 [3:24:34 > 22:56]
SOAP:  10%|█         | 2586/25418 [3:24:30 > 22:57]
SOAP:  10%|█         | 2587/25418 [3:23:46 > 22:57]
SOAP:  10%|█         | 2588/25418 [3:24:39 > 22:58]
SOAP:  10%|█         | 2589/25418 [3:24:25 > 22:59]
SOAP:  10%|█         | 2590/25418 [3:23:45 > 22:59]
SOAP:  10%|█         | 2591/25418 [3:24:34 > 23:00]
SOAP:  10%|█         | 2592/25418 [3:24:12 > 23:00]
SOAP:  10%|█         | 2593/25418 [3:23:41 > 23:01]
SOAP:  10%|█         | 2594/25418 [3:24:16 > 23:01]
SOAP:  10%|█         | 2595/25418 [3:24:05 > 23:02]
SOAP:  10%|█         | 2596/25418 [3:23:48 > 23:02]
SOAP:  10%|█         | 2597/25418 [3:24:09 > 23:03]
SOAP:  10%|█         | 2598/25418 [3:23:52 > 23:03]
SOAP:  10%|█         | 2599/25418 [3:23:57 > 23:04]
SOAP:  10%|█         | 2600/25418 [3:24:10 > 23:04]
SOAP:  10%|█         | 2601/25418 [3:24:50 > 23:05]
SOAP:  10%|█         | 2602/25418 [3:25:04 > 23:06]
SOAP:  10%|█         | 2603/25418 [3:24:39 > 23:06]
SOAP:  10%|█         | 2604/25418 [3:24:17 > 23:07]
SOAP:  10%|█         | 2605/25418 [3:24:39 > 23:07]
SOAP:  10%|█         | 2606/25418 [3:24:22 > 23:08]
SOAP:  10%|█         | 2607/25418 [3:24:17 > 23:08]
SOAP:  10%|█         | 2608/25418 [3:24:30 > 23:09]
SOAP:  10%|█         | 2609/25418 [3:24:07 > 23:09]
SOAP:  10%|█         | 2610/25418 [3:24:14 > 23:10]
SOAP:  10%|█         | 2611/25418 [3:24:46 > 23:10]
SOAP:  10%|█         | 2612/25418 [3:24:04 > 23:11]
SOAP:  10%|█         | 2613/25418 [3:24:24 > 23:11]
SOAP:  10%|█         | 2614/25418 [3:24:21 > 23:12]
SOAP:  10%|█         | 2615/25418 [3:23:42 > 23:13]
SOAP:  10%|█         | 2616/25418 [3:24:30 > 23:13]
SOAP:  10%|█         | 2617/25418 [3:24:17 > 23:14]
SOAP:  10%|█         | 2618/25418 [3:23:45 > 23:14]
SOAP:  10%|█         | 2619/25418 [3:24:14 > 23:15]
SOAP:  10%|█         | 2620/25418 [3:24:07 > 23:15]
SOAP:  10%|█         | 2621/25418 [3:23:33 > 23:16]
SOAP:  10%|█         | 2622/25418 [3:24:26 > 23:16]
SOAP:  10%|█         | 2623/25418 [3:23:56 > 23:17]
SOAP:  10%|█         | 2624/25418 [3:23:46 > 23:17]
SOAP:  10%|█         | 2625/25418 [3:24:14 > 23:18]
SOAP:  10%|█         | 2626/25418 [3:24:12 > 23:18]
SOAP:  10%|█         | 2627/25418 [3:23:44 > 23:19]
SOAP:  10%|█         | 2628/25418 [3:24:05 > 23:20]
SOAP:  10%|█         | 2629/25418 [3:23:51 > 23:20]
SOAP:  10%|█         | 2630/25418 [3:23:48 > 23:21]
SOAP:  10%|█         | 2631/25418 [3:23:52 > 23:21]
SOAP:  10%|█         | 2632/25418 [3:23:46 > 23:22]
SOAP:  10%|█         | 2633/25418 [3:23:45 > 23:22]
SOAP:  10%|█         | 2634/25418 [3:23:28 > 23:23]
SOAP:  10%|█         | 2635/25418 [3:23:25 > 23:23]
SOAP:  10%|█         | 2636/25418 [3:23:52 > 23:24]
SOAP:  10%|█         | 2637/25418 [3:23:32 > 23:24]
SOAP:  10%|█         | 2638/25418 [3:23:48 > 23:25]
SOAP:  10%|█         | 2639/25418 [3:24:21 > 23:25]
SOAP:  10%|█         | 2640/25418 [3:23:50 > 23:26]
SOAP:  10%|█         | 2641/25418 [3:24:05 > 23:26]
SOAP:  10%|█         | 2642/25418 [3:24:22 > 23:27]
SOAP:  10%|█         | 2643/25418 [3:23:22 > 23:28]
SOAP:  10%|█         | 2644/25418 [3:24:01 > 23:28]
SOAP:  10%|█         | 2645/25418 [3:24:04 > 23:29]
SOAP:  10%|█         | 2646/25418 [3:23:27 > 23:29]
SOAP:  10%|█         | 2647/25418 [3:23:40 > 23:30]
SOAP:  10%|█         | 2648/25418 [3:23:04 > 23:30]
SOAP:  10%|█         | 2649/25418 [3:21:59 > 23:31]
SOAP:  10%|█         | 2650/25418 [3:22:24 > 23:31]
SOAP:  10%|█         | 2651/25418 [3:22:09 > 23:32]
SOAP:  10%|█         | 2652/25418 [3:21:35 > 23:32]
SOAP:  10%|█         | 2653/25418 [3:21:56 > 23:33]
SOAP:  10%|█         | 2654/25418 [3:21:49 > 23:33]
SOAP:  10%|█         | 2655/25418 [3:21:33 > 23:34]
SOAP:  10%|█         | 2656/25418 [3:21:45 > 23:34]
SOAP:  10%|█         | 2657/25418 [3:21:42 > 23:35]
SOAP:  10%|█         | 2658/25418 [3:21:50 > 23:36]
SOAP:  10%|█         | 2659/25418 [3:21:48 > 23:36]
SOAP:  10%|█         | 2660/25418 [3:21:44 > 23:37]
SOAP:  10%|█         | 2661/25418 [3:22:09 > 23:37]
SOAP:  10%|█         | 2662/25418 [3:21:28 > 23:38]
SOAP:  10%|█         | 2663/25418 [3:21:38 > 23:38]
SOAP:  10%|█         | 2664/25418 [3:20:22 > 23:39]
SOAP:  10%|█         | 2665/25418 [3:20:42 > 23:39]
SOAP:  10%|█         | 2666/25418 [3:22:21 > 23:40]
SOAP:  10%|█         | 2667/25418 [3:22:19 > 23:40]
SOAP:  10%|█         | 2668/25418 [3:21:25 > 23:41]
SOAP:  11%|█         | 2669/25418 [3:22:00 > 23:41]
SOAP:  11%|█         | 2670/25418 [3:21:49 > 23:42]
SOAP:  11%|█         | 2671/25418 [3:21:05 > 23:42]
SOAP:  11%|█         | 2672/25418 [3:21:42 > 23:43]
SOAP:  11%|█         | 2673/25418 [3:21:31 > 23:44]
SOAP:  11%|█         | 2674/25418 [3:20:53 > 23:44]
SOAP:  11%|█         | 2675/25418 [3:21:32 > 23:45]
SOAP:  11%|█         | 2676/25418 [3:21:27 > 23:45]
SOAP:  11%|█         | 2677/25418 [3:21:09 > 23:46]
SOAP:  11%|█         | 2678/25418 [3:21:26 > 23:46]
SOAP:  11%|█         | 2679/25418 [3:21:17 > 23:47]
SOAP:  11%|█         | 2680/25418 [3:21:13 > 23:47]
SOAP:  11%|█         | 2681/25418 [3:21:13 > 23:48]
SOAP:  11%|█         | 2682/25418 [3:21:06 > 23:48]
SOAP:  11%|█         | 2683/25418 [3:21:21 > 23:49]
SOAP:  11%|█         | 2684/25418 [3:21:22 > 23:49]
SOAP:  11%|█         | 2685/25418 [3:21:36 > 23:50]
SOAP:  11%|█         | 2686/25418 [3:21:48 > 23:50]
SOAP:  11%|█         | 2687/25418 [3:21:13 > 23:51]
SOAP:  11%|█         | 2688/25418 [3:21:25 > 23:51]
SOAP:  11%|█         | 2689/25418 [3:21:41 > 23:52]
SOAP:  11%|█         | 2690/25418 [3:20:54 > 23:53]
SOAP:  11%|█         | 2691/25418 [3:21:32 > 23:53]
SOAP:  11%|█         | 2692/25418 [3:21:32 > 23:54]
SOAP:  11%|█         | 2693/25418 [3:20:52 > 23:54]
SOAP:  11%|█         | 2694/25418 [3:22:10 > 23:55]
SOAP:  11%|█         | 2695/25418 [3:21:42 > 23:55]
SOAP:  11%|█         | 2696/25418 [3:20:56 > 23:56]
SOAP:  11%|█         | 2697/25418 [3:21:43 > 23:56]
SOAP:  11%|█         | 2698/25418 [3:21:39 > 23:57]
SOAP:  11%|█         | 2699/25418 [3:21:01 > 23:57]
SOAP:  11%|█         | 2700/25418 [3:20:03 > 23:58]
SOAP:  11%|█         | 2701/25418 [3:23:51 > 23:58]
SOAP:  11%|█         | 2702/25418 [3:21:57 > 23:59]
SOAP:  11%|█         | 2703/25418 [3:22:03 > 23:59]
SOAP:  11%|█         | 2704/25418 [3:21:40 > 24:00]
SOAP:  11%|█         | 2705/25418 [3:21:28 > 24:01]
SOAP:  11%|█         | 2706/25418 [3:21:13 > 24:01]
SOAP:  11%|█         | 2707/25418 [3:21:01 > 24:02]
SOAP:  11%|█         | 2708/25418 [3:19:48 > 24:02]
SOAP:  11%|█         | 2709/25418 [3:21:26 > 24:03]
SOAP:  11%|█         | 2710/25418 [3:21:29 > 24:03]
SOAP:  11%|█         | 2711/25418 [3:21:49 > 24:04]
SOAP:  11%|█         | 2712/25418 [3:19:24 > 24:04]
SOAP:  11%|█         | 2713/25418 [3:21:53 > 24:05]
SOAP:  11%|█         | 2714/25418 [3:21:53 > 24:05]
SOAP:  11%|█         | 2715/25418 [3:21:04 > 24:06]
SOAP:  11%|█         | 2716/25418 [3:21:22 > 24:06]
SOAP:  11%|█         | 2717/25418 [3:21:12 > 24:07]
SOAP:  11%|█         | 2718/25418 [3:20:26 > 24:07]
SOAP:  11%|█         | 2719/25418 [3:21:17 > 24:08]
SOAP:  11%|█         | 2720/25418 [3:21:15 > 24:09]
SOAP:  11%|█         | 2721/25418 [3:20:39 > 24:09]
SOAP:  11%|█         | 2722/25418 [3:21:17 > 24:10]
SOAP:  11%|█         | 2723/25418 [3:21:07 > 24:10]
SOAP:  11%|█         | 2724/25418 [3:20:36 > 24:11]
SOAP:  11%|█         | 2725/25418 [3:21:03 > 24:11]
SOAP:  11%|█         | 2726/25418 [3:20:48 > 24:12]
SOAP:  11%|█         | 2727/25418 [3:20:51 > 24:12]
SOAP:  11%|█         | 2728/25418 [3:20:54 > 24:13]
SOAP:  11%|█         | 2729/25418 [3:20:47 > 24:13]
SOAP:  11%|█         | 2730/25418 [3:21:06 > 24:14]
SOAP:  11%|█         | 2731/25418 [3:20:42 > 24:14]
SOAP:  11%|█         | 2732/25418 [3:20:39 > 24:15]
SOAP:  11%|█         | 2733/25418 [3:21:01 > 24:15]
SOAP:  11%|█         | 2734/25418 [3:20:26 > 24:16]
SOAP:  11%|█         | 2735/25418 [3:20:48 > 24:16]
SOAP:  11%|█         | 2736/25418 [3:21:02 > 24:17]
SOAP:  11%|█         | 2737/25418 [3:20:13 > 24:18]
SOAP:  11%|█         | 2738/25418 [3:20:45 > 24:18]
SOAP:  11%|█         | 2739/25418 [3:20:35 > 24:19]
SOAP:  11%|█         | 2740/25418 [3:20:03 > 24:19]
SOAP:  11%|█         | 2741/25418 [3:20:41 > 24:20]
SOAP:  11%|█         | 2742/25418 [3:20:32 > 24:20]
SOAP:  11%|█         | 2743/25418 [3:20:03 > 24:21]
SOAP:  11%|█         | 2744/25418 [3:20:27 > 24:21]
SOAP:  11%|█         | 2745/25418 [3:20:34 > 24:22]
SOAP:  11%|█         | 2746/25418 [3:20:12 > 24:22]
SOAP:  11%|█         | 2747/25418 [3:20:41 > 24:23]
SOAP:  11%|█         | 2748/25418 [3:20:31 > 24:23]
SOAP:  11%|█         | 2749/25418 [3:20:33 > 24:24]
SOAP:  11%|█         | 2750/25418 [3:20:33 > 24:24]
SOAP:  11%|█         | 2751/25418 [3:20:20 > 24:25]
SOAP:  11%|█         | 2752/25418 [3:20:35 > 24:25]
SOAP:  11%|█         | 2753/25418 [3:20:36 > 24:26]
SOAP:  11%|█         | 2754/25418 [3:20:34 > 24:27]
SOAP:  11%|█         | 2755/25418 [3:21:03 > 24:27]
SOAP:  11%|█         | 2756/25418 [3:20:34 > 24:28]
SOAP:  11%|█         | 2757/25418 [3:20:51 > 24:28]
SOAP:  11%|█         | 2758/25418 [3:21:05 > 24:29]
SOAP:  11%|█         | 2759/25418 [3:20:21 > 24:29]
SOAP:  11%|█         | 2760/25418 [3:20:57 > 24:30]
SOAP:  11%|█         | 2761/25418 [3:20:56 > 24:30]
SOAP:  11%|█         | 2762/25418 [3:18:42 > 24:31]
SOAP:  11%|█         | 2763/25418 [3:21:25 > 24:31]
SOAP:  11%|█         | 2764/25418 [3:21:00 > 24:32]
SOAP:  11%|█         | 2765/25418 [3:20:16 > 24:32]
SOAP:  11%|█         | 2766/25418 [3:20:37 > 24:33]
SOAP:  11%|█         | 2767/25418 [3:20:22 > 24:33]
SOAP:  11%|█         | 2768/25418 [3:20:07 > 24:34]
SOAP:  11%|█         | 2769/25418 [3:20:36 > 24:35]
SOAP:  11%|█         | 2770/25418 [3:20:28 > 24:35]
SOAP:  11%|█         | 2771/25418 [3:20:22 > 24:36]
SOAP:  11%|█         | 2772/25418 [3:20:34 > 24:36]
SOAP:  11%|█         | 2773/25418 [3:20:15 > 24:37]
SOAP:  11%|█         | 2774/25418 [3:20:32 > 24:37]
SOAP:  11%|█         | 2775/25418 [3:20:19 > 24:38]
SOAP:  11%|█         | 2776/25418 [3:20:15 > 24:38]
SOAP:  11%|█         | 2777/25418 [3:20:49 > 24:39]
SOAP:  11%|█         | 2778/25418 [3:20:13 > 24:39]
SOAP:  11%|█         | 2779/25418 [3:20:27 > 24:40]
SOAP:  11%|█         | 2780/25418 [3:20:50 > 24:40]
SOAP:  11%|█         | 2781/25418 [3:20:22 > 24:41]
SOAP:  11%|█         | 2782/25418 [3:20:36 > 24:41]
SOAP:  11%|█         | 2783/25418 [3:20:56 > 24:42]
SOAP:  11%|█         | 2784/25418 [3:20:30 > 24:43]
SOAP:  11%|█         | 2785/25418 [3:20:51 > 24:43]
SOAP:  11%|█         | 2786/25418 [3:20:46 > 24:44]
SOAP:  11%|█         | 2787/25418 [3:20:03 > 24:44]
SOAP:  11%|█         | 2788/25418 [3:20:39 > 24:45]
SOAP:  11%|█         | 2789/25418 [3:20:29 > 24:45]
SOAP:  11%|█         | 2790/25418 [3:20:03 > 24:46]
SOAP:  11%|█         | 2791/25418 [3:20:25 > 24:46]
SOAP:  11%|█         | 2792/25418 [3:20:21 > 24:47]
SOAP:  11%|█         | 2793/25418 [3:20:12 > 24:47]
SOAP:  11%|█         | 2794/25418 [3:20:23 > 24:48]
SOAP:  11%|█         | 2795/25418 [3:20:06 > 24:48]
SOAP:  11%|█         | 2796/25418 [3:20:19 > 24:49]
SOAP:  11%|█         | 2797/25418 [3:20:11 > 24:49]
SOAP:  11%|█         | 2798/25418 [3:20:12 > 24:50]
SOAP:  11%|█         | 2799/25418 [3:20:22 > 24:50]
SOAP:  11%|█         | 2800/25418 [3:20:08 > 24:51]
SOAP:  11%|█         | 2801/25418 [3:22:04 > 24:52]
SOAP:  11%|█         | 2802/25418 [3:20:58 > 24:52]
SOAP:  11%|█         | 2803/25418 [3:20:13 > 24:53]
SOAP:  11%|█         | 2804/25418 [3:20:33 > 24:53]
SOAP:  11%|█         | 2805/25418 [3:20:42 > 24:54]
SOAP:  11%|█         | 2806/25418 [3:20:23 > 24:54]
SOAP:  11%|█         | 2807/25418 [3:20:50 > 24:55]
SOAP:  11%|█         | 2808/25418 [3:20:41 > 24:55]
SOAP:  11%|█         | 2809/25418 [3:20:00 > 24:56]
SOAP:  11%|█         | 2810/25418 [3:20:39 > 24:56]
SOAP:  11%|█         | 2811/25418 [3:19:49 > 24:57]
SOAP:  11%|█         | 2812/25418 [3:20:15 > 24:57]
SOAP:  11%|█         | 2813/25418 [3:20:52 > 24:58]
SOAP:  11%|█         | 2814/25418 [3:20:34 > 24:58]
SOAP:  11%|█         | 2815/25418 [3:20:10 > 24:59]
SOAP:  11%|█         | 2816/25418 [3:20:20 > 25:00]
SOAP:  11%|█         | 2817/25418 [3:20:19 > 25:00]
SOAP:  11%|█         | 2818/25418 [3:20:18 > 25:01]
SOAP:  11%|█         | 2819/25418 [3:20:25 > 25:01]
SOAP:  11%|█         | 2820/25418 [3:20:05 > 25:02]
SOAP:  11%|█         | 2821/25418 [3:20:32 > 25:02]
SOAP:  11%|█         | 2822/25418 [3:20:05 > 25:03]
SOAP:  11%|█         | 2823/25418 [3:20:06 > 25:03]
SOAP:  11%|█         | 2824/25418 [3:20:39 > 25:04]
SOAP:  11%|█         | 2825/25418 [3:19:50 > 25:04]
SOAP:  11%|█         | 2826/25418 [3:19:55 > 25:05]
SOAP:  11%|█         | 2827/25418 [3:20:22 > 25:05]
SOAP:  11%|█         | 2828/25418 [3:19:36 > 25:06]
SOAP:  11%|█         | 2829/25418 [3:19:56 > 25:06]
SOAP:  11%|█         | 2830/25418 [3:20:17 > 25:07]
SOAP:  11%|█         | 2831/25418 [3:19:32 > 25:07]
SOAP:  11%|█         | 2832/25418 [3:20:10 > 25:08]
SOAP:  11%|█         | 2833/25418 [3:20:04 > 25:09]
SOAP:  11%|█         | 2834/25418 [3:19:27 > 25:09]
SOAP:  11%|█         | 2835/25418 [3:20:09 > 25:10]
SOAP:  11%|█         | 2836/25418 [3:20:10 > 25:10]
SOAP:  11%|█         | 2837/25418 [3:19:35 > 25:11]
SOAP:  11%|█         | 2838/25418 [3:19:49 > 25:11]
SOAP:  11%|█         | 2839/25418 [3:19:45 > 25:12]
SOAP:  11%|█         | 2840/25418 [3:19:42 > 25:12]
SOAP:  11%|█         | 2841/25418 [3:19:58 > 25:13]
SOAP:  11%|█         | 2842/25418 [3:19:58 > 25:13]
SOAP:  11%|█         | 2843/25418 [3:19:53 > 25:14]
SOAP:  11%|█         | 2844/25418 [3:19:51 > 25:14]
SOAP:  11%|█         | 2845/25418 [3:19:45 > 25:15]
SOAP:  11%|█         | 2846/25418 [3:20:15 > 25:15]
SOAP:  11%|█         | 2847/25418 [3:19:41 > 25:16]
SOAP:  11%|█         | 2848/25418 [3:19:45 > 25:17]
SOAP:  11%|█         | 2849/25418 [3:20:13 > 25:17]
SOAP:  11%|█         | 2850/25418 [3:19:21 > 25:18]
SOAP:  11%|█         | 2851/25418 [3:19:55 > 25:18]
SOAP:  11%|█         | 2852/25418 [3:20:14 > 25:19]
SOAP:  11%|█         | 2853/25418 [3:19:19 > 25:19]
SOAP:  11%|█         | 2854/25418 [3:20:02 > 25:20]
SOAP:  11%|█         | 2855/25418 [3:19:59 > 25:20]
SOAP:  11%|█         | 2856/25418 [3:19:17 > 25:21]
SOAP:  11%|█         | 2857/25418 [3:19:54 > 25:21]
SOAP:  11%|█         | 2858/25418 [3:19:56 > 25:22]
SOAP:  11%|█         | 2859/25418 [3:19:38 > 25:22]
SOAP:  11%|█▏        | 2860/25418 [3:20:25 > 25:23]
SOAP:  11%|█▏        | 2861/25418 [3:20:16 > 25:23]
SOAP:  11%|█▏        | 2862/25418 [3:19:48 > 25:24]
SOAP:  11%|█▏        | 2863/25418 [3:20:01 > 25:24]
SOAP:  11%|█▏        | 2864/25418 [3:19:54 > 25:25]
SOAP:  11%|█▏        | 2865/25418 [3:19:42 > 25:26]
SOAP:  11%|█▏        | 2866/25418 [3:19:44 > 25:26]
SOAP:  11%|█▏        | 2867/25418 [3:19:35 > 25:27]
SOAP:  11%|█▏        | 2868/25418 [3:19:49 > 25:27]
SOAP:  11%|█▏        | 2869/25418 [3:19:35 > 25:28]
SOAP:  11%|█▏        | 2870/25418 [3:19:36 > 25:28]
SOAP:  11%|█▏        | 2871/25418 [3:20:07 > 25:29]
SOAP:  11%|█▏        | 2872/25418 [3:19:19 > 25:29]
SOAP:  11%|█▏        | 2873/25418 [3:19:54 > 25:30]
SOAP:  11%|█▏        | 2874/25418 [3:20:02 > 25:30]
SOAP:  11%|█▏        | 2875/25418 [3:19:08 > 25:31]
SOAP:  11%|█▏        | 2876/25418 [3:19:46 > 25:31]
SOAP:  11%|█▏        | 2877/25418 [3:19:39 > 25:32]
SOAP:  11%|█▏        | 2878/25418 [3:18:58 > 25:32]
SOAP:  11%|█▏        | 2879/25418 [3:19:42 > 25:33]
SOAP:  11%|█▏        | 2880/25418 [3:19:38 > 25:34]
SOAP:  11%|█▏        | 2881/25418 [3:19:01 > 25:34]
SOAP:  11%|█▏        | 2882/25418 [3:19:44 > 25:35]
SOAP:  11%|█▏        | 2883/25418 [3:19:29 > 25:35]
SOAP:  11%|█▏        | 2884/25418 [3:19:02 > 25:36]
SOAP:  11%|█▏        | 2885/25418 [3:19:30 > 25:36]
SOAP:  11%|█▏        | 2886/25418 [3:19:24 > 25:37]
SOAP:  11%|█▏        | 2887/25418 [3:19:28 > 25:37]
SOAP:  11%|█▏        | 2888/25418 [3:19:33 > 25:38]
SOAP:  11%|█▏        | 2889/25418 [3:19:28 > 25:38]
SOAP:  11%|█▏        | 2890/25418 [3:19:40 > 25:39]
SOAP:  11%|█▏        | 2891/25418 [3:19:23 > 25:39]
SOAP:  11%|█▏        | 2892/25418 [3:19:21 > 25:40]
SOAP:  11%|█▏        | 2893/25418 [3:19:47 > 25:40]
SOAP:  11%|█▏        | 2894/25418 [3:19:15 > 25:41]
SOAP:  11%|█▏        | 2895/25418 [3:19:29 > 25:41]
SOAP:  11%|█▏        | 2896/25418 [3:19:55 > 25:42]
SOAP:  11%|█▏        | 2897/25418 [3:19:05 > 25:43]
SOAP:  11%|█▏        | 2898/25418 [3:19:32 > 25:43]
SOAP:  11%|█▏        | 2899/25418 [3:19:04 > 25:44]
SOAP:  11%|█▏        | 2900/25418 [3:18:30 > 25:44]
SOAP:  11%|█▏        | 2901/25418 [3:21:18 > 25:45]
SOAP:  11%|█▏        | 2902/25418 [3:19:52 > 25:45]
SOAP:  11%|█▏        | 2903/25418 [3:18:59 > 25:46]
SOAP:  11%|█▏        | 2904/25418 [3:19:46 > 25:46]
SOAP:  11%|█▏        | 2905/25418 [3:19:25 > 25:47]
SOAP:  11%|█▏        | 2906/25418 [3:18:58 > 25:47]
SOAP:  11%|█▏        | 2907/25418 [3:19:24 > 25:48]
SOAP:  11%|█▏        | 2908/25418 [3:19:18 > 25:48]
SOAP:  11%|█▏        | 2909/25418 [3:19:04 > 25:49]
SOAP:  11%|█▏        | 2910/25418 [3:19:21 > 25:49]
SOAP:  11%|█▏        | 2911/25418 [3:17:45 > 25:50]
SOAP:  11%|█▏        | 2912/25418 [3:20:00 > 25:51]
SOAP:  11%|█▏        | 2913/25418 [3:20:19 > 25:51]
SOAP:  11%|█▏        | 2914/25418 [3:19:49 > 25:52]
SOAP:  11%|█▏        | 2915/25418 [3:19:59 > 25:52]
SOAP:  11%|█▏        | 2916/25418 [3:19:42 > 25:53]
SOAP:  11%|█▏        | 2917/25418 [3:19:38 > 25:53]
SOAP:  11%|█▏        | 2918/25418 [3:20:00 > 25:54]
SOAP:  11%|█▏        | 2919/25418 [3:18:45 > 25:54]
SOAP:  11%|█▏        | 2920/25418 [3:20:01 > 25:55]
SOAP:  11%|█▏        | 2921/25418 [3:20:05 > 25:55]
SOAP:  11%|█▏        | 2922/25418 [3:19:09 > 25:56]
SOAP:  11%|█▏        | 2923/25418 [3:19:29 > 25:56]
SOAP:  12%|█▏        | 2924/25418 [3:19:40 > 25:57]
SOAP:  12%|█▏        | 2925/25418 [3:19:17 > 25:57]
SOAP:  12%|█▏        | 2926/25418 [3:19:39 > 25:58]
SOAP:  12%|█▏        | 2927/25418 [3:19:26 > 25:59]
SOAP:  12%|█▏        | 2928/25418 [3:18:46 > 25:59]
SOAP:  12%|█▏        | 2929/25418 [3:19:26 > 26:00]
SOAP:  12%|█▏        | 2930/25418 [3:19:17 > 26:00]
SOAP:  12%|█▏        | 2931/25418 [3:18:58 > 26:01]
SOAP:  12%|█▏        | 2932/25418 [3:19:04 > 26:01]
SOAP:  12%|█▏        | 2933/25418 [3:18:54 > 26:02]
SOAP:  12%|█▏        | 2934/25418 [3:18:51 > 26:02]
SOAP:  12%|█▏        | 2935/25418 [3:19:10 > 26:03]
SOAP:  12%|█▏        | 2936/25418 [3:18:51 > 26:03]
SOAP:  12%|█▏        | 2937/25418 [3:19:14 > 26:04]
SOAP:  12%|█▏        | 2938/25418 [3:19:12 > 26:04]
SOAP:  12%|█▏        | 2939/25418 [3:19:31 > 26:05]
SOAP:  12%|█▏        | 2940/25418 [3:19:44 > 26:05]
SOAP:  12%|█▏        | 2941/25418 [3:19:07 > 26:06]
SOAP:  12%|█▏        | 2942/25418 [3:19:08 > 26:06]
SOAP:  12%|█▏        | 2943/25418 [3:19:23 > 26:07]
SOAP:  12%|█▏        | 2944/25418 [3:18:39 > 26:08]
SOAP:  12%|█▏        | 2945/25418 [3:19:17 > 26:08]
SOAP:  12%|█▏        | 2946/25418 [3:19:21 > 26:09]
SOAP:  12%|█▏        | 2947/25418 [3:18:38 > 26:09]
SOAP:  12%|█▏        | 2948/25418 [3:19:18 > 26:10]
SOAP:  12%|█▏        | 2949/25418 [3:19:04 > 26:10]
SOAP:  12%|█▏        | 2950/25418 [3:18:32 > 26:11]
SOAP:  12%|█▏        | 2951/25418 [3:19:07 > 26:11]
SOAP:  12%|█▏        | 2952/25418 [3:18:58 > 26:12]
SOAP:  12%|█▏        | 2953/25418 [3:18:54 > 26:12]
SOAP:  12%|█▏        | 2954/25418 [3:19:47 > 26:13]
SOAP:  12%|█▏        | 2955/25418 [3:19:23 > 26:13]
SOAP:  12%|█▏        | 2956/25418 [3:19:16 > 26:14]
SOAP:  12%|█▏        | 2957/25418 [3:18:51 > 26:14]
SOAP:  12%|█▏        | 2958/25418 [3:18:32 > 26:15]
SOAP:  12%|█▏        | 2959/25418 [3:18:50 > 26:16]
SOAP:  12%|█▏        | 2960/25418 [3:18:35 > 26:16]
SOAP:  12%|█▏        | 2961/25418 [3:18:33 > 26:17]
SOAP:  12%|█▏        | 2962/25418 [3:18:56 > 26:17]
SOAP:  12%|█▏        | 2963/25418 [3:18:38 > 26:18]
SOAP:  12%|█▏        | 2964/25418 [3:18:53 > 26:18]
SOAP:  12%|█▏        | 2965/25418 [3:19:17 > 26:19]
SOAP:  12%|█▏        | 2966/25418 [3:18:35 > 26:19]
SOAP:  12%|█▏        | 2967/25418 [3:19:04 > 26:20]
SOAP:  12%|█▏        | 2968/25418 [3:19:06 > 26:20]
SOAP:  12%|█▏        | 2969/25418 [3:18:36 > 26:21]
SOAP:  12%|█▏        | 2970/25418 [3:19:43 > 26:21]
SOAP:  12%|█▏        | 2971/25418 [3:19:26 > 26:22]
SOAP:  12%|█▏        | 2972/25418 [3:18:38 > 26:22]
SOAP:  12%|█▏        | 2973/25418 [3:19:08 > 26:23]
SOAP:  12%|█▏        | 2974/25418 [3:18:54 > 26:24]
SOAP:  12%|█▏        | 2975/25418 [3:18:30 > 26:24]
SOAP:  12%|█▏        | 2976/25418 [3:18:57 > 26:25]
SOAP:  12%|█▏        | 2977/25418 [3:18:38 > 26:25]
SOAP:  12%|█▏        | 2978/25418 [3:18:29 > 26:26]
SOAP:  12%|█▏        | 2979/25418 [3:18:34 > 26:26]
SOAP:  12%|█▏        | 2980/25418 [3:18:37 > 26:27]
SOAP:  12%|█▏        | 2981/25418 [3:18:36 > 26:27]
SOAP:  12%|█▏        | 2982/25418 [3:18:33 > 26:28]
SOAP:  12%|█▏        | 2983/25418 [3:18:31 > 26:28]
SOAP:  12%|█▏        | 2984/25418 [3:18:51 > 26:29]
SOAP:  12%|█▏        | 2985/25418 [3:18:23 > 26:29]
SOAP:  12%|█▏        | 2986/25418 [3:18:31 > 26:30]
SOAP:  12%|█▏        | 2987/25418 [3:18:55 > 26:30]
SOAP:  12%|█▏        | 2988/25418 [3:18:16 > 26:31]
SOAP:  12%|█▏        | 2989/25418 [3:18:44 > 26:31]
SOAP:  12%|█▏        | 2990/25418 [3:18:53 > 26:32]
SOAP:  12%|█▏        | 2991/25418 [3:18:05 > 26:33]
SOAP:  12%|█▏        | 2992/25418 [3:18:39 > 26:33]
SOAP:  12%|█▏        | 2993/25418 [3:18:23 > 26:34]
SOAP:  12%|█▏        | 2994/25418 [3:17:56 > 26:34]
SOAP:  12%|█▏        | 2995/25418 [3:18:42 > 26:35]
SOAP:  12%|█▏        | 2996/25418 [3:18:38 > 26:35]
SOAP:  12%|█▏        | 2997/25418 [3:18:20 > 26:36]
SOAP:  12%|█▏        | 2998/25418 [3:17:58 > 26:36]
SOAP:  12%|█▏        | 2999/25418 [3:19:03 > 26:37]
SOAP:  12%|█▏        | 3000/25418 [3:18:38 > 26:37]
SOAP:  12%|█▏        | 3001/25418 [3:20:46 > 26:38]
SOAP:  12%|█▏        | 3002/25418 [3:19:12 > 26:38]
SOAP:  12%|█▏        | 3003/25418 [3:19:04 > 26:39]
SOAP:  12%|█▏        | 3004/25418 [3:18:54 > 26:39]
SOAP:  12%|█▏        | 3005/25418 [3:18:43 > 26:40]
SOAP:  12%|█▏        | 3006/25418 [3:18:59 > 26:41]
SOAP:  12%|█▏        | 3007/25418 [3:18:32 > 26:41]
SOAP:  12%|█▏        | 3008/25418 [3:18:29 > 26:42]
SOAP:  12%|█▏        | 3009/25418 [3:18:53 > 26:42]
SOAP:  12%|█▏        | 3010/25418 [3:18:04 > 26:43]
SOAP:  12%|█▏        | 3011/25418 [3:18:29 > 26:43]
SOAP:  12%|█▏        | 3012/25418 [3:18:54 > 26:44]
SOAP:  12%|█▏        | 3013/25418 [3:18:03 > 26:44]
SOAP:  12%|█▏        | 3014/25418 [3:18:37 > 26:45]
SOAP:  12%|█▏        | 3015/25418 [3:18:36 > 26:45]
SOAP:  12%|█▏        | 3016/25418 [3:17:54 > 26:46]
SOAP:  12%|█▏        | 3017/25418 [3:17:32 > 26:46]
SOAP:  12%|█▏        | 3018/25418 [3:18:37 > 26:47]
SOAP:  12%|█▏        | 3019/25418 [3:17:52 > 26:47]
SOAP:  12%|█▏        | 3020/25418 [3:18:31 > 26:48]
SOAP:  12%|█▏        | 3021/25418 [3:18:25 > 26:48]
SOAP:  12%|█▏        | 3022/25418 [3:18:01 > 26:49]
SOAP:  12%|█▏        | 3023/25418 [3:18:30 > 26:50]
SOAP:  12%|█▏        | 3024/25418 [3:18:15 > 26:50]
SOAP:  12%|█▏        | 3025/25418 [3:18:06 > 26:51]
SOAP:  12%|█▏        | 3026/25418 [3:18:10 > 26:51]
SOAP:  12%|█▏        | 3027/25418 [3:18:14 > 26:52]
SOAP:  12%|█▏        | 3028/25418 [3:18:28 > 26:52]
SOAP:  12%|█▏        | 3029/25418 [3:18:12 > 26:53]
SOAP:  12%|█▏        | 3030/25418 [3:18:13 > 26:53]
SOAP:  12%|█▏        | 3031/25418 [3:18:33 > 26:54]
SOAP:  12%|█▏        | 3032/25418 [3:18:06 > 26:54]
SOAP:  12%|█▏        | 3033/25418 [3:18:48 > 26:55]
SOAP:  12%|█▏        | 3034/25418 [3:18:56 > 26:55]
SOAP:  12%|█▏        | 3035/25418 [3:18:02 > 26:56]
SOAP:  12%|█▏        | 3036/25418 [3:16:54 > 26:56]
SOAP:  12%|█▏        | 3037/25418 [3:18:59 > 26:57]
SOAP:  12%|█▏        | 3038/25418 [3:18:03 > 26:58]
SOAP:  12%|█▏        | 3039/25418 [3:18:40 > 26:58]
SOAP:  12%|█▏        | 3040/25418 [3:18:31 > 26:59]
SOAP:  12%|█▏        | 3041/25418 [3:17:45 > 26:59]
SOAP:  12%|█▏        | 3042/25418 [3:18:22 > 27:00]
SOAP:  12%|█▏        | 3043/25418 [3:18:10 > 27:00]
SOAP:  12%|█▏        | 3044/25418 [3:17:33 > 27:01]
SOAP:  12%|█▏        | 3045/25418 [3:18:05 > 27:01]
SOAP:  12%|█▏        | 3046/25418 [3:18:00 > 27:02]
SOAP:  12%|█▏        | 3047/25418 [3:17:46 > 27:02]
SOAP:  12%|█▏        | 3048/25418 [3:17:59 > 27:03]
SOAP:  12%|█▏        | 3049/25418 [3:18:01 > 27:03]
SOAP:  12%|█▏        | 3050/25418 [3:18:03 > 27:04]
SOAP:  12%|█▏        | 3051/25418 [3:18:01 > 27:04]
SOAP:  12%|█▏        | 3052/25418 [3:17:48 > 27:05]
SOAP:  12%|█▏        | 3053/25418 [3:18:11 > 27:05]
SOAP:  12%|█▏        | 3054/25418 [3:16:12 > 27:06]
SOAP:  12%|█▏        | 3055/25418 [3:16:57 > 27:07]
SOAP:  12%|█▏        | 3056/25418 [3:19:24 > 27:07]
SOAP:  12%|█▏        | 3057/25418 [3:18:13 > 27:08]
SOAP:  12%|█▏        | 3058/25418 [3:18:27 > 27:08]
SOAP:  12%|█▏        | 3059/25418 [3:18:26 > 27:09]
SOAP:  12%|█▏        | 3060/25418 [3:17:38 > 27:09]
SOAP:  12%|█▏        | 3061/25418 [3:18:11 > 27:10]
SOAP:  12%|█▏        | 3062/25418 [3:18:02 > 27:10]
SOAP:  12%|█▏        | 3063/25418 [3:17:25 > 27:11]
SOAP:  12%|█▏        | 3064/25418 [3:17:49 > 27:11]
SOAP:  12%|█▏        | 3065/25418 [3:16:18 > 27:12]
SOAP:  12%|█▏        | 3066/25418 [3:17:53 > 27:12]
SOAP:  12%|█▏        | 3067/25418 [3:18:33 > 27:13]
SOAP:  12%|█▏        | 3068/25418 [3:18:14 > 27:13]
SOAP:  12%|█▏        | 3069/25418 [3:17:58 > 27:14]
SOAP:  12%|█▏        | 3070/25418 [3:18:08 > 27:15]
SOAP:  12%|█▏        | 3071/25418 [3:17:57 > 27:15]
SOAP:  12%|█▏        | 3072/25418 [3:18:01 > 27:16]
SOAP:  12%|█▏        | 3073/25418 [3:17:46 > 27:16]
SOAP:  12%|█▏        | 3074/25418 [3:15:59 > 27:17]
SOAP:  12%|█▏        | 3075/25418 [3:18:42 > 27:17]
SOAP:  12%|█▏        | 3076/25418 [3:18:42 > 27:18]
SOAP:  12%|█▏        | 3077/25418 [3:18:21 > 27:18]
SOAP:  12%|█▏        | 3078/25418 [3:18:32 > 27:19]
SOAP:  12%|█▏        | 3079/25418 [3:17:45 > 27:19]
SOAP:  12%|█▏        | 3080/25418 [3:18:06 > 27:20]
SOAP:  12%|█▏        | 3081/25418 [3:18:22 > 27:20]
SOAP:  12%|█▏        | 3082/25418 [3:17:33 > 27:21]
SOAP:  12%|█▏        | 3083/25418 [3:17:53 > 27:21]
SOAP:  12%|█▏        | 3084/25418 [3:18:11 > 27:22]
SOAP:  12%|█▏        | 3085/25418 [3:17:44 > 27:22]
SOAP:  12%|█▏        | 3086/25418 [3:18:07 > 27:23]
SOAP:  12%|█▏        | 3087/25418 [3:18:04 > 27:24]
SOAP:  12%|█▏        | 3088/25418 [3:17:19 > 27:24]
SOAP:  12%|█▏        | 3089/25418 [3:17:14 > 27:25]
SOAP:  12%|█▏        | 3090/25418 [3:18:01 > 27:25]
SOAP:  12%|█▏        | 3091/25418 [3:17:34 > 27:26]
SOAP:  12%|█▏        | 3092/25418 [3:17:45 > 27:26]
SOAP:  12%|█▏        | 3093/25418 [3:16:06 > 27:27]
SOAP:  12%|█▏        | 3094/25418 [3:18:00 > 27:27]
SOAP:  12%|█▏        | 3095/25418 [3:17:58 > 27:28]
SOAP:  12%|█▏        | 3096/25418 [3:17:42 > 27:28]
SOAP:  12%|█▏        | 3097/25418 [3:18:06 > 27:29]
SOAP:  12%|█▏        | 3098/25418 [3:18:20 > 27:29]
SOAP:  12%|█▏        | 3099/25418 [3:18:10 > 27:30]
SOAP:  12%|█▏        | 3100/25418 [3:18:21 > 27:30]
SOAP:  12%|█▏        | 3101/25418 [3:19:22 > 27:31]
SOAP:  12%|█▏        | 3102/25418 [3:18:15 > 27:32]
SOAP:  12%|█▏        | 3103/25418 [3:18:28 > 27:32]
SOAP:  12%|█▏        | 3104/25418 [3:17:57 > 27:33]
SOAP:  12%|█▏        | 3105/25418 [3:18:55 > 27:33]
SOAP:  12%|█▏        | 3106/25418 [3:19:26 > 27:34]
SOAP:  12%|█▏        | 3107/25418 [3:18:43 > 27:34]
SOAP:  12%|█▏        | 3108/25418 [3:19:52 > 27:35]
SOAP:  12%|█▏        | 3109/25418 [3:19:53 > 27:35]
SOAP:  12%|█▏        | 3110/25418 [3:19:10 > 27:36]
SOAP:  12%|█▏        | 3111/25418 [3:19:57 > 27:36]
SOAP:  12%|█▏        | 3112/25418 [3:17:59 > 27:37]
SOAP:  12%|█▏        | 3113/25418 [3:18:55 > 27:37]
SOAP:  12%|█▏        | 3114/25418 [3:19:43 > 27:38]
SOAP:  12%|█▏        | 3115/25418 [3:19:41 > 27:39]
SOAP:  12%|█▏        | 3116/25418 [3:19:13 > 27:39]
SOAP:  12%|█▏        | 3117/25418 [3:19:54 > 27:40]
SOAP:  12%|█▏        | 3118/25418 [3:19:46 > 27:40]
SOAP:  12%|█▏        | 3119/25418 [3:19:26 > 27:41]
SOAP:  12%|█▏        | 3120/25418 [3:19:32 > 27:41]
SOAP:  12%|█▏        | 3121/25418 [3:19:14 > 27:42]
SOAP:  12%|█▏        | 3122/25418 [3:18:56 > 27:42]
SOAP:  12%|█▏        | 3123/25418 [3:18:16 > 27:43]
SOAP:  12%|█▏        | 3124/25418 [3:17:12 > 27:43]
SOAP:  12%|█▏        | 3125/25418 [3:19:23 > 27:44]
SOAP:  12%|█▏        | 3126/25418 [3:19:07 > 27:44]
SOAP:  12%|█▏        | 3127/25418 [3:19:13 > 27:45]
SOAP:  12%|█▏        | 3128/25418 [3:19:37 > 27:45]
SOAP:  12%|█▏        | 3129/25418 [3:19:17 > 27:46]
SOAP:  12%|█▏        | 3130/25418 [3:19:29 > 27:47]
SOAP:  12%|█▏        | 3131/25418 [3:17:54 > 27:47]
SOAP:  12%|█▏        | 3132/25418 [3:18:28 > 27:48]
SOAP:  12%|█▏        | 3133/25418 [3:19:25 > 27:48]
SOAP:  12%|█▏        | 3134/25418 [3:19:33 > 27:49]
SOAP:  12%|█▏        | 3135/25418 [3:18:49 > 27:49]
SOAP:  12%|█▏        | 3136/25418 [3:19:08 > 27:50]
SOAP:  12%|█▏        | 3137/25418 [3:19:22 > 27:50]
SOAP:  12%|█▏        | 3138/25418 [3:18:49 > 27:51]
SOAP:  12%|█▏        | 3139/25418 [3:19:42 > 27:51]
SOAP:  12%|█▏        | 3140/25418 [3:19:26 > 27:52]
SOAP:  12%|█▏        | 3141/25418 [3:18:59 > 27:52]
SOAP:  12%|█▏        | 3142/25418 [3:19:48 > 27:53]
SOAP:  12%|█▏        | 3143/25418 [3:19:39 > 27:54]
SOAP:  12%|█▏        | 3144/25418 [3:18:54 > 27:54]
SOAP:  12%|█▏        | 3145/25418 [3:19:02 > 27:55]
SOAP:  12%|█▏        | 3146/25418 [3:19:00 > 27:55]
SOAP:  12%|█▏        | 3147/25418 [3:18:52 > 27:56]
SOAP:  12%|█▏        | 3148/25418 [3:19:16 > 27:56]
SOAP:  12%|█▏        | 3149/25418 [3:19:16 > 27:57]
SOAP:  12%|█▏        | 3150/25418 [3:19:06 > 27:57]
SOAP:  12%|█▏        | 3151/25418 [3:19:18 > 27:58]
SOAP:  12%|█▏        | 3152/25418 [3:19:11 > 27:58]
SOAP:  12%|█▏        | 3153/25418 [3:19:43 > 27:59]
SOAP:  12%|█▏        | 3154/25418 [3:19:25 > 27:59]
SOAP:  12%|█▏        | 3155/25418 [3:19:23 > 28:00]
SOAP:  12%|█▏        | 3156/25418 [3:19:51 > 28:00]
SOAP:  12%|█▏        | 3157/25418 [3:19:11 > 28:01]
SOAP:  12%|█▏        | 3158/25418 [3:19:20 > 28:02]
SOAP:  12%|█▏        | 3159/25418 [3:19:42 > 28:02]
SOAP:  12%|█▏        | 3160/25418 [3:19:06 > 28:03]
SOAP:  12%|█▏        | 3161/25418 [3:19:36 > 28:03]
SOAP:  12%|█▏        | 3162/25418 [3:19:43 > 28:04]
SOAP:  12%|█▏        | 3163/25418 [3:18:57 > 28:04]
SOAP:  12%|█▏        | 3164/25418 [3:19:40 > 28:05]
SOAP:  12%|█▏        | 3165/25418 [3:19:36 > 28:05]
SOAP:  12%|█▏        | 3166/25418 [3:18:55 > 28:06]
SOAP:  12%|█▏        | 3167/25418 [3:19:34 > 28:06]
SOAP:  12%|█▏        | 3168/25418 [3:19:24 > 28:07]
SOAP:  12%|█▏        | 3169/25418 [3:18:41 > 28:07]
SOAP:  12%|█▏        | 3170/25418 [3:19:16 > 28:08]
SOAP:  12%|█▏        | 3171/25418 [3:19:27 > 28:09]
SOAP:  12%|█▏        | 3172/25418 [3:18:40 > 28:09]
SOAP:  12%|█▏        | 3173/25418 [3:19:25 > 28:10]
SOAP:  12%|█▏        | 3174/25418 [3:19:10 > 28:10]
SOAP:  12%|█▏        | 3175/25418 [3:18:58 > 28:11]
SOAP:  12%|█▏        | 3176/25418 [3:19:15 > 28:11]
SOAP:  12%|█▏        | 3177/25418 [3:19:12 > 28:12]
SOAP:  13%|█▎        | 3178/25418 [3:19:17 > 28:12]
SOAP:  13%|█▎        | 3179/25418 [3:19:15 > 28:13]
SOAP:  13%|█▎        | 3180/25418 [3:19:06 > 28:13]
SOAP:  13%|█▎        | 3181/25418 [3:19:06 > 28:14]
SOAP:  13%|█▎        | 3182/25418 [3:19:04 > 28:14]
SOAP:  13%|█▎        | 3183/25418 [3:19:02 > 28:15]
SOAP:  13%|█▎        | 3184/25418 [3:19:20 > 28:16]
SOAP:  13%|█▎        | 3185/25418 [3:19:07 > 28:16]
SOAP:  13%|█▎        | 3186/25418 [3:18:58 > 28:17]
SOAP:  13%|█▎        | 3187/25418 [3:19:37 > 28:17]
SOAP:  13%|█▎        | 3188/25418 [3:19:00 > 28:18]
SOAP:  13%|█▎        | 3189/25418 [3:19:13 > 28:18]
SOAP:  13%|█▎        | 3190/25418 [3:19:26 > 28:19]
SOAP:  13%|█▎        | 3191/25418 [3:18:25 > 28:19]
SOAP:  13%|█▎        | 3192/25418 [3:18:29 > 28:20]
SOAP:  13%|█▎        | 3193/25418 [3:18:58 > 28:20]
SOAP:  13%|█▎        | 3194/25418 [3:18:18 > 28:21]
SOAP:  13%|█▎        | 3195/25418 [3:19:07 > 28:21]
SOAP:  13%|█▎        | 3196/25418 [3:18:23 > 28:22]
SOAP:  13%|█▎        | 3197/25418 [3:17:50 > 28:23]
SOAP:  13%|█▎        | 3198/25418 [3:18:51 > 28:23]
SOAP:  13%|█▎        | 3199/25418 [3:18:46 > 28:24]
SOAP:  13%|█▎        | 3200/25418 [3:18:31 > 28:24]
SOAP:  13%|█▎        | 3201/25418 [3:20:00 > 28:25]
SOAP:  13%|█▎        | 3202/25418 [3:19:39 > 28:25]
SOAP:  13%|█▎        | 3203/25418 [3:18:59 > 28:26]
SOAP:  13%|█▎        | 3204/25418 [3:19:25 > 28:26]
SOAP:  13%|█▎        | 3205/25418 [3:19:13 > 28:27]
SOAP:  13%|█▎        | 3206/25418 [3:18:52 > 28:27]
SOAP:  13%|█▎        | 3207/25418 [3:19:09 > 28:28]
SOAP:  13%|█▎        | 3208/25418 [3:18:52 > 28:28]
SOAP:  13%|█▎        | 3209/25418 [3:19:05 > 28:29]
SOAP:  13%|█▎        | 3210/25418 [3:18:59 > 28:30]
SOAP:  13%|█▎        | 3211/25418 [3:18:52 > 28:30]
SOAP:  13%|█▎        | 3212/25418 [3:18:57 > 28:31]
SOAP:  13%|█▎        | 3213/25418 [3:18:33 > 28:31]
SOAP:  13%|█▎        | 3214/25418 [3:18:35 > 28:32]
SOAP:  13%|█▎        | 3215/25418 [3:19:06 > 28:32]
SOAP:  13%|█▎        | 3216/25418 [3:18:45 > 28:33]
SOAP:  13%|█▎        | 3217/25418 [3:18:44 > 28:33]
SOAP:  13%|█▎        | 3218/25418 [3:19:24 > 28:34]
SOAP:  13%|█▎        | 3219/25418 [3:18:49 > 28:34]
SOAP:  13%|█▎        | 3220/25418 [3:18:55 > 28:35]
SOAP:  13%|█▎        | 3221/25418 [3:19:14 > 28:35]
SOAP:  13%|█▎        | 3222/25418 [3:18:32 > 28:36]
SOAP:  13%|█▎        | 3223/25418 [3:19:11 > 28:37]
SOAP:  13%|█▎        | 3224/25418 [3:19:11 > 28:37]
SOAP:  13%|█▎        | 3225/25418 [3:16:34 > 28:38]
SOAP:  13%|█▎        | 3226/25418 [3:18:44 > 28:38]
SOAP:  13%|█▎        | 3227/25418 [3:18:10 > 28:39]
SOAP:  13%|█▎        | 3228/25418 [3:17:37 > 28:39]
SOAP:  13%|█▎        | 3229/25418 [3:18:36 > 28:40]
SOAP:  13%|█▎        | 3230/25418 [3:18:32 > 28:40]
SOAP:  13%|█▎        | 3231/25418 [3:18:00 > 28:41]
SOAP:  13%|█▎        | 3232/25418 [3:18:23 > 28:41]
SOAP:  13%|█▎        | 3233/25418 [3:18:24 > 28:42]
SOAP:  13%|█▎        | 3234/25418 [3:18:03 > 28:42]
SOAP:  13%|█▎        | 3235/25418 [3:18:31 > 28:43]
SOAP:  13%|█▎        | 3236/25418 [3:18:41 > 28:43]
SOAP:  13%|█▎        | 3237/25418 [3:18:25 > 28:44]
SOAP:  13%|█▎        | 3238/25418 [3:18:37 > 28:45]
SOAP:  13%|█▎        | 3239/25418 [3:17:50 > 28:45]
SOAP:  13%|█▎        | 3240/25418 [3:18:03 > 28:46]
SOAP:  13%|█▎        | 3241/25418 [3:18:23 > 28:46]
SOAP:  13%|█▎        | 3242/25418 [3:18:32 > 28:47]
SOAP:  13%|█▎        | 3243/25418 [3:18:42 > 28:47]
SOAP:  13%|█▎        | 3244/25418 [3:16:45 > 28:48]
SOAP:  13%|█▎        | 3245/25418 [3:18:13 > 28:48]
SOAP:  13%|█▎        | 3246/25418 [3:18:25 > 28:49]
SOAP:  13%|█▎        | 3247/25418 [3:17:57 > 28:49]
SOAP:  13%|█▎        | 3248/25418 [3:18:15 > 28:50]
SOAP:  13%|█▎        | 3249/25418 [3:18:46 > 28:50]
SOAP:  13%|█▎        | 3250/25418 [3:18:15 > 28:51]
SOAP:  13%|█▎        | 3251/25418 [3:18:46 > 28:52]
SOAP:  13%|█▎        | 3252/25418 [3:18:47 > 28:52]
SOAP:  13%|█▎        | 3253/25418 [3:17:47 > 28:53]
SOAP:  13%|█▎        | 3254/25418 [3:18:41 > 28:53]
SOAP:  13%|█▎        | 3255/25418 [3:18:29 > 28:54]
SOAP:  13%|█▎        | 3256/25418 [3:17:31 > 28:54]
SOAP:  13%|█▎        | 3257/25418 [3:18:08 > 28:55]
SOAP:  13%|█▎        | 3258/25418 [3:18:00 > 28:55]
SOAP:  13%|█▎        | 3259/25418 [3:17:34 > 28:56]
SOAP:  13%|█▎        | 3260/25418 [3:18:19 > 28:56]
SOAP:  13%|█▎        | 3261/25418 [3:18:19 > 28:57]
SOAP:  13%|█▎        | 3262/25418 [3:17:55 > 28:57]
SOAP:  13%|█▎        | 3263/25418 [3:18:09 > 28:58]
SOAP:  13%|█▎        | 3264/25418 [3:18:08 > 28:58]
SOAP:  13%|█▎        | 3265/25418 [3:17:52 > 28:59]
SOAP:  13%|█▎        | 3266/25418 [3:18:21 > 29:00]
SOAP:  13%|█▎        | 3267/25418 [3:18:18 > 29:00]
SOAP:  13%|█▎        | 3268/25418 [3:18:05 > 29:01]
SOAP:  13%|█▎        | 3269/25418 [3:18:06 > 29:01]
SOAP:  13%|█▎        | 3270/25418 [3:18:00 > 29:02]
SOAP:  13%|█▎        | 3271/25418 [3:18:24 > 29:02]
SOAP:  13%|█▎        | 3272/25418 [3:18:22 > 29:03]
SOAP:  13%|█▎        | 3273/25418 [3:18:12 > 29:03]
SOAP:  13%|█▎        | 3274/25418 [3:18:36 > 29:04]
SOAP:  13%|█▎        | 3275/25418 [3:18:08 > 29:04]
SOAP:  13%|█▎        | 3276/25418 [3:18:26 > 29:05]
SOAP:  13%|█▎        | 3277/25418 [3:18:36 > 29:05]
SOAP:  13%|█▎        | 3278/25418 [3:18:07 > 29:06]
SOAP:  13%|█▎        | 3279/25418 [3:18:33 > 29:07]
SOAP:  13%|█▎        | 3280/25418 [3:18:28 > 29:07]
SOAP:  13%|█▎        | 3281/25418 [3:17:50 > 29:08]
SOAP:  13%|█▎        | 3282/25418 [3:19:02 > 29:08]
SOAP:  13%|█▎        | 3283/25418 [3:18:17 > 29:09]
SOAP:  13%|█▎        | 3284/25418 [3:17:37 > 29:09]
SOAP:  13%|█▎        | 3285/25418 [3:18:05 > 29:10]
SOAP:  13%|█▎        | 3286/25418 [3:18:04 > 29:10]
SOAP:  13%|█▎        | 3287/25418 [3:17:28 > 29:11]
SOAP:  13%|█▎        | 3288/25418 [3:18:23 > 29:11]
SOAP:  13%|█▎        | 3289/25418 [3:17:10 > 29:12]
SOAP:  13%|█▎        | 3290/25418 [3:17:19 > 29:12]
SOAP:  13%|█▎        | 3291/25418 [3:18:03 > 29:13]
SOAP:  13%|█▎        | 3292/25418 [3:17:53 > 29:14]
SOAP:  13%|█▎        | 3293/25418 [3:17:38 > 29:14]
SOAP:  13%|█▎        | 3294/25418 [3:18:15 > 29:15]
SOAP:  13%|█▎        | 3295/25418 [3:18:07 > 29:15]
SOAP:  13%|█▎        | 3296/25418 [3:17:51 > 29:16]
SOAP:  13%|█▎        | 3297/25418 [3:17:56 > 29:16]
SOAP:  13%|█▎        | 3298/25418 [3:17:55 > 29:17]
SOAP:  13%|█▎        | 3299/25418 [3:18:14 > 29:17]
SOAP:  13%|█▎        | 3300/25418 [3:18:01 > 29:18]
SOAP:  13%|█▎        | 3301/25418 [3:18:55 > 29:18]
SOAP:  13%|█▎        | 3302/25418 [3:19:06 > 29:19]
SOAP:  13%|█▎        | 3303/25418 [3:18:28 > 29:19]
SOAP:  13%|█▎        | 3304/25418 [3:18:18 > 29:20]
SOAP:  13%|█▎        | 3305/25418 [3:18:34 > 29:21]
SOAP:  13%|█▎        | 3306/25418 [3:18:06 > 29:21]
SOAP:  13%|█▎        | 3307/25418 [3:18:10 > 29:22]
SOAP:  13%|█▎        | 3308/25418 [3:18:41 > 29:22]
SOAP:  13%|█▎        | 3309/25418 [3:17:57 > 29:23]
SOAP:  13%|█▎        | 3310/25418 [3:18:09 > 29:23]
SOAP:  13%|█▎        | 3311/25418 [3:18:12 > 29:24]
SOAP:  13%|█▎        | 3312/25418 [3:17:31 > 29:24]
SOAP:  13%|█▎        | 3313/25418 [3:18:13 > 29:25]
SOAP:  13%|█▎        | 3314/25418 [3:18:06 > 29:25]
SOAP:  13%|█▎        | 3315/25418 [3:17:39 > 29:26]
SOAP:  13%|█▎        | 3316/25418 [3:18:09 > 29:26]
SOAP:  13%|█▎        | 3317/25418 [3:18:12 > 29:27]
SOAP:  13%|█▎        | 3318/25418 [3:17:24 > 29:28]
SOAP:  13%|█▎        | 3319/25418 [3:18:08 > 29:28]
SOAP:  13%|█▎        | 3320/25418 [3:17:50 > 29:29]
SOAP:  13%|█▎        | 3321/25418 [3:17:23 > 29:29]
SOAP:  13%|█▎        | 3322/25418 [3:18:11 > 29:30]
SOAP:  13%|█▎        | 3323/25418 [3:17:59 > 29:30]
SOAP:  13%|█▎        | 3324/25418 [3:17:42 > 29:31]
SOAP:  13%|█▎        | 3325/25418 [3:18:01 > 29:31]
SOAP:  13%|█▎        | 3326/25418 [3:17:58 > 29:32]
SOAP:  13%|█▎        | 3327/25418 [3:17:52 > 29:32]
SOAP:  13%|█▎        | 3328/25418 [3:17:54 > 29:33]
SOAP:  13%|█▎        | 3329/25418 [3:17:30 > 29:33]
SOAP:  13%|█▎        | 3330/25418 [3:17:18 > 29:34]
SOAP:  13%|█▎        | 3331/25418 [3:17:23 > 29:34]
SOAP:  13%|█▎        | 3332/25418 [3:17:25 > 29:35]
SOAP:  13%|█▎        | 3333/25418 [3:17:52 > 29:36]
SOAP:  13%|█▎        | 3334/25418 [3:17:26 > 29:36]
SOAP:  13%|█▎        | 3335/25418 [3:17:36 > 29:37]
SOAP:  13%|█▎        | 3336/25418 [3:17:54 > 29:37]
SOAP:  13%|█▎        | 3337/25418 [3:17:28 > 29:38]
SOAP:  13%|█▎        | 3338/25418 [3:16:39 > 29:38]
SOAP:  13%|█▎        | 3339/25418 [3:17:39 > 29:39]
SOAP:  13%|█▎        | 3340/25418 [3:16:42 > 29:39]
SOAP:  13%|█▎        | 3341/25418 [3:17:40 > 29:40]
SOAP:  13%|█▎        | 3342/25418 [3:17:41 > 29:40]
SOAP:  13%|█▎        | 3343/25418 [3:17:15 > 29:41]
SOAP:  13%|█▎        | 3344/25418 [3:18:06 > 29:41]
SOAP:  13%|█▎        | 3345/25418 [3:17:53 > 29:42]
SOAP:  13%|█▎        | 3346/25418 [3:17:00 > 29:43]
SOAP:  13%|█▎        | 3347/25418 [3:17:43 > 29:43]
SOAP:  13%|█▎        | 3348/25418 [3:17:40 > 29:44]
SOAP:  13%|█▎        | 3349/25418 [3:17:07 > 29:44]
SOAP:  13%|█▎        | 3350/25418 [3:17:48 > 29:45]
SOAP:  13%|█▎        | 3351/25418 [3:17:42 > 29:45]
SOAP:  13%|█▎        | 3352/25418 [3:17:17 > 29:46]
SOAP:  13%|█▎        | 3353/25418 [3:17:39 > 29:46]
SOAP:  13%|█▎        | 3354/25418 [3:17:31 > 29:47]
SOAP:  13%|█▎        | 3355/25418 [3:17:27 > 29:47]
SOAP:  13%|█▎        | 3356/25418 [3:17:41 > 29:48]
SOAP:  13%|█▎        | 3357/25418 [3:15:55 > 29:48]
SOAP:  13%|█▎        | 3358/25418 [3:17:26 > 29:49]
SOAP:  13%|█▎        | 3359/25418 [3:17:21 > 29:50]
SOAP:  13%|█▎        | 3360/25418 [3:17:24 > 29:50]
SOAP:  13%|█▎        | 3361/25418 [3:17:40 > 29:51]
SOAP:  13%|█▎        | 3362/25418 [3:17:31 > 29:51]
SOAP:  13%|█▎        | 3363/25418 [3:17:28 > 29:52]
SOAP:  13%|█▎        | 3364/25418 [3:17:48 > 29:52]
SOAP:  13%|█▎        | 3365/25418 [3:17:28 > 29:53]
SOAP:  13%|█▎        | 3366/25418 [3:16:24 > 29:53]
SOAP:  13%|█▎        | 3367/25418 [3:17:44 > 29:54]
SOAP:  13%|█▎        | 3368/25418 [3:17:15 > 29:54]
SOAP:  13%|█▎        | 3369/25418 [3:17:48 > 29:55]
SOAP:  13%|█▎        | 3370/25418 [3:17:40 > 29:55]
SOAP:  13%|█▎        | 3371/25418 [3:16:20 > 29:56]
SOAP:  13%|█▎        | 3372/25418 [3:16:21 > 29:56]
SOAP:  13%|█▎        | 3373/25418 [3:15:53 > 29:57]
SOAP:  13%|█▎        | 3374/25418 [3:15:04 > 29:58]
SOAP:  13%|█▎        | 3375/25418 [3:15:43 > 29:58]
SOAP:  13%|█▎        | 3376/25418 [3:15:41 > 29:59]
SOAP:  13%|█▎        | 3377/25418 [3:15:05 > 29:59]
SOAP:  13%|█▎        | 3378/25418 [3:15:40 > 30:00]
SOAP:  13%|█▎        | 3379/25418 [3:15:31 > 30:00]
SOAP:  13%|█▎        | 3380/25418 [3:15:06 > 30:01]
SOAP:  13%|█▎        | 3381/25418 [3:15:31 > 30:01]
SOAP:  13%|█▎        | 3382/25418 [3:15:13 > 30:02]
SOAP:  13%|█▎        | 3383/25418 [3:15:08 > 30:02]
SOAP:  13%|█▎        | 3384/25418 [3:15:18 > 30:03]
SOAP:  13%|█▎        | 3385/25418 [3:15:09 > 30:03]
SOAP:  13%|█▎        | 3386/25418 [3:15:09 > 30:04]
SOAP:  13%|█▎        | 3387/25418 [3:15:03 > 30:04]
SOAP:  13%|█▎        | 3388/25418 [3:15:09 > 30:05]
SOAP:  13%|█▎        | 3389/25418 [3:15:31 > 30:06]
SOAP:  13%|█▎        | 3390/25418 [3:14:58 > 30:06]
SOAP:  13%|█▎        | 3391/25418 [3:15:04 > 30:07]
SOAP:  13%|█▎        | 3392/25418 [3:13:42 > 30:07]
SOAP:  13%|█▎        | 3393/25418 [3:14:35 > 30:08]
SOAP:  13%|█▎        | 3394/25418 [3:14:39 > 30:08]
SOAP:  13%|█▎        | 3395/25418 [3:13:31 > 30:09]
SOAP:  13%|█▎        | 3396/25418 [3:14:37 > 30:09]
SOAP:  13%|█▎        | 3397/25418 [3:15:19 > 30:10]
SOAP:  13%|█▎        | 3398/25418 [3:15:17 > 30:10]
SOAP:  13%|█▎        | 3399/25418 [3:14:31 > 30:11]
SOAP:  13%|█▎        | 3400/25418 [3:15:13 > 30:11]
SOAP:  13%|█▎        | 3401/25418 [3:16:15 > 30:12]
SOAP:  13%|█▎        | 3402/25418 [3:15:29 > 30:12]
SOAP:  13%|█▎        | 3403/25418 [3:15:52 > 30:13]
SOAP:  13%|█▎        | 3404/25418 [3:15:32 > 30:13]
SOAP:  13%|█▎        | 3405/25418 [3:15:16 > 30:14]
SOAP:  13%|█▎        | 3406/25418 [3:15:22 > 30:15]
SOAP:  13%|█▎        | 3407/25418 [3:15:08 > 30:15]
SOAP:  13%|█▎        | 3408/25418 [3:15:07 > 30:16]
SOAP:  13%|█▎        | 3409/25418 [3:14:53 > 30:16]
SOAP:  13%|█▎        | 3410/25418 [3:14:31 > 30:17]
SOAP:  13%|█▎        | 3411/25418 [3:15:05 > 30:17]
SOAP:  13%|█▎        | 3412/25418 [3:14:30 > 30:18]
SOAP:  13%|█▎        | 3413/25418 [3:14:43 > 30:18]
SOAP:  13%|█▎        | 3414/25418 [3:13:32 > 30:19]
SOAP:  13%|█▎        | 3415/25418 [3:14:43 > 30:19]
SOAP:  13%|█▎        | 3416/25418 [3:15:06 > 30:20]
SOAP:  13%|█▎        | 3417/25418 [3:15:05 > 30:20]
SOAP:  13%|█▎        | 3418/25418 [3:14:23 > 30:21]
SOAP:  13%|█▎        | 3419/25418 [3:15:06 > 30:21]
SOAP:  13%|█▎        | 3420/25418 [3:15:02 > 30:22]
SOAP:  13%|█▎        | 3421/25418 [3:13:58 > 30:23]
SOAP:  13%|█▎        | 3422/25418 [3:15:05 > 30:23]
SOAP:  13%|█▎        | 3423/25418 [3:14:47 > 30:24]
SOAP:  13%|█▎        | 3424/25418 [3:14:16 > 30:24]
SOAP:  13%|█▎        | 3425/25418 [3:14:48 > 30:25]
SOAP:  13%|█▎        | 3426/25418 [3:14:46 > 30:25]
SOAP:  13%|█▎        | 3427/25418 [3:14:35 > 30:26]
SOAP:  13%|█▎        | 3428/25418 [3:14:43 > 30:26]
SOAP:  13%|█▎        | 3429/25418 [3:14:17 > 30:27]
SOAP:  13%|█▎        | 3430/25418 [3:14:37 > 30:27]
SOAP:  13%|█▎        | 3431/25418 [3:14:38 > 30:28]
SOAP:  14%|█▎        | 3432/25418 [3:12:54 > 30:28]
SOAP:  14%|█▎        | 3433/25418 [3:13:47 > 30:29]
SOAP:  14%|█▎        | 3434/25418 [3:15:16 > 30:29]
SOAP:  14%|█▎        | 3435/25418 [3:15:07 > 30:30]
SOAP:  14%|█▎        | 3436/25418 [3:15:32 > 30:30]
SOAP:  14%|█▎        | 3437/25418 [3:14:39 > 30:31]
SOAP:  14%|█▎        | 3438/25418 [3:14:46 > 30:32]
SOAP:  14%|█▎        | 3439/25418 [3:14:49 > 30:32]
SOAP:  14%|█▎        | 3440/25418 [3:14:05 > 30:33]
SOAP:  14%|█▎        | 3441/25418 [3:14:45 > 30:33]
SOAP:  14%|█▎        | 3442/25418 [3:14:43 > 30:34]
SOAP:  14%|█▎        | 3443/25418 [3:13:59 > 30:34]
SOAP:  14%|█▎        | 3444/25418 [3:14:38 > 30:35]
SOAP:  14%|█▎        | 3445/25418 [3:14:32 > 30:35]
SOAP:  14%|█▎        | 3446/25418 [3:14:02 > 30:36]
SOAP:  14%|█▎        | 3447/25418 [3:14:45 > 30:36]
SOAP:  14%|█▎        | 3448/25418 [3:14:37 > 30:37]
SOAP:  14%|█▎        | 3449/25418 [3:14:18 > 30:37]
SOAP:  14%|█▎        | 3450/25418 [3:14:32 > 30:38]
SOAP:  14%|█▎        | 3451/25418 [3:14:20 > 30:38]
SOAP:  14%|█▎        | 3452/25418 [3:12:57 > 30:39]
SOAP:  14%|█▎        | 3453/25418 [3:14:57 > 30:40]
SOAP:  14%|█▎        | 3454/25418 [3:14:46 > 30:40]
SOAP:  14%|█▎        | 3455/25418 [3:14:54 > 30:41]
SOAP:  14%|█▎        | 3456/25418 [3:14:36 > 30:41]
SOAP:  14%|█▎        | 3457/25418 [3:14:24 > 30:42]
SOAP:  14%|█▎        | 3458/25418 [3:14:54 > 30:42]
SOAP:  14%|█▎        | 3459/25418 [3:14:10 > 30:43]
SOAP:  14%|█▎        | 3460/25418 [3:14:30 > 30:43]
SOAP:  14%|█▎        | 3461/25418 [3:14:47 > 30:44]
SOAP:  14%|█▎        | 3462/25418 [3:14:08 > 30:44]
SOAP:  14%|█▎        | 3463/25418 [3:14:44 > 30:45]
SOAP:  14%|█▎        | 3464/25418 [3:14:45 > 30:45]
SOAP:  14%|█▎        | 3465/25418 [3:14:01 > 30:46]
SOAP:  14%|█▎        | 3466/25418 [3:14:45 > 30:46]
SOAP:  14%|█▎        | 3467/25418 [3:14:37 > 30:47]
SOAP:  14%|█▎        | 3468/25418 [3:14:03 > 30:47]
SOAP:  14%|█▎        | 3469/25418 [3:14:21 > 30:48]
SOAP:  14%|█▎        | 3470/25418 [3:14:11 > 30:49]
SOAP:  14%|█▎        | 3471/25418 [3:14:53 > 30:49]
SOAP:  14%|█▎        | 3472/25418 [3:12:44 > 30:50]
SOAP:  14%|█▎        | 3473/25418 [3:14:38 > 30:50]
SOAP:  14%|█▎        | 3474/25418 [3:14:22 > 30:51]
SOAP:  14%|█▎        | 3475/25418 [3:14:32 > 30:51]
SOAP:  14%|█▎        | 3476/25418 [3:14:19 > 30:52]
SOAP:  14%|█▎        | 3477/25418 [3:14:29 > 30:52]
SOAP:  14%|█▎        | 3478/25418 [3:14:21 > 30:53]
SOAP:  14%|█▎        | 3479/25418 [3:14:09 > 30:53]
SOAP:  14%|█▎        | 3480/25418 [3:14:26 > 30:54]
SOAP:  14%|█▎        | 3481/25418 [3:14:23 > 30:54]
SOAP:  14%|█▎        | 3482/25418 [3:14:54 > 30:55]
SOAP:  14%|█▎        | 3483/25418 [3:15:07 > 30:55]
SOAP:  14%|█▎        | 3484/25418 [3:14:05 > 30:56]
SOAP:  14%|█▎        | 3485/25418 [3:14:39 > 30:57]
SOAP:  14%|█▎        | 3486/25418 [3:14:46 > 30:57]
SOAP:  14%|█▎        | 3487/25418 [3:14:04 > 30:58]
SOAP:  14%|█▎        | 3488/25418 [3:14:43 > 30:58]
SOAP:  14%|█▎        | 3489/25418 [3:14:22 > 30:59]
SOAP:  14%|█▎        | 3490/25418 [3:12:23 > 30:59]
SOAP:  14%|█▎        | 3491/25418 [3:14:46 > 31:00]
SOAP:  14%|█▎        | 3492/25418 [3:14:38 > 31:00]
SOAP:  14%|█▎        | 3493/25418 [3:14:08 > 31:01]
SOAP:  14%|█▎        | 3494/25418 [3:14:24 > 31:01]
SOAP:  14%|█▍        | 3495/25418 [3:14:12 > 31:02]
SOAP:  14%|█▍        | 3496/25418 [3:13:59 > 31:02]
SOAP:  14%|█▍        | 3497/25418 [3:14:10 > 31:03]
SOAP:  14%|█▍        | 3498/25418 [3:13:59 > 31:03]
SOAP:  14%|█▍        | 3499/25418 [3:14:08 > 31:04]
SOAP:  14%|█▍        | 3500/25418 [3:14:07 > 31:05]
SOAP:  14%|█▍        | 3501/25418 [3:15:42 > 31:05]
SOAP:  14%|█▍        | 3502/25418 [3:14:39 > 31:06]
SOAP:  14%|█▍        | 3503/25418 [3:14:18 > 31:06]
SOAP:  14%|█▍        | 3504/25418 [3:14:09 > 31:07]
SOAP:  14%|█▍        | 3505/25418 [3:14:36 > 31:07]
SOAP:  14%|█▍        | 3506/25418 [3:13:58 > 31:08]
SOAP:  14%|█▍        | 3507/25418 [3:14:20 > 31:08]
SOAP:  14%|█▍        | 3508/25418 [3:14:40 > 31:09]
SOAP:  14%|█▍        | 3509/25418 [3:12:21 > 31:09]
SOAP:  14%|█▍        | 3510/25418 [3:15:01 > 31:10]
SOAP:  14%|█▍        | 3511/25418 [3:14:42 > 31:10]
SOAP:  14%|█▍        | 3512/25418 [3:13:53 > 31:11]
SOAP:  14%|█▍        | 3513/25418 [3:14:14 > 31:11]
SOAP:  14%|█▍        | 3514/25418 [3:14:04 > 31:12]
SOAP:  14%|█▍        | 3515/25418 [3:13:37 > 31:12]
SOAP:  14%|█▍        | 3516/25418 [3:14:14 > 31:13]
SOAP:  14%|█▍        | 3517/25418 [3:13:56 > 31:14]
SOAP:  14%|█▍        | 3518/25418 [3:13:42 > 31:14]
SOAP:  14%|█▍        | 3519/25418 [3:13:52 > 31:15]
SOAP:  14%|█▍        | 3520/25418 [3:13:36 > 31:15]
SOAP:  14%|█▍        | 3521/25418 [3:13:41 > 31:16]
SOAP:  14%|█▍        | 3522/25418 [3:13:45 > 31:16]
SOAP:  14%|█▍        | 3523/25418 [3:13:33 > 31:17]
SOAP:  14%|█▍        | 3524/25418 [3:13:55 > 31:17]
SOAP:  14%|█▍        | 3525/25418 [3:13:25 > 31:18]
SOAP:  14%|█▍        | 3526/25418 [3:13:31 > 31:18]
SOAP:  14%|█▍        | 3527/25418 [3:13:58 > 31:19]
SOAP:  14%|█▍        | 3528/25418 [3:13:26 > 31:19]
SOAP:  14%|█▍        | 3529/25418 [3:13:58 > 31:20]
SOAP:  14%|█▍        | 3530/25418 [3:14:11 > 31:20]
SOAP:  14%|█▍        | 3531/25418 [3:13:21 > 31:21]
SOAP:  14%|█▍        | 3532/25418 [3:14:04 > 31:22]
SOAP:  14%|█▍        | 3533/25418 [3:13:54 > 31:22]
SOAP:  14%|█▍        | 3534/25418 [3:13:21 > 31:23]
SOAP:  14%|█▍        | 3535/25418 [3:13:55 > 31:23]
SOAP:  14%|█▍        | 3536/25418 [3:13:50 > 31:24]
SOAP:  14%|█▍        | 3537/25418 [3:13:13 > 31:24]
SOAP:  14%|█▍        | 3538/25418 [3:12:23 > 31:25]
SOAP:  14%|█▍        | 3539/25418 [3:14:32 > 31:25]
SOAP:  14%|█▍        | 3540/25418 [3:14:23 > 31:26]
SOAP:  14%|█▍        | 3541/25418 [3:14:38 > 31:26]
SOAP:  14%|█▍        | 3542/25418 [3:12:41 > 31:27]
SOAP:  14%|█▍        | 3543/25418 [3:14:29 > 31:27]
SOAP:  14%|█▍        | 3544/25418 [3:14:11 > 31:28]
SOAP:  14%|█▍        | 3545/25418 [3:13:52 > 31:28]
SOAP:  14%|█▍        | 3546/25418 [3:14:00 > 31:29]
SOAP:  14%|█▍        | 3547/25418 [3:13:50 > 31:29]
SOAP:  14%|█▍        | 3548/25418 [3:13:45 > 31:30]
SOAP:  14%|█▍        | 3549/25418 [3:14:14 > 31:31]
SOAP:  14%|█▍        | 3550/25418 [3:13:41 > 31:31]
SOAP:  14%|█▍        | 3551/25418 [3:13:55 > 31:32]
SOAP:  14%|█▍        | 3552/25418 [3:14:09 > 31:32]
SOAP:  14%|█▍        | 3553/25418 [3:13:26 > 31:33]
SOAP:  14%|█▍        | 3554/25418 [3:13:49 > 31:33]
SOAP:  14%|█▍        | 3555/25418 [3:13:48 > 31:34]
SOAP:  14%|█▍        | 3556/25418 [3:13:14 > 31:34]
SOAP:  14%|█▍        | 3557/25418 [3:14:00 > 31:35]
SOAP:  14%|█▍        | 3558/25418 [3:13:50 > 31:35]
SOAP:  14%|█▍        | 3559/25418 [3:13:08 > 31:36]
SOAP:  14%|█▍        | 3560/25418 [3:13:49 > 31:36]
SOAP:  14%|█▍        | 3561/25418 [3:13:49 > 31:37]
SOAP:  14%|█▍        | 3562/25418 [3:13:10 > 31:37]
SOAP:  14%|█▍        | 3563/25418 [3:13:45 > 31:38]
SOAP:  14%|█▍        | 3564/25418 [3:13:39 > 31:39]
SOAP:  14%|█▍        | 3565/25418 [3:13:56 > 31:39]
SOAP:  14%|█▍        | 3566/25418 [3:13:54 > 31:40]
SOAP:  14%|█▍        | 3567/25418 [3:14:03 > 31:40]
SOAP:  14%|█▍        | 3568/25418 [3:14:23 > 31:41]
SOAP:  14%|█▍        | 3569/25418 [3:14:05 > 31:41]
SOAP:  14%|█▍        | 3570/25418 [3:13:50 > 31:42]
SOAP:  14%|█▍        | 3571/25418 [3:13:58 > 31:42]
SOAP:  14%|█▍        | 3572/25418 [3:13:37 > 31:43]
SOAP:  14%|█▍        | 3573/25418 [3:13:40 > 31:43]
SOAP:  14%|█▍        | 3574/25418 [3:14:09 > 31:44]
SOAP:  14%|█▍        | 3575/25418 [3:13:19 > 31:44]
SOAP:  14%|█▍        | 3576/25418 [3:13:35 > 31:45]
SOAP:  14%|█▍        | 3577/25418 [3:13:58 > 31:45]
SOAP:  14%|█▍        | 3578/25418 [3:13:32 > 31:46]
SOAP:  14%|█▍        | 3579/25418 [3:14:19 > 31:47]
SOAP:  14%|█▍        | 3580/25418 [3:14:14 > 31:47]
SOAP:  14%|█▍        | 3581/25418 [3:13:10 > 31:48]
SOAP:  14%|█▍        | 3582/25418 [3:13:44 > 31:48]
SOAP:  14%|█▍        | 3583/25418 [3:13:29 > 31:49]
SOAP:  14%|█▍        | 3584/25418 [3:12:56 > 31:49]
SOAP:  14%|█▍        | 3585/25418 [3:14:32 > 31:50]
SOAP:  14%|█▍        | 3586/25418 [3:13:50 > 31:50]
SOAP:  14%|█▍        | 3587/25418 [3:13:12 > 31:51]
SOAP:  14%|█▍        | 3588/25418 [3:13:39 > 31:51]
SOAP:  14%|█▍        | 3589/25418 [3:13:39 > 31:52]
SOAP:  14%|█▍        | 3590/25418 [3:13:28 > 31:52]
SOAP:  14%|█▍        | 3591/25418 [3:13:25 > 31:53]
SOAP:  14%|█▍        | 3592/25418 [3:13:32 > 31:53]
SOAP:  14%|█▍        | 3593/25418 [3:14:04 > 31:54]
SOAP:  14%|█▍        | 3594/25418 [3:13:42 > 31:54]
SOAP:  14%|█▍        | 3595/25418 [3:13:33 > 31:55]
SOAP:  14%|█▍        | 3596/25418 [3:12:50 > 31:56]
SOAP:  14%|█▍        | 3597/25418 [3:13:28 > 31:56]
SOAP:  14%|█▍        | 3598/25418 [3:13:34 > 31:57]
SOAP:  14%|█▍        | 3599/25418 [3:13:53 > 31:57]
SOAP:  14%|█▍        | 3600/25418 [3:13:07 > 31:58]
SOAP:  14%|█▍        | 3601/25418 [3:15:21 > 31:58]
SOAP:  14%|█▍        | 3602/25418 [3:13:57 > 31:59]
SOAP:  14%|█▍        | 3603/25418 [3:13:05 > 31:59]
SOAP:  14%|█▍        | 3604/25418 [3:12:14 > 32:00]
SOAP:  14%|█▍        | 3605/25418 [3:14:05 > 32:00]
SOAP:  14%|█▍        | 3606/25418 [3:13:40 > 32:01]
SOAP:  14%|█▍        | 3607/25418 [3:14:09 > 32:01]
SOAP:  14%|█▍        | 3608/25418 [3:13:51 > 32:02]
SOAP:  14%|█▍        | 3609/25418 [3:13:06 > 32:02]
SOAP:  14%|█▍        | 3610/25418 [3:13:31 > 32:03]
SOAP:  14%|█▍        | 3611/25418 [3:13:22 > 32:04]
SOAP:  14%|█▍        | 3612/25418 [3:13:02 > 32:04]
SOAP:  14%|█▍        | 3613/25418 [3:13:12 > 32:05]
SOAP:  14%|█▍        | 3614/25418 [3:12:57 > 32:05]
SOAP:  14%|█▍        | 3615/25418 [3:12:44 > 32:06]
SOAP:  14%|█▍        | 3616/25418 [3:12:59 > 32:06]
SOAP:  14%|█▍        | 3617/25418 [3:12:54 > 32:07]
SOAP:  14%|█▍        | 3618/25418 [3:13:06 > 32:07]
SOAP:  14%|█▍        | 3619/25418 [3:12:48 > 32:08]
SOAP:  14%|█▍        | 3620/25418 [3:12:51 > 32:08]
SOAP:  14%|█▍        | 3621/25418 [3:13:05 > 32:09]
SOAP:  14%|█▍        | 3622/25418 [3:12:35 > 32:09]
SOAP:  14%|█▍        | 3623/25418 [3:11:50 > 32:10]
SOAP:  14%|█▍        | 3624/25418 [3:13:57 > 32:10]
SOAP:  14%|█▍        | 3625/25418 [3:13:32 > 32:11]
SOAP:  14%|█▍        | 3626/25418 [3:13:50 > 32:12]
SOAP:  14%|█▍        | 3627/25418 [3:13:44 > 32:12]
SOAP:  14%|█▍        | 3628/25418 [3:12:52 > 32:13]
SOAP:  14%|█▍        | 3629/25418 [3:13:30 > 32:13]
SOAP:  14%|█▍        | 3630/25418 [3:13:06 > 32:14]
SOAP:  14%|█▍        | 3631/25418 [3:12:32 > 32:14]
SOAP:  14%|█▍        | 3632/25418 [3:13:06 > 32:15]
SOAP:  14%|█▍        | 3633/25418 [3:13:01 > 32:15]
SOAP:  14%|█▍        | 3634/25418 [3:12:41 > 32:16]
SOAP:  14%|█▍        | 3635/25418 [3:13:37 > 32:16]
SOAP:  14%|█▍        | 3636/25418 [3:13:17 > 32:17]
SOAP:  14%|█▍        | 3637/25418 [3:13:02 > 32:17]
SOAP:  14%|█▍        | 3638/25418 [3:13:07 > 32:18]
SOAP:  14%|█▍        | 3639/25418 [3:12:54 > 32:18]
SOAP:  14%|█▍        | 3640/25418 [3:13:05 > 32:19]
SOAP:  14%|█▍        | 3641/25418 [3:12:42 > 32:19]
SOAP:  14%|█▍        | 3642/25418 [3:11:13 > 32:20]
SOAP:  14%|█▍        | 3643/25418 [3:13:35 > 32:21]
SOAP:  14%|█▍        | 3644/25418 [3:12:58 > 32:21]
SOAP:  14%|█▍        | 3645/25418 [3:13:07 > 32:22]
SOAP:  14%|█▍        | 3646/25418 [3:13:24 > 32:22]
SOAP:  14%|█▍        | 3647/25418 [3:12:35 > 32:23]
SOAP:  14%|█▍        | 3648/25418 [3:13:13 > 32:23]
SOAP:  14%|█▍        | 3649/25418 [3:13:09 > 32:24]
SOAP:  14%|█▍        | 3650/25418 [3:12:24 > 32:24]
SOAP:  14%|█▍        | 3651/25418 [3:12:55 > 32:25]
SOAP:  14%|█▍        | 3652/25418 [3:12:46 > 32:25]
SOAP:  14%|█▍        | 3653/25418 [3:12:12 > 32:26]
SOAP:  14%|█▍        | 3654/25418 [3:12:59 > 32:26]
SOAP:  14%|█▍        | 3655/25418 [3:11:59 > 32:27]
SOAP:  14%|█▍        | 3656/25418 [3:12:32 > 32:27]
SOAP:  14%|█▍        | 3657/25418 [3:11:26 > 32:28]
SOAP:  14%|█▍        | 3658/25418 [3:13:15 > 32:29]
SOAP:  14%|█▍        | 3659/25418 [3:12:44 > 32:29]
SOAP:  14%|█▍        | 3660/25418 [3:12:58 > 32:30]
SOAP:  14%|█▍        | 3661/25418 [3:11:12 > 32:30]
SOAP:  14%|█▍        | 3662/25418 [3:13:25 > 32:31]
SOAP:  14%|█▍        | 3663/25418 [3:13:15 > 32:31]
SOAP:  14%|█▍        | 3664/25418 [3:13:03 > 32:32]
SOAP:  14%|█▍        | 3665/25418 [3:13:08 > 32:32]
SOAP:  14%|█▍        | 3666/25418 [3:12:50 > 32:33]
SOAP:  14%|█▍        | 3667/25418 [3:12:55 > 32:33]
SOAP:  14%|█▍        | 3668/25418 [3:13:19 > 32:34]
SOAP:  14%|█▍        | 3669/25418 [3:12:31 > 32:34]
SOAP:  14%|█▍        | 3670/25418 [3:12:54 > 32:35]
SOAP:  14%|█▍        | 3671/25418 [3:12:51 > 32:35]
SOAP:  14%|█▍        | 3672/25418 [3:12:09 > 32:36]
SOAP:  14%|█▍        | 3673/25418 [3:12:47 > 32:36]
SOAP:  14%|█▍        | 3674/25418 [3:12:42 > 32:37]
SOAP:  14%|█▍        | 3675/25418 [3:11:56 > 32:38]
SOAP:  14%|█▍        | 3676/25418 [3:12:26 > 32:38]
SOAP:  14%|█▍        | 3677/25418 [3:12:21 > 32:39]
SOAP:  14%|█▍        | 3678/25418 [3:12:00 > 32:39]
SOAP:  14%|█▍        | 3679/25418 [3:12:42 > 32:40]
SOAP:  14%|█▍        | 3680/25418 [3:12:35 > 32:40]
SOAP:  14%|█▍        | 3681/25418 [3:12:23 > 32:41]
SOAP:  14%|█▍        | 3682/25418 [3:12:35 > 32:41]
SOAP:  14%|█▍        | 3683/25418 [3:12:24 > 32:42]
SOAP:  14%|█▍        | 3684/25418 [3:12:20 > 32:42]
SOAP:  14%|█▍        | 3685/25418 [3:12:25 > 32:43]
SOAP:  15%|█▍        | 3686/25418 [3:12:10 > 32:43]
SOAP:  15%|█▍        | 3687/25418 [3:12:30 > 32:44]
SOAP:  15%|█▍        | 3688/25418 [3:12:13 > 32:44]
SOAP:  15%|█▍        | 3689/25418 [3:12:21 > 32:45]
SOAP:  15%|█▍        | 3690/25418 [3:12:42 > 32:46]
SOAP:  15%|█▍        | 3691/25418 [3:12:03 > 32:46]
SOAP:  15%|█▍        | 3692/25418 [3:12:31 > 32:47]
SOAP:  15%|█▍        | 3693/25418 [3:13:14 > 32:47]
SOAP:  15%|█▍        | 3694/25418 [3:12:14 > 32:48]
SOAP:  15%|█▍        | 3695/25418 [3:12:54 > 32:48]
SOAP:  15%|█▍        | 3696/25418 [3:12:35 > 32:49]
SOAP:  15%|█▍        | 3697/25418 [3:12:03 > 32:49]
SOAP:  15%|█▍        | 3698/25418 [3:12:34 > 32:50]
SOAP:  15%|█▍        | 3699/25418 [3:12:30 > 32:50]
SOAP:  15%|█▍        | 3700/25418 [3:11:51 > 32:51]
SOAP:  15%|█▍        | 3701/25418 [3:14:24 > 32:51]
SOAP:  15%|█▍        | 3702/25418 [3:12:42 > 32:52]
SOAP:  15%|█▍        | 3703/25418 [3:12:18 > 32:52]
SOAP:  15%|█▍        | 3704/25418 [3:12:40 > 32:53]
SOAP:  15%|█▍        | 3705/25418 [3:10:51 > 32:53]
SOAP:  15%|█▍        | 3706/25418 [3:12:44 > 32:54]
SOAP:  15%|█▍        | 3707/25418 [3:12:34 > 32:55]
SOAP:  15%|█▍        | 3708/25418 [3:12:28 > 32:55]
SOAP:  15%|█▍        | 3709/25418 [3:12:30 > 32:56]
SOAP:  15%|█▍        | 3710/25418 [3:12:22 > 32:56]
SOAP:  15%|█▍        | 3711/25418 [3:12:09 > 32:57]
SOAP:  15%|█▍        | 3712/25418 [3:12:32 > 32:57]
SOAP:  15%|█▍        | 3713/25418 [3:12:07 > 32:58]
SOAP:  15%|█▍        | 3714/25418 [3:12:10 > 32:58]
SOAP:  15%|█▍        | 3715/25418 [3:12:27 > 32:59]
SOAP:  15%|█▍        | 3716/25418 [3:11:50 > 32:59]
SOAP:  15%|█▍        | 3717/25418 [3:12:22 > 33:00]
SOAP:  15%|█▍        | 3718/25418 [3:12:27 > 33:00]
SOAP:  15%|█▍        | 3719/25418 [3:11:44 > 33:01]
SOAP:  15%|█▍        | 3720/25418 [3:12:10 > 33:01]
SOAP:  15%|█▍        | 3721/25418 [3:12:12 > 33:02]
SOAP:  15%|█▍        | 3722/25418 [3:11:36 > 33:03]
SOAP:  15%|█▍        | 3723/25418 [3:12:10 > 33:03]
SOAP:  15%|█▍        | 3724/25418 [3:12:06 > 33:04]
SOAP:  15%|█▍        | 3725/25418 [3:11:42 > 33:04]
SOAP:  15%|█▍        | 3726/25418 [3:12:07 > 33:05]
SOAP:  15%|█▍        | 3727/25418 [3:10:43 > 33:05]
SOAP:  15%|█▍        | 3728/25418 [3:12:22 > 33:06]
SOAP:  15%|█▍        | 3729/25418 [3:12:13 > 33:06]
SOAP:  15%|█▍        | 3730/25418 [3:11:59 > 33:07]
SOAP:  15%|█▍        | 3731/25418 [3:12:09 > 33:07]
SOAP:  15%|█▍        | 3732/25418 [3:11:59 > 33:08]
SOAP:  15%|█▍        | 3733/25418 [3:12:00 > 33:08]
SOAP:  15%|█▍        | 3734/25418 [3:12:25 > 33:09]
SOAP:  15%|█▍        | 3735/25418 [3:11:56 > 33:09]
SOAP:  15%|█▍        | 3736/25418 [3:12:14 > 33:10]
SOAP:  15%|█▍        | 3737/25418 [3:12:31 > 33:11]
SOAP:  15%|█▍        | 3738/25418 [3:11:55 > 33:11]
SOAP:  15%|█▍        | 3739/25418 [3:12:22 > 33:12]
SOAP:  15%|█▍        | 3740/25418 [3:12:35 > 33:12]
SOAP:  15%|█▍        | 3741/25418 [3:12:03 > 33:13]
SOAP:  15%|█▍        | 3742/25418 [3:12:29 > 33:13]
SOAP:  15%|█▍        | 3743/25418 [3:12:25 > 33:14]
SOAP:  15%|█▍        | 3744/25418 [3:11:46 > 33:14]
SOAP:  15%|█▍        | 3745/25418 [3:12:17 > 33:15]
SOAP:  15%|█▍        | 3746/25418 [3:12:27 > 33:15]
SOAP:  15%|█▍        | 3747/25418 [3:11:53 > 33:16]
SOAP:  15%|█▍        | 3748/25418 [3:12:17 > 33:16]
SOAP:  15%|█▍        | 3749/25418 [3:12:24 > 33:17]
SOAP:  15%|█▍        | 3750/25418 [3:11:53 > 33:17]
SOAP:  15%|█▍        | 3751/25418 [3:12:03 > 33:18]
SOAP:  15%|█▍        | 3752/25418 [3:12:14 > 33:18]
SOAP:  15%|█▍        | 3753/25418 [3:12:17 > 33:19]
SOAP:  15%|█▍        | 3754/25418 [3:12:29 > 33:20]
SOAP:  15%|█▍        | 3755/25418 [3:12:34 > 33:20]
SOAP:  15%|█▍        | 3756/25418 [3:12:30 > 33:21]
SOAP:  15%|█▍        | 3757/25418 [3:12:10 > 33:21]
SOAP:  15%|█▍        | 3758/25418 [3:11:59 > 33:22]
SOAP:  15%|█▍        | 3759/25418 [3:12:13 > 33:22]
SOAP:  15%|█▍        | 3760/25418 [3:11:34 > 33:23]
SOAP:  15%|█▍        | 3761/25418 [3:11:57 > 33:23]
SOAP:  15%|█▍        | 3762/25418 [3:12:22 > 33:24]
SOAP:  15%|█▍        | 3763/25418 [3:11:34 > 33:24]
SOAP:  15%|█▍        | 3764/25418 [3:10:37 > 33:25]
SOAP:  15%|█▍        | 3765/25418 [3:12:44 > 33:25]
SOAP:  15%|█▍        | 3766/25418 [3:11:44 > 33:26]
SOAP:  15%|█▍        | 3767/25418 [3:12:01 > 33:26]
SOAP:  15%|█▍        | 3768/25418 [3:10:22 > 33:27]
SOAP:  15%|█▍        | 3769/25418 [3:11:37 > 33:28]
SOAP:  15%|█▍        | 3770/25418 [3:12:05 > 33:28]
SOAP:  15%|█▍        | 3771/25418 [3:12:10 > 33:29]
SOAP:  15%|█▍        | 3772/25418 [3:11:35 > 33:29]
SOAP:  15%|█▍        | 3773/25418 [3:11:59 > 33:30]
SOAP:  15%|█▍        | 3774/25418 [3:12:02 > 33:30]
SOAP:  15%|█▍        | 3775/25418 [3:11:39 > 33:31]
SOAP:  15%|█▍        | 3776/25418 [3:11:46 > 33:31]
SOAP:  15%|█▍        | 3777/25418 [3:11:53 > 33:32]
SOAP:  15%|█▍        | 3778/25418 [3:11:51 > 33:32]
SOAP:  15%|█▍        | 3779/25418 [3:11:32 > 33:33]
SOAP:  15%|█▍        | 3780/25418 [3:11:42 > 33:33]
SOAP:  15%|█▍        | 3781/25418 [3:11:51 > 33:34]
SOAP:  15%|█▍        | 3782/25418 [3:11:14 > 33:34]
SOAP:  15%|█▍        | 3783/25418 [3:11:36 > 33:35]
SOAP:  15%|█▍        | 3784/25418 [3:11:41 > 33:36]
SOAP:  15%|█▍        | 3785/25418 [3:10:58 > 33:36]
SOAP:  15%|█▍        | 3786/25418 [3:11:30 > 33:37]
SOAP:  15%|█▍        | 3787/25418 [3:11:47 > 33:37]
SOAP:  15%|█▍        | 3788/25418 [3:11:08 > 33:38]
SOAP:  15%|█▍        | 3789/25418 [3:11:43 > 33:38]
SOAP:  15%|█▍        | 3790/25418 [3:11:44 > 33:39]
SOAP:  15%|█▍        | 3791/25418 [3:11:10 > 33:39]
SOAP:  15%|█▍        | 3792/25418 [3:11:39 > 33:40]
SOAP:  15%|█▍        | 3793/25418 [3:11:37 > 33:40]
SOAP:  15%|█▍        | 3794/25418 [3:11:08 > 33:41]
SOAP:  15%|█▍        | 3795/25418 [3:11:43 > 33:41]
SOAP:  15%|█▍        | 3796/25418 [3:11:33 > 33:42]
SOAP:  15%|█▍        | 3797/25418 [3:11:19 > 33:42]
SOAP:  15%|█▍        | 3798/25418 [3:11:34 > 33:43]
SOAP:  15%|█▍        | 3799/25418 [3:11:27 > 33:43]
SOAP:  15%|█▍        | 3800/25418 [3:11:28 > 33:44]
SOAP:  15%|█▍        | 3801/25418 [3:13:13 > 33:45]
SOAP:  15%|█▍        | 3802/25418 [3:11:49 > 33:45]
SOAP:  15%|█▍        | 3803/25418 [3:11:54 > 33:46]
SOAP:  15%|█▍        | 3804/25418 [3:11:17 > 33:46]
SOAP:  15%|█▍        | 3805/25418 [3:11:26 > 33:47]
SOAP:  15%|█▍        | 3806/25418 [3:11:48 > 33:47]
SOAP:  15%|█▍        | 3807/25418 [3:10:52 > 33:48]
SOAP:  15%|█▍        | 3808/25418 [3:11:34 > 33:48]
SOAP:  15%|█▍        | 3809/25418 [3:11:45 > 33:49]
SOAP:  15%|█▍        | 3810/25418 [3:10:57 > 33:49]
SOAP:  15%|█▍        | 3811/25418 [3:11:37 > 33:50]
SOAP:  15%|█▍        | 3812/25418 [3:11:33 > 33:50]
SOAP:  15%|█▌        | 3813/25418 [3:10:54 > 33:51]
SOAP:  15%|█▌        | 3814/25418 [3:11:31 > 33:51]
SOAP:  15%|█▌        | 3815/25418 [3:11:28 > 33:52]
SOAP:  15%|█▌        | 3816/25418 [3:10:47 > 33:53]
SOAP:  15%|█▌        | 3817/25418 [3:09:47 > 33:53]
SOAP:  15%|█▌        | 3818/25418 [3:11:46 > 33:54]
SOAP:  15%|█▌        | 3819/25418 [3:11:14 > 33:54]
SOAP:  15%|█▌        | 3820/25418 [3:11:21 > 33:55]
SOAP:  15%|█▌        | 3821/25418 [3:11:16 > 33:55]
SOAP:  15%|█▌        | 3822/25418 [3:11:14 > 33:56]
SOAP:  15%|█▌        | 3823/25418 [3:11:43 > 33:56]
SOAP:  15%|█▌        | 3824/25418 [3:11:34 > 33:57]
SOAP:  15%|█▌        | 3825/25418 [3:11:43 > 33:57]
SOAP:  15%|█▌        | 3826/25418 [3:11:28 > 33:58]
SOAP:  15%|█▌        | 3827/25418 [3:11:37 > 33:58]
SOAP:  15%|█▌        | 3828/25418 [3:12:26 > 33:59]
SOAP:  15%|█▌        | 3829/25418 [3:12:10 > 33:59]
SOAP:  15%|█▌        | 3830/25418 [3:12:40 > 34:00]
SOAP:  15%|█▌        | 3831/25418 [3:13:19 > 34:01]
SOAP:  15%|█▌        | 3832/25418 [3:12:46 > 34:01]
SOAP:  15%|█▌        | 3833/25418 [3:13:08 > 34:02]
SOAP:  15%|█▌        | 3834/25418 [3:13:39 > 34:02]
SOAP:  15%|█▌        | 3835/25418 [3:12:51 > 34:03]
SOAP:  15%|█▌        | 3836/25418 [3:13:34 > 34:03]
SOAP:  15%|█▌        | 3837/25418 [3:13:27 > 34:04]
SOAP:  15%|█▌        | 3838/25418 [3:12:32 > 34:04]
SOAP:  15%|█▌        | 3839/25418 [3:12:43 > 34:05]
SOAP:  15%|█▌        | 3840/25418 [3:12:49 > 34:05]
SOAP:  15%|█▌        | 3841/25418 [3:12:22 > 34:06]
SOAP:  15%|█▌        | 3842/25418 [3:12:56 > 34:06]
SOAP:  15%|█▌        | 3843/25418 [3:13:10 > 34:07]
SOAP:  15%|█▌        | 3844/25418 [3:12:25 > 34:07]
SOAP:  15%|█▌        | 3845/25418 [3:13:10 > 34:08]
SOAP:  15%|█▌        | 3846/25418 [3:13:04 > 34:09]
SOAP:  15%|█▌        | 3847/25418 [3:12:44 > 34:09]
SOAP:  15%|█▌        | 3848/25418 [3:13:01 > 34:10]
SOAP:  15%|█▌        | 3849/25418 [3:13:14 > 34:10]
SOAP:  15%|█▌        | 3850/25418 [3:13:04 > 34:11]
SOAP:  15%|█▌        | 3851/25418 [3:13:01 > 34:11]
SOAP:  15%|█▌        | 3852/25418 [3:11:09 > 34:12]
SOAP:  15%|█▌        | 3853/25418 [3:13:03 > 34:12]
SOAP:  15%|█▌        | 3854/25418 [3:12:57 > 34:13]
SOAP:  15%|█▌        | 3855/25418 [3:12:49 > 34:13]
SOAP:  15%|█▌        | 3856/25418 [3:12:06 > 34:14]
SOAP:  15%|█▌        | 3857/25418 [3:10:30 > 34:14]
SOAP:  15%|█▌        | 3858/25418 [3:12:20 > 34:15]
SOAP:  15%|█▌        | 3859/25418 [3:12:49 > 34:16]
SOAP:  15%|█▌        | 3860/25418 [3:12:27 > 34:16]
SOAP:  15%|█▌        | 3861/25418 [3:12:59 > 34:17]
SOAP:  15%|█▌        | 3862/25418 [3:13:12 > 34:17]
SOAP:  15%|█▌        | 3863/25418 [3:12:36 > 34:18]
SOAP:  15%|█▌        | 3864/25418 [3:13:09 > 34:18]
SOAP:  15%|█▌        | 3865/25418 [3:13:22 > 34:19]
SOAP:  15%|█▌        | 3866/25418 [3:12:36 > 34:19]
SOAP:  15%|█▌        | 3867/25418 [3:13:14 > 34:20]
SOAP:  15%|█▌        | 3868/25418 [3:13:12 > 34:20]
SOAP:  15%|█▌        | 3869/25418 [3:12:27 > 34:21]
SOAP:  15%|█▌        | 3870/25418 [3:11:38 > 34:21]
SOAP:  15%|█▌        | 3871/25418 [3:12:39 > 34:22]
SOAP:  15%|█▌        | 3872/25418 [3:11:58 > 34:22]
SOAP:  15%|█▌        | 3873/25418 [3:12:31 > 34:23]
SOAP:  15%|█▌        | 3874/25418 [3:12:51 > 34:24]
SOAP:  15%|█▌        | 3875/25418 [3:12:34 > 34:24]
SOAP:  15%|█▌        | 3876/25418 [3:12:40 > 34:25]
SOAP:  15%|█▌        | 3877/25418 [3:12:35 > 34:25]
SOAP:  15%|█▌        | 3878/25418 [3:12:26 > 34:26]
SOAP:  15%|█▌        | 3879/25418 [3:12:39 > 34:26]
SOAP:  15%|█▌        | 3880/25418 [3:12:44 > 34:27]
SOAP:  15%|█▌        | 3881/25418 [3:12:47 > 34:27]
SOAP:  15%|█▌        | 3882/25418 [3:12:44 > 34:28]
SOAP:  15%|█▌        | 3883/25418 [3:12:41 > 34:28]
SOAP:  15%|█▌        | 3884/25418 [3:12:57 > 34:29]
SOAP:  15%|█▌        | 3885/25418 [3:12:40 > 34:29]
SOAP:  15%|█▌        | 3886/25418 [3:12:50 > 34:30]
SOAP:  15%|█▌        | 3887/25418 [3:13:14 > 34:31]
SOAP:  15%|█▌        | 3888/25418 [3:12:42 > 34:31]
SOAP:  15%|█▌        | 3889/25418 [3:11:20 > 34:32]
SOAP:  15%|█▌        | 3890/25418 [3:13:24 > 34:32]
SOAP:  15%|█▌        | 3891/25418 [3:12:33 > 34:33]
SOAP:  15%|█▌        | 3892/25418 [3:13:03 > 34:33]
SOAP:  15%|█▌        | 3893/25418 [3:13:08 > 34:34]
SOAP:  15%|█▌        | 3894/25418 [3:12:24 > 34:34]
SOAP:  15%|█▌        | 3895/25418 [3:12:54 > 34:35]
SOAP:  15%|█▌        | 3896/25418 [3:12:49 > 34:35]
SOAP:  15%|█▌        | 3897/25418 [3:12:17 > 34:36]
SOAP:  15%|█▌        | 3898/25418 [3:13:08 > 34:36]
SOAP:  15%|█▌        | 3899/25418 [3:12:46 > 34:37]
SOAP:  15%|█▌        | 3900/25418 [3:12:16 > 34:38]
SOAP:  15%|█▌        | 3901/25418 [3:13:45 > 34:38]
SOAP:  15%|█▌        | 3902/25418 [3:13:29 > 34:39]
SOAP:  15%|█▌        | 3903/25418 [3:12:46 > 34:39]
SOAP:  15%|█▌        | 3904/25418 [3:13:15 > 34:40]
SOAP:  15%|█▌        | 3905/25418 [3:13:00 > 34:40]
SOAP:  15%|█▌        | 3906/25418 [3:12:38 > 34:41]
SOAP:  15%|█▌        | 3907/25418 [3:12:52 > 34:41]
SOAP:  15%|█▌        | 3908/25418 [3:12:50 > 34:42]
SOAP:  15%|█▌        | 3909/25418 [3:12:38 > 34:42]
SOAP:  15%|█▌        | 3910/25418 [3:12:33 > 34:43]
SOAP:  15%|█▌        | 3911/25418 [3:12:27 > 34:43]
SOAP:  15%|█▌        | 3912/25418 [3:12:45 > 34:44]
SOAP:  15%|█▌        | 3913/25418 [3:12:30 > 34:45]
SOAP:  15%|█▌        | 3914/25418 [3:12:20 > 34:45]
SOAP:  15%|█▌        | 3915/25418 [3:12:31 > 34:46]
SOAP:  15%|█▌        | 3916/25418 [3:12:11 > 34:46]
SOAP:  15%|█▌        | 3917/25418 [3:12:26 > 34:47]
SOAP:  15%|█▌        | 3918/25418 [3:12:49 > 34:47]
SOAP:  15%|█▌        | 3919/25418 [3:12:15 > 34:48]
SOAP:  15%|█▌        | 3920/25418 [3:12:43 > 34:48]
SOAP:  15%|█▌        | 3921/25418 [3:13:03 > 34:49]
SOAP:  15%|█▌        | 3922/25418 [3:12:16 > 34:49]
SOAP:  15%|█▌        | 3923/25418 [3:12:56 > 34:50]
SOAP:  15%|█▌        | 3924/25418 [3:13:00 > 34:50]
SOAP:  15%|█▌        | 3925/25418 [3:12:16 > 34:51]
SOAP:  15%|█▌        | 3926/25418 [3:12:41 > 34:52]
SOAP:  15%|█▌        | 3927/25418 [3:12:35 > 34:52]
SOAP:  15%|█▌        | 3928/25418 [3:12:05 > 34:53]
SOAP:  15%|█▌        | 3929/25418 [3:13:04 > 34:53]
SOAP:  15%|█▌        | 3930/25418 [3:12:33 > 34:54]
SOAP:  15%|█▌        | 3931/25418 [3:12:03 > 34:54]
SOAP:  15%|█▌        | 3932/25418 [3:12:34 > 34:55]
SOAP:  15%|█▌        | 3933/25418 [3:12:43 > 34:55]
SOAP:  15%|█▌        | 3934/25418 [3:11:54 > 34:56]
SOAP:  15%|█▌        | 3935/25418 [3:12:06 > 34:56]
SOAP:  15%|█▌        | 3936/25418 [3:12:18 > 34:57]
SOAP:  15%|█▌        | 3937/25418 [3:12:14 > 34:57]
SOAP:  15%|█▌        | 3938/25418 [3:12:23 > 34:58]
SOAP:  15%|█▌        | 3939/25418 [3:12:27 > 34:59]
SOAP:  16%|█▌        | 3940/25418 [3:12:36 > 34:59]
SOAP:  16%|█▌        | 3941/25418 [3:12:37 > 35:00]
SOAP:  16%|█▌        | 3942/25418 [3:12:47 > 35:00]
SOAP:  16%|█▌        | 3943/25418 [3:12:36 > 35:01]
SOAP:  16%|█▌        | 3944/25418 [3:12:13 > 35:01]
SOAP:  16%|█▌        | 3945/25418 [3:12:22 > 35:02]
SOAP:  16%|█▌        | 3946/25418 [3:12:40 > 35:02]
SOAP:  16%|█▌        | 3947/25418 [3:12:53 > 35:03]
SOAP:  16%|█▌        | 3948/25418 [3:12:09 > 35:03]
SOAP:  16%|█▌        | 3949/25418 [3:12:35 > 35:04]
SOAP:  16%|█▌        | 3950/25418 [3:11:49 > 35:04]
SOAP:  16%|█▌        | 3951/25418 [3:12:19 > 35:05]
SOAP:  16%|█▌        | 3952/25418 [3:12:45 > 35:06]
SOAP:  16%|█▌        | 3953/25418 [3:11:56 > 35:06]
SOAP:  16%|█▌        | 3954/25418 [3:12:15 > 35:07]
SOAP:  16%|█▌        | 3955/25418 [3:12:28 > 35:07]
SOAP:  16%|█▌        | 3956/25418 [3:11:41 > 35:08]
SOAP:  16%|█▌        | 3957/25418 [3:12:16 > 35:08]
SOAP:  16%|█▌        | 3958/25418 [3:12:15 > 35:09]
SOAP:  16%|█▌        | 3959/25418 [3:11:34 > 35:09]
SOAP:  16%|█▌        | 3960/25418 [3:12:17 > 35:10]
SOAP:  16%|█▌        | 3961/25418 [3:12:12 > 35:10]
SOAP:  16%|█▌        | 3962/25418 [3:11:39 > 35:11]
SOAP:  16%|█▌        | 3963/25418 [3:12:05 > 35:11]
SOAP:  16%|█▌        | 3964/25418 [3:12:10 > 35:12]
SOAP:  16%|█▌        | 3965/25418 [3:12:01 > 35:12]
SOAP:  16%|█▌        | 3966/25418 [3:12:19 > 35:13]
SOAP:  16%|█▌        | 3967/25418 [3:12:30 > 35:14]
SOAP:  16%|█▌        | 3968/25418 [3:12:11 > 35:14]
SOAP:  16%|█▌        | 3969/25418 [3:12:20 > 35:15]
SOAP:  16%|█▌        | 3970/25418 [3:12:20 > 35:15]
SOAP:  16%|█▌        | 3971/25418 [3:13:08 > 35:16]
SOAP:  16%|█▌        | 3972/25418 [3:11:48 > 35:16]
SOAP:  16%|█▌        | 3973/25418 [3:11:56 > 35:17]
SOAP:  16%|█▌        | 3974/25418 [3:11:59 > 35:17]
SOAP:  16%|█▌        | 3975/25418 [3:11:32 > 35:18]
SOAP:  16%|█▌        | 3976/25418 [3:11:56 > 35:18]
SOAP:  16%|█▌        | 3977/25418 [3:12:19 > 35:19]
SOAP:  16%|█▌        | 3978/25418 [3:10:15 > 35:19]
SOAP:  16%|█▌        | 3979/25418 [3:12:00 > 35:20]
SOAP:  16%|█▌        | 3980/25418 [3:12:25 > 35:21]
SOAP:  16%|█▌        | 3981/25418 [3:11:42 > 35:21]
SOAP:  16%|█▌        | 3982/25418 [3:12:20 > 35:22]
SOAP:  16%|█▌        | 3983/25418 [3:11:08 > 35:22]
SOAP:  16%|█▌        | 3984/25418 [3:11:07 > 35:23]
SOAP:  16%|█▌        | 3985/25418 [3:11:33 > 35:23]
SOAP:  16%|█▌        | 3986/25418 [3:11:41 > 35:24]
SOAP:  16%|█▌        | 3987/25418 [3:10:57 > 35:24]
SOAP:  16%|█▌        | 3988/25418 [3:11:39 > 35:25]
SOAP:  16%|█▌        | 3989/25418 [3:11:52 > 35:25]
SOAP:  16%|█▌        | 3990/25418 [3:11:09 > 35:26]
SOAP:  16%|█▌        | 3991/25418 [3:12:05 > 35:26]
SOAP:  16%|█▌        | 3992/25418 [3:11:44 > 35:27]
SOAP:  16%|█▌        | 3993/25418 [3:11:22 > 35:28]
SOAP:  16%|█▌        | 3994/25418 [3:11:57 > 35:28]
SOAP:  16%|█▌        | 3995/25418 [3:11:53 > 35:29]
SOAP:  16%|█▌        | 3996/25418 [3:11:34 > 35:29]
SOAP:  16%|█▌        | 3997/25418 [3:11:40 > 35:30]
SOAP:  16%|█▌        | 3998/25418 [3:11:37 > 35:30]
SOAP:  16%|█▌        | 3999/25418 [3:11:19 > 35:31]
SOAP:  16%|█▌        | 4000/25418 [3:11:14 > 35:31]
SOAP:  16%|█▌        | 4001/25418 [3:12:18 > 35:32]
SOAP:  16%|█▌        | 4002/25418 [3:10:35 > 35:32]
SOAP:  16%|█▌        | 4003/25418 [3:11:56 > 35:33]
SOAP:  16%|█▌        | 4004/25418 [3:12:08 > 35:33]
SOAP:  16%|█▌        | 4005/25418 [3:12:11 > 35:34]
SOAP:  16%|█▌        | 4006/25418 [3:11:50 > 35:34]
SOAP:  16%|█▌        | 4007/25418 [3:11:53 > 35:35]
SOAP:  16%|█▌        | 4008/25418 [3:11:56 > 35:36]
SOAP:  16%|█▌        | 4009/25418 [3:11:24 > 35:36]
SOAP:  16%|█▌        | 4010/25418 [3:11:38 > 35:37]
SOAP:  16%|█▌        | 4011/25418 [3:11:52 > 35:37]
SOAP:  16%|█▌        | 4012/25418 [3:10:49 > 35:38]
SOAP:  16%|█▌        | 4013/25418 [3:11:33 > 35:38]
SOAP:  16%|█▌        | 4014/25418 [3:11:36 > 35:39]
SOAP:  16%|█▌        | 4015/25418 [3:11:06 > 35:39]
SOAP:  16%|█▌        | 4016/25418 [3:11:51 > 35:40]
SOAP:  16%|█▌        | 4017/25418 [3:11:39 > 35:40]
SOAP:  16%|█▌        | 4018/25418 [3:11:09 > 35:41]
SOAP:  16%|█▌        | 4019/25418 [3:11:39 > 35:41]
SOAP:  16%|█▌        | 4020/25418 [3:11:49 > 35:42]
SOAP:  16%|█▌        | 4021/25418 [3:11:03 > 35:43]
SOAP:  16%|█▌        | 4022/25418 [3:11:36 > 35:43]
SOAP:  16%|█▌        | 4023/25418 [3:11:08 > 35:44]
SOAP:  16%|█▌        | 4024/25418 [3:11:08 > 35:44]
SOAP:  16%|█▌        | 4025/25418 [3:11:45 > 35:45]
SOAP:  16%|█▌        | 4026/25418 [3:11:36 > 35:45]
SOAP:  16%|█▌        | 4027/25418 [3:11:16 > 35:46]
SOAP:  16%|█▌        | 4028/25418 [3:11:49 > 35:46]
SOAP:  16%|█▌        | 4029/25418 [3:11:41 > 35:47]
SOAP:  16%|█▌        | 4030/25418 [3:11:30 > 35:47]
SOAP:  16%|█▌        | 4031/25418 [3:11:36 > 35:48]
SOAP:  16%|█▌        | 4032/25418 [3:11:26 > 35:48]
SOAP:  16%|█▌        | 4033/25418 [3:11:38 > 35:49]
SOAP:  16%|█▌        | 4034/25418 [3:11:44 > 35:50]
SOAP:  16%|█▌        | 4035/25418 [3:11:32 > 35:50]
SOAP:  16%|█▌        | 4036/25418 [3:11:47 > 35:51]
SOAP:  16%|█▌        | 4037/25418 [3:11:30 > 35:51]
SOAP:  16%|█▌        | 4038/25418 [3:11:43 > 35:52]
SOAP:  16%|█▌        | 4039/25418 [3:12:01 > 35:52]
SOAP:  16%|█▌        | 4040/25418 [3:11:13 > 35:53]
SOAP:  16%|█▌        | 4041/25418 [3:11:43 > 35:53]
SOAP:  16%|█▌        | 4042/25418 [3:11:47 > 35:54]
SOAP:  16%|█▌        | 4043/25418 [3:10:48 > 35:54]
SOAP:  16%|█▌        | 4044/25418 [3:10:52 > 35:55]
SOAP:  16%|█▌        | 4045/25418 [3:11:02 > 35:55]
SOAP:  16%|█▌        | 4046/25418 [3:10:40 > 35:56]
SOAP:  16%|█▌        | 4047/25418 [3:11:29 > 35:57]
SOAP:  16%|█▌        | 4048/25418 [3:11:14 > 35:57]
SOAP:  16%|█▌        | 4049/25418 [3:10:49 > 35:58]
SOAP:  16%|█▌        | 4050/25418 [3:11:34 > 35:58]
SOAP:  16%|█▌        | 4051/25418 [3:11:25 > 35:59]
SOAP:  16%|█▌        | 4052/25418 [3:10:54 > 35:59]
SOAP:  16%|█▌        | 4053/25418 [3:11:16 > 36:00]
SOAP:  16%|█▌        | 4054/25418 [3:11:13 > 36:00]
SOAP:  16%|█▌        | 4055/25418 [3:10:49 > 36:01]
SOAP:  16%|█▌        | 4056/25418 [3:11:29 > 36:01]
SOAP:  16%|█▌        | 4057/25418 [3:11:15 > 36:02]
SOAP:  16%|█▌        | 4058/25418 [3:11:00 > 36:02]
SOAP:  16%|█▌        | 4059/25418 [3:11:25 > 36:03]
SOAP:  16%|█▌        | 4060/25418 [3:11:12 > 36:04]
SOAP:  16%|█▌        | 4061/25418 [3:11:13 > 36:04]
SOAP:  16%|█▌        | 4062/25418 [3:11:08 > 36:05]
SOAP:  16%|█▌        | 4063/25418 [3:11:13 > 36:05]
SOAP:  16%|█▌        | 4064/25418 [3:11:20 > 36:06]
SOAP:  16%|█▌        | 4065/25418 [3:11:17 > 36:06]
SOAP:  16%|█▌        | 4066/25418 [3:11:18 > 36:07]
SOAP:  16%|█▌        | 4067/25418 [3:11:33 > 36:07]
SOAP:  16%|█▌        | 4068/25418 [3:11:10 > 36:08]
SOAP:  16%|█▌        | 4069/25418 [3:11:19 > 36:08]
SOAP:  16%|█▌        | 4070/25418 [3:11:36 > 36:09]
SOAP:  16%|█▌        | 4071/25418 [3:11:01 > 36:09]
SOAP:  16%|█▌        | 4072/25418 [3:11:28 > 36:10]
SOAP:  16%|█▌        | 4073/25418 [3:11:36 > 36:10]
SOAP:  16%|█▌        | 4074/25418 [3:09:17 > 36:11]
SOAP:  16%|█▌        | 4075/25418 [3:10:02 > 36:12]
SOAP:  16%|█▌        | 4076/25418 [3:10:34 > 36:12]
SOAP:  16%|█▌        | 4077/25418 [3:10:10 > 36:13]
SOAP:  16%|█▌        | 4078/25418 [3:11:02 > 36:13]
SOAP:  16%|█▌        | 4079/25418 [3:11:16 > 36:14]
SOAP:  16%|█▌        | 4080/25418 [3:10:34 > 36:14]
SOAP:  16%|█▌        | 4081/25418 [3:11:03 > 36:15]
SOAP:  16%|█▌        | 4082/25418 [3:10:58 > 36:15]
SOAP:  16%|█▌        | 4083/25418 [3:10:44 > 36:16]
SOAP:  16%|█▌        | 4084/25418 [3:11:11 > 36:16]
SOAP:  16%|█▌        | 4085/25418 [3:11:07 > 36:17]
SOAP:  16%|█▌        | 4086/25418 [3:10:46 > 36:17]
SOAP:  16%|█▌        | 4087/25418 [3:11:09 > 36:18]
SOAP:  16%|█▌        | 4088/25418 [3:11:03 > 36:19]
SOAP:  16%|█▌        | 4089/25418 [3:10:51 > 36:19]
SOAP:  16%|█▌        | 4090/25418 [3:10:51 > 36:20]
SOAP:  16%|█▌        | 4091/25418 [3:10:55 > 36:20]
SOAP:  16%|█▌        | 4092/25418 [3:10:58 > 36:21]
SOAP:  16%|█▌        | 4093/25418 [3:11:04 > 36:21]
SOAP:  16%|█▌        | 4094/25418 [3:10:36 > 36:22]
SOAP:  16%|█▌        | 4095/25418 [3:10:24 > 36:22]
SOAP:  16%|█▌        | 4096/25418 [3:09:47 > 36:23]
SOAP:  16%|█▌        | 4097/25418 [3:09:51 > 36:23]
SOAP:  16%|█▌        | 4098/25418 [3:10:19 > 36:24]
SOAP:  16%|█▌        | 4099/25418 [3:09:23 > 36:24]
SOAP:  16%|█▌        | 4100/25418 [3:09:28 > 36:25]
SOAP:  16%|█▌        | 4101/25418 [3:11:11 > 36:26]
SOAP:  16%|█▌        | 4102/25418 [3:09:02 > 36:26]
SOAP:  16%|█▌        | 4103/25418 [3:09:16 > 36:27]
SOAP:  16%|█▌        | 4104/25418 [3:09:07 > 36:27]
SOAP:  16%|█▌        | 4105/25418 [3:08:22 > 36:28]
SOAP:  16%|█▌        | 4106/25418 [3:09:01 > 36:28]
SOAP:  16%|█▌        | 4107/25418 [3:08:54 > 36:29]
SOAP:  16%|█▌        | 4108/25418 [3:08:22 > 36:29]
SOAP:  16%|█▌        | 4109/25418 [3:08:55 > 36:30]
SOAP:  16%|█▌        | 4110/25418 [3:08:52 > 36:30]
SOAP:  16%|█▌        | 4111/25418 [3:08:28 > 36:31]
SOAP:  16%|█▌        | 4112/25418 [3:08:47 > 36:31]
SOAP:  16%|█▌        | 4113/25418 [3:08:22 > 36:32]
SOAP:  16%|█▌        | 4114/25418 [3:09:06 > 36:32]
SOAP:  16%|█▌        | 4115/25418 [3:09:08 > 36:33]
SOAP:  16%|█▌        | 4116/25418 [3:09:09 > 36:33]
SOAP:  16%|█▌        | 4117/25418 [3:09:38 > 36:34]
SOAP:  16%|█▌        | 4118/25418 [3:09:17 > 36:35]
SOAP:  16%|█▌        | 4119/25418 [3:09:06 > 36:35]
SOAP:  16%|█▌        | 4120/25418 [3:09:18 > 36:36]
SOAP:  16%|█▌        | 4121/25418 [3:08:49 > 36:36]
SOAP:  16%|█▌        | 4122/25418 [3:09:00 > 36:37]
SOAP:  16%|█▌        | 4123/25418 [3:09:22 > 36:37]
SOAP:  16%|█▌        | 4124/25418 [3:08:28 > 36:38]
SOAP:  16%|█▌        | 4125/25418 [3:09:07 > 36:38]
SOAP:  16%|█▌        | 4126/25418 [3:09:04 > 36:39]
SOAP:  16%|█▌        | 4127/25418 [3:08:23 > 36:39]
SOAP:  16%|█▌        | 4128/25418 [3:08:57 > 36:40]
SOAP:  16%|█▌        | 4129/25418 [3:08:41 > 36:40]
SOAP:  16%|█▌        | 4130/25418 [3:08:01 > 36:41]
SOAP:  16%|█▋        | 4131/25418 [3:08:38 > 36:41]
SOAP:  16%|█▋        | 4132/25418 [3:08:40 > 36:42]
SOAP:  16%|█▋        | 4133/25418 [3:08:16 > 36:43]
SOAP:  16%|█▋        | 4134/25418 [3:07:16 > 36:43]
SOAP:  16%|█▋        | 4135/25418 [3:09:10 > 36:44]
SOAP:  16%|█▋        | 4136/25418 [3:08:50 > 36:44]
SOAP:  16%|█▋        | 4137/25418 [3:08:42 > 36:45]
SOAP:  16%|█▋        | 4138/25418 [3:08:41 > 36:45]
SOAP:  16%|█▋        | 4139/25418 [3:08:37 > 36:46]
SOAP:  16%|█▋        | 4140/25418 [3:08:38 > 36:46]
SOAP:  16%|█▋        | 4141/25418 [3:08:25 > 36:47]
SOAP:  16%|█▋        | 4142/25418 [3:08:56 > 36:47]
SOAP:  16%|█▋        | 4143/25418 [3:08:32 > 36:48]
SOAP:  16%|█▋        | 4144/25418 [3:08:37 > 36:48]
SOAP:  16%|█▋        | 4145/25418 [3:08:59 > 36:49]
SOAP:  16%|█▋        | 4146/25418 [3:08:21 > 36:49]
SOAP:  16%|█▋        | 4147/25418 [3:08:54 > 36:50]
SOAP:  16%|█▋        | 4148/25418 [3:09:05 > 36:50]
SOAP:  16%|█▋        | 4149/25418 [3:08:16 > 36:51]
SOAP:  16%|█▋        | 4150/25418 [3:08:55 > 36:52]
SOAP:  16%|█▋        | 4151/25418 [3:08:46 > 36:52]
SOAP:  16%|█▋        | 4152/25418 [3:08:03 > 36:53]
SOAP:  16%|█▋        | 4153/25418 [3:09:33 > 36:53]
SOAP:  16%|█▋        | 4154/25418 [3:08:54 > 36:54]
SOAP:  16%|█▋        | 4155/25418 [3:06:45 > 36:54]
SOAP:  16%|█▋        | 4156/25418 [3:09:05 > 36:55]
SOAP:  16%|█▋        | 4157/25418 [3:08:58 > 36:55]
SOAP:  16%|█▋        | 4158/25418 [3:08:24 > 36:56]
SOAP:  16%|█▋        | 4159/25418 [3:08:34 > 36:56]
SOAP:  16%|█▋        | 4160/25418 [3:08:21 > 36:57]
SOAP:  16%|█▋        | 4161/25418 [3:08:14 > 36:57]
SOAP:  16%|█▋        | 4162/25418 [3:08:12 > 36:58]
SOAP:  16%|█▋        | 4163/25418 [3:07:57 > 36:58]
SOAP:  16%|█▋        | 4164/25418 [3:08:10 > 36:59]
SOAP:  16%|█▋        | 4165/25418 [3:08:07 > 37:00]
SOAP:  16%|█▋        | 4166/25418 [3:08:12 > 37:00]
SOAP:  16%|█▋        | 4167/25418 [3:08:35 > 37:01]
SOAP:  16%|█▋        | 4168/25418 [3:08:12 > 37:01]
SOAP:  16%|█▋        | 4169/25418 [3:08:35 > 37:02]
SOAP:  16%|█▋        | 4170/25418 [3:08:47 > 37:02]
SOAP:  16%|█▋        | 4171/25418 [3:07:57 > 37:03]
SOAP:  16%|█▋        | 4172/25418 [3:06:54 > 37:03]
SOAP:  16%|█▋        | 4173/25418 [3:08:49 > 37:04]
SOAP:  16%|█▋        | 4174/25418 [3:07:48 > 37:04]
SOAP:  16%|█▋        | 4175/25418 [3:08:29 > 37:05]
SOAP:  16%|█▋        | 4176/25418 [3:08:28 > 37:05]
SOAP:  16%|█▋        | 4177/25418 [3:07:50 > 37:06]
SOAP:  16%|█▋        | 4178/25418 [3:08:32 > 37:06]
SOAP:  16%|█▋        | 4179/25418 [3:08:34 > 37:07]
SOAP:  16%|█▋        | 4180/25418 [3:07:56 > 37:08]
SOAP:  16%|█▋        | 4181/25418 [3:08:21 > 37:08]
SOAP:  16%|█▋        | 4182/25418 [3:08:35 > 37:09]
SOAP:  16%|█▋        | 4183/25418 [3:08:19 > 37:09]
SOAP:  16%|█▋        | 4184/25418 [3:08:08 > 37:10]
SOAP:  16%|█▋        | 4185/25418 [3:08:10 > 37:10]
SOAP:  16%|█▋        | 4186/25418 [3:08:08 > 37:11]
SOAP:  16%|█▋        | 4187/25418 [3:07:59 > 37:11]
SOAP:  16%|█▋        | 4188/25418 [3:08:05 > 37:12]
SOAP:  16%|█▋        | 4189/25418 [3:08:19 > 37:12]
SOAP:  16%|█▋        | 4190/25418 [3:07:55 > 37:13]
SOAP:  16%|█▋        | 4191/25418 [3:06:49 > 37:13]
SOAP:  16%|█▋        | 4192/25418 [3:08:58 > 37:14]
SOAP:  16%|█▋        | 4193/25418 [3:08:05 > 37:14]
SOAP:  17%|█▋        | 4194/25418 [3:08:44 > 37:15]
SOAP:  17%|█▋        | 4195/25418 [3:08:54 > 37:15]
SOAP:  17%|█▋        | 4196/25418 [3:07:53 > 37:16]
SOAP:  17%|█▋        | 4197/25418 [3:08:18 > 37:17]
SOAP:  17%|█▋        | 4198/25418 [3:08:10 > 37:17]
SOAP:  17%|█▋        | 4199/25418 [3:07:24 > 37:18]
SOAP:  17%|█▋        | 4200/25418 [3:08:16 > 37:18]
SOAP:  17%|█▋        | 4201/25418 [3:10:04 > 37:19]
SOAP:  17%|█▋        | 4202/25418 [3:08:05 > 37:19]
SOAP:  17%|█▋        | 4203/25418 [3:08:27 > 37:20]
SOAP:  17%|█▋        | 4204/25418 [3:08:01 > 37:20]
SOAP:  17%|█▋        | 4205/25418 [3:07:33 > 37:21]
SOAP:  17%|█▋        | 4206/25418 [3:07:49 > 37:21]
SOAP:  17%|█▋        | 4207/25418 [3:07:45 > 37:22]
SOAP:  17%|█▋        | 4208/25418 [3:07:43 > 37:22]
SOAP:  17%|█▋        | 4209/25418 [3:06:15 > 37:23]
SOAP:  17%|█▋        | 4210/25418 [3:08:10 > 37:23]
SOAP:  17%|█▋        | 4211/25418 [3:08:21 > 37:24]
SOAP:  17%|█▋        | 4212/25418 [3:07:55 > 37:25]
SOAP:  17%|█▋        | 4213/25418 [3:06:31 > 37:25]
SOAP:  17%|█▋        | 4214/25418 [3:08:49 > 37:26]
SOAP:  17%|█▋        | 4215/25418 [3:07:51 > 37:26]
SOAP:  17%|█▋        | 4216/25418 [3:07:58 > 37:27]
SOAP:  17%|█▋        | 4217/25418 [3:08:05 > 37:27]
SOAP:  17%|█▋        | 4218/25418 [3:07:24 > 37:28]
SOAP:  17%|█▋        | 4219/25418 [3:08:04 > 37:28]
SOAP:  17%|█▋        | 4220/25418 [3:08:11 > 37:29]
SOAP:  17%|█▋        | 4221/25418 [3:07:20 > 37:29]
SOAP:  17%|█▋        | 4222/25418 [3:08:11 > 37:30]
SOAP:  17%|█▋        | 4223/25418 [3:08:03 > 37:30]
SOAP:  17%|█▋        | 4224/25418 [3:07:24 > 37:31]
SOAP:  17%|█▋        | 4225/25418 [3:07:49 > 37:31]
SOAP:  17%|█▋        | 4226/25418 [3:06:16 > 37:32]
SOAP:  17%|█▋        | 4227/25418 [3:07:43 > 37:32]
SOAP:  17%|█▋        | 4228/25418 [3:08:13 > 37:33]
SOAP:  17%|█▋        | 4229/25418 [3:07:50 > 37:34]
SOAP:  17%|█▋        | 4230/25418 [3:07:55 > 37:34]
SOAP:  17%|█▋        | 4231/25418 [3:08:29 > 37:35]
SOAP:  17%|█▋        | 4232/25418 [3:08:12 > 37:35]
SOAP:  17%|█▋        | 4233/25418 [3:08:14 > 37:36]
SOAP:  17%|█▋        | 4234/25418 [3:07:51 > 37:36]
SOAP:  17%|█▋        | 4235/25418 [3:07:40 > 37:37]
SOAP:  17%|█▋        | 4236/25418 [3:08:01 > 37:37]
SOAP:  17%|█▋        | 4237/25418 [3:07:23 > 37:38]
SOAP:  17%|█▋        | 4238/25418 [3:07:41 > 37:38]
SOAP:  17%|█▋        | 4239/25418 [3:08:01 > 37:39]
SOAP:  17%|█▋        | 4240/25418 [3:07:15 > 37:39]
SOAP:  17%|█▋        | 4241/25418 [3:07:57 > 37:40]
SOAP:  17%|█▋        | 4242/25418 [3:07:57 > 37:40]
SOAP:  17%|█▋        | 4243/25418 [3:07:17 > 37:41]
SOAP:  17%|█▋        | 4244/25418 [3:07:53 > 37:42]
SOAP:  17%|█▋        | 4245/25418 [3:07:46 > 37:42]
SOAP:  17%|█▋        | 4246/25418 [3:07:03 > 37:43]
SOAP:  17%|█▋        | 4247/25418 [3:07:48 > 37:43]
SOAP:  17%|█▋        | 4248/25418 [3:07:20 > 37:44]
SOAP:  17%|█▋        | 4249/25418 [3:07:53 > 37:44]
SOAP:  17%|█▋        | 4250/25418 [3:07:09 > 37:45]
SOAP:  17%|█▋        | 4251/25418 [3:07:54 > 37:45]
SOAP:  17%|█▋        | 4252/25418 [3:07:35 > 37:46]
SOAP:  17%|█▋        | 4253/25418 [3:07:58 > 37:46]
SOAP:  17%|█▋        | 4254/25418 [3:07:45 > 37:47]
SOAP:  17%|█▋        | 4255/25418 [3:07:41 > 37:47]
SOAP:  17%|█▋        | 4256/25418 [3:07:34 > 37:48]
SOAP:  17%|█▋        | 4257/25418 [3:07:20 > 37:48]
SOAP:  17%|█▋        | 4258/25418 [3:07:41 > 37:49]
SOAP:  17%|█▋        | 4259/25418 [3:07:11 > 37:50]
SOAP:  17%|█▋        | 4260/25418 [3:07:19 > 37:50]
SOAP:  17%|█▋        | 4261/25418 [3:07:43 > 37:51]
SOAP:  17%|█▋        | 4262/25418 [3:07:15 > 37:51]
SOAP:  17%|█▋        | 4263/25418 [3:07:35 > 37:52]
SOAP:  17%|█▋        | 4264/25418 [3:07:49 > 37:52]
SOAP:  17%|█▋        | 4265/25418 [3:07:21 > 37:53]
SOAP:  17%|█▋        | 4266/25418 [3:08:20 > 37:53]
SOAP:  17%|█▋        | 4267/25418 [3:06:38 > 37:54]
SOAP:  17%|█▋        | 4268/25418 [3:08:50 > 37:54]
SOAP:  17%|█▋        | 4269/25418 [3:08:22 > 37:55]
SOAP:  17%|█▋        | 4270/25418 [3:08:10 > 37:55]
SOAP:  17%|█▋        | 4271/25418 [3:07:22 > 37:56]
SOAP:  17%|█▋        | 4272/25418 [3:07:40 > 37:56]
SOAP:  17%|█▋        | 4273/25418 [3:07:37 > 37:57]
SOAP:  17%|█▋        | 4274/25418 [3:07:15 > 37:58]
SOAP:  17%|█▋        | 4275/25418 [3:07:21 > 37:58]
SOAP:  17%|█▋        | 4276/25418 [3:07:09 > 37:59]
SOAP:  17%|█▋        | 4277/25418 [3:07:11 > 37:59]
SOAP:  17%|█▋        | 4278/25418 [3:07:12 > 38:00]
SOAP:  17%|█▋        | 4279/25418 [3:07:15 > 38:00]
SOAP:  17%|█▋        | 4280/25418 [3:07:18 > 38:01]
SOAP:  17%|█▋        | 4281/25418 [3:07:08 > 38:01]
SOAP:  17%|█▋        | 4282/25418 [3:07:01 > 38:02]
SOAP:  17%|█▋        | 4283/25418 [3:07:26 > 38:02]
SOAP:  17%|█▋        | 4284/25418 [3:07:00 > 38:03]
SOAP:  17%|█▋        | 4285/25418 [3:07:18 > 38:03]
SOAP:  17%|█▋        | 4286/25418 [3:07:37 > 38:04]
SOAP:  17%|█▋        | 4287/25418 [3:07:06 > 38:04]
SOAP:  17%|█▋        | 4288/25418 [3:07:54 > 38:05]
SOAP:  17%|█▋        | 4289/25418 [3:07:42 > 38:05]
SOAP:  17%|█▋        | 4290/25418 [3:06:57 > 38:06]
SOAP:  17%|█▋        | 4291/25418 [3:07:36 > 38:07]
SOAP:  17%|█▋        | 4292/25418 [3:07:30 > 38:07]
SOAP:  17%|█▋        | 4293/25418 [3:06:43 > 38:08]
SOAP:  17%|█▋        | 4294/25418 [3:07:21 > 38:08]
SOAP:  17%|█▋        | 4295/25418 [3:07:08 > 38:09]
SOAP:  17%|█▋        | 4296/25418 [3:06:55 > 38:09]
SOAP:  17%|█▋        | 4297/25418 [3:07:12 > 38:10]
SOAP:  17%|█▋        | 4298/25418 [3:07:05 > 38:10]
SOAP:  17%|█▋        | 4299/25418 [3:06:54 > 38:11]
SOAP:  17%|█▋        | 4300/25418 [3:07:09 > 38:11]
SOAP:  17%|█▋        | 4301/25418 [3:06:32 > 38:12]
SOAP:  17%|█▋        | 4302/25418 [3:08:17 > 38:12]
SOAP:  17%|█▋        | 4303/25418 [3:06:31 > 38:13]
SOAP:  17%|█▋        | 4304/25418 [3:07:51 > 38:13]
SOAP:  17%|█▋        | 4305/25418 [3:06:28 > 38:14]
SOAP:  17%|█▋        | 4306/25418 [3:07:34 > 38:15]
SOAP:  17%|█▋        | 4307/25418 [3:07:32 > 38:15]
SOAP:  17%|█▋        | 4308/25418 [3:07:43 > 38:16]
SOAP:  17%|█▋        | 4309/25418 [3:06:58 > 38:16]
SOAP:  17%|█▋        | 4310/25418 [3:07:07 > 38:17]
SOAP:  17%|█▋        | 4311/25418 [3:07:09 > 38:17]
SOAP:  17%|█▋        | 4312/25418 [3:06:45 > 38:18]
SOAP:  17%|█▋        | 4313/25418 [3:07:37 > 38:18]
SOAP:  17%|█▋        | 4314/25418 [3:07:21 > 38:19]
SOAP:  17%|█▋        | 4315/25418 [3:06:36 > 38:19]
SOAP:  17%|█▋        | 4316/25418 [3:07:08 > 38:20]
SOAP:  17%|█▋        | 4317/25418 [3:07:10 > 38:20]
SOAP:  17%|█▋        | 4318/25418 [3:06:37 > 38:21]
SOAP:  17%|█▋        | 4319/25418 [3:07:14 > 38:21]
SOAP:  17%|█▋        | 4320/25418 [3:07:11 > 38:22]
SOAP:  17%|█▋        | 4321/25418 [3:06:46 > 38:23]
SOAP:  17%|█▋        | 4322/25418 [3:07:02 > 38:23]
SOAP:  17%|█▋        | 4323/25418 [3:07:05 > 38:24]
SOAP:  17%|█▋        | 4324/25418 [3:06:50 > 38:24]
SOAP:  17%|█▋        | 4325/25418 [3:06:58 > 38:25]
SOAP:  17%|█▋        | 4326/25418 [3:07:20 > 38:25]
SOAP:  17%|█▋        | 4327/25418 [3:07:27 > 38:26]
SOAP:  17%|█▋        | 4328/25418 [3:06:57 > 38:26]
SOAP:  17%|█▋        | 4329/25418 [3:07:04 > 38:27]
SOAP:  17%|█▋        | 4330/25418 [3:07:32 > 38:27]
SOAP:  17%|█▋        | 4331/25418 [3:06:49 > 38:28]
SOAP:  17%|█▋        | 4332/25418 [3:07:06 > 38:28]
SOAP:  17%|█▋        | 4333/25418 [3:07:21 > 38:29]
SOAP:  17%|█▋        | 4334/25418 [3:06:30 > 38:29]
SOAP:  17%|█▋        | 4335/25418 [3:07:06 > 38:30]
SOAP:  17%|█▋        | 4336/25418 [3:06:56 > 38:30]
SOAP:  17%|█▋        | 4337/25418 [3:06:12 > 38:31]
SOAP:  17%|█▋        | 4338/25418 [3:06:50 > 38:32]
SOAP:  17%|█▋        | 4339/25418 [3:06:49 > 38:32]
SOAP:  17%|█▋        | 4340/25418 [3:06:10 > 38:33]
SOAP:  17%|█▋        | 4341/25418 [3:06:40 > 38:33]
SOAP:  17%|█▋        | 4342/25418 [3:06:40 > 38:34]
SOAP:  17%|█▋        | 4343/25418 [3:07:15 > 38:34]
SOAP:  17%|█▋        | 4344/25418 [3:07:01 > 38:35]
SOAP:  17%|█▋        | 4345/25418 [3:07:04 > 38:35]
SOAP:  17%|█▋        | 4346/25418 [3:06:42 > 38:36]
SOAP:  17%|█▋        | 4347/25418 [3:06:48 > 38:36]
SOAP:  17%|█▋        | 4348/25418 [3:06:44 > 38:37]
SOAP:  17%|█▋        | 4349/25418 [3:06:45 > 38:37]
SOAP:  17%|█▋        | 4350/25418 [3:06:45 > 38:38]
SOAP:  17%|█▋        | 4351/25418 [3:06:31 > 38:38]
SOAP:  17%|█▋        | 4352/25418 [3:06:50 > 38:39]
SOAP:  17%|█▋        | 4353/25418 [3:06:19 > 38:40]
SOAP:  17%|█▋        | 4354/25418 [3:06:24 > 38:40]
SOAP:  17%|█▋        | 4355/25418 [3:06:40 > 38:41]
SOAP:  17%|█▋        | 4356/25418 [3:06:05 > 38:41]
SOAP:  17%|█▋        | 4357/25418 [3:06:36 > 38:42]
SOAP:  17%|█▋        | 4358/25418 [3:06:46 > 38:42]
SOAP:  17%|█▋        | 4359/25418 [3:05:55 > 38:43]
SOAP:  17%|█▋        | 4360/25418 [3:06:36 > 38:43]
SOAP:  17%|█▋        | 4361/25418 [3:06:40 > 38:44]
SOAP:  17%|█▋        | 4362/25418 [3:07:01 > 38:44]
SOAP:  17%|█▋        | 4363/25418 [3:07:04 > 38:45]
SOAP:  17%|█▋        | 4364/25418 [3:06:53 > 38:45]
SOAP:  17%|█▋        | 4365/25418 [3:06:17 > 38:46]
SOAP:  17%|█▋        | 4366/25418 [3:06:48 > 38:46]
SOAP:  17%|█▋        | 4367/25418 [3:06:37 > 38:47]
SOAP:  17%|█▋        | 4368/25418 [3:06:10 > 38:48]
SOAP:  17%|█▋        | 4369/25418 [3:06:28 > 38:48]
SOAP:  17%|█▋        | 4370/25418 [3:06:19 > 38:49]
SOAP:  17%|█▋        | 4371/25418 [3:06:17 > 38:49]
SOAP:  17%|█▋        | 4372/25418 [3:06:06 > 38:50]
SOAP:  17%|█▋        | 4373/25418 [3:06:08 > 38:50]
SOAP:  17%|█▋        | 4374/25418 [3:06:12 > 38:51]
SOAP:  17%|█▋        | 4375/25418 [3:06:07 > 38:51]
SOAP:  17%|█▋        | 4376/25418 [3:06:19 > 38:52]
SOAP:  17%|█▋        | 4377/25418 [3:06:54 > 38:52]
SOAP:  17%|█▋        | 4378/25418 [3:06:11 > 38:53]
SOAP:  17%|█▋        | 4379/25418 [3:06:36 > 38:53]
SOAP:  17%|█▋        | 4380/25418 [3:07:00 > 38:54]
SOAP:  17%|█▋        | 4381/25418 [3:05:03 > 38:54]
SOAP:  17%|█▋        | 4382/25418 [3:07:21 > 38:55]
SOAP:  17%|█▋        | 4383/25418 [3:06:57 > 38:55]
SOAP:  17%|█▋        | 4384/25418 [3:05:59 > 38:56]
SOAP:  17%|█▋        | 4385/25418 [3:06:31 > 38:57]
SOAP:  17%|█▋        | 4386/25418 [3:06:27 > 38:57]
SOAP:  17%|█▋        | 4387/25418 [3:05:43 > 38:58]
SOAP:  17%|█▋        | 4388/25418 [3:06:31 > 38:58]
SOAP:  17%|█▋        | 4389/25418 [3:06:21 > 38:59]
SOAP:  17%|█▋        | 4390/25418 [3:05:53 > 38:59]
SOAP:  17%|█▋        | 4391/25418 [3:06:06 > 39:00]
SOAP:  17%|█▋        | 4392/25418 [3:06:05 > 39:00]
SOAP:  17%|█▋        | 4393/25418 [3:05:55 > 39:01]
SOAP:  17%|█▋        | 4394/25418 [3:06:05 > 39:01]
SOAP:  17%|█▋        | 4395/25418 [3:05:58 > 39:02]
SOAP:  17%|█▋        | 4396/25418 [3:06:11 > 39:02]
SOAP:  17%|█▋        | 4397/25418 [3:05:57 > 39:03]
SOAP:  17%|█▋        | 4398/25418 [3:05:59 > 39:03]
SOAP:  17%|█▋        | 4399/25418 [3:06:23 > 39:04]
SOAP:  17%|█▋        | 4400/25418 [3:05:59 > 39:05]
SOAP:  17%|█▋        | 4401/25418 [3:07:58 > 39:05]
SOAP:  17%|█▋        | 4402/25418 [3:06:46 > 39:06]
SOAP:  17%|█▋        | 4403/25418 [3:06:03 > 39:06]
SOAP:  17%|█▋        | 4404/25418 [3:06:16 > 39:07]
SOAP:  17%|█▋        | 4405/25418 [3:06:25 > 39:07]
SOAP:  17%|█▋        | 4406/25418 [3:05:30 > 39:08]
SOAP:  17%|█▋        | 4407/25418 [3:06:11 > 39:08]
SOAP:  17%|█▋        | 4408/25418 [3:05:53 > 39:09]
SOAP:  17%|█▋        | 4409/25418 [3:05:23 > 39:09]
SOAP:  17%|█▋        | 4410/25418 [3:05:58 > 39:10]
SOAP:  17%|█▋        | 4411/25418 [3:06:10 > 39:10]
SOAP:  17%|█▋        | 4412/25418 [3:05:39 > 39:11]
SOAP:  17%|█▋        | 4413/25418 [3:06:03 > 39:11]
SOAP:  17%|█▋        | 4414/25418 [3:05:57 > 39:12]
SOAP:  17%|█▋        | 4415/25418 [3:05:42 > 39:12]
SOAP:  17%|█▋        | 4416/25418 [3:05:58 > 39:13]
SOAP:  17%|█▋        | 4417/25418 [3:05:50 > 39:14]
SOAP:  17%|█▋        | 4418/25418 [3:05:55 > 39:14]
SOAP:  17%|█▋        | 4419/25418 [3:05:39 > 39:15]
SOAP:  17%|█▋        | 4420/25418 [3:05:38 > 39:15]
SOAP:  17%|█▋        | 4421/25418 [3:06:04 > 39:16]
SOAP:  17%|█▋        | 4422/25418 [3:05:35 > 39:16]
SOAP:  17%|█▋        | 4423/25418 [3:05:50 > 39:17]
SOAP:  17%|█▋        | 4424/25418 [3:04:43 > 39:17]
SOAP:  17%|█▋        | 4425/25418 [3:05:56 > 39:18]
SOAP:  17%|█▋        | 4426/25418 [3:06:16 > 39:18]
SOAP:  17%|█▋        | 4427/25418 [3:06:25 > 39:19]
SOAP:  17%|█▋        | 4428/25418 [3:05:40 > 39:19]
SOAP:  17%|█▋        | 4429/25418 [3:06:17 > 39:20]
SOAP:  17%|█▋        | 4430/25418 [3:06:16 > 39:20]
SOAP:  17%|█▋        | 4431/25418 [3:05:31 > 39:21]
SOAP:  17%|█▋        | 4432/25418 [3:04:31 > 39:21]
SOAP:  17%|█▋        | 4433/25418 [3:06:24 > 39:22]
SOAP:  17%|█▋        | 4434/25418 [3:05:40 > 39:23]
SOAP:  17%|█▋        | 4435/25418 [3:06:12 > 39:23]
SOAP:  17%|█▋        | 4436/25418 [3:05:56 > 39:24]
SOAP:  17%|█▋        | 4437/25418 [3:05:40 > 39:24]
SOAP:  17%|█▋        | 4438/25418 [3:05:58 > 39:25]
SOAP:  17%|█▋        | 4439/25418 [3:04:22 > 39:25]
SOAP:  17%|█▋        | 4440/25418 [3:06:35 > 39:26]
SOAP:  17%|█▋        | 4441/25418 [3:06:41 > 39:26]
SOAP:  17%|█▋        | 4442/25418 [3:06:11 > 39:27]
SOAP:  17%|█▋        | 4443/25418 [3:06:22 > 39:27]
SOAP:  17%|█▋        | 4444/25418 [3:05:52 > 39:28]
SOAP:  17%|█▋        | 4445/25418 [3:05:56 > 39:28]
SOAP:  17%|█▋        | 4446/25418 [3:06:17 > 39:29]
SOAP:  17%|█▋        | 4447/25418 [3:05:48 > 39:29]
SOAP early stopping at step 4448/25418: total loss unchanged for 150 steps (best=1.183348e-02).

SOAP:  17%|█▋        | 4447/25418 [3:06:18 > 39:30]
Training saved: C:\Ali Computation\pinn\code\heterogeneous\pino_heterogeneous\results\exp_X3_soap_K100_N500_5zoneonly_default_float64_s2234567\pino_heterogeneous_concentration.png C:\Ali Computation\pinn\code\heterogeneous\pino_heterogeneous\results\exp_X3_soap_K100_N500_5zoneonly_default_float64_s2234567\pino_heterogeneous_loss.png C:\Ali Computation\pinn\code\heterogeneous\pino_heterogeneous\results\exp_X3_soap_K100_N500_5zoneonly_default_float64_s2234567\pino_heterogeneous_model.pt
COMSOL validation: 81 media -> C:\Ali Computation\pinn\code\heterogeneous\pino_heterogeneous\results\exp_X3_soap_K100_N500_5zoneonly_default_float64_s2234567\comsol_validation  (x* collocation n=86)

COMSOL vs PINO:   0%|          | 0/81 [00:00<?, ?it/s]
COMSOL vs PINO:   1%|          | 1/81 [00:01<01:21,  1.02s/it]
COMSOL vs PINO:   2%|▏         | 2/81 [00:02<01:20,  1.03s/it]
COMSOL vs PINO:   4%|▎         | 3/81 [00:03<01:21,  1.04s/it]
COMSOL vs PINO:   5%|▍         | 4/81 [00:04<01:27,  1.14s/it]
COMSOL vs PINO:   6%|▌         | 5/81 [00:05<01:24,  1.11s/it]
COMSOL vs PINO:   7%|▋         | 6/81 [00:06<01:22,  1.10s/it]
COMSOL vs PINO:   9%|▊         | 7/81 [00:07<01:20,  1.09s/it]
COMSOL vs PINO:  10%|▉         | 8/81 [00:08<01:18,  1.07s/it]
COMSOL vs PINO:  11%|█         | 9/81 [00:09<01:16,  1.06s/it]
COMSOL vs PINO:  12%|█▏        | 10/81 [00:10<01:15,  1.06s/it]
COMSOL vs PINO:  14%|█▎        | 11/81 [00:11<01:13,  1.05s/it]
COMSOL vs PINO:  15%|█▍        | 12/81 [00:12<01:12,  1.05s/it]
COMSOL vs PINO:  16%|█▌        | 13/81 [00:13<01:11,  1.05s/it]
COMSOL vs PINO:  17%|█▋        | 14/81 [00:14<01:10,  1.05s/it]
COMSOL vs PINO:  19%|█▊        | 15/81 [00:16<01:10,  1.06s/it]
COMSOL vs PINO:  20%|█▉        | 16/81 [00:17<01:09,  1.06s/it]
COMSOL vs PINO:  21%|██        | 17/81 [00:18<01:08,  1.07s/it]
COMSOL vs PINO:  22%|██▏       | 18/81 [00:19<01:07,  1.07s/it]
COMSOL vs PINO:  23%|██▎       | 19/81 [00:20<01:06,  1.07s/it]
COMSOL vs PINO:  25%|██▍       | 20/81 [00:21<01:11,  1.18s/it]
COMSOL vs PINO:  26%|██▌       | 21/81 [00:22<01:09,  1.15s/it]
COMSOL vs PINO:  27%|██▋       | 22/81 [00:23<01:06,  1.12s/it]
COMSOL vs PINO:  28%|██▊       | 23/81 [00:24<01:03,  1.10s/it]
COMSOL vs PINO:  30%|██▉       | 24/81 [00:25<01:02,  1.09s/it]
COMSOL vs PINO:  31%|███       | 25/81 [00:27<01:00,  1.09s/it]
COMSOL vs PINO:  32%|███▏      | 26/81 [00:28<00:59,  1.08s/it]
COMSOL vs PINO:  33%|███▎      | 27/81 [00:29<00:57,  1.07s/it]
COMSOL vs PINO:  35%|███▍      | 28/81 [00:30<00:57,  1.08s/it]
COMSOL vs PINO:  36%|███▌      | 29/81 [00:31<00:55,  1.07s/it]
COMSOL vs PINO:  37%|███▋      | 30/81 [00:32<00:54,  1.06s/it]
COMSOL vs PINO:  38%|███▊      | 31/81 [00:33<00:52,  1.06s/it]
COMSOL vs PINO:  40%|███▉      | 32/81 [00:34<00:51,  1.06s/it]
COMSOL vs PINO:  41%|████      | 33/81 [00:35<00:55,  1.15s/it]
COMSOL vs PINO:  42%|████▏     | 34/81 [00:36<00:52,  1.12s/it]
COMSOL vs PINO:  43%|████▎     | 35/81 [00:37<00:50,  1.10s/it]
COMSOL vs PINO:  44%|████▍     | 36/81 [00:38<00:48,  1.08s/it]
COMSOL vs PINO:  46%|████▌     | 37/81 [00:40<00:47,  1.07s/it]
COMSOL vs PINO:  47%|████▋     | 38/81 [00:41<00:45,  1.06s/it]
COMSOL vs PINO:  48%|████▊     | 39/81 [00:42<00:44,  1.06s/it]
COMSOL vs PINO:  49%|████▉     | 40/81 [00:43<00:43,  1.05s/it]
COMSOL vs PINO:  51%|█████     | 41/81 [00:44<00:41,  1.05s/it]
COMSOL vs PINO:  52%|█████▏    | 42/81 [00:45<00:41,  1.06s/it]
COMSOL vs PINO:  53%|█████▎    | 43/81 [00:46<00:40,  1.06s/it]
COMSOL vs PINO:  54%|█████▍    | 44/81 [00:47<00:38,  1.05s/it]
COMSOL vs PINO:  56%|█████▌    | 45/81 [00:48<00:37,  1.05s/it]
COMSOL vs PINO:  57%|█████▋    | 46/81 [00:49<00:36,  1.05s/it]
COMSOL vs PINO:  58%|█████▊    | 47/81 [00:50<00:35,  1.05s/it]
COMSOL vs PINO:  59%|█████▉    | 48/81 [00:51<00:38,  1.15s/it]
COMSOL vs PINO:  60%|██████    | 49/81 [00:53<00:36,  1.14s/it]
COMSOL vs PINO:  62%|██████▏   | 50/81 [00:54<00:34,  1.12s/it]
COMSOL vs PINO:  63%|██████▎   | 51/81 [00:55<00:33,  1.11s/it]
COMSOL vs PINO:  64%|██████▍   | 52/81 [00:56<00:31,  1.09s/it]
COMSOL vs PINO:  65%|██████▌   | 53/81 [00:57<00:30,  1.08s/it]
COMSOL vs PINO:  67%|██████▋   | 54/81 [00:58<00:29,  1.08s/it]
COMSOL vs PINO:  68%|██████▊   | 55/81 [00:59<00:27,  1.07s/it]
COMSOL vs PINO:  69%|██████▉   | 56/81 [01:00<00:26,  1.06s/it]
COMSOL vs PINO:  70%|███████   | 57/81 [01:01<00:25,  1.07s/it]
COMSOL vs PINO:  72%|███████▏  | 58/81 [01:02<00:24,  1.07s/it]
COMSOL vs PINO:  73%|███████▎  | 59/81 [01:03<00:23,  1.07s/it]
COMSOL vs PINO:  74%|███████▍  | 60/81 [01:04<00:22,  1.06s/it]
COMSOL vs PINO:  75%|███████▌  | 61/81 [01:05<00:21,  1.06s/it]
COMSOL vs PINO:  77%|███████▋  | 62/81 [01:06<00:20,  1.07s/it]
COMSOL vs PINO:  78%|███████▊  | 63/81 [01:08<00:20,  1.16s/it]
COMSOL vs PINO:  79%|███████▉  | 64/81 [01:09<00:19,  1.13s/it]
COMSOL vs PINO:  80%|████████  | 65/81 [01:10<00:17,  1.11s/it]
COMSOL vs PINO:  81%|████████▏ | 66/81 [01:11<00:16,  1.09s/it]
COMSOL vs PINO:  83%|████████▎ | 67/81 [01:12<00:15,  1.09s/it]
COMSOL vs PINO:  84%|████████▍ | 68/81 [01:13<00:14,  1.08s/it]
COMSOL vs PINO:  85%|████████▌ | 69/81 [01:14<00:12,  1.07s/it]
COMSOL vs PINO:  86%|████████▋ | 70/81 [01:15<00:11,  1.06s/it]
COMSOL vs PINO:  88%|████████▊ | 71/81 [01:16<00:10,  1.06s/it]
COMSOL vs PINO:  89%|████████▉ | 72/81 [01:17<00:09,  1.06s/it]
COMSOL vs PINO:  90%|█████████ | 73/81 [01:18<00:08,  1.07s/it]
COMSOL vs PINO:  91%|█████████▏| 74/81 [01:19<00:07,  1.08s/it]
COMSOL vs PINO:  93%|█████████▎| 75/81 [01:21<00:06,  1.08s/it]
COMSOL vs PINO:  94%|█████████▍| 76/81 [01:22<00:05,  1.17s/it]
COMSOL vs PINO:  95%|█████████▌| 77/81 [01:23<00:04,  1.13s/it]
COMSOL vs PINO:  96%|█████████▋| 78/81 [01:24<00:03,  1.11s/it]
COMSOL vs PINO:  98%|█████████▊| 79/81 [01:25<00:02,  1.10s/it]
COMSOL vs PINO:  99%|█████████▉| 80/81 [01:26<00:01,  1.08s/it]
COMSOL vs PINO: 100%|██████████| 81/81 [01:27<00:00,  1.07s/it]
COMSOL vs PINO: 100%|██████████| 81/81 [01:27<00:00,  1.08s/it]
COMSOL validation summary: n=81  mean=2.474148e-02  max=4.648673e-02  min=1.319285e-02
Wrote C:\Ali Computation\pinn\code\heterogeneous\pino_heterogeneous\results\exp_X3_soap_K100_N500_5zoneonly_default_float64_s2234567\comsol_validation\comsol_validation_summary.csv
Run metadata: C:\Ali Computation\pinn\code\heterogeneous\pino_heterogeneous\results\exp_X3_soap_K100_N500_5zoneonly_default_float64_s2234567\run_meta.json
Wall-clock train: 2371.7 s
Wall-clock validation: 87.7 s
Wall-clock total: 2473.2 s  device=cuda

# exit 0 after 0:41:23.207707
