# code/heterogeneous/pino_heterogeneous/pinn1d_heterogeneous_parametric_neural_operator.py --design grf --n-sensors 100 --n-grf 0 --n-piecewise-per-zones 500 --piecewise-zone-counts 5 --min-zone-frac 0.1 --arch default --dtype float64 --early-stop-patience 150 --seed 3234567 --optimizer soap --soap-lr 3e-3 --soap-betas 0.95,0.95 --soap-weight-decay 0.01 --soap-precond-freq 100 --soap-iso-compute-twin results/exp_X1_5zoneonly_K100_N500_default_float64_lbfgs1000_maxiter20 --out-dir results/exp_X3_soap_K100_N500_5zoneonly_default_float64_s3234567
# started 2026-07-05 09:23:53
# cwd C:\Ali Computation\pinn\code\heterogeneous\pino_heterogeneous

Using GPU: NVIDIA GeForce RTX 3090 (cuda:0, dtype=torch.float64)
PE (computed) = 0.010368
design=grf  media_mode=grf  branch_mode=sensor  optimizer=soap  n_train_requested=500  n_corner_anchors=16  arch=default  batch_mode=True
branch=[100, 16, 16, 32]  trunk=[2, 32, 32, 32, 32]
results_dir=C:\Ali Computation\pinn\code\heterogeneous\pino_heterogeneous\results\exp_X3_soap_K100_N500_5zoneonly_default_float64_s3234567
Training: 500 piecewise (500 for zones [5]), min_zone_frac=0.1 = 500 total; branch_mode=sensor, K=100 sensors, grid_n=201
  saved/loaded: C:\Ali Computation\pinn\code\heterogeneous\pino_heterogeneous\results\exp_X3_soap_K100_N500_5zoneonly_default_float64_s3234567\train_grf_cases.npz
  branch CFL range [0.120143, 0.599552]
PDE mesh: bulk 50x50x500 (no interface bands in GRF mode)
COMSOL validation: 81 fixed grid cases from comsol_4zones.txt -> C:\Ali Computation\pinn\code\heterogeneous\pino_heterogeneous\results\exp_X3_soap_K100_N500_5zoneonly_default_float64_s3234567\comsol_validation
run_training=True  run_comsol_validation=True  validate_only=False  skip_validation_plots=False
SOAP iso-compute: twin=results/exp_X1_5zoneonly_K100_N500_default_float64_lbfgs1000_maxiter20  probe_epochs=200  (epoch budget set after probe)
PDE collocation points: 1,250,000 (bulk 1,250,000, interface 0)
Collocation mesh plot (pre-train): C:\Ali Computation\pinn\code\heterogeneous\pino_heterogeneous\results\exp_X3_soap_K100_N500_5zoneonly_default_float64_s3234567\pino_heterogeneous_collocation_points.png
SOAP iso-compute: twin=results/exp_X1_5zoneonly_K100_N500_default_float64_lbfgs1000_maxiter20  target_train_wall=13379.4s  probe_epochs=200
SOAP(lr=0.003, betas=(0.95, 0.95), weight_decay=0.01, precond_freq=100)  epoch_budget=200
SOAP early stopping: patience=150 steps (no total-loss improvement, rtol=1e-12)

SOAP:   0%|          | 0/200 [? > 00:00]
SOAP:   0%|          | 1/200 [04:07 > 00:01]
SOAP:   1%|          | 2/200 [02:42 > 00:01]
SOAP:   2%|▏         | 3/200 [01:45 > 00:01]
SOAP:   2%|▏         | 4/200 [01:43 > 00:02]
SOAP:   2%|▎         | 5/200 [01:42 > 00:03]
SOAP:   3%|▎         | 6/200 [01:41 > 00:03]
SOAP:   4%|▎         | 7/200 [01:41 > 00:04]
SOAP:   4%|▍         | 8/200 [01:40 > 00:04]
SOAP:   4%|▍         | 9/200 [01:39 > 00:05]
SOAP:   5%|▌         | 10/200 [01:39 > 00:05]
SOAP:   6%|▌         | 11/200 [01:38 > 00:06]
SOAP:   6%|▌         | 12/200 [01:38 > 00:06]
SOAP:   6%|▋         | 13/200 [01:37 > 00:07]
SOAP:   7%|▋         | 14/200 [01:36 > 00:07]
SOAP:   8%|▊         | 15/200 [01:36 > 00:08]
SOAP:   8%|▊         | 16/200 [01:36 > 00:08]
SOAP:   8%|▊         | 17/200 [01:35 > 00:09]
SOAP:   9%|▉         | 18/200 [01:34 > 00:09]
SOAP:  10%|▉         | 19/200 [01:34 > 00:10]
SOAP:  10%|█         | 20/200 [01:34 > 00:10]
SOAP:  10%|█         | 21/200 [01:33 > 00:11]
SOAP:  11%|█         | 22/200 [01:33 > 00:11]
SOAP:  12%|█▏        | 23/200 [01:33 > 00:12]
SOAP:  12%|█▏        | 24/200 [01:32 > 00:12]
SOAP:  12%|█▎        | 25/200 [01:31 > 00:13]
SOAP:  13%|█▎        | 26/200 [01:31 > 00:13]
SOAP:  14%|█▎        | 27/200 [01:30 > 00:14]
SOAP:  14%|█▍        | 28/200 [01:30 > 00:15]
SOAP:  14%|█▍        | 29/200 [01:29 > 00:15]
SOAP:  15%|█▌        | 30/200 [01:28 > 00:16]
SOAP:  16%|█▌        | 31/200 [01:28 > 00:16]
SOAP:  16%|█▌        | 32/200 [01:28 > 00:17]
SOAP:  16%|█▋        | 33/200 [01:27 > 00:17]
SOAP:  17%|█▋        | 34/200 [01:27 > 00:18]
SOAP:  18%|█▊        | 35/200 [01:26 > 00:18]
SOAP:  18%|█▊        | 36/200 [01:25 > 00:19]
SOAP:  18%|█▊        | 37/200 [01:24 > 00:19]
SOAP:  19%|█▉        | 38/200 [01:25 > 00:20]
SOAP:  20%|█▉        | 39/200 [01:24 > 00:20]
SOAP:  20%|██        | 40/200 [01:23 > 00:21]
SOAP:  20%|██        | 41/200 [01:23 > 00:21]
SOAP:  21%|██        | 42/200 [01:22 > 00:22]
SOAP:  22%|██▏       | 43/200 [01:22 > 00:22]
SOAP:  22%|██▏       | 44/200 [01:21 > 00:23]
SOAP:  22%|██▎       | 45/200 [01:21 > 00:23]
SOAP:  23%|██▎       | 46/200 [01:20 > 00:24]
SOAP:  24%|██▎       | 47/200 [01:20 > 00:25]
SOAP:  24%|██▍       | 48/200 [01:19 > 00:25]
SOAP:  24%|██▍       | 49/200 [01:19 > 00:26]
SOAP:  25%|██▌       | 50/200 [01:18 > 00:26]
SOAP:  26%|██▌       | 51/200 [01:18 > 00:27]
SOAP:  26%|██▌       | 52/200 [01:17 > 00:27]
SOAP:  26%|██▋       | 53/200 [01:17 > 00:28]
SOAP:  27%|██▋       | 54/200 [01:16 > 00:28]
SOAP:  28%|██▊       | 55/200 [01:16 > 00:29]
SOAP:  28%|██▊       | 56/200 [01:15 > 00:29]
SOAP:  28%|██▊       | 57/200 [01:15 > 00:30]
SOAP:  29%|██▉       | 58/200 [01:15 > 00:30]
SOAP:  30%|██▉       | 59/200 [01:14 > 00:31]
SOAP:  30%|███       | 60/200 [01:13 > 00:31]
SOAP:  30%|███       | 61/200 [01:13 > 00:32]
SOAP:  31%|███       | 62/200 [01:12 > 00:32]
SOAP:  32%|███▏      | 63/200 [01:12 > 00:33]
SOAP:  32%|███▏      | 64/200 [01:11 > 00:33]
SOAP:  32%|███▎      | 65/200 [01:11 > 00:34]
SOAP:  33%|███▎      | 66/200 [01:10 > 00:35]
SOAP:  34%|███▎      | 67/200 [01:10 > 00:35]
SOAP:  34%|███▍      | 68/200 [01:09 > 00:36]
SOAP:  34%|███▍      | 69/200 [01:09 > 00:36]
SOAP:  35%|███▌      | 70/200 [01:08 > 00:37]
SOAP:  36%|███▌      | 71/200 [01:08 > 00:37]
SOAP:  36%|███▌      | 72/200 [01:07 > 00:38]
SOAP:  36%|███▋      | 73/200 [01:07 > 00:38]
SOAP:  37%|███▋      | 74/200 [01:06 > 00:39]
SOAP:  38%|███▊      | 75/200 [01:05 > 00:39]
SOAP:  38%|███▊      | 76/200 [01:05 > 00:40]
SOAP:  38%|███▊      | 77/200 [01:04 > 00:40]
SOAP:  39%|███▉      | 78/200 [01:04 > 00:41]
SOAP:  40%|███▉      | 79/200 [01:03 > 00:41]
SOAP:  40%|████      | 80/200 [01:03 > 00:42]
SOAP:  40%|████      | 81/200 [01:02 > 00:42]
SOAP:  41%|████      | 82/200 [01:02 > 00:43]
SOAP:  42%|████▏     | 83/200 [01:01 > 00:43]
SOAP:  42%|████▏     | 84/200 [01:01 > 00:44]
SOAP:  42%|████▎     | 85/200 [01:00 > 00:45]
SOAP:  43%|████▎     | 86/200 [01:00 > 00:45]
SOAP:  44%|████▎     | 87/200 [00:59 > 00:46]
SOAP:  44%|████▍     | 88/200 [00:59 > 00:46]
SOAP:  44%|████▍     | 89/200 [00:58 > 00:47]
SOAP:  45%|████▌     | 90/200 [00:57 > 00:47]
SOAP:  46%|████▌     | 91/200 [00:57 > 00:48]
SOAP:  46%|████▌     | 92/200 [00:57 > 00:48]
SOAP:  46%|████▋     | 93/200 [00:56 > 00:49]
SOAP:  47%|████▋     | 94/200 [00:55 > 00:49]
SOAP:  48%|████▊     | 95/200 [00:55 > 00:50]
SOAP:  48%|████▊     | 96/200 [00:54 > 00:50]
SOAP:  48%|████▊     | 97/200 [00:54 > 00:51]
SOAP:  49%|████▉     | 98/200 [00:53 > 00:51]
SOAP:  50%|████▉     | 99/200 [00:53 > 00:52]
SOAP:  50%|█████     | 100/200 [00:52 > 00:52]
SOAP:  50%|█████     | 101/200 [01:03 > 00:53]
SOAP:  51%|█████     | 102/200 [00:49 > 00:54]
SOAP:  52%|█████▏    | 103/200 [00:49 > 00:54]
SOAP:  52%|█████▏    | 104/200 [00:49 > 00:55]
SOAP:  52%|█████▎    | 105/200 [00:49 > 00:55]
SOAP:  53%|█████▎    | 106/200 [00:49 > 00:56]
SOAP:  54%|█████▎    | 107/200 [00:48 > 00:56]
SOAP:  54%|█████▍    | 108/200 [00:48 > 00:57]
SOAP:  55%|█████▍    | 109/200 [00:47 > 00:57]
SOAP:  55%|█████▌    | 110/200 [00:47 > 00:58]
SOAP:  56%|█████▌    | 111/200 [00:46 > 00:58]
SOAP:  56%|█████▌    | 112/200 [00:46 > 00:59]
SOAP:  56%|█████▋    | 113/200 [00:45 > 00:59]
SOAP:  57%|█████▋    | 114/200 [00:45 > 01:00]
SOAP:  57%|█████▊    | 115/200 [00:44 > 01:00]
SOAP:  58%|█████▊    | 116/200 [00:44 > 01:01]
SOAP:  58%|█████▊    | 117/200 [00:43 > 01:01]
SOAP:  59%|█████▉    | 118/200 [00:43 > 01:02]
SOAP:  60%|█████▉    | 119/200 [00:42 > 01:03]
SOAP:  60%|██████    | 120/200 [00:42 > 01:03]
SOAP:  60%|██████    | 121/200 [00:41 > 01:04]
SOAP:  61%|██████    | 122/200 [00:41 > 01:04]
SOAP:  62%|██████▏   | 123/200 [00:40 > 01:05]
SOAP:  62%|██████▏   | 124/200 [00:40 > 01:05]
SOAP:  62%|██████▎   | 125/200 [00:39 > 01:06]
SOAP:  63%|██████▎   | 126/200 [00:39 > 01:06]
SOAP:  64%|██████▎   | 127/200 [00:38 > 01:07]
SOAP:  64%|██████▍   | 128/200 [00:37 > 01:07]
SOAP:  64%|██████▍   | 129/200 [00:37 > 01:08]
SOAP:  65%|██████▌   | 130/200 [00:36 > 01:08]
SOAP:  66%|██████▌   | 131/200 [00:36 > 01:09]
SOAP:  66%|██████▌   | 132/200 [00:35 > 01:09]
SOAP:  66%|██████▋   | 133/200 [00:35 > 01:10]
SOAP:  67%|██████▋   | 134/200 [00:34 > 01:10]
SOAP:  68%|██████▊   | 135/200 [00:34 > 01:11]
SOAP:  68%|██████▊   | 136/200 [00:33 > 01:12]
SOAP:  68%|██████▊   | 137/200 [00:33 > 01:12]
SOAP:  69%|██████▉   | 138/200 [00:32 > 01:13]
SOAP:  70%|██████▉   | 139/200 [00:32 > 01:13]
SOAP:  70%|███████   | 140/200 [00:31 > 01:14]
SOAP:  70%|███████   | 141/200 [00:31 > 01:14]
SOAP:  71%|███████   | 142/200 [00:30 > 01:15]
SOAP:  72%|███████▏  | 143/200 [00:30 > 01:15]
SOAP:  72%|███████▏  | 144/200 [00:29 > 01:16]
SOAP:  72%|███████▎  | 145/200 [00:29 > 01:16]
SOAP:  73%|███████▎  | 146/200 [00:28 > 01:17]
SOAP:  74%|███████▎  | 147/200 [00:28 > 01:17]
SOAP:  74%|███████▍  | 148/200 [00:27 > 01:18]
SOAP:  74%|███████▍  | 149/200 [00:27 > 01:18]
SOAP:  75%|███████▌  | 150/200 [00:26 > 01:19]
SOAP:  76%|███████▌  | 151/200 [00:26 > 01:19]
SOAP:  76%|███████▌  | 152/200 [00:25 > 01:20]
SOAP:  76%|███████▋  | 153/200 [00:24 > 01:21]
SOAP:  77%|███████▋  | 154/200 [00:24 > 01:21]
SOAP:  78%|███████▊  | 155/200 [00:23 > 01:22]
SOAP:  78%|███████▊  | 156/200 [00:23 > 01:22]
SOAP:  78%|███████▊  | 157/200 [00:22 > 01:23]
SOAP:  79%|███████▉  | 158/200 [00:22 > 01:23]
SOAP:  80%|███████▉  | 159/200 [00:21 > 01:24]
SOAP:  80%|████████  | 160/200 [00:21 > 01:24]
SOAP:  80%|████████  | 161/200 [00:20 > 01:25]
SOAP:  81%|████████  | 162/200 [00:20 > 01:25]
SOAP:  82%|████████▏ | 163/200 [00:19 > 01:26]
SOAP:  82%|████████▏ | 164/200 [00:19 > 01:26]
SOAP:  82%|████████▎ | 165/200 [00:18 > 01:27]
SOAP:  83%|████████▎ | 166/200 [00:18 > 01:27]
SOAP:  84%|████████▎ | 167/200 [00:17 > 01:28]
SOAP:  84%|████████▍ | 168/200 [00:17 > 01:28]
SOAP:  84%|████████▍ | 169/200 [00:16 > 01:29]
SOAP:  85%|████████▌ | 170/200 [00:15 > 01:30]
SOAP:  86%|████████▌ | 171/200 [00:15 > 01:30]
SOAP:  86%|████████▌ | 172/200 [00:14 > 01:31]
SOAP:  86%|████████▋ | 173/200 [00:14 > 01:31]
SOAP:  87%|████████▋ | 174/200 [00:13 > 01:32]
SOAP:  88%|████████▊ | 175/200 [00:13 > 01:32]
SOAP:  88%|████████▊ | 176/200 [00:12 > 01:33]
SOAP:  88%|████████▊ | 177/200 [00:12 > 01:33]
SOAP:  89%|████████▉ | 178/200 [00:11 > 01:34]
SOAP:  90%|████████▉ | 179/200 [00:11 > 01:34]
SOAP:  90%|█████████ | 180/200 [00:10 > 01:35]
SOAP:  90%|█████████ | 181/200 [00:10 > 01:35]
SOAP:  91%|█████████ | 182/200 [00:09 > 01:36]
SOAP:  92%|█████████▏| 183/200 [00:09 > 01:36]
SOAP:  92%|█████████▏| 184/200 [00:08 > 01:37]
SOAP:  92%|█████████▎| 185/200 [00:07 > 01:38]
SOAP:  93%|█████████▎| 186/200 [00:07 > 01:38]
SOAP:  94%|█████████▎| 187/200 [00:06 > 01:39]
SOAP:  94%|█████████▍| 188/200 [00:06 > 01:39]
SOAP:  94%|█████████▍| 189/200 [00:05 > 01:40]
SOAP:  95%|█████████▌| 190/200 [00:05 > 01:40]
SOAP:  96%|█████████▌| 191/200 [00:04 > 01:41]
SOAP:  96%|█████████▌| 192/200 [00:04 > 01:41]
SOAP:  96%|█████████▋| 193/200 [00:03 > 01:42]
SOAP:  97%|█████████▋| 194/200 [00:03 > 01:42]
SOAP:  98%|█████████▊| 195/200 [00:02 > 01:43]
SOAP:  98%|█████████▊| 196/200 [00:02 > 01:43]
SOAP:  98%|█████████▊| 197/200 [00:01 > 01:44]
SOAP:  99%|█████████▉| 198/200 [00:01 > 01:44]
SOAP: 100%|█████████▉| 199/200 [00:00 > 01:45]
SOAP:   1%|          | 199/25248 [3:41:58 > 01:45]
SOAP iso-compute calibration: 200 probe epochs in 106.0s (0.530s/epoch) -> budget 25248 epochs (~13379s twin train wall)

SOAP:   1%|          | 200/25248 [3:41:12 > 01:45]
SOAP:   1%|          | 201/25248 [3:44:03 > 01:46]
SOAP:   1%|          | 202/25248 [3:42:02 > 01:47]
SOAP:   1%|          | 203/25248 [3:41:39 > 01:47]
SOAP:   1%|          | 204/25248 [3:41:44 > 01:48]
SOAP:   1%|          | 205/25248 [3:42:00 > 01:48]
SOAP:   1%|          | 206/25248 [3:42:38 > 01:49]
SOAP:   1%|          | 207/25248 [3:43:04 > 01:49]
SOAP:   1%|          | 208/25248 [3:43:17 > 01:50]
SOAP:   1%|          | 209/25248 [3:41:50 > 01:50]
SOAP:   1%|          | 210/25248 [3:43:25 > 01:51]
SOAP:   1%|          | 211/25248 [3:43:28 > 01:51]
SOAP:   1%|          | 212/25248 [3:44:08 > 01:52]
SOAP:   1%|          | 213/25248 [3:43:21 > 01:52]
SOAP:   1%|          | 214/25248 [3:43:50 > 01:53]
SOAP:   1%|          | 215/25248 [3:44:01 > 01:54]
SOAP:   1%|          | 216/25248 [3:42:53 > 01:54]
SOAP:   1%|          | 217/25248 [3:43:37 > 01:55]
SOAP:   1%|          | 218/25248 [3:44:20 > 01:55]
SOAP:   1%|          | 219/25248 [3:43:34 > 01:56]
SOAP:   1%|          | 220/25248 [3:44:22 > 01:56]
SOAP:   1%|          | 221/25248 [3:44:21 > 01:57]
SOAP:   1%|          | 222/25248 [3:43:26 > 01:57]
SOAP:   1%|          | 223/25248 [3:44:19 > 01:58]
SOAP:   1%|          | 224/25248 [3:44:08 > 01:58]
SOAP:   1%|          | 225/25248 [3:43:18 > 01:59]
SOAP:   1%|          | 226/25248 [3:43:56 > 01:59]
SOAP:   1%|          | 227/25248 [3:44:23 > 02:00]
SOAP:   1%|          | 228/25248 [3:42:00 > 02:00]
SOAP:   1%|          | 229/25248 [3:43:59 > 02:01]
SOAP:   1%|          | 230/25248 [3:44:02 > 02:02]
SOAP:   1%|          | 231/25248 [3:43:35 > 02:02]
SOAP:   1%|          | 232/25248 [3:43:48 > 02:03]
SOAP:   1%|          | 233/25248 [3:44:04 > 02:03]
SOAP:   1%|          | 234/25248 [3:43:36 > 02:04]
SOAP:   1%|          | 235/25248 [3:44:00 > 02:04]
SOAP:   1%|          | 236/25248 [3:44:07 > 02:05]
SOAP:   1%|          | 237/25248 [3:44:24 > 02:05]
SOAP:   1%|          | 238/25248 [3:44:03 > 02:06]
SOAP:   1%|          | 239/25248 [3:43:59 > 02:06]
SOAP:   1%|          | 240/25248 [3:43:56 > 02:07]
SOAP:   1%|          | 241/25248 [3:43:22 > 02:07]
SOAP:   1%|          | 242/25248 [3:43:43 > 02:08]
SOAP:   1%|          | 243/25248 [3:44:18 > 02:09]
SOAP:   1%|          | 244/25248 [3:43:31 > 02:09]
SOAP:   1%|          | 245/25248 [3:43:34 > 02:10]
SOAP:   1%|          | 246/25248 [3:44:04 > 02:10]
SOAP:   1%|          | 247/25248 [3:43:18 > 02:11]
SOAP:   1%|          | 248/25248 [3:44:08 > 02:11]
SOAP:   1%|          | 249/25248 [3:44:09 > 02:12]
SOAP:   1%|          | 250/25248 [3:43:23 > 02:12]
SOAP:   1%|          | 251/25248 [3:44:01 > 02:13]
SOAP:   1%|          | 252/25248 [3:44:09 > 02:13]
SOAP:   1%|          | 253/25248 [3:43:09 > 02:14]
SOAP:   1%|          | 254/25248 [3:43:47 > 02:14]
SOAP:   1%|          | 255/25248 [3:43:51 > 02:15]
SOAP:   1%|          | 256/25248 [3:42:47 > 02:16]
SOAP:   1%|          | 257/25248 [3:43:42 > 02:16]
SOAP:   1%|          | 258/25248 [3:43:40 > 02:17]
SOAP:   1%|          | 259/25248 [3:43:13 > 02:17]
SOAP:   1%|          | 260/25248 [3:43:46 > 02:18]
SOAP:   1%|          | 261/25248 [3:43:50 > 02:18]
SOAP:   1%|          | 262/25248 [3:43:33 > 02:19]
SOAP:   1%|          | 263/25248 [3:43:37 > 02:19]
SOAP:   1%|          | 264/25248 [3:43:34 > 02:20]
SOAP:   1%|          | 265/25248 [3:43:29 > 02:20]
SOAP:   1%|          | 266/25248 [3:43:39 > 02:21]
SOAP:   1%|          | 267/25248 [3:43:21 > 02:21]
SOAP:   1%|          | 268/25248 [3:43:42 > 02:22]
SOAP:   1%|          | 269/25248 [3:43:25 > 02:23]
SOAP:   1%|          | 270/25248 [3:43:22 > 02:23]
SOAP:   1%|          | 271/25248 [3:43:53 > 02:24]
SOAP:   1%|          | 272/25248 [3:43:25 > 02:24]
SOAP:   1%|          | 273/25248 [3:43:19 > 02:25]
SOAP:   1%|          | 274/25248 [3:43:34 > 02:25]
SOAP:   1%|          | 275/25248 [3:42:43 > 02:26]
SOAP:   1%|          | 276/25248 [3:43:25 > 02:26]
SOAP:   1%|          | 277/25248 [3:43:36 > 02:27]
SOAP:   1%|          | 278/25248 [3:43:04 > 02:27]
SOAP:   1%|          | 279/25248 [3:44:00 > 02:28]
SOAP:   1%|          | 280/25248 [3:43:46 > 02:28]
SOAP:   1%|          | 281/25248 [3:42:47 > 02:29]
SOAP:   1%|          | 282/25248 [3:43:32 > 02:29]
SOAP:   1%|          | 283/25248 [3:43:28 > 02:30]
SOAP:   1%|          | 284/25248 [3:42:50 > 02:31]
SOAP:   1%|          | 285/25248 [3:43:35 > 02:31]
SOAP:   1%|          | 286/25248 [3:43:42 > 02:32]
SOAP:   1%|          | 287/25248 [3:42:48 > 02:32]
SOAP:   1%|          | 288/25248 [3:43:24 > 02:33]
SOAP:   1%|          | 289/25248 [3:43:29 > 02:33]
SOAP:   1%|          | 290/25248 [3:43:04 > 02:34]
SOAP:   1%|          | 291/25248 [3:43:51 > 02:34]
SOAP:   1%|          | 292/25248 [3:43:36 > 02:35]
SOAP:   1%|          | 293/25248 [3:43:04 > 02:35]
SOAP:   1%|          | 294/25248 [3:43:23 > 02:36]
SOAP:   1%|          | 295/25248 [3:43:05 > 02:36]
SOAP:   1%|          | 296/25248 [3:42:41 > 02:37]
SOAP:   1%|          | 297/25248 [3:42:59 > 02:38]
SOAP:   1%|          | 298/25248 [3:43:07 > 02:38]
SOAP:   1%|          | 299/25248 [3:43:23 > 02:39]
SOAP:   1%|          | 300/25248 [3:43:05 > 02:39]
SOAP:   1%|          | 301/25248 [3:44:14 > 02:40]
SOAP:   1%|          | 302/25248 [3:44:38 > 02:40]
SOAP:   1%|          | 303/25248 [3:43:56 > 02:41]
SOAP:   1%|          | 304/25248 [3:43:44 > 02:41]
SOAP:   1%|          | 305/25248 [3:44:05 > 02:42]
SOAP:   1%|          | 306/25248 [3:43:14 > 02:42]
SOAP:   1%|          | 307/25248 [3:43:41 > 02:43]
SOAP:   1%|          | 308/25248 [3:43:42 > 02:43]
SOAP:   1%|          | 309/25248 [3:43:00 > 02:44]
SOAP:   1%|          | 310/25248 [3:43:51 > 02:45]
SOAP:   1%|          | 311/25248 [3:43:53 > 02:45]
SOAP:   1%|          | 312/25248 [3:42:49 > 02:46]
SOAP:   1%|          | 313/25248 [3:43:32 > 02:46]
SOAP:   1%|          | 314/25248 [3:43:38 > 02:47]
SOAP:   1%|          | 315/25248 [3:42:46 > 02:47]
SOAP:   1%|▏         | 316/25248 [3:43:32 > 02:48]
SOAP:   1%|▏         | 317/25248 [3:43:26 > 02:48]
SOAP:   1%|▏         | 318/25248 [3:42:56 > 02:49]
SOAP:   1%|▏         | 319/25248 [3:43:27 > 02:49]
SOAP:   1%|▏         | 320/25248 [3:43:15 > 02:50]
SOAP:   1%|▏         | 321/25248 [3:42:54 > 02:50]
SOAP:   1%|▏         | 322/25248 [3:44:12 > 02:51]
SOAP:   1%|▏         | 323/25248 [3:42:56 > 02:52]
SOAP:   1%|▏         | 324/25248 [3:42:55 > 02:52]
SOAP:   1%|▏         | 325/25248 [3:43:00 > 02:53]
SOAP:   1%|▏         | 326/25248 [3:43:12 > 02:53]
SOAP:   1%|▏         | 327/25248 [3:42:59 > 02:54]
SOAP:   1%|▏         | 328/25248 [3:42:54 > 02:54]
SOAP:   1%|▏         | 329/25248 [3:41:28 > 02:55]
SOAP:   1%|▏         | 330/25248 [3:43:09 > 02:55]
SOAP:   1%|▏         | 331/25248 [3:42:43 > 02:56]
SOAP:   1%|▏         | 332/25248 [3:43:14 > 02:56]
SOAP:   1%|▏         | 333/25248 [3:43:32 > 02:57]
SOAP:   1%|▏         | 334/25248 [3:42:47 > 02:57]
SOAP:   1%|▏         | 335/25248 [3:43:09 > 02:58]
SOAP:   1%|▏         | 336/25248 [3:43:30 > 02:58]
SOAP:   1%|▏         | 337/25248 [3:42:49 > 02:59]
SOAP:   1%|▏         | 338/25248 [3:43:07 > 03:00]
SOAP:   1%|▏         | 339/25248 [3:43:27 > 03:00]
SOAP:   1%|▏         | 340/25248 [3:42:26 > 03:01]
SOAP:   1%|▏         | 341/25248 [3:41:07 > 03:01]
SOAP:   1%|▏         | 342/25248 [3:43:07 > 03:02]
SOAP:   1%|▏         | 343/25248 [3:42:14 > 03:02]
SOAP:   1%|▏         | 344/25248 [3:43:05 > 03:03]
SOAP:   1%|▏         | 345/25248 [3:43:14 > 03:03]
SOAP:   1%|▏         | 346/25248 [3:42:23 > 03:04]
SOAP:   1%|▏         | 347/25248 [3:43:06 > 03:04]
SOAP:   1%|▏         | 348/25248 [3:42:57 > 03:05]
SOAP:   1%|▏         | 349/25248 [3:42:26 > 03:05]
SOAP:   1%|▏         | 350/25248 [3:41:15 > 03:06]
SOAP:   1%|▏         | 351/25248 [3:42:50 > 03:07]
SOAP:   1%|▏         | 352/25248 [3:42:33 > 03:07]
SOAP:   1%|▏         | 353/25248 [3:42:57 > 03:08]
SOAP:   1%|▏         | 354/25248 [3:42:54 > 03:08]
SOAP:   1%|▏         | 355/25248 [3:42:46 > 03:09]
SOAP:   1%|▏         | 356/25248 [3:42:45 > 03:09]
SOAP:   1%|▏         | 357/25248 [3:42:51 > 03:10]
SOAP:   1%|▏         | 358/25248 [3:42:52 > 03:10]
SOAP:   1%|▏         | 359/25248 [3:42:35 > 03:11]
SOAP:   1%|▏         | 360/25248 [3:42:31 > 03:11]
SOAP:   1%|▏         | 361/25248 [3:42:47 > 03:12]
SOAP:   1%|▏         | 362/25248 [3:41:51 > 03:12]
SOAP:   1%|▏         | 363/25248 [3:42:20 > 03:13]
SOAP:   1%|▏         | 364/25248 [3:42:48 > 03:14]
SOAP:   1%|▏         | 365/25248 [3:42:08 > 03:14]
SOAP:   1%|▏         | 366/25248 [3:42:40 > 03:15]
SOAP:   1%|▏         | 367/25248 [3:43:03 > 03:15]
SOAP:   1%|▏         | 368/25248 [3:42:12 > 03:16]
SOAP:   1%|▏         | 369/25248 [3:42:44 > 03:16]
SOAP:   1%|▏         | 370/25248 [3:42:49 > 03:17]
SOAP:   1%|▏         | 371/25248 [3:42:05 > 03:17]
SOAP:   1%|▏         | 372/25248 [3:43:01 > 03:18]
SOAP:   1%|▏         | 373/25248 [3:42:41 > 03:18]
SOAP:   1%|▏         | 374/25248 [3:41:57 > 03:19]
SOAP:   1%|▏         | 375/25248 [3:40:36 > 03:19]
SOAP:   1%|▏         | 376/25248 [3:42:31 > 03:20]
SOAP:   1%|▏         | 377/25248 [3:41:56 > 03:20]
SOAP:   1%|▏         | 378/25248 [3:42:46 > 03:21]
SOAP:   2%|▏         | 379/25248 [3:42:40 > 03:22]
SOAP:   2%|▏         | 380/25248 [3:42:24 > 03:22]
SOAP:   2%|▏         | 381/25248 [3:42:52 > 03:23]
SOAP:   2%|▏         | 382/25248 [3:42:46 > 03:23]
SOAP:   2%|▏         | 383/25248 [3:42:25 > 03:24]
SOAP:   2%|▏         | 384/25248 [3:42:33 > 03:24]
SOAP:   2%|▏         | 385/25248 [3:42:29 > 03:25]
SOAP:   2%|▏         | 386/25248 [3:42:40 > 03:25]
SOAP:   2%|▏         | 387/25248 [3:42:38 > 03:26]
SOAP:   2%|▏         | 388/25248 [3:42:36 > 03:26]
SOAP:   2%|▏         | 389/25248 [3:42:57 > 03:27]
SOAP:   2%|▏         | 390/25248 [3:42:37 > 03:27]
SOAP:   2%|▏         | 391/25248 [3:42:39 > 03:28]
SOAP:   2%|▏         | 392/25248 [3:43:04 > 03:29]
SOAP:   2%|▏         | 393/25248 [3:42:29 > 03:29]
SOAP:   2%|▏         | 394/25248 [3:43:03 > 03:30]
SOAP:   2%|▏         | 395/25248 [3:43:05 > 03:30]
SOAP:   2%|▏         | 396/25248 [3:42:20 > 03:31]
SOAP:   2%|▏         | 397/25248 [3:42:49 > 03:31]
SOAP:   2%|▏         | 398/25248 [3:41:10 > 03:32]
SOAP:   2%|▏         | 399/25248 [3:40:32 > 03:32]
SOAP:   2%|▏         | 400/25248 [3:40:57 > 03:33]
SOAP:   2%|▏         | 401/25248 [3:43:36 > 03:33]
SOAP:   2%|▏         | 402/25248 [3:42:34 > 03:34]
SOAP:   2%|▏         | 403/25248 [3:43:07 > 03:34]
SOAP:   2%|▏         | 404/25248 [3:43:05 > 03:35]
SOAP:   2%|▏         | 405/25248 [3:42:07 > 03:36]
SOAP:   2%|▏         | 406/25248 [3:42:49 > 03:36]
SOAP:   2%|▏         | 407/25248 [3:42:26 > 03:37]
SOAP:   2%|▏         | 408/25248 [3:41:42 > 03:37]
SOAP:   2%|▏         | 409/25248 [3:42:37 > 03:38]
SOAP:   2%|▏         | 410/25248 [3:42:21 > 03:38]
SOAP:   2%|▏         | 411/25248 [3:42:02 > 03:39]
SOAP:   2%|▏         | 412/25248 [3:42:27 > 03:39]
SOAP:   2%|▏         | 413/25248 [3:42:27 > 03:40]
SOAP:   2%|▏         | 414/25248 [3:42:15 > 03:40]
SOAP:   2%|▏         | 415/25248 [3:41:58 > 03:41]
SOAP:   2%|▏         | 416/25248 [3:41:29 > 03:41]
SOAP:   2%|▏         | 417/25248 [3:41:44 > 03:42]
SOAP:   2%|▏         | 418/25248 [3:41:40 > 03:43]
SOAP:   2%|▏         | 419/25248 [3:41:51 > 03:43]
SOAP:   2%|▏         | 420/25248 [3:42:18 > 03:44]
SOAP:   2%|▏         | 421/25248 [3:41:54 > 03:44]
SOAP:   2%|▏         | 422/25248 [3:42:12 > 03:45]
SOAP:   2%|▏         | 423/25248 [3:42:47 > 03:45]
SOAP:   2%|▏         | 424/25248 [3:42:06 > 03:46]
SOAP:   2%|▏         | 425/25248 [3:42:09 > 03:46]
SOAP:   2%|▏         | 426/25248 [3:41:54 > 03:47]
SOAP:   2%|▏         | 427/25248 [3:41:19 > 03:47]
SOAP:   2%|▏         | 428/25248 [3:42:16 > 03:48]
SOAP:   2%|▏         | 429/25248 [3:42:25 > 03:48]
SOAP:   2%|▏         | 430/25248 [3:41:42 > 03:49]
SOAP:   2%|▏         | 431/25248 [3:42:26 > 03:49]
SOAP:   2%|▏         | 432/25248 [3:42:29 > 03:50]
SOAP:   2%|▏         | 433/25248 [3:41:42 > 03:51]
SOAP:   2%|▏         | 434/25248 [3:42:18 > 03:51]
SOAP:   2%|▏         | 435/25248 [3:41:56 > 03:52]
SOAP:   2%|▏         | 436/25248 [3:40:58 > 03:52]
SOAP:   2%|▏         | 437/25248 [3:41:54 > 03:53]
SOAP:   2%|▏         | 438/25248 [3:41:54 > 03:53]
SOAP:   2%|▏         | 439/25248 [3:41:26 > 03:54]
SOAP:   2%|▏         | 440/25248 [3:42:06 > 03:54]
SOAP:   2%|▏         | 441/25248 [3:42:13 > 03:55]
SOAP:   2%|▏         | 442/25248 [3:42:16 > 03:55]
SOAP:   2%|▏         | 443/25248 [3:42:17 > 03:56]
SOAP:   2%|▏         | 444/25248 [3:42:16 > 03:56]
SOAP:   2%|▏         | 445/25248 [3:42:23 > 03:57]
SOAP:   2%|▏         | 446/25248 [3:42:11 > 03:58]
SOAP:   2%|▏         | 447/25248 [3:41:59 > 03:58]
SOAP:   2%|▏         | 448/25248 [3:41:16 > 03:59]
SOAP:   2%|▏         | 449/25248 [3:41:14 > 03:59]
SOAP:   2%|▏         | 450/25248 [3:41:29 > 04:00]
SOAP:   2%|▏         | 451/25248 [3:41:58 > 04:00]
SOAP:   2%|▏         | 452/25248 [3:41:34 > 04:01]
SOAP:   2%|▏         | 453/25248 [3:42:06 > 04:01]
SOAP:   2%|▏         | 454/25248 [3:40:20 > 04:02]
SOAP:   2%|▏         | 455/25248 [3:41:00 > 04:02]
SOAP:   2%|▏         | 456/25248 [3:41:40 > 04:03]
SOAP:   2%|▏         | 457/25248 [3:41:39 > 04:03]
SOAP:   2%|▏         | 458/25248 [3:41:05 > 04:04]
SOAP:   2%|▏         | 459/25248 [3:41:45 > 04:05]
SOAP:   2%|▏         | 460/25248 [3:41:51 > 04:05]
SOAP:   2%|▏         | 461/25248 [3:40:49 > 04:06]
SOAP:   2%|▏         | 462/25248 [3:41:38 > 04:06]
SOAP:   2%|▏         | 463/25248 [3:41:29 > 04:07]
SOAP:   2%|▏         | 464/25248 [3:41:04 > 04:07]
SOAP:   2%|▏         | 465/25248 [3:41:38 > 04:08]
SOAP:   2%|▏         | 466/25248 [3:41:54 > 04:08]
SOAP:   2%|▏         | 467/25248 [3:41:08 > 04:09]
SOAP:   2%|▏         | 468/25248 [3:41:44 > 04:09]
SOAP:   2%|▏         | 469/25248 [3:41:36 > 04:10]
SOAP:   2%|▏         | 470/25248 [3:41:37 > 04:10]
SOAP:   2%|▏         | 471/25248 [3:41:40 > 04:11]
SOAP:   2%|▏         | 472/25248 [3:40:49 > 04:11]
SOAP:   2%|▏         | 473/25248 [3:38:46 > 04:12]
SOAP:   2%|▏         | 474/25248 [3:40:42 > 04:13]
SOAP:   2%|▏         | 475/25248 [3:40:10 > 04:13]
SOAP:   2%|▏         | 476/25248 [3:40:14 > 04:14]
SOAP:   2%|▏         | 477/25248 [3:39:36 > 04:14]
SOAP:   2%|▏         | 478/25248 [3:39:31 > 04:15]
SOAP:   2%|▏         | 479/25248 [3:40:00 > 04:15]
SOAP:   2%|▏         | 480/25248 [3:39:17 > 04:16]
SOAP:   2%|▏         | 481/25248 [3:39:43 > 04:16]
SOAP:   2%|▏         | 482/25248 [3:39:49 > 04:17]
SOAP:   2%|▏         | 483/25248 [3:39:00 > 04:17]
SOAP:   2%|▏         | 484/25248 [3:39:43 > 04:18]
SOAP:   2%|▏         | 485/25248 [3:39:37 > 04:18]
SOAP:   2%|▏         | 486/25248 [3:38:53 > 04:19]
SOAP:   2%|▏         | 487/25248 [3:39:26 > 04:19]
SOAP:   2%|▏         | 488/25248 [3:39:22 > 04:20]
SOAP:   2%|▏         | 489/25248 [3:38:52 > 04:21]
SOAP:   2%|▏         | 490/25248 [3:39:29 > 04:21]
SOAP:   2%|▏         | 491/25248 [3:39:36 > 04:22]
SOAP:   2%|▏         | 492/25248 [3:37:27 > 04:22]
SOAP:   2%|▏         | 493/25248 [3:39:57 > 04:23]
SOAP:   2%|▏         | 494/25248 [3:39:40 > 04:23]
SOAP:   2%|▏         | 495/25248 [3:39:40 > 04:24]
SOAP:   2%|▏         | 496/25248 [3:39:29 > 04:24]
SOAP:   2%|▏         | 497/25248 [3:39:16 > 04:25]
SOAP:   2%|▏         | 498/25248 [3:39:31 > 04:25]
SOAP:   2%|▏         | 499/25248 [3:39:22 > 04:26]
SOAP:   2%|▏         | 500/25248 [3:39:17 > 04:26]
SOAP:   2%|▏         | 501/25248 [3:41:43 > 04:27]
SOAP:   2%|▏         | 502/25248 [3:39:28 > 04:27]
SOAP:   2%|▏         | 503/25248 [3:39:43 > 04:28]
SOAP:   2%|▏         | 504/25248 [3:39:44 > 04:28]
SOAP:   2%|▏         | 505/25248 [3:39:01 > 04:29]
SOAP:   2%|▏         | 506/25248 [3:39:36 > 04:30]
SOAP:   2%|▏         | 507/25248 [3:39:48 > 04:30]
SOAP:   2%|▏         | 508/25248 [3:39:23 > 04:31]
SOAP:   2%|▏         | 509/25248 [3:39:59 > 04:31]
SOAP:   2%|▏         | 510/25248 [3:39:41 > 04:32]
SOAP:   2%|▏         | 511/25248 [3:36:57 > 04:32]
SOAP:   2%|▏         | 512/25248 [3:39:51 > 04:33]
SOAP:   2%|▏         | 513/25248 [3:39:30 > 04:33]
SOAP:   2%|▏         | 514/25248 [3:38:59 > 04:34]
SOAP:   2%|▏         | 515/25248 [3:39:33 > 04:34]
SOAP:   2%|▏         | 516/25248 [3:39:21 > 04:35]
SOAP:   2%|▏         | 517/25248 [3:39:11 > 04:35]
SOAP:   2%|▏         | 518/25248 [3:39:15 > 04:36]
SOAP:   2%|▏         | 519/25248 [3:38:59 > 04:36]
SOAP:   2%|▏         | 520/25248 [3:37:28 > 04:37]
SOAP:   2%|▏         | 521/25248 [3:39:37 > 04:38]
SOAP:   2%|▏         | 522/25248 [3:39:15 > 04:38]
SOAP:   2%|▏         | 523/25248 [3:39:29 > 04:39]
SOAP:   2%|▏         | 524/25248 [3:38:59 > 04:39]
SOAP:   2%|▏         | 525/25248 [3:39:05 > 04:40]
SOAP:   2%|▏         | 526/25248 [3:39:38 > 04:40]
SOAP:   2%|▏         | 527/25248 [3:38:22 > 04:41]
SOAP:   2%|▏         | 528/25248 [3:39:44 > 04:41]
SOAP:   2%|▏         | 529/25248 [3:38:04 > 04:42]
SOAP:   2%|▏         | 530/25248 [3:37:33 > 04:42]
SOAP:   2%|▏         | 531/25248 [3:40:34 > 04:43]
SOAP:   2%|▏         | 532/25248 [3:40:44 > 04:43]
SOAP:   2%|▏         | 533/25248 [3:39:34 > 04:44]
SOAP:   2%|▏         | 534/25248 [3:40:18 > 04:44]
SOAP:   2%|▏         | 535/25248 [3:40:18 > 04:45]
SOAP:   2%|▏         | 536/25248 [3:39:11 > 04:46]
SOAP:   2%|▏         | 537/25248 [3:39:35 > 04:46]
SOAP:   2%|▏         | 538/25248 [3:39:36 > 04:47]
SOAP:   2%|▏         | 539/25248 [3:38:58 > 04:47]
SOAP:   2%|▏         | 540/25248 [3:39:14 > 04:48]
SOAP:   2%|▏         | 541/25248 [3:38:56 > 04:48]
SOAP:   2%|▏         | 542/25248 [3:38:41 > 04:49]
SOAP:   2%|▏         | 543/25248 [3:38:45 > 04:49]
SOAP:   2%|▏         | 544/25248 [3:38:49 > 04:50]
SOAP:   2%|▏         | 545/25248 [3:39:07 > 04:50]
SOAP:   2%|▏         | 546/25248 [3:38:52 > 04:51]
SOAP:   2%|▏         | 547/25248 [3:39:03 > 04:51]
SOAP:   2%|▏         | 548/25248 [3:39:24 > 04:52]
SOAP:   2%|▏         | 549/25248 [3:37:04 > 04:52]
SOAP:   2%|▏         | 550/25248 [3:39:35 > 04:53]
SOAP:   2%|▏         | 551/25248 [3:39:37 > 04:54]
SOAP:   2%|▏         | 552/25248 [3:38:37 > 04:54]
SOAP:   2%|▏         | 553/25248 [3:39:06 > 04:55]
SOAP:   2%|▏         | 554/25248 [3:39:12 > 04:55]
SOAP:   2%|▏         | 555/25248 [3:38:18 > 04:56]
SOAP:   2%|▏         | 556/25248 [3:39:06 > 04:56]
SOAP:   2%|▏         | 557/25248 [3:38:56 > 04:57]
SOAP:   2%|▏         | 558/25248 [3:38:03 > 04:57]
SOAP:   2%|▏         | 559/25248 [3:38:56 > 04:58]
SOAP:   2%|▏         | 560/25248 [3:38:35 > 04:58]
SOAP:   2%|▏         | 561/25248 [3:38:09 > 04:59]
SOAP:   2%|▏         | 562/25248 [3:38:38 > 04:59]
SOAP:   2%|▏         | 563/25248 [3:38:39 > 05:00]
SOAP:   2%|▏         | 564/25248 [3:38:26 > 05:00]
SOAP:   2%|▏         | 565/25248 [3:38:40 > 05:01]
SOAP:   2%|▏         | 566/25248 [3:38:30 > 05:01]
SOAP:   2%|▏         | 567/25248 [3:38:50 > 05:02]
SOAP:   2%|▏         | 568/25248 [3:37:17 > 05:03]
SOAP:   2%|▏         | 569/25248 [3:38:43 > 05:03]
SOAP:   2%|▏         | 570/25248 [3:39:08 > 05:04]
SOAP:   2%|▏         | 571/25248 [3:38:33 > 05:04]
SOAP:   2%|▏         | 572/25248 [3:38:51 > 05:05]
SOAP:   2%|▏         | 573/25248 [3:39:06 > 05:05]
SOAP:   2%|▏         | 574/25248 [3:38:16 > 05:06]
SOAP:   2%|▏         | 575/25248 [3:38:49 > 05:06]
SOAP:   2%|▏         | 576/25248 [3:39:01 > 05:07]
SOAP:   2%|▏         | 577/25248 [3:38:09 > 05:07]
SOAP:   2%|▏         | 578/25248 [3:38:54 > 05:08]
SOAP:   2%|▏         | 579/25248 [3:38:44 > 05:08]
SOAP:   2%|▏         | 580/25248 [3:38:05 > 05:09]
SOAP:   2%|▏         | 581/25248 [3:38:41 > 05:09]
SOAP:   2%|▏         | 582/25248 [3:38:30 > 05:10]
SOAP:   2%|▏         | 583/25248 [3:38:06 > 05:11]
SOAP:   2%|▏         | 584/25248 [3:38:38 > 05:11]
SOAP:   2%|▏         | 585/25248 [3:38:26 > 05:12]
SOAP:   2%|▏         | 586/25248 [3:38:12 > 05:12]
SOAP:   2%|▏         | 587/25248 [3:36:43 > 05:13]
SOAP:   2%|▏         | 588/25248 [3:39:00 > 05:13]
SOAP:   2%|▏         | 589/25248 [3:39:40 > 05:14]
SOAP:   2%|▏         | 590/25248 [3:39:06 > 05:14]
SOAP:   2%|▏         | 591/25248 [3:38:40 > 05:15]
SOAP:   2%|▏         | 592/25248 [3:38:51 > 05:15]
SOAP:   2%|▏         | 593/25248 [3:38:20 > 05:16]
SOAP:   2%|▏         | 594/25248 [3:38:36 > 05:16]
SOAP:   2%|▏         | 595/25248 [3:39:07 > 05:17]
SOAP:   2%|▏         | 596/25248 [3:38:12 > 05:17]
SOAP:   2%|▏         | 597/25248 [3:38:42 > 05:18]
SOAP:   2%|▏         | 598/25248 [3:38:49 > 05:18]
SOAP:   2%|▏         | 599/25248 [3:38:05 > 05:19]
SOAP:   2%|▏         | 600/25248 [3:38:41 > 05:20]
SOAP:   2%|▏         | 601/25248 [3:40:29 > 05:20]
SOAP:   2%|▏         | 602/25248 [3:38:02 > 05:21]
SOAP:   2%|▏         | 603/25248 [3:38:37 > 05:21]
SOAP:   2%|▏         | 604/25248 [3:38:13 > 05:22]
SOAP:   2%|▏         | 605/25248 [3:37:52 > 05:22]
SOAP:   2%|▏         | 606/25248 [3:36:46 > 05:23]
SOAP:   2%|▏         | 607/25248 [3:38:45 > 05:23]
SOAP:   2%|▏         | 608/25248 [3:38:17 > 05:24]
SOAP:   2%|▏         | 609/25248 [3:38:45 > 05:24]
SOAP:   2%|▏         | 610/25248 [3:38:28 > 05:25]
SOAP:   2%|▏         | 611/25248 [3:38:28 > 05:25]
SOAP:   2%|▏         | 612/25248 [3:38:19 > 05:26]
SOAP:   2%|▏         | 613/25248 [3:37:56 > 05:26]
SOAP:   2%|▏         | 614/25248 [3:38:19 > 05:27]
SOAP:   2%|▏         | 615/25248 [3:38:06 > 05:28]
SOAP:   2%|▏         | 616/25248 [3:38:03 > 05:28]
SOAP:   2%|▏         | 617/25248 [3:38:33 > 05:29]
SOAP:   2%|▏         | 618/25248 [3:36:32 > 05:29]
SOAP:   2%|▏         | 619/25248 [3:38:46 > 05:30]
SOAP:   2%|▏         | 620/25248 [3:39:00 > 05:30]
SOAP:   2%|▏         | 621/25248 [3:38:07 > 05:31]
SOAP:   2%|▏         | 622/25248 [3:38:49 > 05:31]
SOAP:   2%|▏         | 623/25248 [3:38:44 > 05:32]
SOAP:   2%|▏         | 624/25248 [3:37:52 > 05:32]
SOAP:   2%|▏         | 625/25248 [3:38:34 > 05:33]
SOAP:   2%|▏         | 626/25248 [3:38:34 > 05:33]
SOAP:   2%|▏         | 627/25248 [3:38:19 > 05:34]
SOAP:   2%|▏         | 628/25248 [3:39:01 > 05:34]
SOAP:   2%|▏         | 629/25248 [3:38:41 > 05:35]
SOAP:   2%|▏         | 630/25248 [3:38:10 > 05:36]
SOAP:   2%|▏         | 631/25248 [3:38:37 > 05:36]
SOAP:   3%|▎         | 632/25248 [3:38:11 > 05:37]
SOAP:   3%|▎         | 633/25248 [3:38:07 > 05:37]
SOAP:   3%|▎         | 634/25248 [3:38:03 > 05:38]
SOAP:   3%|▎         | 635/25248 [3:37:55 > 05:38]
SOAP:   3%|▎         | 636/25248 [3:37:59 > 05:39]
SOAP:   3%|▎         | 637/25248 [3:37:54 > 05:39]
SOAP:   3%|▎         | 638/25248 [3:35:54 > 05:40]
SOAP:   3%|▎         | 639/25248 [3:38:44 > 05:40]
SOAP:   3%|▎         | 640/25248 [3:37:48 > 05:41]
SOAP:   3%|▎         | 641/25248 [3:38:17 > 05:41]
SOAP:   3%|▎         | 642/25248 [3:38:44 > 05:42]
SOAP:   3%|▎         | 643/25248 [3:37:52 > 05:42]
SOAP:   3%|▎         | 644/25248 [3:36:27 > 05:43]
SOAP:   3%|▎         | 645/25248 [3:38:42 > 05:43]
SOAP:   3%|▎         | 646/25248 [3:35:55 > 05:44]
SOAP:   3%|▎         | 647/25248 [3:38:55 > 05:45]
SOAP:   3%|▎         | 648/25248 [3:38:32 > 05:45]
SOAP:   3%|▎         | 649/25248 [3:37:41 > 05:46]
SOAP:   3%|▎         | 650/25248 [3:38:16 > 05:46]
SOAP:   3%|▎         | 651/25248 [3:38:06 > 05:47]
SOAP:   3%|▎         | 652/25248 [3:37:35 > 05:47]
SOAP:   3%|▎         | 653/25248 [3:38:01 > 05:48]
SOAP:   3%|▎         | 654/25248 [3:37:58 > 05:48]
SOAP:   3%|▎         | 655/25248 [3:37:34 > 05:49]
SOAP:   3%|▎         | 656/25248 [3:37:53 > 05:49]
SOAP:   3%|▎         | 657/25248 [3:37:40 > 05:50]
SOAP:   3%|▎         | 658/25248 [3:37:51 > 05:50]
SOAP:   3%|▎         | 659/25248 [3:37:40 > 05:51]
SOAP:   3%|▎         | 660/25248 [3:37:26 > 05:51]
SOAP:   3%|▎         | 661/25248 [3:37:56 > 05:52]
SOAP:   3%|▎         | 662/25248 [3:37:25 > 05:53]
SOAP:   3%|▎         | 663/25248 [3:37:51 > 05:53]
SOAP:   3%|▎         | 664/25248 [3:38:21 > 05:54]
SOAP:   3%|▎         | 665/25248 [3:37:35 > 05:54]
SOAP:   3%|▎         | 666/25248 [3:37:49 > 05:55]
SOAP:   3%|▎         | 667/25248 [3:38:04 > 05:55]
SOAP:   3%|▎         | 668/25248 [3:37:18 > 05:56]
SOAP:   3%|▎         | 669/25248 [3:37:59 > 05:56]
SOAP:   3%|▎         | 670/25248 [3:37:40 > 05:57]
SOAP:   3%|▎         | 671/25248 [3:36:59 > 05:57]
SOAP:   3%|▎         | 672/25248 [3:37:54 > 05:58]
SOAP:   3%|▎         | 673/25248 [3:37:45 > 05:58]
SOAP:   3%|▎         | 674/25248 [3:37:08 > 05:59]
SOAP:   3%|▎         | 675/25248 [3:37:39 > 05:59]
SOAP:   3%|▎         | 676/25248 [3:37:42 > 06:00]
SOAP:   3%|▎         | 677/25248 [3:37:56 > 06:00]
SOAP:   3%|▎         | 678/25248 [3:38:22 > 06:01]
SOAP:   3%|▎         | 679/25248 [3:37:49 > 06:02]
SOAP:   3%|▎         | 680/25248 [3:37:46 > 06:02]
SOAP:   3%|▎         | 681/25248 [3:37:43 > 06:03]
SOAP:   3%|▎         | 682/25248 [3:37:35 > 06:03]
SOAP:   3%|▎         | 683/25248 [3:38:00 > 06:04]
SOAP:   3%|▎         | 684/25248 [3:38:15 > 06:04]
SOAP:   3%|▎         | 685/25248 [3:37:44 > 06:05]
SOAP:   3%|▎         | 686/25248 [3:38:10 > 06:05]
SOAP:   3%|▎         | 687/25248 [3:37:26 > 06:06]
SOAP:   3%|▎         | 688/25248 [3:37:42 > 06:06]
SOAP:   3%|▎         | 689/25248 [3:38:01 > 06:07]
SOAP:   3%|▎         | 690/25248 [3:37:18 > 06:07]
SOAP:   3%|▎         | 691/25248 [3:37:47 > 06:08]
SOAP:   3%|▎         | 692/25248 [3:38:44 > 06:08]
SOAP:   3%|▎         | 693/25248 [3:37:30 > 06:09]
SOAP:   3%|▎         | 694/25248 [3:38:51 > 06:10]
SOAP:   3%|▎         | 695/25248 [3:38:14 > 06:10]
SOAP:   3%|▎         | 696/25248 [3:37:18 > 06:11]
SOAP:   3%|▎         | 697/25248 [3:37:54 > 06:11]
SOAP:   3%|▎         | 698/25248 [3:37:32 > 06:12]
SOAP:   3%|▎         | 699/25248 [3:37:04 > 06:12]
SOAP:   3%|▎         | 700/25248 [3:36:59 > 06:13]
SOAP:   3%|▎         | 701/25248 [3:39:00 > 06:13]
SOAP:   3%|▎         | 702/25248 [3:37:29 > 06:14]
SOAP:   3%|▎         | 703/25248 [3:37:40 > 06:14]
SOAP:   3%|▎         | 704/25248 [3:37:24 > 06:15]
SOAP:   3%|▎         | 705/25248 [3:37:34 > 06:15]
SOAP:   3%|▎         | 706/25248 [3:37:26 > 06:16]
SOAP:   3%|▎         | 707/25248 [3:37:08 > 06:16]
SOAP:   3%|▎         | 708/25248 [3:37:33 > 06:17]
SOAP:   3%|▎         | 709/25248 [3:37:10 > 06:18]
SOAP:   3%|▎         | 710/25248 [3:37:18 > 06:18]
SOAP:   3%|▎         | 711/25248 [3:37:52 > 06:19]
SOAP:   3%|▎         | 712/25248 [3:36:56 > 06:19]
SOAP:   3%|▎         | 713/25248 [3:37:33 > 06:20]
SOAP:   3%|▎         | 714/25248 [3:37:41 > 06:20]
SOAP:   3%|▎         | 715/25248 [3:36:55 > 06:21]
SOAP:   3%|▎         | 716/25248 [3:37:29 > 06:21]
SOAP:   3%|▎         | 717/25248 [3:37:16 > 06:22]
SOAP:   3%|▎         | 718/25248 [3:36:36 > 06:22]
SOAP:   3%|▎         | 719/25248 [3:37:27 > 06:23]
SOAP:   3%|▎         | 720/25248 [3:38:20 > 06:23]
SOAP:   3%|▎         | 721/25248 [3:37:14 > 06:24]
SOAP:   3%|▎         | 722/25248 [3:37:55 > 06:24]
SOAP:   3%|▎         | 723/25248 [3:37:40 > 06:25]
SOAP:   3%|▎         | 724/25248 [3:37:16 > 06:25]
SOAP:   3%|▎         | 725/25248 [3:37:23 > 06:26]
SOAP:   3%|▎         | 726/25248 [3:35:22 > 06:27]
SOAP:   3%|▎         | 727/25248 [3:37:53 > 06:27]
SOAP:   3%|▎         | 728/25248 [3:37:36 > 06:28]
SOAP:   3%|▎         | 729/25248 [3:37:09 > 06:28]
SOAP:   3%|▎         | 730/25248 [3:37:22 > 06:29]
SOAP:   3%|▎         | 731/25248 [3:37:05 > 06:29]
SOAP:   3%|▎         | 732/25248 [3:37:01 > 06:30]
SOAP:   3%|▎         | 733/25248 [3:37:30 > 06:30]
SOAP:   3%|▎         | 734/25248 [3:36:48 > 06:31]
SOAP:   3%|▎         | 735/25248 [3:37:02 > 06:31]
SOAP:   3%|▎         | 736/25248 [3:37:16 > 06:32]
SOAP:   3%|▎         | 737/25248 [3:36:33 > 06:32]
SOAP:   3%|▎         | 738/25248 [3:37:17 > 06:33]
SOAP:   3%|▎         | 739/25248 [3:35:41 > 06:33]
SOAP:   3%|▎         | 740/25248 [3:37:35 > 06:34]
SOAP:   3%|▎         | 741/25248 [3:38:20 > 06:35]
SOAP:   3%|▎         | 742/25248 [3:38:02 > 06:35]
SOAP:   3%|▎         | 743/25248 [3:37:07 > 06:36]
SOAP:   3%|▎         | 744/25248 [3:37:40 > 06:36]
SOAP:   3%|▎         | 745/25248 [3:37:28 > 06:37]
SOAP:   3%|▎         | 746/25248 [3:37:06 > 06:37]
SOAP:   3%|▎         | 747/25248 [3:37:58 > 06:38]
SOAP:   3%|▎         | 748/25248 [3:37:30 > 06:38]
SOAP:   3%|▎         | 749/25248 [3:37:20 > 06:39]
SOAP:   3%|▎         | 750/25248 [3:37:08 > 06:39]
SOAP:   3%|▎         | 751/25248 [3:36:49 > 06:40]
SOAP:   3%|▎         | 752/25248 [3:36:55 > 06:40]
SOAP:   3%|▎         | 753/25248 [3:36:09 > 06:41]
SOAP:   3%|▎         | 754/25248 [3:36:55 > 06:41]
SOAP:   3%|▎         | 755/25248 [3:37:23 > 06:42]
SOAP:   3%|▎         | 756/25248 [3:36:36 > 06:43]
SOAP:   3%|▎         | 757/25248 [3:36:42 > 06:43]
SOAP:   3%|▎         | 758/25248 [3:35:13 > 06:44]
SOAP:   3%|▎         | 759/25248 [3:36:46 > 06:44]
SOAP:   3%|▎         | 760/25248 [3:37:00 > 06:45]
SOAP:   3%|▎         | 761/25248 [3:37:03 > 06:45]
SOAP:   3%|▎         | 762/25248 [3:36:10 > 06:46]
SOAP:   3%|▎         | 763/25248 [3:36:58 > 06:46]
SOAP:   3%|▎         | 764/25248 [3:36:41 > 06:47]
SOAP:   3%|▎         | 765/25248 [3:36:13 > 06:47]
SOAP:   3%|▎         | 766/25248 [3:36:46 > 06:48]
SOAP:   3%|▎         | 767/25248 [3:36:31 > 06:48]
SOAP:   3%|▎         | 768/25248 [3:36:15 > 06:49]
SOAP:   3%|▎         | 769/25248 [3:36:29 > 06:49]
SOAP:   3%|▎         | 770/25248 [3:36:29 > 06:50]
SOAP:   3%|▎         | 771/25248 [3:36:22 > 06:50]
SOAP:   3%|▎         | 772/25248 [3:36:41 > 06:51]
SOAP:   3%|▎         | 773/25248 [3:36:29 > 06:52]
SOAP:   3%|▎         | 774/25248 [3:37:05 > 06:52]
SOAP:   3%|▎         | 775/25248 [3:37:18 > 06:53]
SOAP:   3%|▎         | 776/25248 [3:36:54 > 06:53]
SOAP:   3%|▎         | 777/25248 [3:37:23 > 06:54]
SOAP:   3%|▎         | 778/25248 [3:37:09 > 06:54]
SOAP:   3%|▎         | 779/25248 [3:36:31 > 06:55]
SOAP:   3%|▎         | 780/25248 [3:38:01 > 06:55]
SOAP:   3%|▎         | 781/25248 [3:36:58 > 06:56]
SOAP:   3%|▎         | 782/25248 [3:37:14 > 06:56]
SOAP:   3%|▎         | 783/25248 [3:36:59 > 06:57]
SOAP:   3%|▎         | 784/25248 [3:36:04 > 06:57]
SOAP:   3%|▎         | 785/25248 [3:37:01 > 06:58]
SOAP:   3%|▎         | 786/25248 [3:36:48 > 06:58]
SOAP:   3%|▎         | 787/25248 [3:35:58 > 06:59]
SOAP:   3%|▎         | 788/25248 [3:36:38 > 07:00]
SOAP:   3%|▎         | 789/25248 [3:36:15 > 07:00]
SOAP:   3%|▎         | 790/25248 [3:35:55 > 07:01]
SOAP:   3%|▎         | 791/25248 [3:36:33 > 07:01]
SOAP:   3%|▎         | 792/25248 [3:36:11 > 07:02]
SOAP:   3%|▎         | 793/25248 [3:36:04 > 07:02]
SOAP:   3%|▎         | 794/25248 [3:36:15 > 07:03]
SOAP:   3%|▎         | 795/25248 [3:36:01 > 07:03]
SOAP:   3%|▎         | 796/25248 [3:36:13 > 07:04]
SOAP:   3%|▎         | 797/25248 [3:36:26 > 07:04]
SOAP:   3%|▎         | 798/25248 [3:36:40 > 07:05]
SOAP:   3%|▎         | 799/25248 [3:37:04 > 07:05]
SOAP:   3%|▎         | 800/25248 [3:36:35 > 07:06]
SOAP:   3%|▎         | 801/25248 [3:38:39 > 07:06]
SOAP:   3%|▎         | 802/25248 [3:37:34 > 07:07]
SOAP:   3%|▎         | 803/25248 [3:36:39 > 07:07]
SOAP:   3%|▎         | 804/25248 [3:36:59 > 07:08]
SOAP:   3%|▎         | 805/25248 [3:37:06 > 07:09]
SOAP:   3%|▎         | 806/25248 [3:36:18 > 07:09]
SOAP:   3%|▎         | 807/25248 [3:36:50 > 07:10]
SOAP:   3%|▎         | 808/25248 [3:36:39 > 07:10]
SOAP:   3%|▎         | 809/25248 [3:35:59 > 07:11]
SOAP:   3%|▎         | 810/25248 [3:36:47 > 07:11]
SOAP:   3%|▎         | 811/25248 [3:36:17 > 07:12]
SOAP:   3%|▎         | 812/25248 [3:35:54 > 07:12]
SOAP:   3%|▎         | 813/25248 [3:36:49 > 07:13]
SOAP:   3%|▎         | 814/25248 [3:36:29 > 07:13]
SOAP:   3%|▎         | 815/25248 [3:34:40 > 07:14]
SOAP:   3%|▎         | 816/25248 [3:37:07 > 07:14]
SOAP:   3%|▎         | 817/25248 [3:36:32 > 07:15]
SOAP:   3%|▎         | 818/25248 [3:36:32 > 07:15]
SOAP:   3%|▎         | 819/25248 [3:36:38 > 07:16]
SOAP:   3%|▎         | 820/25248 [3:36:07 > 07:17]
SOAP:   3%|▎         | 821/25248 [3:36:33 > 07:17]
SOAP:   3%|▎         | 822/25248 [3:36:28 > 07:18]
SOAP:   3%|▎         | 823/25248 [3:36:07 > 07:18]
SOAP:   3%|▎         | 824/25248 [3:36:46 > 07:19]
SOAP:   3%|▎         | 825/25248 [3:36:30 > 07:19]
SOAP:   3%|▎         | 826/25248 [3:36:09 > 07:20]
SOAP:   3%|▎         | 827/25248 [3:36:27 > 07:20]
SOAP:   3%|▎         | 828/25248 [3:35:41 > 07:21]
SOAP:   3%|▎         | 829/25248 [3:36:24 > 07:21]
SOAP:   3%|▎         | 830/25248 [3:36:23 > 07:22]
SOAP:   3%|▎         | 831/25248 [3:34:02 > 07:22]
SOAP:   3%|▎         | 832/25248 [3:34:34 > 07:23]
SOAP:   3%|▎         | 833/25248 [3:34:46 > 07:23]
SOAP:   3%|▎         | 834/25248 [3:34:35 > 07:24]
SOAP:   3%|▎         | 835/25248 [3:35:26 > 07:24]
SOAP:   3%|▎         | 836/25248 [3:35:03 > 07:25]
SOAP:   3%|▎         | 837/25248 [3:34:39 > 07:26]
SOAP:   3%|▎         | 838/25248 [3:35:16 > 07:26]
SOAP:   3%|▎         | 839/25248 [3:35:10 > 07:27]
SOAP:   3%|▎         | 840/25248 [3:35:28 > 07:27]
SOAP:   3%|▎         | 841/25248 [3:35:05 > 07:28]
SOAP:   3%|▎         | 842/25248 [3:34:54 > 07:28]
SOAP:   3%|▎         | 843/25248 [3:35:17 > 07:29]
SOAP:   3%|▎         | 844/25248 [3:34:45 > 07:29]
SOAP:   3%|▎         | 845/25248 [3:34:48 > 07:30]
SOAP:   3%|▎         | 846/25248 [3:35:50 > 07:30]
SOAP:   3%|▎         | 847/25248 [3:35:14 > 07:31]
SOAP:   3%|▎         | 848/25248 [3:35:21 > 07:31]
SOAP:   3%|▎         | 849/25248 [3:35:59 > 07:32]
SOAP:   3%|▎         | 850/25248 [3:35:05 > 07:32]
SOAP:   3%|▎         | 851/25248 [3:35:57 > 07:33]
SOAP:   3%|▎         | 852/25248 [3:37:14 > 07:33]
SOAP:   3%|▎         | 853/25248 [3:36:24 > 07:34]
SOAP:   3%|▎         | 854/25248 [3:36:53 > 07:35]
SOAP:   3%|▎         | 855/25248 [3:36:22 > 07:35]
SOAP:   3%|▎         | 856/25248 [3:35:41 > 07:36]
SOAP:   3%|▎         | 857/25248 [3:36:19 > 07:36]
SOAP:   3%|▎         | 858/25248 [3:36:12 > 07:37]
SOAP:   3%|▎         | 859/25248 [3:36:15 > 07:37]
SOAP:   3%|▎         | 860/25248 [3:36:20 > 07:38]
SOAP:   3%|▎         | 861/25248 [3:35:58 > 07:38]
SOAP:   3%|▎         | 862/25248 [3:35:59 > 07:39]
SOAP:   3%|▎         | 863/25248 [3:35:58 > 07:39]
SOAP:   3%|▎         | 864/25248 [3:35:29 > 07:40]
SOAP:   3%|▎         | 865/25248 [3:36:01 > 07:40]
SOAP:   3%|▎         | 866/25248 [3:35:42 > 07:41]
SOAP:   3%|▎         | 867/25248 [3:35:40 > 07:41]
SOAP:   3%|▎         | 868/25248 [3:36:09 > 07:42]
SOAP:   3%|▎         | 869/25248 [3:35:22 > 07:43]
SOAP:   3%|▎         | 870/25248 [3:35:37 > 07:43]
SOAP:   3%|▎         | 871/25248 [3:35:57 > 07:44]
SOAP:   3%|▎         | 872/25248 [3:35:10 > 07:44]
SOAP:   3%|▎         | 873/25248 [3:35:53 > 07:45]
SOAP:   3%|▎         | 874/25248 [3:35:59 > 07:45]
SOAP:   3%|▎         | 875/25248 [3:35:05 > 07:46]
SOAP:   3%|▎         | 876/25248 [3:35:56 > 07:46]
SOAP:   3%|▎         | 877/25248 [3:35:34 > 07:47]
SOAP:   3%|▎         | 878/25248 [3:35:03 > 07:47]
SOAP:   3%|▎         | 879/25248 [3:35:52 > 07:48]
SOAP:   3%|▎         | 880/25248 [3:35:39 > 07:48]
SOAP:   3%|▎         | 881/25248 [3:35:21 > 07:49]
SOAP:   3%|▎         | 882/25248 [3:35:46 > 07:49]
SOAP:   3%|▎         | 883/25248 [3:35:28 > 07:50]
SOAP:   4%|▎         | 884/25248 [3:35:19 > 07:50]
SOAP:   4%|▎         | 885/25248 [3:35:19 > 07:51]
SOAP:   4%|▎         | 886/25248 [3:35:04 > 07:52]
SOAP:   4%|▎         | 887/25248 [3:35:47 > 07:52]
SOAP:   4%|▎         | 888/25248 [3:36:05 > 07:53]
SOAP:   4%|▎         | 889/25248 [3:35:38 > 07:53]
SOAP:   4%|▎         | 890/25248 [3:36:10 > 07:54]
SOAP:   4%|▎         | 891/25248 [3:35:26 > 07:54]
SOAP:   4%|▎         | 892/25248 [3:35:03 > 07:55]
SOAP:   4%|▎         | 893/25248 [3:36:19 > 07:55]
SOAP:   4%|▎         | 894/25248 [3:35:24 > 07:56]
SOAP:   4%|▎         | 895/25248 [3:35:57 > 07:56]
SOAP:   4%|▎         | 896/25248 [3:35:58 > 07:57]
SOAP:   4%|▎         | 897/25248 [3:35:08 > 07:57]
SOAP:   4%|▎         | 898/25248 [3:35:50 > 07:58]
SOAP:   4%|▎         | 899/25248 [3:35:28 > 07:58]
SOAP:   4%|▎         | 900/25248 [3:34:56 > 07:59]
SOAP:   4%|▎         | 901/25248 [3:37:56 > 08:00]
SOAP:   4%|▎         | 902/25248 [3:35:50 > 08:00]
SOAP:   4%|▎         | 903/25248 [3:35:10 > 08:01]
SOAP:   4%|▎         | 904/25248 [3:35:53 > 08:01]
SOAP:   4%|▎         | 905/25248 [3:35:23 > 08:02]
SOAP:   4%|▎         | 906/25248 [3:35:20 > 08:02]
SOAP:   4%|▎         | 907/25248 [3:34:04 > 08:03]
SOAP:   4%|▎         | 908/25248 [3:35:46 > 08:03]
SOAP:   4%|▎         | 909/25248 [3:35:54 > 08:04]
SOAP:   4%|▎         | 910/25248 [3:36:13 > 08:04]
SOAP:   4%|▎         | 911/25248 [3:35:52 > 08:05]
SOAP:   4%|▎         | 912/25248 [3:36:10 > 08:05]
SOAP:   4%|▎         | 913/25248 [3:35:47 > 08:06]
SOAP:   4%|▎         | 914/25248 [3:35:26 > 08:06]
SOAP:   4%|▎         | 915/25248 [3:36:04 > 08:07]
SOAP:   4%|▎         | 916/25248 [3:35:20 > 08:07]
SOAP:   4%|▎         | 917/25248 [3:35:40 > 08:08]
SOAP:   4%|▎         | 918/25248 [3:35:48 > 08:09]
SOAP:   4%|▎         | 919/25248 [3:35:07 > 08:09]
SOAP:   4%|▎         | 920/25248 [3:35:36 > 08:10]
SOAP:   4%|▎         | 921/25248 [3:35:20 > 08:10]
SOAP:   4%|▎         | 922/25248 [3:34:42 > 08:11]
SOAP:   4%|▎         | 923/25248 [3:35:43 > 08:11]
SOAP:   4%|▎         | 924/25248 [3:35:30 > 08:12]
SOAP:   4%|▎         | 925/25248 [3:36:37 > 08:12]
SOAP:   4%|▎         | 926/25248 [3:36:38 > 08:13]
SOAP:   4%|▎         | 927/25248 [3:36:37 > 08:13]
SOAP:   4%|▎         | 928/25248 [3:36:43 > 08:14]
SOAP:   4%|▎         | 929/25248 [3:37:19 > 08:14]
SOAP:   4%|▎         | 930/25248 [3:35:49 > 08:15]
SOAP:   4%|▎         | 931/25248 [3:36:59 > 08:15]
SOAP:   4%|▎         | 932/25248 [3:37:24 > 08:16]
SOAP:   4%|▎         | 933/25248 [3:37:01 > 08:17]
SOAP:   4%|▎         | 934/25248 [3:37:40 > 08:17]
SOAP:   4%|▎         | 935/25248 [3:37:30 > 08:18]
SOAP:   4%|▎         | 936/25248 [3:37:18 > 08:18]
SOAP:   4%|▎         | 937/25248 [3:37:36 > 08:19]
SOAP:   4%|▎         | 938/25248 [3:37:16 > 08:19]
SOAP:   4%|▎         | 939/25248 [3:37:14 > 08:20]
SOAP:   4%|▎         | 940/25248 [3:37:50 > 08:20]
SOAP:   4%|▎         | 941/25248 [3:37:23 > 08:21]
SOAP:   4%|▎         | 942/25248 [3:37:20 > 08:21]
SOAP:   4%|▎         | 943/25248 [3:37:39 > 08:22]
SOAP:   4%|▎         | 944/25248 [3:36:55 > 08:22]
SOAP:   4%|▎         | 945/25248 [3:37:30 > 08:23]
SOAP:   4%|▎         | 946/25248 [3:37:44 > 08:24]
SOAP:   4%|▍         | 947/25248 [3:37:11 > 08:24]
SOAP:   4%|▍         | 948/25248 [3:37:40 > 08:25]
SOAP:   4%|▍         | 949/25248 [3:37:48 > 08:25]
SOAP:   4%|▍         | 950/25248 [3:36:49 > 08:26]
SOAP:   4%|▍         | 951/25248 [3:37:42 > 08:26]
SOAP:   4%|▍         | 952/25248 [3:37:21 > 08:27]
SOAP:   4%|▍         | 953/25248 [3:36:59 > 08:27]
SOAP:   4%|▍         | 954/25248 [3:37:54 > 08:28]
SOAP:   4%|▍         | 955/25248 [3:37:30 > 08:28]
SOAP:   4%|▍         | 956/25248 [3:37:05 > 08:29]
SOAP:   4%|▍         | 957/25248 [3:37:33 > 08:29]
SOAP:   4%|▍         | 958/25248 [3:37:16 > 08:30]
SOAP:   4%|▍         | 959/25248 [3:37:15 > 08:31]
SOAP:   4%|▍         | 960/25248 [3:37:43 > 08:31]
SOAP:   4%|▍         | 961/25248 [3:37:22 > 08:32]
SOAP:   4%|▍         | 962/25248 [3:37:23 > 08:32]
SOAP:   4%|▍         | 963/25248 [3:37:29 > 08:33]
SOAP:   4%|▍         | 964/25248 [3:37:12 > 08:33]
SOAP:   4%|▍         | 965/25248 [3:37:29 > 08:34]
SOAP:   4%|▍         | 966/25248 [3:37:16 > 08:34]
SOAP:   4%|▍         | 967/25248 [3:36:59 > 08:35]
SOAP:   4%|▍         | 968/25248 [3:37:26 > 08:35]
SOAP:   4%|▍         | 969/25248 [3:37:04 > 08:36]
SOAP:   4%|▍         | 970/25248 [3:36:48 > 08:36]
SOAP:   4%|▍         | 971/25248 [3:37:08 > 08:37]
SOAP:   4%|▍         | 972/25248 [3:36:23 > 08:37]
SOAP:   4%|▍         | 973/25248 [3:37:00 > 08:38]
SOAP:   4%|▍         | 974/25248 [3:37:21 > 08:39]
SOAP:   4%|▍         | 975/25248 [3:36:33 > 08:39]
SOAP:   4%|▍         | 976/25248 [3:37:11 > 08:40]
SOAP:   4%|▍         | 977/25248 [3:37:21 > 08:40]
SOAP:   4%|▍         | 978/25248 [3:36:31 > 08:41]
SOAP:   4%|▍         | 979/25248 [3:37:22 > 08:41]
SOAP:   4%|▍         | 980/25248 [3:37:31 > 08:42]
SOAP:   4%|▍         | 981/25248 [3:35:56 > 08:42]
SOAP:   4%|▍         | 982/25248 [3:36:47 > 08:43]
SOAP:   4%|▍         | 983/25248 [3:37:00 > 08:43]
SOAP:   4%|▍         | 984/25248 [3:36:22 > 08:44]
SOAP:   4%|▍         | 985/25248 [3:37:05 > 08:44]
SOAP:   4%|▍         | 986/25248 [3:36:54 > 08:45]
SOAP:   4%|▍         | 987/25248 [3:36:40 > 08:46]
SOAP:   4%|▍         | 988/25248 [3:37:04 > 08:46]
SOAP:   4%|▍         | 989/25248 [3:37:05 > 08:47]
SOAP:   4%|▍         | 990/25248 [3:36:59 > 08:47]
SOAP:   4%|▍         | 991/25248 [3:36:55 > 08:48]
SOAP:   4%|▍         | 992/25248 [3:36:48 > 08:48]
SOAP:   4%|▍         | 993/25248 [3:37:08 > 08:49]
SOAP:   4%|▍         | 994/25248 [3:36:49 > 08:49]
SOAP:   4%|▍         | 995/25248 [3:36:33 > 08:50]
SOAP:   4%|▍         | 996/25248 [3:37:16 > 08:50]
SOAP:   4%|▍         | 997/25248 [3:36:48 > 08:51]
SOAP:   4%|▍         | 998/25248 [3:36:38 > 08:51]
SOAP:   4%|▍         | 999/25248 [3:37:15 > 08:52]
SOAP:   4%|▍         | 1000/25248 [3:36:43 > 08:53]
SOAP:   4%|▍         | 1001/25248 [3:37:57 > 08:53]
SOAP:   4%|▍         | 1002/25248 [3:38:07 > 08:54]
SOAP:   4%|▍         | 1003/25248 [3:37:06 > 08:54]
SOAP:   4%|▍         | 1004/25248 [3:36:04 > 08:55]
SOAP:   4%|▍         | 1005/25248 [3:36:57 > 08:55]
SOAP:   4%|▍         | 1006/25248 [3:36:12 > 08:56]
SOAP:   4%|▍         | 1007/25248 [3:37:00 > 08:56]
SOAP:   4%|▍         | 1008/25248 [3:36:32 > 08:57]
SOAP:   4%|▍         | 1009/25248 [3:36:01 > 08:57]
SOAP:   4%|▍         | 1010/25248 [3:36:58 > 08:58]
SOAP:   4%|▍         | 1011/25248 [3:36:38 > 08:58]
SOAP:   4%|▍         | 1012/25248 [3:36:21 > 08:59]
SOAP:   4%|▍         | 1013/25248 [3:36:50 > 08:59]
SOAP:   4%|▍         | 1014/25248 [3:36:22 > 09:00]
SOAP:   4%|▍         | 1015/25248 [3:36:09 > 09:01]
SOAP:   4%|▍         | 1016/25248 [3:36:47 > 09:01]
SOAP:   4%|▍         | 1017/25248 [3:36:18 > 09:02]
SOAP:   4%|▍         | 1018/25248 [3:36:37 > 09:02]
SOAP:   4%|▍         | 1019/25248 [3:37:40 > 09:03]
SOAP:   4%|▍         | 1020/25248 [3:36:08 > 09:03]
SOAP:   4%|▍         | 1021/25248 [3:36:35 > 09:04]
SOAP:   4%|▍         | 1022/25248 [3:36:50 > 09:04]
SOAP:   4%|▍         | 1023/25248 [3:36:25 > 09:05]
SOAP:   4%|▍         | 1024/25248 [3:34:48 > 09:05]
SOAP:   4%|▍         | 1025/25248 [3:36:10 > 09:06]
SOAP:   4%|▍         | 1026/25248 [3:36:07 > 09:06]
SOAP:   4%|▍         | 1027/25248 [3:36:54 > 09:07]
SOAP:   4%|▍         | 1028/25248 [3:36:26 > 09:08]
SOAP:   4%|▍         | 1029/25248 [3:36:41 > 09:08]
SOAP:   4%|▍         | 1030/25248 [3:37:08 > 09:09]
SOAP:   4%|▍         | 1031/25248 [3:36:04 > 09:09]
SOAP:   4%|▍         | 1032/25248 [3:36:02 > 09:10]
SOAP:   4%|▍         | 1033/25248 [3:36:36 > 09:10]
SOAP:   4%|▍         | 1034/25248 [3:35:55 > 09:11]
SOAP:   4%|▍         | 1035/25248 [3:36:43 > 09:11]
SOAP:   4%|▍         | 1036/25248 [3:36:37 > 09:12]
SOAP:   4%|▍         | 1037/25248 [3:36:03 > 09:12]
SOAP:   4%|▍         | 1038/25248 [3:36:51 > 09:13]
SOAP:   4%|▍         | 1039/25248 [3:36:43 > 09:13]
SOAP:   4%|▍         | 1040/25248 [3:36:02 > 09:14]
SOAP:   4%|▍         | 1041/25248 [3:36:51 > 09:15]
SOAP:   4%|▍         | 1042/25248 [3:36:29 > 09:15]
SOAP:   4%|▍         | 1043/25248 [3:34:13 > 09:16]
SOAP:   4%|▍         | 1044/25248 [3:36:33 > 09:16]
SOAP:   4%|▍         | 1045/25248 [3:36:18 > 09:17]
SOAP:   4%|▍         | 1046/25248 [3:36:23 > 09:17]
SOAP:   4%|▍         | 1047/25248 [3:36:33 > 09:18]
SOAP:   4%|▍         | 1048/25248 [3:36:08 > 09:18]
SOAP:   4%|▍         | 1049/25248 [3:36:16 > 09:19]
SOAP:   4%|▍         | 1050/25248 [3:36:22 > 09:19]
SOAP:   4%|▍         | 1051/25248 [3:35:55 > 09:20]
SOAP:   4%|▍         | 1052/25248 [3:36:34 > 09:20]
SOAP:   4%|▍         | 1053/25248 [3:36:20 > 09:21]
SOAP:   4%|▍         | 1054/25248 [3:36:08 > 09:21]
SOAP:   4%|▍         | 1055/25248 [3:36:27 > 09:22]
SOAP:   4%|▍         | 1056/25248 [3:35:55 > 09:23]
SOAP:   4%|▍         | 1057/25248 [3:36:09 > 09:23]
SOAP:   4%|▍         | 1058/25248 [3:36:41 > 09:24]
SOAP:   4%|▍         | 1059/25248 [3:36:05 > 09:24]
SOAP:   4%|▍         | 1060/25248 [3:36:15 > 09:25]
SOAP:   4%|▍         | 1061/25248 [3:36:17 > 09:25]
SOAP:   4%|▍         | 1062/25248 [3:35:44 > 09:26]
SOAP:   4%|▍         | 1063/25248 [3:36:25 > 09:26]
SOAP:   4%|▍         | 1064/25248 [3:36:40 > 09:27]
SOAP:   4%|▍         | 1065/25248 [3:36:05 > 09:27]
SOAP:   4%|▍         | 1066/25248 [3:36:33 > 09:28]
SOAP:   4%|▍         | 1067/25248 [3:36:27 > 09:28]
SOAP:   4%|▍         | 1068/25248 [3:35:50 > 09:29]
SOAP:   4%|▍         | 1069/25248 [3:36:40 > 09:30]
SOAP:   4%|▍         | 1070/25248 [3:36:18 > 09:30]
SOAP:   4%|▍         | 1071/25248 [3:35:42 > 09:31]
SOAP:   4%|▍         | 1072/25248 [3:36:49 > 09:31]
SOAP:   4%|▍         | 1073/25248 [3:36:27 > 09:32]
SOAP:   4%|▍         | 1074/25248 [3:36:13 > 09:32]
SOAP:   4%|▍         | 1075/25248 [3:36:14 > 09:33]
SOAP:   4%|▍         | 1076/25248 [3:36:08 > 09:33]
SOAP:   4%|▍         | 1077/25248 [3:36:32 > 09:34]
SOAP:   4%|▍         | 1078/25248 [3:36:30 > 09:34]
SOAP:   4%|▍         | 1079/25248 [3:36:11 > 09:35]
SOAP:   4%|▍         | 1080/25248 [3:36:31 > 09:35]
SOAP:   4%|▍         | 1081/25248 [3:36:12 > 09:36]
SOAP:   4%|▍         | 1082/25248 [3:36:11 > 09:36]
SOAP:   4%|▍         | 1083/25248 [3:36:16 > 09:37]
SOAP:   4%|▍         | 1084/25248 [3:35:35 > 09:38]
SOAP:   4%|▍         | 1085/25248 [3:35:38 > 09:38]
SOAP:   4%|▍         | 1086/25248 [3:36:22 > 09:39]
SOAP:   4%|▍         | 1087/25248 [3:35:49 > 09:39]
SOAP:   4%|▍         | 1088/25248 [3:36:14 > 09:40]
SOAP:   4%|▍         | 1089/25248 [3:36:25 > 09:40]
SOAP:   4%|▍         | 1090/25248 [3:35:39 > 09:41]
SOAP:   4%|▍         | 1091/25248 [3:36:08 > 09:41]
SOAP:   4%|▍         | 1092/25248 [3:36:22 > 09:42]
SOAP:   4%|▍         | 1093/25248 [3:35:31 > 09:42]
SOAP:   4%|▍         | 1094/25248 [3:36:28 > 09:43]
SOAP:   4%|▍         | 1095/25248 [3:36:16 > 09:43]
SOAP:   4%|▍         | 1096/25248 [3:35:34 > 09:44]
SOAP:   4%|▍         | 1097/25248 [3:36:19 > 09:45]
SOAP:   4%|▍         | 1098/25248 [3:36:04 > 09:45]
SOAP:   4%|▍         | 1099/25248 [3:35:33 > 09:46]
SOAP:   4%|▍         | 1100/25248 [3:36:10 > 09:46]
SOAP:   4%|▍         | 1101/25248 [3:37:14 > 09:47]
SOAP:   4%|▍         | 1102/25248 [3:36:27 > 09:47]
SOAP:   4%|▍         | 1103/25248 [3:36:41 > 09:48]
SOAP:   4%|▍         | 1104/25248 [3:36:26 > 09:48]
SOAP:   4%|▍         | 1105/25248 [3:36:12 > 09:49]
SOAP:   4%|▍         | 1106/25248 [3:36:31 > 09:49]
SOAP:   4%|▍         | 1107/25248 [3:36:13 > 09:50]
SOAP:   4%|▍         | 1108/25248 [3:36:08 > 09:50]
SOAP:   4%|▍         | 1109/25248 [3:36:05 > 09:51]
SOAP:   4%|▍         | 1110/25248 [3:35:53 > 09:52]
SOAP:   4%|▍         | 1111/25248 [3:36:19 > 09:52]
SOAP:   4%|▍         | 1112/25248 [3:34:58 > 09:53]
SOAP:   4%|▍         | 1113/25248 [3:34:47 > 09:53]
SOAP:   4%|▍         | 1114/25248 [3:35:09 > 09:54]
SOAP:   4%|▍         | 1115/25248 [3:35:03 > 09:54]
SOAP:   4%|▍         | 1116/25248 [3:35:30 > 09:55]
SOAP:   4%|▍         | 1117/25248 [3:36:15 > 09:55]
SOAP:   4%|▍         | 1118/25248 [3:35:32 > 09:56]
SOAP:   4%|▍         | 1119/25248 [3:35:49 > 09:56]
SOAP:   4%|▍         | 1120/25248 [3:36:13 > 09:57]
SOAP:   4%|▍         | 1121/25248 [3:35:25 > 09:57]
SOAP:   4%|▍         | 1122/25248 [3:36:07 > 09:58]
SOAP:   4%|▍         | 1123/25248 [3:36:00 > 09:59]
SOAP:   4%|▍         | 1124/25248 [3:35:21 > 09:59]
SOAP:   4%|▍         | 1125/25248 [3:36:21 > 10:00]
SOAP:   4%|▍         | 1126/25248 [3:35:59 > 10:00]
SOAP:   4%|▍         | 1127/25248 [3:35:27 > 10:01]
SOAP:   4%|▍         | 1128/25248 [3:35:47 > 10:01]
SOAP:   4%|▍         | 1129/25248 [3:35:26 > 10:02]
SOAP:   4%|▍         | 1130/25248 [3:35:14 > 10:02]
SOAP:   4%|▍         | 1131/25248 [3:35:54 > 10:03]
SOAP:   4%|▍         | 1132/25248 [3:35:33 > 10:03]
SOAP:   4%|▍         | 1133/25248 [3:35:20 > 10:04]
SOAP:   4%|▍         | 1134/25248 [3:35:53 > 10:04]
SOAP:   4%|▍         | 1135/25248 [3:35:32 > 10:05]
SOAP:   4%|▍         | 1136/25248 [3:35:34 > 10:05]
SOAP:   5%|▍         | 1137/25248 [3:35:57 > 10:06]
SOAP:   5%|▍         | 1138/25248 [3:35:34 > 10:07]
SOAP:   5%|▍         | 1139/25248 [3:35:52 > 10:07]
SOAP:   5%|▍         | 1140/25248 [3:35:42 > 10:08]
SOAP:   5%|▍         | 1141/25248 [3:35:26 > 10:08]
SOAP:   5%|▍         | 1142/25248 [3:36:52 > 10:09]
SOAP:   5%|▍         | 1143/25248 [3:35:08 > 10:09]
SOAP:   5%|▍         | 1144/25248 [3:34:53 > 10:10]
SOAP:   5%|▍         | 1145/25248 [3:35:44 > 10:10]
SOAP:   5%|▍         | 1146/25248 [3:35:22 > 10:11]
SOAP:   5%|▍         | 1147/25248 [3:35:36 > 10:11]
SOAP:   5%|▍         | 1148/25248 [3:36:03 > 10:12]
SOAP:   5%|▍         | 1149/25248 [3:35:02 > 10:12]
SOAP:   5%|▍         | 1150/25248 [3:35:49 > 10:13]
SOAP:   5%|▍         | 1151/25248 [3:35:45 > 10:14]
SOAP:   5%|▍         | 1152/25248 [3:35:08 > 10:14]
SOAP:   5%|▍         | 1153/25248 [3:35:44 > 10:15]
SOAP:   5%|▍         | 1154/25248 [3:35:37 > 10:15]
SOAP:   5%|▍         | 1155/25248 [3:34:54 > 10:16]
SOAP:   5%|▍         | 1156/25248 [3:34:31 > 10:16]
SOAP:   5%|▍         | 1157/25248 [3:35:00 > 10:17]
SOAP:   5%|▍         | 1158/25248 [3:34:21 > 10:17]
SOAP:   5%|▍         | 1159/25248 [3:35:18 > 10:18]
SOAP:   5%|▍         | 1160/25248 [3:35:08 > 10:18]
SOAP:   5%|▍         | 1161/25248 [3:34:58 > 10:19]
SOAP:   5%|▍         | 1162/25248 [3:35:18 > 10:19]
SOAP:   5%|▍         | 1163/25248 [3:35:09 > 10:20]
SOAP:   5%|▍         | 1164/25248 [3:35:24 > 10:20]
SOAP:   5%|▍         | 1165/25248 [3:35:39 > 10:21]
SOAP:   5%|▍         | 1166/25248 [3:35:12 > 10:22]
SOAP:   5%|▍         | 1167/25248 [3:35:25 > 10:22]
SOAP:   5%|▍         | 1168/25248 [3:35:13 > 10:23]
SOAP:   5%|▍         | 1169/25248 [3:35:06 > 10:23]
SOAP:   5%|▍         | 1170/25248 [3:35:40 > 10:24]
SOAP:   5%|▍         | 1171/25248 [3:35:26 > 10:24]
SOAP:   5%|▍         | 1172/25248 [3:35:29 > 10:25]
SOAP:   5%|▍         | 1173/25248 [3:35:57 > 10:25]
SOAP:   5%|▍         | 1174/25248 [3:35:26 > 10:26]
SOAP:   5%|▍         | 1175/25248 [3:33:31 > 10:26]
SOAP:   5%|▍         | 1176/25248 [3:35:45 > 10:27]
SOAP:   5%|▍         | 1177/25248 [3:35:00 > 10:27]
SOAP:   5%|▍         | 1178/25248 [3:35:43 > 10:28]
SOAP:   5%|▍         | 1179/25248 [3:35:39 > 10:29]
SOAP:   5%|▍         | 1180/25248 [3:35:04 > 10:29]
SOAP:   5%|▍         | 1181/25248 [3:35:45 > 10:30]
SOAP:   5%|▍         | 1182/25248 [3:35:41 > 10:30]
SOAP:   5%|▍         | 1183/25248 [3:35:00 > 10:31]
SOAP:   5%|▍         | 1184/25248 [3:35:32 > 10:31]
SOAP:   5%|▍         | 1185/25248 [3:34:55 > 10:32]
SOAP:   5%|▍         | 1186/25248 [3:34:36 > 10:32]
SOAP:   5%|▍         | 1187/25248 [3:34:54 > 10:33]
SOAP:   5%|▍         | 1188/25248 [3:34:17 > 10:33]
SOAP:   5%|▍         | 1189/25248 [3:33:42 > 10:34]
SOAP:   5%|▍         | 1190/25248 [3:33:53 > 10:34]
SOAP:   5%|▍         | 1191/25248 [3:33:35 > 10:35]
SOAP:   5%|▍         | 1192/25248 [3:33:26 > 10:35]
SOAP:   5%|▍         | 1193/25248 [3:33:30 > 10:36]
SOAP:   5%|▍         | 1194/25248 [3:32:09 > 10:37]
SOAP:   5%|▍         | 1195/25248 [3:34:01 > 10:37]
SOAP:   5%|▍         | 1196/25248 [3:34:01 > 10:38]
SOAP:   5%|▍         | 1197/25248 [3:33:34 > 10:38]
SOAP:   5%|▍         | 1198/25248 [3:33:57 > 10:39]
SOAP:   5%|▍         | 1199/25248 [3:33:05 > 10:39]
SOAP:   5%|▍         | 1200/25248 [3:33:00 > 10:40]
SOAP:   5%|▍         | 1201/25248 [3:35:26 > 10:40]
SOAP:   5%|▍         | 1202/25248 [3:32:55 > 10:41]
SOAP:   5%|▍         | 1203/25248 [3:33:17 > 10:41]
SOAP:   5%|▍         | 1204/25248 [3:33:19 > 10:42]
SOAP:   5%|▍         | 1205/25248 [3:32:31 > 10:42]
SOAP:   5%|▍         | 1206/25248 [3:33:16 > 10:43]
SOAP:   5%|▍         | 1207/25248 [3:33:08 > 10:43]
SOAP:   5%|▍         | 1208/25248 [3:32:21 > 10:44]
SOAP:   5%|▍         | 1209/25248 [3:33:09 > 10:45]
SOAP:   5%|▍         | 1210/25248 [3:32:48 > 10:45]
SOAP:   5%|▍         | 1211/25248 [3:32:25 > 10:46]
SOAP:   5%|▍         | 1212/25248 [3:33:03 > 10:46]
SOAP:   5%|▍         | 1213/25248 [3:31:19 > 10:47]
SOAP:   5%|▍         | 1214/25248 [3:33:12 > 10:47]
SOAP:   5%|▍         | 1215/25248 [3:33:15 > 10:48]
SOAP:   5%|▍         | 1216/25248 [3:32:55 > 10:48]
SOAP:   5%|▍         | 1217/25248 [3:32:58 > 10:49]
SOAP:   5%|▍         | 1218/25248 [3:32:56 > 10:49]
SOAP:   5%|▍         | 1219/25248 [3:32:35 > 10:50]
SOAP:   5%|▍         | 1220/25248 [3:32:53 > 10:50]
SOAP:   5%|▍         | 1221/25248 [3:32:32 > 10:51]
SOAP:   5%|▍         | 1222/25248 [3:32:31 > 10:51]
SOAP:   5%|▍         | 1223/25248 [3:33:15 > 10:52]
SOAP:   5%|▍         | 1224/25248 [3:32:30 > 10:53]
SOAP:   5%|▍         | 1225/25248 [3:32:51 > 10:53]
SOAP:   5%|▍         | 1226/25248 [3:33:01 > 10:54]
SOAP:   5%|▍         | 1227/25248 [3:32:21 > 10:54]
SOAP:   5%|▍         | 1228/25248 [3:32:47 > 10:55]
SOAP:   5%|▍         | 1229/25248 [3:32:53 > 10:55]
SOAP:   5%|▍         | 1230/25248 [3:32:10 > 10:56]
SOAP:   5%|▍         | 1231/25248 [3:32:56 > 10:56]
SOAP:   5%|▍         | 1232/25248 [3:31:00 > 10:57]
SOAP:   5%|▍         | 1233/25248 [3:32:40 > 10:57]
SOAP:   5%|▍         | 1234/25248 [3:33:05 > 10:58]
SOAP:   5%|▍         | 1235/25248 [3:33:07 > 10:58]
SOAP:   5%|▍         | 1236/25248 [3:33:03 > 10:59]
SOAP:   5%|▍         | 1237/25248 [3:33:10 > 10:59]
SOAP:   5%|▍         | 1238/25248 [3:32:48 > 11:00]
SOAP:   5%|▍         | 1239/25248 [3:32:34 > 11:00]
SOAP:   5%|▍         | 1240/25248 [3:32:45 > 11:01]
SOAP:   5%|▍         | 1241/25248 [3:32:23 > 11:02]
SOAP:   5%|▍         | 1242/25248 [3:32:52 > 11:02]
SOAP:   5%|▍         | 1243/25248 [3:32:34 > 11:03]
SOAP:   5%|▍         | 1244/25248 [3:32:14 > 11:03]
SOAP:   5%|▍         | 1245/25248 [3:32:45 > 11:04]
SOAP:   5%|▍         | 1246/25248 [3:32:20 > 11:04]
SOAP:   5%|▍         | 1247/25248 [3:32:34 > 11:05]
SOAP:   5%|▍         | 1248/25248 [3:32:51 > 11:05]
SOAP:   5%|▍         | 1249/25248 [3:32:06 > 11:06]
SOAP:   5%|▍         | 1250/25248 [3:32:45 > 11:06]
SOAP:   5%|▍         | 1251/25248 [3:31:02 > 11:07]
SOAP:   5%|▍         | 1252/25248 [3:32:23 > 11:07]
SOAP:   5%|▍         | 1253/25248 [3:33:07 > 11:08]
SOAP:   5%|▍         | 1254/25248 [3:32:47 > 11:08]
SOAP:   5%|▍         | 1255/25248 [3:32:09 > 11:09]
SOAP:   5%|▍         | 1256/25248 [3:32:49 > 11:10]
SOAP:   5%|▍         | 1257/25248 [3:32:29 > 11:10]
SOAP:   5%|▍         | 1258/25248 [3:32:06 > 11:11]
SOAP:   5%|▍         | 1259/25248 [3:32:35 > 11:11]
SOAP:   5%|▍         | 1260/25248 [3:32:09 > 11:12]
SOAP:   5%|▍         | 1261/25248 [3:31:59 > 11:12]
SOAP:   5%|▍         | 1262/25248 [3:32:22 > 11:13]
SOAP:   5%|▌         | 1263/25248 [3:32:02 > 11:13]
SOAP:   5%|▌         | 1264/25248 [3:32:16 > 11:14]
SOAP:   5%|▌         | 1265/25248 [3:32:25 > 11:14]
SOAP:   5%|▌         | 1266/25248 [3:32:37 > 11:15]
SOAP:   5%|▌         | 1267/25248 [3:33:08 > 11:15]
SOAP:   5%|▌         | 1268/25248 [3:32:15 > 11:16]
SOAP:   5%|▌         | 1269/25248 [3:32:22 > 11:16]
SOAP:   5%|▌         | 1270/25248 [3:31:14 > 11:17]
SOAP:   5%|▌         | 1271/25248 [3:32:34 > 11:17]
SOAP:   5%|▌         | 1272/25248 [3:32:54 > 11:18]
SOAP:   5%|▌         | 1273/25248 [3:32:47 > 11:19]
SOAP:   5%|▌         | 1274/25248 [3:32:04 > 11:19]
SOAP:   5%|▌         | 1275/25248 [3:32:46 > 11:20]
SOAP:   5%|▌         | 1276/25248 [3:32:29 > 11:20]
SOAP:   5%|▌         | 1277/25248 [3:31:41 > 11:21]
SOAP:   5%|▌         | 1278/25248 [3:32:31 > 11:21]
SOAP:   5%|▌         | 1279/25248 [3:32:09 > 11:22]
SOAP:   5%|▌         | 1280/25248 [3:31:49 > 11:22]
SOAP:   5%|▌         | 1281/25248 [3:32:14 > 11:23]
SOAP:   5%|▌         | 1282/25248 [3:32:10 > 11:23]
SOAP:   5%|▌         | 1283/25248 [3:31:55 > 11:24]
SOAP:   5%|▌         | 1284/25248 [3:32:15 > 11:24]
SOAP:   5%|▌         | 1285/25248 [3:31:56 > 11:25]
SOAP:   5%|▌         | 1286/25248 [3:32:12 > 11:25]
SOAP:   5%|▌         | 1287/25248 [3:32:15 > 11:26]
SOAP:   5%|▌         | 1288/25248 [3:31:46 > 11:27]
SOAP:   5%|▌         | 1289/25248 [3:30:50 > 11:27]
SOAP:   5%|▌         | 1290/25248 [3:32:41 > 11:28]
SOAP:   5%|▌         | 1291/25248 [3:33:08 > 11:28]
SOAP:   5%|▌         | 1292/25248 [3:33:20 > 11:29]
SOAP:   5%|▌         | 1293/25248 [3:32:29 > 11:29]
SOAP:   5%|▌         | 1294/25248 [3:32:40 > 11:30]
SOAP:   5%|▌         | 1295/25248 [3:32:40 > 11:30]
SOAP:   5%|▌         | 1296/25248 [3:31:54 > 11:31]
SOAP:   5%|▌         | 1297/25248 [3:32:27 > 11:31]
SOAP:   5%|▌         | 1298/25248 [3:32:33 > 11:32]
SOAP:   5%|▌         | 1299/25248 [3:31:43 > 11:32]
SOAP:   5%|▌         | 1300/25248 [3:32:33 > 11:33]
SOAP:   5%|▌         | 1301/25248 [3:34:36 > 11:33]
SOAP:   5%|▌         | 1302/25248 [3:32:23 > 11:34]
SOAP:   5%|▌         | 1303/25248 [3:32:53 > 11:35]
SOAP:   5%|▌         | 1304/25248 [3:32:29 > 11:35]
SOAP:   5%|▌         | 1305/25248 [3:32:05 > 11:36]
SOAP:   5%|▌         | 1306/25248 [3:30:39 > 11:36]
SOAP:   5%|▌         | 1307/25248 [3:32:34 > 11:37]
SOAP:   5%|▌         | 1308/25248 [3:30:55 > 11:37]
SOAP:   5%|▌         | 1309/25248 [3:32:53 > 11:38]
SOAP:   5%|▌         | 1310/25248 [3:32:52 > 11:38]
SOAP:   5%|▌         | 1311/25248 [3:32:57 > 11:39]
SOAP:   5%|▌         | 1312/25248 [3:32:14 > 11:39]
SOAP:   5%|▌         | 1313/25248 [3:31:54 > 11:40]
SOAP:   5%|▌         | 1314/25248 [3:32:34 > 11:40]
SOAP:   5%|▌         | 1315/25248 [3:31:56 > 11:41]
SOAP:   5%|▌         | 1316/25248 [3:32:22 > 11:41]
SOAP:   5%|▌         | 1317/25248 [3:33:03 > 11:42]
SOAP:   5%|▌         | 1318/25248 [3:32:06 > 11:42]
SOAP:   5%|▌         | 1319/25248 [3:32:20 > 11:43]
SOAP:   5%|▌         | 1320/25248 [3:32:19 > 11:44]
SOAP:   5%|▌         | 1321/25248 [3:31:29 > 11:44]
SOAP:   5%|▌         | 1322/25248 [3:32:08 > 11:45]
SOAP:   5%|▌         | 1323/25248 [3:31:49 > 11:45]
SOAP:   5%|▌         | 1324/25248 [3:31:02 > 11:46]
SOAP:   5%|▌         | 1325/25248 [3:32:03 > 11:46]
SOAP:   5%|▌         | 1326/25248 [3:31:53 > 11:47]
SOAP:   5%|▌         | 1327/25248 [3:29:45 > 11:47]
SOAP:   5%|▌         | 1328/25248 [3:32:24 > 11:48]
SOAP:   5%|▌         | 1329/25248 [3:32:08 > 11:48]
SOAP:   5%|▌         | 1330/25248 [3:31:46 > 11:49]
SOAP:   5%|▌         | 1331/25248 [3:32:07 > 11:49]
SOAP:   5%|▌         | 1332/25248 [3:31:46 > 11:50]
SOAP:   5%|▌         | 1333/25248 [3:31:58 > 11:50]
SOAP:   5%|▌         | 1334/25248 [3:31:57 > 11:51]
SOAP:   5%|▌         | 1335/25248 [3:31:33 > 11:52]
SOAP:   5%|▌         | 1336/25248 [3:31:53 > 11:52]
SOAP:   5%|▌         | 1337/25248 [3:31:16 > 11:53]
SOAP:   5%|▌         | 1338/25248 [3:31:25 > 11:53]
SOAP:   5%|▌         | 1339/25248 [3:32:00 > 11:54]
SOAP:   5%|▌         | 1340/25248 [3:31:19 > 11:54]
SOAP:   5%|▌         | 1341/25248 [3:31:18 > 11:55]
SOAP:   5%|▌         | 1342/25248 [3:32:11 > 11:55]
SOAP:   5%|▌         | 1343/25248 [3:31:22 > 11:56]
SOAP:   5%|▌         | 1344/25248 [3:31:57 > 11:56]
SOAP:   5%|▌         | 1345/25248 [3:31:42 > 11:57]
SOAP:   5%|▌         | 1346/25248 [3:31:07 > 11:57]
SOAP:   5%|▌         | 1347/25248 [3:32:16 > 11:58]
SOAP:   5%|▌         | 1348/25248 [3:32:07 > 11:58]
SOAP:   5%|▌         | 1349/25248 [3:31:26 > 11:59]
SOAP:   5%|▌         | 1350/25248 [3:32:01 > 11:59]
SOAP:   5%|▌         | 1351/25248 [3:31:35 > 12:00]
SOAP:   5%|▌         | 1352/25248 [3:31:19 > 12:01]
SOAP:   5%|▌         | 1353/25248 [3:31:41 > 12:01]
SOAP:   5%|▌         | 1354/25248 [3:31:19 > 12:02]
SOAP:   5%|▌         | 1355/25248 [3:31:25 > 12:02]
SOAP:   5%|▌         | 1356/25248 [3:31:30 > 12:03]
SOAP:   5%|▌         | 1357/25248 [3:31:00 > 12:03]
SOAP:   5%|▌         | 1358/25248 [3:31:36 > 12:04]
SOAP:   5%|▌         | 1359/25248 [3:31:22 > 12:04]
SOAP:   5%|▌         | 1360/25248 [3:31:26 > 12:05]
SOAP:   5%|▌         | 1361/25248 [3:31:57 > 12:05]
SOAP:   5%|▌         | 1362/25248 [3:31:11 > 12:06]
SOAP:   5%|▌         | 1363/25248 [3:31:22 > 12:06]
SOAP:   5%|▌         | 1364/25248 [3:31:51 > 12:07]
SOAP:   5%|▌         | 1365/25248 [3:30:58 > 12:07]
SOAP:   5%|▌         | 1366/25248 [3:31:48 > 12:08]
SOAP:   5%|▌         | 1367/25248 [3:32:16 > 12:09]
SOAP:   5%|▌         | 1368/25248 [3:31:20 > 12:09]
SOAP:   5%|▌         | 1369/25248 [3:32:08 > 12:10]
SOAP:   5%|▌         | 1370/25248 [3:31:44 > 12:10]
SOAP:   5%|▌         | 1371/25248 [3:31:07 > 12:11]
SOAP:   5%|▌         | 1372/25248 [3:31:37 > 12:11]
SOAP:   5%|▌         | 1373/25248 [3:31:11 > 12:12]
SOAP:   5%|▌         | 1374/25248 [3:30:54 > 12:12]
SOAP:   5%|▌         | 1375/25248 [3:31:23 > 12:13]
SOAP:   5%|▌         | 1376/25248 [3:31:19 > 12:13]
SOAP:   5%|▌         | 1377/25248 [3:31:14 > 12:14]
SOAP:   5%|▌         | 1378/25248 [3:31:09 > 12:14]
SOAP:   5%|▌         | 1379/25248 [3:30:59 > 12:15]
SOAP:   5%|▌         | 1380/25248 [3:31:17 > 12:15]
SOAP:   5%|▌         | 1381/25248 [3:31:14 > 12:16]
SOAP:   5%|▌         | 1382/25248 [3:31:17 > 12:16]
SOAP:   5%|▌         | 1383/25248 [3:31:45 > 12:17]
SOAP:   5%|▌         | 1384/25248 [3:29:36 > 12:18]
SOAP:   5%|▌         | 1385/25248 [3:32:04 > 12:18]
SOAP:   5%|▌         | 1386/25248 [3:32:09 > 12:19]
SOAP:   5%|▌         | 1387/25248 [3:31:12 > 12:19]
SOAP:   5%|▌         | 1388/25248 [3:31:43 > 12:20]
SOAP:   6%|▌         | 1389/25248 [3:31:39 > 12:20]
SOAP:   6%|▌         | 1390/25248 [3:30:53 > 12:21]
SOAP:   6%|▌         | 1391/25248 [3:31:36 > 12:21]
SOAP:   6%|▌         | 1392/25248 [3:31:28 > 12:22]
SOAP:   6%|▌         | 1393/25248 [3:30:44 > 12:22]
SOAP:   6%|▌         | 1394/25248 [3:31:49 > 12:23]
SOAP:   6%|▌         | 1395/25248 [3:32:02 > 12:23]
SOAP:   6%|▌         | 1396/25248 [3:31:32 > 12:24]
SOAP:   6%|▌         | 1397/25248 [3:31:49 > 12:24]
SOAP:   6%|▌         | 1398/25248 [3:31:28 > 12:25]
SOAP:   6%|▌         | 1399/25248 [3:31:13 > 12:26]
SOAP:   6%|▌         | 1400/25248 [3:31:26 > 12:26]
SOAP:   6%|▌         | 1401/25248 [3:33:27 > 12:27]
SOAP:   6%|▌         | 1402/25248 [3:31:47 > 12:27]
SOAP:   6%|▌         | 1403/25248 [3:29:40 > 12:28]
SOAP:   6%|▌         | 1404/25248 [3:31:34 > 12:28]
SOAP:   6%|▌         | 1405/25248 [3:31:52 > 12:29]
SOAP:   6%|▌         | 1406/25248 [3:31:11 > 12:29]
SOAP:   6%|▌         | 1407/25248 [3:31:07 > 12:30]
SOAP:   6%|▌         | 1408/25248 [3:31:36 > 12:30]
SOAP:   6%|▌         | 1409/25248 [3:30:48 > 12:31]
SOAP:   6%|▌         | 1410/25248 [3:31:12 > 12:31]
SOAP:   6%|▌         | 1411/25248 [3:31:28 > 12:32]
SOAP:   6%|▌         | 1412/25248 [3:30:44 > 12:32]
SOAP:   6%|▌         | 1413/25248 [3:31:21 > 12:33]
SOAP:   6%|▌         | 1414/25248 [3:31:21 > 12:34]
SOAP:   6%|▌         | 1415/25248 [3:30:38 > 12:34]
SOAP:   6%|▌         | 1416/25248 [3:31:28 > 12:35]
SOAP:   6%|▌         | 1417/25248 [3:31:26 > 12:35]
SOAP:   6%|▌         | 1418/25248 [3:30:50 > 12:36]
SOAP:   6%|▌         | 1419/25248 [3:31:20 > 12:36]
SOAP:   6%|▌         | 1420/25248 [3:31:22 > 12:37]
SOAP:   6%|▌         | 1421/25248 [3:31:36 > 12:37]
SOAP:   6%|▌         | 1422/25248 [3:31:40 > 12:38]
SOAP:   6%|▌         | 1423/25248 [3:31:41 > 12:38]
SOAP:   6%|▌         | 1424/25248 [3:32:01 > 12:39]
SOAP:   6%|▌         | 1425/25248 [3:31:47 > 12:39]
SOAP:   6%|▌         | 1426/25248 [3:31:16 > 12:40]
SOAP:   6%|▌         | 1427/25248 [3:31:36 > 12:40]
SOAP:   6%|▌         | 1428/25248 [3:31:07 > 12:41]
SOAP:   6%|▌         | 1429/25248 [3:30:57 > 12:41]
SOAP:   6%|▌         | 1430/25248 [3:31:24 > 12:42]
SOAP:   6%|▌         | 1431/25248 [3:30:43 > 12:43]
SOAP:   6%|▌         | 1432/25248 [3:31:01 > 12:43]
SOAP:   6%|▌         | 1433/25248 [3:31:20 > 12:44]
SOAP:   6%|▌         | 1434/25248 [3:30:24 > 12:44]
SOAP:   6%|▌         | 1435/25248 [3:30:47 > 12:45]
SOAP:   6%|▌         | 1436/25248 [3:29:09 > 12:45]
SOAP:   6%|▌         | 1437/25248 [3:30:29 > 12:46]
SOAP:   6%|▌         | 1438/25248 [3:31:21 > 12:46]
SOAP:   6%|▌         | 1439/25248 [3:31:02 > 12:47]
SOAP:   6%|▌         | 1440/25248 [3:30:24 > 12:47]
SOAP:   6%|▌         | 1441/25248 [3:30:48 > 12:48]
SOAP:   6%|▌         | 1442/25248 [3:30:43 > 12:48]
SOAP:   6%|▌         | 1443/25248 [3:30:17 > 12:49]
SOAP:   6%|▌         | 1444/25248 [3:30:58 > 12:49]
SOAP:   6%|▌         | 1445/25248 [3:30:35 > 12:50]
SOAP:   6%|▌         | 1446/25248 [3:30:31 > 12:51]
SOAP:   6%|▌         | 1447/25248 [3:30:44 > 12:51]
SOAP:   6%|▌         | 1448/25248 [3:30:35 > 12:52]
SOAP:   6%|▌         | 1449/25248 [3:30:46 > 12:52]
SOAP:   6%|▌         | 1450/25248 [3:30:41 > 12:53]
SOAP:   6%|▌         | 1451/25248 [3:30:26 > 12:53]
SOAP:   6%|▌         | 1452/25248 [3:31:08 > 12:54]
SOAP:   6%|▌         | 1453/25248 [3:30:32 > 12:54]
SOAP:   6%|▌         | 1454/25248 [3:30:46 > 12:55]
SOAP:   6%|▌         | 1455/25248 [3:31:03 > 12:55]
SOAP:   6%|▌         | 1456/25248 [3:30:12 > 12:56]
SOAP:   6%|▌         | 1457/25248 [3:30:39 > 12:56]
SOAP:   6%|▌         | 1458/25248 [3:30:42 > 12:57]
SOAP:   6%|▌         | 1459/25248 [3:30:00 > 12:57]
SOAP:   6%|▌         | 1460/25248 [3:30:54 > 12:58]
SOAP:   6%|▌         | 1461/25248 [3:30:58 > 12:58]
SOAP:   6%|▌         | 1462/25248 [3:30:39 > 12:59]
SOAP:   6%|▌         | 1463/25248 [3:29:26 > 13:00]
SOAP:   6%|▌         | 1464/25248 [3:31:17 > 13:00]
SOAP:   6%|▌         | 1465/25248 [3:30:40 > 13:01]
SOAP:   6%|▌         | 1466/25248 [3:31:06 > 13:01]
SOAP:   6%|▌         | 1467/25248 [3:30:40 > 13:02]
SOAP:   6%|▌         | 1468/25248 [3:30:37 > 13:02]
SOAP:   6%|▌         | 1469/25248 [3:30:52 > 13:03]
SOAP:   6%|▌         | 1470/25248 [3:30:29 > 13:03]
SOAP:   6%|▌         | 1471/25248 [3:30:41 > 13:04]
SOAP:   6%|▌         | 1472/25248 [3:30:33 > 13:04]
SOAP:   6%|▌         | 1473/25248 [3:30:12 > 13:05]
SOAP:   6%|▌         | 1474/25248 [3:30:48 > 13:05]
SOAP:   6%|▌         | 1475/25248 [3:30:24 > 13:06]
SOAP:   6%|▌         | 1476/25248 [3:30:25 > 13:06]
SOAP:   6%|▌         | 1477/25248 [3:30:53 > 13:07]
SOAP:   6%|▌         | 1478/25248 [3:29:58 > 13:08]
SOAP:   6%|▌         | 1479/25248 [3:30:34 > 13:08]
SOAP:   6%|▌         | 1480/25248 [3:30:38 > 13:09]
SOAP:   6%|▌         | 1481/25248 [3:30:02 > 13:09]
SOAP:   6%|▌         | 1482/25248 [3:30:43 > 13:10]
SOAP:   6%|▌         | 1483/25248 [3:30:27 > 13:10]
SOAP:   6%|▌         | 1484/25248 [3:30:02 > 13:11]
SOAP:   6%|▌         | 1485/25248 [3:30:48 > 13:11]
SOAP:   6%|▌         | 1486/25248 [3:30:27 > 13:12]
SOAP:   6%|▌         | 1487/25248 [3:30:02 > 13:12]
SOAP:   6%|▌         | 1488/25248 [3:30:29 > 13:13]
SOAP:   6%|▌         | 1489/25248 [3:30:08 > 13:13]
SOAP:   6%|▌         | 1490/25248 [3:30:03 > 13:14]
SOAP:   6%|▌         | 1491/25248 [3:30:27 > 13:14]
SOAP:   6%|▌         | 1492/25248 [3:30:08 > 13:15]
SOAP:   6%|▌         | 1493/25248 [3:30:28 > 13:15]
SOAP:   6%|▌         | 1494/25248 [3:30:32 > 13:16]
SOAP:   6%|▌         | 1495/25248 [3:30:02 > 13:17]
SOAP:   6%|▌         | 1496/25248 [3:30:49 > 13:17]
SOAP:   6%|▌         | 1497/25248 [3:30:20 > 13:18]
SOAP:   6%|▌         | 1498/25248 [3:30:18 > 13:18]
SOAP:   6%|▌         | 1499/25248 [3:30:32 > 13:19]
SOAP:   6%|▌         | 1500/25248 [3:30:03 > 13:19]
SOAP:   6%|▌         | 1501/25248 [3:32:17 > 13:20]
SOAP:   6%|▌         | 1502/25248 [3:30:55 > 13:20]
SOAP:   6%|▌         | 1503/25248 [3:30:03 > 13:21]
SOAP:   6%|▌         | 1504/25248 [3:30:38 > 13:21]
SOAP:   6%|▌         | 1505/25248 [3:30:25 > 13:22]
SOAP:   6%|▌         | 1506/25248 [3:29:38 > 13:22]
SOAP:   6%|▌         | 1507/25248 [3:30:23 > 13:23]
SOAP:   6%|▌         | 1508/25248 [3:29:53 > 13:23]
SOAP:   6%|▌         | 1509/25248 [3:29:29 > 13:24]
SOAP:   6%|▌         | 1510/25248 [3:28:37 > 13:25]
SOAP:   6%|▌         | 1511/25248 [3:30:31 > 13:25]
SOAP:   6%|▌         | 1512/25248 [3:30:17 > 13:26]
SOAP:   6%|▌         | 1513/25248 [3:30:31 > 13:26]
SOAP:   6%|▌         | 1514/25248 [3:29:55 > 13:27]
SOAP:   6%|▌         | 1515/25248 [3:30:08 > 13:27]
SOAP:   6%|▌         | 1516/25248 [3:30:00 > 13:28]
SOAP:   6%|▌         | 1517/25248 [3:29:42 > 13:28]
SOAP:   6%|▌         | 1518/25248 [3:30:13 > 13:29]
SOAP:   6%|▌         | 1519/25248 [3:29:49 > 13:29]
SOAP:   6%|▌         | 1520/25248 [3:29:49 > 13:30]
SOAP:   6%|▌         | 1521/25248 [3:30:20 > 13:30]
SOAP:   6%|▌         | 1522/25248 [3:29:38 > 13:31]
SOAP:   6%|▌         | 1523/25248 [3:29:47 > 13:31]
SOAP:   6%|▌         | 1524/25248 [3:30:13 > 13:32]
SOAP:   6%|▌         | 1525/25248 [3:29:33 > 13:32]
SOAP:   6%|▌         | 1526/25248 [3:30:12 > 13:33]
SOAP:   6%|▌         | 1527/25248 [3:30:09 > 13:34]
SOAP:   6%|▌         | 1528/25248 [3:29:33 > 13:34]
SOAP:   6%|▌         | 1529/25248 [3:30:10 > 13:35]
SOAP:   6%|▌         | 1530/25248 [3:29:54 > 13:35]
SOAP:   6%|▌         | 1531/25248 [3:29:30 > 13:36]
SOAP:   6%|▌         | 1532/25248 [3:30:02 > 13:36]
SOAP:   6%|▌         | 1533/25248 [3:30:09 > 13:37]
SOAP:   6%|▌         | 1534/25248 [3:30:15 > 13:37]
SOAP:   6%|▌         | 1535/25248 [3:30:24 > 13:38]
SOAP:   6%|▌         | 1536/25248 [3:30:09 > 13:38]
SOAP:   6%|▌         | 1537/25248 [3:30:10 > 13:39]
SOAP:   6%|▌         | 1538/25248 [3:29:55 > 13:39]
SOAP:   6%|▌         | 1539/25248 [3:29:38 > 13:40]
SOAP:   6%|▌         | 1540/25248 [3:30:04 > 13:40]
SOAP:   6%|▌         | 1541/25248 [3:29:56 > 13:41]
SOAP:   6%|▌         | 1542/25248 [3:29:55 > 13:42]
SOAP:   6%|▌         | 1543/25248 [3:30:17 > 13:42]
SOAP:   6%|▌         | 1544/25248 [3:29:37 > 13:43]
SOAP:   6%|▌         | 1545/25248 [3:29:50 > 13:43]
SOAP:   6%|▌         | 1546/25248 [3:30:11 > 13:44]
SOAP:   6%|▌         | 1547/25248 [3:29:20 > 13:44]
SOAP:   6%|▌         | 1548/25248 [3:29:55 > 13:45]
SOAP:   6%|▌         | 1549/25248 [3:30:00 > 13:45]
SOAP:   6%|▌         | 1550/25248 [3:29:11 > 13:46]
SOAP:   6%|▌         | 1551/25248 [3:30:09 > 13:46]
SOAP:   6%|▌         | 1552/25248 [3:29:48 > 13:47]
SOAP:   6%|▌         | 1553/25248 [3:29:11 > 13:47]
SOAP:   6%|▌         | 1554/25248 [3:29:51 > 13:48]
SOAP:   6%|▌         | 1555/25248 [3:29:47 > 13:48]
SOAP:   6%|▌         | 1556/25248 [3:29:29 > 13:49]
SOAP:   6%|▌         | 1557/25248 [3:29:55 > 13:49]
SOAP:   6%|▌         | 1558/25248 [3:29:35 > 13:50]
SOAP:   6%|▌         | 1559/25248 [3:29:31 > 13:51]
SOAP:   6%|▌         | 1560/25248 [3:29:29 > 13:51]
SOAP:   6%|▌         | 1561/25248 [3:29:11 > 13:52]
SOAP:   6%|▌         | 1562/25248 [3:29:35 > 13:52]
SOAP:   6%|▌         | 1563/25248 [3:29:40 > 13:53]
SOAP:   6%|▌         | 1564/25248 [3:30:02 > 13:53]
SOAP:   6%|▌         | 1565/25248 [3:30:24 > 13:54]
SOAP:   6%|▌         | 1566/25248 [3:29:41 > 13:54]
SOAP:   6%|▌         | 1567/25248 [3:29:48 > 13:55]
SOAP:   6%|▌         | 1568/25248 [3:30:06 > 13:55]
SOAP:   6%|▌         | 1569/25248 [3:29:29 > 13:56]
SOAP:   6%|▌         | 1570/25248 [3:30:23 > 13:56]
SOAP:   6%|▌         | 1571/25248 [3:30:11 > 13:57]
SOAP:   6%|▌         | 1572/25248 [3:29:16 > 13:57]
SOAP:   6%|▌         | 1573/25248 [3:30:00 > 13:58]
SOAP:   6%|▌         | 1574/25248 [3:30:05 > 13:59]
SOAP:   6%|▌         | 1575/25248 [3:29:26 > 13:59]
SOAP:   6%|▌         | 1576/25248 [3:30:09 > 14:00]
SOAP:   6%|▌         | 1577/25248 [3:29:52 > 14:00]
SOAP:   6%|▋         | 1578/25248 [3:29:19 > 14:01]
SOAP:   6%|▋         | 1579/25248 [3:29:50 > 14:01]
SOAP:   6%|▋         | 1580/25248 [3:29:26 > 14:02]
SOAP:   6%|▋         | 1581/25248 [3:29:14 > 14:02]
SOAP:   6%|▋         | 1582/25248 [3:29:47 > 14:03]
SOAP:   6%|▋         | 1583/25248 [3:29:58 > 14:03]
SOAP:   6%|▋         | 1584/25248 [3:30:00 > 14:04]
SOAP:   6%|▋         | 1585/25248 [3:29:58 > 14:04]
SOAP:   6%|▋         | 1586/25248 [3:29:26 > 14:05]
SOAP:   6%|▋         | 1587/25248 [3:30:02 > 14:05]
SOAP:   6%|▋         | 1588/25248 [3:29:32 > 14:06]
SOAP:   6%|▋         | 1589/25248 [3:29:31 > 14:06]
SOAP:   6%|▋         | 1590/25248 [3:29:56 > 14:07]
SOAP:   6%|▋         | 1591/25248 [3:29:12 > 14:08]
SOAP:   6%|▋         | 1592/25248 [3:29:29 > 14:08]
SOAP:   6%|▋         | 1593/25248 [3:29:36 > 14:09]
SOAP:   6%|▋         | 1594/25248 [3:28:27 > 14:09]
SOAP:   6%|▋         | 1595/25248 [3:29:37 > 14:10]
SOAP:   6%|▋         | 1596/25248 [3:29:27 > 14:10]
SOAP:   6%|▋         | 1597/25248 [3:28:49 > 14:11]
SOAP:   6%|▋         | 1598/25248 [3:29:24 > 14:11]
SOAP:   6%|▋         | 1599/25248 [3:29:03 > 14:12]
SOAP:   6%|▋         | 1600/25248 [3:28:40 > 14:12]
SOAP:   6%|▋         | 1601/25248 [3:31:25 > 14:13]
SOAP:   6%|▋         | 1602/25248 [3:29:38 > 14:13]
SOAP:   6%|▋         | 1603/25248 [3:29:22 > 14:14]
SOAP:   6%|▋         | 1604/25248 [3:29:35 > 14:14]
SOAP:   6%|▋         | 1605/25248 [3:29:08 > 14:15]
SOAP:   6%|▋         | 1606/25248 [3:29:18 > 14:16]
SOAP:   6%|▋         | 1607/25248 [3:29:18 > 14:16]
SOAP:   6%|▋         | 1608/25248 [3:28:50 > 14:17]
SOAP:   6%|▋         | 1609/25248 [3:29:22 > 14:17]
SOAP:   6%|▋         | 1610/25248 [3:29:11 > 14:18]
SOAP:   6%|▋         | 1611/25248 [3:29:03 > 14:18]
SOAP:   6%|▋         | 1612/25248 [3:29:32 > 14:19]
SOAP:   6%|▋         | 1613/25248 [3:28:53 > 14:19]
SOAP:   6%|▋         | 1614/25248 [3:29:07 > 14:20]
SOAP:   6%|▋         | 1615/25248 [3:29:23 > 14:20]
SOAP:   6%|▋         | 1616/25248 [3:28:52 > 14:21]
SOAP:   6%|▋         | 1617/25248 [3:29:29 > 14:21]
SOAP:   6%|▋         | 1618/25248 [3:29:33 > 14:22]
SOAP:   6%|▋         | 1619/25248 [3:28:47 > 14:22]
SOAP:   6%|▋         | 1620/25248 [3:29:43 > 14:23]
SOAP:   6%|▋         | 1621/25248 [3:29:13 > 14:23]
SOAP:   6%|▋         | 1622/25248 [3:28:44 > 14:24]
SOAP:   6%|▋         | 1623/25248 [3:29:18 > 14:25]
SOAP:   6%|▋         | 1624/25248 [3:29:09 > 14:25]
SOAP:   6%|▋         | 1625/25248 [3:28:53 > 14:26]
SOAP:   6%|▋         | 1626/25248 [3:29:31 > 14:26]
SOAP:   6%|▋         | 1627/25248 [3:29:33 > 14:27]
SOAP:   6%|▋         | 1628/25248 [3:29:38 > 14:27]
SOAP:   6%|▋         | 1629/25248 [3:29:26 > 14:28]
SOAP:   6%|▋         | 1630/25248 [3:29:02 > 14:28]
SOAP:   6%|▋         | 1631/25248 [3:29:22 > 14:29]
SOAP:   6%|▋         | 1632/25248 [3:28:58 > 14:29]
SOAP:   6%|▋         | 1633/25248 [3:28:44 > 14:30]
SOAP:   6%|▋         | 1634/25248 [3:29:25 > 14:30]
SOAP:   6%|▋         | 1635/25248 [3:28:42 > 14:31]
SOAP:   6%|▋         | 1636/25248 [3:28:59 > 14:31]
SOAP:   6%|▋         | 1637/25248 [3:29:24 > 14:32]
SOAP:   6%|▋         | 1638/25248 [3:28:42 > 14:33]
SOAP:   6%|▋         | 1639/25248 [3:29:19 > 14:33]
SOAP:   6%|▋         | 1640/25248 [3:30:17 > 14:34]
SOAP:   6%|▋         | 1641/25248 [3:29:58 > 14:34]
SOAP:   7%|▋         | 1642/25248 [3:30:55 > 14:35]
SOAP:   7%|▋         | 1643/25248 [3:31:01 > 14:35]
SOAP:   7%|▋         | 1644/25248 [3:30:21 > 14:36]
SOAP:   7%|▋         | 1645/25248 [3:31:15 > 14:36]
SOAP:   7%|▋         | 1646/25248 [3:31:02 > 14:37]
SOAP:   7%|▋         | 1647/25248 [3:30:21 > 14:37]
SOAP:   7%|▋         | 1648/25248 [3:30:40 > 14:38]
SOAP:   7%|▋         | 1649/25248 [3:30:34 > 14:38]
SOAP:   7%|▋         | 1650/25248 [3:30:33 > 14:39]
SOAP:   7%|▋         | 1651/25248 [3:31:16 > 14:39]
SOAP:   7%|▋         | 1652/25248 [3:30:58 > 14:40]
SOAP:   7%|▋         | 1653/25248 [3:30:52 > 14:41]
SOAP:   7%|▋         | 1654/25248 [3:30:54 > 14:41]
SOAP:   7%|▋         | 1655/25248 [3:30:52 > 14:42]
SOAP:   7%|▋         | 1656/25248 [3:31:14 > 14:42]
SOAP:   7%|▋         | 1657/25248 [3:31:07 > 14:43]
SOAP:   7%|▋         | 1658/25248 [3:30:51 > 14:43]
SOAP:   7%|▋         | 1659/25248 [3:31:13 > 14:44]
SOAP:   7%|▋         | 1660/25248 [3:30:46 > 14:44]
SOAP:   7%|▋         | 1661/25248 [3:30:53 > 14:45]
SOAP:   7%|▋         | 1662/25248 [3:31:26 > 14:45]
SOAP:   7%|▋         | 1663/25248 [3:30:51 > 14:46]
SOAP:   7%|▋         | 1664/25248 [3:29:09 > 14:46]
SOAP:   7%|▋         | 1665/25248 [3:30:31 > 14:47]
SOAP:   7%|▋         | 1666/25248 [3:29:25 > 14:48]
SOAP:   7%|▋         | 1667/25248 [3:30:32 > 14:48]
SOAP:   7%|▋         | 1668/25248 [3:30:32 > 14:49]
SOAP:   7%|▋         | 1669/25248 [3:29:59 > 14:49]
SOAP:   7%|▋         | 1670/25248 [3:30:45 > 14:50]
SOAP:   7%|▋         | 1671/25248 [3:31:06 > 14:50]
SOAP:   7%|▋         | 1672/25248 [3:30:00 > 14:51]
SOAP:   7%|▋         | 1673/25248 [3:30:42 > 14:51]
SOAP:   7%|▋         | 1674/25248 [3:30:19 > 14:52]
SOAP:   7%|▋         | 1675/25248 [3:30:13 > 14:52]
SOAP:   7%|▋         | 1676/25248 [3:30:51 > 14:53]
SOAP:   7%|▋         | 1677/25248 [3:30:38 > 14:53]
SOAP:   7%|▋         | 1678/25248 [3:29:37 > 14:54]
SOAP:   7%|▋         | 1679/25248 [3:30:14 > 14:54]
SOAP:   7%|▋         | 1680/25248 [3:30:04 > 14:55]
SOAP:   7%|▋         | 1681/25248 [3:30:14 > 14:56]
SOAP:   7%|▋         | 1682/25248 [3:30:33 > 14:56]
SOAP:   7%|▋         | 1683/25248 [3:30:28 > 14:57]
SOAP:   7%|▋         | 1684/25248 [3:30:47 > 14:57]
SOAP:   7%|▋         | 1685/25248 [3:30:47 > 14:58]
SOAP:   7%|▋         | 1686/25248 [3:30:32 > 14:58]
SOAP:   7%|▋         | 1687/25248 [3:30:55 > 14:59]
SOAP:   7%|▋         | 1688/25248 [3:30:42 > 14:59]
SOAP:   7%|▋         | 1689/25248 [3:30:31 > 15:00]
SOAP:   7%|▋         | 1690/25248 [3:31:14 > 15:00]
SOAP:   7%|▋         | 1691/25248 [3:30:36 > 15:01]
SOAP:   7%|▋         | 1692/25248 [3:30:37 > 15:01]
SOAP:   7%|▋         | 1693/25248 [3:31:09 > 15:02]
SOAP:   7%|▋         | 1694/25248 [3:30:39 > 15:03]
SOAP:   7%|▋         | 1695/25248 [3:30:44 > 15:03]
SOAP:   7%|▋         | 1696/25248 [3:30:09 > 15:04]
SOAP:   7%|▋         | 1697/25248 [3:29:18 > 15:04]
SOAP:   7%|▋         | 1698/25248 [3:30:21 > 15:05]
SOAP:   7%|▋         | 1699/25248 [3:30:22 > 15:05]
SOAP:   7%|▋         | 1700/25248 [3:29:55 > 15:06]
SOAP:   7%|▋         | 1701/25248 [3:31:57 > 15:06]
SOAP:   7%|▋         | 1702/25248 [3:31:24 > 15:07]
SOAP:   7%|▋         | 1703/25248 [3:30:48 > 15:07]
SOAP:   7%|▋         | 1704/25248 [3:31:16 > 15:08]
SOAP:   7%|▋         | 1705/25248 [3:30:44 > 15:08]
SOAP:   7%|▋         | 1706/25248 [3:30:22 > 15:09]
SOAP:   7%|▋         | 1707/25248 [3:28:59 > 15:10]
SOAP:   7%|▋         | 1708/25248 [3:30:19 > 15:10]
SOAP:   7%|▋         | 1709/25248 [3:30:12 > 15:11]
SOAP:   7%|▋         | 1710/25248 [3:30:41 > 15:11]
SOAP:   7%|▋         | 1711/25248 [3:30:19 > 15:12]
SOAP:   7%|▋         | 1712/25248 [3:30:26 > 15:12]
SOAP:   7%|▋         | 1713/25248 [3:30:46 > 15:13]
SOAP:   7%|▋         | 1714/25248 [3:30:29 > 15:13]
SOAP:   7%|▋         | 1715/25248 [3:30:40 > 15:14]
SOAP:   7%|▋         | 1716/25248 [3:30:39 > 15:14]
SOAP:   7%|▋         | 1717/25248 [3:30:26 > 15:15]
SOAP:   7%|▋         | 1718/25248 [3:30:54 > 15:15]
SOAP:   7%|▋         | 1719/25248 [3:30:37 > 15:16]
SOAP:   7%|▋         | 1720/25248 [3:30:38 > 15:16]
SOAP:   7%|▋         | 1721/25248 [3:31:06 > 15:17]
SOAP:   7%|▋         | 1722/25248 [3:30:45 > 15:18]
SOAP:   7%|▋         | 1723/25248 [3:30:44 > 15:18]
SOAP:   7%|▋         | 1724/25248 [3:31:13 > 15:19]
SOAP:   7%|▋         | 1725/25248 [3:30:21 > 15:19]
SOAP:   7%|▋         | 1726/25248 [3:28:54 > 15:20]
SOAP:   7%|▋         | 1727/25248 [3:30:33 > 15:20]
SOAP:   7%|▋         | 1728/25248 [3:29:51 > 15:21]
SOAP:   7%|▋         | 1729/25248 [3:30:40 > 15:21]
SOAP:   7%|▋         | 1730/25248 [3:30:41 > 15:22]
SOAP:   7%|▋         | 1731/25248 [3:29:50 > 15:22]
SOAP:   7%|▋         | 1732/25248 [3:30:35 > 15:23]
SOAP:   7%|▋         | 1733/25248 [3:30:10 > 15:23]
SOAP:   7%|▋         | 1734/25248 [3:29:50 > 15:24]
SOAP:   7%|▋         | 1735/25248 [3:30:33 > 15:25]
SOAP:   7%|▋         | 1736/25248 [3:29:39 > 15:25]
SOAP:   7%|▋         | 1737/25248 [3:29:27 > 15:26]
SOAP:   7%|▋         | 1738/25248 [3:30:19 > 15:26]
SOAP:   7%|▋         | 1739/25248 [3:30:03 > 15:27]
SOAP:   7%|▋         | 1740/25248 [3:30:11 > 15:27]
SOAP:   7%|▋         | 1741/25248 [3:30:26 > 15:28]
SOAP:   7%|▋         | 1742/25248 [3:30:20 > 15:28]
SOAP:   7%|▋         | 1743/25248 [3:30:15 > 15:29]
SOAP:   7%|▋         | 1744/25248 [3:29:49 > 15:29]
SOAP:   7%|▋         | 1745/25248 [3:28:38 > 15:30]
SOAP:   7%|▋         | 1746/25248 [3:30:02 > 15:30]
SOAP:   7%|▋         | 1747/25248 [3:29:48 > 15:31]
SOAP:   7%|▋         | 1748/25248 [3:29:44 > 15:32]
SOAP:   7%|▋         | 1749/25248 [3:30:38 > 15:32]
SOAP:   7%|▋         | 1750/25248 [3:31:05 > 15:33]
SOAP:   7%|▋         | 1751/25248 [3:29:48 > 15:33]
SOAP:   7%|▋         | 1752/25248 [3:30:27 > 15:34]
SOAP:   7%|▋         | 1753/25248 [3:29:39 > 15:34]
SOAP:   7%|▋         | 1754/25248 [3:30:12 > 15:35]
SOAP:   7%|▋         | 1755/25248 [3:30:13 > 15:35]
SOAP:   7%|▋         | 1756/25248 [3:29:39 > 15:36]
SOAP:   7%|▋         | 1757/25248 [3:30:28 > 15:36]
SOAP:   7%|▋         | 1758/25248 [3:30:20 > 15:37]
SOAP:   7%|▋         | 1759/25248 [3:29:04 > 15:37]
SOAP:   7%|▋         | 1760/25248 [3:30:09 > 15:38]
SOAP:   7%|▋         | 1761/25248 [3:29:57 > 15:38]
SOAP:   7%|▋         | 1762/25248 [3:29:30 > 15:39]
SOAP:   7%|▋         | 1763/25248 [3:30:07 > 15:40]
SOAP:   7%|▋         | 1764/25248 [3:30:04 > 15:40]
SOAP:   7%|▋         | 1765/25248 [3:29:45 > 15:41]
SOAP:   7%|▋         | 1766/25248 [3:30:01 > 15:41]
SOAP:   7%|▋         | 1767/25248 [3:29:55 > 15:42]
SOAP:   7%|▋         | 1768/25248 [3:30:01 > 15:42]
SOAP:   7%|▋         | 1769/25248 [3:30:05 > 15:43]
SOAP:   7%|▋         | 1770/25248 [3:29:54 > 15:43]
SOAP:   7%|▋         | 1771/25248 [3:30:07 > 15:44]
SOAP:   7%|▋         | 1772/25248 [3:29:48 > 15:44]
SOAP:   7%|▋         | 1773/25248 [3:29:41 > 15:45]
SOAP:   7%|▋         | 1774/25248 [3:29:57 > 15:45]
SOAP:   7%|▋         | 1775/25248 [3:29:49 > 15:46]
SOAP:   7%|▋         | 1776/25248 [3:29:39 > 15:47]
SOAP:   7%|▋         | 1777/25248 [3:30:14 > 15:47]
SOAP:   7%|▋         | 1778/25248 [3:29:36 > 15:48]
SOAP:   7%|▋         | 1779/25248 [3:29:45 > 15:48]
SOAP:   7%|▋         | 1780/25248 [3:30:22 > 15:49]
SOAP:   7%|▋         | 1781/25248 [3:29:36 > 15:49]
SOAP:   7%|▋         | 1782/25248 [3:29:55 > 15:50]
SOAP:   7%|▋         | 1783/25248 [3:30:23 > 15:50]
SOAP:   7%|▋         | 1784/25248 [3:29:29 > 15:51]
SOAP:   7%|▋         | 1785/25248 [3:30:14 > 15:51]
SOAP:   7%|▋         | 1786/25248 [3:30:01 > 15:52]
SOAP:   7%|▋         | 1787/25248 [3:29:23 > 15:52]
SOAP:   7%|▋         | 1788/25248 [3:30:04 > 15:53]
SOAP:   7%|▋         | 1789/25248 [3:29:10 > 15:54]
SOAP:   7%|▋         | 1790/25248 [3:28:39 > 15:54]
SOAP:   7%|▋         | 1791/25248 [3:29:44 > 15:55]
SOAP:   7%|▋         | 1792/25248 [3:29:35 > 15:55]
SOAP:   7%|▋         | 1793/25248 [3:29:16 > 15:56]
SOAP:   7%|▋         | 1794/25248 [3:29:57 > 15:56]
SOAP:   7%|▋         | 1795/25248 [3:29:47 > 15:57]
SOAP:   7%|▋         | 1796/25248 [3:29:38 > 15:57]
SOAP:   7%|▋         | 1797/25248 [3:30:11 > 15:58]
SOAP:   7%|▋         | 1798/25248 [3:29:47 > 15:58]
SOAP:   7%|▋         | 1799/25248 [3:29:40 > 15:59]
SOAP:   7%|▋         | 1800/25248 [3:29:43 > 15:59]
SOAP:   7%|▋         | 1801/25248 [3:30:32 > 16:00]
SOAP:   7%|▋         | 1802/25248 [3:30:31 > 16:00]
SOAP:   7%|▋         | 1803/25248 [3:30:26 > 16:01]
SOAP:   7%|▋         | 1804/25248 [3:29:52 > 16:02]
SOAP:   7%|▋         | 1805/25248 [3:30:23 > 16:02]
SOAP:   7%|▋         | 1806/25248 [3:29:59 > 16:03]
SOAP:   7%|▋         | 1807/25248 [3:29:45 > 16:03]
SOAP:   7%|▋         | 1808/25248 [3:30:14 > 16:04]
SOAP:   7%|▋         | 1809/25248 [3:29:44 > 16:04]
SOAP:   7%|▋         | 1810/25248 [3:29:55 > 16:05]
SOAP:   7%|▋         | 1811/25248 [3:30:17 > 16:05]
SOAP:   7%|▋         | 1812/25248 [3:29:26 > 16:06]
SOAP:   7%|▋         | 1813/25248 [3:29:55 > 16:06]
SOAP:   7%|▋         | 1814/25248 [3:29:55 > 16:07]
SOAP:   7%|▋         | 1815/25248 [3:29:19 > 16:07]
SOAP:   7%|▋         | 1816/25248 [3:30:04 > 16:08]
SOAP:   7%|▋         | 1817/25248 [3:30:02 > 16:09]
SOAP:   7%|▋         | 1818/25248 [3:27:32 > 16:09]
SOAP:   7%|▋         | 1819/25248 [3:29:53 > 16:10]
SOAP:   7%|▋         | 1820/25248 [3:29:24 > 16:10]
SOAP:   7%|▋         | 1821/25248 [3:29:04 > 16:11]
SOAP:   7%|▋         | 1822/25248 [3:29:48 > 16:11]
SOAP:   7%|▋         | 1823/25248 [3:29:32 > 16:12]
SOAP:   7%|▋         | 1824/25248 [3:29:16 > 16:12]
SOAP:   7%|▋         | 1825/25248 [3:29:55 > 16:13]
SOAP:   7%|▋         | 1826/25248 [3:29:36 > 16:13]
SOAP:   7%|▋         | 1827/25248 [3:29:27 > 16:14]
SOAP:   7%|▋         | 1828/25248 [3:29:50 > 16:14]
SOAP:   7%|▋         | 1829/25248 [3:29:31 > 16:15]
SOAP:   7%|▋         | 1830/25248 [3:29:33 > 16:16]
SOAP:   7%|▋         | 1831/25248 [3:29:33 > 16:16]
SOAP:   7%|▋         | 1832/25248 [3:29:11 > 16:17]
SOAP:   7%|▋         | 1833/25248 [3:29:41 > 16:17]
SOAP:   7%|▋         | 1834/25248 [3:29:26 > 16:18]
SOAP:   7%|▋         | 1835/25248 [3:29:10 > 16:18]
SOAP:   7%|▋         | 1836/25248 [3:29:51 > 16:19]
SOAP:   7%|▋         | 1837/25248 [3:29:29 > 16:19]
SOAP:   7%|▋         | 1838/25248 [3:29:20 > 16:20]
SOAP:   7%|▋         | 1839/25248 [3:28:15 > 16:20]
SOAP:   7%|▋         | 1840/25248 [3:29:05 > 16:21]
SOAP:   7%|▋         | 1841/25248 [3:29:27 > 16:21]
SOAP:   7%|▋         | 1842/25248 [3:29:44 > 16:22]
SOAP:   7%|▋         | 1843/25248 [3:29:07 > 16:22]
SOAP:   7%|▋         | 1844/25248 [3:29:30 > 16:23]
SOAP:   7%|▋         | 1845/25248 [3:29:37 > 16:24]
SOAP:   7%|▋         | 1846/25248 [3:28:54 > 16:24]
SOAP:   7%|▋         | 1847/25248 [3:29:35 > 16:25]
SOAP:   7%|▋         | 1848/25248 [3:29:31 > 16:25]
SOAP:   7%|▋         | 1849/25248 [3:28:47 > 16:26]
SOAP:   7%|▋         | 1850/25248 [3:29:38 > 16:26]
SOAP:   7%|▋         | 1851/25248 [3:30:11 > 16:27]
SOAP:   7%|▋         | 1852/25248 [3:26:51 > 16:27]
SOAP:   7%|▋         | 1853/25248 [3:29:21 > 16:28]
SOAP:   7%|▋         | 1854/25248 [3:29:01 > 16:28]
SOAP:   7%|▋         | 1855/25248 [3:28:56 > 16:29]
SOAP:   7%|▋         | 1856/25248 [3:29:13 > 16:29]
SOAP:   7%|▋         | 1857/25248 [3:28:58 > 16:30]
SOAP:   7%|▋         | 1858/25248 [3:27:10 > 16:31]
SOAP:   7%|▋         | 1859/25248 [3:28:59 > 16:31]
SOAP:   7%|▋         | 1860/25248 [3:28:45 > 16:32]
SOAP:   7%|▋         | 1861/25248 [3:29:07 > 16:32]
SOAP:   7%|▋         | 1862/25248 [3:29:01 > 16:33]
SOAP:   7%|▋         | 1863/25248 [3:28:47 > 16:33]
SOAP:   7%|▋         | 1864/25248 [3:29:25 > 16:34]
SOAP:   7%|▋         | 1865/25248 [3:29:06 > 16:34]
SOAP:   7%|▋         | 1866/25248 [3:29:10 > 16:35]
SOAP:   7%|▋         | 1867/25248 [3:29:40 > 16:35]
SOAP:   7%|▋         | 1868/25248 [3:29:02 > 16:36]
SOAP:   7%|▋         | 1869/25248 [3:29:01 > 16:36]
SOAP:   7%|▋         | 1870/25248 [3:28:58 > 16:37]
SOAP:   7%|▋         | 1871/25248 [3:28:29 > 16:38]
SOAP:   7%|▋         | 1872/25248 [3:29:18 > 16:38]
SOAP:   7%|▋         | 1873/25248 [3:29:14 > 16:39]
SOAP:   7%|▋         | 1874/25248 [3:28:43 > 16:39]
SOAP:   7%|▋         | 1875/25248 [3:29:35 > 16:40]
SOAP:   7%|▋         | 1876/25248 [3:29:17 > 16:40]
SOAP:   7%|▋         | 1877/25248 [3:27:53 > 16:41]
SOAP:   7%|▋         | 1878/25248 [3:29:13 > 16:41]
SOAP:   7%|▋         | 1879/25248 [3:28:52 > 16:42]
SOAP:   7%|▋         | 1880/25248 [3:28:38 > 16:42]
SOAP:   7%|▋         | 1881/25248 [3:29:19 > 16:43]
SOAP:   7%|▋         | 1882/25248 [3:29:51 > 16:43]
SOAP:   7%|▋         | 1883/25248 [3:28:36 > 16:44]
SOAP:   7%|▋         | 1884/25248 [3:29:03 > 16:44]
SOAP:   7%|▋         | 1885/25248 [3:28:51 > 16:45]
SOAP:   7%|▋         | 1886/25248 [3:28:52 > 16:46]
SOAP:   7%|▋         | 1887/25248 [3:29:17 > 16:46]
SOAP:   7%|▋         | 1888/25248 [3:28:56 > 16:47]
SOAP:   7%|▋         | 1889/25248 [3:29:16 > 16:47]
SOAP:   7%|▋         | 1890/25248 [3:29:06 > 16:48]
SOAP:   7%|▋         | 1891/25248 [3:28:59 > 16:48]
SOAP:   7%|▋         | 1892/25248 [3:29:08 > 16:49]
SOAP:   7%|▋         | 1893/25248 [3:28:49 > 16:49]
SOAP:   8%|▊         | 1894/25248 [3:28:44 > 16:50]
SOAP:   8%|▊         | 1895/25248 [3:29:20 > 16:50]
SOAP:   8%|▊         | 1896/25248 [3:28:49 > 16:51]
SOAP:   8%|▊         | 1897/25248 [3:28:58 > 16:51]
SOAP:   8%|▊         | 1898/25248 [3:29:27 > 16:52]
SOAP:   8%|▊         | 1899/25248 [3:28:50 > 16:53]
SOAP:   8%|▊         | 1900/25248 [3:29:14 > 16:53]
SOAP:   8%|▊         | 1901/25248 [3:30:18 > 16:54]
SOAP:   8%|▊         | 1902/25248 [3:29:35 > 16:54]
SOAP:   8%|▊         | 1903/25248 [3:27:47 > 16:55]
SOAP:   8%|▊         | 1904/25248 [3:29:30 > 16:55]
SOAP:   8%|▊         | 1905/25248 [3:28:35 > 16:56]
SOAP:   8%|▊         | 1906/25248 [3:28:28 > 16:56]
SOAP:   8%|▊         | 1907/25248 [3:27:54 > 16:57]
SOAP:   8%|▊         | 1908/25248 [3:26:58 > 16:57]
SOAP:   8%|▊         | 1909/25248 [3:27:21 > 16:58]
SOAP:   8%|▊         | 1910/25248 [3:26:58 > 16:58]
SOAP:   8%|▊         | 1911/25248 [3:26:25 > 16:59]
SOAP:   8%|▊         | 1912/25248 [3:26:40 > 16:59]
SOAP:   8%|▊         | 1913/25248 [3:26:33 > 17:00]
SOAP:   8%|▊         | 1914/25248 [3:26:32 > 17:01]
SOAP:   8%|▊         | 1915/25248 [3:26:42 > 17:01]
SOAP:   8%|▊         | 1916/25248 [3:26:43 > 17:02]
SOAP:   8%|▊         | 1917/25248 [3:26:56 > 17:02]
SOAP:   8%|▊         | 1918/25248 [3:26:30 > 17:03]
SOAP:   8%|▊         | 1919/25248 [3:26:33 > 17:03]
SOAP:   8%|▊         | 1920/25248 [3:27:02 > 17:04]
SOAP:   8%|▊         | 1921/25248 [3:26:28 > 17:04]
SOAP:   8%|▊         | 1922/25248 [3:26:37 > 17:05]
SOAP:   8%|▊         | 1923/25248 [3:26:54 > 17:05]
SOAP:   8%|▊         | 1924/25248 [3:25:59 > 17:06]
SOAP:   8%|▊         | 1925/25248 [3:26:41 > 17:06]
SOAP:   8%|▊         | 1926/25248 [3:26:48 > 17:07]
SOAP:   8%|▊         | 1927/25248 [3:25:59 > 17:07]
SOAP:   8%|▊         | 1928/25248 [3:26:41 > 17:08]
SOAP:   8%|▊         | 1929/25248 [3:26:32 > 17:09]
SOAP:   8%|▊         | 1930/25248 [3:25:51 > 17:09]
SOAP:   8%|▊         | 1931/25248 [3:26:46 > 17:10]
SOAP:   8%|▊         | 1932/25248 [3:26:33 > 17:10]
SOAP:   8%|▊         | 1933/25248 [3:26:20 > 17:11]
SOAP:   8%|▊         | 1934/25248 [3:26:52 > 17:11]
SOAP:   8%|▊         | 1935/25248 [3:25:00 > 17:12]
SOAP:   8%|▊         | 1936/25248 [3:26:47 > 17:12]
SOAP:   8%|▊         | 1937/25248 [3:26:45 > 17:13]
SOAP:   8%|▊         | 1938/25248 [3:26:32 > 17:13]
SOAP:   8%|▊         | 1939/25248 [3:26:26 > 17:14]
SOAP:   8%|▊         | 1940/25248 [3:26:22 > 17:14]
SOAP:   8%|▊         | 1941/25248 [3:26:27 > 17:15]
SOAP:   8%|▊         | 1942/25248 [3:26:59 > 17:15]
SOAP:   8%|▊         | 1943/25248 [3:26:20 > 17:16]
SOAP:   8%|▊         | 1944/25248 [3:26:42 > 17:16]
SOAP:   8%|▊         | 1945/25248 [3:26:50 > 17:17]
SOAP:   8%|▊         | 1946/25248 [3:25:56 > 17:18]
SOAP:   8%|▊         | 1947/25248 [3:26:35 > 17:18]
SOAP:   8%|▊         | 1948/25248 [3:26:32 > 17:19]
SOAP:   8%|▊         | 1949/25248 [3:25:47 > 17:19]
SOAP:   8%|▊         | 1950/25248 [3:26:45 > 17:20]
SOAP:   8%|▊         | 1951/25248 [3:26:26 > 17:20]
SOAP:   8%|▊         | 1952/25248 [3:25:37 > 17:21]
SOAP:   8%|▊         | 1953/25248 [3:26:26 > 17:21]
SOAP:   8%|▊         | 1954/25248 [3:26:08 > 17:22]
SOAP:   8%|▊         | 1955/25248 [3:25:38 > 17:22]
SOAP:   8%|▊         | 1956/25248 [3:26:13 > 17:23]
SOAP:   8%|▊         | 1957/25248 [3:25:54 > 17:23]
SOAP:   8%|▊         | 1958/25248 [3:26:03 > 17:24]
SOAP:   8%|▊         | 1959/25248 [3:26:07 > 17:24]
SOAP:   8%|▊         | 1960/25248 [3:25:48 > 17:25]
SOAP:   8%|▊         | 1961/25248 [3:26:11 > 17:26]
SOAP:   8%|▊         | 1962/25248 [3:26:05 > 17:26]
SOAP:   8%|▊         | 1963/25248 [3:25:55 > 17:27]
SOAP:   8%|▊         | 1964/25248 [3:26:31 > 17:27]
SOAP:   8%|▊         | 1965/25248 [3:25:51 > 17:28]
SOAP:   8%|▊         | 1966/25248 [3:26:00 > 17:28]
SOAP:   8%|▊         | 1967/25248 [3:26:24 > 17:29]
SOAP:   8%|▊         | 1968/25248 [3:25:46 > 17:29]
SOAP:   8%|▊         | 1969/25248 [3:26:24 > 17:30]
SOAP:   8%|▊         | 1970/25248 [3:26:25 > 17:30]
SOAP:   8%|▊         | 1971/25248 [3:25:35 > 17:31]
SOAP:   8%|▊         | 1972/25248 [3:26:36 > 17:31]
SOAP:   8%|▊         | 1973/25248 [3:26:20 > 17:32]
SOAP:   8%|▊         | 1974/25248 [3:25:36 > 17:32]
SOAP:   8%|▊         | 1975/25248 [3:26:12 > 17:33]
SOAP:   8%|▊         | 1976/25248 [3:25:54 > 17:33]
SOAP:   8%|▊         | 1977/25248 [3:25:26 > 17:34]
SOAP:   8%|▊         | 1978/25248 [3:26:05 > 17:35]
SOAP:   8%|▊         | 1979/25248 [3:25:45 > 17:35]
SOAP:   8%|▊         | 1980/25248 [3:25:48 > 17:36]
SOAP:   8%|▊         | 1981/25248 [3:26:06 > 17:36]
SOAP:   8%|▊         | 1982/25248 [3:26:13 > 17:37]
SOAP:   8%|▊         | 1983/25248 [3:26:37 > 17:37]
SOAP:   8%|▊         | 1984/25248 [3:26:23 > 17:38]
SOAP:   8%|▊         | 1985/25248 [3:24:34 > 17:38]
SOAP:   8%|▊         | 1986/25248 [3:26:51 > 17:39]
SOAP:   8%|▊         | 1987/25248 [3:26:18 > 17:39]
SOAP:   8%|▊         | 1988/25248 [3:26:10 > 17:40]
SOAP:   8%|▊         | 1989/25248 [3:26:37 > 17:40]
SOAP:   8%|▊         | 1990/25248 [3:26:03 > 17:41]
SOAP:   8%|▊         | 1991/25248 [3:26:21 > 17:41]
SOAP:   8%|▊         | 1992/25248 [3:26:32 > 17:42]
SOAP:   8%|▊         | 1993/25248 [3:25:49 > 17:43]
SOAP:   8%|▊         | 1994/25248 [3:26:16 > 17:43]
SOAP:   8%|▊         | 1995/25248 [3:26:17 > 17:44]
SOAP:   8%|▊         | 1996/25248 [3:25:31 > 17:44]
SOAP:   8%|▊         | 1997/25248 [3:26:08 > 17:45]
SOAP:   8%|▊         | 1998/25248 [3:26:01 > 17:45]
SOAP:   8%|▊         | 1999/25248 [3:25:31 > 17:46]
SOAP:   8%|▊         | 2000/25248 [3:25:59 > 17:46]
SOAP:   8%|▊         | 2001/25248 [3:27:42 > 17:47]
SOAP:   8%|▊         | 2002/25248 [3:26:06 > 17:47]
SOAP:   8%|▊         | 2003/25248 [3:26:24 > 17:48]
SOAP:   8%|▊         | 2004/25248 [3:26:12 > 17:48]
SOAP:   8%|▊         | 2005/25248 [3:26:09 > 17:49]
SOAP:   8%|▊         | 2006/25248 [3:26:19 > 17:49]
SOAP:   8%|▊         | 2007/25248 [3:25:51 > 17:50]
SOAP:   8%|▊         | 2008/25248 [3:26:08 > 17:51]
SOAP:   8%|▊         | 2009/25248 [3:24:07 > 17:51]
SOAP:   8%|▊         | 2010/25248 [3:26:03 > 17:52]
SOAP:   8%|▊         | 2011/25248 [3:26:29 > 17:52]
SOAP:   8%|▊         | 2012/25248 [3:26:01 > 17:53]
SOAP:   8%|▊         | 2013/25248 [3:25:50 > 17:53]
SOAP:   8%|▊         | 2014/25248 [3:26:29 > 17:54]
SOAP:   8%|▊         | 2015/25248 [3:25:34 > 17:54]
SOAP:   8%|▊         | 2016/25248 [3:26:08 > 17:55]
SOAP:   8%|▊         | 2017/25248 [3:26:10 > 17:55]
SOAP:   8%|▊         | 2018/25248 [3:25:59 > 17:56]
SOAP:   8%|▊         | 2019/25248 [3:26:37 > 17:56]
SOAP:   8%|▊         | 2020/25248 [3:26:17 > 17:57]
SOAP:   8%|▊         | 2021/25248 [3:25:35 > 17:57]
SOAP:   8%|▊         | 2022/25248 [3:25:56 > 17:58]
SOAP:   8%|▊         | 2023/25248 [3:25:50 > 17:58]
SOAP:   8%|▊         | 2024/25248 [3:25:29 > 17:59]
SOAP:   8%|▊         | 2025/25248 [3:26:05 > 18:00]
SOAP:   8%|▊         | 2026/25248 [3:26:18 > 18:00]
SOAP:   8%|▊         | 2027/25248 [3:25:48 > 18:01]
SOAP:   8%|▊         | 2028/25248 [3:26:08 > 18:01]
SOAP:   8%|▊         | 2029/25248 [3:25:41 > 18:02]
SOAP:   8%|▊         | 2030/25248 [3:25:52 > 18:02]
SOAP:   8%|▊         | 2031/25248 [3:25:41 > 18:03]
SOAP:   8%|▊         | 2032/25248 [3:25:26 > 18:03]
SOAP:   8%|▊         | 2033/25248 [3:25:48 > 18:04]
SOAP:   8%|▊         | 2034/25248 [3:25:28 > 18:04]
SOAP:   8%|▊         | 2035/25248 [3:25:35 > 18:05]
SOAP:   8%|▊         | 2036/25248 [3:26:05 > 18:05]
SOAP:   8%|▊         | 2037/25248 [3:25:32 > 18:06]
SOAP:   8%|▊         | 2038/25248 [3:25:56 > 18:06]
SOAP:   8%|▊         | 2039/25248 [3:26:13 > 18:07]
SOAP:   8%|▊         | 2040/25248 [3:25:24 > 18:08]
SOAP:   8%|▊         | 2041/25248 [3:26:02 > 18:08]
SOAP:   8%|▊         | 2042/25248 [3:25:53 > 18:09]
SOAP:   8%|▊         | 2043/25248 [3:25:13 > 18:09]
SOAP:   8%|▊         | 2044/25248 [3:25:46 > 18:10]
SOAP:   8%|▊         | 2045/25248 [3:25:28 > 18:10]
SOAP:   8%|▊         | 2046/25248 [3:25:22 > 18:11]
SOAP:   8%|▊         | 2047/25248 [3:25:49 > 18:11]
SOAP:   8%|▊         | 2048/25248 [3:24:25 > 18:12]
SOAP:   8%|▊         | 2049/25248 [3:26:09 > 18:12]
SOAP:   8%|▊         | 2050/25248 [3:26:14 > 18:13]
SOAP:   8%|▊         | 2051/25248 [3:25:56 > 18:13]
SOAP:   8%|▊         | 2052/25248 [3:25:59 > 18:14]
SOAP:   8%|▊         | 2053/25248 [3:25:44 > 18:14]
SOAP:   8%|▊         | 2054/25248 [3:25:27 > 18:15]
SOAP:   8%|▊         | 2055/25248 [3:25:50 > 18:16]
SOAP:   8%|▊         | 2056/25248 [3:25:14 > 18:16]
SOAP:   8%|▊         | 2057/25248 [3:25:08 > 18:17]
SOAP:   8%|▊         | 2058/25248 [3:25:37 > 18:17]
SOAP:   8%|▊         | 2059/25248 [3:25:02 > 18:18]
SOAP:   8%|▊         | 2060/25248 [3:25:26 > 18:18]
SOAP:   8%|▊         | 2061/25248 [3:25:52 > 18:19]
SOAP:   8%|▊         | 2062/25248 [3:25:08 > 18:19]
SOAP:   8%|▊         | 2063/25248 [3:25:41 > 18:20]
SOAP:   8%|▊         | 2064/25248 [3:25:45 > 18:20]
SOAP:   8%|▊         | 2065/25248 [3:25:05 > 18:21]
SOAP:   8%|▊         | 2066/25248 [3:25:43 > 18:21]
SOAP:   8%|▊         | 2067/25248 [3:24:14 > 18:22]
SOAP:   8%|▊         | 2068/25248 [3:25:10 > 18:22]
SOAP:   8%|▊         | 2069/25248 [3:25:55 > 18:23]
SOAP:   8%|▊         | 2070/25248 [3:25:44 > 18:23]
SOAP:   8%|▊         | 2071/25248 [3:25:11 > 18:24]
SOAP:   8%|▊         | 2072/25248 [3:25:33 > 18:25]
SOAP:   8%|▊         | 2073/25248 [3:25:24 > 18:25]
SOAP:   8%|▊         | 2074/25248 [3:25:19 > 18:26]
SOAP:   8%|▊         | 2075/25248 [3:25:23 > 18:26]
SOAP:   8%|▊         | 2076/25248 [3:25:15 > 18:27]
SOAP:   8%|▊         | 2077/25248 [3:25:27 > 18:27]
SOAP:   8%|▊         | 2078/25248 [3:25:10 > 18:28]
SOAP:   8%|▊         | 2079/25248 [3:25:10 > 18:28]
SOAP:   8%|▊         | 2080/25248 [3:25:43 > 18:29]
SOAP:   8%|▊         | 2081/25248 [3:25:19 > 18:29]
SOAP:   8%|▊         | 2082/25248 [3:25:47 > 18:30]
SOAP:   8%|▊         | 2083/25248 [3:26:00 > 18:30]
SOAP:   8%|▊         | 2084/25248 [3:25:07 > 18:31]
SOAP:   8%|▊         | 2085/25248 [3:25:29 > 18:31]
SOAP:   8%|▊         | 2086/25248 [3:23:53 > 18:32]
SOAP:   8%|▊         | 2087/25248 [3:25:15 > 18:33]
SOAP:   8%|▊         | 2088/25248 [3:25:40 > 18:33]
SOAP:   8%|▊         | 2089/25248 [3:25:23 > 18:34]
SOAP:   8%|▊         | 2090/25248 [3:24:47 > 18:34]
SOAP:   8%|▊         | 2091/25248 [3:25:29 > 18:35]
SOAP:   8%|▊         | 2092/25248 [3:25:14 > 18:35]
SOAP:   8%|▊         | 2093/25248 [3:24:37 > 18:36]
SOAP:   8%|▊         | 2094/25248 [3:23:56 > 18:36]
SOAP:   8%|▊         | 2095/25248 [3:25:32 > 18:37]
SOAP:   8%|▊         | 2096/25248 [3:25:13 > 18:37]
SOAP:   8%|▊         | 2097/25248 [3:25:18 > 18:38]
SOAP:   8%|▊         | 2098/25248 [3:25:08 > 18:38]
SOAP:   8%|▊         | 2099/25248 [3:25:08 > 18:39]
SOAP:   8%|▊         | 2100/25248 [3:25:11 > 18:39]
SOAP:   8%|▊         | 2101/25248 [3:26:45 > 18:40]
SOAP:   8%|▊         | 2102/25248 [3:25:47 > 18:41]
SOAP:   8%|▊         | 2103/25248 [3:25:20 > 18:41]
SOAP:   8%|▊         | 2104/25248 [3:25:15 > 18:42]
SOAP:   8%|▊         | 2105/25248 [3:24:02 > 18:42]
SOAP:   8%|▊         | 2106/25248 [3:25:30 > 18:43]
SOAP:   8%|▊         | 2107/25248 [3:25:43 > 18:43]
SOAP:   8%|▊         | 2108/25248 [3:25:40 > 18:44]
SOAP:   8%|▊         | 2109/25248 [3:24:45 > 18:44]
SOAP:   8%|▊         | 2110/25248 [3:25:12 > 18:45]
SOAP:   8%|▊         | 2111/25248 [3:25:06 > 18:45]
SOAP:   8%|▊         | 2112/25248 [3:24:12 > 18:46]
SOAP:   8%|▊         | 2113/25248 [3:25:09 > 18:46]
SOAP:   8%|▊         | 2114/25248 [3:25:00 > 18:47]
SOAP:   8%|▊         | 2115/25248 [3:24:22 > 18:47]
SOAP:   8%|▊         | 2116/25248 [3:25:01 > 18:48]
SOAP:   8%|▊         | 2117/25248 [3:24:56 > 18:48]
SOAP:   8%|▊         | 2118/25248 [3:24:34 > 18:49]
SOAP:   8%|▊         | 2119/25248 [3:24:52 > 18:50]
SOAP:   8%|▊         | 2120/25248 [3:24:40 > 18:50]
SOAP:   8%|▊         | 2121/25248 [3:24:41 > 18:51]
SOAP:   8%|▊         | 2122/25248 [3:24:47 > 18:51]
SOAP:   8%|▊         | 2123/25248 [3:24:30 > 18:52]
SOAP:   8%|▊         | 2124/25248 [3:23:30 > 18:52]
SOAP:   8%|▊         | 2125/25248 [3:25:17 > 18:53]
SOAP:   8%|▊         | 2126/25248 [3:25:10 > 18:53]
SOAP:   8%|▊         | 2127/25248 [3:25:55 > 18:54]
SOAP:   8%|▊         | 2128/25248 [3:25:06 > 18:54]
SOAP:   8%|▊         | 2129/25248 [3:25:08 > 18:55]
SOAP:   8%|▊         | 2130/25248 [3:25:16 > 18:55]
SOAP:   8%|▊         | 2131/25248 [3:24:25 > 18:56]
SOAP:   8%|▊         | 2132/25248 [3:25:06 > 18:56]
SOAP:   8%|▊         | 2133/25248 [3:25:16 > 18:57]
SOAP:   8%|▊         | 2134/25248 [3:24:31 > 18:58]
SOAP:   8%|▊         | 2135/25248 [3:25:08 > 18:58]
SOAP:   8%|▊         | 2136/25248 [3:24:52 > 18:59]
SOAP:   8%|▊         | 2137/25248 [3:24:17 > 18:59]
SOAP:   8%|▊         | 2138/25248 [3:24:41 > 19:00]
SOAP:   8%|▊         | 2139/25248 [3:24:31 > 19:00]
SOAP:   8%|▊         | 2140/25248 [3:24:12 > 19:01]
SOAP:   8%|▊         | 2141/25248 [3:24:50 > 19:01]
SOAP:   8%|▊         | 2142/25248 [3:24:32 > 19:02]
SOAP:   8%|▊         | 2143/25248 [3:23:02 > 19:02]
SOAP:   8%|▊         | 2144/25248 [3:25:10 > 19:03]
SOAP:   8%|▊         | 2145/25248 [3:24:43 > 19:03]
SOAP:   8%|▊         | 2146/25248 [3:24:44 > 19:04]
SOAP:   9%|▊         | 2147/25248 [3:24:43 > 19:04]
SOAP:   9%|▊         | 2148/25248 [3:24:21 > 19:05]
SOAP:   9%|▊         | 2149/25248 [3:24:58 > 19:05]
SOAP:   9%|▊         | 2150/25248 [3:24:42 > 19:06]
SOAP:   9%|▊         | 2151/25248 [3:25:01 > 19:07]
SOAP:   9%|▊         | 2152/25248 [3:25:31 > 19:07]
SOAP:   9%|▊         | 2153/25248 [3:24:36 > 19:08]
SOAP:   9%|▊         | 2154/25248 [3:24:50 > 19:08]
SOAP:   9%|▊         | 2155/25248 [3:24:57 > 19:09]
SOAP:   9%|▊         | 2156/25248 [3:24:18 > 19:09]
SOAP:   9%|▊         | 2157/25248 [3:24:36 > 19:10]
SOAP:   9%|▊         | 2158/25248 [3:24:30 > 19:10]
SOAP:   9%|▊         | 2159/25248 [3:23:51 > 19:11]
SOAP:   9%|▊         | 2160/25248 [3:24:44 > 19:11]
SOAP:   9%|▊         | 2161/25248 [3:22:59 > 19:12]
SOAP:   9%|▊         | 2162/25248 [3:23:04 > 19:12]
SOAP:   9%|▊         | 2163/25248 [3:25:24 > 19:13]
SOAP:   9%|▊         | 2164/25248 [3:24:58 > 19:13]
SOAP:   9%|▊         | 2165/25248 [3:24:28 > 19:14]
SOAP:   9%|▊         | 2166/25248 [3:24:43 > 19:15]
SOAP:   9%|▊         | 2167/25248 [3:24:26 > 19:15]
SOAP:   9%|▊         | 2168/25248 [3:24:51 > 19:16]
SOAP:   9%|▊         | 2169/25248 [3:24:55 > 19:16]
SOAP:   9%|▊         | 2170/25248 [3:24:28 > 19:17]
SOAP:   9%|▊         | 2171/25248 [3:24:55 > 19:17]
SOAP:   9%|▊         | 2172/25248 [3:24:47 > 19:18]
SOAP:   9%|▊         | 2173/25248 [3:25:02 > 19:18]
SOAP:   9%|▊         | 2174/25248 [3:25:23 > 19:19]
SOAP:   9%|▊         | 2175/25248 [3:24:41 > 19:19]
SOAP:   9%|▊         | 2176/25248 [3:24:51 > 19:20]
SOAP:   9%|▊         | 2177/25248 [3:24:53 > 19:20]
SOAP:   9%|▊         | 2178/25248 [3:24:11 > 19:21]
SOAP:   9%|▊         | 2179/25248 [3:24:35 > 19:21]
SOAP:   9%|▊         | 2180/25248 [3:24:10 > 19:22]
SOAP:   9%|▊         | 2181/25248 [3:22:15 > 19:22]
SOAP:   9%|▊         | 2182/25248 [3:25:58 > 19:23]
SOAP:   9%|▊         | 2183/25248 [3:24:55 > 19:24]
SOAP:   9%|▊         | 2184/25248 [3:24:21 > 19:24]
SOAP:   9%|▊         | 2185/25248 [3:24:52 > 19:25]
SOAP:   9%|▊         | 2186/25248 [3:24:27 > 19:25]
SOAP:   9%|▊         | 2187/25248 [3:24:13 > 19:26]
SOAP:   9%|▊         | 2188/25248 [3:24:25 > 19:26]
SOAP:   9%|▊         | 2189/25248 [3:24:10 > 19:27]
SOAP:   9%|▊         | 2190/25248 [3:24:16 > 19:27]
SOAP:   9%|▊         | 2191/25248 [3:24:17 > 19:28]
SOAP:   9%|▊         | 2192/25248 [3:23:55 > 19:28]
SOAP:   9%|▊         | 2193/25248 [3:24:23 > 19:29]
SOAP:   9%|▊         | 2194/25248 [3:23:58 > 19:29]
SOAP:   9%|▊         | 2195/25248 [3:23:58 > 19:30]
SOAP:   9%|▊         | 2196/25248 [3:24:25 > 19:30]
SOAP:   9%|▊         | 2197/25248 [3:23:50 > 19:31]
SOAP:   9%|▊         | 2198/25248 [3:24:07 > 19:32]
SOAP:   9%|▊         | 2199/25248 [3:24:17 > 19:32]
SOAP:   9%|▊         | 2200/25248 [3:24:44 > 19:33]
SOAP:   9%|▊         | 2201/25248 [3:26:23 > 19:33]
SOAP:   9%|▊         | 2202/25248 [3:24:44 > 19:34]
SOAP:   9%|▊         | 2203/25248 [3:23:59 > 19:34]
SOAP:   9%|▊         | 2204/25248 [3:24:30 > 19:35]
SOAP:   9%|▊         | 2205/25248 [3:24:13 > 19:35]
SOAP:   9%|▊         | 2206/25248 [3:23:43 > 19:36]
SOAP:   9%|▊         | 2207/25248 [3:24:20 > 19:36]
SOAP:   9%|▊         | 2208/25248 [3:24:11 > 19:37]
SOAP:   9%|▊         | 2209/25248 [3:23:49 > 19:37]
SOAP:   9%|▉         | 2210/25248 [3:24:18 > 19:38]
SOAP:   9%|▉         | 2211/25248 [3:24:02 > 19:38]
SOAP:   9%|▉         | 2212/25248 [3:24:02 > 19:39]
SOAP:   9%|▉         | 2213/25248 [3:24:03 > 19:40]
SOAP:   9%|▉         | 2214/25248 [3:23:45 > 19:40]
SOAP:   9%|▉         | 2215/25248 [3:24:11 > 19:41]
SOAP:   9%|▉         | 2216/25248 [3:24:05 > 19:41]
SOAP:   9%|▉         | 2217/25248 [3:23:51 > 19:42]
SOAP:   9%|▉         | 2218/25248 [3:24:25 > 19:42]
SOAP:   9%|▉         | 2219/25248 [3:22:24 > 19:43]
SOAP:   9%|▉         | 2220/25248 [3:24:31 > 19:43]
SOAP:   9%|▉         | 2221/25248 [3:24:57 > 19:44]
SOAP:   9%|▉         | 2222/25248 [3:24:12 > 19:44]
SOAP:   9%|▉         | 2223/25248 [3:24:15 > 19:45]
SOAP:   9%|▉         | 2224/25248 [3:24:12 > 19:45]
SOAP:   9%|▉         | 2225/25248 [3:23:28 > 19:46]
SOAP:   9%|▉         | 2226/25248 [3:24:08 > 19:46]
SOAP:   9%|▉         | 2227/25248 [3:24:05 > 19:47]
SOAP:   9%|▉         | 2228/25248 [3:23:26 > 19:47]
SOAP:   9%|▉         | 2229/25248 [3:24:04 > 19:48]
SOAP:   9%|▉         | 2230/25248 [3:24:04 > 19:49]
SOAP:   9%|▉         | 2231/25248 [3:23:38 > 19:49]
SOAP:   9%|▉         | 2232/25248 [3:24:13 > 19:50]
SOAP:   9%|▉         | 2233/25248 [3:23:53 > 19:50]
SOAP:   9%|▉         | 2234/25248 [3:23:49 > 19:51]
SOAP:   9%|▉         | 2235/25248 [3:24:09 > 19:51]
SOAP:   9%|▉         | 2236/25248 [3:23:55 > 19:52]
SOAP:   9%|▉         | 2237/25248 [3:23:37 > 19:52]
SOAP:   9%|▉         | 2238/25248 [3:22:22 > 19:53]
SOAP:   9%|▉         | 2239/25248 [3:24:14 > 19:53]
SOAP:   9%|▉         | 2240/25248 [3:24:32 > 19:54]
SOAP:   9%|▉         | 2241/25248 [3:23:56 > 19:54]
SOAP:   9%|▉         | 2242/25248 [3:23:37 > 19:55]
SOAP:   9%|▉         | 2243/25248 [3:24:02 > 19:55]
SOAP:   9%|▉         | 2244/25248 [3:23:23 > 19:56]
SOAP:   9%|▉         | 2245/25248 [3:23:50 > 19:57]
SOAP:   9%|▉         | 2246/25248 [3:24:02 > 19:57]
SOAP:   9%|▉         | 2247/25248 [3:23:11 > 19:58]
SOAP:   9%|▉         | 2248/25248 [3:23:55 > 19:58]
SOAP:   9%|▉         | 2249/25248 [3:23:42 > 19:59]
SOAP:   9%|▉         | 2250/25248 [3:22:59 > 19:59]
SOAP:   9%|▉         | 2251/25248 [3:23:49 > 20:00]
SOAP:   9%|▉         | 2252/25248 [3:23:56 > 20:00]
SOAP:   9%|▉         | 2253/25248 [3:23:11 > 20:01]
SOAP:   9%|▉         | 2254/25248 [3:23:58 > 20:01]
SOAP:   9%|▉         | 2255/25248 [3:23:51 > 20:02]
SOAP:   9%|▉         | 2256/25248 [3:23:39 > 20:02]
SOAP:   9%|▉         | 2257/25248 [3:23:59 > 20:03]
SOAP:   9%|▉         | 2258/25248 [3:23:47 > 20:03]
SOAP:   9%|▉         | 2259/25248 [3:23:39 > 20:04]
SOAP:   9%|▉         | 2260/25248 [3:23:50 > 20:05]
SOAP:   9%|▉         | 2261/25248 [3:23:35 > 20:05]
SOAP:   9%|▉         | 2262/25248 [3:23:42 > 20:06]
SOAP:   9%|▉         | 2263/25248 [3:23:36 > 20:06]
SOAP:   9%|▉         | 2264/25248 [3:23:36 > 20:07]
SOAP:   9%|▉         | 2265/25248 [3:23:58 > 20:07]
SOAP:   9%|▉         | 2266/25248 [3:23:23 > 20:08]
SOAP:   9%|▉         | 2267/25248 [3:23:43 > 20:08]
SOAP:   9%|▉         | 2268/25248 [3:24:06 > 20:09]
SOAP:   9%|▉         | 2269/25248 [3:21:52 > 20:09]
SOAP:   9%|▉         | 2270/25248 [3:24:17 > 20:10]
SOAP:   9%|▉         | 2271/25248 [3:24:11 > 20:10]
SOAP:   9%|▉         | 2272/25248 [3:23:12 > 20:11]
SOAP:   9%|▉         | 2273/25248 [3:24:05 > 20:11]
SOAP:   9%|▉         | 2274/25248 [3:23:13 > 20:12]
SOAP:   9%|▉         | 2275/25248 [3:23:32 > 20:12]
SOAP:   9%|▉         | 2276/25248 [3:24:14 > 20:13]
SOAP:   9%|▉         | 2277/25248 [3:23:51 > 20:14]
SOAP:   9%|▉         | 2278/25248 [3:23:21 > 20:14]
SOAP:   9%|▉         | 2279/25248 [3:23:46 > 20:15]
SOAP:   9%|▉         | 2280/25248 [3:23:30 > 20:15]
SOAP:   9%|▉         | 2281/25248 [3:23:03 > 20:16]
SOAP:   9%|▉         | 2282/25248 [3:23:19 > 20:16]
SOAP:   9%|▉         | 2283/25248 [3:23:12 > 20:17]
SOAP:   9%|▉         | 2284/25248 [3:23:39 > 20:17]
SOAP:   9%|▉         | 2285/25248 [3:23:20 > 20:18]
SOAP:   9%|▉         | 2286/25248 [3:23:22 > 20:18]
SOAP:   9%|▉         | 2287/25248 [3:23:42 > 20:19]
SOAP:   9%|▉         | 2288/25248 [3:23:08 > 20:19]
SOAP:   9%|▉         | 2289/25248 [3:23:16 > 20:20]
SOAP:   9%|▉         | 2290/25248 [3:23:38 > 20:20]
SOAP:   9%|▉         | 2291/25248 [3:22:53 > 20:21]
SOAP:   9%|▉         | 2292/25248 [3:23:26 > 20:22]
SOAP:   9%|▉         | 2293/25248 [3:23:42 > 20:22]
SOAP:   9%|▉         | 2294/25248 [3:22:54 > 20:23]
SOAP:   9%|▉         | 2295/25248 [3:23:45 > 20:23]
SOAP:   9%|▉         | 2296/25248 [3:23:33 > 20:24]
SOAP:   9%|▉         | 2297/25248 [3:22:48 > 20:24]
SOAP:   9%|▉         | 2298/25248 [3:23:17 > 20:25]
SOAP:   9%|▉         | 2299/25248 [3:23:14 > 20:25]
SOAP:   9%|▉         | 2300/25248 [3:22:44 > 20:26]
SOAP:   9%|▉         | 2301/25248 [3:25:29 > 20:26]
SOAP:   9%|▉         | 2302/25248 [3:23:43 > 20:27]
SOAP:   9%|▉         | 2303/25248 [3:21:44 > 20:27]
SOAP:   9%|▉         | 2304/25248 [3:24:09 > 20:28]
SOAP:   9%|▉         | 2305/25248 [3:23:47 > 20:28]
SOAP:   9%|▉         | 2306/25248 [3:23:38 > 20:29]
SOAP:   9%|▉         | 2307/25248 [3:23:38 > 20:29]
SOAP:   9%|▉         | 2308/25248 [3:23:18 > 20:30]
SOAP:   9%|▉         | 2309/25248 [3:22:25 > 20:31]
SOAP:   9%|▉         | 2310/25248 [3:23:34 > 20:31]
SOAP:   9%|▉         | 2311/25248 [3:23:20 > 20:32]
SOAP:   9%|▉         | 2312/25248 [3:23:42 > 20:32]
SOAP:   9%|▉         | 2313/25248 [3:23:11 > 20:33]
SOAP:   9%|▉         | 2314/25248 [3:23:17 > 20:33]
SOAP:   9%|▉         | 2315/25248 [3:23:41 > 20:34]
SOAP:   9%|▉         | 2316/25248 [3:22:50 > 20:34]
SOAP:   9%|▉         | 2317/25248 [3:23:33 > 20:35]
SOAP:   9%|▉         | 2318/25248 [3:24:07 > 20:35]
SOAP:   9%|▉         | 2319/25248 [3:23:08 > 20:36]
SOAP:   9%|▉         | 2320/25248 [3:23:54 > 20:36]
SOAP:   9%|▉         | 2321/25248 [3:23:50 > 20:37]
SOAP:   9%|▉         | 2322/25248 [3:23:28 > 20:37]
SOAP:   9%|▉         | 2323/25248 [3:23:57 > 20:38]
SOAP:   9%|▉         | 2324/25248 [3:23:34 > 20:39]
SOAP:   9%|▉         | 2325/25248 [3:22:56 > 20:39]
SOAP:   9%|▉         | 2326/25248 [3:23:23 > 20:40]
SOAP:   9%|▉         | 2327/25248 [3:23:17 > 20:40]
SOAP:   9%|▉         | 2328/25248 [3:22:59 > 20:41]
SOAP:   9%|▉         | 2329/25248 [3:22:58 > 20:41]
SOAP:   9%|▉         | 2330/25248 [3:22:54 > 20:42]
SOAP:   9%|▉         | 2331/25248 [3:23:06 > 20:42]
SOAP:   9%|▉         | 2332/25248 [3:22:58 > 20:43]
SOAP:   9%|▉         | 2333/25248 [3:22:52 > 20:43]
SOAP:   9%|▉         | 2334/25248 [3:23:16 > 20:44]
SOAP:   9%|▉         | 2335/25248 [3:22:59 > 20:44]
SOAP:   9%|▉         | 2336/25248 [3:23:05 > 20:45]
SOAP:   9%|▉         | 2337/25248 [3:23:29 > 20:45]
SOAP:   9%|▉         | 2338/25248 [3:22:38 > 20:46]
SOAP:   9%|▉         | 2339/25248 [3:23:05 > 20:47]
SOAP:   9%|▉         | 2340/25248 [3:23:12 > 20:47]
SOAP:   9%|▉         | 2341/25248 [3:22:31 > 20:48]
SOAP:   9%|▉         | 2342/25248 [3:23:22 > 20:48]
SOAP:   9%|▉         | 2343/25248 [3:23:18 > 20:49]
SOAP:   9%|▉         | 2344/25248 [3:22:32 > 20:49]
SOAP:   9%|▉         | 2345/25248 [3:23:12 > 20:50]
SOAP:   9%|▉         | 2346/25248 [3:23:06 > 20:50]
SOAP:   9%|▉         | 2347/25248 [3:22:30 > 20:51]
SOAP:   9%|▉         | 2348/25248 [3:22:57 > 20:51]
SOAP:   9%|▉         | 2349/25248 [3:22:43 > 20:52]
SOAP:   9%|▉         | 2350/25248 [3:22:38 > 20:52]
SOAP:   9%|▉         | 2351/25248 [3:22:55 > 20:53]
SOAP:   9%|▉         | 2352/25248 [3:22:40 > 20:53]
SOAP:   9%|▉         | 2353/25248 [3:22:47 > 20:54]
SOAP:   9%|▉         | 2354/25248 [3:22:44 > 20:54]
SOAP:   9%|▉         | 2355/25248 [3:22:29 > 20:55]
SOAP:   9%|▉         | 2356/25248 [3:22:54 > 20:56]
SOAP:   9%|▉         | 2357/25248 [3:22:41 > 20:56]
SOAP:   9%|▉         | 2358/25248 [3:22:31 > 20:57]
SOAP:   9%|▉         | 2359/25248 [3:23:08 > 20:57]
SOAP:   9%|▉         | 2360/25248 [3:22:47 > 20:58]
SOAP:   9%|▉         | 2361/25248 [3:23:47 > 20:58]
SOAP:   9%|▉         | 2362/25248 [3:24:20 > 20:59]
SOAP:   9%|▉         | 2363/25248 [3:24:04 > 20:59]
SOAP:   9%|▉         | 2364/25248 [3:24:52 > 21:00]
SOAP:   9%|▉         | 2365/25248 [3:24:57 > 21:00]
SOAP:   9%|▉         | 2366/25248 [3:24:24 > 21:01]
SOAP:   9%|▉         | 2367/25248 [3:25:20 > 21:01]
SOAP:   9%|▉         | 2368/25248 [3:25:06 > 21:02]
SOAP:   9%|▉         | 2369/25248 [3:24:28 > 21:03]
SOAP:   9%|▉         | 2370/25248 [3:25:17 > 21:03]
SOAP:   9%|▉         | 2371/25248 [3:24:42 > 21:04]
SOAP:   9%|▉         | 2372/25248 [3:23:50 > 21:04]
SOAP:   9%|▉         | 2373/25248 [3:24:47 > 21:05]
SOAP:   9%|▉         | 2374/25248 [3:24:33 > 21:05]
SOAP:   9%|▉         | 2375/25248 [3:24:29 > 21:06]
SOAP:   9%|▉         | 2376/25248 [3:24:57 > 21:06]
SOAP:   9%|▉         | 2377/25248 [3:24:41 > 21:07]
SOAP:   9%|▉         | 2378/25248 [3:24:39 > 21:07]
SOAP:   9%|▉         | 2379/25248 [3:24:56 > 21:08]
SOAP:   9%|▉         | 2380/25248 [3:24:25 > 21:08]
SOAP:   9%|▉         | 2381/25248 [3:24:11 > 21:09]
SOAP:   9%|▉         | 2382/25248 [3:24:23 > 21:10]
SOAP:   9%|▉         | 2383/25248 [3:24:08 > 21:10]
SOAP:   9%|▉         | 2384/25248 [3:24:30 > 21:11]
SOAP:   9%|▉         | 2385/25248 [3:24:14 > 21:11]
SOAP:   9%|▉         | 2386/25248 [3:24:14 > 21:12]
SOAP:   9%|▉         | 2387/25248 [3:25:01 > 21:12]
SOAP:   9%|▉         | 2388/25248 [3:24:33 > 21:13]
SOAP:   9%|▉         | 2389/25248 [3:25:06 > 21:13]
SOAP:   9%|▉         | 2390/25248 [3:26:18 > 21:14]
SOAP:   9%|▉         | 2391/25248 [3:24:12 > 21:14]
SOAP:   9%|▉         | 2392/25248 [3:24:07 > 21:15]
SOAP:   9%|▉         | 2393/25248 [3:24:34 > 21:15]
SOAP:   9%|▉         | 2394/25248 [3:23:49 > 21:16]
SOAP:   9%|▉         | 2395/25248 [3:24:35 > 21:16]
SOAP:   9%|▉         | 2396/25248 [3:24:39 > 21:17]
SOAP:   9%|▉         | 2397/25248 [3:24:02 > 21:18]
SOAP:   9%|▉         | 2398/25248 [3:24:54 > 21:18]
SOAP:  10%|▉         | 2399/25248 [3:24:48 > 21:19]
SOAP:  10%|▉         | 2400/25248 [3:24:06 > 21:19]
SOAP:  10%|▉         | 2401/25248 [3:25:53 > 21:20]
SOAP:  10%|▉         | 2402/25248 [3:25:26 > 21:20]
SOAP:  10%|▉         | 2403/25248 [3:24:44 > 21:21]
SOAP:  10%|▉         | 2404/25248 [3:25:24 > 21:21]
SOAP:  10%|▉         | 2405/25248 [3:24:54 > 21:22]
SOAP:  10%|▉         | 2406/25248 [3:24:32 > 21:22]
SOAP:  10%|▉         | 2407/25248 [3:25:01 > 21:23]
SOAP:  10%|▉         | 2408/25248 [3:24:41 > 21:23]
SOAP:  10%|▉         | 2409/25248 [3:22:37 > 21:24]
SOAP:  10%|▉         | 2410/25248 [3:24:31 > 21:25]
SOAP:  10%|▉         | 2411/25248 [3:24:21 > 21:25]
SOAP:  10%|▉         | 2412/25248 [3:24:14 > 21:26]
SOAP:  10%|▉         | 2413/25248 [3:23:47 > 21:26]
SOAP:  10%|▉         | 2414/25248 [3:23:45 > 21:27]
SOAP:  10%|▉         | 2415/25248 [3:24:26 > 21:27]
SOAP:  10%|▉         | 2416/25248 [3:24:06 > 21:28]
SOAP:  10%|▉         | 2417/25248 [3:24:09 > 21:28]
SOAP:  10%|▉         | 2418/25248 [3:24:35 > 21:29]
SOAP:  10%|▉         | 2419/25248 [3:24:06 > 21:29]
SOAP:  10%|▉         | 2420/25248 [3:24:18 > 21:30]
SOAP:  10%|▉         | 2421/25248 [3:24:55 > 21:30]
SOAP:  10%|▉         | 2422/25248 [3:24:18 > 21:31]
SOAP:  10%|▉         | 2423/25248 [3:24:49 > 21:32]
SOAP:  10%|▉         | 2424/25248 [3:24:50 > 21:32]
SOAP:  10%|▉         | 2425/25248 [3:24:02 > 21:33]
SOAP:  10%|▉         | 2426/25248 [3:24:43 > 21:33]
SOAP:  10%|▉         | 2427/25248 [3:24:36 > 21:34]
SOAP:  10%|▉         | 2428/25248 [3:24:03 > 21:34]
SOAP:  10%|▉         | 2429/25248 [3:24:46 > 21:35]
SOAP:  10%|▉         | 2430/25248 [3:24:24 > 21:35]
SOAP:  10%|▉         | 2431/25248 [3:23:46 > 21:36]
SOAP:  10%|▉         | 2432/25248 [3:24:26 > 21:36]
SOAP:  10%|▉         | 2433/25248 [3:23:50 > 21:37]
SOAP:  10%|▉         | 2434/25248 [3:23:44 > 21:37]
SOAP:  10%|▉         | 2435/25248 [3:24:16 > 21:38]
SOAP:  10%|▉         | 2436/25248 [3:24:11 > 21:39]
SOAP:  10%|▉         | 2437/25248 [3:24:04 > 21:39]
SOAP:  10%|▉         | 2438/25248 [3:24:12 > 21:40]
SOAP:  10%|▉         | 2439/25248 [3:24:12 > 21:40]
SOAP:  10%|▉         | 2440/25248 [3:24:18 > 21:41]
SOAP:  10%|▉         | 2441/25248 [3:24:20 > 21:41]
SOAP:  10%|▉         | 2442/25248 [3:24:10 > 21:42]
SOAP:  10%|▉         | 2443/25248 [3:24:29 > 21:42]
SOAP:  10%|▉         | 2444/25248 [3:24:11 > 21:43]
SOAP:  10%|▉         | 2445/25248 [3:24:17 > 21:43]
SOAP:  10%|▉         | 2446/25248 [3:24:39 > 21:44]
SOAP:  10%|▉         | 2447/25248 [3:24:20 > 21:44]
SOAP:  10%|▉         | 2448/25248 [3:24:21 > 21:45]
SOAP:  10%|▉         | 2449/25248 [3:24:49 > 21:46]
SOAP:  10%|▉         | 2450/25248 [3:24:01 > 21:46]
SOAP:  10%|▉         | 2451/25248 [3:24:13 > 21:47]
SOAP:  10%|▉         | 2452/25248 [3:24:25 > 21:47]
SOAP:  10%|▉         | 2453/25248 [3:23:50 > 21:48]
SOAP:  10%|▉         | 2454/25248 [3:24:20 > 21:48]
SOAP:  10%|▉         | 2455/25248 [3:24:25 > 21:49]
SOAP:  10%|▉         | 2456/25248 [3:23:36 > 21:49]
SOAP:  10%|▉         | 2457/25248 [3:24:24 > 21:50]
SOAP:  10%|▉         | 2458/25248 [3:24:28 > 21:50]
SOAP:  10%|▉         | 2459/25248 [3:23:44 > 21:51]
SOAP:  10%|▉         | 2460/25248 [3:24:23 > 21:51]
SOAP:  10%|▉         | 2461/25248 [3:24:15 > 21:52]
SOAP:  10%|▉         | 2462/25248 [3:23:38 > 21:52]
SOAP:  10%|▉         | 2463/25248 [3:24:13 > 21:53]
SOAP:  10%|▉         | 2464/25248 [3:23:56 > 21:54]
SOAP:  10%|▉         | 2465/25248 [3:23:41 > 21:54]
SOAP:  10%|▉         | 2466/25248 [3:25:20 > 21:55]
SOAP:  10%|▉         | 2467/25248 [3:23:46 > 21:55]
SOAP:  10%|▉         | 2468/25248 [3:23:39 > 21:56]
SOAP:  10%|▉         | 2469/25248 [3:24:03 > 21:56]
SOAP:  10%|▉         | 2470/25248 [3:24:00 > 21:57]
SOAP:  10%|▉         | 2471/25248 [3:23:48 > 21:57]
SOAP:  10%|▉         | 2472/25248 [3:23:47 > 21:58]
SOAP:  10%|▉         | 2473/25248 [3:23:53 > 21:58]
SOAP:  10%|▉         | 2474/25248 [3:24:02 > 21:59]
SOAP:  10%|▉         | 2475/25248 [3:24:00 > 21:59]
SOAP:  10%|▉         | 2476/25248 [3:24:03 > 22:00]
SOAP:  10%|▉         | 2477/25248 [3:24:29 > 22:01]
SOAP:  10%|▉         | 2478/25248 [3:23:53 > 22:01]
SOAP:  10%|▉         | 2479/25248 [3:23:52 > 22:02]
SOAP:  10%|▉         | 2480/25248 [3:24:16 > 22:02]
SOAP:  10%|▉         | 2481/25248 [3:23:40 > 22:03]
SOAP:  10%|▉         | 2482/25248 [3:23:57 > 22:03]
SOAP:  10%|▉         | 2483/25248 [3:23:55 > 22:04]
SOAP:  10%|▉         | 2484/25248 [3:23:19 > 22:04]
SOAP:  10%|▉         | 2485/25248 [3:23:43 > 22:05]
SOAP:  10%|▉         | 2486/25248 [3:23:56 > 22:05]
SOAP:  10%|▉         | 2487/25248 [3:23:09 > 22:06]
SOAP:  10%|▉         | 2488/25248 [3:24:49 > 22:06]
SOAP:  10%|▉         | 2489/25248 [3:23:27 > 22:07]
SOAP:  10%|▉         | 2490/25248 [3:22:57 > 22:08]
SOAP:  10%|▉         | 2491/25248 [3:23:49 > 22:08]
SOAP:  10%|▉         | 2492/25248 [3:23:38 > 22:09]
SOAP:  10%|▉         | 2493/25248 [3:23:14 > 22:09]
SOAP:  10%|▉         | 2494/25248 [3:24:05 > 22:10]
SOAP:  10%|▉         | 2495/25248 [3:23:51 > 22:10]
SOAP:  10%|▉         | 2496/25248 [3:23:25 > 22:11]
SOAP:  10%|▉         | 2497/25248 [3:23:47 > 22:11]
SOAP:  10%|▉         | 2498/25248 [3:23:56 > 22:12]
SOAP:  10%|▉         | 2499/25248 [3:23:38 > 22:12]
SOAP:  10%|▉         | 2500/25248 [3:23:58 > 22:13]
SOAP:  10%|▉         | 2501/25248 [3:24:56 > 22:13]
SOAP:  10%|▉         | 2502/25248 [3:24:29 > 22:14]
SOAP:  10%|▉         | 2503/25248 [3:25:05 > 22:15]
SOAP:  10%|▉         | 2504/25248 [3:23:30 > 22:15]
SOAP:  10%|▉         | 2505/25248 [3:23:23 > 22:16]
SOAP:  10%|▉         | 2506/25248 [3:23:26 > 22:16]
SOAP:  10%|▉         | 2507/25248 [3:23:26 > 22:17]
SOAP:  10%|▉         | 2508/25248 [3:23:44 > 22:17]
SOAP:  10%|▉         | 2509/25248 [3:23:14 > 22:18]
SOAP:  10%|▉         | 2510/25248 [3:23:35 > 22:18]
SOAP:  10%|▉         | 2511/25248 [3:24:00 > 22:19]
SOAP:  10%|▉         | 2512/25248 [3:23:14 > 22:19]
SOAP:  10%|▉         | 2513/25248 [3:23:45 > 22:20]
SOAP:  10%|▉         | 2514/25248 [3:24:01 > 22:20]
SOAP:  10%|▉         | 2515/25248 [3:23:05 > 22:21]
SOAP:  10%|▉         | 2516/25248 [3:23:42 > 22:22]
SOAP:  10%|▉         | 2517/25248 [3:23:43 > 22:22]
SOAP:  10%|▉         | 2518/25248 [3:23:04 > 22:23]
SOAP:  10%|▉         | 2519/25248 [3:23:51 > 22:23]
SOAP:  10%|▉         | 2520/25248 [3:23:33 > 22:24]
SOAP:  10%|▉         | 2521/25248 [3:23:03 > 22:24]
SOAP:  10%|▉         | 2522/25248 [3:22:02 > 22:25]
SOAP:  10%|▉         | 2523/25248 [3:23:31 > 22:25]
SOAP:  10%|▉         | 2524/25248 [3:22:56 > 22:26]
SOAP:  10%|█         | 2525/25248 [3:23:41 > 22:26]
SOAP:  10%|█         | 2526/25248 [3:23:25 > 22:27]
SOAP:  10%|█         | 2527/25248 [3:23:03 > 22:27]
SOAP:  10%|█         | 2528/25248 [3:23:40 > 22:28]
SOAP:  10%|█         | 2529/25248 [3:23:20 > 22:28]
SOAP:  10%|█         | 2530/25248 [3:23:09 > 22:29]
SOAP:  10%|█         | 2531/25248 [3:23:31 > 22:30]
SOAP:  10%|█         | 2532/25248 [3:23:21 > 22:30]
SOAP:  10%|█         | 2533/25248 [3:23:36 > 22:31]
SOAP:  10%|█         | 2534/25248 [3:23:32 > 22:31]
SOAP:  10%|█         | 2535/25248 [3:23:14 > 22:32]
SOAP:  10%|█         | 2536/25248 [3:23:42 > 22:32]
SOAP:  10%|█         | 2537/25248 [3:23:30 > 22:33]
SOAP:  10%|█         | 2538/25248 [3:23:22 > 22:33]
SOAP:  10%|█         | 2539/25248 [3:23:56 > 22:34]
SOAP:  10%|█         | 2540/25248 [3:23:35 > 22:34]
SOAP:  10%|█         | 2541/25248 [3:23:11 > 22:35]
SOAP:  10%|█         | 2542/25248 [3:23:42 > 22:35]
SOAP:  10%|█         | 2543/25248 [3:23:04 > 22:36]
SOAP:  10%|█         | 2544/25248 [3:23:21 > 22:37]
SOAP:  10%|█         | 2545/25248 [3:23:24 > 22:37]
SOAP:  10%|█         | 2546/25248 [3:22:16 > 22:38]
SOAP:  10%|█         | 2547/25248 [3:23:12 > 22:38]
SOAP:  10%|█         | 2548/25248 [3:23:15 > 22:39]
SOAP:  10%|█         | 2549/25248 [3:22:41 > 22:39]
SOAP:  10%|█         | 2550/25248 [3:23:26 > 22:40]
SOAP:  10%|█         | 2551/25248 [3:23:19 > 22:40]
SOAP:  10%|█         | 2552/25248 [3:22:41 > 22:41]
SOAP:  10%|█         | 2553/25248 [3:23:35 > 22:41]
SOAP:  10%|█         | 2554/25248 [3:23:19 > 22:42]
SOAP:  10%|█         | 2555/25248 [3:22:56 > 22:42]
SOAP:  10%|█         | 2556/25248 [3:23:32 > 22:43]
SOAP:  10%|█         | 2557/25248 [3:23:16 > 22:44]
SOAP:  10%|█         | 2558/25248 [3:22:37 > 22:44]
SOAP:  10%|█         | 2559/25248 [3:22:42 > 22:45]
SOAP:  10%|█         | 2560/25248 [3:22:42 > 22:45]
SOAP:  10%|█         | 2561/25248 [3:22:42 > 22:46]
SOAP:  10%|█         | 2562/25248 [3:23:01 > 22:46]
SOAP:  10%|█         | 2563/25248 [3:22:52 > 22:47]
SOAP:  10%|█         | 2564/25248 [3:23:04 > 22:47]
SOAP:  10%|█         | 2565/25248 [3:23:19 > 22:48]
SOAP:  10%|█         | 2566/25248 [3:23:00 > 22:48]
SOAP:  10%|█         | 2567/25248 [3:23:15 > 22:49]
SOAP:  10%|█         | 2568/25248 [3:23:03 > 22:49]
SOAP:  10%|█         | 2569/25248 [3:22:52 > 22:50]
SOAP:  10%|█         | 2570/25248 [3:23:19 > 22:51]
SOAP:  10%|█         | 2571/25248 [3:22:55 > 22:51]
SOAP:  10%|█         | 2572/25248 [3:23:10 > 22:52]
SOAP:  10%|█         | 2573/25248 [3:23:32 > 22:52]
SOAP:  10%|█         | 2574/25248 [3:22:42 > 22:53]
SOAP:  10%|█         | 2575/25248 [3:23:15 > 22:53]
SOAP:  10%|█         | 2576/25248 [3:23:18 > 22:54]
SOAP:  10%|█         | 2577/25248 [3:22:38 > 22:54]
SOAP:  10%|█         | 2578/25248 [3:23:19 > 22:55]
SOAP:  10%|█         | 2579/25248 [3:23:05 > 22:55]
SOAP:  10%|█         | 2580/25248 [3:22:33 > 22:56]
SOAP:  10%|█         | 2581/25248 [3:23:25 > 22:56]
SOAP:  10%|█         | 2582/25248 [3:22:50 > 22:57]
SOAP:  10%|█         | 2583/25248 [3:21:47 > 22:57]
SOAP:  10%|█         | 2584/25248 [3:22:35 > 22:58]
SOAP:  10%|█         | 2585/25248 [3:22:20 > 22:59]
SOAP:  10%|█         | 2586/25248 [3:22:12 > 22:59]
SOAP:  10%|█         | 2587/25248 [3:23:00 > 23:00]
SOAP:  10%|█         | 2588/25248 [3:22:44 > 23:00]
SOAP:  10%|█         | 2589/25248 [3:22:46 > 23:01]
SOAP:  10%|█         | 2590/25248 [3:23:12 > 23:01]
SOAP:  10%|█         | 2591/25248 [3:22:58 > 23:02]
SOAP:  10%|█         | 2592/25248 [3:22:51 > 23:02]
SOAP:  10%|█         | 2593/25248 [3:23:00 > 23:03]
SOAP:  10%|█         | 2594/25248 [3:22:51 > 23:03]
SOAP:  10%|█         | 2595/25248 [3:22:58 > 23:04]
SOAP:  10%|█         | 2596/25248 [3:23:05 > 23:04]
SOAP:  10%|█         | 2597/25248 [3:22:42 > 23:05]
SOAP:  10%|█         | 2598/25248 [3:23:10 > 23:06]
SOAP:  10%|█         | 2599/25248 [3:22:48 > 23:06]
SOAP:  10%|█         | 2600/25248 [3:22:41 > 23:07]
SOAP:  10%|█         | 2601/25248 [3:24:02 > 23:07]
SOAP:  10%|█         | 2602/25248 [3:23:19 > 23:08]
SOAP:  10%|█         | 2603/25248 [3:23:31 > 23:08]
SOAP:  10%|█         | 2604/25248 [3:23:57 > 23:09]
SOAP:  10%|█         | 2605/25248 [3:22:45 > 23:09]
SOAP:  10%|█         | 2606/25248 [3:23:00 > 23:10]
SOAP:  10%|█         | 2607/25248 [3:22:57 > 23:10]
SOAP:  10%|█         | 2608/25248 [3:22:25 > 23:11]
SOAP:  10%|█         | 2609/25248 [3:23:18 > 23:11]
SOAP:  10%|█         | 2610/25248 [3:22:48 > 23:12]
SOAP:  10%|█         | 2611/25248 [3:22:20 > 23:13]
SOAP:  10%|█         | 2612/25248 [3:23:07 > 23:13]
SOAP:  10%|█         | 2613/25248 [3:22:41 > 23:14]
SOAP:  10%|█         | 2614/25248 [3:22:02 > 23:14]
SOAP:  10%|█         | 2615/25248 [3:22:32 > 23:15]
SOAP:  10%|█         | 2616/25248 [3:23:09 > 23:15]
SOAP:  10%|█         | 2617/25248 [3:21:57 > 23:16]
SOAP:  10%|█         | 2618/25248 [3:22:39 > 23:16]
SOAP:  10%|█         | 2619/25248 [3:22:23 > 23:17]
SOAP:  10%|█         | 2620/25248 [3:22:21 > 23:17]
SOAP:  10%|█         | 2621/25248 [3:22:33 > 23:18]
SOAP:  10%|█         | 2622/25248 [3:22:33 > 23:18]
SOAP:  10%|█         | 2623/25248 [3:22:19 > 23:19]
SOAP:  10%|█         | 2624/25248 [3:21:50 > 23:20]
SOAP:  10%|█         | 2625/25248 [3:21:12 > 23:20]
SOAP:  10%|█         | 2626/25248 [3:19:52 > 23:21]
SOAP:  10%|█         | 2627/25248 [3:21:28 > 23:21]
SOAP:  10%|█         | 2628/25248 [3:21:10 > 23:22]
SOAP:  10%|█         | 2629/25248 [3:21:25 > 23:22]
SOAP:  10%|█         | 2630/25248 [3:20:25 > 23:23]
SOAP:  10%|█         | 2631/25248 [3:20:31 > 23:23]
SOAP:  10%|█         | 2632/25248 [3:20:44 > 23:24]
SOAP:  10%|█         | 2633/25248 [3:20:00 > 23:24]
SOAP:  10%|█         | 2634/25248 [3:20:32 > 23:25]
SOAP:  10%|█         | 2635/25248 [3:19:10 > 23:25]
SOAP:  10%|█         | 2636/25248 [3:20:14 > 23:26]
SOAP:  10%|█         | 2637/25248 [3:20:47 > 23:26]
SOAP:  10%|█         | 2638/25248 [3:20:31 > 23:27]
SOAP:  10%|█         | 2639/25248 [3:19:50 > 23:27]
SOAP:  10%|█         | 2640/25248 [3:20:23 > 23:28]
SOAP:  10%|█         | 2641/25248 [3:20:13 > 23:29]
SOAP:  10%|█         | 2642/25248 [3:18:26 > 23:29]
SOAP:  10%|█         | 2643/25248 [3:20:52 > 23:30]
SOAP:  10%|█         | 2644/25248 [3:20:19 > 23:30]
SOAP:  10%|█         | 2645/25248 [3:20:17 > 23:31]
SOAP:  10%|█         | 2646/25248 [3:20:05 > 23:31]
SOAP:  10%|█         | 2647/25248 [3:19:59 > 23:32]
SOAP:  10%|█         | 2648/25248 [3:20:20 > 23:32]
SOAP:  10%|█         | 2649/25248 [3:20:01 > 23:33]
SOAP:  10%|█         | 2650/25248 [3:19:54 > 23:33]
SOAP:  10%|█         | 2651/25248 [3:20:26 > 23:34]
SOAP:  11%|█         | 2652/25248 [3:19:43 > 23:34]
SOAP:  11%|█         | 2653/25248 [3:20:01 > 23:35]
SOAP:  11%|█         | 2654/25248 [3:18:40 > 23:35]
SOAP:  11%|█         | 2655/25248 [3:20:07 > 23:36]
SOAP:  11%|█         | 2656/25248 [3:20:58 > 23:37]
SOAP:  11%|█         | 2657/25248 [3:21:02 > 23:37]
SOAP:  11%|█         | 2658/25248 [3:20:05 > 23:38]
SOAP:  11%|█         | 2659/25248 [3:20:40 > 23:38]
SOAP:  11%|█         | 2660/25248 [3:20:24 > 23:39]
SOAP:  11%|█         | 2661/25248 [3:19:41 > 23:39]
SOAP:  11%|█         | 2662/25248 [3:20:11 > 23:40]
SOAP:  11%|█         | 2663/25248 [3:20:13 > 23:40]
SOAP:  11%|█         | 2664/25248 [3:19:50 > 23:41]
SOAP:  11%|█         | 2665/25248 [3:20:17 > 23:41]
SOAP:  11%|█         | 2666/25248 [3:20:02 > 23:42]
SOAP:  11%|█         | 2667/25248 [3:20:02 > 23:42]
SOAP:  11%|█         | 2668/25248 [3:20:12 > 23:43]
SOAP:  11%|█         | 2669/25248 [3:20:02 > 23:43]
SOAP:  11%|█         | 2670/25248 [3:20:16 > 23:44]
SOAP:  11%|█         | 2671/25248 [3:20:03 > 23:44]
SOAP:  11%|█         | 2672/25248 [3:19:53 > 23:45]
SOAP:  11%|█         | 2673/25248 [3:20:25 > 23:46]
SOAP:  11%|█         | 2674/25248 [3:20:09 > 23:46]
SOAP:  11%|█         | 2675/25248 [3:20:34 > 23:47]
SOAP:  11%|█         | 2676/25248 [3:20:43 > 23:47]
SOAP:  11%|█         | 2677/25248 [3:19:45 > 23:48]
SOAP:  11%|█         | 2678/25248 [3:20:04 > 23:48]
SOAP:  11%|█         | 2679/25248 [3:20:08 > 23:49]
SOAP:  11%|█         | 2680/25248 [3:19:27 > 23:49]
SOAP:  11%|█         | 2681/25248 [3:20:14 > 23:50]
SOAP:  11%|█         | 2682/25248 [3:20:00 > 23:50]
SOAP:  11%|█         | 2683/25248 [3:19:11 > 23:51]
SOAP:  11%|█         | 2684/25248 [3:19:51 > 23:51]
SOAP:  11%|█         | 2685/25248 [3:19:36 > 23:52]
SOAP:  11%|█         | 2686/25248 [3:19:10 > 23:52]
SOAP:  11%|█         | 2687/25248 [3:19:56 > 23:53]
SOAP:  11%|█         | 2688/25248 [3:19:42 > 23:54]
SOAP:  11%|█         | 2689/25248 [3:19:29 > 23:54]
SOAP:  11%|█         | 2690/25248 [3:19:49 > 23:55]
SOAP:  11%|█         | 2691/25248 [3:19:38 > 23:55]
SOAP:  11%|█         | 2692/25248 [3:19:47 > 23:56]
SOAP:  11%|█         | 2693/25248 [3:20:05 > 23:56]
SOAP:  11%|█         | 2694/25248 [3:20:02 > 23:57]
SOAP:  11%|█         | 2695/25248 [3:20:07 > 23:57]
SOAP:  11%|█         | 2696/25248 [3:19:50 > 23:58]
SOAP:  11%|█         | 2697/25248 [3:19:38 > 23:58]
SOAP:  11%|█         | 2698/25248 [3:20:12 > 23:59]
SOAP:  11%|█         | 2699/25248 [3:19:37 > 23:59]
SOAP:  11%|█         | 2700/25248 [3:19:49 > 24:00]
SOAP:  11%|█         | 2701/25248 [3:21:56 > 24:00]
SOAP:  11%|█         | 2702/25248 [3:19:58 > 24:01]
SOAP:  11%|█         | 2703/25248 [3:20:26 > 24:02]
SOAP:  11%|█         | 2704/25248 [3:20:26 > 24:02]
SOAP:  11%|█         | 2705/25248 [3:19:37 > 24:03]
SOAP:  11%|█         | 2706/25248 [3:20:09 > 24:03]
SOAP:  11%|█         | 2707/25248 [3:19:59 > 24:04]
SOAP:  11%|█         | 2708/25248 [3:19:15 > 24:04]
SOAP:  11%|█         | 2709/25248 [3:19:45 > 24:05]
SOAP:  11%|█         | 2710/25248 [3:19:31 > 24:05]
SOAP:  11%|█         | 2711/25248 [3:17:37 > 24:06]
SOAP:  11%|█         | 2712/25248 [3:20:22 > 24:06]
SOAP:  11%|█         | 2713/25248 [3:20:03 > 24:07]
SOAP:  11%|█         | 2714/25248 [3:19:55 > 24:07]
SOAP:  11%|█         | 2715/25248 [3:20:05 > 24:08]
SOAP:  11%|█         | 2716/25248 [3:19:40 > 24:08]
SOAP:  11%|█         | 2717/25248 [3:19:57 > 24:09]
SOAP:  11%|█         | 2718/25248 [3:19:45 > 24:09]
SOAP:  11%|█         | 2719/25248 [3:19:50 > 24:10]
SOAP:  11%|█         | 2720/25248 [3:20:36 > 24:11]
SOAP:  11%|█         | 2721/25248 [3:19:55 > 24:11]
SOAP:  11%|█         | 2722/25248 [3:19:58 > 24:12]
SOAP:  11%|█         | 2723/25248 [3:20:34 > 24:12]
SOAP:  11%|█         | 2724/25248 [3:20:07 > 24:13]
SOAP:  11%|█         | 2725/25248 [3:20:18 > 24:13]
SOAP:  11%|█         | 2726/25248 [3:20:04 > 24:14]
SOAP:  11%|█         | 2727/25248 [3:19:19 > 24:14]
SOAP:  11%|█         | 2728/25248 [3:19:51 > 24:15]
SOAP:  11%|█         | 2729/25248 [3:19:38 > 24:15]
SOAP:  11%|█         | 2730/25248 [3:17:33 > 24:16]
SOAP:  11%|█         | 2731/25248 [3:20:16 > 24:16]
SOAP:  11%|█         | 2732/25248 [3:19:56 > 24:17]
SOAP:  11%|█         | 2733/25248 [3:19:25 > 24:17]
SOAP:  11%|█         | 2734/25248 [3:19:58 > 24:18]
SOAP:  11%|█         | 2735/25248 [3:19:40 > 24:19]
SOAP:  11%|█         | 2736/25248 [3:19:24 > 24:19]
SOAP:  11%|█         | 2737/25248 [3:19:34 > 24:20]
SOAP:  11%|█         | 2738/25248 [3:19:14 > 24:20]
SOAP:  11%|█         | 2739/25248 [3:19:23 > 24:21]
SOAP:  11%|█         | 2740/25248 [3:19:26 > 24:21]
SOAP:  11%|█         | 2741/25248 [3:19:09 > 24:22]
SOAP:  11%|█         | 2742/25248 [3:19:42 > 24:22]
SOAP:  11%|█         | 2743/25248 [3:19:23 > 24:23]
SOAP:  11%|█         | 2744/25248 [3:19:25 > 24:23]
SOAP:  11%|█         | 2745/25248 [3:19:51 > 24:24]
SOAP:  11%|█         | 2746/25248 [3:19:13 > 24:24]
SOAP:  11%|█         | 2747/25248 [3:19:34 > 24:25]
SOAP:  11%|█         | 2748/25248 [3:19:49 > 24:25]
SOAP:  11%|█         | 2749/25248 [3:19:08 > 24:26]
SOAP:  11%|█         | 2750/25248 [3:19:45 > 24:27]
SOAP:  11%|█         | 2751/25248 [3:19:39 > 24:27]
SOAP:  11%|█         | 2752/25248 [3:19:07 > 24:28]
SOAP:  11%|█         | 2753/25248 [3:19:46 > 24:28]
SOAP:  11%|█         | 2754/25248 [3:19:29 > 24:29]
SOAP:  11%|█         | 2755/25248 [3:18:49 > 24:29]
SOAP:  11%|█         | 2756/25248 [3:19:24 > 24:30]
SOAP:  11%|█         | 2757/25248 [3:19:07 > 24:30]
SOAP:  11%|█         | 2758/25248 [3:18:55 > 24:31]
SOAP:  11%|█         | 2759/25248 [3:19:15 > 24:31]
SOAP:  11%|█         | 2760/25248 [3:19:06 > 24:32]
SOAP:  11%|█         | 2761/25248 [3:19:20 > 24:32]
SOAP:  11%|█         | 2762/25248 [3:19:11 > 24:33]
SOAP:  11%|█         | 2763/25248 [3:18:58 > 24:33]
SOAP:  11%|█         | 2764/25248 [3:19:23 > 24:34]
SOAP:  11%|█         | 2765/25248 [3:19:03 > 24:34]
SOAP:  11%|█         | 2766/25248 [3:18:53 > 24:35]
SOAP:  11%|█         | 2767/25248 [3:19:24 > 24:36]
SOAP:  11%|█         | 2768/25248 [3:18:51 > 24:36]
SOAP:  11%|█         | 2769/25248 [3:19:31 > 24:37]
SOAP:  11%|█         | 2770/25248 [3:20:18 > 24:37]
SOAP:  11%|█         | 2771/25248 [3:19:56 > 24:38]
SOAP:  11%|█         | 2772/25248 [3:20:07 > 24:38]
SOAP:  11%|█         | 2773/25248 [3:19:53 > 24:39]
SOAP:  11%|█         | 2774/25248 [3:19:03 > 24:39]
SOAP:  11%|█         | 2775/25248 [3:19:27 > 24:40]
SOAP:  11%|█         | 2776/25248 [3:19:23 > 24:40]
SOAP:  11%|█         | 2777/25248 [3:18:42 > 24:41]
SOAP:  11%|█         | 2778/25248 [3:19:09 > 24:41]
SOAP:  11%|█         | 2779/25248 [3:19:00 > 24:42]
SOAP:  11%|█         | 2780/25248 [3:18:43 > 24:42]
SOAP:  11%|█         | 2781/25248 [3:19:07 > 24:43]
SOAP:  11%|█         | 2782/25248 [3:18:54 > 24:44]
SOAP:  11%|█         | 2783/25248 [3:18:50 > 24:44]
SOAP:  11%|█         | 2784/25248 [3:19:00 > 24:45]
SOAP:  11%|█         | 2785/25248 [3:18:47 > 24:45]
SOAP:  11%|█         | 2786/25248 [3:19:10 > 24:46]
SOAP:  11%|█         | 2787/25248 [3:18:58 > 24:46]
SOAP:  11%|█         | 2788/25248 [3:18:49 > 24:47]
SOAP:  11%|█         | 2789/25248 [3:19:51 > 24:47]
SOAP:  11%|█         | 2790/25248 [3:19:15 > 24:48]
SOAP:  11%|█         | 2791/25248 [3:19:08 > 24:48]
SOAP:  11%|█         | 2792/25248 [3:19:24 > 24:49]
SOAP:  11%|█         | 2793/25248 [3:18:35 > 24:49]
SOAP:  11%|█         | 2794/25248 [3:19:09 > 24:50]
SOAP:  11%|█         | 2795/25248 [3:19:09 > 24:50]
SOAP:  11%|█         | 2796/25248 [3:18:30 > 24:51]
SOAP:  11%|█         | 2797/25248 [3:19:11 > 24:52]
SOAP:  11%|█         | 2798/25248 [3:19:13 > 24:52]
SOAP:  11%|█         | 2799/25248 [3:18:32 > 24:53]
SOAP:  11%|█         | 2800/25248 [3:19:13 > 24:53]
SOAP:  11%|█         | 2801/25248 [3:21:02 > 24:54]
SOAP:  11%|█         | 2802/25248 [3:19:05 > 24:54]
SOAP:  11%|█         | 2803/25248 [3:18:34 > 24:55]
SOAP:  11%|█         | 2804/25248 [3:19:26 > 24:55]
SOAP:  11%|█         | 2805/25248 [3:19:05 > 24:56]
SOAP:  11%|█         | 2806/25248 [3:17:46 > 24:56]
SOAP:  11%|█         | 2807/25248 [3:19:31 > 24:57]
SOAP:  11%|█         | 2808/25248 [3:19:25 > 24:57]
SOAP:  11%|█         | 2809/25248 [3:19:17 > 24:58]
SOAP:  11%|█         | 2810/25248 [3:18:57 > 24:58]
SOAP:  11%|█         | 2811/25248 [3:19:11 > 24:59]
SOAP:  11%|█         | 2812/25248 [3:18:53 > 25:00]
SOAP:  11%|█         | 2813/25248 [3:18:37 > 25:00]
SOAP:  11%|█         | 2814/25248 [3:19:15 > 25:01]
SOAP:  11%|█         | 2815/25248 [3:17:45 > 25:01]
SOAP:  11%|█         | 2816/25248 [3:19:23 > 25:02]
SOAP:  11%|█         | 2817/25248 [3:19:53 > 25:02]
SOAP:  11%|█         | 2818/25248 [3:18:50 > 25:03]
SOAP:  11%|█         | 2819/25248 [3:17:45 > 25:03]
SOAP:  11%|█         | 2820/25248 [3:19:37 > 25:04]
SOAP:  11%|█         | 2821/25248 [3:18:41 > 25:04]
SOAP:  11%|█         | 2822/25248 [3:19:08 > 25:05]
SOAP:  11%|█         | 2823/25248 [3:18:48 > 25:05]
SOAP:  11%|█         | 2824/25248 [3:18:04 > 25:06]
SOAP:  11%|█         | 2825/25248 [3:17:25 > 25:06]
SOAP:  11%|█         | 2826/25248 [3:19:04 > 25:07]
SOAP:  11%|█         | 2827/25248 [3:18:36 > 25:07]
SOAP:  11%|█         | 2828/25248 [3:18:50 > 25:08]
SOAP:  11%|█         | 2829/25248 [3:18:43 > 25:09]
SOAP:  11%|█         | 2830/25248 [3:18:38 > 25:09]
SOAP:  11%|█         | 2831/25248 [3:18:31 > 25:10]
SOAP:  11%|█         | 2832/25248 [3:18:26 > 25:10]
SOAP:  11%|█         | 2833/25248 [3:18:36 > 25:11]
SOAP:  11%|█         | 2834/25248 [3:18:36 > 25:11]
SOAP:  11%|█         | 2835/25248 [3:18:20 > 25:12]
SOAP:  11%|█         | 2836/25248 [3:18:49 > 25:12]
SOAP:  11%|█         | 2837/25248 [3:18:22 > 25:13]
SOAP:  11%|█         | 2838/25248 [3:18:43 > 25:13]
SOAP:  11%|█         | 2839/25248 [3:18:56 > 25:14]
SOAP:  11%|█         | 2840/25248 [3:18:17 > 25:14]
SOAP:  11%|█▏        | 2841/25248 [3:18:33 > 25:15]
SOAP:  11%|█▏        | 2842/25248 [3:18:44 > 25:15]
SOAP:  11%|█▏        | 2843/25248 [3:17:58 > 25:16]
SOAP:  11%|█▏        | 2844/25248 [3:18:50 > 25:17]
SOAP:  11%|█▏        | 2845/25248 [3:19:00 > 25:17]
SOAP:  11%|█▏        | 2846/25248 [3:18:33 > 25:18]
SOAP:  11%|█▏        | 2847/25248 [3:19:07 > 25:18]
SOAP:  11%|█▏        | 2848/25248 [3:18:46 > 25:19]
SOAP:  11%|█▏        | 2849/25248 [3:18:14 > 25:19]
SOAP:  11%|█▏        | 2850/25248 [3:18:43 > 25:20]
SOAP:  11%|█▏        | 2851/25248 [3:18:32 > 25:20]
SOAP:  11%|█▏        | 2852/25248 [3:18:19 > 25:21]
SOAP:  11%|█▏        | 2853/25248 [3:18:31 > 25:21]
SOAP:  11%|█▏        | 2854/25248 [3:18:14 > 25:22]
SOAP:  11%|█▏        | 2855/25248 [3:18:20 > 25:22]
SOAP:  11%|█▏        | 2856/25248 [3:18:19 > 25:23]
SOAP:  11%|█▏        | 2857/25248 [3:18:04 > 25:23]
SOAP:  11%|█▏        | 2858/25248 [3:18:36 > 25:24]
SOAP:  11%|█▏        | 2859/25248 [3:18:15 > 25:24]
SOAP:  11%|█▏        | 2860/25248 [3:18:11 > 25:25]
SOAP:  11%|█▏        | 2861/25248 [3:18:49 > 25:26]
SOAP:  11%|█▏        | 2862/25248 [3:18:05 > 25:26]
SOAP:  11%|█▏        | 2863/25248 [3:18:15 > 25:27]
SOAP:  11%|█▏        | 2864/25248 [3:19:52 > 25:27]
SOAP:  11%|█▏        | 2865/25248 [3:18:09 > 25:28]
SOAP:  11%|█▏        | 2866/25248 [3:18:38 > 25:28]
SOAP:  11%|█▏        | 2867/25248 [3:18:36 > 25:29]
SOAP:  11%|█▏        | 2868/25248 [3:17:50 > 25:29]
SOAP:  11%|█▏        | 2869/25248 [3:18:29 > 25:30]
SOAP:  11%|█▏        | 2870/25248 [3:18:07 > 25:30]
SOAP:  11%|█▏        | 2871/25248 [3:17:31 > 25:31]
SOAP:  11%|█▏        | 2872/25248 [3:18:14 > 25:31]
SOAP:  11%|█▏        | 2873/25248 [3:18:02 > 25:32]
SOAP:  11%|█▏        | 2874/25248 [3:17:54 > 25:32]
SOAP:  11%|█▏        | 2875/25248 [3:18:19 > 25:33]
SOAP:  11%|█▏        | 2876/25248 [3:18:06 > 25:34]
SOAP:  11%|█▏        | 2877/25248 [3:18:07 > 25:34]
SOAP:  11%|█▏        | 2878/25248 [3:18:13 > 25:35]
SOAP:  11%|█▏        | 2879/25248 [3:17:59 > 25:35]
SOAP:  11%|█▏        | 2880/25248 [3:18:09 > 25:36]
SOAP:  11%|█▏        | 2881/25248 [3:17:59 > 25:36]
SOAP:  11%|█▏        | 2882/25248 [3:17:59 > 25:37]
SOAP:  11%|█▏        | 2883/25248 [3:18:57 > 25:37]
SOAP:  11%|█▏        | 2884/25248 [3:18:22 > 25:38]
SOAP:  11%|█▏        | 2885/25248 [3:18:25 > 25:38]
SOAP:  11%|█▏        | 2886/25248 [3:18:39 > 25:39]
SOAP:  11%|█▏        | 2887/25248 [3:18:04 > 25:39]
SOAP:  11%|█▏        | 2888/25248 [3:18:22 > 25:40]
SOAP:  11%|█▏        | 2889/25248 [3:18:27 > 25:40]
SOAP:  11%|█▏        | 2890/25248 [3:17:48 > 25:41]
SOAP:  11%|█▏        | 2891/25248 [3:18:33 > 25:42]
SOAP:  11%|█▏        | 2892/25248 [3:18:13 > 25:42]
SOAP:  11%|█▏        | 2893/25248 [3:17:38 > 25:43]
SOAP:  11%|█▏        | 2894/25248 [3:18:07 > 25:43]
SOAP:  11%|█▏        | 2895/25248 [3:17:59 > 25:44]
SOAP:  11%|█▏        | 2896/25248 [3:17:36 > 25:44]
SOAP:  11%|█▏        | 2897/25248 [3:18:19 > 25:45]
SOAP:  11%|█▏        | 2898/25248 [3:18:00 > 25:45]
SOAP:  11%|█▏        | 2899/25248 [3:17:51 > 25:46]
SOAP:  11%|█▏        | 2900/25248 [3:18:06 > 25:46]
SOAP:  11%|█▏        | 2901/25248 [3:19:36 > 25:47]
SOAP:  11%|█▏        | 2902/25248 [3:18:26 > 25:47]
SOAP:  11%|█▏        | 2903/25248 [3:18:18 > 25:48]
SOAP:  12%|█▏        | 2904/25248 [3:18:03 > 25:48]
SOAP:  12%|█▏        | 2905/25248 [3:18:23 > 25:49]
SOAP:  12%|█▏        | 2906/25248 [3:18:07 > 25:49]
SOAP:  12%|█▏        | 2907/25248 [3:17:57 > 25:50]
SOAP:  12%|█▏        | 2908/25248 [3:18:16 > 25:51]
SOAP:  12%|█▏        | 2909/25248 [3:17:44 > 25:51]
SOAP:  12%|█▏        | 2910/25248 [3:17:52 > 25:52]
SOAP:  12%|█▏        | 2911/25248 [3:18:12 > 25:52]
SOAP:  12%|█▏        | 2912/25248 [3:17:24 > 25:53]
SOAP:  12%|█▏        | 2913/25248 [3:17:59 > 25:53]
SOAP:  12%|█▏        | 2914/25248 [3:18:08 > 25:54]
SOAP:  12%|█▏        | 2915/25248 [3:17:48 > 25:54]
SOAP:  12%|█▏        | 2916/25248 [3:18:21 > 25:55]
SOAP:  12%|█▏        | 2917/25248 [3:18:08 > 25:55]
SOAP:  12%|█▏        | 2918/25248 [3:17:27 > 25:56]
SOAP:  12%|█▏        | 2919/25248 [3:17:52 > 25:56]
SOAP:  12%|█▏        | 2920/25248 [3:17:34 > 25:57]
SOAP:  12%|█▏        | 2921/25248 [3:17:19 > 25:57]
SOAP:  12%|█▏        | 2922/25248 [3:17:42 > 25:58]
SOAP:  12%|█▏        | 2923/25248 [3:17:27 > 25:59]
SOAP:  12%|█▏        | 2924/25248 [3:17:32 > 25:59]
SOAP:  12%|█▏        | 2925/25248 [3:17:43 > 26:00]
SOAP:  12%|█▏        | 2926/25248 [3:17:20 > 26:00]
SOAP:  12%|█▏        | 2927/25248 [3:17:39 > 26:01]
SOAP:  12%|█▏        | 2928/25248 [3:17:37 > 26:01]
SOAP:  12%|█▏        | 2929/25248 [3:17:26 > 26:02]
SOAP:  12%|█▏        | 2930/25248 [3:18:04 > 26:02]
SOAP:  12%|█▏        | 2931/25248 [3:17:31 > 26:03]
SOAP:  12%|█▏        | 2932/25248 [3:17:39 > 26:03]
SOAP:  12%|█▏        | 2933/25248 [3:18:20 > 26:04]
SOAP:  12%|█▏        | 2934/25248 [3:18:06 > 26:04]
SOAP:  12%|█▏        | 2935/25248 [3:18:17 > 26:05]
SOAP:  12%|█▏        | 2936/25248 [3:18:17 > 26:05]
SOAP:  12%|█▏        | 2937/25248 [3:15:59 > 26:06]
SOAP:  12%|█▏        | 2938/25248 [3:18:28 > 26:07]
SOAP:  12%|█▏        | 2939/25248 [3:17:36 > 26:07]
SOAP:  12%|█▏        | 2940/25248 [3:16:41 > 26:08]
SOAP:  12%|█▏        | 2941/25248 [3:17:18 > 26:08]
SOAP:  12%|█▏        | 2942/25248 [3:17:14 > 26:09]
SOAP:  12%|█▏        | 2943/25248 [3:16:57 > 26:09]
SOAP:  12%|█▏        | 2944/25248 [3:16:01 > 26:10]
SOAP:  12%|█▏        | 2945/25248 [3:18:13 > 26:10]
SOAP:  12%|█▏        | 2946/25248 [3:18:11 > 26:11]
SOAP:  12%|█▏        | 2947/25248 [3:18:15 > 26:11]
SOAP:  12%|█▏        | 2948/25248 [3:17:44 > 26:12]
SOAP:  12%|█▏        | 2949/25248 [3:16:19 > 26:12]
SOAP:  12%|█▏        | 2950/25248 [3:18:14 > 26:13]
SOAP:  12%|█▏        | 2951/25248 [3:17:50 > 26:13]
SOAP:  12%|█▏        | 2952/25248 [3:18:11 > 26:14]
SOAP:  12%|█▏        | 2953/25248 [3:17:48 > 26:14]
SOAP:  12%|█▏        | 2954/25248 [3:17:37 > 26:15]
SOAP:  12%|█▏        | 2955/25248 [3:17:54 > 26:16]
SOAP:  12%|█▏        | 2956/25248 [3:17:12 > 26:16]
SOAP:  12%|█▏        | 2957/25248 [3:17:34 > 26:17]
SOAP:  12%|█▏        | 2958/25248 [3:17:37 > 26:17]
SOAP:  12%|█▏        | 2959/25248 [3:17:15 > 26:18]
SOAP:  12%|█▏        | 2960/25248 [3:18:07 > 26:18]
SOAP:  12%|█▏        | 2961/25248 [3:18:01 > 26:19]
SOAP:  12%|█▏        | 2962/25248 [3:17:09 > 26:19]
SOAP:  12%|█▏        | 2963/25248 [3:17:46 > 26:20]
SOAP:  12%|█▏        | 2964/25248 [3:17:21 > 26:20]
SOAP:  12%|█▏        | 2965/25248 [3:16:47 > 26:21]
SOAP:  12%|█▏        | 2966/25248 [3:17:25 > 26:21]
SOAP:  12%|█▏        | 2967/25248 [3:17:23 > 26:22]
SOAP:  12%|█▏        | 2968/25248 [3:17:09 > 26:22]
SOAP:  12%|█▏        | 2969/25248 [3:17:23 > 26:23]
SOAP:  12%|█▏        | 2970/25248 [3:17:11 > 26:24]
SOAP:  12%|█▏        | 2971/25248 [3:17:20 > 26:24]
SOAP:  12%|█▏        | 2972/25248 [3:17:17 > 26:25]
SOAP:  12%|█▏        | 2973/25248 [3:16:56 > 26:25]
SOAP:  12%|█▏        | 2974/25248 [3:17:18 > 26:26]
SOAP:  12%|█▏        | 2975/25248 [3:17:09 > 26:26]
SOAP:  12%|█▏        | 2976/25248 [3:16:59 > 26:27]
SOAP:  12%|█▏        | 2977/25248 [3:16:01 > 26:27]
SOAP:  12%|█▏        | 2978/25248 [3:15:46 > 26:28]
SOAP:  12%|█▏        | 2979/25248 [3:17:57 > 26:28]
SOAP:  12%|█▏        | 2980/25248 [3:17:56 > 26:29]
SOAP:  12%|█▏        | 2981/25248 [3:17:05 > 26:29]
SOAP:  12%|█▏        | 2982/25248 [3:17:36 > 26:30]
SOAP:  12%|█▏        | 2983/25248 [3:17:32 > 26:30]
SOAP:  12%|█▏        | 2984/25248 [3:16:49 > 26:31]
SOAP:  12%|█▏        | 2985/25248 [3:17:38 > 26:31]
SOAP:  12%|█▏        | 2986/25248 [3:17:33 > 26:32]
SOAP:  12%|█▏        | 2987/25248 [3:17:37 > 26:33]
SOAP:  12%|█▏        | 2988/25248 [3:18:34 > 26:33]
SOAP:  12%|█▏        | 2989/25248 [3:17:54 > 26:34]
SOAP:  12%|█▏        | 2990/25248 [3:17:20 > 26:34]
SOAP:  12%|█▏        | 2991/25248 [3:17:38 > 26:35]
SOAP:  12%|█▏        | 2992/25248 [3:17:26 > 26:35]
SOAP:  12%|█▏        | 2993/25248 [3:17:22 > 26:36]
SOAP:  12%|█▏        | 2994/25248 [3:17:19 > 26:36]
SOAP:  12%|█▏        | 2995/25248 [3:15:42 > 26:37]
SOAP:  12%|█▏        | 2996/25248 [3:17:45 > 26:37]
SOAP:  12%|█▏        | 2997/25248 [3:17:51 > 26:38]
SOAP:  12%|█▏        | 2998/25248 [3:17:49 > 26:38]
SOAP:  12%|█▏        | 2999/25248 [3:17:54 > 26:39]
SOAP:  12%|█▏        | 3000/25248 [3:17:16 > 26:39]
SOAP:  12%|█▏        | 3001/25248 [3:19:12 > 26:40]
SOAP:  12%|█▏        | 3002/25248 [3:17:59 > 26:41]
SOAP:  12%|█▏        | 3003/25248 [3:17:10 > 26:41]
SOAP:  12%|█▏        | 3004/25248 [3:17:23 > 26:42]
SOAP:  12%|█▏        | 3005/25248 [3:17:30 > 26:42]
SOAP:  12%|█▏        | 3006/25248 [3:16:40 > 26:43]
SOAP:  12%|█▏        | 3007/25248 [3:17:25 > 26:43]
SOAP:  12%|█▏        | 3008/25248 [3:17:17 > 26:44]
SOAP:  12%|█▏        | 3009/25248 [3:16:38 > 26:44]
SOAP:  12%|█▏        | 3010/25248 [3:17:16 > 26:45]
SOAP:  12%|█▏        | 3011/25248 [3:17:07 > 26:45]
SOAP:  12%|█▏        | 3012/25248 [3:15:08 > 26:46]
SOAP:  12%|█▏        | 3013/25248 [3:17:36 > 26:46]
SOAP:  12%|█▏        | 3014/25248 [3:17:23 > 26:47]
SOAP:  12%|█▏        | 3015/25248 [3:15:30 > 26:47]
SOAP:  12%|█▏        | 3016/25248 [3:17:36 > 26:48]
SOAP:  12%|█▏        | 3017/25248 [3:17:25 > 26:49]
SOAP:  12%|█▏        | 3018/25248 [3:17:17 > 26:49]
SOAP:  12%|█▏        | 3019/25248 [3:17:08 > 26:50]
SOAP:  12%|█▏        | 3020/25248 [3:16:58 > 26:50]
SOAP:  12%|█▏        | 3021/25248 [3:17:18 > 26:51]
SOAP:  12%|█▏        | 3022/25248 [3:16:53 > 26:51]
SOAP:  12%|█▏        | 3023/25248 [3:16:41 > 26:52]
SOAP:  12%|█▏        | 3024/25248 [3:17:17 > 26:52]
SOAP:  12%|█▏        | 3025/25248 [3:16:41 > 26:53]
SOAP:  12%|█▏        | 3026/25248 [3:16:59 > 26:53]
SOAP:  12%|█▏        | 3027/25248 [3:17:20 > 26:54]
SOAP:  12%|█▏        | 3028/25248 [3:16:28 > 26:54]
SOAP:  12%|█▏        | 3029/25248 [3:16:55 > 26:55]
SOAP:  12%|█▏        | 3030/25248 [3:16:59 > 26:55]
SOAP:  12%|█▏        | 3031/25248 [3:16:16 > 26:56]
SOAP:  12%|█▏        | 3032/25248 [3:16:47 > 26:56]
SOAP:  12%|█▏        | 3033/25248 [3:16:53 > 26:57]
SOAP:  12%|█▏        | 3034/25248 [3:16:16 > 26:58]
SOAP:  12%|█▏        | 3035/25248 [3:16:58 > 26:58]
SOAP:  12%|█▏        | 3036/25248 [3:16:55 > 26:59]
SOAP:  12%|█▏        | 3037/25248 [3:16:30 > 26:59]
SOAP:  12%|█▏        | 3038/25248 [3:16:58 > 27:00]
SOAP:  12%|█▏        | 3039/25248 [3:16:54 > 27:00]
SOAP:  12%|█▏        | 3040/25248 [3:16:41 > 27:01]
SOAP:  12%|█▏        | 3041/25248 [3:16:42 > 27:01]
SOAP:  12%|█▏        | 3042/25248 [3:16:39 > 27:02]
SOAP:  12%|█▏        | 3043/25248 [3:16:44 > 27:02]
SOAP:  12%|█▏        | 3044/25248 [3:16:32 > 27:03]
SOAP:  12%|█▏        | 3045/25248 [3:16:34 > 27:03]
SOAP:  12%|█▏        | 3046/25248 [3:17:06 > 27:04]
SOAP:  12%|█▏        | 3047/25248 [3:16:38 > 27:04]
SOAP:  12%|█▏        | 3048/25248 [3:16:44 > 27:05]
SOAP:  12%|█▏        | 3049/25248 [3:17:08 > 27:06]
SOAP:  12%|█▏        | 3050/25248 [3:16:23 > 27:06]
SOAP:  12%|█▏        | 3051/25248 [3:16:46 > 27:07]
SOAP:  12%|█▏        | 3052/25248 [3:16:51 > 27:07]
SOAP:  12%|█▏        | 3053/25248 [3:16:09 > 27:08]
SOAP:  12%|█▏        | 3054/25248 [3:16:57 > 27:08]
SOAP:  12%|█▏        | 3055/25248 [3:16:53 > 27:09]
SOAP:  12%|█▏        | 3056/25248 [3:16:05 > 27:09]
SOAP:  12%|█▏        | 3057/25248 [3:16:51 > 27:10]
SOAP:  12%|█▏        | 3058/25248 [3:16:37 > 27:10]
SOAP:  12%|█▏        | 3059/25248 [3:16:11 > 27:11]
SOAP:  12%|█▏        | 3060/25248 [3:16:44 > 27:11]
SOAP:  12%|█▏        | 3061/25248 [3:16:25 > 27:12]
SOAP:  12%|█▏        | 3062/25248 [3:14:39 > 27:12]
SOAP:  12%|█▏        | 3063/25248 [3:17:04 > 27:13]
SOAP:  12%|█▏        | 3064/25248 [3:16:34 > 27:13]
SOAP:  12%|█▏        | 3065/25248 [3:16:38 > 27:14]
SOAP:  12%|█▏        | 3066/25248 [3:15:48 > 27:15]
SOAP:  12%|█▏        | 3067/25248 [3:16:24 > 27:15]
SOAP:  12%|█▏        | 3068/25248 [3:16:43 > 27:16]
SOAP:  12%|█▏        | 3069/25248 [3:16:24 > 27:16]
SOAP:  12%|█▏        | 3070/25248 [3:16:23 > 27:17]
SOAP:  12%|█▏        | 3071/25248 [3:17:05 > 27:17]
SOAP:  12%|█▏        | 3072/25248 [3:17:30 > 27:18]
SOAP:  12%|█▏        | 3073/25248 [3:16:59 > 27:18]
SOAP:  12%|█▏        | 3074/25248 [3:17:28 > 27:19]
SOAP:  12%|█▏        | 3075/25248 [3:17:01 > 27:19]
SOAP:  12%|█▏        | 3076/25248 [3:17:56 > 27:20]
SOAP:  12%|█▏        | 3077/25248 [3:18:22 > 27:20]
SOAP:  12%|█▏        | 3078/25248 [3:17:40 > 27:21]
SOAP:  12%|█▏        | 3079/25248 [3:18:21 > 27:22]
SOAP:  12%|█▏        | 3080/25248 [3:18:04 > 27:22]
SOAP:  12%|█▏        | 3081/25248 [3:17:05 > 27:23]
SOAP:  12%|█▏        | 3082/25248 [3:17:57 > 27:23]
SOAP:  12%|█▏        | 3083/25248 [3:17:54 > 27:24]
SOAP:  12%|█▏        | 3084/25248 [3:17:35 > 27:24]
SOAP:  12%|█▏        | 3085/25248 [3:18:26 > 27:25]
SOAP:  12%|█▏        | 3086/25248 [3:18:17 > 27:25]
SOAP:  12%|█▏        | 3087/25248 [3:18:03 > 27:26]
SOAP:  12%|█▏        | 3088/25248 [3:18:42 > 27:26]
SOAP:  12%|█▏        | 3089/25248 [3:18:18 > 27:27]
SOAP:  12%|█▏        | 3090/25248 [3:18:16 > 27:27]
SOAP:  12%|█▏        | 3091/25248 [3:16:35 > 27:28]
SOAP:  12%|█▏        | 3092/25248 [3:17:57 > 27:28]
SOAP:  12%|█▏        | 3093/25248 [3:17:48 > 27:29]
SOAP:  12%|█▏        | 3094/25248 [3:17:56 > 27:30]
SOAP:  12%|█▏        | 3095/25248 [3:17:54 > 27:30]
SOAP:  12%|█▏        | 3096/25248 [3:18:27 > 27:31]
SOAP:  12%|█▏        | 3097/25248 [3:16:28 > 27:31]
SOAP:  12%|█▏        | 3098/25248 [3:18:06 > 27:32]
SOAP:  12%|█▏        | 3099/25248 [3:18:18 > 27:32]
SOAP:  12%|█▏        | 3100/25248 [3:17:51 > 27:33]
SOAP:  12%|█▏        | 3101/25248 [3:19:17 > 27:33]
SOAP:  12%|█▏        | 3102/25248 [3:19:20 > 27:34]
SOAP:  12%|█▏        | 3103/25248 [3:18:29 > 27:34]
SOAP:  12%|█▏        | 3104/25248 [3:18:50 > 27:35]
SOAP:  12%|█▏        | 3105/25248 [3:18:47 > 27:35]
SOAP:  12%|█▏        | 3106/25248 [3:18:02 > 27:36]
SOAP:  12%|█▏        | 3107/25248 [3:18:26 > 27:37]
SOAP:  12%|█▏        | 3108/25248 [3:18:12 > 27:37]
SOAP:  12%|█▏        | 3109/25248 [3:17:33 > 27:38]
SOAP:  12%|█▏        | 3110/25248 [3:17:18 > 27:38]
SOAP:  12%|█▏        | 3111/25248 [3:17:46 > 27:39]
SOAP:  12%|█▏        | 3112/25248 [3:17:33 > 27:39]
SOAP:  12%|█▏        | 3113/25248 [3:18:26 > 27:40]
SOAP:  12%|█▏        | 3114/25248 [3:18:08 > 27:40]
SOAP:  12%|█▏        | 3115/25248 [3:17:46 > 27:41]
SOAP:  12%|█▏        | 3116/25248 [3:18:33 > 27:41]
SOAP:  12%|█▏        | 3117/25248 [3:18:10 > 27:42]
SOAP:  12%|█▏        | 3118/25248 [3:17:58 > 27:42]
SOAP:  12%|█▏        | 3119/25248 [3:18:12 > 27:43]
SOAP:  12%|█▏        | 3120/25248 [3:18:09 > 27:44]
SOAP:  12%|█▏        | 3121/25248 [3:18:00 > 27:44]
SOAP:  12%|█▏        | 3122/25248 [3:18:13 > 27:45]
SOAP:  12%|█▏        | 3123/25248 [3:17:15 > 27:45]
SOAP:  12%|█▏        | 3124/25248 [3:17:48 > 27:46]
SOAP:  12%|█▏        | 3125/25248 [3:17:55 > 27:46]
SOAP:  12%|█▏        | 3126/25248 [3:17:43 > 27:47]
SOAP:  12%|█▏        | 3127/25248 [3:18:24 > 27:47]
SOAP:  12%|█▏        | 3128/25248 [3:18:02 > 27:48]
SOAP:  12%|█▏        | 3129/25248 [3:17:35 > 27:48]
SOAP:  12%|█▏        | 3130/25248 [3:17:57 > 27:49]
SOAP:  12%|█▏        | 3131/25248 [3:17:42 > 27:49]
SOAP:  12%|█▏        | 3132/25248 [3:18:15 > 27:50]
SOAP:  12%|█▏        | 3133/25248 [3:18:21 > 27:50]
SOAP:  12%|█▏        | 3134/25248 [3:17:33 > 27:51]
SOAP:  12%|█▏        | 3135/25248 [3:18:14 > 27:52]
SOAP:  12%|█▏        | 3136/25248 [3:18:14 > 27:52]
SOAP:  12%|█▏        | 3137/25248 [3:17:35 > 27:53]
SOAP:  12%|█▏        | 3138/25248 [3:18:17 > 27:53]
SOAP:  12%|█▏        | 3139/25248 [3:18:06 > 27:54]
SOAP:  12%|█▏        | 3140/25248 [3:17:32 > 27:54]
SOAP:  12%|█▏        | 3141/25248 [3:17:50 > 27:55]
SOAP:  12%|█▏        | 3142/25248 [3:18:01 > 27:55]
SOAP:  12%|█▏        | 3143/25248 [3:17:37 > 27:56]
SOAP:  12%|█▏        | 3144/25248 [3:18:15 > 27:56]
SOAP:  12%|█▏        | 3145/25248 [3:17:59 > 27:57]
SOAP:  12%|█▏        | 3146/25248 [3:17:39 > 27:57]
SOAP:  12%|█▏        | 3147/25248 [3:17:59 > 27:58]
SOAP:  12%|█▏        | 3148/25248 [3:18:04 > 27:59]
SOAP:  12%|█▏        | 3149/25248 [3:17:49 > 27:59]
SOAP:  12%|█▏        | 3150/25248 [3:18:08 > 28:00]
SOAP:  12%|█▏        | 3151/25248 [3:18:04 > 28:00]
SOAP:  12%|█▏        | 3152/25248 [3:17:52 > 28:01]
SOAP:  12%|█▏        | 3153/25248 [3:18:00 > 28:01]
SOAP:  12%|█▏        | 3154/25248 [3:17:50 > 28:02]
SOAP:  12%|█▏        | 3155/25248 [3:17:57 > 28:02]
SOAP:  12%|█▎        | 3156/25248 [3:17:46 > 28:03]
SOAP:  13%|█▎        | 3157/25248 [3:17:30 > 28:03]
SOAP:  13%|█▎        | 3158/25248 [3:18:10 > 28:04]
SOAP:  13%|█▎        | 3159/25248 [3:17:47 > 28:04]
SOAP:  13%|█▎        | 3160/25248 [3:17:37 > 28:05]
SOAP:  13%|█▎        | 3161/25248 [3:17:50 > 28:06]
SOAP:  13%|█▎        | 3162/25248 [3:17:15 > 28:06]
SOAP:  13%|█▎        | 3163/25248 [3:17:38 > 28:07]
SOAP:  13%|█▎        | 3164/25248 [3:17:49 > 28:07]
SOAP:  13%|█▎        | 3165/25248 [3:17:15 > 28:08]
SOAP:  13%|█▎        | 3166/25248 [3:18:09 > 28:08]
SOAP:  13%|█▎        | 3167/25248 [3:18:10 > 28:09]
SOAP:  13%|█▎        | 3168/25248 [3:17:19 > 28:09]
SOAP:  13%|█▎        | 3169/25248 [3:16:12 > 28:10]
SOAP:  13%|█▎        | 3170/25248 [3:17:43 > 28:10]
SOAP:  13%|█▎        | 3171/25248 [3:17:17 > 28:11]
SOAP:  13%|█▎        | 3172/25248 [3:18:04 > 28:11]
SOAP:  13%|█▎        | 3173/25248 [3:17:44 > 28:12]
SOAP:  13%|█▎        | 3174/25248 [3:17:16 > 28:13]
SOAP:  13%|█▎        | 3175/25248 [3:18:01 > 28:13]
SOAP:  13%|█▎        | 3176/25248 [3:17:49 > 28:14]
SOAP:  13%|█▎        | 3177/25248 [3:17:29 > 28:14]
SOAP:  13%|█▎        | 3178/25248 [3:18:00 > 28:15]
SOAP:  13%|█▎        | 3179/25248 [3:17:47 > 28:15]
SOAP:  13%|█▎        | 3180/25248 [3:17:45 > 28:16]
SOAP:  13%|█▎        | 3181/25248 [3:17:53 > 28:16]
SOAP:  13%|█▎        | 3182/25248 [3:17:33 > 28:17]
SOAP:  13%|█▎        | 3183/25248 [3:17:57 > 28:17]
SOAP:  13%|█▎        | 3184/25248 [3:17:50 > 28:18]
SOAP:  13%|█▎        | 3185/25248 [3:17:32 > 28:18]
SOAP:  13%|█▎        | 3186/25248 [3:18:02 > 28:19]
SOAP:  13%|█▎        | 3187/25248 [3:17:55 > 28:20]
SOAP:  13%|█▎        | 3188/25248 [3:17:32 > 28:20]
SOAP:  13%|█▎        | 3189/25248 [3:18:08 > 28:21]
SOAP:  13%|█▎        | 3190/25248 [3:17:34 > 28:21]
SOAP:  13%|█▎        | 3191/25248 [3:17:26 > 28:22]
SOAP:  13%|█▎        | 3192/25248 [3:18:03 > 28:22]
SOAP:  13%|█▎        | 3193/25248 [3:17:28 > 28:23]
SOAP:  13%|█▎        | 3194/25248 [3:17:50 > 28:23]
SOAP:  13%|█▎        | 3195/25248 [3:17:59 > 28:24]
SOAP:  13%|█▎        | 3196/25248 [3:17:23 > 28:24]
SOAP:  13%|█▎        | 3197/25248 [3:18:06 > 28:25]
SOAP:  13%|█▎        | 3198/25248 [3:17:41 > 28:25]
SOAP:  13%|█▎        | 3199/25248 [3:16:32 > 28:26]
SOAP:  13%|█▎        | 3200/25248 [3:17:27 > 28:26]
SOAP:  13%|█▎        | 3201/25248 [3:18:21 > 28:27]
SOAP:  13%|█▎        | 3202/25248 [3:17:34 > 28:28]
SOAP:  13%|█▎        | 3203/25248 [3:18:04 > 28:28]
SOAP:  13%|█▎        | 3204/25248 [3:16:11 > 28:29]
SOAP:  13%|█▎        | 3205/25248 [3:17:11 > 28:29]
SOAP:  13%|█▎        | 3206/25248 [3:17:50 > 28:30]
SOAP:  13%|█▎        | 3207/25248 [3:17:44 > 28:30]
SOAP:  13%|█▎        | 3208/25248 [3:17:18 > 28:31]
SOAP:  13%|█▎        | 3209/25248 [3:17:39 > 28:31]
SOAP:  13%|█▎        | 3210/25248 [3:18:19 > 28:32]
SOAP:  13%|█▎        | 3211/25248 [3:17:06 > 28:32]
SOAP:  13%|█▎        | 3212/25248 [3:17:28 > 28:33]
SOAP:  13%|█▎        | 3213/25248 [3:17:12 > 28:33]
SOAP:  13%|█▎        | 3214/25248 [3:17:21 > 28:34]
SOAP:  13%|█▎        | 3215/25248 [3:17:13 > 28:35]
SOAP:  13%|█▎        | 3216/25248 [3:17:21 > 28:35]
SOAP:  13%|█▎        | 3217/25248 [3:17:37 > 28:36]
SOAP:  13%|█▎        | 3218/25248 [3:17:22 > 28:36]
SOAP:  13%|█▎        | 3219/25248 [3:17:07 > 28:37]
SOAP:  13%|█▎        | 3220/25248 [3:15:28 > 28:37]
SOAP:  13%|█▎        | 3221/25248 [3:16:44 > 28:38]
SOAP:  13%|█▎        | 3222/25248 [3:17:12 > 28:38]
SOAP:  13%|█▎        | 3223/25248 [3:15:57 > 28:39]
SOAP:  13%|█▎        | 3224/25248 [3:16:50 > 28:39]
SOAP:  13%|█▎        | 3225/25248 [3:17:10 > 28:40]
SOAP:  13%|█▎        | 3226/25248 [3:17:33 > 28:40]
SOAP:  13%|█▎        | 3227/25248 [3:16:40 > 28:41]
SOAP:  13%|█▎        | 3228/25248 [3:17:22 > 28:42]
SOAP:  13%|█▎        | 3229/25248 [3:17:33 > 28:42]
SOAP:  13%|█▎        | 3230/25248 [3:16:33 > 28:43]
SOAP:  13%|█▎        | 3231/25248 [3:17:25 > 28:43]
SOAP:  13%|█▎        | 3232/25248 [3:17:23 > 28:44]
SOAP:  13%|█▎        | 3233/25248 [3:16:31 > 28:44]
SOAP:  13%|█▎        | 3234/25248 [3:16:54 > 28:45]
SOAP:  13%|█▎        | 3235/25248 [3:16:38 > 28:45]
SOAP:  13%|█▎        | 3236/25248 [3:16:20 > 28:46]
SOAP:  13%|█▎        | 3237/25248 [3:17:45 > 28:46]
SOAP:  13%|█▎        | 3238/25248 [3:16:36 > 28:47]
SOAP:  13%|█▎        | 3239/25248 [3:16:28 > 28:47]
SOAP:  13%|█▎        | 3240/25248 [3:17:03 > 28:48]
SOAP:  13%|█▎        | 3241/25248 [3:16:56 > 28:49]
SOAP:  13%|█▎        | 3242/25248 [3:16:58 > 28:49]
SOAP:  13%|█▎        | 3243/25248 [3:17:16 > 28:50]
SOAP:  13%|█▎        | 3244/25248 [3:16:56 > 28:50]
SOAP:  13%|█▎        | 3245/25248 [3:17:05 > 28:51]
SOAP:  13%|█▎        | 3246/25248 [3:17:03 > 28:51]
SOAP:  13%|█▎        | 3247/25248 [3:16:58 > 28:52]
SOAP:  13%|█▎        | 3248/25248 [3:17:06 > 28:52]
SOAP:  13%|█▎        | 3249/25248 [3:16:45 > 28:53]
SOAP:  13%|█▎        | 3250/25248 [3:17:03 > 28:53]
SOAP:  13%|█▎        | 3251/25248 [3:17:21 > 28:54]
SOAP:  13%|█▎        | 3252/25248 [3:16:47 > 28:54]
SOAP:  13%|█▎        | 3253/25248 [3:17:19 > 28:55]
SOAP:  13%|█▎        | 3254/25248 [3:17:18 > 28:56]
SOAP:  13%|█▎        | 3255/25248 [3:16:37 > 28:56]
SOAP:  13%|█▎        | 3256/25248 [3:17:04 > 28:57]
SOAP:  13%|█▎        | 3257/25248 [3:17:08 > 28:57]
SOAP:  13%|█▎        | 3258/25248 [3:16:40 > 28:58]
SOAP:  13%|█▎        | 3259/25248 [3:17:29 > 28:58]
SOAP:  13%|█▎        | 3260/25248 [3:17:12 > 28:59]
SOAP:  13%|█▎        | 3261/25248 [3:16:39 > 28:59]
SOAP:  13%|█▎        | 3262/25248 [3:17:21 > 29:00]
SOAP:  13%|█▎        | 3263/25248 [3:17:12 > 29:00]
SOAP:  13%|█▎        | 3264/25248 [3:16:32 > 29:01]
SOAP:  13%|█▎        | 3265/25248 [3:17:30 > 29:01]
SOAP:  13%|█▎        | 3266/25248 [3:17:03 > 29:02]
SOAP:  13%|█▎        | 3267/25248 [3:16:30 > 29:02]
SOAP:  13%|█▎        | 3268/25248 [3:17:05 > 29:03]
SOAP:  13%|█▎        | 3269/25248 [3:16:15 > 29:04]
SOAP:  13%|█▎        | 3270/25248 [3:16:30 > 29:04]
SOAP:  13%|█▎        | 3271/25248 [3:16:40 > 29:05]
SOAP:  13%|█▎        | 3272/25248 [3:16:40 > 29:05]
SOAP:  13%|█▎        | 3273/25248 [3:16:42 > 29:06]
SOAP:  13%|█▎        | 3274/25248 [3:16:54 > 29:06]
SOAP:  13%|█▎        | 3275/25248 [3:16:47 > 29:07]
SOAP:  13%|█▎        | 3276/25248 [3:17:47 > 29:07]
SOAP:  13%|█▎        | 3277/25248 [3:16:37 > 29:08]
SOAP:  13%|█▎        | 3278/25248 [3:16:38 > 29:08]
SOAP:  13%|█▎        | 3279/25248 [3:17:10 > 29:09]
SOAP:  13%|█▎        | 3280/25248 [3:16:45 > 29:09]
SOAP:  13%|█▎        | 3281/25248 [3:16:49 > 29:10]
SOAP:  13%|█▎        | 3282/25248 [3:17:18 > 29:11]
SOAP:  13%|█▎        | 3283/25248 [3:16:45 > 29:11]
SOAP:  13%|█▎        | 3284/25248 [3:17:07 > 29:12]
SOAP:  13%|█▎        | 3285/25248 [3:17:08 > 29:12]
SOAP:  13%|█▎        | 3286/25248 [3:16:24 > 29:13]
SOAP:  13%|█▎        | 3287/25248 [3:17:05 > 29:13]
SOAP:  13%|█▎        | 3288/25248 [3:16:55 > 29:14]
SOAP:  13%|█▎        | 3289/25248 [3:16:26 > 29:14]
SOAP:  13%|█▎        | 3290/25248 [3:17:10 > 29:15]
SOAP:  13%|█▎        | 3291/25248 [3:17:12 > 29:15]
SOAP:  13%|█▎        | 3292/25248 [3:16:25 > 29:16]
SOAP:  13%|█▎        | 3293/25248 [3:17:09 > 29:16]
SOAP:  13%|█▎        | 3294/25248 [3:16:49 > 29:17]
SOAP:  13%|█▎        | 3295/25248 [3:16:14 > 29:18]
SOAP:  13%|█▎        | 3296/25248 [3:16:54 > 29:18]
SOAP:  13%|█▎        | 3297/25248 [3:16:51 > 29:19]
SOAP:  13%|█▎        | 3298/25248 [3:16:23 > 29:19]
SOAP:  13%|█▎        | 3299/25248 [3:16:54 > 29:20]
SOAP:  13%|█▎        | 3300/25248 [3:16:49 > 29:20]
SOAP:  13%|█▎        | 3301/25248 [3:17:23 > 29:21]
SOAP:  13%|█▎        | 3302/25248 [3:17:27 > 29:21]
SOAP:  13%|█▎        | 3303/25248 [3:16:55 > 29:22]
SOAP:  13%|█▎        | 3304/25248 [3:16:38 > 29:22]
SOAP:  13%|█▎        | 3305/25248 [3:16:41 > 29:23]
SOAP:  13%|█▎        | 3306/25248 [3:16:41 > 29:23]
SOAP:  13%|█▎        | 3307/25248 [3:16:47 > 29:24]
SOAP:  13%|█▎        | 3308/25248 [3:16:28 > 29:25]
SOAP:  13%|█▎        | 3309/25248 [3:15:54 > 29:25]
SOAP:  13%|█▎        | 3310/25248 [3:16:32 > 29:26]
SOAP:  13%|█▎        | 3311/25248 [3:16:18 > 29:26]
SOAP:  13%|█▎        | 3312/25248 [3:16:24 > 29:27]
SOAP:  13%|█▎        | 3313/25248 [3:16:57 > 29:27]
SOAP:  13%|█▎        | 3314/25248 [3:15:52 > 29:28]
SOAP:  13%|█▎        | 3315/25248 [3:16:17 > 29:28]
SOAP:  13%|█▎        | 3316/25248 [3:16:45 > 29:29]
SOAP:  13%|█▎        | 3317/25248 [3:14:21 > 29:29]
SOAP:  13%|█▎        | 3318/25248 [3:16:37 > 29:30]
SOAP:  13%|█▎        | 3319/25248 [3:16:32 > 29:30]
SOAP:  13%|█▎        | 3320/25248 [3:15:59 > 29:31]
SOAP:  13%|█▎        | 3321/25248 [3:16:46 > 29:32]
SOAP:  13%|█▎        | 3322/25248 [3:16:27 > 29:32]
SOAP:  13%|█▎        | 3323/25248 [3:16:06 > 29:33]
SOAP:  13%|█▎        | 3324/25248 [3:16:52 > 29:33]
SOAP:  13%|█▎        | 3325/25248 [3:16:38 > 29:34]
SOAP:  13%|█▎        | 3326/25248 [3:16:06 > 29:34]
SOAP:  13%|█▎        | 3327/25248 [3:16:51 > 29:35]
SOAP:  13%|█▎        | 3328/25248 [3:16:40 > 29:35]
SOAP:  13%|█▎        | 3329/25248 [3:16:12 > 29:36]
SOAP:  13%|█▎        | 3330/25248 [3:16:43 > 29:36]
SOAP:  13%|█▎        | 3331/25248 [3:14:59 > 29:37]
SOAP:  13%|█▎        | 3332/25248 [3:16:06 > 29:37]
SOAP:  13%|█▎        | 3333/25248 [3:16:13 > 29:38]
SOAP:  13%|█▎        | 3334/25248 [3:16:16 > 29:39]
SOAP:  13%|█▎        | 3335/25248 [3:16:32 > 29:39]
SOAP:  13%|█▎        | 3336/25248 [3:14:31 > 29:40]
SOAP:  13%|█▎        | 3337/25248 [3:16:09 > 29:40]
SOAP:  13%|█▎        | 3338/25248 [3:16:24 > 29:41]
SOAP:  13%|█▎        | 3339/25248 [3:15:32 > 29:41]
SOAP:  13%|█▎        | 3340/25248 [3:15:08 > 29:42]
SOAP:  13%|█▎        | 3341/25248 [3:15:25 > 29:42]
SOAP:  13%|█▎        | 3342/25248 [3:14:45 > 29:43]
SOAP:  13%|█▎        | 3343/25248 [3:14:48 > 29:43]
SOAP:  13%|█▎        | 3344/25248 [3:13:33 > 29:44]
SOAP:  13%|█▎        | 3345/25248 [3:14:34 > 29:44]
SOAP:  13%|█▎        | 3346/25248 [3:14:59 > 29:45]
SOAP:  13%|█▎        | 3347/25248 [3:14:53 > 29:45]
SOAP:  13%|█▎        | 3348/25248 [3:14:06 > 29:46]
SOAP:  13%|█▎        | 3349/25248 [3:14:40 > 29:47]
SOAP:  13%|█▎        | 3350/25248 [3:13:40 > 29:47]
SOAP:  13%|█▎        | 3351/25248 [3:13:48 > 29:48]
SOAP:  13%|█▎        | 3352/25248 [3:14:28 > 29:48]
SOAP:  13%|█▎        | 3353/25248 [3:14:24 > 29:49]
SOAP:  13%|█▎        | 3354/25248 [3:13:58 > 29:49]
SOAP:  13%|█▎        | 3355/25248 [3:12:48 > 29:50]
SOAP:  13%|█▎        | 3356/25248 [3:14:44 > 29:50]
SOAP:  13%|█▎        | 3357/25248 [3:14:19 > 29:51]
SOAP:  13%|█▎        | 3358/25248 [3:14:24 > 29:51]
SOAP:  13%|█▎        | 3359/25248 [3:14:10 > 29:52]
SOAP:  13%|█▎        | 3360/25248 [3:14:10 > 29:52]
SOAP:  13%|█▎        | 3361/25248 [3:14:09 > 29:53]
SOAP:  13%|█▎        | 3362/25248 [3:13:59 > 29:53]
SOAP:  13%|█▎        | 3363/25248 [3:14:09 > 29:54]
SOAP:  13%|█▎        | 3364/25248 [3:13:45 > 29:54]
SOAP:  13%|█▎        | 3365/25248 [3:13:55 > 29:55]
SOAP:  13%|█▎        | 3366/25248 [3:14:35 > 29:56]
SOAP:  13%|█▎        | 3367/25248 [3:12:12 > 29:56]
SOAP:  13%|█▎        | 3368/25248 [3:14:36 > 29:57]
SOAP:  13%|█▎        | 3369/25248 [3:14:39 > 29:57]
SOAP:  13%|█▎        | 3370/25248 [3:13:43 > 29:58]
SOAP:  13%|█▎        | 3371/25248 [3:14:16 > 29:58]
SOAP:  13%|█▎        | 3372/25248 [3:14:02 > 29:59]
SOAP:  13%|█▎        | 3373/25248 [3:13:18 > 29:59]
SOAP:  13%|█▎        | 3374/25248 [3:12:30 > 30:00]
SOAP:  13%|█▎        | 3375/25248 [3:14:22 > 30:00]
SOAP:  13%|█▎        | 3376/25248 [3:13:39 > 30:01]
SOAP:  13%|█▎        | 3377/25248 [3:14:07 > 30:01]
SOAP:  13%|█▎        | 3378/25248 [3:13:50 > 30:02]
SOAP:  13%|█▎        | 3379/25248 [3:13:41 > 30:02]
SOAP:  13%|█▎        | 3380/25248 [3:13:48 > 30:03]
SOAP:  13%|█▎        | 3381/25248 [3:13:38 > 30:04]
SOAP:  13%|█▎        | 3382/25248 [3:13:30 > 30:04]
SOAP:  13%|█▎        | 3383/25248 [3:13:32 > 30:05]
SOAP:  13%|█▎        | 3384/25248 [3:13:24 > 30:05]
SOAP:  13%|█▎        | 3385/25248 [3:13:56 > 30:06]
SOAP:  13%|█▎        | 3386/25248 [3:13:33 > 30:06]
SOAP:  13%|█▎        | 3387/25248 [3:13:40 > 30:07]
SOAP:  13%|█▎        | 3388/25248 [3:14:10 > 30:07]
SOAP:  13%|█▎        | 3389/25248 [3:13:22 > 30:08]
SOAP:  13%|█▎        | 3390/25248 [3:13:45 > 30:08]
SOAP:  13%|█▎        | 3391/25248 [3:13:54 > 30:09]
SOAP:  13%|█▎        | 3392/25248 [3:13:08 > 30:09]
SOAP:  13%|█▎        | 3393/25248 [3:12:21 > 30:10]
SOAP:  13%|█▎        | 3394/25248 [3:14:29 > 30:10]
SOAP:  13%|█▎        | 3395/25248 [3:13:57 > 30:11]
SOAP:  13%|█▎        | 3396/25248 [3:14:30 > 30:12]
SOAP:  13%|█▎        | 3397/25248 [3:14:04 > 30:12]
SOAP:  13%|█▎        | 3398/25248 [3:13:22 > 30:13]
SOAP:  13%|█▎        | 3399/25248 [3:14:00 > 30:13]
SOAP:  13%|█▎        | 3400/25248 [3:13:53 > 30:14]
SOAP:  13%|█▎        | 3401/25248 [3:15:22 > 30:14]
SOAP:  13%|█▎        | 3402/25248 [3:14:12 > 30:15]
SOAP:  13%|█▎        | 3403/25248 [3:14:00 > 30:15]
SOAP:  13%|█▎        | 3404/25248 [3:13:48 > 30:16]
SOAP:  13%|█▎        | 3405/25248 [3:13:54 > 30:16]
SOAP:  13%|█▎        | 3406/25248 [3:13:42 > 30:17]
SOAP:  13%|█▎        | 3407/25248 [3:13:48 > 30:17]
SOAP:  13%|█▎        | 3408/25248 [3:13:34 > 30:18]
SOAP:  14%|█▎        | 3409/25248 [3:13:30 > 30:18]
SOAP:  14%|█▎        | 3410/25248 [3:13:52 > 30:19]
SOAP:  14%|█▎        | 3411/25248 [3:13:28 > 30:19]
SOAP:  14%|█▎        | 3412/25248 [3:12:11 > 30:20]
SOAP:  14%|█▎        | 3413/25248 [3:14:30 > 30:21]
SOAP:  14%|█▎        | 3414/25248 [3:13:35 > 30:21]
SOAP:  14%|█▎        | 3415/25248 [3:14:09 > 30:22]
SOAP:  14%|█▎        | 3416/25248 [3:14:11 > 30:22]
SOAP:  14%|█▎        | 3417/25248 [3:13:16 > 30:23]
SOAP:  14%|█▎        | 3418/25248 [3:13:59 > 30:23]
SOAP:  14%|█▎        | 3419/25248 [3:13:59 > 30:24]
SOAP:  14%|█▎        | 3420/25248 [3:13:06 > 30:24]
SOAP:  14%|█▎        | 3421/25248 [3:13:30 > 30:25]
SOAP:  14%|█▎        | 3422/25248 [3:13:25 > 30:25]
SOAP:  14%|█▎        | 3423/25248 [3:12:48 > 30:26]
SOAP:  14%|█▎        | 3424/25248 [3:13:39 > 30:26]
SOAP:  14%|█▎        | 3425/25248 [3:13:32 > 30:27]
SOAP:  14%|█▎        | 3426/25248 [3:13:20 > 30:27]
SOAP:  14%|█▎        | 3427/25248 [3:13:37 > 30:28]
SOAP:  14%|█▎        | 3428/25248 [3:13:28 > 30:29]
SOAP:  14%|█▎        | 3429/25248 [3:13:26 > 30:29]
SOAP:  14%|█▎        | 3430/25248 [3:13:30 > 30:30]
SOAP:  14%|█▎        | 3431/25248 [3:11:46 > 30:30]
SOAP:  14%|█▎        | 3432/25248 [3:14:02 > 30:31]
SOAP:  14%|█▎        | 3433/25248 [3:13:30 > 30:31]
SOAP:  14%|█▎        | 3434/25248 [3:13:22 > 30:32]
SOAP:  14%|█▎        | 3435/25248 [3:13:38 > 30:32]
SOAP:  14%|█▎        | 3436/25248 [3:13:08 > 30:33]
SOAP:  14%|█▎        | 3437/25248 [3:13:29 > 30:33]
SOAP:  14%|█▎        | 3438/25248 [3:13:53 > 30:34]
SOAP:  14%|█▎        | 3439/25248 [3:13:07 > 30:34]
SOAP:  14%|█▎        | 3440/25248 [3:13:38 > 30:35]
SOAP:  14%|█▎        | 3441/25248 [3:13:32 > 30:35]
SOAP:  14%|█▎        | 3442/25248 [3:12:14 > 30:36]
SOAP:  14%|█▎        | 3443/25248 [3:13:59 > 30:37]
SOAP:  14%|█▎        | 3444/25248 [3:14:02 > 30:37]
SOAP:  14%|█▎        | 3445/25248 [3:13:31 > 30:38]
SOAP:  14%|█▎        | 3446/25248 [3:14:01 > 30:38]
SOAP:  14%|█▎        | 3447/25248 [3:13:50 > 30:39]
SOAP:  14%|█▎        | 3448/25248 [3:13:19 > 30:39]
SOAP:  14%|█▎        | 3449/25248 [3:13:34 > 30:40]
SOAP:  14%|█▎        | 3450/25248 [3:11:58 > 30:40]
SOAP:  14%|█▎        | 3451/25248 [3:13:33 > 30:41]
SOAP:  14%|█▎        | 3452/25248 [3:13:47 > 30:41]
SOAP:  14%|█▎        | 3453/25248 [3:13:30 > 30:42]
SOAP:  14%|█▎        | 3454/25248 [3:13:26 > 30:42]
SOAP:  14%|█▎        | 3455/25248 [3:13:29 > 30:43]
SOAP:  14%|█▎        | 3456/25248 [3:13:20 > 30:43]
SOAP:  14%|█▎        | 3457/25248 [3:13:39 > 30:44]
SOAP:  14%|█▎        | 3458/25248 [3:13:19 > 30:45]
SOAP:  14%|█▎        | 3459/25248 [3:13:25 > 30:45]
SOAP:  14%|█▎        | 3460/25248 [3:13:56 > 30:46]
SOAP:  14%|█▎        | 3461/25248 [3:13:08 > 30:46]
SOAP:  14%|█▎        | 3462/25248 [3:13:36 > 30:47]
SOAP:  14%|█▎        | 3463/25248 [3:13:35 > 30:47]
SOAP:  14%|█▎        | 3464/25248 [3:13:01 > 30:48]
SOAP:  14%|█▎        | 3465/25248 [3:13:35 > 30:48]
SOAP:  14%|█▎        | 3466/25248 [3:13:32 > 30:49]
SOAP:  14%|█▎        | 3467/25248 [3:12:57 > 30:49]
SOAP:  14%|█▎        | 3468/25248 [3:13:19 > 30:50]
SOAP:  14%|█▎        | 3469/25248 [3:11:44 > 30:50]
SOAP:  14%|█▎        | 3470/25248 [3:12:55 > 30:51]
SOAP:  14%|█▎        | 3471/25248 [3:13:29 > 30:51]
SOAP:  14%|█▍        | 3472/25248 [3:13:18 > 30:52]
SOAP:  14%|█▍        | 3473/25248 [3:12:55 > 30:52]
SOAP:  14%|█▍        | 3474/25248 [3:13:13 > 30:53]
SOAP:  14%|█▍        | 3475/25248 [3:13:05 > 30:54]
SOAP:  14%|█▍        | 3476/25248 [3:12:50 > 30:54]
SOAP:  14%|█▍        | 3477/25248 [3:12:57 > 30:55]
SOAP:  14%|█▍        | 3478/25248 [3:12:48 > 30:55]
SOAP:  14%|█▍        | 3479/25248 [3:13:02 > 30:56]
SOAP:  14%|█▍        | 3480/25248 [3:12:51 > 30:56]
SOAP:  14%|█▍        | 3481/25248 [3:12:46 > 30:57]
SOAP:  14%|█▍        | 3482/25248 [3:13:13 > 30:57]
SOAP:  14%|█▍        | 3483/25248 [3:12:49 > 30:58]
SOAP:  14%|█▍        | 3484/25248 [3:13:07 > 30:58]
SOAP:  14%|█▍        | 3485/25248 [3:13:23 > 30:59]
SOAP:  14%|█▍        | 3486/25248 [3:12:38 > 30:59]
SOAP:  14%|█▍        | 3487/25248 [3:13:10 > 31:00]
SOAP:  14%|█▍        | 3488/25248 [3:11:41 > 31:00]
SOAP:  14%|█▍        | 3489/25248 [3:12:54 > 31:01]
SOAP:  14%|█▍        | 3490/25248 [3:13:06 > 31:02]
SOAP:  14%|█▍        | 3491/25248 [3:12:57 > 31:02]
SOAP:  14%|█▍        | 3492/25248 [3:12:20 > 31:03]
SOAP:  14%|█▍        | 3493/25248 [3:12:56 > 31:03]
SOAP:  14%|█▍        | 3494/25248 [3:12:53 > 31:04]
SOAP:  14%|█▍        | 3495/25248 [3:12:32 > 31:04]
SOAP:  14%|█▍        | 3496/25248 [3:13:00 > 31:05]
SOAP:  14%|█▍        | 3497/25248 [3:12:52 > 31:05]
SOAP:  14%|█▍        | 3498/25248 [3:12:37 > 31:06]
SOAP:  14%|█▍        | 3499/25248 [3:12:43 > 31:06]
SOAP:  14%|█▍        | 3500/25248 [3:12:32 > 31:07]
SOAP:  14%|█▍        | 3501/25248 [3:14:44 > 31:07]
SOAP:  14%|█▍        | 3502/25248 [3:13:09 > 31:08]
SOAP:  14%|█▍        | 3503/25248 [3:12:55 > 31:08]
SOAP:  14%|█▍        | 3504/25248 [3:13:18 > 31:09]
SOAP:  14%|█▍        | 3505/25248 [3:12:50 > 31:10]
SOAP:  14%|█▍        | 3506/25248 [3:12:45 > 31:10]
SOAP:  14%|█▍        | 3507/25248 [3:12:02 > 31:11]
SOAP:  14%|█▍        | 3508/25248 [3:13:05 > 31:11]
SOAP:  14%|█▍        | 3509/25248 [3:13:14 > 31:12]
SOAP:  14%|█▍        | 3510/25248 [3:13:14 > 31:12]
SOAP:  14%|█▍        | 3511/25248 [3:10:53 > 31:13]
SOAP:  14%|█▍        | 3512/25248 [3:13:30 > 31:13]
SOAP:  14%|█▍        | 3513/25248 [3:13:13 > 31:14]
SOAP:  14%|█▍        | 3514/25248 [3:12:28 > 31:14]
SOAP:  14%|█▍        | 3515/25248 [3:13:07 > 31:15]
SOAP:  14%|█▍        | 3516/25248 [3:12:53 > 31:15]
SOAP:  14%|█▍        | 3517/25248 [3:12:24 > 31:16]
SOAP:  14%|█▍        | 3518/25248 [3:12:45 > 31:16]
SOAP:  14%|█▍        | 3519/25248 [3:12:33 > 31:17]
SOAP:  14%|█▍        | 3520/25248 [3:12:23 > 31:17]
SOAP:  14%|█▍        | 3521/25248 [3:12:44 > 31:18]
SOAP:  14%|█▍        | 3522/25248 [3:12:50 > 31:19]
SOAP:  14%|█▍        | 3523/25248 [3:11:14 > 31:19]
SOAP:  14%|█▍        | 3524/25248 [3:13:04 > 31:20]
SOAP:  14%|█▍        | 3525/25248 [3:12:51 > 31:20]
SOAP:  14%|█▍        | 3526/25248 [3:13:02 > 31:21]
SOAP:  14%|█▍        | 3527/25248 [3:11:20 > 31:21]
SOAP:  14%|█▍        | 3528/25248 [3:13:12 > 31:22]
SOAP:  14%|█▍        | 3529/25248 [3:13:33 > 31:22]
SOAP:  14%|█▍        | 3530/25248 [3:12:43 > 31:23]
SOAP:  14%|█▍        | 3531/25248 [3:12:56 > 31:23]
SOAP:  14%|█▍        | 3532/25248 [3:13:13 > 31:24]
SOAP:  14%|█▍        | 3533/25248 [3:12:20 > 31:24]
SOAP:  14%|█▍        | 3534/25248 [3:12:42 > 31:25]
SOAP:  14%|█▍        | 3535/25248 [3:12:36 > 31:25]
SOAP:  14%|█▍        | 3536/25248 [3:11:56 > 31:26]
SOAP:  14%|█▍        | 3537/25248 [3:12:36 > 31:27]
SOAP:  14%|█▍        | 3538/25248 [3:12:32 > 31:27]
SOAP:  14%|█▍        | 3539/25248 [3:11:50 > 31:28]
SOAP:  14%|█▍        | 3540/25248 [3:12:36 > 31:28]
SOAP:  14%|█▍        | 3541/25248 [3:12:33 > 31:29]
SOAP:  14%|█▍        | 3542/25248 [3:11:58 > 31:29]
SOAP:  14%|█▍        | 3543/25248 [3:12:18 > 31:30]
SOAP:  14%|█▍        | 3544/25248 [3:12:24 > 31:30]
SOAP:  14%|█▍        | 3545/25248 [3:10:45 > 31:31]
SOAP:  14%|█▍        | 3546/25248 [3:11:28 > 31:31]
SOAP:  14%|█▍        | 3547/25248 [3:13:09 > 31:32]
SOAP:  14%|█▍        | 3548/25248 [3:13:00 > 31:32]
SOAP:  14%|█▍        | 3549/25248 [3:12:43 > 31:33]
SOAP:  14%|█▍        | 3550/25248 [3:12:40 > 31:33]
SOAP:  14%|█▍        | 3551/25248 [3:12:43 > 31:34]
SOAP:  14%|█▍        | 3552/25248 [3:12:14 > 31:35]
SOAP:  14%|█▍        | 3553/25248 [3:12:36 > 31:35]
SOAP:  14%|█▍        | 3554/25248 [3:13:02 > 31:36]
SOAP:  14%|█▍        | 3555/25248 [3:12:15 > 31:36]
SOAP:  14%|█▍        | 3556/25248 [3:12:52 > 31:37]
SOAP:  14%|█▍        | 3557/25248 [3:13:19 > 31:37]
SOAP:  14%|█▍        | 3558/25248 [3:12:17 > 31:38]
SOAP:  14%|█▍        | 3559/25248 [3:12:45 > 31:38]
SOAP:  14%|█▍        | 3560/25248 [3:12:33 > 31:39]
SOAP:  14%|█▍        | 3561/25248 [3:11:54 > 31:39]
SOAP:  14%|█▍        | 3562/25248 [3:12:21 > 31:40]
SOAP:  14%|█▍        | 3563/25248 [3:12:22 > 31:40]
SOAP:  14%|█▍        | 3564/25248 [3:11:47 > 31:41]
SOAP:  14%|█▍        | 3565/25248 [3:12:44 > 31:41]
SOAP:  14%|█▍        | 3566/25248 [3:12:54 > 31:42]
SOAP:  14%|█▍        | 3567/25248 [3:12:13 > 31:43]
SOAP:  14%|█▍        | 3568/25248 [3:12:32 > 31:43]
SOAP:  14%|█▍        | 3569/25248 [3:12:31 > 31:44]
SOAP:  14%|█▍        | 3570/25248 [3:12:22 > 31:44]
SOAP:  14%|█▍        | 3571/25248 [3:12:23 > 31:45]
SOAP:  14%|█▍        | 3572/25248 [3:12:10 > 31:45]
SOAP:  14%|█▍        | 3573/25248 [3:12:16 > 31:46]
SOAP:  14%|█▍        | 3574/25248 [3:11:57 > 31:46]
SOAP:  14%|█▍        | 3575/25248 [3:12:00 > 31:47]
SOAP:  14%|█▍        | 3576/25248 [3:12:27 > 31:47]
SOAP:  14%|█▍        | 3577/25248 [3:11:49 > 31:48]
SOAP:  14%|█▍        | 3578/25248 [3:12:00 > 31:48]
SOAP:  14%|█▍        | 3579/25248 [3:12:20 > 31:49]
SOAP:  14%|█▍        | 3580/25248 [3:11:41 > 31:49]
SOAP:  14%|█▍        | 3581/25248 [3:12:19 > 31:50]
SOAP:  14%|█▍        | 3582/25248 [3:12:25 > 31:50]
SOAP:  14%|█▍        | 3583/25248 [3:11:39 > 31:51]
SOAP:  14%|█▍        | 3584/25248 [3:12:34 > 31:52]
SOAP:  14%|█▍        | 3585/25248 [3:12:45 > 31:52]
SOAP:  14%|█▍        | 3586/25248 [3:11:45 > 31:53]
SOAP:  14%|█▍        | 3587/25248 [3:12:22 > 31:53]
SOAP:  14%|█▍        | 3588/25248 [3:12:18 > 31:54]
SOAP:  14%|█▍        | 3589/25248 [3:11:44 > 31:54]
SOAP:  14%|█▍        | 3590/25248 [3:12:02 > 31:55]
SOAP:  14%|█▍        | 3591/25248 [3:11:53 > 31:55]
SOAP:  14%|█▍        | 3592/25248 [3:11:44 > 31:56]
SOAP:  14%|█▍        | 3593/25248 [3:12:01 > 31:56]
SOAP:  14%|█▍        | 3594/25248 [3:12:00 > 31:57]
SOAP:  14%|█▍        | 3595/25248 [3:12:02 > 31:57]
SOAP:  14%|█▍        | 3596/25248 [3:11:55 > 31:58]
SOAP:  14%|█▍        | 3597/25248 [3:11:48 > 31:58]
SOAP:  14%|█▍        | 3598/25248 [3:12:09 > 31:59]
SOAP:  14%|█▍        | 3599/25248 [3:11:45 > 32:00]
SOAP:  14%|█▍        | 3600/25248 [3:11:56 > 32:00]
SOAP:  14%|█▍        | 3601/25248 [3:14:16 > 32:01]
SOAP:  14%|█▍        | 3602/25248 [3:10:30 > 32:01]
SOAP:  14%|█▍        | 3603/25248 [3:12:35 > 32:02]
SOAP:  14%|█▍        | 3604/25248 [3:12:36 > 32:02]
SOAP:  14%|█▍        | 3605/25248 [3:11:44 > 32:03]
SOAP:  14%|█▍        | 3606/25248 [3:12:20 > 32:03]
SOAP:  14%|█▍        | 3607/25248 [3:12:17 > 32:04]
SOAP:  14%|█▍        | 3608/25248 [3:11:56 > 32:04]
SOAP:  14%|█▍        | 3609/25248 [3:12:11 > 32:05]
SOAP:  14%|█▍        | 3610/25248 [3:11:59 > 32:05]
SOAP:  14%|█▍        | 3611/25248 [3:11:17 > 32:06]
SOAP:  14%|█▍        | 3612/25248 [3:12:01 > 32:06]
SOAP:  14%|█▍        | 3613/25248 [3:11:46 > 32:07]
SOAP:  14%|█▍        | 3614/25248 [3:10:47 > 32:08]
SOAP:  14%|█▍        | 3615/25248 [3:12:07 > 32:08]
SOAP:  14%|█▍        | 3616/25248 [3:11:55 > 32:09]
SOAP:  14%|█▍        | 3617/25248 [3:11:44 > 32:09]
SOAP:  14%|█▍        | 3618/25248 [3:11:56 > 32:10]
SOAP:  14%|█▍        | 3619/25248 [3:11:32 > 32:10]
SOAP:  14%|█▍        | 3620/25248 [3:11:49 > 32:11]
SOAP:  14%|█▍        | 3621/25248 [3:10:17 > 32:11]
SOAP:  14%|█▍        | 3622/25248 [3:12:05 > 32:12]
SOAP:  14%|█▍        | 3623/25248 [3:12:19 > 32:12]
SOAP:  14%|█▍        | 3624/25248 [3:10:15 > 32:13]
SOAP:  14%|█▍        | 3625/25248 [3:12:20 > 32:13]
SOAP:  14%|█▍        | 3626/25248 [3:12:35 > 32:14]
SOAP:  14%|█▍        | 3627/25248 [3:11:48 > 32:14]
SOAP:  14%|█▍        | 3628/25248 [3:12:14 > 32:15]
SOAP:  14%|█▍        | 3629/25248 [3:12:14 > 32:16]
SOAP:  14%|█▍        | 3630/25248 [3:11:22 > 32:16]
SOAP:  14%|█▍        | 3631/25248 [3:11:58 > 32:17]
SOAP:  14%|█▍        | 3632/25248 [3:11:52 > 32:17]
SOAP:  14%|█▍        | 3633/25248 [3:11:15 > 32:18]
SOAP:  14%|█▍        | 3634/25248 [3:11:49 > 32:18]
SOAP:  14%|█▍        | 3635/25248 [3:11:38 > 32:19]
SOAP:  14%|█▍        | 3636/25248 [3:11:14 > 32:19]
SOAP:  14%|█▍        | 3637/25248 [3:11:48 > 32:20]
SOAP:  14%|█▍        | 3638/25248 [3:11:41 > 32:20]
SOAP:  14%|█▍        | 3639/25248 [3:11:22 > 32:21]
SOAP:  14%|█▍        | 3640/25248 [3:10:18 > 32:21]
SOAP:  14%|█▍        | 3641/25248 [3:11:59 > 32:22]
SOAP:  14%|█▍        | 3642/25248 [3:11:55 > 32:22]
SOAP:  14%|█▍        | 3643/25248 [3:11:45 > 32:23]
SOAP:  14%|█▍        | 3644/25248 [3:11:36 > 32:23]
SOAP:  14%|█▍        | 3645/25248 [3:11:41 > 32:24]
SOAP:  14%|█▍        | 3646/25248 [3:11:31 > 32:25]
SOAP:  14%|█▍        | 3647/25248 [3:11:33 > 32:25]
SOAP:  14%|█▍        | 3648/25248 [3:11:52 > 32:26]
SOAP:  14%|█▍        | 3649/25248 [3:11:18 > 32:26]
SOAP:  14%|█▍        | 3650/25248 [3:11:45 > 32:27]
SOAP:  14%|█▍        | 3651/25248 [3:11:55 > 32:27]
SOAP:  14%|█▍        | 3652/25248 [3:10:59 > 32:28]
SOAP:  14%|█▍        | 3653/25248 [3:11:44 > 32:28]
SOAP:  14%|█▍        | 3654/25248 [3:11:39 > 32:29]
SOAP:  14%|█▍        | 3655/25248 [3:11:02 > 32:29]
SOAP:  14%|█▍        | 3656/25248 [3:11:37 > 32:30]
SOAP:  14%|█▍        | 3657/25248 [3:11:24 > 32:30]
SOAP:  14%|█▍        | 3658/25248 [3:10:45 > 32:31]
SOAP:  14%|█▍        | 3659/25248 [3:11:35 > 32:31]
SOAP:  14%|█▍        | 3660/25248 [3:11:50 > 32:32]
SOAP:  15%|█▍        | 3661/25248 [3:11:36 > 32:33]
SOAP:  15%|█▍        | 3662/25248 [3:11:44 > 32:33]
SOAP:  15%|█▍        | 3663/25248 [3:11:42 > 32:34]
SOAP:  15%|█▍        | 3664/25248 [3:11:27 > 32:34]
SOAP:  15%|█▍        | 3665/25248 [3:11:34 > 32:35]
SOAP:  15%|█▍        | 3666/25248 [3:11:22 > 32:35]
SOAP:  15%|█▍        | 3667/25248 [3:11:33 > 32:36]
SOAP:  15%|█▍        | 3668/25248 [3:11:07 > 32:36]
SOAP:  15%|█▍        | 3669/25248 [3:11:29 > 32:37]
SOAP:  15%|█▍        | 3670/25248 [3:11:41 > 32:37]
SOAP:  15%|█▍        | 3671/25248 [3:11:17 > 32:38]
SOAP:  15%|█▍        | 3672/25248 [3:11:22 > 32:38]
SOAP:  15%|█▍        | 3673/25248 [3:11:50 > 32:39]
SOAP:  15%|█▍        | 3674/25248 [3:11:11 > 32:39]
SOAP:  15%|█▍        | 3675/25248 [3:11:24 > 32:40]
SOAP:  15%|█▍        | 3676/25248 [3:11:29 > 32:41]
SOAP:  15%|█▍        | 3677/25248 [3:10:51 > 32:41]
SOAP:  15%|█▍        | 3678/25248 [3:09:54 > 32:42]
SOAP:  15%|█▍        | 3679/25248 [3:11:58 > 32:42]
SOAP:  15%|█▍        | 3680/25248 [3:11:10 > 32:43]
SOAP:  15%|█▍        | 3681/25248 [3:11:39 > 32:43]
SOAP:  15%|█▍        | 3682/25248 [3:11:26 > 32:44]
SOAP:  15%|█▍        | 3683/25248 [3:10:49 > 32:44]
SOAP:  15%|█▍        | 3684/25248 [3:11:24 > 32:45]
SOAP:  15%|█▍        | 3685/25248 [3:11:17 > 32:45]
SOAP:  15%|█▍        | 3686/25248 [3:11:05 > 32:46]
SOAP:  15%|█▍        | 3687/25248 [3:11:14 > 32:46]
SOAP:  15%|█▍        | 3688/25248 [3:10:54 > 32:47]
SOAP:  15%|█▍        | 3689/25248 [3:11:01 > 32:47]
SOAP:  15%|█▍        | 3690/25248 [3:11:00 > 32:48]
SOAP:  15%|█▍        | 3691/25248 [3:11:01 > 32:48]
SOAP:  15%|█▍        | 3692/25248 [3:11:20 > 32:49]
SOAP:  15%|█▍        | 3693/25248 [3:11:14 > 32:50]
SOAP:  15%|█▍        | 3694/25248 [3:11:06 > 32:50]
SOAP:  15%|█▍        | 3695/25248 [3:11:30 > 32:51]
SOAP:  15%|█▍        | 3696/25248 [3:10:54 > 32:51]
SOAP:  15%|█▍        | 3697/25248 [3:09:46 > 32:52]
SOAP:  15%|█▍        | 3698/25248 [3:12:04 > 32:52]
SOAP:  15%|█▍        | 3699/25248 [3:11:14 > 32:53]
SOAP:  15%|█▍        | 3700/25248 [3:11:28 > 32:53]
SOAP:  15%|█▍        | 3701/25248 [3:13:09 > 32:54]
SOAP:  15%|█▍        | 3702/25248 [3:10:45 > 32:54]
SOAP:  15%|█▍        | 3703/25248 [3:11:22 > 32:55]
SOAP:  15%|█▍        | 3704/25248 [3:11:01 > 32:55]
SOAP:  15%|█▍        | 3705/25248 [3:10:18 > 32:56]
SOAP:  15%|█▍        | 3706/25248 [3:11:09 > 32:56]
SOAP:  15%|█▍        | 3707/25248 [3:11:02 > 32:57]
SOAP:  15%|█▍        | 3708/25248 [3:10:38 > 32:58]
SOAP:  15%|█▍        | 3709/25248 [3:11:05 > 32:58]
SOAP:  15%|█▍        | 3710/25248 [3:10:49 > 32:59]
SOAP:  15%|█▍        | 3711/25248 [3:10:41 > 32:59]
SOAP:  15%|█▍        | 3712/25248 [3:10:52 > 33:00]
SOAP:  15%|█▍        | 3713/25248 [3:10:40 > 33:00]
SOAP:  15%|█▍        | 3714/25248 [3:10:42 > 33:01]
SOAP:  15%|█▍        | 3715/25248 [3:10:49 > 33:01]
SOAP:  15%|█▍        | 3716/25248 [3:09:11 > 33:02]
SOAP:  15%|█▍        | 3717/25248 [3:11:36 > 33:02]
SOAP:  15%|█▍        | 3718/25248 [3:09:34 > 33:03]
SOAP:  15%|█▍        | 3719/25248 [3:11:40 > 33:03]
SOAP:  15%|█▍        | 3720/25248 [3:11:50 > 33:04]
SOAP:  15%|█▍        | 3721/25248 [3:11:02 > 33:04]
SOAP:  15%|█▍        | 3722/25248 [3:09:45 > 33:05]
SOAP:  15%|█▍        | 3723/25248 [3:11:51 > 33:06]
SOAP:  15%|█▍        | 3724/25248 [3:10:56 > 33:06]
SOAP:  15%|█▍        | 3725/25248 [3:11:21 > 33:07]
SOAP:  15%|█▍        | 3726/25248 [3:11:03 > 33:07]
SOAP:  15%|█▍        | 3727/25248 [3:10:24 > 33:08]
SOAP:  15%|█▍        | 3728/25248 [3:10:56 > 33:08]
SOAP:  15%|█▍        | 3729/25248 [3:10:50 > 33:09]
SOAP:  15%|█▍        | 3730/25248 [3:10:37 > 33:09]
SOAP:  15%|█▍        | 3731/25248 [3:11:13 > 33:10]
SOAP:  15%|█▍        | 3732/25248 [3:11:07 > 33:10]
SOAP:  15%|█▍        | 3733/25248 [3:10:43 > 33:11]
SOAP:  15%|█▍        | 3734/25248 [3:10:51 > 33:11]
SOAP:  15%|█▍        | 3735/25248 [3:10:48 > 33:12]
SOAP:  15%|█▍        | 3736/25248 [3:10:43 > 33:12]
SOAP:  15%|█▍        | 3737/25248 [3:10:34 > 33:13]
SOAP:  15%|█▍        | 3738/25248 [3:10:38 > 33:13]
SOAP:  15%|█▍        | 3739/25248 [3:10:40 > 33:14]
SOAP:  15%|█▍        | 3740/25248 [3:10:30 > 33:15]
SOAP:  15%|█▍        | 3741/25248 [3:10:29 > 33:15]
SOAP:  15%|█▍        | 3742/25248 [3:10:55 > 33:16]
SOAP:  15%|█▍        | 3743/25248 [3:10:29 > 33:16]
SOAP:  15%|█▍        | 3744/25248 [3:10:55 > 33:17]
SOAP:  15%|█▍        | 3745/25248 [3:11:12 > 33:17]
SOAP:  15%|█▍        | 3746/25248 [3:10:18 > 33:18]
SOAP:  15%|█▍        | 3747/25248 [3:10:52 > 33:18]
SOAP:  15%|█▍        | 3748/25248 [3:10:51 > 33:19]
SOAP:  15%|█▍        | 3749/25248 [3:10:08 > 33:19]
SOAP:  15%|█▍        | 3750/25248 [3:10:43 > 33:20]
SOAP:  15%|█▍        | 3751/25248 [3:10:37 > 33:20]
SOAP:  15%|█▍        | 3752/25248 [3:09:53 > 33:21]
SOAP:  15%|█▍        | 3753/25248 [3:10:47 > 33:21]
SOAP:  15%|█▍        | 3754/25248 [3:10:42 > 33:22]
SOAP:  15%|█▍        | 3755/25248 [3:10:15 > 33:23]
SOAP:  15%|█▍        | 3756/25248 [3:10:48 > 33:23]
SOAP:  15%|█▍        | 3757/25248 [3:10:43 > 33:24]
SOAP:  15%|█▍        | 3758/25248 [3:10:26 > 33:24]
SOAP:  15%|█▍        | 3759/25248 [3:10:48 > 33:25]
SOAP:  15%|█▍        | 3760/25248 [3:10:42 > 33:25]
SOAP:  15%|█▍        | 3761/25248 [3:10:44 > 33:26]
SOAP:  15%|█▍        | 3762/25248 [3:10:33 > 33:26]
SOAP:  15%|█▍        | 3763/25248 [3:10:27 > 33:27]
SOAP:  15%|█▍        | 3764/25248 [3:10:49 > 33:27]
SOAP:  15%|█▍        | 3765/25248 [3:10:15 > 33:28]
SOAP:  15%|█▍        | 3766/25248 [3:10:23 > 33:28]
SOAP:  15%|█▍        | 3767/25248 [3:10:42 > 33:29]
SOAP:  15%|█▍        | 3768/25248 [3:10:05 > 33:29]
SOAP:  15%|█▍        | 3769/25248 [3:10:32 > 33:30]
SOAP:  15%|█▍        | 3770/25248 [3:10:45 > 33:31]
SOAP:  15%|█▍        | 3771/25248 [3:09:52 > 33:31]
SOAP:  15%|█▍        | 3772/25248 [3:10:32 > 33:32]
SOAP:  15%|█▍        | 3773/25248 [3:09:00 > 33:32]
SOAP:  15%|█▍        | 3774/25248 [3:10:18 > 33:33]
SOAP:  15%|█▍        | 3775/25248 [3:10:47 > 33:33]
SOAP:  15%|█▍        | 3776/25248 [3:10:34 > 33:34]
SOAP:  15%|█▍        | 3777/25248 [3:09:48 > 33:34]
SOAP:  15%|█▍        | 3778/25248 [3:10:29 > 33:35]
SOAP:  15%|█▍        | 3779/25248 [3:10:23 > 33:35]
SOAP:  15%|█▍        | 3780/25248 [3:10:03 > 33:36]
SOAP:  15%|█▍        | 3781/25248 [3:10:39 > 33:36]
SOAP:  15%|█▍        | 3782/25248 [3:10:56 > 33:37]
SOAP:  15%|█▍        | 3783/25248 [3:10:46 > 33:37]
SOAP:  15%|█▍        | 3784/25248 [3:10:46 > 33:38]
SOAP:  15%|█▍        | 3785/25248 [3:10:30 > 33:39]
SOAP:  15%|█▍        | 3786/25248 [3:10:38 > 33:39]
SOAP:  15%|█▍        | 3787/25248 [3:10:28 > 33:40]
SOAP:  15%|█▌        | 3788/25248 [3:10:24 > 33:40]
SOAP:  15%|█▌        | 3789/25248 [3:10:41 > 33:41]
SOAP:  15%|█▌        | 3790/25248 [3:09:09 > 33:41]
SOAP:  15%|█▌        | 3791/25248 [3:10:39 > 33:42]
SOAP:  15%|█▌        | 3792/25248 [3:10:54 > 33:42]
SOAP:  15%|█▌        | 3793/25248 [3:10:05 > 33:43]
SOAP:  15%|█▌        | 3794/25248 [3:10:35 > 33:43]
SOAP:  15%|█▌        | 3795/25248 [3:10:49 > 33:44]
SOAP:  15%|█▌        | 3796/25248 [3:10:40 > 33:44]
SOAP:  15%|█▌        | 3797/25248 [3:11:33 > 33:45]
SOAP:  15%|█▌        | 3798/25248 [3:11:57 > 33:45]
SOAP:  15%|█▌        | 3799/25248 [3:11:14 > 33:46]
SOAP:  15%|█▌        | 3800/25248 [3:12:10 > 33:47]
SOAP:  15%|█▌        | 3801/25248 [3:13:15 > 33:47]
SOAP:  15%|█▌        | 3802/25248 [3:12:02 > 33:48]
SOAP:  15%|█▌        | 3803/25248 [3:12:36 > 33:48]
SOAP:  15%|█▌        | 3804/25248 [3:12:21 > 33:49]
SOAP:  15%|█▌        | 3805/25248 [3:11:51 > 33:49]
SOAP:  15%|█▌        | 3806/25248 [3:12:32 > 33:50]
SOAP:  15%|█▌        | 3807/25248 [3:12:14 > 33:50]
SOAP:  15%|█▌        | 3808/25248 [3:11:48 > 33:51]
SOAP:  15%|█▌        | 3809/25248 [3:12:00 > 33:51]
SOAP:  15%|█▌        | 3810/25248 [3:12:05 > 33:52]
SOAP:  15%|█▌        | 3811/25248 [3:10:17 > 33:52]
SOAP:  15%|█▌        | 3812/25248 [3:12:05 > 33:53]
SOAP:  15%|█▌        | 3813/25248 [3:11:57 > 33:54]
SOAP:  15%|█▌        | 3814/25248 [3:11:57 > 33:54]
SOAP:  15%|█▌        | 3815/25248 [3:12:03 > 33:55]
SOAP:  15%|█▌        | 3816/25248 [3:12:05 > 33:55]
SOAP:  15%|█▌        | 3817/25248 [3:12:16 > 33:56]
SOAP:  15%|█▌        | 3818/25248 [3:11:59 > 33:56]
SOAP:  15%|█▌        | 3819/25248 [3:12:08 > 33:57]
SOAP:  15%|█▌        | 3820/25248 [3:12:33 > 33:57]
SOAP:  15%|█▌        | 3821/25248 [3:11:42 > 33:58]
SOAP:  15%|█▌        | 3822/25248 [3:11:29 > 33:58]
SOAP:  15%|█▌        | 3823/25248 [3:11:57 > 33:59]
SOAP:  15%|█▌        | 3824/25248 [3:11:28 > 33:59]
SOAP:  15%|█▌        | 3825/25248 [3:11:13 > 34:00]
SOAP:  15%|█▌        | 3826/25248 [3:11:22 > 34:00]
SOAP:  15%|█▌        | 3827/25248 [3:11:01 > 34:01]
SOAP:  15%|█▌        | 3828/25248 [3:11:41 > 34:02]
SOAP:  15%|█▌        | 3829/25248 [3:11:51 > 34:02]
SOAP:  15%|█▌        | 3830/25248 [3:10:10 > 34:03]
SOAP:  15%|█▌        | 3831/25248 [3:11:40 > 34:03]
SOAP:  15%|█▌        | 3832/25248 [3:11:41 > 34:04]
SOAP:  15%|█▌        | 3833/25248 [3:11:59 > 34:04]
SOAP:  15%|█▌        | 3834/25248 [3:11:43 > 34:05]
SOAP:  15%|█▌        | 3835/25248 [3:11:35 > 34:05]
SOAP:  15%|█▌        | 3836/25248 [3:11:22 > 34:06]
SOAP:  15%|█▌        | 3837/25248 [3:11:56 > 34:06]
SOAP:  15%|█▌        | 3838/25248 [3:11:41 > 34:07]
SOAP:  15%|█▌        | 3839/25248 [3:11:33 > 34:07]
SOAP:  15%|█▌        | 3840/25248 [3:11:55 > 34:08]
SOAP:  15%|█▌        | 3841/25248 [3:11:46 > 34:09]
SOAP:  15%|█▌        | 3842/25248 [3:11:51 > 34:09]
SOAP:  15%|█▌        | 3843/25248 [3:11:49 > 34:10]
SOAP:  15%|█▌        | 3844/25248 [3:12:38 > 34:10]
SOAP:  15%|█▌        | 3845/25248 [3:11:21 > 34:11]
SOAP:  15%|█▌        | 3846/25248 [3:11:06 > 34:11]
SOAP:  15%|█▌        | 3847/25248 [3:11:08 > 34:12]
SOAP:  15%|█▌        | 3848/25248 [3:11:50 > 34:12]
SOAP:  15%|█▌        | 3849/25248 [3:11:28 > 34:13]
SOAP:  15%|█▌        | 3850/25248 [3:11:36 > 34:13]
SOAP:  15%|█▌        | 3851/25248 [3:12:04 > 34:14]
SOAP:  15%|█▌        | 3852/25248 [3:11:25 > 34:14]
SOAP:  15%|█▌        | 3853/25248 [3:11:49 > 34:15]
SOAP:  15%|█▌        | 3854/25248 [3:11:59 > 34:16]
SOAP:  15%|█▌        | 3855/25248 [3:11:24 > 34:16]
SOAP:  15%|█▌        | 3856/25248 [3:12:09 > 34:17]
SOAP:  15%|█▌        | 3857/25248 [3:11:45 > 34:17]
SOAP:  15%|█▌        | 3858/25248 [3:11:15 > 34:18]
SOAP:  15%|█▌        | 3859/25248 [3:11:55 > 34:18]
SOAP:  15%|█▌        | 3860/25248 [3:11:48 > 34:19]
SOAP:  15%|█▌        | 3861/25248 [3:10:54 > 34:19]
SOAP:  15%|█▌        | 3862/25248 [3:11:16 > 34:20]
SOAP:  15%|█▌        | 3863/25248 [3:11:16 > 34:20]
SOAP:  15%|█▌        | 3864/25248 [3:11:00 > 34:21]
SOAP:  15%|█▌        | 3865/25248 [3:11:44 > 34:21]
SOAP:  15%|█▌        | 3866/25248 [3:11:35 > 34:22]
SOAP:  15%|█▌        | 3867/25248 [3:11:20 > 34:23]
SOAP:  15%|█▌        | 3868/25248 [3:11:44 > 34:23]
SOAP:  15%|█▌        | 3869/25248 [3:11:33 > 34:24]
SOAP:  15%|█▌        | 3870/25248 [3:11:26 > 34:24]
SOAP:  15%|█▌        | 3871/25248 [3:11:34 > 34:25]
SOAP:  15%|█▌        | 3872/25248 [3:11:24 > 34:25]
SOAP:  15%|█▌        | 3873/25248 [3:11:38 > 34:26]
SOAP:  15%|█▌        | 3874/25248 [3:11:37 > 34:26]
SOAP:  15%|█▌        | 3875/25248 [3:11:18 > 34:27]
SOAP:  15%|█▌        | 3876/25248 [3:11:44 > 34:27]
SOAP:  15%|█▌        | 3877/25248 [3:11:32 > 34:28]
SOAP:  15%|█▌        | 3878/25248 [3:11:22 > 34:28]
SOAP:  15%|█▌        | 3879/25248 [3:11:54 > 34:29]
SOAP:  15%|█▌        | 3880/25248 [3:11:25 > 34:30]
SOAP:  15%|█▌        | 3881/25248 [3:11:23 > 34:30]
SOAP:  15%|█▌        | 3882/25248 [3:11:53 > 34:31]
SOAP:  15%|█▌        | 3883/25248 [3:11:14 > 34:31]
SOAP:  15%|█▌        | 3884/25248 [3:11:46 > 34:32]
SOAP:  15%|█▌        | 3885/25248 [3:11:49 > 34:32]
SOAP:  15%|█▌        | 3886/25248 [3:11:02 > 34:33]
SOAP:  15%|█▌        | 3887/25248 [3:11:33 > 34:33]
SOAP:  15%|█▌        | 3888/25248 [3:11:39 > 34:34]
SOAP:  15%|█▌        | 3889/25248 [3:10:55 > 34:34]
SOAP:  15%|█▌        | 3890/25248 [3:11:37 > 34:35]
SOAP:  15%|█▌        | 3891/25248 [3:11:42 > 34:35]
SOAP:  15%|█▌        | 3892/25248 [3:10:58 > 34:36]
SOAP:  15%|█▌        | 3893/25248 [3:11:27 > 34:36]
SOAP:  15%|█▌        | 3894/25248 [3:11:25 > 34:37]
SOAP:  15%|█▌        | 3895/25248 [3:11:02 > 34:38]
SOAP:  15%|█▌        | 3896/25248 [3:11:32 > 34:38]
SOAP:  15%|█▌        | 3897/25248 [3:11:32 > 34:39]
SOAP:  15%|█▌        | 3898/25248 [3:11:19 > 34:39]
SOAP:  15%|█▌        | 3899/25248 [3:11:39 > 34:40]
SOAP:  15%|█▌        | 3900/25248 [3:11:30 > 34:40]
SOAP:  15%|█▌        | 3901/25248 [3:13:01 > 34:41]
SOAP:  15%|█▌        | 3902/25248 [3:11:14 > 34:41]
SOAP:  15%|█▌        | 3903/25248 [3:11:19 > 34:42]
SOAP:  15%|█▌        | 3904/25248 [3:11:18 > 34:42]
SOAP:  15%|█▌        | 3905/25248 [3:12:09 > 34:43]
SOAP:  15%|█▌        | 3906/25248 [3:10:45 > 34:43]
SOAP:  15%|█▌        | 3907/25248 [3:10:49 > 34:44]
SOAP:  15%|█▌        | 3908/25248 [3:10:32 > 34:45]
SOAP:  15%|█▌        | 3909/25248 [3:10:45 > 34:45]
SOAP:  15%|█▌        | 3910/25248 [3:11:24 > 34:46]
SOAP:  15%|█▌        | 3911/25248 [3:10:58 > 34:46]
SOAP:  15%|█▌        | 3912/25248 [3:12:00 > 34:47]
SOAP:  15%|█▌        | 3913/25248 [3:11:34 > 34:47]
SOAP:  16%|█▌        | 3914/25248 [3:10:53 > 34:48]
SOAP:  16%|█▌        | 3915/25248 [3:11:29 > 34:48]
SOAP:  16%|█▌        | 3916/25248 [3:11:41 > 34:49]
SOAP:  16%|█▌        | 3917/25248 [3:10:53 > 34:49]
SOAP:  16%|█▌        | 3918/25248 [3:11:24 > 34:50]
SOAP:  16%|█▌        | 3919/25248 [3:11:26 > 34:50]
SOAP:  16%|█▌        | 3920/25248 [3:10:38 > 34:51]
SOAP:  16%|█▌        | 3921/25248 [3:11:11 > 34:52]
SOAP:  16%|█▌        | 3922/25248 [3:11:09 > 34:52]
SOAP:  16%|█▌        | 3923/25248 [3:10:33 > 34:53]
SOAP:  16%|█▌        | 3924/25248 [3:09:39 > 34:53]
SOAP:  16%|█▌        | 3925/25248 [3:11:16 > 34:54]
SOAP:  16%|█▌        | 3926/25248 [3:10:43 > 34:54]
SOAP:  16%|█▌        | 3927/25248 [3:10:48 > 34:55]
SOAP:  16%|█▌        | 3928/25248 [3:11:05 > 34:55]
SOAP:  16%|█▌        | 3929/25248 [3:10:49 > 34:56]
SOAP:  16%|█▌        | 3930/25248 [3:11:09 > 34:56]
SOAP:  16%|█▌        | 3931/25248 [3:11:01 > 34:57]
SOAP:  16%|█▌        | 3932/25248 [3:11:05 > 34:57]
SOAP:  16%|█▌        | 3933/25248 [3:11:01 > 34:58]
SOAP:  16%|█▌        | 3934/25248 [3:10:53 > 34:59]
SOAP:  16%|█▌        | 3935/25248 [3:11:03 > 34:59]
SOAP:  16%|█▌        | 3936/25248 [3:10:58 > 35:00]
SOAP:  16%|█▌        | 3937/25248 [3:10:54 > 35:00]
SOAP:  16%|█▌        | 3938/25248 [3:11:10 > 35:01]
SOAP:  16%|█▌        | 3939/25248 [3:10:36 > 35:01]
SOAP:  16%|█▌        | 3940/25248 [3:10:57 > 35:02]
SOAP:  16%|█▌        | 3941/25248 [3:11:23 > 35:02]
SOAP:  16%|█▌        | 3942/25248 [3:10:49 > 35:03]
SOAP:  16%|█▌        | 3943/25248 [3:11:06 > 35:03]
SOAP:  16%|█▌        | 3944/25248 [3:10:48 > 35:04]
SOAP:  16%|█▌        | 3945/25248 [3:10:12 > 35:04]
SOAP:  16%|█▌        | 3946/25248 [3:10:52 > 35:05]
SOAP:  16%|█▌        | 3947/25248 [3:10:58 > 35:06]
SOAP:  16%|█▌        | 3948/25248 [3:10:19 > 35:06]
SOAP:  16%|█▌        | 3949/25248 [3:11:07 > 35:07]
SOAP:  16%|█▌        | 3950/25248 [3:10:53 > 35:07]
SOAP:  16%|█▌        | 3951/25248 [3:08:49 > 35:08]
SOAP:  16%|█▌        | 3952/25248 [3:10:42 > 35:08]
SOAP:  16%|█▌        | 3953/25248 [3:10:50 > 35:09]
SOAP:  16%|█▌        | 3954/25248 [3:10:14 > 35:09]
SOAP:  16%|█▌        | 3955/25248 [3:10:52 > 35:10]
SOAP:  16%|█▌        | 3956/25248 [3:10:40 > 35:10]
SOAP:  16%|█▌        | 3957/25248 [3:10:10 > 35:11]
SOAP:  16%|█▌        | 3958/25248 [3:10:53 > 35:11]
SOAP:  16%|█▌        | 3959/25248 [3:10:49 > 35:12]
SOAP:  16%|█▌        | 3960/25248 [3:10:38 > 35:13]
SOAP:  16%|█▌        | 3961/25248 [3:11:47 > 35:13]
SOAP:  16%|█▌        | 3962/25248 [3:10:26 > 35:14]
SOAP:  16%|█▌        | 3963/25248 [3:10:29 > 35:14]
SOAP:  16%|█▌        | 3964/25248 [3:10:35 > 35:15]
SOAP:  16%|█▌        | 3965/25248 [3:10:24 > 35:15]
SOAP:  16%|█▌        | 3966/25248 [3:10:46 > 35:16]
SOAP:  16%|█▌        | 3967/25248 [3:10:38 > 35:16]
SOAP:  16%|█▌        | 3968/25248 [3:10:28 > 35:17]
SOAP:  16%|█▌        | 3969/25248 [3:11:01 > 35:17]
SOAP:  16%|█▌        | 3970/25248 [3:10:37 > 35:18]
SOAP:  16%|█▌        | 3971/25248 [3:10:32 > 35:18]
SOAP:  16%|█▌        | 3972/25248 [3:11:04 > 35:19]
SOAP:  16%|█▌        | 3973/25248 [3:10:30 > 35:20]
SOAP:  16%|█▌        | 3974/25248 [3:11:03 > 35:20]
SOAP:  16%|█▌        | 3975/25248 [3:10:50 > 35:21]
SOAP:  16%|█▌        | 3976/25248 [3:09:43 > 35:21]
SOAP:  16%|█▌        | 3977/25248 [3:10:25 > 35:22]
SOAP:  16%|█▌        | 3978/25248 [3:10:27 > 35:22]
SOAP:  16%|█▌        | 3979/25248 [3:09:48 > 35:23]
SOAP:  16%|█▌        | 3980/25248 [3:10:34 > 35:23]
SOAP:  16%|█▌        | 3981/25248 [3:10:19 > 35:24]
SOAP:  16%|█▌        | 3982/25248 [3:08:06 > 35:24]
SOAP:  16%|█▌        | 3983/25248 [3:10:26 > 35:25]
SOAP:  16%|█▌        | 3984/25248 [3:08:49 > 35:25]
SOAP:  16%|█▌        | 3985/25248 [3:10:00 > 35:26]
SOAP:  16%|█▌        | 3986/25248 [3:09:05 > 35:26]
SOAP:  16%|█▌        | 3987/25248 [3:08:50 > 35:27]
SOAP:  16%|█▌        | 3988/25248 [3:09:55 > 35:28]
SOAP:  16%|█▌        | 3989/25248 [3:08:55 > 35:28]
SOAP:  16%|█▌        | 3990/25248 [3:09:20 > 35:29]
SOAP:  16%|█▌        | 3991/25248 [3:10:24 > 35:29]
SOAP:  16%|█▌        | 3992/25248 [3:11:13 > 35:30]
SOAP:  16%|█▌        | 3993/25248 [3:10:11 > 35:30]
SOAP:  16%|█▌        | 3994/25248 [3:10:19 > 35:31]
SOAP:  16%|█▌        | 3995/25248 [3:10:29 > 35:31]
SOAP:  16%|█▌        | 3996/25248 [3:10:21 > 35:32]
SOAP:  16%|█▌        | 3997/25248 [3:10:43 > 35:32]
SOAP:  16%|█▌        | 3998/25248 [3:10:00 > 35:33]
SOAP:  16%|█▌        | 3999/25248 [3:08:19 > 35:33]
SOAP:  16%|█▌        | 4000/25248 [3:08:59 > 35:34]
SOAP:  16%|█▌        | 4001/25248 [3:10:29 > 35:35]
SOAP:  16%|█▌        | 4002/25248 [3:10:30 > 35:35]
SOAP:  16%|█▌        | 4003/25248 [3:10:53 > 35:36]
SOAP:  16%|█▌        | 4004/25248 [3:10:12 > 35:36]
SOAP:  16%|█▌        | 4005/25248 [3:10:21 > 35:37]
SOAP:  16%|█▌        | 4006/25248 [3:09:57 > 35:37]
SOAP:  16%|█▌        | 4007/25248 [3:09:27 > 35:38]
SOAP:  16%|█▌        | 4008/25248 [3:10:23 > 35:38]
SOAP:  16%|█▌        | 4009/25248 [3:10:15 > 35:39]
SOAP:  16%|█▌        | 4010/25248 [3:08:19 > 35:39]
SOAP:  16%|█▌        | 4011/25248 [3:10:10 > 35:40]
SOAP:  16%|█▌        | 4012/25248 [3:08:28 > 35:40]
SOAP:  16%|█▌        | 4013/25248 [3:07:56 > 35:41]
SOAP:  16%|█▌        | 4014/25248 [3:08:27 > 35:41]
SOAP:  16%|█▌        | 4015/25248 [3:08:17 > 35:42]
SOAP:  16%|█▌        | 4016/25248 [3:07:59 > 35:43]
SOAP:  16%|█▌        | 4017/25248 [3:08:12 > 35:43]
SOAP:  16%|█▌        | 4018/25248 [3:09:05 > 35:44]
SOAP:  16%|█▌        | 4019/25248 [3:08:13 > 35:44]
SOAP:  16%|█▌        | 4020/25248 [3:08:13 > 35:45]
SOAP:  16%|█▌        | 4021/25248 [3:08:07 > 35:45]
SOAP:  16%|█▌        | 4022/25248 [3:08:14 > 35:46]
SOAP:  16%|█▌        | 4023/25248 [3:08:04 > 35:46]
SOAP:  16%|█▌        | 4024/25248 [3:08:03 > 35:47]
SOAP:  16%|█▌        | 4025/25248 [3:08:35 > 35:47]
SOAP:  16%|█▌        | 4026/25248 [3:07:56 > 35:48]
SOAP:  16%|█▌        | 4027/25248 [3:08:34 > 35:48]
SOAP:  16%|█▌        | 4028/25248 [3:08:24 > 35:49]
SOAP:  16%|█▌        | 4029/25248 [3:07:43 > 35:49]
SOAP:  16%|█▌        | 4030/25248 [3:08:21 > 35:50]
SOAP:  16%|█▌        | 4031/25248 [3:08:24 > 35:51]
SOAP:  16%|█▌        | 4032/25248 [3:07:43 > 35:51]
SOAP:  16%|█▌        | 4033/25248 [3:08:16 > 35:52]
SOAP:  16%|█▌        | 4034/25248 [3:08:07 > 35:52]
SOAP:  16%|█▌        | 4035/25248 [3:07:34 > 35:53]
SOAP:  16%|█▌        | 4036/25248 [3:08:11 > 35:53]
SOAP:  16%|█▌        | 4037/25248 [3:08:03 > 35:54]
SOAP:  16%|█▌        | 4038/25248 [3:07:51 > 35:54]
SOAP:  16%|█▌        | 4039/25248 [3:08:05 > 35:55]
SOAP:  16%|█▌        | 4040/25248 [3:08:02 > 35:55]
SOAP:  16%|█▌        | 4041/25248 [3:07:49 > 35:56]
SOAP:  16%|█▌        | 4042/25248 [3:08:07 > 35:56]
SOAP:  16%|█▌        | 4043/25248 [3:07:56 > 35:57]
SOAP:  16%|█▌        | 4044/25248 [3:08:00 > 35:57]
SOAP:  16%|█▌        | 4045/25248 [3:08:20 > 35:58]
SOAP:  16%|█▌        | 4046/25248 [3:09:20 > 35:59]
SOAP:  16%|█▌        | 4047/25248 [3:09:49 > 35:59]
SOAP:  16%|█▌        | 4048/25248 [3:09:43 > 36:00]
SOAP:  16%|█▌        | 4049/25248 [3:09:54 > 36:00]
SOAP:  16%|█▌        | 4050/25248 [3:10:26 > 36:01]
SOAP:  16%|█▌        | 4051/25248 [3:09:51 > 36:01]
SOAP:  16%|█▌        | 4052/25248 [3:10:15 > 36:02]
SOAP:  16%|█▌        | 4053/25248 [3:10:32 > 36:02]
SOAP:  16%|█▌        | 4054/25248 [3:09:50 > 36:03]
SOAP:  16%|█▌        | 4055/25248 [3:10:18 > 36:03]
SOAP:  16%|█▌        | 4056/25248 [3:08:32 > 36:04]
SOAP:  16%|█▌        | 4057/25248 [3:07:50 > 36:04]
SOAP:  16%|█▌        | 4058/25248 [3:08:39 > 36:05]
SOAP:  16%|█▌        | 4059/25248 [3:07:54 > 36:05]
SOAP:  16%|█▌        | 4060/25248 [3:07:24 > 36:06]
SOAP:  16%|█▌        | 4061/25248 [3:07:49 > 36:07]
SOAP:  16%|█▌        | 4062/25248 [3:07:59 > 36:07]
SOAP:  16%|█▌        | 4063/25248 [3:07:26 > 36:08]
SOAP:  16%|█▌        | 4064/25248 [3:09:05 > 36:08]
SOAP:  16%|█▌        | 4065/25248 [3:09:01 > 36:09]
SOAP:  16%|█▌        | 4066/25248 [3:07:27 > 36:09]
SOAP:  16%|█▌        | 4067/25248 [3:07:37 > 36:10]
SOAP:  16%|█▌        | 4068/25248 [3:09:29 > 36:10]
SOAP:  16%|█▌        | 4069/25248 [3:09:04 > 36:11]
SOAP:  16%|█▌        | 4070/25248 [3:07:11 > 36:11]
SOAP:  16%|█▌        | 4071/25248 [3:07:15 > 36:12]
SOAP:  16%|█▌        | 4072/25248 [3:07:27 > 36:12]
SOAP:  16%|█▌        | 4073/25248 [3:09:59 > 36:13]
SOAP:  16%|█▌        | 4074/25248 [3:07:22 > 36:13]
SOAP:  16%|█▌        | 4075/25248 [3:07:49 > 36:14]
SOAP:  16%|█▌        | 4076/25248 [3:07:38 > 36:15]
SOAP:  16%|█▌        | 4077/25248 [3:09:20 > 36:15]
SOAP:  16%|█▌        | 4078/25248 [3:09:13 > 36:16]
SOAP:  16%|█▌        | 4079/25248 [3:08:45 > 36:16]
SOAP:  16%|█▌        | 4080/25248 [3:09:17 > 36:17]
SOAP:  16%|█▌        | 4081/25248 [3:08:08 > 36:17]
SOAP:  16%|█▌        | 4082/25248 [3:08:46 > 36:18]
SOAP:  16%|█▌        | 4083/25248 [3:09:38 > 36:18]
SOAP:  16%|█▌        | 4084/25248 [3:08:02 > 36:19]
SOAP:  16%|█▌        | 4085/25248 [3:08:47 > 36:19]
SOAP:  16%|█▌        | 4086/25248 [3:08:50 > 36:20]
SOAP:  16%|█▌        | 4087/25248 [3:08:16 > 36:20]
SOAP:  16%|█▌        | 4088/25248 [3:07:31 > 36:21]
SOAP:  16%|█▌        | 4089/25248 [3:07:45 > 36:21]
SOAP:  16%|█▌        | 4090/25248 [3:07:39 > 36:22]
SOAP:  16%|█▌        | 4091/25248 [3:07:25 > 36:23]
SOAP:  16%|█▌        | 4092/25248 [3:06:41 > 36:23]
SOAP:  16%|█▌        | 4093/25248 [3:07:51 > 36:24]
SOAP:  16%|█▌        | 4094/25248 [3:06:13 > 36:24]
SOAP:  16%|█▌        | 4095/25248 [3:08:02 > 36:25]
SOAP:  16%|█▌        | 4096/25248 [3:07:47 > 36:25]
SOAP:  16%|█▌        | 4097/25248 [3:08:02 > 36:26]
SOAP:  16%|█▌        | 4098/25248 [3:07:32 > 36:26]
SOAP:  16%|█▌        | 4099/25248 [3:07:24 > 36:27]
SOAP:  16%|█▌        | 4100/25248 [3:07:51 > 36:27]
SOAP:  16%|█▌        | 4101/25248 [3:06:43 > 36:28]
SOAP:  16%|█▌        | 4102/25248 [3:08:33 > 36:28]
SOAP:  16%|█▋        | 4103/25248 [3:06:54 > 36:29]
SOAP:  16%|█▋        | 4104/25248 [3:06:41 > 36:29]
SOAP:  16%|█▋        | 4105/25248 [3:07:18 > 36:30]
SOAP:  16%|█▋        | 4106/25248 [3:08:52 > 36:31]
SOAP:  16%|█▋        | 4107/25248 [3:07:38 > 36:31]
SOAP:  16%|█▋        | 4108/25248 [3:08:01 > 36:32]
SOAP:  16%|█▋        | 4109/25248 [3:08:30 > 36:32]
SOAP:  16%|█▋        | 4110/25248 [3:06:05 > 36:33]
SOAP:  16%|█▋        | 4111/25248 [3:08:20 > 36:33]
SOAP:  16%|█▋        | 4112/25248 [3:07:50 > 36:34]
SOAP:  16%|█▋        | 4113/25248 [3:05:47 > 36:34]
SOAP:  16%|█▋        | 4114/25248 [3:08:00 > 36:35]
SOAP:  16%|█▋        | 4115/25248 [3:07:59 > 36:35]
SOAP:  16%|█▋        | 4116/25248 [3:07:33 > 36:36]
SOAP:  16%|█▋        | 4117/25248 [3:07:44 > 36:36]
SOAP:  16%|█▋        | 4118/25248 [3:07:58 > 36:37]
SOAP:  16%|█▋        | 4119/25248 [3:08:07 > 36:37]
SOAP:  16%|█▋        | 4120/25248 [3:08:17 > 36:38]
SOAP:  16%|█▋        | 4121/25248 [3:08:08 > 36:39]
SOAP:  16%|█▋        | 4122/25248 [3:08:04 > 36:39]
SOAP:  16%|█▋        | 4123/25248 [3:07:31 > 36:40]
SOAP:  16%|█▋        | 4124/25248 [3:07:35 > 36:40]
SOAP:  16%|█▋        | 4125/25248 [3:08:01 > 36:41]
SOAP:  16%|█▋        | 4126/25248 [3:07:06 > 36:41]
SOAP:  16%|█▋        | 4127/25248 [3:07:30 > 36:42]
SOAP:  16%|█▋        | 4128/25248 [3:07:36 > 36:42]
SOAP:  16%|█▋        | 4129/25248 [3:06:51 > 36:43]
SOAP:  16%|█▋        | 4130/25248 [3:07:30 > 36:43]
SOAP:  16%|█▋        | 4131/25248 [3:07:30 > 36:44]
SOAP:  16%|█▋        | 4132/25248 [3:05:14 > 36:44]
SOAP:  16%|█▋        | 4133/25248 [3:07:45 > 36:45]
SOAP:  16%|█▋        | 4134/25248 [3:07:34 > 36:45]
SOAP:  16%|█▋        | 4135/25248 [3:06:50 > 36:46]
SOAP:  16%|█▋        | 4136/25248 [3:07:22 > 36:46]
SOAP:  16%|█▋        | 4137/25248 [3:07:16 > 36:47]
SOAP:  16%|█▋        | 4138/25248 [3:06:51 > 36:48]
SOAP:  16%|█▋        | 4139/25248 [3:07:17 > 36:48]
SOAP:  16%|█▋        | 4140/25248 [3:07:15 > 36:49]
SOAP:  16%|█▋        | 4141/25248 [3:06:58 > 36:49]
SOAP:  16%|█▋        | 4142/25248 [3:07:06 > 36:50]
SOAP:  16%|█▋        | 4143/25248 [3:06:56 > 36:50]
SOAP:  16%|█▋        | 4144/25248 [3:07:14 > 36:51]
SOAP:  16%|█▋        | 4145/25248 [3:07:10 > 36:51]
SOAP:  16%|█▋        | 4146/25248 [3:07:33 > 36:52]
SOAP:  16%|█▋        | 4147/25248 [3:07:46 > 36:52]
SOAP:  16%|█▋        | 4148/25248 [3:07:16 > 36:53]
SOAP:  16%|█▋        | 4149/25248 [3:07:16 > 36:53]
SOAP:  16%|█▋        | 4150/25248 [3:07:47 > 36:54]
SOAP:  16%|█▋        | 4151/25248 [3:05:37 > 36:54]
SOAP:  16%|█▋        | 4152/25248 [3:08:04 > 36:55]
SOAP:  16%|█▋        | 4153/25248 [3:08:23 > 36:56]
SOAP:  16%|█▋        | 4154/25248 [3:07:16 > 36:56]
SOAP:  16%|█▋        | 4155/25248 [3:07:45 > 36:57]
SOAP:  16%|█▋        | 4156/25248 [3:07:34 > 36:57]
SOAP:  16%|█▋        | 4157/25248 [3:06:48 > 36:58]
SOAP:  16%|█▋        | 4158/25248 [3:07:15 > 36:58]
SOAP:  16%|█▋        | 4159/25248 [3:07:00 > 36:59]
SOAP:  16%|█▋        | 4160/25248 [3:06:25 > 36:59]
SOAP:  16%|█▋        | 4161/25248 [3:07:06 > 37:00]
SOAP:  16%|█▋        | 4162/25248 [3:06:57 > 37:00]
SOAP:  16%|█▋        | 4163/25248 [3:06:38 > 37:01]
SOAP:  16%|█▋        | 4164/25248 [3:07:04 > 37:01]
SOAP:  16%|█▋        | 4165/25248 [3:06:53 > 37:02]
SOAP:  17%|█▋        | 4166/25248 [3:07:03 > 37:02]
SOAP:  17%|█▋        | 4167/25248 [3:06:59 > 37:03]
SOAP:  17%|█▋        | 4168/25248 [3:06:54 > 37:04]
SOAP:  17%|█▋        | 4169/25248 [3:07:08 > 37:04]
SOAP:  17%|█▋        | 4170/25248 [3:05:18 > 37:05]
SOAP:  17%|█▋        | 4171/25248 [3:07:26 > 37:05]
SOAP:  17%|█▋        | 4172/25248 [3:07:59 > 37:06]
SOAP:  17%|█▋        | 4173/25248 [3:07:03 > 37:06]
SOAP:  17%|█▋        | 4174/25248 [3:07:15 > 37:07]
SOAP:  17%|█▋        | 4175/25248 [3:07:19 > 37:07]
SOAP:  17%|█▋        | 4176/25248 [3:06:17 > 37:08]
SOAP:  17%|█▋        | 4177/25248 [3:07:07 > 37:08]
SOAP:  17%|█▋        | 4178/25248 [3:07:09 > 37:09]
SOAP:  17%|█▋        | 4179/25248 [3:06:26 > 37:09]
SOAP:  17%|█▋        | 4180/25248 [3:07:01 > 37:10]
SOAP:  17%|█▋        | 4181/25248 [3:06:49 > 37:10]
SOAP:  17%|█▋        | 4182/25248 [3:06:11 > 37:11]
SOAP:  17%|█▋        | 4183/25248 [3:06:51 > 37:12]
SOAP:  17%|█▋        | 4184/25248 [3:06:50 > 37:12]
SOAP:  17%|█▋        | 4185/25248 [3:06:20 > 37:13]
SOAP:  17%|█▋        | 4186/25248 [3:06:43 > 37:13]
SOAP:  17%|█▋        | 4187/25248 [3:06:47 > 37:14]
SOAP:  17%|█▋        | 4188/25248 [3:06:30 > 37:14]
SOAP:  17%|█▋        | 4189/25248 [3:05:15 > 37:15]
SOAP:  17%|█▋        | 4190/25248 [3:07:02 > 37:15]
SOAP:  17%|█▋        | 4191/25248 [3:07:23 > 37:16]
SOAP:  17%|█▋        | 4192/25248 [3:07:10 > 37:16]
SOAP:  17%|█▋        | 4193/25248 [3:06:55 > 37:17]
SOAP:  17%|█▋        | 4194/25248 [3:07:13 > 37:17]
SOAP:  17%|█▋        | 4195/25248 [3:06:37 > 37:18]
SOAP:  17%|█▋        | 4196/25248 [3:06:49 > 37:18]
SOAP:  17%|█▋        | 4197/25248 [3:07:05 > 37:19]
SOAP:  17%|█▋        | 4198/25248 [3:06:22 > 37:19]
SOAP:  17%|█▋        | 4199/25248 [3:07:03 > 37:20]
SOAP:  17%|█▋        | 4200/25248 [3:07:28 > 37:21]
SOAP:  17%|█▋        | 4201/25248 [3:08:25 > 37:21]
SOAP:  17%|█▋        | 4202/25248 [3:07:35 > 37:22]
SOAP:  17%|█▋        | 4203/25248 [3:07:24 > 37:22]
SOAP:  17%|█▋        | 4204/25248 [3:06:38 > 37:23]
SOAP:  17%|█▋        | 4205/25248 [3:07:11 > 37:23]
SOAP:  17%|█▋        | 4206/25248 [3:06:51 > 37:24]
SOAP:  17%|█▋        | 4207/25248 [3:06:17 > 37:24]
SOAP:  17%|█▋        | 4208/25248 [3:05:10 > 37:25]
SOAP:  17%|█▋        | 4209/25248 [3:07:16 > 37:25]
SOAP:  17%|█▋        | 4210/25248 [3:07:02 > 37:26]
SOAP:  17%|█▋        | 4211/25248 [3:07:10 > 37:26]
SOAP:  17%|█▋        | 4212/25248 [3:06:54 > 37:27]
SOAP:  17%|█▋        | 4213/25248 [3:06:38 > 37:27]
SOAP:  17%|█▋        | 4214/25248 [3:06:38 > 37:28]
SOAP:  17%|█▋        | 4215/25248 [3:06:27 > 37:29]
SOAP:  17%|█▋        | 4216/25248 [3:05:11 > 37:29]
SOAP:  17%|█▋        | 4217/25248 [3:06:34 > 37:30]
SOAP:  17%|█▋        | 4218/25248 [3:05:52 > 37:30]
SOAP:  17%|█▋        | 4219/25248 [3:06:30 > 37:31]
SOAP:  17%|█▋        | 4220/25248 [3:04:49 > 37:31]
SOAP:  17%|█▋        | 4221/25248 [3:06:35 > 37:32]
SOAP:  17%|█▋        | 4222/25248 [3:06:45 > 37:32]
SOAP:  17%|█▋        | 4223/25248 [3:06:23 > 37:33]
SOAP:  17%|█▋        | 4224/25248 [3:07:02 > 37:33]
SOAP:  17%|█▋        | 4225/25248 [3:06:52 > 37:34]
SOAP:  17%|█▋        | 4226/25248 [3:06:09 > 37:34]
SOAP:  17%|█▋        | 4227/25248 [3:05:20 > 37:35]
SOAP:  17%|█▋        | 4228/25248 [3:07:15 > 37:35]
SOAP:  17%|█▋        | 4229/25248 [3:06:55 > 37:36]
SOAP:  17%|█▋        | 4230/25248 [3:06:54 > 37:37]
SOAP:  17%|█▋        | 4231/25248 [3:07:13 > 37:37]
SOAP:  17%|█▋        | 4232/25248 [3:06:29 > 37:38]
SOAP:  17%|█▋        | 4233/25248 [3:06:54 > 37:38]
SOAP:  17%|█▋        | 4234/25248 [3:06:39 > 37:39]
SOAP:  17%|█▋        | 4235/25248 [3:06:18 > 37:39]
SOAP:  17%|█▋        | 4236/25248 [3:06:32 > 37:40]
SOAP:  17%|█▋        | 4237/25248 [3:06:23 > 37:40]
SOAP:  17%|█▋        | 4238/25248 [3:06:17 > 37:41]
SOAP:  17%|█▋        | 4239/25248 [3:06:20 > 37:41]
SOAP:  17%|█▋        | 4240/25248 [3:06:10 > 37:42]
SOAP:  17%|█▋        | 4241/25248 [3:06:17 > 37:42]
SOAP:  17%|█▋        | 4242/25248 [3:06:07 > 37:43]
SOAP:  17%|█▋        | 4243/25248 [3:06:09 > 37:43]
SOAP:  17%|█▋        | 4244/25248 [3:06:27 > 37:44]
SOAP:  17%|█▋        | 4245/25248 [3:05:56 > 37:45]
SOAP:  17%|█▋        | 4246/25248 [3:05:04 > 37:45]
SOAP:  17%|█▋        | 4247/25248 [3:07:01 > 37:46]
SOAP:  17%|█▋        | 4248/25248 [3:06:12 > 37:46]
SOAP:  17%|█▋        | 4249/25248 [3:06:35 > 37:47]
SOAP:  17%|█▋        | 4250/25248 [3:06:36 > 37:47]
SOAP:  17%|█▋        | 4251/25248 [3:05:51 > 37:48]
SOAP:  17%|█▋        | 4252/25248 [3:06:25 > 37:48]
SOAP:  17%|█▋        | 4253/25248 [3:06:12 > 37:49]
SOAP:  17%|█▋        | 4254/25248 [3:05:42 > 37:49]
SOAP:  17%|█▋        | 4255/25248 [3:06:13 > 37:50]
SOAP:  17%|█▋        | 4256/25248 [3:06:08 > 37:50]
SOAP:  17%|█▋        | 4257/25248 [3:05:47 > 37:51]
SOAP:  17%|█▋        | 4258/25248 [3:06:05 > 37:51]
SOAP:  17%|█▋        | 4259/25248 [3:05:53 > 37:52]
SOAP:  17%|█▋        | 4260/25248 [3:05:47 > 37:52]
SOAP:  17%|█▋        | 4261/25248 [3:05:56 > 37:53]
SOAP:  17%|█▋        | 4262/25248 [3:05:45 > 37:54]
SOAP:  17%|█▋        | 4263/25248 [3:05:50 > 37:54]
SOAP:  17%|█▋        | 4264/25248 [3:05:59 > 37:55]
SOAP:  17%|█▋        | 4265/25248 [3:04:20 > 37:55]
SOAP:  17%|█▋        | 4266/25248 [3:06:47 > 37:56]
SOAP:  17%|█▋        | 4267/25248 [3:06:19 > 37:56]
SOAP:  17%|█▋        | 4268/25248 [3:06:17 > 37:57]
SOAP:  17%|█▋        | 4269/25248 [3:06:36 > 37:57]
SOAP:  17%|█▋        | 4270/25248 [3:05:57 > 37:58]
SOAP:  17%|█▋        | 4271/25248 [3:06:23 > 37:58]
SOAP:  17%|█▋        | 4272/25248 [3:06:23 > 37:59]
SOAP:  17%|█▋        | 4273/25248 [3:05:47 > 37:59]
SOAP:  17%|█▋        | 4274/25248 [3:06:19 > 38:00]
SOAP:  17%|█▋        | 4275/25248 [3:06:13 > 38:00]
SOAP:  17%|█▋        | 4276/25248 [3:05:10 > 38:01]
SOAP:  17%|█▋        | 4277/25248 [3:05:55 > 38:02]
SOAP:  17%|█▋        | 4278/25248 [3:05:53 > 38:02]
SOAP:  17%|█▋        | 4279/25248 [3:05:33 > 38:03]
SOAP:  17%|█▋        | 4280/25248 [3:06:16 > 38:03]
SOAP:  17%|█▋        | 4281/25248 [3:04:33 > 38:04]
SOAP:  17%|█▋        | 4282/25248 [3:06:12 > 38:04]
SOAP:  17%|█▋        | 4283/25248 [3:06:13 > 38:05]
SOAP:  17%|█▋        | 4284/25248 [3:04:32 > 38:05]
SOAP:  17%|█▋        | 4285/25248 [3:06:30 > 38:06]
SOAP:  17%|█▋        | 4286/25248 [3:06:06 > 38:06]
SOAP:  17%|█▋        | 4287/25248 [3:05:53 > 38:07]
SOAP:  17%|█▋        | 4288/25248 [3:06:03 > 38:07]
SOAP:  17%|█▋        | 4289/25248 [3:05:44 > 38:08]
SOAP:  17%|█▋        | 4290/25248 [3:05:47 > 38:08]
SOAP:  17%|█▋        | 4291/25248 [3:06:15 > 38:09]
SOAP:  17%|█▋        | 4292/25248 [3:05:45 > 38:10]
SOAP:  17%|█▋        | 4293/25248 [3:05:56 > 38:10]
SOAP:  17%|█▋        | 4294/25248 [3:06:01 > 38:11]
SOAP:  17%|█▋        | 4295/25248 [3:05:27 > 38:11]
SOAP:  17%|█▋        | 4296/25248 [3:06:03 > 38:12]
SOAP:  17%|█▋        | 4297/25248 [3:06:04 > 38:12]
SOAP:  17%|█▋        | 4298/25248 [3:05:23 > 38:13]
SOAP:  17%|█▋        | 4299/25248 [3:05:56 > 38:13]
SOAP:  17%|█▋        | 4300/25248 [3:05:45 > 38:14]
SOAP:  17%|█▋        | 4301/25248 [3:07:00 > 38:14]
SOAP:  17%|█▋        | 4302/25248 [3:06:07 > 38:15]
SOAP:  17%|█▋        | 4303/25248 [3:04:34 > 38:15]
SOAP:  17%|█▋        | 4304/25248 [3:06:05 > 38:16]
SOAP:  17%|█▋        | 4305/25248 [3:06:11 > 38:16]
SOAP:  17%|█▋        | 4306/25248 [3:05:49 > 38:17]
SOAP:  17%|█▋        | 4307/25248 [3:05:35 > 38:18]
SOAP:  17%|█▋        | 4308/25248 [3:05:36 > 38:18]
SOAP:  17%|█▋        | 4309/25248 [3:05:34 > 38:19]
SOAP:  17%|█▋        | 4310/25248 [3:05:50 > 38:19]
SOAP:  17%|█▋        | 4311/25248 [3:05:39 > 38:20]
SOAP:  17%|█▋        | 4312/25248 [3:05:33 > 38:20]
SOAP:  17%|█▋        | 4313/25248 [3:06:00 > 38:21]
SOAP:  17%|█▋        | 4314/25248 [3:05:28 > 38:21]
SOAP:  17%|█▋        | 4315/25248 [3:05:32 > 38:22]
SOAP:  17%|█▋        | 4316/25248 [3:06:06 > 38:22]
SOAP:  17%|█▋        | 4317/25248 [3:05:17 > 38:23]
SOAP:  17%|█▋        | 4318/25248 [3:05:41 > 38:23]
SOAP:  17%|█▋        | 4319/25248 [3:05:37 > 38:24]
SOAP:  17%|█▋        | 4320/25248 [3:04:57 > 38:24]
SOAP:  17%|█▋        | 4321/25248 [3:05:43 > 38:25]
SOAP:  17%|█▋        | 4322/25248 [3:04:16 > 38:25]
SOAP:  17%|█▋        | 4323/25248 [3:05:24 > 38:26]
SOAP:  17%|█▋        | 4324/25248 [3:05:59 > 38:27]
SOAP:  17%|█▋        | 4325/25248 [3:05:49 > 38:27]
SOAP:  17%|█▋        | 4326/25248 [3:05:11 > 38:28]
SOAP:  17%|█▋        | 4327/25248 [3:05:20 > 38:28]
SOAP:  17%|█▋        | 4328/25248 [3:05:25 > 38:29]
SOAP:  17%|█▋        | 4329/25248 [3:05:09 > 38:29]
SOAP:  17%|█▋        | 4330/25248 [3:05:22 > 38:30]
SOAP:  17%|█▋        | 4331/25248 [3:05:16 > 38:30]
SOAP:  17%|█▋        | 4332/25248 [3:05:18 > 38:31]
SOAP:  17%|█▋        | 4333/25248 [3:05:05 > 38:31]
SOAP:  17%|█▋        | 4334/25248 [3:04:56 > 38:32]
SOAP:  17%|█▋        | 4335/25248 [3:05:19 > 38:32]
SOAP:  17%|█▋        | 4336/25248 [3:04:58 > 38:33]
SOAP:  17%|█▋        | 4337/25248 [3:05:16 > 38:33]
SOAP:  17%|█▋        | 4338/25248 [3:05:44 > 38:34]
SOAP:  17%|█▋        | 4339/25248 [3:05:03 > 38:35]
SOAP:  17%|█▋        | 4340/25248 [3:05:28 > 38:35]
SOAP:  17%|█▋        | 4341/25248 [3:05:37 > 38:36]
SOAP:  17%|█▋        | 4342/25248 [3:03:49 > 38:36]
SOAP:  17%|█▋        | 4343/25248 [3:05:44 > 38:37]
SOAP:  17%|█▋        | 4344/25248 [3:05:38 > 38:37]
SOAP:  17%|█▋        | 4345/25248 [3:05:17 > 38:38]
SOAP:  17%|█▋        | 4346/25248 [3:05:29 > 38:38]
SOAP:  17%|█▋        | 4347/25248 [3:05:20 > 38:39]
SOAP:  17%|█▋        | 4348/25248 [3:04:49 > 38:39]
SOAP:  17%|█▋        | 4349/25248 [3:05:30 > 38:40]
SOAP:  17%|█▋        | 4350/25248 [3:05:18 > 38:40]
SOAP early stopping at step 4351/25248: total loss unchanged for 150 steps (best=1.208031e-02).

SOAP:  17%|█▋        | 4350/25248 [3:05:52 > 38:41]
Training saved: C:\Ali Computation\pinn\code\heterogeneous\pino_heterogeneous\results\exp_X3_soap_K100_N500_5zoneonly_default_float64_s3234567\pino_heterogeneous_concentration.png C:\Ali Computation\pinn\code\heterogeneous\pino_heterogeneous\results\exp_X3_soap_K100_N500_5zoneonly_default_float64_s3234567\pino_heterogeneous_loss.png C:\Ali Computation\pinn\code\heterogeneous\pino_heterogeneous\results\exp_X3_soap_K100_N500_5zoneonly_default_float64_s3234567\pino_heterogeneous_model.pt
COMSOL validation: 81 media -> C:\Ali Computation\pinn\code\heterogeneous\pino_heterogeneous\results\exp_X3_soap_K100_N500_5zoneonly_default_float64_s3234567\comsol_validation  (x* collocation n=86)

COMSOL vs PINO:   0%|          | 0/81 [00:00<?, ?it/s]
COMSOL vs PINO:   1%|          | 1/81 [00:01<01:22,  1.04s/it]
COMSOL vs PINO:   2%|▏         | 2/81 [00:02<01:21,  1.03s/it]
COMSOL vs PINO:   4%|▎         | 3/81 [00:03<01:21,  1.04s/it]
COMSOL vs PINO:   5%|▍         | 4/81 [00:04<01:21,  1.06s/it]
COMSOL vs PINO:   6%|▌         | 5/81 [00:05<01:26,  1.14s/it]
COMSOL vs PINO:   7%|▋         | 6/81 [00:06<01:22,  1.11s/it]
COMSOL vs PINO:   9%|▊         | 7/81 [00:07<01:19,  1.08s/it]
COMSOL vs PINO:  10%|▉         | 8/81 [00:08<01:18,  1.07s/it]
COMSOL vs PINO:  11%|█         | 9/81 [00:09<01:16,  1.06s/it]
COMSOL vs PINO:  12%|█▏        | 10/81 [00:10<01:15,  1.06s/it]
COMSOL vs PINO:  14%|█▎        | 11/81 [00:11<01:13,  1.05s/it]
COMSOL vs PINO:  15%|█▍        | 12/81 [00:12<01:12,  1.05s/it]
COMSOL vs PINO:  16%|█▌        | 13/81 [00:13<01:11,  1.05s/it]
COMSOL vs PINO:  17%|█▋        | 14/81 [00:14<01:10,  1.05s/it]
COMSOL vs PINO:  19%|█▊        | 15/81 [00:15<01:09,  1.05s/it]
COMSOL vs PINO:  20%|█▉        | 16/81 [00:16<01:07,  1.05s/it]
COMSOL vs PINO:  21%|██        | 17/81 [00:18<01:07,  1.05s/it]
COMSOL vs PINO:  22%|██▏       | 18/81 [00:19<01:05,  1.05s/it]
COMSOL vs PINO:  23%|██▎       | 19/81 [00:20<01:05,  1.05s/it]
COMSOL vs PINO:  25%|██▍       | 20/81 [00:21<01:10,  1.16s/it]
COMSOL vs PINO:  26%|██▌       | 21/81 [00:22<01:07,  1.13s/it]
COMSOL vs PINO:  27%|██▋       | 22/81 [00:23<01:04,  1.10s/it]
COMSOL vs PINO:  28%|██▊       | 23/81 [00:24<01:03,  1.09s/it]
COMSOL vs PINO:  30%|██▉       | 24/81 [00:25<01:01,  1.07s/it]
COMSOL vs PINO:  31%|███       | 25/81 [00:26<00:59,  1.07s/it]
COMSOL vs PINO:  32%|███▏      | 26/81 [00:27<00:58,  1.06s/it]
COMSOL vs PINO:  33%|███▎      | 27/81 [00:28<00:57,  1.06s/it]
COMSOL vs PINO:  35%|███▍      | 28/81 [00:29<00:56,  1.06s/it]
COMSOL vs PINO:  36%|███▌      | 29/81 [00:30<00:54,  1.06s/it]
COMSOL vs PINO:  37%|███▋      | 30/81 [00:32<00:53,  1.05s/it]
COMSOL vs PINO:  38%|███▊      | 31/81 [00:33<00:52,  1.05s/it]
COMSOL vs PINO:  40%|███▉      | 32/81 [00:34<00:51,  1.05s/it]
COMSOL vs PINO:  41%|████      | 33/81 [00:35<00:54,  1.14s/it]
COMSOL vs PINO:  42%|████▏     | 34/81 [00:36<00:52,  1.13s/it]
COMSOL vs PINO:  43%|████▎     | 35/81 [00:37<00:50,  1.11s/it]
COMSOL vs PINO:  44%|████▍     | 36/81 [00:38<00:49,  1.09s/it]
COMSOL vs PINO:  46%|████▌     | 37/81 [00:39<00:47,  1.08s/it]
COMSOL vs PINO:  47%|████▋     | 38/81 [00:40<00:46,  1.07s/it]
COMSOL vs PINO:  48%|████▊     | 39/81 [00:41<00:44,  1.06s/it]
COMSOL vs PINO:  49%|████▉     | 40/81 [00:42<00:43,  1.05s/it]
COMSOL vs PINO:  51%|█████     | 41/81 [00:43<00:42,  1.05s/it]
COMSOL vs PINO:  52%|█████▏    | 42/81 [00:44<00:40,  1.05s/it]
COMSOL vs PINO:  53%|█████▎    | 43/81 [00:46<00:39,  1.05s/it]
COMSOL vs PINO:  54%|█████▍    | 44/81 [00:47<00:38,  1.05s/it]
COMSOL vs PINO:  56%|█████▌    | 45/81 [00:48<00:37,  1.04s/it]
COMSOL vs PINO:  57%|█████▋    | 46/81 [00:49<00:36,  1.05s/it]
COMSOL vs PINO:  58%|█████▊    | 47/81 [00:50<00:35,  1.05s/it]
COMSOL vs PINO:  59%|█████▉    | 48/81 [00:51<00:38,  1.16s/it]
COMSOL vs PINO:  60%|██████    | 49/81 [00:52<00:36,  1.13s/it]
COMSOL vs PINO:  62%|██████▏   | 50/81 [00:53<00:34,  1.10s/it]
COMSOL vs PINO:  63%|██████▎   | 51/81 [00:54<00:32,  1.08s/it]
COMSOL vs PINO:  64%|██████▍   | 52/81 [00:55<00:31,  1.08s/it]
COMSOL vs PINO:  65%|██████▌   | 53/81 [00:56<00:29,  1.07s/it]
COMSOL vs PINO:  67%|██████▋   | 54/81 [00:57<00:28,  1.06s/it]
COMSOL vs PINO:  68%|██████▊   | 55/81 [00:58<00:27,  1.06s/it]
COMSOL vs PINO:  69%|██████▉   | 56/81 [00:59<00:26,  1.05s/it]
COMSOL vs PINO:  70%|███████   | 57/81 [01:01<00:25,  1.06s/it]
COMSOL vs PINO:  72%|███████▏  | 58/81 [01:02<00:24,  1.06s/it]
COMSOL vs PINO:  73%|███████▎  | 59/81 [01:03<00:23,  1.06s/it]
COMSOL vs PINO:  74%|███████▍  | 60/81 [01:04<00:22,  1.06s/it]
COMSOL vs PINO:  75%|███████▌  | 61/81 [01:05<00:21,  1.06s/it]
COMSOL vs PINO:  77%|███████▋  | 62/81 [01:06<00:21,  1.15s/it]
COMSOL vs PINO:  78%|███████▊  | 63/81 [01:07<00:20,  1.12s/it]
COMSOL vs PINO:  79%|███████▉  | 64/81 [01:08<00:18,  1.10s/it]
COMSOL vs PINO:  80%|████████  | 65/81 [01:09<00:17,  1.09s/it]
COMSOL vs PINO:  81%|████████▏ | 66/81 [01:10<00:16,  1.08s/it]
COMSOL vs PINO:  83%|████████▎ | 67/81 [01:11<00:14,  1.07s/it]
COMSOL vs PINO:  84%|████████▍ | 68/81 [01:12<00:13,  1.07s/it]
COMSOL vs PINO:  85%|████████▌ | 69/81 [01:14<00:12,  1.06s/it]
COMSOL vs PINO:  86%|████████▋ | 70/81 [01:15<00:11,  1.05s/it]
COMSOL vs PINO:  88%|████████▊ | 71/81 [01:16<00:10,  1.05s/it]
COMSOL vs PINO:  89%|████████▉ | 72/81 [01:17<00:09,  1.05s/it]
COMSOL vs PINO:  90%|█████████ | 73/81 [01:18<00:08,  1.06s/it]
COMSOL vs PINO:  91%|█████████▏| 74/81 [01:19<00:07,  1.06s/it]
COMSOL vs PINO:  93%|█████████▎| 75/81 [01:20<00:06,  1.16s/it]
COMSOL vs PINO:  94%|█████████▍| 76/81 [01:21<00:05,  1.13s/it]
COMSOL vs PINO:  95%|█████████▌| 77/81 [01:22<00:04,  1.11s/it]
COMSOL vs PINO:  96%|█████████▋| 78/81 [01:23<00:03,  1.09s/it]
COMSOL vs PINO:  98%|█████████▊| 79/81 [01:24<00:02,  1.08s/it]
COMSOL vs PINO:  99%|█████████▉| 80/81 [01:25<00:01,  1.08s/it]
COMSOL vs PINO: 100%|██████████| 81/81 [01:27<00:00,  1.07s/it]
COMSOL vs PINO: 100%|██████████| 81/81 [01:27<00:00,  1.07s/it]
COMSOL validation summary: n=81  mean=2.168725e-02  max=4.642160e-02  min=1.020017e-02
Wrote C:\Ali Computation\pinn\code\heterogeneous\pino_heterogeneous\results\exp_X3_soap_K100_N500_5zoneonly_default_float64_s3234567\comsol_validation\comsol_validation_summary.csv
Run metadata: C:\Ali Computation\pinn\code\heterogeneous\pino_heterogeneous\results\exp_X3_soap_K100_N500_5zoneonly_default_float64_s3234567\run_meta.json
Wall-clock train: 2322.5 s
Wall-clock validation: 87.1 s
Wall-clock total: 2422.7 s  device=cuda

# exit 0 after 0:40:27.119385
