# code/heterogeneous/pino_heterogeneous/pinn1d_heterogeneous_parametric_neural_operator.py --design grf --n-sensors 100 --n-grf 0 --n-piecewise-per-zones 100 --piecewise-zone-counts 1,2,3,4,5 --min-zone-frac 0.1 --arch default --dtype float64 --early-stop-patience 150 --seed 2234567 --optimizer soap --soap-lr 3e-3 --soap-betas 0.95,0.95 --soap-weight-decay 0.01 --soap-precond-freq 100 --soap-iso-compute-twin results/exp_X2_uniform_K100_N500_default_float64_lbfgs1000_maxiter20 --out-dir results/exp_X4_soap_K100_N500_uniform_default_float64_s2234567
# started 2026-07-05 10:04:20
# cwd C:\Ali Computation\pinn\code\heterogeneous\pino_heterogeneous

Using GPU: NVIDIA GeForce RTX 3090 (cuda:0, dtype=torch.float64)
PE (computed) = 0.010368
design=grf  media_mode=grf  branch_mode=sensor  optimizer=soap  n_train_requested=500  n_corner_anchors=16  arch=default  batch_mode=True
branch=[100, 16, 16, 32]  trunk=[2, 32, 32, 32, 32]
results_dir=C:\Ali Computation\pinn\code\heterogeneous\pino_heterogeneous\results\exp_X4_soap_K100_N500_uniform_default_float64_s2234567
Training: 500 piecewise (100, 100, 100, 100, 100 for zones [1, 2, 3, 4, 5]), min_zone_frac=0.1 = 500 total; branch_mode=sensor, K=100 sensors, grid_n=201
  saved/loaded: C:\Ali Computation\pinn\code\heterogeneous\pino_heterogeneous\results\exp_X4_soap_K100_N500_uniform_default_float64_s2234567\train_grf_cases.npz
  branch CFL range [0.12029, 0.599812]
PDE mesh: bulk 50x50x500 (no interface bands in GRF mode)
COMSOL validation: 81 fixed grid cases from comsol_4zones.txt -> C:\Ali Computation\pinn\code\heterogeneous\pino_heterogeneous\results\exp_X4_soap_K100_N500_uniform_default_float64_s2234567\comsol_validation
run_training=True  run_comsol_validation=True  validate_only=False  skip_validation_plots=False
SOAP iso-compute: twin=results/exp_X2_uniform_K100_N500_default_float64_lbfgs1000_maxiter20  probe_epochs=200  (epoch budget set after probe)
PDE collocation points: 1,250,000 (bulk 1,250,000, interface 0)
Collocation mesh plot (pre-train): C:\Ali Computation\pinn\code\heterogeneous\pino_heterogeneous\results\exp_X4_soap_K100_N500_uniform_default_float64_s2234567\pino_heterogeneous_collocation_points.png
SOAP iso-compute: twin=results/exp_X2_uniform_K100_N500_default_float64_lbfgs1000_maxiter20  target_train_wall=13388.5s  probe_epochs=200
SOAP(lr=0.003, betas=(0.95, 0.95), weight_decay=0.01, precond_freq=100)  epoch_budget=200
SOAP early stopping: patience=150 steps (no total-loss improvement, rtol=1e-12)

SOAP:   0%|          | 0/200 [? > 00:00]
SOAP:   0%|          | 1/200 [04:04 > 00:01]
SOAP:   1%|          | 2/200 [02:41 > 00:01]
SOAP:   2%|▏         | 3/200 [01:44 > 00:01]
SOAP:   2%|▏         | 4/200 [01:43 > 00:02]
SOAP:   2%|▎         | 5/200 [01:42 > 00:02]
SOAP:   3%|▎         | 6/200 [01:41 > 00:03]
SOAP:   4%|▎         | 7/200 [01:40 > 00:04]
SOAP:   4%|▍         | 8/200 [01:40 > 00:04]
SOAP:   4%|▍         | 9/200 [01:39 > 00:05]
SOAP:   5%|▌         | 10/200 [01:38 > 00:05]
SOAP:   6%|▌         | 11/200 [01:38 > 00:06]
SOAP:   6%|▌         | 12/200 [01:37 > 00:06]
SOAP:   6%|▋         | 13/200 [01:37 > 00:07]
SOAP:   7%|▋         | 14/200 [01:36 > 00:07]
SOAP:   8%|▊         | 15/200 [01:36 > 00:08]
SOAP:   8%|▊         | 16/200 [01:35 > 00:08]
SOAP:   8%|▊         | 17/200 [01:35 > 00:09]
SOAP:   9%|▉         | 18/200 [01:34 > 00:09]
SOAP:  10%|▉         | 19/200 [01:34 > 00:10]
SOAP:  10%|█         | 20/200 [01:33 > 00:10]
SOAP:  10%|█         | 21/200 [01:33 > 00:11]
SOAP:  11%|█         | 22/200 [01:33 > 00:11]
SOAP:  12%|█▏        | 23/200 [01:32 > 00:12]
SOAP:  12%|█▏        | 24/200 [01:32 > 00:12]
SOAP:  12%|█▎        | 25/200 [01:31 > 00:13]
SOAP:  13%|█▎        | 26/200 [01:30 > 00:13]
SOAP:  14%|█▎        | 27/200 [01:30 > 00:14]
SOAP:  14%|█▍        | 28/200 [01:29 > 00:14]
SOAP:  14%|█▍        | 29/200 [01:29 > 00:15]
SOAP:  15%|█▌        | 30/200 [01:29 > 00:16]
SOAP:  16%|█▌        | 31/200 [01:28 > 00:16]
SOAP:  16%|█▌        | 32/200 [01:28 > 00:17]
SOAP:  16%|█▋        | 33/200 [01:27 > 00:17]
SOAP:  17%|█▋        | 34/200 [01:25 > 00:18]
SOAP:  18%|█▊        | 35/200 [01:26 > 00:18]
SOAP:  18%|█▊        | 36/200 [01:26 > 00:19]
SOAP:  18%|█▊        | 37/200 [01:25 > 00:19]
SOAP:  19%|█▉        | 38/200 [01:24 > 00:20]
SOAP:  20%|█▉        | 39/200 [01:24 > 00:20]
SOAP:  20%|██        | 40/200 [01:23 > 00:21]
SOAP:  20%|██        | 41/200 [01:23 > 00:21]
SOAP:  21%|██        | 42/200 [01:22 > 00:22]
SOAP:  22%|██▏       | 43/200 [01:22 > 00:22]
SOAP:  22%|██▏       | 44/200 [01:21 > 00:23]
SOAP:  22%|██▎       | 45/200 [01:21 > 00:23]
SOAP:  23%|██▎       | 46/200 [01:20 > 00:24]
SOAP:  24%|██▎       | 47/200 [01:19 > 00:24]
SOAP:  24%|██▍       | 48/200 [01:19 > 00:25]
SOAP:  24%|██▍       | 49/200 [01:19 > 00:25]
SOAP:  25%|██▌       | 50/200 [01:18 > 00:26]
SOAP:  26%|██▌       | 51/200 [01:18 > 00:27]
SOAP:  26%|██▌       | 52/200 [01:17 > 00:27]
SOAP:  26%|██▋       | 53/200 [01:17 > 00:28]
SOAP:  27%|██▋       | 54/200 [01:16 > 00:28]
SOAP:  28%|██▊       | 55/200 [01:16 > 00:29]
SOAP:  28%|██▊       | 56/200 [01:15 > 00:29]
SOAP:  28%|██▊       | 57/200 [01:15 > 00:30]
SOAP:  29%|██▉       | 58/200 [01:14 > 00:30]
SOAP:  30%|██▉       | 59/200 [01:14 > 00:31]
SOAP:  30%|███       | 60/200 [01:13 > 00:31]
SOAP:  30%|███       | 61/200 [01:13 > 00:32]
SOAP:  31%|███       | 62/200 [01:12 > 00:32]
SOAP:  32%|███▏      | 63/200 [01:12 > 00:33]
SOAP:  32%|███▏      | 64/200 [01:11 > 00:33]
SOAP:  32%|███▎      | 65/200 [01:11 > 00:34]
SOAP:  33%|███▎      | 66/200 [01:10 > 00:34]
SOAP:  34%|███▎      | 67/200 [01:10 > 00:35]
SOAP:  34%|███▍      | 68/200 [01:09 > 00:35]
SOAP:  34%|███▍      | 69/200 [01:08 > 00:36]
SOAP:  35%|███▌      | 70/200 [01:08 > 00:37]
SOAP:  36%|███▌      | 71/200 [01:08 > 00:37]
SOAP:  36%|███▌      | 72/200 [01:07 > 00:38]
SOAP:  36%|███▋      | 73/200 [01:07 > 00:38]
SOAP:  37%|███▋      | 74/200 [01:06 > 00:39]
SOAP:  38%|███▊      | 75/200 [01:05 > 00:39]
SOAP:  38%|███▊      | 76/200 [01:05 > 00:40]
SOAP:  38%|███▊      | 77/200 [01:04 > 00:40]
SOAP:  39%|███▉      | 78/200 [01:03 > 00:41]
SOAP:  40%|███▉      | 79/200 [01:03 > 00:41]
SOAP:  40%|████      | 80/200 [01:03 > 00:42]
SOAP:  40%|████      | 81/200 [01:02 > 00:42]
SOAP:  41%|████      | 82/200 [01:02 > 00:43]
SOAP:  42%|████▏     | 83/200 [01:01 > 00:43]
SOAP:  42%|████▏     | 84/200 [01:01 > 00:44]
SOAP:  42%|████▎     | 85/200 [01:00 > 00:44]
SOAP:  43%|████▎     | 86/200 [01:00 > 00:45]
SOAP:  44%|████▎     | 87/200 [00:59 > 00:45]
SOAP:  44%|████▍     | 88/200 [00:58 > 00:46]
SOAP:  44%|████▍     | 89/200 [00:58 > 00:47]
SOAP:  45%|████▌     | 90/200 [00:58 > 00:47]
SOAP:  46%|████▌     | 91/200 [00:57 > 00:48]
SOAP:  46%|████▌     | 92/200 [00:56 > 00:48]
SOAP:  46%|████▋     | 93/200 [00:56 > 00:49]
SOAP:  47%|████▋     | 94/200 [00:55 > 00:49]
SOAP:  48%|████▊     | 95/200 [00:55 > 00:50]
SOAP:  48%|████▊     | 96/200 [00:54 > 00:50]
SOAP:  48%|████▊     | 97/200 [00:53 > 00:51]
SOAP:  49%|████▉     | 98/200 [00:53 > 00:51]
SOAP:  50%|████▉     | 99/200 [00:53 > 00:52]
SOAP:  50%|█████     | 100/200 [00:52 > 00:52]
SOAP:  50%|█████     | 101/200 [01:03 > 00:53]
SOAP:  51%|█████     | 102/200 [00:49 > 00:53]
SOAP:  52%|█████▏    | 103/200 [00:49 > 00:54]
SOAP:  52%|█████▏    | 104/200 [00:49 > 00:54]
SOAP:  52%|█████▎    | 105/200 [00:49 > 00:55]
SOAP:  53%|█████▎    | 106/200 [00:49 > 00:56]
SOAP:  54%|█████▎    | 107/200 [00:48 > 00:56]
SOAP:  54%|█████▍    | 108/200 [00:48 > 00:57]
SOAP:  55%|█████▍    | 109/200 [00:47 > 00:57]
SOAP:  55%|█████▌    | 110/200 [00:47 > 00:58]
SOAP:  56%|█████▌    | 111/200 [00:46 > 00:58]
SOAP:  56%|█████▌    | 112/200 [00:46 > 00:59]
SOAP:  56%|█████▋    | 113/200 [00:45 > 00:59]
SOAP:  57%|█████▋    | 114/200 [00:45 > 01:00]
SOAP:  57%|█████▊    | 115/200 [00:44 > 01:00]
SOAP:  58%|█████▊    | 116/200 [00:44 > 01:01]
SOAP:  58%|█████▊    | 117/200 [00:43 > 01:01]
SOAP:  59%|█████▉    | 118/200 [00:43 > 01:02]
SOAP:  60%|█████▉    | 119/200 [00:42 > 01:02]
SOAP:  60%|██████    | 120/200 [00:42 > 01:03]
SOAP:  60%|██████    | 121/200 [00:41 > 01:03]
SOAP:  61%|██████    | 122/200 [00:41 > 01:04]
SOAP:  62%|██████▏   | 123/200 [00:40 > 01:05]
SOAP:  62%|██████▏   | 124/200 [00:40 > 01:05]
SOAP:  62%|██████▎   | 125/200 [00:39 > 01:06]
SOAP:  63%|██████▎   | 126/200 [00:38 > 01:06]
SOAP:  64%|██████▎   | 127/200 [00:38 > 01:07]
SOAP:  64%|██████▍   | 128/200 [00:38 > 01:07]
SOAP:  64%|██████▍   | 129/200 [00:37 > 01:08]
SOAP:  65%|██████▌   | 130/200 [00:37 > 01:08]
SOAP:  66%|██████▌   | 131/200 [00:36 > 01:09]
SOAP:  66%|██████▌   | 132/200 [00:35 > 01:09]
SOAP:  66%|██████▋   | 133/200 [00:35 > 01:10]
SOAP:  67%|██████▋   | 134/200 [00:34 > 01:10]
SOAP:  68%|██████▊   | 135/200 [00:34 > 01:11]
SOAP:  68%|██████▊   | 136/200 [00:33 > 01:11]
SOAP:  68%|██████▊   | 137/200 [00:33 > 01:12]
SOAP:  69%|██████▉   | 138/200 [00:32 > 01:12]
SOAP:  70%|██████▉   | 139/200 [00:32 > 01:13]
SOAP:  70%|███████   | 140/200 [00:31 > 01:13]
SOAP:  70%|███████   | 141/200 [00:31 > 01:14]
SOAP:  71%|███████   | 142/200 [00:30 > 01:15]
SOAP:  72%|███████▏  | 143/200 [00:30 > 01:15]
SOAP:  72%|███████▏  | 144/200 [00:29 > 01:16]
SOAP:  72%|███████▎  | 145/200 [00:29 > 01:16]
SOAP:  73%|███████▎  | 146/200 [00:28 > 01:17]
SOAP:  74%|███████▎  | 147/200 [00:28 > 01:17]
SOAP:  74%|███████▍  | 148/200 [00:27 > 01:18]
SOAP:  74%|███████▍  | 149/200 [00:26 > 01:18]
SOAP:  75%|███████▌  | 150/200 [00:26 > 01:19]
SOAP:  76%|███████▌  | 151/200 [00:25 > 01:19]
SOAP:  76%|███████▌  | 152/200 [00:25 > 01:20]
SOAP:  76%|███████▋  | 153/200 [00:24 > 01:20]
SOAP:  77%|███████▋  | 154/200 [00:24 > 01:21]
SOAP:  78%|███████▊  | 155/200 [00:23 > 01:21]
SOAP:  78%|███████▊  | 156/200 [00:23 > 01:22]
SOAP:  78%|███████▊  | 157/200 [00:22 > 01:22]
SOAP:  79%|███████▉  | 158/200 [00:22 > 01:23]
SOAP:  80%|███████▉  | 159/200 [00:21 > 01:24]
SOAP:  80%|████████  | 160/200 [00:21 > 01:24]
SOAP:  80%|████████  | 161/200 [00:20 > 01:25]
SOAP:  81%|████████  | 162/200 [00:20 > 01:25]
SOAP:  82%|████████▏ | 163/200 [00:19 > 01:26]
SOAP:  82%|████████▏ | 164/200 [00:18 > 01:26]
SOAP:  82%|████████▎ | 165/200 [00:18 > 01:27]
SOAP:  83%|████████▎ | 166/200 [00:17 > 01:27]
SOAP:  84%|████████▎ | 167/200 [00:17 > 01:28]
SOAP:  84%|████████▍ | 168/200 [00:16 > 01:28]
SOAP:  84%|████████▍ | 169/200 [00:16 > 01:29]
SOAP:  85%|████████▌ | 170/200 [00:15 > 01:29]
SOAP:  86%|████████▌ | 171/200 [00:15 > 01:30]
SOAP:  86%|████████▌ | 172/200 [00:14 > 01:30]
SOAP:  86%|████████▋ | 173/200 [00:14 > 01:31]
SOAP:  87%|████████▋ | 174/200 [00:13 > 01:31]
SOAP:  88%|████████▊ | 175/200 [00:13 > 01:32]
SOAP:  88%|████████▊ | 176/200 [00:12 > 01:33]
SOAP:  88%|████████▊ | 177/200 [00:12 > 01:33]
SOAP:  89%|████████▉ | 178/200 [00:11 > 01:34]
SOAP:  90%|████████▉ | 179/200 [00:11 > 01:34]
SOAP:  90%|█████████ | 180/200 [00:10 > 01:35]
SOAP:  90%|█████████ | 181/200 [00:10 > 01:35]
SOAP:  91%|█████████ | 182/200 [00:09 > 01:36]
SOAP:  92%|█████████▏| 183/200 [00:09 > 01:36]
SOAP:  92%|█████████▏| 184/200 [00:08 > 01:37]
SOAP:  92%|█████████▎| 185/200 [00:07 > 01:37]
SOAP:  93%|█████████▎| 186/200 [00:07 > 01:38]
SOAP:  94%|█████████▎| 187/200 [00:06 > 01:38]
SOAP:  94%|█████████▍| 188/200 [00:06 > 01:39]
SOAP:  94%|█████████▍| 189/200 [00:05 > 01:39]
SOAP:  95%|█████████▌| 190/200 [00:05 > 01:40]
SOAP:  96%|█████████▌| 191/200 [00:04 > 01:40]
SOAP:  96%|█████████▌| 192/200 [00:04 > 01:41]
SOAP:  96%|█████████▋| 193/200 [00:03 > 01:42]
SOAP:  97%|█████████▋| 194/200 [00:03 > 01:42]
SOAP:  98%|█████████▊| 195/200 [00:02 > 01:43]
SOAP:  98%|█████████▊| 196/200 [00:02 > 01:43]
SOAP:  98%|█████████▊| 197/200 [00:01 > 01:44]
SOAP:  99%|█████████▉| 198/200 [00:01 > 01:44]
SOAP: 100%|█████████▉| 199/200 [00:00 > 01:45]
SOAP:   1%|          | 199/25324 [3:42:15 > 01:45]
SOAP iso-compute calibration: 200 probe epochs in 105.7s (0.529s/epoch) -> budget 25324 epochs (~13389s twin train wall)

SOAP:   1%|          | 200/25324 [3:42:10 > 01:45]
SOAP:   1%|          | 201/25324 [3:44:29 > 01:46]
SOAP:   1%|          | 202/25324 [3:42:40 > 01:46]
SOAP:   1%|          | 203/25324 [3:42:21 > 01:47]
SOAP:   1%|          | 204/25324 [3:42:38 > 01:47]
SOAP:   1%|          | 205/25324 [3:42:12 > 01:48]
SOAP:   1%|          | 206/25324 [3:42:18 > 01:48]
SOAP:   1%|          | 207/25324 [3:42:50 > 01:49]
SOAP:   1%|          | 208/25324 [3:42:15 > 01:49]
SOAP:   1%|          | 209/25324 [3:43:24 > 01:50]
SOAP:   1%|          | 210/25324 [3:43:54 > 01:51]
SOAP:   1%|          | 211/25324 [3:43:28 > 01:51]
SOAP:   1%|          | 212/25324 [3:42:47 > 01:52]
SOAP:   1%|          | 213/25324 [3:44:16 > 01:52]
SOAP:   1%|          | 214/25324 [3:43:50 > 01:53]
SOAP:   1%|          | 215/25324 [3:44:39 > 01:53]
SOAP:   1%|          | 216/25324 [3:44:39 > 01:54]
SOAP:   1%|          | 217/25324 [3:43:34 > 01:54]
SOAP:   1%|          | 218/25324 [3:44:36 > 01:55]
SOAP:   1%|          | 219/25324 [3:44:26 > 01:55]
SOAP:   1%|          | 220/25324 [3:44:01 > 01:56]
SOAP:   1%|          | 221/25324 [3:44:45 > 01:56]
SOAP:   1%|          | 222/25324 [3:44:47 > 01:57]
SOAP:   1%|          | 223/25324 [3:44:19 > 01:58]
SOAP:   1%|          | 224/25324 [3:44:35 > 01:58]
SOAP:   1%|          | 225/25324 [3:44:24 > 01:59]
SOAP:   1%|          | 226/25324 [3:44:22 > 01:59]
SOAP:   1%|          | 227/25324 [3:44:40 > 02:00]
SOAP:   1%|          | 228/25324 [3:44:27 > 02:00]
SOAP:   1%|          | 229/25324 [3:44:28 > 02:01]
SOAP:   1%|          | 230/25324 [3:44:09 > 02:01]
SOAP:   1%|          | 231/25324 [3:44:14 > 02:02]
SOAP:   1%|          | 232/25324 [3:44:51 > 02:02]
SOAP:   1%|          | 233/25324 [3:44:20 > 02:03]
SOAP:   1%|          | 234/25324 [3:44:23 > 02:03]
SOAP:   1%|          | 235/25324 [3:45:03 > 02:04]
SOAP:   1%|          | 236/25324 [3:44:24 > 02:05]
SOAP:   1%|          | 237/25324 [3:44:39 > 02:05]
SOAP:   1%|          | 238/25324 [3:45:06 > 02:06]
SOAP:   1%|          | 239/25324 [3:44:03 > 02:06]
SOAP:   1%|          | 240/25324 [3:44:45 > 02:07]
SOAP:   1%|          | 241/25324 [3:44:52 > 02:07]
SOAP:   1%|          | 242/25324 [3:44:07 > 02:08]
SOAP:   1%|          | 243/25324 [3:44:47 > 02:08]
SOAP:   1%|          | 244/25324 [3:44:35 > 02:09]
SOAP:   1%|          | 245/25324 [3:44:04 > 02:09]
SOAP:   1%|          | 246/25324 [3:43:10 > 02:10]
SOAP:   1%|          | 247/25324 [3:44:11 > 02:10]
SOAP:   1%|          | 248/25324 [3:43:45 > 02:11]
SOAP:   1%|          | 249/25324 [3:44:16 > 02:11]
SOAP:   1%|          | 250/25324 [3:44:07 > 02:12]
SOAP:   1%|          | 251/25324 [3:43:41 > 02:13]
SOAP:   1%|          | 252/25324 [3:44:22 > 02:13]
SOAP:   1%|          | 253/25324 [3:44:13 > 02:14]
SOAP:   1%|          | 254/25324 [3:44:01 > 02:14]
SOAP:   1%|          | 255/25324 [3:44:40 > 02:15]
SOAP:   1%|          | 256/25324 [3:44:16 > 02:15]
SOAP:   1%|          | 257/25324 [3:44:15 > 02:16]
SOAP:   1%|          | 258/25324 [3:44:26 > 02:16]
SOAP:   1%|          | 259/25324 [3:44:16 > 02:17]
SOAP:   1%|          | 260/25324 [3:44:28 > 02:17]
SOAP:   1%|          | 261/25324 [3:44:00 > 02:18]
SOAP:   1%|          | 262/25324 [3:44:13 > 02:18]
SOAP:   1%|          | 263/25324 [3:44:41 > 02:19]
SOAP:   1%|          | 264/25324 [3:44:02 > 02:20]
SOAP:   1%|          | 265/25324 [3:44:08 > 02:20]
SOAP:   1%|          | 266/25324 [3:44:46 > 02:21]
SOAP:   1%|          | 267/25324 [3:44:09 > 02:21]
SOAP:   1%|          | 268/25324 [3:44:22 > 02:22]
SOAP:   1%|          | 269/25324 [3:44:27 > 02:22]
SOAP:   1%|          | 270/25324 [3:43:51 > 02:23]
SOAP:   1%|          | 271/25324 [3:44:19 > 02:23]
SOAP:   1%|          | 272/25324 [3:44:52 > 02:24]
SOAP:   1%|          | 273/25324 [3:43:39 > 02:24]
SOAP:   1%|          | 274/25324 [3:44:31 > 02:25]
SOAP:   1%|          | 275/25324 [3:44:22 > 02:25]
SOAP:   1%|          | 276/25324 [3:43:40 > 02:26]
SOAP:   1%|          | 277/25324 [3:44:32 > 02:27]
SOAP:   1%|          | 278/25324 [3:44:28 > 02:27]
SOAP:   1%|          | 279/25324 [3:43:57 > 02:28]
SOAP:   1%|          | 280/25324 [3:44:37 > 02:28]
SOAP:   1%|          | 281/25324 [3:44:21 > 02:29]
SOAP:   1%|          | 282/25324 [3:44:03 > 02:29]
SOAP:   1%|          | 283/25324 [3:44:34 > 02:30]
SOAP:   1%|          | 284/25324 [3:44:13 > 02:30]
SOAP:   1%|          | 285/25324 [3:44:12 > 02:31]
SOAP:   1%|          | 286/25324 [3:44:27 > 02:31]
SOAP:   1%|          | 287/25324 [3:44:06 > 02:32]
SOAP:   1%|          | 288/25324 [3:43:59 > 02:32]
SOAP:   1%|          | 289/25324 [3:44:04 > 02:33]
SOAP:   1%|          | 290/25324 [3:43:53 > 02:34]
SOAP:   1%|          | 291/25324 [3:44:07 > 02:34]
SOAP:   1%|          | 292/25324 [3:43:59 > 02:35]
SOAP:   1%|          | 293/25324 [3:44:01 > 02:35]
SOAP:   1%|          | 294/25324 [3:44:36 > 02:36]
SOAP:   1%|          | 295/25324 [3:43:58 > 02:36]
SOAP:   1%|          | 296/25324 [3:44:22 > 02:37]
SOAP:   1%|          | 297/25324 [3:44:30 > 02:37]
SOAP:   1%|          | 298/25324 [3:43:50 > 02:38]
SOAP:   1%|          | 299/25324 [3:44:13 > 02:38]
SOAP:   1%|          | 300/25324 [3:44:28 > 02:39]
SOAP:   1%|          | 301/25324 [3:44:53 > 02:39]
SOAP:   1%|          | 302/25324 [3:45:31 > 02:40]
SOAP:   1%|          | 303/25324 [3:44:57 > 02:41]
SOAP:   1%|          | 304/25324 [3:43:53 > 02:41]
SOAP:   1%|          | 305/25324 [3:44:35 > 02:42]
SOAP:   1%|          | 306/25324 [3:42:20 > 02:42]
SOAP:   1%|          | 307/25324 [3:43:36 > 02:43]
SOAP:   1%|          | 308/25324 [3:44:23 > 02:43]
SOAP:   1%|          | 309/25324 [3:44:06 > 02:44]
SOAP:   1%|          | 310/25324 [3:43:36 > 02:44]
SOAP:   1%|          | 311/25324 [3:44:20 > 02:45]
SOAP:   1%|          | 312/25324 [3:44:02 > 02:45]
SOAP:   1%|          | 313/25324 [3:43:49 > 02:46]
SOAP:   1%|          | 314/25324 [3:44:04 > 02:46]
SOAP:   1%|          | 315/25324 [3:44:07 > 02:47]
SOAP:   1%|          | 316/25324 [3:43:42 > 02:47]
SOAP:   1%|▏         | 317/25324 [3:43:30 > 02:48]
SOAP:   1%|▏         | 318/25324 [3:43:35 > 02:49]
SOAP:   1%|▏         | 319/25324 [3:44:06 > 02:49]
SOAP:   1%|▏         | 320/25324 [3:43:52 > 02:50]
SOAP:   1%|▏         | 321/25324 [3:43:42 > 02:50]
SOAP:   1%|▏         | 322/25324 [3:44:15 > 02:51]
SOAP:   1%|▏         | 323/25324 [3:43:49 > 02:51]
SOAP:   1%|▏         | 324/25324 [3:43:53 > 02:52]
SOAP:   1%|▏         | 325/25324 [3:44:13 > 02:52]
SOAP:   1%|▏         | 326/25324 [3:43:32 > 02:53]
SOAP:   1%|▏         | 327/25324 [3:43:47 > 02:53]
SOAP:   1%|▏         | 328/25324 [3:44:30 > 02:54]
SOAP:   1%|▏         | 329/25324 [3:43:21 > 02:54]
SOAP:   1%|▏         | 330/25324 [3:43:29 > 02:55]
SOAP:   1%|▏         | 331/25324 [3:43:54 > 02:56]
SOAP:   1%|▏         | 332/25324 [3:43:13 > 02:56]
SOAP:   1%|▏         | 333/25324 [3:44:11 > 02:57]
SOAP:   1%|▏         | 334/25324 [3:44:05 > 02:57]
SOAP:   1%|▏         | 335/25324 [3:43:17 > 02:58]
SOAP:   1%|▏         | 336/25324 [3:43:56 > 02:58]
SOAP:   1%|▏         | 337/25324 [3:43:54 > 02:59]
SOAP:   1%|▏         | 338/25324 [3:43:06 > 02:59]
SOAP:   1%|▏         | 339/25324 [3:43:55 > 03:00]
SOAP:   1%|▏         | 340/25324 [3:43:49 > 03:00]
SOAP:   1%|▏         | 341/25324 [3:43:17 > 03:01]
SOAP:   1%|▏         | 342/25324 [3:44:02 > 03:01]
SOAP:   1%|▏         | 343/25324 [3:43:41 > 03:02]
SOAP:   1%|▏         | 344/25324 [3:42:59 > 03:03]
SOAP:   1%|▏         | 345/25324 [3:43:30 > 03:03]
SOAP:   1%|▏         | 346/25324 [3:43:43 > 03:04]
SOAP:   1%|▏         | 347/25324 [3:43:33 > 03:04]
SOAP:   1%|▏         | 348/25324 [3:43:27 > 03:05]
SOAP:   1%|▏         | 349/25324 [3:43:33 > 03:05]
SOAP:   1%|▏         | 350/25324 [3:43:50 > 03:06]
SOAP:   1%|▏         | 351/25324 [3:43:38 > 03:06]
SOAP:   1%|▏         | 352/25324 [3:43:37 > 03:07]
SOAP:   1%|▏         | 353/25324 [3:44:02 > 03:07]
SOAP:   1%|▏         | 354/25324 [3:43:36 > 03:08]
SOAP:   1%|▏         | 355/25324 [3:43:45 > 03:08]
SOAP:   1%|▏         | 356/25324 [3:44:18 > 03:09]
SOAP:   1%|▏         | 357/25324 [3:41:28 > 03:10]
SOAP:   1%|▏         | 358/25324 [3:43:46 > 03:10]
SOAP:   1%|▏         | 359/25324 [3:44:13 > 03:11]
SOAP:   1%|▏         | 360/25324 [3:43:20 > 03:11]
SOAP:   1%|▏         | 361/25324 [3:43:43 > 03:12]
SOAP:   1%|▏         | 362/25324 [3:43:58 > 03:12]
SOAP:   1%|▏         | 363/25324 [3:42:52 > 03:13]
SOAP:   1%|▏         | 364/25324 [3:43:42 > 03:13]
SOAP:   1%|▏         | 365/25324 [3:43:43 > 03:14]
SOAP:   1%|▏         | 366/25324 [3:42:46 > 03:14]
SOAP:   1%|▏         | 367/25324 [3:43:42 > 03:15]
SOAP:   1%|▏         | 368/25324 [3:43:35 > 03:15]
SOAP:   1%|▏         | 369/25324 [3:42:49 > 03:16]
SOAP:   1%|▏         | 370/25324 [3:42:54 > 03:16]
SOAP:   1%|▏         | 371/25324 [3:41:55 > 03:17]
SOAP:   1%|▏         | 372/25324 [3:42:27 > 03:18]
SOAP:   1%|▏         | 373/25324 [3:42:59 > 03:18]
SOAP:   1%|▏         | 374/25324 [3:43:10 > 03:19]
SOAP:   1%|▏         | 375/25324 [3:43:05 > 03:19]
SOAP:   1%|▏         | 376/25324 [3:43:15 > 03:20]
SOAP:   1%|▏         | 377/25324 [3:43:23 > 03:20]
SOAP:   1%|▏         | 378/25324 [3:43:34 > 03:21]
SOAP:   1%|▏         | 379/25324 [3:43:34 > 03:21]
SOAP:   2%|▏         | 380/25324 [3:43:32 > 03:22]
SOAP:   2%|▏         | 381/25324 [3:43:42 > 03:22]
SOAP:   2%|▏         | 382/25324 [3:43:24 > 03:23]
SOAP:   2%|▏         | 383/25324 [3:43:15 > 03:23]
SOAP:   2%|▏         | 384/25324 [3:43:43 > 03:24]
SOAP:   2%|▏         | 385/25324 [3:43:15 > 03:25]
SOAP:   2%|▏         | 386/25324 [3:43:46 > 03:25]
SOAP:   2%|▏         | 387/25324 [3:43:57 > 03:26]
SOAP:   2%|▏         | 388/25324 [3:43:07 > 03:26]
SOAP:   2%|▏         | 389/25324 [3:43:34 > 03:27]
SOAP:   2%|▏         | 390/25324 [3:43:47 > 03:27]
SOAP:   2%|▏         | 391/25324 [3:43:06 > 03:28]
SOAP:   2%|▏         | 392/25324 [3:43:38 > 03:28]
SOAP:   2%|▏         | 393/25324 [3:43:49 > 03:29]
SOAP:   2%|▏         | 394/25324 [3:42:48 > 03:29]
SOAP:   2%|▏         | 395/25324 [3:43:25 > 03:30]
SOAP:   2%|▏         | 396/25324 [3:43:22 > 03:30]
SOAP:   2%|▏         | 397/25324 [3:42:38 > 03:31]
SOAP:   2%|▏         | 398/25324 [3:43:33 > 03:32]
SOAP:   2%|▏         | 399/25324 [3:43:12 > 03:32]
SOAP:   2%|▏         | 400/25324 [3:43:54 > 03:33]
SOAP:   2%|▏         | 401/25324 [3:44:59 > 03:33]
SOAP:   2%|▏         | 402/25324 [3:43:02 > 03:34]
SOAP:   2%|▏         | 403/25324 [3:42:47 > 03:34]
SOAP:   2%|▏         | 404/25324 [3:43:24 > 03:35]
SOAP:   2%|▏         | 405/25324 [3:43:12 > 03:35]
SOAP:   2%|▏         | 406/25324 [3:43:10 > 03:36]
SOAP:   2%|▏         | 407/25324 [3:43:28 > 03:36]
SOAP:   2%|▏         | 408/25324 [3:43:11 > 03:37]
SOAP:   2%|▏         | 409/25324 [3:43:18 > 03:37]
SOAP:   2%|▏         | 410/25324 [3:43:23 > 03:38]
SOAP:   2%|▏         | 411/25324 [3:43:02 > 03:39]
SOAP:   2%|▏         | 412/25324 [3:43:33 > 03:39]
SOAP:   2%|▏         | 413/25324 [3:43:26 > 03:40]
SOAP:   2%|▏         | 414/25324 [3:43:06 > 03:40]
SOAP:   2%|▏         | 415/25324 [3:44:00 > 03:41]
SOAP:   2%|▏         | 416/25324 [3:43:19 > 03:41]
SOAP:   2%|▏         | 417/25324 [3:43:13 > 03:42]
SOAP:   2%|▏         | 418/25324 [3:43:41 > 03:42]
SOAP:   2%|▏         | 419/25324 [3:40:59 > 03:43]
SOAP:   2%|▏         | 420/25324 [3:43:33 > 03:43]
SOAP:   2%|▏         | 421/25324 [3:43:27 > 03:44]
SOAP:   2%|▏         | 422/25324 [3:42:47 > 03:44]
SOAP:   2%|▏         | 423/25324 [3:43:38 > 03:45]
SOAP:   2%|▏         | 424/25324 [3:43:23 > 03:46]
SOAP:   2%|▏         | 425/25324 [3:42:47 > 03:46]
SOAP:   2%|▏         | 426/25324 [3:43:40 > 03:47]
SOAP:   2%|▏         | 427/25324 [3:43:15 > 03:47]
SOAP:   2%|▏         | 428/25324 [3:42:36 > 03:48]
SOAP:   2%|▏         | 429/25324 [3:43:05 > 03:48]
SOAP:   2%|▏         | 430/25324 [3:43:18 > 03:49]
SOAP:   2%|▏         | 431/25324 [3:42:32 > 03:49]
SOAP:   2%|▏         | 432/25324 [3:43:11 > 03:50]
SOAP:   2%|▏         | 433/25324 [3:43:06 > 03:50]
SOAP:   2%|▏         | 434/25324 [3:42:57 > 03:51]
SOAP:   2%|▏         | 435/25324 [3:43:10 > 03:51]
SOAP:   2%|▏         | 436/25324 [3:43:07 > 03:52]
SOAP:   2%|▏         | 437/25324 [3:43:06 > 03:53]
SOAP:   2%|▏         | 438/25324 [3:43:04 > 03:53]
SOAP:   2%|▏         | 439/25324 [3:43:03 > 03:54]
SOAP:   2%|▏         | 440/25324 [3:43:08 > 03:54]
SOAP:   2%|▏         | 441/25324 [3:42:56 > 03:55]
SOAP:   2%|▏         | 442/25324 [3:43:00 > 03:55]
SOAP:   2%|▏         | 443/25324 [3:43:12 > 03:56]
SOAP:   2%|▏         | 444/25324 [3:42:39 > 03:56]
SOAP:   2%|▏         | 445/25324 [3:42:59 > 03:57]
SOAP:   2%|▏         | 446/25324 [3:43:14 > 03:57]
SOAP:   2%|▏         | 447/25324 [3:42:39 > 03:58]
SOAP:   2%|▏         | 448/25324 [3:43:01 > 03:58]
SOAP:   2%|▏         | 449/25324 [3:43:22 > 03:59]
SOAP:   2%|▏         | 450/25324 [3:42:42 > 04:00]
SOAP:   2%|▏         | 451/25324 [3:43:02 > 04:00]
SOAP:   2%|▏         | 452/25324 [3:43:20 > 04:01]
SOAP:   2%|▏         | 453/25324 [3:42:20 > 04:01]
SOAP:   2%|▏         | 454/25324 [3:43:08 > 04:02]
SOAP:   2%|▏         | 455/25324 [3:42:52 > 04:02]
SOAP:   2%|▏         | 456/25324 [3:41:51 > 04:03]
SOAP:   2%|▏         | 457/25324 [3:42:14 > 04:03]
SOAP:   2%|▏         | 458/25324 [3:42:20 > 04:04]
SOAP:   2%|▏         | 459/25324 [3:41:46 > 04:04]
SOAP:   2%|▏         | 460/25324 [3:42:44 > 04:05]
SOAP:   2%|▏         | 461/25324 [3:42:37 > 04:05]
SOAP:   2%|▏         | 462/25324 [3:42:03 > 04:06]
SOAP:   2%|▏         | 463/25324 [3:42:45 > 04:06]
SOAP:   2%|▏         | 464/25324 [3:42:45 > 04:07]
SOAP:   2%|▏         | 465/25324 [3:42:27 > 04:08]
SOAP:   2%|▏         | 466/25324 [3:42:54 > 04:08]
SOAP:   2%|▏         | 467/25324 [3:42:42 > 04:09]
SOAP:   2%|▏         | 468/25324 [3:42:24 > 04:09]
SOAP:   2%|▏         | 469/25324 [3:42:28 > 04:10]
SOAP:   2%|▏         | 470/25324 [3:39:58 > 04:10]
SOAP:   2%|▏         | 471/25324 [3:41:43 > 04:11]
SOAP:   2%|▏         | 472/25324 [3:41:07 > 04:11]
SOAP:   2%|▏         | 473/25324 [3:40:44 > 04:12]
SOAP:   2%|▏         | 474/25324 [3:41:01 > 04:12]
SOAP:   2%|▏         | 475/25324 [3:40:21 > 04:13]
SOAP:   2%|▏         | 476/25324 [3:40:31 > 04:13]
SOAP:   2%|▏         | 477/25324 [3:40:46 > 04:14]
SOAP:   2%|▏         | 478/25324 [3:39:56 > 04:14]
SOAP:   2%|▏         | 479/25324 [3:40:36 > 04:15]
SOAP:   2%|▏         | 480/25324 [3:40:29 > 04:16]
SOAP:   2%|▏         | 481/25324 [3:39:41 > 04:16]
SOAP:   2%|▏         | 482/25324 [3:40:27 > 04:17]
SOAP:   2%|▏         | 483/25324 [3:40:19 > 04:17]
SOAP:   2%|▏         | 484/25324 [3:39:36 > 04:18]
SOAP:   2%|▏         | 485/25324 [3:40:21 > 04:18]
SOAP:   2%|▏         | 486/25324 [3:40:10 > 04:19]
SOAP:   2%|▏         | 487/25324 [3:39:34 > 04:19]
SOAP:   2%|▏         | 488/25324 [3:40:26 > 04:20]
SOAP:   2%|▏         | 489/25324 [3:40:47 > 04:20]
SOAP:   2%|▏         | 490/25324 [3:40:15 > 04:21]
SOAP:   2%|▏         | 491/25324 [3:40:24 > 04:21]
SOAP:   2%|▏         | 492/25324 [3:40:01 > 04:22]
SOAP:   2%|▏         | 493/25324 [3:39:56 > 04:22]
SOAP:   2%|▏         | 494/25324 [3:40:04 > 04:23]
SOAP:   2%|▏         | 495/25324 [3:39:53 > 04:24]
SOAP:   2%|▏         | 496/25324 [3:40:26 > 04:24]
SOAP:   2%|▏         | 497/25324 [3:40:00 > 04:25]
SOAP:   2%|▏         | 498/25324 [3:40:10 > 04:25]
SOAP:   2%|▏         | 499/25324 [3:40:32 > 04:26]
SOAP:   2%|▏         | 500/25324 [3:39:45 > 04:26]
SOAP:   2%|▏         | 501/25324 [3:42:18 > 04:27]
SOAP:   2%|▏         | 502/25324 [3:40:58 > 04:27]
SOAP:   2%|▏         | 503/25324 [3:39:58 > 04:28]
SOAP:   2%|▏         | 504/25324 [3:40:37 > 04:28]
SOAP:   2%|▏         | 505/25324 [3:40:28 > 04:29]
SOAP:   2%|▏         | 506/25324 [3:39:43 > 04:29]
SOAP:   2%|▏         | 507/25324 [3:40:21 > 04:30]
SOAP:   2%|▏         | 508/25324 [3:40:06 > 04:30]
SOAP:   2%|▏         | 509/25324 [3:39:28 > 04:31]
SOAP:   2%|▏         | 510/25324 [3:40:05 > 04:32]
SOAP:   2%|▏         | 511/25324 [3:40:05 > 04:32]
SOAP:   2%|▏         | 512/25324 [3:39:41 > 04:33]
SOAP:   2%|▏         | 513/25324 [3:40:08 > 04:33]
SOAP:   2%|▏         | 514/25324 [3:39:59 > 04:34]
SOAP:   2%|▏         | 515/25324 [3:39:51 > 04:34]
SOAP:   2%|▏         | 516/25324 [3:39:56 > 04:35]
SOAP:   2%|▏         | 517/25324 [3:39:49 > 04:35]
SOAP:   2%|▏         | 518/25324 [3:40:14 > 04:36]
SOAP:   2%|▏         | 519/25324 [3:40:32 > 04:36]
SOAP:   2%|▏         | 520/25324 [3:40:27 > 04:37]
SOAP:   2%|▏         | 521/25324 [3:41:08 > 04:37]
SOAP:   2%|▏         | 522/25324 [3:40:28 > 04:38]
SOAP:   2%|▏         | 523/25324 [3:40:29 > 04:38]
SOAP:   2%|▏         | 524/25324 [3:40:45 > 04:39]
SOAP:   2%|▏         | 525/25324 [3:40:01 > 04:40]
SOAP:   2%|▏         | 526/25324 [3:40:24 > 04:40]
SOAP:   2%|▏         | 527/25324 [3:40:28 > 04:41]
SOAP:   2%|▏         | 528/25324 [3:39:40 > 04:41]
SOAP:   2%|▏         | 529/25324 [3:40:23 > 04:42]
SOAP:   2%|▏         | 530/25324 [3:40:09 > 04:42]
SOAP:   2%|▏         | 531/25324 [3:39:19 > 04:43]
SOAP:   2%|▏         | 532/25324 [3:39:59 > 04:43]
SOAP:   2%|▏         | 533/25324 [3:39:46 > 04:44]
SOAP:   2%|▏         | 534/25324 [3:39:12 > 04:44]
SOAP:   2%|▏         | 535/25324 [3:39:52 > 04:45]
SOAP:   2%|▏         | 536/25324 [3:39:47 > 04:45]
SOAP:   2%|▏         | 537/25324 [3:39:27 > 04:46]
SOAP:   2%|▏         | 538/25324 [3:39:43 > 04:46]
SOAP:   2%|▏         | 539/25324 [3:39:39 > 04:47]
SOAP:   2%|▏         | 540/25324 [3:39:46 > 04:48]
SOAP:   2%|▏         | 541/25324 [3:39:36 > 04:48]
SOAP:   2%|▏         | 542/25324 [3:39:31 > 04:49]
SOAP:   2%|▏         | 543/25324 [3:39:45 > 04:49]
SOAP:   2%|▏         | 544/25324 [3:39:40 > 04:50]
SOAP:   2%|▏         | 545/25324 [3:39:37 > 04:50]
SOAP:   2%|▏         | 546/25324 [3:40:09 > 04:51]
SOAP:   2%|▏         | 547/25324 [3:39:31 > 04:51]
SOAP:   2%|▏         | 548/25324 [3:39:49 > 04:52]
SOAP:   2%|▏         | 549/25324 [3:40:04 > 04:52]
SOAP:   2%|▏         | 550/25324 [3:39:15 > 04:53]
SOAP:   2%|▏         | 551/25324 [3:39:47 > 04:53]
SOAP:   2%|▏         | 552/25324 [3:39:48 > 04:54]
SOAP:   2%|▏         | 553/25324 [3:38:56 > 04:54]
SOAP:   2%|▏         | 554/25324 [3:39:36 > 04:55]
SOAP:   2%|▏         | 555/25324 [3:39:28 > 04:55]
SOAP:   2%|▏         | 556/25324 [3:38:49 > 04:56]
SOAP:   2%|▏         | 557/25324 [3:39:42 > 04:57]
SOAP:   2%|▏         | 558/25324 [3:39:31 > 04:57]
SOAP:   2%|▏         | 559/25324 [3:38:59 > 04:58]
SOAP:   2%|▏         | 560/25324 [3:39:29 > 04:58]
SOAP:   2%|▏         | 561/25324 [3:39:28 > 04:59]
SOAP:   2%|▏         | 562/25324 [3:39:14 > 04:59]
SOAP:   2%|▏         | 563/25324 [3:39:16 > 05:00]
SOAP:   2%|▏         | 564/25324 [3:39:15 > 05:00]
SOAP:   2%|▏         | 565/25324 [3:39:18 > 05:01]
SOAP:   2%|▏         | 566/25324 [3:39:10 > 05:01]
SOAP:   2%|▏         | 567/25324 [3:39:11 > 05:02]
SOAP:   2%|▏         | 568/25324 [3:39:38 > 05:02]
SOAP:   2%|▏         | 569/25324 [3:39:06 > 05:03]
SOAP:   2%|▏         | 570/25324 [3:39:19 > 05:03]
SOAP:   2%|▏         | 571/25324 [3:39:49 > 05:04]
SOAP:   2%|▏         | 572/25324 [3:38:58 > 05:05]
SOAP:   2%|▏         | 573/25324 [3:39:21 > 05:05]
SOAP:   2%|▏         | 574/25324 [3:39:25 > 05:06]
SOAP:   2%|▏         | 575/25324 [3:36:57 > 05:06]
SOAP:   2%|▏         | 576/25324 [3:39:59 > 05:07]
SOAP:   2%|▏         | 577/25324 [3:37:58 > 05:07]
SOAP:   2%|▏         | 578/25324 [3:39:21 > 05:08]
SOAP:   2%|▏         | 579/25324 [3:39:36 > 05:08]
SOAP:   2%|▏         | 580/25324 [3:39:22 > 05:09]
SOAP:   2%|▏         | 581/25324 [3:38:53 > 05:09]
SOAP:   2%|▏         | 582/25324 [3:39:33 > 05:10]
SOAP:   2%|▏         | 583/25324 [3:39:24 > 05:10]
SOAP:   2%|▏         | 584/25324 [3:39:14 > 05:11]
SOAP:   2%|▏         | 585/25324 [3:39:37 > 05:11]
SOAP:   2%|▏         | 586/25324 [3:39:23 > 05:12]
SOAP:   2%|▏         | 587/25324 [3:39:17 > 05:12]
SOAP:   2%|▏         | 588/25324 [3:39:16 > 05:13]
SOAP:   2%|▏         | 589/25324 [3:39:07 > 05:14]
SOAP:   2%|▏         | 590/25324 [3:39:23 > 05:14]
SOAP:   2%|▏         | 591/25324 [3:39:09 > 05:15]
SOAP:   2%|▏         | 592/25324 [3:39:11 > 05:15]
SOAP:   2%|▏         | 593/25324 [3:39:44 > 05:16]
SOAP:   2%|▏         | 594/25324 [3:38:58 > 05:16]
SOAP:   2%|▏         | 595/25324 [3:39:18 > 05:17]
SOAP:   2%|▏         | 596/25324 [3:39:37 > 05:17]
SOAP:   2%|▏         | 597/25324 [3:38:44 > 05:18]
SOAP:   2%|▏         | 598/25324 [3:39:27 > 05:18]
SOAP:   2%|▏         | 599/25324 [3:39:25 > 05:19]
SOAP:   2%|▏         | 600/25324 [3:38:36 > 05:19]
SOAP:   2%|▏         | 601/25324 [3:41:13 > 05:20]
SOAP:   2%|▏         | 602/25324 [3:39:23 > 05:20]
SOAP:   2%|▏         | 603/25324 [3:38:45 > 05:21]
SOAP:   2%|▏         | 604/25324 [3:39:09 > 05:22]
SOAP:   2%|▏         | 605/25324 [3:38:58 > 05:22]
SOAP:   2%|▏         | 606/25324 [3:38:27 > 05:23]
SOAP:   2%|▏         | 607/25324 [3:39:15 > 05:23]
SOAP:   2%|▏         | 608/25324 [3:39:10 > 05:24]
SOAP:   2%|▏         | 609/25324 [3:38:54 > 05:24]
SOAP:   2%|▏         | 610/25324 [3:39:13 > 05:25]
SOAP:   2%|▏         | 611/25324 [3:38:55 > 05:25]
SOAP:   2%|▏         | 612/25324 [3:39:08 > 05:26]
SOAP:   2%|▏         | 613/25324 [3:38:47 > 05:26]
SOAP:   2%|▏         | 614/25324 [3:38:44 > 05:27]
SOAP:   2%|▏         | 615/25324 [3:39:10 > 05:27]
SOAP:   2%|▏         | 616/25324 [3:37:19 > 05:28]
SOAP:   2%|▏         | 617/25324 [3:39:33 > 05:28]
SOAP:   2%|▏         | 618/25324 [3:39:53 > 05:29]
SOAP:   2%|▏         | 619/25324 [3:38:51 > 05:30]
SOAP:   2%|▏         | 620/25324 [3:39:34 > 05:30]
SOAP:   2%|▏         | 621/25324 [3:39:35 > 05:31]
SOAP:   2%|▏         | 622/25324 [3:38:42 > 05:31]
SOAP:   2%|▏         | 623/25324 [3:39:29 > 05:32]
SOAP:   2%|▏         | 624/25324 [3:39:21 > 05:32]
SOAP:   2%|▏         | 625/25324 [3:38:30 > 05:33]
SOAP:   2%|▏         | 626/25324 [3:39:08 > 05:33]
SOAP:   2%|▏         | 627/25324 [3:38:53 > 05:34]
SOAP:   2%|▏         | 628/25324 [3:38:18 > 05:34]
SOAP:   2%|▏         | 629/25324 [3:39:00 > 05:35]
SOAP:   2%|▏         | 630/25324 [3:38:53 > 05:35]
SOAP:   2%|▏         | 631/25324 [3:38:37 > 05:36]
SOAP:   2%|▏         | 632/25324 [3:38:53 > 05:36]
SOAP:   2%|▏         | 633/25324 [3:38:46 > 05:37]
SOAP:   3%|▎         | 634/25324 [3:38:44 > 05:37]
SOAP:   3%|▎         | 635/25324 [3:38:41 > 05:38]
SOAP:   3%|▎         | 636/25324 [3:38:27 > 05:39]
SOAP:   3%|▎         | 637/25324 [3:38:55 > 05:39]
SOAP:   3%|▎         | 638/25324 [3:38:32 > 05:40]
SOAP:   3%|▎         | 639/25324 [3:38:38 > 05:40]
SOAP:   3%|▎         | 640/25324 [3:39:21 > 05:41]
SOAP:   3%|▎         | 641/25324 [3:38:43 > 05:41]
SOAP:   3%|▎         | 642/25324 [3:39:10 > 05:42]
SOAP:   3%|▎         | 643/25324 [3:39:25 > 05:42]
SOAP:   3%|▎         | 644/25324 [3:38:31 > 05:43]
SOAP:   3%|▎         | 645/25324 [3:39:16 > 05:43]
SOAP:   3%|▎         | 646/25324 [3:39:21 > 05:44]
SOAP:   3%|▎         | 647/25324 [3:38:25 > 05:44]
SOAP:   3%|▎         | 648/25324 [3:39:04 > 05:45]
SOAP:   3%|▎         | 649/25324 [3:38:54 > 05:45]
SOAP:   3%|▎         | 650/25324 [3:38:29 > 05:46]
SOAP:   3%|▎         | 651/25324 [3:39:24 > 05:47]
SOAP:   3%|▎         | 652/25324 [3:39:15 > 05:47]
SOAP:   3%|▎         | 653/25324 [3:38:42 > 05:48]
SOAP:   3%|▎         | 654/25324 [3:38:59 > 05:48]
SOAP:   3%|▎         | 655/25324 [3:37:14 > 05:49]
SOAP:   3%|▎         | 656/25324 [3:39:01 > 05:49]
SOAP:   3%|▎         | 657/25324 [3:38:58 > 05:50]
SOAP:   3%|▎         | 658/25324 [3:38:47 > 05:50]
SOAP:   3%|▎         | 659/25324 [3:38:53 > 05:51]
SOAP:   3%|▎         | 660/25324 [3:38:54 > 05:51]
SOAP:   3%|▎         | 661/25324 [3:39:11 > 05:52]
SOAP:   3%|▎         | 662/25324 [3:39:26 > 05:52]
SOAP:   3%|▎         | 663/25324 [3:38:49 > 05:53]
SOAP:   3%|▎         | 664/25324 [3:38:54 > 05:53]
SOAP:   3%|▎         | 665/25324 [3:39:12 > 05:54]
SOAP:   3%|▎         | 666/25324 [3:38:20 > 05:55]
SOAP:   3%|▎         | 667/25324 [3:39:02 > 05:55]
SOAP:   3%|▎         | 668/25324 [3:39:03 > 05:56]
SOAP:   3%|▎         | 669/25324 [3:38:12 > 05:56]
SOAP:   3%|▎         | 670/25324 [3:38:46 > 05:57]
SOAP:   3%|▎         | 671/25324 [3:38:26 > 05:57]
SOAP:   3%|▎         | 672/25324 [3:37:47 > 05:58]
SOAP:   3%|▎         | 673/25324 [3:38:51 > 05:58]
SOAP:   3%|▎         | 674/25324 [3:39:07 > 05:59]
SOAP:   3%|▎         | 675/25324 [3:38:17 > 05:59]
SOAP:   3%|▎         | 676/25324 [3:38:53 > 06:00]
SOAP:   3%|▎         | 677/25324 [3:38:37 > 06:00]
SOAP:   3%|▎         | 678/25324 [3:38:15 > 06:01]
SOAP:   3%|▎         | 679/25324 [3:36:46 > 06:01]
SOAP:   3%|▎         | 680/25324 [3:39:06 > 06:02]
SOAP:   3%|▎         | 681/25324 [3:38:59 > 06:03]
SOAP:   3%|▎         | 682/25324 [3:36:51 > 06:03]
SOAP:   3%|▎         | 683/25324 [3:38:55 > 06:04]
SOAP:   3%|▎         | 684/25324 [3:38:56 > 06:04]
SOAP:   3%|▎         | 685/25324 [3:38:38 > 06:05]
SOAP:   3%|▎         | 686/25324 [3:38:33 > 06:05]
SOAP:   3%|▎         | 687/25324 [3:39:03 > 06:06]
SOAP:   3%|▎         | 688/25324 [3:38:20 > 06:06]
SOAP:   3%|▎         | 689/25324 [3:38:53 > 06:07]
SOAP:   3%|▎         | 690/25324 [3:39:08 > 06:07]
SOAP:   3%|▎         | 691/25324 [3:38:11 > 06:08]
SOAP:   3%|▎         | 692/25324 [3:38:46 > 06:08]
SOAP:   3%|▎         | 693/25324 [3:38:47 > 06:09]
SOAP:   3%|▎         | 694/25324 [3:37:55 > 06:09]
SOAP:   3%|▎         | 695/25324 [3:38:46 > 06:10]
SOAP:   3%|▎         | 696/25324 [3:39:19 > 06:10]
SOAP:   3%|▎         | 697/25324 [3:38:16 > 06:11]
SOAP:   3%|▎         | 698/25324 [3:38:54 > 06:12]
SOAP:   3%|▎         | 699/25324 [3:38:33 > 06:12]
SOAP:   3%|▎         | 700/25324 [3:38:08 > 06:13]
SOAP:   3%|▎         | 701/25324 [3:40:30 > 06:13]
SOAP:   3%|▎         | 702/25324 [3:38:36 > 06:14]
SOAP:   3%|▎         | 703/25324 [3:38:13 > 06:14]
SOAP:   3%|▎         | 704/25324 [3:38:12 > 06:15]
SOAP:   3%|▎         | 705/25324 [3:37:58 > 06:15]
SOAP:   3%|▎         | 706/25324 [3:38:00 > 06:16]
SOAP:   3%|▎         | 707/25324 [3:37:58 > 06:16]
SOAP:   3%|▎         | 708/25324 [3:37:58 > 06:17]
SOAP:   3%|▎         | 709/25324 [3:38:18 > 06:17]
SOAP:   3%|▎         | 710/25324 [3:37:52 > 06:18]
SOAP:   3%|▎         | 711/25324 [3:38:07 > 06:18]
SOAP:   3%|▎         | 712/25324 [3:38:41 > 06:19]
SOAP:   3%|▎         | 713/25324 [3:37:46 > 06:20]
SOAP:   3%|▎         | 714/25324 [3:38:13 > 06:20]
SOAP:   3%|▎         | 715/25324 [3:38:16 > 06:21]
SOAP:   3%|▎         | 716/25324 [3:37:26 > 06:21]
SOAP:   3%|▎         | 717/25324 [3:38:27 > 06:22]
SOAP:   3%|▎         | 718/25324 [3:38:23 > 06:22]
SOAP:   3%|▎         | 719/25324 [3:37:29 > 06:23]
SOAP:   3%|▎         | 720/25324 [3:36:32 > 06:23]
SOAP:   3%|▎         | 721/25324 [3:38:41 > 06:24]
SOAP:   3%|▎         | 722/25324 [3:38:00 > 06:24]
SOAP:   3%|▎         | 723/25324 [3:38:19 > 06:25]
SOAP:   3%|▎         | 724/25324 [3:38:08 > 06:25]
SOAP:   3%|▎         | 725/25324 [3:37:54 > 06:26]
SOAP:   3%|▎         | 726/25324 [3:38:17 > 06:26]
SOAP:   3%|▎         | 727/25324 [3:38:11 > 06:27]
SOAP:   3%|▎         | 728/25324 [3:38:01 > 06:28]
SOAP:   3%|▎         | 729/25324 [3:38:13 > 06:28]
SOAP:   3%|▎         | 730/25324 [3:38:05 > 06:29]
SOAP:   3%|▎         | 731/25324 [3:38:19 > 06:29]
SOAP:   3%|▎         | 732/25324 [3:37:51 > 06:30]
SOAP:   3%|▎         | 733/25324 [3:37:52 > 06:30]
SOAP:   3%|▎         | 734/25324 [3:38:21 > 06:31]
SOAP:   3%|▎         | 735/25324 [3:37:38 > 06:31]
SOAP:   3%|▎         | 736/25324 [3:38:05 > 06:32]
SOAP:   3%|▎         | 737/25324 [3:38:18 > 06:32]
SOAP:   3%|▎         | 738/25324 [3:37:37 > 06:33]
SOAP:   3%|▎         | 739/25324 [3:38:18 > 06:33]
SOAP:   3%|▎         | 740/25324 [3:38:24 > 06:34]
SOAP:   3%|▎         | 741/25324 [3:37:33 > 06:34]
SOAP:   3%|▎         | 742/25324 [3:38:00 > 06:35]
SOAP:   3%|▎         | 743/25324 [3:38:14 > 06:35]
SOAP:   3%|▎         | 744/25324 [3:37:22 > 06:36]
SOAP:   3%|▎         | 745/25324 [3:38:02 > 06:37]
SOAP:   3%|▎         | 746/25324 [3:38:12 > 06:37]
SOAP:   3%|▎         | 747/25324 [3:37:35 > 06:38]
SOAP:   3%|▎         | 748/25324 [3:37:44 > 06:38]
SOAP:   3%|▎         | 749/25324 [3:37:44 > 06:39]
SOAP:   3%|▎         | 750/25324 [3:37:23 > 06:39]
SOAP:   3%|▎         | 751/25324 [3:37:39 > 06:40]
SOAP:   3%|▎         | 752/25324 [3:37:36 > 06:40]
SOAP:   3%|▎         | 753/25324 [3:37:58 > 06:41]
SOAP:   3%|▎         | 754/25324 [3:37:36 > 06:41]
SOAP:   3%|▎         | 755/25324 [3:37:43 > 06:42]
SOAP:   3%|▎         | 756/25324 [3:38:06 > 06:42]
SOAP:   3%|▎         | 757/25324 [3:37:30 > 06:43]
SOAP:   3%|▎         | 758/25324 [3:37:45 > 06:43]
SOAP:   3%|▎         | 759/25324 [3:38:10 > 06:44]
SOAP:   3%|▎         | 760/25324 [3:37:12 > 06:45]
SOAP:   3%|▎         | 761/25324 [3:37:36 > 06:45]
SOAP:   3%|▎         | 762/25324 [3:38:09 > 06:46]
SOAP:   3%|▎         | 763/25324 [3:37:17 > 06:46]
SOAP:   3%|▎         | 764/25324 [3:37:58 > 06:47]
SOAP:   3%|▎         | 765/25324 [3:37:51 > 06:47]
SOAP:   3%|▎         | 766/25324 [3:37:06 > 06:48]
SOAP:   3%|▎         | 767/25324 [3:37:33 > 06:48]
SOAP:   3%|▎         | 768/25324 [3:37:26 > 06:49]
SOAP:   3%|▎         | 769/25324 [3:36:48 > 06:49]
SOAP:   3%|▎         | 770/25324 [3:37:31 > 06:50]
SOAP:   3%|▎         | 771/25324 [3:35:49 > 06:50]
SOAP:   3%|▎         | 772/25324 [3:37:54 > 06:51]
SOAP:   3%|▎         | 773/25324 [3:37:52 > 06:51]
SOAP:   3%|▎         | 774/25324 [3:37:52 > 06:52]
SOAP:   3%|▎         | 775/25324 [3:37:40 > 06:52]
SOAP:   3%|▎         | 776/25324 [3:37:46 > 06:53]
SOAP:   3%|▎         | 777/25324 [3:37:59 > 06:54]
SOAP:   3%|▎         | 778/25324 [3:38:08 > 06:54]
SOAP:   3%|▎         | 779/25324 [3:37:31 > 06:55]
SOAP:   3%|▎         | 780/25324 [3:36:08 > 06:55]
SOAP:   3%|▎         | 781/25324 [3:38:26 > 06:56]
SOAP:   3%|▎         | 782/25324 [3:37:38 > 06:56]
SOAP:   3%|▎         | 783/25324 [3:37:55 > 06:57]
SOAP:   3%|▎         | 784/25324 [3:38:16 > 06:57]
SOAP:   3%|▎         | 785/25324 [3:37:14 > 06:58]
SOAP:   3%|▎         | 786/25324 [3:37:55 > 06:58]
SOAP:   3%|▎         | 787/25324 [3:38:00 > 06:59]
SOAP:   3%|▎         | 788/25324 [3:37:09 > 06:59]
SOAP:   3%|▎         | 789/25324 [3:37:40 > 07:00]
SOAP:   3%|▎         | 790/25324 [3:37:29 > 07:00]
SOAP:   3%|▎         | 791/25324 [3:36:51 > 07:01]
SOAP:   3%|▎         | 792/25324 [3:37:34 > 07:02]
SOAP:   3%|▎         | 793/25324 [3:37:29 > 07:02]
SOAP:   3%|▎         | 794/25324 [3:37:02 > 07:03]
SOAP:   3%|▎         | 795/25324 [3:37:33 > 07:03]
SOAP:   3%|▎         | 796/25324 [3:37:21 > 07:04]
SOAP:   3%|▎         | 797/25324 [3:37:03 > 07:04]
SOAP:   3%|▎         | 798/25324 [3:37:07 > 07:05]
SOAP:   3%|▎         | 799/25324 [3:35:17 > 07:05]
SOAP:   3%|▎         | 800/25324 [3:37:51 > 07:06]
SOAP:   3%|▎         | 801/25324 [3:39:41 > 07:06]
SOAP:   3%|▎         | 802/25324 [3:37:54 > 07:07]
SOAP:   3%|▎         | 803/25324 [3:38:04 > 07:07]
SOAP:   3%|▎         | 804/25324 [3:37:25 > 07:08]
SOAP:   3%|▎         | 805/25324 [3:37:31 > 07:08]
SOAP:   3%|▎         | 806/25324 [3:37:52 > 07:09]
SOAP:   3%|▎         | 807/25324 [3:37:02 > 07:10]
SOAP:   3%|▎         | 808/25324 [3:37:46 > 07:10]
SOAP:   3%|▎         | 809/25324 [3:38:11 > 07:11]
SOAP:   3%|▎         | 810/25324 [3:37:21 > 07:11]
SOAP:   3%|▎         | 811/25324 [3:38:13 > 07:12]
SOAP:   3%|▎         | 812/25324 [3:38:29 > 07:12]
SOAP:   3%|▎         | 813/25324 [3:37:28 > 07:13]
SOAP:   3%|▎         | 814/25324 [3:37:55 > 07:13]
SOAP:   3%|▎         | 815/25324 [3:37:41 > 07:14]
SOAP:   3%|▎         | 816/25324 [3:37:03 > 07:14]
SOAP:   3%|▎         | 817/25324 [3:37:37 > 07:15]
SOAP:   3%|▎         | 818/25324 [3:35:45 > 07:15]
SOAP:   3%|▎         | 819/25324 [3:37:42 > 07:16]
SOAP:   3%|▎         | 820/25324 [3:37:44 > 07:16]
SOAP:   3%|▎         | 821/25324 [3:37:29 > 07:17]
SOAP:   3%|▎         | 822/25324 [3:37:18 > 07:18]
SOAP:   3%|▎         | 823/25324 [3:37:40 > 07:18]
SOAP:   3%|▎         | 824/25324 [3:37:53 > 07:19]
SOAP:   3%|▎         | 825/25324 [3:38:00 > 07:19]
SOAP:   3%|▎         | 826/25324 [3:37:29 > 07:20]
SOAP:   3%|▎         | 827/25324 [3:37:15 > 07:20]
SOAP:   3%|▎         | 828/25324 [3:37:32 > 07:21]
SOAP:   3%|▎         | 829/25324 [3:36:52 > 07:21]
SOAP:   3%|▎         | 830/25324 [3:37:09 > 07:22]
SOAP:   3%|▎         | 831/25324 [3:37:30 > 07:22]
SOAP:   3%|▎         | 832/25324 [3:36:49 > 07:23]
SOAP:   3%|▎         | 833/25324 [3:37:30 > 07:23]
SOAP:   3%|▎         | 834/25324 [3:37:30 > 07:24]
SOAP:   3%|▎         | 835/25324 [3:36:28 > 07:24]
SOAP:   3%|▎         | 836/25324 [3:37:14 > 07:25]
SOAP:   3%|▎         | 837/25324 [3:35:23 > 07:25]
SOAP:   3%|▎         | 838/25324 [3:37:07 > 07:26]
SOAP:   3%|▎         | 839/25324 [3:37:34 > 07:27]
SOAP:   3%|▎         | 840/25324 [3:37:19 > 07:27]
SOAP:   3%|▎         | 841/25324 [3:36:34 > 07:28]
SOAP:   3%|▎         | 842/25324 [3:37:10 > 07:28]
SOAP:   3%|▎         | 843/25324 [3:37:08 > 07:29]
SOAP:   3%|▎         | 844/25324 [3:36:57 > 07:29]
SOAP:   3%|▎         | 845/25324 [3:36:59 > 07:30]
SOAP:   3%|▎         | 846/25324 [3:36:57 > 07:30]
SOAP:   3%|▎         | 847/25324 [3:37:04 > 07:31]
SOAP:   3%|▎         | 848/25324 [3:36:39 > 07:31]
SOAP:   3%|▎         | 849/25324 [3:36:46 > 07:32]
SOAP:   3%|▎         | 850/25324 [3:37:07 > 07:32]
SOAP:   3%|▎         | 851/25324 [3:36:41 > 07:33]
SOAP:   3%|▎         | 852/25324 [3:36:50 > 07:33]
SOAP:   3%|▎         | 853/25324 [3:37:44 > 07:34]
SOAP:   3%|▎         | 854/25324 [3:37:04 > 07:35]
SOAP:   3%|▎         | 855/25324 [3:37:27 > 07:35]
SOAP:   3%|▎         | 856/25324 [3:35:56 > 07:36]
SOAP:   3%|▎         | 857/25324 [3:37:18 > 07:36]
SOAP:   3%|▎         | 858/25324 [3:37:50 > 07:37]
SOAP:   3%|▎         | 859/25324 [3:37:33 > 07:37]
SOAP:   3%|▎         | 860/25324 [3:36:28 > 07:38]
SOAP:   3%|▎         | 861/25324 [3:37:05 > 07:38]
SOAP:   3%|▎         | 862/25324 [3:36:51 > 07:39]
SOAP:   3%|▎         | 863/25324 [3:36:22 > 07:39]
SOAP:   3%|▎         | 864/25324 [3:35:58 > 07:40]
SOAP:   3%|▎         | 865/25324 [3:37:03 > 07:40]
SOAP:   3%|▎         | 866/25324 [3:36:37 > 07:41]
SOAP:   3%|▎         | 867/25324 [3:36:49 > 07:41]
SOAP:   3%|▎         | 868/25324 [3:36:35 > 07:42]
SOAP:   3%|▎         | 869/25324 [3:36:33 > 07:43]
SOAP:   3%|▎         | 870/25324 [3:36:32 > 07:43]
SOAP:   3%|▎         | 871/25324 [3:36:18 > 07:44]
SOAP:   3%|▎         | 872/25324 [3:36:37 > 07:44]
SOAP:   3%|▎         | 873/25324 [3:36:27 > 07:45]
SOAP:   3%|▎         | 874/25324 [3:36:36 > 07:45]
SOAP:   3%|▎         | 875/25324 [3:35:27 > 07:46]
SOAP:   3%|▎         | 876/25324 [3:36:49 > 07:46]
SOAP:   3%|▎         | 877/25324 [3:37:01 > 07:47]
SOAP:   3%|▎         | 878/25324 [3:37:16 > 07:47]
SOAP:   3%|▎         | 879/25324 [3:36:17 > 07:48]
SOAP:   3%|▎         | 880/25324 [3:36:48 > 07:48]
SOAP:   3%|▎         | 881/25324 [3:36:33 > 07:49]
SOAP:   3%|▎         | 882/25324 [3:35:58 > 07:49]
SOAP:   3%|▎         | 883/25324 [3:36:40 > 07:50]
SOAP:   3%|▎         | 884/25324 [3:36:41 > 07:50]
SOAP:   3%|▎         | 885/25324 [3:35:58 > 07:51]
SOAP:   3%|▎         | 886/25324 [3:36:41 > 07:52]
SOAP:   4%|▎         | 887/25324 [3:36:36 > 07:52]
SOAP:   4%|▎         | 888/25324 [3:36:11 > 07:53]
SOAP:   4%|▎         | 889/25324 [3:36:35 > 07:53]
SOAP:   4%|▎         | 890/25324 [3:36:20 > 07:54]
SOAP:   4%|▎         | 891/25324 [3:36:14 > 07:54]
SOAP:   4%|▎         | 892/25324 [3:36:29 > 07:55]
SOAP:   4%|▎         | 893/25324 [3:36:24 > 07:55]
SOAP:   4%|▎         | 894/25324 [3:34:59 > 07:56]
SOAP:   4%|▎         | 895/25324 [3:36:51 > 07:56]
SOAP:   4%|▎         | 896/25324 [3:36:45 > 07:57]
SOAP:   4%|▎         | 897/25324 [3:37:07 > 07:57]
SOAP:   4%|▎         | 898/25324 [3:36:35 > 07:58]
SOAP:   4%|▎         | 899/25324 [3:36:33 > 07:58]
SOAP:   4%|▎         | 900/25324 [3:36:45 > 07:59]
SOAP:   4%|▎         | 901/25324 [3:38:07 > 08:00]
SOAP:   4%|▎         | 902/25324 [3:37:00 > 08:00]
SOAP:   4%|▎         | 903/25324 [3:35:10 > 08:01]
SOAP:   4%|▎         | 904/25324 [3:36:32 > 08:01]
SOAP:   4%|▎         | 905/25324 [3:35:17 > 08:02]
SOAP:   4%|▎         | 906/25324 [3:37:18 > 08:02]
SOAP:   4%|▎         | 907/25324 [3:35:56 > 08:03]
SOAP:   4%|▎         | 908/25324 [3:36:28 > 08:03]
SOAP:   4%|▎         | 909/25324 [3:34:43 > 08:04]
SOAP:   4%|▎         | 910/25324 [3:36:19 > 08:04]
SOAP:   4%|▎         | 911/25324 [3:36:40 > 08:05]
SOAP:   4%|▎         | 912/25324 [3:36:37 > 08:05]
SOAP:   4%|▎         | 913/25324 [3:34:53 > 08:06]
SOAP:   4%|▎         | 914/25324 [3:37:11 > 08:06]
SOAP:   4%|▎         | 915/25324 [3:37:10 > 08:07]
SOAP:   4%|▎         | 916/25324 [3:36:52 > 08:08]
SOAP:   4%|▎         | 917/25324 [3:36:42 > 08:08]
SOAP:   4%|▎         | 918/25324 [3:36:33 > 08:09]
SOAP:   4%|▎         | 919/25324 [3:36:41 > 08:09]
SOAP:   4%|▎         | 920/25324 [3:36:13 > 08:10]
SOAP:   4%|▎         | 921/25324 [3:36:36 > 08:10]
SOAP:   4%|▎         | 922/25324 [3:37:46 > 08:11]
SOAP:   4%|▎         | 923/25324 [3:36:42 > 08:11]
SOAP:   4%|▎         | 924/25324 [3:36:57 > 08:12]
SOAP:   4%|▎         | 925/25324 [3:37:03 > 08:12]
SOAP:   4%|▎         | 926/25324 [3:36:26 > 08:13]
SOAP:   4%|▎         | 927/25324 [3:37:40 > 08:13]
SOAP:   4%|▎         | 928/25324 [3:38:04 > 08:14]
SOAP:   4%|▎         | 929/25324 [3:37:37 > 08:14]
SOAP:   4%|▎         | 930/25324 [3:38:24 > 08:15]
SOAP:   4%|▎         | 931/25324 [3:38:33 > 08:16]
SOAP:   4%|▎         | 932/25324 [3:36:03 > 08:16]
SOAP:   4%|▎         | 933/25324 [3:38:08 > 08:17]
SOAP:   4%|▎         | 934/25324 [3:37:39 > 08:17]
SOAP:   4%|▎         | 935/25324 [3:37:29 > 08:18]
SOAP:   4%|▎         | 936/25324 [3:38:16 > 08:18]
SOAP:   4%|▎         | 937/25324 [3:38:20 > 08:19]
SOAP:   4%|▎         | 938/25324 [3:38:04 > 08:19]
SOAP:   4%|▎         | 939/25324 [3:38:37 > 08:20]
SOAP:   4%|▎         | 940/25324 [3:38:37 > 08:20]
SOAP:   4%|▎         | 941/25324 [3:38:39 > 08:21]
SOAP:   4%|▎         | 942/25324 [3:38:32 > 08:21]
SOAP:   4%|▎         | 943/25324 [3:38:13 > 08:22]
SOAP:   4%|▎         | 944/25324 [3:37:55 > 08:23]
SOAP:   4%|▎         | 945/25324 [3:38:10 > 08:23]
SOAP:   4%|▎         | 946/25324 [3:38:23 > 08:24]
SOAP:   4%|▎         | 947/25324 [3:38:33 > 08:24]
SOAP:   4%|▎         | 948/25324 [3:38:22 > 08:25]
SOAP:   4%|▎         | 949/25324 [3:38:23 > 08:25]
SOAP:   4%|▍         | 950/25324 [3:38:52 > 08:26]
SOAP:   4%|▍         | 951/25324 [3:37:19 > 08:26]
SOAP:   4%|▍         | 952/25324 [3:38:20 > 08:27]
SOAP:   4%|▍         | 953/25324 [3:38:46 > 08:27]
SOAP:   4%|▍         | 954/25324 [3:37:43 > 08:28]
SOAP:   4%|▍         | 955/25324 [3:37:41 > 08:28]
SOAP:   4%|▍         | 956/25324 [3:37:44 > 08:29]
SOAP:   4%|▍         | 957/25324 [3:37:19 > 08:29]
SOAP:   4%|▍         | 958/25324 [3:38:13 > 08:30]
SOAP:   4%|▍         | 959/25324 [3:38:14 > 08:31]
SOAP:   4%|▍         | 960/25324 [3:37:38 > 08:31]
SOAP:   4%|▍         | 961/25324 [3:38:28 > 08:32]
SOAP:   4%|▍         | 962/25324 [3:38:13 > 08:32]
SOAP:   4%|▍         | 963/25324 [3:37:37 > 08:33]
SOAP:   4%|▍         | 964/25324 [3:38:15 > 08:33]
SOAP:   4%|▍         | 965/25324 [3:38:31 > 08:34]
SOAP:   4%|▍         | 966/25324 [3:37:50 > 08:34]
SOAP:   4%|▍         | 967/25324 [3:38:19 > 08:35]
SOAP:   4%|▍         | 968/25324 [3:38:30 > 08:35]
SOAP:   4%|▍         | 969/25324 [3:38:04 > 08:36]
SOAP:   4%|▍         | 970/25324 [3:38:23 > 08:36]
SOAP:   4%|▍         | 971/25324 [3:38:21 > 08:37]
SOAP:   4%|▍         | 972/25324 [3:38:05 > 08:38]
SOAP:   4%|▍         | 973/25324 [3:38:23 > 08:38]
SOAP:   4%|▍         | 974/25324 [3:38:21 > 08:39]
SOAP:   4%|▍         | 975/25324 [3:38:11 > 08:39]
SOAP:   4%|▍         | 976/25324 [3:38:01 > 08:40]
SOAP:   4%|▍         | 977/25324 [3:37:59 > 08:40]
SOAP:   4%|▍         | 978/25324 [3:38:26 > 08:41]
SOAP:   4%|▍         | 979/25324 [3:37:58 > 08:41]
SOAP:   4%|▍         | 980/25324 [3:38:05 > 08:42]
SOAP:   4%|▍         | 981/25324 [3:38:32 > 08:42]
SOAP:   4%|▍         | 982/25324 [3:37:59 > 08:43]
SOAP:   4%|▍         | 983/25324 [3:38:18 > 08:43]
SOAP:   4%|▍         | 984/25324 [3:38:41 > 08:44]
SOAP:   4%|▍         | 985/25324 [3:37:51 > 08:45]
SOAP:   4%|▍         | 986/25324 [3:38:26 > 08:45]
SOAP:   4%|▍         | 987/25324 [3:38:37 > 08:46]
SOAP:   4%|▍         | 988/25324 [3:37:44 > 08:46]
SOAP:   4%|▍         | 989/25324 [3:38:30 > 08:47]
SOAP:   4%|▍         | 990/25324 [3:38:02 > 08:47]
SOAP:   4%|▍         | 991/25324 [3:37:01 > 08:48]
SOAP:   4%|▍         | 992/25324 [3:37:33 > 08:48]
SOAP:   4%|▍         | 993/25324 [3:37:39 > 08:49]
SOAP:   4%|▍         | 994/25324 [3:37:10 > 08:49]
SOAP:   4%|▍         | 995/25324 [3:38:04 > 08:50]
SOAP:   4%|▍         | 996/25324 [3:37:58 > 08:50]
SOAP:   4%|▍         | 997/25324 [3:37:23 > 08:51]
SOAP:   4%|▍         | 998/25324 [3:38:08 > 08:52]
SOAP:   4%|▍         | 999/25324 [3:38:00 > 08:52]
SOAP:   4%|▍         | 1000/25324 [3:37:37 > 08:53]
SOAP:   4%|▍         | 1001/25324 [3:39:10 > 08:53]
SOAP:   4%|▍         | 1002/25324 [3:38:40 > 08:54]
SOAP:   4%|▍         | 1003/25324 [3:38:13 > 08:54]
SOAP:   4%|▍         | 1004/25324 [3:38:26 > 08:55]
SOAP:   4%|▍         | 1005/25324 [3:38:05 > 08:55]
SOAP:   4%|▍         | 1006/25324 [3:38:10 > 08:56]
SOAP:   4%|▍         | 1007/25324 [3:38:10 > 08:56]
SOAP:   4%|▍         | 1008/25324 [3:37:56 > 08:57]
SOAP:   4%|▍         | 1009/25324 [3:38:01 > 08:57]
SOAP:   4%|▍         | 1010/25324 [3:37:31 > 08:58]
SOAP:   4%|▍         | 1011/25324 [3:37:04 > 08:59]
SOAP:   4%|▍         | 1012/25324 [3:37:45 > 08:59]
SOAP:   4%|▍         | 1013/25324 [3:37:21 > 09:00]
SOAP:   4%|▍         | 1014/25324 [3:37:39 > 09:00]
SOAP:   4%|▍         | 1015/25324 [3:38:00 > 09:01]
SOAP:   4%|▍         | 1016/25324 [3:37:25 > 09:01]
SOAP:   4%|▍         | 1017/25324 [3:38:09 > 09:02]
SOAP:   4%|▍         | 1018/25324 [3:38:03 > 09:02]
SOAP:   4%|▍         | 1019/25324 [3:37:27 > 09:03]
SOAP:   4%|▍         | 1020/25324 [3:38:05 > 09:03]
SOAP:   4%|▍         | 1021/25324 [3:38:08 > 09:04]
SOAP:   4%|▍         | 1022/25324 [3:37:23 > 09:04]
SOAP:   4%|▍         | 1023/25324 [3:37:55 > 09:05]
SOAP:   4%|▍         | 1024/25324 [3:38:01 > 09:06]
SOAP:   4%|▍         | 1025/25324 [3:37:14 > 09:06]
SOAP:   4%|▍         | 1026/25324 [3:38:48 > 09:07]
SOAP:   4%|▍         | 1027/25324 [3:37:09 > 09:07]
SOAP:   4%|▍         | 1028/25324 [3:36:13 > 09:08]
SOAP:   4%|▍         | 1029/25324 [3:36:35 > 09:08]
SOAP:   4%|▍         | 1030/25324 [3:36:53 > 09:09]
SOAP:   4%|▍         | 1031/25324 [3:36:48 > 09:09]
SOAP:   4%|▍         | 1032/25324 [3:37:36 > 09:10]
SOAP:   4%|▍         | 1033/25324 [3:37:11 > 09:10]
SOAP:   4%|▍         | 1034/25324 [3:36:49 > 09:11]
SOAP:   4%|▍         | 1035/25324 [3:37:04 > 09:11]
SOAP:   4%|▍         | 1036/25324 [3:37:06 > 09:12]
SOAP:   4%|▍         | 1037/25324 [3:37:30 > 09:12]
SOAP:   4%|▍         | 1038/25324 [3:37:28 > 09:13]
SOAP:   4%|▍         | 1039/25324 [3:37:19 > 09:14]
SOAP:   4%|▍         | 1040/25324 [3:37:56 > 09:14]
SOAP:   4%|▍         | 1041/25324 [3:37:28 > 09:15]
SOAP:   4%|▍         | 1042/25324 [3:37:26 > 09:15]
SOAP:   4%|▍         | 1043/25324 [3:38:11 > 09:16]
SOAP:   4%|▍         | 1044/25324 [3:37:25 > 09:16]
SOAP:   4%|▍         | 1045/25324 [3:35:40 > 09:17]
SOAP:   4%|▍         | 1046/25324 [3:37:39 > 09:17]
SOAP:   4%|▍         | 1047/25324 [3:37:00 > 09:18]
SOAP:   4%|▍         | 1048/25324 [3:37:47 > 09:18]
SOAP:   4%|▍         | 1049/25324 [3:37:50 > 09:19]
SOAP:   4%|▍         | 1050/25324 [3:37:07 > 09:19]
SOAP:   4%|▍         | 1051/25324 [3:37:57 > 09:20]
SOAP:   4%|▍         | 1052/25324 [3:37:56 > 09:21]
SOAP:   4%|▍         | 1053/25324 [3:37:03 > 09:21]
SOAP:   4%|▍         | 1054/25324 [3:37:48 > 09:22]
SOAP:   4%|▍         | 1055/25324 [3:37:40 > 09:22]
SOAP:   4%|▍         | 1056/25324 [3:37:02 > 09:23]
SOAP:   4%|▍         | 1057/25324 [3:37:47 > 09:23]
SOAP:   4%|▍         | 1058/25324 [3:37:39 > 09:24]
SOAP:   4%|▍         | 1059/25324 [3:37:05 > 09:24]
SOAP:   4%|▍         | 1060/25324 [3:37:50 > 09:25]
SOAP:   4%|▍         | 1061/25324 [3:37:26 > 09:25]
SOAP:   4%|▍         | 1062/25324 [3:36:51 > 09:26]
SOAP:   4%|▍         | 1063/25324 [3:36:39 > 09:26]
SOAP:   4%|▍         | 1064/25324 [3:35:09 > 09:27]
SOAP:   4%|▍         | 1065/25324 [3:36:50 > 09:28]
SOAP:   4%|▍         | 1066/25324 [3:37:00 > 09:28]
SOAP:   4%|▍         | 1067/25324 [3:37:13 > 09:29]
SOAP:   4%|▍         | 1068/25324 [3:37:25 > 09:29]
SOAP:   4%|▍         | 1069/25324 [3:37:23 > 09:30]
SOAP:   4%|▍         | 1070/25324 [3:37:25 > 09:30]
SOAP:   4%|▍         | 1071/25324 [3:37:31 > 09:31]
SOAP:   4%|▍         | 1072/25324 [3:36:53 > 09:31]
SOAP:   4%|▍         | 1073/25324 [3:37:22 > 09:32]
SOAP:   4%|▍         | 1074/25324 [3:37:57 > 09:32]
SOAP:   4%|▍         | 1075/25324 [3:37:06 > 09:33]
SOAP:   4%|▍         | 1076/25324 [3:37:27 > 09:33]
SOAP:   4%|▍         | 1077/25324 [3:36:57 > 09:34]
SOAP:   4%|▍         | 1078/25324 [3:36:25 > 09:35]
SOAP:   4%|▍         | 1079/25324 [3:37:10 > 09:35]
SOAP:   4%|▍         | 1080/25324 [3:37:20 > 09:36]
SOAP:   4%|▍         | 1081/25324 [3:36:28 > 09:36]
SOAP:   4%|▍         | 1082/25324 [3:37:11 > 09:37]
SOAP:   4%|▍         | 1083/25324 [3:37:09 > 09:37]
SOAP:   4%|▍         | 1084/25324 [3:36:26 > 09:38]
SOAP:   4%|▍         | 1085/25324 [3:37:04 > 09:38]
SOAP:   4%|▍         | 1086/25324 [3:37:20 > 09:39]
SOAP:   4%|▍         | 1087/25324 [3:36:43 > 09:39]
SOAP:   4%|▍         | 1088/25324 [3:37:31 > 09:40]
SOAP:   4%|▍         | 1089/25324 [3:37:18 > 09:40]
SOAP:   4%|▍         | 1090/25324 [3:36:53 > 09:41]
SOAP:   4%|▍         | 1091/25324 [3:37:19 > 09:41]
SOAP:   4%|▍         | 1092/25324 [3:37:15 > 09:42]
SOAP:   4%|▍         | 1093/25324 [3:36:54 > 09:43]
SOAP:   4%|▍         | 1094/25324 [3:37:07 > 09:43]
SOAP:   4%|▍         | 1095/25324 [3:37:13 > 09:44]
SOAP:   4%|▍         | 1096/25324 [3:36:57 > 09:44]
SOAP:   4%|▍         | 1097/25324 [3:37:03 > 09:45]
SOAP:   4%|▍         | 1098/25324 [3:37:01 > 09:45]
SOAP:   4%|▍         | 1099/25324 [3:37:13 > 09:46]
SOAP:   4%|▍         | 1100/25324 [3:36:55 > 09:46]
SOAP:   4%|▍         | 1101/25324 [3:37:55 > 09:47]
SOAP:   4%|▍         | 1102/25324 [3:37:52 > 09:47]
SOAP:   4%|▍         | 1103/25324 [3:36:53 > 09:48]
SOAP:   4%|▍         | 1104/25324 [3:36:55 > 09:48]
SOAP:   4%|▍         | 1105/25324 [3:37:31 > 09:49]
SOAP:   4%|▍         | 1106/25324 [3:36:53 > 09:50]
SOAP:   4%|▍         | 1107/25324 [3:37:36 > 09:50]
SOAP:   4%|▍         | 1108/25324 [3:37:40 > 09:51]
SOAP:   4%|▍         | 1109/25324 [3:36:57 > 09:51]
SOAP:   4%|▍         | 1110/25324 [3:37:34 > 09:52]
SOAP:   4%|▍         | 1111/25324 [3:37:55 > 09:52]
SOAP:   4%|▍         | 1112/25324 [3:36:53 > 09:53]
SOAP:   4%|▍         | 1113/25324 [3:37:39 > 09:53]
SOAP:   4%|▍         | 1114/25324 [3:37:48 > 09:54]
SOAP:   4%|▍         | 1115/25324 [3:36:47 > 09:54]
SOAP:   4%|▍         | 1116/25324 [3:37:26 > 09:55]
SOAP:   4%|▍         | 1117/25324 [3:37:27 > 09:55]
SOAP:   4%|▍         | 1118/25324 [3:36:29 > 09:56]
SOAP:   4%|▍         | 1119/25324 [3:36:58 > 09:57]
SOAP:   4%|▍         | 1120/25324 [3:37:04 > 09:57]
SOAP:   4%|▍         | 1121/25324 [3:36:18 > 09:58]
SOAP:   4%|▍         | 1122/25324 [3:36:19 > 09:58]
SOAP:   4%|▍         | 1123/25324 [3:36:32 > 09:59]
SOAP:   4%|▍         | 1124/25324 [3:36:12 > 09:59]
SOAP:   4%|▍         | 1125/25324 [3:36:38 > 10:00]
SOAP:   4%|▍         | 1126/25324 [3:36:39 > 10:00]
SOAP:   4%|▍         | 1127/25324 [3:36:46 > 10:01]
SOAP:   4%|▍         | 1128/25324 [3:36:41 > 10:01]
SOAP:   4%|▍         | 1129/25324 [3:36:33 > 10:02]
SOAP:   4%|▍         | 1130/25324 [3:36:57 > 10:02]
SOAP:   4%|▍         | 1131/25324 [3:36:41 > 10:03]
SOAP:   4%|▍         | 1132/25324 [3:36:39 > 10:04]
SOAP:   4%|▍         | 1133/25324 [3:37:10 > 10:04]
SOAP:   4%|▍         | 1134/25324 [3:36:45 > 10:05]
SOAP:   4%|▍         | 1135/25324 [3:36:59 > 10:05]
SOAP:   4%|▍         | 1136/25324 [3:37:17 > 10:06]
SOAP:   4%|▍         | 1137/25324 [3:36:40 > 10:06]
SOAP:   4%|▍         | 1138/25324 [3:37:04 > 10:07]
SOAP:   4%|▍         | 1139/25324 [3:38:11 > 10:07]
SOAP:   5%|▍         | 1140/25324 [3:36:18 > 10:08]
SOAP:   5%|▍         | 1141/25324 [3:36:54 > 10:08]
SOAP:   5%|▍         | 1142/25324 [3:36:53 > 10:09]
SOAP:   5%|▍         | 1143/25324 [3:36:12 > 10:09]
SOAP:   5%|▍         | 1144/25324 [3:36:43 > 10:10]
SOAP:   5%|▍         | 1145/25324 [3:36:26 > 10:11]
SOAP:   5%|▍         | 1146/25324 [3:35:39 > 10:11]
SOAP:   5%|▍         | 1147/25324 [3:36:29 > 10:12]
SOAP:   5%|▍         | 1148/25324 [3:36:18 > 10:12]
SOAP:   5%|▍         | 1149/25324 [3:35:55 > 10:13]
SOAP:   5%|▍         | 1150/25324 [3:36:48 > 10:13]
SOAP:   5%|▍         | 1151/25324 [3:36:40 > 10:14]
SOAP:   5%|▍         | 1152/25324 [3:36:18 > 10:14]
SOAP:   5%|▍         | 1153/25324 [3:36:53 > 10:15]
SOAP:   5%|▍         | 1154/25324 [3:36:52 > 10:15]
SOAP:   5%|▍         | 1155/25324 [3:36:38 > 10:16]
SOAP:   5%|▍         | 1156/25324 [3:36:43 > 10:16]
SOAP:   5%|▍         | 1157/25324 [3:36:35 > 10:17]
SOAP:   5%|▍         | 1158/25324 [3:34:59 > 10:18]
SOAP:   5%|▍         | 1159/25324 [3:36:15 > 10:18]
SOAP:   5%|▍         | 1160/25324 [3:36:09 > 10:19]
SOAP:   5%|▍         | 1161/25324 [3:36:45 > 10:19]
SOAP:   5%|▍         | 1162/25324 [3:36:22 > 10:20]
SOAP:   5%|▍         | 1163/25324 [3:36:29 > 10:20]
SOAP:   5%|▍         | 1164/25324 [3:36:53 > 10:21]
SOAP:   5%|▍         | 1165/25324 [3:36:19 > 10:21]
SOAP:   5%|▍         | 1166/25324 [3:36:52 > 10:22]
SOAP:   5%|▍         | 1167/25324 [3:36:54 > 10:22]
SOAP:   5%|▍         | 1168/25324 [3:36:08 > 10:23]
SOAP:   5%|▍         | 1169/25324 [3:36:47 > 10:23]
SOAP:   5%|▍         | 1170/25324 [3:36:53 > 10:24]
SOAP:   5%|▍         | 1171/25324 [3:35:57 > 10:25]
SOAP:   5%|▍         | 1172/25324 [3:36:49 > 10:25]
SOAP:   5%|▍         | 1173/25324 [3:36:38 > 10:26]
SOAP:   5%|▍         | 1174/25324 [3:35:48 > 10:26]
SOAP:   5%|▍         | 1175/25324 [3:36:13 > 10:27]
SOAP:   5%|▍         | 1176/25324 [3:36:26 > 10:27]
SOAP:   5%|▍         | 1177/25324 [3:35:29 > 10:28]
SOAP:   5%|▍         | 1178/25324 [3:36:23 > 10:28]
SOAP:   5%|▍         | 1179/25324 [3:36:19 > 10:29]
SOAP:   5%|▍         | 1180/25324 [3:35:43 > 10:29]
SOAP:   5%|▍         | 1181/25324 [3:36:34 > 10:30]
SOAP:   5%|▍         | 1182/25324 [3:36:19 > 10:30]
SOAP:   5%|▍         | 1183/25324 [3:35:54 > 10:31]
SOAP:   5%|▍         | 1184/25324 [3:36:24 > 10:32]
SOAP:   5%|▍         | 1185/25324 [3:36:15 > 10:32]
SOAP:   5%|▍         | 1186/25324 [3:36:03 > 10:33]
SOAP:   5%|▍         | 1187/25324 [3:36:27 > 10:33]
SOAP:   5%|▍         | 1188/25324 [3:36:06 > 10:34]
SOAP:   5%|▍         | 1189/25324 [3:36:27 > 10:34]
SOAP:   5%|▍         | 1190/25324 [3:36:15 > 10:35]
SOAP:   5%|▍         | 1191/25324 [3:35:54 > 10:35]
SOAP:   5%|▍         | 1192/25324 [3:35:34 > 10:36]
SOAP:   5%|▍         | 1193/25324 [3:34:45 > 10:36]
SOAP:   5%|▍         | 1194/25324 [3:34:30 > 10:37]
SOAP:   5%|▍         | 1195/25324 [3:33:47 > 10:37]
SOAP:   5%|▍         | 1196/25324 [3:34:23 > 10:38]
SOAP:   5%|▍         | 1197/25324 [3:34:33 > 10:38]
SOAP:   5%|▍         | 1198/25324 [3:34:31 > 10:39]
SOAP:   5%|▍         | 1199/25324 [3:33:47 > 10:40]
SOAP:   5%|▍         | 1200/25324 [3:34:19 > 10:40]
SOAP:   5%|▍         | 1201/25324 [3:36:03 > 10:41]
SOAP:   5%|▍         | 1202/25324 [3:33:38 > 10:41]
SOAP:   5%|▍         | 1203/25324 [3:34:22 > 10:42]
SOAP:   5%|▍         | 1204/25324 [3:34:04 > 10:42]
SOAP:   5%|▍         | 1205/25324 [3:33:29 > 10:43]
SOAP:   5%|▍         | 1206/25324 [3:33:57 > 10:43]
SOAP:   5%|▍         | 1207/25324 [3:33:47 > 10:44]
SOAP:   5%|▍         | 1208/25324 [3:33:23 > 10:44]
SOAP:   5%|▍         | 1209/25324 [3:33:49 > 10:45]
SOAP:   5%|▍         | 1210/25324 [3:33:33 > 10:45]
SOAP:   5%|▍         | 1211/25324 [3:33:40 > 10:46]
SOAP:   5%|▍         | 1212/25324 [3:33:43 > 10:46]
SOAP:   5%|▍         | 1213/25324 [3:33:36 > 10:47]
SOAP:   5%|▍         | 1214/25324 [3:33:54 > 10:48]
SOAP:   5%|▍         | 1215/25324 [3:33:39 > 10:48]
SOAP:   5%|▍         | 1216/25324 [3:33:30 > 10:49]
SOAP:   5%|▍         | 1217/25324 [3:34:24 > 10:49]
SOAP:   5%|▍         | 1218/25324 [3:34:10 > 10:50]
SOAP:   5%|▍         | 1219/25324 [3:34:14 > 10:50]
SOAP:   5%|▍         | 1220/25324 [3:34:16 > 10:51]
SOAP:   5%|▍         | 1221/25324 [3:33:27 > 10:51]
SOAP:   5%|▍         | 1222/25324 [3:33:48 > 10:52]
SOAP:   5%|▍         | 1223/25324 [3:33:53 > 10:52]
SOAP:   5%|▍         | 1224/25324 [3:33:09 > 10:53]
SOAP:   5%|▍         | 1225/25324 [3:34:03 > 10:53]
SOAP:   5%|▍         | 1226/25324 [3:33:58 > 10:54]
SOAP:   5%|▍         | 1227/25324 [3:33:05 > 10:54]
SOAP:   5%|▍         | 1228/25324 [3:33:54 > 10:55]
SOAP:   5%|▍         | 1229/25324 [3:33:41 > 10:55]
SOAP:   5%|▍         | 1230/25324 [3:31:33 > 10:56]
SOAP:   5%|▍         | 1231/25324 [3:34:06 > 10:57]
SOAP:   5%|▍         | 1232/25324 [3:33:49 > 10:57]
SOAP:   5%|▍         | 1233/25324 [3:33:50 > 10:58]
SOAP:   5%|▍         | 1234/25324 [3:33:54 > 10:58]
SOAP:   5%|▍         | 1235/25324 [3:33:38 > 10:59]
SOAP:   5%|▍         | 1236/25324 [3:33:45 > 10:59]
SOAP:   5%|▍         | 1237/25324 [3:33:45 > 11:00]
SOAP:   5%|▍         | 1238/25324 [3:31:57 > 11:00]
SOAP:   5%|▍         | 1239/25324 [3:34:23 > 11:01]
SOAP:   5%|▍         | 1240/25324 [3:33:44 > 11:01]
SOAP:   5%|▍         | 1241/25324 [3:33:46 > 11:02]
SOAP:   5%|▍         | 1242/25324 [3:34:14 > 11:02]
SOAP:   5%|▍         | 1243/25324 [3:33:13 > 11:03]
SOAP:   5%|▍         | 1244/25324 [3:33:25 > 11:03]
SOAP:   5%|▍         | 1245/25324 [3:33:37 > 11:04]
SOAP:   5%|▍         | 1246/25324 [3:32:50 > 11:05]
SOAP:   5%|▍         | 1247/25324 [3:33:31 > 11:05]
SOAP:   5%|▍         | 1248/25324 [3:33:38 > 11:06]
SOAP:   5%|▍         | 1249/25324 [3:32:50 > 11:06]
SOAP:   5%|▍         | 1250/25324 [3:33:38 > 11:07]
SOAP:   5%|▍         | 1251/25324 [3:33:27 > 11:07]
SOAP:   5%|▍         | 1252/25324 [3:32:58 > 11:08]
SOAP:   5%|▍         | 1253/25324 [3:33:26 > 11:08]
SOAP:   5%|▍         | 1254/25324 [3:33:14 > 11:09]
SOAP:   5%|▍         | 1255/25324 [3:32:50 > 11:09]
SOAP:   5%|▍         | 1256/25324 [3:33:35 > 11:10]
SOAP:   5%|▍         | 1257/25324 [3:33:54 > 11:10]
SOAP:   5%|▍         | 1258/25324 [3:33:37 > 11:11]
SOAP:   5%|▍         | 1259/25324 [3:33:29 > 11:11]
SOAP:   5%|▍         | 1260/25324 [3:33:22 > 11:12]
SOAP:   5%|▍         | 1261/25324 [3:33:33 > 11:13]
SOAP:   5%|▍         | 1262/25324 [3:33:14 > 11:13]
SOAP:   5%|▍         | 1263/25324 [3:33:25 > 11:14]
SOAP:   5%|▍         | 1264/25324 [3:33:40 > 11:14]
SOAP:   5%|▍         | 1265/25324 [3:32:52 > 11:15]
SOAP:   5%|▍         | 1266/25324 [3:33:13 > 11:15]
SOAP:   5%|▌         | 1267/25324 [3:33:20 > 11:16]
SOAP:   5%|▌         | 1268/25324 [3:32:31 > 11:16]
SOAP:   5%|▌         | 1269/25324 [3:33:19 > 11:17]
SOAP:   5%|▌         | 1270/25324 [3:33:14 > 11:17]
SOAP:   5%|▌         | 1271/25324 [3:32:32 > 11:18]
SOAP:   5%|▌         | 1272/25324 [3:31:53 > 11:18]
SOAP:   5%|▌         | 1273/25324 [3:33:38 > 11:19]
SOAP:   5%|▌         | 1274/25324 [3:32:48 > 11:19]
SOAP:   5%|▌         | 1275/25324 [3:33:24 > 11:20]
SOAP:   5%|▌         | 1276/25324 [3:33:06 > 11:20]
SOAP:   5%|▌         | 1277/25324 [3:32:38 > 11:21]
SOAP:   5%|▌         | 1278/25324 [3:33:07 > 11:22]
SOAP:   5%|▌         | 1279/25324 [3:32:57 > 11:22]
SOAP:   5%|▌         | 1280/25324 [3:32:55 > 11:23]
SOAP:   5%|▌         | 1281/25324 [3:33:10 > 11:23]
SOAP:   5%|▌         | 1282/25324 [3:33:04 > 11:24]
SOAP:   5%|▌         | 1283/25324 [3:33:18 > 11:24]
SOAP:   5%|▌         | 1284/25324 [3:32:54 > 11:25]
SOAP:   5%|▌         | 1285/25324 [3:32:37 > 11:25]
SOAP:   5%|▌         | 1286/25324 [3:33:18 > 11:26]
SOAP:   5%|▌         | 1287/25324 [3:32:38 > 11:26]
SOAP:   5%|▌         | 1288/25324 [3:33:01 > 11:27]
SOAP:   5%|▌         | 1289/25324 [3:33:16 > 11:27]
SOAP:   5%|▌         | 1290/25324 [3:32:58 > 11:28]
SOAP:   5%|▌         | 1291/25324 [3:33:06 > 11:28]
SOAP:   5%|▌         | 1292/25324 [3:34:10 > 11:29]
SOAP:   5%|▌         | 1293/25324 [3:32:58 > 11:30]
SOAP:   5%|▌         | 1294/25324 [3:33:39 > 11:30]
SOAP:   5%|▌         | 1295/25324 [3:33:23 > 11:31]
SOAP:   5%|▌         | 1296/25324 [3:32:33 > 11:31]
SOAP:   5%|▌         | 1297/25324 [3:32:59 > 11:32]
SOAP:   5%|▌         | 1298/25324 [3:32:56 > 11:32]
SOAP:   5%|▌         | 1299/25324 [3:32:21 > 11:33]
SOAP:   5%|▌         | 1300/25324 [3:33:07 > 11:33]
SOAP:   5%|▌         | 1301/25324 [3:35:03 > 11:34]
SOAP:   5%|▌         | 1302/25324 [3:32:56 > 11:34]
SOAP:   5%|▌         | 1303/25324 [3:33:10 > 11:35]
SOAP:   5%|▌         | 1304/25324 [3:32:56 > 11:35]
SOAP:   5%|▌         | 1305/25324 [3:32:55 > 11:36]
SOAP:   5%|▌         | 1306/25324 [3:32:57 > 11:36]
SOAP:   5%|▌         | 1307/25324 [3:32:53 > 11:37]
SOAP:   5%|▌         | 1308/25324 [3:33:13 > 11:38]
SOAP:   5%|▌         | 1309/25324 [3:32:46 > 11:38]
SOAP:   5%|▌         | 1310/25324 [3:31:55 > 11:39]
SOAP:   5%|▌         | 1311/25324 [3:33:25 > 11:39]
SOAP:   5%|▌         | 1312/25324 [3:32:38 > 11:40]
SOAP:   5%|▌         | 1313/25324 [3:33:07 > 11:40]
SOAP:   5%|▌         | 1314/25324 [3:33:14 > 11:41]
SOAP:   5%|▌         | 1315/25324 [3:32:26 > 11:41]
SOAP:   5%|▌         | 1316/25324 [3:33:07 > 11:42]
SOAP:   5%|▌         | 1317/25324 [3:33:00 > 11:42]
SOAP:   5%|▌         | 1318/25324 [3:32:16 > 11:43]
SOAP:   5%|▌         | 1319/25324 [3:33:02 > 11:43]
SOAP:   5%|▌         | 1320/25324 [3:32:47 > 11:44]
SOAP:   5%|▌         | 1321/25324 [3:32:05 > 11:44]
SOAP:   5%|▌         | 1322/25324 [3:32:44 > 11:45]
SOAP:   5%|▌         | 1323/25324 [3:32:35 > 11:45]
SOAP:   5%|▌         | 1324/25324 [3:32:10 > 11:46]
SOAP:   5%|▌         | 1325/25324 [3:32:57 > 11:47]
SOAP:   5%|▌         | 1326/25324 [3:32:46 > 11:47]
SOAP:   5%|▌         | 1327/25324 [3:32:37 > 11:48]
SOAP:   5%|▌         | 1328/25324 [3:32:54 > 11:48]
SOAP:   5%|▌         | 1329/25324 [3:31:19 > 11:49]
SOAP:   5%|▌         | 1330/25324 [3:32:56 > 11:49]
SOAP:   5%|▌         | 1331/25324 [3:32:38 > 11:50]
SOAP:   5%|▌         | 1332/25324 [3:32:24 > 11:50]
SOAP:   5%|▌         | 1333/25324 [3:32:50 > 11:51]
SOAP:   5%|▌         | 1334/25324 [3:32:27 > 11:51]
SOAP:   5%|▌         | 1335/25324 [3:32:35 > 11:52]
SOAP:   5%|▌         | 1336/25324 [3:33:03 > 11:52]
SOAP:   5%|▌         | 1337/25324 [3:30:49 > 11:53]
SOAP:   5%|▌         | 1338/25324 [3:33:27 > 11:53]
SOAP:   5%|▌         | 1339/25324 [3:33:24 > 11:54]
SOAP:   5%|▌         | 1340/25324 [3:30:53 > 11:55]
SOAP:   5%|▌         | 1341/25324 [3:31:59 > 11:55]
SOAP:   5%|▌         | 1342/25324 [3:33:38 > 11:56]
SOAP:   5%|▌         | 1343/25324 [3:32:43 > 11:56]
SOAP:   5%|▌         | 1344/25324 [3:33:01 > 11:57]
SOAP:   5%|▌         | 1345/25324 [3:32:52 > 11:57]
SOAP:   5%|▌         | 1346/25324 [3:32:22 > 11:58]
SOAP:   5%|▌         | 1347/25324 [3:33:09 > 11:58]
SOAP:   5%|▌         | 1348/25324 [3:31:24 > 11:59]
SOAP:   5%|▌         | 1349/25324 [3:33:02 > 11:59]
SOAP:   5%|▌         | 1350/25324 [3:33:03 > 12:00]
SOAP:   5%|▌         | 1351/25324 [3:32:40 > 12:00]
SOAP:   5%|▌         | 1352/25324 [3:32:37 > 12:01]
SOAP:   5%|▌         | 1353/25324 [3:32:34 > 12:01]
SOAP:   5%|▌         | 1354/25324 [3:32:26 > 12:02]
SOAP:   5%|▌         | 1355/25324 [3:32:45 > 12:03]
SOAP:   5%|▌         | 1356/25324 [3:32:18 > 12:03]
SOAP:   5%|▌         | 1357/25324 [3:32:19 > 12:04]
SOAP:   5%|▌         | 1358/25324 [3:32:49 > 12:04]
SOAP:   5%|▌         | 1359/25324 [3:32:11 > 12:05]
SOAP:   5%|▌         | 1360/25324 [3:32:30 > 12:05]
SOAP:   5%|▌         | 1361/25324 [3:32:52 > 12:06]
SOAP:   5%|▌         | 1362/25324 [3:31:56 > 12:06]
SOAP:   5%|▌         | 1363/25324 [3:32:33 > 12:07]
SOAP:   5%|▌         | 1364/25324 [3:32:38 > 12:07]
SOAP:   5%|▌         | 1365/25324 [3:31:51 > 12:08]
SOAP:   5%|▌         | 1366/25324 [3:32:35 > 12:08]
SOAP:   5%|▌         | 1367/25324 [3:30:31 > 12:09]
SOAP:   5%|▌         | 1368/25324 [3:32:16 > 12:09]
SOAP:   5%|▌         | 1369/25324 [3:31:56 > 12:10]
SOAP:   5%|▌         | 1370/25324 [3:33:10 > 12:10]
SOAP:   5%|▌         | 1371/25324 [3:32:24 > 12:11]
SOAP:   5%|▌         | 1372/25324 [3:32:39 > 12:12]
SOAP:   5%|▌         | 1373/25324 [3:32:38 > 12:12]
SOAP:   5%|▌         | 1374/25324 [3:32:18 > 12:13]
SOAP:   5%|▌         | 1375/25324 [3:32:31 > 12:13]
SOAP:   5%|▌         | 1376/25324 [3:32:16 > 12:14]
SOAP:   5%|▌         | 1377/25324 [3:32:20 > 12:14]
SOAP:   5%|▌         | 1378/25324 [3:32:09 > 12:15]
SOAP:   5%|▌         | 1379/25324 [3:32:01 > 12:15]
SOAP:   5%|▌         | 1380/25324 [3:32:26 > 12:16]
SOAP:   5%|▌         | 1381/25324 [3:31:58 > 12:16]
SOAP:   5%|▌         | 1382/25324 [3:32:10 > 12:17]
SOAP:   5%|▌         | 1383/25324 [3:32:33 > 12:17]
SOAP:   5%|▌         | 1384/25324 [3:31:45 > 12:18]
SOAP:   5%|▌         | 1385/25324 [3:32:22 > 12:18]
SOAP:   5%|▌         | 1386/25324 [3:30:37 > 12:19]
SOAP:   5%|▌         | 1387/25324 [3:32:01 > 12:20]
SOAP:   5%|▌         | 1388/25324 [3:32:31 > 12:20]
SOAP:   5%|▌         | 1389/25324 [3:32:32 > 12:21]
SOAP:   5%|▌         | 1390/25324 [3:31:51 > 12:21]
SOAP:   5%|▌         | 1391/25324 [3:32:32 > 12:22]
SOAP:   5%|▌         | 1392/25324 [3:32:22 > 12:22]
SOAP:   6%|▌         | 1393/25324 [3:30:11 > 12:23]
SOAP:   6%|▌         | 1394/25324 [3:32:53 > 12:23]
SOAP:   6%|▌         | 1395/25324 [3:32:27 > 12:24]
SOAP:   6%|▌         | 1396/25324 [3:32:00 > 12:24]
SOAP:   6%|▌         | 1397/25324 [3:32:19 > 12:25]
SOAP:   6%|▌         | 1398/25324 [3:32:05 > 12:25]
SOAP:   6%|▌         | 1399/25324 [3:31:56 > 12:26]
SOAP:   6%|▌         | 1400/25324 [3:32:03 > 12:26]
SOAP:   6%|▌         | 1401/25324 [3:33:56 > 12:27]
SOAP:   6%|▌         | 1402/25324 [3:32:45 > 12:28]
SOAP:   6%|▌         | 1403/25324 [3:32:16 > 12:28]
SOAP:   6%|▌         | 1404/25324 [3:31:58 > 12:29]
SOAP:   6%|▌         | 1405/25324 [3:30:48 > 12:29]
SOAP:   6%|▌         | 1406/25324 [3:32:33 > 12:30]
SOAP:   6%|▌         | 1407/25324 [3:32:40 > 12:30]
SOAP:   6%|▌         | 1408/25324 [3:32:51 > 12:31]
SOAP:   6%|▌         | 1409/25324 [3:31:51 > 12:31]
SOAP:   6%|▌         | 1410/25324 [3:32:20 > 12:32]
SOAP:   6%|▌         | 1411/25324 [3:32:12 > 12:32]
SOAP:   6%|▌         | 1412/25324 [3:31:29 > 12:33]
SOAP:   6%|▌         | 1413/25324 [3:31:56 > 12:33]
SOAP:   6%|▌         | 1414/25324 [3:31:45 > 12:34]
SOAP:   6%|▌         | 1415/25324 [3:31:15 > 12:34]
SOAP:   6%|▌         | 1416/25324 [3:32:02 > 12:35]
SOAP:   6%|▌         | 1417/25324 [3:31:55 > 12:35]
SOAP:   6%|▌         | 1418/25324 [3:31:33 > 12:36]
SOAP:   6%|▌         | 1419/25324 [3:32:02 > 12:37]
SOAP:   6%|▌         | 1420/25324 [3:31:51 > 12:37]
SOAP:   6%|▌         | 1421/25324 [3:31:47 > 12:38]
SOAP:   6%|▌         | 1422/25324 [3:31:51 > 12:38]
SOAP:   6%|▌         | 1423/25324 [3:31:38 > 12:39]
SOAP:   6%|▌         | 1424/25324 [3:30:32 > 12:39]
SOAP:   6%|▌         | 1425/25324 [3:32:15 > 12:40]
SOAP:   6%|▌         | 1426/25324 [3:31:54 > 12:40]
SOAP:   6%|▌         | 1427/25324 [3:32:23 > 12:41]
SOAP:   6%|▌         | 1428/25324 [3:31:52 > 12:41]
SOAP:   6%|▌         | 1429/25324 [3:30:49 > 12:42]
SOAP:   6%|▌         | 1430/25324 [3:32:53 > 12:42]
SOAP:   6%|▌         | 1431/25324 [3:32:02 > 12:43]
SOAP:   6%|▌         | 1432/25324 [3:32:22 > 12:43]
SOAP:   6%|▌         | 1433/25324 [3:32:27 > 12:44]
SOAP:   6%|▌         | 1434/25324 [3:31:31 > 12:45]
SOAP:   6%|▌         | 1435/25324 [3:30:31 > 12:45]
SOAP:   6%|▌         | 1436/25324 [3:32:25 > 12:46]
SOAP:   6%|▌         | 1437/25324 [3:31:52 > 12:46]
SOAP:   6%|▌         | 1438/25324 [3:32:57 > 12:47]
SOAP:   6%|▌         | 1439/25324 [3:32:32 > 12:47]
SOAP:   6%|▌         | 1440/25324 [3:31:38 > 12:48]
SOAP:   6%|▌         | 1441/25324 [3:30:33 > 12:48]
SOAP:   6%|▌         | 1442/25324 [3:32:30 > 12:49]
SOAP:   6%|▌         | 1443/25324 [3:30:06 > 12:49]
SOAP:   6%|▌         | 1444/25324 [3:32:50 > 12:50]
SOAP:   6%|▌         | 1445/25324 [3:32:47 > 12:50]
SOAP:   6%|▌         | 1446/25324 [3:32:30 > 12:51]
SOAP:   6%|▌         | 1447/25324 [3:32:11 > 12:51]
SOAP:   6%|▌         | 1448/25324 [3:32:03 > 12:52]
SOAP:   6%|▌         | 1449/25324 [3:32:14 > 12:53]
SOAP:   6%|▌         | 1450/25324 [3:31:58 > 12:53]
SOAP:   6%|▌         | 1451/25324 [3:31:52 > 12:54]
SOAP:   6%|▌         | 1452/25324 [3:32:18 > 12:54]
SOAP:   6%|▌         | 1453/25324 [3:31:37 > 12:55]
SOAP:   6%|▌         | 1454/25324 [3:31:54 > 12:55]
SOAP:   6%|▌         | 1455/25324 [3:32:12 > 12:56]
SOAP:   6%|▌         | 1456/25324 [3:31:17 > 12:56]
SOAP:   6%|▌         | 1457/25324 [3:32:05 > 12:57]
SOAP:   6%|▌         | 1458/25324 [3:32:33 > 12:57]
SOAP:   6%|▌         | 1459/25324 [3:31:37 > 12:58]
SOAP:   6%|▌         | 1460/25324 [3:32:09 > 12:58]
SOAP:   6%|▌         | 1461/25324 [3:31:46 > 12:59]
SOAP:   6%|▌         | 1462/25324 [3:29:30 > 12:59]
SOAP:   6%|▌         | 1463/25324 [3:32:09 > 13:00]
SOAP:   6%|▌         | 1464/25324 [3:31:53 > 13:00]
SOAP:   6%|▌         | 1465/25324 [3:29:38 > 13:01]
SOAP:   6%|▌         | 1466/25324 [3:32:21 > 13:02]
SOAP:   6%|▌         | 1467/25324 [3:32:05 > 13:02]
SOAP:   6%|▌         | 1468/25324 [3:31:34 > 13:03]
SOAP:   6%|▌         | 1469/25324 [3:31:45 > 13:03]
SOAP:   6%|▌         | 1470/25324 [3:31:36 > 13:04]
SOAP:   6%|▌         | 1471/25324 [3:31:42 > 13:04]
SOAP:   6%|▌         | 1472/25324 [3:31:27 > 13:05]
SOAP:   6%|▌         | 1473/25324 [3:31:03 > 13:05]
SOAP:   6%|▌         | 1474/25324 [3:31:24 > 13:06]
SOAP:   6%|▌         | 1475/25324 [3:30:56 > 13:06]
SOAP:   6%|▌         | 1476/25324 [3:31:20 > 13:07]
SOAP:   6%|▌         | 1477/25324 [3:31:41 > 13:07]
SOAP:   6%|▌         | 1478/25324 [3:31:08 > 13:08]
SOAP:   6%|▌         | 1479/25324 [3:31:35 > 13:08]
SOAP:   6%|▌         | 1480/25324 [3:31:53 > 13:09]
SOAP:   6%|▌         | 1481/25324 [3:29:14 > 13:10]
SOAP:   6%|▌         | 1482/25324 [3:32:16 > 13:10]
SOAP:   6%|▌         | 1483/25324 [3:32:34 > 13:11]
SOAP:   6%|▌         | 1484/25324 [3:31:21 > 13:11]
SOAP:   6%|▌         | 1485/25324 [3:31:53 > 13:12]
SOAP:   6%|▌         | 1486/25324 [3:31:35 > 13:12]
SOAP:   6%|▌         | 1487/25324 [3:30:40 > 13:13]
SOAP:   6%|▌         | 1488/25324 [3:31:41 > 13:13]
SOAP:   6%|▌         | 1489/25324 [3:31:27 > 13:14]
SOAP:   6%|▌         | 1490/25324 [3:31:03 > 13:14]
SOAP:   6%|▌         | 1491/25324 [3:31:20 > 13:15]
SOAP:   6%|▌         | 1492/25324 [3:31:12 > 13:15]
SOAP:   6%|▌         | 1493/25324 [3:31:21 > 13:16]
SOAP:   6%|▌         | 1494/25324 [3:31:22 > 13:16]
SOAP:   6%|▌         | 1495/25324 [3:31:15 > 13:17]
SOAP:   6%|▌         | 1496/25324 [3:31:23 > 13:18]
SOAP:   6%|▌         | 1497/25324 [3:30:56 > 13:18]
SOAP:   6%|▌         | 1498/25324 [3:30:58 > 13:19]
SOAP:   6%|▌         | 1499/25324 [3:31:23 > 13:19]
SOAP:   6%|▌         | 1500/25324 [3:29:22 > 13:20]
SOAP:   6%|▌         | 1501/25324 [3:33:01 > 13:20]
SOAP:   6%|▌         | 1502/25324 [3:33:38 > 13:21]
SOAP:   6%|▌         | 1503/25324 [3:32:21 > 13:21]
SOAP:   6%|▌         | 1504/25324 [3:32:30 > 13:22]
SOAP:   6%|▌         | 1505/25324 [3:32:21 > 13:22]
SOAP:   6%|▌         | 1506/25324 [3:31:20 > 13:23]
SOAP:   6%|▌         | 1507/25324 [3:31:44 > 13:23]
SOAP:   6%|▌         | 1508/25324 [3:31:33 > 13:24]
SOAP:   6%|▌         | 1509/25324 [3:30:48 > 13:24]
SOAP:   6%|▌         | 1510/25324 [3:31:22 > 13:25]
SOAP:   6%|▌         | 1511/25324 [3:31:04 > 13:26]
SOAP:   6%|▌         | 1512/25324 [3:30:38 > 13:26]
SOAP:   6%|▌         | 1513/25324 [3:31:24 > 13:27]
SOAP:   6%|▌         | 1514/25324 [3:31:08 > 13:27]
SOAP:   6%|▌         | 1515/25324 [3:31:00 > 13:28]
SOAP:   6%|▌         | 1516/25324 [3:29:34 > 13:28]
SOAP:   6%|▌         | 1517/25324 [3:31:28 > 13:29]
SOAP:   6%|▌         | 1518/25324 [3:31:16 > 13:29]
SOAP:   6%|▌         | 1519/25324 [3:29:40 > 13:30]
SOAP:   6%|▌         | 1520/25324 [3:31:25 > 13:30]
SOAP:   6%|▌         | 1521/25324 [3:31:30 > 13:31]
SOAP:   6%|▌         | 1522/25324 [3:31:11 > 13:31]
SOAP:   6%|▌         | 1523/25324 [3:31:01 > 13:32]
SOAP:   6%|▌         | 1524/25324 [3:31:24 > 13:32]
SOAP:   6%|▌         | 1525/25324 [3:30:51 > 13:33]
SOAP:   6%|▌         | 1526/25324 [3:31:15 > 13:33]
SOAP:   6%|▌         | 1527/25324 [3:31:25 > 13:34]
SOAP:   6%|▌         | 1528/25324 [3:30:36 > 13:35]
SOAP:   6%|▌         | 1529/25324 [3:31:19 > 13:35]
SOAP:   6%|▌         | 1530/25324 [3:31:10 > 13:36]
SOAP:   6%|▌         | 1531/25324 [3:30:26 > 13:36]
SOAP:   6%|▌         | 1532/25324 [3:31:02 > 13:37]
SOAP:   6%|▌         | 1533/25324 [3:30:45 > 13:37]
SOAP:   6%|▌         | 1534/25324 [3:30:38 > 13:38]
SOAP:   6%|▌         | 1535/25324 [3:31:32 > 13:38]
SOAP:   6%|▌         | 1536/25324 [3:31:13 > 13:39]
SOAP:   6%|▌         | 1537/25324 [3:30:43 > 13:39]
SOAP:   6%|▌         | 1538/25324 [3:29:33 > 13:40]
SOAP:   6%|▌         | 1539/25324 [3:31:23 > 13:40]
SOAP:   6%|▌         | 1540/25324 [3:31:19 > 13:41]
SOAP:   6%|▌         | 1541/25324 [3:31:05 > 13:41]
SOAP:   6%|▌         | 1542/25324 [3:31:00 > 13:42]
SOAP:   6%|▌         | 1543/25324 [3:31:08 > 13:43]
SOAP:   6%|▌         | 1544/25324 [3:30:47 > 13:43]
SOAP:   6%|▌         | 1545/25324 [3:30:49 > 13:44]
SOAP:   6%|▌         | 1546/25324 [3:31:19 > 13:44]
SOAP:   6%|▌         | 1547/25324 [3:30:41 > 13:45]
SOAP:   6%|▌         | 1548/25324 [3:30:46 > 13:45]
SOAP:   6%|▌         | 1549/25324 [3:30:59 > 13:46]
SOAP:   6%|▌         | 1550/25324 [3:30:09 > 13:46]
SOAP:   6%|▌         | 1551/25324 [3:30:54 > 13:47]
SOAP:   6%|▌         | 1552/25324 [3:31:03 > 13:47]
SOAP:   6%|▌         | 1553/25324 [3:30:10 > 13:48]
SOAP:   6%|▌         | 1554/25324 [3:30:47 > 13:48]
SOAP:   6%|▌         | 1555/25324 [3:30:49 > 13:49]
SOAP:   6%|▌         | 1556/25324 [3:29:56 > 13:49]
SOAP:   6%|▌         | 1557/25324 [3:28:57 > 13:50]
SOAP:   6%|▌         | 1558/25324 [3:31:04 > 13:51]
SOAP:   6%|▌         | 1559/25324 [3:30:26 > 13:51]
SOAP:   6%|▌         | 1560/25324 [3:31:03 > 13:52]
SOAP:   6%|▌         | 1561/25324 [3:31:00 > 13:52]
SOAP:   6%|▌         | 1562/25324 [3:30:39 > 13:53]
SOAP:   6%|▌         | 1563/25324 [3:30:51 > 13:53]
SOAP:   6%|▌         | 1564/25324 [3:30:46 > 13:54]
SOAP:   6%|▌         | 1565/25324 [3:30:47 > 13:54]
SOAP:   6%|▌         | 1566/25324 [3:30:47 > 13:55]
SOAP:   6%|▌         | 1567/25324 [3:30:44 > 13:55]
SOAP:   6%|▌         | 1568/25324 [3:30:59 > 13:56]
SOAP:   6%|▌         | 1569/25324 [3:30:33 > 13:56]
SOAP:   6%|▌         | 1570/25324 [3:30:29 > 13:57]
SOAP:   6%|▌         | 1571/25324 [3:30:53 > 13:57]
SOAP:   6%|▌         | 1572/25324 [3:30:15 > 13:58]
SOAP:   6%|▌         | 1573/25324 [3:30:41 > 13:58]
SOAP:   6%|▌         | 1574/25324 [3:31:05 > 13:59]
SOAP:   6%|▌         | 1575/25324 [3:30:07 > 14:00]
SOAP:   6%|▌         | 1576/25324 [3:29:28 > 14:00]
SOAP:   6%|▌         | 1577/25324 [3:31:30 > 14:01]
SOAP:   6%|▌         | 1578/25324 [3:30:58 > 14:01]
SOAP:   6%|▌         | 1579/25324 [3:31:28 > 14:02]
SOAP:   6%|▌         | 1580/25324 [3:31:04 > 14:02]
SOAP:   6%|▌         | 1581/25324 [3:30:11 > 14:03]
SOAP:   6%|▌         | 1582/25324 [3:30:43 > 14:03]
SOAP:   6%|▋         | 1583/25324 [3:30:25 > 14:04]
SOAP:   6%|▋         | 1584/25324 [3:29:57 > 14:04]
SOAP:   6%|▋         | 1585/25324 [3:30:29 > 14:05]
SOAP:   6%|▋         | 1586/25324 [3:30:24 > 14:05]
SOAP:   6%|▋         | 1587/25324 [3:30:13 > 14:06]
SOAP:   6%|▋         | 1588/25324 [3:30:26 > 14:06]
SOAP:   6%|▋         | 1589/25324 [3:30:10 > 14:07]
SOAP:   6%|▋         | 1590/25324 [3:30:15 > 14:08]
SOAP:   6%|▋         | 1591/25324 [3:30:25 > 14:08]
SOAP:   6%|▋         | 1592/25324 [3:30:05 > 14:09]
SOAP:   6%|▋         | 1593/25324 [3:30:34 > 14:09]
SOAP:   6%|▋         | 1594/25324 [3:30:15 > 14:10]
SOAP:   6%|▋         | 1595/25324 [3:29:08 > 14:10]
SOAP:   6%|▋         | 1596/25324 [3:31:34 > 14:11]
SOAP:   6%|▋         | 1597/25324 [3:30:37 > 14:11]
SOAP:   6%|▋         | 1598/25324 [3:30:52 > 14:12]
SOAP:   6%|▋         | 1599/25324 [3:30:49 > 14:12]
SOAP:   6%|▋         | 1600/25324 [3:29:56 > 14:13]
SOAP:   6%|▋         | 1601/25324 [3:32:43 > 14:13]
SOAP:   6%|▋         | 1602/25324 [3:31:06 > 14:14]
SOAP:   6%|▋         | 1603/25324 [3:30:16 > 14:14]
SOAP:   6%|▋         | 1604/25324 [3:30:42 > 14:15]
SOAP:   6%|▋         | 1605/25324 [3:30:40 > 14:16]
SOAP:   6%|▋         | 1606/25324 [3:28:22 > 14:16]
SOAP:   6%|▋         | 1607/25324 [3:29:35 > 14:17]
SOAP:   6%|▋         | 1608/25324 [3:29:36 > 14:17]
SOAP:   6%|▋         | 1609/25324 [3:29:36 > 14:18]
SOAP:   6%|▋         | 1610/25324 [3:29:43 > 14:18]
SOAP:   6%|▋         | 1611/25324 [3:29:48 > 14:19]
SOAP:   6%|▋         | 1612/25324 [3:29:52 > 14:19]
SOAP:   6%|▋         | 1613/25324 [3:31:07 > 14:20]
SOAP:   6%|▋         | 1614/25324 [3:29:22 > 14:20]
SOAP:   6%|▋         | 1615/25324 [3:29:45 > 14:21]
SOAP:   6%|▋         | 1616/25324 [3:29:35 > 14:21]
SOAP:   6%|▋         | 1617/25324 [3:29:51 > 14:22]
SOAP:   6%|▋         | 1618/25324 [3:31:31 > 14:22]
SOAP:   6%|▋         | 1619/25324 [3:29:42 > 14:23]
SOAP:   6%|▋         | 1620/25324 [3:31:11 > 14:24]
SOAP:   6%|▋         | 1621/25324 [3:29:04 > 14:24]
SOAP:   6%|▋         | 1622/25324 [3:27:19 > 14:25]
SOAP:   6%|▋         | 1623/25324 [3:28:53 > 14:25]
SOAP:   6%|▋         | 1624/25324 [3:29:02 > 14:26]
SOAP:   6%|▋         | 1625/25324 [3:28:40 > 14:26]
SOAP:   6%|▋         | 1626/25324 [3:31:28 > 14:27]
SOAP:   6%|▋         | 1627/25324 [3:31:05 > 14:27]
SOAP:   6%|▋         | 1628/25324 [3:30:16 > 14:28]
SOAP:   6%|▋         | 1629/25324 [3:30:40 > 14:28]
SOAP:   6%|▋         | 1630/25324 [3:30:23 > 14:29]
SOAP:   6%|▋         | 1631/25324 [3:29:57 > 14:29]
SOAP:   6%|▋         | 1632/25324 [3:30:22 > 14:30]
SOAP:   6%|▋         | 1633/25324 [3:30:10 > 14:30]
SOAP:   6%|▋         | 1634/25324 [3:28:23 > 14:31]
SOAP:   6%|▋         | 1635/25324 [3:30:44 > 14:31]
SOAP:   6%|▋         | 1636/25324 [3:29:11 > 14:32]
SOAP:   6%|▋         | 1637/25324 [3:29:46 > 14:33]
SOAP:   6%|▋         | 1638/25324 [3:29:41 > 14:33]
SOAP:   6%|▋         | 1639/25324 [3:29:49 > 14:34]
SOAP:   6%|▋         | 1640/25324 [3:30:13 > 14:34]
SOAP:   6%|▋         | 1641/25324 [3:29:40 > 14:35]
SOAP:   6%|▋         | 1642/25324 [3:30:02 > 14:35]
SOAP:   6%|▋         | 1643/25324 [3:30:23 > 14:36]
SOAP:   6%|▋         | 1644/25324 [3:29:45 > 14:36]
SOAP:   6%|▋         | 1645/25324 [3:30:09 > 14:37]
SOAP:   6%|▋         | 1646/25324 [3:30:31 > 14:37]
SOAP:   7%|▋         | 1647/25324 [3:29:42 > 14:38]
SOAP:   7%|▋         | 1648/25324 [3:30:20 > 14:38]
SOAP:   7%|▋         | 1649/25324 [3:30:58 > 14:39]
SOAP:   7%|▋         | 1650/25324 [3:29:17 > 14:39]
SOAP:   7%|▋         | 1651/25324 [3:31:00 > 14:40]
SOAP:   7%|▋         | 1652/25324 [3:31:31 > 14:41]
SOAP:   7%|▋         | 1653/25324 [3:30:55 > 14:41]
SOAP:   7%|▋         | 1654/25324 [3:31:32 > 14:42]
SOAP:   7%|▋         | 1655/25324 [3:31:30 > 14:42]
SOAP:   7%|▋         | 1656/25324 [3:29:46 > 14:43]
SOAP:   7%|▋         | 1657/25324 [3:31:41 > 14:43]
SOAP:   7%|▋         | 1658/25324 [3:31:40 > 14:44]
SOAP:   7%|▋         | 1659/25324 [3:31:06 > 14:44]
SOAP:   7%|▋         | 1660/25324 [3:31:38 > 14:45]
SOAP:   7%|▋         | 1661/25324 [3:29:48 > 14:45]
SOAP:   7%|▋         | 1662/25324 [3:31:40 > 14:46]
SOAP:   7%|▋         | 1663/25324 [3:31:32 > 14:46]
SOAP:   7%|▋         | 1664/25324 [3:31:57 > 14:47]
SOAP:   7%|▋         | 1665/25324 [3:33:13 > 14:48]
SOAP:   7%|▋         | 1666/25324 [3:31:26 > 14:48]
SOAP:   7%|▋         | 1667/25324 [3:31:19 > 14:49]
SOAP:   7%|▋         | 1668/25324 [3:30:23 > 14:49]
SOAP:   7%|▋         | 1669/25324 [3:30:53 > 14:50]
SOAP:   7%|▋         | 1670/25324 [3:31:18 > 14:50]
SOAP:   7%|▋         | 1671/25324 [3:30:02 > 14:51]
SOAP:   7%|▋         | 1672/25324 [3:30:09 > 14:51]
SOAP:   7%|▋         | 1673/25324 [3:30:02 > 14:52]
SOAP:   7%|▋         | 1674/25324 [3:29:54 > 14:52]
SOAP:   7%|▋         | 1675/25324 [3:30:35 > 14:53]
SOAP:   7%|▋         | 1676/25324 [3:31:17 > 14:53]
SOAP:   7%|▋         | 1677/25324 [3:30:02 > 14:54]
SOAP:   7%|▋         | 1678/25324 [3:30:59 > 14:54]
SOAP:   7%|▋         | 1679/25324 [3:30:11 > 14:55]
SOAP:   7%|▋         | 1680/25324 [3:30:07 > 14:55]
SOAP:   7%|▋         | 1681/25324 [3:30:27 > 14:56]
SOAP:   7%|▋         | 1682/25324 [3:30:33 > 14:57]
SOAP:   7%|▋         | 1683/25324 [3:30:47 > 14:57]
SOAP:   7%|▋         | 1684/25324 [3:30:12 > 14:58]
SOAP:   7%|▋         | 1685/25324 [3:29:31 > 14:58]
SOAP:   7%|▋         | 1686/25324 [3:30:57 > 14:59]
SOAP:   7%|▋         | 1687/25324 [3:30:20 > 14:59]
SOAP:   7%|▋         | 1688/25324 [3:31:11 > 15:00]
SOAP:   7%|▋         | 1689/25324 [3:29:24 > 15:00]
SOAP:   7%|▋         | 1690/25324 [3:29:29 > 15:01]
SOAP:   7%|▋         | 1691/25324 [3:30:58 > 15:01]
SOAP:   7%|▋         | 1692/25324 [3:32:01 > 15:02]
SOAP:   7%|▋         | 1693/25324 [3:30:11 > 15:02]
SOAP:   7%|▋         | 1694/25324 [3:29:21 > 15:03]
SOAP:   7%|▋         | 1695/25324 [3:31:09 > 15:04]
SOAP:   7%|▋         | 1696/25324 [3:29:24 > 15:04]
SOAP:   7%|▋         | 1697/25324 [3:29:21 > 15:05]
SOAP:   7%|▋         | 1698/25324 [3:29:30 > 15:05]
SOAP:   7%|▋         | 1699/25324 [3:30:15 > 15:06]
SOAP:   7%|▋         | 1700/25324 [3:30:41 > 15:06]
SOAP:   7%|▋         | 1701/25324 [3:30:40 > 15:07]
SOAP:   7%|▋         | 1702/25324 [3:30:29 > 15:07]
SOAP:   7%|▋         | 1703/25324 [3:30:06 > 15:08]
SOAP:   7%|▋         | 1704/25324 [3:30:23 > 15:08]
SOAP:   7%|▋         | 1705/25324 [3:30:17 > 15:09]
SOAP:   7%|▋         | 1706/25324 [3:29:19 > 15:09]
SOAP:   7%|▋         | 1707/25324 [3:30:04 > 15:10]
SOAP:   7%|▋         | 1708/25324 [3:30:14 > 15:10]
SOAP:   7%|▋         | 1709/25324 [3:29:41 > 15:11]
SOAP:   7%|▋         | 1710/25324 [3:29:30 > 15:12]
SOAP:   7%|▋         | 1711/25324 [3:29:28 > 15:12]
SOAP:   7%|▋         | 1712/25324 [3:29:26 > 15:13]
SOAP:   7%|▋         | 1713/25324 [3:29:38 > 15:13]
SOAP:   7%|▋         | 1714/25324 [3:29:32 > 15:14]
SOAP:   7%|▋         | 1715/25324 [3:31:00 > 15:14]
SOAP:   7%|▋         | 1716/25324 [3:29:11 > 15:15]
SOAP:   7%|▋         | 1717/25324 [3:30:50 > 15:15]
SOAP:   7%|▋         | 1718/25324 [3:29:46 > 15:16]
SOAP:   7%|▋         | 1719/25324 [3:29:31 > 15:16]
SOAP:   7%|▋         | 1720/25324 [3:29:45 > 15:17]
SOAP:   7%|▋         | 1721/25324 [3:30:05 > 15:17]
SOAP:   7%|▋         | 1722/25324 [3:29:25 > 15:18]
SOAP:   7%|▋         | 1723/25324 [3:29:43 > 15:18]
SOAP:   7%|▋         | 1724/25324 [3:31:11 > 15:19]
SOAP:   7%|▋         | 1725/25324 [3:28:50 > 15:20]
SOAP:   7%|▋         | 1726/25324 [3:29:41 > 15:20]
SOAP:   7%|▋         | 1727/25324 [3:29:22 > 15:21]
SOAP:   7%|▋         | 1728/25324 [3:28:39 > 15:21]
SOAP:   7%|▋         | 1729/25324 [3:29:21 > 15:22]
SOAP:   7%|▋         | 1730/25324 [3:29:17 > 15:22]
SOAP:   7%|▋         | 1731/25324 [3:28:54 > 15:23]
SOAP:   7%|▋         | 1732/25324 [3:29:57 > 15:23]
SOAP:   7%|▋         | 1733/25324 [3:29:02 > 15:24]
SOAP:   7%|▋         | 1734/25324 [3:29:06 > 15:24]
SOAP:   7%|▋         | 1735/25324 [3:29:12 > 15:25]
SOAP:   7%|▋         | 1736/25324 [3:28:50 > 15:25]
SOAP:   7%|▋         | 1737/25324 [3:30:41 > 15:26]
SOAP:   7%|▋         | 1738/25324 [3:29:03 > 15:26]
SOAP:   7%|▋         | 1739/25324 [3:29:40 > 15:27]
SOAP:   7%|▋         | 1740/25324 [3:29:23 > 15:27]
SOAP:   7%|▋         | 1741/25324 [3:29:13 > 15:28]
SOAP:   7%|▋         | 1742/25324 [3:29:06 > 15:29]
SOAP:   7%|▋         | 1743/25324 [3:29:43 > 15:29]
SOAP:   7%|▋         | 1744/25324 [3:29:55 > 15:30]
SOAP:   7%|▋         | 1745/25324 [3:29:34 > 15:30]
SOAP:   7%|▋         | 1746/25324 [3:29:56 > 15:31]
SOAP:   7%|▋         | 1747/25324 [3:28:41 > 15:31]
SOAP:   7%|▋         | 1748/25324 [3:29:25 > 15:32]
SOAP:   7%|▋         | 1749/25324 [3:29:44 > 15:32]
SOAP:   7%|▋         | 1750/25324 [3:28:59 > 15:33]
SOAP:   7%|▋         | 1751/25324 [3:29:36 > 15:33]
SOAP:   7%|▋         | 1752/25324 [3:29:37 > 15:34]
SOAP:   7%|▋         | 1753/25324 [3:28:51 > 15:34]
SOAP:   7%|▋         | 1754/25324 [3:29:32 > 15:35]
SOAP:   7%|▋         | 1755/25324 [3:31:01 > 15:36]
SOAP:   7%|▋         | 1756/25324 [3:28:57 > 15:36]
SOAP:   7%|▋         | 1757/25324 [3:29:28 > 15:37]
SOAP:   7%|▋         | 1758/25324 [3:30:17 > 15:37]
SOAP:   7%|▋         | 1759/25324 [3:30:48 > 15:38]
SOAP:   7%|▋         | 1760/25324 [3:29:18 > 15:38]
SOAP:   7%|▋         | 1761/25324 [3:29:12 > 15:39]
SOAP:   7%|▋         | 1762/25324 [3:28:48 > 15:39]
SOAP:   7%|▋         | 1763/25324 [3:28:59 > 15:40]
SOAP:   7%|▋         | 1764/25324 [3:28:47 > 15:40]
SOAP:   7%|▋         | 1765/25324 [3:29:11 > 15:41]
SOAP:   7%|▋         | 1766/25324 [3:28:45 > 15:41]
SOAP:   7%|▋         | 1767/25324 [3:28:34 > 15:42]
SOAP:   7%|▋         | 1768/25324 [3:29:17 > 15:42]
SOAP:   7%|▋         | 1769/25324 [3:30:26 > 15:43]
SOAP:   7%|▋         | 1770/25324 [3:30:28 > 15:44]
SOAP:   7%|▋         | 1771/25324 [3:30:56 > 15:44]
SOAP:   7%|▋         | 1772/25324 [3:30:11 > 15:45]
SOAP:   7%|▋         | 1773/25324 [3:30:52 > 15:45]
SOAP:   7%|▋         | 1774/25324 [3:31:02 > 15:46]
SOAP:   7%|▋         | 1775/25324 [3:30:21 > 15:46]
SOAP:   7%|▋         | 1776/25324 [3:31:12 > 15:47]
SOAP:   7%|▋         | 1777/25324 [3:31:07 > 15:47]
SOAP:   7%|▋         | 1778/25324 [3:30:22 > 15:48]
SOAP:   7%|▋         | 1779/25324 [3:31:14 > 15:48]
SOAP:   7%|▋         | 1780/25324 [3:30:59 > 15:49]
SOAP:   7%|▋         | 1781/25324 [3:30:15 > 15:49]
SOAP:   7%|▋         | 1782/25324 [3:31:09 > 15:50]
SOAP:   7%|▋         | 1783/25324 [3:31:11 > 15:50]
SOAP:   7%|▋         | 1784/25324 [3:30:29 > 15:51]
SOAP:   7%|▋         | 1785/25324 [3:30:47 > 15:52]
SOAP:   7%|▋         | 1786/25324 [3:30:59 > 15:52]
SOAP:   7%|▋         | 1787/25324 [3:30:47 > 15:53]
SOAP:   7%|▋         | 1788/25324 [3:30:57 > 15:53]
SOAP:   7%|▋         | 1789/25324 [3:30:54 > 15:54]
SOAP:   7%|▋         | 1790/25324 [3:30:56 > 15:54]
SOAP:   7%|▋         | 1791/25324 [3:30:52 > 15:55]
SOAP:   7%|▋         | 1792/25324 [3:30:53 > 15:55]
SOAP:   7%|▋         | 1793/25324 [3:31:11 > 15:56]
SOAP:   7%|▋         | 1794/25324 [3:30:56 > 15:56]
SOAP:   7%|▋         | 1795/25324 [3:30:46 > 15:57]
SOAP:   7%|▋         | 1796/25324 [3:30:57 > 15:57]
SOAP:   7%|▋         | 1797/25324 [3:30:34 > 15:58]
SOAP:   7%|▋         | 1798/25324 [3:30:42 > 15:59]
SOAP:   7%|▋         | 1799/25324 [3:31:09 > 15:59]
SOAP:   7%|▋         | 1800/25324 [3:30:39 > 16:00]
SOAP:   7%|▋         | 1801/25324 [3:32:14 > 16:00]
SOAP:   7%|▋         | 1802/25324 [3:32:02 > 16:01]
SOAP:   7%|▋         | 1803/25324 [3:31:10 > 16:01]
SOAP:   7%|▋         | 1804/25324 [3:29:51 > 16:02]
SOAP:   7%|▋         | 1805/25324 [3:31:08 > 16:02]
SOAP:   7%|▋         | 1806/25324 [3:30:03 > 16:03]
SOAP:   7%|▋         | 1807/25324 [3:30:37 > 16:03]
SOAP:   7%|▋         | 1808/25324 [3:30:50 > 16:04]
SOAP:   7%|▋         | 1809/25324 [3:30:05 > 16:04]
SOAP:   7%|▋         | 1810/25324 [3:30:53 > 16:05]
SOAP:   7%|▋         | 1811/25324 [3:30:49 > 16:06]
SOAP:   7%|▋         | 1812/25324 [3:30:12 > 16:06]
SOAP:   7%|▋         | 1813/25324 [3:31:02 > 16:07]
SOAP:   7%|▋         | 1814/25324 [3:30:49 > 16:07]
SOAP:   7%|▋         | 1815/25324 [3:28:33 > 16:08]
SOAP:   7%|▋         | 1816/25324 [3:30:47 > 16:08]
SOAP:   7%|▋         | 1817/25324 [3:30:54 > 16:09]
SOAP:   7%|▋         | 1818/25324 [3:30:32 > 16:09]
SOAP:   7%|▋         | 1819/25324 [3:29:54 > 16:10]
SOAP:   7%|▋         | 1820/25324 [3:30:23 > 16:10]
SOAP:   7%|▋         | 1821/25324 [3:30:33 > 16:11]
SOAP:   7%|▋         | 1822/25324 [3:30:38 > 16:11]
SOAP:   7%|▋         | 1823/25324 [3:28:12 > 16:12]
SOAP:   7%|▋         | 1824/25324 [3:30:12 > 16:13]
SOAP:   7%|▋         | 1825/25324 [3:30:30 > 16:13]
SOAP:   7%|▋         | 1826/25324 [3:29:25 > 16:14]
SOAP:   7%|▋         | 1827/25324 [3:27:55 > 16:14]
SOAP:   7%|▋         | 1828/25324 [3:29:35 > 16:15]
SOAP:   7%|▋         | 1829/25324 [3:28:17 > 16:15]
SOAP:   7%|▋         | 1830/25324 [3:30:33 > 16:16]
SOAP:   7%|▋         | 1831/25324 [3:27:52 > 16:16]
SOAP:   7%|▋         | 1832/25324 [3:30:24 > 16:17]
SOAP:   7%|▋         | 1833/25324 [3:30:30 > 16:17]
SOAP:   7%|▋         | 1834/25324 [3:29:33 > 16:18]
SOAP:   7%|▋         | 1835/25324 [3:30:26 > 16:18]
SOAP:   7%|▋         | 1836/25324 [3:28:38 > 16:19]
SOAP:   7%|▋         | 1837/25324 [3:27:46 > 16:19]
SOAP:   7%|▋         | 1838/25324 [3:30:30 > 16:20]
SOAP:   7%|▋         | 1839/25324 [3:30:33 > 16:21]
SOAP:   7%|▋         | 1840/25324 [3:28:11 > 16:21]
SOAP:   7%|▋         | 1841/25324 [3:30:31 > 16:22]
SOAP:   7%|▋         | 1842/25324 [3:30:39 > 16:22]
SOAP:   7%|▋         | 1843/25324 [3:29:44 > 16:23]
SOAP:   7%|▋         | 1844/25324 [3:29:59 > 16:23]
SOAP:   7%|▋         | 1845/25324 [3:28:22 > 16:24]
SOAP:   7%|▋         | 1846/25324 [3:29:23 > 16:24]
SOAP:   7%|▋         | 1847/25324 [3:29:50 > 16:25]
SOAP:   7%|▋         | 1848/25324 [3:29:55 > 16:25]
SOAP:   7%|▋         | 1849/25324 [3:28:05 > 16:26]
SOAP:   7%|▋         | 1850/25324 [3:28:01 > 16:26]
SOAP:   7%|▋         | 1851/25324 [3:28:05 > 16:27]
SOAP:   7%|▋         | 1852/25324 [3:28:47 > 16:27]
SOAP:   7%|▋         | 1853/25324 [3:27:43 > 16:28]
SOAP:   7%|▋         | 1854/25324 [3:27:53 > 16:29]
SOAP:   7%|▋         | 1855/25324 [3:28:16 > 16:29]
SOAP:   7%|▋         | 1856/25324 [3:29:03 > 16:30]
SOAP:   7%|▋         | 1857/25324 [3:29:17 > 16:30]
SOAP:   7%|▋         | 1858/25324 [3:29:46 > 16:31]
SOAP:   7%|▋         | 1859/25324 [3:28:59 > 16:31]
SOAP:   7%|▋         | 1860/25324 [3:27:43 > 16:32]
SOAP:   7%|▋         | 1861/25324 [3:27:40 > 16:32]
SOAP:   7%|▋         | 1862/25324 [3:28:26 > 16:33]
SOAP:   7%|▋         | 1863/25324 [3:29:25 > 16:33]
SOAP:   7%|▋         | 1864/25324 [3:29:50 > 16:34]
SOAP:   7%|▋         | 1865/25324 [3:29:31 > 16:34]
SOAP:   7%|▋         | 1866/25324 [3:28:29 > 16:35]
SOAP:   7%|▋         | 1867/25324 [3:28:58 > 16:36]
SOAP:   7%|▋         | 1868/25324 [3:27:30 > 16:36]
SOAP:   7%|▋         | 1869/25324 [3:29:03 > 16:37]
SOAP:   7%|▋         | 1870/25324 [3:30:44 > 16:37]
SOAP:   7%|▋         | 1871/25324 [3:28:56 > 16:38]
SOAP:   7%|▋         | 1872/25324 [3:27:58 > 16:38]
SOAP:   7%|▋         | 1873/25324 [3:30:30 > 16:39]
SOAP:   7%|▋         | 1874/25324 [3:27:34 > 16:39]
SOAP:   7%|▋         | 1875/25324 [3:27:44 > 16:40]
SOAP:   7%|▋         | 1876/25324 [3:29:19 > 16:40]
SOAP:   7%|▋         | 1877/25324 [3:30:43 > 16:41]
SOAP:   7%|▋         | 1878/25324 [3:27:43 > 16:41]
SOAP:   7%|▋         | 1879/25324 [3:27:43 > 16:42]
SOAP:   7%|▋         | 1880/25324 [3:29:51 > 16:42]
SOAP:   7%|▋         | 1881/25324 [3:28:16 > 16:43]
SOAP:   7%|▋         | 1882/25324 [3:27:48 > 16:44]
SOAP:   7%|▋         | 1883/25324 [3:28:42 > 16:44]
SOAP:   7%|▋         | 1884/25324 [3:27:24 > 16:45]
SOAP:   7%|▋         | 1885/25324 [3:30:01 > 16:45]
SOAP:   7%|▋         | 1886/25324 [3:28:32 > 16:46]
SOAP:   7%|▋         | 1887/25324 [3:26:43 > 16:46]
SOAP:   7%|▋         | 1888/25324 [3:28:59 > 16:47]
SOAP:   7%|▋         | 1889/25324 [3:29:42 > 16:47]
SOAP:   7%|▋         | 1890/25324 [3:26:39 > 16:48]
SOAP:   7%|▋         | 1891/25324 [3:27:52 > 16:48]
SOAP:   7%|▋         | 1892/25324 [3:28:45 > 16:49]
SOAP:   7%|▋         | 1893/25324 [3:26:56 > 16:49]
SOAP:   7%|▋         | 1894/25324 [3:27:32 > 16:50]
SOAP:   7%|▋         | 1895/25324 [3:27:30 > 16:50]
SOAP:   7%|▋         | 1896/25324 [3:27:24 > 16:51]
SOAP:   7%|▋         | 1897/25324 [3:28:07 > 16:52]
SOAP:   7%|▋         | 1898/25324 [3:28:29 > 16:52]
SOAP:   7%|▋         | 1899/25324 [3:27:28 > 16:53]
SOAP:   8%|▊         | 1900/25324 [3:28:21 > 16:53]
SOAP:   8%|▊         | 1901/25324 [3:29:03 > 16:54]
SOAP:   8%|▊         | 1902/25324 [3:28:56 > 16:54]
SOAP:   8%|▊         | 1903/25324 [3:28:13 > 16:55]
SOAP:   8%|▊         | 1904/25324 [3:28:04 > 16:55]
SOAP:   8%|▊         | 1905/25324 [3:28:32 > 16:56]
SOAP:   8%|▊         | 1906/25324 [3:27:50 > 16:56]
SOAP:   8%|▊         | 1907/25324 [3:28:25 > 16:57]
SOAP:   8%|▊         | 1908/25324 [3:29:31 > 16:57]
SOAP:   8%|▊         | 1909/25324 [3:27:05 > 16:58]
SOAP:   8%|▊         | 1910/25324 [3:28:11 > 16:58]
SOAP:   8%|▊         | 1911/25324 [3:27:39 > 16:59]
SOAP:   8%|▊         | 1912/25324 [3:27:04 > 16:59]
SOAP:   8%|▊         | 1913/25324 [3:29:21 > 17:00]
SOAP:   8%|▊         | 1914/25324 [3:27:19 > 17:01]
SOAP:   8%|▊         | 1915/25324 [3:26:56 > 17:01]
SOAP:   8%|▊         | 1916/25324 [3:28:49 > 17:02]
SOAP:   8%|▊         | 1917/25324 [3:27:50 > 17:02]
SOAP:   8%|▊         | 1918/25324 [3:27:02 > 17:03]
SOAP:   8%|▊         | 1919/25324 [3:27:33 > 17:03]
SOAP:   8%|▊         | 1920/25324 [3:27:53 > 17:04]
SOAP:   8%|▊         | 1921/25324 [3:27:25 > 17:04]
SOAP:   8%|▊         | 1922/25324 [3:30:39 > 17:05]
SOAP:   8%|▊         | 1923/25324 [3:27:21 > 17:05]
SOAP:   8%|▊         | 1924/25324 [3:27:32 > 17:06]
SOAP:   8%|▊         | 1925/25324 [3:27:41 > 17:06]
SOAP:   8%|▊         | 1926/25324 [3:27:14 > 17:07]
SOAP:   8%|▊         | 1927/25324 [3:28:15 > 17:08]
SOAP:   8%|▊         | 1928/25324 [3:28:21 > 17:08]
SOAP:   8%|▊         | 1929/25324 [3:27:04 > 17:09]
SOAP:   8%|▊         | 1930/25324 [3:27:43 > 17:09]
SOAP:   8%|▊         | 1931/25324 [3:27:50 > 17:10]
SOAP:   8%|▊         | 1932/25324 [3:28:53 > 17:10]
SOAP:   8%|▊         | 1933/25324 [3:29:54 > 17:11]
SOAP:   8%|▊         | 1934/25324 [3:29:11 > 17:11]
SOAP:   8%|▊         | 1935/25324 [3:28:01 > 17:12]
SOAP:   8%|▊         | 1936/25324 [3:30:42 > 17:12]
SOAP:   8%|▊         | 1937/25324 [3:26:54 > 17:13]
SOAP:   8%|▊         | 1938/25324 [3:29:16 > 17:13]
SOAP:   8%|▊         | 1939/25324 [3:29:34 > 17:14]
SOAP:   8%|▊         | 1940/25324 [3:28:51 > 17:14]
SOAP:   8%|▊         | 1941/25324 [3:29:19 > 17:15]
SOAP:   8%|▊         | 1942/25324 [3:28:54 > 17:16]
SOAP:   8%|▊         | 1943/25324 [3:28:31 > 17:16]
SOAP:   8%|▊         | 1944/25324 [3:29:26 > 17:17]
SOAP:   8%|▊         | 1945/25324 [3:29:30 > 17:17]
SOAP:   8%|▊         | 1946/25324 [3:27:14 > 17:18]
SOAP:   8%|▊         | 1947/25324 [3:29:14 > 17:18]
SOAP:   8%|▊         | 1948/25324 [3:29:23 > 17:19]
SOAP:   8%|▊         | 1949/25324 [3:29:25 > 17:19]
SOAP:   8%|▊         | 1950/25324 [3:29:36 > 17:20]
SOAP:   8%|▊         | 1951/25324 [3:29:32 > 17:20]
SOAP:   8%|▊         | 1952/25324 [3:29:48 > 17:21]
SOAP:   8%|▊         | 1953/25324 [3:29:32 > 17:21]
SOAP:   8%|▊         | 1954/25324 [3:29:07 > 17:22]
SOAP:   8%|▊         | 1955/25324 [3:27:34 > 17:23]
SOAP:   8%|▊         | 1956/25324 [3:29:51 > 17:23]
SOAP:   8%|▊         | 1957/25324 [3:28:50 > 17:24]
SOAP:   8%|▊         | 1958/25324 [3:27:23 > 17:24]
SOAP:   8%|▊         | 1959/25324 [3:26:34 > 17:25]
SOAP:   8%|▊         | 1960/25324 [3:28:57 > 17:25]
SOAP:   8%|▊         | 1961/25324 [3:29:43 > 17:26]
SOAP:   8%|▊         | 1962/25324 [3:28:55 > 17:26]
SOAP:   8%|▊         | 1963/25324 [3:28:57 > 17:27]
SOAP:   8%|▊         | 1964/25324 [3:29:16 > 17:27]
SOAP:   8%|▊         | 1965/25324 [3:28:40 > 17:28]
SOAP:   8%|▊         | 1966/25324 [3:29:28 > 17:28]
SOAP:   8%|▊         | 1967/25324 [3:28:30 > 17:29]
SOAP:   8%|▊         | 1968/25324 [3:26:40 > 17:29]
SOAP:   8%|▊         | 1969/25324 [3:29:11 > 17:30]
SOAP:   8%|▊         | 1970/25324 [3:29:02 > 17:31]
SOAP:   8%|▊         | 1971/25324 [3:28:38 > 17:31]
SOAP:   8%|▊         | 1972/25324 [3:29:31 > 17:32]
SOAP:   8%|▊         | 1973/25324 [3:29:20 > 17:32]
SOAP:   8%|▊         | 1974/25324 [3:27:08 > 17:33]
SOAP:   8%|▊         | 1975/25324 [3:29:09 > 17:33]
SOAP:   8%|▊         | 1976/25324 [3:29:16 > 17:34]
SOAP:   8%|▊         | 1977/25324 [3:29:07 > 17:34]
SOAP:   8%|▊         | 1978/25324 [3:27:25 > 17:35]
SOAP:   8%|▊         | 1979/25324 [3:28:51 > 17:35]
SOAP:   8%|▊         | 1980/25324 [3:27:09 > 17:36]
SOAP:   8%|▊         | 1981/25324 [3:28:44 > 17:36]
SOAP:   8%|▊         | 1982/25324 [3:28:58 > 17:37]
SOAP:   8%|▊         | 1983/25324 [3:29:18 > 17:38]
SOAP:   8%|▊         | 1984/25324 [3:28:30 > 17:38]
SOAP:   8%|▊         | 1985/25324 [3:28:44 > 17:39]
SOAP:   8%|▊         | 1986/25324 [3:27:17 > 17:39]
SOAP:   8%|▊         | 1987/25324 [3:28:16 > 17:40]
SOAP:   8%|▊         | 1988/25324 [3:26:09 > 17:40]
SOAP:   8%|▊         | 1989/25324 [3:28:29 > 17:41]
SOAP:   8%|▊         | 1990/25324 [3:26:13 > 17:41]
SOAP:   8%|▊         | 1991/25324 [3:27:06 > 17:42]
SOAP:   8%|▊         | 1992/25324 [3:27:04 > 17:42]
SOAP:   8%|▊         | 1993/25324 [3:26:18 > 17:43]
SOAP:   8%|▊         | 1994/25324 [3:27:07 > 17:43]
SOAP:   8%|▊         | 1995/25324 [3:28:47 > 17:44]
SOAP:   8%|▊         | 1996/25324 [3:25:53 > 17:44]
SOAP:   8%|▊         | 1997/25324 [3:26:41 > 17:45]
SOAP:   8%|▊         | 1998/25324 [3:26:08 > 17:46]
SOAP:   8%|▊         | 1999/25324 [3:27:22 > 17:46]
SOAP:   8%|▊         | 2000/25324 [3:25:57 > 17:47]
SOAP:   8%|▊         | 2001/25324 [3:27:07 > 17:47]
SOAP:   8%|▊         | 2002/25324 [3:28:26 > 17:48]
SOAP:   8%|▊         | 2003/25324 [3:28:04 > 17:48]
SOAP:   8%|▊         | 2004/25324 [3:27:31 > 17:49]
SOAP:   8%|▊         | 2005/25324 [3:27:20 > 17:49]
SOAP:   8%|▊         | 2006/25324 [3:25:25 > 17:50]
SOAP:   8%|▊         | 2007/25324 [3:25:46 > 17:50]
SOAP:   8%|▊         | 2008/25324 [3:26:35 > 17:51]
SOAP:   8%|▊         | 2009/25324 [3:26:11 > 17:51]
SOAP:   8%|▊         | 2010/25324 [3:28:12 > 17:52]
SOAP:   8%|▊         | 2011/25324 [3:27:10 > 17:52]
SOAP:   8%|▊         | 2012/25324 [3:25:59 > 17:53]
SOAP:   8%|▊         | 2013/25324 [3:26:43 > 17:53]
SOAP:   8%|▊         | 2014/25324 [3:26:27 > 17:54]
SOAP:   8%|▊         | 2015/25324 [3:27:12 > 17:55]
SOAP:   8%|▊         | 2016/25324 [3:27:36 > 17:55]
SOAP:   8%|▊         | 2017/25324 [3:32:00 > 17:56]
SOAP:   8%|▊         | 2018/25324 [3:27:48 > 17:56]
SOAP:   8%|▊         | 2019/25324 [3:27:39 > 17:57]
SOAP:   8%|▊         | 2020/25324 [3:27:15 > 17:57]
SOAP:   8%|▊         | 2021/25324 [3:27:43 > 17:58]
SOAP:   8%|▊         | 2022/25324 [3:27:40 > 17:58]
SOAP:   8%|▊         | 2023/25324 [3:27:15 > 17:59]
SOAP:   8%|▊         | 2024/25324 [3:27:12 > 17:59]
SOAP:   8%|▊         | 2025/25324 [3:27:15 > 18:00]
SOAP:   8%|▊         | 2026/25324 [3:26:50 > 18:00]
SOAP:   8%|▊         | 2027/25324 [3:27:20 > 18:01]
SOAP:   8%|▊         | 2028/25324 [3:27:33 > 18:02]
SOAP:   8%|▊         | 2029/25324 [3:27:21 > 18:02]
SOAP:   8%|▊         | 2030/25324 [3:27:26 > 18:03]
SOAP:   8%|▊         | 2031/25324 [3:27:36 > 18:03]
SOAP:   8%|▊         | 2032/25324 [3:27:05 > 18:04]
SOAP:   8%|▊         | 2033/25324 [3:27:23 > 18:04]
SOAP:   8%|▊         | 2034/25324 [3:27:29 > 18:05]
SOAP:   8%|▊         | 2035/25324 [3:27:17 > 18:05]
SOAP:   8%|▊         | 2036/25324 [3:27:31 > 18:06]
SOAP:   8%|▊         | 2037/25324 [3:30:56 > 18:06]
SOAP:   8%|▊         | 2038/25324 [3:27:43 > 18:07]
SOAP:   8%|▊         | 2039/25324 [3:27:35 > 18:07]
SOAP:   8%|▊         | 2040/25324 [3:27:44 > 18:08]
SOAP:   8%|▊         | 2041/25324 [3:27:47 > 18:08]
SOAP:   8%|▊         | 2042/25324 [3:27:26 > 18:09]
SOAP:   8%|▊         | 2043/25324 [3:27:23 > 18:10]
SOAP:   8%|▊         | 2044/25324 [3:27:22 > 18:10]
SOAP:   8%|▊         | 2045/25324 [3:26:50 > 18:11]
SOAP:   8%|▊         | 2046/25324 [3:27:14 > 18:11]
SOAP:   8%|▊         | 2047/25324 [3:27:23 > 18:12]
SOAP:   8%|▊         | 2048/25324 [3:26:58 > 18:12]
SOAP:   8%|▊         | 2049/25324 [3:27:00 > 18:13]
SOAP:   8%|▊         | 2050/25324 [3:27:01 > 18:13]
SOAP:   8%|▊         | 2051/25324 [3:26:33 > 18:14]
SOAP:   8%|▊         | 2052/25324 [3:26:48 > 18:14]
SOAP:   8%|▊         | 2053/25324 [3:27:00 > 18:15]
SOAP:   8%|▊         | 2054/25324 [3:26:36 > 18:15]
SOAP:   8%|▊         | 2055/25324 [3:26:47 > 18:16]
SOAP:   8%|▊         | 2056/25324 [3:27:14 > 18:16]
SOAP:   8%|▊         | 2057/25324 [3:26:51 > 18:17]
SOAP:   8%|▊         | 2058/25324 [3:27:08 > 18:18]
SOAP:   8%|▊         | 2059/25324 [3:27:28 > 18:18]
SOAP:   8%|▊         | 2060/25324 [3:27:01 > 18:19]
SOAP:   8%|▊         | 2061/25324 [3:30:11 > 18:19]
SOAP:   8%|▊         | 2062/25324 [3:26:54 > 18:20]
SOAP:   8%|▊         | 2063/25324 [3:26:53 > 18:20]
SOAP:   8%|▊         | 2064/25324 [3:27:26 > 18:21]
SOAP:   8%|▊         | 2065/25324 [3:27:06 > 18:21]
SOAP:   8%|▊         | 2066/25324 [3:27:08 > 18:22]
SOAP:   8%|▊         | 2067/25324 [3:29:44 > 18:22]
SOAP:   8%|▊         | 2068/25324 [3:27:11 > 18:23]
SOAP:   8%|▊         | 2069/25324 [3:27:31 > 18:23]
SOAP:   8%|▊         | 2070/25324 [3:26:58 > 18:24]
SOAP:   8%|▊         | 2071/25324 [3:27:11 > 18:25]
SOAP:   8%|▊         | 2072/25324 [3:27:11 > 18:25]
SOAP:   8%|▊         | 2073/25324 [3:26:57 > 18:26]
SOAP:   8%|▊         | 2074/25324 [3:26:51 > 18:26]
SOAP:   8%|▊         | 2075/25324 [3:29:56 > 18:27]
SOAP:   8%|▊         | 2076/25324 [3:26:38 > 18:27]
SOAP:   8%|▊         | 2077/25324 [3:26:58 > 18:28]
SOAP:   8%|▊         | 2078/25324 [3:30:08 > 18:28]
SOAP:   8%|▊         | 2079/25324 [3:26:23 > 18:29]
SOAP:   8%|▊         | 2080/25324 [3:26:39 > 18:29]
SOAP:   8%|▊         | 2081/25324 [3:26:54 > 18:30]
SOAP:   8%|▊         | 2082/25324 [3:26:34 > 18:30]
SOAP:   8%|▊         | 2083/25324 [3:26:32 > 18:31]
SOAP:   8%|▊         | 2084/25324 [3:26:31 > 18:31]
SOAP:   8%|▊         | 2085/25324 [3:26:33 > 18:32]
SOAP:   8%|▊         | 2086/25324 [3:26:36 > 18:33]
SOAP:   8%|▊         | 2087/25324 [3:26:43 > 18:33]
SOAP:   8%|▊         | 2088/25324 [3:26:40 > 18:34]
SOAP:   8%|▊         | 2089/25324 [3:26:44 > 18:34]
SOAP:   8%|▊         | 2090/25324 [3:26:51 > 18:35]
SOAP:   8%|▊         | 2091/25324 [3:27:01 > 18:35]
SOAP:   8%|▊         | 2092/25324 [3:26:50 > 18:36]
SOAP:   8%|▊         | 2093/25324 [3:26:44 > 18:36]
SOAP:   8%|▊         | 2094/25324 [3:27:08 > 18:37]
SOAP:   8%|▊         | 2095/25324 [3:26:48 > 18:37]
SOAP:   8%|▊         | 2096/25324 [3:27:06 > 18:38]
SOAP:   8%|▊         | 2097/25324 [3:27:08 > 18:38]
SOAP:   8%|▊         | 2098/25324 [3:26:54 > 18:39]
SOAP:   8%|▊         | 2099/25324 [3:26:49 > 18:39]
SOAP:   8%|▊         | 2100/25324 [3:26:54 > 18:40]
SOAP:   8%|▊         | 2101/25324 [3:27:33 > 18:41]
SOAP:   8%|▊         | 2102/25324 [3:30:01 > 18:41]
SOAP:   8%|▊         | 2103/25324 [3:26:43 > 18:42]
SOAP:   8%|▊         | 2104/25324 [3:26:30 > 18:42]
SOAP:   8%|▊         | 2105/25324 [3:26:40 > 18:43]
SOAP:   8%|▊         | 2106/25324 [3:26:48 > 18:43]
SOAP:   8%|▊         | 2107/25324 [3:29:22 > 18:44]
SOAP:   8%|▊         | 2108/25324 [3:26:10 > 18:44]
SOAP:   8%|▊         | 2109/25324 [3:26:17 > 18:45]
SOAP:   8%|▊         | 2110/25324 [3:25:59 > 18:45]
SOAP:   8%|▊         | 2111/25324 [3:27:42 > 18:46]
SOAP:   8%|▊         | 2112/25324 [3:25:52 > 18:46]
SOAP:   8%|▊         | 2113/25324 [3:26:58 > 18:47]
SOAP:   8%|▊         | 2114/25324 [3:26:52 > 18:48]
SOAP:   8%|▊         | 2115/25324 [3:27:03 > 18:48]
SOAP:   8%|▊         | 2116/25324 [3:26:55 > 18:49]
SOAP:   8%|▊         | 2117/25324 [3:26:34 > 18:49]
SOAP:   8%|▊         | 2118/25324 [3:26:38 > 18:50]
SOAP:   8%|▊         | 2119/25324 [3:26:30 > 18:50]
SOAP:   8%|▊         | 2120/25324 [3:26:30 > 18:51]
SOAP:   8%|▊         | 2121/25324 [3:26:33 > 18:51]
SOAP:   8%|▊         | 2122/25324 [3:26:30 > 18:52]
SOAP:   8%|▊         | 2123/25324 [3:26:15 > 18:52]
SOAP:   8%|▊         | 2124/25324 [3:26:27 > 18:53]
SOAP:   8%|▊         | 2125/25324 [3:26:43 > 18:53]
SOAP:   8%|▊         | 2126/25324 [3:26:47 > 18:54]
SOAP:   8%|▊         | 2127/25324 [3:26:54 > 18:54]
SOAP:   8%|▊         | 2128/25324 [3:27:06 > 18:55]
SOAP:   8%|▊         | 2129/25324 [3:27:00 > 18:56]
SOAP:   8%|▊         | 2130/25324 [3:28:38 > 18:56]
SOAP:   8%|▊         | 2131/25324 [3:26:13 > 18:57]
SOAP:   8%|▊         | 2132/25324 [3:26:01 > 18:57]
SOAP:   8%|▊         | 2133/25324 [3:26:01 > 18:58]
SOAP:   8%|▊         | 2134/25324 [3:26:04 > 18:58]
SOAP:   8%|▊         | 2135/25324 [3:28:56 > 18:59]
SOAP:   8%|▊         | 2136/25324 [3:26:24 > 18:59]
SOAP:   8%|▊         | 2137/25324 [3:26:28 > 19:00]
SOAP:   8%|▊         | 2138/25324 [3:26:27 > 19:00]
SOAP:   8%|▊         | 2139/25324 [3:26:45 > 19:01]
SOAP:   8%|▊         | 2140/25324 [3:26:48 > 19:01]
SOAP:   8%|▊         | 2141/25324 [3:26:29 > 19:02]
SOAP:   8%|▊         | 2142/25324 [3:26:22 > 19:02]
SOAP:   8%|▊         | 2143/25324 [3:26:35 > 19:03]
SOAP:   8%|▊         | 2144/25324 [3:26:46 > 19:04]
SOAP:   8%|▊         | 2145/25324 [3:27:17 > 19:04]
SOAP:   8%|▊         | 2146/25324 [3:27:16 > 19:05]
SOAP:   8%|▊         | 2147/25324 [3:27:21 > 19:05]
SOAP:   8%|▊         | 2148/25324 [3:26:58 > 19:06]
SOAP:   8%|▊         | 2149/25324 [3:26:49 > 19:06]
SOAP:   8%|▊         | 2150/25324 [3:26:53 > 19:07]
SOAP:   8%|▊         | 2151/25324 [3:26:29 > 19:07]
SOAP:   8%|▊         | 2152/25324 [3:26:21 > 19:08]
SOAP:   9%|▊         | 2153/25324 [3:26:38 > 19:08]
SOAP:   9%|▊         | 2154/25324 [3:26:30 > 19:09]
SOAP:   9%|▊         | 2155/25324 [3:26:35 > 19:09]
SOAP:   9%|▊         | 2156/25324 [3:26:46 > 19:10]
SOAP:   9%|▊         | 2157/25324 [3:26:29 > 19:11]
SOAP:   9%|▊         | 2158/25324 [3:26:27 > 19:11]
SOAP:   9%|▊         | 2159/25324 [3:26:37 > 19:12]
SOAP:   9%|▊         | 2160/25324 [3:26:17 > 19:12]
SOAP:   9%|▊         | 2161/25324 [3:26:04 > 19:13]
SOAP:   9%|▊         | 2162/25324 [3:26:01 > 19:13]
SOAP:   9%|▊         | 2163/25324 [3:25:36 > 19:14]
SOAP:   9%|▊         | 2164/25324 [3:25:50 > 19:14]
SOAP:   9%|▊         | 2165/25324 [3:26:04 > 19:15]
SOAP:   9%|▊         | 2166/25324 [3:25:41 > 19:15]
SOAP:   9%|▊         | 2167/25324 [3:25:56 > 19:16]
SOAP:   9%|▊         | 2168/25324 [3:26:02 > 19:16]
SOAP:   9%|▊         | 2169/25324 [3:26:06 > 19:17]
SOAP:   9%|▊         | 2170/25324 [3:26:09 > 19:17]
SOAP:   9%|▊         | 2171/25324 [3:26:12 > 19:18]
SOAP:   9%|▊         | 2172/25324 [3:26:35 > 19:19]
SOAP:   9%|▊         | 2173/25324 [3:26:22 > 19:19]
SOAP:   9%|▊         | 2174/25324 [3:26:24 > 19:20]
SOAP:   9%|▊         | 2175/25324 [3:26:23 > 19:20]
SOAP:   9%|▊         | 2176/25324 [3:26:00 > 19:21]
SOAP:   9%|▊         | 2177/25324 [3:26:09 > 19:21]
SOAP:   9%|▊         | 2178/25324 [3:29:16 > 19:22]
SOAP:   9%|▊         | 2179/25324 [3:26:10 > 19:22]
SOAP:   9%|▊         | 2180/25324 [3:26:24 > 19:23]
SOAP:   9%|▊         | 2181/25324 [3:29:34 > 19:23]
SOAP:   9%|▊         | 2182/25324 [3:25:38 > 19:24]
SOAP:   9%|▊         | 2183/25324 [3:25:46 > 19:24]
SOAP:   9%|▊         | 2184/25324 [3:25:42 > 19:25]
SOAP:   9%|▊         | 2185/25324 [3:25:34 > 19:25]
SOAP:   9%|▊         | 2186/25324 [3:25:53 > 19:26]
SOAP:   9%|▊         | 2187/25324 [3:28:47 > 19:27]
SOAP:   9%|▊         | 2188/25324 [3:25:45 > 19:27]
SOAP:   9%|▊         | 2189/25324 [3:26:12 > 19:28]
SOAP:   9%|▊         | 2190/25324 [3:26:21 > 19:28]
SOAP:   9%|▊         | 2191/25324 [3:26:04 > 19:29]
SOAP:   9%|▊         | 2192/25324 [3:25:58 > 19:29]
SOAP:   9%|▊         | 2193/25324 [3:25:46 > 19:30]
SOAP:   9%|▊         | 2194/25324 [3:25:50 > 19:30]
SOAP:   9%|▊         | 2195/25324 [3:25:59 > 19:31]
SOAP:   9%|▊         | 2196/25324 [3:25:58 > 19:31]
SOAP:   9%|▊         | 2197/25324 [3:28:47 > 19:32]
SOAP:   9%|▊         | 2198/25324 [3:25:29 > 19:32]
SOAP:   9%|▊         | 2199/25324 [3:25:46 > 19:33]
SOAP:   9%|▊         | 2200/25324 [3:26:03 > 19:34]
SOAP:   9%|▊         | 2201/25324 [3:26:45 > 19:34]
SOAP:   9%|▊         | 2202/25324 [3:26:30 > 19:35]
SOAP:   9%|▊         | 2203/25324 [3:26:19 > 19:35]
SOAP:   9%|▊         | 2204/25324 [3:25:53 > 19:36]
SOAP:   9%|▊         | 2205/25324 [3:25:51 > 19:36]
SOAP:   9%|▊         | 2206/25324 [3:25:59 > 19:37]
SOAP:   9%|▊         | 2207/25324 [3:25:36 > 19:37]
SOAP:   9%|▊         | 2208/25324 [3:25:55 > 19:38]
SOAP:   9%|▊         | 2209/25324 [3:26:02 > 19:38]
SOAP:   9%|▊         | 2210/25324 [3:25:51 > 19:39]
SOAP:   9%|▊         | 2211/25324 [3:25:54 > 19:39]
SOAP:   9%|▊         | 2212/25324 [3:25:55 > 19:40]
SOAP:   9%|▊         | 2213/25324 [3:25:45 > 19:40]
SOAP:   9%|▊         | 2214/25324 [3:25:54 > 19:41]
SOAP:   9%|▊         | 2215/25324 [3:25:55 > 19:42]
SOAP:   9%|▉         | 2216/25324 [3:25:35 > 19:42]
SOAP:   9%|▉         | 2217/25324 [3:25:34 > 19:43]
SOAP:   9%|▉         | 2218/25324 [3:25:30 > 19:43]
SOAP:   9%|▉         | 2219/25324 [3:25:32 > 19:44]
SOAP:   9%|▉         | 2220/25324 [3:25:41 > 19:44]
SOAP:   9%|▉         | 2221/25324 [3:25:43 > 19:45]
SOAP:   9%|▉         | 2222/25324 [3:25:54 > 19:45]
SOAP:   9%|▉         | 2223/25324 [3:25:57 > 19:46]
SOAP:   9%|▉         | 2224/25324 [3:26:04 > 19:46]
SOAP:   9%|▉         | 2225/25324 [3:29:05 > 19:47]
SOAP:   9%|▉         | 2226/25324 [3:28:12 > 19:47]
SOAP:   9%|▉         | 2227/25324 [3:25:28 > 19:48]
SOAP:   9%|▉         | 2228/25324 [3:25:56 > 19:49]
SOAP:   9%|▉         | 2229/25324 [3:25:38 > 19:49]
SOAP:   9%|▉         | 2230/25324 [3:25:47 > 19:50]
SOAP:   9%|▉         | 2231/25324 [3:25:51 > 19:50]
SOAP:   9%|▉         | 2232/25324 [3:25:24 > 19:51]
SOAP:   9%|▉         | 2233/25324 [3:25:28 > 19:51]
SOAP:   9%|▉         | 2234/25324 [3:25:23 > 19:52]
SOAP:   9%|▉         | 2235/25324 [3:25:14 > 19:52]
SOAP:   9%|▉         | 2236/25324 [3:25:24 > 19:53]
SOAP:   9%|▉         | 2237/25324 [3:25:20 > 19:53]
SOAP:   9%|▉         | 2238/25324 [3:25:15 > 19:54]
SOAP:   9%|▉         | 2239/25324 [3:25:29 > 19:54]
SOAP:   9%|▉         | 2240/25324 [3:25:43 > 19:55]
SOAP:   9%|▉         | 2241/25324 [3:28:14 > 19:55]
SOAP:   9%|▉         | 2242/25324 [3:25:23 > 19:56]
SOAP:   9%|▉         | 2243/25324 [3:25:42 > 19:57]
SOAP:   9%|▉         | 2244/25324 [3:25:15 > 19:57]
SOAP:   9%|▉         | 2245/25324 [3:26:25 > 19:58]
SOAP:   9%|▉         | 2246/25324 [3:25:18 > 19:58]
SOAP:   9%|▉         | 2247/25324 [3:25:21 > 19:59]
SOAP:   9%|▉         | 2248/25324 [3:25:20 > 19:59]
SOAP:   9%|▉         | 2249/25324 [3:26:42 > 20:00]
SOAP:   9%|▉         | 2250/25324 [3:26:17 > 20:00]
SOAP:   9%|▉         | 2251/25324 [3:26:05 > 20:01]
SOAP:   9%|▉         | 2252/25324 [3:26:02 > 20:01]
SOAP:   9%|▉         | 2253/25324 [3:25:49 > 20:02]
SOAP:   9%|▉         | 2254/25324 [3:25:17 > 20:02]
SOAP:   9%|▉         | 2255/25324 [3:25:32 > 20:03]
SOAP:   9%|▉         | 2256/25324 [3:25:32 > 20:03]
SOAP:   9%|▉         | 2257/25324 [3:25:10 > 20:04]
SOAP:   9%|▉         | 2258/25324 [3:25:17 > 20:05]
SOAP:   9%|▉         | 2259/25324 [3:25:32 > 20:05]
SOAP:   9%|▉         | 2260/25324 [3:25:15 > 20:06]
SOAP:   9%|▉         | 2261/25324 [3:25:35 > 20:06]
SOAP:   9%|▉         | 2262/25324 [3:25:43 > 20:07]
SOAP:   9%|▉         | 2263/25324 [3:25:34 > 20:07]
SOAP:   9%|▉         | 2264/25324 [3:25:32 > 20:08]
SOAP:   9%|▉         | 2265/25324 [3:25:39 > 20:08]
SOAP:   9%|▉         | 2266/25324 [3:25:19 > 20:09]
SOAP:   9%|▉         | 2267/25324 [3:25:23 > 20:09]
SOAP:   9%|▉         | 2268/25324 [3:25:24 > 20:10]
SOAP:   9%|▉         | 2269/25324 [3:25:07 > 20:10]
SOAP:   9%|▉         | 2270/25324 [3:25:10 > 20:11]
SOAP:   9%|▉         | 2271/25324 [3:25:32 > 20:11]
SOAP:   9%|▉         | 2272/25324 [3:25:11 > 20:12]
SOAP:   9%|▉         | 2273/25324 [3:25:32 > 20:13]
SOAP:   9%|▉         | 2274/25324 [3:28:37 > 20:13]
SOAP:   9%|▉         | 2275/25324 [3:25:04 > 20:14]
SOAP:   9%|▉         | 2276/25324 [3:25:08 > 20:14]
SOAP:   9%|▉         | 2277/25324 [3:25:29 > 20:15]
SOAP:   9%|▉         | 2278/25324 [3:25:48 > 20:15]
SOAP:   9%|▉         | 2279/25324 [3:25:03 > 20:16]
SOAP:   9%|▉         | 2280/25324 [3:25:09 > 20:16]
SOAP:   9%|▉         | 2281/25324 [3:25:24 > 20:17]
SOAP:   9%|▉         | 2282/25324 [3:25:06 > 20:17]
SOAP:   9%|▉         | 2283/25324 [3:25:19 > 20:18]
SOAP:   9%|▉         | 2284/25324 [3:25:28 > 20:18]
SOAP:   9%|▉         | 2285/25324 [3:24:53 > 20:19]
SOAP:   9%|▉         | 2286/25324 [3:25:13 > 20:20]
SOAP:   9%|▉         | 2287/25324 [3:25:24 > 20:20]
SOAP:   9%|▉         | 2288/25324 [3:25:05 > 20:21]
SOAP:   9%|▉         | 2289/25324 [3:25:19 > 20:21]
SOAP:   9%|▉         | 2290/25324 [3:25:18 > 20:22]
SOAP:   9%|▉         | 2291/25324 [3:24:56 > 20:22]
SOAP:   9%|▉         | 2292/25324 [3:25:00 > 20:23]
SOAP:   9%|▉         | 2293/25324 [3:27:52 > 20:23]
SOAP:   9%|▉         | 2294/25324 [3:25:35 > 20:24]
SOAP:   9%|▉         | 2295/25324 [3:27:26 > 20:24]
SOAP:   9%|▉         | 2296/25324 [3:24:29 > 20:25]
SOAP:   9%|▉         | 2297/25324 [3:24:19 > 20:25]
SOAP:   9%|▉         | 2298/25324 [3:24:42 > 20:26]
SOAP:   9%|▉         | 2299/25324 [3:24:55 > 20:26]
SOAP:   9%|▉         | 2300/25324 [3:24:55 > 20:27]
SOAP:   9%|▉         | 2301/25324 [3:26:04 > 20:28]
SOAP:   9%|▉         | 2302/25324 [3:26:03 > 20:28]
SOAP:   9%|▉         | 2303/25324 [3:25:37 > 20:29]
SOAP:   9%|▉         | 2304/25324 [3:25:14 > 20:29]
SOAP:   9%|▉         | 2305/25324 [3:25:13 > 20:30]
SOAP:   9%|▉         | 2306/25324 [3:25:18 > 20:30]
SOAP:   9%|▉         | 2307/25324 [3:24:43 > 20:31]
SOAP:   9%|▉         | 2308/25324 [3:24:43 > 20:31]
SOAP:   9%|▉         | 2309/25324 [3:24:57 > 20:32]
SOAP:   9%|▉         | 2310/25324 [3:24:36 > 20:32]
SOAP:   9%|▉         | 2311/25324 [3:25:01 > 20:33]
SOAP:   9%|▉         | 2312/25324 [3:25:03 > 20:33]
SOAP:   9%|▉         | 2313/25324 [3:26:26 > 20:34]
SOAP:   9%|▉         | 2314/25324 [3:24:35 > 20:34]
SOAP:   9%|▉         | 2315/25324 [3:24:50 > 20:35]
SOAP:   9%|▉         | 2316/25324 [3:24:35 > 20:36]
SOAP:   9%|▉         | 2317/25324 [3:25:08 > 20:36]
SOAP:   9%|▉         | 2318/25324 [3:25:04 > 20:37]
SOAP:   9%|▉         | 2319/25324 [3:24:51 > 20:37]
SOAP:   9%|▉         | 2320/25324 [3:25:10 > 20:38]
SOAP:   9%|▉         | 2321/25324 [3:25:16 > 20:38]
SOAP:   9%|▉         | 2322/25324 [3:24:59 > 20:39]
SOAP:   9%|▉         | 2323/25324 [3:25:14 > 20:39]
SOAP:   9%|▉         | 2324/25324 [3:25:22 > 20:40]
SOAP:   9%|▉         | 2325/25324 [3:25:12 > 20:40]
SOAP:   9%|▉         | 2326/25324 [3:25:09 > 20:41]
SOAP:   9%|▉         | 2327/25324 [3:25:13 > 20:41]
SOAP:   9%|▉         | 2328/25324 [3:24:56 > 20:42]
SOAP:   9%|▉         | 2329/25324 [3:24:34 > 20:43]
SOAP:   9%|▉         | 2330/25324 [3:24:55 > 20:43]
SOAP:   9%|▉         | 2331/25324 [3:25:07 > 20:44]
SOAP:   9%|▉         | 2332/25324 [3:25:01 > 20:44]
SOAP:   9%|▉         | 2333/25324 [3:25:06 > 20:45]
SOAP:   9%|▉         | 2334/25324 [3:25:16 > 20:45]
SOAP:   9%|▉         | 2335/25324 [3:24:56 > 20:46]
SOAP:   9%|▉         | 2336/25324 [3:25:11 > 20:46]
SOAP:   9%|▉         | 2337/25324 [3:25:00 > 20:47]
SOAP:   9%|▉         | 2338/25324 [3:24:33 > 20:47]
SOAP:   9%|▉         | 2339/25324 [3:24:41 > 20:48]
SOAP:   9%|▉         | 2340/25324 [3:24:56 > 20:48]
SOAP:   9%|▉         | 2341/25324 [3:24:44 > 20:49]
SOAP:   9%|▉         | 2342/25324 [3:24:58 > 20:49]
SOAP:   9%|▉         | 2343/25324 [3:25:03 > 20:50]
SOAP:   9%|▉         | 2344/25324 [3:24:28 > 20:51]
SOAP:   9%|▉         | 2345/25324 [3:24:46 > 20:51]
SOAP:   9%|▉         | 2346/25324 [3:27:43 > 20:52]
SOAP:   9%|▉         | 2347/25324 [3:24:01 > 20:52]
SOAP:   9%|▉         | 2348/25324 [3:24:24 > 20:53]
SOAP:   9%|▉         | 2349/25324 [3:24:42 > 20:53]
SOAP:   9%|▉         | 2350/25324 [3:24:18 > 20:54]
SOAP:   9%|▉         | 2351/25324 [3:24:33 > 20:54]
SOAP:   9%|▉         | 2352/25324 [3:24:52 > 20:55]
SOAP:   9%|▉         | 2353/25324 [3:26:52 > 20:55]
SOAP:   9%|▉         | 2354/25324 [3:24:33 > 20:56]
SOAP:   9%|▉         | 2355/25324 [3:24:46 > 20:56]
SOAP:   9%|▉         | 2356/25324 [3:26:06 > 20:57]
SOAP:   9%|▉         | 2357/25324 [3:25:05 > 20:58]
SOAP:   9%|▉         | 2358/25324 [3:25:06 > 20:58]
SOAP:   9%|▉         | 2359/25324 [3:28:00 > 20:59]
SOAP:   9%|▉         | 2360/25324 [3:25:24 > 20:59]
SOAP:   9%|▉         | 2361/25324 [3:27:41 > 21:00]
SOAP:   9%|▉         | 2362/25324 [3:24:25 > 21:00]
SOAP:   9%|▉         | 2363/25324 [3:24:03 > 21:01]
SOAP:   9%|▉         | 2364/25324 [3:24:38 > 21:01]
SOAP:   9%|▉         | 2365/25324 [3:24:37 > 21:02]
SOAP:   9%|▉         | 2366/25324 [3:24:02 > 21:02]
SOAP:   9%|▉         | 2367/25324 [3:24:13 > 21:03]
SOAP:   9%|▉         | 2368/25324 [3:24:17 > 21:03]
SOAP:   9%|▉         | 2369/25324 [3:23:53 > 21:04]
SOAP:   9%|▉         | 2370/25324 [3:24:20 > 21:04]
SOAP:   9%|▉         | 2371/25324 [3:24:29 > 21:05]
SOAP:   9%|▉         | 2372/25324 [3:24:15 > 21:06]
SOAP:   9%|▉         | 2373/25324 [3:24:45 > 21:06]
SOAP:   9%|▉         | 2374/25324 [3:24:49 > 21:07]
SOAP:   9%|▉         | 2375/25324 [3:24:19 > 21:07]
SOAP:   9%|▉         | 2376/25324 [3:24:47 > 21:08]
SOAP:   9%|▉         | 2377/25324 [3:24:50 > 21:08]
SOAP:   9%|▉         | 2378/25324 [3:23:59 > 21:09]
SOAP:   9%|▉         | 2379/25324 [3:24:20 > 21:09]
SOAP:   9%|▉         | 2380/25324 [3:24:19 > 21:10]
SOAP:   9%|▉         | 2381/25324 [3:25:47 > 21:10]
SOAP:   9%|▉         | 2382/25324 [3:23:41 > 21:11]
SOAP:   9%|▉         | 2383/25324 [3:23:45 > 21:11]
SOAP:   9%|▉         | 2384/25324 [3:23:55 > 21:12]
SOAP:   9%|▉         | 2385/25324 [3:23:47 > 21:12]
SOAP:   9%|▉         | 2386/25324 [3:24:20 > 21:13]
SOAP:   9%|▉         | 2387/25324 [3:24:38 > 21:14]
SOAP:   9%|▉         | 2388/25324 [3:25:51 > 21:14]
SOAP:   9%|▉         | 2389/25324 [3:23:52 > 21:15]
SOAP:   9%|▉         | 2390/25324 [3:24:11 > 21:15]
SOAP:   9%|▉         | 2391/25324 [3:24:03 > 21:16]
SOAP:   9%|▉         | 2392/25324 [3:24:32 > 21:16]
SOAP:   9%|▉         | 2393/25324 [3:24:22 > 21:17]
SOAP:   9%|▉         | 2394/25324 [3:23:44 > 21:17]
SOAP:   9%|▉         | 2395/25324 [3:24:10 > 21:18]
SOAP:   9%|▉         | 2396/25324 [3:24:18 > 21:18]
SOAP:   9%|▉         | 2397/25324 [3:23:36 > 21:19]
SOAP:   9%|▉         | 2398/25324 [3:23:53 > 21:19]
SOAP:   9%|▉         | 2399/25324 [3:26:59 > 21:20]
SOAP:   9%|▉         | 2400/25324 [3:23:01 > 21:21]
SOAP:   9%|▉         | 2401/25324 [3:24:33 > 21:21]
SOAP:   9%|▉         | 2402/25324 [3:24:50 > 21:22]
SOAP:   9%|▉         | 2403/25324 [3:25:40 > 21:22]
SOAP:   9%|▉         | 2404/25324 [3:23:41 > 21:23]
SOAP:   9%|▉         | 2405/25324 [3:23:58 > 21:23]
SOAP:  10%|▉         | 2406/25324 [3:23:28 > 21:24]
SOAP:  10%|▉         | 2407/25324 [3:23:47 > 21:24]
SOAP:  10%|▉         | 2408/25324 [3:24:03 > 21:25]
SOAP:  10%|▉         | 2409/25324 [3:23:50 > 21:25]
SOAP:  10%|▉         | 2410/25324 [3:26:41 > 21:26]
SOAP:  10%|▉         | 2411/25324 [3:23:52 > 21:26]
SOAP:  10%|▉         | 2412/25324 [3:24:17 > 21:27]
SOAP:  10%|▉         | 2413/25324 [3:24:04 > 21:27]
SOAP:  10%|▉         | 2414/25324 [3:24:08 > 21:28]
SOAP:  10%|▉         | 2415/25324 [3:24:06 > 21:29]
SOAP:  10%|▉         | 2416/25324 [3:23:39 > 21:29]
SOAP:  10%|▉         | 2417/25324 [3:23:42 > 21:30]
SOAP:  10%|▉         | 2418/25324 [3:26:59 > 21:30]
SOAP:  10%|▉         | 2419/25324 [3:23:30 > 21:31]
SOAP:  10%|▉         | 2420/25324 [3:24:02 > 21:31]
SOAP:  10%|▉         | 2421/25324 [3:24:25 > 21:32]
SOAP:  10%|▉         | 2422/25324 [3:24:04 > 21:32]
SOAP:  10%|▉         | 2423/25324 [3:24:15 > 21:33]
SOAP:  10%|▉         | 2424/25324 [3:24:20 > 21:33]
SOAP:  10%|▉         | 2425/25324 [3:23:40 > 21:34]
SOAP:  10%|▉         | 2426/25324 [3:24:00 > 21:34]
SOAP:  10%|▉         | 2427/25324 [3:24:15 > 21:35]
SOAP:  10%|▉         | 2428/25324 [3:23:46 > 21:35]
SOAP:  10%|▉         | 2429/25324 [3:24:00 > 21:36]
SOAP:  10%|▉         | 2430/25324 [3:24:24 > 21:37]
SOAP:  10%|▉         | 2431/25324 [3:24:03 > 21:37]
SOAP:  10%|▉         | 2432/25324 [3:24:16 > 21:38]
SOAP:  10%|▉         | 2433/25324 [3:24:25 > 21:38]
SOAP:  10%|▉         | 2434/25324 [3:27:11 > 21:39]
SOAP:  10%|▉         | 2435/25324 [3:23:52 > 21:39]
SOAP:  10%|▉         | 2436/25324 [3:24:17 > 21:40]
SOAP:  10%|▉         | 2437/25324 [3:24:23 > 21:40]
SOAP:  10%|▉         | 2438/25324 [3:23:58 > 21:41]
SOAP:  10%|▉         | 2439/25324 [3:26:55 > 21:41]
SOAP:  10%|▉         | 2440/25324 [3:26:53 > 21:42]
SOAP:  10%|▉         | 2441/25324 [3:26:27 > 21:42]
SOAP:  10%|▉         | 2442/25324 [3:26:20 > 21:43]
SOAP:  10%|▉         | 2443/25324 [3:26:25 > 21:44]
SOAP:  10%|▉         | 2444/25324 [3:25:52 > 21:44]
SOAP:  10%|▉         | 2445/25324 [3:25:56 > 21:45]
SOAP:  10%|▉         | 2446/25324 [3:26:04 > 21:45]
SOAP:  10%|▉         | 2447/25324 [3:22:22 > 21:46]
SOAP:  10%|▉         | 2448/25324 [3:25:48 > 21:46]
SOAP:  10%|▉         | 2449/25324 [3:26:14 > 21:47]
SOAP:  10%|▉         | 2450/25324 [3:23:06 > 21:47]
SOAP:  10%|▉         | 2451/25324 [3:23:28 > 21:48]
SOAP:  10%|▉         | 2452/25324 [3:26:39 > 21:48]
SOAP:  10%|▉         | 2453/25324 [3:26:00 > 21:49]
SOAP:  10%|▉         | 2454/25324 [3:25:54 > 21:49]
SOAP:  10%|▉         | 2455/25324 [3:26:00 > 21:50]
SOAP:  10%|▉         | 2456/25324 [3:25:29 > 21:51]
SOAP:  10%|▉         | 2457/25324 [3:25:30 > 21:51]
SOAP:  10%|▉         | 2458/25324 [3:25:46 > 21:52]
SOAP:  10%|▉         | 2459/25324 [3:22:21 > 21:52]
SOAP:  10%|▉         | 2460/25324 [3:25:45 > 21:53]
SOAP:  10%|▉         | 2461/25324 [3:25:55 > 21:53]
SOAP:  10%|▉         | 2462/25324 [3:25:36 > 21:54]
SOAP:  10%|▉         | 2463/25324 [3:25:47 > 21:54]
SOAP:  10%|▉         | 2464/25324 [3:26:09 > 21:55]
SOAP:  10%|▉         | 2465/25324 [3:25:46 > 21:55]
SOAP:  10%|▉         | 2466/25324 [3:22:55 > 21:56]
SOAP:  10%|▉         | 2467/25324 [3:26:16 > 21:57]
SOAP:  10%|▉         | 2468/25324 [3:25:48 > 21:57]
SOAP:  10%|▉         | 2469/25324 [3:25:49 > 21:58]
SOAP:  10%|▉         | 2470/25324 [3:24:46 > 21:58]
SOAP:  10%|▉         | 2471/25324 [3:26:11 > 21:59]
SOAP:  10%|▉         | 2472/25324 [3:25:53 > 21:59]
SOAP:  10%|▉         | 2473/25324 [3:26:09 > 22:00]
SOAP:  10%|▉         | 2474/25324 [3:26:07 > 22:00]
SOAP:  10%|▉         | 2475/25324 [3:25:30 > 22:01]
SOAP:  10%|▉         | 2476/25324 [3:25:36 > 22:01]
SOAP:  10%|▉         | 2477/25324 [3:25:44 > 22:02]
SOAP:  10%|▉         | 2478/25324 [3:25:06 > 22:02]
SOAP:  10%|▉         | 2479/25324 [3:25:32 > 22:03]
SOAP:  10%|▉         | 2480/25324 [3:25:42 > 22:04]
SOAP:  10%|▉         | 2481/25324 [3:25:14 > 22:04]
SOAP:  10%|▉         | 2482/25324 [3:25:23 > 22:05]
SOAP:  10%|▉         | 2483/25324 [3:25:29 > 22:05]
SOAP:  10%|▉         | 2484/25324 [3:21:57 > 22:06]
SOAP:  10%|▉         | 2485/25324 [3:25:41 > 22:06]
SOAP:  10%|▉         | 2486/25324 [3:26:07 > 22:07]
SOAP:  10%|▉         | 2487/25324 [3:25:41 > 22:07]
SOAP:  10%|▉         | 2488/25324 [3:25:50 > 22:08]
SOAP:  10%|▉         | 2489/25324 [3:23:03 > 22:08]
SOAP:  10%|▉         | 2490/25324 [3:25:40 > 22:09]
SOAP:  10%|▉         | 2491/25324 [3:25:47 > 22:09]
SOAP:  10%|▉         | 2492/25324 [3:22:58 > 22:10]
SOAP:  10%|▉         | 2493/25324 [3:25:45 > 22:11]
SOAP:  10%|▉         | 2494/25324 [3:25:47 > 22:11]
SOAP:  10%|▉         | 2495/25324 [3:25:55 > 22:12]
SOAP:  10%|▉         | 2496/25324 [3:25:10 > 22:12]
SOAP:  10%|▉         | 2497/25324 [3:25:21 > 22:13]
SOAP:  10%|▉         | 2498/25324 [3:25:06 > 22:13]
SOAP:  10%|▉         | 2499/25324 [3:25:37 > 22:14]
SOAP:  10%|▉         | 2500/25324 [3:25:29 > 22:14]
SOAP:  10%|▉         | 2501/25324 [3:27:33 > 22:15]
SOAP:  10%|▉         | 2502/25324 [3:25:47 > 22:15]
SOAP:  10%|▉         | 2503/25324 [3:25:11 > 22:16]
SOAP:  10%|▉         | 2504/25324 [3:25:35 > 22:16]
SOAP:  10%|▉         | 2505/25324 [3:25:09 > 22:17]
SOAP:  10%|▉         | 2506/25324 [3:24:47 > 22:18]
SOAP:  10%|▉         | 2507/25324 [3:25:20 > 22:18]
SOAP:  10%|▉         | 2508/25324 [3:25:37 > 22:19]
SOAP:  10%|▉         | 2509/25324 [3:24:56 > 22:19]
SOAP:  10%|▉         | 2510/25324 [3:25:00 > 22:20]
SOAP:  10%|▉         | 2511/25324 [3:21:57 > 22:20]
SOAP:  10%|▉         | 2512/25324 [3:24:33 > 22:21]
SOAP:  10%|▉         | 2513/25324 [3:24:46 > 22:21]
SOAP:  10%|▉         | 2514/25324 [3:25:00 > 22:22]
SOAP:  10%|▉         | 2515/25324 [3:24:31 > 22:22]
SOAP:  10%|▉         | 2516/25324 [3:25:03 > 22:23]
SOAP:  10%|▉         | 2517/25324 [3:24:11 > 22:23]
SOAP:  10%|▉         | 2518/25324 [3:24:33 > 22:24]
SOAP:  10%|▉         | 2519/25324 [3:25:14 > 22:25]
SOAP:  10%|▉         | 2520/25324 [3:25:20 > 22:25]
SOAP:  10%|▉         | 2521/25324 [3:21:36 > 22:26]
SOAP:  10%|▉         | 2522/25324 [3:25:40 > 22:26]
SOAP:  10%|▉         | 2523/25324 [3:25:17 > 22:27]
SOAP:  10%|▉         | 2524/25324 [3:24:29 > 22:27]
SOAP:  10%|▉         | 2525/25324 [3:24:55 > 22:28]
SOAP:  10%|▉         | 2526/25324 [3:24:59 > 22:28]
SOAP:  10%|▉         | 2527/25324 [3:24:33 > 22:29]
SOAP:  10%|▉         | 2528/25324 [3:22:04 > 22:29]
SOAP:  10%|▉         | 2529/25324 [3:25:31 > 22:30]
SOAP:  10%|▉         | 2530/25324 [3:25:05 > 22:30]
SOAP:  10%|▉         | 2531/25324 [3:25:11 > 22:31]
SOAP:  10%|▉         | 2532/25324 [3:22:09 > 22:32]
SOAP:  10%|█         | 2533/25324 [3:24:54 > 22:32]
SOAP:  10%|█         | 2534/25324 [3:24:34 > 22:33]
SOAP:  10%|█         | 2535/25324 [3:25:09 > 22:33]
SOAP:  10%|█         | 2536/25324 [3:25:11 > 22:34]
SOAP:  10%|█         | 2537/25324 [3:21:59 > 22:34]
SOAP:  10%|█         | 2538/25324 [3:25:31 > 22:35]
SOAP:  10%|█         | 2539/25324 [3:25:10 > 22:35]
SOAP:  10%|█         | 2540/25324 [3:21:37 > 22:36]
SOAP:  10%|█         | 2541/25324 [3:22:19 > 22:36]
SOAP:  10%|█         | 2542/25324 [3:22:42 > 22:37]
SOAP:  10%|█         | 2543/25324 [3:25:03 > 22:37]
SOAP:  10%|█         | 2544/25324 [3:25:17 > 22:38]
SOAP:  10%|█         | 2545/25324 [3:24:43 > 22:39]
SOAP:  10%|█         | 2546/25324 [3:24:06 > 22:39]
SOAP:  10%|█         | 2547/25324 [3:24:30 > 22:40]
SOAP:  10%|█         | 2548/25324 [3:24:47 > 22:40]
SOAP:  10%|█         | 2549/25324 [3:24:14 > 22:41]
SOAP:  10%|█         | 2550/25324 [3:21:50 > 22:41]
SOAP:  10%|█         | 2551/25324 [3:25:15 > 22:42]
SOAP:  10%|█         | 2552/25324 [3:23:08 > 22:42]
SOAP:  10%|█         | 2553/25324 [3:25:19 > 22:43]
SOAP:  10%|█         | 2554/25324 [3:24:44 > 22:43]
SOAP:  10%|█         | 2555/25324 [3:25:19 > 22:44]
SOAP:  10%|█         | 2556/25324 [3:25:37 > 22:44]
SOAP:  10%|█         | 2557/25324 [3:25:49 > 22:45]
SOAP:  10%|█         | 2558/25324 [3:25:12 > 22:46]
SOAP:  10%|█         | 2559/25324 [3:25:04 > 22:46]
SOAP:  10%|█         | 2560/25324 [3:25:11 > 22:47]
SOAP:  10%|█         | 2561/25324 [3:23:06 > 22:47]
SOAP:  10%|█         | 2562/25324 [3:24:57 > 22:48]
SOAP:  10%|█         | 2563/25324 [3:25:06 > 22:48]
SOAP:  10%|█         | 2564/25324 [3:25:00 > 22:49]
SOAP:  10%|█         | 2565/25324 [3:24:32 > 22:49]
SOAP:  10%|█         | 2566/25324 [3:21:51 > 22:50]
SOAP:  10%|█         | 2567/25324 [3:21:55 > 22:50]
SOAP:  10%|█         | 2568/25324 [3:21:52 > 22:51]
SOAP:  10%|█         | 2569/25324 [3:24:59 > 22:51]
SOAP:  10%|█         | 2570/25324 [3:22:05 > 22:52]
SOAP:  10%|█         | 2571/25324 [3:24:45 > 22:53]
SOAP:  10%|█         | 2572/25324 [3:24:41 > 22:53]
SOAP:  10%|█         | 2573/25324 [3:25:04 > 22:54]
SOAP:  10%|█         | 2574/25324 [3:24:30 > 22:54]
SOAP:  10%|█         | 2575/25324 [3:21:27 > 22:55]
SOAP:  10%|█         | 2576/25324 [3:24:41 > 22:55]
SOAP:  10%|█         | 2577/25324 [3:23:53 > 22:56]
SOAP:  10%|█         | 2578/25324 [3:24:38 > 22:56]
SOAP:  10%|█         | 2579/25324 [3:24:38 > 22:57]
SOAP:  10%|█         | 2580/25324 [3:24:30 > 22:57]
SOAP:  10%|█         | 2581/25324 [3:24:36 > 22:58]
SOAP:  10%|█         | 2582/25324 [3:24:56 > 22:58]
SOAP:  10%|█         | 2583/25324 [3:24:27 > 22:59]
SOAP:  10%|█         | 2584/25324 [3:24:48 > 23:00]
SOAP:  10%|█         | 2585/25324 [3:25:06 > 23:00]
SOAP:  10%|█         | 2586/25324 [3:24:10 > 23:01]
SOAP:  10%|█         | 2587/25324 [3:24:18 > 23:01]
SOAP:  10%|█         | 2588/25324 [3:24:44 > 23:02]
SOAP:  10%|█         | 2589/25324 [3:23:59 > 23:02]
SOAP:  10%|█         | 2590/25324 [3:21:32 > 23:03]
SOAP:  10%|█         | 2591/25324 [3:24:56 > 23:03]
SOAP:  10%|█         | 2592/25324 [3:24:26 > 23:04]
SOAP:  10%|█         | 2593/25324 [3:24:32 > 23:04]
SOAP:  10%|█         | 2594/25324 [3:24:49 > 23:05]
SOAP:  10%|█         | 2595/25324 [3:24:30 > 23:05]
SOAP:  10%|█         | 2596/25324 [3:21:50 > 23:06]
SOAP:  10%|█         | 2597/25324 [3:25:18 > 23:07]
SOAP:  10%|█         | 2598/25324 [3:25:01 > 23:07]
SOAP:  10%|█         | 2599/25324 [3:25:45 > 23:08]
SOAP:  10%|█         | 2600/25324 [3:21:42 > 23:08]
SOAP:  10%|█         | 2601/25324 [3:26:41 > 23:09]
SOAP:  10%|█         | 2602/25324 [3:24:39 > 23:09]
SOAP:  10%|█         | 2603/25324 [3:21:49 > 23:10]
SOAP:  10%|█         | 2604/25324 [3:22:26 > 23:10]
SOAP:  10%|█         | 2605/25324 [3:21:57 > 23:11]
SOAP:  10%|█         | 2606/25324 [3:24:56 > 23:11]
SOAP:  10%|█         | 2607/25324 [3:25:06 > 23:12]
SOAP:  10%|█         | 2608/25324 [3:23:50 > 23:12]
SOAP:  10%|█         | 2609/25324 [3:23:52 > 23:13]
SOAP:  10%|█         | 2610/25324 [3:24:14 > 23:14]
SOAP:  10%|█         | 2611/25324 [3:23:28 > 23:14]
SOAP:  10%|█         | 2612/25324 [3:23:49 > 23:15]
SOAP:  10%|█         | 2613/25324 [3:21:15 > 23:15]
SOAP:  10%|█         | 2614/25324 [3:23:49 > 23:16]
SOAP:  10%|█         | 2615/25324 [3:24:23 > 23:16]
SOAP:  10%|█         | 2616/25324 [3:24:55 > 23:17]
SOAP:  10%|█         | 2617/25324 [3:20:48 > 23:17]
SOAP:  10%|█         | 2618/25324 [3:22:05 > 23:18]
SOAP:  10%|█         | 2619/25324 [3:24:44 > 23:18]
SOAP:  10%|█         | 2620/25324 [3:23:57 > 23:19]
SOAP:  10%|█         | 2621/25324 [3:23:55 > 23:19]
SOAP:  10%|█         | 2622/25324 [3:24:11 > 23:20]
SOAP:  10%|█         | 2623/25324 [3:23:29 > 23:21]
SOAP:  10%|█         | 2624/25324 [3:23:29 > 23:21]
SOAP:  10%|█         | 2625/25324 [3:23:55 > 23:22]
SOAP:  10%|█         | 2626/25324 [3:23:40 > 23:22]
SOAP:  10%|█         | 2627/25324 [3:23:38 > 23:23]
SOAP:  10%|█         | 2628/25324 [3:24:21 > 23:23]
SOAP:  10%|█         | 2629/25324 [3:24:02 > 23:24]
SOAP:  10%|█         | 2630/25324 [3:23:52 > 23:24]
SOAP:  10%|█         | 2631/25324 [3:23:57 > 23:25]
SOAP:  10%|█         | 2632/25324 [3:24:04 > 23:25]
SOAP:  10%|█         | 2633/25324 [3:23:42 > 23:26]
SOAP:  10%|█         | 2634/25324 [3:24:00 > 23:26]
SOAP:  10%|█         | 2635/25324 [3:21:11 > 23:27]
SOAP:  10%|█         | 2636/25324 [3:23:42 > 23:28]
SOAP:  10%|█         | 2637/25324 [3:24:14 > 23:28]
SOAP:  10%|█         | 2638/25324 [3:22:33 > 23:29]
SOAP:  10%|█         | 2639/25324 [3:24:22 > 23:29]
SOAP early stopping at step 2640/25324: total loss unchanged for 150 steps (best=1.146518e-02).

SOAP:  10%|█         | 2639/25324 [3:22:02 > 23:30]
Training saved: C:\Ali Computation\pinn\code\heterogeneous\pino_heterogeneous\results\exp_X4_soap_K100_N500_uniform_default_float64_s2234567\pino_heterogeneous_concentration.png C:\Ali Computation\pinn\code\heterogeneous\pino_heterogeneous\results\exp_X4_soap_K100_N500_uniform_default_float64_s2234567\pino_heterogeneous_loss.png C:\Ali Computation\pinn\code\heterogeneous\pino_heterogeneous\results\exp_X4_soap_K100_N500_uniform_default_float64_s2234567\pino_heterogeneous_model.pt
COMSOL validation: 81 media -> C:\Ali Computation\pinn\code\heterogeneous\pino_heterogeneous\results\exp_X4_soap_K100_N500_uniform_default_float64_s2234567\comsol_validation  (x* collocation n=86)

COMSOL vs PINO:   0%|          | 0/81 [00:00<?, ?it/s]
COMSOL vs PINO:   1%|          | 1/81 [00:01<01:20,  1.00s/it]
COMSOL vs PINO:   2%|▏         | 2/81 [00:01<01:18,  1.00it/s]
COMSOL vs PINO:   4%|▎         | 3/81 [00:03<01:18,  1.01s/it]
COMSOL vs PINO:   5%|▍         | 4/81 [00:04<01:17,  1.01s/it]
COMSOL vs PINO:   6%|▌         | 5/81 [00:05<01:24,  1.12s/it]
COMSOL vs PINO:   7%|▋         | 6/81 [00:06<01:21,  1.08s/it]
COMSOL vs PINO:   9%|▊         | 7/81 [00:07<01:18,  1.06s/it]
COMSOL vs PINO:  10%|▉         | 8/81 [00:08<01:17,  1.06s/it]
COMSOL vs PINO:  11%|█         | 9/81 [00:09<01:15,  1.05s/it]
COMSOL vs PINO:  12%|█▏        | 10/81 [00:10<01:14,  1.05s/it]
COMSOL vs PINO:  14%|█▎        | 11/81 [00:11<01:12,  1.04s/it]
COMSOL vs PINO:  15%|█▍        | 12/81 [00:12<01:11,  1.03s/it]
COMSOL vs PINO:  16%|█▌        | 13/81 [00:13<01:10,  1.04s/it]
COMSOL vs PINO:  17%|█▋        | 14/81 [00:14<01:09,  1.03s/it]
COMSOL vs PINO:  19%|█▊        | 15/81 [00:15<01:07,  1.03s/it]
COMSOL vs PINO:  20%|█▉        | 16/81 [00:16<01:06,  1.03s/it]
COMSOL vs PINO:  21%|██        | 17/81 [00:17<01:05,  1.03s/it]
COMSOL vs PINO:  22%|██▏       | 18/81 [00:18<01:05,  1.03s/it]
COMSOL vs PINO:  23%|██▎       | 19/81 [00:20<01:10,  1.14s/it]
COMSOL vs PINO:  25%|██▍       | 20/81 [00:21<01:07,  1.10s/it]
COMSOL vs PINO:  26%|██▌       | 21/81 [00:22<01:05,  1.08s/it]
COMSOL vs PINO:  27%|██▋       | 22/81 [00:23<01:03,  1.07s/it]
COMSOL vs PINO:  28%|██▊       | 23/81 [00:24<01:01,  1.05s/it]
COMSOL vs PINO:  30%|██▉       | 24/81 [00:25<00:59,  1.04s/it]
COMSOL vs PINO:  31%|███       | 25/81 [00:26<00:58,  1.04s/it]
COMSOL vs PINO:  32%|███▏      | 26/81 [00:27<00:57,  1.04s/it]
COMSOL vs PINO:  33%|███▎      | 27/81 [00:28<00:56,  1.04s/it]
COMSOL vs PINO:  35%|███▍      | 28/81 [00:29<00:55,  1.04s/it]
COMSOL vs PINO:  36%|███▌      | 29/81 [00:30<00:54,  1.05s/it]
COMSOL vs PINO:  37%|███▋      | 30/81 [00:31<00:53,  1.04s/it]
COMSOL vs PINO:  38%|███▊      | 31/81 [00:32<00:51,  1.04s/it]
COMSOL vs PINO:  40%|███▉      | 32/81 [00:33<00:50,  1.04s/it]
COMSOL vs PINO:  41%|████      | 33/81 [00:34<00:49,  1.04s/it]
COMSOL vs PINO:  42%|████▏     | 34/81 [00:36<00:54,  1.15s/it]
COMSOL vs PINO:  43%|████▎     | 35/81 [00:37<00:51,  1.11s/it]
COMSOL vs PINO:  44%|████▍     | 36/81 [00:38<00:48,  1.09s/it]
COMSOL vs PINO:  46%|████▌     | 37/81 [00:39<00:47,  1.08s/it]
COMSOL vs PINO:  47%|████▋     | 38/81 [00:40<00:45,  1.06s/it]
COMSOL vs PINO:  48%|████▊     | 39/81 [00:41<00:43,  1.05s/it]
COMSOL vs PINO:  49%|████▉     | 40/81 [00:42<00:42,  1.04s/it]
COMSOL vs PINO:  51%|█████     | 41/81 [00:43<00:41,  1.03s/it]
COMSOL vs PINO:  52%|█████▏    | 42/81 [00:44<00:39,  1.02s/it]
COMSOL vs PINO:  53%|█████▎    | 43/81 [00:45<00:39,  1.03s/it]
COMSOL vs PINO:  54%|█████▍    | 44/81 [00:46<00:38,  1.03s/it]
COMSOL vs PINO:  56%|█████▌    | 45/81 [00:47<00:37,  1.03s/it]
COMSOL vs PINO:  57%|█████▋    | 46/81 [00:48<00:36,  1.04s/it]
COMSOL vs PINO:  58%|█████▊    | 47/81 [00:49<00:35,  1.05s/it]
COMSOL vs PINO:  59%|█████▉    | 48/81 [00:50<00:34,  1.05s/it]
COMSOL vs PINO:  60%|██████    | 49/81 [00:51<00:36,  1.15s/it]
COMSOL vs PINO:  62%|██████▏   | 50/81 [00:52<00:35,  1.14s/it]
COMSOL vs PINO:  63%|██████▎   | 51/81 [00:53<00:33,  1.10s/it]
COMSOL vs PINO:  64%|██████▍   | 52/81 [00:55<00:31,  1.10s/it]
COMSOL vs PINO:  65%|██████▌   | 53/81 [00:56<00:30,  1.09s/it]
COMSOL vs PINO:  67%|██████▋   | 54/81 [00:57<00:28,  1.07s/it]
COMSOL vs PINO:  68%|██████▊   | 55/81 [00:58<00:27,  1.06s/it]
COMSOL vs PINO:  69%|██████▉   | 56/81 [00:59<00:26,  1.05s/it]
COMSOL vs PINO:  70%|███████   | 57/81 [01:00<00:25,  1.05s/it]
COMSOL vs PINO:  72%|███████▏  | 58/81 [01:01<00:23,  1.04s/it]
COMSOL vs PINO:  73%|███████▎  | 59/81 [01:02<00:23,  1.06s/it]
COMSOL vs PINO:  74%|███████▍  | 60/81 [01:03<00:22,  1.06s/it]
COMSOL vs PINO:  75%|███████▌  | 61/81 [01:04<00:21,  1.05s/it]
COMSOL vs PINO:  77%|███████▋  | 62/81 [01:05<00:21,  1.15s/it]
COMSOL vs PINO:  78%|███████▊  | 63/81 [01:06<00:20,  1.12s/it]
COMSOL vs PINO:  79%|███████▉  | 64/81 [01:07<00:18,  1.10s/it]
COMSOL vs PINO:  80%|████████  | 65/81 [01:08<00:17,  1.07s/it]
COMSOL vs PINO:  81%|████████▏ | 66/81 [01:10<00:15,  1.06s/it]
COMSOL vs PINO:  83%|████████▎ | 67/81 [01:11<00:14,  1.05s/it]
COMSOL vs PINO:  84%|████████▍ | 68/81 [01:12<00:13,  1.04s/it]
COMSOL vs PINO:  85%|████████▌ | 69/81 [01:13<00:12,  1.05s/it]
COMSOL vs PINO:  86%|████████▋ | 70/81 [01:14<00:11,  1.05s/it]
COMSOL vs PINO:  88%|████████▊ | 71/81 [01:15<00:10,  1.04s/it]
COMSOL vs PINO:  89%|████████▉ | 72/81 [01:16<00:09,  1.04s/it]
COMSOL vs PINO:  90%|█████████ | 73/81 [01:17<00:08,  1.04s/it]
COMSOL vs PINO:  91%|█████████▏| 74/81 [01:18<00:07,  1.03s/it]
COMSOL vs PINO:  93%|█████████▎| 75/81 [01:19<00:06,  1.04s/it]
COMSOL vs PINO:  94%|█████████▍| 76/81 [01:20<00:05,  1.05s/it]
COMSOL vs PINO:  95%|█████████▌| 77/81 [01:21<00:04,  1.15s/it]
COMSOL vs PINO:  96%|█████████▋| 78/81 [01:22<00:03,  1.13s/it]
COMSOL vs PINO:  98%|█████████▊| 79/81 [01:23<00:02,  1.10s/it]
COMSOL vs PINO:  99%|█████████▉| 80/81 [01:24<00:01,  1.08s/it]
COMSOL vs PINO: 100%|██████████| 81/81 [01:25<00:00,  1.06s/it]
COMSOL vs PINO: 100%|██████████| 81/81 [01:25<00:00,  1.06s/it]
COMSOL validation summary: n=81  mean=3.087054e-02  max=8.797902e-02  min=1.007182e-02
Wrote C:\Ali Computation\pinn\code\heterogeneous\pino_heterogeneous\results\exp_X4_soap_K100_N500_uniform_default_float64_s2234567\comsol_validation\comsol_validation_summary.csv
Run metadata: C:\Ali Computation\pinn\code\heterogeneous\pino_heterogeneous\results\exp_X4_soap_K100_N500_uniform_default_float64_s2234567\run_meta.json
Wall-clock train: 1411.3 s
Wall-clock validation: 86.0 s
Wall-clock total: 1510.0 s  device=cuda

# exit 0 after 0:25:14.505509
