# code/heterogeneous/pino_heterogeneous/pinn1d_heterogeneous_parametric_neural_operator.py --design grf --n-sensors 100 --n-grf 0 --n-piecewise-per-zones 100 --piecewise-zone-counts 1,2,3,4,5 --min-zone-frac 0.1 --arch default --dtype float64 --early-stop-patience 150 --seed 3234567 --optimizer soap --soap-lr 3e-3 --soap-betas 0.95,0.95 --soap-weight-decay 0.01 --soap-precond-freq 100 --soap-iso-compute-twin results/exp_X2_uniform_K100_N500_default_float64_lbfgs1000_maxiter20 --out-dir results/exp_X4_soap_K100_N500_uniform_default_float64_s3234567
# started 2026-07-05 10:29:34
# cwd C:\Ali Computation\pinn\code\heterogeneous\pino_heterogeneous

Using GPU: NVIDIA GeForce RTX 3090 (cuda:0, dtype=torch.float64)
PE (computed) = 0.010368
design=grf  media_mode=grf  branch_mode=sensor  optimizer=soap  n_train_requested=500  n_corner_anchors=16  arch=default  batch_mode=True
branch=[100, 16, 16, 32]  trunk=[2, 32, 32, 32, 32]
results_dir=C:\Ali Computation\pinn\code\heterogeneous\pino_heterogeneous\results\exp_X4_soap_K100_N500_uniform_default_float64_s3234567
Training: 500 piecewise (100, 100, 100, 100, 100 for zones [1, 2, 3, 4, 5]), min_zone_frac=0.1 = 500 total; branch_mode=sensor, K=100 sensors, grid_n=201
  saved/loaded: C:\Ali Computation\pinn\code\heterogeneous\pino_heterogeneous\results\exp_X4_soap_K100_N500_uniform_default_float64_s3234567\train_grf_cases.npz
  branch CFL range [0.120469, 0.599673]
PDE mesh: bulk 50x50x500 (no interface bands in GRF mode)
COMSOL validation: 81 fixed grid cases from comsol_4zones.txt -> C:\Ali Computation\pinn\code\heterogeneous\pino_heterogeneous\results\exp_X4_soap_K100_N500_uniform_default_float64_s3234567\comsol_validation
run_training=True  run_comsol_validation=True  validate_only=False  skip_validation_plots=False
SOAP iso-compute: twin=results/exp_X2_uniform_K100_N500_default_float64_lbfgs1000_maxiter20  probe_epochs=200  (epoch budget set after probe)
PDE collocation points: 1,250,000 (bulk 1,250,000, interface 0)
Collocation mesh plot (pre-train): C:\Ali Computation\pinn\code\heterogeneous\pino_heterogeneous\results\exp_X4_soap_K100_N500_uniform_default_float64_s3234567\pino_heterogeneous_collocation_points.png
SOAP iso-compute: twin=results/exp_X2_uniform_K100_N500_default_float64_lbfgs1000_maxiter20  target_train_wall=13388.5s  probe_epochs=200
SOAP(lr=0.003, betas=(0.95, 0.95), weight_decay=0.01, precond_freq=100)  epoch_budget=200
SOAP early stopping: patience=150 steps (no total-loss improvement, rtol=1e-12)

SOAP:   0%|          | 0/200 [? > 00:00]
SOAP:   0%|          | 1/200 [04:03 > 00:01]
SOAP:   1%|          | 2/200 [02:40 > 00:01]
SOAP:   2%|▏         | 3/200 [01:42 > 00:01]
SOAP:   2%|▏         | 4/200 [01:42 > 00:02]
SOAP:   2%|▎         | 5/200 [01:42 > 00:02]
SOAP:   3%|▎         | 6/200 [01:41 > 00:03]
SOAP:   4%|▎         | 7/200 [01:41 > 00:04]
SOAP:   4%|▍         | 8/200 [01:42 > 00:04]
SOAP:   4%|▍         | 9/200 [01:41 > 00:05]
SOAP:   5%|▌         | 10/200 [01:39 > 00:05]
SOAP:   6%|▌         | 11/200 [01:39 > 00:06]
SOAP:   6%|▌         | 12/200 [01:38 > 00:06]
SOAP:   6%|▋         | 13/200 [01:37 > 00:07]
SOAP:   7%|▋         | 14/200 [01:37 > 00:07]
SOAP:   8%|▊         | 15/200 [01:36 > 00:08]
SOAP:   8%|▊         | 16/200 [01:36 > 00:08]
SOAP:   8%|▊         | 17/200 [01:36 > 00:09]
SOAP:   9%|▉         | 18/200 [01:35 > 00:09]
SOAP:  10%|▉         | 19/200 [01:34 > 00:10]
SOAP:  10%|█         | 20/200 [01:34 > 00:10]
SOAP:  10%|█         | 21/200 [01:34 > 00:11]
SOAP:  11%|█         | 22/200 [01:33 > 00:11]
SOAP:  12%|█▏        | 23/200 [01:33 > 00:12]
SOAP:  12%|█▏        | 24/200 [01:32 > 00:12]
SOAP:  12%|█▎        | 25/200 [01:31 > 00:13]
SOAP:  13%|█▎        | 26/200 [01:31 > 00:14]
SOAP:  14%|█▎        | 27/200 [01:31 > 00:14]
SOAP:  14%|█▍        | 28/200 [01:30 > 00:15]
SOAP:  14%|█▍        | 29/200 [01:30 > 00:15]
SOAP:  15%|█▌        | 30/200 [01:29 > 00:16]
SOAP:  16%|█▌        | 31/200 [01:28 > 00:16]
SOAP:  16%|█▌        | 32/200 [01:28 > 00:17]
SOAP:  16%|█▋        | 33/200 [01:28 > 00:17]
SOAP:  17%|█▋        | 34/200 [01:27 > 00:18]
SOAP:  18%|█▊        | 35/200 [01:27 > 00:18]
SOAP:  18%|█▊        | 36/200 [01:27 > 00:19]
SOAP:  18%|█▊        | 37/200 [01:25 > 00:19]
SOAP:  19%|█▉        | 38/200 [01:25 > 00:20]
SOAP:  20%|█▉        | 39/200 [01:26 > 00:20]
SOAP:  20%|██        | 40/200 [01:24 > 00:21]
SOAP:  20%|██        | 41/200 [01:23 > 00:21]
SOAP:  21%|██        | 42/200 [01:23 > 00:22]
SOAP:  22%|██▏       | 43/200 [01:22 > 00:22]
SOAP:  22%|██▏       | 44/200 [01:22 > 00:23]
SOAP:  22%|██▎       | 45/200 [01:21 > 00:24]
SOAP:  23%|██▎       | 46/200 [01:21 > 00:24]
SOAP:  24%|██▎       | 47/200 [01:20 > 00:25]
SOAP:  24%|██▍       | 48/200 [01:20 > 00:25]
SOAP:  24%|██▍       | 49/200 [01:19 > 00:26]
SOAP:  25%|██▌       | 50/200 [01:18 > 00:26]
SOAP:  26%|██▌       | 51/200 [01:19 > 00:27]
SOAP:  26%|██▌       | 52/200 [01:18 > 00:27]
SOAP:  26%|██▋       | 53/200 [01:18 > 00:28]
SOAP:  27%|██▋       | 54/200 [01:17 > 00:28]
SOAP:  28%|██▊       | 55/200 [01:16 > 00:29]
SOAP:  28%|██▊       | 56/200 [01:15 > 00:29]
SOAP:  28%|██▊       | 57/200 [01:15 > 00:30]
SOAP:  29%|██▉       | 58/200 [01:14 > 00:30]
SOAP:  30%|██▉       | 59/200 [01:14 > 00:31]
SOAP:  30%|███       | 60/200 [01:13 > 00:31]
SOAP:  30%|███       | 61/200 [01:13 > 00:32]
SOAP:  31%|███       | 62/200 [01:12 > 00:33]
SOAP:  32%|███▏      | 63/200 [01:12 > 00:33]
SOAP:  32%|███▏      | 64/200 [01:11 > 00:34]
SOAP:  32%|███▎      | 65/200 [01:11 > 00:34]
SOAP:  33%|███▎      | 66/200 [01:10 > 00:35]
SOAP:  34%|███▎      | 67/200 [01:10 > 00:35]
SOAP:  34%|███▍      | 68/200 [01:10 > 00:36]
SOAP:  34%|███▍      | 69/200 [01:08 > 00:36]
SOAP:  35%|███▌      | 70/200 [01:08 > 00:37]
SOAP:  36%|███▌      | 71/200 [01:08 > 00:37]
SOAP:  36%|███▌      | 72/200 [01:07 > 00:38]
SOAP:  36%|███▋      | 73/200 [01:07 > 00:38]
SOAP:  37%|███▋      | 74/200 [01:06 > 00:39]
SOAP:  38%|███▊      | 75/200 [01:07 > 00:39]
SOAP:  38%|███▊      | 76/200 [01:05 > 00:40]
SOAP:  38%|███▊      | 77/200 [01:05 > 00:40]
SOAP:  39%|███▉      | 78/200 [01:04 > 00:41]
SOAP:  40%|███▉      | 79/200 [01:04 > 00:42]
SOAP:  40%|████      | 80/200 [01:03 > 00:42]
SOAP:  40%|████      | 81/200 [01:03 > 00:43]
SOAP:  41%|████      | 82/200 [01:03 > 00:43]
SOAP:  42%|████▏     | 83/200 [01:01 > 00:44]
SOAP:  42%|████▏     | 84/200 [01:01 > 00:44]
SOAP:  42%|████▎     | 85/200 [01:00 > 00:45]
SOAP:  43%|████▎     | 86/200 [01:00 > 00:45]
SOAP:  44%|████▎     | 87/200 [00:59 > 00:46]
SOAP:  44%|████▍     | 88/200 [00:59 > 00:46]
SOAP:  44%|████▍     | 89/200 [00:58 > 00:47]
SOAP:  45%|████▌     | 90/200 [00:58 > 00:47]
SOAP:  46%|████▌     | 91/200 [00:57 > 00:48]
SOAP:  46%|████▌     | 92/200 [00:57 > 00:48]
SOAP:  46%|████▋     | 93/200 [00:56 > 00:49]
SOAP:  47%|████▋     | 94/200 [00:56 > 00:49]
SOAP:  48%|████▊     | 95/200 [00:55 > 00:50]
SOAP:  48%|████▊     | 96/200 [00:55 > 00:51]
SOAP:  48%|████▊     | 97/200 [00:54 > 00:51]
SOAP:  49%|████▉     | 98/200 [00:54 > 00:52]
SOAP:  50%|████▉     | 99/200 [00:54 > 00:52]
SOAP:  50%|█████     | 100/200 [00:52 > 00:53]
SOAP:  50%|█████     | 101/200 [01:04 > 00:54]
SOAP:  51%|█████     | 102/200 [00:49 > 00:54]
SOAP:  52%|█████▏    | 103/200 [00:49 > 00:54]
SOAP:  52%|█████▏    | 104/200 [00:49 > 00:55]
SOAP:  52%|█████▎    | 105/200 [00:49 > 00:55]
SOAP:  53%|█████▎    | 106/200 [00:50 > 00:56]
SOAP:  54%|█████▎    | 107/200 [00:48 > 00:56]
SOAP:  54%|█████▍    | 108/200 [00:48 > 00:57]
SOAP:  55%|█████▍    | 109/200 [00:48 > 00:57]
SOAP:  55%|█████▌    | 110/200 [00:47 > 00:58]
SOAP:  56%|█████▌    | 111/200 [00:47 > 00:59]
SOAP:  56%|█████▌    | 112/200 [00:46 > 00:59]
SOAP:  56%|█████▋    | 113/200 [00:45 > 01:00]
SOAP:  57%|█████▋    | 114/200 [00:45 > 01:00]
SOAP:  57%|█████▊    | 115/200 [00:45 > 01:01]
SOAP:  58%|█████▊    | 116/200 [00:44 > 01:01]
SOAP:  58%|█████▊    | 117/200 [00:43 > 01:02]
SOAP:  59%|█████▉    | 118/200 [00:44 > 01:02]
SOAP:  60%|█████▉    | 119/200 [00:42 > 01:03]
SOAP:  60%|██████    | 120/200 [00:42 > 01:03]
SOAP:  60%|██████    | 121/200 [00:41 > 01:04]
SOAP:  61%|██████    | 122/200 [00:41 > 01:04]
SOAP:  62%|██████▏   | 123/200 [00:40 > 01:05]
SOAP:  62%|██████▏   | 124/200 [00:40 > 01:05]
SOAP:  62%|██████▎   | 125/200 [00:39 > 01:06]
SOAP:  63%|██████▎   | 126/200 [00:39 > 01:07]
SOAP:  64%|██████▎   | 127/200 [00:38 > 01:07]
SOAP:  64%|██████▍   | 128/200 [00:38 > 01:08]
SOAP:  64%|██████▍   | 129/200 [00:37 > 01:08]
SOAP:  65%|██████▌   | 130/200 [00:37 > 01:09]
SOAP:  66%|██████▌   | 131/200 [00:37 > 01:09]
SOAP:  66%|██████▌   | 132/200 [00:36 > 01:10]
SOAP:  66%|██████▋   | 133/200 [00:35 > 01:10]
SOAP:  67%|██████▋   | 134/200 [00:34 > 01:11]
SOAP:  68%|██████▊   | 135/200 [00:34 > 01:11]
SOAP:  68%|██████▊   | 136/200 [00:33 > 01:12]
SOAP:  68%|██████▊   | 137/200 [00:33 > 01:12]
SOAP:  69%|██████▉   | 138/200 [00:32 > 01:13]
SOAP:  70%|██████▉   | 139/200 [00:32 > 01:13]
SOAP:  70%|███████   | 140/200 [00:31 > 01:14]
SOAP:  70%|███████   | 141/200 [00:31 > 01:14]
SOAP:  71%|███████   | 142/200 [00:30 > 01:15]
SOAP:  72%|███████▏  | 143/200 [00:30 > 01:16]
SOAP:  72%|███████▏  | 144/200 [00:29 > 01:16]
SOAP:  72%|███████▎  | 145/200 [00:29 > 01:17]
SOAP:  73%|███████▎  | 146/200 [00:28 > 01:17]
SOAP:  74%|███████▎  | 147/200 [00:28 > 01:18]
SOAP:  74%|███████▍  | 148/200 [00:27 > 01:18]
SOAP:  74%|███████▍  | 149/200 [00:27 > 01:19]
SOAP:  75%|███████▌  | 150/200 [00:26 > 01:19]
SOAP:  76%|███████▌  | 151/200 [00:25 > 01:20]
SOAP:  76%|███████▌  | 152/200 [00:25 > 01:20]
SOAP:  76%|███████▋  | 153/200 [00:24 > 01:21]
SOAP:  77%|███████▋  | 154/200 [00:24 > 01:21]
SOAP:  78%|███████▊  | 155/200 [00:23 > 01:22]
SOAP:  78%|███████▊  | 156/200 [00:23 > 01:22]
SOAP:  78%|███████▊  | 157/200 [00:22 > 01:23]
SOAP:  79%|███████▉  | 158/200 [00:22 > 01:24]
SOAP:  80%|███████▉  | 159/200 [00:21 > 01:24]
SOAP:  80%|████████  | 160/200 [00:21 > 01:25]
SOAP:  80%|████████  | 161/200 [00:20 > 01:25]
SOAP:  81%|████████  | 162/200 [00:20 > 01:26]
SOAP:  82%|████████▏ | 163/200 [00:19 > 01:26]
SOAP:  82%|████████▏ | 164/200 [00:19 > 01:27]
SOAP:  82%|████████▎ | 165/200 [00:18 > 01:27]
SOAP:  83%|████████▎ | 166/200 [00:18 > 01:28]
SOAP:  84%|████████▎ | 167/200 [00:17 > 01:28]
SOAP:  84%|████████▍ | 168/200 [00:16 > 01:29]
SOAP:  84%|████████▍ | 169/200 [00:16 > 01:29]
SOAP:  85%|████████▌ | 170/200 [00:16 > 01:30]
SOAP:  86%|████████▌ | 171/200 [00:15 > 01:30]
SOAP:  86%|████████▌ | 172/200 [00:14 > 01:31]
SOAP:  86%|████████▋ | 173/200 [00:14 > 01:31]
SOAP:  87%|████████▋ | 174/200 [00:13 > 01:32]
SOAP:  88%|████████▊ | 175/200 [00:13 > 01:33]
SOAP:  88%|████████▊ | 176/200 [00:12 > 01:33]
SOAP:  88%|████████▊ | 177/200 [00:12 > 01:34]
SOAP:  89%|████████▉ | 178/200 [00:11 > 01:34]
SOAP:  90%|████████▉ | 179/200 [00:11 > 01:35]
SOAP:  90%|█████████ | 180/200 [00:10 > 01:35]
SOAP:  90%|█████████ | 181/200 [00:10 > 01:36]
SOAP:  91%|█████████ | 182/200 [00:09 > 01:36]
SOAP:  92%|█████████▏| 183/200 [00:09 > 01:37]
SOAP:  92%|█████████▏| 184/200 [00:08 > 01:37]
SOAP:  92%|█████████▎| 185/200 [00:07 > 01:38]
SOAP:  93%|█████████▎| 186/200 [00:07 > 01:38]
SOAP:  94%|█████████▎| 187/200 [00:06 > 01:39]
SOAP:  94%|█████████▍| 188/200 [00:06 > 01:39]
SOAP:  94%|█████████▍| 189/200 [00:05 > 01:40]
SOAP:  95%|█████████▌| 190/200 [00:05 > 01:40]
SOAP:  96%|█████████▌| 191/200 [00:04 > 01:41]
SOAP:  96%|█████████▌| 192/200 [00:04 > 01:42]
SOAP:  96%|█████████▋| 193/200 [00:03 > 01:42]
SOAP:  97%|█████████▋| 194/200 [00:03 > 01:43]
SOAP:  98%|█████████▊| 195/200 [00:02 > 01:43]
SOAP:  98%|█████████▊| 196/200 [00:02 > 01:44]
SOAP:  98%|█████████▊| 197/200 [00:01 > 01:44]
SOAP:  99%|█████████▉| 198/200 [00:01 > 01:45]
SOAP: 100%|█████████▉| 199/200 [00:00 > 01:45]
SOAP:   1%|          | 199/25193 [3:40:57 > 01:46]
SOAP iso-compute calibration: 200 probe epochs in 106.3s (0.531s/epoch) -> budget 25193 epochs (~13389s twin train wall)

SOAP:   1%|          | 200/25193 [3:41:03 > 01:46]
SOAP:   1%|          | 201/25193 [3:41:54 > 01:46]
SOAP:   1%|          | 202/25193 [3:41:35 > 01:47]
SOAP:   1%|          | 203/25193 [3:41:39 > 01:47]
SOAP:   1%|          | 204/25193 [3:41:17 > 01:48]
SOAP:   1%|          | 205/25193 [3:41:19 > 01:48]
SOAP:   1%|          | 206/25193 [3:44:35 > 01:49]
SOAP:   1%|          | 207/25193 [3:43:48 > 01:50]
SOAP:   1%|          | 208/25193 [3:43:38 > 01:50]
SOAP:   1%|          | 209/25193 [3:43:56 > 01:51]
SOAP:   1%|          | 210/25193 [3:44:04 > 01:51]
SOAP:   1%|          | 211/25193 [3:43:56 > 01:52]
SOAP:   1%|          | 212/25193 [3:41:02 > 01:52]
SOAP:   1%|          | 213/25193 [3:43:06 > 01:53]
SOAP:   1%|          | 214/25193 [3:44:07 > 01:53]
SOAP:   1%|          | 215/25193 [3:44:25 > 01:54]
SOAP:   1%|          | 216/25193 [3:44:30 > 01:54]
SOAP:   1%|          | 217/25193 [3:44:16 > 01:55]
SOAP:   1%|          | 218/25193 [3:44:54 > 01:55]
SOAP:   1%|          | 219/25193 [3:44:15 > 01:56]
SOAP:   1%|          | 220/25193 [3:43:20 > 01:57]
SOAP:   1%|          | 221/25193 [3:44:23 > 01:57]
SOAP:   1%|          | 222/25193 [3:44:42 > 01:58]
SOAP:   1%|          | 223/25193 [3:44:43 > 01:58]
SOAP:   1%|          | 224/25193 [3:44:43 > 01:59]
SOAP:   1%|          | 225/25193 [3:44:57 > 01:59]
SOAP:   1%|          | 226/25193 [3:44:25 > 02:00]
SOAP:   1%|          | 227/25193 [3:44:25 > 02:00]
SOAP:   1%|          | 228/25193 [3:44:26 > 02:01]
SOAP:   1%|          | 229/25193 [3:44:27 > 02:01]
SOAP:   1%|          | 230/25193 [3:44:37 > 02:02]
SOAP:   1%|          | 231/25193 [3:44:54 > 02:02]
SOAP:   1%|          | 232/25193 [3:41:07 > 02:03]
SOAP:   1%|          | 233/25193 [3:44:16 > 02:04]
SOAP:   1%|          | 234/25193 [3:41:25 > 02:04]
SOAP:   1%|          | 235/25193 [3:44:39 > 02:05]
SOAP:   1%|          | 236/25193 [3:44:45 > 02:05]
SOAP:   1%|          | 237/25193 [3:44:50 > 02:06]
SOAP:   1%|          | 238/25193 [3:44:21 > 02:06]
SOAP:   1%|          | 239/25193 [3:44:20 > 02:07]
SOAP:   1%|          | 240/25193 [3:44:04 > 02:07]
SOAP:   1%|          | 241/25193 [3:43:50 > 02:08]
SOAP:   1%|          | 242/25193 [3:44:13 > 02:08]
SOAP:   1%|          | 243/25193 [3:44:28 > 02:09]
SOAP:   1%|          | 244/25193 [3:44:00 > 02:09]
SOAP:   1%|          | 245/25193 [3:44:16 > 02:10]
SOAP:   1%|          | 246/25193 [3:44:26 > 02:11]
SOAP:   1%|          | 247/25193 [3:44:47 > 02:11]
SOAP:   1%|          | 248/25193 [3:44:32 > 02:12]
SOAP:   1%|          | 249/25193 [3:45:47 > 02:12]
SOAP:   1%|          | 250/25193 [3:44:38 > 02:13]
SOAP:   1%|          | 251/25193 [3:44:07 > 02:13]
SOAP:   1%|          | 252/25193 [3:44:18 > 02:14]
SOAP:   1%|          | 253/25193 [3:43:06 > 02:14]
SOAP:   1%|          | 254/25193 [3:44:00 > 02:15]
SOAP:   1%|          | 255/25193 [3:41:17 > 02:15]
SOAP:   1%|          | 256/25193 [3:44:47 > 02:16]
SOAP:   1%|          | 257/25193 [3:44:20 > 02:16]
SOAP:   1%|          | 258/25193 [3:44:36 > 02:17]
SOAP:   1%|          | 259/25193 [3:44:51 > 02:18]
SOAP:   1%|          | 260/25193 [3:44:26 > 02:18]
SOAP:   1%|          | 261/25193 [3:44:15 > 02:19]
SOAP:   1%|          | 262/25193 [3:44:08 > 02:19]
SOAP:   1%|          | 263/25193 [3:43:36 > 02:20]
SOAP:   1%|          | 264/25193 [3:43:36 > 02:20]
SOAP:   1%|          | 265/25193 [3:43:58 > 02:21]
SOAP:   1%|          | 266/25193 [3:43:44 > 02:21]
SOAP:   1%|          | 267/25193 [3:43:59 > 02:22]
SOAP:   1%|          | 268/25193 [3:44:19 > 02:22]
SOAP:   1%|          | 269/25193 [3:44:33 > 02:23]
SOAP:   1%|          | 270/25193 [3:43:35 > 02:23]
SOAP:   1%|          | 271/25193 [3:43:59 > 02:24]
SOAP:   1%|          | 272/25193 [3:44:02 > 02:25]
SOAP:   1%|          | 273/25193 [3:40:26 > 02:25]
SOAP:   1%|          | 274/25193 [3:42:52 > 02:26]
SOAP:   1%|          | 275/25193 [3:40:07 > 02:26]
SOAP:   1%|          | 276/25193 [3:43:46 > 02:27]
SOAP:   1%|          | 277/25193 [3:44:05 > 02:27]
SOAP:   1%|          | 278/25193 [3:43:31 > 02:28]
SOAP:   1%|          | 279/25193 [3:43:35 > 02:28]
SOAP:   1%|          | 280/25193 [3:44:04 > 02:29]
SOAP:   1%|          | 281/25193 [3:44:19 > 02:29]
SOAP:   1%|          | 282/25193 [3:43:44 > 02:30]
SOAP:   1%|          | 283/25193 [3:43:44 > 02:30]
SOAP:   1%|          | 284/25193 [3:43:43 > 02:31]
SOAP:   1%|          | 285/25193 [3:40:28 > 02:32]
SOAP:   1%|          | 286/25193 [3:44:09 > 02:32]
SOAP:   1%|          | 287/25193 [3:44:15 > 02:33]
SOAP:   1%|          | 288/25193 [3:43:49 > 02:33]
SOAP:   1%|          | 289/25193 [3:43:03 > 02:34]
SOAP:   1%|          | 290/25193 [3:43:40 > 02:34]
SOAP:   1%|          | 291/25193 [3:44:30 > 02:35]
SOAP:   1%|          | 292/25193 [3:44:21 > 02:35]
SOAP:   1%|          | 293/25193 [3:44:32 > 02:36]
SOAP:   1%|          | 294/25193 [3:43:31 > 02:36]
SOAP:   1%|          | 295/25193 [3:40:29 > 02:37]
SOAP:   1%|          | 296/25193 [3:44:19 > 02:37]
SOAP:   1%|          | 297/25193 [3:43:37 > 02:38]
SOAP:   1%|          | 298/25193 [3:43:31 > 02:39]
SOAP:   1%|          | 299/25193 [3:43:57 > 02:39]
SOAP:   1%|          | 300/25193 [3:43:33 > 02:40]
SOAP:   1%|          | 301/25193 [3:45:27 > 02:40]
SOAP:   1%|          | 302/25193 [3:44:53 > 02:41]
SOAP:   1%|          | 303/25193 [3:43:54 > 02:41]
SOAP:   1%|          | 304/25193 [3:44:05 > 02:42]
SOAP:   1%|          | 305/25193 [3:44:01 > 02:42]
SOAP:   1%|          | 306/25193 [3:43:21 > 02:43]
SOAP:   1%|          | 307/25193 [3:40:29 > 02:43]
SOAP:   1%|          | 308/25193 [3:44:08 > 02:44]
SOAP:   1%|          | 309/25193 [3:43:42 > 02:44]
SOAP:   1%|          | 310/25193 [3:43:17 > 02:45]
SOAP:   1%|          | 311/25193 [3:43:38 > 02:46]
SOAP:   1%|          | 312/25193 [3:43:57 > 02:46]
SOAP:   1%|          | 313/25193 [3:43:32 > 02:47]
SOAP:   1%|          | 314/25193 [3:43:35 > 02:47]
SOAP:   1%|▏         | 315/25193 [3:43:37 > 02:48]
SOAP:   1%|▏         | 316/25193 [3:43:10 > 02:48]
SOAP:   1%|▏         | 317/25193 [3:43:46 > 02:49]
SOAP:   1%|▏         | 318/25193 [3:42:16 > 02:49]
SOAP:   1%|▏         | 319/25193 [3:39:29 > 02:50]
SOAP:   1%|▏         | 320/25193 [3:40:19 > 02:50]
SOAP:   1%|▏         | 321/25193 [3:44:01 > 02:51]
SOAP:   1%|▏         | 322/25193 [3:43:18 > 02:51]
SOAP:   1%|▏         | 323/25193 [3:43:49 > 02:52]
SOAP:   1%|▏         | 324/25193 [3:43:51 > 02:53]
SOAP:   1%|▏         | 325/25193 [3:43:32 > 02:53]
SOAP:   1%|▏         | 326/25193 [3:43:34 > 02:54]
SOAP:   1%|▏         | 327/25193 [3:43:33 > 02:54]
SOAP:   1%|▏         | 328/25193 [3:39:55 > 02:55]
SOAP:   1%|▏         | 329/25193 [3:43:38 > 02:55]
SOAP:   1%|▏         | 330/25193 [3:43:39 > 02:56]
SOAP:   1%|▏         | 331/25193 [3:42:09 > 02:56]
SOAP:   1%|▏         | 332/25193 [3:44:03 > 02:57]
SOAP:   1%|▏         | 333/25193 [3:44:07 > 02:57]
SOAP:   1%|▏         | 334/25193 [3:43:34 > 02:58]
SOAP:   1%|▏         | 335/25193 [3:43:55 > 02:58]
SOAP:   1%|▏         | 336/25193 [3:40:47 > 02:59]
SOAP:   1%|▏         | 337/25193 [3:43:41 > 03:00]
SOAP:   1%|▏         | 338/25193 [3:43:32 > 03:00]
SOAP:   1%|▏         | 339/25193 [3:40:20 > 03:01]
SOAP:   1%|▏         | 340/25193 [3:43:13 > 03:01]
SOAP:   1%|▏         | 341/25193 [3:43:07 > 03:02]
SOAP:   1%|▏         | 342/25193 [3:42:25 > 03:02]
SOAP:   1%|▏         | 343/25193 [3:43:58 > 03:03]
SOAP:   1%|▏         | 344/25193 [3:43:16 > 03:03]
SOAP:   1%|▏         | 345/25193 [3:43:40 > 03:04]
SOAP:   1%|▏         | 346/25193 [3:44:07 > 03:04]
SOAP:   1%|▏         | 347/25193 [3:43:28 > 03:05]
SOAP:   1%|▏         | 348/25193 [3:43:25 > 03:05]
SOAP:   1%|▏         | 349/25193 [3:40:19 > 03:06]
SOAP:   1%|▏         | 350/25193 [3:40:31 > 03:07]
SOAP:   1%|▏         | 351/25193 [3:40:25 > 03:07]
SOAP:   1%|▏         | 352/25193 [3:43:57 > 03:08]
SOAP:   1%|▏         | 353/25193 [3:43:24 > 03:08]
SOAP:   1%|▏         | 354/25193 [3:40:37 > 03:09]
SOAP:   1%|▏         | 355/25193 [3:43:54 > 03:09]
SOAP:   1%|▏         | 356/25193 [3:43:27 > 03:10]
SOAP:   1%|▏         | 357/25193 [3:43:18 > 03:10]
SOAP:   1%|▏         | 358/25193 [3:43:19 > 03:11]
SOAP:   1%|▏         | 359/25193 [3:42:35 > 03:11]
SOAP:   1%|▏         | 360/25193 [3:42:43 > 03:12]
SOAP:   1%|▏         | 361/25193 [3:43:16 > 03:12]
SOAP:   1%|▏         | 362/25193 [3:39:10 > 03:13]
SOAP:   1%|▏         | 363/25193 [3:40:05 > 03:14]
SOAP:   1%|▏         | 364/25193 [3:40:22 > 03:14]
SOAP:   1%|▏         | 365/25193 [3:43:17 > 03:15]
SOAP:   1%|▏         | 366/25193 [3:43:47 > 03:15]
SOAP:   1%|▏         | 367/25193 [3:43:23 > 03:16]
SOAP:   1%|▏         | 368/25193 [3:41:54 > 03:16]
SOAP:   1%|▏         | 369/25193 [3:42:58 > 03:17]
SOAP:   1%|▏         | 370/25193 [3:42:48 > 03:17]
SOAP:   1%|▏         | 371/25193 [3:42:56 > 03:18]
SOAP:   1%|▏         | 372/25193 [3:43:06 > 03:18]
SOAP:   1%|▏         | 373/25193 [3:42:17 > 03:19]
SOAP:   1%|▏         | 374/25193 [3:43:29 > 03:19]
SOAP:   1%|▏         | 375/25193 [3:40:10 > 03:20]
SOAP:   1%|▏         | 376/25193 [3:43:58 > 03:21]
SOAP:   1%|▏         | 377/25193 [3:43:46 > 03:21]
SOAP:   2%|▏         | 378/25193 [3:43:03 > 03:22]
SOAP:   2%|▏         | 379/25193 [3:39:52 > 03:22]
SOAP:   2%|▏         | 380/25193 [3:43:39 > 03:23]
SOAP:   2%|▏         | 381/25193 [3:42:59 > 03:23]
SOAP:   2%|▏         | 382/25193 [3:43:09 > 03:24]
SOAP:   2%|▏         | 383/25193 [3:43:06 > 03:24]
SOAP:   2%|▏         | 384/25193 [3:42:57 > 03:25]
SOAP:   2%|▏         | 385/25193 [3:42:48 > 03:25]
SOAP:   2%|▏         | 386/25193 [3:43:01 > 03:26]
SOAP:   2%|▏         | 387/25193 [3:42:58 > 03:26]
SOAP:   2%|▏         | 388/25193 [3:42:48 > 03:27]
SOAP:   2%|▏         | 389/25193 [3:43:05 > 03:28]
SOAP:   2%|▏         | 390/25193 [3:42:30 > 03:28]
SOAP:   2%|▏         | 391/25193 [3:42:34 > 03:29]
SOAP:   2%|▏         | 392/25193 [3:42:44 > 03:29]
SOAP:   2%|▏         | 393/25193 [3:42:27 > 03:30]
SOAP:   2%|▏         | 394/25193 [3:43:04 > 03:30]
SOAP:   2%|▏         | 395/25193 [3:42:52 > 03:31]
SOAP:   2%|▏         | 396/25193 [3:42:26 > 03:31]
SOAP:   2%|▏         | 397/25193 [3:42:43 > 03:32]
SOAP:   2%|▏         | 398/25193 [3:42:55 > 03:32]
SOAP:   2%|▏         | 399/25193 [3:42:23 > 03:33]
SOAP:   2%|▏         | 400/25193 [3:42:42 > 03:33]
SOAP:   2%|▏         | 401/25193 [3:44:13 > 03:34]
SOAP:   2%|▏         | 402/25193 [3:43:17 > 03:35]
SOAP:   2%|▏         | 403/25193 [3:43:11 > 03:35]
SOAP:   2%|▏         | 404/25193 [3:43:25 > 03:36]
SOAP:   2%|▏         | 405/25193 [3:43:10 > 03:36]
SOAP:   2%|▏         | 406/25193 [3:43:20 > 03:37]
SOAP:   2%|▏         | 407/25193 [3:43:41 > 03:37]
SOAP:   2%|▏         | 408/25193 [3:43:34 > 03:38]
SOAP:   2%|▏         | 409/25193 [3:43:19 > 03:38]
SOAP:   2%|▏         | 410/25193 [3:42:58 > 03:39]
SOAP:   2%|▏         | 411/25193 [3:43:24 > 03:39]
SOAP:   2%|▏         | 412/25193 [3:42:40 > 03:40]
SOAP:   2%|▏         | 413/25193 [3:42:44 > 03:40]
SOAP:   2%|▏         | 414/25193 [3:42:51 > 03:41]
SOAP:   2%|▏         | 415/25193 [3:42:31 > 03:42]
SOAP:   2%|▏         | 416/25193 [3:42:41 > 03:42]
SOAP:   2%|▏         | 417/25193 [3:43:05 > 03:43]
SOAP:   2%|▏         | 418/25193 [3:42:48 > 03:43]
SOAP:   2%|▏         | 419/25193 [3:43:11 > 03:44]
SOAP:   2%|▏         | 420/25193 [3:43:12 > 03:44]
SOAP:   2%|▏         | 421/25193 [3:42:44 > 03:45]
SOAP:   2%|▏         | 422/25193 [3:43:04 > 03:45]
SOAP:   2%|▏         | 423/25193 [3:43:00 > 03:46]
SOAP:   2%|▏         | 424/25193 [3:39:08 > 03:46]
SOAP:   2%|▏         | 425/25193 [3:42:52 > 03:47]
SOAP:   2%|▏         | 426/25193 [3:39:53 > 03:47]
SOAP:   2%|▏         | 427/25193 [3:42:49 > 03:48]
SOAP:   2%|▏         | 428/25193 [3:42:49 > 03:49]
SOAP:   2%|▏         | 429/25193 [3:42:58 > 03:49]
SOAP:   2%|▏         | 430/25193 [3:42:20 > 03:50]
SOAP:   2%|▏         | 431/25193 [3:42:56 > 03:50]
SOAP:   2%|▏         | 432/25193 [3:43:08 > 03:51]
SOAP:   2%|▏         | 433/25193 [3:39:14 > 03:51]
SOAP:   2%|▏         | 434/25193 [3:43:04 > 03:52]
SOAP:   2%|▏         | 435/25193 [3:43:05 > 03:52]
SOAP:   2%|▏         | 436/25193 [3:42:35 > 03:53]
SOAP:   2%|▏         | 437/25193 [3:42:31 > 03:53]
SOAP:   2%|▏         | 438/25193 [3:42:44 > 03:54]
SOAP:   2%|▏         | 439/25193 [3:42:34 > 03:55]
SOAP:   2%|▏         | 440/25193 [3:42:13 > 03:55]
SOAP:   2%|▏         | 441/25193 [3:42:31 > 03:56]
SOAP:   2%|▏         | 442/25193 [3:39:52 > 03:56]
SOAP:   2%|▏         | 443/25193 [3:39:50 > 03:57]
SOAP:   2%|▏         | 444/25193 [3:43:26 > 03:57]
SOAP:   2%|▏         | 445/25193 [3:43:00 > 03:58]
SOAP:   2%|▏         | 446/25193 [3:42:41 > 03:58]
SOAP:   2%|▏         | 447/25193 [3:42:28 > 03:59]
SOAP:   2%|▏         | 448/25193 [3:42:35 > 03:59]
SOAP:   2%|▏         | 449/25193 [3:42:14 > 04:00]
SOAP:   2%|▏         | 450/25193 [3:39:34 > 04:00]
SOAP:   2%|▏         | 451/25193 [3:39:44 > 04:01]
SOAP:   2%|▏         | 452/25193 [3:39:46 > 04:01]
SOAP:   2%|▏         | 453/25193 [3:39:55 > 04:02]
SOAP:   2%|▏         | 454/25193 [3:39:59 > 04:03]
SOAP:   2%|▏         | 455/25193 [3:42:28 > 04:03]
SOAP:   2%|▏         | 456/25193 [3:39:43 > 04:04]
SOAP:   2%|▏         | 457/25193 [3:43:20 > 04:04]
SOAP:   2%|▏         | 458/25193 [3:42:33 > 04:05]
SOAP:   2%|▏         | 459/25193 [3:42:29 > 04:05]
SOAP:   2%|▏         | 460/25193 [3:39:25 > 04:06]
SOAP:   2%|▏         | 461/25193 [3:41:38 > 04:06]
SOAP:   2%|▏         | 462/25193 [3:42:38 > 04:07]
SOAP:   2%|▏         | 463/25193 [3:41:49 > 04:07]
SOAP:   2%|▏         | 464/25193 [3:41:38 > 04:08]
SOAP:   2%|▏         | 465/25193 [3:38:44 > 04:08]
SOAP:   2%|▏         | 466/25193 [3:42:18 > 04:09]
SOAP:   2%|▏         | 467/25193 [3:41:59 > 04:10]
SOAP:   2%|▏         | 468/25193 [3:42:02 > 04:10]
SOAP:   2%|▏         | 469/25193 [3:42:18 > 04:11]
SOAP:   2%|▏         | 470/25193 [3:42:13 > 04:11]
SOAP:   2%|▏         | 471/25193 [3:42:03 > 04:12]
SOAP:   2%|▏         | 472/25193 [3:42:33 > 04:12]
SOAP:   2%|▏         | 473/25193 [3:42:36 > 04:13]
SOAP:   2%|▏         | 474/25193 [3:42:08 > 04:13]
SOAP:   2%|▏         | 475/25193 [3:39:03 > 04:14]
SOAP:   2%|▏         | 476/25193 [3:42:35 > 04:14]
SOAP:   2%|▏         | 477/25193 [3:42:06 > 04:15]
SOAP:   2%|▏         | 478/25193 [3:42:13 > 04:15]
SOAP:   2%|▏         | 479/25193 [3:42:07 > 04:16]
SOAP:   2%|▏         | 480/25193 [3:38:26 > 04:17]
SOAP:   2%|▏         | 481/25193 [3:42:14 > 04:17]
SOAP:   2%|▏         | 482/25193 [3:42:28 > 04:18]
SOAP:   2%|▏         | 483/25193 [3:42:11 > 04:18]
SOAP:   2%|▏         | 484/25193 [3:42:37 > 04:19]
SOAP:   2%|▏         | 485/25193 [3:42:33 > 04:19]
SOAP:   2%|▏         | 486/25193 [3:42:11 > 04:20]
SOAP:   2%|▏         | 487/25193 [3:42:06 > 04:20]
SOAP:   2%|▏         | 488/25193 [3:42:21 > 04:21]
SOAP:   2%|▏         | 489/25193 [3:41:40 > 04:21]
SOAP:   2%|▏         | 490/25193 [3:42:02 > 04:22]
SOAP:   2%|▏         | 491/25193 [3:42:13 > 04:22]
SOAP:   2%|▏         | 492/25193 [3:41:20 > 04:23]
SOAP:   2%|▏         | 493/25193 [3:40:42 > 04:24]
SOAP:   2%|▏         | 494/25193 [3:39:05 > 04:24]
SOAP:   2%|▏         | 495/25193 [3:41:00 > 04:25]
SOAP:   2%|▏         | 496/25193 [3:39:15 > 04:25]
SOAP:   2%|▏         | 497/25193 [3:39:14 > 04:26]
SOAP:   2%|▏         | 498/25193 [3:39:05 > 04:26]
SOAP:   2%|▏         | 499/25193 [3:39:28 > 04:27]
SOAP:   2%|▏         | 500/25193 [3:39:40 > 04:27]
SOAP:   2%|▏         | 501/25193 [3:40:53 > 04:28]
SOAP:   2%|▏         | 502/25193 [3:40:51 > 04:28]
SOAP:   2%|▏         | 503/25193 [3:40:34 > 04:29]
SOAP:   2%|▏         | 504/25193 [3:40:35 > 04:29]
SOAP:   2%|▏         | 505/25193 [3:39:59 > 04:30]
SOAP:   2%|▏         | 506/25193 [3:40:01 > 04:30]
SOAP:   2%|▏         | 507/25193 [3:39:51 > 04:31]
SOAP:   2%|▏         | 508/25193 [3:39:21 > 04:32]
SOAP:   2%|▏         | 509/25193 [3:39:38 > 04:32]
SOAP:   2%|▏         | 510/25193 [3:39:20 > 04:33]
SOAP:   2%|▏         | 511/25193 [3:39:12 > 04:33]
SOAP:   2%|▏         | 512/25193 [3:39:20 > 04:34]
SOAP:   2%|▏         | 513/25193 [3:39:38 > 04:34]
SOAP:   2%|▏         | 514/25193 [3:39:18 > 04:35]
SOAP:   2%|▏         | 515/25193 [3:39:36 > 04:35]
SOAP:   2%|▏         | 516/25193 [3:39:43 > 04:36]
SOAP:   2%|▏         | 517/25193 [3:39:11 > 04:36]
SOAP:   2%|▏         | 518/25193 [3:39:22 > 04:37]
SOAP:   2%|▏         | 519/25193 [3:39:27 > 04:37]
SOAP:   2%|▏         | 520/25193 [3:39:03 > 04:38]
SOAP:   2%|▏         | 521/25193 [3:39:22 > 04:38]
SOAP:   2%|▏         | 522/25193 [3:41:28 > 04:39]
SOAP:   2%|▏         | 523/25193 [3:39:10 > 04:40]
SOAP:   2%|▏         | 524/25193 [3:39:34 > 04:40]
SOAP:   2%|▏         | 525/25193 [3:41:05 > 04:41]
SOAP:   2%|▏         | 526/25193 [3:40:30 > 04:41]
SOAP:   2%|▏         | 527/25193 [3:40:11 > 04:42]
SOAP:   2%|▏         | 528/25193 [3:40:16 > 04:42]
SOAP:   2%|▏         | 529/25193 [3:40:22 > 04:43]
SOAP:   2%|▏         | 530/25193 [3:41:58 > 04:43]
SOAP:   2%|▏         | 531/25193 [3:42:55 > 04:44]
SOAP:   2%|▏         | 532/25193 [3:39:33 > 04:44]
SOAP:   2%|▏         | 533/25193 [3:39:02 > 04:45]
SOAP:   2%|▏         | 534/25193 [3:39:42 > 04:45]
SOAP:   2%|▏         | 535/25193 [3:43:06 > 04:46]
SOAP:   2%|▏         | 536/25193 [3:38:26 > 04:47]
SOAP:   2%|▏         | 537/25193 [3:38:55 > 04:47]
SOAP:   2%|▏         | 538/25193 [3:39:25 > 04:48]
SOAP:   2%|▏         | 539/25193 [3:39:03 > 04:48]
SOAP:   2%|▏         | 540/25193 [3:39:21 > 04:49]
SOAP:   2%|▏         | 541/25193 [3:39:23 > 04:49]
SOAP:   2%|▏         | 542/25193 [3:38:49 > 04:50]
SOAP:   2%|▏         | 543/25193 [3:42:49 > 04:50]
SOAP:   2%|▏         | 544/25193 [3:38:41 > 04:51]
SOAP:   2%|▏         | 545/25193 [3:38:36 > 04:51]
SOAP:   2%|▏         | 546/25193 [3:39:04 > 04:52]
SOAP:   2%|▏         | 547/25193 [3:39:17 > 04:52]
SOAP:   2%|▏         | 548/25193 [3:38:56 > 04:53]
SOAP:   2%|▏         | 549/25193 [3:39:21 > 04:53]
SOAP:   2%|▏         | 550/25193 [3:39:03 > 04:54]
SOAP:   2%|▏         | 551/25193 [3:38:54 > 04:55]
SOAP:   2%|▏         | 552/25193 [3:39:02 > 04:55]
SOAP:   2%|▏         | 553/25193 [3:41:28 > 04:56]
SOAP:   2%|▏         | 554/25193 [3:42:51 > 04:56]
SOAP:   2%|▏         | 555/25193 [3:39:15 > 04:57]
SOAP:   2%|▏         | 556/25193 [3:39:27 > 04:57]
SOAP:   2%|▏         | 557/25193 [3:39:26 > 04:58]
SOAP:   2%|▏         | 558/25193 [3:39:01 > 04:58]
SOAP:   2%|▏         | 559/25193 [3:39:13 > 04:59]
SOAP:   2%|▏         | 560/25193 [3:39:20 > 04:59]
SOAP:   2%|▏         | 561/25193 [3:39:04 > 05:00]
SOAP:   2%|▏         | 562/25193 [3:39:21 > 05:00]
SOAP:   2%|▏         | 563/25193 [3:39:21 > 05:01]
SOAP:   2%|▏         | 564/25193 [3:39:07 > 05:01]
SOAP:   2%|▏         | 565/25193 [3:39:26 > 05:02]
SOAP:   2%|▏         | 566/25193 [3:39:21 > 05:03]
SOAP:   2%|▏         | 567/25193 [3:38:45 > 05:03]
SOAP:   2%|▏         | 568/25193 [3:39:06 > 05:04]
SOAP:   2%|▏         | 569/25193 [3:39:06 > 05:04]
SOAP:   2%|▏         | 570/25193 [3:38:56 > 05:05]
SOAP:   2%|▏         | 571/25193 [3:39:02 > 05:05]
SOAP:   2%|▏         | 572/25193 [3:39:01 > 05:06]
SOAP:   2%|▏         | 573/25193 [3:38:31 > 05:06]
SOAP:   2%|▏         | 574/25193 [3:38:58 > 05:07]
SOAP:   2%|▏         | 575/25193 [3:39:11 > 05:07]
SOAP:   2%|▏         | 576/25193 [3:38:59 > 05:08]
SOAP:   2%|▏         | 577/25193 [3:42:04 > 05:08]
SOAP:   2%|▏         | 578/25193 [3:39:21 > 05:09]
SOAP:   2%|▏         | 579/25193 [3:39:25 > 05:10]
SOAP:   2%|▏         | 580/25193 [3:39:12 > 05:10]
SOAP:   2%|▏         | 581/25193 [3:39:22 > 05:11]
SOAP:   2%|▏         | 582/25193 [3:39:21 > 05:11]
SOAP:   2%|▏         | 583/25193 [3:40:10 > 05:12]
SOAP:   2%|▏         | 584/25193 [3:40:13 > 05:12]
SOAP:   2%|▏         | 585/25193 [3:40:01 > 05:13]
SOAP:   2%|▏         | 586/25193 [3:39:22 > 05:13]
SOAP:   2%|▏         | 587/25193 [3:39:21 > 05:14]
SOAP:   2%|▏         | 588/25193 [3:39:10 > 05:14]
SOAP:   2%|▏         | 589/25193 [3:38:50 > 05:15]
SOAP:   2%|▏         | 590/25193 [3:39:04 > 05:15]
SOAP:   2%|▏         | 591/25193 [3:39:14 > 05:16]
SOAP:   2%|▏         | 592/25193 [3:39:11 > 05:16]
SOAP:   2%|▏         | 593/25193 [3:42:24 > 05:17]
SOAP:   2%|▏         | 594/25193 [3:39:13 > 05:18]
SOAP:   2%|▏         | 595/25193 [3:42:07 > 05:18]
SOAP:   2%|▏         | 596/25193 [3:38:59 > 05:19]
SOAP:   2%|▏         | 597/25193 [3:39:06 > 05:19]
SOAP:   2%|▏         | 598/25193 [3:38:48 > 05:20]
SOAP:   2%|▏         | 599/25193 [3:39:10 > 05:20]
SOAP:   2%|▏         | 600/25193 [3:39:22 > 05:21]
SOAP:   2%|▏         | 601/25193 [3:43:47 > 05:21]
SOAP:   2%|▏         | 602/25193 [3:39:41 > 05:22]
SOAP:   2%|▏         | 603/25193 [3:42:51 > 05:22]
SOAP:   2%|▏         | 604/25193 [3:39:10 > 05:23]
SOAP:   2%|▏         | 605/25193 [3:39:19 > 05:23]
SOAP:   2%|▏         | 606/25193 [3:39:34 > 05:24]
SOAP:   2%|▏         | 607/25193 [3:39:27 > 05:25]
SOAP:   2%|▏         | 608/25193 [3:39:04 > 05:25]
SOAP:   2%|▏         | 609/25193 [3:42:19 > 05:26]
SOAP:   2%|▏         | 610/25193 [3:39:02 > 05:26]
SOAP:   2%|▏         | 611/25193 [3:38:40 > 05:27]
SOAP:   2%|▏         | 612/25193 [3:38:55 > 05:27]
SOAP:   2%|▏         | 613/25193 [3:39:06 > 05:28]
SOAP:   2%|▏         | 614/25193 [3:38:47 > 05:28]
SOAP:   2%|▏         | 615/25193 [3:39:17 > 05:29]
SOAP:   2%|▏         | 616/25193 [3:39:22 > 05:29]
SOAP:   2%|▏         | 617/25193 [3:38:57 > 05:30]
SOAP:   2%|▏         | 618/25193 [3:39:00 > 05:30]
SOAP:   2%|▏         | 619/25193 [3:39:04 > 05:31]
SOAP:   2%|▏         | 620/25193 [3:38:34 > 05:31]
SOAP:   2%|▏         | 621/25193 [3:38:42 > 05:32]
SOAP:   2%|▏         | 622/25193 [3:38:42 > 05:33]
SOAP:   2%|▏         | 623/25193 [3:38:22 > 05:33]
SOAP:   2%|▏         | 624/25193 [3:38:51 > 05:34]
SOAP:   2%|▏         | 625/25193 [3:42:02 > 05:34]
SOAP:   2%|▏         | 626/25193 [3:38:30 > 05:35]
SOAP:   2%|▏         | 627/25193 [3:38:46 > 05:35]
SOAP:   2%|▏         | 628/25193 [3:38:47 > 05:36]
SOAP:   2%|▏         | 629/25193 [3:38:19 > 05:36]
SOAP:   3%|▎         | 630/25193 [3:38:41 > 05:37]
SOAP:   3%|▎         | 631/25193 [3:38:53 > 05:37]
SOAP:   3%|▎         | 632/25193 [3:38:25 > 05:38]
SOAP:   3%|▎         | 633/25193 [3:41:30 > 05:38]
SOAP:   3%|▎         | 634/25193 [3:38:51 > 05:39]
SOAP:   3%|▎         | 635/25193 [3:42:11 > 05:40]
SOAP:   3%|▎         | 636/25193 [3:38:27 > 05:40]
SOAP:   3%|▎         | 637/25193 [3:38:32 > 05:41]
SOAP:   3%|▎         | 638/25193 [3:38:39 > 05:41]
SOAP:   3%|▎         | 639/25193 [3:38:18 > 05:42]
SOAP:   3%|▎         | 640/25193 [3:38:37 > 05:42]
SOAP:   3%|▎         | 641/25193 [3:38:38 > 05:43]
SOAP:   3%|▎         | 642/25193 [3:38:15 > 05:43]
SOAP:   3%|▎         | 643/25193 [3:38:46 > 05:44]
SOAP:   3%|▎         | 644/25193 [3:41:56 > 05:44]
SOAP:   3%|▎         | 645/25193 [3:38:15 > 05:45]
SOAP:   3%|▎         | 646/25193 [3:38:46 > 05:45]
SOAP:   3%|▎         | 647/25193 [3:38:53 > 05:46]
SOAP:   3%|▎         | 648/25193 [3:38:28 > 05:46]
SOAP:   3%|▎         | 649/25193 [3:38:51 > 05:47]
SOAP:   3%|▎         | 650/25193 [3:38:49 > 05:48]
SOAP:   3%|▎         | 651/25193 [3:38:29 > 05:48]
SOAP:   3%|▎         | 652/25193 [3:38:41 > 05:49]
SOAP:   3%|▎         | 653/25193 [3:38:42 > 05:49]
SOAP:   3%|▎         | 654/25193 [3:38:25 > 05:50]
SOAP:   3%|▎         | 655/25193 [3:38:32 > 05:50]
SOAP:   3%|▎         | 656/25193 [3:38:43 > 05:51]
SOAP:   3%|▎         | 657/25193 [3:40:21 > 05:51]
SOAP:   3%|▎         | 658/25193 [3:38:03 > 05:52]
SOAP:   3%|▎         | 659/25193 [3:38:04 > 05:52]
SOAP:   3%|▎         | 660/25193 [3:37:46 > 05:53]
SOAP:   3%|▎         | 661/25193 [3:37:54 > 05:53]
SOAP:   3%|▎         | 662/25193 [3:38:10 > 05:54]
SOAP:   3%|▎         | 663/25193 [3:38:09 > 05:54]
SOAP:   3%|▎         | 664/25193 [3:41:01 > 05:55]
SOAP:   3%|▎         | 665/25193 [3:38:02 > 05:56]
SOAP:   3%|▎         | 666/25193 [3:38:07 > 05:56]
SOAP:   3%|▎         | 667/25193 [3:38:07 > 05:57]
SOAP:   3%|▎         | 668/25193 [3:38:19 > 05:57]
SOAP:   3%|▎         | 669/25193 [3:38:25 > 05:58]
SOAP:   3%|▎         | 670/25193 [3:41:09 > 05:58]
SOAP:   3%|▎         | 671/25193 [3:37:42 > 05:59]
SOAP:   3%|▎         | 672/25193 [3:37:41 > 05:59]
SOAP:   3%|▎         | 673/25193 [3:37:50 > 06:00]
SOAP:   3%|▎         | 674/25193 [3:38:08 > 06:00]
SOAP:   3%|▎         | 675/25193 [3:38:29 > 06:01]
SOAP:   3%|▎         | 676/25193 [3:38:04 > 06:01]
SOAP:   3%|▎         | 677/25193 [3:38:24 > 06:02]
SOAP:   3%|▎         | 678/25193 [3:38:20 > 06:03]
SOAP:   3%|▎         | 679/25193 [3:37:47 > 06:03]
SOAP:   3%|▎         | 680/25193 [3:41:35 > 06:04]
SOAP:   3%|▎         | 681/25193 [3:37:48 > 06:04]
SOAP:   3%|▎         | 682/25193 [3:37:37 > 06:05]
SOAP:   3%|▎         | 683/25193 [3:40:19 > 06:05]
SOAP:   3%|▎         | 684/25193 [3:37:51 > 06:06]
SOAP:   3%|▎         | 685/25193 [3:37:48 > 06:06]
SOAP:   3%|▎         | 686/25193 [3:37:55 > 06:07]
SOAP:   3%|▎         | 687/25193 [3:40:42 > 06:07]
SOAP:   3%|▎         | 688/25193 [3:37:14 > 06:08]
SOAP:   3%|▎         | 689/25193 [3:37:28 > 06:08]
SOAP:   3%|▎         | 690/25193 [3:40:03 > 06:09]
SOAP:   3%|▎         | 691/25193 [3:37:28 > 06:09]
SOAP:   3%|▎         | 692/25193 [3:37:12 > 06:10]
SOAP:   3%|▎         | 693/25193 [3:37:40 > 06:11]
SOAP:   3%|▎         | 694/25193 [3:38:00 > 06:11]
SOAP:   3%|▎         | 695/25193 [3:39:18 > 06:12]
SOAP:   3%|▎         | 696/25193 [3:37:41 > 06:12]
SOAP:   3%|▎         | 697/25193 [3:38:05 > 06:13]
SOAP:   3%|▎         | 698/25193 [3:37:34 > 06:13]
SOAP:   3%|▎         | 699/25193 [3:37:44 > 06:14]
SOAP:   3%|▎         | 700/25193 [3:37:56 > 06:14]
SOAP:   3%|▎         | 701/25193 [3:38:25 > 06:15]
SOAP:   3%|▎         | 702/25193 [3:38:28 > 06:15]
SOAP:   3%|▎         | 703/25193 [3:38:29 > 06:16]
SOAP:   3%|▎         | 704/25193 [3:37:50 > 06:16]
SOAP:   3%|▎         | 705/25193 [3:38:11 > 06:17]
SOAP:   3%|▎         | 706/25193 [3:41:35 > 06:18]
SOAP:   3%|▎         | 707/25193 [3:37:45 > 06:18]
SOAP:   3%|▎         | 708/25193 [3:38:01 > 06:19]
SOAP:   3%|▎         | 709/25193 [3:38:11 > 06:19]
SOAP:   3%|▎         | 710/25193 [3:38:01 > 06:20]
SOAP:   3%|▎         | 711/25193 [3:38:11 > 06:20]
SOAP:   3%|▎         | 712/25193 [3:38:13 > 06:21]
SOAP:   3%|▎         | 713/25193 [3:38:26 > 06:21]
SOAP:   3%|▎         | 714/25193 [3:38:11 > 06:22]
SOAP:   3%|▎         | 715/25193 [3:38:22 > 06:22]
SOAP:   3%|▎         | 716/25193 [3:38:25 > 06:23]
SOAP:   3%|▎         | 717/25193 [3:37:57 > 06:23]
SOAP:   3%|▎         | 718/25193 [3:37:58 > 06:24]
SOAP:   3%|▎         | 719/25193 [3:38:01 > 06:24]
SOAP:   3%|▎         | 720/25193 [3:37:25 > 06:25]
SOAP:   3%|▎         | 721/25193 [3:40:47 > 06:26]
SOAP:   3%|▎         | 722/25193 [3:37:41 > 06:26]
SOAP:   3%|▎         | 723/25193 [3:37:22 > 06:27]
SOAP:   3%|▎         | 724/25193 [3:37:51 > 06:27]
SOAP:   3%|▎         | 725/25193 [3:38:09 > 06:28]
SOAP:   3%|▎         | 726/25193 [3:38:02 > 06:28]
SOAP:   3%|▎         | 727/25193 [3:38:22 > 06:29]
SOAP:   3%|▎         | 728/25193 [3:38:12 > 06:29]
SOAP:   3%|▎         | 729/25193 [3:37:39 > 06:30]
SOAP:   3%|▎         | 730/25193 [3:37:47 > 06:30]
SOAP:   3%|▎         | 731/25193 [3:37:47 > 06:31]
SOAP:   3%|▎         | 732/25193 [3:37:36 > 06:31]
SOAP:   3%|▎         | 733/25193 [3:39:39 > 06:32]
SOAP:   3%|▎         | 734/25193 [3:38:40 > 06:32]
SOAP:   3%|▎         | 735/25193 [3:41:13 > 06:33]
SOAP:   3%|▎         | 736/25193 [3:37:30 > 06:34]
SOAP:   3%|▎         | 737/25193 [3:37:44 > 06:34]
SOAP:   3%|▎         | 738/25193 [3:37:39 > 06:35]
SOAP:   3%|▎         | 739/25193 [3:37:40 > 06:35]
SOAP:   3%|▎         | 740/25193 [3:37:49 > 06:36]
SOAP:   3%|▎         | 741/25193 [3:38:07 > 06:36]
SOAP:   3%|▎         | 742/25193 [3:37:52 > 06:37]
SOAP:   3%|▎         | 743/25193 [3:38:06 > 06:37]
SOAP:   3%|▎         | 744/25193 [3:38:13 > 06:38]
SOAP:   3%|▎         | 745/25193 [3:37:44 > 06:38]
SOAP:   3%|▎         | 746/25193 [3:38:01 > 06:39]
SOAP:   3%|▎         | 747/25193 [3:37:59 > 06:39]
SOAP:   3%|▎         | 748/25193 [3:37:39 > 06:40]
SOAP:   3%|▎         | 749/25193 [3:37:57 > 06:40]
SOAP:   3%|▎         | 750/25193 [3:38:08 > 06:41]
SOAP:   3%|▎         | 751/25193 [3:37:44 > 06:42]
SOAP:   3%|▎         | 752/25193 [3:38:13 > 06:42]
SOAP:   3%|▎         | 753/25193 [3:38:03 > 06:43]
SOAP:   3%|▎         | 754/25193 [3:37:38 > 06:43]
SOAP:   3%|▎         | 755/25193 [3:37:37 > 06:44]
SOAP:   3%|▎         | 756/25193 [3:41:01 > 06:44]
SOAP:   3%|▎         | 757/25193 [3:37:37 > 06:45]
SOAP:   3%|▎         | 758/25193 [3:38:02 > 06:45]
SOAP:   3%|▎         | 759/25193 [3:37:52 > 06:46]
SOAP:   3%|▎         | 760/25193 [3:37:23 > 06:46]
SOAP:   3%|▎         | 761/25193 [3:37:40 > 06:47]
SOAP:   3%|▎         | 762/25193 [3:37:53 > 06:47]
SOAP:   3%|▎         | 763/25193 [3:37:44 > 06:48]
SOAP:   3%|▎         | 764/25193 [3:37:49 > 06:49]
SOAP:   3%|▎         | 765/25193 [3:37:59 > 06:49]
SOAP:   3%|▎         | 766/25193 [3:37:59 > 06:50]
SOAP:   3%|▎         | 767/25193 [3:37:45 > 06:50]
SOAP:   3%|▎         | 768/25193 [3:41:04 > 06:51]
SOAP:   3%|▎         | 769/25193 [3:37:50 > 06:51]
SOAP:   3%|▎         | 770/25193 [3:37:23 > 06:52]
SOAP:   3%|▎         | 771/25193 [3:37:34 > 06:52]
SOAP:   3%|▎         | 772/25193 [3:37:31 > 06:53]
SOAP:   3%|▎         | 773/25193 [3:37:18 > 06:53]
SOAP:   3%|▎         | 774/25193 [3:40:29 > 06:54]
SOAP:   3%|▎         | 775/25193 [3:37:23 > 06:54]
SOAP:   3%|▎         | 776/25193 [3:40:06 > 06:55]
SOAP:   3%|▎         | 777/25193 [3:40:31 > 06:56]
SOAP:   3%|▎         | 778/25193 [3:37:17 > 06:56]
SOAP:   3%|▎         | 779/25193 [3:36:56 > 06:57]
SOAP:   3%|▎         | 780/25193 [3:37:14 > 06:57]
SOAP:   3%|▎         | 781/25193 [3:37:04 > 06:58]
SOAP:   3%|▎         | 782/25193 [3:36:51 > 06:58]
SOAP:   3%|▎         | 783/25193 [3:37:30 > 06:59]
SOAP:   3%|▎         | 784/25193 [3:37:02 > 06:59]
SOAP:   3%|▎         | 785/25193 [3:36:35 > 07:00]
SOAP:   3%|▎         | 786/25193 [3:37:09 > 07:00]
SOAP:   3%|▎         | 787/25193 [3:37:18 > 07:01]
SOAP:   3%|▎         | 788/25193 [3:37:20 > 07:01]
SOAP:   3%|▎         | 789/25193 [3:40:23 > 07:02]
SOAP:   3%|▎         | 790/25193 [3:37:12 > 07:02]
SOAP:   3%|▎         | 791/25193 [3:40:32 > 07:03]
SOAP:   3%|▎         | 792/25193 [3:36:51 > 07:04]
SOAP:   3%|▎         | 793/25193 [3:36:58 > 07:04]
SOAP:   3%|▎         | 794/25193 [3:37:09 > 07:05]
SOAP:   3%|▎         | 795/25193 [3:36:51 > 07:05]
SOAP:   3%|▎         | 796/25193 [3:37:11 > 07:06]
SOAP:   3%|▎         | 797/25193 [3:37:30 > 07:06]
SOAP:   3%|▎         | 798/25193 [3:37:19 > 07:07]
SOAP:   3%|▎         | 799/25193 [3:37:29 > 07:07]
SOAP:   3%|▎         | 800/25193 [3:40:51 > 07:08]
SOAP:   3%|▎         | 801/25193 [3:41:49 > 07:08]
SOAP:   3%|▎         | 802/25193 [3:37:32 > 07:09]
SOAP:   3%|▎         | 803/25193 [3:37:27 > 07:09]
SOAP:   3%|▎         | 804/25193 [3:37:11 > 07:10]
SOAP:   3%|▎         | 805/25193 [3:37:28 > 07:10]
SOAP:   3%|▎         | 806/25193 [3:37:38 > 07:11]
SOAP:   3%|▎         | 807/25193 [3:37:27 > 07:12]
SOAP:   3%|▎         | 808/25193 [3:37:44 > 07:12]
SOAP:   3%|▎         | 809/25193 [3:37:46 > 07:13]
SOAP:   3%|▎         | 810/25193 [3:37:01 > 07:13]
SOAP:   3%|▎         | 811/25193 [3:37:08 > 07:14]
SOAP:   3%|▎         | 812/25193 [3:37:18 > 07:14]
SOAP:   3%|▎         | 813/25193 [3:36:43 > 07:15]
SOAP:   3%|▎         | 814/25193 [3:37:19 > 07:15]
SOAP:   3%|▎         | 815/25193 [3:37:32 > 07:16]
SOAP:   3%|▎         | 816/25193 [3:37:09 > 07:16]
SOAP:   3%|▎         | 817/25193 [3:37:25 > 07:17]
SOAP:   3%|▎         | 818/25193 [3:37:34 > 07:17]
SOAP:   3%|▎         | 819/25193 [3:37:32 > 07:18]
SOAP:   3%|▎         | 820/25193 [3:40:22 > 07:19]
SOAP:   3%|▎         | 821/25193 [3:37:13 > 07:19]
SOAP:   3%|▎         | 822/25193 [3:37:21 > 07:20]
SOAP:   3%|▎         | 823/25193 [3:37:07 > 07:20]
SOAP:   3%|▎         | 824/25193 [3:37:22 > 07:21]
SOAP:   3%|▎         | 825/25193 [3:37:26 > 07:21]
SOAP:   3%|▎         | 826/25193 [3:37:03 > 07:22]
SOAP:   3%|▎         | 827/25193 [3:37:18 > 07:22]
SOAP:   3%|▎         | 828/25193 [3:37:14 > 07:23]
SOAP:   3%|▎         | 829/25193 [3:36:59 > 07:23]
SOAP:   3%|▎         | 830/25193 [3:37:00 > 07:24]
SOAP:   3%|▎         | 831/25193 [3:37:07 > 07:24]
SOAP:   3%|▎         | 832/25193 [3:36:44 > 07:25]
SOAP:   3%|▎         | 833/25193 [3:37:00 > 07:25]
SOAP:   3%|▎         | 834/25193 [3:37:07 > 07:26]
SOAP:   3%|▎         | 835/25193 [3:36:52 > 07:27]
SOAP:   3%|▎         | 836/25193 [3:37:06 > 07:27]
SOAP:   3%|▎         | 837/25193 [3:37:20 > 07:28]
SOAP:   3%|▎         | 838/25193 [3:36:54 > 07:28]
SOAP:   3%|▎         | 839/25193 [3:37:07 > 07:29]
SOAP:   3%|▎         | 840/25193 [3:36:56 > 07:29]
SOAP:   3%|▎         | 841/25193 [3:36:37 > 07:30]
SOAP:   3%|▎         | 842/25193 [3:36:41 > 07:30]
SOAP:   3%|▎         | 843/25193 [3:36:33 > 07:31]
SOAP:   3%|▎         | 844/25193 [3:36:39 > 07:31]
SOAP:   3%|▎         | 845/25193 [3:37:22 > 07:32]
SOAP:   3%|▎         | 846/25193 [3:37:28 > 07:32]
SOAP:   3%|▎         | 847/25193 [3:37:20 > 07:33]
SOAP:   3%|▎         | 848/25193 [3:37:16 > 07:33]
SOAP:   3%|▎         | 849/25193 [3:37:28 > 07:34]
SOAP:   3%|▎         | 850/25193 [3:37:21 > 07:35]
SOAP:   3%|▎         | 851/25193 [3:36:37 > 07:35]
SOAP:   3%|▎         | 852/25193 [3:36:55 > 07:36]
SOAP:   3%|▎         | 853/25193 [3:36:54 > 07:36]
SOAP:   3%|▎         | 854/25193 [3:36:27 > 07:37]
SOAP:   3%|▎         | 855/25193 [3:36:31 > 07:37]
SOAP:   3%|▎         | 856/25193 [3:36:43 > 07:38]
SOAP:   3%|▎         | 857/25193 [3:36:39 > 07:38]
SOAP:   3%|▎         | 858/25193 [3:36:39 > 07:39]
SOAP:   3%|▎         | 859/25193 [3:36:47 > 07:39]
SOAP:   3%|▎         | 860/25193 [3:36:16 > 07:40]
SOAP:   3%|▎         | 861/25193 [3:36:36 > 07:40]
SOAP:   3%|▎         | 862/25193 [3:36:45 > 07:41]
SOAP:   3%|▎         | 863/25193 [3:36:25 > 07:42]
SOAP:   3%|▎         | 864/25193 [3:36:46 > 07:42]
SOAP:   3%|▎         | 865/25193 [3:36:58 > 07:43]
SOAP:   3%|▎         | 866/25193 [3:36:37 > 07:43]
SOAP:   3%|▎         | 867/25193 [3:37:06 > 07:44]
SOAP:   3%|▎         | 868/25193 [3:36:56 > 07:44]
SOAP:   3%|▎         | 869/25193 [3:36:16 > 07:45]
SOAP:   3%|▎         | 870/25193 [3:36:24 > 07:45]
SOAP:   3%|▎         | 871/25193 [3:36:17 > 07:46]
SOAP:   3%|▎         | 872/25193 [3:36:15 > 07:46]
SOAP:   3%|▎         | 873/25193 [3:36:26 > 07:47]
SOAP:   3%|▎         | 874/25193 [3:36:55 > 07:47]
SOAP:   3%|▎         | 875/25193 [3:37:00 > 07:48]
SOAP:   3%|▎         | 876/25193 [3:36:35 > 07:48]
SOAP:   3%|▎         | 877/25193 [3:36:38 > 07:49]
SOAP:   3%|▎         | 878/25193 [3:36:48 > 07:50]
SOAP:   3%|▎         | 879/25193 [3:36:39 > 07:50]
SOAP:   3%|▎         | 880/25193 [3:36:41 > 07:51]
SOAP:   3%|▎         | 881/25193 [3:36:42 > 07:51]
SOAP:   4%|▎         | 882/25193 [3:36:26 > 07:52]
SOAP:   4%|▎         | 883/25193 [3:36:31 > 07:52]
SOAP:   4%|▎         | 884/25193 [3:36:32 > 07:53]
SOAP:   4%|▎         | 885/25193 [3:36:08 > 07:53]
SOAP:   4%|▎         | 886/25193 [3:36:21 > 07:54]
SOAP:   4%|▎         | 887/25193 [3:36:21 > 07:54]
SOAP:   4%|▎         | 888/25193 [3:36:32 > 07:55]
SOAP:   4%|▎         | 889/25193 [3:39:49 > 07:55]
SOAP:   4%|▎         | 890/25193 [3:36:25 > 07:56]
SOAP:   4%|▎         | 891/25193 [3:35:50 > 07:56]
SOAP:   4%|▎         | 892/25193 [3:36:09 > 07:57]
SOAP:   4%|▎         | 893/25193 [3:36:14 > 07:58]
SOAP:   4%|▎         | 894/25193 [3:35:59 > 07:58]
SOAP:   4%|▎         | 895/25193 [3:36:16 > 07:59]
SOAP:   4%|▎         | 896/25193 [3:36:08 > 07:59]
SOAP:   4%|▎         | 897/25193 [3:36:16 > 08:00]
SOAP:   4%|▎         | 898/25193 [3:36:24 > 08:00]
SOAP:   4%|▎         | 899/25193 [3:39:48 > 08:01]
SOAP:   4%|▎         | 900/25193 [3:36:17 > 08:01]
SOAP:   4%|▎         | 901/25193 [3:37:22 > 08:02]
SOAP:   4%|▎         | 902/25193 [3:37:20 > 08:02]
SOAP:   4%|▎         | 903/25193 [3:37:32 > 08:03]
SOAP:   4%|▎         | 904/25193 [3:37:08 > 08:03]
SOAP:   4%|▎         | 905/25193 [3:36:58 > 08:04]
SOAP:   4%|▎         | 906/25193 [3:37:04 > 08:05]
SOAP:   4%|▎         | 907/25193 [3:36:36 > 08:05]
SOAP:   4%|▎         | 908/25193 [3:36:44 > 08:06]
SOAP:   4%|▎         | 909/25193 [3:36:59 > 08:06]
SOAP:   4%|▎         | 910/25193 [3:36:55 > 08:07]
SOAP:   4%|▎         | 911/25193 [3:36:46 > 08:07]
SOAP:   4%|▎         | 912/25193 [3:36:49 > 08:08]
SOAP:   4%|▎         | 913/25193 [3:36:23 > 08:08]
SOAP:   4%|▎         | 914/25193 [3:36:45 > 08:09]
SOAP:   4%|▎         | 915/25193 [3:36:30 > 08:09]
SOAP:   4%|▎         | 916/25193 [3:36:14 > 08:10]
SOAP:   4%|▎         | 917/25193 [3:36:18 > 08:10]
SOAP:   4%|▎         | 918/25193 [3:39:28 > 08:11]
SOAP:   4%|▎         | 919/25193 [3:35:56 > 08:11]
SOAP:   4%|▎         | 920/25193 [3:36:21 > 08:12]
SOAP:   4%|▎         | 921/25193 [3:36:07 > 08:13]
SOAP:   4%|▎         | 922/25193 [3:36:05 > 08:13]
SOAP:   4%|▎         | 923/25193 [3:36:13 > 08:14]
SOAP:   4%|▎         | 924/25193 [3:39:06 > 08:14]
SOAP:   4%|▎         | 925/25193 [3:35:48 > 08:15]
SOAP:   4%|▎         | 926/25193 [3:35:53 > 08:15]
SOAP:   4%|▎         | 927/25193 [3:36:08 > 08:16]
SOAP:   4%|▎         | 928/25193 [3:36:31 > 08:16]
SOAP:   4%|▎         | 929/25193 [3:36:13 > 08:17]
SOAP:   4%|▎         | 930/25193 [3:36:26 > 08:17]
SOAP:   4%|▎         | 931/25193 [3:36:22 > 08:18]
SOAP:   4%|▎         | 932/25193 [3:35:57 > 08:18]
SOAP:   4%|▎         | 933/25193 [3:36:07 > 08:19]
SOAP:   4%|▎         | 934/25193 [3:35:56 > 08:20]
SOAP:   4%|▎         | 935/25193 [3:36:01 > 08:20]
SOAP:   4%|▎         | 936/25193 [3:36:34 > 08:21]
SOAP:   4%|▎         | 937/25193 [3:36:06 > 08:21]
SOAP:   4%|▎         | 938/25193 [3:35:50 > 08:22]
SOAP:   4%|▎         | 939/25193 [3:36:08 > 08:22]
SOAP:   4%|▎         | 940/25193 [3:36:24 > 08:23]
SOAP:   4%|▎         | 941/25193 [3:35:59 > 08:23]
SOAP:   4%|▎         | 942/25193 [3:36:07 > 08:24]
SOAP:   4%|▎         | 943/25193 [3:38:48 > 08:24]
SOAP:   4%|▎         | 944/25193 [3:38:06 > 08:25]
SOAP:   4%|▍         | 945/25193 [3:38:22 > 08:25]
SOAP:   4%|▍         | 946/25193 [3:38:14 > 08:26]
SOAP:   4%|▍         | 947/25193 [3:38:05 > 08:26]
SOAP:   4%|▍         | 948/25193 [3:38:27 > 08:27]
SOAP:   4%|▍         | 949/25193 [3:38:15 > 08:28]
SOAP:   4%|▍         | 950/25193 [3:38:12 > 08:28]
SOAP:   4%|▍         | 951/25193 [3:38:19 > 08:29]
SOAP:   4%|▍         | 952/25193 [3:38:10 > 08:29]
SOAP:   4%|▍         | 953/25193 [3:37:56 > 08:30]
SOAP:   4%|▍         | 954/25193 [3:37:49 > 08:30]
SOAP:   4%|▍         | 955/25193 [3:38:03 > 08:31]
SOAP:   4%|▍         | 956/25193 [3:38:11 > 08:31]
SOAP:   4%|▍         | 957/25193 [3:38:10 > 08:32]
SOAP:   4%|▍         | 958/25193 [3:35:29 > 08:32]
SOAP:   4%|▍         | 959/25193 [3:38:46 > 08:33]
SOAP:   4%|▍         | 960/25193 [3:38:06 > 08:34]
SOAP:   4%|▍         | 961/25193 [3:38:46 > 08:34]
SOAP:   4%|▍         | 962/25193 [3:38:12 > 08:35]
SOAP:   4%|▍         | 963/25193 [3:38:00 > 08:35]
SOAP:   4%|▍         | 964/25193 [3:38:01 > 08:36]
SOAP:   4%|▍         | 965/25193 [3:34:31 > 08:36]
SOAP:   4%|▍         | 966/25193 [3:37:40 > 08:37]
SOAP:   4%|▍         | 967/25193 [3:38:00 > 08:37]
SOAP:   4%|▍         | 968/25193 [3:38:01 > 08:38]
SOAP:   4%|▍         | 969/25193 [3:37:50 > 08:38]
SOAP:   4%|▍         | 970/25193 [3:35:06 > 08:39]
SOAP:   4%|▍         | 971/25193 [3:35:13 > 08:39]
SOAP:   4%|▍         | 972/25193 [3:35:22 > 08:40]
SOAP:   4%|▍         | 973/25193 [3:38:39 > 08:41]
SOAP:   4%|▍         | 974/25193 [3:38:01 > 08:41]
SOAP:   4%|▍         | 975/25193 [3:37:48 > 08:42]
SOAP:   4%|▍         | 976/25193 [3:37:59 > 08:42]
SOAP:   4%|▍         | 977/25193 [3:37:19 > 08:43]
SOAP:   4%|▍         | 978/25193 [3:37:01 > 08:43]
SOAP:   4%|▍         | 979/25193 [3:37:21 > 08:44]
SOAP:   4%|▍         | 980/25193 [3:37:08 > 08:44]
SOAP:   4%|▍         | 981/25193 [3:37:09 > 08:45]
SOAP:   4%|▍         | 982/25193 [3:37:24 > 08:45]
SOAP:   4%|▍         | 983/25193 [3:37:35 > 08:46]
SOAP:   4%|▍         | 984/25193 [3:37:32 > 08:46]
SOAP:   4%|▍         | 985/25193 [3:34:18 > 08:47]
SOAP:   4%|▍         | 986/25193 [3:37:47 > 08:48]
SOAP:   4%|▍         | 987/25193 [3:37:47 > 08:48]
SOAP:   4%|▍         | 988/25193 [3:37:57 > 08:49]
SOAP:   4%|▍         | 989/25193 [3:38:09 > 08:49]
SOAP:   4%|▍         | 990/25193 [3:35:24 > 08:50]
SOAP:   4%|▍         | 991/25193 [3:35:26 > 08:50]
SOAP:   4%|▍         | 992/25193 [3:38:45 > 08:51]
SOAP:   4%|▍         | 993/25193 [3:38:03 > 08:51]
SOAP:   4%|▍         | 994/25193 [3:37:41 > 08:52]
SOAP:   4%|▍         | 995/25193 [3:38:08 > 08:52]
SOAP:   4%|▍         | 996/25193 [3:37:39 > 08:53]
SOAP:   4%|▍         | 997/25193 [3:37:34 > 08:53]
SOAP:   4%|▍         | 998/25193 [3:37:22 > 08:54]
SOAP:   4%|▍         | 999/25193 [3:37:29 > 08:55]
SOAP:   4%|▍         | 1000/25193 [3:37:11 > 08:55]
SOAP:   4%|▍         | 1001/25193 [3:39:26 > 08:56]
SOAP:   4%|▍         | 1002/25193 [3:38:12 > 08:56]
SOAP:   4%|▍         | 1003/25193 [3:38:04 > 08:57]
SOAP:   4%|▍         | 1004/25193 [3:38:14 > 08:57]
SOAP:   4%|▍         | 1005/25193 [3:37:56 > 08:58]
SOAP:   4%|▍         | 1006/25193 [3:37:36 > 08:58]
SOAP:   4%|▍         | 1007/25193 [3:38:01 > 08:59]
SOAP:   4%|▍         | 1008/25193 [3:37:17 > 08:59]
SOAP:   4%|▍         | 1009/25193 [3:37:05 > 09:00]
SOAP:   4%|▍         | 1010/25193 [3:35:37 > 09:00]
SOAP:   4%|▍         | 1011/25193 [3:37:19 > 09:01]
SOAP:   4%|▍         | 1012/25193 [3:36:59 > 09:02]
SOAP:   4%|▍         | 1013/25193 [3:37:34 > 09:02]
SOAP:   4%|▍         | 1014/25193 [3:37:41 > 09:03]
SOAP:   4%|▍         | 1015/25193 [3:37:44 > 09:03]
SOAP:   4%|▍         | 1016/25193 [3:37:53 > 09:04]
SOAP:   4%|▍         | 1017/25193 [3:37:25 > 09:04]
SOAP:   4%|▍         | 1018/25193 [3:37:26 > 09:05]
SOAP:   4%|▍         | 1019/25193 [3:37:14 > 09:05]
SOAP:   4%|▍         | 1020/25193 [3:37:13 > 09:06]
SOAP:   4%|▍         | 1021/25193 [3:37:29 > 09:06]
SOAP:   4%|▍         | 1022/25193 [3:34:26 > 09:07]
SOAP:   4%|▍         | 1023/25193 [3:38:11 > 09:07]
SOAP:   4%|▍         | 1024/25193 [3:34:36 > 09:08]
SOAP:   4%|▍         | 1025/25193 [3:37:58 > 09:09]
SOAP:   4%|▍         | 1026/25193 [3:38:14 > 09:09]
SOAP:   4%|▍         | 1027/25193 [3:38:00 > 09:10]
SOAP:   4%|▍         | 1028/25193 [3:37:30 > 09:10]
SOAP:   4%|▍         | 1029/25193 [3:37:47 > 09:11]
SOAP:   4%|▍         | 1030/25193 [3:37:27 > 09:11]
SOAP:   4%|▍         | 1031/25193 [3:37:15 > 09:12]
SOAP:   4%|▍         | 1032/25193 [3:37:44 > 09:12]
SOAP:   4%|▍         | 1033/25193 [3:37:05 > 09:13]
SOAP:   4%|▍         | 1034/25193 [3:37:48 > 09:13]
SOAP:   4%|▍         | 1035/25193 [3:37:32 > 09:14]
SOAP:   4%|▍         | 1036/25193 [3:37:40 > 09:14]
SOAP:   4%|▍         | 1037/25193 [3:37:35 > 09:15]
SOAP:   4%|▍         | 1038/25193 [3:34:55 > 09:16]
SOAP:   4%|▍         | 1039/25193 [3:37:44 > 09:16]
SOAP:   4%|▍         | 1040/25193 [3:37:25 > 09:17]
SOAP:   4%|▍         | 1041/25193 [3:37:40 > 09:17]
SOAP:   4%|▍         | 1042/25193 [3:37:28 > 09:18]
SOAP:   4%|▍         | 1043/25193 [3:37:22 > 09:18]
SOAP:   4%|▍         | 1044/25193 [3:37:43 > 09:19]
SOAP:   4%|▍         | 1045/25193 [3:37:00 > 09:19]
SOAP:   4%|▍         | 1046/25193 [3:37:01 > 09:20]
SOAP:   4%|▍         | 1047/25193 [3:37:10 > 09:20]
SOAP:   4%|▍         | 1048/25193 [3:36:58 > 09:21]
SOAP:   4%|▍         | 1049/25193 [3:37:09 > 09:21]
SOAP:   4%|▍         | 1050/25193 [3:37:22 > 09:22]
SOAP:   4%|▍         | 1051/25193 [3:34:04 > 09:23]
SOAP:   4%|▍         | 1052/25193 [3:37:29 > 09:23]
SOAP:   4%|▍         | 1053/25193 [3:37:16 > 09:24]
SOAP:   4%|▍         | 1054/25193 [3:37:02 > 09:24]
SOAP:   4%|▍         | 1055/25193 [3:37:01 > 09:25]
SOAP:   4%|▍         | 1056/25193 [3:37:02 > 09:25]
SOAP:   4%|▍         | 1057/25193 [3:37:30 > 09:26]
SOAP:   4%|▍         | 1058/25193 [3:33:53 > 09:26]
SOAP:   4%|▍         | 1059/25193 [3:37:09 > 09:27]
SOAP:   4%|▍         | 1060/25193 [3:37:19 > 09:27]
SOAP:   4%|▍         | 1061/25193 [3:34:41 > 09:28]
SOAP:   4%|▍         | 1062/25193 [3:37:03 > 09:28]
SOAP:   4%|▍         | 1063/25193 [3:37:09 > 09:29]
SOAP:   4%|▍         | 1064/25193 [3:37:05 > 09:30]
SOAP:   4%|▍         | 1065/25193 [3:37:00 > 09:30]
SOAP:   4%|▍         | 1066/25193 [3:34:19 > 09:31]
SOAP:   4%|▍         | 1067/25193 [3:37:23 > 09:31]
SOAP:   4%|▍         | 1068/25193 [3:37:05 > 09:32]
SOAP:   4%|▍         | 1069/25193 [3:37:21 > 09:32]
SOAP:   4%|▍         | 1070/25193 [3:37:26 > 09:33]
SOAP:   4%|▍         | 1071/25193 [3:37:03 > 09:33]
SOAP:   4%|▍         | 1072/25193 [3:37:12 > 09:34]
SOAP:   4%|▍         | 1073/25193 [3:37:08 > 09:34]
SOAP:   4%|▍         | 1074/25193 [3:36:36 > 09:35]
SOAP:   4%|▍         | 1075/25193 [3:33:44 > 09:35]
SOAP:   4%|▍         | 1076/25193 [3:37:03 > 09:36]
SOAP:   4%|▍         | 1077/25193 [3:36:58 > 09:37]
SOAP:   4%|▍         | 1078/25193 [3:37:24 > 09:37]
SOAP:   4%|▍         | 1079/25193 [3:37:22 > 09:38]
SOAP:   4%|▍         | 1080/25193 [3:37:24 > 09:38]
SOAP:   4%|▍         | 1081/25193 [3:37:19 > 09:39]
SOAP:   4%|▍         | 1082/25193 [3:36:58 > 09:39]
SOAP:   4%|▍         | 1083/25193 [3:37:01 > 09:40]
SOAP:   4%|▍         | 1084/25193 [3:36:45 > 09:40]
SOAP:   4%|▍         | 1085/25193 [3:33:58 > 09:41]
SOAP:   4%|▍         | 1086/25193 [3:34:36 > 09:41]
SOAP:   4%|▍         | 1087/25193 [3:37:25 > 09:42]
SOAP:   4%|▍         | 1088/25193 [3:37:06 > 09:43]
SOAP:   4%|▍         | 1089/25193 [3:36:52 > 09:43]
SOAP:   4%|▍         | 1090/25193 [3:37:03 > 09:44]
SOAP:   4%|▍         | 1091/25193 [3:34:08 > 09:44]
SOAP:   4%|▍         | 1092/25193 [3:37:27 > 09:45]
SOAP:   4%|▍         | 1093/25193 [3:37:20 > 09:45]
SOAP:   4%|▍         | 1094/25193 [3:37:10 > 09:46]
SOAP:   4%|▍         | 1095/25193 [3:37:15 > 09:46]
SOAP:   4%|▍         | 1096/25193 [3:36:32 > 09:47]
SOAP:   4%|▍         | 1097/25193 [3:36:52 > 09:47]
SOAP:   4%|▍         | 1098/25193 [3:36:39 > 09:48]
SOAP:   4%|▍         | 1099/25193 [3:36:05 > 09:48]
SOAP:   4%|▍         | 1100/25193 [3:36:30 > 09:49]
SOAP:   4%|▍         | 1101/25193 [3:38:02 > 09:50]
SOAP:   4%|▍         | 1102/25193 [3:36:44 > 09:50]
SOAP:   4%|▍         | 1103/25193 [3:33:51 > 09:51]
SOAP:   4%|▍         | 1104/25193 [3:37:03 > 09:51]
SOAP:   4%|▍         | 1105/25193 [3:36:10 > 09:52]
SOAP:   4%|▍         | 1106/25193 [3:37:10 > 09:52]
SOAP:   4%|▍         | 1107/25193 [3:36:50 > 09:53]
SOAP:   4%|▍         | 1108/25193 [3:36:20 > 09:53]
SOAP:   4%|▍         | 1109/25193 [3:36:46 > 09:54]
SOAP:   4%|▍         | 1110/25193 [3:36:50 > 09:54]
SOAP:   4%|▍         | 1111/25193 [3:36:41 > 09:55]
SOAP:   4%|▍         | 1112/25193 [3:36:27 > 09:55]
SOAP:   4%|▍         | 1113/25193 [3:36:30 > 09:56]
SOAP:   4%|▍         | 1114/25193 [3:36:26 > 09:57]
SOAP:   4%|▍         | 1115/25193 [3:33:32 > 09:57]
SOAP:   4%|▍         | 1116/25193 [3:37:44 > 09:58]
SOAP:   4%|▍         | 1117/25193 [3:33:33 > 09:58]
SOAP:   4%|▍         | 1118/25193 [3:37:01 > 09:59]
SOAP:   4%|▍         | 1119/25193 [3:37:01 > 09:59]
SOAP:   4%|▍         | 1120/25193 [3:33:56 > 10:00]
SOAP:   4%|▍         | 1121/25193 [3:37:10 > 10:00]
SOAP:   4%|▍         | 1122/25193 [3:37:10 > 10:01]
SOAP:   4%|▍         | 1123/25193 [3:37:06 > 10:01]
SOAP:   4%|▍         | 1124/25193 [3:37:06 > 10:02]
SOAP:   4%|▍         | 1125/25193 [3:34:07 > 10:02]
SOAP:   4%|▍         | 1126/25193 [3:37:10 > 10:03]
SOAP:   4%|▍         | 1127/25193 [3:36:31 > 10:04]
SOAP:   4%|▍         | 1128/25193 [3:36:35 > 10:04]
SOAP:   4%|▍         | 1129/25193 [3:36:43 > 10:05]
SOAP:   4%|▍         | 1130/25193 [3:36:04 > 10:05]
SOAP:   4%|▍         | 1131/25193 [3:36:17 > 10:06]
SOAP:   4%|▍         | 1132/25193 [3:37:28 > 10:06]
SOAP:   4%|▍         | 1133/25193 [3:33:49 > 10:07]
SOAP:   5%|▍         | 1134/25193 [3:37:07 > 10:07]
SOAP:   5%|▍         | 1135/25193 [3:36:59 > 10:08]
SOAP:   5%|▍         | 1136/25193 [3:36:51 > 10:08]
SOAP:   5%|▍         | 1137/25193 [3:36:39 > 10:09]
SOAP:   5%|▍         | 1138/25193 [3:36:00 > 10:09]
SOAP:   5%|▍         | 1139/25193 [3:35:46 > 10:10]
SOAP:   5%|▍         | 1140/25193 [3:36:04 > 10:11]
SOAP:   5%|▍         | 1141/25193 [3:33:13 > 10:11]
SOAP:   5%|▍         | 1142/25193 [3:33:15 > 10:12]
SOAP:   5%|▍         | 1143/25193 [3:33:30 > 10:12]
SOAP:   5%|▍         | 1144/25193 [3:36:40 > 10:13]
SOAP:   5%|▍         | 1145/25193 [3:36:28 > 10:13]
SOAP:   5%|▍         | 1146/25193 [3:36:44 > 10:14]
SOAP:   5%|▍         | 1147/25193 [3:36:41 > 10:14]
SOAP:   5%|▍         | 1148/25193 [3:36:39 > 10:15]
SOAP:   5%|▍         | 1149/25193 [3:36:25 > 10:15]
SOAP:   5%|▍         | 1150/25193 [3:36:26 > 10:16]
SOAP:   5%|▍         | 1151/25193 [3:36:24 > 10:16]
SOAP:   5%|▍         | 1152/25193 [3:36:33 > 10:17]
SOAP:   5%|▍         | 1153/25193 [3:36:43 > 10:18]
SOAP:   5%|▍         | 1154/25193 [3:33:11 > 10:18]
SOAP:   5%|▍         | 1155/25193 [3:35:32 > 10:19]
SOAP:   5%|▍         | 1156/25193 [3:36:55 > 10:19]
SOAP:   5%|▍         | 1157/25193 [3:36:31 > 10:20]
SOAP:   5%|▍         | 1158/25193 [3:36:45 > 10:20]
SOAP:   5%|▍         | 1159/25193 [3:36:31 > 10:21]
SOAP:   5%|▍         | 1160/25193 [3:34:04 > 10:21]
SOAP:   5%|▍         | 1161/25193 [3:36:01 > 10:22]
SOAP:   5%|▍         | 1162/25193 [3:36:07 > 10:22]
SOAP:   5%|▍         | 1163/25193 [3:35:56 > 10:23]
SOAP:   5%|▍         | 1164/25193 [3:36:13 > 10:23]
SOAP:   5%|▍         | 1165/25193 [3:36:43 > 10:24]
SOAP:   5%|▍         | 1166/25193 [3:33:22 > 10:25]
SOAP:   5%|▍         | 1167/25193 [3:36:24 > 10:25]
SOAP:   5%|▍         | 1168/25193 [3:36:53 > 10:26]
SOAP:   5%|▍         | 1169/25193 [3:35:08 > 10:26]
SOAP:   5%|▍         | 1170/25193 [3:36:20 > 10:27]
SOAP:   5%|▍         | 1171/25193 [3:36:38 > 10:27]
SOAP:   5%|▍         | 1172/25193 [3:36:06 > 10:28]
SOAP:   5%|▍         | 1173/25193 [3:36:03 > 10:28]
SOAP:   5%|▍         | 1174/25193 [3:35:57 > 10:29]
SOAP:   5%|▍         | 1175/25193 [3:32:55 > 10:29]
SOAP:   5%|▍         | 1176/25193 [3:36:16 > 10:30]
SOAP:   5%|▍         | 1177/25193 [3:36:19 > 10:30]
SOAP:   5%|▍         | 1178/25193 [3:35:50 > 10:31]
SOAP:   5%|▍         | 1179/25193 [3:34:40 > 10:32]
SOAP:   5%|▍         | 1180/25193 [3:36:45 > 10:32]
SOAP:   5%|▍         | 1181/25193 [3:36:21 > 10:33]
SOAP:   5%|▍         | 1182/25193 [3:33:10 > 10:33]
SOAP:   5%|▍         | 1183/25193 [3:33:19 > 10:34]
SOAP:   5%|▍         | 1184/25193 [3:36:42 > 10:34]
SOAP:   5%|▍         | 1185/25193 [3:36:31 > 10:35]
SOAP:   5%|▍         | 1186/25193 [3:36:25 > 10:35]
SOAP:   5%|▍         | 1187/25193 [3:36:00 > 10:36]
SOAP:   5%|▍         | 1188/25193 [3:35:23 > 10:36]
SOAP:   5%|▍         | 1189/25193 [3:35:52 > 10:37]
SOAP:   5%|▍         | 1190/25193 [3:36:00 > 10:37]
SOAP:   5%|▍         | 1191/25193 [3:35:30 > 10:38]
SOAP:   5%|▍         | 1192/25193 [3:35:28 > 10:39]
SOAP:   5%|▍         | 1193/25193 [3:35:30 > 10:39]
SOAP:   5%|▍         | 1194/25193 [3:35:00 > 10:40]
SOAP:   5%|▍         | 1195/25193 [3:35:23 > 10:40]
SOAP:   5%|▍         | 1196/25193 [3:34:23 > 10:41]
SOAP:   5%|▍         | 1197/25193 [3:35:23 > 10:41]
SOAP:   5%|▍         | 1198/25193 [3:35:41 > 10:42]
SOAP:   5%|▍         | 1199/25193 [3:36:07 > 10:42]
SOAP:   5%|▍         | 1200/25193 [3:36:04 > 10:43]
SOAP:   5%|▍         | 1201/25193 [3:33:49 > 10:43]
SOAP:   5%|▍         | 1202/25193 [3:37:10 > 10:44]
SOAP:   5%|▍         | 1203/25193 [3:36:07 > 10:45]
SOAP:   5%|▍         | 1204/25193 [3:36:00 > 10:45]
SOAP:   5%|▍         | 1205/25193 [3:36:03 > 10:46]
SOAP:   5%|▍         | 1206/25193 [3:35:31 > 10:46]
SOAP:   5%|▍         | 1207/25193 [3:35:29 > 10:47]
SOAP:   5%|▍         | 1208/25193 [3:32:43 > 10:47]
SOAP:   5%|▍         | 1209/25193 [3:35:59 > 10:48]
SOAP:   5%|▍         | 1210/25193 [3:33:11 > 10:48]
SOAP:   5%|▍         | 1211/25193 [3:36:41 > 10:49]
SOAP:   5%|▍         | 1212/25193 [3:36:02 > 10:49]
SOAP:   5%|▍         | 1213/25193 [3:32:53 > 10:50]
SOAP:   5%|▍         | 1214/25193 [3:36:15 > 10:50]
SOAP:   5%|▍         | 1215/25193 [3:35:59 > 10:51]
SOAP:   5%|▍         | 1216/25193 [3:35:49 > 10:52]
SOAP:   5%|▍         | 1217/25193 [3:37:59 > 10:52]
SOAP:   5%|▍         | 1218/25193 [3:35:40 > 10:53]
SOAP:   5%|▍         | 1219/25193 [3:35:38 > 10:53]
SOAP:   5%|▍         | 1220/25193 [3:34:34 > 10:54]
SOAP:   5%|▍         | 1221/25193 [3:35:49 > 10:54]
SOAP:   5%|▍         | 1222/25193 [3:35:35 > 10:55]
SOAP:   5%|▍         | 1223/25193 [3:32:32 > 10:55]
SOAP:   5%|▍         | 1224/25193 [3:36:09 > 10:56]
SOAP:   5%|▍         | 1225/25193 [3:35:44 > 10:56]
SOAP:   5%|▍         | 1226/25193 [3:36:05 > 10:57]
SOAP:   5%|▍         | 1227/25193 [3:35:40 > 10:57]
SOAP:   5%|▍         | 1228/25193 [3:35:16 > 10:58]
SOAP:   5%|▍         | 1229/25193 [3:35:25 > 10:59]
SOAP:   5%|▍         | 1230/25193 [3:32:14 > 10:59]
SOAP:   5%|▍         | 1231/25193 [3:35:13 > 11:00]
SOAP:   5%|▍         | 1232/25193 [3:35:40 > 11:00]
SOAP:   5%|▍         | 1233/25193 [3:32:57 > 11:01]
SOAP:   5%|▍         | 1234/25193 [3:32:54 > 11:01]
SOAP:   5%|▍         | 1235/25193 [3:33:07 > 11:02]
SOAP:   5%|▍         | 1236/25193 [3:33:23 > 11:02]
SOAP:   5%|▍         | 1237/25193 [3:33:15 > 11:03]
SOAP:   5%|▍         | 1238/25193 [3:33:15 > 11:03]
SOAP:   5%|▍         | 1239/25193 [3:33:32 > 11:04]
SOAP:   5%|▍         | 1240/25193 [3:33:06 > 11:04]
SOAP:   5%|▍         | 1241/25193 [3:33:21 > 11:05]
SOAP:   5%|▍         | 1242/25193 [3:33:22 > 11:05]
SOAP:   5%|▍         | 1243/25193 [3:33:04 > 11:06]
SOAP:   5%|▍         | 1244/25193 [3:33:09 > 11:07]
SOAP:   5%|▍         | 1245/25193 [3:34:08 > 11:07]
SOAP:   5%|▍         | 1246/25193 [3:33:54 > 11:08]
SOAP:   5%|▍         | 1247/25193 [3:33:44 > 11:08]
SOAP:   5%|▍         | 1248/25193 [3:33:41 > 11:09]
SOAP:   5%|▍         | 1249/25193 [3:33:34 > 11:09]
SOAP:   5%|▍         | 1250/25193 [3:33:11 > 11:10]
SOAP:   5%|▍         | 1251/25193 [3:33:13 > 11:10]
SOAP:   5%|▍         | 1252/25193 [3:33:21 > 11:11]
SOAP:   5%|▍         | 1253/25193 [3:33:00 > 11:11]
SOAP:   5%|▍         | 1254/25193 [3:33:13 > 11:12]
SOAP:   5%|▍         | 1255/25193 [3:33:31 > 11:12]
SOAP:   5%|▍         | 1256/25193 [3:33:08 > 11:13]
SOAP:   5%|▍         | 1257/25193 [3:33:21 > 11:13]
SOAP:   5%|▍         | 1258/25193 [3:33:37 > 11:14]
SOAP:   5%|▍         | 1259/25193 [3:33:18 > 11:15]
SOAP:   5%|▌         | 1260/25193 [3:33:33 > 11:15]
SOAP:   5%|▌         | 1261/25193 [3:33:36 > 11:16]
SOAP:   5%|▌         | 1262/25193 [3:33:02 > 11:16]
SOAP:   5%|▌         | 1263/25193 [3:33:09 > 11:17]
SOAP:   5%|▌         | 1264/25193 [3:33:02 > 11:17]
SOAP:   5%|▌         | 1265/25193 [3:32:50 > 11:18]
SOAP:   5%|▌         | 1266/25193 [3:33:00 > 11:18]
SOAP:   5%|▌         | 1267/25193 [3:33:15 > 11:19]
SOAP:   5%|▌         | 1268/25193 [3:33:06 > 11:19]
SOAP:   5%|▌         | 1269/25193 [3:33:14 > 11:20]
SOAP:   5%|▌         | 1270/25193 [3:35:06 > 11:20]
SOAP:   5%|▌         | 1271/25193 [3:33:59 > 11:21]
SOAP:   5%|▌         | 1272/25193 [3:33:30 > 11:22]
SOAP:   5%|▌         | 1273/25193 [3:33:41 > 11:22]
SOAP:   5%|▌         | 1274/25193 [3:33:29 > 11:23]
SOAP:   5%|▌         | 1275/25193 [3:33:10 > 11:23]
SOAP:   5%|▌         | 1276/25193 [3:33:06 > 11:24]
SOAP:   5%|▌         | 1277/25193 [3:33:16 > 11:24]
SOAP:   5%|▌         | 1278/25193 [3:33:03 > 11:25]
SOAP:   5%|▌         | 1279/25193 [3:33:18 > 11:25]
SOAP:   5%|▌         | 1280/25193 [3:33:14 > 11:26]
SOAP:   5%|▌         | 1281/25193 [3:32:53 > 11:26]
SOAP:   5%|▌         | 1282/25193 [3:33:00 > 11:27]
SOAP:   5%|▌         | 1283/25193 [3:33:14 > 11:27]
SOAP:   5%|▌         | 1284/25193 [3:32:53 > 11:28]
SOAP:   5%|▌         | 1285/25193 [3:33:01 > 11:28]
SOAP:   5%|▌         | 1286/25193 [3:33:09 > 11:29]
SOAP:   5%|▌         | 1287/25193 [3:32:46 > 11:30]
SOAP:   5%|▌         | 1288/25193 [3:32:54 > 11:30]
SOAP:   5%|▌         | 1289/25193 [3:33:11 > 11:31]
SOAP:   5%|▌         | 1290/25193 [3:32:53 > 11:31]
SOAP:   5%|▌         | 1291/25193 [3:33:07 > 11:32]
SOAP:   5%|▌         | 1292/25193 [3:33:16 > 11:32]
SOAP:   5%|▌         | 1293/25193 [3:34:25 > 11:33]
SOAP:   5%|▌         | 1294/25193 [3:33:37 > 11:33]
SOAP:   5%|▌         | 1295/25193 [3:33:35 > 11:34]
SOAP:   5%|▌         | 1296/25193 [3:33:11 > 11:34]
SOAP:   5%|▌         | 1297/25193 [3:33:18 > 11:35]
SOAP:   5%|▌         | 1298/25193 [3:33:09 > 11:35]
SOAP:   5%|▌         | 1299/25193 [3:32:56 > 11:36]
SOAP:   5%|▌         | 1300/25193 [3:32:49 > 11:36]
SOAP:   5%|▌         | 1301/25193 [3:34:20 > 11:37]
SOAP:   5%|▌         | 1302/25193 [3:34:17 > 11:38]
SOAP:   5%|▌         | 1303/25193 [3:33:31 > 11:38]
SOAP:   5%|▌         | 1304/25193 [3:32:57 > 11:39]
SOAP:   5%|▌         | 1305/25193 [3:33:12 > 11:39]
SOAP:   5%|▌         | 1306/25193 [3:32:36 > 11:40]
SOAP:   5%|▌         | 1307/25193 [3:32:40 > 11:40]
SOAP:   5%|▌         | 1308/25193 [3:32:40 > 11:41]
SOAP:   5%|▌         | 1309/25193 [3:32:09 > 11:41]
SOAP:   5%|▌         | 1310/25193 [3:32:30 > 11:42]
SOAP:   5%|▌         | 1311/25193 [3:32:41 > 11:42]
SOAP:   5%|▌         | 1312/25193 [3:32:31 > 11:43]
SOAP:   5%|▌         | 1313/25193 [3:32:38 > 11:43]
SOAP:   5%|▌         | 1314/25193 [3:32:58 > 11:44]
SOAP:   5%|▌         | 1315/25193 [3:32:25 > 11:45]
SOAP:   5%|▌         | 1316/25193 [3:32:29 > 11:45]
SOAP:   5%|▌         | 1317/25193 [3:32:36 > 11:46]
SOAP:   5%|▌         | 1318/25193 [3:32:22 > 11:46]
SOAP:   5%|▌         | 1319/25193 [3:32:35 > 11:47]
SOAP:   5%|▌         | 1320/25193 [3:32:53 > 11:47]
SOAP:   5%|▌         | 1321/25193 [3:32:21 > 11:48]
SOAP:   5%|▌         | 1322/25193 [3:32:38 > 11:48]
SOAP:   5%|▌         | 1323/25193 [3:32:52 > 11:49]
SOAP:   5%|▌         | 1324/25193 [3:32:41 > 11:49]
SOAP:   5%|▌         | 1325/25193 [3:32:27 > 11:50]
SOAP:   5%|▌         | 1326/25193 [3:32:35 > 11:50]
SOAP:   5%|▌         | 1327/25193 [3:32:40 > 11:51]
SOAP:   5%|▌         | 1328/25193 [3:32:23 > 11:51]
SOAP:   5%|▌         | 1329/25193 [3:32:23 > 11:52]
SOAP:   5%|▌         | 1330/25193 [3:32:31 > 11:53]
SOAP:   5%|▌         | 1331/25193 [3:35:15 > 11:53]
SOAP:   5%|▌         | 1332/25193 [3:35:17 > 11:54]
SOAP:   5%|▌         | 1333/25193 [3:32:23 > 11:54]
SOAP:   5%|▌         | 1334/25193 [3:32:10 > 11:55]
SOAP:   5%|▌         | 1335/25193 [3:33:39 > 11:55]
SOAP:   5%|▌         | 1336/25193 [3:32:03 > 11:56]
SOAP:   5%|▌         | 1337/25193 [3:31:46 > 11:56]
SOAP:   5%|▌         | 1338/25193 [3:31:55 > 11:57]
SOAP:   5%|▌         | 1339/25193 [3:32:17 > 11:57]
SOAP:   5%|▌         | 1340/25193 [3:32:04 > 11:58]
SOAP:   5%|▌         | 1341/25193 [3:32:12 > 11:58]
SOAP:   5%|▌         | 1342/25193 [3:32:46 > 11:59]
SOAP:   5%|▌         | 1343/25193 [3:32:32 > 11:59]
SOAP:   5%|▌         | 1344/25193 [3:32:34 > 12:00]
SOAP:   5%|▌         | 1345/25193 [3:32:33 > 12:01]
SOAP:   5%|▌         | 1346/25193 [3:31:50 > 12:01]
SOAP:   5%|▌         | 1347/25193 [3:31:51 > 12:02]
SOAP:   5%|▌         | 1348/25193 [3:32:06 > 12:02]
SOAP:   5%|▌         | 1349/25193 [3:31:59 > 12:03]
SOAP:   5%|▌         | 1350/25193 [3:32:09 > 12:03]
SOAP:   5%|▌         | 1351/25193 [3:32:14 > 12:04]
SOAP:   5%|▌         | 1352/25193 [3:32:18 > 12:04]
SOAP:   5%|▌         | 1353/25193 [3:33:33 > 12:05]
SOAP:   5%|▌         | 1354/25193 [3:31:48 > 12:05]
SOAP:   5%|▌         | 1355/25193 [3:32:03 > 12:06]
SOAP:   5%|▌         | 1356/25193 [3:32:06 > 12:06]
SOAP:   5%|▌         | 1357/25193 [3:32:20 > 12:07]
SOAP:   5%|▌         | 1358/25193 [3:32:38 > 12:07]
SOAP:   5%|▌         | 1359/25193 [3:32:23 > 12:08]
SOAP:   5%|▌         | 1360/25193 [3:32:29 > 12:09]
SOAP:   5%|▌         | 1361/25193 [3:32:36 > 12:09]
SOAP:   5%|▌         | 1362/25193 [3:32:06 > 12:10]
SOAP:   5%|▌         | 1363/25193 [3:32:10 > 12:10]
SOAP:   5%|▌         | 1364/25193 [3:32:23 > 12:11]
SOAP:   5%|▌         | 1365/25193 [3:31:51 > 12:11]
SOAP:   5%|▌         | 1366/25193 [3:31:49 > 12:12]
SOAP:   5%|▌         | 1367/25193 [3:32:05 > 12:12]
SOAP:   5%|▌         | 1368/25193 [3:32:01 > 12:13]
SOAP:   5%|▌         | 1369/25193 [3:32:08 > 12:13]
SOAP:   5%|▌         | 1370/25193 [3:35:37 > 12:14]
SOAP:   5%|▌         | 1371/25193 [3:31:59 > 12:14]
SOAP:   5%|▌         | 1372/25193 [3:32:01 > 12:15]
SOAP:   5%|▌         | 1373/25193 [3:35:11 > 12:16]
SOAP:   5%|▌         | 1374/25193 [3:32:01 > 12:16]
SOAP:   5%|▌         | 1375/25193 [3:35:14 > 12:17]
SOAP:   5%|▌         | 1376/25193 [3:31:54 > 12:17]
SOAP:   5%|▌         | 1377/25193 [3:32:07 > 12:18]
SOAP:   5%|▌         | 1378/25193 [3:32:08 > 12:18]
SOAP:   5%|▌         | 1379/25193 [3:32:04 > 12:19]
SOAP:   5%|▌         | 1380/25193 [3:32:19 > 12:19]
SOAP:   5%|▌         | 1381/25193 [3:32:10 > 12:20]
SOAP:   5%|▌         | 1382/25193 [3:32:13 > 12:20]
SOAP:   5%|▌         | 1383/25193 [3:32:35 > 12:21]
SOAP:   5%|▌         | 1384/25193 [3:32:13 > 12:21]
SOAP:   5%|▌         | 1385/25193 [3:31:31 > 12:22]
SOAP:   6%|▌         | 1386/25193 [3:31:58 > 12:22]
SOAP:   6%|▌         | 1387/25193 [3:31:49 > 12:23]
SOAP:   6%|▌         | 1388/25193 [3:31:45 > 12:24]
SOAP:   6%|▌         | 1389/25193 [3:32:11 > 12:24]
SOAP:   6%|▌         | 1390/25193 [3:31:56 > 12:25]
SOAP:   6%|▌         | 1391/25193 [3:31:48 > 12:25]
SOAP:   6%|▌         | 1392/25193 [3:31:54 > 12:26]
SOAP:   6%|▌         | 1393/25193 [3:31:47 > 12:26]
SOAP:   6%|▌         | 1394/25193 [3:33:11 > 12:27]
SOAP:   6%|▌         | 1395/25193 [3:34:04 > 12:27]
SOAP:   6%|▌         | 1396/25193 [3:31:11 > 12:28]
SOAP:   6%|▌         | 1397/25193 [3:31:11 > 12:28]
SOAP:   6%|▌         | 1398/25193 [3:31:26 > 12:29]
SOAP:   6%|▌         | 1399/25193 [3:31:39 > 12:29]
SOAP:   6%|▌         | 1400/25193 [3:31:35 > 12:30]
SOAP:   6%|▌         | 1401/25193 [3:33:06 > 12:31]
SOAP:   6%|▌         | 1402/25193 [3:33:00 > 12:31]
SOAP:   6%|▌         | 1403/25193 [3:32:59 > 12:32]
SOAP:   6%|▌         | 1404/25193 [3:32:46 > 12:32]
SOAP:   6%|▌         | 1405/25193 [3:32:42 > 12:33]
SOAP:   6%|▌         | 1406/25193 [3:32:27 > 12:33]
SOAP:   6%|▌         | 1407/25193 [3:32:02 > 12:34]
SOAP:   6%|▌         | 1408/25193 [3:31:52 > 12:34]
SOAP:   6%|▌         | 1409/25193 [3:31:47 > 12:35]
SOAP:   6%|▌         | 1410/25193 [3:31:38 > 12:35]
SOAP:   6%|▌         | 1411/25193 [3:31:54 > 12:36]
SOAP:   6%|▌         | 1412/25193 [3:31:54 > 12:36]
SOAP:   6%|▌         | 1413/25193 [3:31:28 > 12:37]
SOAP:   6%|▌         | 1414/25193 [3:31:37 > 12:37]
SOAP:   6%|▌         | 1415/25193 [3:31:44 > 12:38]
SOAP:   6%|▌         | 1416/25193 [3:31:25 > 12:39]
SOAP:   6%|▌         | 1417/25193 [3:31:41 > 12:39]
SOAP:   6%|▌         | 1418/25193 [3:31:49 > 12:40]
SOAP:   6%|▌         | 1419/25193 [3:31:27 > 12:40]
SOAP:   6%|▌         | 1420/25193 [3:31:46 > 12:41]
SOAP:   6%|▌         | 1421/25193 [3:31:45 > 12:41]
SOAP:   6%|▌         | 1422/25193 [3:31:50 > 12:42]
SOAP:   6%|▌         | 1423/25193 [3:31:54 > 12:42]
SOAP:   6%|▌         | 1424/25193 [3:31:57 > 12:43]
SOAP:   6%|▌         | 1425/25193 [3:31:40 > 12:43]
SOAP:   6%|▌         | 1426/25193 [3:31:43 > 12:44]
SOAP:   6%|▌         | 1427/25193 [3:34:48 > 12:44]
SOAP:   6%|▌         | 1428/25193 [3:31:43 > 12:45]
SOAP:   6%|▌         | 1429/25193 [3:31:42 > 12:45]
SOAP:   6%|▌         | 1430/25193 [3:31:45 > 12:46]
SOAP:   6%|▌         | 1431/25193 [3:31:45 > 12:47]
SOAP:   6%|▌         | 1432/25193 [3:31:25 > 12:47]
SOAP:   6%|▌         | 1433/25193 [3:31:43 > 12:48]
SOAP:   6%|▌         | 1434/25193 [3:31:43 > 12:48]
SOAP:   6%|▌         | 1435/25193 [3:31:39 > 12:49]
SOAP:   6%|▌         | 1436/25193 [3:31:51 > 12:49]
SOAP:   6%|▌         | 1437/25193 [3:34:57 > 12:50]
SOAP:   6%|▌         | 1438/25193 [3:31:19 > 12:50]
SOAP:   6%|▌         | 1439/25193 [3:31:27 > 12:51]
SOAP:   6%|▌         | 1440/25193 [3:31:26 > 12:51]
SOAP:   6%|▌         | 1441/25193 [3:31:16 > 12:52]
SOAP:   6%|▌         | 1442/25193 [3:31:30 > 12:52]
SOAP:   6%|▌         | 1443/25193 [3:31:44 > 12:53]
SOAP:   6%|▌         | 1444/25193 [3:31:39 > 12:54]
SOAP:   6%|▌         | 1445/25193 [3:31:58 > 12:54]
SOAP:   6%|▌         | 1446/25193 [3:32:04 > 12:55]
SOAP:   6%|▌         | 1447/25193 [3:31:29 > 12:55]
SOAP:   6%|▌         | 1448/25193 [3:34:46 > 12:56]
SOAP:   6%|▌         | 1449/25193 [3:31:04 > 12:56]
SOAP:   6%|▌         | 1450/25193 [3:30:48 > 12:57]
SOAP:   6%|▌         | 1451/25193 [3:31:04 > 12:57]
SOAP:   6%|▌         | 1452/25193 [3:31:05 > 12:58]
SOAP:   6%|▌         | 1453/25193 [3:30:52 > 12:58]
SOAP:   6%|▌         | 1454/25193 [3:31:13 > 12:59]
SOAP:   6%|▌         | 1455/25193 [3:31:33 > 12:59]
SOAP:   6%|▌         | 1456/25193 [3:31:34 > 13:00]
SOAP:   6%|▌         | 1457/25193 [3:31:37 > 13:00]
SOAP:   6%|▌         | 1458/25193 [3:31:43 > 13:01]
SOAP:   6%|▌         | 1459/25193 [3:31:41 > 13:02]
SOAP:   6%|▌         | 1460/25193 [3:31:22 > 13:02]
SOAP:   6%|▌         | 1461/25193 [3:31:30 > 13:03]
SOAP:   6%|▌         | 1462/25193 [3:31:20 > 13:03]
SOAP:   6%|▌         | 1463/25193 [3:31:45 > 13:04]
SOAP:   6%|▌         | 1464/25193 [3:31:43 > 13:04]
SOAP:   6%|▌         | 1465/25193 [3:31:40 > 13:05]
SOAP:   6%|▌         | 1466/25193 [3:33:30 > 13:05]
SOAP:   6%|▌         | 1467/25193 [3:31:18 > 13:06]
SOAP:   6%|▌         | 1468/25193 [3:31:16 > 13:06]
SOAP:   6%|▌         | 1469/25193 [3:31:14 > 13:07]
SOAP:   6%|▌         | 1470/25193 [3:31:16 > 13:07]
SOAP:   6%|▌         | 1471/25193 [3:31:09 > 13:08]
SOAP:   6%|▌         | 1472/25193 [3:30:58 > 13:08]
SOAP:   6%|▌         | 1473/25193 [3:31:08 > 13:09]
SOAP:   6%|▌         | 1474/25193 [3:31:12 > 13:10]
SOAP:   6%|▌         | 1475/25193 [3:30:59 > 13:10]
SOAP:   6%|▌         | 1476/25193 [3:31:07 > 13:11]
SOAP:   6%|▌         | 1477/25193 [3:30:58 > 13:11]
SOAP:   6%|▌         | 1478/25193 [3:30:48 > 13:12]
SOAP:   6%|▌         | 1479/25193 [3:30:53 > 13:12]
SOAP:   6%|▌         | 1480/25193 [3:30:44 > 13:13]
SOAP:   6%|▌         | 1481/25193 [3:31:01 > 13:13]
SOAP:   6%|▌         | 1482/25193 [3:31:21 > 13:14]
SOAP:   6%|▌         | 1483/25193 [3:31:29 > 13:14]
SOAP:   6%|▌         | 1484/25193 [3:31:34 > 13:15]
SOAP:   6%|▌         | 1485/25193 [3:31:28 > 13:15]
SOAP:   6%|▌         | 1486/25193 [3:31:29 > 13:16]
SOAP:   6%|▌         | 1487/25193 [3:31:31 > 13:17]
SOAP:   6%|▌         | 1488/25193 [3:30:56 > 13:17]
SOAP:   6%|▌         | 1489/25193 [3:31:05 > 13:18]
SOAP:   6%|▌         | 1490/25193 [3:30:58 > 13:18]
SOAP:   6%|▌         | 1491/25193 [3:30:35 > 13:19]
SOAP:   6%|▌         | 1492/25193 [3:31:04 > 13:19]
SOAP:   6%|▌         | 1493/25193 [3:30:59 > 13:20]
SOAP:   6%|▌         | 1494/25193 [3:30:44 > 13:20]
SOAP:   6%|▌         | 1495/25193 [3:31:01 > 13:21]
SOAP:   6%|▌         | 1496/25193 [3:31:05 > 13:21]
SOAP:   6%|▌         | 1497/25193 [3:30:46 > 13:22]
SOAP:   6%|▌         | 1498/25193 [3:31:06 > 13:22]
SOAP:   6%|▌         | 1499/25193 [3:31:06 > 13:23]
SOAP:   6%|▌         | 1500/25193 [3:30:49 > 13:23]
SOAP:   6%|▌         | 1501/25193 [3:32:20 > 13:24]
SOAP:   6%|▌         | 1502/25193 [3:32:23 > 13:25]
SOAP:   6%|▌         | 1503/25193 [3:31:46 > 13:25]
SOAP:   6%|▌         | 1504/25193 [3:31:46 > 13:26]
SOAP:   6%|▌         | 1505/25193 [3:31:43 > 13:26]
SOAP:   6%|▌         | 1506/25193 [3:31:23 > 13:27]
SOAP:   6%|▌         | 1507/25193 [3:31:30 > 13:27]
SOAP:   6%|▌         | 1508/25193 [3:31:32 > 13:28]
SOAP:   6%|▌         | 1509/25193 [3:31:43 > 13:28]
SOAP:   6%|▌         | 1510/25193 [3:31:21 > 13:29]
SOAP:   6%|▌         | 1511/25193 [3:31:26 > 13:29]
SOAP:   6%|▌         | 1512/25193 [3:31:36 > 13:30]
SOAP:   6%|▌         | 1513/25193 [3:31:12 > 13:30]
SOAP:   6%|▌         | 1514/25193 [3:31:20 > 13:31]
SOAP:   6%|▌         | 1515/25193 [3:31:27 > 13:31]
SOAP:   6%|▌         | 1516/25193 [3:30:42 > 13:32]
SOAP:   6%|▌         | 1517/25193 [3:30:47 > 13:33]
SOAP:   6%|▌         | 1518/25193 [3:30:49 > 13:33]
SOAP:   6%|▌         | 1519/25193 [3:30:25 > 13:34]
SOAP:   6%|▌         | 1520/25193 [3:30:39 > 13:34]
SOAP:   6%|▌         | 1521/25193 [3:30:58 > 13:35]
SOAP:   6%|▌         | 1522/25193 [3:30:44 > 13:35]
SOAP:   6%|▌         | 1523/25193 [3:31:10 > 13:36]
SOAP:   6%|▌         | 1524/25193 [3:31:34 > 13:36]
SOAP:   6%|▌         | 1525/25193 [3:31:07 > 13:37]
SOAP:   6%|▌         | 1526/25193 [3:31:15 > 13:37]
SOAP:   6%|▌         | 1527/25193 [3:30:58 > 13:38]
SOAP:   6%|▌         | 1528/25193 [3:30:21 > 13:38]
SOAP:   6%|▌         | 1529/25193 [3:30:36 > 13:39]
SOAP:   6%|▌         | 1530/25193 [3:30:46 > 13:40]
SOAP:   6%|▌         | 1531/25193 [3:30:27 > 13:40]
SOAP:   6%|▌         | 1532/25193 [3:30:47 > 13:41]
SOAP:   6%|▌         | 1533/25193 [3:30:59 > 13:41]
SOAP:   6%|▌         | 1534/25193 [3:31:01 > 13:42]
SOAP:   6%|▌         | 1535/25193 [3:34:04 > 13:42]
SOAP:   6%|▌         | 1536/25193 [3:31:02 > 13:43]
SOAP:   6%|▌         | 1537/25193 [3:30:52 > 13:43]
SOAP:   6%|▌         | 1538/25193 [3:30:41 > 13:44]
SOAP:   6%|▌         | 1539/25193 [3:30:57 > 13:44]
SOAP:   6%|▌         | 1540/25193 [3:30:57 > 13:45]
SOAP:   6%|▌         | 1541/25193 [3:30:48 > 13:45]
SOAP:   6%|▌         | 1542/25193 [3:31:12 > 13:46]
SOAP:   6%|▌         | 1543/25193 [3:30:56 > 13:46]
SOAP:   6%|▌         | 1544/25193 [3:30:41 > 13:47]
SOAP:   6%|▌         | 1545/25193 [3:30:41 > 13:48]
SOAP:   6%|▌         | 1546/25193 [3:30:44 > 13:48]
SOAP:   6%|▌         | 1547/25193 [3:30:24 > 13:49]
SOAP:   6%|▌         | 1548/25193 [3:30:36 > 13:49]
SOAP:   6%|▌         | 1549/25193 [3:30:22 > 13:50]
SOAP:   6%|▌         | 1550/25193 [3:33:00 > 13:50]
SOAP:   6%|▌         | 1551/25193 [3:33:10 > 13:51]
SOAP:   6%|▌         | 1552/25193 [3:32:48 > 13:51]
SOAP:   6%|▌         | 1553/25193 [3:32:39 > 13:52]
SOAP:   6%|▌         | 1554/25193 [3:29:58 > 13:52]
SOAP:   6%|▌         | 1555/25193 [3:30:12 > 13:53]
SOAP:   6%|▌         | 1556/25193 [3:30:18 > 13:53]
SOAP:   6%|▌         | 1557/25193 [3:32:34 > 13:54]
SOAP:   6%|▌         | 1558/25193 [3:30:03 > 13:55]
SOAP:   6%|▌         | 1559/25193 [3:29:56 > 13:55]
SOAP:   6%|▌         | 1560/25193 [3:32:39 > 13:56]
SOAP:   6%|▌         | 1561/25193 [3:29:40 > 13:56]
SOAP:   6%|▌         | 1562/25193 [3:30:03 > 13:57]
SOAP:   6%|▌         | 1563/25193 [3:30:14 > 13:57]
SOAP:   6%|▌         | 1564/25193 [3:30:35 > 13:58]
SOAP:   6%|▌         | 1565/25193 [3:30:48 > 13:58]
SOAP:   6%|▌         | 1566/25193 [3:30:51 > 13:59]
SOAP:   6%|▌         | 1567/25193 [3:30:39 > 13:59]
SOAP:   6%|▌         | 1568/25193 [3:30:37 > 14:00]
SOAP:   6%|▌         | 1569/25193 [3:30:06 > 14:00]
SOAP:   6%|▌         | 1570/25193 [3:30:20 > 14:01]
SOAP:   6%|▌         | 1571/25193 [3:32:14 > 14:01]
SOAP:   6%|▌         | 1572/25193 [3:33:04 > 14:02]
SOAP:   6%|▌         | 1573/25193 [3:33:06 > 14:03]
SOAP:   6%|▌         | 1574/25193 [3:30:22 > 14:03]
SOAP:   6%|▋         | 1575/25193 [3:31:56 > 14:04]
SOAP:   6%|▋         | 1576/25193 [3:29:59 > 14:04]
SOAP:   6%|▋         | 1577/25193 [3:30:23 > 14:05]
SOAP:   6%|▋         | 1578/25193 [3:30:10 > 14:05]
SOAP:   6%|▋         | 1579/25193 [3:30:16 > 14:06]
SOAP:   6%|▋         | 1580/25193 [3:30:20 > 14:06]
SOAP:   6%|▋         | 1581/25193 [3:32:51 > 14:07]
SOAP:   6%|▋         | 1582/25193 [3:29:56 > 14:07]
SOAP:   6%|▋         | 1583/25193 [3:30:05 > 14:08]
SOAP:   6%|▋         | 1584/25193 [3:30:08 > 14:08]
SOAP:   6%|▋         | 1585/25193 [3:30:31 > 14:09]
SOAP:   6%|▋         | 1586/25193 [3:30:27 > 14:10]
SOAP:   6%|▋         | 1587/25193 [3:30:17 > 14:10]
SOAP:   6%|▋         | 1588/25193 [3:30:16 > 14:11]
SOAP:   6%|▋         | 1589/25193 [3:30:31 > 14:11]
SOAP:   6%|▋         | 1590/25193 [3:30:24 > 14:12]
SOAP:   6%|▋         | 1591/25193 [3:29:51 > 14:12]
SOAP:   6%|▋         | 1592/25193 [3:29:58 > 14:13]
SOAP:   6%|▋         | 1593/25193 [3:29:46 > 14:13]
SOAP:   6%|▋         | 1594/25193 [3:29:34 > 14:14]
SOAP:   6%|▋         | 1595/25193 [3:30:07 > 14:14]
SOAP:   6%|▋         | 1596/25193 [3:30:17 > 14:15]
SOAP:   6%|▋         | 1597/25193 [3:30:01 > 14:15]
SOAP:   6%|▋         | 1598/25193 [3:30:22 > 14:16]
SOAP:   6%|▋         | 1599/25193 [3:30:25 > 14:16]
SOAP:   6%|▋         | 1600/25193 [3:30:04 > 14:17]
SOAP:   6%|▋         | 1601/25193 [3:31:29 > 14:18]
SOAP:   6%|▋         | 1602/25193 [3:31:11 > 14:18]
SOAP:   6%|▋         | 1603/25193 [3:30:34 > 14:19]
SOAP:   6%|▋         | 1604/25193 [3:30:39 > 14:19]
SOAP:   6%|▋         | 1605/25193 [3:30:38 > 14:20]
SOAP:   6%|▋         | 1606/25193 [3:30:30 > 14:20]
SOAP:   6%|▋         | 1607/25193 [3:30:40 > 14:21]
SOAP:   6%|▋         | 1608/25193 [3:30:21 > 14:21]
SOAP:   6%|▋         | 1609/25193 [3:29:52 > 14:22]
SOAP:   6%|▋         | 1610/25193 [3:30:06 > 14:22]
SOAP:   6%|▋         | 1611/25193 [3:30:23 > 14:23]
SOAP:   6%|▋         | 1612/25193 [3:30:11 > 14:23]
SOAP:   6%|▋         | 1613/25193 [3:30:28 > 14:24]
SOAP:   6%|▋         | 1614/25193 [3:30:28 > 14:24]
SOAP:   6%|▋         | 1615/25193 [3:30:35 > 14:25]
SOAP:   6%|▋         | 1616/25193 [3:30:26 > 14:26]
SOAP:   6%|▋         | 1617/25193 [3:30:28 > 14:26]
SOAP:   6%|▋         | 1618/25193 [3:30:19 > 14:27]
SOAP:   6%|▋         | 1619/25193 [3:29:58 > 14:27]
SOAP:   6%|▋         | 1620/25193 [3:30:18 > 14:28]
SOAP:   6%|▋         | 1621/25193 [3:30:07 > 14:28]
SOAP:   6%|▋         | 1622/25193 [3:32:51 > 14:29]
SOAP:   6%|▋         | 1623/25193 [3:29:47 > 14:29]
SOAP:   6%|▋         | 1624/25193 [3:29:59 > 14:30]
SOAP:   6%|▋         | 1625/25193 [3:30:01 > 14:30]
SOAP:   6%|▋         | 1626/25193 [3:30:17 > 14:31]
SOAP:   6%|▋         | 1627/25193 [3:30:08 > 14:31]
SOAP:   6%|▋         | 1628/25193 [3:29:53 > 14:32]
SOAP:   6%|▋         | 1629/25193 [3:30:10 > 14:33]
SOAP:   6%|▋         | 1630/25193 [3:30:18 > 14:33]
SOAP:   6%|▋         | 1631/25193 [3:32:47 > 14:34]
SOAP:   6%|▋         | 1632/25193 [3:29:45 > 14:34]
SOAP:   6%|▋         | 1633/25193 [3:29:51 > 14:35]
SOAP:   6%|▋         | 1634/25193 [3:29:35 > 14:35]
SOAP:   6%|▋         | 1635/25193 [3:29:57 > 14:36]
SOAP:   6%|▋         | 1636/25193 [3:32:59 > 14:36]
SOAP:   6%|▋         | 1637/25193 [3:29:24 > 14:37]
SOAP:   7%|▋         | 1638/25193 [3:29:50 > 14:37]
SOAP:   7%|▋         | 1639/25193 [3:29:41 > 14:38]
SOAP:   7%|▋         | 1640/25193 [3:29:29 > 14:38]
SOAP:   7%|▋         | 1641/25193 [3:29:30 > 14:39]
SOAP:   7%|▋         | 1642/25193 [3:32:54 > 14:39]
SOAP:   7%|▋         | 1643/25193 [3:29:37 > 14:40]
SOAP:   7%|▋         | 1644/25193 [3:29:38 > 14:41]
SOAP:   7%|▋         | 1645/25193 [3:29:50 > 14:41]
SOAP:   7%|▋         | 1646/25193 [3:30:04 > 14:42]
SOAP:   7%|▋         | 1647/25193 [3:29:55 > 14:42]
SOAP:   7%|▋         | 1648/25193 [3:30:11 > 14:43]
SOAP:   7%|▋         | 1649/25193 [3:29:58 > 14:43]
SOAP:   7%|▋         | 1650/25193 [3:29:36 > 14:44]
SOAP:   7%|▋         | 1651/25193 [3:29:48 > 14:44]
SOAP:   7%|▋         | 1652/25193 [3:29:46 > 14:45]
SOAP:   7%|▋         | 1653/25193 [3:29:28 > 14:45]
SOAP:   7%|▋         | 1654/25193 [3:32:48 > 14:46]
SOAP:   7%|▋         | 1655/25193 [3:29:50 > 14:46]
SOAP:   7%|▋         | 1656/25193 [3:29:11 > 14:47]
SOAP:   7%|▋         | 1657/25193 [3:29:31 > 14:48]
SOAP:   7%|▋         | 1658/25193 [3:29:37 > 14:48]
SOAP:   7%|▋         | 1659/25193 [3:33:24 > 14:49]
SOAP:   7%|▋         | 1660/25193 [3:29:18 > 14:49]
SOAP:   7%|▋         | 1661/25193 [3:29:20 > 14:50]
SOAP:   7%|▋         | 1662/25193 [3:29:01 > 14:50]
SOAP:   7%|▋         | 1663/25193 [3:29:36 > 14:51]
SOAP:   7%|▋         | 1664/25193 [3:32:34 > 14:51]
SOAP:   7%|▋         | 1665/25193 [3:29:10 > 14:52]
SOAP:   7%|▋         | 1666/25193 [3:29:41 > 14:52]
SOAP:   7%|▋         | 1667/25193 [3:29:53 > 14:53]
SOAP:   7%|▋         | 1668/25193 [3:29:45 > 14:53]
SOAP:   7%|▋         | 1669/25193 [3:29:44 > 14:54]
SOAP:   7%|▋         | 1670/25193 [3:29:45 > 14:54]
SOAP:   7%|▋         | 1671/25193 [3:32:24 > 14:55]
SOAP:   7%|▋         | 1672/25193 [3:28:56 > 14:56]
SOAP:   7%|▋         | 1673/25193 [3:29:23 > 14:56]
SOAP:   7%|▋         | 1674/25193 [3:32:40 > 14:57]
SOAP:   7%|▋         | 1675/25193 [3:29:10 > 14:57]
SOAP:   7%|▋         | 1676/25193 [3:29:33 > 14:58]
SOAP:   7%|▋         | 1677/25193 [3:29:47 > 14:58]
SOAP:   7%|▋         | 1678/25193 [3:29:31 > 14:59]
SOAP:   7%|▋         | 1679/25193 [3:29:45 > 14:59]
SOAP:   7%|▋         | 1680/25193 [3:29:32 > 15:00]
SOAP:   7%|▋         | 1681/25193 [3:29:32 > 15:00]
SOAP:   7%|▋         | 1682/25193 [3:29:46 > 15:01]
SOAP:   7%|▋         | 1683/25193 [3:31:35 > 15:01]
SOAP:   7%|▋         | 1684/25193 [3:28:57 > 15:02]
SOAP:   7%|▋         | 1685/25193 [3:29:12 > 15:03]
SOAP:   7%|▋         | 1686/25193 [3:32:06 > 15:03]
SOAP:   7%|▋         | 1687/25193 [3:31:32 > 15:04]
SOAP:   7%|▋         | 1688/25193 [3:31:46 > 15:04]
SOAP:   7%|▋         | 1689/25193 [3:31:36 > 15:05]
SOAP:   7%|▋         | 1690/25193 [3:29:22 > 15:05]
SOAP:   7%|▋         | 1691/25193 [3:29:10 > 15:06]
SOAP:   7%|▋         | 1692/25193 [3:32:14 > 15:06]
SOAP:   7%|▋         | 1693/25193 [3:31:37 > 15:07]
SOAP:   7%|▋         | 1694/25193 [3:31:46 > 15:07]
SOAP:   7%|▋         | 1695/25193 [3:31:30 > 15:08]
SOAP:   7%|▋         | 1696/25193 [3:31:35 > 15:08]
SOAP:   7%|▋         | 1697/25193 [3:31:40 > 15:09]
SOAP:   7%|▋         | 1698/25193 [3:32:01 > 15:10]
SOAP:   7%|▋         | 1699/25193 [3:28:55 > 15:10]
SOAP:   7%|▋         | 1700/25193 [3:32:10 > 15:11]
SOAP:   7%|▋         | 1701/25193 [3:34:14 > 15:11]
SOAP:   7%|▋         | 1702/25193 [3:32:32 > 15:12]
SOAP:   7%|▋         | 1703/25193 [3:31:50 > 15:12]
SOAP:   7%|▋         | 1704/25193 [3:28:54 > 15:13]
SOAP:   7%|▋         | 1705/25193 [3:31:53 > 15:13]
SOAP:   7%|▋         | 1706/25193 [3:31:28 > 15:14]
SOAP:   7%|▋         | 1707/25193 [3:31:40 > 15:14]
SOAP:   7%|▋         | 1708/25193 [3:31:22 > 15:15]
SOAP:   7%|▋         | 1709/25193 [3:31:19 > 15:15]
SOAP:   7%|▋         | 1710/25193 [3:31:31 > 15:16]
SOAP:   7%|▋         | 1711/25193 [3:31:44 > 15:17]
SOAP:   7%|▋         | 1712/25193 [3:28:32 > 15:17]
SOAP:   7%|▋         | 1713/25193 [3:31:53 > 15:18]
SOAP:   7%|▋         | 1714/25193 [3:31:32 > 15:18]
SOAP:   7%|▋         | 1715/25193 [3:30:04 > 15:19]
SOAP:   7%|▋         | 1716/25193 [3:31:02 > 15:19]
SOAP:   7%|▋         | 1717/25193 [3:31:14 > 15:20]
SOAP:   7%|▋         | 1718/25193 [3:28:05 > 15:20]
SOAP:   7%|▋         | 1719/25193 [3:31:22 > 15:21]
SOAP:   7%|▋         | 1720/25193 [3:31:28 > 15:21]
SOAP:   7%|▋         | 1721/25193 [3:31:06 > 15:22]
SOAP:   7%|▋         | 1722/25193 [3:28:20 > 15:22]
SOAP:   7%|▋         | 1723/25193 [3:31:41 > 15:23]
SOAP:   7%|▋         | 1724/25193 [3:32:41 > 15:24]
SOAP:   7%|▋         | 1725/25193 [3:32:00 > 15:24]
SOAP:   7%|▋         | 1726/25193 [3:31:51 > 15:25]
SOAP:   7%|▋         | 1727/25193 [3:31:39 > 15:25]
SOAP:   7%|▋         | 1728/25193 [3:31:19 > 15:26]
SOAP:   7%|▋         | 1729/25193 [3:31:23 > 15:26]
SOAP:   7%|▋         | 1730/25193 [3:31:10 > 15:27]
SOAP:   7%|▋         | 1731/25193 [3:28:24 > 15:27]
SOAP:   7%|▋         | 1732/25193 [3:31:48 > 15:28]
SOAP:   7%|▋         | 1733/25193 [3:31:40 > 15:28]
SOAP:   7%|▋         | 1734/25193 [3:28:13 > 15:29]
SOAP:   7%|▋         | 1735/25193 [3:28:24 > 15:29]
SOAP:   7%|▋         | 1736/25193 [3:28:39 > 15:30]
SOAP:   7%|▋         | 1737/25193 [3:31:31 > 15:31]
SOAP:   7%|▋         | 1738/25193 [3:31:50 > 15:31]
SOAP:   7%|▋         | 1739/25193 [3:31:55 > 15:32]
SOAP:   7%|▋         | 1740/25193 [3:31:43 > 15:32]
SOAP:   7%|▋         | 1741/25193 [3:31:37 > 15:33]
SOAP:   7%|▋         | 1742/25193 [3:28:51 > 15:33]
SOAP:   7%|▋         | 1743/25193 [3:31:51 > 15:34]
SOAP:   7%|▋         | 1744/25193 [3:31:48 > 15:34]
SOAP:   7%|▋         | 1745/25193 [3:28:41 > 15:35]
SOAP:   7%|▋         | 1746/25193 [3:28:23 > 15:35]
SOAP:   7%|▋         | 1747/25193 [3:31:42 > 15:36]
SOAP:   7%|▋         | 1748/25193 [3:31:50 > 15:37]
SOAP:   7%|▋         | 1749/25193 [3:31:20 > 15:37]
SOAP:   7%|▋         | 1750/25193 [3:31:28 > 15:38]
SOAP:   7%|▋         | 1751/25193 [3:31:24 > 15:38]
SOAP:   7%|▋         | 1752/25193 [3:28:06 > 15:39]
SOAP:   7%|▋         | 1753/25193 [3:31:30 > 15:39]
SOAP:   7%|▋         | 1754/25193 [3:31:45 > 15:40]
SOAP:   7%|▋         | 1755/25193 [3:28:00 > 15:40]
SOAP:   7%|▋         | 1756/25193 [3:31:18 > 15:41]
SOAP:   7%|▋         | 1757/25193 [3:28:07 > 15:41]
SOAP:   7%|▋         | 1758/25193 [3:30:50 > 15:42]
SOAP:   7%|▋         | 1759/25193 [3:31:10 > 15:42]
SOAP:   7%|▋         | 1760/25193 [3:28:33 > 15:43]
SOAP:   7%|▋         | 1761/25193 [3:31:25 > 15:44]
SOAP:   7%|▋         | 1762/25193 [3:31:23 > 15:44]
SOAP:   7%|▋         | 1763/25193 [3:31:24 > 15:45]
SOAP:   7%|▋         | 1764/25193 [3:28:23 > 15:45]
SOAP:   7%|▋         | 1765/25193 [3:31:36 > 15:46]
SOAP:   7%|▋         | 1766/25193 [3:31:24 > 15:46]
SOAP:   7%|▋         | 1767/25193 [3:28:03 > 15:47]
SOAP:   7%|▋         | 1768/25193 [3:31:08 > 15:47]
SOAP:   7%|▋         | 1769/25193 [3:30:11 > 15:48]
SOAP:   7%|▋         | 1770/25193 [3:28:52 > 15:48]
SOAP:   7%|▋         | 1771/25193 [3:28:22 > 15:49]
SOAP:   7%|▋         | 1772/25193 [3:28:42 > 15:49]
SOAP:   7%|▋         | 1773/25193 [3:31:40 > 15:50]
SOAP:   7%|▋         | 1774/25193 [3:30:49 > 15:50]
SOAP:   7%|▋         | 1775/25193 [3:30:53 > 15:51]
SOAP:   7%|▋         | 1776/25193 [3:31:18 > 15:52]
SOAP:   7%|▋         | 1777/25193 [3:30:46 > 15:52]
SOAP:   7%|▋         | 1778/25193 [3:30:39 > 15:53]
SOAP:   7%|▋         | 1779/25193 [3:27:47 > 15:53]
SOAP:   7%|▋         | 1780/25193 [3:30:37 > 15:54]
SOAP:   7%|▋         | 1781/25193 [3:30:55 > 15:54]
SOAP:   7%|▋         | 1782/25193 [3:27:56 > 15:55]
SOAP:   7%|▋         | 1783/25193 [3:30:34 > 15:55]
SOAP:   7%|▋         | 1784/25193 [3:30:51 > 15:56]
SOAP:   7%|▋         | 1785/25193 [3:31:02 > 15:56]
SOAP:   7%|▋         | 1786/25193 [3:30:35 > 15:57]
SOAP:   7%|▋         | 1787/25193 [3:30:48 > 15:58]
SOAP:   7%|▋         | 1788/25193 [3:32:23 > 15:58]
SOAP:   7%|▋         | 1789/25193 [3:27:48 > 15:59]
SOAP:   7%|▋         | 1790/25193 [3:27:55 > 15:59]
SOAP:   7%|▋         | 1791/25193 [3:31:06 > 16:00]
SOAP:   7%|▋         | 1792/25193 [3:30:31 > 16:00]
SOAP:   7%|▋         | 1793/25193 [3:30:32 > 16:01]
SOAP:   7%|▋         | 1794/25193 [3:30:25 > 16:01]
SOAP:   7%|▋         | 1795/25193 [3:29:15 > 16:02]
SOAP:   7%|▋         | 1796/25193 [3:31:00 > 16:02]
SOAP:   7%|▋         | 1797/25193 [3:31:14 > 16:03]
SOAP:   7%|▋         | 1798/25193 [3:31:01 > 16:03]
SOAP:   7%|▋         | 1799/25193 [3:30:42 > 16:04]
SOAP:   7%|▋         | 1800/25193 [3:30:34 > 16:05]
SOAP:   7%|▋         | 1801/25193 [3:32:39 > 16:05]
SOAP:   7%|▋         | 1802/25193 [3:27:38 > 16:06]
SOAP:   7%|▋         | 1803/25193 [3:31:09 > 16:06]
SOAP:   7%|▋         | 1804/25193 [3:30:47 > 16:07]
SOAP:   7%|▋         | 1805/25193 [3:30:21 > 16:07]
SOAP:   7%|▋         | 1806/25193 [3:27:45 > 16:08]
SOAP:   7%|▋         | 1807/25193 [3:30:46 > 16:08]
SOAP:   7%|▋         | 1808/25193 [3:30:52 > 16:09]
SOAP:   7%|▋         | 1809/25193 [3:31:00 > 16:09]
SOAP:   7%|▋         | 1810/25193 [3:30:28 > 16:10]
SOAP:   7%|▋         | 1811/25193 [3:29:50 > 16:10]
SOAP:   7%|▋         | 1812/25193 [3:30:16 > 16:11]
SOAP:   7%|▋         | 1813/25193 [3:29:58 > 16:12]
SOAP:   7%|▋         | 1814/25193 [3:29:33 > 16:12]
SOAP:   7%|▋         | 1815/25193 [3:30:10 > 16:13]
SOAP:   7%|▋         | 1816/25193 [3:30:03 > 16:13]
SOAP:   7%|▋         | 1817/25193 [3:30:07 > 16:14]
SOAP:   7%|▋         | 1818/25193 [3:30:08 > 16:14]
SOAP:   7%|▋         | 1819/25193 [3:30:28 > 16:15]
SOAP:   7%|▋         | 1820/25193 [3:27:02 > 16:15]
SOAP:   7%|▋         | 1821/25193 [3:30:27 > 16:16]
SOAP:   7%|▋         | 1822/25193 [3:30:28 > 16:16]
SOAP:   7%|▋         | 1823/25193 [3:29:48 > 16:17]
SOAP:   7%|▋         | 1824/25193 [3:27:03 > 16:17]
SOAP:   7%|▋         | 1825/25193 [3:30:32 > 16:18]
SOAP:   7%|▋         | 1826/25193 [3:30:11 > 16:19]
SOAP:   7%|▋         | 1827/25193 [3:27:28 > 16:19]
SOAP:   7%|▋         | 1828/25193 [3:30:59 > 16:20]
SOAP:   7%|▋         | 1829/25193 [3:30:36 > 16:20]
SOAP:   7%|▋         | 1830/25193 [3:30:35 > 16:21]
SOAP:   7%|▋         | 1831/25193 [3:30:30 > 16:21]
SOAP:   7%|▋         | 1832/25193 [3:30:39 > 16:22]
SOAP:   7%|▋         | 1833/25193 [3:30:07 > 16:22]
SOAP:   7%|▋         | 1834/25193 [3:30:07 > 16:23]
SOAP:   7%|▋         | 1835/25193 [3:30:03 > 16:23]
SOAP:   7%|▋         | 1836/25193 [3:27:09 > 16:24]
SOAP:   7%|▋         | 1837/25193 [3:27:26 > 16:24]
SOAP:   7%|▋         | 1838/25193 [3:30:41 > 16:25]
SOAP:   7%|▋         | 1839/25193 [3:27:25 > 16:26]
SOAP:   7%|▋         | 1840/25193 [3:30:55 > 16:26]
SOAP:   7%|▋         | 1841/25193 [3:31:01 > 16:27]
SOAP:   7%|▋         | 1842/25193 [3:30:31 > 16:27]
SOAP:   7%|▋         | 1843/25193 [3:30:33 > 16:28]
SOAP:   7%|▋         | 1844/25193 [3:30:09 > 16:28]
SOAP:   7%|▋         | 1845/25193 [3:26:52 > 16:29]
SOAP:   7%|▋         | 1846/25193 [3:30:32 > 16:29]
SOAP:   7%|▋         | 1847/25193 [3:30:13 > 16:30]
SOAP:   7%|▋         | 1848/25193 [3:26:33 > 16:30]
SOAP:   7%|▋         | 1849/25193 [3:30:04 > 16:31]
SOAP:   7%|▋         | 1850/25193 [3:30:19 > 16:31]
SOAP:   7%|▋         | 1851/25193 [3:27:03 > 16:32]
SOAP:   7%|▋         | 1852/25193 [3:27:22 > 16:33]
SOAP:   7%|▋         | 1853/25193 [3:30:28 > 16:33]
SOAP:   7%|▋         | 1854/25193 [3:30:03 > 16:34]
SOAP:   7%|▋         | 1855/25193 [3:29:57 > 16:34]
SOAP:   7%|▋         | 1856/25193 [3:30:07 > 16:35]
SOAP:   7%|▋         | 1857/25193 [3:29:45 > 16:35]
SOAP:   7%|▋         | 1858/25193 [3:29:45 > 16:36]
SOAP:   7%|▋         | 1859/25193 [3:30:07 > 16:36]
SOAP:   7%|▋         | 1860/25193 [3:30:08 > 16:37]
SOAP:   7%|▋         | 1861/25193 [3:30:13 > 16:37]
SOAP:   7%|▋         | 1862/25193 [3:30:25 > 16:38]
SOAP:   7%|▋         | 1863/25193 [3:30:30 > 16:38]
SOAP:   7%|▋         | 1864/25193 [3:27:00 > 16:39]
SOAP:   7%|▋         | 1865/25193 [3:30:21 > 16:40]
SOAP:   7%|▋         | 1866/25193 [3:30:15 > 16:40]
SOAP:   7%|▋         | 1867/25193 [3:30:05 > 16:41]
SOAP:   7%|▋         | 1868/25193 [3:30:13 > 16:41]
SOAP:   7%|▋         | 1869/25193 [3:30:00 > 16:42]
SOAP:   7%|▋         | 1870/25193 [3:29:27 > 16:42]
SOAP:   7%|▋         | 1871/25193 [3:29:31 > 16:43]
SOAP:   7%|▋         | 1872/25193 [3:29:53 > 16:43]
SOAP:   7%|▋         | 1873/25193 [3:29:45 > 16:44]
SOAP:   7%|▋         | 1874/25193 [3:29:55 > 16:44]
SOAP:   7%|▋         | 1875/25193 [3:30:07 > 16:45]
SOAP:   7%|▋         | 1876/25193 [3:29:28 > 16:45]
SOAP:   7%|▋         | 1877/25193 [3:29:45 > 16:46]
SOAP:   7%|▋         | 1878/25193 [3:29:48 > 16:47]
SOAP:   7%|▋         | 1879/25193 [3:29:32 > 16:47]
SOAP:   7%|▋         | 1880/25193 [3:30:13 > 16:48]
SOAP:   7%|▋         | 1881/25193 [3:30:09 > 16:48]
SOAP:   7%|▋         | 1882/25193 [3:29:35 > 16:49]
SOAP:   7%|▋         | 1883/25193 [3:26:48 > 16:49]
SOAP:   7%|▋         | 1884/25193 [3:30:09 > 16:50]
SOAP:   7%|▋         | 1885/25193 [3:26:33 > 16:50]
SOAP:   7%|▋         | 1886/25193 [3:27:06 > 16:51]
SOAP:   7%|▋         | 1887/25193 [3:30:09 > 16:51]
SOAP:   7%|▋         | 1888/25193 [3:26:35 > 16:52]
SOAP:   7%|▋         | 1889/25193 [3:29:57 > 16:52]
SOAP:   8%|▊         | 1890/25193 [3:29:54 > 16:53]
SOAP:   8%|▊         | 1891/25193 [3:29:42 > 16:54]
SOAP:   8%|▊         | 1892/25193 [3:29:44 > 16:54]
SOAP:   8%|▊         | 1893/25193 [3:30:29 > 16:55]
SOAP:   8%|▊         | 1894/25193 [3:30:07 > 16:55]
SOAP:   8%|▊         | 1895/25193 [3:27:06 > 16:56]
SOAP:   8%|▊         | 1896/25193 [3:30:16 > 16:56]
SOAP:   8%|▊         | 1897/25193 [3:29:58 > 16:57]
SOAP:   8%|▊         | 1898/25193 [3:29:32 > 16:57]
SOAP:   8%|▊         | 1899/25193 [3:29:48 > 16:58]
SOAP:   8%|▊         | 1900/25193 [3:29:29 > 16:58]
SOAP:   8%|▊         | 1901/25193 [3:30:52 > 16:59]
SOAP:   8%|▊         | 1902/25193 [3:30:11 > 16:59]
SOAP:   8%|▊         | 1903/25193 [3:27:01 > 17:00]
SOAP:   8%|▊         | 1904/25193 [3:29:50 > 17:01]
SOAP:   8%|▊         | 1905/25193 [3:29:53 > 17:01]
SOAP:   8%|▊         | 1906/25193 [3:30:02 > 17:02]
SOAP:   8%|▊         | 1907/25193 [3:29:35 > 17:02]
SOAP:   8%|▊         | 1908/25193 [3:29:20 > 17:03]
SOAP:   8%|▊         | 1909/25193 [3:29:14 > 17:03]
SOAP:   8%|▊         | 1910/25193 [3:26:51 > 17:04]
SOAP:   8%|▊         | 1911/25193 [3:29:42 > 17:04]
SOAP:   8%|▊         | 1912/25193 [3:29:24 > 17:05]
SOAP:   8%|▊         | 1913/25193 [3:29:18 > 17:05]
SOAP:   8%|▊         | 1914/25193 [3:26:31 > 17:06]
SOAP:   8%|▊         | 1915/25193 [3:26:35 > 17:06]
SOAP:   8%|▊         | 1916/25193 [3:29:43 > 17:07]
SOAP:   8%|▊         | 1917/25193 [3:29:11 > 17:08]
SOAP:   8%|▊         | 1918/25193 [3:28:54 > 17:08]
SOAP:   8%|▊         | 1919/25193 [3:28:57 > 17:09]
SOAP:   8%|▊         | 1920/25193 [3:29:13 > 17:09]
SOAP:   8%|▊         | 1921/25193 [3:29:16 > 17:10]
SOAP:   8%|▊         | 1922/25193 [3:29:02 > 17:10]
SOAP:   8%|▊         | 1923/25193 [3:26:20 > 17:11]
SOAP:   8%|▊         | 1924/25193 [3:29:30 > 17:11]
SOAP:   8%|▊         | 1925/25193 [3:29:48 > 17:12]
SOAP:   8%|▊         | 1926/25193 [3:29:29 > 17:12]
SOAP:   8%|▊         | 1927/25193 [3:26:54 > 17:13]
SOAP:   8%|▊         | 1928/25193 [3:28:47 > 17:13]
SOAP:   8%|▊         | 1929/25193 [3:29:49 > 17:14]
SOAP:   8%|▊         | 1930/25193 [3:29:48 > 17:15]
SOAP:   8%|▊         | 1931/25193 [3:29:25 > 17:15]
SOAP:   8%|▊         | 1932/25193 [3:29:36 > 17:16]
SOAP:   8%|▊         | 1933/25193 [3:29:35 > 17:16]
SOAP:   8%|▊         | 1934/25193 [3:29:26 > 17:17]
SOAP:   8%|▊         | 1935/25193 [3:29:27 > 17:17]
SOAP:   8%|▊         | 1936/25193 [3:29:47 > 17:18]
SOAP:   8%|▊         | 1937/25193 [3:29:34 > 17:18]
SOAP:   8%|▊         | 1938/25193 [3:29:29 > 17:19]
SOAP:   8%|▊         | 1939/25193 [3:29:43 > 17:19]
SOAP:   8%|▊         | 1940/25193 [3:29:19 > 17:20]
SOAP:   8%|▊         | 1941/25193 [3:28:38 > 17:21]
SOAP:   8%|▊         | 1942/25193 [3:28:58 > 17:21]
SOAP:   8%|▊         | 1943/25193 [3:29:03 > 17:22]
SOAP:   8%|▊         | 1944/25193 [3:28:39 > 17:22]
SOAP:   8%|▊         | 1945/25193 [3:28:59 > 17:23]
SOAP:   8%|▊         | 1946/25193 [3:28:55 > 17:23]
SOAP:   8%|▊         | 1947/25193 [3:28:41 > 17:24]
SOAP:   8%|▊         | 1948/25193 [3:29:09 > 17:24]
SOAP:   8%|▊         | 1949/25193 [3:29:21 > 17:25]
SOAP:   8%|▊         | 1950/25193 [3:25:53 > 17:25]
SOAP:   8%|▊         | 1951/25193 [3:29:25 > 17:26]
SOAP:   8%|▊         | 1952/25193 [3:29:11 > 17:26]
SOAP:   8%|▊         | 1953/25193 [3:28:58 > 17:27]
SOAP:   8%|▊         | 1954/25193 [3:26:25 > 17:27]
SOAP:   8%|▊         | 1955/25193 [3:29:25 > 17:28]
SOAP:   8%|▊         | 1956/25193 [3:29:09 > 17:29]
SOAP:   8%|▊         | 1957/25193 [3:29:02 > 17:29]
SOAP:   8%|▊         | 1958/25193 [3:29:15 > 17:30]
SOAP:   8%|▊         | 1959/25193 [3:26:01 > 17:30]
SOAP:   8%|▊         | 1960/25193 [3:29:24 > 17:31]
SOAP:   8%|▊         | 1961/25193 [3:29:23 > 17:31]
SOAP:   8%|▊         | 1962/25193 [3:25:57 > 17:32]
SOAP:   8%|▊         | 1963/25193 [3:26:16 > 17:32]
SOAP:   8%|▊         | 1964/25193 [3:29:31 > 17:33]
SOAP:   8%|▊         | 1965/25193 [3:26:32 > 17:33]
SOAP:   8%|▊         | 1966/25193 [3:29:23 > 17:34]
SOAP:   8%|▊         | 1967/25193 [3:29:34 > 17:35]
SOAP:   8%|▊         | 1968/25193 [3:29:46 > 17:35]
SOAP:   8%|▊         | 1969/25193 [3:29:22 > 17:36]
SOAP:   8%|▊         | 1970/25193 [3:29:28 > 17:36]
SOAP:   8%|▊         | 1971/25193 [3:29:35 > 17:37]
SOAP:   8%|▊         | 1972/25193 [3:29:08 > 17:37]
SOAP:   8%|▊         | 1973/25193 [3:29:28 > 17:38]
SOAP:   8%|▊         | 1974/25193 [3:29:21 > 17:38]
SOAP:   8%|▊         | 1975/25193 [3:29:08 > 17:39]
SOAP:   8%|▊         | 1976/25193 [3:29:27 > 17:39]
SOAP:   8%|▊         | 1977/25193 [3:28:59 > 17:40]
SOAP:   8%|▊         | 1978/25193 [3:28:41 > 17:40]
SOAP:   8%|▊         | 1979/25193 [3:28:55 > 17:41]
SOAP:   8%|▊         | 1980/25193 [3:28:55 > 17:42]
SOAP:   8%|▊         | 1981/25193 [3:25:52 > 17:42]
SOAP:   8%|▊         | 1982/25193 [3:26:36 > 17:43]
SOAP:   8%|▊         | 1983/25193 [3:26:30 > 17:43]
SOAP:   8%|▊         | 1984/25193 [3:26:16 > 17:44]
SOAP:   8%|▊         | 1985/25193 [3:26:46 > 17:44]
SOAP:   8%|▊         | 1986/25193 [3:26:30 > 17:45]
SOAP:   8%|▊         | 1987/25193 [3:28:01 > 17:45]
SOAP:   8%|▊         | 1988/25193 [3:26:57 > 17:46]
SOAP:   8%|▊         | 1989/25193 [3:26:55 > 17:46]
SOAP:   8%|▊         | 1990/25193 [3:26:53 > 17:47]
SOAP:   8%|▊         | 1991/25193 [3:26:43 > 17:47]
SOAP:   8%|▊         | 1992/25193 [3:26:46 > 17:48]
SOAP:   8%|▊         | 1993/25193 [3:29:47 > 17:49]
SOAP:   8%|▊         | 1994/25193 [3:26:23 > 17:49]
SOAP:   8%|▊         | 1995/25193 [3:26:45 > 17:50]
SOAP:   8%|▊         | 1996/25193 [3:26:57 > 17:50]
SOAP:   8%|▊         | 1997/25193 [3:26:27 > 17:51]
SOAP:   8%|▊         | 1998/25193 [3:26:27 > 17:51]
SOAP:   8%|▊         | 1999/25193 [3:26:19 > 17:52]
SOAP:   8%|▊         | 2000/25193 [3:26:06 > 17:52]
SOAP:   8%|▊         | 2001/25193 [3:27:25 > 17:53]
SOAP:   8%|▊         | 2002/25193 [3:27:32 > 17:53]
SOAP:   8%|▊         | 2003/25193 [3:27:34 > 17:54]
SOAP:   8%|▊         | 2004/25193 [3:27:03 > 17:54]
SOAP:   8%|▊         | 2005/25193 [3:26:54 > 17:55]
SOAP:   8%|▊         | 2006/25193 [3:29:13 > 17:55]
SOAP:   8%|▊         | 2007/25193 [3:26:25 > 17:56]
SOAP:   8%|▊         | 2008/25193 [3:27:21 > 17:57]
SOAP:   8%|▊         | 2009/25193 [3:26:36 > 17:57]
SOAP:   8%|▊         | 2010/25193 [3:26:47 > 17:58]
SOAP:   8%|▊         | 2011/25193 [3:26:43 > 17:58]
SOAP:   8%|▊         | 2012/25193 [3:26:17 > 17:59]
SOAP:   8%|▊         | 2013/25193 [3:26:14 > 17:59]
SOAP:   8%|▊         | 2014/25193 [3:26:14 > 18:00]
SOAP:   8%|▊         | 2015/25193 [3:25:59 > 18:00]
SOAP:   8%|▊         | 2016/25193 [3:26:03 > 18:01]
SOAP:   8%|▊         | 2017/25193 [3:26:13 > 18:01]
SOAP:   8%|▊         | 2018/25193 [3:26:13 > 18:02]
SOAP:   8%|▊         | 2019/25193 [3:26:15 > 18:02]
SOAP:   8%|▊         | 2020/25193 [3:26:30 > 18:03]
SOAP:   8%|▊         | 2021/25193 [3:26:42 > 18:03]
SOAP:   8%|▊         | 2022/25193 [3:26:43 > 18:04]
SOAP:   8%|▊         | 2023/25193 [3:26:47 > 18:05]
SOAP:   8%|▊         | 2024/25193 [3:29:31 > 18:05]
SOAP:   8%|▊         | 2025/25193 [3:25:46 > 18:06]
SOAP:   8%|▊         | 2026/25193 [3:26:03 > 18:06]
SOAP:   8%|▊         | 2027/25193 [3:26:20 > 18:07]
SOAP:   8%|▊         | 2028/25193 [3:26:08 > 18:07]
SOAP:   8%|▊         | 2029/25193 [3:26:28 > 18:08]
SOAP:   8%|▊         | 2030/25193 [3:26:35 > 18:08]
SOAP:   8%|▊         | 2031/25193 [3:26:28 > 18:09]
SOAP:   8%|▊         | 2032/25193 [3:26:42 > 18:09]
SOAP:   8%|▊         | 2033/25193 [3:26:20 > 18:10]
SOAP:   8%|▊         | 2034/25193 [3:25:55 > 18:10]
SOAP:   8%|▊         | 2035/25193 [3:26:11 > 18:11]
SOAP:   8%|▊         | 2036/25193 [3:26:10 > 18:11]
SOAP:   8%|▊         | 2037/25193 [3:25:55 > 18:12]
SOAP:   8%|▊         | 2038/25193 [3:26:15 > 18:13]
SOAP:   8%|▊         | 2039/25193 [3:26:00 > 18:13]
SOAP:   8%|▊         | 2040/25193 [3:25:55 > 18:14]
SOAP:   8%|▊         | 2041/25193 [3:26:02 > 18:14]
SOAP:   8%|▊         | 2042/25193 [3:26:02 > 18:15]
SOAP:   8%|▊         | 2043/25193 [3:25:59 > 18:15]
SOAP:   8%|▊         | 2044/25193 [3:26:14 > 18:16]
SOAP:   8%|▊         | 2045/25193 [3:26:17 > 18:16]
SOAP:   8%|▊         | 2046/25193 [3:26:31 > 18:17]
SOAP:   8%|▊         | 2047/25193 [3:26:14 > 18:17]
SOAP:   8%|▊         | 2048/25193 [3:26:20 > 18:18]
SOAP:   8%|▊         | 2049/25193 [3:26:33 > 18:18]
SOAP:   8%|▊         | 2050/25193 [3:26:25 > 18:19]
SOAP:   8%|▊         | 2051/25193 [3:26:32 > 18:20]
SOAP:   8%|▊         | 2052/25193 [3:26:27 > 18:20]
SOAP:   8%|▊         | 2053/25193 [3:26:15 > 18:21]
SOAP:   8%|▊         | 2054/25193 [3:26:19 > 18:21]
SOAP:   8%|▊         | 2055/25193 [3:26:24 > 18:22]
SOAP:   8%|▊         | 2056/25193 [3:26:01 > 18:22]
SOAP:   8%|▊         | 2057/25193 [3:28:06 > 18:23]
SOAP:   8%|▊         | 2058/25193 [3:25:56 > 18:23]
SOAP:   8%|▊         | 2059/25193 [3:25:54 > 18:24]
SOAP:   8%|▊         | 2060/25193 [3:26:06 > 18:24]
SOAP:   8%|▊         | 2061/25193 [3:25:49 > 18:25]
SOAP:   8%|▊         | 2062/25193 [3:25:35 > 18:25]
SOAP:   8%|▊         | 2063/25193 [3:25:44 > 18:26]
SOAP:   8%|▊         | 2064/25193 [3:25:40 > 18:26]
SOAP:   8%|▊         | 2065/25193 [3:25:30 > 18:27]
SOAP:   8%|▊         | 2066/25193 [3:25:42 > 18:28]
SOAP:   8%|▊         | 2067/25193 [3:25:45 > 18:28]
SOAP:   8%|▊         | 2068/25193 [3:25:35 > 18:29]
SOAP:   8%|▊         | 2069/25193 [3:25:45 > 18:29]
SOAP:   8%|▊         | 2070/25193 [3:25:56 > 18:30]
SOAP:   8%|▊         | 2071/25193 [3:26:14 > 18:30]
SOAP:   8%|▊         | 2072/25193 [3:26:09 > 18:31]
SOAP:   8%|▊         | 2073/25193 [3:26:19 > 18:31]
SOAP:   8%|▊         | 2074/25193 [3:26:20 > 18:32]
SOAP:   8%|▊         | 2075/25193 [3:26:17 > 18:32]
SOAP:   8%|▊         | 2076/25193 [3:26:24 > 18:33]
SOAP:   8%|▊         | 2077/25193 [3:26:09 > 18:33]
SOAP:   8%|▊         | 2078/25193 [3:25:54 > 18:34]
SOAP:   8%|▊         | 2079/25193 [3:25:55 > 18:34]
SOAP:   8%|▊         | 2080/25193 [3:26:08 > 18:35]
SOAP:   8%|▊         | 2081/25193 [3:25:57 > 18:36]
SOAP:   8%|▊         | 2082/25193 [3:26:20 > 18:36]
SOAP:   8%|▊         | 2083/25193 [3:26:21 > 18:37]
SOAP:   8%|▊         | 2084/25193 [3:25:52 > 18:37]
SOAP:   8%|▊         | 2085/25193 [3:25:57 > 18:38]
SOAP:   8%|▊         | 2086/25193 [3:25:49 > 18:38]
SOAP:   8%|▊         | 2087/25193 [3:25:37 > 18:39]
SOAP:   8%|▊         | 2088/25193 [3:25:52 > 18:39]
SOAP:   8%|▊         | 2089/25193 [3:25:58 > 18:40]
SOAP:   8%|▊         | 2090/25193 [3:25:39 > 18:40]
SOAP:   8%|▊         | 2091/25193 [3:25:53 > 18:41]
SOAP:   8%|▊         | 2092/25193 [3:27:37 > 18:41]
SOAP:   8%|▊         | 2093/25193 [3:25:21 > 18:42]
SOAP:   8%|▊         | 2094/25193 [3:25:49 > 18:43]
SOAP:   8%|▊         | 2095/25193 [3:25:46 > 18:43]
SOAP:   8%|▊         | 2096/25193 [3:25:41 > 18:44]
SOAP:   8%|▊         | 2097/25193 [3:25:43 > 18:44]
SOAP:   8%|▊         | 2098/25193 [3:25:49 > 18:45]
SOAP:   8%|▊         | 2099/25193 [3:25:49 > 18:45]
SOAP:   8%|▊         | 2100/25193 [3:25:42 > 18:46]
SOAP:   8%|▊         | 2101/25193 [3:26:52 > 18:46]
SOAP:   8%|▊         | 2102/25193 [3:26:51 > 18:47]
SOAP:   8%|▊         | 2103/25193 [3:26:31 > 18:47]
SOAP:   8%|▊         | 2104/25193 [3:26:18 > 18:48]
SOAP:   8%|▊         | 2105/25193 [3:25:53 > 18:48]
SOAP:   8%|▊         | 2106/25193 [3:25:35 > 18:49]
SOAP:   8%|▊         | 2107/25193 [3:25:46 > 18:49]
SOAP:   8%|▊         | 2108/25193 [3:25:37 > 18:50]
SOAP:   8%|▊         | 2109/25193 [3:25:50 > 18:51]
SOAP:   8%|▊         | 2110/25193 [3:26:12 > 18:51]
SOAP:   8%|▊         | 2111/25193 [3:27:29 > 18:52]
SOAP:   8%|▊         | 2112/25193 [3:26:06 > 18:52]
SOAP:   8%|▊         | 2113/25193 [3:26:23 > 18:53]
SOAP:   8%|▊         | 2114/25193 [3:25:47 > 18:53]
SOAP:   8%|▊         | 2115/25193 [3:25:45 > 18:54]
SOAP:   8%|▊         | 2116/25193 [3:25:59 > 18:54]
SOAP:   8%|▊         | 2117/25193 [3:25:41 > 18:55]
SOAP:   8%|▊         | 2118/25193 [3:25:31 > 18:55]
SOAP:   8%|▊         | 2119/25193 [3:28:38 > 18:56]
SOAP:   8%|▊         | 2120/25193 [3:25:19 > 18:56]
SOAP:   8%|▊         | 2121/25193 [3:25:30 > 18:57]
SOAP:   8%|▊         | 2122/25193 [3:25:53 > 18:58]
SOAP:   8%|▊         | 2123/25193 [3:25:59 > 18:58]
SOAP:   8%|▊         | 2124/25193 [3:25:54 > 18:59]
SOAP:   8%|▊         | 2125/25193 [3:25:44 > 18:59]
SOAP:   8%|▊         | 2126/25193 [3:25:37 > 19:00]
SOAP:   8%|▊         | 2127/25193 [3:25:31 > 19:00]
SOAP:   8%|▊         | 2128/25193 [3:25:37 > 19:01]
SOAP:   8%|▊         | 2129/25193 [3:26:01 > 19:01]
SOAP:   8%|▊         | 2130/25193 [3:25:46 > 19:02]
SOAP:   8%|▊         | 2131/25193 [3:25:39 > 19:02]
SOAP:   8%|▊         | 2132/25193 [3:25:58 > 19:03]
SOAP:   8%|▊         | 2133/25193 [3:25:43 > 19:03]
SOAP:   8%|▊         | 2134/25193 [3:25:28 > 19:04]
SOAP:   8%|▊         | 2135/25193 [3:28:17 > 19:04]
SOAP:   8%|▊         | 2136/25193 [3:27:46 > 19:05]
SOAP:   8%|▊         | 2137/25193 [3:24:37 > 19:06]
SOAP:   8%|▊         | 2138/25193 [3:25:08 > 19:06]
SOAP:   8%|▊         | 2139/25193 [3:26:39 > 19:07]
SOAP:   8%|▊         | 2140/25193 [3:24:43 > 19:07]
SOAP:   8%|▊         | 2141/25193 [3:25:17 > 19:08]
SOAP:   9%|▊         | 2142/25193 [3:25:00 > 19:08]
SOAP:   9%|▊         | 2143/25193 [3:25:09 > 19:09]
SOAP:   9%|▊         | 2144/25193 [3:25:25 > 19:09]
SOAP:   9%|▊         | 2145/25193 [3:24:58 > 19:10]
SOAP:   9%|▊         | 2146/25193 [3:25:31 > 19:10]
SOAP:   9%|▊         | 2147/25193 [3:25:48 > 19:11]
SOAP:   9%|▊         | 2148/25193 [3:25:53 > 19:11]
SOAP:   9%|▊         | 2149/25193 [3:25:52 > 19:12]
SOAP:   9%|▊         | 2150/25193 [3:25:44 > 19:12]
SOAP:   9%|▊         | 2151/25193 [3:25:54 > 19:13]
SOAP:   9%|▊         | 2152/25193 [3:25:40 > 19:14]
SOAP:   9%|▊         | 2153/25193 [3:25:41 > 19:14]
SOAP:   9%|▊         | 2154/25193 [3:25:59 > 19:15]
SOAP:   9%|▊         | 2155/25193 [3:28:18 > 19:15]
SOAP:   9%|▊         | 2156/25193 [3:24:55 > 19:16]
SOAP:   9%|▊         | 2157/25193 [3:25:17 > 19:16]
SOAP:   9%|▊         | 2158/25193 [3:24:59 > 19:17]
SOAP:   9%|▊         | 2159/25193 [3:25:10 > 19:17]
SOAP:   9%|▊         | 2160/25193 [3:25:05 > 19:18]
SOAP:   9%|▊         | 2161/25193 [3:24:56 > 19:18]
SOAP:   9%|▊         | 2162/25193 [3:25:05 > 19:19]
SOAP:   9%|▊         | 2163/25193 [3:25:20 > 19:19]
SOAP:   9%|▊         | 2164/25193 [3:25:06 > 19:20]
SOAP:   9%|▊         | 2165/25193 [3:25:07 > 19:21]
SOAP:   9%|▊         | 2166/25193 [3:25:07 > 19:21]
SOAP:   9%|▊         | 2167/25193 [3:24:47 > 19:22]
SOAP:   9%|▊         | 2168/25193 [3:27:38 > 19:22]
SOAP:   9%|▊         | 2169/25193 [3:24:39 > 19:23]
SOAP:   9%|▊         | 2170/25193 [3:24:23 > 19:23]
SOAP:   9%|▊         | 2171/25193 [3:24:37 > 19:24]
SOAP:   9%|▊         | 2172/25193 [3:25:24 > 19:24]
SOAP:   9%|▊         | 2173/25193 [3:24:42 > 19:25]
SOAP:   9%|▊         | 2174/25193 [3:25:04 > 19:25]
SOAP:   9%|▊         | 2175/25193 [3:25:13 > 19:26]
SOAP:   9%|▊         | 2176/25193 [3:25:01 > 19:26]
SOAP:   9%|▊         | 2177/25193 [3:25:06 > 19:27]
SOAP:   9%|▊         | 2178/25193 [3:25:08 > 19:27]
SOAP:   9%|▊         | 2179/25193 [3:25:20 > 19:28]
SOAP:   9%|▊         | 2180/25193 [3:24:54 > 19:29]
SOAP:   9%|▊         | 2181/25193 [3:24:57 > 19:29]
SOAP:   9%|▊         | 2182/25193 [3:25:11 > 19:30]
SOAP:   9%|▊         | 2183/25193 [3:24:47 > 19:30]
SOAP:   9%|▊         | 2184/25193 [3:24:52 > 19:31]
SOAP:   9%|▊         | 2185/25193 [3:25:03 > 19:31]
SOAP:   9%|▊         | 2186/25193 [3:24:57 > 19:32]
SOAP:   9%|▊         | 2187/25193 [3:24:57 > 19:32]
SOAP:   9%|▊         | 2188/25193 [3:25:09 > 19:33]
SOAP:   9%|▊         | 2189/25193 [3:24:44 > 19:33]
SOAP:   9%|▊         | 2190/25193 [3:24:42 > 19:34]
SOAP:   9%|▊         | 2191/25193 [3:25:06 > 19:34]
SOAP:   9%|▊         | 2192/25193 [3:25:00 > 19:35]
SOAP:   9%|▊         | 2193/25193 [3:24:55 > 19:35]
SOAP:   9%|▊         | 2194/25193 [3:25:12 > 19:36]
SOAP:   9%|▊         | 2195/25193 [3:24:53 > 19:37]
SOAP:   9%|▊         | 2196/25193 [3:24:44 > 19:37]
SOAP:   9%|▊         | 2197/25193 [3:24:50 > 19:38]
SOAP:   9%|▊         | 2198/25193 [3:24:34 > 19:38]
SOAP:   9%|▊         | 2199/25193 [3:24:36 > 19:39]
SOAP:   9%|▊         | 2200/25193 [3:24:59 > 19:39]
SOAP:   9%|▊         | 2201/25193 [3:26:15 > 19:40]
SOAP:   9%|▊         | 2202/25193 [3:27:02 > 19:40]
SOAP:   9%|▊         | 2203/25193 [3:26:10 > 19:41]
SOAP:   9%|▊         | 2204/25193 [3:25:55 > 19:41]
SOAP:   9%|▉         | 2205/25193 [3:25:17 > 19:42]
SOAP:   9%|▉         | 2206/25193 [3:24:41 > 19:42]
SOAP:   9%|▉         | 2207/25193 [3:24:47 > 19:43]
SOAP:   9%|▉         | 2208/25193 [3:24:37 > 19:44]
SOAP:   9%|▉         | 2209/25193 [3:24:26 > 19:44]
SOAP:   9%|▉         | 2210/25193 [3:24:48 > 19:45]
SOAP:   9%|▉         | 2211/25193 [3:27:35 > 19:45]
SOAP:   9%|▉         | 2212/25193 [3:24:27 > 19:46]
SOAP:   9%|▉         | 2213/25193 [3:24:54 > 19:46]
SOAP:   9%|▉         | 2214/25193 [3:27:38 > 19:47]
SOAP:   9%|▉         | 2215/25193 [3:24:33 > 19:47]
SOAP:   9%|▉         | 2216/25193 [3:26:40 > 19:48]
SOAP:   9%|▉         | 2217/25193 [3:24:42 > 19:48]
SOAP:   9%|▉         | 2218/25193 [3:24:42 > 19:49]
SOAP:   9%|▉         | 2219/25193 [3:24:41 > 19:49]
SOAP:   9%|▉         | 2220/25193 [3:24:34 > 19:50]
SOAP:   9%|▉         | 2221/25193 [3:24:21 > 19:50]
SOAP:   9%|▉         | 2222/25193 [3:24:25 > 19:51]
SOAP:   9%|▉         | 2223/25193 [3:24:26 > 19:52]
SOAP:   9%|▉         | 2224/25193 [3:24:28 > 19:52]
SOAP:   9%|▉         | 2225/25193 [3:26:43 > 19:53]
SOAP:   9%|▉         | 2226/25193 [3:24:09 > 19:53]
SOAP:   9%|▉         | 2227/25193 [3:24:13 > 19:54]
SOAP:   9%|▉         | 2228/25193 [3:24:20 > 19:54]
SOAP:   9%|▉         | 2229/25193 [3:24:33 > 19:55]
SOAP:   9%|▉         | 2230/25193 [3:24:50 > 19:55]
SOAP:   9%|▉         | 2231/25193 [3:24:45 > 19:56]
SOAP:   9%|▉         | 2232/25193 [3:24:47 > 19:56]
SOAP:   9%|▉         | 2233/25193 [3:24:45 > 19:57]
SOAP:   9%|▉         | 2234/25193 [3:27:32 > 19:57]
SOAP:   9%|▉         | 2235/25193 [3:24:38 > 19:58]
SOAP:   9%|▉         | 2236/25193 [3:24:24 > 19:59]
SOAP:   9%|▉         | 2237/25193 [3:24:09 > 19:59]
SOAP:   9%|▉         | 2238/25193 [3:24:34 > 20:00]
SOAP:   9%|▉         | 2239/25193 [3:24:22 > 20:00]
SOAP:   9%|▉         | 2240/25193 [3:24:10 > 20:01]
SOAP:   9%|▉         | 2241/25193 [3:24:21 > 20:01]
SOAP:   9%|▉         | 2242/25193 [3:24:04 > 20:02]
SOAP:   9%|▉         | 2243/25193 [3:23:38 > 20:02]
SOAP:   9%|▉         | 2244/25193 [3:24:13 > 20:03]
SOAP:   9%|▉         | 2245/25193 [3:24:16 > 20:03]
SOAP:   9%|▉         | 2246/25193 [3:23:52 > 20:04]
SOAP:   9%|▉         | 2247/25193 [3:24:07 > 20:04]
SOAP:   9%|▉         | 2248/25193 [3:24:17 > 20:05]
SOAP:   9%|▉         | 2249/25193 [3:24:12 > 20:05]
SOAP:   9%|▉         | 2250/25193 [3:24:35 > 20:06]
SOAP:   9%|▉         | 2251/25193 [3:24:29 > 20:07]
SOAP:   9%|▉         | 2252/25193 [3:24:28 > 20:07]
SOAP:   9%|▉         | 2253/25193 [3:24:42 > 20:08]
SOAP:   9%|▉         | 2254/25193 [3:24:40 > 20:08]
SOAP:   9%|▉         | 2255/25193 [3:24:41 > 20:09]
SOAP:   9%|▉         | 2256/25193 [3:24:28 > 20:09]
SOAP:   9%|▉         | 2257/25193 [3:24:25 > 20:10]
SOAP:   9%|▉         | 2258/25193 [3:24:14 > 20:10]
SOAP:   9%|▉         | 2259/25193 [3:23:53 > 20:11]
SOAP:   9%|▉         | 2260/25193 [3:23:57 > 20:11]
SOAP:   9%|▉         | 2261/25193 [3:24:11 > 20:12]
SOAP:   9%|▉         | 2262/25193 [3:23:51 > 20:12]
SOAP:   9%|▉         | 2263/25193 [3:23:56 > 20:13]
SOAP:   9%|▉         | 2264/25193 [3:23:49 > 20:13]
SOAP:   9%|▉         | 2265/25193 [3:23:56 > 20:14]
SOAP:   9%|▉         | 2266/25193 [3:24:06 > 20:15]
SOAP:   9%|▉         | 2267/25193 [3:24:06 > 20:15]
SOAP:   9%|▉         | 2268/25193 [3:23:55 > 20:16]
SOAP:   9%|▉         | 2269/25193 [3:24:27 > 20:16]
SOAP:   9%|▉         | 2270/25193 [3:24:37 > 20:17]
SOAP:   9%|▉         | 2271/25193 [3:27:13 > 20:17]
SOAP:   9%|▉         | 2272/25193 [3:24:08 > 20:18]
SOAP:   9%|▉         | 2273/25193 [3:24:12 > 20:18]
SOAP:   9%|▉         | 2274/25193 [3:24:09 > 20:19]
SOAP:   9%|▉         | 2275/25193 [3:24:16 > 20:19]
SOAP:   9%|▉         | 2276/25193 [3:24:11 > 20:20]
SOAP:   9%|▉         | 2277/25193 [3:23:59 > 20:20]
SOAP:   9%|▉         | 2278/25193 [3:24:15 > 20:21]
SOAP:   9%|▉         | 2279/25193 [3:24:11 > 20:22]
SOAP:   9%|▉         | 2280/25193 [3:24:21 > 20:22]
SOAP:   9%|▉         | 2281/25193 [3:24:12 > 20:23]
SOAP:   9%|▉         | 2282/25193 [3:27:19 > 20:23]
SOAP:   9%|▉         | 2283/25193 [3:24:08 > 20:24]
SOAP:   9%|▉         | 2284/25193 [3:24:12 > 20:24]
SOAP:   9%|▉         | 2285/25193 [3:24:29 > 20:25]
SOAP:   9%|▉         | 2286/25193 [3:24:15 > 20:25]
SOAP:   9%|▉         | 2287/25193 [3:23:54 > 20:26]
SOAP:   9%|▉         | 2288/25193 [3:24:12 > 20:26]
SOAP:   9%|▉         | 2289/25193 [3:24:01 > 20:27]
SOAP:   9%|▉         | 2290/25193 [3:23:53 > 20:27]
SOAP:   9%|▉         | 2291/25193 [3:23:55 > 20:28]
SOAP:   9%|▉         | 2292/25193 [3:24:05 > 20:28]
SOAP:   9%|▉         | 2293/25193 [3:23:54 > 20:29]
SOAP:   9%|▉         | 2294/25193 [3:24:15 > 20:30]
SOAP:   9%|▉         | 2295/25193 [3:24:15 > 20:30]
SOAP:   9%|▉         | 2296/25193 [3:24:01 > 20:31]
SOAP:   9%|▉         | 2297/25193 [3:24:04 > 20:31]
SOAP:   9%|▉         | 2298/25193 [3:23:56 > 20:32]
SOAP:   9%|▉         | 2299/25193 [3:23:37 > 20:32]
SOAP:   9%|▉         | 2300/25193 [3:26:49 > 20:33]
SOAP:   9%|▉         | 2301/25193 [3:24:33 > 20:33]
SOAP:   9%|▉         | 2302/25193 [3:24:24 > 20:34]
SOAP:   9%|▉         | 2303/25193 [3:24:27 > 20:34]
SOAP:   9%|▉         | 2304/25193 [3:24:11 > 20:35]
SOAP:   9%|▉         | 2305/25193 [3:23:51 > 20:35]
SOAP:   9%|▉         | 2306/25193 [3:27:01 > 20:36]
SOAP:   9%|▉         | 2307/25193 [3:23:50 > 20:36]
SOAP:   9%|▉         | 2308/25193 [3:23:49 > 20:37]
SOAP:   9%|▉         | 2309/25193 [3:23:45 > 20:38]
SOAP:   9%|▉         | 2310/25193 [3:24:31 > 20:38]
SOAP:   9%|▉         | 2311/25193 [3:23:41 > 20:39]
SOAP:   9%|▉         | 2312/25193 [3:23:25 > 20:39]
SOAP:   9%|▉         | 2313/25193 [3:23:35 > 20:40]
SOAP:   9%|▉         | 2314/25193 [3:23:27 > 20:40]
SOAP:   9%|▉         | 2315/25193 [3:23:32 > 20:41]
SOAP:   9%|▉         | 2316/25193 [3:23:55 > 20:41]
SOAP:   9%|▉         | 2317/25193 [3:23:46 > 20:42]
SOAP:   9%|▉         | 2318/25193 [3:23:20 > 20:42]
SOAP:   9%|▉         | 2319/25193 [3:23:25 > 20:43]
SOAP:   9%|▉         | 2320/25193 [3:26:18 > 20:43]
SOAP:   9%|▉         | 2321/25193 [3:23:01 > 20:44]
SOAP:   9%|▉         | 2322/25193 [3:26:44 > 20:45]
SOAP:   9%|▉         | 2323/25193 [3:23:32 > 20:45]
SOAP:   9%|▉         | 2324/25193 [3:23:18 > 20:46]
SOAP:   9%|▉         | 2325/25193 [3:23:39 > 20:46]
SOAP:   9%|▉         | 2326/25193 [3:23:55 > 20:47]
SOAP:   9%|▉         | 2327/25193 [3:26:23 > 20:47]
SOAP:   9%|▉         | 2328/25193 [3:23:21 > 20:48]
SOAP:   9%|▉         | 2329/25193 [3:23:37 > 20:48]
SOAP:   9%|▉         | 2330/25193 [3:23:30 > 20:49]
SOAP:   9%|▉         | 2331/25193 [3:26:38 > 20:49]
SOAP:   9%|▉         | 2332/25193 [3:23:49 > 20:50]
SOAP:   9%|▉         | 2333/25193 [3:23:48 > 20:50]
SOAP:   9%|▉         | 2334/25193 [3:23:51 > 20:51]
SOAP:   9%|▉         | 2335/25193 [3:26:40 > 20:52]
SOAP:   9%|▉         | 2336/25193 [3:24:07 > 20:52]
SOAP:   9%|▉         | 2337/25193 [3:23:33 > 20:53]
SOAP:   9%|▉         | 2338/25193 [3:23:44 > 20:53]
SOAP:   9%|▉         | 2339/25193 [3:23:43 > 20:54]
SOAP:   9%|▉         | 2340/25193 [3:23:33 > 20:54]
SOAP:   9%|▉         | 2341/25193 [3:23:50 > 20:55]
SOAP:   9%|▉         | 2342/25193 [3:25:43 > 20:55]
SOAP:   9%|▉         | 2343/25193 [3:22:46 > 20:56]
SOAP:   9%|▉         | 2344/25193 [3:23:12 > 20:56]
SOAP:   9%|▉         | 2345/25193 [3:23:09 > 20:57]
SOAP:   9%|▉         | 2346/25193 [3:22:58 > 20:57]
SOAP:   9%|▉         | 2347/25193 [3:23:12 > 20:58]
SOAP:   9%|▉         | 2348/25193 [3:26:10 > 20:58]
SOAP:   9%|▉         | 2349/25193 [3:23:06 > 20:59]
SOAP:   9%|▉         | 2350/25193 [3:23:25 > 21:00]
SOAP:   9%|▉         | 2351/25193 [3:23:19 > 21:00]
SOAP:   9%|▉         | 2352/25193 [3:22:57 > 21:01]
SOAP:   9%|▉         | 2353/25193 [3:23:18 > 21:01]
SOAP:   9%|▉         | 2354/25193 [3:23:21 > 21:02]
SOAP:   9%|▉         | 2355/25193 [3:23:05 > 21:02]
SOAP:   9%|▉         | 2356/25193 [3:23:29 > 21:03]
SOAP:   9%|▉         | 2357/25193 [3:23:41 > 21:03]
SOAP:   9%|▉         | 2358/25193 [3:23:07 > 21:04]
SOAP:   9%|▉         | 2359/25193 [3:23:12 > 21:04]
SOAP:   9%|▉         | 2360/25193 [3:23:22 > 21:05]
SOAP:   9%|▉         | 2361/25193 [3:23:22 > 21:05]
SOAP:   9%|▉         | 2362/25193 [3:23:22 > 21:06]
SOAP:   9%|▉         | 2363/25193 [3:23:26 > 21:06]
SOAP:   9%|▉         | 2364/25193 [3:23:39 > 21:07]
SOAP:   9%|▉         | 2365/25193 [3:23:21 > 21:08]
SOAP:   9%|▉         | 2366/25193 [3:23:43 > 21:08]
SOAP:   9%|▉         | 2367/25193 [3:23:36 > 21:09]
SOAP:   9%|▉         | 2368/25193 [3:23:01 > 21:09]
SOAP:   9%|▉         | 2369/25193 [3:23:27 > 21:10]
SOAP:   9%|▉         | 2370/25193 [3:26:07 > 21:10]
SOAP:   9%|▉         | 2371/25193 [3:25:36 > 21:11]
SOAP:   9%|▉         | 2372/25193 [3:22:41 > 21:11]
SOAP:   9%|▉         | 2373/25193 [3:23:05 > 21:12]
SOAP:   9%|▉         | 2374/25193 [3:23:02 > 21:12]
SOAP:   9%|▉         | 2375/25193 [3:23:14 > 21:13]
SOAP:   9%|▉         | 2376/25193 [3:23:24 > 21:13]
SOAP:   9%|▉         | 2377/25193 [3:23:01 > 21:14]
SOAP:   9%|▉         | 2378/25193 [3:23:06 > 21:14]
SOAP:   9%|▉         | 2379/25193 [3:23:11 > 21:15]
SOAP:   9%|▉         | 2380/25193 [3:25:58 > 21:16]
SOAP:   9%|▉         | 2381/25193 [3:23:07 > 21:16]
SOAP:   9%|▉         | 2382/25193 [3:22:53 > 21:17]
SOAP:   9%|▉         | 2383/25193 [3:22:34 > 21:17]
SOAP:   9%|▉         | 2384/25193 [3:22:53 > 21:18]
SOAP:   9%|▉         | 2385/25193 [3:22:56 > 21:18]
SOAP:   9%|▉         | 2386/25193 [3:22:47 > 21:19]
SOAP:   9%|▉         | 2387/25193 [3:23:04 > 21:19]
SOAP:   9%|▉         | 2388/25193 [3:23:05 > 21:20]
SOAP:   9%|▉         | 2389/25193 [3:23:04 > 21:20]
SOAP:   9%|▉         | 2390/25193 [3:22:48 > 21:21]
SOAP:   9%|▉         | 2391/25193 [3:23:00 > 21:21]
SOAP:   9%|▉         | 2392/25193 [3:23:03 > 21:22]
SOAP:   9%|▉         | 2393/25193 [3:22:48 > 21:23]
SOAP:  10%|▉         | 2394/25193 [3:23:11 > 21:23]
SOAP:  10%|▉         | 2395/25193 [3:23:21 > 21:24]
SOAP:  10%|▉         | 2396/25193 [3:23:21 > 21:24]
SOAP:  10%|▉         | 2397/25193 [3:23:30 > 21:25]
SOAP:  10%|▉         | 2398/25193 [3:23:21 > 21:25]
SOAP:  10%|▉         | 2399/25193 [3:22:53 > 21:26]
SOAP:  10%|▉         | 2400/25193 [3:22:54 > 21:26]
SOAP:  10%|▉         | 2401/25193 [3:24:03 > 21:27]
SOAP:  10%|▉         | 2402/25193 [3:23:35 > 21:27]
SOAP:  10%|▉         | 2403/25193 [3:23:35 > 21:28]
SOAP:  10%|▉         | 2404/25193 [3:23:20 > 21:28]
SOAP:  10%|▉         | 2405/25193 [3:23:02 > 21:29]
SOAP:  10%|▉         | 2406/25193 [3:23:22 > 21:29]
SOAP:  10%|▉         | 2407/25193 [3:23:23 > 21:30]
SOAP:  10%|▉         | 2408/25193 [3:22:47 > 21:31]
SOAP:  10%|▉         | 2409/25193 [3:22:51 > 21:31]
SOAP:  10%|▉         | 2410/25193 [3:22:55 > 21:32]
SOAP:  10%|▉         | 2411/25193 [3:22:31 > 21:32]
SOAP:  10%|▉         | 2412/25193 [3:22:47 > 21:33]
SOAP:  10%|▉         | 2413/25193 [3:23:00 > 21:33]
SOAP:  10%|▉         | 2414/25193 [3:23:04 > 21:34]
SOAP:  10%|▉         | 2415/25193 [3:23:14 > 21:34]
SOAP:  10%|▉         | 2416/25193 [3:23:25 > 21:35]
SOAP:  10%|▉         | 2417/25193 [3:23:37 > 21:35]
SOAP:  10%|▉         | 2418/25193 [3:23:00 > 21:36]
SOAP:  10%|▉         | 2419/25193 [3:23:10 > 21:36]
SOAP:  10%|▉         | 2420/25193 [3:23:10 > 21:37]
SOAP:  10%|▉         | 2421/25193 [3:22:57 > 21:37]
SOAP:  10%|▉         | 2422/25193 [3:23:16 > 21:38]
SOAP:  10%|▉         | 2423/25193 [3:26:07 > 21:39]
SOAP:  10%|▉         | 2424/25193 [3:22:38 > 21:39]
SOAP:  10%|▉         | 2425/25193 [3:25:32 > 21:40]
SOAP:  10%|▉         | 2426/25193 [3:21:59 > 21:40]
SOAP:  10%|▉         | 2427/25193 [3:22:06 > 21:41]
SOAP:  10%|▉         | 2428/25193 [3:25:09 > 21:41]
SOAP:  10%|▉         | 2429/25193 [3:24:46 > 21:42]
SOAP:  10%|▉         | 2430/25193 [3:21:55 > 21:42]
SOAP:  10%|▉         | 2431/25193 [3:22:14 > 21:43]
SOAP:  10%|▉         | 2432/25193 [3:22:15 > 21:43]
SOAP:  10%|▉         | 2433/25193 [3:24:51 > 21:44]
SOAP:  10%|▉         | 2434/25193 [3:25:22 > 21:44]
SOAP:  10%|▉         | 2435/25193 [3:25:27 > 21:45]
SOAP:  10%|▉         | 2436/25193 [3:25:07 > 21:46]
SOAP:  10%|▉         | 2437/25193 [3:25:02 > 21:46]
SOAP:  10%|▉         | 2438/25193 [3:25:29 > 21:47]
SOAP:  10%|▉         | 2439/25193 [3:25:11 > 21:47]
SOAP:  10%|▉         | 2440/25193 [3:25:02 > 21:48]
SOAP:  10%|▉         | 2441/25193 [3:24:53 > 21:48]
SOAP:  10%|▉         | 2442/25193 [3:24:49 > 21:49]
SOAP:  10%|▉         | 2443/25193 [3:21:38 > 21:49]
SOAP:  10%|▉         | 2444/25193 [3:25:01 > 21:50]
SOAP:  10%|▉         | 2445/25193 [3:23:06 > 21:50]
SOAP:  10%|▉         | 2446/25193 [3:24:36 > 21:51]
SOAP:  10%|▉         | 2447/25193 [3:24:44 > 21:52]
SOAP:  10%|▉         | 2448/25193 [3:25:02 > 21:52]
SOAP:  10%|▉         | 2449/25193 [3:23:52 > 21:53]
SOAP:  10%|▉         | 2450/25193 [3:25:17 > 21:53]
SOAP:  10%|▉         | 2451/25193 [3:24:54 > 21:54]
SOAP:  10%|▉         | 2452/25193 [3:21:26 > 21:54]
SOAP:  10%|▉         | 2453/25193 [3:24:54 > 21:55]
SOAP:  10%|▉         | 2454/25193 [3:22:17 > 21:55]
SOAP:  10%|▉         | 2455/25193 [3:24:53 > 21:56]
SOAP:  10%|▉         | 2456/25193 [3:24:27 > 21:56]
SOAP:  10%|▉         | 2457/25193 [3:21:56 > 21:57]
SOAP:  10%|▉         | 2458/25193 [3:24:49 > 21:57]
SOAP:  10%|▉         | 2459/25193 [3:25:00 > 21:58]
SOAP:  10%|▉         | 2460/25193 [3:24:43 > 21:59]
SOAP:  10%|▉         | 2461/25193 [3:23:07 > 21:59]
SOAP:  10%|▉         | 2462/25193 [3:24:33 > 22:00]
SOAP:  10%|▉         | 2463/25193 [3:24:25 > 22:00]
SOAP:  10%|▉         | 2464/25193 [3:23:25 > 22:01]
SOAP:  10%|▉         | 2465/25193 [3:21:38 > 22:01]
SOAP:  10%|▉         | 2466/25193 [3:22:09 > 22:02]
SOAP:  10%|▉         | 2467/25193 [3:24:44 > 22:02]
SOAP:  10%|▉         | 2468/25193 [3:23:21 > 22:03]
SOAP:  10%|▉         | 2469/25193 [3:24:33 > 22:03]
SOAP:  10%|▉         | 2470/25193 [3:21:27 > 22:04]
SOAP:  10%|▉         | 2471/25193 [3:24:51 > 22:04]
SOAP:  10%|▉         | 2472/25193 [3:24:45 > 22:05]
SOAP:  10%|▉         | 2473/25193 [3:24:34 > 22:05]
SOAP:  10%|▉         | 2474/25193 [3:24:34 > 22:06]
SOAP:  10%|▉         | 2475/25193 [3:24:43 > 22:07]
SOAP:  10%|▉         | 2476/25193 [3:24:58 > 22:07]
SOAP:  10%|▉         | 2477/25193 [3:24:57 > 22:08]
SOAP:  10%|▉         | 2478/25193 [3:24:59 > 22:08]
SOAP:  10%|▉         | 2479/25193 [3:22:10 > 22:09]
SOAP:  10%|▉         | 2480/25193 [3:25:14 > 22:09]
SOAP:  10%|▉         | 2481/25193 [3:25:20 > 22:10]
SOAP:  10%|▉         | 2482/25193 [3:24:52 > 22:10]
SOAP:  10%|▉         | 2483/25193 [3:24:17 > 22:11]
SOAP:  10%|▉         | 2484/25193 [3:24:25 > 22:11]
SOAP:  10%|▉         | 2485/25193 [3:23:32 > 22:12]
SOAP:  10%|▉         | 2486/25193 [3:24:04 > 22:13]
SOAP:  10%|▉         | 2487/25193 [3:21:48 > 22:13]
SOAP:  10%|▉         | 2488/25193 [3:25:13 > 22:14]
SOAP:  10%|▉         | 2489/25193 [3:24:46 > 22:14]
SOAP:  10%|▉         | 2490/25193 [3:24:55 > 22:15]
SOAP:  10%|▉         | 2491/25193 [3:24:53 > 22:15]
SOAP:  10%|▉         | 2492/25193 [3:24:40 > 22:16]
SOAP:  10%|▉         | 2493/25193 [3:24:36 > 22:16]
SOAP:  10%|▉         | 2494/25193 [3:24:16 > 22:17]
SOAP:  10%|▉         | 2495/25193 [3:23:50 > 22:17]
SOAP:  10%|▉         | 2496/25193 [3:24:00 > 22:18]
SOAP:  10%|▉         | 2497/25193 [3:23:55 > 22:18]
SOAP:  10%|▉         | 2498/25193 [3:24:13 > 22:19]
SOAP:  10%|▉         | 2499/25193 [3:24:14 > 22:20]
SOAP:  10%|▉         | 2500/25193 [3:24:02 > 22:20]
SOAP:  10%|▉         | 2501/25193 [3:25:32 > 22:21]
SOAP:  10%|▉         | 2502/25193 [3:24:42 > 22:21]
SOAP:  10%|▉         | 2503/25193 [3:24:41 > 22:22]
SOAP:  10%|▉         | 2504/25193 [3:24:04 > 22:22]
SOAP:  10%|▉         | 2505/25193 [3:24:10 > 22:23]
SOAP:  10%|▉         | 2506/25193 [3:23:48 > 22:23]
SOAP:  10%|▉         | 2507/25193 [3:21:01 > 22:24]
SOAP:  10%|▉         | 2508/25193 [3:23:58 > 22:24]
SOAP:  10%|▉         | 2509/25193 [3:24:45 > 22:25]
SOAP:  10%|▉         | 2510/25193 [3:24:25 > 22:25]
SOAP:  10%|▉         | 2511/25193 [3:24:18 > 22:26]
SOAP:  10%|▉         | 2512/25193 [3:24:15 > 22:27]
SOAP:  10%|▉         | 2513/25193 [3:24:15 > 22:27]
SOAP:  10%|▉         | 2514/25193 [3:24:08 > 22:28]
SOAP:  10%|▉         | 2515/25193 [3:24:02 > 22:28]
SOAP:  10%|▉         | 2516/25193 [3:23:56 > 22:29]
SOAP:  10%|▉         | 2517/25193 [3:23:31 > 22:29]
SOAP:  10%|▉         | 2518/25193 [3:21:10 > 22:30]
SOAP:  10%|▉         | 2519/25193 [3:24:12 > 22:30]
SOAP:  10%|█         | 2520/25193 [3:23:57 > 22:31]
SOAP:  10%|█         | 2521/25193 [3:24:20 > 22:31]
SOAP:  10%|█         | 2522/25193 [3:24:23 > 22:32]
SOAP:  10%|█         | 2523/25193 [3:24:06 > 22:32]
SOAP:  10%|█         | 2524/25193 [3:24:32 > 22:33]
SOAP:  10%|█         | 2525/25193 [3:24:17 > 22:34]
SOAP:  10%|█         | 2526/25193 [3:23:58 > 22:34]
SOAP:  10%|█         | 2527/25193 [3:20:56 > 22:35]
SOAP:  10%|█         | 2528/25193 [3:23:56 > 22:35]
SOAP:  10%|█         | 2529/25193 [3:23:49 > 22:36]
SOAP:  10%|█         | 2530/25193 [3:21:08 > 22:36]
SOAP:  10%|█         | 2531/25193 [3:24:14 > 22:37]
SOAP:  10%|█         | 2532/25193 [3:23:55 > 22:37]
SOAP:  10%|█         | 2533/25193 [3:24:03 > 22:38]
SOAP:  10%|█         | 2534/25193 [3:24:03 > 22:38]
SOAP:  10%|█         | 2535/25193 [3:23:54 > 22:39]
SOAP:  10%|█         | 2536/25193 [3:24:11 > 22:39]
SOAP:  10%|█         | 2537/25193 [3:24:10 > 22:40]
SOAP:  10%|█         | 2538/25193 [3:23:57 > 22:41]
SOAP:  10%|█         | 2539/25193 [3:23:49 > 22:41]
SOAP:  10%|█         | 2540/25193 [3:23:43 > 22:42]
SOAP:  10%|█         | 2541/25193 [3:23:58 > 22:42]
SOAP:  10%|█         | 2542/25193 [3:24:00 > 22:43]
SOAP:  10%|█         | 2543/25193 [3:23:56 > 22:43]
SOAP:  10%|█         | 2544/25193 [3:23:49 > 22:44]
SOAP:  10%|█         | 2545/25193 [3:24:09 > 22:44]
SOAP:  10%|█         | 2546/25193 [3:21:14 > 22:45]
SOAP:  10%|█         | 2547/25193 [3:24:16 > 22:45]
SOAP:  10%|█         | 2548/25193 [3:23:02 > 22:46]
SOAP:  10%|█         | 2549/25193 [3:24:21 > 22:47]
SOAP:  10%|█         | 2550/25193 [3:24:05 > 22:47]
SOAP:  10%|█         | 2551/25193 [3:23:39 > 22:48]
SOAP:  10%|█         | 2552/25193 [3:23:41 > 22:48]
SOAP:  10%|█         | 2553/25193 [3:23:43 > 22:49]
SOAP:  10%|█         | 2554/25193 [3:21:04 > 22:49]
SOAP:  10%|█         | 2555/25193 [3:24:17 > 22:50]
SOAP:  10%|█         | 2556/25193 [3:20:54 > 22:50]
SOAP:  10%|█         | 2557/25193 [3:21:09 > 22:51]
SOAP:  10%|█         | 2558/25193 [3:24:17 > 22:51]
SOAP:  10%|█         | 2559/25193 [3:22:52 > 22:52]
SOAP:  10%|█         | 2560/25193 [3:23:51 > 22:52]
SOAP:  10%|█         | 2561/25193 [3:24:01 > 22:53]
SOAP:  10%|█         | 2562/25193 [3:20:48 > 22:53]
SOAP:  10%|█         | 2563/25193 [3:23:48 > 22:54]
SOAP:  10%|█         | 2564/25193 [3:23:46 > 22:55]
SOAP:  10%|█         | 2565/25193 [3:23:25 > 22:55]
SOAP:  10%|█         | 2566/25193 [3:20:31 > 22:56]
SOAP:  10%|█         | 2567/25193 [3:23:55 > 22:56]
SOAP:  10%|█         | 2568/25193 [3:23:50 > 22:57]
SOAP:  10%|█         | 2569/25193 [3:23:33 > 22:57]
SOAP:  10%|█         | 2570/25193 [3:23:44 > 22:58]
SOAP:  10%|█         | 2571/25193 [3:23:15 > 22:58]
SOAP:  10%|█         | 2572/25193 [3:23:15 > 22:59]
SOAP:  10%|█         | 2573/25193 [3:23:34 > 22:59]
SOAP:  10%|█         | 2574/25193 [3:23:08 > 23:00]
SOAP:  10%|█         | 2575/25193 [3:23:29 > 23:01]
SOAP:  10%|█         | 2576/25193 [3:23:25 > 23:01]
SOAP:  10%|█         | 2577/25193 [3:22:31 > 23:02]
SOAP:  10%|█         | 2578/25193 [3:23:48 > 23:02]
SOAP:  10%|█         | 2579/25193 [3:23:56 > 23:03]
SOAP:  10%|█         | 2580/25193 [3:23:40 > 23:03]
SOAP:  10%|█         | 2581/25193 [3:23:26 > 23:04]
SOAP:  10%|█         | 2582/25193 [3:22:45 > 23:04]
SOAP:  10%|█         | 2583/25193 [3:23:06 > 23:05]
SOAP:  10%|█         | 2584/25193 [3:22:58 > 23:05]
SOAP:  10%|█         | 2585/25193 [3:21:04 > 23:06]
SOAP:  10%|█         | 2586/25193 [3:20:49 > 23:06]
SOAP:  10%|█         | 2587/25193 [3:23:56 > 23:07]
SOAP:  10%|█         | 2588/25193 [3:23:55 > 23:08]
SOAP:  10%|█         | 2589/25193 [3:21:12 > 23:08]
SOAP:  10%|█         | 2590/25193 [3:24:19 > 23:09]
SOAP:  10%|█         | 2591/25193 [3:23:35 > 23:09]
SOAP:  10%|█         | 2592/25193 [3:23:29 > 23:10]
SOAP:  10%|█         | 2593/25193 [3:20:40 > 23:10]
SOAP:  10%|█         | 2594/25193 [3:23:19 > 23:11]
SOAP:  10%|█         | 2595/25193 [3:23:23 > 23:11]
SOAP:  10%|█         | 2596/25193 [3:20:34 > 23:12]
SOAP:  10%|█         | 2597/25193 [3:23:12 > 23:12]
SOAP:  10%|█         | 2598/25193 [3:22:35 > 23:13]
SOAP:  10%|█         | 2599/25193 [3:20:24 > 23:13]
SOAP:  10%|█         | 2600/25193 [3:23:18 > 23:14]
SOAP:  10%|█         | 2601/25193 [3:25:16 > 23:15]
SOAP:  10%|█         | 2602/25193 [3:23:53 > 23:15]
SOAP:  10%|█         | 2603/25193 [3:23:10 > 23:16]
SOAP:  10%|█         | 2604/25193 [3:23:21 > 23:16]
SOAP:  10%|█         | 2605/25193 [3:24:22 > 23:17]
SOAP:  10%|█         | 2606/25193 [3:20:15 > 23:17]
SOAP:  10%|█         | 2607/25193 [3:23:39 > 23:18]
SOAP:  10%|█         | 2608/25193 [3:23:30 > 23:18]
SOAP:  10%|█         | 2609/25193 [3:23:15 > 23:19]
SOAP:  10%|█         | 2610/25193 [3:23:09 > 23:19]
SOAP:  10%|█         | 2611/25193 [3:23:27 > 23:20]
SOAP:  10%|█         | 2612/25193 [3:20:36 > 23:20]
SOAP:  10%|█         | 2613/25193 [3:23:22 > 23:21]
SOAP:  10%|█         | 2614/25193 [3:23:25 > 23:22]
SOAP:  10%|█         | 2615/25193 [3:23:14 > 23:22]
SOAP:  10%|█         | 2616/25193 [3:22:54 > 23:23]
SOAP:  10%|█         | 2617/25193 [3:23:09 > 23:23]
SOAP:  10%|█         | 2618/25193 [3:23:14 > 23:24]
SOAP:  10%|█         | 2619/25193 [3:22:45 > 23:24]
SOAP:  10%|█         | 2620/25193 [3:23:04 > 23:25]
SOAP:  10%|█         | 2621/25193 [3:23:24 > 23:25]
SOAP:  10%|█         | 2622/25193 [3:22:25 > 23:26]
SOAP:  10%|█         | 2623/25193 [3:23:12 > 23:26]
SOAP:  10%|█         | 2624/25193 [3:22:54 > 23:27]
SOAP:  10%|█         | 2625/25193 [3:19:40 > 23:27]
SOAP:  10%|█         | 2626/25193 [3:23:02 > 23:28]
SOAP:  10%|█         | 2627/25193 [3:22:46 > 23:29]
SOAP:  10%|█         | 2628/25193 [3:22:44 > 23:29]
SOAP:  10%|█         | 2629/25193 [3:22:52 > 23:30]
SOAP:  10%|█         | 2630/25193 [3:23:02 > 23:30]
SOAP:  10%|█         | 2631/25193 [3:22:40 > 23:31]
SOAP:  10%|█         | 2632/25193 [3:23:04 > 23:31]
SOAP:  10%|█         | 2633/25193 [3:23:00 > 23:32]
SOAP:  10%|█         | 2634/25193 [3:22:46 > 23:32]
SOAP:  10%|█         | 2635/25193 [3:22:43 > 23:33]
SOAP:  10%|█         | 2636/25193 [3:24:02 > 23:33]
SOAP:  10%|█         | 2637/25193 [3:19:36 > 23:34]
SOAP:  10%|█         | 2638/25193 [3:23:03 > 23:34]
SOAP:  10%|█         | 2639/25193 [3:20:07 > 23:35]
SOAP:  10%|█         | 2640/25193 [3:23:25 > 23:36]
SOAP:  10%|█         | 2641/25193 [3:23:13 > 23:36]
SOAP:  10%|█         | 2642/25193 [3:20:28 > 23:37]
SOAP:  10%|█         | 2643/25193 [3:23:41 > 23:37]
SOAP:  10%|█         | 2644/25193 [3:20:26 > 23:38]
SOAP:  10%|█         | 2645/25193 [3:23:37 > 23:38]
SOAP:  11%|█         | 2646/25193 [3:23:29 > 23:39]
SOAP:  11%|█         | 2647/25193 [3:22:59 > 23:39]
SOAP:  11%|█         | 2648/25193 [3:23:12 > 23:40]
SOAP:  11%|█         | 2649/25193 [3:22:55 > 23:40]
SOAP:  11%|█         | 2650/25193 [3:23:01 > 23:41]
SOAP:  11%|█         | 2651/25193 [3:23:16 > 23:41]
SOAP:  11%|█         | 2652/25193 [3:22:56 > 23:42]
SOAP:  11%|█         | 2653/25193 [3:22:38 > 23:43]
SOAP:  11%|█         | 2654/25193 [3:22:50 > 23:43]
SOAP:  11%|█         | 2655/25193 [3:22:47 > 23:44]
SOAP:  11%|█         | 2656/25193 [3:19:48 > 23:44]
SOAP:  11%|█         | 2657/25193 [3:24:34 > 23:45]
SOAP:  11%|█         | 2658/25193 [3:20:07 > 23:45]
SOAP:  11%|█         | 2659/25193 [3:22:58 > 23:46]
SOAP:  11%|█         | 2660/25193 [3:22:51 > 23:46]
SOAP:  11%|█         | 2661/25193 [3:19:53 > 23:47]
SOAP:  11%|█         | 2662/25193 [3:19:46 > 23:47]
SOAP:  11%|█         | 2663/25193 [3:22:44 > 23:48]
SOAP:  11%|█         | 2664/25193 [3:22:02 > 23:48]
SOAP:  11%|█         | 2665/25193 [3:21:59 > 23:49]
SOAP:  11%|█         | 2666/25193 [3:22:20 > 23:50]
SOAP:  11%|█         | 2667/25193 [3:22:36 > 23:50]
SOAP:  11%|█         | 2668/25193 [3:22:22 > 23:51]
SOAP:  11%|█         | 2669/25193 [3:22:38 > 23:51]
SOAP:  11%|█         | 2670/25193 [3:22:15 > 23:52]
SOAP:  11%|█         | 2671/25193 [3:22:21 > 23:52]
SOAP:  11%|█         | 2672/25193 [3:22:18 > 23:53]
SOAP:  11%|█         | 2673/25193 [3:22:22 > 23:53]
SOAP:  11%|█         | 2674/25193 [3:19:53 > 23:54]
SOAP:  11%|█         | 2675/25193 [3:23:02 > 23:54]
SOAP:  11%|█         | 2676/25193 [3:22:57 > 23:55]
SOAP:  11%|█         | 2677/25193 [3:20:23 > 23:55]
SOAP:  11%|█         | 2678/25193 [3:22:57 > 23:56]
SOAP:  11%|█         | 2679/25193 [3:19:55 > 23:57]
SOAP:  11%|█         | 2680/25193 [3:23:07 > 23:57]
SOAP:  11%|█         | 2681/25193 [3:22:23 > 23:58]
SOAP:  11%|█         | 2682/25193 [3:22:05 > 23:58]
SOAP:  11%|█         | 2683/25193 [3:22:51 > 23:59]
SOAP:  11%|█         | 2684/25193 [3:23:29 > 23:59]
SOAP:  11%|█         | 2685/25193 [3:20:11 > 24:00]
SOAP:  11%|█         | 2686/25193 [3:23:19 > 24:00]
SOAP:  11%|█         | 2687/25193 [3:20:32 > 24:01]
SOAP:  11%|█         | 2688/25193 [3:23:02 > 24:01]
SOAP:  11%|█         | 2689/25193 [3:22:56 > 24:02]
SOAP:  11%|█         | 2690/25193 [3:22:24 > 24:02]
SOAP:  11%|█         | 2691/25193 [3:22:40 > 24:03]
SOAP:  11%|█         | 2692/25193 [3:19:24 > 24:04]
SOAP:  11%|█         | 2693/25193 [3:22:29 > 24:04]
SOAP:  11%|█         | 2694/25193 [3:22:52 > 24:05]
SOAP:  11%|█         | 2695/25193 [3:22:29 > 24:05]
SOAP:  11%|█         | 2696/25193 [3:22:20 > 24:06]
SOAP:  11%|█         | 2697/25193 [3:22:31 > 24:06]
SOAP:  11%|█         | 2698/25193 [3:19:50 > 24:07]
SOAP:  11%|█         | 2699/25193 [3:19:46 > 24:07]
SOAP:  11%|█         | 2700/25193 [3:23:01 > 24:08]
SOAP:  11%|█         | 2701/25193 [3:20:37 > 24:08]
SOAP:  11%|█         | 2702/25193 [3:23:20 > 24:09]
SOAP:  11%|█         | 2703/25193 [3:19:56 > 24:09]
SOAP:  11%|█         | 2704/25193 [3:23:02 > 24:10]
SOAP:  11%|█         | 2705/25193 [3:22:48 > 24:11]
SOAP:  11%|█         | 2706/25193 [3:20:02 > 24:11]
SOAP:  11%|█         | 2707/25193 [3:23:20 > 24:12]
SOAP:  11%|█         | 2708/25193 [3:23:05 > 24:12]
SOAP:  11%|█         | 2709/25193 [3:23:13 > 24:13]
SOAP:  11%|█         | 2710/25193 [3:23:13 > 24:13]
SOAP:  11%|█         | 2711/25193 [3:20:28 > 24:14]
SOAP:  11%|█         | 2712/25193 [3:22:59 > 24:14]
SOAP:  11%|█         | 2713/25193 [3:22:52 > 24:15]
SOAP:  11%|█         | 2714/25193 [3:22:47 > 24:15]
SOAP:  11%|█         | 2715/25193 [3:22:13 > 24:16]
SOAP:  11%|█         | 2716/25193 [3:22:31 > 24:16]
SOAP:  11%|█         | 2717/25193 [3:19:24 > 24:17]
SOAP:  11%|█         | 2718/25193 [3:22:22 > 24:18]
SOAP:  11%|█         | 2719/25193 [3:22:32 > 24:18]
SOAP:  11%|█         | 2720/25193 [3:22:42 > 24:19]
SOAP:  11%|█         | 2721/25193 [3:19:28 > 24:19]
SOAP:  11%|█         | 2722/25193 [3:22:09 > 24:20]
SOAP:  11%|█         | 2723/25193 [3:23:01 > 24:20]
SOAP:  11%|█         | 2724/25193 [3:22:31 > 24:21]
SOAP:  11%|█         | 2725/25193 [3:22:20 > 24:21]
SOAP:  11%|█         | 2726/25193 [3:19:15 > 24:22]
SOAP:  11%|█         | 2727/25193 [3:19:24 > 24:22]
SOAP:  11%|█         | 2728/25193 [3:19:38 > 24:23]
SOAP:  11%|█         | 2729/25193 [3:19:35 > 24:23]
SOAP:  11%|█         | 2730/25193 [3:19:50 > 24:24]
SOAP:  11%|█         | 2731/25193 [3:20:01 > 24:25]
SOAP:  11%|█         | 2732/25193 [3:19:48 > 24:25]
SOAP:  11%|█         | 2733/25193 [3:19:37 > 24:26]
SOAP:  11%|█         | 2734/25193 [3:19:37 > 24:26]
SOAP:  11%|█         | 2735/25193 [3:19:36 > 24:27]
SOAP:  11%|█         | 2736/25193 [3:19:39 > 24:27]
SOAP:  11%|█         | 2737/25193 [3:19:33 > 24:28]
SOAP:  11%|█         | 2738/25193 [3:19:43 > 24:28]
SOAP:  11%|█         | 2739/25193 [3:19:48 > 24:29]
SOAP:  11%|█         | 2740/25193 [3:19:48 > 24:29]
SOAP:  11%|█         | 2741/25193 [3:19:58 > 24:30]
SOAP:  11%|█         | 2742/25193 [3:19:46 > 24:30]
SOAP:  11%|█         | 2743/25193 [3:19:40 > 24:31]
SOAP:  11%|█         | 2744/25193 [3:20:06 > 24:31]
SOAP:  11%|█         | 2745/25193 [3:19:42 > 24:32]
SOAP:  11%|█         | 2746/25193 [3:19:29 > 24:33]
SOAP:  11%|█         | 2747/25193 [3:20:00 > 24:33]
SOAP:  11%|█         | 2748/25193 [3:19:54 > 24:34]
SOAP:  11%|█         | 2749/25193 [3:19:57 > 24:34]
SOAP:  11%|█         | 2750/25193 [3:20:08 > 24:35]
SOAP:  11%|█         | 2751/25193 [3:19:45 > 24:35]
SOAP:  11%|█         | 2752/25193 [3:19:45 > 24:36]
SOAP:  11%|█         | 2753/25193 [3:19:51 > 24:36]
SOAP:  11%|█         | 2754/25193 [3:19:38 > 24:37]
SOAP:  11%|█         | 2755/25193 [3:21:18 > 24:37]
SOAP:  11%|█         | 2756/25193 [3:19:18 > 24:38]
SOAP:  11%|█         | 2757/25193 [3:19:10 > 24:38]
SOAP:  11%|█         | 2758/25193 [3:19:18 > 24:39]
SOAP:  11%|█         | 2759/25193 [3:19:47 > 24:39]
SOAP:  11%|█         | 2760/25193 [3:20:03 > 24:40]
SOAP:  11%|█         | 2761/25193 [3:19:58 > 24:41]
SOAP:  11%|█         | 2762/25193 [3:19:49 > 24:41]
SOAP:  11%|█         | 2763/25193 [3:19:58 > 24:42]
SOAP:  11%|█         | 2764/25193 [3:22:44 > 24:42]
SOAP:  11%|█         | 2765/25193 [3:19:30 > 24:43]
SOAP:  11%|█         | 2766/25193 [3:19:49 > 24:43]
SOAP:  11%|█         | 2767/25193 [3:19:42 > 24:44]
SOAP:  11%|█         | 2768/25193 [3:19:33 > 24:44]
SOAP:  11%|█         | 2769/25193 [3:21:39 > 24:45]
SOAP:  11%|█         | 2770/25193 [3:19:26 > 24:45]
SOAP:  11%|█         | 2771/25193 [3:21:09 > 24:46]
SOAP:  11%|█         | 2772/25193 [3:19:08 > 24:46]
SOAP:  11%|█         | 2773/25193 [3:19:10 > 24:47]
SOAP:  11%|█         | 2774/25193 [3:19:07 > 24:48]
SOAP:  11%|█         | 2775/25193 [3:19:22 > 24:48]
SOAP:  11%|█         | 2776/25193 [3:19:26 > 24:49]
SOAP:  11%|█         | 2777/25193 [3:19:17 > 24:49]
SOAP:  11%|█         | 2778/25193 [3:19:31 > 24:50]
SOAP:  11%|█         | 2779/25193 [3:19:27 > 24:50]
SOAP:  11%|█         | 2780/25193 [3:19:23 > 24:51]
SOAP:  11%|█         | 2781/25193 [3:19:16 > 24:51]
SOAP:  11%|█         | 2782/25193 [3:19:13 > 24:52]
SOAP:  11%|█         | 2783/25193 [3:19:05 > 24:52]
SOAP:  11%|█         | 2784/25193 [3:19:29 > 24:53]
SOAP:  11%|█         | 2785/25193 [3:19:14 > 24:53]
SOAP:  11%|█         | 2786/25193 [3:19:18 > 24:54]
SOAP:  11%|█         | 2787/25193 [3:19:28 > 24:54]
SOAP:  11%|█         | 2788/25193 [3:19:45 > 24:55]
SOAP:  11%|█         | 2789/25193 [3:19:53 > 24:56]
SOAP:  11%|█         | 2790/25193 [3:19:54 > 24:56]
SOAP:  11%|█         | 2791/25193 [3:19:54 > 24:57]
SOAP:  11%|█         | 2792/25193 [3:20:08 > 24:57]
SOAP:  11%|█         | 2793/25193 [3:20:01 > 24:58]
SOAP:  11%|█         | 2794/25193 [3:19:57 > 24:58]
SOAP:  11%|█         | 2795/25193 [3:19:43 > 24:59]
SOAP:  11%|█         | 2796/25193 [3:22:14 > 24:59]
SOAP:  11%|█         | 2797/25193 [3:22:28 > 25:00]
SOAP:  11%|█         | 2798/25193 [3:19:25 > 25:00]
SOAP:  11%|█         | 2799/25193 [3:19:37 > 25:01]
SOAP:  11%|█         | 2800/25193 [3:19:58 > 25:01]
SOAP:  11%|█         | 2801/25193 [3:20:52 > 25:02]
SOAP:  11%|█         | 2802/25193 [3:20:13 > 25:02]
SOAP:  11%|█         | 2803/25193 [3:20:15 > 25:03]
SOAP:  11%|█         | 2804/25193 [3:19:59 > 25:04]
SOAP:  11%|█         | 2805/25193 [3:19:48 > 25:04]
SOAP:  11%|█         | 2806/25193 [3:19:43 > 25:05]
SOAP:  11%|█         | 2807/25193 [3:19:34 > 25:05]
SOAP:  11%|█         | 2808/25193 [3:19:27 > 25:06]
SOAP:  11%|█         | 2809/25193 [3:22:09 > 25:06]
SOAP:  11%|█         | 2810/25193 [3:19:11 > 25:07]
SOAP:  11%|█         | 2811/25193 [3:19:21 > 25:07]
SOAP:  11%|█         | 2812/25193 [3:19:38 > 25:08]
SOAP:  11%|█         | 2813/25193 [3:22:04 > 25:08]
SOAP:  11%|█         | 2814/25193 [3:19:09 > 25:09]
SOAP:  11%|█         | 2815/25193 [3:19:01 > 25:09]
SOAP:  11%|█         | 2816/25193 [3:19:10 > 25:10]
SOAP:  11%|█         | 2817/25193 [3:19:19 > 25:11]
SOAP:  11%|█         | 2818/25193 [3:19:24 > 25:11]
SOAP:  11%|█         | 2819/25193 [3:19:36 > 25:12]
SOAP:  11%|█         | 2820/25193 [3:19:29 > 25:12]
SOAP:  11%|█         | 2821/25193 [3:19:33 > 25:13]
SOAP:  11%|█         | 2822/25193 [3:22:32 > 25:13]
SOAP:  11%|█         | 2823/25193 [3:21:25 > 25:14]
SOAP:  11%|█         | 2824/25193 [3:21:21 > 25:14]
SOAP:  11%|█         | 2825/25193 [3:18:40 > 25:15]
SOAP:  11%|█         | 2826/25193 [3:18:28 > 25:15]
SOAP:  11%|█         | 2827/25193 [3:18:41 > 25:16]
SOAP:  11%|█         | 2828/25193 [3:19:07 > 25:16]
SOAP:  11%|█         | 2829/25193 [3:18:49 > 25:17]
SOAP:  11%|█         | 2830/25193 [3:19:08 > 25:17]
SOAP:  11%|█         | 2831/25193 [3:19:24 > 25:18]
SOAP:  11%|█         | 2832/25193 [3:21:57 > 25:19]
SOAP:  11%|█         | 2833/25193 [3:21:45 > 25:19]
SOAP:  11%|█         | 2834/25193 [3:18:44 > 25:20]
SOAP:  11%|█▏        | 2835/25193 [3:18:38 > 25:20]
SOAP:  11%|█▏        | 2836/25193 [3:18:30 > 25:21]
SOAP:  11%|█▏        | 2837/25193 [3:18:42 > 25:21]
SOAP:  11%|█▏        | 2838/25193 [3:18:35 > 25:22]
SOAP:  11%|█▏        | 2839/25193 [3:21:37 > 25:22]
SOAP:  11%|█▏        | 2840/25193 [3:18:35 > 25:23]
SOAP:  11%|█▏        | 2841/25193 [3:21:33 > 25:23]
SOAP:  11%|█▏        | 2842/25193 [3:18:39 > 25:24]
SOAP:  11%|█▏        | 2843/25193 [3:18:33 > 25:24]
SOAP:  11%|█▏        | 2844/25193 [3:18:48 > 25:25]
SOAP:  11%|█▏        | 2845/25193 [3:18:39 > 25:26]
SOAP:  11%|█▏        | 2846/25193 [3:18:36 > 25:26]
SOAP:  11%|█▏        | 2847/25193 [3:21:35 > 25:27]
SOAP:  11%|█▏        | 2848/25193 [3:18:24 > 25:27]
SOAP:  11%|█▏        | 2849/25193 [3:18:24 > 25:28]
SOAP:  11%|█▏        | 2850/25193 [3:18:54 > 25:28]
SOAP:  11%|█▏        | 2851/25193 [3:21:56 > 25:29]
SOAP:  11%|█▏        | 2852/25193 [3:18:36 > 25:29]
SOAP:  11%|█▏        | 2853/25193 [3:18:43 > 25:30]
SOAP:  11%|█▏        | 2854/25193 [3:18:35 > 25:30]
SOAP:  11%|█▏        | 2855/25193 [3:18:29 > 25:31]
SOAP:  11%|█▏        | 2856/25193 [3:18:42 > 25:31]
SOAP:  11%|█▏        | 2857/25193 [3:18:50 > 25:32]
SOAP:  11%|█▏        | 2858/25193 [3:21:20 > 25:32]
SOAP:  11%|█▏        | 2859/25193 [3:20:23 > 25:33]
SOAP:  11%|█▏        | 2860/25193 [3:18:37 > 25:34]
SOAP:  11%|█▏        | 2861/25193 [3:18:30 > 25:34]
SOAP:  11%|█▏        | 2862/25193 [3:18:54 > 25:35]
SOAP:  11%|█▏        | 2863/25193 [3:18:38 > 25:35]
SOAP:  11%|█▏        | 2864/25193 [3:21:22 > 25:36]
SOAP:  11%|█▏        | 2865/25193 [3:18:24 > 25:36]
SOAP:  11%|█▏        | 2866/25193 [3:18:24 > 25:37]
SOAP:  11%|█▏        | 2867/25193 [3:21:39 > 25:37]
SOAP:  11%|█▏        | 2868/25193 [3:18:36 > 25:38]
SOAP:  11%|█▏        | 2869/25193 [3:18:53 > 25:38]
SOAP:  11%|█▏        | 2870/25193 [3:19:03 > 25:39]
SOAP:  11%|█▏        | 2871/25193 [3:18:52 > 25:39]
SOAP:  11%|█▏        | 2872/25193 [3:19:18 > 25:40]
SOAP:  11%|█▏        | 2873/25193 [3:19:08 > 25:41]
SOAP:  11%|█▏        | 2874/25193 [3:18:49 > 25:41]
SOAP:  11%|█▏        | 2875/25193 [3:20:44 > 25:42]
SOAP:  11%|█▏        | 2876/25193 [3:19:05 > 25:42]
SOAP:  11%|█▏        | 2877/25193 [3:18:51 > 25:43]
SOAP:  11%|█▏        | 2878/25193 [3:18:55 > 25:43]
SOAP:  11%|█▏        | 2879/25193 [3:19:04 > 25:44]
SOAP:  11%|█▏        | 2880/25193 [3:19:01 > 25:44]
SOAP:  11%|█▏        | 2881/25193 [3:19:08 > 25:45]
SOAP:  11%|█▏        | 2882/25193 [3:19:06 > 25:45]
SOAP:  11%|█▏        | 2883/25193 [3:18:55 > 25:46]
SOAP:  11%|█▏        | 2884/25193 [3:18:38 > 25:46]
SOAP:  11%|█▏        | 2885/25193 [3:18:32 > 25:47]
SOAP:  11%|█▏        | 2886/25193 [3:18:23 > 25:47]
SOAP:  11%|█▏        | 2887/25193 [3:18:31 > 25:48]
SOAP:  11%|█▏        | 2888/25193 [3:18:33 > 25:49]
SOAP:  11%|█▏        | 2889/25193 [3:18:15 > 25:49]
SOAP:  11%|█▏        | 2890/25193 [3:18:16 > 25:50]
SOAP:  11%|█▏        | 2891/25193 [3:18:28 > 25:50]
SOAP:  11%|█▏        | 2892/25193 [3:18:19 > 25:51]
SOAP:  11%|█▏        | 2893/25193 [3:18:29 > 25:51]
SOAP:  11%|█▏        | 2894/25193 [3:18:40 > 25:52]
SOAP:  11%|█▏        | 2895/25193 [3:18:38 > 25:52]
SOAP:  11%|█▏        | 2896/25193 [3:18:34 > 25:53]
SOAP:  11%|█▏        | 2897/25193 [3:18:37 > 25:53]
SOAP:  12%|█▏        | 2898/25193 [3:18:49 > 25:54]
SOAP:  12%|█▏        | 2899/25193 [3:18:40 > 25:54]
SOAP:  12%|█▏        | 2900/25193 [3:21:39 > 25:55]
SOAP:  12%|█▏        | 2901/25193 [3:19:14 > 25:56]
SOAP:  12%|█▏        | 2902/25193 [3:18:48 > 25:56]
SOAP:  12%|█▏        | 2903/25193 [3:18:56 > 25:57]
SOAP:  12%|█▏        | 2904/25193 [3:21:38 > 25:57]
SOAP:  12%|█▏        | 2905/25193 [3:18:02 > 25:58]
SOAP:  12%|█▏        | 2906/25193 [3:18:13 > 25:58]
SOAP:  12%|█▏        | 2907/25193 [3:18:18 > 25:59]
SOAP:  12%|█▏        | 2908/25193 [3:17:54 > 25:59]
SOAP:  12%|█▏        | 2909/25193 [3:18:09 > 26:00]
SOAP:  12%|█▏        | 2910/25193 [3:20:05 > 26:00]
SOAP:  12%|█▏        | 2911/25193 [3:17:24 > 26:01]
SOAP:  12%|█▏        | 2912/25193 [3:17:41 > 26:01]
SOAP:  12%|█▏        | 2913/25193 [3:17:53 > 26:02]
SOAP:  12%|█▏        | 2914/25193 [3:17:32 > 26:02]
SOAP:  12%|█▏        | 2915/25193 [3:17:57 > 26:03]
SOAP:  12%|█▏        | 2916/25193 [3:18:01 > 26:04]
SOAP:  12%|█▏        | 2917/25193 [3:17:59 > 26:04]
SOAP:  12%|█▏        | 2918/25193 [3:18:17 > 26:05]
SOAP:  12%|█▏        | 2919/25193 [3:18:30 > 26:05]
SOAP:  12%|█▏        | 2920/25193 [3:18:30 > 26:06]
SOAP:  12%|█▏        | 2921/25193 [3:18:37 > 26:06]
SOAP:  12%|█▏        | 2922/25193 [3:18:49 > 26:07]
SOAP:  12%|█▏        | 2923/25193 [3:18:44 > 26:07]
SOAP:  12%|█▏        | 2924/25193 [3:18:16 > 26:08]
SOAP:  12%|█▏        | 2925/25193 [3:18:32 > 26:08]
SOAP:  12%|█▏        | 2926/25193 [3:18:13 > 26:09]
SOAP:  12%|█▏        | 2927/25193 [3:17:50 > 26:09]
SOAP:  12%|█▏        | 2928/25193 [3:18:11 > 26:10]
SOAP:  12%|█▏        | 2929/25193 [3:18:08 > 26:10]
SOAP:  12%|█▏        | 2930/25193 [3:17:55 > 26:11]
SOAP:  12%|█▏        | 2931/25193 [3:18:16 > 26:12]
SOAP:  12%|█▏        | 2932/25193 [3:18:26 > 26:12]
SOAP:  12%|█▏        | 2933/25193 [3:18:05 > 26:13]
SOAP:  12%|█▏        | 2934/25193 [3:18:21 > 26:13]
SOAP:  12%|█▏        | 2935/25193 [3:18:22 > 26:14]
SOAP:  12%|█▏        | 2936/25193 [3:17:52 > 26:14]
SOAP:  12%|█▏        | 2937/25193 [3:18:12 > 26:15]
SOAP:  12%|█▏        | 2938/25193 [3:18:24 > 26:15]
SOAP:  12%|█▏        | 2939/25193 [3:18:12 > 26:16]
SOAP:  12%|█▏        | 2940/25193 [3:18:30 > 26:16]
SOAP:  12%|█▏        | 2941/25193 [3:18:25 > 26:17]
SOAP:  12%|█▏        | 2942/25193 [3:18:03 > 26:17]
SOAP:  12%|█▏        | 2943/25193 [3:18:08 > 26:18]
SOAP:  12%|█▏        | 2944/25193 [3:18:00 > 26:18]
SOAP:  12%|█▏        | 2945/25193 [3:20:42 > 26:19]
SOAP:  12%|█▏        | 2946/25193 [3:18:02 > 26:20]
SOAP:  12%|█▏        | 2947/25193 [3:18:16 > 26:20]
SOAP:  12%|█▏        | 2948/25193 [3:18:27 > 26:21]
SOAP:  12%|█▏        | 2949/25193 [3:18:12 > 26:21]
SOAP:  12%|█▏        | 2950/25193 [3:18:30 > 26:22]
SOAP:  12%|█▏        | 2951/25193 [3:17:57 > 26:22]
SOAP:  12%|█▏        | 2952/25193 [3:17:48 > 26:23]
SOAP:  12%|█▏        | 2953/25193 [3:17:54 > 26:23]
SOAP:  12%|█▏        | 2954/25193 [3:17:46 > 26:24]
SOAP:  12%|█▏        | 2955/25193 [3:17:36 > 26:24]
SOAP:  12%|█▏        | 2956/25193 [3:17:42 > 26:25]
SOAP:  12%|█▏        | 2957/25193 [3:17:55 > 26:25]
SOAP:  12%|█▏        | 2958/25193 [3:17:36 > 26:26]
SOAP:  12%|█▏        | 2959/25193 [3:17:46 > 26:26]
SOAP:  12%|█▏        | 2960/25193 [3:17:48 > 26:27]
SOAP:  12%|█▏        | 2961/25193 [3:17:33 > 26:28]
SOAP:  12%|█▏        | 2962/25193 [3:17:50 > 26:28]
SOAP:  12%|█▏        | 2963/25193 [3:20:39 > 26:29]
SOAP:  12%|█▏        | 2964/25193 [3:17:17 > 26:29]
SOAP:  12%|█▏        | 2965/25193 [3:17:36 > 26:30]
SOAP:  12%|█▏        | 2966/25193 [3:17:45 > 26:30]
SOAP:  12%|█▏        | 2967/25193 [3:17:32 > 26:31]
SOAP:  12%|█▏        | 2968/25193 [3:18:05 > 26:31]
SOAP:  12%|█▏        | 2969/25193 [3:17:55 > 26:32]
SOAP:  12%|█▏        | 2970/25193 [3:17:45 > 26:32]
SOAP:  12%|█▏        | 2971/25193 [3:18:04 > 26:33]
SOAP:  12%|█▏        | 2972/25193 [3:18:15 > 26:33]
SOAP:  12%|█▏        | 2973/25193 [3:18:04 > 26:34]
SOAP:  12%|█▏        | 2974/25193 [3:18:04 > 26:35]
SOAP:  12%|█▏        | 2975/25193 [3:20:58 > 26:35]
SOAP:  12%|█▏        | 2976/25193 [3:17:47 > 26:36]
SOAP:  12%|█▏        | 2977/25193 [3:17:37 > 26:36]
SOAP:  12%|█▏        | 2978/25193 [3:17:47 > 26:37]
SOAP:  12%|█▏        | 2979/25193 [3:17:45 > 26:37]
SOAP:  12%|█▏        | 2980/25193 [3:17:44 > 26:38]
SOAP:  12%|█▏        | 2981/25193 [3:18:05 > 26:38]
SOAP:  12%|█▏        | 2982/25193 [3:18:15 > 26:39]
SOAP:  12%|█▏        | 2983/25193 [3:20:19 > 26:39]
SOAP:  12%|█▏        | 2984/25193 [3:20:00 > 26:40]
SOAP:  12%|█▏        | 2985/25193 [3:17:02 > 26:40]
SOAP:  12%|█▏        | 2986/25193 [3:16:51 > 26:41]
SOAP:  12%|█▏        | 2987/25193 [3:19:40 > 26:41]
SOAP:  12%|█▏        | 2988/25193 [3:17:23 > 26:42]
SOAP:  12%|█▏        | 2989/25193 [3:17:16 > 26:43]
SOAP:  12%|█▏        | 2990/25193 [3:17:40 > 26:43]
SOAP:  12%|█▏        | 2991/25193 [3:17:58 > 26:44]
SOAP:  12%|█▏        | 2992/25193 [3:17:25 > 26:44]
SOAP:  12%|█▏        | 2993/25193 [3:20:22 > 26:45]
SOAP:  12%|█▏        | 2994/25193 [3:17:44 > 26:45]
SOAP:  12%|█▏        | 2995/25193 [3:17:06 > 26:46]
SOAP:  12%|█▏        | 2996/25193 [3:18:55 > 26:46]
SOAP:  12%|█▏        | 2997/25193 [3:17:00 > 26:47]
SOAP:  12%|█▏        | 2998/25193 [3:16:57 > 26:47]
SOAP:  12%|█▏        | 2999/25193 [3:17:06 > 26:48]
SOAP:  12%|█▏        | 3000/25193 [3:17:17 > 26:48]
SOAP:  12%|█▏        | 3001/25193 [3:18:28 > 26:49]
SOAP:  12%|█▏        | 3002/25193 [3:21:06 > 26:50]
SOAP:  12%|█▏        | 3003/25193 [3:18:10 > 26:50]
SOAP:  12%|█▏        | 3004/25193 [3:18:06 > 26:51]
SOAP:  12%|█▏        | 3005/25193 [3:17:32 > 26:51]
SOAP:  12%|█▏        | 3006/25193 [3:17:43 > 26:52]
SOAP:  12%|█▏        | 3007/25193 [3:17:46 > 26:52]
SOAP:  12%|█▏        | 3008/25193 [3:17:14 > 26:53]
SOAP:  12%|█▏        | 3009/25193 [3:17:38 > 26:53]
SOAP:  12%|█▏        | 3010/25193 [3:20:30 > 26:54]
SOAP:  12%|█▏        | 3011/25193 [3:17:11 > 26:54]
SOAP:  12%|█▏        | 3012/25193 [3:20:22 > 26:55]
SOAP:  12%|█▏        | 3013/25193 [3:17:47 > 26:55]
SOAP:  12%|█▏        | 3014/25193 [3:17:17 > 26:56]
SOAP:  12%|█▏        | 3015/25193 [3:17:32 > 26:56]
SOAP:  12%|█▏        | 3016/25193 [3:17:42 > 26:57]
SOAP:  12%|█▏        | 3017/25193 [3:17:13 > 26:58]
SOAP:  12%|█▏        | 3018/25193 [3:17:22 > 26:58]
SOAP:  12%|█▏        | 3019/25193 [3:17:44 > 26:59]
SOAP:  12%|█▏        | 3020/25193 [3:17:11 > 26:59]
SOAP:  12%|█▏        | 3021/25193 [3:17:13 > 27:00]
SOAP:  12%|█▏        | 3022/25193 [3:17:32 > 27:00]
SOAP:  12%|█▏        | 3023/25193 [3:17:28 > 27:01]
SOAP:  12%|█▏        | 3024/25193 [3:17:51 > 27:01]
SOAP:  12%|█▏        | 3025/25193 [3:17:44 > 27:02]
SOAP:  12%|█▏        | 3026/25193 [3:17:39 > 27:02]
SOAP:  12%|█▏        | 3027/25193 [3:17:38 > 27:03]
SOAP:  12%|█▏        | 3028/25193 [3:17:45 > 27:03]
SOAP:  12%|█▏        | 3029/25193 [3:17:43 > 27:04]
SOAP:  12%|█▏        | 3030/25193 [3:17:21 > 27:04]
SOAP:  12%|█▏        | 3031/25193 [3:17:17 > 27:05]
SOAP:  12%|█▏        | 3032/25193 [3:17:38 > 27:06]
SOAP:  12%|█▏        | 3033/25193 [3:16:59 > 27:06]
SOAP:  12%|█▏        | 3034/25193 [3:17:13 > 27:07]
SOAP:  12%|█▏        | 3035/25193 [3:17:11 > 27:07]
SOAP:  12%|█▏        | 3036/25193 [3:17:01 > 27:08]
SOAP:  12%|█▏        | 3037/25193 [3:17:22 > 27:08]
SOAP:  12%|█▏        | 3038/25193 [3:17:47 > 27:09]
SOAP:  12%|█▏        | 3039/25193 [3:17:16 > 27:09]
SOAP:  12%|█▏        | 3040/25193 [3:17:19 > 27:10]
SOAP:  12%|█▏        | 3041/25193 [3:17:34 > 27:10]
SOAP:  12%|█▏        | 3042/25193 [3:17:05 > 27:11]
SOAP:  12%|█▏        | 3043/25193 [3:17:21 > 27:11]
SOAP:  12%|█▏        | 3044/25193 [3:17:21 > 27:12]
SOAP:  12%|█▏        | 3045/25193 [3:16:53 > 27:13]
SOAP:  12%|█▏        | 3046/25193 [3:16:57 > 27:13]
SOAP:  12%|█▏        | 3047/25193 [3:17:02 > 27:14]
SOAP:  12%|█▏        | 3048/25193 [3:19:39 > 27:14]
SOAP:  12%|█▏        | 3049/25193 [3:17:06 > 27:15]
SOAP:  12%|█▏        | 3050/25193 [3:17:13 > 27:15]
SOAP:  12%|█▏        | 3051/25193 [3:16:44 > 27:16]
SOAP:  12%|█▏        | 3052/25193 [3:16:37 > 27:16]
SOAP:  12%|█▏        | 3053/25193 [3:17:08 > 27:17]
SOAP:  12%|█▏        | 3054/25193 [3:17:10 > 27:17]
SOAP:  12%|█▏        | 3055/25193 [3:17:06 > 27:18]
SOAP:  12%|█▏        | 3056/25193 [3:17:15 > 27:18]
SOAP:  12%|█▏        | 3057/25193 [3:17:18 > 27:19]
SOAP:  12%|█▏        | 3058/25193 [3:16:55 > 27:19]
SOAP:  12%|█▏        | 3059/25193 [3:19:46 > 27:20]
SOAP:  12%|█▏        | 3060/25193 [3:16:58 > 27:21]
SOAP:  12%|█▏        | 3061/25193 [3:16:42 > 27:21]
SOAP:  12%|█▏        | 3062/25193 [3:17:11 > 27:22]
SOAP:  12%|█▏        | 3063/25193 [3:17:20 > 27:22]
SOAP:  12%|█▏        | 3064/25193 [3:17:04 > 27:23]
SOAP:  12%|█▏        | 3065/25193 [3:17:11 > 27:23]
SOAP:  12%|█▏        | 3066/25193 [3:17:20 > 27:24]
SOAP:  12%|█▏        | 3067/25193 [3:16:48 > 27:24]
SOAP:  12%|█▏        | 3068/25193 [3:17:14 > 27:25]
SOAP:  12%|█▏        | 3069/25193 [3:17:00 > 27:25]
SOAP:  12%|█▏        | 3070/25193 [3:16:39 > 27:26]
SOAP:  12%|█▏        | 3071/25193 [3:16:56 > 27:26]
SOAP:  12%|█▏        | 3072/25193 [3:16:56 > 27:27]
SOAP:  12%|█▏        | 3073/25193 [3:16:37 > 27:27]
SOAP:  12%|█▏        | 3074/25193 [3:16:50 > 27:28]
SOAP:  12%|█▏        | 3075/25193 [3:16:39 > 27:29]
SOAP:  12%|█▏        | 3076/25193 [3:16:25 > 27:29]
SOAP:  12%|█▏        | 3077/25193 [3:16:33 > 27:30]
SOAP:  12%|█▏        | 3078/25193 [3:16:29 > 27:30]
SOAP:  12%|█▏        | 3079/25193 [3:16:36 > 27:31]
SOAP:  12%|█▏        | 3080/25193 [3:16:38 > 27:31]
SOAP:  12%|█▏        | 3081/25193 [3:16:53 > 27:32]
SOAP:  12%|█▏        | 3082/25193 [3:16:58 > 27:32]
SOAP:  12%|█▏        | 3083/25193 [3:16:57 > 27:33]
SOAP:  12%|█▏        | 3084/25193 [3:17:10 > 27:33]
SOAP:  12%|█▏        | 3085/25193 [3:17:04 > 27:34]
SOAP:  12%|█▏        | 3086/25193 [3:16:55 > 27:34]
SOAP:  12%|█▏        | 3087/25193 [3:17:04 > 27:35]
SOAP:  12%|█▏        | 3088/25193 [3:17:49 > 27:35]
SOAP:  12%|█▏        | 3089/25193 [3:16:50 > 27:36]
SOAP:  12%|█▏        | 3090/25193 [3:19:53 > 27:37]
SOAP:  12%|█▏        | 3091/25193 [3:16:52 > 27:37]
SOAP:  12%|█▏        | 3092/25193 [3:16:44 > 27:38]
SOAP:  12%|█▏        | 3093/25193 [3:17:07 > 27:38]
SOAP:  12%|█▏        | 3094/25193 [3:17:11 > 27:39]
SOAP:  12%|█▏        | 3095/25193 [3:16:43 > 27:39]
SOAP:  12%|█▏        | 3096/25193 [3:16:50 > 27:40]
SOAP:  12%|█▏        | 3097/25193 [3:16:47 > 27:40]
SOAP:  12%|█▏        | 3098/25193 [3:16:22 > 27:41]
SOAP:  12%|█▏        | 3099/25193 [3:16:36 > 27:41]
SOAP:  12%|█▏        | 3100/25193 [3:16:45 > 27:42]
SOAP:  12%|█▏        | 3101/25193 [3:17:52 > 27:42]
SOAP:  12%|█▏        | 3102/25193 [3:18:03 > 27:43]
SOAP:  12%|█▏        | 3103/25193 [3:17:45 > 27:44]
SOAP:  12%|█▏        | 3104/25193 [3:20:35 > 27:44]
SOAP:  12%|█▏        | 3105/25193 [3:16:55 > 27:45]
SOAP:  12%|█▏        | 3106/25193 [3:17:10 > 27:45]
SOAP:  12%|█▏        | 3107/25193 [3:17:09 > 27:46]
SOAP:  12%|█▏        | 3108/25193 [3:16:52 > 27:46]
SOAP:  12%|█▏        | 3109/25193 [3:17:04 > 27:47]
SOAP:  12%|█▏        | 3110/25193 [3:16:56 > 27:47]
SOAP:  12%|█▏        | 3111/25193 [3:16:35 > 27:48]
SOAP:  12%|█▏        | 3112/25193 [3:17:00 > 27:48]
SOAP:  12%|█▏        | 3113/25193 [3:17:01 > 27:49]
SOAP:  12%|█▏        | 3114/25193 [3:16:41 > 27:49]
SOAP:  12%|█▏        | 3115/25193 [3:16:51 > 27:50]
SOAP:  12%|█▏        | 3116/25193 [3:16:54 > 27:50]
SOAP:  12%|█▏        | 3117/25193 [3:16:28 > 27:51]
SOAP:  12%|█▏        | 3118/25193 [3:16:45 > 27:52]
SOAP:  12%|█▏        | 3119/25193 [3:16:40 > 27:52]
SOAP:  12%|█▏        | 3120/25193 [3:16:10 > 27:53]
SOAP:  12%|█▏        | 3121/25193 [3:16:20 > 27:53]
SOAP:  12%|█▏        | 3122/25193 [3:16:23 > 27:54]
SOAP:  12%|█▏        | 3123/25193 [3:16:11 > 27:54]
SOAP:  12%|█▏        | 3124/25193 [3:16:32 > 27:55]
SOAP:  12%|█▏        | 3125/25193 [3:19:21 > 27:55]
SOAP:  12%|█▏        | 3126/25193 [3:15:50 > 27:56]
SOAP:  12%|█▏        | 3127/25193 [3:16:23 > 27:56]
SOAP:  12%|█▏        | 3128/25193 [3:16:34 > 27:57]
SOAP:  12%|█▏        | 3129/25193 [3:19:14 > 27:57]
SOAP:  12%|█▏        | 3130/25193 [3:16:11 > 27:58]
SOAP:  12%|█▏        | 3131/25193 [3:19:09 > 27:59]
SOAP:  12%|█▏        | 3132/25193 [3:16:27 > 27:59]
SOAP:  12%|█▏        | 3133/25193 [3:16:28 > 28:00]
SOAP:  12%|█▏        | 3134/25193 [3:16:42 > 28:00]
SOAP:  12%|█▏        | 3135/25193 [3:16:48 > 28:01]
SOAP:  12%|█▏        | 3136/25193 [3:16:08 > 28:01]
SOAP:  12%|█▏        | 3137/25193 [3:16:32 > 28:02]
SOAP:  12%|█▏        | 3138/25193 [3:16:37 > 28:02]
SOAP:  12%|█▏        | 3139/25193 [3:16:03 > 28:03]
SOAP:  12%|█▏        | 3140/25193 [3:16:24 > 28:03]
SOAP:  12%|█▏        | 3141/25193 [3:19:18 > 28:04]
SOAP:  12%|█▏        | 3142/25193 [3:16:11 > 28:04]
SOAP:  12%|█▏        | 3143/25193 [3:16:27 > 28:05]
SOAP:  12%|█▏        | 3144/25193 [3:16:38 > 28:05]
SOAP:  12%|█▏        | 3145/25193 [3:15:54 > 28:06]
SOAP:  12%|█▏        | 3146/25193 [3:16:15 > 28:07]
SOAP:  12%|█▏        | 3147/25193 [3:16:20 > 28:07]
SOAP:  12%|█▏        | 3148/25193 [3:15:46 > 28:08]
SOAP:  12%|█▏        | 3149/25193 [3:16:00 > 28:08]
SOAP:  13%|█▎        | 3150/25193 [3:16:00 > 28:09]
SOAP:  13%|█▎        | 3151/25193 [3:15:17 > 28:09]
SOAP:  13%|█▎        | 3152/25193 [3:15:42 > 28:10]
SOAP:  13%|█▎        | 3153/25193 [3:16:06 > 28:10]
SOAP:  13%|█▎        | 3154/25193 [3:16:08 > 28:11]
SOAP:  13%|█▎        | 3155/25193 [3:16:08 > 28:11]
SOAP:  13%|█▎        | 3156/25193 [3:16:26 > 28:12]
SOAP:  13%|█▎        | 3157/25193 [3:16:13 > 28:12]
SOAP:  13%|█▎        | 3158/25193 [3:16:08 > 28:13]
SOAP:  13%|█▎        | 3159/25193 [3:18:40 > 28:14]
SOAP:  13%|█▎        | 3160/25193 [3:16:21 > 28:14]
SOAP:  13%|█▎        | 3161/25193 [3:16:16 > 28:15]
SOAP:  13%|█▎        | 3162/25193 [3:16:29 > 28:15]
SOAP:  13%|█▎        | 3163/25193 [3:16:44 > 28:16]
SOAP:  13%|█▎        | 3164/25193 [3:16:26 > 28:16]
SOAP:  13%|█▎        | 3165/25193 [3:19:34 > 28:17]
SOAP:  13%|█▎        | 3166/25193 [3:16:11 > 28:17]
SOAP:  13%|█▎        | 3167/25193 [3:18:40 > 28:18]
SOAP:  13%|█▎        | 3168/25193 [3:15:42 > 28:18]
SOAP:  13%|█▎        | 3169/25193 [3:16:04 > 28:19]
SOAP:  13%|█▎        | 3170/25193 [3:15:42 > 28:19]
SOAP:  13%|█▎        | 3171/25193 [3:16:03 > 28:20]
SOAP:  13%|█▎        | 3172/25193 [3:16:14 > 28:20]
SOAP:  13%|█▎        | 3173/25193 [3:16:05 > 28:21]
SOAP:  13%|█▎        | 3174/25193 [3:16:27 > 28:22]
SOAP:  13%|█▎        | 3175/25193 [3:19:25 > 28:22]
SOAP:  13%|█▎        | 3176/25193 [3:17:37 > 28:23]
SOAP:  13%|█▎        | 3177/25193 [3:19:14 > 28:23]
SOAP:  13%|█▎        | 3178/25193 [3:19:15 > 28:24]
SOAP:  13%|█▎        | 3179/25193 [3:17:47 > 28:24]
SOAP:  13%|█▎        | 3180/25193 [3:18:45 > 28:25]
SOAP:  13%|█▎        | 3181/25193 [3:18:50 > 28:25]
SOAP:  13%|█▎        | 3182/25193 [3:18:18 > 28:26]
SOAP:  13%|█▎        | 3183/25193 [3:18:20 > 28:26]
SOAP:  13%|█▎        | 3184/25193 [3:18:27 > 28:27]
SOAP:  13%|█▎        | 3185/25193 [3:17:33 > 28:27]
SOAP:  13%|█▎        | 3186/25193 [3:15:55 > 28:28]
SOAP:  13%|█▎        | 3187/25193 [3:18:40 > 28:29]
SOAP:  13%|█▎        | 3188/25193 [3:15:49 > 28:29]
SOAP:  13%|█▎        | 3189/25193 [3:15:53 > 28:30]
SOAP:  13%|█▎        | 3190/25193 [3:16:14 > 28:30]
SOAP:  13%|█▎        | 3191/25193 [3:19:06 > 28:31]
SOAP:  13%|█▎        | 3192/25193 [3:18:24 > 28:31]
SOAP:  13%|█▎        | 3193/25193 [3:18:30 > 28:32]
SOAP:  13%|█▎        | 3194/25193 [3:18:11 > 28:32]
SOAP:  13%|█▎        | 3195/25193 [3:17:55 > 28:33]
SOAP:  13%|█▎        | 3196/25193 [3:15:30 > 28:33]
SOAP:  13%|█▎        | 3197/25193 [3:18:32 > 28:34]
SOAP:  13%|█▎        | 3198/25193 [3:18:09 > 28:34]
SOAP:  13%|█▎        | 3199/25193 [3:17:53 > 28:35]
SOAP:  13%|█▎        | 3200/25193 [3:17:52 > 28:36]
SOAP:  13%|█▎        | 3201/25193 [3:19:02 > 28:36]
SOAP:  13%|█▎        | 3202/25193 [3:18:26 > 28:37]
SOAP:  13%|█▎        | 3203/25193 [3:18:23 > 28:37]
SOAP:  13%|█▎        | 3204/25193 [3:19:26 > 28:38]
SOAP:  13%|█▎        | 3205/25193 [3:15:38 > 28:38]
SOAP:  13%|█▎        | 3206/25193 [3:15:37 > 28:39]
SOAP:  13%|█▎        | 3207/25193 [3:17:49 > 28:39]
SOAP:  13%|█▎        | 3208/25193 [3:18:24 > 28:40]
SOAP:  13%|█▎        | 3209/25193 [3:18:22 > 28:40]
SOAP:  13%|█▎        | 3210/25193 [3:17:37 > 28:41]
SOAP:  13%|█▎        | 3211/25193 [3:17:14 > 28:42]
SOAP:  13%|█▎        | 3212/25193 [3:17:36 > 28:42]
SOAP:  13%|█▎        | 3213/25193 [3:16:57 > 28:43]
SOAP:  13%|█▎        | 3214/25193 [3:17:07 > 28:43]
SOAP:  13%|█▎        | 3215/25193 [3:17:15 > 28:44]
SOAP:  13%|█▎        | 3216/25193 [3:17:14 > 28:44]
SOAP:  13%|█▎        | 3217/25193 [3:14:10 > 28:45]
SOAP:  13%|█▎        | 3218/25193 [3:17:40 > 28:45]
SOAP:  13%|█▎        | 3219/25193 [3:17:48 > 28:46]
SOAP:  13%|█▎        | 3220/25193 [3:17:26 > 28:46]
SOAP:  13%|█▎        | 3221/25193 [3:17:16 > 28:47]
SOAP:  13%|█▎        | 3222/25193 [3:17:33 > 28:47]
SOAP:  13%|█▎        | 3223/25193 [3:17:11 > 28:48]
SOAP:  13%|█▎        | 3224/25193 [3:17:17 > 28:48]
SOAP:  13%|█▎        | 3225/25193 [3:17:39 > 28:49]
SOAP:  13%|█▎        | 3226/25193 [3:17:27 > 28:50]
SOAP:  13%|█▎        | 3227/25193 [3:17:34 > 28:50]
SOAP:  13%|█▎        | 3228/25193 [3:17:52 > 28:51]
SOAP:  13%|█▎        | 3229/25193 [3:18:31 > 28:51]
SOAP:  13%|█▎        | 3230/25193 [3:17:50 > 28:52]
SOAP:  13%|█▎        | 3231/25193 [3:17:48 > 28:52]
SOAP:  13%|█▎        | 3232/25193 [3:17:08 > 28:53]
SOAP:  13%|█▎        | 3233/25193 [3:17:21 > 28:53]
SOAP:  13%|█▎        | 3234/25193 [3:17:21 > 28:54]
SOAP:  13%|█▎        | 3235/25193 [3:14:48 > 28:54]
SOAP:  13%|█▎        | 3236/25193 [3:14:42 > 28:55]
SOAP:  13%|█▎        | 3237/25193 [3:15:17 > 28:55]
SOAP:  13%|█▎        | 3238/25193 [3:14:53 > 28:56]
SOAP:  13%|█▎        | 3239/25193 [3:18:02 > 28:57]
SOAP:  13%|█▎        | 3240/25193 [3:17:48 > 28:57]
SOAP:  13%|█▎        | 3241/25193 [3:15:01 > 28:58]
SOAP:  13%|█▎        | 3242/25193 [3:17:32 > 28:58]
SOAP:  13%|█▎        | 3243/25193 [3:17:21 > 28:59]
SOAP:  13%|█▎        | 3244/25193 [3:17:29 > 28:59]
SOAP:  13%|█▎        | 3245/25193 [3:14:31 > 29:00]
SOAP:  13%|█▎        | 3246/25193 [3:17:38 > 29:00]
SOAP:  13%|█▎        | 3247/25193 [3:17:33 > 29:01]
SOAP:  13%|█▎        | 3248/25193 [3:17:20 > 29:01]
SOAP:  13%|█▎        | 3249/25193 [3:17:30 > 29:02]
SOAP:  13%|█▎        | 3250/25193 [3:17:16 > 29:02]
SOAP:  13%|█▎        | 3251/25193 [3:17:04 > 29:03]
SOAP:  13%|█▎        | 3252/25193 [3:17:03 > 29:04]
SOAP:  13%|█▎        | 3253/25193 [3:14:29 > 29:04]
SOAP:  13%|█▎        | 3254/25193 [3:17:07 > 29:05]
SOAP:  13%|█▎        | 3255/25193 [3:14:40 > 29:05]
SOAP:  13%|█▎        | 3256/25193 [3:17:50 > 29:06]
SOAP:  13%|█▎        | 3257/25193 [3:17:24 > 29:06]
SOAP:  13%|█▎        | 3258/25193 [3:17:03 > 29:07]
SOAP:  13%|█▎        | 3259/25193 [3:17:27 > 29:07]
SOAP:  13%|█▎        | 3260/25193 [3:14:20 > 29:08]
SOAP:  13%|█▎        | 3261/25193 [3:14:52 > 29:08]
SOAP:  13%|█▎        | 3262/25193 [3:15:00 > 29:09]
SOAP:  13%|█▎        | 3263/25193 [3:16:14 > 29:09]
SOAP:  13%|█▎        | 3264/25193 [3:16:18 > 29:10]
SOAP:  13%|█▎        | 3265/25193 [3:14:44 > 29:11]
SOAP:  13%|█▎        | 3266/25193 [3:14:24 > 29:11]
SOAP:  13%|█▎        | 3267/25193 [3:14:46 > 29:12]
SOAP:  13%|█▎        | 3268/25193 [3:17:42 > 29:12]
SOAP:  13%|█▎        | 3269/25193 [3:14:41 > 29:13]
SOAP:  13%|█▎        | 3270/25193 [3:18:01 > 29:13]
SOAP:  13%|█▎        | 3271/25193 [3:16:41 > 29:14]
SOAP:  13%|█▎        | 3272/25193 [3:14:43 > 29:14]
SOAP:  13%|█▎        | 3273/25193 [3:14:55 > 29:15]
SOAP:  13%|█▎        | 3274/25193 [3:18:16 > 29:15]
SOAP:  13%|█▎        | 3275/25193 [3:14:39 > 29:16]
SOAP:  13%|█▎        | 3276/25193 [3:17:39 > 29:16]
SOAP:  13%|█▎        | 3277/25193 [3:14:39 > 29:17]
SOAP:  13%|█▎        | 3278/25193 [3:16:12 > 29:18]
SOAP:  13%|█▎        | 3279/25193 [3:18:28 > 29:18]
SOAP:  13%|█▎        | 3280/25193 [3:15:18 > 29:19]
SOAP:  13%|█▎        | 3281/25193 [3:18:14 > 29:19]
SOAP:  13%|█▎        | 3282/25193 [3:15:05 > 29:20]
SOAP:  13%|█▎        | 3283/25193 [3:17:12 > 29:20]
SOAP:  13%|█▎        | 3284/25193 [3:15:21 > 29:21]
SOAP:  13%|█▎        | 3285/25193 [3:15:35 > 29:21]
SOAP:  13%|█▎        | 3286/25193 [3:18:02 > 29:22]
SOAP:  13%|█▎        | 3287/25193 [3:17:56 > 29:22]
SOAP:  13%|█▎        | 3288/25193 [3:17:19 > 29:23]
SOAP:  13%|█▎        | 3289/25193 [3:17:30 > 29:23]
SOAP:  13%|█▎        | 3290/25193 [3:17:11 > 29:24]
SOAP:  13%|█▎        | 3291/25193 [3:15:50 > 29:25]
SOAP:  13%|█▎        | 3292/25193 [3:17:13 > 29:25]
SOAP:  13%|█▎        | 3293/25193 [3:17:15 > 29:26]
SOAP:  13%|█▎        | 3294/25193 [3:16:42 > 29:26]
SOAP:  13%|█▎        | 3295/25193 [3:14:08 > 29:27]
SOAP:  13%|█▎        | 3296/25193 [3:15:23 > 29:27]
SOAP:  13%|█▎        | 3297/25193 [3:13:56 > 29:28]
SOAP:  13%|█▎        | 3298/25193 [3:14:26 > 29:28]
SOAP:  13%|█▎        | 3299/25193 [3:14:30 > 29:29]
SOAP:  13%|█▎        | 3300/25193 [3:14:13 > 29:29]
SOAP:  13%|█▎        | 3301/25193 [3:16:00 > 29:30]
SOAP:  13%|█▎        | 3302/25193 [3:15:36 > 29:30]
SOAP:  13%|█▎        | 3303/25193 [3:15:04 > 29:31]
SOAP:  13%|█▎        | 3304/25193 [3:15:10 > 29:31]
SOAP:  13%|█▎        | 3305/25193 [3:16:25 > 29:32]
SOAP:  13%|█▎        | 3306/25193 [3:15:14 > 29:33]
SOAP:  13%|█▎        | 3307/25193 [3:15:05 > 29:33]
SOAP:  13%|█▎        | 3308/25193 [3:15:11 > 29:34]
SOAP:  13%|█▎        | 3309/25193 [3:15:12 > 29:34]
SOAP:  13%|█▎        | 3310/25193 [3:15:01 > 29:35]
SOAP:  13%|█▎        | 3311/25193 [3:15:15 > 29:35]
SOAP:  13%|█▎        | 3312/25193 [3:15:16 > 29:36]
SOAP:  13%|█▎        | 3313/25193 [3:14:40 > 29:36]
SOAP:  13%|█▎        | 3314/25193 [3:14:42 > 29:37]
SOAP:  13%|█▎        | 3315/25193 [3:14:40 > 29:37]
SOAP:  13%|█▎        | 3316/25193 [3:14:38 > 29:38]
SOAP:  13%|█▎        | 3317/25193 [3:14:44 > 29:38]
SOAP:  13%|█▎        | 3318/25193 [3:16:25 > 29:39]
SOAP:  13%|█▎        | 3319/25193 [3:14:45 > 29:39]
SOAP:  13%|█▎        | 3320/25193 [3:15:53 > 29:40]
SOAP:  13%|█▎        | 3321/25193 [3:15:16 > 29:41]
SOAP:  13%|█▎        | 3322/25193 [3:14:40 > 29:41]
SOAP:  13%|█▎        | 3323/25193 [3:14:57 > 29:42]
SOAP:  13%|█▎        | 3324/25193 [3:14:51 > 29:42]
SOAP:  13%|█▎        | 3325/25193 [3:14:14 > 29:43]
SOAP:  13%|█▎        | 3326/25193 [3:14:32 > 29:43]
SOAP:  13%|█▎        | 3327/25193 [3:14:42 > 29:44]
SOAP:  13%|█▎        | 3328/25193 [3:14:20 > 29:44]
SOAP:  13%|█▎        | 3329/25193 [3:14:31 > 29:45]
SOAP:  13%|█▎        | 3330/25193 [3:16:20 > 29:45]
SOAP:  13%|█▎        | 3331/25193 [3:16:37 > 29:46]
SOAP:  13%|█▎        | 3332/25193 [3:16:34 > 29:46]
SOAP:  13%|█▎        | 3333/25193 [3:16:53 > 29:47]
SOAP:  13%|█▎        | 3334/25193 [3:16:51 > 29:48]
SOAP:  13%|█▎        | 3335/25193 [3:16:42 > 29:48]
SOAP:  13%|█▎        | 3336/25193 [3:13:41 > 29:49]
SOAP:  13%|█▎        | 3337/25193 [3:16:49 > 29:49]
SOAP:  13%|█▎        | 3338/25193 [3:16:19 > 29:50]
SOAP:  13%|█▎        | 3339/25193 [3:16:38 > 29:50]
SOAP:  13%|█▎        | 3340/25193 [3:16:58 > 29:51]
SOAP:  13%|█▎        | 3341/25193 [3:13:33 > 29:51]
SOAP:  13%|█▎        | 3342/25193 [3:14:12 > 29:52]
SOAP:  13%|█▎        | 3343/25193 [3:15:47 > 29:52]
SOAP:  13%|█▎        | 3344/25193 [3:14:17 > 29:53]
SOAP:  13%|█▎        | 3345/25193 [3:15:53 > 29:53]
SOAP:  13%|█▎        | 3346/25193 [3:14:31 > 29:54]
SOAP:  13%|█▎        | 3347/25193 [3:13:59 > 29:55]
SOAP:  13%|█▎        | 3348/25193 [3:14:11 > 29:55]
SOAP:  13%|█▎        | 3349/25193 [3:14:09 > 29:56]
SOAP:  13%|█▎        | 3350/25193 [3:13:54 > 29:56]
SOAP:  13%|█▎        | 3351/25193 [3:14:12 > 29:57]
SOAP:  13%|█▎        | 3352/25193 [3:14:22 > 29:57]
SOAP:  13%|█▎        | 3353/25193 [3:14:12 > 29:58]
SOAP:  13%|█▎        | 3354/25193 [3:16:33 > 29:58]
SOAP:  13%|█▎        | 3355/25193 [3:15:58 > 29:59]
SOAP:  13%|█▎        | 3356/25193 [3:14:10 > 29:59]
SOAP:  13%|█▎        | 3357/25193 [3:14:29 > 30:00]
SOAP:  13%|█▎        | 3358/25193 [3:16:49 > 30:00]
SOAP:  13%|█▎        | 3359/25193 [3:16:32 > 30:01]
SOAP:  13%|█▎        | 3360/25193 [3:14:53 > 30:01]
SOAP:  13%|█▎        | 3361/25193 [3:14:48 > 30:02]
SOAP:  13%|█▎        | 3362/25193 [3:15:54 > 30:03]
SOAP:  13%|█▎        | 3363/25193 [3:15:53 > 30:03]
SOAP:  13%|█▎        | 3364/25193 [3:15:40 > 30:04]
SOAP:  13%|█▎        | 3365/25193 [3:15:19 > 30:04]
SOAP:  13%|█▎        | 3366/25193 [3:15:20 > 30:05]
SOAP:  13%|█▎        | 3367/25193 [3:14:19 > 30:05]
SOAP:  13%|█▎        | 3368/25193 [3:13:41 > 30:06]
SOAP:  13%|█▎        | 3369/25193 [3:16:08 > 30:06]
SOAP:  13%|█▎        | 3370/25193 [3:15:48 > 30:07]
SOAP:  13%|█▎        | 3371/25193 [3:16:02 > 30:07]
SOAP:  13%|█▎        | 3372/25193 [3:15:14 > 30:08]
SOAP:  13%|█▎        | 3373/25193 [3:15:53 > 30:08]
SOAP:  13%|█▎        | 3374/25193 [3:15:29 > 30:09]
SOAP:  13%|█▎        | 3375/25193 [3:15:33 > 30:10]
SOAP:  13%|█▎        | 3376/25193 [3:13:14 > 30:10]
SOAP:  13%|█▎        | 3377/25193 [3:13:25 > 30:11]
SOAP:  13%|█▎        | 3378/25193 [3:13:12 > 30:11]
SOAP:  13%|█▎        | 3379/25193 [3:16:27 > 30:12]
SOAP:  13%|█▎        | 3380/25193 [3:17:30 > 30:12]
SOAP:  13%|█▎        | 3381/25193 [3:12:57 > 30:13]
SOAP:  13%|█▎        | 3382/25193 [3:16:14 > 30:13]
SOAP:  13%|█▎        | 3383/25193 [3:13:31 > 30:14]
SOAP:  13%|█▎        | 3384/25193 [3:16:15 > 30:14]
SOAP:  13%|█▎        | 3385/25193 [3:17:12 > 30:15]
SOAP:  13%|█▎        | 3386/25193 [3:14:22 > 30:15]
SOAP:  13%|█▎        | 3387/25193 [3:16:56 > 30:16]
SOAP:  13%|█▎        | 3388/25193 [3:16:34 > 30:17]
SOAP:  13%|█▎        | 3389/25193 [3:16:54 > 30:17]
SOAP:  13%|█▎        | 3390/25193 [3:16:29 > 30:18]
SOAP:  13%|█▎        | 3391/25193 [3:16:21 > 30:18]
SOAP:  13%|█▎        | 3392/25193 [3:15:41 > 30:19]
SOAP:  13%|█▎        | 3393/25193 [3:16:45 > 30:19]
SOAP:  13%|█▎        | 3394/25193 [3:16:30 > 30:20]
SOAP:  13%|█▎        | 3395/25193 [3:16:24 > 30:20]
SOAP:  13%|█▎        | 3396/25193 [3:13:46 > 30:21]
SOAP:  13%|█▎        | 3397/25193 [3:16:27 > 30:21]
SOAP:  13%|█▎        | 3398/25193 [3:16:22 > 30:22]
SOAP:  13%|█▎        | 3399/25193 [3:17:52 > 30:22]
SOAP:  13%|█▎        | 3400/25193 [3:13:22 > 30:23]
SOAP:  13%|█▎        | 3401/25193 [3:18:26 > 30:24]
SOAP:  14%|█▎        | 3402/25193 [3:15:46 > 30:24]
SOAP:  14%|█▎        | 3403/25193 [3:16:22 > 30:25]
SOAP:  14%|█▎        | 3404/25193 [3:13:17 > 30:25]
SOAP:  14%|█▎        | 3405/25193 [3:16:31 > 30:26]
SOAP:  14%|█▎        | 3406/25193 [3:16:03 > 30:26]
SOAP:  14%|█▎        | 3407/25193 [3:13:40 > 30:27]
SOAP:  14%|█▎        | 3408/25193 [3:16:36 > 30:27]
SOAP:  14%|█▎        | 3409/25193 [3:16:00 > 30:28]
SOAP:  14%|█▎        | 3410/25193 [3:16:05 > 30:28]
SOAP:  14%|█▎        | 3411/25193 [3:16:46 > 30:29]
SOAP:  14%|█▎        | 3412/25193 [3:15:49 > 30:29]
SOAP:  14%|█▎        | 3413/25193 [3:13:25 > 30:30]
SOAP:  14%|█▎        | 3414/25193 [3:16:41 > 30:31]
SOAP:  14%|█▎        | 3415/25193 [3:13:08 > 30:31]
SOAP:  14%|█▎        | 3416/25193 [3:13:40 > 30:32]
SOAP:  14%|█▎        | 3417/25193 [3:16:34 > 30:32]
SOAP:  14%|█▎        | 3418/25193 [3:16:15 > 30:33]
SOAP:  14%|█▎        | 3419/25193 [3:16:11 > 30:33]
SOAP:  14%|█▎        | 3420/25193 [3:16:08 > 30:34]
SOAP:  14%|█▎        | 3421/25193 [3:12:41 > 30:34]
SOAP:  14%|█▎        | 3422/25193 [3:15:55 > 30:35]
SOAP:  14%|█▎        | 3423/25193 [3:15:55 > 30:35]
SOAP:  14%|█▎        | 3424/25193 [3:15:35 > 30:36]
SOAP:  14%|█▎        | 3425/25193 [3:15:11 > 30:36]
SOAP:  14%|█▎        | 3426/25193 [3:16:18 > 30:37]
SOAP:  14%|█▎        | 3427/25193 [3:16:07 > 30:38]
SOAP:  14%|█▎        | 3428/25193 [3:16:07 > 30:38]
SOAP:  14%|█▎        | 3429/25193 [3:16:26 > 30:39]
SOAP:  14%|█▎        | 3430/25193 [3:16:24 > 30:39]
SOAP:  14%|█▎        | 3431/25193 [3:15:37 > 30:40]
SOAP:  14%|█▎        | 3432/25193 [3:15:46 > 30:40]
SOAP:  14%|█▎        | 3433/25193 [3:12:56 > 30:41]
SOAP:  14%|█▎        | 3434/25193 [3:15:46 > 30:41]
SOAP:  14%|█▎        | 3435/25193 [3:15:34 > 30:42]
SOAP:  14%|█▎        | 3436/25193 [3:16:04 > 30:42]
SOAP:  14%|█▎        | 3437/25193 [3:15:38 > 30:43]
SOAP:  14%|█▎        | 3438/25193 [3:15:57 > 30:43]
SOAP:  14%|█▎        | 3439/25193 [3:16:00 > 30:44]
SOAP:  14%|█▎        | 3440/25193 [3:15:22 > 30:45]
SOAP:  14%|█▎        | 3441/25193 [3:15:23 > 30:45]
SOAP:  14%|█▎        | 3442/25193 [3:15:48 > 30:46]
SOAP:  14%|█▎        | 3443/25193 [3:14:52 > 30:46]
SOAP:  14%|█▎        | 3444/25193 [3:15:18 > 30:47]
SOAP:  14%|█▎        | 3445/25193 [3:15:26 > 30:47]
SOAP:  14%|█▎        | 3446/25193 [3:15:01 > 30:48]
SOAP:  14%|█▎        | 3447/25193 [3:15:28 > 30:48]
SOAP:  14%|█▎        | 3448/25193 [3:15:42 > 30:49]
SOAP:  14%|█▎        | 3449/25193 [3:12:34 > 30:49]
SOAP:  14%|█▎        | 3450/25193 [3:15:54 > 30:50]
SOAP:  14%|█▎        | 3451/25193 [3:15:56 > 30:50]
SOAP:  14%|█▎        | 3452/25193 [3:15:18 > 30:51]
SOAP:  14%|█▎        | 3453/25193 [3:16:08 > 30:52]
SOAP:  14%|█▎        | 3454/25193 [3:17:17 > 30:52]
SOAP:  14%|█▎        | 3455/25193 [3:15:37 > 30:53]
SOAP:  14%|█▎        | 3456/25193 [3:15:39 > 30:53]
SOAP:  14%|█▎        | 3457/25193 [3:15:53 > 30:54]
SOAP:  14%|█▎        | 3458/25193 [3:15:17 > 30:54]
SOAP:  14%|█▎        | 3459/25193 [3:15:18 > 30:55]
SOAP:  14%|█▎        | 3460/25193 [3:12:37 > 30:55]
SOAP:  14%|█▎        | 3461/25193 [3:13:49 > 30:56]
SOAP:  14%|█▎        | 3462/25193 [3:15:33 > 30:56]
SOAP:  14%|█▎        | 3463/25193 [3:15:34 > 30:57]
SOAP:  14%|█▎        | 3464/25193 [3:15:21 > 30:58]
SOAP:  14%|█▍        | 3465/25193 [3:12:20 > 30:58]
SOAP:  14%|█▍        | 3466/25193 [3:15:35 > 30:59]
SOAP:  14%|█▍        | 3467/25193 [3:15:32 > 30:59]
SOAP:  14%|█▍        | 3468/25193 [3:12:16 > 31:00]
SOAP:  14%|█▍        | 3469/25193 [3:15:32 > 31:00]
SOAP:  14%|█▍        | 3470/25193 [3:12:52 > 31:01]
SOAP:  14%|█▍        | 3471/25193 [3:15:25 > 31:01]
SOAP:  14%|█▍        | 3472/25193 [3:15:39 > 31:02]
SOAP:  14%|█▍        | 3473/25193 [3:15:27 > 31:02]
SOAP:  14%|█▍        | 3474/25193 [3:14:50 > 31:03]
SOAP:  14%|█▍        | 3475/25193 [3:15:12 > 31:03]
SOAP:  14%|█▍        | 3476/25193 [3:15:29 > 31:04]
SOAP:  14%|█▍        | 3477/25193 [3:15:01 > 31:04]
SOAP:  14%|█▍        | 3478/25193 [3:15:05 > 31:05]
SOAP:  14%|█▍        | 3479/25193 [3:15:18 > 31:06]
SOAP:  14%|█▍        | 3480/25193 [3:14:39 > 31:06]
SOAP:  14%|█▍        | 3481/25193 [3:14:46 > 31:07]
SOAP:  14%|█▍        | 3482/25193 [3:15:15 > 31:07]
SOAP:  14%|█▍        | 3483/25193 [3:14:54 > 31:08]
SOAP:  14%|█▍        | 3484/25193 [3:14:52 > 31:08]
SOAP:  14%|█▍        | 3485/25193 [3:15:13 > 31:09]
SOAP:  14%|█▍        | 3486/25193 [3:14:37 > 31:09]
SOAP:  14%|█▍        | 3487/25193 [3:15:03 > 31:10]
SOAP:  14%|█▍        | 3488/25193 [3:15:06 > 31:10]
SOAP:  14%|█▍        | 3489/25193 [3:14:53 > 31:11]
SOAP:  14%|█▍        | 3490/25193 [3:14:57 > 31:12]
SOAP:  14%|█▍        | 3491/25193 [3:15:13 > 31:12]
SOAP:  14%|█▍        | 3492/25193 [3:15:08 > 31:13]
SOAP:  14%|█▍        | 3493/25193 [3:12:37 > 31:13]
SOAP:  14%|█▍        | 3494/25193 [3:15:41 > 31:14]
SOAP:  14%|█▍        | 3495/25193 [3:12:49 > 31:14]
SOAP:  14%|█▍        | 3496/25193 [3:12:46 > 31:15]
SOAP:  14%|█▍        | 3497/25193 [3:12:54 > 31:15]
SOAP:  14%|█▍        | 3498/25193 [3:13:02 > 31:16]
SOAP:  14%|█▍        | 3499/25193 [3:12:39 > 31:16]
SOAP:  14%|█▍        | 3500/25193 [3:12:54 > 31:17]
SOAP:  14%|█▍        | 3501/25193 [3:13:44 > 31:17]
SOAP:  14%|█▍        | 3502/25193 [3:13:19 > 31:18]
SOAP:  14%|█▍        | 3503/25193 [3:13:34 > 31:18]
SOAP:  14%|█▍        | 3504/25193 [3:15:22 > 31:19]
SOAP:  14%|█▍        | 3505/25193 [3:12:47 > 31:20]
SOAP:  14%|█▍        | 3506/25193 [3:13:01 > 31:20]
SOAP:  14%|█▍        | 3507/25193 [3:13:05 > 31:21]
SOAP:  14%|█▍        | 3508/25193 [3:12:40 > 31:21]
SOAP:  14%|█▍        | 3509/25193 [3:12:53 > 31:22]
SOAP:  14%|█▍        | 3510/25193 [3:12:55 > 31:22]
SOAP:  14%|█▍        | 3511/25193 [3:12:54 > 31:23]
SOAP:  14%|█▍        | 3512/25193 [3:13:05 > 31:23]
SOAP:  14%|█▍        | 3513/25193 [3:13:20 > 31:24]
SOAP:  14%|█▍        | 3514/25193 [3:13:05 > 31:24]
SOAP:  14%|█▍        | 3515/25193 [3:13:09 > 31:25]
SOAP:  14%|█▍        | 3516/25193 [3:13:07 > 31:25]
SOAP:  14%|█▍        | 3517/25193 [3:12:56 > 31:26]
SOAP:  14%|█▍        | 3518/25193 [3:13:03 > 31:26]
SOAP:  14%|█▍        | 3519/25193 [3:13:19 > 31:27]
SOAP:  14%|█▍        | 3520/25193 [3:13:14 > 31:28]
SOAP:  14%|█▍        | 3521/25193 [3:13:18 > 31:28]
SOAP:  14%|█▍        | 3522/25193 [3:13:28 > 31:29]
SOAP:  14%|█▍        | 3523/25193 [3:13:19 > 31:29]
SOAP:  14%|█▍        | 3524/25193 [3:12:58 > 31:30]
SOAP:  14%|█▍        | 3525/25193 [3:13:01 > 31:30]
SOAP:  14%|█▍        | 3526/25193 [3:13:15 > 31:31]
SOAP:  14%|█▍        | 3527/25193 [3:12:43 > 31:31]
SOAP:  14%|█▍        | 3528/25193 [3:12:57 > 31:32]
SOAP:  14%|█▍        | 3529/25193 [3:13:10 > 31:32]
SOAP:  14%|█▍        | 3530/25193 [3:12:53 > 31:33]
SOAP:  14%|█▍        | 3531/25193 [3:13:15 > 31:33]
SOAP:  14%|█▍        | 3532/25193 [3:13:16 > 31:34]
SOAP:  14%|█▍        | 3533/25193 [3:12:55 > 31:34]
SOAP:  14%|█▍        | 3534/25193 [3:13:08 > 31:35]
SOAP:  14%|█▍        | 3535/25193 [3:13:07 > 31:36]
SOAP:  14%|█▍        | 3536/25193 [3:12:29 > 31:36]
SOAP:  14%|█▍        | 3537/25193 [3:13:02 > 31:37]
SOAP:  14%|█▍        | 3538/25193 [3:13:21 > 31:37]
SOAP:  14%|█▍        | 3539/25193 [3:13:04 > 31:38]
SOAP:  14%|█▍        | 3540/25193 [3:13:07 > 31:38]
SOAP:  14%|█▍        | 3541/25193 [3:13:53 > 31:39]
SOAP:  14%|█▍        | 3542/25193 [3:13:08 > 31:39]
SOAP:  14%|█▍        | 3543/25193 [3:13:21 > 31:40]
SOAP:  14%|█▍        | 3544/25193 [3:13:31 > 31:40]
SOAP:  14%|█▍        | 3545/25193 [3:13:31 > 31:41]
SOAP:  14%|█▍        | 3546/25193 [3:13:18 > 31:41]
SOAP:  14%|█▍        | 3547/25193 [3:13:16 > 31:42]
SOAP:  14%|█▍        | 3548/25193 [3:13:11 > 31:43]
SOAP:  14%|█▍        | 3549/25193 [3:14:20 > 31:43]
SOAP:  14%|█▍        | 3550/25193 [3:12:32 > 31:44]
SOAP:  14%|█▍        | 3551/25193 [3:12:46 > 31:44]
SOAP:  14%|█▍        | 3552/25193 [3:12:31 > 31:45]
SOAP:  14%|█▍        | 3553/25193 [3:15:06 > 31:45]
SOAP:  14%|█▍        | 3554/25193 [3:12:54 > 31:46]
SOAP:  14%|█▍        | 3555/25193 [3:12:20 > 31:46]
SOAP:  14%|█▍        | 3556/25193 [3:12:43 > 31:47]
SOAP:  14%|█▍        | 3557/25193 [3:12:38 > 31:47]
SOAP:  14%|█▍        | 3558/25193 [3:12:17 > 31:48]
SOAP:  14%|█▍        | 3559/25193 [3:12:25 > 31:48]
SOAP:  14%|█▍        | 3560/25193 [3:12:42 > 31:49]
SOAP:  14%|█▍        | 3561/25193 [3:12:11 > 31:49]
SOAP:  14%|█▍        | 3562/25193 [3:12:41 > 31:50]
SOAP:  14%|█▍        | 3563/25193 [3:12:47 > 31:51]
SOAP:  14%|█▍        | 3564/25193 [3:12:27 > 31:51]
SOAP:  14%|█▍        | 3565/25193 [3:12:27 > 31:52]
SOAP:  14%|█▍        | 3566/25193 [3:12:45 > 31:52]
SOAP:  14%|█▍        | 3567/25193 [3:12:14 > 31:53]
SOAP:  14%|█▍        | 3568/25193 [3:12:45 > 31:53]
SOAP:  14%|█▍        | 3569/25193 [3:13:05 > 31:54]
SOAP:  14%|█▍        | 3570/25193 [3:12:41 > 31:54]
SOAP:  14%|█▍        | 3571/25193 [3:12:45 > 31:55]
SOAP:  14%|█▍        | 3572/25193 [3:13:11 > 31:55]
SOAP:  14%|█▍        | 3573/25193 [3:13:09 > 31:56]
SOAP:  14%|█▍        | 3574/25193 [3:13:08 > 31:56]
SOAP:  14%|█▍        | 3575/25193 [3:12:58 > 31:57]
SOAP:  14%|█▍        | 3576/25193 [3:13:03 > 31:58]
SOAP:  14%|█▍        | 3577/25193 [3:12:41 > 31:58]
SOAP:  14%|█▍        | 3578/25193 [3:12:56 > 31:59]
SOAP:  14%|█▍        | 3579/25193 [3:13:02 > 31:59]
SOAP:  14%|█▍        | 3580/25193 [3:12:28 > 32:00]
SOAP:  14%|█▍        | 3581/25193 [3:12:57 > 32:00]
SOAP:  14%|█▍        | 3582/25193 [3:13:08 > 32:01]
SOAP:  14%|█▍        | 3583/25193 [3:12:43 > 32:01]
SOAP:  14%|█▍        | 3584/25193 [3:14:58 > 32:02]
SOAP:  14%|█▍        | 3585/25193 [3:12:23 > 32:02]
SOAP:  14%|█▍        | 3586/25193 [3:12:00 > 32:03]
SOAP:  14%|█▍        | 3587/25193 [3:12:15 > 32:03]
SOAP:  14%|█▍        | 3588/25193 [3:12:18 > 32:04]
SOAP:  14%|█▍        | 3589/25193 [3:11:44 > 32:04]
SOAP:  14%|█▍        | 3590/25193 [3:12:10 > 32:05]
SOAP:  14%|█▍        | 3591/25193 [3:12:17 > 32:06]
SOAP:  14%|█▍        | 3592/25193 [3:11:47 > 32:06]
SOAP:  14%|█▍        | 3593/25193 [3:12:22 > 32:07]
SOAP:  14%|█▍        | 3594/25193 [3:12:27 > 32:07]
SOAP:  14%|█▍        | 3595/25193 [3:11:52 > 32:08]
SOAP:  14%|█▍        | 3596/25193 [3:12:06 > 32:08]
SOAP:  14%|█▍        | 3597/25193 [3:12:07 > 32:09]
SOAP:  14%|█▍        | 3598/25193 [3:12:12 > 32:09]
SOAP:  14%|█▍        | 3599/25193 [3:12:03 > 32:10]
SOAP:  14%|█▍        | 3600/25193 [3:12:11 > 32:10]
SOAP:  14%|█▍        | 3601/25193 [3:13:17 > 32:11]
SOAP:  14%|█▍        | 3602/25193 [3:15:27 > 32:11]
SOAP:  14%|█▍        | 3603/25193 [3:15:44 > 32:12]
SOAP:  14%|█▍        | 3604/25193 [3:12:36 > 32:12]
SOAP:  14%|█▍        | 3605/25193 [3:12:29 > 32:13]
SOAP:  14%|█▍        | 3606/25193 [3:12:33 > 32:14]
SOAP:  14%|█▍        | 3607/25193 [3:12:29 > 32:14]
SOAP:  14%|█▍        | 3608/25193 [3:11:54 > 32:15]
SOAP:  14%|█▍        | 3609/25193 [3:12:05 > 32:15]
SOAP:  14%|█▍        | 3610/25193 [3:12:23 > 32:16]
SOAP:  14%|█▍        | 3611/25193 [3:12:07 > 32:16]
SOAP:  14%|█▍        | 3612/25193 [3:12:10 > 32:17]
SOAP:  14%|█▍        | 3613/25193 [3:12:19 > 32:17]
SOAP:  14%|█▍        | 3614/25193 [3:12:04 > 32:18]
SOAP:  14%|█▍        | 3615/25193 [3:12:25 > 32:18]
SOAP:  14%|█▍        | 3616/25193 [3:12:38 > 32:19]
SOAP:  14%|█▍        | 3617/25193 [3:11:58 > 32:19]
SOAP:  14%|█▍        | 3618/25193 [3:12:16 > 32:20]
SOAP:  14%|█▍        | 3619/25193 [3:12:20 > 32:21]
SOAP:  14%|█▍        | 3620/25193 [3:14:25 > 32:21]
SOAP:  14%|█▍        | 3621/25193 [3:11:49 > 32:22]
SOAP:  14%|█▍        | 3622/25193 [3:12:17 > 32:22]
SOAP:  14%|█▍        | 3623/25193 [3:12:03 > 32:23]
SOAP:  14%|█▍        | 3624/25193 [3:12:16 > 32:23]
SOAP:  14%|█▍        | 3625/25193 [3:12:35 > 32:24]
SOAP:  14%|█▍        | 3626/25193 [3:12:18 > 32:24]
SOAP:  14%|█▍        | 3627/25193 [3:12:00 > 32:25]
SOAP:  14%|█▍        | 3628/25193 [3:12:40 > 32:25]
SOAP:  14%|█▍        | 3629/25193 [3:12:35 > 32:26]
SOAP:  14%|█▍        | 3630/25193 [3:14:51 > 32:26]
SOAP:  14%|█▍        | 3631/25193 [3:12:01 > 32:27]
SOAP:  14%|█▍        | 3632/25193 [3:15:16 > 32:28]
SOAP:  14%|█▍        | 3633/25193 [3:10:56 > 32:28]
SOAP:  14%|█▍        | 3634/25193 [3:11:30 > 32:29]
SOAP:  14%|█▍        | 3635/25193 [3:11:53 > 32:29]
SOAP:  14%|█▍        | 3636/25193 [3:11:15 > 32:30]
SOAP:  14%|█▍        | 3637/25193 [3:11:35 > 32:30]
SOAP:  14%|█▍        | 3638/25193 [3:12:01 > 32:31]
SOAP:  14%|█▍        | 3639/25193 [3:11:12 > 32:31]
SOAP:  14%|█▍        | 3640/25193 [3:11:35 > 32:32]
SOAP:  14%|█▍        | 3641/25193 [3:11:59 > 32:32]
SOAP:  14%|█▍        | 3642/25193 [3:11:25 > 32:33]
SOAP:  14%|█▍        | 3643/25193 [3:11:55 > 32:33]
SOAP:  14%|█▍        | 3644/25193 [3:14:19 > 32:34]
SOAP:  14%|█▍        | 3645/25193 [3:11:19 > 32:34]
SOAP:  14%|█▍        | 3646/25193 [3:11:37 > 32:35]
SOAP:  14%|█▍        | 3647/25193 [3:11:48 > 32:35]
SOAP:  14%|█▍        | 3648/25193 [3:11:23 > 32:36]
SOAP:  14%|█▍        | 3649/25193 [3:14:26 > 32:37]
SOAP:  14%|█▍        | 3650/25193 [3:11:46 > 32:37]
SOAP:  14%|█▍        | 3651/25193 [3:11:42 > 32:38]
SOAP:  14%|█▍        | 3652/25193 [3:11:45 > 32:38]
SOAP:  15%|█▍        | 3653/25193 [3:11:58 > 32:39]
SOAP:  15%|█▍        | 3654/25193 [3:12:06 > 32:39]
SOAP:  15%|█▍        | 3655/25193 [3:12:03 > 32:40]
SOAP:  15%|█▍        | 3656/25193 [3:11:58 > 32:40]
SOAP:  15%|█▍        | 3657/25193 [3:12:09 > 32:41]
SOAP:  15%|█▍        | 3658/25193 [3:11:29 > 32:41]
SOAP:  15%|█▍        | 3659/25193 [3:14:33 > 32:42]
SOAP:  15%|█▍        | 3660/25193 [3:11:49 > 32:42]
SOAP:  15%|█▍        | 3661/25193 [3:11:30 > 32:43]
SOAP:  15%|█▍        | 3662/25193 [3:11:57 > 32:44]
SOAP:  15%|█▍        | 3663/25193 [3:12:08 > 32:44]
SOAP:  15%|█▍        | 3664/25193 [3:11:38 > 32:45]
SOAP:  15%|█▍        | 3665/25193 [3:11:44 > 32:45]
SOAP:  15%|█▍        | 3666/25193 [3:11:41 > 32:46]
SOAP:  15%|█▍        | 3667/25193 [3:11:11 > 32:46]
SOAP:  15%|█▍        | 3668/25193 [3:11:22 > 32:47]
SOAP:  15%|█▍        | 3669/25193 [3:11:35 > 32:47]
SOAP:  15%|█▍        | 3670/25193 [3:11:01 > 32:48]
SOAP:  15%|█▍        | 3671/25193 [3:11:16 > 32:48]
SOAP:  15%|█▍        | 3672/25193 [3:11:28 > 32:49]
SOAP:  15%|█▍        | 3673/25193 [3:11:07 > 32:49]
SOAP:  15%|█▍        | 3674/25193 [3:11:27 > 32:50]
SOAP:  15%|█▍        | 3675/25193 [3:11:52 > 32:50]
SOAP:  15%|█▍        | 3676/25193 [3:11:37 > 32:51]
SOAP:  15%|█▍        | 3677/25193 [3:11:39 > 32:52]
SOAP:  15%|█▍        | 3678/25193 [3:11:48 > 32:52]
SOAP:  15%|█▍        | 3679/25193 [3:13:19 > 32:53]
SOAP:  15%|█▍        | 3680/25193 [3:11:18 > 32:53]
SOAP:  15%|█▍        | 3681/25193 [3:11:35 > 32:54]
SOAP:  15%|█▍        | 3682/25193 [3:11:46 > 32:54]
SOAP:  15%|█▍        | 3683/25193 [3:14:29 > 32:55]
SOAP:  15%|█▍        | 3684/25193 [3:13:39 > 32:55]
SOAP:  15%|█▍        | 3685/25193 [3:11:22 > 32:56]
SOAP:  15%|█▍        | 3686/25193 [3:11:04 > 32:56]
SOAP:  15%|█▍        | 3687/25193 [3:11:26 > 32:57]
SOAP:  15%|█▍        | 3688/25193 [3:14:16 > 32:57]
SOAP:  15%|█▍        | 3689/25193 [3:10:37 > 32:58]
SOAP:  15%|█▍        | 3690/25193 [3:10:56 > 32:58]
SOAP:  15%|█▍        | 3691/25193 [3:11:12 > 32:59]
SOAP:  15%|█▍        | 3692/25193 [3:11:00 > 33:00]
SOAP:  15%|█▍        | 3693/25193 [3:11:25 > 33:00]
SOAP:  15%|█▍        | 3694/25193 [3:11:45 > 33:01]
SOAP:  15%|█▍        | 3695/25193 [3:11:29 > 33:01]
SOAP:  15%|█▍        | 3696/25193 [3:11:57 > 33:02]
SOAP:  15%|█▍        | 3697/25193 [3:11:48 > 33:02]
SOAP:  15%|█▍        | 3698/25193 [3:11:10 > 33:03]
SOAP:  15%|█▍        | 3699/25193 [3:11:19 > 33:03]
SOAP:  15%|█▍        | 3700/25193 [3:11:31 > 33:04]
SOAP:  15%|█▍        | 3701/25193 [3:12:03 > 33:04]
SOAP:  15%|█▍        | 3702/25193 [3:12:14 > 33:05]
SOAP:  15%|█▍        | 3703/25193 [3:12:28 > 33:05]
SOAP:  15%|█▍        | 3704/25193 [3:11:51 > 33:06]
SOAP:  15%|█▍        | 3705/25193 [3:11:42 > 33:07]
SOAP:  15%|█▍        | 3706/25193 [3:11:55 > 33:07]
SOAP:  15%|█▍        | 3707/25193 [3:11:39 > 33:08]
SOAP:  15%|█▍        | 3708/25193 [3:11:15 > 33:08]
SOAP:  15%|█▍        | 3709/25193 [3:11:23 > 33:09]
SOAP:  15%|█▍        | 3710/25193 [3:14:27 > 33:09]
SOAP:  15%|█▍        | 3711/25193 [3:10:40 > 33:10]
SOAP:  15%|█▍        | 3712/25193 [3:11:09 > 33:10]
SOAP:  15%|█▍        | 3713/25193 [3:11:26 > 33:11]
SOAP:  15%|█▍        | 3714/25193 [3:11:13 > 33:11]
SOAP:  15%|█▍        | 3715/25193 [3:11:34 > 33:12]
SOAP:  15%|█▍        | 3716/25193 [3:11:41 > 33:12]
SOAP:  15%|█▍        | 3717/25193 [3:11:10 > 33:13]
SOAP:  15%|█▍        | 3718/25193 [3:11:17 > 33:13]
SOAP:  15%|█▍        | 3719/25193 [3:11:18 > 33:14]
SOAP:  15%|█▍        | 3720/25193 [3:10:58 > 33:15]
SOAP:  15%|█▍        | 3721/25193 [3:11:07 > 33:15]
SOAP:  15%|█▍        | 3722/25193 [3:11:26 > 33:16]
SOAP:  15%|█▍        | 3723/25193 [3:11:07 > 33:16]
SOAP:  15%|█▍        | 3724/25193 [3:11:33 > 33:17]
SOAP:  15%|█▍        | 3725/25193 [3:11:38 > 33:17]
SOAP:  15%|█▍        | 3726/25193 [3:14:03 > 33:18]
SOAP:  15%|█▍        | 3727/25193 [3:11:13 > 33:18]
SOAP:  15%|█▍        | 3728/25193 [3:11:25 > 33:19]
SOAP:  15%|█▍        | 3729/25193 [3:11:12 > 33:19]
SOAP:  15%|█▍        | 3730/25193 [3:11:20 > 33:20]
SOAP:  15%|█▍        | 3731/25193 [3:11:34 > 33:20]
SOAP:  15%|█▍        | 3732/25193 [3:11:12 > 33:21]
SOAP:  15%|█▍        | 3733/25193 [3:11:00 > 33:22]
SOAP:  15%|█▍        | 3734/25193 [3:11:14 > 33:22]
SOAP:  15%|█▍        | 3735/25193 [3:11:26 > 33:23]
SOAP:  15%|█▍        | 3736/25193 [3:10:58 > 33:23]
SOAP:  15%|█▍        | 3737/25193 [3:10:58 > 33:24]
SOAP:  15%|█▍        | 3738/25193 [3:10:59 > 33:24]
SOAP:  15%|█▍        | 3739/25193 [3:11:05 > 33:25]
SOAP:  15%|█▍        | 3740/25193 [3:11:10 > 33:25]
SOAP:  15%|█▍        | 3741/25193 [3:12:47 > 33:26]
SOAP:  15%|█▍        | 3742/25193 [3:10:32 > 33:26]
SOAP:  15%|█▍        | 3743/25193 [3:10:58 > 33:27]
SOAP:  15%|█▍        | 3744/25193 [3:11:10 > 33:27]
SOAP:  15%|█▍        | 3745/25193 [3:11:01 > 33:28]
SOAP:  15%|█▍        | 3746/25193 [3:11:17 > 33:28]
SOAP:  15%|█▍        | 3747/25193 [3:11:16 > 33:29]
SOAP:  15%|█▍        | 3748/25193 [3:11:01 > 33:30]
SOAP:  15%|█▍        | 3749/25193 [3:11:13 > 33:30]
SOAP:  15%|█▍        | 3750/25193 [3:13:09 > 33:31]
SOAP:  15%|█▍        | 3751/25193 [3:10:16 > 33:31]
SOAP:  15%|█▍        | 3752/25193 [3:10:28 > 33:32]
SOAP:  15%|█▍        | 3753/25193 [3:10:46 > 33:32]
SOAP:  15%|█▍        | 3754/25193 [3:10:28 > 33:33]
SOAP:  15%|█▍        | 3755/25193 [3:10:48 > 33:33]
SOAP:  15%|█▍        | 3756/25193 [3:11:00 > 33:34]
SOAP:  15%|█▍        | 3757/25193 [3:10:39 > 33:34]
SOAP:  15%|█▍        | 3758/25193 [3:10:49 > 33:35]
SOAP:  15%|█▍        | 3759/25193 [3:10:59 > 33:35]
SOAP:  15%|█▍        | 3760/25193 [3:13:40 > 33:36]
SOAP:  15%|█▍        | 3761/25193 [3:10:25 > 33:36]
SOAP:  15%|█▍        | 3762/25193 [3:10:53 > 33:37]
SOAP:  15%|█▍        | 3763/25193 [3:11:01 > 33:38]
SOAP:  15%|█▍        | 3764/25193 [3:10:54 > 33:38]
SOAP:  15%|█▍        | 3765/25193 [3:11:04 > 33:39]
SOAP:  15%|█▍        | 3766/25193 [3:11:11 > 33:39]
SOAP:  15%|█▍        | 3767/25193 [3:10:37 > 33:40]
SOAP:  15%|█▍        | 3768/25193 [3:10:56 > 33:40]
SOAP:  15%|█▍        | 3769/25193 [3:11:08 > 33:41]
SOAP:  15%|█▍        | 3770/25193 [3:10:24 > 33:41]
SOAP:  15%|█▍        | 3771/25193 [3:10:33 > 33:42]
SOAP:  15%|█▍        | 3772/25193 [3:10:48 > 33:42]
SOAP:  15%|█▍        | 3773/25193 [3:10:21 > 33:43]
SOAP:  15%|█▍        | 3774/25193 [3:10:28 > 33:43]
SOAP:  15%|█▍        | 3775/25193 [3:10:50 > 33:44]
SOAP:  15%|█▍        | 3776/25193 [3:10:30 > 33:44]
SOAP:  15%|█▍        | 3777/25193 [3:10:46 > 33:45]
SOAP:  15%|█▍        | 3778/25193 [3:10:43 > 33:46]
SOAP:  15%|█▌        | 3779/25193 [3:10:23 > 33:46]
SOAP:  15%|█▌        | 3780/25193 [3:10:51 > 33:47]
SOAP:  15%|█▌        | 3781/25193 [3:10:54 > 33:47]
SOAP:  15%|█▌        | 3782/25193 [3:13:27 > 33:48]
SOAP:  15%|█▌        | 3783/25193 [3:10:38 > 33:48]
SOAP:  15%|█▌        | 3784/25193 [3:11:00 > 33:49]
SOAP:  15%|█▌        | 3785/25193 [3:10:59 > 33:49]
SOAP:  15%|█▌        | 3786/25193 [3:11:03 > 33:50]
SOAP:  15%|█▌        | 3787/25193 [3:11:07 > 33:50]
SOAP:  15%|█▌        | 3788/25193 [3:11:05 > 33:51]
SOAP:  15%|█▌        | 3789/25193 [3:10:31 > 33:51]
SOAP:  15%|█▌        | 3790/25193 [3:13:33 > 33:52]
SOAP:  15%|█▌        | 3791/25193 [3:10:04 > 33:53]
SOAP:  15%|█▌        | 3792/25193 [3:10:03 > 33:53]
SOAP:  15%|█▌        | 3793/25193 [3:10:34 > 33:54]
SOAP:  15%|█▌        | 3794/25193 [3:10:39 > 33:54]
SOAP:  15%|█▌        | 3795/25193 [3:10:33 > 33:55]
SOAP:  15%|█▌        | 3796/25193 [3:11:00 > 33:55]
SOAP:  15%|█▌        | 3797/25193 [3:10:53 > 33:56]
SOAP:  15%|█▌        | 3798/25193 [3:10:28 > 33:56]
SOAP:  15%|█▌        | 3799/25193 [3:10:36 > 33:57]
SOAP:  15%|█▌        | 3800/25193 [3:12:11 > 33:57]
SOAP:  15%|█▌        | 3801/25193 [3:11:29 > 33:58]
SOAP:  15%|█▌        | 3802/25193 [3:11:17 > 33:58]
SOAP:  15%|█▌        | 3803/25193 [3:11:14 > 33:59]
SOAP:  15%|█▌        | 3804/25193 [3:10:32 > 33:59]
SOAP:  15%|█▌        | 3805/25193 [3:10:54 > 34:00]
SOAP:  15%|█▌        | 3806/25193 [3:10:49 > 34:01]
SOAP:  15%|█▌        | 3807/25193 [3:10:24 > 34:01]
SOAP:  15%|█▌        | 3808/25193 [3:10:31 > 34:02]
SOAP:  15%|█▌        | 3809/25193 [3:10:44 > 34:02]
SOAP:  15%|█▌        | 3810/25193 [3:10:31 > 34:03]
SOAP:  15%|█▌        | 3811/25193 [3:10:36 > 34:03]
SOAP:  15%|█▌        | 3812/25193 [3:10:25 > 34:04]
SOAP:  15%|█▌        | 3813/25193 [3:10:23 > 34:04]
SOAP:  15%|█▌        | 3814/25193 [3:10:29 > 34:05]
SOAP:  15%|█▌        | 3815/25193 [3:10:47 > 34:05]
SOAP:  15%|█▌        | 3816/25193 [3:10:56 > 34:06]
SOAP:  15%|█▌        | 3817/25193 [3:10:31 > 34:06]
SOAP:  15%|█▌        | 3818/25193 [3:10:37 > 34:07]
SOAP:  15%|█▌        | 3819/25193 [3:10:37 > 34:08]
SOAP:  15%|█▌        | 3820/25193 [3:10:19 > 34:08]
SOAP:  15%|█▌        | 3821/25193 [3:10:32 > 34:09]
SOAP:  15%|█▌        | 3822/25193 [3:10:50 > 34:09]
SOAP:  15%|█▌        | 3823/25193 [3:10:30 > 34:10]
SOAP:  15%|█▌        | 3824/25193 [3:10:48 > 34:10]
SOAP:  15%|█▌        | 3825/25193 [3:10:49 > 34:11]
SOAP:  15%|█▌        | 3826/25193 [3:10:49 > 34:11]
SOAP:  15%|█▌        | 3827/25193 [3:11:02 > 34:12]
SOAP:  15%|█▌        | 3828/25193 [3:10:46 > 34:12]
SOAP:  15%|█▌        | 3829/25193 [3:10:30 > 34:13]
SOAP:  15%|█▌        | 3830/25193 [3:10:54 > 34:13]
SOAP:  15%|█▌        | 3831/25193 [3:10:43 > 34:14]
SOAP:  15%|█▌        | 3832/25193 [3:10:27 > 34:14]
SOAP:  15%|█▌        | 3833/25193 [3:10:44 > 34:15]
SOAP:  15%|█▌        | 3834/25193 [3:10:44 > 34:16]
SOAP:  15%|█▌        | 3835/25193 [3:10:35 > 34:16]
SOAP:  15%|█▌        | 3836/25193 [3:10:46 > 34:17]
SOAP:  15%|█▌        | 3837/25193 [3:10:49 > 34:17]
SOAP:  15%|█▌        | 3838/25193 [3:10:26 > 34:18]
SOAP:  15%|█▌        | 3839/25193 [3:10:25 > 34:18]
SOAP:  15%|█▌        | 3840/25193 [3:10:23 > 34:19]
SOAP:  15%|█▌        | 3841/25193 [3:10:22 > 34:19]
SOAP:  15%|█▌        | 3842/25193 [3:10:15 > 34:20]
SOAP:  15%|█▌        | 3843/25193 [3:10:41 > 34:20]
SOAP:  15%|█▌        | 3844/25193 [3:10:34 > 34:21]
SOAP:  15%|█▌        | 3845/25193 [3:10:21 > 34:21]
SOAP:  15%|█▌        | 3846/25193 [3:10:35 > 34:22]
SOAP:  15%|█▌        | 3847/25193 [3:10:43 > 34:23]
SOAP:  15%|█▌        | 3848/25193 [3:10:29 > 34:23]
SOAP:  15%|█▌        | 3849/25193 [3:10:29 > 34:24]
SOAP:  15%|█▌        | 3850/25193 [3:10:35 > 34:24]
SOAP:  15%|█▌        | 3851/25193 [3:10:07 > 34:25]
SOAP:  15%|█▌        | 3852/25193 [3:10:32 > 34:25]
SOAP:  15%|█▌        | 3853/25193 [3:10:17 > 34:26]
SOAP:  15%|█▌        | 3854/25193 [3:10:06 > 34:26]
SOAP:  15%|█▌        | 3855/25193 [3:10:14 > 34:27]
SOAP:  15%|█▌        | 3856/25193 [3:10:26 > 34:27]
SOAP:  15%|█▌        | 3857/25193 [3:10:09 > 34:28]
SOAP:  15%|█▌        | 3858/25193 [3:10:34 > 34:28]
SOAP:  15%|█▌        | 3859/25193 [3:10:32 > 34:29]
SOAP:  15%|█▌        | 3860/25193 [3:10:00 > 34:29]
SOAP:  15%|█▌        | 3861/25193 [3:10:19 > 34:30]
SOAP:  15%|█▌        | 3862/25193 [3:10:14 > 34:31]
SOAP:  15%|█▌        | 3863/25193 [3:09:54 > 34:31]
SOAP:  15%|█▌        | 3864/25193 [3:09:57 > 34:32]
SOAP:  15%|█▌        | 3865/25193 [3:11:45 > 34:32]
SOAP:  15%|█▌        | 3866/25193 [3:09:27 > 34:33]
SOAP:  15%|█▌        | 3867/25193 [3:09:30 > 34:33]
SOAP:  15%|█▌        | 3868/25193 [3:10:01 > 34:34]
SOAP:  15%|█▌        | 3869/25193 [3:12:53 > 34:34]
SOAP:  15%|█▌        | 3870/25193 [3:09:31 > 34:35]
SOAP:  15%|█▌        | 3871/25193 [3:09:43 > 34:35]
SOAP:  15%|█▌        | 3872/25193 [3:09:49 > 34:36]
SOAP:  15%|█▌        | 3873/25193 [3:09:26 > 34:36]
SOAP:  15%|█▌        | 3874/25193 [3:09:57 > 34:37]
SOAP:  15%|█▌        | 3875/25193 [3:09:59 > 34:37]
SOAP:  15%|█▌        | 3876/25193 [3:12:16 > 34:38]
SOAP:  15%|█▌        | 3877/25193 [3:09:52 > 34:39]
SOAP:  15%|█▌        | 3878/25193 [3:10:05 > 34:39]
SOAP:  15%|█▌        | 3879/25193 [3:09:37 > 34:40]
SOAP:  15%|█▌        | 3880/25193 [3:09:45 > 34:40]
SOAP:  15%|█▌        | 3881/25193 [3:09:49 > 34:41]
SOAP:  15%|█▌        | 3882/25193 [3:09:23 > 34:41]
SOAP:  15%|█▌        | 3883/25193 [3:09:38 > 34:42]
SOAP:  15%|█▌        | 3884/25193 [3:09:48 > 34:42]
SOAP:  15%|█▌        | 3885/25193 [3:09:23 > 34:43]
SOAP:  15%|█▌        | 3886/25193 [3:10:32 > 34:43]
SOAP:  15%|█▌        | 3887/25193 [3:10:39 > 34:44]
SOAP:  15%|█▌        | 3888/25193 [3:10:10 > 34:44]
SOAP:  15%|█▌        | 3889/25193 [3:10:06 > 34:45]
SOAP:  15%|█▌        | 3890/25193 [3:09:58 > 34:46]
SOAP:  15%|█▌        | 3891/25193 [3:09:43 > 34:46]
SOAP:  15%|█▌        | 3892/25193 [3:09:40 > 34:47]
SOAP:  15%|█▌        | 3893/25193 [3:13:27 > 34:47]
SOAP:  15%|█▌        | 3894/25193 [3:11:44 > 34:48]
SOAP:  15%|█▌        | 3895/25193 [3:09:06 > 34:48]
SOAP:  15%|█▌        | 3896/25193 [3:09:35 > 34:49]
SOAP:  15%|█▌        | 3897/25193 [3:09:42 > 34:49]
SOAP:  15%|█▌        | 3898/25193 [3:09:30 > 34:50]
SOAP:  15%|█▌        | 3899/25193 [3:09:40 > 34:50]
SOAP:  15%|█▌        | 3900/25193 [3:09:58 > 34:51]
SOAP:  15%|█▌        | 3901/25193 [3:10:24 > 34:51]
SOAP:  15%|█▌        | 3902/25193 [3:10:31 > 34:52]
SOAP:  15%|█▌        | 3903/25193 [3:10:14 > 34:52]
SOAP:  15%|█▌        | 3904/25193 [3:09:42 > 34:53]
SOAP:  16%|█▌        | 3905/25193 [3:12:28 > 34:54]
SOAP:  16%|█▌        | 3906/25193 [3:09:34 > 34:54]
SOAP:  16%|█▌        | 3907/25193 [3:09:32 > 34:55]
SOAP:  16%|█▌        | 3908/25193 [3:09:52 > 34:55]
SOAP:  16%|█▌        | 3909/25193 [3:12:28 > 34:56]
SOAP:  16%|█▌        | 3910/25193 [3:09:05 > 34:56]
SOAP:  16%|█▌        | 3911/25193 [3:09:22 > 34:57]
SOAP:  16%|█▌        | 3912/25193 [3:09:40 > 34:57]
SOAP:  16%|█▌        | 3913/25193 [3:09:32 > 34:58]
SOAP:  16%|█▌        | 3914/25193 [3:09:56 > 34:58]
SOAP:  16%|█▌        | 3915/25193 [3:09:49 > 34:59]
SOAP:  16%|█▌        | 3916/25193 [3:09:19 > 34:59]
SOAP:  16%|█▌        | 3917/25193 [3:09:33 > 35:00]
SOAP:  16%|█▌        | 3918/25193 [3:09:45 > 35:01]
SOAP:  16%|█▌        | 3919/25193 [3:09:35 > 35:01]
SOAP:  16%|█▌        | 3920/25193 [3:09:32 > 35:02]
SOAP:  16%|█▌        | 3921/25193 [3:09:36 > 35:02]
SOAP:  16%|█▌        | 3922/25193 [3:09:49 > 35:03]
SOAP:  16%|█▌        | 3923/25193 [3:09:47 > 35:03]
SOAP:  16%|█▌        | 3924/25193 [3:10:07 > 35:04]
SOAP:  16%|█▌        | 3925/25193 [3:10:04 > 35:04]
SOAP:  16%|█▌        | 3926/25193 [3:09:37 > 35:05]
SOAP:  16%|█▌        | 3927/25193 [3:12:24 > 35:05]
SOAP:  16%|█▌        | 3928/25193 [3:09:26 > 35:06]
SOAP:  16%|█▌        | 3929/25193 [3:09:17 > 35:06]
SOAP:  16%|█▌        | 3930/25193 [3:09:30 > 35:07]
SOAP:  16%|█▌        | 3931/25193 [3:09:29 > 35:07]
SOAP:  16%|█▌        | 3932/25193 [3:09:13 > 35:08]
SOAP:  16%|█▌        | 3933/25193 [3:09:27 > 35:09]
SOAP:  16%|█▌        | 3934/25193 [3:09:30 > 35:09]
SOAP:  16%|█▌        | 3935/25193 [3:09:07 > 35:10]
SOAP:  16%|█▌        | 3936/25193 [3:09:16 > 35:10]
SOAP:  16%|█▌        | 3937/25193 [3:09:27 > 35:11]
SOAP:  16%|█▌        | 3938/25193 [3:09:21 > 35:11]
SOAP:  16%|█▌        | 3939/25193 [3:09:43 > 35:12]
SOAP:  16%|█▌        | 3940/25193 [3:09:41 > 35:12]
SOAP:  16%|█▌        | 3941/25193 [3:09:20 > 35:13]
SOAP:  16%|█▌        | 3942/25193 [3:09:38 > 35:13]
SOAP:  16%|█▌        | 3943/25193 [3:09:44 > 35:14]
SOAP:  16%|█▌        | 3944/25193 [3:09:21 > 35:14]
SOAP:  16%|█▌        | 3945/25193 [3:09:22 > 35:15]
SOAP:  16%|█▌        | 3946/25193 [3:09:24 > 35:16]
SOAP:  16%|█▌        | 3947/25193 [3:09:23 > 35:16]
SOAP:  16%|█▌        | 3948/25193 [3:09:30 > 35:17]
SOAP:  16%|█▌        | 3949/25193 [3:12:27 > 35:17]
SOAP:  16%|█▌        | 3950/25193 [3:11:56 > 35:18]
SOAP:  16%|█▌        | 3951/25193 [3:11:25 > 35:18]
SOAP:  16%|█▌        | 3952/25193 [3:08:47 > 35:19]
SOAP:  16%|█▌        | 3953/25193 [3:08:58 > 35:19]
SOAP:  16%|█▌        | 3954/25193 [3:11:34 > 35:20]
SOAP:  16%|█▌        | 3955/25193 [3:11:27 > 35:20]
SOAP:  16%|█▌        | 3956/25193 [3:11:46 > 35:21]
SOAP:  16%|█▌        | 3957/25193 [3:10:22 > 35:21]
SOAP:  16%|█▌        | 3958/25193 [3:11:42 > 35:22]
SOAP:  16%|█▌        | 3959/25193 [3:11:45 > 35:23]
SOAP:  16%|█▌        | 3960/25193 [3:11:47 > 35:23]
SOAP:  16%|█▌        | 3961/25193 [3:11:30 > 35:24]
SOAP:  16%|█▌        | 3962/25193 [3:10:37 > 35:24]
SOAP:  16%|█▌        | 3963/25193 [3:10:44 > 35:25]
SOAP:  16%|█▌        | 3964/25193 [3:10:55 > 35:25]
SOAP:  16%|█▌        | 3965/25193 [3:10:57 > 35:26]
SOAP:  16%|█▌        | 3966/25193 [3:07:58 > 35:26]
SOAP:  16%|█▌        | 3967/25193 [3:11:16 > 35:27]
SOAP:  16%|█▌        | 3968/25193 [3:11:11 > 35:27]
SOAP:  16%|█▌        | 3969/25193 [3:10:47 > 35:28]
SOAP:  16%|█▌        | 3970/25193 [3:11:15 > 35:28]
SOAP:  16%|█▌        | 3971/25193 [3:08:43 > 35:29]
SOAP:  16%|█▌        | 3972/25193 [3:11:18 > 35:30]
SOAP:  16%|█▌        | 3973/25193 [3:11:05 > 35:30]
SOAP:  16%|█▌        | 3974/25193 [3:11:08 > 35:31]
SOAP:  16%|█▌        | 3975/25193 [3:10:43 > 35:31]
SOAP:  16%|█▌        | 3976/25193 [3:11:05 > 35:32]
SOAP:  16%|█▌        | 3977/25193 [3:08:13 > 35:32]
SOAP:  16%|█▌        | 3978/25193 [3:11:11 > 35:33]
SOAP:  16%|█▌        | 3979/25193 [3:11:14 > 35:33]
SOAP:  16%|█▌        | 3980/25193 [3:11:12 > 35:34]
SOAP:  16%|█▌        | 3981/25193 [3:11:10 > 35:34]
SOAP:  16%|█▌        | 3982/25193 [3:11:12 > 35:35]
SOAP:  16%|█▌        | 3983/25193 [3:08:28 > 35:35]
SOAP:  16%|█▌        | 3984/25193 [3:11:08 > 35:36]
SOAP:  16%|█▌        | 3985/25193 [3:09:48 > 35:37]
SOAP:  16%|█▌        | 3986/25193 [3:12:12 > 35:37]
SOAP:  16%|█▌        | 3987/25193 [3:11:47 > 35:38]
SOAP:  16%|█▌        | 3988/25193 [3:08:33 > 35:38]
SOAP:  16%|█▌        | 3989/25193 [3:08:54 > 35:39]
SOAP:  16%|█▌        | 3990/25193 [3:11:13 > 35:39]
SOAP:  16%|█▌        | 3991/25193 [3:10:52 > 35:40]
SOAP:  16%|█▌        | 3992/25193 [3:08:16 > 35:40]
SOAP:  16%|█▌        | 3993/25193 [3:11:18 > 35:41]
SOAP:  16%|█▌        | 3994/25193 [3:10:56 > 35:41]
SOAP:  16%|█▌        | 3995/25193 [3:10:53 > 35:42]
SOAP:  16%|█▌        | 3996/25193 [3:08:41 > 35:42]
SOAP:  16%|█▌        | 3997/25193 [3:11:10 > 35:43]
SOAP:  16%|█▌        | 3998/25193 [3:11:05 > 35:44]
SOAP:  16%|█▌        | 3999/25193 [3:11:08 > 35:44]
SOAP:  16%|█▌        | 4000/25193 [3:10:37 > 35:45]
SOAP:  16%|█▌        | 4001/25193 [3:12:38 > 35:45]
SOAP:  16%|█▌        | 4002/25193 [3:11:13 > 35:46]
SOAP:  16%|█▌        | 4003/25193 [3:11:07 > 35:46]
SOAP:  16%|█▌        | 4004/25193 [3:11:03 > 35:47]
SOAP:  16%|█▌        | 4005/25193 [3:11:05 > 35:47]
SOAP:  16%|█▌        | 4006/25193 [3:07:41 > 35:48]
SOAP:  16%|█▌        | 4007/25193 [3:10:55 > 35:48]
SOAP:  16%|█▌        | 4008/25193 [3:11:06 > 35:49]
SOAP:  16%|█▌        | 4009/25193 [3:07:38 > 35:49]
SOAP:  16%|█▌        | 4010/25193 [3:10:48 > 35:50]
SOAP:  16%|█▌        | 4011/25193 [3:10:54 > 35:51]
SOAP:  16%|█▌        | 4012/25193 [3:09:56 > 35:51]
SOAP:  16%|█▌        | 4013/25193 [3:11:09 > 35:52]
SOAP:  16%|█▌        | 4014/25193 [3:11:27 > 35:52]
SOAP:  16%|█▌        | 4015/25193 [3:11:16 > 35:53]
SOAP:  16%|█▌        | 4016/25193 [3:10:52 > 35:53]
SOAP:  16%|█▌        | 4017/25193 [3:10:56 > 35:54]
SOAP:  16%|█▌        | 4018/25193 [3:10:48 > 35:54]
SOAP:  16%|█▌        | 4019/25193 [3:10:32 > 35:55]
SOAP:  16%|█▌        | 4020/25193 [3:07:56 > 35:55]
SOAP:  16%|█▌        | 4021/25193 [3:11:05 > 35:56]
SOAP:  16%|█▌        | 4022/25193 [3:10:49 > 35:57]
SOAP:  16%|█▌        | 4023/25193 [3:10:52 > 35:57]
SOAP:  16%|█▌        | 4024/25193 [3:10:58 > 35:58]
SOAP:  16%|█▌        | 4025/25193 [3:09:40 > 35:58]
SOAP:  16%|█▌        | 4026/25193 [3:08:22 > 35:59]
SOAP:  16%|█▌        | 4027/25193 [3:09:03 > 35:59]
SOAP:  16%|█▌        | 4028/25193 [3:08:20 > 36:00]
SOAP:  16%|█▌        | 4029/25193 [3:11:11 > 36:00]
SOAP:  16%|█▌        | 4030/25193 [3:11:10 > 36:01]
SOAP:  16%|█▌        | 4031/25193 [3:10:35 > 36:01]
SOAP:  16%|█▌        | 4032/25193 [3:10:46 > 36:02]
SOAP:  16%|█▌        | 4033/25193 [3:10:32 > 36:02]
SOAP:  16%|█▌        | 4034/25193 [3:10:20 > 36:03]
SOAP:  16%|█▌        | 4035/25193 [3:10:45 > 36:04]
SOAP:  16%|█▌        | 4036/25193 [3:07:59 > 36:04]
SOAP:  16%|█▌        | 4037/25193 [3:10:36 > 36:05]
SOAP:  16%|█▌        | 4038/25193 [3:10:53 > 36:05]
SOAP:  16%|█▌        | 4039/25193 [3:11:11 > 36:06]
SOAP:  16%|█▌        | 4040/25193 [3:07:21 > 36:06]
SOAP:  16%|█▌        | 4041/25193 [3:09:24 > 36:07]
SOAP:  16%|█▌        | 4042/25193 [3:10:43 > 36:07]
SOAP:  16%|█▌        | 4043/25193 [3:10:10 > 36:08]
SOAP:  16%|█▌        | 4044/25193 [3:10:40 > 36:08]
SOAP:  16%|█▌        | 4045/25193 [3:08:07 > 36:09]
SOAP:  16%|█▌        | 4046/25193 [3:08:18 > 36:09]
SOAP:  16%|█▌        | 4047/25193 [3:11:02 > 36:10]
SOAP:  16%|█▌        | 4048/25193 [3:11:10 > 36:11]
SOAP:  16%|█▌        | 4049/25193 [3:10:36 > 36:11]
SOAP:  16%|█▌        | 4050/25193 [3:09:59 > 36:12]
SOAP:  16%|█▌        | 4051/25193 [3:10:20 > 36:12]
SOAP:  16%|█▌        | 4052/25193 [3:10:23 > 36:13]
SOAP:  16%|█▌        | 4053/25193 [3:10:03 > 36:13]
SOAP:  16%|█▌        | 4054/25193 [3:10:20 > 36:14]
SOAP:  16%|█▌        | 4055/25193 [3:10:15 > 36:14]
SOAP:  16%|█▌        | 4056/25193 [3:10:22 > 36:15]
SOAP:  16%|█▌        | 4057/25193 [3:10:27 > 36:15]
SOAP:  16%|█▌        | 4058/25193 [3:10:32 > 36:16]
SOAP:  16%|█▌        | 4059/25193 [3:07:24 > 36:16]
SOAP:  16%|█▌        | 4060/25193 [3:10:24 > 36:17]
SOAP:  16%|█▌        | 4061/25193 [3:10:22 > 36:18]
SOAP:  16%|█▌        | 4062/25193 [3:09:58 > 36:18]
SOAP:  16%|█▌        | 4063/25193 [3:09:54 > 36:19]
SOAP:  16%|█▌        | 4064/25193 [3:07:15 > 36:19]
SOAP:  16%|█▌        | 4065/25193 [3:09:59 > 36:20]
SOAP:  16%|█▌        | 4066/25193 [3:07:11 > 36:20]
SOAP:  16%|█▌        | 4067/25193 [3:10:11 > 36:21]
SOAP:  16%|█▌        | 4068/25193 [3:10:09 > 36:21]
SOAP:  16%|█▌        | 4069/25193 [3:10:34 > 36:22]
SOAP:  16%|█▌        | 4070/25193 [3:10:12 > 36:22]
SOAP:  16%|█▌        | 4071/25193 [3:10:03 > 36:23]
SOAP:  16%|█▌        | 4072/25193 [3:10:09 > 36:23]
SOAP:  16%|█▌        | 4073/25193 [3:10:10 > 36:24]
SOAP:  16%|█▌        | 4074/25193 [3:09:49 > 36:25]
SOAP:  16%|█▌        | 4075/25193 [3:07:24 > 36:25]
SOAP:  16%|█▌        | 4076/25193 [3:10:21 > 36:26]
SOAP:  16%|█▌        | 4077/25193 [3:10:23 > 36:26]
SOAP:  16%|█▌        | 4078/25193 [3:07:42 > 36:27]
SOAP:  16%|█▌        | 4079/25193 [3:10:53 > 36:27]
SOAP:  16%|█▌        | 4080/25193 [3:10:34 > 36:28]
SOAP:  16%|█▌        | 4081/25193 [3:07:47 > 36:28]
SOAP:  16%|█▌        | 4082/25193 [3:10:19 > 36:29]
SOAP:  16%|█▌        | 4083/25193 [3:10:14 > 36:29]
SOAP:  16%|█▌        | 4084/25193 [3:10:06 > 36:30]
SOAP:  16%|█▌        | 4085/25193 [3:10:15 > 36:30]
SOAP:  16%|█▌        | 4086/25193 [3:10:05 > 36:31]
SOAP:  16%|█▌        | 4087/25193 [3:07:50 > 36:32]
SOAP:  16%|█▌        | 4088/25193 [3:07:50 > 36:32]
SOAP:  16%|█▌        | 4089/25193 [3:07:56 > 36:33]
SOAP:  16%|█▌        | 4090/25193 [3:10:34 > 36:33]
SOAP:  16%|█▌        | 4091/25193 [3:07:56 > 36:34]
SOAP:  16%|█▌        | 4092/25193 [3:10:37 > 36:34]
SOAP:  16%|█▌        | 4093/25193 [3:10:01 > 36:35]
SOAP:  16%|█▋        | 4094/25193 [3:10:15 > 36:35]
SOAP:  16%|█▋        | 4095/25193 [3:09:43 > 36:36]
SOAP:  16%|█▋        | 4096/25193 [3:09:31 > 36:36]
SOAP:  16%|█▋        | 4097/25193 [3:09:48 > 36:37]
SOAP:  16%|█▋        | 4098/25193 [3:09:45 > 36:37]
SOAP:  16%|█▋        | 4099/25193 [3:09:34 > 36:38]
SOAP:  16%|█▋        | 4100/25193 [3:09:57 > 36:39]
SOAP:  16%|█▋        | 4101/25193 [3:11:27 > 36:39]
SOAP:  16%|█▋        | 4102/25193 [3:10:05 > 36:40]
SOAP:  16%|█▋        | 4103/25193 [3:10:38 > 36:40]
SOAP:  16%|█▋        | 4104/25193 [3:09:58 > 36:41]
SOAP:  16%|█▋        | 4105/25193 [3:09:46 > 36:41]
SOAP:  16%|█▋        | 4106/25193 [3:09:55 > 36:42]
SOAP:  16%|█▋        | 4107/25193 [3:09:47 > 36:42]
SOAP:  16%|█▋        | 4108/25193 [3:09:49 > 36:43]
SOAP:  16%|█▋        | 4109/25193 [3:09:51 > 36:43]
SOAP:  16%|█▋        | 4110/25193 [3:10:10 > 36:44]
SOAP:  16%|█▋        | 4111/25193 [3:09:40 > 36:45]
SOAP:  16%|█▋        | 4112/25193 [3:09:56 > 36:45]
SOAP:  16%|█▋        | 4113/25193 [3:09:57 > 36:46]
SOAP:  16%|█▋        | 4114/25193 [3:09:52 > 36:46]
SOAP:  16%|█▋        | 4115/25193 [3:09:38 > 36:47]
SOAP:  16%|█▋        | 4116/25193 [3:09:41 > 36:47]
SOAP:  16%|█▋        | 4117/25193 [3:09:28 > 36:48]
SOAP:  16%|█▋        | 4118/25193 [3:09:23 > 36:48]
SOAP:  16%|█▋        | 4119/25193 [3:09:32 > 36:49]
SOAP:  16%|█▋        | 4120/25193 [3:08:30 > 36:49]
SOAP:  16%|█▋        | 4121/25193 [3:07:38 > 36:50]
SOAP:  16%|█▋        | 4122/25193 [3:10:25 > 36:50]
SOAP:  16%|█▋        | 4123/25193 [3:10:06 > 36:51]
SOAP:  16%|█▋        | 4124/25193 [3:09:53 > 36:52]
SOAP:  16%|█▋        | 4125/25193 [3:07:15 > 36:52]
SOAP:  16%|█▋        | 4126/25193 [3:09:48 > 36:53]
SOAP:  16%|█▋        | 4127/25193 [3:09:36 > 36:53]
SOAP:  16%|█▋        | 4128/25193 [3:07:20 > 36:54]
SOAP:  16%|█▋        | 4129/25193 [3:09:44 > 36:54]
SOAP:  16%|█▋        | 4130/25193 [3:09:44 > 36:55]
SOAP:  16%|█▋        | 4131/25193 [3:06:54 > 36:55]
SOAP:  16%|█▋        | 4132/25193 [3:07:00 > 36:56]
SOAP:  16%|█▋        | 4133/25193 [3:09:45 > 36:56]
SOAP:  16%|█▋        | 4134/25193 [3:07:24 > 36:57]
SOAP:  16%|█▋        | 4135/25193 [3:10:01 > 36:57]
SOAP:  16%|█▋        | 4136/25193 [3:09:49 > 36:58]
SOAP:  16%|█▋        | 4137/25193 [3:10:02 > 36:59]
SOAP:  16%|█▋        | 4138/25193 [3:09:32 > 36:59]
SOAP:  16%|█▋        | 4139/25193 [3:09:23 > 37:00]
SOAP:  16%|█▋        | 4140/25193 [3:09:34 > 37:00]
SOAP:  16%|█▋        | 4141/25193 [3:09:09 > 37:01]
SOAP:  16%|█▋        | 4142/25193 [3:09:18 > 37:01]
SOAP:  16%|█▋        | 4143/25193 [3:09:18 > 37:02]
SOAP:  16%|█▋        | 4144/25193 [3:09:22 > 37:02]
SOAP:  16%|█▋        | 4145/25193 [3:09:36 > 37:03]
SOAP:  16%|█▋        | 4146/25193 [3:09:21 > 37:03]
SOAP:  16%|█▋        | 4147/25193 [3:09:31 > 37:04]
SOAP:  16%|█▋        | 4148/25193 [3:09:30 > 37:04]
SOAP:  16%|█▋        | 4149/25193 [3:09:18 > 37:05]
SOAP:  16%|█▋        | 4150/25193 [3:09:17 > 37:06]
SOAP:  16%|█▋        | 4151/25193 [3:09:27 > 37:06]
SOAP:  16%|█▋        | 4152/25193 [3:09:13 > 37:07]
SOAP:  16%|█▋        | 4153/25193 [3:06:45 > 37:07]
SOAP:  16%|█▋        | 4154/25193 [3:09:46 > 37:08]
SOAP:  16%|█▋        | 4155/25193 [3:09:49 > 37:08]
SOAP:  16%|█▋        | 4156/25193 [3:09:51 > 37:09]
SOAP:  17%|█▋        | 4157/25193 [3:09:25 > 37:09]
SOAP:  17%|█▋        | 4158/25193 [3:09:09 > 37:10]
SOAP:  17%|█▋        | 4159/25193 [3:09:18 > 37:10]
SOAP:  17%|█▋        | 4160/25193 [3:09:15 > 37:11]
SOAP:  17%|█▋        | 4161/25193 [3:06:21 > 37:11]
SOAP:  17%|█▋        | 4162/25193 [3:09:35 > 37:12]
SOAP:  17%|█▋        | 4163/25193 [3:09:18 > 37:13]
SOAP:  17%|█▋        | 4164/25193 [3:08:51 > 37:13]
SOAP:  17%|█▋        | 4165/25193 [3:09:17 > 37:14]
SOAP:  17%|█▋        | 4166/25193 [3:09:22 > 37:14]
SOAP:  17%|█▋        | 4167/25193 [3:09:10 > 37:15]
SOAP:  17%|█▋        | 4168/25193 [3:09:12 > 37:15]
SOAP:  17%|█▋        | 4169/25193 [3:09:08 > 37:16]
SOAP:  17%|█▋        | 4170/25193 [3:08:51 > 37:16]
SOAP:  17%|█▋        | 4171/25193 [3:06:14 > 37:17]
SOAP:  17%|█▋        | 4172/25193 [3:09:12 > 37:17]
SOAP:  17%|█▋        | 4173/25193 [3:08:57 > 37:18]
SOAP:  17%|█▋        | 4174/25193 [3:09:21 > 37:18]
SOAP:  17%|█▋        | 4175/25193 [3:08:54 > 37:19]
SOAP:  17%|█▋        | 4176/25193 [3:06:17 > 37:20]
SOAP:  17%|█▋        | 4177/25193 [3:09:33 > 37:20]
SOAP:  17%|█▋        | 4178/25193 [3:09:37 > 37:21]
SOAP:  17%|█▋        | 4179/25193 [3:09:21 > 37:21]
SOAP:  17%|█▋        | 4180/25193 [3:09:21 > 37:22]
SOAP:  17%|█▋        | 4181/25193 [3:09:02 > 37:22]
SOAP:  17%|█▋        | 4182/25193 [3:09:03 > 37:23]
SOAP:  17%|█▋        | 4183/25193 [3:08:51 > 37:23]
SOAP:  17%|█▋        | 4184/25193 [3:09:09 > 37:24]
SOAP:  17%|█▋        | 4185/25193 [3:09:06 > 37:24]
SOAP:  17%|█▋        | 4186/25193 [3:08:43 > 37:25]
SOAP:  17%|█▋        | 4187/25193 [3:09:04 > 37:25]
SOAP:  17%|█▋        | 4188/25193 [3:08:42 > 37:26]
SOAP:  17%|█▋        | 4189/25193 [3:05:42 > 37:27]
SOAP:  17%|█▋        | 4190/25193 [3:08:58 > 37:27]
SOAP:  17%|█▋        | 4191/25193 [3:09:01 > 37:28]
SOAP:  17%|█▋        | 4192/25193 [3:08:38 > 37:28]
SOAP:  17%|█▋        | 4193/25193 [3:08:56 > 37:29]
SOAP:  17%|█▋        | 4194/25193 [3:08:44 > 37:29]
SOAP:  17%|█▋        | 4195/25193 [3:08:18 > 37:30]
SOAP:  17%|█▋        | 4196/25193 [3:05:53 > 37:30]
SOAP:  17%|█▋        | 4197/25193 [3:06:03 > 37:31]
SOAP:  17%|█▋        | 4198/25193 [3:08:45 > 37:31]
SOAP:  17%|█▋        | 4199/25193 [3:09:03 > 37:32]
SOAP:  17%|█▋        | 4200/25193 [3:08:57 > 37:32]
SOAP:  17%|█▋        | 4201/25193 [3:10:26 > 37:33]
SOAP:  17%|█▋        | 4202/25193 [3:09:06 > 37:34]
SOAP:  17%|█▋        | 4203/25193 [3:09:10 > 37:34]
SOAP:  17%|█▋        | 4204/25193 [3:08:48 > 37:35]
SOAP:  17%|█▋        | 4205/25193 [3:08:27 > 37:35]
SOAP:  17%|█▋        | 4206/25193 [3:05:56 > 37:36]
SOAP:  17%|█▋        | 4207/25193 [3:08:35 > 37:36]
SOAP:  17%|█▋        | 4208/25193 [3:08:57 > 37:37]
SOAP:  17%|█▋        | 4209/25193 [3:09:04 > 37:37]
SOAP:  17%|█▋        | 4210/25193 [3:09:08 > 37:38]
SOAP:  17%|█▋        | 4211/25193 [3:09:04 > 37:38]
SOAP:  17%|█▋        | 4212/25193 [3:08:52 > 37:39]
SOAP:  17%|█▋        | 4213/25193 [3:08:53 > 37:39]
SOAP:  17%|█▋        | 4214/25193 [3:08:48 > 37:40]
SOAP:  17%|█▋        | 4215/25193 [3:06:24 > 37:41]
SOAP:  17%|█▋        | 4216/25193 [3:09:16 > 37:41]
SOAP:  17%|█▋        | 4217/25193 [3:06:23 > 37:42]
SOAP:  17%|█▋        | 4218/25193 [3:09:30 > 37:42]
SOAP:  17%|█▋        | 4219/25193 [3:09:17 > 37:43]
SOAP:  17%|█▋        | 4220/25193 [3:08:56 > 37:43]
SOAP:  17%|█▋        | 4221/25193 [3:09:03 > 37:44]
SOAP:  17%|█▋        | 4222/25193 [3:08:54 > 37:44]
SOAP:  17%|█▋        | 4223/25193 [3:05:51 > 37:45]
SOAP:  17%|█▋        | 4224/25193 [3:08:42 > 37:45]
SOAP:  17%|█▋        | 4225/25193 [3:08:47 > 37:46]
SOAP:  17%|█▋        | 4226/25193 [3:08:22 > 37:46]
SOAP:  17%|█▋        | 4227/25193 [3:08:35 > 37:47]
SOAP:  17%|█▋        | 4228/25193 [3:08:36 > 37:48]
SOAP:  17%|█▋        | 4229/25193 [3:08:38 > 37:48]
SOAP:  17%|█▋        | 4230/25193 [3:07:59 > 37:49]
SOAP:  17%|█▋        | 4231/25193 [3:08:21 > 37:49]
SOAP:  17%|█▋        | 4232/25193 [3:08:30 > 37:50]
SOAP:  17%|█▋        | 4233/25193 [3:09:09 > 37:50]
SOAP:  17%|█▋        | 4234/25193 [3:08:54 > 37:51]
SOAP:  17%|█▋        | 4235/25193 [3:08:32 > 37:51]
SOAP:  17%|█▋        | 4236/25193 [3:08:30 > 37:52]
SOAP:  17%|█▋        | 4237/25193 [3:05:38 > 37:52]
SOAP:  17%|█▋        | 4238/25193 [3:05:40 > 37:53]
SOAP:  17%|█▋        | 4239/25193 [3:08:47 > 37:53]
SOAP:  17%|█▋        | 4240/25193 [3:08:51 > 37:54]
SOAP:  17%|█▋        | 4241/25193 [3:08:26 > 37:55]
SOAP:  17%|█▋        | 4242/25193 [3:08:47 > 37:55]
SOAP:  17%|█▋        | 4243/25193 [3:06:07 > 37:56]
SOAP:  17%|█▋        | 4244/25193 [3:06:15 > 37:56]
SOAP:  17%|█▋        | 4245/25193 [3:06:29 > 37:57]
SOAP:  17%|█▋        | 4246/25193 [3:06:44 > 37:57]
SOAP:  17%|█▋        | 4247/25193 [3:06:58 > 37:58]
SOAP:  17%|█▋        | 4248/25193 [3:06:38 > 37:58]
SOAP:  17%|█▋        | 4249/25193 [3:07:02 > 37:59]
SOAP:  17%|█▋        | 4250/25193 [3:07:03 > 37:59]
SOAP:  17%|█▋        | 4251/25193 [3:06:37 > 38:00]
SOAP:  17%|█▋        | 4252/25193 [3:06:55 > 38:00]
SOAP:  17%|█▋        | 4253/25193 [3:07:03 > 38:01]
SOAP:  17%|█▋        | 4254/25193 [3:06:46 > 38:02]
SOAP:  17%|█▋        | 4255/25193 [3:06:43 > 38:02]
SOAP:  17%|█▋        | 4256/25193 [3:06:42 > 38:03]
SOAP:  17%|█▋        | 4257/25193 [3:06:33 > 38:03]
SOAP:  17%|█▋        | 4258/25193 [3:09:00 > 38:04]
SOAP:  17%|█▋        | 4259/25193 [3:06:23 > 38:04]
SOAP:  17%|█▋        | 4260/25193 [3:06:11 > 38:05]
SOAP:  17%|█▋        | 4261/25193 [3:09:13 > 38:05]
SOAP:  17%|█▋        | 4262/25193 [3:06:10 > 38:06]
SOAP:  17%|█▋        | 4263/25193 [3:06:05 > 38:06]
SOAP:  17%|█▋        | 4264/25193 [3:06:12 > 38:07]
SOAP:  17%|█▋        | 4265/25193 [3:06:21 > 38:07]
SOAP:  17%|█▋        | 4266/25193 [3:06:01 > 38:08]
SOAP:  17%|█▋        | 4267/25193 [3:06:12 > 38:08]
SOAP:  17%|█▋        | 4268/25193 [3:06:37 > 38:09]
SOAP:  17%|█▋        | 4269/25193 [3:06:04 > 38:10]
SOAP:  17%|█▋        | 4270/25193 [3:06:08 > 38:10]
SOAP:  17%|█▋        | 4271/25193 [3:06:09 > 38:11]
SOAP:  17%|█▋        | 4272/25193 [3:06:16 > 38:11]
SOAP:  17%|█▋        | 4273/25193 [3:06:21 > 38:12]
SOAP:  17%|█▋        | 4274/25193 [3:06:29 > 38:12]
SOAP:  17%|█▋        | 4275/25193 [3:06:31 > 38:13]
SOAP:  17%|█▋        | 4276/25193 [3:06:10 > 38:13]
SOAP:  17%|█▋        | 4277/25193 [3:09:05 > 38:14]
SOAP:  17%|█▋        | 4278/25193 [3:06:00 > 38:14]
SOAP:  17%|█▋        | 4279/25193 [3:05:44 > 38:15]
SOAP:  17%|█▋        | 4280/25193 [3:05:54 > 38:15]
SOAP:  17%|█▋        | 4281/25193 [3:06:02 > 38:16]
SOAP:  17%|█▋        | 4282/25193 [3:05:54 > 38:16]
SOAP:  17%|█▋        | 4283/25193 [3:06:18 > 38:17]
SOAP:  17%|█▋        | 4284/25193 [3:06:13 > 38:18]
SOAP:  17%|█▋        | 4285/25193 [3:05:51 > 38:18]
SOAP:  17%|█▋        | 4286/25193 [3:06:10 > 38:19]
SOAP:  17%|█▋        | 4287/25193 [3:08:58 > 38:19]
SOAP:  17%|█▋        | 4288/25193 [3:05:41 > 38:20]
SOAP:  17%|█▋        | 4289/25193 [3:06:10 > 38:20]
SOAP:  17%|█▋        | 4290/25193 [3:07:59 > 38:21]
SOAP:  17%|█▋        | 4291/25193 [3:05:33 > 38:21]
SOAP:  17%|█▋        | 4292/25193 [3:06:04 > 38:22]
SOAP:  17%|█▋        | 4293/25193 [3:06:14 > 38:22]
SOAP:  17%|█▋        | 4294/25193 [3:06:06 > 38:23]
SOAP:  17%|█▋        | 4295/25193 [3:06:10 > 38:23]
SOAP:  17%|█▋        | 4296/25193 [3:06:20 > 38:24]
SOAP:  17%|█▋        | 4297/25193 [3:06:10 > 38:25]
SOAP:  17%|█▋        | 4298/25193 [3:06:16 > 38:25]
SOAP:  17%|█▋        | 4299/25193 [3:07:52 > 38:26]
SOAP:  17%|█▋        | 4300/25193 [3:05:42 > 38:26]
SOAP:  17%|█▋        | 4301/25193 [3:06:20 > 38:27]
SOAP:  17%|█▋        | 4302/25193 [3:06:42 > 38:27]
SOAP:  17%|█▋        | 4303/25193 [3:06:41 > 38:28]
SOAP:  17%|█▋        | 4304/25193 [3:06:28 > 38:28]
SOAP:  17%|█▋        | 4305/25193 [3:06:15 > 38:29]
SOAP:  17%|█▋        | 4306/25193 [3:06:08 > 38:29]
SOAP:  17%|█▋        | 4307/25193 [3:05:44 > 38:30]
SOAP:  17%|█▋        | 4308/25193 [3:05:45 > 38:30]
SOAP:  17%|█▋        | 4309/25193 [3:05:46 > 38:31]
SOAP:  17%|█▋        | 4310/25193 [3:05:40 > 38:31]
SOAP:  17%|█▋        | 4311/25193 [3:05:51 > 38:32]
SOAP:  17%|█▋        | 4312/25193 [3:06:14 > 38:33]
SOAP:  17%|█▋        | 4313/25193 [3:06:08 > 38:33]
SOAP:  17%|█▋        | 4314/25193 [3:06:27 > 38:34]
SOAP:  17%|█▋        | 4315/25193 [3:06:14 > 38:34]
SOAP:  17%|█▋        | 4316/25193 [3:07:20 > 38:35]
SOAP:  17%|█▋        | 4317/25193 [3:06:06 > 38:35]
SOAP:  17%|█▋        | 4318/25193 [3:05:52 > 38:36]
SOAP:  17%|█▋        | 4319/25193 [3:05:38 > 38:36]
SOAP:  17%|█▋        | 4320/25193 [3:05:41 > 38:37]
SOAP:  17%|█▋        | 4321/25193 [3:05:56 > 38:37]
SOAP:  17%|█▋        | 4322/25193 [3:05:44 > 38:38]
SOAP:  17%|█▋        | 4323/25193 [3:05:58 > 38:38]
SOAP:  17%|█▋        | 4324/25193 [3:07:26 > 38:39]
SOAP:  17%|█▋        | 4325/25193 [3:06:28 > 38:40]
SOAP:  17%|█▋        | 4326/25193 [3:06:03 > 38:40]
SOAP:  17%|█▋        | 4327/25193 [3:08:52 > 38:41]
SOAP:  17%|█▋        | 4328/25193 [3:06:04 > 38:41]
SOAP:  17%|█▋        | 4329/25193 [3:05:42 > 38:42]
SOAP:  17%|█▋        | 4330/25193 [3:05:42 > 38:42]
SOAP:  17%|█▋        | 4331/25193 [3:05:35 > 38:43]
SOAP:  17%|█▋        | 4332/25193 [3:05:28 > 38:43]
SOAP:  17%|█▋        | 4333/25193 [3:05:48 > 38:44]
SOAP:  17%|█▋        | 4334/25193 [3:06:02 > 38:44]
SOAP:  17%|█▋        | 4335/25193 [3:05:39 > 38:45]
SOAP:  17%|█▋        | 4336/25193 [3:05:51 > 38:45]
SOAP:  17%|█▋        | 4337/25193 [3:05:41 > 38:46]
SOAP:  17%|█▋        | 4338/25193 [3:05:27 > 38:46]
SOAP:  17%|█▋        | 4339/25193 [3:05:46 > 38:47]
SOAP:  17%|█▋        | 4340/25193 [3:05:32 > 38:48]
SOAP:  17%|█▋        | 4341/25193 [3:05:17 > 38:48]
SOAP:  17%|█▋        | 4342/25193 [3:05:30 > 38:49]
SOAP:  17%|█▋        | 4343/25193 [3:05:41 > 38:49]
SOAP:  17%|█▋        | 4344/25193 [3:05:26 > 38:50]
SOAP:  17%|█▋        | 4345/25193 [3:05:37 > 38:50]
SOAP:  17%|█▋        | 4346/25193 [3:05:37 > 38:51]
SOAP:  17%|█▋        | 4347/25193 [3:05:33 > 38:51]
SOAP:  17%|█▋        | 4348/25193 [3:05:45 > 38:52]
SOAP:  17%|█▋        | 4349/25193 [3:08:17 > 38:52]
SOAP:  17%|█▋        | 4350/25193 [3:05:12 > 38:53]
SOAP:  17%|█▋        | 4351/25193 [3:05:28 > 38:53]
SOAP:  17%|█▋        | 4352/25193 [3:05:47 > 38:54]
SOAP:  17%|█▋        | 4353/25193 [3:05:53 > 38:54]
SOAP:  17%|█▋        | 4354/25193 [3:05:50 > 38:55]
SOAP:  17%|█▋        | 4355/25193 [3:05:42 > 38:56]
SOAP:  17%|█▋        | 4356/25193 [3:08:33 > 38:56]
SOAP:  17%|█▋        | 4357/25193 [3:05:19 > 38:57]
SOAP:  17%|█▋        | 4358/25193 [3:07:53 > 38:57]
SOAP:  17%|█▋        | 4359/25193 [3:05:08 > 38:58]
SOAP:  17%|█▋        | 4360/25193 [3:05:15 > 38:58]
SOAP:  17%|█▋        | 4361/25193 [3:05:36 > 38:59]
SOAP:  17%|█▋        | 4362/25193 [3:05:56 > 38:59]
SOAP:  17%|█▋        | 4363/25193 [3:05:39 > 39:00]
SOAP:  17%|█▋        | 4364/25193 [3:05:53 > 39:00]
SOAP:  17%|█▋        | 4365/25193 [3:05:48 > 39:01]
SOAP:  17%|█▋        | 4366/25193 [3:05:19 > 39:01]
SOAP:  17%|█▋        | 4367/25193 [3:05:25 > 39:02]
SOAP:  17%|█▋        | 4368/25193 [3:05:17 > 39:03]
SOAP:  17%|█▋        | 4369/25193 [3:05:08 > 39:03]
SOAP:  17%|█▋        | 4370/25193 [3:05:13 > 39:04]
SOAP:  17%|█▋        | 4371/25193 [3:05:21 > 39:04]
SOAP:  17%|█▋        | 4372/25193 [3:07:49 > 39:05]
SOAP:  17%|█▋        | 4373/25193 [3:05:24 > 39:05]
SOAP:  17%|█▋        | 4374/25193 [3:05:29 > 39:06]
SOAP:  17%|█▋        | 4375/25193 [3:05:19 > 39:06]
SOAP:  17%|█▋        | 4376/25193 [3:05:24 > 39:07]
SOAP:  17%|█▋        | 4377/25193 [3:05:09 > 39:07]
SOAP:  17%|█▋        | 4378/25193 [3:05:21 > 39:08]
SOAP:  17%|█▋        | 4379/25193 [3:05:10 > 39:08]
SOAP:  17%|█▋        | 4380/25193 [3:05:23 > 39:09]
SOAP:  17%|█▋        | 4381/25193 [3:05:14 > 39:09]
SOAP:  17%|█▋        | 4382/25193 [3:04:58 > 39:10]
SOAP:  17%|█▋        | 4383/25193 [3:05:20 > 39:11]
SOAP:  17%|█▋        | 4384/25193 [3:05:12 > 39:11]
SOAP:  17%|█▋        | 4385/25193 [3:05:07 > 39:12]
SOAP:  17%|█▋        | 4386/25193 [3:05:05 > 39:12]
SOAP:  17%|█▋        | 4387/25193 [3:04:49 > 39:13]
SOAP:  17%|█▋        | 4388/25193 [3:04:49 > 39:13]
SOAP:  17%|█▋        | 4389/25193 [3:04:59 > 39:14]
SOAP:  17%|█▋        | 4390/25193 [3:04:44 > 39:14]
SOAP:  17%|█▋        | 4391/25193 [3:04:51 > 39:15]
SOAP:  17%|█▋        | 4392/25193 [3:05:13 > 39:15]
SOAP:  17%|█▋        | 4393/25193 [3:05:08 > 39:16]
SOAP:  17%|█▋        | 4394/25193 [3:05:02 > 39:16]
SOAP:  17%|█▋        | 4395/25193 [3:05:07 > 39:17]
SOAP:  17%|█▋        | 4396/25193 [3:06:48 > 39:17]
SOAP:  17%|█▋        | 4397/25193 [3:04:44 > 39:18]
SOAP:  17%|█▋        | 4398/25193 [3:05:05 > 39:19]
SOAP:  17%|█▋        | 4399/25193 [3:05:05 > 39:19]
SOAP:  17%|█▋        | 4400/25193 [3:05:49 > 39:20]
SOAP:  17%|█▋        | 4401/25193 [3:06:19 > 39:20]
SOAP:  17%|█▋        | 4402/25193 [3:07:45 > 39:21]
SOAP:  17%|█▋        | 4403/25193 [3:05:30 > 39:21]
SOAP:  17%|█▋        | 4404/25193 [3:05:24 > 39:22]
SOAP:  17%|█▋        | 4405/25193 [3:08:15 > 39:22]
SOAP:  17%|█▋        | 4406/25193 [3:05:03 > 39:23]
SOAP:  17%|█▋        | 4407/25193 [3:05:08 > 39:23]
SOAP:  17%|█▋        | 4408/25193 [3:05:21 > 39:24]
SOAP:  18%|█▊        | 4409/25193 [3:05:19 > 39:24]
SOAP:  18%|█▊        | 4410/25193 [3:05:09 > 39:25]
SOAP:  18%|█▊        | 4411/25193 [3:05:26 > 39:26]
SOAP:  18%|█▊        | 4412/25193 [3:05:00 > 39:26]
SOAP:  18%|█▊        | 4413/25193 [3:04:43 > 39:27]
SOAP:  18%|█▊        | 4414/25193 [3:05:02 > 39:27]
SOAP:  18%|█▊        | 4415/25193 [3:04:52 > 39:28]
SOAP:  18%|█▊        | 4416/25193 [3:04:53 > 39:28]
SOAP:  18%|█▊        | 4417/25193 [3:05:16 > 39:29]
SOAP:  18%|█▊        | 4418/25193 [3:05:04 > 39:29]
SOAP:  18%|█▊        | 4419/25193 [3:05:04 > 39:30]
SOAP:  18%|█▊        | 4420/25193 [3:05:09 > 39:30]
SOAP:  18%|█▊        | 4421/25193 [3:04:51 > 39:31]
SOAP:  18%|█▊        | 4422/25193 [3:05:01 > 39:31]
SOAP:  18%|█▊        | 4423/25193 [3:05:24 > 39:32]
SOAP:  18%|█▊        | 4424/25193 [3:05:11 > 39:32]
SOAP:  18%|█▊        | 4425/25193 [3:04:56 > 39:33]
SOAP:  18%|█▊        | 4426/25193 [3:04:56 > 39:34]
SOAP:  18%|█▊        | 4427/25193 [3:04:35 > 39:34]
SOAP:  18%|█▊        | 4428/25193 [3:04:32 > 39:35]
SOAP:  18%|█▊        | 4429/25193 [3:04:46 > 39:35]
SOAP:  18%|█▊        | 4430/25193 [3:04:44 > 39:36]
SOAP:  18%|█▊        | 4431/25193 [3:04:56 > 39:36]
SOAP:  18%|█▊        | 4432/25193 [3:04:44 > 39:37]
SOAP:  18%|█▊        | 4433/25193 [3:05:07 > 39:37]
SOAP:  18%|█▊        | 4434/25193 [3:05:07 > 39:38]
SOAP:  18%|█▊        | 4435/25193 [3:05:06 > 39:38]
SOAP:  18%|█▊        | 4436/25193 [3:05:09 > 39:39]
SOAP:  18%|█▊        | 4437/25193 [3:05:02 > 39:39]
SOAP:  18%|█▊        | 4438/25193 [3:04:56 > 39:40]
SOAP:  18%|█▊        | 4439/25193 [3:05:03 > 39:40]
SOAP:  18%|█▊        | 4440/25193 [3:04:55 > 39:41]
SOAP:  18%|█▊        | 4441/25193 [3:04:43 > 39:42]
SOAP:  18%|█▊        | 4442/25193 [3:05:11 > 39:42]
SOAP:  18%|█▊        | 4443/25193 [3:07:46 > 39:43]
SOAP:  18%|█▊        | 4444/25193 [3:04:50 > 39:43]
SOAP:  18%|█▊        | 4445/25193 [3:07:31 > 39:44]
SOAP:  18%|█▊        | 4446/25193 [3:04:40 > 39:44]
SOAP:  18%|█▊        | 4447/25193 [3:07:09 > 39:45]
SOAP:  18%|█▊        | 4448/25193 [3:04:31 > 39:45]
SOAP:  18%|█▊        | 4449/25193 [3:04:32 > 39:46]
SOAP:  18%|█▊        | 4450/25193 [3:04:27 > 39:46]
SOAP:  18%|█▊        | 4451/25193 [3:04:36 > 39:47]
SOAP:  18%|█▊        | 4452/25193 [3:04:45 > 39:47]
SOAP:  18%|█▊        | 4453/25193 [3:04:42 > 39:48]
SOAP:  18%|█▊        | 4454/25193 [3:04:46 > 39:49]
SOAP:  18%|█▊        | 4455/25193 [3:04:58 > 39:49]
SOAP:  18%|█▊        | 4456/25193 [3:06:24 > 39:50]
SOAP:  18%|█▊        | 4457/25193 [3:04:19 > 39:50]
SOAP:  18%|█▊        | 4458/25193 [3:07:04 > 39:51]
SOAP:  18%|█▊        | 4459/25193 [3:04:26 > 39:51]
SOAP:  18%|█▊        | 4460/25193 [3:04:18 > 39:52]
SOAP:  18%|█▊        | 4461/25193 [3:04:40 > 39:52]
SOAP:  18%|█▊        | 4462/25193 [3:04:41 > 39:53]
SOAP:  18%|█▊        | 4463/25193 [3:04:40 > 39:53]
SOAP:  18%|█▊        | 4464/25193 [3:05:00 > 39:54]
SOAP:  18%|█▊        | 4465/25193 [3:05:00 > 39:54]
SOAP:  18%|█▊        | 4466/25193 [3:07:29 > 39:55]
SOAP:  18%|█▊        | 4467/25193 [3:04:29 > 39:55]
SOAP:  18%|█▊        | 4468/25193 [3:04:26 > 39:56]
SOAP:  18%|█▊        | 4469/25193 [3:04:30 > 39:57]
SOAP:  18%|█▊        | 4470/25193 [3:04:45 > 39:57]
SOAP:  18%|█▊        | 4471/25193 [3:04:37 > 39:58]
SOAP:  18%|█▊        | 4472/25193 [3:04:23 > 39:58]
SOAP:  18%|█▊        | 4473/25193 [3:04:40 > 39:59]
SOAP:  18%|█▊        | 4474/25193 [3:04:48 > 39:59]
SOAP:  18%|█▊        | 4475/25193 [3:04:32 > 40:00]
SOAP:  18%|█▊        | 4476/25193 [3:04:44 > 40:00]
SOAP:  18%|█▊        | 4477/25193 [3:04:31 > 40:01]
SOAP:  18%|█▊        | 4478/25193 [3:04:05 > 40:01]
SOAP:  18%|█▊        | 4479/25193 [3:04:31 > 40:02]
SOAP:  18%|█▊        | 4480/25193 [3:04:27 > 40:02]
SOAP:  18%|█▊        | 4481/25193 [3:06:53 > 40:03]
SOAP:  18%|█▊        | 4482/25193 [3:04:05 > 40:04]
SOAP:  18%|█▊        | 4483/25193 [3:04:20 > 40:04]
SOAP:  18%|█▊        | 4484/25193 [3:04:38 > 40:05]
SOAP:  18%|█▊        | 4485/25193 [3:04:33 > 40:05]
SOAP:  18%|█▊        | 4486/25193 [3:04:41 > 40:06]
SOAP:  18%|█▊        | 4487/25193 [3:04:38 > 40:06]
SOAP:  18%|█▊        | 4488/25193 [3:04:09 > 40:07]
SOAP:  18%|█▊        | 4489/25193 [3:04:36 > 40:07]
SOAP:  18%|█▊        | 4490/25193 [3:04:35 > 40:08]
SOAP:  18%|█▊        | 4491/25193 [3:04:10 > 40:08]
SOAP:  18%|█▊        | 4492/25193 [3:04:16 > 40:09]
SOAP:  18%|█▊        | 4493/25193 [3:04:15 > 40:09]
SOAP:  18%|█▊        | 4494/25193 [3:04:12 > 40:10]
SOAP:  18%|█▊        | 4495/25193 [3:04:38 > 40:10]
SOAP:  18%|█▊        | 4496/25193 [3:04:49 > 40:11]
SOAP:  18%|█▊        | 4497/25193 [3:04:25 > 40:12]
SOAP:  18%|█▊        | 4498/25193 [3:04:37 > 40:12]
SOAP:  18%|█▊        | 4499/25193 [3:04:28 > 40:13]
SOAP:  18%|█▊        | 4500/25193 [3:04:00 > 40:13]
SOAP:  18%|█▊        | 4501/25193 [3:05:05 > 40:14]
SOAP:  18%|█▊        | 4502/25193 [3:05:18 > 40:14]
SOAP:  18%|█▊        | 4503/25193 [3:04:44 > 40:15]
SOAP:  18%|█▊        | 4504/25193 [3:04:47 > 40:15]
SOAP:  18%|█▊        | 4505/25193 [3:04:42 > 40:16]
SOAP:  18%|█▊        | 4506/25193 [3:04:30 > 40:16]
SOAP:  18%|█▊        | 4507/25193 [3:04:23 > 40:17]
SOAP:  18%|█▊        | 4508/25193 [3:04:18 > 40:17]
SOAP:  18%|█▊        | 4509/25193 [3:04:21 > 40:18]
SOAP:  18%|█▊        | 4510/25193 [3:04:24 > 40:18]
SOAP:  18%|█▊        | 4511/25193 [3:04:25 > 40:19]
SOAP:  18%|█▊        | 4512/25193 [3:04:24 > 40:20]
SOAP:  18%|█▊        | 4513/25193 [3:04:08 > 40:20]
SOAP:  18%|█▊        | 4514/25193 [3:06:52 > 40:21]
SOAP:  18%|█▊        | 4515/25193 [3:03:58 > 40:21]
SOAP:  18%|█▊        | 4516/25193 [3:03:50 > 40:22]
SOAP:  18%|█▊        | 4517/25193 [3:03:56 > 40:22]
SOAP:  18%|█▊        | 4518/25193 [3:03:52 > 40:23]
SOAP:  18%|█▊        | 4519/25193 [3:03:38 > 40:23]
SOAP:  18%|█▊        | 4520/25193 [3:03:49 > 40:24]
SOAP:  18%|█▊        | 4521/25193 [3:03:46 > 40:24]
SOAP:  18%|█▊        | 4522/25193 [3:03:44 > 40:25]
SOAP:  18%|█▊        | 4523/25193 [3:03:52 > 40:25]
SOAP:  18%|█▊        | 4524/25193 [3:06:17 > 40:26]
SOAP:  18%|█▊        | 4525/25193 [3:03:27 > 40:27]
SOAP:  18%|█▊        | 4526/25193 [3:03:58 > 40:27]
SOAP:  18%|█▊        | 4527/25193 [3:03:45 > 40:28]
SOAP:  18%|█▊        | 4528/25193 [3:03:32 > 40:28]
SOAP:  18%|█▊        | 4529/25193 [3:03:52 > 40:29]
SOAP:  18%|█▊        | 4530/25193 [3:03:58 > 40:29]
SOAP:  18%|█▊        | 4531/25193 [3:03:46 > 40:30]
SOAP:  18%|█▊        | 4532/25193 [3:04:01 > 40:30]
SOAP:  18%|█▊        | 4533/25193 [3:04:02 > 40:31]
SOAP:  18%|█▊        | 4534/25193 [3:04:09 > 40:31]
SOAP:  18%|█▊        | 4535/25193 [3:04:01 > 40:32]
SOAP:  18%|█▊        | 4536/25193 [3:06:46 > 40:32]
SOAP:  18%|█▊        | 4537/25193 [3:03:46 > 40:33]
SOAP:  18%|█▊        | 4538/25193 [3:03:30 > 40:33]
SOAP:  18%|█▊        | 4539/25193 [3:06:38 > 40:34]
SOAP:  18%|█▊        | 4540/25193 [3:03:21 > 40:35]
SOAP:  18%|█▊        | 4541/25193 [3:04:04 > 40:35]
SOAP:  18%|█▊        | 4542/25193 [3:06:41 > 40:36]
SOAP:  18%|█▊        | 4543/25193 [3:03:45 > 40:36]
SOAP:  18%|█▊        | 4544/25193 [3:03:43 > 40:37]
SOAP:  18%|█▊        | 4545/25193 [3:03:59 > 40:37]
SOAP:  18%|█▊        | 4546/25193 [3:06:43 > 40:38]
SOAP:  18%|█▊        | 4547/25193 [3:03:31 > 40:38]
SOAP:  18%|█▊        | 4548/25193 [3:03:39 > 40:39]
SOAP:  18%|█▊        | 4549/25193 [3:03:36 > 40:39]
SOAP:  18%|█▊        | 4550/25193 [3:06:12 > 40:40]
SOAP:  18%|█▊        | 4551/25193 [3:03:31 > 40:40]
SOAP:  18%|█▊        | 4552/25193 [3:03:46 > 40:41]
SOAP:  18%|█▊        | 4553/25193 [3:03:38 > 40:41]
SOAP:  18%|█▊        | 4554/25193 [3:03:55 > 40:42]
SOAP:  18%|█▊        | 4555/25193 [3:04:00 > 40:43]
SOAP:  18%|█▊        | 4556/25193 [3:04:02 > 40:43]
SOAP:  18%|█▊        | 4557/25193 [3:04:24 > 40:44]
SOAP:  18%|█▊        | 4558/25193 [3:04:16 > 40:44]
SOAP:  18%|█▊        | 4559/25193 [3:06:59 > 40:45]
SOAP:  18%|█▊        | 4560/25193 [3:03:40 > 40:45]
SOAP:  18%|█▊        | 4561/25193 [3:03:37 > 40:46]
SOAP:  18%|█▊        | 4562/25193 [3:03:48 > 40:46]
SOAP:  18%|█▊        | 4563/25193 [3:06:29 > 40:47]
SOAP:  18%|█▊        | 4564/25193 [3:06:06 > 40:47]
SOAP:  18%|█▊        | 4565/25193 [3:03:30 > 40:48]
SOAP:  18%|█▊        | 4566/25193 [3:03:34 > 40:48]
SOAP:  18%|█▊        | 4567/25193 [3:03:54 > 40:49]
SOAP:  18%|█▊        | 4568/25193 [3:03:55 > 40:50]
SOAP:  18%|█▊        | 4569/25193 [3:03:51 > 40:50]
SOAP:  18%|█▊        | 4570/25193 [3:06:32 > 40:51]
SOAP:  18%|█▊        | 4571/25193 [3:03:03 > 40:51]
SOAP:  18%|█▊        | 4572/25193 [3:05:35 > 40:52]
SOAP:  18%|█▊        | 4573/25193 [3:03:18 > 40:52]
SOAP:  18%|█▊        | 4574/25193 [3:03:17 > 40:53]
SOAP:  18%|█▊        | 4575/25193 [3:03:24 > 40:53]
SOAP:  18%|█▊        | 4576/25193 [3:03:57 > 40:54]
SOAP:  18%|█▊        | 4577/25193 [3:05:03 > 40:54]
SOAP:  18%|█▊        | 4578/25193 [3:03:39 > 40:55]
SOAP:  18%|█▊        | 4579/25193 [3:06:21 > 40:55]
SOAP:  18%|█▊        | 4580/25193 [3:05:44 > 40:56]
SOAP:  18%|█▊        | 4581/25193 [3:02:29 > 40:57]
SOAP:  18%|█▊        | 4582/25193 [3:05:26 > 40:57]
SOAP:  18%|█▊        | 4583/25193 [3:05:57 > 40:58]
SOAP:  18%|█▊        | 4584/25193 [3:03:04 > 40:58]
SOAP:  18%|█▊        | 4585/25193 [3:03:22 > 40:59]
SOAP:  18%|█▊        | 4586/25193 [3:03:23 > 40:59]
SOAP:  18%|█▊        | 4587/25193 [3:03:21 > 41:00]
SOAP:  18%|█▊        | 4588/25193 [3:03:42 > 41:00]
SOAP:  18%|█▊        | 4589/25193 [3:03:43 > 41:01]
SOAP:  18%|█▊        | 4590/25193 [3:03:40 > 41:01]
SOAP:  18%|█▊        | 4591/25193 [3:03:39 > 41:02]
SOAP:  18%|█▊        | 4592/25193 [3:03:50 > 41:02]
SOAP:  18%|█▊        | 4593/25193 [3:03:39 > 41:03]
SOAP:  18%|█▊        | 4594/25193 [3:03:24 > 41:03]
SOAP:  18%|█▊        | 4595/25193 [3:03:46 > 41:04]
SOAP:  18%|█▊        | 4596/25193 [3:03:38 > 41:05]
SOAP:  18%|█▊        | 4597/25193 [3:03:28 > 41:05]
SOAP:  18%|█▊        | 4598/25193 [3:03:38 > 41:06]
SOAP:  18%|█▊        | 4599/25193 [3:03:19 > 41:06]
SOAP:  18%|█▊        | 4600/25193 [3:03:13 > 41:07]
SOAP:  18%|█▊        | 4601/25193 [3:04:12 > 41:07]
SOAP:  18%|█▊        | 4602/25193 [3:03:57 > 41:08]
SOAP:  18%|█▊        | 4603/25193 [3:03:41 > 41:08]
SOAP:  18%|█▊        | 4604/25193 [3:03:51 > 41:09]
SOAP:  18%|█▊        | 4605/25193 [3:06:22 > 41:09]
SOAP:  18%|█▊        | 4606/25193 [3:06:13 > 41:10]
SOAP:  18%|█▊        | 4607/25193 [3:03:23 > 41:10]
SOAP:  18%|█▊        | 4608/25193 [3:03:15 > 41:11]
SOAP:  18%|█▊        | 4609/25193 [3:02:53 > 41:12]
SOAP:  18%|█▊        | 4610/25193 [3:03:02 > 41:12]
SOAP:  18%|█▊        | 4611/25193 [3:02:55 > 41:13]
SOAP:  18%|█▊        | 4612/25193 [3:02:54 > 41:13]
SOAP:  18%|█▊        | 4613/25193 [3:04:36 > 41:14]
SOAP:  18%|█▊        | 4614/25193 [3:03:23 > 41:14]
SOAP:  18%|█▊        | 4615/25193 [3:03:21 > 41:15]
SOAP:  18%|█▊        | 4616/25193 [3:03:30 > 41:15]
SOAP:  18%|█▊        | 4617/25193 [3:03:35 > 41:16]
SOAP:  18%|█▊        | 4618/25193 [3:03:36 > 41:16]
SOAP:  18%|█▊        | 4619/25193 [3:03:30 > 41:17]
SOAP:  18%|█▊        | 4620/25193 [3:03:28 > 41:17]
SOAP:  18%|█▊        | 4621/25193 [3:05:59 > 41:18]
SOAP:  18%|█▊        | 4622/25193 [3:02:57 > 41:18]
SOAP:  18%|█▊        | 4623/25193 [3:03:14 > 41:19]
SOAP:  18%|█▊        | 4624/25193 [3:03:10 > 41:20]
SOAP:  18%|█▊        | 4625/25193 [3:03:17 > 41:20]
SOAP:  18%|█▊        | 4626/25193 [3:03:25 > 41:21]
SOAP:  18%|█▊        | 4627/25193 [3:03:17 > 41:21]
SOAP:  18%|█▊        | 4628/25193 [3:03:06 > 41:22]
SOAP:  18%|█▊        | 4629/25193 [3:03:15 > 41:22]
SOAP:  18%|█▊        | 4630/25193 [3:03:02 > 41:23]
SOAP:  18%|█▊        | 4631/25193 [3:04:39 > 41:23]
SOAP:  18%|█▊        | 4632/25193 [3:02:49 > 41:24]
SOAP:  18%|█▊        | 4633/25193 [3:02:45 > 41:24]
SOAP:  18%|█▊        | 4634/25193 [3:02:46 > 41:25]
SOAP:  18%|█▊        | 4635/25193 [3:03:03 > 41:25]
SOAP:  18%|█▊        | 4636/25193 [3:02:59 > 41:26]
SOAP:  18%|█▊        | 4637/25193 [3:02:58 > 41:26]
SOAP:  18%|█▊        | 4638/25193 [3:03:24 > 41:27]
SOAP:  18%|█▊        | 4639/25193 [3:03:02 > 41:28]
SOAP:  18%|█▊        | 4640/25193 [3:02:55 > 41:28]
SOAP:  18%|█▊        | 4641/25193 [3:02:59 > 41:29]
SOAP:  18%|█▊        | 4642/25193 [3:02:54 > 41:29]
SOAP:  18%|█▊        | 4643/25193 [3:02:59 > 41:30]
SOAP:  18%|█▊        | 4644/25193 [3:03:04 > 41:30]
SOAP:  18%|█▊        | 4645/25193 [3:03:27 > 41:31]
SOAP:  18%|█▊        | 4646/25193 [3:03:30 > 41:31]
SOAP:  18%|█▊        | 4647/25193 [3:03:34 > 41:32]
SOAP:  18%|█▊        | 4648/25193 [3:03:35 > 41:32]
SOAP:  18%|█▊        | 4649/25193 [3:03:12 > 41:33]
SOAP:  18%|█▊        | 4650/25193 [3:03:16 > 41:33]
SOAP:  18%|█▊        | 4651/25193 [3:03:13 > 41:34]
SOAP:  18%|█▊        | 4652/25193 [3:03:05 > 41:35]
SOAP:  18%|█▊        | 4653/25193 [3:02:42 > 41:35]
SOAP:  18%|█▊        | 4654/25193 [3:03:04 > 41:36]
SOAP:  18%|█▊        | 4655/25193 [3:05:47 > 41:36]
SOAP:  18%|█▊        | 4656/25193 [3:02:52 > 41:37]
SOAP:  18%|█▊        | 4657/25193 [3:03:01 > 41:37]
SOAP:  18%|█▊        | 4658/25193 [3:02:56 > 41:38]
SOAP:  18%|█▊        | 4659/25193 [3:02:43 > 41:38]
SOAP:  18%|█▊        | 4660/25193 [3:05:16 > 41:39]
SOAP:  19%|█▊        | 4661/25193 [3:01:39 > 41:39]
SOAP:  19%|█▊        | 4662/25193 [3:01:49 > 41:40]
SOAP:  19%|█▊        | 4663/25193 [3:02:31 > 41:40]
SOAP:  19%|█▊        | 4664/25193 [3:02:42 > 41:41]
SOAP:  19%|█▊        | 4665/25193 [3:02:49 > 41:41]
SOAP:  19%|█▊        | 4666/25193 [3:03:04 > 41:42]
SOAP:  19%|█▊        | 4667/25193 [3:03:00 > 41:43]
SOAP:  19%|█▊        | 4668/25193 [3:03:04 > 41:43]
SOAP:  19%|█▊        | 4669/25193 [3:03:10 > 41:44]
SOAP:  19%|█▊        | 4670/25193 [3:04:44 > 41:44]
SOAP:  19%|█▊        | 4671/25193 [3:02:40 > 41:45]
SOAP:  19%|█▊        | 4672/25193 [3:02:45 > 41:45]
SOAP:  19%|█▊        | 4673/25193 [3:02:50 > 41:46]
SOAP:  19%|█▊        | 4674/25193 [3:03:00 > 41:46]
SOAP:  19%|█▊        | 4675/25193 [3:02:34 > 41:47]
SOAP:  19%|█▊        | 4676/25193 [3:02:53 > 41:47]
SOAP:  19%|█▊        | 4677/25193 [3:02:58 > 41:48]
SOAP:  19%|█▊        | 4678/25193 [3:02:52 > 41:48]
SOAP:  19%|█▊        | 4679/25193 [3:02:58 > 41:49]
SOAP:  19%|█▊        | 4680/25193 [3:02:37 > 41:49]
SOAP:  19%|█▊        | 4681/25193 [3:02:17 > 41:50]
SOAP:  19%|█▊        | 4682/25193 [3:02:28 > 41:51]
SOAP:  19%|█▊        | 4683/25193 [3:02:24 > 41:51]
SOAP:  19%|█▊        | 4684/25193 [3:02:08 > 41:52]
SOAP:  19%|█▊        | 4685/25193 [3:02:31 > 41:52]
SOAP:  19%|█▊        | 4686/25193 [3:02:29 > 41:53]
SOAP:  19%|█▊        | 4687/25193 [3:02:26 > 41:53]
SOAP:  19%|█▊        | 4688/25193 [3:05:20 > 41:54]
SOAP:  19%|█▊        | 4689/25193 [3:05:18 > 41:54]
SOAP:  19%|█▊        | 4690/25193 [3:04:42 > 41:55]
SOAP:  19%|█▊        | 4691/25193 [3:04:34 > 41:55]
SOAP:  19%|█▊        | 4692/25193 [3:04:30 > 41:56]
SOAP:  19%|█▊        | 4693/25193 [3:04:19 > 41:56]
SOAP:  19%|█▊        | 4694/25193 [3:04:24 > 41:57]
SOAP:  19%|█▊        | 4695/25193 [3:04:26 > 41:58]
SOAP:  19%|█▊        | 4696/25193 [3:04:21 > 41:58]
SOAP:  19%|█▊        | 4697/25193 [3:04:27 > 41:59]
SOAP:  19%|█▊        | 4698/25193 [3:04:12 > 41:59]
SOAP:  19%|█▊        | 4699/25193 [3:04:35 > 42:00]
SOAP:  19%|█▊        | 4700/25193 [3:01:51 > 42:00]
SOAP:  19%|█▊        | 4701/25193 [3:06:11 > 42:01]
SOAP:  19%|█▊        | 4702/25193 [3:05:07 > 42:01]
SOAP:  19%|█▊        | 4703/25193 [3:04:40 > 42:02]
SOAP:  19%|█▊        | 4704/25193 [3:03:43 > 42:02]
SOAP:  19%|█▊        | 4705/25193 [3:04:35 > 42:03]
SOAP:  19%|█▊        | 4706/25193 [3:01:35 > 42:03]
SOAP:  19%|█▊        | 4707/25193 [3:04:40 > 42:04]
SOAP:  19%|█▊        | 4708/25193 [3:04:27 > 42:05]
SOAP:  19%|█▊        | 4709/25193 [3:04:17 > 42:05]
SOAP:  19%|█▊        | 4710/25193 [3:04:26 > 42:06]
SOAP:  19%|█▊        | 4711/25193 [3:04:30 > 42:06]
SOAP:  19%|█▊        | 4712/25193 [3:04:21 > 42:07]
SOAP:  19%|█▊        | 4713/25193 [3:04:28 > 42:07]
SOAP:  19%|█▊        | 4714/25193 [3:04:03 > 42:08]
SOAP:  19%|█▊        | 4715/25193 [3:03:57 > 42:08]
SOAP:  19%|█▊        | 4716/25193 [3:04:08 > 42:09]
SOAP:  19%|█▊        | 4717/25193 [3:03:44 > 42:09]
SOAP:  19%|█▊        | 4718/25193 [3:03:47 > 42:10]
SOAP:  19%|█▊        | 4719/25193 [3:04:16 > 42:11]
SOAP:  19%|█▊        | 4720/25193 [3:04:23 > 42:11]
SOAP:  19%|█▊        | 4721/25193 [3:04:09 > 42:12]
SOAP:  19%|█▊        | 4722/25193 [3:04:25 > 42:12]
SOAP:  19%|█▊        | 4723/25193 [3:04:10 > 42:13]
SOAP:  19%|█▉        | 4724/25193 [3:03:58 > 42:13]
SOAP:  19%|█▉        | 4725/25193 [3:01:48 > 42:14]
SOAP:  19%|█▉        | 4726/25193 [3:01:17 > 42:14]
SOAP:  19%|█▉        | 4727/25193 [3:04:13 > 42:15]
SOAP:  19%|█▉        | 4728/25193 [3:03:58 > 42:15]
SOAP:  19%|█▉        | 4729/25193 [3:04:10 > 42:16]
SOAP:  19%|█▉        | 4730/25193 [3:05:06 > 42:16]
SOAP:  19%|█▉        | 4731/25193 [3:01:42 > 42:17]
SOAP:  19%|█▉        | 4732/25193 [3:04:38 > 42:18]
SOAP:  19%|█▉        | 4733/25193 [3:04:31 > 42:18]
SOAP:  19%|█▉        | 4734/25193 [3:04:31 > 42:19]
SOAP:  19%|█▉        | 4735/25193 [3:04:24 > 42:19]
SOAP:  19%|█▉        | 4736/25193 [3:04:17 > 42:20]
SOAP:  19%|█▉        | 4737/25193 [3:03:56 > 42:20]
SOAP:  19%|█▉        | 4738/25193 [3:04:23 > 42:21]
SOAP:  19%|█▉        | 4739/25193 [3:04:07 > 42:21]
SOAP:  19%|█▉        | 4740/25193 [3:04:02 > 42:22]
SOAP:  19%|█▉        | 4741/25193 [3:01:43 > 42:22]
SOAP:  19%|█▉        | 4742/25193 [3:04:25 > 42:23]
SOAP:  19%|█▉        | 4743/25193 [3:01:19 > 42:23]
SOAP:  19%|█▉        | 4744/25193 [3:04:15 > 42:24]
SOAP:  19%|█▉        | 4745/25193 [3:03:51 > 42:25]
SOAP:  19%|█▉        | 4746/25193 [3:03:59 > 42:25]
SOAP:  19%|█▉        | 4747/25193 [3:04:01 > 42:26]
SOAP:  19%|█▉        | 4748/25193 [3:04:02 > 42:26]
SOAP:  19%|█▉        | 4749/25193 [3:03:54 > 42:27]
SOAP:  19%|█▉        | 4750/25193 [3:04:03 > 42:27]
SOAP:  19%|█▉        | 4751/25193 [3:04:01 > 42:28]
SOAP:  19%|█▉        | 4752/25193 [3:03:56 > 42:28]
SOAP:  19%|█▉        | 4753/25193 [3:04:18 > 42:29]
SOAP:  19%|█▉        | 4754/25193 [3:04:07 > 42:29]
SOAP:  19%|█▉        | 4755/25193 [3:01:31 > 42:30]
SOAP:  19%|█▉        | 4756/25193 [3:04:16 > 42:30]
SOAP:  19%|█▉        | 4757/25193 [3:03:56 > 42:31]
SOAP:  19%|█▉        | 4758/25193 [3:03:51 > 42:32]
SOAP:  19%|█▉        | 4759/25193 [3:04:07 > 42:32]
SOAP:  19%|█▉        | 4760/25193 [3:03:43 > 42:33]
SOAP:  19%|█▉        | 4761/25193 [3:03:44 > 42:33]
SOAP:  19%|█▉        | 4762/25193 [3:03:37 > 42:34]
SOAP:  19%|█▉        | 4763/25193 [3:04:05 > 42:34]
SOAP:  19%|█▉        | 4764/25193 [3:04:00 > 42:35]
SOAP:  19%|█▉        | 4765/25193 [3:04:06 > 42:35]
SOAP:  19%|█▉        | 4766/25193 [3:04:24 > 42:36]
SOAP:  19%|█▉        | 4767/25193 [3:04:08 > 42:36]
SOAP:  19%|█▉        | 4768/25193 [3:04:14 > 42:37]
SOAP:  19%|█▉        | 4769/25193 [3:04:10 > 42:37]
SOAP:  19%|█▉        | 4770/25193 [3:04:15 > 42:38]
SOAP:  19%|█▉        | 4771/25193 [3:04:07 > 42:39]
SOAP:  19%|█▉        | 4772/25193 [3:03:59 > 42:39]
SOAP:  19%|█▉        | 4773/25193 [3:04:01 > 42:40]
SOAP:  19%|█▉        | 4774/25193 [3:02:47 > 42:40]
SOAP:  19%|█▉        | 4775/25193 [3:01:42 > 42:41]
SOAP:  19%|█▉        | 4776/25193 [3:04:08 > 42:41]
SOAP:  19%|█▉        | 4777/25193 [3:04:09 > 42:42]
SOAP:  19%|█▉        | 4778/25193 [3:04:05 > 42:42]
SOAP:  19%|█▉        | 4779/25193 [3:03:29 > 42:43]
SOAP:  19%|█▉        | 4780/25193 [3:03:26 > 42:43]
SOAP:  19%|█▉        | 4781/25193 [3:03:38 > 42:44]
SOAP:  19%|█▉        | 4782/25193 [3:03:22 > 42:45]
SOAP:  19%|█▉        | 4783/25193 [3:03:51 > 42:45]
SOAP:  19%|█▉        | 4784/25193 [3:04:06 > 42:46]
SOAP:  19%|█▉        | 4785/25193 [3:03:56 > 42:46]
SOAP:  19%|█▉        | 4786/25193 [3:03:38 > 42:47]
SOAP:  19%|█▉        | 4787/25193 [3:03:56 > 42:47]
SOAP:  19%|█▉        | 4788/25193 [3:03:31 > 42:48]
SOAP:  19%|█▉        | 4789/25193 [3:03:47 > 42:48]
SOAP:  19%|█▉        | 4790/25193 [3:03:22 > 42:49]
SOAP:  19%|█▉        | 4791/25193 [3:03:10 > 42:49]
SOAP:  19%|█▉        | 4792/25193 [3:03:08 > 42:50]
SOAP:  19%|█▉        | 4793/25193 [3:03:18 > 42:50]
SOAP:  19%|█▉        | 4794/25193 [3:03:10 > 42:51]
SOAP:  19%|█▉        | 4795/25193 [3:03:19 > 42:52]
SOAP:  19%|█▉        | 4796/25193 [3:03:37 > 42:52]
SOAP:  19%|█▉        | 4797/25193 [3:03:31 > 42:53]
SOAP:  19%|█▉        | 4798/25193 [3:00:57 > 42:53]
SOAP:  19%|█▉        | 4799/25193 [3:03:35 > 42:54]
SOAP:  19%|█▉        | 4800/25193 [3:02:40 > 42:54]
SOAP:  19%|█▉        | 4801/25193 [3:03:46 > 42:55]
SOAP:  19%|█▉        | 4802/25193 [3:04:48 > 42:55]
SOAP:  19%|█▉        | 4803/25193 [3:01:58 > 42:56]
SOAP:  19%|█▉        | 4804/25193 [3:03:14 > 42:56]
SOAP:  19%|█▉        | 4805/25193 [3:04:14 > 42:57]
SOAP:  19%|█▉        | 4806/25193 [3:03:59 > 42:57]
SOAP:  19%|█▉        | 4807/25193 [3:00:57 > 42:58]
SOAP:  19%|█▉        | 4808/25193 [3:03:33 > 42:59]
SOAP:  19%|█▉        | 4809/25193 [3:03:49 > 42:59]
SOAP:  19%|█▉        | 4810/25193 [3:03:27 > 43:00]
SOAP:  19%|█▉        | 4811/25193 [3:00:52 > 43:00]
SOAP:  19%|█▉        | 4812/25193 [3:03:44 > 43:01]
SOAP:  19%|█▉        | 4813/25193 [3:03:15 > 43:01]
SOAP:  19%|█▉        | 4814/25193 [3:03:17 > 43:02]
SOAP:  19%|█▉        | 4815/25193 [3:03:13 > 43:02]
SOAP:  19%|█▉        | 4816/25193 [3:03:00 > 43:03]
SOAP:  19%|█▉        | 4817/25193 [3:00:28 > 43:03]
SOAP:  19%|█▉        | 4818/25193 [3:03:32 > 43:04]
SOAP:  19%|█▉        | 4819/25193 [3:03:16 > 43:04]
SOAP:  19%|█▉        | 4820/25193 [3:03:22 > 43:05]
SOAP:  19%|█▉        | 4821/25193 [3:03:39 > 43:06]
SOAP:  19%|█▉        | 4822/25193 [3:03:01 > 43:06]
SOAP:  19%|█▉        | 4823/25193 [3:03:00 > 43:07]
SOAP:  19%|█▉        | 4824/25193 [3:03:17 > 43:07]
SOAP:  19%|█▉        | 4825/25193 [3:00:17 > 43:08]
SOAP:  19%|█▉        | 4826/25193 [3:03:22 > 43:08]
SOAP:  19%|█▉        | 4827/25193 [3:03:36 > 43:09]
SOAP:  19%|█▉        | 4828/25193 [3:03:11 > 43:09]
SOAP:  19%|█▉        | 4829/25193 [3:00:35 > 43:10]
SOAP:  19%|█▉        | 4830/25193 [3:03:53 > 43:10]
SOAP:  19%|█▉        | 4831/25193 [3:00:52 > 43:11]
SOAP:  19%|█▉        | 4832/25193 [3:03:21 > 43:11]
SOAP:  19%|█▉        | 4833/25193 [3:03:18 > 43:12]
SOAP:  19%|█▉        | 4834/25193 [3:03:08 > 43:13]
SOAP:  19%|█▉        | 4835/25193 [3:00:22 > 43:13]
SOAP:  19%|█▉        | 4836/25193 [3:03:05 > 43:14]
SOAP:  19%|█▉        | 4837/25193 [3:03:23 > 43:14]
SOAP:  19%|█▉        | 4838/25193 [3:00:30 > 43:15]
SOAP:  19%|█▉        | 4839/25193 [3:00:40 > 43:15]
SOAP:  19%|█▉        | 4840/25193 [3:03:44 > 43:16]
SOAP:  19%|█▉        | 4841/25193 [3:03:23 > 43:16]
SOAP:  19%|█▉        | 4842/25193 [3:02:52 > 43:17]
SOAP:  19%|█▉        | 4843/25193 [3:03:03 > 43:17]
SOAP:  19%|█▉        | 4844/25193 [3:02:45 > 43:18]
SOAP:  19%|█▉        | 4845/25193 [3:00:04 > 43:18]
SOAP:  19%|█▉        | 4846/25193 [3:03:05 > 43:19]
SOAP:  19%|█▉        | 4847/25193 [3:02:59 > 43:20]
SOAP:  19%|█▉        | 4848/25193 [3:02:47 > 43:20]
SOAP early stopping at step 4849/25193: total loss unchanged for 150 steps (best=1.131875e-02).

SOAP:  19%|█▉        | 4848/25193 [3:01:55 > 43:21]
Training saved: C:\Ali Computation\pinn\code\heterogeneous\pino_heterogeneous\results\exp_X4_soap_K100_N500_uniform_default_float64_s3234567\pino_heterogeneous_concentration.png C:\Ali Computation\pinn\code\heterogeneous\pino_heterogeneous\results\exp_X4_soap_K100_N500_uniform_default_float64_s3234567\pino_heterogeneous_loss.png C:\Ali Computation\pinn\code\heterogeneous\pino_heterogeneous\results\exp_X4_soap_K100_N500_uniform_default_float64_s3234567\pino_heterogeneous_model.pt
COMSOL validation: 81 media -> C:\Ali Computation\pinn\code\heterogeneous\pino_heterogeneous\results\exp_X4_soap_K100_N500_uniform_default_float64_s3234567\comsol_validation  (x* collocation n=86)

COMSOL vs PINO:   0%|          | 0/81 [00:00<?, ?it/s]
COMSOL vs PINO:   1%|          | 1/81 [00:01<01:20,  1.01s/it]
COMSOL vs PINO:   2%|▏         | 2/81 [00:02<01:20,  1.02s/it]
COMSOL vs PINO:   4%|▎         | 3/81 [00:03<01:20,  1.03s/it]
COMSOL vs PINO:   5%|▍         | 4/81 [00:04<01:20,  1.04s/it]
COMSOL vs PINO:   6%|▌         | 5/81 [00:05<01:26,  1.13s/it]
COMSOL vs PINO:   7%|▋         | 6/81 [00:06<01:22,  1.10s/it]
COMSOL vs PINO:   9%|▊         | 7/81 [00:07<01:19,  1.08s/it]
COMSOL vs PINO:  10%|▉         | 8/81 [00:08<01:16,  1.05s/it]
COMSOL vs PINO:  11%|█         | 9/81 [00:09<01:14,  1.04s/it]
COMSOL vs PINO:  12%|█▏        | 10/81 [00:10<01:13,  1.03s/it]
COMSOL vs PINO:  14%|█▎        | 11/81 [00:11<01:12,  1.03s/it]
COMSOL vs PINO:  15%|█▍        | 12/81 [00:12<01:11,  1.04s/it]
COMSOL vs PINO:  16%|█▌        | 13/81 [00:13<01:09,  1.03s/it]
COMSOL vs PINO:  17%|█▋        | 14/81 [00:14<01:08,  1.03s/it]
COMSOL vs PINO:  19%|█▊        | 15/81 [00:15<01:07,  1.02s/it]
COMSOL vs PINO:  20%|█▉        | 16/81 [00:16<01:06,  1.02s/it]
COMSOL vs PINO:  21%|██        | 17/81 [00:17<01:05,  1.02s/it]
COMSOL vs PINO:  22%|██▏       | 18/81 [00:19<01:10,  1.13s/it]
COMSOL vs PINO:  23%|██▎       | 19/81 [00:20<01:08,  1.11s/it]
COMSOL vs PINO:  25%|██▍       | 20/81 [00:21<01:06,  1.09s/it]
COMSOL vs PINO:  26%|██▌       | 21/81 [00:22<01:04,  1.07s/it]
COMSOL vs PINO:  27%|██▋       | 22/81 [00:23<01:02,  1.06s/it]
COMSOL vs PINO:  28%|██▊       | 23/81 [00:24<01:01,  1.05s/it]
COMSOL vs PINO:  30%|██▉       | 24/81 [00:25<00:59,  1.04s/it]
COMSOL vs PINO:  31%|███       | 25/81 [00:26<00:58,  1.04s/it]
COMSOL vs PINO:  32%|███▏      | 26/81 [00:27<00:56,  1.03s/it]
COMSOL vs PINO:  33%|███▎      | 27/81 [00:28<00:55,  1.03s/it]
COMSOL vs PINO:  35%|███▍      | 28/81 [00:29<00:54,  1.03s/it]
COMSOL vs PINO:  36%|███▌      | 29/81 [00:30<00:54,  1.04s/it]
COMSOL vs PINO:  37%|███▋      | 30/81 [00:31<00:53,  1.05s/it]
COMSOL vs PINO:  38%|███▊      | 31/81 [00:32<00:52,  1.04s/it]
COMSOL vs PINO:  40%|███▉      | 32/81 [00:33<00:55,  1.13s/it]
COMSOL vs PINO:  41%|████      | 33/81 [00:34<00:53,  1.10s/it]
COMSOL vs PINO:  42%|████▏     | 34/81 [00:35<00:50,  1.08s/it]
COMSOL vs PINO:  43%|████▎     | 35/81 [00:37<00:49,  1.07s/it]
COMSOL vs PINO:  44%|████▍     | 36/81 [00:38<00:47,  1.06s/it]
COMSOL vs PINO:  46%|████▌     | 37/81 [00:39<00:45,  1.04s/it]
COMSOL vs PINO:  47%|████▋     | 38/81 [00:40<00:44,  1.04s/it]
COMSOL vs PINO:  48%|████▊     | 39/81 [00:41<00:43,  1.04s/it]
COMSOL vs PINO:  49%|████▉     | 40/81 [00:42<00:42,  1.03s/it]
COMSOL vs PINO:  51%|█████     | 41/81 [00:43<00:42,  1.05s/it]
COMSOL vs PINO:  52%|█████▏    | 42/81 [00:44<00:40,  1.04s/it]
COMSOL vs PINO:  53%|█████▎    | 43/81 [00:45<00:39,  1.04s/it]
COMSOL vs PINO:  54%|█████▍    | 44/81 [00:46<00:38,  1.04s/it]
COMSOL vs PINO:  56%|█████▌    | 45/81 [00:47<00:40,  1.13s/it]
COMSOL vs PINO:  57%|█████▋    | 46/81 [00:48<00:38,  1.11s/it]
COMSOL vs PINO:  58%|█████▊    | 47/81 [00:49<00:36,  1.09s/it]
COMSOL vs PINO:  59%|█████▉    | 48/81 [00:50<00:35,  1.08s/it]
COMSOL vs PINO:  60%|██████    | 49/81 [00:51<00:34,  1.06s/it]
COMSOL vs PINO:  62%|██████▏   | 50/81 [00:52<00:32,  1.05s/it]
COMSOL vs PINO:  63%|██████▎   | 51/81 [00:53<00:31,  1.05s/it]
COMSOL vs PINO:  64%|██████▍   | 52/81 [00:54<00:30,  1.04s/it]
COMSOL vs PINO:  65%|██████▌   | 53/81 [00:55<00:28,  1.04s/it]
COMSOL vs PINO:  67%|██████▋   | 54/81 [00:57<00:28,  1.04s/it]
COMSOL vs PINO:  68%|██████▊   | 55/81 [00:58<00:27,  1.05s/it]
COMSOL vs PINO:  69%|██████▉   | 56/81 [00:59<00:26,  1.05s/it]
COMSOL vs PINO:  70%|███████   | 57/81 [01:00<00:25,  1.04s/it]
COMSOL vs PINO:  72%|███████▏  | 58/81 [01:01<00:24,  1.04s/it]
COMSOL vs PINO:  73%|███████▎  | 59/81 [01:02<00:25,  1.14s/it]
COMSOL vs PINO:  74%|███████▍  | 60/81 [01:03<00:23,  1.11s/it]
COMSOL vs PINO:  75%|███████▌  | 61/81 [01:04<00:22,  1.10s/it]
COMSOL vs PINO:  77%|███████▋  | 62/81 [01:05<00:20,  1.08s/it]
COMSOL vs PINO:  78%|███████▊  | 63/81 [01:06<00:19,  1.09s/it]
COMSOL vs PINO:  79%|███████▉  | 64/81 [01:07<00:18,  1.07s/it]
COMSOL vs PINO:  80%|████████  | 65/81 [01:08<00:17,  1.06s/it]
COMSOL vs PINO:  81%|████████▏ | 66/81 [01:09<00:15,  1.06s/it]
COMSOL vs PINO:  83%|████████▎ | 67/81 [01:11<00:14,  1.07s/it]
COMSOL vs PINO:  84%|████████▍ | 68/81 [01:12<00:13,  1.06s/it]
COMSOL vs PINO:  85%|████████▌ | 69/81 [01:13<00:12,  1.06s/it]
COMSOL vs PINO:  86%|████████▋ | 70/81 [01:14<00:11,  1.06s/it]
COMSOL vs PINO:  88%|████████▊ | 71/81 [01:15<00:10,  1.08s/it]
COMSOL vs PINO:  89%|████████▉ | 72/81 [01:16<00:10,  1.16s/it]
COMSOL vs PINO:  90%|█████████ | 73/81 [01:17<00:08,  1.12s/it]
COMSOL vs PINO:  91%|█████████▏| 74/81 [01:18<00:07,  1.10s/it]
COMSOL vs PINO:  93%|█████████▎| 75/81 [01:19<00:06,  1.08s/it]
COMSOL vs PINO:  94%|█████████▍| 76/81 [01:20<00:05,  1.07s/it]
COMSOL vs PINO:  95%|█████████▌| 77/81 [01:21<00:04,  1.07s/it]
COMSOL vs PINO:  96%|█████████▋| 78/81 [01:22<00:03,  1.06s/it]
COMSOL vs PINO:  98%|█████████▊| 79/81 [01:23<00:02,  1.05s/it]
COMSOL vs PINO:  99%|█████████▉| 80/81 [01:25<00:01,  1.04s/it]
COMSOL vs PINO: 100%|██████████| 81/81 [01:26<00:00,  1.04s/it]
COMSOL vs PINO: 100%|██████████| 81/81 [01:26<00:00,  1.06s/it]
COMSOL validation summary: n=81  mean=2.494040e-02  max=9.753244e-02  min=1.001198e-02
Wrote C:\Ali Computation\pinn\code\heterogeneous\pino_heterogeneous\results\exp_X4_soap_K100_N500_uniform_default_float64_s3234567\comsol_validation\comsol_validation_summary.csv
Run metadata: C:\Ali Computation\pinn\code\heterogeneous\pino_heterogeneous\results\exp_X4_soap_K100_N500_uniform_default_float64_s3234567\run_meta.json
Wall-clock train: 2602.2 s
Wall-clock validation: 86.1 s
Wall-clock total: 2701.2 s  device=cuda

# exit 0 after 0:45:05.623661
