# code/heterogeneous/pino_heterogeneous/pinn1d_heterogeneous_parametric_neural_operator.py --design grf --n-sensors 100 --n-grf 0 --n-piecewise-per-zones 500 --piecewise-zone-counts 5 --min-zone-frac 0.1 --arch w64 --dtype float64 --early-stop-patience 150 --seed 2234567 --optimizer soap --soap-lr 3e-3 --soap-betas 0.95,0.95 --soap-weight-decay 0.01 --soap-precond-freq 100 --soap-iso-compute-twin results/exp_X5_5zoneonly_K100_N500_w64_float64_lbfgs1000_maxiter20 --out-dir results/exp_X6_soap_K100_N500_5zoneonly_w64_float64_s2234567
# started 2026-07-05 11:14:40
# cwd C:\Ali Computation\pinn\code\heterogeneous\pino_heterogeneous

Using GPU: NVIDIA GeForce RTX 3090 (cuda:0, dtype=torch.float64)
PE (computed) = 0.010368
design=grf  media_mode=grf  branch_mode=sensor  optimizer=soap  n_train_requested=500  n_corner_anchors=16  arch=w64  batch_mode=True
branch=[100, 64, 64, 64]  trunk=[2, 64, 64, 64, 64]
results_dir=C:\Ali Computation\pinn\code\heterogeneous\pino_heterogeneous\results\exp_X6_soap_K100_N500_5zoneonly_w64_float64_s2234567
Training: 500 piecewise (500 for zones [5]), min_zone_frac=0.1 = 500 total; branch_mode=sensor, K=100 sensors, grid_n=201
  saved/loaded: C:\Ali Computation\pinn\code\heterogeneous\pino_heterogeneous\results\exp_X6_soap_K100_N500_5zoneonly_w64_float64_s2234567\train_grf_cases.npz
  branch CFL range [0.120162, 0.599902]
PDE mesh: bulk 50x50x500 (no interface bands in GRF mode)
COMSOL validation: 81 fixed grid cases from comsol_4zones.txt -> C:\Ali Computation\pinn\code\heterogeneous\pino_heterogeneous\results\exp_X6_soap_K100_N500_5zoneonly_w64_float64_s2234567\comsol_validation
run_training=True  run_comsol_validation=True  validate_only=False  skip_validation_plots=False
SOAP iso-compute: twin=results/exp_X5_5zoneonly_K100_N500_w64_float64_lbfgs1000_maxiter20  probe_epochs=200  (epoch budget set after probe)
PDE collocation points: 1,250,000 (bulk 1,250,000, interface 0)
Collocation mesh plot (pre-train): C:\Ali Computation\pinn\code\heterogeneous\pino_heterogeneous\results\exp_X6_soap_K100_N500_5zoneonly_w64_float64_s2234567\pino_heterogeneous_collocation_points.png
SOAP iso-compute: twin=results/exp_X5_5zoneonly_K100_N500_w64_float64_lbfgs1000_maxiter20  target_train_wall=121387.3s  probe_epochs=200
SOAP(lr=0.003, betas=(0.95, 0.95), weight_decay=0.01, precond_freq=100)  epoch_budget=200
SOAP early stopping: patience=150 steps (no total-loss improvement, rtol=1e-12)

SOAP:   0%|          | 0/200 [? > 00:00]
SOAP:   0%|          | 1/200 [25:46 > 00:07]
SOAP:   1%|          | 2/200 [21:26 > 00:13]
SOAP:   2%|▏         | 3/200 [14:23 > 00:15]
SOAP:   2%|▏         | 4/200 [17:17 > 00:21]
SOAP:   2%|▎         | 5/200 [21:37 > 00:31]
SOAP:   3%|▎         | 6/200 [19:49 > 00:36]
SOAP:   4%|▎         | 7/200 [18:32 > 00:41]
SOAP:   4%|▍         | 8/200 [17:36 > 00:46]
SOAP:   4%|▍         | 9/200 [16:15 > 00:50]
SOAP:   5%|▌         | 10/200 [16:47 > 00:56]
SOAP:   6%|▌         | 11/200 [16:36 > 01:01]
SOAP:   6%|▌         | 12/200 [16:30 > 01:06]
SOAP:   6%|▋         | 13/200 [16:36 > 01:11]
SOAP:   7%|▋         | 14/200 [17:20 > 01:18]
SOAP:   8%|▊         | 15/200 [18:17 > 01:24]
SOAP:   8%|▊         | 16/200 [16:56 > 01:29]
SOAP:   8%|▊         | 17/200 [17:44 > 01:35]
SOAP:   9%|▉         | 18/200 [17:07 > 01:41]
SOAP:  10%|▉         | 19/200 [16:45 > 01:46]
SOAP:  10%|█         | 20/200 [15:58 > 01:51]
SOAP:  10%|█         | 21/200 [16:04 > 01:56]
SOAP:  11%|█         | 22/200 [14:12 > 02:00]
SOAP:  12%|█▏        | 23/200 [14:26 > 02:05]
SOAP:  12%|█▏        | 24/200 [15:20 > 02:11]
SOAP:  12%|█▎        | 25/200 [15:43 > 02:17]
SOAP:  13%|█▎        | 26/200 [16:35 > 02:23]
SOAP:  14%|█▎        | 27/200 [12:59 > 02:25]
SOAP:  14%|█▍        | 28/200 [17:45 > 02:35]
SOAP:  14%|█▍        | 29/200 [16:32 > 02:40]
SOAP:  15%|█▌        | 30/200 [16:59 > 02:46]
SOAP:  16%|█▌        | 31/200 [17:17 > 02:53]
SOAP:  16%|█▌        | 32/200 [15:57 > 02:57]
SOAP:  16%|█▋        | 33/200 [15:12 > 03:02]
SOAP:  17%|█▋        | 34/200 [14:31 > 03:07]
SOAP:  18%|█▊        | 35/200 [14:41 > 03:13]
SOAP:  18%|█▊        | 36/200 [13:28 > 03:17]
SOAP:  18%|█▊        | 37/200 [10:40 > 03:18]
SOAP:  19%|█▉        | 38/200 [14:56 > 03:28]
SOAP:  20%|█▉        | 39/200 [15:25 > 03:34]
SOAP:  20%|██        | 40/200 [15:48 > 03:40]
SOAP:  20%|██        | 41/200 [16:03 > 03:47]
SOAP:  21%|██        | 42/200 [15:37 > 03:52]
SOAP:  22%|██▏       | 43/200 [14:55 > 03:57]
SOAP:  22%|██▏       | 44/200 [14:30 > 04:03]
SOAP:  22%|██▎       | 45/200 [14:12 > 04:08]
SOAP:  23%|██▎       | 46/200 [13:03 > 04:12]
SOAP:  24%|██▎       | 47/200 [10:05 > 04:13]
SOAP:  24%|██▍       | 48/200 [13:09 > 04:21]
SOAP:  24%|██▍       | 49/200 [13:27 > 04:27]
SOAP:  25%|██▌       | 50/200 [13:41 > 04:33]
SOAP:  26%|██▌       | 51/200 [11:06 > 04:35]
SOAP:  26%|██▌       | 52/200 [15:47 > 04:46]
SOAP:  26%|██▋       | 53/200 [15:29 > 04:52]
SOAP:  27%|██▋       | 54/200 [15:15 > 04:58]
SOAP:  28%|██▊       | 55/200 [14:25 > 05:04]
SOAP:  28%|██▊       | 56/200 [11:06 > 05:05]
SOAP:  28%|██▊       | 57/200 [11:17 > 05:10]
SOAP:  29%|██▉       | 58/200 [13:57 > 05:19]
SOAP:  30%|██▉       | 59/200 [10:42 > 05:20]
SOAP:  30%|███       | 60/200 [10:55 > 05:25]
SOAP:  30%|███       | 61/200 [11:05 > 05:30]
SOAP:  31%|███       | 62/200 [13:57 > 05:39]
SOAP:  32%|███▏      | 63/200 [13:27 > 05:45]
SOAP:  32%|███▏      | 64/200 [13:35 > 05:51]
SOAP:  32%|███▎      | 65/200 [13:59 > 05:58]
SOAP:  33%|███▎      | 66/200 [13:12 > 06:03]
SOAP:  34%|███▎      | 67/200 [13:08 > 06:09]
SOAP:  34%|███▍      | 68/200 [10:01 > 06:10]
SOAP:  34%|███▍      | 69/200 [13:03 > 06:19]
SOAP:  35%|███▌      | 70/200 [12:13 > 06:24]
SOAP:  36%|███▌      | 71/200 [12:04 > 06:30]
SOAP:  36%|███▌      | 72/200 [10:59 > 06:34]
SOAP:  36%|███▋      | 73/200 [10:47 > 06:39]
SOAP:  37%|███▋      | 74/200 [10:58 > 06:44]
SOAP:  38%|███▊      | 75/200 [11:16 > 06:50]
SOAP:  38%|███▊      | 76/200 [11:53 > 06:57]
SOAP:  38%|███▊      | 77/200 [09:17 > 06:58]
SOAP:  39%|███▉      | 78/200 [12:52 > 07:09]
SOAP:  40%|███▉      | 79/200 [12:42 > 07:15]
SOAP:  40%|████      | 80/200 [09:46 > 07:17]
SOAP:  40%|████      | 81/200 [12:34 > 07:27]
SOAP:  41%|████      | 82/200 [11:30 > 07:31]
SOAP:  42%|████▏     | 83/200 [09:16 > 07:33]
SOAP:  42%|████▏     | 84/200 [10:16 > 07:40]
SOAP:  42%|████▎     | 85/200 [10:52 > 07:47]
SOAP:  43%|████▎     | 86/200 [09:48 > 07:51]
SOAP:  44%|████▎     | 87/200 [09:54 > 07:56]
SOAP:  44%|████▍     | 88/200 [09:55 > 08:01]
SOAP:  44%|████▍     | 89/200 [07:59 > 08:03]
SOAP:  45%|████▌     | 90/200 [11:25 > 08:14]
SOAP:  46%|████▌     | 91/200 [11:25 > 08:21]
SOAP:  46%|████▌     | 92/200 [10:59 > 08:26]
SOAP:  46%|████▋     | 93/200 [10:26 > 08:32]
SOAP:  47%|████▋     | 94/200 [10:03 > 08:37]
SOAP:  48%|████▊     | 95/200 [09:44 > 08:42]
SOAP:  48%|████▊     | 96/200 [08:35 > 08:46]
SOAP:  48%|████▊     | 97/200 [08:32 > 08:51]
SOAP:  49%|████▉     | 98/200 [08:28 > 08:56]
SOAP:  50%|████▉     | 99/200 [08:45 > 09:01]
SOAP:  50%|█████     | 100/200 [08:55 > 09:07]
SOAP:  50%|█████     | 101/200 [09:50 > 09:14]
SOAP:  51%|█████     | 102/200 [09:35 > 09:20]
SOAP:  52%|█████▏    | 103/200 [09:37 > 09:26]
SOAP:  52%|█████▏    | 104/200 [09:38 > 09:32]
SOAP:  52%|█████▎    | 105/200 [08:58 > 09:37]
SOAP:  53%|█████▎    | 106/200 [08:49 > 09:43]
SOAP:  54%|█████▎    | 107/200 [08:26 > 09:48]
SOAP:  54%|█████▍    | 108/200 [08:07 > 09:53]
SOAP:  55%|█████▍    | 109/200 [07:49 > 09:58]
SOAP:  55%|█████▌    | 110/200 [07:44 > 10:03]
SOAP:  56%|█████▌    | 111/200 [07:10 > 10:07]
SOAP:  56%|█████▌    | 112/200 [07:47 > 10:13]
SOAP:  56%|█████▋    | 113/200 [07:46 > 10:19]
SOAP:  57%|█████▋    | 114/200 [08:04 > 10:25]
SOAP:  57%|█████▊    | 115/200 [08:27 > 10:32]
SOAP:  58%|█████▊    | 116/200 [08:02 > 10:37]
SOAP:  58%|█████▊    | 117/200 [08:00 > 10:43]
SOAP:  59%|█████▉    | 118/200 [07:41 > 10:48]
SOAP:  60%|█████▉    | 119/200 [07:29 > 10:54]
SOAP:  60%|██████    | 120/200 [05:49 > 10:55]
SOAP:  60%|██████    | 121/200 [07:20 > 11:04]
SOAP:  61%|██████    | 122/200 [05:44 > 11:05]
SOAP:  62%|██████▏   | 123/200 [06:57 > 11:13]
SOAP:  62%|██████▏   | 124/200 [06:51 > 11:18]
SOAP:  62%|██████▎   | 125/200 [05:24 > 11:20]
SOAP:  63%|██████▎   | 126/200 [07:40 > 11:31]
SOAP:  64%|██████▎   | 127/200 [06:54 > 11:35]
SOAP:  64%|██████▍   | 128/200 [05:57 > 11:39]
SOAP:  64%|██████▍   | 129/200 [07:53 > 11:49]
SOAP:  65%|██████▌   | 130/200 [07:08 > 11:54]
SOAP:  66%|██████▌   | 131/200 [07:09 > 12:01]
SOAP:  66%|██████▌   | 132/200 [05:23 > 12:02]
SOAP:  66%|██████▋   | 133/200 [05:23 > 12:07]
SOAP:  67%|██████▋   | 134/200 [06:23 > 12:15]
SOAP:  68%|██████▊   | 135/200 [06:12 > 12:21]
SOAP:  68%|██████▊   | 136/200 [04:42 > 12:22]
SOAP:  68%|██████▊   | 137/200 [05:49 > 12:30]
SOAP:  69%|██████▉   | 138/200 [05:40 > 12:35]
SOAP:  70%|██████▉   | 139/200 [05:02 > 12:39]
SOAP:  70%|███████   | 140/200 [04:49 > 12:44]
SOAP:  70%|███████   | 141/200 [06:30 > 12:54]
SOAP:  71%|███████   | 142/200 [06:08 > 13:00]
SOAP:  72%|███████▏  | 143/200 [05:41 > 13:05]
SOAP:  72%|███████▏  | 144/200 [04:22 > 13:07]
SOAP:  72%|███████▎  | 145/200 [05:28 > 13:16]
SOAP:  73%|███████▎  | 146/200 [04:54 > 13:20]
SOAP:  74%|███████▎  | 147/200 [04:31 > 13:25]
SOAP:  74%|███████▍  | 148/200 [04:24 > 13:30]
SOAP:  74%|███████▍  | 149/200 [04:28 > 13:35]
SOAP:  75%|███████▌  | 150/200 [04:29 > 13:41]
SOAP:  76%|███████▌  | 151/200 [04:52 > 13:48]
SOAP:  76%|███████▌  | 152/200 [04:41 > 13:54]
SOAP:  76%|███████▋  | 153/200 [04:39 > 14:00]
SOAP:  77%|███████▋  | 154/200 [04:36 > 14:06]
SOAP:  78%|███████▊  | 155/200 [04:20 > 14:11]
SOAP:  78%|███████▊  | 156/200 [04:05 > 14:17]
SOAP:  78%|███████▊  | 157/200 [03:53 > 14:22]
SOAP:  79%|███████▉  | 158/200 [03:41 > 14:27]
SOAP:  80%|███████▉  | 159/200 [03:31 > 14:31]
SOAP:  80%|████████  | 160/200 [03:26 > 14:37]
SOAP:  80%|████████  | 161/200 [03:22 > 14:42]
SOAP:  81%|████████  | 162/200 [03:17 > 14:47]
SOAP:  82%|████████▏ | 163/200 [03:16 > 14:53]
SOAP:  82%|████████▏ | 164/200 [03:20 > 14:59]
SOAP:  82%|████████▎ | 165/200 [03:25 > 15:05]
SOAP:  83%|████████▎ | 166/200 [03:14 > 15:11]
SOAP:  84%|████████▎ | 167/200 [02:25 > 15:12]
SOAP:  84%|████████▍ | 168/200 [03:13 > 15:22]
SOAP:  84%|████████▍ | 169/200 [03:01 > 15:27]
SOAP:  85%|████████▌ | 170/200 [02:46 > 15:32]
SOAP:  86%|████████▌ | 171/200 [02:40 > 15:38]
SOAP:  86%|████████▌ | 172/200 [02:22 > 15:42]
SOAP:  86%|████████▋ | 173/200 [02:17 > 15:47]
SOAP:  87%|████████▋ | 174/200 [02:15 > 15:52]
SOAP:  88%|████████▊ | 175/200 [02:14 > 15:58]
SOAP:  88%|████████▊ | 176/200 [02:17 > 16:05]
SOAP:  88%|████████▊ | 177/200 [02:14 > 16:11]
SOAP:  89%|████████▉ | 178/200 [02:10 > 16:17]
SOAP:  90%|████████▉ | 179/200 [02:06 > 16:23]
SOAP:  90%|█████████ | 180/200 [01:53 > 16:28]
SOAP:  90%|█████████ | 181/200 [01:52 > 16:34]
SOAP:  91%|█████████ | 182/200 [01:39 > 16:39]
SOAP:  92%|█████████▏| 183/200 [01:30 > 16:44]
SOAP:  92%|█████████▏| 184/200 [01:22 > 16:49]
SOAP:  92%|█████████▎| 185/200 [01:19 > 16:55]
SOAP:  93%|█████████▎| 186/200 [01:08 > 16:58]
SOAP:  94%|█████████▎| 187/200 [01:06 > 17:04]
SOAP:  94%|█████████▍| 188/200 [00:48 > 17:05]
SOAP:  94%|█████████▍| 189/200 [01:04 > 17:16]
SOAP:  95%|█████████▌| 190/200 [01:00 > 17:22]
SOAP:  96%|█████████▌| 191/200 [00:55 > 17:29]
SOAP:  96%|█████████▌| 192/200 [00:47 > 17:34]
SOAP:  96%|█████████▋| 193/200 [00:40 > 17:39]
SOAP:  97%|█████████▋| 194/200 [00:33 > 17:45]
SOAP:  98%|█████████▊| 195/200 [00:27 > 17:50]
SOAP:  98%|█████████▊| 196/200 [00:20 > 17:54]
SOAP:  98%|█████████▊| 197/200 [00:14 > 17:58]
SOAP:  99%|█████████▉| 198/200 [00:09 > 18:04]
SOAP: 100%|█████████▉| 199/200 [00:05 > 18:09]
SOAP:   1%|          | 199/22159 [31:47:16 > 18:15]
SOAP iso-compute calibration: 200 probe epochs in 1095.6s (5.478s/epoch) -> budget 22159 epochs (~121387s twin train wall)

SOAP:   1%|          | 200/22159 [32:43:09 > 18:15]
SOAP:   1%|          | 201/22159 [36:22:20 > 18:22]
SOAP:   1%|          | 202/22159 [35:46:17 > 18:28]
SOAP:   1%|          | 203/22159 [28:23:16 > 18:30]
SOAP:   1%|          | 204/22159 [32:10:32 > 18:37]
SOAP:   1%|          | 205/22159 [39:07:44 > 18:46]
SOAP:   1%|          | 206/22159 [30:05:40 > 18:47]
SOAP:   1%|          | 207/22159 [36:52:35 > 18:56]
SOAP:   1%|          | 208/22159 [34:48:48 > 19:01]
SOAP:   1%|          | 209/22159 [33:10:04 > 19:06]
SOAP:   1%|          | 210/22159 [32:38:46 > 19:11]
SOAP:   1%|          | 211/22159 [32:29:51 > 19:16]
SOAP:   1%|          | 212/22159 [32:34:21 > 19:21]
SOAP:   1%|          | 213/22159 [32:59:35 > 19:27]
SOAP:   1%|          | 214/22159 [34:28:53 > 19:33]
SOAP:   1%|          | 215/22159 [36:31:08 > 19:40]
SOAP:   1%|          | 216/22159 [35:02:30 > 19:45]
SOAP:   1%|          | 217/22159 [35:25:43 > 19:51]
SOAP:   1%|          | 218/22159 [34:22:58 > 19:56]
SOAP:   1%|          | 219/22159 [33:51:32 > 20:02]
SOAP:   1%|          | 220/22159 [26:43:49 > 20:03]
SOAP:   1%|          | 221/22159 [34:41:04 > 20:12]
SOAP:   1%|          | 222/22159 [31:53:08 > 20:16]
SOAP:   1%|          | 223/22159 [31:25:03 > 20:21]
SOAP:   1%|          | 224/22159 [32:08:51 > 20:27]
SOAP:   1%|          | 225/22159 [33:10:43 > 20:33]
SOAP:   1%|          | 226/22159 [35:04:42 > 20:39]
SOAP:   1%|          | 227/22159 [35:33:13 > 20:45]
SOAP:   1%|          | 228/22159 [36:05:08 > 20:51]
SOAP:   1%|          | 229/22159 [36:39:29 > 20:58]
SOAP:   1%|          | 230/22159 [34:27:36 > 21:02]
SOAP:   1%|          | 231/22159 [35:20:09 > 21:08]
SOAP:   1%|          | 232/22159 [34:06:10 > 21:14]
SOAP:   1%|          | 233/22159 [32:56:40 > 21:19]
SOAP:   1%|          | 234/22159 [31:45:41 > 21:23]
SOAP:   1%|          | 235/22159 [32:30:41 > 21:29]
SOAP:   1%|          | 236/22159 [30:05:41 > 21:33]
SOAP:   1%|          | 237/22159 [31:17:17 > 21:39]
SOAP:   1%|          | 238/22159 [31:48:38 > 21:44]
SOAP:   1%|          | 239/22159 [33:46:48 > 21:50]
SOAP:   1%|          | 240/22159 [35:23:54 > 21:57]
SOAP:   1%|          | 241/22159 [27:58:27 > 21:58]
SOAP:   1%|          | 242/22159 [38:27:40 > 22:09]
SOAP:   1%|          | 243/22159 [36:18:58 > 22:14]
SOAP:   1%|          | 244/22159 [35:08:17 > 22:19]
SOAP:   1%|          | 245/22159 [34:16:20 > 22:25]
SOAP:   1%|          | 246/22159 [31:39:25 > 22:29]
SOAP:   1%|          | 247/22159 [30:13:02 > 22:33]
SOAP:   1%|          | 248/22159 [30:15:07 > 22:38]
SOAP:   1%|          | 249/22159 [28:13:24 > 22:42]
SOAP:   1%|          | 250/22159 [33:34:57 > 22:50]
SOAP:   1%|          | 251/22159 [36:56:42 > 22:57]
SOAP:   1%|          | 252/22159 [36:14:35 > 23:03]
SOAP:   1%|          | 253/22159 [36:35:07 > 23:09]
SOAP:   1%|          | 254/22159 [36:49:44 > 23:15]
SOAP:   1%|          | 255/22159 [32:21:01 > 23:19]
SOAP:   1%|          | 256/22159 [35:04:07 > 23:25]
SOAP:   1%|          | 257/22159 [33:43:12 > 23:30]
SOAP:   1%|          | 258/22159 [32:35:42 > 23:35]
SOAP:   1%|          | 259/22159 [31:40:32 > 23:40]
SOAP:   1%|          | 260/22159 [31:37:58 > 23:45]
SOAP:   1%|          | 261/22159 [30:59:01 > 23:50]
SOAP:   1%|          | 262/22159 [32:00:24 > 23:56]
SOAP:   1%|          | 263/22159 [32:32:13 > 24:01]
SOAP:   1%|          | 264/22159 [34:09:13 > 24:08]
SOAP:   1%|          | 265/22159 [36:12:40 > 24:14]
SOAP:   1%|          | 266/22159 [34:49:32 > 24:20]
SOAP:   1%|          | 267/22159 [35:14:16 > 24:26]
SOAP:   1%|          | 268/22159 [34:18:20 > 24:31]
SOAP:   1%|          | 269/22159 [33:45:44 > 24:36]
SOAP:   1%|          | 270/22159 [32:34:11 > 24:41]
SOAP:   1%|          | 271/22159 [25:23:29 > 24:42]
SOAP:   1%|          | 272/22159 [32:51:29 > 24:51]
SOAP:   1%|          | 273/22159 [32:07:29 > 24:56]
SOAP:   1%|          | 274/22159 [25:36:46 > 24:57]
SOAP:   1%|          | 275/22159 [35:41:15 > 25:07]
SOAP:   1%|          | 276/22159 [36:55:57 > 25:14]
SOAP:   1%|▏         | 277/22159 [36:54:37 > 25:20]
SOAP:   1%|▏         | 278/22159 [37:00:05 > 25:26]
SOAP:   1%|▏         | 279/22159 [28:45:46 > 25:28]
SOAP:   1%|▏         | 280/22159 [31:30:04 > 25:34]
SOAP:   1%|▏         | 281/22159 [39:51:20 > 25:44]
SOAP:   1%|▏         | 282/22159 [36:24:58 > 25:48]
SOAP:   1%|▏         | 283/22159 [34:20:20 > 25:53]
SOAP:   1%|▏         | 284/22159 [32:42:17 > 25:58]
SOAP:   1%|▏         | 285/22159 [33:09:42 > 26:03]
SOAP:   1%|▏         | 286/22159 [30:30:21 > 26:07]
SOAP:   1%|▏         | 287/22159 [31:27:25 > 26:13]
SOAP:   1%|▏         | 288/22159 [31:53:26 > 26:18]
SOAP:   1%|▏         | 289/22159 [33:44:45 > 26:25]
SOAP:   1%|▏         | 290/22159 [35:20:17 > 26:31]
SOAP:   1%|▏         | 291/22159 [36:21:49 > 26:37]
SOAP:   1%|▏         | 292/22159 [35:46:07 > 26:43]
SOAP:   1%|▏         | 293/22159 [34:32:06 > 26:48]
SOAP:   1%|▏         | 294/22159 [33:51:02 > 26:54]
SOAP:   1%|▏         | 295/22159 [33:18:06 > 26:59]
SOAP:   1%|▏         | 296/22159 [30:59:18 > 27:03]
SOAP:   1%|▏         | 297/22159 [29:47:34 > 27:08]
SOAP:   1%|▏         | 298/22159 [30:02:05 > 27:13]
SOAP:   1%|▏         | 299/22159 [24:02:00 > 27:14]
SOAP:   1%|▏         | 300/22159 [34:33:58 > 27:24]
SOAP:   1%|▏         | 301/22159 [37:45:00 > 27:31]
SOAP:   1%|▏         | 302/22159 [36:32:44 > 27:37]
SOAP:   1%|▏         | 303/22159 [36:52:49 > 27:43]
SOAP:   1%|▏         | 304/22159 [29:41:45 > 27:45]
SOAP:   1%|▏         | 305/22159 [37:45:38 > 27:55]
SOAP:   1%|▏         | 306/22159 [35:45:40 > 28:00]
SOAP:   1%|▏         | 307/22159 [34:12:13 > 28:05]
SOAP:   1%|▏         | 308/22159 [32:56:09 > 28:10]
SOAP:   1%|▏         | 309/22159 [31:52:22 > 28:15]
SOAP:   1%|▏         | 310/22159 [31:53:04 > 28:20]
SOAP:   1%|▏         | 311/22159 [31:55:35 > 28:25]
SOAP:   1%|▏         | 312/22159 [32:02:53 > 28:30]
SOAP:   1%|▏         | 313/22159 [25:26:15 > 28:32]
SOAP:   1%|▏         | 314/22159 [36:16:01 > 28:42]
SOAP:   1%|▏         | 315/22159 [36:04:49 > 28:48]
SOAP:   1%|▏         | 316/22159 [36:15:43 > 28:54]
SOAP:   1%|▏         | 317/22159 [36:13:18 > 29:00]
SOAP:   1%|▏         | 318/22159 [34:54:44 > 29:05]
SOAP:   1%|▏         | 319/22159 [34:08:16 > 29:11]
SOAP:   1%|▏         | 320/22159 [32:44:22 > 29:16]
SOAP:   1%|▏         | 321/22159 [32:59:59 > 29:21]
SOAP:   1%|▏         | 322/22159 [30:37:07 > 29:25]
SOAP:   1%|▏         | 323/22159 [30:31:38 > 29:30]
SOAP:   1%|▏         | 324/22159 [31:22:40 > 29:36]
SOAP:   1%|▏         | 325/22159 [32:31:30 > 29:42]
SOAP:   1%|▏         | 326/22159 [34:37:44 > 29:48]
SOAP:   1%|▏         | 327/22159 [35:04:25 > 29:54]
SOAP:   1%|▏         | 328/22159 [35:48:05 > 30:00]
SOAP:   1%|▏         | 329/22159 [36:25:10 > 30:06]
SOAP:   1%|▏         | 330/22159 [34:15:30 > 30:11]
SOAP:   1%|▏         | 331/22159 [32:24:59 > 30:16]
SOAP:   1%|▏         | 332/22159 [34:31:54 > 30:22]
SOAP:   2%|▏         | 333/22159 [31:43:45 > 30:27]
SOAP:   2%|▏         | 334/22159 [32:17:40 > 30:32]
SOAP:   2%|▏         | 335/22159 [32:47:06 > 30:38]
SOAP:   2%|▏         | 336/22159 [30:17:55 > 30:42]
SOAP:   2%|▏         | 337/22159 [31:21:57 > 30:47]
SOAP:   2%|▏         | 338/22159 [31:45:54 > 30:53]
SOAP:   2%|▏         | 339/22159 [33:37:12 > 30:59]
SOAP:   2%|▏         | 340/22159 [34:37:40 > 31:05]
SOAP:   2%|▏         | 341/22159 [27:58:08 > 31:07]
SOAP:   2%|▏         | 342/22159 [38:18:33 > 31:17]
SOAP:   2%|▏         | 343/22159 [36:18:05 > 31:23]
SOAP:   2%|▏         | 344/22159 [35:06:29 > 31:28]
SOAP:   2%|▏         | 345/22159 [34:11:23 > 31:33]
SOAP:   2%|▏         | 346/22159 [31:02:06 > 31:37]
SOAP:   2%|▏         | 347/22159 [30:12:24 > 31:42]
SOAP:   2%|▏         | 348/22159 [30:10:37 > 31:47]
SOAP:   2%|▏         | 349/22159 [31:28:41 > 31:53]
SOAP:   2%|▏         | 350/22159 [32:27:07 > 31:58]
SOAP:   2%|▏         | 351/22159 [36:00:50 > 32:06]
SOAP:   2%|▏         | 352/22159 [28:15:36 > 32:07]
SOAP:   2%|▏         | 353/22159 [38:02:41 > 32:17]
SOAP:   2%|▏         | 354/22159 [37:57:52 > 32:24]
SOAP:   2%|▏         | 355/22159 [36:14:15 > 32:29]
SOAP:   2%|▏         | 356/22159 [34:44:33 > 32:34]
SOAP:   2%|▏         | 357/22159 [33:33:26 > 32:39]
SOAP:   2%|▏         | 358/22159 [32:33:59 > 32:44]
SOAP:   2%|▏         | 359/22159 [31:34:27 > 32:49]
SOAP:   2%|▏         | 360/22159 [31:29:42 > 32:54]
SOAP:   2%|▏         | 361/22159 [24:42:47 > 32:56]
SOAP:   2%|▏         | 362/22159 [33:48:52 > 33:05]
SOAP:   2%|▏         | 363/22159 [31:19:34 > 33:09]
SOAP:   2%|▏         | 364/22159 [28:06:40 > 33:12]
SOAP:   2%|▏         | 365/22159 [39:23:00 > 33:23]
SOAP:   2%|▏         | 366/22159 [36:55:59 > 33:28]
SOAP:   2%|▏         | 367/22159 [36:33:51 > 33:34]
SOAP:   2%|▏         | 368/22159 [28:05:33 > 33:36]
SOAP:   2%|▏         | 369/22159 [36:28:55 > 33:45]
SOAP:   2%|▏         | 370/22159 [34:27:09 > 33:50]
SOAP:   2%|▏         | 371/22159 [30:32:03 > 33:53]
SOAP:   2%|▏         | 372/22159 [32:27:50 > 33:59]
SOAP:   2%|▏         | 373/22159 [31:48:58 > 34:04]
SOAP:   2%|▏         | 374/22159 [32:21:09 > 34:10]
SOAP:   2%|▏         | 375/22159 [33:17:57 > 34:16]
SOAP:   2%|▏         | 376/22159 [35:18:48 > 34:22]
SOAP:   2%|▏         | 377/22159 [35:39:34 > 34:28]
SOAP:   2%|▏         | 378/22159 [36:05:49 > 34:35]
SOAP:   2%|▏         | 379/22159 [36:37:15 > 34:41]
SOAP:   2%|▏         | 380/22159 [28:26:17 > 34:42]
SOAP:   2%|▏         | 381/22159 [28:52:00 > 34:47]
SOAP:   2%|▏         | 382/22159 [37:38:06 > 34:57]
SOAP:   2%|▏         | 383/22159 [35:20:08 > 35:02]
SOAP:   2%|▏         | 384/22159 [33:22:12 > 35:07]
SOAP:   2%|▏         | 385/22159 [30:41:12 > 35:11]
SOAP:   2%|▏         | 386/22159 [31:29:21 > 35:16]
SOAP:   2%|▏         | 387/22159 [32:06:08 > 35:22]
SOAP:   2%|▏         | 388/22159 [32:15:10 > 35:27]
SOAP:   2%|▏         | 389/22159 [34:01:48 > 35:33]
SOAP:   2%|▏         | 390/22159 [35:27:40 > 35:40]
SOAP:   2%|▏         | 391/22159 [36:18:45 > 35:46]
SOAP:   2%|▏         | 392/22159 [35:40:56 > 35:52]
SOAP:   2%|▏         | 393/22159 [34:25:12 > 35:57]
SOAP:   2%|▏         | 394/22159 [33:42:02 > 36:02]
SOAP:   2%|▏         | 395/22159 [29:46:39 > 36:06]
SOAP:   2%|▏         | 396/22159 [31:55:16 > 36:12]
SOAP:   2%|▏         | 397/22159 [30:16:58 > 36:16]
SOAP:   2%|▏         | 398/22159 [30:12:33 > 36:21]
SOAP:   2%|▏         | 399/22159 [31:34:55 > 36:27]
SOAP:   2%|▏         | 400/22159 [32:22:15 > 36:33]
SOAP:   2%|▏         | 401/22159 [36:01:41 > 36:40]
SOAP:   2%|▏         | 402/22159 [35:23:03 > 36:46]
SOAP:   2%|▏         | 403/22159 [28:03:58 > 36:47]
SOAP:   2%|▏         | 404/22159 [38:35:23 > 36:58]
SOAP:   2%|▏         | 405/22159 [36:31:22 > 37:03]
SOAP:   2%|▏         | 406/22159 [34:48:48 > 37:08]
SOAP:   2%|▏         | 407/22159 [33:23:45 > 37:13]
SOAP:   2%|▏         | 408/22159 [32:14:57 > 37:18]
SOAP:   2%|▏         | 409/22159 [29:53:01 > 37:22]
SOAP:   2%|▏         | 410/22159 [31:34:34 > 37:28]
SOAP:   2%|▏         | 411/22159 [27:04:07 > 37:31]
SOAP:   2%|▏         | 412/22159 [31:04:29 > 37:38]
SOAP:   2%|▏         | 413/22159 [33:46:50 > 37:44]
SOAP:   2%|▏         | 414/22159 [34:56:20 > 37:50]
SOAP:   2%|▏         | 415/22159 [36:40:19 > 37:57]
SOAP:   2%|▏         | 416/22159 [35:06:46 > 38:02]
SOAP:   2%|▏         | 417/22159 [30:50:32 > 38:06]
SOAP:   2%|▏         | 418/22159 [35:39:49 > 38:14]
SOAP:   2%|▏         | 419/22159 [34:41:00 > 38:19]
SOAP:   2%|▏         | 420/22159 [27:52:27 > 38:21]
SOAP:   2%|▏         | 421/22159 [34:40:16 > 38:29]
SOAP:   2%|▏         | 422/22159 [31:46:34 > 38:33]
SOAP:   2%|▏         | 423/22159 [31:15:57 > 38:38]
SOAP:   2%|▏         | 424/22159 [31:53:02 > 38:44]
SOAP:   2%|▏         | 425/22159 [28:50:29 > 38:48]
SOAP:   2%|▏         | 426/22159 [36:11:11 > 38:56]
SOAP:   2%|▏         | 427/22159 [36:22:32 > 39:02]
SOAP:   2%|▏         | 428/22159 [36:40:47 > 39:09]
SOAP:   2%|▏         | 429/22159 [37:03:31 > 39:15]
SOAP:   2%|▏         | 430/22159 [34:39:22 > 39:20]
SOAP:   2%|▏         | 431/22159 [35:58:22 > 39:26]
SOAP:   2%|▏         | 432/22159 [27:35:52 > 39:28]
SOAP:   2%|▏         | 433/22159 [28:25:06 > 39:33]
SOAP:   2%|▏         | 434/22159 [34:33:29 > 39:41]
SOAP:   2%|▏         | 435/22159 [34:19:27 > 39:46]
SOAP:   2%|▏         | 436/22159 [26:21:40 > 39:48]
SOAP:   2%|▏         | 437/22159 [33:24:17 > 39:56]
SOAP:   2%|▏         | 438/22159 [33:09:06 > 40:01]
SOAP:   2%|▏         | 439/22159 [34:39:17 > 40:08]
SOAP:   2%|▏         | 440/22159 [35:53:50 > 40:14]
SOAP:   2%|▏         | 441/22159 [36:44:31 > 40:20]
SOAP:   2%|▏         | 442/22159 [34:11:47 > 40:25]
SOAP:   2%|▏         | 443/22159 [28:27:00 > 40:28]
SOAP:   2%|▏         | 444/22159 [36:14:19 > 40:37]
SOAP:   2%|▏         | 445/22159 [34:59:23 > 40:42]
SOAP:   2%|▏         | 446/22159 [31:48:50 > 40:46]
SOAP:   2%|▏         | 447/22159 [30:26:21 > 40:50]
SOAP:   2%|▏         | 448/22159 [30:18:20 > 40:55]
SOAP:   2%|▏         | 449/22159 [31:23:22 > 41:01]
SOAP:   2%|▏         | 450/22159 [32:20:43 > 41:07]
SOAP:   2%|▏         | 451/22159 [35:54:34 > 41:14]
SOAP:   2%|▏         | 452/22159 [35:16:21 > 41:20]
SOAP:   2%|▏         | 453/22159 [35:49:02 > 41:26]
SOAP:   2%|▏         | 454/22159 [28:10:45 > 41:28]
SOAP:   2%|▏         | 455/22159 [37:24:45 > 41:37]
SOAP:   2%|▏         | 456/22159 [35:26:26 > 41:43]
SOAP:   2%|▏         | 457/22159 [33:57:59 > 41:48]
SOAP:   2%|▏         | 458/22159 [32:47:06 > 41:53]
SOAP:   2%|▏         | 459/22159 [31:43:22 > 41:57]
SOAP:   2%|▏         | 460/22159 [31:33:14 > 42:03]
SOAP:   2%|▏         | 461/22159 [31:35:31 > 42:08]
SOAP:   2%|▏         | 462/22159 [24:49:03 > 42:09]
SOAP:   2%|▏         | 463/22159 [34:16:46 > 42:19]
SOAP:   2%|▏         | 464/22159 [35:23:25 > 42:25]
SOAP:   2%|▏         | 465/22159 [36:59:05 > 42:32]
SOAP:   2%|▏         | 466/22159 [35:16:10 > 42:37]
SOAP:   2%|▏         | 467/22159 [35:27:47 > 42:43]
SOAP:   2%|▏         | 468/22159 [34:20:56 > 42:48]
SOAP:   2%|▏         | 469/22159 [33:44:38 > 42:54]
SOAP:   2%|▏         | 470/22159 [32:29:47 > 42:58]
SOAP:   2%|▏         | 471/22159 [32:39:51 > 43:04]
SOAP:   2%|▏         | 472/22159 [30:16:08 > 43:08]
SOAP:   2%|▏         | 473/22159 [30:08:33 > 43:13]
SOAP:   2%|▏         | 474/22159 [31:09:20 > 43:19]
SOAP:   2%|▏         | 475/22159 [32:23:39 > 43:24]
SOAP:   2%|▏         | 476/22159 [34:34:38 > 43:31]
SOAP:   2%|▏         | 477/22159 [27:12:35 > 43:33]
SOAP:   2%|▏         | 478/22159 [29:56:46 > 43:39]
SOAP:   2%|▏         | 479/22159 [40:13:13 > 43:49]
SOAP:   2%|▏         | 480/22159 [36:57:39 > 43:54]
SOAP:   2%|▏         | 481/22159 [37:30:05 > 44:01]
SOAP:   2%|▏         | 482/22159 [34:41:20 > 44:05]
SOAP:   2%|▏         | 483/22159 [33:14:18 > 44:10]
SOAP:   2%|▏         | 484/22159 [31:55:24 > 44:15]
SOAP:   2%|▏         | 485/22159 [32:35:14 > 44:21]
SOAP:   2%|▏         | 486/22159 [29:59:59 > 44:25]
SOAP:   2%|▏         | 487/22159 [31:03:52 > 44:30]
SOAP:   2%|▏         | 488/22159 [31:36:31 > 44:36]
SOAP:   2%|▏         | 489/22159 [25:41:46 > 44:38]
SOAP:   2%|▏         | 490/22159 [37:17:42 > 44:48]
SOAP:   2%|▏         | 491/22159 [37:39:01 > 44:55]
SOAP:   2%|▏         | 492/22159 [36:40:45 > 45:01]
SOAP:   2%|▏         | 493/22159 [35:09:27 > 45:06]
SOAP:   2%|▏         | 494/22159 [34:08:41 > 45:11]
SOAP:   2%|▏         | 495/22159 [33:26:53 > 45:16]
SOAP:   2%|▏         | 496/22159 [31:01:41 > 45:21]
SOAP:   2%|▏         | 497/22159 [29:41:01 > 45:25]
SOAP:   2%|▏         | 498/22159 [29:45:09 > 45:30]
SOAP:   2%|▏         | 499/22159 [31:07:54 > 45:36]
SOAP:   2%|▏         | 500/22159 [32:05:33 > 45:41]
SOAP:   2%|▏         | 501/22159 [35:48:02 > 45:49]
SOAP:   2%|▏         | 502/22159 [35:19:32 > 45:55]
SOAP:   2%|▏         | 503/22159 [35:49:03 > 46:01]
SOAP:   2%|▏         | 504/22159 [36:15:33 > 46:07]
SOAP:   2%|▏         | 505/22159 [34:56:18 > 46:12]
SOAP:   2%|▏         | 506/22159 [33:46:39 > 46:17]
SOAP:   2%|▏         | 507/22159 [32:48:14 > 46:22]
SOAP:   2%|▏         | 508/22159 [31:51:23 > 46:27]
SOAP:   2%|▏         | 509/22159 [31:04:02 > 46:32]
SOAP:   2%|▏         | 510/22159 [31:06:30 > 46:37]
SOAP:   2%|▏         | 511/22159 [31:18:39 > 46:43]
SOAP:   2%|▏         | 512/22159 [25:12:31 > 46:44]
SOAP:   2%|▏         | 513/22159 [26:39:14 > 46:49]
SOAP:   2%|▏         | 514/22159 [36:54:10 > 47:00]
SOAP:   2%|▏         | 515/22159 [37:54:08 > 47:06]
SOAP:   2%|▏         | 516/22159 [35:53:06 > 47:11]
SOAP:   2%|▏         | 517/22159 [27:34:10 > 47:13]
SOAP:   2%|▏         | 518/22159 [37:08:44 > 47:23]
SOAP:   2%|▏         | 519/22159 [28:54:57 > 47:24]
SOAP:   2%|▏         | 520/22159 [35:52:36 > 47:33]
SOAP:   2%|▏         | 521/22159 [35:07:33 > 47:39]
SOAP:   2%|▏         | 522/22159 [32:04:55 > 47:43]
SOAP:   2%|▏         | 523/22159 [31:28:00 > 47:48]
SOAP:   2%|▏         | 524/22159 [25:16:19 > 47:50]
SOAP:   2%|▏         | 525/22159 [35:00:03 > 47:59]
SOAP:   2%|▏         | 526/22159 [36:19:05 > 48:06]
SOAP:   2%|▏         | 527/22159 [36:14:25 > 48:12]
SOAP:   2%|▏         | 528/22159 [36:27:19 > 48:18]
SOAP:   2%|▏         | 529/22159 [36:45:19 > 48:24]
SOAP:   2%|▏         | 530/22159 [29:38:14 > 48:26]
SOAP:   2%|▏         | 531/22159 [37:18:20 > 48:35]
SOAP:   2%|▏         | 532/22159 [34:37:28 > 48:40]
SOAP:   2%|▏         | 533/22159 [33:04:55 > 48:45]
SOAP:   2%|▏         | 534/22159 [31:44:54 > 48:50]
SOAP:   2%|▏         | 535/22159 [32:22:04 > 48:55]
SOAP:   2%|▏         | 536/22159 [29:53:57 > 48:59]
SOAP:   2%|▏         | 537/22159 [30:56:41 > 49:05]
SOAP:   2%|▏         | 538/22159 [31:22:03 > 49:10]
SOAP:   2%|▏         | 539/22159 [33:20:57 > 49:17]
SOAP:   2%|▏         | 540/22159 [26:24:01 > 49:18]
SOAP:   2%|▏         | 541/22159 [38:35:55 > 49:30]
SOAP:   2%|▏         | 542/22159 [37:14:32 > 49:35]
SOAP:   2%|▏         | 543/22159 [28:53:09 > 49:37]
SOAP:   2%|▏         | 544/22159 [36:22:44 > 49:46]
SOAP:   2%|▏         | 545/22159 [32:16:15 > 49:50]
SOAP:   2%|▏         | 546/22159 [32:56:08 > 49:55]
SOAP:   2%|▏         | 547/22159 [31:04:46 > 50:00]
SOAP:   2%|▏         | 548/22159 [30:43:54 > 50:05]
SOAP:   2%|▏         | 549/22159 [31:44:51 > 50:10]
SOAP:   2%|▏         | 550/22159 [32:29:40 > 50:16]
SOAP:   2%|▏         | 551/22159 [35:57:22 > 50:24]
SOAP:   2%|▏         | 552/22159 [28:11:23 > 50:25]
SOAP:   2%|▏         | 553/22159 [37:53:04 > 50:35]
SOAP:   3%|▎         | 554/22159 [37:41:24 > 50:41]
SOAP:   3%|▎         | 555/22159 [35:58:40 > 50:47]
SOAP:   3%|▎         | 556/22159 [34:28:23 > 50:52]
SOAP:   3%|▎         | 557/22159 [33:13:03 > 50:57]
SOAP:   3%|▎         | 558/22159 [32:13:41 > 51:02]
SOAP:   3%|▎         | 559/22159 [31:14:59 > 51:07]
SOAP:   3%|▎         | 560/22159 [31:14:52 > 51:12]
SOAP:   3%|▎         | 561/22159 [24:32:59 > 51:14]
SOAP:   3%|▎         | 562/22159 [33:27:21 > 51:23]
SOAP:   3%|▎         | 563/22159 [33:16:40 > 51:28]
SOAP:   3%|▎         | 564/22159 [34:28:03 > 51:34]
SOAP:   3%|▎         | 565/22159 [36:16:27 > 51:41]
SOAP:   3%|▎         | 566/22159 [32:59:18 > 51:45]
SOAP:   3%|▎         | 567/22159 [35:25:58 > 51:52]
SOAP:   3%|▎         | 568/22159 [34:18:02 > 51:57]
SOAP:   3%|▎         | 569/22159 [33:39:13 > 52:03]
SOAP:   3%|▎         | 570/22159 [32:23:45 > 52:08]
SOAP:   3%|▎         | 571/22159 [32:44:51 > 52:13]
SOAP:   3%|▎         | 572/22159 [30:21:00 > 52:17]
SOAP:   3%|▎         | 573/22159 [30:16:45 > 52:22]
SOAP:   3%|▎         | 574/22159 [31:09:21 > 52:28]
SOAP:   3%|▎         | 575/22159 [24:55:19 > 52:30]
SOAP:   3%|▎         | 576/22159 [35:47:52 > 52:40]
SOAP:   3%|▎         | 577/22159 [36:42:05 > 52:46]
SOAP:   3%|▎         | 578/22159 [36:40:23 > 52:52]
SOAP:   3%|▎         | 579/22159 [36:54:12 > 52:59]
SOAP:   3%|▎         | 580/22159 [28:40:38 > 53:00]
SOAP:   3%|▎         | 581/22159 [32:03:47 > 53:07]
SOAP:   3%|▎         | 582/22159 [30:21:18 > 53:11]
SOAP:   3%|▎         | 583/22159 [30:16:16 > 53:16]
SOAP:   3%|▎         | 584/22159 [32:20:27 > 53:23]
SOAP:   3%|▎         | 585/22159 [36:10:24 > 53:30]
SOAP:   3%|▎         | 586/22159 [32:28:15 > 53:34]
SOAP:   3%|▎         | 587/22159 [32:42:37 > 53:40]
SOAP:   3%|▎         | 588/22159 [32:39:12 > 53:45]
SOAP:   3%|▎         | 589/22159 [34:10:47 > 53:51]
SOAP:   3%|▎         | 590/22159 [26:58:24 > 53:53]
SOAP:   3%|▎         | 591/22159 [38:49:45 > 54:04]
SOAP:   3%|▎         | 592/22159 [37:22:33 > 54:10]
SOAP:   3%|▎         | 593/22159 [35:32:31 > 54:15]
SOAP:   3%|▎         | 594/22159 [34:27:46 > 54:20]
SOAP:   3%|▎         | 595/22159 [33:44:28 > 54:26]
SOAP:   3%|▎         | 596/22159 [31:11:42 > 54:30]
SOAP:   3%|▎         | 597/22159 [29:44:57 > 54:34]
SOAP:   3%|▎         | 598/22159 [29:42:27 > 54:39]
SOAP:   3%|▎         | 599/22159 [31:04:07 > 54:45]
SOAP:   3%|▎         | 600/22159 [31:54:45 > 54:51]
SOAP:   3%|▎         | 601/22159 [35:40:03 > 54:58]
SOAP:   3%|▎         | 602/22159 [27:56:24 > 55:00]
SOAP:   3%|▎         | 603/22159 [34:19:06 > 55:08]
SOAP:   3%|▎         | 604/22159 [38:34:05 > 55:16]
SOAP:   3%|▎         | 605/22159 [36:28:53 > 55:21]
SOAP:   3%|▎         | 606/22159 [34:41:27 > 55:26]
SOAP:   3%|▎         | 607/22159 [33:25:13 > 55:32]
SOAP:   3%|▎         | 608/22159 [32:20:19 > 55:37]
SOAP:   3%|▎         | 609/22159 [31:20:11 > 55:41]
SOAP:   3%|▎         | 610/22159 [31:14:39 > 55:47]
SOAP:   3%|▎         | 611/22159 [31:16:02 > 55:52]
SOAP:   3%|▎         | 612/22159 [31:25:20 > 55:57]
SOAP:   3%|▎         | 613/22159 [31:55:44 > 56:03]
SOAP:   3%|▎         | 614/22159 [33:30:39 > 56:09]
SOAP:   3%|▎         | 615/22159 [34:16:43 > 56:15]
SOAP:   3%|▎         | 616/22159 [31:36:09 > 56:19]
SOAP:   3%|▎         | 617/22159 [35:45:36 > 56:27]
SOAP:   3%|▎         | 618/22159 [34:27:01 > 56:32]
SOAP:   3%|▎         | 619/22159 [33:47:13 > 56:37]
SOAP:   3%|▎         | 620/22159 [32:22:55 > 56:42]
SOAP:   3%|▎         | 621/22159 [32:34:28 > 56:48]
SOAP:   3%|▎         | 622/22159 [30:15:18 > 56:52]
SOAP:   3%|▎         | 623/22159 [30:08:31 > 56:57]
SOAP:   3%|▎         | 624/22159 [29:24:32 > 57:01]
SOAP:   3%|▎         | 625/22159 [26:41:28 > 57:05]
SOAP:   3%|▎         | 626/22159 [36:28:28 > 57:15]
SOAP:   3%|▎         | 627/22159 [36:22:06 > 57:21]
SOAP:   3%|▎         | 628/22159 [36:26:45 > 57:27]
SOAP:   3%|▎         | 629/22159 [36:42:47 > 57:33]
SOAP:   3%|▎         | 630/22159 [34:26:55 > 57:38]
SOAP:   3%|▎         | 631/22159 [30:45:12 > 57:42]
SOAP:   3%|▎         | 632/22159 [34:49:22 > 57:49]
SOAP:   3%|▎         | 633/22159 [33:09:23 > 57:54]
SOAP:   3%|▎         | 634/22159 [31:47:03 > 57:59]
SOAP:   3%|▎         | 635/22159 [32:24:49 > 58:05]
SOAP:   3%|▎         | 636/22159 [29:48:55 > 58:09]
SOAP:   3%|▎         | 637/22159 [30:43:59 > 58:14]
SOAP:   3%|▎         | 638/22159 [24:03:52 > 58:15]
SOAP:   3%|▎         | 639/22159 [35:09:02 > 58:26]
SOAP:   3%|▎         | 640/22159 [36:03:15 > 58:32]
SOAP:   3%|▎         | 641/22159 [36:41:43 > 58:38]
SOAP:   3%|▎         | 642/22159 [35:48:58 > 58:44]
SOAP:   3%|▎         | 643/22159 [34:26:45 > 58:49]
SOAP:   3%|▎         | 644/22159 [33:35:24 > 58:55]
SOAP:   3%|▎         | 645/22159 [33:02:12 > 59:00]
SOAP:   3%|▎         | 646/22159 [30:38:26 > 59:04]
SOAP:   3%|▎         | 647/22159 [29:28:08 > 59:09]
SOAP:   3%|▎         | 648/22159 [29:34:41 > 59:14]
SOAP:   3%|▎         | 649/22159 [31:01:26 > 59:19]
SOAP:   3%|▎         | 650/22159 [32:00:43 > 59:25]
SOAP:   3%|▎         | 651/22159 [35:40:35 > 59:32]
SOAP:   3%|▎         | 652/22159 [35:07:47 > 59:38]
SOAP:   3%|▎         | 653/22159 [27:52:41 > 59:40]
SOAP:   3%|▎         | 654/22159 [38:20:19 > 59:50]
SOAP:   3%|▎         | 655/22159 [36:15:50 > 59:56]
SOAP:   3%|▎         | 656/22159 [34:33:59 > 1:00:01]
SOAP:   3%|▎         | 657/22159 [33:10:53 > 1:00:06]
SOAP:   3%|▎         | 658/22159 [32:06:16 > 1:00:11]
SOAP:   3%|▎         | 659/22159 [25:01:44 > 1:00:12]
SOAP:   3%|▎         | 660/22159 [32:52:12 > 1:00:21]
SOAP:   3%|▎         | 661/22159 [25:34:20 > 1:00:22]
SOAP:   3%|▎         | 662/22159 [34:14:41 > 1:00:31]
SOAP:   3%|▎         | 663/22159 [33:51:11 > 1:00:37]
SOAP:   3%|▎         | 664/22159 [34:55:58 > 1:00:43]
SOAP:   3%|▎         | 665/22159 [36:29:07 > 1:00:50]
SOAP:   3%|▎         | 666/22159 [34:48:36 > 1:00:55]
SOAP:   3%|▎         | 667/22159 [35:06:22 > 1:01:01]
SOAP:   3%|▎         | 668/22159 [34:06:49 > 1:01:06]
SOAP:   3%|▎         | 669/22159 [33:31:41 > 1:01:12]
SOAP:   3%|▎         | 670/22159 [32:17:02 > 1:01:17]
SOAP:   3%|▎         | 671/22159 [32:34:00 > 1:01:22]
SOAP:   3%|▎         | 672/22159 [30:15:32 > 1:01:26]
SOAP:   3%|▎         | 673/22159 [30:10:17 > 1:01:31]
SOAP:   3%|▎         | 674/22159 [31:05:43 > 1:01:37]
SOAP:   3%|▎         | 675/22159 [32:19:18 > 1:01:43]
SOAP:   3%|▎         | 676/22159 [34:23:32 > 1:01:50]
SOAP:   3%|▎         | 677/22159 [32:07:01 > 1:01:54]
SOAP:   3%|▎         | 678/22159 [36:18:53 > 1:02:02]
SOAP:   3%|▎         | 679/22159 [36:38:35 > 1:02:08]
SOAP:   3%|▎         | 680/22159 [34:18:59 > 1:02:13]
SOAP:   3%|▎         | 681/22159 [35:40:45 > 1:02:19]
SOAP:   3%|▎         | 682/22159 [33:22:28 > 1:02:24]
SOAP:   3%|▎         | 683/22159 [32:11:40 > 1:02:29]
SOAP:   3%|▎         | 684/22159 [31:03:29 > 1:02:34]
SOAP:   3%|▎         | 685/22159 [31:51:46 > 1:02:39]
SOAP:   3%|▎         | 686/22159 [29:31:32 > 1:02:43]
SOAP:   3%|▎         | 687/22159 [30:38:43 > 1:02:49]
SOAP:   3%|▎         | 688/22159 [31:11:31 > 1:02:54]
SOAP:   3%|▎         | 689/22159 [33:06:21 > 1:03:01]
SOAP:   3%|▎         | 690/22159 [34:42:50 > 1:03:07]
SOAP:   3%|▎         | 691/22159 [35:43:00 > 1:03:14]
SOAP:   3%|▎         | 692/22159 [35:17:06 > 1:03:19]
SOAP:   3%|▎         | 693/22159 [34:00:13 > 1:03:25]
SOAP:   3%|▎         | 694/22159 [33:20:18 > 1:03:30]
SOAP:   3%|▎         | 695/22159 [32:51:20 > 1:03:35]
SOAP:   3%|▎         | 696/22159 [30:31:46 > 1:03:39]
SOAP:   3%|▎         | 697/22159 [23:42:57 > 1:03:41]
SOAP:   3%|▎         | 698/22159 [24:31:54 > 1:03:45]
SOAP:   3%|▎         | 699/22159 [33:55:43 > 1:03:55]
SOAP:   3%|▎         | 700/22159 [34:00:29 > 1:04:00]
SOAP:   3%|▎         | 701/22159 [40:50:48 > 1:04:10]
SOAP:   3%|▎         | 702/22159 [32:14:33 > 1:04:12]
SOAP:   3%|▎         | 703/22159 [42:53:35 > 1:04:23]
SOAP:   3%|▎         | 704/22159 [40:57:05 > 1:04:29]
SOAP:   3%|▎         | 705/22159 [38:06:23 > 1:04:35]
SOAP:   3%|▎         | 706/22159 [35:51:32 > 1:04:40]
SOAP:   3%|▎         | 707/22159 [34:08:03 > 1:04:45]
SOAP:   3%|▎         | 708/22159 [32:43:44 > 1:04:50]
SOAP:   3%|▎         | 709/22159 [31:32:43 > 1:04:55]
SOAP:   3%|▎         | 710/22159 [31:22:00 > 1:05:00]
SOAP:   3%|▎         | 711/22159 [31:19:32 > 1:05:05]
SOAP:   3%|▎         | 712/22159 [31:23:17 > 1:05:10]
SOAP:   3%|▎         | 713/22159 [24:50:04 > 1:05:12]
SOAP:   3%|▎         | 714/22159 [35:27:33 > 1:05:22]
SOAP:   3%|▎         | 715/22159 [36:48:23 > 1:05:29]
SOAP:   3%|▎         | 716/22159 [35:05:21 > 1:05:34]
SOAP:   3%|▎         | 717/22159 [35:20:34 > 1:05:40]
SOAP:   3%|▎         | 718/22159 [34:11:04 > 1:05:45]
SOAP:   3%|▎         | 719/22159 [33:24:29 > 1:05:51]
SOAP:   3%|▎         | 720/22159 [32:03:34 > 1:05:55]
SOAP:   3%|▎         | 721/22159 [32:21:19 > 1:06:01]
SOAP:   3%|▎         | 722/22159 [30:01:42 > 1:06:05]
SOAP:   3%|▎         | 723/22159 [29:54:17 > 1:06:10]
SOAP:   3%|▎         | 724/22159 [24:16:20 > 1:06:12]
SOAP:   3%|▎         | 725/22159 [33:58:01 > 1:06:21]
SOAP:   3%|▎         | 726/22159 [34:29:35 > 1:06:27]
SOAP:   3%|▎         | 727/22159 [35:45:31 > 1:06:34]
SOAP:   3%|▎         | 728/22159 [36:01:03 > 1:06:40]
SOAP:   3%|▎         | 729/22159 [36:18:12 > 1:06:46]
SOAP:   3%|▎         | 730/22159 [34:06:09 > 1:06:51]
SOAP:   3%|▎         | 731/22159 [35:26:48 > 1:06:58]
SOAP:   3%|▎         | 732/22159 [33:10:57 > 1:07:02]
SOAP:   3%|▎         | 733/22159 [31:56:36 > 1:07:07]
SOAP:   3%|▎         | 734/22159 [30:53:18 > 1:07:12]
SOAP:   3%|▎         | 735/22159 [31:40:37 > 1:07:18]
SOAP:   3%|▎         | 736/22159 [29:18:29 > 1:07:22]
SOAP:   3%|▎         | 737/22159 [30:22:47 > 1:07:27]
SOAP:   3%|▎         | 738/22159 [23:53:50 > 1:07:29]
SOAP:   3%|▎         | 739/22159 [35:06:58 > 1:07:39]
SOAP:   3%|▎         | 740/22159 [35:54:10 > 1:07:45]
SOAP:   3%|▎         | 741/22159 [28:13:45 > 1:07:47]
SOAP:   3%|▎         | 742/22159 [38:16:29 > 1:07:57]
SOAP:   3%|▎         | 743/22159 [36:04:24 > 1:08:03]
SOAP:   3%|▎         | 744/22159 [34:48:02 > 1:08:08]
SOAP:   3%|▎         | 745/22159 [33:52:36 > 1:08:13]
SOAP:   3%|▎         | 746/22159 [31:15:30 > 1:08:18]
SOAP:   3%|▎         | 747/22159 [29:47:34 > 1:08:22]
SOAP:   3%|▎         | 748/22159 [23:57:58 > 1:08:24]
SOAP:   3%|▎         | 749/22159 [32:38:38 > 1:08:33]
SOAP:   3%|▎         | 750/22159 [33:00:15 > 1:08:38]
SOAP:   3%|▎         | 751/22159 [36:18:41 > 1:08:46]
SOAP:   3%|▎         | 752/22159 [35:30:04 > 1:08:51]
SOAP:   3%|▎         | 753/22159 [35:47:44 > 1:08:57]
SOAP:   3%|▎         | 754/22159 [36:07:59 > 1:09:04]
SOAP:   3%|▎         | 755/22159 [34:43:44 > 1:09:09]
SOAP:   3%|▎         | 756/22159 [33:26:44 > 1:09:14]
SOAP:   3%|▎         | 757/22159 [32:28:08 > 1:09:19]
SOAP:   3%|▎         | 758/22159 [31:34:34 > 1:09:24]
SOAP:   3%|▎         | 759/22159 [30:43:22 > 1:09:29]
SOAP:   3%|▎         | 760/22159 [30:47:58 > 1:09:34]
SOAP:   3%|▎         | 761/22159 [30:53:42 > 1:09:39]
SOAP:   3%|▎         | 762/22159 [31:09:43 > 1:09:45]
SOAP:   3%|▎         | 763/22159 [31:36:20 > 1:09:50]
SOAP:   3%|▎         | 764/22159 [33:13:46 > 1:09:56]
SOAP:   3%|▎         | 765/22159 [35:16:57 > 1:10:03]
SOAP:   3%|▎         | 766/22159 [34:01:04 > 1:10:08]
SOAP:   3%|▎         | 767/22159 [26:12:20 > 1:10:10]
SOAP:   3%|▎         | 768/22159 [35:59:10 > 1:10:20]
SOAP:   3%|▎         | 769/22159 [32:23:07 > 1:10:24]
SOAP:   3%|▎         | 770/22159 [33:45:52 > 1:10:30]
SOAP:   3%|▎         | 771/22159 [32:21:23 > 1:10:35]
SOAP:   3%|▎         | 772/22159 [31:07:03 > 1:10:40]
SOAP:   3%|▎         | 773/22159 [30:40:23 > 1:10:45]
SOAP:   3%|▎         | 774/22159 [31:18:17 > 1:10:50]
SOAP:   3%|▎         | 775/22159 [32:16:43 > 1:10:56]
SOAP:   4%|▎         | 776/22159 [34:13:52 > 1:11:02]
SOAP:   4%|▎         | 777/22159 [34:42:07 > 1:11:08]
SOAP:   4%|▎         | 778/22159 [35:10:32 > 1:11:15]
SOAP:   4%|▎         | 779/22159 [35:35:22 > 1:11:21]
SOAP:   4%|▎         | 780/22159 [33:33:37 > 1:11:26]
SOAP:   4%|▎         | 781/22159 [35:04:04 > 1:11:32]
SOAP:   4%|▎         | 782/22159 [32:55:01 > 1:11:37]
SOAP:   4%|▎         | 783/22159 [31:31:17 > 1:11:42]
SOAP:   4%|▎         | 784/22159 [30:55:30 > 1:11:47]
SOAP:   4%|▎         | 785/22159 [31:38:36 > 1:11:52]
SOAP:   4%|▎         | 786/22159 [28:58:34 > 1:11:56]
SOAP:   4%|▎         | 787/22159 [30:30:41 > 1:12:02]
SOAP:   4%|▎         | 788/22159 [31:00:05 > 1:12:07]
SOAP:   4%|▎         | 789/22159 [32:53:12 > 1:12:13]
SOAP:   4%|▎         | 790/22159 [34:28:05 > 1:12:20]
SOAP:   4%|▎         | 791/22159 [35:30:30 > 1:12:26]
SOAP:   4%|▎         | 792/22159 [34:55:17 > 1:12:32]
SOAP:   4%|▎         | 793/22159 [33:41:12 > 1:12:37]
SOAP:   4%|▎         | 794/22159 [32:59:11 > 1:12:42]
SOAP:   4%|▎         | 795/22159 [32:31:09 > 1:12:48]
SOAP:   4%|▎         | 796/22159 [30:15:55 > 1:12:52]
SOAP:   4%|▎         | 797/22159 [29:06:03 > 1:12:56]
SOAP:   4%|▎         | 798/22159 [29:20:08 > 1:13:01]
SOAP:   4%|▎         | 799/22159 [30:43:18 > 1:13:07]
SOAP:   4%|▎         | 800/22159 [31:38:13 > 1:13:13]
SOAP:   4%|▎         | 801/22159 [35:17:14 > 1:13:20]
SOAP:   4%|▎         | 802/22159 [34:40:44 > 1:13:26]
SOAP:   4%|▎         | 803/22159 [35:11:57 > 1:13:32]
SOAP:   4%|▎         | 804/22159 [35:37:22 > 1:13:38]
SOAP:   4%|▎         | 805/22159 [34:19:39 > 1:13:43]
SOAP:   4%|▎         | 806/22159 [33:09:04 > 1:13:49]
SOAP:   4%|▎         | 807/22159 [32:11:27 > 1:13:54]
SOAP:   4%|▎         | 808/22159 [31:20:36 > 1:13:59]
SOAP:   4%|▎         | 809/22159 [30:30:40 > 1:14:03]
SOAP:   4%|▎         | 810/22159 [30:36:06 > 1:14:09]
SOAP:   4%|▎         | 811/22159 [30:47:44 > 1:14:14]
SOAP:   4%|▎         | 812/22159 [30:59:09 > 1:14:19]
SOAP:   4%|▎         | 813/22159 [31:25:20 > 1:14:25]
SOAP:   4%|▎         | 814/22159 [32:55:54 > 1:14:31]
SOAP:   4%|▎         | 815/22159 [35:07:09 > 1:14:37]
SOAP:   4%|▎         | 816/22159 [33:48:38 > 1:14:43]
SOAP:   4%|▎         | 817/22159 [34:07:57 > 1:14:49]
SOAP:   4%|▎         | 818/22159 [31:29:57 > 1:14:53]
SOAP:   4%|▎         | 819/22159 [27:50:37 > 1:14:56]
SOAP:   4%|▎         | 820/22159 [33:27:51 > 1:15:04]
SOAP:   4%|▎         | 821/22159 [33:15:45 > 1:15:09]
SOAP:   4%|▎         | 822/22159 [30:39:14 > 1:15:14]
SOAP:   4%|▎         | 823/22159 [30:20:53 > 1:15:19]
SOAP:   4%|▎         | 824/22159 [31:06:52 > 1:15:24]
SOAP:   4%|▎         | 825/22159 [32:12:21 > 1:15:30]
SOAP:   4%|▎         | 826/22159 [34:04:52 > 1:15:37]
SOAP:   4%|▎         | 827/22159 [34:34:53 > 1:15:43]
SOAP:   4%|▎         | 828/22159 [34:55:38 > 1:15:49]
SOAP:   4%|▎         | 829/22159 [35:29:57 > 1:15:55]
SOAP:   4%|▎         | 830/22159 [33:26:32 > 1:16:00]
SOAP:   4%|▍         | 831/22159 [34:55:40 > 1:16:06]
SOAP:   4%|▍         | 832/22159 [32:48:47 > 1:16:11]
SOAP:   4%|▍         | 833/22159 [31:42:45 > 1:16:16]
SOAP:   4%|▍         | 834/22159 [30:39:56 > 1:16:21]
SOAP:   4%|▍         | 835/22159 [31:25:36 > 1:16:26]
SOAP:   4%|▍         | 836/22159 [29:04:49 > 1:16:30]
SOAP:   4%|▍         | 837/22159 [28:07:04 > 1:16:35]
SOAP:   4%|▍         | 838/22159 [31:25:38 > 1:16:41]
SOAP:   4%|▍         | 839/22159 [33:09:32 > 1:16:47]
SOAP:   4%|▍         | 840/22159 [34:38:42 > 1:16:54]
SOAP:   4%|▍         | 841/22159 [35:39:21 > 1:17:00]
SOAP:   4%|▍         | 842/22159 [34:59:29 > 1:17:06]
SOAP:   4%|▍         | 843/22159 [33:42:22 > 1:17:11]
SOAP:   4%|▍         | 844/22159 [33:01:54 > 1:17:16]
SOAP:   4%|▍         | 845/22159 [25:46:25 > 1:17:18]
SOAP:   4%|▍         | 846/22159 [32:17:28 > 1:17:26]
SOAP:   4%|▍         | 847/22159 [30:24:58 > 1:17:30]
SOAP:   4%|▍         | 848/22159 [30:01:28 > 1:17:35]
SOAP:   4%|▍         | 849/22159 [31:10:13 > 1:17:41]
SOAP:   4%|▍         | 850/22159 [31:51:00 > 1:17:47]
SOAP:   4%|▍         | 851/22159 [31:37:29 > 1:17:52]
SOAP:   4%|▍         | 852/22159 [35:52:46 > 1:18:00]
SOAP:   4%|▍         | 853/22159 [35:55:40 > 1:18:06]
SOAP:   4%|▍         | 854/22159 [36:07:55 > 1:18:12]
SOAP:   4%|▍         | 855/22159 [34:41:29 > 1:18:17]
SOAP:   4%|▍         | 856/22159 [33:17:07 > 1:18:22]
SOAP:   4%|▍         | 857/22159 [25:38:06 > 1:18:24]
SOAP:   4%|▍         | 858/22159 [33:12:12 > 1:18:32]
SOAP:   4%|▍         | 859/22159 [31:46:32 > 1:18:37]
SOAP:   4%|▍         | 860/22159 [25:03:26 > 1:18:39]
SOAP:   4%|▍         | 861/22159 [33:11:35 > 1:18:47]
SOAP:   4%|▍         | 862/22159 [32:38:10 > 1:18:53]
SOAP:   4%|▍         | 863/22159 [32:34:59 > 1:18:58]
SOAP:   4%|▍         | 864/22159 [33:46:18 > 1:19:04]
SOAP:   4%|▍         | 865/22159 [35:38:28 > 1:19:11]
SOAP:   4%|▍         | 866/22159 [34:10:06 > 1:19:16]
SOAP:   4%|▍         | 867/22159 [34:32:53 > 1:19:22]
SOAP:   4%|▍         | 868/22159 [33:30:49 > 1:19:28]
SOAP:   4%|▍         | 869/22159 [32:58:20 > 1:19:33]
SOAP:   4%|▍         | 870/22159 [31:44:27 > 1:19:38]
SOAP:   4%|▍         | 871/22159 [32:01:26 > 1:19:43]
SOAP:   4%|▍         | 872/22159 [29:43:29 > 1:19:47]
SOAP:   4%|▍         | 873/22159 [29:38:52 > 1:19:52]
SOAP:   4%|▍         | 874/22159 [30:31:22 > 1:19:58]
SOAP:   4%|▍         | 875/22159 [31:41:30 > 1:20:04]
SOAP:   4%|▍         | 876/22159 [26:53:09 > 1:20:06]
SOAP:   4%|▍         | 877/22159 [28:44:13 > 1:20:12]
SOAP:   4%|▍         | 878/22159 [38:47:35 > 1:20:23]
SOAP:   4%|▍         | 879/22159 [38:14:02 > 1:20:29]
SOAP:   4%|▍         | 880/22159 [35:25:21 > 1:20:34]
SOAP:   4%|▍         | 881/22159 [27:42:55 > 1:20:35]
SOAP:   4%|▍         | 882/22159 [36:26:34 > 1:20:45]
SOAP:   4%|▍         | 883/22159 [34:11:28 > 1:20:50]
SOAP:   4%|▍         | 884/22159 [32:19:38 > 1:20:55]
SOAP:   4%|▍         | 885/22159 [32:40:06 > 1:21:00]
SOAP:   4%|▍         | 886/22159 [29:53:13 > 1:21:04]
SOAP:   4%|▍         | 887/22159 [30:46:21 > 1:21:10]
SOAP:   4%|▍         | 888/22159 [31:07:29 > 1:21:15]
SOAP:   4%|▍         | 889/22159 [32:54:50 > 1:21:21]
SOAP:   4%|▍         | 890/22159 [34:28:35 > 1:21:28]
SOAP:   4%|▍         | 891/22159 [35:24:47 > 1:21:34]
SOAP:   4%|▍         | 892/22159 [34:49:23 > 1:21:40]
SOAP:   4%|▍         | 893/22159 [27:06:26 > 1:21:41]
SOAP:   4%|▍         | 894/22159 [34:45:53 > 1:21:50]
SOAP:   4%|▍         | 895/22159 [33:43:40 > 1:21:56]
SOAP:   4%|▍         | 896/22159 [31:05:16 > 1:22:00]
SOAP:   4%|▍         | 897/22159 [29:37:09 > 1:22:04]
SOAP:   4%|▍         | 898/22159 [29:35:56 > 1:22:09]
SOAP:   4%|▍         | 899/22159 [30:51:21 > 1:22:15]
SOAP:   4%|▍         | 900/22159 [31:39:23 > 1:22:21]
SOAP:   4%|▍         | 901/22159 [35:18:15 > 1:22:28]
SOAP:   4%|▍         | 902/22159 [27:41:37 > 1:22:30]
SOAP:   4%|▍         | 903/22159 [37:16:13 > 1:22:40]
SOAP:   4%|▍         | 904/22159 [37:02:24 > 1:22:46]
SOAP:   4%|▍         | 905/22159 [35:18:22 > 1:22:51]
SOAP:   4%|▍         | 906/22159 [33:50:51 > 1:22:57]
SOAP:   4%|▍         | 907/22159 [32:33:57 > 1:23:02]
SOAP:   4%|▍         | 908/22159 [26:36:49 > 1:23:04]
SOAP:   4%|▍         | 909/22159 [32:09:56 > 1:23:11]
SOAP:   4%|▍         | 910/22159 [31:43:59 > 1:23:17]
SOAP:   4%|▍         | 911/22159 [31:30:45 > 1:23:22]
SOAP:   4%|▍         | 912/22159 [31:26:18 > 1:23:27]
SOAP:   4%|▍         | 913/22159 [31:50:58 > 1:23:33]
SOAP:   4%|▍         | 914/22159 [33:22:54 > 1:23:39]
SOAP:   4%|▍         | 915/22159 [35:23:24 > 1:23:46]
SOAP:   4%|▍         | 916/22159 [33:56:21 > 1:23:51]
SOAP:   4%|▍         | 917/22159 [31:47:13 > 1:23:55]
SOAP:   4%|▍         | 918/22159 [34:06:18 > 1:24:02]
SOAP:   4%|▍         | 919/22159 [26:46:37 > 1:24:04]
SOAP:   4%|▍         | 920/22159 [33:54:57 > 1:24:12]
SOAP:   4%|▍         | 921/22159 [33:34:27 > 1:24:18]
SOAP:   4%|▍         | 922/22159 [30:50:43 > 1:24:22]
SOAP:   4%|▍         | 923/22159 [30:27:16 > 1:24:27]
SOAP:   4%|▍         | 924/22159 [31:09:20 > 1:24:33]
SOAP:   4%|▍         | 925/22159 [32:10:14 > 1:24:38]
SOAP:   4%|▍         | 926/22159 [34:02:57 > 1:24:45]
SOAP:   4%|▍         | 927/22159 [34:25:47 > 1:24:51]
SOAP:   4%|▍         | 928/22159 [34:56:16 > 1:24:57]
SOAP:   4%|▍         | 929/22159 [35:31:51 > 1:25:03]
SOAP:   4%|▍         | 930/22159 [33:34:28 > 1:25:08]
SOAP:   4%|▍         | 931/22159 [34:58:00 > 1:25:15]
SOAP:   4%|▍         | 932/22159 [32:43:04 > 1:25:19]
SOAP:   4%|▍         | 933/22159 [31:33:12 > 1:25:24]
SOAP:   4%|▍         | 934/22159 [30:28:20 > 1:25:29]
SOAP:   4%|▍         | 935/22159 [23:55:49 > 1:25:31]
SOAP:   4%|▍         | 936/22159 [30:53:51 > 1:25:39]
SOAP:   4%|▍         | 937/22159 [31:20:57 > 1:25:44]
SOAP:   4%|▍         | 938/22159 [31:23:40 > 1:25:49]
SOAP:   4%|▍         | 939/22159 [33:05:54 > 1:25:56]
SOAP:   4%|▍         | 940/22159 [34:29:00 > 1:26:02]
SOAP:   4%|▍         | 941/22159 [35:23:39 > 1:26:08]
SOAP:   4%|▍         | 942/22159 [34:43:47 > 1:26:14]
SOAP:   4%|▍         | 943/22159 [27:05:35 > 1:26:16]
SOAP:   4%|▍         | 944/22159 [34:51:05 > 1:26:25]
SOAP:   4%|▍         | 945/22159 [33:50:35 > 1:26:30]
SOAP:   4%|▍         | 946/22159 [31:04:51 > 1:26:34]
SOAP:   4%|▍         | 947/22159 [29:36:26 > 1:26:39]
SOAP:   4%|▍         | 948/22159 [29:33:25 > 1:26:44]
SOAP:   4%|▍         | 949/22159 [30:44:42 > 1:26:49]
SOAP:   4%|▍         | 950/22159 [31:36:09 > 1:26:55]
SOAP:   4%|▍         | 951/22159 [35:05:32 > 1:27:02]
SOAP:   4%|▍         | 952/22159 [27:32:35 > 1:27:04]
SOAP:   4%|▍         | 953/22159 [37:06:04 > 1:27:14]
SOAP:   4%|▍         | 954/22159 [36:50:26 > 1:27:20]
SOAP:   4%|▍         | 955/22159 [35:07:43 > 1:27:26]
SOAP:   4%|▍         | 956/22159 [33:38:23 > 1:27:31]
SOAP:   4%|▍         | 957/22159 [32:29:17 > 1:27:36]
SOAP:   4%|▍         | 958/22159 [31:32:52 > 1:27:41]
SOAP:   4%|▍         | 959/22159 [30:42:34 > 1:27:46]
SOAP:   4%|▍         | 960/22159 [30:43:37 > 1:27:51]
SOAP:   4%|▍         | 961/22159 [30:46:54 > 1:27:56]
SOAP:   4%|▍         | 962/22159 [30:55:26 > 1:28:01]
SOAP:   4%|▍         | 963/22159 [31:20:09 > 1:28:07]
SOAP:   4%|▍         | 964/22159 [32:57:17 > 1:28:13]
SOAP:   4%|▍         | 965/22159 [34:57:15 > 1:28:20]
SOAP:   4%|▍         | 966/22159 [33:35:45 > 1:28:25]
SOAP:   4%|▍         | 967/22159 [30:44:40 > 1:28:29]
SOAP:   4%|▍         | 968/22159 [34:07:50 > 1:28:36]
SOAP:   4%|▍         | 969/22159 [33:21:38 > 1:28:42]
SOAP:   4%|▍         | 970/22159 [32:01:58 > 1:28:47]
SOAP:   4%|▍         | 971/22159 [32:12:41 > 1:28:52]
SOAP:   4%|▍         | 972/22159 [29:51:45 > 1:28:56]
SOAP:   4%|▍         | 973/22159 [29:49:16 > 1:29:01]
SOAP:   4%|▍         | 974/22159 [30:40:02 > 1:29:07]
SOAP:   4%|▍         | 975/22159 [31:46:08 > 1:29:13]
SOAP:   4%|▍         | 976/22159 [30:44:45 > 1:29:17]
SOAP:   4%|▍         | 977/22159 [35:10:41 > 1:29:25]
SOAP:   4%|▍         | 978/22159 [35:24:51 > 1:29:31]
SOAP:   4%|▍         | 979/22159 [35:43:41 > 1:29:38]
SOAP:   4%|▍         | 980/22159 [27:50:11 > 1:29:39]
SOAP:   4%|▍         | 981/22159 [34:06:47 > 1:29:47]
SOAP:   4%|▍         | 982/22159 [28:47:14 > 1:29:50]
SOAP:   4%|▍         | 983/22159 [28:58:27 > 1:29:55]
SOAP:   4%|▍         | 984/22159 [34:32:08 > 1:30:03]
SOAP:   4%|▍         | 985/22159 [34:14:05 > 1:30:09]
SOAP:   4%|▍         | 986/22159 [31:00:35 > 1:30:13]
SOAP:   4%|▍         | 987/22159 [29:42:48 > 1:30:17]
SOAP:   4%|▍         | 988/22159 [26:35:04 > 1:30:21]
SOAP:   4%|▍         | 989/22159 [27:22:49 > 1:30:26]
SOAP:   4%|▍         | 990/22159 [37:46:20 > 1:30:36]
SOAP:   4%|▍         | 991/22159 [37:42:36 > 1:30:43]
SOAP:   4%|▍         | 992/22159 [36:24:35 > 1:30:48]
SOAP:   4%|▍         | 993/22159 [34:34:31 > 1:30:54]
SOAP:   4%|▍         | 994/22159 [33:35:26 > 1:30:59]
SOAP:   4%|▍         | 995/22159 [32:51:26 > 1:31:04]
SOAP:   4%|▍         | 996/22159 [30:19:12 > 1:31:08]
SOAP:   4%|▍         | 997/22159 [28:34:47 > 1:31:12]
SOAP:   5%|▍         | 998/22159 [29:11:41 > 1:31:18]
SOAP:   5%|▍         | 999/22159 [30:30:08 > 1:31:23]
SOAP:   5%|▍         | 1000/22159 [31:21:05 > 1:31:29]
SOAP:   5%|▍         | 1001/22159 [34:55:08 > 1:31:36]
SOAP:   5%|▍         | 1002/22159 [34:23:19 > 1:31:42]
SOAP:   5%|▍         | 1003/22159 [34:54:40 > 1:31:48]
SOAP:   5%|▍         | 1004/22159 [35:17:59 > 1:31:54]
SOAP:   5%|▍         | 1005/22159 [34:03:55 > 1:32:00]
SOAP:   5%|▍         | 1006/22159 [32:55:34 > 1:32:05]
SOAP:   5%|▍         | 1007/22159 [31:57:23 > 1:32:10]
SOAP:   5%|▍         | 1008/22159 [31:05:45 > 1:32:15]
SOAP:   5%|▍         | 1009/22159 [30:14:02 > 1:32:20]
SOAP:   5%|▍         | 1010/22159 [30:15:01 > 1:32:25]
SOAP:   5%|▍         | 1011/22159 [30:27:31 > 1:32:30]
SOAP:   5%|▍         | 1012/22159 [30:40:35 > 1:32:35]
SOAP:   5%|▍         | 1013/22159 [24:19:49 > 1:32:37]
SOAP:   5%|▍         | 1014/22159 [34:49:24 > 1:32:47]
SOAP:   5%|▍         | 1015/22159 [36:08:35 > 1:32:54]
SOAP:   5%|▍         | 1016/22159 [34:25:11 > 1:32:59]
SOAP:   5%|▍         | 1017/22159 [34:33:25 > 1:33:05]
SOAP:   5%|▍         | 1018/22159 [33:19:37 > 1:33:10]
SOAP:   5%|▍         | 1019/22159 [32:50:43 > 1:33:15]
SOAP:   5%|▍         | 1020/22159 [31:36:51 > 1:33:20]
SOAP:   5%|▍         | 1021/22159 [31:51:41 > 1:33:26]
SOAP:   5%|▍         | 1022/22159 [29:24:09 > 1:33:30]
SOAP:   5%|▍         | 1023/22159 [29:22:37 > 1:33:35]
SOAP:   5%|▍         | 1024/22159 [30:19:58 > 1:33:40]
SOAP:   5%|▍         | 1025/22159 [31:26:40 > 1:33:46]
SOAP:   5%|▍         | 1026/22159 [26:16:16 > 1:33:49]
SOAP:   5%|▍         | 1027/22159 [36:05:09 > 1:33:59]
SOAP:   5%|▍         | 1028/22159 [36:02:50 > 1:34:05]
SOAP:   5%|▍         | 1029/22159 [36:15:52 > 1:34:11]
SOAP:   5%|▍         | 1030/22159 [33:59:34 > 1:34:16]
SOAP:   5%|▍         | 1031/22159 [35:18:34 > 1:34:23]
SOAP:   5%|▍         | 1032/22159 [33:00:57 > 1:34:27]
SOAP:   5%|▍         | 1033/22159 [31:47:21 > 1:34:32]
SOAP:   5%|▍         | 1034/22159 [30:44:25 > 1:34:37]
SOAP:   5%|▍         | 1035/22159 [27:25:09 > 1:34:40]
SOAP:   5%|▍         | 1036/22159 [29:02:52 > 1:34:46]
SOAP:   5%|▍         | 1037/22159 [31:04:07 > 1:34:52]
SOAP:   5%|▍         | 1038/22159 [31:11:44 > 1:34:57]
SOAP:   5%|▍         | 1039/22159 [32:52:30 > 1:35:04]
SOAP:   5%|▍         | 1040/22159 [25:58:27 > 1:35:05]
SOAP:   5%|▍         | 1041/22159 [37:44:11 > 1:35:17]
SOAP:   5%|▍         | 1042/22159 [36:23:11 > 1:35:22]
SOAP:   5%|▍         | 1043/22159 [34:41:22 > 1:35:27]
SOAP:   5%|▍         | 1044/22159 [33:38:49 > 1:35:33]
SOAP:   5%|▍         | 1045/22159 [32:50:07 > 1:35:38]
SOAP:   5%|▍         | 1046/22159 [30:08:41 > 1:35:42]
SOAP:   5%|▍         | 1047/22159 [28:55:53 > 1:35:47]
SOAP:   5%|▍         | 1048/22159 [28:51:35 > 1:35:51]
SOAP:   5%|▍         | 1049/22159 [30:16:39 > 1:35:57]
SOAP:   5%|▍         | 1050/22159 [25:06:23 > 1:35:59]
SOAP:   5%|▍         | 1051/22159 [36:37:27 > 1:36:10]
SOAP:   5%|▍         | 1052/22159 [35:31:39 > 1:36:16]
SOAP:   5%|▍         | 1053/22159 [35:40:39 > 1:36:22]
SOAP:   5%|▍         | 1054/22159 [35:44:50 > 1:36:28]
SOAP:   5%|▍         | 1055/22159 [34:18:14 > 1:36:33]
SOAP:   5%|▍         | 1056/22159 [33:02:08 > 1:36:39]
SOAP:   5%|▍         | 1057/22159 [31:59:38 > 1:36:44]
SOAP:   5%|▍         | 1058/22159 [31:03:44 > 1:36:48]
SOAP:   5%|▍         | 1059/22159 [30:09:16 > 1:36:53]
SOAP:   5%|▍         | 1060/22159 [30:13:35 > 1:36:58]
SOAP:   5%|▍         | 1061/22159 [30:30:52 > 1:37:04]
SOAP:   5%|▍         | 1062/22159 [30:37:30 > 1:37:09]
SOAP:   5%|▍         | 1063/22159 [31:04:04 > 1:37:15]
SOAP:   5%|▍         | 1064/22159 [32:36:27 > 1:37:21]
SOAP:   5%|▍         | 1065/22159 [34:39:47 > 1:37:27]
SOAP:   5%|▍         | 1066/22159 [33:20:03 > 1:37:33]
SOAP:   5%|▍         | 1067/22159 [33:49:30 > 1:37:39]
SOAP:   5%|▍         | 1068/22159 [32:54:37 > 1:37:44]
SOAP:   5%|▍         | 1069/22159 [32:24:57 > 1:37:49]
SOAP:   5%|▍         | 1070/22159 [31:11:10 > 1:37:54]
SOAP:   5%|▍         | 1071/22159 [31:28:47 > 1:37:59]
SOAP:   5%|▍         | 1072/22159 [29:18:51 > 1:38:04]
SOAP:   5%|▍         | 1073/22159 [29:17:02 > 1:38:09]
SOAP:   5%|▍         | 1074/22159 [30:10:57 > 1:38:14]
SOAP:   5%|▍         | 1075/22159 [31:26:02 > 1:38:20]
SOAP:   5%|▍         | 1076/22159 [33:32:01 > 1:38:27]
SOAP:   5%|▍         | 1077/22159 [34:06:37 > 1:38:33]
SOAP:   5%|▍         | 1078/22159 [34:35:27 > 1:38:39]
SOAP:   5%|▍         | 1079/22159 [35:07:22 > 1:38:45]
SOAP:   5%|▍         | 1080/22159 [33:06:20 > 1:38:50]
SOAP:   5%|▍         | 1081/22159 [34:35:23 > 1:38:56]
SOAP:   5%|▍         | 1082/22159 [32:28:15 > 1:39:01]
SOAP:   5%|▍         | 1083/22159 [31:22:00 > 1:39:06]
SOAP:   5%|▍         | 1084/22159 [30:17:45 > 1:39:11]
SOAP:   5%|▍         | 1085/22159 [31:09:06 > 1:39:16]
SOAP:   5%|▍         | 1086/22159 [28:50:04 > 1:39:20]
SOAP:   5%|▍         | 1087/22159 [29:49:08 > 1:39:26]
SOAP:   5%|▍         | 1088/22159 [30:23:56 > 1:39:31]
SOAP:   5%|▍         | 1089/22159 [32:16:26 > 1:39:37]
SOAP:   5%|▍         | 1090/22159 [33:49:28 > 1:39:44]
SOAP:   5%|▍         | 1091/22159 [26:41:30 > 1:39:46]
SOAP:   5%|▍         | 1092/22159 [36:52:27 > 1:39:56]
SOAP:   5%|▍         | 1093/22159 [34:56:41 > 1:40:01]
SOAP:   5%|▍         | 1094/22159 [27:12:47 > 1:40:03]
SOAP:   5%|▍         | 1095/22159 [28:08:15 > 1:40:08]
SOAP:   5%|▍         | 1096/22159 [33:46:02 > 1:40:16]
SOAP:   5%|▍         | 1097/22159 [31:27:55 > 1:40:20]
SOAP:   5%|▍         | 1098/22159 [30:45:10 > 1:40:25]
SOAP:   5%|▍         | 1099/22159 [31:29:58 > 1:40:31]
SOAP:   5%|▍         | 1100/22159 [32:05:17 > 1:40:37]
SOAP:   5%|▍         | 1101/22159 [35:22:35 > 1:40:44]
SOAP:   5%|▍         | 1102/22159 [34:38:45 > 1:40:50]
SOAP:   5%|▍         | 1103/22159 [35:04:37 > 1:40:56]
SOAP:   5%|▍         | 1104/22159 [35:22:14 > 1:41:02]
SOAP:   5%|▍         | 1105/22159 [34:06:46 > 1:41:07]
SOAP:   5%|▍         | 1106/22159 [32:42:02 > 1:41:12]
SOAP:   5%|▍         | 1107/22159 [31:43:52 > 1:41:17]
SOAP:   5%|▌         | 1108/22159 [30:52:27 > 1:41:22]
SOAP:   5%|▌         | 1109/22159 [29:59:40 > 1:41:27]
SOAP:   5%|▌         | 1110/22159 [30:05:16 > 1:41:32]
SOAP:   5%|▌         | 1111/22159 [30:19:43 > 1:41:38]
SOAP:   5%|▌         | 1112/22159 [30:31:41 > 1:41:43]
SOAP:   5%|▌         | 1113/22159 [24:12:30 > 1:41:45]
SOAP:   5%|▌         | 1114/22159 [27:40:06 > 1:41:51]
SOAP:   5%|▌         | 1115/22159 [37:57:50 > 1:42:01]
SOAP:   5%|▌         | 1116/22159 [35:30:40 > 1:42:06]
SOAP:   5%|▌         | 1117/22159 [35:11:31 > 1:42:12]
SOAP:   5%|▌         | 1118/22159 [33:49:13 > 1:42:18]
SOAP:   5%|▌         | 1119/22159 [33:01:46 > 1:42:23]
SOAP:   5%|▌         | 1120/22159 [28:09:20 > 1:42:26]
SOAP:   5%|▌         | 1121/22159 [25:31:55 > 1:42:29]
SOAP:   5%|▌         | 1122/22159 [32:22:05 > 1:42:37]
SOAP:   5%|▌         | 1123/22159 [31:25:47 > 1:42:42]
SOAP:   5%|▌         | 1124/22159 [31:45:18 > 1:42:48]
SOAP:   5%|▌         | 1125/22159 [32:32:19 > 1:42:54]
SOAP:   5%|▌         | 1126/22159 [34:21:32 > 1:43:00]
SOAP:   5%|▌         | 1127/22159 [34:38:49 > 1:43:06]
SOAP:   5%|▌         | 1128/22159 [34:56:59 > 1:43:13]
SOAP:   5%|▌         | 1129/22159 [35:29:01 > 1:43:19]
SOAP:   5%|▌         | 1130/22159 [33:20:00 > 1:43:24]
SOAP:   5%|▌         | 1131/22159 [34:46:32 > 1:43:30]
SOAP:   5%|▌         | 1132/22159 [32:31:22 > 1:43:35]
SOAP:   5%|▌         | 1133/22159 [31:23:17 > 1:43:40]
SOAP:   5%|▌         | 1134/22159 [24:40:26 > 1:43:41]
SOAP:   5%|▌         | 1135/22159 [32:42:27 > 1:43:50]
SOAP:   5%|▌         | 1136/22159 [29:56:59 > 1:43:54]
SOAP:   5%|▌         | 1137/22159 [30:41:09 > 1:44:00]
SOAP:   5%|▌         | 1138/22159 [30:51:18 > 1:44:05]
SOAP:   5%|▌         | 1139/22159 [32:42:54 > 1:44:11]
SOAP:   5%|▌         | 1140/22159 [34:10:03 > 1:44:18]
SOAP:   5%|▌         | 1141/22159 [31:59:58 > 1:44:23]
SOAP:   5%|▌         | 1142/22159 [35:30:34 > 1:44:30]
SOAP:   5%|▌         | 1143/22159 [32:08:12 > 1:44:34]
SOAP:   5%|▌         | 1144/22159 [33:39:19 > 1:44:41]
SOAP:   5%|▌         | 1145/22159 [32:48:13 > 1:44:46]
SOAP:   5%|▌         | 1146/22159 [30:18:44 > 1:44:50]
SOAP:   5%|▌         | 1147/22159 [28:56:29 > 1:44:54]
SOAP:   5%|▌         | 1148/22159 [22:39:52 > 1:44:56]
SOAP:   5%|▌         | 1149/22159 [32:21:25 > 1:45:05]
SOAP:   5%|▌         | 1150/22159 [29:37:13 > 1:45:09]
SOAP:   5%|▌         | 1151/22159 [36:40:00 > 1:45:18]
SOAP:   5%|▌         | 1152/22159 [35:32:15 > 1:45:24]
SOAP:   5%|▌         | 1153/22159 [35:38:47 > 1:45:30]
SOAP:   5%|▌         | 1154/22159 [35:45:04 > 1:45:36]
SOAP:   5%|▌         | 1155/22159 [34:19:35 > 1:45:42]
SOAP:   5%|▌         | 1156/22159 [32:55:42 > 1:45:47]
SOAP:   5%|▌         | 1157/22159 [31:50:11 > 1:45:52]
SOAP:   5%|▌         | 1158/22159 [30:56:44 > 1:45:57]
SOAP:   5%|▌         | 1159/22159 [29:59:21 > 1:46:01]
SOAP:   5%|▌         | 1160/22159 [30:03:10 > 1:46:07]
SOAP:   5%|▌         | 1161/22159 [30:13:44 > 1:46:12]
SOAP:   5%|▌         | 1162/22159 [30:18:57 > 1:46:17]
SOAP:   5%|▌         | 1163/22159 [30:50:13 > 1:46:23]
SOAP:   5%|▌         | 1164/22159 [32:12:15 > 1:46:29]
SOAP:   5%|▌         | 1165/22159 [34:20:40 > 1:46:35]
SOAP:   5%|▌         | 1166/22159 [33:03:05 > 1:46:41]
SOAP:   5%|▌         | 1167/22159 [33:31:16 > 1:46:46]
SOAP:   5%|▌         | 1168/22159 [32:37:03 > 1:46:52]
SOAP:   5%|▌         | 1169/22159 [30:08:51 > 1:46:56]
SOAP:   5%|▌         | 1170/22159 [31:36:55 > 1:47:02]
SOAP:   5%|▌         | 1171/22159 [31:48:57 > 1:47:07]
SOAP:   5%|▌         | 1172/22159 [29:24:21 > 1:47:11]
SOAP:   5%|▌         | 1173/22159 [29:10:26 > 1:47:16]
SOAP:   5%|▌         | 1174/22159 [30:09:38 > 1:47:22]
SOAP:   5%|▌         | 1175/22159 [31:15:30 > 1:47:28]
SOAP:   5%|▌         | 1176/22159 [33:17:48 > 1:47:34]
SOAP:   5%|▌         | 1177/22159 [26:11:25 > 1:47:36]
SOAP:   5%|▌         | 1178/22159 [33:02:53 > 1:47:44]
SOAP:   5%|▌         | 1179/22159 [37:33:15 > 1:47:53]
SOAP:   5%|▌         | 1180/22159 [34:52:53 > 1:47:58]
SOAP:   5%|▌         | 1181/22159 [35:46:08 > 1:48:04]
SOAP:   5%|▌         | 1182/22159 [33:09:02 > 1:48:09]
SOAP:   5%|▌         | 1183/22159 [31:49:25 > 1:48:14]
SOAP:   5%|▌         | 1184/22159 [30:33:32 > 1:48:18]
SOAP:   5%|▌         | 1185/22159 [31:13:22 > 1:48:24]
SOAP:   5%|▌         | 1186/22159 [28:27:11 > 1:48:28]
SOAP:   5%|▌         | 1187/22159 [25:43:01 > 1:48:31]
SOAP:   5%|▌         | 1188/22159 [31:38:47 > 1:48:39]
SOAP:   5%|▌         | 1189/22159 [28:59:49 > 1:48:43]
SOAP:   5%|▌         | 1190/22159 [35:20:01 > 1:48:51]
SOAP:   5%|▌         | 1191/22159 [35:50:36 > 1:48:58]
SOAP:   5%|▌         | 1192/22159 [34:57:52 > 1:49:03]
SOAP:   5%|▌         | 1193/22159 [33:30:00 > 1:49:09]
SOAP:   5%|▌         | 1194/22159 [32:42:47 > 1:49:14]
SOAP:   5%|▌         | 1195/22159 [32:08:07 > 1:49:19]
SOAP:   5%|▌         | 1196/22159 [29:41:20 > 1:49:23]
SOAP:   5%|▌         | 1197/22159 [28:31:43 > 1:49:28]
SOAP:   5%|▌         | 1198/22159 [28:43:53 > 1:49:33]
SOAP:   5%|▌         | 1199/22159 [23:01:42 > 1:49:34]
SOAP:   5%|▌         | 1200/22159 [33:00:00 > 1:49:44]
SOAP:   5%|▌         | 1201/22159 [35:54:37 > 1:49:51]
SOAP:   5%|▌         | 1202/22159 [35:00:48 > 1:49:57]
SOAP:   5%|▌         | 1203/22159 [35:06:47 > 1:50:03]
SOAP:   5%|▌         | 1204/22159 [35:17:27 > 1:50:09]
SOAP:   5%|▌         | 1205/22159 [30:54:50 > 1:50:13]
SOAP:   5%|▌         | 1206/22159 [27:14:05 > 1:50:16]
SOAP:   5%|▌         | 1207/22159 [27:45:35 > 1:50:21]
SOAP:   5%|▌         | 1208/22159 [28:20:59 > 1:50:26]
SOAP:   5%|▌         | 1209/22159 [28:31:00 > 1:50:31]
SOAP:   5%|▌         | 1210/22159 [28:36:46 > 1:50:36]
SOAP:   5%|▌         | 1211/22159 [28:48:17 > 1:50:41]
SOAP:   5%|▌         | 1212/22159 [35:57:25 > 1:50:50]
SOAP:   5%|▌         | 1213/22159 [34:45:20 > 1:50:56]
SOAP:   5%|▌         | 1214/22159 [35:09:39 > 1:51:02]
SOAP:   5%|▌         | 1215/22159 [36:18:06 > 1:51:09]
SOAP:   5%|▌         | 1216/22159 [34:21:27 > 1:51:14]
SOAP:   5%|▌         | 1217/22159 [31:18:56 > 1:51:18]
SOAP:   5%|▌         | 1218/22159 [34:09:20 > 1:51:25]
SOAP:   6%|▌         | 1219/22159 [33:13:01 > 1:51:30]
SOAP:   6%|▌         | 1220/22159 [31:38:46 > 1:51:35]
SOAP:   6%|▌         | 1221/22159 [31:46:21 > 1:51:40]
SOAP:   6%|▌         | 1222/22159 [29:27:57 > 1:51:45]
SOAP:   6%|▌         | 1223/22159 [23:23:55 > 1:51:46]
SOAP:   6%|▌         | 1224/22159 [31:56:17 > 1:51:55]
SOAP:   6%|▌         | 1225/22159 [32:30:58 > 1:52:01]
SOAP:   6%|▌         | 1226/22159 [34:10:11 > 1:52:07]
SOAP:   6%|▌         | 1227/22159 [34:21:07 > 1:52:13]
SOAP:   6%|▌         | 1228/22159 [34:41:30 > 1:52:20]
SOAP:   6%|▌         | 1229/22159 [35:10:33 > 1:52:26]
SOAP:   6%|▌         | 1230/22159 [33:03:18 > 1:52:31]
SOAP:   6%|▌         | 1231/22159 [34:22:28 > 1:52:37]
SOAP:   6%|▌         | 1232/22159 [32:08:38 > 1:52:42]
SOAP:   6%|▌         | 1233/22159 [31:01:30 > 1:52:47]
SOAP:   6%|▌         | 1234/22159 [29:57:10 > 1:52:51]
SOAP:   6%|▌         | 1235/22159 [23:31:54 > 1:52:53]
SOAP:   6%|▌         | 1236/22159 [30:44:53 > 1:53:01]
SOAP:   6%|▌         | 1237/22159 [31:07:06 > 1:53:07]
SOAP:   6%|▌         | 1238/22159 [31:12:53 > 1:53:12]
SOAP:   6%|▌         | 1239/22159 [32:30:19 > 1:53:18]
SOAP:   6%|▌         | 1240/22159 [33:58:57 > 1:53:24]
SOAP:   6%|▌         | 1241/22159 [26:42:16 > 1:53:26]
SOAP:   6%|▌         | 1242/22159 [30:24:20 > 1:53:33]
SOAP:   6%|▌         | 1243/22159 [30:03:03 > 1:53:38]
SOAP:   6%|▌         | 1244/22159 [36:43:20 > 1:53:47]
SOAP:   6%|▌         | 1245/22159 [34:50:14 > 1:53:52]
SOAP:   6%|▌         | 1246/22159 [31:38:45 > 1:53:56]
SOAP:   6%|▌         | 1247/22159 [29:50:48 > 1:54:01]
SOAP:   6%|▌         | 1248/22159 [29:31:25 > 1:54:06]
SOAP:   6%|▌         | 1249/22159 [30:32:03 > 1:54:11]
SOAP:   6%|▌         | 1250/22159 [31:18:35 > 1:54:17]
SOAP:   6%|▌         | 1251/22159 [32:09:04 > 1:54:23]
SOAP:   6%|▌         | 1252/22159 [34:47:42 > 1:54:30]
SOAP:   6%|▌         | 1253/22159 [34:59:06 > 1:54:36]
SOAP:   6%|▌         | 1254/22159 [35:16:26 > 1:54:42]
SOAP:   6%|▌         | 1255/22159 [33:51:18 > 1:54:48]
SOAP:   6%|▌         | 1256/22159 [32:34:04 > 1:54:53]
SOAP:   6%|▌         | 1257/22159 [31:35:38 > 1:54:58]
SOAP:   6%|▌         | 1258/22159 [30:41:11 > 1:55:03]
SOAP:   6%|▌         | 1259/22159 [29:49:08 > 1:55:07]
SOAP:   6%|▌         | 1260/22159 [29:53:13 > 1:55:13]
SOAP:   6%|▌         | 1261/22159 [30:00:52 > 1:55:18]
SOAP:   6%|▌         | 1262/22159 [24:14:58 > 1:55:20]
SOAP:   6%|▌         | 1263/22159 [25:41:54 > 1:55:25]
SOAP:   6%|▌         | 1264/22159 [35:29:23 > 1:55:35]
SOAP:   6%|▌         | 1265/22159 [36:30:21 > 1:55:41]
SOAP:   6%|▌         | 1266/22159 [28:23:41 > 1:55:43]
SOAP:   6%|▌         | 1267/22159 [36:16:36 > 1:55:52]
SOAP:   6%|▌         | 1268/22159 [34:32:54 > 1:55:58]
SOAP:   6%|▌         | 1269/22159 [33:29:52 > 1:56:03]
SOAP:   6%|▌         | 1270/22159 [26:18:43 > 1:56:05]
SOAP:   6%|▌         | 1271/22159 [33:42:01 > 1:56:13]
SOAP:   6%|▌         | 1272/22159 [30:45:41 > 1:56:18]
SOAP:   6%|▌         | 1273/22159 [29:59:54 > 1:56:22]
SOAP:   6%|▌         | 1274/22159 [30:37:42 > 1:56:28]
SOAP:   6%|▌         | 1275/22159 [24:25:24 > 1:56:30]
SOAP:   6%|▌         | 1276/22159 [35:12:14 > 1:56:40]
SOAP:   6%|▌         | 1277/22159 [35:03:00 > 1:56:46]
SOAP:   6%|▌         | 1278/22159 [35:10:00 > 1:56:52]
SOAP:   6%|▌         | 1279/22159 [35:26:11 > 1:56:58]
SOAP:   6%|▌         | 1280/22159 [33:14:09 > 1:57:03]
SOAP:   6%|▌         | 1281/22159 [34:37:02 > 1:57:10]
SOAP:   6%|▌         | 1282/22159 [32:26:45 > 1:57:15]
SOAP:   6%|▌         | 1283/22159 [31:18:38 > 1:57:19]
SOAP:   6%|▌         | 1284/22159 [30:12:02 > 1:57:24]
SOAP:   6%|▌         | 1285/22159 [30:58:46 > 1:57:30]
SOAP:   6%|▌         | 1286/22159 [28:38:06 > 1:57:34]
SOAP:   6%|▌         | 1287/22159 [29:37:24 > 1:57:39]
SOAP:   6%|▌         | 1288/22159 [30:10:12 > 1:57:45]
SOAP:   6%|▌         | 1289/22159 [32:06:56 > 1:57:51]
SOAP:   6%|▌         | 1290/22159 [33:36:09 > 1:57:58]
SOAP:   6%|▌         | 1291/22159 [34:35:05 > 1:58:04]
SOAP:   6%|▌         | 1292/22159 [34:01:26 > 1:58:10]
SOAP:   6%|▌         | 1293/22159 [32:52:40 > 1:58:15]
SOAP:   6%|▌         | 1294/22159 [32:12:56 > 1:58:20]
SOAP:   6%|▌         | 1295/22159 [31:45:39 > 1:58:25]
SOAP:   6%|▌         | 1296/22159 [29:35:58 > 1:58:30]
SOAP:   6%|▌         | 1297/22159 [28:22:55 > 1:58:34]
SOAP:   6%|▌         | 1298/22159 [28:28:36 > 1:58:39]
SOAP:   6%|▌         | 1299/22159 [29:53:40 > 1:58:45]
SOAP:   6%|▌         | 1300/22159 [30:55:39 > 1:58:50]
SOAP:   6%|▌         | 1301/22159 [34:29:10 > 1:58:58]
SOAP:   6%|▌         | 1302/22159 [33:58:18 > 1:59:03]
SOAP:   6%|▌         | 1303/22159 [34:27:19 > 1:59:10]
SOAP:   6%|▌         | 1304/22159 [34:45:14 > 1:59:16]
SOAP:   6%|▌         | 1305/22159 [33:29:17 > 1:59:21]
SOAP:   6%|▌         | 1306/22159 [32:19:26 > 1:59:26]
SOAP:   6%|▌         | 1307/22159 [31:21:24 > 1:59:31]
SOAP:   6%|▌         | 1308/22159 [30:32:31 > 1:59:36]
SOAP:   6%|▌         | 1309/22159 [29:48:30 > 1:59:41]
SOAP:   6%|▌         | 1310/22159 [29:52:42 > 1:59:46]
SOAP:   6%|▌         | 1311/22159 [30:02:40 > 1:59:51]
SOAP:   6%|▌         | 1312/22159 [30:16:11 > 1:59:57]
SOAP:   6%|▌         | 1313/22159 [30:48:00 > 2:00:02]
SOAP:   6%|▌         | 1314/22159 [32:26:07 > 2:00:08]
SOAP:   6%|▌         | 1315/22159 [31:54:16 > 2:00:14]
SOAP:   6%|▌         | 1316/22159 [33:54:56 > 2:00:20]
SOAP:   6%|▌         | 1317/22159 [34:07:21 > 2:00:26]
SOAP:   6%|▌         | 1318/22159 [32:50:27 > 2:00:32]
SOAP:   6%|▌         | 1319/22159 [25:47:09 > 2:00:33]
SOAP:   6%|▌         | 1320/22159 [33:01:46 > 2:00:42]
SOAP:   6%|▌         | 1321/22159 [25:31:44 > 2:00:43]
SOAP:   6%|▌         | 1322/22159 [32:14:56 > 2:00:52]
SOAP:   6%|▌         | 1323/22159 [31:13:05 > 2:00:56]
SOAP:   6%|▌         | 1324/22159 [31:23:54 > 2:01:02]
SOAP:   6%|▌         | 1325/22159 [32:07:41 > 2:01:08]
SOAP:   6%|▌         | 1326/22159 [33:52:24 > 2:01:14]
SOAP:   6%|▌         | 1327/22159 [34:13:00 > 2:01:20]
SOAP:   6%|▌         | 1328/22159 [26:52:58 > 2:01:22]
SOAP:   6%|▌         | 1329/22159 [37:25:32 > 2:01:33]
SOAP:   6%|▌         | 1330/22159 [34:35:38 > 2:01:38]
SOAP:   6%|▌         | 1331/22159 [33:52:15 > 2:01:43]
SOAP:   6%|▌         | 1332/22159 [33:29:08 > 2:01:49]
SOAP:   6%|▌         | 1333/22159 [26:17:11 > 2:01:51]
SOAP:   6%|▌         | 1334/22159 [32:26:19 > 2:01:59]
SOAP:   6%|▌         | 1335/22159 [32:33:05 > 2:02:04]
SOAP:   6%|▌         | 1336/22159 [29:40:35 > 2:02:08]
SOAP:   6%|▌         | 1337/22159 [30:22:59 > 2:02:14]
SOAP:   6%|▌         | 1338/22159 [30:34:00 > 2:02:19]
SOAP:   6%|▌         | 1339/22159 [32:18:42 > 2:02:25]
SOAP:   6%|▌         | 1340/22159 [33:34:57 > 2:02:32]
SOAP:   6%|▌         | 1341/22159 [34:34:59 > 2:02:38]
SOAP:   6%|▌         | 1342/22159 [34:07:00 > 2:02:44]
SOAP:   6%|▌         | 1343/22159 [32:53:14 > 2:02:49]
SOAP:   6%|▌         | 1344/22159 [32:19:13 > 2:02:54]
SOAP:   6%|▌         | 1345/22159 [31:47:43 > 2:03:00]
SOAP:   6%|▌         | 1346/22159 [29:28:50 > 2:03:04]
SOAP:   6%|▌         | 1347/22159 [28:21:06 > 2:03:08]
SOAP:   6%|▌         | 1348/22159 [28:30:02 > 2:03:13]
SOAP:   6%|▌         | 1349/22159 [29:51:27 > 2:03:19]
SOAP:   6%|▌         | 1350/22159 [30:48:52 > 2:03:25]
SOAP:   6%|▌         | 1351/22159 [31:35:01 > 2:03:31]
SOAP:   6%|▌         | 1352/22159 [34:40:59 > 2:03:38]
SOAP:   6%|▌         | 1353/22159 [35:00:20 > 2:03:44]
SOAP:   6%|▌         | 1354/22159 [33:07:40 > 2:03:49]
SOAP:   6%|▌         | 1355/22159 [31:52:23 > 2:03:54]
SOAP:   6%|▌         | 1356/22159 [33:43:08 > 2:04:01]
SOAP:   6%|▌         | 1357/22159 [32:21:33 > 2:04:06]
SOAP:   6%|▌         | 1358/22159 [31:20:28 > 2:04:11]
SOAP:   6%|▌         | 1359/22159 [30:19:32 > 2:04:15]
SOAP:   6%|▌         | 1360/22159 [24:22:47 > 2:04:17]
SOAP:   6%|▌         | 1361/22159 [32:02:02 > 2:04:26]
SOAP:   6%|▌         | 1362/22159 [31:37:19 > 2:04:31]
SOAP:   6%|▌         | 1363/22159 [31:35:31 > 2:04:37]
SOAP:   6%|▌         | 1364/22159 [32:50:24 > 2:04:43]
SOAP:   6%|▌         | 1365/22159 [34:41:20 > 2:04:50]
SOAP:   6%|▌         | 1366/22159 [33:18:23 > 2:04:55]
SOAP:   6%|▌         | 1367/22159 [33:38:15 > 2:05:01]
SOAP:   6%|▌         | 1368/22159 [32:42:57 > 2:05:06]
SOAP:   6%|▌         | 1369/22159 [32:12:40 > 2:05:11]
SOAP:   6%|▌         | 1370/22159 [29:48:10 > 2:05:16]
SOAP:   6%|▌         | 1371/22159 [31:39:26 > 2:05:22]
SOAP:   6%|▌         | 1372/22159 [29:18:45 > 2:05:26]
SOAP:   6%|▌         | 1373/22159 [29:08:24 > 2:05:31]
SOAP:   6%|▌         | 1374/22159 [29:59:36 > 2:05:36]
SOAP:   6%|▌         | 1375/22159 [31:07:11 > 2:05:42]
SOAP:   6%|▌         | 1376/22159 [24:37:10 > 2:05:44]
SOAP:   6%|▌         | 1377/22159 [36:05:06 > 2:05:55]
SOAP:   6%|▌         | 1378/22159 [35:50:15 > 2:06:01]
SOAP:   6%|▌         | 1379/22159 [35:52:01 > 2:06:07]
SOAP:   6%|▌         | 1380/22159 [33:25:47 > 2:06:12]
SOAP:   6%|▌         | 1381/22159 [34:40:15 > 2:06:19]
SOAP:   6%|▌         | 1382/22159 [32:26:00 > 2:06:23]
SOAP:   6%|▌         | 1383/22159 [31:16:30 > 2:06:28]
SOAP:   6%|▌         | 1384/22159 [30:11:22 > 2:06:33]
SOAP:   6%|▋         | 1385/22159 [30:54:03 > 2:06:39]
SOAP:   6%|▋         | 1386/22159 [28:31:11 > 2:06:43]
SOAP:   6%|▋         | 1387/22159 [29:30:15 > 2:06:48]
SOAP:   6%|▋         | 1388/22159 [23:12:06 > 2:06:50]
SOAP:   6%|▋         | 1389/22159 [33:53:28 > 2:07:00]
SOAP:   6%|▋         | 1390/22159 [34:38:00 > 2:07:06]
SOAP:   6%|▋         | 1391/22159 [35:16:27 > 2:07:12]
SOAP:   6%|▋         | 1392/22159 [34:33:53 > 2:07:18]
SOAP:   6%|▋         | 1393/22159 [33:14:29 > 2:07:23]
SOAP:   6%|▋         | 1394/22159 [32:27:13 > 2:07:29]
SOAP:   6%|▋         | 1395/22159 [31:50:42 > 2:07:34]
SOAP:   6%|▋         | 1396/22159 [29:32:09 > 2:07:38]
SOAP:   6%|▋         | 1397/22159 [28:18:53 > 2:07:43]
SOAP:   6%|▋         | 1398/22159 [28:22:12 > 2:07:48]
SOAP:   6%|▋         | 1399/22159 [29:45:33 > 2:07:53]
SOAP:   6%|▋         | 1400/22159 [30:39:13 > 2:07:59]
SOAP:   6%|▋         | 1401/22159 [34:10:13 > 2:08:06]
SOAP:   6%|▋         | 1402/22159 [33:36:07 > 2:08:12]
SOAP:   6%|▋         | 1403/22159 [34:08:34 > 2:08:18]
SOAP:   6%|▋         | 1404/22159 [34:30:31 > 2:08:24]
SOAP:   6%|▋         | 1405/22159 [33:18:33 > 2:08:29]
SOAP:   6%|▋         | 1406/22159 [32:11:10 > 2:08:35]
SOAP:   6%|▋         | 1407/22159 [31:16:53 > 2:08:40]
SOAP:   6%|▋         | 1408/22159 [30:32:27 > 2:08:45]
SOAP:   6%|▋         | 1409/22159 [29:41:33 > 2:08:49]
SOAP:   6%|▋         | 1410/22159 [29:44:34 > 2:08:55]
SOAP:   6%|▋         | 1411/22159 [29:57:25 > 2:09:00]
SOAP:   6%|▋         | 1412/22159 [30:11:58 > 2:09:05]
SOAP:   6%|▋         | 1413/22159 [30:46:41 > 2:09:11]
SOAP:   6%|▋         | 1414/22159 [32:20:15 > 2:09:17]
SOAP:   6%|▋         | 1415/22159 [34:21:07 > 2:09:24]
SOAP:   6%|▋         | 1416/22159 [32:59:00 > 2:09:29]
SOAP:   6%|▋         | 1417/22159 [31:33:25 > 2:09:34]
SOAP:   6%|▋         | 1418/22159 [32:55:33 > 2:09:40]
SOAP:   6%|▋         | 1419/22159 [32:20:47 > 2:09:46]
SOAP:   6%|▋         | 1420/22159 [31:02:16 > 2:09:50]
SOAP:   6%|▋         | 1421/22159 [31:14:41 > 2:09:56]
SOAP:   6%|▋         | 1422/22159 [28:59:26 > 2:10:00]
SOAP:   6%|▋         | 1423/22159 [28:54:33 > 2:10:05]
SOAP:   6%|▋         | 1424/22159 [29:47:54 > 2:10:11]
SOAP:   6%|▋         | 1425/22159 [30:58:30 > 2:10:16]
SOAP:   6%|▋         | 1426/22159 [32:56:44 > 2:10:23]
SOAP:   6%|▋         | 1427/22159 [33:25:52 > 2:10:29]
SOAP:   6%|▋         | 1428/22159 [34:01:17 > 2:10:35]
SOAP:   6%|▋         | 1429/22159 [34:37:31 > 2:10:41]
SOAP:   6%|▋         | 1430/22159 [32:43:15 > 2:10:46]
SOAP:   6%|▋         | 1431/22159 [34:01:46 > 2:10:53]
SOAP:   6%|▋         | 1432/22159 [31:50:00 > 2:10:57]
SOAP:   6%|▋         | 1433/22159 [30:43:42 > 2:11:02]
SOAP:   6%|▋         | 1434/22159 [29:46:10 > 2:11:07]
SOAP:   6%|▋         | 1435/22159 [30:31:15 > 2:11:13]
SOAP:   6%|▋         | 1436/22159 [28:14:30 > 2:11:17]
SOAP:   6%|▋         | 1437/22159 [29:22:28 > 2:11:22]
SOAP:   6%|▋         | 1438/22159 [27:58:34 > 2:11:26]
SOAP:   6%|▋         | 1439/22159 [32:09:58 > 2:11:34]
SOAP:   6%|▋         | 1440/22159 [33:36:16 > 2:11:40]
SOAP:   7%|▋         | 1441/22159 [34:35:01 > 2:11:47]
SOAP:   7%|▋         | 1442/22159 [34:04:08 > 2:11:52]
SOAP:   7%|▋         | 1443/22159 [32:50:23 > 2:11:58]
SOAP:   7%|▋         | 1444/22159 [32:10:42 > 2:12:03]
SOAP:   7%|▋         | 1445/22159 [31:36:20 > 2:12:08]
SOAP:   7%|▋         | 1446/22159 [29:23:17 > 2:12:12]
SOAP:   7%|▋         | 1447/22159 [28:09:05 > 2:12:17]
SOAP:   7%|▋         | 1448/22159 [28:20:26 > 2:12:22]
SOAP:   7%|▋         | 1449/22159 [29:41:31 > 2:12:27]
SOAP:   7%|▋         | 1450/22159 [30:34:55 > 2:12:33]
SOAP:   7%|▋         | 1451/22159 [34:00:49 > 2:12:40]
SOAP:   7%|▋         | 1452/22159 [33:33:52 > 2:12:46]
SOAP:   7%|▋         | 1453/22159 [34:01:58 > 2:12:52]
SOAP:   7%|▋         | 1454/22159 [34:27:06 > 2:12:58]
SOAP:   7%|▋         | 1455/22159 [33:20:38 > 2:13:04]
SOAP:   7%|▋         | 1456/22159 [32:16:09 > 2:13:09]
SOAP:   7%|▋         | 1457/22159 [31:15:17 > 2:13:14]
SOAP:   7%|▋         | 1458/22159 [30:13:44 > 2:13:19]
SOAP:   7%|▋         | 1459/22159 [29:40:11 > 2:13:24]
SOAP:   7%|▋         | 1460/22159 [29:44:38 > 2:13:29]
SOAP:   7%|▋         | 1461/22159 [29:48:46 > 2:13:34]
SOAP:   7%|▋         | 1462/22159 [30:02:55 > 2:13:39]
SOAP:   7%|▋         | 1463/22159 [30:31:08 > 2:13:45]
SOAP:   7%|▋         | 1464/22159 [32:07:47 > 2:13:51]
SOAP:   7%|▋         | 1465/22159 [34:11:16 > 2:13:58]
SOAP:   7%|▋         | 1466/22159 [32:53:19 > 2:14:03]
SOAP:   7%|▋         | 1467/22159 [33:20:07 > 2:14:09]
SOAP:   7%|▋         | 1468/22159 [27:32:38 > 2:14:12]
SOAP:   7%|▋         | 1469/22159 [33:13:40 > 2:14:20]
SOAP:   7%|▋         | 1470/22159 [31:36:34 > 2:14:24]
SOAP:   7%|▋         | 1471/22159 [31:39:18 > 2:14:30]
SOAP:   7%|▋         | 1472/22159 [29:18:44 > 2:14:34]
SOAP:   7%|▋         | 1473/22159 [29:08:00 > 2:14:39]
SOAP:   7%|▋         | 1474/22159 [29:57:03 > 2:14:45]
SOAP:   7%|▋         | 1475/22159 [31:00:25 > 2:14:51]
SOAP:   7%|▋         | 1476/22159 [33:00:02 > 2:14:57]
SOAP:   7%|▋         | 1477/22159 [33:33:20 > 2:15:03]
SOAP:   7%|▋         | 1478/22159 [34:04:33 > 2:15:09]
SOAP:   7%|▋         | 1479/22159 [34:37:33 > 2:15:16]
SOAP:   7%|▋         | 1480/22159 [32:35:17 > 2:15:20]
SOAP:   7%|▋         | 1481/22159 [30:42:49 > 2:15:25]
SOAP:   7%|▋         | 1482/22159 [32:53:55 > 2:15:32]
SOAP:   7%|▋         | 1483/22159 [31:32:54 > 2:15:37]
SOAP:   7%|▋         | 1484/22159 [30:18:37 > 2:15:41]
SOAP:   7%|▋         | 1485/22159 [30:30:08 > 2:15:47]
SOAP:   7%|▋         | 1486/22159 [24:06:40 > 2:15:48]
SOAP:   7%|▋         | 1487/22159 [28:22:48 > 2:15:55]
SOAP:   7%|▋         | 1488/22159 [31:32:22 > 2:16:02]
SOAP:   7%|▋         | 1489/22159 [32:50:13 > 2:16:08]
SOAP:   7%|▋         | 1490/22159 [34:03:43 > 2:16:14]
SOAP:   7%|▋         | 1491/22159 [34:54:47 > 2:16:21]
SOAP:   7%|▋         | 1492/22159 [34:11:59 > 2:16:27]
SOAP:   7%|▋         | 1493/22159 [32:53:12 > 2:16:32]
SOAP:   7%|▋         | 1494/22159 [32:12:16 > 2:16:37]
SOAP:   7%|▋         | 1495/22159 [31:39:13 > 2:16:42]
SOAP:   7%|▋         | 1496/22159 [29:25:57 > 2:16:47]
SOAP:   7%|▋         | 1497/22159 [28:10:10 > 2:16:51]
SOAP:   7%|▋         | 1498/22159 [28:14:42 > 2:16:56]
SOAP:   7%|▋         | 1499/22159 [29:36:32 > 2:17:02]
SOAP:   7%|▋         | 1500/22159 [30:32:01 > 2:17:07]
SOAP:   7%|▋         | 1501/22159 [34:04:31 > 2:17:15]
SOAP:   7%|▋         | 1502/22159 [33:29:50 > 2:17:20]
SOAP:   7%|▋         | 1503/22159 [33:58:23 > 2:17:26]
SOAP:   7%|▋         | 1504/22159 [27:03:06 > 2:17:28]
SOAP:   7%|▋         | 1505/22159 [35:15:11 > 2:17:38]
SOAP:   7%|▋         | 1506/22159 [33:27:20 > 2:17:43]
SOAP:   7%|▋         | 1507/22159 [32:00:26 > 2:17:48]
SOAP:   7%|▋         | 1508/22159 [29:07:48 > 2:17:52]
SOAP:   7%|▋         | 1509/22159 [28:56:03 > 2:17:57]
SOAP:   7%|▋         | 1510/22159 [30:43:24 > 2:18:03]
SOAP:   7%|▋         | 1511/22159 [30:30:16 > 2:18:08]
SOAP:   7%|▋         | 1512/22159 [30:33:40 > 2:18:13]
SOAP:   7%|▋         | 1513/22159 [24:14:36 > 2:18:15]
SOAP:   7%|▋         | 1514/22159 [34:22:09 > 2:18:25]
SOAP:   7%|▋         | 1515/22159 [35:38:33 > 2:18:32]
SOAP:   7%|▋         | 1516/22159 [33:51:53 > 2:18:37]
SOAP:   7%|▋         | 1517/22159 [25:58:48 > 2:18:38]
SOAP:   7%|▋         | 1518/22159 [35:12:14 > 2:18:48]
SOAP:   7%|▋         | 1519/22159 [30:28:36 > 2:18:52]
SOAP:   7%|▋         | 1520/22159 [32:55:37 > 2:18:58]
SOAP:   7%|▋         | 1521/22159 [32:28:55 > 2:19:04]
SOAP:   7%|▋         | 1522/22159 [29:54:53 > 2:19:08]
SOAP:   7%|▋         | 1523/22159 [29:35:19 > 2:19:13]
SOAP:   7%|▋         | 1524/22159 [30:07:46 > 2:19:19]
SOAP:   7%|▋         | 1525/22159 [31:08:48 > 2:19:24]
SOAP:   7%|▋         | 1526/22159 [33:03:57 > 2:19:31]
SOAP:   7%|▋         | 1527/22159 [33:31:05 > 2:19:37]
SOAP:   7%|▋         | 1528/22159 [31:35:28 > 2:19:42]
SOAP:   7%|▋         | 1529/22159 [35:10:37 > 2:19:49]
SOAP:   7%|▋         | 1530/22159 [32:57:47 > 2:19:54]
SOAP:   7%|▋         | 1531/22159 [27:24:13 > 2:19:57]
SOAP:   7%|▋         | 1532/22159 [33:59:49 > 2:20:05]
SOAP:   7%|▋         | 1533/22159 [32:12:31 > 2:20:10]
SOAP:   7%|▋         | 1534/22159 [25:09:59 > 2:20:12]
SOAP:   7%|▋         | 1535/22159 [32:44:37 > 2:20:21]
SOAP:   7%|▋         | 1536/22159 [29:44:56 > 2:20:25]
SOAP:   7%|▋         | 1537/22159 [30:13:58 > 2:20:30]
SOAP:   7%|▋         | 1538/22159 [30:23:08 > 2:20:35]
SOAP:   7%|▋         | 1539/22159 [32:05:21 > 2:20:42]
SOAP:   7%|▋         | 1540/22159 [33:29:49 > 2:20:48]
SOAP:   7%|▋         | 1541/22159 [34:24:18 > 2:20:55]
SOAP:   7%|▋         | 1542/22159 [33:45:59 > 2:21:00]
SOAP:   7%|▋         | 1543/22159 [32:44:27 > 2:21:05]
SOAP:   7%|▋         | 1544/22159 [32:05:37 > 2:21:11]
SOAP:   7%|▋         | 1545/22159 [31:31:25 > 2:21:16]
SOAP:   7%|▋         | 1546/22159 [29:18:47 > 2:21:20]
SOAP:   7%|▋         | 1547/22159 [28:08:54 > 2:21:25]
SOAP:   7%|▋         | 1548/22159 [28:13:46 > 2:21:30]
SOAP:   7%|▋         | 1549/22159 [29:35:33 > 2:21:35]
SOAP:   7%|▋         | 1550/22159 [30:30:23 > 2:21:41]
SOAP:   7%|▋         | 1551/22159 [33:59:21 > 2:21:48]
SOAP:   7%|▋         | 1552/22159 [33:28:00 > 2:21:54]
SOAP:   7%|▋         | 1553/22159 [33:58:37 > 2:22:00]
SOAP:   7%|▋         | 1554/22159 [34:23:25 > 2:22:06]
SOAP:   7%|▋         | 1555/22159 [33:06:10 > 2:22:12]
SOAP:   7%|▋         | 1556/22159 [31:54:34 > 2:22:17]
SOAP:   7%|▋         | 1557/22159 [31:00:35 > 2:22:22]
SOAP:   7%|▋         | 1558/22159 [30:18:18 > 2:22:27]
SOAP:   7%|▋         | 1559/22159 [29:32:04 > 2:22:32]
SOAP:   7%|▋         | 1560/22159 [29:33:14 > 2:22:37]
SOAP:   7%|▋         | 1561/22159 [29:46:15 > 2:22:42]
SOAP:   7%|▋         | 1562/22159 [29:55:35 > 2:22:47]
SOAP:   7%|▋         | 1563/22159 [30:27:00 > 2:22:53]
SOAP:   7%|▋         | 1564/22159 [32:03:52 > 2:22:59]
SOAP:   7%|▋         | 1565/22159 [33:57:47 > 2:23:06]
SOAP:   7%|▋         | 1566/22159 [32:39:22 > 2:23:11]
SOAP:   7%|▋         | 1567/22159 [25:05:48 > 2:23:12]
SOAP:   7%|▋         | 1568/22159 [34:27:56 > 2:23:22]
SOAP:   7%|▋         | 1569/22159 [33:18:17 > 2:23:28]
SOAP:   7%|▋         | 1570/22159 [31:35:30 > 2:23:32]
SOAP:   7%|▋         | 1571/22159 [31:33:39 > 2:23:38]
SOAP:   7%|▋         | 1572/22159 [29:08:42 > 2:23:42]
SOAP:   7%|▋         | 1573/22159 [23:05:23 > 2:23:44]
SOAP:   7%|▋         | 1574/22159 [31:27:53 > 2:23:53]
SOAP:   7%|▋         | 1575/22159 [32:01:25 > 2:23:58]
SOAP:   7%|▋         | 1576/22159 [33:46:41 > 2:24:05]
SOAP:   7%|▋         | 1577/22159 [33:59:58 > 2:24:11]
SOAP:   7%|▋         | 1578/22159 [34:10:06 > 2:24:17]
SOAP:   7%|▋         | 1579/22159 [26:35:56 > 2:24:19]
SOAP:   7%|▋         | 1580/22159 [34:46:08 > 2:24:28]
SOAP:   7%|▋         | 1581/22159 [35:21:50 > 2:24:35]
SOAP:   7%|▋         | 1582/22159 [32:46:09 > 2:24:39]
SOAP:   7%|▋         | 1583/22159 [31:23:04 > 2:24:44]
SOAP:   7%|▋         | 1584/22159 [29:41:05 > 2:24:49]
SOAP:   7%|▋         | 1585/22159 [23:42:03 > 2:24:50]
SOAP:   7%|▋         | 1586/22159 [30:34:43 > 2:24:59]
SOAP:   7%|▋         | 1587/22159 [30:51:04 > 2:25:04]
SOAP:   7%|▋         | 1588/22159 [30:52:07 > 2:25:09]
SOAP:   7%|▋         | 1589/22159 [32:21:04 > 2:25:16]
SOAP:   7%|▋         | 1590/22159 [33:33:48 > 2:25:22]
SOAP:   7%|▋         | 1591/22159 [34:21:28 > 2:25:28]
SOAP:   7%|▋         | 1592/22159 [33:44:48 > 2:25:34]
SOAP:   7%|▋         | 1593/22159 [32:33:42 > 2:25:39]
SOAP:   7%|▋         | 1594/22159 [31:59:21 > 2:25:45]
SOAP:   7%|▋         | 1595/22159 [31:31:34 > 2:25:50]
SOAP:   7%|▋         | 1596/22159 [29:19:33 > 2:25:54]
SOAP:   7%|▋         | 1597/22159 [28:09:08 > 2:25:59]
SOAP:   7%|▋         | 1598/22159 [28:18:47 > 2:26:04]
SOAP:   7%|▋         | 1599/22159 [29:38:39 > 2:26:09]
SOAP:   7%|▋         | 1600/22159 [30:28:45 > 2:26:15]
SOAP:   7%|▋         | 1601/22159 [34:11:27 > 2:26:23]
SOAP:   7%|▋         | 1602/22159 [33:38:38 > 2:26:28]
SOAP:   7%|▋         | 1603/22159 [34:07:49 > 2:26:34]
SOAP:   7%|▋         | 1604/22159 [34:22:53 > 2:26:41]
SOAP:   7%|▋         | 1605/22159 [33:07:25 > 2:26:46]
SOAP:   7%|▋         | 1606/22159 [31:58:38 > 2:26:51]
SOAP:   7%|▋         | 1607/22159 [31:04:36 > 2:26:56]
SOAP:   7%|▋         | 1608/22159 [30:12:51 > 2:27:01]
SOAP:   7%|▋         | 1609/22159 [27:59:14 > 2:27:05]
SOAP:   7%|▋         | 1610/22159 [29:49:43 > 2:27:11]
SOAP:   7%|▋         | 1611/22159 [29:55:12 > 2:27:16]
SOAP:   7%|▋         | 1612/22159 [30:02:49 > 2:27:22]
SOAP:   7%|▋         | 1613/22159 [23:49:23 > 2:27:23]
SOAP:   7%|▋         | 1614/22159 [34:03:04 > 2:27:33]
SOAP:   7%|▋         | 1615/22159 [35:23:54 > 2:27:40]
SOAP:   7%|▋         | 1616/22159 [33:40:41 > 2:27:45]
SOAP:   7%|▋         | 1617/22159 [33:44:45 > 2:27:51]
SOAP:   7%|▋         | 1618/22159 [32:32:11 > 2:27:56]
SOAP:   7%|▋         | 1619/22159 [31:53:33 > 2:28:02]
SOAP:   7%|▋         | 1620/22159 [30:34:50 > 2:28:07]
SOAP:   7%|▋         | 1621/22159 [25:13:52 > 2:28:09]
SOAP:   7%|▋         | 1622/22159 [30:23:31 > 2:28:16]
SOAP:   7%|▋         | 1623/22159 [29:51:00 > 2:28:21]
SOAP:   7%|▋         | 1624/22159 [30:16:46 > 2:28:27]
SOAP:   7%|▋         | 1625/22159 [31:07:17 > 2:28:33]
SOAP:   7%|▋         | 1626/22159 [26:47:24 > 2:28:36]
SOAP:   7%|▋         | 1627/22159 [35:10:47 > 2:28:45]
SOAP:   7%|▋         | 1628/22159 [35:08:07 > 2:28:51]
SOAP:   7%|▋         | 1629/22159 [35:15:09 > 2:28:57]
SOAP:   7%|▋         | 1630/22159 [29:49:24 > 2:29:01]
SOAP:   7%|▋         | 1631/22159 [35:08:29 > 2:29:09]
SOAP:   7%|▋         | 1632/22159 [27:23:29 > 2:29:10]
SOAP:   7%|▋         | 1633/22159 [32:46:40 > 2:29:18]
SOAP:   7%|▋         | 1634/22159 [31:05:37 > 2:29:23]
SOAP:   7%|▋         | 1635/22159 [31:24:12 > 2:29:29]
SOAP:   7%|▋         | 1636/22159 [28:52:02 > 2:29:33]
SOAP:   7%|▋         | 1637/22159 [29:41:24 > 2:29:38]
SOAP:   7%|▋         | 1638/22159 [30:01:48 > 2:29:44]
SOAP:   7%|▋         | 1639/22159 [31:39:26 > 2:29:50]
SOAP:   7%|▋         | 1640/22159 [33:07:26 > 2:29:56]
SOAP:   7%|▋         | 1641/22159 [34:02:02 > 2:30:03]
SOAP:   7%|▋         | 1642/22159 [33:29:56 > 2:30:08]
SOAP:   7%|▋         | 1643/22159 [32:22:43 > 2:30:14]
SOAP:   7%|▋         | 1644/22159 [31:35:17 > 2:30:19]
SOAP:   7%|▋         | 1645/22159 [31:16:13 > 2:30:24]
SOAP:   7%|▋         | 1646/22159 [24:04:33 > 2:30:26]
SOAP:   7%|▋         | 1647/22159 [29:17:43 > 2:30:33]
SOAP:   7%|▋         | 1648/22159 [29:01:35 > 2:30:38]
SOAP:   7%|▋         | 1649/22159 [30:08:26 > 2:30:44]
SOAP:   7%|▋         | 1650/22159 [30:43:03 > 2:30:49]
SOAP:   7%|▋         | 1651/22159 [34:05:45 > 2:30:57]
SOAP:   7%|▋         | 1652/22159 [33:34:21 > 2:31:02]
SOAP:   7%|▋         | 1653/22159 [34:07:04 > 2:31:08]
SOAP:   7%|▋         | 1654/22159 [34:25:15 > 2:31:15]
SOAP:   7%|▋         | 1655/22159 [33:11:41 > 2:31:20]
SOAP:   7%|▋         | 1656/22159 [32:04:31 > 2:31:25]
SOAP:   7%|▋         | 1657/22159 [30:18:14 > 2:31:30]
SOAP:   7%|▋         | 1658/22159 [30:27:37 > 2:31:35]
SOAP:   7%|▋         | 1659/22159 [29:37:34 > 2:31:40]
SOAP:   7%|▋         | 1660/22159 [29:37:40 > 2:31:45]
SOAP:   7%|▋         | 1661/22159 [29:44:02 > 2:31:50]
SOAP:   8%|▊         | 1662/22159 [29:50:11 > 2:31:56]
SOAP:   8%|▊         | 1663/22159 [23:40:03 > 2:31:57]
SOAP:   8%|▊         | 1664/22159 [33:45:43 > 2:32:07]
SOAP:   8%|▊         | 1665/22159 [35:02:40 > 2:32:14]
SOAP:   8%|▊         | 1666/22159 [33:20:35 > 2:32:19]
SOAP:   8%|▊         | 1667/22159 [25:40:15 > 2:32:21]
SOAP:   8%|▊         | 1668/22159 [34:46:29 > 2:32:30]
SOAP:   8%|▊         | 1669/22159 [33:30:14 > 2:32:36]
SOAP:   8%|▊         | 1670/22159 [31:46:53 > 2:32:41]
SOAP:   8%|▊         | 1671/22159 [31:43:04 > 2:32:46]
SOAP:   8%|▊         | 1672/22159 [29:16:39 > 2:32:50]
SOAP:   8%|▊         | 1673/22159 [29:01:56 > 2:32:55]
SOAP:   8%|▊         | 1674/22159 [29:47:19 > 2:33:01]
SOAP:   8%|▊         | 1675/22159 [30:45:58 > 2:33:07]
SOAP:   8%|▊         | 1676/22159 [32:42:31 > 2:33:13]
SOAP:   8%|▊         | 1677/22159 [33:09:30 > 2:33:19]
SOAP:   8%|▊         | 1678/22159 [33:41:04 > 2:33:25]
SOAP:   8%|▊         | 1679/22159 [34:13:16 > 2:33:32]
SOAP:   8%|▊         | 1680/22159 [32:14:20 > 2:33:37]
SOAP:   8%|▊         | 1681/22159 [33:41:44 > 2:33:43]
SOAP:   8%|▊         | 1682/22159 [31:34:24 > 2:33:48]
SOAP:   8%|▊         | 1683/22159 [30:26:40 > 2:33:53]
SOAP:   8%|▊         | 1684/22159 [29:26:58 > 2:33:57]
SOAP:   8%|▊         | 1685/22159 [23:28:06 > 2:33:59]
SOAP:   8%|▊         | 1686/22159 [30:00:21 > 2:34:07]
SOAP:   8%|▊         | 1687/22159 [30:23:32 > 2:34:13]
SOAP:   8%|▊         | 1688/22159 [23:45:37 > 2:34:14]
SOAP:   8%|▊         | 1689/22159 [33:27:50 > 2:34:24]
SOAP:   8%|▊         | 1690/22159 [34:56:44 > 2:34:31]
SOAP:   8%|▊         | 1691/22159 [27:24:58 > 2:34:32]
SOAP:   8%|▊         | 1692/22159 [36:43:07 > 2:34:43]
SOAP:   8%|▊         | 1693/22159 [34:34:15 > 2:34:48]
SOAP:   8%|▊         | 1694/22159 [33:15:47 > 2:34:53]
SOAP:   8%|▊         | 1695/22159 [32:21:45 > 2:34:58]
SOAP:   8%|▊         | 1696/22159 [26:29:54 > 2:35:01]
SOAP:   8%|▊         | 1697/22159 [29:22:31 > 2:35:07]
SOAP:   8%|▊         | 1698/22159 [28:57:30 > 2:35:12]
SOAP:   8%|▊         | 1699/22159 [29:33:47 > 2:35:17]
SOAP:   8%|▊         | 1700/22159 [30:32:00 > 2:35:23]
SOAP:   8%|▊         | 1701/22159 [33:56:04 > 2:35:31]
SOAP:   8%|▊         | 1702/22159 [33:06:17 > 2:35:36]
SOAP:   8%|▊         | 1703/22159 [33:34:37 > 2:35:42]
SOAP:   8%|▊         | 1704/22159 [33:51:39 > 2:35:48]
SOAP:   8%|▊         | 1705/22159 [32:32:51 > 2:35:53]
SOAP:   8%|▊         | 1706/22159 [31:21:55 > 2:35:58]
SOAP:   8%|▊         | 1707/22159 [30:32:10 > 2:36:04]
SOAP:   8%|▊         | 1708/22159 [29:46:28 > 2:36:08]
SOAP:   8%|▊         | 1709/22159 [29:02:52 > 2:36:13]
SOAP:   8%|▊         | 1710/22159 [29:08:21 > 2:36:18]
SOAP:   8%|▊         | 1711/22159 [29:15:47 > 2:36:24]
SOAP:   8%|▊         | 1712/22159 [29:28:18 > 2:36:29]
SOAP:   8%|▊         | 1713/22159 [29:56:49 > 2:36:34]
SOAP:   8%|▊         | 1714/22159 [31:24:06 > 2:36:41]
SOAP:   8%|▊         | 1715/22159 [33:24:26 > 2:36:47]
SOAP:   8%|▊         | 1716/22159 [32:03:03 > 2:36:52]
SOAP:   8%|▊         | 1717/22159 [32:23:50 > 2:36:58]
SOAP:   8%|▊         | 1718/22159 [31:31:19 > 2:37:03]
SOAP:   8%|▊         | 1719/22159 [30:58:52 > 2:37:09]
SOAP:   8%|▊         | 1720/22159 [29:52:27 > 2:37:13]
SOAP:   8%|▊         | 1721/22159 [30:17:54 > 2:37:19]
SOAP:   8%|▊         | 1722/22159 [28:11:47 > 2:37:23]
SOAP:   8%|▊         | 1723/22159 [28:11:30 > 2:37:28]
SOAP:   8%|▊         | 1724/22159 [28:52:12 > 2:37:33]
SOAP:   8%|▊         | 1725/22159 [29:57:23 > 2:37:39]
SOAP:   8%|▊         | 1726/22159 [31:54:41 > 2:37:45]
SOAP:   8%|▊         | 1727/22159 [32:13:41 > 2:37:51]
SOAP:   8%|▊         | 1728/22159 [32:40:47 > 2:37:57]
SOAP:   8%|▊         | 1729/22159 [33:15:52 > 2:38:03]
SOAP:   8%|▊         | 1730/22159 [31:19:53 > 2:38:08]
SOAP:   8%|▊         | 1731/22159 [31:12:25 > 2:38:14]
SOAP:   8%|▊         | 1732/22159 [31:24:32 > 2:38:19]
SOAP:   8%|▊         | 1733/22159 [30:16:51 > 2:38:24]
SOAP:   8%|▊         | 1734/22159 [29:05:41 > 2:38:29]
SOAP:   8%|▊         | 1735/22159 [29:46:40 > 2:38:34]
SOAP:   8%|▊         | 1736/22159 [27:34:15 > 2:38:38]
SOAP:   8%|▊         | 1737/22159 [28:36:58 > 2:38:44]
SOAP:   8%|▊         | 1738/22159 [29:08:02 > 2:38:49]
SOAP:   8%|▊         | 1739/22159 [23:47:22 > 2:38:51]
SOAP:   8%|▊         | 1740/22159 [34:44:30 > 2:39:02]
SOAP:   8%|▊         | 1741/22159 [35:05:32 > 2:39:08]
SOAP:   8%|▊         | 1742/22159 [34:10:51 > 2:39:14]
SOAP:   8%|▊         | 1743/22159 [32:42:42 > 2:39:19]
SOAP:   8%|▊         | 1744/22159 [31:53:28 > 2:39:24]
SOAP:   8%|▊         | 1745/22159 [24:44:37 > 2:39:25]
SOAP:   8%|▊         | 1746/22159 [30:53:05 > 2:39:33]
SOAP:   8%|▊         | 1747/22159 [29:05:43 > 2:39:38]
SOAP:   8%|▊         | 1748/22159 [28:46:56 > 2:39:43]
SOAP:   8%|▊         | 1749/22159 [22:55:06 > 2:39:44]
SOAP:   8%|▊         | 1750/22159 [32:35:00 > 2:39:54]
SOAP:   8%|▊         | 1751/22159 [35:11:16 > 2:40:01]
SOAP:   8%|▊         | 1752/22159 [34:12:36 > 2:40:07]
SOAP:   8%|▊         | 1753/22159 [34:23:30 > 2:40:13]
SOAP:   8%|▊         | 1754/22159 [34:29:15 > 2:40:19]
SOAP:   8%|▊         | 1755/22159 [32:38:09 > 2:40:24]
SOAP:   8%|▊         | 1756/22159 [25:51:34 > 2:40:26]
SOAP:   8%|▊         | 1757/22159 [26:36:35 > 2:40:31]
SOAP:   8%|▊         | 1758/22159 [33:17:33 > 2:40:40]
SOAP:   8%|▊         | 1759/22159 [31:33:34 > 2:40:45]
SOAP:   8%|▊         | 1760/22159 [30:54:33 > 2:40:50]
SOAP:   8%|▊         | 1761/22159 [30:30:41 > 2:40:55]
SOAP:   8%|▊         | 1762/22159 [26:03:43 > 2:40:58]
SOAP:   8%|▊         | 1763/22159 [31:44:37 > 2:41:06]
SOAP:   8%|▊         | 1764/22159 [25:40:57 > 2:41:08]
SOAP:   8%|▊         | 1765/22159 [36:18:57 > 2:41:19]
SOAP:   8%|▊         | 1766/22159 [32:36:07 > 2:41:23]
SOAP:   8%|▊         | 1767/22159 [34:24:12 > 2:41:30]
SOAP:   8%|▊         | 1768/22159 [33:00:32 > 2:41:35]
SOAP:   8%|▊         | 1769/22159 [32:17:26 > 2:41:40]
SOAP:   8%|▊         | 1770/22159 [30:55:48 > 2:41:45]
SOAP:   8%|▊         | 1771/22159 [31:00:45 > 2:41:51]
SOAP:   8%|▊         | 1772/22159 [25:15:47 > 2:41:53]
SOAP:   8%|▊         | 1773/22159 [29:29:37 > 2:42:00]
SOAP:   8%|▊         | 1774/22159 [30:05:36 > 2:42:05]
SOAP:   8%|▊         | 1775/22159 [30:56:23 > 2:42:11]
SOAP:   8%|▊         | 1776/22159 [32:40:24 > 2:42:18]
SOAP:   8%|▊         | 1777/22159 [33:06:59 > 2:42:24]
SOAP:   8%|▊         | 1778/22159 [30:16:07 > 2:42:28]
SOAP:   8%|▊         | 1779/22159 [35:05:02 > 2:42:36]
SOAP:   8%|▊         | 1780/22159 [32:48:47 > 2:42:41]
SOAP:   8%|▊         | 1781/22159 [34:07:20 > 2:42:47]
SOAP:   8%|▊         | 1782/22159 [31:48:51 > 2:42:52]
SOAP:   8%|▊         | 1783/22159 [29:17:20 > 2:42:56]
SOAP:   8%|▊         | 1784/22159 [28:57:45 > 2:43:01]
SOAP:   8%|▊         | 1785/22159 [30:42:31 > 2:43:07]
SOAP:   8%|▊         | 1786/22159 [28:14:44 > 2:43:11]
SOAP:   8%|▊         | 1787/22159 [22:25:33 > 2:43:13]
SOAP:   8%|▊         | 1788/22159 [29:45:08 > 2:43:21]
SOAP:   8%|▊         | 1789/22159 [33:17:44 > 2:43:28]
SOAP:   8%|▊         | 1790/22159 [34:15:44 > 2:43:35]
SOAP:   8%|▊         | 1791/22159 [34:54:45 > 2:43:41]
SOAP:   8%|▊         | 1792/22159 [34:06:23 > 2:43:47]
SOAP:   8%|▊         | 1793/22159 [32:48:02 > 2:43:52]
SOAP:   8%|▊         | 1794/22159 [32:03:39 > 2:43:58]
SOAP:   8%|▊         | 1795/22159 [31:10:20 > 2:44:03]
SOAP:   8%|▊         | 1796/22159 [29:17:15 > 2:44:07]
SOAP:   8%|▊         | 1797/22159 [28:02:01 > 2:44:12]
SOAP:   8%|▊         | 1798/22159 [28:05:44 > 2:44:17]
SOAP:   8%|▊         | 1799/22159 [29:23:08 > 2:44:22]
SOAP:   8%|▊         | 1800/22159 [30:14:30 > 2:44:28]
SOAP:   8%|▊         | 1801/22159 [33:42:54 > 2:44:35]
SOAP:   8%|▊         | 1802/22159 [27:33:04 > 2:44:38]
SOAP:   8%|▊         | 1803/22159 [35:22:03 > 2:44:47]
SOAP:   8%|▊         | 1804/22159 [35:12:03 > 2:44:53]
SOAP:   8%|▊         | 1805/22159 [33:38:36 > 2:44:59]
SOAP:   8%|▊         | 1806/22159 [32:14:40 > 2:45:04]
SOAP:   8%|▊         | 1807/22159 [31:10:46 > 2:45:09]
SOAP:   8%|▊         | 1808/22159 [30:14:37 > 2:45:14]
SOAP:   8%|▊         | 1809/22159 [29:21:09 > 2:45:19]
SOAP:   8%|▊         | 1810/22159 [29:22:25 > 2:45:24]
SOAP:   8%|▊         | 1811/22159 [29:27:21 > 2:45:29]
SOAP:   8%|▊         | 1812/22159 [29:39:57 > 2:45:35]
SOAP:   8%|▊         | 1813/22159 [23:34:48 > 2:45:36]
SOAP:   8%|▊         | 1814/22159 [33:40:59 > 2:45:46]
SOAP:   8%|▊         | 1815/22159 [34:53:42 > 2:45:53]
SOAP:   8%|▊         | 1816/22159 [33:12:07 > 2:45:58]
SOAP:   8%|▊         | 1817/22159 [33:20:00 > 2:46:04]
SOAP:   8%|▊         | 1818/22159 [32:15:47 > 2:46:09]
SOAP:   8%|▊         | 1819/22159 [31:36:10 > 2:46:15]
SOAP:   8%|▊         | 1820/22159 [30:23:26 > 2:46:20]
SOAP:   8%|▊         | 1821/22159 [30:42:53 > 2:46:25]
SOAP:   8%|▊         | 1822/22159 [28:32:38 > 2:46:29]
SOAP:   8%|▊         | 1823/22159 [28:24:26 > 2:46:34]
SOAP:   8%|▊         | 1824/22159 [29:15:15 > 2:46:40]
SOAP:   8%|▊         | 1825/22159 [30:21:38 > 2:46:46]
SOAP:   8%|▊         | 1826/22159 [32:20:27 > 2:46:52]
SOAP:   8%|▊         | 1827/22159 [32:51:48 > 2:46:58]
SOAP:   8%|▊         | 1828/22159 [33:21:40 > 2:47:04]
SOAP:   8%|▊         | 1829/22159 [33:50:28 > 2:47:11]
SOAP:   8%|▊         | 1830/22159 [31:56:37 > 2:47:15]
SOAP:   8%|▊         | 1831/22159 [33:22:06 > 2:47:22]
SOAP:   8%|▊         | 1832/22159 [31:21:14 > 2:47:27]
SOAP:   8%|▊         | 1833/22159 [30:17:23 > 2:47:32]
SOAP:   8%|▊         | 1834/22159 [29:14:57 > 2:47:36]
SOAP:   8%|▊         | 1835/22159 [30:04:15 > 2:47:42]
SOAP:   8%|▊         | 1836/22159 [23:41:18 > 2:47:44]
SOAP:   8%|▊         | 1837/22159 [30:06:46 > 2:47:52]
SOAP:   8%|▊         | 1838/22159 [30:12:42 > 2:47:57]
SOAP:   8%|▊         | 1839/22159 [31:49:39 > 2:48:03]
SOAP:   8%|▊         | 1840/22159 [33:01:25 > 2:48:10]
SOAP:   8%|▊         | 1841/22159 [34:02:45 > 2:48:16]
SOAP:   8%|▊         | 1842/22159 [33:27:21 > 2:48:22]
SOAP:   8%|▊         | 1843/22159 [29:27:49 > 2:48:25]
SOAP:   8%|▊         | 1844/22159 [26:06:06 > 2:48:29]
SOAP:   8%|▊         | 1845/22159 [33:37:12 > 2:48:38]
SOAP:   8%|▊         | 1846/22159 [30:39:14 > 2:48:42]
SOAP:   8%|▊         | 1847/22159 [24:29:28 > 2:48:44]
SOAP:   8%|▊         | 1848/22159 [25:36:46 > 2:48:49]
SOAP:   8%|▊         | 1849/22159 [32:01:26 > 2:48:57]
SOAP:   8%|▊         | 1850/22159 [32:04:37 > 2:49:03]
SOAP:   8%|▊         | 1851/22159 [34:56:14 > 2:49:10]
SOAP:   8%|▊         | 1852/22159 [34:01:52 > 2:49:16]
SOAP:   8%|▊         | 1853/22159 [34:11:36 > 2:49:22]
SOAP:   8%|▊         | 1854/22159 [32:41:29 > 2:49:27]
SOAP:   8%|▊         | 1855/22159 [33:28:11 > 2:49:33]
SOAP:   8%|▊         | 1856/22159 [25:55:31 > 2:49:35]
SOAP:   8%|▊         | 1857/22159 [32:48:16 > 2:49:43]
SOAP:   8%|▊         | 1858/22159 [31:18:51 > 2:49:48]
SOAP:   8%|▊         | 1859/22159 [30:04:53 > 2:49:53]
SOAP:   8%|▊         | 1860/22159 [29:53:45 > 2:49:58]
SOAP:   8%|▊         | 1861/22159 [29:39:46 > 2:50:04]
SOAP:   8%|▊         | 1862/22159 [29:44:58 > 2:50:09]
SOAP:   8%|▊         | 1863/22159 [30:04:36 > 2:50:14]
SOAP:   8%|▊         | 1864/22159 [31:33:28 > 2:50:21]
SOAP:   8%|▊         | 1865/22159 [33:34:00 > 2:50:27]
SOAP:   8%|▊         | 1866/22159 [32:15:21 > 2:50:32]
SOAP:   8%|▊         | 1867/22159 [32:37:00 > 2:50:38]
SOAP:   8%|▊         | 1868/22159 [25:06:10 > 2:50:40]
SOAP:   8%|▊         | 1869/22159 [33:08:48 > 2:50:49]
SOAP:   8%|▊         | 1870/22159 [31:23:16 > 2:50:54]
SOAP:   8%|▊         | 1871/22159 [31:18:45 > 2:50:59]
SOAP:   8%|▊         | 1872/22159 [28:50:52 > 2:51:03]
SOAP:   8%|▊         | 1873/22159 [28:40:39 > 2:51:08]
SOAP:   8%|▊         | 1874/22159 [29:24:55 > 2:51:14]
SOAP:   8%|▊         | 1875/22159 [30:22:42 > 2:51:20]
SOAP:   8%|▊         | 1876/22159 [24:05:00 > 2:51:21]
SOAP:   8%|▊         | 1877/22159 [35:21:21 > 2:51:32]
SOAP:   8%|▊         | 1878/22159 [35:07:51 > 2:51:39]
SOAP:   8%|▊         | 1879/22159 [32:28:02 > 2:51:43]
SOAP:   8%|▊         | 1880/22159 [31:14:36 > 2:51:48]
SOAP:   8%|▊         | 1881/22159 [35:10:04 > 2:51:56]
SOAP:   8%|▊         | 1882/22159 [32:29:00 > 2:52:01]
SOAP:   8%|▊         | 1883/22159 [31:04:55 > 2:52:06]
SOAP:   9%|▊         | 1884/22159 [29:50:42 > 2:52:10]
SOAP:   9%|▊         | 1885/22159 [30:22:00 > 2:52:16]
SOAP:   9%|▊         | 1886/22159 [27:54:46 > 2:52:20]
SOAP:   9%|▊         | 1887/22159 [28:54:48 > 2:52:26]
SOAP:   9%|▊         | 1888/22159 [29:22:39 > 2:52:31]
SOAP:   9%|▊         | 1889/22159 [31:11:03 > 2:52:37]
SOAP:   9%|▊         | 1890/22159 [32:43:14 > 2:52:44]
SOAP:   9%|▊         | 1891/22159 [25:48:15 > 2:52:45]
SOAP:   9%|▊         | 1892/22159 [34:01:04 > 2:52:55]
SOAP:   9%|▊         | 1893/22159 [33:55:55 > 2:53:01]
SOAP:   9%|▊         | 1894/22159 [32:45:27 > 2:53:06]
SOAP:   9%|▊         | 1895/22159 [31:53:19 > 2:53:12]
SOAP:   9%|▊         | 1896/22159 [29:18:51 > 2:53:16]
SOAP:   9%|▊         | 1897/22159 [27:58:53 > 2:53:20]
SOAP:   9%|▊         | 1898/22159 [27:56:12 > 2:53:25]
SOAP:   9%|▊         | 1899/22159 [29:06:36 > 2:53:31]
SOAP:   9%|▊         | 1900/22159 [29:44:53 > 2:53:36]
SOAP:   9%|▊         | 1901/22159 [33:08:46 > 2:53:44]
SOAP:   9%|▊         | 1902/22159 [31:08:10 > 2:53:48]
SOAP:   9%|▊         | 1903/22159 [33:43:01 > 2:53:55]
SOAP:   9%|▊         | 1904/22159 [33:58:52 > 2:54:01]
SOAP:   9%|▊         | 1905/22159 [32:40:05 > 2:54:07]
SOAP:   9%|▊         | 1906/22159 [31:29:48 > 2:54:12]
SOAP:   9%|▊         | 1907/22159 [30:32:30 > 2:54:17]
SOAP:   9%|▊         | 1908/22159 [23:47:52 > 2:54:18]
SOAP:   9%|▊         | 1909/22159 [26:05:41 > 2:54:24]
SOAP:   9%|▊         | 1910/22159 [31:40:44 > 2:54:32]
SOAP:   9%|▊         | 1911/22159 [31:06:20 > 2:54:37]
SOAP:   9%|▊         | 1912/22159 [30:42:19 > 2:54:42]
SOAP:   9%|▊         | 1913/22159 [30:50:07 > 2:54:48]
SOAP:   9%|▊         | 1914/22159 [31:59:25 > 2:54:54]
SOAP:   9%|▊         | 1915/22159 [33:43:15 > 2:55:01]
SOAP:   9%|▊         | 1916/22159 [32:14:59 > 2:55:06]
SOAP:   9%|▊         | 1917/22159 [32:36:46 > 2:55:12]
SOAP:   9%|▊         | 1918/22159 [31:43:18 > 2:55:17]
SOAP:   9%|▊         | 1919/22159 [27:56:22 > 2:55:21]
SOAP:   9%|▊         | 1920/22159 [30:57:02 > 2:55:27]
SOAP:   9%|▊         | 1921/22159 [30:58:06 > 2:55:33]
SOAP:   9%|▊         | 1922/22159 [28:37:50 > 2:55:37]
SOAP:   9%|▊         | 1923/22159 [28:28:06 > 2:55:42]
SOAP:   9%|▊         | 1924/22159 [29:12:38 > 2:55:48]
SOAP:   9%|▊         | 1925/22159 [30:16:47 > 2:55:53]
SOAP:   9%|▊         | 1926/22159 [32:15:23 > 2:56:00]
SOAP:   9%|▊         | 1927/22159 [32:47:02 > 2:56:06]
SOAP:   9%|▊         | 1928/22159 [33:18:01 > 2:56:12]
SOAP:   9%|▊         | 1929/22159 [33:50:17 > 2:56:18]
SOAP:   9%|▊         | 1930/22159 [31:49:46 > 2:56:23]
SOAP:   9%|▊         | 1931/22159 [33:14:25 > 2:56:30]
SOAP:   9%|▊         | 1932/22159 [31:07:05 > 2:56:34]
SOAP:   9%|▊         | 1933/22159 [30:03:41 > 2:56:39]
SOAP:   9%|▊         | 1934/22159 [29:04:16 > 2:56:44]
SOAP:   9%|▊         | 1935/22159 [29:49:18 > 2:56:50]
SOAP:   9%|▊         | 1936/22159 [27:33:04 > 2:56:54]
SOAP:   9%|▊         | 1937/22159 [28:35:42 > 2:56:59]
SOAP:   9%|▊         | 1938/22159 [29:06:11 > 2:57:05]
SOAP:   9%|▉         | 1939/22159 [31:01:56 > 2:57:11]
SOAP:   9%|▉         | 1940/22159 [32:32:13 > 2:57:17]
SOAP:   9%|▉         | 1941/22159 [33:22:51 > 2:57:24]
SOAP:   9%|▉         | 1942/22159 [32:59:33 > 2:57:29]
SOAP:   9%|▉         | 1943/22159 [31:53:03 > 2:57:34]
SOAP:   9%|▉         | 1944/22159 [31:06:58 > 2:57:40]
SOAP:   9%|▉         | 1945/22159 [25:19:42 > 2:57:42]
SOAP:   9%|▉         | 1946/22159 [29:52:47 > 2:57:49]
SOAP:   9%|▉         | 1947/22159 [28:34:44 > 2:57:54]
SOAP:   9%|▉         | 1948/22159 [28:23:09 > 2:57:59]
SOAP:   9%|▉         | 1949/22159 [29:29:45 > 2:58:04]
SOAP:   9%|▉         | 1950/22159 [30:15:14 > 2:58:10]
SOAP:   9%|▉         | 1951/22159 [33:31:54 > 2:58:17]
SOAP:   9%|▉         | 1952/22159 [32:57:16 > 2:58:23]
SOAP:   9%|▉         | 1953/22159 [33:28:17 > 2:58:29]
SOAP:   9%|▉         | 1954/22159 [33:52:12 > 2:58:35]
SOAP:   9%|▉         | 1955/22159 [32:37:37 > 2:58:41]
SOAP:   9%|▉         | 1956/22159 [31:32:10 > 2:58:46]
SOAP:   9%|▉         | 1957/22159 [30:34:19 > 2:58:51]
SOAP:   9%|▉         | 1958/22159 [29:46:53 > 2:58:56]
SOAP:   9%|▉         | 1959/22159 [28:15:01 > 2:59:00]
SOAP:   9%|▉         | 1960/22159 [29:16:55 > 2:59:06]
SOAP:   9%|▉         | 1961/22159 [29:21:37 > 2:59:11]
SOAP:   9%|▉         | 1962/22159 [29:29:50 > 2:59:16]
SOAP:   9%|▉         | 1963/22159 [29:45:02 > 2:59:22]
SOAP:   9%|▉         | 1964/22159 [31:24:29 > 2:59:28]
SOAP:   9%|▉         | 1965/22159 [25:28:14 > 2:59:30]
SOAP:   9%|▉         | 1966/22159 [34:28:51 > 2:59:40]
SOAP:   9%|▉         | 1967/22159 [34:08:25 > 2:59:46]
SOAP:   9%|▉         | 1968/22159 [32:48:15 > 2:59:51]
SOAP:   9%|▉         | 1969/22159 [31:56:38 > 2:59:57]
SOAP:   9%|▉         | 1970/22159 [30:34:33 > 3:00:02]
SOAP:   9%|▉         | 1971/22159 [30:42:26 > 3:00:07]
SOAP:   9%|▉         | 1972/22159 [28:25:13 > 3:00:11]
SOAP:   9%|▉         | 1973/22159 [26:35:02 > 3:00:15]
SOAP:   9%|▉         | 1974/22159 [29:33:35 > 3:00:22]
SOAP:   9%|▉         | 1975/22159 [29:27:02 > 3:00:27]
SOAP:   9%|▉         | 1976/22159 [32:44:16 > 3:00:34]
SOAP:   9%|▉         | 1977/22159 [33:02:14 > 3:00:40]
SOAP:   9%|▉         | 1978/22159 [33:28:50 > 3:00:46]
SOAP:   9%|▉         | 1979/22159 [33:51:29 > 3:00:53]
SOAP:   9%|▉         | 1980/22159 [26:20:18 > 3:00:54]
SOAP:   9%|▉         | 1981/22159 [34:24:37 > 3:01:04]
SOAP:   9%|▉         | 1982/22159 [32:26:54 > 3:01:09]
SOAP:   9%|▉         | 1983/22159 [31:03:57 > 3:01:14]
SOAP:   9%|▉         | 1984/22159 [29:46:02 > 3:01:18]
SOAP:   9%|▉         | 1985/22159 [30:18:30 > 3:01:24]
SOAP:   9%|▉         | 1986/22159 [27:56:17 > 3:01:28]
SOAP:   9%|▉         | 1987/22159 [28:52:50 > 3:01:33]
SOAP:   9%|▉         | 1988/22159 [29:19:39 > 3:01:39]
SOAP:   9%|▉         | 1989/22159 [23:52:31 > 3:01:41]
SOAP:   9%|▉         | 1990/22159 [34:48:47 > 3:01:52]
SOAP:   9%|▉         | 1991/22159 [35:08:05 > 3:01:58]
SOAP:   9%|▉         | 1992/22159 [34:07:22 > 3:02:04]
SOAP:   9%|▉         | 1993/22159 [32:36:18 > 3:02:09]
SOAP:   9%|▉         | 1994/22159 [31:43:49 > 3:02:14]
SOAP:   9%|▉         | 1995/22159 [31:05:44 > 3:02:20]
SOAP:   9%|▉         | 1996/22159 [28:48:40 > 3:02:24]
SOAP:   9%|▉         | 1997/22159 [27:32:31 > 3:02:28]
SOAP:   9%|▉         | 1998/22159 [27:36:43 > 3:02:33]
SOAP:   9%|▉         | 1999/22159 [28:56:54 > 3:02:39]
SOAP:   9%|▉         | 2000/22159 [29:47:31 > 3:02:44]
SOAP:   9%|▉         | 2001/22159 [31:46:01 > 3:02:51]
SOAP:   9%|▉         | 2002/22159 [29:39:46 > 3:02:55]
SOAP:   9%|▉         | 2003/22159 [34:22:27 > 3:03:03]
SOAP:   9%|▉         | 2004/22159 [34:25:25 > 3:03:10]
SOAP:   9%|▉         | 2005/22159 [32:59:54 > 3:03:15]
SOAP:   9%|▉         | 2006/22159 [31:46:05 > 3:03:20]
SOAP:   9%|▉         | 2007/22159 [30:43:47 > 3:03:25]
SOAP:   9%|▉         | 2008/22159 [29:52:30 > 3:03:30]
SOAP:   9%|▉         | 2009/22159 [29:01:10 > 3:03:35]
SOAP:   9%|▉         | 2010/22159 [29:03:37 > 3:03:40]
SOAP:   9%|▉         | 2011/22159 [29:07:31 > 3:03:45]
SOAP:   9%|▉         | 2012/22159 [29:20:24 > 3:03:51]
SOAP:   9%|▉         | 2013/22159 [29:46:51 > 3:03:56]
SOAP:   9%|▉         | 2014/22159 [31:14:26 > 3:04:02]
SOAP:   9%|▉         | 2015/22159 [24:08:41 > 3:04:04]
SOAP:   9%|▉         | 2016/22159 [34:29:15 > 3:04:14]
SOAP:   9%|▉         | 2017/22159 [34:04:12 > 3:04:20]
SOAP:   9%|▉         | 2018/22159 [32:38:15 > 3:04:25]
SOAP:   9%|▉         | 2019/22159 [25:33:57 > 3:04:27]
SOAP:   9%|▉         | 2020/22159 [32:16:04 > 3:04:36]
SOAP:   9%|▉         | 2021/22159 [31:55:31 > 3:04:41]
SOAP:   9%|▉         | 2022/22159 [29:19:29 > 3:04:45]
SOAP:   9%|▉         | 2023/22159 [28:55:44 > 3:04:50]
SOAP:   9%|▉         | 2024/22159 [23:08:45 > 3:04:52]
SOAP:   9%|▉         | 2025/22159 [32:27:51 > 3:05:02]
SOAP:   9%|▉         | 2026/22159 [33:40:52 > 3:05:08]
SOAP:   9%|▉         | 2027/22159 [33:35:42 > 3:05:14]
SOAP:   9%|▉         | 2028/22159 [33:42:41 > 3:05:20]
SOAP:   9%|▉         | 2029/22159 [33:55:34 > 3:05:27]
SOAP:   9%|▉         | 2030/22159 [31:49:44 > 3:05:31]
SOAP:   9%|▉         | 2031/22159 [33:08:38 > 3:05:38]
SOAP:   9%|▉         | 2032/22159 [30:59:39 > 3:05:42]
SOAP:   9%|▉         | 2033/22159 [29:53:48 > 3:05:47]
SOAP:   9%|▉         | 2034/22159 [23:30:08 > 3:05:49]
SOAP:   9%|▉         | 2035/22159 [31:06:21 > 3:05:58]
SOAP:   9%|▉         | 2036/22159 [23:55:02 > 3:05:59]
SOAP:   9%|▉         | 2037/22159 [30:23:26 > 3:06:07]
SOAP:   9%|▉         | 2038/22159 [30:10:46 > 3:06:12]
SOAP:   9%|▉         | 2039/22159 [31:40:46 > 3:06:19]
SOAP:   9%|▉         | 2040/22159 [32:54:02 > 3:06:25]
SOAP:   9%|▉         | 2041/22159 [33:39:10 > 3:06:31]
SOAP:   9%|▉         | 2042/22159 [33:02:45 > 3:06:37]
SOAP:   9%|▉         | 2043/22159 [26:07:19 > 3:06:39]
SOAP:   9%|▉         | 2044/22159 [26:39:10 > 3:06:44]
SOAP:   9%|▉         | 2045/22159 [33:40:10 > 3:06:53]
SOAP:   9%|▉         | 2046/22159 [30:31:50 > 3:06:57]
SOAP:   9%|▉         | 2047/22159 [24:42:24 > 3:06:59]
SOAP:   9%|▉         | 2048/22159 [29:28:32 > 3:07:06]
SOAP:   9%|▉         | 2049/22159 [30:08:22 > 3:07:12]
SOAP:   9%|▉         | 2050/22159 [24:20:58 > 3:07:14]
SOAP:   9%|▉         | 2051/22159 [35:31:11 > 3:07:25]
SOAP:   9%|▉         | 2052/22159 [34:15:25 > 3:07:30]
SOAP:   9%|▉         | 2053/22159 [34:11:09 > 3:07:37]
SOAP:   9%|▉         | 2054/22159 [33:59:28 > 3:07:43]
SOAP:   9%|▉         | 2055/22159 [26:06:05 > 3:07:44]
SOAP:   9%|▉         | 2056/22159 [33:26:08 > 3:07:53]
SOAP:   9%|▉         | 2057/22159 [31:50:22 > 3:07:58]
SOAP:   9%|▉         | 2058/22159 [30:34:35 > 3:08:03]
SOAP:   9%|▉         | 2059/22159 [29:30:05 > 3:08:08]
SOAP:   9%|▉         | 2060/22159 [29:22:23 > 3:08:13]
SOAP:   9%|▉         | 2061/22159 [29:23:10 > 3:08:18]
SOAP:   9%|▉         | 2062/22159 [29:25:12 > 3:08:24]
SOAP:   9%|▉         | 2063/22159 [29:41:07 > 3:08:29]
SOAP:   9%|▉         | 2064/22159 [31:09:38 > 3:08:35]
SOAP:   9%|▉         | 2065/22159 [33:07:02 > 3:08:42]
SOAP:   9%|▉         | 2066/22159 [31:45:45 > 3:08:47]
SOAP:   9%|▉         | 2067/22159 [32:09:14 > 3:08:53]
SOAP:   9%|▉         | 2068/22159 [31:12:59 > 3:08:58]
SOAP:   9%|▉         | 2069/22159 [30:52:46 > 3:09:04]
SOAP:   9%|▉         | 2070/22159 [29:34:58 > 3:09:08]
SOAP:   9%|▉         | 2071/22159 [29:57:17 > 3:09:14]
SOAP:   9%|▉         | 2072/22159 [27:52:39 > 3:09:18]
SOAP:   9%|▉         | 2073/22159 [27:53:58 > 3:09:23]
SOAP:   9%|▉         | 2074/22159 [28:49:00 > 3:09:29]
SOAP:   9%|▉         | 2075/22159 [26:20:13 > 3:09:32]
SOAP:   9%|▉         | 2076/22159 [32:53:57 > 3:09:41]
SOAP:   9%|▉         | 2077/22159 [33:09:31 > 3:09:47]
SOAP:   9%|▉         | 2078/22159 [33:26:23 > 3:09:53]
SOAP:   9%|▉         | 2079/22159 [33:52:39 > 3:09:59]
SOAP:   9%|▉         | 2080/22159 [31:51:05 > 3:10:04]
SOAP:   9%|▉         | 2081/22159 [33:07:00 > 3:10:11]
SOAP:   9%|▉         | 2082/22159 [30:52:45 > 3:10:15]
SOAP:   9%|▉         | 2083/22159 [29:49:51 > 3:10:20]
SOAP:   9%|▉         | 2084/22159 [28:47:46 > 3:10:25]
SOAP:   9%|▉         | 2085/22159 [29:33:19 > 3:10:30]
SOAP:   9%|▉         | 2086/22159 [27:15:50 > 3:10:34]
SOAP:   9%|▉         | 2087/22159 [28:14:17 > 3:10:40]
SOAP:   9%|▉         | 2088/22159 [28:42:37 > 3:10:45]
SOAP:   9%|▉         | 2089/22159 [29:06:09 > 3:10:51]
SOAP:   9%|▉         | 2090/22159 [32:36:30 > 3:10:58]
SOAP:   9%|▉         | 2091/22159 [33:32:13 > 3:11:04]
SOAP:   9%|▉         | 2092/22159 [25:40:46 > 3:11:06]
SOAP:   9%|▉         | 2093/22159 [33:58:45 > 3:11:15]
SOAP:   9%|▉         | 2094/22159 [32:43:20 > 3:11:21]
SOAP:   9%|▉         | 2095/22159 [31:45:44 > 3:11:26]
SOAP:   9%|▉         | 2096/22159 [24:38:25 > 3:11:27]
SOAP:   9%|▉         | 2097/22159 [29:16:59 > 3:11:35]
SOAP:   9%|▉         | 2098/22159 [28:49:04 > 3:11:39]
SOAP:   9%|▉         | 2099/22159 [29:42:23 > 3:11:45]
SOAP:   9%|▉         | 2100/22159 [30:19:12 > 3:11:51]
SOAP:   9%|▉         | 2101/22159 [33:33:35 > 3:11:58]
SOAP:   9%|▉         | 2102/22159 [32:53:00 > 3:12:04]
SOAP:   9%|▉         | 2103/22159 [26:03:01 > 3:12:06]
SOAP:   9%|▉         | 2104/22159 [35:25:23 > 3:12:16]
SOAP:   9%|▉         | 2105/22159 [27:06:42 > 3:12:17]
SOAP:  10%|▉         | 2106/22159 [34:09:22 > 3:12:26]
SOAP:  10%|▉         | 2107/22159 [32:20:33 > 3:12:32]
SOAP:  10%|▉         | 2108/22159 [30:55:55 > 3:12:36]
SOAP:  10%|▉         | 2109/22159 [29:48:09 > 3:12:41]
SOAP:  10%|▉         | 2110/22159 [28:10:41 > 3:12:46]
SOAP:  10%|▉         | 2111/22159 [29:50:11 > 3:12:52]
SOAP:  10%|▉         | 2112/22159 [29:45:24 > 3:12:57]
SOAP:  10%|▉         | 2113/22159 [30:01:57 > 3:13:03]
SOAP:  10%|▉         | 2114/22159 [31:13:09 > 3:13:09]
SOAP:  10%|▉         | 2115/22159 [33:03:53 > 3:13:15]
SOAP:  10%|▉         | 2116/22159 [31:47:48 > 3:13:21]
SOAP:  10%|▉         | 2117/22159 [32:09:57 > 3:13:27]
SOAP:  10%|▉         | 2118/22159 [31:18:17 > 3:13:32]
SOAP:  10%|▉         | 2119/22159 [30:51:37 > 3:13:37]
SOAP:  10%|▉         | 2120/22159 [29:42:41 > 3:13:42]
SOAP:  10%|▉         | 2121/22159 [30:00:51 > 3:13:48]
SOAP:  10%|▉         | 2122/22159 [27:56:49 > 3:13:52]
SOAP:  10%|▉         | 2123/22159 [27:55:05 > 3:13:57]
SOAP:  10%|▉         | 2124/22159 [28:48:59 > 3:14:02]
SOAP:  10%|▉         | 2125/22159 [29:57:47 > 3:14:08]
SOAP:  10%|▉         | 2126/22159 [31:53:17 > 3:14:15]
SOAP:  10%|▉         | 2127/22159 [32:23:21 > 3:14:21]
SOAP:  10%|▉         | 2128/22159 [25:30:49 > 3:14:22]
SOAP:  10%|▉         | 2129/22159 [35:37:12 > 3:14:33]
SOAP:  10%|▉         | 2130/22159 [32:16:26 > 3:14:37]
SOAP:  10%|▉         | 2131/22159 [34:06:44 > 3:14:44]
SOAP:  10%|▉         | 2132/22159 [31:47:40 > 3:14:49]
SOAP:  10%|▉         | 2133/22159 [30:30:13 > 3:14:54]
SOAP:  10%|▉         | 2134/22159 [29:19:45 > 3:14:59]
SOAP:  10%|▉         | 2135/22159 [29:59:07 > 3:15:04]
SOAP:  10%|▉         | 2136/22159 [27:41:39 > 3:15:08]
SOAP:  10%|▉         | 2137/22159 [28:40:56 > 3:15:14]
SOAP:  10%|▉         | 2138/22159 [29:03:40 > 3:15:19]
SOAP:  10%|▉         | 2139/22159 [30:54:31 > 3:15:26]
SOAP:  10%|▉         | 2140/22159 [24:26:58 > 3:15:27]
SOAP:  10%|▉         | 2141/22159 [35:44:07 > 3:15:39]
SOAP:  10%|▉         | 2142/22159 [34:25:18 > 3:15:44]
SOAP:  10%|▉         | 2143/22159 [26:43:34 > 3:15:46]
SOAP:  10%|▉         | 2144/22159 [33:37:47 > 3:15:55]
SOAP:  10%|▉         | 2145/22159 [32:17:29 > 3:16:00]
SOAP:  10%|▉         | 2146/22159 [29:33:50 > 3:16:04]
SOAP:  10%|▉         | 2147/22159 [28:04:34 > 3:16:09]
SOAP:  10%|▉         | 2148/22159 [27:54:57 > 3:16:14]
SOAP:  10%|▉         | 2149/22159 [29:00:16 > 3:16:19]
SOAP:  10%|▉         | 2150/22159 [28:32:22 > 3:16:24]
SOAP:  10%|▉         | 2151/22159 [33:33:12 > 3:16:32]
SOAP:  10%|▉         | 2152/22159 [32:54:44 > 3:16:38]
SOAP:  10%|▉         | 2153/22159 [33:18:44 > 3:16:44]
SOAP:  10%|▉         | 2154/22159 [33:38:57 > 3:16:50]
SOAP:  10%|▉         | 2155/22159 [32:21:56 > 3:16:56]
SOAP:  10%|▉         | 2156/22159 [31:12:28 > 3:17:01]
SOAP:  10%|▉         | 2157/22159 [30:18:04 > 3:17:06]
SOAP:  10%|▉         | 2158/22159 [29:30:31 > 3:17:11]
SOAP:  10%|▉         | 2159/22159 [28:40:39 > 3:17:16]
SOAP:  10%|▉         | 2160/22159 [28:42:57 > 3:17:21]
SOAP:  10%|▉         | 2161/22159 [28:50:14 > 3:17:26]
SOAP:  10%|▉         | 2162/22159 [22:41:42 > 3:17:28]
SOAP:  10%|▉         | 2163/22159 [31:26:05 > 3:17:37]
SOAP:  10%|▉         | 2164/22159 [32:22:23 > 3:17:43]
SOAP:  10%|▉         | 2165/22159 [31:53:40 > 3:17:49]
SOAP:  10%|▉         | 2166/22159 [32:57:55 > 3:17:55]
SOAP:  10%|▉         | 2167/22159 [32:54:21 > 3:18:01]
SOAP:  10%|▉         | 2168/22159 [31:48:08 > 3:18:06]
SOAP:  10%|▉         | 2169/22159 [31:08:23 > 3:18:12]
SOAP:  10%|▉         | 2170/22159 [29:51:42 > 3:18:16]
SOAP:  10%|▉         | 2171/22159 [30:09:32 > 3:18:22]
SOAP:  10%|▉         | 2172/22159 [28:01:49 > 3:18:26]
SOAP:  10%|▉         | 2173/22159 [27:57:12 > 3:18:31]
SOAP:  10%|▉         | 2174/22159 [28:48:44 > 3:18:37]
SOAP:  10%|▉         | 2175/22159 [29:56:16 > 3:18:43]
SOAP:  10%|▉         | 2176/22159 [31:53:36 > 3:18:49]
SOAP:  10%|▉         | 2177/22159 [32:17:00 > 3:18:55]
SOAP:  10%|▉         | 2178/22159 [29:40:43 > 3:18:59]
SOAP:  10%|▉         | 2179/22159 [26:23:06 > 3:19:03]
SOAP:  10%|▉         | 2180/22159 [34:13:25 > 3:19:12]
SOAP:  10%|▉         | 2181/22159 [26:38:30 > 3:19:14]
SOAP:  10%|▉         | 2182/22159 [34:31:23 > 3:19:23]
SOAP:  10%|▉         | 2183/22159 [32:17:36 > 3:19:28]
SOAP:  10%|▉         | 2184/22159 [30:30:34 > 3:19:33]
SOAP:  10%|▉         | 2185/22159 [30:29:04 > 3:19:38]
SOAP:  10%|▉         | 2186/22159 [27:54:59 > 3:19:42]
SOAP:  10%|▉         | 2187/22159 [28:44:12 > 3:19:48]
SOAP:  10%|▉         | 2188/22159 [29:05:07 > 3:19:53]
SOAP:  10%|▉         | 2189/22159 [30:46:06 > 3:20:00]
SOAP:  10%|▉         | 2190/22159 [32:11:53 > 3:20:06]
SOAP:  10%|▉         | 2191/22159 [25:24:43 > 3:20:08]
SOAP:  10%|▉         | 2192/22159 [35:03:25 > 3:20:18]
SOAP:  10%|▉         | 2193/22159 [33:13:21 > 3:20:23]
SOAP:  10%|▉         | 2194/22159 [32:13:14 > 3:20:29]
SOAP:  10%|▉         | 2195/22159 [31:22:44 > 3:20:34]
SOAP:  10%|▉         | 2196/22159 [28:53:45 > 3:20:38]
SOAP:  10%|▉         | 2197/22159 [27:38:47 > 3:20:43]
SOAP:  10%|▉         | 2198/22159 [27:35:32 > 3:20:48]
SOAP:  10%|▉         | 2199/22159 [22:29:40 > 3:20:49]
SOAP:  10%|▉         | 2200/22159 [31:29:12 > 3:20:59]
SOAP:  10%|▉         | 2201/22159 [34:19:03 > 3:21:06]
SOAP:  10%|▉         | 2202/22159 [33:19:35 > 3:21:12]
SOAP:  10%|▉         | 2203/22159 [33:27:33 > 3:21:18]
SOAP:  10%|▉         | 2204/22159 [33:37:47 > 3:21:24]
SOAP:  10%|▉         | 2205/22159 [26:45:32 > 3:21:26]
SOAP:  10%|▉         | 2206/22159 [32:49:00 > 3:21:35]
SOAP:  10%|▉         | 2207/22159 [31:21:30 > 3:21:40]
SOAP:  10%|▉         | 2208/22159 [24:23:52 > 3:21:41]
SOAP:  10%|▉         | 2209/22159 [30:57:45 > 3:21:49]
SOAP:  10%|▉         | 2210/22159 [27:21:18 > 3:21:53]
SOAP:  10%|▉         | 2211/22159 [30:37:02 > 3:22:00]
SOAP:  10%|▉         | 2212/22159 [30:19:01 > 3:22:05]
SOAP:  10%|▉         | 2213/22159 [30:19:16 > 3:22:11]
SOAP:  10%|▉         | 2214/22159 [31:37:24 > 3:22:17]
SOAP:  10%|▉         | 2215/22159 [32:11:11 > 3:22:23]
SOAP:  10%|█         | 2216/22159 [32:15:09 > 3:22:29]
SOAP:  10%|█         | 2217/22159 [32:22:28 > 3:22:35]
SOAP:  10%|█         | 2218/22159 [31:19:44 > 3:22:40]
SOAP:  10%|█         | 2219/22159 [30:51:46 > 3:22:45]
SOAP:  10%|█         | 2220/22159 [29:39:59 > 3:22:50]
SOAP:  10%|█         | 2221/22159 [29:59:30 > 3:22:56]
SOAP:  10%|█         | 2222/22159 [27:50:56 > 3:23:00]
SOAP:  10%|█         | 2223/22159 [27:48:45 > 3:23:05]
SOAP:  10%|█         | 2224/22159 [28:44:18 > 3:23:10]
SOAP:  10%|█         | 2225/22159 [29:45:57 > 3:23:16]
SOAP:  10%|█         | 2226/22159 [23:37:46 > 3:23:18]
SOAP:  10%|█         | 2227/22159 [34:37:38 > 3:23:29]
SOAP:  10%|█         | 2228/22159 [34:23:12 > 3:23:35]
SOAP:  10%|█         | 2229/22159 [34:20:53 > 3:23:41]
SOAP:  10%|█         | 2230/22159 [32:08:38 > 3:23:46]
SOAP:  10%|█         | 2231/22159 [33:14:41 > 3:23:52]
SOAP:  10%|█         | 2232/22159 [29:45:21 > 3:23:56]
SOAP:  10%|█         | 2233/22159 [30:13:26 > 3:24:02]
SOAP:  10%|█         | 2234/22159 [29:00:19 > 3:24:07]
SOAP:  10%|█         | 2235/22159 [29:38:00 > 3:24:12]
SOAP:  10%|█         | 2236/22159 [27:24:30 > 3:24:16]
SOAP:  10%|█         | 2237/22159 [28:21:28 > 3:24:22]
SOAP:  10%|█         | 2238/22159 [28:48:33 > 3:24:27]
SOAP:  10%|█         | 2239/22159 [30:34:52 > 3:24:33]
SOAP:  10%|█         | 2240/22159 [31:41:54 > 3:24:40]
SOAP:  10%|█         | 2241/22159 [32:44:55 > 3:24:46]
SOAP:  10%|█         | 2242/22159 [32:17:02 > 3:24:52]
SOAP:  10%|█         | 2243/22159 [31:10:42 > 3:24:57]
SOAP:  10%|█         | 2244/22159 [30:32:36 > 3:25:02]
SOAP:  10%|█         | 2245/22159 [30:06:31 > 3:25:07]
SOAP:  10%|█         | 2246/22159 [27:58:07 > 3:25:12]
SOAP:  10%|█         | 2247/22159 [21:46:00 > 3:25:13]
SOAP:  10%|█         | 2248/22159 [28:28:58 > 3:25:21]
SOAP:  10%|█         | 2249/22159 [29:13:35 > 3:25:26]
SOAP:  10%|█         | 2250/22159 [24:29:30 > 3:25:29]
SOAP:  10%|█         | 2251/22159 [32:14:45 > 3:25:38]
SOAP:  10%|█         | 2252/22159 [33:34:47 > 3:25:45]
SOAP:  10%|█         | 2253/22159 [33:36:53 > 3:25:51]
SOAP:  10%|█         | 2254/22159 [33:35:22 > 3:25:57]
SOAP:  10%|█         | 2255/22159 [32:11:17 > 3:26:02]
SOAP:  10%|█         | 2256/22159 [30:55:48 > 3:26:07]
SOAP:  10%|█         | 2257/22159 [29:55:13 > 3:26:12]
SOAP:  10%|█         | 2258/22159 [28:58:14 > 3:26:17]
SOAP:  10%|█         | 2259/22159 [28:07:01 > 3:26:22]
SOAP:  10%|█         | 2260/22159 [28:09:14 > 3:26:27]
SOAP:  10%|█         | 2261/22159 [27:25:30 > 3:26:31]
SOAP:  10%|█         | 2262/22159 [28:40:32 > 3:26:37]
SOAP:  10%|█         | 2263/22159 [29:04:42 > 3:26:43]
SOAP:  10%|█         | 2264/22159 [23:45:20 > 3:26:45]
SOAP:  10%|█         | 2265/22159 [34:23:09 > 3:26:55]
SOAP:  10%|█         | 2266/22159 [32:31:00 > 3:27:00]
SOAP:  10%|█         | 2267/22159 [29:57:53 > 3:27:05]
SOAP:  10%|█         | 2268/22159 [32:03:17 > 3:27:11]
SOAP:  10%|█         | 2269/22159 [25:02:23 > 3:27:13]
SOAP:  10%|█         | 2270/22159 [31:32:34 > 3:27:21]
SOAP:  10%|█         | 2271/22159 [31:05:07 > 3:27:27]
SOAP:  10%|█         | 2272/22159 [28:32:36 > 3:27:31]
SOAP:  10%|█         | 2273/22159 [23:15:42 > 3:27:33]
SOAP:  10%|█         | 2274/22159 [30:11:39 > 3:27:41]
SOAP:  10%|█         | 2275/22159 [23:50:51 > 3:27:43]
SOAP:  10%|█         | 2276/22159 [33:16:08 > 3:27:53]
SOAP:  10%|█         | 2277/22159 [34:01:29 > 3:27:59]
SOAP:  10%|█         | 2278/22159 [33:50:50 > 3:28:06]
SOAP:  10%|█         | 2279/22159 [33:24:34 > 3:28:11]
SOAP:  10%|█         | 2280/22159 [31:46:27 > 3:28:16]
SOAP:  10%|█         | 2281/22159 [24:56:19 > 3:28:18]
SOAP:  10%|█         | 2282/22159 [33:10:26 > 3:28:28]
SOAP:  10%|█         | 2283/22159 [31:19:41 > 3:28:32]
SOAP:  10%|█         | 2284/22159 [29:45:06 > 3:28:37]
SOAP:  10%|█         | 2285/22159 [30:05:51 > 3:28:43]
SOAP:  10%|█         | 2286/22159 [24:23:53 > 3:28:45]
SOAP:  10%|█         | 2287/22159 [25:19:18 > 3:28:50]
SOAP:  10%|█         | 2288/22159 [30:36:31 > 3:28:58]
SOAP:  10%|█         | 2289/22159 [31:44:03 > 3:29:04]
SOAP:  10%|█         | 2290/22159 [32:48:15 > 3:29:10]
SOAP:  10%|█         | 2291/22159 [33:22:20 > 3:29:16]
SOAP:  10%|█         | 2292/22159 [32:40:44 > 3:29:22]
SOAP:  10%|█         | 2293/22159 [31:25:31 > 3:29:27]
SOAP:  10%|█         | 2294/22159 [30:49:16 > 3:29:33]
SOAP:  10%|█         | 2295/22159 [30:19:57 > 3:29:38]
SOAP:  10%|█         | 2296/22159 [28:05:53 > 3:29:42]
SOAP:  10%|█         | 2297/22159 [27:00:23 > 3:29:46]
SOAP:  10%|█         | 2298/22159 [27:08:15 > 3:29:51]
SOAP:  10%|█         | 2299/22159 [21:43:34 > 3:29:53]
SOAP:  10%|█         | 2300/22159 [31:20:05 > 3:30:03]
SOAP:  10%|█         | 2301/22159 [34:04:03 > 3:30:10]
SOAP:  10%|█         | 2302/22159 [33:04:24 > 3:30:16]
SOAP:  10%|█         | 2303/22159 [33:14:03 > 3:30:22]
SOAP:  10%|█         | 2304/22159 [30:54:00 > 3:30:26]
SOAP:  10%|█         | 2305/22159 [32:33:13 > 3:30:33]
SOAP:  10%|█         | 2306/22159 [25:28:56 > 3:30:35]
SOAP:  10%|█         | 2307/22159 [32:06:22 > 3:30:43]
SOAP:  10%|█         | 2308/22159 [24:49:24 > 3:30:45]
SOAP:  10%|█         | 2309/22159 [25:34:47 > 3:30:50]
SOAP:  10%|█         | 2310/22159 [31:57:30 > 3:30:58]
SOAP:  10%|█         | 2311/22159 [24:52:01 > 3:31:00]
SOAP:  10%|█         | 2312/22159 [32:21:55 > 3:31:09]
SOAP:  10%|█         | 2313/22159 [29:54:08 > 3:31:13]
SOAP:  10%|█         | 2314/22159 [33:01:53 > 3:31:20]
SOAP:  10%|█         | 2315/22159 [33:05:10 > 3:31:26]
SOAP:  10%|█         | 2316/22159 [32:38:42 > 3:31:32]
SOAP:  10%|█         | 2317/22159 [32:43:04 > 3:31:38]
SOAP:  10%|█         | 2318/22159 [31:33:59 > 3:31:43]
SOAP:  10%|█         | 2319/22159 [30:53:07 > 3:31:49]
SOAP:  10%|█         | 2320/22159 [29:33:06 > 3:31:54]
SOAP:  10%|█         | 2321/22159 [28:12:29 > 3:31:58]
SOAP:  10%|█         | 2322/22159 [28:02:21 > 3:32:03]
SOAP:  10%|█         | 2323/22159 [27:48:55 > 3:32:08]
SOAP:  10%|█         | 2324/22159 [22:17:14 > 3:32:10]
SOAP:  10%|█         | 2325/22159 [31:27:54 > 3:32:19]
SOAP:  10%|█         | 2326/22159 [32:45:22 > 3:32:26]
SOAP:  11%|█         | 2327/22159 [32:46:17 > 3:32:32]
SOAP:  11%|█         | 2328/22159 [33:02:57 > 3:32:38]
SOAP:  11%|█         | 2329/22159 [31:47:45 > 3:32:43]
SOAP:  11%|█         | 2330/22159 [31:39:47 > 3:32:49]
SOAP:  11%|█         | 2331/22159 [29:16:10 > 3:32:53]
SOAP:  11%|█         | 2332/22159 [31:42:02 > 3:33:00]
SOAP:  11%|█         | 2333/22159 [24:50:10 > 3:33:02]
SOAP:  11%|█         | 2334/22159 [30:41:10 > 3:33:10]
SOAP:  11%|█         | 2335/22159 [30:37:13 > 3:33:15]
SOAP:  11%|█         | 2336/22159 [23:34:56 > 3:33:16]
SOAP:  11%|█         | 2337/22159 [29:59:20 > 3:33:25]
SOAP:  11%|█         | 2338/22159 [29:50:08 > 3:33:30]
SOAP:  11%|█         | 2339/22159 [26:19:06 > 3:33:33]
SOAP:  11%|█         | 2340/22159 [33:45:53 > 3:33:43]
SOAP:  11%|█         | 2341/22159 [34:03:05 > 3:33:49]
SOAP:  11%|█         | 2342/22159 [33:07:13 > 3:33:54]
SOAP:  11%|█         | 2343/22159 [26:29:50 > 3:33:56]
SOAP:  11%|█         | 2344/22159 [32:28:52 > 3:34:05]
SOAP:  11%|█         | 2345/22159 [31:23:48 > 3:34:10]
SOAP:  11%|█         | 2346/22159 [24:08:34 > 3:34:11]
SOAP:  11%|█         | 2347/22159 [28:43:42 > 3:34:19]
SOAP:  11%|█         | 2348/22159 [28:13:55 > 3:34:24]
SOAP:  11%|█         | 2349/22159 [29:11:09 > 3:34:29]
SOAP:  11%|█         | 2350/22159 [29:47:27 > 3:34:35]
SOAP:  11%|█         | 2351/22159 [32:58:23 > 3:34:42]
SOAP:  11%|█         | 2352/22159 [32:19:45 > 3:34:48]
SOAP:  11%|█         | 2353/22159 [32:38:26 > 3:34:54]
SOAP:  11%|█         | 2354/22159 [32:56:37 > 3:35:00]
SOAP:  11%|█         | 2355/22159 [25:23:28 > 3:35:01]
SOAP:  11%|█         | 2356/22159 [32:35:18 > 3:35:10]
SOAP:  11%|█         | 2357/22159 [31:04:58 > 3:35:15]
SOAP:  11%|█         | 2358/22159 [29:49:59 > 3:35:20]
SOAP:  11%|█         | 2359/22159 [28:23:57 > 3:35:25]
SOAP:  11%|█         | 2360/22159 [28:00:14 > 3:35:30]
SOAP:  11%|█         | 2361/22159 [28:55:59 > 3:35:35]
SOAP:  11%|█         | 2362/22159 [28:55:00 > 3:35:41]
SOAP:  11%|█         | 2363/22159 [29:16:31 > 3:35:46]
SOAP:  11%|█         | 2364/22159 [30:38:18 > 3:35:52]
SOAP:  11%|█         | 2365/22159 [32:28:13 > 3:35:59]
SOAP:  11%|█         | 2366/22159 [31:09:11 > 3:36:04]
SOAP:  11%|█         | 2367/22159 [31:31:58 > 3:36:10]
SOAP:  11%|█         | 2368/22159 [30:41:44 > 3:36:15]
SOAP:  11%|█         | 2369/22159 [30:16:11 > 3:36:21]
SOAP:  11%|█         | 2370/22159 [29:06:55 > 3:36:25]
SOAP:  11%|█         | 2371/22159 [29:22:40 > 3:36:31]
SOAP:  11%|█         | 2372/22159 [27:20:30 > 3:36:35]
SOAP:  11%|█         | 2373/22159 [21:41:11 > 3:36:37]
SOAP:  11%|█         | 2374/22159 [29:55:41 > 3:36:45]
SOAP:  11%|█         | 2375/22159 [30:35:36 > 3:36:51]
SOAP:  11%|█         | 2376/22159 [27:23:21 > 3:36:55]
SOAP:  11%|█         | 2377/22159 [32:48:34 > 3:37:03]
SOAP:  11%|█         | 2378/22159 [34:08:14 > 3:37:10]
SOAP:  11%|█         | 2379/22159 [34:14:23 > 3:37:16]
SOAP:  11%|█         | 2380/22159 [31:56:58 > 3:37:21]
SOAP:  11%|█         | 2381/22159 [33:04:16 > 3:37:28]
SOAP:  11%|█         | 2382/22159 [30:52:15 > 3:37:32]
SOAP:  11%|█         | 2383/22159 [29:42:28 > 3:37:37]
SOAP:  11%|█         | 2384/22159 [25:20:15 > 3:37:40]
SOAP:  11%|█         | 2385/22159 [30:18:12 > 3:37:48]
SOAP:  11%|█         | 2386/22159 [27:49:36 > 3:37:52]
SOAP:  11%|█         | 2387/22159 [22:06:10 > 3:37:53]
SOAP:  11%|█         | 2388/22159 [30:51:01 > 3:38:03]
SOAP:  11%|█         | 2389/22159 [31:07:19 > 3:38:08]
SOAP:  11%|█         | 2390/22159 [25:25:47 > 3:38:11]
SOAP:  11%|█         | 2391/22159 [36:00:34 > 3:38:22]
SOAP:  11%|█         | 2392/22159 [34:32:08 > 3:38:27]
SOAP:  11%|█         | 2393/22159 [32:39:58 > 3:38:32]
SOAP:  11%|█         | 2394/22159 [29:52:33 > 3:38:37]
SOAP:  11%|█         | 2395/22159 [31:25:20 > 3:38:43]
SOAP:  11%|█         | 2396/22159 [28:54:29 > 3:38:47]
SOAP:  11%|█         | 2397/22159 [27:33:19 > 3:38:52]
SOAP:  11%|█         | 2398/22159 [27:32:18 > 3:38:57]
SOAP:  11%|█         | 2399/22159 [28:43:55 > 3:39:02]
SOAP:  11%|█         | 2400/22159 [29:26:07 > 3:39:08]
SOAP:  11%|█         | 2401/22159 [32:44:23 > 3:39:15]
SOAP:  11%|█         | 2402/22159 [32:10:59 > 3:39:21]
SOAP:  11%|█         | 2403/22159 [32:40:05 > 3:39:27]
SOAP:  11%|█         | 2404/22159 [33:03:39 > 3:39:33]
SOAP:  11%|█         | 2405/22159 [26:36:10 > 3:39:36]
SOAP:  11%|█         | 2406/22159 [32:15:26 > 3:39:44]
SOAP:  11%|█         | 2407/22159 [30:52:03 > 3:39:49]
SOAP:  11%|█         | 2408/22159 [29:43:46 > 3:39:54]
SOAP:  11%|█         | 2409/22159 [28:45:49 > 3:39:59]
SOAP:  11%|█         | 2410/22159 [28:43:49 > 3:40:04]
SOAP:  11%|█         | 2411/22159 [28:43:36 > 3:40:09]
SOAP:  11%|█         | 2412/22159 [28:50:45 > 3:40:14]
SOAP:  11%|█         | 2413/22159 [29:12:12 > 3:40:20]
SOAP:  11%|█         | 2414/22159 [30:33:34 > 3:40:26]
SOAP:  11%|█         | 2415/22159 [32:25:49 > 3:40:33]
SOAP:  11%|█         | 2416/22159 [31:10:31 > 3:40:38]
SOAP:  11%|█         | 2417/22159 [31:37:25 > 3:40:44]
SOAP:  11%|█         | 2418/22159 [30:50:01 > 3:40:49]
SOAP:  11%|█         | 2419/22159 [30:21:05 > 3:40:54]
SOAP:  11%|█         | 2420/22159 [29:14:37 > 3:40:59]
SOAP:  11%|█         | 2421/22159 [29:34:46 > 3:41:05]
SOAP:  11%|█         | 2422/22159 [27:32:26 > 3:41:09]
SOAP:  11%|█         | 2423/22159 [27:28:56 > 3:41:14]
SOAP:  11%|█         | 2424/22159 [22:01:20 > 3:41:16]
SOAP:  11%|█         | 2425/22159 [31:21:42 > 3:41:25]
SOAP:  11%|█         | 2426/22159 [30:41:13 > 3:41:31]
SOAP:  11%|█         | 2427/22159 [33:16:59 > 3:41:38]
SOAP:  11%|█         | 2428/22159 [33:22:53 > 3:41:44]
SOAP:  11%|█         | 2429/22159 [30:36:23 > 3:41:48]
SOAP:  11%|█         | 2430/22159 [32:24:12 > 3:41:55]
SOAP:  11%|█         | 2431/22159 [33:22:48 > 3:42:02]
SOAP:  11%|█         | 2432/22159 [27:17:45 > 3:42:04]
SOAP:  11%|█         | 2433/22159 [30:55:57 > 3:42:11]
SOAP:  11%|█         | 2434/22159 [29:25:46 > 3:42:16]
SOAP:  11%|█         | 2435/22159 [29:53:56 > 3:42:22]
SOAP:  11%|█         | 2436/22159 [27:30:57 > 3:42:26]
SOAP:  11%|█         | 2437/22159 [28:24:17 > 3:42:31]
SOAP:  11%|█         | 2438/22159 [28:47:07 > 3:42:37]
SOAP:  11%|█         | 2439/22159 [30:25:16 > 3:42:43]
SOAP:  11%|█         | 2440/22159 [31:47:24 > 3:42:49]
SOAP:  11%|█         | 2441/22159 [32:43:58 > 3:42:56]
SOAP:  11%|█         | 2442/22159 [32:12:27 > 3:43:01]
SOAP:  11%|█         | 2443/22159 [31:09:57 > 3:43:07]
SOAP:  11%|█         | 2444/22159 [30:33:56 > 3:43:12]
SOAP:  11%|█         | 2445/22159 [30:06:43 > 3:43:17]
SOAP:  11%|█         | 2446/22159 [24:20:36 > 3:43:19]
SOAP:  11%|█         | 2447/22159 [27:56:20 > 3:43:26]
SOAP:  11%|█         | 2448/22159 [27:45:24 > 3:43:31]
SOAP:  11%|█         | 2449/22159 [22:07:08 > 3:43:32]
SOAP:  11%|█         | 2450/22159 [31:23:23 > 3:43:42]
SOAP:  11%|█         | 2451/22159 [33:56:38 > 3:43:49]
SOAP:  11%|█         | 2452/22159 [32:57:42 > 3:43:55]
SOAP:  11%|█         | 2453/22159 [33:00:16 > 3:44:01]
SOAP:  11%|█         | 2454/22159 [33:06:42 > 3:44:07]
SOAP:  11%|█         | 2455/22159 [31:48:42 > 3:44:12]
SOAP:  11%|█         | 2456/22159 [30:38:35 > 3:44:18]
SOAP:  11%|█         | 2457/22159 [29:39:03 > 3:44:23]
SOAP:  11%|█         | 2458/22159 [28:53:45 > 3:44:27]
SOAP:  11%|█         | 2459/22159 [24:30:14 > 3:44:30]
SOAP:  11%|█         | 2460/22159 [29:19:09 > 3:44:37]
SOAP:  11%|█         | 2461/22159 [29:07:07 > 3:44:43]
SOAP:  11%|█         | 2462/22159 [22:48:09 > 3:44:44]
SOAP:  11%|█         | 2463/22159 [31:06:58 > 3:44:53]
SOAP:  11%|█         | 2464/22159 [31:53:23 > 3:45:00]
SOAP:  11%|█         | 2465/22159 [33:19:44 > 3:45:06]
SOAP:  11%|█         | 2466/22159 [31:38:08 > 3:45:11]
SOAP:  11%|█         | 2467/22159 [31:47:20 > 3:45:17]
SOAP:  11%|█         | 2468/22159 [30:47:58 > 3:45:22]
SOAP:  11%|█         | 2469/22159 [30:12:50 > 3:45:28]
SOAP:  11%|█         | 2470/22159 [29:02:14 > 3:45:33]
SOAP:  11%|█         | 2471/22159 [28:25:31 > 3:45:37]
SOAP:  11%|█         | 2472/22159 [22:50:44 > 3:45:39]
SOAP:  11%|█         | 2473/22159 [28:38:22 > 3:45:47]
SOAP:  11%|█         | 2474/22159 [29:00:18 > 3:45:52]
SOAP:  11%|█         | 2475/22159 [23:02:09 > 3:45:54]
SOAP:  11%|█         | 2476/22159 [33:15:39 > 3:46:05]
SOAP:  11%|█         | 2477/22159 [32:59:24 > 3:46:10]
SOAP:  11%|█         | 2478/22159 [32:53:42 > 3:46:16]
SOAP:  11%|█         | 2479/22159 [32:50:28 > 3:46:22]
SOAP:  11%|█         | 2480/22159 [30:36:47 > 3:46:27]
SOAP:  11%|█         | 2481/22159 [31:37:28 > 3:46:33]
SOAP:  11%|█         | 2482/22159 [29:38:00 > 3:46:38]
SOAP:  11%|█         | 2483/22159 [28:42:00 > 3:46:43]
SOAP:  11%|█         | 2484/22159 [22:37:25 > 3:46:44]
SOAP:  11%|█         | 2485/22159 [29:58:41 > 3:46:53]
SOAP:  11%|█         | 2486/22159 [27:24:31 > 3:46:57]
SOAP:  11%|█         | 2487/22159 [28:06:29 > 3:47:02]
SOAP:  11%|█         | 2488/22159 [28:22:49 > 3:47:08]
SOAP:  11%|█         | 2489/22159 [29:58:11 > 3:47:14]
SOAP:  11%|█         | 2490/22159 [31:16:31 > 3:47:20]
SOAP:  11%|█         | 2491/22159 [32:16:14 > 3:47:26]
SOAP:  11%|█         | 2492/22159 [24:42:46 > 3:47:28]
SOAP:  11%|█▏        | 2493/22159 [32:45:48 > 3:47:37]
SOAP:  11%|█▏        | 2494/22159 [31:36:08 > 3:47:42]
SOAP:  11%|█▏        | 2495/22159 [30:39:37 > 3:47:48]
SOAP:  11%|█▏        | 2496/22159 [28:15:18 > 3:47:52]
SOAP:  11%|█▏        | 2497/22159 [27:02:02 > 3:47:56]
SOAP:  11%|█▏        | 2498/22159 [27:02:43 > 3:48:01]
SOAP:  11%|█▏        | 2499/22159 [28:15:11 > 3:48:07]
SOAP:  11%|█▏        | 2500/22159 [29:04:08 > 3:48:12]
SOAP:  11%|█▏        | 2501/22159 [32:23:18 > 3:48:20]
SOAP:  11%|█▏        | 2502/22159 [31:49:30 > 3:48:25]
SOAP:  11%|█▏        | 2503/22159 [32:21:28 > 3:48:32]
SOAP:  11%|█▏        | 2504/22159 [32:35:35 > 3:48:38]
SOAP:  11%|█▏        | 2505/22159 [31:06:13 > 3:48:43]
SOAP:  11%|█▏        | 2506/22159 [27:19:38 > 3:48:46]
SOAP:  11%|█▏        | 2507/22159 [30:40:13 > 3:48:53]
SOAP:  11%|█▏        | 2508/22159 [28:53:48 > 3:48:58]
SOAP:  11%|█▏        | 2509/22159 [28:45:08 > 3:49:03]
SOAP:  11%|█▏        | 2510/22159 [28:35:38 > 3:49:08]
SOAP:  11%|█▏        | 2511/22159 [24:48:09 > 3:49:11]
SOAP:  11%|█▏        | 2512/22159 [29:45:36 > 3:49:19]
SOAP:  11%|█▏        | 2513/22159 [29:50:36 > 3:49:24]
SOAP:  11%|█▏        | 2514/22159 [30:59:48 > 3:49:30]
SOAP:  11%|█▏        | 2515/22159 [31:21:36 > 3:49:36]
SOAP:  11%|█▏        | 2516/22159 [31:48:11 > 3:49:42]
SOAP:  11%|█▏        | 2517/22159 [26:01:35 > 3:49:44]
SOAP:  11%|█▏        | 2518/22159 [26:25:57 > 3:49:49]
SOAP:  11%|█▏        | 2519/22159 [33:34:45 > 3:49:59]
SOAP:  11%|█▏        | 2520/22159 [31:26:20 > 3:50:04]
SOAP:  11%|█▏        | 2521/22159 [26:14:12 > 3:50:06]
SOAP:  11%|█▏        | 2522/22159 [29:44:08 > 3:50:13]
SOAP:  11%|█▏        | 2523/22159 [25:42:30 > 3:50:16]
SOAP:  11%|█▏        | 2524/22159 [30:17:22 > 3:50:24]
SOAP:  11%|█▏        | 2525/22159 [30:43:43 > 3:50:29]
SOAP:  11%|█▏        | 2526/22159 [24:16:23 > 3:50:31]
SOAP:  11%|█▏        | 2527/22159 [34:37:49 > 3:50:42]
SOAP:  11%|█▏        | 2528/22159 [34:05:33 > 3:50:48]
SOAP:  11%|█▏        | 2529/22159 [26:27:33 > 3:50:49]
SOAP:  11%|█▏        | 2530/22159 [33:55:59 > 3:50:59]
SOAP:  11%|█▏        | 2531/22159 [34:17:57 > 3:51:05]
SOAP:  11%|█▏        | 2532/22159 [31:35:37 > 3:51:10]
SOAP:  11%|█▏        | 2533/22159 [30:00:45 > 3:51:15]
SOAP:  11%|█▏        | 2534/22159 [28:46:14 > 3:51:20]
SOAP:  11%|█▏        | 2535/22159 [22:33:35 > 3:51:21]
SOAP:  11%|█▏        | 2536/22159 [29:02:24 > 3:51:29]
SOAP:  11%|█▏        | 2537/22159 [29:22:30 > 3:51:35]
SOAP:  11%|█▏        | 2538/22159 [22:54:25 > 3:51:36]
SOAP:  11%|█▏        | 2539/22159 [32:47:42 > 3:51:46]
SOAP:  11%|█▏        | 2540/22159 [33:29:22 > 3:51:53]
SOAP:  11%|█▏        | 2541/22159 [33:51:44 > 3:51:59]
SOAP:  11%|█▏        | 2542/22159 [32:56:41 > 3:52:05]
SOAP:  11%|█▏        | 2543/22159 [31:37:48 > 3:52:10]
SOAP:  11%|█▏        | 2544/22159 [30:49:28 > 3:52:15]
SOAP:  11%|█▏        | 2545/22159 [30:13:45 > 3:52:21]
SOAP:  11%|█▏        | 2546/22159 [27:58:53 > 3:52:25]
SOAP:  11%|█▏        | 2547/22159 [21:43:30 > 3:52:26]
SOAP:  11%|█▏        | 2548/22159 [28:29:08 > 3:52:34]
SOAP:  12%|█▏        | 2549/22159 [29:17:02 > 3:52:40]
SOAP:  12%|█▏        | 2550/22159 [29:49:56 > 3:52:46]
SOAP:  12%|█▏        | 2551/22159 [32:51:43 > 3:52:53]
SOAP:  12%|█▏        | 2552/22159 [32:11:51 > 3:52:59]
SOAP:  12%|█▏        | 2553/22159 [32:35:50 > 3:53:05]
SOAP:  12%|█▏        | 2554/22159 [32:52:13 > 3:53:11]
SOAP:  12%|█▏        | 2555/22159 [31:39:02 > 3:53:16]
SOAP:  12%|█▏        | 2556/22159 [30:30:42 > 3:53:21]
SOAP:  12%|█▏        | 2557/22159 [29:39:05 > 3:53:26]
SOAP:  12%|█▏        | 2558/22159 [28:48:28 > 3:53:31]
SOAP:  12%|█▏        | 2559/22159 [22:30:28 > 3:53:33]
SOAP:  12%|█▏        | 2560/22159 [29:43:15 > 3:53:41]
SOAP:  12%|█▏        | 2561/22159 [29:21:59 > 3:53:47]
SOAP:  12%|█▏        | 2562/22159 [29:14:29 > 3:53:52]
SOAP:  12%|█▏        | 2563/22159 [29:27:05 > 3:53:57]
SOAP:  12%|█▏        | 2564/22159 [23:57:39 > 3:54:00]
SOAP:  12%|█▏        | 2565/22159 [34:25:21 > 3:54:10]
SOAP:  12%|█▏        | 2566/22159 [31:01:15 > 3:54:15]
SOAP:  12%|█▏        | 2567/22159 [32:57:10 > 3:54:21]
SOAP:  12%|█▏        | 2568/22159 [25:19:57 > 3:54:23]
SOAP:  12%|█▏        | 2569/22159 [32:49:41 > 3:54:32]
SOAP:  12%|█▏        | 2570/22159 [30:59:22 > 3:54:37]
SOAP:  12%|█▏        | 2571/22159 [30:42:19 > 3:54:43]
SOAP:  12%|█▏        | 2572/22159 [27:35:03 > 3:54:46]
SOAP:  12%|█▏        | 2573/22159 [27:59:57 > 3:54:52]
SOAP:  12%|█▏        | 2574/22159 [28:38:48 > 3:54:57]
SOAP:  12%|█▏        | 2575/22159 [26:42:24 > 3:55:01]
SOAP:  12%|█▏        | 2576/22159 [32:16:16 > 3:55:10]
SOAP:  12%|█▏        | 2577/22159 [25:20:00 > 3:55:11]
SOAP:  12%|█▏        | 2578/22159 [34:47:57 > 3:55:22]
SOAP:  12%|█▏        | 2579/22159 [34:34:29 > 3:55:28]
SOAP:  12%|█▏        | 2580/22159 [32:10:07 > 3:55:33]
SOAP:  12%|█▏        | 2581/22159 [33:04:01 > 3:55:39]
SOAP:  12%|█▏        | 2582/22159 [30:44:37 > 3:55:44]
SOAP:  12%|█▏        | 2583/22159 [29:33:03 > 3:55:49]
SOAP:  12%|█▏        | 2584/22159 [28:24:39 > 3:55:54]
SOAP:  12%|█▏        | 2585/22159 [28:59:42 > 3:55:59]
SOAP:  12%|█▏        | 2586/22159 [26:44:18 > 3:56:03]
SOAP:  12%|█▏        | 2587/22159 [27:44:29 > 3:56:09]
SOAP:  12%|█▏        | 2588/22159 [27:59:56 > 3:56:14]
SOAP:  12%|█▏        | 2589/22159 [29:42:33 > 3:56:20]
SOAP:  12%|█▏        | 2590/22159 [31:11:46 > 3:56:26]
SOAP:  12%|█▏        | 2591/22159 [32:17:42 > 3:56:33]
SOAP:  12%|█▏        | 2592/22159 [28:02:16 > 3:56:36]
SOAP:  12%|█▏        | 2593/22159 [31:50:20 > 3:56:44]
SOAP:  12%|█▏        | 2594/22159 [29:08:28 > 3:56:48]
SOAP:  12%|█▏        | 2595/22159 [30:59:46 > 3:56:54]
SOAP:  12%|█▏        | 2596/22159 [28:30:00 > 3:56:59]
SOAP:  12%|█▏        | 2597/22159 [27:11:35 > 3:57:03]
SOAP:  12%|█▏        | 2598/22159 [21:36:34 > 3:57:05]
SOAP:  12%|█▏        | 2599/22159 [23:22:36 > 3:57:10]
SOAP:  12%|█▏        | 2600/22159 [27:07:13 > 3:57:16]
SOAP:  12%|█▏        | 2601/22159 [36:03:10 > 3:57:27]
SOAP:  12%|█▏        | 2602/22159 [34:23:57 > 3:57:32]
SOAP:  12%|█▏        | 2603/22159 [34:05:30 > 3:57:39]
SOAP:  12%|█▏        | 2604/22159 [33:54:16 > 3:57:45]
SOAP:  12%|█▏        | 2605/22159 [32:21:25 > 3:57:50]
SOAP:  12%|█▏        | 2606/22159 [30:21:02 > 3:57:55]
SOAP:  12%|█▏        | 2607/22159 [30:07:16 > 3:58:00]
SOAP:  12%|█▏        | 2608/22159 [29:08:37 > 3:58:05]
SOAP:  12%|█▏        | 2609/22159 [28:15:34 > 3:58:10]
SOAP:  12%|█▏        | 2610/22159 [28:10:34 > 3:58:15]
SOAP:  12%|█▏        | 2611/22159 [28:18:01 > 3:58:20]
SOAP:  12%|█▏        | 2612/22159 [28:32:22 > 3:58:26]
SOAP:  12%|█▏        | 2613/22159 [28:52:56 > 3:58:31]
SOAP:  12%|█▏        | 2614/22159 [30:20:48 > 3:58:37]
SOAP:  12%|█▏        | 2615/22159 [32:13:56 > 3:58:44]
SOAP:  12%|█▏        | 2616/22159 [30:59:32 > 3:58:49]
SOAP:  12%|█▏        | 2617/22159 [31:20:40 > 3:58:55]
SOAP:  12%|█▏        | 2618/22159 [30:32:02 > 3:59:01]
SOAP:  12%|█▏        | 2619/22159 [30:06:26 > 3:59:06]
SOAP:  12%|█▏        | 2620/22159 [29:00:43 > 3:59:11]
SOAP:  12%|█▏        | 2621/22159 [29:22:41 > 3:59:16]
SOAP:  12%|█▏        | 2622/22159 [26:06:02 > 3:59:20]
SOAP:  12%|█▏        | 2623/22159 [26:29:52 > 3:59:25]
SOAP:  12%|█▏        | 2624/22159 [28:41:19 > 3:59:31]
SOAP:  12%|█▏        | 2625/22159 [28:49:06 > 3:59:36]
SOAP:  12%|█▏        | 2626/22159 [31:33:31 > 3:59:43]
SOAP:  12%|█▏        | 2627/22159 [31:52:03 > 3:59:49]
SOAP:  12%|█▏        | 2628/22159 [32:12:01 > 3:59:55]
SOAP:  12%|█▏        | 2629/22159 [32:35:51 > 4:00:02]
SOAP:  12%|█▏        | 2630/22159 [30:42:25 > 4:00:06]
SOAP:  12%|█▏        | 2631/22159 [24:09:53 > 4:00:08]
SOAP:  12%|█▏        | 2632/22159 [32:28:16 > 4:00:18]
SOAP:  12%|█▏        | 2633/22159 [30:48:10 > 4:00:23]
SOAP:  12%|█▏        | 2634/22159 [29:13:01 > 4:00:27]
SOAP:  12%|█▏        | 2635/22159 [27:08:42 > 4:00:31]
SOAP:  12%|█▏        | 2636/22159 [27:54:56 > 4:00:37]
SOAP:  12%|█▏        | 2637/22159 [28:32:51 > 4:00:42]
SOAP:  12%|█▏        | 2638/22159 [28:37:33 > 4:00:48]
SOAP:  12%|█▏        | 2639/22159 [23:13:09 > 4:00:50]
SOAP:  12%|█▏        | 2640/22159 [33:35:20 > 4:01:00]
SOAP:  12%|█▏        | 2641/22159 [33:26:36 > 4:01:07]
SOAP:  12%|█▏        | 2642/22159 [32:49:42 > 4:01:12]
SOAP:  12%|█▏        | 2643/22159 [31:17:08 > 4:01:17]
SOAP:  12%|█▏        | 2644/22159 [30:29:33 > 4:01:23]
SOAP:  12%|█▏        | 2645/22159 [29:54:13 > 4:01:28]
SOAP:  12%|█▏        | 2646/22159 [27:40:32 > 4:01:32]
SOAP:  12%|█▏        | 2647/22159 [26:36:35 > 4:01:37]
SOAP:  12%|█▏        | 2648/22159 [26:43:36 > 4:01:42]
SOAP:  12%|█▏        | 2649/22159 [28:00:05 > 4:01:47]
SOAP:  12%|█▏        | 2650/22159 [28:53:48 > 4:01:53]
SOAP:  12%|█▏        | 2651/22159 [32:11:11 > 4:02:00]
SOAP:  12%|█▏        | 2652/22159 [31:42:20 > 4:02:06]
SOAP:  12%|█▏        | 2653/22159 [32:10:57 > 4:02:12]
SOAP:  12%|█▏        | 2654/22159 [29:43:40 > 4:02:17]
SOAP:  12%|█▏        | 2655/22159 [31:29:01 > 4:02:23]
SOAP:  12%|█▏        | 2656/22159 [31:02:00 > 4:02:29]
SOAP:  12%|█▏        | 2657/22159 [29:56:15 > 4:02:34]
SOAP:  12%|█▏        | 2658/22159 [28:53:40 > 4:02:39]
SOAP:  12%|█▏        | 2659/22159 [28:03:44 > 4:02:43]
SOAP:  12%|█▏        | 2660/22159 [28:00:36 > 4:02:49]
SOAP:  12%|█▏        | 2661/22159 [28:08:12 > 4:02:54]
SOAP:  12%|█▏        | 2662/22159 [28:20:59 > 4:02:59]
SOAP:  12%|█▏        | 2663/22159 [23:44:31 > 4:03:02]
SOAP:  12%|█▏        | 2664/22159 [31:45:03 > 4:03:11]
SOAP:  12%|█▏        | 2665/22159 [33:08:21 > 4:03:18]
SOAP:  12%|█▏        | 2666/22159 [31:34:38 > 4:03:23]
SOAP:  12%|█▏        | 2667/22159 [31:46:28 > 4:03:29]
SOAP:  12%|█▏        | 2668/22159 [30:46:01 > 4:03:34]
SOAP:  12%|█▏        | 2669/22159 [30:10:41 > 4:03:39]
SOAP:  12%|█▏        | 2670/22159 [28:56:57 > 4:03:44]
SOAP:  12%|█▏        | 2671/22159 [29:07:46 > 4:03:50]
SOAP:  12%|█▏        | 2672/22159 [26:58:53 > 4:03:54]
SOAP:  12%|█▏        | 2673/22159 [26:55:31 > 4:03:59]
SOAP:  12%|█▏        | 2674/22159 [27:50:36 > 4:04:04]
SOAP:  12%|█▏        | 2675/22159 [26:08:37 > 4:04:08]
SOAP:  12%|█▏        | 2676/22159 [23:45:01 > 4:04:12]
SOAP:  12%|█▏        | 2677/22159 [34:09:06 > 4:04:22]
SOAP:  12%|█▏        | 2678/22159 [33:47:07 > 4:04:28]
SOAP:  12%|█▏        | 2679/22159 [26:15:44 > 4:04:30]
SOAP:  12%|█▏        | 2680/22159 [33:46:17 > 4:04:40]
SOAP:  12%|█▏        | 2681/22159 [34:11:46 > 4:04:46]
SOAP:  12%|█▏        | 2682/22159 [31:32:26 > 4:04:51]
SOAP:  12%|█▏        | 2683/22159 [29:57:11 > 4:04:56]
SOAP:  12%|█▏        | 2684/22159 [25:32:47 > 4:04:58]
SOAP:  12%|█▏        | 2685/22159 [23:15:14 > 4:05:02]
SOAP:  12%|█▏        | 2686/22159 [29:29:07 > 4:05:10]
SOAP:  12%|█▏        | 2687/22159 [29:31:22 > 4:05:15]
SOAP:  12%|█▏        | 2688/22159 [22:55:26 > 4:05:17]
SOAP:  12%|█▏        | 2689/22159 [26:41:04 > 4:05:23]
SOAP:  12%|█▏        | 2690/22159 [34:50:03 > 4:05:33]
SOAP:  12%|█▏        | 2691/22159 [27:10:58 > 4:05:35]
SOAP:  12%|█▏        | 2692/22159 [35:34:50 > 4:05:45]
SOAP:  12%|█▏        | 2693/22159 [27:24:48 > 4:05:47]
SOAP:  12%|█▏        | 2694/22159 [33:37:20 > 4:05:56]
SOAP:  12%|█▏        | 2695/22159 [32:06:07 > 4:06:01]
SOAP:  12%|█▏        | 2696/22159 [29:13:30 > 4:06:05]
SOAP:  12%|█▏        | 2697/22159 [25:57:30 > 4:06:08]
SOAP:  12%|█▏        | 2698/22159 [27:51:30 > 4:06:14]
SOAP:  12%|█▏        | 2699/22159 [28:28:23 > 4:06:20]
SOAP:  12%|█▏        | 2700/22159 [29:22:41 > 4:06:26]
SOAP:  12%|█▏        | 2701/22159 [32:32:01 > 4:06:33]
SOAP:  12%|█▏        | 2702/22159 [31:51:37 > 4:06:39]
SOAP:  12%|█▏        | 2703/22159 [32:14:26 > 4:06:45]
SOAP:  12%|█▏        | 2704/22159 [32:34:48 > 4:06:51]
SOAP:  12%|█▏        | 2705/22159 [31:17:44 > 4:06:56]
SOAP:  12%|█▏        | 2706/22159 [30:11:23 > 4:07:01]
SOAP:  12%|█▏        | 2707/22159 [29:20:45 > 4:07:06]
SOAP:  12%|█▏        | 2708/22159 [28:32:38 > 4:07:11]
SOAP:  12%|█▏        | 2709/22159 [27:42:51 > 4:07:16]
SOAP:  12%|█▏        | 2710/22159 [27:45:40 > 4:07:21]
SOAP:  12%|█▏        | 2711/22159 [25:20:05 > 4:07:25]
SOAP:  12%|█▏        | 2712/22159 [28:49:33 > 4:07:32]
SOAP:  12%|█▏        | 2713/22159 [22:46:46 > 4:07:33]
SOAP:  12%|█▏        | 2714/22159 [32:17:57 > 4:07:44]
SOAP:  12%|█▏        | 2715/22159 [33:24:53 > 4:07:50]
SOAP:  12%|█▏        | 2716/22159 [31:44:39 > 4:07:55]
SOAP:  12%|█▏        | 2717/22159 [24:25:16 > 4:07:57]
SOAP:  12%|█▏        | 2718/22159 [33:01:20 > 4:08:07]
SOAP:  12%|█▏        | 2719/22159 [31:49:43 > 4:08:12]
SOAP:  12%|█▏        | 2720/22159 [30:06:55 > 4:08:17]
SOAP:  12%|█▏        | 2721/22159 [29:02:57 > 4:08:22]
SOAP:  12%|█▏        | 2722/22159 [28:00:23 > 4:08:26]
SOAP:  12%|█▏        | 2723/22159 [27:43:34 > 4:08:31]
SOAP:  12%|█▏        | 2724/22159 [28:18:45 > 4:08:37]
SOAP:  12%|█▏        | 2725/22159 [29:17:38 > 4:08:43]
SOAP:  12%|█▏        | 2726/22159 [26:56:31 > 4:08:47]
SOAP:  12%|█▏        | 2727/22159 [32:35:21 > 4:08:55]
SOAP:  12%|█▏        | 2728/22159 [32:39:21 > 4:09:01]
SOAP:  12%|█▏        | 2729/22159 [32:53:57 > 4:09:08]
SOAP:  12%|█▏        | 2730/22159 [30:53:57 > 4:09:12]
SOAP:  12%|█▏        | 2731/22159 [31:58:08 > 4:09:19]
SOAP:  12%|█▏        | 2732/22159 [29:59:12 > 4:09:23]
SOAP:  12%|█▏        | 2733/22159 [23:31:03 > 4:09:25]
SOAP:  12%|█▏        | 2734/22159 [29:30:23 > 4:09:33]
SOAP:  12%|█▏        | 2735/22159 [29:24:08 > 4:09:39]
SOAP:  12%|█▏        | 2736/22159 [27:11:25 > 4:09:43]
SOAP:  12%|█▏        | 2737/22159 [23:05:18 > 4:09:45]
SOAP:  12%|█▏        | 2738/22159 [29:48:23 > 4:09:54]
SOAP:  12%|█▏        | 2739/22159 [31:05:09 > 4:10:00]
SOAP:  12%|█▏        | 2740/22159 [32:06:58 > 4:10:06]
SOAP:  12%|█▏        | 2741/22159 [32:48:30 > 4:10:13]
SOAP:  12%|█▏        | 2742/22159 [32:11:33 > 4:10:18]
SOAP:  12%|█▏        | 2743/22159 [30:52:48 > 4:10:23]
SOAP:  12%|█▏        | 2744/22159 [24:14:15 > 4:10:25]
SOAP:  12%|█▏        | 2745/22159 [31:32:59 > 4:10:34]
SOAP:  12%|█▏        | 2746/22159 [28:54:54 > 4:10:38]
SOAP:  12%|█▏        | 2747/22159 [23:06:56 > 4:10:40]
SOAP:  12%|█▏        | 2748/22159 [28:27:18 > 4:10:48]
SOAP:  12%|█▏        | 2749/22159 [29:10:26 > 4:10:53]
SOAP:  12%|█▏        | 2750/22159 [29:44:52 > 4:10:59]
SOAP:  12%|█▏        | 2751/22159 [32:46:49 > 4:11:07]
SOAP:  12%|█▏        | 2752/22159 [32:01:14 > 4:11:12]
SOAP:  12%|█▏        | 2753/22159 [32:19:45 > 4:11:18]
SOAP:  12%|█▏        | 2754/22159 [32:36:42 > 4:11:25]
SOAP:  12%|█▏        | 2755/22159 [31:25:02 > 4:11:30]
SOAP:  12%|█▏        | 2756/22159 [30:19:00 > 4:11:35]
SOAP:  12%|█▏        | 2757/22159 [29:26:02 > 4:11:40]
SOAP:  12%|█▏        | 2758/22159 [28:39:24 > 4:11:45]
SOAP:  12%|█▏        | 2759/22159 [25:37:35 > 4:11:48]
SOAP:  12%|█▏        | 2760/22159 [28:37:19 > 4:11:55]
SOAP:  12%|█▏        | 2761/22159 [28:29:50 > 4:12:00]
SOAP:  12%|█▏        | 2762/22159 [28:34:04 > 4:12:06]
SOAP:  12%|█▏        | 2763/22159 [28:52:25 > 4:12:11]
SOAP:  12%|█▏        | 2764/22159 [30:19:40 > 4:12:17]
SOAP:  12%|█▏        | 2765/22159 [32:06:10 > 4:12:24]
SOAP:  12%|█▏        | 2766/22159 [29:35:50 > 4:12:29]
SOAP:  12%|█▏        | 2767/22159 [31:32:57 > 4:12:35]
SOAP:  12%|█▏        | 2768/22159 [27:29:44 > 4:12:39]
SOAP:  12%|█▏        | 2769/22159 [31:00:26 > 4:12:46]
SOAP:  13%|█▎        | 2770/22159 [29:26:40 > 4:12:51]
SOAP:  13%|█▎        | 2771/22159 [29:32:03 > 4:12:56]
SOAP:  13%|█▎        | 2772/22159 [27:21:09 > 4:13:00]
SOAP:  13%|█▎        | 2773/22159 [21:41:24 > 4:13:02]
SOAP:  13%|█▎        | 2774/22159 [23:21:22 > 4:13:07]
SOAP:  13%|█▎        | 2775/22159 [31:56:34 > 4:13:17]
SOAP:  13%|█▎        | 2776/22159 [32:57:32 > 4:13:23]
SOAP:  13%|█▎        | 2777/22159 [26:25:44 > 4:13:25]
SOAP:  13%|█▎        | 2778/22159 [34:47:27 > 4:13:35]
SOAP:  13%|█▎        | 2779/22159 [26:54:01 > 4:13:37]
SOAP:  13%|█▎        | 2780/22159 [34:13:12 > 4:13:46]
SOAP:  13%|█▎        | 2781/22159 [34:29:44 > 4:13:53]
SOAP:  13%|█▎        | 2782/22159 [31:47:07 > 4:13:58]
SOAP:  13%|█▎        | 2783/22159 [30:14:42 > 4:14:03]
SOAP:  13%|█▎        | 2784/22159 [28:57:29 > 4:14:07]
SOAP:  13%|█▎        | 2785/22159 [29:25:50 > 4:14:13]
SOAP:  13%|█▎        | 2786/22159 [27:00:14 > 4:14:17]
SOAP:  13%|█▎        | 2787/22159 [27:50:14 > 4:14:23]
SOAP:  13%|█▎        | 2788/22159 [28:14:40 > 4:14:28]
SOAP:  13%|█▎        | 2789/22159 [29:53:35 > 4:14:34]
SOAP:  13%|█▎        | 2790/22159 [31:15:54 > 4:14:41]
SOAP:  13%|█▎        | 2791/22159 [32:09:17 > 4:14:47]
SOAP:  13%|█▎        | 2792/22159 [31:40:44 > 4:14:53]
SOAP:  13%|█▎        | 2793/22159 [30:36:19 > 4:14:58]
SOAP:  13%|█▎        | 2794/22159 [29:59:08 > 4:15:03]
SOAP:  13%|█▎        | 2795/22159 [29:31:17 > 4:15:09]
SOAP:  13%|█▎        | 2796/22159 [27:29:15 > 4:15:13]
SOAP:  13%|█▎        | 2797/22159 [26:21:59 > 4:15:17]
SOAP:  13%|█▎        | 2798/22159 [26:28:09 > 4:15:22]
SOAP:  13%|█▎        | 2799/22159 [27:40:14 > 4:15:28]
SOAP:  13%|█▎        | 2800/22159 [27:43:59 > 4:15:33]
SOAP:  13%|█▎        | 2801/22159 [32:04:32 > 4:15:41]
SOAP:  13%|█▎        | 2802/22159 [31:30:25 > 4:15:47]
SOAP:  13%|█▎        | 2803/22159 [28:16:38 > 4:15:50]
SOAP:  13%|█▎        | 2804/22159 [33:15:40 > 4:15:59]
SOAP:  13%|█▎        | 2805/22159 [31:47:32 > 4:16:04]
SOAP:  13%|█▎        | 2806/22159 [27:10:57 > 4:16:07]
SOAP:  13%|█▎        | 2807/22159 [30:26:32 > 4:16:14]
SOAP:  13%|█▎        | 2808/22159 [29:16:59 > 4:16:19]
SOAP:  13%|█▎        | 2809/22159 [28:18:14 > 4:16:24]
SOAP:  13%|█▎        | 2810/22159 [28:12:25 > 4:16:29]
SOAP:  13%|█▎        | 2811/22159 [28:14:51 > 4:16:34]
SOAP:  13%|█▎        | 2812/22159 [28:25:58 > 4:16:40]
SOAP:  13%|█▎        | 2813/22159 [28:56:09 > 4:16:45]
SOAP:  13%|█▎        | 2814/22159 [30:21:08 > 4:16:52]
SOAP:  13%|█▎        | 2815/22159 [32:11:41 > 4:16:58]
SOAP:  13%|█▎        | 2816/22159 [28:22:00 > 4:17:02]
SOAP:  13%|█▎        | 2817/22159 [31:54:32 > 4:17:10]
SOAP:  13%|█▎        | 2818/22159 [30:46:26 > 4:17:15]
SOAP:  13%|█▎        | 2819/22159 [30:06:04 > 4:17:20]
SOAP:  13%|█▎        | 2820/22159 [28:50:24 > 4:17:25]
SOAP:  13%|█▎        | 2821/22159 [23:41:52 > 4:17:27]
SOAP:  13%|█▎        | 2822/22159 [28:39:27 > 4:17:35]
SOAP:  13%|█▎        | 2823/22159 [26:49:02 > 4:17:39]
SOAP:  13%|█▎        | 2824/22159 [29:00:24 > 4:17:45]
SOAP:  13%|█▎        | 2825/22159 [29:48:13 > 4:17:51]
SOAP:  13%|█▎        | 2826/22159 [31:21:06 > 4:17:58]
SOAP:  13%|█▎        | 2827/22159 [31:40:46 > 4:18:04]
SOAP:  13%|█▎        | 2828/22159 [32:05:46 > 4:18:10]
SOAP:  13%|█▎        | 2829/22159 [32:26:24 > 4:18:16]
SOAP:  13%|█▎        | 2830/22159 [30:30:11 > 4:18:21]
SOAP:  13%|█▎        | 2831/22159 [31:50:20 > 4:18:27]
SOAP:  13%|█▎        | 2832/22159 [29:55:00 > 4:18:32]
SOAP:  13%|█▎        | 2833/22159 [28:51:43 > 4:18:37]
SOAP:  13%|█▎        | 2834/22159 [27:50:59 > 4:18:42]
SOAP:  13%|█▎        | 2835/22159 [28:32:55 > 4:18:47]
SOAP:  13%|█▎        | 2836/22159 [26:27:40 > 4:18:51]
SOAP:  13%|█▎        | 2837/22159 [27:26:08 > 4:18:57]
SOAP:  13%|█▎        | 2838/22159 [27:58:28 > 4:19:02]
SOAP:  13%|█▎        | 2839/22159 [29:36:57 > 4:19:09]
SOAP:  13%|█▎        | 2840/22159 [29:10:59 > 4:19:14]
SOAP:  13%|█▎        | 2841/22159 [32:27:52 > 4:19:21]
SOAP:  13%|█▎        | 2842/22159 [31:50:18 > 4:19:27]
SOAP:  13%|█▎        | 2843/22159 [30:38:24 > 4:19:32]
SOAP:  13%|█▎        | 2844/22159 [29:59:48 > 4:19:37]
SOAP:  13%|█▎        | 2845/22159 [29:32:42 > 4:19:43]
SOAP:  13%|█▎        | 2846/22159 [27:26:36 > 4:19:47]
SOAP:  13%|█▎        | 2847/22159 [26:19:23 > 4:19:51]
SOAP:  13%|█▎        | 2848/22159 [26:23:08 > 4:19:56]
SOAP:  13%|█▎        | 2849/22159 [27:46:36 > 4:20:02]
SOAP:  13%|█▎        | 2850/22159 [28:38:05 > 4:20:08]
SOAP:  13%|█▎        | 2851/22159 [31:51:05 > 4:20:15]
SOAP:  13%|█▎        | 2852/22159 [25:32:44 > 4:20:17]
SOAP:  13%|█▎        | 2853/22159 [33:35:02 > 4:20:27]
SOAP:  13%|█▎        | 2854/22159 [33:23:19 > 4:20:33]
SOAP:  13%|█▎        | 2855/22159 [31:52:46 > 4:20:38]
SOAP:  13%|█▎        | 2856/22159 [30:30:45 > 4:20:43]
SOAP:  13%|█▎        | 2857/22159 [29:25:07 > 4:20:49]
SOAP:  13%|█▎        | 2858/22159 [28:30:57 > 4:20:53]
SOAP:  13%|█▎        | 2859/22159 [27:45:03 > 4:20:58]
SOAP:  13%|█▎        | 2860/22159 [27:48:39 > 4:21:03]
SOAP:  13%|█▎        | 2861/22159 [27:56:03 > 4:21:09]
SOAP:  13%|█▎        | 2862/22159 [28:08:51 > 4:21:14]
SOAP:  13%|█▎        | 2863/22159 [24:48:29 > 4:21:17]
SOAP:  13%|█▎        | 2864/22159 [31:03:44 > 4:21:26]
SOAP:  13%|█▎        | 2865/22159 [32:35:17 > 4:21:33]
SOAP:  13%|█▎        | 2866/22159 [31:10:17 > 4:21:38]
SOAP:  13%|█▎        | 2867/22159 [31:24:01 > 4:21:44]
SOAP:  13%|█▎        | 2868/22159 [30:26:06 > 4:21:49]
SOAP:  13%|█▎        | 2869/22159 [29:53:33 > 4:21:54]
SOAP:  13%|█▎        | 2870/22159 [28:42:35 > 4:21:59]
SOAP:  13%|█▎        | 2871/22159 [28:53:19 > 4:22:05]
SOAP:  13%|█▎        | 2872/22159 [26:54:33 > 4:22:09]
SOAP:  13%|█▎        | 2873/22159 [26:54:03 > 4:22:14]
SOAP:  13%|█▎        | 2874/22159 [25:24:48 > 4:22:18]
SOAP:  13%|█▎        | 2875/22159 [29:33:06 > 4:22:25]
SOAP:  13%|█▎        | 2876/22159 [31:05:13 > 4:22:32]
SOAP:  13%|█▎        | 2877/22159 [31:27:55 > 4:22:38]
SOAP:  13%|█▎        | 2878/22159 [31:51:53 > 4:22:44]
SOAP:  13%|█▎        | 2879/22159 [32:12:43 > 4:22:50]
SOAP:  13%|█▎        | 2880/22159 [30:17:53 > 4:22:55]
SOAP:  13%|█▎        | 2881/22159 [31:39:57 > 4:23:01]
SOAP:  13%|█▎        | 2882/22159 [29:42:48 > 4:23:06]
SOAP:  13%|█▎        | 2883/22159 [28:43:43 > 4:23:11]
SOAP:  13%|█▎        | 2884/22159 [27:42:38 > 4:23:16]
SOAP:  13%|█▎        | 2885/22159 [28:23:30 > 4:23:21]
SOAP:  13%|█▎        | 2886/22159 [26:13:31 > 4:23:25]
SOAP:  13%|█▎        | 2887/22159 [27:10:13 > 4:23:31]
SOAP:  13%|█▎        | 2888/22159 [27:39:48 > 4:23:36]
SOAP:  13%|█▎        | 2889/22159 [24:03:03 > 4:23:39]
SOAP:  13%|█▎        | 2890/22159 [32:33:19 > 4:23:49]
SOAP:  13%|█▎        | 2891/22159 [33:03:59 > 4:23:55]
SOAP:  13%|█▎        | 2892/22159 [32:14:58 > 4:24:01]
SOAP:  13%|█▎        | 2893/22159 [30:56:25 > 4:24:06]
SOAP:  13%|█▎        | 2894/22159 [30:12:42 > 4:24:11]
SOAP:  13%|█▎        | 2895/22159 [28:54:22 > 4:24:16]
SOAP:  13%|█▎        | 2896/22159 [27:44:44 > 4:24:21]
SOAP:  13%|█▎        | 2897/22159 [26:30:56 > 4:24:25]
SOAP:  13%|█▎        | 2898/22159 [26:36:19 > 4:24:30]
SOAP:  13%|█▎        | 2899/22159 [27:45:50 > 4:24:36]
SOAP:  13%|█▎        | 2900/22159 [22:28:18 > 4:24:38]
SOAP:  13%|█▎        | 2901/22159 [33:35:16 > 4:24:49]
SOAP:  13%|█▎        | 2902/22159 [32:32:38 > 4:24:55]
SOAP:  13%|█▎        | 2903/22159 [32:38:17 > 4:25:01]
SOAP:  13%|█▎        | 2904/22159 [32:46:39 > 4:25:07]
SOAP:  13%|█▎        | 2905/22159 [31:28:54 > 4:25:12]
SOAP:  13%|█▎        | 2906/22159 [30:12:57 > 4:25:18]
SOAP:  13%|█▎        | 2907/22159 [29:14:41 > 4:25:23]
SOAP:  13%|█▎        | 2908/22159 [28:28:08 > 4:25:28]
SOAP:  13%|█▎        | 2909/22159 [27:43:10 > 4:25:32]
SOAP:  13%|█▎        | 2910/22159 [27:40:40 > 4:25:38]
SOAP:  13%|█▎        | 2911/22159 [27:47:05 > 4:25:43]
SOAP:  13%|█▎        | 2912/22159 [27:55:58 > 4:25:48]
SOAP:  13%|█▎        | 2913/22159 [22:08:10 > 4:25:50]
SOAP:  13%|█▎        | 2914/22159 [24:56:54 > 4:25:56]
SOAP:  13%|█▎        | 2915/22159 [34:51:28 > 4:26:06]
SOAP:  13%|█▎        | 2916/22159 [32:45:34 > 4:26:12]
SOAP:  13%|█▎        | 2917/22159 [32:30:51 > 4:26:18]
SOAP:  13%|█▎        | 2918/22159 [31:11:25 > 4:26:23]
SOAP:  13%|█▎        | 2919/22159 [30:27:32 > 4:26:28]
SOAP:  13%|█▎        | 2920/22159 [29:06:53 > 4:26:33]
SOAP:  13%|█▎        | 2921/22159 [29:13:34 > 4:26:39]
SOAP:  13%|█▎        | 2922/22159 [27:05:13 > 4:26:43]
SOAP:  13%|█▎        | 2923/22159 [27:00:38 > 4:26:48]
SOAP:  13%|█▎        | 2924/22159 [24:37:04 > 4:26:51]
SOAP:  13%|█▎        | 2925/22159 [29:46:00 > 4:26:59]
SOAP:  13%|█▎        | 2926/22159 [31:19:02 > 4:27:06]
SOAP:  13%|█▎        | 2927/22159 [31:34:57 > 4:27:12]
SOAP:  13%|█▎        | 2928/22159 [32:00:12 > 4:27:18]
SOAP:  13%|█▎        | 2929/22159 [32:18:22 > 4:27:24]
SOAP:  13%|█▎        | 2930/22159 [30:21:47 > 4:27:29]
SOAP:  13%|█▎        | 2931/22159 [31:40:10 > 4:27:35]
SOAP:  13%|█▎        | 2932/22159 [29:38:33 > 4:27:40]
SOAP:  13%|█▎        | 2933/22159 [28:38:09 > 4:27:45]
SOAP:  13%|█▎        | 2934/22159 [27:41:05 > 4:27:50]
SOAP:  13%|█▎        | 2935/22159 [28:24:55 > 4:27:55]
SOAP:  13%|█▎        | 2936/22159 [26:14:40 > 4:27:59]
SOAP:  13%|█▎        | 2937/22159 [27:17:18 > 4:28:05]
SOAP:  13%|█▎        | 2938/22159 [27:49:40 > 4:28:10]
SOAP:  13%|█▎        | 2939/22159 [29:33:33 > 4:28:17]
SOAP:  13%|█▎        | 2940/22159 [30:58:40 > 4:28:23]
SOAP:  13%|█▎        | 2941/22159 [24:25:51 > 4:28:25]
SOAP:  13%|█▎        | 2942/22159 [33:40:18 > 4:28:35]
SOAP:  13%|█▎        | 2943/22159 [31:50:15 > 4:28:40]
SOAP:  13%|█▎        | 2944/22159 [30:45:31 > 4:28:46]
SOAP:  13%|█▎        | 2945/22159 [29:58:06 > 4:28:51]
SOAP:  13%|█▎        | 2946/22159 [27:40:46 > 4:28:55]
SOAP:  13%|█▎        | 2947/22159 [26:28:03 > 4:29:00]
SOAP:  13%|█▎        | 2948/22159 [26:25:52 > 4:29:05]
SOAP:  13%|█▎        | 2949/22159 [27:39:27 > 4:29:10]
SOAP:  13%|█▎        | 2950/22159 [28:29:37 > 4:29:16]
SOAP:  13%|█▎        | 2951/22159 [31:40:59 > 4:29:23]
SOAP:  13%|█▎        | 2952/22159 [24:50:17 > 4:29:25]
SOAP:  13%|█▎        | 2953/22159 [30:48:06 > 4:29:33]
SOAP:  13%|█▎        | 2954/22159 [34:13:24 > 4:29:41]
SOAP:  13%|█▎        | 2955/22159 [32:29:55 > 4:29:47]
SOAP:  13%|█▎        | 2956/22159 [30:57:59 > 4:29:52]
SOAP:  13%|█▎        | 2957/22159 [29:47:44 > 4:29:57]
SOAP:  13%|█▎        | 2958/22159 [28:51:13 > 4:30:02]
SOAP:  13%|█▎        | 2959/22159 [22:34:31 > 4:30:03]
SOAP:  13%|█▎        | 2960/22159 [26:36:11 > 4:30:10]
SOAP:  13%|█▎        | 2961/22159 [29:47:57 > 4:30:17]
SOAP:  13%|█▎        | 2962/22159 [29:23:02 > 4:30:22]
SOAP:  13%|█▎        | 2963/22159 [27:32:22 > 4:30:27]
SOAP:  13%|█▎        | 2964/22159 [31:05:16 > 4:30:34]
SOAP:  13%|█▎        | 2965/22159 [32:30:09 > 4:30:41]
SOAP:  13%|█▎        | 2966/22159 [31:01:02 > 4:30:46]
SOAP:  13%|█▎        | 2967/22159 [31:10:55 > 4:30:52]
SOAP:  13%|█▎        | 2968/22159 [29:33:56 > 4:30:57]
SOAP:  13%|█▎        | 2969/22159 [25:59:46 > 4:31:00]
SOAP:  13%|█▎        | 2970/22159 [29:57:51 > 4:31:07]
SOAP:  13%|█▎        | 2971/22159 [29:43:21 > 4:31:13]
SOAP:  13%|█▎        | 2972/22159 [27:20:51 > 4:31:17]
SOAP:  13%|█▎        | 2973/22159 [27:08:29 > 4:31:22]
SOAP:  13%|█▎        | 2974/22159 [27:48:50 > 4:31:27]
SOAP:  13%|█▎        | 2975/22159 [28:44:37 > 4:31:33]
SOAP:  13%|█▎        | 2976/22159 [30:28:06 > 4:31:40]
SOAP:  13%|█▎        | 2977/22159 [24:28:09 > 4:31:42]
SOAP:  13%|█▎        | 2978/22159 [33:20:35 > 4:31:52]
SOAP:  13%|█▎        | 2979/22159 [25:49:51 > 4:31:53]
SOAP:  13%|█▎        | 2980/22159 [33:17:26 > 4:32:03]
SOAP:  13%|█▎        | 2981/22159 [33:42:32 > 4:32:09]
SOAP:  13%|█▎        | 2982/22159 [31:00:13 > 4:32:14]
SOAP:  13%|█▎        | 2983/22159 [29:28:06 > 4:32:19]
SOAP:  13%|█▎        | 2984/22159 [28:10:21 > 4:32:24]
SOAP:  13%|█▎        | 2985/22159 [28:45:21 > 4:32:29]
SOAP:  13%|█▎        | 2986/22159 [26:35:06 > 4:32:33]
SOAP:  13%|█▎        | 2987/22159 [27:27:40 > 4:32:39]
SOAP:  13%|█▎        | 2988/22159 [27:53:46 > 4:32:44]
SOAP:  13%|█▎        | 2989/22159 [29:33:34 > 4:32:51]
SOAP:  13%|█▎        | 2990/22159 [30:55:13 > 4:32:57]
SOAP:  13%|█▎        | 2991/22159 [29:16:06 > 4:33:02]
SOAP:  14%|█▎        | 2992/22159 [32:06:03 > 4:33:09]
SOAP:  14%|█▎        | 2993/22159 [30:45:16 > 4:33:14]
SOAP:  14%|█▎        | 2994/22159 [30:03:40 > 4:33:20]
SOAP:  14%|█▎        | 2995/22159 [29:26:38 > 4:33:25]
SOAP:  14%|█▎        | 2996/22159 [27:16:32 > 4:33:29]
SOAP:  14%|█▎        | 2997/22159 [23:21:53 > 4:33:32]
SOAP:  14%|█▎        | 2998/22159 [27:04:39 > 4:33:38]
SOAP:  14%|█▎        | 2999/22159 [21:38:39 > 4:33:40]
SOAP:  14%|█▎        | 3000/22159 [30:44:01 > 4:33:50]
SOAP:  14%|█▎        | 3001/22159 [33:17:03 > 4:33:57]
SOAP:  14%|█▎        | 3002/22159 [32:17:08 > 4:34:03]
SOAP:  14%|█▎        | 3003/22159 [32:29:08 > 4:34:09]
SOAP:  14%|█▎        | 3004/22159 [32:34:42 > 4:34:15]
SOAP:  14%|█▎        | 3005/22159 [31:15:24 > 4:34:21]
SOAP:  14%|█▎        | 3006/22159 [30:03:15 > 4:34:26]
SOAP:  14%|█▎        | 3007/22159 [29:10:23 > 4:34:31]
SOAP:  14%|█▎        | 3008/22159 [28:17:15 > 4:34:36]
SOAP:  14%|█▎        | 3009/22159 [27:29:48 > 4:34:40]
SOAP:  14%|█▎        | 3010/22159 [27:32:06 > 4:34:46]
SOAP:  14%|█▎        | 3011/22159 [27:38:09 > 4:34:51]
SOAP:  14%|█▎        | 3012/22159 [27:51:13 > 4:34:56]
SOAP:  14%|█▎        | 3013/22159 [28:13:55 > 4:35:02]
SOAP:  14%|█▎        | 3014/22159 [29:32:24 > 4:35:08]
SOAP:  14%|█▎        | 3015/22159 [31:17:29 > 4:35:15]
SOAP:  14%|█▎        | 3016/22159 [30:02:24 > 4:35:20]
SOAP:  14%|█▎        | 3017/22159 [30:23:07 > 4:35:25]
SOAP:  14%|█▎        | 3018/22159 [23:25:40 > 4:35:27]
SOAP:  14%|█▎        | 3019/22159 [31:05:31 > 4:35:36]
SOAP:  14%|█▎        | 3020/22159 [29:16:18 > 4:35:41]
SOAP:  14%|█▎        | 3021/22159 [29:20:06 > 4:35:46]
SOAP:  14%|█▎        | 3022/22159 [27:01:02 > 4:35:50]
SOAP:  14%|█▎        | 3023/22159 [26:47:03 > 4:35:55]
SOAP:  14%|█▎        | 3024/22159 [27:31:30 > 4:36:01]
SOAP:  14%|█▎        | 3025/22159 [28:34:47 > 4:36:07]
SOAP:  14%|█▎        | 3026/22159 [30:23:54 > 4:36:13]
SOAP:  14%|█▎        | 3027/22159 [30:47:30 > 4:36:19]
SOAP:  14%|█▎        | 3028/22159 [31:19:05 > 4:36:25]
SOAP:  14%|█▎        | 3029/22159 [24:29:00 > 4:36:27]
SOAP:  14%|█▎        | 3030/22159 [32:10:37 > 4:36:36]
SOAP:  14%|█▎        | 3031/22159 [32:53:19 > 4:36:43]
SOAP:  14%|█▎        | 3032/22159 [30:30:29 > 4:36:48]
SOAP:  14%|█▎        | 3033/22159 [23:54:50 > 4:36:49]
SOAP:  14%|█▎        | 3034/22159 [29:31:11 > 4:36:57]
SOAP:  14%|█▎        | 3035/22159 [29:38:51 > 4:37:03]
SOAP:  14%|█▎        | 3036/22159 [27:08:42 > 4:37:07]
SOAP:  14%|█▎        | 3037/22159 [27:52:35 > 4:37:12]
SOAP:  14%|█▎        | 3038/22159 [28:10:43 > 4:37:18]
SOAP:  14%|█▎        | 3039/22159 [29:45:11 > 4:37:24]
SOAP:  14%|█▎        | 3040/22159 [30:59:42 > 4:37:30]
SOAP:  14%|█▎        | 3041/22159 [31:54:23 > 4:37:37]
SOAP:  14%|█▎        | 3042/22159 [31:16:53 > 4:37:42]
SOAP:  14%|█▎        | 3043/22159 [30:13:54 > 4:37:48]
SOAP:  14%|█▎        | 3044/22159 [29:34:28 > 4:37:53]
SOAP:  14%|█▎        | 3045/22159 [29:09:15 > 4:37:58]
SOAP:  14%|█▎        | 3046/22159 [27:05:01 > 4:38:03]
SOAP:  14%|█▍        | 3047/22159 [25:55:09 > 4:38:07]
SOAP:  14%|█▍        | 3048/22159 [26:05:57 > 4:38:12]
SOAP:  14%|█▍        | 3049/22159 [27:22:38 > 4:38:18]
SOAP:  14%|█▍        | 3050/22159 [28:15:53 > 4:38:23]
SOAP:  14%|█▍        | 3051/22159 [31:33:02 > 4:38:31]
SOAP:  14%|█▍        | 3052/22159 [31:05:15 > 4:38:36]
SOAP:  14%|█▍        | 3053/22159 [31:18:09 > 4:38:42]
SOAP:  14%|█▍        | 3054/22159 [29:14:25 > 4:38:47]
SOAP:  14%|█▍        | 3055/22159 [31:20:16 > 4:38:54]
SOAP:  14%|█▍        | 3056/22159 [30:06:19 > 4:38:59]
SOAP:  14%|█▍        | 3057/22159 [29:04:02 > 4:39:04]
SOAP:  14%|█▍        | 3058/22159 [28:14:28 > 4:39:09]
SOAP:  14%|█▍        | 3059/22159 [27:29:32 > 4:39:14]
SOAP:  14%|█▍        | 3060/22159 [27:28:14 > 4:39:19]
SOAP:  14%|█▍        | 3061/22159 [27:32:16 > 4:39:24]
SOAP:  14%|█▍        | 3062/22159 [27:41:12 > 4:39:29]
SOAP:  14%|█▍        | 3063/22159 [27:04:31 > 4:39:34]
SOAP:  14%|█▍        | 3064/22159 [29:30:22 > 4:39:41]
SOAP:  14%|█▍        | 3065/22159 [31:48:28 > 4:39:48]
SOAP:  14%|█▍        | 3066/22159 [30:29:44 > 4:39:53]
SOAP:  14%|█▍        | 3067/22159 [30:51:06 > 4:39:59]
SOAP:  14%|█▍        | 3068/22159 [30:01:53 > 4:40:04]
SOAP:  14%|█▍        | 3069/22159 [29:28:35 > 4:40:10]
SOAP:  14%|█▍        | 3070/22159 [28:24:31 > 4:40:15]
SOAP:  14%|█▍        | 3071/22159 [28:39:19 > 4:40:20]
SOAP:  14%|█▍        | 3072/22159 [26:38:06 > 4:40:24]
SOAP:  14%|█▍        | 3073/22159 [26:41:10 > 4:40:29]
SOAP:  14%|█▍        | 3074/22159 [27:27:59 > 4:40:35]
SOAP:  14%|█▍        | 3075/22159 [28:29:23 > 4:40:41]
SOAP:  14%|█▍        | 3076/22159 [30:18:50 > 4:40:47]
SOAP:  14%|█▍        | 3077/22159 [30:48:46 > 4:40:53]
SOAP:  14%|█▍        | 3078/22159 [31:17:54 > 4:40:59]
SOAP:  14%|█▍        | 3079/22159 [31:44:20 > 4:41:05]
SOAP:  14%|█▍        | 3080/22159 [29:59:31 > 4:41:10]
SOAP:  14%|█▍        | 3081/22159 [31:19:33 > 4:41:17]
SOAP:  14%|█▍        | 3082/22159 [29:22:35 > 4:41:22]
SOAP:  14%|█▍        | 3083/22159 [28:26:12 > 4:41:27]
SOAP:  14%|█▍        | 3084/22159 [27:26:51 > 4:41:31]
SOAP:  14%|█▍        | 3085/22159 [21:32:06 > 4:41:33]
SOAP:  14%|█▍        | 3086/22159 [28:03:04 > 4:41:41]
SOAP:  14%|█▍        | 3087/22159 [28:27:36 > 4:41:46]
SOAP:  14%|█▍        | 3088/22159 [28:31:51 > 4:41:52]
SOAP:  14%|█▍        | 3089/22159 [29:57:15 > 4:41:58]
SOAP:  14%|█▍        | 3090/22159 [31:09:17 > 4:42:05]
SOAP:  14%|█▍        | 3091/22159 [32:01:33 > 4:42:11]
SOAP:  14%|█▍        | 3092/22159 [29:36:22 > 4:42:15]
SOAP:  14%|█▍        | 3093/22159 [30:48:45 > 4:42:22]
SOAP:  14%|█▍        | 3094/22159 [30:03:25 > 4:42:27]
SOAP:  14%|█▍        | 3095/22159 [29:30:07 > 4:42:33]
SOAP:  14%|█▍        | 3096/22159 [27:18:19 > 4:42:37]
SOAP:  14%|█▍        | 3097/22159 [26:13:38 > 4:42:41]
SOAP:  14%|█▍        | 3098/22159 [26:17:14 > 4:42:46]
SOAP:  14%|█▍        | 3099/22159 [23:32:23 > 4:42:49]
SOAP:  14%|█▍        | 3100/22159 [29:27:44 > 4:42:58]
SOAP:  14%|█▍        | 3101/22159 [32:17:37 > 4:43:05]
SOAP:  14%|█▍        | 3102/22159 [31:29:59 > 4:43:11]
SOAP:  14%|█▍        | 3103/22159 [28:20:35 > 4:43:15]
SOAP:  14%|█▍        | 3104/22159 [33:01:55 > 4:43:23]
SOAP:  14%|█▍        | 3105/22159 [31:01:05 > 4:43:28]
SOAP:  14%|█▍        | 3106/22159 [24:29:00 > 4:43:30]
SOAP:  14%|█▍        | 3107/22159 [24:59:55 > 4:43:34]
SOAP:  14%|█▍        | 3108/22159 [31:10:48 > 4:43:43]
SOAP:  14%|█▍        | 3109/22159 [24:01:31 > 4:43:44]
SOAP:  14%|█▍        | 3110/22159 [30:16:27 > 4:43:53]
SOAP:  14%|█▍        | 3111/22159 [29:25:53 > 4:43:58]
SOAP:  14%|█▍        | 3112/22159 [28:02:43 > 4:44:03]
SOAP:  14%|█▍        | 3113/22159 [29:21:47 > 4:44:09]
SOAP:  14%|█▍        | 3114/22159 [30:28:23 > 4:44:15]
SOAP:  14%|█▍        | 3115/22159 [31:57:25 > 4:44:22]
SOAP:  14%|█▍        | 3116/22159 [30:32:55 > 4:44:27]
SOAP:  14%|█▍        | 3117/22159 [30:54:31 > 4:44:33]
SOAP:  14%|█▍        | 3118/22159 [30:00:15 > 4:44:38]
SOAP:  14%|█▍        | 3119/22159 [29:28:47 > 4:44:44]
SOAP:  14%|█▍        | 3120/22159 [28:23:48 > 4:44:49]
SOAP:  14%|█▍        | 3121/22159 [28:34:24 > 4:44:54]
SOAP:  14%|█▍        | 3122/22159 [26:27:51 > 4:44:58]
SOAP:  14%|█▍        | 3123/22159 [26:22:34 > 4:45:03]
SOAP:  14%|█▍        | 3124/22159 [27:06:09 > 4:45:09]
SOAP:  14%|█▍        | 3125/22159 [23:04:03 > 4:45:11]
SOAP:  14%|█▍        | 3126/22159 [31:33:59 > 4:45:21]
SOAP:  14%|█▍        | 3127/22159 [31:33:48 > 4:45:27]
SOAP:  14%|█▍        | 3128/22159 [29:12:36 > 4:45:31]
SOAP:  14%|█▍        | 3129/22159 [32:46:28 > 4:45:39]
SOAP:  14%|█▍        | 3130/22159 [30:20:10 > 4:45:44]
SOAP:  14%|█▍        | 3131/22159 [31:25:30 > 4:45:50]
SOAP:  14%|█▍        | 3132/22159 [29:22:40 > 4:45:55]
SOAP:  14%|█▍        | 3133/22159 [28:18:21 > 4:46:00]
SOAP:  14%|█▍        | 3134/22159 [22:15:15 > 4:46:01]
SOAP:  14%|█▍        | 3135/22159 [29:37:04 > 4:46:10]
SOAP:  14%|█▍        | 3136/22159 [25:15:09 > 4:46:13]
SOAP:  14%|█▍        | 3137/22159 [28:11:14 > 4:46:20]
SOAP:  14%|█▍        | 3138/22159 [28:16:57 > 4:46:25]
SOAP:  14%|█▍        | 3139/22159 [29:45:57 > 4:46:31]
SOAP:  14%|█▍        | 3140/22159 [23:32:56 > 4:46:33]
SOAP:  14%|█▍        | 3141/22159 [34:01:55 > 4:46:44]
SOAP:  14%|█▍        | 3142/22159 [29:53:08 > 4:46:48]
SOAP:  14%|█▍        | 3143/22159 [26:09:38 > 4:46:51]
SOAP:  14%|█▍        | 3144/22159 [32:30:53 > 4:47:00]
SOAP:  14%|█▍        | 3145/22159 [31:08:54 > 4:47:05]
SOAP:  14%|█▍        | 3146/22159 [28:26:53 > 4:47:10]
SOAP:  14%|█▍        | 3147/22159 [26:57:46 > 4:47:14]
SOAP:  14%|█▍        | 3148/22159 [26:42:48 > 4:47:19]
SOAP:  14%|█▍        | 3149/22159 [27:42:46 > 4:47:25]
SOAP:  14%|█▍        | 3150/22159 [28:26:16 > 4:47:30]
SOAP:  14%|█▍        | 3151/22159 [26:40:12 > 4:47:35]
SOAP:  14%|█▍        | 3152/22159 [32:30:54 > 4:47:43]
SOAP:  14%|█▍        | 3153/22159 [32:31:13 > 4:47:50]
SOAP:  14%|█▍        | 3154/22159 [25:31:06 > 4:47:51]
SOAP:  14%|█▍        | 3155/22159 [28:18:49 > 4:47:58]
SOAP:  14%|█▍        | 3156/22159 [32:51:52 > 4:48:06]
SOAP:  14%|█▍        | 3157/22159 [30:56:55 > 4:48:11]
SOAP:  14%|█▍        | 3158/22159 [29:35:17 > 4:48:16]
SOAP:  14%|█▍        | 3159/22159 [23:28:48 > 4:48:18]
SOAP:  14%|█▍        | 3160/22159 [29:25:46 > 4:48:26]
SOAP:  14%|█▍        | 3161/22159 [28:51:23 > 4:48:31]
SOAP:  14%|█▍        | 3162/22159 [28:08:00 > 4:48:36]
SOAP:  14%|█▍        | 3163/22159 [27:24:27 > 4:48:41]
SOAP:  14%|█▍        | 3164/22159 [30:26:39 > 4:48:48]
SOAP:  14%|█▍        | 3165/22159 [31:55:32 > 4:48:55]
SOAP:  14%|█▍        | 3166/22159 [30:28:12 > 4:49:00]
SOAP:  14%|█▍        | 3167/22159 [30:43:07 > 4:49:06]
SOAP:  14%|█▍        | 3168/22159 [29:37:27 > 4:49:11]
SOAP:  14%|█▍        | 3169/22159 [29:13:32 > 4:49:17]
SOAP:  14%|█▍        | 3170/22159 [28:05:49 > 4:49:21]
SOAP:  14%|█▍        | 3171/22159 [28:20:13 > 4:49:27]
SOAP:  14%|█▍        | 3172/22159 [26:21:38 > 4:49:31]
SOAP:  14%|█▍        | 3173/22159 [26:20:00 > 4:49:36]
SOAP:  14%|█▍        | 3174/22159 [27:01:46 > 4:49:42]
SOAP:  14%|█▍        | 3175/22159 [28:07:40 > 4:49:47]
SOAP:  14%|█▍        | 3176/22159 [29:56:43 > 4:49:54]
SOAP:  14%|█▍        | 3177/22159 [30:25:19 > 4:50:00]
SOAP:  14%|█▍        | 3178/22159 [31:02:25 > 4:50:06]
SOAP:  14%|█▍        | 3179/22159 [31:33:55 > 4:50:12]
SOAP:  14%|█▍        | 3180/22159 [28:50:48 > 4:50:16]
SOAP:  14%|█▍        | 3181/22159 [31:20:45 > 4:50:23]
SOAP:  14%|█▍        | 3182/22159 [29:25:06 > 4:50:28]
SOAP:  14%|█▍        | 3183/22159 [28:23:42 > 4:50:33]
SOAP:  14%|█▍        | 3184/22159 [22:18:56 > 4:50:35]
SOAP:  14%|█▍        | 3185/22159 [29:27:34 > 4:50:43]
SOAP:  14%|█▍        | 3186/22159 [22:40:21 > 4:50:45]
SOAP:  14%|█▍        | 3187/22159 [28:54:23 > 4:50:53]
SOAP:  14%|█▍        | 3188/22159 [28:41:50 > 4:50:58]
SOAP:  14%|█▍        | 3189/22159 [30:02:14 > 4:51:05]
SOAP:  14%|█▍        | 3190/22159 [31:07:03 > 4:51:11]
SOAP:  14%|█▍        | 3191/22159 [31:52:50 > 4:51:17]
SOAP:  14%|█▍        | 3192/22159 [31:18:30 > 4:51:23]
SOAP:  14%|█▍        | 3193/22159 [24:36:32 > 4:51:25]
SOAP:  14%|█▍        | 3194/22159 [25:12:24 > 4:51:30]
SOAP:  14%|█▍        | 3195/22159 [31:55:07 > 4:51:39]
SOAP:  14%|█▍        | 3196/22159 [28:57:11 > 4:51:43]
SOAP:  14%|█▍        | 3197/22159 [27:18:48 > 4:51:48]
SOAP:  14%|█▍        | 3198/22159 [26:59:06 > 4:51:53]
SOAP:  14%|█▍        | 3199/22159 [27:47:09 > 4:51:58]
SOAP:  14%|█▍        | 3200/22159 [28:33:03 > 4:52:04]
SOAP:  14%|█▍        | 3201/22159 [31:39:06 > 4:52:11]
SOAP:  14%|█▍        | 3202/22159 [30:58:44 > 4:52:17]
SOAP:  14%|█▍        | 3203/22159 [31:24:20 > 4:52:23]
SOAP:  14%|█▍        | 3204/22159 [31:40:45 > 4:52:29]
SOAP:  14%|█▍        | 3205/22159 [30:28:25 > 4:52:34]
SOAP:  14%|█▍        | 3206/22159 [29:21:28 > 4:52:40]
SOAP:  14%|█▍        | 3207/22159 [28:24:59 > 4:52:44]
SOAP:  14%|█▍        | 3208/22159 [27:41:02 > 4:52:49]
SOAP:  14%|█▍        | 3209/22159 [25:21:39 > 4:52:53]
SOAP:  14%|█▍        | 3210/22159 [27:28:37 > 4:52:59]
SOAP:  14%|█▍        | 3211/22159 [27:28:28 > 4:53:05]
SOAP:  14%|█▍        | 3212/22159 [27:32:23 > 4:53:10]
SOAP:  14%|█▍        | 3213/22159 [21:52:57 > 4:53:12]
SOAP:  15%|█▍        | 3214/22159 [31:08:48 > 4:53:22]
SOAP:  15%|█▍        | 3215/22159 [32:25:17 > 4:53:28]
SOAP:  15%|█▍        | 3216/22159 [25:17:21 > 4:53:30]
SOAP:  15%|█▍        | 3217/22159 [32:42:11 > 4:53:39]
SOAP:  15%|█▍        | 3218/22159 [31:10:54 > 4:53:45]
SOAP:  15%|█▍        | 3219/22159 [30:15:10 > 4:53:50]
SOAP:  15%|█▍        | 3220/22159 [28:54:22 > 4:53:55]
SOAP:  15%|█▍        | 3221/22159 [28:11:22 > 4:54:00]
SOAP:  15%|█▍        | 3222/22159 [26:58:46 > 4:54:05]
SOAP:  15%|█▍        | 3223/22159 [26:46:21 > 4:54:10]
SOAP:  15%|█▍        | 3224/22159 [27:29:31 > 4:54:15]
SOAP:  15%|█▍        | 3225/22159 [28:25:29 > 4:54:21]
SOAP:  15%|█▍        | 3226/22159 [30:12:05 > 4:54:27]
SOAP:  15%|█▍        | 3227/22159 [30:38:27 > 4:54:33]
SOAP:  15%|█▍        | 3228/22159 [31:07:03 > 4:54:40]
SOAP:  15%|█▍        | 3229/22159 [31:36:32 > 4:54:46]
SOAP:  15%|█▍        | 3230/22159 [29:49:23 > 4:54:51]
SOAP:  15%|█▍        | 3231/22159 [31:05:19 > 4:54:57]
SOAP:  15%|█▍        | 3232/22159 [29:07:32 > 4:55:02]
SOAP:  15%|█▍        | 3233/22159 [28:07:42 > 4:55:07]
SOAP:  15%|█▍        | 3234/22159 [22:09:02 > 4:55:08]
SOAP:  15%|█▍        | 3235/22159 [29:26:24 > 4:55:17]
SOAP:  15%|█▍        | 3236/22159 [26:55:20 > 4:55:21]
SOAP:  15%|█▍        | 3237/22159 [24:46:49 > 4:55:25]
SOAP:  15%|█▍        | 3238/22159 [28:46:05 > 4:55:32]
SOAP:  15%|█▍        | 3239/22159 [29:50:45 > 4:55:38]
SOAP:  15%|█▍        | 3240/22159 [31:01:07 > 4:55:45]
SOAP:  15%|█▍        | 3241/22159 [31:47:14 > 4:55:51]
SOAP:  15%|█▍        | 3242/22159 [31:08:02 > 4:55:57]
SOAP:  15%|█▍        | 3243/22159 [30:01:33 > 4:56:02]
SOAP:  15%|█▍        | 3244/22159 [29:24:37 > 4:56:07]
SOAP:  15%|█▍        | 3245/22159 [28:59:44 > 4:56:13]
SOAP:  15%|█▍        | 3246/22159 [26:41:20 > 4:56:17]
SOAP:  15%|█▍        | 3247/22159 [25:48:47 > 4:56:21]
SOAP:  15%|█▍        | 3248/22159 [25:52:35 > 4:56:26]
SOAP:  15%|█▍        | 3249/22159 [24:09:40 > 4:56:30]
SOAP:  15%|█▍        | 3250/22159 [28:47:25 > 4:56:38]
SOAP:  15%|█▍        | 3251/22159 [31:46:05 > 4:56:45]
SOAP:  15%|█▍        | 3252/22159 [31:07:32 > 4:56:51]
SOAP:  15%|█▍        | 3253/22159 [31:29:40 > 4:56:57]
SOAP:  15%|█▍        | 3254/22159 [24:43:26 > 4:56:58]
SOAP:  15%|█▍        | 3255/22159 [32:43:31 > 4:57:08]
SOAP:  15%|█▍        | 3256/22159 [25:43:03 > 4:57:10]
SOAP:  15%|█▍        | 3257/22159 [31:12:57 > 4:57:18]
SOAP:  15%|█▍        | 3258/22159 [29:42:40 > 4:57:23]
SOAP:  15%|█▍        | 3259/22159 [28:27:30 > 4:57:28]
SOAP:  15%|█▍        | 3260/22159 [28:02:42 > 4:57:33]
SOAP:  15%|█▍        | 3261/22159 [27:55:30 > 4:57:39]
SOAP:  15%|█▍        | 3262/22159 [21:50:35 > 4:57:40]
SOAP:  15%|█▍        | 3263/22159 [29:56:50 > 4:57:49]
SOAP:  15%|█▍        | 3264/22159 [30:45:16 > 4:57:56]
SOAP:  15%|█▍        | 3265/22159 [32:07:40 > 4:58:02]
SOAP:  15%|█▍        | 3266/22159 [30:35:42 > 4:58:08]
SOAP:  15%|█▍        | 3267/22159 [30:47:31 > 4:58:14]
SOAP:  15%|█▍        | 3268/22159 [29:48:40 > 4:58:19]
SOAP:  15%|█▍        | 3269/22159 [29:20:25 > 4:58:24]
SOAP:  15%|█▍        | 3270/22159 [28:11:08 > 4:58:29]
SOAP:  15%|█▍        | 3271/22159 [28:23:56 > 4:58:35]
SOAP:  15%|█▍        | 3272/22159 [26:23:02 > 4:58:39]
SOAP:  15%|█▍        | 3273/22159 [26:19:22 > 4:58:44]
SOAP:  15%|█▍        | 3274/22159 [26:03:01 > 4:58:48]
SOAP:  15%|█▍        | 3275/22159 [28:21:06 > 4:58:55]
SOAP:  15%|█▍        | 3276/22159 [30:00:40 > 4:59:01]
SOAP:  15%|█▍        | 3277/22159 [30:22:07 > 4:59:07]
SOAP:  15%|█▍        | 3278/22159 [30:45:39 > 4:59:13]
SOAP:  15%|█▍        | 3279/22159 [31:20:47 > 4:59:20]
SOAP:  15%|█▍        | 3280/22159 [29:33:47 > 4:59:24]
SOAP:  15%|█▍        | 3281/22159 [30:47:03 > 4:59:31]
SOAP:  15%|█▍        | 3282/22159 [28:49:05 > 4:59:35]
SOAP:  15%|█▍        | 3283/22159 [27:52:14 > 4:59:40]
SOAP:  15%|█▍        | 3284/22159 [21:53:44 > 4:59:42]
SOAP:  15%|█▍        | 3285/22159 [29:06:40 > 4:59:51]
SOAP:  15%|█▍        | 3286/22159 [26:35:00 > 4:59:55]
SOAP:  15%|█▍        | 3287/22159 [27:13:02 > 5:00:00]
SOAP:  15%|█▍        | 3288/22159 [27:25:23 > 5:00:05]
SOAP:  15%|█▍        | 3289/22159 [29:04:01 > 5:00:12]
SOAP:  15%|█▍        | 3290/22159 [30:20:16 > 5:00:18]
SOAP:  15%|█▍        | 3291/22159 [31:13:26 > 5:00:24]
SOAP:  15%|█▍        | 3292/22159 [30:43:15 > 5:00:30]
SOAP:  15%|█▍        | 3293/22159 [29:37:20 > 5:00:35]
SOAP:  15%|█▍        | 3294/22159 [28:55:07 > 5:00:40]
SOAP:  15%|█▍        | 3295/22159 [22:30:29 > 5:00:42]
SOAP:  15%|█▍        | 3296/22159 [23:44:02 > 5:00:47]
SOAP:  15%|█▍        | 3297/22159 [27:57:52 > 5:00:54]
SOAP:  15%|█▍        | 3298/22159 [27:23:07 > 5:00:59]
SOAP:  15%|█▍        | 3299/22159 [28:07:28 > 5:01:05]
SOAP:  15%|█▍        | 3300/22159 [28:34:22 > 5:01:10]
SOAP:  15%|█▍        | 3301/22159 [30:16:34 > 5:01:17]
SOAP:  15%|█▍        | 3302/22159 [31:14:37 > 5:01:23]
SOAP:  15%|█▍        | 3303/22159 [24:42:17 > 5:01:25]
SOAP:  15%|█▍        | 3304/22159 [33:44:35 > 5:01:36]
SOAP:  15%|█▍        | 3305/22159 [31:49:53 > 5:01:41]
SOAP:  15%|█▍        | 3306/22159 [28:59:35 > 5:01:45]
SOAP:  15%|█▍        | 3307/22159 [29:26:38 > 5:01:51]
SOAP:  15%|█▍        | 3308/22159 [28:22:10 > 5:01:56]
SOAP:  15%|█▍        | 3309/22159 [27:28:12 > 5:02:01]
SOAP:  15%|█▍        | 3310/22159 [27:20:32 > 5:02:06]
SOAP:  15%|█▍        | 3311/22159 [27:19:32 > 5:02:11]
SOAP:  15%|█▍        | 3312/22159 [27:27:19 > 5:02:16]
SOAP:  15%|█▍        | 3313/22159 [27:49:30 > 5:02:22]
SOAP:  15%|█▍        | 3314/22159 [29:11:33 > 5:02:28]
SOAP:  15%|█▍        | 3315/22159 [30:51:27 > 5:02:35]
SOAP:  15%|█▍        | 3316/22159 [29:38:15 > 5:02:40]
SOAP:  15%|█▍        | 3317/22159 [29:59:37 > 5:02:46]
SOAP:  15%|█▍        | 3318/22159 [29:12:43 > 5:02:51]
SOAP:  15%|█▍        | 3319/22159 [28:49:36 > 5:02:56]
SOAP:  15%|█▍        | 3320/22159 [27:48:16 > 5:03:01]
SOAP:  15%|█▍        | 3321/22159 [28:09:14 > 5:03:07]
SOAP:  15%|█▍        | 3322/22159 [26:10:28 > 5:03:11]
SOAP:  15%|█▍        | 3323/22159 [26:07:03 > 5:03:16]
SOAP:  15%|█▌        | 3324/22159 [26:57:36 > 5:03:21]
SOAP:  15%|█▌        | 3325/22159 [28:01:28 > 5:03:27]
SOAP:  15%|█▌        | 3326/22159 [29:54:11 > 5:03:34]
SOAP:  15%|█▌        | 3327/22159 [30:24:57 > 5:03:40]
SOAP:  15%|█▌        | 3328/22159 [30:51:02 > 5:03:46]
SOAP:  15%|█▌        | 3329/22159 [31:21:50 > 5:03:52]
SOAP:  15%|█▌        | 3330/22159 [24:26:17 > 5:03:54]
SOAP:  15%|█▌        | 3331/22159 [24:46:29 > 5:03:59]
SOAP:  15%|█▌        | 3332/22159 [32:17:25 > 5:04:08]
SOAP:  15%|█▌        | 3333/22159 [30:16:42 > 5:04:13]
SOAP:  15%|█▌        | 3334/22159 [28:33:46 > 5:04:18]
SOAP:  15%|█▌        | 3335/22159 [28:50:37 > 5:04:23]
SOAP:  15%|█▌        | 3336/22159 [26:25:19 > 5:04:27]
SOAP:  15%|█▌        | 3337/22159 [27:08:50 > 5:04:33]
SOAP:  15%|█▌        | 3338/22159 [27:25:24 > 5:04:38]
SOAP:  15%|█▌        | 3339/22159 [29:03:05 > 5:04:44]
SOAP:  15%|█▌        | 3340/22159 [30:20:40 > 5:04:51]
SOAP:  15%|█▌        | 3341/22159 [31:13:57 > 5:04:57]
SOAP:  15%|█▌        | 3342/22159 [30:48:00 > 5:05:03]
SOAP:  15%|█▌        | 3343/22159 [29:38:15 > 5:05:08]
SOAP:  15%|█▌        | 3344/22159 [29:04:46 > 5:05:13]
SOAP:  15%|█▌        | 3345/22159 [28:38:41 > 5:05:19]
SOAP:  15%|█▌        | 3346/22159 [26:32:27 > 5:05:23]
SOAP:  15%|█▌        | 3347/22159 [25:29:41 > 5:05:27]
SOAP:  15%|█▌        | 3348/22159 [25:13:49 > 5:05:32]
SOAP:  15%|█▌        | 3349/22159 [27:00:13 > 5:05:38]
SOAP:  15%|█▌        | 3350/22159 [27:52:56 > 5:05:44]
SOAP:  15%|█▌        | 3351/22159 [31:01:12 > 5:05:51]
SOAP:  15%|█▌        | 3352/22159 [28:37:50 > 5:05:55]
SOAP:  15%|█▌        | 3353/22159 [31:27:44 > 5:06:03]
SOAP:  15%|█▌        | 3354/22159 [31:38:24 > 5:06:09]
SOAP:  15%|█▌        | 3355/22159 [30:22:09 > 5:06:14]
SOAP:  15%|█▌        | 3356/22159 [29:15:35 > 5:06:19]
SOAP:  15%|█▌        | 3357/22159 [28:22:29 > 5:06:24]
SOAP:  15%|█▌        | 3358/22159 [27:32:44 > 5:06:29]
SOAP:  15%|█▌        | 3359/22159 [26:50:30 > 5:06:34]
SOAP:  15%|█▌        | 3360/22159 [26:58:52 > 5:06:39]
SOAP:  15%|█▌        | 3361/22159 [27:05:28 > 5:06:44]
SOAP:  15%|█▌        | 3362/22159 [27:14:36 > 5:06:50]
SOAP:  15%|█▌        | 3363/22159 [27:42:45 > 5:06:55]
SOAP:  15%|█▌        | 3364/22159 [29:06:17 > 5:07:01]
SOAP:  15%|█▌        | 3365/22159 [30:52:28 > 5:07:08]
SOAP:  15%|█▌        | 3366/22159 [29:40:32 > 5:07:13]
SOAP:  15%|█▌        | 3367/22159 [30:02:50 > 5:07:19]
SOAP:  15%|█▌        | 3368/22159 [29:17:45 > 5:07:24]
SOAP:  15%|█▌        | 3369/22159 [28:52:47 > 5:07:30]
SOAP:  15%|█▌        | 3370/22159 [27:50:19 > 5:07:35]
SOAP:  15%|█▌        | 3371/22159 [28:10:58 > 5:07:40]
SOAP:  15%|█▌        | 3372/22159 [26:12:41 > 5:07:44]
SOAP:  15%|█▌        | 3373/22159 [26:07:58 > 5:07:49]
SOAP:  15%|█▌        | 3374/22159 [26:57:32 > 5:07:55]
SOAP:  15%|█▌        | 3375/22159 [27:53:39 > 5:08:01]
SOAP:  15%|█▌        | 3376/22159 [29:46:05 > 5:08:07]
SOAP:  15%|█▌        | 3377/22159 [23:27:15 > 5:08:09]
SOAP:  15%|█▌        | 3378/22159 [32:49:03 > 5:08:19]
SOAP:  15%|█▌        | 3379/22159 [32:39:29 > 5:08:26]
SOAP:  15%|█▌        | 3380/22159 [25:18:01 > 5:08:27]
SOAP:  15%|█▌        | 3381/22159 [32:54:30 > 5:08:37]
SOAP:  15%|█▌        | 3382/22159 [30:19:13 > 5:08:41]
SOAP:  15%|█▌        | 3383/22159 [28:53:29 > 5:08:46]
SOAP:  15%|█▌        | 3384/22159 [24:05:55 > 5:08:49]
SOAP:  15%|█▌        | 3385/22159 [29:07:02 > 5:08:57]
SOAP:  15%|█▌        | 3386/22159 [26:34:22 > 5:09:01]
SOAP:  15%|█▌        | 3387/22159 [27:09:22 > 5:09:06]
SOAP:  15%|█▌        | 3388/22159 [27:23:16 > 5:09:11]
SOAP:  15%|█▌        | 3389/22159 [23:01:29 > 5:09:14]
SOAP:  15%|█▌        | 3390/22159 [31:59:38 > 5:09:24]
SOAP:  15%|█▌        | 3391/22159 [32:22:08 > 5:09:30]
SOAP:  15%|█▌        | 3392/22159 [31:31:52 > 5:09:36]
SOAP:  15%|█▌        | 3393/22159 [30:13:15 > 5:09:41]
SOAP:  15%|█▌        | 3394/22159 [29:28:03 > 5:09:47]
SOAP:  15%|█▌        | 3395/22159 [22:54:07 > 5:09:48]
SOAP:  15%|█▌        | 3396/22159 [27:37:25 > 5:09:56]
SOAP:  15%|█▌        | 3397/22159 [22:08:23 > 5:09:57]
SOAP:  15%|█▌        | 3398/22159 [28:07:01 > 5:10:05]
SOAP:  15%|█▌        | 3399/22159 [28:34:34 > 5:10:11]
SOAP:  15%|█▌        | 3400/22159 [28:56:50 > 5:10:17]
SOAP:  15%|█▌        | 3401/22159 [31:49:29 > 5:10:24]
SOAP:  15%|█▌        | 3402/22159 [31:05:41 > 5:10:30]
SOAP:  15%|█▌        | 3403/22159 [31:21:14 > 5:10:36]
SOAP:  15%|█▌        | 3404/22159 [31:38:38 > 5:10:42]
SOAP:  15%|█▌        | 3405/22159 [30:22:18 > 5:10:47]
SOAP:  15%|█▌        | 3406/22159 [23:37:47 > 5:10:49]
SOAP:  15%|█▌        | 3407/22159 [24:20:44 > 5:10:54]
SOAP:  15%|█▌        | 3408/22159 [30:30:51 > 5:11:03]
SOAP:  15%|█▌        | 3409/22159 [23:35:39 > 5:11:04]
SOAP:  15%|█▌        | 3410/22159 [24:18:51 > 5:11:09]
SOAP:  15%|█▌        | 3411/22159 [30:44:05 > 5:11:18]
SOAP:  15%|█▌        | 3412/22159 [29:45:15 > 5:11:23]
SOAP:  15%|█▌        | 3413/22159 [29:23:48 > 5:11:29]
SOAP:  15%|█▌        | 3414/22159 [23:46:08 > 5:11:31]
SOAP:  15%|█▌        | 3415/22159 [33:35:56 > 5:11:41]
SOAP:  15%|█▌        | 3416/22159 [31:35:57 > 5:11:47]
SOAP:  15%|█▌        | 3417/22159 [31:24:15 > 5:11:53]
SOAP:  15%|█▌        | 3418/22159 [24:07:38 > 5:11:54]
SOAP:  15%|█▌        | 3419/22159 [31:19:05 > 5:12:03]
SOAP:  15%|█▌        | 3420/22159 [29:34:54 > 5:12:08]
SOAP:  15%|█▌        | 3421/22159 [29:18:45 > 5:12:14]
SOAP:  15%|█▌        | 3422/22159 [26:51:44 > 5:12:18]
SOAP:  15%|█▌        | 3423/22159 [26:32:42 > 5:12:23]
SOAP:  15%|█▌        | 3424/22159 [23:23:55 > 5:12:26]
SOAP:  15%|█▌        | 3425/22159 [29:18:52 > 5:12:34]
SOAP:  15%|█▌        | 3426/22159 [23:07:44 > 5:12:36]
SOAP:  15%|█▌        | 3427/22159 [33:07:26 > 5:12:47]
SOAP:  15%|█▌        | 3428/22159 [32:45:37 > 5:12:53]
SOAP:  15%|█▌        | 3429/22159 [32:44:04 > 5:12:59]
SOAP:  15%|█▌        | 3430/22159 [30:34:54 > 5:13:04]
SOAP:  15%|█▌        | 3431/22159 [31:31:05 > 5:13:10]
SOAP:  15%|█▌        | 3432/22159 [29:21:30 > 5:13:15]
SOAP:  15%|█▌        | 3433/22159 [28:13:58 > 5:13:20]
SOAP:  15%|█▌        | 3434/22159 [27:12:17 > 5:13:25]
SOAP:  16%|█▌        | 3435/22159 [27:52:21 > 5:13:30]
SOAP:  16%|█▌        | 3436/22159 [25:40:03 > 5:13:34]
SOAP:  16%|█▌        | 3437/22159 [26:37:20 > 5:13:40]
SOAP:  16%|█▌        | 3438/22159 [27:02:27 > 5:13:45]
SOAP:  16%|█▌        | 3439/22159 [28:43:19 > 5:13:52]
SOAP:  16%|█▌        | 3440/22159 [29:44:03 > 5:13:58]
SOAP:  16%|█▌        | 3441/22159 [31:07:41 > 5:14:04]
SOAP:  16%|█▌        | 3442/22159 [30:41:00 > 5:14:10]
SOAP:  16%|█▌        | 3443/22159 [23:52:14 > 5:14:12]
SOAP:  16%|█▌        | 3444/22159 [30:49:15 > 5:14:21]
SOAP:  16%|█▌        | 3445/22159 [29:52:45 > 5:14:26]
SOAP:  16%|█▌        | 3446/22159 [23:18:35 > 5:14:27]
SOAP:  16%|█▌        | 3447/22159 [27:23:59 > 5:14:35]
SOAP:  16%|█▌        | 3448/22159 [26:54:42 > 5:14:40]
SOAP:  16%|█▌        | 3449/22159 [27:43:37 > 5:14:45]
SOAP:  16%|█▌        | 3450/22159 [28:17:53 > 5:14:51]
SOAP:  16%|█▌        | 3451/22159 [31:19:41 > 5:14:58]
SOAP:  16%|█▌        | 3452/22159 [30:43:10 > 5:15:04]
SOAP:  16%|█▌        | 3453/22159 [24:22:02 > 5:15:06]
SOAP:  16%|█▌        | 3454/22159 [33:19:10 > 5:15:16]
SOAP:  16%|█▌        | 3455/22159 [31:36:06 > 5:15:22]
SOAP:  16%|█▌        | 3456/22159 [30:11:42 > 5:15:27]
SOAP:  16%|█▌        | 3457/22159 [29:02:15 > 5:15:32]
SOAP:  16%|█▌        | 3458/22159 [28:02:55 > 5:15:37]
SOAP:  16%|█▌        | 3459/22159 [27:16:48 > 5:15:42]
SOAP:  16%|█▌        | 3460/22159 [27:10:10 > 5:15:47]
SOAP:  16%|█▌        | 3461/22159 [27:11:23 > 5:15:52]
SOAP:  16%|█▌        | 3462/22159 [27:18:58 > 5:15:57]
SOAP:  16%|█▌        | 3463/22159 [27:35:15 > 5:16:03]
SOAP:  16%|█▌        | 3464/22159 [28:58:29 > 5:16:09]
SOAP:  16%|█▌        | 3465/22159 [30:49:21 > 5:16:16]
SOAP:  16%|█▌        | 3466/22159 [29:36:31 > 5:16:21]
SOAP:  16%|█▌        | 3467/22159 [29:58:29 > 5:16:27]
SOAP:  16%|█▌        | 3468/22159 [29:14:25 > 5:16:32]
SOAP:  16%|█▌        | 3469/22159 [28:53:08 > 5:16:38]
SOAP:  16%|█▌        | 3470/22159 [27:51:34 > 5:16:42]
SOAP:  16%|█▌        | 3471/22159 [28:08:27 > 5:16:48]
SOAP:  16%|█▌        | 3472/22159 [26:12:29 > 5:16:52]
SOAP:  16%|█▌        | 3473/22159 [21:30:34 > 5:16:54]
SOAP:  16%|█▌        | 3474/22159 [28:14:31 > 5:17:03]
SOAP:  16%|█▌        | 3475/22159 [28:50:25 > 5:17:09]
SOAP:  16%|█▌        | 3476/22159 [30:18:13 > 5:17:15]
SOAP:  16%|█▌        | 3477/22159 [30:32:18 > 5:17:21]
SOAP:  16%|█▌        | 3478/22159 [30:47:53 > 5:17:27]
SOAP:  16%|█▌        | 3479/22159 [31:20:16 > 5:17:33]
SOAP:  16%|█▌        | 3480/22159 [29:33:36 > 5:17:38]
SOAP:  16%|█▌        | 3481/22159 [30:46:53 > 5:17:45]
SOAP:  16%|█▌        | 3482/22159 [28:49:52 > 5:17:49]
SOAP:  16%|█▌        | 3483/22159 [27:51:58 > 5:17:54]
SOAP:  16%|█▌        | 3484/22159 [21:56:32 > 5:17:56]
SOAP:  16%|█▌        | 3485/22159 [28:53:02 > 5:18:05]
SOAP:  16%|█▌        | 3486/22159 [22:08:17 > 5:18:06]
SOAP:  16%|█▌        | 3487/22159 [28:22:26 > 5:18:14]
SOAP:  16%|█▌        | 3488/22159 [28:11:58 > 5:18:20]
SOAP:  16%|█▌        | 3489/22159 [29:26:37 > 5:18:26]
SOAP:  16%|█▌        | 3490/22159 [30:31:34 > 5:18:32]
SOAP:  16%|█▌        | 3491/22159 [31:13:09 > 5:18:38]
SOAP:  16%|█▌        | 3492/22159 [30:46:08 > 5:18:44]
SOAP:  16%|█▌        | 3493/22159 [24:18:12 > 5:18:46]
SOAP:  16%|█▌        | 3494/22159 [30:38:26 > 5:18:55]
SOAP:  16%|█▌        | 3495/22159 [29:41:40 > 5:19:00]
SOAP:  16%|█▌        | 3496/22159 [27:20:39 > 5:19:04]
SOAP:  16%|█▌        | 3497/22159 [26:03:06 > 5:19:09]
SOAP:  16%|█▌        | 3498/22159 [25:59:36 > 5:19:14]
SOAP:  16%|█▌        | 3499/22159 [26:52:26 > 5:19:19]
SOAP:  16%|█▌        | 3500/22159 [27:53:26 > 5:19:25]
SOAP:  16%|█▌        | 3501/22159 [28:39:29 > 5:19:31]
SOAP:  16%|█▌        | 3502/22159 [31:07:39 > 5:19:38]
SOAP:  16%|█▌        | 3503/22159 [31:25:21 > 5:19:44]
SOAP:  16%|█▌        | 3504/22159 [31:36:47 > 5:19:50]
SOAP:  16%|█▌        | 3505/22159 [30:19:29 > 5:19:56]
SOAP:  16%|█▌        | 3506/22159 [29:02:52 > 5:20:01]
SOAP:  16%|█▌        | 3507/22159 [28:11:37 > 5:20:06]
SOAP:  16%|█▌        | 3508/22159 [27:24:46 > 5:20:11]
SOAP:  16%|█▌        | 3509/22159 [26:41:39 > 5:20:16]
SOAP:  16%|█▌        | 3510/22159 [24:28:31 > 5:20:19]
SOAP:  16%|█▌        | 3511/22159 [27:28:12 > 5:20:26]
SOAP:  16%|█▌        | 3512/22159 [27:30:28 > 5:20:31]
SOAP:  16%|█▌        | 3513/22159 [27:51:07 > 5:20:37]
SOAP:  16%|█▌        | 3514/22159 [29:08:39 > 5:20:43]
SOAP:  16%|█▌        | 3515/22159 [30:50:24 > 5:20:50]
SOAP:  16%|█▌        | 3516/22159 [29:33:03 > 5:20:55]
SOAP:  16%|█▌        | 3517/22159 [29:56:48 > 5:21:01]
SOAP:  16%|█▌        | 3518/22159 [29:07:17 > 5:21:06]
SOAP:  16%|█▌        | 3519/22159 [22:49:37 > 5:21:08]
SOAP:  16%|█▌        | 3520/22159 [29:20:40 > 5:21:16]
SOAP:  16%|█▌        | 3521/22159 [29:09:49 > 5:21:22]
SOAP:  16%|█▌        | 3522/22159 [26:54:27 > 5:21:26]
SOAP:  16%|█▌        | 3523/22159 [25:44:39 > 5:21:30]
SOAP:  16%|█▌        | 3524/22159 [21:27:53 > 5:21:33]
SOAP:  16%|█▌        | 3525/22159 [30:00:19 > 5:21:42]
SOAP:  16%|█▌        | 3526/22159 [31:08:31 > 5:21:49]
SOAP:  16%|█▌        | 3527/22159 [31:04:35 > 5:21:55]
SOAP:  16%|█▌        | 3528/22159 [31:14:23 > 5:22:01]
SOAP:  16%|█▌        | 3529/22159 [31:31:06 > 5:22:07]
SOAP:  16%|█▌        | 3530/22159 [29:36:51 > 5:22:12]
SOAP:  16%|█▌        | 3531/22159 [30:50:13 > 5:22:19]
SOAP:  16%|█▌        | 3532/22159 [28:51:56 > 5:22:23]
SOAP:  16%|█▌        | 3533/22159 [27:50:38 > 5:22:28]
SOAP:  16%|█▌        | 3534/22159 [26:56:10 > 5:22:33]
SOAP:  16%|█▌        | 3535/22159 [27:34:38 > 5:22:39]
SOAP:  16%|█▌        | 3536/22159 [25:30:14 > 5:22:43]
SOAP:  16%|█▌        | 3537/22159 [26:27:48 > 5:22:48]
SOAP:  16%|█▌        | 3538/22159 [26:52:56 > 5:22:54]
SOAP:  16%|█▌        | 3539/22159 [28:31:10 > 5:23:00]
SOAP:  16%|█▌        | 3540/22159 [29:55:06 > 5:23:06]
SOAP:  16%|█▌        | 3541/22159 [26:55:23 > 5:23:10]
SOAP:  16%|█▌        | 3542/22159 [31:23:46 > 5:23:18]
SOAP:  16%|█▌        | 3543/22159 [30:02:47 > 5:23:23]
SOAP:  16%|█▌        | 3544/22159 [29:16:15 > 5:23:29]
SOAP:  16%|█▌        | 3545/22159 [28:41:53 > 5:23:34]
SOAP:  16%|█▌        | 3546/22159 [26:35:06 > 5:23:38]
SOAP:  16%|█▌        | 3547/22159 [20:38:32 > 5:23:39]
SOAP:  16%|█▌        | 3548/22159 [27:02:30 > 5:23:48]
SOAP:  16%|█▌        | 3549/22159 [27:51:32 > 5:23:53]
SOAP:  16%|█▌        | 3550/22159 [28:26:24 > 5:23:59]
SOAP:  16%|█▌        | 3551/22159 [31:23:38 > 5:24:06]
SOAP:  16%|█▌        | 3552/22159 [30:45:23 > 5:24:12]
SOAP:  16%|█▌        | 3553/22159 [31:02:20 > 5:24:18]
SOAP:  16%|█▌        | 3554/22159 [31:13:34 > 5:24:24]
SOAP:  16%|█▌        | 3555/22159 [30:05:03 > 5:24:30]
SOAP:  16%|█▌        | 3556/22159 [29:00:57 > 5:24:35]
SOAP:  16%|█▌        | 3557/22159 [22:23:39 > 5:24:36]
SOAP:  16%|█▌        | 3558/22159 [29:10:26 > 5:24:45]
SOAP:  16%|█▌        | 3559/22159 [27:55:10 > 5:24:50]
SOAP:  16%|█▌        | 3560/22159 [27:34:49 > 5:24:55]
SOAP:  16%|█▌        | 3561/22159 [27:23:59 > 5:25:00]
SOAP:  16%|█▌        | 3562/22159 [27:25:18 > 5:25:05]
SOAP:  16%|█▌        | 3563/22159 [26:24:12 > 5:25:10]
SOAP:  16%|█▌        | 3564/22159 [29:26:15 > 5:25:17]
SOAP:  16%|█▌        | 3565/22159 [31:02:58 > 5:25:24]
SOAP:  16%|█▌        | 3566/22159 [29:42:05 > 5:25:29]
SOAP:  16%|█▌        | 3567/22159 [29:59:25 > 5:25:35]
SOAP:  16%|█▌        | 3568/22159 [29:08:52 > 5:25:40]
SOAP:  16%|█▌        | 3569/22159 [22:52:47 > 5:25:42]
SOAP:  16%|█▌        | 3570/22159 [29:20:04 > 5:25:50]
SOAP:  16%|█▌        | 3571/22159 [22:39:17 > 5:25:52]
SOAP:  16%|█▌        | 3572/22159 [28:41:16 > 5:26:00]
SOAP:  16%|█▌        | 3573/22159 [27:48:46 > 5:26:05]
SOAP:  16%|█▌        | 3574/22159 [22:06:45 > 5:26:07]
SOAP:  16%|█▌        | 3575/22159 [30:27:39 > 5:26:17]
SOAP:  16%|█▌        | 3576/22159 [31:27:20 > 5:26:23]
SOAP:  16%|█▌        | 3577/22159 [27:56:22 > 5:26:27]
SOAP:  16%|█▌        | 3578/22159 [32:25:57 > 5:26:35]
SOAP:  16%|█▌        | 3579/22159 [25:12:29 > 5:26:37]
SOAP:  16%|█▌        | 3580/22159 [32:18:14 > 5:26:46]
SOAP:  16%|█▌        | 3581/22159 [32:37:27 > 5:26:53]
SOAP:  16%|█▌        | 3582/22159 [26:43:50 > 5:26:55]
SOAP:  16%|█▌        | 3583/22159 [29:35:55 > 5:27:02]
SOAP:  16%|█▌        | 3584/22159 [28:03:22 > 5:27:07]
SOAP:  16%|█▌        | 3585/22159 [21:56:31 > 5:27:09]
SOAP:  16%|█▌        | 3586/22159 [27:56:59 > 5:27:17]
SOAP:  16%|█▌        | 3587/22159 [28:01:34 > 5:27:22]
SOAP:  16%|█▌        | 3588/22159 [21:52:46 > 5:27:24]
SOAP:  16%|█▌        | 3589/22159 [31:00:59 > 5:27:34]
SOAP:  16%|█▌        | 3590/22159 [31:35:00 > 5:27:40]
SOAP:  16%|█▌        | 3591/22159 [24:46:02 > 5:27:42]
SOAP:  16%|█▌        | 3592/22159 [33:11:52 > 5:27:52]
SOAP:  16%|█▌        | 3593/22159 [31:13:59 > 5:27:57]
SOAP:  16%|█▌        | 3594/22159 [30:04:29 > 5:28:03]
SOAP:  16%|█▌        | 3595/22159 [29:11:51 > 5:28:08]
SOAP:  16%|█▌        | 3596/22159 [26:53:24 > 5:28:12]
SOAP:  16%|█▌        | 3597/22159 [25:43:58 > 5:28:16]
SOAP:  16%|█▌        | 3598/22159 [25:37:10 > 5:28:21]
SOAP:  16%|█▌        | 3599/22159 [26:21:02 > 5:28:27]
SOAP:  16%|█▌        | 3600/22159 [27:33:47 > 5:28:33]
SOAP:  16%|█▋        | 3601/22159 [30:42:38 > 5:28:40]
SOAP:  16%|█▋        | 3602/22159 [30:01:27 > 5:28:46]
SOAP:  16%|█▋        | 3603/22159 [30:27:36 > 5:28:52]
SOAP:  16%|█▋        | 3604/22159 [30:41:58 > 5:28:58]
SOAP:  16%|█▋        | 3605/22159 [29:37:58 > 5:29:03]
SOAP:  16%|█▋        | 3606/22159 [28:37:55 > 5:29:08]
SOAP:  16%|█▋        | 3607/22159 [27:45:57 > 5:29:13]
SOAP:  16%|█▋        | 3608/22159 [27:01:43 > 5:29:18]
SOAP:  16%|█▋        | 3609/22159 [26:21:40 > 5:29:23]
SOAP:  16%|█▋        | 3610/22159 [26:23:54 > 5:29:28]
SOAP:  16%|█▋        | 3611/22159 [26:33:18 > 5:29:33]
SOAP:  16%|█▋        | 3612/22159 [26:44:49 > 5:29:39]
SOAP:  16%|█▋        | 3613/22159 [26:29:41 > 5:29:44]
SOAP:  16%|█▋        | 3614/22159 [23:40:37 > 5:29:47]
SOAP:  16%|█▋        | 3615/22159 [32:01:17 > 5:29:57]
SOAP:  16%|█▋        | 3616/22159 [30:22:12 > 5:30:02]
SOAP:  16%|█▋        | 3617/22159 [30:25:41 > 5:30:08]
SOAP:  16%|█▋        | 3618/22159 [29:18:48 > 5:30:13]
SOAP:  16%|█▋        | 3619/22159 [28:45:59 > 5:30:18]
SOAP:  16%|█▋        | 3620/22159 [27:41:48 > 5:30:23]
SOAP:  16%|█▋        | 3621/22159 [27:48:54 > 5:30:29]
SOAP:  16%|█▋        | 3622/22159 [25:51:25 > 5:30:33]
SOAP:  16%|█▋        | 3623/22159 [25:43:35 > 5:30:38]
SOAP:  16%|█▋        | 3624/22159 [26:31:43 > 5:30:43]
SOAP:  16%|█▋        | 3625/22159 [27:28:44 > 5:30:49]
SOAP:  16%|█▋        | 3626/22159 [29:11:27 > 5:30:56]
SOAP:  16%|█▋        | 3627/22159 [29:32:38 > 5:31:02]
SOAP:  16%|█▋        | 3628/22159 [29:52:14 > 5:31:08]
SOAP:  16%|█▋        | 3629/22159 [30:24:26 > 5:31:14]
SOAP:  16%|█▋        | 3630/22159 [26:24:55 > 5:31:17]
SOAP:  16%|█▋        | 3631/22159 [30:46:27 > 5:31:25]
SOAP:  16%|█▋        | 3632/22159 [28:41:16 > 5:31:30]
SOAP:  16%|█▋        | 3633/22159 [27:39:13 > 5:31:34]
SOAP:  16%|█▋        | 3634/22159 [26:41:32 > 5:31:39]
SOAP:  16%|█▋        | 3635/22159 [27:22:35 > 5:31:45]
SOAP:  16%|█▋        | 3636/22159 [25:14:33 > 5:31:49]
SOAP:  16%|█▋        | 3637/22159 [20:06:00 > 5:31:50]
SOAP:  16%|█▋        | 3638/22159 [28:25:09 > 5:32:00]
SOAP:  16%|█▋        | 3639/22159 [29:30:55 > 5:32:06]
SOAP:  16%|█▋        | 3640/22159 [30:31:18 > 5:32:12]
SOAP:  16%|█▋        | 3641/22159 [31:09:58 > 5:32:19]
SOAP:  16%|█▋        | 3642/22159 [30:33:16 > 5:32:24]
SOAP:  16%|█▋        | 3643/22159 [29:29:21 > 5:32:30]
SOAP:  16%|█▋        | 3644/22159 [28:54:42 > 5:32:35]
SOAP:  16%|█▋        | 3645/22159 [28:27:49 > 5:32:40]
SOAP:  16%|█▋        | 3646/22159 [26:20:26 > 5:32:44]
SOAP:  16%|█▋        | 3647/22159 [25:15:52 > 5:32:49]
SOAP:  16%|█▋        | 3648/22159 [25:14:57 > 5:32:54]
SOAP:  16%|█▋        | 3649/22159 [20:21:36 > 5:32:55]
SOAP:  16%|█▋        | 3650/22159 [24:25:31 > 5:33:02]
SOAP:  16%|█▋        | 3651/22159 [33:19:41 > 5:33:13]
SOAP:  16%|█▋        | 3652/22159 [31:59:51 > 5:33:18]
SOAP:  16%|█▋        | 3653/22159 [31:40:43 > 5:33:24]
SOAP:  16%|█▋        | 3654/22159 [31:24:29 > 5:33:30]
SOAP:  16%|█▋        | 3655/22159 [24:53:55 > 5:33:32]
SOAP:  16%|█▋        | 3656/22159 [30:26:52 > 5:33:41]
SOAP:  17%|█▋        | 3657/22159 [29:01:32 > 5:33:46]
SOAP:  17%|█▋        | 3658/22159 [27:54:02 > 5:33:50]
SOAP:  17%|█▋        | 3659/22159 [26:59:42 > 5:33:55]
SOAP:  17%|█▋        | 3660/22159 [26:43:00 > 5:34:00]
SOAP:  17%|█▋        | 3661/22159 [26:47:17 > 5:34:06]
SOAP:  17%|█▋        | 3662/22159 [21:02:45 > 5:34:07]
SOAP:  17%|█▋        | 3663/22159 [28:45:45 > 5:34:16]
SOAP:  17%|█▋        | 3664/22159 [29:40:26 > 5:34:22]
SOAP:  17%|█▋        | 3665/22159 [22:52:43 > 5:34:24]
SOAP:  17%|█▋        | 3666/22159 [32:01:45 > 5:34:34]
SOAP:  17%|█▋        | 3667/22159 [24:28:36 > 5:34:36]
SOAP:  17%|█▋        | 3668/22159 [31:56:31 > 5:34:45]
SOAP:  17%|█▋        | 3669/22159 [25:20:14 > 5:34:47]
SOAP:  17%|█▋        | 3670/22159 [30:01:40 > 5:34:55]
SOAP:  17%|█▋        | 3671/22159 [29:22:52 > 5:35:00]
SOAP:  17%|█▋        | 3672/22159 [26:54:05 > 5:35:05]
SOAP:  17%|█▋        | 3673/22159 [26:25:16 > 5:35:10]
SOAP:  17%|█▋        | 3674/22159 [27:01:28 > 5:35:15]
SOAP:  17%|█▋        | 3675/22159 [27:46:57 > 5:35:21]
SOAP:  17%|█▋        | 3676/22159 [29:28:14 > 5:35:27]
SOAP:  17%|█▋        | 3677/22159 [23:12:06 > 5:35:29]
SOAP:  17%|█▋        | 3678/22159 [32:21:37 > 5:35:39]
SOAP:  17%|█▋        | 3679/22159 [32:11:34 > 5:35:46]
SOAP:  17%|█▋        | 3680/22159 [25:00:48 > 5:35:47]
SOAP:  17%|█▋        | 3681/22159 [32:28:00 > 5:35:57]
SOAP:  17%|█▋        | 3682/22159 [29:47:34 > 5:36:02]
SOAP:  17%|█▋        | 3683/22159 [28:23:54 > 5:36:06]
SOAP:  17%|█▋        | 3684/22159 [27:10:17 > 5:36:11]
SOAP:  17%|█▋        | 3685/22159 [27:35:55 > 5:36:17]
SOAP:  17%|█▋        | 3686/22159 [25:21:13 > 5:36:21]
SOAP:  17%|█▋        | 3687/22159 [20:12:03 > 5:36:22]
SOAP:  17%|█▋        | 3688/22159 [28:26:39 > 5:36:32]
SOAP:  17%|█▋        | 3689/22159 [29:33:17 > 5:36:38]
SOAP:  17%|█▋        | 3690/22159 [30:26:46 > 5:36:44]
SOAP:  17%|█▋        | 3691/22159 [31:06:22 > 5:36:51]
SOAP:  17%|█▋        | 3692/22159 [30:26:19 > 5:36:56]
SOAP:  17%|█▋        | 3693/22159 [29:03:28 > 5:37:01]
SOAP:  17%|█▋        | 3694/22159 [28:51:02 > 5:37:07]
SOAP:  17%|█▋        | 3695/22159 [28:22:34 > 5:37:12]
SOAP:  17%|█▋        | 3696/22159 [26:15:07 > 5:37:16]
SOAP:  17%|█▋        | 3697/22159 [25:12:06 > 5:37:21]
SOAP:  17%|█▋        | 3698/22159 [25:20:15 > 5:37:26]
SOAP:  17%|█▋        | 3699/22159 [20:18:28 > 5:37:27]
SOAP:  17%|█▋        | 3700/22159 [24:24:14 > 5:37:34]
SOAP:  17%|█▋        | 3701/22159 [33:17:38 > 5:37:45]
SOAP:  17%|█▋        | 3702/22159 [31:54:19 > 5:37:50]
SOAP:  17%|█▋        | 3703/22159 [31:30:14 > 5:37:56]
SOAP:  17%|█▋        | 3704/22159 [29:07:22 > 5:38:01]
SOAP:  17%|█▋        | 3705/22159 [30:36:04 > 5:38:07]
SOAP:  17%|█▋        | 3706/22159 [24:02:17 > 5:38:09]
SOAP:  17%|█▋        | 3707/22159 [24:32:52 > 5:38:14]
SOAP:  17%|█▋        | 3708/22159 [27:23:26 > 5:38:21]
SOAP:  17%|█▋        | 3709/22159 [29:45:16 > 5:38:28]
SOAP:  17%|█▋        | 3710/22159 [28:48:19 > 5:38:33]
SOAP:  17%|█▋        | 3711/22159 [24:46:11 > 5:38:36]
SOAP:  17%|█▋        | 3712/22159 [28:55:47 > 5:38:43]
SOAP:  17%|█▋        | 3713/22159 [28:43:12 > 5:38:49]
SOAP:  17%|█▋        | 3714/22159 [29:39:25 > 5:38:55]
SOAP:  17%|█▋        | 3715/22159 [31:05:38 > 5:39:02]
SOAP:  17%|█▋        | 3716/22159 [29:42:58 > 5:39:07]
SOAP:  17%|█▋        | 3717/22159 [29:54:28 > 5:39:13]
SOAP:  17%|█▋        | 3718/22159 [29:01:38 > 5:39:18]
SOAP:  17%|█▋        | 3719/22159 [28:35:31 > 5:39:23]
SOAP:  17%|█▋        | 3720/22159 [27:30:09 > 5:39:28]
SOAP:  17%|█▋        | 3721/22159 [27:48:55 > 5:39:34]
SOAP:  17%|█▋        | 3722/22159 [25:49:58 > 5:39:38]
SOAP:  17%|█▋        | 3723/22159 [25:44:58 > 5:39:43]
SOAP:  17%|█▋        | 3724/22159 [26:33:38 > 5:39:49]
SOAP:  17%|█▋        | 3725/22159 [27:32:00 > 5:39:54]
SOAP:  17%|█▋        | 3726/22159 [29:18:05 > 5:40:01]
SOAP:  17%|█▋        | 3727/22159 [29:49:16 > 5:40:07]
SOAP:  17%|█▋        | 3728/22159 [30:16:15 > 5:40:13]
SOAP:  17%|█▋        | 3729/22159 [30:44:15 > 5:40:19]
SOAP:  17%|█▋        | 3730/22159 [28:56:34 > 5:40:24]
SOAP:  17%|█▋        | 3731/22159 [30:14:14 > 5:40:31]
SOAP:  17%|█▋        | 3732/22159 [28:23:04 > 5:40:35]
SOAP:  17%|█▋        | 3733/22159 [27:24:02 > 5:40:40]
SOAP:  17%|█▋        | 3734/22159 [22:30:50 > 5:40:42]
SOAP:  17%|█▋        | 3735/22159 [28:17:50 > 5:40:51]
SOAP:  17%|█▋        | 3736/22159 [25:40:33 > 5:40:54]
SOAP:  17%|█▋        | 3737/22159 [26:37:06 > 5:41:00]
SOAP:  17%|█▋        | 3738/22159 [22:09:03 > 5:41:02]
SOAP:  17%|█▋        | 3739/22159 [23:19:30 > 5:41:07]
SOAP:  17%|█▋        | 3740/22159 [32:42:02 > 5:41:18]
SOAP:  17%|█▋        | 3741/22159 [32:40:50 > 5:41:25]
SOAP:  17%|█▋        | 3742/22159 [24:51:34 > 5:41:26]
SOAP:  17%|█▋        | 3743/22159 [32:01:00 > 5:41:35]
SOAP:  17%|█▋        | 3744/22159 [30:37:56 > 5:41:41]
SOAP:  17%|█▋        | 3745/22159 [29:35:04 > 5:41:46]
SOAP:  17%|█▋        | 3746/22159 [27:12:10 > 5:41:50]
SOAP:  17%|█▋        | 3747/22159 [22:30:54 > 5:41:53]
SOAP:  17%|█▋        | 3748/22159 [26:38:11 > 5:42:00]
SOAP:  17%|█▋        | 3749/22159 [27:26:03 > 5:42:05]
SOAP:  17%|█▋        | 3750/22159 [27:53:41 > 5:42:11]
SOAP:  17%|█▋        | 3751/22159 [21:56:54 > 5:42:13]
SOAP:  17%|█▋        | 3752/22159 [32:39:57 > 5:42:24]
SOAP:  17%|█▋        | 3753/22159 [32:06:08 > 5:42:30]
SOAP:  17%|█▋        | 3754/22159 [31:50:27 > 5:42:36]
SOAP:  17%|█▋        | 3755/22159 [30:20:49 > 5:42:41]
SOAP:  17%|█▋        | 3756/22159 [28:58:46 > 5:42:46]
SOAP:  17%|█▋        | 3757/22159 [27:56:29 > 5:42:51]
SOAP:  17%|█▋        | 3758/22159 [26:57:41 > 5:42:56]
SOAP:  17%|█▋        | 3759/22159 [21:04:11 > 5:42:58]
SOAP:  17%|█▋        | 3760/22159 [22:22:13 > 5:43:03]
SOAP:  17%|█▋        | 3761/22159 [23:22:19 > 5:43:08]
SOAP:  17%|█▋        | 3762/22159 [30:16:33 > 5:43:17]
SOAP:  17%|█▋        | 3763/22159 [29:38:49 > 5:43:22]
SOAP:  17%|█▋        | 3764/22159 [23:57:04 > 5:43:24]
SOAP:  17%|█▋        | 3765/22159 [33:19:23 > 5:43:35]
SOAP:  17%|█▋        | 3766/22159 [31:13:19 > 5:43:40]
SOAP:  17%|█▋        | 3767/22159 [28:06:06 > 5:43:44]
SOAP:  17%|█▋        | 3768/22159 [24:37:53 > 5:43:47]
SOAP:  17%|█▋        | 3769/22159 [31:23:49 > 5:43:57]
SOAP:  17%|█▋        | 3770/22159 [29:29:08 > 5:44:02]
SOAP:  17%|█▋        | 3771/22159 [29:05:13 > 5:44:07]
SOAP:  17%|█▋        | 3772/22159 [26:39:02 > 5:44:11]
SOAP:  17%|█▋        | 3773/22159 [26:18:39 > 5:44:16]
SOAP:  17%|█▋        | 3774/22159 [26:58:36 > 5:44:22]
SOAP:  17%|█▋        | 3775/22159 [27:03:08 > 5:44:27]
SOAP:  17%|█▋        | 3776/22159 [22:13:03 > 5:44:29]
SOAP:  17%|█▋        | 3777/22159 [32:02:59 > 5:44:40]
SOAP:  17%|█▋        | 3778/22159 [28:43:42 > 5:44:44]
SOAP:  17%|█▋        | 3779/22159 [32:37:03 > 5:44:52]
SOAP:  17%|█▋        | 3780/22159 [30:15:51 > 5:44:57]
SOAP:  17%|█▋        | 3781/22159 [31:07:16 > 5:45:04]
SOAP:  17%|█▋        | 3782/22159 [28:53:59 > 5:45:08]
SOAP:  17%|█▋        | 3783/22159 [27:41:51 > 5:45:13]
SOAP:  17%|█▋        | 3784/22159 [26:36:03 > 5:45:18]
SOAP:  17%|█▋        | 3785/22159 [27:12:15 > 5:45:24]
SOAP:  17%|█▋        | 3786/22159 [25:08:57 > 5:45:28]
SOAP:  17%|█▋        | 3787/22159 [25:59:13 > 5:45:33]
SOAP:  17%|█▋        | 3788/22159 [26:30:13 > 5:45:38]
SOAP:  17%|█▋        | 3789/22159 [27:58:52 > 5:45:45]
SOAP:  17%|█▋        | 3790/22159 [29:26:42 > 5:45:51]
SOAP:  17%|█▋        | 3791/22159 [30:22:34 > 5:45:57]
SOAP:  17%|█▋        | 3792/22159 [29:45:53 > 5:46:03]
SOAP:  17%|█▋        | 3793/22159 [28:45:21 > 5:46:08]
SOAP:  17%|█▋        | 3794/22159 [28:13:59 > 5:46:13]
SOAP:  17%|█▋        | 3795/22159 [23:42:28 > 5:46:16]
SOAP:  17%|█▋        | 3796/22159 [27:02:35 > 5:46:23]
SOAP:  17%|█▋        | 3797/22159 [25:44:45 > 5:46:27]
SOAP:  17%|█▋        | 3798/22159 [25:30:58 > 5:46:32]
SOAP:  17%|█▋        | 3799/22159 [26:36:47 > 5:46:38]
SOAP:  17%|█▋        | 3800/22159 [27:14:47 > 5:46:44]
SOAP:  17%|█▋        | 3801/22159 [30:24:01 > 5:46:51]
SOAP:  17%|█▋        | 3802/22159 [23:49:36 > 5:46:53]
SOAP:  17%|█▋        | 3803/22159 [27:04:54 > 5:46:59]
SOAP:  17%|█▋        | 3804/22159 [26:35:25 > 5:47:04]
SOAP:  17%|█▋        | 3805/22159 [33:29:58 > 5:47:14]
SOAP:  17%|█▋        | 3806/22159 [31:09:16 > 5:47:19]
SOAP:  17%|█▋        | 3807/22159 [27:18:40 > 5:47:23]
SOAP:  17%|█▋        | 3808/22159 [28:45:55 > 5:47:29]
SOAP:  17%|█▋        | 3809/22159 [27:23:56 > 5:47:34]
SOAP:  17%|█▋        | 3810/22159 [26:57:24 > 5:47:39]
SOAP:  17%|█▋        | 3811/22159 [22:14:57 > 5:47:41]
SOAP:  17%|█▋        | 3812/22159 [28:08:59 > 5:47:49]
SOAP:  17%|█▋        | 3813/22159 [28:00:56 > 5:47:55]
SOAP:  17%|█▋        | 3814/22159 [29:03:16 > 5:48:01]
SOAP:  17%|█▋        | 3815/22159 [30:32:02 > 5:48:08]
SOAP:  17%|█▋        | 3816/22159 [29:11:36 > 5:48:13]
SOAP:  17%|█▋        | 3817/22159 [29:23:35 > 5:48:19]
SOAP:  17%|█▋        | 3818/22159 [28:28:16 > 5:48:24]
SOAP:  17%|█▋        | 3819/22159 [28:06:38 > 5:48:29]
SOAP:  17%|█▋        | 3820/22159 [26:57:01 > 5:48:34]
SOAP:  17%|█▋        | 3821/22159 [22:09:25 > 5:48:36]
SOAP:  17%|█▋        | 3822/22159 [26:49:56 > 5:48:43]
SOAP:  17%|█▋        | 3823/22159 [26:20:54 > 5:48:48]
SOAP:  17%|█▋        | 3824/22159 [26:50:43 > 5:48:54]
SOAP:  17%|█▋        | 3825/22159 [27:35:28 > 5:49:00]
SOAP:  17%|█▋        | 3826/22159 [29:16:53 > 5:49:06]
SOAP:  17%|█▋        | 3827/22159 [22:59:42 > 5:49:08]
SOAP:  17%|█▋        | 3828/22159 [32:01:04 > 5:49:18]
SOAP:  17%|█▋        | 3829/22159 [31:54:41 > 5:49:24]
SOAP:  17%|█▋        | 3830/22159 [24:46:28 > 5:49:26]
SOAP:  17%|█▋        | 3831/22159 [32:10:40 > 5:49:36]
SOAP:  17%|█▋        | 3832/22159 [29:37:38 > 5:49:40]
SOAP:  17%|█▋        | 3833/22159 [28:11:29 > 5:49:45]
SOAP:  17%|█▋        | 3834/22159 [27:00:51 > 5:49:50]
SOAP:  17%|█▋        | 3835/22159 [27:31:35 > 5:49:56]
SOAP:  17%|█▋        | 3836/22159 [25:17:51 > 5:50:00]
SOAP:  17%|█▋        | 3837/22159 [26:05:50 > 5:50:05]
SOAP:  17%|█▋        | 3838/22159 [26:32:10 > 5:50:11]
SOAP:  17%|█▋        | 3839/22159 [28:08:51 > 5:50:17]
SOAP:  17%|█▋        | 3840/22159 [29:26:15 > 5:50:23]
SOAP:  17%|█▋        | 3841/22159 [30:19:04 > 5:50:30]
SOAP:  17%|█▋        | 3842/22159 [29:55:07 > 5:50:35]
SOAP:  17%|█▋        | 3843/22159 [28:42:02 > 5:50:40]
SOAP:  17%|█▋        | 3844/22159 [28:17:36 > 5:50:46]
SOAP:  17%|█▋        | 3845/22159 [27:59:54 > 5:50:51]
SOAP:  17%|█▋        | 3846/22159 [25:58:54 > 5:50:55]
SOAP:  17%|█▋        | 3847/22159 [24:56:11 > 5:51:00]
SOAP:  17%|█▋        | 3848/22159 [24:44:53 > 5:51:05]
SOAP:  17%|█▋        | 3849/22159 [26:19:15 > 5:51:10]
SOAP:  17%|█▋        | 3850/22159 [27:03:36 > 5:51:16]
SOAP:  17%|█▋        | 3851/22159 [30:06:43 > 5:51:23]
SOAP:  17%|█▋        | 3852/22159 [29:36:07 > 5:51:29]
SOAP:  17%|█▋        | 3853/22159 [30:06:27 > 5:51:35]
SOAP:  17%|█▋        | 3854/22159 [30:18:46 > 5:51:41]
SOAP:  17%|█▋        | 3855/22159 [29:26:22 > 5:51:47]
SOAP:  17%|█▋        | 3856/22159 [28:28:30 > 5:51:52]
SOAP:  17%|█▋        | 3857/22159 [27:39:25 > 5:51:57]
SOAP:  17%|█▋        | 3858/22159 [26:53:37 > 5:52:02]
SOAP:  17%|█▋        | 3859/22159 [26:08:35 > 5:52:07]
SOAP:  17%|█▋        | 3860/22159 [26:09:24 > 5:52:12]
SOAP:  17%|█▋        | 3861/22159 [26:17:49 > 5:52:17]
SOAP:  17%|█▋        | 3862/22159 [26:31:44 > 5:52:22]
SOAP:  17%|█▋        | 3863/22159 [26:59:13 > 5:52:28]
SOAP:  17%|█▋        | 3864/22159 [28:18:21 > 5:52:34]
SOAP:  17%|█▋        | 3865/22159 [30:03:31 > 5:52:41]
SOAP:  17%|█▋        | 3866/22159 [28:57:00 > 5:52:46]
SOAP:  17%|█▋        | 3867/22159 [29:17:25 > 5:52:52]
SOAP:  17%|█▋        | 3868/22159 [28:30:24 > 5:52:57]
SOAP:  17%|█▋        | 3869/22159 [28:03:44 > 5:53:02]
SOAP:  17%|█▋        | 3870/22159 [27:02:34 > 5:53:07]
SOAP:  17%|█▋        | 3871/22159 [25:09:03 > 5:53:11]
SOAP:  17%|█▋        | 3872/22159 [25:54:17 > 5:53:17]
SOAP:  17%|█▋        | 3873/22159 [25:42:00 > 5:53:22]
SOAP:  17%|█▋        | 3874/22159 [26:24:47 > 5:53:27]
SOAP:  17%|█▋        | 3875/22159 [27:19:32 > 5:53:33]
SOAP:  17%|█▋        | 3876/22159 [29:05:08 > 5:53:40]
SOAP:  17%|█▋        | 3877/22159 [29:30:23 > 5:53:46]
SOAP:  18%|█▊        | 3878/22159 [29:57:21 > 5:53:52]
SOAP:  18%|█▊        | 3879/22159 [30:30:37 > 5:53:58]
SOAP:  18%|█▊        | 3880/22159 [28:48:32 > 5:54:03]
SOAP:  18%|█▊        | 3881/22159 [30:02:26 > 5:54:09]
SOAP:  18%|█▊        | 3882/22159 [28:07:12 > 5:54:14]
SOAP:  18%|█▊        | 3883/22159 [27:07:59 > 5:54:19]
SOAP:  18%|█▊        | 3884/22159 [26:12:10 > 5:54:24]
SOAP:  18%|█▊        | 3885/22159 [26:55:17 > 5:54:29]
SOAP:  18%|█▊        | 3886/22159 [24:52:11 > 5:54:33]
SOAP:  18%|█▊        | 3887/22159 [25:51:44 > 5:54:39]
SOAP:  18%|█▊        | 3888/22159 [26:18:57 > 5:54:44]
SOAP:  18%|█▊        | 3889/22159 [24:18:47 > 5:54:48]
SOAP:  18%|█▊        | 3890/22159 [30:26:50 > 5:54:57]
SOAP:  18%|█▊        | 3891/22159 [28:19:20 > 5:55:01]
SOAP:  18%|█▊        | 3892/22159 [31:08:06 > 5:55:09]
SOAP:  18%|█▊        | 3893/22159 [29:39:46 > 5:55:14]
SOAP:  18%|█▊        | 3894/22159 [28:49:59 > 5:55:19]
SOAP:  18%|█▊        | 3895/22159 [28:10:39 > 5:55:25]
SOAP:  18%|█▊        | 3896/22159 [26:05:52 > 5:55:29]
SOAP:  18%|█▊        | 3897/22159 [24:40:15 > 5:55:33]
SOAP:  18%|█▊        | 3898/22159 [25:11:06 > 5:55:38]
SOAP:  18%|█▊        | 3899/22159 [26:18:22 > 5:55:44]
SOAP:  18%|█▊        | 3900/22159 [27:04:01 > 5:55:50]
SOAP:  18%|█▊        | 3901/22159 [30:08:18 > 5:55:57]
SOAP:  18%|█▊        | 3902/22159 [29:39:01 > 5:56:03]
SOAP:  18%|█▊        | 3903/22159 [30:07:53 > 5:56:09]
SOAP:  18%|█▊        | 3904/22159 [30:24:50 > 5:56:15]
SOAP:  18%|█▊        | 3905/22159 [29:14:56 > 5:56:20]
SOAP:  18%|█▊        | 3906/22159 [28:13:56 > 5:56:25]
SOAP:  18%|█▊        | 3907/22159 [27:26:28 > 5:56:30]
SOAP:  18%|█▊        | 3908/22159 [26:40:47 > 5:56:35]
SOAP:  18%|█▊        | 3909/22159 [25:41:19 > 5:56:40]
SOAP:  18%|█▊        | 3910/22159 [26:10:50 > 5:56:45]
SOAP:  18%|█▊        | 3911/22159 [26:16:49 > 5:56:50]
SOAP:  18%|█▊        | 3912/22159 [26:25:12 > 5:56:56]
SOAP:  18%|█▊        | 3913/22159 [26:50:21 > 5:57:01]
SOAP:  18%|█▊        | 3914/22159 [28:18:54 > 5:57:07]
SOAP:  18%|█▊        | 3915/22159 [29:59:19 > 5:57:14]
SOAP:  18%|█▊        | 3916/22159 [28:47:48 > 5:57:19]
SOAP:  18%|█▊        | 3917/22159 [29:11:18 > 5:57:25]
SOAP:  18%|█▊        | 3918/22159 [28:22:52 > 5:57:30]
SOAP:  18%|█▊        | 3919/22159 [27:56:46 > 5:57:36]
SOAP:  18%|█▊        | 3920/22159 [26:55:06 > 5:57:41]
SOAP:  18%|█▊        | 3921/22159 [27:11:32 > 5:57:46]
SOAP:  18%|█▊        | 3922/22159 [25:15:29 > 5:57:50]
SOAP:  18%|█▊        | 3923/22159 [25:12:00 > 5:57:55]
SOAP:  18%|█▊        | 3924/22159 [26:04:29 > 5:58:01]
SOAP:  18%|█▊        | 3925/22159 [27:04:12 > 5:58:06]
SOAP:  18%|█▊        | 3926/22159 [21:30:22 > 5:58:08]
SOAP:  18%|█▊        | 3927/22159 [31:34:02 > 5:58:19]
SOAP:  18%|█▊        | 3928/22159 [31:23:58 > 5:58:25]
SOAP:  18%|█▊        | 3929/22159 [31:28:15 > 5:58:31]
SOAP:  18%|█▊        | 3930/22159 [29:26:10 > 5:58:36]
SOAP:  18%|█▊        | 3931/22159 [30:28:57 > 5:58:43]
SOAP:  18%|█▊        | 3932/22159 [28:27:38 > 5:58:47]
SOAP:  18%|█▊        | 3933/22159 [27:21:21 > 5:58:52]
SOAP:  18%|█▊        | 3934/22159 [26:23:40 > 5:58:57]
SOAP:  18%|█▊        | 3935/22159 [27:03:12 > 5:59:03]
SOAP:  18%|█▊        | 3936/22159 [24:57:40 > 5:59:07]
SOAP:  18%|█▊        | 3937/22159 [25:58:58 > 5:59:12]
SOAP:  18%|█▊        | 3938/22159 [26:22:40 > 5:59:18]
SOAP:  18%|█▊        | 3939/22159 [27:58:32 > 5:59:24]
SOAP:  18%|█▊        | 3940/22159 [29:17:48 > 5:59:30]
SOAP:  18%|█▊        | 3941/22159 [30:09:02 > 5:59:37]
SOAP:  18%|█▊        | 3942/22159 [29:43:42 > 5:59:42]
SOAP:  18%|█▊        | 3943/22159 [28:42:22 > 5:59:48]
SOAP:  18%|█▊        | 3944/22159 [28:08:11 > 5:59:53]
SOAP:  18%|█▊        | 3945/22159 [27:44:00 > 5:59:58]
SOAP:  18%|█▊        | 3946/22159 [25:45:54 > 6:00:02]
SOAP:  18%|█▊        | 3947/22159 [24:44:50 > 6:00:07]
SOAP:  18%|█▊        | 3948/22159 [24:52:04 > 6:00:12]
SOAP:  18%|█▊        | 3949/22159 [23:46:58 > 6:00:16]
SOAP:  18%|█▊        | 3950/22159 [27:35:57 > 6:00:23]
SOAP:  18%|█▊        | 3951/22159 [30:29:35 > 6:00:31]
SOAP:  18%|█▊        | 3952/22159 [29:49:34 > 6:00:36]
SOAP:  18%|█▊        | 3953/22159 [30:10:12 > 6:00:42]
SOAP:  18%|█▊        | 3954/22159 [29:18:18 > 6:00:48]
SOAP:  18%|█▊        | 3955/22159 [29:28:20 > 6:00:54]
SOAP:  18%|█▊        | 3956/22159 [28:20:20 > 6:00:59]
SOAP:  18%|█▊        | 3957/22159 [27:30:15 > 6:01:04]
SOAP:  18%|█▊        | 3958/22159 [26:44:13 > 6:01:09]
SOAP:  18%|█▊        | 3959/22159 [26:03:44 > 6:01:14]
SOAP:  18%|█▊        | 3960/22159 [26:06:44 > 6:01:19]
SOAP:  18%|█▊        | 3961/22159 [26:13:38 > 6:01:24]
SOAP:  18%|█▊        | 3962/22159 [26:28:57 > 6:01:29]
SOAP:  18%|█▊        | 3963/22159 [26:53:50 > 6:01:35]
SOAP:  18%|█▊        | 3964/22159 [28:18:58 > 6:01:41]
SOAP:  18%|█▊        | 3965/22159 [29:58:17 > 6:01:48]
SOAP:  18%|█▊        | 3966/22159 [23:26:20 > 6:01:49]
SOAP:  18%|█▊        | 3967/22159 [30:50:45 > 6:01:59]
SOAP:  18%|█▊        | 3968/22159 [29:30:34 > 6:02:04]
SOAP:  18%|█▊        | 3969/22159 [28:41:05 > 6:02:09]
SOAP:  18%|█▊        | 3970/22159 [27:29:29 > 6:02:14]
SOAP:  18%|█▊        | 3971/22159 [27:38:53 > 6:02:20]
SOAP:  18%|█▊        | 3972/22159 [23:33:17 > 6:02:23]
SOAP:  18%|█▊        | 3973/22159 [26:04:48 > 6:02:29]
SOAP:  18%|█▊        | 3974/22159 [26:37:16 > 6:02:35]
SOAP:  18%|█▊        | 3975/22159 [27:30:20 > 6:02:40]
SOAP:  18%|█▊        | 3976/22159 [29:08:22 > 6:02:47]
SOAP:  18%|█▊        | 3977/22159 [26:44:46 > 6:02:51]
SOAP:  18%|█▊        | 3978/22159 [30:47:21 > 6:02:59]
SOAP:  18%|█▊        | 3979/22159 [30:58:12 > 6:03:05]
SOAP:  18%|█▊        | 3980/22159 [28:59:18 > 6:03:10]
SOAP:  18%|█▊        | 3981/22159 [30:11:42 > 6:03:17]
SOAP:  18%|█▊        | 3982/22159 [28:14:32 > 6:03:21]
SOAP:  18%|█▊        | 3983/22159 [27:14:51 > 6:03:26]
SOAP:  18%|█▊        | 3984/22159 [26:14:56 > 6:03:31]
SOAP:  18%|█▊        | 3985/22159 [26:52:49 > 6:03:37]
SOAP:  18%|█▊        | 3986/22159 [24:54:10 > 6:03:41]
SOAP:  18%|█▊        | 3987/22159 [25:51:21 > 6:03:46]
SOAP:  18%|█▊        | 3988/22159 [23:51:03 > 6:03:50]
SOAP:  18%|█▊        | 3989/22159 [28:37:49 > 6:03:58]
SOAP:  18%|█▊        | 3990/22159 [29:48:30 > 6:04:04]
SOAP:  18%|█▊        | 3991/22159 [30:32:13 > 6:04:11]
SOAP:  18%|█▊        | 3992/22159 [29:53:51 > 6:04:16]
SOAP:  18%|█▊        | 3993/22159 [28:45:43 > 6:04:22]
SOAP:  18%|█▊        | 3994/22159 [28:15:02 > 6:04:27]
SOAP:  18%|█▊        | 3995/22159 [22:01:13 > 6:04:28]
SOAP:  18%|█▊        | 3996/22159 [27:34:58 > 6:04:36]
SOAP:  18%|█▊        | 3997/22159 [25:59:02 > 6:04:41]
SOAP:  18%|█▊        | 3998/22159 [25:41:35 > 6:04:46]
SOAP:  18%|█▊        | 3999/22159 [26:33:37 > 6:04:51]
SOAP:  18%|█▊        | 4000/22159 [21:28:43 > 6:04:53]
SOAP:  18%|█▊        | 4001/22159 [31:52:39 > 6:05:05]
SOAP:  18%|█▊        | 4002/22159 [30:51:07 > 6:05:10]
SOAP:  18%|█▊        | 4003/22159 [30:55:13 > 6:05:16]
SOAP:  18%|█▊        | 4004/22159 [31:03:07 > 6:05:23]
SOAP:  18%|█▊        | 4005/22159 [29:44:13 > 6:05:28]
SOAP:  18%|█▊        | 4006/22159 [28:36:36 > 6:05:33]
SOAP:  18%|█▊        | 4007/22159 [27:41:54 > 6:05:38]
SOAP:  18%|█▊        | 4008/22159 [26:53:12 > 6:05:43]
SOAP:  18%|█▊        | 4009/22159 [26:08:12 > 6:05:48]
SOAP:  18%|█▊        | 4010/22159 [26:10:33 > 6:05:53]
SOAP:  18%|█▊        | 4011/22159 [26:16:23 > 6:05:58]
SOAP:  18%|█▊        | 4012/22159 [26:20:29 > 6:06:04]
SOAP:  18%|█▊        | 4013/22159 [26:44:45 > 6:06:09]
SOAP:  18%|█▊        | 4014/22159 [24:27:55 > 6:06:13]
SOAP:  18%|█▊        | 4015/22159 [30:53:53 > 6:06:22]
SOAP:  18%|█▊        | 4016/22159 [29:28:53 > 6:06:27]
SOAP:  18%|█▊        | 4017/22159 [29:36:44 > 6:06:33]
SOAP:  18%|█▊        | 4018/22159 [28:39:43 > 6:06:38]
SOAP:  18%|█▊        | 4019/22159 [28:12:31 > 6:06:44]
SOAP:  18%|█▊        | 4020/22159 [27:07:20 > 6:06:49]
SOAP:  18%|█▊        | 4021/22159 [27:20:50 > 6:06:54]
SOAP:  18%|█▊        | 4022/22159 [25:23:42 > 6:06:58]
SOAP:  18%|█▊        | 4023/22159 [20:31:54 > 6:07:00]
SOAP:  18%|█▊        | 4024/22159 [21:59:48 > 6:07:05]
SOAP:  18%|█▊        | 4025/22159 [29:39:56 > 6:07:15]
SOAP:  18%|█▊        | 4026/22159 [30:37:22 > 6:07:21]
SOAP:  18%|█▊        | 4027/22159 [30:00:57 > 6:07:27]
SOAP:  18%|█▊        | 4028/22159 [30:45:15 > 6:07:33]
SOAP:  18%|█▊        | 4029/22159 [30:57:29 > 6:07:40]
SOAP:  18%|█▊        | 4030/22159 [28:58:08 > 6:07:44]
SOAP:  18%|█▊        | 4031/22159 [30:06:33 > 6:07:51]
SOAP:  18%|█▊        | 4032/22159 [28:10:33 > 6:07:56]
SOAP:  18%|█▊        | 4033/22159 [27:09:08 > 6:08:00]
SOAP:  18%|█▊        | 4034/22159 [26:14:05 > 6:08:05]
SOAP:  18%|█▊        | 4035/22159 [26:56:29 > 6:08:11]
SOAP:  18%|█▊        | 4036/22159 [24:52:53 > 6:08:15]
SOAP:  18%|█▊        | 4037/22159 [25:44:05 > 6:08:20]
SOAP:  18%|█▊        | 4038/22159 [20:12:28 > 6:08:22]
SOAP:  18%|█▊        | 4039/22159 [29:32:07 > 6:08:32]
SOAP:  18%|█▊        | 4040/22159 [30:19:20 > 6:08:38]
SOAP:  18%|█▊        | 4041/22159 [23:48:47 > 6:08:40]
SOAP:  18%|█▊        | 4042/22159 [32:17:54 > 6:08:51]
SOAP:  18%|█▊        | 4043/22159 [30:25:58 > 6:08:56]
SOAP:  18%|█▊        | 4044/22159 [29:20:15 > 6:09:01]
SOAP:  18%|█▊        | 4045/22159 [28:31:59 > 6:09:06]
SOAP:  18%|█▊        | 4046/22159 [26:19:41 > 6:09:11]
SOAP:  18%|█▊        | 4047/22159 [20:23:13 > 6:09:12]
SOAP:  18%|█▊        | 4048/22159 [20:58:32 > 6:09:16]
SOAP:  18%|█▊        | 4049/22159 [28:49:40 > 6:09:26]
SOAP:  18%|█▊        | 4050/22159 [28:49:01 > 6:09:31]
SOAP:  18%|█▊        | 4051/22159 [31:16:42 > 6:09:39]
SOAP:  18%|█▊        | 4052/22159 [30:25:37 > 6:09:44]
SOAP:  18%|█▊        | 4053/22159 [30:30:25 > 6:09:51]
SOAP:  18%|█▊        | 4054/22159 [30:33:00 > 6:09:57]
SOAP:  18%|█▊        | 4055/22159 [23:33:13 > 6:09:58]
SOAP:  18%|█▊        | 4056/22159 [29:36:05 > 6:10:07]
SOAP:  18%|█▊        | 4057/22159 [28:31:21 > 6:10:12]
SOAP:  18%|█▊        | 4058/22159 [27:27:20 > 6:10:17]
SOAP:  18%|█▊        | 4059/22159 [21:50:58 > 6:10:19]
SOAP:  18%|█▊        | 4060/22159 [27:44:48 > 6:10:27]
SOAP:  18%|█▊        | 4061/22159 [27:16:43 > 6:10:32]
SOAP:  18%|█▊        | 4062/22159 [27:03:10 > 6:10:37]
SOAP:  18%|█▊        | 4063/22159 [27:12:34 > 6:10:43]
SOAP:  18%|█▊        | 4064/22159 [28:24:44 > 6:10:49]
SOAP:  18%|█▊        | 4065/22159 [30:01:23 > 6:10:56]
SOAP:  18%|█▊        | 4066/22159 [28:49:27 > 6:11:01]
SOAP:  18%|█▊        | 4067/22159 [29:03:32 > 6:11:07]
SOAP:  18%|█▊        | 4068/22159 [28:13:25 > 6:11:12]
SOAP:  18%|█▊        | 4069/22159 [27:47:57 > 6:11:17]
SOAP:  18%|█▊        | 4070/22159 [22:12:05 > 6:11:19]
SOAP:  18%|█▊        | 4071/22159 [28:29:40 > 6:11:28]
SOAP:  18%|█▊        | 4072/22159 [26:09:22 > 6:11:32]
SOAP:  18%|█▊        | 4073/22159 [25:51:52 > 6:11:37]
SOAP:  18%|█▊        | 4074/22159 [26:27:16 > 6:11:43]
SOAP:  18%|█▊        | 4075/22159 [27:14:25 > 6:11:48]
SOAP:  18%|█▊        | 4076/22159 [28:56:15 > 6:11:55]
SOAP:  18%|█▊        | 4077/22159 [22:45:57 > 6:11:57]
SOAP:  18%|█▊        | 4078/22159 [25:04:37 > 6:12:03]
SOAP:  18%|█▊        | 4079/22159 [33:36:11 > 6:12:13]
SOAP:  18%|█▊        | 4080/22159 [25:54:42 > 6:12:15]
SOAP:  18%|█▊        | 4081/22159 [32:49:20 > 6:12:25]
SOAP:  18%|█▊        | 4082/22159 [29:58:40 > 6:12:29]
SOAP:  18%|█▊        | 4083/22159 [28:23:06 > 6:12:34]
SOAP:  18%|█▊        | 4084/22159 [27:04:25 > 6:12:39]
SOAP:  18%|█▊        | 4085/22159 [27:24:59 > 6:12:45]
SOAP:  18%|█▊        | 4086/22159 [25:14:03 > 6:12:49]
SOAP:  18%|█▊        | 4087/22159 [26:00:36 > 6:12:54]
SOAP:  18%|█▊        | 4088/22159 [26:23:59 > 6:13:00]
SOAP:  18%|█▊        | 4089/22159 [28:02:12 > 6:13:06]
SOAP:  18%|█▊        | 4090/22159 [29:18:55 > 6:13:12]
SOAP:  18%|█▊        | 4091/22159 [30:07:02 > 6:13:19]
SOAP:  18%|█▊        | 4092/22159 [29:33:30 > 6:13:24]
SOAP:  18%|█▊        | 4093/22159 [28:11:33 > 6:13:29]
SOAP:  18%|█▊        | 4094/22159 [23:07:36 > 6:13:32]
SOAP:  18%|█▊        | 4095/22159 [29:05:10 > 6:13:40]
SOAP:  18%|█▊        | 4096/22159 [26:43:09 > 6:13:44]
SOAP:  18%|█▊        | 4097/22159 [25:23:01 > 6:13:49]
SOAP:  18%|█▊        | 4098/22159 [25:14:06 > 6:13:54]
SOAP:  18%|█▊        | 4099/22159 [26:17:42 > 6:13:59]
SOAP:  19%|█▊        | 4100/22159 [26:58:48 > 6:14:05]
SOAP:  19%|█▊        | 4101/22159 [30:00:32 > 6:14:13]
SOAP:  19%|█▊        | 4102/22159 [29:32:24 > 6:14:18]
SOAP:  19%|█▊        | 4103/22159 [29:58:45 > 6:14:24]
SOAP:  19%|█▊        | 4104/22159 [30:17:27 > 6:14:31]
SOAP:  19%|█▊        | 4105/22159 [27:37:51 > 6:14:35]
SOAP:  19%|█▊        | 4106/22159 [28:28:51 > 6:14:41]
SOAP:  19%|█▊        | 4107/22159 [27:32:46 > 6:14:46]
SOAP:  19%|█▊        | 4108/22159 [26:47:52 > 6:14:51]
SOAP:  19%|█▊        | 4109/22159 [25:56:57 > 6:14:56]
SOAP:  19%|█▊        | 4110/22159 [25:55:10 > 6:15:01]
SOAP:  19%|█▊        | 4111/22159 [25:59:40 > 6:15:06]
SOAP:  19%|█▊        | 4112/22159 [26:14:06 > 6:15:12]
SOAP:  19%|█▊        | 4113/22159 [26:32:14 > 6:15:17]
SOAP:  19%|█▊        | 4114/22159 [27:49:56 > 6:15:23]
SOAP:  19%|█▊        | 4115/22159 [29:36:43 > 6:15:30]
SOAP:  19%|█▊        | 4116/22159 [28:29:39 > 6:15:35]
SOAP:  19%|█▊        | 4117/22159 [28:55:57 > 6:15:41]
SOAP:  19%|█▊        | 4118/22159 [28:15:46 > 6:15:46]
SOAP:  19%|█▊        | 4119/22159 [27:49:50 > 6:15:52]
SOAP:  19%|█▊        | 4120/22159 [21:57:00 > 6:15:53]
SOAP:  19%|█▊        | 4121/22159 [28:30:24 > 6:16:02]
SOAP:  19%|█▊        | 4122/22159 [26:10:10 > 6:16:06]
SOAP:  19%|█▊        | 4123/22159 [25:49:05 > 6:16:11]
SOAP:  19%|█▊        | 4124/22159 [26:25:58 > 6:16:17]
SOAP:  19%|█▊        | 4125/22159 [27:18:18 > 6:16:23]
SOAP:  19%|█▊        | 4126/22159 [28:56:34 > 6:16:29]
SOAP:  19%|█▊        | 4127/22159 [29:16:27 > 6:16:35]
SOAP:  19%|█▊        | 4128/22159 [29:42:09 > 6:16:41]
SOAP:  19%|█▊        | 4129/22159 [30:08:19 > 6:16:48]
SOAP:  19%|█▊        | 4130/22159 [27:20:14 > 6:16:52]
SOAP:  19%|█▊        | 4131/22159 [30:00:17 > 6:16:59]
SOAP:  19%|█▊        | 4132/22159 [28:02:43 > 6:17:04]
SOAP:  19%|█▊        | 4133/22159 [27:02:22 > 6:17:09]
SOAP:  19%|█▊        | 4134/22159 [26:07:18 > 6:17:13]
SOAP:  19%|█▊        | 4135/22159 [26:41:00 > 6:17:19]
SOAP:  19%|█▊        | 4136/22159 [24:39:59 > 6:17:23]
SOAP:  19%|█▊        | 4137/22159 [25:36:19 > 6:17:28]
SOAP:  19%|█▊        | 4138/22159 [26:03:10 > 6:17:34]
SOAP:  19%|█▊        | 4139/22159 [27:38:26 > 6:17:40]
SOAP:  19%|█▊        | 4140/22159 [26:44:52 > 6:17:45]
SOAP:  19%|█▊        | 4141/22159 [30:21:24 > 6:17:53]
SOAP:  19%|█▊        | 4142/22159 [29:42:22 > 6:17:58]
SOAP:  19%|█▊        | 4143/22159 [28:36:43 > 6:18:04]
SOAP:  19%|█▊        | 4144/22159 [28:02:15 > 6:18:09]
SOAP:  19%|█▊        | 4145/22159 [27:36:19 > 6:18:14]
SOAP:  19%|█▊        | 4146/22159 [25:35:38 > 6:18:18]
SOAP:  19%|█▊        | 4147/22159 [24:33:39 > 6:18:23]
SOAP:  19%|█▊        | 4148/22159 [24:38:33 > 6:18:28]
SOAP:  19%|█▊        | 4149/22159 [25:50:42 > 6:18:34]
SOAP early stopping at step 4150/22159: total loss unchanged for 150 steps (best=1.078779e-02).

SOAP:  19%|█▊        | 4149/22159 [27:23:42 > 6:18:39]
Training saved: C:\Ali Computation\pinn\code\heterogeneous\pino_heterogeneous\results\exp_X6_soap_K100_N500_5zoneonly_w64_float64_s2234567\pino_heterogeneous_concentration.png C:\Ali Computation\pinn\code\heterogeneous\pino_heterogeneous\results\exp_X6_soap_K100_N500_5zoneonly_w64_float64_s2234567\pino_heterogeneous_loss.png C:\Ali Computation\pinn\code\heterogeneous\pino_heterogeneous\results\exp_X6_soap_K100_N500_5zoneonly_w64_float64_s2234567\pino_heterogeneous_model.pt
COMSOL validation: 81 media -> C:\Ali Computation\pinn\code\heterogeneous\pino_heterogeneous\results\exp_X6_soap_K100_N500_5zoneonly_w64_float64_s2234567\comsol_validation  (x* collocation n=86)

COMSOL vs PINO:   0%|          | 0/81 [00:00<?, ?it/s]
COMSOL vs PINO:   1%|          | 1/81 [00:01<01:24,  1.06s/it]
COMSOL vs PINO:   2%|▏         | 2/81 [00:02<01:23,  1.06s/it]
COMSOL vs PINO:   4%|▎         | 3/81 [00:03<01:22,  1.06s/it]
COMSOL vs PINO:   5%|▍         | 4/81 [00:04<01:21,  1.06s/it]
COMSOL vs PINO:   6%|▌         | 5/81 [00:05<01:27,  1.15s/it]
COMSOL vs PINO:   7%|▋         | 6/81 [00:06<01:23,  1.12s/it]
COMSOL vs PINO:   9%|▊         | 7/81 [00:07<01:21,  1.10s/it]
COMSOL vs PINO:  10%|▉         | 8/81 [00:08<01:19,  1.09s/it]
COMSOL vs PINO:  11%|█         | 9/81 [00:09<01:17,  1.08s/it]
COMSOL vs PINO:  12%|█▏        | 10/81 [00:10<01:16,  1.08s/it]
COMSOL vs PINO:  14%|█▎        | 11/81 [00:11<01:15,  1.07s/it]
COMSOL vs PINO:  15%|█▍        | 12/81 [00:12<01:13,  1.07s/it]
COMSOL vs PINO:  16%|█▌        | 13/81 [00:14<01:12,  1.07s/it]
COMSOL vs PINO:  17%|█▋        | 14/81 [00:15<01:11,  1.07s/it]
COMSOL vs PINO:  19%|█▊        | 15/81 [00:16<01:10,  1.07s/it]
COMSOL vs PINO:  20%|█▉        | 16/81 [00:17<01:09,  1.07s/it]
COMSOL vs PINO:  21%|██        | 17/81 [00:18<01:08,  1.06s/it]
COMSOL vs PINO:  22%|██▏       | 18/81 [00:19<01:06,  1.06s/it]
COMSOL vs PINO:  23%|██▎       | 19/81 [00:20<01:05,  1.06s/it]
COMSOL vs PINO:  25%|██▍       | 20/81 [00:21<01:11,  1.17s/it]
COMSOL vs PINO:  26%|██▌       | 21/81 [00:22<01:08,  1.14s/it]
COMSOL vs PINO:  27%|██▋       | 22/81 [00:23<01:05,  1.12s/it]
COMSOL vs PINO:  28%|██▊       | 23/81 [00:25<01:03,  1.10s/it]
COMSOL vs PINO:  30%|██▉       | 24/81 [00:26<01:02,  1.09s/it]
COMSOL vs PINO:  31%|███       | 25/81 [00:27<01:00,  1.09s/it]
COMSOL vs PINO:  32%|███▏      | 26/81 [00:28<00:59,  1.08s/it]
COMSOL vs PINO:  33%|███▎      | 27/81 [00:29<00:58,  1.08s/it]
COMSOL vs PINO:  35%|███▍      | 28/81 [00:30<00:56,  1.07s/it]
COMSOL vs PINO:  36%|███▌      | 29/81 [00:31<00:55,  1.07s/it]
COMSOL vs PINO:  37%|███▋      | 30/81 [00:32<00:54,  1.08s/it]
COMSOL vs PINO:  38%|███▊      | 31/81 [00:33<00:54,  1.08s/it]
COMSOL vs PINO:  40%|███▉      | 32/81 [00:34<00:53,  1.08s/it]
COMSOL vs PINO:  41%|████      | 33/81 [00:36<00:56,  1.17s/it]
COMSOL vs PINO:  42%|████▏     | 34/81 [00:37<00:53,  1.14s/it]
COMSOL vs PINO:  43%|████▎     | 35/81 [00:38<00:51,  1.12s/it]
COMSOL vs PINO:  44%|████▍     | 36/81 [00:39<00:49,  1.11s/it]
COMSOL vs PINO:  46%|████▌     | 37/81 [00:40<00:48,  1.09s/it]
COMSOL vs PINO:  47%|████▋     | 38/81 [00:41<00:46,  1.08s/it]
COMSOL vs PINO:  48%|████▊     | 39/81 [00:42<00:45,  1.08s/it]
COMSOL vs PINO:  49%|████▉     | 40/81 [00:43<00:43,  1.07s/it]
COMSOL vs PINO:  51%|█████     | 41/81 [00:44<00:42,  1.07s/it]
COMSOL vs PINO:  52%|█████▏    | 42/81 [00:45<00:41,  1.08s/it]
COMSOL vs PINO:  53%|█████▎    | 43/81 [00:46<00:41,  1.09s/it]
COMSOL vs PINO:  54%|█████▍    | 44/81 [00:47<00:40,  1.09s/it]
COMSOL vs PINO:  56%|█████▌    | 45/81 [00:48<00:39,  1.08s/it]
COMSOL vs PINO:  57%|█████▋    | 46/81 [00:50<00:38,  1.10s/it]
COMSOL vs PINO:  58%|█████▊    | 47/81 [00:51<00:37,  1.10s/it]
COMSOL vs PINO:  59%|█████▉    | 48/81 [00:52<00:39,  1.19s/it]
COMSOL vs PINO:  60%|██████    | 49/81 [00:53<00:36,  1.16s/it]
COMSOL vs PINO:  62%|██████▏   | 50/81 [00:54<00:34,  1.13s/it]
COMSOL vs PINO:  63%|██████▎   | 51/81 [00:55<00:33,  1.11s/it]
COMSOL vs PINO:  64%|██████▍   | 52/81 [00:56<00:31,  1.10s/it]
COMSOL vs PINO:  65%|██████▌   | 53/81 [00:57<00:30,  1.09s/it]
COMSOL vs PINO:  67%|██████▋   | 54/81 [00:59<00:29,  1.08s/it]
COMSOL vs PINO:  68%|██████▊   | 55/81 [01:00<00:28,  1.08s/it]
COMSOL vs PINO:  69%|██████▉   | 56/81 [01:01<00:27,  1.08s/it]
COMSOL vs PINO:  70%|███████   | 57/81 [01:02<00:26,  1.08s/it]
COMSOL vs PINO:  72%|███████▏  | 58/81 [01:03<00:24,  1.09s/it]
COMSOL vs PINO:  73%|███████▎  | 59/81 [01:04<00:24,  1.10s/it]
COMSOL vs PINO:  74%|███████▍  | 60/81 [01:05<00:23,  1.10s/it]
COMSOL vs PINO:  75%|███████▌  | 61/81 [01:06<00:21,  1.09s/it]
COMSOL vs PINO:  77%|███████▋  | 62/81 [01:08<00:22,  1.18s/it]
COMSOL vs PINO:  78%|███████▊  | 63/81 [01:09<00:20,  1.15s/it]
COMSOL vs PINO:  79%|███████▉  | 64/81 [01:10<00:19,  1.13s/it]
COMSOL vs PINO:  80%|████████  | 65/81 [01:11<00:17,  1.11s/it]
COMSOL vs PINO:  81%|████████▏ | 66/81 [01:12<00:16,  1.10s/it]
COMSOL vs PINO:  83%|████████▎ | 67/81 [01:13<00:15,  1.09s/it]
COMSOL vs PINO:  84%|████████▍ | 68/81 [01:14<00:14,  1.09s/it]
COMSOL vs PINO:  85%|████████▌ | 69/81 [01:15<00:13,  1.09s/it]
COMSOL vs PINO:  86%|████████▋ | 70/81 [01:16<00:11,  1.08s/it]
COMSOL vs PINO:  88%|████████▊ | 71/81 [01:17<00:10,  1.07s/it]
COMSOL vs PINO:  89%|████████▉ | 72/81 [01:18<00:09,  1.07s/it]
COMSOL vs PINO:  90%|█████████ | 73/81 [01:19<00:08,  1.07s/it]
COMSOL vs PINO:  91%|█████████▏| 74/81 [01:20<00:07,  1.08s/it]
COMSOL vs PINO:  93%|█████████▎| 75/81 [01:22<00:07,  1.18s/it]
COMSOL vs PINO:  94%|█████████▍| 76/81 [01:23<00:05,  1.15s/it]
COMSOL vs PINO:  95%|█████████▌| 77/81 [01:24<00:04,  1.13s/it]
COMSOL vs PINO:  96%|█████████▋| 78/81 [01:25<00:03,  1.11s/it]
COMSOL vs PINO:  98%|█████████▊| 79/81 [01:26<00:02,  1.10s/it]
COMSOL vs PINO:  99%|█████████▉| 80/81 [01:27<00:01,  1.09s/it]
COMSOL vs PINO: 100%|██████████| 81/81 [01:28<00:00,  1.09s/it]
COMSOL vs PINO: 100%|██████████| 81/81 [01:28<00:00,  1.10s/it]
COMSOL validation summary: n=81  mean=3.153403e-02  max=6.805432e-02  min=1.110311e-02
Wrote C:\Ali Computation\pinn\code\heterogeneous\pino_heterogeneous\results\exp_X6_soap_K100_N500_5zoneonly_w64_float64_s2234567\comsol_validation\comsol_validation_summary.csv
Run metadata: C:\Ali Computation\pinn\code\heterogeneous\pino_heterogeneous\results\exp_X6_soap_K100_N500_5zoneonly_w64_float64_s2234567\run_meta.json
Wall-clock train: 22720.9 s
Wall-clock validation: 88.9 s
Wall-clock total: 22822.9 s  device=cuda

# exit 0 after 6:20:28.367936
