# code/heterogeneous/pino_heterogeneous/pinn1d_heterogeneous_parametric_neural_operator.py --design grf --n-sensors 100 --n-grf 0 --n-piecewise-per-zones 500 --piecewise-zone-counts 5 --min-zone-frac 0.1 --arch w64 --dtype float64 --early-stop-patience 150 --seed 3234567 --optimizer soap --soap-lr 3e-3 --soap-betas 0.95,0.95 --soap-weight-decay 0.01 --soap-precond-freq 100 --soap-iso-compute-twin results/exp_X5_5zoneonly_K100_N500_w64_float64_lbfgs1000_maxiter20 --out-dir results/exp_X6_soap_K100_N500_5zoneonly_w64_float64_s3234567
# started 2026-07-05 17:35:08
# cwd C:\Ali Computation\pinn\code\heterogeneous\pino_heterogeneous

Using GPU: NVIDIA GeForce RTX 3090 (cuda:0, dtype=torch.float64)
PE (computed) = 0.010368
design=grf  media_mode=grf  branch_mode=sensor  optimizer=soap  n_train_requested=500  n_corner_anchors=16  arch=w64  batch_mode=True
branch=[100, 64, 64, 64]  trunk=[2, 64, 64, 64, 64]
results_dir=C:\Ali Computation\pinn\code\heterogeneous\pino_heterogeneous\results\exp_X6_soap_K100_N500_5zoneonly_w64_float64_s3234567
Training: 500 piecewise (500 for zones [5]), min_zone_frac=0.1 = 500 total; branch_mode=sensor, K=100 sensors, grid_n=201
  saved/loaded: C:\Ali Computation\pinn\code\heterogeneous\pino_heterogeneous\results\exp_X6_soap_K100_N500_5zoneonly_w64_float64_s3234567\train_grf_cases.npz
  branch CFL range [0.120143, 0.599552]
PDE mesh: bulk 50x50x500 (no interface bands in GRF mode)
COMSOL validation: 81 fixed grid cases from comsol_4zones.txt -> C:\Ali Computation\pinn\code\heterogeneous\pino_heterogeneous\results\exp_X6_soap_K100_N500_5zoneonly_w64_float64_s3234567\comsol_validation
run_training=True  run_comsol_validation=True  validate_only=False  skip_validation_plots=False
SOAP iso-compute: twin=results/exp_X5_5zoneonly_K100_N500_w64_float64_lbfgs1000_maxiter20  probe_epochs=200  (epoch budget set after probe)
PDE collocation points: 1,250,000 (bulk 1,250,000, interface 0)
Collocation mesh plot (pre-train): C:\Ali Computation\pinn\code\heterogeneous\pino_heterogeneous\results\exp_X6_soap_K100_N500_5zoneonly_w64_float64_s3234567\pino_heterogeneous_collocation_points.png
SOAP iso-compute: twin=results/exp_X5_5zoneonly_K100_N500_w64_float64_lbfgs1000_maxiter20  target_train_wall=121387.3s  probe_epochs=200
SOAP(lr=0.003, betas=(0.95, 0.95), weight_decay=0.01, precond_freq=100)  epoch_budget=200
SOAP early stopping: patience=150 steps (no total-loss improvement, rtol=1e-12)

SOAP:   0%|          | 0/200 [? > 00:00]
SOAP:   0%|          | 1/200 [25:42 > 00:07]
SOAP:   1%|          | 2/200 [21:23 > 00:13]
SOAP:   2%|▏         | 3/200 [20:40 > 00:19]
SOAP:   2%|▏         | 4/200 [20:21 > 00:25]
SOAP:   2%|▎         | 5/200 [17:06 > 00:29]
SOAP:   3%|▎         | 6/200 [18:40 > 00:35]
SOAP:   4%|▎         | 7/200 [17:45 > 00:40]
SOAP:   4%|▍         | 8/200 [17:04 > 00:45]
SOAP:   4%|▍         | 9/200 [16:29 > 00:50]
SOAP:   5%|▌         | 10/200 [16:24 > 00:55]
SOAP:   6%|▌         | 11/200 [16:23 > 01:01]
SOAP:   6%|▌         | 12/200 [16:23 > 01:06]
SOAP:   6%|▋         | 13/200 [16:34 > 01:11]
SOAP:   7%|▋         | 14/200 [17:20 > 01:18]
SOAP:   8%|▊         | 15/200 [18:15 > 01:24]
SOAP:   8%|▊         | 16/200 [16:34 > 01:29]
SOAP:   8%|▊         | 17/200 [16:10 > 01:34]
SOAP:   9%|▉         | 18/200 [17:36 > 01:41]
SOAP:  10%|▉         | 19/200 [17:03 > 01:46]
SOAP:  10%|█         | 20/200 [16:11 > 01:51]
SOAP:  10%|█         | 21/200 [16:12 > 01:56]
SOAP:  11%|█         | 22/200 [13:26 > 01:59]
SOAP:  12%|█▏        | 23/200 [12:16 > 02:02]
SOAP:  12%|█▏        | 24/200 [13:01 > 02:07]
SOAP:  12%|█▎        | 25/200 [16:17 > 02:15]
SOAP:  13%|█▎        | 26/200 [18:13 > 02:23]
SOAP:  14%|█▎        | 27/200 [17:54 > 02:29]
SOAP:  14%|█▍        | 28/200 [17:44 > 02:35]
SOAP:  14%|█▍        | 29/200 [17:43 > 02:42]
SOAP:  15%|█▌        | 30/200 [15:27 > 02:45]
SOAP:  16%|█▌        | 31/200 [17:06 > 02:53]
SOAP:  16%|█▌        | 32/200 [15:47 > 02:57]
SOAP:  16%|█▋        | 33/200 [15:03 > 03:02]
SOAP:  17%|█▋        | 34/200 [14:26 > 03:07]
SOAP:  18%|█▊        | 35/200 [14:39 > 03:13]
SOAP:  18%|█▊        | 36/200 [13:21 > 03:17]
SOAP:  18%|█▊        | 37/200 [13:49 > 03:22]
SOAP:  19%|█▉        | 38/200 [14:01 > 03:28]
SOAP:  20%|█▉        | 39/200 [14:46 > 03:34]
SOAP:  20%|██        | 40/200 [15:25 > 03:40]
SOAP:  20%|██        | 41/200 [12:07 > 03:42]
SOAP:  21%|██        | 42/200 [16:33 > 03:52]
SOAP:  22%|██▏       | 43/200 [12:41 > 03:54]
SOAP:  22%|██▏       | 44/200 [15:51 > 04:03]
SOAP:  22%|██▎       | 45/200 [15:07 > 04:08]
SOAP:  23%|██▎       | 46/200 [13:43 > 04:12]
SOAP:  24%|██▎       | 47/200 [12:57 > 04:17]
SOAP:  24%|██▍       | 48/200 [12:47 > 04:22]
SOAP:  24%|██▍       | 49/200 [13:11 > 04:27]
SOAP:  25%|██▌       | 50/200 [13:28 > 04:33]
SOAP:  26%|██▌       | 51/200 [14:52 > 04:40]
SOAP:  26%|██▌       | 52/200 [14:30 > 04:46]
SOAP:  26%|██▋       | 53/200 [14:34 > 04:52]
SOAP:  27%|██▋       | 54/200 [14:38 > 04:58]
SOAP:  28%|██▊       | 55/200 [12:48 > 05:02]
SOAP:  28%|██▊       | 56/200 [13:44 > 05:09]
SOAP:  28%|██▊       | 57/200 [13:11 > 05:14]
SOAP:  29%|██▉       | 58/200 [12:41 > 05:19]
SOAP:  30%|██▉       | 59/200 [12:15 > 05:24]
SOAP:  30%|███       | 60/200 [12:08 > 05:29]
SOAP:  30%|███       | 61/200 [12:04 > 05:34]
SOAP:  31%|███       | 62/200 [12:03 > 05:39]
SOAP:  32%|███▏      | 63/200 [12:10 > 05:45]
SOAP:  32%|███▏      | 64/200 [11:01 > 05:49]
SOAP:  32%|███▎      | 65/200 [13:49 > 05:58]
SOAP:  33%|███▎      | 66/200 [13:03 > 06:03]
SOAP:  34%|███▎      | 67/200 [13:01 > 06:09]
SOAP:  34%|███▍      | 68/200 [12:31 > 06:14]
SOAP:  34%|███▍      | 69/200 [12:12 > 06:20]
SOAP:  35%|███▌      | 70/200 [11:37 > 06:24]
SOAP:  36%|███▌      | 71/200 [11:39 > 06:30]
SOAP:  36%|███▌      | 72/200 [10:44 > 06:34]
SOAP:  36%|███▋      | 73/200 [10:37 > 06:39]
SOAP:  37%|███▋      | 74/200 [10:53 > 06:45]
SOAP:  38%|███▊      | 75/200 [11:13 > 06:50]
SOAP:  38%|███▊      | 76/200 [08:50 > 06:52]
SOAP:  38%|███▊      | 77/200 [12:49 > 07:03]
SOAP:  39%|███▉      | 78/200 [12:39 > 07:09]
SOAP:  40%|███▉      | 79/200 [12:32 > 07:15]
SOAP:  40%|████      | 80/200 [11:38 > 07:20]
SOAP:  40%|████      | 81/200 [10:48 > 07:25]
SOAP:  41%|████      | 82/200 [11:21 > 07:31]
SOAP:  42%|████▏     | 83/200 [10:45 > 07:36]
SOAP:  42%|████▏     | 84/200 [10:11 > 07:41]
SOAP:  42%|████▎     | 85/200 [10:19 > 07:47]
SOAP:  43%|████▎     | 86/200 [09:26 > 07:51]
SOAP:  44%|████▎     | 87/200 [09:40 > 07:56]
SOAP:  44%|████▍     | 88/200 [09:41 > 08:02]
SOAP:  44%|████▍     | 89/200 [10:12 > 08:08]
SOAP:  45%|████▌     | 90/200 [10:38 > 08:14]
SOAP:  46%|████▌     | 91/200 [10:52 > 08:21]
SOAP:  46%|████▌     | 92/200 [10:37 > 08:26]
SOAP:  46%|████▋     | 93/200 [10:10 > 08:32]
SOAP:  47%|████▋     | 94/200 [09:54 > 08:37]
SOAP:  48%|████▊     | 95/200 [09:39 > 08:42]
SOAP:  48%|████▊     | 96/200 [08:52 > 08:47]
SOAP:  48%|████▊     | 97/200 [08:26 > 08:51]
SOAP:  49%|████▉     | 98/200 [08:20 > 08:56]
SOAP:  50%|████▉     | 99/200 [08:40 > 09:02]
SOAP:  50%|█████     | 100/200 [08:49 > 09:07]
SOAP:  50%|█████     | 101/200 [09:49 > 09:15]
SOAP:  51%|█████     | 102/200 [09:33 > 09:20]
SOAP:  52%|█████▏    | 103/200 [09:35 > 09:26]
SOAP:  52%|█████▏    | 104/200 [09:34 > 09:33]
SOAP:  52%|█████▎    | 105/200 [09:08 > 09:38]
SOAP:  53%|█████▎    | 106/200 [08:44 > 09:43]
SOAP:  54%|█████▎    | 107/200 [08:23 > 09:48]
SOAP:  54%|█████▍    | 108/200 [08:05 > 09:53]
SOAP:  55%|█████▍    | 109/200 [07:47 > 09:58]
SOAP:  55%|█████▌    | 110/200 [07:42 > 10:03]
SOAP:  56%|█████▌    | 111/200 [07:38 > 10:08]
SOAP:  56%|█████▌    | 112/200 [07:35 > 10:13]
SOAP:  56%|█████▋    | 113/200 [07:39 > 10:19]
SOAP:  57%|█████▋    | 114/200 [07:59 > 10:25]
SOAP:  57%|█████▊    | 115/200 [08:22 > 10:32]
SOAP:  58%|█████▊    | 116/200 [07:56 > 10:37]
SOAP:  58%|█████▊    | 117/200 [07:56 > 10:43]
SOAP:  59%|█████▉    | 118/200 [07:38 > 10:48]
SOAP:  60%|█████▉    | 119/200 [07:27 > 10:53]
SOAP:  60%|██████    | 120/200 [07:06 > 10:58]
SOAP:  60%|██████    | 121/200 [05:50 > 11:01]
SOAP:  61%|██████    | 122/200 [06:52 > 11:08]
SOAP:  62%|██████▏   | 123/200 [06:40 > 11:13]
SOAP:  62%|██████▏   | 124/200 [06:43 > 11:18]
SOAP:  62%|██████▎   | 125/200 [06:49 > 11:24]
SOAP:  63%|██████▎   | 126/200 [07:06 > 11:31]
SOAP:  64%|██████▎   | 127/200 [07:06 > 11:37]
SOAP:  64%|██████▍   | 128/200 [07:06 > 11:43]
SOAP:  64%|██████▍   | 129/200 [07:07 > 11:49]
SOAP:  65%|██████▌   | 130/200 [06:37 > 11:54]
SOAP:  66%|██████▌   | 131/200 [06:49 > 12:01]
SOAP:  66%|██████▌   | 132/200 [06:18 > 12:05]
SOAP:  66%|██████▋   | 133/200 [06:00 > 12:10]
SOAP:  67%|██████▋   | 134/200 [04:38 > 12:12]
SOAP:  68%|██████▊   | 135/200 [05:54 > 12:20]
SOAP:  68%|██████▊   | 136/200 [05:31 > 12:25]
SOAP:  68%|██████▊   | 137/200 [05:31 > 12:30]
SOAP:  69%|██████▉   | 138/200 [05:01 > 12:34]
SOAP:  70%|██████▉   | 139/200 [05:47 > 12:42]
SOAP:  70%|███████   | 140/200 [05:54 > 12:48]
SOAP:  70%|███████   | 141/200 [05:09 > 12:52]
SOAP:  71%|███████   | 142/200 [04:41 > 12:56]
SOAP:  72%|███████▏  | 143/200 [05:58 > 13:05]
SOAP:  72%|███████▏  | 144/200 [05:37 > 13:11]
SOAP:  72%|███████▎  | 145/200 [05:19 > 13:16]
SOAP:  73%|███████▎  | 146/200 [04:47 > 13:20]
SOAP:  74%|███████▎  | 147/200 [04:27 > 13:25]
SOAP:  74%|███████▍  | 148/200 [04:22 > 13:30]
SOAP:  74%|███████▍  | 149/200 [04:26 > 13:35]
SOAP:  75%|███████▌  | 150/200 [04:27 > 13:41]
SOAP:  76%|███████▌  | 151/200 [04:52 > 13:48]
SOAP:  76%|███████▌  | 152/200 [04:41 > 13:54]
SOAP:  76%|███████▋  | 153/200 [04:39 > 14:00]
SOAP:  77%|███████▋  | 154/200 [03:35 > 14:02]
SOAP:  78%|███████▊  | 155/200 [04:38 > 14:12]
SOAP:  78%|███████▊  | 156/200 [04:18 > 14:17]
SOAP:  78%|███████▊  | 157/200 [04:02 > 14:22]
SOAP:  79%|███████▉  | 158/200 [03:48 > 14:27]
SOAP:  80%|███████▉  | 159/200 [03:36 > 14:32]
SOAP:  80%|████████  | 160/200 [03:30 > 14:37]
SOAP:  80%|████████  | 161/200 [03:24 > 14:42]
SOAP:  81%|████████  | 162/200 [03:13 > 14:47]
SOAP:  82%|████████▏ | 163/200 [02:36 > 14:49]
SOAP:  82%|████████▏ | 164/200 [03:35 > 14:59]
SOAP:  82%|████████▎ | 165/200 [03:37 > 15:06]
SOAP:  83%|████████▎ | 166/200 [03:20 > 15:11]
SOAP:  84%|████████▎ | 167/200 [03:14 > 15:17]
SOAP:  84%|████████▍ | 168/200 [03:02 > 15:22]
SOAP:  84%|████████▍ | 169/200 [02:52 > 15:27]
SOAP:  85%|████████▌ | 170/200 [02:40 > 15:32]
SOAP:  86%|████████▌ | 171/200 [02:19 > 15:36]
SOAP:  86%|████████▌ | 172/200 [02:24 > 15:42]
SOAP:  86%|████████▋ | 173/200 [02:18 > 15:47]
SOAP:  87%|████████▋ | 174/200 [02:16 > 15:52]
SOAP:  88%|████████▊ | 175/200 [02:15 > 15:58]
SOAP:  88%|████████▊ | 176/200 [02:01 > 16:02]
SOAP:  88%|████████▊ | 177/200 [02:19 > 16:11]
SOAP:  89%|████████▉ | 178/200 [01:44 > 16:12]
SOAP:  90%|████████▉ | 179/200 [02:16 > 16:23]
SOAP:  90%|█████████ | 180/200 [01:57 > 16:27]
SOAP:  90%|█████████ | 181/200 [01:58 > 16:34]
SOAP:  91%|█████████ | 182/200 [01:25 > 16:36]
SOAP:  92%|█████████▏| 183/200 [01:21 > 16:41]
SOAP:  92%|█████████▏| 184/200 [01:32 > 16:49]
SOAP:  92%|█████████▎| 185/200 [01:25 > 16:54]
SOAP:  93%|█████████▎| 186/200 [01:12 > 16:58]
SOAP:  94%|█████████▎| 187/200 [01:08 > 17:04]
SOAP:  94%|█████████▍| 188/200 [01:04 > 17:09]
SOAP:  94%|█████████▍| 189/200 [01:01 > 17:16]
SOAP:  95%|█████████▌| 190/200 [00:58 > 17:22]
SOAP:  96%|█████████▌| 191/200 [00:54 > 17:29]
SOAP:  96%|█████████▌| 192/200 [00:47 > 17:34]
SOAP:  96%|█████████▋| 193/200 [00:39 > 17:39]
SOAP:  97%|█████████▋| 194/200 [00:33 > 17:45]
SOAP:  98%|█████████▊| 195/200 [00:27 > 17:50]
SOAP:  98%|█████████▊| 196/200 [00:20 > 17:54]
SOAP:  98%|█████████▊| 197/200 [00:14 > 17:58]
SOAP:  99%|█████████▉| 198/200 [00:09 > 18:03]
SOAP: 100%|█████████▉| 199/200 [00:05 > 18:09]
SOAP:   1%|          | 199/22162 [31:26:36 > 18:15]
SOAP iso-compute calibration: 200 probe epochs in 1095.5s (5.477s/epoch) -> budget 22162 epochs (~121387s twin train wall)

SOAP:   1%|          | 200/22162 [32:33:04 > 18:15]
SOAP:   1%|          | 201/22162 [33:39:28 > 18:21]
SOAP:   1%|          | 202/22162 [36:30:57 > 18:28]
SOAP:   1%|          | 203/22162 [36:49:31 > 18:34]
SOAP:   1%|          | 204/22162 [28:57:01 > 18:36]
SOAP:   1%|          | 205/22162 [38:01:32 > 18:46]
SOAP:   1%|          | 206/22162 [36:00:22 > 18:51]
SOAP:   1%|          | 207/22162 [34:27:20 > 18:56]
SOAP:   1%|          | 208/22162 [33:12:19 > 19:01]
SOAP:   1%|          | 209/22162 [32:07:14 > 19:06]
SOAP:   1%|          | 210/22162 [32:01:15 > 19:11]
SOAP:   1%|          | 211/22162 [31:58:21 > 19:16]
SOAP:   1%|          | 212/22162 [32:06:52 > 19:21]
SOAP:   1%|          | 213/22162 [32:34:17 > 19:27]
SOAP:   1%|          | 214/22162 [33:58:49 > 19:33]
SOAP:   1%|          | 215/22162 [36:05:42 > 19:40]
SOAP:   1%|          | 216/22162 [34:41:19 > 19:45]
SOAP:   1%|          | 217/22162 [35:07:29 > 19:51]
SOAP:   1%|          | 218/22162 [34:12:19 > 19:56]
SOAP:   1%|          | 219/22162 [33:41:46 > 20:01]
SOAP:   1%|          | 220/22162 [32:26:11 > 20:06]
SOAP:   1%|          | 221/22162 [25:16:25 > 20:08]
SOAP:   1%|          | 222/22162 [32:45:38 > 20:16]
SOAP:   1%|          | 223/22162 [32:04:00 > 20:21]
SOAP:   1%|          | 224/22162 [32:34:10 > 20:26]
SOAP:   1%|          | 225/22162 [33:23:23 > 20:32]
SOAP:   1%|          | 226/22162 [35:18:16 > 20:39]
SOAP:   1%|          | 227/22162 [35:46:03 > 20:45]
SOAP:   1%|          | 228/22162 [36:17:45 > 20:51]
SOAP:   1%|          | 229/22162 [36:50:55 > 20:57]
SOAP:   1%|          | 230/22162 [31:33:56 > 21:00]
SOAP:   1%|          | 231/22162 [37:02:19 > 21:09]
SOAP:   1%|          | 232/22162 [34:28:50 > 21:13]
SOAP:   1%|          | 233/22162 [33:06:31 > 21:18]
SOAP:   1%|          | 234/22162 [31:51:51 > 21:23]
SOAP:   1%|          | 235/22162 [32:38:59 > 21:29]
SOAP:   1%|          | 236/22162 [30:08:57 > 21:33]
SOAP:   1%|          | 237/22162 [31:16:11 > 21:38]
SOAP:   1%|          | 238/22162 [31:44:41 > 21:43]
SOAP:   1%|          | 239/22162 [33:37:36 > 21:50]
SOAP:   1%|          | 240/22162 [35:15:16 > 21:56]
SOAP:   1%|          | 241/22162 [36:20:50 > 22:03]
SOAP:   1%|          | 242/22162 [35:52:17 > 22:08]
SOAP:   1%|          | 243/22162 [34:41:28 > 22:13]
SOAP:   1%|          | 244/22162 [33:54:42 > 22:19]
SOAP:   1%|          | 245/22162 [33:23:27 > 22:24]
SOAP:   1%|          | 246/22162 [31:01:37 > 22:28]
SOAP:   1%|          | 247/22162 [29:48:23 > 22:33]
SOAP:   1%|          | 248/22162 [29:53:25 > 22:38]
SOAP:   1%|          | 249/22162 [31:12:59 > 22:43]
SOAP:   1%|          | 250/22162 [32:09:01 > 22:49]
SOAP:   1%|          | 251/22162 [32:30:04 > 22:54]
SOAP:   1%|          | 252/22162 [36:21:56 > 23:02]
SOAP:   1%|          | 253/22162 [36:21:51 > 23:08]
SOAP:   1%|          | 254/22162 [28:21:25 > 23:09]
SOAP:   1%|          | 255/22162 [36:23:07 > 23:18]
SOAP:   1%|          | 256/22162 [28:51:53 > 23:20]
SOAP:   1%|          | 257/22162 [34:55:10 > 23:28]
SOAP:   1%|          | 258/22162 [33:16:43 > 23:33]
SOAP:   1%|          | 259/22162 [32:03:18 > 23:38]
SOAP:   1%|          | 260/22162 [31:46:36 > 23:43]
SOAP:   1%|          | 261/22162 [31:45:16 > 23:48]
SOAP:   1%|          | 262/22162 [31:51:21 > 23:54]
SOAP:   1%|          | 263/22162 [32:11:06 > 23:59]
SOAP:   1%|          | 264/22162 [33:35:28 > 24:05]
SOAP:   1%|          | 265/22162 [35:29:09 > 24:12]
SOAP:   1%|          | 266/22162 [34:02:47 > 24:17]
SOAP:   1%|          | 267/22162 [34:26:23 > 24:23]
SOAP:   1%|          | 268/22162 [33:28:17 > 24:28]
SOAP:   1%|          | 269/22162 [32:54:52 > 24:33]
SOAP:   1%|          | 270/22162 [26:02:39 > 24:35]
SOAP:   1%|          | 271/22162 [34:09:16 > 24:43]
SOAP:   1%|          | 272/22162 [31:27:48 > 24:47]
SOAP:   1%|          | 273/22162 [31:08:16 > 24:52]
SOAP:   1%|          | 274/22162 [28:44:59 > 24:56]
SOAP:   1%|          | 275/22162 [34:01:02 > 25:04]
SOAP:   1%|          | 276/22162 [28:03:42 > 25:06]
SOAP:   1%|          | 277/22162 [38:16:21 > 25:16]
SOAP:   1%|▏         | 278/22162 [37:55:17 > 25:22]
SOAP:   1%|▏         | 279/22162 [37:55:07 > 25:29]
SOAP:   1%|▏         | 280/22162 [35:21:53 > 25:34]
SOAP:   1%|▏         | 281/22162 [36:37:22 > 25:40]
SOAP:   1%|▏         | 282/22162 [34:11:11 > 25:45]
SOAP:   1%|▏         | 283/22162 [32:55:08 > 25:50]
SOAP:   1%|▏         | 284/22162 [25:51:36 > 25:51]
SOAP:   1%|▏         | 285/22162 [34:12:26 > 26:00]
SOAP:   1%|▏         | 286/22162 [31:13:48 > 26:04]
SOAP:   1%|▏         | 287/22162 [31:57:15 > 26:10]
SOAP:   1%|▏         | 288/22162 [32:15:18 > 26:15]
SOAP:   1%|▏         | 289/22162 [34:05:33 > 26:21]
SOAP:   1%|▏         | 290/22162 [35:36:28 > 26:28]
SOAP:   1%|▏         | 291/22162 [36:34:47 > 26:34]
SOAP:   1%|▏         | 292/22162 [35:57:08 > 26:40]
SOAP:   1%|▏         | 293/22162 [34:37:51 > 26:45]
SOAP:   1%|▏         | 294/22162 [33:57:11 > 26:50]
SOAP:   1%|▏         | 295/22162 [33:28:23 > 26:56]
SOAP:   1%|▏         | 296/22162 [31:06:07 > 27:00]
SOAP:   1%|▏         | 297/22162 [29:49:04 > 27:04]
SOAP:   1%|▏         | 298/22162 [29:53:45 > 27:09]
SOAP:   1%|▏         | 299/22162 [31:17:09 > 27:15]
SOAP:   1%|▏         | 300/22162 [32:18:28 > 27:21]
SOAP:   1%|▏         | 301/22162 [35:46:21 > 27:28]
SOAP:   1%|▏         | 302/22162 [35:20:49 > 27:34]
SOAP:   1%|▏         | 303/22162 [35:56:23 > 27:40]
SOAP:   1%|▏         | 304/22162 [36:26:19 > 27:46]
SOAP:   1%|▏         | 305/22162 [35:11:27 > 27:51]
SOAP:   1%|▏         | 306/22162 [33:59:49 > 27:56]
SOAP:   1%|▏         | 307/22162 [33:00:08 > 28:01]
SOAP:   1%|▏         | 308/22162 [32:11:25 > 28:06]
SOAP:   1%|▏         | 309/22162 [31:21:33 > 28:11]
SOAP:   1%|▏         | 310/22162 [31:30:49 > 28:16]
SOAP:   1%|▏         | 311/22162 [31:37:47 > 28:22]
SOAP:   1%|▏         | 312/22162 [31:46:21 > 28:27]
SOAP:   1%|▏         | 313/22162 [32:14:44 > 28:33]
SOAP:   1%|▏         | 314/22162 [33:46:54 > 28:39]
SOAP:   1%|▏         | 315/22162 [35:47:06 > 28:45]
SOAP:   1%|▏         | 316/22162 [34:24:39 > 28:50]
SOAP:   1%|▏         | 317/22162 [34:51:12 > 28:56]
SOAP:   1%|▏         | 318/22162 [33:58:33 > 29:02]
SOAP:   1%|▏         | 319/22162 [33:28:15 > 29:07]
SOAP:   1%|▏         | 320/22162 [32:11:31 > 29:12]
SOAP:   1%|▏         | 321/22162 [32:36:35 > 29:17]
SOAP:   1%|▏         | 322/22162 [29:02:37 > 29:21]
SOAP:   1%|▏         | 323/22162 [24:25:53 > 29:23]
SOAP:   1%|▏         | 324/22162 [33:24:26 > 29:32]
SOAP:   1%|▏         | 325/22162 [33:56:30 > 29:38]
SOAP:   1%|▏         | 326/22162 [35:41:49 > 29:44]
SOAP:   1%|▏         | 327/22162 [35:58:54 > 29:50]
SOAP:   1%|▏         | 328/22162 [36:04:31 > 29:56]
SOAP:   1%|▏         | 329/22162 [28:14:28 > 29:58]
SOAP:   1%|▏         | 330/22162 [37:07:27 > 30:08]
SOAP:   1%|▏         | 331/22162 [37:44:55 > 30:14]
SOAP:   1%|▏         | 332/22162 [32:41:04 > 30:17]
SOAP:   2%|▏         | 333/22162 [33:56:38 > 30:24]
SOAP:   2%|▏         | 334/22162 [32:20:55 > 30:28]
SOAP:   2%|▏         | 335/22162 [32:49:35 > 30:34]
SOAP:   2%|▏         | 336/22162 [30:13:25 > 30:38]
SOAP:   2%|▏         | 337/22162 [31:14:26 > 30:43]
SOAP:   2%|▏         | 338/22162 [31:46:04 > 30:49]
SOAP:   2%|▏         | 339/22162 [33:36:18 > 30:55]
SOAP:   2%|▏         | 340/22162 [35:09:17 > 31:01]
SOAP:   2%|▏         | 341/22162 [36:16:05 > 31:08]
SOAP:   2%|▏         | 342/22162 [35:41:00 > 31:14]
SOAP:   2%|▏         | 343/22162 [34:26:07 > 31:19]
SOAP:   2%|▏         | 344/22162 [33:45:53 > 31:24]
SOAP:   2%|▏         | 345/22162 [33:13:42 > 31:29]
SOAP:   2%|▏         | 346/22162 [30:54:19 > 31:34]
SOAP:   2%|▏         | 347/22162 [29:41:28 > 31:38]
SOAP:   2%|▏         | 348/22162 [29:53:28 > 31:43]
SOAP:   2%|▏         | 349/22162 [31:20:01 > 31:49]
SOAP:   2%|▏         | 350/22162 [32:13:54 > 31:54]
SOAP:   2%|▏         | 351/22162 [35:58:37 > 32:02]
SOAP:   2%|▏         | 352/22162 [35:26:43 > 32:07]
SOAP:   2%|▏         | 353/22162 [35:50:22 > 32:13]
SOAP:   2%|▏         | 354/22162 [35:23:49 > 32:19]
SOAP:   2%|▏         | 355/22162 [35:03:15 > 32:25]
SOAP:   2%|▏         | 356/22162 [33:46:12 > 32:30]
SOAP:   2%|▏         | 357/22162 [32:48:13 > 32:35]
SOAP:   2%|▏         | 358/22162 [31:53:07 > 32:40]
SOAP:   2%|▏         | 359/22162 [30:57:51 > 32:45]
SOAP:   2%|▏         | 360/22162 [31:03:55 > 32:50]
SOAP:   2%|▏         | 361/22162 [31:15:41 > 32:55]
SOAP:   2%|▏         | 362/22162 [31:22:06 > 33:00]
SOAP:   2%|▏         | 363/22162 [29:08:34 > 33:04]
SOAP:   2%|▏         | 364/22162 [34:27:42 > 33:12]
SOAP:   2%|▏         | 365/22162 [36:20:35 > 33:19]
SOAP:   2%|▏         | 366/22162 [34:48:59 > 33:24]
SOAP:   2%|▏         | 367/22162 [35:04:09 > 33:30]
SOAP:   2%|▏         | 368/22162 [34:02:08 > 33:35]
SOAP:   2%|▏         | 369/22162 [33:28:12 > 33:40]
SOAP:   2%|▏         | 370/22162 [32:12:10 > 33:45]
SOAP:   2%|▏         | 371/22162 [32:35:46 > 33:51]
SOAP:   2%|▏         | 372/22162 [30:17:54 > 33:55]
SOAP:   2%|▏         | 373/22162 [30:14:59 > 34:00]
SOAP:   2%|▏         | 374/22162 [26:19:26 > 34:03]
SOAP:   2%|▏         | 375/22162 [33:49:27 > 34:11]
SOAP:   2%|▏         | 376/22162 [35:33:55 > 34:18]
SOAP:   2%|▏         | 377/22162 [27:50:49 > 34:19]
SOAP:   2%|▏         | 378/22162 [38:31:31 > 34:30]
SOAP:   2%|▏         | 379/22162 [38:15:34 > 34:36]
SOAP:   2%|▏         | 380/22162 [29:40:51 > 34:38]
SOAP:   2%|▏         | 381/22162 [38:38:34 > 34:47]
SOAP:   2%|▏         | 382/22162 [35:35:33 > 34:52]
SOAP:   2%|▏         | 383/22162 [33:46:57 > 34:57]
SOAP:   2%|▏         | 384/22162 [32:16:21 > 35:02]
SOAP:   2%|▏         | 385/22162 [32:48:54 > 35:07]
SOAP:   2%|▏         | 386/22162 [30:10:14 > 35:11]
SOAP:   2%|▏         | 387/22162 [31:11:35 > 35:17]
SOAP:   2%|▏         | 388/22162 [31:40:19 > 35:22]
SOAP:   2%|▏         | 389/22162 [25:44:08 > 35:24]
SOAP:   2%|▏         | 390/22162 [37:20:38 > 35:35]
SOAP:   2%|▏         | 391/22162 [37:49:39 > 35:41]
SOAP:   2%|▏         | 392/22162 [36:47:50 > 35:47]
SOAP:   2%|▏         | 393/22162 [35:13:24 > 35:52]
SOAP:   2%|▏         | 394/22162 [34:12:31 > 35:58]
SOAP:   2%|▏         | 395/22162 [33:31:06 > 36:03]
SOAP:   2%|▏         | 396/22162 [26:03:31 > 36:04]
SOAP:   2%|▏         | 397/22162 [31:16:55 > 36:11]
SOAP:   2%|▏         | 398/22162 [30:57:37 > 36:16]
SOAP:   2%|▏         | 399/22162 [32:09:55 > 36:22]
SOAP:   2%|▏         | 400/22162 [32:58:41 > 36:28]
SOAP:   2%|▏         | 401/22162 [36:29:46 > 36:35]
SOAP:   2%|▏         | 402/22162 [35:46:55 > 36:41]
SOAP:   2%|▏         | 403/22162 [36:11:49 > 36:47]
SOAP:   2%|▏         | 404/22162 [36:30:53 > 36:53]
SOAP:   2%|▏         | 405/22162 [35:09:03 > 36:59]
SOAP:   2%|▏         | 406/22162 [33:51:35 > 37:04]
SOAP:   2%|▏         | 407/22162 [32:51:41 > 37:09]
SOAP:   2%|▏         | 408/22162 [31:59:21 > 37:14]
SOAP:   2%|▏         | 409/22162 [31:03:34 > 37:19]
SOAP:   2%|▏         | 410/22162 [31:12:34 > 37:24]
SOAP:   2%|▏         | 411/22162 [31:23:27 > 37:29]
SOAP:   2%|▏         | 412/22162 [31:34:53 > 37:34]
SOAP:   2%|▏         | 413/22162 [31:15:14 > 37:39]
SOAP:   2%|▏         | 414/22162 [34:01:59 > 37:46]
SOAP:   2%|▏         | 415/22162 [36:01:16 > 37:53]
SOAP:   2%|▏         | 416/22162 [34:35:15 > 37:58]
SOAP:   2%|▏         | 417/22162 [26:39:06 > 37:59]
SOAP:   2%|▏         | 418/22162 [36:30:46 > 38:09]
SOAP:   2%|▏         | 419/22162 [35:13:04 > 38:15]
SOAP:   2%|▏         | 420/22162 [33:26:21 > 38:19]
SOAP:   2%|▏         | 421/22162 [33:26:48 > 38:25]
SOAP:   2%|▏         | 422/22162 [30:57:30 > 38:29]
SOAP:   2%|▏         | 423/22162 [30:43:14 > 38:34]
SOAP:   2%|▏         | 424/22162 [31:28:15 > 38:40]
SOAP:   2%|▏         | 425/22162 [32:33:42 > 38:45]
SOAP:   2%|▏         | 426/22162 [34:36:23 > 38:52]
SOAP:   2%|▏         | 427/22162 [31:41:58 > 38:56]
SOAP:   2%|▏         | 428/22162 [36:40:46 > 39:04]
SOAP:   2%|▏         | 429/22162 [36:59:56 > 39:10]
SOAP:   2%|▏         | 430/22162 [30:11:38 > 39:13]
SOAP:   2%|▏         | 431/22162 [37:23:02 > 39:22]
SOAP:   2%|▏         | 432/22162 [34:41:21 > 39:26]
SOAP:   2%|▏         | 433/22162 [33:15:27 > 39:31]
SOAP:   2%|▏         | 434/22162 [31:56:56 > 39:36]
SOAP:   2%|▏         | 435/22162 [32:36:12 > 39:42]
SOAP:   2%|▏         | 436/22162 [30:04:20 > 39:46]
SOAP:   2%|▏         | 437/22162 [31:03:23 > 39:51]
SOAP:   2%|▏         | 438/22162 [24:22:16 > 39:53]
SOAP:   2%|▏         | 439/22162 [35:33:32 > 40:03]
SOAP:   2%|▏         | 440/22162 [36:31:45 > 40:09]
SOAP:   2%|▏         | 441/22162 [28:40:48 > 40:11]
SOAP:   2%|▏         | 442/22162 [38:44:16 > 40:21]
SOAP:   2%|▏         | 443/22162 [36:35:23 > 40:27]
SOAP:   2%|▏         | 444/22162 [35:14:57 > 40:32]
SOAP:   2%|▏         | 445/22162 [34:19:01 > 40:37]
SOAP:   2%|▏         | 446/22162 [31:34:17 > 40:41]
SOAP:   2%|▏         | 447/22162 [30:06:04 > 40:46]
SOAP:   2%|▏         | 448/22162 [30:03:54 > 40:51]
SOAP:   2%|▏         | 449/22162 [31:21:00 > 40:57]
SOAP:   2%|▏         | 450/22162 [30:11:12 > 41:01]
SOAP:   2%|▏         | 451/22162 [36:27:35 > 41:10]
SOAP:   2%|▏         | 452/22162 [35:39:48 > 41:15]
SOAP:   2%|▏         | 453/22162 [36:09:57 > 41:21]
SOAP:   2%|▏         | 454/22162 [36:27:07 > 41:28]
SOAP:   2%|▏         | 455/22162 [35:05:14 > 41:33]
SOAP:   2%|▏         | 456/22162 [33:52:45 > 41:38]
SOAP:   2%|▏         | 457/22162 [32:52:29 > 41:43]
SOAP:   2%|▏         | 458/22162 [32:00:33 > 41:48]
SOAP:   2%|▏         | 459/22162 [31:05:43 > 41:53]
SOAP:   2%|▏         | 460/22162 [31:11:52 > 41:58]
SOAP:   2%|▏         | 461/22162 [31:22:29 > 42:03]
SOAP:   2%|▏         | 462/22162 [30:06:27 > 42:08]
SOAP:   2%|▏         | 463/22162 [32:26:40 > 42:14]
SOAP:   2%|▏         | 464/22162 [33:58:19 > 42:20]
SOAP:   2%|▏         | 465/22162 [26:18:48 > 42:22]
SOAP:   2%|▏         | 466/22162 [37:28:40 > 42:32]
SOAP:   2%|▏         | 467/22162 [36:56:55 > 42:38]
SOAP:   2%|▏         | 468/22162 [35:25:22 > 42:43]
SOAP:   2%|▏         | 469/22162 [34:32:44 > 42:49]
SOAP:   2%|▏         | 470/22162 [32:59:08 > 42:54]
SOAP:   2%|▏         | 471/22162 [25:35:25 > 42:55]
SOAP:   2%|▏         | 472/22162 [32:54:40 > 43:03]
SOAP:   2%|▏         | 473/22162 [32:02:31 > 43:08]
SOAP:   2%|▏         | 474/22162 [25:29:19 > 43:10]
SOAP:   2%|▏         | 475/22162 [35:20:01 > 43:20]
SOAP:   2%|▏         | 476/22162 [36:29:13 > 43:26]
SOAP:   2%|▏         | 477/22162 [36:22:28 > 43:32]
SOAP:   2%|▏         | 478/22162 [36:28:39 > 43:38]
SOAP:   2%|▏         | 479/22162 [36:34:34 > 43:45]
SOAP:   2%|▏         | 480/22162 [34:31:54 > 43:49]
SOAP:   2%|▏         | 481/22162 [35:48:39 > 43:56]
SOAP:   2%|▏         | 482/22162 [33:29:55 > 44:01]
SOAP:   2%|▏         | 483/22162 [32:22:32 > 44:05]
SOAP:   2%|▏         | 484/22162 [31:21:14 > 44:10]
SOAP:   2%|▏         | 485/22162 [32:09:06 > 44:16]
SOAP:   2%|▏         | 486/22162 [27:14:54 > 44:19]
SOAP:   2%|▏         | 487/22162 [31:02:37 > 44:25]
SOAP:   2%|▏         | 488/22162 [24:45:12 > 44:27]
SOAP:   2%|▏         | 489/22162 [35:47:34 > 44:37]
SOAP:   2%|▏         | 490/22162 [36:37:27 > 44:44]
SOAP:   2%|▏         | 491/22162 [28:45:46 > 44:45]
SOAP:   2%|▏         | 492/22162 [38:46:04 > 44:56]
SOAP:   2%|▏         | 493/22162 [36:31:51 > 45:01]
SOAP:   2%|▏         | 494/22162 [35:08:18 > 45:06]
SOAP:   2%|▏         | 495/22162 [32:10:57 > 45:10]
SOAP:   2%|▏         | 496/22162 [32:01:37 > 45:16]
SOAP:   2%|▏         | 497/22162 [30:22:03 > 45:20]
SOAP:   2%|▏         | 498/22162 [30:15:51 > 45:25]
SOAP:   2%|▏         | 499/22162 [31:26:47 > 45:31]
SOAP:   2%|▏         | 500/22162 [32:15:58 > 45:36]
SOAP:   2%|▏         | 501/22162 [35:47:58 > 45:44]
SOAP:   2%|▏         | 502/22162 [28:06:05 > 45:45]
SOAP:   2%|▏         | 503/22162 [37:50:22 > 45:55]
SOAP:   2%|▏         | 504/22162 [37:37:34 > 46:02]
SOAP:   2%|▏         | 505/22162 [35:48:48 > 46:07]
SOAP:   2%|▏         | 506/22162 [34:20:43 > 46:12]
SOAP:   2%|▏         | 507/22162 [33:09:22 > 46:17]
SOAP:   2%|▏         | 508/22162 [32:13:08 > 46:22]
SOAP:   2%|▏         | 509/22162 [31:18:13 > 46:27]
SOAP:   2%|▏         | 510/22162 [31:12:52 > 46:32]
SOAP:   2%|▏         | 511/22162 [31:14:51 > 46:37]
SOAP:   2%|▏         | 512/22162 [24:30:16 > 46:39]
SOAP:   2%|▏         | 513/22162 [33:50:17 > 46:48]
SOAP:   2%|▏         | 514/22162 [30:55:26 > 46:52]
SOAP:   2%|▏         | 515/22162 [37:39:45 > 47:01]
SOAP:   2%|▏         | 516/22162 [34:27:05 > 47:05]
SOAP:   2%|▏         | 517/22162 [35:54:42 > 47:12]
SOAP:   2%|▏         | 518/22162 [34:37:43 > 47:17]
SOAP:   2%|▏         | 519/22162 [27:07:45 > 47:19]
SOAP:   2%|▏         | 520/22162 [31:00:41 > 47:25]
SOAP:   2%|▏         | 521/22162 [27:38:48 > 47:29]
SOAP:   2%|▏         | 522/22162 [34:09:13 > 47:37]
SOAP:   2%|▏         | 523/22162 [32:49:12 > 47:42]
SOAP:   2%|▏         | 524/22162 [32:48:30 > 47:47]
SOAP:   2%|▏         | 525/22162 [33:26:46 > 47:53]
SOAP:   2%|▏         | 526/22162 [35:03:45 > 48:00]
SOAP:   2%|▏         | 527/22162 [35:16:48 > 48:05]
SOAP:   2%|▏         | 528/22162 [30:23:25 > 48:09]
SOAP:   2%|▏         | 529/22162 [37:49:00 > 48:18]
SOAP:   2%|▏         | 530/22162 [35:07:29 > 48:23]
SOAP:   2%|▏         | 531/22162 [36:09:26 > 48:29]
SOAP:   2%|▏         | 532/22162 [33:50:15 > 48:34]
SOAP:   2%|▏         | 533/22162 [32:34:26 > 48:39]
SOAP:   2%|▏         | 534/22162 [31:24:57 > 48:43]
SOAP:   2%|▏         | 535/22162 [31:59:05 > 48:49]
SOAP:   2%|▏         | 536/22162 [24:44:03 > 48:50]
SOAP:   2%|▏         | 537/22162 [32:02:23 > 48:58]
SOAP:   2%|▏         | 538/22162 [32:09:27 > 49:04]
SOAP:   2%|▏         | 539/22162 [33:54:10 > 49:10]
SOAP:   2%|▏         | 540/22162 [33:10:01 > 49:15]
SOAP:   2%|▏         | 541/22162 [36:44:08 > 49:23]
SOAP:   2%|▏         | 542/22162 [35:59:21 > 49:29]
SOAP:   2%|▏         | 543/22162 [34:31:42 > 49:34]
SOAP:   2%|▏         | 544/22162 [27:01:23 > 49:35]
SOAP:   2%|▏         | 545/22162 [35:06:32 > 49:44]
SOAP:   2%|▏         | 546/22162 [32:09:12 > 49:49]
SOAP:   2%|▏         | 547/22162 [30:25:24 > 49:53]
SOAP:   2%|▏         | 548/22162 [30:10:37 > 49:58]
SOAP:   2%|▏         | 549/22162 [31:20:48 > 50:04]
SOAP:   2%|▏         | 550/22162 [25:19:27 > 50:05]
SOAP:   2%|▏         | 551/22162 [37:34:35 > 50:17]
SOAP:   2%|▏         | 552/22162 [36:22:03 > 50:22]
SOAP:   2%|▏         | 553/22162 [36:28:34 > 50:28]
SOAP:   2%|▏         | 554/22162 [36:34:45 > 50:34]
SOAP:   3%|▎         | 555/22162 [35:01:41 > 50:40]
SOAP:   3%|▎         | 556/22162 [33:39:54 > 50:45]
SOAP:   3%|▎         | 557/22162 [32:35:28 > 50:50]
SOAP:   3%|▎         | 558/22162 [31:41:22 > 50:55]
SOAP:   3%|▎         | 559/22162 [30:45:27 > 50:59]
SOAP:   3%|▎         | 560/22162 [30:47:56 > 51:05]
SOAP:   3%|▎         | 561/22162 [30:53:52 > 51:10]
SOAP:   3%|▎         | 562/22162 [31:04:02 > 51:15]
SOAP:   3%|▎         | 563/22162 [31:34:24 > 51:20]
SOAP:   3%|▎         | 564/22162 [33:09:26 > 51:27]
SOAP:   3%|▎         | 565/22162 [35:10:46 > 51:33]
SOAP:   3%|▎         | 566/22162 [33:51:10 > 51:38]
SOAP:   3%|▎         | 567/22162 [34:18:27 > 51:44]
SOAP:   3%|▎         | 568/22162 [33:28:29 > 51:50]
SOAP:   3%|▎         | 569/22162 [32:59:34 > 51:55]
SOAP:   3%|▎         | 570/22162 [30:08:15 > 51:59]
SOAP:   3%|▎         | 571/22162 [32:35:59 > 52:05]
SOAP:   3%|▎         | 572/22162 [30:08:03 > 52:09]
SOAP:   3%|▎         | 573/22162 [30:05:30 > 52:14]
SOAP:   3%|▎         | 574/22162 [30:59:35 > 52:20]
SOAP:   3%|▎         | 575/22162 [32:12:26 > 52:26]
SOAP:   3%|▎         | 576/22162 [25:31:53 > 52:27]
SOAP:   3%|▎         | 577/22162 [29:37:26 > 52:34]
SOAP:   3%|▎         | 578/22162 [39:07:33 > 52:44]
SOAP:   3%|▎         | 579/22162 [30:14:31 > 52:46]
SOAP:   3%|▎         | 580/22162 [38:17:05 > 52:55]
SOAP:   3%|▎         | 581/22162 [38:33:59 > 53:02]
SOAP:   3%|▎         | 582/22162 [33:54:06 > 53:05]
SOAP:   3%|▎         | 583/22162 [34:06:31 > 53:11]
SOAP:   3%|▎         | 584/22162 [32:27:49 > 53:16]
SOAP:   3%|▎         | 585/22162 [32:50:08 > 53:22]
SOAP:   3%|▎         | 586/22162 [30:09:01 > 53:26]
SOAP:   3%|▎         | 587/22162 [23:56:37 > 53:27]
SOAP:   3%|▎         | 588/22162 [33:42:46 > 53:37]
SOAP:   3%|▎         | 589/22162 [34:56:49 > 53:43]
SOAP:   3%|▎         | 590/22162 [36:00:06 > 53:49]
SOAP:   3%|▎         | 591/22162 [36:42:38 > 53:56]
SOAP:   3%|▎         | 592/22162 [35:56:37 > 54:01]
SOAP:   3%|▎         | 593/22162 [34:28:36 > 54:07]
SOAP:   3%|▎         | 594/22162 [33:37:56 > 54:12]
SOAP:   3%|▎         | 595/22162 [33:03:01 > 54:17]
SOAP:   3%|▎         | 596/22162 [30:41:59 > 54:21]
SOAP:   3%|▎         | 597/22162 [29:25:15 > 54:26]
SOAP:   3%|▎         | 598/22162 [22:59:04 > 54:27]
SOAP:   3%|▎         | 599/22162 [32:55:26 > 54:37]
SOAP:   3%|▎         | 600/22162 [32:42:54 > 54:42]
SOAP:   3%|▎         | 601/22162 [36:45:51 > 54:50]
SOAP:   3%|▎         | 602/22162 [35:52:18 > 54:55]
SOAP:   3%|▎         | 603/22162 [36:06:55 > 55:01]
SOAP:   3%|▎         | 604/22162 [36:17:17 > 55:08]
SOAP:   3%|▎         | 605/22162 [27:53:09 > 55:09]
SOAP:   3%|▎         | 606/22162 [34:36:23 > 55:17]
SOAP:   3%|▎         | 607/22162 [34:21:41 > 55:23]
SOAP:   3%|▎         | 608/22162 [32:52:44 > 55:28]
SOAP:   3%|▎         | 609/22162 [31:34:17 > 55:33]
SOAP:   3%|▎         | 610/22162 [30:30:42 > 55:37]
SOAP:   3%|▎         | 611/22162 [31:32:04 > 55:43]
SOAP:   3%|▎         | 612/22162 [29:37:47 > 55:47]
SOAP:   3%|▎         | 613/22162 [32:31:59 > 55:54]
SOAP:   3%|▎         | 614/22162 [33:44:07 > 56:00]
SOAP:   3%|▎         | 615/22162 [35:35:16 > 56:07]
SOAP:   3%|▎         | 616/22162 [34:09:20 > 56:12]
SOAP:   3%|▎         | 617/22162 [34:30:43 > 56:18]
SOAP:   3%|▎         | 618/22162 [26:35:46 > 56:19]
SOAP:   3%|▎         | 619/22162 [35:11:11 > 56:28]
SOAP:   3%|▎         | 620/22162 [33:22:53 > 56:33]
SOAP:   3%|▎         | 621/22162 [33:13:25 > 56:39]
SOAP:   3%|▎         | 622/22162 [30:34:45 > 56:43]
SOAP:   3%|▎         | 623/22162 [30:15:55 > 56:48]
SOAP:   3%|▎         | 624/22162 [29:41:19 > 56:52]
SOAP:   3%|▎         | 625/22162 [32:37:48 > 56:59]
SOAP:   3%|▎         | 626/22162 [25:49:23 > 57:01]
SOAP:   3%|▎         | 627/22162 [37:27:41 > 57:11]
SOAP:   3%|▎         | 628/22162 [30:48:14 > 57:14]
SOAP:   3%|▎         | 629/22162 [30:39:49 > 57:19]
SOAP:   3%|▎         | 630/22162 [38:17:37 > 57:28]
SOAP:   3%|▎         | 631/22162 [38:15:19 > 57:35]
SOAP:   3%|▎         | 632/22162 [35:07:04 > 57:39]
SOAP:   3%|▎         | 633/22162 [33:23:33 > 57:44]
SOAP:   3%|▎         | 634/22162 [31:52:34 > 57:49]
SOAP:   3%|▎         | 635/22162 [32:22:22 > 57:55]
SOAP:   3%|▎         | 636/22162 [29:50:30 > 57:59]
SOAP:   3%|▎         | 637/22162 [30:45:45 > 58:04]
SOAP:   3%|▎         | 638/22162 [24:09:39 > 58:06]
SOAP:   3%|▎         | 639/22162 [34:54:17 > 58:16]
SOAP:   3%|▎         | 640/22162 [36:06:08 > 58:22]
SOAP:   3%|▎         | 641/22162 [36:33:34 > 58:28]
SOAP:   3%|▎         | 642/22162 [35:30:17 > 58:34]
SOAP:   3%|▎         | 643/22162 [34:13:03 > 58:39]
SOAP:   3%|▎         | 644/22162 [32:34:19 > 58:44]
SOAP:   3%|▎         | 645/22162 [33:19:07 > 58:50]
SOAP:   3%|▎         | 646/22162 [30:38:06 > 58:54]
SOAP:   3%|▎         | 647/22162 [29:36:45 > 58:59]
SOAP:   3%|▎         | 648/22162 [29:39:31 > 59:04]
SOAP:   3%|▎         | 649/22162 [24:43:48 > 59:06]
SOAP:   3%|▎         | 650/22162 [33:44:56 > 59:15]
SOAP:   3%|▎         | 651/22162 [36:49:07 > 59:22]
SOAP:   3%|▎         | 652/22162 [35:55:35 > 59:28]
SOAP:   3%|▎         | 653/22162 [36:13:13 > 59:34]
SOAP:   3%|▎         | 654/22162 [36:27:15 > 59:40]
SOAP:   3%|▎         | 655/22162 [35:02:11 > 59:46]
SOAP:   3%|▎         | 656/22162 [33:38:26 > 59:51]
SOAP:   3%|▎         | 657/22162 [32:35:36 > 59:56]
SOAP:   3%|▎         | 658/22162 [31:47:41 > 1:00:01]
SOAP:   3%|▎         | 659/22162 [30:56:52 > 1:00:06]
SOAP:   3%|▎         | 660/22162 [30:57:18 > 1:00:11]
SOAP:   3%|▎         | 661/22162 [31:05:17 > 1:00:16]
SOAP:   3%|▎         | 662/22162 [31:19:02 > 1:00:21]
SOAP:   3%|▎         | 663/22162 [31:45:45 > 1:00:27]
SOAP:   3%|▎         | 664/22162 [33:25:44 > 1:00:33]
SOAP:   3%|▎         | 665/22162 [35:24:18 > 1:00:40]
SOAP:   3%|▎         | 666/22162 [34:05:00 > 1:00:45]
SOAP:   3%|▎         | 667/22162 [34:34:32 > 1:00:51]
SOAP:   3%|▎         | 668/22162 [33:45:47 > 1:00:56]
SOAP:   3%|▎         | 669/22162 [28:32:59 > 1:00:59]
SOAP:   3%|▎         | 670/22162 [33:26:53 > 1:01:07]
SOAP:   3%|▎         | 671/22162 [33:18:02 > 1:01:12]
SOAP:   3%|▎         | 672/22162 [30:40:25 > 1:01:16]
SOAP:   3%|▎         | 673/22162 [29:40:55 > 1:01:21]
SOAP:   3%|▎         | 674/22162 [31:20:03 > 1:01:27]
SOAP:   3%|▎         | 675/22162 [32:22:32 > 1:01:33]
SOAP:   3%|▎         | 676/22162 [34:20:15 > 1:01:39]
SOAP:   3%|▎         | 677/22162 [27:01:00 > 1:01:41]
SOAP:   3%|▎         | 678/22162 [37:40:31 > 1:01:51]
SOAP:   3%|▎         | 679/22162 [37:29:36 > 1:01:57]
SOAP:   3%|▎         | 680/22162 [34:49:12 > 1:02:02]
SOAP:   3%|▎         | 681/22162 [35:47:27 > 1:02:09]
SOAP:   3%|▎         | 682/22162 [33:25:02 > 1:02:13]
SOAP:   3%|▎         | 683/22162 [31:02:13 > 1:02:18]
SOAP:   3%|▎         | 684/22162 [31:19:38 > 1:02:23]
SOAP:   3%|▎         | 685/22162 [32:02:17 > 1:02:29]
SOAP:   3%|▎         | 686/22162 [29:34:31 > 1:02:33]
SOAP:   3%|▎         | 687/22162 [30:39:19 > 1:02:38]
SOAP:   3%|▎         | 688/22162 [31:08:35 > 1:02:44]
SOAP:   3%|▎         | 689/22162 [33:03:10 > 1:02:50]
SOAP:   3%|▎         | 690/22162 [34:36:12 > 1:02:56]
SOAP:   3%|▎         | 691/22162 [35:40:44 > 1:03:03]
SOAP:   3%|▎         | 692/22162 [35:11:20 > 1:03:08]
SOAP:   3%|▎         | 693/22162 [33:53:58 > 1:03:14]
SOAP:   3%|▎         | 694/22162 [33:13:35 > 1:03:19]
SOAP:   3%|▎         | 695/22162 [32:43:15 > 1:03:24]
SOAP:   3%|▎         | 696/22162 [30:17:05 > 1:03:28]
SOAP:   3%|▎         | 697/22162 [29:07:01 > 1:03:33]
SOAP:   3%|▎         | 698/22162 [29:16:54 > 1:03:38]
SOAP:   3%|▎         | 699/22162 [30:41:58 > 1:03:43]
SOAP:   3%|▎         | 700/22162 [31:41:24 > 1:03:49]
SOAP:   3%|▎         | 701/22162 [34:17:33 > 1:03:56]
SOAP:   3%|▎         | 702/22162 [32:57:57 > 1:04:01]
SOAP:   3%|▎         | 703/22162 [32:07:42 > 1:04:06]
SOAP:   3%|▎         | 704/22162 [37:19:26 > 1:04:14]
SOAP:   3%|▎         | 705/22162 [35:29:41 > 1:04:19]
SOAP:   3%|▎         | 706/22162 [27:29:20 > 1:04:21]
SOAP:   3%|▎         | 707/22162 [28:08:55 > 1:04:26]
SOAP:   3%|▎         | 708/22162 [35:05:38 > 1:04:35]
SOAP:   3%|▎         | 709/22162 [27:09:06 > 1:04:36]
SOAP:   3%|▎         | 710/22162 [27:53:45 > 1:04:41]
SOAP:   3%|▎         | 711/22162 [35:23:15 > 1:04:50]
SOAP:   3%|▎         | 712/22162 [34:22:21 > 1:04:55]
SOAP:   3%|▎         | 713/22162 [33:55:40 > 1:05:01]
SOAP:   3%|▎         | 714/22162 [33:12:57 > 1:05:06]
SOAP:   3%|▎         | 715/22162 [36:56:27 > 1:05:14]
SOAP:   3%|▎         | 716/22162 [35:04:18 > 1:05:19]
SOAP:   3%|▎         | 717/22162 [31:24:50 > 1:05:23]
SOAP:   3%|▎         | 718/22162 [33:50:48 > 1:05:29]
SOAP:   3%|▎         | 719/22162 [34:30:28 > 1:05:35]
SOAP:   3%|▎         | 720/22162 [32:48:31 > 1:05:40]
SOAP:   3%|▎         | 721/22162 [32:49:38 > 1:05:46]
SOAP:   3%|▎         | 722/22162 [30:22:34 > 1:05:50]
SOAP:   3%|▎         | 723/22162 [30:11:50 > 1:05:55]
SOAP:   3%|▎         | 724/22162 [31:00:42 > 1:06:00]
SOAP:   3%|▎         | 725/22162 [28:52:37 > 1:06:04]
SOAP:   3%|▎         | 726/22162 [35:11:40 > 1:06:13]
SOAP:   3%|▎         | 727/22162 [35:25:34 > 1:06:19]
SOAP:   3%|▎         | 728/22162 [35:44:44 > 1:06:25]
SOAP:   3%|▎         | 729/22162 [36:13:26 > 1:06:31]
SOAP:   3%|▎         | 730/22162 [34:06:08 > 1:06:36]
SOAP:   3%|▎         | 731/22162 [26:47:41 > 1:06:38]
SOAP:   3%|▎         | 732/22162 [35:55:49 > 1:06:47]
SOAP:   3%|▎         | 733/22162 [33:54:57 > 1:06:52]
SOAP:   3%|▎         | 734/22162 [32:14:03 > 1:06:57]
SOAP:   3%|▎         | 735/22162 [29:42:17 > 1:07:01]
SOAP:   3%|▎         | 736/22162 [30:45:57 > 1:07:07]
SOAP:   3%|▎         | 737/22162 [31:24:19 > 1:07:12]
SOAP:   3%|▎         | 738/22162 [29:04:45 > 1:07:16]
SOAP:   3%|▎         | 739/22162 [34:14:10 > 1:07:24]
SOAP:   3%|▎         | 740/22162 [35:28:12 > 1:07:30]
SOAP:   3%|▎         | 741/22162 [34:18:16 > 1:07:36]
SOAP:   3%|▎         | 742/22162 [36:09:13 > 1:07:42]
SOAP:   3%|▎         | 743/22162 [34:35:52 > 1:07:48]
SOAP:   3%|▎         | 744/22162 [33:41:55 > 1:07:53]
SOAP:   3%|▎         | 745/22162 [26:13:53 > 1:07:54]
SOAP:   3%|▎         | 746/22162 [32:45:33 > 1:08:03]
SOAP:   3%|▎         | 747/22162 [30:47:11 > 1:08:07]
SOAP:   3%|▎         | 748/22162 [30:21:54 > 1:08:12]
SOAP:   3%|▎         | 749/22162 [25:43:05 > 1:08:14]
SOAP:   3%|▎         | 750/22162 [33:56:43 > 1:08:23]
SOAP:   3%|▎         | 751/22162 [36:53:06 > 1:08:31]
SOAP:   3%|▎         | 752/22162 [35:56:26 > 1:08:36]
SOAP:   3%|▎         | 753/22162 [36:10:18 > 1:08:43]
SOAP:   3%|▎         | 754/22162 [36:12:07 > 1:08:49]
SOAP:   3%|▎         | 755/22162 [34:46:55 > 1:08:54]
SOAP:   3%|▎         | 756/22162 [33:19:02 > 1:08:59]
SOAP:   3%|▎         | 757/22162 [30:21:55 > 1:09:03]
SOAP:   3%|▎         | 758/22162 [32:03:39 > 1:09:09]
SOAP:   3%|▎         | 759/22162 [31:02:08 > 1:09:14]
SOAP:   3%|▎         | 760/22162 [30:59:44 > 1:09:19]
SOAP:   3%|▎         | 761/22162 [31:03:20 > 1:09:24]
SOAP:   3%|▎         | 762/22162 [31:10:51 > 1:09:30]
SOAP:   3%|▎         | 763/22162 [24:43:46 > 1:09:31]
SOAP:   3%|▎         | 764/22162 [35:15:04 > 1:09:41]
SOAP:   3%|▎         | 765/22162 [36:40:56 > 1:09:48]
SOAP:   3%|▎         | 766/22162 [28:36:15 > 1:09:50]
SOAP:   3%|▎         | 767/22162 [37:02:08 > 1:09:59]
SOAP:   3%|▎         | 768/22162 [32:34:43 > 1:10:03]
SOAP:   3%|▎         | 769/22162 [35:06:06 > 1:10:10]
SOAP:   3%|▎         | 770/22162 [33:15:06 > 1:10:15]
SOAP:   3%|▎         | 771/22162 [33:12:47 > 1:10:20]
SOAP:   3%|▎         | 772/22162 [30:41:11 > 1:10:24]
SOAP:   3%|▎         | 773/22162 [30:25:28 > 1:10:29]
SOAP:   3%|▎         | 774/22162 [30:33:36 > 1:10:35]
SOAP:   3%|▎         | 775/22162 [32:20:45 > 1:10:41]
SOAP:   4%|▎         | 776/22162 [32:24:10 > 1:10:46]
SOAP:   4%|▎         | 777/22162 [35:16:04 > 1:10:53]
SOAP:   4%|▎         | 778/22162 [35:39:04 > 1:10:59]
SOAP:   4%|▎         | 779/22162 [35:58:18 > 1:11:06]
SOAP:   4%|▎         | 780/22162 [33:51:05 > 1:11:10]
SOAP:   4%|▎         | 781/22162 [35:17:35 > 1:11:17]
SOAP:   4%|▎         | 782/22162 [33:03:04 > 1:11:22]
SOAP:   4%|▎         | 783/22162 [31:55:35 > 1:11:27]
SOAP:   4%|▎         | 784/22162 [30:50:59 > 1:11:31]
SOAP:   4%|▎         | 785/22162 [31:38:11 > 1:11:37]
SOAP:   4%|▎         | 786/22162 [29:16:47 > 1:11:41]
SOAP:   4%|▎         | 787/22162 [30:23:20 > 1:11:47]
SOAP:   4%|▎         | 788/22162 [30:58:04 > 1:11:52]
SOAP:   4%|▎         | 789/22162 [32:59:02 > 1:11:58]
SOAP:   4%|▎         | 790/22162 [34:35:51 > 1:12:05]
SOAP:   4%|▎         | 791/22162 [35:38:17 > 1:12:11]
SOAP:   4%|▎         | 792/22162 [35:03:41 > 1:12:17]
SOAP:   4%|▎         | 793/22162 [33:52:08 > 1:12:22]
SOAP:   4%|▎         | 794/22162 [33:15:28 > 1:12:28]
SOAP:   4%|▎         | 795/22162 [32:44:00 > 1:12:33]
SOAP:   4%|▎         | 796/22162 [25:11:41 > 1:12:34]
SOAP:   4%|▎         | 797/22162 [30:39:38 > 1:12:41]
SOAP:   4%|▎         | 798/22162 [30:18:30 > 1:12:46]
SOAP:   4%|▎         | 799/22162 [31:09:52 > 1:12:52]
SOAP:   4%|▎         | 800/22162 [32:06:57 > 1:12:58]
SOAP:   4%|▎         | 801/22162 [35:36:20 > 1:13:05]
SOAP:   4%|▎         | 802/22162 [34:55:05 > 1:13:11]
SOAP:   4%|▎         | 803/22162 [35:28:09 > 1:13:17]
SOAP:   4%|▎         | 804/22162 [35:47:10 > 1:13:23]
SOAP:   4%|▎         | 805/22162 [34:27:56 > 1:13:28]
SOAP:   4%|▎         | 806/22162 [33:20:26 > 1:13:34]
SOAP:   4%|▎         | 807/22162 [32:22:09 > 1:13:39]
SOAP:   4%|▎         | 808/22162 [31:28:42 > 1:13:44]
SOAP:   4%|▎         | 809/22162 [30:33:13 > 1:13:48]
SOAP:   4%|▎         | 810/22162 [30:37:43 > 1:13:54]
SOAP:   4%|▎         | 811/22162 [30:47:03 > 1:13:59]
SOAP:   4%|▎         | 812/22162 [31:02:30 > 1:14:04]
SOAP:   4%|▎         | 813/22162 [24:37:21 > 1:14:06]
SOAP:   4%|▎         | 814/22162 [35:11:14 > 1:14:16]
SOAP:   4%|▎         | 815/22162 [36:38:32 > 1:14:23]
SOAP:   4%|▎         | 816/22162 [34:50:33 > 1:14:28]
SOAP:   4%|▎         | 817/22162 [26:46:22 > 1:14:29]
SOAP:   4%|▎         | 818/22162 [36:24:50 > 1:14:39]
SOAP:   4%|▎         | 819/22162 [35:00:20 > 1:14:44]
SOAP:   4%|▎         | 820/22162 [33:05:30 > 1:14:49]
SOAP:   4%|▎         | 821/22162 [32:59:57 > 1:14:55]
SOAP:   4%|▎         | 822/22162 [30:29:47 > 1:14:59]
SOAP:   4%|▎         | 823/22162 [30:13:43 > 1:15:04]
SOAP:   4%|▎         | 824/22162 [30:59:47 > 1:15:10]
SOAP:   4%|▎         | 825/22162 [32:05:46 > 1:15:15]
SOAP:   4%|▎         | 826/22162 [33:59:22 > 1:15:22]
SOAP:   4%|▎         | 827/22162 [34:32:59 > 1:15:28]
SOAP:   4%|▎         | 828/22162 [35:03:28 > 1:15:34]
SOAP:   4%|▎         | 829/22162 [35:33:23 > 1:15:40]
SOAP:   4%|▎         | 830/22162 [33:29:17 > 1:15:45]
SOAP:   4%|▎         | 831/22162 [35:04:53 > 1:15:52]
SOAP:   4%|▍         | 832/22162 [32:59:34 > 1:15:56]
SOAP:   4%|▍         | 833/22162 [31:51:34 > 1:16:01]
SOAP:   4%|▍         | 834/22162 [30:47:06 > 1:16:06]
SOAP:   4%|▍         | 835/22162 [31:31:04 > 1:16:12]
SOAP:   4%|▍         | 836/22162 [29:11:45 > 1:16:16]
SOAP:   4%|▍         | 837/22162 [30:13:34 > 1:16:21]
SOAP:   4%|▍         | 838/22162 [30:48:48 > 1:16:27]
SOAP:   4%|▍         | 839/22162 [32:44:05 > 1:16:33]
SOAP:   4%|▍         | 840/22162 [34:20:50 > 1:16:39]
SOAP:   4%|▍         | 841/22162 [33:53:29 > 1:16:45]
SOAP:   4%|▍         | 842/22162 [35:23:49 > 1:16:51]
SOAP:   4%|▍         | 843/22162 [34:04:43 > 1:16:57]
SOAP:   4%|▍         | 844/22162 [33:21:06 > 1:17:02]
SOAP:   4%|▍         | 845/22162 [32:52:56 > 1:17:07]
SOAP:   4%|▍         | 846/22162 [30:32:05 > 1:17:12]
SOAP:   4%|▍         | 847/22162 [29:16:37 > 1:17:16]
SOAP:   4%|▍         | 848/22162 [29:21:03 > 1:17:21]
SOAP:   4%|▍         | 849/22162 [30:42:42 > 1:17:27]
SOAP:   4%|▍         | 850/22162 [31:38:45 > 1:17:32]
SOAP:   4%|▍         | 851/22162 [35:15:08 > 1:17:40]
SOAP:   4%|▍         | 852/22162 [34:43:50 > 1:17:46]
SOAP:   4%|▍         | 853/22162 [35:14:51 > 1:17:52]
SOAP:   4%|▍         | 854/22162 [35:17:53 > 1:17:58]
SOAP:   4%|▍         | 855/22162 [34:28:28 > 1:18:03]
SOAP:   4%|▍         | 856/22162 [33:17:38 > 1:18:08]
SOAP:   4%|▍         | 857/22162 [32:15:30 > 1:18:13]
SOAP:   4%|▍         | 858/22162 [31:23:49 > 1:18:18]
SOAP:   4%|▍         | 859/22162 [30:35:36 > 1:18:23]
SOAP:   4%|▍         | 860/22162 [30:37:03 > 1:18:28]
SOAP:   4%|▍         | 861/22162 [30:50:31 > 1:18:34]
SOAP:   4%|▍         | 862/22162 [31:07:20 > 1:18:39]
SOAP:   4%|▍         | 863/22162 [26:16:16 > 1:18:42]
SOAP:   4%|▍         | 864/22162 [34:40:49 > 1:18:51]
SOAP:   4%|▍         | 865/22162 [36:13:18 > 1:18:57]
SOAP:   4%|▍         | 866/22162 [29:43:59 > 1:19:00]
SOAP:   4%|▍         | 867/22162 [35:57:19 > 1:19:08]
SOAP:   4%|▍         | 868/22162 [34:29:19 > 1:19:14]
SOAP:   4%|▍         | 869/22162 [33:41:07 > 1:19:19]
SOAP:   4%|▍         | 870/22162 [31:53:10 > 1:19:24]
SOAP:   4%|▍         | 871/22162 [32:07:01 > 1:19:29]
SOAP:   4%|▍         | 872/22162 [29:40:53 > 1:19:33]
SOAP:   4%|▍         | 873/22162 [23:33:01 > 1:19:35]
SOAP:   4%|▍         | 874/22162 [32:16:45 > 1:19:44]
SOAP:   4%|▍         | 875/22162 [25:35:13 > 1:19:46]
SOAP:   4%|▍         | 876/22162 [37:03:02 > 1:19:56]
SOAP:   4%|▍         | 877/22162 [36:38:27 > 1:20:02]
SOAP:   4%|▍         | 878/22162 [36:31:24 > 1:20:09]
SOAP:   4%|▍         | 879/22162 [36:40:10 > 1:20:15]
SOAP:   4%|▍         | 880/22162 [34:17:45 > 1:20:20]
SOAP:   4%|▍         | 881/22162 [35:32:41 > 1:20:26]
SOAP:   4%|▍         | 882/22162 [31:41:25 > 1:20:30]
SOAP:   4%|▍         | 883/22162 [32:27:11 > 1:20:36]
SOAP:   4%|▍         | 884/22162 [31:11:34 > 1:20:41]
SOAP:   4%|▍         | 885/22162 [31:48:11 > 1:20:46]
SOAP:   4%|▍         | 886/22162 [29:20:52 > 1:20:50]
SOAP:   4%|▍         | 887/22162 [30:27:39 > 1:20:56]
SOAP:   4%|▍         | 888/22162 [30:55:37 > 1:21:01]
SOAP:   4%|▍         | 889/22162 [32:47:46 > 1:21:07]
SOAP:   4%|▍         | 890/22162 [34:21:35 > 1:21:14]
SOAP:   4%|▍         | 891/22162 [35:19:41 > 1:21:20]
SOAP:   4%|▍         | 892/22162 [34:50:46 > 1:21:26]
SOAP:   4%|▍         | 893/22162 [33:42:45 > 1:21:31]
SOAP:   4%|▍         | 894/22162 [32:59:03 > 1:21:37]
SOAP:   4%|▍         | 895/22162 [32:26:40 > 1:21:42]
SOAP:   4%|▍         | 896/22162 [30:11:27 > 1:21:46]
SOAP:   4%|▍         | 897/22162 [28:59:41 > 1:21:50]
SOAP:   4%|▍         | 898/22162 [29:08:04 > 1:21:55]
SOAP:   4%|▍         | 899/22162 [30:34:44 > 1:22:01]
SOAP:   4%|▍         | 900/22162 [31:32:58 > 1:22:07]
SOAP:   4%|▍         | 901/22162 [35:11:41 > 1:22:14]
SOAP:   4%|▍         | 902/22162 [34:43:06 > 1:22:20]
SOAP:   4%|▍         | 903/22162 [35:12:41 > 1:22:26]
SOAP:   4%|▍         | 904/22162 [35:31:42 > 1:22:32]
SOAP:   4%|▍         | 905/22162 [34:11:11 > 1:22:38]
SOAP:   4%|▍         | 906/22162 [33:01:55 > 1:22:43]
SOAP:   4%|▍         | 907/22162 [32:07:20 > 1:22:48]
SOAP:   4%|▍         | 908/22162 [31:17:52 > 1:22:53]
SOAP:   4%|▍         | 909/22162 [30:26:45 > 1:22:58]
SOAP:   4%|▍         | 910/22162 [30:30:39 > 1:23:03]
SOAP:   4%|▍         | 911/22162 [30:42:29 > 1:23:08]
SOAP:   4%|▍         | 912/22162 [30:53:08 > 1:23:13]
SOAP:   4%|▍         | 913/22162 [31:25:17 > 1:23:19]
SOAP:   4%|▍         | 914/22162 [32:58:25 > 1:23:25]
SOAP:   4%|▍         | 915/22162 [35:00:52 > 1:23:32]
SOAP:   4%|▍         | 916/22162 [33:40:52 > 1:23:37]
SOAP:   4%|▍         | 917/22162 [34:06:43 > 1:23:43]
SOAP:   4%|▍         | 918/22162 [33:07:42 > 1:23:48]
SOAP:   4%|▍         | 919/22162 [32:42:30 > 1:23:54]
SOAP:   4%|▍         | 920/22162 [31:31:21 > 1:23:58]
SOAP:   4%|▍         | 921/22162 [31:54:52 > 1:24:04]
SOAP:   4%|▍         | 922/22162 [29:43:55 > 1:24:08]
SOAP:   4%|▍         | 923/22162 [29:44:37 > 1:24:13]
SOAP:   4%|▍         | 924/22162 [30:37:49 > 1:24:19]
SOAP:   4%|▍         | 925/22162 [31:49:08 > 1:24:25]
SOAP:   4%|▍         | 926/22162 [32:00:30 > 1:24:30]
SOAP:   4%|▍         | 927/22162 [34:55:40 > 1:24:37]
SOAP:   4%|▍         | 928/22162 [35:11:01 > 1:24:43]
SOAP:   4%|▍         | 929/22162 [35:36:35 > 1:24:50]
SOAP:   4%|▍         | 930/22162 [33:24:23 > 1:24:54]
SOAP:   4%|▍         | 931/22162 [34:50:41 > 1:25:01]
SOAP:   4%|▍         | 932/22162 [32:42:15 > 1:25:05]
SOAP:   4%|▍         | 933/22162 [31:38:10 > 1:25:10]
SOAP:   4%|▍         | 934/22162 [30:34:49 > 1:25:15]
SOAP:   4%|▍         | 935/22162 [31:16:25 > 1:25:21]
SOAP:   4%|▍         | 936/22162 [28:58:33 > 1:25:25]
SOAP:   4%|▍         | 937/22162 [30:08:49 > 1:25:30]
SOAP:   4%|▍         | 938/22162 [30:41:17 > 1:25:36]
SOAP:   4%|▍         | 939/22162 [32:37:34 > 1:25:42]
SOAP:   4%|▍         | 940/22162 [34:15:13 > 1:25:49]
SOAP:   4%|▍         | 941/22162 [27:03:00 > 1:25:50]
SOAP:   4%|▍         | 942/22162 [36:36:35 > 1:26:00]
SOAP:   4%|▍         | 943/22162 [35:18:04 > 1:26:06]
SOAP:   4%|▍         | 944/22162 [33:57:43 > 1:26:11]
SOAP:   4%|▍         | 945/22162 [33:11:21 > 1:26:16]
SOAP:   4%|▍         | 946/22162 [30:38:12 > 1:26:20]
SOAP:   4%|▍         | 947/22162 [29:16:30 > 1:26:25]
SOAP:   4%|▍         | 948/22162 [29:20:00 > 1:26:30]
SOAP:   4%|▍         | 949/22162 [30:34:27 > 1:26:36]
SOAP:   4%|▍         | 950/22162 [31:28:45 > 1:26:41]
SOAP:   4%|▍         | 951/22162 [35:09:50 > 1:26:49]
SOAP:   4%|▍         | 952/22162 [34:37:17 > 1:26:54]
SOAP:   4%|▍         | 953/22162 [35:09:15 > 1:27:01]
SOAP:   4%|▍         | 954/22162 [35:30:39 > 1:27:07]
SOAP:   4%|▍         | 955/22162 [34:06:46 > 1:27:12]
SOAP:   4%|▍         | 956/22162 [32:57:59 > 1:27:17]
SOAP:   4%|▍         | 957/22162 [31:54:38 > 1:27:22]
SOAP:   4%|▍         | 958/22162 [27:56:34 > 1:27:25]
SOAP:   4%|▍         | 959/22162 [31:14:17 > 1:27:32]
SOAP:   4%|▍         | 960/22162 [30:59:54 > 1:27:37]
SOAP:   4%|▍         | 961/22162 [30:57:10 > 1:27:42]
SOAP:   4%|▍         | 962/22162 [31:03:27 > 1:27:48]
SOAP:   4%|▍         | 963/22162 [31:26:35 > 1:27:53]
SOAP:   4%|▍         | 964/22162 [32:57:25 > 1:27:59]
SOAP:   4%|▍         | 965/22162 [34:50:47 > 1:28:06]
SOAP:   4%|▍         | 966/22162 [33:29:53 > 1:28:11]
SOAP:   4%|▍         | 967/22162 [33:55:41 > 1:28:17]
SOAP:   4%|▍         | 968/22162 [32:58:58 > 1:28:22]
SOAP:   4%|▍         | 969/22162 [32:36:06 > 1:28:28]
SOAP:   4%|▍         | 970/22162 [31:29:40 > 1:28:33]
SOAP:   4%|▍         | 971/22162 [31:49:25 > 1:28:38]
SOAP:   4%|▍         | 972/22162 [29:31:37 > 1:28:42]
SOAP:   4%|▍         | 973/22162 [29:31:56 > 1:28:47]
SOAP:   4%|▍         | 974/22162 [30:29:40 > 1:28:53]
SOAP:   4%|▍         | 975/22162 [31:41:20 > 1:28:59]
SOAP:   4%|▍         | 976/22162 [25:08:39 > 1:29:00]
SOAP:   4%|▍         | 977/22162 [36:47:45 > 1:29:11]
SOAP:   4%|▍         | 978/22162 [36:25:59 > 1:29:17]
SOAP:   4%|▍         | 979/22162 [34:00:52 > 1:29:22]
SOAP:   4%|▍         | 980/22162 [34:49:31 > 1:29:28]
SOAP:   4%|▍         | 981/22162 [35:51:30 > 1:29:35]
SOAP:   4%|▍         | 982/22162 [33:21:18 > 1:29:40]
SOAP:   4%|▍         | 983/22162 [32:07:06 > 1:29:45]
SOAP:   4%|▍         | 984/22162 [30:51:49 > 1:29:49]
SOAP:   4%|▍         | 985/22162 [31:37:07 > 1:29:55]
SOAP:   4%|▍         | 986/22162 [28:56:20 > 1:29:59]
SOAP:   4%|▍         | 987/22162 [30:15:37 > 1:30:04]
SOAP:   4%|▍         | 988/22162 [30:38:28 > 1:30:10]
SOAP:   4%|▍         | 989/22162 [32:25:24 > 1:30:16]
SOAP:   4%|▍         | 990/22162 [33:56:20 > 1:30:22]
SOAP:   4%|▍         | 991/22162 [35:04:32 > 1:30:29]
SOAP:   4%|▍         | 992/22162 [34:25:15 > 1:30:34]
SOAP:   4%|▍         | 993/22162 [33:10:03 > 1:30:40]
SOAP:   4%|▍         | 994/22162 [32:42:11 > 1:30:45]
SOAP:   4%|▍         | 995/22162 [32:15:11 > 1:30:50]
SOAP:   4%|▍         | 996/22162 [29:51:48 > 1:30:54]
SOAP:   4%|▍         | 997/22162 [28:45:41 > 1:30:59]
SOAP:   5%|▍         | 998/22162 [28:55:30 > 1:31:04]
SOAP:   5%|▍         | 999/22162 [30:21:38 > 1:31:10]
SOAP:   5%|▍         | 1000/22162 [31:18:46 > 1:31:15]
SOAP:   5%|▍         | 1001/22162 [34:54:32 > 1:31:23]
SOAP:   5%|▍         | 1002/22162 [34:20:32 > 1:31:28]
SOAP:   5%|▍         | 1003/22162 [34:54:47 > 1:31:34]
SOAP:   5%|▍         | 1004/22162 [35:19:56 > 1:31:41]
SOAP:   5%|▍         | 1005/22162 [34:02:13 > 1:31:46]
SOAP:   5%|▍         | 1006/22162 [32:52:57 > 1:31:51]
SOAP:   5%|▍         | 1007/22162 [31:53:42 > 1:31:56]
SOAP:   5%|▍         | 1008/22162 [31:02:57 > 1:32:01]
SOAP:   5%|▍         | 1009/22162 [30:08:48 > 1:32:06]
SOAP:   5%|▍         | 1010/22162 [30:12:52 > 1:32:11]
SOAP:   5%|▍         | 1011/22162 [30:25:53 > 1:32:16]
SOAP:   5%|▍         | 1012/22162 [30:38:52 > 1:32:22]
SOAP:   5%|▍         | 1013/22162 [31:12:20 > 1:32:27]
SOAP:   5%|▍         | 1014/22162 [32:47:14 > 1:32:33]
SOAP:   5%|▍         | 1015/22162 [34:48:19 > 1:32:40]
SOAP:   5%|▍         | 1016/22162 [33:30:03 > 1:32:45]
SOAP:   5%|▍         | 1017/22162 [33:56:22 > 1:32:51]
SOAP:   5%|▍         | 1018/22162 [33:05:02 > 1:32:56]
SOAP:   5%|▍         | 1019/22162 [32:39:49 > 1:33:02]
SOAP:   5%|▍         | 1020/22162 [31:20:37 > 1:33:07]
SOAP:   5%|▍         | 1021/22162 [31:40:53 > 1:33:12]
SOAP:   5%|▍         | 1022/22162 [29:34:44 > 1:33:16]
SOAP:   5%|▍         | 1023/22162 [29:27:57 > 1:33:21]
SOAP:   5%|▍         | 1024/22162 [30:20:40 > 1:33:27]
SOAP:   5%|▍         | 1025/22162 [27:43:17 > 1:33:31]
SOAP:   5%|▍         | 1026/22162 [34:41:57 > 1:33:39]
SOAP:   5%|▍         | 1027/22162 [34:51:13 > 1:33:45]
SOAP:   5%|▍         | 1028/22162 [35:05:57 > 1:33:51]
SOAP:   5%|▍         | 1029/22162 [35:31:38 > 1:33:58]
SOAP:   5%|▍         | 1030/22162 [33:23:33 > 1:34:02]
SOAP:   5%|▍         | 1031/22162 [34:51:36 > 1:34:09]
SOAP:   5%|▍         | 1032/22162 [32:41:54 > 1:34:14]
SOAP:   5%|▍         | 1033/22162 [29:18:38 > 1:34:17]
SOAP:   5%|▍         | 1034/22162 [31:06:21 > 1:34:23]
SOAP:   5%|▍         | 1035/22162 [31:42:02 > 1:34:29]
SOAP:   5%|▍         | 1036/22162 [29:02:07 > 1:34:33]
SOAP:   5%|▍         | 1037/22162 [23:11:59 > 1:34:34]
SOAP:   5%|▍         | 1038/22162 [32:32:36 > 1:34:44]
SOAP:   5%|▍         | 1039/22162 [33:53:09 > 1:34:50]
SOAP:   5%|▍         | 1040/22162 [34:54:36 > 1:34:56]
SOAP:   5%|▍         | 1041/22162 [35:37:23 > 1:35:03]
SOAP:   5%|▍         | 1042/22162 [34:54:22 > 1:35:08]
SOAP:   5%|▍         | 1043/22162 [33:37:36 > 1:35:14]
SOAP:   5%|▍         | 1044/22162 [32:47:14 > 1:35:19]
SOAP:   5%|▍         | 1045/22162 [32:15:55 > 1:35:24]
SOAP:   5%|▍         | 1046/22162 [29:58:07 > 1:35:28]
SOAP:   5%|▍         | 1047/22162 [27:51:25 > 1:35:32]
SOAP:   5%|▍         | 1048/22162 [29:06:05 > 1:35:38]
SOAP:   5%|▍         | 1049/22162 [30:29:16 > 1:35:43]
SOAP:   5%|▍         | 1050/22162 [31:08:05 > 1:35:49]
SOAP:   5%|▍         | 1051/22162 [34:58:22 > 1:35:57]
SOAP:   5%|▍         | 1052/22162 [34:28:02 > 1:36:02]
SOAP:   5%|▍         | 1053/22162 [34:58:11 > 1:36:08]
SOAP:   5%|▍         | 1054/22162 [35:24:03 > 1:36:15]
SOAP:   5%|▍         | 1055/22162 [34:08:02 > 1:36:20]
SOAP:   5%|▍         | 1056/22162 [32:54:48 > 1:36:25]
SOAP:   5%|▍         | 1057/22162 [30:02:37 > 1:36:29]
SOAP:   5%|▍         | 1058/22162 [31:41:43 > 1:36:35]
SOAP:   5%|▍         | 1059/22162 [30:39:15 > 1:36:40]
SOAP:   5%|▍         | 1060/22162 [30:32:50 > 1:36:45]
SOAP:   5%|▍         | 1061/22162 [30:40:07 > 1:36:50]
SOAP:   5%|▍         | 1062/22162 [30:49:49 > 1:36:56]
SOAP:   5%|▍         | 1063/22162 [24:28:18 > 1:36:57]
SOAP:   5%|▍         | 1064/22162 [34:33:39 > 1:37:07]
SOAP:   5%|▍         | 1065/22162 [35:59:43 > 1:37:14]
SOAP:   5%|▍         | 1066/22162 [31:11:45 > 1:37:17]
SOAP:   5%|▍         | 1067/22162 [35:18:16 > 1:37:25]
SOAP:   5%|▍         | 1068/22162 [33:55:07 > 1:37:30]
SOAP:   5%|▍         | 1069/22162 [33:11:30 > 1:37:36]
SOAP:   5%|▍         | 1070/22162 [31:51:31 > 1:37:41]
SOAP:   5%|▍         | 1071/22162 [32:01:58 > 1:37:46]
SOAP:   5%|▍         | 1072/22162 [24:41:33 > 1:37:47]
SOAP:   5%|▍         | 1073/22162 [31:06:03 > 1:37:55]
SOAP:   5%|▍         | 1074/22162 [31:32:26 > 1:38:01]
SOAP:   5%|▍         | 1075/22162 [32:22:43 > 1:38:07]
SOAP:   5%|▍         | 1076/22162 [34:09:53 > 1:38:13]
SOAP:   5%|▍         | 1077/22162 [34:27:13 > 1:38:19]
SOAP:   5%|▍         | 1078/22162 [34:57:16 > 1:38:25]
SOAP:   5%|▍         | 1079/22162 [35:29:38 > 1:38:32]
SOAP:   5%|▍         | 1080/22162 [33:18:04 > 1:38:36]
SOAP:   5%|▍         | 1081/22162 [34:46:00 > 1:38:43]
SOAP:   5%|▍         | 1082/22162 [32:35:58 > 1:38:48]
SOAP:   5%|▍         | 1083/22162 [31:10:35 > 1:38:52]
SOAP:   5%|▍         | 1084/22162 [24:51:16 > 1:38:54]
SOAP:   5%|▍         | 1085/22162 [32:54:10 > 1:39:03]
SOAP:   5%|▍         | 1086/22162 [30:06:13 > 1:39:07]
SOAP:   5%|▍         | 1087/22162 [27:40:25 > 1:39:11]
SOAP:   5%|▍         | 1088/22162 [31:55:37 > 1:39:18]
SOAP:   5%|▍         | 1089/22162 [33:22:26 > 1:39:24]
SOAP:   5%|▍         | 1090/22162 [34:37:55 > 1:39:31]
SOAP:   5%|▍         | 1091/22162 [35:22:18 > 1:39:37]
SOAP:   5%|▍         | 1092/22162 [34:37:52 > 1:39:43]
SOAP:   5%|▍         | 1093/22162 [26:57:05 > 1:39:44]
SOAP:   5%|▍         | 1094/22162 [34:37:27 > 1:39:53]
SOAP:   5%|▍         | 1095/22162 [33:26:19 > 1:39:58]
SOAP:   5%|▍         | 1096/22162 [30:41:40 > 1:40:02]
SOAP:   5%|▍         | 1097/22162 [27:24:20 > 1:40:06]
SOAP:   5%|▍         | 1098/22162 [29:42:34 > 1:40:12]
SOAP:   5%|▍         | 1099/22162 [30:42:41 > 1:40:17]
SOAP:   5%|▍         | 1100/22162 [30:05:33 > 1:40:22]
SOAP:   5%|▍         | 1101/22162 [35:16:24 > 1:40:30]
SOAP:   5%|▍         | 1102/22162 [34:07:11 > 1:40:36]
SOAP:   5%|▍         | 1103/22162 [34:52:45 > 1:40:42]
SOAP:   5%|▍         | 1104/22162 [27:57:23 > 1:40:44]
SOAP:   5%|▍         | 1105/22162 [35:46:52 > 1:40:53]
SOAP:   5%|▍         | 1106/22162 [33:53:18 > 1:40:58]
SOAP:   5%|▍         | 1107/22162 [32:30:23 > 1:41:03]
SOAP:   5%|▍         | 1108/22162 [31:19:35 > 1:41:08]
SOAP:   5%|▌         | 1109/22162 [30:15:45 > 1:41:13]
SOAP:   5%|▌         | 1110/22162 [30:13:48 > 1:41:18]
SOAP:   5%|▌         | 1111/22162 [30:18:50 > 1:41:23]
SOAP:   5%|▌         | 1112/22162 [30:29:04 > 1:41:29]
SOAP:   5%|▌         | 1113/22162 [30:58:10 > 1:41:34]
SOAP:   5%|▌         | 1114/22162 [30:30:03 > 1:41:39]
SOAP:   5%|▌         | 1115/22162 [35:19:43 > 1:41:47]
SOAP:   5%|▌         | 1116/22162 [28:05:23 > 1:41:49]
SOAP:   5%|▌         | 1117/22162 [35:47:48 > 1:41:58]
SOAP:   5%|▌         | 1118/22162 [34:17:01 > 1:42:04]
SOAP:   5%|▌         | 1119/22162 [33:21:00 > 1:42:09]
SOAP:   5%|▌         | 1120/22162 [31:50:09 > 1:42:14]
SOAP:   5%|▌         | 1121/22162 [30:43:39 > 1:42:19]
SOAP:   5%|▌         | 1122/22162 [29:48:13 > 1:42:23]
SOAP:   5%|▌         | 1123/22162 [29:39:11 > 1:42:28]
SOAP:   5%|▌         | 1124/22162 [30:25:17 > 1:42:34]
SOAP:   5%|▌         | 1125/22162 [31:22:58 > 1:42:40]
SOAP:   5%|▌         | 1126/22162 [33:22:03 > 1:42:46]
SOAP:   5%|▌         | 1127/22162 [33:54:45 > 1:42:52]
SOAP:   5%|▌         | 1128/22162 [34:18:38 > 1:42:58]
SOAP:   5%|▌         | 1129/22162 [34:52:53 > 1:43:04]
SOAP:   5%|▌         | 1130/22162 [33:00:05 > 1:43:09]
SOAP:   5%|▌         | 1131/22162 [25:57:12 > 1:43:11]
SOAP:   5%|▌         | 1132/22162 [34:55:21 > 1:43:20]
SOAP:   5%|▌         | 1133/22162 [33:03:29 > 1:43:25]
SOAP:   5%|▌         | 1134/22162 [31:26:40 > 1:43:30]
SOAP:   5%|▌         | 1135/22162 [31:53:43 > 1:43:36]
SOAP:   5%|▌         | 1136/22162 [29:17:13 > 1:43:40]
SOAP:   5%|▌         | 1137/22162 [30:08:40 > 1:43:45]
SOAP:   5%|▌         | 1138/22162 [30:31:45 > 1:43:51]
SOAP:   5%|▌         | 1139/22162 [24:49:24 > 1:43:53]
SOAP:   5%|▌         | 1140/22162 [36:04:53 > 1:44:03]
SOAP:   5%|▌         | 1141/22162 [36:29:55 > 1:44:10]
SOAP:   5%|▌         | 1142/22162 [27:52:49 > 1:44:11]
SOAP:   5%|▌         | 1143/22162 [36:12:13 > 1:44:21]
SOAP:   5%|▌         | 1144/22162 [34:40:26 > 1:44:26]
SOAP:   5%|▌         | 1145/22162 [33:33:56 > 1:44:31]
SOAP:   5%|▌         | 1146/22162 [30:56:54 > 1:44:35]
SOAP:   5%|▌         | 1147/22162 [28:32:12 > 1:44:39]
SOAP:   5%|▌         | 1148/22162 [29:34:30 > 1:44:45]
SOAP:   5%|▌         | 1149/22162 [30:47:16 > 1:44:51]
SOAP:   5%|▌         | 1150/22162 [31:25:18 > 1:44:56]
SOAP:   5%|▌         | 1151/22162 [34:57:36 > 1:45:04]
SOAP:   5%|▌         | 1152/22162 [31:34:01 > 1:45:08]
SOAP:   5%|▌         | 1153/22162 [35:33:10 > 1:45:15]
SOAP:   5%|▌         | 1154/22162 [35:42:08 > 1:45:22]
SOAP:   5%|▌         | 1155/22162 [34:14:14 > 1:45:27]
SOAP:   5%|▌         | 1156/22162 [32:59:28 > 1:45:32]
SOAP:   5%|▌         | 1157/22162 [31:49:53 > 1:45:37]
SOAP:   5%|▌         | 1158/22162 [30:56:07 > 1:45:42]
SOAP:   5%|▌         | 1159/22162 [30:01:35 > 1:45:47]
SOAP:   5%|▌         | 1160/22162 [23:43:10 > 1:45:48]
SOAP:   5%|▌         | 1161/22162 [32:04:32 > 1:45:57]
SOAP:   5%|▌         | 1162/22162 [31:46:53 > 1:46:02]
SOAP:   5%|▌         | 1163/22162 [31:59:06 > 1:46:08]
SOAP:   5%|▌         | 1164/22162 [33:19:40 > 1:46:14]
SOAP:   5%|▌         | 1165/22162 [35:07:39 > 1:46:21]
SOAP:   5%|▌         | 1166/22162 [33:40:33 > 1:46:26]
SOAP:   5%|▌         | 1167/22162 [33:57:28 > 1:46:32]
SOAP:   5%|▌         | 1168/22162 [33:02:03 > 1:46:37]
SOAP:   5%|▌         | 1169/22162 [32:32:55 > 1:46:43]
SOAP:   5%|▌         | 1170/22162 [31:18:15 > 1:46:48]
SOAP:   5%|▌         | 1171/22162 [30:47:46 > 1:46:53]
SOAP:   5%|▌         | 1172/22162 [29:38:24 > 1:46:57]
SOAP:   5%|▌         | 1173/22162 [29:32:08 > 1:47:02]
SOAP:   5%|▌         | 1174/22162 [30:18:45 > 1:47:08]
SOAP:   5%|▌         | 1175/22162 [31:25:48 > 1:47:14]
SOAP:   5%|▌         | 1176/22162 [33:29:11 > 1:47:20]
SOAP:   5%|▌         | 1177/22162 [33:58:36 > 1:47:26]
SOAP:   5%|▌         | 1178/22162 [34:27:15 > 1:47:32]
SOAP:   5%|▌         | 1179/22162 [35:04:53 > 1:47:39]
SOAP:   5%|▌         | 1180/22162 [33:04:05 > 1:47:44]
SOAP:   5%|▌         | 1181/22162 [34:32:22 > 1:47:50]
SOAP:   5%|▌         | 1182/22162 [32:22:16 > 1:47:55]
SOAP:   5%|▌         | 1183/22162 [31:14:50 > 1:48:00]
SOAP:   5%|▌         | 1184/22162 [30:11:33 > 1:48:04]
SOAP:   5%|▌         | 1185/22162 [23:55:40 > 1:48:06]
SOAP:   5%|▌         | 1186/22162 [30:47:11 > 1:48:14]
SOAP:   5%|▌         | 1187/22162 [31:12:11 > 1:48:20]
SOAP:   5%|▌         | 1188/22162 [24:25:24 > 1:48:21]
SOAP:   5%|▌         | 1189/22162 [34:40:07 > 1:48:31]
SOAP:   5%|▌         | 1190/22162 [35:42:54 > 1:48:38]
SOAP:   5%|▌         | 1191/22162 [36:04:50 > 1:48:44]
SOAP:   5%|▌         | 1192/22162 [35:11:06 > 1:48:50]
SOAP:   5%|▌         | 1193/22162 [33:44:20 > 1:48:55]
SOAP:   5%|▌         | 1194/22162 [32:59:55 > 1:49:00]
SOAP:   5%|▌         | 1195/22162 [32:24:06 > 1:49:06]
SOAP:   5%|▌         | 1196/22162 [29:59:42 > 1:49:10]
SOAP:   5%|▌         | 1197/22162 [28:45:54 > 1:49:14]
SOAP:   5%|▌         | 1198/22162 [28:49:09 > 1:49:19]
SOAP:   5%|▌         | 1199/22162 [30:01:21 > 1:49:25]
SOAP:   5%|▌         | 1200/22162 [30:58:09 > 1:49:31]
SOAP:   5%|▌         | 1201/22162 [34:29:11 > 1:49:38]
SOAP:   5%|▌         | 1202/22162 [33:58:08 > 1:49:44]
SOAP:   5%|▌         | 1203/22162 [34:27:40 > 1:49:50]
SOAP:   5%|▌         | 1204/22162 [34:51:30 > 1:49:56]
SOAP:   5%|▌         | 1205/22162 [33:36:35 > 1:50:01]
SOAP:   5%|▌         | 1206/22162 [32:26:07 > 1:50:06]
SOAP:   5%|▌         | 1207/22162 [31:29:24 > 1:50:11]
SOAP:   5%|▌         | 1208/22162 [30:42:46 > 1:50:16]
SOAP:   5%|▌         | 1209/22162 [28:35:26 > 1:50:20]
SOAP:   5%|▌         | 1210/22162 [30:16:46 > 1:50:26]
SOAP:   5%|▌         | 1211/22162 [30:15:29 > 1:50:31]
SOAP:   5%|▌         | 1212/22162 [30:27:00 > 1:50:37]
SOAP:   5%|▌         | 1213/22162 [29:06:57 > 1:50:41]
SOAP:   5%|▌         | 1214/22162 [32:56:36 > 1:50:48]
SOAP:   5%|▌         | 1215/22162 [25:27:01 > 1:50:50]
SOAP:   5%|▌         | 1216/22162 [36:10:44 > 1:51:00]
SOAP:   5%|▌         | 1217/22162 [35:39:13 > 1:51:06]
SOAP:   5%|▌         | 1218/22162 [34:11:05 > 1:51:11]
SOAP:   6%|▌         | 1219/22162 [33:03:45 > 1:51:17]
SOAP:   6%|▌         | 1220/22162 [31:42:49 > 1:51:22]
SOAP:   6%|▌         | 1221/22162 [31:47:01 > 1:51:27]
SOAP:   6%|▌         | 1222/22162 [25:02:13 > 1:51:29]
SOAP:   6%|▌         | 1223/22162 [30:39:52 > 1:51:36]
SOAP:   6%|▌         | 1224/22162 [25:45:56 > 1:51:39]
SOAP:   6%|▌         | 1225/22162 [33:35:06 > 1:51:48]
SOAP:   6%|▌         | 1226/22162 [34:54:25 > 1:51:54]
SOAP:   6%|▌         | 1227/22162 [34:57:44 > 1:52:00]
SOAP:   6%|▌         | 1228/22162 [35:06:17 > 1:52:06]
SOAP:   6%|▌         | 1229/22162 [35:22:21 > 1:52:12]
SOAP:   6%|▌         | 1230/22162 [33:11:26 > 1:52:17]
SOAP:   6%|▌         | 1231/22162 [34:32:17 > 1:52:24]
SOAP:   6%|▌         | 1232/22162 [32:23:20 > 1:52:28]
SOAP:   6%|▌         | 1233/22162 [31:16:06 > 1:52:33]
SOAP:   6%|▌         | 1234/22162 [30:07:44 > 1:52:38]
SOAP:   6%|▌         | 1235/22162 [30:49:05 > 1:52:44]
SOAP:   6%|▌         | 1236/22162 [28:31:06 > 1:52:48]
SOAP:   6%|▌         | 1237/22162 [22:41:56 > 1:52:49]
SOAP:   6%|▌         | 1238/22162 [32:19:00 > 1:52:59]
SOAP:   6%|▌         | 1239/22162 [33:37:32 > 1:53:05]
SOAP:   6%|▌         | 1240/22162 [34:48:03 > 1:53:11]
SOAP:   6%|▌         | 1241/22162 [35:35:44 > 1:53:18]
SOAP:   6%|▌         | 1242/22162 [34:49:59 > 1:53:24]
SOAP:   6%|▌         | 1243/22162 [33:30:16 > 1:53:29]
SOAP:   6%|▌         | 1244/22162 [26:15:53 > 1:53:30]
SOAP:   6%|▌         | 1245/22162 [34:09:35 > 1:53:39]
SOAP:   6%|▌         | 1246/22162 [31:08:36 > 1:53:44]
SOAP:   6%|▌         | 1247/22162 [29:32:32 > 1:53:48]
SOAP:   6%|▌         | 1248/22162 [29:21:44 > 1:53:53]
SOAP:   6%|▌         | 1249/22162 [30:26:27 > 1:53:59]
SOAP:   6%|▌         | 1250/22162 [31:15:34 > 1:54:04]
SOAP:   6%|▌         | 1251/22162 [34:38:19 > 1:54:12]
SOAP:   6%|▌         | 1252/22162 [34:05:17 > 1:54:17]
SOAP:   6%|▌         | 1253/22162 [34:29:02 > 1:54:23]
SOAP:   6%|▌         | 1254/22162 [34:49:29 > 1:54:30]
SOAP:   6%|▌         | 1255/22162 [33:36:54 > 1:54:35]
SOAP:   6%|▌         | 1256/22162 [32:28:09 > 1:54:40]
SOAP:   6%|▌         | 1257/22162 [31:31:15 > 1:54:45]
SOAP:   6%|▌         | 1258/22162 [30:39:39 > 1:54:50]
SOAP:   6%|▌         | 1259/22162 [29:52:34 > 1:54:55]
SOAP:   6%|▌         | 1260/22162 [29:53:23 > 1:55:00]
SOAP:   6%|▌         | 1261/22162 [30:01:33 > 1:55:05]
SOAP:   6%|▌         | 1262/22162 [30:11:06 > 1:55:10]
SOAP:   6%|▌         | 1263/22162 [30:48:22 > 1:55:16]
SOAP:   6%|▌         | 1264/22162 [32:20:03 > 1:55:22]
SOAP:   6%|▌         | 1265/22162 [34:16:48 > 1:55:29]
SOAP:   6%|▌         | 1266/22162 [33:00:37 > 1:55:34]
SOAP:   6%|▌         | 1267/22162 [25:27:13 > 1:55:35]
SOAP:   6%|▌         | 1268/22162 [34:49:06 > 1:55:45]
SOAP:   6%|▌         | 1269/22162 [30:49:03 > 1:55:49]
SOAP:   6%|▌         | 1270/22162 [27:12:47 > 1:55:52]
SOAP:   6%|▌         | 1271/22162 [34:18:23 > 1:56:01]
SOAP:   6%|▌         | 1272/22162 [26:19:47 > 1:56:02]
SOAP:   6%|▌         | 1273/22162 [31:53:58 > 1:56:10]
SOAP:   6%|▌         | 1274/22162 [31:50:46 > 1:56:15]
SOAP:   6%|▌         | 1275/22162 [25:09:15 > 1:56:17]
SOAP:   6%|▌         | 1276/22162 [35:50:08 > 1:56:28]
SOAP:   6%|▌         | 1277/22162 [35:25:48 > 1:56:33]
SOAP:   6%|▌         | 1278/22162 [35:19:54 > 1:56:40]
SOAP:   6%|▌         | 1279/22162 [35:19:54 > 1:56:46]
SOAP:   6%|▌         | 1280/22162 [27:24:08 > 1:56:47]
SOAP:   6%|▌         | 1281/22162 [35:53:33 > 1:56:57]
SOAP:   6%|▌         | 1282/22162 [33:09:45 > 1:57:01]
SOAP:   6%|▌         | 1283/22162 [31:40:49 > 1:57:06]
SOAP:   6%|▌         | 1284/22162 [30:20:09 > 1:57:11]
SOAP:   6%|▌         | 1285/22162 [30:55:05 > 1:57:17]
SOAP:   6%|▌         | 1286/22162 [28:35:09 > 1:57:20]
SOAP:   6%|▌         | 1287/22162 [22:47:51 > 1:57:22]
SOAP:   6%|▌         | 1288/22162 [32:04:05 > 1:57:31]
SOAP:   6%|▌         | 1289/22162 [33:17:23 > 1:57:38]
SOAP:   6%|▌         | 1290/22162 [34:26:41 > 1:57:44]
SOAP:   6%|▌         | 1291/22162 [32:36:10 > 1:57:49]
SOAP:   6%|▌         | 1292/22162 [35:09:33 > 1:57:56]
SOAP:   6%|▌         | 1293/22162 [33:31:24 > 1:58:01]
SOAP:   6%|▌         | 1294/22162 [32:32:27 > 1:58:06]
SOAP:   6%|▌         | 1295/22162 [31:51:15 > 1:58:12]
SOAP:   6%|▌         | 1296/22162 [29:22:42 > 1:58:16]
SOAP:   6%|▌         | 1297/22162 [28:12:10 > 1:58:20]
SOAP:   6%|▌         | 1298/22162 [28:04:42 > 1:58:25]
SOAP:   6%|▌         | 1299/22162 [29:26:13 > 1:58:30]
SOAP:   6%|▌         | 1300/22162 [30:20:41 > 1:58:36]
SOAP:   6%|▌         | 1301/22162 [33:54:30 > 1:58:43]
SOAP:   6%|▌         | 1302/22162 [33:28:04 > 1:58:49]
SOAP:   6%|▌         | 1303/22162 [34:08:46 > 1:58:55]
SOAP:   6%|▌         | 1304/22162 [34:32:07 > 1:59:01]
SOAP:   6%|▌         | 1305/22162 [33:17:00 > 1:59:06]
SOAP:   6%|▌         | 1306/22162 [30:16:54 > 1:59:10]
SOAP:   6%|▌         | 1307/22162 [31:45:38 > 1:59:17]
SOAP:   6%|▌         | 1308/22162 [30:47:55 > 1:59:21]
SOAP:   6%|▌         | 1309/22162 [29:52:10 > 1:59:26]
SOAP:   6%|▌         | 1310/22162 [29:47:40 > 1:59:31]
SOAP:   6%|▌         | 1311/22162 [30:01:31 > 1:59:37]
SOAP:   6%|▌         | 1312/22162 [30:11:09 > 1:59:42]
SOAP:   6%|▌         | 1313/22162 [27:19:34 > 1:59:45]
SOAP:   6%|▌         | 1314/22162 [33:09:27 > 1:59:54]
SOAP:   6%|▌         | 1315/22162 [34:54:01 > 2:00:00]
SOAP:   6%|▌         | 1316/22162 [33:21:32 > 2:00:05]
SOAP:   6%|▌         | 1317/22162 [33:40:05 > 2:00:11]
SOAP:   6%|▌         | 1318/22162 [32:41:48 > 2:00:17]
SOAP:   6%|▌         | 1319/22162 [32:11:47 > 2:00:22]
SOAP:   6%|▌         | 1320/22162 [30:56:12 > 2:00:27]
SOAP:   6%|▌         | 1321/22162 [31:13:16 > 2:00:32]
SOAP:   6%|▌         | 1322/22162 [29:02:58 > 2:00:36]
SOAP:   6%|▌         | 1323/22162 [28:54:59 > 2:00:41]
SOAP:   6%|▌         | 1324/22162 [29:50:35 > 2:00:47]
SOAP:   6%|▌         | 1325/22162 [30:57:52 > 2:00:53]
SOAP:   6%|▌         | 1326/22162 [32:53:17 > 2:00:59]
SOAP:   6%|▌         | 1327/22162 [31:16:37 > 2:01:04]
SOAP:   6%|▌         | 1328/22162 [34:34:04 > 2:01:11]
SOAP:   6%|▌         | 1329/22162 [34:58:10 > 2:01:17]
SOAP:   6%|▌         | 1330/22162 [32:51:50 > 2:01:22]
SOAP:   6%|▌         | 1331/22162 [34:16:53 > 2:01:29]
SOAP:   6%|▌         | 1332/22162 [32:09:37 > 2:01:34]
SOAP:   6%|▌         | 1333/22162 [31:02:59 > 2:01:38]
SOAP:   6%|▌         | 1334/22162 [29:58:02 > 2:01:43]
SOAP:   6%|▌         | 1335/22162 [30:43:01 > 2:01:49]
SOAP:   6%|▌         | 1336/22162 [28:18:44 > 2:01:53]
SOAP:   6%|▌         | 1337/22162 [24:43:24 > 2:01:56]
SOAP:   6%|▌         | 1338/22162 [31:19:11 > 2:02:04]
SOAP:   6%|▌         | 1339/22162 [25:18:20 > 2:02:06]
SOAP:   6%|▌         | 1340/22162 [36:08:07 > 2:02:16]
SOAP:   6%|▌         | 1341/22162 [30:04:22 > 2:02:19]
SOAP:   6%|▌         | 1342/22162 [29:40:46 > 2:02:24]
SOAP:   6%|▌         | 1343/22162 [37:17:21 > 2:02:33]
SOAP:   6%|▌         | 1344/22162 [35:24:15 > 2:02:39]
SOAP:   6%|▌         | 1345/22162 [33:59:55 > 2:02:44]
SOAP:   6%|▌         | 1346/22162 [29:58:44 > 2:02:48]
SOAP:   6%|▌         | 1347/22162 [29:45:50 > 2:02:53]
SOAP:   6%|▌         | 1348/22162 [29:31:23 > 2:02:58]
SOAP:   6%|▌         | 1349/22162 [30:37:45 > 2:03:03]
SOAP:   6%|▌         | 1350/22162 [31:20:15 > 2:03:09]
SOAP:   6%|▌         | 1351/22162 [33:03:35 > 2:03:16]
SOAP:   6%|▌         | 1352/22162 [28:54:07 > 2:03:19]
SOAP:   6%|▌         | 1353/22162 [36:38:54 > 2:03:28]
SOAP:   6%|▌         | 1354/22162 [36:18:49 > 2:03:35]
SOAP:   6%|▌         | 1355/22162 [34:32:03 > 2:03:40]
SOAP:   6%|▌         | 1356/22162 [33:03:36 > 2:03:45]
SOAP:   6%|▌         | 1357/22162 [31:54:41 > 2:03:50]
SOAP:   6%|▌         | 1358/22162 [30:57:18 > 2:03:55]
SOAP:   6%|▌         | 1359/22162 [30:06:14 > 2:04:00]
SOAP:   6%|▌         | 1360/22162 [30:08:05 > 2:04:05]
SOAP:   6%|▌         | 1361/22162 [30:12:10 > 2:04:10]
SOAP:   6%|▌         | 1362/22162 [30:23:14 > 2:04:16]
SOAP:   6%|▌         | 1363/22162 [30:40:06 > 2:04:21]
SOAP:   6%|▌         | 1364/22162 [32:12:08 > 2:04:27]
SOAP:   6%|▌         | 1365/22162 [34:10:37 > 2:04:34]
SOAP:   6%|▌         | 1366/22162 [26:46:15 > 2:04:36]
SOAP:   6%|▌         | 1367/22162 [35:16:58 > 2:04:45]
SOAP:   6%|▌         | 1368/22162 [33:44:47 > 2:04:50]
SOAP:   6%|▌         | 1369/22162 [32:52:37 > 2:04:56]
SOAP:   6%|▌         | 1370/22162 [25:51:33 > 2:04:57]
SOAP:   6%|▌         | 1371/22162 [33:09:47 > 2:05:06]
SOAP:   6%|▌         | 1372/22162 [25:29:41 > 2:05:07]
SOAP:   6%|▌         | 1373/22162 [31:13:49 > 2:05:15]
SOAP:   6%|▌         | 1374/22162 [31:25:57 > 2:05:21]
SOAP:   6%|▌         | 1375/22162 [24:58:03 > 2:05:22]
SOAP:   6%|▌         | 1376/22162 [35:57:20 > 2:05:33]
SOAP:   6%|▌         | 1377/22162 [35:33:42 > 2:05:39]
SOAP:   6%|▌         | 1378/22162 [27:49:22 > 2:05:41]
SOAP:   6%|▌         | 1379/22162 [37:50:52 > 2:05:51]
SOAP:   6%|▌         | 1380/22162 [34:57:40 > 2:05:56]
SOAP:   6%|▌         | 1381/22162 [35:46:32 > 2:06:03]
SOAP:   6%|▌         | 1382/22162 [33:14:07 > 2:06:07]
SOAP:   6%|▌         | 1383/22162 [31:50:13 > 2:06:12]
SOAP:   6%|▌         | 1384/22162 [30:33:18 > 2:06:17]
SOAP:   6%|▌         | 1385/22162 [31:09:01 > 2:06:23]
SOAP:   6%|▋         | 1386/22162 [28:45:40 > 2:06:27]
SOAP:   6%|▋         | 1387/22162 [29:42:19 > 2:06:32]
SOAP:   6%|▋         | 1388/22162 [30:11:10 > 2:06:38]
SOAP:   6%|▋         | 1389/22162 [31:59:01 > 2:06:44]
SOAP:   6%|▋         | 1390/22162 [25:17:47 > 2:06:46]
SOAP:   6%|▋         | 1391/22162 [36:52:24 > 2:06:57]
SOAP:   6%|▋         | 1392/22162 [35:37:53 > 2:07:02]
SOAP:   6%|▋         | 1393/22162 [33:55:55 > 2:07:08]
SOAP:   6%|▋         | 1394/22162 [30:57:07 > 2:07:12]
SOAP:   6%|▋         | 1395/22162 [32:50:54 > 2:07:18]
SOAP:   6%|▋         | 1396/22162 [30:13:36 > 2:07:22]
SOAP:   6%|▋         | 1397/22162 [28:49:38 > 2:07:27]
SOAP:   6%|▋         | 1398/22162 [28:48:19 > 2:07:32]
SOAP:   6%|▋         | 1399/22162 [30:05:43 > 2:07:38]
SOAP:   6%|▋         | 1400/22162 [30:59:41 > 2:07:43]
SOAP:   6%|▋         | 1401/22162 [34:28:23 > 2:07:51]
SOAP:   6%|▋         | 1402/22162 [33:54:03 > 2:07:56]
SOAP:   6%|▋         | 1403/22162 [34:21:39 > 2:08:03]
SOAP:   6%|▋         | 1404/22162 [34:44:50 > 2:08:09]
SOAP:   6%|▋         | 1405/22162 [33:32:18 > 2:08:14]
SOAP:   6%|▋         | 1406/22162 [32:26:49 > 2:08:19]
SOAP:   6%|▋         | 1407/22162 [31:28:36 > 2:08:24]
SOAP:   6%|▋         | 1408/22162 [30:36:28 > 2:08:29]
SOAP:   6%|▋         | 1409/22162 [29:46:29 > 2:08:34]
SOAP:   6%|▋         | 1410/22162 [29:46:44 > 2:08:39]
SOAP:   6%|▋         | 1411/22162 [29:57:15 > 2:08:45]
SOAP:   6%|▋         | 1412/22162 [30:04:28 > 2:08:50]
SOAP:   6%|▋         | 1413/22162 [30:28:26 > 2:08:55]
SOAP:   6%|▋         | 1414/22162 [28:58:32 > 2:09:00]
SOAP:   6%|▋         | 1415/22162 [35:01:42 > 2:09:08]
SOAP:   6%|▋         | 1416/22162 [33:31:18 > 2:09:13]
SOAP:   6%|▋         | 1417/22162 [33:41:59 > 2:09:19]
SOAP:   6%|▋         | 1418/22162 [32:39:46 > 2:09:25]
SOAP:   6%|▋         | 1419/22162 [32:14:14 > 2:09:30]
SOAP:   6%|▋         | 1420/22162 [30:55:09 > 2:09:35]
SOAP:   6%|▋         | 1421/22162 [31:09:06 > 2:09:40]
SOAP:   6%|▋         | 1422/22162 [28:55:58 > 2:09:44]
SOAP:   6%|▋         | 1423/22162 [28:53:30 > 2:09:49]
SOAP:   6%|▋         | 1424/22162 [29:50:03 > 2:09:55]
SOAP:   6%|▋         | 1425/22162 [31:06:33 > 2:10:01]
SOAP:   6%|▋         | 1426/22162 [32:07:26 > 2:10:07]
SOAP:   6%|▋         | 1427/22162 [33:53:20 > 2:10:14]
SOAP:   6%|▋         | 1428/22162 [34:19:22 > 2:10:20]
SOAP:   6%|▋         | 1429/22162 [32:48:51 > 2:10:25]
SOAP:   6%|▋         | 1430/22162 [33:15:19 > 2:10:31]
SOAP:   6%|▋         | 1431/22162 [34:25:19 > 2:10:37]
SOAP:   6%|▋         | 1432/22162 [32:13:27 > 2:10:42]
SOAP:   6%|▋         | 1433/22162 [31:04:28 > 2:10:47]
SOAP:   6%|▋         | 1434/22162 [29:58:13 > 2:10:52]
SOAP:   6%|▋         | 1435/22162 [30:46:13 > 2:10:57]
SOAP:   6%|▋         | 1436/22162 [28:23:56 > 2:11:01]
SOAP:   6%|▋         | 1437/22162 [29:25:10 > 2:11:07]
SOAP:   6%|▋         | 1438/22162 [29:56:48 > 2:11:12]
SOAP:   6%|▋         | 1439/22162 [31:50:59 > 2:11:18]
SOAP:   6%|▋         | 1440/22162 [33:25:41 > 2:11:25]
SOAP:   7%|▋         | 1441/22162 [34:33:05 > 2:11:31]
SOAP:   7%|▋         | 1442/22162 [32:04:28 > 2:11:36]
SOAP:   7%|▋         | 1443/22162 [33:24:21 > 2:11:42]
SOAP:   7%|▋         | 1444/22162 [32:37:04 > 2:11:48]
SOAP:   7%|▋         | 1445/22162 [31:59:42 > 2:11:53]
SOAP:   7%|▋         | 1446/22162 [29:37:31 > 2:11:57]
SOAP:   7%|▋         | 1447/22162 [28:19:43 > 2:12:02]
SOAP:   7%|▋         | 1448/22162 [28:27:07 > 2:12:07]
SOAP:   7%|▋         | 1449/22162 [29:51:08 > 2:12:12]
SOAP:   7%|▋         | 1450/22162 [30:42:34 > 2:12:18]
SOAP:   7%|▋         | 1451/22162 [34:16:06 > 2:12:25]
SOAP:   7%|▋         | 1452/22162 [33:45:39 > 2:12:31]
SOAP:   7%|▋         | 1453/22162 [34:19:59 > 2:12:37]
SOAP:   7%|▋         | 1454/22162 [34:37:16 > 2:12:43]
SOAP:   7%|▋         | 1455/22162 [33:23:22 > 2:12:49]
SOAP:   7%|▋         | 1456/22162 [31:15:19 > 2:12:53]
SOAP:   7%|▋         | 1457/22162 [31:30:23 > 2:12:59]
SOAP:   7%|▋         | 1458/22162 [30:33:07 > 2:13:04]
SOAP:   7%|▋         | 1459/22162 [29:42:40 > 2:13:09]
SOAP:   7%|▋         | 1460/22162 [29:43:48 > 2:13:14]
SOAP:   7%|▋         | 1461/22162 [29:52:47 > 2:13:19]
SOAP:   7%|▋         | 1462/22162 [30:08:38 > 2:13:24]
SOAP:   7%|▋         | 1463/22162 [23:55:41 > 2:13:26]
SOAP:   7%|▋         | 1464/22162 [34:23:36 > 2:13:36]
SOAP:   7%|▋         | 1465/22162 [35:49:01 > 2:13:43]
SOAP:   7%|▋         | 1466/22162 [34:03:28 > 2:13:48]
SOAP:   7%|▋         | 1467/22162 [34:08:03 > 2:13:54]
SOAP:   7%|▋         | 1468/22162 [33:01:18 > 2:14:00]
SOAP:   7%|▋         | 1469/22162 [25:51:15 > 2:14:01]
SOAP:   7%|▋         | 1470/22162 [32:56:12 > 2:14:10]
SOAP:   7%|▋         | 1471/22162 [25:26:35 > 2:14:11]
SOAP:   7%|▋         | 1472/22162 [32:05:32 > 2:14:19]
SOAP:   7%|▋         | 1473/22162 [30:46:24 > 2:14:24]
SOAP:   7%|▋         | 1474/22162 [31:00:28 > 2:14:30]
SOAP:   7%|▋         | 1475/22162 [31:41:55 > 2:14:35]
SOAP:   7%|▋         | 1476/22162 [33:24:55 > 2:14:42]
SOAP:   7%|▋         | 1477/22162 [33:42:30 > 2:14:48]
SOAP:   7%|▋         | 1478/22162 [34:09:48 > 2:14:54]
SOAP:   7%|▋         | 1479/22162 [34:35:31 > 2:15:00]
SOAP:   7%|▋         | 1480/22162 [32:27:55 > 2:15:05]
SOAP:   7%|▋         | 1481/22162 [25:30:57 > 2:15:07]
SOAP:   7%|▋         | 1482/22162 [34:23:08 > 2:15:16]
SOAP:   7%|▋         | 1483/22162 [32:35:26 > 2:15:21]
SOAP:   7%|▋         | 1484/22162 [30:59:08 > 2:15:26]
SOAP:   7%|▋         | 1485/22162 [31:20:28 > 2:15:32]
SOAP:   7%|▋         | 1486/22162 [28:49:07 > 2:15:36]
SOAP:   7%|▋         | 1487/22162 [29:39:01 > 2:15:41]
SOAP:   7%|▋         | 1488/22162 [29:58:51 > 2:15:46]
SOAP:   7%|▋         | 1489/22162 [31:48:04 > 2:15:53]
SOAP:   7%|▋         | 1490/22162 [33:20:10 > 2:15:59]
SOAP:   7%|▋         | 1491/22162 [34:20:26 > 2:16:06]
SOAP:   7%|▋         | 1492/22162 [33:47:49 > 2:16:11]
SOAP:   7%|▋         | 1493/22162 [32:37:58 > 2:16:16]
SOAP:   7%|▋         | 1494/22162 [31:58:16 > 2:16:22]
SOAP:   7%|▋         | 1495/22162 [31:32:22 > 2:16:27]
SOAP:   7%|▋         | 1496/22162 [29:22:49 > 2:16:31]
SOAP:   7%|▋         | 1497/22162 [28:08:44 > 2:16:36]
SOAP:   7%|▋         | 1498/22162 [28:19:56 > 2:16:41]
SOAP:   7%|▋         | 1499/22162 [29:42:41 > 2:16:46]
SOAP:   7%|▋         | 1500/22162 [30:33:19 > 2:16:52]
SOAP:   7%|▋         | 1501/22162 [34:02:48 > 2:16:59]
SOAP:   7%|▋         | 1502/22162 [33:30:06 > 2:17:05]
SOAP:   7%|▋         | 1503/22162 [34:06:55 > 2:17:11]
SOAP:   7%|▋         | 1504/22162 [34:29:41 > 2:17:17]
SOAP:   7%|▋         | 1505/22162 [33:20:34 > 2:17:23]
SOAP:   7%|▋         | 1506/22162 [32:13:43 > 2:17:28]
SOAP:   7%|▋         | 1507/22162 [29:06:38 > 2:17:32]
SOAP:   7%|▋         | 1508/22162 [31:04:05 > 2:17:38]
SOAP:   7%|▋         | 1509/22162 [28:21:46 > 2:17:42]
SOAP:   7%|▋         | 1510/22162 [30:31:29 > 2:17:48]
SOAP:   7%|▋         | 1511/22162 [30:20:29 > 2:17:53]
SOAP:   7%|▋         | 1512/22162 [30:25:20 > 2:17:59]
SOAP:   7%|▋         | 1513/22162 [24:02:23 > 2:18:00]
SOAP:   7%|▋         | 1514/22162 [34:16:46 > 2:18:10]
SOAP:   7%|▋         | 1515/22162 [35:40:48 > 2:18:17]
SOAP:   7%|▋         | 1516/22162 [33:54:04 > 2:18:22]
SOAP:   7%|▋         | 1517/22162 [33:59:11 > 2:18:28]
SOAP:   7%|▋         | 1518/22162 [32:51:43 > 2:18:34]
SOAP:   7%|▋         | 1519/22162 [25:46:00 > 2:18:35]
SOAP:   7%|▋         | 1520/22162 [32:51:20 > 2:18:44]
SOAP:   7%|▋         | 1521/22162 [32:26:31 > 2:18:49]
SOAP:   7%|▋         | 1522/22162 [29:47:15 > 2:18:53]
SOAP:   7%|▋         | 1523/22162 [28:41:43 > 2:18:58]
SOAP:   7%|▋         | 1524/22162 [30:17:15 > 2:19:04]
SOAP:   7%|▋         | 1525/22162 [31:11:48 > 2:19:10]
SOAP:   7%|▋         | 1526/22162 [33:03:59 > 2:19:16]
SOAP:   7%|▋         | 1527/22162 [33:30:23 > 2:19:22]
SOAP:   7%|▋         | 1528/22162 [33:58:30 > 2:19:28]
SOAP:   7%|▋         | 1529/22162 [34:31:42 > 2:19:35]
SOAP:   7%|▋         | 1530/22162 [32:35:56 > 2:19:39]
SOAP:   7%|▋         | 1531/22162 [33:59:45 > 2:19:46]
SOAP:   7%|▋         | 1532/22162 [31:53:20 > 2:19:51]
SOAP:   7%|▋         | 1533/22162 [30:48:30 > 2:19:56]
SOAP:   7%|▋         | 1534/22162 [29:48:07 > 2:20:00]
SOAP:   7%|▋         | 1535/22162 [23:22:55 > 2:20:02]
SOAP:   7%|▋         | 1536/22162 [30:28:49 > 2:20:10]
SOAP:   7%|▋         | 1537/22162 [30:53:15 > 2:20:16]
SOAP:   7%|▋         | 1538/22162 [25:35:09 > 2:20:18]
SOAP:   7%|▋         | 1539/22162 [34:04:52 > 2:20:27]
SOAP:   7%|▋         | 1540/22162 [34:51:52 > 2:20:34]
SOAP:   7%|▋         | 1541/22162 [35:24:29 > 2:20:40]
SOAP:   7%|▋         | 1542/22162 [34:35:27 > 2:20:46]
SOAP:   7%|▋         | 1543/22162 [33:12:11 > 2:20:51]
SOAP:   7%|▋         | 1544/22162 [32:20:52 > 2:20:56]
SOAP:   7%|▋         | 1545/22162 [31:40:56 > 2:21:02]
SOAP:   7%|▋         | 1546/22162 [29:24:00 > 2:21:06]
SOAP:   7%|▋         | 1547/22162 [28:05:51 > 2:21:10]
SOAP:   7%|▋         | 1548/22162 [28:16:34 > 2:21:15]
SOAP:   7%|▋         | 1549/22162 [29:39:34 > 2:21:21]
SOAP:   7%|▋         | 1550/22162 [30:27:57 > 2:21:27]
SOAP:   7%|▋         | 1551/22162 [34:01:23 > 2:21:34]
SOAP:   7%|▋         | 1552/22162 [33:33:47 > 2:21:40]
SOAP:   7%|▋         | 1553/22162 [34:03:59 > 2:21:46]
SOAP:   7%|▋         | 1554/22162 [34:28:31 > 2:21:52]
SOAP:   7%|▋         | 1555/22162 [33:14:17 > 2:21:57]
SOAP:   7%|▋         | 1556/22162 [32:06:38 > 2:22:03]
SOAP:   7%|▋         | 1557/22162 [31:09:38 > 2:22:08]
SOAP:   7%|▋         | 1558/22162 [30:21:04 > 2:22:13]
SOAP:   7%|▋         | 1559/22162 [29:31:30 > 2:22:17]
SOAP:   7%|▋         | 1560/22162 [29:35:22 > 2:22:23]
SOAP:   7%|▋         | 1561/22162 [29:44:10 > 2:22:28]
SOAP:   7%|▋         | 1562/22162 [30:00:44 > 2:22:33]
SOAP:   7%|▋         | 1563/22162 [23:46:52 > 2:22:35]
SOAP:   7%|▋         | 1564/22162 [34:03:59 > 2:22:45]
SOAP:   7%|▋         | 1565/22162 [35:27:41 > 2:22:52]
SOAP:   7%|▋         | 1566/22162 [33:41:57 > 2:22:57]
SOAP:   7%|▋         | 1567/22162 [33:45:19 > 2:23:03]
SOAP:   7%|▋         | 1568/22162 [32:39:49 > 2:23:08]
SOAP:   7%|▋         | 1569/22162 [32:08:34 > 2:23:14]
SOAP:   7%|▋         | 1570/22162 [30:50:44 > 2:23:18]
SOAP:   7%|▋         | 1571/22162 [31:02:18 > 2:23:24]
SOAP:   7%|▋         | 1572/22162 [28:46:37 > 2:23:28]
SOAP:   7%|▋         | 1573/22162 [28:42:42 > 2:23:33]
SOAP:   7%|▋         | 1574/22162 [29:32:23 > 2:23:38]
SOAP:   7%|▋         | 1575/22162 [30:45:45 > 2:23:44]
SOAP:   7%|▋         | 1576/22162 [32:43:50 > 2:23:51]
SOAP:   7%|▋         | 1577/22162 [33:13:45 > 2:23:57]
SOAP:   7%|▋         | 1578/22162 [33:43:37 > 2:24:03]
SOAP:   7%|▋         | 1579/22162 [34:13:59 > 2:24:09]
SOAP:   7%|▋         | 1580/22162 [32:14:41 > 2:24:14]
SOAP:   7%|▋         | 1581/22162 [33:40:14 > 2:24:21]
SOAP:   7%|▋         | 1582/22162 [31:35:55 > 2:24:25]
SOAP:   7%|▋         | 1583/22162 [30:33:19 > 2:24:30]
SOAP:   7%|▋         | 1584/22162 [29:32:29 > 2:24:35]
SOAP:   7%|▋         | 1585/22162 [30:18:57 > 2:24:40]
SOAP:   7%|▋         | 1586/22162 [28:04:48 > 2:24:44]
SOAP:   7%|▋         | 1587/22162 [29:11:01 > 2:24:50]
SOAP:   7%|▋         | 1588/22162 [26:50:34 > 2:24:54]
SOAP:   7%|▋         | 1589/22162 [32:23:18 > 2:25:02]
SOAP:   7%|▋         | 1590/22162 [33:38:35 > 2:25:08]
SOAP:   7%|▋         | 1591/22162 [34:31:05 > 2:25:15]
SOAP:   7%|▋         | 1592/22162 [31:27:54 > 2:25:19]
SOAP:   7%|▋         | 1593/22162 [33:22:06 > 2:25:25]
SOAP:   7%|▋         | 1594/22162 [32:29:03 > 2:25:31]
SOAP:   7%|▋         | 1595/22162 [31:46:14 > 2:25:36]
SOAP:   7%|▋         | 1596/22162 [29:24:57 > 2:25:40]
SOAP:   7%|▋         | 1597/22162 [28:06:16 > 2:25:45]
SOAP:   7%|▋         | 1598/22162 [28:12:20 > 2:25:50]
SOAP:   7%|▋         | 1599/22162 [29:31:27 > 2:25:55]
SOAP:   7%|▋         | 1600/22162 [23:55:46 > 2:25:57]
SOAP:   7%|▋         | 1601/22162 [35:45:22 > 2:26:08]
SOAP:   7%|▋         | 1602/22162 [27:53:41 > 2:26:10]
SOAP:   7%|▋         | 1603/22162 [36:53:33 > 2:26:20]
SOAP:   7%|▋         | 1604/22162 [36:26:08 > 2:26:26]
SOAP:   7%|▋         | 1605/22162 [34:36:41 > 2:26:32]
SOAP:   7%|▋         | 1606/22162 [33:00:32 > 2:26:37]
SOAP:   7%|▋         | 1607/22162 [31:42:58 > 2:26:42]
SOAP:   7%|▋         | 1608/22162 [30:39:31 > 2:26:47]
SOAP:   7%|▋         | 1609/22162 [29:38:39 > 2:26:51]
SOAP:   7%|▋         | 1610/22162 [29:34:41 > 2:26:57]
SOAP:   7%|▋         | 1611/22162 [29:43:16 > 2:27:02]
SOAP:   7%|▋         | 1612/22162 [29:53:31 > 2:27:07]
SOAP:   7%|▋         | 1613/22162 [30:21:55 > 2:27:13]
SOAP:   7%|▋         | 1614/22162 [31:52:48 > 2:27:19]
SOAP:   7%|▋         | 1615/22162 [33:51:13 > 2:27:26]
SOAP:   7%|▋         | 1616/22162 [26:29:35 > 2:27:27]
SOAP:   7%|▋         | 1617/22162 [34:50:01 > 2:27:37]
SOAP:   7%|▋         | 1618/22162 [33:20:56 > 2:27:42]
SOAP:   7%|▋         | 1619/22162 [32:13:46 > 2:27:47]
SOAP:   7%|▋         | 1620/22162 [31:13:25 > 2:27:52]
SOAP:   7%|▋         | 1621/22162 [31:20:25 > 2:27:58]
SOAP:   7%|▋         | 1622/22162 [29:04:06 > 2:28:02]
SOAP:   7%|▋         | 1623/22162 [28:54:28 > 2:28:07]
SOAP:   7%|▋         | 1624/22162 [29:38:24 > 2:28:12]
SOAP:   7%|▋         | 1625/22162 [30:36:13 > 2:28:18]
SOAP:   7%|▋         | 1626/22162 [32:36:13 > 2:28:25]
SOAP:   7%|▋         | 1627/22162 [33:09:31 > 2:28:31]
SOAP:   7%|▋         | 1628/22162 [33:36:27 > 2:28:37]
SOAP:   7%|▋         | 1629/22162 [34:11:01 > 2:28:43]
SOAP:   7%|▋         | 1630/22162 [32:12:21 > 2:28:48]
SOAP:   7%|▋         | 1631/22162 [33:44:16 > 2:28:54]
SOAP:   7%|▋         | 1632/22162 [31:41:58 > 2:28:59]
SOAP:   7%|▋         | 1633/22162 [30:34:40 > 2:29:04]
SOAP:   7%|▋         | 1634/22162 [29:34:58 > 2:29:09]
SOAP:   7%|▋         | 1635/22162 [30:17:49 > 2:29:15]
SOAP:   7%|▋         | 1636/22162 [28:01:50 > 2:29:18]
SOAP:   7%|▋         | 1637/22162 [29:09:11 > 2:29:24]
SOAP:   7%|▋         | 1638/22162 [29:40:47 > 2:29:29]
SOAP:   7%|▋         | 1639/22162 [31:25:47 > 2:29:36]
SOAP:   7%|▋         | 1640/22162 [33:00:47 > 2:29:42]
SOAP:   7%|▋         | 1641/22162 [33:52:35 > 2:29:48]
SOAP:   7%|▋         | 1642/22162 [33:22:46 > 2:29:54]
SOAP:   7%|▋         | 1643/22162 [25:58:48 > 2:29:56]
SOAP:   7%|▋         | 1644/22162 [33:37:23 > 2:30:05]
SOAP:   7%|▋         | 1645/22162 [32:36:52 > 2:30:10]
SOAP:   7%|▋         | 1646/22162 [29:57:59 > 2:30:14]
SOAP:   7%|▋         | 1647/22162 [28:31:54 > 2:30:19]
SOAP:   7%|▋         | 1648/22162 [28:28:35 > 2:30:24]
SOAP:   7%|▋         | 1649/22162 [29:15:26 > 2:30:29]
SOAP:   7%|▋         | 1650/22162 [30:40:03 > 2:30:35]
SOAP:   7%|▋         | 1651/22162 [33:59:47 > 2:30:42]
SOAP:   7%|▋         | 1652/22162 [33:23:59 > 2:30:48]
SOAP:   7%|▋         | 1653/22162 [33:57:15 > 2:30:54]
SOAP:   7%|▋         | 1654/22162 [34:22:11 > 2:31:00]
SOAP:   7%|▋         | 1655/22162 [32:55:38 > 2:31:05]
SOAP:   7%|▋         | 1656/22162 [32:00:35 > 2:31:11]
SOAP:   7%|▋         | 1657/22162 [29:55:03 > 2:31:15]
SOAP:   7%|▋         | 1658/22162 [30:25:24 > 2:31:21]
SOAP:   7%|▋         | 1659/22162 [29:35:45 > 2:31:26]
SOAP:   7%|▋         | 1660/22162 [29:30:53 > 2:31:31]
SOAP:   7%|▋         | 1661/22162 [29:40:49 > 2:31:36]
SOAP:   7%|▋         | 1662/22162 [29:53:32 > 2:31:41]
SOAP:   8%|▊         | 1663/22162 [30:20:21 > 2:31:47]
SOAP:   8%|▊         | 1664/22162 [31:57:01 > 2:31:53]
SOAP:   8%|▊         | 1665/22162 [33:53:58 > 2:32:00]
SOAP:   8%|▊         | 1666/22162 [32:31:48 > 2:32:05]
SOAP:   8%|▊         | 1667/22162 [32:57:18 > 2:32:11]
SOAP:   8%|▊         | 1668/22162 [31:59:57 > 2:32:16]
SOAP:   8%|▊         | 1669/22162 [31:37:23 > 2:32:22]
SOAP:   8%|▊         | 1670/22162 [30:32:55 > 2:32:27]
SOAP:   8%|▊         | 1671/22162 [30:50:04 > 2:32:32]
SOAP:   8%|▊         | 1672/22162 [28:38:58 > 2:32:36]
SOAP:   8%|▊         | 1673/22162 [28:34:43 > 2:32:41]
SOAP:   8%|▊         | 1674/22162 [29:25:45 > 2:32:47]
SOAP:   8%|▊         | 1675/22162 [30:34:49 > 2:32:53]
SOAP:   8%|▊         | 1676/22162 [32:36:14 > 2:32:59]
SOAP:   8%|▊         | 1677/22162 [33:02:55 > 2:33:05]
SOAP:   8%|▊         | 1678/22162 [33:35:38 > 2:33:11]
SOAP:   8%|▊         | 1679/22162 [34:05:32 > 2:33:17]
SOAP:   8%|▊         | 1680/22162 [32:10:44 > 2:33:22]
SOAP:   8%|▊         | 1681/22162 [33:37:58 > 2:33:29]
SOAP:   8%|▊         | 1682/22162 [31:36:01 > 2:33:34]
SOAP:   8%|▊         | 1683/22162 [30:30:00 > 2:33:38]
SOAP:   8%|▊         | 1684/22162 [29:27:14 > 2:33:43]
SOAP:   8%|▊         | 1685/22162 [30:13:05 > 2:33:49]
SOAP:   8%|▊         | 1686/22162 [27:59:40 > 2:33:53]
SOAP:   8%|▊         | 1687/22162 [29:05:09 > 2:33:58]
SOAP:   8%|▊         | 1688/22162 [29:39:27 > 2:34:04]
SOAP:   8%|▊         | 1689/22162 [31:29:30 > 2:34:10]
SOAP:   8%|▊         | 1690/22162 [33:00:15 > 2:34:17]
SOAP:   8%|▊         | 1691/22162 [34:02:45 > 2:34:23]
SOAP:   8%|▊         | 1692/22162 [33:30:31 > 2:34:29]
SOAP:   8%|▊         | 1693/22162 [32:19:48 > 2:34:34]
SOAP:   8%|▊         | 1694/22162 [31:41:35 > 2:34:39]
SOAP:   8%|▊         | 1695/22162 [31:15:37 > 2:34:44]
SOAP:   8%|▊         | 1696/22162 [29:04:37 > 2:34:49]
SOAP:   8%|▊         | 1697/22162 [27:50:04 > 2:34:53]
SOAP:   8%|▊         | 1698/22162 [27:57:13 > 2:34:58]
SOAP:   8%|▊         | 1699/22162 [29:24:50 > 2:35:04]
SOAP:   8%|▊         | 1700/22162 [29:42:29 > 2:35:09]
SOAP:   8%|▊         | 1701/22162 [34:02:47 > 2:35:17]
SOAP:   8%|▊         | 1702/22162 [33:29:47 > 2:35:23]
SOAP:   8%|▊         | 1703/22162 [34:05:00 > 2:35:29]
SOAP:   8%|▊         | 1704/22162 [27:11:44 > 2:35:31]
SOAP:   8%|▊         | 1705/22162 [35:09:09 > 2:35:40]
SOAP:   8%|▊         | 1706/22162 [33:23:57 > 2:35:45]
SOAP:   8%|▊         | 1707/22162 [31:56:42 > 2:35:50]
SOAP:   8%|▊         | 1708/22162 [30:44:09 > 2:35:55]
SOAP:   8%|▊         | 1709/22162 [29:44:22 > 2:36:00]
SOAP:   8%|▊         | 1710/22162 [29:39:54 > 2:36:05]
SOAP:   8%|▊         | 1711/22162 [29:38:06 > 2:36:11]
SOAP:   8%|▊         | 1712/22162 [29:48:08 > 2:36:16]
SOAP:   8%|▊         | 1713/22162 [23:38:06 > 2:36:18]
SOAP:   8%|▊         | 1714/22162 [33:40:56 > 2:36:28]
SOAP:   8%|▊         | 1715/22162 [34:55:40 > 2:36:34]
SOAP:   8%|▊         | 1716/22162 [33:10:57 > 2:36:39]
SOAP:   8%|▊         | 1717/22162 [33:18:34 > 2:36:45]
SOAP:   8%|▊         | 1718/22162 [32:16:07 > 2:36:51]
SOAP:   8%|▊         | 1719/22162 [31:40:18 > 2:36:56]
SOAP:   8%|▊         | 1720/22162 [24:56:06 > 2:36:58]
SOAP:   8%|▊         | 1721/22162 [32:15:13 > 2:37:06]
SOAP:   8%|▊         | 1722/22162 [29:37:12 > 2:37:10]
SOAP:   8%|▊         | 1723/22162 [29:09:05 > 2:37:15]
SOAP:   8%|▊         | 1724/22162 [29:44:22 > 2:37:21]
SOAP:   8%|▊         | 1725/22162 [30:40:32 > 2:37:27]
SOAP:   8%|▊         | 1726/22162 [29:05:23 > 2:37:31]
SOAP:   8%|▊         | 1727/22162 [33:50:54 > 2:37:39]
SOAP:   8%|▊         | 1728/22162 [34:02:07 > 2:37:45]
SOAP:   8%|▊         | 1729/22162 [34:27:23 > 2:37:51]
SOAP:   8%|▊         | 1730/22162 [32:22:11 > 2:37:56]
SOAP:   8%|▊         | 1731/22162 [33:42:38 > 2:38:03]
SOAP:   8%|▊         | 1732/22162 [31:36:49 > 2:38:07]
SOAP:   8%|▊         | 1733/22162 [30:31:40 > 2:38:12]
SOAP:   8%|▊         | 1734/22162 [29:22:41 > 2:38:17]
SOAP:   8%|▊         | 1735/22162 [30:05:23 > 2:38:23]
SOAP:   8%|▊         | 1736/22162 [27:46:34 > 2:38:26]
SOAP:   8%|▊         | 1737/22162 [28:51:26 > 2:38:32]
SOAP:   8%|▊         | 1738/22162 [24:15:18 > 2:38:34]
SOAP:   8%|▊         | 1739/22162 [25:25:58 > 2:38:39]
SOAP:   8%|▊         | 1740/22162 [27:55:32 > 2:38:45]
SOAP:   8%|▊         | 1741/22162 [38:19:56 > 2:38:56]
SOAP:   8%|▊         | 1742/22162 [29:06:01 > 2:38:58]
SOAP:   8%|▊         | 1743/22162 [36:31:46 > 2:39:07]
SOAP:   8%|▊         | 1744/22162 [34:38:58 > 2:39:13]
SOAP:   8%|▊         | 1745/22162 [33:13:09 > 2:39:18]
SOAP:   8%|▊         | 1746/22162 [30:25:49 > 2:39:22]
SOAP:   8%|▊         | 1747/22162 [28:44:45 > 2:39:26]
SOAP:   8%|▊         | 1748/22162 [22:25:44 > 2:39:28]
SOAP:   8%|▊         | 1749/22162 [29:47:14 > 2:39:36]
SOAP:   8%|▊         | 1750/22162 [32:11:22 > 2:39:43]
SOAP:   8%|▊         | 1751/22162 [25:22:30 > 2:39:44]
SOAP:   8%|▊         | 1752/22162 [36:57:08 > 2:39:56]
SOAP:   8%|▊         | 1753/22162 [36:12:44 > 2:40:02]
SOAP:   8%|▊         | 1754/22162 [32:35:58 > 2:40:06]
SOAP:   8%|▊         | 1755/22162 [35:00:35 > 2:40:13]
SOAP:   8%|▊         | 1756/22162 [33:15:52 > 2:40:18]
SOAP:   8%|▊         | 1757/22162 [27:52:20 > 2:40:21]
SOAP:   8%|▊         | 1758/22162 [31:39:57 > 2:40:28]
SOAP:   8%|▊         | 1759/22162 [30:19:49 > 2:40:33]
SOAP:   8%|▊         | 1760/22162 [29:50:19 > 2:40:38]
SOAP:   8%|▊         | 1761/22162 [23:19:44 > 2:40:39]
SOAP:   8%|▊         | 1762/22162 [31:43:26 > 2:40:49]
SOAP:   8%|▊         | 1763/22162 [31:27:15 > 2:40:54]
SOAP:   8%|▊         | 1764/22162 [25:34:35 > 2:40:56]
SOAP:   8%|▊         | 1765/22162 [36:07:02 > 2:41:07]
SOAP:   8%|▊         | 1766/22162 [33:56:00 > 2:41:12]
SOAP:   8%|▊         | 1767/22162 [33:53:14 > 2:41:18]
SOAP:   8%|▊         | 1768/22162 [32:06:14 > 2:41:23]
SOAP:   8%|▊         | 1769/22162 [31:56:52 > 2:41:28]
SOAP:   8%|▊         | 1770/22162 [30:30:38 > 2:41:33]
SOAP:   8%|▊         | 1771/22162 [30:42:24 > 2:41:39]
SOAP:   8%|▊         | 1772/22162 [28:33:07 > 2:41:43]
SOAP:   8%|▊         | 1773/22162 [22:39:22 > 2:41:44]
SOAP:   8%|▊         | 1774/22162 [31:03:49 > 2:41:53]
SOAP:   8%|▊         | 1775/22162 [31:41:44 > 2:41:59]
SOAP:   8%|▊         | 1776/22162 [33:18:26 > 2:42:06]
SOAP:   8%|▊         | 1777/22162 [33:31:08 > 2:42:12]
SOAP:   8%|▊         | 1778/22162 [33:49:54 > 2:42:18]
SOAP:   8%|▊         | 1779/22162 [34:17:43 > 2:42:24]
SOAP:   8%|▊         | 1780/22162 [32:16:22 > 2:42:29]
SOAP:   8%|▊         | 1781/22162 [33:42:42 > 2:42:35]
SOAP:   8%|▊         | 1782/22162 [31:30:30 > 2:42:40]
SOAP:   8%|▊         | 1783/22162 [30:21:29 > 2:42:45]
SOAP:   8%|▊         | 1784/22162 [29:16:52 > 2:42:50]
SOAP:   8%|▊         | 1785/22162 [28:29:47 > 2:42:54]
SOAP:   8%|▊         | 1786/22162 [28:16:16 > 2:42:59]
SOAP:   8%|▊         | 1787/22162 [29:08:35 > 2:43:05]
SOAP:   8%|▊         | 1788/22162 [29:31:34 > 2:43:10]
SOAP:   8%|▊         | 1789/22162 [31:18:29 > 2:43:17]
SOAP:   8%|▊         | 1790/22162 [32:43:31 > 2:43:23]
SOAP:   8%|▊         | 1791/22162 [33:49:37 > 2:43:29]
SOAP:   8%|▊         | 1792/22162 [32:22:45 > 2:43:34]
SOAP:   8%|▊         | 1793/22162 [32:27:25 > 2:43:40]
SOAP:   8%|▊         | 1794/22162 [31:43:48 > 2:43:46]
SOAP:   8%|▊         | 1795/22162 [31:16:18 > 2:43:51]
SOAP:   8%|▊         | 1796/22162 [29:01:10 > 2:43:55]
SOAP:   8%|▊         | 1797/22162 [27:52:57 > 2:44:00]
SOAP:   8%|▊         | 1798/22162 [28:01:30 > 2:44:05]
SOAP:   8%|▊         | 1799/22162 [22:28:35 > 2:44:06]
SOAP:   8%|▊         | 1800/22162 [32:16:58 > 2:44:16]
SOAP:   8%|▊         | 1801/22162 [35:08:58 > 2:44:23]
SOAP:   8%|▊         | 1802/22162 [29:27:37 > 2:44:26]
SOAP:   8%|▊         | 1803/22162 [35:46:07 > 2:44:35]
SOAP:   8%|▊         | 1804/22162 [35:34:37 > 2:44:41]
SOAP:   8%|▊         | 1805/22162 [33:51:34 > 2:44:47]
SOAP:   8%|▊         | 1806/22162 [32:30:16 > 2:44:52]
SOAP:   8%|▊         | 1807/22162 [31:19:55 > 2:44:57]
SOAP:   8%|▊         | 1808/22162 [30:22:24 > 2:45:02]
SOAP:   8%|▊         | 1809/22162 [29:24:23 > 2:45:07]
SOAP:   8%|▊         | 1810/22162 [29:26:29 > 2:45:12]
SOAP:   8%|▊         | 1811/22162 [29:29:34 > 2:45:17]
SOAP:   8%|▊         | 1812/22162 [29:39:34 > 2:45:22]
SOAP:   8%|▊         | 1813/22162 [27:08:32 > 2:45:26]
SOAP:   8%|▊         | 1814/22162 [32:28:27 > 2:45:34]
SOAP:   8%|▊         | 1815/22162 [34:10:46 > 2:45:41]
SOAP:   8%|▊         | 1816/22162 [32:45:23 > 2:45:46]
SOAP:   8%|▊         | 1817/22162 [32:58:57 > 2:45:52]
SOAP:   8%|▊         | 1818/22162 [31:58:53 > 2:45:57]
SOAP:   8%|▊         | 1819/22162 [31:35:08 > 2:46:03]
SOAP:   8%|▊         | 1820/22162 [30:26:19 > 2:46:08]
SOAP:   8%|▊         | 1821/22162 [30:41:32 > 2:46:13]
SOAP:   8%|▊         | 1822/22162 [28:31:58 > 2:46:17]
SOAP:   8%|▊         | 1823/22162 [28:22:24 > 2:46:22]
SOAP:   8%|▊         | 1824/22162 [29:15:17 > 2:46:28]
SOAP:   8%|▊         | 1825/22162 [23:20:55 > 2:46:30]
SOAP:   8%|▊         | 1826/22162 [33:24:39 > 2:46:40]
SOAP:   8%|▊         | 1827/22162 [34:37:58 > 2:46:46]
SOAP:   8%|▊         | 1828/22162 [34:40:20 > 2:46:52]
SOAP:   8%|▊         | 1829/22162 [34:52:08 > 2:46:59]
SOAP:   8%|▊         | 1830/22162 [32:32:47 > 2:47:03]
SOAP:   8%|▊         | 1831/22162 [33:44:03 > 2:47:10]
SOAP:   8%|▊         | 1832/22162 [31:35:27 > 2:47:15]
SOAP:   8%|▊         | 1833/22162 [30:27:23 > 2:47:20]
SOAP:   8%|▊         | 1834/22162 [29:23:52 > 2:47:24]
SOAP:   8%|▊         | 1835/22162 [30:09:27 > 2:47:30]
SOAP:   8%|▊         | 1836/22162 [27:55:53 > 2:47:34]
SOAP:   8%|▊         | 1837/22162 [28:52:48 > 2:47:40]
SOAP:   8%|▊         | 1838/22162 [29:22:59 > 2:47:45]
SOAP:   8%|▊         | 1839/22162 [31:13:47 > 2:47:51]
SOAP:   8%|▊         | 1840/22162 [32:42:26 > 2:47:58]
SOAP:   8%|▊         | 1841/22162 [33:41:46 > 2:48:04]
SOAP:   8%|▊         | 1842/22162 [33:12:24 > 2:48:10]
SOAP:   8%|▊         | 1843/22162 [32:06:21 > 2:48:15]
SOAP:   8%|▊         | 1844/22162 [31:26:22 > 2:48:20]
SOAP:   8%|▊         | 1845/22162 [30:57:40 > 2:48:26]
SOAP:   8%|▊         | 1846/22162 [28:46:35 > 2:48:30]
SOAP:   8%|▊         | 1847/22162 [27:39:36 > 2:48:34]
SOAP:   8%|▊         | 1848/22162 [27:54:37 > 2:48:39]
SOAP:   8%|▊         | 1849/22162 [29:14:22 > 2:48:45]
SOAP:   8%|▊         | 1850/22162 [30:10:39 > 2:48:51]
SOAP:   8%|▊         | 1851/22162 [33:32:51 > 2:48:58]
SOAP:   8%|▊         | 1852/22162 [33:01:03 > 2:49:04]
SOAP:   8%|▊         | 1853/22162 [32:31:15 > 2:49:09]
SOAP:   8%|▊         | 1854/22162 [34:13:49 > 2:49:16]
SOAP:   8%|▊         | 1855/22162 [32:54:59 > 2:49:21]
SOAP:   8%|▊         | 1856/22162 [31:41:49 > 2:49:26]
SOAP:   8%|▊         | 1857/22162 [30:42:13 > 2:49:31]
SOAP:   8%|▊         | 1858/22162 [29:50:01 > 2:49:36]
SOAP:   8%|▊         | 1859/22162 [29:02:49 > 2:49:41]
SOAP:   8%|▊         | 1860/22162 [29:05:38 > 2:49:46]
SOAP:   8%|▊         | 1861/22162 [29:16:03 > 2:49:52]
SOAP:   8%|▊         | 1862/22162 [29:31:12 > 2:49:57]
SOAP:   8%|▊         | 1863/22162 [30:01:48 > 2:50:03]
SOAP:   8%|▊         | 1864/22162 [31:35:26 > 2:50:09]
SOAP:   8%|▊         | 1865/22162 [33:34:57 > 2:50:16]
SOAP:   8%|▊         | 1866/22162 [32:22:57 > 2:50:21]
SOAP:   8%|▊         | 1867/22162 [32:46:00 > 2:50:27]
SOAP:   8%|▊         | 1868/22162 [31:49:40 > 2:50:32]
SOAP:   8%|▊         | 1869/22162 [31:18:30 > 2:50:37]
SOAP:   8%|▊         | 1870/22162 [30:14:10 > 2:50:42]
SOAP:   8%|▊         | 1871/22162 [23:33:31 > 2:50:44]
SOAP:   8%|▊         | 1872/22162 [30:27:08 > 2:50:52]
SOAP:   8%|▊         | 1873/22162 [29:44:53 > 2:50:57]
SOAP:   8%|▊         | 1874/22162 [30:12:27 > 2:51:03]
SOAP:   8%|▊         | 1875/22162 [29:47:09 > 2:51:08]
SOAP:   8%|▊         | 1876/22162 [32:04:49 > 2:51:14]
SOAP:   8%|▊         | 1877/22162 [33:37:14 > 2:51:21]
SOAP:   8%|▊         | 1878/22162 [33:54:47 > 2:51:27]
SOAP:   8%|▊         | 1879/22162 [34:18:45 > 2:51:33]
SOAP:   8%|▊         | 1880/22162 [26:41:38 > 2:51:35]
SOAP:   8%|▊         | 1881/22162 [35:11:30 > 2:51:45]
SOAP:   8%|▊         | 1882/22162 [32:32:16 > 2:51:49]
SOAP:   8%|▊         | 1883/22162 [31:09:00 > 2:51:54]
SOAP:   9%|▊         | 1884/22162 [29:53:08 > 2:51:59]
SOAP:   9%|▊         | 1885/22162 [30:28:51 > 2:52:05]
SOAP:   9%|▊         | 1886/22162 [23:30:01 > 2:52:06]
SOAP:   9%|▊         | 1887/22162 [30:26:21 > 2:52:14]
SOAP:   9%|▊         | 1888/22162 [30:29:30 > 2:52:20]
SOAP:   9%|▊         | 1889/22162 [31:58:06 > 2:52:26]
SOAP:   9%|▊         | 1890/22162 [33:11:34 > 2:52:32]
SOAP:   9%|▊         | 1891/22162 [34:01:26 > 2:52:39]
SOAP:   9%|▊         | 1892/22162 [33:26:40 > 2:52:44]
SOAP:   9%|▊         | 1893/22162 [32:13:19 > 2:52:50]
SOAP:   9%|▊         | 1894/22162 [31:35:25 > 2:52:55]
SOAP:   9%|▊         | 1895/22162 [31:06:37 > 2:53:00]
SOAP:   9%|▊         | 1896/22162 [28:57:27 > 2:53:05]
SOAP:   9%|▊         | 1897/22162 [27:45:49 > 2:53:09]
SOAP:   9%|▊         | 1898/22162 [27:54:24 > 2:53:14]
SOAP:   9%|▊         | 1899/22162 [29:08:45 > 2:53:20]
SOAP:   9%|▊         | 1900/22162 [30:03:22 > 2:53:25]
SOAP:   9%|▊         | 1901/22162 [33:30:41 > 2:53:33]
SOAP:   9%|▊         | 1902/22162 [33:00:04 > 2:53:39]
SOAP:   9%|▊         | 1903/22162 [33:27:52 > 2:53:45]
SOAP:   9%|▊         | 1904/22162 [33:46:50 > 2:53:51]
SOAP:   9%|▊         | 1905/22162 [32:28:22 > 2:53:56]
SOAP:   9%|▊         | 1906/22162 [31:30:39 > 2:54:01]
SOAP:   9%|▊         | 1907/22162 [30:11:16 > 2:54:06]
SOAP:   9%|▊         | 1908/22162 [23:54:01 > 2:54:08]
SOAP:   9%|▊         | 1909/22162 [30:49:03 > 2:54:16]
SOAP:   9%|▊         | 1910/22162 [30:23:38 > 2:54:21]
SOAP:   9%|▊         | 1911/22162 [23:45:57 > 2:54:23]
SOAP:   9%|▊         | 1912/22162 [31:58:53 > 2:54:32]
SOAP:   9%|▊         | 1913/22162 [31:40:06 > 2:54:37]
SOAP:   9%|▊         | 1914/22162 [25:41:03 > 2:54:39]
SOAP:   9%|▊         | 1915/22162 [36:20:25 > 2:54:50]
SOAP:   9%|▊         | 1916/22162 [32:30:12 > 2:54:54]
SOAP:   9%|▊         | 1917/22162 [34:25:21 > 2:55:01]
SOAP:   9%|▊         | 1918/22162 [26:21:07 > 2:55:03]
SOAP:   9%|▊         | 1919/22162 [33:54:43 > 2:55:12]
SOAP:   9%|▊         | 1920/22162 [31:59:27 > 2:55:17]
SOAP:   9%|▊         | 1921/22162 [31:35:03 > 2:55:22]
SOAP:   9%|▊         | 1922/22162 [29:02:16 > 2:55:26]
SOAP:   9%|▊         | 1923/22162 [28:42:39 > 2:55:31]
SOAP:   9%|▊         | 1924/22162 [26:20:26 > 2:55:35]
SOAP:   9%|▊         | 1925/22162 [31:19:21 > 2:55:43]
SOAP:   9%|▊         | 1926/22162 [32:53:39 > 2:55:49]
SOAP:   9%|▊         | 1927/22162 [33:08:35 > 2:55:55]
SOAP:   9%|▊         | 1928/22162 [33:31:26 > 2:56:01]
SOAP:   9%|▊         | 1929/22162 [34:00:39 > 2:56:08]
SOAP:   9%|▊         | 1930/22162 [32:00:33 > 2:56:12]
SOAP:   9%|▊         | 1931/22162 [32:49:00 > 2:56:19]
SOAP:   9%|▊         | 1932/22162 [30:43:44 > 2:56:23]
SOAP:   9%|▊         | 1933/22162 [29:53:41 > 2:56:28]
SOAP:   9%|▊         | 1934/22162 [28:55:38 > 2:56:33]
SOAP:   9%|▊         | 1935/22162 [29:51:07 > 2:56:39]
SOAP:   9%|▊         | 1936/22162 [27:37:51 > 2:56:43]
SOAP:   9%|▊         | 1937/22162 [28:40:34 > 2:56:48]
SOAP:   9%|▊         | 1938/22162 [29:12:19 > 2:56:54]
SOAP:   9%|▊         | 1939/22162 [30:55:19 > 2:57:00]
SOAP:   9%|▉         | 1940/22162 [32:25:49 > 2:57:06]
SOAP:   9%|▉         | 1941/22162 [33:19:23 > 2:57:12]
SOAP:   9%|▉         | 1942/22162 [32:50:19 > 2:57:18]
SOAP:   9%|▉         | 1943/22162 [31:47:30 > 2:57:23]
SOAP:   9%|▉         | 1944/22162 [30:50:34 > 2:57:28]
SOAP:   9%|▉         | 1945/22162 [24:25:44 > 2:57:30]
SOAP:   9%|▉         | 1946/22162 [30:34:45 > 2:57:38]
SOAP:   9%|▉         | 1947/22162 [28:50:19 > 2:57:43]
SOAP:   9%|▉         | 1948/22162 [28:33:32 > 2:57:48]
SOAP:   9%|▉         | 1949/22162 [29:34:38 > 2:57:53]
SOAP:   9%|▉         | 1950/22162 [23:55:25 > 2:57:55]
SOAP:   9%|▉         | 1951/22162 [35:27:39 > 2:58:06]
SOAP:   9%|▉         | 1952/22162 [27:37:12 > 2:58:08]
SOAP:   9%|▉         | 1953/22162 [36:20:54 > 2:58:18]
SOAP:   9%|▉         | 1954/22162 [35:52:08 > 2:58:24]
SOAP:   9%|▉         | 1955/22162 [33:58:18 > 2:58:29]
SOAP:   9%|▉         | 1956/22162 [32:21:33 > 2:58:35]
SOAP:   9%|▉         | 1957/22162 [31:06:19 > 2:58:40]
SOAP:   9%|▉         | 1958/22162 [27:23:12 > 2:58:43]
SOAP:   9%|▉         | 1959/22162 [30:02:25 > 2:58:49]
SOAP:   9%|▉         | 1960/22162 [29:39:38 > 2:58:55]
SOAP:   9%|▉         | 1961/22162 [29:36:11 > 2:59:00]
SOAP:   9%|▉         | 1962/22162 [29:42:06 > 2:59:05]
SOAP:   9%|▉         | 1963/22162 [29:58:57 > 2:59:11]
SOAP:   9%|▉         | 1964/22162 [31:23:32 > 2:59:17]
SOAP:   9%|▉         | 1965/22162 [33:19:27 > 2:59:23]
SOAP:   9%|▉         | 1966/22162 [32:01:16 > 2:59:29]
SOAP:   9%|▉         | 1967/22162 [32:24:21 > 2:59:35]
SOAP:   9%|▉         | 1968/22162 [31:19:53 > 2:59:40]
SOAP:   9%|▉         | 1969/22162 [31:09:52 > 2:59:45]
SOAP:   9%|▉         | 1970/22162 [24:35:22 > 2:59:47]
SOAP:   9%|▉         | 1971/22162 [27:33:24 > 2:59:53]
SOAP:   9%|▉         | 1972/22162 [25:50:21 > 2:59:57]
SOAP:   9%|▉         | 1973/22162 [25:32:09 > 3:00:01]
SOAP:   9%|▉         | 1974/22162 [32:59:02 > 3:00:10]
SOAP:   9%|▉         | 1975/22162 [32:56:33 > 3:00:16]
SOAP:   9%|▉         | 1976/22162 [34:05:45 > 3:00:23]
SOAP:   9%|▉         | 1977/22162 [33:58:54 > 3:00:29]
SOAP:   9%|▉         | 1978/22162 [33:44:44 > 3:00:35]
SOAP:   9%|▉         | 1979/22162 [34:37:17 > 3:00:41]
SOAP:   9%|▉         | 1980/22162 [32:24:28 > 3:00:46]
SOAP:   9%|▉         | 1981/22162 [33:37:21 > 3:00:53]
SOAP:   9%|▉         | 1982/22162 [31:20:47 > 3:00:57]
SOAP:   9%|▉         | 1983/22162 [30:15:38 > 3:01:02]
SOAP:   9%|▉         | 1984/22162 [29:10:41 > 3:01:07]
SOAP:   9%|▉         | 1985/22162 [29:47:05 > 3:01:12]
SOAP:   9%|▉         | 1986/22162 [27:25:36 > 3:01:16]
SOAP:   9%|▉         | 1987/22162 [22:00:50 > 3:01:18]
SOAP:   9%|▉         | 1988/22162 [31:07:33 > 3:01:27]
SOAP:   9%|▉         | 1989/22162 [32:24:24 > 3:01:34]
SOAP:   9%|▉         | 1990/22162 [33:31:03 > 3:01:40]
SOAP:   9%|▉         | 1991/22162 [34:07:56 > 3:01:47]
SOAP:   9%|▉         | 1992/22162 [32:04:52 > 3:01:51]
SOAP:   9%|▉         | 1993/22162 [32:31:27 > 3:01:57]
SOAP:   9%|▉         | 1994/22162 [31:43:27 > 3:02:03]
SOAP:   9%|▉         | 1995/22162 [31:08:07 > 3:02:08]
SOAP:   9%|▉         | 1996/22162 [28:44:59 > 3:02:12]
SOAP:   9%|▉         | 1997/22162 [27:37:00 > 3:02:17]
SOAP:   9%|▉         | 1998/22162 [27:44:24 > 3:02:22]
SOAP:   9%|▉         | 1999/22162 [29:02:25 > 3:02:27]
SOAP:   9%|▉         | 2000/22162 [29:55:14 > 3:02:33]
SOAP:   9%|▉         | 2001/22162 [33:21:48 > 3:02:40]
SOAP:   9%|▉         | 2002/22162 [27:47:38 > 3:02:43]
SOAP:   9%|▉         | 2003/22162 [34:44:26 > 3:02:52]
SOAP:   9%|▉         | 2004/22162 [34:40:50 > 3:02:58]
SOAP:   9%|▉         | 2005/22162 [26:36:33 > 3:03:00]
SOAP:   9%|▉         | 2006/22162 [33:50:57 > 3:03:09]
SOAP:   9%|▉         | 2007/22162 [32:10:38 > 3:03:14]
SOAP:   9%|▉         | 2008/22162 [30:51:59 > 3:03:19]
SOAP:   9%|▉         | 2009/22162 [29:39:49 > 3:03:24]
SOAP:   9%|▉         | 2010/22162 [25:24:43 > 3:03:26]
SOAP:   9%|▉         | 2011/22162 [30:31:16 > 3:03:34]
SOAP:   9%|▉         | 2012/22162 [28:22:39 > 3:03:38]
SOAP:   9%|▉         | 2013/22162 [30:52:44 > 3:03:45]
SOAP:   9%|▉         | 2014/22162 [31:58:34 > 3:03:51]
SOAP:   9%|▉         | 2015/22162 [33:39:41 > 3:03:58]
SOAP:   9%|▉         | 2016/22162 [32:12:00 > 3:04:03]
SOAP:   9%|▉         | 2017/22162 [32:26:44 > 3:04:09]
SOAP:   9%|▉         | 2018/22162 [31:29:53 > 3:04:14]
SOAP:   9%|▉         | 2019/22162 [31:00:41 > 3:04:19]
SOAP:   9%|▉         | 2020/22162 [29:53:32 > 3:04:24]
SOAP:   9%|▉         | 2021/22162 [30:17:09 > 3:04:30]
SOAP:   9%|▉         | 2022/22162 [28:11:04 > 3:04:34]
SOAP:   9%|▉         | 2023/22162 [28:09:01 > 3:04:39]
SOAP:   9%|▉         | 2024/22162 [29:03:36 > 3:04:44]
SOAP:   9%|▉         | 2025/22162 [30:03:34 > 3:04:50]
SOAP:   9%|▉         | 2026/22162 [31:59:04 > 3:04:57]
SOAP:   9%|▉         | 2027/22162 [32:32:26 > 3:05:03]
SOAP:   9%|▉         | 2028/22162 [33:01:22 > 3:05:09]
SOAP:   9%|▉         | 2029/22162 [33:37:20 > 3:05:15]
SOAP:   9%|▉         | 2030/22162 [31:38:18 > 3:05:20]
SOAP:   9%|▉         | 2031/22162 [33:05:57 > 3:05:27]
SOAP:   9%|▉         | 2032/22162 [31:02:01 > 3:05:31]
SOAP:   9%|▉         | 2033/22162 [29:55:34 > 3:05:36]
SOAP:   9%|▉         | 2034/22162 [28:56:40 > 3:05:41]
SOAP:   9%|▉         | 2035/22162 [29:42:01 > 3:05:47]
SOAP:   9%|▉         | 2036/22162 [26:28:37 > 3:05:50]
SOAP:   9%|▉         | 2037/22162 [28:45:31 > 3:05:56]
SOAP:   9%|▉         | 2038/22162 [29:13:03 > 3:06:01]
SOAP:   9%|▉         | 2039/22162 [31:03:13 > 3:06:08]
SOAP:   9%|▉         | 2040/22162 [32:32:23 > 3:06:14]
SOAP:   9%|▉         | 2041/22162 [33:26:49 > 3:06:21]
SOAP:   9%|▉         | 2042/22162 [32:54:45 > 3:06:26]
SOAP:   9%|▉         | 2043/22162 [31:45:43 > 3:06:31]
SOAP:   9%|▉         | 2044/22162 [31:11:57 > 3:06:37]
SOAP:   9%|▉         | 2045/22162 [24:21:13 > 3:06:38]
SOAP:   9%|▉         | 2046/22162 [30:31:03 > 3:06:46]
SOAP:   9%|▉         | 2047/22162 [28:44:53 > 3:06:51]
SOAP:   9%|▉         | 2048/22162 [25:22:22 > 3:06:54]
SOAP:   9%|▉         | 2049/22162 [30:25:53 > 3:07:01]
SOAP:   9%|▉         | 2050/22162 [30:45:27 > 3:07:07]
SOAP:   9%|▉         | 2051/22162 [27:24:26 > 3:07:11]
SOAP:   9%|▉         | 2052/22162 [35:02:24 > 3:07:20]
SOAP:   9%|▉         | 2053/22162 [34:54:08 > 3:07:26]
SOAP:   9%|▉         | 2054/22162 [34:50:29 > 3:07:32]
SOAP:   9%|▉         | 2055/22162 [33:14:10 > 3:07:38]
SOAP:   9%|▉         | 2056/22162 [31:52:33 > 3:07:43]
SOAP:   9%|▉         | 2057/22162 [30:47:22 > 3:07:48]
SOAP:   9%|▉         | 2058/22162 [29:39:37 > 3:07:53]
SOAP:   9%|▉         | 2059/22162 [28:56:07 > 3:07:58]
SOAP:   9%|▉         | 2060/22162 [28:57:41 > 3:08:03]
SOAP:   9%|▉         | 2061/22162 [29:03:10 > 3:08:08]
SOAP:   9%|▉         | 2062/22162 [29:13:42 > 3:08:13]
SOAP:   9%|▉         | 2063/22162 [29:43:35 > 3:08:19]
SOAP:   9%|▉         | 2064/22162 [31:13:17 > 3:08:25]
SOAP:   9%|▉         | 2065/22162 [33:06:25 > 3:08:32]
SOAP:   9%|▉         | 2066/22162 [31:52:47 > 3:08:37]
SOAP:   9%|▉         | 2067/22162 [32:16:13 > 3:08:43]
SOAP:   9%|▉         | 2068/22162 [29:45:10 > 3:08:47]
SOAP:   9%|▉         | 2069/22162 [29:14:49 > 3:08:52]
SOAP:   9%|▉         | 2070/22162 [30:48:02 > 3:08:58]
SOAP:   9%|▉         | 2071/22162 [30:52:12 > 3:09:04]
SOAP:   9%|▉         | 2072/22162 [28:30:33 > 3:09:08]
SOAP:   9%|▉         | 2073/22162 [28:21:15 > 3:09:13]
SOAP:   9%|▉         | 2074/22162 [29:10:25 > 3:09:19]
SOAP:   9%|▉         | 2075/22162 [30:11:23 > 3:09:25]
SOAP:   9%|▉         | 2076/22162 [32:05:12 > 3:09:31]
SOAP:   9%|▉         | 2077/22162 [32:35:07 > 3:09:37]
SOAP:   9%|▉         | 2078/22162 [33:01:54 > 3:09:43]
SOAP:   9%|▉         | 2079/22162 [33:33:06 > 3:09:50]
SOAP:   9%|▉         | 2080/22162 [31:35:30 > 3:09:54]
SOAP:   9%|▉         | 2081/22162 [32:48:51 > 3:10:01]
SOAP:   9%|▉         | 2082/22162 [31:01:25 > 3:10:06]
SOAP:   9%|▉         | 2083/22162 [29:55:56 > 3:10:10]
SOAP:   9%|▉         | 2084/22162 [28:51:29 > 3:10:15]
SOAP:   9%|▉         | 2085/22162 [29:34:23 > 3:10:21]
SOAP:   9%|▉         | 2086/22162 [27:24:13 > 3:10:25]
SOAP:   9%|▉         | 2087/22162 [28:30:19 > 3:10:30]
SOAP:   9%|▉         | 2088/22162 [29:01:19 > 3:10:36]
SOAP:   9%|▉         | 2089/22162 [30:51:44 > 3:10:42]
SOAP:   9%|▉         | 2090/22162 [32:20:17 > 3:10:49]
SOAP:   9%|▉         | 2091/22162 [33:17:24 > 3:10:55]
SOAP:   9%|▉         | 2092/22162 [32:45:03 > 3:11:01]
SOAP:   9%|▉         | 2093/22162 [31:33:46 > 3:11:06]
SOAP:   9%|▉         | 2094/22162 [30:38:38 > 3:11:11]
SOAP:   9%|▉         | 2095/22162 [24:06:17 > 3:11:12]
SOAP:   9%|▉         | 2096/22162 [30:22:48 > 3:11:21]
SOAP:   9%|▉         | 2097/22162 [28:37:48 > 3:11:25]
SOAP:   9%|▉         | 2098/22162 [28:18:59 > 3:11:30]
SOAP:   9%|▉         | 2099/22162 [29:20:58 > 3:11:36]
SOAP:   9%|▉         | 2100/22162 [29:59:42 > 3:11:41]
SOAP:   9%|▉         | 2101/22162 [33:21:32 > 3:11:49]
SOAP:   9%|▉         | 2102/22162 [32:36:41 > 3:11:54]
SOAP:   9%|▉         | 2103/22162 [33:17:05 > 3:12:00]
SOAP:   9%|▉         | 2104/22162 [33:35:09 > 3:12:07]
SOAP:   9%|▉         | 2105/22162 [32:19:31 > 3:12:12]
SOAP:  10%|▉         | 2106/22162 [31:08:11 > 3:12:17]
SOAP:  10%|▉         | 2107/22162 [30:13:04 > 3:12:22]
SOAP:  10%|▉         | 2108/22162 [29:26:36 > 3:12:27]
SOAP:  10%|▉         | 2109/22162 [28:39:11 > 3:12:32]
SOAP:  10%|▉         | 2110/22162 [28:40:56 > 3:12:37]
SOAP:  10%|▉         | 2111/22162 [28:49:51 > 3:12:42]
SOAP:  10%|▉         | 2112/22162 [28:59:25 > 3:12:47]
SOAP:  10%|▉         | 2113/22162 [29:21:43 > 3:12:53]
SOAP:  10%|▉         | 2114/22162 [30:53:55 > 3:12:59]
SOAP:  10%|▉         | 2115/22162 [32:49:07 > 3:13:06]
SOAP:  10%|▉         | 2116/22162 [31:31:59 > 3:13:11]
SOAP:  10%|▉         | 2117/22162 [31:58:06 > 3:13:17]
SOAP:  10%|▉         | 2118/22162 [31:09:20 > 3:13:22]
SOAP:  10%|▉         | 2119/22162 [30:45:50 > 3:13:27]
SOAP:  10%|▉         | 2120/22162 [29:40:53 > 3:13:32]
SOAP:  10%|▉         | 2121/22162 [30:02:07 > 3:13:38]
SOAP:  10%|▉         | 2122/22162 [27:58:12 > 3:13:42]
SOAP:  10%|▉         | 2123/22162 [27:54:51 > 3:13:47]
SOAP:  10%|▉         | 2124/22162 [28:47:00 > 3:13:53]
SOAP:  10%|▉         | 2125/22162 [22:56:48 > 3:13:54]
SOAP:  10%|▉         | 2126/22162 [33:53:33 > 3:14:05]
SOAP:  10%|▉         | 2127/22162 [33:42:46 > 3:14:11]
SOAP:  10%|▉         | 2128/22162 [26:25:03 > 3:14:13]
SOAP:  10%|▉         | 2129/22162 [36:13:10 > 3:14:23]
SOAP:  10%|▉         | 2130/22162 [33:26:56 > 3:14:28]
SOAP:  10%|▉         | 2131/22162 [34:16:08 > 3:14:35]
SOAP:  10%|▉         | 2132/22162 [26:13:16 > 3:14:36]
SOAP:  10%|▉         | 2133/22162 [26:40:09 > 3:14:41]
SOAP:  10%|▉         | 2134/22162 [32:16:59 > 3:14:49]
SOAP:  10%|▉         | 2135/22162 [31:59:23 > 3:14:55]
SOAP:  10%|▉         | 2136/22162 [29:07:04 > 3:14:59]
SOAP:  10%|▉         | 2137/22162 [29:37:17 > 3:15:04]
SOAP:  10%|▉         | 2138/22162 [29:04:28 > 3:15:09]
SOAP:  10%|▉         | 2139/22162 [31:30:42 > 3:15:16]
SOAP:  10%|▉         | 2140/22162 [32:49:18 > 3:15:22]
SOAP:  10%|▉         | 2141/22162 [33:35:05 > 3:15:29]
SOAP:  10%|▉         | 2142/22162 [32:58:54 > 3:15:34]
SOAP:  10%|▉         | 2143/22162 [25:37:56 > 3:15:36]
SOAP:  10%|▉         | 2144/22162 [32:54:00 > 3:15:45]
SOAP:  10%|▉         | 2145/22162 [31:52:48 > 3:15:50]
SOAP:  10%|▉         | 2146/22162 [29:17:33 > 3:15:54]
SOAP:  10%|▉         | 2147/22162 [27:54:30 > 3:15:59]
SOAP:  10%|▉         | 2148/22162 [27:49:42 > 3:16:04]
SOAP:  10%|▉         | 2149/22162 [28:57:31 > 3:16:09]
SOAP:  10%|▉         | 2150/22162 [29:46:25 > 3:16:15]
SOAP:  10%|▉         | 2151/22162 [33:06:38 > 3:16:23]
SOAP:  10%|▉         | 2152/22162 [32:38:19 > 3:16:28]
SOAP:  10%|▉         | 2153/22162 [33:08:29 > 3:16:34]
SOAP:  10%|▉         | 2154/22162 [33:32:04 > 3:16:41]
SOAP:  10%|▉         | 2155/22162 [32:15:51 > 3:16:46]
SOAP:  10%|▉         | 2156/22162 [31:08:18 > 3:16:51]
SOAP:  10%|▉         | 2157/22162 [30:13:05 > 3:16:56]
SOAP:  10%|▉         | 2158/22162 [29:23:07 > 3:17:01]
SOAP:  10%|▉         | 2159/22162 [28:43:30 > 3:17:06]
SOAP:  10%|▉         | 2160/22162 [28:45:46 > 3:17:11]
SOAP:  10%|▉         | 2161/22162 [28:54:41 > 3:17:16]
SOAP:  10%|▉         | 2162/22162 [29:06:50 > 3:17:22]
SOAP:  10%|▉         | 2163/22162 [29:32:31 > 3:17:27]
SOAP:  10%|▉         | 2164/22162 [31:04:29 > 3:17:33]
SOAP:  10%|▉         | 2165/22162 [32:57:44 > 3:17:40]
SOAP:  10%|▉         | 2166/22162 [31:36:25 > 3:17:45]
SOAP:  10%|▉         | 2167/22162 [32:05:34 > 3:17:51]
SOAP:  10%|▉         | 2168/22162 [30:27:29 > 3:17:56]
SOAP:  10%|▉         | 2169/22162 [31:06:51 > 3:18:02]
SOAP:  10%|▉         | 2170/22162 [28:46:20 > 3:18:06]
SOAP:  10%|▉         | 2171/22162 [25:30:27 > 3:18:09]
SOAP:  10%|▉         | 2172/22162 [29:40:15 > 3:18:16]
SOAP:  10%|▉         | 2173/22162 [29:01:14 > 3:18:21]
SOAP:  10%|▉         | 2174/22162 [29:32:20 > 3:18:27]
SOAP:  10%|▉         | 2175/22162 [30:21:02 > 3:18:33]
SOAP:  10%|▉         | 2176/22162 [24:02:22 > 3:18:34]
SOAP:  10%|▉         | 2177/22162 [35:02:18 > 3:18:45]
SOAP:  10%|▉         | 2178/22162 [34:44:45 > 3:18:51]
SOAP:  10%|▉         | 2179/22162 [34:44:59 > 3:18:58]
SOAP:  10%|▉         | 2180/22162 [32:30:31 > 3:19:03]
SOAP:  10%|▉         | 2181/22162 [33:31:52 > 3:19:09]
SOAP:  10%|▉         | 2182/22162 [31:19:30 > 3:19:14]
SOAP:  10%|▉         | 2183/22162 [25:44:53 > 3:19:16]
SOAP:  10%|▉         | 2184/22162 [30:14:34 > 3:19:23]
SOAP:  10%|▉         | 2185/22162 [30:34:47 > 3:19:29]
SOAP:  10%|▉         | 2186/22162 [28:03:04 > 3:19:33]
SOAP:  10%|▉         | 2187/22162 [28:52:03 > 3:19:39]
SOAP:  10%|▉         | 2188/22162 [29:05:05 > 3:19:44]
SOAP:  10%|▉         | 2189/22162 [23:45:35 > 3:19:46]
SOAP:  10%|▉         | 2190/22162 [34:31:09 > 3:19:57]
SOAP:  10%|▉         | 2191/22162 [34:53:58 > 3:20:03]
SOAP:  10%|▉         | 2192/22162 [32:00:31 > 3:20:08]
SOAP:  10%|▉         | 2193/22162 [32:59:56 > 3:20:14]
SOAP:  10%|▉         | 2194/22162 [31:53:35 > 3:20:19]
SOAP:  10%|▉         | 2195/22162 [31:04:16 > 3:20:25]
SOAP:  10%|▉         | 2196/22162 [28:47:02 > 3:20:29]
SOAP:  10%|▉         | 2197/22162 [27:26:30 > 3:20:33]
SOAP:  10%|▉         | 2198/22162 [27:28:13 > 3:20:38]
SOAP:  10%|▉         | 2199/22162 [28:44:06 > 3:20:44]
SOAP:  10%|▉         | 2200/22162 [29:31:30 > 3:20:50]
SOAP:  10%|▉         | 2201/22162 [32:52:37 > 3:20:57]
SOAP:  10%|▉         | 2202/22162 [32:21:58 > 3:21:03]
SOAP:  10%|▉         | 2203/22162 [25:40:07 > 3:21:04]
SOAP:  10%|▉         | 2204/22162 [35:05:27 > 3:21:15]
SOAP:  10%|▉         | 2205/22162 [26:54:24 > 3:21:16]
SOAP:  10%|▉         | 2206/22162 [33:50:18 > 3:21:25]
SOAP:  10%|▉         | 2207/22162 [32:02:57 > 3:21:30]
SOAP:  10%|▉         | 2208/22162 [26:47:45 > 3:21:33]
SOAP:  10%|▉         | 2209/22162 [30:30:44 > 3:21:40]
SOAP:  10%|▉         | 2210/22162 [29:53:22 > 3:21:45]
SOAP:  10%|▉         | 2211/22162 [29:33:45 > 3:21:50]
SOAP:  10%|▉         | 2212/22162 [29:25:32 > 3:21:55]
SOAP:  10%|▉         | 2213/22162 [29:35:43 > 3:22:01]
SOAP:  10%|▉         | 2214/22162 [24:03:11 > 3:22:03]
SOAP:  10%|▉         | 2215/22162 [34:44:21 > 3:22:14]
SOAP:  10%|▉         | 2216/22162 [31:13:55 > 3:22:18]
SOAP:  10%|█         | 2217/22162 [30:27:28 > 3:22:23]
SOAP:  10%|█         | 2218/22162 [32:49:43 > 3:22:30]
SOAP:  10%|█         | 2219/22162 [31:47:05 > 3:22:35]
SOAP:  10%|█         | 2220/22162 [30:12:24 > 3:22:40]
SOAP:  10%|█         | 2221/22162 [30:16:28 > 3:22:45]
SOAP:  10%|█         | 2222/22162 [27:58:26 > 3:22:50]
SOAP:  10%|█         | 2223/22162 [27:49:12 > 3:22:55]
SOAP:  10%|█         | 2224/22162 [22:15:26 > 3:22:56]
SOAP:  10%|█         | 2225/22162 [26:46:09 > 3:23:03]
SOAP:  10%|█         | 2226/22162 [34:11:38 > 3:23:12]
SOAP:  10%|█         | 2227/22162 [33:51:47 > 3:23:18]
SOAP:  10%|█         | 2228/22162 [33:51:17 > 3:23:24]
SOAP:  10%|█         | 2229/22162 [33:59:16 > 3:23:31]
SOAP:  10%|█         | 2230/22162 [31:46:29 > 3:23:35]
SOAP:  10%|█         | 2231/22162 [33:02:29 > 3:23:42]
SOAP:  10%|█         | 2232/22162 [30:54:08 > 3:23:46]
SOAP:  10%|█         | 2233/22162 [29:44:00 > 3:23:51]
SOAP:  10%|█         | 2234/22162 [23:21:50 > 3:23:53]
SOAP:  10%|█         | 2235/22162 [30:59:37 > 3:24:02]
SOAP:  10%|█         | 2236/22162 [28:20:56 > 3:24:06]
SOAP:  10%|█         | 2237/22162 [28:57:58 > 3:24:11]
SOAP:  10%|█         | 2238/22162 [29:10:55 > 3:24:17]
SOAP:  10%|█         | 2239/22162 [30:54:19 > 3:24:23]
SOAP:  10%|█         | 2240/22162 [24:27:08 > 3:24:25]
SOAP:  10%|█         | 2241/22162 [35:26:39 > 3:24:36]
SOAP:  10%|█         | 2242/22162 [34:11:31 > 3:24:41]
SOAP:  10%|█         | 2243/22162 [29:20:01 > 3:24:45]
SOAP:  10%|█         | 2244/22162 [32:35:32 > 3:24:52]
SOAP:  10%|█         | 2245/22162 [31:37:17 > 3:24:57]
SOAP:  10%|█         | 2246/22162 [28:56:28 > 3:25:01]
SOAP:  10%|█         | 2247/22162 [27:43:05 > 3:25:06]
SOAP:  10%|█         | 2248/22162 [26:02:34 > 3:25:10]
SOAP:  10%|█         | 2249/22162 [29:10:19 > 3:25:16]
SOAP:  10%|█         | 2250/22162 [28:41:39 > 3:25:21]
SOAP:  10%|█         | 2251/22162 [33:23:21 > 3:25:29]
SOAP:  10%|█         | 2252/22162 [29:26:08 > 3:25:33]
SOAP:  10%|█         | 2253/22162 [33:57:37 > 3:25:41]
SOAP:  10%|█         | 2254/22162 [33:50:38 > 3:25:47]
SOAP:  10%|█         | 2255/22162 [32:24:30 > 3:25:52]
SOAP:  10%|█         | 2256/22162 [29:22:21 > 3:25:56]
SOAP:  10%|█         | 2257/22162 [28:37:15 > 3:26:01]
SOAP:  10%|█         | 2258/22162 [30:05:15 > 3:26:07]
SOAP:  10%|█         | 2259/22162 [28:58:50 > 3:26:12]
SOAP:  10%|█         | 2260/22162 [27:26:11 > 3:26:16]
SOAP:  10%|█         | 2261/22162 [29:10:40 > 3:26:22]
SOAP:  10%|█         | 2262/22162 [29:06:34 > 3:26:28]
SOAP:  10%|█         | 2263/22162 [29:22:29 > 3:26:33]
SOAP:  10%|█         | 2264/22162 [30:49:16 > 3:26:39]
SOAP:  10%|█         | 2265/22162 [25:09:17 > 3:26:41]
SOAP:  10%|█         | 2266/22162 [32:04:10 > 3:26:50]
SOAP:  10%|█         | 2267/22162 [33:53:15 > 3:26:57]
SOAP:  10%|█         | 2268/22162 [32:24:39 > 3:27:02]
SOAP:  10%|█         | 2269/22162 [31:34:39 > 3:27:08]
SOAP:  10%|█         | 2270/22162 [29:59:46 > 3:27:12]
SOAP:  10%|█         | 2271/22162 [30:14:07 > 3:27:18]
SOAP:  10%|█         | 2272/22162 [28:02:36 > 3:27:22]
SOAP:  10%|█         | 2273/22162 [27:54:27 > 3:27:27]
SOAP:  10%|█         | 2274/22162 [28:37:39 > 3:27:33]
SOAP:  10%|█         | 2275/22162 [29:38:53 > 3:27:38]
SOAP:  10%|█         | 2276/22162 [31:33:22 > 3:27:45]
SOAP:  10%|█         | 2277/22162 [32:04:02 > 3:27:51]
SOAP:  10%|█         | 2278/22162 [32:25:51 > 3:27:57]
SOAP:  10%|█         | 2279/22162 [32:52:12 > 3:28:03]
SOAP:  10%|█         | 2280/22162 [25:39:04 > 3:28:05]
SOAP:  10%|█         | 2281/22162 [26:03:54 > 3:28:10]
SOAP:  10%|█         | 2282/22162 [33:53:30 > 3:28:19]
SOAP:  10%|█         | 2283/22162 [31:48:25 > 3:28:24]
SOAP:  10%|█         | 2284/22162 [30:04:46 > 3:28:29]
SOAP:  10%|█         | 2285/22162 [30:17:46 > 3:28:34]
SOAP:  10%|█         | 2286/22162 [27:46:40 > 3:28:38]
SOAP:  10%|█         | 2287/22162 [28:38:33 > 3:28:44]
SOAP:  10%|█         | 2288/22162 [28:58:53 > 3:28:49]
SOAP:  10%|█         | 2289/22162 [30:39:07 > 3:28:55]
SOAP:  10%|█         | 2290/22162 [31:55:50 > 3:29:02]
SOAP:  10%|█         | 2291/22162 [29:59:50 > 3:29:06]
SOAP:  10%|█         | 2292/22162 [33:12:16 > 3:29:14]
SOAP:  10%|█         | 2293/22162 [31:48:30 > 3:29:19]
SOAP:  10%|█         | 2294/22162 [31:01:19 > 3:29:24]
SOAP:  10%|█         | 2295/22162 [30:29:25 > 3:29:29]
SOAP:  10%|█         | 2296/22162 [28:09:41 > 3:29:34]
SOAP:  10%|█         | 2297/22162 [27:00:59 > 3:29:38]
SOAP:  10%|█         | 2298/22162 [27:11:06 > 3:29:43]
SOAP:  10%|█         | 2299/22162 [28:19:13 > 3:29:49]
SOAP:  10%|█         | 2300/22162 [27:18:38 > 3:29:53]
SOAP:  10%|█         | 2301/22162 [33:05:03 > 3:30:02]
SOAP:  10%|█         | 2302/22162 [32:23:34 > 3:30:07]
SOAP:  10%|█         | 2303/22162 [29:54:15 > 3:30:12]
SOAP:  10%|█         | 2304/22162 [33:57:20 > 3:30:19]
SOAP:  10%|█         | 2305/22162 [32:30:13 > 3:30:25]
SOAP:  10%|█         | 2306/22162 [31:05:32 > 3:30:30]
SOAP:  10%|█         | 2307/22162 [30:08:30 > 3:30:35]
SOAP:  10%|█         | 2308/22162 [29:21:46 > 3:30:40]
SOAP:  10%|█         | 2309/22162 [23:25:03 > 3:30:42]
SOAP:  10%|█         | 2310/22162 [29:56:55 > 3:30:50]
SOAP:  10%|█         | 2311/22162 [29:36:54 > 3:30:55]
SOAP:  10%|█         | 2312/22162 [23:13:23 > 3:30:56]
SOAP:  10%|█         | 2313/22162 [30:00:23 > 3:31:05]
SOAP:  10%|█         | 2314/22162 [32:32:06 > 3:31:12]
SOAP:  10%|█         | 2315/22162 [25:05:10 > 3:31:13]
SOAP:  10%|█         | 2316/22162 [34:50:34 > 3:31:24]
SOAP:  10%|█         | 2317/22162 [26:32:03 > 3:31:25]
SOAP:  10%|█         | 2318/22162 [34:47:30 > 3:31:35]
SOAP:  10%|█         | 2319/22162 [32:44:24 > 3:31:40]
SOAP:  10%|█         | 2320/22162 [31:14:49 > 3:31:45]
SOAP:  10%|█         | 2321/22162 [31:00:06 > 3:31:50]
SOAP:  10%|█         | 2322/22162 [23:48:43 > 3:31:52]
SOAP:  10%|█         | 2323/22162 [29:37:18 > 3:31:59]
SOAP:  10%|█         | 2324/22162 [29:49:41 > 3:32:05]
SOAP:  10%|█         | 2325/22162 [30:24:39 > 3:32:11]
SOAP:  10%|█         | 2326/22162 [31:00:04 > 3:32:17]
SOAP:  10%|█         | 2327/22162 [29:58:21 > 3:32:22]
SOAP:  11%|█         | 2328/22162 [26:14:19 > 3:32:25]
SOAP:  11%|█         | 2329/22162 [35:33:17 > 3:32:35]
SOAP:  11%|█         | 2330/22162 [33:02:30 > 3:32:40]
SOAP:  11%|█         | 2331/22162 [33:45:11 > 3:32:47]
SOAP:  11%|█         | 2332/22162 [31:18:20 > 3:32:51]
SOAP:  11%|█         | 2333/22162 [30:00:16 > 3:32:56]
SOAP:  11%|█         | 2334/22162 [28:42:47 > 3:33:01]
SOAP:  11%|█         | 2335/22162 [29:20:27 > 3:33:06]
SOAP:  11%|█         | 2336/22162 [26:58:20 > 3:33:10]
SOAP:  11%|█         | 2337/22162 [23:56:21 > 3:33:13]
SOAP:  11%|█         | 2338/22162 [29:33:04 > 3:33:21]
SOAP:  11%|█         | 2339/22162 [30:48:16 > 3:33:27]
SOAP:  11%|█         | 2340/22162 [31:57:01 > 3:33:33]
SOAP:  11%|█         | 2341/22162 [32:48:33 > 3:33:40]
SOAP:  11%|█         | 2342/22162 [32:12:57 > 3:33:45]
SOAP:  11%|█         | 2343/22162 [29:38:53 > 3:33:50]
SOAP:  11%|█         | 2344/22162 [30:52:55 > 3:33:56]
SOAP:  11%|█         | 2345/22162 [30:09:34 > 3:34:01]
SOAP:  11%|█         | 2346/22162 [27:56:45 > 3:34:05]
SOAP:  11%|█         | 2347/22162 [26:49:39 > 3:34:10]
SOAP:  11%|█         | 2348/22162 [26:55:50 > 3:34:14]
SOAP:  11%|█         | 2349/22162 [28:03:53 > 3:34:20]
SOAP:  11%|█         | 2350/22162 [29:03:16 > 3:34:26]
SOAP:  11%|█         | 2351/22162 [32:26:25 > 3:34:33]
SOAP:  11%|█         | 2352/22162 [31:52:14 > 3:34:39]
SOAP:  11%|█         | 2353/22162 [32:22:48 > 3:34:45]
SOAP:  11%|█         | 2354/22162 [32:47:18 > 3:34:51]
SOAP:  11%|█         | 2355/22162 [31:41:50 > 3:34:56]
SOAP:  11%|█         | 2356/22162 [30:41:20 > 3:35:01]
SOAP:  11%|█         | 2357/22162 [29:47:49 > 3:35:06]
SOAP:  11%|█         | 2358/22162 [28:58:30 > 3:35:11]
SOAP:  11%|█         | 2359/22162 [28:14:36 > 3:35:16]
SOAP:  11%|█         | 2360/22162 [28:22:06 > 3:35:21]
SOAP:  11%|█         | 2361/22162 [28:32:58 > 3:35:27]
SOAP:  11%|█         | 2362/22162 [28:41:14 > 3:35:32]
SOAP:  11%|█         | 2363/22162 [29:14:15 > 3:35:37]
SOAP:  11%|█         | 2364/22162 [30:39:00 > 3:35:44]
SOAP:  11%|█         | 2365/22162 [32:34:50 > 3:35:50]
SOAP:  11%|█         | 2366/22162 [31:20:43 > 3:35:55]
SOAP:  11%|█         | 2367/22162 [31:44:52 > 3:36:01]
SOAP:  11%|█         | 2368/22162 [30:55:19 > 3:36:07]
SOAP:  11%|█         | 2369/22162 [24:16:16 > 3:36:08]
SOAP:  11%|█         | 2370/22162 [31:06:03 > 3:36:17]
SOAP:  11%|█         | 2371/22162 [24:06:55 > 3:36:18]
SOAP:  11%|█         | 2372/22162 [30:27:45 > 3:36:27]
SOAP:  11%|█         | 2373/22162 [29:31:06 > 3:36:31]
SOAP:  11%|█         | 2374/22162 [29:44:05 > 3:36:37]
SOAP:  11%|█         | 2375/22162 [30:24:53 > 3:36:43]
SOAP:  11%|█         | 2376/22162 [32:04:56 > 3:36:49]
SOAP:  11%|█         | 2377/22162 [32:22:02 > 3:36:55]
SOAP:  11%|█         | 2378/22162 [32:43:08 > 3:37:01]
SOAP:  11%|█         | 2379/22162 [33:00:18 > 3:37:08]
SOAP:  11%|█         | 2380/22162 [31:03:05 > 3:37:12]
SOAP:  11%|█         | 2381/22162 [28:38:48 > 3:37:17]
SOAP:  11%|█         | 2382/22162 [25:51:04 > 3:37:20]
SOAP:  11%|█         | 2383/22162 [26:14:46 > 3:37:25]
SOAP:  11%|█         | 2384/22162 [26:32:21 > 3:37:30]
SOAP:  11%|█         | 2385/22162 [32:30:42 > 3:37:38]
SOAP:  11%|█         | 2386/22162 [29:15:33 > 3:37:42]
SOAP:  11%|█         | 2387/22162 [29:30:22 > 3:37:48]
SOAP:  11%|█         | 2388/22162 [29:22:37 > 3:37:53]
SOAP:  11%|█         | 2389/22162 [30:48:22 > 3:37:59]
SOAP:  11%|█         | 2390/22162 [31:55:32 > 3:38:06]
SOAP:  11%|█         | 2391/22162 [32:47:40 > 3:38:12]
SOAP:  11%|█         | 2392/22162 [32:15:18 > 3:38:18]
SOAP:  11%|█         | 2393/22162 [30:58:35 > 3:38:23]
SOAP:  11%|█         | 2394/22162 [30:18:38 > 3:38:28]
SOAP:  11%|█         | 2395/22162 [29:52:17 > 3:38:33]
SOAP:  11%|█         | 2396/22162 [27:42:25 > 3:38:37]
SOAP:  11%|█         | 2397/22162 [26:36:22 > 3:38:42]
SOAP:  11%|█         | 2398/22162 [26:43:52 > 3:38:47]
SOAP:  11%|█         | 2399/22162 [21:27:38 > 3:38:48]
SOAP:  11%|█         | 2400/22162 [30:49:27 > 3:38:58]
SOAP:  11%|█         | 2401/22162 [33:29:48 > 3:39:05]
SOAP:  11%|█         | 2402/22162 [26:07:08 > 3:39:07]
SOAP:  11%|█         | 2403/22162 [34:41:37 > 3:39:17]
SOAP:  11%|█         | 2404/22162 [27:04:38 > 3:39:19]
SOAP:  11%|█         | 2405/22162 [34:51:38 > 3:39:28]
SOAP:  11%|█         | 2406/22162 [27:28:40 > 3:39:30]
SOAP:  11%|█         | 2407/22162 [27:41:22 > 3:39:35]
SOAP:  11%|█         | 2408/22162 [32:43:22 > 3:39:43]
SOAP:  11%|█         | 2409/22162 [30:48:49 > 3:39:48]
SOAP:  11%|█         | 2410/22162 [30:01:52 > 3:39:53]
SOAP:  11%|█         | 2411/22162 [27:00:56 > 3:39:57]
SOAP:  11%|█         | 2412/22162 [30:09:21 > 3:40:04]
SOAP:  11%|█         | 2413/22162 [30:05:20 > 3:40:09]
SOAP:  11%|█         | 2414/22162 [31:08:47 > 3:40:15]
SOAP:  11%|█         | 2415/22162 [32:43:31 > 3:40:22]
SOAP:  11%|█         | 2416/22162 [25:35:57 > 3:40:24]
SOAP:  11%|█         | 2417/22162 [25:56:25 > 3:40:28]
SOAP:  11%|█         | 2418/22162 [34:15:11 > 3:40:38]
SOAP:  11%|█         | 2419/22162 [32:46:18 > 3:40:44]
SOAP:  11%|█         | 2420/22162 [25:37:54 > 3:40:45]
SOAP:  11%|█         | 2421/22162 [32:15:32 > 3:40:54]
SOAP:  11%|█         | 2422/22162 [24:45:12 > 3:40:55]
SOAP:  11%|█         | 2423/22162 [30:04:30 > 3:41:03]
SOAP:  11%|█         | 2424/22162 [30:04:34 > 3:41:08]
SOAP:  11%|█         | 2425/22162 [23:49:44 > 3:41:10]
SOAP:  11%|█         | 2426/22162 [34:05:28 > 3:41:21]
SOAP:  11%|█         | 2427/22162 [33:40:13 > 3:41:27]
SOAP:  11%|█         | 2428/22162 [26:43:36 > 3:41:29]
SOAP:  11%|█         | 2429/22162 [34:53:11 > 3:41:38]
SOAP:  11%|█         | 2430/22162 [30:05:19 > 3:41:42]
SOAP:  11%|█         | 2431/22162 [26:40:03 > 3:41:45]
SOAP:  11%|█         | 2432/22162 [34:22:41 > 3:41:55]
SOAP:  11%|█         | 2433/22162 [32:05:29 > 3:42:00]
SOAP:  11%|█         | 2434/22162 [30:09:10 > 3:42:04]
SOAP:  11%|█         | 2435/22162 [27:45:42 > 3:42:08]
SOAP:  11%|█         | 2436/22162 [24:01:56 > 3:42:11]
SOAP:  11%|█         | 2437/22162 [30:10:56 > 3:42:19]
SOAP:  11%|█         | 2438/22162 [29:52:25 > 3:42:25]
SOAP:  11%|█         | 2439/22162 [31:10:32 > 3:42:31]
SOAP:  11%|█         | 2440/22162 [31:40:22 > 3:42:37]
SOAP:  11%|█         | 2441/22162 [33:15:40 > 3:42:44]
SOAP:  11%|█         | 2442/22162 [32:38:09 > 3:42:49]
SOAP:  11%|█         | 2443/22162 [31:23:29 > 3:42:55]
SOAP:  11%|█         | 2444/22162 [30:42:26 > 3:43:00]
SOAP:  11%|█         | 2445/22162 [30:14:36 > 3:43:05]
SOAP:  11%|█         | 2446/22162 [26:50:17 > 3:43:09]
SOAP:  11%|█         | 2447/22162 [27:14:17 > 3:43:14]
SOAP:  11%|█         | 2448/22162 [27:12:45 > 3:43:19]
SOAP:  11%|█         | 2449/22162 [28:21:12 > 3:43:24]
SOAP:  11%|█         | 2450/22162 [29:14:09 > 3:43:30]
SOAP:  11%|█         | 2451/22162 [32:34:06 > 3:43:38]
SOAP:  11%|█         | 2452/22162 [32:06:30 > 3:43:43]
SOAP:  11%|█         | 2453/22162 [32:29:49 > 3:43:49]
SOAP:  11%|█         | 2454/22162 [32:50:28 > 3:43:55]
SOAP:  11%|█         | 2455/22162 [31:40:02 > 3:44:01]
SOAP:  11%|█         | 2456/22162 [30:37:31 > 3:44:06]
SOAP:  11%|█         | 2457/22162 [29:43:09 > 3:44:11]
SOAP:  11%|█         | 2458/22162 [28:55:38 > 3:44:16]
SOAP:  11%|█         | 2459/22162 [28:07:04 > 3:44:21]
SOAP:  11%|█         | 2460/22162 [28:13:56 > 3:44:26]
SOAP:  11%|█         | 2461/22162 [28:25:43 > 3:44:31]
SOAP:  11%|█         | 2462/22162 [28:34:37 > 3:44:36]
SOAP:  11%|█         | 2463/22162 [29:02:24 > 3:44:42]
SOAP:  11%|█         | 2464/22162 [30:31:24 > 3:44:48]
SOAP:  11%|█         | 2465/22162 [32:24:01 > 3:44:55]
SOAP:  11%|█         | 2466/22162 [31:09:35 > 3:45:00]
SOAP:  11%|█         | 2467/22162 [31:34:17 > 3:45:06]
SOAP:  11%|█         | 2468/22162 [30:42:53 > 3:45:11]
SOAP:  11%|█         | 2469/22162 [30:14:44 > 3:45:17]
SOAP:  11%|█         | 2470/22162 [29:11:23 > 3:45:21]
SOAP:  11%|█         | 2471/22162 [29:31:49 > 3:45:27]
SOAP:  11%|█         | 2472/22162 [27:30:54 > 3:45:31]
SOAP:  11%|█         | 2473/22162 [27:33:02 > 3:45:36]
SOAP:  11%|█         | 2474/22162 [28:18:51 > 3:45:42]
SOAP:  11%|█         | 2475/22162 [29:18:54 > 3:45:48]
SOAP:  11%|█         | 2476/22162 [31:13:58 > 3:45:54]
SOAP:  11%|█         | 2477/22162 [31:39:57 > 3:46:00]
SOAP:  11%|█         | 2478/22162 [32:10:34 > 3:46:06]
SOAP:  11%|█         | 2479/22162 [32:43:22 > 3:46:12]
SOAP:  11%|█         | 2480/22162 [30:51:52 > 3:46:17]
SOAP:  11%|█         | 2481/22162 [32:15:59 > 3:46:24]
SOAP:  11%|█         | 2482/22162 [30:16:52 > 3:46:28]
SOAP:  11%|█         | 2483/22162 [29:13:30 > 3:46:33]
SOAP:  11%|█         | 2484/22162 [28:16:02 > 3:46:38]
SOAP:  11%|█         | 2485/22162 [29:00:29 > 3:46:44]
SOAP:  11%|█         | 2486/22162 [26:54:32 > 3:46:48]
SOAP:  11%|█         | 2487/22162 [27:55:50 > 3:46:53]
SOAP:  11%|█         | 2488/22162 [22:17:50 > 3:46:55]
SOAP:  11%|█         | 2489/22162 [31:56:00 > 3:47:05]
SOAP:  11%|█         | 2490/22162 [25:08:20 > 3:47:07]
SOAP:  11%|█         | 2491/22162 [35:42:24 > 3:47:18]
SOAP:  11%|█         | 2492/22162 [34:18:26 > 3:47:23]
SOAP:  11%|█         | 2493/22162 [32:33:22 > 3:47:29]
SOAP:  11%|█▏        | 2494/22162 [31:24:11 > 3:47:34]
SOAP:  11%|█▏        | 2495/22162 [30:37:01 > 3:47:39]
SOAP:  11%|█▏        | 2496/22162 [28:18:02 > 3:47:43]
SOAP:  11%|█▏        | 2497/22162 [27:06:02 > 3:47:48]
SOAP:  11%|█▏        | 2498/22162 [27:09:36 > 3:47:53]
SOAP:  11%|█▏        | 2499/22162 [28:20:58 > 3:47:58]
SOAP:  11%|█▏        | 2500/22162 [25:04:54 > 3:48:02]
SOAP:  11%|█▏        | 2501/22162 [33:45:48 > 3:48:12]
SOAP:  11%|█▏        | 2502/22162 [32:51:26 > 3:48:17]
SOAP:  11%|█▏        | 2503/22162 [33:06:17 > 3:48:23]
SOAP:  11%|█▏        | 2504/22162 [25:58:34 > 3:48:25]
SOAP:  11%|█▏        | 2505/22162 [34:14:07 > 3:48:35]
SOAP:  11%|█▏        | 2506/22162 [29:50:00 > 3:48:38]
SOAP:  11%|█▏        | 2507/22162 [31:43:31 > 3:48:45]
SOAP:  11%|█▏        | 2508/22162 [30:24:45 > 3:48:50]
SOAP:  11%|█▏        | 2509/22162 [29:15:48 > 3:48:55]
SOAP:  11%|█▏        | 2510/22162 [29:00:10 > 3:49:00]
SOAP:  11%|█▏        | 2511/22162 [28:56:42 > 3:49:05]
SOAP:  11%|█▏        | 2512/22162 [29:00:21 > 3:49:11]
SOAP:  11%|█▏        | 2513/22162 [29:19:19 > 3:49:16]
SOAP:  11%|█▏        | 2514/22162 [30:41:18 > 3:49:22]
SOAP:  11%|█▏        | 2515/22162 [32:28:50 > 3:49:29]
SOAP:  11%|█▏        | 2516/22162 [31:11:32 > 3:49:34]
SOAP:  11%|█▏        | 2517/22162 [31:34:15 > 3:49:40]
SOAP:  11%|█▏        | 2518/22162 [30:40:07 > 3:49:46]
SOAP:  11%|█▏        | 2519/22162 [30:16:14 > 3:49:51]
SOAP:  11%|█▏        | 2520/22162 [29:03:53 > 3:49:56]
SOAP:  11%|█▏        | 2521/22162 [29:21:54 > 3:50:01]
SOAP:  11%|█▏        | 2522/22162 [26:56:54 > 3:50:05]
SOAP:  11%|█▏        | 2523/22162 [21:41:18 > 3:50:07]
SOAP:  11%|█▏        | 2524/22162 [29:47:55 > 3:50:16]
SOAP:  11%|█▏        | 2525/22162 [30:23:18 > 3:50:22]
SOAP:  11%|█▏        | 2526/22162 [29:43:24 > 3:50:27]
SOAP:  11%|█▏        | 2527/22162 [32:52:47 > 3:50:34]
SOAP:  11%|█▏        | 2528/22162 [32:59:36 > 3:50:40]
SOAP:  11%|█▏        | 2529/22162 [25:41:19 > 3:50:42]
SOAP:  11%|█▏        | 2530/22162 [33:26:24 > 3:50:51]
SOAP:  11%|█▏        | 2531/22162 [34:08:04 > 3:50:58]
SOAP:  11%|█▏        | 2532/22162 [31:32:39 > 3:51:03]
SOAP:  11%|█▏        | 2533/22162 [30:01:02 > 3:51:07]
SOAP:  11%|█▏        | 2534/22162 [28:40:03 > 3:51:12]
SOAP:  11%|█▏        | 2535/22162 [22:28:11 > 3:51:14]
SOAP:  11%|█▏        | 2536/22162 [28:59:30 > 3:51:22]
SOAP:  11%|█▏        | 2537/22162 [29:12:16 > 3:51:27]
SOAP:  11%|█▏        | 2538/22162 [22:48:08 > 3:51:29]
SOAP:  11%|█▏        | 2539/22162 [32:22:24 > 3:51:39]
SOAP:  11%|█▏        | 2540/22162 [25:24:37 > 3:51:40]
SOAP:  11%|█▏        | 2541/22162 [35:45:48 > 3:51:51]
SOAP:  11%|█▏        | 2542/22162 [34:14:24 > 3:51:57]
SOAP:  11%|█▏        | 2543/22162 [26:31:20 > 3:51:58]
SOAP:  11%|█▏        | 2544/22162 [33:04:36 > 3:52:07]
SOAP:  11%|█▏        | 2545/22162 [31:44:47 > 3:52:13]
SOAP:  11%|█▏        | 2546/22162 [29:04:39 > 3:52:17]
SOAP:  11%|█▏        | 2547/22162 [27:32:21 > 3:52:21]
SOAP:  11%|█▏        | 2548/22162 [27:22:17 > 3:52:26]
SOAP:  12%|█▏        | 2549/22162 [28:28:53 > 3:52:32]
SOAP:  12%|█▏        | 2550/22162 [29:14:22 > 3:52:38]
SOAP:  12%|█▏        | 2551/22162 [32:28:04 > 3:52:45]
SOAP:  12%|█▏        | 2552/22162 [31:57:46 > 3:52:51]
SOAP:  12%|█▏        | 2553/22162 [27:30:22 > 3:52:54]
SOAP:  12%|█▏        | 2554/22162 [32:49:10 > 3:53:02]
SOAP:  12%|█▏        | 2555/22162 [32:40:22 > 3:53:08]
SOAP:  12%|█▏        | 2556/22162 [26:54:02 > 3:53:10]
SOAP:  12%|█▏        | 2557/22162 [31:21:29 > 3:53:18]
SOAP:  12%|█▏        | 2558/22162 [29:59:01 > 3:53:23]
SOAP:  12%|█▏        | 2559/22162 [28:50:07 > 3:53:28]
SOAP:  12%|█▏        | 2560/22162 [28:33:02 > 3:53:33]
SOAP:  12%|█▏        | 2561/22162 [28:25:51 > 3:53:38]
SOAP:  12%|█▏        | 2562/22162 [28:26:28 > 3:53:43]
SOAP:  12%|█▏        | 2563/22162 [28:46:50 > 3:53:49]
SOAP:  12%|█▏        | 2564/22162 [30:13:39 > 3:53:55]
SOAP:  12%|█▏        | 2565/22162 [32:08:06 > 3:54:02]
SOAP:  12%|█▏        | 2566/22162 [30:56:50 > 3:54:07]
SOAP:  12%|█▏        | 2567/22162 [31:16:00 > 3:54:13]
SOAP:  12%|█▏        | 2568/22162 [30:21:02 > 3:54:18]
SOAP:  12%|█▏        | 2569/22162 [29:53:25 > 3:54:23]
SOAP:  12%|█▏        | 2570/22162 [28:47:35 > 3:54:28]
SOAP:  12%|█▏        | 2571/22162 [29:12:39 > 3:54:34]
SOAP:  12%|█▏        | 2572/22162 [27:09:25 > 3:54:38]
SOAP:  12%|█▏        | 2573/22162 [27:04:52 > 3:54:43]
SOAP:  12%|█▏        | 2574/22162 [27:54:28 > 3:54:48]
SOAP:  12%|█▏        | 2575/22162 [29:03:11 > 3:54:54]
SOAP:  12%|█▏        | 2576/22162 [30:59:56 > 3:55:00]
SOAP:  12%|█▏        | 2577/22162 [24:23:30 > 3:55:02]
SOAP:  12%|█▏        | 2578/22162 [33:59:10 > 3:55:12]
SOAP:  12%|█▏        | 2579/22162 [33:55:21 > 3:55:19]
SOAP:  12%|█▏        | 2580/22162 [26:28:50 > 3:55:20]
SOAP:  12%|█▏        | 2581/22162 [34:11:04 > 3:55:30]
SOAP:  12%|█▏        | 2582/22162 [31:28:22 > 3:55:35]
SOAP:  12%|█▏        | 2583/22162 [26:04:10 > 3:55:37]
SOAP:  12%|█▏        | 2584/22162 [29:46:01 > 3:55:44]
SOAP:  12%|█▏        | 2585/22162 [29:57:34 > 3:55:50]
SOAP:  12%|█▏        | 2586/22162 [27:26:47 > 3:55:54]
SOAP:  12%|█▏        | 2587/22162 [28:05:40 > 3:55:59]
SOAP:  12%|█▏        | 2588/22162 [28:25:35 > 3:56:04]
SOAP:  12%|█▏        | 2589/22162 [29:59:32 > 3:56:11]
SOAP:  12%|█▏        | 2590/22162 [26:01:57 > 3:56:14]
SOAP:  12%|█▏        | 2591/22162 [26:23:08 > 3:56:19]
SOAP:  12%|█▏        | 2592/22162 [32:06:19 > 3:56:27]
SOAP:  12%|█▏        | 2593/22162 [28:00:33 > 3:56:30]
SOAP:  12%|█▏        | 2594/22162 [34:05:34 > 3:56:39]
SOAP:  12%|█▏        | 2595/22162 [32:30:11 > 3:56:45]
SOAP:  12%|█▏        | 2596/22162 [29:29:43 > 3:56:49]
SOAP:  12%|█▏        | 2597/22162 [27:51:57 > 3:56:53]
SOAP:  12%|█▏        | 2598/22162 [27:33:25 > 3:56:58]
SOAP:  12%|█▏        | 2599/22162 [28:31:02 > 3:57:04]
SOAP:  12%|█▏        | 2600/22162 [29:13:20 > 3:57:10]
SOAP:  12%|█▏        | 2601/22162 [32:28:33 > 3:57:17]
SOAP:  12%|█▏        | 2602/22162 [31:44:40 > 3:57:22]
SOAP:  12%|█▏        | 2603/22162 [32:11:06 > 3:57:29]
SOAP:  12%|█▏        | 2604/22162 [32:29:04 > 3:57:35]
SOAP:  12%|█▏        | 2605/22162 [31:20:56 > 3:57:40]
SOAP:  12%|█▏        | 2606/22162 [30:14:33 > 3:57:45]
SOAP:  12%|█▏        | 2607/22162 [29:20:27 > 3:57:50]
SOAP:  12%|█▏        | 2608/22162 [28:34:41 > 3:57:55]
SOAP:  12%|█▏        | 2609/22162 [27:52:04 > 3:58:00]
SOAP:  12%|█▏        | 2610/22162 [27:56:39 > 3:58:05]
SOAP:  12%|█▏        | 2611/22162 [28:04:41 > 3:58:10]
SOAP:  12%|█▏        | 2612/22162 [28:21:39 > 3:58:16]
SOAP:  12%|█▏        | 2613/22162 [28:48:39 > 3:58:21]
SOAP:  12%|█▏        | 2614/22162 [30:17:19 > 3:58:27]
SOAP:  12%|█▏        | 2615/22162 [32:08:27 > 3:58:34]
SOAP:  12%|█▏        | 2616/22162 [30:30:28 > 3:58:39]
SOAP:  12%|█▏        | 2617/22162 [23:56:59 > 3:58:40]
SOAP:  12%|█▏        | 2618/22162 [30:15:23 > 3:58:49]
SOAP:  12%|█▏        | 2619/22162 [32:20:03 > 3:58:56]
SOAP:  12%|█▏        | 2620/22162 [30:34:34 > 3:59:00]
SOAP:  12%|█▏        | 2621/22162 [30:19:17 > 3:59:06]
SOAP:  12%|█▏        | 2622/22162 [28:00:31 > 3:59:10]
SOAP:  12%|█▏        | 2623/22162 [25:35:11 > 3:59:14]
SOAP:  12%|█▏        | 2624/22162 [29:00:47 > 3:59:21]
SOAP:  12%|█▏        | 2625/22162 [29:45:28 > 3:59:26]
SOAP:  12%|█▏        | 2626/22162 [31:22:22 > 3:59:33]
SOAP:  12%|█▏        | 2627/22162 [31:40:38 > 3:59:39]
SOAP:  12%|█▏        | 2628/22162 [32:10:19 > 3:59:45]
SOAP:  12%|█▏        | 2629/22162 [32:44:30 > 3:59:51]
SOAP:  12%|█▏        | 2630/22162 [30:47:45 > 3:59:56]
SOAP:  12%|█▏        | 2631/22162 [32:10:56 > 4:00:03]
SOAP:  12%|█▏        | 2632/22162 [30:10:55 > 4:00:07]
SOAP:  12%|█▏        | 2633/22162 [29:10:47 > 4:00:12]
SOAP:  12%|█▏        | 2634/22162 [22:55:25 > 4:00:14]
SOAP:  12%|█▏        | 2635/22162 [29:32:40 > 4:00:22]
SOAP:  12%|█▏        | 2636/22162 [28:03:59 > 4:00:27]
SOAP:  12%|█▏        | 2637/22162 [23:11:06 > 4:00:29]
SOAP:  12%|█▏        | 2638/22162 [30:26:03 > 4:00:38]
SOAP:  12%|█▏        | 2639/22162 [31:34:48 > 4:00:44]
SOAP:  12%|█▏        | 2640/22162 [32:34:34 > 4:00:50]
SOAP:  12%|█▏        | 2641/22162 [33:08:15 > 4:00:57]
SOAP:  12%|█▏        | 2642/22162 [32:23:25 > 4:01:02]
SOAP:  12%|█▏        | 2643/22162 [25:12:02 > 4:01:04]
SOAP:  12%|█▏        | 2644/22162 [32:14:49 > 4:01:13]
SOAP:  12%|█▏        | 2645/22162 [29:31:58 > 4:01:17]
SOAP:  12%|█▏        | 2646/22162 [29:07:34 > 4:01:22]
SOAP:  12%|█▏        | 2647/22162 [27:33:58 > 4:01:27]
SOAP:  12%|█▏        | 2648/22162 [27:23:10 > 4:01:32]
SOAP:  12%|█▏        | 2649/22162 [28:00:27 > 4:01:37]
SOAP:  12%|█▏        | 2650/22162 [29:11:56 > 4:01:43]
SOAP:  12%|█▏        | 2651/22162 [32:24:49 > 4:01:50]
SOAP:  12%|█▏        | 2652/22162 [31:56:36 > 4:01:56]
SOAP:  12%|█▏        | 2653/22162 [32:22:28 > 4:02:02]
SOAP:  12%|█▏        | 2654/22162 [32:37:41 > 4:02:08]
SOAP:  12%|█▏        | 2655/22162 [31:29:33 > 4:02:14]
SOAP:  12%|█▏        | 2656/22162 [30:14:15 > 4:02:19]
SOAP:  12%|█▏        | 2657/22162 [29:21:00 > 4:02:24]
SOAP:  12%|█▏        | 2658/22162 [28:36:38 > 4:02:29]
SOAP:  12%|█▏        | 2659/22162 [22:54:42 > 4:02:31]
SOAP:  12%|█▏        | 2660/22162 [24:12:52 > 4:02:36]
SOAP:  12%|█▏        | 2661/22162 [30:41:31 > 4:02:44]
SOAP:  12%|█▏        | 2662/22162 [30:02:27 > 4:02:49]
SOAP:  12%|█▏        | 2663/22162 [29:55:58 > 4:02:55]
SOAP:  12%|█▏        | 2664/22162 [30:59:19 > 4:03:01]
SOAP:  12%|█▏        | 2665/22162 [32:36:32 > 4:03:08]
SOAP:  12%|█▏        | 2666/22162 [31:13:18 > 4:03:13]
SOAP:  12%|█▏        | 2667/22162 [31:33:06 > 4:03:19]
SOAP:  12%|█▏        | 2668/22162 [30:37:20 > 4:03:24]
SOAP:  12%|█▏        | 2669/22162 [30:11:17 > 4:03:29]
SOAP:  12%|█▏        | 2670/22162 [29:06:48 > 4:03:34]
SOAP:  12%|█▏        | 2671/22162 [29:22:42 > 4:03:40]
SOAP:  12%|█▏        | 2672/22162 [27:20:41 > 4:03:44]
SOAP:  12%|█▏        | 2673/22162 [27:20:12 > 4:03:49]
SOAP:  12%|█▏        | 2674/22162 [28:06:50 > 4:03:55]
SOAP:  12%|█▏        | 2675/22162 [29:13:21 > 4:04:01]
SOAP:  12%|█▏        | 2676/22162 [31:03:59 > 4:04:07]
SOAP:  12%|█▏        | 2677/22162 [31:31:29 > 4:04:13]
SOAP:  12%|█▏        | 2678/22162 [31:59:44 > 4:04:19]
SOAP:  12%|█▏        | 2679/22162 [28:23:22 > 4:04:23]
SOAP:  12%|█▏        | 2680/22162 [31:52:55 > 4:04:30]
SOAP:  12%|█▏        | 2681/22162 [32:54:37 > 4:04:37]
SOAP:  12%|█▏        | 2682/22162 [30:42:58 > 4:04:42]
SOAP:  12%|█▏        | 2683/22162 [29:33:20 > 4:04:47]
SOAP:  12%|█▏        | 2684/22162 [28:28:29 > 4:04:51]
SOAP:  12%|█▏        | 2685/22162 [29:07:55 > 4:04:57]
SOAP:  12%|█▏        | 2686/22162 [26:52:03 > 4:05:01]
SOAP:  12%|█▏        | 2687/22162 [27:46:29 > 4:05:07]
SOAP:  12%|█▏        | 2688/22162 [21:47:12 > 4:05:08]
SOAP:  12%|█▏        | 2689/22162 [31:47:11 > 4:05:18]
SOAP:  12%|█▏        | 2690/22162 [25:10:25 > 4:05:20]
SOAP:  12%|█▏        | 2691/22162 [27:53:47 > 4:05:26]
SOAP:  12%|█▏        | 2692/22162 [36:12:19 > 4:05:37]
SOAP:  12%|█▏        | 2693/22162 [33:44:03 > 4:05:42]
SOAP:  12%|█▏        | 2694/22162 [28:13:33 > 4:05:45]
SOAP:  12%|█▏        | 2695/22162 [32:17:51 > 4:05:52]
SOAP:  12%|█▏        | 2696/22162 [29:26:14 > 4:05:57]
SOAP:  12%|█▏        | 2697/22162 [27:47:28 > 4:06:01]
SOAP:  12%|█▏        | 2698/22162 [25:26:36 > 4:06:05]
SOAP:  12%|█▏        | 2699/22162 [29:03:09 > 4:06:12]
SOAP:  12%|█▏        | 2700/22162 [29:33:54 > 4:06:17]
SOAP:  12%|█▏        | 2701/22162 [32:38:34 > 4:06:25]
SOAP:  12%|█▏        | 2702/22162 [25:34:01 > 4:06:26]
SOAP:  12%|█▏        | 2703/22162 [34:21:15 > 4:06:36]
SOAP:  12%|█▏        | 2704/22162 [33:59:20 > 4:06:43]
SOAP:  12%|█▏        | 2705/22162 [32:23:21 > 4:06:48]
SOAP:  12%|█▏        | 2706/22162 [31:00:10 > 4:06:53]
SOAP:  12%|█▏        | 2707/22162 [29:57:57 > 4:06:58]
SOAP:  12%|█▏        | 2708/22162 [29:02:38 > 4:07:03]
SOAP:  12%|█▏        | 2709/22162 [28:13:20 > 4:07:08]
SOAP:  12%|█▏        | 2710/22162 [28:08:16 > 4:07:13]
SOAP:  12%|█▏        | 2711/22162 [22:07:34 > 4:07:15]
SOAP:  12%|█▏        | 2712/22162 [30:12:44 > 4:07:24]
SOAP:  12%|█▏        | 2713/22162 [30:03:50 > 4:07:29]
SOAP:  12%|█▏        | 2714/22162 [24:23:24 > 4:07:31]
SOAP:  12%|█▏        | 2715/22162 [34:41:22 > 4:07:42]
SOAP:  12%|█▏        | 2716/22162 [31:05:55 > 4:07:46]
SOAP:  12%|█▏        | 2717/22162 [29:58:34 > 4:07:51]
SOAP:  12%|█▏        | 2718/22162 [32:23:15 > 4:07:59]
SOAP:  12%|█▏        | 2719/22162 [31:24:35 > 4:08:04]
SOAP:  12%|█▏        | 2720/22162 [28:48:34 > 4:08:08]
SOAP:  12%|█▏        | 2721/22162 [30:02:11 > 4:08:14]
SOAP:  12%|█▏        | 2722/22162 [27:22:43 > 4:08:18]
SOAP:  12%|█▏        | 2723/22162 [21:56:29 > 4:08:20]
SOAP:  12%|█▏        | 2724/22162 [29:47:06 > 4:08:29]
SOAP:  12%|█▏        | 2725/22162 [30:18:50 > 4:08:35]
SOAP:  12%|█▏        | 2726/22162 [31:45:13 > 4:08:41]
SOAP:  12%|█▏        | 2727/22162 [31:53:43 > 4:08:47]
SOAP:  12%|█▏        | 2728/22162 [29:32:59 > 4:08:52]
SOAP:  12%|█▏        | 2729/22162 [25:52:11 > 4:08:55]
SOAP:  12%|█▏        | 2730/22162 [29:05:07 > 4:09:02]
SOAP:  12%|█▏        | 2731/22162 [35:02:08 > 4:09:11]
SOAP:  12%|█▏        | 2732/22162 [32:05:07 > 4:09:15]
SOAP:  12%|█▏        | 2733/22162 [29:45:23 > 4:09:20]
SOAP:  12%|█▏        | 2734/22162 [29:09:14 > 4:09:25]
SOAP:  12%|█▏        | 2735/22162 [22:49:00 > 4:09:26]
SOAP:  12%|█▏        | 2736/22162 [29:05:25 > 4:09:34]
SOAP:  12%|█▏        | 2737/22162 [29:18:53 > 4:09:40]
SOAP:  12%|█▏        | 2738/22162 [29:14:50 > 4:09:45]
SOAP:  12%|█▏        | 2739/22162 [30:35:53 > 4:09:52]
SOAP:  12%|█▏        | 2740/22162 [31:47:20 > 4:09:58]
SOAP:  12%|█▏        | 2741/22162 [25:03:54 > 4:10:00]
SOAP:  12%|█▏        | 2742/22162 [34:11:41 > 4:10:10]
SOAP:  12%|█▏        | 2743/22162 [28:46:49 > 4:10:13]
SOAP:  12%|█▏        | 2744/22162 [32:14:21 > 4:10:21]
SOAP:  12%|█▏        | 2745/22162 [31:09:04 > 4:10:26]
SOAP:  12%|█▏        | 2746/22162 [28:33:40 > 4:10:30]
SOAP:  12%|█▏        | 2747/22162 [22:10:00 > 4:10:31]
SOAP:  12%|█▏        | 2748/22162 [28:35:23 > 4:10:39]
SOAP:  12%|█▏        | 2749/22162 [29:10:00 > 4:10:45]
SOAP:  12%|█▏        | 2750/22162 [29:41:24 > 4:10:51]
SOAP:  12%|█▏        | 2751/22162 [32:39:53 > 4:10:58]
SOAP:  12%|█▏        | 2752/22162 [32:00:30 > 4:11:04]
SOAP:  12%|█▏        | 2753/22162 [32:17:00 > 4:11:10]
SOAP:  12%|█▏        | 2754/22162 [32:35:06 > 4:11:16]
SOAP:  12%|█▏        | 2755/22162 [31:25:59 > 4:11:21]
SOAP:  12%|█▏        | 2756/22162 [30:21:21 > 4:11:27]
SOAP:  12%|█▏        | 2757/22162 [29:27:44 > 4:11:32]
SOAP:  12%|█▏        | 2758/22162 [22:56:50 > 4:11:33]
SOAP:  12%|█▏        | 2759/22162 [24:04:40 > 4:11:38]
SOAP:  12%|█▏        | 2760/22162 [24:57:04 > 4:11:43]
SOAP:  12%|█▏        | 2761/22162 [25:37:54 > 4:11:48]
SOAP:  12%|█▏        | 2762/22162 [32:39:22 > 4:11:57]
SOAP:  12%|█▏        | 2763/22162 [31:46:22 > 4:12:03]
SOAP:  12%|█▏        | 2764/22162 [25:35:09 > 4:12:05]
SOAP:  12%|█▏        | 2765/22162 [35:25:45 > 4:12:16]
SOAP:  12%|█▏        | 2766/22162 [33:13:25 > 4:12:21]
SOAP:  12%|█▏        | 2767/22162 [26:55:10 > 4:12:23]
SOAP:  12%|█▏        | 2768/22162 [33:24:34 > 4:12:32]
SOAP:  12%|█▏        | 2769/22162 [31:58:05 > 4:12:38]
SOAP:  12%|█▏        | 2770/22162 [30:18:46 > 4:12:42]
SOAP:  13%|█▎        | 2771/22162 [30:10:37 > 4:12:48]
SOAP:  13%|█▎        | 2772/22162 [27:47:35 > 4:12:52]
SOAP:  13%|█▎        | 2773/22162 [27:28:55 > 4:12:57]
SOAP:  13%|█▎        | 2774/22162 [28:12:15 > 4:13:03]
SOAP:  13%|█▎        | 2775/22162 [29:11:22 > 4:13:08]
SOAP:  13%|█▎        | 2776/22162 [31:02:41 > 4:13:15]
SOAP:  13%|█▎        | 2777/22162 [31:23:42 > 4:13:21]
SOAP:  13%|█▎        | 2778/22162 [31:45:12 > 4:13:27]
SOAP:  13%|█▎        | 2779/22162 [32:15:27 > 4:13:33]
SOAP:  13%|█▎        | 2780/22162 [25:12:55 > 4:13:35]
SOAP:  13%|█▎        | 2781/22162 [33:11:50 > 4:13:45]
SOAP:  13%|█▎        | 2782/22162 [30:49:48 > 4:13:49]
SOAP:  13%|█▎        | 2783/22162 [29:33:55 > 4:13:54]
SOAP:  13%|█▎        | 2784/22162 [28:26:22 > 4:13:59]
SOAP:  13%|█▎        | 2785/22162 [29:03:31 > 4:14:05]
SOAP:  13%|█▎        | 2786/22162 [26:47:10 > 4:14:09]
SOAP:  13%|█▎        | 2787/22162 [27:40:46 > 4:14:14]
SOAP:  13%|█▎        | 2788/22162 [28:06:42 > 4:14:20]
SOAP:  13%|█▎        | 2789/22162 [29:41:48 > 4:14:26]
SOAP:  13%|█▎        | 2790/22162 [31:04:05 > 4:14:32]
SOAP:  13%|█▎        | 2791/22162 [28:06:26 > 4:14:36]
SOAP:  13%|█▎        | 2792/22162 [32:47:52 > 4:14:44]
SOAP:  13%|█▎        | 2793/22162 [31:23:30 > 4:14:49]
SOAP:  13%|█▎        | 2794/22162 [30:36:29 > 4:14:55]
SOAP:  13%|█▎        | 2795/22162 [30:02:51 > 4:15:00]
SOAP:  13%|█▎        | 2796/22162 [27:46:54 > 4:15:04]
SOAP:  13%|█▎        | 2797/22162 [26:35:29 > 4:15:09]
SOAP:  13%|█▎        | 2798/22162 [26:38:07 > 4:15:14]
SOAP:  13%|█▎        | 2799/22162 [27:49:26 > 4:15:19]
SOAP:  13%|█▎        | 2800/22162 [28:43:36 > 4:15:25]
SOAP:  13%|█▎        | 2801/22162 [32:08:02 > 4:15:33]
SOAP:  13%|█▎        | 2802/22162 [31:32:28 > 4:15:38]
SOAP:  13%|█▎        | 2803/22162 [31:57:10 > 4:15:44]
SOAP:  13%|█▎        | 2804/22162 [32:22:14 > 4:15:51]
SOAP:  13%|█▎        | 2805/22162 [29:01:23 > 4:15:54]
SOAP:  13%|█▎        | 2806/22162 [30:45:49 > 4:16:01]
SOAP:  13%|█▎        | 2807/22162 [29:42:33 > 4:16:06]
SOAP:  13%|█▎        | 2808/22162 [28:49:43 > 4:16:11]
SOAP:  13%|█▎        | 2809/22162 [27:57:41 > 4:16:16]
SOAP:  13%|█▎        | 2810/22162 [27:57:07 > 4:16:21]
SOAP:  13%|█▎        | 2811/22162 [28:04:40 > 4:16:26]
SOAP:  13%|█▎        | 2812/22162 [22:03:29 > 4:16:28]
SOAP:  13%|█▎        | 2813/22162 [26:10:15 > 4:16:34]
SOAP:  13%|█▎        | 2814/22162 [32:25:34 > 4:16:43]
SOAP:  13%|█▎        | 2815/22162 [33:32:28 > 4:16:50]
SOAP:  13%|█▎        | 2816/22162 [30:49:49 > 4:16:55]
SOAP:  13%|█▎        | 2817/22162 [31:48:45 > 4:17:01]
SOAP:  13%|█▎        | 2818/22162 [30:42:19 > 4:17:06]
SOAP:  13%|█▎        | 2819/22162 [30:07:47 > 4:17:11]
SOAP:  13%|█▎        | 2820/22162 [28:55:29 > 4:17:16]
SOAP:  13%|█▎        | 2821/22162 [29:10:51 > 4:17:22]
SOAP:  13%|█▎        | 2822/22162 [27:07:36 > 4:17:26]
SOAP:  13%|█▎        | 2823/22162 [27:02:36 > 4:17:31]
SOAP:  13%|█▎        | 2824/22162 [21:52:42 > 4:17:33]
SOAP:  13%|█▎        | 2825/22162 [30:39:39 > 4:17:42]
SOAP:  13%|█▎        | 2826/22162 [31:54:45 > 4:17:49]
SOAP:  13%|█▎        | 2827/22162 [31:55:46 > 4:17:55]
SOAP:  13%|█▎        | 2828/22162 [32:09:57 > 4:18:01]
SOAP:  13%|█▎        | 2829/22162 [32:35:23 > 4:18:07]
SOAP:  13%|█▎        | 2830/22162 [30:32:52 > 4:18:12]
SOAP:  13%|█▎        | 2831/22162 [31:51:34 > 4:18:18]
SOAP:  13%|█▎        | 2832/22162 [29:54:02 > 4:18:23]
SOAP:  13%|█▎        | 2833/22162 [28:52:11 > 4:18:28]
SOAP:  13%|█▎        | 2834/22162 [27:49:30 > 4:18:33]
SOAP:  13%|█▎        | 2835/22162 [28:33:34 > 4:18:38]
SOAP:  13%|█▎        | 2836/22162 [26:29:52 > 4:18:43]
SOAP:  13%|█▎        | 2837/22162 [27:34:08 > 4:18:48]
SOAP:  13%|█▎        | 2838/22162 [27:59:31 > 4:18:54]
SOAP:  13%|█▎        | 2839/22162 [29:39:18 > 4:19:00]
SOAP:  13%|█▎        | 2840/22162 [31:01:17 > 4:19:06]
SOAP:  13%|█▎        | 2841/22162 [31:59:40 > 4:19:13]
SOAP:  13%|█▎        | 2842/22162 [31:34:56 > 4:19:18]
SOAP:  13%|█▎        | 2843/22162 [30:28:51 > 4:19:23]
SOAP:  13%|█▎        | 2844/22162 [29:53:39 > 4:19:29]
SOAP:  13%|█▎        | 2845/22162 [23:15:08 > 4:19:30]
SOAP:  13%|█▎        | 2846/22162 [29:15:24 > 4:19:38]
SOAP:  13%|█▎        | 2847/22162 [27:33:04 > 4:19:43]
SOAP:  13%|█▎        | 2848/22162 [27:18:47 > 4:19:48]
SOAP:  13%|█▎        | 2849/22162 [25:53:10 > 4:19:52]
SOAP:  13%|█▎        | 2850/22162 [29:41:04 > 4:19:59]
SOAP:  13%|█▎        | 2851/22162 [32:36:35 > 4:20:06]
SOAP:  13%|█▎        | 2852/22162 [31:54:23 > 4:20:12]
SOAP:  13%|█▎        | 2853/22162 [32:15:00 > 4:20:18]
SOAP:  13%|█▎        | 2854/22162 [32:24:25 > 4:20:24]
SOAP:  13%|█▎        | 2855/22162 [31:04:56 > 4:20:30]
SOAP:  13%|█▎        | 2856/22162 [30:02:58 > 4:20:35]
SOAP:  13%|█▎        | 2857/22162 [27:17:09 > 4:20:39]
SOAP:  13%|█▎        | 2858/22162 [28:59:48 > 4:20:45]
SOAP:  13%|█▎        | 2859/22162 [28:03:29 > 4:20:50]
SOAP:  13%|█▎        | 2860/22162 [27:54:33 > 4:20:55]
SOAP:  13%|█▎        | 2861/22162 [27:58:05 > 4:21:00]
SOAP:  13%|█▎        | 2862/22162 [28:05:49 > 4:21:05]
SOAP:  13%|█▎        | 2863/22162 [28:26:44 > 4:21:11]
SOAP:  13%|█▎        | 2864/22162 [29:53:08 > 4:21:17]
SOAP:  13%|█▎        | 2865/22162 [31:47:24 > 4:21:24]
SOAP:  13%|█▎        | 2866/22162 [24:53:11 > 4:21:25]
SOAP:  13%|█▎        | 2867/22162 [32:42:47 > 4:21:35]
SOAP:  13%|█▎        | 2868/22162 [29:00:07 > 4:21:39]
SOAP:  13%|█▎        | 2869/22162 [31:11:31 > 4:21:45]
SOAP:  13%|█▎        | 2870/22162 [29:41:08 > 4:21:50]
SOAP:  13%|█▎        | 2871/22162 [29:45:20 > 4:21:56]
SOAP:  13%|█▎        | 2872/22162 [27:30:49 > 4:22:00]
SOAP:  13%|█▎        | 2873/22162 [27:23:22 > 4:22:05]
SOAP:  13%|█▎        | 2874/22162 [28:06:52 > 4:22:11]
SOAP:  13%|█▎        | 2875/22162 [29:04:54 > 4:22:16]
SOAP:  13%|█▎        | 2876/22162 [30:50:21 > 4:22:23]
SOAP:  13%|█▎        | 2877/22162 [31:14:28 > 4:22:29]
SOAP:  13%|█▎        | 2878/22162 [25:50:48 > 4:22:31]
SOAP:  13%|█▎        | 2879/22162 [33:58:23 > 4:22:41]
SOAP:  13%|█▎        | 2880/22162 [31:38:33 > 4:22:46]
SOAP:  13%|█▎        | 2881/22162 [32:31:51 > 4:22:53]
SOAP:  13%|█▎        | 2882/22162 [29:40:58 > 4:22:57]
SOAP:  13%|█▎        | 2883/22162 [29:16:27 > 4:23:02]
SOAP:  13%|█▎        | 2884/22162 [28:09:38 > 4:23:07]
SOAP:  13%|█▎        | 2885/22162 [28:46:33 > 4:23:13]
SOAP:  13%|█▎        | 2886/22162 [26:30:21 > 4:23:17]
SOAP:  13%|█▎        | 2887/22162 [27:26:47 > 4:23:22]
SOAP:  13%|█▎        | 2888/22162 [26:06:02 > 4:23:26]
SOAP:  13%|█▎        | 2889/22162 [30:09:06 > 4:23:34]
SOAP:  13%|█▎        | 2890/22162 [31:28:13 > 4:23:40]
SOAP:  13%|█▎        | 2891/22162 [32:15:23 > 4:23:47]
SOAP:  13%|█▎        | 2892/22162 [31:42:46 > 4:23:52]
SOAP:  13%|█▎        | 2893/22162 [30:32:56 > 4:23:58]
SOAP:  13%|█▎        | 2894/22162 [29:56:32 > 4:24:03]
SOAP:  13%|█▎        | 2895/22162 [29:28:05 > 4:24:08]
SOAP:  13%|█▎        | 2896/22162 [27:17:54 > 4:24:12]
SOAP:  13%|█▎        | 2897/22162 [26:15:16 > 4:24:17]
SOAP:  13%|█▎        | 2898/22162 [20:30:06 > 4:24:18]
SOAP:  13%|█▎        | 2899/22162 [29:07:40 > 4:24:27]
SOAP:  13%|█▎        | 2900/22162 [29:32:54 > 4:24:33]
SOAP:  13%|█▎        | 2901/22162 [32:27:56 > 4:24:40]
SOAP:  13%|█▎        | 2902/22162 [29:51:27 > 4:24:45]
SOAP:  13%|█▎        | 2903/22162 [32:42:39 > 4:24:52]
SOAP:  13%|█▎        | 2904/22162 [32:33:27 > 4:24:58]
SOAP:  13%|█▎        | 2905/22162 [31:26:06 > 4:25:04]
SOAP:  13%|█▎        | 2906/22162 [30:13:38 > 4:25:09]
SOAP:  13%|█▎        | 2907/22162 [25:35:01 > 4:25:12]
SOAP:  13%|█▎        | 2908/22162 [29:37:00 > 4:25:19]
SOAP:  13%|█▎        | 2909/22162 [28:30:39 > 4:25:24]
SOAP:  13%|█▎        | 2910/22162 [28:10:39 > 4:25:29]
SOAP:  13%|█▎        | 2911/22162 [28:11:26 > 4:25:34]
SOAP:  13%|█▎        | 2912/22162 [28:20:15 > 4:25:39]
SOAP:  13%|█▎        | 2913/22162 [28:38:47 > 4:25:45]
SOAP:  13%|█▎        | 2914/22162 [23:24:46 > 4:25:47]
SOAP:  13%|█▎        | 2915/22162 [33:52:36 > 4:25:58]
SOAP:  13%|█▎        | 2916/22162 [31:58:12 > 4:26:03]
SOAP:  13%|█▎        | 2917/22162 [30:40:16 > 4:26:08]
SOAP:  13%|█▎        | 2918/22162 [31:11:18 > 4:26:14]
SOAP:  13%|█▎        | 2919/22162 [30:26:10 > 4:26:20]
SOAP:  13%|█▎        | 2920/22162 [29:07:07 > 4:26:25]
SOAP:  13%|█▎        | 2921/22162 [29:07:58 > 4:26:30]
SOAP:  13%|█▎        | 2922/22162 [27:04:16 > 4:26:34]
SOAP:  13%|█▎        | 2923/22162 [26:57:24 > 4:26:39]
SOAP:  13%|█▎        | 2924/22162 [27:44:47 > 4:26:45]
SOAP:  13%|█▎        | 2925/22162 [28:49:36 > 4:26:51]
SOAP:  13%|█▎        | 2926/22162 [30:39:11 > 4:26:57]
SOAP:  13%|█▎        | 2927/22162 [31:06:57 > 4:27:03]
SOAP:  13%|█▎        | 2928/22162 [31:33:50 > 4:27:09]
SOAP:  13%|█▎        | 2929/22162 [32:05:12 > 4:27:15]
SOAP:  13%|█▎        | 2930/22162 [30:14:18 > 4:27:20]
SOAP:  13%|█▎        | 2931/22162 [31:35:44 > 4:27:27]
SOAP:  13%|█▎        | 2932/22162 [29:43:16 > 4:27:32]
SOAP:  13%|█▎        | 2933/22162 [28:43:43 > 4:27:37]
SOAP:  13%|█▎        | 2934/22162 [27:47:13 > 4:27:41]
SOAP:  13%|█▎        | 2935/22162 [28:29:38 > 4:27:47]
SOAP:  13%|█▎        | 2936/22162 [26:20:43 > 4:27:51]
SOAP:  13%|█▎        | 2937/22162 [27:18:10 > 4:27:56]
SOAP:  13%|█▎        | 2938/22162 [27:46:21 > 4:28:02]
SOAP:  13%|█▎        | 2939/22162 [25:22:03 > 4:28:06]
SOAP:  13%|█▎        | 2940/22162 [32:07:05 > 4:28:15]
SOAP:  13%|█▎        | 2941/22162 [26:52:14 > 4:28:17]
SOAP:  13%|█▎        | 2942/22162 [26:48:11 > 4:28:22]
SOAP:  13%|█▎        | 2943/22162 [34:10:05 > 4:28:32]
SOAP:  13%|█▎        | 2944/22162 [32:28:55 > 4:28:37]
SOAP:  13%|█▎        | 2945/22162 [31:13:17 > 4:28:43]
SOAP:  13%|█▎        | 2946/22162 [25:51:34 > 4:28:45]
SOAP:  13%|█▎        | 2947/22162 [27:48:53 > 4:28:51]
SOAP:  13%|█▎        | 2948/22162 [27:22:58 > 4:28:56]
SOAP:  13%|█▎        | 2949/22162 [28:09:05 > 4:29:02]
SOAP:  13%|█▎        | 2950/22162 [28:44:36 > 4:29:07]
SOAP:  13%|█▎        | 2951/22162 [22:46:28 > 4:29:09]
SOAP:  13%|█▎        | 2952/22162 [34:02:48 > 4:29:20]
SOAP:  13%|█▎        | 2953/22162 [33:38:58 > 4:29:26]
SOAP:  13%|█▎        | 2954/22162 [33:21:17 > 4:29:33]
SOAP:  13%|█▎        | 2955/22162 [31:33:41 > 4:29:38]
SOAP:  13%|█▎        | 2956/22162 [30:18:00 > 4:29:43]
SOAP:  13%|█▎        | 2957/22162 [28:29:23 > 4:29:47]
SOAP:  13%|█▎        | 2958/22162 [28:36:03 > 4:29:53]
SOAP:  13%|█▎        | 2959/22162 [27:35:03 > 4:29:57]
SOAP:  13%|█▎        | 2960/22162 [27:35:52 > 4:30:03]
SOAP:  13%|█▎        | 2961/22162 [27:45:57 > 4:30:08]
SOAP:  13%|█▎        | 2962/22162 [27:49:58 > 4:30:13]
SOAP:  13%|█▎        | 2963/22162 [28:18:46 > 4:30:19]
SOAP:  13%|█▎        | 2964/22162 [29:46:01 > 4:30:25]
SOAP:  13%|█▎        | 2965/22162 [31:36:32 > 4:30:32]
SOAP:  13%|█▎        | 2966/22162 [30:26:58 > 4:30:37]
SOAP:  13%|█▎        | 2967/22162 [30:48:10 > 4:30:43]
SOAP:  13%|█▎        | 2968/22162 [29:59:22 > 4:30:48]
SOAP:  13%|█▎        | 2969/22162 [29:33:31 > 4:30:53]
SOAP:  13%|█▎        | 2970/22162 [23:20:13 > 4:30:55]
SOAP:  13%|█▎        | 2971/22162 [30:19:49 > 4:31:04]
SOAP:  13%|█▎        | 2972/22162 [23:18:16 > 4:31:05]
SOAP:  13%|█▎        | 2973/22162 [28:46:14 > 4:31:13]
SOAP:  13%|█▎        | 2974/22162 [28:55:44 > 4:31:18]
SOAP:  13%|█▎        | 2975/22162 [22:57:31 > 4:31:20]
SOAP:  13%|█▎        | 2976/22162 [32:53:20 > 4:31:31]
SOAP:  13%|█▎        | 2977/22162 [32:38:11 > 4:31:37]
SOAP:  13%|█▎        | 2978/22162 [32:39:28 > 4:31:43]
SOAP:  13%|█▎        | 2979/22162 [32:51:23 > 4:31:49]
SOAP:  13%|█▎        | 2980/22162 [30:55:00 > 4:31:54]
SOAP:  13%|█▎        | 2981/22162 [32:03:26 > 4:32:01]
SOAP:  13%|█▎        | 2982/22162 [29:52:41 > 4:32:05]
SOAP:  13%|█▎        | 2983/22162 [28:46:11 > 4:32:10]
SOAP:  13%|█▎        | 2984/22162 [27:45:03 > 4:32:15]
SOAP:  13%|█▎        | 2985/22162 [28:25:00 > 4:32:20]
SOAP:  13%|█▎        | 2986/22162 [26:15:06 > 4:32:24]
SOAP:  13%|█▎        | 2987/22162 [27:11:26 > 4:32:30]
SOAP:  13%|█▎        | 2988/22162 [27:42:57 > 4:32:35]
SOAP:  13%|█▎        | 2989/22162 [22:32:50 > 4:32:37]
SOAP:  13%|█▎        | 2990/22162 [32:48:12 > 4:32:48]
SOAP:  13%|█▎        | 2991/22162 [33:14:56 > 4:32:54]
SOAP:  14%|█▎        | 2992/22162 [25:21:44 > 4:32:56]
SOAP:  14%|█▎        | 2993/22162 [32:52:30 > 4:33:05]
SOAP:  14%|█▎        | 2994/22162 [31:34:38 > 4:33:11]
SOAP:  14%|█▎        | 2995/22162 [30:35:42 > 4:33:16]
SOAP:  14%|█▎        | 2996/22162 [28:09:22 > 4:33:20]
SOAP:  14%|█▎        | 2997/22162 [26:46:23 > 4:33:25]
SOAP:  14%|█▎        | 2998/22162 [26:42:03 > 4:33:30]
SOAP:  14%|█▎        | 2999/22162 [26:02:53 > 4:33:34]
SOAP:  14%|█▎        | 3000/22162 [29:07:42 > 4:33:41]
SOAP:  14%|█▎        | 3001/22162 [32:10:44 > 4:33:48]
SOAP:  14%|█▎        | 3002/22162 [28:57:55 > 4:33:52]
SOAP:  14%|█▎        | 3003/22162 [32:36:08 > 4:34:00]
SOAP:  14%|█▎        | 3004/22162 [31:56:10 > 4:34:06]
SOAP:  14%|█▎        | 3005/22162 [31:24:54 > 4:34:12]
SOAP:  14%|█▎        | 3006/22162 [30:10:27 > 4:34:17]
SOAP:  14%|█▎        | 3007/22162 [29:07:43 > 4:34:22]
SOAP:  14%|█▎        | 3008/22162 [28:18:19 > 4:34:27]
SOAP:  14%|█▎        | 3009/22162 [27:32:02 > 4:34:31]
SOAP:  14%|█▎        | 3010/22162 [27:34:48 > 4:34:37]
SOAP:  14%|█▎        | 3011/22162 [27:41:34 > 4:34:42]
SOAP:  14%|█▎        | 3012/22162 [27:49:28 > 4:34:47]
SOAP:  14%|█▎        | 3013/22162 [28:14:16 > 4:34:53]
SOAP:  14%|█▎        | 3014/22162 [29:25:35 > 4:34:59]
SOAP:  14%|█▎        | 3015/22162 [31:25:26 > 4:35:06]
SOAP:  14%|█▎        | 3016/22162 [25:13:23 > 4:35:08]
SOAP:  14%|█▎        | 3017/22162 [32:00:48 > 4:35:17]
SOAP:  14%|█▎        | 3018/22162 [30:44:44 > 4:35:22]
SOAP:  14%|█▎        | 3019/22162 [30:03:44 > 4:35:27]
SOAP:  14%|█▎        | 3020/22162 [28:42:52 > 4:35:32]
SOAP:  14%|█▎        | 3021/22162 [23:40:54 > 4:35:34]
SOAP:  14%|█▎        | 3022/22162 [28:20:22 > 4:35:42]
SOAP:  14%|█▎        | 3023/22162 [27:46:52 > 4:35:47]
SOAP:  14%|█▎        | 3024/22162 [28:08:26 > 4:35:52]
SOAP:  14%|█▎        | 3025/22162 [28:56:00 > 4:35:58]
SOAP:  14%|█▎        | 3026/22162 [30:40:41 > 4:36:04]
SOAP:  14%|█▎        | 3027/22162 [31:04:06 > 4:36:10]
SOAP:  14%|█▎        | 3028/22162 [31:32:34 > 4:36:16]
SOAP:  14%|█▎        | 3029/22162 [32:07:55 > 4:36:23]
SOAP:  14%|█▎        | 3030/22162 [30:14:34 > 4:36:28]
SOAP:  14%|█▎        | 3031/22162 [31:31:42 > 4:36:34]
SOAP:  14%|█▎        | 3032/22162 [29:37:19 > 4:36:39]
SOAP:  14%|█▎        | 3033/22162 [28:35:41 > 4:36:44]
SOAP:  14%|█▎        | 3034/22162 [27:33:19 > 4:36:49]
SOAP:  14%|█▎        | 3035/22162 [28:16:36 > 4:36:54]
SOAP:  14%|█▎        | 3036/22162 [26:09:40 > 4:36:58]
SOAP:  14%|█▎        | 3037/22162 [27:09:48 > 4:37:04]
SOAP:  14%|█▎        | 3038/22162 [27:35:48 > 4:37:09]
SOAP:  14%|█▎        | 3039/22162 [22:20:07 > 4:37:11]
SOAP:  14%|█▎        | 3040/22162 [32:38:25 > 4:37:22]
SOAP:  14%|█▎        | 3041/22162 [33:02:03 > 4:37:28]
SOAP:  14%|█▎        | 3042/22162 [32:13:06 > 4:37:34]
SOAP:  14%|█▎        | 3043/22162 [30:49:46 > 4:37:39]
SOAP:  14%|█▎        | 3044/22162 [30:00:39 > 4:37:44]
SOAP:  14%|█▎        | 3045/22162 [29:22:56 > 4:37:50]
SOAP:  14%|█▎        | 3046/22162 [27:14:28 > 4:37:54]
SOAP:  14%|█▎        | 3047/22162 [26:03:50 > 4:37:58]
SOAP:  14%|█▍        | 3048/22162 [26:09:18 > 4:38:03]
SOAP:  14%|█▍        | 3049/22162 [27:23:19 > 4:38:09]
SOAP:  14%|█▍        | 3050/22162 [28:15:14 > 4:38:15]
SOAP:  14%|█▍        | 3051/22162 [28:21:20 > 4:38:20]
SOAP:  14%|█▍        | 3052/22162 [32:10:57 > 4:38:28]
SOAP:  14%|█▍        | 3053/22162 [32:18:24 > 4:38:34]
SOAP:  14%|█▍        | 3054/22162 [32:21:22 > 4:38:40]
SOAP:  14%|█▍        | 3055/22162 [31:06:05 > 4:38:45]
SOAP:  14%|█▍        | 3056/22162 [29:57:51 > 4:38:50]
SOAP:  14%|█▍        | 3057/22162 [29:03:44 > 4:38:55]
SOAP:  14%|█▍        | 3058/22162 [28:13:07 > 4:39:00]
SOAP:  14%|█▍        | 3059/22162 [27:25:57 > 4:39:05]
SOAP:  14%|█▍        | 3060/22162 [27:29:45 > 4:39:10]
SOAP:  14%|█▍        | 3061/22162 [27:36:48 > 4:39:16]
SOAP:  14%|█▍        | 3062/22162 [21:41:16 > 4:39:17]
SOAP:  14%|█▍        | 3063/22162 [30:04:44 > 4:39:27]
SOAP:  14%|█▍        | 3064/22162 [30:53:13 > 4:39:33]
SOAP:  14%|█▍        | 3065/22162 [32:24:15 > 4:39:39]
SOAP:  14%|█▍        | 3066/22162 [30:52:43 > 4:39:45]
SOAP:  14%|█▍        | 3067/22162 [31:04:58 > 4:39:51]
SOAP:  14%|█▍        | 3068/22162 [30:04:59 > 4:39:56]
SOAP:  14%|█▍        | 3069/22162 [29:36:04 > 4:40:01]
SOAP:  14%|█▍        | 3070/22162 [28:27:49 > 4:40:06]
SOAP:  14%|█▍        | 3071/22162 [28:40:15 > 4:40:12]
SOAP:  14%|█▍        | 3072/22162 [26:21:13 > 4:40:15]
SOAP:  14%|█▍        | 3073/22162 [26:42:20 > 4:40:21]
SOAP:  14%|█▍        | 3074/22162 [27:33:49 > 4:40:26]
SOAP:  14%|█▍        | 3075/22162 [24:21:30 > 4:40:29]
SOAP:  14%|█▍        | 3076/22162 [31:39:13 > 4:40:39]
SOAP:  14%|█▍        | 3077/22162 [31:42:58 > 4:40:45]
SOAP:  14%|█▍        | 3078/22162 [31:56:52 > 4:40:51]
SOAP:  14%|█▍        | 3079/22162 [32:18:31 > 4:40:57]
SOAP:  14%|█▍        | 3080/22162 [30:21:04 > 4:41:02]
SOAP:  14%|█▍        | 3081/22162 [31:36:35 > 4:41:08]
SOAP:  14%|█▍        | 3082/22162 [29:06:19 > 4:41:13]
SOAP:  14%|█▍        | 3083/22162 [28:42:45 > 4:41:18]
SOAP:  14%|█▍        | 3084/22162 [27:40:00 > 4:41:23]
SOAP:  14%|█▍        | 3085/22162 [28:19:10 > 4:41:28]
SOAP:  14%|█▍        | 3086/22162 [26:08:33 > 4:41:32]
SOAP:  14%|█▍        | 3087/22162 [27:08:31 > 4:41:38]
SOAP:  14%|█▍        | 3088/22162 [27:27:10 > 4:41:43]
SOAP:  14%|█▍        | 3089/22162 [29:12:24 > 4:41:50]
SOAP:  14%|█▍        | 3090/22162 [30:40:09 > 4:41:56]
SOAP:  14%|█▍        | 3091/22162 [31:33:56 > 4:42:02]
SOAP:  14%|█▍        | 3092/22162 [31:06:17 > 4:42:08]
SOAP:  14%|█▍        | 3093/22162 [30:04:11 > 4:42:13]
SOAP:  14%|█▍        | 3094/22162 [29:34:06 > 4:42:19]
SOAP:  14%|█▍        | 3095/22162 [28:58:19 > 4:42:24]
SOAP:  14%|█▍        | 3096/22162 [26:51:58 > 4:42:28]
SOAP:  14%|█▍        | 3097/22162 [25:37:36 > 4:42:32]
SOAP:  14%|█▍        | 3098/22162 [26:06:51 > 4:42:37]
SOAP:  14%|█▍        | 3099/22162 [27:22:21 > 4:42:43]
SOAP:  14%|█▍        | 3100/22162 [28:12:04 > 4:42:49]
SOAP:  14%|█▍        | 3101/22162 [31:25:45 > 4:42:56]
SOAP:  14%|█▍        | 3102/22162 [24:40:23 > 4:42:58]
SOAP:  14%|█▍        | 3103/22162 [33:18:02 > 4:43:08]
SOAP:  14%|█▍        | 3104/22162 [33:08:16 > 4:43:14]
SOAP:  14%|█▍        | 3105/22162 [31:35:28 > 4:43:19]
SOAP:  14%|█▍        | 3106/22162 [30:12:35 > 4:43:25]
SOAP:  14%|█▍        | 3107/22162 [29:11:47 > 4:43:30]
SOAP:  14%|█▍        | 3108/22162 [28:20:48 > 4:43:35]
SOAP:  14%|█▍        | 3109/22162 [27:32:46 > 4:43:39]
SOAP:  14%|█▍        | 3110/22162 [27:34:42 > 4:43:45]
SOAP:  14%|█▍        | 3111/22162 [27:37:20 > 4:43:50]
SOAP:  14%|█▍        | 3112/22162 [27:45:00 > 4:43:55]
SOAP:  14%|█▍        | 3113/22162 [28:08:57 > 4:44:01]
SOAP:  14%|█▍        | 3114/22162 [27:35:02 > 4:44:06]
SOAP:  14%|█▍        | 3115/22162 [27:15:39 > 4:44:11]
SOAP:  14%|█▍        | 3116/22162 [31:56:06 > 4:44:19]
SOAP:  14%|█▍        | 3117/22162 [31:36:14 > 4:44:25]
SOAP:  14%|█▍        | 3118/22162 [30:42:35 > 4:44:30]
SOAP:  14%|█▍        | 3119/22162 [30:04:42 > 4:44:35]
SOAP:  14%|█▍        | 3120/22162 [28:46:06 > 4:44:40]
SOAP:  14%|█▍        | 3121/22162 [28:55:19 > 4:44:46]
SOAP:  14%|█▍        | 3122/22162 [26:46:34 > 4:44:50]
SOAP:  14%|█▍        | 3123/22162 [26:39:24 > 4:44:55]
SOAP:  14%|█▍        | 3124/22162 [27:29:29 > 4:45:00]
SOAP:  14%|█▍        | 3125/22162 [22:12:27 > 4:45:02]
SOAP:  14%|█▍        | 3126/22162 [32:14:39 > 4:45:13]
SOAP:  14%|█▍        | 3127/22162 [32:11:08 > 4:45:19]
SOAP:  14%|█▍        | 3128/22162 [32:17:15 > 4:45:25]
SOAP:  14%|█▍        | 3129/22162 [32:29:26 > 4:45:31]
SOAP:  14%|█▍        | 3130/22162 [25:17:04 > 4:45:33]
SOAP:  14%|█▍        | 3131/22162 [33:09:24 > 4:45:43]
SOAP:  14%|█▍        | 3132/22162 [30:33:25 > 4:45:47]
SOAP:  14%|█▍        | 3133/22162 [27:36:50 > 4:45:51]
SOAP:  14%|█▍        | 3134/22162 [28:29:15 > 4:45:57]
SOAP:  14%|█▍        | 3135/22162 [28:50:15 > 4:46:03]
SOAP:  14%|█▍        | 3136/22162 [26:31:25 > 4:46:07]
SOAP:  14%|█▍        | 3137/22162 [25:58:09 > 4:46:11]
SOAP:  14%|█▍        | 3138/22162 [28:10:49 > 4:46:18]
SOAP:  14%|█▍        | 3139/22162 [29:44:34 > 4:46:24]
SOAP:  14%|█▍        | 3140/22162 [31:01:07 > 4:46:30]
SOAP:  14%|█▍        | 3141/22162 [31:54:58 > 4:46:37]
SOAP:  14%|█▍        | 3142/22162 [31:20:23 > 4:46:42]
SOAP:  14%|█▍        | 3143/22162 [30:14:24 > 4:46:48]
SOAP:  14%|█▍        | 3144/22162 [29:38:13 > 4:46:53]
SOAP:  14%|█▍        | 3145/22162 [29:13:33 > 4:46:58]
SOAP:  14%|█▍        | 3146/22162 [27:11:25 > 4:47:03]
SOAP:  14%|█▍        | 3147/22162 [26:03:58 > 4:47:07]
SOAP:  14%|█▍        | 3148/22162 [26:05:13 > 4:47:12]
SOAP:  14%|█▍        | 3149/22162 [27:17:42 > 4:47:18]
SOAP:  14%|█▍        | 3150/22162 [22:09:24 > 4:47:20]
SOAP:  14%|█▍        | 3151/22162 [33:06:18 > 4:47:31]
SOAP:  14%|█▍        | 3152/22162 [25:47:39 > 4:47:32]
SOAP:  14%|█▍        | 3153/22162 [34:01:32 > 4:47:43]
SOAP:  14%|█▍        | 3154/22162 [33:29:36 > 4:47:49]
SOAP:  14%|█▍        | 3155/22162 [31:53:38 > 4:47:54]
SOAP:  14%|█▍        | 3156/22162 [30:25:50 > 4:47:59]
SOAP:  14%|█▍        | 3157/22162 [29:19:18 > 4:48:04]
SOAP:  14%|█▍        | 3158/22162 [28:24:21 > 4:48:09]
SOAP:  14%|█▍        | 3159/22162 [27:35:29 > 4:48:14]
SOAP:  14%|█▍        | 3160/22162 [27:29:47 > 4:48:19]
SOAP:  14%|█▍        | 3161/22162 [27:34:18 > 4:48:24]
SOAP:  14%|█▍        | 3162/22162 [27:43:13 > 4:48:30]
SOAP:  14%|█▍        | 3163/22162 [28:03:27 > 4:48:35]
SOAP:  14%|█▍        | 3164/22162 [23:19:07 > 4:48:38]
SOAP:  14%|█▍        | 3165/22162 [32:51:15 > 4:48:48]
SOAP:  14%|█▍        | 3166/22162 [31:33:22 > 4:48:53]
SOAP:  14%|█▍        | 3167/22162 [31:34:15 > 4:48:59]
SOAP:  14%|█▍        | 3168/22162 [30:23:41 > 4:49:05]
SOAP:  14%|█▍        | 3169/22162 [29:42:29 > 4:49:10]
SOAP:  14%|█▍        | 3170/22162 [28:28:31 > 4:49:15]
SOAP:  14%|█▍        | 3171/22162 [28:40:26 > 4:49:20]
SOAP:  14%|█▍        | 3172/22162 [26:35:18 > 4:49:24]
SOAP:  14%|█▍        | 3173/22162 [26:31:56 > 4:49:29]
SOAP:  14%|█▍        | 3174/22162 [26:02:26 > 4:49:34]
SOAP:  14%|█▍        | 3175/22162 [23:34:55 > 4:49:38]
SOAP:  14%|█▍        | 3176/22162 [24:23:21 > 4:49:43]
SOAP:  14%|█▍        | 3177/22162 [34:21:34 > 4:49:53]
SOAP:  14%|█▍        | 3178/22162 [33:11:31 > 4:49:59]
SOAP:  14%|█▍        | 3179/22162 [33:43:42 > 4:50:06]
SOAP:  14%|█▍        | 3180/22162 [31:21:09 > 4:50:11]
SOAP:  14%|█▍        | 3181/22162 [32:11:12 > 4:50:17]
SOAP:  14%|█▍        | 3182/22162 [29:54:49 > 4:50:22]
SOAP:  14%|█▍        | 3183/22162 [27:14:57 > 4:50:26]
SOAP:  14%|█▍        | 3184/22162 [26:59:28 > 4:50:31]
SOAP:  14%|█▍        | 3185/22162 [28:53:08 > 4:50:37]
SOAP:  14%|█▍        | 3186/22162 [26:27:45 > 4:50:41]
SOAP:  14%|█▍        | 3187/22162 [27:15:32 > 4:50:47]
SOAP:  14%|█▍        | 3188/22162 [27:36:47 > 4:50:52]
SOAP:  14%|█▍        | 3189/22162 [29:15:21 > 4:50:58]
SOAP:  14%|█▍        | 3190/22162 [30:35:43 > 4:51:05]
SOAP:  14%|█▍        | 3191/22162 [24:08:32 > 4:51:07]
SOAP:  14%|█▍        | 3192/22162 [30:09:37 > 4:51:15]
SOAP:  14%|█▍        | 3193/22162 [32:25:50 > 4:51:22]
SOAP:  14%|█▍        | 3194/22162 [31:08:29 > 4:51:27]
SOAP:  14%|█▍        | 3195/22162 [30:09:14 > 4:51:33]
SOAP:  14%|█▍        | 3196/22162 [27:44:30 > 4:51:37]
SOAP:  14%|█▍        | 3197/22162 [26:29:56 > 4:51:41]
SOAP:  14%|█▍        | 3198/22162 [26:27:39 > 4:51:46]
SOAP:  14%|█▍        | 3199/22162 [21:25:30 > 4:51:48]
SOAP:  14%|█▍        | 3200/22162 [30:12:43 > 4:51:58]
SOAP:  14%|█▍        | 3201/22162 [32:45:39 > 4:52:05]
SOAP:  14%|█▍        | 3202/22162 [31:53:59 > 4:52:11]
SOAP:  14%|█▍        | 3203/22162 [32:00:02 > 4:52:17]
SOAP:  14%|█▍        | 3204/22162 [29:42:29 > 4:52:22]
SOAP:  14%|█▍        | 3205/22162 [31:33:01 > 4:52:28]
SOAP:  14%|█▍        | 3206/22162 [24:26:44 > 4:52:30]
SOAP:  14%|█▍        | 3207/22162 [24:59:58 > 4:52:35]
SOAP:  14%|█▍        | 3208/22162 [31:06:42 > 4:52:44]
SOAP:  14%|█▍        | 3209/22162 [24:04:24 > 4:52:45]
SOAP:  14%|█▍        | 3210/22162 [24:44:56 > 4:52:50]
SOAP:  14%|█▍        | 3211/22162 [31:13:59 > 4:52:59]
SOAP:  14%|█▍        | 3212/22162 [30:13:48 > 4:53:04]
SOAP:  14%|█▍        | 3213/22162 [27:47:07 > 4:53:08]
SOAP:  15%|█▍        | 3214/22162 [24:43:23 > 4:53:12]
SOAP:  15%|█▍        | 3215/22162 [34:34:22 > 4:53:23]
SOAP:  15%|█▍        | 3216/22162 [32:19:46 > 4:53:28]
SOAP:  15%|█▍        | 3217/22162 [32:04:21 > 4:53:34]
SOAP:  15%|█▍        | 3218/22162 [30:47:37 > 4:53:39]
SOAP:  15%|█▍        | 3219/22162 [30:05:34 > 4:53:44]
SOAP:  15%|█▍        | 3220/22162 [28:45:33 > 4:53:49]
SOAP:  15%|█▍        | 3221/22162 [28:56:53 > 4:53:55]
SOAP:  15%|█▍        | 3222/22162 [25:36:22 > 4:53:58]
SOAP:  15%|█▍        | 3223/22162 [26:59:34 > 4:54:04]
SOAP:  15%|█▍        | 3224/22162 [27:40:18 > 4:54:10]
SOAP:  15%|█▍        | 3225/22162 [28:33:18 > 4:54:15]
SOAP:  15%|█▍        | 3226/22162 [30:13:10 > 4:54:22]
SOAP:  15%|█▍        | 3227/22162 [30:44:00 > 4:54:28]
SOAP:  15%|█▍        | 3228/22162 [31:05:18 > 4:54:34]
SOAP:  15%|█▍        | 3229/22162 [31:35:36 > 4:54:40]
SOAP:  15%|█▍        | 3230/22162 [29:44:06 > 4:54:45]
SOAP:  15%|█▍        | 3231/22162 [31:08:16 > 4:54:52]
SOAP:  15%|█▍        | 3232/22162 [29:14:55 > 4:54:56]
SOAP:  15%|█▍        | 3233/22162 [28:18:06 > 4:55:01]
SOAP:  15%|█▍        | 3234/22162 [27:20:46 > 4:55:06]
SOAP:  15%|█▍        | 3235/22162 [27:58:42 > 4:55:12]
SOAP:  15%|█▍        | 3236/22162 [25:52:03 > 4:55:16]
SOAP:  15%|█▍        | 3237/22162 [26:54:30 > 4:55:21]
SOAP:  15%|█▍        | 3238/22162 [27:24:36 > 4:55:27]
SOAP:  15%|█▍        | 3239/22162 [29:03:11 > 4:55:33]
SOAP:  15%|█▍        | 3240/22162 [30:25:39 > 4:55:39]
SOAP:  15%|█▍        | 3241/22162 [31:25:52 > 4:55:46]
SOAP:  15%|█▍        | 3242/22162 [30:59:16 > 4:55:51]
SOAP:  15%|█▍        | 3243/22162 [24:43:35 > 4:55:53]
SOAP:  15%|█▍        | 3244/22162 [30:54:18 > 4:56:02]
SOAP:  15%|█▍        | 3245/22162 [29:58:43 > 4:56:07]
SOAP:  15%|█▍        | 3246/22162 [27:35:06 > 4:56:11]
SOAP:  15%|█▍        | 3247/22162 [21:22:41 > 4:56:13]
SOAP:  15%|█▍        | 3248/22162 [23:47:34 > 4:56:18]
SOAP:  15%|█▍        | 3249/22162 [29:25:21 > 4:56:26]
SOAP:  15%|█▍        | 3250/22162 [23:36:38 > 4:56:28]
SOAP:  15%|█▍        | 3251/22162 [32:19:51 > 4:56:38]
SOAP:  15%|█▍        | 3252/22162 [32:43:31 > 4:56:45]
SOAP:  15%|█▍        | 3253/22162 [32:35:05 > 4:56:51]
SOAP:  15%|█▍        | 3254/22162 [32:16:03 > 4:56:57]
SOAP:  15%|█▍        | 3255/22162 [30:46:38 > 4:57:02]
SOAP:  15%|█▍        | 3256/22162 [29:26:17 > 4:57:07]
SOAP:  15%|█▍        | 3257/22162 [28:31:39 > 4:57:12]
SOAP:  15%|█▍        | 3258/22162 [27:44:05 > 4:57:17]
SOAP:  15%|█▍        | 3259/22162 [23:59:14 > 4:57:20]
SOAP:  15%|█▍        | 3260/22162 [22:12:18 > 4:57:23]
SOAP:  15%|█▍        | 3261/22162 [23:26:02 > 4:57:29]
SOAP:  15%|█▍        | 3262/22162 [30:37:29 > 4:57:38]
SOAP:  15%|█▍        | 3263/22162 [30:05:40 > 4:57:43]
SOAP:  15%|█▍        | 3264/22162 [24:19:51 > 4:57:45]
SOAP:  15%|█▍        | 3265/22162 [34:08:55 > 4:57:56]
SOAP:  15%|█▍        | 3266/22162 [32:02:36 > 4:58:01]
SOAP:  15%|█▍        | 3267/22162 [31:47:26 > 4:58:07]
SOAP:  15%|█▍        | 3268/22162 [24:25:34 > 4:58:08]
SOAP:  15%|█▍        | 3269/22162 [31:46:07 > 4:58:18]
SOAP:  15%|█▍        | 3270/22162 [29:59:57 > 4:58:23]
SOAP:  15%|█▍        | 3271/22162 [29:43:39 > 4:58:28]
SOAP:  15%|█▍        | 3272/22162 [22:51:25 > 4:58:30]
SOAP:  15%|█▍        | 3273/22162 [27:25:25 > 4:58:37]
SOAP:  15%|█▍        | 3274/22162 [27:00:02 > 4:58:42]
SOAP:  15%|█▍        | 3275/22162 [29:37:00 > 4:58:49]
SOAP:  15%|█▍        | 3276/22162 [31:01:30 > 4:58:55]
SOAP:  15%|█▍        | 3277/22162 [24:20:30 > 4:58:57]
SOAP:  15%|█▍        | 3278/22162 [27:32:59 > 4:59:03]
SOAP:  15%|█▍        | 3279/22162 [35:02:43 > 4:59:14]
SOAP:  15%|█▍        | 3280/22162 [32:10:00 > 4:59:18]
SOAP:  15%|█▍        | 3281/22162 [32:44:06 > 4:59:25]
SOAP:  15%|█▍        | 3282/22162 [30:16:29 > 4:59:30]
SOAP:  15%|█▍        | 3283/22162 [28:52:00 > 4:59:34]
SOAP:  15%|█▍        | 3284/22162 [27:46:35 > 4:59:39]
SOAP:  15%|█▍        | 3285/22162 [28:18:34 > 4:59:45]
SOAP:  15%|█▍        | 3286/22162 [26:03:54 > 4:59:49]
SOAP:  15%|█▍        | 3287/22162 [26:58:24 > 4:59:54]
SOAP:  15%|█▍        | 3288/22162 [27:21:17 > 5:00:00]
SOAP:  15%|█▍        | 3289/22162 [28:58:44 > 5:00:06]
SOAP:  15%|█▍        | 3290/22162 [30:20:00 > 5:00:12]
SOAP:  15%|█▍        | 3291/22162 [31:16:06 > 5:00:19]
SOAP:  15%|█▍        | 3292/22162 [30:48:23 > 5:00:24]
SOAP:  15%|█▍        | 3293/22162 [29:44:30 > 5:00:30]
SOAP:  15%|█▍        | 3294/22162 [29:08:15 > 5:00:35]
SOAP:  15%|█▍        | 3295/22162 [28:37:13 > 5:00:40]
SOAP:  15%|█▍        | 3296/22162 [26:33:30 > 5:00:44]
SOAP:  15%|█▍        | 3297/22162 [25:35:15 > 5:00:49]
SOAP:  15%|█▍        | 3298/22162 [25:43:57 > 5:00:54]
SOAP:  15%|█▍        | 3299/22162 [25:30:24 > 5:00:59]
SOAP:  15%|█▍        | 3300/22162 [28:22:40 > 5:01:05]
SOAP:  15%|█▍        | 3301/22162 [31:30:04 > 5:01:13]
SOAP:  15%|█▍        | 3302/22162 [26:16:57 > 5:01:15]
SOAP:  15%|█▍        | 3303/22162 [32:37:15 > 5:01:24]
SOAP:  15%|█▍        | 3304/22162 [32:28:30 > 5:01:31]
SOAP:  15%|█▍        | 3305/22162 [24:56:57 > 5:01:32]
SOAP:  15%|█▍        | 3306/22162 [31:32:39 > 5:01:41]
SOAP:  15%|█▍        | 3307/22162 [30:01:19 > 5:01:46]
SOAP:  15%|█▍        | 3308/22162 [28:45:16 > 5:01:51]
SOAP:  15%|█▍        | 3309/22162 [27:37:34 > 5:01:56]
SOAP:  15%|█▍        | 3310/22162 [27:25:08 > 5:02:01]
SOAP:  15%|█▍        | 3311/22162 [26:18:51 > 5:02:05]
SOAP:  15%|█▍        | 3312/22162 [27:48:34 > 5:02:11]
SOAP:  15%|█▍        | 3313/22162 [28:06:52 > 5:02:17]
SOAP:  15%|█▍        | 3314/22162 [29:27:51 > 5:02:23]
SOAP:  15%|█▍        | 3315/22162 [31:16:52 > 5:02:30]
SOAP:  15%|█▍        | 3316/22162 [30:06:07 > 5:02:35]
SOAP:  15%|█▍        | 3317/22162 [30:22:54 > 5:02:41]
SOAP:  15%|█▍        | 3318/22162 [29:32:11 > 5:02:46]
SOAP:  15%|█▍        | 3319/22162 [29:02:25 > 5:02:52]
SOAP:  15%|█▍        | 3320/22162 [27:59:19 > 5:02:56]
SOAP:  15%|█▍        | 3321/22162 [28:17:47 > 5:03:02]
SOAP:  15%|█▍        | 3322/22162 [26:21:26 > 5:03:06]
SOAP:  15%|█▍        | 3323/22162 [26:19:02 > 5:03:11]
SOAP:  15%|█▍        | 3324/22162 [27:10:10 > 5:03:17]
SOAP:  15%|█▌        | 3325/22162 [28:06:50 > 5:03:23]
SOAP:  15%|█▌        | 3326/22162 [29:51:12 > 5:03:29]
SOAP:  15%|█▌        | 3327/22162 [30:19:00 > 5:03:35]
SOAP:  15%|█▌        | 3328/22162 [30:47:46 > 5:03:41]
SOAP:  15%|█▌        | 3329/22162 [31:20:55 > 5:03:47]
SOAP:  15%|█▌        | 3330/22162 [26:39:31 > 5:03:50]
SOAP:  15%|█▌        | 3331/22162 [24:05:18 > 5:03:54]
SOAP:  15%|█▌        | 3332/22162 [31:52:09 > 5:04:03]
SOAP:  15%|█▌        | 3333/22162 [30:01:53 > 5:04:08]
SOAP:  15%|█▌        | 3334/22162 [28:26:44 > 5:04:13]
SOAP:  15%|█▌        | 3335/22162 [28:46:56 > 5:04:19]
SOAP:  15%|█▌        | 3336/22162 [26:23:22 > 5:04:23]
SOAP:  15%|█▌        | 3337/22162 [27:11:25 > 5:04:28]
SOAP:  15%|█▌        | 3338/22162 [27:30:41 > 5:04:34]
SOAP:  15%|█▌        | 3339/22162 [29:04:47 > 5:04:40]
SOAP:  15%|█▌        | 3340/22162 [30:23:45 > 5:04:46]
SOAP:  15%|█▌        | 3341/22162 [31:15:34 > 5:04:53]
SOAP:  15%|█▌        | 3342/22162 [30:47:39 > 5:04:58]
SOAP:  15%|█▌        | 3343/22162 [29:42:34 > 5:05:04]
SOAP:  15%|█▌        | 3344/22162 [29:06:22 > 5:05:09]
SOAP:  15%|█▌        | 3345/22162 [28:35:12 > 5:05:14]
SOAP:  15%|█▌        | 3346/22162 [26:33:50 > 5:05:18]
SOAP:  15%|█▌        | 3347/22162 [25:27:01 > 5:05:23]
SOAP:  15%|█▌        | 3348/22162 [25:34:08 > 5:05:28]
SOAP:  15%|█▌        | 3349/22162 [26:51:54 > 5:05:33]
SOAP:  15%|█▌        | 3350/22162 [27:42:40 > 5:05:39]
SOAP:  15%|█▌        | 3351/22162 [30:29:22 > 5:05:46]
SOAP:  15%|█▌        | 3352/22162 [30:05:35 > 5:05:52]
SOAP:  15%|█▌        | 3353/22162 [24:26:43 > 5:05:54]
SOAP:  15%|█▌        | 3354/22162 [32:54:13 > 5:06:04]
SOAP:  15%|█▌        | 3355/22162 [31:19:36 > 5:06:09]
SOAP:  15%|█▌        | 3356/22162 [29:53:39 > 5:06:14]
SOAP:  15%|█▌        | 3357/22162 [23:01:36 > 5:06:16]
SOAP:  15%|█▌        | 3358/22162 [29:36:04 > 5:06:24]
SOAP:  15%|█▌        | 3359/22162 [28:18:49 > 5:06:29]
SOAP:  15%|█▌        | 3360/22162 [27:56:40 > 5:06:34]
SOAP:  15%|█▌        | 3361/22162 [27:44:57 > 5:06:39]
SOAP:  15%|█▌        | 3362/22162 [27:44:47 > 5:06:45]
SOAP:  15%|█▌        | 3363/22162 [28:01:40 > 5:06:50]
SOAP:  15%|█▌        | 3364/22162 [22:46:57 > 5:06:52]
SOAP:  15%|█▌        | 3365/22162 [32:54:58 > 5:07:03]
SOAP:  15%|█▌        | 3366/22162 [31:03:17 > 5:07:08]
SOAP:  15%|█▌        | 3367/22162 [25:19:06 > 5:07:11]
SOAP:  15%|█▌        | 3368/22162 [25:33:14 > 5:07:16]
SOAP:  15%|█▌        | 3369/22162 [30:56:01 > 5:07:24]
SOAP:  15%|█▌        | 3370/22162 [30:25:33 > 5:07:29]
SOAP:  15%|█▌        | 3371/22162 [29:51:22 > 5:07:35]
SOAP:  15%|█▌        | 3372/22162 [27:22:30 > 5:07:39]
SOAP:  15%|█▌        | 3373/22162 [21:38:50 > 5:07:41]
SOAP:  15%|█▌        | 3374/22162 [29:01:39 > 5:07:50]
SOAP:  15%|█▌        | 3375/22162 [29:23:08 > 5:07:55]
SOAP:  15%|█▌        | 3376/22162 [30:44:06 > 5:08:02]
SOAP:  15%|█▌        | 3377/22162 [27:36:12 > 5:08:06]
SOAP:  15%|█▌        | 3378/22162 [29:31:56 > 5:08:12]
SOAP:  15%|█▌        | 3379/22162 [31:10:26 > 5:08:19]
SOAP:  15%|█▌        | 3380/22162 [31:01:30 > 5:08:25]
SOAP:  15%|█▌        | 3381/22162 [31:48:44 > 5:08:31]
SOAP:  15%|█▌        | 3382/22162 [29:35:41 > 5:08:36]
SOAP:  15%|█▌        | 3383/22162 [28:24:16 > 5:08:41]
SOAP:  15%|█▌        | 3384/22162 [27:22:32 > 5:08:46]
SOAP:  15%|█▌        | 3385/22162 [27:53:18 > 5:08:51]
SOAP:  15%|█▌        | 3386/22162 [23:49:51 > 5:08:54]
SOAP:  15%|█▌        | 3387/22162 [27:13:14 > 5:09:01]
SOAP:  15%|█▌        | 3388/22162 [27:14:41 > 5:09:06]
SOAP:  15%|█▌        | 3389/22162 [29:00:05 > 5:09:12]
SOAP:  15%|█▌        | 3390/22162 [22:59:24 > 5:09:14]
SOAP:  15%|█▌        | 3391/22162 [29:08:58 > 5:09:22]
SOAP:  15%|█▌        | 3392/22162 [33:29:28 > 5:09:31]
SOAP:  15%|█▌        | 3393/22162 [25:54:20 > 5:09:32]
SOAP:  15%|█▌        | 3394/22162 [32:08:45 > 5:09:41]
SOAP:  15%|█▌        | 3395/22162 [30:45:23 > 5:09:47]
SOAP:  15%|█▌        | 3396/22162 [28:00:46 > 5:09:51]
SOAP:  15%|█▌        | 3397/22162 [26:27:00 > 5:09:55]
SOAP:  15%|█▌        | 3398/22162 [26:15:56 > 5:10:00]
SOAP:  15%|█▌        | 3399/22162 [27:15:07 > 5:10:06]
SOAP:  15%|█▌        | 3400/22162 [27:59:59 > 5:10:11]
SOAP:  15%|█▌        | 3401/22162 [31:07:15 > 5:10:19]
SOAP:  15%|█▌        | 3402/22162 [30:29:45 > 5:10:24]
SOAP:  15%|█▌        | 3403/22162 [30:48:31 > 5:10:30]
SOAP:  15%|█▌        | 3404/22162 [31:05:28 > 5:10:36]
SOAP:  15%|█▌        | 3405/22162 [29:53:36 > 5:10:42]
SOAP:  15%|█▌        | 3406/22162 [28:53:42 > 5:10:47]
SOAP:  15%|█▌        | 3407/22162 [28:01:39 > 5:10:52]
SOAP:  15%|█▌        | 3408/22162 [27:22:09 > 5:10:57]
SOAP:  15%|█▌        | 3409/22162 [26:39:21 > 5:11:02]
SOAP:  15%|█▌        | 3410/22162 [26:36:31 > 5:11:07]
SOAP:  15%|█▌        | 3411/22162 [26:45:28 > 5:11:12]
SOAP:  15%|█▌        | 3412/22162 [22:17:13 > 5:11:14]
SOAP:  15%|█▌        | 3413/22162 [28:42:05 > 5:11:23]
SOAP:  15%|█▌        | 3414/22162 [29:48:35 > 5:11:29]
SOAP:  15%|█▌        | 3415/22162 [31:24:10 > 5:11:35]
SOAP:  15%|█▌        | 3416/22162 [30:01:56 > 5:11:41]
SOAP:  15%|█▌        | 3417/22162 [30:10:36 > 5:11:46]
SOAP:  15%|█▌        | 3418/22162 [29:14:57 > 5:11:52]
SOAP:  15%|█▌        | 3419/22162 [28:46:42 > 5:11:57]
SOAP:  15%|█▌        | 3420/22162 [27:38:23 > 5:12:02]
SOAP:  15%|█▌        | 3421/22162 [28:00:43 > 5:12:07]
SOAP:  15%|█▌        | 3422/22162 [26:02:18 > 5:12:11]
SOAP:  15%|█▌        | 3423/22162 [25:59:08 > 5:12:16]
SOAP:  15%|█▌        | 3424/22162 [25:09:36 > 5:12:21]
SOAP:  15%|█▌        | 3425/22162 [28:13:17 > 5:12:28]
SOAP:  15%|█▌        | 3426/22162 [29:15:12 > 5:12:34]
SOAP:  15%|█▌        | 3427/22162 [23:40:44 > 5:12:36]
SOAP:  15%|█▌        | 3428/22162 [32:39:06 > 5:12:46]
SOAP:  15%|█▌        | 3429/22162 [32:29:17 > 5:12:52]
SOAP:  15%|█▌        | 3430/22162 [28:08:48 > 5:12:56]
SOAP:  15%|█▌        | 3431/22162 [30:11:19 > 5:13:02]
SOAP:  15%|█▌        | 3432/22162 [30:04:57 > 5:13:08]
SOAP:  15%|█▌        | 3433/22162 [28:34:23 > 5:13:13]
SOAP:  15%|█▌        | 3434/22162 [27:19:23 > 5:13:18]
SOAP:  15%|█▌        | 3435/22162 [27:50:35 > 5:13:23]
SOAP:  16%|█▌        | 3436/22162 [25:39:43 > 5:13:27]
SOAP:  16%|█▌        | 3437/22162 [26:33:55 > 5:13:33]
SOAP:  16%|█▌        | 3438/22162 [20:49:55 > 5:13:34]
SOAP:  16%|█▌        | 3439/22162 [24:49:57 > 5:13:41]
SOAP:  16%|█▌        | 3440/22162 [25:32:34 > 5:13:46]
SOAP:  16%|█▌        | 3441/22162 [35:00:40 > 5:13:57]
SOAP:  16%|█▌        | 3442/22162 [33:14:57 > 5:14:03]
SOAP:  16%|█▌        | 3443/22162 [25:42:36 > 5:14:04]
SOAP:  16%|█▌        | 3444/22162 [31:50:54 > 5:14:13]
SOAP:  16%|█▌        | 3445/22162 [30:31:06 > 5:14:18]
SOAP:  16%|█▌        | 3446/22162 [27:51:29 > 5:14:22]
SOAP:  16%|█▌        | 3447/22162 [26:19:59 > 5:14:27]
SOAP:  16%|█▌        | 3448/22162 [26:08:47 > 5:14:32]
SOAP:  16%|█▌        | 3449/22162 [27:09:42 > 5:14:37]
SOAP:  16%|█▌        | 3450/22162 [27:53:14 > 5:14:43]
SOAP:  16%|█▌        | 3451/22162 [30:55:06 > 5:14:50]
SOAP:  16%|█▌        | 3452/22162 [30:24:52 > 5:14:56]
SOAP:  16%|█▌        | 3453/22162 [30:47:47 > 5:15:02]
SOAP:  16%|█▌        | 3454/22162 [30:59:34 > 5:15:08]
SOAP:  16%|█▌        | 3455/22162 [28:16:41 > 5:15:12]
SOAP:  16%|█▌        | 3456/22162 [29:11:28 > 5:15:19]
SOAP:  16%|█▌        | 3457/22162 [28:11:24 > 5:15:24]
SOAP:  16%|█▌        | 3458/22162 [27:18:51 > 5:15:28]
SOAP:  16%|█▌        | 3459/22162 [26:31:37 > 5:15:33]
SOAP:  16%|█▌        | 3460/22162 [26:30:43 > 5:15:38]
SOAP:  16%|█▌        | 3461/22162 [26:38:56 > 5:15:43]
SOAP:  16%|█▌        | 3462/22162 [26:44:04 > 5:15:49]
SOAP:  16%|█▌        | 3463/22162 [27:13:59 > 5:15:54]
SOAP:  16%|█▌        | 3464/22162 [28:33:34 > 5:16:00]
SOAP:  16%|█▌        | 3465/22162 [24:01:11 > 5:16:03]
SOAP:  16%|█▌        | 3466/22162 [31:02:10 > 5:16:12]
SOAP:  16%|█▌        | 3467/22162 [28:14:02 > 5:16:16]
SOAP:  16%|█▌        | 3468/22162 [30:31:47 > 5:16:23]
SOAP:  16%|█▌        | 3469/22162 [29:41:11 > 5:16:28]
SOAP:  16%|█▌        | 3470/22162 [28:08:19 > 5:16:33]
SOAP:  16%|█▌        | 3471/22162 [21:49:59 > 5:16:34]
SOAP:  16%|█▌        | 3472/22162 [27:55:23 > 5:16:43]
SOAP:  16%|█▌        | 3473/22162 [27:15:08 > 5:16:47]
SOAP:  16%|█▌        | 3474/22162 [21:41:53 > 5:16:49]
SOAP:  16%|█▌        | 3475/22162 [29:58:51 > 5:16:59]
SOAP:  16%|█▌        | 3476/22162 [31:00:37 > 5:17:05]
SOAP:  16%|█▌        | 3477/22162 [30:58:36 > 5:17:11]
SOAP:  16%|█▌        | 3478/22162 [26:49:07 > 5:17:14]
SOAP:  16%|█▌        | 3479/22162 [32:44:32 > 5:17:23]
SOAP:  16%|█▌        | 3480/22162 [30:24:25 > 5:17:28]
SOAP:  16%|█▌        | 3481/22162 [31:19:18 > 5:17:35]
SOAP:  16%|█▌        | 3482/22162 [23:58:59 > 5:17:36]
SOAP:  16%|█▌        | 3483/22162 [29:40:46 > 5:17:44]
SOAP:  16%|█▌        | 3484/22162 [23:37:11 > 5:17:46]
SOAP:  16%|█▌        | 3485/22162 [29:30:21 > 5:17:54]
SOAP:  16%|█▌        | 3486/22162 [26:37:56 > 5:17:58]
SOAP:  16%|█▌        | 3487/22162 [27:07:26 > 5:18:04]
SOAP:  16%|█▌        | 3488/22162 [27:20:03 > 5:18:09]
SOAP:  16%|█▌        | 3489/22162 [22:08:08 > 5:18:11]
SOAP:  16%|█▌        | 3490/22162 [31:15:37 > 5:18:21]
SOAP:  16%|█▌        | 3491/22162 [32:17:33 > 5:18:28]
SOAP:  16%|█▌        | 3492/22162 [27:28:31 > 5:18:31]
SOAP:  16%|█▌        | 3493/22162 [30:54:45 > 5:18:38]
SOAP:  16%|█▌        | 3494/22162 [29:46:18 > 5:18:44]
SOAP:  16%|█▌        | 3495/22162 [27:05:59 > 5:18:48]
SOAP:  16%|█▌        | 3496/22162 [26:56:32 > 5:18:53]
SOAP:  16%|█▌        | 3497/22162 [21:07:30 > 5:18:54]
SOAP:  16%|█▌        | 3498/22162 [27:00:11 > 5:19:02]
SOAP:  16%|█▌        | 3499/22162 [25:01:25 > 5:19:06]
SOAP:  16%|█▌        | 3500/22162 [28:54:14 > 5:19:13]
SOAP:  16%|█▌        | 3501/22162 [31:30:18 > 5:19:21]
SOAP:  16%|█▌        | 3502/22162 [30:40:30 > 5:19:26]
SOAP:  16%|█▌        | 3503/22162 [30:50:26 > 5:19:32]
SOAP:  16%|█▌        | 3504/22162 [31:01:59 > 5:19:38]
SOAP:  16%|█▌        | 3505/22162 [29:48:52 > 5:19:43]
SOAP:  16%|█▌        | 3506/22162 [27:38:47 > 5:19:48]
SOAP:  16%|█▌        | 3507/22162 [28:09:24 > 5:19:53]
SOAP:  16%|█▌        | 3508/22162 [27:14:31 > 5:19:58]
SOAP:  16%|█▌        | 3509/22162 [23:27:14 > 5:20:01]
SOAP:  16%|█▌        | 3510/22162 [27:16:19 > 5:20:08]
SOAP:  16%|█▌        | 3511/22162 [27:05:03 > 5:20:13]
SOAP:  16%|█▌        | 3512/22162 [26:59:47 > 5:20:18]
SOAP:  16%|█▌        | 3513/22162 [27:15:31 > 5:20:24]
SOAP:  16%|█▌        | 3514/22162 [28:33:57 > 5:20:30]
SOAP:  16%|█▌        | 3515/22162 [29:30:07 > 5:20:36]
SOAP:  16%|█▌        | 3516/22162 [28:28:44 > 5:20:41]
SOAP:  16%|█▌        | 3517/22162 [29:53:30 > 5:20:47]
SOAP:  16%|█▌        | 3518/22162 [28:56:10 > 5:20:53]
SOAP:  16%|█▌        | 3519/22162 [28:00:25 > 5:20:58]
SOAP:  16%|█▌        | 3520/22162 [22:22:20 > 5:20:59]
SOAP:  16%|█▌        | 3521/22162 [29:01:53 > 5:21:08]
SOAP:  16%|█▌        | 3522/22162 [22:33:26 > 5:21:09]
SOAP:  16%|█▌        | 3523/22162 [27:28:22 > 5:21:17]
SOAP:  16%|█▌        | 3524/22162 [27:41:12 > 5:21:22]
SOAP:  16%|█▌        | 3525/22162 [28:18:56 > 5:21:28]
SOAP:  16%|█▌        | 3526/22162 [29:45:12 > 5:21:35]
SOAP:  16%|█▌        | 3527/22162 [23:20:02 > 5:21:36]
SOAP:  16%|█▌        | 3528/22162 [32:22:03 > 5:21:47]
SOAP:  16%|█▌        | 3529/22162 [29:44:31 > 5:21:51]
SOAP:  16%|█▌        | 3530/22162 [26:10:38 > 5:21:55]
SOAP:  16%|█▌        | 3531/22162 [32:46:28 > 5:22:04]
SOAP:  16%|█▌        | 3532/22162 [30:10:15 > 5:22:08]
SOAP:  16%|█▌        | 3533/22162 [28:42:33 > 5:22:13]
SOAP:  16%|█▌        | 3534/22162 [27:06:47 > 5:22:18]
SOAP:  16%|█▌        | 3535/22162 [21:31:10 > 5:22:20]
SOAP:  16%|█▌        | 3536/22162 [27:45:13 > 5:22:28]
SOAP:  16%|█▌        | 3537/22162 [22:11:40 > 5:22:30]
SOAP:  16%|█▌        | 3538/22162 [23:23:05 > 5:22:35]
SOAP:  16%|█▌        | 3539/22162 [32:06:42 > 5:22:45]
SOAP:  16%|█▌        | 3540/22162 [32:23:51 > 5:22:51]
SOAP:  16%|█▌        | 3541/22162 [25:23:48 > 5:22:53]
SOAP:  16%|█▌        | 3542/22162 [33:39:56 > 5:23:03]
SOAP:  16%|█▌        | 3543/22162 [31:36:17 > 5:23:08]
SOAP:  16%|█▌        | 3544/22162 [29:14:11 > 5:23:13]
SOAP:  16%|█▌        | 3545/22162 [28:07:00 > 5:23:18]
SOAP:  16%|█▌        | 3546/22162 [27:36:45 > 5:23:23]
SOAP:  16%|█▌        | 3547/22162 [26:20:27 > 5:23:27]
SOAP:  16%|█▌        | 3548/22162 [26:09:39 > 5:23:32]
SOAP:  16%|█▌        | 3549/22162 [27:07:06 > 5:23:38]
SOAP:  16%|█▌        | 3550/22162 [27:48:41 > 5:23:44]
SOAP:  16%|█▌        | 3551/22162 [28:23:17 > 5:23:50]
SOAP:  16%|█▌        | 3552/22162 [31:08:59 > 5:23:57]
SOAP:  16%|█▌        | 3553/22162 [26:02:46 > 5:24:00]
SOAP:  16%|█▌        | 3554/22162 [33:06:05 > 5:24:09]
SOAP:  16%|█▌        | 3555/22162 [31:22:09 > 5:24:14]
SOAP:  16%|█▌        | 3556/22162 [29:52:35 > 5:24:20]
SOAP:  16%|█▌        | 3557/22162 [28:38:10 > 5:24:25]
SOAP:  16%|█▌        | 3558/22162 [27:54:30 > 5:24:30]
SOAP:  16%|█▌        | 3559/22162 [27:06:48 > 5:24:34]
SOAP:  16%|█▌        | 3560/22162 [27:02:39 > 5:24:40]
SOAP:  16%|█▌        | 3561/22162 [27:04:42 > 5:24:45]
SOAP:  16%|█▌        | 3562/22162 [27:09:07 > 5:24:50]
SOAP:  16%|█▌        | 3563/22162 [27:33:22 > 5:24:56]
SOAP:  16%|█▌        | 3564/22162 [28:58:12 > 5:25:02]
SOAP:  16%|█▌        | 3565/22162 [30:40:16 > 5:25:09]
SOAP:  16%|█▌        | 3566/22162 [29:25:28 > 5:25:14]
SOAP:  16%|█▌        | 3567/22162 [29:49:35 > 5:25:20]
SOAP:  16%|█▌        | 3568/22162 [29:04:05 > 5:25:25]
SOAP:  16%|█▌        | 3569/22162 [28:39:54 > 5:25:30]
SOAP:  16%|█▌        | 3570/22162 [27:40:07 > 5:25:35]
SOAP:  16%|█▌        | 3571/22162 [27:58:52 > 5:25:41]
SOAP:  16%|█▌        | 3572/22162 [25:59:37 > 5:25:45]
SOAP:  16%|█▌        | 3573/22162 [25:54:08 > 5:25:50]
SOAP:  16%|█▌        | 3574/22162 [26:42:42 > 5:25:56]
SOAP:  16%|█▌        | 3575/22162 [27:45:44 > 5:26:01]
SOAP:  16%|█▌        | 3576/22162 [29:35:19 > 5:26:08]
SOAP:  16%|█▌        | 3577/22162 [23:17:57 > 5:26:10]
SOAP:  16%|█▌        | 3578/22162 [32:33:49 > 5:26:20]
SOAP:  16%|█▌        | 3579/22162 [32:25:35 > 5:26:26]
SOAP:  16%|█▌        | 3580/22162 [30:13:47 > 5:26:31]
SOAP:  16%|█▌        | 3581/22162 [29:01:28 > 5:26:36]
SOAP:  16%|█▌        | 3582/22162 [29:49:08 > 5:26:42]
SOAP:  16%|█▌        | 3583/22162 [28:30:59 > 5:26:47]
SOAP:  16%|█▌        | 3584/22162 [27:20:10 > 5:26:52]
SOAP:  16%|█▌        | 3585/22162 [27:56:50 > 5:26:58]
SOAP:  16%|█▌        | 3586/22162 [25:45:40 > 5:27:02]
SOAP:  16%|█▌        | 3587/22162 [26:36:41 > 5:27:07]
SOAP:  16%|█▌        | 3588/22162 [27:00:07 > 5:27:13]
SOAP:  16%|█▌        | 3589/22162 [21:54:54 > 5:27:15]
SOAP:  16%|█▌        | 3590/22162 [31:53:00 > 5:27:25]
SOAP:  16%|█▌        | 3591/22162 [32:15:35 > 5:27:32]
SOAP:  16%|█▌        | 3592/22162 [31:21:44 > 5:27:38]
SOAP:  16%|█▌        | 3593/22162 [29:50:33 > 5:27:43]
SOAP:  16%|█▌        | 3594/22162 [29:05:50 > 5:27:48]
SOAP:  16%|█▌        | 3595/22162 [28:19:23 > 5:27:53]
SOAP:  16%|█▌        | 3596/22162 [26:34:55 > 5:27:57]
SOAP:  16%|█▌        | 3597/22162 [25:26:34 > 5:28:02]
SOAP:  16%|█▌        | 3598/22162 [25:29:00 > 5:28:07]
SOAP:  16%|█▌        | 3599/22162 [26:41:39 > 5:28:13]
SOAP:  16%|█▌        | 3600/22162 [27:28:08 > 5:28:18]
SOAP:  16%|█▌        | 3601/22162 [30:42:59 > 5:28:26]
SOAP:  16%|█▋        | 3602/22162 [30:13:31 > 5:28:31]
SOAP:  16%|█▋        | 3603/22162 [23:57:57 > 5:28:33]
SOAP:  16%|█▋        | 3604/22162 [32:56:02 > 5:28:44]
SOAP:  16%|█▋        | 3605/22162 [31:11:55 > 5:28:49]
SOAP:  16%|█▋        | 3606/22162 [29:41:55 > 5:28:54]
SOAP:  16%|█▋        | 3607/22162 [28:30:11 > 5:28:59]
SOAP:  16%|█▋        | 3608/22162 [27:35:48 > 5:29:04]
SOAP:  16%|█▋        | 3609/22162 [26:44:45 > 5:29:09]
SOAP:  16%|█▋        | 3610/22162 [26:42:18 > 5:29:14]
SOAP:  16%|█▋        | 3611/22162 [26:48:09 > 5:29:19]
SOAP:  16%|█▋        | 3612/22162 [26:55:58 > 5:29:24]
SOAP:  16%|█▋        | 3613/22162 [27:23:47 > 5:29:30]
SOAP:  16%|█▋        | 3614/22162 [26:51:28 > 5:29:35]
SOAP:  16%|█▋        | 3615/22162 [31:14:00 > 5:29:43]
SOAP:  16%|█▋        | 3616/22162 [29:51:14 > 5:29:48]
SOAP:  16%|█▋        | 3617/22162 [30:05:01 > 5:29:54]
SOAP:  16%|█▋        | 3618/22162 [29:07:50 > 5:29:59]
SOAP:  16%|█▋        | 3619/22162 [28:39:04 > 5:30:05]
SOAP:  16%|█▋        | 3620/22162 [27:33:12 > 5:30:09]
SOAP:  16%|█▋        | 3621/22162 [27:44:32 > 5:30:15]
SOAP:  16%|█▋        | 3622/22162 [25:47:16 > 5:30:19]
SOAP:  16%|█▋        | 3623/22162 [25:43:52 > 5:30:24]
SOAP:  16%|█▋        | 3624/22162 [26:29:54 > 5:30:29]
SOAP:  16%|█▋        | 3625/22162 [27:33:11 > 5:30:35]
SOAP:  16%|█▋        | 3626/22162 [29:17:23 > 5:30:42]
SOAP:  16%|█▋        | 3627/22162 [29:49:17 > 5:30:48]
SOAP:  16%|█▋        | 3628/22162 [30:18:08 > 5:30:54]
SOAP:  16%|█▋        | 3629/22162 [30:53:57 > 5:31:00]
SOAP:  16%|█▋        | 3630/22162 [29:06:02 > 5:31:05]
SOAP:  16%|█▋        | 3631/22162 [30:20:25 > 5:31:11]
SOAP:  16%|█▋        | 3632/22162 [28:32:58 > 5:31:16]
SOAP:  16%|█▋        | 3633/22162 [27:32:16 > 5:31:21]
SOAP:  16%|█▋        | 3634/22162 [26:35:39 > 5:31:26]
SOAP:  16%|█▋        | 3635/22162 [27:16:56 > 5:31:31]
SOAP:  16%|█▋        | 3636/22162 [25:14:49 > 5:31:35]
SOAP:  16%|█▋        | 3637/22162 [26:10:48 > 5:31:41]
SOAP:  16%|█▋        | 3638/22162 [26:42:25 > 5:31:46]
SOAP:  16%|█▋        | 3639/22162 [28:20:47 > 5:31:53]
SOAP:  16%|█▋        | 3640/22162 [29:43:24 > 5:31:59]
SOAP:  16%|█▋        | 3641/22162 [30:37:29 > 5:32:05]
SOAP:  16%|█▋        | 3642/22162 [25:56:27 > 5:32:08]
SOAP:  16%|█▋        | 3643/22162 [30:18:04 > 5:32:16]
SOAP:  16%|█▋        | 3644/22162 [29:21:28 > 5:32:21]
SOAP:  16%|█▋        | 3645/22162 [28:29:31 > 5:32:27]
SOAP:  16%|█▋        | 3646/22162 [25:02:45 > 5:32:30]
SOAP:  16%|█▋        | 3647/22162 [25:39:23 > 5:32:35]
SOAP:  16%|█▋        | 3648/22162 [20:02:58 > 5:32:37]
SOAP:  16%|█▋        | 3649/22162 [28:11:47 > 5:32:46]
SOAP:  16%|█▋        | 3650/22162 [28:28:16 > 5:32:51]
SOAP:  16%|█▋        | 3651/22162 [27:55:05 > 5:32:57]
SOAP:  16%|█▋        | 3652/22162 [31:15:42 > 5:33:04]
SOAP:  16%|█▋        | 3653/22162 [31:18:41 > 5:33:10]
SOAP:  16%|█▋        | 3654/22162 [31:23:59 > 5:33:16]
SOAP:  16%|█▋        | 3655/22162 [24:53:19 > 5:33:18]
SOAP:  16%|█▋        | 3656/22162 [30:29:25 > 5:33:27]
SOAP:  17%|█▋        | 3657/22162 [28:45:45 > 5:33:32]
SOAP:  17%|█▋        | 3658/22162 [27:47:13 > 5:33:37]
SOAP:  17%|█▋        | 3659/22162 [21:59:05 > 5:33:38]
SOAP:  17%|█▋        | 3660/22162 [28:32:44 > 5:33:47]
SOAP:  17%|█▋        | 3661/22162 [27:59:12 > 5:33:52]
SOAP:  17%|█▋        | 3662/22162 [26:45:39 > 5:33:57]
SOAP:  17%|█▋        | 3663/22162 [28:00:54 > 5:34:03]
SOAP:  17%|█▋        | 3664/22162 [28:59:44 > 5:34:09]
SOAP:  17%|█▋        | 3665/22162 [27:16:38 > 5:34:13]
SOAP:  17%|█▋        | 3666/22162 [30:19:32 > 5:34:21]
SOAP:  17%|█▋        | 3667/22162 [30:21:02 > 5:34:26]
SOAP:  17%|█▋        | 3668/22162 [29:20:01 > 5:34:32]
SOAP:  17%|█▋        | 3669/22162 [23:00:55 > 5:34:33]
SOAP:  17%|█▋        | 3670/22162 [29:10:51 > 5:34:42]
SOAP:  17%|█▋        | 3671/22162 [28:56:22 > 5:34:47]
SOAP:  17%|█▋        | 3672/22162 [24:19:59 > 5:34:50]
SOAP:  17%|█▋        | 3673/22162 [26:56:26 > 5:34:56]
SOAP:  17%|█▋        | 3674/22162 [27:17:50 > 5:35:02]
SOAP:  17%|█▋        | 3675/22162 [28:01:46 > 5:35:08]
SOAP:  17%|█▋        | 3676/22162 [29:37:14 > 5:35:14]
SOAP:  17%|█▋        | 3677/22162 [29:54:11 > 5:35:20]
SOAP:  17%|█▋        | 3678/22162 [28:34:03 > 5:35:25]
SOAP:  17%|█▋        | 3679/22162 [31:21:18 > 5:35:32]
SOAP:  17%|█▋        | 3680/22162 [29:20:10 > 5:35:37]
SOAP:  17%|█▋        | 3681/22162 [30:28:52 > 5:35:44]
SOAP:  17%|█▋        | 3682/22162 [23:22:44 > 5:35:45]
SOAP:  17%|█▋        | 3683/22162 [29:02:18 > 5:35:53]
SOAP:  17%|█▋        | 3684/22162 [27:34:56 > 5:35:58]
SOAP:  17%|█▋        | 3685/22162 [27:52:35 > 5:36:04]
SOAP:  17%|█▋        | 3686/22162 [25:39:00 > 5:36:08]
SOAP:  17%|█▋        | 3687/22162 [26:25:31 > 5:36:13]
SOAP:  17%|█▋        | 3688/22162 [26:46:20 > 5:36:18]
SOAP:  17%|█▋        | 3689/22162 [23:45:23 > 5:36:22]
SOAP:  17%|█▋        | 3690/22162 [30:53:56 > 5:36:31]
SOAP:  17%|█▋        | 3691/22162 [31:22:06 > 5:36:37]
SOAP:  17%|█▋        | 3692/22162 [30:38:42 > 5:36:43]
SOAP:  17%|█▋        | 3693/22162 [27:11:36 > 5:36:47]
SOAP:  17%|█▋        | 3694/22162 [29:14:45 > 5:36:53]
SOAP:  17%|█▋        | 3695/22162 [28:31:16 > 5:36:58]
SOAP:  17%|█▋        | 3696/22162 [25:01:57 > 5:37:02]
SOAP:  17%|█▋        | 3697/22162 [25:36:01 > 5:37:07]
SOAP:  17%|█▋        | 3698/22162 [19:59:22 > 5:37:08]
SOAP:  17%|█▋        | 3699/22162 [28:08:48 > 5:37:18]
SOAP:  17%|█▋        | 3700/22162 [23:30:06 > 5:37:20]
SOAP:  17%|█▋        | 3701/22162 [32:37:15 > 5:37:31]
SOAP:  17%|█▋        | 3702/22162 [31:22:50 > 5:37:36]
SOAP:  17%|█▋        | 3703/22162 [31:14:45 > 5:37:42]
SOAP:  17%|█▋        | 3704/22162 [31:16:59 > 5:37:48]
SOAP:  17%|█▋        | 3705/22162 [29:58:53 > 5:37:54]
SOAP:  17%|█▋        | 3706/22162 [23:17:48 > 5:37:55]
SOAP:  17%|█▋        | 3707/22162 [23:58:17 > 5:38:00]
SOAP:  17%|█▋        | 3708/22162 [24:37:12 > 5:38:05]
SOAP:  17%|█▋        | 3709/22162 [24:49:57 > 5:38:10]
SOAP:  17%|█▋        | 3710/22162 [25:03:43 > 5:38:15]
SOAP:  17%|█▋        | 3711/22162 [25:13:31 > 5:38:20]
SOAP:  17%|█▋        | 3712/22162 [31:32:20 > 5:38:29]
SOAP:  17%|█▋        | 3713/22162 [30:18:26 > 5:38:34]
SOAP:  17%|█▋        | 3714/22162 [30:43:36 > 5:38:41]
SOAP:  17%|█▋        | 3715/22162 [31:44:59 > 5:38:47]
SOAP:  17%|█▋        | 3716/22162 [29:59:19 > 5:38:52]
SOAP:  17%|█▋        | 3717/22162 [30:05:39 > 5:38:58]
SOAP:  17%|█▋        | 3718/22162 [29:03:13 > 5:39:03]
SOAP:  17%|█▋        | 3719/22162 [28:31:57 > 5:39:09]
SOAP:  17%|█▋        | 3720/22162 [27:21:58 > 5:39:14]
SOAP:  17%|█▋        | 3721/22162 [24:00:58 > 5:39:17]
SOAP:  17%|█▋        | 3722/22162 [26:46:01 > 5:39:23]
SOAP:  17%|█▋        | 3723/22162 [26:25:51 > 5:39:28]
SOAP:  17%|█▋        | 3724/22162 [26:55:32 > 5:39:34]
SOAP:  17%|█▋        | 3725/22162 [27:45:33 > 5:39:40]
SOAP:  17%|█▋        | 3726/22162 [29:25:41 > 5:39:46]
SOAP:  17%|█▋        | 3727/22162 [29:50:01 > 5:39:52]
SOAP:  17%|█▋        | 3728/22162 [30:20:34 > 5:39:58]
SOAP:  17%|█▋        | 3729/22162 [30:48:49 > 5:40:04]
SOAP:  17%|█▋        | 3730/22162 [29:00:22 > 5:40:09]
SOAP:  17%|█▋        | 3731/22162 [29:22:05 > 5:40:15]
SOAP:  17%|█▋        | 3732/22162 [28:34:54 > 5:40:20]
SOAP:  17%|█▋        | 3733/22162 [27:34:06 > 5:40:25]
SOAP:  17%|█▋        | 3734/22162 [21:40:01 > 5:40:27]
SOAP:  17%|█▋        | 3735/22162 [28:41:28 > 5:40:36]
SOAP:  17%|█▋        | 3736/22162 [26:13:51 > 5:40:40]
SOAP:  17%|█▋        | 3737/22162 [26:55:39 > 5:40:45]
SOAP:  17%|█▋        | 3738/22162 [27:10:24 > 5:40:51]
SOAP:  17%|█▋        | 3739/22162 [25:57:52 > 5:40:55]
SOAP:  17%|█▋        | 3740/22162 [30:36:17 > 5:41:03]
SOAP:  17%|█▋        | 3741/22162 [31:12:11 > 5:41:10]
SOAP:  17%|█▋        | 3742/22162 [30:22:41 > 5:41:15]
SOAP:  17%|█▋        | 3743/22162 [23:44:21 > 5:41:17]
SOAP:  17%|█▋        | 3744/22162 [30:26:17 > 5:41:26]
SOAP:  17%|█▋        | 3745/22162 [29:27:46 > 5:41:31]
SOAP:  17%|█▋        | 3746/22162 [27:01:55 > 5:41:35]
SOAP:  17%|█▋        | 3747/22162 [25:41:59 > 5:41:40]
SOAP:  17%|█▋        | 3748/22162 [25:39:13 > 5:41:45]
SOAP:  17%|█▋        | 3749/22162 [26:42:24 > 5:41:50]
SOAP:  17%|█▋        | 3750/22162 [27:27:10 > 5:41:56]
SOAP:  17%|█▋        | 3751/22162 [30:32:54 > 5:42:04]
SOAP:  17%|█▋        | 3752/22162 [23:58:16 > 5:42:05]
SOAP:  17%|█▋        | 3753/22162 [32:12:03 > 5:42:15]
SOAP:  17%|█▋        | 3754/22162 [32:04:19 > 5:42:22]
SOAP:  17%|█▋        | 3755/22162 [30:33:55 > 5:42:27]
SOAP:  17%|█▋        | 3756/22162 [29:09:12 > 5:42:32]
SOAP:  17%|█▋        | 3757/22162 [28:14:10 > 5:42:37]
SOAP:  17%|█▋        | 3758/22162 [27:24:54 > 5:42:42]
SOAP:  17%|█▋        | 3759/22162 [26:36:57 > 5:42:47]
SOAP:  17%|█▋        | 3760/22162 [26:35:47 > 5:42:52]
SOAP:  17%|█▋        | 3761/22162 [26:43:14 > 5:42:57]
SOAP:  17%|█▋        | 3762/22162 [26:51:02 > 5:43:03]
SOAP:  17%|█▋        | 3763/22162 [27:16:22 > 5:43:08]
SOAP:  17%|█▋        | 3764/22162 [28:35:21 > 5:43:14]
SOAP:  17%|█▋        | 3765/22162 [30:18:25 > 5:43:21]
SOAP:  17%|█▋        | 3766/22162 [29:11:46 > 5:43:26]
SOAP:  17%|█▋        | 3767/22162 [29:34:49 > 5:43:32]
SOAP:  17%|█▋        | 3768/22162 [22:49:33 > 5:43:34]
SOAP:  17%|█▋        | 3769/22162 [30:08:12 > 5:43:43]
SOAP:  17%|█▋        | 3770/22162 [28:37:07 > 5:43:48]
SOAP:  17%|█▋        | 3771/22162 [28:30:13 > 5:43:53]
SOAP:  17%|█▋        | 3772/22162 [26:16:08 > 5:43:57]
SOAP:  17%|█▋        | 3773/22162 [25:59:46 > 5:44:02]
SOAP:  17%|█▋        | 3774/22162 [25:22:14 > 5:44:07]
SOAP:  17%|█▋        | 3775/22162 [28:02:21 > 5:44:14]
SOAP:  17%|█▋        | 3776/22162 [29:39:11 > 5:44:20]
SOAP:  17%|█▋        | 3777/22162 [29:57:48 > 5:44:26]
SOAP:  17%|█▋        | 3778/22162 [30:25:38 > 5:44:32]
SOAP:  17%|█▋        | 3779/22162 [30:43:17 > 5:44:39]
SOAP:  17%|█▋        | 3780/22162 [29:02:17 > 5:44:44]
SOAP:  17%|█▋        | 3781/22162 [30:16:29 > 5:44:50]
SOAP:  17%|█▋        | 3782/22162 [28:21:09 > 5:44:55]
SOAP:  17%|█▋        | 3783/22162 [27:21:27 > 5:45:00]
SOAP:  17%|█▋        | 3784/22162 [26:28:32 > 5:45:04]
SOAP:  17%|█▋        | 3785/22162 [27:13:20 > 5:45:10]
SOAP:  17%|█▋        | 3786/22162 [25:09:08 > 5:45:14]
SOAP:  17%|█▋        | 3787/22162 [26:06:02 > 5:45:20]
SOAP:  17%|█▋        | 3788/22162 [26:23:38 > 5:45:25]
SOAP:  17%|█▋        | 3789/22162 [28:00:54 > 5:45:31]
SOAP:  17%|█▋        | 3790/22162 [29:27:22 > 5:45:38]
SOAP:  17%|█▋        | 3791/22162 [30:23:34 > 5:45:44]
SOAP:  17%|█▋        | 3792/22162 [29:59:30 > 5:45:50]
SOAP:  17%|█▋        | 3793/22162 [28:57:01 > 5:45:55]
SOAP:  17%|█▋        | 3794/22162 [28:21:02 > 5:46:00]
SOAP:  17%|█▋        | 3795/22162 [27:56:59 > 5:46:05]
SOAP:  17%|█▋        | 3796/22162 [25:59:20 > 5:46:10]
SOAP:  17%|█▋        | 3797/22162 [24:28:23 > 5:46:14]
SOAP:  17%|█▋        | 3798/22162 [25:12:04 > 5:46:19]
SOAP:  17%|█▋        | 3799/22162 [26:20:55 > 5:46:25]
SOAP:  17%|█▋        | 3800/22162 [27:06:41 > 5:46:30]
SOAP:  17%|█▋        | 3801/22162 [30:15:19 > 5:46:38]
SOAP:  17%|█▋        | 3802/22162 [29:49:16 > 5:46:43]
SOAP:  17%|█▋        | 3803/22162 [30:15:56 > 5:46:50]
SOAP:  17%|█▋        | 3804/22162 [30:35:01 > 5:46:56]
SOAP:  17%|█▋        | 3805/22162 [29:35:31 > 5:47:01]
SOAP:  17%|█▋        | 3806/22162 [28:37:42 > 5:47:06]
SOAP:  17%|█▋        | 3807/22162 [27:44:13 > 5:47:11]
SOAP:  17%|█▋        | 3808/22162 [27:00:04 > 5:47:16]
SOAP:  17%|█▋        | 3809/22162 [26:15:26 > 5:47:21]
SOAP:  17%|█▋        | 3810/22162 [26:19:40 > 5:47:26]
SOAP:  17%|█▋        | 3811/22162 [26:29:44 > 5:47:31]
SOAP:  17%|█▋        | 3812/22162 [26:39:43 > 5:47:37]
SOAP:  17%|█▋        | 3813/22162 [27:04:56 > 5:47:42]
SOAP:  17%|█▋        | 3814/22162 [28:23:59 > 5:47:48]
SOAP:  17%|█▋        | 3815/22162 [30:18:07 > 5:47:55]
SOAP:  17%|█▋        | 3816/22162 [24:07:25 > 5:47:57]
SOAP:  17%|█▋        | 3817/22162 [30:51:35 > 5:48:06]
SOAP:  17%|█▋        | 3818/22162 [29:36:10 > 5:48:12]
SOAP:  17%|█▋        | 3819/22162 [28:57:41 > 5:48:17]
SOAP:  17%|█▋        | 3820/22162 [27:40:15 > 5:48:22]
SOAP:  17%|█▋        | 3821/22162 [27:48:22 > 5:48:27]
SOAP:  17%|█▋        | 3822/22162 [25:47:24 > 5:48:31]
SOAP:  17%|█▋        | 3823/22162 [25:41:27 > 5:48:36]
SOAP:  17%|█▋        | 3824/22162 [26:27:13 > 5:48:42]
SOAP:  17%|█▋        | 3825/22162 [27:30:35 > 5:48:48]
SOAP:  17%|█▋        | 3826/22162 [29:19:28 > 5:48:54]
SOAP:  17%|█▋        | 3827/22162 [29:48:40 > 5:49:01]
SOAP:  17%|█▋        | 3828/22162 [23:27:34 > 5:49:02]
SOAP:  17%|█▋        | 3829/22162 [32:46:08 > 5:49:13]
SOAP:  17%|█▋        | 3830/22162 [30:18:07 > 5:49:18]
SOAP:  17%|█▋        | 3831/22162 [31:08:32 > 5:49:24]
SOAP:  17%|█▋        | 3832/22162 [23:51:02 > 5:49:26]
SOAP:  17%|█▋        | 3833/22162 [24:19:40 > 5:49:31]
SOAP:  17%|█▋        | 3834/22162 [29:19:30 > 5:49:39]
SOAP:  17%|█▋        | 3835/22162 [29:06:28 > 5:49:44]
SOAP:  17%|█▋        | 3836/22162 [26:25:17 > 5:49:48]
SOAP:  17%|█▋        | 3837/22162 [26:56:26 > 5:49:54]
SOAP:  17%|█▋        | 3838/22162 [27:04:27 > 5:49:59]
SOAP:  17%|█▋        | 3839/22162 [28:26:05 > 5:50:05]
SOAP:  17%|█▋        | 3840/22162 [29:47:06 > 5:50:12]
SOAP:  17%|█▋        | 3841/22162 [30:27:52 > 5:50:18]
SOAP:  17%|█▋        | 3842/22162 [29:55:39 > 5:50:24]
SOAP:  17%|█▋        | 3843/22162 [28:50:17 > 5:50:29]
SOAP:  17%|█▋        | 3844/22162 [28:17:21 > 5:50:34]
SOAP:  17%|█▋        | 3845/22162 [22:00:34 > 5:50:36]
SOAP:  17%|█▋        | 3846/22162 [27:40:09 > 5:50:44]
SOAP:  17%|█▋        | 3847/22162 [25:59:40 > 5:50:48]
SOAP:  17%|█▋        | 3848/22162 [25:46:14 > 5:50:53]
SOAP:  17%|█▋        | 3849/22162 [26:42:42 > 5:50:59]
SOAP:  17%|█▋        | 3850/22162 [26:50:07 > 5:51:04]
SOAP:  17%|█▋        | 3851/22162 [30:19:57 > 5:51:12]
SOAP:  17%|█▋        | 3852/22162 [29:48:00 > 5:51:17]
SOAP:  17%|█▋        | 3853/22162 [23:40:30 > 5:51:19]
SOAP:  17%|█▋        | 3854/22162 [32:35:51 > 5:51:30]
SOAP:  17%|█▋        | 3855/22162 [30:53:47 > 5:51:35]
SOAP:  17%|█▋        | 3856/22162 [29:27:39 > 5:51:40]
SOAP:  17%|█▋        | 3857/22162 [28:20:37 > 5:51:45]
SOAP:  17%|█▋        | 3858/22162 [27:26:05 > 5:51:50]
SOAP:  17%|█▋        | 3859/22162 [26:38:37 > 5:51:55]
SOAP:  17%|█▋        | 3860/22162 [26:32:59 > 5:52:00]
SOAP:  17%|█▋        | 3861/22162 [22:06:59 > 5:52:02]
SOAP:  17%|█▋        | 3862/22162 [24:45:20 > 5:52:09]
SOAP:  17%|█▋        | 3863/22162 [29:06:48 > 5:52:16]
SOAP:  17%|█▋        | 3864/22162 [29:52:26 > 5:52:22]
SOAP:  17%|█▋        | 3865/22162 [31:12:19 > 5:52:29]
SOAP:  17%|█▋        | 3866/22162 [29:43:29 > 5:52:34]
SOAP:  17%|█▋        | 3867/22162 [29:57:30 > 5:52:40]
SOAP:  17%|█▋        | 3868/22162 [29:01:58 > 5:52:46]
SOAP:  17%|█▋        | 3869/22162 [28:31:05 > 5:52:51]
SOAP:  17%|█▋        | 3870/22162 [27:24:24 > 5:52:56]
SOAP:  17%|█▋        | 3871/22162 [27:36:29 > 5:53:01]
SOAP:  17%|█▋        | 3872/22162 [25:37:56 > 5:53:06]
SOAP:  17%|█▋        | 3873/22162 [22:26:15 > 5:53:09]
SOAP:  17%|█▋        | 3874/22162 [27:13:25 > 5:53:16]
SOAP:  17%|█▋        | 3875/22162 [27:57:53 > 5:53:22]
SOAP:  17%|█▋        | 3876/22162 [29:30:45 > 5:53:28]
SOAP:  17%|█▋        | 3877/22162 [29:50:02 > 5:53:35]
SOAP:  17%|█▋        | 3878/22162 [30:12:11 > 5:53:41]
SOAP:  18%|█▊        | 3879/22162 [30:38:13 > 5:53:47]
SOAP:  18%|█▊        | 3880/22162 [28:50:00 > 5:53:52]
SOAP:  18%|█▊        | 3881/22162 [30:03:26 > 5:53:58]
SOAP:  18%|█▊        | 3882/22162 [27:39:09 > 5:54:03]
SOAP:  18%|█▊        | 3883/22162 [27:18:12 > 5:54:08]
SOAP:  18%|█▊        | 3884/22162 [26:23:59 > 5:54:13]
SOAP:  18%|█▊        | 3885/22162 [26:08:54 > 5:54:18]
SOAP:  18%|█▊        | 3886/22162 [25:15:26 > 5:54:22]
SOAP:  18%|█▊        | 3887/22162 [26:09:09 > 5:54:28]
SOAP:  18%|█▊        | 3888/22162 [26:35:28 > 5:54:33]
SOAP:  18%|█▊        | 3889/22162 [28:12:03 > 5:54:39]
SOAP:  18%|█▊        | 3890/22162 [29:34:12 > 5:54:46]
SOAP:  18%|█▊        | 3891/22162 [30:23:19 > 5:54:52]
SOAP:  18%|█▊        | 3892/22162 [29:56:25 > 5:54:58]
SOAP:  18%|█▊        | 3893/22162 [28:56:38 > 5:55:03]
SOAP:  18%|█▊        | 3894/22162 [28:21:13 > 5:55:09]
SOAP:  18%|█▊        | 3895/22162 [27:56:08 > 5:55:14]
SOAP:  18%|█▊        | 3896/22162 [25:57:38 > 5:55:18]
SOAP:  18%|█▊        | 3897/22162 [24:56:46 > 5:55:22]
SOAP:  18%|█▊        | 3898/22162 [25:01:28 > 5:55:27]
SOAP:  18%|█▊        | 3899/22162 [26:14:21 > 5:55:33]
SOAP:  18%|█▊        | 3900/22162 [26:42:00 > 5:55:39]
SOAP:  18%|█▊        | 3901/22162 [30:17:58 > 5:55:46]
SOAP:  18%|█▊        | 3902/22162 [29:46:33 > 5:55:52]
SOAP:  18%|█▊        | 3903/22162 [26:58:35 > 5:55:56]
SOAP:  18%|█▊        | 3904/22162 [31:28:21 > 5:56:04]
SOAP:  18%|█▊        | 3905/22162 [29:39:16 > 5:56:09]
SOAP:  18%|█▊        | 3906/22162 [28:59:15 > 5:56:15]
SOAP:  18%|█▊        | 3907/22162 [28:00:38 > 5:56:20]
SOAP:  18%|█▊        | 3908/22162 [27:06:52 > 5:56:25]
SOAP:  18%|█▊        | 3909/22162 [26:23:50 > 5:56:30]
SOAP:  18%|█▊        | 3910/22162 [25:46:45 > 5:56:34]
SOAP:  18%|█▊        | 3911/22162 [26:43:58 > 5:56:40]
SOAP:  18%|█▊        | 3912/22162 [26:49:24 > 5:56:45]
SOAP:  18%|█▊        | 3913/22162 [27:13:18 > 5:56:51]
SOAP:  18%|█▊        | 3914/22162 [28:35:54 > 5:56:57]
SOAP:  18%|█▊        | 3915/22162 [30:16:30 > 5:57:04]
SOAP:  18%|█▊        | 3916/22162 [29:06:26 > 5:57:09]
SOAP:  18%|█▊        | 3917/22162 [29:24:34 > 5:57:15]
SOAP:  18%|█▊        | 3918/22162 [28:33:02 > 5:57:20]
SOAP:  18%|█▊        | 3919/22162 [28:10:16 > 5:57:26]
SOAP:  18%|█▊        | 3920/22162 [27:04:27 > 5:57:31]
SOAP:  18%|█▊        | 3921/22162 [27:22:19 > 5:57:36]
SOAP:  18%|█▊        | 3922/22162 [25:28:12 > 5:57:40]
SOAP:  18%|█▊        | 3923/22162 [25:26:26 > 5:57:45]
SOAP:  18%|█▊        | 3924/22162 [21:33:25 > 5:57:48]
SOAP:  18%|█▊        | 3925/22162 [28:39:55 > 5:57:57]
SOAP:  18%|█▊        | 3926/22162 [29:55:13 > 5:58:03]
SOAP:  18%|█▊        | 3927/22162 [30:06:18 > 5:58:09]
SOAP:  18%|█▊        | 3928/22162 [30:21:58 > 5:58:15]
SOAP:  18%|█▊        | 3929/22162 [30:43:11 > 5:58:22]
SOAP:  18%|█▊        | 3930/22162 [28:50:26 > 5:58:26]
SOAP:  18%|█▊        | 3931/22162 [30:03:36 > 5:58:33]
SOAP:  18%|█▊        | 3932/22162 [28:14:39 > 5:58:38]
SOAP:  18%|█▊        | 3933/22162 [27:17:32 > 5:58:43]
SOAP:  18%|█▊        | 3934/22162 [26:24:02 > 5:58:47]
SOAP:  18%|█▊        | 3935/22162 [27:04:10 > 5:58:53]
SOAP:  18%|█▊        | 3936/22162 [25:09:14 > 5:58:57]
SOAP:  18%|█▊        | 3937/22162 [26:00:25 > 5:59:03]
SOAP:  18%|█▊        | 3938/22162 [26:20:33 > 5:59:08]
SOAP:  18%|█▊        | 3939/22162 [28:00:17 > 5:59:14]
SOAP:  18%|█▊        | 3940/22162 [29:20:46 > 5:59:21]
SOAP:  18%|█▊        | 3941/22162 [30:18:08 > 5:59:27]
SOAP:  18%|█▊        | 3942/22162 [27:15:22 > 5:59:31]
SOAP:  18%|█▊        | 3943/22162 [29:34:15 > 5:59:38]
SOAP:  18%|█▊        | 3944/22162 [28:48:48 > 5:59:43]
SOAP:  18%|█▊        | 3945/22162 [28:12:30 > 5:59:49]
SOAP:  18%|█▊        | 3946/22162 [26:06:29 > 5:59:53]
SOAP:  18%|█▊        | 3947/22162 [24:59:55 > 5:59:57]
SOAP:  18%|█▊        | 3948/22162 [25:10:05 > 6:00:02]
SOAP:  18%|█▊        | 3949/22162 [26:21:23 > 6:00:08]
SOAP:  18%|█▊        | 3950/22162 [27:10:24 > 6:00:14]
SOAP:  18%|█▊        | 3951/22162 [21:33:00 > 6:00:16]
SOAP:  18%|█▊        | 3952/22162 [32:23:39 > 6:00:27]
SOAP:  18%|█▊        | 3953/22162 [31:58:23 > 6:00:33]
SOAP:  18%|█▊        | 3954/22162 [31:43:01 > 6:00:39]
SOAP:  18%|█▊        | 3955/22162 [24:20:40 > 6:00:41]
SOAP:  18%|█▊        | 3956/22162 [30:43:08 > 6:00:50]
SOAP:  18%|█▊        | 3957/22162 [29:09:50 > 6:00:55]
SOAP:  18%|█▊        | 3958/22162 [27:55:45 > 6:01:00]
SOAP:  18%|█▊        | 3959/22162 [26:53:11 > 6:01:04]
SOAP:  18%|█▊        | 3960/22162 [26:42:06 > 6:01:10]
SOAP:  18%|█▊        | 3961/22162 [26:36:30 > 6:01:15]
SOAP:  18%|█▊        | 3962/22162 [26:39:32 > 6:01:20]
SOAP:  18%|█▊        | 3963/22162 [26:56:27 > 6:01:26]
SOAP:  18%|█▊        | 3964/22162 [28:20:25 > 6:01:32]
SOAP:  18%|█▊        | 3965/22162 [30:08:59 > 6:01:39]
SOAP:  18%|█▊        | 3966/22162 [28:57:18 > 6:01:44]
SOAP:  18%|█▊        | 3967/22162 [29:17:53 > 6:01:50]
SOAP:  18%|█▊        | 3968/22162 [28:27:39 > 6:01:55]
SOAP:  18%|█▊        | 3969/22162 [28:01:32 > 6:02:00]
SOAP:  18%|█▊        | 3970/22162 [26:55:58 > 6:02:05]
SOAP:  18%|█▊        | 3971/22162 [27:09:22 > 6:02:11]
SOAP:  18%|█▊        | 3972/22162 [25:15:35 > 6:02:15]
SOAP:  18%|█▊        | 3973/22162 [25:15:14 > 6:02:20]
SOAP:  18%|█▊        | 3974/22162 [25:58:53 > 6:02:25]
SOAP:  18%|█▊        | 3975/22162 [26:57:29 > 6:02:31]
SOAP:  18%|█▊        | 3976/22162 [28:46:35 > 6:02:38]
SOAP:  18%|█▊        | 3977/22162 [29:15:01 > 6:02:44]
SOAP:  18%|█▊        | 3978/22162 [29:39:56 > 6:02:50]
SOAP:  18%|█▊        | 3979/22162 [23:09:27 > 6:02:51]
SOAP:  18%|█▊        | 3980/22162 [30:37:08 > 6:03:01]
SOAP:  18%|█▊        | 3981/22162 [31:18:05 > 6:03:07]
SOAP:  18%|█▊        | 3982/22162 [29:01:01 > 6:03:12]
SOAP:  18%|█▊        | 3983/22162 [27:42:39 > 6:03:17]
SOAP:  18%|█▊        | 3984/22162 [26:32:14 > 6:03:22]
SOAP:  18%|█▊        | 3985/22162 [27:05:58 > 6:03:27]
SOAP:  18%|█▊        | 3986/22162 [25:02:54 > 6:03:31]
SOAP:  18%|█▊        | 3987/22162 [25:56:55 > 6:03:37]
SOAP:  18%|█▊        | 3988/22162 [26:20:26 > 6:03:42]
SOAP:  18%|█▊        | 3989/22162 [27:57:35 > 6:03:49]
SOAP:  18%|█▊        | 3990/22162 [29:18:08 > 6:03:55]
SOAP:  18%|█▊        | 3991/22162 [30:13:59 > 6:04:01]
SOAP:  18%|█▊        | 3992/22162 [29:46:10 > 6:04:07]
SOAP:  18%|█▊        | 3993/22162 [28:36:50 > 6:04:12]
SOAP:  18%|█▊        | 3994/22162 [28:07:18 > 6:04:18]
SOAP:  18%|█▊        | 3995/22162 [25:29:10 > 6:04:21]
SOAP:  18%|█▊        | 3996/22162 [26:25:34 > 6:04:27]
SOAP:  18%|█▊        | 3997/22162 [25:13:48 > 6:04:31]
SOAP:  18%|█▊        | 3998/22162 [25:13:24 > 6:04:36]
SOAP:  18%|█▊        | 3999/22162 [26:18:21 > 6:04:42]
SOAP:  18%|█▊        | 4000/22162 [21:21:31 > 6:04:44]
SOAP:  18%|█▊        | 4001/22162 [31:50:53 > 6:04:55]
SOAP:  18%|█▊        | 4002/22162 [30:47:52 > 6:05:01]
SOAP:  18%|█▊        | 4003/22162 [30:51:49 > 6:05:07]
SOAP:  18%|█▊        | 4004/22162 [30:57:11 > 6:05:13]
SOAP:  18%|█▊        | 4005/22162 [29:41:33 > 6:05:19]
SOAP:  18%|█▊        | 4006/22162 [28:35:33 > 6:05:24]
SOAP:  18%|█▊        | 4007/22162 [27:40:31 > 6:05:29]
SOAP:  18%|█▊        | 4008/22162 [26:50:55 > 6:05:34]
SOAP:  18%|█▊        | 4009/22162 [24:28:14 > 6:05:37]
SOAP:  18%|█▊        | 4010/22162 [26:33:14 > 6:05:44]
SOAP:  18%|█▊        | 4011/22162 [26:30:02 > 6:05:49]
SOAP:  18%|█▊        | 4012/22162 [26:33:05 > 6:05:54]
SOAP:  18%|█▊        | 4013/22162 [21:02:59 > 6:05:56]
SOAP:  18%|█▊        | 4014/22162 [30:00:31 > 6:06:06]
SOAP:  18%|█▊        | 4015/22162 [31:07:56 > 6:06:13]
SOAP:  18%|█▊        | 4016/22162 [29:41:09 > 6:06:18]
SOAP:  18%|█▊        | 4017/22162 [29:51:43 > 6:06:24]
SOAP:  18%|█▊        | 4018/22162 [28:55:02 > 6:06:29]
SOAP:  18%|█▊        | 4019/22162 [28:21:40 > 6:06:35]
SOAP:  18%|█▊        | 4020/22162 [27:14:43 > 6:06:39]
SOAP:  18%|█▊        | 4021/22162 [27:27:05 > 6:06:45]
SOAP:  18%|█▊        | 4022/22162 [25:30:42 > 6:06:49]
SOAP:  18%|█▊        | 4023/22162 [25:24:32 > 6:06:54]
SOAP:  18%|█▊        | 4024/22162 [20:22:39 > 6:06:56]
SOAP:  18%|█▊        | 4025/22162 [28:52:46 > 6:07:06]
SOAP:  18%|█▊        | 4026/22162 [30:09:56 > 6:07:12]
SOAP:  18%|█▊        | 4027/22162 [30:09:09 > 6:07:18]
SOAP:  18%|█▊        | 4028/22162 [23:40:45 > 6:07:20]
SOAP:  18%|█▊        | 4029/22162 [32:46:08 > 6:07:31]
SOAP:  18%|█▊        | 4030/22162 [30:13:28 > 6:07:35]
SOAP:  18%|█▊        | 4031/22162 [31:02:03 > 6:07:42]
SOAP:  18%|█▊        | 4032/22162 [23:42:18 > 6:07:43]
SOAP:  18%|█▊        | 4033/22162 [29:12:09 > 6:07:52]
SOAP:  18%|█▊        | 4034/22162 [27:38:26 > 6:07:56]
SOAP:  18%|█▊        | 4035/22162 [27:51:01 > 6:08:02]
SOAP:  18%|█▊        | 4036/22162 [23:55:10 > 6:08:05]
SOAP:  18%|█▊        | 4037/22162 [26:45:33 > 6:08:12]
SOAP:  18%|█▊        | 4038/22162 [26:36:30 > 6:08:17]
SOAP:  18%|█▊        | 4039/22162 [28:06:33 > 6:08:23]
SOAP:  18%|█▊        | 4040/22162 [29:17:11 > 6:08:29]
SOAP:  18%|█▊        | 4041/22162 [30:08:16 > 6:08:36]
SOAP:  18%|█▊        | 4042/22162 [29:41:16 > 6:08:41]
SOAP:  18%|█▊        | 4043/22162 [28:43:57 > 6:08:47]
SOAP:  18%|█▊        | 4044/22162 [28:10:11 > 6:08:52]
SOAP:  18%|█▊        | 4045/22162 [27:43:29 > 6:08:57]
SOAP:  18%|█▊        | 4046/22162 [25:45:30 > 6:09:02]
SOAP:  18%|█▊        | 4047/22162 [24:45:00 > 6:09:06]
SOAP:  18%|█▊        | 4048/22162 [24:52:29 > 6:09:11]
SOAP:  18%|█▊        | 4049/22162 [19:53:51 > 6:09:13]
SOAP:  18%|█▊        | 4050/22162 [28:41:14 > 6:09:22]
SOAP:  18%|█▊        | 4051/22162 [31:11:02 > 6:09:30]
SOAP:  18%|█▊        | 4052/22162 [30:21:45 > 6:09:35]
SOAP:  18%|█▊        | 4053/22162 [30:31:52 > 6:09:42]
SOAP:  18%|█▊        | 4054/22162 [23:56:46 > 6:09:43]
SOAP:  18%|█▊        | 4055/22162 [31:28:05 > 6:09:53]
SOAP:  18%|█▊        | 4056/22162 [29:42:42 > 6:09:58]
SOAP:  18%|█▊        | 4057/22162 [23:31:58 > 6:10:00]
SOAP:  18%|█▊        | 4058/22162 [26:30:05 > 6:10:07]
SOAP:  18%|█▊        | 4059/22162 [28:07:19 > 6:10:13]
SOAP:  18%|█▊        | 4060/22162 [27:31:37 > 6:10:18]
SOAP:  18%|█▊        | 4061/22162 [27:08:26 > 6:10:23]
SOAP:  18%|█▊        | 4062/22162 [27:04:22 > 6:10:29]
SOAP:  18%|█▊        | 4063/22162 [27:13:24 > 6:10:34]
SOAP:  18%|█▊        | 4064/22162 [28:20:42 > 6:10:40]
SOAP:  18%|█▊        | 4065/22162 [29:56:57 > 6:10:47]
SOAP:  18%|█▊        | 4066/22162 [28:43:39 > 6:10:52]
SOAP:  18%|█▊        | 4067/22162 [29:03:38 > 6:10:58]
SOAP:  18%|█▊        | 4068/22162 [28:16:51 > 6:11:03]
SOAP:  18%|█▊        | 4069/22162 [27:52:40 > 6:11:09]
SOAP:  18%|█▊        | 4070/22162 [26:52:01 > 6:11:14]
SOAP:  18%|█▊        | 4071/22162 [27:07:54 > 6:11:19]
SOAP:  18%|█▊        | 4072/22162 [25:12:41 > 6:11:23]
SOAP:  18%|█▊        | 4073/22162 [25:12:01 > 6:11:28]
SOAP:  18%|█▊        | 4074/22162 [20:10:48 > 6:11:30]
SOAP:  18%|█▊        | 4075/22162 [28:09:39 > 6:11:39]
SOAP:  18%|█▊        | 4076/22162 [30:07:34 > 6:11:46]
SOAP:  18%|█▊        | 4077/22162 [30:13:59 > 6:11:52]
SOAP:  18%|█▊        | 4078/22162 [30:24:34 > 6:11:58]
SOAP:  18%|█▊        | 4079/22162 [30:46:02 > 6:12:05]
SOAP:  18%|█▊        | 4080/22162 [26:06:32 > 6:12:08]
SOAP:  18%|█▊        | 4081/22162 [28:22:43 > 6:12:14]
SOAP:  18%|█▊        | 4082/22162 [29:24:11 > 6:12:21]
SOAP:  18%|█▊        | 4083/22162 [26:05:59 > 6:12:24]
SOAP:  18%|█▊        | 4084/22162 [27:18:00 > 6:12:30]
SOAP:  18%|█▊        | 4085/22162 [27:34:13 > 6:12:36]
SOAP:  18%|█▊        | 4086/22162 [25:20:41 > 6:12:40]
SOAP:  18%|█▊        | 4087/22162 [26:07:46 > 6:12:46]
SOAP:  18%|█▊        | 4088/22162 [26:27:32 > 6:12:51]
SOAP:  18%|█▊        | 4089/22162 [28:02:39 > 6:12:57]
SOAP:  18%|█▊        | 4090/22162 [29:15:54 > 6:13:04]
SOAP:  18%|█▊        | 4091/22162 [30:06:49 > 6:13:10]
SOAP:  18%|█▊        | 4092/22162 [29:37:21 > 6:13:16]
SOAP:  18%|█▊        | 4093/22162 [28:34:55 > 6:13:21]
SOAP:  18%|█▊        | 4094/22162 [25:05:10 > 6:13:24]
SOAP:  18%|█▊        | 4095/22162 [22:40:40 > 6:13:28]
SOAP:  18%|█▊        | 4096/22162 [28:01:14 > 6:13:36]
SOAP:  18%|█▊        | 4097/22162 [26:18:08 > 6:13:40]
SOAP:  18%|█▊        | 4098/22162 [25:53:57 > 6:13:45]
SOAP:  18%|█▊        | 4099/22162 [26:41:58 > 6:13:51]
SOAP:  19%|█▊        | 4100/22162 [27:13:32 > 6:13:57]
SOAP:  19%|█▊        | 4101/22162 [30:05:23 > 6:14:04]
SOAP:  19%|█▊        | 4102/22162 [29:30:49 > 6:14:10]
SOAP:  19%|█▊        | 4103/22162 [29:56:32 > 6:14:16]
SOAP:  19%|█▊        | 4104/22162 [30:08:20 > 6:14:22]
SOAP:  19%|█▊        | 4105/22162 [28:57:07 > 6:14:27]
SOAP:  19%|█▊        | 4106/22162 [27:53:27 > 6:14:32]
SOAP:  19%|█▊        | 4107/22162 [26:59:16 > 6:14:37]
SOAP:  19%|█▊        | 4108/22162 [26:14:45 > 6:14:42]
SOAP:  19%|█▊        | 4109/22162 [25:36:46 > 6:14:47]
SOAP:  19%|█▊        | 4110/22162 [25:38:13 > 6:14:52]
SOAP:  19%|█▊        | 4111/22162 [25:46:35 > 6:14:57]
SOAP:  19%|█▊        | 4112/22162 [25:57:48 > 6:15:02]
SOAP:  19%|█▊        | 4113/22162 [26:22:50 > 6:15:08]
SOAP:  19%|█▊        | 4114/22162 [27:47:31 > 6:15:14]
SOAP:  19%|█▊        | 4115/22162 [29:33:12 > 6:15:21]
SOAP:  19%|█▊        | 4116/22162 [28:24:04 > 6:15:26]
SOAP:  19%|█▊        | 4117/22162 [28:45:33 > 6:15:32]
SOAP:  19%|█▊        | 4118/22162 [28:00:07 > 6:15:37]
SOAP:  19%|█▊        | 4119/22162 [27:38:22 > 6:15:42]
SOAP:  19%|█▊        | 4120/22162 [25:08:51 > 6:15:46]
SOAP:  19%|█▊        | 4121/22162 [27:20:36 > 6:15:53]
SOAP:  19%|█▊        | 4122/22162 [25:23:25 > 6:15:57]
SOAP:  19%|█▊        | 4123/22162 [25:15:54 > 6:16:02]
SOAP:  19%|█▊        | 4124/22162 [26:01:31 > 6:16:07]
SOAP:  19%|█▊        | 4125/22162 [26:55:10 > 6:16:13]
SOAP:  19%|█▊        | 4126/22162 [28:41:36 > 6:16:20]
SOAP:  19%|█▊        | 4127/22162 [29:09:51 > 6:16:26]
SOAP:  19%|█▊        | 4128/22162 [29:35:48 > 6:16:32]
SOAP:  19%|█▊        | 4129/22162 [29:38:41 > 6:16:38]
SOAP:  19%|█▊        | 4130/22162 [28:29:46 > 6:16:43]
SOAP:  19%|█▊        | 4131/22162 [29:44:35 > 6:16:50]
SOAP:  19%|█▊        | 4132/22162 [27:51:58 > 6:16:54]
SOAP:  19%|█▊        | 4133/22162 [26:57:10 > 6:16:59]
SOAP:  19%|█▊        | 4134/22162 [25:59:03 > 6:17:04]
SOAP:  19%|█▊        | 4135/22162 [26:36:12 > 6:17:10]
SOAP:  19%|█▊        | 4136/22162 [24:24:18 > 6:17:13]
SOAP:  19%|█▊        | 4137/22162 [25:37:01 > 6:17:19]
SOAP:  19%|█▊        | 4138/22162 [26:02:56 > 6:17:25]
SOAP:  19%|█▊        | 4139/22162 [27:39:29 > 6:17:31]
SOAP:  19%|█▊        | 4140/22162 [28:59:15 > 6:17:37]
SOAP:  19%|█▊        | 4141/22162 [29:53:33 > 6:17:44]
SOAP:  19%|█▊        | 4142/22162 [29:27:33 > 6:17:49]
SOAP:  19%|█▊        | 4143/22162 [28:32:29 > 6:17:55]
SOAP:  19%|█▊        | 4144/22162 [28:00:22 > 6:18:00]
SOAP:  19%|█▊        | 4145/22162 [27:39:08 > 6:18:05]
SOAP:  19%|█▊        | 4146/22162 [25:40:41 > 6:18:09]
SOAP:  19%|█▊        | 4147/22162 [20:39:55 > 6:18:11]
SOAP:  19%|█▊        | 4148/22162 [25:53:24 > 6:18:19]
SOAP:  19%|█▊        | 4149/22162 [26:40:19 > 6:18:25]
SOAP:  19%|█▊        | 4150/22162 [27:14:55 > 6:18:30]
SOAP:  19%|█▊        | 4151/22162 [30:09:43 > 6:18:38]
SOAP:  19%|█▊        | 4152/22162 [29:34:12 > 6:18:43]
SOAP:  19%|█▊        | 4153/22162 [29:54:17 > 6:18:49]
SOAP:  19%|█▊        | 4154/22162 [30:12:42 > 6:18:56]
SOAP:  19%|█▊        | 4155/22162 [29:06:58 > 6:19:01]
SOAP:  19%|█▉        | 4156/22162 [28:05:09 > 6:19:06]
SOAP:  19%|█▉        | 4157/22162 [27:16:07 > 6:19:11]
SOAP:  19%|█▉        | 4158/22162 [26:29:36 > 6:19:16]
SOAP:  19%|█▉        | 4159/22162 [25:50:48 > 6:19:21]
SOAP:  19%|█▉        | 4160/22162 [25:53:21 > 6:19:26]
SOAP:  19%|█▉        | 4161/22162 [25:59:08 > 6:19:31]
SOAP:  19%|█▉        | 4162/22162 [26:08:41 > 6:19:37]
SOAP:  19%|█▉        | 4163/22162 [26:33:14 > 6:19:42]
SOAP:  19%|█▉        | 4164/22162 [27:53:26 > 6:19:48]
SOAP:  19%|█▉        | 4165/22162 [29:36:13 > 6:19:55]
SOAP:  19%|█▉        | 4166/22162 [25:06:22 > 6:19:58]
SOAP:  19%|█▉        | 4167/22162 [29:47:40 > 6:20:06]
SOAP:  19%|█▉        | 4168/22162 [28:39:48 > 6:20:11]
SOAP:  19%|█▉        | 4169/22162 [22:26:38 > 6:20:13]
SOAP:  19%|█▉        | 4170/22162 [28:31:33 > 6:20:22]
SOAP:  19%|█▉        | 4171/22162 [22:07:35 > 6:20:23]
SOAP:  19%|█▉        | 4172/22162 [25:37:21 > 6:20:30]
SOAP:  19%|█▉        | 4173/22162 [27:34:42 > 6:20:36]
SOAP:  19%|█▉        | 4174/22162 [27:32:58 > 6:20:42]
SOAP:  19%|█▉        | 4175/22162 [27:55:24 > 6:20:47]
SOAP:  19%|█▉        | 4176/22162 [29:16:48 > 6:20:54]
SOAP:  19%|█▉        | 4177/22162 [29:28:46 > 6:21:00]
SOAP:  19%|█▉        | 4178/22162 [29:46:27 > 6:21:06]
SOAP:  19%|█▉        | 4179/22162 [30:08:00 > 6:21:12]
SOAP:  19%|█▉        | 4180/22162 [28:21:16 > 6:21:17]
SOAP:  19%|█▉        | 4181/22162 [29:36:10 > 6:21:24]
SOAP:  19%|█▉        | 4182/22162 [27:45:59 > 6:21:28]
SOAP:  19%|█▉        | 4183/22162 [26:41:51 > 6:21:33]
SOAP:  19%|█▉        | 4184/22162 [21:08:15 > 6:21:35]
SOAP:  19%|█▉        | 4185/22162 [27:56:34 > 6:21:44]
SOAP:  19%|█▉        | 4186/22162 [21:24:52 > 6:21:45]
SOAP:  19%|█▉        | 4187/22162 [27:18:14 > 6:21:53]
SOAP:  19%|█▉        | 4188/22162 [24:10:20 > 6:21:56]
SOAP:  19%|█▉        | 4189/22162 [29:24:06 > 6:22:05]
SOAP:  19%|█▉        | 4190/22162 [23:06:20 > 6:22:06]
SOAP:  19%|█▉        | 4191/22162 [32:49:54 > 6:22:18]
SOAP:  19%|█▉        | 4192/22162 [31:18:55 > 6:22:23]
SOAP:  19%|█▉        | 4193/22162 [24:23:17 > 6:22:25]
SOAP:  19%|█▉        | 4194/22162 [30:36:41 > 6:22:34]
SOAP:  19%|█▉        | 4195/22162 [29:24:15 > 6:22:39]
SOAP:  19%|█▉        | 4196/22162 [26:53:51 > 6:22:43]
SOAP:  19%|█▉        | 4197/22162 [25:28:54 > 6:22:48]
SOAP:  19%|█▉        | 4198/22162 [25:21:05 > 6:22:53]
SOAP:  19%|█▉        | 4199/22162 [26:13:35 > 6:22:58]
SOAP:  19%|█▉        | 4200/22162 [26:55:00 > 6:23:04]
SOAP:  19%|█▉        | 4201/22162 [29:51:35 > 6:23:12]
SOAP:  19%|█▉        | 4202/22162 [29:18:20 > 6:23:17]
SOAP:  19%|█▉        | 4203/22162 [29:41:50 > 6:23:23]
SOAP:  19%|█▉        | 4204/22162 [30:01:38 > 6:23:29]
SOAP:  19%|█▉        | 4205/22162 [28:57:37 > 6:23:35]
SOAP:  19%|█▉        | 4206/22162 [27:58:43 > 6:23:40]
SOAP:  19%|█▉        | 4207/22162 [27:06:50 > 6:23:45]
SOAP:  19%|█▉        | 4208/22162 [26:22:47 > 6:23:50]
SOAP:  19%|█▉        | 4209/22162 [25:42:33 > 6:23:55]
SOAP:  19%|█▉        | 4210/22162 [25:42:16 > 6:24:00]
SOAP:  19%|█▉        | 4211/22162 [25:49:43 > 6:24:05]
SOAP:  19%|█▉        | 4212/22162 [26:02:39 > 6:24:10]
SOAP:  19%|█▉        | 4213/22162 [20:37:15 > 6:24:12]
SOAP:  19%|█▉        | 4214/22162 [29:35:34 > 6:24:22]
SOAP:  19%|█▉        | 4215/22162 [30:43:44 > 6:24:29]
SOAP:  19%|█▉        | 4216/22162 [29:15:21 > 6:24:34]
SOAP:  19%|█▉        | 4217/22162 [22:28:00 > 6:24:35]
SOAP:  19%|█▉        | 4218/22162 [30:17:57 > 6:24:45]
SOAP:  19%|█▉        | 4219/22162 [29:10:50 > 6:24:51]
SOAP:  19%|█▉        | 4220/22162 [22:50:26 > 6:24:52]
SOAP:  19%|█▉        | 4221/22162 [28:54:55 > 6:25:01]
SOAP:  19%|█▉        | 4222/22162 [22:15:40 > 6:25:02]
SOAP:  19%|█▉        | 4223/22162 [26:58:26 > 6:25:10]
SOAP:  19%|█▉        | 4224/22162 [22:29:26 > 6:25:12]
SOAP:  19%|█▉        | 4225/22162 [29:00:58 > 6:25:21]
SOAP:  19%|█▉        | 4226/22162 [30:00:44 > 6:25:28]
SOAP:  19%|█▉        | 4227/22162 [30:00:13 > 6:25:34]
SOAP:  19%|█▉        | 4228/22162 [30:03:44 > 6:25:40]
SOAP:  19%|█▉        | 4229/22162 [30:20:46 > 6:25:46]
SOAP:  19%|█▉        | 4230/22162 [28:25:15 > 6:25:51]
SOAP:  19%|█▉        | 4231/22162 [29:36:30 > 6:25:57]
SOAP:  19%|█▉        | 4232/22162 [27:46:04 > 6:26:02]
SOAP:  19%|█▉        | 4233/22162 [26:51:30 > 6:26:07]
SOAP:  19%|█▉        | 4234/22162 [25:56:09 > 6:26:12]
SOAP:  19%|█▉        | 4235/22162 [26:29:31 > 6:26:17]
SOAP:  19%|█▉        | 4236/22162 [24:28:14 > 6:26:21]
SOAP:  19%|█▉        | 4237/22162 [25:24:20 > 6:26:27]
SOAP:  19%|█▉        | 4238/22162 [25:51:36 > 6:26:32]
SOAP:  19%|█▉        | 4239/22162 [27:30:01 > 6:26:38]
SOAP:  19%|█▉        | 4240/22162 [28:49:42 > 6:26:45]
SOAP:  19%|█▉        | 4241/22162 [29:43:23 > 6:26:51]
SOAP:  19%|█▉        | 4242/22162 [29:15:54 > 6:26:57]
SOAP:  19%|█▉        | 4243/22162 [26:00:25 > 6:27:01]
SOAP:  19%|█▉        | 4244/22162 [28:28:21 > 6:27:07]
SOAP:  19%|█▉        | 4245/22162 [27:52:53 > 6:27:13]
SOAP:  19%|█▉        | 4246/22162 [25:47:33 > 6:27:17]
SOAP:  19%|█▉        | 4247/22162 [19:59:50 > 6:27:18]
SOAP:  19%|█▉        | 4248/22162 [26:03:54 > 6:27:26]
SOAP:  19%|█▉        | 4249/22162 [26:46:18 > 6:27:32]
SOAP:  19%|█▉        | 4250/22162 [27:17:35 > 6:27:38]
SOAP:  19%|█▉        | 4251/22162 [30:09:42 > 6:27:45]
SOAP:  19%|█▉        | 4252/22162 [29:32:38 > 6:27:51]
SOAP:  19%|█▉        | 4253/22162 [29:51:15 > 6:27:57]
SOAP:  19%|█▉        | 4254/22162 [30:07:15 > 6:28:03]
SOAP:  19%|█▉        | 4255/22162 [28:54:26 > 6:28:08]
SOAP:  19%|█▉        | 4256/22162 [27:55:38 > 6:28:14]
SOAP:  19%|█▉        | 4257/22162 [24:09:58 > 6:28:17]
SOAP:  19%|█▉        | 4258/22162 [21:58:49 > 6:28:20]
SOAP:  19%|█▉        | 4259/22162 [22:46:33 > 6:28:25]
SOAP:  19%|█▉        | 4260/22162 [28:25:56 > 6:28:33]
SOAP:  19%|█▉        | 4261/22162 [27:51:42 > 6:28:39]
SOAP:  19%|█▉        | 4262/22162 [27:25:02 > 6:28:44]
SOAP:  19%|█▉        | 4263/22162 [27:24:53 > 6:28:50]
SOAP:  19%|█▉        | 4264/22162 [25:00:10 > 6:28:53]
SOAP:  19%|█▉        | 4265/22162 [30:53:16 > 6:29:02]
SOAP:  19%|█▉        | 4266/22162 [29:16:35 > 6:29:08]
SOAP:  19%|█▉        | 4267/22162 [29:19:53 > 6:29:13]
SOAP:  19%|█▉        | 4268/22162 [26:19:50 > 6:29:17]
SOAP:  19%|█▉        | 4269/22162 [28:24:24 > 6:29:24]
SOAP:  19%|█▉        | 4270/22162 [22:19:23 > 6:29:26]
SOAP:  19%|█▉        | 4271/22162 [27:58:51 > 6:29:34]
SOAP:  19%|█▉        | 4272/22162 [22:10:02 > 6:29:36]
SOAP:  19%|█▉        | 4273/22162 [27:09:24 > 6:29:44]
SOAP:  19%|█▉        | 4274/22162 [27:17:36 > 6:29:49]
SOAP:  19%|█▉        | 4275/22162 [27:49:35 > 6:29:55]
SOAP:  19%|█▉        | 4276/22162 [29:13:09 > 6:30:01]
SOAP:  19%|█▉        | 4277/22162 [29:28:07 > 6:30:08]
SOAP:  19%|█▉        | 4278/22162 [29:45:46 > 6:30:14]
SOAP:  19%|█▉        | 4279/22162 [30:06:15 > 6:30:20]
SOAP:  19%|█▉        | 4280/22162 [28:17:45 > 6:30:25]
SOAP:  19%|█▉        | 4281/22162 [26:16:59 > 6:30:29]
SOAP:  19%|█▉        | 4282/22162 [28:38:02 > 6:30:36]
SOAP:  19%|█▉        | 4283/22162 [27:25:48 > 6:30:41]
SOAP:  19%|█▉        | 4284/22162 [21:31:01 > 6:30:42]
SOAP:  19%|█▉        | 4285/22162 [28:16:29 > 6:30:51]
SOAP:  19%|█▉        | 4286/22162 [25:44:17 > 6:30:55]
SOAP:  19%|█▉        | 4287/22162 [26:17:14 > 6:31:01]
SOAP:  19%|█▉        | 4288/22162 [26:27:08 > 6:31:06]
SOAP:  19%|█▉        | 4289/22162 [21:51:42 > 6:31:09]
SOAP:  19%|█▉        | 4290/22162 [30:46:51 > 6:31:19]
SOAP:  19%|█▉        | 4291/22162 [31:02:17 > 6:31:25]
SOAP:  19%|█▉        | 4292/22162 [29:58:27 > 6:31:31]
SOAP:  19%|█▉        | 4293/22162 [23:21:45 > 6:31:32]
SOAP:  19%|█▉        | 4294/22162 [29:45:41 > 6:31:41]
SOAP:  19%|█▉        | 4295/22162 [28:42:58 > 6:31:47]
SOAP:  19%|█▉        | 4296/22162 [26:19:19 > 6:31:51]
SOAP:  19%|█▉        | 4297/22162 [25:03:05 > 6:31:55]
SOAP:  19%|█▉        | 4298/22162 [24:55:34 > 6:32:00]
SOAP:  19%|█▉        | 4299/22162 [25:40:33 > 6:32:06]
SOAP:  19%|█▉        | 4300/22162 [26:41:03 > 6:32:12]
SOAP:  19%|█▉        | 4301/22162 [27:21:17 > 6:32:18]
SOAP:  19%|█▉        | 4302/22162 [29:43:42 > 6:32:25]
SOAP:  19%|█▉        | 4303/22162 [29:58:47 > 6:32:31]
SOAP:  19%|█▉        | 4304/22162 [23:33:03 > 6:32:33]
SOAP:  19%|█▉        | 4305/22162 [31:00:22 > 6:32:42]
SOAP:  19%|█▉        | 4306/22162 [29:19:31 > 6:32:47]
SOAP:  19%|█▉        | 4307/22162 [28:02:12 > 6:32:52]
SOAP:  19%|█▉        | 4308/22162 [27:03:21 > 6:32:57]
SOAP:  19%|█▉        | 4309/22162 [26:06:47 > 6:33:02]
SOAP:  19%|█▉        | 4310/22162 [25:56:57 > 6:33:07]
SOAP:  19%|█▉        | 4311/22162 [25:54:10 > 6:33:13]
SOAP:  19%|█▉        | 4312/22162 [20:24:25 > 6:33:14]
SOAP:  19%|█▉        | 4313/22162 [28:07:59 > 6:33:23]
SOAP:  19%|█▉        | 4314/22162 [28:57:03 > 6:33:30]
SOAP:  19%|█▉        | 4315/22162 [30:17:10 > 6:33:36]
SOAP:  19%|█▉        | 4316/22162 [27:48:58 > 6:33:41]
SOAP:  19%|█▉        | 4317/22162 [26:54:43 > 6:33:46]
SOAP:  19%|█▉        | 4318/22162 [29:04:21 > 6:33:53]
SOAP:  19%|█▉        | 4319/22162 [28:18:14 > 6:33:58]
SOAP:  19%|█▉        | 4320/22162 [26:55:06 > 6:34:03]
SOAP:  19%|█▉        | 4321/22162 [27:01:12 > 6:34:08]
SOAP:  20%|█▉        | 4322/22162 [24:56:09 > 6:34:12]
SOAP:  20%|█▉        | 4323/22162 [24:54:04 > 6:34:17]
SOAP:  20%|█▉        | 4324/22162 [25:31:19 > 6:34:23]
SOAP:  20%|█▉        | 4325/22162 [23:55:08 > 6:34:27]
SOAP:  20%|█▉        | 4326/22162 [28:55:22 > 6:34:35]
SOAP:  20%|█▉        | 4327/22162 [29:08:27 > 6:34:41]
SOAP:  20%|█▉        | 4328/22162 [29:02:31 > 6:34:47]
SOAP:  20%|█▉        | 4329/22162 [29:57:26 > 6:34:53]
SOAP:  20%|█▉        | 4330/22162 [28:12:10 > 6:34:58]
SOAP:  20%|█▉        | 4331/22162 [29:25:13 > 6:35:05]
SOAP:  20%|█▉        | 4332/22162 [27:32:54 > 6:35:10]
SOAP:  20%|█▉        | 4333/22162 [26:38:22 > 6:35:14]
SOAP:  20%|█▉        | 4334/22162 [25:44:22 > 6:35:19]
SOAP:  20%|█▉        | 4335/22162 [26:22:44 > 6:35:25]
SOAP:  20%|█▉        | 4336/22162 [24:18:50 > 6:35:29]
SOAP:  20%|█▉        | 4337/22162 [19:20:25 > 6:35:30]
SOAP:  20%|█▉        | 4338/22162 [27:26:55 > 6:35:40]
SOAP:  20%|█▉        | 4339/22162 [28:35:25 > 6:35:46]
SOAP:  20%|█▉        | 4340/22162 [29:31:21 > 6:35:52]
SOAP:  20%|█▉        | 4341/22162 [30:10:43 > 6:35:59]
SOAP:  20%|█▉        | 4342/22162 [29:34:23 > 6:36:05]
SOAP:  20%|█▉        | 4343/22162 [27:44:09 > 6:36:09]
SOAP:  20%|█▉        | 4344/22162 [27:57:26 > 6:36:15]
SOAP:  20%|█▉        | 4345/22162 [27:27:00 > 6:36:20]
SOAP:  20%|█▉        | 4346/22162 [25:27:49 > 6:36:25]
SOAP:  20%|█▉        | 4347/22162 [24:24:52 > 6:36:29]
SOAP:  20%|█▉        | 4348/22162 [24:29:38 > 6:36:34]
SOAP:  20%|█▉        | 4349/22162 [25:39:15 > 6:36:40]
SOAP:  20%|█▉        | 4350/22162 [26:26:17 > 6:36:45]
SOAP:  20%|█▉        | 4351/22162 [26:47:24 > 6:36:51]
SOAP:  20%|█▉        | 4352/22162 [29:43:50 > 6:36:58]
SOAP:  20%|█▉        | 4353/22162 [29:50:04 > 6:37:04]
SOAP:  20%|█▉        | 4354/22162 [30:02:23 > 6:37:11]
SOAP:  20%|█▉        | 4355/22162 [28:51:15 > 6:37:16]
SOAP:  20%|█▉        | 4356/22162 [27:48:41 > 6:37:21]
SOAP:  20%|█▉        | 4357/22162 [26:59:25 > 6:37:26]
SOAP:  20%|█▉        | 4358/22162 [26:15:37 > 6:37:31]
SOAP:  20%|█▉        | 4359/22162 [20:32:24 > 6:37:33]
SOAP:  20%|█▉        | 4360/22162 [27:05:08 > 6:37:41]
SOAP:  20%|█▉        | 4361/22162 [21:11:22 > 6:37:43]
SOAP:  20%|█▉        | 4362/22162 [28:18:16 > 6:37:52]
SOAP:  20%|█▉        | 4363/22162 [27:58:44 > 6:37:57]
SOAP:  20%|█▉        | 4364/22162 [22:40:10 > 6:37:59]
SOAP:  20%|█▉        | 4365/22162 [31:53:39 > 6:38:10]
SOAP:  20%|█▉        | 4366/22162 [29:55:55 > 6:38:15]
SOAP:  20%|█▉        | 4367/22162 [29:45:36 > 6:38:21]
SOAP:  20%|█▉        | 4368/22162 [28:36:16 > 6:38:26]
SOAP:  20%|█▉        | 4369/22162 [27:59:58 > 6:38:32]
SOAP:  20%|█▉        | 4370/22162 [26:46:26 > 6:38:37]
SOAP:  20%|█▉        | 4371/22162 [26:54:19 > 6:38:42]
SOAP:  20%|█▉        | 4372/22162 [24:56:37 > 6:38:46]
SOAP:  20%|█▉        | 4373/22162 [24:50:26 > 6:38:51]
SOAP:  20%|█▉        | 4374/22162 [25:36:28 > 6:38:57]
SOAP:  20%|█▉        | 4375/22162 [26:36:18 > 6:39:03]
SOAP:  20%|█▉        | 4376/22162 [28:18:35 > 6:39:09]
SOAP:  20%|█▉        | 4377/22162 [28:45:58 > 6:39:15]
SOAP:  20%|█▉        | 4378/22162 [28:50:42 > 6:39:21]
SOAP:  20%|█▉        | 4379/22162 [29:50:13 > 6:39:28]
SOAP:  20%|█▉        | 4380/22162 [28:05:53 > 6:39:32]
SOAP:  20%|█▉        | 4381/22162 [29:17:45 > 6:39:39]
SOAP:  20%|█▉        | 4382/22162 [27:23:05 > 6:39:44]
SOAP:  20%|█▉        | 4383/22162 [26:28:43 > 6:39:49]
SOAP:  20%|█▉        | 4384/22162 [25:35:14 > 6:39:53]
SOAP:  20%|█▉        | 4385/22162 [26:10:31 > 6:39:59]
SOAP:  20%|█▉        | 4386/22162 [24:12:50 > 6:40:03]
SOAP:  20%|█▉        | 4387/22162 [19:18:58 > 6:40:04]
SOAP:  20%|█▉        | 4388/22162 [27:21:12 > 6:40:14]
SOAP:  20%|█▉        | 4389/22162 [28:25:43 > 6:40:20]
SOAP:  20%|█▉        | 4390/22162 [29:22:53 > 6:40:26]
SOAP:  20%|█▉        | 4391/22162 [30:00:38 > 6:40:33]
SOAP:  20%|█▉        | 4392/22162 [22:57:25 > 6:40:34]
SOAP:  20%|█▉        | 4393/22162 [30:08:03 > 6:40:44]
SOAP:  20%|█▉        | 4394/22162 [29:01:27 > 6:40:49]
SOAP:  20%|█▉        | 4395/22162 [28:02:59 > 6:40:54]
SOAP:  20%|█▉        | 4396/22162 [25:44:26 > 6:40:58]
SOAP:  20%|█▉        | 4397/22162 [24:35:33 > 6:41:03]
SOAP:  20%|█▉        | 4398/22162 [24:19:10 > 6:41:08]
SOAP:  20%|█▉        | 4399/22162 [19:42:30 > 6:41:09]
SOAP:  20%|█▉        | 4400/22162 [28:04:47 > 6:41:19]
SOAP:  20%|█▉        | 4401/22162 [30:29:06 > 6:41:26]
SOAP:  20%|█▉        | 4402/22162 [29:38:43 > 6:41:32]
SOAP:  20%|█▉        | 4403/22162 [29:47:44 > 6:41:38]
SOAP:  20%|█▉        | 4404/22162 [29:56:25 > 6:41:44]
SOAP:  20%|█▉        | 4405/22162 [28:45:43 > 6:41:50]
SOAP:  20%|█▉        | 4406/22162 [22:21:23 > 6:41:51]
SOAP:  20%|█▉        | 4407/22162 [28:30:05 > 6:42:00]
SOAP:  20%|█▉        | 4408/22162 [22:04:50 > 6:42:01]
SOAP:  20%|█▉        | 4409/22162 [22:47:05 > 6:42:06]
SOAP:  20%|█▉        | 4410/22162 [23:19:35 > 6:42:11]
SOAP:  20%|█▉        | 4411/22162 [29:21:11 > 6:42:20]
SOAP:  20%|█▉        | 4412/22162 [28:23:51 > 6:42:25]
SOAP:  20%|█▉        | 4413/22162 [27:58:00 > 6:42:31]
SOAP:  20%|█▉        | 4414/22162 [22:40:35 > 6:42:33]
SOAP:  20%|█▉        | 4415/22162 [31:48:44 > 6:42:44]
SOAP:  20%|█▉        | 4416/22162 [29:44:40 > 6:42:49]
SOAP:  20%|█▉        | 4417/22162 [29:27:04 > 6:42:54]
SOAP:  20%|█▉        | 4418/22162 [28:27:34 > 6:43:00]
SOAP:  20%|█▉        | 4419/22162 [27:48:37 > 6:43:05]
SOAP:  20%|█▉        | 4420/22162 [26:31:45 > 6:43:10]
SOAP:  20%|█▉        | 4421/22162 [20:37:06 > 6:43:11]
SOAP:  20%|█▉        | 4422/22162 [26:40:20 > 6:43:20]
SOAP:  20%|█▉        | 4423/22162 [21:00:21 > 6:43:21]
SOAP:  20%|█▉        | 4424/22162 [22:12:44 > 6:43:26]
SOAP:  20%|█▉        | 4425/22162 [29:49:45 > 6:43:36]
SOAP:  20%|█▉        | 4426/22162 [30:31:16 > 6:43:42]
SOAP:  20%|█▉        | 4427/22162 [30:17:21 > 6:43:48]
SOAP:  20%|█▉        | 4428/22162 [30:13:35 > 6:43:55]
SOAP:  20%|█▉        | 4429/22162 [23:30:07 > 6:43:56]
SOAP:  20%|█▉        | 4430/22162 [30:30:00 > 6:44:06]
SOAP:  20%|█▉        | 4431/22162 [30:55:21 > 6:44:12]
SOAP:  20%|█▉        | 4432/22162 [28:29:24 > 6:44:17]
SOAP:  20%|██        | 4433/22162 [27:06:25 > 6:44:22]
SOAP:  20%|██        | 4434/22162 [25:56:58 > 6:44:26]
SOAP:  20%|██        | 4435/22162 [26:28:47 > 6:44:32]
SOAP:  20%|██        | 4436/22162 [24:24:21 > 6:44:36]
SOAP:  20%|██        | 4437/22162 [25:12:22 > 6:44:41]
SOAP:  20%|██        | 4438/22162 [19:48:10 > 6:44:43]
SOAP:  20%|██        | 4439/22162 [23:38:38 > 6:44:50]
SOAP:  20%|██        | 4440/22162 [31:14:47 > 6:44:59]
SOAP:  20%|██        | 4441/22162 [24:26:10 > 6:45:01]
SOAP:  20%|██        | 4442/22162 [32:16:27 > 6:45:11]
SOAP:  20%|██        | 4443/22162 [29:35:27 > 6:45:16]
SOAP:  20%|██        | 4444/22162 [29:14:06 > 6:45:22]
SOAP:  20%|██        | 4445/22162 [28:17:46 > 6:45:27]
SOAP:  20%|██        | 4446/22162 [23:10:38 > 6:45:30]
SOAP:  20%|██        | 4447/22162 [25:34:35 > 6:45:36]
SOAP:  20%|██        | 4448/22162 [25:16:49 > 6:45:41]
SOAP:  20%|██        | 4449/22162 [26:07:38 > 6:45:47]
SOAP:  20%|██        | 4450/22162 [26:36:52 > 6:45:52]
SOAP:  20%|██        | 4451/22162 [29:26:34 > 6:46:00]
SOAP:  20%|██        | 4452/22162 [23:04:51 > 6:46:01]
SOAP:  20%|██        | 4453/22162 [31:02:29 > 6:46:11]
SOAP:  20%|██        | 4454/22162 [30:44:30 > 6:46:17]
SOAP:  20%|██        | 4455/22162 [27:15:48 > 6:46:21]
SOAP:  20%|██        | 4456/22162 [27:13:33 > 6:46:27]
SOAP:  20%|██        | 4457/22162 [27:29:29 > 6:46:33]
SOAP:  20%|██        | 4458/22162 [24:40:42 > 6:46:36]
SOAP:  20%|██        | 4459/22162 [26:07:55 > 6:46:42]
SOAP:  20%|██        | 4460/22162 [26:00:36 > 6:46:48]
SOAP:  20%|██        | 4461/22162 [25:56:02 > 6:46:53]
SOAP:  20%|██        | 4462/22162 [25:56:54 > 6:46:58]
SOAP:  20%|██        | 4463/22162 [26:08:13 > 6:47:03]
SOAP:  20%|██        | 4464/22162 [27:27:23 > 6:47:10]
SOAP:  20%|██        | 4465/22162 [29:08:31 > 6:47:16]
SOAP:  20%|██        | 4466/22162 [22:48:49 > 6:47:18]
SOAP:  20%|██        | 4467/22162 [29:55:37 > 6:47:27]
SOAP:  20%|██        | 4468/22162 [28:40:49 > 6:47:33]
SOAP:  20%|██        | 4469/22162 [27:57:27 > 6:47:38]
SOAP:  20%|██        | 4470/22162 [22:00:25 > 6:47:40]
SOAP:  20%|██        | 4471/22162 [28:14:41 > 6:47:48]
SOAP:  20%|██        | 4472/22162 [25:52:58 > 6:47:53]
SOAP:  20%|██        | 4473/22162 [25:33:34 > 6:47:58]
SOAP:  20%|██        | 4474/22162 [26:08:04 > 6:48:03]
SOAP:  20%|██        | 4475/22162 [26:56:35 > 6:48:09]
SOAP:  20%|██        | 4476/22162 [28:32:21 > 6:48:16]
SOAP:  20%|██        | 4477/22162 [28:53:26 > 6:48:22]
SOAP:  20%|██        | 4478/22162 [29:15:39 > 6:48:28]
SOAP:  20%|██        | 4479/22162 [28:18:03 > 6:48:33]
SOAP:  20%|██        | 4480/22162 [28:12:28 > 6:48:39]
SOAP:  20%|██        | 4481/22162 [29:18:25 > 6:48:45]
SOAP:  20%|██        | 4482/22162 [27:23:16 > 6:48:50]
SOAP:  20%|██        | 4483/22162 [26:25:32 > 6:48:55]
SOAP:  20%|██        | 4484/22162 [20:48:24 > 6:48:57]
SOAP:  20%|██        | 4485/22162 [27:36:49 > 6:49:05]
SOAP:  20%|██        | 4486/22162 [25:11:46 > 6:49:09]
SOAP:  20%|██        | 4487/22162 [25:48:32 > 6:49:15]
SOAP:  20%|██        | 4488/22162 [26:00:31 > 6:49:20]
SOAP:  20%|██        | 4489/22162 [27:29:17 > 6:49:27]
SOAP:  20%|██        | 4490/22162 [28:43:44 > 6:49:33]
SOAP:  20%|██        | 4491/22162 [22:40:39 > 6:49:35]
SOAP:  20%|██        | 4492/22162 [31:06:23 > 6:49:45]
SOAP:  20%|██        | 4493/22162 [29:29:45 > 6:49:50]
SOAP:  20%|██        | 4494/22162 [28:28:11 > 6:49:56]
SOAP:  20%|██        | 4495/22162 [27:40:28 > 6:50:01]
SOAP:  20%|██        | 4496/22162 [25:30:12 > 6:50:05]
SOAP:  20%|██        | 4497/22162 [24:22:13 > 6:50:10]
SOAP:  20%|██        | 4498/22162 [24:22:20 > 6:50:15]
SOAP:  20%|██        | 4499/22162 [25:26:12 > 6:50:20]
SOAP:  20%|██        | 4500/22162 [26:11:12 > 6:50:26]
SOAP:  20%|██        | 4501/22162 [29:07:25 > 6:50:33]
SOAP:  20%|██        | 4502/22162 [22:52:13 > 6:50:35]
SOAP:  20%|██        | 4503/22162 [30:49:54 > 6:50:45]
SOAP:  20%|██        | 4504/22162 [30:42:47 > 6:50:51]
SOAP:  20%|██        | 4505/22162 [29:15:47 > 6:50:56]
SOAP:  20%|██        | 4506/22162 [27:57:10 > 6:51:02]
SOAP:  20%|██        | 4507/22162 [27:05:46 > 6:51:07]
SOAP:  20%|██        | 4508/22162 [26:16:09 > 6:51:12]
SOAP:  20%|██        | 4509/22162 [25:31:47 > 6:51:16]
SOAP:  20%|██        | 4510/22162 [25:27:19 > 6:51:22]
SOAP:  20%|██        | 4511/22162 [20:16:52 > 6:51:23]
SOAP:  20%|██        | 4512/22162 [23:52:00 > 6:51:30]
SOAP:  20%|██        | 4513/22162 [26:32:47 > 6:51:37]
SOAP:  20%|██        | 4514/22162 [29:23:59 > 6:51:44]
SOAP:  20%|██        | 4515/22162 [29:24:41 > 6:51:50]
SOAP:  20%|██        | 4516/22162 [29:15:13 > 6:51:56]
SOAP:  20%|██        | 4517/22162 [29:14:30 > 6:52:02]
SOAP:  20%|██        | 4518/22162 [28:13:06 > 6:52:07]
SOAP:  20%|██        | 4519/22162 [27:39:23 > 6:52:12]
SOAP:  20%|██        | 4520/22162 [26:29:41 > 6:52:17]
SOAP:  20%|██        | 4521/22162 [26:39:58 > 6:52:23]
SOAP:  20%|██        | 4522/22162 [24:44:26 > 6:52:27]
SOAP:  20%|██        | 4523/22162 [24:39:55 > 6:52:32]
SOAP:  20%|██        | 4524/22162 [25:26:40 > 6:52:38]
SOAP:  20%|██        | 4525/22162 [26:24:47 > 6:52:43]
SOAP:  20%|██        | 4526/22162 [28:07:05 > 6:52:50]
SOAP:  20%|██        | 4527/22162 [22:09:24 > 6:52:52]
SOAP:  20%|██        | 4528/22162 [30:56:23 > 6:53:02]
SOAP:  20%|██        | 4529/22162 [30:50:42 > 6:53:08]
SOAP:  20%|██        | 4530/22162 [23:57:27 > 6:53:10]
SOAP:  20%|██        | 4531/22162 [24:00:24 > 6:53:15]
SOAP:  20%|██        | 4532/22162 [30:51:13 > 6:53:24]
SOAP:  20%|██        | 4533/22162 [28:47:45 > 6:53:29]
SOAP:  20%|██        | 4534/22162 [27:10:28 > 6:53:34]
SOAP:  20%|██        | 4535/22162 [27:18:33 > 6:53:40]
SOAP:  20%|██        | 4536/22162 [24:55:14 > 6:53:44]
SOAP:  20%|██        | 4537/22162 [25:33:13 > 6:53:49]
SOAP:  20%|██        | 4538/22162 [25:50:59 > 6:53:55]
SOAP:  20%|██        | 4539/22162 [20:57:29 > 6:53:57]
SOAP:  20%|██        | 4540/22162 [30:28:47 > 6:54:07]
SOAP:  20%|██        | 4541/22162 [30:47:09 > 6:54:14]
SOAP:  20%|██        | 4542/22162 [29:57:25 > 6:54:20]
SOAP:  20%|██        | 4543/22162 [28:39:33 > 6:54:25]
SOAP:  21%|██        | 4544/22162 [27:56:06 > 6:54:30]
SOAP:  21%|██        | 4545/22162 [21:44:11 > 6:54:32]
SOAP:  21%|██        | 4546/22162 [22:43:18 > 6:54:37]
SOAP:  21%|██        | 4547/22162 [26:40:07 > 6:54:44]
SOAP:  21%|██        | 4548/22162 [25:55:35 > 6:54:49]
SOAP:  21%|██        | 4549/22162 [26:33:55 > 6:54:55]
SOAP:  21%|██        | 4550/22162 [21:20:50 > 6:54:57]
SOAP:  21%|██        | 4551/22162 [31:16:13 > 6:55:08]
SOAP:  21%|██        | 4552/22162 [30:11:58 > 6:55:13]
SOAP:  21%|██        | 4553/22162 [30:14:45 > 6:55:20]
SOAP:  21%|██        | 4554/22162 [30:11:36 > 6:55:26]
SOAP:  21%|██        | 4555/22162 [28:53:20 > 6:55:31]
SOAP:  21%|██        | 4556/22162 [27:42:12 > 6:55:36]
SOAP:  21%|██        | 4557/22162 [26:47:08 > 6:55:41]
SOAP:  21%|██        | 4558/22162 [26:02:07 > 6:55:46]
SOAP:  21%|██        | 4559/22162 [25:19:54 > 6:55:51]
SOAP:  21%|██        | 4560/22162 [25:22:18 > 6:55:56]
SOAP:  21%|██        | 4561/22162 [25:28:42 > 6:56:02]
SOAP:  21%|██        | 4562/22162 [25:37:00 > 6:56:07]
SOAP:  21%|██        | 4563/22162 [26:05:06 > 6:56:12]
SOAP:  21%|██        | 4564/22162 [27:21:37 > 6:56:19]
SOAP:  21%|██        | 4565/22162 [29:00:59 > 6:56:25]
SOAP:  21%|██        | 4566/22162 [27:55:29 > 6:56:31]
SOAP:  21%|██        | 4567/22162 [28:18:48 > 6:56:36]
SOAP:  21%|██        | 4568/22162 [27:35:43 > 6:56:42]
SOAP:  21%|██        | 4569/22162 [21:40:36 > 6:56:43]
SOAP:  21%|██        | 4570/22162 [27:45:30 > 6:56:52]
SOAP:  21%|██        | 4571/22162 [21:29:17 > 6:56:53]
SOAP:  21%|██        | 4572/22162 [27:13:08 > 6:57:02]
SOAP:  21%|██        | 4573/22162 [26:22:46 > 6:57:07]
SOAP:  21%|██        | 4574/22162 [20:57:38 > 6:57:08]
SOAP:  21%|██        | 4575/22162 [28:50:44 > 6:57:18]
SOAP:  21%|██        | 4576/22162 [29:47:35 > 6:57:25]
SOAP:  21%|██        | 4577/22162 [29:35:00 > 6:57:31]
SOAP:  21%|██        | 4578/22162 [29:40:24 > 6:57:37]
SOAP:  21%|██        | 4579/22162 [29:51:32 > 6:57:43]
SOAP:  21%|██        | 4580/22162 [27:57:55 > 6:57:48]
SOAP:  21%|██        | 4581/22162 [29:05:44 > 6:57:54]
SOAP:  21%|██        | 4582/22162 [27:14:06 > 6:57:59]
SOAP:  21%|██        | 4583/22162 [26:17:08 > 6:58:04]
SOAP:  21%|██        | 4584/22162 [25:23:27 > 6:58:09]
SOAP:  21%|██        | 4585/22162 [19:57:14 > 6:58:10]
SOAP:  21%|██        | 4586/22162 [25:57:04 > 6:58:18]
SOAP:  21%|██        | 4587/22162 [26:17:49 > 6:58:24]
SOAP:  21%|██        | 4588/22162 [26:22:05 > 6:58:29]
SOAP:  21%|██        | 4589/22162 [27:41:36 > 6:58:36]
SOAP:  21%|██        | 4590/22162 [28:45:49 > 6:58:42]
SOAP:  21%|██        | 4591/22162 [29:32:48 > 6:58:48]
SOAP:  21%|██        | 4592/22162 [29:01:21 > 6:58:54]
SOAP:  21%|██        | 4593/22162 [27:54:51 > 6:58:59]
SOAP:  21%|██        | 4594/22162 [27:18:10 > 6:59:05]
SOAP:  21%|██        | 4595/22162 [26:51:35 > 6:59:10]
SOAP:  21%|██        | 4596/22162 [24:55:34 > 6:59:14]
SOAP:  21%|██        | 4597/22162 [23:59:52 > 6:59:19]
SOAP:  21%|██        | 4598/22162 [24:06:53 > 6:59:24]
SOAP:  21%|██        | 4599/22162 [25:12:06 > 6:59:29]
SOAP:  21%|██        | 4600/22162 [26:00:43 > 6:59:35]
SOAP:  21%|██        | 4601/22162 [29:01:51 > 6:59:42]
SOAP:  21%|██        | 4602/22162 [28:34:59 > 6:59:48]
SOAP:  21%|██        | 4603/22162 [29:02:28 > 6:59:54]
SOAP:  21%|██        | 4604/22162 [29:24:18 > 7:00:00]
SOAP:  21%|██        | 4605/22162 [28:20:59 > 7:00:06]
SOAP:  21%|██        | 4606/22162 [27:27:44 > 7:00:11]
SOAP:  21%|██        | 4607/22162 [26:37:54 > 7:00:16]
SOAP:  21%|██        | 4608/22162 [25:54:30 > 7:00:21]
SOAP:  21%|██        | 4609/22162 [25:11:27 > 7:00:26]
SOAP:  21%|██        | 4610/22162 [25:14:08 > 7:00:31]
SOAP:  21%|██        | 4611/22162 [25:19:27 > 7:00:36]
SOAP:  21%|██        | 4612/22162 [25:29:47 > 7:00:42]
SOAP:  21%|██        | 4613/22162 [25:51:51 > 7:00:47]
SOAP:  21%|██        | 4614/22162 [27:12:28 > 7:00:53]
SOAP:  21%|██        | 4615/22162 [28:56:14 > 7:01:00]
SOAP:  21%|██        | 4616/22162 [27:52:29 > 7:01:05]
SOAP:  21%|██        | 4617/22162 [28:08:26 > 7:01:11]
SOAP:  21%|██        | 4618/22162 [27:20:42 > 7:01:16]
SOAP:  21%|██        | 4619/22162 [27:00:57 > 7:01:22]
SOAP:  21%|██        | 4620/22162 [26:04:42 > 7:01:27]
SOAP:  21%|██        | 4621/22162 [26:24:57 > 7:01:32]
SOAP:  21%|██        | 4622/22162 [24:29:44 > 7:01:36]
SOAP:  21%|██        | 4623/22162 [24:22:02 > 7:01:41]
SOAP:  21%|██        | 4624/22162 [25:11:37 > 7:01:47]
SOAP:  21%|██        | 4625/22162 [25:09:23 > 7:01:52]
SOAP:  21%|██        | 4626/22162 [27:24:41 > 7:01:59]
SOAP:  21%|██        | 4627/22162 [28:46:44 > 7:02:05]
SOAP:  21%|██        | 4628/22162 [29:05:01 > 7:02:11]
SOAP:  21%|██        | 4629/22162 [29:27:11 > 7:02:18]
SOAP:  21%|██        | 4630/22162 [27:42:45 > 7:02:22]
SOAP:  21%|██        | 4631/22162 [28:55:18 > 7:02:29]
SOAP:  21%|██        | 4632/22162 [27:07:17 > 7:02:34]
SOAP:  21%|██        | 4633/22162 [26:13:26 > 7:02:39]
SOAP:  21%|██        | 4634/22162 [25:19:14 > 7:02:43]
SOAP:  21%|██        | 4635/22162 [25:54:37 > 7:02:49]
SOAP:  21%|██        | 4636/22162 [23:58:47 > 7:02:53]
SOAP:  21%|██        | 4637/22162 [24:53:01 > 7:02:59]
SOAP:  21%|██        | 4638/22162 [25:18:56 > 7:03:04]
SOAP:  21%|██        | 4639/22162 [26:53:20 > 7:03:10]
SOAP:  21%|██        | 4640/22162 [28:09:15 > 7:03:17]
SOAP:  21%|██        | 4641/22162 [29:05:43 > 7:03:23]
SOAP:  21%|██        | 4642/22162 [28:43:16 > 7:03:29]
SOAP:  21%|██        | 4643/22162 [27:45:33 > 7:03:34]
SOAP:  21%|██        | 4644/22162 [27:11:46 > 7:03:39]
SOAP:  21%|██        | 4645/22162 [26:45:39 > 7:03:45]
SOAP:  21%|██        | 4646/22162 [24:51:25 > 7:03:49]
SOAP:  21%|██        | 4647/22162 [22:14:28 > 7:03:52]
SOAP:  21%|██        | 4648/22162 [24:27:08 > 7:03:58]
SOAP:  21%|██        | 4649/22162 [25:23:01 > 7:04:04]
SOAP:  21%|██        | 4650/22162 [26:02:58 > 7:04:10]
SOAP:  21%|██        | 4651/22162 [29:00:50 > 7:04:17]
SOAP:  21%|██        | 4652/22162 [28:25:17 > 7:04:23]
SOAP:  21%|██        | 4653/22162 [28:51:07 > 7:04:29]
SOAP:  21%|██        | 4654/22162 [29:13:25 > 7:04:35]
SOAP:  21%|██        | 4655/22162 [28:10:30 > 7:04:40]
SOAP:  21%|██        | 4656/22162 [27:07:08 > 7:04:45]
SOAP:  21%|██        | 4657/22162 [26:21:39 > 7:04:50]
SOAP:  21%|██        | 4658/22162 [25:38:04 > 7:04:55]
SOAP:  21%|██        | 4659/22162 [24:50:48 > 7:05:00]
SOAP:  21%|██        | 4660/22162 [24:51:33 > 7:05:05]
SOAP:  21%|██        | 4661/22162 [25:00:47 > 7:05:10]
SOAP:  21%|██        | 4662/22162 [25:14:16 > 7:05:16]
SOAP:  21%|██        | 4663/22162 [20:01:16 > 7:05:17]
SOAP:  21%|██        | 4664/22162 [26:07:15 > 7:05:25]
SOAP:  21%|██        | 4665/22162 [30:44:44 > 7:05:34]
SOAP:  21%|██        | 4666/22162 [29:04:44 > 7:05:39]
SOAP:  21%|██        | 4667/22162 [22:17:25 > 7:05:41]
SOAP:  21%|██        | 4668/22162 [30:06:00 > 7:05:50]
SOAP:  21%|██        | 4669/22162 [28:55:40 > 7:05:56]
SOAP:  21%|██        | 4670/22162 [27:21:59 > 7:06:01]
SOAP:  21%|██        | 4671/22162 [21:12:07 > 7:06:02]
SOAP:  21%|██        | 4672/22162 [26:57:20 > 7:06:10]
SOAP:  21%|██        | 4673/22162 [26:06:09 > 7:06:15]
SOAP:  21%|██        | 4674/22162 [26:19:17 > 7:06:21]
SOAP:  21%|██        | 4675/22162 [26:57:46 > 7:06:27]
SOAP:  21%|██        | 4676/22162 [28:24:24 > 7:06:33]
SOAP:  21%|██        | 4677/22162 [28:39:58 > 7:06:39]
SOAP:  21%|██        | 4678/22162 [22:34:37 > 7:06:41]
SOAP:  21%|██        | 4679/22162 [31:19:59 > 7:06:52]
SOAP:  21%|██        | 4680/22162 [28:58:59 > 7:06:57]
SOAP:  21%|██        | 4681/22162 [29:46:45 > 7:07:03]
SOAP:  21%|██        | 4682/22162 [22:46:50 > 7:07:04]
SOAP:  21%|██        | 4683/22162 [28:05:44 > 7:07:13]
SOAP:  21%|██        | 4684/22162 [26:38:29 > 7:07:18]
SOAP:  21%|██        | 4685/22162 [26:53:16 > 7:07:23]
SOAP:  21%|██        | 4686/22162 [24:41:51 > 7:07:27]
SOAP:  21%|██        | 4687/22162 [25:21:54 > 7:07:33]
SOAP:  21%|██        | 4688/22162 [25:40:17 > 7:07:38]
SOAP:  21%|██        | 4689/22162 [24:35:15 > 7:07:43]
SOAP:  21%|██        | 4690/22162 [29:04:09 > 7:07:51]
SOAP:  21%|██        | 4691/22162 [29:39:37 > 7:07:57]
SOAP:  21%|██        | 4692/22162 [28:58:25 > 7:08:03]
SOAP:  21%|██        | 4693/22162 [27:50:32 > 7:08:08]
SOAP:  21%|██        | 4694/22162 [27:09:19 > 7:08:13]
SOAP:  21%|██        | 4695/22162 [26:45:22 > 7:08:19]
SOAP:  21%|██        | 4696/22162 [24:45:42 > 7:08:23]
SOAP:  21%|██        | 4697/22162 [23:50:34 > 7:08:27]
SOAP:  21%|██        | 4698/22162 [23:57:03 > 7:08:32]
SOAP:  21%|██        | 4699/22162 [25:05:25 > 7:08:38]
SOAP:  21%|██        | 4700/22162 [25:53:21 > 7:08:44]
SOAP:  21%|██        | 4701/22162 [28:47:38 > 7:08:51]
SOAP:  21%|██        | 4702/22162 [28:23:01 > 7:08:57]
SOAP:  21%|██        | 4703/22162 [28:49:36 > 7:09:03]
SOAP:  21%|██        | 4704/22162 [29:10:05 > 7:09:09]
SOAP:  21%|██        | 4705/22162 [27:24:47 > 7:09:14]
SOAP:  21%|██        | 4706/22162 [27:20:31 > 7:09:20]
SOAP:  21%|██        | 4707/22162 [26:33:19 > 7:09:25]
SOAP:  21%|██        | 4708/22162 [25:49:16 > 7:09:30]
SOAP:  21%|██        | 4709/22162 [25:09:59 > 7:09:35]
SOAP:  21%|██▏       | 4710/22162 [25:10:31 > 7:09:40]
SOAP:  21%|██▏       | 4711/22162 [25:15:08 > 7:09:45]
SOAP:  21%|██▏       | 4712/22162 [25:24:00 > 7:09:50]
SOAP:  21%|██▏       | 4713/22162 [25:45:20 > 7:09:56]
SOAP:  21%|██▏       | 4714/22162 [27:05:03 > 7:10:02]
SOAP:  21%|██▏       | 4715/22162 [28:50:02 > 7:10:09]
SOAP:  21%|██▏       | 4716/22162 [27:44:20 > 7:10:14]
SOAP:  21%|██▏       | 4717/22162 [28:07:58 > 7:10:20]
SOAP:  21%|██▏       | 4718/22162 [27:20:32 > 7:10:25]
SOAP:  21%|██▏       | 4719/22162 [26:59:24 > 7:10:31]
SOAP:  21%|██▏       | 4720/22162 [26:01:26 > 7:10:36]
SOAP:  21%|██▏       | 4721/22162 [26:13:18 > 7:10:41]
SOAP:  21%|██▏       | 4722/22162 [20:15:41 > 7:10:42]
SOAP:  21%|██▏       | 4723/22162 [25:34:30 > 7:10:50]
SOAP:  21%|██▏       | 4724/22162 [21:01:32 > 7:10:52]
SOAP:  21%|██▏       | 4725/22162 [28:08:33 > 7:11:02]
SOAP:  21%|██▏       | 4726/22162 [29:11:22 > 7:11:08]
SOAP:  21%|██▏       | 4727/22162 [29:11:09 > 7:11:14]
SOAP:  21%|██▏       | 4728/22162 [28:21:53 > 7:11:20]
SOAP:  21%|██▏       | 4729/22162 [29:55:17 > 7:11:27]
SOAP:  21%|██▏       | 4730/22162 [28:02:22 > 7:11:31]
SOAP:  21%|██▏       | 4731/22162 [29:06:03 > 7:11:38]
SOAP:  21%|██▏       | 4732/22162 [27:12:49 > 7:11:43]
SOAP:  21%|██▏       | 4733/22162 [26:14:07 > 7:11:48]
SOAP:  21%|██▏       | 4734/22162 [23:44:20 > 7:11:51]
SOAP:  21%|██▏       | 4735/22162 [26:18:31 > 7:11:58]
SOAP:  21%|██▏       | 4736/22162 [24:12:19 > 7:12:02]
SOAP:  21%|██▏       | 4737/22162 [25:03:40 > 7:12:08]
SOAP:  21%|██▏       | 4738/22162 [25:23:54 > 7:12:13]
SOAP:  21%|██▏       | 4739/22162 [26:51:56 > 7:12:19]
SOAP:  21%|██▏       | 4740/22162 [28:05:54 > 7:12:26]
SOAP:  21%|██▏       | 4741/22162 [28:58:48 > 7:12:32]
SOAP:  21%|██▏       | 4742/22162 [28:32:26 > 7:12:38]
SOAP:  21%|██▏       | 4743/22162 [27:31:01 > 7:12:43]
SOAP:  21%|██▏       | 4744/22162 [26:59:33 > 7:12:48]
SOAP:  21%|██▏       | 4745/22162 [26:36:11 > 7:12:54]
SOAP:  21%|██▏       | 4746/22162 [24:44:25 > 7:12:58]
SOAP:  21%|██▏       | 4747/22162 [23:44:34 > 7:13:02]
SOAP:  21%|██▏       | 4748/22162 [23:48:46 > 7:13:07]
SOAP:  21%|██▏       | 4749/22162 [24:54:36 > 7:13:13]
SOAP:  21%|██▏       | 4750/22162 [20:07:01 > 7:13:15]
SOAP:  21%|██▏       | 4751/22162 [28:37:23 > 7:13:25]
SOAP:  21%|██▏       | 4752/22162 [29:40:05 > 7:13:31]
SOAP:  21%|██▏       | 4753/22162 [29:30:14 > 7:13:37]
SOAP:  21%|██▏       | 4754/22162 [29:35:31 > 7:13:44]
SOAP:  21%|██▏       | 4755/22162 [28:25:59 > 7:13:49]
SOAP:  21%|██▏       | 4756/22162 [27:21:16 > 7:13:54]
SOAP:  21%|██▏       | 4757/22162 [26:26:28 > 7:13:59]
SOAP:  21%|██▏       | 4758/22162 [25:41:57 > 7:14:04]
SOAP:  21%|██▏       | 4759/22162 [25:02:11 > 7:14:09]
SOAP:  21%|██▏       | 4760/22162 [24:59:24 > 7:14:14]
SOAP:  21%|██▏       | 4761/22162 [25:06:51 > 7:14:19]
SOAP:  21%|██▏       | 4762/22162 [25:18:41 > 7:14:25]
SOAP:  21%|██▏       | 4763/22162 [25:39:01 > 7:14:30]
SOAP:  21%|██▏       | 4764/22162 [27:00:22 > 7:14:36]
SOAP:  22%|██▏       | 4765/22162 [28:44:07 > 7:14:43]
SOAP:  22%|██▏       | 4766/22162 [22:30:59 > 7:14:45]
SOAP:  22%|██▏       | 4767/22162 [29:34:16 > 7:14:54]
SOAP:  22%|██▏       | 4768/22162 [26:10:58 > 7:14:58]
SOAP:  22%|██▏       | 4769/22162 [28:09:29 > 7:15:05]
SOAP:  22%|██▏       | 4770/22162 [26:38:57 > 7:15:10]
SOAP:  22%|██▏       | 4771/22162 [23:42:33 > 7:15:13]
SOAP:  22%|██▏       | 4772/22162 [25:19:53 > 7:15:19]
SOAP:  22%|██▏       | 4773/22162 [24:53:26 > 7:15:24]
SOAP:  22%|██▏       | 4774/22162 [25:26:06 > 7:15:30]
SOAP:  22%|██▏       | 4775/22162 [26:16:46 > 7:15:35]
SOAP:  22%|██▏       | 4776/22162 [27:49:51 > 7:15:42]
SOAP:  22%|██▏       | 4777/22162 [28:09:49 > 7:15:48]
SOAP:  22%|██▏       | 4778/22162 [28:33:42 > 7:15:54]
SOAP:  22%|██▏       | 4779/22162 [29:02:09 > 7:16:00]
SOAP:  22%|██▏       | 4780/22162 [27:23:48 > 7:16:05]
SOAP:  22%|██▏       | 4781/22162 [28:38:32 > 7:16:12]
SOAP:  22%|██▏       | 4782/22162 [26:47:29 > 7:16:16]
SOAP:  22%|██▏       | 4783/22162 [25:49:54 > 7:16:21]
SOAP:  22%|██▏       | 4784/22162 [25:00:47 > 7:16:26]
SOAP:  22%|██▏       | 4785/22162 [25:41:37 > 7:16:32]
SOAP:  22%|██▏       | 4786/22162 [23:46:43 > 7:16:36]
SOAP:  22%|██▏       | 4787/22162 [24:37:43 > 7:16:41]
SOAP:  22%|██▏       | 4788/22162 [25:05:18 > 7:16:47]
SOAP:  22%|██▏       | 4789/22162 [26:40:17 > 7:16:53]
SOAP:  22%|██▏       | 4790/22162 [27:52:51 > 7:16:59]
SOAP:  22%|██▏       | 4791/22162 [28:51:17 > 7:17:06]
SOAP:  22%|██▏       | 4792/22162 [28:29:31 > 7:17:12]
SOAP:  22%|██▏       | 4793/22162 [27:28:36 > 7:17:17]
SOAP:  22%|██▏       | 4794/22162 [26:56:57 > 7:17:22]
SOAP:  22%|██▏       | 4795/22162 [26:32:50 > 7:17:27]
SOAP:  22%|██▏       | 4796/22162 [24:39:32 > 7:17:32]
SOAP:  22%|██▏       | 4797/22162 [23:41:02 > 7:17:36]
SOAP:  22%|██▏       | 4798/22162 [23:50:03 > 7:17:41]
SOAP:  22%|██▏       | 4799/22162 [24:57:49 > 7:17:47]
SOAP:  22%|██▏       | 4800/22162 [25:42:14 > 7:17:52]
SOAP:  22%|██▏       | 4801/22162 [28:41:24 > 7:18:00]
SOAP:  22%|██▏       | 4802/22162 [28:15:19 > 7:18:05]
SOAP:  22%|██▏       | 4803/22162 [28:39:43 > 7:18:12]
SOAP:  22%|██▏       | 4804/22162 [29:05:10 > 7:18:18]
SOAP:  22%|██▏       | 4805/22162 [28:00:45 > 7:18:23]
SOAP:  22%|██▏       | 4806/22162 [27:04:35 > 7:18:28]
SOAP:  22%|██▏       | 4807/22162 [26:17:31 > 7:18:33]
SOAP:  22%|██▏       | 4808/22162 [25:33:19 > 7:18:38]
SOAP:  22%|██▏       | 4809/22162 [24:53:39 > 7:18:43]
SOAP:  22%|██▏       | 4810/22162 [24:58:44 > 7:18:48]
SOAP:  22%|██▏       | 4811/22162 [25:04:44 > 7:18:54]
SOAP:  22%|██▏       | 4812/22162 [25:12:49 > 7:18:59]
SOAP:  22%|██▏       | 4813/22162 [25:34:29 > 7:19:04]
SOAP:  22%|██▏       | 4814/22162 [26:52:10 > 7:19:11]
SOAP:  22%|██▏       | 4815/22162 [28:34:38 > 7:19:17]
SOAP:  22%|██▏       | 4816/22162 [26:03:30 > 7:19:22]
SOAP:  22%|██▏       | 4817/22162 [28:17:25 > 7:19:29]
SOAP:  22%|██▏       | 4818/22162 [27:25:38 > 7:19:34]
SOAP:  22%|██▏       | 4819/22162 [26:57:28 > 7:19:39]
SOAP:  22%|██▏       | 4820/22162 [25:57:57 > 7:19:44]
SOAP:  22%|██▏       | 4821/22162 [26:10:13 > 7:19:50]
SOAP:  22%|██▏       | 4822/22162 [24:14:54 > 7:19:54]
SOAP:  22%|██▏       | 4823/22162 [24:11:14 > 7:19:59]
SOAP:  22%|██▏       | 4824/22162 [24:57:12 > 7:20:04]
SOAP:  22%|██▏       | 4825/22162 [20:52:57 > 7:20:07]
SOAP:  22%|██▏       | 4826/22162 [28:13:18 > 7:20:16]
SOAP:  22%|██▏       | 4827/22162 [23:00:36 > 7:20:18]
SOAP:  22%|██▏       | 4828/22162 [24:53:14 > 7:20:24]
SOAP:  22%|██▏       | 4829/22162 [32:46:29 > 7:20:35]
SOAP:  22%|██▏       | 4830/22162 [29:57:32 > 7:20:40]
SOAP:  22%|██▏       | 4831/22162 [30:19:54 > 7:20:46]
SOAP:  22%|██▏       | 4832/22162 [27:59:36 > 7:20:51]
SOAP:  22%|██▏       | 4833/22162 [26:45:14 > 7:20:56]
SOAP:  22%|██▏       | 4834/22162 [25:36:34 > 7:21:01]
SOAP:  22%|██▏       | 4835/22162 [26:03:22 > 7:21:06]
SOAP:  22%|██▏       | 4836/22162 [24:02:04 > 7:21:10]
SOAP:  22%|██▏       | 4837/22162 [24:49:57 > 7:21:16]
SOAP:  22%|██▏       | 4838/22162 [25:12:40 > 7:21:21]
SOAP:  22%|██▏       | 4839/22162 [26:48:09 > 7:21:28]
SOAP:  22%|██▏       | 4840/22162 [21:13:28 > 7:21:29]
SOAP:  22%|██▏       | 4841/22162 [30:55:28 > 7:21:41]
SOAP:  22%|██▏       | 4842/22162 [29:48:45 > 7:21:46]
SOAP:  22%|██▏       | 4843/22162 [23:06:58 > 7:21:48]
SOAP:  22%|██▏       | 4844/22162 [29:11:14 > 7:21:57]
SOAP:  22%|██▏       | 4845/22162 [28:07:43 > 7:22:02]
SOAP:  22%|██▏       | 4846/22162 [25:44:49 > 7:22:06]
SOAP:  22%|██▏       | 4847/22162 [24:24:34 > 7:22:11]
SOAP:  22%|██▏       | 4848/22162 [24:15:45 > 7:22:16]
SOAP:  22%|██▏       | 4849/22162 [25:10:41 > 7:22:21]
SOAP:  22%|██▏       | 4850/22162 [25:49:33 > 7:22:27]
SOAP:  22%|██▏       | 4851/22162 [28:42:25 > 7:22:34]
SOAP:  22%|██▏       | 4852/22162 [22:29:19 > 7:22:36]
SOAP:  22%|██▏       | 4853/22162 [30:24:58 > 7:22:46]
SOAP:  22%|██▏       | 4854/22162 [30:11:07 > 7:22:52]
SOAP:  22%|██▏       | 4855/22162 [28:44:51 > 7:22:58]
SOAP:  22%|██▏       | 4856/22162 [27:35:16 > 7:23:03]
SOAP:  22%|██▏       | 4857/22162 [26:36:41 > 7:23:08]
SOAP:  22%|██▏       | 4858/22162 [25:50:41 > 7:23:13]
SOAP:  22%|██▏       | 4859/22162 [25:04:44 > 7:23:18]
SOAP:  22%|██▏       | 4860/22162 [25:04:52 > 7:23:23]
SOAP:  22%|██▏       | 4861/22162 [22:53:23 > 7:23:27]
SOAP:  22%|██▏       | 4862/22162 [25:56:03 > 7:23:34]
SOAP:  22%|██▏       | 4863/22162 [26:07:18 > 7:23:39]
SOAP:  22%|██▏       | 4864/22162 [27:16:42 > 7:23:45]
SOAP:  22%|██▏       | 4865/22162 [21:04:18 > 7:23:47]
SOAP:  22%|██▏       | 4866/22162 [26:43:54 > 7:23:55]
SOAP:  22%|██▏       | 4867/22162 [30:31:25 > 7:24:03]
SOAP:  22%|██▏       | 4868/22162 [28:57:43 > 7:24:09]
SOAP:  22%|██▏       | 4869/22162 [27:58:16 > 7:24:14]
SOAP:  22%|██▏       | 4870/22162 [26:38:12 > 7:24:19]
SOAP:  22%|██▏       | 4871/22162 [26:40:54 > 7:24:24]
SOAP:  22%|██▏       | 4872/22162 [24:35:08 > 7:24:28]
SOAP:  22%|██▏       | 4873/22162 [19:33:58 > 7:24:30]
SOAP:  22%|██▏       | 4874/22162 [26:34:38 > 7:24:39]
SOAP:  22%|██▏       | 4875/22162 [26:58:24 > 7:24:45]
SOAP:  22%|██▏       | 4876/22162 [28:18:56 > 7:24:51]
SOAP:  22%|██▏       | 4877/22162 [28:33:18 > 7:24:57]
SOAP:  22%|██▏       | 4878/22162 [28:49:03 > 7:25:04]
SOAP:  22%|██▏       | 4879/22162 [29:14:28 > 7:25:10]
SOAP:  22%|██▏       | 4880/22162 [27:32:10 > 7:25:15]
SOAP:  22%|██▏       | 4881/22162 [28:40:51 > 7:25:21]
SOAP:  22%|██▏       | 4882/22162 [26:46:25 > 7:25:26]
SOAP:  22%|██▏       | 4883/22162 [25:50:05 > 7:25:31]
SOAP:  22%|██▏       | 4884/22162 [25:01:05 > 7:25:36]
SOAP:  22%|██▏       | 4885/22162 [25:33:14 > 7:25:41]
SOAP:  22%|██▏       | 4886/22162 [23:39:33 > 7:25:45]
SOAP:  22%|██▏       | 4887/22162 [24:31:54 > 7:25:51]
SOAP:  22%|██▏       | 4888/22162 [24:57:26 > 7:25:56]
SOAP:  22%|██▏       | 4889/22162 [26:31:23 > 7:26:03]
SOAP:  22%|██▏       | 4890/22162 [27:47:07 > 7:26:09]
SOAP:  22%|██▏       | 4891/22162 [28:38:54 > 7:26:15]
SOAP:  22%|██▏       | 4892/22162 [25:31:04 > 7:26:19]
SOAP:  22%|██▏       | 4893/22162 [28:02:06 > 7:26:26]
SOAP:  22%|██▏       | 4894/22162 [27:14:25 > 7:26:32]
SOAP:  22%|██▏       | 4895/22162 [26:42:44 > 7:26:37]
SOAP:  22%|██▏       | 4896/22162 [24:45:17 > 7:26:41]
SOAP:  22%|██▏       | 4897/22162 [23:41:51 > 7:26:45]
SOAP:  22%|██▏       | 4898/22162 [23:46:14 > 7:26:50]
SOAP:  22%|██▏       | 4899/22162 [24:49:07 > 7:26:56]
SOAP:  22%|██▏       | 4900/22162 [25:34:16 > 7:27:02]
SOAP:  22%|██▏       | 4901/22162 [28:32:34 > 7:27:09]
SOAP:  22%|██▏       | 4902/22162 [28:08:06 > 7:27:15]
SOAP:  22%|██▏       | 4903/22162 [28:23:04 > 7:27:21]
SOAP:  22%|██▏       | 4904/22162 [28:45:35 > 7:27:27]
SOAP:  22%|██▏       | 4905/22162 [27:45:52 > 7:27:32]
SOAP:  22%|██▏       | 4906/22162 [24:19:10 > 7:27:36]
SOAP:  22%|██▏       | 4907/22162 [26:49:42 > 7:27:43]
SOAP:  22%|██▏       | 4908/22162 [25:55:47 > 7:27:48]
SOAP:  22%|██▏       | 4909/22162 [25:07:59 > 7:27:53]
SOAP:  22%|██▏       | 4910/22162 [25:05:40 > 7:27:58]
SOAP:  22%|██▏       | 4911/22162 [19:41:22 > 7:27:59]
SOAP:  22%|██▏       | 4912/22162 [26:51:27 > 7:28:08]
SOAP:  22%|██▏       | 4913/22162 [26:40:09 > 7:28:14]
SOAP:  22%|██▏       | 4914/22162 [21:39:22 > 7:28:16]
SOAP:  22%|██▏       | 4915/22162 [30:42:45 > 7:28:27]
SOAP:  22%|██▏       | 4916/22162 [28:55:34 > 7:28:32]
SOAP:  22%|██▏       | 4917/22162 [28:49:07 > 7:28:38]
SOAP:  22%|██▏       | 4918/22162 [27:47:58 > 7:28:43]
SOAP:  22%|██▏       | 4919/22162 [27:11:01 > 7:28:48]
SOAP:  22%|██▏       | 4920/22162 [26:04:35 > 7:28:53]
SOAP:  22%|██▏       | 4921/22162 [26:11:14 > 7:28:59]
SOAP:  22%|██▏       | 4922/22162 [24:16:40 > 7:29:03]
SOAP:  22%|██▏       | 4923/22162 [24:14:34 > 7:29:08]
SOAP:  22%|██▏       | 4924/22162 [23:23:29 > 7:29:13]
SOAP:  22%|██▏       | 4925/22162 [26:15:45 > 7:29:19]
SOAP:  22%|██▏       | 4926/22162 [27:44:58 > 7:29:26]
SOAP:  22%|██▏       | 4927/22162 [28:04:59 > 7:29:32]
SOAP:  22%|██▏       | 4928/22162 [28:27:23 > 7:29:38]
SOAP:  22%|██▏       | 4929/22162 [28:53:43 > 7:29:44]
SOAP:  22%|██▏       | 4930/22162 [27:15:15 > 7:29:49]
SOAP:  22%|██▏       | 4931/22162 [28:24:34 > 7:29:56]
SOAP:  22%|██▏       | 4932/22162 [26:39:36 > 7:30:01]
SOAP:  22%|██▏       | 4933/22162 [25:44:45 > 7:30:05]
SOAP:  22%|██▏       | 4934/22162 [24:50:19 > 7:30:10]
SOAP:  22%|██▏       | 4935/22162 [25:25:22 > 7:30:16]
SOAP:  22%|██▏       | 4936/22162 [23:30:42 > 7:30:20]
SOAP:  22%|██▏       | 4937/22162 [24:25:22 > 7:30:25]
SOAP:  22%|██▏       | 4938/22162 [24:54:25 > 7:30:31]
SOAP:  22%|██▏       | 4939/22162 [26:29:58 > 7:30:37]
SOAP:  22%|██▏       | 4940/22162 [27:47:03 > 7:30:44]
SOAP:  22%|██▏       | 4941/22162 [26:54:06 > 7:30:49]
SOAP:  22%|██▏       | 4942/22162 [28:32:00 > 7:30:55]
SOAP:  22%|██▏       | 4943/22162 [22:14:12 > 7:30:57]
SOAP:  22%|██▏       | 4944/22162 [28:21:23 > 7:31:06]
SOAP:  22%|██▏       | 4945/22162 [27:25:56 > 7:31:11]
SOAP:  22%|██▏       | 4946/22162 [25:14:29 > 7:31:15]
SOAP:  22%|██▏       | 4947/22162 [23:58:56 > 7:31:20]
SOAP:  22%|██▏       | 4948/22162 [23:58:41 > 7:31:25]
SOAP:  22%|██▏       | 4949/22162 [24:58:41 > 7:31:31]
SOAP:  22%|██▏       | 4950/22162 [25:33:14 > 7:31:36]
SOAP:  22%|██▏       | 4951/22162 [28:28:41 > 7:31:44]
SOAP:  22%|██▏       | 4952/22162 [28:04:02 > 7:31:49]
SOAP:  22%|██▏       | 4953/22162 [28:28:15 > 7:31:55]
SOAP:  22%|██▏       | 4954/22162 [28:45:09 > 7:32:02]
SOAP:  22%|██▏       | 4955/22162 [27:40:14 > 7:32:07]
SOAP:  22%|██▏       | 4956/22162 [26:45:33 > 7:32:12]
SOAP:  22%|██▏       | 4957/22162 [24:31:21 > 7:32:16]
SOAP:  22%|██▏       | 4958/22162 [25:44:41 > 7:32:22]
SOAP:  22%|██▏       | 4959/22162 [24:56:34 > 7:32:27]
SOAP:  22%|██▏       | 4960/22162 [24:56:07 > 7:32:32]
SOAP:  22%|██▏       | 4961/22162 [24:59:06 > 7:32:37]
SOAP:  22%|██▏       | 4962/22162 [25:05:33 > 7:32:43]
SOAP:  22%|██▏       | 4963/22162 [25:25:33 > 7:32:48]
SOAP:  22%|██▏       | 4964/22162 [26:43:00 > 7:32:54]
SOAP:  22%|██▏       | 4965/22162 [28:16:37 > 7:33:01]
SOAP:  22%|██▏       | 4966/22162 [27:23:24 > 7:33:06]
SOAP:  22%|██▏       | 4967/22162 [27:44:50 > 7:33:12]
SOAP:  22%|██▏       | 4968/22162 [26:58:36 > 7:33:18]
SOAP:  22%|██▏       | 4969/22162 [26:33:18 > 7:33:23]
SOAP:  22%|██▏       | 4970/22162 [25:32:36 > 7:33:28]
SOAP:  22%|██▏       | 4971/22162 [25:50:32 > 7:33:33]
SOAP:  22%|██▏       | 4972/22162 [24:01:29 > 7:33:37]
SOAP:  22%|██▏       | 4973/22162 [23:57:06 > 7:33:42]
SOAP:  22%|██▏       | 4974/22162 [24:40:59 > 7:33:48]
SOAP:  22%|██▏       | 4975/22162 [25:38:08 > 7:33:54]
SOAP:  22%|██▏       | 4976/22162 [27:14:20 > 7:34:00]
SOAP:  22%|██▏       | 4977/22162 [27:41:05 > 7:34:06]
SOAP:  22%|██▏       | 4978/22162 [28:11:50 > 7:34:12]
SOAP:  22%|██▏       | 4979/22162 [28:36:09 > 7:34:19]
SOAP:  22%|██▏       | 4980/22162 [26:58:10 > 7:34:24]
SOAP:  22%|██▏       | 4981/22162 [28:13:24 > 7:34:30]
SOAP:  22%|██▏       | 4982/22162 [26:29:59 > 7:34:35]
SOAP:  22%|██▏       | 4983/22162 [25:34:19 > 7:34:40]
SOAP:  22%|██▏       | 4984/22162 [24:43:12 > 7:34:44]
SOAP:  22%|██▏       | 4985/22162 [25:21:09 > 7:34:50]
SOAP:  22%|██▏       | 4986/22162 [23:17:52 > 7:34:54]
SOAP:  23%|██▎       | 4987/22162 [24:26:30 > 7:35:00]
SOAP:  23%|██▎       | 4988/22162 [24:55:13 > 7:35:05]
SOAP:  23%|██▎       | 4989/22162 [26:24:45 > 7:35:11]
SOAP:  23%|██▎       | 4990/22162 [27:41:37 > 7:35:18]
SOAP:  23%|██▎       | 4991/22162 [28:31:19 > 7:35:24]
SOAP:  23%|██▎       | 4992/22162 [28:05:43 > 7:35:30]
SOAP:  23%|██▎       | 4993/22162 [27:08:29 > 7:35:35]
SOAP:  23%|██▎       | 4994/22162 [26:38:24 > 7:35:40]
SOAP:  23%|██▎       | 4995/22162 [25:13:53 > 7:35:45]
SOAP:  23%|██▎       | 4996/22162 [24:40:12 > 7:35:50]
SOAP:  23%|██▎       | 4997/22162 [23:33:23 > 7:35:54]
SOAP:  23%|██▎       | 4998/22162 [23:38:27 > 7:35:59]
SOAP:  23%|██▎       | 4999/22162 [24:38:34 > 7:36:05]
SOAP:  23%|██▎       | 5000/22162 [25:26:18 > 7:36:11]
SOAP:  23%|██▎       | 5001/22162 [28:23:40 > 7:36:18]
SOAP:  23%|██▎       | 5002/22162 [27:56:30 > 7:36:24]
SOAP:  23%|██▎       | 5003/22162 [28:16:49 > 7:36:30]
SOAP:  23%|██▎       | 5004/22162 [28:38:17 > 7:36:36]
SOAP:  23%|██▎       | 5005/22162 [27:36:12 > 7:36:41]
SOAP:  23%|██▎       | 5006/22162 [26:39:31 > 7:36:46]
SOAP:  23%|██▎       | 5007/22162 [25:52:06 > 7:36:52]
SOAP:  23%|██▎       | 5008/22162 [25:08:53 > 7:36:56]
SOAP:  23%|██▎       | 5009/22162 [24:34:59 > 7:37:01]
SOAP:  23%|██▎       | 5010/22162 [24:38:28 > 7:37:07]
SOAP:  23%|██▎       | 5011/22162 [24:46:41 > 7:37:12]
SOAP:  23%|██▎       | 5012/22162 [24:50:57 > 7:37:17]
SOAP:  23%|██▎       | 5013/22162 [24:58:24 > 7:37:22]
SOAP:  23%|██▎       | 5014/22162 [26:41:02 > 7:37:29]
SOAP:  23%|██▎       | 5015/22162 [28:18:51 > 7:37:36]
SOAP:  23%|██▎       | 5016/22162 [26:19:57 > 7:37:40]
SOAP:  23%|██▎       | 5017/22162 [27:47:34 > 7:37:47]
SOAP:  23%|██▎       | 5018/22162 [26:58:40 > 7:37:52]
SOAP:  23%|██▎       | 5019/22162 [26:35:38 > 7:37:57]
SOAP:  23%|██▎       | 5020/22162 [25:30:59 > 7:38:02]
SOAP:  23%|██▎       | 5021/22162 [25:45:18 > 7:38:08]
SOAP:  23%|██▎       | 5022/22162 [19:55:05 > 7:38:09]
SOAP:  23%|██▎       | 5023/22162 [25:05:50 > 7:38:17]
SOAP:  23%|██▎       | 5024/22162 [25:29:50 > 7:38:22]
SOAP:  23%|██▎       | 5025/22162 [20:16:47 > 7:38:24]
SOAP:  23%|██▎       | 5026/22162 [28:31:42 > 7:38:34]
SOAP:  23%|██▎       | 5027/22162 [29:21:54 > 7:38:41]
SOAP:  23%|██▎       | 5028/22162 [23:00:03 > 7:38:42]
SOAP:  23%|██▎       | 5029/22162 [31:27:20 > 7:38:53]
SOAP:  23%|██▎       | 5030/22162 [28:58:05 > 7:38:58]
SOAP:  23%|██▎       | 5031/22162 [29:33:51 > 7:39:05]
SOAP:  23%|██▎       | 5032/22162 [27:28:39 > 7:39:09]
SOAP:  23%|██▎       | 5033/22162 [26:14:04 > 7:39:14]
SOAP:  23%|██▎       | 5034/22162 [20:37:17 > 7:39:16]
SOAP:  23%|██▎       | 5035/22162 [26:56:09 > 7:39:25]
SOAP:  23%|██▎       | 5036/22162 [24:34:00 > 7:39:29]
SOAP:  23%|██▎       | 5037/22162 [25:04:37 > 7:39:34]
SOAP:  23%|██▎       | 5038/22162 [25:14:06 > 7:39:39]
SOAP:  23%|██▎       | 5039/22162 [26:38:29 > 7:39:46]
SOAP:  23%|██▎       | 5040/22162 [21:05:04 > 7:39:47]
SOAP:  23%|██▎       | 5041/22162 [30:37:34 > 7:39:59]
SOAP:  23%|██▎       | 5042/22162 [29:30:29 > 7:40:04]
SOAP:  23%|██▎       | 5043/22162 [22:53:01 > 7:40:06]
SOAP:  23%|██▎       | 5044/22162 [28:51:16 > 7:40:15]
SOAP:  23%|██▎       | 5045/22162 [27:50:22 > 7:40:20]
SOAP:  23%|██▎       | 5046/22162 [25:28:30 > 7:40:24]
SOAP:  23%|██▎       | 5047/22162 [24:09:39 > 7:40:29]
SOAP:  23%|██▎       | 5048/22162 [24:02:10 > 7:40:34]
SOAP:  23%|██▎       | 5049/22162 [24:50:47 > 7:40:39]
SOAP:  23%|██▎       | 5050/22162 [25:28:53 > 7:40:45]
SOAP:  23%|██▎       | 5051/22162 [28:16:52 > 7:40:52]
SOAP:  23%|██▎       | 5052/22162 [22:10:46 > 7:40:54]
SOAP:  23%|██▎       | 5053/22162 [27:31:37 > 7:41:02]
SOAP:  23%|██▎       | 5054/22162 [24:06:20 > 7:41:06]
SOAP:  23%|██▎       | 5055/22162 [30:46:34 > 7:41:16]
SOAP:  23%|██▎       | 5056/22162 [28:50:26 > 7:41:21]
SOAP:  23%|██▎       | 5057/22162 [27:23:12 > 7:41:26]
SOAP:  23%|██▎       | 5058/22162 [26:14:40 > 7:41:31]
SOAP:  23%|██▎       | 5059/22162 [25:17:44 > 7:41:36]
SOAP:  23%|██▎       | 5060/22162 [25:05:25 > 7:41:41]
SOAP:  23%|██▎       | 5061/22162 [25:00:31 > 7:41:46]
SOAP:  23%|██▎       | 5062/22162 [19:38:40 > 7:41:48]
SOAP:  23%|██▎       | 5063/22162 [25:34:35 > 7:41:56]
SOAP:  23%|██▎       | 5064/22162 [28:12:19 > 7:42:03]
SOAP:  23%|██▎       | 5065/22162 [29:22:40 > 7:42:10]
SOAP:  23%|██▎       | 5066/22162 [27:58:11 > 7:42:15]
SOAP:  23%|██▎       | 5067/22162 [25:31:49 > 7:42:19]
SOAP:  23%|██▎       | 5068/22162 [27:59:51 > 7:42:26]
SOAP:  23%|██▎       | 5069/22162 [27:17:56 > 7:42:32]
SOAP:  23%|██▎       | 5070/22162 [26:05:35 > 7:42:37]
SOAP:  23%|██▎       | 5071/22162 [26:11:37 > 7:42:42]
SOAP:  23%|██▎       | 5072/22162 [24:15:08 > 7:42:46]
SOAP:  23%|██▎       | 5073/22162 [24:04:12 > 7:42:51]
SOAP:  23%|██▎       | 5074/22162 [24:46:37 > 7:42:57]
SOAP:  23%|██▎       | 5075/22162 [25:40:25 > 7:43:03]
SOAP:  23%|██▎       | 5076/22162 [27:17:47 > 7:43:09]
SOAP:  23%|██▎       | 5077/22162 [21:28:32 > 7:43:11]
SOAP:  23%|██▎       | 5078/22162 [29:54:19 > 7:43:21]
SOAP:  23%|██▎       | 5079/22162 [29:44:42 > 7:43:28]
SOAP:  23%|██▎       | 5080/22162 [27:47:32 > 7:43:32]
SOAP:  23%|██▎       | 5081/22162 [28:39:39 > 7:43:39]
SOAP:  23%|██▎       | 5082/22162 [26:43:06 > 7:43:44]
SOAP:  23%|██▎       | 5083/22162 [25:39:56 > 7:43:49]
SOAP:  23%|██▎       | 5084/22162 [24:37:02 > 7:43:53]
SOAP:  23%|██▎       | 5085/22162 [25:15:32 > 7:43:59]
SOAP:  23%|██▎       | 5086/22162 [23:19:33 > 7:44:03]
SOAP:  23%|██▎       | 5087/22162 [24:13:21 > 7:44:08]
SOAP:  23%|██▎       | 5088/22162 [24:34:25 > 7:44:14]
SOAP:  23%|██▎       | 5089/22162 [26:05:08 > 7:44:20]
SOAP:  23%|██▎       | 5090/22162 [27:24:46 > 7:44:26]
SOAP:  23%|██▎       | 5091/22162 [28:15:30 > 7:44:33]
SOAP:  23%|██▎       | 5092/22162 [27:51:35 > 7:44:38]
SOAP:  23%|██▎       | 5093/22162 [26:54:10 > 7:44:44]
SOAP:  23%|██▎       | 5094/22162 [26:27:34 > 7:44:49]
SOAP:  23%|██▎       | 5095/22162 [26:04:07 > 7:44:54]
SOAP:  23%|██▎       | 5096/22162 [24:09:24 > 7:44:58]
SOAP:  23%|██▎       | 5097/22162 [23:13:57 > 7:45:03]
SOAP:  23%|██▎       | 5098/22162 [23:21:45 > 7:45:08]
SOAP:  23%|██▎       | 5099/22162 [24:27:02 > 7:45:14]
SOAP:  23%|██▎       | 5100/22162 [25:14:13 > 7:45:19]
SOAP:  23%|██▎       | 5101/22162 [28:08:14 > 7:45:27]
SOAP:  23%|██▎       | 5102/22162 [27:42:10 > 7:45:32]
SOAP:  23%|██▎       | 5103/22162 [28:04:53 > 7:45:38]
SOAP:  23%|██▎       | 5104/22162 [28:24:20 > 7:45:45]
SOAP:  23%|██▎       | 5105/22162 [22:38:45 > 7:45:47]
SOAP:  23%|██▎       | 5106/22162 [27:54:13 > 7:45:55]
SOAP:  23%|██▎       | 5107/22162 [26:45:47 > 7:46:00]
SOAP:  23%|██▎       | 5108/22162 [25:45:20 > 7:46:05]
SOAP:  23%|██▎       | 5109/22162 [24:55:19 > 7:46:10]
SOAP:  23%|██▎       | 5110/22162 [24:50:38 > 7:46:15]
SOAP:  23%|██▎       | 5111/22162 [19:28:12 > 7:46:17]
SOAP:  23%|██▎       | 5112/22162 [26:30:28 > 7:46:26]
SOAP:  23%|██▎       | 5113/22162 [26:22:28 > 7:46:31]
SOAP:  23%|██▎       | 5114/22162 [27:17:05 > 7:46:37]
SOAP:  23%|██▎       | 5115/22162 [28:37:18 > 7:46:44]
SOAP:  23%|██▎       | 5116/22162 [27:22:24 > 7:46:49]
SOAP:  23%|██▎       | 5117/22162 [27:36:12 > 7:46:55]
SOAP:  23%|██▎       | 5118/22162 [21:16:40 > 7:46:57]
SOAP:  23%|██▎       | 5119/22162 [28:03:40 > 7:47:06]
SOAP:  23%|██▎       | 5120/22162 [26:36:03 > 7:47:11]
SOAP:  23%|██▎       | 5121/22162 [26:29:56 > 7:47:16]
SOAP:  23%|██▎       | 5122/22162 [24:23:45 > 7:47:20]
SOAP:  23%|██▎       | 5123/22162 [24:09:31 > 7:47:25]
SOAP:  23%|██▎       | 5124/22162 [24:48:56 > 7:47:31]
SOAP:  23%|██▎       | 5125/22162 [23:07:45 > 7:47:35]
SOAP:  23%|██▎       | 5126/22162 [28:00:49 > 7:47:43]
SOAP:  23%|██▎       | 5127/22162 [21:58:59 > 7:47:45]
SOAP:  23%|██▎       | 5128/22162 [30:17:22 > 7:47:55]
SOAP:  23%|██▎       | 5129/22162 [30:02:00 > 7:48:02]
SOAP:  23%|██▎       | 5130/22162 [23:17:22 > 7:48:03]
SOAP:  23%|██▎       | 5131/22162 [30:14:49 > 7:48:13]
SOAP:  23%|██▎       | 5132/22162 [27:38:39 > 7:48:18]
SOAP:  23%|██▎       | 5133/22162 [26:32:50 > 7:48:23]
SOAP:  23%|██▎       | 5134/22162 [25:21:30 > 7:48:28]
SOAP:  23%|██▎       | 5135/22162 [25:45:34 > 7:48:33]
SOAP:  23%|██▎       | 5136/22162 [23:39:11 > 7:48:37]
SOAP:  23%|██▎       | 5137/22162 [24:17:07 > 7:48:43]
SOAP:  23%|██▎       | 5138/22162 [24:39:37 > 7:48:48]
SOAP:  23%|██▎       | 5139/22162 [22:31:37 > 7:48:52]
SOAP:  23%|██▎       | 5140/22162 [28:25:29 > 7:49:01]
SOAP:  23%|██▎       | 5141/22162 [28:54:27 > 7:49:07]
SOAP:  23%|██▎       | 5142/22162 [22:07:23 > 7:49:08]
SOAP:  23%|██▎       | 5143/22162 [28:58:12 > 7:49:18]
SOAP:  23%|██▎       | 5144/22162 [27:50:56 > 7:49:23]
SOAP:  23%|██▎       | 5145/22162 [27:01:10 > 7:49:28]
SOAP:  23%|██▎       | 5146/22162 [24:54:39 > 7:49:33]
SOAP:  23%|██▎       | 5147/22162 [23:41:33 > 7:49:37]
SOAP:  23%|██▎       | 5148/22162 [23:37:56 > 7:49:42]
SOAP:  23%|██▎       | 5149/22162 [24:40:32 > 7:49:48]
SOAP:  23%|██▎       | 5150/22162 [25:25:41 > 7:49:54]
SOAP:  23%|██▎       | 5151/22162 [28:11:11 > 7:50:01]
SOAP:  23%|██▎       | 5152/22162 [27:44:44 > 7:50:07]
SOAP:  23%|██▎       | 5153/22162 [22:02:03 > 7:50:08]
SOAP:  23%|██▎       | 5154/22162 [30:18:17 > 7:50:19]
SOAP:  23%|██▎       | 5155/22162 [28:42:21 > 7:50:24]
SOAP:  23%|██▎       | 5156/22162 [27:25:22 > 7:50:29]
SOAP:  23%|██▎       | 5157/22162 [26:24:10 > 7:50:34]
SOAP:  23%|██▎       | 5158/22162 [25:28:27 > 7:50:39]
SOAP:  23%|██▎       | 5159/22162 [24:45:17 > 7:50:44]
SOAP:  23%|██▎       | 5160/22162 [24:42:59 > 7:50:49]
SOAP:  23%|██▎       | 5161/22162 [24:45:09 > 7:50:55]
SOAP:  23%|██▎       | 5162/22162 [24:53:13 > 7:51:00]
SOAP:  23%|██▎       | 5163/22162 [25:12:40 > 7:51:06]
SOAP:  23%|██▎       | 5164/22162 [26:25:03 > 7:51:12]
SOAP:  23%|██▎       | 5165/22162 [27:58:58 > 7:51:18]
SOAP:  23%|██▎       | 5166/22162 [26:50:10 > 7:51:24]
SOAP:  23%|██▎       | 5167/22162 [22:32:26 > 7:51:26]
SOAP:  23%|██▎       | 5168/22162 [27:46:42 > 7:51:35]
SOAP:  23%|██▎       | 5169/22162 [22:23:15 > 7:51:37]
SOAP:  23%|██▎       | 5170/22162 [27:09:16 > 7:51:45]
SOAP:  23%|██▎       | 5171/22162 [26:49:05 > 7:51:50]
SOAP:  23%|██▎       | 5172/22162 [24:38:27 > 7:51:55]
SOAP:  23%|██▎       | 5173/22162 [24:19:37 > 7:52:00]
SOAP:  23%|██▎       | 5174/22162 [24:49:38 > 7:52:05]
SOAP:  23%|██▎       | 5175/22162 [25:35:56 > 7:52:11]
SOAP:  23%|██▎       | 5176/22162 [27:14:07 > 7:52:17]
SOAP:  23%|██▎       | 5177/22162 [27:37:37 > 7:52:24]
SOAP:  23%|██▎       | 5178/22162 [21:44:35 > 7:52:25]
SOAP:  23%|██▎       | 5179/22162 [30:21:34 > 7:52:36]
SOAP:  23%|██▎       | 5180/22162 [28:03:51 > 7:52:41]
SOAP:  23%|██▎       | 5181/22162 [28:48:23 > 7:52:47]
SOAP:  23%|██▎       | 5182/22162 [22:03:31 > 7:52:49]
SOAP:  23%|██▎       | 5183/22162 [27:06:25 > 7:52:57]
SOAP:  23%|██▎       | 5184/22162 [25:40:48 > 7:53:02]
SOAP:  23%|██▎       | 5185/22162 [25:53:12 > 7:53:07]
SOAP:  23%|██▎       | 5186/22162 [23:47:19 > 7:53:11]
SOAP:  23%|██▎       | 5187/22162 [24:29:48 > 7:53:17]
SOAP:  23%|██▎       | 5188/22162 [24:47:49 > 7:53:22]
SOAP:  23%|██▎       | 5189/22162 [26:20:07 > 7:53:28]
SOAP:  23%|██▎       | 5190/22162 [27:36:19 > 7:53:35]
SOAP:  23%|██▎       | 5191/22162 [28:23:15 > 7:53:41]
SOAP:  23%|██▎       | 5192/22162 [27:46:41 > 7:53:47]
SOAP:  23%|██▎       | 5193/22162 [26:49:26 > 7:53:52]
SOAP:  23%|██▎       | 5194/22162 [26:22:30 > 7:53:58]
SOAP:  23%|██▎       | 5195/22162 [25:21:59 > 7:54:02]
SOAP:  23%|██▎       | 5196/22162 [21:46:53 > 7:54:05]
SOAP:  23%|██▎       | 5197/22162 [23:55:25 > 7:54:11]
SOAP:  23%|██▎       | 5198/22162 [23:42:57 > 7:54:16]
SOAP:  23%|██▎       | 5199/22162 [24:33:14 > 7:54:22]
SOAP:  23%|██▎       | 5200/22162 [25:18:08 > 7:54:28]
SOAP:  23%|██▎       | 5201/22162 [28:11:11 > 7:54:35]
SOAP:  23%|██▎       | 5202/22162 [27:43:20 > 7:54:41]
SOAP:  23%|██▎       | 5203/22162 [28:11:55 > 7:54:47]
SOAP:  23%|██▎       | 5204/22162 [28:28:00 > 7:54:53]
SOAP:  23%|██▎       | 5205/22162 [27:22:43 > 7:54:58]
SOAP:  23%|██▎       | 5206/22162 [26:24:17 > 7:55:04]
SOAP:  23%|██▎       | 5207/22162 [24:51:45 > 7:55:08]
SOAP:  23%|██▎       | 5208/22162 [25:11:14 > 7:55:14]
SOAP:  24%|██▎       | 5209/22162 [24:26:35 > 7:55:18]
SOAP:  24%|██▎       | 5210/22162 [24:25:06 > 7:55:24]
SOAP:  24%|██▎       | 5211/22162 [24:12:23 > 7:55:29]
SOAP:  24%|██▎       | 5212/22162 [19:22:09 > 7:55:30]
SOAP:  24%|██▎       | 5213/22162 [26:49:13 > 7:55:40]
SOAP:  24%|██▎       | 5214/22162 [27:34:49 > 7:55:46]
SOAP:  24%|██▎       | 5215/22162 [28:48:50 > 7:55:53]
SOAP:  24%|██▎       | 5216/22162 [27:24:13 > 7:55:58]
SOAP:  24%|██▎       | 5217/22162 [27:38:08 > 7:56:04]
SOAP:  24%|██▎       | 5218/22162 [26:46:49 > 7:56:09]
SOAP:  24%|██▎       | 5219/22162 [26:08:58 > 7:56:14]
SOAP:  24%|██▎       | 5220/22162 [25:27:44 > 7:56:19]
SOAP:  24%|██▎       | 5221/22162 [25:37:08 > 7:56:25]
SOAP:  24%|██▎       | 5222/22162 [23:44:51 > 7:56:29]
SOAP:  24%|██▎       | 5223/22162 [23:38:47 > 7:56:34]
SOAP:  24%|██▎       | 5224/22162 [24:25:37 > 7:56:40]
SOAP:  24%|██▎       | 5225/22162 [25:23:18 > 7:56:45]
SOAP:  24%|██▎       | 5226/22162 [27:00:08 > 7:56:52]
SOAP:  24%|██▎       | 5227/22162 [21:17:26 > 7:56:54]
SOAP:  24%|██▎       | 5228/22162 [29:42:03 > 7:57:04]
SOAP:  24%|██▎       | 5229/22162 [29:30:59 > 7:57:10]
SOAP:  24%|██▎       | 5230/22162 [27:25:59 > 7:57:15]
SOAP:  24%|██▎       | 5231/22162 [28:17:36 > 7:57:22]
SOAP:  24%|██▎       | 5232/22162 [26:23:52 > 7:57:26]
SOAP:  24%|██▎       | 5233/22162 [25:19:39 > 7:57:31]
SOAP:  24%|██▎       | 5234/22162 [24:25:07 > 7:57:36]
SOAP:  24%|██▎       | 5235/22162 [25:01:56 > 7:57:41]
SOAP:  24%|██▎       | 5236/22162 [23:09:50 > 7:57:45]
SOAP:  24%|██▎       | 5237/22162 [24:05:55 > 7:57:51]
SOAP:  24%|██▎       | 5238/22162 [24:30:39 > 7:57:57]
SOAP:  24%|██▎       | 5239/22162 [26:01:51 > 7:58:03]
SOAP:  24%|██▎       | 5240/22162 [27:15:27 > 7:58:09]
SOAP:  24%|██▎       | 5241/22162 [28:04:33 > 7:58:16]
SOAP:  24%|██▎       | 5242/22162 [27:43:10 > 7:58:21]
SOAP:  24%|██▎       | 5243/22162 [26:44:43 > 7:58:27]
SOAP:  24%|██▎       | 5244/22162 [26:12:29 > 7:58:32]
SOAP:  24%|██▎       | 5245/22162 [25:48:49 > 7:58:37]
SOAP:  24%|██▎       | 5246/22162 [23:58:15 > 7:58:41]
SOAP:  24%|██▎       | 5247/22162 [18:36:59 > 7:58:43]
SOAP:  24%|██▎       | 5248/22162 [24:29:04 > 7:58:51]
SOAP:  24%|██▎       | 5249/22162 [25:12:22 > 7:58:56]
SOAP:  24%|██▎       | 5250/22162 [25:43:24 > 7:59:02]
SOAP:  24%|██▎       | 5251/22162 [28:20:01 > 7:59:10]
SOAP:  24%|██▎       | 5252/22162 [27:46:38 > 7:59:15]
SOAP:  24%|██▎       | 5253/22162 [28:06:31 > 7:59:21]
SOAP:  24%|██▎       | 5254/22162 [26:10:25 > 7:59:26]
SOAP:  24%|██▎       | 5255/22162 [27:54:34 > 7:59:33]
SOAP:  24%|██▎       | 5256/22162 [26:45:56 > 7:59:38]
SOAP:  24%|██▎       | 5257/22162 [25:48:29 > 7:59:43]
SOAP:  24%|██▎       | 5258/22162 [20:04:59 > 7:59:44]
SOAP:  24%|██▎       | 5259/22162 [25:51:15 > 7:59:53]
SOAP:  24%|██▎       | 5260/22162 [20:20:11 > 7:59:54]
SOAP:  24%|██▎       | 5261/22162 [26:34:43 > 8:00:03]
SOAP:  24%|██▎       | 5262/22162 [25:05:43 > 8:00:08]
SOAP:  24%|██▎       | 5263/22162 [26:17:23 > 8:00:14]
SOAP:  24%|██▍       | 5264/22162 [26:59:09 > 8:00:20]
SOAP:  24%|██▍       | 5265/22162 [28:24:45 > 8:00:27]
SOAP:  24%|██▍       | 5266/22162 [27:11:22 > 8:00:32]
SOAP:  24%|██▍       | 5267/22162 [24:52:18 > 8:00:36]
SOAP:  24%|██▍       | 5268/22162 [27:21:23 > 8:00:43]
SOAP:  24%|██▍       | 5269/22162 [26:46:46 > 8:00:49]
SOAP:  24%|██▍       | 5270/22162 [25:37:10 > 8:00:53]
SOAP:  24%|██▍       | 5271/22162 [25:35:46 > 8:00:59]
SOAP:  24%|██▍       | 5272/22162 [23:44:24 > 8:01:03]
SOAP:  24%|██▍       | 5273/22162 [23:39:15 > 8:01:08]
SOAP:  24%|██▍       | 5274/22162 [24:20:08 > 8:01:14]
SOAP:  24%|██▍       | 5275/22162 [25:15:43 > 8:01:19]
SOAP:  24%|██▍       | 5276/22162 [20:00:14 > 8:01:21]
SOAP:  24%|██▍       | 5277/22162 [29:15:22 > 8:01:32]
SOAP:  24%|██▍       | 5278/22162 [29:04:21 > 8:01:38]
SOAP:  24%|██▍       | 5279/22162 [29:05:52 > 8:01:44]
SOAP:  24%|██▍       | 5280/22162 [27:11:17 > 8:01:49]
SOAP:  24%|██▍       | 5281/22162 [28:11:25 > 8:01:56]
SOAP:  24%|██▍       | 5282/22162 [26:19:58 > 8:02:00]
SOAP:  24%|██▍       | 5283/22162 [25:25:38 > 8:02:05]
SOAP:  24%|██▍       | 5284/22162 [24:31:33 > 8:02:10]
SOAP:  24%|██▍       | 5285/22162 [25:06:02 > 8:02:16]
SOAP:  24%|██▍       | 5286/22162 [23:12:17 > 8:02:20]
SOAP:  24%|██▍       | 5287/22162 [24:03:44 > 8:02:25]
SOAP:  24%|██▍       | 5288/22162 [24:28:59 > 8:02:31]
SOAP:  24%|██▍       | 5289/22162 [25:58:51 > 8:02:37]
SOAP:  24%|██▍       | 5290/22162 [27:13:33 > 8:02:43]
SOAP:  24%|██▍       | 5291/22162 [27:58:36 > 8:02:50]
SOAP:  24%|██▍       | 5292/22162 [27:36:58 > 8:02:55]
SOAP:  24%|██▍       | 5293/22162 [26:39:49 > 8:03:01]
SOAP:  24%|██▍       | 5294/22162 [20:54:30 > 8:03:02]
SOAP:  24%|██▍       | 5295/22162 [27:22:08 > 8:03:11]
SOAP:  24%|██▍       | 5296/22162 [25:06:51 > 8:03:16]
SOAP:  24%|██▍       | 5297/22162 [22:20:33 > 8:03:19]
SOAP:  24%|██▍       | 5298/22162 [24:12:18 > 8:03:25]
SOAP:  24%|██▍       | 5299/22162 [25:03:09 > 8:03:31]
SOAP:  24%|██▍       | 5300/22162 [25:33:33 > 8:03:36]
SOAP:  24%|██▍       | 5301/22162 [28:05:53 > 8:03:44]
SOAP:  24%|██▍       | 5302/22162 [27:31:27 > 8:03:49]
SOAP:  24%|██▍       | 5303/22162 [27:52:29 > 8:03:55]
SOAP:  24%|██▍       | 5304/22162 [28:07:25 > 8:04:02]
SOAP:  24%|██▍       | 5305/22162 [26:59:20 > 8:04:07]
SOAP:  24%|██▍       | 5306/22162 [26:05:45 > 8:04:12]
SOAP:  24%|██▍       | 5307/22162 [25:20:07 > 8:04:17]
SOAP:  24%|██▍       | 5308/22162 [24:40:44 > 8:04:22]
SOAP:  24%|██▍       | 5309/22162 [24:03:22 > 8:04:27]
SOAP:  24%|██▍       | 5310/22162 [24:08:06 > 8:04:32]
SOAP:  24%|██▍       | 5311/22162 [18:58:39 > 8:04:33]
SOAP:  24%|██▍       | 5312/22162 [26:02:27 > 8:04:43]
SOAP:  24%|██▍       | 5313/22162 [25:57:52 > 8:04:48]
SOAP:  24%|██▍       | 5314/22162 [26:56:20 > 8:04:54]
SOAP:  24%|██▍       | 5315/22162 [20:47:10 > 8:04:56]
SOAP:  24%|██▍       | 5316/22162 [29:23:39 > 8:05:06]
SOAP:  24%|██▍       | 5317/22162 [28:58:13 > 8:05:12]
SOAP:  24%|██▍       | 5318/22162 [27:40:29 > 8:05:17]
SOAP:  24%|██▍       | 5319/22162 [21:35:07 > 8:05:19]
SOAP:  24%|██▍       | 5320/22162 [27:13:09 > 8:05:28]
SOAP:  24%|██▍       | 5321/22162 [21:00:45 > 8:05:29]
SOAP:  24%|██▍       | 5322/22162 [26:14:11 > 8:05:37]
SOAP:  24%|██▍       | 5323/22162 [25:14:58 > 8:05:42]
SOAP:  24%|██▍       | 5324/22162 [25:28:11 > 8:05:48]
SOAP:  24%|██▍       | 5325/22162 [25:51:47 > 8:05:53]
SOAP:  24%|██▍       | 5326/22162 [25:58:34 > 8:05:59]
SOAP:  24%|██▍       | 5327/22162 [27:48:05 > 8:06:06]
SOAP:  24%|██▍       | 5328/22162 [28:05:02 > 8:06:12]
SOAP:  24%|██▍       | 5329/22162 [28:23:01 > 8:06:18]
SOAP:  24%|██▍       | 5330/22162 [26:41:21 > 8:06:23]
SOAP:  24%|██▍       | 5331/22162 [27:48:34 > 8:06:30]
SOAP:  24%|██▍       | 5332/22162 [26:07:10 > 8:06:34]
SOAP:  24%|██▍       | 5333/22162 [25:12:54 > 8:06:39]
SOAP:  24%|██▍       | 5334/22162 [24:23:37 > 8:06:44]
SOAP:  24%|██▍       | 5335/22162 [24:59:06 > 8:06:50]
SOAP:  24%|██▍       | 5336/22162 [23:01:42 > 8:06:54]
SOAP:  24%|██▍       | 5337/22162 [23:53:46 > 8:06:59]
SOAP:  24%|██▍       | 5338/22162 [18:44:36 > 8:07:01]
SOAP:  24%|██▍       | 5339/22162 [27:25:01 > 8:07:11]
SOAP:  24%|██▍       | 5340/22162 [28:11:35 > 8:07:17]
SOAP:  24%|██▍       | 5341/22162 [28:39:53 > 8:07:24]
SOAP:  24%|██▍       | 5342/22162 [27:59:32 > 8:07:29]
SOAP:  24%|██▍       | 5343/22162 [26:45:25 > 8:07:35]
SOAP:  24%|██▍       | 5344/22162 [25:11:30 > 8:07:39]
SOAP:  24%|██▍       | 5345/22162 [26:04:17 > 8:07:45]
SOAP:  24%|██▍       | 5346/22162 [24:08:03 > 8:07:49]
SOAP:  24%|██▍       | 5347/22162 [23:04:32 > 8:07:54]
SOAP:  24%|██▍       | 5348/22162 [23:07:41 > 8:07:59]
SOAP:  24%|██▍       | 5349/22162 [24:08:02 > 8:08:04]
SOAP:  24%|██▍       | 5350/22162 [24:52:20 > 8:08:10]
SOAP:  24%|██▍       | 5351/22162 [27:41:28 > 8:08:17]
SOAP:  24%|██▍       | 5352/22162 [21:44:34 > 8:08:19]
SOAP:  24%|██▍       | 5353/22162 [29:25:18 > 8:08:29]
SOAP:  24%|██▍       | 5354/22162 [29:21:50 > 8:08:36]
SOAP early stopping at step 5355/22162: total loss unchanged for 150 steps (best=1.061995e-02).

SOAP:  24%|██▍       | 5354/22162 [25:34:09 > 8:08:41]
Training saved: C:\Ali Computation\pinn\code\heterogeneous\pino_heterogeneous\results\exp_X6_soap_K100_N500_5zoneonly_w64_float64_s3234567\pino_heterogeneous_concentration.png C:\Ali Computation\pinn\code\heterogeneous\pino_heterogeneous\results\exp_X6_soap_K100_N500_5zoneonly_w64_float64_s3234567\pino_heterogeneous_loss.png C:\Ali Computation\pinn\code\heterogeneous\pino_heterogeneous\results\exp_X6_soap_K100_N500_5zoneonly_w64_float64_s3234567\pino_heterogeneous_model.pt
COMSOL validation: 81 media -> C:\Ali Computation\pinn\code\heterogeneous\pino_heterogeneous\results\exp_X6_soap_K100_N500_5zoneonly_w64_float64_s3234567\comsol_validation  (x* collocation n=86)

COMSOL vs PINO:   0%|          | 0/81 [00:00<?, ?it/s]
COMSOL vs PINO:   1%|          | 1/81 [00:01<01:25,  1.07s/it]
COMSOL vs PINO:   2%|▏         | 2/81 [00:02<01:23,  1.06s/it]
COMSOL vs PINO:   4%|▎         | 3/81 [00:03<01:22,  1.06s/it]
COMSOL vs PINO:   5%|▍         | 4/81 [00:04<01:21,  1.06s/it]
COMSOL vs PINO:   6%|▌         | 5/81 [00:05<01:27,  1.15s/it]
COMSOL vs PINO:   7%|▋         | 6/81 [00:06<01:23,  1.12s/it]
COMSOL vs PINO:   9%|▊         | 7/81 [00:07<01:21,  1.10s/it]
COMSOL vs PINO:  10%|▉         | 8/81 [00:08<01:19,  1.09s/it]
COMSOL vs PINO:  11%|█         | 9/81 [00:09<01:17,  1.08s/it]
COMSOL vs PINO:  12%|█▏        | 10/81 [00:10<01:16,  1.08s/it]
COMSOL vs PINO:  14%|█▎        | 11/81 [00:11<01:15,  1.08s/it]
COMSOL vs PINO:  15%|█▍        | 12/81 [00:12<01:13,  1.07s/it]
COMSOL vs PINO:  16%|█▌        | 13/81 [00:14<01:12,  1.06s/it]
COMSOL vs PINO:  17%|█▋        | 14/81 [00:15<01:11,  1.07s/it]
COMSOL vs PINO:  19%|█▊        | 15/81 [00:16<01:10,  1.07s/it]
COMSOL vs PINO:  20%|█▉        | 16/81 [00:17<01:09,  1.07s/it]
COMSOL vs PINO:  21%|██        | 17/81 [00:18<01:08,  1.08s/it]
COMSOL vs PINO:  22%|██▏       | 18/81 [00:19<01:07,  1.07s/it]
COMSOL vs PINO:  23%|██▎       | 19/81 [00:20<01:06,  1.08s/it]
COMSOL vs PINO:  25%|██▍       | 20/81 [00:21<01:12,  1.19s/it]
COMSOL vs PINO:  26%|██▌       | 21/81 [00:23<01:08,  1.15s/it]
COMSOL vs PINO:  27%|██▋       | 22/81 [00:24<01:06,  1.12s/it]
COMSOL vs PINO:  28%|██▊       | 23/81 [00:25<01:03,  1.10s/it]
COMSOL vs PINO:  30%|██▉       | 24/81 [00:26<01:02,  1.09s/it]
COMSOL vs PINO:  31%|███       | 25/81 [00:27<01:00,  1.09s/it]
COMSOL vs PINO:  32%|███▏      | 26/81 [00:28<00:59,  1.08s/it]
COMSOL vs PINO:  33%|███▎      | 27/81 [00:29<00:58,  1.08s/it]
COMSOL vs PINO:  35%|███▍      | 28/81 [00:30<00:57,  1.08s/it]
COMSOL vs PINO:  36%|███▌      | 29/81 [00:31<00:56,  1.08s/it]
COMSOL vs PINO:  37%|███▋      | 30/81 [00:32<00:55,  1.08s/it]
COMSOL vs PINO:  38%|███▊      | 31/81 [00:33<00:54,  1.09s/it]
COMSOL vs PINO:  40%|███▉      | 32/81 [00:34<00:53,  1.09s/it]
COMSOL vs PINO:  41%|████      | 33/81 [00:36<00:56,  1.18s/it]
COMSOL vs PINO:  42%|████▏     | 34/81 [00:37<00:53,  1.15s/it]
COMSOL vs PINO:  43%|████▎     | 35/81 [00:38<00:51,  1.12s/it]
COMSOL vs PINO:  44%|████▍     | 36/81 [00:39<00:49,  1.11s/it]
COMSOL vs PINO:  46%|████▌     | 37/81 [00:40<00:48,  1.10s/it]
COMSOL vs PINO:  47%|████▋     | 38/81 [00:41<00:46,  1.09s/it]
COMSOL vs PINO:  48%|████▊     | 39/81 [00:42<00:45,  1.09s/it]
COMSOL vs PINO:  49%|████▉     | 40/81 [00:43<00:44,  1.08s/it]
COMSOL vs PINO:  51%|█████     | 41/81 [00:44<00:42,  1.07s/it]
COMSOL vs PINO:  52%|█████▏    | 42/81 [00:45<00:41,  1.07s/it]
COMSOL vs PINO:  53%|█████▎    | 43/81 [00:46<00:40,  1.06s/it]
COMSOL vs PINO:  54%|█████▍    | 44/81 [00:47<00:39,  1.06s/it]
COMSOL vs PINO:  56%|█████▌    | 45/81 [00:49<00:38,  1.06s/it]
COMSOL vs PINO:  57%|█████▋    | 46/81 [00:50<00:37,  1.07s/it]
COMSOL vs PINO:  58%|█████▊    | 47/81 [00:51<00:36,  1.07s/it]
COMSOL vs PINO:  59%|█████▉    | 48/81 [00:52<00:38,  1.17s/it]
COMSOL vs PINO:  60%|██████    | 49/81 [00:53<00:36,  1.14s/it]
COMSOL vs PINO:  62%|██████▏   | 50/81 [00:54<00:34,  1.12s/it]
COMSOL vs PINO:  63%|██████▎   | 51/81 [00:55<00:32,  1.10s/it]
COMSOL vs PINO:  64%|██████▍   | 52/81 [00:56<00:31,  1.09s/it]
COMSOL vs PINO:  65%|██████▌   | 53/81 [00:57<00:30,  1.08s/it]
COMSOL vs PINO:  67%|██████▋   | 54/81 [00:58<00:29,  1.07s/it]
COMSOL vs PINO:  68%|██████▊   | 55/81 [01:00<00:27,  1.07s/it]
COMSOL vs PINO:  69%|██████▉   | 56/81 [01:01<00:26,  1.07s/it]
COMSOL vs PINO:  70%|███████   | 57/81 [01:02<00:26,  1.08s/it]
COMSOL vs PINO:  72%|███████▏  | 58/81 [01:03<00:24,  1.09s/it]
COMSOL vs PINO:  73%|███████▎  | 59/81 [01:04<00:23,  1.08s/it]
COMSOL vs PINO:  74%|███████▍  | 60/81 [01:05<00:22,  1.08s/it]
COMSOL vs PINO:  75%|███████▌  | 61/81 [01:06<00:21,  1.08s/it]
COMSOL vs PINO:  77%|███████▋  | 62/81 [01:07<00:20,  1.08s/it]
COMSOL vs PINO:  78%|███████▊  | 63/81 [01:09<00:21,  1.18s/it]
COMSOL vs PINO:  79%|███████▉  | 64/81 [01:10<00:19,  1.15s/it]
COMSOL vs PINO:  80%|████████  | 65/81 [01:11<00:18,  1.13s/it]
COMSOL vs PINO:  81%|████████▏ | 66/81 [01:12<00:16,  1.11s/it]
COMSOL vs PINO:  83%|████████▎ | 67/81 [01:13<00:15,  1.10s/it]
COMSOL vs PINO:  84%|████████▍ | 68/81 [01:14<00:14,  1.09s/it]
COMSOL vs PINO:  85%|████████▌ | 69/81 [01:15<00:13,  1.09s/it]
COMSOL vs PINO:  86%|████████▋ | 70/81 [01:16<00:12,  1.09s/it]
COMSOL vs PINO:  88%|████████▊ | 71/81 [01:17<00:10,  1.08s/it]
COMSOL vs PINO:  89%|████████▉ | 72/81 [01:18<00:09,  1.08s/it]
COMSOL vs PINO:  90%|█████████ | 73/81 [01:19<00:08,  1.08s/it]
COMSOL vs PINO:  91%|█████████▏| 74/81 [01:20<00:07,  1.08s/it]
COMSOL vs PINO:  93%|█████████▎| 75/81 [01:21<00:06,  1.08s/it]
COMSOL vs PINO:  94%|█████████▍| 76/81 [01:23<00:05,  1.18s/it]
COMSOL vs PINO:  95%|█████████▌| 77/81 [01:24<00:04,  1.15s/it]
COMSOL vs PINO:  96%|█████████▋| 78/81 [01:25<00:03,  1.14s/it]
COMSOL vs PINO:  98%|█████████▊| 79/81 [01:26<00:02,  1.12s/it]
COMSOL vs PINO:  99%|█████████▉| 80/81 [01:27<00:01,  1.11s/it]
COMSOL vs PINO: 100%|██████████| 81/81 [01:28<00:00,  1.09s/it]
COMSOL vs PINO: 100%|██████████| 81/81 [01:28<00:00,  1.10s/it]
COMSOL validation summary: n=81  mean=2.174321e-02  max=5.166306e-02  min=1.018100e-02
Wrote C:\Ali Computation\pinn\code\heterogeneous\pino_heterogeneous\results\exp_X6_soap_K100_N500_5zoneonly_w64_float64_s3234567\comsol_validation\comsol_validation_summary.csv
Run metadata: C:\Ali Computation\pinn\code\heterogeneous\pino_heterogeneous\results\exp_X6_soap_K100_N500_5zoneonly_w64_float64_s3234567\run_meta.json
Wall-clock train: 29322.5 s
Wall-clock validation: 88.8 s
Wall-clock total: 29424.2 s  device=cuda

# exit 0 after 8:10:29.587579
