# code/homogeneous_cfl/parametric_cfl_pinn/pinn1d_cfl_pe_parametric_pinn.py --run-name H09_pinn_n50_soap --n-cfl 50 --optimizer soap --soap-lr 3e-3 --soap-betas 0.95,0.95 --soap-weight-decay 0.01 --soap-precond-freq 100 --soap-epochs 25000 --early-stop-patience 150 --seed 1234567 --plot-dpi 200
# started 2026-10-04 16:51:19
# cwd C:\Ali Computation\pinn\code\homogeneous_cfl\parametric_cfl_pinn

PE (computed) = 0.010368
CFL range from U: [0.12, 0.6]
Raw CFL range used for training: [0.12, 0.6]
SOAP (
Parameter Group 0
    betas: (0.95, 0.95)
    correct_bias: True
    eps: 1e-08
    lr: 0.003
    max_precond_dim: 10000
    merge_dims: False
    normalize_grads: False
    precondition_1d: False
    precondition_frequency: 100
    shampoo_beta: -1
    weight_decay: 0.01
)
Early stopping: patience=150 steps (no total-loss improvement, rtol=1e-12)

  0%|          | 0/25000 [00:00<?]
loss : 1.367e+00  mse_pde 9.955e-02  mse_ic 6.839e-01  mse_in 6.385e-02  mse_out 5.194e-01:   0%|          | 0/25000 [00:00<?]
loss : 1.367e+00  mse_pde 9.955e-02  mse_ic 6.839e-01  mse_in 6.385e-02  mse_out 5.194e-01:   0%|          | 0/25000 [00:00<?]
loss : 1.367e+00  mse_pde 9.955e-02  mse_ic 6.839e-01  mse_in 6.385e-02  mse_out 5.194e-01:   0%|          | 1/25000 [00:00<3:03:33]
loss : 1.367e+00  mse_pde 9.955e-02  mse_ic 6.839e-01  mse_in 6.385e-02  mse_out 5.194e-01:   0%|          | 1/25000 [00:00<3:03:33]
loss : 1.367e+00  mse_pde 9.955e-02  mse_ic 6.839e-01  mse_in 6.385e-02  mse_out 5.194e-01:   0%|          | 1/25000 [00:00<3:03:33]
loss : 1.297e+00  mse_pde 9.415e-02  mse_ic 6.511e-01  mse_in 6.933e-02  mse_out 4.829e-01:   0%|          | 1/25000 [00:00<3:03:33]
loss : 1.297e+00  mse_pde 9.415e-02  mse_ic 6.511e-01  mse_in 6.933e-02  mse_out 4.829e-01:   0%|          | 1/25000 [00:00<3:03:33]
loss : 1.297e+00  mse_pde 9.415e-02  mse_ic 6.511e-01  mse_in 6.933e-02  mse_out 4.829e-01:   0%|          | 3/25000 [00:00<1:07:51]
loss : 1.222e+00  mse_pde 9.343e-02  mse_ic 6.140e-01  mse_in 7.739e-02  mse_out 4.371e-01:   0%|          | 3/25000 [00:00<1:07:51]
loss : 1.222e+00  mse_pde 9.343e-02  mse_ic 6.140e-01  mse_in 7.739e-02  mse_out 4.371e-01:   0%|          | 3/25000 [00:00<1:07:51]
loss : 1.140e+00  mse_pde 8.890e-02  mse_ic 5.729e-01  mse_in 8.578e-02  mse_out 3.921e-01:   0%|          | 3/25000 [00:00<1:07:51]
loss : 1.140e+00  mse_pde 8.890e-02  mse_ic 5.729e-01  mse_in 8.578e-02  mse_out 3.921e-01:   0%|          | 3/25000 [00:00<1:07:51]
loss : 1.140e+00  mse_pde 8.890e-02  mse_ic 5.729e-01  mse_in 8.578e-02  mse_out 3.921e-01:   0%|          | 5/25000 [00:00<45:35]  
loss : 1.051e+00  mse_pde 8.079e-02  mse_ic 5.276e-01  mse_in 9.456e-02  mse_out 3.484e-01:   0%|          | 5/25000 [00:00<45:35]
loss : 1.051e+00  mse_pde 8.079e-02  mse_ic 5.276e-01  mse_in 9.456e-02  mse_out 3.484e-01:   0%|          | 5/25000 [00:00<45:35]
loss : 9.582e-01  mse_pde 7.081e-02  mse_ic 4.783e-01  mse_in 1.042e-01  mse_out 3.049e-01:   0%|          | 5/25000 [00:00<45:35]
loss : 9.582e-01  mse_pde 7.081e-02  mse_ic 4.783e-01  mse_in 1.042e-01  mse_out 3.049e-01:   0%|          | 5/25000 [00:00<45:35]
loss : 9.582e-01  mse_pde 7.081e-02  mse_ic 4.783e-01  mse_in 1.042e-01  mse_out 3.049e-01:   0%|          | 7/25000 [00:00<37:05]
loss : 8.628e-01  mse_pde 6.033e-02  mse_ic 4.253e-01  mse_in 1.154e-01  mse_out 2.617e-01:   0%|          | 7/25000 [00:00<37:05]
loss : 8.628e-01  mse_pde 6.033e-02  mse_ic 4.253e-01  mse_in 1.154e-01  mse_out 2.617e-01:   0%|          | 7/25000 [00:00<37:05]
loss : 7.681e-01  mse_pde 5.031e-02  mse_ic 3.694e-01  mse_in 1.285e-01  mse_out 2.199e-01:   0%|          | 7/25000 [00:00<37:05]
loss : 7.681e-01  mse_pde 5.031e-02  mse_ic 3.694e-01  mse_in 1.285e-01  mse_out 2.199e-01:   0%|          | 7/25000 [00:00<37:05]
loss : 7.681e-01  mse_pde 5.031e-02  mse_ic 3.694e-01  mse_in 1.285e-01  mse_out 2.199e-01:   0%|          | 9/25000 [00:00<32:43]
loss : 6.781e-01  mse_pde 4.156e-02  mse_ic 3.118e-01  mse_in 1.435e-01  mse_out 1.812e-01:   0%|          | 9/25000 [00:00<32:43]
loss : 6.781e-01  mse_pde 4.156e-02  mse_ic 3.118e-01  mse_in 1.435e-01  mse_out 1.812e-01:   0%|          | 9/25000 [00:00<32:43]
loss : 5.972e-01  mse_pde 3.496e-02  mse_ic 2.546e-01  mse_in 1.601e-01  mse_out 1.475e-01:   0%|          | 9/25000 [00:01<32:43]
loss : 5.972e-01  mse_pde 3.496e-02  mse_ic 2.546e-01  mse_in 1.601e-01  mse_out 1.475e-01:   0%|          | 9/25000 [00:01<32:43]
loss : 5.972e-01  mse_pde 3.496e-02  mse_ic 2.546e-01  mse_in 1.601e-01  mse_out 1.475e-01:   0%|          | 11/25000 [00:01<30:26]
loss : 5.290e-01  mse_pde 3.144e-02  mse_ic 2.003e-01  mse_in 1.777e-01  mse_out 1.196e-01:   0%|          | 11/25000 [00:01<30:26]
loss : 5.290e-01  mse_pde 3.144e-02  mse_ic 2.003e-01  mse_in 1.777e-01  mse_out 1.196e-01:   0%|          | 11/25000 [00:01<30:26]
loss : 4.756e-01  mse_pde 3.105e-02  mse_ic 1.518e-01  mse_in 1.955e-01  mse_out 9.726e-02:   0%|          | 11/25000 [00:01<30:26]
loss : 4.756e-01  mse_pde 3.105e-02  mse_ic 1.518e-01  mse_in 1.955e-01  mse_out 9.726e-02:   0%|          | 11/25000 [00:01<30:26]
loss : 4.756e-01  mse_pde 3.105e-02  mse_ic 1.518e-01  mse_in 1.955e-01  mse_out 9.726e-02:   0%|          | 13/25000 [00:01<29:01]
loss : 4.367e-01  mse_pde 3.309e-02  mse_ic 1.116e-01  mse_in 2.122e-01  mse_out 7.991e-02:   0%|          | 13/25000 [00:01<29:01]
loss : 4.367e-01  mse_pde 3.309e-02  mse_ic 1.116e-01  mse_in 2.122e-01  mse_out 7.991e-02:   0%|          | 13/25000 [00:01<29:01]
loss : 4.100e-01  mse_pde 3.649e-02  mse_ic 8.076e-02  mse_in 2.264e-01  mse_out 6.641e-02:   0%|          | 13/25000 [00:01<29:01]
loss : 4.100e-01  mse_pde 3.649e-02  mse_ic 8.076e-02  mse_in 2.264e-01  mse_out 6.641e-02:   0%|          | 13/25000 [00:01<29:01]
loss : 4.100e-01  mse_pde 3.649e-02  mse_ic 8.076e-02  mse_in 2.264e-01  mse_out 6.641e-02:   0%|          | 15/25000 [00:01<27:53]
loss : 3.916e-01  mse_pde 4.015e-02  mse_ic 5.892e-02  mse_in 2.368e-01  mse_out 5.574e-02:   0%|          | 15/25000 [00:01<27:53]
loss : 3.916e-01  mse_pde 4.015e-02  mse_ic 5.892e-02  mse_in 2.368e-01  mse_out 5.574e-02:   0%|          | 15/25000 [00:01<27:53]
loss : 3.775e-01  mse_pde 4.324e-02  mse_ic 4.423e-02  mse_in 2.429e-01  mse_out 4.714e-02:   0%|          | 15/25000 [00:01<27:53]
loss : 3.775e-01  mse_pde 4.324e-02  mse_ic 4.423e-02  mse_in 2.429e-01  mse_out 4.714e-02:   0%|          | 15/25000 [00:01<27:53]
loss : 3.775e-01  mse_pde 4.324e-02  mse_ic 4.423e-02  mse_in 2.429e-01  mse_out 4.714e-02:   0%|          | 17/25000 [00:01<27:10]
loss : 3.646e-01  mse_pde 4.522e-02  mse_ic 3.462e-02  mse_in 2.447e-01  mse_out 4.012e-02:   0%|          | 17/25000 [00:01<27:10]
loss : 3.646e-01  mse_pde 4.522e-02  mse_ic 3.462e-02  mse_in 2.447e-01  mse_out 4.012e-02:   0%|          | 17/25000 [00:01<27:10]
loss : 3.513e-01  mse_pde 4.594e-02  mse_ic 2.842e-02  mse_in 2.426e-01  mse_out 3.434e-02:   0%|          | 17/25000 [00:01<27:10]
loss : 3.513e-01  mse_pde 4.594e-02  mse_ic 2.842e-02  mse_in 2.426e-01  mse_out 3.434e-02:   0%|          | 17/25000 [00:01<27:10]
loss : 3.513e-01  mse_pde 4.594e-02  mse_ic 2.842e-02  mse_in 2.426e-01  mse_out 3.434e-02:   0%|          | 19/25000 [00:01<26:49]
loss : 3.368e-01  mse_pde 4.552e-02  mse_ic 2.448e-02  mse_in 2.372e-01  mse_out 2.957e-02:   0%|          | 19/25000 [00:01<26:49]
loss : 3.368e-01  mse_pde 4.552e-02  mse_ic 2.448e-02  mse_in 2.372e-01  mse_out 2.957e-02:   0%|          | 19/25000 [00:01<26:49]
loss : 3.208e-01  mse_pde 4.424e-02  mse_ic 2.208e-02  mse_in 2.289e-01  mse_out 2.561e-02:   0%|          | 19/25000 [00:01<26:49]
loss : 3.208e-01  mse_pde 4.424e-02  mse_ic 2.208e-02  mse_in 2.289e-01  mse_out 2.561e-02:   0%|          | 19/25000 [00:01<26:49]
loss : 3.208e-01  mse_pde 4.424e-02  mse_ic 2.208e-02  mse_in 2.289e-01  mse_out 2.561e-02:   0%|          | 21/25000 [00:01<26:03]
loss : 3.037e-01  mse_pde 4.242e-02  mse_ic 2.077e-02  mse_in 2.181e-01  mse_out 2.235e-02:   0%|          | 21/25000 [00:01<26:03]
loss : 3.037e-01  mse_pde 4.242e-02  mse_ic 2.077e-02  mse_in 2.181e-01  mse_out 2.235e-02:   0%|          | 21/25000 [00:01<26:03]
loss : 2.857e-01  mse_pde 4.037e-02  mse_ic 2.031e-02  mse_in 2.053e-01  mse_out 1.967e-02:   0%|          | 21/25000 [00:01<26:03]
loss : 2.857e-01  mse_pde 4.037e-02  mse_ic 2.031e-02  mse_in 2.053e-01  mse_out 1.967e-02:   0%|          | 21/25000 [00:01<26:03]
loss : 2.857e-01  mse_pde 4.037e-02  mse_ic 2.031e-02  mse_in 2.053e-01  mse_out 1.967e-02:   0%|          | 23/25000 [00:01<25:54]
loss : 2.673e-01  mse_pde 3.832e-02  mse_ic 2.056e-02  mse_in 1.910e-01  mse_out 1.747e-02:   0%|          | 23/25000 [00:01<25:54]
loss : 2.673e-01  mse_pde 3.832e-02  mse_ic 2.056e-02  mse_in 1.910e-01  mse_out 1.747e-02:   0%|          | 23/25000 [00:01<25:54]
loss : 2.490e-01  mse_pde 3.641e-02  mse_ic 2.142e-02  mse_in 1.755e-01  mse_out 1.567e-02:   0%|          | 23/25000 [00:01<25:54]
loss : 2.490e-01  mse_pde 3.641e-02  mse_ic 2.142e-02  mse_in 1.755e-01  mse_out 1.567e-02:   0%|          | 23/25000 [00:01<25:54]
loss : 2.490e-01  mse_pde 3.641e-02  mse_ic 2.142e-02  mse_in 1.755e-01  mse_out 1.567e-02:   0%|          | 25/25000 [00:01<25:51]
loss : 2.312e-01  mse_pde 3.475e-02  mse_ic 2.288e-02  mse_in 1.594e-01  mse_out 1.419e-02:   0%|          | 25/25000 [00:01<25:51]
loss : 2.312e-01  mse_pde 3.475e-02  mse_ic 2.288e-02  mse_in 1.594e-01  mse_out 1.419e-02:   0%|          | 25/25000 [00:01<25:51]
loss : 2.144e-01  mse_pde 3.340e-02  mse_ic 2.491e-02  mse_in 1.432e-01  mse_out 1.296e-02:   0%|          | 25/25000 [00:02<25:51]
loss : 2.144e-01  mse_pde 3.340e-02  mse_ic 2.491e-02  mse_in 1.432e-01  mse_out 1.296e-02:   0%|          | 25/25000 [00:02<25:51]
loss : 2.144e-01  mse_pde 3.340e-02  mse_ic 2.491e-02  mse_in 1.432e-01  mse_out 1.296e-02:   0%|          | 27/25000 [00:02<25:30]
loss : 1.990e-01  mse_pde 3.239e-02  mse_ic 2.751e-02  mse_in 1.272e-01  mse_out 1.192e-02:   0%|          | 27/25000 [00:02<25:30]
loss : 1.990e-01  mse_pde 3.239e-02  mse_ic 2.751e-02  mse_in 1.272e-01  mse_out 1.192e-02:   0%|          | 27/25000 [00:02<25:30]
loss : 1.853e-01  mse_pde 3.170e-02  mse_ic 3.066e-02  mse_in 1.119e-01  mse_out 1.104e-02:   0%|          | 27/25000 [00:02<25:30]
loss : 1.853e-01  mse_pde 3.170e-02  mse_ic 3.066e-02  mse_in 1.119e-01  mse_out 1.104e-02:   0%|          | 27/25000 [00:02<25:30]
loss : 1.853e-01  mse_pde 3.170e-02  mse_ic 3.066e-02  mse_in 1.119e-01  mse_out 1.104e-02:   0%|          | 29/25000 [00:02<25:33]
loss : 1.735e-01  mse_pde 3.129e-02  mse_ic 3.429e-02  mse_in 9.765e-02  mse_out 1.025e-02:   0%|          | 29/25000 [00:02<25:33]
loss : 1.735e-01  mse_pde 3.129e-02  mse_ic 3.429e-02  mse_in 9.765e-02  mse_out 1.025e-02:   0%|          | 29/25000 [00:02<25:33]
loss : 1.636e-01  mse_pde 3.111e-02  mse_ic 3.830e-02  mse_in 8.470e-02  mse_out 9.534e-03:   0%|          | 29/25000 [00:02<25:33]
loss : 1.636e-01  mse_pde 3.111e-02  mse_ic 3.830e-02  mse_in 8.470e-02  mse_out 9.534e-03:   0%|          | 29/25000 [00:02<25:33]
loss : 1.636e-01  mse_pde 3.111e-02  mse_ic 3.830e-02  mse_in 8.470e-02  mse_out 9.534e-03:   0%|          | 31/25000 [00:02<25:33]
loss : 1.557e-01  mse_pde 3.110e-02  mse_ic 4.255e-02  mse_in 7.321e-02  mse_out 8.843e-03:   0%|          | 31/25000 [00:02<25:33]
loss : 1.557e-01  mse_pde 3.110e-02  mse_ic 4.255e-02  mse_in 7.321e-02  mse_out 8.843e-03:   0%|          | 31/25000 [00:02<25:33]
loss : 1.494e-01  mse_pde 3.117e-02  mse_ic 4.684e-02  mse_in 6.326e-02  mse_out 8.160e-03:   0%|          | 31/25000 [00:02<25:33]
loss : 1.494e-01  mse_pde 3.117e-02  mse_ic 4.684e-02  mse_in 6.326e-02  mse_out 8.160e-03:   0%|          | 31/25000 [00:02<25:33]
loss : 1.494e-01  mse_pde 3.117e-02  mse_ic 4.684e-02  mse_in 6.326e-02  mse_out 8.160e-03:   0%|          | 33/25000 [00:02<25:21]
loss : 1.445e-01  mse_pde 3.129e-02  mse_ic 5.096e-02  mse_in 5.482e-02  mse_out 7.472e-03:   0%|          | 33/25000 [00:02<25:21]
loss : 1.445e-01  mse_pde 3.129e-02  mse_ic 5.096e-02  mse_in 5.482e-02  mse_out 7.472e-03:   0%|          | 33/25000 [00:02<25:21]
loss : 1.407e-01  mse_pde 3.141e-02  mse_ic 5.471e-02  mse_in 4.782e-02  mse_out 6.778e-03:   0%|          | 33/25000 [00:02<25:21]
loss : 1.407e-01  mse_pde 3.141e-02  mse_ic 5.471e-02  mse_in 4.782e-02  mse_out 6.778e-03:   0%|          | 33/25000 [00:02<25:21]
loss : 1.407e-01  mse_pde 3.141e-02  mse_ic 5.471e-02  mse_in 4.782e-02  mse_out 6.778e-03:   0%|          | 35/25000 [00:02<25:37]
loss : 1.376e-01  mse_pde 3.154e-02  mse_ic 5.788e-02  mse_in 4.211e-02  mse_out 6.085e-03:   0%|          | 35/25000 [00:02<25:37]
loss : 1.376e-01  mse_pde 3.154e-02  mse_ic 5.788e-02  mse_in 4.211e-02  mse_out 6.085e-03:   0%|          | 35/25000 [00:02<25:37]
loss : 1.349e-01  mse_pde 3.167e-02  mse_ic 6.032e-02  mse_in 3.754e-02  mse_out 5.408e-03:   0%|          | 35/25000 [00:02<25:37]
loss : 1.349e-01  mse_pde 3.167e-02  mse_ic 6.032e-02  mse_in 3.754e-02  mse_out 5.408e-03:   0%|          | 35/25000 [00:02<25:37]
loss : 1.324e-01  mse_pde 3.181e-02  mse_ic 6.190e-02  mse_in 3.395e-02  mse_out 4.760e-03:   0%|          | 35/25000 [00:02<25:37]
loss : 1.324e-01  mse_pde 3.181e-02  mse_ic 6.190e-02  mse_in 3.395e-02  mse_out 4.760e-03:   0%|          | 35/25000 [00:02<25:37]
loss : 1.324e-01  mse_pde 3.181e-02  mse_ic 6.190e-02  mse_in 3.395e-02  mse_out 4.760e-03:   0%|          | 38/25000 [00:02<22:54]
loss : 1.299e-01  mse_pde 3.198e-02  mse_ic 6.255e-02  mse_in 3.121e-02  mse_out 4.154e-03:   0%|          | 38/25000 [00:02<22:54]
loss : 1.299e-01  mse_pde 3.198e-02  mse_ic 6.255e-02  mse_in 3.121e-02  mse_out 4.154e-03:   0%|          | 38/25000 [00:02<22:54]
loss : 1.272e-01  mse_pde 3.217e-02  mse_ic 6.228e-02  mse_in 2.919e-02  mse_out 3.602e-03:   0%|          | 38/25000 [00:02<22:54]
loss : 1.272e-01  mse_pde 3.217e-02  mse_ic 6.228e-02  mse_in 2.919e-02  mse_out 3.602e-03:   0%|          | 38/25000 [00:02<22:54]
loss : 1.272e-01  mse_pde 3.217e-02  mse_ic 6.228e-02  mse_in 2.919e-02  mse_out 3.602e-03:   0%|          | 40/25000 [00:02<22:26]
loss : 1.244e-01  mse_pde 3.236e-02  mse_ic 6.112e-02  mse_in 2.778e-02  mse_out 3.108e-03:   0%|          | 40/25000 [00:02<22:26]
loss : 1.244e-01  mse_pde 3.236e-02  mse_ic 6.112e-02  mse_in 2.778e-02  mse_out 3.108e-03:   0%|          | 40/25000 [00:02<22:26]
loss : 1.213e-01  mse_pde 3.252e-02  mse_ic 5.916e-02  mse_in 2.690e-02  mse_out 2.675e-03:   0%|          | 40/25000 [00:02<22:26]
loss : 1.213e-01  mse_pde 3.252e-02  mse_ic 5.916e-02  mse_in 2.690e-02  mse_out 2.675e-03:   0%|          | 40/25000 [00:02<22:26]
loss : 1.213e-01  mse_pde 3.252e-02  mse_ic 5.916e-02  mse_in 2.690e-02  mse_out 2.675e-03:   0%|          | 42/25000 [00:02<22:41]
loss : 1.179e-01  mse_pde 3.264e-02  mse_ic 5.652e-02  mse_in 2.648e-02  mse_out 2.302e-03:   0%|          | 42/25000 [00:02<22:41]
loss : 1.179e-01  mse_pde 3.264e-02  mse_ic 5.652e-02  mse_in 2.648e-02  mse_out 2.302e-03:   0%|          | 42/25000 [00:02<22:41]
loss : 1.145e-01  mse_pde 3.268e-02  mse_ic 5.335e-02  mse_in 2.647e-02  mse_out 1.983e-03:   0%|          | 42/25000 [00:02<22:41]
loss : 1.145e-01  mse_pde 3.268e-02  mse_ic 5.335e-02  mse_in 2.647e-02  mse_out 1.983e-03:   0%|          | 42/25000 [00:02<22:41]
loss : 1.145e-01  mse_pde 3.268e-02  mse_ic 5.335e-02  mse_in 2.647e-02  mse_out 1.983e-03:   0%|          | 44/25000 [00:03<23:39]
loss : 1.109e-01  mse_pde 3.262e-02  mse_ic 4.980e-02  mse_in 2.680e-02  mse_out 1.715e-03:   0%|          | 44/25000 [00:03<23:39]
loss : 1.109e-01  mse_pde 3.262e-02  mse_ic 4.980e-02  mse_in 2.680e-02  mse_out 1.715e-03:   0%|          | 44/25000 [00:03<23:39]
loss : 1.074e-01  mse_pde 3.245e-02  mse_ic 4.604e-02  mse_in 2.743e-02  mse_out 1.490e-03:   0%|          | 44/25000 [00:03<23:39]
loss : 1.074e-01  mse_pde 3.245e-02  mse_ic 4.604e-02  mse_in 2.743e-02  mse_out 1.490e-03:   0%|          | 44/25000 [00:03<23:39]
loss : 1.074e-01  mse_pde 3.245e-02  mse_ic 4.604e-02  mse_in 2.743e-02  mse_out 1.490e-03:   0%|          | 46/25000 [00:03<23:44]
loss : 1.040e-01  mse_pde 3.216e-02  mse_ic 4.223e-02  mse_in 2.830e-02  mse_out 1.303e-03:   0%|          | 46/25000 [00:03<23:44]
loss : 1.040e-01  mse_pde 3.216e-02  mse_ic 4.223e-02  mse_in 2.830e-02  mse_out 1.303e-03:   0%|          | 46/25000 [00:03<23:44]
loss : 1.008e-01  mse_pde 3.178e-02  mse_ic 3.852e-02  mse_in 2.934e-02  mse_out 1.149e-03:   0%|          | 46/25000 [00:03<23:44]
loss : 1.008e-01  mse_pde 3.178e-02  mse_ic 3.852e-02  mse_in 2.934e-02  mse_out 1.149e-03:   0%|          | 46/25000 [00:03<23:44]
loss : 1.008e-01  mse_pde 3.178e-02  mse_ic 3.852e-02  mse_in 2.934e-02  mse_out 1.149e-03:   0%|          | 48/25000 [00:03<24:19]
loss : 9.785e-02  mse_pde 3.133e-02  mse_ic 3.503e-02  mse_in 3.047e-02  mse_out 1.021e-03:   0%|          | 48/25000 [00:03<24:19]
loss : 9.785e-02  mse_pde 3.133e-02  mse_ic 3.503e-02  mse_in 3.047e-02  mse_out 1.021e-03:   0%|          | 48/25000 [00:03<24:19]
loss : 9.522e-02  mse_pde 3.086e-02  mse_ic 3.185e-02  mse_in 3.159e-02  mse_out 9.163e-04:   0%|          | 48/25000 [00:03<24:19]
loss : 9.522e-02  mse_pde 3.086e-02  mse_ic 3.185e-02  mse_in 3.159e-02  mse_out 9.163e-04:   0%|          | 48/25000 [00:03<24:19]
loss : 9.522e-02  mse_pde 3.086e-02  mse_ic 3.185e-02  mse_in 3.159e-02  mse_out 9.163e-04:   0%|          | 50/25000 [00:03<24:37]
loss : 9.291e-02  mse_pde 3.043e-02  mse_ic 2.907e-02  mse_in 3.259e-02  mse_out 8.301e-04:   0%|          | 50/25000 [00:03<24:37]
loss : 9.291e-02  mse_pde 3.043e-02  mse_ic 2.907e-02  mse_in 3.259e-02  mse_out 8.301e-04:   0%|          | 50/25000 [00:03<24:37]
loss : 9.089e-02  mse_pde 3.007e-02  mse_ic 2.671e-02  mse_in 3.335e-02  mse_out 7.594e-04:   0%|          | 50/25000 [00:03<24:37]
loss : 9.089e-02  mse_pde 3.007e-02  mse_ic 2.671e-02  mse_in 3.335e-02  mse_out 7.594e-04:   0%|          | 50/25000 [00:03<24:37]
loss : 9.089e-02  mse_pde 3.007e-02  mse_ic 2.671e-02  mse_in 3.335e-02  mse_out 7.594e-04:   0%|          | 52/25000 [00:03<25:03]
loss : 8.912e-02  mse_pde 2.984e-02  mse_ic 2.479e-02  mse_in 3.378e-02  mse_out 7.014e-04:   0%|          | 52/25000 [00:03<25:03]
loss : 8.912e-02  mse_pde 2.984e-02  mse_ic 2.479e-02  mse_in 3.378e-02  mse_out 7.014e-04:   0%|          | 52/25000 [00:03<25:03]
loss : 8.753e-02  mse_pde 2.976e-02  mse_ic 2.330e-02  mse_in 3.381e-02  mse_out 6.539e-04:   0%|          | 52/25000 [00:03<25:03]
loss : 8.753e-02  mse_pde 2.976e-02  mse_ic 2.330e-02  mse_in 3.381e-02  mse_out 6.539e-04:   0%|          | 52/25000 [00:03<25:03]
loss : 8.753e-02  mse_pde 2.976e-02  mse_ic 2.330e-02  mse_in 3.381e-02  mse_out 6.539e-04:   0%|          | 54/25000 [00:03<25:15]
loss : 8.608e-02  mse_pde 2.982e-02  mse_ic 2.223e-02  mse_in 3.341e-02  mse_out 6.148e-04:   0%|          | 54/25000 [00:03<25:15]
loss : 8.608e-02  mse_pde 2.982e-02  mse_ic 2.223e-02  mse_in 3.341e-02  mse_out 6.148e-04:   0%|          | 54/25000 [00:03<25:15]
loss : 8.471e-02  mse_pde 3.000e-02  mse_ic 2.153e-02  mse_in 3.260e-02  mse_out 5.824e-04:   0%|          | 54/25000 [00:03<25:15]
loss : 8.471e-02  mse_pde 3.000e-02  mse_ic 2.153e-02  mse_in 3.260e-02  mse_out 5.824e-04:   0%|          | 54/25000 [00:03<25:15]
loss : 8.471e-02  mse_pde 3.000e-02  mse_ic 2.153e-02  mse_in 3.260e-02  mse_out 5.824e-04:   0%|          | 56/25000 [00:03<25:19]
loss : 8.340e-02  mse_pde 3.024e-02  mse_ic 2.117e-02  mse_in 3.144e-02  mse_out 5.554e-04:   0%|          | 56/25000 [00:03<25:19]
loss : 8.340e-02  mse_pde 3.024e-02  mse_ic 2.117e-02  mse_in 3.144e-02  mse_out 5.554e-04:   0%|          | 56/25000 [00:03<25:19]
loss : 8.212e-02  mse_pde 3.047e-02  mse_ic 2.110e-02  mse_in 3.001e-02  mse_out 5.324e-04:   0%|          | 56/25000 [00:03<25:19]
loss : 8.212e-02  mse_pde 3.047e-02  mse_ic 2.110e-02  mse_in 3.001e-02  mse_out 5.324e-04:   0%|          | 56/25000 [00:03<25:19]
loss : 8.212e-02  mse_pde 3.047e-02  mse_ic 2.110e-02  mse_in 3.001e-02  mse_out 5.324e-04:   0%|          | 58/25000 [00:03<25:17]
loss : 8.085e-02  mse_pde 3.063e-02  mse_ic 2.128e-02  mse_in 2.842e-02  mse_out 5.124e-04:   0%|          | 58/25000 [00:03<25:17]
loss : 8.085e-02  mse_pde 3.063e-02  mse_ic 2.128e-02  mse_in 2.842e-02  mse_out 5.124e-04:   0%|          | 58/25000 [00:03<25:17]
loss : 7.959e-02  mse_pde 3.067e-02  mse_ic 2.166e-02  mse_in 2.676e-02  mse_out 4.946e-04:   0%|          | 58/25000 [00:03<25:17]
loss : 7.959e-02  mse_pde 3.067e-02  mse_ic 2.166e-02  mse_in 2.676e-02  mse_out 4.946e-04:   0%|          | 58/25000 [00:03<25:17]
loss : 7.959e-02  mse_pde 3.067e-02  mse_ic 2.166e-02  mse_in 2.676e-02  mse_out 4.946e-04:   0%|          | 60/25000 [00:03<25:10]
loss : 7.835e-02  mse_pde 3.056e-02  mse_ic 2.218e-02  mse_in 2.514e-02  mse_out 4.781e-04:   0%|          | 60/25000 [00:04<25:10]
loss : 7.835e-02  mse_pde 3.056e-02  mse_ic 2.218e-02  mse_in 2.514e-02  mse_out 4.781e-04:   0%|          | 60/25000 [00:04<25:10]
loss : 7.715e-02  mse_pde 3.028e-02  mse_ic 2.279e-02  mse_in 2.361e-02  mse_out 4.625e-04:   0%|          | 60/25000 [00:04<25:10]
loss : 7.715e-02  mse_pde 3.028e-02  mse_ic 2.279e-02  mse_in 2.361e-02  mse_out 4.625e-04:   0%|          | 60/25000 [00:04<25:10]
loss : 7.715e-02  mse_pde 3.028e-02  mse_ic 2.279e-02  mse_in 2.361e-02  mse_out 4.625e-04:   0%|          | 62/25000 [00:04<25:16]
loss : 7.601e-02  mse_pde 2.988e-02  mse_ic 2.343e-02  mse_in 2.225e-02  mse_out 4.474e-04:   0%|          | 62/25000 [00:04<25:16]
loss : 7.601e-02  mse_pde 2.988e-02  mse_ic 2.343e-02  mse_in 2.225e-02  mse_out 4.474e-04:   0%|          | 62/25000 [00:04<25:16]
loss : 7.496e-02  mse_pde 2.939e-02  mse_ic 2.403e-02  mse_in 2.110e-02  mse_out 4.327e-04:   0%|          | 62/25000 [00:04<25:16]
loss : 7.496e-02  mse_pde 2.939e-02  mse_ic 2.403e-02  mse_in 2.110e-02  mse_out 4.327e-04:   0%|          | 62/25000 [00:04<25:16]
loss : 7.496e-02  mse_pde 2.939e-02  mse_ic 2.403e-02  mse_in 2.110e-02  mse_out 4.327e-04:   0%|          | 64/25000 [00:04<25:15]
loss : 7.401e-02  mse_pde 2.887e-02  mse_ic 2.455e-02  mse_in 2.017e-02  mse_out 4.182e-04:   0%|          | 64/25000 [00:04<25:15]
loss : 7.401e-02  mse_pde 2.887e-02  mse_ic 2.455e-02  mse_in 2.017e-02  mse_out 4.182e-04:   0%|          | 64/25000 [00:04<25:15]
loss : 7.319e-02  mse_pde 2.837e-02  mse_ic 2.491e-02  mse_in 1.950e-02  mse_out 4.042e-04:   0%|          | 64/25000 [00:04<25:15]
loss : 7.319e-02  mse_pde 2.837e-02  mse_ic 2.491e-02  mse_in 1.950e-02  mse_out 4.042e-04:   0%|          | 64/25000 [00:04<25:15]
loss : 7.319e-02  mse_pde 2.837e-02  mse_ic 2.491e-02  mse_in 1.950e-02  mse_out 4.042e-04:   0%|          | 66/25000 [00:04<25:17]
loss : 7.248e-02  mse_pde 2.793e-02  mse_ic 2.510e-02  mse_in 1.907e-02  mse_out 3.908e-04:   0%|          | 66/25000 [00:04<25:17]
loss : 7.248e-02  mse_pde 2.793e-02  mse_ic 2.510e-02  mse_in 1.907e-02  mse_out 3.908e-04:   0%|          | 66/25000 [00:04<25:17]
loss : 7.189e-02  mse_pde 2.756e-02  mse_ic 2.508e-02  mse_in 1.887e-02  mse_out 3.783e-04:   0%|          | 66/25000 [00:04<25:17]
loss : 7.189e-02  mse_pde 2.756e-02  mse_ic 2.508e-02  mse_in 1.887e-02  mse_out 3.783e-04:   0%|          | 66/25000 [00:04<25:17]
loss : 7.189e-02  mse_pde 2.756e-02  mse_ic 2.508e-02  mse_in 1.887e-02  mse_out 3.783e-04:   0%|          | 68/25000 [00:04<25:17]
loss : 7.136e-02  mse_pde 2.724e-02  mse_ic 2.487e-02  mse_in 1.889e-02  mse_out 3.671e-04:   0%|          | 68/25000 [00:04<25:17]
loss : 7.136e-02  mse_pde 2.724e-02  mse_ic 2.487e-02  mse_in 1.889e-02  mse_out 3.671e-04:   0%|          | 68/25000 [00:04<25:17]
loss : 7.086e-02  mse_pde 2.694e-02  mse_ic 2.449e-02  mse_in 1.908e-02  mse_out 3.574e-04:   0%|          | 68/25000 [00:04<25:17]
loss : 7.086e-02  mse_pde 2.694e-02  mse_ic 2.449e-02  mse_in 1.908e-02  mse_out 3.574e-04:   0%|          | 68/25000 [00:04<25:17]
loss : 7.086e-02  mse_pde 2.694e-02  mse_ic 2.449e-02  mse_in 1.908e-02  mse_out 3.574e-04:   0%|          | 70/25000 [00:04<25:18]
loss : 7.032e-02  mse_pde 2.660e-02  mse_ic 2.396e-02  mse_in 1.942e-02  mse_out 3.495e-04:   0%|          | 70/25000 [00:04<25:18]
loss : 7.032e-02  mse_pde 2.660e-02  mse_ic 2.396e-02  mse_in 1.942e-02  mse_out 3.495e-04:   0%|          | 70/25000 [00:04<25:18]
loss : 6.969e-02  mse_pde 2.616e-02  mse_ic 2.335e-02  mse_in 1.983e-02  mse_out 3.437e-04:   0%|          | 70/25000 [00:04<25:18]
loss : 6.969e-02  mse_pde 2.616e-02  mse_ic 2.335e-02  mse_in 1.983e-02  mse_out 3.437e-04:   0%|          | 70/25000 [00:04<25:18]
loss : 6.969e-02  mse_pde 2.616e-02  mse_ic 2.335e-02  mse_in 1.983e-02  mse_out 3.437e-04:   0%|          | 72/25000 [00:04<25:19]
loss : 6.893e-02  mse_pde 2.561e-02  mse_ic 2.270e-02  mse_in 2.028e-02  mse_out 3.401e-04:   0%|          | 72/25000 [00:04<25:19]
loss : 6.893e-02  mse_pde 2.561e-02  mse_ic 2.270e-02  mse_in 2.028e-02  mse_out 3.401e-04:   0%|          | 72/25000 [00:04<25:19]
loss : 6.802e-02  mse_pde 2.493e-02  mse_ic 2.205e-02  mse_in 2.070e-02  mse_out 3.388e-04:   0%|          | 72/25000 [00:04<25:19]
loss : 6.802e-02  mse_pde 2.493e-02  mse_ic 2.205e-02  mse_in 2.070e-02  mse_out 3.388e-04:   0%|          | 72/25000 [00:04<25:19]
loss : 6.802e-02  mse_pde 2.493e-02  mse_ic 2.205e-02  mse_in 2.070e-02  mse_out 3.388e-04:   0%|          | 74/25000 [00:04<25:27]
loss : 6.700e-02  mse_pde 2.415e-02  mse_ic 2.145e-02  mse_in 2.105e-02  mse_out 3.396e-04:   0%|          | 74/25000 [00:04<25:27]
loss : 6.700e-02  mse_pde 2.415e-02  mse_ic 2.145e-02  mse_in 2.105e-02  mse_out 3.396e-04:   0%|          | 74/25000 [00:04<25:27]
loss : 6.589e-02  mse_pde 2.333e-02  mse_ic 2.093e-02  mse_in 2.129e-02  mse_out 3.426e-04:   0%|          | 74/25000 [00:04<25:27]
loss : 6.589e-02  mse_pde 2.333e-02  mse_ic 2.093e-02  mse_in 2.129e-02  mse_out 3.426e-04:   0%|          | 74/25000 [00:04<25:27]
loss : 6.589e-02  mse_pde 2.333e-02  mse_ic 2.093e-02  mse_in 2.129e-02  mse_out 3.426e-04:   0%|          | 76/25000 [00:04<25:31]
loss : 6.476e-02  mse_pde 2.251e-02  mse_ic 2.051e-02  mse_in 2.139e-02  mse_out 3.478e-04:   0%|          | 76/25000 [00:05<25:31]
loss : 6.476e-02  mse_pde 2.251e-02  mse_ic 2.051e-02  mse_in 2.139e-02  mse_out 3.478e-04:   0%|          | 76/25000 [00:05<25:31]
loss : 6.367e-02  mse_pde 2.177e-02  mse_ic 2.020e-02  mse_in 2.134e-02  mse_out 3.548e-04:   0%|          | 76/25000 [00:05<25:31]
loss : 6.367e-02  mse_pde 2.177e-02  mse_ic 2.020e-02  mse_in 2.134e-02  mse_out 3.548e-04:   0%|          | 76/25000 [00:05<25:31]
loss : 6.367e-02  mse_pde 2.177e-02  mse_ic 2.020e-02  mse_in 2.134e-02  mse_out 3.548e-04:   0%|          | 78/25000 [00:05<25:23]
loss : 6.268e-02  mse_pde 2.114e-02  mse_ic 2.001e-02  mse_in 2.116e-02  mse_out 3.636e-04:   0%|          | 78/25000 [00:05<25:23]
loss : 6.268e-02  mse_pde 2.114e-02  mse_ic 2.001e-02  mse_in 2.116e-02  mse_out 3.636e-04:   0%|          | 78/25000 [00:05<25:23]
loss : 6.181e-02  mse_pde 2.065e-02  mse_ic 1.991e-02  mse_in 2.088e-02  mse_out 3.739e-04:   0%|          | 78/25000 [00:05<25:23]
loss : 6.181e-02  mse_pde 2.065e-02  mse_ic 1.991e-02  mse_in 2.088e-02  mse_out 3.739e-04:   0%|          | 78/25000 [00:05<25:23]
loss : 6.181e-02  mse_pde 2.065e-02  mse_ic 1.991e-02  mse_in 2.088e-02  mse_out 3.739e-04:   0%|          | 80/25000 [00:05<25:26]
loss : 6.108e-02  mse_pde 2.027e-02  mse_ic 1.989e-02  mse_in 2.053e-02  mse_out 3.850e-04:   0%|          | 80/25000 [00:05<25:26]
loss : 6.108e-02  mse_pde 2.027e-02  mse_ic 1.989e-02  mse_in 2.053e-02  mse_out 3.850e-04:   0%|          | 80/25000 [00:05<25:26]
loss : 6.045e-02  mse_pde 1.995e-02  mse_ic 1.993e-02  mse_in 2.018e-02  mse_out 3.963e-04:   0%|          | 80/25000 [00:05<25:26]
loss : 6.045e-02  mse_pde 1.995e-02  mse_ic 1.993e-02  mse_in 2.018e-02  mse_out 3.963e-04:   0%|          | 80/25000 [00:05<25:26]
loss : 6.045e-02  mse_pde 1.995e-02  mse_ic 1.993e-02  mse_in 2.018e-02  mse_out 3.963e-04:   0%|          | 82/25000 [00:05<25:18]
loss : 5.987e-02  mse_pde 1.959e-02  mse_ic 2.000e-02  mse_in 1.987e-02  mse_out 4.071e-04:   0%|          | 82/25000 [00:05<25:18]
loss : 5.987e-02  mse_pde 1.959e-02  mse_ic 2.000e-02  mse_in 1.987e-02  mse_out 4.071e-04:   0%|          | 82/25000 [00:05<25:18]
loss : 5.926e-02  mse_pde 1.912e-02  mse_ic 2.007e-02  mse_in 1.966e-02  mse_out 4.164e-04:   0%|          | 82/25000 [00:05<25:18]
loss : 5.926e-02  mse_pde 1.912e-02  mse_ic 2.007e-02  mse_in 1.966e-02  mse_out 4.164e-04:   0%|          | 82/25000 [00:05<25:18]
loss : 5.926e-02  mse_pde 1.912e-02  mse_ic 2.007e-02  mse_in 1.966e-02  mse_out 4.164e-04:   0%|          | 84/25000 [00:05<25:18]
loss : 5.857e-02  mse_pde 1.846e-02  mse_ic 2.012e-02  mse_in 1.957e-02  mse_out 4.236e-04:   0%|          | 84/25000 [00:05<25:18]
loss : 5.857e-02  mse_pde 1.846e-02  mse_ic 2.012e-02  mse_in 1.957e-02  mse_out 4.236e-04:   0%|          | 84/25000 [00:05<25:18]
loss : 5.778e-02  mse_pde 1.761e-02  mse_ic 2.014e-02  mse_in 1.961e-02  mse_out 4.280e-04:   0%|          | 84/25000 [00:05<25:18]
loss : 5.778e-02  mse_pde 1.761e-02  mse_ic 2.014e-02  mse_in 1.961e-02  mse_out 4.280e-04:   0%|          | 84/25000 [00:05<25:18]
loss : 5.778e-02  mse_pde 1.761e-02  mse_ic 2.014e-02  mse_in 1.961e-02  mse_out 4.280e-04:   0%|          | 86/25000 [00:05<25:05]
loss : 5.692e-02  mse_pde 1.659e-02  mse_ic 2.013e-02  mse_in 1.978e-02  mse_out 4.293e-04:   0%|          | 86/25000 [00:05<25:05]
loss : 5.692e-02  mse_pde 1.659e-02  mse_ic 2.013e-02  mse_in 1.978e-02  mse_out 4.293e-04:   0%|          | 86/25000 [00:05<25:05]
loss : 5.604e-02  mse_pde 1.545e-02  mse_ic 2.011e-02  mse_in 2.005e-02  mse_out 4.275e-04:   0%|          | 86/25000 [00:05<25:05]
loss : 5.604e-02  mse_pde 1.545e-02  mse_ic 2.011e-02  mse_in 2.005e-02  mse_out 4.275e-04:   0%|          | 86/25000 [00:05<25:05]
loss : 5.604e-02  mse_pde 1.545e-02  mse_ic 2.011e-02  mse_in 2.005e-02  mse_out 4.275e-04:   0%|          | 88/25000 [00:05<25:04]
loss : 5.521e-02  mse_pde 1.430e-02  mse_ic 2.011e-02  mse_in 2.038e-02  mse_out 4.228e-04:   0%|          | 88/25000 [00:05<25:04]
loss : 5.521e-02  mse_pde 1.430e-02  mse_ic 2.011e-02  mse_in 2.038e-02  mse_out 4.228e-04:   0%|          | 88/25000 [00:05<25:04]
loss : 5.447e-02  mse_pde 1.321e-02  mse_ic 2.015e-02  mse_in 2.070e-02  mse_out 4.155e-04:   0%|          | 88/25000 [00:05<25:04]
loss : 5.447e-02  mse_pde 1.321e-02  mse_ic 2.015e-02  mse_in 2.070e-02  mse_out 4.155e-04:   0%|          | 88/25000 [00:05<25:04]
loss : 5.447e-02  mse_pde 1.321e-02  mse_ic 2.015e-02  mse_in 2.070e-02  mse_out 4.155e-04:   0%|          | 90/25000 [00:05<25:06]
loss : 5.386e-02  mse_pde 1.224e-02  mse_ic 2.026e-02  mse_in 2.095e-02  mse_out 4.064e-04:   0%|          | 90/25000 [00:05<25:06]
loss : 5.386e-02  mse_pde 1.224e-02  mse_ic 2.026e-02  mse_in 2.095e-02  mse_out 4.064e-04:   0%|          | 90/25000 [00:05<25:06]
loss : 5.335e-02  mse_pde 1.144e-02  mse_ic 2.048e-02  mse_in 2.102e-02  mse_out 3.959e-04:   0%|          | 90/25000 [00:05<25:06]
loss : 5.335e-02  mse_pde 1.144e-02  mse_ic 2.048e-02  mse_in 2.102e-02  mse_out 3.959e-04:   0%|          | 90/25000 [00:05<25:06]
loss : 5.335e-02  mse_pde 1.144e-02  mse_ic 2.048e-02  mse_in 2.102e-02  mse_out 3.959e-04:   0%|          | 92/25000 [00:05<25:00]
loss : 5.288e-02  mse_pde 1.080e-02  mse_ic 2.083e-02  mse_in 2.087e-02  mse_out 3.846e-04:   0%|          | 92/25000 [00:05<25:00]
loss : 5.288e-02  mse_pde 1.080e-02  mse_ic 2.083e-02  mse_in 2.087e-02  mse_out 3.846e-04:   0%|          | 92/25000 [00:05<25:00]
loss : 5.240e-02  mse_pde 1.029e-02  mse_ic 2.128e-02  mse_in 2.046e-02  mse_out 3.727e-04:   0%|          | 92/25000 [00:06<25:00]
loss : 5.240e-02  mse_pde 1.029e-02  mse_ic 2.128e-02  mse_in 2.046e-02  mse_out 3.727e-04:   0%|          | 92/25000 [00:06<25:00]
loss : 5.240e-02  mse_pde 1.029e-02  mse_ic 2.128e-02  mse_in 2.046e-02  mse_out 3.727e-04:   0%|          | 94/25000 [00:06<24:57]
loss : 5.186e-02  mse_pde 9.879e-03  mse_ic 2.180e-02  mse_in 1.982e-02  mse_out 3.606e-04:   0%|          | 94/25000 [00:06<24:57]
loss : 5.186e-02  mse_pde 9.879e-03  mse_ic 2.180e-02  mse_in 1.982e-02  mse_out 3.606e-04:   0%|          | 94/25000 [00:06<24:57]
loss : 5.125e-02  mse_pde 9.544e-03  mse_ic 2.231e-02  mse_in 1.905e-02  mse_out 3.479e-04:   0%|          | 94/25000 [00:06<24:57]
loss : 5.125e-02  mse_pde 9.544e-03  mse_ic 2.231e-02  mse_in 1.905e-02  mse_out 3.479e-04:   0%|          | 94/25000 [00:06<24:57]
loss : 5.125e-02  mse_pde 9.544e-03  mse_ic 2.231e-02  mse_in 1.905e-02  mse_out 3.479e-04:   0%|          | 96/25000 [00:06<25:07]
loss : 5.061e-02  mse_pde 9.287e-03  mse_ic 2.274e-02  mse_in 1.825e-02  mse_out 3.344e-04:   0%|          | 96/25000 [00:06<25:07]
loss : 5.061e-02  mse_pde 9.287e-03  mse_ic 2.274e-02  mse_in 1.825e-02  mse_out 3.344e-04:   0%|          | 96/25000 [00:06<25:07]
loss : 4.996e-02  mse_pde 9.116e-03  mse_ic 2.298e-02  mse_in 1.755e-02  mse_out 3.197e-04:   0%|          | 96/25000 [00:06<25:07]
loss : 4.996e-02  mse_pde 9.116e-03  mse_ic 2.298e-02  mse_in 1.755e-02  mse_out 3.197e-04:   0%|          | 96/25000 [00:06<25:07]
loss : 4.996e-02  mse_pde 9.116e-03  mse_ic 2.298e-02  mse_in 1.755e-02  mse_out 3.197e-04:   0%|          | 98/25000 [00:06<25:14]
loss : 4.932e-02  mse_pde 9.037e-03  mse_ic 2.294e-02  mse_in 1.703e-02  mse_out 3.035e-04:   0%|          | 98/25000 [00:06<25:14]
loss : 4.932e-02  mse_pde 9.037e-03  mse_ic 2.294e-02  mse_in 1.703e-02  mse_out 3.035e-04:   0%|          | 98/25000 [00:06<25:14]
loss : 4.870e-02  mse_pde 9.037e-03  mse_ic 2.260e-02  mse_in 1.678e-02  mse_out 2.857e-04:   0%|          | 98/25000 [00:06<25:14]
loss : 4.870e-02  mse_pde 9.037e-03  mse_ic 2.260e-02  mse_in 1.678e-02  mse_out 2.857e-04:   0%|          | 98/25000 [00:06<25:14]
loss : 4.870e-02  mse_pde 9.037e-03  mse_ic 2.260e-02  mse_in 1.678e-02  mse_out 2.857e-04:   0%|          | 100/25000 [00:06<25:13]
loss : 4.811e-02  mse_pde 9.078e-03  mse_ic 2.194e-02  mse_in 1.682e-02  mse_out 2.663e-04:   0%|          | 100/25000 [00:06<25:13]
loss : 4.811e-02  mse_pde 9.078e-03  mse_ic 2.194e-02  mse_in 1.682e-02  mse_out 2.663e-04:   0%|          | 100/25000 [00:06<25:13]
loss : 4.755e-02  mse_pde 9.112e-03  mse_ic 2.103e-02  mse_in 1.716e-02  mse_out 2.459e-04:   0%|          | 100/25000 [00:06<25:13]
loss : 4.755e-02  mse_pde 9.112e-03  mse_ic 2.103e-02  mse_in 1.716e-02  mse_out 2.459e-04:   0%|          | 100/25000 [00:06<25:13]
loss : 4.755e-02  mse_pde 9.112e-03  mse_ic 2.103e-02  mse_in 1.716e-02  mse_out 2.459e-04:   0%|          | 102/25000 [00:06<42:48]
loss : 4.720e-02  mse_pde 9.084e-03  mse_ic 2.053e-02  mse_in 1.736e-02  mse_out 2.330e-04:   0%|          | 102/25000 [00:06<42:48]
loss : 4.720e-02  mse_pde 9.084e-03  mse_ic 2.053e-02  mse_in 1.736e-02  mse_out 2.330e-04:   0%|          | 102/25000 [00:06<42:48]
loss : 4.685e-02  mse_pde 9.005e-03  mse_ic 1.997e-02  mse_in 1.766e-02  mse_out 2.198e-04:   0%|          | 102/25000 [00:06<42:48]
loss : 4.685e-02  mse_pde 9.005e-03  mse_ic 1.997e-02  mse_in 1.766e-02  mse_out 2.198e-04:   0%|          | 102/25000 [00:06<42:48]
loss : 4.685e-02  mse_pde 9.005e-03  mse_ic 1.997e-02  mse_in 1.766e-02  mse_out 2.198e-04:   0%|          | 104/25000 [00:06<37:36]
loss : 4.649e-02  mse_pde 8.870e-03  mse_ic 1.939e-02  mse_in 1.802e-02  mse_out 2.066e-04:   0%|          | 104/25000 [00:06<37:36]
loss : 4.649e-02  mse_pde 8.870e-03  mse_ic 1.939e-02  mse_in 1.802e-02  mse_out 2.066e-04:   0%|          | 104/25000 [00:06<37:36]
loss : 4.613e-02  mse_pde 8.695e-03  mse_ic 1.886e-02  mse_in 1.838e-02  mse_out 1.937e-04:   0%|          | 104/25000 [00:07<37:36]
loss : 4.613e-02  mse_pde 8.695e-03  mse_ic 1.886e-02  mse_in 1.838e-02  mse_out 1.937e-04:   0%|          | 104/25000 [00:07<37:36]
loss : 4.613e-02  mse_pde 8.695e-03  mse_ic 1.886e-02  mse_in 1.838e-02  mse_out 1.937e-04:   0%|          | 106/25000 [00:07<33:25]
loss : 4.577e-02  mse_pde 8.508e-03  mse_ic 1.842e-02  mse_in 1.866e-02  mse_out 1.816e-04:   0%|          | 106/25000 [00:07<33:25]
loss : 4.577e-02  mse_pde 8.508e-03  mse_ic 1.842e-02  mse_in 1.866e-02  mse_out 1.816e-04:   0%|          | 106/25000 [00:07<33:25]
loss : 4.541e-02  mse_pde 8.340e-03  mse_ic 1.812e-02  mse_in 1.878e-02  mse_out 1.706e-04:   0%|          | 106/25000 [00:07<33:25]
loss : 4.541e-02  mse_pde 8.340e-03  mse_ic 1.812e-02  mse_in 1.878e-02  mse_out 1.706e-04:   0%|          | 106/25000 [00:07<33:25]
loss : 4.541e-02  mse_pde 8.340e-03  mse_ic 1.812e-02  mse_in 1.878e-02  mse_out 1.706e-04:   0%|          | 108/25000 [00:07<31:01]
loss : 4.505e-02  mse_pde 8.218e-03  mse_ic 1.798e-02  mse_in 1.869e-02  mse_out 1.607e-04:   0%|          | 108/25000 [00:07<31:01]
loss : 4.505e-02  mse_pde 8.218e-03  mse_ic 1.798e-02  mse_in 1.869e-02  mse_out 1.607e-04:   0%|          | 108/25000 [00:07<31:01]
loss : 4.469e-02  mse_pde 8.156e-03  mse_ic 1.802e-02  mse_in 1.836e-02  mse_out 1.522e-04:   0%|          | 108/25000 [00:07<31:01]
loss : 4.469e-02  mse_pde 8.156e-03  mse_ic 1.802e-02  mse_in 1.836e-02  mse_out 1.522e-04:   0%|          | 108/25000 [00:07<31:01]
loss : 4.469e-02  mse_pde 8.156e-03  mse_ic 1.802e-02  mse_in 1.836e-02  mse_out 1.522e-04:   0%|          | 110/25000 [00:07<29:11]
loss : 4.433e-02  mse_pde 8.152e-03  mse_ic 1.822e-02  mse_in 1.782e-02  mse_out 1.450e-04:   0%|          | 110/25000 [00:07<29:11]
loss : 4.433e-02  mse_pde 8.152e-03  mse_ic 1.822e-02  mse_in 1.782e-02  mse_out 1.450e-04:   0%|          | 110/25000 [00:07<29:11]
loss : 4.399e-02  mse_pde 8.193e-03  mse_ic 1.853e-02  mse_in 1.713e-02  mse_out 1.391e-04:   0%|          | 110/25000 [00:07<29:11]
loss : 4.399e-02  mse_pde 8.193e-03  mse_ic 1.853e-02  mse_in 1.713e-02  mse_out 1.391e-04:   0%|          | 110/25000 [00:07<29:11]
loss : 4.399e-02  mse_pde 8.193e-03  mse_ic 1.853e-02  mse_in 1.713e-02  mse_out 1.391e-04:   0%|          | 112/25000 [00:07<28:07]
loss : 4.367e-02  mse_pde 8.259e-03  mse_ic 1.890e-02  mse_in 1.638e-02  mse_out 1.343e-04:   0%|          | 112/25000 [00:07<28:07]
loss : 4.367e-02  mse_pde 8.259e-03  mse_ic 1.890e-02  mse_in 1.638e-02  mse_out 1.343e-04:   0%|          | 112/25000 [00:07<28:07]
loss : 4.338e-02  mse_pde 8.327e-03  mse_ic 1.926e-02  mse_in 1.567e-02  mse_out 1.305e-04:   0%|          | 112/25000 [00:07<28:07]
loss : 4.338e-02  mse_pde 8.327e-03  mse_ic 1.926e-02  mse_in 1.567e-02  mse_out 1.305e-04:   0%|          | 112/25000 [00:07<28:07]
loss : 4.338e-02  mse_pde 8.327e-03  mse_ic 1.926e-02  mse_in 1.567e-02  mse_out 1.305e-04:   0%|          | 114/25000 [00:07<27:11]
loss : 4.309e-02  mse_pde 8.375e-03  mse_ic 1.951e-02  mse_in 1.508e-02  mse_out 1.276e-04:   0%|          | 114/25000 [00:07<27:11]
loss : 4.309e-02  mse_pde 8.375e-03  mse_ic 1.951e-02  mse_in 1.508e-02  mse_out 1.276e-04:   0%|          | 114/25000 [00:07<27:11]
loss : 4.279e-02  mse_pde 8.385e-03  mse_ic 1.959e-02  mse_in 1.469e-02  mse_out 1.253e-04:   0%|          | 114/25000 [00:07<27:11]
loss : 4.279e-02  mse_pde 8.385e-03  mse_ic 1.959e-02  mse_in 1.469e-02  mse_out 1.253e-04:   0%|          | 114/25000 [00:07<27:11]
loss : 4.279e-02  mse_pde 8.385e-03  mse_ic 1.959e-02  mse_in 1.469e-02  mse_out 1.253e-04:   0%|          | 116/25000 [00:07<26:38]
loss : 4.246e-02  mse_pde 8.346e-03  mse_ic 1.945e-02  mse_in 1.454e-02  mse_out 1.236e-04:   0%|          | 116/25000 [00:07<26:38]
loss : 4.246e-02  mse_pde 8.346e-03  mse_ic 1.945e-02  mse_in 1.454e-02  mse_out 1.236e-04:   0%|          | 116/25000 [00:07<26:38]
loss : 4.211e-02  mse_pde 8.252e-03  mse_ic 1.911e-02  mse_in 1.463e-02  mse_out 1.223e-04:   0%|          | 116/25000 [00:07<26:38]
loss : 4.211e-02  mse_pde 8.252e-03  mse_ic 1.911e-02  mse_in 1.463e-02  mse_out 1.223e-04:   0%|          | 116/25000 [00:07<26:38]
loss : 4.211e-02  mse_pde 8.252e-03  mse_ic 1.911e-02  mse_in 1.463e-02  mse_out 1.223e-04:   0%|          | 118/25000 [00:07<26:16]
loss : 4.176e-02  mse_pde 8.106e-03  mse_ic 1.858e-02  mse_in 1.494e-02  mse_out 1.215e-04:   0%|          | 118/25000 [00:07<26:16]
loss : 4.176e-02  mse_pde 8.106e-03  mse_ic 1.858e-02  mse_in 1.494e-02  mse_out 1.215e-04:   0%|          | 118/25000 [00:07<26:16]
loss : 4.142e-02  mse_pde 7.919e-03  mse_ic 1.795e-02  mse_in 1.543e-02  mse_out 1.209e-04:   0%|          | 118/25000 [00:07<26:16]
loss : 4.142e-02  mse_pde 7.919e-03  mse_ic 1.795e-02  mse_in 1.543e-02  mse_out 1.209e-04:   0%|          | 118/25000 [00:07<26:16]
loss : 4.142e-02  mse_pde 7.919e-03  mse_ic 1.795e-02  mse_in 1.543e-02  mse_out 1.209e-04:   0%|          | 120/25000 [00:07<25:58]
loss : 4.113e-02  mse_pde 7.706e-03  mse_ic 1.729e-02  mse_in 1.601e-02  mse_out 1.208e-04:   0%|          | 120/25000 [00:07<25:58]
loss : 4.113e-02  mse_pde 7.706e-03  mse_ic 1.729e-02  mse_in 1.601e-02  mse_out 1.208e-04:   0%|          | 120/25000 [00:07<25:58]
loss : 4.088e-02  mse_pde 7.493e-03  mse_ic 1.669e-02  mse_in 1.658e-02  mse_out 1.211e-04:   0%|          | 120/25000 [00:08<25:58]
loss : 4.088e-02  mse_pde 7.493e-03  mse_ic 1.669e-02  mse_in 1.658e-02  mse_out 1.211e-04:   0%|          | 120/25000 [00:08<25:58]
loss : 4.088e-02  mse_pde 7.493e-03  mse_ic 1.669e-02  mse_in 1.658e-02  mse_out 1.211e-04:   0%|          | 122/25000 [00:08<25:40]
loss : 4.067e-02  mse_pde 7.304e-03  mse_ic 1.624e-02  mse_in 1.700e-02  mse_out 1.218e-04:   0%|          | 122/25000 [00:08<25:40]
loss : 4.067e-02  mse_pde 7.304e-03  mse_ic 1.624e-02  mse_in 1.700e-02  mse_out 1.218e-04:   0%|          | 122/25000 [00:08<25:40]
loss : 4.047e-02  mse_pde 7.157e-03  mse_ic 1.601e-02  mse_in 1.718e-02  mse_out 1.230e-04:   0%|          | 122/25000 [00:08<25:40]
loss : 4.047e-02  mse_pde 7.157e-03  mse_ic 1.601e-02  mse_in 1.718e-02  mse_out 1.230e-04:   0%|          | 122/25000 [00:08<25:40]
loss : 4.047e-02  mse_pde 7.157e-03  mse_ic 1.601e-02  mse_in 1.718e-02  mse_out 1.230e-04:   0%|          | 124/25000 [00:08<25:42]
loss : 4.025e-02  mse_pde 7.063e-03  mse_ic 1.600e-02  mse_in 1.706e-02  mse_out 1.244e-04:   0%|          | 124/25000 [00:08<25:42]
loss : 4.025e-02  mse_pde 7.063e-03  mse_ic 1.600e-02  mse_in 1.706e-02  mse_out 1.244e-04:   0%|          | 124/25000 [00:08<25:42]
loss : 4.002e-02  mse_pde 7.015e-03  mse_ic 1.620e-02  mse_in 1.668e-02  mse_out 1.258e-04:   0%|          | 124/25000 [00:08<25:42]
loss : 4.002e-02  mse_pde 7.015e-03  mse_ic 1.620e-02  mse_in 1.668e-02  mse_out 1.258e-04:   0%|          | 124/25000 [00:08<25:42]
loss : 4.002e-02  mse_pde 7.015e-03  mse_ic 1.620e-02  mse_in 1.668e-02  mse_out 1.258e-04:   1%|          | 126/25000 [00:08<25:35]
loss : 3.978e-02  mse_pde 7.000e-03  mse_ic 1.655e-02  mse_in 1.610e-02  mse_out 1.267e-04:   1%|          | 126/25000 [00:08<25:35]
loss : 3.978e-02  mse_pde 7.000e-03  mse_ic 1.655e-02  mse_in 1.610e-02  mse_out 1.267e-04:   1%|          | 126/25000 [00:08<25:35]
loss : 3.956e-02  mse_pde 6.997e-03  mse_ic 1.699e-02  mse_in 1.545e-02  mse_out 1.268e-04:   1%|          | 126/25000 [00:08<25:35]
loss : 3.956e-02  mse_pde 6.997e-03  mse_ic 1.699e-02  mse_in 1.545e-02  mse_out 1.268e-04:   1%|          | 126/25000 [00:08<25:35]
loss : 3.956e-02  mse_pde 6.997e-03  mse_ic 1.699e-02  mse_in 1.545e-02  mse_out 1.268e-04:   1%|          | 128/25000 [00:08<25:34]
loss : 3.936e-02  mse_pde 6.991e-03  mse_ic 1.740e-02  mse_in 1.485e-02  mse_out 1.257e-04:   1%|          | 128/25000 [00:08<25:34]
loss : 3.936e-02  mse_pde 6.991e-03  mse_ic 1.740e-02  mse_in 1.485e-02  mse_out 1.257e-04:   1%|          | 128/25000 [00:08<25:34]
loss : 3.917e-02  mse_pde 6.970e-03  mse_ic 1.769e-02  mse_in 1.438e-02  mse_out 1.233e-04:   1%|          | 128/25000 [00:08<25:34]
loss : 3.917e-02  mse_pde 6.970e-03  mse_ic 1.769e-02  mse_in 1.438e-02  mse_out 1.233e-04:   1%|          | 128/25000 [00:08<25:34]
loss : 3.917e-02  mse_pde 6.970e-03  mse_ic 1.769e-02  mse_in 1.438e-02  mse_out 1.233e-04:   1%|          | 130/25000 [00:08<25:36]
loss : 3.896e-02  mse_pde 6.929e-03  mse_ic 1.780e-02  mse_in 1.411e-02  mse_out 1.196e-04:   1%|          | 130/25000 [00:08<25:36]
loss : 3.896e-02  mse_pde 6.929e-03  mse_ic 1.780e-02  mse_in 1.411e-02  mse_out 1.196e-04:   1%|          | 130/25000 [00:08<25:36]
loss : 3.873e-02  mse_pde 6.869e-03  mse_ic 1.770e-02  mse_in 1.405e-02  mse_out 1.149e-04:   1%|          | 130/25000 [00:08<25:36]
loss : 3.873e-02  mse_pde 6.869e-03  mse_ic 1.770e-02  mse_in 1.405e-02  mse_out 1.149e-04:   1%|          | 130/25000 [00:08<25:36]
loss : 3.873e-02  mse_pde 6.869e-03  mse_ic 1.770e-02  mse_in 1.405e-02  mse_out 1.149e-04:   1%|          | 132/25000 [00:08<25:23]
loss : 3.847e-02  mse_pde 6.795e-03  mse_ic 1.740e-02  mse_in 1.417e-02  mse_out 1.097e-04:   1%|          | 132/25000 [00:08<25:23]
loss : 3.847e-02  mse_pde 6.795e-03  mse_ic 1.740e-02  mse_in 1.417e-02  mse_out 1.097e-04:   1%|          | 132/25000 [00:08<25:23]
loss : 3.820e-02  mse_pde 6.715e-03  mse_ic 1.696e-02  mse_in 1.442e-02  mse_out 1.043e-04:   1%|          | 132/25000 [00:08<25:23]
loss : 3.820e-02  mse_pde 6.715e-03  mse_ic 1.696e-02  mse_in 1.442e-02  mse_out 1.043e-04:   1%|          | 132/25000 [00:08<25:23]
loss : 3.820e-02  mse_pde 6.715e-03  mse_ic 1.696e-02  mse_in 1.442e-02  mse_out 1.043e-04:   1%|          | 134/25000 [00:08<25:11]
loss : 3.793e-02  mse_pde 6.646e-03  mse_ic 1.647e-02  mse_in 1.471e-02  mse_out 9.908e-05:   1%|          | 134/25000 [00:08<25:11]
loss : 3.793e-02  mse_pde 6.646e-03  mse_ic 1.647e-02  mse_in 1.471e-02  mse_out 9.908e-05:   1%|          | 134/25000 [00:08<25:11]
loss : 3.768e-02  mse_pde 6.607e-03  mse_ic 1.600e-02  mse_in 1.498e-02  mse_out 9.418e-05:   1%|          | 134/25000 [00:08<25:11]
loss : 3.768e-02  mse_pde 6.607e-03  mse_ic 1.600e-02  mse_in 1.498e-02  mse_out 9.418e-05:   1%|          | 134/25000 [00:08<25:11]
loss : 3.768e-02  mse_pde 6.607e-03  mse_ic 1.600e-02  mse_in 1.498e-02  mse_out 9.418e-05:   1%|          | 136/25000 [00:08<25:09]
loss : 3.746e-02  mse_pde 6.616e-03  mse_ic 1.562e-02  mse_in 1.514e-02  mse_out 8.963e-05:   1%|          | 136/25000 [00:08<25:09]
loss : 3.746e-02  mse_pde 6.616e-03  mse_ic 1.562e-02  mse_in 1.514e-02  mse_out 8.963e-05:   1%|          | 136/25000 [00:08<25:09]
loss : 3.727e-02  mse_pde 6.671e-03  mse_ic 1.536e-02  mse_in 1.516e-02  mse_out 8.535e-05:   1%|          | 136/25000 [00:08<25:09]
loss : 3.727e-02  mse_pde 6.671e-03  mse_ic 1.536e-02  mse_in 1.516e-02  mse_out 8.535e-05:   1%|          | 136/25000 [00:08<25:09]
loss : 3.727e-02  mse_pde 6.671e-03  mse_ic 1.536e-02  mse_in 1.516e-02  mse_out 8.535e-05:   1%|          | 138/25000 [00:09<25:09]
loss : 3.710e-02  mse_pde 6.745e-03  mse_ic 1.524e-02  mse_in 1.503e-02  mse_out 8.122e-05:   1%|          | 138/25000 [00:09<25:09]
loss : 3.710e-02  mse_pde 6.745e-03  mse_ic 1.524e-02  mse_in 1.503e-02  mse_out 8.122e-05:   1%|          | 138/25000 [00:09<25:09]
loss : 3.691e-02  mse_pde 6.800e-03  mse_ic 1.523e-02  mse_in 1.480e-02  mse_out 7.718e-05:   1%|          | 138/25000 [00:09<25:09]
loss : 3.691e-02  mse_pde 6.800e-03  mse_ic 1.523e-02  mse_in 1.480e-02  mse_out 7.718e-05:   1%|          | 138/25000 [00:09<25:09]
loss : 3.691e-02  mse_pde 6.800e-03  mse_ic 1.523e-02  mse_in 1.480e-02  mse_out 7.718e-05:   1%|          | 140/25000 [00:09<24:13]
loss : 3.671e-02  mse_pde 6.810e-03  mse_ic 1.532e-02  mse_in 1.451e-02  mse_out 7.325e-05:   1%|          | 140/25000 [00:09<24:13]
loss : 3.671e-02  mse_pde 6.810e-03  mse_ic 1.532e-02  mse_in 1.451e-02  mse_out 7.325e-05:   1%|          | 140/25000 [00:09<24:13]
loss : 3.651e-02  mse_pde 6.771e-03  mse_ic 1.545e-02  mse_in 1.422e-02  mse_out 6.954e-05:   1%|          | 140/25000 [00:09<24:13]
loss : 3.651e-02  mse_pde 6.771e-03  mse_ic 1.545e-02  mse_in 1.422e-02  mse_out 6.954e-05:   1%|          | 140/25000 [00:09<24:13]
loss : 3.651e-02  mse_pde 6.771e-03  mse_ic 1.545e-02  mse_in 1.422e-02  mse_out 6.954e-05:   1%|          | 142/25000 [00:09<24:36]
loss : 3.631e-02  mse_pde 6.693e-03  mse_ic 1.559e-02  mse_in 1.396e-02  mse_out 6.623e-05:   1%|          | 142/25000 [00:09<24:36]
loss : 3.631e-02  mse_pde 6.693e-03  mse_ic 1.559e-02  mse_in 1.396e-02  mse_out 6.623e-05:   1%|          | 142/25000 [00:09<24:36]
loss : 3.612e-02  mse_pde 6.582e-03  mse_ic 1.572e-02  mse_in 1.375e-02  mse_out 6.345e-05:   1%|          | 142/25000 [00:09<24:36]
loss : 3.612e-02  mse_pde 6.582e-03  mse_ic 1.572e-02  mse_in 1.375e-02  mse_out 6.345e-05:   1%|          | 142/25000 [00:09<24:36]
loss : 3.612e-02  mse_pde 6.582e-03  mse_ic 1.572e-02  mse_in 1.375e-02  mse_out 6.345e-05:   1%|          | 144/25000 [00:09<24:49]
loss : 3.593e-02  mse_pde 6.440e-03  mse_ic 1.582e-02  mse_in 1.360e-02  mse_out 6.129e-05:   1%|          | 144/25000 [00:09<24:49]
loss : 3.593e-02  mse_pde 6.440e-03  mse_ic 1.582e-02  mse_in 1.360e-02  mse_out 6.129e-05:   1%|          | 144/25000 [00:09<24:49]
loss : 3.573e-02  mse_pde 6.265e-03  mse_ic 1.588e-02  mse_in 1.352e-02  mse_out 5.973e-05:   1%|          | 144/25000 [00:09<24:49]
loss : 3.573e-02  mse_pde 6.265e-03  mse_ic 1.588e-02  mse_in 1.352e-02  mse_out 5.973e-05:   1%|          | 144/25000 [00:09<24:49]
loss : 3.573e-02  mse_pde 6.265e-03  mse_ic 1.588e-02  mse_in 1.352e-02  mse_out 5.973e-05:   1%|          | 146/25000 [00:09<24:54]
loss : 3.551e-02  mse_pde 6.068e-03  mse_ic 1.588e-02  mse_in 1.351e-02  mse_out 5.865e-05:   1%|          | 146/25000 [00:09<24:54]
loss : 3.551e-02  mse_pde 6.068e-03  mse_ic 1.588e-02  mse_in 1.351e-02  mse_out 5.865e-05:   1%|          | 146/25000 [00:09<24:54]
loss : 3.530e-02  mse_pde 5.869e-03  mse_ic 1.582e-02  mse_in 1.355e-02  mse_out 5.785e-05:   1%|          | 146/25000 [00:09<24:54]
loss : 3.530e-02  mse_pde 5.869e-03  mse_ic 1.582e-02  mse_in 1.355e-02  mse_out 5.785e-05:   1%|          | 146/25000 [00:09<24:54]
loss : 3.530e-02  mse_pde 5.869e-03  mse_ic 1.582e-02  mse_in 1.355e-02  mse_out 5.785e-05:   1%|          | 148/25000 [00:09<25:12]
loss : 3.511e-02  mse_pde 5.692e-03  mse_ic 1.570e-02  mse_in 1.366e-02  mse_out 5.708e-05:   1%|          | 148/25000 [00:09<25:12]
loss : 3.511e-02  mse_pde 5.692e-03  mse_ic 1.570e-02  mse_in 1.366e-02  mse_out 5.708e-05:   1%|          | 148/25000 [00:09<25:12]
loss : 3.494e-02  mse_pde 5.542e-03  mse_ic 1.552e-02  mse_in 1.382e-02  mse_out 5.607e-05:   1%|          | 148/25000 [00:09<25:12]
loss : 3.494e-02  mse_pde 5.542e-03  mse_ic 1.552e-02  mse_in 1.382e-02  mse_out 5.607e-05:   1%|          | 148/25000 [00:09<25:12]
loss : 3.494e-02  mse_pde 5.542e-03  mse_ic 1.552e-02  mse_in 1.382e-02  mse_out 5.607e-05:   1%|          | 150/25000 [00:09<25:04]
loss : 3.479e-02  mse_pde 5.411e-03  mse_ic 1.532e-02  mse_in 1.400e-02  mse_out 5.463e-05:   1%|          | 150/25000 [00:09<25:04]
loss : 3.479e-02  mse_pde 5.411e-03  mse_ic 1.532e-02  mse_in 1.400e-02  mse_out 5.463e-05:   1%|          | 150/25000 [00:09<25:04]
loss : 3.462e-02  mse_pde 5.303e-03  mse_ic 1.514e-02  mse_in 1.413e-02  mse_out 5.273e-05:   1%|          | 150/25000 [00:09<25:04]
loss : 3.462e-02  mse_pde 5.303e-03  mse_ic 1.514e-02  mse_in 1.413e-02  mse_out 5.273e-05:   1%|          | 150/25000 [00:09<25:04]
loss : 3.462e-02  mse_pde 5.303e-03  mse_ic 1.514e-02  mse_in 1.413e-02  mse_out 5.273e-05:   1%|          | 152/25000 [00:09<24:57]
loss : 3.445e-02  mse_pde 5.237e-03  mse_ic 1.501e-02  mse_in 1.415e-02  mse_out 5.050e-05:   1%|          | 152/25000 [00:09<24:57]
loss : 3.445e-02  mse_pde 5.237e-03  mse_ic 1.501e-02  mse_in 1.415e-02  mse_out 5.050e-05:   1%|          | 152/25000 [00:09<24:57]
loss : 3.427e-02  mse_pde 5.240e-03  mse_ic 1.497e-02  mse_in 1.401e-02  mse_out 4.815e-05:   1%|          | 152/25000 [00:09<24:57]
loss : 3.427e-02  mse_pde 5.240e-03  mse_ic 1.497e-02  mse_in 1.401e-02  mse_out 4.815e-05:   1%|          | 152/25000 [00:09<24:57]
loss : 3.427e-02  mse_pde 5.240e-03  mse_ic 1.497e-02  mse_in 1.401e-02  mse_out 4.815e-05:   1%|          | 154/25000 [00:09<24:49]
loss : 3.409e-02  mse_pde 5.320e-03  mse_ic 1.501e-02  mse_in 1.372e-02  mse_out 4.588e-05:   1%|          | 154/25000 [00:10<24:49]
loss : 3.409e-02  mse_pde 5.320e-03  mse_ic 1.501e-02  mse_in 1.372e-02  mse_out 4.588e-05:   1%|          | 154/25000 [00:10<24:49]
loss : 3.394e-02  mse_pde 5.458e-03  mse_ic 1.508e-02  mse_in 1.336e-02  mse_out 4.380e-05:   1%|          | 154/25000 [00:10<24:49]
loss : 3.394e-02  mse_pde 5.458e-03  mse_ic 1.508e-02  mse_in 1.336e-02  mse_out 4.380e-05:   1%|          | 154/25000 [00:10<24:49]
loss : 3.394e-02  mse_pde 5.458e-03  mse_ic 1.508e-02  mse_in 1.336e-02  mse_out 4.380e-05:   1%|          | 156/25000 [00:10<25:22]
loss : 3.380e-02  mse_pde 5.614e-03  mse_ic 1.510e-02  mse_in 1.304e-02  mse_out 4.196e-05:   1%|          | 156/25000 [00:10<25:22]
loss : 3.380e-02  mse_pde 5.614e-03  mse_ic 1.510e-02  mse_in 1.304e-02  mse_out 4.196e-05:   1%|          | 156/25000 [00:10<25:22]
loss : 3.366e-02  mse_pde 5.742e-03  mse_ic 1.498e-02  mse_in 1.289e-02  mse_out 4.034e-05:   1%|          | 156/25000 [00:10<25:22]
loss : 3.366e-02  mse_pde 5.742e-03  mse_ic 1.498e-02  mse_in 1.289e-02  mse_out 4.034e-05:   1%|          | 156/25000 [00:10<25:22]
loss : 3.366e-02  mse_pde 5.742e-03  mse_ic 1.498e-02  mse_in 1.289e-02  mse_out 4.034e-05:   1%|          | 158/25000 [00:10<25:16]
loss : 3.352e-02  mse_pde 5.808e-03  mse_ic 1.471e-02  mse_in 1.296e-02  mse_out 3.894e-05:   1%|          | 158/25000 [00:10<25:16]
loss : 3.352e-02  mse_pde 5.808e-03  mse_ic 1.471e-02  mse_in 1.296e-02  mse_out 3.894e-05:   1%|          | 158/25000 [00:10<25:16]
loss : 3.339e-02  mse_pde 5.800e-03  mse_ic 1.434e-02  mse_in 1.322e-02  mse_out 3.776e-05:   1%|          | 158/25000 [00:10<25:16]
loss : 3.339e-02  mse_pde 5.800e-03  mse_ic 1.434e-02  mse_in 1.322e-02  mse_out 3.776e-05:   1%|          | 158/25000 [00:10<25:16]
loss : 3.339e-02  mse_pde 5.800e-03  mse_ic 1.434e-02  mse_in 1.322e-02  mse_out 3.776e-05:   1%|          | 160/25000 [00:10<25:25]
loss : 3.326e-02  mse_pde 5.727e-03  mse_ic 1.396e-02  mse_in 1.354e-02  mse_out 3.686e-05:   1%|          | 160/25000 [00:10<25:25]
loss : 3.326e-02  mse_pde 5.727e-03  mse_ic 1.396e-02  mse_in 1.354e-02  mse_out 3.686e-05:   1%|          | 160/25000 [00:10<25:25]
loss : 3.313e-02  mse_pde 5.619e-03  mse_ic 1.372e-02  mse_in 1.376e-02  mse_out 3.626e-05:   1%|          | 160/25000 [00:10<25:25]
loss : 3.313e-02  mse_pde 5.619e-03  mse_ic 1.372e-02  mse_in 1.376e-02  mse_out 3.626e-05:   1%|          | 160/25000 [00:10<25:25]
loss : 3.313e-02  mse_pde 5.619e-03  mse_ic 1.372e-02  mse_in 1.376e-02  mse_out 3.626e-05:   1%|          | 162/25000 [00:10<25:06]
loss : 3.299e-02  mse_pde 5.504e-03  mse_ic 1.370e-02  mse_in 1.375e-02  mse_out 3.599e-05:   1%|          | 162/25000 [00:10<25:06]
loss : 3.299e-02  mse_pde 5.504e-03  mse_ic 1.370e-02  mse_in 1.375e-02  mse_out 3.599e-05:   1%|          | 162/25000 [00:10<25:06]
loss : 3.282e-02  mse_pde 5.397e-03  mse_ic 1.389e-02  mse_in 1.350e-02  mse_out 3.599e-05:   1%|          | 162/25000 [00:10<25:06]
loss : 3.282e-02  mse_pde 5.397e-03  mse_ic 1.389e-02  mse_in 1.350e-02  mse_out 3.599e-05:   1%|          | 162/25000 [00:10<25:06]
loss : 3.282e-02  mse_pde 5.397e-03  mse_ic 1.389e-02  mse_in 1.350e-02  mse_out 3.599e-05:   1%|          | 164/25000 [00:10<25:11]
loss : 3.266e-02  mse_pde 5.288e-03  mse_ic 1.423e-02  mse_in 1.311e-02  mse_out 3.615e-05:   1%|          | 164/25000 [00:10<25:11]
loss : 3.266e-02  mse_pde 5.288e-03  mse_ic 1.423e-02  mse_in 1.311e-02  mse_out 3.615e-05:   1%|          | 164/25000 [00:10<25:11]
loss : 3.252e-02  mse_pde 5.161e-03  mse_ic 1.457e-02  mse_in 1.275e-02  mse_out 3.631e-05:   1%|          | 164/25000 [00:10<25:11]
loss : 3.252e-02  mse_pde 5.161e-03  mse_ic 1.457e-02  mse_in 1.275e-02  mse_out 3.631e-05:   1%|          | 164/25000 [00:10<25:11]
loss : 3.252e-02  mse_pde 5.161e-03  mse_ic 1.457e-02  mse_in 1.275e-02  mse_out 3.631e-05:   1%|          | 166/25000 [00:10<25:23]
loss : 3.240e-02  mse_pde 5.012e-03  mse_ic 1.479e-02  mse_in 1.256e-02  mse_out 3.637e-05:   1%|          | 166/25000 [00:10<25:23]
loss : 3.240e-02  mse_pde 5.012e-03  mse_ic 1.479e-02  mse_in 1.256e-02  mse_out 3.637e-05:   1%|          | 166/25000 [00:10<25:23]
loss : 3.227e-02  mse_pde 4.853e-03  mse_ic 1.482e-02  mse_in 1.256e-02  mse_out 3.627e-05:   1%|          | 166/25000 [00:10<25:23]
loss : 3.227e-02  mse_pde 4.853e-03  mse_ic 1.482e-02  mse_in 1.256e-02  mse_out 3.627e-05:   1%|          | 166/25000 [00:10<25:23]
loss : 3.227e-02  mse_pde 4.853e-03  mse_ic 1.482e-02  mse_in 1.256e-02  mse_out 3.627e-05:   1%|          | 168/25000 [00:10<25:19]
loss : 3.213e-02  mse_pde 4.712e-03  mse_ic 1.468e-02  mse_in 1.269e-02  mse_out 3.601e-05:   1%|          | 168/25000 [00:10<25:19]
loss : 3.213e-02  mse_pde 4.712e-03  mse_ic 1.468e-02  mse_in 1.269e-02  mse_out 3.601e-05:   1%|          | 168/25000 [00:10<25:19]
loss : 3.198e-02  mse_pde 4.617e-03  mse_ic 1.447e-02  mse_in 1.286e-02  mse_out 3.562e-05:   1%|          | 168/25000 [00:10<25:19]
loss : 3.198e-02  mse_pde 4.617e-03  mse_ic 1.447e-02  mse_in 1.286e-02  mse_out 3.562e-05:   1%|          | 168/25000 [00:10<25:19]
loss : 3.198e-02  mse_pde 4.617e-03  mse_ic 1.447e-02  mse_in 1.286e-02  mse_out 3.562e-05:   1%|          | 170/25000 [00:10<25:23]
loss : 3.183e-02  mse_pde 4.593e-03  mse_ic 1.425e-02  mse_in 1.295e-02  mse_out 3.508e-05:   1%|          | 170/25000 [00:10<25:23]
loss : 3.183e-02  mse_pde 4.593e-03  mse_ic 1.425e-02  mse_in 1.295e-02  mse_out 3.508e-05:   1%|          | 170/25000 [00:10<25:23]
loss : 3.168e-02  mse_pde 4.636e-03  mse_ic 1.408e-02  mse_in 1.293e-02  mse_out 3.439e-05:   1%|          | 170/25000 [00:11<25:23]
loss : 3.168e-02  mse_pde 4.636e-03  mse_ic 1.408e-02  mse_in 1.293e-02  mse_out 3.439e-05:   1%|          | 170/25000 [00:11<25:23]
loss : 3.168e-02  mse_pde 4.636e-03  mse_ic 1.408e-02  mse_in 1.293e-02  mse_out 3.439e-05:   1%|          | 172/25000 [00:11<25:32]
loss : 3.154e-02  mse_pde 4.711e-03  mse_ic 1.395e-02  mse_in 1.284e-02  mse_out 3.352e-05:   1%|          | 172/25000 [00:11<25:32]
loss : 3.154e-02  mse_pde 4.711e-03  mse_ic 1.395e-02  mse_in 1.284e-02  mse_out 3.352e-05:   1%|          | 172/25000 [00:11<25:32]
loss : 3.140e-02  mse_pde 4.782e-03  mse_ic 1.385e-02  mse_in 1.273e-02  mse_out 3.252e-05:   1%|          | 172/25000 [00:11<25:32]
loss : 3.140e-02  mse_pde 4.782e-03  mse_ic 1.385e-02  mse_in 1.273e-02  mse_out 3.252e-05:   1%|          | 172/25000 [00:11<25:32]
loss : 3.140e-02  mse_pde 4.782e-03  mse_ic 1.385e-02  mse_in 1.273e-02  mse_out 3.252e-05:   1%|          | 174/25000 [00:11<25:05]
loss : 3.126e-02  mse_pde 4.836e-03  mse_ic 1.378e-02  mse_in 1.261e-02  mse_out 3.153e-05:   1%|          | 174/25000 [00:11<25:05]
loss : 3.126e-02  mse_pde 4.836e-03  mse_ic 1.378e-02  mse_in 1.261e-02  mse_out 3.153e-05:   1%|          | 174/25000 [00:11<25:05]
loss : 3.114e-02  mse_pde 4.870e-03  mse_ic 1.375e-02  mse_in 1.249e-02  mse_out 3.069e-05:   1%|          | 174/25000 [00:11<25:05]
loss : 3.114e-02  mse_pde 4.870e-03  mse_ic 1.375e-02  mse_in 1.249e-02  mse_out 3.069e-05:   1%|          | 174/25000 [00:11<25:05]
loss : 3.114e-02  mse_pde 4.870e-03  mse_ic 1.375e-02  mse_in 1.249e-02  mse_out 3.069e-05:   1%|          | 176/25000 [00:11<25:23]
loss : 3.101e-02  mse_pde 4.872e-03  mse_ic 1.374e-02  mse_in 1.236e-02  mse_out 3.010e-05:   1%|          | 176/25000 [00:11<25:23]
loss : 3.101e-02  mse_pde 4.872e-03  mse_ic 1.374e-02  mse_in 1.236e-02  mse_out 3.010e-05:   1%|          | 176/25000 [00:11<25:23]
loss : 3.087e-02  mse_pde 4.827e-03  mse_ic 1.372e-02  mse_in 1.229e-02  mse_out 2.974e-05:   1%|          | 176/25000 [00:11<25:23]
loss : 3.087e-02  mse_pde 4.827e-03  mse_ic 1.372e-02  mse_in 1.229e-02  mse_out 2.974e-05:   1%|          | 176/25000 [00:11<25:23]
loss : 3.087e-02  mse_pde 4.827e-03  mse_ic 1.372e-02  mse_in 1.229e-02  mse_out 2.974e-05:   1%|          | 178/25000 [00:11<25:13]
loss : 3.074e-02  mse_pde 4.736e-03  mse_ic 1.363e-02  mse_in 1.234e-02  mse_out 2.951e-05:   1%|          | 178/25000 [00:11<25:13]
loss : 3.074e-02  mse_pde 4.736e-03  mse_ic 1.363e-02  mse_in 1.234e-02  mse_out 2.951e-05:   1%|          | 178/25000 [00:11<25:13]
loss : 3.062e-02  mse_pde 4.613e-03  mse_ic 1.347e-02  mse_in 1.251e-02  mse_out 2.929e-05:   1%|          | 178/25000 [00:11<25:13]
loss : 3.062e-02  mse_pde 4.613e-03  mse_ic 1.347e-02  mse_in 1.251e-02  mse_out 2.929e-05:   1%|          | 178/25000 [00:11<25:13]
loss : 3.062e-02  mse_pde 4.613e-03  mse_ic 1.347e-02  mse_in 1.251e-02  mse_out 2.929e-05:   1%|          | 180/25000 [00:11<25:18]
loss : 3.052e-02  mse_pde 4.491e-03  mse_ic 1.329e-02  mse_in 1.271e-02  mse_out 2.897e-05:   1%|          | 180/25000 [00:11<25:18]
loss : 3.052e-02  mse_pde 4.491e-03  mse_ic 1.329e-02  mse_in 1.271e-02  mse_out 2.897e-05:   1%|          | 180/25000 [00:11<25:18]
loss : 3.042e-02  mse_pde 4.417e-03  mse_ic 1.321e-02  mse_in 1.277e-02  mse_out 2.852e-05:   1%|          | 180/25000 [00:11<25:18]
loss : 3.042e-02  mse_pde 4.417e-03  mse_ic 1.321e-02  mse_in 1.277e-02  mse_out 2.852e-05:   1%|          | 180/25000 [00:11<25:18]
loss : 3.042e-02  mse_pde 4.417e-03  mse_ic 1.321e-02  mse_in 1.277e-02  mse_out 2.852e-05:   1%|          | 182/25000 [00:11<25:18]
loss : 3.030e-02  mse_pde 4.418e-03  mse_ic 1.326e-02  mse_in 1.260e-02  mse_out 2.794e-05:   1%|          | 182/25000 [00:11<25:18]
loss : 3.030e-02  mse_pde 4.418e-03  mse_ic 1.326e-02  mse_in 1.260e-02  mse_out 2.794e-05:   1%|          | 182/25000 [00:11<25:18]
loss : 3.018e-02  mse_pde 4.477e-03  mse_ic 1.339e-02  mse_in 1.229e-02  mse_out 2.723e-05:   1%|          | 182/25000 [00:11<25:18]
loss : 3.018e-02  mse_pde 4.477e-03  mse_ic 1.339e-02  mse_in 1.229e-02  mse_out 2.723e-05:   1%|          | 182/25000 [00:11<25:18]
loss : 3.018e-02  mse_pde 4.477e-03  mse_ic 1.339e-02  mse_in 1.229e-02  mse_out 2.723e-05:   1%|          | 184/25000 [00:11<25:19]
loss : 3.005e-02  mse_pde 4.543e-03  mse_ic 1.346e-02  mse_in 1.203e-02  mse_out 2.640e-05:   1%|          | 184/25000 [00:11<25:19]
loss : 3.005e-02  mse_pde 4.543e-03  mse_ic 1.346e-02  mse_in 1.203e-02  mse_out 2.640e-05:   1%|          | 184/25000 [00:11<25:19]
loss : 2.992e-02  mse_pde 4.567e-03  mse_ic 1.337e-02  mse_in 1.196e-02  mse_out 2.551e-05:   1%|          | 184/25000 [00:11<25:19]
loss : 2.992e-02  mse_pde 4.567e-03  mse_ic 1.337e-02  mse_in 1.196e-02  mse_out 2.551e-05:   1%|          | 184/25000 [00:11<25:19]
loss : 2.992e-02  mse_pde 4.567e-03  mse_ic 1.337e-02  mse_in 1.196e-02  mse_out 2.551e-05:   1%|          | 186/25000 [00:11<25:31]
loss : 2.979e-02  mse_pde 4.534e-03  mse_ic 1.317e-02  mse_in 1.206e-02  mse_out 2.466e-05:   1%|          | 186/25000 [00:11<25:31]
loss : 2.979e-02  mse_pde 4.534e-03  mse_ic 1.317e-02  mse_in 1.206e-02  mse_out 2.466e-05:   1%|          | 186/25000 [00:11<25:31]
loss : 2.966e-02  mse_pde 4.461e-03  mse_ic 1.300e-02  mse_in 1.218e-02  mse_out 2.395e-05:   1%|          | 186/25000 [00:12<25:31]
loss : 2.966e-02  mse_pde 4.461e-03  mse_ic 1.300e-02  mse_in 1.218e-02  mse_out 2.395e-05:   1%|          | 186/25000 [00:12<25:31]
loss : 2.966e-02  mse_pde 4.461e-03  mse_ic 1.300e-02  mse_in 1.218e-02  mse_out 2.395e-05:   1%|          | 188/25000 [00:12<25:23]
loss : 2.953e-02  mse_pde 4.366e-03  mse_ic 1.297e-02  mse_in 1.217e-02  mse_out 2.341e-05:   1%|          | 188/25000 [00:12<25:23]
loss : 2.953e-02  mse_pde 4.366e-03  mse_ic 1.297e-02  mse_in 1.217e-02  mse_out 2.341e-05:   1%|          | 188/25000 [00:12<25:23]
loss : 2.938e-02  mse_pde 4.236e-03  mse_ic 1.308e-02  mse_in 1.204e-02  mse_out 2.297e-05:   1%|          | 188/25000 [00:12<25:23]
loss : 2.938e-02  mse_pde 4.236e-03  mse_ic 1.308e-02  mse_in 1.204e-02  mse_out 2.297e-05:   1%|          | 188/25000 [00:12<25:23]
loss : 2.938e-02  mse_pde 4.236e-03  mse_ic 1.308e-02  mse_in 1.204e-02  mse_out 2.297e-05:   1%|          | 190/25000 [00:12<25:25]
loss : 2.923e-02  mse_pde 4.062e-03  mse_ic 1.325e-02  mse_in 1.189e-02  mse_out 2.253e-05:   1%|          | 190/25000 [00:12<25:25]
loss : 2.923e-02  mse_pde 4.062e-03  mse_ic 1.325e-02  mse_in 1.189e-02  mse_out 2.253e-05:   1%|          | 190/25000 [00:12<25:25]
loss : 2.909e-02  mse_pde 3.869e-03  mse_ic 1.340e-02  mse_in 1.180e-02  mse_out 2.204e-05:   1%|          | 190/25000 [00:12<25:25]
loss : 2.909e-02  mse_pde 3.869e-03  mse_ic 1.340e-02  mse_in 1.180e-02  mse_out 2.204e-05:   1%|          | 190/25000 [00:12<25:25]
loss : 2.909e-02  mse_pde 3.869e-03  mse_ic 1.340e-02  mse_in 1.180e-02  mse_out 2.204e-05:   1%|          | 192/25000 [00:12<25:24]
loss : 2.896e-02  mse_pde 3.711e-03  mse_ic 1.349e-02  mse_in 1.173e-02  mse_out 2.152e-05:   1%|          | 192/25000 [00:12<25:24]
loss : 2.896e-02  mse_pde 3.711e-03  mse_ic 1.349e-02  mse_in 1.173e-02  mse_out 2.152e-05:   1%|          | 192/25000 [00:12<25:24]
loss : 2.883e-02  mse_pde 3.616e-03  mse_ic 1.352e-02  mse_in 1.167e-02  mse_out 2.098e-05:   1%|          | 192/25000 [00:12<25:24]
loss : 2.883e-02  mse_pde 3.616e-03  mse_ic 1.352e-02  mse_in 1.167e-02  mse_out 2.098e-05:   1%|          | 192/25000 [00:12<25:24]
loss : 2.883e-02  mse_pde 3.616e-03  mse_ic 1.352e-02  mse_in 1.167e-02  mse_out 2.098e-05:   1%|          | 194/25000 [00:12<25:11]
loss : 2.869e-02  mse_pde 3.580e-03  mse_ic 1.341e-02  mse_in 1.167e-02  mse_out 2.037e-05:   1%|          | 194/25000 [00:12<25:11]
loss : 2.869e-02  mse_pde 3.580e-03  mse_ic 1.341e-02  mse_in 1.167e-02  mse_out 2.037e-05:   1%|          | 194/25000 [00:12<25:11]
loss : 2.855e-02  mse_pde 3.581e-03  mse_ic 1.317e-02  mse_in 1.178e-02  mse_out 1.966e-05:   1%|          | 194/25000 [00:12<25:11]
loss : 2.855e-02  mse_pde 3.581e-03  mse_ic 1.317e-02  mse_in 1.178e-02  mse_out 1.966e-05:   1%|          | 194/25000 [00:12<25:11]
loss : 2.855e-02  mse_pde 3.581e-03  mse_ic 1.317e-02  mse_in 1.178e-02  mse_out 1.966e-05:   1%|          | 196/25000 [00:12<25:28]
loss : 2.842e-02  mse_pde 3.608e-03  mse_ic 1.291e-02  mse_in 1.189e-02  mse_out 1.893e-05:   1%|          | 196/25000 [00:12<25:28]
loss : 2.842e-02  mse_pde 3.608e-03  mse_ic 1.291e-02  mse_in 1.189e-02  mse_out 1.893e-05:   1%|          | 196/25000 [00:12<25:28]
loss : 2.830e-02  mse_pde 3.669e-03  mse_ic 1.278e-02  mse_in 1.183e-02  mse_out 1.831e-05:   1%|          | 196/25000 [00:12<25:28]
loss : 2.830e-02  mse_pde 3.669e-03  mse_ic 1.278e-02  mse_in 1.183e-02  mse_out 1.831e-05:   1%|          | 196/25000 [00:12<25:28]
loss : 2.830e-02  mse_pde 3.669e-03  mse_ic 1.278e-02  mse_in 1.183e-02  mse_out 1.831e-05:   1%|          | 198/25000 [00:12<25:08]
loss : 2.817e-02  mse_pde 3.736e-03  mse_ic 1.283e-02  mse_in 1.158e-02  mse_out 1.789e-05:   1%|          | 198/25000 [00:12<25:08]
loss : 2.817e-02  mse_pde 3.736e-03  mse_ic 1.283e-02  mse_in 1.158e-02  mse_out 1.789e-05:   1%|          | 198/25000 [00:12<25:08]
loss : 2.804e-02  mse_pde 3.737e-03  mse_ic 1.289e-02  mse_in 1.139e-02  mse_out 1.766e-05:   1%|          | 198/25000 [00:12<25:08]
loss : 2.804e-02  mse_pde 3.737e-03  mse_ic 1.289e-02  mse_in 1.139e-02  mse_out 1.766e-05:   1%|          | 198/25000 [00:12<25:08]
loss : 2.789e-02  mse_pde 3.631e-03  mse_ic 1.283e-02  mse_in 1.142e-02  mse_out 1.757e-05:   1%|          | 198/25000 [00:12<25:08]
loss : 2.789e-02  mse_pde 3.631e-03  mse_ic 1.283e-02  mse_in 1.142e-02  mse_out 1.757e-05:   1%|          | 198/25000 [00:12<25:08]
loss : 2.789e-02  mse_pde 3.631e-03  mse_ic 1.283e-02  mse_in 1.142e-02  mse_out 1.757e-05:   1%|          | 201/25000 [00:12<22:08]
loss : 2.775e-02  mse_pde 3.478e-03  mse_ic 1.269e-02  mse_in 1.156e-02  mse_out 1.761e-05:   1%|          | 201/25000 [00:12<22:08]
loss : 2.775e-02  mse_pde 3.478e-03  mse_ic 1.269e-02  mse_in 1.156e-02  mse_out 1.761e-05:   1%|          | 201/25000 [00:12<22:08]
loss : 2.765e-02  mse_pde 3.408e-03  mse_ic 1.260e-02  mse_in 1.162e-02  mse_out 1.766e-05:   1%|          | 201/25000 [00:12<22:08]
loss : 2.765e-02  mse_pde 3.408e-03  mse_ic 1.260e-02  mse_in 1.162e-02  mse_out 1.766e-05:   1%|          | 201/25000 [00:12<22:08]
loss : 2.755e-02  mse_pde 3.374e-03  mse_ic 1.258e-02  mse_in 1.157e-02  mse_out 1.770e-05:   1%|          | 201/25000 [00:12<22:08]
loss : 2.755e-02  mse_pde 3.374e-03  mse_ic 1.258e-02  mse_in 1.157e-02  mse_out 1.770e-05:   1%|          | 201/25000 [00:12<22:08]
loss : 2.755e-02  mse_pde 3.374e-03  mse_ic 1.258e-02  mse_in 1.157e-02  mse_out 1.770e-05:   1%|          | 204/25000 [00:12<21:47]
loss : 2.744e-02  mse_pde 3.349e-03  mse_ic 1.258e-02  mse_in 1.149e-02  mse_out 1.764e-05:   1%|          | 204/25000 [00:12<21:47]
loss : 2.744e-02  mse_pde 3.349e-03  mse_ic 1.258e-02  mse_in 1.149e-02  mse_out 1.764e-05:   1%|          | 204/25000 [00:12<21:47]
loss : 2.734e-02  mse_pde 3.349e-03  mse_ic 1.259e-02  mse_in 1.139e-02  mse_out 1.751e-05:   1%|          | 204/25000 [00:13<21:47]
loss : 2.734e-02  mse_pde 3.349e-03  mse_ic 1.259e-02  mse_in 1.139e-02  mse_out 1.751e-05:   1%|          | 204/25000 [00:13<21:47]
loss : 2.734e-02  mse_pde 3.349e-03  mse_ic 1.259e-02  mse_in 1.139e-02  mse_out 1.751e-05:   1%|          | 206/25000 [00:13<22:36]
loss : 2.725e-02  mse_pde 3.386e-03  mse_ic 1.260e-02  mse_in 1.125e-02  mse_out 1.740e-05:   1%|          | 206/25000 [00:13<22:36]
loss : 2.725e-02  mse_pde 3.386e-03  mse_ic 1.260e-02  mse_in 1.125e-02  mse_out 1.740e-05:   1%|          | 206/25000 [00:13<22:36]
loss : 2.715e-02  mse_pde 3.420e-03  mse_ic 1.253e-02  mse_in 1.118e-02  mse_out 1.733e-05:   1%|          | 206/25000 [00:13<22:36]
loss : 2.715e-02  mse_pde 3.420e-03  mse_ic 1.253e-02  mse_in 1.118e-02  mse_out 1.733e-05:   1%|          | 206/25000 [00:13<22:36]
loss : 2.715e-02  mse_pde 3.420e-03  mse_ic 1.253e-02  mse_in 1.118e-02  mse_out 1.733e-05:   1%|          | 208/25000 [00:13<23:17]
loss : 2.705e-02  mse_pde 3.408e-03  mse_ic 1.233e-02  mse_in 1.130e-02  mse_out 1.729e-05:   1%|          | 208/25000 [00:13<23:17]
loss : 2.705e-02  mse_pde 3.408e-03  mse_ic 1.233e-02  mse_in 1.130e-02  mse_out 1.729e-05:   1%|          | 208/25000 [00:13<23:17]
loss : 2.696e-02  mse_pde 3.356e-03  mse_ic 1.207e-02  mse_in 1.151e-02  mse_out 1.724e-05:   1%|          | 208/25000 [00:13<23:17]
loss : 2.696e-02  mse_pde 3.356e-03  mse_ic 1.207e-02  mse_in 1.151e-02  mse_out 1.724e-05:   1%|          | 208/25000 [00:13<23:17]
loss : 2.696e-02  mse_pde 3.356e-03  mse_ic 1.207e-02  mse_in 1.151e-02  mse_out 1.724e-05:   1%|          | 210/25000 [00:13<23:28]
loss : 2.686e-02  mse_pde 3.317e-03  mse_ic 1.197e-02  mse_in 1.156e-02  mse_out 1.718e-05:   1%|          | 210/25000 [00:13<23:28]
loss : 2.686e-02  mse_pde 3.317e-03  mse_ic 1.197e-02  mse_in 1.156e-02  mse_out 1.718e-05:   1%|          | 210/25000 [00:13<23:28]
loss : 2.676e-02  mse_pde 3.315e-03  mse_ic 1.203e-02  mse_in 1.140e-02  mse_out 1.710e-05:   1%|          | 210/25000 [00:13<23:28]
loss : 2.676e-02  mse_pde 3.315e-03  mse_ic 1.203e-02  mse_in 1.140e-02  mse_out 1.710e-05:   1%|          | 210/25000 [00:13<23:28]
loss : 2.676e-02  mse_pde 3.315e-03  mse_ic 1.203e-02  mse_in 1.140e-02  mse_out 1.710e-05:   1%|          | 212/25000 [00:13<23:50]
loss : 2.667e-02  mse_pde 3.318e-03  mse_ic 1.211e-02  mse_in 1.123e-02  mse_out 1.695e-05:   1%|          | 212/25000 [00:13<23:50]
loss : 2.667e-02  mse_pde 3.318e-03  mse_ic 1.211e-02  mse_in 1.123e-02  mse_out 1.695e-05:   1%|          | 212/25000 [00:13<23:50]
loss : 2.658e-02  mse_pde 3.300e-03  mse_ic 1.204e-02  mse_in 1.123e-02  mse_out 1.675e-05:   1%|          | 212/25000 [00:13<23:50]
loss : 2.658e-02  mse_pde 3.300e-03  mse_ic 1.204e-02  mse_in 1.123e-02  mse_out 1.675e-05:   1%|          | 212/25000 [00:13<23:50]
loss : 2.658e-02  mse_pde 3.300e-03  mse_ic 1.204e-02  mse_in 1.123e-02  mse_out 1.675e-05:   1%|          | 214/25000 [00:13<24:24]
loss : 2.648e-02  mse_pde 3.284e-03  mse_ic 1.187e-02  mse_in 1.131e-02  mse_out 1.655e-05:   1%|          | 214/25000 [00:13<24:24]
loss : 2.648e-02  mse_pde 3.284e-03  mse_ic 1.187e-02  mse_in 1.131e-02  mse_out 1.655e-05:   1%|          | 214/25000 [00:13<24:24]
loss : 2.638e-02  mse_pde 3.291e-03  mse_ic 1.172e-02  mse_in 1.136e-02  mse_out 1.637e-05:   1%|          | 214/25000 [00:13<24:24]
loss : 2.638e-02  mse_pde 3.291e-03  mse_ic 1.172e-02  mse_in 1.136e-02  mse_out 1.637e-05:   1%|          | 214/25000 [00:13<24:24]
loss : 2.638e-02  mse_pde 3.291e-03  mse_ic 1.172e-02  mse_in 1.136e-02  mse_out 1.637e-05:   1%|          | 216/25000 [00:13<24:39]
loss : 2.628e-02  mse_pde 3.294e-03  mse_ic 1.159e-02  mse_in 1.138e-02  mse_out 1.612e-05:   1%|          | 216/25000 [00:13<24:39]
loss : 2.628e-02  mse_pde 3.294e-03  mse_ic 1.159e-02  mse_in 1.138e-02  mse_out 1.612e-05:   1%|          | 216/25000 [00:13<24:39]
loss : 2.618e-02  mse_pde 3.272e-03  mse_ic 1.154e-02  mse_in 1.135e-02  mse_out 1.579e-05:   1%|          | 216/25000 [00:13<24:39]
loss : 2.618e-02  mse_pde 3.272e-03  mse_ic 1.154e-02  mse_in 1.135e-02  mse_out 1.579e-05:   1%|          | 216/25000 [00:13<24:39]
loss : 2.618e-02  mse_pde 3.272e-03  mse_ic 1.154e-02  mse_in 1.135e-02  mse_out 1.579e-05:   1%|          | 218/25000 [00:13<24:47]
loss : 2.608e-02  mse_pde 3.258e-03  mse_ic 1.163e-02  mse_in 1.118e-02  mse_out 1.546e-05:   1%|          | 218/25000 [00:13<24:47]
loss : 2.608e-02  mse_pde 3.258e-03  mse_ic 1.163e-02  mse_in 1.118e-02  mse_out 1.546e-05:   1%|          | 218/25000 [00:13<24:47]
loss : 2.599e-02  mse_pde 3.231e-03  mse_ic 1.174e-02  mse_in 1.100e-02  mse_out 1.515e-05:   1%|          | 218/25000 [00:13<24:47]
loss : 2.599e-02  mse_pde 3.231e-03  mse_ic 1.174e-02  mse_in 1.100e-02  mse_out 1.515e-05:   1%|          | 218/25000 [00:13<24:47]
loss : 2.599e-02  mse_pde 3.231e-03  mse_ic 1.174e-02  mse_in 1.100e-02  mse_out 1.515e-05:   1%|          | 220/25000 [00:13<24:55]
loss : 2.589e-02  mse_pde 3.147e-03  mse_ic 1.170e-02  mse_in 1.102e-02  mse_out 1.482e-05:   1%|          | 220/25000 [00:13<24:55]
loss : 2.589e-02  mse_pde 3.147e-03  mse_ic 1.170e-02  mse_in 1.102e-02  mse_out 1.482e-05:   1%|          | 220/25000 [00:13<24:55]
loss : 2.579e-02  mse_pde 3.053e-03  mse_ic 1.157e-02  mse_in 1.116e-02  mse_out 1.445e-05:   1%|          | 220/25000 [00:14<24:55]
loss : 2.579e-02  mse_pde 3.053e-03  mse_ic 1.157e-02  mse_in 1.116e-02  mse_out 1.445e-05:   1%|          | 220/25000 [00:14<24:55]
loss : 2.579e-02  mse_pde 3.053e-03  mse_ic 1.157e-02  mse_in 1.116e-02  mse_out 1.445e-05:   1%|          | 222/25000 [00:14<24:41]
loss : 2.570e-02  mse_pde 3.016e-03  mse_ic 1.150e-02  mse_in 1.117e-02  mse_out 1.400e-05:   1%|          | 222/25000 [00:14<24:41]
loss : 2.570e-02  mse_pde 3.016e-03  mse_ic 1.150e-02  mse_in 1.117e-02  mse_out 1.400e-05:   1%|          | 222/25000 [00:14<24:41]
loss : 2.559e-02  mse_pde 3.021e-03  mse_ic 1.148e-02  mse_in 1.108e-02  mse_out 1.344e-05:   1%|          | 222/25000 [00:14<24:41]
loss : 2.559e-02  mse_pde 3.021e-03  mse_ic 1.148e-02  mse_in 1.108e-02  mse_out 1.344e-05:   1%|          | 222/25000 [00:14<24:41]
loss : 2.559e-02  mse_pde 3.021e-03  mse_ic 1.148e-02  mse_in 1.108e-02  mse_out 1.344e-05:   1%|          | 224/25000 [00:14<24:48]
loss : 2.550e-02  mse_pde 3.037e-03  mse_ic 1.144e-02  mse_in 1.101e-02  mse_out 1.282e-05:   1%|          | 224/25000 [00:14<24:48]
loss : 2.550e-02  mse_pde 3.037e-03  mse_ic 1.144e-02  mse_in 1.101e-02  mse_out 1.282e-05:   1%|          | 224/25000 [00:14<24:48]
loss : 2.540e-02  mse_pde 3.054e-03  mse_ic 1.138e-02  mse_in 1.096e-02  mse_out 1.227e-05:   1%|          | 224/25000 [00:14<24:48]
loss : 2.540e-02  mse_pde 3.054e-03  mse_ic 1.138e-02  mse_in 1.096e-02  mse_out 1.227e-05:   1%|          | 224/25000 [00:14<24:48]
loss : 2.540e-02  mse_pde 3.054e-03  mse_ic 1.138e-02  mse_in 1.096e-02  mse_out 1.227e-05:   1%|          | 226/25000 [00:14<24:45]
loss : 2.530e-02  mse_pde 3.031e-03  mse_ic 1.127e-02  mse_in 1.099e-02  mse_out 1.184e-05:   1%|          | 226/25000 [00:14<24:45]
loss : 2.530e-02  mse_pde 3.031e-03  mse_ic 1.127e-02  mse_in 1.099e-02  mse_out 1.184e-05:   1%|          | 226/25000 [00:14<24:45]
loss : 2.520e-02  mse_pde 2.958e-03  mse_ic 1.113e-02  mse_in 1.110e-02  mse_out 1.148e-05:   1%|          | 226/25000 [00:14<24:45]
loss : 2.520e-02  mse_pde 2.958e-03  mse_ic 1.113e-02  mse_in 1.110e-02  mse_out 1.148e-05:   1%|          | 226/25000 [00:14<24:45]
loss : 2.520e-02  mse_pde 2.958e-03  mse_ic 1.113e-02  mse_in 1.110e-02  mse_out 1.148e-05:   1%|          | 228/25000 [00:14<24:54]
loss : 2.510e-02  mse_pde 2.886e-03  mse_ic 1.112e-02  mse_in 1.109e-02  mse_out 1.116e-05:   1%|          | 228/25000 [00:14<24:54]
loss : 2.510e-02  mse_pde 2.886e-03  mse_ic 1.112e-02  mse_in 1.109e-02  mse_out 1.116e-05:   1%|          | 228/25000 [00:14<24:54]
loss : 2.500e-02  mse_pde 2.845e-03  mse_ic 1.122e-02  mse_in 1.093e-02  mse_out 1.086e-05:   1%|          | 228/25000 [00:14<24:54]
loss : 2.500e-02  mse_pde 2.845e-03  mse_ic 1.122e-02  mse_in 1.093e-02  mse_out 1.086e-05:   1%|          | 228/25000 [00:14<24:54]
loss : 2.500e-02  mse_pde 2.845e-03  mse_ic 1.122e-02  mse_in 1.093e-02  mse_out 1.086e-05:   1%|          | 230/25000 [00:14<25:00]
loss : 2.491e-02  mse_pde 2.812e-03  mse_ic 1.126e-02  mse_in 1.082e-02  mse_out 1.056e-05:   1%|          | 230/25000 [00:14<25:00]
loss : 2.491e-02  mse_pde 2.812e-03  mse_ic 1.126e-02  mse_in 1.082e-02  mse_out 1.056e-05:   1%|          | 230/25000 [00:14<25:00]
loss : 2.481e-02  mse_pde 2.783e-03  mse_ic 1.117e-02  mse_in 1.084e-02  mse_out 1.029e-05:   1%|          | 230/25000 [00:14<25:00]
loss : 2.481e-02  mse_pde 2.783e-03  mse_ic 1.117e-02  mse_in 1.084e-02  mse_out 1.029e-05:   1%|          | 230/25000 [00:14<25:00]
loss : 2.481e-02  mse_pde 2.783e-03  mse_ic 1.117e-02  mse_in 1.084e-02  mse_out 1.029e-05:   1%|          | 232/25000 [00:14<25:09]
loss : 2.471e-02  mse_pde 2.777e-03  mse_ic 1.103e-02  mse_in 1.089e-02  mse_out 1.004e-05:   1%|          | 232/25000 [00:14<25:09]
loss : 2.471e-02  mse_pde 2.777e-03  mse_ic 1.103e-02  mse_in 1.089e-02  mse_out 1.004e-05:   1%|          | 232/25000 [00:14<25:09]
loss : 2.462e-02  mse_pde 2.770e-03  mse_ic 1.091e-02  mse_in 1.093e-02  mse_out 9.742e-06:   1%|          | 232/25000 [00:14<25:09]
loss : 2.462e-02  mse_pde 2.770e-03  mse_ic 1.091e-02  mse_in 1.093e-02  mse_out 9.742e-06:   1%|          | 232/25000 [00:14<25:09]
loss : 2.462e-02  mse_pde 2.770e-03  mse_ic 1.091e-02  mse_in 1.093e-02  mse_out 9.742e-06:   1%|          | 234/25000 [00:14<25:15]
loss : 2.451e-02  mse_pde 2.769e-03  mse_ic 1.089e-02  mse_in 1.085e-02  mse_out 9.414e-06:   1%|          | 234/25000 [00:14<25:15]
loss : 2.451e-02  mse_pde 2.769e-03  mse_ic 1.089e-02  mse_in 1.085e-02  mse_out 9.414e-06:   1%|          | 234/25000 [00:14<25:15]
loss : 2.441e-02  mse_pde 2.755e-03  mse_ic 1.091e-02  mse_in 1.074e-02  mse_out 9.111e-06:   1%|          | 234/25000 [00:14<25:15]
loss : 2.441e-02  mse_pde 2.755e-03  mse_ic 1.091e-02  mse_in 1.074e-02  mse_out 9.111e-06:   1%|          | 234/25000 [00:14<25:15]
loss : 2.441e-02  mse_pde 2.755e-03  mse_ic 1.091e-02  mse_in 1.074e-02  mse_out 9.111e-06:   1%|          | 236/25000 [00:14<25:19]
loss : 2.430e-02  mse_pde 2.685e-03  mse_ic 1.080e-02  mse_in 1.081e-02  mse_out 8.848e-06:   1%|          | 236/25000 [00:14<25:19]
loss : 2.430e-02  mse_pde 2.685e-03  mse_ic 1.080e-02  mse_in 1.081e-02  mse_out 8.848e-06:   1%|          | 236/25000 [00:14<25:19]
loss : 2.420e-02  mse_pde 2.640e-03  mse_ic 1.073e-02  mse_in 1.082e-02  mse_out 8.632e-06:   1%|          | 236/25000 [00:14<25:19]
loss : 2.420e-02  mse_pde 2.640e-03  mse_ic 1.073e-02  mse_in 1.082e-02  mse_out 8.632e-06:   1%|          | 236/25000 [00:14<25:19]
loss : 2.420e-02  mse_pde 2.640e-03  mse_ic 1.073e-02  mse_in 1.082e-02  mse_out 8.632e-06:   1%|          | 238/25000 [00:15<25:24]
loss : 2.409e-02  mse_pde 2.598e-03  mse_ic 1.065e-02  mse_in 1.083e-02  mse_out 8.380e-06:   1%|          | 238/25000 [00:15<25:24]
loss : 2.409e-02  mse_pde 2.598e-03  mse_ic 1.065e-02  mse_in 1.083e-02  mse_out 8.380e-06:   1%|          | 238/25000 [00:15<25:24]
loss : 2.398e-02  mse_pde 2.596e-03  mse_ic 1.068e-02  mse_in 1.070e-02  mse_out 8.133e-06:   1%|          | 238/25000 [00:15<25:24]
loss : 2.398e-02  mse_pde 2.596e-03  mse_ic 1.068e-02  mse_in 1.070e-02  mse_out 8.133e-06:   1%|          | 238/25000 [00:15<25:24]
loss : 2.398e-02  mse_pde 2.596e-03  mse_ic 1.068e-02  mse_in 1.070e-02  mse_out 8.133e-06:   1%|          | 240/25000 [00:15<25:12]
loss : 2.387e-02  mse_pde 2.574e-03  mse_ic 1.067e-02  mse_in 1.062e-02  mse_out 7.931e-06:   1%|          | 240/25000 [00:15<25:12]
loss : 2.387e-02  mse_pde 2.574e-03  mse_ic 1.067e-02  mse_in 1.062e-02  mse_out 7.931e-06:   1%|          | 240/25000 [00:15<25:12]
loss : 2.376e-02  mse_pde 2.500e-03  mse_ic 1.057e-02  mse_in 1.069e-02  mse_out 7.783e-06:   1%|          | 240/25000 [00:15<25:12]
loss : 2.376e-02  mse_pde 2.500e-03  mse_ic 1.057e-02  mse_in 1.069e-02  mse_out 7.783e-06:   1%|          | 240/25000 [00:15<25:12]
loss : 2.376e-02  mse_pde 2.500e-03  mse_ic 1.057e-02  mse_in 1.069e-02  mse_out 7.783e-06:   1%|          | 242/25000 [00:15<25:16]
loss : 2.365e-02  mse_pde 2.467e-03  mse_ic 1.056e-02  mse_in 1.062e-02  mse_out 7.662e-06:   1%|          | 242/25000 [00:15<25:16]
loss : 2.365e-02  mse_pde 2.467e-03  mse_ic 1.056e-02  mse_in 1.062e-02  mse_out 7.662e-06:   1%|          | 242/25000 [00:15<25:16]
loss : 2.355e-02  mse_pde 2.401e-03  mse_ic 1.046e-02  mse_in 1.067e-02  mse_out 7.451e-06:   1%|          | 242/25000 [00:15<25:16]
loss : 2.355e-02  mse_pde 2.401e-03  mse_ic 1.046e-02  mse_in 1.067e-02  mse_out 7.451e-06:   1%|          | 242/25000 [00:15<25:16]
loss : 2.355e-02  mse_pde 2.401e-03  mse_ic 1.046e-02  mse_in 1.067e-02  mse_out 7.451e-06:   1%|          | 244/25000 [00:15<25:21]
loss : 2.344e-02  mse_pde 2.467e-03  mse_ic 1.056e-02  mse_in 1.040e-02  mse_out 7.273e-06:   1%|          | 244/25000 [00:15<25:21]
loss : 2.344e-02  mse_pde 2.467e-03  mse_ic 1.056e-02  mse_in 1.040e-02  mse_out 7.273e-06:   1%|          | 244/25000 [00:15<25:21]
loss : 2.333e-02  mse_pde 2.360e-03  mse_ic 1.022e-02  mse_in 1.073e-02  mse_out 7.036e-06:   1%|          | 244/25000 [00:15<25:21]
loss : 2.333e-02  mse_pde 2.360e-03  mse_ic 1.022e-02  mse_in 1.073e-02  mse_out 7.036e-06:   1%|          | 244/25000 [00:15<25:21]
loss : 2.333e-02  mse_pde 2.360e-03  mse_ic 1.022e-02  mse_in 1.073e-02  mse_out 7.036e-06:   1%|          | 246/25000 [00:15<25:09]
loss : 2.322e-02  mse_pde 2.477e-03  mse_ic 1.037e-02  mse_in 1.036e-02  mse_out 6.935e-06:   1%|          | 246/25000 [00:15<25:09]
loss : 2.322e-02  mse_pde 2.477e-03  mse_ic 1.037e-02  mse_in 1.036e-02  mse_out 6.935e-06:   1%|          | 246/25000 [00:15<25:09]
loss : 2.310e-02  mse_pde 2.281e-03  mse_ic 1.000e-02  mse_in 1.081e-02  mse_out 6.656e-06:   1%|          | 246/25000 [00:15<25:09]
loss : 2.310e-02  mse_pde 2.281e-03  mse_ic 1.000e-02  mse_in 1.081e-02  mse_out 6.656e-06:   1%|          | 246/25000 [00:15<25:09]
loss : 2.310e-02  mse_pde 2.281e-03  mse_ic 1.000e-02  mse_in 1.081e-02  mse_out 6.656e-06:   1%|          | 248/25000 [00:15<24:53]
loss : 2.299e-02  mse_pde 2.373e-03  mse_ic 1.034e-02  mse_in 1.026e-02  mse_out 6.542e-06:   1%|          | 248/25000 [00:15<24:53]
loss : 2.299e-02  mse_pde 2.373e-03  mse_ic 1.034e-02  mse_in 1.026e-02  mse_out 6.542e-06:   1%|          | 248/25000 [00:15<24:53]
loss : 2.287e-02  mse_pde 2.255e-03  mse_ic 1.027e-02  mse_in 1.034e-02  mse_out 6.345e-06:   1%|          | 248/25000 [00:15<24:53]
loss : 2.287e-02  mse_pde 2.255e-03  mse_ic 1.027e-02  mse_in 1.034e-02  mse_out 6.345e-06:   1%|          | 248/25000 [00:15<24:53]
loss : 2.287e-02  mse_pde 2.255e-03  mse_ic 1.027e-02  mse_in 1.034e-02  mse_out 6.345e-06:   1%|          | 250/25000 [00:15<24:37]
loss : 2.276e-02  mse_pde 2.119e-03  mse_ic 1.007e-02  mse_in 1.056e-02  mse_out 6.122e-06:   1%|          | 250/25000 [00:15<24:37]
loss : 2.276e-02  mse_pde 2.119e-03  mse_ic 1.007e-02  mse_in 1.056e-02  mse_out 6.122e-06:   1%|          | 250/25000 [00:15<24:37]
loss : 2.264e-02  mse_pde 2.222e-03  mse_ic 1.029e-02  mse_in 1.013e-02  mse_out 5.953e-06:   1%|          | 250/25000 [00:15<24:37]
loss : 2.264e-02  mse_pde 2.222e-03  mse_ic 1.029e-02  mse_in 1.013e-02  mse_out 5.953e-06:   1%|          | 250/25000 [00:15<24:37]
loss : 2.264e-02  mse_pde 2.222e-03  mse_ic 1.029e-02  mse_in 1.013e-02  mse_out 5.953e-06:   1%|          | 252/25000 [00:15<24:50]
loss : 2.252e-02  mse_pde 2.129e-03  mse_ic 1.002e-02  mse_in 1.037e-02  mse_out 5.608e-06:   1%|          | 252/25000 [00:15<24:50]
loss : 2.252e-02  mse_pde 2.129e-03  mse_ic 1.002e-02  mse_in 1.037e-02  mse_out 5.608e-06:   1%|          | 252/25000 [00:15<24:50]
loss : 2.241e-02  mse_pde 2.149e-03  mse_ic 9.959e-03  mse_in 1.029e-02  mse_out 5.330e-06:   1%|          | 252/25000 [00:15<24:50]
loss : 2.241e-02  mse_pde 2.149e-03  mse_ic 9.959e-03  mse_in 1.029e-02  mse_out 5.330e-06:   1%|          | 252/25000 [00:15<24:50]
loss : 2.241e-02  mse_pde 2.149e-03  mse_ic 9.959e-03  mse_in 1.029e-02  mse_out 5.330e-06:   1%|          | 254/25000 [00:15<24:51]
loss : 2.229e-02  mse_pde 2.209e-03  mse_ic 1.002e-02  mse_in 1.006e-02  mse_out 5.116e-06:   1%|          | 254/25000 [00:16<24:51]
loss : 2.229e-02  mse_pde 2.209e-03  mse_ic 1.002e-02  mse_in 1.006e-02  mse_out 5.116e-06:   1%|          | 254/25000 [00:16<24:51]
loss : 2.217e-02  mse_pde 2.022e-03  mse_ic 9.664e-03  mse_in 1.048e-02  mse_out 4.833e-06:   1%|          | 254/25000 [00:16<24:51]
loss : 2.217e-02  mse_pde 2.022e-03  mse_ic 9.664e-03  mse_in 1.048e-02  mse_out 4.833e-06:   1%|          | 254/25000 [00:16<24:51]
loss : 2.217e-02  mse_pde 2.022e-03  mse_ic 9.664e-03  mse_in 1.048e-02  mse_out 4.833e-06:   1%|          | 256/25000 [00:16<24:57]
loss : 2.205e-02  mse_pde 2.081e-03  mse_ic 9.922e-03  mse_in 1.004e-02  mse_out 4.647e-06:   1%|          | 256/25000 [00:16<24:57]
loss : 2.205e-02  mse_pde 2.081e-03  mse_ic 9.922e-03  mse_in 1.004e-02  mse_out 4.647e-06:   1%|          | 256/25000 [00:16<24:57]
loss : 2.193e-02  mse_pde 2.037e-03  mse_ic 9.923e-03  mse_in 9.967e-03  mse_out 4.430e-06:   1%|          | 256/25000 [00:16<24:57]
loss : 2.193e-02  mse_pde 2.037e-03  mse_ic 9.923e-03  mse_in 9.967e-03  mse_out 4.430e-06:   1%|          | 256/25000 [00:16<24:57]
loss : 2.193e-02  mse_pde 2.037e-03  mse_ic 9.923e-03  mse_in 9.967e-03  mse_out 4.430e-06:   1%|          | 258/25000 [00:16<25:06]
loss : 2.182e-02  mse_pde 1.923e-03  mse_ic 9.677e-03  mse_in 1.021e-02  mse_out 4.223e-06:   1%|          | 258/25000 [00:16<25:06]
loss : 2.182e-02  mse_pde 1.923e-03  mse_ic 9.677e-03  mse_in 1.021e-02  mse_out 4.223e-06:   1%|          | 258/25000 [00:16<25:06]
loss : 2.170e-02  mse_pde 2.031e-03  mse_ic 9.861e-03  mse_in 9.804e-03  mse_out 4.100e-06:   1%|          | 258/25000 [00:16<25:06]
loss : 2.170e-02  mse_pde 2.031e-03  mse_ic 9.861e-03  mse_in 9.804e-03  mse_out 4.100e-06:   1%|          | 258/25000 [00:16<25:06]
loss : 2.170e-02  mse_pde 2.031e-03  mse_ic 9.861e-03  mse_in 9.804e-03  mse_out 4.100e-06:   1%|          | 260/25000 [00:16<25:22]
loss : 2.158e-02  mse_pde 1.915e-03  mse_ic 9.588e-03  mse_in 1.007e-02  mse_out 3.888e-06:   1%|          | 260/25000 [00:16<25:22]
loss : 2.158e-02  mse_pde 1.915e-03  mse_ic 9.588e-03  mse_in 1.007e-02  mse_out 3.888e-06:   1%|          | 260/25000 [00:16<25:22]
loss : 2.146e-02  mse_pde 1.936e-03  mse_ic 9.629e-03  mse_in 9.887e-03  mse_out 3.724e-06:   1%|          | 260/25000 [00:16<25:22]
loss : 2.146e-02  mse_pde 1.936e-03  mse_ic 9.629e-03  mse_in 9.887e-03  mse_out 3.724e-06:   1%|          | 260/25000 [00:16<25:22]
loss : 2.146e-02  mse_pde 1.936e-03  mse_ic 9.629e-03  mse_in 9.887e-03  mse_out 3.724e-06:   1%|          | 262/25000 [00:16<25:13]
loss : 2.134e-02  mse_pde 1.985e-03  mse_ic 9.708e-03  mse_in 9.644e-03  mse_out 3.602e-06:   1%|          | 262/25000 [00:16<25:13]
loss : 2.134e-02  mse_pde 1.985e-03  mse_ic 9.708e-03  mse_in 9.644e-03  mse_out 3.602e-06:   1%|          | 262/25000 [00:16<25:13]
loss : 2.123e-02  mse_pde 1.836e-03  mse_ic 9.326e-03  mse_in 1.006e-02  mse_out 3.450e-06:   1%|          | 262/25000 [00:16<25:13]
loss : 2.123e-02  mse_pde 1.836e-03  mse_ic 9.326e-03  mse_in 1.006e-02  mse_out 3.450e-06:   1%|          | 262/25000 [00:16<25:13]
loss : 2.123e-02  mse_pde 1.836e-03  mse_ic 9.326e-03  mse_in 1.006e-02  mse_out 3.450e-06:   1%|          | 264/25000 [00:16<25:14]
loss : 2.111e-02  mse_pde 1.949e-03  mse_ic 9.580e-03  mse_in 9.573e-03  mse_out 3.362e-06:   1%|          | 264/25000 [00:16<25:14]
loss : 2.111e-02  mse_pde 1.949e-03  mse_ic 9.580e-03  mse_in 9.573e-03  mse_out 3.362e-06:   1%|          | 264/25000 [00:16<25:14]
loss : 2.099e-02  mse_pde 1.897e-03  mse_ic 9.498e-03  mse_in 9.589e-03  mse_out 3.221e-06:   1%|          | 264/25000 [00:16<25:14]
loss : 2.099e-02  mse_pde 1.897e-03  mse_ic 9.498e-03  mse_in 9.589e-03  mse_out 3.221e-06:   1%|          | 264/25000 [00:16<25:14]
loss : 2.099e-02  mse_pde 1.897e-03  mse_ic 9.498e-03  mse_in 9.589e-03  mse_out 3.221e-06:   1%|          | 266/25000 [00:16<25:16]
loss : 2.087e-02  mse_pde 1.822e-03  mse_ic 9.395e-03  mse_in 9.653e-03  mse_out 3.096e-06:   1%|          | 266/25000 [00:16<25:16]
loss : 2.087e-02  mse_pde 1.822e-03  mse_ic 9.395e-03  mse_in 9.653e-03  mse_out 3.096e-06:   1%|          | 266/25000 [00:16<25:16]
loss : 2.076e-02  mse_pde 1.873e-03  mse_ic 9.608e-03  mse_in 9.277e-03  mse_out 3.003e-06:   1%|          | 266/25000 [00:16<25:16]
loss : 2.076e-02  mse_pde 1.873e-03  mse_ic 9.608e-03  mse_in 9.277e-03  mse_out 3.003e-06:   1%|          | 266/25000 [00:16<25:16]
loss : 2.076e-02  mse_pde 1.873e-03  mse_ic 9.608e-03  mse_in 9.277e-03  mse_out 3.003e-06:   1%|          | 268/25000 [00:16<24:56]
loss : 2.064e-02  mse_pde 1.722e-03  mse_ic 9.294e-03  mse_in 9.625e-03  mse_out 2.833e-06:   1%|          | 268/25000 [00:16<24:56]
loss : 2.064e-02  mse_pde 1.722e-03  mse_ic 9.294e-03  mse_in 9.625e-03  mse_out 2.833e-06:   1%|          | 268/25000 [00:16<24:56]
loss : 2.052e-02  mse_pde 1.798e-03  mse_ic 9.503e-03  mse_in 9.218e-03  mse_out 2.707e-06:   1%|          | 268/25000 [00:16<24:56]
loss : 2.052e-02  mse_pde 1.798e-03  mse_ic 9.503e-03  mse_in 9.218e-03  mse_out 2.707e-06:   1%|          | 268/25000 [00:16<24:56]
loss : 2.052e-02  mse_pde 1.798e-03  mse_ic 9.503e-03  mse_in 9.218e-03  mse_out 2.707e-06:   1%|          | 270/25000 [00:16<25:12]
loss : 2.041e-02  mse_pde 1.788e-03  mse_ic 9.434e-03  mse_in 9.181e-03  mse_out 2.582e-06:   1%|          | 270/25000 [00:16<25:12]
loss : 2.041e-02  mse_pde 1.788e-03  mse_ic 9.434e-03  mse_in 9.181e-03  mse_out 2.582e-06:   1%|          | 270/25000 [00:16<25:12]
loss : 2.030e-02  mse_pde 1.687e-03  mse_ic 9.151e-03  mse_in 9.454e-03  mse_out 2.462e-06:   1%|          | 270/25000 [00:17<25:12]
loss : 2.030e-02  mse_pde 1.687e-03  mse_ic 9.151e-03  mse_in 9.454e-03  mse_out 2.462e-06:   1%|          | 270/25000 [00:17<25:12]
loss : 2.030e-02  mse_pde 1.687e-03  mse_ic 9.151e-03  mse_in 9.454e-03  mse_out 2.462e-06:   1%|          | 272/25000 [00:17<25:13]
loss : 2.018e-02  mse_pde 1.787e-03  mse_ic 9.494e-03  mse_in 8.901e-03  mse_out 2.386e-06:   1%|          | 272/25000 [00:17<25:13]
loss : 2.018e-02  mse_pde 1.787e-03  mse_ic 9.494e-03  mse_in 8.901e-03  mse_out 2.386e-06:   1%|          | 272/25000 [00:17<25:13]
loss : 2.007e-02  mse_pde 1.622e-03  mse_ic 9.192e-03  mse_in 9.254e-03  mse_out 2.265e-06:   1%|          | 272/25000 [00:17<25:13]
loss : 2.007e-02  mse_pde 1.622e-03  mse_ic 9.192e-03  mse_in 9.254e-03  mse_out 2.265e-06:   1%|          | 272/25000 [00:17<25:13]
loss : 2.007e-02  mse_pde 1.622e-03  mse_ic 9.192e-03  mse_in 9.254e-03  mse_out 2.265e-06:   1%|          | 274/25000 [00:17<25:19]
loss : 1.995e-02  mse_pde 1.672e-03  mse_ic 9.415e-03  mse_in 8.864e-03  mse_out 2.196e-06:   1%|          | 274/25000 [00:17<25:19]
loss : 1.995e-02  mse_pde 1.672e-03  mse_ic 9.415e-03  mse_in 8.864e-03  mse_out 2.196e-06:   1%|          | 274/25000 [00:17<25:19]
loss : 1.984e-02  mse_pde 1.639e-03  mse_ic 9.279e-03  mse_in 8.922e-03  mse_out 2.115e-06:   1%|          | 274/25000 [00:17<25:19]
loss : 1.984e-02  mse_pde 1.639e-03  mse_ic 9.279e-03  mse_in 8.922e-03  mse_out 2.115e-06:   1%|          | 274/25000 [00:17<25:19]
loss : 1.984e-02  mse_pde 1.639e-03  mse_ic 9.279e-03  mse_in 8.922e-03  mse_out 2.115e-06:   1%|          | 276/25000 [00:17<25:10]
loss : 1.974e-02  mse_pde 1.601e-03  mse_ic 9.055e-03  mse_in 9.079e-03  mse_out 2.020e-06:   1%|          | 276/25000 [00:17<25:10]
loss : 1.974e-02  mse_pde 1.601e-03  mse_ic 9.055e-03  mse_in 9.079e-03  mse_out 2.020e-06:   1%|          | 276/25000 [00:17<25:10]
loss : 1.964e-02  mse_pde 1.731e-03  mse_ic 9.359e-03  mse_in 8.544e-03  mse_out 1.960e-06:   1%|          | 276/25000 [00:17<25:10]
loss : 1.964e-02  mse_pde 1.731e-03  mse_ic 9.359e-03  mse_in 8.544e-03  mse_out 1.960e-06:   1%|          | 276/25000 [00:17<25:10]
loss : 1.964e-02  mse_pde 1.731e-03  mse_ic 9.359e-03  mse_in 8.544e-03  mse_out 1.960e-06:   1%|          | 278/25000 [00:17<25:19]
loss : 1.954e-02  mse_pde 1.530e-03  mse_ic 8.884e-03  mse_in 9.123e-03  mse_out 1.886e-06:   1%|          | 278/25000 [00:17<25:19]
loss : 1.954e-02  mse_pde 1.530e-03  mse_ic 8.884e-03  mse_in 9.123e-03  mse_out 1.886e-06:   1%|          | 278/25000 [00:17<25:19]
loss : 1.943e-02  mse_pde 1.621e-03  mse_ic 9.304e-03  mse_in 8.500e-03  mse_out 1.865e-06:   1%|          | 278/25000 [00:17<25:19]
loss : 1.943e-02  mse_pde 1.621e-03  mse_ic 9.304e-03  mse_in 8.500e-03  mse_out 1.865e-06:   1%|          | 278/25000 [00:17<25:19]
loss : 1.943e-02  mse_pde 1.621e-03  mse_ic 9.304e-03  mse_in 8.500e-03  mse_out 1.865e-06:   1%|          | 280/25000 [00:17<25:08]
loss : 1.932e-02  mse_pde 1.569e-03  mse_ic 9.190e-03  mse_in 8.556e-03  mse_out 1.807e-06:   1%|          | 280/25000 [00:17<25:08]
loss : 1.932e-02  mse_pde 1.569e-03  mse_ic 9.190e-03  mse_in 8.556e-03  mse_out 1.807e-06:   1%|          | 280/25000 [00:17<25:08]
loss : 1.923e-02  mse_pde 1.527e-03  mse_ic 8.976e-03  mse_in 8.726e-03  mse_out 1.754e-06:   1%|          | 280/25000 [00:17<25:08]
loss : 1.923e-02  mse_pde 1.527e-03  mse_ic 8.976e-03  mse_in 8.726e-03  mse_out 1.754e-06:   1%|          | 280/25000 [00:17<25:08]
loss : 1.923e-02  mse_pde 1.527e-03  mse_ic 8.976e-03  mse_in 8.726e-03  mse_out 1.754e-06:   1%|          | 282/25000 [00:17<25:10]
loss : 1.915e-02  mse_pde 1.653e-03  mse_ic 9.321e-03  mse_in 8.171e-03  mse_out 1.737e-06:   1%|          | 282/25000 [00:17<25:10]
loss : 1.915e-02  mse_pde 1.653e-03  mse_ic 9.321e-03  mse_in 8.171e-03  mse_out 1.737e-06:   1%|          | 282/25000 [00:17<25:10]
loss : 1.905e-02  mse_pde 1.477e-03  mse_ic 8.859e-03  mse_in 8.711e-03  mse_out 1.683e-06:   1%|          | 282/25000 [00:17<25:10]
loss : 1.905e-02  mse_pde 1.477e-03  mse_ic 8.859e-03  mse_in 8.711e-03  mse_out 1.683e-06:   1%|          | 282/25000 [00:17<25:10]
loss : 1.905e-02  mse_pde 1.477e-03  mse_ic 8.859e-03  mse_in 8.711e-03  mse_out 1.683e-06:   1%|          | 284/25000 [00:17<25:14]
loss : 1.894e-02  mse_pde 1.499e-03  mse_ic 9.076e-03  mse_in 8.367e-03  mse_out 1.644e-06:   1%|          | 284/25000 [00:17<25:14]
loss : 1.894e-02  mse_pde 1.499e-03  mse_ic 9.076e-03  mse_in 8.367e-03  mse_out 1.644e-06:   1%|          | 284/25000 [00:17<25:14]
loss : 1.888e-02  mse_pde 1.583e-03  mse_ic 9.353e-03  mse_in 7.940e-03  mse_out 1.621e-06:   1%|          | 284/25000 [00:17<25:14]
loss : 1.888e-02  mse_pde 1.583e-03  mse_ic 9.353e-03  mse_in 7.940e-03  mse_out 1.621e-06:   1%|          | 284/25000 [00:17<25:14]
loss : 1.888e-02  mse_pde 1.583e-03  mse_ic 9.353e-03  mse_in 7.940e-03  mse_out 1.621e-06:   1%|          | 286/25000 [00:17<25:00]
loss : 1.880e-02  mse_pde 1.416e-03  mse_ic 8.816e-03  mse_in 8.567e-03  mse_out 1.588e-06:   1%|          | 286/25000 [00:17<25:00]
loss : 1.880e-02  mse_pde 1.416e-03  mse_ic 8.816e-03  mse_in 8.567e-03  mse_out 1.588e-06:   1%|          | 286/25000 [00:17<25:00]
loss : 1.870e-02  mse_pde 1.487e-03  mse_ic 9.147e-03  mse_in 8.067e-03  mse_out 1.591e-06:   1%|          | 286/25000 [00:18<25:00]
loss : 1.870e-02  mse_pde 1.487e-03  mse_ic 9.147e-03  mse_in 8.067e-03  mse_out 1.591e-06:   1%|          | 286/25000 [00:18<25:00]
loss : 1.870e-02  mse_pde 1.487e-03  mse_ic 9.147e-03  mse_in 8.067e-03  mse_out 1.591e-06:   1%|          | 288/25000 [00:18<24:53]
loss : 1.862e-02  mse_pde 1.509e-03  mse_ic 9.261e-03  mse_in 7.853e-03  mse_out 1.560e-06:   1%|          | 288/25000 [00:18<24:53]
loss : 1.862e-02  mse_pde 1.509e-03  mse_ic 9.261e-03  mse_in 7.853e-03  mse_out 1.560e-06:   1%|          | 288/25000 [00:18<24:53]
loss : 1.858e-02  mse_pde 1.403e-03  mse_ic 8.857e-03  mse_in 8.315e-03  mse_out 1.512e-06:   1%|          | 288/25000 [00:18<24:53]
loss : 1.858e-02  mse_pde 1.403e-03  mse_ic 8.857e-03  mse_in 8.315e-03  mse_out 1.512e-06:   1%|          | 288/25000 [00:18<24:53]
loss : 1.858e-02  mse_pde 1.403e-03  mse_ic 8.857e-03  mse_in 8.315e-03  mse_out 1.512e-06:   1%|          | 290/25000 [00:18<24:54]
loss : 1.848e-02  mse_pde 1.471e-03  mse_ic 9.269e-03  mse_in 7.736e-03  mse_out 1.515e-06:   1%|          | 290/25000 [00:18<24:54]
loss : 1.848e-02  mse_pde 1.471e-03  mse_ic 9.269e-03  mse_in 7.736e-03  mse_out 1.515e-06:   1%|          | 290/25000 [00:18<24:54]
loss : 1.841e-02  mse_pde 1.429e-03  mse_ic 9.118e-03  mse_in 7.857e-03  mse_out 1.501e-06:   1%|          | 290/25000 [00:18<24:54]
loss : 1.841e-02  mse_pde 1.429e-03  mse_ic 9.118e-03  mse_in 7.857e-03  mse_out 1.501e-06:   1%|          | 290/25000 [00:18<24:54]
loss : 1.841e-02  mse_pde 1.429e-03  mse_ic 9.118e-03  mse_in 7.857e-03  mse_out 1.501e-06:   1%|          | 292/25000 [00:18<24:57]
loss : 1.835e-02  mse_pde 1.376e-03  mse_ic 8.801e-03  mse_in 8.175e-03  mse_out 1.466e-06:   1%|          | 292/25000 [00:18<24:57]
loss : 1.835e-02  mse_pde 1.376e-03  mse_ic 8.801e-03  mse_in 8.175e-03  mse_out 1.466e-06:   1%|          | 292/25000 [00:18<24:57]
loss : 1.828e-02  mse_pde 1.490e-03  mse_ic 9.273e-03  mse_in 7.521e-03  mse_out 1.461e-06:   1%|          | 292/25000 [00:18<24:57]
loss : 1.828e-02  mse_pde 1.490e-03  mse_ic 9.273e-03  mse_in 7.521e-03  mse_out 1.461e-06:   1%|          | 292/25000 [00:18<24:57]
loss : 1.828e-02  mse_pde 1.490e-03  mse_ic 9.273e-03  mse_in 7.521e-03  mse_out 1.461e-06:   1%|          | 294/25000 [00:18<25:13]
loss : 1.820e-02  mse_pde 1.354e-03  mse_ic 9.068e-03  mse_in 7.773e-03  mse_out 1.449e-06:   1%|          | 294/25000 [00:18<25:13]
loss : 1.820e-02  mse_pde 1.354e-03  mse_ic 9.068e-03  mse_in 7.773e-03  mse_out 1.449e-06:   1%|          | 294/25000 [00:18<25:13]
loss : 1.815e-02  mse_pde 1.287e-03  mse_ic 8.939e-03  mse_in 7.921e-03  mse_out 1.440e-06:   1%|          | 294/25000 [00:18<25:13]
loss : 1.815e-02  mse_pde 1.287e-03  mse_ic 8.939e-03  mse_in 7.921e-03  mse_out 1.440e-06:   1%|          | 294/25000 [00:18<25:13]
loss : 1.815e-02  mse_pde 1.287e-03  mse_ic 8.939e-03  mse_in 7.921e-03  mse_out 1.440e-06:   1%|          | 296/25000 [00:18<25:04]
loss : 1.808e-02  mse_pde 1.363e-03  mse_ic 9.260e-03  mse_in 7.459e-03  mse_out 1.433e-06:   1%|          | 296/25000 [00:18<25:04]
loss : 1.808e-02  mse_pde 1.363e-03  mse_ic 9.260e-03  mse_in 7.459e-03  mse_out 1.433e-06:   1%|          | 296/25000 [00:18<25:04]
loss : 1.801e-02  mse_pde 1.324e-03  mse_ic 9.001e-03  mse_in 7.686e-03  mse_out 1.403e-06:   1%|          | 296/25000 [00:18<25:04]
loss : 1.801e-02  mse_pde 1.324e-03  mse_ic 9.001e-03  mse_in 7.686e-03  mse_out 1.403e-06:   1%|          | 296/25000 [00:18<25:04]
loss : 1.801e-02  mse_pde 1.324e-03  mse_ic 9.001e-03  mse_in 7.686e-03  mse_out 1.403e-06:   1%|          | 298/25000 [00:18<25:08]
loss : 1.795e-02  mse_pde 1.316e-03  mse_ic 8.897e-03  mse_in 7.737e-03  mse_out 1.396e-06:   1%|          | 298/25000 [00:18<25:08]
loss : 1.795e-02  mse_pde 1.316e-03  mse_ic 8.897e-03  mse_in 7.737e-03  mse_out 1.396e-06:   1%|          | 298/25000 [00:18<25:08]
loss : 1.790e-02  mse_pde 1.362e-03  mse_ic 9.109e-03  mse_in 7.433e-03  mse_out 1.411e-06:   1%|          | 298/25000 [00:18<25:08]
loss : 1.790e-02  mse_pde 1.362e-03  mse_ic 9.109e-03  mse_in 7.433e-03  mse_out 1.411e-06:   1%|          | 298/25000 [00:18<25:08]
loss : 1.790e-02  mse_pde 1.362e-03  mse_ic 9.109e-03  mse_in 7.433e-03  mse_out 1.411e-06:   1%|          | 300/25000 [00:18<25:03]
loss : 1.784e-02  mse_pde 1.237e-03  mse_ic 8.786e-03  mse_in 7.817e-03  mse_out 1.392e-06:   1%|          | 300/25000 [00:18<25:03]
loss : 1.784e-02  mse_pde 1.237e-03  mse_ic 8.786e-03  mse_in 7.817e-03  mse_out 1.392e-06:   1%|          | 300/25000 [00:18<25:03]
loss : 1.777e-02  mse_pde 1.256e-03  mse_ic 9.005e-03  mse_in 7.510e-03  mse_out 1.381e-06:   1%|          | 300/25000 [00:18<25:03]
loss : 1.777e-02  mse_pde 1.256e-03  mse_ic 9.005e-03  mse_in 7.510e-03  mse_out 1.381e-06:   1%|          | 300/25000 [00:18<25:03]
loss : 1.777e-02  mse_pde 1.256e-03  mse_ic 9.005e-03  mse_in 7.510e-03  mse_out 1.381e-06:   1%|          | 302/25000 [00:18<25:26]
loss : 1.774e-02  mse_pde 1.280e-03  mse_ic 9.036e-03  mse_in 7.423e-03  mse_out 1.375e-06:   1%|          | 302/25000 [00:18<25:26]
loss : 1.774e-02  mse_pde 1.280e-03  mse_ic 9.036e-03  mse_in 7.423e-03  mse_out 1.375e-06:   1%|          | 302/25000 [00:18<25:26]
loss : 1.771e-02  mse_pde 1.229e-03  mse_ic 8.762e-03  mse_in 7.714e-03  mse_out 1.359e-06:   1%|          | 302/25000 [00:19<25:26]
loss : 1.771e-02  mse_pde 1.229e-03  mse_ic 8.762e-03  mse_in 7.714e-03  mse_out 1.359e-06:   1%|          | 302/25000 [00:19<25:26]
loss : 1.771e-02  mse_pde 1.229e-03  mse_ic 8.762e-03  mse_in 7.714e-03  mse_out 1.359e-06:   1%|          | 304/25000 [00:19<25:16]
loss : 1.767e-02  mse_pde 1.241e-03  mse_ic 8.787e-03  mse_in 7.639e-03  mse_out 1.347e-06:   1%|          | 304/25000 [00:19<25:16]
loss : 1.767e-02  mse_pde 1.241e-03  mse_ic 8.787e-03  mse_in 7.639e-03  mse_out 1.347e-06:   1%|          | 304/25000 [00:19<25:16]
loss : 1.764e-02  mse_pde 1.280e-03  mse_ic 8.973e-03  mse_in 7.384e-03  mse_out 1.334e-06:   1%|          | 304/25000 [00:19<25:16]
loss : 1.764e-02  mse_pde 1.280e-03  mse_ic 8.973e-03  mse_in 7.384e-03  mse_out 1.334e-06:   1%|          | 304/25000 [00:19<25:16]
loss : 1.760e-02  mse_pde 1.196e-03  mse_ic 8.814e-03  mse_in 7.585e-03  mse_out 1.310e-06:   1%|          | 304/25000 [00:19<25:16]
loss : 1.760e-02  mse_pde 1.196e-03  mse_ic 8.814e-03  mse_in 7.585e-03  mse_out 1.310e-06:   1%|          | 304/25000 [00:19<25:16]
loss : 1.760e-02  mse_pde 1.196e-03  mse_ic 8.814e-03  mse_in 7.585e-03  mse_out 1.310e-06:   1%|          | 307/25000 [00:19<23:51]
loss : 1.756e-02  mse_pde 1.160e-03  mse_ic 8.832e-03  mse_in 7.568e-03  mse_out 1.299e-06:   1%|          | 307/25000 [00:19<23:51]
loss : 1.756e-02  mse_pde 1.160e-03  mse_ic 8.832e-03  mse_in 7.568e-03  mse_out 1.299e-06:   1%|          | 307/25000 [00:19<23:51]
loss : 1.753e-02  mse_pde 1.194e-03  mse_ic 9.016e-03  mse_in 7.318e-03  mse_out 1.300e-06:   1%|          | 307/25000 [00:19<23:51]
loss : 1.753e-02  mse_pde 1.194e-03  mse_ic 9.016e-03  mse_in 7.318e-03  mse_out 1.300e-06:   1%|          | 307/25000 [00:19<23:51]
loss : 1.753e-02  mse_pde 1.194e-03  mse_ic 9.016e-03  mse_in 7.318e-03  mse_out 1.300e-06:   1%|          | 309/25000 [00:19<24:13]
loss : 1.749e-02  mse_pde 1.157e-03  mse_ic 8.797e-03  mse_in 7.531e-03  mse_out 1.287e-06:   1%|          | 309/25000 [00:19<24:13]
loss : 1.749e-02  mse_pde 1.157e-03  mse_ic 8.797e-03  mse_in 7.531e-03  mse_out 1.287e-06:   1%|          | 309/25000 [00:19<24:13]
loss : 1.745e-02  mse_pde 1.170e-03  mse_ic 8.639e-03  mse_in 7.642e-03  mse_out 1.268e-06:   1%|          | 309/25000 [00:19<24:13]
loss : 1.745e-02  mse_pde 1.170e-03  mse_ic 8.639e-03  mse_in 7.642e-03  mse_out 1.268e-06:   1%|          | 309/25000 [00:19<24:13]
loss : 1.745e-02  mse_pde 1.170e-03  mse_ic 8.639e-03  mse_in 7.642e-03  mse_out 1.268e-06:   1%|          | 311/25000 [00:19<24:24]
loss : 1.742e-02  mse_pde 1.245e-03  mse_ic 8.761e-03  mse_in 7.411e-03  mse_out 1.257e-06:   1%|          | 311/25000 [00:19<24:24]
loss : 1.742e-02  mse_pde 1.245e-03  mse_ic 8.761e-03  mse_in 7.411e-03  mse_out 1.257e-06:   1%|          | 311/25000 [00:19<24:24]
loss : 1.738e-02  mse_pde 1.196e-03  mse_ic 8.621e-03  mse_in 7.557e-03  mse_out 1.242e-06:   1%|          | 311/25000 [00:19<24:24]
loss : 1.738e-02  mse_pde 1.196e-03  mse_ic 8.621e-03  mse_in 7.557e-03  mse_out 1.242e-06:   1%|          | 311/25000 [00:19<24:24]
loss : 1.738e-02  mse_pde 1.196e-03  mse_ic 8.621e-03  mse_in 7.557e-03  mse_out 1.242e-06:   1%|▏         | 313/25000 [00:19<24:26]
loss : 1.734e-02  mse_pde 1.140e-03  mse_ic 8.567e-03  mse_in 7.633e-03  mse_out 1.236e-06:   1%|▏         | 313/25000 [00:19<24:26]
loss : 1.734e-02  mse_pde 1.140e-03  mse_ic 8.567e-03  mse_in 7.633e-03  mse_out 1.236e-06:   1%|▏         | 313/25000 [00:19<24:26]
loss : 1.731e-02  mse_pde 1.151e-03  mse_ic 8.759e-03  mse_in 7.394e-03  mse_out 1.239e-06:   1%|▏         | 313/25000 [00:19<24:26]
loss : 1.731e-02  mse_pde 1.151e-03  mse_ic 8.759e-03  mse_in 7.394e-03  mse_out 1.239e-06:   1%|▏         | 313/25000 [00:19<24:26]
loss : 1.731e-02  mse_pde 1.151e-03  mse_ic 8.759e-03  mse_in 7.394e-03  mse_out 1.239e-06:   1%|▏         | 315/25000 [00:19<24:46]
loss : 1.726e-02  mse_pde 1.108e-03  mse_ic 8.636e-03  mse_in 7.516e-03  mse_out 1.226e-06:   1%|▏         | 315/25000 [00:19<24:46]
loss : 1.726e-02  mse_pde 1.108e-03  mse_ic 8.636e-03  mse_in 7.516e-03  mse_out 1.226e-06:   1%|▏         | 315/25000 [00:19<24:46]
loss : 1.723e-02  mse_pde 1.101e-03  mse_ic 8.495e-03  mse_in 7.629e-03  mse_out 1.204e-06:   1%|▏         | 315/25000 [00:19<24:46]
loss : 1.723e-02  mse_pde 1.101e-03  mse_ic 8.495e-03  mse_in 7.629e-03  mse_out 1.204e-06:   1%|▏         | 315/25000 [00:19<24:46]
loss : 1.723e-02  mse_pde 1.101e-03  mse_ic 8.495e-03  mse_in 7.629e-03  mse_out 1.204e-06:   1%|▏         | 317/25000 [00:19<24:56]
loss : 1.719e-02  mse_pde 1.159e-03  mse_ic 8.603e-03  mse_in 7.426e-03  mse_out 1.190e-06:   1%|▏         | 317/25000 [00:19<24:56]
loss : 1.719e-02  mse_pde 1.159e-03  mse_ic 8.603e-03  mse_in 7.426e-03  mse_out 1.190e-06:   1%|▏         | 317/25000 [00:19<24:56]
loss : 1.714e-02  mse_pde 1.103e-03  mse_ic 8.451e-03  mse_in 7.590e-03  mse_out 1.173e-06:   1%|▏         | 317/25000 [00:19<24:56]
loss : 1.714e-02  mse_pde 1.103e-03  mse_ic 8.451e-03  mse_in 7.590e-03  mse_out 1.173e-06:   1%|▏         | 317/25000 [00:19<24:56]
loss : 1.714e-02  mse_pde 1.103e-03  mse_ic 8.451e-03  mse_in 7.590e-03  mse_out 1.173e-06:   1%|▏         | 319/25000 [00:19<24:15]
loss : 1.711e-02  mse_pde 1.066e-03  mse_ic 8.433e-03  mse_in 7.606e-03  mse_out 1.162e-06:   1%|▏         | 319/25000 [00:19<24:15]
loss : 1.711e-02  mse_pde 1.066e-03  mse_ic 8.433e-03  mse_in 7.606e-03  mse_out 1.162e-06:   1%|▏         | 319/25000 [00:19<24:15]
loss : 1.707e-02  mse_pde 1.087e-03  mse_ic 8.572e-03  mse_in 7.410e-03  mse_out 1.153e-06:   1%|▏         | 319/25000 [00:20<24:15]
loss : 1.707e-02  mse_pde 1.087e-03  mse_ic 8.572e-03  mse_in 7.410e-03  mse_out 1.153e-06:   1%|▏         | 319/25000 [00:20<24:15]
loss : 1.707e-02  mse_pde 1.087e-03  mse_ic 8.572e-03  mse_in 7.410e-03  mse_out 1.153e-06:   1%|▏         | 321/25000 [00:20<24:30]
loss : 1.703e-02  mse_pde 1.043e-03  mse_ic 8.404e-03  mse_in 7.578e-03  mse_out 1.131e-06:   1%|▏         | 321/25000 [00:20<24:30]
loss : 1.703e-02  mse_pde 1.043e-03  mse_ic 8.404e-03  mse_in 7.578e-03  mse_out 1.131e-06:   1%|▏         | 321/25000 [00:20<24:30]
loss : 1.698e-02  mse_pde 1.064e-03  mse_ic 8.402e-03  mse_in 7.516e-03  mse_out 1.118e-06:   1%|▏         | 321/25000 [00:20<24:30]
loss : 1.698e-02  mse_pde 1.064e-03  mse_ic 8.402e-03  mse_in 7.516e-03  mse_out 1.118e-06:   1%|▏         | 321/25000 [00:20<24:30]
loss : 1.698e-02  mse_pde 1.064e-03  mse_ic 8.402e-03  mse_in 7.516e-03  mse_out 1.118e-06:   1%|▏         | 323/25000 [00:20<24:46]
loss : 1.694e-02  mse_pde 1.084e-03  mse_ic 8.444e-03  mse_in 7.414e-03  mse_out 1.111e-06:   1%|▏         | 323/25000 [00:20<24:46]
loss : 1.694e-02  mse_pde 1.084e-03  mse_ic 8.444e-03  mse_in 7.414e-03  mse_out 1.111e-06:   1%|▏         | 323/25000 [00:20<24:46]
loss : 1.690e-02  mse_pde 1.017e-03  mse_ic 8.258e-03  mse_in 7.628e-03  mse_out 1.094e-06:   1%|▏         | 323/25000 [00:20<24:46]
loss : 1.690e-02  mse_pde 1.017e-03  mse_ic 8.258e-03  mse_in 7.628e-03  mse_out 1.094e-06:   1%|▏         | 323/25000 [00:20<24:46]
loss : 1.690e-02  mse_pde 1.017e-03  mse_ic 8.258e-03  mse_in 7.628e-03  mse_out 1.094e-06:   1%|▏         | 325/25000 [00:20<24:51]
loss : 1.686e-02  mse_pde 1.046e-03  mse_ic 8.404e-03  mse_in 7.408e-03  mse_out 1.081e-06:   1%|▏         | 325/25000 [00:20<24:51]
loss : 1.686e-02  mse_pde 1.046e-03  mse_ic 8.404e-03  mse_in 7.408e-03  mse_out 1.081e-06:   1%|▏         | 325/25000 [00:20<24:51]
loss : 1.681e-02  mse_pde 1.025e-03  mse_ic 8.315e-03  mse_in 7.473e-03  mse_out 1.055e-06:   1%|▏         | 325/25000 [00:20<24:51]
loss : 1.681e-02  mse_pde 1.025e-03  mse_ic 8.315e-03  mse_in 7.473e-03  mse_out 1.055e-06:   1%|▏         | 325/25000 [00:20<24:51]
loss : 1.681e-02  mse_pde 1.025e-03  mse_ic 8.315e-03  mse_in 7.473e-03  mse_out 1.055e-06:   1%|▏         | 327/25000 [00:20<24:50]
loss : 1.677e-02  mse_pde 1.012e-03  mse_ic 8.206e-03  mse_in 7.556e-03  mse_out 1.036e-06:   1%|▏         | 327/25000 [00:20<24:50]
loss : 1.677e-02  mse_pde 1.012e-03  mse_ic 8.206e-03  mse_in 7.556e-03  mse_out 1.036e-06:   1%|▏         | 327/25000 [00:20<24:50]
loss : 1.673e-02  mse_pde 1.056e-03  mse_ic 8.323e-03  mse_in 7.353e-03  mse_out 1.030e-06:   1%|▏         | 327/25000 [00:20<24:50]
loss : 1.673e-02  mse_pde 1.056e-03  mse_ic 8.323e-03  mse_in 7.353e-03  mse_out 1.030e-06:   1%|▏         | 327/25000 [00:20<24:50]
loss : 1.673e-02  mse_pde 1.056e-03  mse_ic 8.323e-03  mse_in 7.353e-03  mse_out 1.030e-06:   1%|▏         | 329/25000 [00:20<24:52]
loss : 1.669e-02  mse_pde 9.756e-04  mse_ic 8.084e-03  mse_in 7.631e-03  mse_out 1.010e-06:   1%|▏         | 329/25000 [00:20<24:52]
loss : 1.669e-02  mse_pde 9.756e-04  mse_ic 8.084e-03  mse_in 7.631e-03  mse_out 1.010e-06:   1%|▏         | 329/25000 [00:20<24:52]
loss : 1.664e-02  mse_pde 1.011e-03  mse_ic 8.247e-03  mse_in 7.382e-03  mse_out 9.923e-07:   1%|▏         | 329/25000 [00:20<24:52]
loss : 1.664e-02  mse_pde 1.011e-03  mse_ic 8.247e-03  mse_in 7.382e-03  mse_out 9.923e-07:   1%|▏         | 329/25000 [00:20<24:52]
loss : 1.664e-02  mse_pde 1.011e-03  mse_ic 8.247e-03  mse_in 7.382e-03  mse_out 9.923e-07:   1%|▏         | 331/25000 [00:20<24:52]
loss : 1.659e-02  mse_pde 9.758e-04  mse_ic 8.159e-03  mse_in 7.458e-03  mse_out 9.615e-07:   1%|▏         | 331/25000 [00:20<24:52]
loss : 1.659e-02  mse_pde 9.758e-04  mse_ic 8.159e-03  mse_in 7.458e-03  mse_out 9.615e-07:   1%|▏         | 331/25000 [00:20<24:52]
loss : 1.655e-02  mse_pde 9.435e-04  mse_ic 8.065e-03  mse_in 7.543e-03  mse_out 9.375e-07:   1%|▏         | 331/25000 [00:20<24:52]
loss : 1.655e-02  mse_pde 9.435e-04  mse_ic 8.065e-03  mse_in 7.543e-03  mse_out 9.375e-07:   1%|▏         | 331/25000 [00:20<24:52]
loss : 1.655e-02  mse_pde 9.435e-04  mse_ic 8.065e-03  mse_in 7.543e-03  mse_out 9.375e-07:   1%|▏         | 333/25000 [00:20<25:02]
loss : 1.651e-02  mse_pde 9.837e-04  mse_ic 8.192e-03  mse_in 7.335e-03  mse_out 9.278e-07:   1%|▏         | 333/25000 [00:20<25:02]
loss : 1.651e-02  mse_pde 9.837e-04  mse_ic 8.192e-03  mse_in 7.335e-03  mse_out 9.278e-07:   1%|▏         | 333/25000 [00:20<25:02]
loss : 1.647e-02  mse_pde 9.030e-04  mse_ic 7.926e-03  mse_in 7.638e-03  mse_out 9.059e-07:   1%|▏         | 333/25000 [00:20<25:02]
loss : 1.647e-02  mse_pde 9.030e-04  mse_ic 7.926e-03  mse_in 7.638e-03  mse_out 9.059e-07:   1%|▏         | 333/25000 [00:20<25:02]
loss : 1.647e-02  mse_pde 9.030e-04  mse_ic 7.926e-03  mse_in 7.638e-03  mse_out 9.059e-07:   1%|▏         | 335/25000 [00:20<24:36]
loss : 1.642e-02  mse_pde 9.523e-04  mse_ic 8.068e-03  mse_in 7.394e-03  mse_out 8.880e-07:   1%|▏         | 335/25000 [00:20<24:36]
loss : 1.642e-02  mse_pde 9.523e-04  mse_ic 8.068e-03  mse_in 7.394e-03  mse_out 8.880e-07:   1%|▏         | 335/25000 [00:20<24:36]
loss : 1.637e-02  mse_pde 9.237e-04  mse_ic 7.998e-03  mse_in 7.446e-03  mse_out 8.624e-07:   1%|▏         | 335/25000 [00:20<24:36]
loss : 1.637e-02  mse_pde 9.237e-04  mse_ic 7.998e-03  mse_in 7.446e-03  mse_out 8.624e-07:   1%|▏         | 335/25000 [00:20<24:36]
loss : 1.637e-02  mse_pde 9.237e-04  mse_ic 7.998e-03  mse_in 7.446e-03  mse_out 8.624e-07:   1%|▏         | 337/25000 [00:20<24:51]
loss : 1.633e-02  mse_pde 8.735e-04  mse_ic 7.876e-03  mse_in 7.575e-03  mse_out 8.395e-07:   1%|▏         | 337/25000 [00:21<24:51]
loss : 1.633e-02  mse_pde 8.735e-04  mse_ic 7.876e-03  mse_in 7.575e-03  mse_out 8.395e-07:   1%|▏         | 337/25000 [00:21<24:51]
loss : 1.628e-02  mse_pde 9.315e-04  mse_ic 8.016e-03  mse_in 7.336e-03  mse_out 8.234e-07:   1%|▏         | 337/25000 [00:21<24:51]
loss : 1.628e-02  mse_pde 9.315e-04  mse_ic 8.016e-03  mse_in 7.336e-03  mse_out 8.234e-07:   1%|▏         | 337/25000 [00:21<24:51]
loss : 1.628e-02  mse_pde 9.315e-04  mse_ic 8.016e-03  mse_in 7.336e-03  mse_out 8.234e-07:   1%|▏         | 339/25000 [00:21<24:53]
loss : 1.624e-02  mse_pde 8.559e-04  mse_ic 7.735e-03  mse_in 7.645e-03  mse_out 7.919e-07:   1%|▏         | 339/25000 [00:21<24:53]
loss : 1.624e-02  mse_pde 8.559e-04  mse_ic 7.735e-03  mse_in 7.645e-03  mse_out 7.919e-07:   1%|▏         | 339/25000 [00:21<24:53]
loss : 1.618e-02  mse_pde 8.996e-04  mse_ic 7.856e-03  mse_in 7.428e-03  mse_out 7.678e-07:   1%|▏         | 339/25000 [00:21<24:53]
loss : 1.618e-02  mse_pde 8.996e-04  mse_ic 7.856e-03  mse_in 7.428e-03  mse_out 7.678e-07:   1%|▏         | 339/25000 [00:21<24:53]
loss : 1.618e-02  mse_pde 8.996e-04  mse_ic 7.856e-03  mse_in 7.428e-03  mse_out 7.678e-07:   1%|▏         | 341/25000 [00:21<24:50]
loss : 1.614e-02  mse_pde 8.662e-04  mse_ic 7.849e-03  mse_in 7.420e-03  mse_out 7.449e-07:   1%|▏         | 341/25000 [00:21<24:50]
loss : 1.614e-02  mse_pde 8.662e-04  mse_ic 7.849e-03  mse_in 7.420e-03  mse_out 7.449e-07:   1%|▏         | 341/25000 [00:21<24:50]
loss : 1.609e-02  mse_pde 7.948e-04  mse_ic 7.710e-03  mse_in 7.589e-03  mse_out 7.229e-07:   1%|▏         | 341/25000 [00:21<24:50]
loss : 1.609e-02  mse_pde 7.948e-04  mse_ic 7.710e-03  mse_in 7.589e-03  mse_out 7.229e-07:   1%|▏         | 341/25000 [00:21<24:50]
loss : 1.609e-02  mse_pde 7.948e-04  mse_ic 7.710e-03  mse_in 7.589e-03  mse_out 7.229e-07:   1%|▏         | 343/25000 [00:21<24:38]
loss : 1.605e-02  mse_pde 8.704e-04  mse_ic 7.859e-03  mse_in 7.320e-03  mse_out 7.056e-07:   1%|▏         | 343/25000 [00:21<24:38]
loss : 1.605e-02  mse_pde 8.704e-04  mse_ic 7.859e-03  mse_in 7.320e-03  mse_out 7.056e-07:   1%|▏         | 343/25000 [00:21<24:38]
loss : 1.600e-02  mse_pde 7.995e-04  mse_ic 7.575e-03  mse_in 7.625e-03  mse_out 6.794e-07:   1%|▏         | 343/25000 [00:21<24:38]
loss : 1.600e-02  mse_pde 7.995e-04  mse_ic 7.575e-03  mse_in 7.625e-03  mse_out 6.794e-07:   1%|▏         | 343/25000 [00:21<24:38]
loss : 1.600e-02  mse_pde 7.995e-04  mse_ic 7.575e-03  mse_in 7.625e-03  mse_out 6.794e-07:   1%|▏         | 345/25000 [00:21<24:53]
loss : 1.595e-02  mse_pde 8.241e-04  mse_ic 7.681e-03  mse_in 7.441e-03  mse_out 6.641e-07:   1%|▏         | 345/25000 [00:21<24:53]
loss : 1.595e-02  mse_pde 8.241e-04  mse_ic 7.681e-03  mse_in 7.441e-03  mse_out 6.641e-07:   1%|▏         | 345/25000 [00:21<24:53]
loss : 1.590e-02  mse_pde 7.910e-04  mse_ic 7.677e-03  mse_in 7.429e-03  mse_out 6.498e-07:   1%|▏         | 345/25000 [00:21<24:53]
loss : 1.590e-02  mse_pde 7.910e-04  mse_ic 7.677e-03  mse_in 7.429e-03  mse_out 6.498e-07:   1%|▏         | 345/25000 [00:21<24:53]
loss : 1.590e-02  mse_pde 7.910e-04  mse_ic 7.677e-03  mse_in 7.429e-03  mse_out 6.498e-07:   1%|▏         | 347/25000 [00:21<24:47]
loss : 1.585e-02  mse_pde 7.381e-04  mse_ic 7.535e-03  mse_in 7.580e-03  mse_out 6.326e-07:   1%|▏         | 347/25000 [00:21<24:47]
loss : 1.585e-02  mse_pde 7.381e-04  mse_ic 7.535e-03  mse_in 7.580e-03  mse_out 6.326e-07:   1%|▏         | 347/25000 [00:21<24:47]
loss : 1.581e-02  mse_pde 8.225e-04  mse_ic 7.681e-03  mse_in 7.304e-03  mse_out 6.207e-07:   1%|▏         | 347/25000 [00:21<24:47]
loss : 1.581e-02  mse_pde 8.225e-04  mse_ic 7.681e-03  mse_in 7.304e-03  mse_out 6.207e-07:   1%|▏         | 347/25000 [00:21<24:47]
loss : 1.581e-02  mse_pde 8.225e-04  mse_ic 7.681e-03  mse_in 7.304e-03  mse_out 6.207e-07:   1%|▏         | 349/25000 [00:21<24:54]
loss : 1.576e-02  mse_pde 7.298e-04  mse_ic 7.401e-03  mse_in 7.626e-03  mse_out 6.044e-07:   1%|▏         | 349/25000 [00:21<24:54]
loss : 1.576e-02  mse_pde 7.298e-04  mse_ic 7.401e-03  mse_in 7.626e-03  mse_out 6.044e-07:   1%|▏         | 349/25000 [00:21<24:54]
loss : 1.570e-02  mse_pde 7.731e-04  mse_ic 7.542e-03  mse_in 7.387e-03  mse_out 5.942e-07:   1%|▏         | 349/25000 [00:21<24:54]
loss : 1.570e-02  mse_pde 7.731e-04  mse_ic 7.542e-03  mse_in 7.387e-03  mse_out 5.942e-07:   1%|▏         | 349/25000 [00:21<24:54]
loss : 1.570e-02  mse_pde 7.731e-04  mse_ic 7.542e-03  mse_in 7.387e-03  mse_out 5.942e-07:   1%|▏         | 351/25000 [00:21<24:55]
loss : 1.565e-02  mse_pde 7.482e-04  mse_ic 7.474e-03  mse_in 7.426e-03  mse_out 5.781e-07:   1%|▏         | 351/25000 [00:21<24:55]
loss : 1.565e-02  mse_pde 7.482e-04  mse_ic 7.474e-03  mse_in 7.426e-03  mse_out 5.781e-07:   1%|▏         | 351/25000 [00:21<24:55]
loss : 1.560e-02  mse_pde 7.141e-04  mse_ic 7.381e-03  mse_in 7.507e-03  mse_out 5.646e-07:   1%|▏         | 351/25000 [00:21<24:55]
loss : 1.560e-02  mse_pde 7.141e-04  mse_ic 7.381e-03  mse_in 7.507e-03  mse_out 5.646e-07:   1%|▏         | 351/25000 [00:21<24:55]
loss : 1.560e-02  mse_pde 7.141e-04  mse_ic 7.381e-03  mse_in 7.507e-03  mse_out 5.646e-07:   1%|▏         | 353/25000 [00:21<24:59]
loss : 1.556e-02  mse_pde 7.702e-04  mse_ic 7.588e-03  mse_in 7.201e-03  mse_out 5.582e-07:   1%|▏         | 353/25000 [00:22<24:59]
loss : 1.556e-02  mse_pde 7.702e-04  mse_ic 7.588e-03  mse_in 7.201e-03  mse_out 5.582e-07:   1%|▏         | 353/25000 [00:22<24:59]
loss : 1.552e-02  mse_pde 6.539e-04  mse_ic 7.292e-03  mse_in 7.570e-03  mse_out 5.421e-07:   1%|▏         | 353/25000 [00:22<24:59]
loss : 1.552e-02  mse_pde 6.539e-04  mse_ic 7.292e-03  mse_in 7.570e-03  mse_out 5.421e-07:   1%|▏         | 353/25000 [00:22<24:59]
loss : 1.552e-02  mse_pde 6.539e-04  mse_ic 7.292e-03  mse_in 7.570e-03  mse_out 5.421e-07:   1%|▏         | 355/25000 [00:22<25:00]
loss : 1.545e-02  mse_pde 7.503e-04  mse_ic 7.492e-03  mse_in 7.211e-03  mse_out 5.292e-07:   1%|▏         | 355/25000 [00:22<25:00]
loss : 1.545e-02  mse_pde 7.503e-04  mse_ic 7.492e-03  mse_in 7.211e-03  mse_out 5.292e-07:   1%|▏         | 355/25000 [00:22<25:00]
loss : 1.540e-02  mse_pde 6.956e-04  mse_ic 7.340e-03  mse_in 7.359e-03  mse_out 5.165e-07:   1%|▏         | 355/25000 [00:22<25:00]
loss : 1.540e-02  mse_pde 6.956e-04  mse_ic 7.340e-03  mse_in 7.359e-03  mse_out 5.165e-07:   1%|▏         | 355/25000 [00:22<25:00]
loss : 1.540e-02  mse_pde 6.956e-04  mse_ic 7.340e-03  mse_in 7.359e-03  mse_out 5.165e-07:   1%|▏         | 357/25000 [00:22<24:54]
loss : 1.535e-02  mse_pde 6.502e-04  mse_ic 7.278e-03  mse_in 7.421e-03  mse_out 5.085e-07:   1%|▏         | 357/25000 [00:22<24:54]
loss : 1.535e-02  mse_pde 6.502e-04  mse_ic 7.278e-03  mse_in 7.421e-03  mse_out 5.085e-07:   1%|▏         | 357/25000 [00:22<24:54]
loss : 1.531e-02  mse_pde 7.275e-04  mse_ic 7.460e-03  mse_in 7.120e-03  mse_out 5.005e-07:   1%|▏         | 357/25000 [00:22<24:54]
loss : 1.531e-02  mse_pde 7.275e-04  mse_ic 7.460e-03  mse_in 7.120e-03  mse_out 5.005e-07:   1%|▏         | 357/25000 [00:22<24:54]
loss : 1.531e-02  mse_pde 7.275e-04  mse_ic 7.460e-03  mse_in 7.120e-03  mse_out 5.005e-07:   1%|▏         | 359/25000 [00:22<25:06]
loss : 1.527e-02  mse_pde 6.321e-04  mse_ic 7.148e-03  mse_in 7.485e-03  mse_out 4.846e-07:   1%|▏         | 359/25000 [00:22<25:06]
loss : 1.527e-02  mse_pde 6.321e-04  mse_ic 7.148e-03  mse_in 7.485e-03  mse_out 4.846e-07:   1%|▏         | 359/25000 [00:22<25:06]
loss : 1.521e-02  mse_pde 6.945e-04  mse_ic 7.386e-03  mse_in 7.126e-03  mse_out 4.763e-07:   1%|▏         | 359/25000 [00:22<25:06]
loss : 1.521e-02  mse_pde 6.945e-04  mse_ic 7.386e-03  mse_in 7.126e-03  mse_out 4.763e-07:   1%|▏         | 359/25000 [00:22<25:06]
loss : 1.521e-02  mse_pde 6.945e-04  mse_ic 7.386e-03  mse_in 7.126e-03  mse_out 4.763e-07:   1%|▏         | 361/25000 [00:22<25:10]
loss : 1.515e-02  mse_pde 6.321e-04  mse_ic 7.219e-03  mse_in 7.297e-03  mse_out 4.662e-07:   1%|▏         | 361/25000 [00:22<25:10]
loss : 1.515e-02  mse_pde 6.321e-04  mse_ic 7.219e-03  mse_in 7.297e-03  mse_out 4.662e-07:   1%|▏         | 361/25000 [00:22<25:10]
loss : 1.511e-02  mse_pde 6.332e-04  mse_ic 7.127e-03  mse_in 7.345e-03  mse_out 4.572e-07:   1%|▏         | 361/25000 [00:22<25:10]
loss : 1.511e-02  mse_pde 6.332e-04  mse_ic 7.127e-03  mse_in 7.345e-03  mse_out 4.572e-07:   1%|▏         | 361/25000 [00:22<25:10]
loss : 1.511e-02  mse_pde 6.332e-04  mse_ic 7.127e-03  mse_in 7.345e-03  mse_out 4.572e-07:   1%|▏         | 363/25000 [00:22<25:06]
loss : 1.507e-02  mse_pde 6.983e-04  mse_ic 7.378e-03  mse_in 6.994e-03  mse_out 4.533e-07:   1%|▏         | 363/25000 [00:22<25:06]
loss : 1.507e-02  mse_pde 6.983e-04  mse_ic 7.378e-03  mse_in 6.994e-03  mse_out 4.533e-07:   1%|▏         | 363/25000 [00:22<25:06]
loss : 1.504e-02  mse_pde 5.643e-04  mse_ic 7.068e-03  mse_in 7.404e-03  mse_out 4.445e-07:   1%|▏         | 363/25000 [00:22<25:06]
loss : 1.504e-02  mse_pde 5.643e-04  mse_ic 7.068e-03  mse_in 7.404e-03  mse_out 4.445e-07:   1%|▏         | 363/25000 [00:22<25:06]
loss : 1.504e-02  mse_pde 5.643e-04  mse_ic 7.068e-03  mse_in 7.404e-03  mse_out 4.445e-07:   1%|▏         | 365/25000 [00:22<25:03]
loss : 1.496e-02  mse_pde 6.615e-04  mse_ic 7.233e-03  mse_in 7.069e-03  mse_out 4.349e-07:   1%|▏         | 365/25000 [00:22<25:03]
loss : 1.496e-02  mse_pde 6.615e-04  mse_ic 7.233e-03  mse_in 7.069e-03  mse_out 4.349e-07:   1%|▏         | 365/25000 [00:22<25:03]
loss : 1.492e-02  mse_pde 6.596e-04  mse_ic 7.178e-03  mse_in 7.080e-03  mse_out 4.253e-07:   1%|▏         | 365/25000 [00:22<25:03]
loss : 1.492e-02  mse_pde 6.596e-04  mse_ic 7.178e-03  mse_in 7.080e-03  mse_out 4.253e-07:   1%|▏         | 365/25000 [00:22<25:03]
loss : 1.492e-02  mse_pde 6.596e-04  mse_ic 7.178e-03  mse_in 7.080e-03  mse_out 4.253e-07:   1%|▏         | 367/25000 [00:22<24:19]
loss : 1.489e-02  mse_pde 5.542e-04  mse_ic 6.983e-03  mse_in 7.355e-03  mse_out 4.174e-07:   1%|▏         | 367/25000 [00:22<24:19]
loss : 1.489e-02  mse_pde 5.542e-04  mse_ic 6.983e-03  mse_in 7.355e-03  mse_out 4.174e-07:   1%|▏         | 367/25000 [00:22<24:19]
loss : 1.484e-02  mse_pde 6.334e-04  mse_ic 7.284e-03  mse_in 6.923e-03  mse_out 4.132e-07:   1%|▏         | 367/25000 [00:22<24:19]
loss : 1.484e-02  mse_pde 6.334e-04  mse_ic 7.284e-03  mse_in 6.923e-03  mse_out 4.132e-07:   1%|▏         | 367/25000 [00:22<24:19]
loss : 1.478e-02  mse_pde 5.968e-04  mse_ic 7.093e-03  mse_in 7.095e-03  mse_out 4.046e-07:   1%|▏         | 367/25000 [00:22<24:19]
loss : 1.478e-02  mse_pde 5.968e-04  mse_ic 7.093e-03  mse_in 7.095e-03  mse_out 4.046e-07:   1%|▏         | 367/25000 [00:22<24:19]
loss : 1.478e-02  mse_pde 5.968e-04  mse_ic 7.093e-03  mse_in 7.095e-03  mse_out 4.046e-07:   1%|▏         | 370/25000 [00:22<21:38]
loss : 1.474e-02  mse_pde 5.528e-04  mse_ic 7.017e-03  mse_in 7.169e-03  mse_out 3.999e-07:   1%|▏         | 370/25000 [00:22<21:38]
loss : 1.474e-02  mse_pde 5.528e-04  mse_ic 7.017e-03  mse_in 7.169e-03  mse_out 3.999e-07:   1%|▏         | 370/25000 [00:22<21:38]
loss : 1.472e-02  mse_pde 6.225e-04  mse_ic 7.184e-03  mse_in 6.912e-03  mse_out 3.963e-07:   1%|▏         | 370/25000 [00:23<21:38]
loss : 1.472e-02  mse_pde 6.225e-04  mse_ic 7.184e-03  mse_in 6.912e-03  mse_out 3.963e-07:   1%|▏         | 370/25000 [00:23<21:38]
loss : 1.472e-02  mse_pde 6.225e-04  mse_ic 7.184e-03  mse_in 6.912e-03  mse_out 3.963e-07:   1%|▏         | 372/25000 [00:23<22:01]
loss : 1.467e-02  mse_pde 5.566e-04  mse_ic 6.875e-03  mse_in 7.237e-03  mse_out 3.862e-07:   1%|▏         | 372/25000 [00:23<22:01]
loss : 1.467e-02  mse_pde 5.566e-04  mse_ic 6.875e-03  mse_in 7.237e-03  mse_out 3.862e-07:   1%|▏         | 372/25000 [00:23<22:01]
loss : 1.461e-02  mse_pde 5.878e-04  mse_ic 7.047e-03  mse_in 6.979e-03  mse_out 3.806e-07:   1%|▏         | 372/25000 [00:23<22:01]
loss : 1.461e-02  mse_pde 5.878e-04  mse_ic 7.047e-03  mse_in 6.979e-03  mse_out 3.806e-07:   1%|▏         | 372/25000 [00:23<22:01]
loss : 1.461e-02  mse_pde 5.878e-04  mse_ic 7.047e-03  mse_in 6.979e-03  mse_out 3.806e-07:   1%|▏         | 374/25000 [00:23<22:59]
loss : 1.458e-02  mse_pde 5.483e-04  mse_ic 7.117e-03  mse_in 6.914e-03  mse_out 3.775e-07:   1%|▏         | 374/25000 [00:23<22:59]
loss : 1.458e-02  mse_pde 5.483e-04  mse_ic 7.117e-03  mse_in 6.914e-03  mse_out 3.775e-07:   1%|▏         | 374/25000 [00:23<22:59]
loss : 1.455e-02  mse_pde 5.087e-04  mse_ic 6.925e-03  mse_in 7.111e-03  mse_out 3.699e-07:   1%|▏         | 374/25000 [00:23<22:59]
loss : 1.455e-02  mse_pde 5.087e-04  mse_ic 6.925e-03  mse_in 7.111e-03  mse_out 3.699e-07:   1%|▏         | 374/25000 [00:23<22:59]
loss : 1.455e-02  mse_pde 5.087e-04  mse_ic 6.925e-03  mse_in 7.111e-03  mse_out 3.699e-07:   2%|▏         | 376/25000 [00:23<23:44]
loss : 1.452e-02  mse_pde 6.257e-04  mse_ic 7.071e-03  mse_in 6.820e-03  mse_out 3.630e-07:   2%|▏         | 376/25000 [00:23<23:44]
loss : 1.452e-02  mse_pde 6.257e-04  mse_ic 7.071e-03  mse_in 6.820e-03  mse_out 3.630e-07:   2%|▏         | 376/25000 [00:23<23:44]
loss : 1.447e-02  mse_pde 5.041e-04  mse_ic 6.798e-03  mse_in 7.169e-03  mse_out 3.572e-07:   2%|▏         | 376/25000 [00:23<23:44]
loss : 1.447e-02  mse_pde 5.041e-04  mse_ic 6.798e-03  mse_in 7.169e-03  mse_out 3.572e-07:   2%|▏         | 376/25000 [00:23<23:44]
loss : 1.447e-02  mse_pde 5.041e-04  mse_ic 6.798e-03  mse_in 7.169e-03  mse_out 3.572e-07:   2%|▏         | 378/25000 [00:23<24:10]
loss : 1.442e-02  mse_pde 5.405e-04  mse_ic 6.895e-03  mse_in 6.985e-03  mse_out 3.538e-07:   2%|▏         | 378/25000 [00:23<24:10]
loss : 1.442e-02  mse_pde 5.405e-04  mse_ic 6.895e-03  mse_in 6.985e-03  mse_out 3.538e-07:   2%|▏         | 378/25000 [00:23<24:10]
loss : 1.439e-02  mse_pde 5.867e-04  mse_ic 6.901e-03  mse_in 6.906e-03  mse_out 3.490e-07:   2%|▏         | 378/25000 [00:23<24:10]
loss : 1.439e-02  mse_pde 5.867e-04  mse_ic 6.901e-03  mse_in 6.906e-03  mse_out 3.490e-07:   2%|▏         | 378/25000 [00:23<24:10]
loss : 1.439e-02  mse_pde 5.867e-04  mse_ic 6.901e-03  mse_in 6.906e-03  mse_out 3.490e-07:   2%|▏         | 380/25000 [00:23<24:31]
loss : 1.436e-02  mse_pde 4.749e-04  mse_ic 6.783e-03  mse_in 7.103e-03  mse_out 3.448e-07:   2%|▏         | 380/25000 [00:23<24:31]
loss : 1.436e-02  mse_pde 4.749e-04  mse_ic 6.783e-03  mse_in 7.103e-03  mse_out 3.448e-07:   2%|▏         | 380/25000 [00:23<24:31]
loss : 1.434e-02  mse_pde 5.527e-04  mse_ic 7.048e-03  mse_in 6.740e-03  mse_out 3.402e-07:   2%|▏         | 380/25000 [00:23<24:31]
loss : 1.434e-02  mse_pde 5.527e-04  mse_ic 7.048e-03  mse_in 6.740e-03  mse_out 3.402e-07:   2%|▏         | 380/25000 [00:23<24:31]
loss : 1.434e-02  mse_pde 5.527e-04  mse_ic 7.048e-03  mse_in 6.740e-03  mse_out 3.402e-07:   2%|▏         | 382/25000 [00:23<24:33]
loss : 1.429e-02  mse_pde 5.023e-04  mse_ic 6.735e-03  mse_in 7.053e-03  mse_out 3.291e-07:   2%|▏         | 382/25000 [00:23<24:33]
loss : 1.429e-02  mse_pde 5.023e-04  mse_ic 6.735e-03  mse_in 7.053e-03  mse_out 3.291e-07:   2%|▏         | 382/25000 [00:23<24:33]
loss : 1.424e-02  mse_pde 5.198e-04  mse_ic 6.806e-03  mse_in 6.914e-03  mse_out 3.215e-07:   2%|▏         | 382/25000 [00:23<24:33]
loss : 1.424e-02  mse_pde 5.198e-04  mse_ic 6.806e-03  mse_in 6.914e-03  mse_out 3.215e-07:   2%|▏         | 382/25000 [00:23<24:33]
loss : 1.424e-02  mse_pde 5.198e-04  mse_ic 6.806e-03  mse_in 6.914e-03  mse_out 3.215e-07:   2%|▏         | 384/25000 [00:23<24:44]
loss : 1.422e-02  mse_pde 5.139e-04  mse_ic 6.845e-03  mse_in 6.864e-03  mse_out 3.161e-07:   2%|▏         | 384/25000 [00:23<24:44]
loss : 1.422e-02  mse_pde 5.139e-04  mse_ic 6.845e-03  mse_in 6.864e-03  mse_out 3.161e-07:   2%|▏         | 384/25000 [00:23<24:44]
loss : 1.419e-02  mse_pde 4.802e-04  mse_ic 6.641e-03  mse_in 7.067e-03  mse_out 3.084e-07:   2%|▏         | 384/25000 [00:23<24:44]
loss : 1.419e-02  mse_pde 4.802e-04  mse_ic 6.641e-03  mse_in 7.067e-03  mse_out 3.084e-07:   2%|▏         | 384/25000 [00:23<24:44]
loss : 1.419e-02  mse_pde 4.802e-04  mse_ic 6.641e-03  mse_in 7.067e-03  mse_out 3.084e-07:   2%|▏         | 386/25000 [00:23<25:00]
loss : 1.417e-02  mse_pde 5.795e-04  mse_ic 6.846e-03  mse_in 6.746e-03  mse_out 3.034e-07:   2%|▏         | 386/25000 [00:23<25:00]
loss : 1.417e-02  mse_pde 5.795e-04  mse_ic 6.846e-03  mse_in 6.746e-03  mse_out 3.034e-07:   2%|▏         | 386/25000 [00:23<25:00]
loss : 1.415e-02  mse_pde 4.429e-04  mse_ic 6.643e-03  mse_in 7.064e-03  mse_out 2.977e-07:   2%|▏         | 386/25000 [00:24<25:00]
loss : 1.415e-02  mse_pde 4.429e-04  mse_ic 6.643e-03  mse_in 7.064e-03  mse_out 2.977e-07:   2%|▏         | 386/25000 [00:24<25:00]
loss : 1.415e-02  mse_pde 4.429e-04  mse_ic 6.643e-03  mse_in 7.064e-03  mse_out 2.977e-07:   2%|▏         | 388/25000 [00:24<24:52]
loss : 1.408e-02  mse_pde 4.963e-04  mse_ic 6.761e-03  mse_in 6.827e-03  mse_out 2.907e-07:   2%|▏         | 388/25000 [00:24<24:52]
loss : 1.408e-02  mse_pde 4.963e-04  mse_ic 6.761e-03  mse_in 6.827e-03  mse_out 2.907e-07:   2%|▏         | 388/25000 [00:24<24:52]
loss : 1.408e-02  mse_pde 5.508e-04  mse_ic 6.661e-03  mse_in 6.865e-03  mse_out 2.822e-07:   2%|▏         | 388/25000 [00:24<24:52]
loss : 1.408e-02  mse_pde 5.508e-04  mse_ic 6.661e-03  mse_in 6.865e-03  mse_out 2.822e-07:   2%|▏         | 388/25000 [00:24<24:52]
loss : 1.408e-02  mse_pde 5.508e-04  mse_ic 6.661e-03  mse_in 6.865e-03  mse_out 2.822e-07:   2%|▏         | 390/25000 [00:24<25:09]
loss : 1.405e-02  mse_pde 4.341e-04  mse_ic 6.561e-03  mse_in 7.049e-03  mse_out 2.771e-07:   2%|▏         | 390/25000 [00:24<25:09]
loss : 1.405e-02  mse_pde 4.341e-04  mse_ic 6.561e-03  mse_in 7.049e-03  mse_out 2.771e-07:   2%|▏         | 390/25000 [00:24<25:09]
loss : 1.402e-02  mse_pde 5.102e-04  mse_ic 6.772e-03  mse_in 6.743e-03  mse_out 2.732e-07:   2%|▏         | 390/25000 [00:24<25:09]
loss : 1.402e-02  mse_pde 5.102e-04  mse_ic 6.772e-03  mse_in 6.743e-03  mse_out 2.732e-07:   2%|▏         | 390/25000 [00:24<25:09]
loss : 1.402e-02  mse_pde 5.102e-04  mse_ic 6.772e-03  mse_in 6.743e-03  mse_out 2.732e-07:   2%|▏         | 392/25000 [00:24<24:48]
loss : 1.400e-02  mse_pde 4.996e-04  mse_ic 6.534e-03  mse_in 6.963e-03  mse_out 2.652e-07:   2%|▏         | 392/25000 [00:24<24:48]
loss : 1.400e-02  mse_pde 4.996e-04  mse_ic 6.534e-03  mse_in 6.963e-03  mse_out 2.652e-07:   2%|▏         | 392/25000 [00:24<24:48]
loss : 1.394e-02  mse_pde 4.567e-04  mse_ic 6.630e-03  mse_in 6.852e-03  mse_out 2.596e-07:   2%|▏         | 392/25000 [00:24<24:48]
loss : 1.394e-02  mse_pde 4.567e-04  mse_ic 6.630e-03  mse_in 6.852e-03  mse_out 2.596e-07:   2%|▏         | 392/25000 [00:24<24:48]
loss : 1.394e-02  mse_pde 4.567e-04  mse_ic 6.630e-03  mse_in 6.852e-03  mse_out 2.596e-07:   2%|▏         | 394/25000 [00:24<24:54]
loss : 1.395e-02  mse_pde 4.725e-04  mse_ic 6.709e-03  mse_in 6.764e-03  mse_out 2.537e-07:   2%|▏         | 394/25000 [00:24<24:54]
loss : 1.395e-02  mse_pde 4.725e-04  mse_ic 6.709e-03  mse_in 6.764e-03  mse_out 2.537e-07:   2%|▏         | 394/25000 [00:24<24:54]
loss : 1.390e-02  mse_pde 4.410e-04  mse_ic 6.496e-03  mse_in 6.965e-03  mse_out 2.456e-07:   2%|▏         | 394/25000 [00:24<24:54]
loss : 1.390e-02  mse_pde 4.410e-04  mse_ic 6.496e-03  mse_in 6.965e-03  mse_out 2.456e-07:   2%|▏         | 394/25000 [00:24<24:54]
loss : 1.390e-02  mse_pde 4.410e-04  mse_ic 6.496e-03  mse_in 6.965e-03  mse_out 2.456e-07:   2%|▏         | 396/25000 [00:24<25:02]
loss : 1.390e-02  mse_pde 5.341e-04  mse_ic 6.623e-03  mse_in 6.738e-03  mse_out 2.417e-07:   2%|▏         | 396/25000 [00:24<25:02]
loss : 1.390e-02  mse_pde 5.341e-04  mse_ic 6.623e-03  mse_in 6.738e-03  mse_out 2.417e-07:   2%|▏         | 396/25000 [00:24<25:02]
loss : 1.388e-02  mse_pde 4.190e-04  mse_ic 6.495e-03  mse_in 6.966e-03  mse_out 2.397e-07:   2%|▏         | 396/25000 [00:24<25:02]
loss : 1.388e-02  mse_pde 4.190e-04  mse_ic 6.495e-03  mse_in 6.966e-03  mse_out 2.397e-07:   2%|▏         | 396/25000 [00:24<25:02]
loss : 1.388e-02  mse_pde 4.190e-04  mse_ic 6.495e-03  mse_in 6.966e-03  mse_out 2.397e-07:   2%|▏         | 398/25000 [00:24<24:42]
loss : 1.382e-02  mse_pde 4.588e-04  mse_ic 6.603e-03  mse_in 6.762e-03  mse_out 2.361e-07:   2%|▏         | 398/25000 [00:24<24:42]
loss : 1.382e-02  mse_pde 4.588e-04  mse_ic 6.603e-03  mse_in 6.762e-03  mse_out 2.361e-07:   2%|▏         | 398/25000 [00:24<24:42]
loss : 1.383e-02  mse_pde 5.129e-04  mse_ic 6.477e-03  mse_in 6.842e-03  mse_out 2.297e-07:   2%|▏         | 398/25000 [00:24<24:42]
loss : 1.383e-02  mse_pde 5.129e-04  mse_ic 6.477e-03  mse_in 6.842e-03  mse_out 2.297e-07:   2%|▏         | 398/25000 [00:24<24:42]
loss : 1.378e-02  mse_pde 4.049e-04  mse_ic 6.467e-03  mse_in 6.912e-03  mse_out 2.261e-07:   2%|▏         | 398/25000 [00:24<24:42]
loss : 1.378e-02  mse_pde 4.049e-04  mse_ic 6.467e-03  mse_in 6.912e-03  mse_out 2.261e-07:   2%|▏         | 398/25000 [00:24<24:42]
loss : 1.378e-02  mse_pde 4.049e-04  mse_ic 6.467e-03  mse_in 6.912e-03  mse_out 2.261e-07:   2%|▏         | 401/25000 [00:24<23:11]
loss : 1.380e-02  mse_pde 4.889e-04  mse_ic 6.665e-03  mse_in 6.641e-03  mse_out 2.236e-07:   2%|▏         | 401/25000 [00:24<23:11]
loss : 1.380e-02  mse_pde 4.889e-04  mse_ic 6.665e-03  mse_in 6.641e-03  mse_out 2.236e-07:   2%|▏         | 401/25000 [00:24<23:11]
loss : 1.375e-02  mse_pde 4.207e-04  mse_ic 6.373e-03  mse_in 6.953e-03  mse_out 2.130e-07:   2%|▏         | 401/25000 [00:24<23:11]
loss : 1.375e-02  mse_pde 4.207e-04  mse_ic 6.373e-03  mse_in 6.953e-03  mse_out 2.130e-07:   2%|▏         | 401/25000 [00:24<23:11]
loss : 1.375e-02  mse_pde 4.985e-04  mse_ic 6.386e-03  mse_in 6.866e-03  mse_out 2.098e-07:   2%|▏         | 401/25000 [00:24<23:11]
loss : 1.375e-02  mse_pde 4.985e-04  mse_ic 6.386e-03  mse_in 6.866e-03  mse_out 2.098e-07:   2%|▏         | 401/25000 [00:24<23:11]
loss : 1.375e-02  mse_pde 4.985e-04  mse_ic 6.386e-03  mse_in 6.866e-03  mse_out 2.098e-07:   2%|▏         | 404/25000 [00:24<20:32]
loss : 1.371e-02  mse_pde 4.482e-04  mse_ic 6.547e-03  mse_in 6.711e-03  mse_out 2.114e-07:   2%|▏         | 404/25000 [00:24<20:32]
loss : 1.371e-02  mse_pde 4.482e-04  mse_ic 6.547e-03  mse_in 6.711e-03  mse_out 2.114e-07:   2%|▏         | 404/25000 [00:24<20:32]
loss : 1.373e-02  mse_pde 3.955e-04  mse_ic 6.554e-03  mse_in 6.777e-03  mse_out 2.103e-07:   2%|▏         | 404/25000 [00:24<20:32]
loss : 1.373e-02  mse_pde 3.955e-04  mse_ic 6.554e-03  mse_in 6.777e-03  mse_out 2.103e-07:   2%|▏         | 404/25000 [00:24<20:32]
loss : 1.369e-02  mse_pde 4.329e-04  mse_ic 6.672e-03  mse_in 6.580e-03  mse_out 2.081e-07:   2%|▏         | 404/25000 [00:25<20:32]
loss : 1.369e-02  mse_pde 4.329e-04  mse_ic 6.672e-03  mse_in 6.580e-03  mse_out 2.081e-07:   2%|▏         | 404/25000 [00:25<20:32]
loss : 1.369e-02  mse_pde 4.329e-04  mse_ic 6.672e-03  mse_in 6.580e-03  mse_out 2.081e-07:   2%|▏         | 407/25000 [00:25<19:54]
loss : 1.368e-02  mse_pde 4.397e-04  mse_ic 6.444e-03  mse_in 6.794e-03  mse_out 2.053e-07:   2%|▏         | 407/25000 [00:25<19:54]
loss : 1.368e-02  mse_pde 4.397e-04  mse_ic 6.444e-03  mse_in 6.794e-03  mse_out 2.053e-07:   2%|▏         | 407/25000 [00:25<19:54]
loss : 1.364e-02  mse_pde 4.152e-04  mse_ic 6.361e-03  mse_in 6.868e-03  mse_out 2.071e-07:   2%|▏         | 407/25000 [00:25<19:54]
loss : 1.364e-02  mse_pde 4.152e-04  mse_ic 6.361e-03  mse_in 6.868e-03  mse_out 2.071e-07:   2%|▏         | 407/25000 [00:25<19:54]
loss : 1.365e-02  mse_pde 4.695e-04  mse_ic 6.483e-03  mse_in 6.700e-03  mse_out 2.076e-07:   2%|▏         | 407/25000 [00:25<19:54]
loss : 1.365e-02  mse_pde 4.695e-04  mse_ic 6.483e-03  mse_in 6.700e-03  mse_out 2.076e-07:   2%|▏         | 407/25000 [00:25<19:54]
loss : 1.365e-02  mse_pde 4.695e-04  mse_ic 6.483e-03  mse_in 6.700e-03  mse_out 2.076e-07:   2%|▏         | 410/25000 [00:25<20:09]
loss : 1.362e-02  mse_pde 3.985e-04  mse_ic 6.295e-03  mse_in 6.931e-03  mse_out 2.002e-07:   2%|▏         | 410/25000 [00:25<20:09]
loss : 1.362e-02  mse_pde 3.985e-04  mse_ic 6.295e-03  mse_in 6.931e-03  mse_out 2.002e-07:   2%|▏         | 410/25000 [00:25<20:09]
loss : 1.361e-02  mse_pde 4.633e-04  mse_ic 6.329e-03  mse_in 6.822e-03  mse_out 1.947e-07:   2%|▏         | 410/25000 [00:25<20:09]
loss : 1.361e-02  mse_pde 4.633e-04  mse_ic 6.329e-03  mse_in 6.822e-03  mse_out 1.947e-07:   2%|▏         | 410/25000 [00:25<20:09]
loss : 1.358e-02  mse_pde 4.179e-04  mse_ic 6.340e-03  mse_in 6.822e-03  mse_out 1.955e-07:   2%|▏         | 410/25000 [00:25<20:09]
loss : 1.358e-02  mse_pde 4.179e-04  mse_ic 6.340e-03  mse_in 6.822e-03  mse_out 1.955e-07:   2%|▏         | 410/25000 [00:25<20:09]
loss : 1.358e-02  mse_pde 4.179e-04  mse_ic 6.340e-03  mse_in 6.822e-03  mse_out 1.955e-07:   2%|▏         | 413/25000 [00:25<20:18]
loss : 1.358e-02  mse_pde 3.863e-04  mse_ic 6.403e-03  mse_in 6.788e-03  mse_out 1.991e-07:   2%|▏         | 413/25000 [00:25<20:18]
loss : 1.358e-02  mse_pde 3.863e-04  mse_ic 6.403e-03  mse_in 6.788e-03  mse_out 1.991e-07:   2%|▏         | 413/25000 [00:25<20:18]
loss : 1.357e-02  mse_pde 4.329e-04  mse_ic 6.536e-03  mse_in 6.596e-03  mse_out 1.975e-07:   2%|▏         | 413/25000 [00:25<20:18]
loss : 1.357e-02  mse_pde 4.329e-04  mse_ic 6.536e-03  mse_in 6.596e-03  mse_out 1.975e-07:   2%|▏         | 413/25000 [00:25<20:18]
loss : 1.355e-02  mse_pde 3.831e-04  mse_ic 6.305e-03  mse_in 6.866e-03  mse_out 1.886e-07:   2%|▏         | 413/25000 [00:25<20:18]
loss : 1.355e-02  mse_pde 3.831e-04  mse_ic 6.305e-03  mse_in 6.866e-03  mse_out 1.886e-07:   2%|▏         | 413/25000 [00:25<20:18]
loss : 1.355e-02  mse_pde 3.831e-04  mse_ic 6.305e-03  mse_in 6.866e-03  mse_out 1.886e-07:   2%|▏         | 416/25000 [00:25<20:39]
loss : 1.354e-02  mse_pde 4.530e-04  mse_ic 6.479e-03  mse_in 6.606e-03  mse_out 1.841e-07:   2%|▏         | 416/25000 [00:25<20:39]
loss : 1.354e-02  mse_pde 4.530e-04  mse_ic 6.479e-03  mse_in 6.606e-03  mse_out 1.841e-07:   2%|▏         | 416/25000 [00:25<20:39]
loss : 1.352e-02  mse_pde 3.706e-04  mse_ic 6.340e-03  mse_in 6.810e-03  mse_out 1.829e-07:   2%|▏         | 416/25000 [00:25<20:39]
loss : 1.352e-02  mse_pde 3.706e-04  mse_ic 6.340e-03  mse_in 6.810e-03  mse_out 1.829e-07:   2%|▏         | 416/25000 [00:25<20:39]
loss : 1.349e-02  mse_pde 4.142e-04  mse_ic 6.394e-03  mse_in 6.685e-03  mse_out 1.849e-07:   2%|▏         | 416/25000 [00:25<20:39]
loss : 1.349e-02  mse_pde 4.142e-04  mse_ic 6.394e-03  mse_in 6.685e-03  mse_out 1.849e-07:   2%|▏         | 416/25000 [00:25<20:39]
loss : 1.349e-02  mse_pde 4.142e-04  mse_ic 6.394e-03  mse_in 6.685e-03  mse_out 1.849e-07:   2%|▏         | 419/25000 [00:25<19:09]
loss : 1.348e-02  mse_pde 4.266e-04  mse_ic 6.269e-03  mse_in 6.782e-03  mse_out 1.844e-07:   2%|▏         | 419/25000 [00:25<19:09]
loss : 1.348e-02  mse_pde 4.266e-04  mse_ic 6.269e-03  mse_in 6.782e-03  mse_out 1.844e-07:   2%|▏         | 419/25000 [00:25<19:09]
loss : 1.347e-02  mse_pde 3.707e-04  mse_ic 6.220e-03  mse_in 6.875e-03  mse_out 1.832e-07:   2%|▏         | 419/25000 [00:25<19:09]
loss : 1.347e-02  mse_pde 3.707e-04  mse_ic 6.220e-03  mse_in 6.875e-03  mse_out 1.832e-07:   2%|▏         | 419/25000 [00:25<19:09]
loss : 1.347e-02  mse_pde 4.338e-04  mse_ic 6.531e-03  mse_in 6.506e-03  mse_out 1.837e-07:   2%|▏         | 419/25000 [00:25<19:09]
loss : 1.347e-02  mse_pde 4.338e-04  mse_ic 6.531e-03  mse_in 6.506e-03  mse_out 1.837e-07:   2%|▏         | 419/25000 [00:25<19:09]
loss : 1.347e-02  mse_pde 4.338e-04  mse_ic 6.531e-03  mse_in 6.506e-03  mse_out 1.837e-07:   2%|▏         | 422/25000 [00:25<18:53]
loss : 1.346e-02  mse_pde 3.481e-04  mse_ic 6.296e-03  mse_in 6.812e-03  mse_out 1.797e-07:   2%|▏         | 422/25000 [00:25<18:53]
loss : 1.346e-02  mse_pde 3.481e-04  mse_ic 6.296e-03  mse_in 6.812e-03  mse_out 1.797e-07:   2%|▏         | 422/25000 [00:25<18:53]
loss : 1.342e-02  mse_pde 4.211e-04  mse_ic 6.322e-03  mse_in 6.675e-03  mse_out 1.769e-07:   2%|▏         | 422/25000 [00:25<18:53]
loss : 1.342e-02  mse_pde 4.211e-04  mse_ic 6.322e-03  mse_in 6.675e-03  mse_out 1.769e-07:   2%|▏         | 422/25000 [00:25<18:53]
loss : 1.339e-02  mse_pde 3.969e-04  mse_ic 6.238e-03  mse_in 6.760e-03  mse_out 1.742e-07:   2%|▏         | 422/25000 [00:25<18:53]
loss : 1.339e-02  mse_pde 3.969e-04  mse_ic 6.238e-03  mse_in 6.760e-03  mse_out 1.742e-07:   2%|▏         | 422/25000 [00:25<18:53]
loss : 1.339e-02  mse_pde 3.969e-04  mse_ic 6.238e-03  mse_in 6.760e-03  mse_out 1.742e-07:   2%|▏         | 425/25000 [00:25<18:49]
loss : 1.339e-02  mse_pde 3.563e-04  mse_ic 6.262e-03  mse_in 6.772e-03  mse_out 1.728e-07:   2%|▏         | 425/25000 [00:25<18:49]
loss : 1.339e-02  mse_pde 3.563e-04  mse_ic 6.262e-03  mse_in 6.772e-03  mse_out 1.728e-07:   2%|▏         | 425/25000 [00:25<18:49]
loss : 1.338e-02  mse_pde 4.114e-04  mse_ic 6.458e-03  mse_in 6.510e-03  mse_out 1.724e-07:   2%|▏         | 425/25000 [00:25<18:49]
loss : 1.338e-02  mse_pde 4.114e-04  mse_ic 6.458e-03  mse_in 6.510e-03  mse_out 1.724e-07:   2%|▏         | 425/25000 [00:25<18:49]
loss : 1.337e-02  mse_pde 3.492e-04  mse_ic 6.234e-03  mse_in 6.782e-03  mse_out 1.716e-07:   2%|▏         | 425/25000 [00:26<18:49]
loss : 1.337e-02  mse_pde 3.492e-04  mse_ic 6.234e-03  mse_in 6.782e-03  mse_out 1.716e-07:   2%|▏         | 425/25000 [00:26<18:49]
loss : 1.337e-02  mse_pde 3.492e-04  mse_ic 6.234e-03  mse_in 6.782e-03  mse_out 1.716e-07:   2%|▏         | 428/25000 [00:26<19:34]
loss : 1.333e-02  mse_pde 3.749e-04  mse_ic 6.374e-03  mse_in 6.582e-03  mse_out 1.756e-07:   2%|▏         | 428/25000 [00:26<19:34]
loss : 1.333e-02  mse_pde 3.749e-04  mse_ic 6.374e-03  mse_in 6.582e-03  mse_out 1.756e-07:   2%|▏         | 428/25000 [00:26<19:34]
loss : 1.332e-02  mse_pde 3.524e-04  mse_ic 6.381e-03  mse_in 6.588e-03  mse_out 1.767e-07:   2%|▏         | 428/25000 [00:26<19:34]
loss : 1.332e-02  mse_pde 3.524e-04  mse_ic 6.381e-03  mse_in 6.588e-03  mse_out 1.767e-07:   2%|▏         | 428/25000 [00:26<19:34]
loss : 1.329e-02  mse_pde 3.341e-04  mse_ic 6.281e-03  mse_in 6.679e-03  mse_out 1.716e-07:   2%|▏         | 428/25000 [00:26<19:34]
loss : 1.329e-02  mse_pde 3.341e-04  mse_ic 6.281e-03  mse_in 6.679e-03  mse_out 1.716e-07:   2%|▏         | 428/25000 [00:26<19:34]
loss : 1.329e-02  mse_pde 3.341e-04  mse_ic 6.281e-03  mse_in 6.679e-03  mse_out 1.716e-07:   2%|▏         | 431/25000 [00:26<18:51]
loss : 1.330e-02  mse_pde 4.144e-04  mse_ic 6.277e-03  mse_in 6.612e-03  mse_out 1.663e-07:   2%|▏         | 431/25000 [00:26<18:51]
loss : 1.330e-02  mse_pde 4.144e-04  mse_ic 6.277e-03  mse_in 6.612e-03  mse_out 1.663e-07:   2%|▏         | 431/25000 [00:26<18:51]
loss : 1.329e-02  mse_pde 3.355e-04  mse_ic 6.141e-03  mse_in 6.810e-03  mse_out 1.658e-07:   2%|▏         | 431/25000 [00:26<18:51]
loss : 1.329e-02  mse_pde 3.355e-04  mse_ic 6.141e-03  mse_in 6.810e-03  mse_out 1.658e-07:   2%|▏         | 431/25000 [00:26<18:51]
loss : 1.328e-02  mse_pde 4.184e-04  mse_ic 6.376e-03  mse_in 6.486e-03  mse_out 1.709e-07:   2%|▏         | 431/25000 [00:26<18:51]
loss : 1.328e-02  mse_pde 4.184e-04  mse_ic 6.376e-03  mse_in 6.486e-03  mse_out 1.709e-07:   2%|▏         | 431/25000 [00:26<18:51]
loss : 1.328e-02  mse_pde 4.184e-04  mse_ic 6.376e-03  mse_in 6.486e-03  mse_out 1.709e-07:   2%|▏         | 434/25000 [00:26<19:19]
loss : 1.324e-02  mse_pde 3.320e-04  mse_ic 6.154e-03  mse_in 6.756e-03  mse_out 1.717e-07:   2%|▏         | 434/25000 [00:26<19:19]
loss : 1.324e-02  mse_pde 3.320e-04  mse_ic 6.154e-03  mse_in 6.756e-03  mse_out 1.717e-07:   2%|▏         | 434/25000 [00:26<19:19]
loss : 1.323e-02  mse_pde 3.568e-04  mse_ic 6.243e-03  mse_in 6.625e-03  mse_out 1.714e-07:   2%|▏         | 434/25000 [00:26<19:19]
loss : 1.323e-02  mse_pde 3.568e-04  mse_ic 6.243e-03  mse_in 6.625e-03  mse_out 1.714e-07:   2%|▏         | 434/25000 [00:26<19:19]
loss : 1.321e-02  mse_pde 3.390e-04  mse_ic 6.387e-03  mse_in 6.481e-03  mse_out 1.705e-07:   2%|▏         | 434/25000 [00:26<19:19]
loss : 1.321e-02  mse_pde 3.390e-04  mse_ic 6.387e-03  mse_in 6.481e-03  mse_out 1.705e-07:   2%|▏         | 434/25000 [00:26<19:19]
loss : 1.321e-02  mse_pde 3.390e-04  mse_ic 6.387e-03  mse_in 6.481e-03  mse_out 1.705e-07:   2%|▏         | 437/25000 [00:26<19:31]
loss : 1.320e-02  mse_pde 3.110e-04  mse_ic 6.261e-03  mse_in 6.630e-03  mse_out 1.677e-07:   2%|▏         | 437/25000 [00:26<19:31]
loss : 1.320e-02  mse_pde 3.110e-04  mse_ic 6.261e-03  mse_in 6.630e-03  mse_out 1.677e-07:   2%|▏         | 437/25000 [00:26<19:31]
loss : 1.320e-02  mse_pde 4.206e-04  mse_ic 6.277e-03  mse_in 6.506e-03  mse_out 1.657e-07:   2%|▏         | 437/25000 [00:26<19:31]
loss : 1.320e-02  mse_pde 4.206e-04  mse_ic 6.277e-03  mse_in 6.506e-03  mse_out 1.657e-07:   2%|▏         | 437/25000 [00:26<19:31]
loss : 1.320e-02  mse_pde 3.316e-04  mse_ic 6.061e-03  mse_in 6.803e-03  mse_out 1.642e-07:   2%|▏         | 437/25000 [00:26<19:31]
loss : 1.320e-02  mse_pde 3.316e-04  mse_ic 6.061e-03  mse_in 6.803e-03  mse_out 1.642e-07:   2%|▏         | 437/25000 [00:26<19:31]
loss : 1.320e-02  mse_pde 3.316e-04  mse_ic 6.061e-03  mse_in 6.803e-03  mse_out 1.642e-07:   2%|▏         | 440/25000 [00:26<21:01]
loss : 1.317e-02  mse_pde 3.901e-04  mse_ic 6.365e-03  mse_in 6.414e-03  mse_out 1.663e-07:   2%|▏         | 440/25000 [00:26<21:01]
loss : 1.317e-02  mse_pde 3.901e-04  mse_ic 6.365e-03  mse_in 6.414e-03  mse_out 1.663e-07:   2%|▏         | 440/25000 [00:26<21:01]
loss : 1.312e-02  mse_pde 3.160e-04  mse_ic 6.218e-03  mse_in 6.586e-03  mse_out 1.660e-07:   2%|▏         | 440/25000 [00:26<21:01]
loss : 1.312e-02  mse_pde 3.160e-04  mse_ic 6.218e-03  mse_in 6.586e-03  mse_out 1.660e-07:   2%|▏         | 440/25000 [00:26<21:01]
loss : 1.312e-02  mse_pde 3.160e-04  mse_ic 6.218e-03  mse_in 6.586e-03  mse_out 1.660e-07:   2%|▏         | 442/25000 [00:26<21:54]
loss : 1.313e-02  mse_pde 3.236e-04  mse_ic 6.107e-03  mse_in 6.697e-03  mse_out 1.674e-07:   2%|▏         | 442/25000 [00:26<21:54]
loss : 1.313e-02  mse_pde 3.236e-04  mse_ic 6.107e-03  mse_in 6.697e-03  mse_out 1.674e-07:   2%|▏         | 442/25000 [00:26<21:54]
loss : 1.312e-02  mse_pde 3.897e-04  mse_ic 6.329e-03  mse_in 6.405e-03  mse_out 1.703e-07:   2%|▏         | 442/25000 [00:26<21:54]
loss : 1.312e-02  mse_pde 3.897e-04  mse_ic 6.329e-03  mse_in 6.405e-03  mse_out 1.703e-07:   2%|▏         | 442/25000 [00:26<21:54]
loss : 1.312e-02  mse_pde 3.897e-04  mse_ic 6.329e-03  mse_in 6.405e-03  mse_out 1.703e-07:   2%|▏         | 444/25000 [00:26<22:36]
loss : 1.313e-02  mse_pde 3.191e-04  mse_ic 6.113e-03  mse_in 6.698e-03  mse_out 1.660e-07:   2%|▏         | 444/25000 [00:26<22:36]
loss : 1.313e-02  mse_pde 3.191e-04  mse_ic 6.113e-03  mse_in 6.698e-03  mse_out 1.660e-07:   2%|▏         | 444/25000 [00:26<22:36]
loss : 1.308e-02  mse_pde 3.724e-04  mse_ic 6.172e-03  mse_in 6.536e-03  mse_out 1.601e-07:   2%|▏         | 444/25000 [00:27<22:36]
loss : 1.308e-02  mse_pde 3.724e-04  mse_ic 6.172e-03  mse_in 6.536e-03  mse_out 1.601e-07:   2%|▏         | 444/25000 [00:27<22:36]
loss : 1.308e-02  mse_pde 3.724e-04  mse_ic 6.172e-03  mse_in 6.536e-03  mse_out 1.601e-07:   2%|▏         | 446/25000 [00:27<23:17]
loss : 1.305e-02  mse_pde 3.314e-04  mse_ic 6.159e-03  mse_in 6.559e-03  mse_out 1.578e-07:   2%|▏         | 446/25000 [00:27<23:17]
loss : 1.305e-02  mse_pde 3.314e-04  mse_ic 6.159e-03  mse_in 6.559e-03  mse_out 1.578e-07:   2%|▏         | 446/25000 [00:27<23:17]
loss : 1.307e-02  mse_pde 3.043e-04  mse_ic 6.159e-03  mse_in 6.603e-03  mse_out 1.605e-07:   2%|▏         | 446/25000 [00:27<23:17]
loss : 1.307e-02  mse_pde 3.043e-04  mse_ic 6.159e-03  mse_in 6.603e-03  mse_out 1.605e-07:   2%|▏         | 446/25000 [00:27<23:17]
loss : 1.307e-02  mse_pde 3.043e-04  mse_ic 6.159e-03  mse_in 6.603e-03  mse_out 1.605e-07:   2%|▏         | 448/25000 [00:27<23:35]
loss : 1.304e-02  mse_pde 3.694e-04  mse_ic 6.298e-03  mse_in 6.375e-03  mse_out 1.636e-07:   2%|▏         | 448/25000 [00:27<23:35]
loss : 1.304e-02  mse_pde 3.694e-04  mse_ic 6.298e-03  mse_in 6.375e-03  mse_out 1.636e-07:   2%|▏         | 448/25000 [00:27<23:35]
loss : 1.303e-02  mse_pde 3.063e-04  mse_ic 6.059e-03  mse_in 6.665e-03  mse_out 1.622e-07:   2%|▏         | 448/25000 [00:27<23:35]
loss : 1.303e-02  mse_pde 3.063e-04  mse_ic 6.059e-03  mse_in 6.665e-03  mse_out 1.622e-07:   2%|▏         | 448/25000 [00:27<23:35]
loss : 1.303e-02  mse_pde 3.063e-04  mse_ic 6.059e-03  mse_in 6.665e-03  mse_out 1.622e-07:   2%|▏         | 450/25000 [00:27<24:09]
loss : 1.299e-02  mse_pde 2.956e-04  mse_ic 6.216e-03  mse_in 6.474e-03  mse_out 1.614e-07:   2%|▏         | 450/25000 [00:27<24:09]
loss : 1.299e-02  mse_pde 2.956e-04  mse_ic 6.216e-03  mse_in 6.474e-03  mse_out 1.614e-07:   2%|▏         | 450/25000 [00:27<24:09]
loss : 1.299e-02  mse_pde 3.412e-04  mse_ic 6.245e-03  mse_in 6.404e-03  mse_out 1.598e-07:   2%|▏         | 450/25000 [00:27<24:09]
loss : 1.299e-02  mse_pde 3.412e-04  mse_ic 6.245e-03  mse_in 6.404e-03  mse_out 1.598e-07:   2%|▏         | 450/25000 [00:27<24:09]
loss : 1.299e-02  mse_pde 3.412e-04  mse_ic 6.245e-03  mse_in 6.404e-03  mse_out 1.598e-07:   2%|▏         | 452/25000 [00:27<24:14]
loss : 1.299e-02  mse_pde 3.054e-04  mse_ic 5.925e-03  mse_in 6.762e-03  mse_out 1.567e-07:   2%|▏         | 452/25000 [00:27<24:14]
loss : 1.299e-02  mse_pde 3.054e-04  mse_ic 5.925e-03  mse_in 6.762e-03  mse_out 1.567e-07:   2%|▏         | 452/25000 [00:27<24:14]
loss : 1.296e-02  mse_pde 3.566e-04  mse_ic 6.102e-03  mse_in 6.502e-03  mse_out 1.573e-07:   2%|▏         | 452/25000 [00:27<24:14]
loss : 1.296e-02  mse_pde 3.566e-04  mse_ic 6.102e-03  mse_in 6.502e-03  mse_out 1.573e-07:   2%|▏         | 452/25000 [00:27<24:14]
loss : 1.296e-02  mse_pde 3.566e-04  mse_ic 6.102e-03  mse_in 6.502e-03  mse_out 1.573e-07:   2%|▏         | 454/25000 [00:27<24:21]
loss : 1.295e-02  mse_pde 2.970e-04  mse_ic 6.150e-03  mse_in 6.500e-03  mse_out 1.579e-07:   2%|▏         | 454/25000 [00:27<24:21]
loss : 1.295e-02  mse_pde 2.970e-04  mse_ic 6.150e-03  mse_in 6.500e-03  mse_out 1.579e-07:   2%|▏         | 454/25000 [00:27<24:21]
loss : 1.291e-02  mse_pde 2.757e-04  mse_ic 6.123e-03  mse_in 6.512e-03  mse_out 1.575e-07:   2%|▏         | 454/25000 [00:27<24:21]
loss : 1.291e-02  mse_pde 2.757e-04  mse_ic 6.123e-03  mse_in 6.512e-03  mse_out 1.575e-07:   2%|▏         | 454/25000 [00:27<24:21]
loss : 1.291e-02  mse_pde 2.757e-04  mse_ic 6.123e-03  mse_in 6.512e-03  mse_out 1.575e-07:   2%|▏         | 456/25000 [00:27<24:35]
loss : 1.292e-02  mse_pde 3.320e-04  mse_ic 6.127e-03  mse_in 6.464e-03  mse_out 1.590e-07:   2%|▏         | 456/25000 [00:27<24:35]
loss : 1.292e-02  mse_pde 3.320e-04  mse_ic 6.127e-03  mse_in 6.464e-03  mse_out 1.590e-07:   2%|▏         | 456/25000 [00:27<24:35]
loss : 1.293e-02  mse_pde 2.828e-04  mse_ic 6.083e-03  mse_in 6.561e-03  mse_out 1.610e-07:   2%|▏         | 456/25000 [00:27<24:35]
loss : 1.293e-02  mse_pde 2.828e-04  mse_ic 6.083e-03  mse_in 6.561e-03  mse_out 1.610e-07:   2%|▏         | 456/25000 [00:27<24:35]
loss : 1.293e-02  mse_pde 2.828e-04  mse_ic 6.083e-03  mse_in 6.561e-03  mse_out 1.610e-07:   2%|▏         | 458/25000 [00:27<24:43]
loss : 1.290e-02  mse_pde 3.521e-04  mse_ic 6.222e-03  mse_in 6.327e-03  mse_out 1.603e-07:   2%|▏         | 458/25000 [00:27<24:43]
loss : 1.290e-02  mse_pde 3.521e-04  mse_ic 6.222e-03  mse_in 6.327e-03  mse_out 1.603e-07:   2%|▏         | 458/25000 [00:27<24:43]
loss : 1.289e-02  mse_pde 2.941e-04  mse_ic 5.939e-03  mse_in 6.656e-03  mse_out 1.567e-07:   2%|▏         | 458/25000 [00:27<24:43]
loss : 1.289e-02  mse_pde 2.941e-04  mse_ic 5.939e-03  mse_in 6.656e-03  mse_out 1.567e-07:   2%|▏         | 458/25000 [00:27<24:43]
loss : 1.289e-02  mse_pde 2.941e-04  mse_ic 5.939e-03  mse_in 6.656e-03  mse_out 1.567e-07:   2%|▏         | 460/25000 [00:27<24:50]
loss : 1.284e-02  mse_pde 2.782e-04  mse_ic 6.093e-03  mse_in 6.467e-03  mse_out 1.591e-07:   2%|▏         | 460/25000 [00:27<24:50]
loss : 1.284e-02  mse_pde 2.782e-04  mse_ic 6.093e-03  mse_in 6.467e-03  mse_out 1.591e-07:   2%|▏         | 460/25000 [00:27<24:50]
loss : 1.285e-02  mse_pde 3.252e-04  mse_ic 6.189e-03  mse_in 6.339e-03  mse_out 1.628e-07:   2%|▏         | 460/25000 [00:27<24:50]
loss : 1.285e-02  mse_pde 3.252e-04  mse_ic 6.189e-03  mse_in 6.339e-03  mse_out 1.628e-07:   2%|▏         | 460/25000 [00:27<24:50]
loss : 1.285e-02  mse_pde 3.252e-04  mse_ic 6.189e-03  mse_in 6.339e-03  mse_out 1.628e-07:   2%|▏         | 462/25000 [00:27<24:49]
loss : 1.285e-02  mse_pde 2.746e-04  mse_ic 5.909e-03  mse_in 6.670e-03  mse_out 1.619e-07:   2%|▏         | 462/25000 [00:28<24:49]
loss : 1.285e-02  mse_pde 2.746e-04  mse_ic 5.909e-03  mse_in 6.670e-03  mse_out 1.619e-07:   2%|▏         | 462/25000 [00:28<24:49]
loss : 1.284e-02  mse_pde 3.560e-04  mse_ic 6.065e-03  mse_in 6.419e-03  mse_out 1.605e-07:   2%|▏         | 462/25000 [00:28<24:49]
loss : 1.284e-02  mse_pde 3.560e-04  mse_ic 6.065e-03  mse_in 6.419e-03  mse_out 1.605e-07:   2%|▏         | 462/25000 [00:28<24:49]
loss : 1.284e-02  mse_pde 3.560e-04  mse_ic 6.065e-03  mse_in 6.419e-03  mse_out 1.605e-07:   2%|▏         | 464/25000 [00:28<24:48]
loss : 1.284e-02  mse_pde 2.908e-04  mse_ic 6.038e-03  mse_in 6.513e-03  mse_out 1.595e-07:   2%|▏         | 464/25000 [00:28<24:48]
loss : 1.284e-02  mse_pde 2.908e-04  mse_ic 6.038e-03  mse_in 6.513e-03  mse_out 1.595e-07:   2%|▏         | 464/25000 [00:28<24:48]
loss : 1.277e-02  mse_pde 2.877e-04  mse_ic 6.046e-03  mse_in 6.439e-03  mse_out 1.590e-07:   2%|▏         | 464/25000 [00:28<24:48]
loss : 1.277e-02  mse_pde 2.877e-04  mse_ic 6.046e-03  mse_in 6.439e-03  mse_out 1.590e-07:   2%|▏         | 464/25000 [00:28<24:48]
loss : 1.277e-02  mse_pde 2.877e-04  mse_ic 6.046e-03  mse_in 6.439e-03  mse_out 1.590e-07:   2%|▏         | 466/25000 [00:28<24:57]
loss : 1.279e-02  mse_pde 3.209e-04  mse_ic 5.964e-03  mse_in 6.508e-03  mse_out 1.590e-07:   2%|▏         | 466/25000 [00:28<24:57]
loss : 1.279e-02  mse_pde 3.209e-04  mse_ic 5.964e-03  mse_in 6.508e-03  mse_out 1.590e-07:   2%|▏         | 466/25000 [00:28<24:57]
loss : 1.279e-02  mse_pde 2.633e-04  mse_ic 6.054e-03  mse_in 6.474e-03  mse_out 1.601e-07:   2%|▏         | 466/25000 [00:28<24:57]
loss : 1.279e-02  mse_pde 2.633e-04  mse_ic 6.054e-03  mse_in 6.474e-03  mse_out 1.601e-07:   2%|▏         | 466/25000 [00:28<24:57]
loss : 1.279e-02  mse_pde 2.633e-04  mse_ic 6.054e-03  mse_in 6.474e-03  mse_out 1.601e-07:   2%|▏         | 468/25000 [00:28<24:59]
loss : 1.279e-02  mse_pde 3.380e-04  mse_ic 6.267e-03  mse_in 6.182e-03  mse_out 1.595e-07:   2%|▏         | 468/25000 [00:28<24:59]
loss : 1.279e-02  mse_pde 3.380e-04  mse_ic 6.267e-03  mse_in 6.182e-03  mse_out 1.595e-07:   2%|▏         | 468/25000 [00:28<24:59]
loss : 1.277e-02  mse_pde 2.687e-04  mse_ic 5.895e-03  mse_in 6.603e-03  mse_out 1.563e-07:   2%|▏         | 468/25000 [00:28<24:59]
loss : 1.277e-02  mse_pde 2.687e-04  mse_ic 5.895e-03  mse_in 6.603e-03  mse_out 1.563e-07:   2%|▏         | 468/25000 [00:28<24:59]
loss : 1.277e-02  mse_pde 2.687e-04  mse_ic 5.895e-03  mse_in 6.603e-03  mse_out 1.563e-07:   2%|▏         | 470/25000 [00:28<24:35]
loss : 1.271e-02  mse_pde 2.683e-04  mse_ic 5.947e-03  mse_in 6.492e-03  mse_out 1.576e-07:   2%|▏         | 470/25000 [00:28<24:35]
loss : 1.271e-02  mse_pde 2.683e-04  mse_ic 5.947e-03  mse_in 6.492e-03  mse_out 1.576e-07:   2%|▏         | 470/25000 [00:28<24:35]
loss : 1.274e-02  mse_pde 3.460e-04  mse_ic 6.064e-03  mse_in 6.334e-03  mse_out 1.587e-07:   2%|▏         | 470/25000 [00:28<24:35]
loss : 1.274e-02  mse_pde 3.460e-04  mse_ic 6.064e-03  mse_in 6.334e-03  mse_out 1.587e-07:   2%|▏         | 470/25000 [00:28<24:35]
loss : 1.274e-02  mse_pde 3.460e-04  mse_ic 6.064e-03  mse_in 6.334e-03  mse_out 1.587e-07:   2%|▏         | 472/25000 [00:28<24:40]
loss : 1.272e-02  mse_pde 2.599e-04  mse_ic 5.797e-03  mse_in 6.663e-03  mse_out 1.557e-07:   2%|▏         | 472/25000 [00:28<24:40]
loss : 1.272e-02  mse_pde 2.599e-04  mse_ic 5.797e-03  mse_in 6.663e-03  mse_out 1.557e-07:   2%|▏         | 472/25000 [00:28<24:40]
loss : 1.273e-02  mse_pde 3.396e-04  mse_ic 5.888e-03  mse_in 6.498e-03  mse_out 1.549e-07:   2%|▏         | 472/25000 [00:28<24:40]
loss : 1.273e-02  mse_pde 3.396e-04  mse_ic 5.888e-03  mse_in 6.498e-03  mse_out 1.549e-07:   2%|▏         | 472/25000 [00:28<24:40]
loss : 1.273e-02  mse_pde 3.396e-04  mse_ic 5.888e-03  mse_in 6.498e-03  mse_out 1.549e-07:   2%|▏         | 474/25000 [00:28<24:55]
loss : 1.269e-02  mse_pde 2.630e-04  mse_ic 6.057e-03  mse_in 6.370e-03  mse_out 1.568e-07:   2%|▏         | 474/25000 [00:28<24:55]
loss : 1.269e-02  mse_pde 2.630e-04  mse_ic 6.057e-03  mse_in 6.370e-03  mse_out 1.568e-07:   2%|▏         | 474/25000 [00:28<24:55]
loss : 1.266e-02  mse_pde 2.520e-04  mse_ic 6.102e-03  mse_in 6.306e-03  mse_out 1.553e-07:   2%|▏         | 474/25000 [00:28<24:55]
loss : 1.266e-02  mse_pde 2.520e-04  mse_ic 6.102e-03  mse_in 6.306e-03  mse_out 1.553e-07:   2%|▏         | 474/25000 [00:28<24:55]
loss : 1.266e-02  mse_pde 2.520e-04  mse_ic 6.102e-03  mse_in 6.306e-03  mse_out 1.553e-07:   2%|▏         | 476/25000 [00:28<25:01]
loss : 1.269e-02  mse_pde 3.083e-04  mse_ic 5.972e-03  mse_in 6.405e-03  mse_out 1.509e-07:   2%|▏         | 476/25000 [00:28<25:01]
loss : 1.269e-02  mse_pde 3.083e-04  mse_ic 5.972e-03  mse_in 6.405e-03  mse_out 1.509e-07:   2%|▏         | 476/25000 [00:28<25:01]
loss : 1.266e-02  mse_pde 2.399e-04  mse_ic 5.934e-03  mse_in 6.485e-03  mse_out 1.496e-07:   2%|▏         | 476/25000 [00:28<25:01]
loss : 1.266e-02  mse_pde 2.399e-04  mse_ic 5.934e-03  mse_in 6.485e-03  mse_out 1.496e-07:   2%|▏         | 476/25000 [00:28<25:01]
loss : 1.266e-02  mse_pde 2.399e-04  mse_ic 5.934e-03  mse_in 6.485e-03  mse_out 1.496e-07:   2%|▏         | 478/25000 [00:28<25:00]
loss : 1.268e-02  mse_pde 3.497e-04  mse_ic 6.125e-03  mse_in 6.204e-03  mse_out 1.525e-07:   2%|▏         | 478/25000 [00:29<25:00]
loss : 1.268e-02  mse_pde 3.497e-04  mse_ic 6.125e-03  mse_in 6.204e-03  mse_out 1.525e-07:   2%|▏         | 478/25000 [00:29<25:00]
loss : 1.262e-02  mse_pde 2.483e-04  mse_ic 5.783e-03  mse_in 6.587e-03  mse_out 1.538e-07:   2%|▏         | 478/25000 [00:29<25:00]
loss : 1.262e-02  mse_pde 2.483e-04  mse_ic 5.783e-03  mse_in 6.587e-03  mse_out 1.538e-07:   2%|▏         | 478/25000 [00:29<25:00]
loss : 1.262e-02  mse_pde 2.483e-04  mse_ic 5.783e-03  mse_in 6.587e-03  mse_out 1.538e-07:   2%|▏         | 480/25000 [00:29<25:09]
loss : 1.262e-02  mse_pde 2.777e-04  mse_ic 5.739e-03  mse_in 6.605e-03  mse_out 1.542e-07:   2%|▏         | 480/25000 [00:29<25:09]
loss : 1.262e-02  mse_pde 2.777e-04  mse_ic 5.739e-03  mse_in 6.605e-03  mse_out 1.542e-07:   2%|▏         | 480/25000 [00:29<25:09]
loss : 1.261e-02  mse_pde 2.902e-04  mse_ic 6.011e-03  mse_in 6.308e-03  mse_out 1.538e-07:   2%|▏         | 480/25000 [00:29<25:09]
loss : 1.261e-02  mse_pde 2.902e-04  mse_ic 6.011e-03  mse_in 6.308e-03  mse_out 1.538e-07:   2%|▏         | 480/25000 [00:29<25:09]
loss : 1.261e-02  mse_pde 2.902e-04  mse_ic 6.011e-03  mse_in 6.308e-03  mse_out 1.538e-07:   2%|▏         | 482/25000 [00:29<24:29]
loss : 1.260e-02  mse_pde 2.451e-04  mse_ic 5.948e-03  mse_in 6.410e-03  mse_out 1.497e-07:   2%|▏         | 482/25000 [00:29<24:29]
loss : 1.260e-02  mse_pde 2.451e-04  mse_ic 5.948e-03  mse_in 6.410e-03  mse_out 1.497e-07:   2%|▏         | 482/25000 [00:29<24:29]
loss : 1.263e-02  mse_pde 3.319e-04  mse_ic 5.888e-03  mse_in 6.408e-03  mse_out 1.455e-07:   2%|▏         | 482/25000 [00:29<24:29]
loss : 1.263e-02  mse_pde 3.319e-04  mse_ic 5.888e-03  mse_in 6.408e-03  mse_out 1.455e-07:   2%|▏         | 482/25000 [00:29<24:29]
loss : 1.263e-02  mse_pde 3.319e-04  mse_ic 5.888e-03  mse_in 6.408e-03  mse_out 1.455e-07:   2%|▏         | 484/25000 [00:29<24:47]
loss : 1.260e-02  mse_pde 2.437e-04  mse_ic 5.848e-03  mse_in 6.506e-03  mse_out 1.450e-07:   2%|▏         | 484/25000 [00:29<24:47]
loss : 1.260e-02  mse_pde 2.437e-04  mse_ic 5.848e-03  mse_in 6.506e-03  mse_out 1.450e-07:   2%|▏         | 484/25000 [00:29<24:47]
loss : 1.260e-02  mse_pde 3.264e-04  mse_ic 6.087e-03  mse_in 6.182e-03  mse_out 1.461e-07:   2%|▏         | 484/25000 [00:29<24:47]
loss : 1.260e-02  mse_pde 3.264e-04  mse_ic 6.087e-03  mse_in 6.182e-03  mse_out 1.461e-07:   2%|▏         | 484/25000 [00:29<24:47]
loss : 1.260e-02  mse_pde 3.264e-04  mse_ic 6.087e-03  mse_in 6.182e-03  mse_out 1.461e-07:   2%|▏         | 486/25000 [00:29<24:46]
loss : 1.254e-02  mse_pde 2.360e-04  mse_ic 5.849e-03  mse_in 6.451e-03  mse_out 1.456e-07:   2%|▏         | 486/25000 [00:29<24:46]
loss : 1.254e-02  mse_pde 2.360e-04  mse_ic 5.849e-03  mse_in 6.451e-03  mse_out 1.456e-07:   2%|▏         | 486/25000 [00:29<24:46]
loss : 1.255e-02  mse_pde 2.489e-04  mse_ic 5.750e-03  mse_in 6.551e-03  mse_out 1.476e-07:   2%|▏         | 486/25000 [00:29<24:46]
loss : 1.255e-02  mse_pde 2.489e-04  mse_ic 5.750e-03  mse_in 6.551e-03  mse_out 1.476e-07:   2%|▏         | 486/25000 [00:29<24:46]
loss : 1.255e-02  mse_pde 2.489e-04  mse_ic 5.750e-03  mse_in 6.551e-03  mse_out 1.476e-07:   2%|▏         | 488/25000 [00:29<24:45]
loss : 1.254e-02  mse_pde 3.007e-04  mse_ic 5.989e-03  mse_in 6.254e-03  mse_out 1.509e-07:   2%|▏         | 488/25000 [00:29<24:45]
loss : 1.254e-02  mse_pde 3.007e-04  mse_ic 5.989e-03  mse_in 6.254e-03  mse_out 1.509e-07:   2%|▏         | 488/25000 [00:29<24:45]
loss : 1.255e-02  mse_pde 2.566e-04  mse_ic 5.862e-03  mse_in 6.433e-03  mse_out 1.481e-07:   2%|▏         | 488/25000 [00:29<24:45]
loss : 1.255e-02  mse_pde 2.566e-04  mse_ic 5.862e-03  mse_in 6.433e-03  mse_out 1.481e-07:   2%|▏         | 488/25000 [00:29<24:45]
loss : 1.255e-02  mse_pde 2.566e-04  mse_ic 5.862e-03  mse_in 6.433e-03  mse_out 1.481e-07:   2%|▏         | 490/25000 [00:29<24:41]
loss : 1.256e-02  mse_pde 3.321e-04  mse_ic 5.805e-03  mse_in 6.422e-03  mse_out 1.420e-07:   2%|▏         | 490/25000 [00:29<24:41]
loss : 1.256e-02  mse_pde 3.321e-04  mse_ic 5.805e-03  mse_in 6.422e-03  mse_out 1.420e-07:   2%|▏         | 490/25000 [00:29<24:41]
loss : 1.251e-02  mse_pde 2.330e-04  mse_ic 5.789e-03  mse_in 6.490e-03  mse_out 1.390e-07:   2%|▏         | 490/25000 [00:29<24:41]
loss : 1.251e-02  mse_pde 2.330e-04  mse_ic 5.789e-03  mse_in 6.490e-03  mse_out 1.390e-07:   2%|▏         | 490/25000 [00:29<24:41]
loss : 1.251e-02  mse_pde 2.330e-04  mse_ic 5.789e-03  mse_in 6.490e-03  mse_out 1.390e-07:   2%|▏         | 492/25000 [00:29<24:22]
loss : 1.250e-02  mse_pde 2.857e-04  mse_ic 5.975e-03  mse_in 6.240e-03  mse_out 1.395e-07:   2%|▏         | 492/25000 [00:29<24:22]
loss : 1.250e-02  mse_pde 2.857e-04  mse_ic 5.975e-03  mse_in 6.240e-03  mse_out 1.395e-07:   2%|▏         | 492/25000 [00:29<24:22]
loss : 1.247e-02  mse_pde 2.489e-04  mse_ic 5.826e-03  mse_in 6.392e-03  mse_out 1.398e-07:   2%|▏         | 492/25000 [00:29<24:22]
loss : 1.247e-02  mse_pde 2.489e-04  mse_ic 5.826e-03  mse_in 6.392e-03  mse_out 1.398e-07:   2%|▏         | 492/25000 [00:29<24:22]
loss : 1.247e-02  mse_pde 2.489e-04  mse_ic 5.826e-03  mse_in 6.392e-03  mse_out 1.398e-07:   2%|▏         | 494/25000 [00:29<24:31]
loss : 1.249e-02  mse_pde 2.373e-04  mse_ic 5.736e-03  mse_in 6.521e-03  mse_out 1.399e-07:   2%|▏         | 494/25000 [00:29<24:31]
loss : 1.249e-02  mse_pde 2.373e-04  mse_ic 5.736e-03  mse_in 6.521e-03  mse_out 1.399e-07:   2%|▏         | 494/25000 [00:29<24:31]
loss : 1.250e-02  mse_pde 3.127e-04  mse_ic 6.024e-03  mse_in 6.159e-03  mse_out 1.409e-07:   2%|▏         | 494/25000 [00:30<24:31]
loss : 1.250e-02  mse_pde 3.127e-04  mse_ic 6.024e-03  mse_in 6.159e-03  mse_out 1.409e-07:   2%|▏         | 494/25000 [00:30<24:31]
loss : 1.250e-02  mse_pde 3.127e-04  mse_ic 6.024e-03  mse_in 6.159e-03  mse_out 1.409e-07:   2%|▏         | 496/25000 [00:30<23:57]
loss : 1.249e-02  mse_pde 2.471e-04  mse_ic 5.861e-03  mse_in 6.383e-03  mse_out 1.400e-07:   2%|▏         | 496/25000 [00:30<23:57]
loss : 1.249e-02  mse_pde 2.471e-04  mse_ic 5.861e-03  mse_in 6.383e-03  mse_out 1.400e-07:   2%|▏         | 496/25000 [00:30<23:57]
loss : 1.247e-02  mse_pde 2.999e-04  mse_ic 5.785e-03  mse_in 6.389e-03  mse_out 1.383e-07:   2%|▏         | 496/25000 [00:30<23:57]
loss : 1.247e-02  mse_pde 2.999e-04  mse_ic 5.785e-03  mse_in 6.389e-03  mse_out 1.383e-07:   2%|▏         | 496/25000 [00:30<23:57]
loss : 1.247e-02  mse_pde 2.999e-04  mse_ic 5.785e-03  mse_in 6.389e-03  mse_out 1.383e-07:   2%|▏         | 498/25000 [00:30<24:05]
loss : 1.242e-02  mse_pde 2.268e-04  mse_ic 5.802e-03  mse_in 6.392e-03  mse_out 1.376e-07:   2%|▏         | 498/25000 [00:30<24:05]
loss : 1.242e-02  mse_pde 2.268e-04  mse_ic 5.802e-03  mse_in 6.392e-03  mse_out 1.376e-07:   2%|▏         | 498/25000 [00:30<24:05]
loss : 1.243e-02  mse_pde 2.512e-04  mse_ic 5.862e-03  mse_in 6.312e-03  mse_out 1.369e-07:   2%|▏         | 498/25000 [00:30<24:05]
loss : 1.243e-02  mse_pde 2.512e-04  mse_ic 5.862e-03  mse_in 6.312e-03  mse_out 1.369e-07:   2%|▏         | 498/25000 [00:30<24:05]
loss : 1.243e-02  mse_pde 2.848e-04  mse_ic 5.769e-03  mse_in 6.375e-03  mse_out 1.363e-07:   2%|▏         | 498/25000 [00:30<24:05]
loss : 1.243e-02  mse_pde 2.848e-04  mse_ic 5.769e-03  mse_in 6.375e-03  mse_out 1.363e-07:   2%|▏         | 498/25000 [00:30<24:05]
loss : 1.243e-02  mse_pde 2.848e-04  mse_ic 5.769e-03  mse_in 6.375e-03  mse_out 1.363e-07:   2%|▏         | 501/25000 [00:30<22:43]
loss : 1.245e-02  mse_pde 2.451e-04  mse_ic 5.683e-03  mse_in 6.526e-03  mse_out 1.377e-07:   2%|▏         | 501/25000 [00:30<22:43]
loss : 1.245e-02  mse_pde 2.451e-04  mse_ic 5.683e-03  mse_in 6.526e-03  mse_out 1.377e-07:   2%|▏         | 501/25000 [00:30<22:43]
loss : 1.243e-02  mse_pde 3.146e-04  mse_ic 5.930e-03  mse_in 6.187e-03  mse_out 1.399e-07:   2%|▏         | 501/25000 [00:30<22:43]
loss : 1.243e-02  mse_pde 3.146e-04  mse_ic 5.930e-03  mse_in 6.187e-03  mse_out 1.399e-07:   2%|▏         | 501/25000 [00:30<22:43]
loss : 1.243e-02  mse_pde 3.146e-04  mse_ic 5.930e-03  mse_in 6.187e-03  mse_out 1.399e-07:   2%|▏         | 503/25000 [00:30<22:07]
loss : 1.238e-02  mse_pde 2.150e-04  mse_ic 5.810e-03  mse_in 6.353e-03  mse_out 1.373e-07:   2%|▏         | 503/25000 [00:30<22:07]
loss : 1.238e-02  mse_pde 2.150e-04  mse_ic 5.810e-03  mse_in 6.353e-03  mse_out 1.373e-07:   2%|▏         | 503/25000 [00:30<22:07]
loss : 1.238e-02  mse_pde 2.165e-04  mse_ic 5.746e-03  mse_in 6.415e-03  mse_out 1.339e-07:   2%|▏         | 503/25000 [00:30<22:07]
loss : 1.238e-02  mse_pde 2.165e-04  mse_ic 5.746e-03  mse_in 6.415e-03  mse_out 1.339e-07:   2%|▏         | 503/25000 [00:30<22:07]
loss : 1.238e-02  mse_pde 2.165e-04  mse_ic 5.746e-03  mse_in 6.415e-03  mse_out 1.339e-07:   2%|▏         | 505/25000 [00:30<23:09]
loss : 1.239e-02  mse_pde 2.925e-04  mse_ic 5.875e-03  mse_in 6.224e-03  mse_out 1.335e-07:   2%|▏         | 505/25000 [00:30<23:09]
loss : 1.239e-02  mse_pde 2.925e-04  mse_ic 5.875e-03  mse_in 6.224e-03  mse_out 1.335e-07:   2%|▏         | 505/25000 [00:30<23:09]
loss : 1.242e-02  mse_pde 2.595e-04  mse_ic 5.750e-03  mse_in 6.406e-03  mse_out 1.339e-07:   2%|▏         | 505/25000 [00:30<23:09]
loss : 1.242e-02  mse_pde 2.595e-04  mse_ic 5.750e-03  mse_in 6.406e-03  mse_out 1.339e-07:   2%|▏         | 505/25000 [00:30<23:09]
loss : 1.242e-02  mse_pde 2.595e-04  mse_ic 5.750e-03  mse_in 6.406e-03  mse_out 1.339e-07:   2%|▏         | 507/25000 [00:30<23:41]
loss : 1.236e-02  mse_pde 2.732e-04  mse_ic 5.736e-03  mse_in 6.353e-03  mse_out 1.329e-07:   2%|▏         | 507/25000 [00:30<23:41]
loss : 1.236e-02  mse_pde 2.732e-04  mse_ic 5.736e-03  mse_in 6.353e-03  mse_out 1.329e-07:   2%|▏         | 507/25000 [00:30<23:41]
loss : 1.233e-02  mse_pde 2.268e-04  mse_ic 5.699e-03  mse_in 6.403e-03  mse_out 1.327e-07:   2%|▏         | 507/25000 [00:30<23:41]
loss : 1.233e-02  mse_pde 2.268e-04  mse_ic 5.699e-03  mse_in 6.403e-03  mse_out 1.327e-07:   2%|▏         | 507/25000 [00:30<23:41]
loss : 1.233e-02  mse_pde 2.268e-04  mse_ic 5.699e-03  mse_in 6.403e-03  mse_out 1.327e-07:   2%|▏         | 509/25000 [00:30<24:10]
loss : 1.236e-02  mse_pde 2.382e-04  mse_ic 5.727e-03  mse_in 6.390e-03  mse_out 1.329e-07:   2%|▏         | 509/25000 [00:30<24:10]
loss : 1.236e-02  mse_pde 2.382e-04  mse_ic 5.727e-03  mse_in 6.390e-03  mse_out 1.329e-07:   2%|▏         | 509/25000 [00:30<24:10]
loss : 1.236e-02  mse_pde 3.137e-04  mse_ic 5.785e-03  mse_in 6.266e-03  mse_out 1.308e-07:   2%|▏         | 509/25000 [00:30<24:10]
loss : 1.236e-02  mse_pde 3.137e-04  mse_ic 5.785e-03  mse_in 6.266e-03  mse_out 1.308e-07:   2%|▏         | 509/25000 [00:30<24:10]
loss : 1.236e-02  mse_pde 3.137e-04  mse_ic 5.785e-03  mse_in 6.266e-03  mse_out 1.308e-07:   2%|▏         | 511/25000 [00:30<24:32]
loss : 1.235e-02  mse_pde 2.309e-04  mse_ic 5.620e-03  mse_in 6.502e-03  mse_out 1.272e-07:   2%|▏         | 511/25000 [00:30<24:32]
loss : 1.235e-02  mse_pde 2.309e-04  mse_ic 5.620e-03  mse_in 6.502e-03  mse_out 1.272e-07:   2%|▏         | 511/25000 [00:30<24:32]
loss : 1.229e-02  mse_pde 2.309e-04  mse_ic 5.787e-03  mse_in 6.276e-03  mse_out 1.241e-07:   2%|▏         | 511/25000 [00:31<24:32]
loss : 1.229e-02  mse_pde 2.309e-04  mse_ic 5.787e-03  mse_in 6.276e-03  mse_out 1.241e-07:   2%|▏         | 511/25000 [00:31<24:32]
loss : 1.229e-02  mse_pde 2.309e-04  mse_ic 5.787e-03  mse_in 6.276e-03  mse_out 1.241e-07:   2%|▏         | 513/25000 [00:31<24:36]
loss : 1.231e-02  mse_pde 2.658e-04  mse_ic 5.845e-03  mse_in 6.197e-03  mse_out 1.206e-07:   2%|▏         | 513/25000 [00:31<24:36]
loss : 1.231e-02  mse_pde 2.658e-04  mse_ic 5.845e-03  mse_in 6.197e-03  mse_out 1.206e-07:   2%|▏         | 513/25000 [00:31<24:36]
loss : 1.235e-02  mse_pde 2.449e-04  mse_ic 5.647e-03  mse_in 6.461e-03  mse_out 1.181e-07:   2%|▏         | 513/25000 [00:31<24:36]
loss : 1.235e-02  mse_pde 2.449e-04  mse_ic 5.647e-03  mse_in 6.461e-03  mse_out 1.181e-07:   2%|▏         | 513/25000 [00:31<24:36]
loss : 1.235e-02  mse_pde 2.449e-04  mse_ic 5.647e-03  mse_in 6.461e-03  mse_out 1.181e-07:   2%|▏         | 515/25000 [00:31<24:41]
loss : 1.231e-02  mse_pde 2.916e-04  mse_ic 5.778e-03  mse_in 6.241e-03  mse_out 1.188e-07:   2%|▏         | 515/25000 [00:31<24:41]
loss : 1.231e-02  mse_pde 2.916e-04  mse_ic 5.778e-03  mse_in 6.241e-03  mse_out 1.188e-07:   2%|▏         | 515/25000 [00:31<24:41]
loss : 1.227e-02  mse_pde 2.333e-04  mse_ic 5.794e-03  mse_in 6.247e-03  mse_out 1.201e-07:   2%|▏         | 515/25000 [00:31<24:41]
loss : 1.227e-02  mse_pde 2.333e-04  mse_ic 5.794e-03  mse_in 6.247e-03  mse_out 1.201e-07:   2%|▏         | 515/25000 [00:31<24:41]
loss : 1.227e-02  mse_pde 2.333e-04  mse_ic 5.794e-03  mse_in 6.247e-03  mse_out 1.201e-07:   2%|▏         | 517/25000 [00:31<24:37]
loss : 1.226e-02  mse_pde 2.077e-04  mse_ic 5.664e-03  mse_in 6.388e-03  mse_out 1.182e-07:   2%|▏         | 517/25000 [00:31<24:37]
loss : 1.226e-02  mse_pde 2.077e-04  mse_ic 5.664e-03  mse_in 6.388e-03  mse_out 1.182e-07:   2%|▏         | 517/25000 [00:31<24:37]
loss : 1.229e-02  mse_pde 2.909e-04  mse_ic 5.722e-03  mse_in 6.277e-03  mse_out 1.172e-07:   2%|▏         | 517/25000 [00:31<24:37]
loss : 1.229e-02  mse_pde 2.909e-04  mse_ic 5.722e-03  mse_in 6.277e-03  mse_out 1.172e-07:   2%|▏         | 517/25000 [00:31<24:37]
loss : 1.229e-02  mse_pde 2.909e-04  mse_ic 5.722e-03  mse_in 6.277e-03  mse_out 1.172e-07:   2%|▏         | 519/25000 [00:31<24:44]
loss : 1.231e-02  mse_pde 2.657e-04  mse_ic 5.771e-03  mse_in 6.271e-03  mse_out 1.182e-07:   2%|▏         | 519/25000 [00:31<24:44]
loss : 1.231e-02  mse_pde 2.657e-04  mse_ic 5.771e-03  mse_in 6.271e-03  mse_out 1.182e-07:   2%|▏         | 519/25000 [00:31<24:44]
loss : 1.224e-02  mse_pde 2.435e-04  mse_ic 5.781e-03  mse_in 6.211e-03  mse_out 1.162e-07:   2%|▏         | 519/25000 [00:31<24:44]
loss : 1.224e-02  mse_pde 2.435e-04  mse_ic 5.781e-03  mse_in 6.211e-03  mse_out 1.162e-07:   2%|▏         | 519/25000 [00:31<24:44]
loss : 1.224e-02  mse_pde 2.435e-04  mse_ic 5.781e-03  mse_in 6.211e-03  mse_out 1.162e-07:   2%|▏         | 521/25000 [00:31<24:38]
loss : 1.223e-02  mse_pde 2.260e-04  mse_ic 5.697e-03  mse_in 6.306e-03  mse_out 1.144e-07:   2%|▏         | 521/25000 [00:31<24:38]
loss : 1.223e-02  mse_pde 2.260e-04  mse_ic 5.697e-03  mse_in 6.306e-03  mse_out 1.144e-07:   2%|▏         | 521/25000 [00:31<24:38]
loss : 1.225e-02  mse_pde 2.371e-04  mse_ic 5.800e-03  mse_in 6.216e-03  mse_out 1.160e-07:   2%|▏         | 521/25000 [00:31<24:38]
loss : 1.225e-02  mse_pde 2.371e-04  mse_ic 5.800e-03  mse_in 6.216e-03  mse_out 1.160e-07:   2%|▏         | 521/25000 [00:31<24:38]
loss : 1.225e-02  mse_pde 2.371e-04  mse_ic 5.800e-03  mse_in 6.216e-03  mse_out 1.160e-07:   2%|▏         | 523/25000 [00:31<24:47]
loss : 1.225e-02  mse_pde 3.051e-04  mse_ic 5.852e-03  mse_in 6.097e-03  mse_out 1.173e-07:   2%|▏         | 523/25000 [00:31<24:47]
loss : 1.225e-02  mse_pde 3.051e-04  mse_ic 5.852e-03  mse_in 6.097e-03  mse_out 1.173e-07:   2%|▏         | 523/25000 [00:31<24:47]
loss : 1.225e-02  mse_pde 2.333e-04  mse_ic 5.567e-03  mse_in 6.448e-03  mse_out 1.175e-07:   2%|▏         | 523/25000 [00:31<24:47]
loss : 1.225e-02  mse_pde 2.333e-04  mse_ic 5.567e-03  mse_in 6.448e-03  mse_out 1.175e-07:   2%|▏         | 523/25000 [00:31<24:47]
loss : 1.225e-02  mse_pde 2.333e-04  mse_ic 5.567e-03  mse_in 6.448e-03  mse_out 1.175e-07:   2%|▏         | 525/25000 [00:31<24:49]
loss : 1.218e-02  mse_pde 2.157e-04  mse_ic 5.729e-03  mse_in 6.230e-03  mse_out 1.184e-07:   2%|▏         | 525/25000 [00:31<24:49]
loss : 1.218e-02  mse_pde 2.157e-04  mse_ic 5.729e-03  mse_in 6.230e-03  mse_out 1.184e-07:   2%|▏         | 525/25000 [00:31<24:49]
loss : 1.222e-02  mse_pde 2.941e-04  mse_ic 5.827e-03  mse_in 6.096e-03  mse_out 1.171e-07:   2%|▏         | 525/25000 [00:31<24:49]
loss : 1.222e-02  mse_pde 2.941e-04  mse_ic 5.827e-03  mse_in 6.096e-03  mse_out 1.171e-07:   2%|▏         | 525/25000 [00:31<24:49]
loss : 1.222e-02  mse_pde 2.941e-04  mse_ic 5.827e-03  mse_in 6.096e-03  mse_out 1.171e-07:   2%|▏         | 527/25000 [00:31<24:47]
loss : 1.225e-02  mse_pde 2.554e-04  mse_ic 5.538e-03  mse_in 6.462e-03  mse_out 1.137e-07:   2%|▏         | 527/25000 [00:31<24:47]
loss : 1.225e-02  mse_pde 2.554e-04  mse_ic 5.538e-03  mse_in 6.462e-03  mse_out 1.137e-07:   2%|▏         | 527/25000 [00:31<24:47]
loss : 1.220e-02  mse_pde 2.841e-04  mse_ic 5.611e-03  mse_in 6.307e-03  mse_out 1.123e-07:   2%|▏         | 527/25000 [00:31<24:47]
loss : 1.220e-02  mse_pde 2.841e-04  mse_ic 5.611e-03  mse_in 6.307e-03  mse_out 1.123e-07:   2%|▏         | 527/25000 [00:31<24:47]
loss : 1.220e-02  mse_pde 2.841e-04  mse_ic 5.611e-03  mse_in 6.307e-03  mse_out 1.123e-07:   2%|▏         | 529/25000 [00:32<24:39]
loss : 1.220e-02  mse_pde 2.761e-04  mse_ic 5.836e-03  mse_in 6.085e-03  mse_out 1.129e-07:   2%|▏         | 529/25000 [00:32<24:39]
loss : 1.220e-02  mse_pde 2.761e-04  mse_ic 5.836e-03  mse_in 6.085e-03  mse_out 1.129e-07:   2%|▏         | 529/25000 [00:32<24:39]
loss : 1.214e-02  mse_pde 1.978e-04  mse_ic 5.678e-03  mse_in 6.266e-03  mse_out 1.103e-07:   2%|▏         | 529/25000 [00:32<24:39]
loss : 1.214e-02  mse_pde 1.978e-04  mse_ic 5.678e-03  mse_in 6.266e-03  mse_out 1.103e-07:   2%|▏         | 529/25000 [00:32<24:39]
loss : 1.214e-02  mse_pde 1.978e-04  mse_ic 5.678e-03  mse_in 6.266e-03  mse_out 1.103e-07:   2%|▏         | 531/25000 [00:32<24:38]
loss : 1.223e-02  mse_pde 3.170e-04  mse_ic 5.565e-03  mse_in 6.346e-03  mse_out 1.091e-07:   2%|▏         | 531/25000 [00:32<24:38]
loss : 1.223e-02  mse_pde 3.170e-04  mse_ic 5.565e-03  mse_in 6.346e-03  mse_out 1.091e-07:   2%|▏         | 531/25000 [00:32<24:38]
loss : 1.220e-02  mse_pde 2.611e-04  mse_ic 5.771e-03  mse_in 6.169e-03  mse_out 1.120e-07:   2%|▏         | 531/25000 [00:32<24:38]
loss : 1.220e-02  mse_pde 2.611e-04  mse_ic 5.771e-03  mse_in 6.169e-03  mse_out 1.120e-07:   2%|▏         | 531/25000 [00:32<24:38]
loss : 1.220e-02  mse_pde 2.611e-04  mse_ic 5.771e-03  mse_in 6.169e-03  mse_out 1.120e-07:   2%|▏         | 533/25000 [00:32<24:42]
loss : 1.217e-02  mse_pde 2.888e-04  mse_ic 5.899e-03  mse_in 5.979e-03  mse_out 1.108e-07:   2%|▏         | 533/25000 [00:32<24:42]
loss : 1.217e-02  mse_pde 2.888e-04  mse_ic 5.899e-03  mse_in 5.979e-03  mse_out 1.108e-07:   2%|▏         | 533/25000 [00:32<24:42]
loss : 1.213e-02  mse_pde 2.253e-04  mse_ic 5.568e-03  mse_in 6.339e-03  mse_out 1.063e-07:   2%|▏         | 533/25000 [00:32<24:42]
loss : 1.213e-02  mse_pde 2.253e-04  mse_ic 5.568e-03  mse_in 6.339e-03  mse_out 1.063e-07:   2%|▏         | 533/25000 [00:32<24:42]
loss : 1.213e-02  mse_pde 2.253e-04  mse_ic 5.568e-03  mse_in 6.339e-03  mse_out 1.063e-07:   2%|▏         | 535/25000 [00:32<24:47]
loss : 1.214e-02  mse_pde 2.206e-04  mse_ic 5.535e-03  mse_in 6.387e-03  mse_out 1.055e-07:   2%|▏         | 535/25000 [00:32<24:47]
loss : 1.214e-02  mse_pde 2.206e-04  mse_ic 5.535e-03  mse_in 6.387e-03  mse_out 1.055e-07:   2%|▏         | 535/25000 [00:32<24:47]
loss : 1.217e-02  mse_pde 3.334e-04  mse_ic 5.804e-03  mse_in 6.029e-03  mse_out 1.074e-07:   2%|▏         | 535/25000 [00:32<24:47]
loss : 1.217e-02  mse_pde 3.334e-04  mse_ic 5.804e-03  mse_in 6.029e-03  mse_out 1.074e-07:   2%|▏         | 535/25000 [00:32<24:47]
loss : 1.217e-02  mse_pde 3.334e-04  mse_ic 5.804e-03  mse_in 6.029e-03  mse_out 1.074e-07:   2%|▏         | 537/25000 [00:32<24:39]
loss : 1.212e-02  mse_pde 2.362e-04  mse_ic 5.648e-03  mse_in 6.231e-03  mse_out 1.076e-07:   2%|▏         | 537/25000 [00:32<24:39]
loss : 1.212e-02  mse_pde 2.362e-04  mse_ic 5.648e-03  mse_in 6.231e-03  mse_out 1.076e-07:   2%|▏         | 537/25000 [00:32<24:39]
loss : 1.211e-02  mse_pde 2.398e-04  mse_ic 5.450e-03  mse_in 6.422e-03  mse_out 1.051e-07:   2%|▏         | 537/25000 [00:32<24:39]
loss : 1.211e-02  mse_pde 2.398e-04  mse_ic 5.450e-03  mse_in 6.422e-03  mse_out 1.051e-07:   2%|▏         | 537/25000 [00:32<24:39]
loss : 1.211e-02  mse_pde 2.398e-04  mse_ic 5.450e-03  mse_in 6.422e-03  mse_out 1.051e-07:   2%|▏         | 539/25000 [00:32<24:37]
loss : 1.206e-02  mse_pde 2.003e-04  mse_ic 5.594e-03  mse_in 6.263e-03  mse_out 1.044e-07:   2%|▏         | 539/25000 [00:32<24:37]
loss : 1.206e-02  mse_pde 2.003e-04  mse_ic 5.594e-03  mse_in 6.263e-03  mse_out 1.044e-07:   2%|▏         | 539/25000 [00:32<24:37]
loss : 1.211e-02  mse_pde 2.545e-04  mse_ic 5.770e-03  mse_in 6.082e-03  mse_out 1.044e-07:   2%|▏         | 539/25000 [00:32<24:37]
loss : 1.211e-02  mse_pde 2.545e-04  mse_ic 5.770e-03  mse_in 6.082e-03  mse_out 1.044e-07:   2%|▏         | 539/25000 [00:32<24:37]
loss : 1.211e-02  mse_pde 2.545e-04  mse_ic 5.770e-03  mse_in 6.082e-03  mse_out 1.044e-07:   2%|▏         | 541/25000 [00:32<24:35]
loss : 1.207e-02  mse_pde 2.523e-04  mse_ic 5.680e-03  mse_in 6.137e-03  mse_out 1.022e-07:   2%|▏         | 541/25000 [00:32<24:35]
loss : 1.207e-02  mse_pde 2.523e-04  mse_ic 5.680e-03  mse_in 6.137e-03  mse_out 1.022e-07:   2%|▏         | 541/25000 [00:32<24:35]
loss : 1.211e-02  mse_pde 2.315e-04  mse_ic 5.437e-03  mse_in 6.440e-03  mse_out 9.997e-08:   2%|▏         | 541/25000 [00:32<24:35]
loss : 1.211e-02  mse_pde 2.315e-04  mse_ic 5.437e-03  mse_in 6.440e-03  mse_out 9.997e-08:   2%|▏         | 541/25000 [00:32<24:35]
loss : 1.211e-02  mse_pde 2.315e-04  mse_ic 5.437e-03  mse_in 6.440e-03  mse_out 9.997e-08:   2%|▏         | 543/25000 [00:32<24:41]
loss : 1.203e-02  mse_pde 2.241e-04  mse_ic 5.579e-03  mse_in 6.231e-03  mse_out 1.009e-07:   2%|▏         | 543/25000 [00:32<24:41]
loss : 1.203e-02  mse_pde 2.241e-04  mse_ic 5.579e-03  mse_in 6.231e-03  mse_out 1.009e-07:   2%|▏         | 543/25000 [00:32<24:41]
loss : 1.206e-02  mse_pde 2.611e-04  mse_ic 5.748e-03  mse_in 6.053e-03  mse_out 1.047e-07:   2%|▏         | 543/25000 [00:32<24:41]
loss : 1.206e-02  mse_pde 2.611e-04  mse_ic 5.748e-03  mse_in 6.053e-03  mse_out 1.047e-07:   2%|▏         | 543/25000 [00:32<24:41]
loss : 1.200e-02  mse_pde 1.913e-04  mse_ic 5.589e-03  mse_in 6.222e-03  mse_out 1.063e-07:   2%|▏         | 543/25000 [00:32<24:41]
loss : 1.200e-02  mse_pde 1.913e-04  mse_ic 5.589e-03  mse_in 6.222e-03  mse_out 1.063e-07:   2%|▏         | 543/25000 [00:32<24:41]
loss : 1.200e-02  mse_pde 1.913e-04  mse_ic 5.589e-03  mse_in 6.222e-03  mse_out 1.063e-07:   2%|▏         | 546/25000 [00:32<22:34]
loss : 1.206e-02  mse_pde 2.546e-04  mse_ic 5.443e-03  mse_in 6.363e-03  mse_out 1.047e-07:   2%|▏         | 546/25000 [00:33<22:34]
loss : 1.206e-02  mse_pde 2.546e-04  mse_ic 5.443e-03  mse_in 6.363e-03  mse_out 1.047e-07:   2%|▏         | 546/25000 [00:33<22:34]
loss : 1.206e-02  mse_pde 2.344e-04  mse_ic 5.618e-03  mse_in 6.204e-03  mse_out 1.029e-07:   2%|▏         | 546/25000 [00:33<22:34]
loss : 1.206e-02  mse_pde 2.344e-04  mse_ic 5.618e-03  mse_in 6.204e-03  mse_out 1.029e-07:   2%|▏         | 546/25000 [00:33<22:34]
loss : 1.218e-02  mse_pde 4.516e-04  mse_ic 5.816e-03  mse_in 5.913e-03  mse_out 1.006e-07:   2%|▏         | 546/25000 [00:33<22:34]
loss : 1.218e-02  mse_pde 4.516e-04  mse_ic 5.816e-03  mse_in 5.913e-03  mse_out 1.006e-07:   2%|▏         | 546/25000 [00:33<22:34]
loss : 1.218e-02  mse_pde 4.516e-04  mse_ic 5.816e-03  mse_in 5.913e-03  mse_out 1.006e-07:   2%|▏         | 549/25000 [00:33<21:51]
loss : 1.221e-02  mse_pde 3.729e-04  mse_ic 5.478e-03  mse_in 6.356e-03  mse_out 9.911e-08:   2%|▏         | 549/25000 [00:33<21:51]
loss : 1.221e-02  mse_pde 3.729e-04  mse_ic 5.478e-03  mse_in 6.356e-03  mse_out 9.911e-08:   2%|▏         | 549/25000 [00:33<21:51]
loss : 1.209e-02  mse_pde 3.197e-04  mse_ic 5.361e-03  mse_in 6.408e-03  mse_out 9.821e-08:   2%|▏         | 549/25000 [00:33<21:51]
loss : 1.209e-02  mse_pde 3.197e-04  mse_ic 5.361e-03  mse_in 6.408e-03  mse_out 9.821e-08:   2%|▏         | 549/25000 [00:33<21:51]
loss : 1.209e-02  mse_pde 3.197e-04  mse_ic 5.361e-03  mse_in 6.408e-03  mse_out 9.821e-08:   2%|▏         | 551/25000 [00:33<22:33]
loss : 1.198e-02  mse_pde 2.441e-04  mse_ic 5.676e-03  mse_in 6.063e-03  mse_out 1.005e-07:   2%|▏         | 551/25000 [00:33<22:33]
loss : 1.198e-02  mse_pde 2.441e-04  mse_ic 5.676e-03  mse_in 6.063e-03  mse_out 1.005e-07:   2%|▏         | 551/25000 [00:33<22:33]
loss : 1.217e-02  mse_pde 3.809e-04  mse_ic 5.817e-03  mse_in 5.968e-03  mse_out 1.020e-07:   2%|▏         | 551/25000 [00:33<22:33]
loss : 1.217e-02  mse_pde 3.809e-04  mse_ic 5.817e-03  mse_in 5.968e-03  mse_out 1.020e-07:   2%|▏         | 551/25000 [00:33<22:33]
loss : 1.217e-02  mse_pde 3.809e-04  mse_ic 5.817e-03  mse_in 5.968e-03  mse_out 1.020e-07:   2%|▏         | 553/25000 [00:33<23:15]
loss : 1.199e-02  mse_pde 2.396e-04  mse_ic 5.748e-03  mse_in 5.999e-03  mse_out 9.995e-08:   2%|▏         | 553/25000 [00:33<23:15]
loss : 1.199e-02  mse_pde 2.396e-04  mse_ic 5.748e-03  mse_in 5.999e-03  mse_out 9.995e-08:   2%|▏         | 553/25000 [00:33<23:15]
loss : 1.204e-02  mse_pde 2.678e-04  mse_ic 5.513e-03  mse_in 6.258e-03  mse_out 9.729e-08:   2%|▏         | 553/25000 [00:33<23:15]
loss : 1.204e-02  mse_pde 2.678e-04  mse_ic 5.513e-03  mse_in 6.258e-03  mse_out 9.729e-08:   2%|▏         | 553/25000 [00:33<23:15]
loss : 1.204e-02  mse_pde 2.678e-04  mse_ic 5.513e-03  mse_in 6.258e-03  mse_out 9.729e-08:   2%|▏         | 555/25000 [00:33<23:33]
loss : 1.206e-02  mse_pde 2.636e-04  mse_ic 5.551e-03  mse_in 6.244e-03  mse_out 9.617e-08:   2%|▏         | 555/25000 [00:33<23:33]
loss : 1.206e-02  mse_pde 2.636e-04  mse_ic 5.551e-03  mse_in 6.244e-03  mse_out 9.617e-08:   2%|▏         | 555/25000 [00:33<23:33]
loss : 1.201e-02  mse_pde 3.128e-04  mse_ic 5.772e-03  mse_in 5.926e-03  mse_out 9.525e-08:   2%|▏         | 555/25000 [00:33<23:33]
loss : 1.201e-02  mse_pde 3.128e-04  mse_ic 5.772e-03  mse_in 5.926e-03  mse_out 9.525e-08:   2%|▏         | 555/25000 [00:33<23:33]
loss : 1.201e-02  mse_pde 3.128e-04  mse_ic 5.772e-03  mse_in 5.926e-03  mse_out 9.525e-08:   2%|▏         | 557/25000 [00:33<23:44]
loss : 1.196e-02  mse_pde 2.622e-04  mse_ic 5.634e-03  mse_in 6.061e-03  mse_out 9.533e-08:   2%|▏         | 557/25000 [00:33<23:44]
loss : 1.196e-02  mse_pde 2.622e-04  mse_ic 5.634e-03  mse_in 6.061e-03  mse_out 9.533e-08:   2%|▏         | 557/25000 [00:33<23:44]
loss : 1.203e-02  mse_pde 2.606e-04  mse_ic 5.324e-03  mse_in 6.442e-03  mse_out 9.751e-08:   2%|▏         | 557/25000 [00:33<23:44]
loss : 1.203e-02  mse_pde 2.606e-04  mse_ic 5.324e-03  mse_in 6.442e-03  mse_out 9.751e-08:   2%|▏         | 557/25000 [00:33<23:44]
loss : 1.203e-02  mse_pde 2.606e-04  mse_ic 5.324e-03  mse_in 6.442e-03  mse_out 9.751e-08:   2%|▏         | 559/25000 [00:33<24:02]
loss : 1.199e-02  mse_pde 2.709e-04  mse_ic 5.315e-03  mse_in 6.407e-03  mse_out 1.011e-07:   2%|▏         | 559/25000 [00:33<24:02]
loss : 1.199e-02  mse_pde 2.709e-04  mse_ic 5.315e-03  mse_in 6.407e-03  mse_out 1.011e-07:   2%|▏         | 559/25000 [00:33<24:02]
loss : 1.192e-02  mse_pde 2.179e-04  mse_ic 5.642e-03  mse_in 6.057e-03  mse_out 1.042e-07:   2%|▏         | 559/25000 [00:33<24:02]
loss : 1.192e-02  mse_pde 2.179e-04  mse_ic 5.642e-03  mse_in 6.057e-03  mse_out 1.042e-07:   2%|▏         | 559/25000 [00:33<24:02]
loss : 1.192e-02  mse_pde 2.179e-04  mse_ic 5.642e-03  mse_in 6.057e-03  mse_out 1.042e-07:   2%|▏         | 561/25000 [00:33<24:29]
loss : 1.200e-02  mse_pde 2.860e-04  mse_ic 5.798e-03  mse_in 5.921e-03  mse_out 1.022e-07:   2%|▏         | 561/25000 [00:33<24:29]
loss : 1.200e-02  mse_pde 2.860e-04  mse_ic 5.798e-03  mse_in 5.921e-03  mse_out 1.022e-07:   2%|▏         | 561/25000 [00:33<24:29]
loss : 1.192e-02  mse_pde 2.163e-04  mse_ic 5.696e-03  mse_in 6.006e-03  mse_out 9.704e-08:   2%|▏         | 561/25000 [00:33<24:29]
loss : 1.192e-02  mse_pde 2.163e-04  mse_ic 5.696e-03  mse_in 6.006e-03  mse_out 9.704e-08:   2%|▏         | 561/25000 [00:33<24:29]
loss : 1.192e-02  mse_pde 2.163e-04  mse_ic 5.696e-03  mse_in 6.006e-03  mse_out 9.704e-08:   2%|▏         | 563/25000 [00:33<24:05]
loss : 1.195e-02  mse_pde 2.159e-04  mse_ic 5.477e-03  mse_in 6.256e-03  mse_out 9.450e-08:   2%|▏         | 563/25000 [00:34<24:05]
loss : 1.195e-02  mse_pde 2.159e-04  mse_ic 5.477e-03  mse_in 6.256e-03  mse_out 9.450e-08:   2%|▏         | 563/25000 [00:34<24:05]
loss : 1.191e-02  mse_pde 1.954e-04  mse_ic 5.514e-03  mse_in 6.205e-03  mse_out 9.599e-08:   2%|▏         | 563/25000 [00:34<24:05]
loss : 1.191e-02  mse_pde 1.954e-04  mse_ic 5.514e-03  mse_in 6.205e-03  mse_out 9.599e-08:   2%|▏         | 563/25000 [00:34<24:05]
loss : 1.191e-02  mse_pde 1.954e-04  mse_ic 5.514e-03  mse_in 6.205e-03  mse_out 9.599e-08:   2%|▏         | 565/25000 [00:34<24:25]
loss : 1.195e-02  mse_pde 3.099e-04  mse_ic 5.700e-03  mse_in 5.944e-03  mse_out 9.875e-08:   2%|▏         | 565/25000 [00:34<24:25]
loss : 1.195e-02  mse_pde 3.099e-04  mse_ic 5.700e-03  mse_in 5.944e-03  mse_out 9.875e-08:   2%|▏         | 565/25000 [00:34<24:25]
loss : 1.191e-02  mse_pde 2.425e-04  mse_ic 5.593e-03  mse_in 6.079e-03  mse_out 1.006e-07:   2%|▏         | 565/25000 [00:34<24:25]
loss : 1.191e-02  mse_pde 2.425e-04  mse_ic 5.593e-03  mse_in 6.079e-03  mse_out 1.006e-07:   2%|▏         | 565/25000 [00:34<24:25]
loss : 1.191e-02  mse_pde 2.425e-04  mse_ic 5.593e-03  mse_in 6.079e-03  mse_out 1.006e-07:   2%|▏         | 567/25000 [00:34<24:38]
loss : 1.188e-02  mse_pde 1.999e-04  mse_ic 5.360e-03  mse_in 6.320e-03  mse_out 1.011e-07:   2%|▏         | 567/25000 [00:34<24:38]
loss : 1.188e-02  mse_pde 1.999e-04  mse_ic 5.360e-03  mse_in 6.320e-03  mse_out 1.011e-07:   2%|▏         | 567/25000 [00:34<24:38]
loss : 1.189e-02  mse_pde 2.128e-04  mse_ic 5.335e-03  mse_in 6.347e-03  mse_out 1.026e-07:   2%|▏         | 567/25000 [00:34<24:38]
loss : 1.189e-02  mse_pde 2.128e-04  mse_ic 5.335e-03  mse_in 6.347e-03  mse_out 1.026e-07:   2%|▏         | 567/25000 [00:34<24:38]
loss : 1.189e-02  mse_pde 2.128e-04  mse_ic 5.335e-03  mse_in 6.347e-03  mse_out 1.026e-07:   2%|▏         | 569/25000 [00:34<24:17]
loss : 1.189e-02  mse_pde 2.110e-04  mse_ic 5.555e-03  mse_in 6.122e-03  mse_out 1.035e-07:   2%|▏         | 569/25000 [00:34<24:17]
loss : 1.189e-02  mse_pde 2.110e-04  mse_ic 5.555e-03  mse_in 6.122e-03  mse_out 1.035e-07:   2%|▏         | 569/25000 [00:34<24:17]
loss : 1.195e-02  mse_pde 3.227e-04  mse_ic 5.725e-03  mse_in 5.899e-03  mse_out 1.002e-07:   2%|▏         | 569/25000 [00:34<24:17]
loss : 1.195e-02  mse_pde 3.227e-04  mse_ic 5.725e-03  mse_in 5.899e-03  mse_out 1.002e-07:   2%|▏         | 569/25000 [00:34<24:17]
loss : 1.195e-02  mse_pde 3.227e-04  mse_ic 5.725e-03  mse_in 5.899e-03  mse_out 1.002e-07:   2%|▏         | 571/25000 [00:34<24:31]
loss : 1.190e-02  mse_pde 2.191e-04  mse_ic 5.531e-03  mse_in 6.152e-03  mse_out 9.491e-08:   2%|▏         | 571/25000 [00:34<24:31]
loss : 1.190e-02  mse_pde 2.191e-04  mse_ic 5.531e-03  mse_in 6.152e-03  mse_out 9.491e-08:   2%|▏         | 571/25000 [00:34<24:31]
loss : 1.191e-02  mse_pde 2.550e-04  mse_ic 5.404e-03  mse_in 6.250e-03  mse_out 9.146e-08:   2%|▏         | 571/25000 [00:34<24:31]
loss : 1.191e-02  mse_pde 2.550e-04  mse_ic 5.404e-03  mse_in 6.250e-03  mse_out 9.146e-08:   2%|▏         | 571/25000 [00:34<24:31]
loss : 1.191e-02  mse_pde 2.550e-04  mse_ic 5.404e-03  mse_in 6.250e-03  mse_out 9.146e-08:   2%|▏         | 573/25000 [00:34<24:40]
loss : 1.183e-02  mse_pde 1.783e-04  mse_ic 5.507e-03  mse_in 6.142e-03  mse_out 9.308e-08:   2%|▏         | 573/25000 [00:34<24:40]
loss : 1.183e-02  mse_pde 1.783e-04  mse_ic 5.507e-03  mse_in 6.142e-03  mse_out 9.308e-08:   2%|▏         | 573/25000 [00:34<24:40]
loss : 1.186e-02  mse_pde 2.313e-04  mse_ic 5.669e-03  mse_in 5.955e-03  mse_out 9.735e-08:   2%|▏         | 573/25000 [00:34<24:40]
loss : 1.186e-02  mse_pde 2.313e-04  mse_ic 5.669e-03  mse_in 5.955e-03  mse_out 9.735e-08:   2%|▏         | 573/25000 [00:34<24:40]
loss : 1.186e-02  mse_pde 2.313e-04  mse_ic 5.669e-03  mse_in 5.955e-03  mse_out 9.735e-08:   2%|▏         | 575/25000 [00:34<24:40]
loss : 1.186e-02  mse_pde 2.564e-04  mse_ic 5.612e-03  mse_in 5.989e-03  mse_out 1.002e-07:   2%|▏         | 575/25000 [00:34<24:40]
loss : 1.186e-02  mse_pde 2.564e-04  mse_ic 5.612e-03  mse_in 5.989e-03  mse_out 1.002e-07:   2%|▏         | 575/25000 [00:34<24:40]
loss : 1.191e-02  mse_pde 2.358e-04  mse_ic 5.370e-03  mse_in 6.299e-03  mse_out 9.982e-08:   2%|▏         | 575/25000 [00:34<24:40]
loss : 1.191e-02  mse_pde 2.358e-04  mse_ic 5.370e-03  mse_in 6.299e-03  mse_out 9.982e-08:   2%|▏         | 575/25000 [00:34<24:40]
loss : 1.191e-02  mse_pde 2.358e-04  mse_ic 5.370e-03  mse_in 6.299e-03  mse_out 9.982e-08:   2%|▏         | 577/25000 [00:34<24:34]
loss : 1.193e-02  mse_pde 3.132e-04  mse_ic 5.353e-03  mse_in 6.263e-03  mse_out 9.735e-08:   2%|▏         | 577/25000 [00:34<24:34]
loss : 1.193e-02  mse_pde 3.132e-04  mse_ic 5.353e-03  mse_in 6.263e-03  mse_out 9.735e-08:   2%|▏         | 577/25000 [00:34<24:34]
loss : 1.190e-02  mse_pde 2.584e-04  mse_ic 5.566e-03  mse_in 6.071e-03  mse_out 9.599e-08:   2%|▏         | 577/25000 [00:34<24:34]
loss : 1.190e-02  mse_pde 2.584e-04  mse_ic 5.566e-03  mse_in 6.071e-03  mse_out 9.599e-08:   2%|▏         | 577/25000 [00:34<24:34]
loss : 1.190e-02  mse_pde 2.584e-04  mse_ic 5.566e-03  mse_in 6.071e-03  mse_out 9.599e-08:   2%|▏         | 579/25000 [00:34<24:50]
loss : 1.187e-02  mse_pde 2.849e-04  mse_ic 5.711e-03  mse_in 5.871e-03  mse_out 9.423e-08:   2%|▏         | 579/25000 [00:35<24:50]
loss : 1.187e-02  mse_pde 2.849e-04  mse_ic 5.711e-03  mse_in 5.871e-03  mse_out 9.423e-08:   2%|▏         | 579/25000 [00:35<24:50]
loss : 1.178e-02  mse_pde 1.705e-04  mse_ic 5.505e-03  mse_in 6.105e-03  mse_out 9.234e-08:   2%|▏         | 579/25000 [00:35<24:50]
loss : 1.178e-02  mse_pde 1.705e-04  mse_ic 5.505e-03  mse_in 6.105e-03  mse_out 9.234e-08:   2%|▏         | 579/25000 [00:35<24:50]
loss : 1.178e-02  mse_pde 1.705e-04  mse_ic 5.505e-03  mse_in 6.105e-03  mse_out 9.234e-08:   2%|▏         | 581/25000 [00:35<24:46]
loss : 1.185e-02  mse_pde 2.118e-04  mse_ic 5.338e-03  mse_in 6.301e-03  mse_out 9.145e-08:   2%|▏         | 581/25000 [00:35<24:46]
loss : 1.185e-02  mse_pde 2.118e-04  mse_ic 5.338e-03  mse_in 6.301e-03  mse_out 9.145e-08:   2%|▏         | 581/25000 [00:35<24:46]
loss : 1.183e-02  mse_pde 2.471e-04  mse_ic 5.467e-03  mse_in 6.116e-03  mse_out 9.270e-08:   2%|▏         | 581/25000 [00:35<24:46]
loss : 1.183e-02  mse_pde 2.471e-04  mse_ic 5.467e-03  mse_in 6.116e-03  mse_out 9.270e-08:   2%|▏         | 581/25000 [00:35<24:46]
loss : 1.183e-02  mse_pde 2.471e-04  mse_ic 5.467e-03  mse_in 6.116e-03  mse_out 9.270e-08:   2%|▏         | 583/25000 [00:35<24:15]
loss : 1.188e-02  mse_pde 2.839e-04  mse_ic 5.662e-03  mse_in 5.936e-03  mse_out 9.624e-08:   2%|▏         | 583/25000 [00:35<24:15]
loss : 1.188e-02  mse_pde 2.839e-04  mse_ic 5.662e-03  mse_in 5.936e-03  mse_out 9.624e-08:   2%|▏         | 583/25000 [00:35<24:15]
loss : 1.184e-02  mse_pde 2.829e-04  mse_ic 5.678e-03  mse_in 5.879e-03  mse_out 9.893e-08:   2%|▏         | 583/25000 [00:35<24:15]
loss : 1.184e-02  mse_pde 2.829e-04  mse_ic 5.678e-03  mse_in 5.879e-03  mse_out 9.893e-08:   2%|▏         | 583/25000 [00:35<24:15]
loss : 1.184e-02  mse_pde 2.829e-04  mse_ic 5.678e-03  mse_in 5.879e-03  mse_out 9.893e-08:   2%|▏         | 585/25000 [00:35<24:34]
loss : 1.179e-02  mse_pde 1.778e-04  mse_ic 5.390e-03  mse_in 6.217e-03  mse_out 9.959e-08:   2%|▏         | 585/25000 [00:35<24:34]
loss : 1.179e-02  mse_pde 1.778e-04  mse_ic 5.390e-03  mse_in 6.217e-03  mse_out 9.959e-08:   2%|▏         | 585/25000 [00:35<24:34]
loss : 1.181e-02  mse_pde 2.019e-04  mse_ic 5.279e-03  mse_in 6.324e-03  mse_out 9.810e-08:   2%|▏         | 585/25000 [00:35<24:34]
loss : 1.181e-02  mse_pde 2.019e-04  mse_ic 5.279e-03  mse_in 6.324e-03  mse_out 9.810e-08:   2%|▏         | 585/25000 [00:35<24:34]
loss : 1.181e-02  mse_pde 2.019e-04  mse_ic 5.279e-03  mse_in 6.324e-03  mse_out 9.810e-08:   2%|▏         | 587/25000 [00:35<24:24]
loss : 1.175e-02  mse_pde 1.917e-04  mse_ic 5.470e-03  mse_in 6.089e-03  mse_out 9.602e-08:   2%|▏         | 587/25000 [00:35<24:24]
loss : 1.175e-02  mse_pde 1.917e-04  mse_ic 5.470e-03  mse_in 6.089e-03  mse_out 9.602e-08:   2%|▏         | 587/25000 [00:35<24:24]
loss : 1.183e-02  mse_pde 2.740e-04  mse_ic 5.626e-03  mse_in 5.929e-03  mse_out 9.399e-08:   2%|▏         | 587/25000 [00:35<24:24]
loss : 1.183e-02  mse_pde 2.740e-04  mse_ic 5.626e-03  mse_in 5.929e-03  mse_out 9.399e-08:   2%|▏         | 587/25000 [00:35<24:24]
loss : 1.183e-02  mse_pde 2.740e-04  mse_ic 5.626e-03  mse_in 5.929e-03  mse_out 9.399e-08:   2%|▏         | 589/25000 [00:35<24:28]
loss : 1.180e-02  mse_pde 2.658e-04  mse_ic 5.531e-03  mse_in 6.001e-03  mse_out 9.237e-08:   2%|▏         | 589/25000 [00:35<24:28]
loss : 1.180e-02  mse_pde 2.658e-04  mse_ic 5.531e-03  mse_in 6.001e-03  mse_out 9.237e-08:   2%|▏         | 589/25000 [00:35<24:28]
loss : 1.188e-02  mse_pde 2.672e-04  mse_ic 5.309e-03  mse_in 6.299e-03  mse_out 9.298e-08:   2%|▏         | 589/25000 [00:35<24:28]
loss : 1.188e-02  mse_pde 2.672e-04  mse_ic 5.309e-03  mse_in 6.299e-03  mse_out 9.298e-08:   2%|▏         | 589/25000 [00:35<24:28]
loss : 1.188e-02  mse_pde 2.672e-04  mse_ic 5.309e-03  mse_in 6.299e-03  mse_out 9.298e-08:   2%|▏         | 591/25000 [00:35<24:43]
loss : 1.188e-02  mse_pde 3.340e-04  mse_ic 5.364e-03  mse_in 6.183e-03  mse_out 9.484e-08:   2%|▏         | 591/25000 [00:35<24:43]
loss : 1.188e-02  mse_pde 3.340e-04  mse_ic 5.364e-03  mse_in 6.183e-03  mse_out 9.484e-08:   2%|▏         | 591/25000 [00:35<24:43]
loss : 1.184e-02  mse_pde 2.636e-04  mse_ic 5.637e-03  mse_in 5.935e-03  mse_out 9.765e-08:   2%|▏         | 591/25000 [00:35<24:43]
loss : 1.184e-02  mse_pde 2.636e-04  mse_ic 5.637e-03  mse_in 5.935e-03  mse_out 9.765e-08:   2%|▏         | 591/25000 [00:35<24:43]
loss : 1.184e-02  mse_pde 2.636e-04  mse_ic 5.637e-03  mse_in 5.935e-03  mse_out 9.765e-08:   2%|▏         | 593/25000 [00:35<24:41]
loss : 1.182e-02  mse_pde 2.860e-04  mse_ic 5.819e-03  mse_in 5.712e-03  mse_out 9.753e-08:   2%|▏         | 593/25000 [00:35<24:41]
loss : 1.182e-02  mse_pde 2.860e-04  mse_ic 5.819e-03  mse_in 5.712e-03  mse_out 9.753e-08:   2%|▏         | 593/25000 [00:35<24:41]
loss : 1.171e-02  mse_pde 1.619e-04  mse_ic 5.571e-03  mse_in 5.978e-03  mse_out 9.565e-08:   2%|▏         | 593/25000 [00:35<24:41]
loss : 1.171e-02  mse_pde 1.619e-04  mse_ic 5.571e-03  mse_in 5.978e-03  mse_out 9.565e-08:   2%|▏         | 593/25000 [00:35<24:41]
loss : 1.171e-02  mse_pde 1.619e-04  mse_ic 5.571e-03  mse_in 5.978e-03  mse_out 9.565e-08:   2%|▏         | 595/25000 [00:35<24:52]
loss : 1.180e-02  mse_pde 2.149e-04  mse_ic 5.281e-03  mse_in 6.301e-03  mse_out 9.478e-08:   2%|▏         | 595/25000 [00:35<24:52]
loss : 1.180e-02  mse_pde 2.149e-04  mse_ic 5.281e-03  mse_in 6.301e-03  mse_out 9.478e-08:   2%|▏         | 595/25000 [00:35<24:52]
loss : 1.179e-02  mse_pde 2.688e-04  mse_ic 5.292e-03  mse_in 6.232e-03  mse_out 9.581e-08:   2%|▏         | 595/25000 [00:36<24:52]
loss : 1.179e-02  mse_pde 2.688e-04  mse_ic 5.292e-03  mse_in 6.232e-03  mse_out 9.581e-08:   2%|▏         | 595/25000 [00:36<24:52]
loss : 1.179e-02  mse_pde 2.688e-04  mse_ic 5.292e-03  mse_in 6.232e-03  mse_out 9.581e-08:   2%|▏         | 597/25000 [00:36<24:43]
loss : 1.184e-02  mse_pde 3.092e-04  mse_ic 5.521e-03  mse_in 6.005e-03  mse_out 9.794e-08:   2%|▏         | 597/25000 [00:36<24:43]
loss : 1.184e-02  mse_pde 3.092e-04  mse_ic 5.521e-03  mse_in 6.005e-03  mse_out 9.794e-08:   2%|▏         | 597/25000 [00:36<24:43]
loss : 1.184e-02  mse_pde 3.636e-04  mse_ic 5.636e-03  mse_in 5.841e-03  mse_out 9.758e-08:   2%|▏         | 597/25000 [00:36<24:43]
loss : 1.184e-02  mse_pde 3.636e-04  mse_ic 5.636e-03  mse_in 5.841e-03  mse_out 9.758e-08:   2%|▏         | 597/25000 [00:36<24:43]
loss : 1.184e-02  mse_pde 3.636e-04  mse_ic 5.636e-03  mse_in 5.841e-03  mse_out 9.758e-08:   2%|▏         | 599/25000 [00:36<24:36]
loss : 1.173e-02  mse_pde 1.865e-04  mse_ic 5.406e-03  mse_in 6.134e-03  mse_out 9.647e-08:   2%|▏         | 599/25000 [00:36<24:36]
loss : 1.173e-02  mse_pde 1.865e-04  mse_ic 5.406e-03  mse_in 6.134e-03  mse_out 9.647e-08:   2%|▏         | 599/25000 [00:36<24:36]
loss : 1.176e-02  mse_pde 2.132e-04  mse_ic 5.257e-03  mse_in 6.294e-03  mse_out 9.624e-08:   2%|▏         | 599/25000 [00:36<24:36]
loss : 1.176e-02  mse_pde 2.132e-04  mse_ic 5.257e-03  mse_in 6.294e-03  mse_out 9.624e-08:   2%|▏         | 599/25000 [00:36<24:36]
loss : 1.176e-02  mse_pde 2.132e-04  mse_ic 5.257e-03  mse_in 6.294e-03  mse_out 9.624e-08:   2%|▏         | 601/25000 [00:36<25:32]
loss : 1.170e-02  mse_pde 1.808e-04  mse_ic 5.405e-03  mse_in 6.119e-03  mse_out 9.763e-08:   2%|▏         | 601/25000 [00:36<25:32]
loss : 1.170e-02  mse_pde 1.808e-04  mse_ic 5.405e-03  mse_in 6.119e-03  mse_out 9.763e-08:   2%|▏         | 601/25000 [00:36<25:32]
loss : 1.174e-02  mse_pde 2.259e-04  mse_ic 5.630e-03  mse_in 5.881e-03  mse_out 9.889e-08:   2%|▏         | 601/25000 [00:36<25:32]
loss : 1.174e-02  mse_pde 2.259e-04  mse_ic 5.630e-03  mse_in 5.881e-03  mse_out 9.889e-08:   2%|▏         | 601/25000 [00:36<25:32]
loss : 1.174e-02  mse_pde 2.259e-04  mse_ic 5.630e-03  mse_in 5.881e-03  mse_out 9.889e-08:   2%|▏         | 603/25000 [00:36<24:26]
loss : 1.175e-02  mse_pde 2.707e-04  mse_ic 5.711e-03  mse_in 5.771e-03  mse_out 9.563e-08:   2%|▏         | 603/25000 [00:36<24:26]
loss : 1.175e-02  mse_pde 2.707e-04  mse_ic 5.711e-03  mse_in 5.771e-03  mse_out 9.563e-08:   2%|▏         | 603/25000 [00:36<24:26]
loss : 1.169e-02  mse_pde 1.681e-04  mse_ic 5.459e-03  mse_in 6.060e-03  mse_out 9.167e-08:   2%|▏         | 603/25000 [00:36<24:26]
loss : 1.169e-02  mse_pde 1.681e-04  mse_ic 5.459e-03  mse_in 6.060e-03  mse_out 9.167e-08:   2%|▏         | 603/25000 [00:36<24:26]
loss : 1.169e-02  mse_pde 1.681e-04  mse_ic 5.459e-03  mse_in 6.060e-03  mse_out 9.167e-08:   2%|▏         | 605/25000 [00:36<24:35]
loss : 1.173e-02  mse_pde 2.106e-04  mse_ic 5.267e-03  mse_in 6.255e-03  mse_out 9.097e-08:   2%|▏         | 605/25000 [00:36<24:35]
loss : 1.173e-02  mse_pde 2.106e-04  mse_ic 5.267e-03  mse_in 6.255e-03  mse_out 9.097e-08:   2%|▏         | 605/25000 [00:36<24:35]
loss : 1.167e-02  mse_pde 1.642e-04  mse_ic 5.319e-03  mse_in 6.189e-03  mse_out 9.483e-08:   2%|▏         | 605/25000 [00:36<24:35]
loss : 1.167e-02  mse_pde 1.642e-04  mse_ic 5.319e-03  mse_in 6.189e-03  mse_out 9.483e-08:   2%|▏         | 605/25000 [00:36<24:35]
loss : 1.167e-02  mse_pde 1.642e-04  mse_ic 5.319e-03  mse_in 6.189e-03  mse_out 9.483e-08:   2%|▏         | 607/25000 [00:36<24:57]
loss : 1.169e-02  mse_pde 2.173e-04  mse_ic 5.517e-03  mse_in 5.954e-03  mse_out 9.948e-08:   2%|▏         | 607/25000 [00:36<24:57]
loss : 1.169e-02  mse_pde 2.173e-04  mse_ic 5.517e-03  mse_in 5.954e-03  mse_out 9.948e-08:   2%|▏         | 607/25000 [00:36<24:57]
loss : 1.170e-02  mse_pde 2.367e-04  mse_ic 5.574e-03  mse_in 5.884e-03  mse_out 1.002e-07:   2%|▏         | 607/25000 [00:36<24:57]
loss : 1.170e-02  mse_pde 2.367e-04  mse_ic 5.574e-03  mse_in 5.884e-03  mse_out 1.002e-07:   2%|▏         | 607/25000 [00:36<24:57]
loss : 1.170e-02  mse_pde 2.367e-04  mse_ic 5.574e-03  mse_in 5.884e-03  mse_out 1.002e-07:   2%|▏         | 609/25000 [00:36<24:54]
loss : 1.166e-02  mse_pde 1.689e-04  mse_ic 5.400e-03  mse_in 6.095e-03  mse_out 9.783e-08:   2%|▏         | 609/25000 [00:36<24:54]
loss : 1.166e-02  mse_pde 1.689e-04  mse_ic 5.400e-03  mse_in 6.095e-03  mse_out 9.783e-08:   2%|▏         | 609/25000 [00:36<24:54]
loss : 1.175e-02  mse_pde 2.688e-04  mse_ic 5.299e-03  mse_in 6.186e-03  mse_out 9.632e-08:   2%|▏         | 609/25000 [00:36<24:54]
loss : 1.175e-02  mse_pde 2.688e-04  mse_ic 5.299e-03  mse_in 6.186e-03  mse_out 9.632e-08:   2%|▏         | 609/25000 [00:36<24:54]
loss : 1.175e-02  mse_pde 2.688e-04  mse_ic 5.299e-03  mse_in 6.186e-03  mse_out 9.632e-08:   2%|▏         | 611/25000 [00:36<23:44]
loss : 1.181e-02  mse_pde 2.943e-04  mse_ic 5.368e-03  mse_in 6.149e-03  mse_out 9.865e-08:   2%|▏         | 611/25000 [00:36<23:44]
loss : 1.181e-02  mse_pde 2.943e-04  mse_ic 5.368e-03  mse_in 6.149e-03  mse_out 9.865e-08:   2%|▏         | 611/25000 [00:36<23:44]
loss : 1.194e-02  mse_pde 5.172e-04  mse_ic 5.632e-03  mse_in 5.787e-03  mse_out 1.004e-07:   2%|▏         | 611/25000 [00:36<23:44]
loss : 1.194e-02  mse_pde 5.172e-04  mse_ic 5.632e-03  mse_in 5.787e-03  mse_out 1.004e-07:   2%|▏         | 611/25000 [00:36<23:44]
loss : 1.194e-02  mse_pde 5.172e-04  mse_ic 5.632e-03  mse_in 5.787e-03  mse_out 1.004e-07:   2%|▏         | 613/25000 [00:37<23:36]
loss : 1.191e-02  mse_pde 4.245e-04  mse_ic 5.565e-03  mse_in 5.922e-03  mse_out 1.001e-07:   2%|▏         | 613/25000 [00:37<23:36]
loss : 1.191e-02  mse_pde 4.245e-04  mse_ic 5.565e-03  mse_in 5.922e-03  mse_out 1.001e-07:   2%|▏         | 613/25000 [00:37<23:36]
loss : 1.162e-02  mse_pde 1.625e-04  mse_ic 5.519e-03  mse_in 5.942e-03  mse_out 9.580e-08:   2%|▏         | 613/25000 [00:37<23:36]
loss : 1.162e-02  mse_pde 1.625e-04  mse_ic 5.519e-03  mse_in 5.942e-03  mse_out 9.580e-08:   2%|▏         | 613/25000 [00:37<23:36]
loss : 1.162e-02  mse_pde 1.625e-04  mse_ic 5.519e-03  mse_in 5.942e-03  mse_out 9.580e-08:   2%|▏         | 615/25000 [00:37<23:33]
loss : 1.185e-02  mse_pde 4.078e-04  mse_ic 5.455e-03  mse_in 5.989e-03  mse_out 9.241e-08:   2%|▏         | 615/25000 [00:37<23:33]
loss : 1.185e-02  mse_pde 4.078e-04  mse_ic 5.455e-03  mse_in 5.989e-03  mse_out 9.241e-08:   2%|▏         | 615/25000 [00:37<23:33]
loss : 1.194e-02  mse_pde 4.255e-04  mse_ic 5.444e-03  mse_in 6.067e-03  mse_out 9.342e-08:   2%|▏         | 615/25000 [00:37<23:33]
loss : 1.194e-02  mse_pde 4.255e-04  mse_ic 5.444e-03  mse_in 6.067e-03  mse_out 9.342e-08:   2%|▏         | 615/25000 [00:37<23:33]
loss : 1.194e-02  mse_pde 4.255e-04  mse_ic 5.444e-03  mse_in 6.067e-03  mse_out 9.342e-08:   2%|▏         | 617/25000 [00:37<23:36]
loss : 1.161e-02  mse_pde 1.638e-04  mse_ic 5.624e-03  mse_in 5.826e-03  mse_out 9.631e-08:   2%|▏         | 617/25000 [00:37<23:36]
loss : 1.161e-02  mse_pde 1.638e-04  mse_ic 5.624e-03  mse_in 5.826e-03  mse_out 9.631e-08:   2%|▏         | 617/25000 [00:37<23:36]
loss : 1.195e-02  mse_pde 5.570e-04  mse_ic 5.686e-03  mse_in 5.711e-03  mse_out 9.899e-08:   2%|▏         | 617/25000 [00:37<23:36]
loss : 1.195e-02  mse_pde 5.570e-04  mse_ic 5.686e-03  mse_in 5.711e-03  mse_out 9.899e-08:   2%|▏         | 617/25000 [00:37<23:36]
loss : 1.184e-02  mse_pde 3.674e-04  mse_ic 5.457e-03  mse_in 6.015e-03  mse_out 9.950e-08:   2%|▏         | 617/25000 [00:37<23:36]
loss : 1.184e-02  mse_pde 3.674e-04  mse_ic 5.457e-03  mse_in 6.015e-03  mse_out 9.950e-08:   2%|▏         | 617/25000 [00:37<23:36]
loss : 1.184e-02  mse_pde 3.674e-04  mse_ic 5.457e-03  mse_in 6.015e-03  mse_out 9.950e-08:   2%|▏         | 620/25000 [00:37<22:58]
loss : 1.169e-02  mse_pde 2.155e-04  mse_ic 5.324e-03  mse_in 6.146e-03  mse_out 9.625e-08:   2%|▏         | 620/25000 [00:37<22:58]
loss : 1.169e-02  mse_pde 2.155e-04  mse_ic 5.324e-03  mse_in 6.146e-03  mse_out 9.625e-08:   2%|▏         | 620/25000 [00:37<22:58]
loss : 1.200e-02  mse_pde 5.951e-04  mse_ic 5.385e-03  mse_in 6.020e-03  mse_out 9.270e-08:   2%|▏         | 620/25000 [00:37<22:58]
loss : 1.200e-02  mse_pde 5.951e-04  mse_ic 5.385e-03  mse_in 6.020e-03  mse_out 9.270e-08:   2%|▏         | 620/25000 [00:37<22:58]
loss : 1.200e-02  mse_pde 5.951e-04  mse_ic 5.385e-03  mse_in 6.020e-03  mse_out 9.270e-08:   2%|▏         | 622/25000 [00:37<23:28]
loss : 1.162e-02  mse_pde 1.825e-04  mse_ic 5.591e-03  mse_in 5.852e-03  mse_out 9.245e-08:   2%|▏         | 622/25000 [00:37<23:28]
loss : 1.162e-02  mse_pde 1.825e-04  mse_ic 5.591e-03  mse_in 5.852e-03  mse_out 9.245e-08:   2%|▏         | 622/25000 [00:37<23:28]
loss : 1.188e-02  mse_pde 4.171e-04  mse_ic 5.735e-03  mse_in 5.725e-03  mse_out 9.352e-08:   2%|▏         | 622/25000 [00:37<23:28]
loss : 1.188e-02  mse_pde 4.171e-04  mse_ic 5.735e-03  mse_in 5.725e-03  mse_out 9.352e-08:   2%|▏         | 622/25000 [00:37<23:28]
loss : 1.188e-02  mse_pde 4.171e-04  mse_ic 5.735e-03  mse_in 5.725e-03  mse_out 9.352e-08:   2%|▏         | 624/25000 [00:37<23:57]
loss : 1.169e-02  mse_pde 2.742e-04  mse_ic 5.809e-03  mse_in 5.609e-03  mse_out 9.428e-08:   2%|▏         | 624/25000 [00:37<23:57]
loss : 1.169e-02  mse_pde 2.742e-04  mse_ic 5.809e-03  mse_in 5.609e-03  mse_out 9.428e-08:   2%|▏         | 624/25000 [00:37<23:57]
loss : 1.173e-02  mse_pde 3.044e-04  mse_ic 5.603e-03  mse_in 5.819e-03  mse_out 9.491e-08:   2%|▏         | 624/25000 [00:37<23:57]
loss : 1.173e-02  mse_pde 3.044e-04  mse_ic 5.603e-03  mse_in 5.819e-03  mse_out 9.491e-08:   2%|▏         | 624/25000 [00:37<23:57]
loss : 1.173e-02  mse_pde 3.044e-04  mse_ic 5.603e-03  mse_in 5.819e-03  mse_out 9.491e-08:   3%|▎         | 626/25000 [00:37<24:16]
loss : 1.180e-02  mse_pde 3.223e-04  mse_ic 5.399e-03  mse_in 6.082e-03  mse_out 9.613e-08:   3%|▎         | 626/25000 [00:37<24:16]
loss : 1.180e-02  mse_pde 3.223e-04  mse_ic 5.399e-03  mse_in 6.082e-03  mse_out 9.613e-08:   3%|▎         | 626/25000 [00:37<24:16]
loss : 1.163e-02  mse_pde 1.862e-04  mse_ic 5.455e-03  mse_in 5.990e-03  mse_out 9.740e-08:   3%|▎         | 626/25000 [00:37<24:16]
loss : 1.163e-02  mse_pde 1.862e-04  mse_ic 5.455e-03  mse_in 5.990e-03  mse_out 9.740e-08:   3%|▎         | 626/25000 [00:37<24:16]
loss : 1.163e-02  mse_pde 1.862e-04  mse_ic 5.455e-03  mse_in 5.990e-03  mse_out 9.740e-08:   3%|▎         | 628/25000 [00:37<24:25]
loss : 1.182e-02  mse_pde 4.517e-04  mse_ic 5.635e-03  mse_in 5.732e-03  mse_out 9.874e-08:   3%|▎         | 628/25000 [00:37<24:25]
loss : 1.182e-02  mse_pde 4.517e-04  mse_ic 5.635e-03  mse_in 5.732e-03  mse_out 9.874e-08:   3%|▎         | 628/25000 [00:37<24:25]
loss : 1.161e-02  mse_pde 2.296e-04  mse_ic 5.621e-03  mse_in 5.764e-03  mse_out 1.003e-07:   3%|▎         | 628/25000 [00:37<24:25]
loss : 1.161e-02  mse_pde 2.296e-04  mse_ic 5.621e-03  mse_in 5.764e-03  mse_out 1.003e-07:   3%|▎         | 628/25000 [00:37<24:25]
loss : 1.161e-02  mse_pde 2.296e-04  mse_ic 5.621e-03  mse_in 5.764e-03  mse_out 1.003e-07:   3%|▎         | 630/25000 [00:38<24:29]
loss : 1.176e-02  mse_pde 3.440e-04  mse_ic 5.418e-03  mse_in 6.002e-03  mse_out 1.007e-07:   3%|▎         | 630/25000 [00:38<24:29]
loss : 1.176e-02  mse_pde 3.440e-04  mse_ic 5.418e-03  mse_in 6.002e-03  mse_out 1.007e-07:   3%|▎         | 630/25000 [00:38<24:29]
loss : 1.163e-02  mse_pde 2.287e-04  mse_ic 5.252e-03  mse_in 6.149e-03  mse_out 9.998e-08:   3%|▎         | 630/25000 [00:38<24:29]
loss : 1.163e-02  mse_pde 2.287e-04  mse_ic 5.252e-03  mse_in 6.149e-03  mse_out 9.998e-08:   3%|▎         | 630/25000 [00:38<24:29]
loss : 1.163e-02  mse_pde 2.287e-04  mse_ic 5.252e-03  mse_in 6.149e-03  mse_out 9.998e-08:   3%|▎         | 632/25000 [00:38<24:52]
loss : 1.168e-02  mse_pde 2.837e-04  mse_ic 5.314e-03  mse_in 6.080e-03  mse_out 9.998e-08:   3%|▎         | 632/25000 [00:38<24:52]
loss : 1.168e-02  mse_pde 2.837e-04  mse_ic 5.314e-03  mse_in 6.080e-03  mse_out 9.998e-08:   3%|▎         | 632/25000 [00:38<24:52]
loss : 1.168e-02  mse_pde 2.563e-04  mse_ic 5.546e-03  mse_in 5.878e-03  mse_out 1.002e-07:   3%|▎         | 632/25000 [00:38<24:52]
loss : 1.168e-02  mse_pde 2.563e-04  mse_ic 5.546e-03  mse_in 5.878e-03  mse_out 1.002e-07:   3%|▎         | 632/25000 [00:38<24:52]
loss : 1.168e-02  mse_pde 2.563e-04  mse_ic 5.546e-03  mse_in 5.878e-03  mse_out 1.002e-07:   3%|▎         | 634/25000 [00:38<24:58]
loss : 1.161e-02  mse_pde 2.019e-04  mse_ic 5.780e-03  mse_in 5.629e-03  mse_out 9.854e-08:   3%|▎         | 634/25000 [00:38<24:58]
loss : 1.161e-02  mse_pde 2.019e-04  mse_ic 5.780e-03  mse_in 5.629e-03  mse_out 9.854e-08:   3%|▎         | 634/25000 [00:38<24:58]
loss : 1.173e-02  mse_pde 3.510e-04  mse_ic 5.811e-03  mse_in 5.571e-03  mse_out 9.612e-08:   3%|▎         | 634/25000 [00:38<24:58]
loss : 1.173e-02  mse_pde 3.510e-04  mse_ic 5.811e-03  mse_in 5.571e-03  mse_out 9.612e-08:   3%|▎         | 634/25000 [00:38<24:58]
loss : 1.173e-02  mse_pde 3.510e-04  mse_ic 5.811e-03  mse_in 5.571e-03  mse_out 9.612e-08:   3%|▎         | 636/25000 [00:38<23:46]
loss : 1.156e-02  mse_pde 1.487e-04  mse_ic 5.544e-03  mse_in 5.870e-03  mse_out 9.571e-08:   3%|▎         | 636/25000 [00:38<23:46]
loss : 1.156e-02  mse_pde 1.487e-04  mse_ic 5.544e-03  mse_in 5.870e-03  mse_out 9.571e-08:   3%|▎         | 636/25000 [00:38<23:46]
loss : 1.169e-02  mse_pde 2.599e-04  mse_ic 5.352e-03  mse_in 6.075e-03  mse_out 9.823e-08:   3%|▎         | 636/25000 [00:38<23:46]
loss : 1.169e-02  mse_pde 2.599e-04  mse_ic 5.352e-03  mse_in 6.075e-03  mse_out 9.823e-08:   3%|▎         | 636/25000 [00:38<23:46]
loss : 1.169e-02  mse_pde 2.599e-04  mse_ic 5.352e-03  mse_in 6.075e-03  mse_out 9.823e-08:   3%|▎         | 638/25000 [00:38<23:47]
loss : 1.160e-02  mse_pde 2.371e-04  mse_ic 5.387e-03  mse_in 5.978e-03  mse_out 1.025e-07:   3%|▎         | 638/25000 [00:38<23:47]
loss : 1.160e-02  mse_pde 2.371e-04  mse_ic 5.387e-03  mse_in 5.978e-03  mse_out 1.025e-07:   3%|▎         | 638/25000 [00:38<23:47]
loss : 1.157e-02  mse_pde 2.263e-04  mse_ic 5.534e-03  mse_in 5.809e-03  mse_out 1.063e-07:   3%|▎         | 638/25000 [00:38<23:47]
loss : 1.157e-02  mse_pde 2.263e-04  mse_ic 5.534e-03  mse_in 5.809e-03  mse_out 1.063e-07:   3%|▎         | 638/25000 [00:38<23:47]
loss : 1.157e-02  mse_pde 2.263e-04  mse_ic 5.534e-03  mse_in 5.809e-03  mse_out 1.063e-07:   3%|▎         | 640/25000 [00:38<23:57]
loss : 1.168e-02  mse_pde 3.128e-04  mse_ic 5.554e-03  mse_in 5.811e-03  mse_out 1.068e-07:   3%|▎         | 640/25000 [00:38<23:57]
loss : 1.168e-02  mse_pde 3.128e-04  mse_ic 5.554e-03  mse_in 5.811e-03  mse_out 1.068e-07:   3%|▎         | 640/25000 [00:38<23:57]
loss : 1.154e-02  mse_pde 1.820e-04  mse_ic 5.450e-03  mse_in 5.903e-03  mse_out 1.039e-07:   3%|▎         | 640/25000 [00:38<23:57]
loss : 1.154e-02  mse_pde 1.820e-04  mse_ic 5.450e-03  mse_in 5.903e-03  mse_out 1.039e-07:   3%|▎         | 640/25000 [00:38<23:57]
loss : 1.162e-02  mse_pde 2.645e-04  mse_ic 5.289e-03  mse_in 6.070e-03  mse_out 1.017e-07:   3%|▎         | 640/25000 [00:38<23:57]
loss : 1.162e-02  mse_pde 2.645e-04  mse_ic 5.289e-03  mse_in 6.070e-03  mse_out 1.017e-07:   3%|▎         | 640/25000 [00:38<23:57]
loss : 1.162e-02  mse_pde 2.645e-04  mse_ic 5.289e-03  mse_in 6.070e-03  mse_out 1.017e-07:   3%|▎         | 643/25000 [00:38<22:21]
loss : 1.163e-02  mse_pde 2.332e-04  mse_ic 5.269e-03  mse_in 6.129e-03  mse_out 1.017e-07:   3%|▎         | 643/25000 [00:38<22:21]
loss : 1.163e-02  mse_pde 2.332e-04  mse_ic 5.269e-03  mse_in 6.129e-03  mse_out 1.017e-07:   3%|▎         | 643/25000 [00:38<22:21]
loss : 1.151e-02  mse_pde 1.527e-04  mse_ic 5.422e-03  mse_in 5.937e-03  mse_out 1.008e-07:   3%|▎         | 643/25000 [00:38<22:21]
loss : 1.151e-02  mse_pde 1.527e-04  mse_ic 5.422e-03  mse_in 5.937e-03  mse_out 1.008e-07:   3%|▎         | 643/25000 [00:38<22:21]
loss : 1.151e-02  mse_pde 1.527e-04  mse_ic 5.422e-03  mse_in 5.937e-03  mse_out 1.008e-07:   3%|▎         | 645/25000 [00:38<22:26]
loss : 1.165e-02  mse_pde 3.314e-04  mse_ic 5.578e-03  mse_in 5.742e-03  mse_out 9.762e-08:   3%|▎         | 645/25000 [00:38<22:26]
loss : 1.165e-02  mse_pde 3.314e-04  mse_ic 5.578e-03  mse_in 5.742e-03  mse_out 9.762e-08:   3%|▎         | 645/25000 [00:38<22:26]
loss : 1.160e-02  mse_pde 2.391e-04  mse_ic 5.521e-03  mse_in 5.838e-03  mse_out 9.407e-08:   3%|▎         | 645/25000 [00:38<22:26]
loss : 1.160e-02  mse_pde 2.391e-04  mse_ic 5.521e-03  mse_in 5.838e-03  mse_out 9.407e-08:   3%|▎         | 645/25000 [00:38<22:26]
loss : 1.160e-02  mse_pde 2.391e-04  mse_ic 5.521e-03  mse_in 5.838e-03  mse_out 9.407e-08:   3%|▎         | 647/25000 [00:38<22:21]
loss : 1.152e-02  mse_pde 1.626e-04  mse_ic 5.424e-03  mse_in 5.931e-03  mse_out 9.232e-08:   3%|▎         | 647/25000 [00:39<22:21]
loss : 1.152e-02  mse_pde 1.626e-04  mse_ic 5.424e-03  mse_in 5.931e-03  mse_out 9.232e-08:   3%|▎         | 647/25000 [00:39<22:21]
loss : 1.166e-02  mse_pde 3.357e-04  mse_ic 5.366e-03  mse_in 5.961e-03  mse_out 9.464e-08:   3%|▎         | 647/25000 [00:39<22:21]
loss : 1.166e-02  mse_pde 3.357e-04  mse_ic 5.366e-03  mse_in 5.961e-03  mse_out 9.464e-08:   3%|▎         | 647/25000 [00:39<22:21]
loss : 1.166e-02  mse_pde 3.357e-04  mse_ic 5.366e-03  mse_in 5.961e-03  mse_out 9.464e-08:   3%|▎         | 649/25000 [00:39<23:06]
loss : 1.157e-02  mse_pde 2.159e-04  mse_ic 5.387e-03  mse_in 5.969e-03  mse_out 1.012e-07:   3%|▎         | 649/25000 [00:39<23:06]
loss : 1.157e-02  mse_pde 2.159e-04  mse_ic 5.387e-03  mse_in 5.969e-03  mse_out 1.012e-07:   3%|▎         | 649/25000 [00:39<23:06]
loss : 1.150e-02  mse_pde 1.759e-04  mse_ic 5.483e-03  mse_in 5.845e-03  mse_out 1.071e-07:   3%|▎         | 649/25000 [00:39<23:06]
loss : 1.150e-02  mse_pde 1.759e-04  mse_ic 5.483e-03  mse_in 5.845e-03  mse_out 1.071e-07:   3%|▎         | 649/25000 [00:39<23:06]
loss : 1.150e-02  mse_pde 1.759e-04  mse_ic 5.483e-03  mse_in 5.845e-03  mse_out 1.071e-07:   3%|▎         | 651/25000 [00:39<23:41]
loss : 1.166e-02  mse_pde 3.677e-04  mse_ic 5.498e-03  mse_in 5.795e-03  mse_out 1.079e-07:   3%|▎         | 651/25000 [00:39<23:41]
loss : 1.166e-02  mse_pde 3.677e-04  mse_ic 5.498e-03  mse_in 5.795e-03  mse_out 1.079e-07:   3%|▎         | 651/25000 [00:39<23:41]
loss : 1.159e-02  mse_pde 2.411e-04  mse_ic 5.362e-03  mse_in 5.982e-03  mse_out 1.046e-07:   3%|▎         | 651/25000 [00:39<23:41]
loss : 1.159e-02  mse_pde 2.411e-04  mse_ic 5.362e-03  mse_in 5.982e-03  mse_out 1.046e-07:   3%|▎         | 651/25000 [00:39<23:41]
loss : 1.159e-02  mse_pde 2.411e-04  mse_ic 5.362e-03  mse_in 5.982e-03  mse_out 1.046e-07:   3%|▎         | 653/25000 [00:39<23:52]
loss : 1.149e-02  mse_pde 1.565e-04  mse_ic 5.294e-03  mse_in 6.040e-03  mse_out 1.000e-07:   3%|▎         | 653/25000 [00:39<23:52]
loss : 1.149e-02  mse_pde 1.565e-04  mse_ic 5.294e-03  mse_in 6.040e-03  mse_out 1.000e-07:   3%|▎         | 653/25000 [00:39<23:52]
loss : 1.164e-02  mse_pde 3.501e-04  mse_ic 5.350e-03  mse_in 5.943e-03  mse_out 9.797e-08:   3%|▎         | 653/25000 [00:39<23:52]
loss : 1.164e-02  mse_pde 3.501e-04  mse_ic 5.350e-03  mse_in 5.943e-03  mse_out 9.797e-08:   3%|▎         | 653/25000 [00:39<23:52]
loss : 1.164e-02  mse_pde 3.501e-04  mse_ic 5.350e-03  mse_in 5.943e-03  mse_out 9.797e-08:   3%|▎         | 655/25000 [00:39<24:22]
loss : 1.160e-02  mse_pde 2.752e-04  mse_ic 5.470e-03  mse_in 5.851e-03  mse_out 9.932e-08:   3%|▎         | 655/25000 [00:39<24:22]
loss : 1.160e-02  mse_pde 2.752e-04  mse_ic 5.470e-03  mse_in 5.851e-03  mse_out 9.932e-08:   3%|▎         | 655/25000 [00:39<24:22]
loss : 1.148e-02  mse_pde 1.779e-04  mse_ic 5.570e-03  mse_in 5.731e-03  mse_out 1.004e-07:   3%|▎         | 655/25000 [00:39<24:22]
loss : 1.148e-02  mse_pde 1.779e-04  mse_ic 5.570e-03  mse_in 5.731e-03  mse_out 1.004e-07:   3%|▎         | 655/25000 [00:39<24:22]
loss : 1.148e-02  mse_pde 1.779e-04  mse_ic 5.570e-03  mse_in 5.731e-03  mse_out 1.004e-07:   3%|▎         | 657/25000 [00:39<24:30]
loss : 1.164e-02  mse_pde 3.604e-04  mse_ic 5.524e-03  mse_in 5.758e-03  mse_out 9.997e-08:   3%|▎         | 657/25000 [00:39<24:30]
loss : 1.164e-02  mse_pde 3.604e-04  mse_ic 5.524e-03  mse_in 5.758e-03  mse_out 9.997e-08:   3%|▎         | 657/25000 [00:39<24:30]
loss : 1.160e-02  mse_pde 2.552e-04  mse_ic 5.380e-03  mse_in 5.960e-03  mse_out 9.940e-08:   3%|▎         | 657/25000 [00:39<24:30]
loss : 1.160e-02  mse_pde 2.552e-04  mse_ic 5.380e-03  mse_in 5.960e-03  mse_out 9.940e-08:   3%|▎         | 657/25000 [00:39<24:30]
loss : 1.160e-02  mse_pde 2.552e-04  mse_ic 5.380e-03  mse_in 5.960e-03  mse_out 9.940e-08:   3%|▎         | 659/25000 [00:39<24:26]
loss : 1.147e-02  mse_pde 1.446e-04  mse_ic 5.406e-03  mse_in 5.915e-03  mse_out 9.941e-08:   3%|▎         | 659/25000 [00:39<24:26]
loss : 1.147e-02  mse_pde 1.446e-04  mse_ic 5.406e-03  mse_in 5.915e-03  mse_out 9.941e-08:   3%|▎         | 659/25000 [00:39<24:26]
loss : 1.165e-02  mse_pde 3.826e-04  mse_ic 5.524e-03  mse_in 5.745e-03  mse_out 1.011e-07:   3%|▎         | 659/25000 [00:39<24:26]
loss : 1.165e-02  mse_pde 3.826e-04  mse_ic 5.524e-03  mse_in 5.745e-03  mse_out 1.011e-07:   3%|▎         | 659/25000 [00:39<24:26]
loss : 1.165e-02  mse_pde 3.826e-04  mse_ic 5.524e-03  mse_in 5.745e-03  mse_out 1.011e-07:   3%|▎         | 661/25000 [00:39<24:38]
loss : 1.158e-02  mse_pde 2.825e-04  mse_ic 5.512e-03  mse_in 5.784e-03  mse_out 1.041e-07:   3%|▎         | 661/25000 [00:39<24:38]
loss : 1.158e-02  mse_pde 2.825e-04  mse_ic 5.512e-03  mse_in 5.784e-03  mse_out 1.041e-07:   3%|▎         | 661/25000 [00:39<24:38]
loss : 1.145e-02  mse_pde 1.714e-04  mse_ic 5.403e-03  mse_in 5.875e-03  mse_out 1.052e-07:   3%|▎         | 661/25000 [00:39<24:38]
loss : 1.145e-02  mse_pde 1.714e-04  mse_ic 5.403e-03  mse_in 5.875e-03  mse_out 1.052e-07:   3%|▎         | 661/25000 [00:39<24:38]
loss : 1.145e-02  mse_pde 1.714e-04  mse_ic 5.403e-03  mse_in 5.875e-03  mse_out 1.052e-07:   3%|▎         | 663/25000 [00:39<24:56]
loss : 1.169e-02  mse_pde 4.400e-04  mse_ic 5.254e-03  mse_in 5.999e-03  mse_out 1.044e-07:   3%|▎         | 663/25000 [00:39<24:56]
loss : 1.169e-02  mse_pde 4.400e-04  mse_ic 5.254e-03  mse_in 5.999e-03  mse_out 1.044e-07:   3%|▎         | 663/25000 [00:39<24:56]
loss : 1.159e-02  mse_pde 2.832e-04  mse_ic 5.291e-03  mse_in 6.014e-03  mse_out 1.046e-07:   3%|▎         | 663/25000 [00:40<24:56]
loss : 1.159e-02  mse_pde 2.832e-04  mse_ic 5.291e-03  mse_in 6.014e-03  mse_out 1.046e-07:   3%|▎         | 663/25000 [00:40<24:56]
loss : 1.159e-02  mse_pde 2.832e-04  mse_ic 5.291e-03  mse_in 6.014e-03  mse_out 1.046e-07:   3%|▎         | 665/25000 [00:40<24:53]
loss : 1.144e-02  mse_pde 1.509e-04  mse_ic 5.477e-03  mse_in 5.809e-03  mse_out 1.048e-07:   3%|▎         | 665/25000 [00:40<24:53]
loss : 1.144e-02  mse_pde 1.509e-04  mse_ic 5.477e-03  mse_in 5.809e-03  mse_out 1.048e-07:   3%|▎         | 665/25000 [00:40<24:53]
loss : 1.170e-02  mse_pde 4.549e-04  mse_ic 5.654e-03  mse_in 5.596e-03  mse_out 1.053e-07:   3%|▎         | 665/25000 [00:40<24:53]
loss : 1.170e-02  mse_pde 4.549e-04  mse_ic 5.654e-03  mse_in 5.596e-03  mse_out 1.053e-07:   3%|▎         | 665/25000 [00:40<24:53]
loss : 1.170e-02  mse_pde 4.549e-04  mse_ic 5.654e-03  mse_in 5.596e-03  mse_out 1.053e-07:   3%|▎         | 667/25000 [00:40<24:59]
loss : 1.150e-02  mse_pde 2.054e-04  mse_ic 5.588e-03  mse_in 5.704e-03  mse_out 1.061e-07:   3%|▎         | 667/25000 [00:40<24:59]
loss : 1.150e-02  mse_pde 2.054e-04  mse_ic 5.588e-03  mse_in 5.704e-03  mse_out 1.061e-07:   3%|▎         | 667/25000 [00:40<24:59]
loss : 1.151e-02  mse_pde 2.130e-04  mse_ic 5.488e-03  mse_in 5.806e-03  mse_out 1.055e-07:   3%|▎         | 667/25000 [00:40<24:59]
loss : 1.151e-02  mse_pde 2.130e-04  mse_ic 5.488e-03  mse_in 5.806e-03  mse_out 1.055e-07:   3%|▎         | 667/25000 [00:40<24:59]
loss : 1.151e-02  mse_pde 2.130e-04  mse_ic 5.488e-03  mse_in 5.806e-03  mse_out 1.055e-07:   3%|▎         | 669/25000 [00:40<24:50]
loss : 1.166e-02  mse_pde 4.159e-04  mse_ic 5.462e-03  mse_in 5.785e-03  mse_out 1.041e-07:   3%|▎         | 669/25000 [00:40<24:50]
loss : 1.166e-02  mse_pde 4.159e-04  mse_ic 5.462e-03  mse_in 5.785e-03  mse_out 1.041e-07:   3%|▎         | 669/25000 [00:40<24:50]
loss : 1.141e-02  mse_pde 1.385e-04  mse_ic 5.495e-03  mse_in 5.773e-03  mse_out 1.039e-07:   3%|▎         | 669/25000 [00:40<24:50]
loss : 1.141e-02  mse_pde 1.385e-04  mse_ic 5.495e-03  mse_in 5.773e-03  mse_out 1.039e-07:   3%|▎         | 669/25000 [00:40<24:50]
loss : 1.141e-02  mse_pde 1.385e-04  mse_ic 5.495e-03  mse_in 5.773e-03  mse_out 1.039e-07:   3%|▎         | 671/25000 [00:40<24:44]
loss : 1.156e-02  mse_pde 2.884e-04  mse_ic 5.521e-03  mse_in 5.750e-03  mse_out 1.043e-07:   3%|▎         | 671/25000 [00:40<24:44]
loss : 1.156e-02  mse_pde 2.884e-04  mse_ic 5.521e-03  mse_in 5.750e-03  mse_out 1.043e-07:   3%|▎         | 671/25000 [00:40<24:44]
loss : 1.153e-02  mse_pde 3.062e-04  mse_ic 5.513e-03  mse_in 5.713e-03  mse_out 1.050e-07:   3%|▎         | 671/25000 [00:40<24:44]
loss : 1.153e-02  mse_pde 3.062e-04  mse_ic 5.513e-03  mse_in 5.713e-03  mse_out 1.050e-07:   3%|▎         | 671/25000 [00:40<24:44]
loss : 1.153e-02  mse_pde 3.062e-04  mse_ic 5.513e-03  mse_in 5.713e-03  mse_out 1.050e-07:   3%|▎         | 673/25000 [00:40<24:37]
loss : 1.139e-02  mse_pde 1.461e-04  mse_ic 5.393e-03  mse_in 5.850e-03  mse_out 1.071e-07:   3%|▎         | 673/25000 [00:40<24:37]
loss : 1.139e-02  mse_pde 1.461e-04  mse_ic 5.393e-03  mse_in 5.850e-03  mse_out 1.071e-07:   3%|▎         | 673/25000 [00:40<24:37]
loss : 1.157e-02  mse_pde 2.987e-04  mse_ic 5.303e-03  mse_in 5.968e-03  mse_out 1.094e-07:   3%|▎         | 673/25000 [00:40<24:37]
loss : 1.157e-02  mse_pde 2.987e-04  mse_ic 5.303e-03  mse_in 5.968e-03  mse_out 1.094e-07:   3%|▎         | 673/25000 [00:40<24:37]
loss : 1.157e-02  mse_pde 2.987e-04  mse_ic 5.303e-03  mse_in 5.968e-03  mse_out 1.094e-07:   3%|▎         | 675/25000 [00:40<24:42]
loss : 1.144e-02  mse_pde 2.067e-04  mse_ic 5.345e-03  mse_in 5.885e-03  mse_out 1.095e-07:   3%|▎         | 675/25000 [00:40<24:42]
loss : 1.144e-02  mse_pde 2.067e-04  mse_ic 5.345e-03  mse_in 5.885e-03  mse_out 1.095e-07:   3%|▎         | 675/25000 [00:40<24:42]
loss : 1.141e-02  mse_pde 1.889e-04  mse_ic 5.479e-03  mse_in 5.745e-03  mse_out 1.077e-07:   3%|▎         | 675/25000 [00:40<24:42]
loss : 1.141e-02  mse_pde 1.889e-04  mse_ic 5.479e-03  mse_in 5.745e-03  mse_out 1.077e-07:   3%|▎         | 675/25000 [00:40<24:42]
loss : 1.141e-02  mse_pde 1.889e-04  mse_ic 5.479e-03  mse_in 5.745e-03  mse_out 1.077e-07:   3%|▎         | 677/25000 [00:40<24:52]
loss : 1.154e-02  mse_pde 2.850e-04  mse_ic 5.522e-03  mse_in 5.730e-03  mse_out 1.047e-07:   3%|▎         | 677/25000 [00:40<24:52]
loss : 1.154e-02  mse_pde 2.850e-04  mse_ic 5.522e-03  mse_in 5.730e-03  mse_out 1.047e-07:   3%|▎         | 677/25000 [00:40<24:52]
loss : 1.138e-02  mse_pde 1.536e-04  mse_ic 5.500e-03  mse_in 5.729e-03  mse_out 1.017e-07:   3%|▎         | 677/25000 [00:40<24:52]
loss : 1.138e-02  mse_pde 1.536e-04  mse_ic 5.500e-03  mse_in 5.729e-03  mse_out 1.017e-07:   3%|▎         | 677/25000 [00:40<24:52]
loss : 1.138e-02  mse_pde 1.536e-04  mse_ic 5.500e-03  mse_in 5.729e-03  mse_out 1.017e-07:   3%|▎         | 679/25000 [00:40<24:47]
loss : 1.145e-02  mse_pde 2.248e-04  mse_ic 5.417e-03  mse_in 5.806e-03  mse_out 1.015e-07:   3%|▎         | 679/25000 [00:40<24:47]
loss : 1.145e-02  mse_pde 2.248e-04  mse_ic 5.417e-03  mse_in 5.806e-03  mse_out 1.015e-07:   3%|▎         | 679/25000 [00:40<24:47]
loss : 1.153e-02  mse_pde 2.761e-04  mse_ic 5.401e-03  mse_in 5.849e-03  mse_out 1.044e-07:   3%|▎         | 679/25000 [00:41<24:47]
loss : 1.153e-02  mse_pde 2.761e-04  mse_ic 5.401e-03  mse_in 5.849e-03  mse_out 1.044e-07:   3%|▎         | 679/25000 [00:41<24:47]
loss : 1.153e-02  mse_pde 2.761e-04  mse_ic 5.401e-03  mse_in 5.849e-03  mse_out 1.044e-07:   3%|▎         | 681/25000 [00:41<24:51]
loss : 1.136e-02  mse_pde 1.477e-04  mse_ic 5.482e-03  mse_in 5.733e-03  mse_out 1.067e-07:   3%|▎         | 681/25000 [00:41<24:51]
loss : 1.136e-02  mse_pde 1.477e-04  mse_ic 5.482e-03  mse_in 5.733e-03  mse_out 1.067e-07:   3%|▎         | 681/25000 [00:41<24:51]
loss : 1.145e-02  mse_pde 2.524e-04  mse_ic 5.478e-03  mse_in 5.719e-03  mse_out 1.073e-07:   3%|▎         | 681/25000 [00:41<24:51]
loss : 1.145e-02  mse_pde 2.524e-04  mse_ic 5.478e-03  mse_in 5.719e-03  mse_out 1.073e-07:   3%|▎         | 681/25000 [00:41<24:51]
loss : 1.145e-02  mse_pde 2.524e-04  mse_ic 5.478e-03  mse_in 5.719e-03  mse_out 1.073e-07:   3%|▎         | 683/25000 [00:41<24:50]
loss : 1.153e-02  mse_pde 3.001e-04  mse_ic 5.367e-03  mse_in 5.865e-03  mse_out 1.072e-07:   3%|▎         | 683/25000 [00:41<24:50]
loss : 1.153e-02  mse_pde 3.001e-04  mse_ic 5.367e-03  mse_in 5.865e-03  mse_out 1.072e-07:   3%|▎         | 683/25000 [00:41<24:50]
loss : 1.136e-02  mse_pde 1.545e-04  mse_ic 5.301e-03  mse_in 5.903e-03  mse_out 1.071e-07:   3%|▎         | 683/25000 [00:41<24:50]
loss : 1.136e-02  mse_pde 1.545e-04  mse_ic 5.301e-03  mse_in 5.903e-03  mse_out 1.071e-07:   3%|▎         | 683/25000 [00:41<24:50]
loss : 1.136e-02  mse_pde 1.545e-04  mse_ic 5.301e-03  mse_in 5.903e-03  mse_out 1.071e-07:   3%|▎         | 685/25000 [00:41<24:41]
loss : 1.142e-02  mse_pde 2.332e-04  mse_ic 5.333e-03  mse_in 5.852e-03  mse_out 1.085e-07:   3%|▎         | 685/25000 [00:41<24:41]
loss : 1.142e-02  mse_pde 2.332e-04  mse_ic 5.333e-03  mse_in 5.852e-03  mse_out 1.085e-07:   3%|▎         | 685/25000 [00:41<24:41]
loss : 1.155e-02  mse_pde 3.375e-04  mse_ic 5.417e-03  mse_in 5.797e-03  mse_out 1.097e-07:   3%|▎         | 685/25000 [00:41<24:41]
loss : 1.155e-02  mse_pde 3.375e-04  mse_ic 5.417e-03  mse_in 5.797e-03  mse_out 1.097e-07:   3%|▎         | 685/25000 [00:41<24:41]
loss : 1.155e-02  mse_pde 3.375e-04  mse_ic 5.417e-03  mse_in 5.797e-03  mse_out 1.097e-07:   3%|▎         | 687/25000 [00:41<24:40]
loss : 1.136e-02  mse_pde 1.765e-04  mse_ic 5.457e-03  mse_in 5.729e-03  mse_out 1.072e-07:   3%|▎         | 687/25000 [00:41<24:40]
loss : 1.136e-02  mse_pde 1.765e-04  mse_ic 5.457e-03  mse_in 5.729e-03  mse_out 1.072e-07:   3%|▎         | 687/25000 [00:41<24:40]
loss : 1.138e-02  mse_pde 1.933e-04  mse_ic 5.409e-03  mse_in 5.782e-03  mse_out 1.039e-07:   3%|▎         | 687/25000 [00:41<24:40]
loss : 1.138e-02  mse_pde 1.933e-04  mse_ic 5.409e-03  mse_in 5.782e-03  mse_out 1.039e-07:   3%|▎         | 687/25000 [00:41<24:40]
loss : 1.138e-02  mse_pde 1.933e-04  mse_ic 5.409e-03  mse_in 5.782e-03  mse_out 1.039e-07:   3%|▎         | 689/25000 [00:41<24:34]
loss : 1.154e-02  mse_pde 3.167e-04  mse_ic 5.410e-03  mse_in 5.814e-03  mse_out 1.034e-07:   3%|▎         | 689/25000 [00:41<24:34]
loss : 1.154e-02  mse_pde 3.167e-04  mse_ic 5.410e-03  mse_in 5.814e-03  mse_out 1.034e-07:   3%|▎         | 689/25000 [00:41<24:34]
loss : 1.137e-02  mse_pde 1.910e-04  mse_ic 5.518e-03  mse_in 5.662e-03  mse_out 1.049e-07:   3%|▎         | 689/25000 [00:41<24:34]
loss : 1.137e-02  mse_pde 1.910e-04  mse_ic 5.518e-03  mse_in 5.662e-03  mse_out 1.049e-07:   3%|▎         | 689/25000 [00:41<24:34]
loss : 1.137e-02  mse_pde 1.910e-04  mse_ic 5.518e-03  mse_in 5.662e-03  mse_out 1.049e-07:   3%|▎         | 691/25000 [00:41<24:46]
loss : 1.135e-02  mse_pde 1.785e-04  mse_ic 5.511e-03  mse_in 5.661e-03  mse_out 1.076e-07:   3%|▎         | 691/25000 [00:41<24:46]
loss : 1.135e-02  mse_pde 1.785e-04  mse_ic 5.511e-03  mse_in 5.661e-03  mse_out 1.076e-07:   3%|▎         | 691/25000 [00:41<24:46]
loss : 1.151e-02  mse_pde 3.108e-04  mse_ic 5.354e-03  mse_in 5.842e-03  mse_out 1.089e-07:   3%|▎         | 691/25000 [00:41<24:46]
loss : 1.151e-02  mse_pde 3.108e-04  mse_ic 5.354e-03  mse_in 5.842e-03  mse_out 1.089e-07:   3%|▎         | 691/25000 [00:41<24:46]
loss : 1.151e-02  mse_pde 3.108e-04  mse_ic 5.354e-03  mse_in 5.842e-03  mse_out 1.089e-07:   3%|▎         | 693/25000 [00:41<24:34]
loss : 1.141e-02  mse_pde 2.523e-04  mse_ic 5.250e-03  mse_in 5.911e-03  mse_out 1.081e-07:   3%|▎         | 693/25000 [00:41<24:34]
loss : 1.141e-02  mse_pde 2.523e-04  mse_ic 5.250e-03  mse_in 5.911e-03  mse_out 1.081e-07:   3%|▎         | 693/25000 [00:41<24:34]
loss : 1.130e-02  mse_pde 1.332e-04  mse_ic 5.355e-03  mse_in 5.810e-03  mse_out 1.089e-07:   3%|▎         | 693/25000 [00:41<24:34]
loss : 1.130e-02  mse_pde 1.332e-04  mse_ic 5.355e-03  mse_in 5.810e-03  mse_out 1.089e-07:   3%|▎         | 693/25000 [00:41<24:34]
loss : 1.130e-02  mse_pde 1.332e-04  mse_ic 5.355e-03  mse_in 5.810e-03  mse_out 1.089e-07:   3%|▎         | 695/25000 [00:41<24:35]
loss : 1.140e-02  mse_pde 2.285e-04  mse_ic 5.432e-03  mse_in 5.740e-03  mse_out 1.101e-07:   3%|▎         | 695/25000 [00:41<24:35]
loss : 1.140e-02  mse_pde 2.285e-04  mse_ic 5.432e-03  mse_in 5.740e-03  mse_out 1.101e-07:   3%|▎         | 695/25000 [00:41<24:35]
loss : 1.143e-02  mse_pde 2.930e-04  mse_ic 5.383e-03  mse_in 5.758e-03  mse_out 1.099e-07:   3%|▎         | 695/25000 [00:42<24:35]
loss : 1.143e-02  mse_pde 2.930e-04  mse_ic 5.383e-03  mse_in 5.758e-03  mse_out 1.099e-07:   3%|▎         | 695/25000 [00:42<24:35]
loss : 1.143e-02  mse_pde 2.930e-04  mse_ic 5.383e-03  mse_in 5.758e-03  mse_out 1.099e-07:   3%|▎         | 697/25000 [00:42<24:39]
loss : 1.133e-02  mse_pde 1.579e-04  mse_ic 5.308e-03  mse_in 5.864e-03  mse_out 1.094e-07:   3%|▎         | 697/25000 [00:42<24:39]
loss : 1.133e-02  mse_pde 1.579e-04  mse_ic 5.308e-03  mse_in 5.864e-03  mse_out 1.094e-07:   3%|▎         | 697/25000 [00:42<24:39]
loss : 1.130e-02  mse_pde 1.298e-04  mse_ic 5.322e-03  mse_in 5.843e-03  mse_out 1.081e-07:   3%|▎         | 697/25000 [00:42<24:39]
loss : 1.130e-02  mse_pde 1.298e-04  mse_ic 5.322e-03  mse_in 5.843e-03  mse_out 1.081e-07:   3%|▎         | 697/25000 [00:42<24:39]
loss : 1.130e-02  mse_pde 1.298e-04  mse_ic 5.322e-03  mse_in 5.843e-03  mse_out 1.081e-07:   3%|▎         | 699/25000 [00:42<24:41]
loss : 1.140e-02  mse_pde 2.613e-04  mse_ic 5.432e-03  mse_in 5.703e-03  mse_out 1.077e-07:   3%|▎         | 699/25000 [00:42<24:41]
loss : 1.140e-02  mse_pde 2.613e-04  mse_ic 5.432e-03  mse_in 5.703e-03  mse_out 1.077e-07:   3%|▎         | 699/25000 [00:42<24:41]
loss : 1.143e-02  mse_pde 2.720e-04  mse_ic 5.504e-03  mse_in 5.657e-03  mse_out 1.095e-07:   3%|▎         | 699/25000 [00:42<24:41]
loss : 1.143e-02  mse_pde 2.720e-04  mse_ic 5.504e-03  mse_in 5.657e-03  mse_out 1.095e-07:   3%|▎         | 699/25000 [00:42<24:41]
loss : 1.143e-02  mse_pde 2.720e-04  mse_ic 5.504e-03  mse_in 5.657e-03  mse_out 1.095e-07:   3%|▎         | 701/25000 [00:42<24:55]
loss : 1.129e-02  mse_pde 1.592e-04  mse_ic 5.451e-03  mse_in 5.684e-03  mse_out 1.113e-07:   3%|▎         | 701/25000 [00:42<24:55]
loss : 1.129e-02  mse_pde 1.592e-04  mse_ic 5.451e-03  mse_in 5.684e-03  mse_out 1.113e-07:   3%|▎         | 701/25000 [00:42<24:55]
loss : 1.129e-02  mse_pde 1.499e-04  mse_ic 5.325e-03  mse_in 5.812e-03  mse_out 1.142e-07:   3%|▎         | 701/25000 [00:42<24:55]
loss : 1.129e-02  mse_pde 1.499e-04  mse_ic 5.325e-03  mse_in 5.812e-03  mse_out 1.142e-07:   3%|▎         | 701/25000 [00:42<24:55]
loss : 1.138e-02  mse_pde 2.272e-04  mse_ic 5.300e-03  mse_in 5.853e-03  mse_out 1.166e-07:   3%|▎         | 701/25000 [00:42<24:55]
loss : 1.138e-02  mse_pde 2.272e-04  mse_ic 5.300e-03  mse_in 5.853e-03  mse_out 1.166e-07:   3%|▎         | 701/25000 [00:42<24:55]
loss : 1.138e-02  mse_pde 2.272e-04  mse_ic 5.300e-03  mse_in 5.853e-03  mse_out 1.166e-07:   3%|▎         | 704/25000 [00:42<22:36]
loss : 1.135e-02  mse_pde 2.391e-04  mse_ic 5.409e-03  mse_in 5.702e-03  mse_out 1.153e-07:   3%|▎         | 704/25000 [00:42<22:36]
loss : 1.135e-02  mse_pde 2.391e-04  mse_ic 5.409e-03  mse_in 5.702e-03  mse_out 1.153e-07:   3%|▎         | 704/25000 [00:42<22:36]
loss : 1.126e-02  mse_pde 1.389e-04  mse_ic 5.396e-03  mse_in 5.729e-03  mse_out 1.137e-07:   3%|▎         | 704/25000 [00:42<22:36]
loss : 1.126e-02  mse_pde 1.389e-04  mse_ic 5.396e-03  mse_in 5.729e-03  mse_out 1.137e-07:   3%|▎         | 704/25000 [00:42<22:36]
loss : 1.126e-02  mse_pde 1.389e-04  mse_ic 5.396e-03  mse_in 5.729e-03  mse_out 1.137e-07:   3%|▎         | 706/25000 [00:42<23:17]
loss : 1.128e-02  mse_pde 1.467e-04  mse_ic 5.297e-03  mse_in 5.834e-03  mse_out 1.131e-07:   3%|▎         | 706/25000 [00:42<23:17]
loss : 1.128e-02  mse_pde 1.467e-04  mse_ic 5.297e-03  mse_in 5.834e-03  mse_out 1.131e-07:   3%|▎         | 706/25000 [00:42<23:17]
loss : 1.136e-02  mse_pde 2.542e-04  mse_ic 5.276e-03  mse_in 5.830e-03  mse_out 1.143e-07:   3%|▎         | 706/25000 [00:42<23:17]
loss : 1.136e-02  mse_pde 2.542e-04  mse_ic 5.276e-03  mse_in 5.830e-03  mse_out 1.143e-07:   3%|▎         | 706/25000 [00:42<23:17]
loss : 1.136e-02  mse_pde 2.542e-04  mse_ic 5.276e-03  mse_in 5.830e-03  mse_out 1.143e-07:   3%|▎         | 708/25000 [00:42<23:37]
loss : 1.138e-02  mse_pde 2.496e-04  mse_ic 5.350e-03  mse_in 5.779e-03  mse_out 1.173e-07:   3%|▎         | 708/25000 [00:42<23:37]
loss : 1.138e-02  mse_pde 2.496e-04  mse_ic 5.350e-03  mse_in 5.779e-03  mse_out 1.173e-07:   3%|▎         | 708/25000 [00:42<23:37]
loss : 1.128e-02  mse_pde 1.776e-04  mse_ic 5.463e-03  mse_in 5.637e-03  mse_out 1.163e-07:   3%|▎         | 708/25000 [00:42<23:37]
loss : 1.128e-02  mse_pde 1.776e-04  mse_ic 5.463e-03  mse_in 5.637e-03  mse_out 1.163e-07:   3%|▎         | 708/25000 [00:42<23:37]
loss : 1.128e-02  mse_pde 1.776e-04  mse_ic 5.463e-03  mse_in 5.637e-03  mse_out 1.163e-07:   3%|▎         | 710/25000 [00:42<23:51]
loss : 1.124e-02  mse_pde 1.305e-04  mse_ic 5.366e-03  mse_in 5.741e-03  mse_out 1.145e-07:   3%|▎         | 710/25000 [00:42<23:51]
loss : 1.124e-02  mse_pde 1.305e-04  mse_ic 5.366e-03  mse_in 5.741e-03  mse_out 1.145e-07:   3%|▎         | 710/25000 [00:42<23:51]
loss : 1.132e-02  mse_pde 1.977e-04  mse_ic 5.273e-03  mse_in 5.847e-03  mse_out 1.158e-07:   3%|▎         | 710/25000 [00:42<23:51]
loss : 1.132e-02  mse_pde 1.977e-04  mse_ic 5.273e-03  mse_in 5.847e-03  mse_out 1.158e-07:   3%|▎         | 710/25000 [00:42<23:51]
loss : 1.132e-02  mse_pde 1.977e-04  mse_ic 5.273e-03  mse_in 5.847e-03  mse_out 1.158e-07:   3%|▎         | 712/25000 [00:42<24:03]
loss : 1.138e-02  mse_pde 3.078e-04  mse_ic 5.360e-03  mse_in 5.715e-03  mse_out 1.195e-07:   3%|▎         | 712/25000 [00:42<24:03]
loss : 1.138e-02  mse_pde 3.078e-04  mse_ic 5.360e-03  mse_in 5.715e-03  mse_out 1.195e-07:   3%|▎         | 712/25000 [00:42<24:03]
loss : 1.137e-02  mse_pde 2.716e-04  mse_ic 5.373e-03  mse_in 5.729e-03  mse_out 1.237e-07:   3%|▎         | 712/25000 [00:43<24:03]
loss : 1.137e-02  mse_pde 2.716e-04  mse_ic 5.373e-03  mse_in 5.729e-03  mse_out 1.237e-07:   3%|▎         | 712/25000 [00:43<24:03]
loss : 1.137e-02  mse_pde 2.716e-04  mse_ic 5.373e-03  mse_in 5.729e-03  mse_out 1.237e-07:   3%|▎         | 714/25000 [00:43<23:59]
loss : 1.125e-02  mse_pde 1.648e-04  mse_ic 5.360e-03  mse_in 5.721e-03  mse_out 1.228e-07:   3%|▎         | 714/25000 [00:43<23:59]
loss : 1.125e-02  mse_pde 1.648e-04  mse_ic 5.360e-03  mse_in 5.721e-03  mse_out 1.228e-07:   3%|▎         | 714/25000 [00:43<23:59]
loss : 1.122e-02  mse_pde 1.359e-04  mse_ic 5.278e-03  mse_in 5.810e-03  mse_out 1.206e-07:   3%|▎         | 714/25000 [00:43<23:59]
loss : 1.122e-02  mse_pde 1.359e-04  mse_ic 5.278e-03  mse_in 5.810e-03  mse_out 1.206e-07:   3%|▎         | 714/25000 [00:43<23:59]
loss : 1.131e-02  mse_pde 2.170e-04  mse_ic 5.304e-03  mse_in 5.792e-03  mse_out 1.205e-07:   3%|▎         | 714/25000 [00:43<23:59]
loss : 1.131e-02  mse_pde 2.170e-04  mse_ic 5.304e-03  mse_in 5.792e-03  mse_out 1.205e-07:   3%|▎         | 714/25000 [00:43<23:59]
loss : 1.131e-02  mse_pde 2.170e-04  mse_ic 5.304e-03  mse_in 5.792e-03  mse_out 1.205e-07:   3%|▎         | 717/25000 [00:43<22:41]
loss : 1.140e-02  mse_pde 3.535e-04  mse_ic 5.430e-03  mse_in 5.621e-03  mse_out 1.212e-07:   3%|▎         | 717/25000 [00:43<22:41]
loss : 1.140e-02  mse_pde 3.535e-04  mse_ic 5.430e-03  mse_in 5.621e-03  mse_out 1.212e-07:   3%|▎         | 717/25000 [00:43<22:41]
loss : 1.138e-02  mse_pde 2.886e-04  mse_ic 5.348e-03  mse_in 5.739e-03  mse_out 1.225e-07:   3%|▎         | 717/25000 [00:43<22:41]
loss : 1.138e-02  mse_pde 2.886e-04  mse_ic 5.348e-03  mse_in 5.739e-03  mse_out 1.225e-07:   3%|▎         | 717/25000 [00:43<22:41]
loss : 1.138e-02  mse_pde 2.886e-04  mse_ic 5.348e-03  mse_in 5.739e-03  mse_out 1.225e-07:   3%|▎         | 719/25000 [00:43<23:19]
loss : 1.123e-02  mse_pde 1.592e-04  mse_ic 5.325e-03  mse_in 5.741e-03  mse_out 1.225e-07:   3%|▎         | 719/25000 [00:43<23:19]
loss : 1.123e-02  mse_pde 1.592e-04  mse_ic 5.325e-03  mse_in 5.741e-03  mse_out 1.225e-07:   3%|▎         | 719/25000 [00:43<23:19]
loss : 1.121e-02  mse_pde 1.446e-04  mse_ic 5.366e-03  mse_in 5.697e-03  mse_out 1.243e-07:   3%|▎         | 719/25000 [00:43<23:19]
loss : 1.121e-02  mse_pde 1.446e-04  mse_ic 5.366e-03  mse_in 5.697e-03  mse_out 1.243e-07:   3%|▎         | 719/25000 [00:43<23:19]
loss : 1.121e-02  mse_pde 1.446e-04  mse_ic 5.366e-03  mse_in 5.697e-03  mse_out 1.243e-07:   3%|▎         | 721/25000 [00:43<23:40]
loss : 1.134e-02  mse_pde 2.633e-04  mse_ic 5.402e-03  mse_in 5.671e-03  mse_out 1.272e-07:   3%|▎         | 721/25000 [00:43<23:40]
loss : 1.134e-02  mse_pde 2.633e-04  mse_ic 5.402e-03  mse_in 5.671e-03  mse_out 1.272e-07:   3%|▎         | 721/25000 [00:43<23:40]
loss : 1.139e-02  mse_pde 3.606e-04  mse_ic 5.437e-03  mse_in 5.594e-03  mse_out 1.278e-07:   3%|▎         | 721/25000 [00:43<23:40]
loss : 1.139e-02  mse_pde 3.606e-04  mse_ic 5.437e-03  mse_in 5.594e-03  mse_out 1.278e-07:   3%|▎         | 721/25000 [00:43<23:40]
loss : 1.139e-02  mse_pde 3.606e-04  mse_ic 5.437e-03  mse_in 5.594e-03  mse_out 1.278e-07:   3%|▎         | 723/25000 [00:43<23:56]
loss : 1.130e-02  mse_pde 2.322e-04  mse_ic 5.277e-03  mse_in 5.788e-03  mse_out 1.271e-07:   3%|▎         | 723/25000 [00:43<23:56]
loss : 1.130e-02  mse_pde 2.322e-04  mse_ic 5.277e-03  mse_in 5.788e-03  mse_out 1.271e-07:   3%|▎         | 723/25000 [00:43<23:56]
loss : 1.117e-02  mse_pde 1.283e-04  mse_ic 5.280e-03  mse_in 5.766e-03  mse_out 1.256e-07:   3%|▎         | 723/25000 [00:43<23:56]
loss : 1.117e-02  mse_pde 1.283e-04  mse_ic 5.280e-03  mse_in 5.766e-03  mse_out 1.256e-07:   3%|▎         | 723/25000 [00:43<23:56]
loss : 1.117e-02  mse_pde 1.283e-04  mse_ic 5.280e-03  mse_in 5.766e-03  mse_out 1.256e-07:   3%|▎         | 725/25000 [00:43<24:12]
loss : 1.122e-02  mse_pde 1.977e-04  mse_ic 5.393e-03  mse_in 5.634e-03  mse_out 1.257e-07:   3%|▎         | 725/25000 [00:43<24:12]
loss : 1.122e-02  mse_pde 1.977e-04  mse_ic 5.393e-03  mse_in 5.634e-03  mse_out 1.257e-07:   3%|▎         | 725/25000 [00:43<24:12]
loss : 1.137e-02  mse_pde 3.257e-04  mse_ic 5.375e-03  mse_in 5.674e-03  mse_out 1.263e-07:   3%|▎         | 725/25000 [00:43<24:12]
loss : 1.137e-02  mse_pde 3.257e-04  mse_ic 5.375e-03  mse_in 5.674e-03  mse_out 1.263e-07:   3%|▎         | 725/25000 [00:43<24:12]
loss : 1.137e-02  mse_pde 3.257e-04  mse_ic 5.375e-03  mse_in 5.674e-03  mse_out 1.263e-07:   3%|▎         | 727/25000 [00:43<24:20]
loss : 1.135e-02  mse_pde 3.337e-04  mse_ic 5.347e-03  mse_in 5.667e-03  mse_out 1.254e-07:   3%|▎         | 727/25000 [00:43<24:20]
loss : 1.135e-02  mse_pde 3.337e-04  mse_ic 5.347e-03  mse_in 5.667e-03  mse_out 1.254e-07:   3%|▎         | 727/25000 [00:43<24:20]
loss : 1.121e-02  mse_pde 1.669e-04  mse_ic 5.315e-03  mse_in 5.726e-03  mse_out 1.263e-07:   3%|▎         | 727/25000 [00:43<24:20]
loss : 1.121e-02  mse_pde 1.669e-04  mse_ic 5.315e-03  mse_in 5.726e-03  mse_out 1.263e-07:   3%|▎         | 727/25000 [00:43<24:20]
loss : 1.121e-02  mse_pde 1.669e-04  mse_ic 5.315e-03  mse_in 5.726e-03  mse_out 1.263e-07:   3%|▎         | 729/25000 [00:43<24:29]
loss : 1.115e-02  mse_pde 1.211e-04  mse_ic 5.401e-03  mse_in 5.628e-03  mse_out 1.287e-07:   3%|▎         | 729/25000 [00:43<24:29]
loss : 1.115e-02  mse_pde 1.211e-04  mse_ic 5.401e-03  mse_in 5.628e-03  mse_out 1.287e-07:   3%|▎         | 729/25000 [00:43<24:29]
loss : 1.127e-02  mse_pde 2.658e-04  mse_ic 5.458e-03  mse_in 5.546e-03  mse_out 1.318e-07:   3%|▎         | 729/25000 [00:44<24:29]
loss : 1.127e-02  mse_pde 2.658e-04  mse_ic 5.458e-03  mse_in 5.546e-03  mse_out 1.318e-07:   3%|▎         | 729/25000 [00:44<24:29]
loss : 1.127e-02  mse_pde 2.658e-04  mse_ic 5.458e-03  mse_in 5.546e-03  mse_out 1.318e-07:   3%|▎         | 731/25000 [00:44<24:39]
loss : 1.138e-02  mse_pde 3.499e-04  mse_ic 5.343e-03  mse_in 5.689e-03  mse_out 1.344e-07:   3%|▎         | 731/25000 [00:44<24:39]
loss : 1.138e-02  mse_pde 3.499e-04  mse_ic 5.343e-03  mse_in 5.689e-03  mse_out 1.344e-07:   3%|▎         | 731/25000 [00:44<24:39]
loss : 1.126e-02  mse_pde 2.642e-04  mse_ic 5.350e-03  mse_in 5.646e-03  mse_out 1.347e-07:   3%|▎         | 731/25000 [00:44<24:39]
loss : 1.126e-02  mse_pde 2.642e-04  mse_ic 5.350e-03  mse_in 5.646e-03  mse_out 1.347e-07:   3%|▎         | 731/25000 [00:44<24:39]
loss : 1.126e-02  mse_pde 2.642e-04  mse_ic 5.350e-03  mse_in 5.646e-03  mse_out 1.347e-07:   3%|▎         | 733/25000 [00:44<24:35]
loss : 1.113e-02  mse_pde 1.208e-04  mse_ic 5.383e-03  mse_in 5.625e-03  mse_out 1.350e-07:   3%|▎         | 733/25000 [00:44<24:35]
loss : 1.113e-02  mse_pde 1.208e-04  mse_ic 5.383e-03  mse_in 5.625e-03  mse_out 1.350e-07:   3%|▎         | 733/25000 [00:44<24:35]
loss : 1.118e-02  mse_pde 1.716e-04  mse_ic 5.360e-03  mse_in 5.650e-03  mse_out 1.344e-07:   3%|▎         | 733/25000 [00:44<24:35]
loss : 1.118e-02  mse_pde 1.716e-04  mse_ic 5.360e-03  mse_in 5.650e-03  mse_out 1.344e-07:   3%|▎         | 733/25000 [00:44<24:35]
loss : 1.118e-02  mse_pde 1.716e-04  mse_ic 5.360e-03  mse_in 5.650e-03  mse_out 1.344e-07:   3%|▎         | 735/25000 [00:44<24:39]
loss : 1.132e-02  mse_pde 3.380e-04  mse_ic 5.329e-03  mse_in 5.651e-03  mse_out 1.333e-07:   3%|▎         | 735/25000 [00:44<24:39]
loss : 1.132e-02  mse_pde 3.380e-04  mse_ic 5.329e-03  mse_in 5.651e-03  mse_out 1.333e-07:   3%|▎         | 735/25000 [00:44<24:39]
loss : 1.136e-02  mse_pde 3.442e-04  mse_ic 5.307e-03  mse_in 5.704e-03  mse_out 1.341e-07:   3%|▎         | 735/25000 [00:44<24:39]
loss : 1.136e-02  mse_pde 3.442e-04  mse_ic 5.307e-03  mse_in 5.704e-03  mse_out 1.341e-07:   3%|▎         | 735/25000 [00:44<24:39]
loss : 1.136e-02  mse_pde 3.442e-04  mse_ic 5.307e-03  mse_in 5.704e-03  mse_out 1.341e-07:   3%|▎         | 737/25000 [00:44<24:25]
loss : 1.117e-02  mse_pde 1.955e-04  mse_ic 5.426e-03  mse_in 5.553e-03  mse_out 1.350e-07:   3%|▎         | 737/25000 [00:44<24:25]
loss : 1.117e-02  mse_pde 1.955e-04  mse_ic 5.426e-03  mse_in 5.553e-03  mse_out 1.350e-07:   3%|▎         | 737/25000 [00:44<24:25]
loss : 1.111e-02  mse_pde 1.297e-04  mse_ic 5.371e-03  mse_in 5.611e-03  mse_out 1.361e-07:   3%|▎         | 737/25000 [00:44<24:25]
loss : 1.111e-02  mse_pde 1.297e-04  mse_ic 5.371e-03  mse_in 5.611e-03  mse_out 1.361e-07:   3%|▎         | 737/25000 [00:44<24:25]
loss : 1.111e-02  mse_pde 1.297e-04  mse_ic 5.371e-03  mse_in 5.611e-03  mse_out 1.361e-07:   3%|▎         | 739/25000 [00:44<24:28]
loss : 1.126e-02  mse_pde 2.672e-04  mse_ic 5.279e-03  mse_in 5.717e-03  mse_out 1.380e-07:   3%|▎         | 739/25000 [00:44<24:28]
loss : 1.126e-02  mse_pde 2.672e-04  mse_ic 5.279e-03  mse_in 5.717e-03  mse_out 1.380e-07:   3%|▎         | 739/25000 [00:44<24:28]
loss : 1.135e-02  mse_pde 3.949e-04  mse_ic 5.371e-03  mse_in 5.584e-03  mse_out 1.397e-07:   3%|▎         | 739/25000 [00:44<24:28]
loss : 1.135e-02  mse_pde 3.949e-04  mse_ic 5.371e-03  mse_in 5.584e-03  mse_out 1.397e-07:   3%|▎         | 739/25000 [00:44<24:28]
loss : 1.135e-02  mse_pde 3.949e-04  mse_ic 5.371e-03  mse_in 5.584e-03  mse_out 1.397e-07:   3%|▎         | 741/25000 [00:44<24:15]
loss : 1.124e-02  mse_pde 2.611e-04  mse_ic 5.394e-03  mse_in 5.589e-03  mse_out 1.412e-07:   3%|▎         | 741/25000 [00:44<24:15]
loss : 1.124e-02  mse_pde 2.611e-04  mse_ic 5.394e-03  mse_in 5.589e-03  mse_out 1.412e-07:   3%|▎         | 741/25000 [00:44<24:15]
loss : 1.108e-02  mse_pde 1.170e-04  mse_ic 5.372e-03  mse_in 5.595e-03  mse_out 1.405e-07:   3%|▎         | 741/25000 [00:44<24:15]
loss : 1.108e-02  mse_pde 1.170e-04  mse_ic 5.372e-03  mse_in 5.595e-03  mse_out 1.405e-07:   3%|▎         | 741/25000 [00:44<24:15]
loss : 1.108e-02  mse_pde 1.170e-04  mse_ic 5.372e-03  mse_in 5.595e-03  mse_out 1.405e-07:   3%|▎         | 743/25000 [00:44<24:25]
loss : 1.120e-02  mse_pde 2.428e-04  mse_ic 5.292e-03  mse_in 5.662e-03  mse_out 1.396e-07:   3%|▎         | 743/25000 [00:44<24:25]
loss : 1.120e-02  mse_pde 2.428e-04  mse_ic 5.292e-03  mse_in 5.662e-03  mse_out 1.396e-07:   3%|▎         | 743/25000 [00:44<24:25]
loss : 1.139e-02  mse_pde 4.134e-04  mse_ic 5.319e-03  mse_in 5.658e-03  mse_out 1.410e-07:   3%|▎         | 743/25000 [00:44<24:25]
loss : 1.139e-02  mse_pde 4.134e-04  mse_ic 5.319e-03  mse_in 5.658e-03  mse_out 1.410e-07:   3%|▎         | 743/25000 [00:44<24:25]
loss : 1.139e-02  mse_pde 4.134e-04  mse_ic 5.319e-03  mse_in 5.658e-03  mse_out 1.410e-07:   3%|▎         | 745/25000 [00:44<24:12]
loss : 1.126e-02  mse_pde 3.217e-04  mse_ic 5.496e-03  mse_in 5.444e-03  mse_out 1.424e-07:   3%|▎         | 745/25000 [00:44<24:12]
loss : 1.126e-02  mse_pde 3.217e-04  mse_ic 5.496e-03  mse_in 5.444e-03  mse_out 1.424e-07:   3%|▎         | 745/25000 [00:44<24:12]
loss : 1.107e-02  mse_pde 1.127e-04  mse_ic 5.338e-03  mse_in 5.620e-03  mse_out 1.441e-07:   3%|▎         | 745/25000 [00:44<24:12]
loss : 1.107e-02  mse_pde 1.127e-04  mse_ic 5.338e-03  mse_in 5.620e-03  mse_out 1.441e-07:   3%|▎         | 745/25000 [00:44<24:12]
loss : 1.107e-02  mse_pde 1.127e-04  mse_ic 5.338e-03  mse_in 5.620e-03  mse_out 1.441e-07:   3%|▎         | 747/25000 [00:44<24:16]
loss : 1.118e-02  mse_pde 2.186e-04  mse_ic 5.216e-03  mse_in 5.750e-03  mse_out 1.475e-07:   3%|▎         | 747/25000 [00:45<24:16]
loss : 1.118e-02  mse_pde 2.186e-04  mse_ic 5.216e-03  mse_in 5.750e-03  mse_out 1.475e-07:   3%|▎         | 747/25000 [00:45<24:16]
loss : 1.135e-02  mse_pde 4.244e-04  mse_ic 5.340e-03  mse_in 5.582e-03  mse_out 1.500e-07:   3%|▎         | 747/25000 [00:45<24:16]
loss : 1.135e-02  mse_pde 4.244e-04  mse_ic 5.340e-03  mse_in 5.582e-03  mse_out 1.500e-07:   3%|▎         | 747/25000 [00:45<24:16]
loss : 1.135e-02  mse_pde 4.244e-04  mse_ic 5.340e-03  mse_in 5.582e-03  mse_out 1.500e-07:   3%|▎         | 749/25000 [00:45<23:56]
loss : 1.127e-02  mse_pde 3.226e-04  mse_ic 5.409e-03  mse_in 5.538e-03  mse_out 1.495e-07:   3%|▎         | 749/25000 [00:45<23:56]
loss : 1.127e-02  mse_pde 3.226e-04  mse_ic 5.409e-03  mse_in 5.538e-03  mse_out 1.495e-07:   3%|▎         | 749/25000 [00:45<23:56]
loss : 1.105e-02  mse_pde 1.188e-04  mse_ic 5.378e-03  mse_in 5.558e-03  mse_out 1.461e-07:   3%|▎         | 749/25000 [00:45<23:56]
loss : 1.105e-02  mse_pde 1.188e-04  mse_ic 5.378e-03  mse_in 5.558e-03  mse_out 1.461e-07:   3%|▎         | 749/25000 [00:45<23:56]
loss : 1.105e-02  mse_pde 1.188e-04  mse_ic 5.378e-03  mse_in 5.558e-03  mse_out 1.461e-07:   3%|▎         | 751/25000 [00:45<23:55]
loss : 1.121e-02  mse_pde 2.843e-04  mse_ic 5.257e-03  mse_in 5.672e-03  mse_out 1.455e-07:   3%|▎         | 751/25000 [00:45<23:55]
loss : 1.121e-02  mse_pde 2.843e-04  mse_ic 5.257e-03  mse_in 5.672e-03  mse_out 1.455e-07:   3%|▎         | 751/25000 [00:45<23:55]
loss : 1.140e-02  mse_pde 4.517e-04  mse_ic 5.310e-03  mse_in 5.642e-03  mse_out 1.492e-07:   3%|▎         | 751/25000 [00:45<23:55]
loss : 1.140e-02  mse_pde 4.517e-04  mse_ic 5.310e-03  mse_in 5.642e-03  mse_out 1.492e-07:   3%|▎         | 751/25000 [00:45<23:55]
loss : 1.140e-02  mse_pde 4.517e-04  mse_ic 5.310e-03  mse_in 5.642e-03  mse_out 1.492e-07:   3%|▎         | 753/25000 [00:45<24:07]
loss : 1.118e-02  mse_pde 2.627e-04  mse_ic 5.570e-03  mse_in 5.349e-03  mse_out 1.512e-07:   3%|▎         | 753/25000 [00:45<24:07]
loss : 1.118e-02  mse_pde 2.627e-04  mse_ic 5.570e-03  mse_in 5.349e-03  mse_out 1.512e-07:   3%|▎         | 753/25000 [00:45<24:07]
loss : 1.106e-02  mse_pde 1.375e-04  mse_ic 5.427e-03  mse_in 5.496e-03  mse_out 1.492e-07:   3%|▎         | 753/25000 [00:45<24:07]
loss : 1.106e-02  mse_pde 1.375e-04  mse_ic 5.427e-03  mse_in 5.496e-03  mse_out 1.492e-07:   3%|▎         | 753/25000 [00:45<24:07]
loss : 1.106e-02  mse_pde 1.375e-04  mse_ic 5.427e-03  mse_in 5.496e-03  mse_out 1.492e-07:   3%|▎         | 755/25000 [00:45<24:23]
loss : 1.133e-02  mse_pde 3.817e-04  mse_ic 5.184e-03  mse_in 5.764e-03  mse_out 1.488e-07:   3%|▎         | 755/25000 [00:45<24:23]
loss : 1.133e-02  mse_pde 3.817e-04  mse_ic 5.184e-03  mse_in 5.764e-03  mse_out 1.488e-07:   3%|▎         | 755/25000 [00:45<24:23]
loss : 1.127e-02  mse_pde 3.707e-04  mse_ic 5.262e-03  mse_in 5.642e-03  mse_out 1.527e-07:   3%|▎         | 755/25000 [00:45<24:23]
loss : 1.127e-02  mse_pde 3.707e-04  mse_ic 5.262e-03  mse_in 5.642e-03  mse_out 1.527e-07:   3%|▎         | 755/25000 [00:45<24:23]
loss : 1.127e-02  mse_pde 3.707e-04  mse_ic 5.262e-03  mse_in 5.642e-03  mse_out 1.527e-07:   3%|▎         | 757/25000 [00:45<24:34]
loss : 1.107e-02  mse_pde 1.557e-04  mse_ic 5.449e-03  mse_in 5.462e-03  mse_out 1.591e-07:   3%|▎         | 757/25000 [00:45<24:34]
loss : 1.107e-02  mse_pde 1.557e-04  mse_ic 5.449e-03  mse_in 5.462e-03  mse_out 1.591e-07:   3%|▎         | 757/25000 [00:45<24:34]
loss : 1.113e-02  mse_pde 2.157e-04  mse_ic 5.413e-03  mse_in 5.503e-03  mse_out 1.590e-07:   3%|▎         | 757/25000 [00:45<24:34]
loss : 1.113e-02  mse_pde 2.157e-04  mse_ic 5.413e-03  mse_in 5.503e-03  mse_out 1.590e-07:   3%|▎         | 757/25000 [00:45<24:34]
loss : 1.113e-02  mse_pde 2.157e-04  mse_ic 5.413e-03  mse_in 5.503e-03  mse_out 1.590e-07:   3%|▎         | 759/25000 [00:45<24:32]
loss : 1.128e-02  mse_pde 3.864e-04  mse_ic 5.264e-03  mse_in 5.633e-03  mse_out 1.535e-07:   3%|▎         | 759/25000 [00:45<24:32]
loss : 1.128e-02  mse_pde 3.864e-04  mse_ic 5.264e-03  mse_in 5.633e-03  mse_out 1.535e-07:   3%|▎         | 759/25000 [00:45<24:32]
loss : 1.118e-02  mse_pde 2.511e-04  mse_ic 5.215e-03  mse_in 5.712e-03  mse_out 1.505e-07:   3%|▎         | 759/25000 [00:45<24:32]
loss : 1.118e-02  mse_pde 2.511e-04  mse_ic 5.215e-03  mse_in 5.712e-03  mse_out 1.505e-07:   3%|▎         | 759/25000 [00:45<24:32]
loss : 1.118e-02  mse_pde 2.511e-04  mse_ic 5.215e-03  mse_in 5.712e-03  mse_out 1.505e-07:   3%|▎         | 761/25000 [00:45<24:35]
loss : 1.102e-02  mse_pde 1.095e-04  mse_ic 5.395e-03  mse_in 5.510e-03  mse_out 1.517e-07:   3%|▎         | 761/25000 [00:45<24:35]
loss : 1.102e-02  mse_pde 1.095e-04  mse_ic 5.395e-03  mse_in 5.510e-03  mse_out 1.517e-07:   3%|▎         | 761/25000 [00:45<24:35]
loss : 1.120e-02  mse_pde 3.135e-04  mse_ic 5.508e-03  mse_in 5.378e-03  mse_out 1.555e-07:   3%|▎         | 761/25000 [00:45<24:35]
loss : 1.120e-02  mse_pde 3.135e-04  mse_ic 5.508e-03  mse_in 5.378e-03  mse_out 1.555e-07:   3%|▎         | 761/25000 [00:45<24:35]
loss : 1.120e-02  mse_pde 3.135e-04  mse_ic 5.508e-03  mse_in 5.378e-03  mse_out 1.555e-07:   3%|▎         | 763/25000 [00:45<24:35]
loss : 1.127e-02  mse_pde 3.590e-04  mse_ic 5.328e-03  mse_in 5.583e-03  mse_out 1.584e-07:   3%|▎         | 763/25000 [00:46<24:35]
loss : 1.127e-02  mse_pde 3.590e-04  mse_ic 5.328e-03  mse_in 5.583e-03  mse_out 1.584e-07:   3%|▎         | 763/25000 [00:46<24:35]
loss : 1.105e-02  mse_pde 1.611e-04  mse_ic 5.246e-03  mse_in 5.647e-03  mse_out 1.591e-07:   3%|▎         | 763/25000 [00:46<24:35]
loss : 1.105e-02  mse_pde 1.611e-04  mse_ic 5.246e-03  mse_in 5.647e-03  mse_out 1.591e-07:   3%|▎         | 763/25000 [00:46<24:35]
loss : 1.105e-02  mse_pde 1.611e-04  mse_ic 5.246e-03  mse_in 5.647e-03  mse_out 1.591e-07:   3%|▎         | 765/25000 [00:46<24:43]
loss : 1.105e-02  mse_pde 1.652e-04  mse_ic 5.250e-03  mse_in 5.638e-03  mse_out 1.596e-07:   3%|▎         | 765/25000 [00:46<24:43]
loss : 1.105e-02  mse_pde 1.652e-04  mse_ic 5.250e-03  mse_in 5.638e-03  mse_out 1.596e-07:   3%|▎         | 765/25000 [00:46<24:43]
loss : 1.126e-02  mse_pde 3.610e-04  mse_ic 5.309e-03  mse_in 5.589e-03  mse_out 1.612e-07:   3%|▎         | 765/25000 [00:46<24:43]
loss : 1.126e-02  mse_pde 3.610e-04  mse_ic 5.309e-03  mse_in 5.589e-03  mse_out 1.612e-07:   3%|▎         | 765/25000 [00:46<24:43]
loss : 1.126e-02  mse_pde 3.610e-04  mse_ic 5.309e-03  mse_in 5.589e-03  mse_out 1.612e-07:   3%|▎         | 767/25000 [00:46<24:36]
loss : 1.119e-02  mse_pde 3.259e-04  mse_ic 5.411e-03  mse_in 5.454e-03  mse_out 1.619e-07:   3%|▎         | 767/25000 [00:46<24:36]
loss : 1.119e-02  mse_pde 3.259e-04  mse_ic 5.411e-03  mse_in 5.454e-03  mse_out 1.619e-07:   3%|▎         | 767/25000 [00:46<24:36]
loss : 1.100e-02  mse_pde 1.130e-04  mse_ic 5.292e-03  mse_in 5.590e-03  mse_out 1.613e-07:   3%|▎         | 767/25000 [00:46<24:36]
loss : 1.100e-02  mse_pde 1.130e-04  mse_ic 5.292e-03  mse_in 5.590e-03  mse_out 1.613e-07:   3%|▎         | 767/25000 [00:46<24:36]
loss : 1.100e-02  mse_pde 1.130e-04  mse_ic 5.292e-03  mse_in 5.590e-03  mse_out 1.613e-07:   3%|▎         | 769/25000 [00:46<24:40]
loss : 1.109e-02  mse_pde 1.947e-04  mse_ic 5.183e-03  mse_in 5.712e-03  mse_out 1.602e-07:   3%|▎         | 769/25000 [00:46<24:40]
loss : 1.109e-02  mse_pde 1.947e-04  mse_ic 5.183e-03  mse_in 5.712e-03  mse_out 1.602e-07:   3%|▎         | 769/25000 [00:46<24:40]
loss : 1.124e-02  mse_pde 3.735e-04  mse_ic 5.280e-03  mse_in 5.585e-03  mse_out 1.603e-07:   3%|▎         | 769/25000 [00:46<24:40]
loss : 1.124e-02  mse_pde 3.735e-04  mse_ic 5.280e-03  mse_in 5.585e-03  mse_out 1.603e-07:   3%|▎         | 769/25000 [00:46<24:40]
loss : 1.124e-02  mse_pde 3.735e-04  mse_ic 5.280e-03  mse_in 5.585e-03  mse_out 1.603e-07:   3%|▎         | 771/25000 [00:46<24:45]
loss : 1.117e-02  mse_pde 2.860e-04  mse_ic 5.425e-03  mse_in 5.459e-03  mse_out 1.627e-07:   3%|▎         | 771/25000 [00:46<24:45]
loss : 1.117e-02  mse_pde 2.860e-04  mse_ic 5.425e-03  mse_in 5.459e-03  mse_out 1.627e-07:   3%|▎         | 771/25000 [00:46<24:45]
loss : 1.100e-02  mse_pde 1.282e-04  mse_ic 5.504e-03  mse_in 5.365e-03  mse_out 1.641e-07:   3%|▎         | 771/25000 [00:46<24:45]
loss : 1.100e-02  mse_pde 1.282e-04  mse_ic 5.504e-03  mse_in 5.365e-03  mse_out 1.641e-07:   3%|▎         | 771/25000 [00:46<24:45]
loss : 1.100e-02  mse_pde 1.282e-04  mse_ic 5.504e-03  mse_in 5.365e-03  mse_out 1.641e-07:   3%|▎         | 773/25000 [00:46<24:35]
loss : 1.110e-02  mse_pde 2.434e-04  mse_ic 5.321e-03  mse_in 5.539e-03  mse_out 1.637e-07:   3%|▎         | 773/25000 [00:46<24:35]
loss : 1.110e-02  mse_pde 2.434e-04  mse_ic 5.321e-03  mse_in 5.539e-03  mse_out 1.637e-07:   3%|▎         | 773/25000 [00:46<24:35]
loss : 1.130e-02  mse_pde 4.127e-04  mse_ic 5.133e-03  mse_in 5.757e-03  mse_out 1.649e-07:   3%|▎         | 773/25000 [00:46<24:35]
loss : 1.130e-02  mse_pde 4.127e-04  mse_ic 5.133e-03  mse_in 5.757e-03  mse_out 1.649e-07:   3%|▎         | 773/25000 [00:46<24:35]
loss : 1.130e-02  mse_pde 4.127e-04  mse_ic 5.133e-03  mse_in 5.757e-03  mse_out 1.649e-07:   3%|▎         | 775/25000 [00:46<24:11]
loss : 1.113e-02  mse_pde 2.748e-04  mse_ic 5.271e-03  mse_in 5.580e-03  mse_out 1.674e-07:   3%|▎         | 775/25000 [00:46<24:11]
loss : 1.113e-02  mse_pde 2.748e-04  mse_ic 5.271e-03  mse_in 5.580e-03  mse_out 1.674e-07:   3%|▎         | 775/25000 [00:46<24:11]
loss : 1.098e-02  mse_pde 1.262e-04  mse_ic 5.440e-03  mse_in 5.415e-03  mse_out 1.700e-07:   3%|▎         | 775/25000 [00:46<24:11]
loss : 1.098e-02  mse_pde 1.262e-04  mse_ic 5.440e-03  mse_in 5.415e-03  mse_out 1.700e-07:   3%|▎         | 775/25000 [00:46<24:11]
loss : 1.098e-02  mse_pde 1.262e-04  mse_ic 5.440e-03  mse_in 5.415e-03  mse_out 1.700e-07:   3%|▎         | 777/25000 [00:46<23:46]
loss : 1.111e-02  mse_pde 2.469e-04  mse_ic 5.383e-03  mse_in 5.478e-03  mse_out 1.686e-07:   3%|▎         | 777/25000 [00:46<23:46]
loss : 1.111e-02  mse_pde 2.469e-04  mse_ic 5.383e-03  mse_in 5.478e-03  mse_out 1.686e-07:   3%|▎         | 777/25000 [00:46<23:46]
loss : 1.122e-02  mse_pde 3.786e-04  mse_ic 5.243e-03  mse_in 5.597e-03  mse_out 1.651e-07:   3%|▎         | 777/25000 [00:46<23:46]
loss : 1.122e-02  mse_pde 3.786e-04  mse_ic 5.243e-03  mse_in 5.597e-03  mse_out 1.651e-07:   3%|▎         | 777/25000 [00:46<23:46]
loss : 1.122e-02  mse_pde 3.786e-04  mse_ic 5.243e-03  mse_in 5.597e-03  mse_out 1.651e-07:   3%|▎         | 779/25000 [00:46<24:09]
loss : 1.112e-02  mse_pde 2.522e-04  mse_ic 5.156e-03  mse_in 5.713e-03  mse_out 1.652e-07:   3%|▎         | 779/25000 [00:46<24:09]
loss : 1.112e-02  mse_pde 2.522e-04  mse_ic 5.156e-03  mse_in 5.713e-03  mse_out 1.652e-07:   3%|▎         | 779/25000 [00:46<24:09]
loss : 1.095e-02  mse_pde 1.065e-04  mse_ic 5.286e-03  mse_in 5.562e-03  mse_out 1.677e-07:   3%|▎         | 779/25000 [00:47<24:09]
loss : 1.095e-02  mse_pde 1.065e-04  mse_ic 5.286e-03  mse_in 5.562e-03  mse_out 1.677e-07:   3%|▎         | 779/25000 [00:47<24:09]
loss : 1.095e-02  mse_pde 1.065e-04  mse_ic 5.286e-03  mse_in 5.562e-03  mse_out 1.677e-07:   3%|▎         | 781/25000 [00:47<24:04]
loss : 1.107e-02  mse_pde 2.358e-04  mse_ic 5.426e-03  mse_in 5.407e-03  mse_out 1.705e-07:   3%|▎         | 781/25000 [00:47<24:04]
loss : 1.107e-02  mse_pde 2.358e-04  mse_ic 5.426e-03  mse_in 5.407e-03  mse_out 1.705e-07:   3%|▎         | 781/25000 [00:47<24:04]
loss : 1.122e-02  mse_pde 3.671e-04  mse_ic 5.365e-03  mse_in 5.489e-03  mse_out 1.715e-07:   3%|▎         | 781/25000 [00:47<24:04]
loss : 1.122e-02  mse_pde 3.671e-04  mse_ic 5.365e-03  mse_in 5.489e-03  mse_out 1.715e-07:   3%|▎         | 781/25000 [00:47<24:04]
loss : 1.108e-02  mse_pde 2.533e-04  mse_ic 5.331e-03  mse_in 5.499e-03  mse_out 1.714e-07:   3%|▎         | 781/25000 [00:47<24:04]
loss : 1.108e-02  mse_pde 2.533e-04  mse_ic 5.331e-03  mse_in 5.499e-03  mse_out 1.714e-07:   3%|▎         | 781/25000 [00:47<24:04]
loss : 1.108e-02  mse_pde 2.533e-04  mse_ic 5.331e-03  mse_in 5.499e-03  mse_out 1.714e-07:   3%|▎         | 784/25000 [00:47<21:18]
loss : 1.095e-02  mse_pde 1.038e-04  mse_ic 5.256e-03  mse_in 5.586e-03  mse_out 1.730e-07:   3%|▎         | 784/25000 [00:47<21:18]
loss : 1.095e-02  mse_pde 1.038e-04  mse_ic 5.256e-03  mse_in 5.586e-03  mse_out 1.730e-07:   3%|▎         | 784/25000 [00:47<21:18]
loss : 1.104e-02  mse_pde 1.957e-04  mse_ic 5.250e-03  mse_in 5.594e-03  mse_out 1.751e-07:   3%|▎         | 784/25000 [00:47<21:18]
loss : 1.104e-02  mse_pde 1.957e-04  mse_ic 5.250e-03  mse_in 5.594e-03  mse_out 1.751e-07:   3%|▎         | 784/25000 [00:47<21:18]
loss : 1.104e-02  mse_pde 1.957e-04  mse_ic 5.250e-03  mse_in 5.594e-03  mse_out 1.751e-07:   3%|▎         | 786/25000 [00:47<21:18]
loss : 1.119e-02  mse_pde 3.770e-04  mse_ic 5.331e-03  mse_in 5.483e-03  mse_out 1.750e-07:   3%|▎         | 786/25000 [00:47<21:18]
loss : 1.119e-02  mse_pde 3.770e-04  mse_ic 5.331e-03  mse_in 5.483e-03  mse_out 1.750e-07:   3%|▎         | 786/25000 [00:47<21:18]
loss : 1.116e-02  mse_pde 3.208e-04  mse_ic 5.311e-03  mse_in 5.527e-03  mse_out 1.733e-07:   3%|▎         | 786/25000 [00:47<21:18]
loss : 1.116e-02  mse_pde 3.208e-04  mse_ic 5.311e-03  mse_in 5.527e-03  mse_out 1.733e-07:   3%|▎         | 786/25000 [00:47<21:18]
loss : 1.116e-02  mse_pde 3.208e-04  mse_ic 5.311e-03  mse_in 5.527e-03  mse_out 1.733e-07:   3%|▎         | 788/25000 [00:47<22:12]
loss : 1.096e-02  mse_pde 1.408e-04  mse_ic 5.317e-03  mse_in 5.506e-03  mse_out 1.712e-07:   3%|▎         | 788/25000 [00:47<22:12]
loss : 1.096e-02  mse_pde 1.408e-04  mse_ic 5.317e-03  mse_in 5.506e-03  mse_out 1.712e-07:   3%|▎         | 788/25000 [00:47<22:12]
loss : 1.097e-02  mse_pde 1.538e-04  mse_ic 5.258e-03  mse_in 5.562e-03  mse_out 1.720e-07:   3%|▎         | 788/25000 [00:47<22:12]
loss : 1.097e-02  mse_pde 1.538e-04  mse_ic 5.258e-03  mse_in 5.562e-03  mse_out 1.720e-07:   3%|▎         | 788/25000 [00:47<22:12]
loss : 1.097e-02  mse_pde 1.538e-04  mse_ic 5.258e-03  mse_in 5.562e-03  mse_out 1.720e-07:   3%|▎         | 790/25000 [00:47<22:43]
loss : 1.117e-02  mse_pde 3.399e-04  mse_ic 5.228e-03  mse_in 5.605e-03  mse_out 1.754e-07:   3%|▎         | 790/25000 [00:47<22:43]
loss : 1.117e-02  mse_pde 3.399e-04  mse_ic 5.228e-03  mse_in 5.605e-03  mse_out 1.754e-07:   3%|▎         | 790/25000 [00:47<22:43]
loss : 1.121e-02  mse_pde 4.085e-04  mse_ic 5.352e-03  mse_in 5.450e-03  mse_out 1.778e-07:   3%|▎         | 790/25000 [00:47<22:43]
loss : 1.121e-02  mse_pde 4.085e-04  mse_ic 5.352e-03  mse_in 5.450e-03  mse_out 1.778e-07:   3%|▎         | 790/25000 [00:47<22:43]
loss : 1.121e-02  mse_pde 4.085e-04  mse_ic 5.352e-03  mse_in 5.450e-03  mse_out 1.778e-07:   3%|▎         | 792/25000 [00:47<23:31]
loss : 1.102e-02  mse_pde 2.004e-04  mse_ic 5.350e-03  mse_in 5.473e-03  mse_out 1.786e-07:   3%|▎         | 792/25000 [00:47<23:31]
loss : 1.102e-02  mse_pde 2.004e-04  mse_ic 5.350e-03  mse_in 5.473e-03  mse_out 1.786e-07:   3%|▎         | 792/25000 [00:47<23:31]
loss : 1.093e-02  mse_pde 1.080e-04  mse_ic 5.326e-03  mse_in 5.492e-03  mse_out 1.780e-07:   3%|▎         | 792/25000 [00:47<23:31]
loss : 1.093e-02  mse_pde 1.080e-04  mse_ic 5.326e-03  mse_in 5.492e-03  mse_out 1.780e-07:   3%|▎         | 792/25000 [00:47<23:31]
loss : 1.093e-02  mse_pde 1.080e-04  mse_ic 5.326e-03  mse_in 5.492e-03  mse_out 1.780e-07:   3%|▎         | 794/25000 [00:47<24:01]
loss : 1.110e-02  mse_pde 2.963e-04  mse_ic 5.286e-03  mse_in 5.516e-03  mse_out 1.785e-07:   3%|▎         | 794/25000 [00:47<24:01]
loss : 1.110e-02  mse_pde 2.963e-04  mse_ic 5.286e-03  mse_in 5.516e-03  mse_out 1.785e-07:   3%|▎         | 794/25000 [00:47<24:01]
loss : 1.126e-02  mse_pde 4.405e-04  mse_ic 5.276e-03  mse_in 5.546e-03  mse_out 1.811e-07:   3%|▎         | 794/25000 [00:47<24:01]
loss : 1.126e-02  mse_pde 4.405e-04  mse_ic 5.276e-03  mse_in 5.546e-03  mse_out 1.811e-07:   3%|▎         | 794/25000 [00:47<24:01]
loss : 1.126e-02  mse_pde 4.405e-04  mse_ic 5.276e-03  mse_in 5.546e-03  mse_out 1.811e-07:   3%|▎         | 796/25000 [00:47<24:10]
loss : 1.108e-02  mse_pde 2.839e-04  mse_ic 5.406e-03  mse_in 5.388e-03  mse_out 1.814e-07:   3%|▎         | 796/25000 [00:47<24:10]
loss : 1.108e-02  mse_pde 2.839e-04  mse_ic 5.406e-03  mse_in 5.388e-03  mse_out 1.814e-07:   3%|▎         | 796/25000 [00:47<24:10]
loss : 1.091e-02  mse_pde 1.003e-04  mse_ic 5.334e-03  mse_in 5.471e-03  mse_out 1.793e-07:   3%|▎         | 796/25000 [00:47<24:10]
loss : 1.091e-02  mse_pde 1.003e-04  mse_ic 5.334e-03  mse_in 5.471e-03  mse_out 1.793e-07:   3%|▎         | 796/25000 [00:47<24:10]
loss : 1.091e-02  mse_pde 1.003e-04  mse_ic 5.334e-03  mse_in 5.471e-03  mse_out 1.793e-07:   3%|▎         | 798/25000 [00:48<24:18]
loss : 1.107e-02  mse_pde 2.530e-04  mse_ic 5.202e-03  mse_in 5.616e-03  mse_out 1.776e-07:   3%|▎         | 798/25000 [00:48<24:18]
loss : 1.107e-02  mse_pde 2.530e-04  mse_ic 5.202e-03  mse_in 5.616e-03  mse_out 1.776e-07:   3%|▎         | 798/25000 [00:48<24:18]
loss : 1.123e-02  mse_pde 4.424e-04  mse_ic 5.252e-03  mse_in 5.534e-03  mse_out 1.791e-07:   3%|▎         | 798/25000 [00:48<24:18]
loss : 1.123e-02  mse_pde 4.424e-04  mse_ic 5.252e-03  mse_in 5.534e-03  mse_out 1.791e-07:   3%|▎         | 798/25000 [00:48<24:18]
loss : 1.123e-02  mse_pde 4.424e-04  mse_ic 5.252e-03  mse_in 5.534e-03  mse_out 1.791e-07:   3%|▎         | 800/25000 [00:48<24:19]
loss : 1.113e-02  mse_pde 3.224e-04  mse_ic 5.381e-03  mse_in 5.425e-03  mse_out 1.841e-07:   3%|▎         | 800/25000 [00:48<24:19]
loss : 1.113e-02  mse_pde 3.224e-04  mse_ic 5.381e-03  mse_in 5.425e-03  mse_out 1.841e-07:   3%|▎         | 800/25000 [00:48<24:19]
loss : 1.091e-02  mse_pde 1.214e-04  mse_ic 5.453e-03  mse_in 5.339e-03  mse_out 1.856e-07:   3%|▎         | 800/25000 [00:48<24:19]
loss : 1.091e-02  mse_pde 1.214e-04  mse_ic 5.453e-03  mse_in 5.339e-03  mse_out 1.856e-07:   3%|▎         | 800/25000 [00:48<24:19]
loss : 1.091e-02  mse_pde 1.214e-04  mse_ic 5.453e-03  mse_in 5.339e-03  mse_out 1.856e-07:   3%|▎         | 802/25000 [00:48<24:34]
loss : 1.104e-02  mse_pde 2.530e-04  mse_ic 5.292e-03  mse_in 5.494e-03  mse_out 1.819e-07:   3%|▎         | 802/25000 [00:48<24:34]
loss : 1.104e-02  mse_pde 2.530e-04  mse_ic 5.292e-03  mse_in 5.494e-03  mse_out 1.819e-07:   3%|▎         | 802/25000 [00:48<24:34]
loss : 1.120e-02  mse_pde 3.929e-04  mse_ic 5.179e-03  mse_in 5.632e-03  mse_out 1.808e-07:   3%|▎         | 802/25000 [00:48<24:34]
loss : 1.120e-02  mse_pde 3.929e-04  mse_ic 5.179e-03  mse_in 5.632e-03  mse_out 1.808e-07:   3%|▎         | 802/25000 [00:48<24:34]
loss : 1.120e-02  mse_pde 3.929e-04  mse_ic 5.179e-03  mse_in 5.632e-03  mse_out 1.808e-07:   3%|▎         | 804/25000 [00:48<24:40]
loss : 1.098e-02  mse_pde 1.985e-04  mse_ic 5.335e-03  mse_in 5.447e-03  mse_out 1.841e-07:   3%|▎         | 804/25000 [00:48<24:40]
loss : 1.098e-02  mse_pde 1.985e-04  mse_ic 5.335e-03  mse_in 5.447e-03  mse_out 1.841e-07:   3%|▎         | 804/25000 [00:48<24:40]
loss : 1.092e-02  mse_pde 1.432e-04  mse_ic 5.411e-03  mse_in 5.369e-03  mse_out 1.897e-07:   3%|▎         | 804/25000 [00:48<24:40]
loss : 1.092e-02  mse_pde 1.432e-04  mse_ic 5.411e-03  mse_in 5.369e-03  mse_out 1.897e-07:   3%|▎         | 804/25000 [00:48<24:40]
loss : 1.092e-02  mse_pde 1.432e-04  mse_ic 5.411e-03  mse_in 5.369e-03  mse_out 1.897e-07:   3%|▎         | 806/25000 [00:48<24:34]
loss : 1.112e-02  mse_pde 3.274e-04  mse_ic 5.251e-03  mse_in 5.542e-03  mse_out 1.911e-07:   3%|▎         | 806/25000 [00:48<24:34]
loss : 1.112e-02  mse_pde 3.274e-04  mse_ic 5.251e-03  mse_in 5.542e-03  mse_out 1.911e-07:   3%|▎         | 806/25000 [00:48<24:34]
loss : 1.111e-02  mse_pde 3.371e-04  mse_ic 5.150e-03  mse_in 5.623e-03  mse_out 1.879e-07:   3%|▎         | 806/25000 [00:48<24:34]
loss : 1.111e-02  mse_pde 3.371e-04  mse_ic 5.150e-03  mse_in 5.623e-03  mse_out 1.879e-07:   3%|▎         | 806/25000 [00:48<24:34]
loss : 1.111e-02  mse_pde 3.371e-04  mse_ic 5.150e-03  mse_in 5.623e-03  mse_out 1.879e-07:   3%|▎         | 808/25000 [00:48<24:33]
loss : 1.091e-02  mse_pde 1.278e-04  mse_ic 5.238e-03  mse_in 5.547e-03  mse_out 1.895e-07:   3%|▎         | 808/25000 [00:48<24:33]
loss : 1.091e-02  mse_pde 1.278e-04  mse_ic 5.238e-03  mse_in 5.547e-03  mse_out 1.895e-07:   3%|▎         | 808/25000 [00:48<24:33]
loss : 1.093e-02  mse_pde 1.493e-04  mse_ic 5.377e-03  mse_in 5.405e-03  mse_out 1.947e-07:   3%|▎         | 808/25000 [00:48<24:33]
loss : 1.093e-02  mse_pde 1.493e-04  mse_ic 5.377e-03  mse_in 5.405e-03  mse_out 1.947e-07:   3%|▎         | 808/25000 [00:48<24:33]
loss : 1.093e-02  mse_pde 1.493e-04  mse_ic 5.377e-03  mse_in 5.405e-03  mse_out 1.947e-07:   3%|▎         | 810/25000 [00:48<24:16]
loss : 1.109e-02  mse_pde 3.233e-04  mse_ic 5.396e-03  mse_in 5.368e-03  mse_out 1.982e-07:   3%|▎         | 810/25000 [00:48<24:16]
loss : 1.109e-02  mse_pde 3.233e-04  mse_ic 5.396e-03  mse_in 5.368e-03  mse_out 1.982e-07:   3%|▎         | 810/25000 [00:48<24:16]
loss : 1.105e-02  mse_pde 2.640e-04  mse_ic 5.245e-03  mse_in 5.542e-03  mse_out 1.973e-07:   3%|▎         | 810/25000 [00:48<24:16]
loss : 1.105e-02  mse_pde 2.640e-04  mse_ic 5.245e-03  mse_in 5.542e-03  mse_out 1.973e-07:   3%|▎         | 810/25000 [00:48<24:16]
loss : 1.105e-02  mse_pde 2.640e-04  mse_ic 5.245e-03  mse_in 5.542e-03  mse_out 1.973e-07:   3%|▎         | 812/25000 [00:48<24:18]
loss : 1.089e-02  mse_pde 1.154e-04  mse_ic 5.234e-03  mse_in 5.539e-03  mse_out 1.931e-07:   3%|▎         | 812/25000 [00:48<24:18]
loss : 1.089e-02  mse_pde 1.154e-04  mse_ic 5.234e-03  mse_in 5.539e-03  mse_out 1.931e-07:   3%|▎         | 812/25000 [00:48<24:18]
loss : 1.094e-02  mse_pde 1.738e-04  mse_ic 5.316e-03  mse_in 5.447e-03  mse_out 1.935e-07:   3%|▎         | 812/25000 [00:48<24:18]
loss : 1.094e-02  mse_pde 1.738e-04  mse_ic 5.316e-03  mse_in 5.447e-03  mse_out 1.935e-07:   3%|▎         | 812/25000 [00:48<24:18]
loss : 1.094e-02  mse_pde 1.738e-04  mse_ic 5.316e-03  mse_in 5.447e-03  mse_out 1.935e-07:   3%|▎         | 814/25000 [00:48<24:30]
loss : 1.110e-02  mse_pde 3.263e-04  mse_ic 5.332e-03  mse_in 5.444e-03  mse_out 1.990e-07:   3%|▎         | 814/25000 [00:49<24:30]
loss : 1.110e-02  mse_pde 3.263e-04  mse_ic 5.332e-03  mse_in 5.444e-03  mse_out 1.990e-07:   3%|▎         | 814/25000 [00:49<24:30]
loss : 1.103e-02  mse_pde 2.794e-04  mse_ic 5.323e-03  mse_in 5.430e-03  mse_out 2.028e-07:   3%|▎         | 814/25000 [00:49<24:30]
loss : 1.103e-02  mse_pde 2.794e-04  mse_ic 5.323e-03  mse_in 5.430e-03  mse_out 2.028e-07:   3%|▎         | 814/25000 [00:49<24:30]
loss : 1.103e-02  mse_pde 2.794e-04  mse_ic 5.323e-03  mse_in 5.430e-03  mse_out 2.028e-07:   3%|▎         | 816/25000 [00:49<24:38]
loss : 1.088e-02  mse_pde 1.116e-04  mse_ic 5.193e-03  mse_in 5.575e-03  mse_out 2.018e-07:   3%|▎         | 816/25000 [00:49<24:38]
loss : 1.088e-02  mse_pde 1.116e-04  mse_ic 5.193e-03  mse_in 5.575e-03  mse_out 2.018e-07:   3%|▎         | 816/25000 [00:49<24:38]
loss : 1.090e-02  mse_pde 1.345e-04  mse_ic 5.166e-03  mse_in 5.601e-03  mse_out 1.980e-07:   3%|▎         | 816/25000 [00:49<24:38]
loss : 1.090e-02  mse_pde 1.345e-04  mse_ic 5.166e-03  mse_in 5.601e-03  mse_out 1.980e-07:   3%|▎         | 816/25000 [00:49<24:38]
loss : 1.090e-02  mse_pde 1.345e-04  mse_ic 5.166e-03  mse_in 5.601e-03  mse_out 1.980e-07:   3%|▎         | 818/25000 [00:49<24:20]
loss : 1.105e-02  mse_pde 3.112e-04  mse_ic 5.266e-03  mse_in 5.476e-03  mse_out 1.973e-07:   3%|▎         | 818/25000 [00:49<24:20]
loss : 1.105e-02  mse_pde 3.112e-04  mse_ic 5.266e-03  mse_in 5.476e-03  mse_out 1.973e-07:   3%|▎         | 818/25000 [00:49<24:20]
loss : 1.113e-02  mse_pde 3.614e-04  mse_ic 5.302e-03  mse_in 5.462e-03  mse_out 2.023e-07:   3%|▎         | 818/25000 [00:49<24:20]
loss : 1.113e-02  mse_pde 3.614e-04  mse_ic 5.302e-03  mse_in 5.462e-03  mse_out 2.023e-07:   3%|▎         | 818/25000 [00:49<24:20]
loss : 1.113e-02  mse_pde 3.614e-04  mse_ic 5.302e-03  mse_in 5.462e-03  mse_out 2.023e-07:   3%|▎         | 820/25000 [00:49<24:24]
loss : 1.095e-02  mse_pde 2.033e-04  mse_ic 5.321e-03  mse_in 5.427e-03  mse_out 2.064e-07:   3%|▎         | 820/25000 [00:49<24:24]
loss : 1.095e-02  mse_pde 2.033e-04  mse_ic 5.321e-03  mse_in 5.427e-03  mse_out 2.064e-07:   3%|▎         | 820/25000 [00:49<24:24]
loss : 1.086e-02  mse_pde 9.857e-05  mse_ic 5.240e-03  mse_in 5.517e-03  mse_out 2.063e-07:   3%|▎         | 820/25000 [00:49<24:24]
loss : 1.086e-02  mse_pde 9.857e-05  mse_ic 5.240e-03  mse_in 5.517e-03  mse_out 2.063e-07:   3%|▎         | 820/25000 [00:49<24:24]
loss : 1.086e-02  mse_pde 9.857e-05  mse_ic 5.240e-03  mse_in 5.517e-03  mse_out 2.063e-07:   3%|▎         | 822/25000 [00:49<23:54]
loss : 1.097e-02  mse_pde 2.120e-04  mse_ic 5.249e-03  mse_in 5.509e-03  mse_out 2.030e-07:   3%|▎         | 822/25000 [00:49<23:54]
loss : 1.097e-02  mse_pde 2.120e-04  mse_ic 5.249e-03  mse_in 5.509e-03  mse_out 2.030e-07:   3%|▎         | 822/25000 [00:49<23:54]
loss : 1.112e-02  mse_pde 3.886e-04  mse_ic 5.375e-03  mse_in 5.355e-03  mse_out 2.005e-07:   3%|▎         | 822/25000 [00:49<23:54]
loss : 1.112e-02  mse_pde 3.886e-04  mse_ic 5.375e-03  mse_in 5.355e-03  mse_out 2.005e-07:   3%|▎         | 822/25000 [00:49<23:54]
loss : 1.112e-02  mse_pde 3.886e-04  mse_ic 5.375e-03  mse_in 5.355e-03  mse_out 2.005e-07:   3%|▎         | 824/25000 [00:49<24:17]
loss : 1.107e-02  mse_pde 3.205e-04  mse_ic 5.319e-03  mse_in 5.434e-03  mse_out 2.027e-07:   3%|▎         | 824/25000 [00:49<24:17]
loss : 1.107e-02  mse_pde 3.205e-04  mse_ic 5.319e-03  mse_in 5.434e-03  mse_out 2.027e-07:   3%|▎         | 824/25000 [00:49<24:17]
loss : 1.087e-02  mse_pde 1.338e-04  mse_ic 5.268e-03  mse_in 5.472e-03  mse_out 2.072e-07:   3%|▎         | 824/25000 [00:49<24:17]
loss : 1.087e-02  mse_pde 1.338e-04  mse_ic 5.268e-03  mse_in 5.472e-03  mse_out 2.072e-07:   3%|▎         | 824/25000 [00:49<24:17]
loss : 1.087e-02  mse_pde 1.338e-04  mse_ic 5.268e-03  mse_in 5.472e-03  mse_out 2.072e-07:   3%|▎         | 826/25000 [00:49<23:41]
loss : 1.087e-02  mse_pde 1.362e-04  mse_ic 5.223e-03  mse_in 5.516e-03  mse_out 2.107e-07:   3%|▎         | 826/25000 [00:49<23:41]
loss : 1.087e-02  mse_pde 1.362e-04  mse_ic 5.223e-03  mse_in 5.516e-03  mse_out 2.107e-07:   3%|▎         | 826/25000 [00:49<23:41]
loss : 1.106e-02  mse_pde 3.185e-04  mse_ic 5.247e-03  mse_in 5.497e-03  mse_out 2.104e-07:   3%|▎         | 826/25000 [00:49<23:41]
loss : 1.106e-02  mse_pde 3.185e-04  mse_ic 5.247e-03  mse_in 5.497e-03  mse_out 2.104e-07:   3%|▎         | 826/25000 [00:49<23:41]
loss : 1.106e-02  mse_pde 3.185e-04  mse_ic 5.247e-03  mse_in 5.497e-03  mse_out 2.104e-07:   3%|▎         | 828/25000 [00:49<23:42]
loss : 1.115e-02  mse_pde 4.366e-04  mse_ic 5.333e-03  mse_in 5.381e-03  mse_out 2.069e-07:   3%|▎         | 828/25000 [00:49<23:42]
loss : 1.115e-02  mse_pde 4.366e-04  mse_ic 5.333e-03  mse_in 5.381e-03  mse_out 2.069e-07:   3%|▎         | 828/25000 [00:49<23:42]
loss : 1.100e-02  mse_pde 2.584e-04  mse_ic 5.256e-03  mse_in 5.482e-03  mse_out 2.071e-07:   3%|▎         | 828/25000 [00:49<23:42]
loss : 1.100e-02  mse_pde 2.584e-04  mse_ic 5.256e-03  mse_in 5.482e-03  mse_out 2.071e-07:   3%|▎         | 828/25000 [00:49<23:42]
loss : 1.100e-02  mse_pde 2.584e-04  mse_ic 5.256e-03  mse_in 5.482e-03  mse_out 2.071e-07:   3%|▎         | 830/25000 [00:49<23:59]
loss : 1.083e-02  mse_pde 9.771e-05  mse_ic 5.253e-03  mse_in 5.479e-03  mse_out 2.123e-07:   3%|▎         | 830/25000 [00:49<23:59]
loss : 1.083e-02  mse_pde 9.771e-05  mse_ic 5.253e-03  mse_in 5.479e-03  mse_out 2.123e-07:   3%|▎         | 830/25000 [00:49<23:59]
loss : 1.094e-02  mse_pde 2.142e-04  mse_ic 5.328e-03  mse_in 5.394e-03  mse_out 2.185e-07:   3%|▎         | 830/25000 [00:50<23:59]
loss : 1.094e-02  mse_pde 2.142e-04  mse_ic 5.328e-03  mse_in 5.394e-03  mse_out 2.185e-07:   3%|▎         | 830/25000 [00:50<23:59]
loss : 1.094e-02  mse_pde 2.142e-04  mse_ic 5.328e-03  mse_in 5.394e-03  mse_out 2.185e-07:   3%|▎         | 832/25000 [00:50<23:31]
loss : 1.114e-02  mse_pde 4.045e-04  mse_ic 5.348e-03  mse_in 5.388e-03  mse_out 2.184e-07:   3%|▎         | 832/25000 [00:50<23:31]
loss : 1.114e-02  mse_pde 4.045e-04  mse_ic 5.348e-03  mse_in 5.388e-03  mse_out 2.184e-07:   3%|▎         | 832/25000 [00:50<23:31]
loss : 1.104e-02  mse_pde 3.351e-04  mse_ic 5.386e-03  mse_in 5.323e-03  mse_out 2.125e-07:   3%|▎         | 832/25000 [00:50<23:31]
loss : 1.104e-02  mse_pde 3.351e-04  mse_ic 5.386e-03  mse_in 5.323e-03  mse_out 2.125e-07:   3%|▎         | 832/25000 [00:50<23:31]
loss : 1.104e-02  mse_pde 3.351e-04  mse_ic 5.386e-03  mse_in 5.323e-03  mse_out 2.125e-07:   3%|▎         | 834/25000 [00:50<23:13]
loss : 1.084e-02  mse_pde 1.174e-04  mse_ic 5.247e-03  mse_in 5.476e-03  mse_out 2.098e-07:   3%|▎         | 834/25000 [00:50<23:13]
loss : 1.084e-02  mse_pde 1.174e-04  mse_ic 5.247e-03  mse_in 5.476e-03  mse_out 2.098e-07:   3%|▎         | 834/25000 [00:50<23:13]
loss : 1.087e-02  mse_pde 1.451e-04  mse_ic 5.216e-03  mse_in 5.507e-03  mse_out 2.149e-07:   3%|▎         | 834/25000 [00:50<23:13]
loss : 1.087e-02  mse_pde 1.451e-04  mse_ic 5.216e-03  mse_in 5.507e-03  mse_out 2.149e-07:   3%|▎         | 834/25000 [00:50<23:13]
loss : 1.087e-02  mse_pde 1.451e-04  mse_ic 5.216e-03  mse_in 5.507e-03  mse_out 2.149e-07:   3%|▎         | 836/25000 [00:50<23:39]
loss : 1.107e-02  mse_pde 3.745e-04  mse_ic 5.322e-03  mse_in 5.378e-03  mse_out 2.225e-07:   3%|▎         | 836/25000 [00:50<23:39]
loss : 1.107e-02  mse_pde 3.745e-04  mse_ic 5.322e-03  mse_in 5.378e-03  mse_out 2.225e-07:   3%|▎         | 836/25000 [00:50<23:39]
loss : 1.114e-02  mse_pde 4.215e-04  mse_ic 5.303e-03  mse_in 5.418e-03  mse_out 2.232e-07:   3%|▎         | 836/25000 [00:50<23:39]
loss : 1.114e-02  mse_pde 4.215e-04  mse_ic 5.303e-03  mse_in 5.418e-03  mse_out 2.232e-07:   3%|▎         | 836/25000 [00:50<23:39]
loss : 1.114e-02  mse_pde 4.215e-04  mse_ic 5.303e-03  mse_in 5.418e-03  mse_out 2.232e-07:   3%|▎         | 838/25000 [00:50<23:56]
loss : 1.089e-02  mse_pde 1.909e-04  mse_ic 5.278e-03  mse_in 5.423e-03  mse_out 2.174e-07:   3%|▎         | 838/25000 [00:50<23:56]
loss : 1.089e-02  mse_pde 1.909e-04  mse_ic 5.278e-03  mse_in 5.423e-03  mse_out 2.174e-07:   3%|▎         | 838/25000 [00:50<23:56]
loss : 1.082e-02  mse_pde 1.134e-04  mse_ic 5.241e-03  mse_in 5.464e-03  mse_out 2.143e-07:   3%|▎         | 838/25000 [00:50<23:56]
loss : 1.082e-02  mse_pde 1.134e-04  mse_ic 5.241e-03  mse_in 5.464e-03  mse_out 2.143e-07:   3%|▎         | 838/25000 [00:50<23:56]
loss : 1.082e-02  mse_pde 1.134e-04  mse_ic 5.241e-03  mse_in 5.464e-03  mse_out 2.143e-07:   3%|▎         | 840/25000 [00:50<24:04]
loss : 1.102e-02  mse_pde 3.061e-04  mse_ic 5.305e-03  mse_in 5.409e-03  mse_out 2.184e-07:   3%|▎         | 840/25000 [00:50<24:04]
loss : 1.102e-02  mse_pde 3.061e-04  mse_ic 5.305e-03  mse_in 5.409e-03  mse_out 2.184e-07:   3%|▎         | 840/25000 [00:50<24:04]
loss : 1.112e-02  mse_pde 4.263e-04  mse_ic 5.436e-03  mse_in 5.255e-03  mse_out 2.239e-07:   3%|▎         | 840/25000 [00:50<24:04]
loss : 1.112e-02  mse_pde 4.263e-04  mse_ic 5.436e-03  mse_in 5.255e-03  mse_out 2.239e-07:   3%|▎         | 840/25000 [00:50<24:04]
loss : 1.112e-02  mse_pde 4.263e-04  mse_ic 5.436e-03  mse_in 5.255e-03  mse_out 2.239e-07:   3%|▎         | 842/25000 [00:50<24:17]
loss : 1.093e-02  mse_pde 2.151e-04  mse_ic 5.301e-03  mse_in 5.410e-03  mse_out 2.230e-07:   3%|▎         | 842/25000 [00:50<24:17]
loss : 1.093e-02  mse_pde 2.151e-04  mse_ic 5.301e-03  mse_in 5.410e-03  mse_out 2.230e-07:   3%|▎         | 842/25000 [00:50<24:17]
loss : 1.080e-02  mse_pde 9.369e-05  mse_ic 5.241e-03  mse_in 5.461e-03  mse_out 2.191e-07:   3%|▎         | 842/25000 [00:50<24:17]
loss : 1.080e-02  mse_pde 9.369e-05  mse_ic 5.241e-03  mse_in 5.461e-03  mse_out 2.191e-07:   3%|▎         | 842/25000 [00:50<24:17]
loss : 1.080e-02  mse_pde 9.369e-05  mse_ic 5.241e-03  mse_in 5.461e-03  mse_out 2.191e-07:   3%|▎         | 844/25000 [00:50<24:21]
loss : 1.097e-02  mse_pde 2.844e-04  mse_ic 5.297e-03  mse_in 5.385e-03  mse_out 2.186e-07:   3%|▎         | 844/25000 [00:50<24:21]
loss : 1.097e-02  mse_pde 2.844e-04  mse_ic 5.297e-03  mse_in 5.385e-03  mse_out 2.186e-07:   3%|▎         | 844/25000 [00:50<24:21]
loss : 1.117e-02  mse_pde 4.678e-04  mse_ic 5.308e-03  mse_in 5.390e-03  mse_out 2.221e-07:   3%|▎         | 844/25000 [00:50<24:21]
loss : 1.117e-02  mse_pde 4.678e-04  mse_ic 5.308e-03  mse_in 5.390e-03  mse_out 2.221e-07:   3%|▎         | 844/25000 [00:50<24:21]
loss : 1.117e-02  mse_pde 4.678e-04  mse_ic 5.308e-03  mse_in 5.390e-03  mse_out 2.221e-07:   3%|▎         | 846/25000 [00:50<24:29]
loss : 1.097e-02  mse_pde 2.897e-04  mse_ic 5.297e-03  mse_in 5.380e-03  mse_out 2.252e-07:   3%|▎         | 846/25000 [00:50<24:29]
loss : 1.097e-02  mse_pde 2.897e-04  mse_ic 5.297e-03  mse_in 5.380e-03  mse_out 2.252e-07:   3%|▎         | 846/25000 [00:50<24:29]
loss : 1.078e-02  mse_pde 9.272e-05  mse_ic 5.213e-03  mse_in 5.478e-03  mse_out 2.240e-07:   3%|▎         | 846/25000 [00:50<24:29]
loss : 1.078e-02  mse_pde 9.272e-05  mse_ic 5.213e-03  mse_in 5.478e-03  mse_out 2.240e-07:   3%|▎         | 846/25000 [00:50<24:29]
loss : 1.078e-02  mse_pde 9.272e-05  mse_ic 5.213e-03  mse_in 5.478e-03  mse_out 2.240e-07:   3%|▎         | 848/25000 [00:51<24:01]
loss : 1.092e-02  mse_pde 2.224e-04  mse_ic 5.258e-03  mse_in 5.436e-03  mse_out 2.218e-07:   3%|▎         | 848/25000 [00:51<24:01]
loss : 1.092e-02  mse_pde 2.224e-04  mse_ic 5.258e-03  mse_in 5.436e-03  mse_out 2.218e-07:   3%|▎         | 848/25000 [00:51<24:01]
loss : 1.110e-02  mse_pde 4.332e-04  mse_ic 5.397e-03  mse_in 5.273e-03  mse_out 2.219e-07:   3%|▎         | 848/25000 [00:51<24:01]
loss : 1.110e-02  mse_pde 4.332e-04  mse_ic 5.397e-03  mse_in 5.273e-03  mse_out 2.219e-07:   3%|▎         | 848/25000 [00:51<24:01]
loss : 1.110e-02  mse_pde 4.332e-04  mse_ic 5.397e-03  mse_in 5.273e-03  mse_out 2.219e-07:   3%|▎         | 850/25000 [00:51<24:07]
loss : 1.099e-02  mse_pde 3.040e-04  mse_ic 5.315e-03  mse_in 5.374e-03  mse_out 2.233e-07:   3%|▎         | 850/25000 [00:51<24:07]
loss : 1.099e-02  mse_pde 3.040e-04  mse_ic 5.315e-03  mse_in 5.374e-03  mse_out 2.233e-07:   3%|▎         | 850/25000 [00:51<24:07]
loss : 1.078e-02  mse_pde 9.846e-05  mse_ic 5.258e-03  mse_in 5.420e-03  mse_out 2.250e-07:   3%|▎         | 850/25000 [00:51<24:07]
loss : 1.078e-02  mse_pde 9.846e-05  mse_ic 5.258e-03  mse_in 5.420e-03  mse_out 2.250e-07:   3%|▎         | 850/25000 [00:51<24:07]
loss : 1.078e-02  mse_pde 9.846e-05  mse_ic 5.258e-03  mse_in 5.420e-03  mse_out 2.250e-07:   3%|▎         | 852/25000 [00:51<24:20]
loss : 1.089e-02  mse_pde 2.198e-04  mse_ic 5.286e-03  mse_in 5.383e-03  mse_out 2.261e-07:   3%|▎         | 852/25000 [00:51<24:20]
loss : 1.089e-02  mse_pde 2.198e-04  mse_ic 5.286e-03  mse_in 5.383e-03  mse_out 2.261e-07:   3%|▎         | 852/25000 [00:51<24:20]
loss : 1.113e-02  mse_pde 4.430e-04  mse_ic 5.319e-03  mse_in 5.363e-03  mse_out 2.260e-07:   3%|▎         | 852/25000 [00:51<24:20]
loss : 1.113e-02  mse_pde 4.430e-04  mse_ic 5.319e-03  mse_in 5.363e-03  mse_out 2.260e-07:   3%|▎         | 852/25000 [00:51<24:20]
loss : 1.113e-02  mse_pde 4.430e-04  mse_ic 5.319e-03  mse_in 5.363e-03  mse_out 2.260e-07:   3%|▎         | 854/25000 [00:51<24:27]
loss : 1.099e-02  mse_pde 3.310e-04  mse_ic 5.346e-03  mse_in 5.312e-03  mse_out 2.253e-07:   3%|▎         | 854/25000 [00:51<24:27]
loss : 1.099e-02  mse_pde 3.310e-04  mse_ic 5.346e-03  mse_in 5.312e-03  mse_out 2.253e-07:   3%|▎         | 854/25000 [00:51<24:27]
loss : 1.077e-02  mse_pde 9.819e-05  mse_ic 5.218e-03  mse_in 5.454e-03  mse_out 2.234e-07:   3%|▎         | 854/25000 [00:51<24:27]
loss : 1.077e-02  mse_pde 9.819e-05  mse_ic 5.218e-03  mse_in 5.454e-03  mse_out 2.234e-07:   3%|▎         | 854/25000 [00:51<24:27]
loss : 1.077e-02  mse_pde 9.819e-05  mse_ic 5.218e-03  mse_in 5.454e-03  mse_out 2.234e-07:   3%|▎         | 856/25000 [00:51<24:35]
loss : 1.086e-02  mse_pde 1.874e-04  mse_ic 5.223e-03  mse_in 5.450e-03  mse_out 2.235e-07:   3%|▎         | 856/25000 [00:51<24:35]
loss : 1.086e-02  mse_pde 1.874e-04  mse_ic 5.223e-03  mse_in 5.450e-03  mse_out 2.235e-07:   3%|▎         | 856/25000 [00:51<24:35]
loss : 1.108e-02  mse_pde 4.274e-04  mse_ic 5.368e-03  mse_in 5.282e-03  mse_out 2.267e-07:   3%|▎         | 856/25000 [00:51<24:35]
loss : 1.108e-02  mse_pde 4.274e-04  mse_ic 5.368e-03  mse_in 5.282e-03  mse_out 2.267e-07:   3%|▎         | 856/25000 [00:51<24:35]
loss : 1.108e-02  mse_pde 4.274e-04  mse_ic 5.368e-03  mse_in 5.282e-03  mse_out 2.267e-07:   3%|▎         | 858/25000 [00:51<24:10]
loss : 1.102e-02  mse_pde 3.531e-04  mse_ic 5.321e-03  mse_in 5.349e-03  mse_out 2.285e-07:   3%|▎         | 858/25000 [00:51<24:10]
loss : 1.102e-02  mse_pde 3.531e-04  mse_ic 5.321e-03  mse_in 5.349e-03  mse_out 2.285e-07:   3%|▎         | 858/25000 [00:51<24:10]
loss : 1.077e-02  mse_pde 1.119e-04  mse_ic 5.247e-03  mse_in 5.410e-03  mse_out 2.271e-07:   3%|▎         | 858/25000 [00:51<24:10]
loss : 1.077e-02  mse_pde 1.119e-04  mse_ic 5.247e-03  mse_in 5.410e-03  mse_out 2.271e-07:   3%|▎         | 858/25000 [00:51<24:10]
loss : 1.077e-02  mse_pde 1.119e-04  mse_ic 5.247e-03  mse_in 5.410e-03  mse_out 2.271e-07:   3%|▎         | 860/25000 [00:51<24:15]
loss : 1.084e-02  mse_pde 1.873e-04  mse_ic 5.254e-03  mse_in 5.397e-03  mse_out 2.247e-07:   3%|▎         | 860/25000 [00:51<24:15]
loss : 1.084e-02  mse_pde 1.873e-04  mse_ic 5.254e-03  mse_in 5.397e-03  mse_out 2.247e-07:   3%|▎         | 860/25000 [00:51<24:15]
loss : 1.110e-02  mse_pde 4.325e-04  mse_ic 5.341e-03  mse_in 5.324e-03  mse_out 2.253e-07:   3%|▎         | 860/25000 [00:51<24:15]
loss : 1.110e-02  mse_pde 4.325e-04  mse_ic 5.341e-03  mse_in 5.324e-03  mse_out 2.253e-07:   3%|▎         | 860/25000 [00:51<24:15]
loss : 1.110e-02  mse_pde 4.325e-04  mse_ic 5.341e-03  mse_in 5.324e-03  mse_out 2.253e-07:   3%|▎         | 862/25000 [00:51<24:14]
loss : 1.100e-02  mse_pde 3.581e-04  mse_ic 5.410e-03  mse_in 5.233e-03  mse_out 2.291e-07:   3%|▎         | 862/25000 [00:51<24:14]
loss : 1.100e-02  mse_pde 3.581e-04  mse_ic 5.410e-03  mse_in 5.233e-03  mse_out 2.291e-07:   3%|▎         | 862/25000 [00:51<24:14]
loss : 1.076e-02  mse_pde 1.031e-04  mse_ic 5.228e-03  mse_in 5.427e-03  mse_out 2.289e-07:   3%|▎         | 862/25000 [00:51<24:14]
loss : 1.076e-02  mse_pde 1.031e-04  mse_ic 5.228e-03  mse_in 5.427e-03  mse_out 2.289e-07:   3%|▎         | 862/25000 [00:51<24:14]
loss : 1.076e-02  mse_pde 1.031e-04  mse_ic 5.228e-03  mse_in 5.427e-03  mse_out 2.289e-07:   3%|▎         | 864/25000 [00:51<24:20]
loss : 1.083e-02  mse_pde 1.757e-04  mse_ic 5.193e-03  mse_in 5.461e-03  mse_out 2.262e-07:   3%|▎         | 864/25000 [00:52<24:20]
loss : 1.083e-02  mse_pde 1.757e-04  mse_ic 5.193e-03  mse_in 5.461e-03  mse_out 2.262e-07:   3%|▎         | 864/25000 [00:52<24:20]
loss : 1.106e-02  mse_pde 4.338e-04  mse_ic 5.341e-03  mse_in 5.290e-03  mse_out 2.262e-07:   3%|▎         | 864/25000 [00:52<24:20]
loss : 1.106e-02  mse_pde 4.338e-04  mse_ic 5.341e-03  mse_in 5.290e-03  mse_out 2.262e-07:   3%|▎         | 864/25000 [00:52<24:20]
loss : 1.106e-02  mse_pde 4.338e-04  mse_ic 5.341e-03  mse_in 5.290e-03  mse_out 2.262e-07:   3%|▎         | 866/25000 [00:52<24:18]
loss : 1.104e-02  mse_pde 3.874e-04  mse_ic 5.339e-03  mse_in 5.311e-03  mse_out 2.298e-07:   3%|▎         | 866/25000 [00:52<24:18]
loss : 1.104e-02  mse_pde 3.874e-04  mse_ic 5.339e-03  mse_in 5.311e-03  mse_out 2.298e-07:   3%|▎         | 866/25000 [00:52<24:18]
loss : 1.076e-02  mse_pde 1.174e-04  mse_ic 5.237e-03  mse_in 5.402e-03  mse_out 2.329e-07:   3%|▎         | 866/25000 [00:52<24:18]
loss : 1.076e-02  mse_pde 1.174e-04  mse_ic 5.237e-03  mse_in 5.402e-03  mse_out 2.329e-07:   3%|▎         | 866/25000 [00:52<24:18]
loss : 1.076e-02  mse_pde 1.174e-04  mse_ic 5.237e-03  mse_in 5.402e-03  mse_out 2.329e-07:   3%|▎         | 868/25000 [00:52<24:24]
loss : 1.082e-02  mse_pde 1.895e-04  mse_ic 5.204e-03  mse_in 5.431e-03  mse_out 2.305e-07:   3%|▎         | 868/25000 [00:52<24:24]
loss : 1.082e-02  mse_pde 1.895e-04  mse_ic 5.204e-03  mse_in 5.431e-03  mse_out 2.305e-07:   3%|▎         | 868/25000 [00:52<24:24]
loss : 1.110e-02  mse_pde 4.539e-04  mse_ic 5.345e-03  mse_in 5.301e-03  mse_out 2.262e-07:   3%|▎         | 868/25000 [00:52<24:24]
loss : 1.110e-02  mse_pde 4.539e-04  mse_ic 5.345e-03  mse_in 5.301e-03  mse_out 2.262e-07:   3%|▎         | 868/25000 [00:52<24:24]
loss : 1.110e-02  mse_pde 4.539e-04  mse_ic 5.345e-03  mse_in 5.301e-03  mse_out 2.262e-07:   3%|▎         | 870/25000 [00:52<24:07]
loss : 1.100e-02  mse_pde 3.709e-04  mse_ic 5.478e-03  mse_in 5.149e-03  mse_out 2.256e-07:   3%|▎         | 870/25000 [00:52<24:07]
loss : 1.100e-02  mse_pde 3.709e-04  mse_ic 5.478e-03  mse_in 5.149e-03  mse_out 2.256e-07:   3%|▎         | 870/25000 [00:52<24:07]
loss : 1.073e-02  mse_pde 9.106e-05  mse_ic 5.275e-03  mse_in 5.363e-03  mse_out 2.279e-07:   3%|▎         | 870/25000 [00:52<24:07]
loss : 1.073e-02  mse_pde 9.106e-05  mse_ic 5.275e-03  mse_in 5.363e-03  mse_out 2.279e-07:   3%|▎         | 870/25000 [00:52<24:07]
loss : 1.073e-02  mse_pde 9.106e-05  mse_ic 5.275e-03  mse_in 5.363e-03  mse_out 2.279e-07:   3%|▎         | 872/25000 [00:52<24:06]
loss : 1.087e-02  mse_pde 2.245e-04  mse_ic 5.149e-03  mse_in 5.495e-03  mse_out 2.314e-07:   3%|▎         | 872/25000 [00:52<24:06]
loss : 1.087e-02  mse_pde 2.245e-04  mse_ic 5.149e-03  mse_in 5.495e-03  mse_out 2.314e-07:   3%|▎         | 872/25000 [00:52<24:06]
loss : 1.109e-02  mse_pde 4.718e-04  mse_ic 5.302e-03  mse_in 5.313e-03  mse_out 2.320e-07:   3%|▎         | 872/25000 [00:52<24:06]
loss : 1.109e-02  mse_pde 4.718e-04  mse_ic 5.302e-03  mse_in 5.313e-03  mse_out 2.320e-07:   3%|▎         | 872/25000 [00:52<24:06]
loss : 1.109e-02  mse_pde 4.718e-04  mse_ic 5.302e-03  mse_in 5.313e-03  mse_out 2.320e-07:   3%|▎         | 874/25000 [00:52<24:15]
loss : 1.101e-02  mse_pde 3.763e-04  mse_ic 5.440e-03  mse_in 5.192e-03  mse_out 2.285e-07:   3%|▎         | 874/25000 [00:52<24:15]
loss : 1.101e-02  mse_pde 3.763e-04  mse_ic 5.440e-03  mse_in 5.192e-03  mse_out 2.285e-07:   3%|▎         | 874/25000 [00:52<24:15]
loss : 1.071e-02  mse_pde 8.947e-05  mse_ic 5.324e-03  mse_in 5.298e-03  mse_out 2.254e-07:   3%|▎         | 874/25000 [00:52<24:15]
loss : 1.071e-02  mse_pde 8.947e-05  mse_ic 5.324e-03  mse_in 5.298e-03  mse_out 2.254e-07:   3%|▎         | 874/25000 [00:52<24:15]
loss : 1.071e-02  mse_pde 8.947e-05  mse_ic 5.324e-03  mse_in 5.298e-03  mse_out 2.254e-07:   4%|▎         | 876/25000 [00:52<24:25]
loss : 1.095e-02  mse_pde 3.284e-04  mse_ic 5.104e-03  mse_in 5.515e-03  mse_out 2.258e-07:   4%|▎         | 876/25000 [00:52<24:25]
loss : 1.095e-02  mse_pde 3.284e-04  mse_ic 5.104e-03  mse_in 5.515e-03  mse_out 2.258e-07:   4%|▎         | 876/25000 [00:52<24:25]
loss : 1.122e-02  mse_pde 5.871e-04  mse_ic 5.225e-03  mse_in 5.412e-03  mse_out 2.287e-07:   4%|▎         | 876/25000 [00:52<24:25]
loss : 1.122e-02  mse_pde 5.871e-04  mse_ic 5.225e-03  mse_in 5.412e-03  mse_out 2.287e-07:   4%|▎         | 876/25000 [00:52<24:25]
loss : 1.122e-02  mse_pde 5.871e-04  mse_ic 5.225e-03  mse_in 5.412e-03  mse_out 2.287e-07:   4%|▎         | 878/25000 [00:52<24:13]
loss : 1.093e-02  mse_pde 3.080e-04  mse_ic 5.553e-03  mse_in 5.067e-03  mse_out 2.289e-07:   4%|▎         | 878/25000 [00:52<24:13]
loss : 1.093e-02  mse_pde 3.080e-04  mse_ic 5.553e-03  mse_in 5.067e-03  mse_out 2.289e-07:   4%|▎         | 878/25000 [00:52<24:13]
loss : 1.075e-02  mse_pde 1.255e-04  mse_ic 5.501e-03  mse_in 5.122e-03  mse_out 2.244e-07:   4%|▎         | 878/25000 [00:52<24:13]
loss : 1.075e-02  mse_pde 1.255e-04  mse_ic 5.501e-03  mse_in 5.122e-03  mse_out 2.244e-07:   4%|▎         | 878/25000 [00:52<24:13]
loss : 1.075e-02  mse_pde 1.255e-04  mse_ic 5.501e-03  mse_in 5.122e-03  mse_out 2.244e-07:   4%|▎         | 880/25000 [00:52<24:22]
loss : 1.111e-02  mse_pde 4.768e-04  mse_ic 5.215e-03  mse_in 5.418e-03  mse_out 2.228e-07:   4%|▎         | 880/25000 [00:52<24:22]
loss : 1.111e-02  mse_pde 4.768e-04  mse_ic 5.215e-03  mse_in 5.418e-03  mse_out 2.228e-07:   4%|▎         | 880/25000 [00:52<24:22]
loss : 1.106e-02  mse_pde 4.526e-04  mse_ic 5.167e-03  mse_in 5.443e-03  mse_out 2.278e-07:   4%|▎         | 880/25000 [00:53<24:22]
loss : 1.106e-02  mse_pde 4.526e-04  mse_ic 5.167e-03  mse_in 5.443e-03  mse_out 2.278e-07:   4%|▎         | 880/25000 [00:53<24:22]
loss : 1.106e-02  mse_pde 4.526e-04  mse_ic 5.167e-03  mse_in 5.443e-03  mse_out 2.278e-07:   4%|▎         | 882/25000 [00:53<24:32]
loss : 1.072e-02  mse_pde 1.004e-04  mse_ic 5.380e-03  mse_in 5.237e-03  mse_out 2.324e-07:   4%|▎         | 882/25000 [00:53<24:32]
loss : 1.072e-02  mse_pde 1.004e-04  mse_ic 5.380e-03  mse_in 5.237e-03  mse_out 2.324e-07:   4%|▎         | 882/25000 [00:53<24:32]
loss : 1.089e-02  mse_pde 2.682e-04  mse_ic 5.489e-03  mse_in 5.131e-03  mse_out 2.295e-07:   4%|▎         | 882/25000 [00:53<24:32]
loss : 1.089e-02  mse_pde 2.682e-04  mse_ic 5.489e-03  mse_in 5.131e-03  mse_out 2.295e-07:   4%|▎         | 882/25000 [00:53<24:32]
loss : 1.102e-02  mse_pde 4.237e-04  mse_ic 5.378e-03  mse_in 5.221e-03  mse_out 2.241e-07:   4%|▎         | 882/25000 [00:53<24:32]
loss : 1.102e-02  mse_pde 4.237e-04  mse_ic 5.378e-03  mse_in 5.221e-03  mse_out 2.241e-07:   4%|▎         | 882/25000 [00:53<24:32]
loss : 1.102e-02  mse_pde 4.237e-04  mse_ic 5.378e-03  mse_in 5.221e-03  mse_out 2.241e-07:   4%|▎         | 885/25000 [00:53<21:39]
loss : 1.080e-02  mse_pde 1.779e-04  mse_ic 5.156e-03  mse_in 5.462e-03  mse_out 2.224e-07:   4%|▎         | 885/25000 [00:53<21:39]
loss : 1.080e-02  mse_pde 1.779e-04  mse_ic 5.156e-03  mse_in 5.462e-03  mse_out 2.224e-07:   4%|▎         | 885/25000 [00:53<21:39]
loss : 1.074e-02  mse_pde 1.262e-04  mse_ic 5.092e-03  mse_in 5.525e-03  mse_out 2.249e-07:   4%|▎         | 885/25000 [00:53<21:39]
loss : 1.074e-02  mse_pde 1.262e-04  mse_ic 5.092e-03  mse_in 5.525e-03  mse_out 2.249e-07:   4%|▎         | 885/25000 [00:53<21:39]
loss : 1.097e-02  mse_pde 3.726e-04  mse_ic 5.228e-03  mse_in 5.367e-03  mse_out 2.266e-07:   4%|▎         | 885/25000 [00:53<21:39]
loss : 1.097e-02  mse_pde 3.726e-04  mse_ic 5.228e-03  mse_in 5.367e-03  mse_out 2.266e-07:   4%|▎         | 885/25000 [00:53<21:39]
loss : 1.097e-02  mse_pde 3.726e-04  mse_ic 5.228e-03  mse_in 5.367e-03  mse_out 2.266e-07:   4%|▎         | 888/25000 [00:53<20:49]
loss : 1.099e-02  mse_pde 3.820e-04  mse_ic 5.408e-03  mse_in 5.202e-03  mse_out 2.257e-07:   4%|▎         | 888/25000 [00:53<20:49]
loss : 1.099e-02  mse_pde 3.820e-04  mse_ic 5.408e-03  mse_in 5.202e-03  mse_out 2.257e-07:   4%|▎         | 888/25000 [00:53<20:49]
loss : 1.072e-02  mse_pde 1.180e-04  mse_ic 5.441e-03  mse_in 5.160e-03  mse_out 2.252e-07:   4%|▎         | 888/25000 [00:53<20:49]
loss : 1.072e-02  mse_pde 1.180e-04  mse_ic 5.441e-03  mse_in 5.160e-03  mse_out 2.252e-07:   4%|▎         | 888/25000 [00:53<20:49]
loss : 1.072e-02  mse_pde 1.180e-04  mse_ic 5.441e-03  mse_in 5.160e-03  mse_out 2.252e-07:   4%|▎         | 890/25000 [00:53<21:09]
loss : 1.084e-02  mse_pde 2.460e-04  mse_ic 5.236e-03  mse_in 5.362e-03  mse_out 2.262e-07:   4%|▎         | 890/25000 [00:53<21:09]
loss : 1.084e-02  mse_pde 2.460e-04  mse_ic 5.236e-03  mse_in 5.362e-03  mse_out 2.262e-07:   4%|▎         | 890/25000 [00:53<21:09]
loss : 1.111e-02  mse_pde 4.882e-04  mse_ic 5.098e-03  mse_in 5.521e-03  mse_out 2.271e-07:   4%|▎         | 890/25000 [00:53<21:09]
loss : 1.111e-02  mse_pde 4.882e-04  mse_ic 5.098e-03  mse_in 5.521e-03  mse_out 2.271e-07:   4%|▎         | 890/25000 [00:53<21:09]
loss : 1.111e-02  mse_pde 4.882e-04  mse_ic 5.098e-03  mse_in 5.521e-03  mse_out 2.271e-07:   4%|▎         | 892/25000 [00:53<22:04]
loss : 1.086e-02  mse_pde 2.609e-04  mse_ic 5.238e-03  mse_in 5.357e-03  mse_out 2.260e-07:   4%|▎         | 892/25000 [00:53<22:04]
loss : 1.086e-02  mse_pde 2.609e-04  mse_ic 5.238e-03  mse_in 5.357e-03  mse_out 2.260e-07:   4%|▎         | 892/25000 [00:53<22:04]
loss : 1.070e-02  mse_pde 1.059e-04  mse_ic 5.441e-03  mse_in 5.158e-03  mse_out 2.240e-07:   4%|▎         | 892/25000 [00:53<22:04]
loss : 1.070e-02  mse_pde 1.059e-04  mse_ic 5.441e-03  mse_in 5.158e-03  mse_out 2.240e-07:   4%|▎         | 892/25000 [00:53<22:04]
loss : 1.070e-02  mse_pde 1.059e-04  mse_ic 5.441e-03  mse_in 5.158e-03  mse_out 2.240e-07:   4%|▎         | 894/25000 [00:53<22:47]
loss : 1.094e-02  mse_pde 3.299e-04  mse_ic 5.430e-03  mse_in 5.175e-03  mse_out 2.242e-07:   4%|▎         | 894/25000 [00:53<22:47]
loss : 1.094e-02  mse_pde 3.299e-04  mse_ic 5.430e-03  mse_in 5.175e-03  mse_out 2.242e-07:   4%|▎         | 894/25000 [00:53<22:47]
loss : 1.094e-02  mse_pde 3.521e-04  mse_ic 5.301e-03  mse_in 5.286e-03  mse_out 2.274e-07:   4%|▎         | 894/25000 [00:53<22:47]
loss : 1.094e-02  mse_pde 3.521e-04  mse_ic 5.301e-03  mse_in 5.286e-03  mse_out 2.274e-07:   4%|▎         | 894/25000 [00:53<22:47]
loss : 1.094e-02  mse_pde 3.521e-04  mse_ic 5.301e-03  mse_in 5.286e-03  mse_out 2.274e-07:   4%|▎         | 896/25000 [00:53<23:04]
loss : 1.072e-02  mse_pde 1.237e-04  mse_ic 5.162e-03  mse_in 5.437e-03  mse_out 2.289e-07:   4%|▎         | 896/25000 [00:53<23:04]
loss : 1.072e-02  mse_pde 1.237e-04  mse_ic 5.162e-03  mse_in 5.437e-03  mse_out 2.289e-07:   4%|▎         | 896/25000 [00:53<23:04]
loss : 1.073e-02  mse_pde 1.375e-04  mse_ic 5.153e-03  mse_in 5.443e-03  mse_out 2.257e-07:   4%|▎         | 896/25000 [00:53<23:04]
loss : 1.073e-02  mse_pde 1.375e-04  mse_ic 5.153e-03  mse_in 5.443e-03  mse_out 2.257e-07:   4%|▎         | 896/25000 [00:53<23:04]
loss : 1.073e-02  mse_pde 1.375e-04  mse_ic 5.153e-03  mse_in 5.443e-03  mse_out 2.257e-07:   4%|▎         | 898/25000 [00:53<23:20]
loss : 1.095e-02  mse_pde 3.709e-04  mse_ic 5.247e-03  mse_in 5.329e-03  mse_out 2.206e-07:   4%|▎         | 898/25000 [00:53<23:20]
loss : 1.095e-02  mse_pde 3.709e-04  mse_ic 5.247e-03  mse_in 5.329e-03  mse_out 2.206e-07:   4%|▎         | 898/25000 [00:53<23:20]
loss : 1.095e-02  mse_pde 3.554e-04  mse_ic 5.318e-03  mse_in 5.275e-03  mse_out 2.201e-07:   4%|▎         | 898/25000 [00:54<23:20]
loss : 1.095e-02  mse_pde 3.554e-04  mse_ic 5.318e-03  mse_in 5.275e-03  mse_out 2.201e-07:   4%|▎         | 898/25000 [00:54<23:20]
loss : 1.095e-02  mse_pde 3.554e-04  mse_ic 5.318e-03  mse_in 5.275e-03  mse_out 2.201e-07:   4%|▎         | 900/25000 [00:54<23:42]
loss : 1.070e-02  mse_pde 1.189e-04  mse_ic 5.308e-03  mse_in 5.276e-03  mse_out 2.248e-07:   4%|▎         | 900/25000 [00:54<23:42]
loss : 1.070e-02  mse_pde 1.189e-04  mse_ic 5.308e-03  mse_in 5.276e-03  mse_out 2.248e-07:   4%|▎         | 900/25000 [00:54<23:42]
loss : 1.076e-02  mse_pde 1.707e-04  mse_ic 5.188e-03  mse_in 5.397e-03  mse_out 2.305e-07:   4%|▎         | 900/25000 [00:54<23:42]
loss : 1.076e-02  mse_pde 1.707e-04  mse_ic 5.188e-03  mse_in 5.397e-03  mse_out 2.305e-07:   4%|▎         | 900/25000 [00:54<23:42]
loss : 1.076e-02  mse_pde 1.707e-04  mse_ic 5.188e-03  mse_in 5.397e-03  mse_out 2.305e-07:   4%|▎         | 902/25000 [00:54<24:07]
loss : 1.099e-02  mse_pde 3.890e-04  mse_ic 5.149e-03  mse_in 5.448e-03  mse_out 2.331e-07:   4%|▎         | 902/25000 [00:54<24:07]
loss : 1.099e-02  mse_pde 3.890e-04  mse_ic 5.149e-03  mse_in 5.448e-03  mse_out 2.331e-07:   4%|▎         | 902/25000 [00:54<24:07]
loss : 1.089e-02  mse_pde 3.138e-04  mse_ic 5.277e-03  mse_in 5.298e-03  mse_out 2.206e-07:   4%|▎         | 902/25000 [00:54<24:07]
loss : 1.089e-02  mse_pde 3.138e-04  mse_ic 5.277e-03  mse_in 5.298e-03  mse_out 2.206e-07:   4%|▎         | 902/25000 [00:54<24:07]
loss : 1.089e-02  mse_pde 3.138e-04  mse_ic 5.277e-03  mse_in 5.298e-03  mse_out 2.206e-07:   4%|▎         | 904/25000 [00:54<23:52]
loss : 1.069e-02  mse_pde 1.075e-04  mse_ic 5.383e-03  mse_in 5.200e-03  mse_out 2.097e-07:   4%|▎         | 904/25000 [00:54<23:52]
loss : 1.069e-02  mse_pde 1.075e-04  mse_ic 5.383e-03  mse_in 5.200e-03  mse_out 2.097e-07:   4%|▎         | 904/25000 [00:54<23:52]
loss : 1.078e-02  mse_pde 1.928e-04  mse_ic 5.327e-03  mse_in 5.258e-03  mse_out 2.111e-07:   4%|▎         | 904/25000 [00:54<23:52]
loss : 1.078e-02  mse_pde 1.928e-04  mse_ic 5.327e-03  mse_in 5.258e-03  mse_out 2.111e-07:   4%|▎         | 904/25000 [00:54<23:52]
loss : 1.078e-02  mse_pde 1.928e-04  mse_ic 5.327e-03  mse_in 5.258e-03  mse_out 2.111e-07:   4%|▎         | 906/25000 [00:54<24:02]
loss : 1.095e-02  mse_pde 3.757e-04  mse_ic 5.217e-03  mse_in 5.355e-03  mse_out 2.232e-07:   4%|▎         | 906/25000 [00:54<24:02]
loss : 1.095e-02  mse_pde 3.757e-04  mse_ic 5.217e-03  mse_in 5.355e-03  mse_out 2.232e-07:   4%|▎         | 906/25000 [00:54<24:02]
loss : 1.087e-02  mse_pde 2.856e-04  mse_ic 5.202e-03  mse_in 5.387e-03  mse_out 2.420e-07:   4%|▎         | 906/25000 [00:54<24:02]
loss : 1.087e-02  mse_pde 2.856e-04  mse_ic 5.202e-03  mse_in 5.387e-03  mse_out 2.420e-07:   4%|▎         | 906/25000 [00:54<24:02]
loss : 1.087e-02  mse_pde 2.856e-04  mse_ic 5.202e-03  mse_in 5.387e-03  mse_out 2.420e-07:   4%|▎         | 908/25000 [00:54<24:10]
loss : 1.067e-02  mse_pde 9.439e-05  mse_ic 5.282e-03  mse_in 5.295e-03  mse_out 2.427e-07:   4%|▎         | 908/25000 [00:54<24:10]
loss : 1.067e-02  mse_pde 9.439e-05  mse_ic 5.282e-03  mse_in 5.295e-03  mse_out 2.427e-07:   4%|▎         | 908/25000 [00:54<24:10]
loss : 1.076e-02  mse_pde 1.938e-04  mse_ic 5.302e-03  mse_in 5.267e-03  mse_out 2.302e-07:   4%|▎         | 908/25000 [00:54<24:10]
loss : 1.076e-02  mse_pde 1.938e-04  mse_ic 5.302e-03  mse_in 5.267e-03  mse_out 2.302e-07:   4%|▎         | 908/25000 [00:54<24:10]
loss : 1.076e-02  mse_pde 1.938e-04  mse_ic 5.302e-03  mse_in 5.267e-03  mse_out 2.302e-07:   4%|▎         | 910/25000 [00:54<24:12]
loss : 1.097e-02  mse_pde 3.858e-04  mse_ic 5.235e-03  mse_in 5.344e-03  mse_out 2.193e-07:   4%|▎         | 910/25000 [00:54<24:12]
loss : 1.097e-02  mse_pde 3.858e-04  mse_ic 5.235e-03  mse_in 5.344e-03  mse_out 2.193e-07:   4%|▎         | 910/25000 [00:54<24:12]
loss : 1.086e-02  mse_pde 3.007e-04  mse_ic 5.207e-03  mse_in 5.353e-03  mse_out 2.155e-07:   4%|▎         | 910/25000 [00:54<24:12]
loss : 1.086e-02  mse_pde 3.007e-04  mse_ic 5.207e-03  mse_in 5.353e-03  mse_out 2.155e-07:   4%|▎         | 910/25000 [00:54<24:12]
loss : 1.086e-02  mse_pde 3.007e-04  mse_ic 5.207e-03  mse_in 5.353e-03  mse_out 2.155e-07:   4%|▎         | 912/25000 [00:54<24:27]
loss : 1.067e-02  mse_pde 9.895e-05  mse_ic 5.211e-03  mse_in 5.359e-03  mse_out 2.204e-07:   4%|▎         | 912/25000 [00:54<24:27]
loss : 1.067e-02  mse_pde 9.895e-05  mse_ic 5.211e-03  mse_in 5.359e-03  mse_out 2.204e-07:   4%|▎         | 912/25000 [00:54<24:27]
loss : 1.071e-02  mse_pde 1.394e-04  mse_ic 5.205e-03  mse_in 5.369e-03  mse_out 2.247e-07:   4%|▎         | 912/25000 [00:54<24:27]
loss : 1.071e-02  mse_pde 1.394e-04  mse_ic 5.205e-03  mse_in 5.369e-03  mse_out 2.247e-07:   4%|▎         | 912/25000 [00:54<24:27]
loss : 1.071e-02  mse_pde 1.394e-04  mse_ic 5.205e-03  mse_in 5.369e-03  mse_out 2.247e-07:   4%|▎         | 914/25000 [00:54<24:24]
loss : 1.091e-02  mse_pde 3.432e-04  mse_ic 5.233e-03  mse_in 5.329e-03  mse_out 2.265e-07:   4%|▎         | 914/25000 [00:54<24:24]
loss : 1.091e-02  mse_pde 3.432e-04  mse_ic 5.233e-03  mse_in 5.329e-03  mse_out 2.265e-07:   4%|▎         | 914/25000 [00:54<24:24]
loss : 1.092e-02  mse_pde 3.460e-04  mse_ic 5.312e-03  mse_in 5.266e-03  mse_out 2.319e-07:   4%|▎         | 914/25000 [00:55<24:24]
loss : 1.092e-02  mse_pde 3.460e-04  mse_ic 5.312e-03  mse_in 5.266e-03  mse_out 2.319e-07:   4%|▎         | 914/25000 [00:55<24:24]
loss : 1.092e-02  mse_pde 3.460e-04  mse_ic 5.312e-03  mse_in 5.266e-03  mse_out 2.319e-07:   4%|▎         | 916/25000 [00:55<24:23]
loss : 1.070e-02  mse_pde 1.370e-04  mse_ic 5.385e-03  mse_in 5.179e-03  mse_out 2.337e-07:   4%|▎         | 916/25000 [00:55<24:23]
loss : 1.070e-02  mse_pde 1.370e-04  mse_ic 5.385e-03  mse_in 5.179e-03  mse_out 2.337e-07:   4%|▎         | 916/25000 [00:55<24:23]
loss : 1.068e-02  mse_pde 1.150e-04  mse_ic 5.270e-03  mse_in 5.290e-03  mse_out 2.296e-07:   4%|▎         | 916/25000 [00:55<24:23]
loss : 1.068e-02  mse_pde 1.150e-04  mse_ic 5.270e-03  mse_in 5.290e-03  mse_out 2.296e-07:   4%|▎         | 916/25000 [00:55<24:23]
loss : 1.068e-02  mse_pde 1.150e-04  mse_ic 5.270e-03  mse_in 5.290e-03  mse_out 2.296e-07:   4%|▎         | 918/25000 [00:55<24:26]
loss : 1.090e-02  mse_pde 3.331e-04  mse_ic 5.136e-03  mse_in 5.434e-03  mse_out 2.231e-07:   4%|▎         | 918/25000 [00:55<24:26]
loss : 1.090e-02  mse_pde 3.331e-04  mse_ic 5.136e-03  mse_in 5.434e-03  mse_out 2.231e-07:   4%|▎         | 918/25000 [00:55<24:26]
loss : 1.099e-02  mse_pde 4.389e-04  mse_ic 5.190e-03  mse_in 5.358e-03  mse_out 2.192e-07:   4%|▎         | 918/25000 [00:55<24:26]
loss : 1.099e-02  mse_pde 4.389e-04  mse_ic 5.190e-03  mse_in 5.358e-03  mse_out 2.192e-07:   4%|▎         | 918/25000 [00:55<24:26]
loss : 1.099e-02  mse_pde 4.389e-04  mse_ic 5.190e-03  mse_in 5.358e-03  mse_out 2.192e-07:   4%|▎         | 920/25000 [00:55<24:28]
loss : 1.083e-02  mse_pde 2.615e-04  mse_ic 5.361e-03  mse_in 5.204e-03  mse_out 2.236e-07:   4%|▎         | 920/25000 [00:55<24:28]
loss : 1.083e-02  mse_pde 2.615e-04  mse_ic 5.361e-03  mse_in 5.204e-03  mse_out 2.236e-07:   4%|▎         | 920/25000 [00:55<24:28]
loss : 1.065e-02  mse_pde 8.516e-05  mse_ic 5.381e-03  mse_in 5.181e-03  mse_out 2.267e-07:   4%|▎         | 920/25000 [00:55<24:28]
loss : 1.065e-02  mse_pde 8.516e-05  mse_ic 5.381e-03  mse_in 5.181e-03  mse_out 2.267e-07:   4%|▎         | 920/25000 [00:55<24:28]
loss : 1.065e-02  mse_pde 8.516e-05  mse_ic 5.381e-03  mse_in 5.181e-03  mse_out 2.267e-07:   4%|▎         | 922/25000 [00:55<24:06]
loss : 1.081e-02  mse_pde 2.571e-04  mse_ic 5.210e-03  mse_in 5.344e-03  mse_out 2.277e-07:   4%|▎         | 922/25000 [00:55<24:06]
loss : 1.081e-02  mse_pde 2.571e-04  mse_ic 5.210e-03  mse_in 5.344e-03  mse_out 2.277e-07:   4%|▎         | 922/25000 [00:55<24:06]
loss : 1.105e-02  mse_pde 4.795e-04  mse_ic 5.148e-03  mse_in 5.419e-03  mse_out 2.295e-07:   4%|▎         | 922/25000 [00:55<24:06]
loss : 1.105e-02  mse_pde 4.795e-04  mse_ic 5.148e-03  mse_in 5.419e-03  mse_out 2.295e-07:   4%|▎         | 922/25000 [00:55<24:06]
loss : 1.105e-02  mse_pde 4.795e-04  mse_ic 5.148e-03  mse_in 5.419e-03  mse_out 2.295e-07:   4%|▎         | 924/25000 [00:55<24:15]
loss : 1.089e-02  mse_pde 3.468e-04  mse_ic 5.306e-03  mse_in 5.236e-03  mse_out 2.260e-07:   4%|▎         | 924/25000 [00:55<24:15]
loss : 1.089e-02  mse_pde 3.468e-04  mse_ic 5.306e-03  mse_in 5.236e-03  mse_out 2.260e-07:   4%|▎         | 924/25000 [00:55<24:15]
loss : 1.066e-02  mse_pde 1.032e-04  mse_ic 5.413e-03  mse_in 5.139e-03  mse_out 2.194e-07:   4%|▎         | 924/25000 [00:55<24:15]
loss : 1.066e-02  mse_pde 1.032e-04  mse_ic 5.413e-03  mse_in 5.139e-03  mse_out 2.194e-07:   4%|▎         | 924/25000 [00:55<24:15]
loss : 1.066e-02  mse_pde 1.032e-04  mse_ic 5.413e-03  mse_in 5.139e-03  mse_out 2.194e-07:   4%|▎         | 926/25000 [00:55<24:12]
loss : 1.076e-02  mse_pde 2.042e-04  mse_ic 5.295e-03  mse_in 5.260e-03  mse_out 2.164e-07:   4%|▎         | 926/25000 [00:55<24:12]
loss : 1.076e-02  mse_pde 2.042e-04  mse_ic 5.295e-03  mse_in 5.260e-03  mse_out 2.164e-07:   4%|▎         | 926/25000 [00:55<24:12]
loss : 1.099e-02  mse_pde 4.498e-04  mse_ic 5.168e-03  mse_in 5.374e-03  mse_out 2.229e-07:   4%|▎         | 926/25000 [00:55<24:12]
loss : 1.099e-02  mse_pde 4.498e-04  mse_ic 5.168e-03  mse_in 5.374e-03  mse_out 2.229e-07:   4%|▎         | 926/25000 [00:55<24:12]
loss : 1.099e-02  mse_pde 4.498e-04  mse_ic 5.168e-03  mse_in 5.374e-03  mse_out 2.229e-07:   4%|▎         | 928/25000 [00:55<24:22]
loss : 1.093e-02  mse_pde 3.718e-04  mse_ic 5.247e-03  mse_in 5.311e-03  mse_out 2.339e-07:   4%|▎         | 928/25000 [00:55<24:22]
loss : 1.093e-02  mse_pde 3.718e-04  mse_ic 5.247e-03  mse_in 5.311e-03  mse_out 2.339e-07:   4%|▎         | 928/25000 [00:55<24:22]
loss : 1.065e-02  mse_pde 1.018e-04  mse_ic 5.388e-03  mse_in 5.160e-03  mse_out 2.303e-07:   4%|▎         | 928/25000 [00:55<24:22]
loss : 1.065e-02  mse_pde 1.018e-04  mse_ic 5.388e-03  mse_in 5.160e-03  mse_out 2.303e-07:   4%|▎         | 928/25000 [00:55<24:22]
loss : 1.065e-02  mse_pde 1.018e-04  mse_ic 5.388e-03  mse_in 5.160e-03  mse_out 2.303e-07:   4%|▎         | 930/25000 [00:55<24:21]
loss : 1.075e-02  mse_pde 2.113e-04  mse_ic 5.336e-03  mse_in 5.205e-03  mse_out 2.185e-07:   4%|▎         | 930/25000 [00:55<24:21]
loss : 1.075e-02  mse_pde 2.113e-04  mse_ic 5.336e-03  mse_in 5.205e-03  mse_out 2.185e-07:   4%|▎         | 930/25000 [00:55<24:21]
loss : 1.102e-02  mse_pde 4.674e-04  mse_ic 5.208e-03  mse_in 5.343e-03  mse_out 2.167e-07:   4%|▎         | 930/25000 [00:55<24:21]
loss : 1.102e-02  mse_pde 4.674e-04  mse_ic 5.208e-03  mse_in 5.343e-03  mse_out 2.167e-07:   4%|▎         | 930/25000 [00:55<24:21]
loss : 1.102e-02  mse_pde 4.674e-04  mse_ic 5.208e-03  mse_in 5.343e-03  mse_out 2.167e-07:   4%|▎         | 932/25000 [00:55<24:05]
loss : 1.086e-02  mse_pde 3.273e-04  mse_ic 5.237e-03  mse_in 5.294e-03  mse_out 2.259e-07:   4%|▎         | 932/25000 [00:56<24:05]
loss : 1.086e-02  mse_pde 3.273e-04  mse_ic 5.237e-03  mse_in 5.294e-03  mse_out 2.259e-07:   4%|▎         | 932/25000 [00:56<24:05]
loss : 1.063e-02  mse_pde 9.070e-05  mse_ic 5.319e-03  mse_in 5.221e-03  mse_out 2.339e-07:   4%|▎         | 932/25000 [00:56<24:05]
loss : 1.063e-02  mse_pde 9.070e-05  mse_ic 5.319e-03  mse_in 5.221e-03  mse_out 2.339e-07:   4%|▎         | 932/25000 [00:56<24:05]
loss : 1.063e-02  mse_pde 9.070e-05  mse_ic 5.319e-03  mse_in 5.221e-03  mse_out 2.339e-07:   4%|▎         | 934/25000 [00:56<24:17]
loss : 1.076e-02  mse_pde 2.098e-04  mse_ic 5.270e-03  mse_in 5.276e-03  mse_out 2.286e-07:   4%|▎         | 934/25000 [00:56<24:17]
loss : 1.076e-02  mse_pde 2.098e-04  mse_ic 5.270e-03  mse_in 5.276e-03  mse_out 2.286e-07:   4%|▎         | 934/25000 [00:56<24:17]
loss : 1.096e-02  mse_pde 4.288e-04  mse_ic 5.213e-03  mse_in 5.319e-03  mse_out 2.205e-07:   4%|▎         | 934/25000 [00:56<24:17]
loss : 1.096e-02  mse_pde 4.288e-04  mse_ic 5.213e-03  mse_in 5.319e-03  mse_out 2.205e-07:   4%|▎         | 934/25000 [00:56<24:17]
loss : 1.096e-02  mse_pde 4.288e-04  mse_ic 5.213e-03  mse_in 5.319e-03  mse_out 2.205e-07:   4%|▎         | 936/25000 [00:56<24:34]
loss : 1.082e-02  mse_pde 2.785e-04  mse_ic 5.292e-03  mse_in 5.252e-03  mse_out 2.232e-07:   4%|▎         | 936/25000 [00:56<24:34]
loss : 1.082e-02  mse_pde 2.785e-04  mse_ic 5.292e-03  mse_in 5.252e-03  mse_out 2.232e-07:   4%|▎         | 936/25000 [00:56<24:34]
loss : 1.062e-02  mse_pde 8.702e-05  mse_ic 5.350e-03  mse_in 5.183e-03  mse_out 2.285e-07:   4%|▎         | 936/25000 [00:56<24:34]
loss : 1.062e-02  mse_pde 8.702e-05  mse_ic 5.350e-03  mse_in 5.183e-03  mse_out 2.285e-07:   4%|▎         | 936/25000 [00:56<24:34]
loss : 1.062e-02  mse_pde 8.702e-05  mse_ic 5.350e-03  mse_in 5.183e-03  mse_out 2.285e-07:   4%|▍         | 938/25000 [00:56<24:29]
loss : 1.078e-02  mse_pde 2.523e-04  mse_ic 5.233e-03  mse_in 5.292e-03  mse_out 2.266e-07:   4%|▍         | 938/25000 [00:56<24:29]
loss : 1.078e-02  mse_pde 2.523e-04  mse_ic 5.233e-03  mse_in 5.292e-03  mse_out 2.266e-07:   4%|▍         | 938/25000 [00:56<24:29]
loss : 1.100e-02  mse_pde 4.628e-04  mse_ic 5.164e-03  mse_in 5.378e-03  mse_out 2.228e-07:   4%|▍         | 938/25000 [00:56<24:29]
loss : 1.100e-02  mse_pde 4.628e-04  mse_ic 5.164e-03  mse_in 5.378e-03  mse_out 2.228e-07:   4%|▍         | 938/25000 [00:56<24:29]
loss : 1.100e-02  mse_pde 4.628e-04  mse_ic 5.164e-03  mse_in 5.378e-03  mse_out 2.228e-07:   4%|▍         | 940/25000 [00:56<24:29]
loss : 1.081e-02  mse_pde 2.847e-04  mse_ic 5.298e-03  mse_in 5.228e-03  mse_out 2.251e-07:   4%|▍         | 940/25000 [00:56<24:29]
loss : 1.081e-02  mse_pde 2.847e-04  mse_ic 5.298e-03  mse_in 5.228e-03  mse_out 2.251e-07:   4%|▍         | 940/25000 [00:56<24:29]
loss : 1.062e-02  mse_pde 8.265e-05  mse_ic 5.401e-03  mse_in 5.133e-03  mse_out 2.319e-07:   4%|▍         | 940/25000 [00:56<24:29]
loss : 1.062e-02  mse_pde 8.265e-05  mse_ic 5.401e-03  mse_in 5.133e-03  mse_out 2.319e-07:   4%|▍         | 940/25000 [00:56<24:29]
loss : 1.062e-02  mse_pde 8.265e-05  mse_ic 5.401e-03  mse_in 5.133e-03  mse_out 2.319e-07:   4%|▍         | 942/25000 [00:56<24:37]
loss : 1.079e-02  mse_pde 2.521e-04  mse_ic 5.278e-03  mse_in 5.259e-03  mse_out 2.310e-07:   4%|▍         | 942/25000 [00:56<24:37]
loss : 1.079e-02  mse_pde 2.521e-04  mse_ic 5.278e-03  mse_in 5.259e-03  mse_out 2.310e-07:   4%|▍         | 942/25000 [00:56<24:37]
loss : 1.096e-02  mse_pde 4.383e-04  mse_ic 5.147e-03  mse_in 5.373e-03  mse_out 2.222e-07:   4%|▍         | 942/25000 [00:56<24:37]
loss : 1.096e-02  mse_pde 4.383e-04  mse_ic 5.147e-03  mse_in 5.373e-03  mse_out 2.222e-07:   4%|▍         | 942/25000 [00:56<24:37]
loss : 1.096e-02  mse_pde 4.383e-04  mse_ic 5.147e-03  mse_in 5.373e-03  mse_out 2.222e-07:   4%|▍         | 944/25000 [00:56<24:32]
loss : 1.080e-02  mse_pde 2.699e-04  mse_ic 5.241e-03  mse_in 5.290e-03  mse_out 2.171e-07:   4%|▍         | 944/25000 [00:56<24:32]
loss : 1.080e-02  mse_pde 2.699e-04  mse_ic 5.241e-03  mse_in 5.290e-03  mse_out 2.171e-07:   4%|▍         | 944/25000 [00:56<24:32]
loss : 1.061e-02  mse_pde 8.517e-05  mse_ic 5.378e-03  mse_in 5.146e-03  mse_out 2.182e-07:   4%|▍         | 944/25000 [00:56<24:32]
loss : 1.061e-02  mse_pde 8.517e-05  mse_ic 5.378e-03  mse_in 5.146e-03  mse_out 2.182e-07:   4%|▍         | 944/25000 [00:56<24:32]
loss : 1.061e-02  mse_pde 8.517e-05  mse_ic 5.378e-03  mse_in 5.146e-03  mse_out 2.182e-07:   4%|▍         | 946/25000 [00:56<24:29]
loss : 1.077e-02  mse_pde 2.508e-04  mse_ic 5.309e-03  mse_in 5.208e-03  mse_out 2.225e-07:   4%|▍         | 946/25000 [00:56<24:29]
loss : 1.077e-02  mse_pde 2.508e-04  mse_ic 5.309e-03  mse_in 5.208e-03  mse_out 2.225e-07:   4%|▍         | 946/25000 [00:56<24:29]
loss : 1.097e-02  mse_pde 4.330e-04  mse_ic 5.171e-03  mse_in 5.362e-03  mse_out 2.272e-07:   4%|▍         | 946/25000 [00:56<24:29]
loss : 1.097e-02  mse_pde 4.330e-04  mse_ic 5.171e-03  mse_in 5.362e-03  mse_out 2.272e-07:   4%|▍         | 946/25000 [00:56<24:29]
loss : 1.097e-02  mse_pde 4.330e-04  mse_ic 5.171e-03  mse_in 5.362e-03  mse_out 2.272e-07:   4%|▍         | 948/25000 [00:56<24:18]
loss : 1.077e-02  mse_pde 2.534e-04  mse_ic 5.209e-03  mse_in 5.308e-03  mse_out 2.290e-07:   4%|▍         | 948/25000 [00:57<24:18]
loss : 1.077e-02  mse_pde 2.534e-04  mse_ic 5.209e-03  mse_in 5.308e-03  mse_out 2.290e-07:   4%|▍         | 948/25000 [00:57<24:18]
loss : 1.059e-02  mse_pde 7.375e-05  mse_ic 5.323e-03  mse_in 5.197e-03  mse_out 2.252e-07:   4%|▍         | 948/25000 [00:57<24:18]
loss : 1.059e-02  mse_pde 7.375e-05  mse_ic 5.323e-03  mse_in 5.197e-03  mse_out 2.252e-07:   4%|▍         | 948/25000 [00:57<24:18]
loss : 1.059e-02  mse_pde 7.375e-05  mse_ic 5.323e-03  mse_in 5.197e-03  mse_out 2.252e-07:   4%|▍         | 950/25000 [00:57<24:18]
loss : 1.076e-02  mse_pde 2.343e-04  mse_ic 5.289e-03  mse_in 5.233e-03  mse_out 2.170e-07:   4%|▍         | 950/25000 [00:57<24:18]
loss : 1.076e-02  mse_pde 2.343e-04  mse_ic 5.289e-03  mse_in 5.233e-03  mse_out 2.170e-07:   4%|▍         | 950/25000 [00:57<24:18]
loss : 1.091e-02  mse_pde 4.027e-04  mse_ic 5.180e-03  mse_in 5.325e-03  mse_out 2.136e-07:   4%|▍         | 950/25000 [00:57<24:18]
loss : 1.091e-02  mse_pde 4.027e-04  mse_ic 5.180e-03  mse_in 5.325e-03  mse_out 2.136e-07:   4%|▍         | 950/25000 [00:57<24:18]
loss : 1.091e-02  mse_pde 4.027e-04  mse_ic 5.180e-03  mse_in 5.325e-03  mse_out 2.136e-07:   4%|▍         | 952/25000 [00:57<24:16]
loss : 1.079e-02  mse_pde 2.650e-04  mse_ic 5.205e-03  mse_in 5.315e-03  mse_out 2.202e-07:   4%|▍         | 952/25000 [00:57<24:16]
loss : 1.079e-02  mse_pde 2.650e-04  mse_ic 5.205e-03  mse_in 5.315e-03  mse_out 2.202e-07:   4%|▍         | 952/25000 [00:57<24:16]
loss : 1.059e-02  mse_pde 7.713e-05  mse_ic 5.289e-03  mse_in 5.225e-03  mse_out 2.275e-07:   4%|▍         | 952/25000 [00:57<24:16]
loss : 1.059e-02  mse_pde 7.713e-05  mse_ic 5.289e-03  mse_in 5.225e-03  mse_out 2.275e-07:   4%|▍         | 952/25000 [00:57<24:16]
loss : 1.059e-02  mse_pde 7.713e-05  mse_ic 5.289e-03  mse_in 5.225e-03  mse_out 2.275e-07:   4%|▍         | 954/25000 [00:57<24:22]
loss : 1.070e-02  mse_pde 1.901e-04  mse_ic 5.283e-03  mse_in 5.227e-03  mse_out 2.266e-07:   4%|▍         | 954/25000 [00:57<24:22]
loss : 1.070e-02  mse_pde 1.901e-04  mse_ic 5.283e-03  mse_in 5.227e-03  mse_out 2.266e-07:   4%|▍         | 954/25000 [00:57<24:22]
loss : 1.091e-02  mse_pde 3.863e-04  mse_ic 5.233e-03  mse_in 5.287e-03  mse_out 2.225e-07:   4%|▍         | 954/25000 [00:57<24:22]
loss : 1.091e-02  mse_pde 3.863e-04  mse_ic 5.233e-03  mse_in 5.287e-03  mse_out 2.225e-07:   4%|▍         | 954/25000 [00:57<24:22]
loss : 1.091e-02  mse_pde 3.863e-04  mse_ic 5.233e-03  mse_in 5.287e-03  mse_out 2.225e-07:   4%|▍         | 956/25000 [00:57<24:24]
loss : 1.080e-02  mse_pde 3.005e-04  mse_ic 5.270e-03  mse_in 5.233e-03  mse_out 2.215e-07:   4%|▍         | 956/25000 [00:57<24:24]
loss : 1.080e-02  mse_pde 3.005e-04  mse_ic 5.270e-03  mse_in 5.233e-03  mse_out 2.215e-07:   4%|▍         | 956/25000 [00:57<24:24]
loss : 1.060e-02  mse_pde 9.178e-05  mse_ic 5.295e-03  mse_in 5.215e-03  mse_out 2.211e-07:   4%|▍         | 956/25000 [00:57<24:24]
loss : 1.060e-02  mse_pde 9.178e-05  mse_ic 5.295e-03  mse_in 5.215e-03  mse_out 2.211e-07:   4%|▍         | 956/25000 [00:57<24:24]
loss : 1.060e-02  mse_pde 9.178e-05  mse_ic 5.295e-03  mse_in 5.215e-03  mse_out 2.211e-07:   4%|▍         | 958/25000 [00:57<24:18]
loss : 1.064e-02  mse_pde 1.330e-04  mse_ic 5.215e-03  mse_in 5.295e-03  mse_out 2.174e-07:   4%|▍         | 958/25000 [00:57<24:18]
loss : 1.064e-02  mse_pde 1.330e-04  mse_ic 5.215e-03  mse_in 5.295e-03  mse_out 2.174e-07:   4%|▍         | 958/25000 [00:57<24:18]
loss : 1.086e-02  mse_pde 3.602e-04  mse_ic 5.164e-03  mse_in 5.334e-03  mse_out 2.171e-07:   4%|▍         | 958/25000 [00:57<24:18]
loss : 1.086e-02  mse_pde 3.602e-04  mse_ic 5.164e-03  mse_in 5.334e-03  mse_out 2.171e-07:   4%|▍         | 958/25000 [00:57<24:18]
loss : 1.086e-02  mse_pde 3.602e-04  mse_ic 5.164e-03  mse_in 5.334e-03  mse_out 2.171e-07:   4%|▍         | 960/25000 [00:57<24:16]
loss : 1.093e-02  mse_pde 4.164e-04  mse_ic 5.278e-03  mse_in 5.234e-03  mse_out 2.237e-07:   4%|▍         | 960/25000 [00:57<24:16]
loss : 1.093e-02  mse_pde 4.164e-04  mse_ic 5.278e-03  mse_in 5.234e-03  mse_out 2.237e-07:   4%|▍         | 960/25000 [00:57<24:16]
loss : 1.068e-02  mse_pde 1.823e-04  mse_ic 5.357e-03  mse_in 5.143e-03  mse_out 2.265e-07:   4%|▍         | 960/25000 [00:57<24:16]
loss : 1.068e-02  mse_pde 1.823e-04  mse_ic 5.357e-03  mse_in 5.143e-03  mse_out 2.265e-07:   4%|▍         | 960/25000 [00:57<24:16]
loss : 1.068e-02  mse_pde 1.823e-04  mse_ic 5.357e-03  mse_in 5.143e-03  mse_out 2.265e-07:   4%|▍         | 962/25000 [00:57<24:09]
loss : 1.059e-02  mse_pde 8.545e-05  mse_ic 5.236e-03  mse_in 5.266e-03  mse_out 2.200e-07:   4%|▍         | 962/25000 [00:57<24:09]
loss : 1.059e-02  mse_pde 8.545e-05  mse_ic 5.236e-03  mse_in 5.266e-03  mse_out 2.200e-07:   4%|▍         | 962/25000 [00:57<24:09]
loss : 1.082e-02  mse_pde 3.158e-04  mse_ic 5.156e-03  mse_in 5.352e-03  mse_out 2.145e-07:   4%|▍         | 962/25000 [00:57<24:09]
loss : 1.082e-02  mse_pde 3.158e-04  mse_ic 5.156e-03  mse_in 5.352e-03  mse_out 2.145e-07:   4%|▍         | 962/25000 [00:57<24:09]
loss : 1.082e-02  mse_pde 3.158e-04  mse_ic 5.156e-03  mse_in 5.352e-03  mse_out 2.145e-07:   4%|▍         | 964/25000 [00:57<24:07]
loss : 1.096e-02  mse_pde 4.685e-04  mse_ic 5.273e-03  mse_in 5.216e-03  mse_out 2.155e-07:   4%|▍         | 964/25000 [00:57<24:07]
loss : 1.096e-02  mse_pde 4.685e-04  mse_ic 5.273e-03  mse_in 5.216e-03  mse_out 2.155e-07:   4%|▍         | 964/25000 [00:57<24:07]
loss : 1.079e-02  mse_pde 2.809e-04  mse_ic 5.421e-03  mse_in 5.086e-03  mse_out 2.167e-07:   4%|▍         | 964/25000 [00:58<24:07]
loss : 1.079e-02  mse_pde 2.809e-04  mse_ic 5.421e-03  mse_in 5.086e-03  mse_out 2.167e-07:   4%|▍         | 964/25000 [00:58<24:07]
loss : 1.079e-02  mse_pde 2.809e-04  mse_ic 5.421e-03  mse_in 5.086e-03  mse_out 2.167e-07:   4%|▍         | 966/25000 [00:58<24:01]
loss : 1.057e-02  mse_pde 7.057e-05  mse_ic 5.334e-03  mse_in 5.167e-03  mse_out 2.161e-07:   4%|▍         | 966/25000 [00:58<24:01]
loss : 1.057e-02  mse_pde 7.057e-05  mse_ic 5.334e-03  mse_in 5.167e-03  mse_out 2.161e-07:   4%|▍         | 966/25000 [00:58<24:01]
loss : 1.080e-02  mse_pde 3.030e-04  mse_ic 5.150e-03  mse_in 5.343e-03  mse_out 2.203e-07:   4%|▍         | 966/25000 [00:58<24:01]
loss : 1.080e-02  mse_pde 3.030e-04  mse_ic 5.150e-03  mse_in 5.343e-03  mse_out 2.203e-07:   4%|▍         | 966/25000 [00:58<24:01]
loss : 1.080e-02  mse_pde 3.030e-04  mse_ic 5.150e-03  mse_in 5.343e-03  mse_out 2.203e-07:   4%|▍         | 968/25000 [00:58<24:14]
loss : 1.106e-02  mse_pde 5.530e-04  mse_ic 5.212e-03  mse_in 5.292e-03  mse_out 2.257e-07:   4%|▍         | 968/25000 [00:58<24:14]
loss : 1.106e-02  mse_pde 5.530e-04  mse_ic 5.212e-03  mse_in 5.292e-03  mse_out 2.257e-07:   4%|▍         | 968/25000 [00:58<24:14]
loss : 1.082e-02  mse_pde 3.360e-04  mse_ic 5.417e-03  mse_in 5.071e-03  mse_out 2.192e-07:   4%|▍         | 968/25000 [00:58<24:14]
loss : 1.082e-02  mse_pde 3.360e-04  mse_ic 5.417e-03  mse_in 5.071e-03  mse_out 2.192e-07:   4%|▍         | 968/25000 [00:58<24:14]
loss : 1.082e-02  mse_pde 3.360e-04  mse_ic 5.417e-03  mse_in 5.071e-03  mse_out 2.192e-07:   4%|▍         | 970/25000 [00:58<24:08]
loss : 1.058e-02  mse_pde 8.147e-05  mse_ic 5.394e-03  mse_in 5.101e-03  mse_out 2.067e-07:   4%|▍         | 970/25000 [00:58<24:08]
loss : 1.058e-02  mse_pde 8.147e-05  mse_ic 5.394e-03  mse_in 5.101e-03  mse_out 2.067e-07:   4%|▍         | 970/25000 [00:58<24:08]
loss : 1.084e-02  mse_pde 3.383e-04  mse_ic 5.193e-03  mse_in 5.307e-03  mse_out 2.072e-07:   4%|▍         | 970/25000 [00:58<24:08]
loss : 1.084e-02  mse_pde 3.383e-04  mse_ic 5.193e-03  mse_in 5.307e-03  mse_out 2.072e-07:   4%|▍         | 970/25000 [00:58<24:08]
loss : 1.084e-02  mse_pde 3.383e-04  mse_ic 5.193e-03  mse_in 5.307e-03  mse_out 2.072e-07:   4%|▍         | 972/25000 [00:58<24:15]
loss : 1.101e-02  mse_pde 5.256e-04  mse_ic 5.153e-03  mse_in 5.331e-03  mse_out 2.206e-07:   4%|▍         | 972/25000 [00:58<24:15]
loss : 1.101e-02  mse_pde 5.256e-04  mse_ic 5.153e-03  mse_in 5.331e-03  mse_out 2.206e-07:   4%|▍         | 972/25000 [00:58<24:15]
loss : 1.076e-02  mse_pde 2.624e-04  mse_ic 5.369e-03  mse_in 5.128e-03  mse_out 2.282e-07:   4%|▍         | 972/25000 [00:58<24:15]
loss : 1.076e-02  mse_pde 2.624e-04  mse_ic 5.369e-03  mse_in 5.128e-03  mse_out 2.282e-07:   4%|▍         | 972/25000 [00:58<24:15]
loss : 1.076e-02  mse_pde 2.624e-04  mse_ic 5.369e-03  mse_in 5.128e-03  mse_out 2.282e-07:   4%|▍         | 974/25000 [00:58<24:08]
loss : 1.059e-02  mse_pde 9.375e-05  mse_ic 5.435e-03  mse_in 5.061e-03  mse_out 2.167e-07:   4%|▍         | 974/25000 [00:58<24:08]
loss : 1.059e-02  mse_pde 9.375e-05  mse_ic 5.435e-03  mse_in 5.061e-03  mse_out 2.167e-07:   4%|▍         | 974/25000 [00:58<24:08]
loss : 1.091e-02  mse_pde 4.241e-04  mse_ic 5.272e-03  mse_in 5.210e-03  mse_out 2.032e-07:   4%|▍         | 974/25000 [00:58<24:08]
loss : 1.091e-02  mse_pde 4.241e-04  mse_ic 5.272e-03  mse_in 5.210e-03  mse_out 2.032e-07:   4%|▍         | 974/25000 [00:58<24:08]
loss : 1.091e-02  mse_pde 4.241e-04  mse_ic 5.272e-03  mse_in 5.210e-03  mse_out 2.032e-07:   4%|▍         | 976/25000 [00:58<24:11]
loss : 1.096e-02  mse_pde 4.650e-04  mse_ic 5.215e-03  mse_in 5.281e-03  mse_out 2.064e-07:   4%|▍         | 976/25000 [00:58<24:11]
loss : 1.096e-02  mse_pde 4.650e-04  mse_ic 5.215e-03  mse_in 5.281e-03  mse_out 2.064e-07:   4%|▍         | 976/25000 [00:58<24:11]
loss : 1.060e-02  mse_pde 1.173e-04  mse_ic 5.325e-03  mse_in 5.160e-03  mse_out 2.207e-07:   4%|▍         | 976/25000 [00:58<24:11]
loss : 1.060e-02  mse_pde 1.173e-04  mse_ic 5.325e-03  mse_in 5.160e-03  mse_out 2.207e-07:   4%|▍         | 976/25000 [00:58<24:11]
loss : 1.060e-02  mse_pde 1.173e-04  mse_ic 5.325e-03  mse_in 5.160e-03  mse_out 2.207e-07:   4%|▍         | 978/25000 [00:58<24:25]
loss : 1.071e-02  mse_pde 2.270e-04  mse_ic 5.354e-03  mse_in 5.129e-03  mse_out 2.259e-07:   4%|▍         | 978/25000 [00:58<24:25]
loss : 1.071e-02  mse_pde 2.270e-04  mse_ic 5.354e-03  mse_in 5.129e-03  mse_out 2.259e-07:   4%|▍         | 978/25000 [00:58<24:25]
loss : 1.098e-02  mse_pde 4.807e-04  mse_ic 5.257e-03  mse_in 5.238e-03  mse_out 2.155e-07:   4%|▍         | 978/25000 [00:58<24:25]
loss : 1.098e-02  mse_pde 4.807e-04  mse_ic 5.257e-03  mse_in 5.238e-03  mse_out 2.155e-07:   4%|▍         | 978/25000 [00:58<24:25]
loss : 1.098e-02  mse_pde 4.807e-04  mse_ic 5.257e-03  mse_in 5.238e-03  mse_out 2.155e-07:   4%|▍         | 980/25000 [00:58<24:23]
loss : 1.074e-02  mse_pde 2.580e-04  mse_ic 5.224e-03  mse_in 5.257e-03  mse_out 2.043e-07:   4%|▍         | 980/25000 [00:58<24:23]
loss : 1.074e-02  mse_pde 2.580e-04  mse_ic 5.224e-03  mse_in 5.257e-03  mse_out 2.043e-07:   4%|▍         | 980/25000 [00:58<24:23]
loss : 1.057e-02  mse_pde 8.296e-05  mse_ic 5.289e-03  mse_in 5.194e-03  mse_out 2.045e-07:   4%|▍         | 980/25000 [00:59<24:23]
loss : 1.057e-02  mse_pde 8.296e-05  mse_ic 5.289e-03  mse_in 5.194e-03  mse_out 2.045e-07:   4%|▍         | 980/25000 [00:59<24:23]
loss : 1.057e-02  mse_pde 8.296e-05  mse_ic 5.289e-03  mse_in 5.194e-03  mse_out 2.045e-07:   4%|▍         | 982/25000 [00:59<24:27]
loss : 1.084e-02  mse_pde 3.563e-04  mse_ic 5.300e-03  mse_in 5.186e-03  mse_out 2.120e-07:   4%|▍         | 982/25000 [00:59<24:27]
loss : 1.084e-02  mse_pde 3.563e-04  mse_ic 5.300e-03  mse_in 5.186e-03  mse_out 2.120e-07:   4%|▍         | 982/25000 [00:59<24:27]
loss : 1.086e-02  mse_pde 3.854e-04  mse_ic 5.240e-03  mse_in 5.231e-03  mse_out 2.161e-07:   4%|▍         | 982/25000 [00:59<24:27]
loss : 1.086e-02  mse_pde 3.854e-04  mse_ic 5.240e-03  mse_in 5.231e-03  mse_out 2.161e-07:   4%|▍         | 982/25000 [00:59<24:27]
loss : 1.086e-02  mse_pde 3.854e-04  mse_ic 5.240e-03  mse_in 5.231e-03  mse_out 2.161e-07:   4%|▍         | 984/25000 [00:59<24:36]
loss : 1.058e-02  mse_pde 9.822e-05  mse_ic 5.238e-03  mse_in 5.244e-03  mse_out 2.128e-07:   4%|▍         | 984/25000 [00:59<24:36]
loss : 1.058e-02  mse_pde 9.822e-05  mse_ic 5.238e-03  mse_in 5.244e-03  mse_out 2.128e-07:   4%|▍         | 984/25000 [00:59<24:36]
loss : 1.064e-02  mse_pde 1.538e-04  mse_ic 5.224e-03  mse_in 5.261e-03  mse_out 2.078e-07:   4%|▍         | 984/25000 [00:59<24:36]
loss : 1.064e-02  mse_pde 1.538e-04  mse_ic 5.224e-03  mse_in 5.261e-03  mse_out 2.078e-07:   4%|▍         | 984/25000 [00:59<24:36]
loss : 1.064e-02  mse_pde 1.538e-04  mse_ic 5.224e-03  mse_in 5.261e-03  mse_out 2.078e-07:   4%|▍         | 986/25000 [00:59<24:23]
loss : 1.086e-02  mse_pde 3.869e-04  mse_ic 5.242e-03  mse_in 5.231e-03  mse_out 2.082e-07:   4%|▍         | 986/25000 [00:59<24:23]
loss : 1.086e-02  mse_pde 3.869e-04  mse_ic 5.242e-03  mse_in 5.231e-03  mse_out 2.082e-07:   4%|▍         | 986/25000 [00:59<24:23]
loss : 1.077e-02  mse_pde 2.849e-04  mse_ic 5.328e-03  mse_in 5.157e-03  mse_out 2.125e-07:   4%|▍         | 986/25000 [00:59<24:23]
loss : 1.077e-02  mse_pde 2.849e-04  mse_ic 5.328e-03  mse_in 5.157e-03  mse_out 2.125e-07:   4%|▍         | 986/25000 [00:59<24:23]
loss : 1.077e-02  mse_pde 2.849e-04  mse_ic 5.328e-03  mse_in 5.157e-03  mse_out 2.125e-07:   4%|▍         | 988/25000 [00:59<24:26]
loss : 1.055e-02  mse_pde 7.720e-05  mse_ic 5.297e-03  mse_in 5.180e-03  mse_out 2.105e-07:   4%|▍         | 988/25000 [00:59<24:26]
loss : 1.055e-02  mse_pde 7.720e-05  mse_ic 5.297e-03  mse_in 5.180e-03  mse_out 2.105e-07:   4%|▍         | 988/25000 [00:59<24:26]
loss : 1.072e-02  mse_pde 2.461e-04  mse_ic 5.164e-03  mse_in 5.308e-03  mse_out 2.026e-07:   4%|▍         | 988/25000 [00:59<24:26]
loss : 1.072e-02  mse_pde 2.461e-04  mse_ic 5.164e-03  mse_in 5.308e-03  mse_out 2.026e-07:   4%|▍         | 988/25000 [00:59<24:26]
loss : 1.072e-02  mse_pde 2.461e-04  mse_ic 5.164e-03  mse_in 5.308e-03  mse_out 2.026e-07:   4%|▍         | 990/25000 [00:59<24:23]
loss : 1.094e-02  mse_pde 4.521e-04  mse_ic 5.204e-03  mse_in 5.280e-03  mse_out 1.996e-07:   4%|▍         | 990/25000 [00:59<24:23]
loss : 1.094e-02  mse_pde 4.521e-04  mse_ic 5.204e-03  mse_in 5.280e-03  mse_out 1.996e-07:   4%|▍         | 990/25000 [00:59<24:23]
loss : 1.073e-02  mse_pde 2.549e-04  mse_ic 5.375e-03  mse_in 5.098e-03  mse_out 2.056e-07:   4%|▍         | 990/25000 [00:59<24:23]
loss : 1.073e-02  mse_pde 2.549e-04  mse_ic 5.375e-03  mse_in 5.098e-03  mse_out 2.056e-07:   4%|▍         | 990/25000 [00:59<24:23]
loss : 1.073e-02  mse_pde 2.549e-04  mse_ic 5.375e-03  mse_in 5.098e-03  mse_out 2.056e-07:   4%|▍         | 992/25000 [00:59<24:18]
loss : 1.056e-02  mse_pde 7.885e-05  mse_ic 5.373e-03  mse_in 5.104e-03  mse_out 2.132e-07:   4%|▍         | 992/25000 [00:59<24:18]
loss : 1.056e-02  mse_pde 7.885e-05  mse_ic 5.373e-03  mse_in 5.104e-03  mse_out 2.132e-07:   4%|▍         | 992/25000 [00:59<24:18]
loss : 1.078e-02  mse_pde 3.027e-04  mse_ic 5.165e-03  mse_in 5.316e-03  mse_out 2.126e-07:   4%|▍         | 992/25000 [00:59<24:18]
loss : 1.078e-02  mse_pde 3.027e-04  mse_ic 5.165e-03  mse_in 5.316e-03  mse_out 2.126e-07:   4%|▍         | 992/25000 [00:59<24:18]
loss : 1.078e-02  mse_pde 3.027e-04  mse_ic 5.165e-03  mse_in 5.316e-03  mse_out 2.126e-07:   4%|▍         | 994/25000 [00:59<23:48]
loss : 1.092e-02  mse_pde 4.566e-04  mse_ic 5.066e-03  mse_in 5.401e-03  mse_out 2.052e-07:   4%|▍         | 994/25000 [00:59<23:48]
loss : 1.092e-02  mse_pde 4.566e-04  mse_ic 5.066e-03  mse_in 5.401e-03  mse_out 2.052e-07:   4%|▍         | 994/25000 [00:59<23:48]
loss : 1.071e-02  mse_pde 2.303e-04  mse_ic 5.293e-03  mse_in 5.183e-03  mse_out 1.994e-07:   4%|▍         | 994/25000 [00:59<23:48]
loss : 1.071e-02  mse_pde 2.303e-04  mse_ic 5.293e-03  mse_in 5.183e-03  mse_out 1.994e-07:   4%|▍         | 994/25000 [00:59<23:48]
loss : 1.071e-02  mse_pde 2.303e-04  mse_ic 5.293e-03  mse_in 5.183e-03  mse_out 1.994e-07:   4%|▍         | 996/25000 [00:59<23:59]
loss : 1.057e-02  mse_pde 9.055e-05  mse_ic 5.431e-03  mse_in 5.044e-03  mse_out 1.973e-07:   4%|▍         | 996/25000 [00:59<23:59]
loss : 1.057e-02  mse_pde 9.055e-05  mse_ic 5.431e-03  mse_in 5.044e-03  mse_out 1.973e-07:   4%|▍         | 996/25000 [00:59<23:59]
loss : 1.077e-02  mse_pde 3.079e-04  mse_ic 5.290e-03  mse_in 5.175e-03  mse_out 1.998e-07:   4%|▍         | 996/25000 [00:59<23:59]
loss : 1.077e-02  mse_pde 3.079e-04  mse_ic 5.290e-03  mse_in 5.175e-03  mse_out 1.998e-07:   4%|▍         | 996/25000 [00:59<23:59]
loss : 1.077e-02  mse_pde 3.079e-04  mse_ic 5.290e-03  mse_in 5.175e-03  mse_out 1.998e-07:   4%|▍         | 998/25000 [01:00<23:57]
loss : 1.090e-02  mse_pde 4.246e-04  mse_ic 5.147e-03  mse_in 5.333e-03  mse_out 2.069e-07:   4%|▍         | 998/25000 [01:00<23:57]
loss : 1.090e-02  mse_pde 4.246e-04  mse_ic 5.147e-03  mse_in 5.333e-03  mse_out 2.069e-07:   4%|▍         | 998/25000 [01:00<23:57]
loss : 1.064e-02  mse_pde 1.731e-04  mse_ic 5.191e-03  mse_in 5.277e-03  mse_out 2.124e-07:   4%|▍         | 998/25000 [01:00<23:57]
loss : 1.064e-02  mse_pde 1.731e-04  mse_ic 5.191e-03  mse_in 5.277e-03  mse_out 2.124e-07:   4%|▍         | 998/25000 [01:00<23:57]
loss : 1.064e-02  mse_pde 1.731e-04  mse_ic 5.191e-03  mse_in 5.277e-03  mse_out 2.124e-07:   4%|▍         | 1000/25000 [01:00<24:16]
loss : 1.056e-02  mse_pde 9.410e-05  mse_ic 5.315e-03  mse_in 5.153e-03  mse_out 2.081e-07:   4%|▍         | 1000/25000 [01:00<24:16]
loss : 1.056e-02  mse_pde 9.410e-05  mse_ic 5.315e-03  mse_in 5.153e-03  mse_out 2.081e-07:   4%|▍         | 1000/25000 [01:00<24:16]
loss : 1.079e-02  mse_pde 3.210e-04  mse_ic 5.304e-03  mse_in 5.170e-03  mse_out 1.968e-07:   4%|▍         | 1000/25000 [01:00<24:16]
loss : 1.079e-02  mse_pde 3.210e-04  mse_ic 5.304e-03  mse_in 5.170e-03  mse_out 1.968e-07:   4%|▍         | 1000/25000 [01:00<24:16]
loss : 1.079e-02  mse_pde 3.210e-04  mse_ic 5.304e-03  mse_in 5.170e-03  mse_out 1.968e-07:   4%|▍         | 1002/25000 [01:00<24:15]
loss : 1.079e-02  mse_pde 3.291e-04  mse_ic 5.218e-03  mse_in 5.241e-03  mse_out 1.921e-07:   4%|▍         | 1002/25000 [01:00<24:15]
loss : 1.079e-02  mse_pde 3.291e-04  mse_ic 5.218e-03  mse_in 5.241e-03  mse_out 1.921e-07:   4%|▍         | 1002/25000 [01:00<24:15]
loss : 1.056e-02  mse_pde 9.571e-05  mse_ic 5.191e-03  mse_in 5.276e-03  mse_out 1.958e-07:   4%|▍         | 1002/25000 [01:00<24:15]
loss : 1.056e-02  mse_pde 9.571e-05  mse_ic 5.191e-03  mse_in 5.276e-03  mse_out 1.958e-07:   4%|▍         | 1002/25000 [01:00<24:15]
loss : 1.056e-02  mse_pde 9.571e-05  mse_ic 5.191e-03  mse_in 5.276e-03  mse_out 1.958e-07:   4%|▍         | 1004/25000 [01:00<24:04]
loss : 1.059e-02  mse_pde 1.227e-04  mse_ic 5.187e-03  mse_in 5.279e-03  mse_out 2.028e-07:   4%|▍         | 1004/25000 [01:00<24:04]
loss : 1.059e-02  mse_pde 1.227e-04  mse_ic 5.187e-03  mse_in 5.279e-03  mse_out 2.028e-07:   4%|▍         | 1004/25000 [01:00<24:04]
loss : 1.080e-02  mse_pde 3.436e-04  mse_ic 5.187e-03  mse_in 5.269e-03  mse_out 2.065e-07:   4%|▍         | 1004/25000 [01:00<24:04]
loss : 1.080e-02  mse_pde 3.436e-04  mse_ic 5.187e-03  mse_in 5.269e-03  mse_out 2.065e-07:   4%|▍         | 1004/25000 [01:00<24:04]
loss : 1.080e-02  mse_pde 3.436e-04  mse_ic 5.187e-03  mse_in 5.269e-03  mse_out 2.065e-07:   4%|▍         | 1006/25000 [01:00<24:06]
loss : 1.079e-02  mse_pde 3.181e-04  mse_ic 5.248e-03  mse_in 5.221e-03  mse_out 2.058e-07:   4%|▍         | 1006/25000 [01:00<24:06]
loss : 1.079e-02  mse_pde 3.181e-04  mse_ic 5.248e-03  mse_in 5.221e-03  mse_out 2.058e-07:   4%|▍         | 1006/25000 [01:00<24:06]
loss : 1.056e-02  mse_pde 9.882e-05  mse_ic 5.271e-03  mse_in 5.191e-03  mse_out 2.001e-07:   4%|▍         | 1006/25000 [01:00<24:06]
loss : 1.056e-02  mse_pde 9.882e-05  mse_ic 5.271e-03  mse_in 5.191e-03  mse_out 2.001e-07:   4%|▍         | 1006/25000 [01:00<24:06]
loss : 1.056e-02  mse_pde 9.882e-05  mse_ic 5.271e-03  mse_in 5.191e-03  mse_out 2.001e-07:   4%|▍         | 1008/25000 [01:00<24:21]
loss : 1.060e-02  mse_pde 1.361e-04  mse_ic 5.229e-03  mse_in 5.230e-03  mse_out 1.955e-07:   4%|▍         | 1008/25000 [01:00<24:21]
loss : 1.060e-02  mse_pde 1.361e-04  mse_ic 5.229e-03  mse_in 5.230e-03  mse_out 1.955e-07:   4%|▍         | 1008/25000 [01:00<24:21]
loss : 1.082e-02  mse_pde 3.573e-04  mse_ic 5.214e-03  mse_in 5.252e-03  mse_out 1.956e-07:   4%|▍         | 1008/25000 [01:00<24:21]
loss : 1.082e-02  mse_pde 3.573e-04  mse_ic 5.214e-03  mse_in 5.252e-03  mse_out 1.956e-07:   4%|▍         | 1008/25000 [01:00<24:21]
loss : 1.082e-02  mse_pde 3.573e-04  mse_ic 5.214e-03  mse_in 5.252e-03  mse_out 1.956e-07:   4%|▍         | 1010/25000 [01:00<24:25]
loss : 1.079e-02  mse_pde 3.328e-04  mse_ic 5.248e-03  mse_in 5.204e-03  mse_out 1.983e-07:   4%|▍         | 1010/25000 [01:00<24:25]
loss : 1.079e-02  mse_pde 3.328e-04  mse_ic 5.248e-03  mse_in 5.204e-03  mse_out 1.983e-07:   4%|▍         | 1010/25000 [01:00<24:25]
loss : 1.056e-02  mse_pde 9.821e-05  mse_ic 5.315e-03  mse_in 5.149e-03  mse_out 2.021e-07:   4%|▍         | 1010/25000 [01:00<24:25]
loss : 1.056e-02  mse_pde 9.821e-05  mse_ic 5.315e-03  mse_in 5.149e-03  mse_out 2.021e-07:   4%|▍         | 1010/25000 [01:00<24:25]
loss : 1.056e-02  mse_pde 9.821e-05  mse_ic 5.315e-03  mse_in 5.149e-03  mse_out 2.021e-07:   4%|▍         | 1012/25000 [01:00<24:05]
loss : 1.058e-02  mse_pde 1.134e-04  mse_ic 5.262e-03  mse_in 5.202e-03  mse_out 2.026e-07:   4%|▍         | 1012/25000 [01:00<24:05]
loss : 1.058e-02  mse_pde 1.134e-04  mse_ic 5.262e-03  mse_in 5.202e-03  mse_out 2.026e-07:   4%|▍         | 1012/25000 [01:00<24:05]
loss : 1.079e-02  mse_pde 3.334e-04  mse_ic 5.196e-03  mse_in 5.256e-03  mse_out 2.003e-07:   4%|▍         | 1012/25000 [01:00<24:05]
loss : 1.079e-02  mse_pde 3.334e-04  mse_ic 5.196e-03  mse_in 5.256e-03  mse_out 2.003e-07:   4%|▍         | 1012/25000 [01:00<24:05]
loss : 1.079e-02  mse_pde 3.334e-04  mse_ic 5.196e-03  mse_in 5.256e-03  mse_out 2.003e-07:   4%|▍         | 1014/25000 [01:00<24:17]
loss : 1.084e-02  mse_pde 3.741e-04  mse_ic 5.256e-03  mse_in 5.206e-03  mse_out 1.983e-07:   4%|▍         | 1014/25000 [01:01<24:17]
loss : 1.084e-02  mse_pde 3.741e-04  mse_ic 5.256e-03  mse_in 5.206e-03  mse_out 1.983e-07:   4%|▍         | 1014/25000 [01:01<24:17]
loss : 1.061e-02  mse_pde 1.566e-04  mse_ic 5.267e-03  mse_in 5.182e-03  mse_out 1.932e-07:   4%|▍         | 1014/25000 [01:01<24:17]
loss : 1.061e-02  mse_pde 1.566e-04  mse_ic 5.267e-03  mse_in 5.182e-03  mse_out 1.932e-07:   4%|▍         | 1014/25000 [01:01<24:17]
loss : 1.061e-02  mse_pde 1.566e-04  mse_ic 5.267e-03  mse_in 5.182e-03  mse_out 1.932e-07:   4%|▍         | 1016/25000 [01:01<23:56]
loss : 1.054e-02  mse_pde 8.743e-05  mse_ic 5.164e-03  mse_in 5.288e-03  mse_out 1.885e-07:   4%|▍         | 1016/25000 [01:01<23:56]
loss : 1.054e-02  mse_pde 8.743e-05  mse_ic 5.164e-03  mse_in 5.288e-03  mse_out 1.885e-07:   4%|▍         | 1016/25000 [01:01<23:56]
loss : 1.076e-02  mse_pde 3.016e-04  mse_ic 5.143e-03  mse_in 5.317e-03  mse_out 1.889e-07:   4%|▍         | 1016/25000 [01:01<23:56]
loss : 1.076e-02  mse_pde 3.016e-04  mse_ic 5.143e-03  mse_in 5.317e-03  mse_out 1.889e-07:   4%|▍         | 1016/25000 [01:01<23:56]
loss : 1.076e-02  mse_pde 3.016e-04  mse_ic 5.143e-03  mse_in 5.317e-03  mse_out 1.889e-07:   4%|▍         | 1018/25000 [01:01<23:59]
loss : 1.087e-02  mse_pde 4.242e-04  mse_ic 5.262e-03  mse_in 5.183e-03  mse_out 1.938e-07:   4%|▍         | 1018/25000 [01:01<23:59]
loss : 1.087e-02  mse_pde 4.242e-04  mse_ic 5.262e-03  mse_in 5.183e-03  mse_out 1.938e-07:   4%|▍         | 1018/25000 [01:01<23:59]
loss : 1.069e-02  mse_pde 2.316e-04  mse_ic 5.398e-03  mse_in 5.062e-03  mse_out 1.996e-07:   4%|▍         | 1018/25000 [01:01<23:59]
loss : 1.069e-02  mse_pde 2.316e-04  mse_ic 5.398e-03  mse_in 5.062e-03  mse_out 1.996e-07:   4%|▍         | 1018/25000 [01:01<23:59]
loss : 1.069e-02  mse_pde 2.316e-04  mse_ic 5.398e-03  mse_in 5.062e-03  mse_out 1.996e-07:   4%|▍         | 1020/25000 [01:01<24:06]
loss : 1.052e-02  mse_pde 6.371e-05  mse_ic 5.266e-03  mse_in 5.188e-03  mse_out 1.980e-07:   4%|▍         | 1020/25000 [01:01<24:06]
loss : 1.052e-02  mse_pde 6.371e-05  mse_ic 5.266e-03  mse_in 5.188e-03  mse_out 1.980e-07:   4%|▍         | 1020/25000 [01:01<24:06]
loss : 1.075e-02  mse_pde 2.988e-04  mse_ic 5.110e-03  mse_in 5.336e-03  mse_out 1.925e-07:   4%|▍         | 1020/25000 [01:01<24:06]
loss : 1.075e-02  mse_pde 2.988e-04  mse_ic 5.110e-03  mse_in 5.336e-03  mse_out 1.925e-07:   4%|▍         | 1020/25000 [01:01<24:06]
loss : 1.075e-02  mse_pde 2.988e-04  mse_ic 5.110e-03  mse_in 5.336e-03  mse_out 1.925e-07:   4%|▍         | 1022/25000 [01:01<24:07]
loss : 1.097e-02  mse_pde 5.115e-04  mse_ic 5.275e-03  mse_in 5.181e-03  mse_out 1.902e-07:   4%|▍         | 1022/25000 [01:01<24:07]
loss : 1.097e-02  mse_pde 5.115e-04  mse_ic 5.275e-03  mse_in 5.181e-03  mse_out 1.902e-07:   4%|▍         | 1022/25000 [01:01<24:07]
loss : 1.075e-02  mse_pde 3.067e-04  mse_ic 5.456e-03  mse_in 4.992e-03  mse_out 1.895e-07:   4%|▍         | 1022/25000 [01:01<24:07]
loss : 1.075e-02  mse_pde 3.067e-04  mse_ic 5.456e-03  mse_in 4.992e-03  mse_out 1.895e-07:   4%|▍         | 1022/25000 [01:01<24:07]
loss : 1.075e-02  mse_pde 3.067e-04  mse_ic 5.456e-03  mse_in 4.992e-03  mse_out 1.895e-07:   4%|▍         | 1024/25000 [01:01<24:05]
loss : 1.052e-02  mse_pde 6.537e-05  mse_ic 5.332e-03  mse_in 5.118e-03  mse_out 1.894e-07:   4%|▍         | 1024/25000 [01:01<24:05]
loss : 1.052e-02  mse_pde 6.537e-05  mse_ic 5.332e-03  mse_in 5.118e-03  mse_out 1.894e-07:   4%|▍         | 1024/25000 [01:01<24:05]
loss : 1.082e-02  mse_pde 3.595e-04  mse_ic 5.101e-03  mse_in 5.356e-03  mse_out 1.907e-07:   4%|▍         | 1024/25000 [01:01<24:05]
loss : 1.082e-02  mse_pde 3.595e-04  mse_ic 5.101e-03  mse_in 5.356e-03  mse_out 1.907e-07:   4%|▍         | 1024/25000 [01:01<24:05]
loss : 1.082e-02  mse_pde 3.595e-04  mse_ic 5.101e-03  mse_in 5.356e-03  mse_out 1.907e-07:   4%|▍         | 1026/25000 [01:01<23:58]
loss : 1.097e-02  mse_pde 5.353e-04  mse_ic 5.128e-03  mse_in 5.311e-03  mse_out 1.940e-07:   4%|▍         | 1026/25000 [01:01<23:58]
loss : 1.097e-02  mse_pde 5.353e-04  mse_ic 5.128e-03  mse_in 5.311e-03  mse_out 1.940e-07:   4%|▍         | 1026/25000 [01:01<23:58]
loss : 1.072e-02  mse_pde 2.676e-04  mse_ic 5.448e-03  mse_in 5.006e-03  mse_out 1.969e-07:   4%|▍         | 1026/25000 [01:01<23:58]
loss : 1.072e-02  mse_pde 2.676e-04  mse_ic 5.448e-03  mse_in 5.006e-03  mse_out 1.969e-07:   4%|▍         | 1026/25000 [01:01<23:58]
loss : 1.072e-02  mse_pde 2.676e-04  mse_ic 5.448e-03  mse_in 5.006e-03  mse_out 1.969e-07:   4%|▍         | 1028/25000 [01:01<24:07]
loss : 1.056e-02  mse_pde 1.048e-04  mse_ic 5.486e-03  mse_in 4.967e-03  mse_out 1.925e-07:   4%|▍         | 1028/25000 [01:01<24:07]
loss : 1.056e-02  mse_pde 1.048e-04  mse_ic 5.486e-03  mse_in 4.967e-03  mse_out 1.925e-07:   4%|▍         | 1028/25000 [01:01<24:07]
loss : 1.088e-02  mse_pde 4.427e-04  mse_ic 5.230e-03  mse_in 5.208e-03  mse_out 1.859e-07:   4%|▍         | 1028/25000 [01:01<24:07]
loss : 1.088e-02  mse_pde 4.427e-04  mse_ic 5.230e-03  mse_in 5.208e-03  mse_out 1.859e-07:   4%|▍         | 1028/25000 [01:01<24:07]
loss : 1.088e-02  mse_pde 4.427e-04  mse_ic 5.230e-03  mse_in 5.208e-03  mse_out 1.859e-07:   4%|▍         | 1030/25000 [01:01<24:05]
loss : 1.093e-02  mse_pde 4.724e-04  mse_ic 5.158e-03  mse_in 5.295e-03  mse_out 1.853e-07:   4%|▍         | 1030/25000 [01:01<24:05]
loss : 1.093e-02  mse_pde 4.724e-04  mse_ic 5.158e-03  mse_in 5.295e-03  mse_out 1.853e-07:   4%|▍         | 1030/25000 [01:01<24:05]
loss : 1.054e-02  mse_pde 9.767e-05  mse_ic 5.292e-03  mse_in 5.151e-03  mse_out 1.895e-07:   4%|▍         | 1030/25000 [01:02<24:05]
loss : 1.054e-02  mse_pde 9.767e-05  mse_ic 5.292e-03  mse_in 5.151e-03  mse_out 1.895e-07:   4%|▍         | 1030/25000 [01:02<24:05]
loss : 1.054e-02  mse_pde 9.767e-05  mse_ic 5.292e-03  mse_in 5.151e-03  mse_out 1.895e-07:   4%|▍         | 1032/25000 [01:02<24:03]
loss : 1.070e-02  mse_pde 2.572e-04  mse_ic 5.390e-03  mse_in 5.050e-03  mse_out 1.927e-07:   4%|▍         | 1032/25000 [01:02<24:03]
loss : 1.070e-02  mse_pde 2.572e-04  mse_ic 5.390e-03  mse_in 5.050e-03  mse_out 1.927e-07:   4%|▍         | 1032/25000 [01:02<24:03]
loss : 1.092e-02  mse_pde 4.675e-04  mse_ic 5.341e-03  mse_in 5.108e-03  mse_out 1.914e-07:   4%|▍         | 1032/25000 [01:02<24:03]
loss : 1.092e-02  mse_pde 4.675e-04  mse_ic 5.341e-03  mse_in 5.108e-03  mse_out 1.914e-07:   4%|▍         | 1032/25000 [01:02<24:03]
loss : 1.092e-02  mse_pde 4.675e-04  mse_ic 5.341e-03  mse_in 5.108e-03  mse_out 1.914e-07:   4%|▍         | 1034/25000 [01:02<23:34]
loss : 1.062e-02  mse_pde 1.836e-04  mse_ic 5.229e-03  mse_in 5.209e-03  mse_out 1.870e-07:   4%|▍         | 1034/25000 [01:02<23:34]
loss : 1.062e-02  mse_pde 1.836e-04  mse_ic 5.229e-03  mse_in 5.209e-03  mse_out 1.870e-07:   4%|▍         | 1034/25000 [01:02<23:34]
loss : 1.057e-02  mse_pde 1.333e-04  mse_ic 5.200e-03  mse_in 5.236e-03  mse_out 1.848e-07:   4%|▍         | 1034/25000 [01:02<23:34]
loss : 1.057e-02  mse_pde 1.333e-04  mse_ic 5.200e-03  mse_in 5.236e-03  mse_out 1.848e-07:   4%|▍         | 1034/25000 [01:02<23:34]
loss : 1.057e-02  mse_pde 1.333e-04  mse_ic 5.200e-03  mse_in 5.236e-03  mse_out 1.848e-07:   4%|▍         | 1036/25000 [01:02<23:47]
loss : 1.087e-02  mse_pde 4.317e-04  mse_ic 5.256e-03  mse_in 5.187e-03  mse_out 1.856e-07:   4%|▍         | 1036/25000 [01:02<23:47]
loss : 1.087e-02  mse_pde 4.317e-04  mse_ic 5.256e-03  mse_in 5.187e-03  mse_out 1.856e-07:   4%|▍         | 1036/25000 [01:02<23:47]
loss : 1.075e-02  mse_pde 3.183e-04  mse_ic 5.268e-03  mse_in 5.161e-03  mse_out 1.865e-07:   4%|▍         | 1036/25000 [01:02<23:47]
loss : 1.075e-02  mse_pde 3.183e-04  mse_ic 5.268e-03  mse_in 5.161e-03  mse_out 1.865e-07:   4%|▍         | 1036/25000 [01:02<23:47]
loss : 1.075e-02  mse_pde 3.183e-04  mse_ic 5.268e-03  mse_in 5.161e-03  mse_out 1.865e-07:   4%|▍         | 1038/25000 [01:02<23:52]
loss : 1.050e-02  mse_pde 6.150e-05  mse_ic 5.247e-03  mse_in 5.189e-03  mse_out 1.864e-07:   4%|▍         | 1038/25000 [01:02<23:52]
loss : 1.050e-02  mse_pde 6.150e-05  mse_ic 5.247e-03  mse_in 5.189e-03  mse_out 1.864e-07:   4%|▍         | 1038/25000 [01:02<23:52]
loss : 1.074e-02  mse_pde 2.940e-04  mse_ic 5.164e-03  mse_in 5.279e-03  mse_out 1.853e-07:   4%|▍         | 1038/25000 [01:02<23:52]
loss : 1.074e-02  mse_pde 2.940e-04  mse_ic 5.164e-03  mse_in 5.279e-03  mse_out 1.853e-07:   4%|▍         | 1038/25000 [01:02<23:52]
loss : 1.074e-02  mse_pde 2.940e-04  mse_ic 5.164e-03  mse_in 5.279e-03  mse_out 1.853e-07:   4%|▍         | 1040/25000 [01:02<24:02]
loss : 1.084e-02  mse_pde 4.061e-04  mse_ic 5.177e-03  mse_in 5.253e-03  mse_out 1.850e-07:   4%|▍         | 1040/25000 [01:02<24:02]
loss : 1.084e-02  mse_pde 4.061e-04  mse_ic 5.177e-03  mse_in 5.253e-03  mse_out 1.850e-07:   4%|▍         | 1040/25000 [01:02<24:02]
loss : 1.058e-02  mse_pde 1.379e-04  mse_ic 5.395e-03  mse_in 5.045e-03  mse_out 1.874e-07:   4%|▍         | 1040/25000 [01:02<24:02]
loss : 1.058e-02  mse_pde 1.379e-04  mse_ic 5.395e-03  mse_in 5.045e-03  mse_out 1.874e-07:   4%|▍         | 1040/25000 [01:02<24:02]
loss : 1.058e-02  mse_pde 1.379e-04  mse_ic 5.395e-03  mse_in 5.045e-03  mse_out 1.874e-07:   4%|▍         | 1042/25000 [01:02<24:01]
loss : 1.057e-02  mse_pde 1.342e-04  mse_ic 5.382e-03  mse_in 5.057e-03  mse_out 1.871e-07:   4%|▍         | 1042/25000 [01:02<24:01]
loss : 1.057e-02  mse_pde 1.342e-04  mse_ic 5.382e-03  mse_in 5.057e-03  mse_out 1.871e-07:   4%|▍         | 1042/25000 [01:02<24:01]
loss : 1.081e-02  mse_pde 3.801e-04  mse_ic 5.163e-03  mse_in 5.265e-03  mse_out 1.837e-07:   4%|▍         | 1042/25000 [01:02<24:01]
loss : 1.081e-02  mse_pde 3.801e-04  mse_ic 5.163e-03  mse_in 5.265e-03  mse_out 1.837e-07:   4%|▍         | 1042/25000 [01:02<24:01]
loss : 1.081e-02  mse_pde 3.801e-04  mse_ic 5.163e-03  mse_in 5.265e-03  mse_out 1.837e-07:   4%|▍         | 1044/25000 [01:02<24:02]
loss : 1.075e-02  mse_pde 3.090e-04  mse_ic 5.138e-03  mse_in 5.303e-03  mse_out 1.823e-07:   4%|▍         | 1044/25000 [01:02<24:02]
loss : 1.075e-02  mse_pde 3.090e-04  mse_ic 5.138e-03  mse_in 5.303e-03  mse_out 1.823e-07:   4%|▍         | 1044/25000 [01:02<24:02]
loss : 1.050e-02  mse_pde 6.998e-05  mse_ic 5.254e-03  mse_in 5.180e-03  mse_out 1.833e-07:   4%|▍         | 1044/25000 [01:02<24:02]
loss : 1.050e-02  mse_pde 6.998e-05  mse_ic 5.254e-03  mse_in 5.180e-03  mse_out 1.833e-07:   4%|▍         | 1044/25000 [01:02<24:02]
loss : 1.050e-02  mse_pde 6.998e-05  mse_ic 5.254e-03  mse_in 5.180e-03  mse_out 1.833e-07:   4%|▍         | 1046/25000 [01:02<24:15]
loss : 1.065e-02  mse_pde 2.222e-04  mse_ic 5.327e-03  mse_in 5.101e-03  mse_out 1.854e-07:   4%|▍         | 1046/25000 [01:02<24:15]
loss : 1.065e-02  mse_pde 2.222e-04  mse_ic 5.327e-03  mse_in 5.101e-03  mse_out 1.854e-07:   4%|▍         | 1046/25000 [01:02<24:15]
loss : 1.081e-02  mse_pde 3.747e-04  mse_ic 5.274e-03  mse_in 5.161e-03  mse_out 1.864e-07:   4%|▍         | 1046/25000 [01:03<24:15]
loss : 1.081e-02  mse_pde 3.747e-04  mse_ic 5.274e-03  mse_in 5.161e-03  mse_out 1.864e-07:   4%|▍         | 1046/25000 [01:03<24:15]
loss : 1.081e-02  mse_pde 3.747e-04  mse_ic 5.274e-03  mse_in 5.161e-03  mse_out 1.864e-07:   4%|▍         | 1048/25000 [01:03<24:25]
loss : 1.060e-02  mse_pde 1.774e-04  mse_ic 5.129e-03  mse_in 5.295e-03  mse_out 1.836e-07:   4%|▍         | 1048/25000 [01:03<24:25]
loss : 1.060e-02  mse_pde 1.774e-04  mse_ic 5.129e-03  mse_in 5.295e-03  mse_out 1.836e-07:   4%|▍         | 1048/25000 [01:03<24:25]
loss : 1.050e-02  mse_pde 7.533e-05  mse_ic 5.120e-03  mse_in 5.307e-03  mse_out 1.802e-07:   4%|▍         | 1048/25000 [01:03<24:25]
loss : 1.050e-02  mse_pde 7.533e-05  mse_ic 5.120e-03  mse_in 5.307e-03  mse_out 1.802e-07:   4%|▍         | 1048/25000 [01:03<24:25]
loss : 1.050e-02  mse_pde 7.533e-05  mse_ic 5.120e-03  mse_in 5.307e-03  mse_out 1.802e-07:   4%|▍         | 1050/25000 [01:03<24:22]
loss : 1.070e-02  mse_pde 2.665e-04  mse_ic 5.206e-03  mse_in 5.225e-03  mse_out 1.785e-07:   4%|▍         | 1050/25000 [01:03<24:22]
loss : 1.070e-02  mse_pde 2.665e-04  mse_ic 5.206e-03  mse_in 5.225e-03  mse_out 1.785e-07:   4%|▍         | 1050/25000 [01:03<24:22]
loss : 1.076e-02  mse_pde 3.448e-04  mse_ic 5.241e-03  mse_in 5.179e-03  mse_out 1.785e-07:   4%|▍         | 1050/25000 [01:03<24:22]
loss : 1.076e-02  mse_pde 3.448e-04  mse_ic 5.241e-03  mse_in 5.179e-03  mse_out 1.785e-07:   4%|▍         | 1050/25000 [01:03<24:22]
loss : 1.076e-02  mse_pde 3.448e-04  mse_ic 5.241e-03  mse_in 5.179e-03  mse_out 1.785e-07:   4%|▍         | 1052/25000 [01:03<23:04]
loss : 1.056e-02  mse_pde 1.315e-04  mse_ic 5.271e-03  mse_in 5.159e-03  mse_out 1.812e-07:   4%|▍         | 1052/25000 [01:03<23:04]
loss : 1.056e-02  mse_pde 1.315e-04  mse_ic 5.271e-03  mse_in 5.159e-03  mse_out 1.812e-07:   4%|▍         | 1052/25000 [01:03<23:04]
loss : 1.051e-02  mse_pde 7.998e-05  mse_ic 5.167e-03  mse_in 5.261e-03  mse_out 1.825e-07:   4%|▍         | 1052/25000 [01:03<23:04]
loss : 1.051e-02  mse_pde 7.998e-05  mse_ic 5.167e-03  mse_in 5.261e-03  mse_out 1.825e-07:   4%|▍         | 1052/25000 [01:03<23:04]
loss : 1.072e-02  mse_pde 2.995e-04  mse_ic 5.098e-03  mse_in 5.321e-03  mse_out 1.817e-07:   4%|▍         | 1052/25000 [01:03<23:04]
loss : 1.072e-02  mse_pde 2.995e-04  mse_ic 5.098e-03  mse_in 5.321e-03  mse_out 1.817e-07:   4%|▍         | 1052/25000 [01:03<23:04]
loss : 1.072e-02  mse_pde 2.995e-04  mse_ic 5.098e-03  mse_in 5.321e-03  mse_out 1.817e-07:   4%|▍         | 1055/25000 [01:03<21:58]
loss : 1.082e-02  mse_pde 3.930e-04  mse_ic 5.268e-03  mse_in 5.161e-03  mse_out 1.810e-07:   4%|▍         | 1055/25000 [01:03<21:58]
loss : 1.082e-02  mse_pde 3.930e-04  mse_ic 5.268e-03  mse_in 5.161e-03  mse_out 1.810e-07:   4%|▍         | 1055/25000 [01:03<21:58]
loss : 1.060e-02  mse_pde 1.738e-04  mse_ic 5.357e-03  mse_in 5.065e-03  mse_out 1.787e-07:   4%|▍         | 1055/25000 [01:03<21:58]
loss : 1.060e-02  mse_pde 1.738e-04  mse_ic 5.357e-03  mse_in 5.065e-03  mse_out 1.787e-07:   4%|▍         | 1055/25000 [01:03<21:58]
loss : 1.060e-02  mse_pde 1.738e-04  mse_ic 5.357e-03  mse_in 5.065e-03  mse_out 1.787e-07:   4%|▍         | 1057/25000 [01:03<22:36]
loss : 1.050e-02  mse_pde 8.107e-05  mse_ic 5.262e-03  mse_in 5.161e-03  mse_out 1.773e-07:   4%|▍         | 1057/25000 [01:03<22:36]
loss : 1.050e-02  mse_pde 8.107e-05  mse_ic 5.262e-03  mse_in 5.161e-03  mse_out 1.773e-07:   4%|▍         | 1057/25000 [01:03<22:36]
loss : 1.075e-02  mse_pde 3.200e-04  mse_ic 5.133e-03  mse_in 5.297e-03  mse_out 1.783e-07:   4%|▍         | 1057/25000 [01:03<22:36]
loss : 1.075e-02  mse_pde 3.200e-04  mse_ic 5.133e-03  mse_in 5.297e-03  mse_out 1.783e-07:   4%|▍         | 1057/25000 [01:03<22:36]
loss : 1.075e-02  mse_pde 3.200e-04  mse_ic 5.133e-03  mse_in 5.297e-03  mse_out 1.783e-07:   4%|▍         | 1059/25000 [01:03<23:02]
loss : 1.083e-02  mse_pde 4.158e-04  mse_ic 5.142e-03  mse_in 5.273e-03  mse_out 1.806e-07:   4%|▍         | 1059/25000 [01:03<23:02]
loss : 1.083e-02  mse_pde 4.158e-04  mse_ic 5.142e-03  mse_in 5.273e-03  mse_out 1.806e-07:   4%|▍         | 1059/25000 [01:03<23:02]
loss : 1.063e-02  mse_pde 2.087e-04  mse_ic 5.367e-03  mse_in 5.059e-03  mse_out 1.828e-07:   4%|▍         | 1059/25000 [01:03<23:02]
loss : 1.063e-02  mse_pde 2.087e-04  mse_ic 5.367e-03  mse_in 5.059e-03  mse_out 1.828e-07:   4%|▍         | 1059/25000 [01:03<23:02]
loss : 1.063e-02  mse_pde 2.087e-04  mse_ic 5.367e-03  mse_in 5.059e-03  mse_out 1.828e-07:   4%|▍         | 1061/25000 [01:03<23:29]
loss : 1.049e-02  mse_pde 7.115e-05  mse_ic 5.332e-03  mse_in 5.090e-03  mse_out 1.798e-07:   4%|▍         | 1061/25000 [01:03<23:29]
loss : 1.049e-02  mse_pde 7.115e-05  mse_ic 5.332e-03  mse_in 5.090e-03  mse_out 1.798e-07:   4%|▍         | 1061/25000 [01:03<23:29]
loss : 1.074e-02  mse_pde 3.250e-04  mse_ic 5.127e-03  mse_in 5.287e-03  mse_out 1.751e-07:   4%|▍         | 1061/25000 [01:03<23:29]
loss : 1.074e-02  mse_pde 3.250e-04  mse_ic 5.127e-03  mse_in 5.287e-03  mse_out 1.751e-07:   4%|▍         | 1061/25000 [01:03<23:29]
loss : 1.074e-02  mse_pde 3.250e-04  mse_ic 5.127e-03  mse_in 5.287e-03  mse_out 1.751e-07:   4%|▍         | 1063/25000 [01:03<23:42]
loss : 1.089e-02  mse_pde 4.662e-04  mse_ic 5.188e-03  mse_in 5.236e-03  mse_out 1.750e-07:   4%|▍         | 1063/25000 [01:03<23:42]
loss : 1.089e-02  mse_pde 4.662e-04  mse_ic 5.188e-03  mse_in 5.236e-03  mse_out 1.750e-07:   4%|▍         | 1063/25000 [01:03<23:42]
loss : 1.063e-02  mse_pde 2.175e-04  mse_ic 5.312e-03  mse_in 5.102e-03  mse_out 1.768e-07:   4%|▍         | 1063/25000 [01:03<23:42]
loss : 1.063e-02  mse_pde 2.175e-04  mse_ic 5.312e-03  mse_in 5.102e-03  mse_out 1.768e-07:   4%|▍         | 1063/25000 [01:03<23:42]
loss : 1.063e-02  mse_pde 2.175e-04  mse_ic 5.312e-03  mse_in 5.102e-03  mse_out 1.768e-07:   4%|▍         | 1065/25000 [01:04<23:51]
loss : 1.051e-02  mse_pde 8.884e-05  mse_ic 5.332e-03  mse_in 5.086e-03  mse_out 1.782e-07:   4%|▍         | 1065/25000 [01:04<23:51]
loss : 1.051e-02  mse_pde 8.884e-05  mse_ic 5.332e-03  mse_in 5.086e-03  mse_out 1.782e-07:   4%|▍         | 1065/25000 [01:04<23:51]
loss : 1.077e-02  mse_pde 3.427e-04  mse_ic 5.190e-03  mse_in 5.233e-03  mse_out 1.773e-07:   4%|▍         | 1065/25000 [01:04<23:51]
loss : 1.077e-02  mse_pde 3.427e-04  mse_ic 5.190e-03  mse_in 5.233e-03  mse_out 1.773e-07:   4%|▍         | 1065/25000 [01:04<23:51]
loss : 1.077e-02  mse_pde 3.427e-04  mse_ic 5.190e-03  mse_in 5.233e-03  mse_out 1.773e-07:   4%|▍         | 1067/25000 [01:04<24:00]
loss : 1.084e-02  mse_pde 4.257e-04  mse_ic 5.113e-03  mse_in 5.297e-03  mse_out 1.758e-07:   4%|▍         | 1067/25000 [01:04<24:00]
loss : 1.084e-02  mse_pde 4.257e-04  mse_ic 5.113e-03  mse_in 5.297e-03  mse_out 1.758e-07:   4%|▍         | 1067/25000 [01:04<24:00]
loss : 1.057e-02  mse_pde 1.502e-04  mse_ic 5.352e-03  mse_in 5.068e-03  mse_out 1.772e-07:   4%|▍         | 1067/25000 [01:04<24:00]
loss : 1.057e-02  mse_pde 1.502e-04  mse_ic 5.352e-03  mse_in 5.068e-03  mse_out 1.772e-07:   4%|▍         | 1067/25000 [01:04<24:00]
loss : 1.057e-02  mse_pde 1.502e-04  mse_ic 5.352e-03  mse_in 5.068e-03  mse_out 1.772e-07:   4%|▍         | 1069/25000 [01:04<23:45]
loss : 1.053e-02  mse_pde 1.103e-04  mse_ic 5.401e-03  mse_in 5.019e-03  mse_out 1.764e-07:   4%|▍         | 1069/25000 [01:04<23:45]
loss : 1.053e-02  mse_pde 1.103e-04  mse_ic 5.401e-03  mse_in 5.019e-03  mse_out 1.764e-07:   4%|▍         | 1069/25000 [01:04<23:45]
loss : 1.076e-02  mse_pde 3.545e-04  mse_ic 5.187e-03  mse_in 5.221e-03  mse_out 1.724e-07:   4%|▍         | 1069/25000 [01:04<23:45]
loss : 1.076e-02  mse_pde 3.545e-04  mse_ic 5.187e-03  mse_in 5.221e-03  mse_out 1.724e-07:   4%|▍         | 1069/25000 [01:04<23:45]
loss : 1.076e-02  mse_pde 3.545e-04  mse_ic 5.187e-03  mse_in 5.221e-03  mse_out 1.724e-07:   4%|▍         | 1071/25000 [01:04<23:57]
loss : 1.080e-02  mse_pde 3.826e-04  mse_ic 5.131e-03  mse_in 5.290e-03  mse_out 1.703e-07:   4%|▍         | 1071/25000 [01:04<23:57]
loss : 1.080e-02  mse_pde 3.826e-04  mse_ic 5.131e-03  mse_in 5.290e-03  mse_out 1.703e-07:   4%|▍         | 1071/25000 [01:04<23:57]
loss : 1.052e-02  mse_pde 1.055e-04  mse_ic 5.205e-03  mse_in 5.206e-03  mse_out 1.703e-07:   4%|▍         | 1071/25000 [01:04<23:57]
loss : 1.052e-02  mse_pde 1.055e-04  mse_ic 5.205e-03  mse_in 5.206e-03  mse_out 1.703e-07:   4%|▍         | 1071/25000 [01:04<23:57]
loss : 1.052e-02  mse_pde 1.055e-04  mse_ic 5.205e-03  mse_in 5.206e-03  mse_out 1.703e-07:   4%|▍         | 1073/25000 [01:04<24:09]
loss : 1.055e-02  mse_pde 1.399e-04  mse_ic 5.313e-03  mse_in 5.096e-03  mse_out 1.731e-07:   4%|▍         | 1073/25000 [01:04<24:09]
loss : 1.055e-02  mse_pde 1.399e-04  mse_ic 5.313e-03  mse_in 5.096e-03  mse_out 1.731e-07:   4%|▍         | 1073/25000 [01:04<24:09]
loss : 1.078e-02  mse_pde 3.615e-04  mse_ic 5.280e-03  mse_in 5.135e-03  mse_out 1.759e-07:   4%|▍         | 1073/25000 [01:04<24:09]
loss : 1.078e-02  mse_pde 3.615e-04  mse_ic 5.280e-03  mse_in 5.135e-03  mse_out 1.759e-07:   4%|▍         | 1073/25000 [01:04<24:09]
loss : 1.078e-02  mse_pde 3.615e-04  mse_ic 5.280e-03  mse_in 5.135e-03  mse_out 1.759e-07:   4%|▍         | 1075/25000 [01:04<24:04]
loss : 1.069e-02  mse_pde 2.815e-04  mse_ic 5.112e-03  mse_in 5.292e-03  mse_out 1.755e-07:   4%|▍         | 1075/25000 [01:04<24:04]
loss : 1.069e-02  mse_pde 2.815e-04  mse_ic 5.112e-03  mse_in 5.292e-03  mse_out 1.755e-07:   4%|▍         | 1075/25000 [01:04<24:04]
loss : 1.048e-02  mse_pde 7.302e-05  mse_ic 5.164e-03  mse_in 5.247e-03  mse_out 1.739e-07:   4%|▍         | 1075/25000 [01:04<24:04]
loss : 1.048e-02  mse_pde 7.302e-05  mse_ic 5.164e-03  mse_in 5.247e-03  mse_out 1.739e-07:   4%|▍         | 1075/25000 [01:04<24:04]
loss : 1.048e-02  mse_pde 7.302e-05  mse_ic 5.164e-03  mse_in 5.247e-03  mse_out 1.739e-07:   4%|▍         | 1077/25000 [01:04<24:14]
loss : 1.054e-02  mse_pde 1.316e-04  mse_ic 5.245e-03  mse_in 5.167e-03  mse_out 1.704e-07:   4%|▍         | 1077/25000 [01:04<24:14]
loss : 1.054e-02  mse_pde 1.316e-04  mse_ic 5.245e-03  mse_in 5.167e-03  mse_out 1.704e-07:   4%|▍         | 1077/25000 [01:04<24:14]
loss : 1.073e-02  mse_pde 3.255e-04  mse_ic 5.215e-03  mse_in 5.186e-03  mse_out 1.664e-07:   4%|▍         | 1077/25000 [01:04<24:14]
loss : 1.073e-02  mse_pde 3.255e-04  mse_ic 5.215e-03  mse_in 5.186e-03  mse_out 1.664e-07:   4%|▍         | 1077/25000 [01:04<24:14]
loss : 1.073e-02  mse_pde 3.255e-04  mse_ic 5.215e-03  mse_in 5.186e-03  mse_out 1.664e-07:   4%|▍         | 1079/25000 [01:04<24:05]
loss : 1.068e-02  mse_pde 2.682e-04  mse_ic 5.228e-03  mse_in 5.184e-03  mse_out 1.661e-07:   4%|▍         | 1079/25000 [01:04<24:05]
loss : 1.068e-02  mse_pde 2.682e-04  mse_ic 5.228e-03  mse_in 5.184e-03  mse_out 1.661e-07:   4%|▍         | 1079/25000 [01:04<24:05]
loss : 1.049e-02  mse_pde 7.963e-05  mse_ic 5.154e-03  mse_in 5.251e-03  mse_out 1.677e-07:   4%|▍         | 1079/25000 [01:04<24:05]
loss : 1.049e-02  mse_pde 7.963e-05  mse_ic 5.154e-03  mse_in 5.251e-03  mse_out 1.677e-07:   4%|▍         | 1079/25000 [01:04<24:05]
loss : 1.049e-02  mse_pde 7.963e-05  mse_ic 5.154e-03  mse_in 5.251e-03  mse_out 1.677e-07:   4%|▍         | 1081/25000 [01:04<24:16]
loss : 1.052e-02  mse_pde 1.176e-04  mse_ic 5.153e-03  mse_in 5.250e-03  mse_out 1.710e-07:   4%|▍         | 1081/25000 [01:05<24:16]
loss : 1.052e-02  mse_pde 1.176e-04  mse_ic 5.153e-03  mse_in 5.250e-03  mse_out 1.710e-07:   4%|▍         | 1081/25000 [01:05<24:16]
loss : 1.072e-02  mse_pde 3.111e-04  mse_ic 5.241e-03  mse_in 5.168e-03  mse_out 1.730e-07:   4%|▍         | 1081/25000 [01:05<24:16]
loss : 1.072e-02  mse_pde 3.111e-04  mse_ic 5.241e-03  mse_in 5.168e-03  mse_out 1.730e-07:   4%|▍         | 1081/25000 [01:05<24:16]
loss : 1.072e-02  mse_pde 3.111e-04  mse_ic 5.241e-03  mse_in 5.168e-03  mse_out 1.730e-07:   4%|▍         | 1083/25000 [01:05<24:12]
loss : 1.072e-02  mse_pde 3.194e-04  mse_ic 5.218e-03  mse_in 5.180e-03  mse_out 1.703e-07:   4%|▍         | 1083/25000 [01:05<24:12]
loss : 1.072e-02  mse_pde 3.194e-04  mse_ic 5.218e-03  mse_in 5.180e-03  mse_out 1.703e-07:   4%|▍         | 1083/25000 [01:05<24:12]
loss : 1.053e-02  mse_pde 1.212e-04  mse_ic 5.239e-03  mse_in 5.169e-03  mse_out 1.672e-07:   4%|▍         | 1083/25000 [01:05<24:12]
loss : 1.053e-02  mse_pde 1.212e-04  mse_ic 5.239e-03  mse_in 5.169e-03  mse_out 1.672e-07:   4%|▍         | 1083/25000 [01:05<24:12]
loss : 1.053e-02  mse_pde 1.212e-04  mse_ic 5.239e-03  mse_in 5.169e-03  mse_out 1.672e-07:   4%|▍         | 1085/25000 [01:05<23:57]
loss : 1.047e-02  mse_pde 6.817e-05  mse_ic 5.172e-03  mse_in 5.234e-03  mse_out 1.650e-07:   4%|▍         | 1085/25000 [01:05<23:57]
loss : 1.047e-02  mse_pde 6.817e-05  mse_ic 5.172e-03  mse_in 5.234e-03  mse_out 1.650e-07:   4%|▍         | 1085/25000 [01:05<23:57]
loss : 1.064e-02  mse_pde 2.446e-04  mse_ic 5.137e-03  mse_in 5.261e-03  mse_out 1.653e-07:   4%|▍         | 1085/25000 [01:05<23:57]
loss : 1.064e-02  mse_pde 2.446e-04  mse_ic 5.137e-03  mse_in 5.261e-03  mse_out 1.653e-07:   4%|▍         | 1085/25000 [01:05<23:57]
loss : 1.064e-02  mse_pde 2.446e-04  mse_ic 5.137e-03  mse_in 5.261e-03  mse_out 1.653e-07:   4%|▍         | 1087/25000 [01:05<24:07]
loss : 1.081e-02  mse_pde 3.998e-04  mse_ic 5.277e-03  mse_in 5.130e-03  mse_out 1.681e-07:   4%|▍         | 1087/25000 [01:05<24:07]
loss : 1.081e-02  mse_pde 3.998e-04  mse_ic 5.277e-03  mse_in 5.130e-03  mse_out 1.681e-07:   4%|▍         | 1087/25000 [01:05<24:07]
loss : 1.065e-02  mse_pde 2.568e-04  mse_ic 5.246e-03  mse_in 5.150e-03  mse_out 1.679e-07:   4%|▍         | 1087/25000 [01:05<24:07]
loss : 1.065e-02  mse_pde 2.568e-04  mse_ic 5.246e-03  mse_in 5.150e-03  mse_out 1.679e-07:   4%|▍         | 1087/25000 [01:05<24:07]
loss : 1.065e-02  mse_pde 2.568e-04  mse_ic 5.246e-03  mse_in 5.150e-03  mse_out 1.679e-07:   4%|▍         | 1089/25000 [01:05<24:08]
loss : 1.047e-02  mse_pde 6.580e-05  mse_ic 5.230e-03  mse_in 5.173e-03  mse_out 1.669e-07:   4%|▍         | 1089/25000 [01:05<24:08]
loss : 1.047e-02  mse_pde 6.580e-05  mse_ic 5.230e-03  mse_in 5.173e-03  mse_out 1.669e-07:   4%|▍         | 1089/25000 [01:05<24:08]
loss : 1.055e-02  mse_pde 1.421e-04  mse_ic 5.185e-03  mse_in 5.219e-03  mse_out 1.652e-07:   4%|▍         | 1089/25000 [01:05<24:08]
loss : 1.055e-02  mse_pde 1.421e-04  mse_ic 5.185e-03  mse_in 5.219e-03  mse_out 1.652e-07:   4%|▍         | 1089/25000 [01:05<24:08]
loss : 1.055e-02  mse_pde 1.421e-04  mse_ic 5.185e-03  mse_in 5.219e-03  mse_out 1.652e-07:   4%|▍         | 1091/25000 [01:05<24:16]
loss : 1.076e-02  mse_pde 3.698e-04  mse_ic 5.148e-03  mse_in 5.244e-03  mse_out 1.637e-07:   4%|▍         | 1091/25000 [01:05<24:16]
loss : 1.076e-02  mse_pde 3.698e-04  mse_ic 5.148e-03  mse_in 5.244e-03  mse_out 1.637e-07:   4%|▍         | 1091/25000 [01:05<24:16]
loss : 1.081e-02  mse_pde 4.071e-04  mse_ic 5.300e-03  mse_in 5.104e-03  mse_out 1.648e-07:   4%|▍         | 1091/25000 [01:05<24:16]
loss : 1.081e-02  mse_pde 4.071e-04  mse_ic 5.300e-03  mse_in 5.104e-03  mse_out 1.648e-07:   4%|▍         | 1091/25000 [01:05<24:16]
loss : 1.081e-02  mse_pde 4.071e-04  mse_ic 5.300e-03  mse_in 5.104e-03  mse_out 1.648e-07:   4%|▍         | 1093/25000 [01:05<23:39]
loss : 1.055e-02  mse_pde 1.504e-04  mse_ic 5.250e-03  mse_in 5.146e-03  mse_out 1.650e-07:   4%|▍         | 1093/25000 [01:05<23:39]
loss : 1.055e-02  mse_pde 1.504e-04  mse_ic 5.250e-03  mse_in 5.146e-03  mse_out 1.650e-07:   4%|▍         | 1093/25000 [01:05<23:39]
loss : 1.048e-02  mse_pde 8.696e-05  mse_ic 5.216e-03  mse_in 5.182e-03  mse_out 1.665e-07:   4%|▍         | 1093/25000 [01:05<23:39]
loss : 1.048e-02  mse_pde 8.696e-05  mse_ic 5.216e-03  mse_in 5.182e-03  mse_out 1.665e-07:   4%|▍         | 1093/25000 [01:05<23:39]
loss : 1.048e-02  mse_pde 8.696e-05  mse_ic 5.216e-03  mse_in 5.182e-03  mse_out 1.665e-07:   4%|▍         | 1095/25000 [01:05<23:51]
loss : 1.071e-02  mse_pde 3.020e-04  mse_ic 5.262e-03  mse_in 5.141e-03  mse_out 1.678e-07:   4%|▍         | 1095/25000 [01:05<23:51]
loss : 1.071e-02  mse_pde 3.020e-04  mse_ic 5.262e-03  mse_in 5.141e-03  mse_out 1.678e-07:   4%|▍         | 1095/25000 [01:05<23:51]
loss : 1.081e-02  mse_pde 4.248e-04  mse_ic 5.235e-03  mse_in 5.154e-03  mse_out 1.651e-07:   4%|▍         | 1095/25000 [01:05<23:51]
loss : 1.081e-02  mse_pde 4.248e-04  mse_ic 5.235e-03  mse_in 5.154e-03  mse_out 1.651e-07:   4%|▍         | 1095/25000 [01:05<23:51]
loss : 1.081e-02  mse_pde 4.248e-04  mse_ic 5.235e-03  mse_in 5.154e-03  mse_out 1.651e-07:   4%|▍         | 1097/25000 [01:05<24:05]
loss : 1.061e-02  mse_pde 2.036e-04  mse_ic 5.301e-03  mse_in 5.100e-03  mse_out 1.619e-07:   4%|▍         | 1097/25000 [01:05<24:05]
loss : 1.061e-02  mse_pde 2.036e-04  mse_ic 5.301e-03  mse_in 5.100e-03  mse_out 1.619e-07:   4%|▍         | 1097/25000 [01:05<24:05]
loss : 1.046e-02  mse_pde 6.496e-05  mse_ic 5.189e-03  mse_in 5.208e-03  mse_out 1.593e-07:   4%|▍         | 1097/25000 [01:06<24:05]
loss : 1.046e-02  mse_pde 6.496e-05  mse_ic 5.189e-03  mse_in 5.208e-03  mse_out 1.593e-07:   4%|▍         | 1097/25000 [01:06<24:05]
loss : 1.046e-02  mse_pde 6.496e-05  mse_ic 5.189e-03  mse_in 5.208e-03  mse_out 1.593e-07:   4%|▍         | 1099/25000 [01:06<24:07]
loss : 1.065e-02  mse_pde 2.615e-04  mse_ic 5.146e-03  mse_in 5.244e-03  mse_out 1.614e-07:   4%|▍         | 1099/25000 [01:06<24:07]
loss : 1.065e-02  mse_pde 2.615e-04  mse_ic 5.146e-03  mse_in 5.244e-03  mse_out 1.614e-07:   4%|▍         | 1099/25000 [01:06<24:07]
loss : 1.087e-02  mse_pde 4.692e-04  mse_ic 5.349e-03  mse_in 5.052e-03  mse_out 1.678e-07:   4%|▍         | 1099/25000 [01:06<24:07]
loss : 1.087e-02  mse_pde 4.692e-04  mse_ic 5.349e-03  mse_in 5.052e-03  mse_out 1.678e-07:   4%|▍         | 1099/25000 [01:06<24:07]
loss : 1.087e-02  mse_pde 4.692e-04  mse_ic 5.349e-03  mse_in 5.052e-03  mse_out 1.678e-07:   4%|▍         | 1101/25000 [01:06<25:08]
loss : 1.064e-02  mse_pde 2.546e-04  mse_ic 5.299e-03  mse_in 5.090e-03  mse_out 1.691e-07:   4%|▍         | 1101/25000 [01:06<25:08]
loss : 1.064e-02  mse_pde 2.546e-04  mse_ic 5.299e-03  mse_in 5.090e-03  mse_out 1.691e-07:   4%|▍         | 1101/25000 [01:06<25:08]
loss : 1.046e-02  mse_pde 6.062e-05  mse_ic 5.185e-03  mse_in 5.210e-03  mse_out 1.649e-07:   4%|▍         | 1101/25000 [01:06<25:08]
loss : 1.046e-02  mse_pde 6.062e-05  mse_ic 5.185e-03  mse_in 5.210e-03  mse_out 1.649e-07:   4%|▍         | 1101/25000 [01:06<25:08]
loss : 1.068e-02  mse_pde 2.795e-04  mse_ic 5.155e-03  mse_in 5.244e-03  mse_out 1.595e-07:   4%|▍         | 1101/25000 [01:06<25:08]
loss : 1.068e-02  mse_pde 2.795e-04  mse_ic 5.155e-03  mse_in 5.244e-03  mse_out 1.595e-07:   4%|▍         | 1101/25000 [01:06<25:08]
loss : 1.068e-02  mse_pde 2.795e-04  mse_ic 5.155e-03  mse_in 5.244e-03  mse_out 1.595e-07:   4%|▍         | 1104/25000 [01:06<23:28]
loss : 1.082e-02  mse_pde 4.315e-04  mse_ic 5.272e-03  mse_in 5.114e-03  mse_out 1.595e-07:   4%|▍         | 1104/25000 [01:06<23:28]
loss : 1.082e-02  mse_pde 4.315e-04  mse_ic 5.272e-03  mse_in 5.114e-03  mse_out 1.595e-07:   4%|▍         | 1104/25000 [01:06<23:28]
loss : 1.060e-02  mse_pde 1.964e-04  mse_ic 5.433e-03  mse_in 4.969e-03  mse_out 1.647e-07:   4%|▍         | 1104/25000 [01:06<23:28]
loss : 1.060e-02  mse_pde 1.964e-04  mse_ic 5.433e-03  mse_in 4.969e-03  mse_out 1.647e-07:   4%|▍         | 1104/25000 [01:06<23:28]
loss : 1.060e-02  mse_pde 1.964e-04  mse_ic 5.433e-03  mse_in 4.969e-03  mse_out 1.647e-07:   4%|▍         | 1106/25000 [01:06<23:47]
loss : 1.048e-02  mse_pde 8.122e-05  mse_ic 5.236e-03  mse_in 5.158e-03  mse_out 1.646e-07:   4%|▍         | 1106/25000 [01:06<23:47]
loss : 1.048e-02  mse_pde 8.122e-05  mse_ic 5.236e-03  mse_in 5.158e-03  mse_out 1.646e-07:   4%|▍         | 1106/25000 [01:06<23:47]
loss : 1.080e-02  mse_pde 4.171e-04  mse_ic 5.023e-03  mse_in 5.363e-03  mse_out 1.600e-07:   4%|▍         | 1106/25000 [01:06<23:47]
loss : 1.080e-02  mse_pde 4.171e-04  mse_ic 5.023e-03  mse_in 5.363e-03  mse_out 1.600e-07:   4%|▍         | 1106/25000 [01:06<23:47]
loss : 1.080e-02  mse_pde 4.171e-04  mse_ic 5.023e-03  mse_in 5.363e-03  mse_out 1.600e-07:   4%|▍         | 1108/25000 [01:06<24:00]
loss : 1.089e-02  mse_pde 4.953e-04  mse_ic 5.278e-03  mse_in 5.120e-03  mse_out 1.589e-07:   4%|▍         | 1108/25000 [01:06<24:00]
loss : 1.089e-02  mse_pde 4.953e-04  mse_ic 5.278e-03  mse_in 5.120e-03  mse_out 1.589e-07:   4%|▍         | 1108/25000 [01:06<24:00]
loss : 1.056e-02  mse_pde 1.582e-04  mse_ic 5.511e-03  mse_in 4.888e-03  mse_out 1.608e-07:   4%|▍         | 1108/25000 [01:06<24:00]
loss : 1.056e-02  mse_pde 1.582e-04  mse_ic 5.511e-03  mse_in 4.888e-03  mse_out 1.608e-07:   4%|▍         | 1108/25000 [01:06<24:00]
loss : 1.056e-02  mse_pde 1.582e-04  mse_ic 5.511e-03  mse_in 4.888e-03  mse_out 1.608e-07:   4%|▍         | 1110/25000 [01:06<24:09]
loss : 1.060e-02  mse_pde 2.078e-04  mse_ic 5.361e-03  mse_in 5.031e-03  mse_out 1.622e-07:   4%|▍         | 1110/25000 [01:06<24:09]
loss : 1.060e-02  mse_pde 2.078e-04  mse_ic 5.361e-03  mse_in 5.031e-03  mse_out 1.622e-07:   4%|▍         | 1110/25000 [01:06<24:09]
loss : 1.095e-02  mse_pde 5.445e-04  mse_ic 5.149e-03  mse_in 5.252e-03  mse_out 1.610e-07:   4%|▍         | 1110/25000 [01:06<24:09]
loss : 1.095e-02  mse_pde 5.445e-04  mse_ic 5.149e-03  mse_in 5.252e-03  mse_out 1.610e-07:   4%|▍         | 1110/25000 [01:06<24:09]
loss : 1.095e-02  mse_pde 5.445e-04  mse_ic 5.149e-03  mse_in 5.252e-03  mse_out 1.610e-07:   4%|▍         | 1112/25000 [01:06<24:19]
loss : 1.064e-02  mse_pde 2.474e-04  mse_ic 5.180e-03  mse_in 5.208e-03  mse_out 1.582e-07:   4%|▍         | 1112/25000 [01:06<24:19]
loss : 1.064e-02  mse_pde 2.474e-04  mse_ic 5.180e-03  mse_in 5.208e-03  mse_out 1.582e-07:   4%|▍         | 1112/25000 [01:06<24:19]
loss : 1.049e-02  mse_pde 9.681e-05  mse_ic 5.426e-03  mse_in 4.968e-03  mse_out 1.565e-07:   4%|▍         | 1112/25000 [01:06<24:19]
loss : 1.049e-02  mse_pde 9.681e-05  mse_ic 5.426e-03  mse_in 4.968e-03  mse_out 1.565e-07:   4%|▍         | 1112/25000 [01:06<24:19]
loss : 1.049e-02  mse_pde 9.681e-05  mse_ic 5.426e-03  mse_in 4.968e-03  mse_out 1.565e-07:   4%|▍         | 1114/25000 [01:06<23:31]
loss : 1.079e-02  mse_pde 3.906e-04  mse_ic 5.471e-03  mse_in 4.931e-03  mse_out 1.563e-07:   4%|▍         | 1114/25000 [01:06<23:31]
loss : 1.079e-02  mse_pde 3.906e-04  mse_ic 5.471e-03  mse_in 4.931e-03  mse_out 1.563e-07:   4%|▍         | 1114/25000 [01:06<23:31]
loss : 1.062e-02  mse_pde 2.317e-04  mse_ic 5.243e-03  mse_in 5.141e-03  mse_out 1.580e-07:   4%|▍         | 1114/25000 [01:07<23:31]
loss : 1.062e-02  mse_pde 2.317e-04  mse_ic 5.243e-03  mse_in 5.141e-03  mse_out 1.580e-07:   4%|▍         | 1114/25000 [01:07<23:31]
loss : 1.047e-02  mse_pde 7.926e-05  mse_ic 5.098e-03  mse_in 5.291e-03  mse_out 1.617e-07:   4%|▍         | 1114/25000 [01:07<23:31]
loss : 1.047e-02  mse_pde 7.926e-05  mse_ic 5.098e-03  mse_in 5.291e-03  mse_out 1.617e-07:   4%|▍         | 1114/25000 [01:07<23:31]
loss : 1.047e-02  mse_pde 7.926e-05  mse_ic 5.098e-03  mse_in 5.291e-03  mse_out 1.617e-07:   4%|▍         | 1117/25000 [01:07<21:52]
loss : 1.070e-02  mse_pde 3.064e-04  mse_ic 5.107e-03  mse_in 5.285e-03  mse_out 1.623e-07:   4%|▍         | 1117/25000 [01:07<21:52]
loss : 1.070e-02  mse_pde 3.064e-04  mse_ic 5.107e-03  mse_in 5.285e-03  mse_out 1.623e-07:   4%|▍         | 1117/25000 [01:07<21:52]
loss : 1.074e-02  mse_pde 3.633e-04  mse_ic 5.178e-03  mse_in 5.199e-03  mse_out 1.568e-07:   4%|▍         | 1117/25000 [01:07<21:52]
loss : 1.074e-02  mse_pde 3.633e-04  mse_ic 5.178e-03  mse_in 5.199e-03  mse_out 1.568e-07:   4%|▍         | 1117/25000 [01:07<21:52]
loss : 1.074e-02  mse_pde 3.633e-04  mse_ic 5.178e-03  mse_in 5.199e-03  mse_out 1.568e-07:   4%|▍         | 1119/25000 [01:07<22:35]
loss : 1.050e-02  mse_pde 1.106e-04  mse_ic 5.304e-03  mse_in 5.083e-03  mse_out 1.500e-07:   4%|▍         | 1119/25000 [01:07<22:35]
loss : 1.050e-02  mse_pde 1.106e-04  mse_ic 5.304e-03  mse_in 5.083e-03  mse_out 1.500e-07:   4%|▍         | 1119/25000 [01:07<22:35]
loss : 1.054e-02  mse_pde 1.508e-04  mse_ic 5.179e-03  mse_in 5.209e-03  mse_out 1.476e-07:   4%|▍         | 1119/25000 [01:07<22:35]
loss : 1.054e-02  mse_pde 1.508e-04  mse_ic 5.179e-03  mse_in 5.209e-03  mse_out 1.476e-07:   4%|▍         | 1119/25000 [01:07<22:35]
loss : 1.054e-02  mse_pde 1.508e-04  mse_ic 5.179e-03  mse_in 5.209e-03  mse_out 1.476e-07:   4%|▍         | 1121/25000 [01:07<23:09]
loss : 1.078e-02  mse_pde 3.996e-04  mse_ic 5.021e-03  mse_in 5.360e-03  mse_out 1.535e-07:   4%|▍         | 1121/25000 [01:07<23:09]
loss : 1.078e-02  mse_pde 3.996e-04  mse_ic 5.021e-03  mse_in 5.360e-03  mse_out 1.535e-07:   4%|▍         | 1121/25000 [01:07<23:09]
loss : 1.065e-02  mse_pde 2.533e-04  mse_ic 5.244e-03  mse_in 5.148e-03  mse_out 1.661e-07:   4%|▍         | 1121/25000 [01:07<23:09]
loss : 1.065e-02  mse_pde 2.533e-04  mse_ic 5.244e-03  mse_in 5.148e-03  mse_out 1.661e-07:   4%|▍         | 1121/25000 [01:07<23:09]
loss : 1.065e-02  mse_pde 2.533e-04  mse_ic 5.244e-03  mse_in 5.148e-03  mse_out 1.661e-07:   4%|▍         | 1123/25000 [01:07<23:23]
loss : 1.047e-02  mse_pde 7.792e-05  mse_ic 5.422e-03  mse_in 4.971e-03  mse_out 1.709e-07:   4%|▍         | 1123/25000 [01:07<23:23]
loss : 1.047e-02  mse_pde 7.792e-05  mse_ic 5.422e-03  mse_in 4.971e-03  mse_out 1.709e-07:   4%|▍         | 1123/25000 [01:07<23:23]
loss : 1.066e-02  mse_pde 2.753e-04  mse_ic 5.338e-03  mse_in 5.046e-03  mse_out 1.624e-07:   4%|▍         | 1123/25000 [01:07<23:23]
loss : 1.066e-02  mse_pde 2.753e-04  mse_ic 5.338e-03  mse_in 5.046e-03  mse_out 1.624e-07:   4%|▍         | 1123/25000 [01:07<23:23]
loss : 1.066e-02  mse_pde 2.753e-04  mse_ic 5.338e-03  mse_in 5.046e-03  mse_out 1.624e-07:   4%|▍         | 1125/25000 [01:07<23:38]
loss : 1.072e-02  mse_pde 3.297e-04  mse_ic 5.215e-03  mse_in 5.178e-03  mse_out 1.512e-07:   4%|▍         | 1125/25000 [01:07<23:38]
loss : 1.072e-02  mse_pde 3.297e-04  mse_ic 5.215e-03  mse_in 5.178e-03  mse_out 1.512e-07:   4%|▍         | 1125/25000 [01:07<23:38]
loss : 1.048e-02  mse_pde 9.937e-05  mse_ic 5.148e-03  mse_in 5.236e-03  mse_out 1.463e-07:   4%|▍         | 1125/25000 [01:07<23:38]
loss : 1.048e-02  mse_pde 9.937e-05  mse_ic 5.148e-03  mse_in 5.236e-03  mse_out 1.463e-07:   4%|▍         | 1125/25000 [01:07<23:38]
loss : 1.048e-02  mse_pde 9.937e-05  mse_ic 5.148e-03  mse_in 5.236e-03  mse_out 1.463e-07:   5%|▍         | 1127/25000 [01:07<23:56]
loss : 1.052e-02  mse_pde 1.426e-04  mse_ic 5.220e-03  mse_in 5.162e-03  mse_out 1.498e-07:   5%|▍         | 1127/25000 [01:07<23:56]
loss : 1.052e-02  mse_pde 1.426e-04  mse_ic 5.220e-03  mse_in 5.162e-03  mse_out 1.498e-07:   5%|▍         | 1127/25000 [01:07<23:56]
loss : 1.074e-02  mse_pde 3.516e-04  mse_ic 5.317e-03  mse_in 5.072e-03  mse_out 1.563e-07:   5%|▍         | 1127/25000 [01:07<23:56]
loss : 1.074e-02  mse_pde 3.516e-04  mse_ic 5.317e-03  mse_in 5.072e-03  mse_out 1.563e-07:   5%|▍         | 1127/25000 [01:07<23:56]
loss : 1.074e-02  mse_pde 3.516e-04  mse_ic 5.317e-03  mse_in 5.072e-03  mse_out 1.563e-07:   5%|▍         | 1129/25000 [01:07<23:59]
loss : 1.057e-02  mse_pde 1.911e-04  mse_ic 5.206e-03  mse_in 5.170e-03  mse_out 1.573e-07:   5%|▍         | 1129/25000 [01:07<23:59]
loss : 1.057e-02  mse_pde 1.911e-04  mse_ic 5.206e-03  mse_in 5.170e-03  mse_out 1.573e-07:   5%|▍         | 1129/25000 [01:07<23:59]
loss : 1.044e-02  mse_pde 6.335e-05  mse_ic 5.082e-03  mse_in 5.298e-03  mse_out 1.539e-07:   5%|▍         | 1129/25000 [01:07<23:59]
loss : 1.044e-02  mse_pde 6.335e-05  mse_ic 5.082e-03  mse_in 5.298e-03  mse_out 1.539e-07:   5%|▍         | 1129/25000 [01:07<23:59]
loss : 1.044e-02  mse_pde 6.335e-05  mse_ic 5.082e-03  mse_in 5.298e-03  mse_out 1.539e-07:   5%|▍         | 1131/25000 [01:07<24:00]
loss : 1.064e-02  mse_pde 2.532e-04  mse_ic 5.038e-03  mse_in 5.347e-03  mse_out 1.509e-07:   5%|▍         | 1131/25000 [01:08<24:00]
loss : 1.064e-02  mse_pde 2.532e-04  mse_ic 5.038e-03  mse_in 5.347e-03  mse_out 1.509e-07:   5%|▍         | 1131/25000 [01:08<24:00]
loss : 1.074e-02  mse_pde 3.645e-04  mse_ic 5.080e-03  mse_in 5.292e-03  mse_out 1.506e-07:   5%|▍         | 1131/25000 [01:08<24:00]
loss : 1.074e-02  mse_pde 3.645e-04  mse_ic 5.080e-03  mse_in 5.292e-03  mse_out 1.506e-07:   5%|▍         | 1131/25000 [01:08<24:00]
loss : 1.074e-02  mse_pde 3.645e-04  mse_ic 5.080e-03  mse_in 5.292e-03  mse_out 1.506e-07:   5%|▍         | 1133/25000 [01:08<23:39]
loss : 1.058e-02  mse_pde 1.977e-04  mse_ic 5.307e-03  mse_in 5.077e-03  mse_out 1.529e-07:   5%|▍         | 1133/25000 [01:08<23:39]
loss : 1.058e-02  mse_pde 1.977e-04  mse_ic 5.307e-03  mse_in 5.077e-03  mse_out 1.529e-07:   5%|▍         | 1133/25000 [01:08<23:39]
loss : 1.045e-02  mse_pde 6.244e-05  mse_ic 5.259e-03  mse_in 5.124e-03  mse_out 1.512e-07:   5%|▍         | 1133/25000 [01:08<23:39]
loss : 1.045e-02  mse_pde 6.244e-05  mse_ic 5.259e-03  mse_in 5.124e-03  mse_out 1.512e-07:   5%|▍         | 1133/25000 [01:08<23:39]
loss : 1.045e-02  mse_pde 6.244e-05  mse_ic 5.259e-03  mse_in 5.124e-03  mse_out 1.512e-07:   5%|▍         | 1135/25000 [01:08<23:30]
loss : 1.067e-02  mse_pde 2.928e-04  mse_ic 5.096e-03  mse_in 5.281e-03  mse_out 1.470e-07:   5%|▍         | 1135/25000 [01:08<23:30]
loss : 1.067e-02  mse_pde 2.928e-04  mse_ic 5.096e-03  mse_in 5.281e-03  mse_out 1.470e-07:   5%|▍         | 1135/25000 [01:08<23:30]
loss : 1.077e-02  mse_pde 3.816e-04  mse_ic 5.234e-03  mse_in 5.154e-03  mse_out 1.466e-07:   5%|▍         | 1135/25000 [01:08<23:30]
loss : 1.077e-02  mse_pde 3.816e-04  mse_ic 5.234e-03  mse_in 5.154e-03  mse_out 1.466e-07:   5%|▍         | 1135/25000 [01:08<23:30]
loss : 1.077e-02  mse_pde 3.816e-04  mse_ic 5.234e-03  mse_in 5.154e-03  mse_out 1.466e-07:   5%|▍         | 1137/25000 [01:08<23:46]
loss : 1.052e-02  mse_pde 1.368e-04  mse_ic 5.397e-03  mse_in 4.987e-03  mse_out 1.498e-07:   5%|▍         | 1137/25000 [01:08<23:46]
loss : 1.052e-02  mse_pde 1.368e-04  mse_ic 5.397e-03  mse_in 4.987e-03  mse_out 1.498e-07:   5%|▍         | 1137/25000 [01:08<23:46]
loss : 1.051e-02  mse_pde 1.251e-04  mse_ic 5.381e-03  mse_in 5.001e-03  mse_out 1.543e-07:   5%|▍         | 1137/25000 [01:08<23:46]
loss : 1.051e-02  mse_pde 1.251e-04  mse_ic 5.381e-03  mse_in 5.001e-03  mse_out 1.543e-07:   5%|▍         | 1137/25000 [01:08<23:46]
loss : 1.051e-02  mse_pde 1.251e-04  mse_ic 5.381e-03  mse_in 5.001e-03  mse_out 1.543e-07:   5%|▍         | 1139/25000 [01:08<23:47]
loss : 1.074e-02  mse_pde 3.545e-04  mse_ic 5.198e-03  mse_in 5.187e-03  mse_out 1.550e-07:   5%|▍         | 1139/25000 [01:08<23:47]
loss : 1.074e-02  mse_pde 3.545e-04  mse_ic 5.198e-03  mse_in 5.187e-03  mse_out 1.550e-07:   5%|▍         | 1139/25000 [01:08<23:47]
loss : 1.069e-02  mse_pde 3.102e-04  mse_ic 5.043e-03  mse_in 5.332e-03  mse_out 1.506e-07:   5%|▍         | 1139/25000 [01:08<23:47]
loss : 1.069e-02  mse_pde 3.102e-04  mse_ic 5.043e-03  mse_in 5.332e-03  mse_out 1.506e-07:   5%|▍         | 1139/25000 [01:08<23:47]
loss : 1.069e-02  mse_pde 3.102e-04  mse_ic 5.043e-03  mse_in 5.332e-03  mse_out 1.506e-07:   5%|▍         | 1141/25000 [01:08<23:41]
loss : 1.045e-02  mse_pde 7.520e-05  mse_ic 5.229e-03  mse_in 5.150e-03  mse_out 1.477e-07:   5%|▍         | 1141/25000 [01:08<23:41]
loss : 1.045e-02  mse_pde 7.520e-05  mse_ic 5.229e-03  mse_in 5.150e-03  mse_out 1.477e-07:   5%|▍         | 1141/25000 [01:08<23:41]
loss : 1.052e-02  mse_pde 1.399e-04  mse_ic 5.318e-03  mse_in 5.062e-03  mse_out 1.476e-07:   5%|▍         | 1141/25000 [01:08<23:41]
loss : 1.052e-02  mse_pde 1.399e-04  mse_ic 5.318e-03  mse_in 5.062e-03  mse_out 1.476e-07:   5%|▍         | 1141/25000 [01:08<23:41]
loss : 1.052e-02  mse_pde 1.399e-04  mse_ic 5.318e-03  mse_in 5.062e-03  mse_out 1.476e-07:   5%|▍         | 1143/25000 [01:08<23:58]
loss : 1.068e-02  mse_pde 3.107e-04  mse_ic 5.142e-03  mse_in 5.226e-03  mse_out 1.491e-07:   5%|▍         | 1143/25000 [01:08<23:58]
loss : 1.068e-02  mse_pde 3.107e-04  mse_ic 5.142e-03  mse_in 5.226e-03  mse_out 1.491e-07:   5%|▍         | 1143/25000 [01:08<23:58]
loss : 1.064e-02  mse_pde 2.582e-04  mse_ic 5.088e-03  mse_in 5.291e-03  mse_out 1.509e-07:   5%|▍         | 1143/25000 [01:08<23:58]
loss : 1.064e-02  mse_pde 2.582e-04  mse_ic 5.088e-03  mse_in 5.291e-03  mse_out 1.509e-07:   5%|▍         | 1143/25000 [01:08<23:58]
loss : 1.064e-02  mse_pde 2.582e-04  mse_ic 5.088e-03  mse_in 5.291e-03  mse_out 1.509e-07:   5%|▍         | 1145/25000 [01:08<24:01]
loss : 1.045e-02  mse_pde 7.650e-05  mse_ic 5.074e-03  mse_in 5.299e-03  mse_out 1.490e-07:   5%|▍         | 1145/25000 [01:08<24:01]
loss : 1.045e-02  mse_pde 7.650e-05  mse_ic 5.074e-03  mse_in 5.299e-03  mse_out 1.490e-07:   5%|▍         | 1145/25000 [01:08<24:01]
loss : 1.048e-02  mse_pde 1.129e-04  mse_ic 5.186e-03  mse_in 5.185e-03  mse_out 1.462e-07:   5%|▍         | 1145/25000 [01:08<24:01]
loss : 1.048e-02  mse_pde 1.129e-04  mse_ic 5.186e-03  mse_in 5.185e-03  mse_out 1.462e-07:   5%|▍         | 1145/25000 [01:08<24:01]
loss : 1.048e-02  mse_pde 1.129e-04  mse_ic 5.186e-03  mse_in 5.185e-03  mse_out 1.462e-07:   5%|▍         | 1147/25000 [01:08<24:02]
loss : 1.066e-02  mse_pde 2.768e-04  mse_ic 5.294e-03  mse_in 5.085e-03  mse_out 1.462e-07:   5%|▍         | 1147/25000 [01:08<24:02]
loss : 1.066e-02  mse_pde 2.768e-04  mse_ic 5.294e-03  mse_in 5.085e-03  mse_out 1.462e-07:   5%|▍         | 1147/25000 [01:08<24:02]
loss : 1.059e-02  mse_pde 2.232e-04  mse_ic 5.182e-03  mse_in 5.187e-03  mse_out 1.481e-07:   5%|▍         | 1147/25000 [01:09<24:02]
loss : 1.059e-02  mse_pde 2.232e-04  mse_ic 5.182e-03  mse_in 5.187e-03  mse_out 1.481e-07:   5%|▍         | 1147/25000 [01:09<24:02]
loss : 1.059e-02  mse_pde 2.232e-04  mse_ic 5.182e-03  mse_in 5.187e-03  mse_out 1.481e-07:   5%|▍         | 1149/25000 [01:09<24:05]
loss : 1.045e-02  mse_pde 7.166e-05  mse_ic 5.168e-03  mse_in 5.208e-03  mse_out 1.509e-07:   5%|▍         | 1149/25000 [01:09<24:05]
loss : 1.045e-02  mse_pde 7.166e-05  mse_ic 5.168e-03  mse_in 5.208e-03  mse_out 1.509e-07:   5%|▍         | 1149/25000 [01:09<24:05]
loss : 1.046e-02  mse_pde 8.875e-05  mse_ic 5.169e-03  mse_in 5.206e-03  mse_out 1.497e-07:   5%|▍         | 1149/25000 [01:09<24:05]
loss : 1.046e-02  mse_pde 8.875e-05  mse_ic 5.169e-03  mse_in 5.206e-03  mse_out 1.497e-07:   5%|▍         | 1149/25000 [01:09<24:05]
loss : 1.046e-02  mse_pde 8.875e-05  mse_ic 5.169e-03  mse_in 5.206e-03  mse_out 1.497e-07:   5%|▍         | 1151/25000 [01:09<24:03]
loss : 1.061e-02  mse_pde 2.479e-04  mse_ic 5.160e-03  mse_in 5.205e-03  mse_out 1.453e-07:   5%|▍         | 1151/25000 [01:09<24:03]
loss : 1.061e-02  mse_pde 2.479e-04  mse_ic 5.160e-03  mse_in 5.205e-03  mse_out 1.453e-07:   5%|▍         | 1151/25000 [01:09<24:03]
loss : 1.068e-02  mse_pde 3.024e-04  mse_ic 5.249e-03  mse_in 5.126e-03  mse_out 1.433e-07:   5%|▍         | 1151/25000 [01:09<24:03]
loss : 1.068e-02  mse_pde 3.024e-04  mse_ic 5.249e-03  mse_in 5.126e-03  mse_out 1.433e-07:   5%|▍         | 1151/25000 [01:09<24:03]
loss : 1.068e-02  mse_pde 3.024e-04  mse_ic 5.249e-03  mse_in 5.126e-03  mse_out 1.433e-07:   5%|▍         | 1153/25000 [01:09<24:08]
loss : 1.052e-02  mse_pde 1.507e-04  mse_ic 5.143e-03  mse_in 5.223e-03  mse_out 1.441e-07:   5%|▍         | 1153/25000 [01:09<24:08]
loss : 1.052e-02  mse_pde 1.507e-04  mse_ic 5.143e-03  mse_in 5.223e-03  mse_out 1.441e-07:   5%|▍         | 1153/25000 [01:09<24:08]
loss : 1.042e-02  mse_pde 5.338e-05  mse_ic 5.111e-03  mse_in 5.259e-03  mse_out 1.472e-07:   5%|▍         | 1153/25000 [01:09<24:08]
loss : 1.042e-02  mse_pde 5.338e-05  mse_ic 5.111e-03  mse_in 5.259e-03  mse_out 1.472e-07:   5%|▍         | 1153/25000 [01:09<24:08]
loss : 1.042e-02  mse_pde 5.338e-05  mse_ic 5.111e-03  mse_in 5.259e-03  mse_out 1.472e-07:   5%|▍         | 1155/25000 [01:09<23:57]
loss : 1.051e-02  mse_pde 1.410e-04  mse_ic 5.136e-03  mse_in 5.235e-03  mse_out 1.472e-07:   5%|▍         | 1155/25000 [01:09<23:57]
loss : 1.051e-02  mse_pde 1.410e-04  mse_ic 5.136e-03  mse_in 5.235e-03  mse_out 1.472e-07:   5%|▍         | 1155/25000 [01:09<23:57]
loss : 1.067e-02  mse_pde 3.086e-04  mse_ic 5.122e-03  mse_in 5.238e-03  mse_out 1.426e-07:   5%|▍         | 1155/25000 [01:09<23:57]
loss : 1.067e-02  mse_pde 3.086e-04  mse_ic 5.122e-03  mse_in 5.238e-03  mse_out 1.426e-07:   5%|▍         | 1155/25000 [01:09<23:57]
loss : 1.072e-02  mse_pde 3.468e-04  mse_ic 5.259e-03  mse_in 5.113e-03  mse_out 1.400e-07:   5%|▍         | 1155/25000 [01:09<23:57]
loss : 1.072e-02  mse_pde 3.468e-04  mse_ic 5.259e-03  mse_in 5.113e-03  mse_out 1.400e-07:   5%|▍         | 1155/25000 [01:09<23:57]
loss : 1.072e-02  mse_pde 3.468e-04  mse_ic 5.259e-03  mse_in 5.113e-03  mse_out 1.400e-07:   5%|▍         | 1158/25000 [01:09<22:49]
loss : 1.053e-02  mse_pde 1.625e-04  mse_ic 5.176e-03  mse_in 5.188e-03  mse_out 1.412e-07:   5%|▍         | 1158/25000 [01:09<22:49]
loss : 1.053e-02  mse_pde 1.625e-04  mse_ic 5.176e-03  mse_in 5.188e-03  mse_out 1.412e-07:   5%|▍         | 1158/25000 [01:09<22:49]
loss : 1.042e-02  mse_pde 5.357e-05  mse_ic 5.204e-03  mse_in 5.165e-03  mse_out 1.465e-07:   5%|▍         | 1158/25000 [01:09<22:49]
loss : 1.042e-02  mse_pde 5.357e-05  mse_ic 5.204e-03  mse_in 5.165e-03  mse_out 1.465e-07:   5%|▍         | 1158/25000 [01:09<22:49]
loss : 1.042e-02  mse_pde 5.357e-05  mse_ic 5.204e-03  mse_in 5.165e-03  mse_out 1.465e-07:   5%|▍         | 1160/25000 [01:09<23:06]
loss : 1.054e-02  mse_pde 1.696e-04  mse_ic 5.251e-03  mse_in 5.121e-03  mse_out 1.482e-07:   5%|▍         | 1160/25000 [01:09<23:06]
loss : 1.054e-02  mse_pde 1.696e-04  mse_ic 5.251e-03  mse_in 5.121e-03  mse_out 1.482e-07:   5%|▍         | 1160/25000 [01:09<23:06]
loss : 1.069e-02  mse_pde 3.341e-04  mse_ic 5.174e-03  mse_in 5.185e-03  mse_out 1.424e-07:   5%|▍         | 1160/25000 [01:09<23:06]
loss : 1.069e-02  mse_pde 3.341e-04  mse_ic 5.174e-03  mse_in 5.185e-03  mse_out 1.424e-07:   5%|▍         | 1160/25000 [01:09<23:06]
loss : 1.069e-02  mse_pde 3.341e-04  mse_ic 5.174e-03  mse_in 5.185e-03  mse_out 1.424e-07:   5%|▍         | 1162/25000 [01:09<23:29]
loss : 1.068e-02  mse_pde 3.128e-04  mse_ic 5.257e-03  mse_in 5.113e-03  mse_out 1.375e-07:   5%|▍         | 1162/25000 [01:09<23:29]
loss : 1.068e-02  mse_pde 3.128e-04  mse_ic 5.257e-03  mse_in 5.113e-03  mse_out 1.375e-07:   5%|▍         | 1162/25000 [01:09<23:29]
loss : 1.048e-02  mse_pde 1.164e-04  mse_ic 5.171e-03  mse_in 5.191e-03  mse_out 1.377e-07:   5%|▍         | 1162/25000 [01:09<23:29]
loss : 1.048e-02  mse_pde 1.164e-04  mse_ic 5.171e-03  mse_in 5.191e-03  mse_out 1.377e-07:   5%|▍         | 1162/25000 [01:09<23:29]
loss : 1.048e-02  mse_pde 1.164e-04  mse_ic 5.171e-03  mse_in 5.191e-03  mse_out 1.377e-07:   5%|▍         | 1164/25000 [01:09<23:39]
loss : 1.043e-02  mse_pde 6.443e-05  mse_ic 5.170e-03  mse_in 5.192e-03  mse_out 1.439e-07:   5%|▍         | 1164/25000 [01:09<23:39]
loss : 1.043e-02  mse_pde 6.443e-05  mse_ic 5.170e-03  mse_in 5.192e-03  mse_out 1.439e-07:   5%|▍         | 1164/25000 [01:09<23:39]
loss : 1.060e-02  mse_pde 2.305e-04  mse_ic 5.221e-03  mse_in 5.146e-03  mse_out 1.482e-07:   5%|▍         | 1164/25000 [01:10<23:39]
loss : 1.060e-02  mse_pde 2.305e-04  mse_ic 5.221e-03  mse_in 5.146e-03  mse_out 1.482e-07:   5%|▍         | 1164/25000 [01:10<23:39]
loss : 1.060e-02  mse_pde 2.305e-04  mse_ic 5.221e-03  mse_in 5.146e-03  mse_out 1.482e-07:   5%|▍         | 1166/25000 [01:10<23:53]
loss : 1.073e-02  mse_pde 3.731e-04  mse_ic 5.129e-03  mse_in 5.225e-03  mse_out 1.439e-07:   5%|▍         | 1166/25000 [01:10<23:53]
loss : 1.073e-02  mse_pde 3.731e-04  mse_ic 5.129e-03  mse_in 5.225e-03  mse_out 1.439e-07:   5%|▍         | 1166/25000 [01:10<23:53]
loss : 1.067e-02  mse_pde 2.977e-04  mse_ic 5.273e-03  mse_in 5.095e-03  mse_out 1.387e-07:   5%|▍         | 1166/25000 [01:10<23:53]
loss : 1.067e-02  mse_pde 2.977e-04  mse_ic 5.273e-03  mse_in 5.095e-03  mse_out 1.387e-07:   5%|▍         | 1166/25000 [01:10<23:53]
loss : 1.067e-02  mse_pde 2.977e-04  mse_ic 5.273e-03  mse_in 5.095e-03  mse_out 1.387e-07:   5%|▍         | 1168/25000 [01:10<24:12]
loss : 1.044e-02  mse_pde 8.374e-05  mse_ic 5.206e-03  mse_in 5.155e-03  mse_out 1.371e-07:   5%|▍         | 1168/25000 [01:10<24:12]
loss : 1.044e-02  mse_pde 8.374e-05  mse_ic 5.206e-03  mse_in 5.155e-03  mse_out 1.371e-07:   5%|▍         | 1168/25000 [01:10<24:12]
loss : 1.047e-02  mse_pde 1.055e-04  mse_ic 5.180e-03  mse_in 5.180e-03  mse_out 1.414e-07:   5%|▍         | 1168/25000 [01:10<24:12]
loss : 1.047e-02  mse_pde 1.055e-04  mse_ic 5.180e-03  mse_in 5.180e-03  mse_out 1.414e-07:   5%|▍         | 1168/25000 [01:10<24:12]
loss : 1.047e-02  mse_pde 1.055e-04  mse_ic 5.180e-03  mse_in 5.180e-03  mse_out 1.414e-07:   5%|▍         | 1170/25000 [01:10<23:49]
loss : 1.069e-02  mse_pde 3.249e-04  mse_ic 5.275e-03  mse_in 5.093e-03  mse_out 1.458e-07:   5%|▍         | 1170/25000 [01:10<23:49]
loss : 1.069e-02  mse_pde 3.249e-04  mse_ic 5.275e-03  mse_in 5.093e-03  mse_out 1.458e-07:   5%|▍         | 1170/25000 [01:10<23:49]
loss : 1.071e-02  mse_pde 3.576e-04  mse_ic 5.199e-03  mse_in 5.155e-03  mse_out 1.429e-07:   5%|▍         | 1170/25000 [01:10<23:49]
loss : 1.071e-02  mse_pde 3.576e-04  mse_ic 5.199e-03  mse_in 5.155e-03  mse_out 1.429e-07:   5%|▍         | 1170/25000 [01:10<23:49]
loss : 1.071e-02  mse_pde 3.576e-04  mse_ic 5.199e-03  mse_in 5.155e-03  mse_out 1.429e-07:   5%|▍         | 1172/25000 [01:10<24:13]
loss : 1.052e-02  mse_pde 1.491e-04  mse_ic 5.321e-03  mse_in 5.045e-03  mse_out 1.392e-07:   5%|▍         | 1172/25000 [01:10<24:13]
loss : 1.052e-02  mse_pde 1.491e-04  mse_ic 5.321e-03  mse_in 5.045e-03  mse_out 1.392e-07:   5%|▍         | 1172/25000 [01:10<24:13]
loss : 1.042e-02  mse_pde 5.984e-05  mse_ic 5.213e-03  mse_in 5.148e-03  mse_out 1.375e-07:   5%|▍         | 1172/25000 [01:10<24:13]
loss : 1.042e-02  mse_pde 5.984e-05  mse_ic 5.213e-03  mse_in 5.148e-03  mse_out 1.375e-07:   5%|▍         | 1172/25000 [01:10<24:13]
loss : 1.042e-02  mse_pde 5.984e-05  mse_ic 5.213e-03  mse_in 5.148e-03  mse_out 1.375e-07:   5%|▍         | 1174/25000 [01:10<24:04]
loss : 1.061e-02  mse_pde 2.610e-04  mse_ic 5.091e-03  mse_in 5.262e-03  mse_out 1.392e-07:   5%|▍         | 1174/25000 [01:10<24:04]
loss : 1.061e-02  mse_pde 2.610e-04  mse_ic 5.091e-03  mse_in 5.262e-03  mse_out 1.392e-07:   5%|▍         | 1174/25000 [01:10<24:04]
loss : 1.082e-02  mse_pde 4.573e-04  mse_ic 5.257e-03  mse_in 5.106e-03  mse_out 1.417e-07:   5%|▍         | 1174/25000 [01:10<24:04]
loss : 1.082e-02  mse_pde 4.573e-04  mse_ic 5.257e-03  mse_in 5.106e-03  mse_out 1.417e-07:   5%|▍         | 1174/25000 [01:10<24:04]
loss : 1.082e-02  mse_pde 4.573e-04  mse_ic 5.257e-03  mse_in 5.106e-03  mse_out 1.417e-07:   5%|▍         | 1176/25000 [01:10<24:15]
loss : 1.060e-02  mse_pde 2.522e-04  mse_ic 5.209e-03  mse_in 5.143e-03  mse_out 1.388e-07:   5%|▍         | 1176/25000 [01:10<24:15]
loss : 1.060e-02  mse_pde 2.522e-04  mse_ic 5.209e-03  mse_in 5.143e-03  mse_out 1.388e-07:   5%|▍         | 1176/25000 [01:10<24:15]
loss : 1.042e-02  mse_pde 5.692e-05  mse_ic 5.209e-03  mse_in 5.150e-03  mse_out 1.370e-07:   5%|▍         | 1176/25000 [01:10<24:15]
loss : 1.042e-02  mse_pde 5.692e-05  mse_ic 5.209e-03  mse_in 5.150e-03  mse_out 1.370e-07:   5%|▍         | 1176/25000 [01:10<24:15]
loss : 1.042e-02  mse_pde 5.692e-05  mse_ic 5.209e-03  mse_in 5.150e-03  mse_out 1.370e-07:   5%|▍         | 1178/25000 [01:10<24:19]
loss : 1.058e-02  mse_pde 2.208e-04  mse_ic 5.240e-03  mse_in 5.123e-03  mse_out 1.386e-07:   5%|▍         | 1178/25000 [01:10<24:19]
loss : 1.058e-02  mse_pde 2.208e-04  mse_ic 5.240e-03  mse_in 5.123e-03  mse_out 1.386e-07:   5%|▍         | 1178/25000 [01:10<24:19]
loss : 1.074e-02  mse_pde 3.931e-04  mse_ic 5.246e-03  mse_in 5.105e-03  mse_out 1.404e-07:   5%|▍         | 1178/25000 [01:10<24:19]
loss : 1.074e-02  mse_pde 3.931e-04  mse_ic 5.246e-03  mse_in 5.105e-03  mse_out 1.404e-07:   5%|▍         | 1178/25000 [01:10<24:19]
loss : 1.074e-02  mse_pde 3.931e-04  mse_ic 5.246e-03  mse_in 5.105e-03  mse_out 1.404e-07:   5%|▍         | 1180/25000 [01:10<24:16]
loss : 1.059e-02  mse_pde 2.207e-04  mse_ic 5.418e-03  mse_in 4.950e-03  mse_out 1.400e-07:   5%|▍         | 1180/25000 [01:10<24:16]
loss : 1.059e-02  mse_pde 2.207e-04  mse_ic 5.418e-03  mse_in 4.950e-03  mse_out 1.400e-07:   5%|▍         | 1180/25000 [01:10<24:16]
loss : 1.041e-02  mse_pde 5.464e-05  mse_ic 5.184e-03  mse_in 5.173e-03  mse_out 1.344e-07:   5%|▍         | 1180/25000 [01:11<24:16]
loss : 1.041e-02  mse_pde 5.464e-05  mse_ic 5.184e-03  mse_in 5.173e-03  mse_out 1.344e-07:   5%|▍         | 1180/25000 [01:11<24:16]
loss : 1.041e-02  mse_pde 5.464e-05  mse_ic 5.184e-03  mse_in 5.173e-03  mse_out 1.344e-07:   5%|▍         | 1182/25000 [01:11<23:47]
loss : 1.066e-02  mse_pde 3.063e-04  mse_ic 5.014e-03  mse_in 5.337e-03  mse_out 1.315e-07:   5%|▍         | 1182/25000 [01:11<23:47]
loss : 1.066e-02  mse_pde 3.063e-04  mse_ic 5.014e-03  mse_in 5.337e-03  mse_out 1.315e-07:   5%|▍         | 1182/25000 [01:11<23:47]
loss : 1.086e-02  mse_pde 5.039e-04  mse_ic 5.287e-03  mse_in 5.074e-03  mse_out 1.362e-07:   5%|▍         | 1182/25000 [01:11<23:47]
loss : 1.086e-02  mse_pde 5.039e-04  mse_ic 5.287e-03  mse_in 5.074e-03  mse_out 1.362e-07:   5%|▍         | 1182/25000 [01:11<23:47]
loss : 1.086e-02  mse_pde 5.039e-04  mse_ic 5.287e-03  mse_in 5.074e-03  mse_out 1.362e-07:   5%|▍         | 1184/25000 [01:11<23:56]
loss : 1.059e-02  mse_pde 2.340e-04  mse_ic 5.338e-03  mse_in 5.014e-03  mse_out 1.407e-07:   5%|▍         | 1184/25000 [01:11<23:56]
loss : 1.059e-02  mse_pde 2.340e-04  mse_ic 5.338e-03  mse_in 5.014e-03  mse_out 1.407e-07:   5%|▍         | 1184/25000 [01:11<23:56]
loss : 1.044e-02  mse_pde 9.152e-05  mse_ic 5.163e-03  mse_in 5.190e-03  mse_out 1.400e-07:   5%|▍         | 1184/25000 [01:11<23:56]
loss : 1.044e-02  mse_pde 9.152e-05  mse_ic 5.163e-03  mse_in 5.190e-03  mse_out 1.400e-07:   5%|▍         | 1184/25000 [01:11<23:56]
loss : 1.044e-02  mse_pde 9.152e-05  mse_ic 5.163e-03  mse_in 5.190e-03  mse_out 1.400e-07:   5%|▍         | 1186/25000 [01:11<23:59]
loss : 1.084e-02  mse_pde 4.733e-04  mse_ic 5.082e-03  mse_in 5.280e-03  mse_out 1.336e-07:   5%|▍         | 1186/25000 [01:11<23:59]
loss : 1.084e-02  mse_pde 4.733e-04  mse_ic 5.082e-03  mse_in 5.280e-03  mse_out 1.336e-07:   5%|▍         | 1186/25000 [01:11<23:59]
loss : 1.076e-02  mse_pde 4.153e-04  mse_ic 5.231e-03  mse_in 5.118e-03  mse_out 1.291e-07:   5%|▍         | 1186/25000 [01:11<23:59]
loss : 1.076e-02  mse_pde 4.153e-04  mse_ic 5.231e-03  mse_in 5.118e-03  mse_out 1.291e-07:   5%|▍         | 1186/25000 [01:11<23:59]
loss : 1.076e-02  mse_pde 4.153e-04  mse_ic 5.231e-03  mse_in 5.118e-03  mse_out 1.291e-07:   5%|▍         | 1188/25000 [01:11<24:07]
loss : 1.050e-02  mse_pde 1.189e-04  mse_ic 5.632e-03  mse_in 4.747e-03  mse_out 1.332e-07:   5%|▍         | 1188/25000 [01:11<24:07]
loss : 1.050e-02  mse_pde 1.189e-04  mse_ic 5.632e-03  mse_in 4.747e-03  mse_out 1.332e-07:   5%|▍         | 1188/25000 [01:11<24:07]
loss : 1.061e-02  mse_pde 2.393e-04  mse_ic 5.485e-03  mse_in 4.887e-03  mse_out 1.394e-07:   5%|▍         | 1188/25000 [01:11<24:07]
loss : 1.061e-02  mse_pde 2.393e-04  mse_ic 5.485e-03  mse_in 4.887e-03  mse_out 1.394e-07:   5%|▍         | 1188/25000 [01:11<24:07]
loss : 1.061e-02  mse_pde 2.393e-04  mse_ic 5.485e-03  mse_in 4.887e-03  mse_out 1.394e-07:   5%|▍         | 1190/25000 [01:11<23:58]
loss : 1.077e-02  mse_pde 4.212e-04  mse_ic 5.090e-03  mse_in 5.262e-03  mse_out 1.407e-07:   5%|▍         | 1190/25000 [01:11<23:58]
loss : 1.077e-02  mse_pde 4.212e-04  mse_ic 5.090e-03  mse_in 5.262e-03  mse_out 1.407e-07:   5%|▍         | 1190/25000 [01:11<23:58]
loss : 1.050e-02  mse_pde 1.459e-04  mse_ic 5.139e-03  mse_in 5.220e-03  mse_out 1.375e-07:   5%|▍         | 1190/25000 [01:11<23:58]
loss : 1.050e-02  mse_pde 1.459e-04  mse_ic 5.139e-03  mse_in 5.220e-03  mse_out 1.375e-07:   5%|▍         | 1190/25000 [01:11<23:58]
loss : 1.050e-02  mse_pde 1.459e-04  mse_ic 5.139e-03  mse_in 5.220e-03  mse_out 1.375e-07:   5%|▍         | 1192/25000 [01:11<24:09]
loss : 1.046e-02  mse_pde 1.043e-04  mse_ic 5.282e-03  mse_in 5.073e-03  mse_out 1.317e-07:   5%|▍         | 1192/25000 [01:11<24:09]
loss : 1.046e-02  mse_pde 1.043e-04  mse_ic 5.282e-03  mse_in 5.073e-03  mse_out 1.317e-07:   5%|▍         | 1192/25000 [01:11<24:09]
loss : 1.072e-02  mse_pde 3.728e-04  mse_ic 5.260e-03  mse_in 5.085e-03  mse_out 1.279e-07:   5%|▍         | 1192/25000 [01:11<24:09]
loss : 1.072e-02  mse_pde 3.728e-04  mse_ic 5.260e-03  mse_in 5.085e-03  mse_out 1.279e-07:   5%|▍         | 1192/25000 [01:11<24:09]
loss : 1.072e-02  mse_pde 3.728e-04  mse_ic 5.260e-03  mse_in 5.085e-03  mse_out 1.279e-07:   5%|▍         | 1194/25000 [01:11<24:17]
loss : 1.057e-02  mse_pde 2.214e-04  mse_ic 5.178e-03  mse_in 5.174e-03  mse_out 1.297e-07:   5%|▍         | 1194/25000 [01:11<24:17]
loss : 1.057e-02  mse_pde 2.214e-04  mse_ic 5.178e-03  mse_in 5.174e-03  mse_out 1.297e-07:   5%|▍         | 1194/25000 [01:11<24:17]
loss : 1.042e-02  mse_pde 7.046e-05  mse_ic 4.987e-03  mse_in 5.365e-03  mse_out 1.334e-07:   5%|▍         | 1194/25000 [01:11<24:17]
loss : 1.042e-02  mse_pde 7.046e-05  mse_ic 4.987e-03  mse_in 5.365e-03  mse_out 1.334e-07:   5%|▍         | 1194/25000 [01:11<24:17]
loss : 1.042e-02  mse_pde 7.046e-05  mse_ic 4.987e-03  mse_in 5.365e-03  mse_out 1.334e-07:   5%|▍         | 1196/25000 [01:11<24:10]
loss : 1.060e-02  mse_pde 2.533e-04  mse_ic 4.965e-03  mse_in 5.383e-03  mse_out 1.363e-07:   5%|▍         | 1196/25000 [01:11<24:10]
loss : 1.060e-02  mse_pde 2.533e-04  mse_ic 4.965e-03  mse_in 5.383e-03  mse_out 1.363e-07:   5%|▍         | 1196/25000 [01:11<24:10]
loss : 1.074e-02  mse_pde 3.859e-04  mse_ic 5.242e-03  mse_in 5.113e-03  mse_out 1.368e-07:   5%|▍         | 1196/25000 [01:11<24:10]
loss : 1.074e-02  mse_pde 3.859e-04  mse_ic 5.242e-03  mse_in 5.113e-03  mse_out 1.368e-07:   5%|▍         | 1196/25000 [01:11<24:10]
loss : 1.074e-02  mse_pde 3.859e-04  mse_ic 5.242e-03  mse_in 5.113e-03  mse_out 1.368e-07:   5%|▍         | 1198/25000 [01:12<24:18]
loss : 1.052e-02  mse_pde 1.668e-04  mse_ic 5.333e-03  mse_in 5.017e-03  mse_out 1.330e-07:   5%|▍         | 1198/25000 [01:12<24:18]
loss : 1.052e-02  mse_pde 1.668e-04  mse_ic 5.333e-03  mse_in 5.017e-03  mse_out 1.330e-07:   5%|▍         | 1198/25000 [01:12<24:18]
loss : 1.047e-02  mse_pde 1.174e-04  mse_ic 5.229e-03  mse_in 5.120e-03  mse_out 1.306e-07:   5%|▍         | 1198/25000 [01:12<24:18]
loss : 1.047e-02  mse_pde 1.174e-04  mse_ic 5.229e-03  mse_in 5.120e-03  mse_out 1.306e-07:   5%|▍         | 1198/25000 [01:12<24:18]
loss : 1.047e-02  mse_pde 1.174e-04  mse_ic 5.229e-03  mse_in 5.120e-03  mse_out 1.306e-07:   5%|▍         | 1200/25000 [01:12<24:13]
loss : 1.075e-02  mse_pde 3.966e-04  mse_ic 5.110e-03  mse_in 5.248e-03  mse_out 1.328e-07:   5%|▍         | 1200/25000 [01:12<24:13]
loss : 1.075e-02  mse_pde 3.966e-04  mse_ic 5.110e-03  mse_in 5.248e-03  mse_out 1.328e-07:   5%|▍         | 1200/25000 [01:12<24:13]
loss : 1.063e-02  mse_pde 2.864e-04  mse_ic 5.102e-03  mse_in 5.246e-03  mse_out 1.374e-07:   5%|▍         | 1200/25000 [01:12<24:13]
loss : 1.063e-02  mse_pde 2.864e-04  mse_ic 5.102e-03  mse_in 5.246e-03  mse_out 1.374e-07:   5%|▍         | 1200/25000 [01:12<24:13]
loss : 1.063e-02  mse_pde 2.864e-04  mse_ic 5.102e-03  mse_in 5.246e-03  mse_out 1.374e-07:   5%|▍         | 1202/25000 [01:12<24:21]
loss : 1.042e-02  mse_pde 6.484e-05  mse_ic 5.380e-03  mse_in 4.978e-03  mse_out 1.409e-07:   5%|▍         | 1202/25000 [01:12<24:21]
loss : 1.042e-02  mse_pde 6.484e-05  mse_ic 5.380e-03  mse_in 4.978e-03  mse_out 1.409e-07:   5%|▍         | 1202/25000 [01:12<24:21]
loss : 1.059e-02  mse_pde 2.244e-04  mse_ic 5.476e-03  mse_in 4.890e-03  mse_out 1.352e-07:   5%|▍         | 1202/25000 [01:12<24:21]
loss : 1.059e-02  mse_pde 2.244e-04  mse_ic 5.476e-03  mse_in 4.890e-03  mse_out 1.352e-07:   5%|▍         | 1202/25000 [01:12<24:21]
loss : 1.059e-02  mse_pde 2.244e-04  mse_ic 5.476e-03  mse_in 4.890e-03  mse_out 1.352e-07:   5%|▍         | 1204/25000 [01:12<24:09]
loss : 1.060e-02  mse_pde 2.544e-04  mse_ic 5.275e-03  mse_in 5.075e-03  mse_out 1.256e-07:   5%|▍         | 1204/25000 [01:12<24:09]
loss : 1.060e-02  mse_pde 2.544e-04  mse_ic 5.275e-03  mse_in 5.075e-03  mse_out 1.256e-07:   5%|▍         | 1204/25000 [01:12<24:09]
loss : 1.043e-02  mse_pde 7.583e-05  mse_ic 5.125e-03  mse_in 5.228e-03  mse_out 1.234e-07:   5%|▍         | 1204/25000 [01:12<24:09]
loss : 1.043e-02  mse_pde 7.583e-05  mse_ic 5.125e-03  mse_in 5.228e-03  mse_out 1.234e-07:   5%|▍         | 1204/25000 [01:12<24:09]
loss : 1.043e-02  mse_pde 7.583e-05  mse_ic 5.125e-03  mse_in 5.228e-03  mse_out 1.234e-07:   5%|▍         | 1206/25000 [01:12<24:06]
loss : 1.048e-02  mse_pde 1.313e-04  mse_ic 5.035e-03  mse_in 5.318e-03  mse_out 1.274e-07:   5%|▍         | 1206/25000 [01:12<24:06]
loss : 1.048e-02  mse_pde 1.313e-04  mse_ic 5.035e-03  mse_in 5.318e-03  mse_out 1.274e-07:   5%|▍         | 1206/25000 [01:12<24:06]
loss : 1.067e-02  mse_pde 3.269e-04  mse_ic 5.027e-03  mse_in 5.315e-03  mse_out 1.331e-07:   5%|▍         | 1206/25000 [01:12<24:06]
loss : 1.067e-02  mse_pde 3.269e-04  mse_ic 5.027e-03  mse_in 5.315e-03  mse_out 1.331e-07:   5%|▍         | 1206/25000 [01:12<24:06]
loss : 1.067e-02  mse_pde 3.269e-04  mse_ic 5.027e-03  mse_in 5.315e-03  mse_out 1.331e-07:   5%|▍         | 1208/25000 [01:12<24:15]
loss : 1.061e-02  mse_pde 2.564e-04  mse_ic 5.193e-03  mse_in 5.157e-03  mse_out 1.367e-07:   5%|▍         | 1208/25000 [01:12<24:15]
loss : 1.061e-02  mse_pde 2.564e-04  mse_ic 5.193e-03  mse_in 5.157e-03  mse_out 1.367e-07:   5%|▍         | 1208/25000 [01:12<24:15]
loss : 1.041e-02  mse_pde 6.662e-05  mse_ic 5.182e-03  mse_in 5.163e-03  mse_out 1.330e-07:   5%|▍         | 1208/25000 [01:12<24:15]
loss : 1.041e-02  mse_pde 6.662e-05  mse_ic 5.182e-03  mse_in 5.163e-03  mse_out 1.330e-07:   5%|▍         | 1208/25000 [01:12<24:15]
loss : 1.041e-02  mse_pde 6.662e-05  mse_ic 5.182e-03  mse_in 5.163e-03  mse_out 1.330e-07:   5%|▍         | 1210/25000 [01:12<24:00]
loss : 1.053e-02  mse_pde 1.900e-04  mse_ic 5.068e-03  mse_in 5.275e-03  mse_out 1.282e-07:   5%|▍         | 1210/25000 [01:12<24:00]
loss : 1.053e-02  mse_pde 1.900e-04  mse_ic 5.068e-03  mse_in 5.275e-03  mse_out 1.282e-07:   5%|▍         | 1210/25000 [01:12<24:00]
loss : 1.070e-02  mse_pde 3.502e-04  mse_ic 5.095e-03  mse_in 5.257e-03  mse_out 1.287e-07:   5%|▍         | 1210/25000 [01:12<24:00]
loss : 1.070e-02  mse_pde 3.502e-04  mse_ic 5.095e-03  mse_in 5.257e-03  mse_out 1.287e-07:   5%|▍         | 1210/25000 [01:12<24:00]
loss : 1.070e-02  mse_pde 3.502e-04  mse_ic 5.095e-03  mse_in 5.257e-03  mse_out 1.287e-07:   5%|▍         | 1212/25000 [01:12<24:07]
loss : 1.057e-02  mse_pde 2.239e-04  mse_ic 5.155e-03  mse_in 5.188e-03  mse_out 1.303e-07:   5%|▍         | 1212/25000 [01:12<24:07]
loss : 1.057e-02  mse_pde 2.239e-04  mse_ic 5.155e-03  mse_in 5.188e-03  mse_out 1.303e-07:   5%|▍         | 1212/25000 [01:12<24:07]
loss : 1.042e-02  mse_pde 7.302e-05  mse_ic 5.306e-03  mse_in 5.045e-03  mse_out 1.318e-07:   5%|▍         | 1212/25000 [01:12<24:07]
loss : 1.042e-02  mse_pde 7.302e-05  mse_ic 5.306e-03  mse_in 5.045e-03  mse_out 1.318e-07:   5%|▍         | 1212/25000 [01:12<24:07]
loss : 1.042e-02  mse_pde 7.302e-05  mse_ic 5.306e-03  mse_in 5.045e-03  mse_out 1.318e-07:   5%|▍         | 1214/25000 [01:12<23:59]
loss : 1.054e-02  mse_pde 1.892e-04  mse_ic 5.289e-03  mse_in 5.066e-03  mse_out 1.298e-07:   5%|▍         | 1214/25000 [01:13<23:59]
loss : 1.054e-02  mse_pde 1.892e-04  mse_ic 5.289e-03  mse_in 5.066e-03  mse_out 1.298e-07:   5%|▍         | 1214/25000 [01:13<23:59]
loss : 1.065e-02  mse_pde 3.023e-04  mse_ic 5.161e-03  mse_in 5.185e-03  mse_out 1.271e-07:   5%|▍         | 1214/25000 [01:13<23:59]
loss : 1.065e-02  mse_pde 3.023e-04  mse_ic 5.161e-03  mse_in 5.185e-03  mse_out 1.271e-07:   5%|▍         | 1214/25000 [01:13<23:59]
loss : 1.065e-02  mse_pde 3.023e-04  mse_ic 5.161e-03  mse_in 5.185e-03  mse_out 1.271e-07:   5%|▍         | 1216/25000 [01:13<23:49]
loss : 1.048e-02  mse_pde 1.274e-04  mse_ic 5.290e-03  mse_in 5.064e-03  mse_out 1.303e-07:   5%|▍         | 1216/25000 [01:13<23:49]
loss : 1.048e-02  mse_pde 1.274e-04  mse_ic 5.290e-03  mse_in 5.064e-03  mse_out 1.303e-07:   5%|▍         | 1216/25000 [01:13<23:49]
loss : 1.042e-02  mse_pde 6.684e-05  mse_ic 5.314e-03  mse_in 5.037e-03  mse_out 1.331e-07:   5%|▍         | 1216/25000 [01:13<23:49]
loss : 1.042e-02  mse_pde 6.684e-05  mse_ic 5.314e-03  mse_in 5.037e-03  mse_out 1.331e-07:   5%|▍         | 1216/25000 [01:13<23:49]
loss : 1.042e-02  mse_pde 6.684e-05  mse_ic 5.314e-03  mse_in 5.037e-03  mse_out 1.331e-07:   5%|▍         | 1218/25000 [01:13<23:48]
loss : 1.059e-02  mse_pde 2.475e-04  mse_ic 5.141e-03  mse_in 5.199e-03  mse_out 1.305e-07:   5%|▍         | 1218/25000 [01:13<23:48]
loss : 1.059e-02  mse_pde 2.475e-04  mse_ic 5.141e-03  mse_in 5.199e-03  mse_out 1.305e-07:   5%|▍         | 1218/25000 [01:13<23:48]
loss : 1.066e-02  mse_pde 3.125e-04  mse_ic 5.056e-03  mse_in 5.292e-03  mse_out 1.244e-07:   5%|▍         | 1218/25000 [01:13<23:48]
loss : 1.066e-02  mse_pde 3.125e-04  mse_ic 5.056e-03  mse_in 5.292e-03  mse_out 1.244e-07:   5%|▍         | 1218/25000 [01:13<23:48]
loss : 1.066e-02  mse_pde 3.125e-04  mse_ic 5.056e-03  mse_in 5.292e-03  mse_out 1.244e-07:   5%|▍         | 1220/25000 [01:13<23:41]
loss : 1.051e-02  mse_pde 1.678e-04  mse_ic 4.989e-03  mse_in 5.352e-03  mse_out 1.170e-07:   5%|▍         | 1220/25000 [01:13<23:41]
loss : 1.051e-02  mse_pde 1.678e-04  mse_ic 4.989e-03  mse_in 5.352e-03  mse_out 1.170e-07:   5%|▍         | 1220/25000 [01:13<23:41]
loss : 1.040e-02  mse_pde 5.627e-05  mse_ic 5.119e-03  mse_in 5.224e-03  mse_out 1.156e-07:   5%|▍         | 1220/25000 [01:13<23:41]
loss : 1.040e-02  mse_pde 5.627e-05  mse_ic 5.119e-03  mse_in 5.224e-03  mse_out 1.156e-07:   5%|▍         | 1220/25000 [01:13<23:41]
loss : 1.049e-02  mse_pde 1.466e-04  mse_ic 5.195e-03  mse_in 5.151e-03  mse_out 1.191e-07:   5%|▍         | 1220/25000 [01:13<23:41]
loss : 1.049e-02  mse_pde 1.466e-04  mse_ic 5.195e-03  mse_in 5.151e-03  mse_out 1.191e-07:   5%|▍         | 1220/25000 [01:13<23:41]
loss : 1.049e-02  mse_pde 1.466e-04  mse_ic 5.195e-03  mse_in 5.151e-03  mse_out 1.191e-07:   5%|▍         | 1223/25000 [01:13<20:31]
loss : 1.060e-02  mse_pde 2.659e-04  mse_ic 5.097e-03  mse_in 5.242e-03  mse_out 1.232e-07:   5%|▍         | 1223/25000 [01:13<20:31]
loss : 1.060e-02  mse_pde 2.659e-04  mse_ic 5.097e-03  mse_in 5.242e-03  mse_out 1.232e-07:   5%|▍         | 1223/25000 [01:13<20:31]
loss : 1.056e-02  mse_pde 2.086e-04  mse_ic 5.138e-03  mse_in 5.209e-03  mse_out 1.276e-07:   5%|▍         | 1223/25000 [01:13<20:31]
loss : 1.056e-02  mse_pde 2.086e-04  mse_ic 5.138e-03  mse_in 5.209e-03  mse_out 1.276e-07:   5%|▍         | 1223/25000 [01:13<20:31]
loss : 1.056e-02  mse_pde 2.086e-04  mse_ic 5.138e-03  mse_in 5.209e-03  mse_out 1.276e-07:   5%|▍         | 1225/25000 [01:13<20:20]
loss : 1.041e-02  mse_pde 6.805e-05  mse_ic 5.155e-03  mse_in 5.188e-03  mse_out 1.282e-07:   5%|▍         | 1225/25000 [01:13<20:20]
loss : 1.041e-02  mse_pde 6.805e-05  mse_ic 5.155e-03  mse_in 5.188e-03  mse_out 1.282e-07:   5%|▍         | 1225/25000 [01:13<20:20]
loss : 1.042e-02  mse_pde 8.129e-05  mse_ic 5.245e-03  mse_in 5.099e-03  mse_out 1.281e-07:   5%|▍         | 1225/25000 [01:13<20:20]
loss : 1.042e-02  mse_pde 8.129e-05  mse_ic 5.245e-03  mse_in 5.099e-03  mse_out 1.281e-07:   5%|▍         | 1225/25000 [01:13<20:20]
loss : 1.042e-02  mse_pde 8.129e-05  mse_ic 5.245e-03  mse_in 5.099e-03  mse_out 1.281e-07:   5%|▍         | 1227/25000 [01:13<20:47]
loss : 1.055e-02  mse_pde 2.050e-04  mse_ic 5.317e-03  mse_in 5.032e-03  mse_out 1.286e-07:   5%|▍         | 1227/25000 [01:13<20:47]
loss : 1.055e-02  mse_pde 2.050e-04  mse_ic 5.317e-03  mse_in 5.032e-03  mse_out 1.286e-07:   5%|▍         | 1227/25000 [01:13<20:47]
loss : 1.056e-02  mse_pde 2.247e-04  mse_ic 5.156e-03  mse_in 5.181e-03  mse_out 1.277e-07:   5%|▍         | 1227/25000 [01:13<20:47]
loss : 1.056e-02  mse_pde 2.247e-04  mse_ic 5.156e-03  mse_in 5.181e-03  mse_out 1.277e-07:   5%|▍         | 1227/25000 [01:13<20:47]
loss : 1.056e-02  mse_pde 2.247e-04  mse_ic 5.156e-03  mse_in 5.181e-03  mse_out 1.277e-07:   5%|▍         | 1229/25000 [01:13<21:45]
loss : 1.047e-02  mse_pde 1.223e-04  mse_ic 5.145e-03  mse_in 5.199e-03  mse_out 1.279e-07:   5%|▍         | 1229/25000 [01:13<21:45]
loss : 1.047e-02  mse_pde 1.223e-04  mse_ic 5.145e-03  mse_in 5.199e-03  mse_out 1.279e-07:   5%|▍         | 1229/25000 [01:13<21:45]
loss : 1.039e-02  mse_pde 4.838e-05  mse_ic 5.066e-03  mse_in 5.273e-03  mse_out 1.255e-07:   5%|▍         | 1229/25000 [01:13<21:45]
loss : 1.039e-02  mse_pde 4.838e-05  mse_ic 5.066e-03  mse_in 5.273e-03  mse_out 1.255e-07:   5%|▍         | 1229/25000 [01:13<21:45]
loss : 1.039e-02  mse_pde 4.838e-05  mse_ic 5.066e-03  mse_in 5.273e-03  mse_out 1.255e-07:   5%|▍         | 1231/25000 [01:13<22:39]
loss : 1.042e-02  mse_pde 8.859e-05  mse_ic 5.048e-03  mse_in 5.288e-03  mse_out 1.226e-07:   5%|▍         | 1231/25000 [01:13<22:39]
loss : 1.042e-02  mse_pde 8.859e-05  mse_ic 5.048e-03  mse_in 5.288e-03  mse_out 1.226e-07:   5%|▍         | 1231/25000 [01:13<22:39]
loss : 1.056e-02  mse_pde 2.182e-04  mse_ic 5.116e-03  mse_in 5.224e-03  mse_out 1.213e-07:   5%|▍         | 1231/25000 [01:14<22:39]
loss : 1.056e-02  mse_pde 2.182e-04  mse_ic 5.116e-03  mse_in 5.224e-03  mse_out 1.213e-07:   5%|▍         | 1231/25000 [01:14<22:39]
loss : 1.056e-02  mse_pde 2.182e-04  mse_ic 5.116e-03  mse_in 5.224e-03  mse_out 1.213e-07:   5%|▍         | 1233/25000 [01:14<23:08]
loss : 1.067e-02  mse_pde 3.413e-04  mse_ic 5.024e-03  mse_in 5.307e-03  mse_out 1.205e-07:   5%|▍         | 1233/25000 [01:14<23:08]
loss : 1.067e-02  mse_pde 3.413e-04  mse_ic 5.024e-03  mse_in 5.307e-03  mse_out 1.205e-07:   5%|▍         | 1233/25000 [01:14<23:08]
loss : 1.069e-02  mse_pde 3.514e-04  mse_ic 5.173e-03  mse_in 5.170e-03  mse_out 1.239e-07:   5%|▍         | 1233/25000 [01:14<23:08]
loss : 1.069e-02  mse_pde 3.514e-04  mse_ic 5.173e-03  mse_in 5.170e-03  mse_out 1.239e-07:   5%|▍         | 1233/25000 [01:14<23:08]
loss : 1.069e-02  mse_pde 3.514e-04  mse_ic 5.173e-03  mse_in 5.170e-03  mse_out 1.239e-07:   5%|▍         | 1235/25000 [01:14<23:24]
loss : 1.051e-02  mse_pde 1.691e-04  mse_ic 5.195e-03  mse_in 5.142e-03  mse_out 1.256e-07:   5%|▍         | 1235/25000 [01:14<23:24]
loss : 1.051e-02  mse_pde 1.691e-04  mse_ic 5.195e-03  mse_in 5.142e-03  mse_out 1.256e-07:   5%|▍         | 1235/25000 [01:14<23:24]
loss : 1.039e-02  mse_pde 4.470e-05  mse_ic 5.337e-03  mse_in 5.009e-03  mse_out 1.270e-07:   5%|▍         | 1235/25000 [01:14<23:24]
loss : 1.039e-02  mse_pde 4.470e-05  mse_ic 5.337e-03  mse_in 5.009e-03  mse_out 1.270e-07:   5%|▍         | 1235/25000 [01:14<23:24]
loss : 1.039e-02  mse_pde 4.470e-05  mse_ic 5.337e-03  mse_in 5.009e-03  mse_out 1.270e-07:   5%|▍         | 1237/25000 [01:14<23:43]
loss : 1.051e-02  mse_pde 1.572e-04  mse_ic 5.377e-03  mse_in 4.975e-03  mse_out 1.262e-07:   5%|▍         | 1237/25000 [01:14<23:43]
loss : 1.051e-02  mse_pde 1.572e-04  mse_ic 5.377e-03  mse_in 4.975e-03  mse_out 1.262e-07:   5%|▍         | 1237/25000 [01:14<23:43]
loss : 1.063e-02  mse_pde 2.882e-04  mse_ic 5.251e-03  mse_in 5.086e-03  mse_out 1.238e-07:   5%|▍         | 1237/25000 [01:14<23:43]
loss : 1.063e-02  mse_pde 2.882e-04  mse_ic 5.251e-03  mse_in 5.086e-03  mse_out 1.238e-07:   5%|▍         | 1237/25000 [01:14<23:43]
loss : 1.063e-02  mse_pde 2.882e-04  mse_ic 5.251e-03  mse_in 5.086e-03  mse_out 1.238e-07:   5%|▍         | 1239/25000 [01:14<23:45]
loss : 1.056e-02  mse_pde 2.126e-04  mse_ic 5.344e-03  mse_in 5.003e-03  mse_out 1.244e-07:   5%|▍         | 1239/25000 [01:14<23:45]
loss : 1.056e-02  mse_pde 2.126e-04  mse_ic 5.344e-03  mse_in 5.003e-03  mse_out 1.244e-07:   5%|▍         | 1239/25000 [01:14<23:45]
loss : 1.039e-02  mse_pde 5.950e-05  mse_ic 5.198e-03  mse_in 5.137e-03  mse_out 1.232e-07:   5%|▍         | 1239/25000 [01:14<23:45]
loss : 1.039e-02  mse_pde 5.950e-05  mse_ic 5.198e-03  mse_in 5.137e-03  mse_out 1.232e-07:   5%|▍         | 1239/25000 [01:14<23:45]
loss : 1.039e-02  mse_pde 5.950e-05  mse_ic 5.198e-03  mse_in 5.137e-03  mse_out 1.232e-07:   5%|▍         | 1241/25000 [01:14<23:49]
loss : 1.043e-02  mse_pde 9.772e-05  mse_ic 5.021e-03  mse_in 5.312e-03  mse_out 1.221e-07:   5%|▍         | 1241/25000 [01:14<23:49]
loss : 1.043e-02  mse_pde 9.772e-05  mse_ic 5.021e-03  mse_in 5.312e-03  mse_out 1.221e-07:   5%|▍         | 1241/25000 [01:14<23:49]
loss : 1.065e-02  mse_pde 3.114e-04  mse_ic 5.030e-03  mse_in 5.306e-03  mse_out 1.223e-07:   5%|▍         | 1241/25000 [01:14<23:49]
loss : 1.065e-02  mse_pde 3.114e-04  mse_ic 5.030e-03  mse_in 5.306e-03  mse_out 1.223e-07:   5%|▍         | 1241/25000 [01:14<23:49]
loss : 1.065e-02  mse_pde 3.114e-04  mse_ic 5.030e-03  mse_in 5.306e-03  mse_out 1.223e-07:   5%|▍         | 1243/25000 [01:14<23:43]
loss : 1.083e-02  mse_pde 5.108e-04  mse_ic 5.000e-03  mse_in 5.324e-03  mse_out 1.204e-07:   5%|▍         | 1243/25000 [01:14<23:43]
loss : 1.083e-02  mse_pde 5.108e-04  mse_ic 5.000e-03  mse_in 5.324e-03  mse_out 1.204e-07:   5%|▍         | 1243/25000 [01:14<23:43]
loss : 1.076e-02  mse_pde 4.154e-04  mse_ic 5.325e-03  mse_in 5.015e-03  mse_out 1.204e-07:   5%|▍         | 1243/25000 [01:14<23:43]
loss : 1.076e-02  mse_pde 4.154e-04  mse_ic 5.325e-03  mse_in 5.015e-03  mse_out 1.204e-07:   5%|▍         | 1243/25000 [01:14<23:43]
loss : 1.076e-02  mse_pde 4.154e-04  mse_ic 5.325e-03  mse_in 5.015e-03  mse_out 1.204e-07:   5%|▍         | 1245/25000 [01:14<23:49]
loss : 1.040e-02  mse_pde 6.452e-05  mse_ic 5.281e-03  mse_in 5.056e-03  mse_out 1.186e-07:   5%|▍         | 1245/25000 [01:14<23:49]
loss : 1.040e-02  mse_pde 6.452e-05  mse_ic 5.281e-03  mse_in 5.056e-03  mse_out 1.186e-07:   5%|▍         | 1245/25000 [01:14<23:49]
loss : 1.058e-02  mse_pde 2.492e-04  mse_ic 5.227e-03  mse_in 5.109e-03  mse_out 1.198e-07:   5%|▍         | 1245/25000 [01:14<23:49]
loss : 1.058e-02  mse_pde 2.492e-04  mse_ic 5.227e-03  mse_in 5.109e-03  mse_out 1.198e-07:   5%|▍         | 1245/25000 [01:14<23:49]
loss : 1.058e-02  mse_pde 2.492e-04  mse_ic 5.227e-03  mse_in 5.109e-03  mse_out 1.198e-07:   5%|▍         | 1247/25000 [01:14<23:57]
loss : 1.084e-02  mse_pde 4.873e-04  mse_ic 5.473e-03  mse_in 4.884e-03  mse_out 1.241e-07:   5%|▍         | 1247/25000 [01:14<23:57]
loss : 1.084e-02  mse_pde 4.873e-04  mse_ic 5.473e-03  mse_in 4.884e-03  mse_out 1.241e-07:   5%|▍         | 1247/25000 [01:14<23:57]
loss : 1.050e-02  mse_pde 1.427e-04  mse_ic 5.549e-03  mse_in 4.807e-03  mse_out 1.235e-07:   5%|▍         | 1247/25000 [01:14<23:57]
loss : 1.050e-02  mse_pde 1.427e-04  mse_ic 5.549e-03  mse_in 4.807e-03  mse_out 1.235e-07:   5%|▍         | 1247/25000 [01:14<23:57]
loss : 1.050e-02  mse_pde 1.427e-04  mse_ic 5.549e-03  mse_in 4.807e-03  mse_out 1.235e-07:   5%|▍         | 1249/25000 [01:15<23:55]
loss : 1.054e-02  mse_pde 1.898e-04  mse_ic 5.429e-03  mse_in 4.917e-03  mse_out 1.202e-07:   5%|▍         | 1249/25000 [01:15<23:55]
loss : 1.054e-02  mse_pde 1.898e-04  mse_ic 5.429e-03  mse_in 4.917e-03  mse_out 1.202e-07:   5%|▍         | 1249/25000 [01:15<23:55]
loss : 1.085e-02  mse_pde 5.055e-04  mse_ic 5.337e-03  mse_in 5.011e-03  mse_out 1.208e-07:   5%|▍         | 1249/25000 [01:15<23:55]
loss : 1.085e-02  mse_pde 5.055e-04  mse_ic 5.337e-03  mse_in 5.011e-03  mse_out 1.208e-07:   5%|▍         | 1249/25000 [01:15<23:55]
loss : 1.085e-02  mse_pde 5.055e-04  mse_ic 5.337e-03  mse_in 5.011e-03  mse_out 1.208e-07:   5%|▌         | 1251/25000 [01:15<23:59]
loss : 1.050e-02  mse_pde 1.716e-04  mse_ic 5.257e-03  mse_in 5.075e-03  mse_out 1.239e-07:   5%|▌         | 1251/25000 [01:15<23:59]
loss : 1.050e-02  mse_pde 1.716e-04  mse_ic 5.257e-03  mse_in 5.075e-03  mse_out 1.239e-07:   5%|▌         | 1251/25000 [01:15<23:59]
loss : 1.047e-02  mse_pde 1.386e-04  mse_ic 5.283e-03  mse_in 5.048e-03  mse_out 1.253e-07:   5%|▌         | 1251/25000 [01:15<23:59]
loss : 1.047e-02  mse_pde 1.386e-04  mse_ic 5.283e-03  mse_in 5.048e-03  mse_out 1.253e-07:   5%|▌         | 1251/25000 [01:15<23:59]
loss : 1.047e-02  mse_pde 1.386e-04  mse_ic 5.283e-03  mse_in 5.048e-03  mse_out 1.253e-07:   5%|▌         | 1253/25000 [01:15<23:25]
loss : 1.078e-02  mse_pde 4.394e-04  mse_ic 5.233e-03  mse_in 5.104e-03  mse_out 1.218e-07:   5%|▌         | 1253/25000 [01:15<23:25]
loss : 1.078e-02  mse_pde 4.394e-04  mse_ic 5.233e-03  mse_in 5.104e-03  mse_out 1.218e-07:   5%|▌         | 1253/25000 [01:15<23:25]
loss : 1.059e-02  mse_pde 2.611e-04  mse_ic 4.990e-03  mse_in 5.337e-03  mse_out 1.168e-07:   5%|▌         | 1253/25000 [01:15<23:25]
loss : 1.059e-02  mse_pde 2.611e-04  mse_ic 4.990e-03  mse_in 5.337e-03  mse_out 1.168e-07:   5%|▌         | 1253/25000 [01:15<23:25]
loss : 1.059e-02  mse_pde 2.611e-04  mse_ic 4.990e-03  mse_in 5.337e-03  mse_out 1.168e-07:   5%|▌         | 1255/25000 [01:15<23:48]
loss : 1.038e-02  mse_pde 5.160e-05  mse_ic 5.125e-03  mse_in 5.203e-03  mse_out 1.191e-07:   5%|▌         | 1255/25000 [01:15<23:48]
loss : 1.038e-02  mse_pde 5.160e-05  mse_ic 5.125e-03  mse_in 5.203e-03  mse_out 1.191e-07:   5%|▌         | 1255/25000 [01:15<23:48]
loss : 1.062e-02  mse_pde 2.870e-04  mse_ic 5.231e-03  mse_in 5.103e-03  mse_out 1.235e-07:   5%|▌         | 1255/25000 [01:15<23:48]
loss : 1.062e-02  mse_pde 2.870e-04  mse_ic 5.231e-03  mse_in 5.103e-03  mse_out 1.235e-07:   5%|▌         | 1255/25000 [01:15<23:48]
loss : 1.062e-02  mse_pde 2.870e-04  mse_ic 5.231e-03  mse_in 5.103e-03  mse_out 1.235e-07:   5%|▌         | 1257/25000 [01:15<23:56]
loss : 1.061e-02  mse_pde 2.855e-04  mse_ic 5.063e-03  mse_in 5.261e-03  mse_out 1.228e-07:   5%|▌         | 1257/25000 [01:15<23:56]
loss : 1.061e-02  mse_pde 2.855e-04  mse_ic 5.063e-03  mse_in 5.261e-03  mse_out 1.228e-07:   5%|▌         | 1257/25000 [01:15<23:56]
loss : 1.039e-02  mse_pde 6.070e-05  mse_ic 5.176e-03  mse_in 5.156e-03  mse_out 1.214e-07:   5%|▌         | 1257/25000 [01:15<23:56]
loss : 1.039e-02  mse_pde 6.070e-05  mse_ic 5.176e-03  mse_in 5.156e-03  mse_out 1.214e-07:   5%|▌         | 1257/25000 [01:15<23:56]
loss : 1.039e-02  mse_pde 6.070e-05  mse_ic 5.176e-03  mse_in 5.156e-03  mse_out 1.214e-07:   5%|▌         | 1259/25000 [01:15<23:59]
loss : 1.049e-02  mse_pde 1.487e-04  mse_ic 5.273e-03  mse_in 5.065e-03  mse_out 1.206e-07:   5%|▌         | 1259/25000 [01:15<23:59]
loss : 1.049e-02  mse_pde 1.487e-04  mse_ic 5.273e-03  mse_in 5.065e-03  mse_out 1.206e-07:   5%|▌         | 1259/25000 [01:15<23:59]
loss : 1.060e-02  mse_pde 2.674e-04  mse_ic 5.246e-03  mse_in 5.083e-03  mse_out 1.214e-07:   5%|▌         | 1259/25000 [01:15<23:59]
loss : 1.060e-02  mse_pde 2.674e-04  mse_ic 5.246e-03  mse_in 5.083e-03  mse_out 1.214e-07:   5%|▌         | 1259/25000 [01:15<23:59]
loss : 1.060e-02  mse_pde 2.674e-04  mse_ic 5.246e-03  mse_in 5.083e-03  mse_out 1.214e-07:   5%|▌         | 1261/25000 [01:15<24:03]
loss : 1.044e-02  mse_pde 9.869e-05  mse_ic 5.355e-03  mse_in 4.984e-03  mse_out 1.239e-07:   5%|▌         | 1261/25000 [01:15<24:03]
loss : 1.044e-02  mse_pde 9.869e-05  mse_ic 5.355e-03  mse_in 4.984e-03  mse_out 1.239e-07:   5%|▌         | 1261/25000 [01:15<24:03]
loss : 1.042e-02  mse_pde 8.374e-05  mse_ic 5.207e-03  mse_in 5.128e-03  mse_out 1.219e-07:   5%|▌         | 1261/25000 [01:15<24:03]
loss : 1.042e-02  mse_pde 8.374e-05  mse_ic 5.207e-03  mse_in 5.128e-03  mse_out 1.219e-07:   5%|▌         | 1261/25000 [01:15<24:03]
loss : 1.042e-02  mse_pde 8.374e-05  mse_ic 5.207e-03  mse_in 5.128e-03  mse_out 1.219e-07:   5%|▌         | 1263/25000 [01:15<24:01]
loss : 1.061e-02  mse_pde 2.847e-04  mse_ic 5.020e-03  mse_in 5.306e-03  mse_out 1.179e-07:   5%|▌         | 1263/25000 [01:15<24:01]
loss : 1.061e-02  mse_pde 2.847e-04  mse_ic 5.020e-03  mse_in 5.306e-03  mse_out 1.179e-07:   5%|▌         | 1263/25000 [01:15<24:01]
loss : 1.058e-02  mse_pde 2.483e-04  mse_ic 5.221e-03  mse_in 5.112e-03  mse_out 1.179e-07:   5%|▌         | 1263/25000 [01:15<24:01]
loss : 1.058e-02  mse_pde 2.483e-04  mse_ic 5.221e-03  mse_in 5.112e-03  mse_out 1.179e-07:   5%|▌         | 1263/25000 [01:15<24:01]
loss : 1.058e-02  mse_pde 2.483e-04  mse_ic 5.221e-03  mse_in 5.112e-03  mse_out 1.179e-07:   5%|▌         | 1265/25000 [01:15<23:53]
loss : 1.040e-02  mse_pde 7.349e-05  mse_ic 5.222e-03  mse_in 5.104e-03  mse_out 1.174e-07:   5%|▌         | 1265/25000 [01:16<23:53]
loss : 1.040e-02  mse_pde 7.349e-05  mse_ic 5.222e-03  mse_in 5.104e-03  mse_out 1.174e-07:   5%|▌         | 1265/25000 [01:16<23:53]
loss : 1.048e-02  mse_pde 1.570e-04  mse_ic 5.027e-03  mse_in 5.297e-03  mse_out 1.162e-07:   5%|▌         | 1265/25000 [01:16<23:53]
loss : 1.048e-02  mse_pde 1.570e-04  mse_ic 5.027e-03  mse_in 5.297e-03  mse_out 1.162e-07:   5%|▌         | 1265/25000 [01:16<23:53]
loss : 1.048e-02  mse_pde 1.570e-04  mse_ic 5.027e-03  mse_in 5.297e-03  mse_out 1.162e-07:   5%|▌         | 1267/25000 [01:16<23:51]
loss : 1.071e-02  mse_pde 3.761e-04  mse_ic 4.994e-03  mse_in 5.339e-03  mse_out 1.165e-07:   5%|▌         | 1267/25000 [01:16<23:51]
loss : 1.071e-02  mse_pde 3.761e-04  mse_ic 4.994e-03  mse_in 5.339e-03  mse_out 1.165e-07:   5%|▌         | 1267/25000 [01:16<23:51]
loss : 1.056e-02  mse_pde 2.415e-04  mse_ic 5.060e-03  mse_in 5.263e-03  mse_out 1.172e-07:   5%|▌         | 1267/25000 [01:16<23:51]
loss : 1.056e-02  mse_pde 2.415e-04  mse_ic 5.060e-03  mse_in 5.263e-03  mse_out 1.172e-07:   5%|▌         | 1267/25000 [01:16<23:51]
loss : 1.056e-02  mse_pde 2.415e-04  mse_ic 5.060e-03  mse_in 5.263e-03  mse_out 1.172e-07:   5%|▌         | 1269/25000 [01:16<23:34]
loss : 1.040e-02  mse_pde 6.388e-05  mse_ic 5.355e-03  mse_in 4.979e-03  mse_out 1.197e-07:   5%|▌         | 1269/25000 [01:16<23:34]
loss : 1.040e-02  mse_pde 6.388e-05  mse_ic 5.355e-03  mse_in 4.979e-03  mse_out 1.197e-07:   5%|▌         | 1269/25000 [01:16<23:34]
loss : 1.051e-02  mse_pde 1.709e-04  mse_ic 5.339e-03  mse_in 4.998e-03  mse_out 1.198e-07:   5%|▌         | 1269/25000 [01:16<23:34]
loss : 1.051e-02  mse_pde 1.709e-04  mse_ic 5.339e-03  mse_in 4.998e-03  mse_out 1.198e-07:   5%|▌         | 1269/25000 [01:16<23:34]
loss : 1.051e-02  mse_pde 1.709e-04  mse_ic 5.339e-03  mse_in 4.998e-03  mse_out 1.198e-07:   5%|▌         | 1271/25000 [01:16<23:47]
loss : 1.061e-02  mse_pde 2.813e-04  mse_ic 5.082e-03  mse_in 5.244e-03  mse_out 1.183e-07:   5%|▌         | 1271/25000 [01:16<23:47]
loss : 1.061e-02  mse_pde 2.813e-04  mse_ic 5.082e-03  mse_in 5.244e-03  mse_out 1.183e-07:   5%|▌         | 1271/25000 [01:16<23:47]
loss : 1.046e-02  mse_pde 1.228e-04  mse_ic 5.185e-03  mse_in 5.148e-03  mse_out 1.191e-07:   5%|▌         | 1271/25000 [01:16<23:47]
loss : 1.046e-02  mse_pde 1.228e-04  mse_ic 5.185e-03  mse_in 5.148e-03  mse_out 1.191e-07:   5%|▌         | 1271/25000 [01:16<23:47]
loss : 1.046e-02  mse_pde 1.228e-04  mse_ic 5.185e-03  mse_in 5.148e-03  mse_out 1.191e-07:   5%|▌         | 1273/25000 [01:16<23:42]
loss : 1.039e-02  mse_pde 5.746e-05  mse_ic 5.258e-03  mse_in 5.072e-03  mse_out 1.166e-07:   5%|▌         | 1273/25000 [01:16<23:42]
loss : 1.039e-02  mse_pde 5.746e-05  mse_ic 5.258e-03  mse_in 5.072e-03  mse_out 1.166e-07:   5%|▌         | 1273/25000 [01:16<23:42]
loss : 1.053e-02  mse_pde 2.117e-04  mse_ic 5.168e-03  mse_in 5.154e-03  mse_out 1.103e-07:   5%|▌         | 1273/25000 [01:16<23:42]
loss : 1.053e-02  mse_pde 2.117e-04  mse_ic 5.168e-03  mse_in 5.154e-03  mse_out 1.103e-07:   5%|▌         | 1273/25000 [01:16<23:42]
loss : 1.053e-02  mse_pde 2.117e-04  mse_ic 5.168e-03  mse_in 5.154e-03  mse_out 1.103e-07:   5%|▌         | 1275/25000 [01:16<23:48]
loss : 1.059e-02  mse_pde 2.630e-04  mse_ic 5.145e-03  mse_in 5.183e-03  mse_out 1.070e-07:   5%|▌         | 1275/25000 [01:16<23:48]
loss : 1.059e-02  mse_pde 2.630e-04  mse_ic 5.145e-03  mse_in 5.183e-03  mse_out 1.070e-07:   5%|▌         | 1275/25000 [01:16<23:48]
loss : 1.043e-02  mse_pde 1.061e-04  mse_ic 5.033e-03  mse_in 5.289e-03  mse_out 1.077e-07:   5%|▌         | 1275/25000 [01:16<23:48]
loss : 1.043e-02  mse_pde 1.061e-04  mse_ic 5.033e-03  mse_in 5.289e-03  mse_out 1.077e-07:   5%|▌         | 1275/25000 [01:16<23:48]
loss : 1.043e-02  mse_pde 1.061e-04  mse_ic 5.033e-03  mse_in 5.289e-03  mse_out 1.077e-07:   5%|▌         | 1277/25000 [01:16<24:00]
loss : 1.038e-02  mse_pde 5.780e-05  mse_ic 5.072e-03  mse_in 5.250e-03  mse_out 1.117e-07:   5%|▌         | 1277/25000 [01:16<24:00]
loss : 1.038e-02  mse_pde 5.780e-05  mse_ic 5.072e-03  mse_in 5.250e-03  mse_out 1.117e-07:   5%|▌         | 1277/25000 [01:16<24:00]
loss : 1.051e-02  mse_pde 1.828e-04  mse_ic 5.122e-03  mse_in 5.204e-03  mse_out 1.135e-07:   5%|▌         | 1277/25000 [01:16<24:00]
loss : 1.051e-02  mse_pde 1.828e-04  mse_ic 5.122e-03  mse_in 5.204e-03  mse_out 1.135e-07:   5%|▌         | 1277/25000 [01:16<24:00]
loss : 1.051e-02  mse_pde 1.828e-04  mse_ic 5.122e-03  mse_in 5.204e-03  mse_out 1.135e-07:   5%|▌         | 1279/25000 [01:16<23:58]
loss : 1.059e-02  mse_pde 2.698e-04  mse_ic 5.035e-03  mse_in 5.284e-03  mse_out 1.123e-07:   5%|▌         | 1279/25000 [01:16<23:58]
loss : 1.059e-02  mse_pde 2.698e-04  mse_ic 5.035e-03  mse_in 5.284e-03  mse_out 1.123e-07:   5%|▌         | 1279/25000 [01:16<23:58]
loss : 1.051e-02  mse_pde 1.817e-04  mse_ic 5.212e-03  mse_in 5.115e-03  mse_out 1.156e-07:   5%|▌         | 1279/25000 [01:16<23:58]
loss : 1.051e-02  mse_pde 1.817e-04  mse_ic 5.212e-03  mse_in 5.115e-03  mse_out 1.156e-07:   5%|▌         | 1279/25000 [01:16<23:58]
loss : 1.051e-02  mse_pde 1.817e-04  mse_ic 5.212e-03  mse_in 5.115e-03  mse_out 1.156e-07:   5%|▌         | 1281/25000 [01:16<24:10]
loss : 1.037e-02  mse_pde 4.551e-05  mse_ic 5.223e-03  mse_in 5.101e-03  mse_out 1.206e-07:   5%|▌         | 1281/25000 [01:16<24:10]
loss : 1.037e-02  mse_pde 4.551e-05  mse_ic 5.223e-03  mse_in 5.101e-03  mse_out 1.206e-07:   5%|▌         | 1281/25000 [01:16<24:10]
loss : 1.045e-02  mse_pde 1.254e-04  mse_ic 5.154e-03  mse_in 5.167e-03  mse_out 1.234e-07:   5%|▌         | 1281/25000 [01:17<24:10]
loss : 1.045e-02  mse_pde 1.254e-04  mse_ic 5.154e-03  mse_in 5.167e-03  mse_out 1.234e-07:   5%|▌         | 1281/25000 [01:17<24:10]
loss : 1.045e-02  mse_pde 1.254e-04  mse_ic 5.154e-03  mse_in 5.167e-03  mse_out 1.234e-07:   5%|▌         | 1283/25000 [01:17<24:05]
loss : 1.060e-02  mse_pde 2.734e-04  mse_ic 5.201e-03  mse_in 5.127e-03  mse_out 1.214e-07:   5%|▌         | 1283/25000 [01:17<24:05]
loss : 1.060e-02  mse_pde 2.734e-04  mse_ic 5.201e-03  mse_in 5.127e-03  mse_out 1.214e-07:   5%|▌         | 1283/25000 [01:17<24:05]
loss : 1.056e-02  mse_pde 2.453e-04  mse_ic 5.151e-03  mse_in 5.168e-03  mse_out 1.157e-07:   5%|▌         | 1283/25000 [01:17<24:05]
loss : 1.056e-02  mse_pde 2.453e-04  mse_ic 5.151e-03  mse_in 5.168e-03  mse_out 1.157e-07:   5%|▌         | 1283/25000 [01:17<24:05]
loss : 1.056e-02  mse_pde 2.453e-04  mse_ic 5.151e-03  mse_in 5.168e-03  mse_out 1.157e-07:   5%|▌         | 1285/25000 [01:17<23:59]
loss : 1.042e-02  mse_pde 8.863e-05  mse_ic 5.322e-03  mse_in 5.006e-03  mse_out 1.144e-07:   5%|▌         | 1285/25000 [01:17<23:59]
loss : 1.042e-02  mse_pde 8.863e-05  mse_ic 5.322e-03  mse_in 5.006e-03  mse_out 1.144e-07:   5%|▌         | 1285/25000 [01:17<23:59]
loss : 1.038e-02  mse_pde 5.797e-05  mse_ic 5.210e-03  mse_in 5.113e-03  mse_out 1.146e-07:   5%|▌         | 1285/25000 [01:17<23:59]
loss : 1.038e-02  mse_pde 5.797e-05  mse_ic 5.210e-03  mse_in 5.113e-03  mse_out 1.146e-07:   5%|▌         | 1285/25000 [01:17<23:59]
loss : 1.038e-02  mse_pde 5.797e-05  mse_ic 5.210e-03  mse_in 5.113e-03  mse_out 1.146e-07:   5%|▌         | 1287/25000 [01:17<24:03]
loss : 1.055e-02  mse_pde 2.346e-04  mse_ic 4.967e-03  mse_in 5.351e-03  mse_out 1.148e-07:   5%|▌         | 1287/25000 [01:17<24:03]
loss : 1.055e-02  mse_pde 2.346e-04  mse_ic 4.967e-03  mse_in 5.351e-03  mse_out 1.148e-07:   5%|▌         | 1287/25000 [01:17<24:03]
loss : 1.072e-02  mse_pde 3.999e-04  mse_ic 5.091e-03  mse_in 5.233e-03  mse_out 1.156e-07:   5%|▌         | 1287/25000 [01:17<24:03]
loss : 1.072e-02  mse_pde 3.999e-04  mse_ic 5.091e-03  mse_in 5.233e-03  mse_out 1.156e-07:   5%|▌         | 1287/25000 [01:17<24:03]
loss : 1.072e-02  mse_pde 3.999e-04  mse_ic 5.091e-03  mse_in 5.233e-03  mse_out 1.156e-07:   5%|▌         | 1289/25000 [01:17<23:51]
loss : 1.062e-02  mse_pde 3.048e-04  mse_ic 5.176e-03  mse_in 5.138e-03  mse_out 1.130e-07:   5%|▌         | 1289/25000 [01:17<23:51]
loss : 1.062e-02  mse_pde 3.048e-04  mse_ic 5.176e-03  mse_in 5.138e-03  mse_out 1.130e-07:   5%|▌         | 1289/25000 [01:17<23:51]
loss : 1.040e-02  mse_pde 7.301e-05  mse_ic 5.360e-03  mse_in 4.967e-03  mse_out 1.113e-07:   5%|▌         | 1289/25000 [01:17<23:51]
loss : 1.040e-02  mse_pde 7.301e-05  mse_ic 5.360e-03  mse_in 4.967e-03  mse_out 1.113e-07:   5%|▌         | 1289/25000 [01:17<23:51]
loss : 1.040e-02  mse_pde 7.301e-05  mse_ic 5.360e-03  mse_in 4.967e-03  mse_out 1.113e-07:   5%|▌         | 1291/25000 [01:17<23:55]
loss : 1.045e-02  mse_pde 1.282e-04  mse_ic 5.241e-03  mse_in 5.084e-03  mse_out 1.100e-07:   5%|▌         | 1291/25000 [01:17<23:55]
loss : 1.045e-02  mse_pde 1.282e-04  mse_ic 5.241e-03  mse_in 5.084e-03  mse_out 1.100e-07:   5%|▌         | 1291/25000 [01:17<23:55]
loss : 1.068e-02  mse_pde 3.659e-04  mse_ic 5.061e-03  mse_in 5.254e-03  mse_out 1.101e-07:   5%|▌         | 1291/25000 [01:17<23:55]
loss : 1.068e-02  mse_pde 3.659e-04  mse_ic 5.061e-03  mse_in 5.254e-03  mse_out 1.101e-07:   5%|▌         | 1291/25000 [01:17<23:55]
loss : 1.068e-02  mse_pde 3.659e-04  mse_ic 5.061e-03  mse_in 5.254e-03  mse_out 1.101e-07:   5%|▌         | 1293/25000 [01:17<23:51]
loss : 1.066e-02  mse_pde 3.295e-04  mse_ic 5.339e-03  mse_in 4.991e-03  mse_out 1.120e-07:   5%|▌         | 1293/25000 [01:17<23:51]
loss : 1.066e-02  mse_pde 3.295e-04  mse_ic 5.339e-03  mse_in 4.991e-03  mse_out 1.120e-07:   5%|▌         | 1293/25000 [01:17<23:51]
loss : 1.040e-02  mse_pde 7.242e-05  mse_ic 5.386e-03  mse_in 4.941e-03  mse_out 1.091e-07:   5%|▌         | 1293/25000 [01:17<23:51]
loss : 1.040e-02  mse_pde 7.242e-05  mse_ic 5.386e-03  mse_in 4.941e-03  mse_out 1.091e-07:   5%|▌         | 1293/25000 [01:17<23:51]
loss : 1.040e-02  mse_pde 7.242e-05  mse_ic 5.386e-03  mse_in 4.941e-03  mse_out 1.091e-07:   5%|▌         | 1295/25000 [01:17<23:45]
loss : 1.052e-02  mse_pde 1.977e-04  mse_ic 5.249e-03  mse_in 5.071e-03  mse_out 1.061e-07:   5%|▌         | 1295/25000 [01:17<23:45]
loss : 1.052e-02  mse_pde 1.977e-04  mse_ic 5.249e-03  mse_in 5.071e-03  mse_out 1.061e-07:   5%|▌         | 1295/25000 [01:17<23:45]
loss : 1.074e-02  mse_pde 4.145e-04  mse_ic 5.233e-03  mse_in 5.094e-03  mse_out 1.076e-07:   5%|▌         | 1295/25000 [01:17<23:45]
loss : 1.074e-02  mse_pde 4.145e-04  mse_ic 5.233e-03  mse_in 5.094e-03  mse_out 1.076e-07:   5%|▌         | 1295/25000 [01:17<23:45]
loss : 1.074e-02  mse_pde 4.145e-04  mse_ic 5.233e-03  mse_in 5.094e-03  mse_out 1.076e-07:   5%|▌         | 1297/25000 [01:17<23:55]
loss : 1.054e-02  mse_pde 2.249e-04  mse_ic 5.167e-03  mse_in 5.147e-03  mse_out 1.090e-07:   5%|▌         | 1297/25000 [01:17<23:55]
loss : 1.054e-02  mse_pde 2.249e-04  mse_ic 5.167e-03  mse_in 5.147e-03  mse_out 1.090e-07:   5%|▌         | 1297/25000 [01:17<23:55]
loss : 1.038e-02  mse_pde 6.539e-05  mse_ic 5.256e-03  mse_in 5.062e-03  mse_out 1.075e-07:   5%|▌         | 1297/25000 [01:17<23:55]
loss : 1.038e-02  mse_pde 6.539e-05  mse_ic 5.256e-03  mse_in 5.062e-03  mse_out 1.075e-07:   5%|▌         | 1297/25000 [01:17<23:55]
loss : 1.038e-02  mse_pde 6.539e-05  mse_ic 5.256e-03  mse_in 5.062e-03  mse_out 1.075e-07:   5%|▌         | 1299/25000 [01:18<23:37]
loss : 1.057e-02  mse_pde 2.518e-04  mse_ic 5.212e-03  mse_in 5.109e-03  mse_out 1.026e-07:   5%|▌         | 1299/25000 [01:18<23:37]
loss : 1.057e-02  mse_pde 2.518e-04  mse_ic 5.212e-03  mse_in 5.109e-03  mse_out 1.026e-07:   5%|▌         | 1299/25000 [01:18<23:37]
loss : 1.067e-02  mse_pde 3.561e-04  mse_ic 5.048e-03  mse_in 5.265e-03  mse_out 9.974e-08:   5%|▌         | 1299/25000 [01:18<23:37]
loss : 1.067e-02  mse_pde 3.561e-04  mse_ic 5.048e-03  mse_in 5.265e-03  mse_out 9.974e-08:   5%|▌         | 1299/25000 [01:18<23:37]
loss : 1.067e-02  mse_pde 3.561e-04  mse_ic 5.048e-03  mse_in 5.265e-03  mse_out 9.974e-08:   5%|▌         | 1301/25000 [01:18<24:48]
loss : 1.045e-02  mse_pde 1.253e-04  mse_ic 5.263e-03  mse_in 5.058e-03  mse_out 1.048e-07:   5%|▌         | 1301/25000 [01:18<24:48]
loss : 1.045e-02  mse_pde 1.253e-04  mse_ic 5.263e-03  mse_in 5.058e-03  mse_out 1.048e-07:   5%|▌         | 1301/25000 [01:18<24:48]
loss : 1.040e-02  mse_pde 8.220e-05  mse_ic 5.255e-03  mse_in 5.064e-03  mse_out 1.109e-07:   5%|▌         | 1301/25000 [01:18<24:48]
loss : 1.040e-02  mse_pde 8.220e-05  mse_ic 5.255e-03  mse_in 5.064e-03  mse_out 1.109e-07:   5%|▌         | 1301/25000 [01:18<24:48]
loss : 1.040e-02  mse_pde 8.220e-05  mse_ic 5.255e-03  mse_in 5.064e-03  mse_out 1.109e-07:   5%|▌         | 1303/25000 [01:18<23:37]
loss : 1.060e-02  mse_pde 2.917e-04  mse_ic 5.031e-03  mse_in 5.281e-03  mse_out 1.132e-07:   5%|▌         | 1303/25000 [01:18<23:37]
loss : 1.060e-02  mse_pde 2.917e-04  mse_ic 5.031e-03  mse_in 5.281e-03  mse_out 1.132e-07:   5%|▌         | 1303/25000 [01:18<23:37]
loss : 1.062e-02  mse_pde 2.989e-04  mse_ic 5.074e-03  mse_in 5.247e-03  mse_out 1.122e-07:   5%|▌         | 1303/25000 [01:18<23:37]
loss : 1.062e-02  mse_pde 2.989e-04  mse_ic 5.074e-03  mse_in 5.247e-03  mse_out 1.122e-07:   5%|▌         | 1303/25000 [01:18<23:37]
loss : 1.062e-02  mse_pde 2.989e-04  mse_ic 5.074e-03  mse_in 5.247e-03  mse_out 1.122e-07:   5%|▌         | 1305/25000 [01:18<23:43]
loss : 1.038e-02  mse_pde 6.428e-05  mse_ic 5.214e-03  mse_in 5.101e-03  mse_out 1.079e-07:   5%|▌         | 1305/25000 [01:18<23:43]
loss : 1.038e-02  mse_pde 6.428e-05  mse_ic 5.214e-03  mse_in 5.101e-03  mse_out 1.079e-07:   5%|▌         | 1305/25000 [01:18<23:43]
loss : 1.046e-02  mse_pde 1.432e-04  mse_ic 5.330e-03  mse_in 4.988e-03  mse_out 1.053e-07:   5%|▌         | 1305/25000 [01:18<23:43]
loss : 1.046e-02  mse_pde 1.432e-04  mse_ic 5.330e-03  mse_in 4.988e-03  mse_out 1.053e-07:   5%|▌         | 1305/25000 [01:18<23:43]
loss : 1.046e-02  mse_pde 1.432e-04  mse_ic 5.330e-03  mse_in 4.988e-03  mse_out 1.053e-07:   5%|▌         | 1307/25000 [01:18<23:49]
loss : 1.059e-02  mse_pde 2.699e-04  mse_ic 5.322e-03  mse_in 5.002e-03  mse_out 1.066e-07:   5%|▌         | 1307/25000 [01:18<23:49]
loss : 1.059e-02  mse_pde 2.699e-04  mse_ic 5.322e-03  mse_in 5.002e-03  mse_out 1.066e-07:   5%|▌         | 1307/25000 [01:18<23:49]
loss : 1.044e-02  mse_pde 1.278e-04  mse_ic 5.119e-03  mse_in 5.194e-03  mse_out 1.080e-07:   5%|▌         | 1307/25000 [01:18<23:49]
loss : 1.044e-02  mse_pde 1.278e-04  mse_ic 5.119e-03  mse_in 5.194e-03  mse_out 1.080e-07:   5%|▌         | 1307/25000 [01:18<23:49]
loss : 1.044e-02  mse_pde 1.278e-04  mse_ic 5.119e-03  mse_in 5.194e-03  mse_out 1.080e-07:   5%|▌         | 1309/25000 [01:18<23:59]
loss : 1.037e-02  mse_pde 5.398e-05  mse_ic 5.103e-03  mse_in 5.209e-03  mse_out 1.093e-07:   5%|▌         | 1309/25000 [01:18<23:59]
loss : 1.037e-02  mse_pde 5.398e-05  mse_ic 5.103e-03  mse_in 5.209e-03  mse_out 1.093e-07:   5%|▌         | 1309/25000 [01:18<23:59]
loss : 1.054e-02  mse_pde 2.202e-04  mse_ic 5.154e-03  mse_in 5.161e-03  mse_out 1.081e-07:   5%|▌         | 1309/25000 [01:18<23:59]
loss : 1.054e-02  mse_pde 2.202e-04  mse_ic 5.154e-03  mse_in 5.161e-03  mse_out 1.081e-07:   5%|▌         | 1309/25000 [01:18<23:59]
loss : 1.054e-02  mse_pde 2.202e-04  mse_ic 5.154e-03  mse_in 5.161e-03  mse_out 1.081e-07:   5%|▌         | 1311/25000 [01:18<24:18]
loss : 1.057e-02  mse_pde 2.654e-04  mse_ic 5.060e-03  mse_in 5.247e-03  mse_out 1.046e-07:   5%|▌         | 1311/25000 [01:18<24:18]
loss : 1.057e-02  mse_pde 2.654e-04  mse_ic 5.060e-03  mse_in 5.247e-03  mse_out 1.046e-07:   5%|▌         | 1311/25000 [01:18<24:18]
loss : 1.043e-02  mse_pde 1.110e-04  mse_ic 5.117e-03  mse_in 5.198e-03  mse_out 1.034e-07:   5%|▌         | 1311/25000 [01:18<24:18]
loss : 1.043e-02  mse_pde 1.110e-04  mse_ic 5.117e-03  mse_in 5.198e-03  mse_out 1.034e-07:   5%|▌         | 1311/25000 [01:18<24:18]
loss : 1.043e-02  mse_pde 1.110e-04  mse_ic 5.117e-03  mse_in 5.198e-03  mse_out 1.034e-07:   5%|▌         | 1313/25000 [01:18<24:11]
loss : 1.037e-02  mse_pde 5.203e-05  mse_ic 5.131e-03  mse_in 5.183e-03  mse_out 1.030e-07:   5%|▌         | 1313/25000 [01:18<24:11]
loss : 1.037e-02  mse_pde 5.203e-05  mse_ic 5.131e-03  mse_in 5.183e-03  mse_out 1.030e-07:   5%|▌         | 1313/25000 [01:18<24:11]
loss : 1.050e-02  mse_pde 1.924e-04  mse_ic 5.127e-03  mse_in 5.181e-03  mse_out 1.024e-07:   5%|▌         | 1313/25000 [01:18<24:11]
loss : 1.050e-02  mse_pde 1.924e-04  mse_ic 5.127e-03  mse_in 5.181e-03  mse_out 1.024e-07:   5%|▌         | 1313/25000 [01:18<24:11]
loss : 1.050e-02  mse_pde 1.924e-04  mse_ic 5.127e-03  mse_in 5.181e-03  mse_out 1.024e-07:   5%|▌         | 1315/25000 [01:18<24:02]
loss : 1.058e-02  mse_pde 2.644e-04  mse_ic 5.240e-03  mse_in 5.076e-03  mse_out 1.018e-07:   5%|▌         | 1315/25000 [01:19<24:02]
loss : 1.058e-02  mse_pde 2.644e-04  mse_ic 5.240e-03  mse_in 5.076e-03  mse_out 1.018e-07:   5%|▌         | 1315/25000 [01:19<24:02]
loss : 1.042e-02  mse_pde 1.163e-04  mse_ic 5.133e-03  mse_in 5.175e-03  mse_out 9.905e-08:   5%|▌         | 1315/25000 [01:19<24:02]
loss : 1.042e-02  mse_pde 1.163e-04  mse_ic 5.133e-03  mse_in 5.175e-03  mse_out 9.905e-08:   5%|▌         | 1315/25000 [01:19<24:02]
loss : 1.042e-02  mse_pde 1.163e-04  mse_ic 5.133e-03  mse_in 5.175e-03  mse_out 9.905e-08:   5%|▌         | 1317/25000 [01:19<24:09]
loss : 1.036e-02  mse_pde 5.137e-05  mse_ic 5.144e-03  mse_in 5.167e-03  mse_out 9.793e-08:   5%|▌         | 1317/25000 [01:19<24:09]
loss : 1.036e-02  mse_pde 5.137e-05  mse_ic 5.144e-03  mse_in 5.167e-03  mse_out 9.793e-08:   5%|▌         | 1317/25000 [01:19<24:09]
loss : 1.048e-02  mse_pde 1.657e-04  mse_ic 5.219e-03  mse_in 5.097e-03  mse_out 9.890e-08:   5%|▌         | 1317/25000 [01:19<24:09]
loss : 1.048e-02  mse_pde 1.657e-04  mse_ic 5.219e-03  mse_in 5.097e-03  mse_out 9.890e-08:   5%|▌         | 1317/25000 [01:19<24:09]
loss : 1.048e-02  mse_pde 1.657e-04  mse_ic 5.219e-03  mse_in 5.097e-03  mse_out 9.890e-08:   5%|▌         | 1319/25000 [01:19<23:58]
loss : 1.056e-02  mse_pde 2.581e-04  mse_ic 5.156e-03  mse_in 5.150e-03  mse_out 1.000e-07:   5%|▌         | 1319/25000 [01:19<23:58]
loss : 1.056e-02  mse_pde 2.581e-04  mse_ic 5.156e-03  mse_in 5.150e-03  mse_out 1.000e-07:   5%|▌         | 1319/25000 [01:19<23:58]
loss : 1.047e-02  mse_pde 1.544e-04  mse_ic 5.195e-03  mse_in 5.119e-03  mse_out 1.017e-07:   5%|▌         | 1319/25000 [01:19<23:58]
loss : 1.047e-02  mse_pde 1.544e-04  mse_ic 5.195e-03  mse_in 5.119e-03  mse_out 1.017e-07:   5%|▌         | 1319/25000 [01:19<23:58]
loss : 1.047e-02  mse_pde 1.544e-04  mse_ic 5.195e-03  mse_in 5.119e-03  mse_out 1.017e-07:   5%|▌         | 1321/25000 [01:19<23:57]
loss : 1.035e-02  mse_pde 4.493e-05  mse_ic 5.098e-03  mse_in 5.212e-03  mse_out 1.007e-07:   5%|▌         | 1321/25000 [01:19<23:57]
loss : 1.035e-02  mse_pde 4.493e-05  mse_ic 5.098e-03  mse_in 5.212e-03  mse_out 1.007e-07:   5%|▌         | 1321/25000 [01:19<23:57]
loss : 1.041e-02  mse_pde 1.061e-04  mse_ic 5.089e-03  mse_in 5.216e-03  mse_out 9.934e-08:   5%|▌         | 1321/25000 [01:19<23:57]
loss : 1.041e-02  mse_pde 1.061e-04  mse_ic 5.089e-03  mse_in 5.216e-03  mse_out 9.934e-08:   5%|▌         | 1321/25000 [01:19<23:57]
loss : 1.041e-02  mse_pde 1.061e-04  mse_ic 5.089e-03  mse_in 5.216e-03  mse_out 9.934e-08:   5%|▌         | 1323/25000 [01:19<23:57]
loss : 1.057e-02  mse_pde 2.601e-04  mse_ic 5.223e-03  mse_in 5.088e-03  mse_out 1.004e-07:   5%|▌         | 1323/25000 [01:19<23:57]
loss : 1.057e-02  mse_pde 2.601e-04  mse_ic 5.223e-03  mse_in 5.088e-03  mse_out 1.004e-07:   5%|▌         | 1323/25000 [01:19<23:57]
loss : 1.057e-02  mse_pde 2.707e-04  mse_ic 5.104e-03  mse_in 5.197e-03  mse_out 1.020e-07:   5%|▌         | 1323/25000 [01:19<23:57]
loss : 1.057e-02  mse_pde 2.707e-04  mse_ic 5.104e-03  mse_in 5.197e-03  mse_out 1.020e-07:   5%|▌         | 1323/25000 [01:19<23:57]
loss : 1.057e-02  mse_pde 2.707e-04  mse_ic 5.104e-03  mse_in 5.197e-03  mse_out 1.020e-07:   5%|▌         | 1325/25000 [01:19<23:58]
loss : 1.044e-02  mse_pde 1.258e-04  mse_ic 5.161e-03  mse_in 5.149e-03  mse_out 1.048e-07:   5%|▌         | 1325/25000 [01:19<23:58]
loss : 1.044e-02  mse_pde 1.258e-04  mse_ic 5.161e-03  mse_in 5.149e-03  mse_out 1.048e-07:   5%|▌         | 1325/25000 [01:19<23:58]
loss : 1.035e-02  mse_pde 3.896e-05  mse_ic 5.128e-03  mse_in 5.180e-03  mse_out 1.042e-07:   5%|▌         | 1325/25000 [01:19<23:58]
loss : 1.035e-02  mse_pde 3.896e-05  mse_ic 5.128e-03  mse_in 5.180e-03  mse_out 1.042e-07:   5%|▌         | 1325/25000 [01:19<23:58]
loss : 1.035e-02  mse_pde 3.896e-05  mse_ic 5.128e-03  mse_in 5.180e-03  mse_out 1.042e-07:   5%|▌         | 1327/25000 [01:19<24:07]
loss : 1.044e-02  mse_pde 1.340e-04  mse_ic 5.109e-03  mse_in 5.195e-03  mse_out 1.017e-07:   5%|▌         | 1327/25000 [01:19<24:07]
loss : 1.044e-02  mse_pde 1.340e-04  mse_ic 5.109e-03  mse_in 5.195e-03  mse_out 1.017e-07:   5%|▌         | 1327/25000 [01:19<24:07]
loss : 1.059e-02  mse_pde 2.800e-04  mse_ic 5.199e-03  mse_in 5.112e-03  mse_out 1.009e-07:   5%|▌         | 1327/25000 [01:19<24:07]
loss : 1.059e-02  mse_pde 2.800e-04  mse_ic 5.199e-03  mse_in 5.112e-03  mse_out 1.009e-07:   5%|▌         | 1327/25000 [01:19<24:07]
loss : 1.059e-02  mse_pde 2.800e-04  mse_ic 5.199e-03  mse_in 5.112e-03  mse_out 1.009e-07:   5%|▌         | 1329/25000 [01:19<23:51]
loss : 1.057e-02  mse_pde 2.711e-04  mse_ic 5.114e-03  mse_in 5.187e-03  mse_out 1.010e-07:   5%|▌         | 1329/25000 [01:19<23:51]
loss : 1.057e-02  mse_pde 2.711e-04  mse_ic 5.114e-03  mse_in 5.187e-03  mse_out 1.010e-07:   5%|▌         | 1329/25000 [01:19<23:51]
loss : 1.042e-02  mse_pde 1.122e-04  mse_ic 5.277e-03  mse_in 5.035e-03  mse_out 1.028e-07:   5%|▌         | 1329/25000 [01:19<23:51]
loss : 1.042e-02  mse_pde 1.122e-04  mse_ic 5.277e-03  mse_in 5.035e-03  mse_out 1.028e-07:   5%|▌         | 1329/25000 [01:19<23:51]
loss : 1.042e-02  mse_pde 1.122e-04  mse_ic 5.277e-03  mse_in 5.035e-03  mse_out 1.028e-07:   5%|▌         | 1331/25000 [01:19<24:07]
loss : 1.035e-02  mse_pde 4.079e-05  mse_ic 5.238e-03  mse_in 5.071e-03  mse_out 1.011e-07:   5%|▌         | 1331/25000 [01:20<24:07]
loss : 1.035e-02  mse_pde 4.079e-05  mse_ic 5.238e-03  mse_in 5.071e-03  mse_out 1.011e-07:   5%|▌         | 1331/25000 [01:20<24:07]
loss : 1.048e-02  mse_pde 1.819e-04  mse_ic 5.095e-03  mse_in 5.207e-03  mse_out 9.744e-08:   5%|▌         | 1331/25000 [01:20<24:07]
loss : 1.048e-02  mse_pde 1.819e-04  mse_ic 5.095e-03  mse_in 5.207e-03  mse_out 9.744e-08:   5%|▌         | 1331/25000 [01:20<24:07]
loss : 1.048e-02  mse_pde 1.819e-04  mse_ic 5.095e-03  mse_in 5.207e-03  mse_out 9.744e-08:   5%|▌         | 1333/25000 [01:20<23:23]
loss : 1.065e-02  mse_pde 3.418e-04  mse_ic 5.189e-03  mse_in 5.120e-03  mse_out 9.698e-08:   5%|▌         | 1333/25000 [01:20<23:23]
loss : 1.065e-02  mse_pde 3.418e-04  mse_ic 5.189e-03  mse_in 5.120e-03  mse_out 9.698e-08:   5%|▌         | 1333/25000 [01:20<23:23]
loss : 1.057e-02  mse_pde 2.716e-04  mse_ic 5.153e-03  mse_in 5.146e-03  mse_out 9.891e-08:   5%|▌         | 1333/25000 [01:20<23:23]
loss : 1.057e-02  mse_pde 2.716e-04  mse_ic 5.153e-03  mse_in 5.146e-03  mse_out 9.891e-08:   5%|▌         | 1333/25000 [01:20<23:23]
loss : 1.057e-02  mse_pde 2.716e-04  mse_ic 5.153e-03  mse_in 5.146e-03  mse_out 9.891e-08:   5%|▌         | 1335/25000 [01:20<23:11]
loss : 1.038e-02  mse_pde 7.443e-05  mse_ic 5.290e-03  mse_in 5.019e-03  mse_out 1.034e-07:   5%|▌         | 1335/25000 [01:20<23:11]
loss : 1.038e-02  mse_pde 7.443e-05  mse_ic 5.290e-03  mse_in 5.019e-03  mse_out 1.034e-07:   5%|▌         | 1335/25000 [01:20<23:11]
loss : 1.039e-02  mse_pde 8.140e-05  mse_ic 5.208e-03  mse_in 5.099e-03  mse_out 1.035e-07:   5%|▌         | 1335/25000 [01:20<23:11]
loss : 1.039e-02  mse_pde 8.140e-05  mse_ic 5.208e-03  mse_in 5.099e-03  mse_out 1.035e-07:   5%|▌         | 1335/25000 [01:20<23:11]
loss : 1.039e-02  mse_pde 8.140e-05  mse_ic 5.208e-03  mse_in 5.099e-03  mse_out 1.035e-07:   5%|▌         | 1337/25000 [01:20<23:25]
loss : 1.058e-02  mse_pde 2.840e-04  mse_ic 5.067e-03  mse_in 5.231e-03  mse_out 9.896e-08:   5%|▌         | 1337/25000 [01:20<23:25]
loss : 1.058e-02  mse_pde 2.840e-04  mse_ic 5.067e-03  mse_in 5.231e-03  mse_out 9.896e-08:   5%|▌         | 1337/25000 [01:20<23:25]
loss : 1.068e-02  mse_pde 3.721e-04  mse_ic 5.256e-03  mse_in 5.053e-03  mse_out 9.563e-08:   5%|▌         | 1337/25000 [01:20<23:25]
loss : 1.068e-02  mse_pde 3.721e-04  mse_ic 5.256e-03  mse_in 5.053e-03  mse_out 9.563e-08:   5%|▌         | 1337/25000 [01:20<23:25]
loss : 1.068e-02  mse_pde 3.721e-04  mse_ic 5.256e-03  mse_in 5.053e-03  mse_out 9.563e-08:   5%|▌         | 1339/25000 [01:20<23:44]
loss : 1.044e-02  mse_pde 1.352e-04  mse_ic 5.194e-03  mse_in 5.107e-03  mse_out 9.458e-08:   5%|▌         | 1339/25000 [01:20<23:44]
loss : 1.044e-02  mse_pde 1.352e-04  mse_ic 5.194e-03  mse_in 5.107e-03  mse_out 9.458e-08:   5%|▌         | 1339/25000 [01:20<23:44]
loss : 1.037e-02  mse_pde 6.573e-05  mse_ic 5.215e-03  mse_in 5.089e-03  mse_out 9.785e-08:   5%|▌         | 1339/25000 [01:20<23:44]
loss : 1.037e-02  mse_pde 6.573e-05  mse_ic 5.215e-03  mse_in 5.089e-03  mse_out 9.785e-08:   5%|▌         | 1339/25000 [01:20<23:44]
loss : 1.037e-02  mse_pde 6.573e-05  mse_ic 5.215e-03  mse_in 5.089e-03  mse_out 9.785e-08:   5%|▌         | 1341/25000 [01:20<23:47]
loss : 1.057e-02  mse_pde 2.600e-04  mse_ic 5.314e-03  mse_in 4.997e-03  mse_out 1.020e-07:   5%|▌         | 1341/25000 [01:20<23:47]
loss : 1.057e-02  mse_pde 2.600e-04  mse_ic 5.314e-03  mse_in 4.997e-03  mse_out 1.020e-07:   5%|▌         | 1341/25000 [01:20<23:47]
loss : 1.060e-02  mse_pde 3.010e-04  mse_ic 5.188e-03  mse_in 5.110e-03  mse_out 1.016e-07:   5%|▌         | 1341/25000 [01:20<23:47]
loss : 1.060e-02  mse_pde 3.010e-04  mse_ic 5.188e-03  mse_in 5.110e-03  mse_out 1.016e-07:   5%|▌         | 1341/25000 [01:20<23:47]
loss : 1.060e-02  mse_pde 3.010e-04  mse_ic 5.188e-03  mse_in 5.110e-03  mse_out 1.016e-07:   5%|▌         | 1343/25000 [01:20<23:53]
loss : 1.039e-02  mse_pde 8.742e-05  mse_ic 5.209e-03  mse_in 5.096e-03  mse_out 9.920e-08:   5%|▌         | 1343/25000 [01:20<23:53]
loss : 1.039e-02  mse_pde 8.742e-05  mse_ic 5.209e-03  mse_in 5.096e-03  mse_out 9.920e-08:   5%|▌         | 1343/25000 [01:20<23:53]
loss : 1.038e-02  mse_pde 7.330e-05  mse_ic 5.111e-03  mse_in 5.192e-03  mse_out 9.632e-08:   5%|▌         | 1343/25000 [01:20<23:53]
loss : 1.038e-02  mse_pde 7.330e-05  mse_ic 5.111e-03  mse_in 5.192e-03  mse_out 9.632e-08:   5%|▌         | 1343/25000 [01:20<23:53]
loss : 1.038e-02  mse_pde 7.330e-05  mse_ic 5.111e-03  mse_in 5.192e-03  mse_out 9.632e-08:   5%|▌         | 1345/25000 [01:20<23:59]
loss : 1.057e-02  mse_pde 2.706e-04  mse_ic 5.088e-03  mse_in 5.208e-03  mse_out 9.645e-08:   5%|▌         | 1345/25000 [01:20<23:59]
loss : 1.057e-02  mse_pde 2.706e-04  mse_ic 5.088e-03  mse_in 5.208e-03  mse_out 9.645e-08:   5%|▌         | 1345/25000 [01:20<23:59]
loss : 1.065e-02  mse_pde 3.431e-04  mse_ic 5.322e-03  mse_in 4.985e-03  mse_out 1.006e-07:   5%|▌         | 1345/25000 [01:20<23:59]
loss : 1.065e-02  mse_pde 3.431e-04  mse_ic 5.322e-03  mse_in 4.985e-03  mse_out 1.006e-07:   5%|▌         | 1345/25000 [01:20<23:59]
loss : 1.065e-02  mse_pde 3.431e-04  mse_ic 5.322e-03  mse_in 4.985e-03  mse_out 1.006e-07:   5%|▌         | 1347/25000 [01:20<24:09]
loss : 1.040e-02  mse_pde 9.934e-05  mse_ic 5.134e-03  mse_in 5.163e-03  mse_out 1.015e-07:   5%|▌         | 1347/25000 [01:20<24:09]
loss : 1.040e-02  mse_pde 9.934e-05  mse_ic 5.134e-03  mse_in 5.163e-03  mse_out 1.015e-07:   5%|▌         | 1347/25000 [01:20<24:09]
loss : 1.039e-02  mse_pde 9.399e-05  mse_ic 5.051e-03  mse_in 5.247e-03  mse_out 9.875e-08:   5%|▌         | 1347/25000 [01:21<24:09]
loss : 1.039e-02  mse_pde 9.399e-05  mse_ic 5.051e-03  mse_in 5.247e-03  mse_out 9.875e-08:   5%|▌         | 1347/25000 [01:21<24:09]
loss : 1.039e-02  mse_pde 9.399e-05  mse_ic 5.051e-03  mse_in 5.247e-03  mse_out 9.875e-08:   5%|▌         | 1349/25000 [01:21<23:55]
loss : 1.062e-02  mse_pde 3.124e-04  mse_ic 5.223e-03  mse_in 5.082e-03  mse_out 9.543e-08:   5%|▌         | 1349/25000 [01:21<23:55]
loss : 1.062e-02  mse_pde 3.124e-04  mse_ic 5.223e-03  mse_in 5.082e-03  mse_out 9.543e-08:   5%|▌         | 1349/25000 [01:21<23:55]
loss : 1.061e-02  mse_pde 3.140e-04  mse_ic 5.219e-03  mse_in 5.077e-03  mse_out 9.438e-08:   5%|▌         | 1349/25000 [01:21<23:55]
loss : 1.061e-02  mse_pde 3.140e-04  mse_ic 5.219e-03  mse_in 5.077e-03  mse_out 9.438e-08:   5%|▌         | 1349/25000 [01:21<23:55]
loss : 1.061e-02  mse_pde 3.140e-04  mse_ic 5.219e-03  mse_in 5.077e-03  mse_out 9.438e-08:   5%|▌         | 1351/25000 [01:21<23:56]
loss : 1.036e-02  mse_pde 5.724e-05  mse_ic 5.249e-03  mse_in 5.056e-03  mse_out 9.777e-08:   5%|▌         | 1351/25000 [01:21<23:56]
loss : 1.036e-02  mse_pde 5.724e-05  mse_ic 5.249e-03  mse_in 5.056e-03  mse_out 9.777e-08:   5%|▌         | 1351/25000 [01:21<23:56]
loss : 1.045e-02  mse_pde 1.437e-04  mse_ic 5.168e-03  mse_in 5.136e-03  mse_out 1.001e-07:   5%|▌         | 1351/25000 [01:21<23:56]
loss : 1.045e-02  mse_pde 1.437e-04  mse_ic 5.168e-03  mse_in 5.136e-03  mse_out 1.001e-07:   5%|▌         | 1351/25000 [01:21<23:56]
loss : 1.045e-02  mse_pde 1.437e-04  mse_ic 5.168e-03  mse_in 5.136e-03  mse_out 1.001e-07:   5%|▌         | 1353/25000 [01:21<24:00]
loss : 1.063e-02  mse_pde 3.345e-04  mse_ic 5.162e-03  mse_in 5.132e-03  mse_out 9.813e-08:   5%|▌         | 1353/25000 [01:21<24:00]
loss : 1.063e-02  mse_pde 3.345e-04  mse_ic 5.162e-03  mse_in 5.132e-03  mse_out 9.813e-08:   5%|▌         | 1353/25000 [01:21<24:00]
loss : 1.057e-02  mse_pde 2.566e-04  mse_ic 5.446e-03  mse_in 4.867e-03  mse_out 9.490e-08:   5%|▌         | 1353/25000 [01:21<24:00]
loss : 1.057e-02  mse_pde 2.566e-04  mse_ic 5.446e-03  mse_in 4.867e-03  mse_out 9.490e-08:   5%|▌         | 1353/25000 [01:21<24:00]
loss : 1.057e-02  mse_pde 2.566e-04  mse_ic 5.446e-03  mse_in 4.867e-03  mse_out 9.490e-08:   5%|▌         | 1355/25000 [01:21<23:58]
loss : 1.034e-02  mse_pde 3.795e-05  mse_ic 5.227e-03  mse_in 5.073e-03  mse_out 9.137e-08:   5%|▌         | 1355/25000 [01:21<23:58]
loss : 1.034e-02  mse_pde 3.795e-05  mse_ic 5.227e-03  mse_in 5.073e-03  mse_out 9.137e-08:   5%|▌         | 1355/25000 [01:21<23:58]
loss : 1.060e-02  mse_pde 2.991e-04  mse_ic 4.958e-03  mse_in 5.339e-03  mse_out 9.129e-08:   5%|▌         | 1355/25000 [01:21<23:58]
loss : 1.060e-02  mse_pde 2.991e-04  mse_ic 4.958e-03  mse_in 5.339e-03  mse_out 9.129e-08:   5%|▌         | 1355/25000 [01:21<23:58]
loss : 1.060e-02  mse_pde 2.991e-04  mse_ic 4.958e-03  mse_in 5.339e-03  mse_out 9.129e-08:   5%|▌         | 1357/25000 [01:21<24:08]
loss : 1.076e-02  mse_pde 4.555e-04  mse_ic 5.151e-03  mse_in 5.153e-03  mse_out 9.524e-08:   5%|▌         | 1357/25000 [01:21<24:08]
loss : 1.076e-02  mse_pde 4.555e-04  mse_ic 5.151e-03  mse_in 5.153e-03  mse_out 9.524e-08:   5%|▌         | 1357/25000 [01:21<24:08]
loss : 1.051e-02  mse_pde 2.158e-04  mse_ic 5.311e-03  mse_in 4.987e-03  mse_out 9.819e-08:   5%|▌         | 1357/25000 [01:21<24:08]
loss : 1.051e-02  mse_pde 2.158e-04  mse_ic 5.311e-03  mse_in 4.987e-03  mse_out 9.819e-08:   5%|▌         | 1357/25000 [01:21<24:08]
loss : 1.051e-02  mse_pde 2.158e-04  mse_ic 5.311e-03  mse_in 4.987e-03  mse_out 9.819e-08:   5%|▌         | 1359/25000 [01:21<23:48]
loss : 1.041e-02  mse_pde 1.081e-04  mse_ic 5.265e-03  mse_in 5.033e-03  mse_out 9.825e-08:   5%|▌         | 1359/25000 [01:21<23:48]
loss : 1.041e-02  mse_pde 1.081e-04  mse_ic 5.265e-03  mse_in 5.033e-03  mse_out 9.825e-08:   5%|▌         | 1359/25000 [01:21<23:48]
loss : 1.074e-02  mse_pde 4.398e-04  mse_ic 5.161e-03  mse_in 5.143e-03  mse_out 9.605e-08:   5%|▌         | 1359/25000 [01:21<23:48]
loss : 1.074e-02  mse_pde 4.398e-04  mse_ic 5.161e-03  mse_in 5.143e-03  mse_out 9.605e-08:   5%|▌         | 1359/25000 [01:21<23:48]
loss : 1.074e-02  mse_pde 4.398e-04  mse_ic 5.161e-03  mse_in 5.143e-03  mse_out 9.605e-08:   5%|▌         | 1361/25000 [01:21<23:57]
loss : 1.055e-02  mse_pde 2.517e-04  mse_ic 5.150e-03  mse_in 5.145e-03  mse_out 9.384e-08:   5%|▌         | 1361/25000 [01:21<23:57]
loss : 1.055e-02  mse_pde 2.517e-04  mse_ic 5.150e-03  mse_in 5.145e-03  mse_out 9.384e-08:   5%|▌         | 1361/25000 [01:21<23:57]
loss : 1.039e-02  mse_pde 7.494e-05  mse_ic 5.469e-03  mse_in 4.841e-03  mse_out 9.552e-08:   5%|▌         | 1361/25000 [01:21<23:57]
loss : 1.039e-02  mse_pde 7.494e-05  mse_ic 5.469e-03  mse_in 4.841e-03  mse_out 9.552e-08:   5%|▌         | 1361/25000 [01:21<23:57]
loss : 1.039e-02  mse_pde 7.494e-05  mse_ic 5.469e-03  mse_in 4.841e-03  mse_out 9.552e-08:   5%|▌         | 1363/25000 [01:21<23:57]
loss : 1.059e-02  mse_pde 2.761e-04  mse_ic 5.504e-03  mse_in 4.814e-03  mse_out 9.914e-08:   5%|▌         | 1363/25000 [01:21<23:57]
loss : 1.059e-02  mse_pde 2.761e-04  mse_ic 5.504e-03  mse_in 4.814e-03  mse_out 9.914e-08:   5%|▌         | 1363/25000 [01:21<23:57]
loss : 1.046e-02  mse_pde 1.675e-04  mse_ic 5.140e-03  mse_in 5.157e-03  mse_out 1.000e-07:   5%|▌         | 1363/25000 [01:22<23:57]
loss : 1.046e-02  mse_pde 1.675e-04  mse_ic 5.140e-03  mse_in 5.157e-03  mse_out 1.000e-07:   5%|▌         | 1363/25000 [01:22<23:57]
loss : 1.046e-02  mse_pde 1.675e-04  mse_ic 5.140e-03  mse_in 5.157e-03  mse_out 1.000e-07:   5%|▌         | 1365/25000 [01:22<24:11]
loss : 1.038e-02  mse_pde 8.287e-05  mse_ic 4.992e-03  mse_in 5.309e-03  mse_out 9.718e-08:   5%|▌         | 1365/25000 [01:22<24:11]
loss : 1.038e-02  mse_pde 8.287e-05  mse_ic 4.992e-03  mse_in 5.309e-03  mse_out 9.718e-08:   5%|▌         | 1365/25000 [01:22<24:11]
loss : 1.050e-02  mse_pde 2.040e-04  mse_ic 5.068e-03  mse_in 5.232e-03  mse_out 9.277e-08:   5%|▌         | 1365/25000 [01:22<24:11]
loss : 1.050e-02  mse_pde 2.040e-04  mse_ic 5.068e-03  mse_in 5.232e-03  mse_out 9.277e-08:   5%|▌         | 1365/25000 [01:22<24:11]
loss : 1.050e-02  mse_pde 2.040e-04  mse_ic 5.068e-03  mse_in 5.232e-03  mse_out 9.277e-08:   5%|▌         | 1367/25000 [01:22<24:09]
loss : 1.058e-02  mse_pde 2.915e-04  mse_ic 5.139e-03  mse_in 5.151e-03  mse_out 9.043e-08:   5%|▌         | 1367/25000 [01:22<24:09]
loss : 1.058e-02  mse_pde 2.915e-04  mse_ic 5.139e-03  mse_in 5.151e-03  mse_out 9.043e-08:   5%|▌         | 1367/25000 [01:22<24:09]
loss : 1.039e-02  mse_pde 9.533e-05  mse_ic 5.219e-03  mse_in 5.077e-03  mse_out 9.303e-08:   5%|▌         | 1367/25000 [01:22<24:09]
loss : 1.039e-02  mse_pde 9.533e-05  mse_ic 5.219e-03  mse_in 5.077e-03  mse_out 9.303e-08:   5%|▌         | 1367/25000 [01:22<24:09]
loss : 1.039e-02  mse_pde 9.533e-05  mse_ic 5.219e-03  mse_in 5.077e-03  mse_out 9.303e-08:   5%|▌         | 1369/25000 [01:22<24:05]
loss : 1.040e-02  mse_pde 1.005e-04  mse_ic 5.041e-03  mse_in 5.255e-03  mse_out 9.660e-08:   5%|▌         | 1369/25000 [01:22<24:05]
loss : 1.040e-02  mse_pde 1.005e-04  mse_ic 5.041e-03  mse_in 5.255e-03  mse_out 9.660e-08:   5%|▌         | 1369/25000 [01:22<24:05]
loss : 1.062e-02  mse_pde 3.254e-04  mse_ic 4.884e-03  mse_in 5.410e-03  mse_out 9.811e-08:   5%|▌         | 1369/25000 [01:22<24:05]
loss : 1.062e-02  mse_pde 3.254e-04  mse_ic 4.884e-03  mse_in 5.410e-03  mse_out 9.811e-08:   5%|▌         | 1369/25000 [01:22<24:05]
loss : 1.062e-02  mse_pde 3.254e-04  mse_ic 4.884e-03  mse_in 5.410e-03  mse_out 9.811e-08:   5%|▌         | 1371/25000 [01:22<23:57]
loss : 1.058e-02  mse_pde 2.774e-04  mse_ic 5.174e-03  mse_in 5.124e-03  mse_out 9.843e-08:   5%|▌         | 1371/25000 [01:22<23:57]
loss : 1.058e-02  mse_pde 2.774e-04  mse_ic 5.174e-03  mse_in 5.124e-03  mse_out 9.843e-08:   5%|▌         | 1371/25000 [01:22<23:57]
loss : 1.040e-02  mse_pde 1.034e-04  mse_ic 5.299e-03  mse_in 4.998e-03  mse_out 9.630e-08:   5%|▌         | 1371/25000 [01:22<23:57]
loss : 1.040e-02  mse_pde 1.034e-04  mse_ic 5.299e-03  mse_in 4.998e-03  mse_out 9.630e-08:   5%|▌         | 1371/25000 [01:22<23:57]
loss : 1.040e-02  mse_pde 1.034e-04  mse_ic 5.299e-03  mse_in 4.998e-03  mse_out 9.630e-08:   5%|▌         | 1373/25000 [01:22<23:55]
loss : 1.046e-02  mse_pde 1.651e-04  mse_ic 5.207e-03  mse_in 5.087e-03  mse_out 9.462e-08:   5%|▌         | 1373/25000 [01:22<23:55]
loss : 1.046e-02  mse_pde 1.651e-04  mse_ic 5.207e-03  mse_in 5.087e-03  mse_out 9.462e-08:   5%|▌         | 1373/25000 [01:22<23:55]
loss : 1.064e-02  mse_pde 3.383e-04  mse_ic 5.126e-03  mse_in 5.176e-03  mse_out 9.528e-08:   5%|▌         | 1373/25000 [01:22<23:55]
loss : 1.064e-02  mse_pde 3.383e-04  mse_ic 5.126e-03  mse_in 5.176e-03  mse_out 9.528e-08:   5%|▌         | 1373/25000 [01:22<23:55]
loss : 1.064e-02  mse_pde 3.383e-04  mse_ic 5.126e-03  mse_in 5.176e-03  mse_out 9.528e-08:   6%|▌         | 1375/25000 [01:22<24:05]
loss : 1.047e-02  mse_pde 1.714e-04  mse_ic 5.073e-03  mse_in 5.223e-03  mse_out 9.671e-08:   6%|▌         | 1375/25000 [01:22<24:05]
loss : 1.047e-02  mse_pde 1.714e-04  mse_ic 5.073e-03  mse_in 5.223e-03  mse_out 9.671e-08:   6%|▌         | 1375/25000 [01:22<24:05]
loss : 1.035e-02  mse_pde 5.395e-05  mse_ic 5.283e-03  mse_in 5.018e-03  mse_out 9.730e-08:   6%|▌         | 1375/25000 [01:22<24:05]
loss : 1.035e-02  mse_pde 5.395e-05  mse_ic 5.283e-03  mse_in 5.018e-03  mse_out 9.730e-08:   6%|▌         | 1375/25000 [01:22<24:05]
loss : 1.035e-02  mse_pde 5.395e-05  mse_ic 5.283e-03  mse_in 5.018e-03  mse_out 9.730e-08:   6%|▌         | 1377/25000 [01:22<24:13]
loss : 1.055e-02  mse_pde 2.394e-04  mse_ic 5.429e-03  mse_in 4.882e-03  mse_out 9.450e-08:   6%|▌         | 1377/25000 [01:22<24:13]
loss : 1.055e-02  mse_pde 2.394e-04  mse_ic 5.429e-03  mse_in 4.882e-03  mse_out 9.450e-08:   6%|▌         | 1377/25000 [01:22<24:13]
loss : 1.046e-02  mse_pde 1.662e-04  mse_ic 5.245e-03  mse_in 5.051e-03  mse_out 8.917e-08:   6%|▌         | 1377/25000 [01:22<24:13]
loss : 1.046e-02  mse_pde 1.662e-04  mse_ic 5.245e-03  mse_in 5.051e-03  mse_out 8.917e-08:   6%|▌         | 1377/25000 [01:22<24:13]
loss : 1.046e-02  mse_pde 1.662e-04  mse_ic 5.245e-03  mse_in 5.051e-03  mse_out 8.917e-08:   6%|▌         | 1379/25000 [01:22<24:17]
loss : 1.035e-02  mse_pde 5.287e-05  mse_ic 5.117e-03  mse_in 5.180e-03  mse_out 8.622e-08:   6%|▌         | 1379/25000 [01:22<24:17]
loss : 1.035e-02  mse_pde 5.287e-05  mse_ic 5.117e-03  mse_in 5.180e-03  mse_out 8.622e-08:   6%|▌         | 1379/25000 [01:22<24:17]
loss : 1.046e-02  mse_pde 1.635e-04  mse_ic 5.080e-03  mse_in 5.219e-03  mse_out 8.687e-08:   6%|▌         | 1379/25000 [01:22<24:17]
loss : 1.046e-02  mse_pde 1.635e-04  mse_ic 5.080e-03  mse_in 5.219e-03  mse_out 8.687e-08:   6%|▌         | 1379/25000 [01:22<24:17]
loss : 1.046e-02  mse_pde 1.635e-04  mse_ic 5.080e-03  mse_in 5.219e-03  mse_out 8.687e-08:   6%|▌         | 1381/25000 [01:23<24:11]
loss : 1.056e-02  mse_pde 2.746e-04  mse_ic 5.082e-03  mse_in 5.207e-03  mse_out 8.978e-08:   6%|▌         | 1381/25000 [01:23<24:11]
loss : 1.056e-02  mse_pde 2.746e-04  mse_ic 5.082e-03  mse_in 5.207e-03  mse_out 8.978e-08:   6%|▌         | 1381/25000 [01:23<24:11]
loss : 1.049e-02  mse_pde 1.939e-04  mse_ic 5.248e-03  mse_in 5.049e-03  mse_out 9.358e-08:   6%|▌         | 1381/25000 [01:23<24:11]
loss : 1.049e-02  mse_pde 1.939e-04  mse_ic 5.248e-03  mse_in 5.049e-03  mse_out 9.358e-08:   6%|▌         | 1381/25000 [01:23<24:11]
loss : 1.049e-02  mse_pde 1.939e-04  mse_ic 5.248e-03  mse_in 5.049e-03  mse_out 9.358e-08:   6%|▌         | 1383/25000 [01:23<23:52]
loss : 1.033e-02  mse_pde 3.966e-05  mse_ic 5.101e-03  mse_in 5.191e-03  mse_out 9.386e-08:   6%|▌         | 1383/25000 [01:23<23:52]
loss : 1.033e-02  mse_pde 3.966e-05  mse_ic 5.101e-03  mse_in 5.191e-03  mse_out 9.386e-08:   6%|▌         | 1383/25000 [01:23<23:52]
loss : 1.048e-02  mse_pde 1.896e-04  mse_ic 4.893e-03  mse_in 5.401e-03  mse_out 9.172e-08:   6%|▌         | 1383/25000 [01:23<23:52]
loss : 1.048e-02  mse_pde 1.896e-04  mse_ic 4.893e-03  mse_in 5.401e-03  mse_out 9.172e-08:   6%|▌         | 1383/25000 [01:23<23:52]
loss : 1.048e-02  mse_pde 1.896e-04  mse_ic 4.893e-03  mse_in 5.401e-03  mse_out 9.172e-08:   6%|▌         | 1385/25000 [01:23<24:12]
loss : 1.067e-02  mse_pde 3.735e-04  mse_ic 5.006e-03  mse_in 5.291e-03  mse_out 9.073e-08:   6%|▌         | 1385/25000 [01:23<24:12]
loss : 1.067e-02  mse_pde 3.735e-04  mse_ic 5.006e-03  mse_in 5.291e-03  mse_out 9.073e-08:   6%|▌         | 1385/25000 [01:23<24:12]
loss : 1.056e-02  mse_pde 2.702e-04  mse_ic 5.151e-03  mse_in 5.137e-03  mse_out 9.117e-08:   6%|▌         | 1385/25000 [01:23<24:12]
loss : 1.056e-02  mse_pde 2.702e-04  mse_ic 5.151e-03  mse_in 5.137e-03  mse_out 9.117e-08:   6%|▌         | 1385/25000 [01:23<24:12]
loss : 1.056e-02  mse_pde 2.702e-04  mse_ic 5.151e-03  mse_in 5.137e-03  mse_out 9.117e-08:   6%|▌         | 1387/25000 [01:23<24:13]
loss : 1.038e-02  mse_pde 7.842e-05  mse_ic 5.376e-03  mse_in 4.925e-03  mse_out 9.392e-08:   6%|▌         | 1387/25000 [01:23<24:13]
loss : 1.038e-02  mse_pde 7.842e-05  mse_ic 5.376e-03  mse_in 4.925e-03  mse_out 9.392e-08:   6%|▌         | 1387/25000 [01:23<24:13]
loss : 1.047e-02  mse_pde 1.675e-04  mse_ic 5.284e-03  mse_in 5.019e-03  mse_out 9.483e-08:   6%|▌         | 1387/25000 [01:23<24:13]
loss : 1.047e-02  mse_pde 1.675e-04  mse_ic 5.284e-03  mse_in 5.019e-03  mse_out 9.483e-08:   6%|▌         | 1387/25000 [01:23<24:13]
loss : 1.047e-02  mse_pde 1.675e-04  mse_ic 5.284e-03  mse_in 5.019e-03  mse_out 9.483e-08:   6%|▌         | 1389/25000 [01:23<23:44]
loss : 1.063e-02  mse_pde 3.362e-04  mse_ic 5.056e-03  mse_in 5.237e-03  mse_out 9.203e-08:   6%|▌         | 1389/25000 [01:23<23:44]
loss : 1.063e-02  mse_pde 3.362e-04  mse_ic 5.056e-03  mse_in 5.237e-03  mse_out 9.203e-08:   6%|▌         | 1389/25000 [01:23<23:44]
loss : 1.044e-02  mse_pde 1.408e-04  mse_ic 5.252e-03  mse_in 5.050e-03  mse_out 8.913e-08:   6%|▌         | 1389/25000 [01:23<23:44]
loss : 1.044e-02  mse_pde 1.408e-04  mse_ic 5.252e-03  mse_in 5.050e-03  mse_out 8.913e-08:   6%|▌         | 1389/25000 [01:23<23:44]
loss : 1.037e-02  mse_pde 6.946e-05  mse_ic 5.392e-03  mse_in 4.912e-03  mse_out 8.702e-08:   6%|▌         | 1389/25000 [01:23<23:44]
loss : 1.037e-02  mse_pde 6.946e-05  mse_ic 5.392e-03  mse_in 4.912e-03  mse_out 8.702e-08:   6%|▌         | 1389/25000 [01:23<23:44]
loss : 1.037e-02  mse_pde 6.946e-05  mse_ic 5.392e-03  mse_in 4.912e-03  mse_out 8.702e-08:   6%|▌         | 1392/25000 [01:23<21:07]
loss : 1.054e-02  mse_pde 2.410e-04  mse_ic 5.278e-03  mse_in 5.016e-03  mse_out 8.715e-08:   6%|▌         | 1392/25000 [01:23<21:07]
loss : 1.054e-02  mse_pde 2.410e-04  mse_ic 5.278e-03  mse_in 5.016e-03  mse_out 8.715e-08:   6%|▌         | 1392/25000 [01:23<21:07]
loss : 1.053e-02  mse_pde 2.305e-04  mse_ic 5.172e-03  mse_in 5.127e-03  mse_out 8.960e-08:   6%|▌         | 1392/25000 [01:23<21:07]
loss : 1.053e-02  mse_pde 2.305e-04  mse_ic 5.172e-03  mse_in 5.127e-03  mse_out 8.960e-08:   6%|▌         | 1392/25000 [01:23<21:07]
loss : 1.038e-02  mse_pde 8.593e-05  mse_ic 5.027e-03  mse_in 5.267e-03  mse_out 9.095e-08:   6%|▌         | 1392/25000 [01:23<21:07]
loss : 1.038e-02  mse_pde 8.593e-05  mse_ic 5.027e-03  mse_in 5.267e-03  mse_out 9.095e-08:   6%|▌         | 1392/25000 [01:23<21:07]
loss : 1.038e-02  mse_pde 8.593e-05  mse_ic 5.027e-03  mse_in 5.267e-03  mse_out 9.095e-08:   6%|▌         | 1395/25000 [01:23<20:59]
loss : 1.037e-02  mse_pde 8.345e-05  mse_ic 5.068e-03  mse_in 5.222e-03  mse_out 9.061e-08:   6%|▌         | 1395/25000 [01:23<20:59]
loss : 1.037e-02  mse_pde 8.345e-05  mse_ic 5.068e-03  mse_in 5.222e-03  mse_out 9.061e-08:   6%|▌         | 1395/25000 [01:23<20:59]
loss : 1.055e-02  mse_pde 2.607e-04  mse_ic 5.199e-03  mse_in 5.095e-03  mse_out 8.948e-08:   6%|▌         | 1395/25000 [01:23<20:59]
loss : 1.055e-02  mse_pde 2.607e-04  mse_ic 5.199e-03  mse_in 5.095e-03  mse_out 8.948e-08:   6%|▌         | 1395/25000 [01:23<20:59]
loss : 1.055e-02  mse_pde 2.607e-04  mse_ic 5.199e-03  mse_in 5.095e-03  mse_out 8.948e-08:   6%|▌         | 1397/25000 [01:23<21:46]
loss : 1.052e-02  mse_pde 2.345e-04  mse_ic 5.081e-03  mse_in 5.204e-03  mse_out 8.868e-08:   6%|▌         | 1397/25000 [01:23<21:46]
loss : 1.052e-02  mse_pde 2.345e-04  mse_ic 5.081e-03  mse_in 5.204e-03  mse_out 8.868e-08:   6%|▌         | 1397/25000 [01:23<21:46]
loss : 1.036e-02  mse_pde 6.463e-05  mse_ic 5.052e-03  mse_in 5.239e-03  mse_out 9.100e-08:   6%|▌         | 1397/25000 [01:24<21:46]
loss : 1.036e-02  mse_pde 6.463e-05  mse_ic 5.052e-03  mse_in 5.239e-03  mse_out 9.100e-08:   6%|▌         | 1397/25000 [01:24<21:46]
loss : 1.036e-02  mse_pde 6.463e-05  mse_ic 5.052e-03  mse_in 5.239e-03  mse_out 9.100e-08:   6%|▌         | 1399/25000 [01:24<22:25]
loss : 1.037e-02  mse_pde 7.973e-05  mse_ic 5.013e-03  mse_in 5.280e-03  mse_out 9.429e-08:   6%|▌         | 1399/25000 [01:24<22:25]
loss : 1.037e-02  mse_pde 7.973e-05  mse_ic 5.013e-03  mse_in 5.280e-03  mse_out 9.429e-08:   6%|▌         | 1399/25000 [01:24<22:25]
loss : 1.050e-02  mse_pde 2.140e-04  mse_ic 5.052e-03  mse_in 5.235e-03  mse_out 9.574e-08:   6%|▌         | 1399/25000 [01:24<22:25]
loss : 1.050e-02  mse_pde 2.140e-04  mse_ic 5.052e-03  mse_in 5.235e-03  mse_out 9.574e-08:   6%|▌         | 1399/25000 [01:24<22:25]
loss : 1.050e-02  mse_pde 2.140e-04  mse_ic 5.052e-03  mse_in 5.235e-03  mse_out 9.574e-08:   6%|▌         | 1401/25000 [01:24<23:36]
loss : 1.058e-02  mse_pde 2.803e-04  mse_ic 5.307e-03  mse_in 4.990e-03  mse_out 9.452e-08:   6%|▌         | 1401/25000 [01:24<23:36]
loss : 1.058e-02  mse_pde 2.803e-04  mse_ic 5.307e-03  mse_in 4.990e-03  mse_out 9.452e-08:   6%|▌         | 1401/25000 [01:24<23:36]
loss : 1.039e-02  mse_pde 9.651e-05  mse_ic 5.236e-03  mse_in 5.055e-03  mse_out 8.903e-08:   6%|▌         | 1401/25000 [01:24<23:36]
loss : 1.039e-02  mse_pde 9.651e-05  mse_ic 5.236e-03  mse_in 5.055e-03  mse_out 8.903e-08:   6%|▌         | 1401/25000 [01:24<23:36]
loss : 1.039e-02  mse_pde 9.651e-05  mse_ic 5.236e-03  mse_in 5.055e-03  mse_out 8.903e-08:   6%|▌         | 1403/25000 [01:24<22:46]
loss : 1.036e-02  mse_pde 7.042e-05  mse_ic 5.099e-03  mse_in 5.192e-03  mse_out 8.483e-08:   6%|▌         | 1403/25000 [01:24<22:46]
loss : 1.036e-02  mse_pde 7.042e-05  mse_ic 5.099e-03  mse_in 5.192e-03  mse_out 8.483e-08:   6%|▌         | 1403/25000 [01:24<22:46]
loss : 1.057e-02  mse_pde 2.729e-04  mse_ic 5.081e-03  mse_in 5.215e-03  mse_out 8.587e-08:   6%|▌         | 1403/25000 [01:24<22:46]
loss : 1.057e-02  mse_pde 2.729e-04  mse_ic 5.081e-03  mse_in 5.215e-03  mse_out 8.587e-08:   6%|▌         | 1403/25000 [01:24<22:46]
loss : 1.057e-02  mse_pde 2.729e-04  mse_ic 5.081e-03  mse_in 5.215e-03  mse_out 8.587e-08:   6%|▌         | 1405/25000 [01:24<23:08]
loss : 1.061e-02  mse_pde 3.172e-04  mse_ic 5.156e-03  mse_in 5.132e-03  mse_out 8.899e-08:   6%|▌         | 1405/25000 [01:24<23:08]
loss : 1.061e-02  mse_pde 3.172e-04  mse_ic 5.156e-03  mse_in 5.132e-03  mse_out 8.899e-08:   6%|▌         | 1405/25000 [01:24<23:08]
loss : 1.043e-02  mse_pde 1.271e-04  mse_ic 5.435e-03  mse_in 4.870e-03  mse_out 9.145e-08:   6%|▌         | 1405/25000 [01:24<23:08]
loss : 1.043e-02  mse_pde 1.271e-04  mse_ic 5.435e-03  mse_in 4.870e-03  mse_out 9.145e-08:   6%|▌         | 1405/25000 [01:24<23:08]
loss : 1.043e-02  mse_pde 1.271e-04  mse_ic 5.435e-03  mse_in 4.870e-03  mse_out 9.145e-08:   6%|▌         | 1407/25000 [01:24<23:23]
loss : 1.038e-02  mse_pde 7.577e-05  mse_ic 5.358e-03  mse_in 4.942e-03  mse_out 8.838e-08:   6%|▌         | 1407/25000 [01:24<23:23]
loss : 1.038e-02  mse_pde 7.577e-05  mse_ic 5.358e-03  mse_in 4.942e-03  mse_out 8.838e-08:   6%|▌         | 1407/25000 [01:24<23:23]
loss : 1.060e-02  mse_pde 3.158e-04  mse_ic 5.065e-03  mse_in 5.223e-03  mse_out 8.486e-08:   6%|▌         | 1407/25000 [01:24<23:23]
loss : 1.060e-02  mse_pde 3.158e-04  mse_ic 5.065e-03  mse_in 5.223e-03  mse_out 8.486e-08:   6%|▌         | 1407/25000 [01:24<23:23]
loss : 1.060e-02  mse_pde 3.158e-04  mse_ic 5.065e-03  mse_in 5.223e-03  mse_out 8.486e-08:   6%|▌         | 1409/25000 [01:24<23:34]
loss : 1.063e-02  mse_pde 3.332e-04  mse_ic 5.087e-03  mse_in 5.208e-03  mse_out 8.697e-08:   6%|▌         | 1409/25000 [01:24<23:34]
loss : 1.063e-02  mse_pde 3.332e-04  mse_ic 5.087e-03  mse_in 5.208e-03  mse_out 8.697e-08:   6%|▌         | 1409/25000 [01:24<23:34]
loss : 1.039e-02  mse_pde 1.009e-04  mse_ic 5.195e-03  mse_in 5.094e-03  mse_out 8.973e-08:   6%|▌         | 1409/25000 [01:24<23:34]
loss : 1.039e-02  mse_pde 1.009e-04  mse_ic 5.195e-03  mse_in 5.094e-03  mse_out 8.973e-08:   6%|▌         | 1409/25000 [01:24<23:34]
loss : 1.039e-02  mse_pde 1.009e-04  mse_ic 5.195e-03  mse_in 5.094e-03  mse_out 8.973e-08:   6%|▌         | 1411/25000 [01:24<23:33]
loss : 1.040e-02  mse_pde 1.099e-04  mse_ic 5.290e-03  mse_in 5.000e-03  mse_out 8.936e-08:   6%|▌         | 1411/25000 [01:24<23:33]
loss : 1.040e-02  mse_pde 1.099e-04  mse_ic 5.290e-03  mse_in 5.000e-03  mse_out 8.936e-08:   6%|▌         | 1411/25000 [01:24<23:33]
loss : 1.057e-02  mse_pde 2.748e-04  mse_ic 5.266e-03  mse_in 5.030e-03  mse_out 8.652e-08:   6%|▌         | 1411/25000 [01:24<23:33]
loss : 1.057e-02  mse_pde 2.748e-04  mse_ic 5.266e-03  mse_in 5.030e-03  mse_out 8.652e-08:   6%|▌         | 1411/25000 [01:24<23:33]
loss : 1.057e-02  mse_pde 2.748e-04  mse_ic 5.266e-03  mse_in 5.030e-03  mse_out 8.652e-08:   6%|▌         | 1413/25000 [01:24<23:24]
loss : 1.049e-02  mse_pde 2.091e-04  mse_ic 5.081e-03  mse_in 5.204e-03  mse_out 8.485e-08:   6%|▌         | 1413/25000 [01:24<23:24]
loss : 1.049e-02  mse_pde 2.091e-04  mse_ic 5.081e-03  mse_in 5.204e-03  mse_out 8.485e-08:   6%|▌         | 1413/25000 [01:24<23:24]
loss : 1.033e-02  mse_pde 3.731e-05  mse_ic 5.145e-03  mse_in 5.144e-03  mse_out 8.872e-08:   6%|▌         | 1413/25000 [01:24<23:24]
loss : 1.033e-02  mse_pde 3.731e-05  mse_ic 5.145e-03  mse_in 5.144e-03  mse_out 8.872e-08:   6%|▌         | 1413/25000 [01:24<23:24]
loss : 1.033e-02  mse_pde 3.731e-05  mse_ic 5.145e-03  mse_in 5.144e-03  mse_out 8.872e-08:   6%|▌         | 1415/25000 [01:24<23:44]
loss : 1.044e-02  mse_pde 1.474e-04  mse_ic 5.205e-03  mse_in 5.086e-03  mse_out 9.253e-08:   6%|▌         | 1415/25000 [01:25<23:44]
loss : 1.044e-02  mse_pde 1.474e-04  mse_ic 5.205e-03  mse_in 5.086e-03  mse_out 9.253e-08:   6%|▌         | 1415/25000 [01:25<23:44]
loss : 1.055e-02  mse_pde 2.651e-04  mse_ic 5.094e-03  mse_in 5.188e-03  mse_out 9.051e-08:   6%|▌         | 1415/25000 [01:25<23:44]
loss : 1.055e-02  mse_pde 2.651e-04  mse_ic 5.094e-03  mse_in 5.188e-03  mse_out 9.051e-08:   6%|▌         | 1415/25000 [01:25<23:44]
loss : 1.055e-02  mse_pde 2.651e-04  mse_ic 5.094e-03  mse_in 5.188e-03  mse_out 9.051e-08:   6%|▌         | 1417/25000 [01:25<23:47]
loss : 1.044e-02  mse_pde 1.502e-04  mse_ic 5.132e-03  mse_in 5.157e-03  mse_out 8.689e-08:   6%|▌         | 1417/25000 [01:25<23:47]
loss : 1.044e-02  mse_pde 1.502e-04  mse_ic 5.132e-03  mse_in 5.157e-03  mse_out 8.689e-08:   6%|▌         | 1417/25000 [01:25<23:47]
loss : 1.034e-02  mse_pde 5.069e-05  mse_ic 5.071e-03  mse_in 5.215e-03  mse_out 8.492e-08:   6%|▌         | 1417/25000 [01:25<23:47]
loss : 1.034e-02  mse_pde 5.069e-05  mse_ic 5.071e-03  mse_in 5.215e-03  mse_out 8.492e-08:   6%|▌         | 1417/25000 [01:25<23:47]
loss : 1.034e-02  mse_pde 5.069e-05  mse_ic 5.071e-03  mse_in 5.215e-03  mse_out 8.492e-08:   6%|▌         | 1419/25000 [01:25<23:53]
loss : 1.042e-02  mse_pde 1.342e-04  mse_ic 5.057e-03  mse_in 5.226e-03  mse_out 8.731e-08:   6%|▌         | 1419/25000 [01:25<23:53]
loss : 1.042e-02  mse_pde 1.342e-04  mse_ic 5.057e-03  mse_in 5.226e-03  mse_out 8.731e-08:   6%|▌         | 1419/25000 [01:25<23:53]
loss : 1.056e-02  mse_pde 2.711e-04  mse_ic 5.200e-03  mse_in 5.090e-03  mse_out 9.113e-08:   6%|▌         | 1419/25000 [01:25<23:53]
loss : 1.056e-02  mse_pde 2.711e-04  mse_ic 5.200e-03  mse_in 5.090e-03  mse_out 9.113e-08:   6%|▌         | 1419/25000 [01:25<23:53]
loss : 1.056e-02  mse_pde 2.711e-04  mse_ic 5.200e-03  mse_in 5.090e-03  mse_out 9.113e-08:   6%|▌         | 1421/25000 [01:25<23:39]
loss : 1.046e-02  mse_pde 1.732e-04  mse_ic 5.155e-03  mse_in 5.128e-03  mse_out 8.900e-08:   6%|▌         | 1421/25000 [01:25<23:39]
loss : 1.046e-02  mse_pde 1.732e-04  mse_ic 5.155e-03  mse_in 5.128e-03  mse_out 8.900e-08:   6%|▌         | 1421/25000 [01:25<23:39]
loss : 1.032e-02  mse_pde 3.409e-05  mse_ic 5.175e-03  mse_in 5.112e-03  mse_out 8.424e-08:   6%|▌         | 1421/25000 [01:25<23:39]
loss : 1.032e-02  mse_pde 3.409e-05  mse_ic 5.175e-03  mse_in 5.112e-03  mse_out 8.424e-08:   6%|▌         | 1421/25000 [01:25<23:39]
loss : 1.032e-02  mse_pde 3.409e-05  mse_ic 5.175e-03  mse_in 5.112e-03  mse_out 8.424e-08:   6%|▌         | 1423/25000 [01:25<23:38]
loss : 1.043e-02  mse_pde 1.412e-04  mse_ic 5.145e-03  mse_in 5.144e-03  mse_out 8.170e-08:   6%|▌         | 1423/25000 [01:25<23:38]
loss : 1.043e-02  mse_pde 1.412e-04  mse_ic 5.145e-03  mse_in 5.144e-03  mse_out 8.170e-08:   6%|▌         | 1423/25000 [01:25<23:38]
loss : 1.054e-02  mse_pde 2.608e-04  mse_ic 5.085e-03  mse_in 5.196e-03  mse_out 8.439e-08:   6%|▌         | 1423/25000 [01:25<23:38]
loss : 1.054e-02  mse_pde 2.608e-04  mse_ic 5.085e-03  mse_in 5.196e-03  mse_out 8.439e-08:   6%|▌         | 1423/25000 [01:25<23:38]
loss : 1.054e-02  mse_pde 2.608e-04  mse_ic 5.085e-03  mse_in 5.196e-03  mse_out 8.439e-08:   6%|▌         | 1425/25000 [01:25<23:46]
loss : 1.050e-02  mse_pde 2.112e-04  mse_ic 5.272e-03  mse_in 5.018e-03  mse_out 9.192e-08:   6%|▌         | 1425/25000 [01:25<23:46]
loss : 1.050e-02  mse_pde 2.112e-04  mse_ic 5.272e-03  mse_in 5.018e-03  mse_out 9.192e-08:   6%|▌         | 1425/25000 [01:25<23:46]
loss : 1.034e-02  mse_pde 5.152e-05  mse_ic 5.200e-03  mse_in 5.086e-03  mse_out 9.547e-08:   6%|▌         | 1425/25000 [01:25<23:46]
loss : 1.034e-02  mse_pde 5.152e-05  mse_ic 5.200e-03  mse_in 5.086e-03  mse_out 9.547e-08:   6%|▌         | 1425/25000 [01:25<23:46]
loss : 1.034e-02  mse_pde 5.152e-05  mse_ic 5.200e-03  mse_in 5.086e-03  mse_out 9.547e-08:   6%|▌         | 1427/25000 [01:25<23:49]
loss : 1.040e-02  mse_pde 1.170e-04  mse_ic 5.058e-03  mse_in 5.225e-03  mse_out 9.341e-08:   6%|▌         | 1427/25000 [01:25<23:49]
loss : 1.040e-02  mse_pde 1.170e-04  mse_ic 5.058e-03  mse_in 5.225e-03  mse_out 9.341e-08:   6%|▌         | 1427/25000 [01:25<23:49]
loss : 1.060e-02  mse_pde 3.108e-04  mse_ic 5.125e-03  mse_in 5.163e-03  mse_out 9.037e-08:   6%|▌         | 1427/25000 [01:25<23:49]
loss : 1.060e-02  mse_pde 3.108e-04  mse_ic 5.125e-03  mse_in 5.163e-03  mse_out 9.037e-08:   6%|▌         | 1427/25000 [01:25<23:49]
loss : 1.060e-02  mse_pde 3.108e-04  mse_ic 5.125e-03  mse_in 5.163e-03  mse_out 9.037e-08:   6%|▌         | 1429/25000 [01:25<23:57]
loss : 1.056e-02  mse_pde 2.781e-04  mse_ic 5.191e-03  mse_in 5.089e-03  mse_out 8.834e-08:   6%|▌         | 1429/25000 [01:25<23:57]
loss : 1.056e-02  mse_pde 2.781e-04  mse_ic 5.191e-03  mse_in 5.089e-03  mse_out 8.834e-08:   6%|▌         | 1429/25000 [01:25<23:57]
loss : 1.038e-02  mse_pde 8.401e-05  mse_ic 5.373e-03  mse_in 4.919e-03  mse_out 8.841e-08:   6%|▌         | 1429/25000 [01:25<23:57]
loss : 1.038e-02  mse_pde 8.401e-05  mse_ic 5.373e-03  mse_in 4.919e-03  mse_out 8.841e-08:   6%|▌         | 1429/25000 [01:25<23:57]
loss : 1.038e-02  mse_pde 8.401e-05  mse_ic 5.373e-03  mse_in 4.919e-03  mse_out 8.841e-08:   6%|▌         | 1431/25000 [01:25<24:00]
loss : 1.038e-02  mse_pde 9.777e-05  mse_ic 5.195e-03  mse_in 5.092e-03  mse_out 8.641e-08:   6%|▌         | 1431/25000 [01:26<24:00]
loss : 1.038e-02  mse_pde 9.777e-05  mse_ic 5.195e-03  mse_in 5.092e-03  mse_out 8.641e-08:   6%|▌         | 1431/25000 [01:26<24:00]
loss : 1.062e-02  mse_pde 3.412e-04  mse_ic 4.947e-03  mse_in 5.334e-03  mse_out 8.401e-08:   6%|▌         | 1431/25000 [01:26<24:00]
loss : 1.062e-02  mse_pde 3.412e-04  mse_ic 4.947e-03  mse_in 5.334e-03  mse_out 8.401e-08:   6%|▌         | 1431/25000 [01:26<24:00]
loss : 1.062e-02  mse_pde 3.412e-04  mse_ic 4.947e-03  mse_in 5.334e-03  mse_out 8.401e-08:   6%|▌         | 1433/25000 [01:26<23:51]
loss : 1.063e-02  mse_pde 3.418e-04  mse_ic 5.194e-03  mse_in 5.094e-03  mse_out 8.565e-08:   6%|▌         | 1433/25000 [01:26<23:51]
loss : 1.063e-02  mse_pde 3.418e-04  mse_ic 5.194e-03  mse_in 5.094e-03  mse_out 8.565e-08:   6%|▌         | 1433/25000 [01:26<23:51]
loss : 1.040e-02  mse_pde 1.165e-04  mse_ic 5.360e-03  mse_in 4.928e-03  mse_out 8.830e-08:   6%|▌         | 1433/25000 [01:26<23:51]
loss : 1.040e-02  mse_pde 1.165e-04  mse_ic 5.360e-03  mse_in 4.928e-03  mse_out 8.830e-08:   6%|▌         | 1433/25000 [01:26<23:51]
loss : 1.040e-02  mse_pde 1.165e-04  mse_ic 5.360e-03  mse_in 4.928e-03  mse_out 8.830e-08:   6%|▌         | 1435/25000 [01:26<23:53]
loss : 1.043e-02  mse_pde 1.445e-04  mse_ic 5.292e-03  mse_in 4.993e-03  mse_out 8.936e-08:   6%|▌         | 1435/25000 [01:26<23:53]
loss : 1.043e-02  mse_pde 1.445e-04  mse_ic 5.292e-03  mse_in 4.993e-03  mse_out 8.936e-08:   6%|▌         | 1435/25000 [01:26<23:53]
loss : 1.065e-02  mse_pde 3.612e-04  mse_ic 5.158e-03  mse_in 5.130e-03  mse_out 8.825e-08:   6%|▌         | 1435/25000 [01:26<23:53]
loss : 1.065e-02  mse_pde 3.612e-04  mse_ic 5.158e-03  mse_in 5.130e-03  mse_out 8.825e-08:   6%|▌         | 1435/25000 [01:26<23:53]
loss : 1.065e-02  mse_pde 3.612e-04  mse_ic 5.158e-03  mse_in 5.130e-03  mse_out 8.825e-08:   6%|▌         | 1437/25000 [01:26<24:02]
loss : 1.051e-02  mse_pde 2.248e-04  mse_ic 5.049e-03  mse_in 5.232e-03  mse_out 8.595e-08:   6%|▌         | 1437/25000 [01:26<24:02]
loss : 1.051e-02  mse_pde 2.248e-04  mse_ic 5.049e-03  mse_in 5.232e-03  mse_out 8.595e-08:   6%|▌         | 1437/25000 [01:26<24:02]
loss : 1.032e-02  mse_pde 3.424e-05  mse_ic 5.296e-03  mse_in 4.991e-03  mse_out 8.548e-08:   6%|▌         | 1437/25000 [01:26<24:02]
loss : 1.032e-02  mse_pde 3.424e-05  mse_ic 5.296e-03  mse_in 4.991e-03  mse_out 8.548e-08:   6%|▌         | 1437/25000 [01:26<24:02]
loss : 1.032e-02  mse_pde 3.424e-05  mse_ic 5.296e-03  mse_in 4.991e-03  mse_out 8.548e-08:   6%|▌         | 1439/25000 [01:26<23:49]
loss : 1.051e-02  mse_pde 2.111e-04  mse_ic 5.448e-03  mse_in 4.850e-03  mse_out 8.532e-08:   6%|▌         | 1439/25000 [01:26<23:49]
loss : 1.051e-02  mse_pde 2.111e-04  mse_ic 5.448e-03  mse_in 4.850e-03  mse_out 8.532e-08:   6%|▌         | 1439/25000 [01:26<23:49]
loss : 1.049e-02  mse_pde 2.082e-04  mse_ic 5.202e-03  mse_in 5.077e-03  mse_out 8.466e-08:   6%|▌         | 1439/25000 [01:26<23:49]
loss : 1.049e-02  mse_pde 2.082e-04  mse_ic 5.202e-03  mse_in 5.077e-03  mse_out 8.466e-08:   6%|▌         | 1439/25000 [01:26<23:49]
loss : 1.049e-02  mse_pde 2.082e-04  mse_ic 5.202e-03  mse_in 5.077e-03  mse_out 8.466e-08:   6%|▌         | 1441/25000 [01:26<23:49]
loss : 1.033e-02  mse_pde 5.236e-05  mse_ic 5.069e-03  mse_in 5.213e-03  mse_out 8.594e-08:   6%|▌         | 1441/25000 [01:26<23:49]
loss : 1.033e-02  mse_pde 5.236e-05  mse_ic 5.069e-03  mse_in 5.213e-03  mse_out 8.594e-08:   6%|▌         | 1441/25000 [01:26<23:49]
loss : 1.039e-02  mse_pde 1.079e-04  mse_ic 4.984e-03  mse_in 5.299e-03  mse_out 8.741e-08:   6%|▌         | 1441/25000 [01:26<23:49]
loss : 1.039e-02  mse_pde 1.079e-04  mse_ic 4.984e-03  mse_in 5.299e-03  mse_out 8.741e-08:   6%|▌         | 1441/25000 [01:26<23:49]
loss : 1.039e-02  mse_pde 1.079e-04  mse_ic 4.984e-03  mse_in 5.299e-03  mse_out 8.741e-08:   6%|▌         | 1443/25000 [01:26<24:01]
loss : 1.055e-02  mse_pde 2.763e-04  mse_ic 4.976e-03  mse_in 5.299e-03  mse_out 8.692e-08:   6%|▌         | 1443/25000 [01:26<24:01]
loss : 1.055e-02  mse_pde 2.763e-04  mse_ic 4.976e-03  mse_in 5.299e-03  mse_out 8.692e-08:   6%|▌         | 1443/25000 [01:26<24:01]
loss : 1.055e-02  mse_pde 2.647e-04  mse_ic 5.232e-03  mse_in 5.050e-03  mse_out 8.554e-08:   6%|▌         | 1443/25000 [01:26<24:01]
loss : 1.055e-02  mse_pde 2.647e-04  mse_ic 5.232e-03  mse_in 5.050e-03  mse_out 8.554e-08:   6%|▌         | 1443/25000 [01:26<24:01]
loss : 1.055e-02  mse_pde 2.647e-04  mse_ic 5.232e-03  mse_in 5.050e-03  mse_out 8.554e-08:   6%|▌         | 1445/25000 [01:26<23:55]
loss : 1.034e-02  mse_pde 5.854e-05  mse_ic 5.179e-03  mse_in 5.098e-03  mse_out 8.380e-08:   6%|▌         | 1445/25000 [01:26<23:55]
loss : 1.034e-02  mse_pde 5.854e-05  mse_ic 5.179e-03  mse_in 5.098e-03  mse_out 8.380e-08:   6%|▌         | 1445/25000 [01:26<23:55]
loss : 1.042e-02  mse_pde 1.472e-04  mse_ic 5.038e-03  mse_in 5.239e-03  mse_out 8.588e-08:   6%|▌         | 1445/25000 [01:26<23:55]
loss : 1.042e-02  mse_pde 1.472e-04  mse_ic 5.038e-03  mse_in 5.239e-03  mse_out 8.588e-08:   6%|▌         | 1445/25000 [01:26<23:55]
loss : 1.042e-02  mse_pde 1.472e-04  mse_ic 5.038e-03  mse_in 5.239e-03  mse_out 8.588e-08:   6%|▌         | 1447/25000 [01:26<23:50]
loss : 1.063e-02  mse_pde 3.471e-04  mse_ic 5.118e-03  mse_in 5.166e-03  mse_out 9.154e-08:   6%|▌         | 1447/25000 [01:26<23:50]
loss : 1.063e-02  mse_pde 3.471e-04  mse_ic 5.118e-03  mse_in 5.166e-03  mse_out 9.154e-08:   6%|▌         | 1447/25000 [01:26<23:50]
loss : 1.049e-02  mse_pde 2.109e-04  mse_ic 5.187e-03  mse_in 5.091e-03  mse_out 9.424e-08:   6%|▌         | 1447/25000 [01:27<23:50]
loss : 1.049e-02  mse_pde 2.109e-04  mse_ic 5.187e-03  mse_in 5.091e-03  mse_out 9.424e-08:   6%|▌         | 1447/25000 [01:27<23:50]
loss : 1.049e-02  mse_pde 2.109e-04  mse_ic 5.187e-03  mse_in 5.091e-03  mse_out 9.424e-08:   6%|▌         | 1449/25000 [01:27<23:50]
loss : 1.034e-02  mse_pde 4.827e-05  mse_ic 5.381e-03  mse_in 4.908e-03  mse_out 9.179e-08:   6%|▌         | 1449/25000 [01:27<23:50]
loss : 1.034e-02  mse_pde 4.827e-05  mse_ic 5.381e-03  mse_in 4.908e-03  mse_out 9.179e-08:   6%|▌         | 1449/25000 [01:27<23:50]
loss : 1.050e-02  mse_pde 2.118e-04  mse_ic 5.334e-03  mse_in 4.956e-03  mse_out 8.683e-08:   6%|▌         | 1449/25000 [01:27<23:50]
loss : 1.050e-02  mse_pde 2.118e-04  mse_ic 5.334e-03  mse_in 4.956e-03  mse_out 8.683e-08:   6%|▌         | 1449/25000 [01:27<23:50]
loss : 1.050e-02  mse_pde 2.118e-04  mse_ic 5.334e-03  mse_in 4.956e-03  mse_out 8.683e-08:   6%|▌         | 1451/25000 [01:27<24:04]
loss : 1.053e-02  mse_pde 2.480e-04  mse_ic 5.096e-03  mse_in 5.182e-03  mse_out 8.486e-08:   6%|▌         | 1451/25000 [01:27<24:04]
loss : 1.053e-02  mse_pde 2.480e-04  mse_ic 5.096e-03  mse_in 5.182e-03  mse_out 8.486e-08:   6%|▌         | 1451/25000 [01:27<24:04]
loss : 1.034e-02  mse_pde 6.096e-05  mse_ic 5.189e-03  mse_in 5.094e-03  mse_out 8.785e-08:   6%|▌         | 1451/25000 [01:27<24:04]
loss : 1.034e-02  mse_pde 6.096e-05  mse_ic 5.189e-03  mse_in 5.094e-03  mse_out 8.785e-08:   6%|▌         | 1451/25000 [01:27<24:04]
loss : 1.034e-02  mse_pde 6.096e-05  mse_ic 5.189e-03  mse_in 5.094e-03  mse_out 8.785e-08:   6%|▌         | 1453/25000 [01:27<23:57]
loss : 1.038e-02  mse_pde 9.682e-05  mse_ic 5.233e-03  mse_in 5.050e-03  mse_out 8.881e-08:   6%|▌         | 1453/25000 [01:27<23:57]
loss : 1.038e-02  mse_pde 9.682e-05  mse_ic 5.233e-03  mse_in 5.050e-03  mse_out 8.881e-08:   6%|▌         | 1453/25000 [01:27<23:57]
loss : 1.051e-02  mse_pde 2.322e-04  mse_ic 5.097e-03  mse_in 5.177e-03  mse_out 8.470e-08:   6%|▌         | 1453/25000 [01:27<23:57]
loss : 1.051e-02  mse_pde 2.322e-04  mse_ic 5.097e-03  mse_in 5.177e-03  mse_out 8.470e-08:   6%|▌         | 1453/25000 [01:27<23:57]
loss : 1.051e-02  mse_pde 2.322e-04  mse_ic 5.097e-03  mse_in 5.177e-03  mse_out 8.470e-08:   6%|▌         | 1455/25000 [01:27<24:04]
loss : 1.048e-02  mse_pde 2.053e-04  mse_ic 5.126e-03  mse_in 5.153e-03  mse_out 8.126e-08:   6%|▌         | 1455/25000 [01:27<24:04]
loss : 1.048e-02  mse_pde 2.053e-04  mse_ic 5.126e-03  mse_in 5.153e-03  mse_out 8.126e-08:   6%|▌         | 1455/25000 [01:27<24:04]
loss : 1.033e-02  mse_pde 5.442e-05  mse_ic 5.054e-03  mse_in 5.220e-03  mse_out 8.147e-08:   6%|▌         | 1455/25000 [01:27<24:04]
loss : 1.033e-02  mse_pde 5.442e-05  mse_ic 5.054e-03  mse_in 5.220e-03  mse_out 8.147e-08:   6%|▌         | 1455/25000 [01:27<24:04]
loss : 1.033e-02  mse_pde 5.442e-05  mse_ic 5.054e-03  mse_in 5.220e-03  mse_out 8.147e-08:   6%|▌         | 1457/25000 [01:27<24:04]
loss : 1.037e-02  mse_pde 9.252e-05  mse_ic 5.031e-03  mse_in 5.241e-03  mse_out 8.508e-08:   6%|▌         | 1457/25000 [01:27<24:04]
loss : 1.037e-02  mse_pde 9.252e-05  mse_ic 5.031e-03  mse_in 5.241e-03  mse_out 8.508e-08:   6%|▌         | 1457/25000 [01:27<24:04]
loss : 1.054e-02  mse_pde 2.613e-04  mse_ic 5.091e-03  mse_in 5.186e-03  mse_out 8.769e-08:   6%|▌         | 1457/25000 [01:27<24:04]
loss : 1.054e-02  mse_pde 2.613e-04  mse_ic 5.091e-03  mse_in 5.186e-03  mse_out 8.769e-08:   6%|▌         | 1457/25000 [01:27<24:04]
loss : 1.054e-02  mse_pde 2.613e-04  mse_ic 5.091e-03  mse_in 5.186e-03  mse_out 8.769e-08:   6%|▌         | 1459/25000 [01:27<24:12]
loss : 1.050e-02  mse_pde 2.317e-04  mse_ic 5.003e-03  mse_in 5.268e-03  mse_out 8.548e-08:   6%|▌         | 1459/25000 [01:27<24:12]
loss : 1.050e-02  mse_pde 2.317e-04  mse_ic 5.003e-03  mse_in 5.268e-03  mse_out 8.548e-08:   6%|▌         | 1459/25000 [01:27<24:12]
loss : 1.036e-02  mse_pde 8.438e-05  mse_ic 5.182e-03  mse_in 5.097e-03  mse_out 8.316e-08:   6%|▌         | 1459/25000 [01:27<24:12]
loss : 1.036e-02  mse_pde 8.438e-05  mse_ic 5.182e-03  mse_in 5.097e-03  mse_out 8.316e-08:   6%|▌         | 1459/25000 [01:27<24:12]
loss : 1.036e-02  mse_pde 8.438e-05  mse_ic 5.182e-03  mse_in 5.097e-03  mse_out 8.316e-08:   6%|▌         | 1461/25000 [01:27<24:01]
loss : 1.034e-02  mse_pde 5.790e-05  mse_ic 5.236e-03  mse_in 5.044e-03  mse_out 8.267e-08:   6%|▌         | 1461/25000 [01:27<24:01]
loss : 1.034e-02  mse_pde 5.790e-05  mse_ic 5.236e-03  mse_in 5.044e-03  mse_out 8.267e-08:   6%|▌         | 1461/25000 [01:27<24:01]
loss : 1.046e-02  mse_pde 1.905e-04  mse_ic 5.149e-03  mse_in 5.125e-03  mse_out 8.409e-08:   6%|▌         | 1461/25000 [01:27<24:01]
loss : 1.046e-02  mse_pde 1.905e-04  mse_ic 5.149e-03  mse_in 5.125e-03  mse_out 8.409e-08:   6%|▌         | 1461/25000 [01:27<24:01]
loss : 1.046e-02  mse_pde 1.905e-04  mse_ic 5.149e-03  mse_in 5.125e-03  mse_out 8.409e-08:   6%|▌         | 1463/25000 [01:27<24:07]
loss : 1.050e-02  mse_pde 2.207e-04  mse_ic 5.231e-03  mse_in 5.051e-03  mse_out 8.603e-08:   6%|▌         | 1463/25000 [01:27<24:07]
loss : 1.050e-02  mse_pde 2.207e-04  mse_ic 5.231e-03  mse_in 5.051e-03  mse_out 8.603e-08:   6%|▌         | 1463/25000 [01:27<24:07]
loss : 1.035e-02  mse_pde 7.082e-05  mse_ic 5.146e-03  mse_in 5.130e-03  mse_out 8.461e-08:   6%|▌         | 1463/25000 [01:28<24:07]
loss : 1.035e-02  mse_pde 7.082e-05  mse_ic 5.146e-03  mse_in 5.130e-03  mse_out 8.461e-08:   6%|▌         | 1463/25000 [01:28<24:07]
loss : 1.035e-02  mse_pde 7.082e-05  mse_ic 5.146e-03  mse_in 5.130e-03  mse_out 8.461e-08:   6%|▌         | 1465/25000 [01:28<24:02]
loss : 1.033e-02  mse_pde 5.742e-05  mse_ic 5.141e-03  mse_in 5.134e-03  mse_out 8.306e-08:   6%|▌         | 1465/25000 [01:28<24:02]
loss : 1.033e-02  mse_pde 5.742e-05  mse_ic 5.141e-03  mse_in 5.134e-03  mse_out 8.306e-08:   6%|▌         | 1465/25000 [01:28<24:02]
loss : 1.047e-02  mse_pde 1.928e-04  mse_ic 5.198e-03  mse_in 5.080e-03  mse_out 8.443e-08:   6%|▌         | 1465/25000 [01:28<24:02]
loss : 1.047e-02  mse_pde 1.928e-04  mse_ic 5.198e-03  mse_in 5.080e-03  mse_out 8.443e-08:   6%|▌         | 1465/25000 [01:28<24:02]
loss : 1.047e-02  mse_pde 1.928e-04  mse_ic 5.198e-03  mse_in 5.080e-03  mse_out 8.443e-08:   6%|▌         | 1467/25000 [01:28<24:07]
loss : 1.051e-02  mse_pde 2.412e-04  mse_ic 5.079e-03  mse_in 5.190e-03  mse_out 8.724e-08:   6%|▌         | 1467/25000 [01:28<24:07]
loss : 1.051e-02  mse_pde 2.412e-04  mse_ic 5.079e-03  mse_in 5.190e-03  mse_out 8.724e-08:   6%|▌         | 1467/25000 [01:28<24:07]
loss : 1.041e-02  mse_pde 1.342e-04  mse_ic 5.140e-03  mse_in 5.134e-03  mse_out 8.969e-08:   6%|▌         | 1467/25000 [01:28<24:07]
loss : 1.041e-02  mse_pde 1.342e-04  mse_ic 5.140e-03  mse_in 5.134e-03  mse_out 8.969e-08:   6%|▌         | 1467/25000 [01:28<24:07]
loss : 1.041e-02  mse_pde 1.342e-04  mse_ic 5.140e-03  mse_in 5.134e-03  mse_out 8.969e-08:   6%|▌         | 1469/25000 [01:28<24:01]
loss : 1.031e-02  mse_pde 3.599e-05  mse_ic 5.032e-03  mse_in 5.240e-03  mse_out 8.725e-08:   6%|▌         | 1469/25000 [01:28<24:01]
loss : 1.031e-02  mse_pde 3.599e-05  mse_ic 5.032e-03  mse_in 5.240e-03  mse_out 8.725e-08:   6%|▌         | 1469/25000 [01:28<24:01]
loss : 1.037e-02  mse_pde 1.000e-04  mse_ic 5.011e-03  mse_in 5.258e-03  mse_out 8.387e-08:   6%|▌         | 1469/25000 [01:28<24:01]
loss : 1.037e-02  mse_pde 1.000e-04  mse_ic 5.011e-03  mse_in 5.258e-03  mse_out 8.387e-08:   6%|▌         | 1469/25000 [01:28<24:01]
loss : 1.037e-02  mse_pde 1.000e-04  mse_ic 5.011e-03  mse_in 5.258e-03  mse_out 8.387e-08:   6%|▌         | 1471/25000 [01:28<24:04]
loss : 1.052e-02  mse_pde 2.462e-04  mse_ic 5.198e-03  mse_in 5.077e-03  mse_out 8.401e-08:   6%|▌         | 1471/25000 [01:28<24:04]
loss : 1.052e-02  mse_pde 2.462e-04  mse_ic 5.198e-03  mse_in 5.077e-03  mse_out 8.401e-08:   6%|▌         | 1471/25000 [01:28<24:04]
loss : 1.052e-02  mse_pde 2.570e-04  mse_ic 5.109e-03  mse_in 5.157e-03  mse_out 8.602e-08:   6%|▌         | 1471/25000 [01:28<24:04]
loss : 1.052e-02  mse_pde 2.570e-04  mse_ic 5.109e-03  mse_in 5.157e-03  mse_out 8.602e-08:   6%|▌         | 1471/25000 [01:28<24:04]
loss : 1.052e-02  mse_pde 2.570e-04  mse_ic 5.109e-03  mse_in 5.157e-03  mse_out 8.602e-08:   6%|▌         | 1473/25000 [01:28<22:51]
loss : 1.038e-02  mse_pde 1.035e-04  mse_ic 5.179e-03  mse_in 5.097e-03  mse_out 8.909e-08:   6%|▌         | 1473/25000 [01:28<22:51]
loss : 1.038e-02  mse_pde 1.035e-04  mse_ic 5.179e-03  mse_in 5.097e-03  mse_out 8.909e-08:   6%|▌         | 1473/25000 [01:28<22:51]
loss : 1.031e-02  mse_pde 4.101e-05  mse_ic 5.109e-03  mse_in 5.165e-03  mse_out 8.815e-08:   6%|▌         | 1473/25000 [01:28<22:51]
loss : 1.031e-02  mse_pde 4.101e-05  mse_ic 5.109e-03  mse_in 5.165e-03  mse_out 8.815e-08:   6%|▌         | 1473/25000 [01:28<22:51]
loss : 1.031e-02  mse_pde 4.101e-05  mse_ic 5.109e-03  mse_in 5.165e-03  mse_out 8.815e-08:   6%|▌         | 1475/25000 [01:28<23:13]
loss : 1.042e-02  mse_pde 1.455e-04  mse_ic 5.116e-03  mse_in 5.154e-03  mse_out 8.462e-08:   6%|▌         | 1475/25000 [01:28<23:13]
loss : 1.042e-02  mse_pde 1.455e-04  mse_ic 5.116e-03  mse_in 5.154e-03  mse_out 8.462e-08:   6%|▌         | 1475/25000 [01:28<23:13]
loss : 1.056e-02  mse_pde 2.748e-04  mse_ic 5.329e-03  mse_in 4.953e-03  mse_out 8.219e-08:   6%|▌         | 1475/25000 [01:28<23:13]
loss : 1.056e-02  mse_pde 2.748e-04  mse_ic 5.329e-03  mse_in 4.953e-03  mse_out 8.219e-08:   6%|▌         | 1475/25000 [01:28<23:13]
loss : 1.056e-02  mse_pde 2.748e-04  mse_ic 5.329e-03  mse_in 4.953e-03  mse_out 8.219e-08:   6%|▌         | 1477/25000 [01:28<23:35]
loss : 1.044e-02  mse_pde 1.751e-04  mse_ic 5.182e-03  mse_in 5.087e-03  mse_out 8.092e-08:   6%|▌         | 1477/25000 [01:28<23:35]
loss : 1.044e-02  mse_pde 1.751e-04  mse_ic 5.182e-03  mse_in 5.087e-03  mse_out 8.092e-08:   6%|▌         | 1477/25000 [01:28<23:35]
loss : 1.031e-02  mse_pde 3.806e-05  mse_ic 5.142e-03  mse_in 5.130e-03  mse_out 8.286e-08:   6%|▌         | 1477/25000 [01:28<23:35]
loss : 1.031e-02  mse_pde 3.806e-05  mse_ic 5.142e-03  mse_in 5.130e-03  mse_out 8.286e-08:   6%|▌         | 1477/25000 [01:28<23:35]
loss : 1.031e-02  mse_pde 3.806e-05  mse_ic 5.142e-03  mse_in 5.130e-03  mse_out 8.286e-08:   6%|▌         | 1479/25000 [01:28<23:41]
loss : 1.037e-02  mse_pde 9.470e-05  mse_ic 5.118e-03  mse_in 5.154e-03  mse_out 8.498e-08:   6%|▌         | 1479/25000 [01:28<23:41]
loss : 1.037e-02  mse_pde 9.470e-05  mse_ic 5.118e-03  mse_in 5.154e-03  mse_out 8.498e-08:   6%|▌         | 1479/25000 [01:28<23:41]
loss : 1.053e-02  mse_pde 2.647e-04  mse_ic 5.075e-03  mse_in 5.189e-03  mse_out 8.429e-08:   6%|▌         | 1479/25000 [01:28<23:41]
loss : 1.053e-02  mse_pde 2.647e-04  mse_ic 5.075e-03  mse_in 5.189e-03  mse_out 8.429e-08:   6%|▌         | 1479/25000 [01:28<23:41]
loss : 1.053e-02  mse_pde 2.647e-04  mse_ic 5.075e-03  mse_in 5.189e-03  mse_out 8.429e-08:   6%|▌         | 1481/25000 [01:29<23:56]
loss : 1.061e-02  mse_pde 3.340e-04  mse_ic 5.276e-03  mse_in 4.999e-03  mse_out 8.279e-08:   6%|▌         | 1481/25000 [01:29<23:56]
loss : 1.061e-02  mse_pde 3.340e-04  mse_ic 5.276e-03  mse_in 4.999e-03  mse_out 8.279e-08:   6%|▌         | 1481/25000 [01:29<23:56]
loss : 1.041e-02  mse_pde 1.406e-04  mse_ic 5.111e-03  mse_in 5.156e-03  mse_out 8.148e-08:   6%|▌         | 1481/25000 [01:29<23:56]
loss : 1.041e-02  mse_pde 1.406e-04  mse_ic 5.111e-03  mse_in 5.156e-03  mse_out 8.148e-08:   6%|▌         | 1481/25000 [01:29<23:56]
loss : 1.041e-02  mse_pde 1.406e-04  mse_ic 5.111e-03  mse_in 5.156e-03  mse_out 8.148e-08:   6%|▌         | 1483/25000 [01:29<23:57]
loss : 1.031e-02  mse_pde 3.762e-05  mse_ic 5.099e-03  mse_in 5.171e-03  mse_out 8.444e-08:   6%|▌         | 1483/25000 [01:29<23:57]
loss : 1.031e-02  mse_pde 3.762e-05  mse_ic 5.099e-03  mse_in 5.171e-03  mse_out 8.444e-08:   6%|▌         | 1483/25000 [01:29<23:57]
loss : 1.047e-02  mse_pde 1.923e-04  mse_ic 5.181e-03  mse_in 5.092e-03  mse_out 8.817e-08:   6%|▌         | 1483/25000 [01:29<23:57]
loss : 1.047e-02  mse_pde 1.923e-04  mse_ic 5.181e-03  mse_in 5.092e-03  mse_out 8.817e-08:   6%|▌         | 1483/25000 [01:29<23:57]
loss : 1.047e-02  mse_pde 1.923e-04  mse_ic 5.181e-03  mse_in 5.092e-03  mse_out 8.817e-08:   6%|▌         | 1485/25000 [01:29<23:52]
loss : 1.059e-02  mse_pde 3.227e-04  mse_ic 5.133e-03  mse_in 5.131e-03  mse_out 8.690e-08:   6%|▌         | 1485/25000 [01:29<23:52]
loss : 1.059e-02  mse_pde 3.227e-04  mse_ic 5.133e-03  mse_in 5.131e-03  mse_out 8.690e-08:   6%|▌         | 1485/25000 [01:29<23:52]
loss : 1.046e-02  mse_pde 1.802e-04  mse_ic 5.328e-03  mse_in 4.951e-03  mse_out 8.332e-08:   6%|▌         | 1485/25000 [01:29<23:52]
loss : 1.046e-02  mse_pde 1.802e-04  mse_ic 5.328e-03  mse_in 4.951e-03  mse_out 8.332e-08:   6%|▌         | 1485/25000 [01:29<23:52]
loss : 1.046e-02  mse_pde 1.802e-04  mse_ic 5.328e-03  mse_in 4.951e-03  mse_out 8.332e-08:   6%|▌         | 1487/25000 [01:29<23:51]
loss : 1.032e-02  mse_pde 4.507e-05  mse_ic 5.225e-03  mse_in 5.047e-03  mse_out 8.007e-08:   6%|▌         | 1487/25000 [01:29<23:51]
loss : 1.032e-02  mse_pde 4.507e-05  mse_ic 5.225e-03  mse_in 5.047e-03  mse_out 8.007e-08:   6%|▌         | 1487/25000 [01:29<23:51]
loss : 1.046e-02  mse_pde 1.944e-04  mse_ic 5.111e-03  mse_in 5.156e-03  mse_out 8.083e-08:   6%|▌         | 1487/25000 [01:29<23:51]
loss : 1.046e-02  mse_pde 1.944e-04  mse_ic 5.111e-03  mse_in 5.156e-03  mse_out 8.083e-08:   6%|▌         | 1487/25000 [01:29<23:51]
loss : 1.046e-02  mse_pde 1.944e-04  mse_ic 5.111e-03  mse_in 5.156e-03  mse_out 8.083e-08:   6%|▌         | 1489/25000 [01:29<23:40]
loss : 1.065e-02  mse_pde 3.735e-04  mse_ic 5.271e-03  mse_in 5.005e-03  mse_out 8.415e-08:   6%|▌         | 1489/25000 [01:29<23:40]
loss : 1.065e-02  mse_pde 3.735e-04  mse_ic 5.271e-03  mse_in 5.005e-03  mse_out 8.415e-08:   6%|▌         | 1489/25000 [01:29<23:40]
loss : 1.043e-02  mse_pde 1.671e-04  mse_ic 5.170e-03  mse_in 5.096e-03  mse_out 8.367e-08:   6%|▌         | 1489/25000 [01:29<23:40]
loss : 1.043e-02  mse_pde 1.671e-04  mse_ic 5.170e-03  mse_in 5.096e-03  mse_out 8.367e-08:   6%|▌         | 1489/25000 [01:29<23:40]
loss : 1.043e-02  mse_pde 1.671e-04  mse_ic 5.170e-03  mse_in 5.096e-03  mse_out 8.367e-08:   6%|▌         | 1491/25000 [01:29<23:55]
loss : 1.031e-02  mse_pde 4.646e-05  mse_ic 5.147e-03  mse_in 5.120e-03  mse_out 8.140e-08:   6%|▌         | 1491/25000 [01:29<23:55]
loss : 1.031e-02  mse_pde 4.646e-05  mse_ic 5.147e-03  mse_in 5.120e-03  mse_out 8.140e-08:   6%|▌         | 1491/25000 [01:29<23:55]
loss : 1.053e-02  mse_pde 2.562e-04  mse_ic 5.186e-03  mse_in 5.086e-03  mse_out 8.134e-08:   6%|▌         | 1491/25000 [01:29<23:55]
loss : 1.053e-02  mse_pde 2.562e-04  mse_ic 5.186e-03  mse_in 5.086e-03  mse_out 8.134e-08:   6%|▌         | 1491/25000 [01:29<23:55]
loss : 1.053e-02  mse_pde 2.562e-04  mse_ic 5.186e-03  mse_in 5.086e-03  mse_out 8.134e-08:   6%|▌         | 1493/25000 [01:29<23:55]
loss : 1.058e-02  mse_pde 3.130e-04  mse_ic 5.143e-03  mse_in 5.119e-03  mse_out 8.388e-08:   6%|▌         | 1493/25000 [01:29<23:55]
loss : 1.058e-02  mse_pde 3.130e-04  mse_ic 5.143e-03  mse_in 5.119e-03  mse_out 8.388e-08:   6%|▌         | 1493/25000 [01:29<23:55]
loss : 1.038e-02  mse_pde 1.099e-04  mse_ic 5.323e-03  mse_in 4.951e-03  mse_out 8.700e-08:   6%|▌         | 1493/25000 [01:29<23:55]
loss : 1.038e-02  mse_pde 1.099e-04  mse_ic 5.323e-03  mse_in 4.951e-03  mse_out 8.700e-08:   6%|▌         | 1493/25000 [01:29<23:55]
loss : 1.038e-02  mse_pde 1.099e-04  mse_ic 5.323e-03  mse_in 4.951e-03  mse_out 8.700e-08:   6%|▌         | 1495/25000 [01:29<23:50]
loss : 1.035e-02  mse_pde 7.947e-05  mse_ic 5.146e-03  mse_in 5.123e-03  mse_out 8.466e-08:   6%|▌         | 1495/25000 [01:29<23:50]
loss : 1.035e-02  mse_pde 7.947e-05  mse_ic 5.146e-03  mse_in 5.123e-03  mse_out 8.466e-08:   6%|▌         | 1495/25000 [01:29<23:50]
loss : 1.060e-02  mse_pde 3.306e-04  mse_ic 4.976e-03  mse_in 5.288e-03  mse_out 8.114e-08:   6%|▌         | 1495/25000 [01:29<23:50]
loss : 1.060e-02  mse_pde 3.306e-04  mse_ic 4.976e-03  mse_in 5.288e-03  mse_out 8.114e-08:   6%|▌         | 1495/25000 [01:29<23:50]
loss : 1.060e-02  mse_pde 3.306e-04  mse_ic 4.976e-03  mse_in 5.288e-03  mse_out 8.114e-08:   6%|▌         | 1497/25000 [01:29<23:52]
loss : 1.058e-02  mse_pde 3.087e-04  mse_ic 5.312e-03  mse_in 4.964e-03  mse_out 8.207e-08:   6%|▌         | 1497/25000 [01:30<23:52]
loss : 1.058e-02  mse_pde 3.087e-04  mse_ic 5.312e-03  mse_in 4.964e-03  mse_out 8.207e-08:   6%|▌         | 1497/25000 [01:30<23:52]
loss : 1.035e-02  mse_pde 7.823e-05  mse_ic 5.351e-03  mse_in 4.922e-03  mse_out 8.372e-08:   6%|▌         | 1497/25000 [01:30<23:52]
loss : 1.035e-02  mse_pde 7.823e-05  mse_ic 5.351e-03  mse_in 4.922e-03  mse_out 8.372e-08:   6%|▌         | 1497/25000 [01:30<23:52]
loss : 1.035e-02  mse_pde 7.823e-05  mse_ic 5.351e-03  mse_in 4.922e-03  mse_out 8.372e-08:   6%|▌         | 1499/25000 [01:30<23:41]
loss : 1.048e-02  mse_pde 2.129e-04  mse_ic 5.094e-03  mse_in 5.171e-03  mse_out 8.308e-08:   6%|▌         | 1499/25000 [01:30<23:41]
loss : 1.048e-02  mse_pde 2.129e-04  mse_ic 5.094e-03  mse_in 5.171e-03  mse_out 8.308e-08:   6%|▌         | 1499/25000 [01:30<23:41]
loss : 1.073e-02  mse_pde 4.579e-04  mse_ic 5.067e-03  mse_in 5.206e-03  mse_out 8.112e-08:   6%|▌         | 1499/25000 [01:30<23:41]
loss : 1.073e-02  mse_pde 4.579e-04  mse_ic 5.067e-03  mse_in 5.206e-03  mse_out 8.112e-08:   6%|▌         | 1499/25000 [01:30<23:41]
loss : 1.073e-02  mse_pde 4.579e-04  mse_ic 5.067e-03  mse_in 5.206e-03  mse_out 8.112e-08:   6%|▌         | 1501/25000 [01:30<24:34]
loss : 1.041e-02  mse_pde 1.405e-04  mse_ic 5.189e-03  mse_in 5.078e-03  mse_out 7.922e-08:   6%|▌         | 1501/25000 [01:30<24:34]
loss : 1.041e-02  mse_pde 1.405e-04  mse_ic 5.189e-03  mse_in 5.078e-03  mse_out 7.922e-08:   6%|▌         | 1501/25000 [01:30<24:34]
loss : 1.041e-02  mse_pde 1.275e-04  mse_ic 5.440e-03  mse_in 4.839e-03  mse_out 7.973e-08:   6%|▌         | 1501/25000 [01:30<24:34]
loss : 1.041e-02  mse_pde 1.275e-04  mse_ic 5.440e-03  mse_in 4.839e-03  mse_out 7.973e-08:   6%|▌         | 1501/25000 [01:30<24:34]
loss : 1.041e-02  mse_pde 1.275e-04  mse_ic 5.440e-03  mse_in 4.839e-03  mse_out 7.973e-08:   6%|▌         | 1503/25000 [01:30<23:18]
loss : 1.057e-02  mse_pde 2.839e-04  mse_ic 5.449e-03  mse_in 4.837e-03  mse_out 8.301e-08:   6%|▌         | 1503/25000 [01:30<23:18]
loss : 1.057e-02  mse_pde 2.839e-04  mse_ic 5.449e-03  mse_in 4.837e-03  mse_out 8.301e-08:   6%|▌         | 1503/25000 [01:30<23:18]
loss : 1.036e-02  mse_pde 9.717e-05  mse_ic 5.140e-03  mse_in 5.128e-03  mse_out 8.451e-08:   6%|▌         | 1503/25000 [01:30<23:18]
loss : 1.036e-02  mse_pde 9.717e-05  mse_ic 5.140e-03  mse_in 5.128e-03  mse_out 8.451e-08:   6%|▌         | 1503/25000 [01:30<23:18]
loss : 1.036e-02  mse_pde 9.717e-05  mse_ic 5.140e-03  mse_in 5.128e-03  mse_out 8.451e-08:   6%|▌         | 1505/25000 [01:30<23:26]
loss : 1.040e-02  mse_pde 1.312e-04  mse_ic 5.035e-03  mse_in 5.231e-03  mse_out 8.518e-08:   6%|▌         | 1505/25000 [01:30<23:26]
loss : 1.040e-02  mse_pde 1.312e-04  mse_ic 5.035e-03  mse_in 5.231e-03  mse_out 8.518e-08:   6%|▌         | 1505/25000 [01:30<23:26]
loss : 1.059e-02  mse_pde 3.211e-04  mse_ic 5.189e-03  mse_in 5.082e-03  mse_out 8.502e-08:   6%|▌         | 1505/25000 [01:30<23:26]
loss : 1.059e-02  mse_pde 3.211e-04  mse_ic 5.189e-03  mse_in 5.082e-03  mse_out 8.502e-08:   6%|▌         | 1505/25000 [01:30<23:26]
loss : 1.059e-02  mse_pde 3.211e-04  mse_ic 5.189e-03  mse_in 5.082e-03  mse_out 8.502e-08:   6%|▌         | 1507/25000 [01:30<23:40]
loss : 1.041e-02  mse_pde 1.495e-04  mse_ic 5.199e-03  mse_in 5.065e-03  mse_out 8.193e-08:   6%|▌         | 1507/25000 [01:30<23:40]
loss : 1.041e-02  mse_pde 1.495e-04  mse_ic 5.199e-03  mse_in 5.065e-03  mse_out 8.193e-08:   6%|▌         | 1507/25000 [01:30<23:40]
loss : 1.035e-02  mse_pde 8.177e-05  mse_ic 5.126e-03  mse_in 5.138e-03  mse_out 7.935e-08:   6%|▌         | 1507/25000 [01:30<23:40]
loss : 1.035e-02  mse_pde 8.177e-05  mse_ic 5.126e-03  mse_in 5.138e-03  mse_out 7.935e-08:   6%|▌         | 1507/25000 [01:30<23:40]
loss : 1.035e-02  mse_pde 8.177e-05  mse_ic 5.126e-03  mse_in 5.138e-03  mse_out 7.935e-08:   6%|▌         | 1509/25000 [01:30<23:49]
loss : 1.060e-02  mse_pde 3.265e-04  mse_ic 5.097e-03  mse_in 5.173e-03  mse_out 7.774e-08:   6%|▌         | 1509/25000 [01:30<23:49]
loss : 1.060e-02  mse_pde 3.265e-04  mse_ic 5.097e-03  mse_in 5.173e-03  mse_out 7.774e-08:   6%|▌         | 1509/25000 [01:30<23:49]
loss : 1.044e-02  mse_pde 1.735e-04  mse_ic 5.085e-03  mse_in 5.177e-03  mse_out 7.634e-08:   6%|▌         | 1509/25000 [01:30<23:49]
loss : 1.044e-02  mse_pde 1.735e-04  mse_ic 5.085e-03  mse_in 5.177e-03  mse_out 7.634e-08:   6%|▌         | 1509/25000 [01:30<23:49]
loss : 1.044e-02  mse_pde 1.735e-04  mse_ic 5.085e-03  mse_in 5.177e-03  mse_out 7.634e-08:   6%|▌         | 1511/25000 [01:30<24:02]
loss : 1.034e-02  mse_pde 7.590e-05  mse_ic 5.267e-03  mse_in 5.000e-03  mse_out 7.807e-08:   6%|▌         | 1511/25000 [01:30<24:02]
loss : 1.034e-02  mse_pde 7.590e-05  mse_ic 5.267e-03  mse_in 5.000e-03  mse_out 7.807e-08:   6%|▌         | 1511/25000 [01:30<24:02]
loss : 1.048e-02  mse_pde 2.133e-04  mse_ic 5.243e-03  mse_in 5.028e-03  mse_out 8.053e-08:   6%|▌         | 1511/25000 [01:30<24:02]
loss : 1.048e-02  mse_pde 2.133e-04  mse_ic 5.243e-03  mse_in 5.028e-03  mse_out 8.053e-08:   6%|▌         | 1511/25000 [01:30<24:02]
loss : 1.048e-02  mse_pde 2.133e-04  mse_ic 5.243e-03  mse_in 5.028e-03  mse_out 8.053e-08:   6%|▌         | 1513/25000 [01:30<23:37]
loss : 1.045e-02  mse_pde 1.874e-04  mse_ic 4.984e-03  mse_in 5.280e-03  mse_out 8.201e-08:   6%|▌         | 1513/25000 [01:31<23:37]
loss : 1.045e-02  mse_pde 1.874e-04  mse_ic 4.984e-03  mse_in 5.280e-03  mse_out 8.201e-08:   6%|▌         | 1513/25000 [01:31<23:37]
loss : 1.033e-02  mse_pde 5.922e-05  mse_ic 5.046e-03  mse_in 5.221e-03  mse_out 8.560e-08:   6%|▌         | 1513/25000 [01:31<23:37]
loss : 1.033e-02  mse_pde 5.922e-05  mse_ic 5.046e-03  mse_in 5.221e-03  mse_out 8.560e-08:   6%|▌         | 1513/25000 [01:31<23:37]
loss : 1.033e-02  mse_pde 5.922e-05  mse_ic 5.046e-03  mse_in 5.221e-03  mse_out 8.560e-08:   6%|▌         | 1515/25000 [01:31<23:51]
loss : 1.038e-02  mse_pde 1.102e-04  mse_ic 5.203e-03  mse_in 5.066e-03  mse_out 8.774e-08:   6%|▌         | 1515/25000 [01:31<23:51]
loss : 1.038e-02  mse_pde 1.102e-04  mse_ic 5.203e-03  mse_in 5.066e-03  mse_out 8.774e-08:   6%|▌         | 1515/25000 [01:31<23:51]
loss : 1.047e-02  mse_pde 2.053e-04  mse_ic 5.184e-03  mse_in 5.079e-03  mse_out 8.531e-08:   6%|▌         | 1515/25000 [01:31<23:51]
loss : 1.047e-02  mse_pde 2.053e-04  mse_ic 5.184e-03  mse_in 5.079e-03  mse_out 8.531e-08:   6%|▌         | 1515/25000 [01:31<23:51]
loss : 1.047e-02  mse_pde 2.053e-04  mse_ic 5.184e-03  mse_in 5.079e-03  mse_out 8.531e-08:   6%|▌         | 1517/25000 [01:31<23:41]
loss : 1.033e-02  mse_pde 6.784e-05  mse_ic 5.151e-03  mse_in 5.116e-03  mse_out 8.079e-08:   6%|▌         | 1517/25000 [01:31<23:41]
loss : 1.033e-02  mse_pde 6.784e-05  mse_ic 5.151e-03  mse_in 5.116e-03  mse_out 8.079e-08:   6%|▌         | 1517/25000 [01:31<23:41]
loss : 1.034e-02  mse_pde 7.025e-05  mse_ic 5.005e-03  mse_in 5.262e-03  mse_out 7.510e-08:   6%|▌         | 1517/25000 [01:31<23:41]
loss : 1.034e-02  mse_pde 7.025e-05  mse_ic 5.005e-03  mse_in 5.262e-03  mse_out 7.510e-08:   6%|▌         | 1517/25000 [01:31<23:41]
loss : 1.034e-02  mse_pde 7.025e-05  mse_ic 5.005e-03  mse_in 5.262e-03  mse_out 7.510e-08:   6%|▌         | 1519/25000 [01:31<23:50]
loss : 1.045e-02  mse_pde 1.891e-04  mse_ic 4.972e-03  mse_in 5.290e-03  mse_out 7.272e-08:   6%|▌         | 1519/25000 [01:31<23:50]
loss : 1.045e-02  mse_pde 1.891e-04  mse_ic 4.972e-03  mse_in 5.290e-03  mse_out 7.272e-08:   6%|▌         | 1519/25000 [01:31<23:50]
loss : 1.049e-02  mse_pde 2.218e-04  mse_ic 5.234e-03  mse_in 5.034e-03  mse_out 7.633e-08:   6%|▌         | 1519/25000 [01:31<23:50]
loss : 1.049e-02  mse_pde 2.218e-04  mse_ic 5.234e-03  mse_in 5.034e-03  mse_out 7.633e-08:   6%|▌         | 1519/25000 [01:31<23:50]
loss : 1.049e-02  mse_pde 2.218e-04  mse_ic 5.234e-03  mse_in 5.034e-03  mse_out 7.633e-08:   6%|▌         | 1521/25000 [01:31<23:52]
loss : 1.035e-02  mse_pde 8.531e-05  mse_ic 5.198e-03  mse_in 5.064e-03  mse_out 8.088e-08:   6%|▌         | 1521/25000 [01:31<23:52]
loss : 1.035e-02  mse_pde 8.531e-05  mse_ic 5.198e-03  mse_in 5.064e-03  mse_out 8.088e-08:   6%|▌         | 1521/25000 [01:31<23:52]
loss : 1.033e-02  mse_pde 7.172e-05  mse_ic 5.027e-03  mse_in 5.235e-03  mse_out 8.388e-08:   6%|▌         | 1521/25000 [01:31<23:52]
loss : 1.033e-02  mse_pde 7.172e-05  mse_ic 5.027e-03  mse_in 5.235e-03  mse_out 8.388e-08:   6%|▌         | 1521/25000 [01:31<23:52]
loss : 1.033e-02  mse_pde 7.172e-05  mse_ic 5.027e-03  mse_in 5.235e-03  mse_out 8.388e-08:   6%|▌         | 1523/25000 [01:31<23:46]
loss : 1.053e-02  mse_pde 2.631e-04  mse_ic 4.980e-03  mse_in 5.288e-03  mse_out 8.330e-08:   6%|▌         | 1523/25000 [01:31<23:46]
loss : 1.053e-02  mse_pde 2.631e-04  mse_ic 4.980e-03  mse_in 5.288e-03  mse_out 8.330e-08:   6%|▌         | 1523/25000 [01:31<23:46]
loss : 1.055e-02  mse_pde 2.858e-04  mse_ic 5.035e-03  mse_in 5.224e-03  mse_out 7.952e-08:   6%|▌         | 1523/25000 [01:31<23:46]
loss : 1.055e-02  mse_pde 2.858e-04  mse_ic 5.035e-03  mse_in 5.224e-03  mse_out 7.952e-08:   6%|▌         | 1523/25000 [01:31<23:46]
loss : 1.055e-02  mse_pde 2.858e-04  mse_ic 5.035e-03  mse_in 5.224e-03  mse_out 7.952e-08:   6%|▌         | 1525/25000 [01:31<23:47]
loss : 1.041e-02  mse_pde 1.347e-04  mse_ic 5.346e-03  mse_in 4.927e-03  mse_out 7.795e-08:   6%|▌         | 1525/25000 [01:31<23:47]
loss : 1.041e-02  mse_pde 1.347e-04  mse_ic 5.346e-03  mse_in 4.927e-03  mse_out 7.795e-08:   6%|▌         | 1525/25000 [01:31<23:47]
loss : 1.033e-02  mse_pde 5.931e-05  mse_ic 5.292e-03  mse_in 4.979e-03  mse_out 7.684e-08:   6%|▌         | 1525/25000 [01:31<23:47]
loss : 1.033e-02  mse_pde 5.931e-05  mse_ic 5.292e-03  mse_in 4.979e-03  mse_out 7.684e-08:   6%|▌         | 1525/25000 [01:31<23:47]
loss : 1.033e-02  mse_pde 5.931e-05  mse_ic 5.292e-03  mse_in 4.979e-03  mse_out 7.684e-08:   6%|▌         | 1527/25000 [01:31<23:46]
loss : 1.055e-02  mse_pde 2.828e-04  mse_ic 5.052e-03  mse_in 5.210e-03  mse_out 7.656e-08:   6%|▌         | 1527/25000 [01:31<23:46]
loss : 1.055e-02  mse_pde 2.828e-04  mse_ic 5.052e-03  mse_in 5.210e-03  mse_out 7.656e-08:   6%|▌         | 1527/25000 [01:31<23:46]
loss : 1.055e-02  mse_pde 2.756e-04  mse_ic 5.189e-03  mse_in 5.081e-03  mse_out 7.843e-08:   6%|▌         | 1527/25000 [01:31<23:46]
loss : 1.055e-02  mse_pde 2.756e-04  mse_ic 5.189e-03  mse_in 5.081e-03  mse_out 7.843e-08:   6%|▌         | 1527/25000 [01:31<23:46]
loss : 1.055e-02  mse_pde 2.756e-04  mse_ic 5.189e-03  mse_in 5.081e-03  mse_out 7.843e-08:   6%|▌         | 1529/25000 [01:31<23:59]
loss : 1.034e-02  mse_pde 7.295e-05  mse_ic 5.306e-03  mse_in 4.962e-03  mse_out 7.815e-08:   6%|▌         | 1529/25000 [01:31<23:59]
loss : 1.034e-02  mse_pde 7.295e-05  mse_ic 5.306e-03  mse_in 4.962e-03  mse_out 7.815e-08:   6%|▌         | 1529/25000 [01:31<23:59]
loss : 1.041e-02  mse_pde 1.432e-04  mse_ic 5.281e-03  mse_in 4.984e-03  mse_out 7.674e-08:   6%|▌         | 1529/25000 [01:32<23:59]
loss : 1.041e-02  mse_pde 1.432e-04  mse_ic 5.281e-03  mse_in 4.984e-03  mse_out 7.674e-08:   6%|▌         | 1529/25000 [01:32<23:59]
loss : 1.041e-02  mse_pde 1.432e-04  mse_ic 5.281e-03  mse_in 4.984e-03  mse_out 7.674e-08:   6%|▌         | 1531/25000 [01:32<23:58]
loss : 1.055e-02  mse_pde 2.852e-04  mse_ic 5.193e-03  mse_in 5.075e-03  mse_out 7.643e-08:   6%|▌         | 1531/25000 [01:32<23:58]
loss : 1.055e-02  mse_pde 2.852e-04  mse_ic 5.193e-03  mse_in 5.075e-03  mse_out 7.643e-08:   6%|▌         | 1531/25000 [01:32<23:58]
loss : 1.043e-02  mse_pde 1.723e-04  mse_ic 5.040e-03  mse_in 5.222e-03  mse_out 7.665e-08:   6%|▌         | 1531/25000 [01:32<23:58]
loss : 1.043e-02  mse_pde 1.723e-04  mse_ic 5.040e-03  mse_in 5.222e-03  mse_out 7.665e-08:   6%|▌         | 1531/25000 [01:32<23:58]
loss : 1.043e-02  mse_pde 1.723e-04  mse_ic 5.040e-03  mse_in 5.222e-03  mse_out 7.665e-08:   6%|▌         | 1533/25000 [01:32<23:55]
loss : 1.030e-02  mse_pde 3.241e-05  mse_ic 5.173e-03  mse_in 5.089e-03  mse_out 7.883e-08:   6%|▌         | 1533/25000 [01:32<23:55]
loss : 1.030e-02  mse_pde 3.241e-05  mse_ic 5.173e-03  mse_in 5.089e-03  mse_out 7.883e-08:   6%|▌         | 1533/25000 [01:32<23:55]
loss : 1.045e-02  mse_pde 1.828e-04  mse_ic 5.269e-03  mse_in 4.998e-03  mse_out 7.965e-08:   6%|▌         | 1533/25000 [01:32<23:55]
loss : 1.045e-02  mse_pde 1.828e-04  mse_ic 5.269e-03  mse_in 4.998e-03  mse_out 7.965e-08:   6%|▌         | 1533/25000 [01:32<23:55]
loss : 1.045e-02  mse_pde 1.828e-04  mse_ic 5.269e-03  mse_in 4.998e-03  mse_out 7.965e-08:   6%|▌         | 1535/25000 [01:32<24:00]
loss : 1.048e-02  mse_pde 2.218e-04  mse_ic 5.071e-03  mse_in 5.185e-03  mse_out 7.769e-08:   6%|▌         | 1535/25000 [01:32<24:00]
loss : 1.048e-02  mse_pde 2.218e-04  mse_ic 5.071e-03  mse_in 5.185e-03  mse_out 7.769e-08:   6%|▌         | 1535/25000 [01:32<24:00]
loss : 1.036e-02  mse_pde 9.595e-05  mse_ic 5.053e-03  mse_in 5.208e-03  mse_out 7.782e-08:   6%|▌         | 1535/25000 [01:32<24:00]
loss : 1.036e-02  mse_pde 9.595e-05  mse_ic 5.053e-03  mse_in 5.208e-03  mse_out 7.782e-08:   6%|▌         | 1535/25000 [01:32<24:00]
loss : 1.030e-02  mse_pde 4.397e-05  mse_ic 5.031e-03  mse_in 5.230e-03  mse_out 7.923e-08:   6%|▌         | 1535/25000 [01:32<24:00]
loss : 1.030e-02  mse_pde 4.397e-05  mse_ic 5.031e-03  mse_in 5.230e-03  mse_out 7.923e-08:   6%|▌         | 1535/25000 [01:32<24:00]
loss : 1.030e-02  mse_pde 4.397e-05  mse_ic 5.031e-03  mse_in 5.230e-03  mse_out 7.923e-08:   6%|▌         | 1538/25000 [01:32<21:32]
loss : 1.042e-02  mse_pde 1.634e-04  mse_ic 5.043e-03  mse_in 5.213e-03  mse_out 8.110e-08:   6%|▌         | 1538/25000 [01:32<21:32]
loss : 1.042e-02  mse_pde 1.634e-04  mse_ic 5.043e-03  mse_in 5.213e-03  mse_out 8.110e-08:   6%|▌         | 1538/25000 [01:32<21:32]
loss : 1.051e-02  mse_pde 2.436e-04  mse_ic 5.192e-03  mse_in 5.071e-03  mse_out 8.237e-08:   6%|▌         | 1538/25000 [01:32<21:32]
loss : 1.051e-02  mse_pde 2.436e-04  mse_ic 5.192e-03  mse_in 5.071e-03  mse_out 8.237e-08:   6%|▌         | 1538/25000 [01:32<21:32]
loss : 1.051e-02  mse_pde 2.436e-04  mse_ic 5.192e-03  mse_in 5.071e-03  mse_out 8.237e-08:   6%|▌         | 1540/25000 [01:32<21:19]
loss : 1.036e-02  mse_pde 1.041e-04  mse_ic 5.083e-03  mse_in 5.174e-03  mse_out 7.938e-08:   6%|▌         | 1540/25000 [01:32<21:19]
loss : 1.036e-02  mse_pde 1.041e-04  mse_ic 5.083e-03  mse_in 5.174e-03  mse_out 7.938e-08:   6%|▌         | 1540/25000 [01:32<21:19]
loss : 1.031e-02  mse_pde 4.604e-05  mse_ic 5.093e-03  mse_in 5.166e-03  mse_out 7.690e-08:   6%|▌         | 1540/25000 [01:32<21:19]
loss : 1.031e-02  mse_pde 4.604e-05  mse_ic 5.093e-03  mse_in 5.166e-03  mse_out 7.690e-08:   6%|▌         | 1540/25000 [01:32<21:19]
loss : 1.031e-02  mse_pde 4.604e-05  mse_ic 5.093e-03  mse_in 5.166e-03  mse_out 7.690e-08:   6%|▌         | 1542/25000 [01:32<21:59]
loss : 1.040e-02  mse_pde 1.371e-04  mse_ic 5.187e-03  mse_in 5.077e-03  mse_out 7.685e-08:   6%|▌         | 1542/25000 [01:32<21:59]
loss : 1.040e-02  mse_pde 1.371e-04  mse_ic 5.187e-03  mse_in 5.077e-03  mse_out 7.685e-08:   6%|▌         | 1542/25000 [01:32<21:59]
loss : 1.048e-02  mse_pde 2.248e-04  mse_ic 5.162e-03  mse_in 5.095e-03  mse_out 7.825e-08:   6%|▌         | 1542/25000 [01:32<21:59]
loss : 1.048e-02  mse_pde 2.248e-04  mse_ic 5.162e-03  mse_in 5.095e-03  mse_out 7.825e-08:   6%|▌         | 1542/25000 [01:32<21:59]
loss : 1.048e-02  mse_pde 2.248e-04  mse_ic 5.162e-03  mse_in 5.095e-03  mse_out 7.825e-08:   6%|▌         | 1544/25000 [01:32<22:14]
loss : 1.039e-02  mse_pde 1.237e-04  mse_ic 5.243e-03  mse_in 5.022e-03  mse_out 8.113e-08:   6%|▌         | 1544/25000 [01:32<22:14]
loss : 1.039e-02  mse_pde 1.237e-04  mse_ic 5.243e-03  mse_in 5.022e-03  mse_out 8.113e-08:   6%|▌         | 1544/25000 [01:32<22:14]
loss : 1.029e-02  mse_pde 3.245e-05  mse_ic 5.098e-03  mse_in 5.162e-03  mse_out 8.024e-08:   6%|▌         | 1544/25000 [01:32<22:14]
loss : 1.029e-02  mse_pde 3.245e-05  mse_ic 5.098e-03  mse_in 5.162e-03  mse_out 8.024e-08:   6%|▌         | 1544/25000 [01:32<22:14]
loss : 1.029e-02  mse_pde 3.245e-05  mse_ic 5.098e-03  mse_in 5.162e-03  mse_out 8.024e-08:   6%|▌         | 1546/25000 [01:32<22:52]
loss : 1.038e-02  mse_pde 1.275e-04  mse_ic 5.012e-03  mse_in 5.245e-03  mse_out 7.774e-08:   6%|▌         | 1546/25000 [01:32<22:52]
loss : 1.038e-02  mse_pde 1.275e-04  mse_ic 5.012e-03  mse_in 5.245e-03  mse_out 7.774e-08:   6%|▌         | 1546/25000 [01:32<22:52]
loss : 1.053e-02  mse_pde 2.691e-04  mse_ic 5.180e-03  mse_in 5.081e-03  mse_out 7.770e-08:   6%|▌         | 1546/25000 [01:33<22:52]
loss : 1.053e-02  mse_pde 2.691e-04  mse_ic 5.180e-03  mse_in 5.081e-03  mse_out 7.770e-08:   6%|▌         | 1546/25000 [01:33<22:52]
loss : 1.053e-02  mse_pde 2.691e-04  mse_ic 5.180e-03  mse_in 5.081e-03  mse_out 7.770e-08:   6%|▌         | 1548/25000 [01:33<23:02]
loss : 1.051e-02  mse_pde 2.534e-04  mse_ic 5.151e-03  mse_in 5.102e-03  mse_out 7.824e-08:   6%|▌         | 1548/25000 [01:33<23:02]
loss : 1.051e-02  mse_pde 2.534e-04  mse_ic 5.151e-03  mse_in 5.102e-03  mse_out 7.824e-08:   6%|▌         | 1548/25000 [01:33<23:02]
loss : 1.032e-02  mse_pde 6.297e-05  mse_ic 5.194e-03  mse_in 5.065e-03  mse_out 7.940e-08:   6%|▌         | 1548/25000 [01:33<23:02]
loss : 1.032e-02  mse_pde 6.297e-05  mse_ic 5.194e-03  mse_in 5.065e-03  mse_out 7.940e-08:   6%|▌         | 1548/25000 [01:33<23:02]
loss : 1.032e-02  mse_pde 6.297e-05  mse_ic 5.194e-03  mse_in 5.065e-03  mse_out 7.940e-08:   6%|▌         | 1550/25000 [01:33<23:19]
loss : 1.033e-02  mse_pde 7.508e-05  mse_ic 5.090e-03  mse_in 5.169e-03  mse_out 7.644e-08:   6%|▌         | 1550/25000 [01:33<23:19]
loss : 1.033e-02  mse_pde 7.508e-05  mse_ic 5.090e-03  mse_in 5.169e-03  mse_out 7.644e-08:   6%|▌         | 1550/25000 [01:33<23:19]
loss : 1.048e-02  mse_pde 2.307e-04  mse_ic 5.046e-03  mse_in 5.207e-03  mse_out 7.256e-08:   6%|▌         | 1550/25000 [01:33<23:19]
loss : 1.048e-02  mse_pde 2.307e-04  mse_ic 5.046e-03  mse_in 5.207e-03  mse_out 7.256e-08:   6%|▌         | 1550/25000 [01:33<23:19]
loss : 1.048e-02  mse_pde 2.307e-04  mse_ic 5.046e-03  mse_in 5.207e-03  mse_out 7.256e-08:   6%|▌         | 1552/25000 [01:33<23:17]
loss : 1.060e-02  mse_pde 3.321e-04  mse_ic 5.312e-03  mse_in 4.953e-03  mse_out 7.341e-08:   6%|▌         | 1552/25000 [01:33<23:17]
loss : 1.060e-02  mse_pde 3.321e-04  mse_ic 5.312e-03  mse_in 4.953e-03  mse_out 7.341e-08:   6%|▌         | 1552/25000 [01:33<23:17]
loss : 1.037e-02  mse_pde 1.162e-04  mse_ic 5.218e-03  mse_in 5.039e-03  mse_out 7.603e-08:   6%|▌         | 1552/25000 [01:33<23:17]
loss : 1.037e-02  mse_pde 1.162e-04  mse_ic 5.218e-03  mse_in 5.039e-03  mse_out 7.603e-08:   6%|▌         | 1552/25000 [01:33<23:17]
loss : 1.037e-02  mse_pde 1.162e-04  mse_ic 5.218e-03  mse_in 5.039e-03  mse_out 7.603e-08:   6%|▌         | 1554/25000 [01:33<23:21]
loss : 1.033e-02  mse_pde 6.807e-05  mse_ic 5.108e-03  mse_in 5.149e-03  mse_out 7.922e-08:   6%|▌         | 1554/25000 [01:33<23:21]
loss : 1.033e-02  mse_pde 6.807e-05  mse_ic 5.108e-03  mse_in 5.149e-03  mse_out 7.922e-08:   6%|▌         | 1554/25000 [01:33<23:21]
loss : 1.054e-02  mse_pde 2.786e-04  mse_ic 5.157e-03  mse_in 5.105e-03  mse_out 7.929e-08:   6%|▌         | 1554/25000 [01:33<23:21]
loss : 1.054e-02  mse_pde 2.786e-04  mse_ic 5.157e-03  mse_in 5.105e-03  mse_out 7.929e-08:   6%|▌         | 1554/25000 [01:33<23:21]
loss : 1.057e-02  mse_pde 3.205e-04  mse_ic 5.204e-03  mse_in 5.051e-03  mse_out 7.583e-08:   6%|▌         | 1554/25000 [01:33<23:21]
loss : 1.057e-02  mse_pde 3.205e-04  mse_ic 5.204e-03  mse_in 5.051e-03  mse_out 7.583e-08:   6%|▌         | 1554/25000 [01:33<23:21]
loss : 1.057e-02  mse_pde 3.205e-04  mse_ic 5.204e-03  mse_in 5.051e-03  mse_out 7.583e-08:   6%|▌         | 1557/25000 [01:33<21:11]
loss : 1.037e-02  mse_pde 1.047e-04  mse_ic 5.419e-03  mse_in 4.850e-03  mse_out 7.496e-08:   6%|▌         | 1557/25000 [01:33<21:11]
loss : 1.037e-02  mse_pde 1.047e-04  mse_ic 5.419e-03  mse_in 4.850e-03  mse_out 7.496e-08:   6%|▌         | 1557/25000 [01:33<21:11]
loss : 1.036e-02  mse_pde 9.504e-05  mse_ic 5.218e-03  mse_in 5.043e-03  mse_out 7.560e-08:   6%|▌         | 1557/25000 [01:33<21:11]
loss : 1.036e-02  mse_pde 9.504e-05  mse_ic 5.218e-03  mse_in 5.043e-03  mse_out 7.560e-08:   6%|▌         | 1557/25000 [01:33<21:11]
loss : 1.063e-02  mse_pde 3.803e-04  mse_ic 4.955e-03  mse_in 5.299e-03  mse_out 7.798e-08:   6%|▌         | 1557/25000 [01:33<21:11]
loss : 1.063e-02  mse_pde 3.803e-04  mse_ic 4.955e-03  mse_in 5.299e-03  mse_out 7.798e-08:   6%|▌         | 1557/25000 [01:33<21:11]
loss : 1.063e-02  mse_pde 3.803e-04  mse_ic 4.955e-03  mse_in 5.299e-03  mse_out 7.798e-08:   6%|▌         | 1560/25000 [01:33<19:56]
loss : 1.058e-02  mse_pde 3.140e-04  mse_ic 5.234e-03  mse_in 5.028e-03  mse_out 8.277e-08:   6%|▌         | 1560/25000 [01:33<19:56]
loss : 1.058e-02  mse_pde 3.140e-04  mse_ic 5.234e-03  mse_in 5.028e-03  mse_out 8.277e-08:   6%|▌         | 1560/25000 [01:33<19:56]
loss : 1.036e-02  mse_pde 9.604e-05  mse_ic 5.359e-03  mse_in 4.904e-03  mse_out 8.316e-08:   6%|▌         | 1560/25000 [01:33<19:56]
loss : 1.036e-02  mse_pde 9.604e-05  mse_ic 5.359e-03  mse_in 4.904e-03  mse_out 8.316e-08:   6%|▌         | 1560/25000 [01:33<19:56]
loss : 1.047e-02  mse_pde 2.145e-04  mse_ic 5.198e-03  mse_in 5.057e-03  mse_out 8.095e-08:   6%|▌         | 1560/25000 [01:33<19:56]
loss : 1.047e-02  mse_pde 2.145e-04  mse_ic 5.198e-03  mse_in 5.057e-03  mse_out 8.095e-08:   6%|▌         | 1560/25000 [01:33<19:56]
loss : 1.047e-02  mse_pde 2.145e-04  mse_ic 5.198e-03  mse_in 5.057e-03  mse_out 8.095e-08:   6%|▋         | 1563/25000 [01:33<19:23]
loss : 1.066e-02  mse_pde 3.986e-04  mse_ic 5.150e-03  mse_in 5.111e-03  mse_out 8.039e-08:   6%|▋         | 1563/25000 [01:33<19:23]
loss : 1.066e-02  mse_pde 3.986e-04  mse_ic 5.150e-03  mse_in 5.111e-03  mse_out 8.039e-08:   6%|▋         | 1563/25000 [01:33<19:23]
loss : 1.036e-02  mse_pde 1.029e-04  mse_ic 5.147e-03  mse_in 5.109e-03  mse_out 8.007e-08:   6%|▋         | 1563/25000 [01:33<19:23]
loss : 1.036e-02  mse_pde 1.029e-04  mse_ic 5.147e-03  mse_in 5.109e-03  mse_out 8.007e-08:   6%|▋         | 1563/25000 [01:33<19:23]
loss : 1.036e-02  mse_pde 1.029e-04  mse_ic 5.147e-03  mse_in 5.109e-03  mse_out 8.007e-08:   6%|▋         | 1565/25000 [01:33<19:56]
loss : 1.040e-02  mse_pde 1.384e-04  mse_ic 5.320e-03  mse_in 4.940e-03  mse_out 8.050e-08:   6%|▋         | 1565/25000 [01:33<19:56]
loss : 1.040e-02  mse_pde 1.384e-04  mse_ic 5.320e-03  mse_in 4.940e-03  mse_out 8.050e-08:   6%|▋         | 1565/25000 [01:33<19:56]
loss : 1.057e-02  mse_pde 2.993e-04  mse_ic 5.443e-03  mse_in 4.830e-03  mse_out 8.045e-08:   6%|▋         | 1565/25000 [01:34<19:56]
loss : 1.057e-02  mse_pde 2.993e-04  mse_ic 5.443e-03  mse_in 4.830e-03  mse_out 8.045e-08:   6%|▋         | 1565/25000 [01:34<19:56]
loss : 1.057e-02  mse_pde 2.993e-04  mse_ic 5.443e-03  mse_in 4.830e-03  mse_out 8.045e-08:   6%|▋         | 1567/25000 [01:34<21:00]
loss : 1.032e-02  mse_pde 6.558e-05  mse_ic 5.157e-03  mse_in 5.100e-03  mse_out 7.825e-08:   6%|▋         | 1567/25000 [01:34<21:00]
loss : 1.032e-02  mse_pde 6.558e-05  mse_ic 5.157e-03  mse_in 5.100e-03  mse_out 7.825e-08:   6%|▋         | 1567/25000 [01:34<21:00]
loss : 1.042e-02  mse_pde 1.632e-04  mse_ic 4.970e-03  mse_in 5.286e-03  mse_out 7.810e-08:   6%|▋         | 1567/25000 [01:34<21:00]
loss : 1.042e-02  mse_pde 1.632e-04  mse_ic 4.970e-03  mse_in 5.286e-03  mse_out 7.810e-08:   6%|▋         | 1567/25000 [01:34<21:00]
loss : 1.042e-02  mse_pde 1.632e-04  mse_ic 4.970e-03  mse_in 5.286e-03  mse_out 7.810e-08:   6%|▋         | 1569/25000 [01:34<21:48]
loss : 1.060e-02  mse_pde 3.357e-04  mse_ic 5.109e-03  mse_in 5.150e-03  mse_out 8.010e-08:   6%|▋         | 1569/25000 [01:34<21:48]
loss : 1.060e-02  mse_pde 3.357e-04  mse_ic 5.109e-03  mse_in 5.150e-03  mse_out 8.010e-08:   6%|▋         | 1569/25000 [01:34<21:48]
loss : 1.044e-02  mse_pde 1.861e-04  mse_ic 5.203e-03  mse_in 5.050e-03  mse_out 7.975e-08:   6%|▋         | 1569/25000 [01:34<21:48]
loss : 1.044e-02  mse_pde 1.861e-04  mse_ic 5.203e-03  mse_in 5.050e-03  mse_out 7.975e-08:   6%|▋         | 1569/25000 [01:34<21:48]
loss : 1.044e-02  mse_pde 1.861e-04  mse_ic 5.203e-03  mse_in 5.050e-03  mse_out 7.975e-08:   6%|▋         | 1571/25000 [01:34<22:14]
loss : 1.034e-02  mse_pde 8.290e-05  mse_ic 5.250e-03  mse_in 5.006e-03  mse_out 7.819e-08:   6%|▋         | 1571/25000 [01:34<22:14]
loss : 1.034e-02  mse_pde 8.290e-05  mse_ic 5.250e-03  mse_in 5.006e-03  mse_out 7.819e-08:   6%|▋         | 1571/25000 [01:34<22:14]
loss : 1.055e-02  mse_pde 2.906e-04  mse_ic 5.170e-03  mse_in 5.089e-03  mse_out 7.639e-08:   6%|▋         | 1571/25000 [01:34<22:14]
loss : 1.055e-02  mse_pde 2.906e-04  mse_ic 5.170e-03  mse_in 5.089e-03  mse_out 7.639e-08:   6%|▋         | 1571/25000 [01:34<22:14]
loss : 1.055e-02  mse_pde 2.906e-04  mse_ic 5.170e-03  mse_in 5.089e-03  mse_out 7.639e-08:   6%|▋         | 1573/25000 [01:34<22:36]
loss : 1.046e-02  mse_pde 2.108e-04  mse_ic 4.995e-03  mse_in 5.257e-03  mse_out 7.543e-08:   6%|▋         | 1573/25000 [01:34<22:36]
loss : 1.046e-02  mse_pde 2.108e-04  mse_ic 4.995e-03  mse_in 5.257e-03  mse_out 7.543e-08:   6%|▋         | 1573/25000 [01:34<22:36]
loss : 1.029e-02  mse_pde 3.264e-05  mse_ic 5.191e-03  mse_in 5.065e-03  mse_out 7.855e-08:   6%|▋         | 1573/25000 [01:34<22:36]
loss : 1.029e-02  mse_pde 3.264e-05  mse_ic 5.191e-03  mse_in 5.065e-03  mse_out 7.855e-08:   6%|▋         | 1573/25000 [01:34<22:36]
loss : 1.029e-02  mse_pde 3.264e-05  mse_ic 5.191e-03  mse_in 5.065e-03  mse_out 7.855e-08:   6%|▋         | 1575/25000 [01:34<23:03]
loss : 1.047e-02  mse_pde 2.091e-04  mse_ic 5.315e-03  mse_in 4.947e-03  mse_out 8.193e-08:   6%|▋         | 1575/25000 [01:34<23:03]
loss : 1.047e-02  mse_pde 2.091e-04  mse_ic 5.315e-03  mse_in 4.947e-03  mse_out 8.193e-08:   6%|▋         | 1575/25000 [01:34<23:03]
loss : 1.042e-02  mse_pde 1.687e-04  mse_ic 5.083e-03  mse_in 5.169e-03  mse_out 8.131e-08:   6%|▋         | 1575/25000 [01:34<23:03]
loss : 1.042e-02  mse_pde 1.687e-04  mse_ic 5.083e-03  mse_in 5.169e-03  mse_out 8.131e-08:   6%|▋         | 1575/25000 [01:34<23:03]
loss : 1.042e-02  mse_pde 1.687e-04  mse_ic 5.083e-03  mse_in 5.169e-03  mse_out 8.131e-08:   6%|▋         | 1577/25000 [01:34<23:11]
loss : 1.032e-02  mse_pde 6.113e-05  mse_ic 4.987e-03  mse_in 5.270e-03  mse_out 7.904e-08:   6%|▋         | 1577/25000 [01:34<23:11]
loss : 1.032e-02  mse_pde 6.113e-05  mse_ic 4.987e-03  mse_in 5.270e-03  mse_out 7.904e-08:   6%|▋         | 1577/25000 [01:34<23:11]
loss : 1.037e-02  mse_pde 1.150e-04  mse_ic 5.022e-03  mse_in 5.235e-03  mse_out 7.575e-08:   6%|▋         | 1577/25000 [01:34<23:11]
loss : 1.037e-02  mse_pde 1.150e-04  mse_ic 5.022e-03  mse_in 5.235e-03  mse_out 7.575e-08:   6%|▋         | 1577/25000 [01:34<23:11]
loss : 1.037e-02  mse_pde 1.150e-04  mse_ic 5.022e-03  mse_in 5.235e-03  mse_out 7.575e-08:   6%|▋         | 1579/25000 [01:34<23:05]
loss : 1.045e-02  mse_pde 2.022e-04  mse_ic 5.108e-03  mse_in 5.143e-03  mse_out 7.327e-08:   6%|▋         | 1579/25000 [01:34<23:05]
loss : 1.045e-02  mse_pde 2.022e-04  mse_ic 5.108e-03  mse_in 5.143e-03  mse_out 7.327e-08:   6%|▋         | 1579/25000 [01:34<23:05]
loss : 1.040e-02  mse_pde 1.419e-04  mse_ic 5.304e-03  mse_in 4.956e-03  mse_out 7.433e-08:   6%|▋         | 1579/25000 [01:34<23:05]
loss : 1.040e-02  mse_pde 1.419e-04  mse_ic 5.304e-03  mse_in 4.956e-03  mse_out 7.433e-08:   6%|▋         | 1579/25000 [01:34<23:05]
loss : 1.040e-02  mse_pde 1.419e-04  mse_ic 5.304e-03  mse_in 4.956e-03  mse_out 7.433e-08:   6%|▋         | 1581/25000 [01:34<23:22]
loss : 1.029e-02  mse_pde 3.815e-05  mse_ic 5.131e-03  mse_in 5.122e-03  mse_out 7.531e-08:   6%|▋         | 1581/25000 [01:34<23:22]
loss : 1.029e-02  mse_pde 3.815e-05  mse_ic 5.131e-03  mse_in 5.122e-03  mse_out 7.531e-08:   6%|▋         | 1581/25000 [01:34<23:22]
loss : 1.046e-02  mse_pde 2.057e-04  mse_ic 4.900e-03  mse_in 5.354e-03  mse_out 7.617e-08:   6%|▋         | 1581/25000 [01:34<23:22]
loss : 1.046e-02  mse_pde 2.057e-04  mse_ic 4.900e-03  mse_in 5.354e-03  mse_out 7.617e-08:   6%|▋         | 1581/25000 [01:34<23:22]
loss : 1.046e-02  mse_pde 2.057e-04  mse_ic 4.900e-03  mse_in 5.354e-03  mse_out 7.617e-08:   6%|▋         | 1583/25000 [01:35<23:18]
loss : 1.054e-02  mse_pde 2.811e-04  mse_ic 5.055e-03  mse_in 5.201e-03  mse_out 7.905e-08:   6%|▋         | 1583/25000 [01:35<23:18]
loss : 1.054e-02  mse_pde 2.811e-04  mse_ic 5.055e-03  mse_in 5.201e-03  mse_out 7.905e-08:   6%|▋         | 1583/25000 [01:35<23:18]
loss : 1.042e-02  mse_pde 1.668e-04  mse_ic 5.170e-03  mse_in 5.081e-03  mse_out 8.128e-08:   6%|▋         | 1583/25000 [01:35<23:18]
loss : 1.042e-02  mse_pde 1.668e-04  mse_ic 5.170e-03  mse_in 5.081e-03  mse_out 8.128e-08:   6%|▋         | 1583/25000 [01:35<23:18]
loss : 1.042e-02  mse_pde 1.668e-04  mse_ic 5.170e-03  mse_in 5.081e-03  mse_out 8.128e-08:   6%|▋         | 1585/25000 [01:35<23:23]
loss : 1.032e-02  mse_pde 6.785e-05  mse_ic 5.235e-03  mse_in 5.020e-03  mse_out 8.277e-08:   6%|▋         | 1585/25000 [01:35<23:23]
loss : 1.032e-02  mse_pde 6.785e-05  mse_ic 5.235e-03  mse_in 5.020e-03  mse_out 8.277e-08:   6%|▋         | 1585/25000 [01:35<23:23]
loss : 1.045e-02  mse_pde 1.891e-04  mse_ic 5.101e-03  mse_in 5.157e-03  mse_out 8.042e-08:   6%|▋         | 1585/25000 [01:35<23:23]
loss : 1.045e-02  mse_pde 1.891e-04  mse_ic 5.101e-03  mse_in 5.157e-03  mse_out 8.042e-08:   6%|▋         | 1585/25000 [01:35<23:23]
loss : 1.045e-02  mse_pde 1.891e-04  mse_ic 5.101e-03  mse_in 5.157e-03  mse_out 8.042e-08:   6%|▋         | 1587/25000 [01:35<23:22]
loss : 1.055e-02  mse_pde 2.928e-04  mse_ic 4.926e-03  mse_in 5.327e-03  mse_out 7.480e-08:   6%|▋         | 1587/25000 [01:35<23:22]
loss : 1.055e-02  mse_pde 2.928e-04  mse_ic 4.926e-03  mse_in 5.327e-03  mse_out 7.480e-08:   6%|▋         | 1587/25000 [01:35<23:22]
loss : 1.037e-02  mse_pde 1.120e-04  mse_ic 5.204e-03  mse_in 5.054e-03  mse_out 7.240e-08:   6%|▋         | 1587/25000 [01:35<23:22]
loss : 1.037e-02  mse_pde 1.120e-04  mse_ic 5.204e-03  mse_in 5.054e-03  mse_out 7.240e-08:   6%|▋         | 1587/25000 [01:35<23:22]
loss : 1.037e-02  mse_pde 1.120e-04  mse_ic 5.204e-03  mse_in 5.054e-03  mse_out 7.240e-08:   6%|▋         | 1589/25000 [01:35<23:37]
loss : 1.033e-02  mse_pde 7.160e-05  mse_ic 5.366e-03  mse_in 4.897e-03  mse_out 7.295e-08:   6%|▋         | 1589/25000 [01:35<23:37]
loss : 1.033e-02  mse_pde 7.160e-05  mse_ic 5.366e-03  mse_in 4.897e-03  mse_out 7.295e-08:   6%|▋         | 1589/25000 [01:35<23:37]
loss : 1.045e-02  mse_pde 1.936e-04  mse_ic 5.218e-03  mse_in 5.034e-03  mse_out 7.584e-08:   6%|▋         | 1589/25000 [01:35<23:37]
loss : 1.045e-02  mse_pde 1.936e-04  mse_ic 5.218e-03  mse_in 5.034e-03  mse_out 7.584e-08:   6%|▋         | 1589/25000 [01:35<23:37]
loss : 1.045e-02  mse_pde 1.936e-04  mse_ic 5.218e-03  mse_in 5.034e-03  mse_out 7.584e-08:   6%|▋         | 1591/25000 [01:35<23:44]
loss : 1.047e-02  mse_pde 2.078e-04  mse_ic 5.146e-03  mse_in 5.112e-03  mse_out 8.003e-08:   6%|▋         | 1591/25000 [01:35<23:44]
loss : 1.047e-02  mse_pde 2.078e-04  mse_ic 5.146e-03  mse_in 5.112e-03  mse_out 8.003e-08:   6%|▋         | 1591/25000 [01:35<23:44]
loss : 1.032e-02  mse_pde 7.122e-05  mse_ic 5.039e-03  mse_in 5.214e-03  mse_out 8.004e-08:   6%|▋         | 1591/25000 [01:35<23:44]
loss : 1.032e-02  mse_pde 7.122e-05  mse_ic 5.039e-03  mse_in 5.214e-03  mse_out 8.004e-08:   6%|▋         | 1591/25000 [01:35<23:44]
loss : 1.032e-02  mse_pde 7.122e-05  mse_ic 5.039e-03  mse_in 5.214e-03  mse_out 8.004e-08:   6%|▋         | 1593/25000 [01:35<23:54]
loss : 1.032e-02  mse_pde 6.450e-05  mse_ic 5.115e-03  mse_in 5.137e-03  mse_out 7.780e-08:   6%|▋         | 1593/25000 [01:35<23:54]
loss : 1.032e-02  mse_pde 6.450e-05  mse_ic 5.115e-03  mse_in 5.137e-03  mse_out 7.780e-08:   6%|▋         | 1593/25000 [01:35<23:54]
loss : 1.047e-02  mse_pde 2.142e-04  mse_ic 5.231e-03  mse_in 5.025e-03  mse_out 7.559e-08:   6%|▋         | 1593/25000 [01:35<23:54]
loss : 1.047e-02  mse_pde 2.142e-04  mse_ic 5.231e-03  mse_in 5.025e-03  mse_out 7.559e-08:   6%|▋         | 1593/25000 [01:35<23:54]
loss : 1.047e-02  mse_pde 2.142e-04  mse_ic 5.231e-03  mse_in 5.025e-03  mse_out 7.559e-08:   6%|▋         | 1595/25000 [01:35<23:51]
loss : 1.042e-02  mse_pde 1.727e-04  mse_ic 5.062e-03  mse_in 5.186e-03  mse_out 7.401e-08:   6%|▋         | 1595/25000 [01:35<23:51]
loss : 1.042e-02  mse_pde 1.727e-04  mse_ic 5.062e-03  mse_in 5.186e-03  mse_out 7.401e-08:   6%|▋         | 1595/25000 [01:35<23:51]
loss : 1.032e-02  mse_pde 6.588e-05  mse_ic 5.052e-03  mse_in 5.200e-03  mse_out 7.587e-08:   6%|▋         | 1595/25000 [01:35<23:51]
loss : 1.032e-02  mse_pde 6.588e-05  mse_ic 5.052e-03  mse_in 5.200e-03  mse_out 7.587e-08:   6%|▋         | 1595/25000 [01:35<23:51]
loss : 1.032e-02  mse_pde 6.588e-05  mse_ic 5.052e-03  mse_in 5.200e-03  mse_out 7.587e-08:   6%|▋         | 1597/25000 [01:35<23:57]
loss : 1.031e-02  mse_pde 5.505e-05  mse_ic 5.056e-03  mse_in 5.195e-03  mse_out 7.757e-08:   6%|▋         | 1597/25000 [01:35<23:57]
loss : 1.031e-02  mse_pde 5.505e-05  mse_ic 5.056e-03  mse_in 5.195e-03  mse_out 7.757e-08:   6%|▋         | 1597/25000 [01:35<23:57]
loss : 1.041e-02  mse_pde 1.599e-04  mse_ic 5.064e-03  mse_in 5.183e-03  mse_out 7.690e-08:   6%|▋         | 1597/25000 [01:35<23:57]
loss : 1.041e-02  mse_pde 1.599e-04  mse_ic 5.064e-03  mse_in 5.183e-03  mse_out 7.690e-08:   6%|▋         | 1597/25000 [01:35<23:57]
loss : 1.041e-02  mse_pde 1.599e-04  mse_ic 5.064e-03  mse_in 5.183e-03  mse_out 7.690e-08:   6%|▋         | 1599/25000 [01:35<23:57]
loss : 1.048e-02  mse_pde 2.316e-04  mse_ic 5.196e-03  mse_in 5.057e-03  mse_out 7.565e-08:   6%|▋         | 1599/25000 [01:36<23:57]
loss : 1.048e-02  mse_pde 2.316e-04  mse_ic 5.196e-03  mse_in 5.057e-03  mse_out 7.565e-08:   6%|▋         | 1599/25000 [01:36<23:57]
loss : 1.037e-02  mse_pde 1.205e-04  mse_ic 5.024e-03  mse_in 5.224e-03  mse_out 7.404e-08:   6%|▋         | 1599/25000 [01:36<23:57]
loss : 1.037e-02  mse_pde 1.205e-04  mse_ic 5.024e-03  mse_in 5.224e-03  mse_out 7.404e-08:   6%|▋         | 1599/25000 [01:36<23:57]
loss : 1.037e-02  mse_pde 1.205e-04  mse_ic 5.024e-03  mse_in 5.224e-03  mse_out 7.404e-08:   6%|▋         | 1601/25000 [01:36<24:52]
loss : 1.029e-02  mse_pde 4.296e-05  mse_ic 5.013e-03  mse_in 5.239e-03  mse_out 7.673e-08:   6%|▋         | 1601/25000 [01:36<24:52]
loss : 1.029e-02  mse_pde 4.296e-05  mse_ic 5.013e-03  mse_in 5.239e-03  mse_out 7.673e-08:   6%|▋         | 1601/25000 [01:36<24:52]
loss : 1.032e-02  mse_pde 6.825e-05  mse_ic 5.094e-03  mse_in 5.158e-03  mse_out 8.129e-08:   6%|▋         | 1601/25000 [01:36<24:52]
loss : 1.032e-02  mse_pde 6.825e-05  mse_ic 5.094e-03  mse_in 5.158e-03  mse_out 8.129e-08:   6%|▋         | 1601/25000 [01:36<24:52]
loss : 1.032e-02  mse_pde 6.825e-05  mse_ic 5.094e-03  mse_in 5.158e-03  mse_out 8.129e-08:   6%|▋         | 1603/25000 [01:36<23:18]
loss : 1.043e-02  mse_pde 1.789e-04  mse_ic 5.150e-03  mse_in 5.097e-03  mse_out 8.129e-08:   6%|▋         | 1603/25000 [01:36<23:18]
loss : 1.043e-02  mse_pde 1.789e-04  mse_ic 5.150e-03  mse_in 5.097e-03  mse_out 8.129e-08:   6%|▋         | 1603/25000 [01:36<23:18]
loss : 1.044e-02  mse_pde 1.807e-04  mse_ic 5.265e-03  mse_in 4.991e-03  mse_out 7.703e-08:   6%|▋         | 1603/25000 [01:36<23:18]
loss : 1.044e-02  mse_pde 1.807e-04  mse_ic 5.265e-03  mse_in 4.991e-03  mse_out 7.703e-08:   6%|▋         | 1603/25000 [01:36<23:18]
loss : 1.044e-02  mse_pde 1.807e-04  mse_ic 5.265e-03  mse_in 4.991e-03  mse_out 7.703e-08:   6%|▋         | 1605/25000 [01:36<23:14]
loss : 1.033e-02  mse_pde 7.762e-05  mse_ic 5.112e-03  mse_in 5.137e-03  mse_out 7.209e-08:   6%|▋         | 1605/25000 [01:36<23:14]
loss : 1.033e-02  mse_pde 7.762e-05  mse_ic 5.112e-03  mse_in 5.137e-03  mse_out 7.209e-08:   6%|▋         | 1605/25000 [01:36<23:14]
loss : 1.029e-02  mse_pde 3.748e-05  mse_ic 5.051e-03  mse_in 5.198e-03  mse_out 7.300e-08:   6%|▋         | 1605/25000 [01:36<23:14]
loss : 1.029e-02  mse_pde 3.748e-05  mse_ic 5.051e-03  mse_in 5.198e-03  mse_out 7.300e-08:   6%|▋         | 1605/25000 [01:36<23:14]
loss : 1.029e-02  mse_pde 3.748e-05  mse_ic 5.051e-03  mse_in 5.198e-03  mse_out 7.300e-08:   6%|▋         | 1607/25000 [01:36<23:20]
loss : 1.036e-02  mse_pde 1.104e-04  mse_ic 5.106e-03  mse_in 5.145e-03  mse_out 7.715e-08:   6%|▋         | 1607/25000 [01:36<23:20]
loss : 1.036e-02  mse_pde 1.104e-04  mse_ic 5.106e-03  mse_in 5.145e-03  mse_out 7.715e-08:   6%|▋         | 1607/25000 [01:36<23:20]
loss : 1.048e-02  mse_pde 2.396e-04  mse_ic 5.096e-03  mse_in 5.148e-03  mse_out 7.804e-08:   6%|▋         | 1607/25000 [01:36<23:20]
loss : 1.048e-02  mse_pde 2.396e-04  mse_ic 5.096e-03  mse_in 5.148e-03  mse_out 7.804e-08:   6%|▋         | 1607/25000 [01:36<23:20]
loss : 1.048e-02  mse_pde 2.396e-04  mse_ic 5.096e-03  mse_in 5.148e-03  mse_out 7.804e-08:   6%|▋         | 1609/25000 [01:36<23:34]
loss : 1.052e-02  mse_pde 2.690e-04  mse_ic 5.222e-03  mse_in 5.031e-03  mse_out 7.684e-08:   6%|▋         | 1609/25000 [01:36<23:34]
loss : 1.052e-02  mse_pde 2.690e-04  mse_ic 5.222e-03  mse_in 5.031e-03  mse_out 7.684e-08:   6%|▋         | 1609/25000 [01:36<23:34]
loss : 1.038e-02  mse_pde 1.390e-04  mse_ic 5.092e-03  mse_in 5.153e-03  mse_out 7.507e-08:   6%|▋         | 1609/25000 [01:36<23:34]
loss : 1.038e-02  mse_pde 1.390e-04  mse_ic 5.092e-03  mse_in 5.153e-03  mse_out 7.507e-08:   6%|▋         | 1609/25000 [01:36<23:34]
loss : 1.038e-02  mse_pde 1.390e-04  mse_ic 5.092e-03  mse_in 5.153e-03  mse_out 7.507e-08:   6%|▋         | 1611/25000 [01:36<23:47]
loss : 1.028e-02  mse_pde 2.930e-05  mse_ic 5.111e-03  mse_in 5.137e-03  mse_out 7.657e-08:   6%|▋         | 1611/25000 [01:36<23:47]
loss : 1.028e-02  mse_pde 2.930e-05  mse_ic 5.111e-03  mse_in 5.137e-03  mse_out 7.657e-08:   6%|▋         | 1611/25000 [01:36<23:47]
loss : 1.035e-02  mse_pde 1.036e-04  mse_ic 5.156e-03  mse_in 5.094e-03  mse_out 7.654e-08:   6%|▋         | 1611/25000 [01:36<23:47]
loss : 1.035e-02  mse_pde 1.036e-04  mse_ic 5.156e-03  mse_in 5.094e-03  mse_out 7.654e-08:   6%|▋         | 1611/25000 [01:36<23:47]
loss : 1.035e-02  mse_pde 1.036e-04  mse_ic 5.156e-03  mse_in 5.094e-03  mse_out 7.654e-08:   6%|▋         | 1613/25000 [01:36<23:44]
loss : 1.048e-02  mse_pde 2.393e-04  mse_ic 5.116e-03  mse_in 5.128e-03  mse_out 7.193e-08:   6%|▋         | 1613/25000 [01:36<23:44]
loss : 1.048e-02  mse_pde 2.393e-04  mse_ic 5.116e-03  mse_in 5.128e-03  mse_out 7.193e-08:   6%|▋         | 1613/25000 [01:36<23:44]
loss : 1.051e-02  mse_pde 2.592e-04  mse_ic 5.279e-03  mse_in 4.976e-03  mse_out 6.871e-08:   6%|▋         | 1613/25000 [01:36<23:44]
loss : 1.051e-02  mse_pde 2.592e-04  mse_ic 5.279e-03  mse_in 4.976e-03  mse_out 6.871e-08:   6%|▋         | 1613/25000 [01:36<23:44]
loss : 1.034e-02  mse_pde 9.457e-05  mse_ic 5.199e-03  mse_in 5.049e-03  mse_out 6.933e-08:   6%|▋         | 1613/25000 [01:36<23:44]
loss : 1.034e-02  mse_pde 9.457e-05  mse_ic 5.199e-03  mse_in 5.049e-03  mse_out 6.933e-08:   6%|▋         | 1613/25000 [01:36<23:44]
loss : 1.034e-02  mse_pde 9.457e-05  mse_ic 5.199e-03  mse_in 5.049e-03  mse_out 6.933e-08:   6%|▋         | 1616/25000 [01:36<22:41]
loss : 1.029e-02  mse_pde 4.102e-05  mse_ic 5.158e-03  mse_in 5.090e-03  mse_out 7.470e-08:   6%|▋         | 1616/25000 [01:37<22:41]
loss : 1.029e-02  mse_pde 4.102e-05  mse_ic 5.158e-03  mse_in 5.090e-03  mse_out 7.470e-08:   6%|▋         | 1616/25000 [01:37<22:41]
loss : 1.046e-02  mse_pde 2.114e-04  mse_ic 5.159e-03  mse_in 5.091e-03  mse_out 7.916e-08:   6%|▋         | 1616/25000 [01:37<22:41]
loss : 1.046e-02  mse_pde 2.114e-04  mse_ic 5.159e-03  mse_in 5.091e-03  mse_out 7.916e-08:   6%|▋         | 1616/25000 [01:37<22:41]
loss : 1.046e-02  mse_pde 2.114e-04  mse_ic 5.159e-03  mse_in 5.091e-03  mse_out 7.916e-08:   6%|▋         | 1618/25000 [01:37<22:51]
loss : 1.055e-02  mse_pde 3.095e-04  mse_ic 5.095e-03  mse_in 5.147e-03  mse_out 7.737e-08:   6%|▋         | 1618/25000 [01:37<22:51]
loss : 1.055e-02  mse_pde 3.095e-04  mse_ic 5.095e-03  mse_in 5.147e-03  mse_out 7.737e-08:   6%|▋         | 1618/25000 [01:37<22:51]
loss : 1.045e-02  mse_pde 1.914e-04  mse_ic 5.346e-03  mse_in 4.910e-03  mse_out 7.491e-08:   6%|▋         | 1618/25000 [01:37<22:51]
loss : 1.045e-02  mse_pde 1.914e-04  mse_ic 5.346e-03  mse_in 4.910e-03  mse_out 7.491e-08:   6%|▋         | 1618/25000 [01:37<22:51]
loss : 1.045e-02  mse_pde 1.914e-04  mse_ic 5.346e-03  mse_in 4.910e-03  mse_out 7.491e-08:   6%|▋         | 1620/25000 [01:37<23:18]
loss : 1.029e-02  mse_pde 3.637e-05  mse_ic 5.240e-03  mse_in 5.010e-03  mse_out 7.342e-08:   6%|▋         | 1620/25000 [01:37<23:18]
loss : 1.029e-02  mse_pde 3.637e-05  mse_ic 5.240e-03  mse_in 5.010e-03  mse_out 7.342e-08:   6%|▋         | 1620/25000 [01:37<23:18]
loss : 1.044e-02  mse_pde 1.948e-04  mse_ic 5.028e-03  mse_in 5.216e-03  mse_out 7.485e-08:   6%|▋         | 1620/25000 [01:37<23:18]
loss : 1.044e-02  mse_pde 1.948e-04  mse_ic 5.028e-03  mse_in 5.216e-03  mse_out 7.485e-08:   6%|▋         | 1620/25000 [01:37<23:18]
loss : 1.044e-02  mse_pde 1.948e-04  mse_ic 5.028e-03  mse_in 5.216e-03  mse_out 7.485e-08:   6%|▋         | 1622/25000 [01:37<23:26]
loss : 1.066e-02  mse_pde 4.112e-04  mse_ic 5.129e-03  mse_in 5.121e-03  mse_out 7.730e-08:   6%|▋         | 1622/25000 [01:37<23:26]
loss : 1.066e-02  mse_pde 4.112e-04  mse_ic 5.129e-03  mse_in 5.121e-03  mse_out 7.730e-08:   6%|▋         | 1622/25000 [01:37<23:26]
loss : 1.047e-02  mse_pde 2.215e-04  mse_ic 5.210e-03  mse_in 5.035e-03  mse_out 7.536e-08:   6%|▋         | 1622/25000 [01:37<23:26]
loss : 1.047e-02  mse_pde 2.215e-04  mse_ic 5.210e-03  mse_in 5.035e-03  mse_out 7.536e-08:   6%|▋         | 1622/25000 [01:37<23:26]
loss : 1.047e-02  mse_pde 2.215e-04  mse_ic 5.210e-03  mse_in 5.035e-03  mse_out 7.536e-08:   6%|▋         | 1624/25000 [01:37<23:35]
loss : 1.031e-02  mse_pde 5.099e-05  mse_ic 5.364e-03  mse_in 4.891e-03  mse_out 7.297e-08:   6%|▋         | 1624/25000 [01:37<23:35]
loss : 1.031e-02  mse_pde 5.099e-05  mse_ic 5.364e-03  mse_in 4.891e-03  mse_out 7.297e-08:   6%|▋         | 1624/25000 [01:37<23:35]
loss : 1.052e-02  mse_pde 2.622e-04  mse_ic 5.308e-03  mse_in 4.949e-03  mse_out 7.390e-08:   6%|▋         | 1624/25000 [01:37<23:35]
loss : 1.052e-02  mse_pde 2.622e-04  mse_ic 5.308e-03  mse_in 4.949e-03  mse_out 7.390e-08:   6%|▋         | 1624/25000 [01:37<23:35]
loss : 1.052e-02  mse_pde 2.622e-04  mse_ic 5.308e-03  mse_in 4.949e-03  mse_out 7.390e-08:   7%|▋         | 1626/25000 [01:37<23:38]
loss : 1.048e-02  mse_pde 2.394e-04  mse_ic 5.131e-03  mse_in 5.114e-03  mse_out 7.820e-08:   7%|▋         | 1626/25000 [01:37<23:38]
loss : 1.048e-02  mse_pde 2.394e-04  mse_ic 5.131e-03  mse_in 5.114e-03  mse_out 7.820e-08:   7%|▋         | 1626/25000 [01:37<23:38]
loss : 1.032e-02  mse_pde 6.997e-05  mse_ic 5.298e-03  mse_in 4.955e-03  mse_out 8.324e-08:   7%|▋         | 1626/25000 [01:37<23:38]
loss : 1.032e-02  mse_pde 6.997e-05  mse_ic 5.298e-03  mse_in 4.955e-03  mse_out 8.324e-08:   7%|▋         | 1626/25000 [01:37<23:38]
loss : 1.032e-02  mse_pde 6.997e-05  mse_ic 5.298e-03  mse_in 4.955e-03  mse_out 8.324e-08:   7%|▋         | 1628/25000 [01:37<23:50]
loss : 1.038e-02  mse_pde 1.304e-04  mse_ic 5.231e-03  mse_in 5.021e-03  mse_out 8.030e-08:   7%|▋         | 1628/25000 [01:37<23:50]
loss : 1.038e-02  mse_pde 1.304e-04  mse_ic 5.231e-03  mse_in 5.021e-03  mse_out 8.030e-08:   7%|▋         | 1628/25000 [01:37<23:50]
loss : 1.052e-02  mse_pde 2.815e-04  mse_ic 4.997e-03  mse_in 5.246e-03  mse_out 7.396e-08:   7%|▋         | 1628/25000 [01:37<23:50]
loss : 1.052e-02  mse_pde 2.815e-04  mse_ic 4.997e-03  mse_in 5.246e-03  mse_out 7.396e-08:   7%|▋         | 1628/25000 [01:37<23:50]
loss : 1.052e-02  mse_pde 2.815e-04  mse_ic 4.997e-03  mse_in 5.246e-03  mse_out 7.396e-08:   7%|▋         | 1630/25000 [01:37<23:41]
loss : 1.039e-02  mse_pde 1.415e-04  mse_ic 5.176e-03  mse_in 5.073e-03  mse_out 7.371e-08:   7%|▋         | 1630/25000 [01:37<23:41]
loss : 1.039e-02  mse_pde 1.415e-04  mse_ic 5.176e-03  mse_in 5.073e-03  mse_out 7.371e-08:   7%|▋         | 1630/25000 [01:37<23:41]
loss : 1.030e-02  mse_pde 4.833e-05  mse_ic 5.234e-03  mse_in 5.013e-03  mse_out 7.570e-08:   7%|▋         | 1630/25000 [01:37<23:41]
loss : 1.030e-02  mse_pde 4.833e-05  mse_ic 5.234e-03  mse_in 5.013e-03  mse_out 7.570e-08:   7%|▋         | 1630/25000 [01:37<23:41]
loss : 1.030e-02  mse_pde 4.833e-05  mse_ic 5.234e-03  mse_in 5.013e-03  mse_out 7.570e-08:   7%|▋         | 1632/25000 [01:37<23:38]
loss : 1.046e-02  mse_pde 2.168e-04  mse_ic 5.030e-03  mse_in 5.210e-03  mse_out 7.497e-08:   7%|▋         | 1632/25000 [01:38<23:38]
loss : 1.046e-02  mse_pde 2.168e-04  mse_ic 5.030e-03  mse_in 5.210e-03  mse_out 7.497e-08:   7%|▋         | 1632/25000 [01:38<23:38]
loss : 1.052e-02  mse_pde 2.691e-04  mse_ic 5.031e-03  mse_in 5.216e-03  mse_out 7.243e-08:   7%|▋         | 1632/25000 [01:38<23:38]
loss : 1.052e-02  mse_pde 2.691e-04  mse_ic 5.031e-03  mse_in 5.216e-03  mse_out 7.243e-08:   7%|▋         | 1632/25000 [01:38<23:38]
loss : 1.052e-02  mse_pde 2.691e-04  mse_ic 5.031e-03  mse_in 5.216e-03  mse_out 7.243e-08:   7%|▋         | 1634/25000 [01:38<23:42]
loss : 1.033e-02  mse_pde 8.387e-05  mse_ic 5.071e-03  mse_in 5.171e-03  mse_out 6.988e-08:   7%|▋         | 1634/25000 [01:38<23:42]
loss : 1.033e-02  mse_pde 8.387e-05  mse_ic 5.071e-03  mse_in 5.171e-03  mse_out 6.988e-08:   7%|▋         | 1634/25000 [01:38<23:42]
loss : 1.033e-02  mse_pde 8.109e-05  mse_ic 5.235e-03  mse_in 5.010e-03  mse_out 7.176e-08:   7%|▋         | 1634/25000 [01:38<23:42]
loss : 1.033e-02  mse_pde 8.109e-05  mse_ic 5.235e-03  mse_in 5.010e-03  mse_out 7.176e-08:   7%|▋         | 1634/25000 [01:38<23:42]
loss : 1.033e-02  mse_pde 8.109e-05  mse_ic 5.235e-03  mse_in 5.010e-03  mse_out 7.176e-08:   7%|▋         | 1636/25000 [01:38<23:53]
loss : 1.044e-02  mse_pde 1.932e-04  mse_ic 5.265e-03  mse_in 4.986e-03  mse_out 7.709e-08:   7%|▋         | 1636/25000 [01:38<23:53]
loss : 1.044e-02  mse_pde 1.932e-04  mse_ic 5.265e-03  mse_in 4.986e-03  mse_out 7.709e-08:   7%|▋         | 1636/25000 [01:38<23:53]
loss : 1.038e-02  mse_pde 1.334e-04  mse_ic 4.995e-03  mse_in 5.247e-03  mse_out 8.087e-08:   7%|▋         | 1636/25000 [01:38<23:53]
loss : 1.038e-02  mse_pde 1.334e-04  mse_ic 4.995e-03  mse_in 5.247e-03  mse_out 8.087e-08:   7%|▋         | 1636/25000 [01:38<23:53]
loss : 1.038e-02  mse_pde 1.334e-04  mse_ic 4.995e-03  mse_in 5.247e-03  mse_out 8.087e-08:   7%|▋         | 1638/25000 [01:38<23:46]
loss : 1.029e-02  mse_pde 4.055e-05  mse_ic 5.015e-03  mse_in 5.230e-03  mse_out 8.186e-08:   7%|▋         | 1638/25000 [01:38<23:46]
loss : 1.029e-02  mse_pde 4.055e-05  mse_ic 5.015e-03  mse_in 5.230e-03  mse_out 8.186e-08:   7%|▋         | 1638/25000 [01:38<23:46]
loss : 1.034e-02  mse_pde 9.310e-05  mse_ic 5.144e-03  mse_in 5.102e-03  mse_out 7.809e-08:   7%|▋         | 1638/25000 [01:38<23:46]
loss : 1.034e-02  mse_pde 9.310e-05  mse_ic 5.144e-03  mse_in 5.102e-03  mse_out 7.809e-08:   7%|▋         | 1638/25000 [01:38<23:46]
loss : 1.034e-02  mse_pde 9.310e-05  mse_ic 5.144e-03  mse_in 5.102e-03  mse_out 7.809e-08:   7%|▋         | 1640/25000 [01:38<23:55]
loss : 1.042e-02  mse_pde 1.811e-04  mse_ic 5.122e-03  mse_in 5.119e-03  mse_out 7.185e-08:   7%|▋         | 1640/25000 [01:38<23:55]
loss : 1.042e-02  mse_pde 1.811e-04  mse_ic 5.122e-03  mse_in 5.119e-03  mse_out 7.185e-08:   7%|▋         | 1640/25000 [01:38<23:55]
loss : 1.035e-02  mse_pde 1.006e-04  mse_ic 5.157e-03  mse_in 5.089e-03  mse_out 6.925e-08:   7%|▋         | 1640/25000 [01:38<23:55]
loss : 1.035e-02  mse_pde 1.006e-04  mse_ic 5.157e-03  mse_in 5.089e-03  mse_out 6.925e-08:   7%|▋         | 1640/25000 [01:38<23:55]
loss : 1.035e-02  mse_pde 1.006e-04  mse_ic 5.157e-03  mse_in 5.089e-03  mse_out 6.925e-08:   7%|▋         | 1642/25000 [01:38<23:43]
loss : 1.027e-02  mse_pde 3.118e-05  mse_ic 5.042e-03  mse_in 5.201e-03  mse_out 6.989e-08:   7%|▋         | 1642/25000 [01:38<23:43]
loss : 1.027e-02  mse_pde 3.118e-05  mse_ic 5.042e-03  mse_in 5.201e-03  mse_out 6.989e-08:   7%|▋         | 1642/25000 [01:38<23:43]
loss : 1.035e-02  mse_pde 1.068e-04  mse_ic 5.001e-03  mse_in 5.239e-03  mse_out 7.256e-08:   7%|▋         | 1642/25000 [01:38<23:43]
loss : 1.035e-02  mse_pde 1.068e-04  mse_ic 5.001e-03  mse_in 5.239e-03  mse_out 7.256e-08:   7%|▋         | 1642/25000 [01:38<23:43]
loss : 1.035e-02  mse_pde 1.068e-04  mse_ic 5.001e-03  mse_in 5.239e-03  mse_out 7.256e-08:   7%|▋         | 1644/25000 [01:38<23:47]
loss : 1.045e-02  mse_pde 2.073e-04  mse_ic 5.143e-03  mse_in 5.100e-03  mse_out 7.459e-08:   7%|▋         | 1644/25000 [01:38<23:47]
loss : 1.045e-02  mse_pde 2.073e-04  mse_ic 5.143e-03  mse_in 5.100e-03  mse_out 7.459e-08:   7%|▋         | 1644/25000 [01:38<23:47]
loss : 1.042e-02  mse_pde 1.879e-04  mse_ic 5.048e-03  mse_in 5.189e-03  mse_out 7.376e-08:   7%|▋         | 1644/25000 [01:38<23:47]
loss : 1.042e-02  mse_pde 1.879e-04  mse_ic 5.048e-03  mse_in 5.189e-03  mse_out 7.376e-08:   7%|▋         | 1644/25000 [01:38<23:47]
loss : 1.042e-02  mse_pde 1.879e-04  mse_ic 5.048e-03  mse_in 5.189e-03  mse_out 7.376e-08:   7%|▋         | 1646/25000 [01:38<23:54]
loss : 1.032e-02  mse_pde 7.881e-05  mse_ic 5.127e-03  mse_in 5.115e-03  mse_out 7.566e-08:   7%|▋         | 1646/25000 [01:38<23:54]
loss : 1.032e-02  mse_pde 7.881e-05  mse_ic 5.127e-03  mse_in 5.115e-03  mse_out 7.566e-08:   7%|▋         | 1646/25000 [01:38<23:54]
loss : 1.027e-02  mse_pde 3.030e-05  mse_ic 5.070e-03  mse_in 5.171e-03  mse_out 7.893e-08:   7%|▋         | 1646/25000 [01:38<23:54]
loss : 1.027e-02  mse_pde 3.030e-05  mse_ic 5.070e-03  mse_in 5.171e-03  mse_out 7.893e-08:   7%|▋         | 1646/25000 [01:38<23:54]
loss : 1.027e-02  mse_pde 3.030e-05  mse_ic 5.070e-03  mse_in 5.171e-03  mse_out 7.893e-08:   7%|▋         | 1648/25000 [01:38<23:26]
loss : 1.038e-02  mse_pde 1.447e-04  mse_ic 4.982e-03  mse_in 5.258e-03  mse_out 8.022e-08:   7%|▋         | 1648/25000 [01:38<23:26]
loss : 1.038e-02  mse_pde 1.447e-04  mse_ic 4.982e-03  mse_in 5.258e-03  mse_out 8.022e-08:   7%|▋         | 1648/25000 [01:38<23:26]
loss : 1.050e-02  mse_pde 2.548e-04  mse_ic 5.115e-03  mse_in 5.129e-03  mse_out 7.780e-08:   7%|▋         | 1648/25000 [01:39<23:26]
loss : 1.050e-02  mse_pde 2.548e-04  mse_ic 5.115e-03  mse_in 5.129e-03  mse_out 7.780e-08:   7%|▋         | 1648/25000 [01:39<23:26]
loss : 1.050e-02  mse_pde 2.548e-04  mse_ic 5.115e-03  mse_in 5.129e-03  mse_out 7.780e-08:   7%|▋         | 1650/25000 [01:39<23:19]
loss : 1.045e-02  mse_pde 2.079e-04  mse_ic 5.142e-03  mse_in 5.096e-03  mse_out 7.278e-08:   7%|▋         | 1650/25000 [01:39<23:19]
loss : 1.045e-02  mse_pde 2.079e-04  mse_ic 5.142e-03  mse_in 5.096e-03  mse_out 7.278e-08:   7%|▋         | 1650/25000 [01:39<23:19]
loss : 1.032e-02  mse_pde 6.893e-05  mse_ic 5.379e-03  mse_in 4.874e-03  mse_out 7.236e-08:   7%|▋         | 1650/25000 [01:39<23:19]
loss : 1.032e-02  mse_pde 6.893e-05  mse_ic 5.379e-03  mse_in 4.874e-03  mse_out 7.236e-08:   7%|▋         | 1650/25000 [01:39<23:19]
loss : 1.032e-02  mse_pde 6.893e-05  mse_ic 5.379e-03  mse_in 4.874e-03  mse_out 7.236e-08:   7%|▋         | 1652/25000 [01:39<23:28]
loss : 1.031e-02  mse_pde 6.076e-05  mse_ic 5.260e-03  mse_in 4.987e-03  mse_out 7.484e-08:   7%|▋         | 1652/25000 [01:39<23:28]
loss : 1.031e-02  mse_pde 6.076e-05  mse_ic 5.260e-03  mse_in 4.987e-03  mse_out 7.484e-08:   7%|▋         | 1652/25000 [01:39<23:28]
loss : 1.047e-02  mse_pde 2.280e-04  mse_ic 5.019e-03  mse_in 5.220e-03  mse_out 7.791e-08:   7%|▋         | 1652/25000 [01:39<23:28]
loss : 1.047e-02  mse_pde 2.280e-04  mse_ic 5.019e-03  mse_in 5.220e-03  mse_out 7.791e-08:   7%|▋         | 1652/25000 [01:39<23:28]
loss : 1.047e-02  mse_pde 2.280e-04  mse_ic 5.019e-03  mse_in 5.220e-03  mse_out 7.791e-08:   7%|▋         | 1654/25000 [01:39<23:22]
loss : 1.054e-02  mse_pde 2.951e-04  mse_ic 5.169e-03  mse_in 5.075e-03  mse_out 7.970e-08:   7%|▋         | 1654/25000 [01:39<23:22]
loss : 1.054e-02  mse_pde 2.951e-04  mse_ic 5.169e-03  mse_in 5.075e-03  mse_out 7.970e-08:   7%|▋         | 1654/25000 [01:39<23:22]
loss : 1.038e-02  mse_pde 1.376e-04  mse_ic 5.171e-03  mse_in 5.068e-03  mse_out 7.667e-08:   7%|▋         | 1654/25000 [01:39<23:22]
loss : 1.038e-02  mse_pde 1.376e-04  mse_ic 5.171e-03  mse_in 5.068e-03  mse_out 7.667e-08:   7%|▋         | 1654/25000 [01:39<23:22]
loss : 1.038e-02  mse_pde 1.376e-04  mse_ic 5.171e-03  mse_in 5.068e-03  mse_out 7.667e-08:   7%|▋         | 1656/25000 [01:39<23:29]
loss : 1.030e-02  mse_pde 5.647e-05  mse_ic 5.182e-03  mse_in 5.059e-03  mse_out 7.490e-08:   7%|▋         | 1656/25000 [01:39<23:29]
loss : 1.030e-02  mse_pde 5.647e-05  mse_ic 5.182e-03  mse_in 5.059e-03  mse_out 7.490e-08:   7%|▋         | 1656/25000 [01:39<23:29]
loss : 1.042e-02  mse_pde 1.734e-04  mse_ic 5.181e-03  mse_in 5.063e-03  mse_out 7.723e-08:   7%|▋         | 1656/25000 [01:39<23:29]
loss : 1.042e-02  mse_pde 1.734e-04  mse_ic 5.181e-03  mse_in 5.063e-03  mse_out 7.723e-08:   7%|▋         | 1656/25000 [01:39<23:29]
loss : 1.042e-02  mse_pde 1.734e-04  mse_ic 5.181e-03  mse_in 5.063e-03  mse_out 7.723e-08:   7%|▋         | 1658/25000 [01:39<23:06]
loss : 1.052e-02  mse_pde 2.864e-04  mse_ic 5.082e-03  mse_in 5.153e-03  mse_out 7.990e-08:   7%|▋         | 1658/25000 [01:39<23:06]
loss : 1.052e-02  mse_pde 2.864e-04  mse_ic 5.082e-03  mse_in 5.153e-03  mse_out 7.990e-08:   7%|▋         | 1658/25000 [01:39<23:06]
loss : 1.041e-02  mse_pde 1.665e-04  mse_ic 5.278e-03  mse_in 4.967e-03  mse_out 7.968e-08:   7%|▋         | 1658/25000 [01:39<23:06]
loss : 1.041e-02  mse_pde 1.665e-04  mse_ic 5.278e-03  mse_in 4.967e-03  mse_out 7.968e-08:   7%|▋         | 1658/25000 [01:39<23:06]
loss : 1.041e-02  mse_pde 1.665e-04  mse_ic 5.278e-03  mse_in 4.967e-03  mse_out 7.968e-08:   7%|▋         | 1660/25000 [01:39<23:18]
loss : 1.027e-02  mse_pde 3.491e-05  mse_ic 5.129e-03  mse_in 5.110e-03  mse_out 7.380e-08:   7%|▋         | 1660/25000 [01:39<23:18]
loss : 1.027e-02  mse_pde 3.491e-05  mse_ic 5.129e-03  mse_in 5.110e-03  mse_out 7.380e-08:   7%|▋         | 1660/25000 [01:39<23:18]
loss : 1.043e-02  mse_pde 1.937e-04  mse_ic 5.044e-03  mse_in 5.191e-03  mse_out 7.108e-08:   7%|▋         | 1660/25000 [01:39<23:18]
loss : 1.043e-02  mse_pde 1.937e-04  mse_ic 5.044e-03  mse_in 5.191e-03  mse_out 7.108e-08:   7%|▋         | 1660/25000 [01:39<23:18]
loss : 1.043e-02  mse_pde 1.937e-04  mse_ic 5.044e-03  mse_in 5.191e-03  mse_out 7.108e-08:   7%|▋         | 1662/25000 [01:39<23:35]
loss : 1.056e-02  mse_pde 3.138e-04  mse_ic 5.302e-03  mse_in 4.945e-03  mse_out 7.530e-08:   7%|▋         | 1662/25000 [01:39<23:35]
loss : 1.056e-02  mse_pde 3.138e-04  mse_ic 5.302e-03  mse_in 4.945e-03  mse_out 7.530e-08:   7%|▋         | 1662/25000 [01:39<23:35]
loss : 1.037e-02  mse_pde 1.379e-04  mse_ic 5.158e-03  mse_in 5.079e-03  mse_out 7.882e-08:   7%|▋         | 1662/25000 [01:39<23:35]
loss : 1.037e-02  mse_pde 1.379e-04  mse_ic 5.158e-03  mse_in 5.079e-03  mse_out 7.882e-08:   7%|▋         | 1662/25000 [01:39<23:35]
loss : 1.037e-02  mse_pde 1.379e-04  mse_ic 5.158e-03  mse_in 5.079e-03  mse_out 7.882e-08:   7%|▋         | 1664/25000 [01:39<23:15]
loss : 1.030e-02  mse_pde 5.716e-05  mse_ic 4.972e-03  mse_in 5.267e-03  mse_out 7.858e-08:   7%|▋         | 1664/25000 [01:39<23:15]
loss : 1.030e-02  mse_pde 5.716e-05  mse_ic 4.972e-03  mse_in 5.267e-03  mse_out 7.858e-08:   7%|▋         | 1664/25000 [01:39<23:15]
loss : 1.052e-02  mse_pde 2.739e-04  mse_ic 5.017e-03  mse_in 5.225e-03  mse_out 7.591e-08:   7%|▋         | 1664/25000 [01:40<23:15]
loss : 1.052e-02  mse_pde 2.739e-04  mse_ic 5.017e-03  mse_in 5.225e-03  mse_out 7.591e-08:   7%|▋         | 1664/25000 [01:40<23:15]
loss : 1.052e-02  mse_pde 2.739e-04  mse_ic 5.017e-03  mse_in 5.225e-03  mse_out 7.591e-08:   7%|▋         | 1666/25000 [01:40<23:16]
loss : 1.057e-02  mse_pde 3.319e-04  mse_ic 5.203e-03  mse_in 5.033e-03  mse_out 7.369e-08:   7%|▋         | 1666/25000 [01:40<23:16]
loss : 1.057e-02  mse_pde 3.319e-04  mse_ic 5.203e-03  mse_in 5.033e-03  mse_out 7.369e-08:   7%|▋         | 1666/25000 [01:40<23:16]
loss : 1.040e-02  mse_pde 1.366e-04  mse_ic 5.572e-03  mse_in 4.693e-03  mse_out 7.463e-08:   7%|▋         | 1666/25000 [01:40<23:16]
loss : 1.040e-02  mse_pde 1.366e-04  mse_ic 5.572e-03  mse_in 4.693e-03  mse_out 7.463e-08:   7%|▋         | 1666/25000 [01:40<23:16]
loss : 1.040e-02  mse_pde 1.366e-04  mse_ic 5.572e-03  mse_in 4.693e-03  mse_out 7.463e-08:   7%|▋         | 1668/25000 [01:40<23:15]
loss : 1.036e-02  mse_pde 1.169e-04  mse_ic 5.267e-03  mse_in 4.978e-03  mse_out 7.458e-08:   7%|▋         | 1668/25000 [01:40<23:15]
loss : 1.036e-02  mse_pde 1.169e-04  mse_ic 5.267e-03  mse_in 4.978e-03  mse_out 7.458e-08:   7%|▋         | 1668/25000 [01:40<23:15]
loss : 1.064e-02  mse_pde 3.993e-04  mse_ic 4.884e-03  mse_in 5.355e-03  mse_out 7.550e-08:   7%|▋         | 1668/25000 [01:40<23:15]
loss : 1.064e-02  mse_pde 3.993e-04  mse_ic 4.884e-03  mse_in 5.355e-03  mse_out 7.550e-08:   7%|▋         | 1668/25000 [01:40<23:15]
loss : 1.064e-02  mse_pde 3.993e-04  mse_ic 4.884e-03  mse_in 5.355e-03  mse_out 7.550e-08:   7%|▋         | 1670/25000 [01:40<23:20]
loss : 1.050e-02  mse_pde 2.547e-04  mse_ic 5.132e-03  mse_in 5.111e-03  mse_out 7.835e-08:   7%|▋         | 1670/25000 [01:40<23:20]
loss : 1.050e-02  mse_pde 2.547e-04  mse_ic 5.132e-03  mse_in 5.111e-03  mse_out 7.835e-08:   7%|▋         | 1670/25000 [01:40<23:20]
loss : 1.035e-02  mse_pde 1.054e-04  mse_ic 5.335e-03  mse_in 4.910e-03  mse_out 7.623e-08:   7%|▋         | 1670/25000 [01:40<23:20]
loss : 1.035e-02  mse_pde 1.054e-04  mse_ic 5.335e-03  mse_in 4.910e-03  mse_out 7.623e-08:   7%|▋         | 1670/25000 [01:40<23:20]
loss : 1.035e-02  mse_pde 1.054e-04  mse_ic 5.335e-03  mse_in 4.910e-03  mse_out 7.623e-08:   7%|▋         | 1672/25000 [01:40<23:19]
loss : 1.048e-02  mse_pde 2.387e-04  mse_ic 5.201e-03  mse_in 5.036e-03  mse_out 7.023e-08:   7%|▋         | 1672/25000 [01:40<23:19]
loss : 1.048e-02  mse_pde 2.387e-04  mse_ic 5.201e-03  mse_in 5.036e-03  mse_out 7.023e-08:   7%|▋         | 1672/25000 [01:40<23:19]
loss : 1.055e-02  mse_pde 3.087e-04  mse_ic 5.094e-03  mse_in 5.148e-03  mse_out 6.778e-08:   7%|▋         | 1672/25000 [01:40<23:19]
loss : 1.055e-02  mse_pde 3.087e-04  mse_ic 5.094e-03  mse_in 5.148e-03  mse_out 6.778e-08:   7%|▋         | 1672/25000 [01:40<23:19]
loss : 1.055e-02  mse_pde 3.087e-04  mse_ic 5.094e-03  mse_in 5.148e-03  mse_out 6.778e-08:   7%|▋         | 1674/25000 [01:40<23:35]
loss : 1.031e-02  mse_pde 7.594e-05  mse_ic 5.041e-03  mse_in 5.197e-03  mse_out 7.014e-08:   7%|▋         | 1674/25000 [01:40<23:35]
loss : 1.031e-02  mse_pde 7.594e-05  mse_ic 5.041e-03  mse_in 5.197e-03  mse_out 7.014e-08:   7%|▋         | 1674/25000 [01:40<23:35]
loss : 1.038e-02  mse_pde 1.461e-04  mse_ic 5.187e-03  mse_in 5.050e-03  mse_out 7.451e-08:   7%|▋         | 1674/25000 [01:40<23:35]
loss : 1.038e-02  mse_pde 1.461e-04  mse_ic 5.187e-03  mse_in 5.050e-03  mse_out 7.451e-08:   7%|▋         | 1674/25000 [01:40<23:35]
loss : 1.038e-02  mse_pde 1.461e-04  mse_ic 5.187e-03  mse_in 5.050e-03  mse_out 7.451e-08:   7%|▋         | 1676/25000 [01:40<23:39]
loss : 1.054e-02  mse_pde 2.853e-04  mse_ic 5.399e-03  mse_in 4.851e-03  mse_out 7.514e-08:   7%|▋         | 1676/25000 [01:40<23:39]
loss : 1.054e-02  mse_pde 2.853e-04  mse_ic 5.399e-03  mse_in 4.851e-03  mse_out 7.514e-08:   7%|▋         | 1676/25000 [01:40<23:39]
loss : 1.030e-02  mse_pde 5.982e-05  mse_ic 5.182e-03  mse_in 5.055e-03  mse_out 7.024e-08:   7%|▋         | 1676/25000 [01:40<23:39]
loss : 1.030e-02  mse_pde 5.982e-05  mse_ic 5.182e-03  mse_in 5.055e-03  mse_out 7.024e-08:   7%|▋         | 1676/25000 [01:40<23:39]
loss : 1.030e-02  mse_pde 5.982e-05  mse_ic 5.182e-03  mse_in 5.055e-03  mse_out 7.024e-08:   7%|▋         | 1678/25000 [01:40<23:33]
loss : 1.039e-02  mse_pde 1.590e-04  mse_ic 4.986e-03  mse_in 5.250e-03  mse_out 6.738e-08:   7%|▋         | 1678/25000 [01:40<23:33]
loss : 1.039e-02  mse_pde 1.590e-04  mse_ic 4.986e-03  mse_in 5.250e-03  mse_out 6.738e-08:   7%|▋         | 1678/25000 [01:40<23:33]
loss : 1.055e-02  mse_pde 3.111e-04  mse_ic 5.076e-03  mse_in 5.164e-03  mse_out 7.063e-08:   7%|▋         | 1678/25000 [01:40<23:33]
loss : 1.055e-02  mse_pde 3.111e-04  mse_ic 5.076e-03  mse_in 5.164e-03  mse_out 7.063e-08:   7%|▋         | 1678/25000 [01:40<23:33]
loss : 1.055e-02  mse_pde 3.111e-04  mse_ic 5.076e-03  mse_in 5.164e-03  mse_out 7.063e-08:   7%|▋         | 1680/25000 [01:40<23:36]
loss : 1.042e-02  mse_pde 1.851e-04  mse_ic 5.133e-03  mse_in 5.101e-03  mse_out 7.659e-08:   7%|▋         | 1680/25000 [01:40<23:36]
loss : 1.042e-02  mse_pde 1.851e-04  mse_ic 5.133e-03  mse_in 5.101e-03  mse_out 7.659e-08:   7%|▋         | 1680/25000 [01:40<23:36]
loss : 1.033e-02  mse_pde 9.521e-05  mse_ic 5.203e-03  mse_in 5.035e-03  mse_out 8.013e-08:   7%|▋         | 1680/25000 [01:40<23:36]
loss : 1.033e-02  mse_pde 9.521e-05  mse_ic 5.203e-03  mse_in 5.035e-03  mse_out 8.013e-08:   7%|▋         | 1680/25000 [01:40<23:36]
loss : 1.033e-02  mse_pde 9.521e-05  mse_ic 5.203e-03  mse_in 5.035e-03  mse_out 8.013e-08:   7%|▋         | 1682/25000 [01:41<23:43]
loss : 1.046e-02  mse_pde 2.226e-04  mse_ic 5.085e-03  mse_in 5.155e-03  mse_out 7.704e-08:   7%|▋         | 1682/25000 [01:41<23:43]
loss : 1.046e-02  mse_pde 2.226e-04  mse_ic 5.085e-03  mse_in 5.155e-03  mse_out 7.704e-08:   7%|▋         | 1682/25000 [01:41<23:43]
loss : 1.051e-02  mse_pde 2.689e-04  mse_ic 4.910e-03  mse_in 5.327e-03  mse_out 7.118e-08:   7%|▋         | 1682/25000 [01:41<23:43]
loss : 1.051e-02  mse_pde 2.689e-04  mse_ic 4.910e-03  mse_in 5.327e-03  mse_out 7.118e-08:   7%|▋         | 1682/25000 [01:41<23:43]
loss : 1.051e-02  mse_pde 2.689e-04  mse_ic 4.910e-03  mse_in 5.327e-03  mse_out 7.118e-08:   7%|▋         | 1684/25000 [01:41<23:35]
loss : 1.031e-02  mse_pde 6.805e-05  mse_ic 5.191e-03  mse_in 5.050e-03  mse_out 6.922e-08:   7%|▋         | 1684/25000 [01:41<23:35]
loss : 1.031e-02  mse_pde 6.805e-05  mse_ic 5.191e-03  mse_in 5.050e-03  mse_out 6.922e-08:   7%|▋         | 1684/25000 [01:41<23:35]
loss : 1.036e-02  mse_pde 1.147e-04  mse_ic 5.391e-03  mse_in 4.859e-03  mse_out 7.075e-08:   7%|▋         | 1684/25000 [01:41<23:35]
loss : 1.036e-02  mse_pde 1.147e-04  mse_ic 5.391e-03  mse_in 4.859e-03  mse_out 7.075e-08:   7%|▋         | 1684/25000 [01:41<23:35]
loss : 1.036e-02  mse_pde 1.147e-04  mse_ic 5.391e-03  mse_in 4.859e-03  mse_out 7.075e-08:   7%|▋         | 1686/25000 [01:41<23:46]
loss : 1.045e-02  mse_pde 2.153e-04  mse_ic 5.214e-03  mse_in 5.023e-03  mse_out 7.325e-08:   7%|▋         | 1686/25000 [01:41<23:46]
loss : 1.045e-02  mse_pde 2.153e-04  mse_ic 5.214e-03  mse_in 5.023e-03  mse_out 7.325e-08:   7%|▋         | 1686/25000 [01:41<23:46]
loss : 1.032e-02  mse_pde 8.057e-05  mse_ic 5.124e-03  mse_in 5.115e-03  mse_out 7.592e-08:   7%|▋         | 1686/25000 [01:41<23:46]
loss : 1.032e-02  mse_pde 8.057e-05  mse_ic 5.124e-03  mse_in 5.115e-03  mse_out 7.592e-08:   7%|▋         | 1686/25000 [01:41<23:46]
loss : 1.032e-02  mse_pde 8.057e-05  mse_ic 5.124e-03  mse_in 5.115e-03  mse_out 7.592e-08:   7%|▋         | 1688/25000 [01:41<23:44]
loss : 1.031e-02  mse_pde 7.465e-05  mse_ic 5.010e-03  mse_in 5.229e-03  mse_out 7.607e-08:   7%|▋         | 1688/25000 [01:41<23:44]
loss : 1.031e-02  mse_pde 7.465e-05  mse_ic 5.010e-03  mse_in 5.229e-03  mse_out 7.607e-08:   7%|▋         | 1688/25000 [01:41<23:44]
loss : 1.043e-02  mse_pde 1.948e-04  mse_ic 5.018e-03  mse_in 5.216e-03  mse_out 7.471e-08:   7%|▋         | 1688/25000 [01:41<23:44]
loss : 1.043e-02  mse_pde 1.948e-04  mse_ic 5.018e-03  mse_in 5.216e-03  mse_out 7.471e-08:   7%|▋         | 1688/25000 [01:41<23:44]
loss : 1.043e-02  mse_pde 1.948e-04  mse_ic 5.018e-03  mse_in 5.216e-03  mse_out 7.471e-08:   7%|▋         | 1690/25000 [01:41<23:42]
loss : 1.046e-02  mse_pde 2.129e-04  mse_ic 5.283e-03  mse_in 4.960e-03  mse_out 7.383e-08:   7%|▋         | 1690/25000 [01:41<23:42]
loss : 1.046e-02  mse_pde 2.129e-04  mse_ic 5.283e-03  mse_in 4.960e-03  mse_out 7.383e-08:   7%|▋         | 1690/25000 [01:41<23:42]
loss : 1.029e-02  mse_pde 5.886e-05  mse_ic 5.174e-03  mse_in 5.062e-03  mse_out 7.196e-08:   7%|▋         | 1690/25000 [01:41<23:42]
loss : 1.029e-02  mse_pde 5.886e-05  mse_ic 5.174e-03  mse_in 5.062e-03  mse_out 7.196e-08:   7%|▋         | 1690/25000 [01:41<23:42]
loss : 1.029e-02  mse_pde 5.886e-05  mse_ic 5.174e-03  mse_in 5.062e-03  mse_out 7.196e-08:   7%|▋         | 1692/25000 [01:41<23:40]
loss : 1.036e-02  mse_pde 1.205e-04  mse_ic 4.917e-03  mse_in 5.319e-03  mse_out 7.071e-08:   7%|▋         | 1692/25000 [01:41<23:40]
loss : 1.036e-02  mse_pde 1.205e-04  mse_ic 4.917e-03  mse_in 5.319e-03  mse_out 7.071e-08:   7%|▋         | 1692/25000 [01:41<23:40]
loss : 1.059e-02  mse_pde 3.453e-04  mse_ic 4.913e-03  mse_in 5.328e-03  mse_out 7.164e-08:   7%|▋         | 1692/25000 [01:41<23:40]
loss : 1.059e-02  mse_pde 3.453e-04  mse_ic 4.913e-03  mse_in 5.328e-03  mse_out 7.164e-08:   7%|▋         | 1692/25000 [01:41<23:40]
loss : 1.059e-02  mse_pde 3.453e-04  mse_ic 4.913e-03  mse_in 5.328e-03  mse_out 7.164e-08:   7%|▋         | 1694/25000 [01:41<23:52]
loss : 1.050e-02  mse_pde 2.646e-04  mse_ic 5.036e-03  mse_in 5.195e-03  mse_out 7.359e-08:   7%|▋         | 1694/25000 [01:41<23:52]
loss : 1.050e-02  mse_pde 2.646e-04  mse_ic 5.036e-03  mse_in 5.195e-03  mse_out 7.359e-08:   7%|▋         | 1694/25000 [01:41<23:52]
loss : 1.034e-02  mse_pde 8.975e-05  mse_ic 5.447e-03  mse_in 4.804e-03  mse_out 7.567e-08:   7%|▋         | 1694/25000 [01:41<23:52]
loss : 1.034e-02  mse_pde 8.975e-05  mse_ic 5.447e-03  mse_in 4.804e-03  mse_out 7.567e-08:   7%|▋         | 1694/25000 [01:41<23:52]
loss : 1.034e-02  mse_pde 8.975e-05  mse_ic 5.447e-03  mse_in 4.804e-03  mse_out 7.567e-08:   7%|▋         | 1696/25000 [01:41<23:18]
loss : 1.039e-02  mse_pde 1.387e-04  mse_ic 5.400e-03  mse_in 4.850e-03  mse_out 7.432e-08:   7%|▋         | 1696/25000 [01:41<23:18]
loss : 1.039e-02  mse_pde 1.387e-04  mse_ic 5.400e-03  mse_in 4.850e-03  mse_out 7.432e-08:   7%|▋         | 1696/25000 [01:41<23:18]
loss : 1.049e-02  mse_pde 2.508e-04  mse_ic 5.016e-03  mse_in 5.219e-03  mse_out 7.146e-08:   7%|▋         | 1696/25000 [01:41<23:18]
loss : 1.049e-02  mse_pde 2.508e-04  mse_ic 5.016e-03  mse_in 5.219e-03  mse_out 7.146e-08:   7%|▋         | 1696/25000 [01:41<23:18]
loss : 1.049e-02  mse_pde 2.508e-04  mse_ic 5.016e-03  mse_in 5.219e-03  mse_out 7.146e-08:   7%|▋         | 1698/25000 [01:41<23:28]
loss : 1.036e-02  mse_pde 1.145e-04  mse_ic 5.018e-03  mse_in 5.222e-03  mse_out 7.129e-08:   7%|▋         | 1698/25000 [01:42<23:28]
loss : 1.036e-02  mse_pde 1.145e-04  mse_ic 5.018e-03  mse_in 5.222e-03  mse_out 7.129e-08:   7%|▋         | 1698/25000 [01:42<23:28]
loss : 1.029e-02  mse_pde 5.439e-05  mse_ic 5.130e-03  mse_in 5.109e-03  mse_out 7.170e-08:   7%|▋         | 1698/25000 [01:42<23:28]
loss : 1.029e-02  mse_pde 5.439e-05  mse_ic 5.130e-03  mse_in 5.109e-03  mse_out 7.170e-08:   7%|▋         | 1698/25000 [01:42<23:28]
loss : 1.029e-02  mse_pde 5.439e-05  mse_ic 5.130e-03  mse_in 5.109e-03  mse_out 7.170e-08:   7%|▋         | 1700/25000 [01:42<23:41]
loss : 1.043e-02  mse_pde 1.943e-04  mse_ic 5.175e-03  mse_in 5.061e-03  mse_out 7.084e-08:   7%|▋         | 1700/25000 [01:42<23:41]
loss : 1.043e-02  mse_pde 1.943e-04  mse_ic 5.175e-03  mse_in 5.061e-03  mse_out 7.084e-08:   7%|▋         | 1700/25000 [01:42<23:41]
loss : 1.039e-02  mse_pde 1.517e-04  mse_ic 5.217e-03  mse_in 5.024e-03  mse_out 7.014e-08:   7%|▋         | 1700/25000 [01:42<23:41]
loss : 1.039e-02  mse_pde 1.517e-04  mse_ic 5.217e-03  mse_in 5.024e-03  mse_out 7.014e-08:   7%|▋         | 1700/25000 [01:42<23:41]
loss : 1.039e-02  mse_pde 1.517e-04  mse_ic 5.217e-03  mse_in 5.024e-03  mse_out 7.014e-08:   7%|▋         | 1702/25000 [01:42<23:49]
loss : 1.031e-02  mse_pde 6.957e-05  mse_ic 5.082e-03  mse_in 5.154e-03  mse_out 7.123e-08:   7%|▋         | 1702/25000 [01:42<23:49]
loss : 1.031e-02  mse_pde 6.957e-05  mse_ic 5.082e-03  mse_in 5.154e-03  mse_out 7.123e-08:   7%|▋         | 1702/25000 [01:42<23:49]
loss : 1.033e-02  mse_pde 9.555e-05  mse_ic 5.050e-03  mse_in 5.183e-03  mse_out 7.391e-08:   7%|▋         | 1702/25000 [01:42<23:49]
loss : 1.033e-02  mse_pde 9.555e-05  mse_ic 5.050e-03  mse_in 5.183e-03  mse_out 7.391e-08:   7%|▋         | 1702/25000 [01:42<23:49]
loss : 1.033e-02  mse_pde 9.555e-05  mse_ic 5.050e-03  mse_in 5.183e-03  mse_out 7.391e-08:   7%|▋         | 1704/25000 [01:42<23:01]
loss : 1.045e-02  mse_pde 2.110e-04  mse_ic 5.182e-03  mse_in 5.055e-03  mse_out 7.670e-08:   7%|▋         | 1704/25000 [01:42<23:01]
loss : 1.045e-02  mse_pde 2.110e-04  mse_ic 5.182e-03  mse_in 5.055e-03  mse_out 7.670e-08:   7%|▋         | 1704/25000 [01:42<23:01]
loss : 1.040e-02  mse_pde 1.659e-04  mse_ic 5.093e-03  mse_in 5.137e-03  mse_out 7.540e-08:   7%|▋         | 1704/25000 [01:42<23:01]
loss : 1.040e-02  mse_pde 1.659e-04  mse_ic 5.093e-03  mse_in 5.137e-03  mse_out 7.540e-08:   7%|▋         | 1704/25000 [01:42<23:01]
loss : 1.026e-02  mse_pde 3.020e-05  mse_ic 5.036e-03  mse_in 5.197e-03  mse_out 7.343e-08:   7%|▋         | 1704/25000 [01:42<23:01]
loss : 1.026e-02  mse_pde 3.020e-05  mse_ic 5.036e-03  mse_in 5.197e-03  mse_out 7.343e-08:   7%|▋         | 1704/25000 [01:42<23:01]
loss : 1.026e-02  mse_pde 3.020e-05  mse_ic 5.036e-03  mse_in 5.197e-03  mse_out 7.343e-08:   7%|▋         | 1707/25000 [01:42<21:09]
loss : 1.035e-02  mse_pde 1.195e-04  mse_ic 4.976e-03  mse_in 5.260e-03  mse_out 7.200e-08:   7%|▋         | 1707/25000 [01:42<21:09]
loss : 1.035e-02  mse_pde 1.195e-04  mse_ic 4.976e-03  mse_in 5.260e-03  mse_out 7.200e-08:   7%|▋         | 1707/25000 [01:42<21:09]
loss : 1.046e-02  mse_pde 2.303e-04  mse_ic 4.980e-03  mse_in 5.250e-03  mse_out 7.225e-08:   7%|▋         | 1707/25000 [01:42<21:09]
loss : 1.046e-02  mse_pde 2.303e-04  mse_ic 4.980e-03  mse_in 5.250e-03  mse_out 7.225e-08:   7%|▋         | 1707/25000 [01:42<21:09]
loss : 1.046e-02  mse_pde 2.303e-04  mse_ic 4.980e-03  mse_in 5.250e-03  mse_out 7.225e-08:   7%|▋         | 1709/25000 [01:42<21:55]
loss : 1.046e-02  mse_pde 2.250e-04  mse_ic 5.240e-03  mse_in 4.998e-03  mse_out 7.538e-08:   7%|▋         | 1709/25000 [01:42<21:55]
loss : 1.046e-02  mse_pde 2.250e-04  mse_ic 5.240e-03  mse_in 4.998e-03  mse_out 7.538e-08:   7%|▋         | 1709/25000 [01:42<21:55]
loss : 1.030e-02  mse_pde 6.805e-05  mse_ic 5.168e-03  mse_in 5.066e-03  mse_out 7.546e-08:   7%|▋         | 1709/25000 [01:42<21:55]
loss : 1.030e-02  mse_pde 6.805e-05  mse_ic 5.168e-03  mse_in 5.066e-03  mse_out 7.546e-08:   7%|▋         | 1709/25000 [01:42<21:55]
loss : 1.030e-02  mse_pde 6.805e-05  mse_ic 5.168e-03  mse_in 5.066e-03  mse_out 7.546e-08:   7%|▋         | 1711/25000 [01:42<22:24]
loss : 1.033e-02  mse_pde 9.348e-05  mse_ic 4.981e-03  mse_in 5.253e-03  mse_out 7.281e-08:   7%|▋         | 1711/25000 [01:42<22:24]
loss : 1.033e-02  mse_pde 9.348e-05  mse_ic 4.981e-03  mse_in 5.253e-03  mse_out 7.281e-08:   7%|▋         | 1711/25000 [01:42<22:24]
loss : 1.054e-02  mse_pde 3.026e-04  mse_ic 5.009e-03  mse_in 5.230e-03  mse_out 7.013e-08:   7%|▋         | 1711/25000 [01:42<22:24]
loss : 1.054e-02  mse_pde 3.026e-04  mse_ic 5.009e-03  mse_in 5.230e-03  mse_out 7.013e-08:   7%|▋         | 1711/25000 [01:42<22:24]
loss : 1.054e-02  mse_pde 3.026e-04  mse_ic 5.009e-03  mse_in 5.230e-03  mse_out 7.013e-08:   7%|▋         | 1713/25000 [01:42<22:54]
loss : 1.050e-02  mse_pde 2.710e-04  mse_ic 5.169e-03  mse_in 5.064e-03  mse_out 6.924e-08:   7%|▋         | 1713/25000 [01:42<22:54]
loss : 1.050e-02  mse_pde 2.710e-04  mse_ic 5.169e-03  mse_in 5.064e-03  mse_out 6.924e-08:   7%|▋         | 1713/25000 [01:42<22:54]
loss : 1.036e-02  mse_pde 9.746e-05  mse_ic 5.550e-03  mse_in 4.710e-03  mse_out 7.359e-08:   7%|▋         | 1713/25000 [01:42<22:54]
loss : 1.036e-02  mse_pde 9.746e-05  mse_ic 5.550e-03  mse_in 4.710e-03  mse_out 7.359e-08:   7%|▋         | 1713/25000 [01:42<22:54]
loss : 1.036e-02  mse_pde 9.746e-05  mse_ic 5.550e-03  mse_in 4.710e-03  mse_out 7.359e-08:   7%|▋         | 1715/25000 [01:42<23:04]
loss : 1.037e-02  mse_pde 1.164e-04  mse_ic 5.444e-03  mse_in 4.809e-03  mse_out 7.785e-08:   7%|▋         | 1715/25000 [01:43<23:04]
loss : 1.037e-02  mse_pde 1.164e-04  mse_ic 5.444e-03  mse_in 4.809e-03  mse_out 7.785e-08:   7%|▋         | 1715/25000 [01:43<23:04]
loss : 1.053e-02  mse_pde 2.963e-04  mse_ic 5.056e-03  mse_in 5.177e-03  mse_out 7.832e-08:   7%|▋         | 1715/25000 [01:43<23:04]
loss : 1.053e-02  mse_pde 2.963e-04  mse_ic 5.056e-03  mse_in 5.177e-03  mse_out 7.832e-08:   7%|▋         | 1715/25000 [01:43<23:04]
loss : 1.053e-02  mse_pde 2.963e-04  mse_ic 5.056e-03  mse_in 5.177e-03  mse_out 7.832e-08:   7%|▋         | 1717/25000 [01:43<23:17]
loss : 1.040e-02  mse_pde 1.587e-04  mse_ic 5.096e-03  mse_in 5.142e-03  mse_out 7.697e-08:   7%|▋         | 1717/25000 [01:43<23:17]
loss : 1.040e-02  mse_pde 1.587e-04  mse_ic 5.096e-03  mse_in 5.142e-03  mse_out 7.697e-08:   7%|▋         | 1717/25000 [01:43<23:17]
loss : 1.028e-02  mse_pde 4.038e-05  mse_ic 5.212e-03  mse_in 5.025e-03  mse_out 7.254e-08:   7%|▋         | 1717/25000 [01:43<23:17]
loss : 1.028e-02  mse_pde 4.038e-05  mse_ic 5.212e-03  mse_in 5.025e-03  mse_out 7.254e-08:   7%|▋         | 1717/25000 [01:43<23:17]
loss : 1.028e-02  mse_pde 4.038e-05  mse_ic 5.212e-03  mse_in 5.025e-03  mse_out 7.254e-08:   7%|▋         | 1719/25000 [01:43<23:17]
loss : 1.042e-02  mse_pde 1.921e-04  mse_ic 5.203e-03  mse_in 5.029e-03  mse_out 6.811e-08:   7%|▋         | 1719/25000 [01:43<23:17]
loss : 1.042e-02  mse_pde 1.921e-04  mse_ic 5.203e-03  mse_in 5.029e-03  mse_out 6.811e-08:   7%|▋         | 1719/25000 [01:43<23:17]
loss : 1.045e-02  mse_pde 2.134e-04  mse_ic 5.156e-03  mse_in 5.080e-03  mse_out 6.700e-08:   7%|▋         | 1719/25000 [01:43<23:17]
loss : 1.045e-02  mse_pde 2.134e-04  mse_ic 5.156e-03  mse_in 5.080e-03  mse_out 6.700e-08:   7%|▋         | 1719/25000 [01:43<23:17]
loss : 1.045e-02  mse_pde 2.134e-04  mse_ic 5.156e-03  mse_in 5.080e-03  mse_out 6.700e-08:   7%|▋         | 1721/25000 [01:43<23:25]
loss : 1.033e-02  mse_pde 9.965e-05  mse_ic 4.972e-03  mse_in 5.259e-03  mse_out 6.794e-08:   7%|▋         | 1721/25000 [01:43<23:25]
loss : 1.033e-02  mse_pde 9.965e-05  mse_ic 4.972e-03  mse_in 5.259e-03  mse_out 6.794e-08:   7%|▋         | 1721/25000 [01:43<23:25]
loss : 1.027e-02  mse_pde 4.446e-05  mse_ic 4.993e-03  mse_in 5.237e-03  mse_out 7.101e-08:   7%|▋         | 1721/25000 [01:43<23:25]
loss : 1.027e-02  mse_pde 4.446e-05  mse_ic 4.993e-03  mse_in 5.237e-03  mse_out 7.101e-08:   7%|▋         | 1721/25000 [01:43<23:25]
loss : 1.027e-02  mse_pde 4.446e-05  mse_ic 4.993e-03  mse_in 5.237e-03  mse_out 7.101e-08:   7%|▋         | 1723/25000 [01:43<23:30]
loss : 1.042e-02  mse_pde 1.896e-04  mse_ic 5.119e-03  mse_in 5.113e-03  mse_out 7.346e-08:   7%|▋         | 1723/25000 [01:43<23:30]
loss : 1.042e-02  mse_pde 1.896e-04  mse_ic 5.119e-03  mse_in 5.113e-03  mse_out 7.346e-08:   7%|▋         | 1723/25000 [01:43<23:30]
loss : 1.045e-02  mse_pde 2.277e-04  mse_ic 5.050e-03  mse_in 5.176e-03  mse_out 7.282e-08:   7%|▋         | 1723/25000 [01:43<23:30]
loss : 1.045e-02  mse_pde 2.277e-04  mse_ic 5.050e-03  mse_in 5.176e-03  mse_out 7.282e-08:   7%|▋         | 1723/25000 [01:43<23:30]
loss : 1.045e-02  mse_pde 2.277e-04  mse_ic 5.050e-03  mse_in 5.176e-03  mse_out 7.282e-08:   7%|▋         | 1725/25000 [01:43<23:25]
loss : 1.032e-02  mse_pde 9.151e-05  mse_ic 5.116e-03  mse_in 5.116e-03  mse_out 7.277e-08:   7%|▋         | 1725/25000 [01:43<23:25]
loss : 1.032e-02  mse_pde 9.151e-05  mse_ic 5.116e-03  mse_in 5.116e-03  mse_out 7.277e-08:   7%|▋         | 1725/25000 [01:43<23:25]
loss : 1.029e-02  mse_pde 6.016e-05  mse_ic 5.073e-03  mse_in 5.159e-03  mse_out 7.312e-08:   7%|▋         | 1725/25000 [01:43<23:25]
loss : 1.029e-02  mse_pde 6.016e-05  mse_ic 5.073e-03  mse_in 5.159e-03  mse_out 7.312e-08:   7%|▋         | 1725/25000 [01:43<23:25]
loss : 1.029e-02  mse_pde 6.016e-05  mse_ic 5.073e-03  mse_in 5.159e-03  mse_out 7.312e-08:   7%|▋         | 1727/25000 [01:43<23:30]
loss : 1.037e-02  mse_pde 1.382e-04  mse_ic 5.065e-03  mse_in 5.164e-03  mse_out 7.454e-08:   7%|▋         | 1727/25000 [01:43<23:30]
loss : 1.037e-02  mse_pde 1.382e-04  mse_ic 5.065e-03  mse_in 5.164e-03  mse_out 7.454e-08:   7%|▋         | 1727/25000 [01:43<23:30]
loss : 1.046e-02  mse_pde 2.206e-04  mse_ic 5.218e-03  mse_in 5.019e-03  mse_out 7.647e-08:   7%|▋         | 1727/25000 [01:43<23:30]
loss : 1.046e-02  mse_pde 2.206e-04  mse_ic 5.218e-03  mse_in 5.019e-03  mse_out 7.647e-08:   7%|▋         | 1727/25000 [01:43<23:30]
loss : 1.035e-02  mse_pde 1.159e-04  mse_ic 5.127e-03  mse_in 5.104e-03  mse_out 7.442e-08:   7%|▋         | 1727/25000 [01:43<23:30]
loss : 1.035e-02  mse_pde 1.159e-04  mse_ic 5.127e-03  mse_in 5.104e-03  mse_out 7.442e-08:   7%|▋         | 1727/25000 [01:43<23:30]
loss : 1.035e-02  mse_pde 1.159e-04  mse_ic 5.127e-03  mse_in 5.104e-03  mse_out 7.442e-08:   7%|▋         | 1730/25000 [01:43<21:22]
loss : 1.027e-02  mse_pde 3.385e-05  mse_ic 5.069e-03  mse_in 5.163e-03  mse_out 7.109e-08:   7%|▋         | 1730/25000 [01:43<21:22]
loss : 1.027e-02  mse_pde 3.385e-05  mse_ic 5.069e-03  mse_in 5.163e-03  mse_out 7.109e-08:   7%|▋         | 1730/25000 [01:43<21:22]
loss : 1.038e-02  mse_pde 1.458e-04  mse_ic 5.108e-03  mse_in 5.127e-03  mse_out 6.878e-08:   7%|▋         | 1730/25000 [01:43<21:22]
loss : 1.038e-02  mse_pde 1.458e-04  mse_ic 5.108e-03  mse_in 5.127e-03  mse_out 6.878e-08:   7%|▋         | 1730/25000 [01:43<21:22]
loss : 1.045e-02  mse_pde 2.249e-04  mse_ic 5.167e-03  mse_in 5.062e-03  mse_out 6.885e-08:   7%|▋         | 1730/25000 [01:43<21:22]
loss : 1.045e-02  mse_pde 2.249e-04  mse_ic 5.167e-03  mse_in 5.062e-03  mse_out 6.885e-08:   7%|▋         | 1730/25000 [01:43<21:22]
loss : 1.045e-02  mse_pde 2.249e-04  mse_ic 5.167e-03  mse_in 5.062e-03  mse_out 6.885e-08:   7%|▋         | 1733/25000 [01:43<20:38]
loss : 1.039e-02  mse_pde 1.495e-04  mse_ic 5.377e-03  mse_in 4.865e-03  mse_out 7.262e-08:   7%|▋         | 1733/25000 [01:44<20:38]
loss : 1.039e-02  mse_pde 1.495e-04  mse_ic 5.377e-03  mse_in 4.865e-03  mse_out 7.262e-08:   7%|▋         | 1733/25000 [01:44<20:38]
loss : 1.026e-02  mse_pde 2.693e-05  mse_ic 5.159e-03  mse_in 5.073e-03  mse_out 7.435e-08:   7%|▋         | 1733/25000 [01:44<20:38]
loss : 1.026e-02  mse_pde 2.693e-05  mse_ic 5.159e-03  mse_in 5.073e-03  mse_out 7.435e-08:   7%|▋         | 1733/25000 [01:44<20:38]
loss : 1.026e-02  mse_pde 2.693e-05  mse_ic 5.159e-03  mse_in 5.073e-03  mse_out 7.435e-08:   7%|▋         | 1735/25000 [01:44<21:23]
loss : 1.040e-02  mse_pde 1.746e-04  mse_ic 4.893e-03  mse_in 5.337e-03  mse_out 7.323e-08:   7%|▋         | 1735/25000 [01:44<21:23]
loss : 1.040e-02  mse_pde 1.746e-04  mse_ic 4.893e-03  mse_in 5.337e-03  mse_out 7.323e-08:   7%|▋         | 1735/25000 [01:44<21:23]
loss : 1.060e-02  mse_pde 3.716e-04  mse_ic 5.030e-03  mse_in 5.202e-03  mse_out 7.176e-08:   7%|▋         | 1735/25000 [01:44<21:23]
loss : 1.060e-02  mse_pde 3.716e-04  mse_ic 5.030e-03  mse_in 5.202e-03  mse_out 7.176e-08:   7%|▋         | 1735/25000 [01:44<21:23]
loss : 1.060e-02  mse_pde 3.716e-04  mse_ic 5.030e-03  mse_in 5.202e-03  mse_out 7.176e-08:   7%|▋         | 1737/25000 [01:44<21:46]
loss : 1.059e-02  mse_pde 3.590e-04  mse_ic 5.198e-03  mse_in 5.028e-03  mse_out 7.003e-08:   7%|▋         | 1737/25000 [01:44<21:46]
loss : 1.059e-02  mse_pde 3.590e-04  mse_ic 5.198e-03  mse_in 5.028e-03  mse_out 7.003e-08:   7%|▋         | 1737/25000 [01:44<21:46]
loss : 1.034e-02  mse_pde 9.624e-05  mse_ic 5.476e-03  mse_in 4.772e-03  mse_out 7.066e-08:   7%|▋         | 1737/25000 [01:44<21:46]
loss : 1.034e-02  mse_pde 9.624e-05  mse_ic 5.476e-03  mse_in 4.772e-03  mse_out 7.066e-08:   7%|▋         | 1737/25000 [01:44<21:46]
loss : 1.034e-02  mse_pde 9.624e-05  mse_ic 5.476e-03  mse_in 4.772e-03  mse_out 7.066e-08:   7%|▋         | 1739/25000 [01:44<22:17]
loss : 1.041e-02  mse_pde 1.722e-04  mse_ic 5.275e-03  mse_in 4.964e-03  mse_out 7.031e-08:   7%|▋         | 1739/25000 [01:44<22:17]
loss : 1.041e-02  mse_pde 1.722e-04  mse_ic 5.275e-03  mse_in 4.964e-03  mse_out 7.031e-08:   7%|▋         | 1739/25000 [01:44<22:17]
loss : 1.063e-02  mse_pde 3.956e-04  mse_ic 4.959e-03  mse_in 5.272e-03  mse_out 6.913e-08:   7%|▋         | 1739/25000 [01:44<22:17]
loss : 1.063e-02  mse_pde 3.956e-04  mse_ic 4.959e-03  mse_in 5.272e-03  mse_out 6.913e-08:   7%|▋         | 1739/25000 [01:44<22:17]
loss : 1.063e-02  mse_pde 3.956e-04  mse_ic 4.959e-03  mse_in 5.272e-03  mse_out 6.913e-08:   7%|▋         | 1741/25000 [01:44<22:44]
loss : 1.040e-02  mse_pde 1.662e-04  mse_ic 5.191e-03  mse_in 5.046e-03  mse_out 7.023e-08:   7%|▋         | 1741/25000 [01:44<22:44]
loss : 1.040e-02  mse_pde 1.662e-04  mse_ic 5.191e-03  mse_in 5.046e-03  mse_out 7.023e-08:   7%|▋         | 1741/25000 [01:44<22:44]
loss : 1.034e-02  mse_pde 9.410e-05  mse_ic 5.399e-03  mse_in 4.846e-03  mse_out 7.088e-08:   7%|▋         | 1741/25000 [01:44<22:44]
loss : 1.034e-02  mse_pde 9.410e-05  mse_ic 5.399e-03  mse_in 4.846e-03  mse_out 7.088e-08:   7%|▋         | 1741/25000 [01:44<22:44]
loss : 1.034e-02  mse_pde 9.410e-05  mse_ic 5.399e-03  mse_in 4.846e-03  mse_out 7.088e-08:   7%|▋         | 1743/25000 [01:44<23:00]
loss : 1.050e-02  mse_pde 2.584e-04  mse_ic 5.321e-03  mse_in 4.916e-03  mse_out 7.096e-08:   7%|▋         | 1743/25000 [01:44<23:00]
loss : 1.050e-02  mse_pde 2.584e-04  mse_ic 5.321e-03  mse_in 4.916e-03  mse_out 7.096e-08:   7%|▋         | 1743/25000 [01:44<23:00]
loss : 1.040e-02  mse_pde 1.566e-04  mse_ic 5.297e-03  mse_in 4.945e-03  mse_out 7.297e-08:   7%|▋         | 1743/25000 [01:44<23:00]
loss : 1.040e-02  mse_pde 1.566e-04  mse_ic 5.297e-03  mse_in 4.945e-03  mse_out 7.297e-08:   7%|▋         | 1743/25000 [01:44<23:00]
loss : 1.040e-02  mse_pde 1.566e-04  mse_ic 5.297e-03  mse_in 4.945e-03  mse_out 7.297e-08:   7%|▋         | 1745/25000 [01:44<23:18]
loss : 1.032e-02  mse_pde 8.134e-05  mse_ic 5.187e-03  mse_in 5.049e-03  mse_out 7.423e-08:   7%|▋         | 1745/25000 [01:44<23:18]
loss : 1.032e-02  mse_pde 8.134e-05  mse_ic 5.187e-03  mse_in 5.049e-03  mse_out 7.423e-08:   7%|▋         | 1745/25000 [01:44<23:18]
loss : 1.048e-02  mse_pde 2.518e-04  mse_ic 5.105e-03  mse_in 5.123e-03  mse_out 7.347e-08:   7%|▋         | 1745/25000 [01:44<23:18]
loss : 1.048e-02  mse_pde 2.518e-04  mse_ic 5.105e-03  mse_in 5.123e-03  mse_out 7.347e-08:   7%|▋         | 1745/25000 [01:44<23:18]
loss : 1.048e-02  mse_pde 2.518e-04  mse_ic 5.105e-03  mse_in 5.123e-03  mse_out 7.347e-08:   7%|▋         | 1747/25000 [01:44<22:53]
loss : 1.048e-02  mse_pde 2.420e-04  mse_ic 5.250e-03  mse_in 4.985e-03  mse_out 7.171e-08:   7%|▋         | 1747/25000 [01:44<22:53]
loss : 1.048e-02  mse_pde 2.420e-04  mse_ic 5.250e-03  mse_in 4.985e-03  mse_out 7.171e-08:   7%|▋         | 1747/25000 [01:44<22:53]
loss : 1.027e-02  mse_pde 3.909e-05  mse_ic 5.104e-03  mse_in 5.124e-03  mse_out 6.821e-08:   7%|▋         | 1747/25000 [01:44<22:53]
loss : 1.027e-02  mse_pde 3.909e-05  mse_ic 5.104e-03  mse_in 5.124e-03  mse_out 6.821e-08:   7%|▋         | 1747/25000 [01:44<22:53]
loss : 1.027e-02  mse_pde 3.909e-05  mse_ic 5.104e-03  mse_in 5.124e-03  mse_out 6.821e-08:   7%|▋         | 1749/25000 [01:44<23:05]
loss : 1.047e-02  mse_pde 2.398e-04  mse_ic 4.891e-03  mse_in 5.337e-03  mse_out 6.736e-08:   7%|▋         | 1749/25000 [01:44<23:05]
loss : 1.047e-02  mse_pde 2.398e-04  mse_ic 4.891e-03  mse_in 5.337e-03  mse_out 6.736e-08:   7%|▋         | 1749/25000 [01:44<23:05]
loss : 1.060e-02  mse_pde 3.662e-04  mse_ic 5.053e-03  mse_in 5.179e-03  mse_out 7.268e-08:   7%|▋         | 1749/25000 [01:45<23:05]
loss : 1.060e-02  mse_pde 3.662e-04  mse_ic 5.053e-03  mse_in 5.179e-03  mse_out 7.268e-08:   7%|▋         | 1749/25000 [01:45<23:05]
loss : 1.060e-02  mse_pde 3.662e-04  mse_ic 5.053e-03  mse_in 5.179e-03  mse_out 7.268e-08:   7%|▋         | 1751/25000 [01:45<23:17]
loss : 1.033e-02  mse_pde 1.036e-04  mse_ic 5.205e-03  mse_in 5.024e-03  mse_out 7.971e-08:   7%|▋         | 1751/25000 [01:45<23:17]
loss : 1.033e-02  mse_pde 1.036e-04  mse_ic 5.205e-03  mse_in 5.024e-03  mse_out 7.971e-08:   7%|▋         | 1751/25000 [01:45<23:17]
loss : 1.040e-02  mse_pde 1.668e-04  mse_ic 5.245e-03  mse_in 4.986e-03  mse_out 8.311e-08:   7%|▋         | 1751/25000 [01:45<23:17]
loss : 1.040e-02  mse_pde 1.668e-04  mse_ic 5.245e-03  mse_in 4.986e-03  mse_out 8.311e-08:   7%|▋         | 1751/25000 [01:45<23:17]
loss : 1.040e-02  mse_pde 1.668e-04  mse_ic 5.245e-03  mse_in 4.986e-03  mse_out 8.311e-08:   7%|▋         | 1753/25000 [01:45<23:24]
loss : 1.052e-02  mse_pde 2.837e-04  mse_ic 5.178e-03  mse_in 5.058e-03  mse_out 7.959e-08:   7%|▋         | 1753/25000 [01:45<23:24]
loss : 1.052e-02  mse_pde 2.837e-04  mse_ic 5.178e-03  mse_in 5.058e-03  mse_out 7.959e-08:   7%|▋         | 1753/25000 [01:45<23:24]
loss : 1.034e-02  mse_pde 1.040e-04  mse_ic 4.994e-03  mse_in 5.238e-03  mse_out 7.114e-08:   7%|▋         | 1753/25000 [01:45<23:24]
loss : 1.034e-02  mse_pde 1.040e-04  mse_ic 4.994e-03  mse_in 5.238e-03  mse_out 7.114e-08:   7%|▋         | 1753/25000 [01:45<23:24]
loss : 1.034e-02  mse_pde 1.040e-04  mse_ic 4.994e-03  mse_in 5.238e-03  mse_out 7.114e-08:   7%|▋         | 1755/25000 [01:45<23:28]
loss : 1.034e-02  mse_pde 1.090e-04  mse_ic 5.097e-03  mse_in 5.135e-03  mse_out 6.568e-08:   7%|▋         | 1755/25000 [01:45<23:28]
loss : 1.034e-02  mse_pde 1.090e-04  mse_ic 5.097e-03  mse_in 5.135e-03  mse_out 6.568e-08:   7%|▋         | 1755/25000 [01:45<23:28]
loss : 1.049e-02  mse_pde 2.444e-04  mse_ic 5.414e-03  mse_in 4.835e-03  mse_out 6.600e-08:   7%|▋         | 1755/25000 [01:45<23:28]
loss : 1.049e-02  mse_pde 2.444e-04  mse_ic 5.414e-03  mse_in 4.835e-03  mse_out 6.600e-08:   7%|▋         | 1755/25000 [01:45<23:28]
loss : 1.049e-02  mse_pde 2.444e-04  mse_ic 5.414e-03  mse_in 4.835e-03  mse_out 6.600e-08:   7%|▋         | 1757/25000 [01:45<22:49]
loss : 1.032e-02  mse_pde 7.267e-05  mse_ic 5.392e-03  mse_in 4.851e-03  mse_out 6.938e-08:   7%|▋         | 1757/25000 [01:45<22:49]
loss : 1.032e-02  mse_pde 7.267e-05  mse_ic 5.392e-03  mse_in 4.851e-03  mse_out 6.938e-08:   7%|▋         | 1757/25000 [01:45<22:49]
loss : 1.038e-02  mse_pde 1.436e-04  mse_ic 5.165e-03  mse_in 5.068e-03  mse_out 7.366e-08:   7%|▋         | 1757/25000 [01:45<22:49]
loss : 1.038e-02  mse_pde 1.436e-04  mse_ic 5.165e-03  mse_in 5.068e-03  mse_out 7.366e-08:   7%|▋         | 1757/25000 [01:45<22:49]
loss : 1.038e-02  mse_pde 1.436e-04  mse_ic 5.165e-03  mse_in 5.068e-03  mse_out 7.366e-08:   7%|▋         | 1759/25000 [01:45<23:07]
loss : 1.055e-02  mse_pde 3.090e-04  mse_ic 5.096e-03  mse_in 5.141e-03  mse_out 7.586e-08:   7%|▋         | 1759/25000 [01:45<23:07]
loss : 1.055e-02  mse_pde 3.090e-04  mse_ic 5.096e-03  mse_in 5.141e-03  mse_out 7.586e-08:   7%|▋         | 1759/25000 [01:45<23:07]
loss : 1.030e-02  mse_pde 7.238e-05  mse_ic 5.082e-03  mse_in 5.148e-03  mse_out 7.325e-08:   7%|▋         | 1759/25000 [01:45<23:07]
loss : 1.030e-02  mse_pde 7.238e-05  mse_ic 5.082e-03  mse_in 5.148e-03  mse_out 7.325e-08:   7%|▋         | 1759/25000 [01:45<23:07]
loss : 1.030e-02  mse_pde 7.238e-05  mse_ic 5.082e-03  mse_in 5.148e-03  mse_out 7.325e-08:   7%|▋         | 1761/25000 [01:45<23:14]
loss : 1.034e-02  mse_pde 1.093e-04  mse_ic 5.193e-03  mse_in 5.037e-03  mse_out 6.920e-08:   7%|▋         | 1761/25000 [01:45<23:14]
loss : 1.034e-02  mse_pde 1.093e-04  mse_ic 5.193e-03  mse_in 5.037e-03  mse_out 6.920e-08:   7%|▋         | 1761/25000 [01:45<23:14]
loss : 1.049e-02  mse_pde 2.499e-04  mse_ic 5.256e-03  mse_in 4.980e-03  mse_out 6.691e-08:   7%|▋         | 1761/25000 [01:45<23:14]
loss : 1.049e-02  mse_pde 2.499e-04  mse_ic 5.256e-03  mse_in 4.980e-03  mse_out 6.691e-08:   7%|▋         | 1761/25000 [01:45<23:14]
loss : 1.049e-02  mse_pde 2.499e-04  mse_ic 5.256e-03  mse_in 4.980e-03  mse_out 6.691e-08:   7%|▋         | 1763/25000 [01:45<23:12]
loss : 1.032e-02  mse_pde 8.793e-05  mse_ic 5.005e-03  mse_in 5.223e-03  mse_out 6.665e-08:   7%|▋         | 1763/25000 [01:45<23:12]
loss : 1.032e-02  mse_pde 8.793e-05  mse_ic 5.005e-03  mse_in 5.223e-03  mse_out 6.665e-08:   7%|▋         | 1763/25000 [01:45<23:12]
loss : 1.030e-02  mse_pde 7.280e-05  mse_ic 4.952e-03  mse_in 5.277e-03  mse_out 6.995e-08:   7%|▋         | 1763/25000 [01:45<23:12]
loss : 1.030e-02  mse_pde 7.280e-05  mse_ic 4.952e-03  mse_in 5.277e-03  mse_out 6.995e-08:   7%|▋         | 1763/25000 [01:45<23:12]
loss : 1.030e-02  mse_pde 7.280e-05  mse_ic 4.952e-03  mse_in 5.277e-03  mse_out 6.995e-08:   7%|▋         | 1765/25000 [01:45<23:12]
loss : 1.046e-02  mse_pde 2.267e-04  mse_ic 5.125e-03  mse_in 5.108e-03  mse_out 7.345e-08:   7%|▋         | 1765/25000 [01:45<23:12]
loss : 1.046e-02  mse_pde 2.267e-04  mse_ic 5.125e-03  mse_in 5.108e-03  mse_out 7.345e-08:   7%|▋         | 1765/25000 [01:45<23:12]
loss : 1.040e-02  mse_pde 1.685e-04  mse_ic 5.133e-03  mse_in 5.094e-03  mse_out 7.177e-08:   7%|▋         | 1765/25000 [01:46<23:12]
loss : 1.040e-02  mse_pde 1.685e-04  mse_ic 5.133e-03  mse_in 5.094e-03  mse_out 7.177e-08:   7%|▋         | 1765/25000 [01:46<23:12]
loss : 1.040e-02  mse_pde 1.685e-04  mse_ic 5.133e-03  mse_in 5.094e-03  mse_out 7.177e-08:   7%|▋         | 1767/25000 [01:46<23:22]
loss : 1.026e-02  mse_pde 3.149e-05  mse_ic 5.156e-03  mse_in 5.075e-03  mse_out 6.761e-08:   7%|▋         | 1767/25000 [01:46<23:22]
loss : 1.026e-02  mse_pde 3.149e-05  mse_ic 5.156e-03  mse_in 5.075e-03  mse_out 6.761e-08:   7%|▋         | 1767/25000 [01:46<23:22]
loss : 1.042e-02  mse_pde 1.890e-04  mse_ic 5.068e-03  mse_in 5.165e-03  mse_out 6.433e-08:   7%|▋         | 1767/25000 [01:46<23:22]
loss : 1.042e-02  mse_pde 1.890e-04  mse_ic 5.068e-03  mse_in 5.165e-03  mse_out 6.433e-08:   7%|▋         | 1767/25000 [01:46<23:22]
loss : 1.042e-02  mse_pde 1.890e-04  mse_ic 5.068e-03  mse_in 5.165e-03  mse_out 6.433e-08:   7%|▋         | 1769/25000 [01:46<23:23]
loss : 1.044e-02  mse_pde 2.115e-04  mse_ic 4.970e-03  mse_in 5.259e-03  mse_out 6.477e-08:   7%|▋         | 1769/25000 [01:46<23:23]
loss : 1.044e-02  mse_pde 2.115e-04  mse_ic 4.970e-03  mse_in 5.259e-03  mse_out 6.477e-08:   7%|▋         | 1769/25000 [01:46<23:23]
loss : 1.029e-02  mse_pde 5.887e-05  mse_ic 5.217e-03  mse_in 5.018e-03  mse_out 7.025e-08:   7%|▋         | 1769/25000 [01:46<23:23]
loss : 1.029e-02  mse_pde 5.887e-05  mse_ic 5.217e-03  mse_in 5.018e-03  mse_out 7.025e-08:   7%|▋         | 1769/25000 [01:46<23:23]
loss : 1.029e-02  mse_pde 5.887e-05  mse_ic 5.217e-03  mse_in 5.018e-03  mse_out 7.025e-08:   7%|▋         | 1771/25000 [01:46<23:19]
loss : 1.032e-02  mse_pde 8.700e-05  mse_ic 5.267e-03  mse_in 4.970e-03  mse_out 7.493e-08:   7%|▋         | 1771/25000 [01:46<23:19]
loss : 1.032e-02  mse_pde 8.700e-05  mse_ic 5.267e-03  mse_in 4.970e-03  mse_out 7.493e-08:   7%|▋         | 1771/25000 [01:46<23:19]
loss : 1.042e-02  mse_pde 1.911e-04  mse_ic 5.070e-03  mse_in 5.159e-03  mse_out 7.505e-08:   7%|▋         | 1771/25000 [01:46<23:19]
loss : 1.042e-02  mse_pde 1.911e-04  mse_ic 5.070e-03  mse_in 5.159e-03  mse_out 7.505e-08:   7%|▋         | 1771/25000 [01:46<23:19]
loss : 1.042e-02  mse_pde 1.911e-04  mse_ic 5.070e-03  mse_in 5.159e-03  mse_out 7.505e-08:   7%|▋         | 1773/25000 [01:46<23:18]
loss : 1.035e-02  mse_pde 1.199e-04  mse_ic 5.158e-03  mse_in 5.077e-03  mse_out 7.359e-08:   7%|▋         | 1773/25000 [01:46<23:18]
loss : 1.035e-02  mse_pde 1.199e-04  mse_ic 5.158e-03  mse_in 5.077e-03  mse_out 7.359e-08:   7%|▋         | 1773/25000 [01:46<23:18]
loss : 1.026e-02  mse_pde 2.812e-05  mse_ic 5.198e-03  mse_in 5.035e-03  mse_out 7.118e-08:   7%|▋         | 1773/25000 [01:46<23:18]
loss : 1.026e-02  mse_pde 2.812e-05  mse_ic 5.198e-03  mse_in 5.035e-03  mse_out 7.118e-08:   7%|▋         | 1773/25000 [01:46<23:18]
loss : 1.026e-02  mse_pde 2.812e-05  mse_ic 5.198e-03  mse_in 5.035e-03  mse_out 7.118e-08:   7%|▋         | 1775/25000 [01:46<23:33]
loss : 1.038e-02  mse_pde 1.554e-04  mse_ic 5.112e-03  mse_in 5.115e-03  mse_out 6.953e-08:   7%|▋         | 1775/25000 [01:46<23:33]
loss : 1.038e-02  mse_pde 1.554e-04  mse_ic 5.112e-03  mse_in 5.115e-03  mse_out 6.953e-08:   7%|▋         | 1775/25000 [01:46<23:33]
loss : 1.042e-02  mse_pde 1.892e-04  mse_ic 5.093e-03  mse_in 5.138e-03  mse_out 6.974e-08:   7%|▋         | 1775/25000 [01:46<23:33]
loss : 1.042e-02  mse_pde 1.892e-04  mse_ic 5.093e-03  mse_in 5.138e-03  mse_out 6.974e-08:   7%|▋         | 1775/25000 [01:46<23:33]
loss : 1.042e-02  mse_pde 1.892e-04  mse_ic 5.093e-03  mse_in 5.138e-03  mse_out 6.974e-08:   7%|▋         | 1777/25000 [01:46<23:36]
loss : 1.030e-02  mse_pde 7.533e-05  mse_ic 4.956e-03  mse_in 5.272e-03  mse_out 6.945e-08:   7%|▋         | 1777/25000 [01:46<23:36]
loss : 1.030e-02  mse_pde 7.533e-05  mse_ic 4.956e-03  mse_in 5.272e-03  mse_out 6.945e-08:   7%|▋         | 1777/25000 [01:46<23:36]
loss : 1.026e-02  mse_pde 3.417e-05  mse_ic 5.046e-03  mse_in 5.181e-03  mse_out 6.988e-08:   7%|▋         | 1777/25000 [01:46<23:36]
loss : 1.026e-02  mse_pde 3.417e-05  mse_ic 5.046e-03  mse_in 5.181e-03  mse_out 6.988e-08:   7%|▋         | 1777/25000 [01:46<23:36]
loss : 1.026e-02  mse_pde 3.417e-05  mse_ic 5.046e-03  mse_in 5.181e-03  mse_out 6.988e-08:   7%|▋         | 1779/25000 [01:46<23:30]
loss : 1.036e-02  mse_pde 1.330e-04  mse_ic 5.194e-03  mse_in 5.037e-03  mse_out 7.049e-08:   7%|▋         | 1779/25000 [01:46<23:30]
loss : 1.036e-02  mse_pde 1.330e-04  mse_ic 5.194e-03  mse_in 5.037e-03  mse_out 7.049e-08:   7%|▋         | 1779/25000 [01:46<23:30]
loss : 1.039e-02  mse_pde 1.637e-04  mse_ic 5.040e-03  mse_in 5.184e-03  mse_out 7.008e-08:   7%|▋         | 1779/25000 [01:46<23:30]
loss : 1.039e-02  mse_pde 1.637e-04  mse_ic 5.040e-03  mse_in 5.184e-03  mse_out 7.008e-08:   7%|▋         | 1779/25000 [01:46<23:30]
loss : 1.039e-02  mse_pde 1.637e-04  mse_ic 5.040e-03  mse_in 5.184e-03  mse_out 7.008e-08:   7%|▋         | 1781/25000 [01:46<23:38]
loss : 1.030e-02  mse_pde 7.383e-05  mse_ic 5.027e-03  mse_in 5.202e-03  mse_out 7.084e-08:   7%|▋         | 1781/25000 [01:46<23:38]
loss : 1.030e-02  mse_pde 7.383e-05  mse_ic 5.027e-03  mse_in 5.202e-03  mse_out 7.084e-08:   7%|▋         | 1781/25000 [01:46<23:38]
loss : 1.025e-02  mse_pde 2.562e-05  mse_ic 4.975e-03  mse_in 5.253e-03  mse_out 7.092e-08:   7%|▋         | 1781/25000 [01:46<23:38]
loss : 1.025e-02  mse_pde 2.562e-05  mse_ic 4.975e-03  mse_in 5.253e-03  mse_out 7.092e-08:   7%|▋         | 1781/25000 [01:46<23:38]
loss : 1.025e-02  mse_pde 2.562e-05  mse_ic 4.975e-03  mse_in 5.253e-03  mse_out 7.092e-08:   7%|▋         | 1783/25000 [01:47<23:30]
loss : 1.030e-02  mse_pde 7.748e-05  mse_ic 5.030e-03  mse_in 5.195e-03  mse_out 7.036e-08:   7%|▋         | 1783/25000 [01:47<23:30]
loss : 1.030e-02  mse_pde 7.748e-05  mse_ic 5.030e-03  mse_in 5.195e-03  mse_out 7.036e-08:   7%|▋         | 1783/25000 [01:47<23:30]
loss : 1.039e-02  mse_pde 1.616e-04  mse_ic 5.214e-03  mse_in 5.018e-03  mse_out 6.958e-08:   7%|▋         | 1783/25000 [01:47<23:30]
loss : 1.039e-02  mse_pde 1.616e-04  mse_ic 5.214e-03  mse_in 5.018e-03  mse_out 6.958e-08:   7%|▋         | 1783/25000 [01:47<23:30]
loss : 1.039e-02  mse_pde 1.616e-04  mse_ic 5.214e-03  mse_in 5.018e-03  mse_out 6.958e-08:   7%|▋         | 1785/25000 [01:47<23:26]
loss : 1.036e-02  mse_pde 1.350e-04  mse_ic 5.090e-03  mse_in 5.134e-03  mse_out 6.759e-08:   7%|▋         | 1785/25000 [01:47<23:26]
loss : 1.036e-02  mse_pde 1.350e-04  mse_ic 5.090e-03  mse_in 5.134e-03  mse_out 6.759e-08:   7%|▋         | 1785/25000 [01:47<23:26]
loss : 1.028e-02  mse_pde 4.824e-05  mse_ic 5.129e-03  mse_in 5.099e-03  mse_out 6.775e-08:   7%|▋         | 1785/25000 [01:47<23:26]
loss : 1.028e-02  mse_pde 4.824e-05  mse_ic 5.129e-03  mse_in 5.099e-03  mse_out 6.775e-08:   7%|▋         | 1785/25000 [01:47<23:26]
loss : 1.025e-02  mse_pde 2.636e-05  mse_ic 5.106e-03  mse_in 5.121e-03  mse_out 6.881e-08:   7%|▋         | 1785/25000 [01:47<23:26]
loss : 1.025e-02  mse_pde 2.636e-05  mse_ic 5.106e-03  mse_in 5.121e-03  mse_out 6.881e-08:   7%|▋         | 1785/25000 [01:47<23:26]
loss : 1.025e-02  mse_pde 2.636e-05  mse_ic 5.106e-03  mse_in 5.121e-03  mse_out 6.881e-08:   7%|▋         | 1788/25000 [01:47<20:48]
loss : 1.033e-02  mse_pde 1.025e-04  mse_ic 5.053e-03  mse_in 5.170e-03  mse_out 7.017e-08:   7%|▋         | 1788/25000 [01:47<20:48]
loss : 1.033e-02  mse_pde 1.025e-04  mse_ic 5.053e-03  mse_in 5.170e-03  mse_out 7.017e-08:   7%|▋         | 1788/25000 [01:47<20:48]
loss : 1.043e-02  mse_pde 1.992e-04  mse_ic 5.142e-03  mse_in 5.086e-03  mse_out 7.224e-08:   7%|▋         | 1788/25000 [01:47<20:48]
loss : 1.043e-02  mse_pde 1.992e-04  mse_ic 5.142e-03  mse_in 5.086e-03  mse_out 7.224e-08:   7%|▋         | 1788/25000 [01:47<20:48]
loss : 1.043e-02  mse_pde 1.992e-04  mse_ic 5.142e-03  mse_in 5.086e-03  mse_out 7.224e-08:   7%|▋         | 1790/25000 [01:47<21:19]
loss : 1.045e-02  mse_pde 2.319e-04  mse_ic 5.036e-03  mse_in 5.185e-03  mse_out 7.326e-08:   7%|▋         | 1790/25000 [01:47<21:19]
loss : 1.045e-02  mse_pde 2.319e-04  mse_ic 5.036e-03  mse_in 5.185e-03  mse_out 7.326e-08:   7%|▋         | 1790/25000 [01:47<21:19]
loss : 1.037e-02  mse_pde 1.421e-04  mse_ic 5.239e-03  mse_in 4.991e-03  mse_out 7.518e-08:   7%|▋         | 1790/25000 [01:47<21:19]
loss : 1.037e-02  mse_pde 1.421e-04  mse_ic 5.239e-03  mse_in 4.991e-03  mse_out 7.518e-08:   7%|▋         | 1790/25000 [01:47<21:19]
loss : 1.037e-02  mse_pde 1.421e-04  mse_ic 5.239e-03  mse_in 4.991e-03  mse_out 7.518e-08:   7%|▋         | 1792/25000 [01:47<21:58]
loss : 1.026e-02  mse_pde 3.059e-05  mse_ic 5.162e-03  mse_in 5.063e-03  mse_out 7.361e-08:   7%|▋         | 1792/25000 [01:47<21:58]
loss : 1.026e-02  mse_pde 3.059e-05  mse_ic 5.162e-03  mse_in 5.063e-03  mse_out 7.361e-08:   7%|▋         | 1792/25000 [01:47<21:58]
loss : 1.030e-02  mse_pde 7.360e-05  mse_ic 5.061e-03  mse_in 5.162e-03  mse_out 7.012e-08:   7%|▋         | 1792/25000 [01:47<21:58]
loss : 1.030e-02  mse_pde 7.360e-05  mse_ic 5.061e-03  mse_in 5.162e-03  mse_out 7.012e-08:   7%|▋         | 1792/25000 [01:47<21:58]
loss : 1.030e-02  mse_pde 7.360e-05  mse_ic 5.061e-03  mse_in 5.162e-03  mse_out 7.012e-08:   7%|▋         | 1794/25000 [01:47<22:26]
loss : 1.045e-02  mse_pde 2.226e-04  mse_ic 5.152e-03  mse_in 5.076e-03  mse_out 6.840e-08:   7%|▋         | 1794/25000 [01:47<22:26]
loss : 1.045e-02  mse_pde 2.226e-04  mse_ic 5.152e-03  mse_in 5.076e-03  mse_out 6.840e-08:   7%|▋         | 1794/25000 [01:47<22:26]
loss : 1.052e-02  mse_pde 2.940e-04  mse_ic 5.136e-03  mse_in 5.085e-03  mse_out 6.945e-08:   7%|▋         | 1794/25000 [01:47<22:26]
loss : 1.052e-02  mse_pde 2.940e-04  mse_ic 5.136e-03  mse_in 5.085e-03  mse_out 6.945e-08:   7%|▋         | 1794/25000 [01:47<22:26]
loss : 1.052e-02  mse_pde 2.940e-04  mse_ic 5.136e-03  mse_in 5.085e-03  mse_out 6.945e-08:   7%|▋         | 1796/25000 [01:47<22:42]
loss : 1.038e-02  mse_pde 1.396e-04  mse_ic 5.359e-03  mse_in 4.876e-03  mse_out 7.448e-08:   7%|▋         | 1796/25000 [01:47<22:42]
loss : 1.038e-02  mse_pde 1.396e-04  mse_ic 5.359e-03  mse_in 4.876e-03  mse_out 7.448e-08:   7%|▋         | 1796/25000 [01:47<22:42]
loss : 1.026e-02  mse_pde 3.320e-05  mse_ic 5.178e-03  mse_in 5.048e-03  mse_out 7.645e-08:   7%|▋         | 1796/25000 [01:47<22:42]
loss : 1.026e-02  mse_pde 3.320e-05  mse_ic 5.178e-03  mse_in 5.048e-03  mse_out 7.645e-08:   7%|▋         | 1796/25000 [01:47<22:42]
loss : 1.026e-02  mse_pde 3.320e-05  mse_ic 5.178e-03  mse_in 5.048e-03  mse_out 7.645e-08:   7%|▋         | 1798/25000 [01:47<22:54]
loss : 1.043e-02  mse_pde 2.107e-04  mse_ic 5.023e-03  mse_in 5.199e-03  mse_out 7.405e-08:   7%|▋         | 1798/25000 [01:47<22:54]
loss : 1.043e-02  mse_pde 2.107e-04  mse_ic 5.023e-03  mse_in 5.199e-03  mse_out 7.405e-08:   7%|▋         | 1798/25000 [01:47<22:54]
loss : 1.061e-02  mse_pde 3.768e-04  mse_ic 5.264e-03  mse_in 4.967e-03  mse_out 7.105e-08:   7%|▋         | 1798/25000 [01:47<22:54]
loss : 1.061e-02  mse_pde 3.768e-04  mse_ic 5.264e-03  mse_in 4.967e-03  mse_out 7.105e-08:   7%|▋         | 1798/25000 [01:47<22:54]
loss : 1.061e-02  mse_pde 3.768e-04  mse_ic 5.264e-03  mse_in 4.967e-03  mse_out 7.105e-08:   7%|▋         | 1800/25000 [01:47<22:55]
loss : 1.039e-02  mse_pde 1.658e-04  mse_ic 5.258e-03  mse_in 4.968e-03  mse_out 6.850e-08:   7%|▋         | 1800/25000 [01:48<22:55]
loss : 1.039e-02  mse_pde 1.658e-04  mse_ic 5.258e-03  mse_in 4.968e-03  mse_out 6.850e-08:   7%|▋         | 1800/25000 [01:48<22:55]
loss : 1.029e-02  mse_pde 6.684e-05  mse_ic 5.229e-03  mse_in 4.998e-03  mse_out 6.996e-08:   7%|▋         | 1800/25000 [01:48<22:55]
loss : 1.029e-02  mse_pde 6.684e-05  mse_ic 5.229e-03  mse_in 4.998e-03  mse_out 6.996e-08:   7%|▋         | 1800/25000 [01:48<22:55]
loss : 1.029e-02  mse_pde 6.684e-05  mse_ic 5.229e-03  mse_in 4.998e-03  mse_out 6.996e-08:   7%|▋         | 1802/25000 [01:48<23:22]
loss : 1.053e-02  mse_pde 2.941e-04  mse_ic 5.261e-03  mse_in 4.971e-03  mse_out 7.343e-08:   7%|▋         | 1802/25000 [01:48<23:22]
loss : 1.053e-02  mse_pde 2.941e-04  mse_ic 5.261e-03  mse_in 4.971e-03  mse_out 7.343e-08:   7%|▋         | 1802/25000 [01:48<23:22]
loss : 1.046e-02  mse_pde 2.386e-04  mse_ic 5.220e-03  mse_in 5.004e-03  mse_out 7.256e-08:   7%|▋         | 1802/25000 [01:48<23:22]
loss : 1.046e-02  mse_pde 2.386e-04  mse_ic 5.220e-03  mse_in 5.004e-03  mse_out 7.256e-08:   7%|▋         | 1802/25000 [01:48<23:22]
loss : 1.046e-02  mse_pde 2.386e-04  mse_ic 5.220e-03  mse_in 5.004e-03  mse_out 7.256e-08:   7%|▋         | 1804/25000 [01:48<23:08]
loss : 1.026e-02  mse_pde 2.720e-05  mse_ic 5.294e-03  mse_in 4.935e-03  mse_out 6.863e-08:   7%|▋         | 1804/25000 [01:48<23:08]
loss : 1.026e-02  mse_pde 2.720e-05  mse_ic 5.294e-03  mse_in 4.935e-03  mse_out 6.863e-08:   7%|▋         | 1804/25000 [01:48<23:08]
loss : 1.047e-02  mse_pde 2.415e-04  mse_ic 5.199e-03  mse_in 5.030e-03  mse_out 6.554e-08:   7%|▋         | 1804/25000 [01:48<23:08]
loss : 1.047e-02  mse_pde 2.415e-04  mse_ic 5.199e-03  mse_in 5.030e-03  mse_out 6.554e-08:   7%|▋         | 1804/25000 [01:48<23:08]
loss : 1.047e-02  mse_pde 2.415e-04  mse_ic 5.199e-03  mse_in 5.030e-03  mse_out 6.554e-08:   7%|▋         | 1806/25000 [01:48<23:21]
loss : 1.047e-02  mse_pde 2.515e-04  mse_ic 5.098e-03  mse_in 5.122e-03  mse_out 6.819e-08:   7%|▋         | 1806/25000 [01:48<23:21]
loss : 1.047e-02  mse_pde 2.515e-04  mse_ic 5.098e-03  mse_in 5.122e-03  mse_out 6.819e-08:   7%|▋         | 1806/25000 [01:48<23:21]
loss : 1.031e-02  mse_pde 7.555e-05  mse_ic 5.323e-03  mse_in 4.907e-03  mse_out 7.535e-08:   7%|▋         | 1806/25000 [01:48<23:21]
loss : 1.031e-02  mse_pde 7.555e-05  mse_ic 5.323e-03  mse_in 4.907e-03  mse_out 7.535e-08:   7%|▋         | 1806/25000 [01:48<23:21]
loss : 1.031e-02  mse_pde 7.555e-05  mse_ic 5.323e-03  mse_in 4.907e-03  mse_out 7.535e-08:   7%|▋         | 1808/25000 [01:48<23:30]
loss : 1.035e-02  mse_pde 1.239e-04  mse_ic 5.141e-03  mse_in 5.085e-03  mse_out 7.598e-08:   7%|▋         | 1808/25000 [01:48<23:30]
loss : 1.035e-02  mse_pde 1.239e-04  mse_ic 5.141e-03  mse_in 5.085e-03  mse_out 7.598e-08:   7%|▋         | 1808/25000 [01:48<23:30]
loss : 1.053e-02  mse_pde 3.094e-04  mse_ic 4.876e-03  mse_in 5.347e-03  mse_out 7.078e-08:   7%|▋         | 1808/25000 [01:48<23:30]
loss : 1.053e-02  mse_pde 3.094e-04  mse_ic 4.876e-03  mse_in 5.347e-03  mse_out 7.078e-08:   7%|▋         | 1808/25000 [01:48<23:30]
loss : 1.053e-02  mse_pde 3.094e-04  mse_ic 4.876e-03  mse_in 5.347e-03  mse_out 7.078e-08:   7%|▋         | 1810/25000 [01:48<23:29]
loss : 1.037e-02  mse_pde 1.467e-04  mse_ic 5.175e-03  mse_in 5.051e-03  mse_out 6.819e-08:   7%|▋         | 1810/25000 [01:48<23:29]
loss : 1.037e-02  mse_pde 1.467e-04  mse_ic 5.175e-03  mse_in 5.051e-03  mse_out 6.819e-08:   7%|▋         | 1810/25000 [01:48<23:29]
loss : 1.031e-02  mse_pde 7.837e-05  mse_ic 5.282e-03  mse_in 4.946e-03  mse_out 6.642e-08:   7%|▋         | 1810/25000 [01:48<23:29]
loss : 1.031e-02  mse_pde 7.837e-05  mse_ic 5.282e-03  mse_in 4.946e-03  mse_out 6.642e-08:   7%|▋         | 1810/25000 [01:48<23:29]
loss : 1.031e-02  mse_pde 7.837e-05  mse_ic 5.282e-03  mse_in 4.946e-03  mse_out 6.642e-08:   7%|▋         | 1812/25000 [01:48<23:28]
loss : 1.044e-02  mse_pde 2.219e-04  mse_ic 5.003e-03  mse_in 5.217e-03  mse_out 6.572e-08:   7%|▋         | 1812/25000 [01:48<23:28]
loss : 1.044e-02  mse_pde 2.219e-04  mse_ic 5.003e-03  mse_in 5.217e-03  mse_out 6.572e-08:   7%|▋         | 1812/25000 [01:48<23:28]
loss : 1.048e-02  mse_pde 2.567e-04  mse_ic 4.999e-03  mse_in 5.227e-03  mse_out 6.920e-08:   7%|▋         | 1812/25000 [01:48<23:28]
loss : 1.048e-02  mse_pde 2.567e-04  mse_ic 4.999e-03  mse_in 5.227e-03  mse_out 6.920e-08:   7%|▋         | 1812/25000 [01:48<23:28]
loss : 1.048e-02  mse_pde 2.567e-04  mse_ic 4.999e-03  mse_in 5.227e-03  mse_out 6.920e-08:   7%|▋         | 1814/25000 [01:48<23:33]
loss : 1.026e-02  mse_pde 4.019e-05  mse_ic 5.141e-03  mse_in 5.082e-03  mse_out 7.390e-08:   7%|▋         | 1814/25000 [01:48<23:33]
loss : 1.026e-02  mse_pde 4.019e-05  mse_ic 5.141e-03  mse_in 5.082e-03  mse_out 7.390e-08:   7%|▋         | 1814/25000 [01:48<23:33]
loss : 1.038e-02  mse_pde 1.543e-04  mse_ic 5.289e-03  mse_in 4.937e-03  mse_out 7.563e-08:   7%|▋         | 1814/25000 [01:48<23:33]
loss : 1.038e-02  mse_pde 1.543e-04  mse_ic 5.289e-03  mse_in 4.937e-03  mse_out 7.563e-08:   7%|▋         | 1814/25000 [01:48<23:33]
loss : 1.038e-02  mse_pde 1.543e-04  mse_ic 5.289e-03  mse_in 4.937e-03  mse_out 7.563e-08:   7%|▋         | 1816/25000 [01:48<23:36]
loss : 1.041e-02  mse_pde 1.739e-04  mse_ic 5.320e-03  mse_in 4.912e-03  mse_out 7.320e-08:   7%|▋         | 1816/25000 [01:48<23:36]
loss : 1.041e-02  mse_pde 1.739e-04  mse_ic 5.320e-03  mse_in 4.912e-03  mse_out 7.320e-08:   7%|▋         | 1816/25000 [01:48<23:36]
loss : 1.028e-02  mse_pde 5.824e-05  mse_ic 5.056e-03  mse_in 5.167e-03  mse_out 6.872e-08:   7%|▋         | 1816/25000 [01:49<23:36]
loss : 1.028e-02  mse_pde 5.824e-05  mse_ic 5.056e-03  mse_in 5.167e-03  mse_out 6.872e-08:   7%|▋         | 1816/25000 [01:49<23:36]
loss : 1.028e-02  mse_pde 5.824e-05  mse_ic 5.056e-03  mse_in 5.167e-03  mse_out 6.872e-08:   7%|▋         | 1818/25000 [01:49<23:37]
loss : 1.034e-02  mse_pde 1.153e-04  mse_ic 4.981e-03  mse_in 5.240e-03  mse_out 6.702e-08:   7%|▋         | 1818/25000 [01:49<23:37]
loss : 1.034e-02  mse_pde 1.153e-04  mse_ic 4.981e-03  mse_in 5.240e-03  mse_out 6.702e-08:   7%|▋         | 1818/25000 [01:49<23:37]
loss : 1.048e-02  mse_pde 2.535e-04  mse_ic 5.137e-03  mse_in 5.088e-03  mse_out 6.678e-08:   7%|▋         | 1818/25000 [01:49<23:37]
loss : 1.048e-02  mse_pde 2.535e-04  mse_ic 5.137e-03  mse_in 5.088e-03  mse_out 6.678e-08:   7%|▋         | 1818/25000 [01:49<23:37]
loss : 1.048e-02  mse_pde 2.535e-04  mse_ic 5.137e-03  mse_in 5.088e-03  mse_out 6.678e-08:   7%|▋         | 1820/25000 [01:49<23:28]
loss : 1.031e-02  mse_pde 9.483e-05  mse_ic 5.077e-03  mse_in 5.143e-03  mse_out 6.476e-08:   7%|▋         | 1820/25000 [01:49<23:28]
loss : 1.031e-02  mse_pde 9.483e-05  mse_ic 5.077e-03  mse_in 5.143e-03  mse_out 6.476e-08:   7%|▋         | 1820/25000 [01:49<23:28]
loss : 1.029e-02  mse_pde 7.049e-05  mse_ic 5.025e-03  mse_in 5.196e-03  mse_out 6.396e-08:   7%|▋         | 1820/25000 [01:49<23:28]
loss : 1.029e-02  mse_pde 7.049e-05  mse_ic 5.025e-03  mse_in 5.196e-03  mse_out 6.396e-08:   7%|▋         | 1820/25000 [01:49<23:28]
loss : 1.029e-02  mse_pde 7.049e-05  mse_ic 5.025e-03  mse_in 5.196e-03  mse_out 6.396e-08:   7%|▋         | 1822/25000 [01:49<23:33]
loss : 1.043e-02  mse_pde 2.057e-04  mse_ic 5.128e-03  mse_in 5.096e-03  mse_out 6.655e-08:   7%|▋         | 1822/25000 [01:49<23:33]
loss : 1.043e-02  mse_pde 2.057e-04  mse_ic 5.128e-03  mse_in 5.096e-03  mse_out 6.655e-08:   7%|▋         | 1822/25000 [01:49<23:33]
loss : 1.039e-02  mse_pde 1.756e-04  mse_ic 5.150e-03  mse_in 5.069e-03  mse_out 6.888e-08:   7%|▋         | 1822/25000 [01:49<23:33]
loss : 1.039e-02  mse_pde 1.756e-04  mse_ic 5.150e-03  mse_in 5.069e-03  mse_out 6.888e-08:   7%|▋         | 1822/25000 [01:49<23:33]
loss : 1.039e-02  mse_pde 1.756e-04  mse_ic 5.150e-03  mse_in 5.069e-03  mse_out 6.888e-08:   7%|▋         | 1824/25000 [01:49<23:41]
loss : 1.027e-02  mse_pde 5.014e-05  mse_ic 5.214e-03  mse_in 5.010e-03  mse_out 6.845e-08:   7%|▋         | 1824/25000 [01:49<23:41]
loss : 1.027e-02  mse_pde 5.014e-05  mse_ic 5.214e-03  mse_in 5.010e-03  mse_out 6.845e-08:   7%|▋         | 1824/25000 [01:49<23:41]
loss : 1.035e-02  mse_pde 1.316e-04  mse_ic 5.051e-03  mse_in 5.172e-03  mse_out 6.483e-08:   7%|▋         | 1824/25000 [01:49<23:41]
loss : 1.035e-02  mse_pde 1.316e-04  mse_ic 5.051e-03  mse_in 5.172e-03  mse_out 6.483e-08:   7%|▋         | 1824/25000 [01:49<23:41]
loss : 1.035e-02  mse_pde 1.316e-04  mse_ic 5.051e-03  mse_in 5.172e-03  mse_out 6.483e-08:   7%|▋         | 1826/25000 [01:49<23:14]
loss : 1.047e-02  mse_pde 2.517e-04  mse_ic 4.927e-03  mse_in 5.292e-03  mse_out 6.368e-08:   7%|▋         | 1826/25000 [01:49<23:14]
loss : 1.047e-02  mse_pde 2.517e-04  mse_ic 4.927e-03  mse_in 5.292e-03  mse_out 6.368e-08:   7%|▋         | 1826/25000 [01:49<23:14]
loss : 1.037e-02  mse_pde 1.386e-04  mse_ic 5.280e-03  mse_in 4.948e-03  mse_out 6.884e-08:   7%|▋         | 1826/25000 [01:49<23:14]
loss : 1.037e-02  mse_pde 1.386e-04  mse_ic 5.280e-03  mse_in 4.948e-03  mse_out 6.884e-08:   7%|▋         | 1826/25000 [01:49<23:14]
loss : 1.037e-02  mse_pde 1.386e-04  mse_ic 5.280e-03  mse_in 4.948e-03  mse_out 6.884e-08:   7%|▋         | 1828/25000 [01:49<23:18]
loss : 1.028e-02  mse_pde 5.285e-05  mse_ic 5.282e-03  mse_in 4.945e-03  mse_out 7.344e-08:   7%|▋         | 1828/25000 [01:49<23:18]
loss : 1.028e-02  mse_pde 5.285e-05  mse_ic 5.282e-03  mse_in 4.945e-03  mse_out 7.344e-08:   7%|▋         | 1828/25000 [01:49<23:18]
loss : 1.041e-02  mse_pde 1.887e-04  mse_ic 4.992e-03  mse_in 5.228e-03  mse_out 7.277e-08:   7%|▋         | 1828/25000 [01:49<23:18]
loss : 1.041e-02  mse_pde 1.887e-04  mse_ic 4.992e-03  mse_in 5.228e-03  mse_out 7.277e-08:   7%|▋         | 1828/25000 [01:49<23:18]
loss : 1.041e-02  mse_pde 1.887e-04  mse_ic 4.992e-03  mse_in 5.228e-03  mse_out 7.277e-08:   7%|▋         | 1830/25000 [01:49<23:05]
loss : 1.050e-02  mse_pde 2.772e-04  mse_ic 5.020e-03  mse_in 5.205e-03  mse_out 6.943e-08:   7%|▋         | 1830/25000 [01:49<23:05]
loss : 1.050e-02  mse_pde 2.772e-04  mse_ic 5.020e-03  mse_in 5.205e-03  mse_out 6.943e-08:   7%|▋         | 1830/25000 [01:49<23:05]
loss : 1.031e-02  mse_pde 8.860e-05  mse_ic 5.163e-03  mse_in 5.058e-03  mse_out 6.545e-08:   7%|▋         | 1830/25000 [01:49<23:05]
loss : 1.031e-02  mse_pde 8.860e-05  mse_ic 5.163e-03  mse_in 5.058e-03  mse_out 6.545e-08:   7%|▋         | 1830/25000 [01:49<23:05]
loss : 1.031e-02  mse_pde 8.860e-05  mse_ic 5.163e-03  mse_in 5.058e-03  mse_out 6.545e-08:   7%|▋         | 1832/25000 [01:49<23:21]
loss : 1.032e-02  mse_pde 9.210e-05  mse_ic 5.297e-03  mse_in 4.927e-03  mse_out 6.329e-08:   7%|▋         | 1832/25000 [01:49<23:21]
loss : 1.032e-02  mse_pde 9.210e-05  mse_ic 5.297e-03  mse_in 4.927e-03  mse_out 6.329e-08:   7%|▋         | 1832/25000 [01:49<23:21]
loss : 1.041e-02  mse_pde 1.843e-04  mse_ic 5.196e-03  mse_in 5.028e-03  mse_out 6.383e-08:   7%|▋         | 1832/25000 [01:50<23:21]
loss : 1.041e-02  mse_pde 1.843e-04  mse_ic 5.196e-03  mse_in 5.028e-03  mse_out 6.383e-08:   7%|▋         | 1832/25000 [01:50<23:21]
loss : 1.041e-02  mse_pde 1.843e-04  mse_ic 5.196e-03  mse_in 5.028e-03  mse_out 6.383e-08:   7%|▋         | 1834/25000 [01:50<23:20]
loss : 1.039e-02  mse_pde 1.753e-04  mse_ic 4.937e-03  mse_in 5.282e-03  mse_out 6.726e-08:   7%|▋         | 1834/25000 [01:50<23:20]
loss : 1.039e-02  mse_pde 1.753e-04  mse_ic 4.937e-03  mse_in 5.282e-03  mse_out 6.726e-08:   7%|▋         | 1834/25000 [01:50<23:20]
loss : 1.026e-02  mse_pde 3.717e-05  mse_ic 5.105e-03  mse_in 5.115e-03  mse_out 7.380e-08:   7%|▋         | 1834/25000 [01:50<23:20]
loss : 1.026e-02  mse_pde 3.717e-05  mse_ic 5.105e-03  mse_in 5.115e-03  mse_out 7.380e-08:   7%|▋         | 1834/25000 [01:50<23:20]
loss : 1.032e-02  mse_pde 9.221e-05  mse_ic 5.233e-03  mse_in 4.990e-03  mse_out 7.603e-08:   7%|▋         | 1834/25000 [01:50<23:20]
loss : 1.032e-02  mse_pde 9.221e-05  mse_ic 5.233e-03  mse_in 4.990e-03  mse_out 7.603e-08:   7%|▋         | 1834/25000 [01:50<23:20]
loss : 1.032e-02  mse_pde 9.221e-05  mse_ic 5.233e-03  mse_in 4.990e-03  mse_out 7.603e-08:   7%|▋         | 1837/25000 [01:50<21:36]
loss : 1.037e-02  mse_pde 1.498e-04  mse_ic 5.038e-03  mse_in 5.178e-03  mse_out 7.155e-08:   7%|▋         | 1837/25000 [01:50<21:36]
loss : 1.037e-02  mse_pde 1.498e-04  mse_ic 5.038e-03  mse_in 5.178e-03  mse_out 7.155e-08:   7%|▋         | 1837/25000 [01:50<21:36]
loss : 1.037e-02  mse_pde 1.473e-04  mse_ic 4.980e-03  mse_in 5.240e-03  mse_out 6.784e-08:   7%|▋         | 1837/25000 [01:50<21:36]
loss : 1.037e-02  mse_pde 1.473e-04  mse_ic 4.980e-03  mse_in 5.240e-03  mse_out 6.784e-08:   7%|▋         | 1837/25000 [01:50<21:36]
loss : 1.037e-02  mse_pde 1.473e-04  mse_ic 4.980e-03  mse_in 5.240e-03  mse_out 6.784e-08:   7%|▋         | 1839/25000 [01:50<22:19]
loss : 1.026e-02  mse_pde 4.253e-05  mse_ic 4.967e-03  mse_in 5.251e-03  mse_out 6.741e-08:   7%|▋         | 1839/25000 [01:50<22:19]
loss : 1.026e-02  mse_pde 4.253e-05  mse_ic 4.967e-03  mse_in 5.251e-03  mse_out 6.741e-08:   7%|▋         | 1839/25000 [01:50<22:19]
loss : 1.027e-02  mse_pde 5.705e-05  mse_ic 5.063e-03  mse_in 5.154e-03  mse_out 6.856e-08:   7%|▋         | 1839/25000 [01:50<22:19]
loss : 1.027e-02  mse_pde 5.705e-05  mse_ic 5.063e-03  mse_in 5.154e-03  mse_out 6.856e-08:   7%|▋         | 1839/25000 [01:50<22:19]
loss : 1.027e-02  mse_pde 5.705e-05  mse_ic 5.063e-03  mse_in 5.154e-03  mse_out 6.856e-08:   7%|▋         | 1841/25000 [01:50<22:42]
loss : 1.032e-02  mse_pde 1.026e-04  mse_ic 5.085e-03  mse_in 5.133e-03  mse_out 6.725e-08:   7%|▋         | 1841/25000 [01:50<22:42]
loss : 1.032e-02  mse_pde 1.026e-04  mse_ic 5.085e-03  mse_in 5.133e-03  mse_out 6.725e-08:   7%|▋         | 1841/25000 [01:50<22:42]
loss : 1.038e-02  mse_pde 1.619e-04  mse_ic 4.945e-03  mse_in 5.271e-03  mse_out 6.448e-08:   7%|▋         | 1841/25000 [01:50<22:42]
loss : 1.038e-02  mse_pde 1.619e-04  mse_ic 4.945e-03  mse_in 5.271e-03  mse_out 6.448e-08:   7%|▋         | 1841/25000 [01:50<22:42]
loss : 1.038e-02  mse_pde 1.619e-04  mse_ic 4.945e-03  mse_in 5.271e-03  mse_out 6.448e-08:   7%|▋         | 1843/25000 [01:50<23:06]
loss : 1.036e-02  mse_pde 1.393e-04  mse_ic 5.150e-03  mse_in 5.069e-03  mse_out 6.597e-08:   7%|▋         | 1843/25000 [01:50<23:06]
loss : 1.036e-02  mse_pde 1.393e-04  mse_ic 5.150e-03  mse_in 5.069e-03  mse_out 6.597e-08:   7%|▋         | 1843/25000 [01:50<23:06]
loss : 1.028e-02  mse_pde 6.709e-05  mse_ic 5.183e-03  mse_in 5.034e-03  mse_out 6.949e-08:   7%|▋         | 1843/25000 [01:50<23:06]
loss : 1.028e-02  mse_pde 6.709e-05  mse_ic 5.183e-03  mse_in 5.034e-03  mse_out 6.949e-08:   7%|▋         | 1843/25000 [01:50<23:06]
loss : 1.028e-02  mse_pde 6.709e-05  mse_ic 5.183e-03  mse_in 5.034e-03  mse_out 6.949e-08:   7%|▋         | 1845/25000 [01:50<23:08]
loss : 1.025e-02  mse_pde 3.492e-05  mse_ic 5.110e-03  mse_in 5.106e-03  mse_out 7.200e-08:   7%|▋         | 1845/25000 [01:50<23:08]
loss : 1.025e-02  mse_pde 3.492e-05  mse_ic 5.110e-03  mse_in 5.106e-03  mse_out 7.200e-08:   7%|▋         | 1845/25000 [01:50<23:08]
loss : 1.033e-02  mse_pde 1.150e-04  mse_ic 5.000e-03  mse_in 5.219e-03  mse_out 7.096e-08:   7%|▋         | 1845/25000 [01:50<23:08]
loss : 1.033e-02  mse_pde 1.150e-04  mse_ic 5.000e-03  mse_in 5.219e-03  mse_out 7.096e-08:   7%|▋         | 1845/25000 [01:50<23:08]
loss : 1.033e-02  mse_pde 1.150e-04  mse_ic 5.000e-03  mse_in 5.219e-03  mse_out 7.096e-08:   7%|▋         | 1847/25000 [01:50<23:22]
loss : 1.045e-02  mse_pde 2.305e-04  mse_ic 4.962e-03  mse_in 5.253e-03  mse_out 6.823e-08:   7%|▋         | 1847/25000 [01:50<23:22]
loss : 1.045e-02  mse_pde 2.305e-04  mse_ic 4.962e-03  mse_in 5.253e-03  mse_out 6.823e-08:   7%|▋         | 1847/25000 [01:50<23:22]
loss : 1.052e-02  mse_pde 2.920e-04  mse_ic 5.292e-03  mse_in 4.934e-03  mse_out 6.774e-08:   7%|▋         | 1847/25000 [01:50<23:22]
loss : 1.052e-02  mse_pde 2.920e-04  mse_ic 5.292e-03  mse_in 4.934e-03  mse_out 6.774e-08:   7%|▋         | 1847/25000 [01:50<23:22]
loss : 1.052e-02  mse_pde 2.920e-04  mse_ic 5.292e-03  mse_in 4.934e-03  mse_out 6.774e-08:   7%|▋         | 1849/25000 [01:50<23:29]
loss : 1.033e-02  mse_pde 1.121e-04  mse_ic 5.244e-03  mse_in 4.975e-03  mse_out 6.713e-08:   7%|▋         | 1849/25000 [01:50<23:29]
loss : 1.033e-02  mse_pde 1.121e-04  mse_ic 5.244e-03  mse_in 4.975e-03  mse_out 6.713e-08:   7%|▋         | 1849/25000 [01:50<23:29]
loss : 1.027e-02  mse_pde 4.872e-05  mse_ic 5.139e-03  mse_in 5.078e-03  mse_out 6.729e-08:   7%|▋         | 1849/25000 [01:51<23:29]
loss : 1.027e-02  mse_pde 4.872e-05  mse_ic 5.139e-03  mse_in 5.078e-03  mse_out 6.729e-08:   7%|▋         | 1849/25000 [01:51<23:29]
loss : 1.027e-02  mse_pde 4.872e-05  mse_ic 5.139e-03  mse_in 5.078e-03  mse_out 6.729e-08:   7%|▋         | 1851/25000 [01:51<23:32]
loss : 1.047e-02  mse_pde 2.473e-04  mse_ic 5.165e-03  mse_in 5.056e-03  mse_out 6.793e-08:   7%|▋         | 1851/25000 [01:51<23:32]
loss : 1.047e-02  mse_pde 2.473e-04  mse_ic 5.165e-03  mse_in 5.056e-03  mse_out 6.793e-08:   7%|▋         | 1851/25000 [01:51<23:32]
loss : 1.053e-02  mse_pde 3.167e-04  mse_ic 5.190e-03  mse_in 5.024e-03  mse_out 6.726e-08:   7%|▋         | 1851/25000 [01:51<23:32]
loss : 1.053e-02  mse_pde 3.167e-04  mse_ic 5.190e-03  mse_in 5.024e-03  mse_out 6.726e-08:   7%|▋         | 1851/25000 [01:51<23:32]
loss : 1.053e-02  mse_pde 3.167e-04  mse_ic 5.190e-03  mse_in 5.024e-03  mse_out 6.726e-08:   7%|▋         | 1853/25000 [01:51<23:37]
loss : 1.036e-02  mse_pde 1.249e-04  mse_ic 5.491e-03  mse_in 4.746e-03  mse_out 6.640e-08:   7%|▋         | 1853/25000 [01:51<23:37]
loss : 1.036e-02  mse_pde 1.249e-04  mse_ic 5.491e-03  mse_in 4.746e-03  mse_out 6.640e-08:   7%|▋         | 1853/25000 [01:51<23:37]
loss : 1.030e-02  mse_pde 7.686e-05  mse_ic 5.271e-03  mse_in 4.952e-03  mse_out 6.511e-08:   7%|▋         | 1853/25000 [01:51<23:37]
loss : 1.030e-02  mse_pde 7.686e-05  mse_ic 5.271e-03  mse_in 4.952e-03  mse_out 6.511e-08:   7%|▋         | 1853/25000 [01:51<23:37]
loss : 1.030e-02  mse_pde 7.686e-05  mse_ic 5.271e-03  mse_in 4.952e-03  mse_out 6.511e-08:   7%|▋         | 1855/25000 [01:51<23:42]
loss : 1.055e-02  mse_pde 3.333e-04  mse_ic 4.969e-03  mse_in 5.245e-03  mse_out 6.685e-08:   7%|▋         | 1855/25000 [01:51<23:42]
loss : 1.055e-02  mse_pde 3.333e-04  mse_ic 4.969e-03  mse_in 5.245e-03  mse_out 6.685e-08:   7%|▋         | 1855/25000 [01:51<23:42]
loss : 1.055e-02  mse_pde 3.309e-04  mse_ic 5.203e-03  mse_in 5.019e-03  mse_out 7.143e-08:   7%|▋         | 1855/25000 [01:51<23:42]
loss : 1.055e-02  mse_pde 3.309e-04  mse_ic 5.203e-03  mse_in 5.019e-03  mse_out 7.143e-08:   7%|▋         | 1855/25000 [01:51<23:42]
loss : 1.055e-02  mse_pde 3.309e-04  mse_ic 5.203e-03  mse_in 5.019e-03  mse_out 7.143e-08:   7%|▋         | 1857/25000 [01:51<23:38]
loss : 1.032e-02  mse_pde 9.690e-05  mse_ic 5.294e-03  mse_in 4.928e-03  mse_out 7.066e-08:   7%|▋         | 1857/25000 [01:51<23:38]
loss : 1.032e-02  mse_pde 9.690e-05  mse_ic 5.294e-03  mse_in 4.928e-03  mse_out 7.066e-08:   7%|▋         | 1857/25000 [01:51<23:38]
loss : 1.040e-02  mse_pde 1.854e-04  mse_ic 5.141e-03  mse_in 5.074e-03  mse_out 6.575e-08:   7%|▋         | 1857/25000 [01:51<23:38]
loss : 1.040e-02  mse_pde 1.854e-04  mse_ic 5.141e-03  mse_in 5.074e-03  mse_out 6.575e-08:   7%|▋         | 1857/25000 [01:51<23:38]
loss : 1.040e-02  mse_pde 1.854e-04  mse_ic 5.141e-03  mse_in 5.074e-03  mse_out 6.575e-08:   7%|▋         | 1859/25000 [01:51<23:37]
loss : 1.062e-02  mse_pde 3.957e-04  mse_ic 5.167e-03  mse_in 5.055e-03  mse_out 6.408e-08:   7%|▋         | 1859/25000 [01:51<23:37]
loss : 1.062e-02  mse_pde 3.957e-04  mse_ic 5.167e-03  mse_in 5.055e-03  mse_out 6.408e-08:   7%|▋         | 1859/25000 [01:51<23:37]
loss : 1.029e-02  mse_pde 7.048e-05  mse_ic 5.219e-03  mse_in 4.999e-03  mse_out 6.693e-08:   7%|▋         | 1859/25000 [01:51<23:37]
loss : 1.029e-02  mse_pde 7.048e-05  mse_ic 5.219e-03  mse_in 4.999e-03  mse_out 6.693e-08:   7%|▋         | 1859/25000 [01:51<23:37]
loss : 1.029e-02  mse_pde 7.048e-05  mse_ic 5.219e-03  mse_in 4.999e-03  mse_out 6.693e-08:   7%|▋         | 1861/25000 [01:51<23:28]
loss : 1.041e-02  mse_pde 1.839e-04  mse_ic 5.328e-03  mse_in 4.894e-03  mse_out 7.079e-08:   7%|▋         | 1861/25000 [01:51<23:28]
loss : 1.041e-02  mse_pde 1.839e-04  mse_ic 5.328e-03  mse_in 4.894e-03  mse_out 7.079e-08:   7%|▋         | 1861/25000 [01:51<23:28]
loss : 1.050e-02  mse_pde 2.680e-04  mse_ic 5.362e-03  mse_in 4.867e-03  mse_out 7.084e-08:   7%|▋         | 1861/25000 [01:51<23:28]
loss : 1.050e-02  mse_pde 2.680e-04  mse_ic 5.362e-03  mse_in 4.867e-03  mse_out 7.084e-08:   7%|▋         | 1861/25000 [01:51<23:28]
loss : 1.050e-02  mse_pde 2.680e-04  mse_ic 5.362e-03  mse_in 4.867e-03  mse_out 7.084e-08:   7%|▋         | 1863/25000 [01:51<23:27]
loss : 1.030e-02  mse_pde 7.973e-05  mse_ic 5.071e-03  mse_in 5.146e-03  mse_out 6.727e-08:   7%|▋         | 1863/25000 [01:51<23:27]
loss : 1.030e-02  mse_pde 7.973e-05  mse_ic 5.071e-03  mse_in 5.146e-03  mse_out 6.727e-08:   7%|▋         | 1863/25000 [01:51<23:27]
loss : 1.038e-02  mse_pde 1.658e-04  mse_ic 5.033e-03  mse_in 5.181e-03  mse_out 6.652e-08:   7%|▋         | 1863/25000 [01:51<23:27]
loss : 1.038e-02  mse_pde 1.658e-04  mse_ic 5.033e-03  mse_in 5.181e-03  mse_out 6.652e-08:   7%|▋         | 1863/25000 [01:51<23:27]
loss : 1.038e-02  mse_pde 1.658e-04  mse_ic 5.033e-03  mse_in 5.181e-03  mse_out 6.652e-08:   7%|▋         | 1865/25000 [01:51<23:40]
loss : 1.051e-02  mse_pde 2.816e-04  mse_ic 5.316e-03  mse_in 4.910e-03  mse_out 7.018e-08:   7%|▋         | 1865/25000 [01:51<23:40]
loss : 1.051e-02  mse_pde 2.816e-04  mse_ic 5.316e-03  mse_in 4.910e-03  mse_out 7.018e-08:   7%|▋         | 1865/25000 [01:51<23:40]
loss : 1.031e-02  mse_pde 8.909e-05  mse_ic 5.210e-03  mse_in 5.008e-03  mse_out 7.293e-08:   7%|▋         | 1865/25000 [01:52<23:40]
loss : 1.031e-02  mse_pde 8.909e-05  mse_ic 5.210e-03  mse_in 5.008e-03  mse_out 7.293e-08:   7%|▋         | 1865/25000 [01:52<23:40]
loss : 1.031e-02  mse_pde 8.909e-05  mse_ic 5.210e-03  mse_in 5.008e-03  mse_out 7.293e-08:   7%|▋         | 1867/25000 [01:52<23:27]
loss : 1.038e-02  mse_pde 1.633e-04  mse_ic 4.923e-03  mse_in 5.294e-03  mse_out 7.190e-08:   7%|▋         | 1867/25000 [01:52<23:27]
loss : 1.038e-02  mse_pde 1.633e-04  mse_ic 4.923e-03  mse_in 5.294e-03  mse_out 7.190e-08:   7%|▋         | 1867/25000 [01:52<23:27]
loss : 1.062e-02  mse_pde 3.969e-04  mse_ic 4.933e-03  mse_in 5.289e-03  mse_out 6.932e-08:   7%|▋         | 1867/25000 [01:52<23:27]
loss : 1.062e-02  mse_pde 3.969e-04  mse_ic 4.933e-03  mse_in 5.289e-03  mse_out 6.932e-08:   7%|▋         | 1867/25000 [01:52<23:27]
loss : 1.062e-02  mse_pde 3.969e-04  mse_ic 4.933e-03  mse_in 5.289e-03  mse_out 6.932e-08:   7%|▋         | 1869/25000 [01:52<23:29]
loss : 1.033e-02  mse_pde 1.154e-04  mse_ic 5.103e-03  mse_in 5.112e-03  mse_out 6.724e-08:   7%|▋         | 1869/25000 [01:52<23:29]
loss : 1.033e-02  mse_pde 1.154e-04  mse_ic 5.103e-03  mse_in 5.112e-03  mse_out 6.724e-08:   7%|▋         | 1869/25000 [01:52<23:29]
loss : 1.037e-02  mse_pde 1.468e-04  mse_ic 5.386e-03  mse_in 4.839e-03  mse_out 6.688e-08:   7%|▋         | 1869/25000 [01:52<23:29]
loss : 1.037e-02  mse_pde 1.468e-04  mse_ic 5.386e-03  mse_in 4.839e-03  mse_out 6.688e-08:   7%|▋         | 1869/25000 [01:52<23:29]
loss : 1.037e-02  mse_pde 1.468e-04  mse_ic 5.386e-03  mse_in 4.839e-03  mse_out 6.688e-08:   7%|▋         | 1871/25000 [01:52<23:19]
loss : 1.044e-02  mse_pde 2.074e-04  mse_ic 5.394e-03  mse_in 4.837e-03  mse_out 6.701e-08:   7%|▋         | 1871/25000 [01:52<23:19]
loss : 1.044e-02  mse_pde 2.074e-04  mse_ic 5.394e-03  mse_in 4.837e-03  mse_out 6.701e-08:   7%|▋         | 1871/25000 [01:52<23:19]
loss : 1.032e-02  mse_pde 9.810e-05  mse_ic 5.011e-03  mse_in 5.207e-03  mse_out 6.663e-08:   7%|▋         | 1871/25000 [01:52<23:19]
loss : 1.032e-02  mse_pde 9.810e-05  mse_ic 5.011e-03  mse_in 5.207e-03  mse_out 6.663e-08:   7%|▋         | 1871/25000 [01:52<23:19]
loss : 1.032e-02  mse_pde 9.810e-05  mse_ic 5.011e-03  mse_in 5.207e-03  mse_out 6.663e-08:   7%|▋         | 1873/25000 [01:52<23:16]
loss : 1.036e-02  mse_pde 1.438e-04  mse_ic 4.922e-03  mse_in 5.296e-03  mse_out 6.760e-08:   7%|▋         | 1873/25000 [01:52<23:16]
loss : 1.036e-02  mse_pde 1.438e-04  mse_ic 4.922e-03  mse_in 5.296e-03  mse_out 6.760e-08:   7%|▋         | 1873/25000 [01:52<23:16]
loss : 1.045e-02  mse_pde 2.310e-04  mse_ic 5.194e-03  mse_in 5.028e-03  mse_out 6.888e-08:   7%|▋         | 1873/25000 [01:52<23:16]
loss : 1.045e-02  mse_pde 2.310e-04  mse_ic 5.194e-03  mse_in 5.028e-03  mse_out 6.888e-08:   7%|▋         | 1873/25000 [01:52<23:16]
loss : 1.045e-02  mse_pde 2.310e-04  mse_ic 5.194e-03  mse_in 5.028e-03  mse_out 6.888e-08:   8%|▊         | 1875/25000 [01:52<23:24]
loss : 1.034e-02  mse_pde 1.206e-04  mse_ic 5.245e-03  mse_in 4.974e-03  mse_out 6.749e-08:   8%|▊         | 1875/25000 [01:52<23:24]
loss : 1.034e-02  mse_pde 1.206e-04  mse_ic 5.245e-03  mse_in 4.974e-03  mse_out 6.749e-08:   8%|▊         | 1875/25000 [01:52<23:24]
loss : 1.033e-02  mse_pde 1.102e-04  mse_ic 5.097e-03  mse_in 5.118e-03  mse_out 6.577e-08:   8%|▊         | 1875/25000 [01:52<23:24]
loss : 1.033e-02  mse_pde 1.102e-04  mse_ic 5.097e-03  mse_in 5.118e-03  mse_out 6.577e-08:   8%|▊         | 1875/25000 [01:52<23:24]
loss : 1.033e-02  mse_pde 1.102e-04  mse_ic 5.097e-03  mse_in 5.118e-03  mse_out 6.577e-08:   8%|▊         | 1877/25000 [01:52<23:28]
loss : 1.051e-02  mse_pde 2.871e-04  mse_ic 5.026e-03  mse_in 5.194e-03  mse_out 6.736e-08:   8%|▊         | 1877/25000 [01:52<23:28]
loss : 1.051e-02  mse_pde 2.871e-04  mse_ic 5.026e-03  mse_in 5.194e-03  mse_out 6.736e-08:   8%|▊         | 1877/25000 [01:52<23:28]
loss : 1.032e-02  mse_pde 1.089e-04  mse_ic 4.991e-03  mse_in 5.224e-03  mse_out 7.090e-08:   8%|▊         | 1877/25000 [01:52<23:28]
loss : 1.032e-02  mse_pde 1.089e-04  mse_ic 4.991e-03  mse_in 5.224e-03  mse_out 7.090e-08:   8%|▊         | 1877/25000 [01:52<23:28]
loss : 1.032e-02  mse_pde 1.089e-04  mse_ic 4.991e-03  mse_in 5.224e-03  mse_out 7.090e-08:   8%|▊         | 1879/25000 [01:52<23:29]
loss : 1.031e-02  mse_pde 9.548e-05  mse_ic 5.170e-03  mse_in 5.046e-03  mse_out 7.233e-08:   8%|▊         | 1879/25000 [01:52<23:29]
loss : 1.031e-02  mse_pde 9.548e-05  mse_ic 5.170e-03  mse_in 5.046e-03  mse_out 7.233e-08:   8%|▊         | 1879/25000 [01:52<23:29]
loss : 1.041e-02  mse_pde 1.905e-04  mse_ic 5.244e-03  mse_in 4.978e-03  mse_out 6.797e-08:   8%|▊         | 1879/25000 [01:52<23:29]
loss : 1.041e-02  mse_pde 1.905e-04  mse_ic 5.244e-03  mse_in 4.978e-03  mse_out 6.797e-08:   8%|▊         | 1879/25000 [01:52<23:29]
loss : 1.041e-02  mse_pde 1.905e-04  mse_ic 5.244e-03  mse_in 4.978e-03  mse_out 6.797e-08:   8%|▊         | 1881/25000 [01:52<23:25]
loss : 1.034e-02  mse_pde 1.237e-04  mse_ic 4.995e-03  mse_in 5.219e-03  mse_out 6.204e-08:   8%|▊         | 1881/25000 [01:52<23:25]
loss : 1.034e-02  mse_pde 1.237e-04  mse_ic 4.995e-03  mse_in 5.219e-03  mse_out 6.204e-08:   8%|▊         | 1881/25000 [01:52<23:25]
loss : 1.029e-02  mse_pde 7.563e-05  mse_ic 5.006e-03  mse_in 5.210e-03  mse_out 6.167e-08:   8%|▊         | 1881/25000 [01:52<23:25]
loss : 1.029e-02  mse_pde 7.563e-05  mse_ic 5.006e-03  mse_in 5.210e-03  mse_out 6.167e-08:   8%|▊         | 1881/25000 [01:52<23:25]
loss : 1.029e-02  mse_pde 7.563e-05  mse_ic 5.006e-03  mse_in 5.210e-03  mse_out 6.167e-08:   8%|▊         | 1883/25000 [01:53<23:23]
loss : 1.033e-02  mse_pde 1.131e-04  mse_ic 5.157e-03  mse_in 5.062e-03  mse_out 6.635e-08:   8%|▊         | 1883/25000 [01:53<23:23]
loss : 1.033e-02  mse_pde 1.131e-04  mse_ic 5.157e-03  mse_in 5.062e-03  mse_out 6.635e-08:   8%|▊         | 1883/25000 [01:53<23:23]
loss : 1.040e-02  mse_pde 1.844e-04  mse_ic 5.122e-03  mse_in 5.092e-03  mse_out 7.089e-08:   8%|▊         | 1883/25000 [01:53<23:23]
loss : 1.040e-02  mse_pde 1.844e-04  mse_ic 5.122e-03  mse_in 5.092e-03  mse_out 7.089e-08:   8%|▊         | 1883/25000 [01:53<23:23]
loss : 1.040e-02  mse_pde 1.844e-04  mse_ic 5.122e-03  mse_in 5.092e-03  mse_out 7.089e-08:   8%|▊         | 1885/25000 [01:53<23:40]
loss : 1.027e-02  mse_pde 5.616e-05  mse_ic 5.103e-03  mse_in 5.115e-03  mse_out 7.085e-08:   8%|▊         | 1885/25000 [01:53<23:40]
loss : 1.027e-02  mse_pde 5.616e-05  mse_ic 5.103e-03  mse_in 5.115e-03  mse_out 7.085e-08:   8%|▊         | 1885/25000 [01:53<23:40]
loss : 1.029e-02  mse_pde 6.671e-05  mse_ic 4.960e-03  mse_in 5.258e-03  mse_out 6.638e-08:   8%|▊         | 1885/25000 [01:53<23:40]
loss : 1.029e-02  mse_pde 6.671e-05  mse_ic 4.960e-03  mse_in 5.258e-03  mse_out 6.638e-08:   8%|▊         | 1885/25000 [01:53<23:40]
loss : 1.029e-02  mse_pde 6.671e-05  mse_ic 4.960e-03  mse_in 5.258e-03  mse_out 6.638e-08:   8%|▊         | 1887/25000 [01:53<23:40]
loss : 1.040e-02  mse_pde 1.803e-04  mse_ic 4.922e-03  mse_in 5.293e-03  mse_out 6.321e-08:   8%|▊         | 1887/25000 [01:53<23:40]
loss : 1.040e-02  mse_pde 1.803e-04  mse_ic 4.922e-03  mse_in 5.293e-03  mse_out 6.321e-08:   8%|▊         | 1887/25000 [01:53<23:40]
loss : 1.042e-02  mse_pde 1.964e-04  mse_ic 5.229e-03  mse_in 4.991e-03  mse_out 6.545e-08:   8%|▊         | 1887/25000 [01:53<23:40]
loss : 1.042e-02  mse_pde 1.964e-04  mse_ic 5.229e-03  mse_in 4.991e-03  mse_out 6.545e-08:   8%|▊         | 1887/25000 [01:53<23:40]
loss : 1.042e-02  mse_pde 1.964e-04  mse_ic 5.229e-03  mse_in 4.991e-03  mse_out 6.545e-08:   8%|▊         | 1889/25000 [01:53<23:35]
loss : 1.030e-02  mse_pde 8.249e-05  mse_ic 5.194e-03  mse_in 5.022e-03  mse_out 6.992e-08:   8%|▊         | 1889/25000 [01:53<23:35]
loss : 1.030e-02  mse_pde 8.249e-05  mse_ic 5.194e-03  mse_in 5.022e-03  mse_out 6.992e-08:   8%|▊         | 1889/25000 [01:53<23:35]
loss : 1.028e-02  mse_pde 6.549e-05  mse_ic 5.003e-03  mse_in 5.212e-03  mse_out 7.395e-08:   8%|▊         | 1889/25000 [01:53<23:35]
loss : 1.028e-02  mse_pde 6.549e-05  mse_ic 5.003e-03  mse_in 5.212e-03  mse_out 7.395e-08:   8%|▊         | 1889/25000 [01:53<23:35]
loss : 1.028e-02  mse_pde 6.549e-05  mse_ic 5.003e-03  mse_in 5.212e-03  mse_out 7.395e-08:   8%|▊         | 1891/25000 [01:53<23:31]
loss : 1.048e-02  mse_pde 2.639e-04  mse_ic 4.968e-03  mse_in 5.252e-03  mse_out 7.564e-08:   8%|▊         | 1891/25000 [01:53<23:31]
loss : 1.048e-02  mse_pde 2.639e-04  mse_ic 4.968e-03  mse_in 5.252e-03  mse_out 7.564e-08:   8%|▊         | 1891/25000 [01:53<23:31]
loss : 1.047e-02  mse_pde 2.560e-04  mse_ic 5.022e-03  mse_in 5.190e-03  mse_out 7.390e-08:   8%|▊         | 1891/25000 [01:53<23:31]
loss : 1.047e-02  mse_pde 2.560e-04  mse_ic 5.022e-03  mse_in 5.190e-03  mse_out 7.390e-08:   8%|▊         | 1891/25000 [01:53<23:31]
loss : 1.047e-02  mse_pde 2.560e-04  mse_ic 5.022e-03  mse_in 5.190e-03  mse_out 7.390e-08:   8%|▊         | 1893/25000 [01:53<23:27]
loss : 1.035e-02  mse_pde 1.231e-04  mse_ic 5.416e-03  mse_in 4.814e-03  mse_out 7.085e-08:   8%|▊         | 1893/25000 [01:53<23:27]
loss : 1.035e-02  mse_pde 1.231e-04  mse_ic 5.416e-03  mse_in 4.814e-03  mse_out 7.085e-08:   8%|▊         | 1893/25000 [01:53<23:27]
loss : 1.029e-02  mse_pde 7.028e-05  mse_ic 5.313e-03  mse_in 4.911e-03  mse_out 6.573e-08:   8%|▊         | 1893/25000 [01:53<23:27]
loss : 1.029e-02  mse_pde 7.028e-05  mse_ic 5.313e-03  mse_in 4.911e-03  mse_out 6.573e-08:   8%|▊         | 1893/25000 [01:53<23:27]
loss : 1.029e-02  mse_pde 7.028e-05  mse_ic 5.313e-03  mse_in 4.911e-03  mse_out 6.573e-08:   8%|▊         | 1895/25000 [01:53<23:23]
loss : 1.048e-02  mse_pde 2.661e-04  mse_ic 4.946e-03  mse_in 5.270e-03  mse_out 6.234e-08:   8%|▊         | 1895/25000 [01:53<23:23]
loss : 1.048e-02  mse_pde 2.661e-04  mse_ic 4.946e-03  mse_in 5.270e-03  mse_out 6.234e-08:   8%|▊         | 1895/25000 [01:53<23:23]
loss : 1.048e-02  mse_pde 2.569e-04  mse_ic 5.040e-03  mse_in 5.181e-03  mse_out 6.419e-08:   8%|▊         | 1895/25000 [01:53<23:23]
loss : 1.048e-02  mse_pde 2.569e-04  mse_ic 5.040e-03  mse_in 5.181e-03  mse_out 6.419e-08:   8%|▊         | 1895/25000 [01:53<23:23]
loss : 1.048e-02  mse_pde 2.569e-04  mse_ic 5.040e-03  mse_in 5.181e-03  mse_out 6.419e-08:   8%|▊         | 1897/25000 [01:53<22:44]
loss : 1.028e-02  mse_pde 6.461e-05  mse_ic 5.205e-03  mse_in 5.014e-03  mse_out 6.789e-08:   8%|▊         | 1897/25000 [01:53<22:44]
loss : 1.028e-02  mse_pde 6.461e-05  mse_ic 5.205e-03  mse_in 5.014e-03  mse_out 6.789e-08:   8%|▊         | 1897/25000 [01:53<22:44]
loss : 1.035e-02  mse_pde 1.292e-04  mse_ic 5.315e-03  mse_in 4.907e-03  mse_out 7.004e-08:   8%|▊         | 1897/25000 [01:53<22:44]
loss : 1.035e-02  mse_pde 1.292e-04  mse_ic 5.315e-03  mse_in 4.907e-03  mse_out 7.004e-08:   8%|▊         | 1897/25000 [01:53<22:44]
loss : 1.042e-02  mse_pde 1.986e-04  mse_ic 5.309e-03  mse_in 4.917e-03  mse_out 7.045e-08:   8%|▊         | 1897/25000 [01:53<22:44]
loss : 1.042e-02  mse_pde 1.986e-04  mse_ic 5.309e-03  mse_in 4.917e-03  mse_out 7.045e-08:   8%|▊         | 1897/25000 [01:53<22:44]
loss : 1.042e-02  mse_pde 1.986e-04  mse_ic 5.309e-03  mse_in 4.917e-03  mse_out 7.045e-08:   8%|▊         | 1900/25000 [01:53<20:18]
loss : 1.031e-02  mse_pde 9.801e-05  mse_ic 5.064e-03  mse_in 5.152e-03  mse_out 7.075e-08:   8%|▊         | 1900/25000 [01:54<20:18]
loss : 1.031e-02  mse_pde 9.801e-05  mse_ic 5.064e-03  mse_in 5.152e-03  mse_out 7.075e-08:   8%|▊         | 1900/25000 [01:54<20:18]
loss : 1.027e-02  mse_pde 5.181e-05  mse_ic 5.042e-03  mse_in 5.172e-03  mse_out 7.292e-08:   8%|▊         | 1900/25000 [01:54<20:18]
loss : 1.027e-02  mse_pde 5.181e-05  mse_ic 5.042e-03  mse_in 5.172e-03  mse_out 7.292e-08:   8%|▊         | 1900/25000 [01:54<20:18]
loss : 1.027e-02  mse_pde 5.181e-05  mse_ic 5.042e-03  mse_in 5.172e-03  mse_out 7.292e-08:   8%|▊         | 1902/25000 [01:54<20:38]
loss : 1.044e-02  mse_pde 2.234e-04  mse_ic 5.140e-03  mse_in 5.077e-03  mse_out 7.293e-08:   8%|▊         | 1902/25000 [01:54<20:38]
loss : 1.044e-02  mse_pde 2.234e-04  mse_ic 5.140e-03  mse_in 5.077e-03  mse_out 7.293e-08:   8%|▊         | 1902/25000 [01:54<20:38]
loss : 1.040e-02  mse_pde 1.945e-04  mse_ic 5.023e-03  mse_in 5.187e-03  mse_out 6.873e-08:   8%|▊         | 1902/25000 [01:54<20:38]
loss : 1.040e-02  mse_pde 1.945e-04  mse_ic 5.023e-03  mse_in 5.187e-03  mse_out 6.873e-08:   8%|▊         | 1902/25000 [01:54<20:38]
loss : 1.040e-02  mse_pde 1.945e-04  mse_ic 5.023e-03  mse_in 5.187e-03  mse_out 6.873e-08:   8%|▊         | 1904/25000 [01:54<21:19]
loss : 1.026e-02  mse_pde 4.401e-05  mse_ic 5.058e-03  mse_in 5.156e-03  mse_out 6.532e-08:   8%|▊         | 1904/25000 [01:54<21:19]
loss : 1.026e-02  mse_pde 4.401e-05  mse_ic 5.058e-03  mse_in 5.156e-03  mse_out 6.532e-08:   8%|▊         | 1904/25000 [01:54<21:19]
loss : 1.031e-02  mse_pde 9.416e-05  mse_ic 5.053e-03  mse_in 5.162e-03  mse_out 6.393e-08:   8%|▊         | 1904/25000 [01:54<21:19]
loss : 1.031e-02  mse_pde 9.416e-05  mse_ic 5.053e-03  mse_in 5.162e-03  mse_out 6.393e-08:   8%|▊         | 1904/25000 [01:54<21:19]
loss : 1.031e-02  mse_pde 9.416e-05  mse_ic 5.053e-03  mse_in 5.162e-03  mse_out 6.393e-08:   8%|▊         | 1906/25000 [01:54<21:51]
loss : 1.040e-02  mse_pde 1.860e-04  mse_ic 5.046e-03  mse_in 5.164e-03  mse_out 6.532e-08:   8%|▊         | 1906/25000 [01:54<21:51]
loss : 1.040e-02  mse_pde 1.860e-04  mse_ic 5.046e-03  mse_in 5.164e-03  mse_out 6.532e-08:   8%|▊         | 1906/25000 [01:54<21:51]
loss : 1.040e-02  mse_pde 1.762e-04  mse_ic 5.271e-03  mse_in 4.950e-03  mse_out 6.918e-08:   8%|▊         | 1906/25000 [01:54<21:51]
loss : 1.040e-02  mse_pde 1.762e-04  mse_ic 5.271e-03  mse_in 4.950e-03  mse_out 6.918e-08:   8%|▊         | 1906/25000 [01:54<21:51]
loss : 1.040e-02  mse_pde 1.762e-04  mse_ic 5.271e-03  mse_in 4.950e-03  mse_out 6.918e-08:   8%|▊         | 1908/25000 [01:54<21:57]
loss : 1.026e-02  mse_pde 4.169e-05  mse_ic 5.101e-03  mse_in 5.114e-03  mse_out 6.916e-08:   8%|▊         | 1908/25000 [01:54<21:57]
loss : 1.026e-02  mse_pde 4.169e-05  mse_ic 5.101e-03  mse_in 5.114e-03  mse_out 6.916e-08:   8%|▊         | 1908/25000 [01:54<21:57]
loss : 1.033e-02  mse_pde 1.108e-04  mse_ic 4.890e-03  mse_in 5.326e-03  mse_out 6.702e-08:   8%|▊         | 1908/25000 [01:54<21:57]
loss : 1.033e-02  mse_pde 1.108e-04  mse_ic 4.890e-03  mse_in 5.326e-03  mse_out 6.702e-08:   8%|▊         | 1908/25000 [01:54<21:57]
loss : 1.033e-02  mse_pde 1.108e-04  mse_ic 4.890e-03  mse_in 5.326e-03  mse_out 6.702e-08:   8%|▊         | 1910/25000 [01:54<22:28]
loss : 1.050e-02  mse_pde 2.782e-04  mse_ic 4.992e-03  mse_in 5.226e-03  mse_out 6.710e-08:   8%|▊         | 1910/25000 [01:54<22:28]
loss : 1.050e-02  mse_pde 2.782e-04  mse_ic 4.992e-03  mse_in 5.226e-03  mse_out 6.710e-08:   8%|▊         | 1910/25000 [01:54<22:28]
loss : 1.045e-02  mse_pde 2.356e-04  mse_ic 5.182e-03  mse_in 5.032e-03  mse_out 6.981e-08:   8%|▊         | 1910/25000 [01:54<22:28]
loss : 1.045e-02  mse_pde 2.356e-04  mse_ic 5.182e-03  mse_in 5.032e-03  mse_out 6.981e-08:   8%|▊         | 1910/25000 [01:54<22:28]
loss : 1.045e-02  mse_pde 2.356e-04  mse_ic 5.182e-03  mse_in 5.032e-03  mse_out 6.981e-08:   8%|▊         | 1912/25000 [01:54<22:38]
loss : 1.031e-02  mse_pde 8.067e-05  mse_ic 5.469e-03  mse_in 4.765e-03  mse_out 7.553e-08:   8%|▊         | 1912/25000 [01:54<22:38]
loss : 1.031e-02  mse_pde 8.067e-05  mse_ic 5.469e-03  mse_in 4.765e-03  mse_out 7.553e-08:   8%|▊         | 1912/25000 [01:54<22:38]
loss : 1.035e-02  mse_pde 1.238e-04  mse_ic 5.277e-03  mse_in 4.946e-03  mse_out 7.726e-08:   8%|▊         | 1912/25000 [01:54<22:38]
loss : 1.035e-02  mse_pde 1.238e-04  mse_ic 5.277e-03  mse_in 4.946e-03  mse_out 7.726e-08:   8%|▊         | 1912/25000 [01:54<22:38]
loss : 1.035e-02  mse_pde 1.238e-04  mse_ic 5.277e-03  mse_in 4.946e-03  mse_out 7.726e-08:   8%|▊         | 1914/25000 [01:54<22:52]
loss : 1.051e-02  mse_pde 2.953e-04  mse_ic 4.924e-03  mse_in 5.291e-03  mse_out 7.302e-08:   8%|▊         | 1914/25000 [01:54<22:52]
loss : 1.051e-02  mse_pde 2.953e-04  mse_ic 4.924e-03  mse_in 5.291e-03  mse_out 7.302e-08:   8%|▊         | 1914/25000 [01:54<22:52]
loss : 1.036e-02  mse_pde 1.417e-04  mse_ic 5.110e-03  mse_in 5.108e-03  mse_out 6.856e-08:   8%|▊         | 1914/25000 [01:54<22:52]
loss : 1.036e-02  mse_pde 1.417e-04  mse_ic 5.110e-03  mse_in 5.108e-03  mse_out 6.856e-08:   8%|▊         | 1914/25000 [01:54<22:52]
loss : 1.036e-02  mse_pde 1.417e-04  mse_ic 5.110e-03  mse_in 5.108e-03  mse_out 6.856e-08:   8%|▊         | 1916/25000 [01:54<23:03]
loss : 1.028e-02  mse_pde 6.082e-05  mse_ic 5.290e-03  mse_in 4.930e-03  mse_out 6.369e-08:   8%|▊         | 1916/25000 [01:54<23:03]
loss : 1.028e-02  mse_pde 6.082e-05  mse_ic 5.290e-03  mse_in 4.930e-03  mse_out 6.369e-08:   8%|▊         | 1916/25000 [01:54<23:03]
loss : 1.039e-02  mse_pde 1.791e-04  mse_ic 5.214e-03  mse_in 4.999e-03  mse_out 6.105e-08:   8%|▊         | 1916/25000 [01:55<23:03]
loss : 1.039e-02  mse_pde 1.791e-04  mse_ic 5.214e-03  mse_in 4.999e-03  mse_out 6.105e-08:   8%|▊         | 1916/25000 [01:55<23:03]
loss : 1.039e-02  mse_pde 1.791e-04  mse_ic 5.214e-03  mse_in 4.999e-03  mse_out 6.105e-08:   8%|▊         | 1918/25000 [01:55<23:07]
loss : 1.041e-02  mse_pde 1.932e-04  mse_ic 5.129e-03  mse_in 5.087e-03  mse_out 6.298e-08:   8%|▊         | 1918/25000 [01:55<23:07]
loss : 1.041e-02  mse_pde 1.932e-04  mse_ic 5.129e-03  mse_in 5.087e-03  mse_out 6.298e-08:   8%|▊         | 1918/25000 [01:55<23:07]
loss : 1.029e-02  mse_pde 8.074e-05  mse_ic 4.960e-03  mse_in 5.253e-03  mse_out 6.743e-08:   8%|▊         | 1918/25000 [01:55<23:07]
loss : 1.029e-02  mse_pde 8.074e-05  mse_ic 4.960e-03  mse_in 5.253e-03  mse_out 6.743e-08:   8%|▊         | 1918/25000 [01:55<23:07]
loss : 1.029e-02  mse_pde 8.074e-05  mse_ic 4.960e-03  mse_in 5.253e-03  mse_out 6.743e-08:   8%|▊         | 1920/25000 [01:55<23:08]
loss : 1.027e-02  mse_pde 5.823e-05  mse_ic 5.027e-03  mse_in 5.185e-03  mse_out 7.210e-08:   8%|▊         | 1920/25000 [01:55<23:08]
loss : 1.027e-02  mse_pde 5.823e-05  mse_ic 5.027e-03  mse_in 5.185e-03  mse_out 7.210e-08:   8%|▊         | 1920/25000 [01:55<23:08]
loss : 1.041e-02  mse_pde 1.904e-04  mse_ic 5.172e-03  mse_in 5.044e-03  mse_out 7.176e-08:   8%|▊         | 1920/25000 [01:55<23:08]
loss : 1.041e-02  mse_pde 1.904e-04  mse_ic 5.172e-03  mse_in 5.044e-03  mse_out 7.176e-08:   8%|▊         | 1920/25000 [01:55<23:08]
loss : 1.041e-02  mse_pde 1.904e-04  mse_ic 5.172e-03  mse_in 5.044e-03  mse_out 7.176e-08:   8%|▊         | 1922/25000 [01:55<23:18]
loss : 1.037e-02  mse_pde 1.564e-04  mse_ic 5.040e-03  mse_in 5.169e-03  mse_out 6.556e-08:   8%|▊         | 1922/25000 [01:55<23:18]
loss : 1.037e-02  mse_pde 1.564e-04  mse_ic 5.040e-03  mse_in 5.169e-03  mse_out 6.556e-08:   8%|▊         | 1922/25000 [01:55<23:18]
loss : 1.028e-02  mse_pde 6.750e-05  mse_ic 5.032e-03  mse_in 5.180e-03  mse_out 6.127e-08:   8%|▊         | 1922/25000 [01:55<23:18]
loss : 1.028e-02  mse_pde 6.750e-05  mse_ic 5.032e-03  mse_in 5.180e-03  mse_out 6.127e-08:   8%|▊         | 1922/25000 [01:55<23:18]
loss : 1.028e-02  mse_pde 6.750e-05  mse_ic 5.032e-03  mse_in 5.180e-03  mse_out 6.127e-08:   8%|▊         | 1924/25000 [01:55<23:11]
loss : 1.028e-02  mse_pde 6.405e-05  mse_ic 5.021e-03  mse_in 5.191e-03  mse_out 6.148e-08:   8%|▊         | 1924/25000 [01:55<23:11]
loss : 1.028e-02  mse_pde 6.405e-05  mse_ic 5.021e-03  mse_in 5.191e-03  mse_out 6.148e-08:   8%|▊         | 1924/25000 [01:55<23:11]
loss : 1.035e-02  mse_pde 1.392e-04  mse_ic 5.041e-03  mse_in 5.168e-03  mse_out 6.567e-08:   8%|▊         | 1924/25000 [01:55<23:11]
loss : 1.035e-02  mse_pde 1.392e-04  mse_ic 5.041e-03  mse_in 5.168e-03  mse_out 6.567e-08:   8%|▊         | 1924/25000 [01:55<23:11]
loss : 1.035e-02  mse_pde 1.392e-04  mse_ic 5.041e-03  mse_in 5.168e-03  mse_out 6.567e-08:   8%|▊         | 1926/25000 [01:55<23:20]
loss : 1.042e-02  mse_pde 2.022e-04  mse_ic 5.220e-03  mse_in 4.997e-03  mse_out 7.100e-08:   8%|▊         | 1926/25000 [01:55<23:20]
loss : 1.042e-02  mse_pde 2.022e-04  mse_ic 5.220e-03  mse_in 4.997e-03  mse_out 7.100e-08:   8%|▊         | 1926/25000 [01:55<23:20]
loss : 1.029e-02  mse_pde 7.953e-05  mse_ic 5.076e-03  mse_in 5.135e-03  mse_out 7.043e-08:   8%|▊         | 1926/25000 [01:55<23:20]
loss : 1.029e-02  mse_pde 7.953e-05  mse_ic 5.076e-03  mse_in 5.135e-03  mse_out 7.043e-08:   8%|▊         | 1926/25000 [01:55<23:20]
loss : 1.029e-02  mse_pde 7.953e-05  mse_ic 5.076e-03  mse_in 5.135e-03  mse_out 7.043e-08:   8%|▊         | 1928/25000 [01:55<23:13]
loss : 1.026e-02  mse_pde 4.648e-05  mse_ic 5.030e-03  mse_in 5.183e-03  mse_out 6.659e-08:   8%|▊         | 1928/25000 [01:55<23:13]
loss : 1.026e-02  mse_pde 4.648e-05  mse_ic 5.030e-03  mse_in 5.183e-03  mse_out 6.659e-08:   8%|▊         | 1928/25000 [01:55<23:13]
loss : 1.034e-02  mse_pde 1.269e-04  mse_ic 5.136e-03  mse_in 5.079e-03  mse_out 6.350e-08:   8%|▊         | 1928/25000 [01:55<23:13]
loss : 1.034e-02  mse_pde 1.269e-04  mse_ic 5.136e-03  mse_in 5.079e-03  mse_out 6.350e-08:   8%|▊         | 1928/25000 [01:55<23:13]
loss : 1.034e-02  mse_pde 1.269e-04  mse_ic 5.136e-03  mse_in 5.079e-03  mse_out 6.350e-08:   8%|▊         | 1930/25000 [01:55<23:20]
loss : 1.041e-02  mse_pde 2.025e-04  mse_ic 5.155e-03  mse_in 5.055e-03  mse_out 6.267e-08:   8%|▊         | 1930/25000 [01:55<23:20]
loss : 1.041e-02  mse_pde 2.025e-04  mse_ic 5.155e-03  mse_in 5.055e-03  mse_out 6.267e-08:   8%|▊         | 1930/25000 [01:55<23:20]
loss : 1.035e-02  mse_pde 1.284e-04  mse_ic 5.259e-03  mse_in 4.958e-03  mse_out 6.545e-08:   8%|▊         | 1930/25000 [01:55<23:20]
loss : 1.035e-02  mse_pde 1.284e-04  mse_ic 5.259e-03  mse_in 4.958e-03  mse_out 6.545e-08:   8%|▊         | 1930/25000 [01:55<23:20]
loss : 1.035e-02  mse_pde 1.284e-04  mse_ic 5.259e-03  mse_in 4.958e-03  mse_out 6.545e-08:   8%|▊         | 1932/25000 [01:55<23:34]
loss : 1.024e-02  mse_pde 3.223e-05  mse_ic 5.025e-03  mse_in 5.186e-03  mse_out 6.778e-08:   8%|▊         | 1932/25000 [01:55<23:34]
loss : 1.024e-02  mse_pde 3.223e-05  mse_ic 5.025e-03  mse_in 5.186e-03  mse_out 6.778e-08:   8%|▊         | 1932/25000 [01:55<23:34]
loss : 1.032e-02  mse_pde 1.128e-04  mse_ic 4.904e-03  mse_in 5.308e-03  mse_out 6.936e-08:   8%|▊         | 1932/25000 [01:56<23:34]
loss : 1.032e-02  mse_pde 1.128e-04  mse_ic 4.904e-03  mse_in 5.308e-03  mse_out 6.936e-08:   8%|▊         | 1932/25000 [01:56<23:34]
loss : 1.032e-02  mse_pde 1.128e-04  mse_ic 4.904e-03  mse_in 5.308e-03  mse_out 6.936e-08:   8%|▊         | 1934/25000 [01:56<23:30]
loss : 1.045e-02  mse_pde 2.367e-04  mse_ic 5.138e-03  mse_in 5.076e-03  mse_out 7.069e-08:   8%|▊         | 1934/25000 [01:56<23:30]
loss : 1.045e-02  mse_pde 2.367e-04  mse_ic 5.138e-03  mse_in 5.076e-03  mse_out 7.069e-08:   8%|▊         | 1934/25000 [01:56<23:30]
loss : 1.050e-02  mse_pde 2.870e-04  mse_ic 5.219e-03  mse_in 4.991e-03  mse_out 6.937e-08:   8%|▊         | 1934/25000 [01:56<23:30]
loss : 1.050e-02  mse_pde 2.870e-04  mse_ic 5.219e-03  mse_in 4.991e-03  mse_out 6.937e-08:   8%|▊         | 1934/25000 [01:56<23:30]
loss : 1.050e-02  mse_pde 2.870e-04  mse_ic 5.219e-03  mse_in 4.991e-03  mse_out 6.937e-08:   8%|▊         | 1936/25000 [01:56<23:36]
loss : 1.030e-02  mse_pde 7.658e-05  mse_ic 5.329e-03  mse_in 4.889e-03  mse_out 6.843e-08:   8%|▊         | 1936/25000 [01:56<23:36]
loss : 1.030e-02  mse_pde 7.658e-05  mse_ic 5.329e-03  mse_in 4.889e-03  mse_out 6.843e-08:   8%|▊         | 1936/25000 [01:56<23:36]
loss : 1.030e-02  mse_pde 8.881e-05  mse_ic 5.055e-03  mse_in 5.157e-03  mse_out 6.679e-08:   8%|▊         | 1936/25000 [01:56<23:36]
loss : 1.030e-02  mse_pde 8.881e-05  mse_ic 5.055e-03  mse_in 5.157e-03  mse_out 6.679e-08:   8%|▊         | 1936/25000 [01:56<23:36]
loss : 1.030e-02  mse_pde 8.881e-05  mse_ic 5.055e-03  mse_in 5.157e-03  mse_out 6.679e-08:   8%|▊         | 1938/25000 [01:56<23:27]
loss : 1.053e-02  mse_pde 3.220e-04  mse_ic 4.873e-03  mse_in 5.338e-03  mse_out 6.628e-08:   8%|▊         | 1938/25000 [01:56<23:27]
loss : 1.053e-02  mse_pde 3.220e-04  mse_ic 4.873e-03  mse_in 5.338e-03  mse_out 6.628e-08:   8%|▊         | 1938/25000 [01:56<23:27]
loss : 1.061e-02  mse_pde 3.945e-04  mse_ic 5.256e-03  mse_in 4.963e-03  mse_out 6.804e-08:   8%|▊         | 1938/25000 [01:56<23:27]
loss : 1.061e-02  mse_pde 3.945e-04  mse_ic 5.256e-03  mse_in 4.963e-03  mse_out 6.804e-08:   8%|▊         | 1938/25000 [01:56<23:27]
loss : 1.061e-02  mse_pde 3.945e-04  mse_ic 5.256e-03  mse_in 4.963e-03  mse_out 6.804e-08:   8%|▊         | 1940/25000 [01:56<23:28]
loss : 1.034e-02  mse_pde 1.173e-04  mse_ic 5.425e-03  mse_in 4.800e-03  mse_out 6.720e-08:   8%|▊         | 1940/25000 [01:56<23:28]
loss : 1.034e-02  mse_pde 1.173e-04  mse_ic 5.425e-03  mse_in 4.800e-03  mse_out 6.720e-08:   8%|▊         | 1940/25000 [01:56<23:28]
loss : 1.041e-02  mse_pde 1.922e-04  mse_ic 5.330e-03  mse_in 4.890e-03  mse_out 6.554e-08:   8%|▊         | 1940/25000 [01:56<23:28]
loss : 1.041e-02  mse_pde 1.922e-04  mse_ic 5.330e-03  mse_in 4.890e-03  mse_out 6.554e-08:   8%|▊         | 1940/25000 [01:56<23:28]
loss : 1.041e-02  mse_pde 1.922e-04  mse_ic 5.330e-03  mse_in 4.890e-03  mse_out 6.554e-08:   8%|▊         | 1942/25000 [01:56<23:18]
loss : 1.061e-02  mse_pde 3.827e-04  mse_ic 5.363e-03  mse_in 4.865e-03  mse_out 6.688e-08:   8%|▊         | 1942/25000 [01:56<23:18]
loss : 1.061e-02  mse_pde 3.827e-04  mse_ic 5.363e-03  mse_in 4.865e-03  mse_out 6.688e-08:   8%|▊         | 1942/25000 [01:56<23:18]
loss : 1.026e-02  mse_pde 4.222e-05  mse_ic 5.324e-03  mse_in 4.899e-03  mse_out 6.940e-08:   8%|▊         | 1942/25000 [01:56<23:18]
loss : 1.026e-02  mse_pde 4.222e-05  mse_ic 5.324e-03  mse_in 4.899e-03  mse_out 6.940e-08:   8%|▊         | 1942/25000 [01:56<23:18]
loss : 1.026e-02  mse_pde 4.222e-05  mse_ic 5.324e-03  mse_in 4.899e-03  mse_out 6.940e-08:   8%|▊         | 1944/25000 [01:56<23:21]
loss : 1.048e-02  mse_pde 2.634e-04  mse_ic 5.341e-03  mse_in 4.879e-03  mse_out 7.090e-08:   8%|▊         | 1944/25000 [01:56<23:21]
loss : 1.048e-02  mse_pde 2.634e-04  mse_ic 5.341e-03  mse_in 4.879e-03  mse_out 7.090e-08:   8%|▊         | 1944/25000 [01:56<23:21]
loss : 1.052e-02  mse_pde 2.821e-04  mse_ic 5.488e-03  mse_in 4.747e-03  mse_out 6.967e-08:   8%|▊         | 1944/25000 [01:56<23:21]
loss : 1.052e-02  mse_pde 2.821e-04  mse_ic 5.488e-03  mse_in 4.747e-03  mse_out 6.967e-08:   8%|▊         | 1944/25000 [01:56<23:21]
loss : 1.052e-02  mse_pde 2.821e-04  mse_ic 5.488e-03  mse_in 4.747e-03  mse_out 6.967e-08:   8%|▊         | 1946/25000 [01:56<23:26]
loss : 1.025e-02  mse_pde 3.196e-05  mse_ic 5.211e-03  mse_in 5.005e-03  mse_out 6.519e-08:   8%|▊         | 1946/25000 [01:56<23:26]
loss : 1.025e-02  mse_pde 3.196e-05  mse_ic 5.211e-03  mse_in 5.005e-03  mse_out 6.519e-08:   8%|▊         | 1946/25000 [01:56<23:26]
loss : 1.060e-02  mse_pde 3.906e-04  mse_ic 4.956e-03  mse_in 5.254e-03  mse_out 6.290e-08:   8%|▊         | 1946/25000 [01:56<23:26]
loss : 1.060e-02  mse_pde 3.906e-04  mse_ic 4.956e-03  mse_in 5.254e-03  mse_out 6.290e-08:   8%|▊         | 1946/25000 [01:56<23:26]
loss : 1.060e-02  mse_pde 3.906e-04  mse_ic 4.956e-03  mse_in 5.254e-03  mse_out 6.290e-08:   8%|▊         | 1948/25000 [01:56<23:03]
loss : 1.052e-02  mse_pde 3.041e-04  mse_ic 5.264e-03  mse_in 4.956e-03  mse_out 6.661e-08:   8%|▊         | 1948/25000 [01:56<23:03]
loss : 1.052e-02  mse_pde 3.041e-04  mse_ic 5.264e-03  mse_in 4.956e-03  mse_out 6.661e-08:   8%|▊         | 1948/25000 [01:56<23:03]
loss : 1.031e-02  mse_pde 9.031e-05  mse_ic 5.383e-03  mse_in 4.842e-03  mse_out 7.064e-08:   8%|▊         | 1948/25000 [01:56<23:03]
loss : 1.031e-02  mse_pde 9.031e-05  mse_ic 5.383e-03  mse_in 4.842e-03  mse_out 7.064e-08:   8%|▊         | 1948/25000 [01:56<23:03]
loss : 1.031e-02  mse_pde 9.031e-05  mse_ic 5.383e-03  mse_in 4.842e-03  mse_out 7.064e-08:   8%|▊         | 1950/25000 [01:56<23:09]
loss : 1.061e-02  mse_pde 3.980e-04  mse_ic 5.096e-03  mse_in 5.113e-03  mse_out 7.041e-08:   8%|▊         | 1950/25000 [01:57<23:09]
loss : 1.061e-02  mse_pde 3.980e-04  mse_ic 5.096e-03  mse_in 5.113e-03  mse_out 7.041e-08:   8%|▊         | 1950/25000 [01:57<23:09]
loss : 1.042e-02  mse_pde 2.077e-04  mse_ic 5.082e-03  mse_in 5.133e-03  mse_out 6.806e-08:   8%|▊         | 1950/25000 [01:57<23:09]
loss : 1.042e-02  mse_pde 2.077e-04  mse_ic 5.082e-03  mse_in 5.133e-03  mse_out 6.806e-08:   8%|▊         | 1950/25000 [01:57<23:09]
loss : 1.042e-02  mse_pde 2.077e-04  mse_ic 5.082e-03  mse_in 5.133e-03  mse_out 6.806e-08:   8%|▊         | 1952/25000 [01:57<23:08]
loss : 1.032e-02  mse_pde 1.021e-04  mse_ic 5.095e-03  mse_in 5.120e-03  mse_out 6.399e-08:   8%|▊         | 1952/25000 [01:57<23:08]
loss : 1.032e-02  mse_pde 1.021e-04  mse_ic 5.095e-03  mse_in 5.120e-03  mse_out 6.399e-08:   8%|▊         | 1952/25000 [01:57<23:08]
loss : 1.057e-02  mse_pde 3.549e-04  mse_ic 5.163e-03  mse_in 5.048e-03  mse_out 6.218e-08:   8%|▊         | 1952/25000 [01:57<23:08]
loss : 1.057e-02  mse_pde 3.549e-04  mse_ic 5.163e-03  mse_in 5.048e-03  mse_out 6.218e-08:   8%|▊         | 1952/25000 [01:57<23:08]
loss : 1.057e-02  mse_pde 3.549e-04  mse_ic 5.163e-03  mse_in 5.048e-03  mse_out 6.218e-08:   8%|▊         | 1954/25000 [01:57<23:17]
loss : 1.036e-02  mse_pde 1.187e-04  mse_ic 5.545e-03  mse_in 4.695e-03  mse_out 6.630e-08:   8%|▊         | 1954/25000 [01:57<23:17]
loss : 1.036e-02  mse_pde 1.187e-04  mse_ic 5.545e-03  mse_in 4.695e-03  mse_out 6.630e-08:   8%|▊         | 1954/25000 [01:57<23:17]
loss : 1.042e-02  mse_pde 1.926e-04  mse_ic 5.383e-03  mse_in 4.847e-03  mse_out 7.142e-08:   8%|▊         | 1954/25000 [01:57<23:17]
loss : 1.042e-02  mse_pde 1.926e-04  mse_ic 5.383e-03  mse_in 4.847e-03  mse_out 7.142e-08:   8%|▊         | 1954/25000 [01:57<23:17]
loss : 1.042e-02  mse_pde 1.926e-04  mse_ic 5.383e-03  mse_in 4.847e-03  mse_out 7.142e-08:   8%|▊         | 1956/25000 [01:57<23:28]
loss : 1.045e-02  mse_pde 2.294e-04  mse_ic 4.974e-03  mse_in 5.242e-03  mse_out 7.435e-08:   8%|▊         | 1956/25000 [01:57<23:28]
loss : 1.045e-02  mse_pde 2.294e-04  mse_ic 4.974e-03  mse_in 5.242e-03  mse_out 7.435e-08:   8%|▊         | 1956/25000 [01:57<23:28]
loss : 1.030e-02  mse_pde 7.703e-05  mse_ic 4.963e-03  mse_in 5.255e-03  mse_out 7.513e-08:   8%|▊         | 1956/25000 [01:57<23:28]
loss : 1.030e-02  mse_pde 7.703e-05  mse_ic 4.963e-03  mse_in 5.255e-03  mse_out 7.513e-08:   8%|▊         | 1956/25000 [01:57<23:28]
loss : 1.030e-02  mse_pde 7.703e-05  mse_ic 4.963e-03  mse_in 5.255e-03  mse_out 7.513e-08:   8%|▊         | 1958/25000 [01:57<23:24]
loss : 1.045e-02  mse_pde 2.256e-04  mse_ic 5.171e-03  mse_in 5.050e-03  mse_out 7.219e-08:   8%|▊         | 1958/25000 [01:57<23:24]
loss : 1.045e-02  mse_pde 2.256e-04  mse_ic 5.171e-03  mse_in 5.050e-03  mse_out 7.219e-08:   8%|▊         | 1958/25000 [01:57<23:24]
loss : 1.036e-02  mse_pde 1.416e-04  mse_ic 5.269e-03  mse_in 4.949e-03  mse_out 6.631e-08:   8%|▊         | 1958/25000 [01:57<23:24]
loss : 1.036e-02  mse_pde 1.416e-04  mse_ic 5.269e-03  mse_in 4.949e-03  mse_out 6.631e-08:   8%|▊         | 1958/25000 [01:57<23:24]
loss : 1.036e-02  mse_pde 1.416e-04  mse_ic 5.269e-03  mse_in 4.949e-03  mse_out 6.631e-08:   8%|▊         | 1960/25000 [01:57<23:01]
loss : 1.034e-02  mse_pde 1.250e-04  mse_ic 5.137e-03  mse_in 5.075e-03  mse_out 6.170e-08:   8%|▊         | 1960/25000 [01:57<23:01]
loss : 1.034e-02  mse_pde 1.250e-04  mse_ic 5.137e-03  mse_in 5.075e-03  mse_out 6.170e-08:   8%|▊         | 1960/25000 [01:57<23:01]
loss : 1.046e-02  mse_pde 2.458e-04  mse_ic 4.997e-03  mse_in 5.219e-03  mse_out 6.104e-08:   8%|▊         | 1960/25000 [01:57<23:01]
loss : 1.046e-02  mse_pde 2.458e-04  mse_ic 4.997e-03  mse_in 5.219e-03  mse_out 6.104e-08:   8%|▊         | 1960/25000 [01:57<23:01]
loss : 1.046e-02  mse_pde 2.458e-04  mse_ic 4.997e-03  mse_in 5.219e-03  mse_out 6.104e-08:   8%|▊         | 1962/25000 [01:57<23:10]
loss : 1.028e-02  mse_pde 6.822e-05  mse_ic 4.907e-03  mse_in 5.307e-03  mse_out 6.333e-08:   8%|▊         | 1962/25000 [01:57<23:10]
loss : 1.028e-02  mse_pde 6.822e-05  mse_ic 4.907e-03  mse_in 5.307e-03  mse_out 6.333e-08:   8%|▊         | 1962/25000 [01:57<23:10]
loss : 1.036e-02  mse_pde 1.492e-04  mse_ic 5.029e-03  mse_in 5.181e-03  mse_out 6.709e-08:   8%|▊         | 1962/25000 [01:57<23:10]
loss : 1.036e-02  mse_pde 1.492e-04  mse_ic 5.029e-03  mse_in 5.181e-03  mse_out 6.709e-08:   8%|▊         | 1962/25000 [01:57<23:10]
loss : 1.036e-02  mse_pde 1.492e-04  mse_ic 5.029e-03  mse_in 5.181e-03  mse_out 6.709e-08:   8%|▊         | 1964/25000 [01:57<23:12]
loss : 1.043e-02  mse_pde 2.103e-04  mse_ic 5.271e-03  mse_in 4.948e-03  mse_out 6.950e-08:   8%|▊         | 1964/25000 [01:57<23:12]
loss : 1.043e-02  mse_pde 2.103e-04  mse_ic 5.271e-03  mse_in 4.948e-03  mse_out 6.950e-08:   8%|▊         | 1964/25000 [01:57<23:12]
loss : 1.025e-02  mse_pde 3.151e-05  mse_ic 5.119e-03  mse_in 5.095e-03  mse_out 6.744e-08:   8%|▊         | 1964/25000 [01:57<23:12]
loss : 1.025e-02  mse_pde 3.151e-05  mse_ic 5.119e-03  mse_in 5.095e-03  mse_out 6.744e-08:   8%|▊         | 1964/25000 [01:57<23:12]
loss : 1.025e-02  mse_pde 3.151e-05  mse_ic 5.119e-03  mse_in 5.095e-03  mse_out 6.744e-08:   8%|▊         | 1966/25000 [01:57<23:04]
loss : 1.043e-02  mse_pde 2.129e-04  mse_ic 4.883e-03  mse_in 5.331e-03  mse_out 6.508e-08:   8%|▊         | 1966/25000 [01:58<23:04]
loss : 1.043e-02  mse_pde 2.129e-04  mse_ic 4.883e-03  mse_in 5.331e-03  mse_out 6.508e-08:   8%|▊         | 1966/25000 [01:58<23:04]
loss : 1.042e-02  mse_pde 2.039e-04  mse_ic 4.987e-03  mse_in 5.231e-03  mse_out 6.624e-08:   8%|▊         | 1966/25000 [01:58<23:04]
loss : 1.042e-02  mse_pde 2.039e-04  mse_ic 4.987e-03  mse_in 5.231e-03  mse_out 6.624e-08:   8%|▊         | 1966/25000 [01:58<23:04]
loss : 1.042e-02  mse_pde 2.039e-04  mse_ic 4.987e-03  mse_in 5.231e-03  mse_out 6.624e-08:   8%|▊         | 1968/25000 [01:58<22:45]
loss : 1.027e-02  mse_pde 5.788e-05  mse_ic 5.122e-03  mse_in 5.093e-03  mse_out 6.763e-08:   8%|▊         | 1968/25000 [01:58<22:45]
loss : 1.027e-02  mse_pde 5.788e-05  mse_ic 5.122e-03  mse_in 5.093e-03  mse_out 6.763e-08:   8%|▊         | 1968/25000 [01:58<22:45]
loss : 1.040e-02  mse_pde 1.828e-04  mse_ic 5.133e-03  mse_in 5.081e-03  mse_out 6.668e-08:   8%|▊         | 1968/25000 [01:58<22:45]
loss : 1.040e-02  mse_pde 1.828e-04  mse_ic 5.133e-03  mse_in 5.081e-03  mse_out 6.668e-08:   8%|▊         | 1968/25000 [01:58<22:45]
loss : 1.040e-02  mse_pde 1.828e-04  mse_ic 5.133e-03  mse_in 5.081e-03  mse_out 6.668e-08:   8%|▊         | 1970/25000 [01:58<22:59]
loss : 1.036e-02  mse_pde 1.449e-04  mse_ic 5.158e-03  mse_in 5.062e-03  mse_out 6.392e-08:   8%|▊         | 1970/25000 [01:58<22:59]
loss : 1.036e-02  mse_pde 1.449e-04  mse_ic 5.158e-03  mse_in 5.062e-03  mse_out 6.392e-08:   8%|▊         | 1970/25000 [01:58<22:59]
loss : 1.028e-02  mse_pde 6.361e-05  mse_ic 5.104e-03  mse_in 5.114e-03  mse_out 6.051e-08:   8%|▊         | 1970/25000 [01:58<22:59]
loss : 1.028e-02  mse_pde 6.361e-05  mse_ic 5.104e-03  mse_in 5.114e-03  mse_out 6.051e-08:   8%|▊         | 1970/25000 [01:58<22:59]
loss : 1.028e-02  mse_pde 6.361e-05  mse_ic 5.104e-03  mse_in 5.114e-03  mse_out 6.051e-08:   8%|▊         | 1972/25000 [01:58<22:55]
loss : 1.038e-02  mse_pde 1.597e-04  mse_ic 5.173e-03  mse_in 5.043e-03  mse_out 6.008e-08:   8%|▊         | 1972/25000 [01:58<22:55]
loss : 1.038e-02  mse_pde 1.597e-04  mse_ic 5.173e-03  mse_in 5.043e-03  mse_out 6.008e-08:   8%|▊         | 1972/25000 [01:58<22:55]
loss : 1.037e-02  mse_pde 1.415e-04  mse_ic 5.444e-03  mse_in 4.790e-03  mse_out 6.414e-08:   8%|▊         | 1972/25000 [01:58<22:55]
loss : 1.037e-02  mse_pde 1.415e-04  mse_ic 5.444e-03  mse_in 4.790e-03  mse_out 6.414e-08:   8%|▊         | 1972/25000 [01:58<22:55]
loss : 1.037e-02  mse_pde 1.415e-04  mse_ic 5.444e-03  mse_in 4.790e-03  mse_out 6.414e-08:   8%|▊         | 1974/25000 [01:58<22:52]
loss : 1.027e-02  mse_pde 4.656e-05  mse_ic 5.252e-03  mse_in 4.969e-03  mse_out 6.847e-08:   8%|▊         | 1974/25000 [01:58<22:52]
loss : 1.027e-02  mse_pde 4.656e-05  mse_ic 5.252e-03  mse_in 4.969e-03  mse_out 6.847e-08:   8%|▊         | 1974/25000 [01:58<22:52]
loss : 1.041e-02  mse_pde 1.896e-04  mse_ic 4.878e-03  mse_in 5.339e-03  mse_out 7.123e-08:   8%|▊         | 1974/25000 [01:58<22:52]
loss : 1.041e-02  mse_pde 1.896e-04  mse_ic 4.878e-03  mse_in 5.339e-03  mse_out 7.123e-08:   8%|▊         | 1974/25000 [01:58<22:52]
loss : 1.041e-02  mse_pde 1.896e-04  mse_ic 4.878e-03  mse_in 5.339e-03  mse_out 7.123e-08:   8%|▊         | 1976/25000 [01:58<23:13]
loss : 1.045e-02  mse_pde 2.260e-04  mse_ic 4.872e-03  mse_in 5.349e-03  mse_out 7.314e-08:   8%|▊         | 1976/25000 [01:58<23:13]
loss : 1.045e-02  mse_pde 2.260e-04  mse_ic 4.872e-03  mse_in 5.349e-03  mse_out 7.314e-08:   8%|▊         | 1976/25000 [01:58<23:13]
loss : 1.027e-02  mse_pde 5.855e-05  mse_ic 5.031e-03  mse_in 5.181e-03  mse_out 7.244e-08:   8%|▊         | 1976/25000 [01:58<23:13]
loss : 1.027e-02  mse_pde 5.855e-05  mse_ic 5.031e-03  mse_in 5.181e-03  mse_out 7.244e-08:   8%|▊         | 1976/25000 [01:58<23:13]
loss : 1.027e-02  mse_pde 5.855e-05  mse_ic 5.031e-03  mse_in 5.181e-03  mse_out 7.244e-08:   8%|▊         | 1978/25000 [01:58<23:14]
loss : 1.033e-02  mse_pde 1.182e-04  mse_ic 5.196e-03  mse_in 5.017e-03  mse_out 7.023e-08:   8%|▊         | 1978/25000 [01:58<23:14]
loss : 1.033e-02  mse_pde 1.182e-04  mse_ic 5.196e-03  mse_in 5.017e-03  mse_out 7.023e-08:   8%|▊         | 1978/25000 [01:58<23:14]
loss : 1.036e-02  mse_pde 1.487e-04  mse_ic 5.155e-03  mse_in 5.060e-03  mse_out 6.748e-08:   8%|▊         | 1978/25000 [01:58<23:14]
loss : 1.036e-02  mse_pde 1.487e-04  mse_ic 5.155e-03  mse_in 5.060e-03  mse_out 6.748e-08:   8%|▊         | 1978/25000 [01:58<23:14]
loss : 1.036e-02  mse_pde 1.487e-04  mse_ic 5.155e-03  mse_in 5.060e-03  mse_out 6.748e-08:   8%|▊         | 1980/25000 [01:58<23:10]
loss : 1.030e-02  mse_pde 8.815e-05  mse_ic 4.859e-03  mse_in 5.356e-03  mse_out 6.450e-08:   8%|▊         | 1980/25000 [01:58<23:10]
loss : 1.030e-02  mse_pde 8.815e-05  mse_ic 4.859e-03  mse_in 5.356e-03  mse_out 6.450e-08:   8%|▊         | 1980/25000 [01:58<23:10]
loss : 1.027e-02  mse_pde 5.839e-05  mse_ic 4.856e-03  mse_in 5.360e-03  mse_out 6.417e-08:   8%|▊         | 1980/25000 [01:58<23:10]
loss : 1.027e-02  mse_pde 5.839e-05  mse_ic 4.856e-03  mse_in 5.360e-03  mse_out 6.417e-08:   8%|▊         | 1980/25000 [01:58<23:10]
loss : 1.027e-02  mse_pde 5.839e-05  mse_ic 4.856e-03  mse_in 5.360e-03  mse_out 6.417e-08:   8%|▊         | 1982/25000 [01:58<23:11]
loss : 1.033e-02  mse_pde 1.205e-04  mse_ic 5.069e-03  mse_in 5.145e-03  mse_out 6.565e-08:   8%|▊         | 1982/25000 [01:58<23:11]
loss : 1.033e-02  mse_pde 1.205e-04  mse_ic 5.069e-03  mse_in 5.145e-03  mse_out 6.565e-08:   8%|▊         | 1982/25000 [01:58<23:11]
loss : 1.035e-02  mse_pde 1.432e-04  mse_ic 5.139e-03  mse_in 5.072e-03  mse_out 6.709e-08:   8%|▊         | 1982/25000 [01:59<23:11]
loss : 1.035e-02  mse_pde 1.432e-04  mse_ic 5.139e-03  mse_in 5.072e-03  mse_out 6.709e-08:   8%|▊         | 1982/25000 [01:59<23:11]
loss : 1.035e-02  mse_pde 1.432e-04  mse_ic 5.139e-03  mse_in 5.072e-03  mse_out 6.709e-08:   8%|▊         | 1984/25000 [01:59<23:23]
loss : 1.026e-02  mse_pde 4.837e-05  mse_ic 5.204e-03  mse_in 5.012e-03  mse_out 7.013e-08:   8%|▊         | 1984/25000 [01:59<23:23]
loss : 1.026e-02  mse_pde 4.837e-05  mse_ic 5.204e-03  mse_in 5.012e-03  mse_out 7.013e-08:   8%|▊         | 1984/25000 [01:59<23:23]
loss : 1.030e-02  mse_pde 8.088e-05  mse_ic 5.060e-03  mse_in 5.154e-03  mse_out 7.357e-08:   8%|▊         | 1984/25000 [01:59<23:23]
loss : 1.030e-02  mse_pde 8.088e-05  mse_ic 5.060e-03  mse_in 5.154e-03  mse_out 7.357e-08:   8%|▊         | 1984/25000 [01:59<23:23]
loss : 1.030e-02  mse_pde 8.088e-05  mse_ic 5.060e-03  mse_in 5.154e-03  mse_out 7.357e-08:   8%|▊         | 1986/25000 [01:59<23:21]
loss : 1.036e-02  mse_pde 1.467e-04  mse_ic 4.941e-03  mse_in 5.271e-03  mse_out 7.599e-08:   8%|▊         | 1986/25000 [01:59<23:21]
loss : 1.036e-02  mse_pde 1.467e-04  mse_ic 4.941e-03  mse_in 5.271e-03  mse_out 7.599e-08:   8%|▊         | 1986/25000 [01:59<23:21]
loss : 1.039e-02  mse_pde 1.790e-04  mse_ic 5.114e-03  mse_in 5.102e-03  mse_out 7.592e-08:   8%|▊         | 1986/25000 [01:59<23:21]
loss : 1.039e-02  mse_pde 1.790e-04  mse_ic 5.114e-03  mse_in 5.102e-03  mse_out 7.592e-08:   8%|▊         | 1986/25000 [01:59<23:21]
loss : 1.039e-02  mse_pde 1.790e-04  mse_ic 5.114e-03  mse_in 5.102e-03  mse_out 7.592e-08:   8%|▊         | 1988/25000 [01:59<23:21]
loss : 1.030e-02  mse_pde 8.507e-05  mse_ic 5.110e-03  mse_in 5.102e-03  mse_out 7.023e-08:   8%|▊         | 1988/25000 [01:59<23:21]
loss : 1.030e-02  mse_pde 8.507e-05  mse_ic 5.110e-03  mse_in 5.102e-03  mse_out 7.023e-08:   8%|▊         | 1988/25000 [01:59<23:21]
loss : 1.025e-02  mse_pde 3.307e-05  mse_ic 5.067e-03  mse_in 5.145e-03  mse_out 6.409e-08:   8%|▊         | 1988/25000 [01:59<23:21]
loss : 1.025e-02  mse_pde 3.307e-05  mse_ic 5.067e-03  mse_in 5.145e-03  mse_out 6.409e-08:   8%|▊         | 1988/25000 [01:59<23:21]
loss : 1.025e-02  mse_pde 3.307e-05  mse_ic 5.067e-03  mse_in 5.145e-03  mse_out 6.409e-08:   8%|▊         | 1990/25000 [01:59<23:06]
loss : 1.037e-02  mse_pde 1.531e-04  mse_ic 5.089e-03  mse_in 5.124e-03  mse_out 6.192e-08:   8%|▊         | 1990/25000 [01:59<23:06]
loss : 1.037e-02  mse_pde 1.531e-04  mse_ic 5.089e-03  mse_in 5.124e-03  mse_out 6.192e-08:   8%|▊         | 1990/25000 [01:59<23:06]
loss : 1.039e-02  mse_pde 1.802e-04  mse_ic 5.103e-03  mse_in 5.106e-03  mse_out 6.387e-08:   8%|▊         | 1990/25000 [01:59<23:06]
loss : 1.039e-02  mse_pde 1.802e-04  mse_ic 5.103e-03  mse_in 5.106e-03  mse_out 6.387e-08:   8%|▊         | 1990/25000 [01:59<23:06]
loss : 1.039e-02  mse_pde 1.802e-04  mse_ic 5.103e-03  mse_in 5.106e-03  mse_out 6.387e-08:   8%|▊         | 1992/25000 [01:59<23:17]
loss : 1.036e-02  mse_pde 1.370e-04  mse_ic 5.352e-03  mse_in 4.869e-03  mse_out 6.881e-08:   8%|▊         | 1992/25000 [01:59<23:17]
loss : 1.036e-02  mse_pde 1.370e-04  mse_ic 5.352e-03  mse_in 4.869e-03  mse_out 6.881e-08:   8%|▊         | 1992/25000 [01:59<23:17]
loss : 1.024e-02  mse_pde 3.085e-05  mse_ic 5.128e-03  mse_in 5.084e-03  mse_out 6.981e-08:   8%|▊         | 1992/25000 [01:59<23:17]
loss : 1.024e-02  mse_pde 3.085e-05  mse_ic 5.128e-03  mse_in 5.084e-03  mse_out 6.981e-08:   8%|▊         | 1992/25000 [01:59<23:17]
loss : 1.024e-02  mse_pde 3.085e-05  mse_ic 5.128e-03  mse_in 5.084e-03  mse_out 6.981e-08:   8%|▊         | 1994/25000 [01:59<23:30]
loss : 1.034e-02  mse_pde 1.226e-04  mse_ic 4.853e-03  mse_in 5.360e-03  mse_out 6.770e-08:   8%|▊         | 1994/25000 [01:59<23:30]
loss : 1.034e-02  mse_pde 1.226e-04  mse_ic 4.853e-03  mse_in 5.360e-03  mse_out 6.770e-08:   8%|▊         | 1994/25000 [01:59<23:30]
loss : 1.050e-02  mse_pde 2.879e-04  mse_ic 4.956e-03  mse_in 5.258e-03  mse_out 6.667e-08:   8%|▊         | 1994/25000 [01:59<23:30]
loss : 1.050e-02  mse_pde 2.879e-04  mse_ic 4.956e-03  mse_in 5.258e-03  mse_out 6.667e-08:   8%|▊         | 1994/25000 [01:59<23:30]
loss : 1.050e-02  mse_pde 2.879e-04  mse_ic 4.956e-03  mse_in 5.258e-03  mse_out 6.667e-08:   8%|▊         | 1996/25000 [01:59<22:29]
loss : 1.058e-02  mse_pde 3.721e-04  mse_ic 5.132e-03  mse_in 5.075e-03  mse_out 6.735e-08:   8%|▊         | 1996/25000 [01:59<22:29]
loss : 1.058e-02  mse_pde 3.721e-04  mse_ic 5.132e-03  mse_in 5.075e-03  mse_out 6.735e-08:   8%|▊         | 1996/25000 [01:59<22:29]
loss : 1.039e-02  mse_pde 1.644e-04  mse_ic 5.471e-03  mse_in 4.759e-03  mse_out 7.023e-08:   8%|▊         | 1996/25000 [01:59<22:29]
loss : 1.039e-02  mse_pde 1.644e-04  mse_ic 5.471e-03  mse_in 4.759e-03  mse_out 7.023e-08:   8%|▊         | 1996/25000 [01:59<22:29]
loss : 1.039e-02  mse_pde 1.644e-04  mse_ic 5.471e-03  mse_in 4.759e-03  mse_out 7.023e-08:   8%|▊         | 1998/25000 [01:59<22:41]
loss : 1.030e-02  mse_pde 8.393e-05  mse_ic 5.221e-03  mse_in 4.996e-03  mse_out 6.959e-08:   8%|▊         | 1998/25000 [01:59<22:41]
loss : 1.030e-02  mse_pde 8.393e-05  mse_ic 5.221e-03  mse_in 4.996e-03  mse_out 6.959e-08:   8%|▊         | 1998/25000 [01:59<22:41]
loss : 1.065e-02  mse_pde 4.333e-04  mse_ic 4.887e-03  mse_in 5.325e-03  mse_out 6.586e-08:   8%|▊         | 1998/25000 [01:59<22:41]
loss : 1.065e-02  mse_pde 4.333e-04  mse_ic 4.887e-03  mse_in 5.325e-03  mse_out 6.586e-08:   8%|▊         | 1998/25000 [01:59<22:41]
loss : 1.065e-02  mse_pde 4.333e-04  mse_ic 4.887e-03  mse_in 5.325e-03  mse_out 6.586e-08:   8%|▊         | 2000/25000 [02:00<22:55]
loss : 1.053e-02  mse_pde 3.138e-04  mse_ic 5.205e-03  mse_in 5.014e-03  mse_out 6.346e-08:   8%|▊         | 2000/25000 [02:00<22:55]
loss : 1.053e-02  mse_pde 3.138e-04  mse_ic 5.205e-03  mse_in 5.014e-03  mse_out 6.346e-08:   8%|▊         | 2000/25000 [02:00<22:55]
loss : 1.032e-02  mse_pde 8.986e-05  mse_ic 5.486e-03  mse_in 4.746e-03  mse_out 6.142e-08:   8%|▊         | 2000/25000 [02:00<22:55]
loss : 1.032e-02  mse_pde 8.986e-05  mse_ic 5.486e-03  mse_in 4.746e-03  mse_out 6.142e-08:   8%|▊         | 2000/25000 [02:00<22:55]
loss : 1.032e-02  mse_pde 8.986e-05  mse_ic 5.486e-03  mse_in 4.746e-03  mse_out 6.142e-08:   8%|▊         | 2002/25000 [02:00<23:11]
loss : 1.054e-02  mse_pde 3.169e-04  mse_ic 5.409e-03  mse_in 4.815e-03  mse_out 6.053e-08:   8%|▊         | 2002/25000 [02:00<23:11]
loss : 1.054e-02  mse_pde 3.169e-04  mse_ic 5.409e-03  mse_in 4.815e-03  mse_out 6.053e-08:   8%|▊         | 2002/25000 [02:00<23:11]
loss : 1.040e-02  mse_pde 1.712e-04  mse_ic 5.365e-03  mse_in 4.862e-03  mse_out 6.389e-08:   8%|▊         | 2002/25000 [02:00<23:11]
loss : 1.040e-02  mse_pde 1.712e-04  mse_ic 5.365e-03  mse_in 4.862e-03  mse_out 6.389e-08:   8%|▊         | 2002/25000 [02:00<23:11]
loss : 1.040e-02  mse_pde 1.712e-04  mse_ic 5.365e-03  mse_in 4.862e-03  mse_out 6.389e-08:   8%|▊         | 2004/25000 [02:00<22:48]
loss : 1.035e-02  mse_pde 1.261e-04  mse_ic 5.206e-03  mse_in 5.013e-03  mse_out 6.982e-08:   8%|▊         | 2004/25000 [02:00<22:48]
loss : 1.035e-02  mse_pde 1.261e-04  mse_ic 5.206e-03  mse_in 5.013e-03  mse_out 6.982e-08:   8%|▊         | 2004/25000 [02:00<22:48]
loss : 1.056e-02  mse_pde 3.464e-04  mse_ic 5.137e-03  mse_in 5.076e-03  mse_out 7.482e-08:   8%|▊         | 2004/25000 [02:00<22:48]
loss : 1.056e-02  mse_pde 3.464e-04  mse_ic 5.137e-03  mse_in 5.076e-03  mse_out 7.482e-08:   8%|▊         | 2004/25000 [02:00<22:48]
loss : 1.056e-02  mse_pde 3.464e-04  mse_ic 5.137e-03  mse_in 5.076e-03  mse_out 7.482e-08:   8%|▊         | 2006/25000 [02:00<23:00]
loss : 1.037e-02  mse_pde 1.443e-04  mse_ic 5.421e-03  mse_in 4.809e-03  mse_out 7.599e-08:   8%|▊         | 2006/25000 [02:00<23:00]
loss : 1.037e-02  mse_pde 1.443e-04  mse_ic 5.421e-03  mse_in 4.809e-03  mse_out 7.599e-08:   8%|▊         | 2006/25000 [02:00<23:00]
loss : 1.038e-02  mse_pde 1.503e-04  mse_ic 5.375e-03  mse_in 4.851e-03  mse_out 6.949e-08:   8%|▊         | 2006/25000 [02:00<23:00]
loss : 1.038e-02  mse_pde 1.503e-04  mse_ic 5.375e-03  mse_in 4.851e-03  mse_out 6.949e-08:   8%|▊         | 2006/25000 [02:00<23:00]
loss : 1.038e-02  mse_pde 1.503e-04  mse_ic 5.375e-03  mse_in 4.851e-03  mse_out 6.949e-08:   8%|▊         | 2008/25000 [02:00<23:01]
loss : 1.054e-02  mse_pde 3.269e-04  mse_ic 5.040e-03  mse_in 5.169e-03  mse_out 6.180e-08:   8%|▊         | 2008/25000 [02:00<23:01]
loss : 1.054e-02  mse_pde 3.269e-04  mse_ic 5.040e-03  mse_in 5.169e-03  mse_out 6.180e-08:   8%|▊         | 2008/25000 [02:00<23:01]
loss : 1.030e-02  mse_pde 9.202e-05  mse_ic 5.059e-03  mse_in 5.154e-03  mse_out 6.080e-08:   8%|▊         | 2008/25000 [02:00<23:01]
loss : 1.030e-02  mse_pde 9.202e-05  mse_ic 5.059e-03  mse_in 5.154e-03  mse_out 6.080e-08:   8%|▊         | 2008/25000 [02:00<23:01]
loss : 1.030e-02  mse_pde 9.202e-05  mse_ic 5.059e-03  mse_in 5.154e-03  mse_out 6.080e-08:   8%|▊         | 2010/25000 [02:00<23:01]
loss : 1.035e-02  mse_pde 1.375e-04  mse_ic 5.143e-03  mse_in 5.070e-03  mse_out 6.422e-08:   8%|▊         | 2010/25000 [02:00<23:01]
loss : 1.035e-02  mse_pde 1.375e-04  mse_ic 5.143e-03  mse_in 5.070e-03  mse_out 6.422e-08:   8%|▊         | 2010/25000 [02:00<23:01]
loss : 1.049e-02  mse_pde 2.844e-04  mse_ic 5.119e-03  mse_in 5.088e-03  mse_out 6.852e-08:   8%|▊         | 2010/25000 [02:00<23:01]
loss : 1.049e-02  mse_pde 2.844e-04  mse_ic 5.119e-03  mse_in 5.088e-03  mse_out 6.852e-08:   8%|▊         | 2010/25000 [02:00<23:01]
loss : 1.049e-02  mse_pde 2.844e-04  mse_ic 5.119e-03  mse_in 5.088e-03  mse_out 6.852e-08:   8%|▊         | 2012/25000 [02:00<23:09]
loss : 1.027e-02  mse_pde 5.869e-05  mse_ic 5.179e-03  mse_in 5.034e-03  mse_out 7.083e-08:   8%|▊         | 2012/25000 [02:00<23:09]
loss : 1.027e-02  mse_pde 5.869e-05  mse_ic 5.179e-03  mse_in 5.034e-03  mse_out 7.083e-08:   8%|▊         | 2012/25000 [02:00<23:09]
loss : 1.040e-02  mse_pde 1.826e-04  mse_ic 5.055e-03  mse_in 5.159e-03  mse_out 6.834e-08:   8%|▊         | 2012/25000 [02:00<23:09]
loss : 1.040e-02  mse_pde 1.826e-04  mse_ic 5.055e-03  mse_in 5.159e-03  mse_out 6.834e-08:   8%|▊         | 2012/25000 [02:00<23:09]
loss : 1.040e-02  mse_pde 1.826e-04  mse_ic 5.055e-03  mse_in 5.159e-03  mse_out 6.834e-08:   8%|▊         | 2014/25000 [02:00<23:22]
loss : 1.046e-02  mse_pde 2.499e-04  mse_ic 4.920e-03  mse_in 5.291e-03  mse_out 6.419e-08:   8%|▊         | 2014/25000 [02:00<23:22]
loss : 1.046e-02  mse_pde 2.499e-04  mse_ic 4.920e-03  mse_in 5.291e-03  mse_out 6.419e-08:   8%|▊         | 2014/25000 [02:00<23:22]
loss : 1.025e-02  mse_pde 3.753e-05  mse_ic 5.150e-03  mse_in 5.064e-03  mse_out 6.390e-08:   8%|▊         | 2014/25000 [02:00<23:22]
loss : 1.025e-02  mse_pde 3.753e-05  mse_ic 5.150e-03  mse_in 5.064e-03  mse_out 6.390e-08:   8%|▊         | 2014/25000 [02:00<23:22]
loss : 1.025e-02  mse_pde 3.753e-05  mse_ic 5.150e-03  mse_in 5.064e-03  mse_out 6.390e-08:   8%|▊         | 2016/25000 [02:00<23:17]
loss : 1.040e-02  mse_pde 1.763e-04  mse_ic 5.272e-03  mse_in 4.948e-03  mse_out 6.559e-08:   8%|▊         | 2016/25000 [02:01<23:17]
loss : 1.040e-02  mse_pde 1.763e-04  mse_ic 5.272e-03  mse_in 4.948e-03  mse_out 6.559e-08:   8%|▊         | 2016/25000 [02:01<23:17]
loss : 1.036e-02  mse_pde 1.494e-04  mse_ic 5.091e-03  mse_in 5.120e-03  mse_out 6.718e-08:   8%|▊         | 2016/25000 [02:01<23:17]
loss : 1.036e-02  mse_pde 1.494e-04  mse_ic 5.091e-03  mse_in 5.120e-03  mse_out 6.718e-08:   8%|▊         | 2016/25000 [02:01<23:17]
loss : 1.036e-02  mse_pde 1.494e-04  mse_ic 5.091e-03  mse_in 5.120e-03  mse_out 6.718e-08:   8%|▊         | 2018/25000 [02:01<23:32]
loss : 1.026e-02  mse_pde 4.209e-05  mse_ic 5.008e-03  mse_in 5.206e-03  mse_out 6.903e-08:   8%|▊         | 2018/25000 [02:01<23:32]
loss : 1.026e-02  mse_pde 4.209e-05  mse_ic 5.008e-03  mse_in 5.206e-03  mse_out 6.903e-08:   8%|▊         | 2018/25000 [02:01<23:32]
loss : 1.040e-02  mse_pde 1.802e-04  mse_ic 5.070e-03  mse_in 5.147e-03  mse_out 6.979e-08:   8%|▊         | 2018/25000 [02:01<23:32]
loss : 1.040e-02  mse_pde 1.802e-04  mse_ic 5.070e-03  mse_in 5.147e-03  mse_out 6.979e-08:   8%|▊         | 2018/25000 [02:01<23:32]
loss : 1.040e-02  mse_pde 1.802e-04  mse_ic 5.070e-03  mse_in 5.147e-03  mse_out 6.979e-08:   8%|▊         | 2020/25000 [02:01<23:29]
loss : 1.034e-02  mse_pde 1.257e-04  mse_ic 5.184e-03  mse_in 5.029e-03  mse_out 6.833e-08:   8%|▊         | 2020/25000 [02:01<23:29]
loss : 1.034e-02  mse_pde 1.257e-04  mse_ic 5.184e-03  mse_in 5.029e-03  mse_out 6.833e-08:   8%|▊         | 2020/25000 [02:01<23:29]
loss : 1.029e-02  mse_pde 6.770e-05  mse_ic 5.328e-03  mse_in 4.892e-03  mse_out 6.591e-08:   8%|▊         | 2020/25000 [02:01<23:29]
loss : 1.029e-02  mse_pde 6.770e-05  mse_ic 5.328e-03  mse_in 4.892e-03  mse_out 6.591e-08:   8%|▊         | 2020/25000 [02:01<23:29]
loss : 1.029e-02  mse_pde 6.770e-05  mse_ic 5.328e-03  mse_in 4.892e-03  mse_out 6.591e-08:   8%|▊         | 2022/25000 [02:01<23:22]
loss : 1.036e-02  mse_pde 1.400e-04  mse_ic 5.175e-03  mse_in 5.041e-03  mse_out 6.241e-08:   8%|▊         | 2022/25000 [02:01<23:22]
loss : 1.036e-02  mse_pde 1.400e-04  mse_ic 5.175e-03  mse_in 5.041e-03  mse_out 6.241e-08:   8%|▊         | 2022/25000 [02:01<23:22]
loss : 1.034e-02  mse_pde 1.257e-04  mse_ic 4.850e-03  mse_in 5.364e-03  mse_out 5.961e-08:   8%|▊         | 2022/25000 [02:01<23:22]
loss : 1.034e-02  mse_pde 1.257e-04  mse_ic 4.850e-03  mse_in 5.364e-03  mse_out 5.961e-08:   8%|▊         | 2022/25000 [02:01<23:22]
loss : 1.034e-02  mse_pde 1.257e-04  mse_ic 4.850e-03  mse_in 5.364e-03  mse_out 5.961e-08:   8%|▊         | 2024/25000 [02:01<23:28]
loss : 1.025e-02  mse_pde 4.141e-05  mse_ic 4.881e-03  mse_in 5.333e-03  mse_out 6.076e-08:   8%|▊         | 2024/25000 [02:01<23:28]
loss : 1.025e-02  mse_pde 4.141e-05  mse_ic 4.881e-03  mse_in 5.333e-03  mse_out 6.076e-08:   8%|▊         | 2024/25000 [02:01<23:28]
loss : 1.030e-02  mse_pde 9.131e-05  mse_ic 5.083e-03  mse_in 5.129e-03  mse_out 6.388e-08:   8%|▊         | 2024/25000 [02:01<23:28]
loss : 1.030e-02  mse_pde 9.131e-05  mse_ic 5.083e-03  mse_in 5.129e-03  mse_out 6.388e-08:   8%|▊         | 2024/25000 [02:01<23:28]
loss : 1.030e-02  mse_pde 9.131e-05  mse_ic 5.083e-03  mse_in 5.129e-03  mse_out 6.388e-08:   8%|▊         | 2026/25000 [02:01<23:25]
loss : 1.035e-02  mse_pde 1.380e-04  mse_ic 5.119e-03  mse_in 5.090e-03  mse_out 6.568e-08:   8%|▊         | 2026/25000 [02:01<23:25]
loss : 1.035e-02  mse_pde 1.380e-04  mse_ic 5.119e-03  mse_in 5.090e-03  mse_out 6.568e-08:   8%|▊         | 2026/25000 [02:01<23:25]
loss : 1.026e-02  mse_pde 4.833e-05  mse_ic 5.103e-03  mse_in 5.108e-03  mse_out 6.644e-08:   8%|▊         | 2026/25000 [02:01<23:25]
loss : 1.026e-02  mse_pde 4.833e-05  mse_ic 5.103e-03  mse_in 5.108e-03  mse_out 6.644e-08:   8%|▊         | 2026/25000 [02:01<23:25]
loss : 1.026e-02  mse_pde 4.833e-05  mse_ic 5.103e-03  mse_in 5.108e-03  mse_out 6.644e-08:   8%|▊         | 2028/25000 [02:01<23:32]
loss : 1.028e-02  mse_pde 7.220e-05  mse_ic 4.958e-03  mse_in 5.254e-03  mse_out 6.559e-08:   8%|▊         | 2028/25000 [02:01<23:32]
loss : 1.028e-02  mse_pde 7.220e-05  mse_ic 4.958e-03  mse_in 5.254e-03  mse_out 6.559e-08:   8%|▊         | 2028/25000 [02:01<23:32]
loss : 1.035e-02  mse_pde 1.424e-04  mse_ic 4.884e-03  mse_in 5.327e-03  mse_out 6.411e-08:   8%|▊         | 2028/25000 [02:01<23:32]
loss : 1.035e-02  mse_pde 1.424e-04  mse_ic 4.884e-03  mse_in 5.327e-03  mse_out 6.411e-08:   8%|▊         | 2028/25000 [02:01<23:32]
loss : 1.035e-02  mse_pde 1.424e-04  mse_ic 4.884e-03  mse_in 5.327e-03  mse_out 6.411e-08:   8%|▊         | 2030/25000 [02:01<23:17]
loss : 1.038e-02  mse_pde 1.670e-04  mse_ic 5.091e-03  mse_in 5.120e-03  mse_out 6.288e-08:   8%|▊         | 2030/25000 [02:01<23:17]
loss : 1.038e-02  mse_pde 1.670e-04  mse_ic 5.091e-03  mse_in 5.120e-03  mse_out 6.288e-08:   8%|▊         | 2030/25000 [02:01<23:17]
loss : 1.027e-02  mse_pde 5.786e-05  mse_ic 5.107e-03  mse_in 5.102e-03  mse_out 6.009e-08:   8%|▊         | 2030/25000 [02:01<23:17]
loss : 1.027e-02  mse_pde 5.786e-05  mse_ic 5.107e-03  mse_in 5.102e-03  mse_out 6.009e-08:   8%|▊         | 2030/25000 [02:01<23:17]
loss : 1.027e-02  mse_pde 5.786e-05  mse_ic 5.107e-03  mse_in 5.102e-03  mse_out 6.009e-08:   8%|▊         | 2032/25000 [02:01<23:33]
loss : 1.027e-02  mse_pde 6.012e-05  mse_ic 5.058e-03  mse_in 5.151e-03  mse_out 5.904e-08:   8%|▊         | 2032/25000 [02:02<23:33]
loss : 1.027e-02  mse_pde 6.012e-05  mse_ic 5.058e-03  mse_in 5.151e-03  mse_out 5.904e-08:   8%|▊         | 2032/25000 [02:02<23:33]
loss : 1.038e-02  mse_pde 1.631e-04  mse_ic 5.126e-03  mse_in 5.088e-03  mse_out 6.222e-08:   8%|▊         | 2032/25000 [02:02<23:33]
loss : 1.038e-02  mse_pde 1.631e-04  mse_ic 5.126e-03  mse_in 5.088e-03  mse_out 6.222e-08:   8%|▊         | 2032/25000 [02:02<23:33]
loss : 1.038e-02  mse_pde 1.631e-04  mse_ic 5.126e-03  mse_in 5.088e-03  mse_out 6.222e-08:   8%|▊         | 2034/25000 [02:02<23:32]
loss : 1.034e-02  mse_pde 1.313e-04  mse_ic 5.154e-03  mse_in 5.057e-03  mse_out 6.711e-08:   8%|▊         | 2034/25000 [02:02<23:32]
loss : 1.034e-02  mse_pde 1.313e-04  mse_ic 5.154e-03  mse_in 5.057e-03  mse_out 6.711e-08:   8%|▊         | 2034/25000 [02:02<23:32]
loss : 1.028e-02  mse_pde 5.877e-05  mse_ic 5.287e-03  mse_in 4.931e-03  mse_out 7.039e-08:   8%|▊         | 2034/25000 [02:02<23:32]
loss : 1.028e-02  mse_pde 5.877e-05  mse_ic 5.287e-03  mse_in 4.931e-03  mse_out 7.039e-08:   8%|▊         | 2034/25000 [02:02<23:32]
loss : 1.028e-02  mse_pde 5.877e-05  mse_ic 5.287e-03  mse_in 4.931e-03  mse_out 7.039e-08:   8%|▊         | 2036/25000 [02:02<23:29]
loss : 1.028e-02  mse_pde 6.201e-05  mse_ic 5.136e-03  mse_in 5.078e-03  mse_out 6.736e-08:   8%|▊         | 2036/25000 [02:02<23:29]
loss : 1.028e-02  mse_pde 6.201e-05  mse_ic 5.136e-03  mse_in 5.078e-03  mse_out 6.736e-08:   8%|▊         | 2036/25000 [02:02<23:29]
loss : 1.040e-02  mse_pde 1.948e-04  mse_ic 4.914e-03  mse_in 5.296e-03  mse_out 6.232e-08:   8%|▊         | 2036/25000 [02:02<23:29]
loss : 1.040e-02  mse_pde 1.948e-04  mse_ic 4.914e-03  mse_in 5.296e-03  mse_out 6.232e-08:   8%|▊         | 2036/25000 [02:02<23:29]
loss : 1.040e-02  mse_pde 1.948e-04  mse_ic 4.914e-03  mse_in 5.296e-03  mse_out 6.232e-08:   8%|▊         | 2038/25000 [02:02<23:25]
loss : 1.042e-02  mse_pde 2.038e-04  mse_ic 5.117e-03  mse_in 5.095e-03  mse_out 6.215e-08:   8%|▊         | 2038/25000 [02:02<23:25]
loss : 1.042e-02  mse_pde 2.038e-04  mse_ic 5.117e-03  mse_in 5.095e-03  mse_out 6.215e-08:   8%|▊         | 2038/25000 [02:02<23:25]
loss : 1.031e-02  mse_pde 1.029e-04  mse_ic 5.216e-03  mse_in 4.994e-03  mse_out 6.520e-08:   8%|▊         | 2038/25000 [02:02<23:25]
loss : 1.031e-02  mse_pde 1.029e-04  mse_ic 5.216e-03  mse_in 4.994e-03  mse_out 6.520e-08:   8%|▊         | 2038/25000 [02:02<23:25]
loss : 1.031e-02  mse_pde 1.029e-04  mse_ic 5.216e-03  mse_in 4.994e-03  mse_out 6.520e-08:   8%|▊         | 2040/25000 [02:02<23:15]
loss : 1.025e-02  mse_pde 4.105e-05  mse_ic 5.154e-03  mse_in 5.055e-03  mse_out 6.936e-08:   8%|▊         | 2040/25000 [02:02<23:15]
loss : 1.025e-02  mse_pde 4.105e-05  mse_ic 5.154e-03  mse_in 5.055e-03  mse_out 6.936e-08:   8%|▊         | 2040/25000 [02:02<23:15]
loss : 1.041e-02  mse_pde 1.946e-04  mse_ic 5.019e-03  mse_in 5.193e-03  mse_out 7.132e-08:   8%|▊         | 2040/25000 [02:02<23:15]
loss : 1.041e-02  mse_pde 1.946e-04  mse_ic 5.019e-03  mse_in 5.193e-03  mse_out 7.132e-08:   8%|▊         | 2040/25000 [02:02<23:15]
loss : 1.041e-02  mse_pde 1.946e-04  mse_ic 5.019e-03  mse_in 5.193e-03  mse_out 7.132e-08:   8%|▊         | 2042/25000 [02:02<23:20]
loss : 1.047e-02  mse_pde 2.639e-04  mse_ic 4.940e-03  mse_in 5.267e-03  mse_out 6.959e-08:   8%|▊         | 2042/25000 [02:02<23:20]
loss : 1.047e-02  mse_pde 2.639e-04  mse_ic 4.940e-03  mse_in 5.267e-03  mse_out 6.959e-08:   8%|▊         | 2042/25000 [02:02<23:20]
loss : 1.036e-02  mse_pde 1.436e-04  mse_ic 5.335e-03  mse_in 4.883e-03  mse_out 6.787e-08:   8%|▊         | 2042/25000 [02:02<23:20]
loss : 1.036e-02  mse_pde 1.436e-04  mse_ic 5.335e-03  mse_in 4.883e-03  mse_out 6.787e-08:   8%|▊         | 2042/25000 [02:02<23:20]
loss : 1.036e-02  mse_pde 1.436e-04  mse_ic 5.335e-03  mse_in 4.883e-03  mse_out 6.787e-08:   8%|▊         | 2044/25000 [02:02<23:33]
loss : 1.026e-02  mse_pde 4.599e-05  mse_ic 5.297e-03  mse_in 4.917e-03  mse_out 6.400e-08:   8%|▊         | 2044/25000 [02:02<23:33]
loss : 1.026e-02  mse_pde 4.599e-05  mse_ic 5.297e-03  mse_in 4.917e-03  mse_out 6.400e-08:   8%|▊         | 2044/25000 [02:02<23:33]
loss : 1.041e-02  mse_pde 2.025e-04  mse_ic 4.964e-03  mse_in 5.242e-03  mse_out 6.160e-08:   8%|▊         | 2044/25000 [02:02<23:33]
loss : 1.041e-02  mse_pde 2.025e-04  mse_ic 4.964e-03  mse_in 5.242e-03  mse_out 6.160e-08:   8%|▊         | 2044/25000 [02:02<23:33]
loss : 1.041e-02  mse_pde 2.025e-04  mse_ic 4.964e-03  mse_in 5.242e-03  mse_out 6.160e-08:   8%|▊         | 2046/25000 [02:02<23:24]
loss : 1.055e-02  mse_pde 3.377e-04  mse_ic 5.001e-03  mse_in 5.212e-03  mse_out 6.444e-08:   8%|▊         | 2046/25000 [02:02<23:24]
loss : 1.055e-02  mse_pde 3.377e-04  mse_ic 5.001e-03  mse_in 5.212e-03  mse_out 6.444e-08:   8%|▊         | 2046/25000 [02:02<23:24]
loss : 1.034e-02  mse_pde 1.259e-04  mse_ic 5.183e-03  mse_in 5.028e-03  mse_out 6.923e-08:   8%|▊         | 2046/25000 [02:02<23:24]
loss : 1.034e-02  mse_pde 1.259e-04  mse_ic 5.183e-03  mse_in 5.028e-03  mse_out 6.923e-08:   8%|▊         | 2046/25000 [02:02<23:24]
loss : 1.034e-02  mse_pde 1.259e-04  mse_ic 5.183e-03  mse_in 5.028e-03  mse_out 6.923e-08:   8%|▊         | 2048/25000 [02:02<23:29]
loss : 1.031e-02  mse_pde 8.476e-05  mse_ic 5.440e-03  mse_in 4.785e-03  mse_out 7.242e-08:   8%|▊         | 2048/25000 [02:02<23:29]
loss : 1.031e-02  mse_pde 8.476e-05  mse_ic 5.440e-03  mse_in 4.785e-03  mse_out 7.242e-08:   8%|▊         | 2048/25000 [02:02<23:29]
loss : 1.041e-02  mse_pde 1.878e-04  mse_ic 5.409e-03  mse_in 4.817e-03  mse_out 7.098e-08:   8%|▊         | 2048/25000 [02:03<23:29]
loss : 1.041e-02  mse_pde 1.878e-04  mse_ic 5.409e-03  mse_in 4.817e-03  mse_out 7.098e-08:   8%|▊         | 2048/25000 [02:03<23:29]
loss : 1.041e-02  mse_pde 1.878e-04  mse_ic 5.409e-03  mse_in 4.817e-03  mse_out 7.098e-08:   8%|▊         | 2050/25000 [02:03<23:22]
loss : 1.033e-02  mse_pde 1.168e-04  mse_ic 5.065e-03  mse_in 5.144e-03  mse_out 6.694e-08:   8%|▊         | 2050/25000 [02:03<23:22]
loss : 1.033e-02  mse_pde 1.168e-04  mse_ic 5.065e-03  mse_in 5.144e-03  mse_out 6.694e-08:   8%|▊         | 2050/25000 [02:03<23:22]
loss : 1.025e-02  mse_pde 4.681e-05  mse_ic 5.041e-03  mse_in 5.167e-03  mse_out 6.560e-08:   8%|▊         | 2050/25000 [02:03<23:22]
loss : 1.025e-02  mse_pde 4.681e-05  mse_ic 5.041e-03  mse_in 5.167e-03  mse_out 6.560e-08:   8%|▊         | 2050/25000 [02:03<23:22]
loss : 1.025e-02  mse_pde 4.681e-05  mse_ic 5.041e-03  mse_in 5.167e-03  mse_out 6.560e-08:   8%|▊         | 2052/25000 [02:03<23:30]
loss : 1.041e-02  mse_pde 2.008e-04  mse_ic 5.173e-03  mse_in 5.037e-03  mse_out 6.558e-08:   8%|▊         | 2052/25000 [02:03<23:30]
loss : 1.041e-02  mse_pde 2.008e-04  mse_ic 5.173e-03  mse_in 5.037e-03  mse_out 6.558e-08:   8%|▊         | 2052/25000 [02:03<23:30]
loss : 1.037e-02  mse_pde 1.629e-04  mse_ic 5.061e-03  mse_in 5.143e-03  mse_out 6.452e-08:   8%|▊         | 2052/25000 [02:03<23:30]
loss : 1.037e-02  mse_pde 1.629e-04  mse_ic 5.061e-03  mse_in 5.143e-03  mse_out 6.452e-08:   8%|▊         | 2052/25000 [02:03<23:30]
loss : 1.037e-02  mse_pde 1.629e-04  mse_ic 5.061e-03  mse_in 5.143e-03  mse_out 6.452e-08:   8%|▊         | 2054/25000 [02:03<23:26]
loss : 1.025e-02  mse_pde 4.625e-05  mse_ic 5.021e-03  mse_in 5.185e-03  mse_out 6.539e-08:   8%|▊         | 2054/25000 [02:03<23:26]
loss : 1.025e-02  mse_pde 4.625e-05  mse_ic 5.021e-03  mse_in 5.185e-03  mse_out 6.539e-08:   8%|▊         | 2054/25000 [02:03<23:26]
loss : 1.032e-02  mse_pde 1.083e-04  mse_ic 4.975e-03  mse_in 5.232e-03  mse_out 6.814e-08:   8%|▊         | 2054/25000 [02:03<23:26]
loss : 1.032e-02  mse_pde 1.083e-04  mse_ic 4.975e-03  mse_in 5.232e-03  mse_out 6.814e-08:   8%|▊         | 2054/25000 [02:03<23:26]
loss : 1.041e-02  mse_pde 2.025e-04  mse_ic 4.959e-03  mse_in 5.243e-03  mse_out 6.994e-08:   8%|▊         | 2054/25000 [02:03<23:26]
loss : 1.041e-02  mse_pde 2.025e-04  mse_ic 4.959e-03  mse_in 5.243e-03  mse_out 6.994e-08:   8%|▊         | 2054/25000 [02:03<23:26]
loss : 1.041e-02  mse_pde 2.025e-04  mse_ic 4.959e-03  mse_in 5.243e-03  mse_out 6.994e-08:   8%|▊         | 2057/25000 [02:03<21:02]
loss : 1.040e-02  mse_pde 1.899e-04  mse_ic 5.193e-03  mse_in 5.017e-03  mse_out 6.850e-08:   8%|▊         | 2057/25000 [02:03<21:02]
loss : 1.040e-02  mse_pde 1.899e-04  mse_ic 5.193e-03  mse_in 5.017e-03  mse_out 6.850e-08:   8%|▊         | 2057/25000 [02:03<21:02]
loss : 1.023e-02  mse_pde 2.635e-05  mse_ic 5.061e-03  mse_in 5.144e-03  mse_out 6.175e-08:   8%|▊         | 2057/25000 [02:03<21:02]
loss : 1.023e-02  mse_pde 2.635e-05  mse_ic 5.061e-03  mse_in 5.144e-03  mse_out 6.175e-08:   8%|▊         | 2057/25000 [02:03<21:02]
loss : 1.035e-02  mse_pde 1.477e-04  mse_ic 4.914e-03  mse_in 5.292e-03  mse_out 5.729e-08:   8%|▊         | 2057/25000 [02:03<21:02]
loss : 1.035e-02  mse_pde 1.477e-04  mse_ic 4.914e-03  mse_in 5.292e-03  mse_out 5.729e-08:   8%|▊         | 2057/25000 [02:03<21:02]
loss : 1.035e-02  mse_pde 1.477e-04  mse_ic 4.914e-03  mse_in 5.292e-03  mse_out 5.729e-08:   8%|▊         | 2060/25000 [02:03<20:40]
loss : 1.047e-02  mse_pde 2.568e-04  mse_ic 5.123e-03  mse_in 5.087e-03  mse_out 5.990e-08:   8%|▊         | 2060/25000 [02:03<20:40]
loss : 1.047e-02  mse_pde 2.568e-04  mse_ic 5.123e-03  mse_in 5.087e-03  mse_out 5.990e-08:   8%|▊         | 2060/25000 [02:03<20:40]
loss : 1.035e-02  mse_pde 1.422e-04  mse_ic 5.264e-03  mse_in 4.946e-03  mse_out 6.618e-08:   8%|▊         | 2060/25000 [02:03<20:40]
loss : 1.035e-02  mse_pde 1.422e-04  mse_ic 5.264e-03  mse_in 4.946e-03  mse_out 6.618e-08:   8%|▊         | 2060/25000 [02:03<20:40]
loss : 1.035e-02  mse_pde 1.422e-04  mse_ic 5.264e-03  mse_in 4.946e-03  mse_out 6.618e-08:   8%|▊         | 2062/25000 [02:03<21:28]
loss : 1.028e-02  mse_pde 6.404e-05  mse_ic 5.339e-03  mse_in 4.878e-03  mse_out 7.166e-08:   8%|▊         | 2062/25000 [02:03<21:28]
loss : 1.028e-02  mse_pde 6.404e-05  mse_ic 5.339e-03  mse_in 4.878e-03  mse_out 7.166e-08:   8%|▊         | 2062/25000 [02:03<21:28]
loss : 1.042e-02  mse_pde 2.090e-04  mse_ic 5.217e-03  mse_in 4.998e-03  mse_out 7.081e-08:   8%|▊         | 2062/25000 [02:03<21:28]
loss : 1.042e-02  mse_pde 2.090e-04  mse_ic 5.217e-03  mse_in 4.998e-03  mse_out 7.081e-08:   8%|▊         | 2062/25000 [02:03<21:28]
loss : 1.042e-02  mse_pde 2.090e-04  mse_ic 5.217e-03  mse_in 4.998e-03  mse_out 7.081e-08:   8%|▊         | 2064/25000 [02:03<21:55]
loss : 1.039e-02  mse_pde 1.825e-04  mse_ic 5.046e-03  mse_in 5.161e-03  mse_out 6.510e-08:   8%|▊         | 2064/25000 [02:03<21:55]
loss : 1.039e-02  mse_pde 1.825e-04  mse_ic 5.046e-03  mse_in 5.161e-03  mse_out 6.510e-08:   8%|▊         | 2064/25000 [02:03<21:55]
loss : 1.024e-02  mse_pde 2.513e-05  mse_ic 5.275e-03  mse_in 4.939e-03  mse_out 6.135e-08:   8%|▊         | 2064/25000 [02:03<21:55]
loss : 1.024e-02  mse_pde 2.513e-05  mse_ic 5.275e-03  mse_in 4.939e-03  mse_out 6.135e-08:   8%|▊         | 2064/25000 [02:03<21:55]
loss : 1.024e-02  mse_pde 2.513e-05  mse_ic 5.275e-03  mse_in 4.939e-03  mse_out 6.135e-08:   8%|▊         | 2066/25000 [02:03<21:55]
loss : 1.035e-02  mse_pde 1.370e-04  mse_ic 5.325e-03  mse_in 4.890e-03  mse_out 5.927e-08:   8%|▊         | 2066/25000 [02:03<21:55]
loss : 1.035e-02  mse_pde 1.370e-04  mse_ic 5.325e-03  mse_in 4.890e-03  mse_out 5.927e-08:   8%|▊         | 2066/25000 [02:03<21:55]
loss : 1.037e-02  mse_pde 1.678e-04  mse_ic 4.984e-03  mse_in 5.219e-03  mse_out 5.844e-08:   8%|▊         | 2066/25000 [02:04<21:55]
loss : 1.037e-02  mse_pde 1.678e-04  mse_ic 4.984e-03  mse_in 5.219e-03  mse_out 5.844e-08:   8%|▊         | 2066/25000 [02:04<21:55]
loss : 1.031e-02  mse_pde 1.029e-04  mse_ic 4.915e-03  mse_in 5.294e-03  mse_out 6.077e-08:   8%|▊         | 2066/25000 [02:04<21:55]
loss : 1.031e-02  mse_pde 1.029e-04  mse_ic 4.915e-03  mse_in 5.294e-03  mse_out 6.077e-08:   8%|▊         | 2066/25000 [02:04<21:55]
loss : 1.031e-02  mse_pde 1.029e-04  mse_ic 4.915e-03  mse_in 5.294e-03  mse_out 6.077e-08:   8%|▊         | 2069/25000 [02:04<20:10]
loss : 1.023e-02  mse_pde 2.435e-05  mse_ic 4.980e-03  mse_in 5.225e-03  mse_out 6.424e-08:   8%|▊         | 2069/25000 [02:04<20:10]
loss : 1.023e-02  mse_pde 2.435e-05  mse_ic 4.980e-03  mse_in 5.225e-03  mse_out 6.424e-08:   8%|▊         | 2069/25000 [02:04<20:10]
loss : 1.030e-02  mse_pde 9.532e-05  mse_ic 5.111e-03  mse_in 5.091e-03  mse_out 6.685e-08:   8%|▊         | 2069/25000 [02:04<20:10]
loss : 1.030e-02  mse_pde 9.532e-05  mse_ic 5.111e-03  mse_in 5.091e-03  mse_out 6.685e-08:   8%|▊         | 2069/25000 [02:04<20:10]
loss : 1.030e-02  mse_pde 9.532e-05  mse_ic 5.111e-03  mse_in 5.091e-03  mse_out 6.685e-08:   8%|▊         | 2071/25000 [02:04<20:00]
loss : 1.034e-02  mse_pde 1.364e-04  mse_ic 5.173e-03  mse_in 5.032e-03  mse_out 6.678e-08:   8%|▊         | 2071/25000 [02:04<20:00]
loss : 1.034e-02  mse_pde 1.364e-04  mse_ic 5.173e-03  mse_in 5.032e-03  mse_out 6.678e-08:   8%|▊         | 2071/25000 [02:04<20:00]
loss : 1.028e-02  mse_pde 8.125e-05  mse_ic 4.870e-03  mse_in 5.333e-03  mse_out 6.314e-08:   8%|▊         | 2071/25000 [02:04<20:00]
loss : 1.028e-02  mse_pde 8.125e-05  mse_ic 4.870e-03  mse_in 5.333e-03  mse_out 6.314e-08:   8%|▊         | 2071/25000 [02:04<20:00]
loss : 1.028e-02  mse_pde 8.125e-05  mse_ic 4.870e-03  mse_in 5.333e-03  mse_out 6.314e-08:   8%|▊         | 2073/25000 [02:04<20:21]
loss : 1.025e-02  mse_pde 4.469e-05  mse_ic 4.830e-03  mse_in 5.377e-03  mse_out 6.092e-08:   8%|▊         | 2073/25000 [02:04<20:21]
loss : 1.025e-02  mse_pde 4.469e-05  mse_ic 4.830e-03  mse_in 5.377e-03  mse_out 6.092e-08:   8%|▊         | 2073/25000 [02:04<20:21]
loss : 1.023e-02  mse_pde 2.978e-05  mse_ic 4.954e-03  mse_in 5.249e-03  mse_out 6.021e-08:   8%|▊         | 2073/25000 [02:04<20:21]
loss : 1.023e-02  mse_pde 2.978e-05  mse_ic 4.954e-03  mse_in 5.249e-03  mse_out 6.021e-08:   8%|▊         | 2073/25000 [02:04<20:21]
loss : 1.027e-02  mse_pde 7.383e-05  mse_ic 5.058e-03  mse_in 5.143e-03  mse_out 6.021e-08:   8%|▊         | 2073/25000 [02:04<20:21]
loss : 1.027e-02  mse_pde 7.383e-05  mse_ic 5.058e-03  mse_in 5.143e-03  mse_out 6.021e-08:   8%|▊         | 2073/25000 [02:04<20:21]
loss : 1.027e-02  mse_pde 7.383e-05  mse_ic 5.058e-03  mse_in 5.143e-03  mse_out 6.021e-08:   8%|▊         | 2076/25000 [02:04<19:16]
loss : 1.030e-02  mse_pde 9.012e-05  mse_ic 5.115e-03  mse_in 5.090e-03  mse_out 6.138e-08:   8%|▊         | 2076/25000 [02:04<19:16]
loss : 1.030e-02  mse_pde 9.012e-05  mse_ic 5.115e-03  mse_in 5.090e-03  mse_out 6.138e-08:   8%|▊         | 2076/25000 [02:04<19:16]
loss : 1.032e-02  mse_pde 1.131e-04  mse_ic 4.988e-03  mse_in 5.214e-03  mse_out 6.327e-08:   8%|▊         | 2076/25000 [02:04<19:16]
loss : 1.032e-02  mse_pde 1.131e-04  mse_ic 4.988e-03  mse_in 5.214e-03  mse_out 6.327e-08:   8%|▊         | 2076/25000 [02:04<19:16]
loss : 1.032e-02  mse_pde 1.131e-04  mse_ic 4.988e-03  mse_in 5.214e-03  mse_out 6.327e-08:   8%|▊         | 2078/25000 [02:04<20:05]
loss : 1.028e-02  mse_pde 7.712e-05  mse_ic 5.145e-03  mse_in 5.062e-03  mse_out 6.664e-08:   8%|▊         | 2078/25000 [02:04<20:05]
loss : 1.028e-02  mse_pde 7.712e-05  mse_ic 5.145e-03  mse_in 5.062e-03  mse_out 6.664e-08:   8%|▊         | 2078/25000 [02:04<20:05]
loss : 1.026e-02  mse_pde 5.446e-05  mse_ic 5.163e-03  mse_in 5.041e-03  mse_out 6.637e-08:   8%|▊         | 2078/25000 [02:04<20:05]
loss : 1.026e-02  mse_pde 5.446e-05  mse_ic 5.163e-03  mse_in 5.041e-03  mse_out 6.637e-08:   8%|▊         | 2078/25000 [02:04<20:05]
loss : 1.026e-02  mse_pde 5.446e-05  mse_ic 5.163e-03  mse_in 5.041e-03  mse_out 6.637e-08:   8%|▊         | 2080/25000 [02:04<20:58]
loss : 1.022e-02  mse_pde 2.028e-05  mse_ic 5.108e-03  mse_in 5.095e-03  mse_out 6.322e-08:   8%|▊         | 2080/25000 [02:04<20:58]
loss : 1.022e-02  mse_pde 2.028e-05  mse_ic 5.108e-03  mse_in 5.095e-03  mse_out 6.322e-08:   8%|▊         | 2080/25000 [02:04<20:58]
loss : 1.025e-02  mse_pde 5.137e-05  mse_ic 4.996e-03  mse_in 5.207e-03  mse_out 6.128e-08:   8%|▊         | 2080/25000 [02:04<20:58]
loss : 1.025e-02  mse_pde 5.137e-05  mse_ic 4.996e-03  mse_in 5.207e-03  mse_out 6.128e-08:   8%|▊         | 2080/25000 [02:04<20:58]
loss : 1.025e-02  mse_pde 5.137e-05  mse_ic 4.996e-03  mse_in 5.207e-03  mse_out 6.128e-08:   8%|▊         | 2082/25000 [02:04<21:35]
loss : 1.029e-02  mse_pde 9.458e-05  mse_ic 4.954e-03  mse_in 5.245e-03  mse_out 6.347e-08:   8%|▊         | 2082/25000 [02:04<21:35]
loss : 1.029e-02  mse_pde 9.458e-05  mse_ic 4.954e-03  mse_in 5.245e-03  mse_out 6.347e-08:   8%|▊         | 2082/25000 [02:04<21:35]
loss : 1.045e-02  mse_pde 2.470e-04  mse_ic 5.152e-03  mse_in 5.051e-03  mse_out 6.842e-08:   8%|▊         | 2082/25000 [02:04<21:35]
loss : 1.045e-02  mse_pde 2.470e-04  mse_ic 5.152e-03  mse_in 5.051e-03  mse_out 6.842e-08:   8%|▊         | 2082/25000 [02:04<21:35]
loss : 1.045e-02  mse_pde 2.470e-04  mse_ic 5.152e-03  mse_in 5.051e-03  mse_out 6.842e-08:   8%|▊         | 2084/25000 [02:04<22:06]
loss : 1.063e-02  mse_pde 4.355e-04  mse_ic 5.031e-03  mse_in 5.165e-03  mse_out 6.860e-08:   8%|▊         | 2084/25000 [02:04<22:06]
loss : 1.063e-02  mse_pde 4.355e-04  mse_ic 5.031e-03  mse_in 5.165e-03  mse_out 6.860e-08:   8%|▊         | 2084/25000 [02:04<22:06]
loss : 1.062e-02  mse_pde 4.087e-04  mse_ic 5.373e-03  mse_in 4.843e-03  mse_out 6.774e-08:   8%|▊         | 2084/25000 [02:05<22:06]
loss : 1.062e-02  mse_pde 4.087e-04  mse_ic 5.373e-03  mse_in 4.843e-03  mse_out 6.774e-08:   8%|▊         | 2084/25000 [02:05<22:06]
loss : 1.062e-02  mse_pde 4.087e-04  mse_ic 5.373e-03  mse_in 4.843e-03  mse_out 6.774e-08:   8%|▊         | 2086/25000 [02:05<22:33]
loss : 1.026e-02  mse_pde 4.921e-05  mse_ic 5.338e-03  mse_in 4.875e-03  mse_out 6.467e-08:   8%|▊         | 2086/25000 [02:05<22:33]
loss : 1.026e-02  mse_pde 4.921e-05  mse_ic 5.338e-03  mse_in 4.875e-03  mse_out 6.467e-08:   8%|▊         | 2086/25000 [02:05<22:33]
loss : 1.047e-02  mse_pde 2.561e-04  mse_ic 5.284e-03  mse_in 4.925e-03  mse_out 6.286e-08:   8%|▊         | 2086/25000 [02:05<22:33]
loss : 1.047e-02  mse_pde 2.561e-04  mse_ic 5.284e-03  mse_in 4.925e-03  mse_out 6.286e-08:   8%|▊         | 2086/25000 [02:05<22:33]
loss : 1.047e-02  mse_pde 2.561e-04  mse_ic 5.284e-03  mse_in 4.925e-03  mse_out 6.286e-08:   8%|▊         | 2088/25000 [02:05<22:48]
loss : 1.061e-02  mse_pde 3.697e-04  mse_ic 5.550e-03  mse_in 4.687e-03  mse_out 6.304e-08:   8%|▊         | 2088/25000 [02:05<22:48]
loss : 1.061e-02  mse_pde 3.697e-04  mse_ic 5.550e-03  mse_in 4.687e-03  mse_out 6.304e-08:   8%|▊         | 2088/25000 [02:05<22:48]
loss : 1.026e-02  mse_pde 2.862e-05  mse_ic 5.511e-03  mse_in 4.721e-03  mse_out 6.196e-08:   8%|▊         | 2088/25000 [02:05<22:48]
loss : 1.026e-02  mse_pde 2.862e-05  mse_ic 5.511e-03  mse_in 4.721e-03  mse_out 6.196e-08:   8%|▊         | 2088/25000 [02:05<22:48]
loss : 1.026e-02  mse_pde 2.862e-05  mse_ic 5.511e-03  mse_in 4.721e-03  mse_out 6.196e-08:   8%|▊         | 2090/25000 [02:05<22:54]
loss : 1.061e-02  mse_pde 3.918e-04  mse_ic 5.304e-03  mse_in 4.910e-03  mse_out 6.143e-08:   8%|▊         | 2090/25000 [02:05<22:54]
loss : 1.061e-02  mse_pde 3.918e-04  mse_ic 5.304e-03  mse_in 4.910e-03  mse_out 6.143e-08:   8%|▊         | 2090/25000 [02:05<22:54]
loss : 1.046e-02  mse_pde 2.217e-04  mse_ic 5.586e-03  mse_in 4.656e-03  mse_out 6.549e-08:   8%|▊         | 2090/25000 [02:05<22:54]
loss : 1.046e-02  mse_pde 2.217e-04  mse_ic 5.586e-03  mse_in 4.656e-03  mse_out 6.549e-08:   8%|▊         | 2090/25000 [02:05<22:54]
loss : 1.046e-02  mse_pde 2.217e-04  mse_ic 5.586e-03  mse_in 4.656e-03  mse_out 6.549e-08:   8%|▊         | 2092/25000 [02:05<23:04]
loss : 1.035e-02  mse_pde 1.075e-04  mse_ic 5.597e-03  mse_in 4.644e-03  mse_out 6.881e-08:   8%|▊         | 2092/25000 [02:05<23:04]
loss : 1.035e-02  mse_pde 1.075e-04  mse_ic 5.597e-03  mse_in 4.644e-03  mse_out 6.881e-08:   8%|▊         | 2092/25000 [02:05<23:04]
loss : 1.063e-02  mse_pde 4.232e-04  mse_ic 5.198e-03  mse_in 5.008e-03  mse_out 6.675e-08:   8%|▊         | 2092/25000 [02:05<23:04]
loss : 1.063e-02  mse_pde 4.232e-04  mse_ic 5.198e-03  mse_in 5.008e-03  mse_out 6.675e-08:   8%|▊         | 2092/25000 [02:05<23:04]
loss : 1.063e-02  mse_pde 4.232e-04  mse_ic 5.198e-03  mse_in 5.008e-03  mse_out 6.675e-08:   8%|▊         | 2094/25000 [02:05<23:04]
loss : 1.027e-02  mse_pde 6.077e-05  mse_ic 5.219e-03  mse_in 4.991e-03  mse_out 6.325e-08:   8%|▊         | 2094/25000 [02:05<23:04]
loss : 1.027e-02  mse_pde 6.077e-05  mse_ic 5.219e-03  mse_in 4.991e-03  mse_out 6.325e-08:   8%|▊         | 2094/25000 [02:05<23:04]
loss : 1.044e-02  mse_pde 2.294e-04  mse_ic 5.223e-03  mse_in 4.988e-03  mse_out 5.967e-08:   8%|▊         | 2094/25000 [02:05<23:04]
loss : 1.044e-02  mse_pde 2.294e-04  mse_ic 5.223e-03  mse_in 4.988e-03  mse_out 5.967e-08:   8%|▊         | 2094/25000 [02:05<23:04]
loss : 1.044e-02  mse_pde 2.294e-04  mse_ic 5.223e-03  mse_in 4.988e-03  mse_out 5.967e-08:   8%|▊         | 2096/25000 [02:05<23:04]
loss : 1.051e-02  mse_pde 3.137e-04  mse_ic 5.111e-03  mse_in 5.089e-03  mse_out 5.909e-08:   8%|▊         | 2096/25000 [02:05<23:04]
loss : 1.051e-02  mse_pde 3.137e-04  mse_ic 5.111e-03  mse_in 5.089e-03  mse_out 5.909e-08:   8%|▊         | 2096/25000 [02:05<23:04]
loss : 1.024e-02  mse_pde 3.193e-05  mse_ic 5.164e-03  mse_in 5.040e-03  mse_out 6.353e-08:   8%|▊         | 2096/25000 [02:05<23:04]
loss : 1.024e-02  mse_pde 3.193e-05  mse_ic 5.164e-03  mse_in 5.040e-03  mse_out 6.353e-08:   8%|▊         | 2096/25000 [02:05<23:04]
loss : 1.024e-02  mse_pde 3.193e-05  mse_ic 5.164e-03  mse_in 5.040e-03  mse_out 6.353e-08:   8%|▊         | 2098/25000 [02:05<22:59]
loss : 1.053e-02  mse_pde 3.201e-04  mse_ic 5.070e-03  mse_in 5.138e-03  mse_out 6.790e-08:   8%|▊         | 2098/25000 [02:05<22:59]
loss : 1.053e-02  mse_pde 3.201e-04  mse_ic 5.070e-03  mse_in 5.138e-03  mse_out 6.790e-08:   8%|▊         | 2098/25000 [02:05<22:59]
loss : 1.036e-02  mse_pde 1.619e-04  mse_ic 5.013e-03  mse_in 5.189e-03  mse_out 6.904e-08:   8%|▊         | 2098/25000 [02:05<22:59]
loss : 1.036e-02  mse_pde 1.619e-04  mse_ic 5.013e-03  mse_in 5.189e-03  mse_out 6.904e-08:   8%|▊         | 2098/25000 [02:05<22:59]
loss : 1.036e-02  mse_pde 1.619e-04  mse_ic 5.013e-03  mse_in 5.189e-03  mse_out 6.904e-08:   8%|▊         | 2100/25000 [02:05<23:04]
loss : 1.030e-02  mse_pde 9.222e-05  mse_ic 5.218e-03  mse_in 4.989e-03  mse_out 6.847e-08:   8%|▊         | 2100/25000 [02:05<23:04]
loss : 1.030e-02  mse_pde 9.222e-05  mse_ic 5.218e-03  mse_in 4.989e-03  mse_out 6.847e-08:   8%|▊         | 2100/25000 [02:05<23:04]
loss : 1.045e-02  mse_pde 2.386e-04  mse_ic 5.303e-03  mse_in 4.912e-03  mse_out 6.655e-08:   8%|▊         | 2100/25000 [02:06<23:04]
loss : 1.045e-02  mse_pde 2.386e-04  mse_ic 5.303e-03  mse_in 4.912e-03  mse_out 6.655e-08:   8%|▊         | 2100/25000 [02:06<23:04]
loss : 1.045e-02  mse_pde 2.386e-04  mse_ic 5.303e-03  mse_in 4.912e-03  mse_out 6.655e-08:   8%|▊         | 2102/25000 [02:06<23:30]
loss : 1.024e-02  mse_pde 3.065e-05  mse_ic 5.062e-03  mse_in 5.146e-03  mse_out 6.411e-08:   8%|▊         | 2102/25000 [02:06<23:30]
loss : 1.024e-02  mse_pde 3.065e-05  mse_ic 5.062e-03  mse_in 5.146e-03  mse_out 6.411e-08:   8%|▊         | 2102/25000 [02:06<23:30]
loss : 1.043e-02  mse_pde 2.259e-04  mse_ic 4.943e-03  mse_in 5.263e-03  mse_out 6.371e-08:   8%|▊         | 2102/25000 [02:06<23:30]
loss : 1.043e-02  mse_pde 2.259e-04  mse_ic 4.943e-03  mse_in 5.263e-03  mse_out 6.371e-08:   8%|▊         | 2102/25000 [02:06<23:30]
loss : 1.043e-02  mse_pde 2.259e-04  mse_ic 4.943e-03  mse_in 5.263e-03  mse_out 6.371e-08:   8%|▊         | 2104/25000 [02:06<23:16]
loss : 1.038e-02  mse_pde 1.660e-04  mse_ic 5.176e-03  mse_in 5.037e-03  mse_out 6.474e-08:   8%|▊         | 2104/25000 [02:06<23:16]
loss : 1.038e-02  mse_pde 1.660e-04  mse_ic 5.176e-03  mse_in 5.037e-03  mse_out 6.474e-08:   8%|▊         | 2104/25000 [02:06<23:16]
loss : 1.028e-02  mse_pde 6.250e-05  mse_ic 5.224e-03  mse_in 4.990e-03  mse_out 6.343e-08:   8%|▊         | 2104/25000 [02:06<23:16]
loss : 1.028e-02  mse_pde 6.250e-05  mse_ic 5.224e-03  mse_in 4.990e-03  mse_out 6.343e-08:   8%|▊         | 2104/25000 [02:06<23:16]
loss : 1.028e-02  mse_pde 6.250e-05  mse_ic 5.224e-03  mse_in 4.990e-03  mse_out 6.343e-08:   8%|▊         | 2106/25000 [02:06<23:11]
loss : 1.046e-02  mse_pde 2.567e-04  mse_ic 5.062e-03  mse_in 5.144e-03  mse_out 6.259e-08:   8%|▊         | 2106/25000 [02:06<23:11]
loss : 1.046e-02  mse_pde 2.567e-04  mse_ic 5.062e-03  mse_in 5.144e-03  mse_out 6.259e-08:   8%|▊         | 2106/25000 [02:06<23:11]
loss : 1.026e-02  mse_pde 4.061e-05  mse_ic 5.264e-03  mse_in 4.951e-03  mse_out 6.665e-08:   8%|▊         | 2106/25000 [02:06<23:11]
loss : 1.026e-02  mse_pde 4.061e-05  mse_ic 5.264e-03  mse_in 4.951e-03  mse_out 6.665e-08:   8%|▊         | 2106/25000 [02:06<23:11]
loss : 1.026e-02  mse_pde 4.061e-05  mse_ic 5.264e-03  mse_in 4.951e-03  mse_out 6.665e-08:   8%|▊         | 2108/25000 [02:06<23:01]
loss : 1.038e-02  mse_pde 1.650e-04  mse_ic 5.300e-03  mse_in 4.917e-03  mse_out 6.936e-08:   8%|▊         | 2108/25000 [02:06<23:01]
loss : 1.038e-02  mse_pde 1.650e-04  mse_ic 5.300e-03  mse_in 4.917e-03  mse_out 6.936e-08:   8%|▊         | 2108/25000 [02:06<23:01]
loss : 1.034e-02  mse_pde 1.372e-04  mse_ic 5.054e-03  mse_in 5.153e-03  mse_out 6.627e-08:   8%|▊         | 2108/25000 [02:06<23:01]
loss : 1.034e-02  mse_pde 1.372e-04  mse_ic 5.054e-03  mse_in 5.153e-03  mse_out 6.627e-08:   8%|▊         | 2108/25000 [02:06<23:01]
loss : 1.034e-02  mse_pde 1.372e-04  mse_ic 5.054e-03  mse_in 5.153e-03  mse_out 6.627e-08:   8%|▊         | 2110/25000 [02:06<23:14]
loss : 1.025e-02  mse_pde 3.880e-05  mse_ic 5.028e-03  mse_in 5.179e-03  mse_out 6.226e-08:   8%|▊         | 2110/25000 [02:06<23:14]
loss : 1.025e-02  mse_pde 3.880e-05  mse_ic 5.028e-03  mse_in 5.179e-03  mse_out 6.226e-08:   8%|▊         | 2110/25000 [02:06<23:14]
loss : 1.041e-02  mse_pde 1.951e-04  mse_ic 5.129e-03  mse_in 5.081e-03  mse_out 6.095e-08:   8%|▊         | 2110/25000 [02:06<23:14]
loss : 1.041e-02  mse_pde 1.951e-04  mse_ic 5.129e-03  mse_in 5.081e-03  mse_out 6.095e-08:   8%|▊         | 2110/25000 [02:06<23:14]
loss : 1.041e-02  mse_pde 1.951e-04  mse_ic 5.129e-03  mse_in 5.081e-03  mse_out 6.095e-08:   8%|▊         | 2112/25000 [02:06<23:06]
loss : 1.028e-02  mse_pde 7.728e-05  mse_ic 5.095e-03  mse_in 5.111e-03  mse_out 6.206e-08:   8%|▊         | 2112/25000 [02:06<23:06]
loss : 1.028e-02  mse_pde 7.728e-05  mse_ic 5.095e-03  mse_in 5.111e-03  mse_out 6.206e-08:   8%|▊         | 2112/25000 [02:06<23:06]
loss : 1.029e-02  mse_pde 8.182e-05  mse_ic 4.957e-03  mse_in 5.249e-03  mse_out 6.376e-08:   8%|▊         | 2112/25000 [02:06<23:06]
loss : 1.029e-02  mse_pde 8.182e-05  mse_ic 4.957e-03  mse_in 5.249e-03  mse_out 6.376e-08:   8%|▊         | 2112/25000 [02:06<23:06]
loss : 1.029e-02  mse_pde 8.182e-05  mse_ic 4.957e-03  mse_in 5.249e-03  mse_out 6.376e-08:   8%|▊         | 2114/25000 [02:06<22:54]
loss : 1.042e-02  mse_pde 2.082e-04  mse_ic 4.991e-03  mse_in 5.218e-03  mse_out 6.428e-08:   8%|▊         | 2114/25000 [02:06<22:54]
loss : 1.042e-02  mse_pde 2.082e-04  mse_ic 4.991e-03  mse_in 5.218e-03  mse_out 6.428e-08:   8%|▊         | 2114/25000 [02:06<22:54]
loss : 1.026e-02  mse_pde 5.180e-05  mse_ic 5.119e-03  mse_in 5.088e-03  mse_out 6.226e-08:   8%|▊         | 2114/25000 [02:06<22:54]
loss : 1.026e-02  mse_pde 5.180e-05  mse_ic 5.119e-03  mse_in 5.088e-03  mse_out 6.226e-08:   8%|▊         | 2114/25000 [02:06<22:54]
loss : 1.026e-02  mse_pde 5.180e-05  mse_ic 5.119e-03  mse_in 5.088e-03  mse_out 6.226e-08:   8%|▊         | 2116/25000 [02:06<23:03]
loss : 1.033e-02  mse_pde 1.192e-04  mse_ic 5.174e-03  mse_in 5.032e-03  mse_out 5.946e-08:   8%|▊         | 2116/25000 [02:06<23:03]
loss : 1.033e-02  mse_pde 1.192e-04  mse_ic 5.174e-03  mse_in 5.032e-03  mse_out 5.946e-08:   8%|▊         | 2116/25000 [02:06<23:03]
loss : 1.035e-02  mse_pde 1.426e-04  mse_ic 5.157e-03  mse_in 5.054e-03  mse_out 5.866e-08:   8%|▊         | 2116/25000 [02:06<23:03]
loss : 1.035e-02  mse_pde 1.426e-04  mse_ic 5.157e-03  mse_in 5.054e-03  mse_out 5.866e-08:   8%|▊         | 2116/25000 [02:06<23:03]
loss : 1.035e-02  mse_pde 1.426e-04  mse_ic 5.157e-03  mse_in 5.054e-03  mse_out 5.866e-08:   8%|▊         | 2118/25000 [02:06<23:12]
loss : 1.024e-02  mse_pde 2.801e-05  mse_ic 4.997e-03  mse_in 5.211e-03  mse_out 5.941e-08:   8%|▊         | 2118/25000 [02:07<23:12]
loss : 1.024e-02  mse_pde 2.801e-05  mse_ic 4.997e-03  mse_in 5.211e-03  mse_out 5.941e-08:   8%|▊         | 2118/25000 [02:07<23:12]
loss : 1.035e-02  mse_pde 1.432e-04  mse_ic 4.971e-03  mse_in 5.235e-03  mse_out 6.063e-08:   8%|▊         | 2118/25000 [02:07<23:12]
loss : 1.035e-02  mse_pde 1.432e-04  mse_ic 4.971e-03  mse_in 5.235e-03  mse_out 6.063e-08:   8%|▊         | 2118/25000 [02:07<23:12]
loss : 1.035e-02  mse_pde 1.432e-04  mse_ic 4.971e-03  mse_in 5.235e-03  mse_out 6.063e-08:   8%|▊         | 2120/25000 [02:07<23:16]
loss : 1.035e-02  mse_pde 1.409e-04  mse_ic 5.130e-03  mse_in 5.081e-03  mse_out 6.052e-08:   8%|▊         | 2120/25000 [02:07<23:16]
loss : 1.035e-02  mse_pde 1.409e-04  mse_ic 5.130e-03  mse_in 5.081e-03  mse_out 6.052e-08:   8%|▊         | 2120/25000 [02:07<23:16]
loss : 1.024e-02  mse_pde 3.513e-05  mse_ic 5.092e-03  mse_in 5.117e-03  mse_out 5.881e-08:   8%|▊         | 2120/25000 [02:07<23:16]
loss : 1.024e-02  mse_pde 3.513e-05  mse_ic 5.092e-03  mse_in 5.117e-03  mse_out 5.881e-08:   8%|▊         | 2120/25000 [02:07<23:16]
loss : 1.024e-02  mse_pde 3.513e-05  mse_ic 5.092e-03  mse_in 5.117e-03  mse_out 5.881e-08:   8%|▊         | 2122/25000 [02:07<23:18]
loss : 1.034e-02  mse_pde 1.351e-04  mse_ic 5.051e-03  mse_in 5.154e-03  mse_out 6.000e-08:   8%|▊         | 2122/25000 [02:07<23:18]
loss : 1.034e-02  mse_pde 1.351e-04  mse_ic 5.051e-03  mse_in 5.154e-03  mse_out 6.000e-08:   8%|▊         | 2122/25000 [02:07<23:18]
loss : 1.036e-02  mse_pde 1.439e-04  mse_ic 5.242e-03  mse_in 4.972e-03  mse_out 6.473e-08:   8%|▊         | 2122/25000 [02:07<23:18]
loss : 1.036e-02  mse_pde 1.439e-04  mse_ic 5.242e-03  mse_in 4.972e-03  mse_out 6.473e-08:   8%|▊         | 2122/25000 [02:07<23:18]
loss : 1.036e-02  mse_pde 1.439e-04  mse_ic 5.242e-03  mse_in 4.972e-03  mse_out 6.473e-08:   8%|▊         | 2124/25000 [02:07<23:17]
loss : 1.024e-02  mse_pde 3.321e-05  mse_ic 5.080e-03  mse_in 5.128e-03  mse_out 6.616e-08:   8%|▊         | 2124/25000 [02:07<23:17]
loss : 1.024e-02  mse_pde 3.321e-05  mse_ic 5.080e-03  mse_in 5.128e-03  mse_out 6.616e-08:   8%|▊         | 2124/25000 [02:07<23:17]
loss : 1.035e-02  mse_pde 1.415e-04  mse_ic 4.927e-03  mse_in 5.279e-03  mse_out 6.486e-08:   8%|▊         | 2124/25000 [02:07<23:17]
loss : 1.035e-02  mse_pde 1.415e-04  mse_ic 4.927e-03  mse_in 5.279e-03  mse_out 6.486e-08:   8%|▊         | 2124/25000 [02:07<23:17]
loss : 1.035e-02  mse_pde 1.415e-04  mse_ic 4.927e-03  mse_in 5.279e-03  mse_out 6.486e-08:   9%|▊         | 2126/25000 [02:07<23:18]
loss : 1.040e-02  mse_pde 1.913e-04  mse_ic 5.186e-03  mse_in 5.025e-03  mse_out 6.582e-08:   9%|▊         | 2126/25000 [02:07<23:18]
loss : 1.040e-02  mse_pde 1.913e-04  mse_ic 5.186e-03  mse_in 5.025e-03  mse_out 6.582e-08:   9%|▊         | 2126/25000 [02:07<23:18]
loss : 1.026e-02  mse_pde 5.634e-05  mse_ic 5.172e-03  mse_in 5.036e-03  mse_out 6.745e-08:   9%|▊         | 2126/25000 [02:07<23:18]
loss : 1.026e-02  mse_pde 5.634e-05  mse_ic 5.172e-03  mse_in 5.036e-03  mse_out 6.745e-08:   9%|▊         | 2126/25000 [02:07<23:18]
loss : 1.026e-02  mse_pde 5.634e-05  mse_ic 5.172e-03  mse_in 5.036e-03  mse_out 6.745e-08:   9%|▊         | 2128/25000 [02:07<22:59]
loss : 1.033e-02  mse_pde 1.205e-04  mse_ic 4.926e-03  mse_in 5.280e-03  mse_out 6.930e-08:   9%|▊         | 2128/25000 [02:07<22:59]
loss : 1.033e-02  mse_pde 1.205e-04  mse_ic 4.926e-03  mse_in 5.280e-03  mse_out 6.930e-08:   9%|▊         | 2128/25000 [02:07<22:59]
loss : 1.047e-02  mse_pde 2.641e-04  mse_ic 5.009e-03  mse_in 5.201e-03  mse_out 7.194e-08:   9%|▊         | 2128/25000 [02:07<22:59]
loss : 1.047e-02  mse_pde 2.641e-04  mse_ic 5.009e-03  mse_in 5.201e-03  mse_out 7.194e-08:   9%|▊         | 2128/25000 [02:07<22:59]
loss : 1.047e-02  mse_pde 2.641e-04  mse_ic 5.009e-03  mse_in 5.201e-03  mse_out 7.194e-08:   9%|▊         | 2130/25000 [02:07<23:05]
loss : 1.031e-02  mse_pde 1.059e-04  mse_ic 5.183e-03  mse_in 5.024e-03  mse_out 7.058e-08:   9%|▊         | 2130/25000 [02:07<23:05]
loss : 1.031e-02  mse_pde 1.059e-04  mse_ic 5.183e-03  mse_in 5.024e-03  mse_out 7.058e-08:   9%|▊         | 2130/25000 [02:07<23:05]
loss : 1.029e-02  mse_pde 8.241e-05  mse_ic 5.258e-03  mse_in 4.952e-03  mse_out 6.513e-08:   9%|▊         | 2130/25000 [02:07<23:05]
loss : 1.029e-02  mse_pde 8.241e-05  mse_ic 5.258e-03  mse_in 4.952e-03  mse_out 6.513e-08:   9%|▊         | 2130/25000 [02:07<23:05]
loss : 1.029e-02  mse_pde 8.241e-05  mse_ic 5.258e-03  mse_in 4.952e-03  mse_out 6.513e-08:   9%|▊         | 2132/25000 [02:07<23:08]
loss : 1.043e-02  mse_pde 2.165e-04  mse_ic 5.241e-03  mse_in 4.974e-03  mse_out 6.110e-08:   9%|▊         | 2132/25000 [02:07<23:08]
loss : 1.043e-02  mse_pde 2.165e-04  mse_ic 5.241e-03  mse_in 4.974e-03  mse_out 6.110e-08:   9%|▊         | 2132/25000 [02:07<23:08]
loss : 1.026e-02  mse_pde 5.388e-05  mse_ic 5.117e-03  mse_in 5.090e-03  mse_out 6.077e-08:   9%|▊         | 2132/25000 [02:07<23:08]
loss : 1.026e-02  mse_pde 5.388e-05  mse_ic 5.117e-03  mse_in 5.090e-03  mse_out 6.077e-08:   9%|▊         | 2132/25000 [02:07<23:08]
loss : 1.026e-02  mse_pde 5.388e-05  mse_ic 5.117e-03  mse_in 5.090e-03  mse_out 6.077e-08:   9%|▊         | 2134/25000 [02:07<23:06]
loss : 1.031e-02  mse_pde 1.071e-04  mse_ic 5.142e-03  mse_in 5.065e-03  mse_out 6.247e-08:   9%|▊         | 2134/25000 [02:08<23:06]
loss : 1.031e-02  mse_pde 1.071e-04  mse_ic 5.142e-03  mse_in 5.065e-03  mse_out 6.247e-08:   9%|▊         | 2134/25000 [02:08<23:06]
loss : 1.039e-02  mse_pde 1.795e-04  mse_ic 5.143e-03  mse_in 5.067e-03  mse_out 6.241e-08:   9%|▊         | 2134/25000 [02:08<23:06]
loss : 1.039e-02  mse_pde 1.795e-04  mse_ic 5.143e-03  mse_in 5.067e-03  mse_out 6.241e-08:   9%|▊         | 2134/25000 [02:08<23:06]
loss : 1.039e-02  mse_pde 1.795e-04  mse_ic 5.143e-03  mse_in 5.067e-03  mse_out 6.241e-08:   9%|▊         | 2136/25000 [02:08<23:12]
loss : 1.030e-02  mse_pde 9.781e-05  mse_ic 5.015e-03  mse_in 5.190e-03  mse_out 6.131e-08:   9%|▊         | 2136/25000 [02:08<23:12]
loss : 1.030e-02  mse_pde 9.781e-05  mse_ic 5.015e-03  mse_in 5.190e-03  mse_out 6.131e-08:   9%|▊         | 2136/25000 [02:08<23:12]
loss : 1.026e-02  mse_pde 4.913e-05  mse_ic 5.186e-03  mse_in 5.020e-03  mse_out 6.373e-08:   9%|▊         | 2136/25000 [02:08<23:12]
loss : 1.026e-02  mse_pde 4.913e-05  mse_ic 5.186e-03  mse_in 5.020e-03  mse_out 6.373e-08:   9%|▊         | 2136/25000 [02:08<23:12]
loss : 1.026e-02  mse_pde 4.913e-05  mse_ic 5.186e-03  mse_in 5.020e-03  mse_out 6.373e-08:   9%|▊         | 2138/25000 [02:08<22:52]
loss : 1.035e-02  mse_pde 1.361e-04  mse_ic 5.258e-03  mse_in 4.953e-03  mse_out 6.674e-08:   9%|▊         | 2138/25000 [02:08<22:52]
loss : 1.035e-02  mse_pde 1.361e-04  mse_ic 5.258e-03  mse_in 4.953e-03  mse_out 6.674e-08:   9%|▊         | 2138/25000 [02:08<22:52]
loss : 1.031e-02  mse_pde 1.092e-04  mse_ic 4.898e-03  mse_in 5.306e-03  mse_out 6.542e-08:   9%|▊         | 2138/25000 [02:08<22:52]
loss : 1.031e-02  mse_pde 1.092e-04  mse_ic 4.898e-03  mse_in 5.306e-03  mse_out 6.542e-08:   9%|▊         | 2138/25000 [02:08<22:52]
loss : 1.031e-02  mse_pde 1.092e-04  mse_ic 4.898e-03  mse_in 5.306e-03  mse_out 6.542e-08:   9%|▊         | 2140/25000 [02:08<22:59]
loss : 1.024e-02  mse_pde 3.217e-05  mse_ic 4.924e-03  mse_in 5.280e-03  mse_out 6.292e-08:   9%|▊         | 2140/25000 [02:08<22:59]
loss : 1.024e-02  mse_pde 3.217e-05  mse_ic 4.924e-03  mse_in 5.280e-03  mse_out 6.292e-08:   9%|▊         | 2140/25000 [02:08<22:59]
loss : 1.026e-02  mse_pde 6.239e-05  mse_ic 5.079e-03  mse_in 5.123e-03  mse_out 6.068e-08:   9%|▊         | 2140/25000 [02:08<22:59]
loss : 1.026e-02  mse_pde 6.239e-05  mse_ic 5.079e-03  mse_in 5.123e-03  mse_out 6.068e-08:   9%|▊         | 2140/25000 [02:08<22:59]
loss : 1.026e-02  mse_pde 6.239e-05  mse_ic 5.079e-03  mse_in 5.123e-03  mse_out 6.068e-08:   9%|▊         | 2142/25000 [02:08<23:02]
loss : 1.033e-02  mse_pde 1.322e-04  mse_ic 4.966e-03  mse_in 5.233e-03  mse_out 5.993e-08:   9%|▊         | 2142/25000 [02:08<23:02]
loss : 1.033e-02  mse_pde 1.322e-04  mse_ic 4.966e-03  mse_in 5.233e-03  mse_out 5.993e-08:   9%|▊         | 2142/25000 [02:08<23:02]
loss : 1.031e-02  mse_pde 1.078e-04  mse_ic 4.956e-03  mse_in 5.248e-03  mse_out 6.335e-08:   9%|▊         | 2142/25000 [02:08<23:02]
loss : 1.031e-02  mse_pde 1.078e-04  mse_ic 4.956e-03  mse_in 5.248e-03  mse_out 6.335e-08:   9%|▊         | 2142/25000 [02:08<23:02]
loss : 1.031e-02  mse_pde 1.078e-04  mse_ic 4.956e-03  mse_in 5.248e-03  mse_out 6.335e-08:   9%|▊         | 2144/25000 [02:08<23:07]
loss : 1.026e-02  mse_pde 5.388e-05  mse_ic 4.896e-03  mse_in 5.307e-03  mse_out 6.827e-08:   9%|▊         | 2144/25000 [02:08<23:07]
loss : 1.026e-02  mse_pde 5.388e-05  mse_ic 4.896e-03  mse_in 5.307e-03  mse_out 6.827e-08:   9%|▊         | 2144/25000 [02:08<23:07]
loss : 1.024e-02  mse_pde 3.567e-05  mse_ic 5.032e-03  mse_in 5.169e-03  mse_out 7.095e-08:   9%|▊         | 2144/25000 [02:08<23:07]
loss : 1.024e-02  mse_pde 3.567e-05  mse_ic 5.032e-03  mse_in 5.169e-03  mse_out 7.095e-08:   9%|▊         | 2144/25000 [02:08<23:07]
loss : 1.024e-02  mse_pde 3.567e-05  mse_ic 5.032e-03  mse_in 5.169e-03  mse_out 7.095e-08:   9%|▊         | 2146/25000 [02:08<23:17]
loss : 1.025e-02  mse_pde 5.067e-05  mse_ic 5.104e-03  mse_in 5.099e-03  mse_out 6.799e-08:   9%|▊         | 2146/25000 [02:08<23:17]
loss : 1.025e-02  mse_pde 5.067e-05  mse_ic 5.104e-03  mse_in 5.099e-03  mse_out 6.799e-08:   9%|▊         | 2146/25000 [02:08<23:17]
loss : 1.030e-02  mse_pde 1.054e-04  mse_ic 5.011e-03  mse_in 5.188e-03  mse_out 6.304e-08:   9%|▊         | 2146/25000 [02:08<23:17]
loss : 1.030e-02  mse_pde 1.054e-04  mse_ic 5.011e-03  mse_in 5.188e-03  mse_out 6.304e-08:   9%|▊         | 2146/25000 [02:08<23:17]
loss : 1.030e-02  mse_pde 1.054e-04  mse_ic 5.011e-03  mse_in 5.188e-03  mse_out 6.304e-08:   9%|▊         | 2148/25000 [02:08<23:15]
loss : 1.031e-02  mse_pde 1.064e-04  mse_ic 5.178e-03  mse_in 5.026e-03  mse_out 6.188e-08:   9%|▊         | 2148/25000 [02:08<23:15]
loss : 1.031e-02  mse_pde 1.064e-04  mse_ic 5.178e-03  mse_in 5.026e-03  mse_out 6.188e-08:   9%|▊         | 2148/25000 [02:08<23:15]
loss : 1.026e-02  mse_pde 6.350e-05  mse_ic 5.017e-03  mse_in 5.183e-03  mse_out 6.165e-08:   9%|▊         | 2148/25000 [02:08<23:15]
loss : 1.026e-02  mse_pde 6.350e-05  mse_ic 5.017e-03  mse_in 5.183e-03  mse_out 6.165e-08:   9%|▊         | 2148/25000 [02:08<23:15]
loss : 1.026e-02  mse_pde 6.350e-05  mse_ic 5.017e-03  mse_in 5.183e-03  mse_out 6.165e-08:   9%|▊         | 2150/25000 [02:08<23:19]
loss : 1.023e-02  mse_pde 3.093e-05  mse_ic 4.963e-03  mse_in 5.239e-03  mse_out 6.207e-08:   9%|▊         | 2150/25000 [02:08<23:19]
loss : 1.023e-02  mse_pde 3.093e-05  mse_ic 4.963e-03  mse_in 5.239e-03  mse_out 6.207e-08:   9%|▊         | 2150/25000 [02:08<23:19]
loss : 1.022e-02  mse_pde 2.183e-05  mse_ic 5.066e-03  mse_in 5.135e-03  mse_out 6.253e-08:   9%|▊         | 2150/25000 [02:09<23:19]
loss : 1.022e-02  mse_pde 2.183e-05  mse_ic 5.066e-03  mse_in 5.135e-03  mse_out 6.253e-08:   9%|▊         | 2150/25000 [02:09<23:19]
loss : 1.022e-02  mse_pde 2.183e-05  mse_ic 5.066e-03  mse_in 5.135e-03  mse_out 6.253e-08:   9%|▊         | 2152/25000 [02:09<23:15]
loss : 1.027e-02  mse_pde 7.072e-05  mse_ic 5.146e-03  mse_in 5.053e-03  mse_out 6.235e-08:   9%|▊         | 2152/25000 [02:09<23:15]
loss : 1.027e-02  mse_pde 7.072e-05  mse_ic 5.146e-03  mse_in 5.053e-03  mse_out 6.235e-08:   9%|▊         | 2152/25000 [02:09<23:15]
loss : 1.030e-02  mse_pde 1.028e-04  mse_ic 5.148e-03  mse_in 5.053e-03  mse_out 6.179e-08:   9%|▊         | 2152/25000 [02:09<23:15]
loss : 1.030e-02  mse_pde 1.028e-04  mse_ic 5.148e-03  mse_in 5.053e-03  mse_out 6.179e-08:   9%|▊         | 2152/25000 [02:09<23:15]
loss : 1.030e-02  mse_pde 1.028e-04  mse_ic 5.148e-03  mse_in 5.053e-03  mse_out 6.179e-08:   9%|▊         | 2154/25000 [02:09<23:14]
loss : 1.035e-02  mse_pde 1.530e-04  mse_ic 4.894e-03  mse_in 5.303e-03  mse_out 6.056e-08:   9%|▊         | 2154/25000 [02:09<23:14]
loss : 1.035e-02  mse_pde 1.530e-04  mse_ic 4.894e-03  mse_in 5.303e-03  mse_out 6.056e-08:   9%|▊         | 2154/25000 [02:09<23:14]
loss : 1.046e-02  mse_pde 2.588e-04  mse_ic 5.104e-03  mse_in 5.095e-03  mse_out 6.043e-08:   9%|▊         | 2154/25000 [02:09<23:14]
loss : 1.046e-02  mse_pde 2.588e-04  mse_ic 5.104e-03  mse_in 5.095e-03  mse_out 6.043e-08:   9%|▊         | 2154/25000 [02:09<23:14]
loss : 1.046e-02  mse_pde 2.588e-04  mse_ic 5.104e-03  mse_in 5.095e-03  mse_out 6.043e-08:   9%|▊         | 2156/25000 [02:09<23:17]
loss : 1.048e-02  mse_pde 2.901e-04  mse_ic 5.046e-03  mse_in 5.148e-03  mse_out 5.792e-08:   9%|▊         | 2156/25000 [02:09<23:17]
loss : 1.048e-02  mse_pde 2.901e-04  mse_ic 5.046e-03  mse_in 5.148e-03  mse_out 5.792e-08:   9%|▊         | 2156/25000 [02:09<23:17]
loss : 1.036e-02  mse_pde 1.536e-04  mse_ic 5.321e-03  mse_in 4.888e-03  mse_out 5.773e-08:   9%|▊         | 2156/25000 [02:09<23:17]
loss : 1.036e-02  mse_pde 1.536e-04  mse_ic 5.321e-03  mse_in 4.888e-03  mse_out 5.773e-08:   9%|▊         | 2156/25000 [02:09<23:17]
loss : 1.036e-02  mse_pde 1.536e-04  mse_ic 5.321e-03  mse_in 4.888e-03  mse_out 5.773e-08:   9%|▊         | 2158/25000 [02:09<23:17]
loss : 1.023e-02  mse_pde 2.541e-05  mse_ic 5.248e-03  mse_in 4.958e-03  mse_out 5.980e-08:   9%|▊         | 2158/25000 [02:09<23:17]
loss : 1.023e-02  mse_pde 2.541e-05  mse_ic 5.248e-03  mse_in 4.958e-03  mse_out 5.980e-08:   9%|▊         | 2158/25000 [02:09<23:17]
loss : 1.039e-02  mse_pde 1.868e-04  mse_ic 5.187e-03  mse_in 5.015e-03  mse_out 6.311e-08:   9%|▊         | 2158/25000 [02:09<23:17]
loss : 1.039e-02  mse_pde 1.868e-04  mse_ic 5.187e-03  mse_in 5.015e-03  mse_out 6.311e-08:   9%|▊         | 2158/25000 [02:09<23:17]
loss : 1.039e-02  mse_pde 1.868e-04  mse_ic 5.187e-03  mse_in 5.015e-03  mse_out 6.311e-08:   9%|▊         | 2160/25000 [02:09<23:26]
loss : 1.047e-02  mse_pde 2.500e-04  mse_ic 5.399e-03  mse_in 4.819e-03  mse_out 6.399e-08:   9%|▊         | 2160/25000 [02:09<23:26]
loss : 1.047e-02  mse_pde 2.500e-04  mse_ic 5.399e-03  mse_in 4.819e-03  mse_out 6.399e-08:   9%|▊         | 2160/25000 [02:09<23:26]
loss : 1.025e-02  mse_pde 4.642e-05  mse_ic 5.260e-03  mse_in 4.947e-03  mse_out 6.057e-08:   9%|▊         | 2160/25000 [02:09<23:26]
loss : 1.025e-02  mse_pde 4.642e-05  mse_ic 5.260e-03  mse_in 4.947e-03  mse_out 6.057e-08:   9%|▊         | 2160/25000 [02:09<23:26]
loss : 1.025e-02  mse_pde 4.642e-05  mse_ic 5.260e-03  mse_in 4.947e-03  mse_out 6.057e-08:   9%|▊         | 2162/25000 [02:09<22:58]
loss : 1.033e-02  mse_pde 1.290e-04  mse_ic 5.207e-03  mse_in 4.996e-03  mse_out 5.962e-08:   9%|▊         | 2162/25000 [02:09<22:58]
loss : 1.033e-02  mse_pde 1.290e-04  mse_ic 5.207e-03  mse_in 4.996e-03  mse_out 5.962e-08:   9%|▊         | 2162/25000 [02:09<22:58]
loss : 1.048e-02  mse_pde 2.636e-04  mse_ic 5.411e-03  mse_in 4.806e-03  mse_out 6.300e-08:   9%|▊         | 2162/25000 [02:09<22:58]
loss : 1.048e-02  mse_pde 2.636e-04  mse_ic 5.411e-03  mse_in 4.806e-03  mse_out 6.300e-08:   9%|▊         | 2162/25000 [02:09<22:58]
loss : 1.048e-02  mse_pde 2.636e-04  mse_ic 5.411e-03  mse_in 4.806e-03  mse_out 6.300e-08:   9%|▊         | 2164/25000 [02:09<23:07]
loss : 1.029e-02  mse_pde 8.669e-05  mse_ic 5.140e-03  mse_in 5.059e-03  mse_out 6.456e-08:   9%|▊         | 2164/25000 [02:09<23:07]
loss : 1.029e-02  mse_pde 8.669e-05  mse_ic 5.140e-03  mse_in 5.059e-03  mse_out 6.456e-08:   9%|▊         | 2164/25000 [02:09<23:07]
loss : 1.027e-02  mse_pde 7.604e-05  mse_ic 4.957e-03  mse_in 5.241e-03  mse_out 6.382e-08:   9%|▊         | 2164/25000 [02:09<23:07]
loss : 1.027e-02  mse_pde 7.604e-05  mse_ic 4.957e-03  mse_in 5.241e-03  mse_out 6.382e-08:   9%|▊         | 2164/25000 [02:09<23:07]
loss : 1.027e-02  mse_pde 7.604e-05  mse_ic 4.957e-03  mse_in 5.241e-03  mse_out 6.382e-08:   9%|▊         | 2166/25000 [02:09<23:14]
loss : 1.048e-02  mse_pde 2.812e-04  mse_ic 5.127e-03  mse_in 5.073e-03  mse_out 6.362e-08:   9%|▊         | 2166/25000 [02:09<23:14]
loss : 1.048e-02  mse_pde 2.812e-04  mse_ic 5.127e-03  mse_in 5.073e-03  mse_out 6.362e-08:   9%|▊         | 2166/25000 [02:09<23:14]
loss : 1.046e-02  mse_pde 2.644e-04  mse_ic 5.154e-03  mse_in 5.040e-03  mse_out 6.386e-08:   9%|▊         | 2166/25000 [02:10<23:14]
loss : 1.046e-02  mse_pde 2.644e-04  mse_ic 5.154e-03  mse_in 5.040e-03  mse_out 6.386e-08:   9%|▊         | 2166/25000 [02:10<23:14]
loss : 1.046e-02  mse_pde 2.644e-04  mse_ic 5.154e-03  mse_in 5.040e-03  mse_out 6.386e-08:   9%|▊         | 2168/25000 [02:10<22:46]
loss : 1.022e-02  mse_pde 2.718e-05  mse_ic 5.101e-03  mse_in 5.095e-03  mse_out 6.492e-08:   9%|▊         | 2168/25000 [02:10<22:46]
loss : 1.022e-02  mse_pde 2.718e-05  mse_ic 5.101e-03  mse_in 5.095e-03  mse_out 6.492e-08:   9%|▊         | 2168/25000 [02:10<22:46]
loss : 1.045e-02  mse_pde 2.496e-04  mse_ic 4.977e-03  mse_in 5.223e-03  mse_out 6.594e-08:   9%|▊         | 2168/25000 [02:10<22:46]
loss : 1.045e-02  mse_pde 2.496e-04  mse_ic 4.977e-03  mse_in 5.223e-03  mse_out 6.594e-08:   9%|▊         | 2168/25000 [02:10<22:46]
loss : 1.045e-02  mse_pde 2.496e-04  mse_ic 4.977e-03  mse_in 5.223e-03  mse_out 6.594e-08:   9%|▊         | 2170/25000 [02:10<22:48]
loss : 1.051e-02  mse_pde 3.147e-04  mse_ic 5.028e-03  mse_in 5.167e-03  mse_out 6.592e-08:   9%|▊         | 2170/25000 [02:10<22:48]
loss : 1.051e-02  mse_pde 3.147e-04  mse_ic 5.028e-03  mse_in 5.167e-03  mse_out 6.592e-08:   9%|▊         | 2170/25000 [02:10<22:48]
loss : 1.033e-02  mse_pde 1.085e-04  mse_ic 5.476e-03  mse_in 4.743e-03  mse_out 6.440e-08:   9%|▊         | 2170/25000 [02:10<22:48]
loss : 1.033e-02  mse_pde 1.085e-04  mse_ic 5.476e-03  mse_in 4.743e-03  mse_out 6.440e-08:   9%|▊         | 2170/25000 [02:10<22:48]
loss : 1.033e-02  mse_pde 1.085e-04  mse_ic 5.476e-03  mse_in 4.743e-03  mse_out 6.440e-08:   9%|▊         | 2172/25000 [02:10<22:49]
loss : 1.036e-02  mse_pde 1.577e-04  mse_ic 5.245e-03  mse_in 4.962e-03  mse_out 6.026e-08:   9%|▊         | 2172/25000 [02:10<22:49]
loss : 1.036e-02  mse_pde 1.577e-04  mse_ic 5.245e-03  mse_in 4.962e-03  mse_out 6.026e-08:   9%|▊         | 2172/25000 [02:10<22:49]
loss : 1.048e-02  mse_pde 2.827e-04  mse_ic 4.956e-03  mse_in 5.243e-03  mse_out 5.987e-08:   9%|▊         | 2172/25000 [02:10<22:49]
loss : 1.048e-02  mse_pde 2.827e-04  mse_ic 4.956e-03  mse_in 5.243e-03  mse_out 5.987e-08:   9%|▊         | 2172/25000 [02:10<22:49]
loss : 1.048e-02  mse_pde 2.827e-04  mse_ic 4.956e-03  mse_in 5.243e-03  mse_out 5.987e-08:   9%|▊         | 2174/25000 [02:10<22:47]
loss : 1.027e-02  mse_pde 6.232e-05  mse_ic 5.281e-03  mse_in 4.927e-03  mse_out 6.417e-08:   9%|▊         | 2174/25000 [02:10<22:47]
loss : 1.027e-02  mse_pde 6.232e-05  mse_ic 5.281e-03  mse_in 4.927e-03  mse_out 6.417e-08:   9%|▊         | 2174/25000 [02:10<22:47]
loss : 1.039e-02  mse_pde 1.759e-04  mse_ic 5.362e-03  mse_in 4.851e-03  mse_out 6.488e-08:   9%|▊         | 2174/25000 [02:10<22:47]
loss : 1.039e-02  mse_pde 1.759e-04  mse_ic 5.362e-03  mse_in 4.851e-03  mse_out 6.488e-08:   9%|▊         | 2174/25000 [02:10<22:47]
loss : 1.039e-02  mse_pde 1.759e-04  mse_ic 5.362e-03  mse_in 4.851e-03  mse_out 6.488e-08:   9%|▊         | 2176/25000 [02:10<22:44]
loss : 1.036e-02  mse_pde 1.587e-04  mse_ic 5.020e-03  mse_in 5.179e-03  mse_out 6.075e-08:   9%|▊         | 2176/25000 [02:10<22:44]
loss : 1.036e-02  mse_pde 1.587e-04  mse_ic 5.020e-03  mse_in 5.179e-03  mse_out 6.075e-08:   9%|▊         | 2176/25000 [02:10<22:44]
loss : 1.030e-02  mse_pde 9.747e-05  mse_ic 4.969e-03  mse_in 5.232e-03  mse_out 5.838e-08:   9%|▊         | 2176/25000 [02:10<22:44]
loss : 1.030e-02  mse_pde 9.747e-05  mse_ic 4.969e-03  mse_in 5.232e-03  mse_out 5.838e-08:   9%|▊         | 2176/25000 [02:10<22:44]
loss : 1.030e-02  mse_pde 9.747e-05  mse_ic 4.969e-03  mse_in 5.232e-03  mse_out 5.838e-08:   9%|▊         | 2178/25000 [02:10<22:58]
loss : 1.029e-02  mse_pde 8.496e-05  mse_ic 5.154e-03  mse_in 5.047e-03  mse_out 5.978e-08:   9%|▊         | 2178/25000 [02:10<22:58]
loss : 1.029e-02  mse_pde 8.496e-05  mse_ic 5.154e-03  mse_in 5.047e-03  mse_out 5.978e-08:   9%|▊         | 2178/25000 [02:10<22:58]
loss : 1.039e-02  mse_pde 1.922e-04  mse_ic 5.190e-03  mse_in 5.006e-03  mse_out 6.216e-08:   9%|▊         | 2178/25000 [02:10<22:58]
loss : 1.039e-02  mse_pde 1.922e-04  mse_ic 5.190e-03  mse_in 5.006e-03  mse_out 6.216e-08:   9%|▊         | 2178/25000 [02:10<22:58]
loss : 1.039e-02  mse_pde 1.922e-04  mse_ic 5.190e-03  mse_in 5.006e-03  mse_out 6.216e-08:   9%|▊         | 2180/25000 [02:10<23:11]
loss : 1.024e-02  mse_pde 4.510e-05  mse_ic 5.097e-03  mse_in 5.099e-03  mse_out 6.308e-08:   9%|▊         | 2180/25000 [02:10<23:11]
loss : 1.024e-02  mse_pde 4.510e-05  mse_ic 5.097e-03  mse_in 5.099e-03  mse_out 6.308e-08:   9%|▊         | 2180/25000 [02:10<23:11]
loss : 1.033e-02  mse_pde 1.269e-04  mse_ic 4.845e-03  mse_in 5.355e-03  mse_out 6.143e-08:   9%|▊         | 2180/25000 [02:10<23:11]
loss : 1.033e-02  mse_pde 1.269e-04  mse_ic 4.845e-03  mse_in 5.355e-03  mse_out 6.143e-08:   9%|▊         | 2180/25000 [02:10<23:11]
loss : 1.033e-02  mse_pde 1.269e-04  mse_ic 4.845e-03  mse_in 5.355e-03  mse_out 6.143e-08:   9%|▊         | 2182/25000 [02:10<23:04]
loss : 1.042e-02  mse_pde 2.255e-04  mse_ic 4.775e-03  mse_in 5.425e-03  mse_out 6.039e-08:   9%|▊         | 2182/25000 [02:10<23:04]
loss : 1.042e-02  mse_pde 2.255e-04  mse_ic 4.775e-03  mse_in 5.425e-03  mse_out 6.039e-08:   9%|▊         | 2182/25000 [02:10<23:04]
loss : 1.037e-02  mse_pde 1.758e-04  mse_ic 5.165e-03  mse_in 5.033e-03  mse_out 6.265e-08:   9%|▊         | 2182/25000 [02:10<23:04]
loss : 1.037e-02  mse_pde 1.758e-04  mse_ic 5.165e-03  mse_in 5.033e-03  mse_out 6.265e-08:   9%|▊         | 2182/25000 [02:10<23:04]
loss : 1.037e-02  mse_pde 1.758e-04  mse_ic 5.165e-03  mse_in 5.033e-03  mse_out 6.265e-08:   9%|▊         | 2184/25000 [02:11<23:11]
loss : 1.027e-02  mse_pde 7.149e-05  mse_ic 5.150e-03  mse_in 5.047e-03  mse_out 6.401e-08:   9%|▊         | 2184/25000 [02:11<23:11]
loss : 1.027e-02  mse_pde 7.149e-05  mse_ic 5.150e-03  mse_in 5.047e-03  mse_out 6.401e-08:   9%|▊         | 2184/25000 [02:11<23:11]
loss : 1.036e-02  mse_pde 1.599e-04  mse_ic 4.837e-03  mse_in 5.361e-03  mse_out 6.315e-08:   9%|▊         | 2184/25000 [02:11<23:11]
loss : 1.036e-02  mse_pde 1.599e-04  mse_ic 4.837e-03  mse_in 5.361e-03  mse_out 6.315e-08:   9%|▊         | 2184/25000 [02:11<23:11]
loss : 1.036e-02  mse_pde 1.599e-04  mse_ic 4.837e-03  mse_in 5.361e-03  mse_out 6.315e-08:   9%|▊         | 2186/25000 [02:11<23:16]
loss : 1.051e-02  mse_pde 3.094e-04  mse_ic 4.856e-03  mse_in 5.348e-03  mse_out 6.186e-08:   9%|▊         | 2186/25000 [02:11<23:16]
loss : 1.051e-02  mse_pde 3.094e-04  mse_ic 4.856e-03  mse_in 5.348e-03  mse_out 6.186e-08:   9%|▊         | 2186/25000 [02:11<23:16]
loss : 1.030e-02  mse_pde 9.768e-05  mse_ic 5.087e-03  mse_in 5.110e-03  mse_out 6.034e-08:   9%|▊         | 2186/25000 [02:11<23:16]
loss : 1.030e-02  mse_pde 9.768e-05  mse_ic 5.087e-03  mse_in 5.110e-03  mse_out 6.034e-08:   9%|▊         | 2186/25000 [02:11<23:16]
loss : 1.030e-02  mse_pde 9.768e-05  mse_ic 5.087e-03  mse_in 5.110e-03  mse_out 6.034e-08:   9%|▉         | 2188/25000 [02:11<23:18]
loss : 1.032e-02  mse_pde 1.108e-04  mse_ic 5.435e-03  mse_in 4.779e-03  mse_out 5.960e-08:   9%|▉         | 2188/25000 [02:11<23:18]
loss : 1.032e-02  mse_pde 1.108e-04  mse_ic 5.435e-03  mse_in 4.779e-03  mse_out 5.960e-08:   9%|▉         | 2188/25000 [02:11<23:18]
loss : 1.036e-02  mse_pde 1.388e-04  mse_ic 5.430e-03  mse_in 4.787e-03  mse_out 5.904e-08:   9%|▉         | 2188/25000 [02:11<23:18]
loss : 1.036e-02  mse_pde 1.388e-04  mse_ic 5.430e-03  mse_in 4.787e-03  mse_out 5.904e-08:   9%|▉         | 2188/25000 [02:11<23:18]
loss : 1.036e-02  mse_pde 1.388e-04  mse_ic 5.430e-03  mse_in 4.787e-03  mse_out 5.904e-08:   9%|▉         | 2190/25000 [02:11<23:17]
loss : 1.030e-02  mse_pde 1.021e-04  mse_ic 5.083e-03  mse_in 5.118e-03  mse_out 5.854e-08:   9%|▉         | 2190/25000 [02:11<23:17]
loss : 1.030e-02  mse_pde 1.021e-04  mse_ic 5.083e-03  mse_in 5.118e-03  mse_out 5.854e-08:   9%|▉         | 2190/25000 [02:11<23:17]
loss : 1.029e-02  mse_pde 9.299e-05  mse_ic 5.036e-03  mse_in 5.164e-03  mse_out 5.955e-08:   9%|▉         | 2190/25000 [02:11<23:17]
loss : 1.029e-02  mse_pde 9.299e-05  mse_ic 5.036e-03  mse_in 5.164e-03  mse_out 5.955e-08:   9%|▉         | 2190/25000 [02:11<23:17]
loss : 1.029e-02  mse_pde 9.299e-05  mse_ic 5.036e-03  mse_in 5.164e-03  mse_out 5.955e-08:   9%|▉         | 2192/25000 [02:11<23:23]
loss : 1.036e-02  mse_pde 1.544e-04  mse_ic 5.267e-03  mse_in 4.939e-03  mse_out 6.048e-08:   9%|▉         | 2192/25000 [02:11<23:23]
loss : 1.036e-02  mse_pde 1.544e-04  mse_ic 5.267e-03  mse_in 4.939e-03  mse_out 6.048e-08:   9%|▉         | 2192/25000 [02:11<23:23]
loss : 1.031e-02  mse_pde 1.091e-04  mse_ic 5.237e-03  mse_in 4.964e-03  mse_out 5.908e-08:   9%|▉         | 2192/25000 [02:11<23:23]
loss : 1.031e-02  mse_pde 1.091e-04  mse_ic 5.237e-03  mse_in 4.964e-03  mse_out 5.908e-08:   9%|▉         | 2192/25000 [02:11<23:23]
loss : 1.031e-02  mse_pde 1.091e-04  mse_ic 5.237e-03  mse_in 4.964e-03  mse_out 5.908e-08:   9%|▉         | 2194/25000 [02:11<23:16]
loss : 1.025e-02  mse_pde 5.687e-05  mse_ic 5.021e-03  mse_in 5.175e-03  mse_out 5.838e-08:   9%|▉         | 2194/25000 [02:11<23:16]
loss : 1.025e-02  mse_pde 5.687e-05  mse_ic 5.021e-03  mse_in 5.175e-03  mse_out 5.838e-08:   9%|▉         | 2194/25000 [02:11<23:16]
loss : 1.041e-02  mse_pde 2.131e-04  mse_ic 4.868e-03  mse_in 5.333e-03  mse_out 6.137e-08:   9%|▉         | 2194/25000 [02:11<23:16]
loss : 1.041e-02  mse_pde 2.131e-04  mse_ic 4.868e-03  mse_in 5.333e-03  mse_out 6.137e-08:   9%|▉         | 2194/25000 [02:11<23:16]
loss : 1.041e-02  mse_pde 2.131e-04  mse_ic 4.868e-03  mse_in 5.333e-03  mse_out 6.137e-08:   9%|▉         | 2196/25000 [02:11<23:25]
loss : 1.042e-02  mse_pde 2.226e-04  mse_ic 4.833e-03  mse_in 5.363e-03  mse_out 6.686e-08:   9%|▉         | 2196/25000 [02:11<23:25]
loss : 1.042e-02  mse_pde 2.226e-04  mse_ic 4.833e-03  mse_in 5.363e-03  mse_out 6.686e-08:   9%|▉         | 2196/25000 [02:11<23:25]
loss : 1.036e-02  mse_pde 1.608e-04  mse_ic 5.170e-03  mse_in 5.027e-03  mse_out 7.123e-08:   9%|▉         | 2196/25000 [02:11<23:25]
loss : 1.036e-02  mse_pde 1.608e-04  mse_ic 5.170e-03  mse_in 5.027e-03  mse_out 7.123e-08:   9%|▉         | 2196/25000 [02:11<23:25]
loss : 1.036e-02  mse_pde 1.608e-04  mse_ic 5.170e-03  mse_in 5.027e-03  mse_out 7.123e-08:   9%|▉         | 2198/25000 [02:11<23:10]
loss : 1.024e-02  mse_pde 4.782e-05  mse_ic 5.149e-03  mse_in 5.047e-03  mse_out 6.859e-08:   9%|▉         | 2198/25000 [02:11<23:10]
loss : 1.024e-02  mse_pde 4.782e-05  mse_ic 5.149e-03  mse_in 5.047e-03  mse_out 6.859e-08:   9%|▉         | 2198/25000 [02:11<23:10]
loss : 1.041e-02  mse_pde 2.151e-04  mse_ic 4.910e-03  mse_in 5.284e-03  mse_out 6.319e-08:   9%|▉         | 2198/25000 [02:11<23:10]
loss : 1.041e-02  mse_pde 2.151e-04  mse_ic 4.910e-03  mse_in 5.284e-03  mse_out 6.319e-08:   9%|▉         | 2198/25000 [02:11<23:10]
loss : 1.041e-02  mse_pde 2.151e-04  mse_ic 4.910e-03  mse_in 5.284e-03  mse_out 6.319e-08:   9%|▉         | 2200/25000 [02:11<22:56]
loss : 1.046e-02  mse_pde 2.566e-04  mse_ic 5.063e-03  mse_in 5.135e-03  mse_out 6.172e-08:   9%|▉         | 2200/25000 [02:12<22:56]
loss : 1.046e-02  mse_pde 2.566e-04  mse_ic 5.063e-03  mse_in 5.135e-03  mse_out 6.172e-08:   9%|▉         | 2200/25000 [02:12<22:56]
loss : 1.025e-02  mse_pde 5.122e-05  mse_ic 5.174e-03  mse_in 5.024e-03  mse_out 6.255e-08:   9%|▉         | 2200/25000 [02:12<22:56]
loss : 1.025e-02  mse_pde 5.122e-05  mse_ic 5.174e-03  mse_in 5.024e-03  mse_out 6.255e-08:   9%|▉         | 2200/25000 [02:12<22:56]
loss : 1.025e-02  mse_pde 5.122e-05  mse_ic 5.174e-03  mse_in 5.024e-03  mse_out 6.255e-08:   9%|▉         | 2202/25000 [02:12<23:10]
loss : 1.033e-02  mse_pde 1.348e-04  mse_ic 5.225e-03  mse_in 4.975e-03  mse_out 6.197e-08:   9%|▉         | 2202/25000 [02:12<23:10]
loss : 1.033e-02  mse_pde 1.348e-04  mse_ic 5.225e-03  mse_in 4.975e-03  mse_out 6.197e-08:   9%|▉         | 2202/25000 [02:12<23:10]
loss : 1.040e-02  mse_pde 1.921e-04  mse_ic 5.227e-03  mse_in 4.977e-03  mse_out 5.994e-08:   9%|▉         | 2202/25000 [02:12<23:10]
loss : 1.040e-02  mse_pde 1.921e-04  mse_ic 5.227e-03  mse_in 4.977e-03  mse_out 5.994e-08:   9%|▉         | 2202/25000 [02:12<23:10]
loss : 1.040e-02  mse_pde 1.921e-04  mse_ic 5.227e-03  mse_in 4.977e-03  mse_out 5.994e-08:   9%|▉         | 2204/25000 [02:12<22:51]
loss : 1.027e-02  mse_pde 7.403e-05  mse_ic 5.067e-03  mse_in 5.131e-03  mse_out 5.654e-08:   9%|▉         | 2204/25000 [02:12<22:51]
loss : 1.027e-02  mse_pde 7.403e-05  mse_ic 5.067e-03  mse_in 5.131e-03  mse_out 5.654e-08:   9%|▉         | 2204/25000 [02:12<22:51]
loss : 1.029e-02  mse_pde 8.849e-05  mse_ic 5.127e-03  mse_in 5.072e-03  mse_out 5.645e-08:   9%|▉         | 2204/25000 [02:12<22:51]
loss : 1.029e-02  mse_pde 8.849e-05  mse_ic 5.127e-03  mse_in 5.072e-03  mse_out 5.645e-08:   9%|▉         | 2204/25000 [02:12<22:51]
loss : 1.029e-02  mse_pde 8.849e-05  mse_ic 5.127e-03  mse_in 5.072e-03  mse_out 5.645e-08:   9%|▉         | 2206/25000 [02:12<22:41]
loss : 1.039e-02  mse_pde 1.773e-04  mse_ic 5.363e-03  mse_in 4.849e-03  mse_out 6.076e-08:   9%|▉         | 2206/25000 [02:12<22:41]
loss : 1.039e-02  mse_pde 1.773e-04  mse_ic 5.363e-03  mse_in 4.849e-03  mse_out 6.076e-08:   9%|▉         | 2206/25000 [02:12<22:41]
loss : 1.027e-02  mse_pde 7.114e-05  mse_ic 5.259e-03  mse_in 4.943e-03  mse_out 6.593e-08:   9%|▉         | 2206/25000 [02:12<22:41]
loss : 1.027e-02  mse_pde 7.114e-05  mse_ic 5.259e-03  mse_in 4.943e-03  mse_out 6.593e-08:   9%|▉         | 2206/25000 [02:12<22:41]
loss : 1.027e-02  mse_pde 7.114e-05  mse_ic 5.259e-03  mse_in 4.943e-03  mse_out 6.593e-08:   9%|▉         | 2208/25000 [02:12<22:35]
loss : 1.027e-02  mse_pde 7.416e-05  mse_ic 5.054e-03  mse_in 5.142e-03  mse_out 6.970e-08:   9%|▉         | 2208/25000 [02:12<22:35]
loss : 1.027e-02  mse_pde 7.416e-05  mse_ic 5.054e-03  mse_in 5.142e-03  mse_out 6.970e-08:   9%|▉         | 2208/25000 [02:12<22:35]
loss : 1.044e-02  mse_pde 2.435e-04  mse_ic 5.026e-03  mse_in 5.173e-03  mse_out 7.044e-08:   9%|▉         | 2208/25000 [02:12<22:35]
loss : 1.044e-02  mse_pde 2.435e-04  mse_ic 5.026e-03  mse_in 5.173e-03  mse_out 7.044e-08:   9%|▉         | 2208/25000 [02:12<22:35]
loss : 1.044e-02  mse_pde 2.435e-04  mse_ic 5.026e-03  mse_in 5.173e-03  mse_out 7.044e-08:   9%|▉         | 2210/25000 [02:12<21:59]
loss : 1.035e-02  mse_pde 1.532e-04  mse_ic 5.047e-03  mse_in 5.145e-03  mse_out 6.775e-08:   9%|▉         | 2210/25000 [02:12<21:59]
loss : 1.035e-02  mse_pde 1.532e-04  mse_ic 5.047e-03  mse_in 5.145e-03  mse_out 6.775e-08:   9%|▉         | 2210/25000 [02:12<21:59]
loss : 1.026e-02  mse_pde 6.024e-05  mse_ic 5.307e-03  mse_in 4.894e-03  mse_out 6.627e-08:   9%|▉         | 2210/25000 [02:12<21:59]
loss : 1.026e-02  mse_pde 6.024e-05  mse_ic 5.307e-03  mse_in 4.894e-03  mse_out 6.627e-08:   9%|▉         | 2210/25000 [02:12<21:59]
loss : 1.026e-02  mse_pde 6.024e-05  mse_ic 5.307e-03  mse_in 4.894e-03  mse_out 6.627e-08:   9%|▉         | 2212/25000 [02:12<22:30]
loss : 1.032e-02  mse_pde 1.177e-04  mse_ic 5.193e-03  mse_in 5.005e-03  mse_out 6.464e-08:   9%|▉         | 2212/25000 [02:12<22:30]
loss : 1.032e-02  mse_pde 1.177e-04  mse_ic 5.193e-03  mse_in 5.005e-03  mse_out 6.464e-08:   9%|▉         | 2212/25000 [02:12<22:30]
loss : 1.038e-02  mse_pde 1.775e-04  mse_ic 4.798e-03  mse_in 5.400e-03  mse_out 6.288e-08:   9%|▉         | 2212/25000 [02:12<22:30]
loss : 1.038e-02  mse_pde 1.775e-04  mse_ic 4.798e-03  mse_in 5.400e-03  mse_out 6.288e-08:   9%|▉         | 2212/25000 [02:12<22:30]
loss : 1.038e-02  mse_pde 1.775e-04  mse_ic 4.798e-03  mse_in 5.400e-03  mse_out 6.288e-08:   9%|▉         | 2214/25000 [02:12<22:38]
loss : 1.030e-02  mse_pde 1.030e-04  mse_ic 4.845e-03  mse_in 5.354e-03  mse_out 6.366e-08:   9%|▉         | 2214/25000 [02:12<22:38]
loss : 1.030e-02  mse_pde 1.030e-04  mse_ic 4.845e-03  mse_in 5.354e-03  mse_out 6.366e-08:   9%|▉         | 2214/25000 [02:12<22:38]
loss : 1.022e-02  mse_pde 2.650e-05  mse_ic 5.023e-03  mse_in 5.170e-03  mse_out 6.430e-08:   9%|▉         | 2214/25000 [02:12<22:38]
loss : 1.022e-02  mse_pde 2.650e-05  mse_ic 5.023e-03  mse_in 5.170e-03  mse_out 6.430e-08:   9%|▉         | 2214/25000 [02:12<22:38]
loss : 1.022e-02  mse_pde 2.650e-05  mse_ic 5.023e-03  mse_in 5.170e-03  mse_out 6.430e-08:   9%|▉         | 2216/25000 [02:12<22:39]
loss : 1.029e-02  mse_pde 1.018e-04  mse_ic 5.124e-03  mse_in 5.068e-03  mse_out 6.410e-08:   9%|▉         | 2216/25000 [02:12<22:39]
loss : 1.029e-02  mse_pde 1.018e-04  mse_ic 5.124e-03  mse_in 5.068e-03  mse_out 6.410e-08:   9%|▉         | 2216/25000 [02:12<22:39]
loss : 1.029e-02  mse_pde 9.807e-05  mse_ic 5.071e-03  mse_in 5.124e-03  mse_out 6.317e-08:   9%|▉         | 2216/25000 [02:13<22:39]
loss : 1.029e-02  mse_pde 9.807e-05  mse_ic 5.071e-03  mse_in 5.124e-03  mse_out 6.317e-08:   9%|▉         | 2216/25000 [02:13<22:39]
loss : 1.029e-02  mse_pde 9.807e-05  mse_ic 5.071e-03  mse_in 5.124e-03  mse_out 6.317e-08:   9%|▉         | 2218/25000 [02:13<22:37]
loss : 1.027e-02  mse_pde 7.509e-05  mse_ic 4.854e-03  mse_in 5.342e-03  mse_out 6.098e-08:   9%|▉         | 2218/25000 [02:13<22:37]
loss : 1.027e-02  mse_pde 7.509e-05  mse_ic 4.854e-03  mse_in 5.342e-03  mse_out 6.098e-08:   9%|▉         | 2218/25000 [02:13<22:37]
loss : 1.023e-02  mse_pde 3.663e-05  mse_ic 4.942e-03  mse_in 5.253e-03  mse_out 5.960e-08:   9%|▉         | 2218/25000 [02:13<22:37]
loss : 1.023e-02  mse_pde 3.663e-05  mse_ic 4.942e-03  mse_in 5.253e-03  mse_out 5.960e-08:   9%|▉         | 2218/25000 [02:13<22:37]
loss : 1.023e-02  mse_pde 3.663e-05  mse_ic 4.942e-03  mse_in 5.253e-03  mse_out 5.960e-08:   9%|▉         | 2220/25000 [02:13<22:34]
loss : 1.024e-02  mse_pde 4.668e-05  mse_ic 5.141e-03  mse_in 5.055e-03  mse_out 5.829e-08:   9%|▉         | 2220/25000 [02:13<22:34]
loss : 1.024e-02  mse_pde 4.668e-05  mse_ic 5.141e-03  mse_in 5.055e-03  mse_out 5.829e-08:   9%|▉         | 2220/25000 [02:13<22:34]
loss : 1.027e-02  mse_pde 7.716e-05  mse_ic 5.152e-03  mse_in 5.041e-03  mse_out 5.729e-08:   9%|▉         | 2220/25000 [02:13<22:34]
loss : 1.027e-02  mse_pde 7.716e-05  mse_ic 5.152e-03  mse_in 5.041e-03  mse_out 5.729e-08:   9%|▉         | 2220/25000 [02:13<22:34]
loss : 1.027e-02  mse_pde 7.716e-05  mse_ic 5.152e-03  mse_in 5.041e-03  mse_out 5.729e-08:   9%|▉         | 2222/25000 [02:13<22:48]
loss : 1.027e-02  mse_pde 7.747e-05  mse_ic 5.119e-03  mse_in 5.074e-03  mse_out 5.858e-08:   9%|▉         | 2222/25000 [02:13<22:48]
loss : 1.027e-02  mse_pde 7.747e-05  mse_ic 5.119e-03  mse_in 5.074e-03  mse_out 5.858e-08:   9%|▉         | 2222/25000 [02:13<22:48]
loss : 1.025e-02  mse_pde 5.674e-05  mse_ic 4.941e-03  mse_in 5.251e-03  mse_out 6.076e-08:   9%|▉         | 2222/25000 [02:13<22:48]
loss : 1.025e-02  mse_pde 5.674e-05  mse_ic 4.941e-03  mse_in 5.251e-03  mse_out 6.076e-08:   9%|▉         | 2222/25000 [02:13<22:48]
loss : 1.025e-02  mse_pde 5.674e-05  mse_ic 4.941e-03  mse_in 5.251e-03  mse_out 6.076e-08:   9%|▉         | 2224/25000 [02:13<22:52]
loss : 1.022e-02  mse_pde 2.821e-05  mse_ic 4.985e-03  mse_in 5.206e-03  mse_out 6.319e-08:   9%|▉         | 2224/25000 [02:13<22:52]
loss : 1.022e-02  mse_pde 2.821e-05  mse_ic 4.985e-03  mse_in 5.206e-03  mse_out 6.319e-08:   9%|▉         | 2224/25000 [02:13<22:52]
loss : 1.023e-02  mse_pde 3.798e-05  mse_ic 5.015e-03  mse_in 5.175e-03  mse_out 6.293e-08:   9%|▉         | 2224/25000 [02:13<22:52]
loss : 1.023e-02  mse_pde 3.798e-05  mse_ic 5.015e-03  mse_in 5.175e-03  mse_out 6.293e-08:   9%|▉         | 2224/25000 [02:13<22:52]
loss : 1.023e-02  mse_pde 3.798e-05  mse_ic 5.015e-03  mse_in 5.175e-03  mse_out 6.293e-08:   9%|▉         | 2226/25000 [02:13<22:57]
loss : 1.022e-02  mse_pde 2.911e-05  mse_ic 4.949e-03  mse_in 5.240e-03  mse_out 6.136e-08:   9%|▉         | 2226/25000 [02:13<22:57]
loss : 1.022e-02  mse_pde 2.911e-05  mse_ic 4.949e-03  mse_in 5.240e-03  mse_out 6.136e-08:   9%|▉         | 2226/25000 [02:13<22:57]
loss : 1.026e-02  mse_pde 6.872e-05  mse_ic 4.932e-03  mse_in 5.259e-03  mse_out 6.196e-08:   9%|▉         | 2226/25000 [02:13<22:57]
loss : 1.026e-02  mse_pde 6.872e-05  mse_ic 4.932e-03  mse_in 5.259e-03  mse_out 6.196e-08:   9%|▉         | 2226/25000 [02:13<22:57]
loss : 1.026e-02  mse_pde 6.872e-05  mse_ic 4.932e-03  mse_in 5.259e-03  mse_out 6.196e-08:   9%|▉         | 2228/25000 [02:13<22:48]
loss : 1.032e-02  mse_pde 1.285e-04  mse_ic 4.927e-03  mse_in 5.260e-03  mse_out 6.437e-08:   9%|▉         | 2228/25000 [02:13<22:48]
loss : 1.032e-02  mse_pde 1.285e-04  mse_ic 4.927e-03  mse_in 5.260e-03  mse_out 6.437e-08:   9%|▉         | 2228/25000 [02:13<22:48]
loss : 1.056e-02  mse_pde 3.668e-04  mse_ic 5.176e-03  mse_in 5.017e-03  mse_out 6.652e-08:   9%|▉         | 2228/25000 [02:13<22:48]
loss : 1.056e-02  mse_pde 3.668e-04  mse_ic 5.176e-03  mse_in 5.017e-03  mse_out 6.652e-08:   9%|▉         | 2228/25000 [02:13<22:48]
loss : 1.056e-02  mse_pde 3.668e-04  mse_ic 5.176e-03  mse_in 5.017e-03  mse_out 6.652e-08:   9%|▉         | 2230/25000 [02:13<22:52]
loss : 1.077e-02  mse_pde 5.874e-04  mse_ic 5.018e-03  mse_in 5.167e-03  mse_out 6.293e-08:   9%|▉         | 2230/25000 [02:13<22:52]
loss : 1.077e-02  mse_pde 5.874e-04  mse_ic 5.018e-03  mse_in 5.167e-03  mse_out 6.293e-08:   9%|▉         | 2230/25000 [02:13<22:52]
loss : 1.053e-02  mse_pde 3.187e-04  mse_ic 5.461e-03  mse_in 4.752e-03  mse_out 6.066e-08:   9%|▉         | 2230/25000 [02:13<22:52]
loss : 1.053e-02  mse_pde 3.187e-04  mse_ic 5.461e-03  mse_in 4.752e-03  mse_out 6.066e-08:   9%|▉         | 2230/25000 [02:13<22:52]
loss : 1.053e-02  mse_pde 3.187e-04  mse_ic 5.461e-03  mse_in 4.752e-03  mse_out 6.066e-08:   9%|▉         | 2232/25000 [02:13<23:03]
loss : 1.029e-02  mse_pde 7.006e-05  mse_ic 5.491e-03  mse_in 4.727e-03  mse_out 5.844e-08:   9%|▉         | 2232/25000 [02:13<23:03]
loss : 1.029e-02  mse_pde 7.006e-05  mse_ic 5.491e-03  mse_in 4.727e-03  mse_out 5.844e-08:   9%|▉         | 2232/25000 [02:13<23:03]
loss : 1.070e-02  mse_pde 4.932e-04  mse_ic 5.359e-03  mse_in 4.847e-03  mse_out 5.888e-08:   9%|▉         | 2232/25000 [02:14<23:03]
loss : 1.070e-02  mse_pde 4.932e-04  mse_ic 5.359e-03  mse_in 4.847e-03  mse_out 5.888e-08:   9%|▉         | 2232/25000 [02:14<23:03]
loss : 1.070e-02  mse_pde 4.932e-04  mse_ic 5.359e-03  mse_in 4.847e-03  mse_out 5.888e-08:   9%|▉         | 2234/25000 [02:14<23:03]
loss : 1.037e-02  mse_pde 1.100e-04  mse_ic 5.824e-03  mse_in 4.439e-03  mse_out 6.425e-08:   9%|▉         | 2234/25000 [02:14<23:03]
loss : 1.037e-02  mse_pde 1.100e-04  mse_ic 5.824e-03  mse_in 4.439e-03  mse_out 6.425e-08:   9%|▉         | 2234/25000 [02:14<23:03]
loss : 1.053e-02  mse_pde 2.712e-04  mse_ic 5.784e-03  mse_in 4.475e-03  mse_out 6.557e-08:   9%|▉         | 2234/25000 [02:14<23:03]
loss : 1.053e-02  mse_pde 2.712e-04  mse_ic 5.784e-03  mse_in 4.475e-03  mse_out 6.557e-08:   9%|▉         | 2234/25000 [02:14<23:03]
loss : 1.046e-02  mse_pde 2.454e-04  mse_ic 5.419e-03  mse_in 4.797e-03  mse_out 6.223e-08:   9%|▉         | 2234/25000 [02:14<23:03]
loss : 1.046e-02  mse_pde 2.454e-04  mse_ic 5.419e-03  mse_in 4.797e-03  mse_out 6.223e-08:   9%|▉         | 2234/25000 [02:14<23:03]
loss : 1.046e-02  mse_pde 2.454e-04  mse_ic 5.419e-03  mse_in 4.797e-03  mse_out 6.223e-08:   9%|▉         | 2237/25000 [02:14<20:36]
loss : 1.035e-02  mse_pde 1.331e-04  mse_ic 5.378e-03  mse_in 4.834e-03  mse_out 6.037e-08:   9%|▉         | 2237/25000 [02:14<20:36]
loss : 1.035e-02  mse_pde 1.331e-04  mse_ic 5.378e-03  mse_in 4.834e-03  mse_out 6.037e-08:   9%|▉         | 2237/25000 [02:14<20:36]
loss : 1.056e-02  mse_pde 3.273e-04  mse_ic 5.535e-03  mse_in 4.692e-03  mse_out 6.127e-08:   9%|▉         | 2237/25000 [02:14<20:36]
loss : 1.056e-02  mse_pde 3.273e-04  mse_ic 5.535e-03  mse_in 4.692e-03  mse_out 6.127e-08:   9%|▉         | 2237/25000 [02:14<20:36]
loss : 1.028e-02  mse_pde 5.495e-05  mse_ic 5.513e-03  mse_in 4.708e-03  mse_out 6.228e-08:   9%|▉         | 2237/25000 [02:14<20:36]
loss : 1.028e-02  mse_pde 5.495e-05  mse_ic 5.513e-03  mse_in 4.708e-03  mse_out 6.228e-08:   9%|▉         | 2237/25000 [02:14<20:36]
loss : 1.028e-02  mse_pde 5.495e-05  mse_ic 5.513e-03  mse_in 4.708e-03  mse_out 6.228e-08:   9%|▉         | 2240/25000 [02:14<19:51]
loss : 1.054e-02  mse_pde 3.484e-04  mse_ic 5.128e-03  mse_in 5.067e-03  mse_out 6.134e-08:   9%|▉         | 2240/25000 [02:14<19:51]
loss : 1.054e-02  mse_pde 3.484e-04  mse_ic 5.128e-03  mse_in 5.067e-03  mse_out 6.134e-08:   9%|▉         | 2240/25000 [02:14<19:51]
loss : 1.038e-02  mse_pde 1.830e-04  mse_ic 5.075e-03  mse_in 5.122e-03  mse_out 6.130e-08:   9%|▉         | 2240/25000 [02:14<19:51]
loss : 1.038e-02  mse_pde 1.830e-04  mse_ic 5.075e-03  mse_in 5.122e-03  mse_out 6.130e-08:   9%|▉         | 2240/25000 [02:14<19:51]
loss : 1.038e-02  mse_pde 1.830e-04  mse_ic 5.075e-03  mse_in 5.122e-03  mse_out 6.130e-08:   9%|▉         | 2242/25000 [02:14<20:48]
loss : 1.031e-02  mse_pde 1.096e-04  mse_ic 5.131e-03  mse_in 5.065e-03  mse_out 6.133e-08:   9%|▉         | 2242/25000 [02:14<20:48]
loss : 1.031e-02  mse_pde 1.096e-04  mse_ic 5.131e-03  mse_in 5.065e-03  mse_out 6.133e-08:   9%|▉         | 2242/25000 [02:14<20:48]
loss : 1.053e-02  mse_pde 3.443e-04  mse_ic 5.082e-03  mse_in 5.106e-03  mse_out 6.266e-08:   9%|▉         | 2242/25000 [02:14<20:48]
loss : 1.053e-02  mse_pde 3.443e-04  mse_ic 5.082e-03  mse_in 5.106e-03  mse_out 6.266e-08:   9%|▉         | 2242/25000 [02:14<20:48]
loss : 1.053e-02  mse_pde 3.443e-04  mse_ic 5.082e-03  mse_in 5.106e-03  mse_out 6.266e-08:   9%|▉         | 2244/25000 [02:14<21:20]
loss : 1.026e-02  mse_pde 6.760e-05  mse_ic 5.164e-03  mse_in 5.029e-03  mse_out 6.729e-08:   9%|▉         | 2244/25000 [02:14<21:20]
loss : 1.026e-02  mse_pde 6.760e-05  mse_ic 5.164e-03  mse_in 5.029e-03  mse_out 6.729e-08:   9%|▉         | 2244/25000 [02:14<21:20]
loss : 1.046e-02  mse_pde 2.591e-04  mse_ic 4.908e-03  mse_in 5.289e-03  mse_out 6.868e-08:   9%|▉         | 2244/25000 [02:14<21:20]
loss : 1.046e-02  mse_pde 2.591e-04  mse_ic 4.908e-03  mse_in 5.289e-03  mse_out 6.868e-08:   9%|▉         | 2244/25000 [02:14<21:20]
loss : 1.046e-02  mse_pde 2.591e-04  mse_ic 4.908e-03  mse_in 5.289e-03  mse_out 6.868e-08:   9%|▉         | 2246/25000 [02:14<21:52]
loss : 1.044e-02  mse_pde 2.410e-04  mse_ic 4.697e-03  mse_in 5.505e-03  mse_out 6.573e-08:   9%|▉         | 2246/25000 [02:14<21:52]
loss : 1.044e-02  mse_pde 2.410e-04  mse_ic 4.697e-03  mse_in 5.505e-03  mse_out 6.573e-08:   9%|▉         | 2246/25000 [02:14<21:52]
loss : 1.022e-02  mse_pde 2.788e-05  mse_ic 4.923e-03  mse_in 5.271e-03  mse_out 6.323e-08:   9%|▉         | 2246/25000 [02:14<21:52]
loss : 1.022e-02  mse_pde 2.788e-05  mse_ic 4.923e-03  mse_in 5.271e-03  mse_out 6.323e-08:   9%|▉         | 2246/25000 [02:14<21:52]
loss : 1.022e-02  mse_pde 2.788e-05  mse_ic 4.923e-03  mse_in 5.271e-03  mse_out 6.323e-08:   9%|▉         | 2248/25000 [02:14<22:08]
loss : 1.045e-02  mse_pde 2.522e-04  mse_ic 5.121e-03  mse_in 5.077e-03  mse_out 6.091e-08:   9%|▉         | 2248/25000 [02:14<22:08]
loss : 1.045e-02  mse_pde 2.522e-04  mse_ic 5.121e-03  mse_in 5.077e-03  mse_out 6.091e-08:   9%|▉         | 2248/25000 [02:14<22:08]
loss : 1.027e-02  mse_pde 7.291e-05  mse_ic 5.024e-03  mse_in 5.172e-03  mse_out 5.951e-08:   9%|▉         | 2248/25000 [02:14<22:08]
loss : 1.027e-02  mse_pde 7.291e-05  mse_ic 5.024e-03  mse_in 5.172e-03  mse_out 5.951e-08:   9%|▉         | 2248/25000 [02:14<22:08]
loss : 1.027e-02  mse_pde 7.291e-05  mse_ic 5.024e-03  mse_in 5.172e-03  mse_out 5.951e-08:   9%|▉         | 2250/25000 [02:14<22:23]
loss : 1.035e-02  mse_pde 1.471e-04  mse_ic 4.936e-03  mse_in 5.262e-03  mse_out 6.127e-08:   9%|▉         | 2250/25000 [02:14<22:23]
loss : 1.035e-02  mse_pde 1.471e-04  mse_ic 4.936e-03  mse_in 5.262e-03  mse_out 6.127e-08:   9%|▉         | 2250/25000 [02:14<22:23]
loss : 1.038e-02  mse_pde 1.786e-04  mse_ic 5.162e-03  mse_in 5.043e-03  mse_out 6.557e-08:   9%|▉         | 2250/25000 [02:15<22:23]
loss : 1.038e-02  mse_pde 1.786e-04  mse_ic 5.162e-03  mse_in 5.043e-03  mse_out 6.557e-08:   9%|▉         | 2250/25000 [02:15<22:23]
loss : 1.038e-02  mse_pde 1.786e-04  mse_ic 5.162e-03  mse_in 5.043e-03  mse_out 6.557e-08:   9%|▉         | 2252/25000 [02:15<22:47]
loss : 1.027e-02  mse_pde 5.104e-05  mse_ic 5.376e-03  mse_in 4.838e-03  mse_out 6.665e-08:   9%|▉         | 2252/25000 [02:15<22:47]
loss : 1.027e-02  mse_pde 5.104e-05  mse_ic 5.376e-03  mse_in 4.838e-03  mse_out 6.665e-08:   9%|▉         | 2252/25000 [02:15<22:47]
loss : 1.041e-02  mse_pde 2.001e-04  mse_ic 5.286e-03  mse_in 4.920e-03  mse_out 6.400e-08:   9%|▉         | 2252/25000 [02:15<22:47]
loss : 1.041e-02  mse_pde 2.001e-04  mse_ic 5.286e-03  mse_in 4.920e-03  mse_out 6.400e-08:   9%|▉         | 2252/25000 [02:15<22:47]
loss : 1.041e-02  mse_pde 2.001e-04  mse_ic 5.286e-03  mse_in 4.920e-03  mse_out 6.400e-08:   9%|▉         | 2254/25000 [02:15<22:51]
loss : 1.025e-02  mse_pde 3.981e-05  mse_ic 5.315e-03  mse_in 4.896e-03  mse_out 6.366e-08:   9%|▉         | 2254/25000 [02:15<22:51]
loss : 1.025e-02  mse_pde 3.981e-05  mse_ic 5.315e-03  mse_in 4.896e-03  mse_out 6.366e-08:   9%|▉         | 2254/25000 [02:15<22:51]
loss : 1.038e-02  mse_pde 1.651e-04  mse_ic 5.287e-03  mse_in 4.924e-03  mse_out 6.584e-08:   9%|▉         | 2254/25000 [02:15<22:51]
loss : 1.038e-02  mse_pde 1.651e-04  mse_ic 5.287e-03  mse_in 4.924e-03  mse_out 6.584e-08:   9%|▉         | 2254/25000 [02:15<22:51]
loss : 1.038e-02  mse_pde 1.651e-04  mse_ic 5.287e-03  mse_in 4.924e-03  mse_out 6.584e-08:   9%|▉         | 2256/25000 [02:15<22:45]
loss : 1.029e-02  mse_pde 8.811e-05  mse_ic 5.197e-03  mse_in 5.005e-03  mse_out 6.748e-08:   9%|▉         | 2256/25000 [02:15<22:45]
loss : 1.029e-02  mse_pde 8.811e-05  mse_ic 5.197e-03  mse_in 5.005e-03  mse_out 6.748e-08:   9%|▉         | 2256/25000 [02:15<22:45]
loss : 1.029e-02  mse_pde 8.537e-05  mse_ic 5.194e-03  mse_in 5.007e-03  mse_out 6.623e-08:   9%|▉         | 2256/25000 [02:15<22:45]
loss : 1.029e-02  mse_pde 8.537e-05  mse_ic 5.194e-03  mse_in 5.007e-03  mse_out 6.623e-08:   9%|▉         | 2256/25000 [02:15<22:45]
loss : 1.029e-02  mse_pde 8.537e-05  mse_ic 5.194e-03  mse_in 5.007e-03  mse_out 6.623e-08:   9%|▉         | 2258/25000 [02:15<22:56]
loss : 1.036e-02  mse_pde 1.576e-04  mse_ic 5.120e-03  mse_in 5.081e-03  mse_out 6.167e-08:   9%|▉         | 2258/25000 [02:15<22:56]
loss : 1.036e-02  mse_pde 1.576e-04  mse_ic 5.120e-03  mse_in 5.081e-03  mse_out 6.167e-08:   9%|▉         | 2258/25000 [02:15<22:56]
loss : 1.025e-02  mse_pde 4.855e-05  mse_ic 4.923e-03  mse_in 5.275e-03  mse_out 5.719e-08:   9%|▉         | 2258/25000 [02:15<22:56]
loss : 1.025e-02  mse_pde 4.855e-05  mse_ic 4.923e-03  mse_in 5.275e-03  mse_out 5.719e-08:   9%|▉         | 2258/25000 [02:15<22:56]
loss : 1.025e-02  mse_pde 4.855e-05  mse_ic 4.923e-03  mse_in 5.275e-03  mse_out 5.719e-08:   9%|▉         | 2260/25000 [02:15<21:55]
loss : 1.032e-02  mse_pde 1.198e-04  mse_ic 4.906e-03  mse_in 5.289e-03  mse_out 5.745e-08:   9%|▉         | 2260/25000 [02:15<21:55]
loss : 1.032e-02  mse_pde 1.198e-04  mse_ic 4.906e-03  mse_in 5.289e-03  mse_out 5.745e-08:   9%|▉         | 2260/25000 [02:15<21:55]
loss : 1.037e-02  mse_pde 1.690e-04  mse_ic 5.104e-03  mse_in 5.093e-03  mse_out 6.109e-08:   9%|▉         | 2260/25000 [02:15<21:55]
loss : 1.037e-02  mse_pde 1.690e-04  mse_ic 5.104e-03  mse_in 5.093e-03  mse_out 6.109e-08:   9%|▉         | 2260/25000 [02:15<21:55]
loss : 1.037e-02  mse_pde 1.690e-04  mse_ic 5.104e-03  mse_in 5.093e-03  mse_out 6.109e-08:   9%|▉         | 2262/25000 [02:15<22:19]
loss : 1.022e-02  mse_pde 2.881e-05  mse_ic 4.968e-03  mse_in 5.227e-03  mse_out 6.127e-08:   9%|▉         | 2262/25000 [02:15<22:19]
loss : 1.022e-02  mse_pde 2.881e-05  mse_ic 4.968e-03  mse_in 5.227e-03  mse_out 6.127e-08:   9%|▉         | 2262/25000 [02:15<22:19]
loss : 1.035e-02  mse_pde 1.534e-04  mse_ic 4.803e-03  mse_in 5.396e-03  mse_out 5.843e-08:   9%|▉         | 2262/25000 [02:15<22:19]
loss : 1.035e-02  mse_pde 1.534e-04  mse_ic 4.803e-03  mse_in 5.396e-03  mse_out 5.843e-08:   9%|▉         | 2262/25000 [02:15<22:19]
loss : 1.035e-02  mse_pde 1.534e-04  mse_ic 4.803e-03  mse_in 5.396e-03  mse_out 5.843e-08:   9%|▉         | 2264/25000 [02:15<22:32]
loss : 1.038e-02  mse_pde 1.843e-04  mse_ic 5.059e-03  mse_in 5.139e-03  mse_out 5.762e-08:   9%|▉         | 2264/25000 [02:15<22:32]
loss : 1.038e-02  mse_pde 1.843e-04  mse_ic 5.059e-03  mse_in 5.139e-03  mse_out 5.762e-08:   9%|▉         | 2264/25000 [02:15<22:32]
loss : 1.024e-02  mse_pde 4.233e-05  mse_ic 5.177e-03  mse_in 5.021e-03  mse_out 5.819e-08:   9%|▉         | 2264/25000 [02:15<22:32]
loss : 1.024e-02  mse_pde 4.233e-05  mse_ic 5.177e-03  mse_in 5.021e-03  mse_out 5.819e-08:   9%|▉         | 2264/25000 [02:15<22:32]
loss : 1.024e-02  mse_pde 4.233e-05  mse_ic 5.177e-03  mse_in 5.021e-03  mse_out 5.819e-08:   9%|▉         | 2266/25000 [02:15<22:45]
loss : 1.036e-02  mse_pde 1.669e-04  mse_ic 5.026e-03  mse_in 5.169e-03  mse_out 6.001e-08:   9%|▉         | 2266/25000 [02:15<22:45]
loss : 1.036e-02  mse_pde 1.669e-04  mse_ic 5.026e-03  mse_in 5.169e-03  mse_out 6.001e-08:   9%|▉         | 2266/25000 [02:15<22:45]
loss : 1.037e-02  mse_pde 1.650e-04  mse_ic 5.096e-03  mse_in 5.105e-03  mse_out 6.280e-08:   9%|▉         | 2266/25000 [02:15<22:45]
loss : 1.037e-02  mse_pde 1.650e-04  mse_ic 5.096e-03  mse_in 5.105e-03  mse_out 6.280e-08:   9%|▉         | 2266/25000 [02:15<22:45]
loss : 1.037e-02  mse_pde 1.650e-04  mse_ic 5.096e-03  mse_in 5.105e-03  mse_out 6.280e-08:   9%|▉         | 2268/25000 [02:15<22:53]
loss : 1.022e-02  mse_pde 2.294e-05  mse_ic 5.144e-03  mse_in 5.057e-03  mse_out 6.279e-08:   9%|▉         | 2268/25000 [02:16<22:53]
loss : 1.022e-02  mse_pde 2.294e-05  mse_ic 5.144e-03  mse_in 5.057e-03  mse_out 6.279e-08:   9%|▉         | 2268/25000 [02:16<22:53]
loss : 1.038e-02  mse_pde 1.856e-04  mse_ic 5.155e-03  mse_in 5.043e-03  mse_out 6.230e-08:   9%|▉         | 2268/25000 [02:16<22:53]
loss : 1.038e-02  mse_pde 1.856e-04  mse_ic 5.155e-03  mse_in 5.043e-03  mse_out 6.230e-08:   9%|▉         | 2268/25000 [02:16<22:53]
loss : 1.038e-02  mse_pde 1.856e-04  mse_ic 5.155e-03  mse_in 5.043e-03  mse_out 6.230e-08:   9%|▉         | 2270/25000 [02:16<22:59]
loss : 1.030e-02  mse_pde 9.238e-05  mse_ic 5.311e-03  mse_in 4.899e-03  mse_out 6.547e-08:   9%|▉         | 2270/25000 [02:16<22:59]
loss : 1.030e-02  mse_pde 9.238e-05  mse_ic 5.311e-03  mse_in 4.899e-03  mse_out 6.547e-08:   9%|▉         | 2270/25000 [02:16<22:59]
loss : 1.026e-02  mse_pde 5.931e-05  mse_ic 5.145e-03  mse_in 5.059e-03  mse_out 6.918e-08:   9%|▉         | 2270/25000 [02:16<22:59]
loss : 1.026e-02  mse_pde 5.931e-05  mse_ic 5.145e-03  mse_in 5.059e-03  mse_out 6.918e-08:   9%|▉         | 2270/25000 [02:16<22:59]
loss : 1.026e-02  mse_pde 5.931e-05  mse_ic 5.145e-03  mse_in 5.059e-03  mse_out 6.918e-08:   9%|▉         | 2272/25000 [02:16<23:10]
loss : 1.041e-02  mse_pde 2.152e-04  mse_ic 5.007e-03  mse_in 5.191e-03  mse_out 7.135e-08:   9%|▉         | 2272/25000 [02:16<23:10]
loss : 1.041e-02  mse_pde 2.152e-04  mse_ic 5.007e-03  mse_in 5.191e-03  mse_out 7.135e-08:   9%|▉         | 2272/25000 [02:16<23:10]
loss : 1.028e-02  mse_pde 7.705e-05  mse_ic 5.305e-03  mse_in 4.903e-03  mse_out 7.178e-08:   9%|▉         | 2272/25000 [02:16<23:10]
loss : 1.028e-02  mse_pde 7.705e-05  mse_ic 5.305e-03  mse_in 4.903e-03  mse_out 7.178e-08:   9%|▉         | 2272/25000 [02:16<23:10]
loss : 1.028e-02  mse_pde 7.705e-05  mse_ic 5.305e-03  mse_in 4.903e-03  mse_out 7.178e-08:   9%|▉         | 2274/25000 [02:16<23:13]
loss : 1.027e-02  mse_pde 6.982e-05  mse_ic 5.228e-03  mse_in 4.975e-03  mse_out 6.657e-08:   9%|▉         | 2274/25000 [02:16<23:13]
loss : 1.027e-02  mse_pde 6.982e-05  mse_ic 5.228e-03  mse_in 4.975e-03  mse_out 6.657e-08:   9%|▉         | 2274/25000 [02:16<23:13]
loss : 1.042e-02  mse_pde 2.240e-04  mse_ic 4.892e-03  mse_in 5.304e-03  mse_out 6.056e-08:   9%|▉         | 2274/25000 [02:16<23:13]
loss : 1.042e-02  mse_pde 2.240e-04  mse_ic 4.892e-03  mse_in 5.304e-03  mse_out 6.056e-08:   9%|▉         | 2274/25000 [02:16<23:13]
loss : 1.042e-02  mse_pde 2.240e-04  mse_ic 4.892e-03  mse_in 5.304e-03  mse_out 6.056e-08:   9%|▉         | 2276/25000 [02:16<23:16]
loss : 1.028e-02  mse_pde 8.454e-05  mse_ic 5.043e-03  mse_in 5.155e-03  mse_out 5.958e-08:   9%|▉         | 2276/25000 [02:16<23:16]
loss : 1.028e-02  mse_pde 8.454e-05  mse_ic 5.043e-03  mse_in 5.155e-03  mse_out 5.958e-08:   9%|▉         | 2276/25000 [02:16<23:16]
loss : 1.026e-02  mse_pde 5.928e-05  mse_ic 5.132e-03  mse_in 5.065e-03  mse_out 5.831e-08:   9%|▉         | 2276/25000 [02:16<23:16]
loss : 1.026e-02  mse_pde 5.928e-05  mse_ic 5.132e-03  mse_in 5.065e-03  mse_out 5.831e-08:   9%|▉         | 2276/25000 [02:16<23:16]
loss : 1.026e-02  mse_pde 5.928e-05  mse_ic 5.132e-03  mse_in 5.065e-03  mse_out 5.831e-08:   9%|▉         | 2278/25000 [02:16<23:08]
loss : 1.038e-02  mse_pde 1.832e-04  mse_ic 4.943e-03  mse_in 5.251e-03  mse_out 5.496e-08:   9%|▉         | 2278/25000 [02:16<23:08]
loss : 1.038e-02  mse_pde 1.832e-04  mse_ic 4.943e-03  mse_in 5.251e-03  mse_out 5.496e-08:   9%|▉         | 2278/25000 [02:16<23:08]
loss : 1.031e-02  mse_pde 1.147e-04  mse_ic 5.014e-03  mse_in 5.183e-03  mse_out 5.376e-08:   9%|▉         | 2278/25000 [02:16<23:08]
loss : 1.031e-02  mse_pde 1.147e-04  mse_ic 5.014e-03  mse_in 5.183e-03  mse_out 5.376e-08:   9%|▉         | 2278/25000 [02:16<23:08]
loss : 1.031e-02  mse_pde 1.147e-04  mse_ic 5.014e-03  mse_in 5.183e-03  mse_out 5.376e-08:   9%|▉         | 2280/25000 [02:16<22:57]
loss : 1.022e-02  mse_pde 2.371e-05  mse_ic 5.101e-03  mse_in 5.095e-03  mse_out 5.449e-08:   9%|▉         | 2280/25000 [02:16<22:57]
loss : 1.022e-02  mse_pde 2.371e-05  mse_ic 5.101e-03  mse_in 5.095e-03  mse_out 5.449e-08:   9%|▉         | 2280/25000 [02:16<22:57]
loss : 1.035e-02  mse_pde 1.590e-04  mse_ic 5.063e-03  mse_in 5.130e-03  mse_out 5.658e-08:   9%|▉         | 2280/25000 [02:16<22:57]
loss : 1.035e-02  mse_pde 1.590e-04  mse_ic 5.063e-03  mse_in 5.130e-03  mse_out 5.658e-08:   9%|▉         | 2280/25000 [02:16<22:57]
loss : 1.035e-02  mse_pde 1.590e-04  mse_ic 5.063e-03  mse_in 5.130e-03  mse_out 5.658e-08:   9%|▉         | 2282/25000 [02:16<23:07]
loss : 1.030e-02  mse_pde 1.041e-04  mse_ic 5.151e-03  mse_in 5.048e-03  mse_out 5.945e-08:   9%|▉         | 2282/25000 [02:16<23:07]
loss : 1.030e-02  mse_pde 1.041e-04  mse_ic 5.151e-03  mse_in 5.048e-03  mse_out 5.945e-08:   9%|▉         | 2282/25000 [02:16<23:07]
loss : 1.023e-02  mse_pde 2.790e-05  mse_ic 5.097e-03  mse_in 5.100e-03  mse_out 5.983e-08:   9%|▉         | 2282/25000 [02:16<23:07]
loss : 1.023e-02  mse_pde 2.790e-05  mse_ic 5.097e-03  mse_in 5.100e-03  mse_out 5.983e-08:   9%|▉         | 2282/25000 [02:16<23:07]
loss : 1.023e-02  mse_pde 2.790e-05  mse_ic 5.097e-03  mse_in 5.100e-03  mse_out 5.983e-08:   9%|▉         | 2284/25000 [02:16<22:55]
loss : 1.033e-02  mse_pde 1.388e-04  mse_ic 5.078e-03  mse_in 5.116e-03  mse_out 5.937e-08:   9%|▉         | 2284/25000 [02:17<22:55]
loss : 1.033e-02  mse_pde 1.388e-04  mse_ic 5.078e-03  mse_in 5.116e-03  mse_out 5.937e-08:   9%|▉         | 2284/25000 [02:17<22:55]
loss : 1.033e-02  mse_pde 1.268e-04  mse_ic 5.250e-03  mse_in 4.952e-03  mse_out 6.050e-08:   9%|▉         | 2284/25000 [02:17<22:55]
loss : 1.033e-02  mse_pde 1.268e-04  mse_ic 5.250e-03  mse_in 4.952e-03  mse_out 6.050e-08:   9%|▉         | 2284/25000 [02:17<22:55]
loss : 1.033e-02  mse_pde 1.268e-04  mse_ic 5.250e-03  mse_in 4.952e-03  mse_out 6.050e-08:   9%|▉         | 2286/25000 [02:17<23:08]
loss : 1.021e-02  mse_pde 1.920e-05  mse_ic 5.064e-03  mse_in 5.132e-03  mse_out 6.068e-08:   9%|▉         | 2286/25000 [02:17<23:08]
loss : 1.021e-02  mse_pde 1.920e-05  mse_ic 5.064e-03  mse_in 5.132e-03  mse_out 6.068e-08:   9%|▉         | 2286/25000 [02:17<23:08]
loss : 1.034e-02  mse_pde 1.446e-04  mse_ic 4.916e-03  mse_in 5.278e-03  mse_out 6.148e-08:   9%|▉         | 2286/25000 [02:17<23:08]
loss : 1.034e-02  mse_pde 1.446e-04  mse_ic 4.916e-03  mse_in 5.278e-03  mse_out 6.148e-08:   9%|▉         | 2286/25000 [02:17<23:08]
loss : 1.034e-02  mse_pde 1.446e-04  mse_ic 4.916e-03  mse_in 5.278e-03  mse_out 6.148e-08:   9%|▉         | 2288/25000 [02:17<23:06]
loss : 1.039e-02  mse_pde 1.930e-04  mse_ic 5.157e-03  mse_in 5.040e-03  mse_out 6.497e-08:   9%|▉         | 2288/25000 [02:17<23:06]
loss : 1.039e-02  mse_pde 1.930e-04  mse_ic 5.157e-03  mse_in 5.040e-03  mse_out 6.497e-08:   9%|▉         | 2288/25000 [02:17<23:06]
loss : 1.025e-02  mse_pde 5.441e-05  mse_ic 5.151e-03  mse_in 5.043e-03  mse_out 6.696e-08:   9%|▉         | 2288/25000 [02:17<23:06]
loss : 1.025e-02  mse_pde 5.441e-05  mse_ic 5.151e-03  mse_in 5.043e-03  mse_out 6.696e-08:   9%|▉         | 2288/25000 [02:17<23:06]
loss : 1.025e-02  mse_pde 5.441e-05  mse_ic 5.151e-03  mse_in 5.043e-03  mse_out 6.696e-08:   9%|▉         | 2290/25000 [02:17<22:57]
loss : 1.029e-02  mse_pde 9.735e-05  mse_ic 4.920e-03  mse_in 5.273e-03  mse_out 6.670e-08:   9%|▉         | 2290/25000 [02:17<22:57]
loss : 1.029e-02  mse_pde 9.735e-05  mse_ic 4.920e-03  mse_in 5.273e-03  mse_out 6.670e-08:   9%|▉         | 2290/25000 [02:17<22:57]
loss : 1.046e-02  mse_pde 2.627e-04  mse_ic 5.011e-03  mse_in 5.184e-03  mse_out 6.644e-08:   9%|▉         | 2290/25000 [02:17<22:57]
loss : 1.046e-02  mse_pde 2.627e-04  mse_ic 5.011e-03  mse_in 5.184e-03  mse_out 6.644e-08:   9%|▉         | 2290/25000 [02:17<22:57]
loss : 1.046e-02  mse_pde 2.627e-04  mse_ic 5.011e-03  mse_in 5.184e-03  mse_out 6.644e-08:   9%|▉         | 2292/25000 [02:17<22:58]
loss : 1.033e-02  mse_pde 1.392e-04  mse_ic 5.200e-03  mse_in 4.994e-03  mse_out 6.528e-08:   9%|▉         | 2292/25000 [02:17<22:58]
loss : 1.033e-02  mse_pde 1.392e-04  mse_ic 5.200e-03  mse_in 4.994e-03  mse_out 6.528e-08:   9%|▉         | 2292/25000 [02:17<22:58]
loss : 1.026e-02  mse_pde 6.313e-05  mse_ic 5.287e-03  mse_in 4.912e-03  mse_out 6.430e-08:   9%|▉         | 2292/25000 [02:17<22:58]
loss : 1.026e-02  mse_pde 6.313e-05  mse_ic 5.287e-03  mse_in 4.912e-03  mse_out 6.430e-08:   9%|▉         | 2292/25000 [02:17<22:58]
loss : 1.026e-02  mse_pde 6.313e-05  mse_ic 5.287e-03  mse_in 4.912e-03  mse_out 6.430e-08:   9%|▉         | 2294/25000 [02:17<23:10]
loss : 1.041e-02  mse_pde 2.165e-04  mse_ic 5.145e-03  mse_in 5.053e-03  mse_out 6.258e-08:   9%|▉         | 2294/25000 [02:17<23:10]
loss : 1.041e-02  mse_pde 2.165e-04  mse_ic 5.145e-03  mse_in 5.053e-03  mse_out 6.258e-08:   9%|▉         | 2294/25000 [02:17<23:10]
loss : 1.030e-02  mse_pde 1.080e-04  mse_ic 5.021e-03  mse_in 5.171e-03  mse_out 5.976e-08:   9%|▉         | 2294/25000 [02:17<23:10]
loss : 1.030e-02  mse_pde 1.080e-04  mse_ic 5.021e-03  mse_in 5.171e-03  mse_out 5.976e-08:   9%|▉         | 2294/25000 [02:17<23:10]
loss : 1.030e-02  mse_pde 1.080e-04  mse_ic 5.021e-03  mse_in 5.171e-03  mse_out 5.976e-08:   9%|▉         | 2296/25000 [02:17<23:02]
loss : 1.025e-02  mse_pde 5.465e-05  mse_ic 5.273e-03  mse_in 4.926e-03  mse_out 5.798e-08:   9%|▉         | 2296/25000 [02:17<23:02]
loss : 1.025e-02  mse_pde 5.465e-05  mse_ic 5.273e-03  mse_in 4.926e-03  mse_out 5.798e-08:   9%|▉         | 2296/25000 [02:17<23:02]
loss : 1.033e-02  mse_pde 1.264e-04  mse_ic 5.287e-03  mse_in 4.914e-03  mse_out 5.657e-08:   9%|▉         | 2296/25000 [02:17<23:02]
loss : 1.033e-02  mse_pde 1.264e-04  mse_ic 5.287e-03  mse_in 4.914e-03  mse_out 5.657e-08:   9%|▉         | 2296/25000 [02:17<23:02]
loss : 1.033e-02  mse_pde 1.264e-04  mse_ic 5.287e-03  mse_in 4.914e-03  mse_out 5.657e-08:   9%|▉         | 2298/25000 [02:17<23:01]
loss : 1.032e-02  mse_pde 1.240e-04  mse_ic 4.929e-03  mse_in 5.262e-03  mse_out 5.568e-08:   9%|▉         | 2298/25000 [02:17<23:01]
loss : 1.032e-02  mse_pde 1.240e-04  mse_ic 4.929e-03  mse_in 5.262e-03  mse_out 5.568e-08:   9%|▉         | 2298/25000 [02:17<23:01]
loss : 1.022e-02  mse_pde 2.440e-05  mse_ic 4.991e-03  mse_in 5.201e-03  mse_out 5.704e-08:   9%|▉         | 2298/25000 [02:17<23:01]
loss : 1.022e-02  mse_pde 2.440e-05  mse_ic 4.991e-03  mse_in 5.201e-03  mse_out 5.704e-08:   9%|▉         | 2298/25000 [02:17<23:01]
loss : 1.022e-02  mse_pde 2.440e-05  mse_ic 4.991e-03  mse_in 5.201e-03  mse_out 5.704e-08:   9%|▉         | 2300/25000 [02:17<22:57]
loss : 1.029e-02  mse_pde 9.554e-05  mse_ic 5.149e-03  mse_in 5.043e-03  mse_out 5.691e-08:   9%|▉         | 2300/25000 [02:17<22:57]
loss : 1.029e-02  mse_pde 9.554e-05  mse_ic 5.149e-03  mse_in 5.043e-03  mse_out 5.691e-08:   9%|▉         | 2300/25000 [02:17<22:57]
loss : 1.030e-02  mse_pde 1.141e-04  mse_ic 4.986e-03  mse_in 5.201e-03  mse_out 5.502e-08:   9%|▉         | 2300/25000 [02:18<22:57]
loss : 1.030e-02  mse_pde 1.141e-04  mse_ic 4.986e-03  mse_in 5.201e-03  mse_out 5.502e-08:   9%|▉         | 2300/25000 [02:18<22:57]
loss : 1.030e-02  mse_pde 1.141e-04  mse_ic 4.986e-03  mse_in 5.201e-03  mse_out 5.502e-08:   9%|▉         | 2302/25000 [02:18<23:15]
loss : 1.028e-02  mse_pde 8.965e-05  mse_ic 4.987e-03  mse_in 5.202e-03  mse_out 5.625e-08:   9%|▉         | 2302/25000 [02:18<23:15]
loss : 1.028e-02  mse_pde 8.965e-05  mse_ic 4.987e-03  mse_in 5.202e-03  mse_out 5.625e-08:   9%|▉         | 2302/25000 [02:18<23:15]
loss : 1.022e-02  mse_pde 2.836e-05  mse_ic 4.993e-03  mse_in 5.194e-03  mse_out 6.246e-08:   9%|▉         | 2302/25000 [02:18<23:15]
loss : 1.022e-02  mse_pde 2.836e-05  mse_ic 4.993e-03  mse_in 5.194e-03  mse_out 6.246e-08:   9%|▉         | 2302/25000 [02:18<23:15]
loss : 1.022e-02  mse_pde 2.836e-05  mse_ic 4.993e-03  mse_in 5.194e-03  mse_out 6.246e-08:   9%|▉         | 2304/25000 [02:18<23:09]
loss : 1.026e-02  mse_pde 7.844e-05  mse_ic 5.033e-03  mse_in 5.153e-03  mse_out 6.558e-08:   9%|▉         | 2304/25000 [02:18<23:09]
loss : 1.026e-02  mse_pde 7.844e-05  mse_ic 5.033e-03  mse_in 5.153e-03  mse_out 6.558e-08:   9%|▉         | 2304/25000 [02:18<23:09]
loss : 1.030e-02  mse_pde 1.102e-04  mse_ic 5.045e-03  mse_in 5.143e-03  mse_out 6.212e-08:   9%|▉         | 2304/25000 [02:18<23:09]
loss : 1.030e-02  mse_pde 1.102e-04  mse_ic 5.045e-03  mse_in 5.143e-03  mse_out 6.212e-08:   9%|▉         | 2304/25000 [02:18<23:09]
loss : 1.030e-02  mse_pde 1.102e-04  mse_ic 5.045e-03  mse_in 5.143e-03  mse_out 6.212e-08:   9%|▉         | 2306/25000 [02:18<22:51]
loss : 1.030e-02  mse_pde 1.099e-04  mse_ic 4.827e-03  mse_in 5.363e-03  mse_out 5.950e-08:   9%|▉         | 2306/25000 [02:18<22:51]
loss : 1.030e-02  mse_pde 1.099e-04  mse_ic 4.827e-03  mse_in 5.363e-03  mse_out 5.950e-08:   9%|▉         | 2306/25000 [02:18<22:51]
loss : 1.024e-02  mse_pde 5.196e-05  mse_ic 4.979e-03  mse_in 5.209e-03  mse_out 6.442e-08:   9%|▉         | 2306/25000 [02:18<22:51]
loss : 1.024e-02  mse_pde 5.196e-05  mse_ic 4.979e-03  mse_in 5.209e-03  mse_out 6.442e-08:   9%|▉         | 2306/25000 [02:18<22:51]
loss : 1.024e-02  mse_pde 5.196e-05  mse_ic 4.979e-03  mse_in 5.209e-03  mse_out 6.442e-08:   9%|▉         | 2308/25000 [02:18<22:54]
loss : 1.023e-02  mse_pde 4.516e-05  mse_ic 5.071e-03  mse_in 5.116e-03  mse_out 6.721e-08:   9%|▉         | 2308/25000 [02:18<22:54]
loss : 1.023e-02  mse_pde 4.516e-05  mse_ic 5.071e-03  mse_in 5.116e-03  mse_out 6.721e-08:   9%|▉         | 2308/25000 [02:18<22:54]
loss : 1.022e-02  mse_pde 3.172e-05  mse_ic 4.987e-03  mse_in 5.199e-03  mse_out 6.107e-08:   9%|▉         | 2308/25000 [02:18<22:54]
loss : 1.022e-02  mse_pde 3.172e-05  mse_ic 4.987e-03  mse_in 5.199e-03  mse_out 6.107e-08:   9%|▉         | 2308/25000 [02:18<22:54]
loss : 1.022e-02  mse_pde 3.172e-05  mse_ic 4.987e-03  mse_in 5.199e-03  mse_out 6.107e-08:   9%|▉         | 2310/25000 [02:18<22:56]
loss : 1.028e-02  mse_pde 8.990e-05  mse_ic 4.968e-03  mse_in 5.220e-03  mse_out 5.420e-08:   9%|▉         | 2310/25000 [02:18<22:56]
loss : 1.028e-02  mse_pde 8.990e-05  mse_ic 4.968e-03  mse_in 5.220e-03  mse_out 5.420e-08:   9%|▉         | 2310/25000 [02:18<22:56]
loss : 1.032e-02  mse_pde 1.410e-04  mse_ic 5.024e-03  mse_in 5.160e-03  mse_out 5.385e-08:   9%|▉         | 2310/25000 [02:18<22:56]
loss : 1.032e-02  mse_pde 1.410e-04  mse_ic 5.024e-03  mse_in 5.160e-03  mse_out 5.385e-08:   9%|▉         | 2310/25000 [02:18<22:56]
loss : 1.032e-02  mse_pde 1.410e-04  mse_ic 5.024e-03  mse_in 5.160e-03  mse_out 5.385e-08:   9%|▉         | 2312/25000 [02:18<23:01]
loss : 1.038e-02  mse_pde 1.772e-04  mse_ic 5.363e-03  mse_in 4.836e-03  mse_out 5.929e-08:   9%|▉         | 2312/25000 [02:18<23:01]
loss : 1.038e-02  mse_pde 1.772e-04  mse_ic 5.363e-03  mse_in 4.836e-03  mse_out 5.929e-08:   9%|▉         | 2312/25000 [02:18<23:01]
loss : 1.026e-02  mse_pde 7.835e-05  mse_ic 5.093e-03  mse_in 5.093e-03  mse_out 6.068e-08:   9%|▉         | 2312/25000 [02:18<23:01]
loss : 1.026e-02  mse_pde 7.835e-05  mse_ic 5.093e-03  mse_in 5.093e-03  mse_out 6.068e-08:   9%|▉         | 2312/25000 [02:18<23:01]
loss : 1.026e-02  mse_pde 7.835e-05  mse_ic 5.093e-03  mse_in 5.093e-03  mse_out 6.068e-08:   9%|▉         | 2314/25000 [02:18<22:59]
loss : 1.022e-02  mse_pde 3.760e-05  mse_ic 5.051e-03  mse_in 5.135e-03  mse_out 5.766e-08:   9%|▉         | 2314/25000 [02:18<22:59]
loss : 1.022e-02  mse_pde 3.760e-05  mse_ic 5.051e-03  mse_in 5.135e-03  mse_out 5.766e-08:   9%|▉         | 2314/25000 [02:18<22:59]
loss : 1.025e-02  mse_pde 6.560e-05  mse_ic 5.174e-03  mse_in 5.014e-03  mse_out 5.388e-08:   9%|▉         | 2314/25000 [02:18<22:59]
loss : 1.025e-02  mse_pde 6.560e-05  mse_ic 5.174e-03  mse_in 5.014e-03  mse_out 5.388e-08:   9%|▉         | 2314/25000 [02:18<22:59]
loss : 1.025e-02  mse_pde 6.560e-05  mse_ic 5.174e-03  mse_in 5.014e-03  mse_out 5.388e-08:   9%|▉         | 2316/25000 [02:18<22:46]
loss : 1.037e-02  mse_pde 1.860e-04  mse_ic 5.084e-03  mse_in 5.098e-03  mse_out 5.193e-08:   9%|▉         | 2316/25000 [02:18<22:46]
loss : 1.037e-02  mse_pde 1.860e-04  mse_ic 5.084e-03  mse_in 5.098e-03  mse_out 5.193e-08:   9%|▉         | 2316/25000 [02:18<22:46]
loss : 1.040e-02  mse_pde 2.161e-04  mse_ic 5.119e-03  mse_in 5.068e-03  mse_out 5.373e-08:   9%|▉         | 2316/25000 [02:19<22:46]
loss : 1.040e-02  mse_pde 2.161e-04  mse_ic 5.119e-03  mse_in 5.068e-03  mse_out 5.373e-08:   9%|▉         | 2316/25000 [02:19<22:46]
loss : 1.040e-02  mse_pde 2.161e-04  mse_ic 5.119e-03  mse_in 5.068e-03  mse_out 5.373e-08:   9%|▉         | 2318/25000 [02:19<22:55]
loss : 1.035e-02  mse_pde 1.656e-04  mse_ic 5.023e-03  mse_in 5.160e-03  mse_out 5.698e-08:   9%|▉         | 2318/25000 [02:19<22:55]
loss : 1.035e-02  mse_pde 1.656e-04  mse_ic 5.023e-03  mse_in 5.160e-03  mse_out 5.698e-08:   9%|▉         | 2318/25000 [02:19<22:55]
loss : 1.024e-02  mse_pde 4.980e-05  mse_ic 5.326e-03  mse_in 4.868e-03  mse_out 6.046e-08:   9%|▉         | 2318/25000 [02:19<22:55]
loss : 1.024e-02  mse_pde 4.980e-05  mse_ic 5.326e-03  mse_in 4.868e-03  mse_out 6.046e-08:   9%|▉         | 2318/25000 [02:19<22:55]
loss : 1.024e-02  mse_pde 4.980e-05  mse_ic 5.326e-03  mse_in 4.868e-03  mse_out 6.046e-08:   9%|▉         | 2320/25000 [02:19<23:10]
loss : 1.022e-02  mse_pde 3.381e-05  mse_ic 5.247e-03  mse_in 4.943e-03  mse_out 5.885e-08:   9%|▉         | 2320/25000 [02:19<23:10]
loss : 1.022e-02  mse_pde 3.381e-05  mse_ic 5.247e-03  mse_in 4.943e-03  mse_out 5.885e-08:   9%|▉         | 2320/25000 [02:19<23:10]
loss : 1.034e-02  mse_pde 1.523e-04  mse_ic 4.942e-03  mse_in 5.242e-03  mse_out 5.484e-08:   9%|▉         | 2320/25000 [02:19<23:10]
loss : 1.034e-02  mse_pde 1.523e-04  mse_ic 4.942e-03  mse_in 5.242e-03  mse_out 5.484e-08:   9%|▉         | 2320/25000 [02:19<23:10]
loss : 1.034e-02  mse_pde 1.523e-04  mse_ic 4.942e-03  mse_in 5.242e-03  mse_out 5.484e-08:   9%|▉         | 2322/25000 [02:19<22:49]
loss : 1.043e-02  mse_pde 2.415e-04  mse_ic 5.054e-03  mse_in 5.133e-03  mse_out 5.536e-08:   9%|▉         | 2322/25000 [02:19<22:49]
loss : 1.043e-02  mse_pde 2.415e-04  mse_ic 5.054e-03  mse_in 5.133e-03  mse_out 5.536e-08:   9%|▉         | 2322/25000 [02:19<22:49]
loss : 1.037e-02  mse_pde 1.851e-04  mse_ic 5.160e-03  mse_in 5.023e-03  mse_out 5.914e-08:   9%|▉         | 2322/25000 [02:19<22:49]
loss : 1.037e-02  mse_pde 1.851e-04  mse_ic 5.160e-03  mse_in 5.023e-03  mse_out 5.914e-08:   9%|▉         | 2322/25000 [02:19<22:49]
loss : 1.037e-02  mse_pde 1.851e-04  mse_ic 5.160e-03  mse_in 5.023e-03  mse_out 5.914e-08:   9%|▉         | 2324/25000 [02:19<23:04]
loss : 1.023e-02  mse_pde 3.533e-05  mse_ic 5.288e-03  mse_in 4.903e-03  mse_out 6.375e-08:   9%|▉         | 2324/25000 [02:19<23:04]
loss : 1.023e-02  mse_pde 3.533e-05  mse_ic 5.288e-03  mse_in 4.903e-03  mse_out 6.375e-08:   9%|▉         | 2324/25000 [02:19<23:04]
loss : 1.032e-02  mse_pde 1.353e-04  mse_ic 5.103e-03  mse_in 5.083e-03  mse_out 6.428e-08:   9%|▉         | 2324/25000 [02:19<23:04]
loss : 1.032e-02  mse_pde 1.353e-04  mse_ic 5.103e-03  mse_in 5.083e-03  mse_out 6.428e-08:   9%|▉         | 2324/25000 [02:19<23:04]
loss : 1.032e-02  mse_pde 1.353e-04  mse_ic 5.103e-03  mse_in 5.083e-03  mse_out 6.428e-08:   9%|▉         | 2326/25000 [02:19<22:58]
loss : 1.041e-02  mse_pde 2.280e-04  mse_ic 4.988e-03  mse_in 5.194e-03  mse_out 6.186e-08:   9%|▉         | 2326/25000 [02:19<22:58]
loss : 1.041e-02  mse_pde 2.280e-04  mse_ic 4.988e-03  mse_in 5.194e-03  mse_out 6.186e-08:   9%|▉         | 2326/25000 [02:19<22:58]
loss : 1.038e-02  mse_pde 1.870e-04  mse_ic 5.365e-03  mse_in 4.831e-03  mse_out 6.048e-08:   9%|▉         | 2326/25000 [02:19<22:58]
loss : 1.038e-02  mse_pde 1.870e-04  mse_ic 5.365e-03  mse_in 4.831e-03  mse_out 6.048e-08:   9%|▉         | 2326/25000 [02:19<22:58]
loss : 1.038e-02  mse_pde 1.870e-04  mse_ic 5.365e-03  mse_in 4.831e-03  mse_out 6.048e-08:   9%|▉         | 2328/25000 [02:19<22:47]
loss : 1.022e-02  mse_pde 3.154e-05  mse_ic 5.157e-03  mse_in 5.028e-03  mse_out 5.940e-08:   9%|▉         | 2328/25000 [02:19<22:47]
loss : 1.022e-02  mse_pde 3.154e-05  mse_ic 5.157e-03  mse_in 5.028e-03  mse_out 5.940e-08:   9%|▉         | 2328/25000 [02:19<22:47]
loss : 1.040e-02  mse_pde 2.133e-04  mse_ic 4.818e-03  mse_in 5.368e-03  mse_out 6.225e-08:   9%|▉         | 2328/25000 [02:19<22:47]
loss : 1.040e-02  mse_pde 2.133e-04  mse_ic 4.818e-03  mse_in 5.368e-03  mse_out 6.225e-08:   9%|▉         | 2328/25000 [02:19<22:47]
loss : 1.040e-02  mse_pde 2.133e-04  mse_ic 4.818e-03  mse_in 5.368e-03  mse_out 6.225e-08:   9%|▉         | 2330/25000 [02:19<22:45]
loss : 1.055e-02  mse_pde 3.599e-04  mse_ic 4.995e-03  mse_in 5.192e-03  mse_out 6.793e-08:   9%|▉         | 2330/25000 [02:19<22:45]
loss : 1.055e-02  mse_pde 3.599e-04  mse_ic 4.995e-03  mse_in 5.192e-03  mse_out 6.793e-08:   9%|▉         | 2330/25000 [02:19<22:45]
loss : 1.038e-02  mse_pde 1.943e-04  mse_ic 5.256e-03  mse_in 4.930e-03  mse_out 6.681e-08:   9%|▉         | 2330/25000 [02:19<22:45]
loss : 1.038e-02  mse_pde 1.943e-04  mse_ic 5.256e-03  mse_in 4.930e-03  mse_out 6.681e-08:   9%|▉         | 2330/25000 [02:19<22:45]
loss : 1.038e-02  mse_pde 1.943e-04  mse_ic 5.256e-03  mse_in 4.930e-03  mse_out 6.681e-08:   9%|▉         | 2332/25000 [02:19<22:47]
loss : 1.030e-02  mse_pde 1.038e-04  mse_ic 5.403e-03  mse_in 4.793e-03  mse_out 6.024e-08:   9%|▉         | 2332/25000 [02:19<22:47]
loss : 1.030e-02  mse_pde 1.038e-04  mse_ic 5.403e-03  mse_in 4.793e-03  mse_out 6.024e-08:   9%|▉         | 2332/25000 [02:19<22:47]
loss : 1.046e-02  mse_pde 2.714e-04  mse_ic 5.284e-03  mse_in 4.909e-03  mse_out 5.686e-08:   9%|▉         | 2332/25000 [02:19<22:47]
loss : 1.046e-02  mse_pde 2.714e-04  mse_ic 5.284e-03  mse_in 4.909e-03  mse_out 5.686e-08:   9%|▉         | 2332/25000 [02:19<22:47]
loss : 1.046e-02  mse_pde 2.714e-04  mse_ic 5.284e-03  mse_in 4.909e-03  mse_out 5.686e-08:   9%|▉         | 2334/25000 [02:20<22:59]
loss : 1.031e-02  mse_pde 1.242e-04  mse_ic 5.033e-03  mse_in 5.150e-03  mse_out 5.862e-08:   9%|▉         | 2334/25000 [02:20<22:59]
loss : 1.031e-02  mse_pde 1.242e-04  mse_ic 5.033e-03  mse_in 5.150e-03  mse_out 5.862e-08:   9%|▉         | 2334/25000 [02:20<22:59]
loss : 1.028e-02  mse_pde 9.567e-05  mse_ic 5.196e-03  mse_in 4.990e-03  mse_out 6.196e-08:   9%|▉         | 2334/25000 [02:20<22:59]
loss : 1.028e-02  mse_pde 9.567e-05  mse_ic 5.196e-03  mse_in 4.990e-03  mse_out 6.196e-08:   9%|▉         | 2334/25000 [02:20<22:59]
loss : 1.028e-02  mse_pde 9.567e-05  mse_ic 5.196e-03  mse_in 4.990e-03  mse_out 6.196e-08:   9%|▉         | 2336/25000 [02:20<22:50]
loss : 1.040e-02  mse_pde 2.047e-04  mse_ic 5.380e-03  mse_in 4.817e-03  mse_out 6.041e-08:   9%|▉         | 2336/25000 [02:20<22:50]
loss : 1.040e-02  mse_pde 2.047e-04  mse_ic 5.380e-03  mse_in 4.817e-03  mse_out 6.041e-08:   9%|▉         | 2336/25000 [02:20<22:50]
loss : 1.027e-02  mse_pde 8.375e-05  mse_ic 5.047e-03  mse_in 5.136e-03  mse_out 5.557e-08:   9%|▉         | 2336/25000 [02:20<22:50]
loss : 1.027e-02  mse_pde 8.375e-05  mse_ic 5.047e-03  mse_in 5.136e-03  mse_out 5.557e-08:   9%|▉         | 2336/25000 [02:20<22:50]
loss : 1.027e-02  mse_pde 8.375e-05  mse_ic 5.047e-03  mse_in 5.136e-03  mse_out 5.557e-08:   9%|▉         | 2338/25000 [02:20<21:41]
loss : 1.032e-02  mse_pde 1.313e-04  mse_ic 4.815e-03  mse_in 5.373e-03  mse_out 5.519e-08:   9%|▉         | 2338/25000 [02:20<21:41]
loss : 1.032e-02  mse_pde 1.313e-04  mse_ic 4.815e-03  mse_in 5.373e-03  mse_out 5.519e-08:   9%|▉         | 2338/25000 [02:20<21:41]
loss : 1.036e-02  mse_pde 1.733e-04  mse_ic 4.932e-03  mse_in 5.253e-03  mse_out 6.004e-08:   9%|▉         | 2338/25000 [02:20<21:41]
loss : 1.036e-02  mse_pde 1.733e-04  mse_ic 4.932e-03  mse_in 5.253e-03  mse_out 6.004e-08:   9%|▉         | 2338/25000 [02:20<21:41]
loss : 1.036e-02  mse_pde 1.733e-04  mse_ic 4.932e-03  mse_in 5.253e-03  mse_out 6.004e-08:   9%|▉         | 2340/25000 [02:20<22:12]
loss : 1.041e-02  mse_pde 2.314e-04  mse_ic 5.078e-03  mse_in 5.101e-03  mse_out 6.361e-08:   9%|▉         | 2340/25000 [02:20<22:12]
loss : 1.041e-02  mse_pde 2.314e-04  mse_ic 5.078e-03  mse_in 5.101e-03  mse_out 6.361e-08:   9%|▉         | 2340/25000 [02:20<22:12]
loss : 1.027e-02  mse_pde 8.679e-05  mse_ic 5.240e-03  mse_in 4.945e-03  mse_out 6.123e-08:   9%|▉         | 2340/25000 [02:20<22:12]
loss : 1.027e-02  mse_pde 8.679e-05  mse_ic 5.240e-03  mse_in 4.945e-03  mse_out 6.123e-08:   9%|▉         | 2340/25000 [02:20<22:12]
loss : 1.027e-02  mse_pde 8.679e-05  mse_ic 5.240e-03  mse_in 4.945e-03  mse_out 6.123e-08:   9%|▉         | 2342/25000 [02:20<22:24]
loss : 1.030e-02  mse_pde 1.227e-04  mse_ic 5.031e-03  mse_in 5.150e-03  mse_out 5.561e-08:   9%|▉         | 2342/25000 [02:20<22:24]
loss : 1.030e-02  mse_pde 1.227e-04  mse_ic 5.031e-03  mse_in 5.150e-03  mse_out 5.561e-08:   9%|▉         | 2342/25000 [02:20<22:24]
loss : 1.044e-02  mse_pde 2.595e-04  mse_ic 4.809e-03  mse_in 5.374e-03  mse_out 5.404e-08:   9%|▉         | 2342/25000 [02:20<22:24]
loss : 1.044e-02  mse_pde 2.595e-04  mse_ic 4.809e-03  mse_in 5.374e-03  mse_out 5.404e-08:   9%|▉         | 2342/25000 [02:20<22:24]
loss : 1.044e-02  mse_pde 2.595e-04  mse_ic 4.809e-03  mse_in 5.374e-03  mse_out 5.404e-08:   9%|▉         | 2344/25000 [02:20<22:42]
loss : 1.032e-02  mse_pde 1.408e-04  mse_ic 5.146e-03  mse_in 5.037e-03  mse_out 5.972e-08:   9%|▉         | 2344/25000 [02:20<22:42]
loss : 1.032e-02  mse_pde 1.408e-04  mse_ic 5.146e-03  mse_in 5.037e-03  mse_out 5.972e-08:   9%|▉         | 2344/25000 [02:20<22:42]
loss : 1.031e-02  mse_pde 1.266e-04  mse_ic 5.203e-03  mse_in 4.980e-03  mse_out 6.644e-08:   9%|▉         | 2344/25000 [02:20<22:42]
loss : 1.031e-02  mse_pde 1.266e-04  mse_ic 5.203e-03  mse_in 4.980e-03  mse_out 6.644e-08:   9%|▉         | 2344/25000 [02:20<22:42]
loss : 1.031e-02  mse_pde 1.266e-04  mse_ic 5.203e-03  mse_in 4.980e-03  mse_out 6.644e-08:   9%|▉         | 2346/25000 [02:20<22:47]
loss : 1.031e-02  mse_pde 1.335e-04  mse_ic 4.964e-03  mse_in 5.217e-03  mse_out 6.788e-08:   9%|▉         | 2346/25000 [02:20<22:47]
loss : 1.031e-02  mse_pde 1.335e-04  mse_ic 4.964e-03  mse_in 5.217e-03  mse_out 6.788e-08:   9%|▉         | 2346/25000 [02:20<22:47]
loss : 1.046e-02  mse_pde 2.707e-04  mse_ic 4.872e-03  mse_in 5.315e-03  mse_out 6.485e-08:   9%|▉         | 2346/25000 [02:20<22:47]
loss : 1.046e-02  mse_pde 2.707e-04  mse_ic 4.872e-03  mse_in 5.315e-03  mse_out 6.485e-08:   9%|▉         | 2346/25000 [02:20<22:47]
loss : 1.046e-02  mse_pde 2.707e-04  mse_ic 4.872e-03  mse_in 5.315e-03  mse_out 6.485e-08:   9%|▉         | 2348/25000 [02:20<22:57]
loss : 1.038e-02  mse_pde 1.944e-04  mse_ic 4.944e-03  mse_in 5.238e-03  mse_out 6.110e-08:   9%|▉         | 2348/25000 [02:20<22:57]
loss : 1.038e-02  mse_pde 1.944e-04  mse_ic 4.944e-03  mse_in 5.238e-03  mse_out 6.110e-08:   9%|▉         | 2348/25000 [02:20<22:57]
loss : 1.026e-02  mse_pde 6.847e-05  mse_ic 5.393e-03  mse_in 4.803e-03  mse_out 6.075e-08:   9%|▉         | 2348/25000 [02:20<22:57]
loss : 1.026e-02  mse_pde 6.847e-05  mse_ic 5.393e-03  mse_in 4.803e-03  mse_out 6.075e-08:   9%|▉         | 2348/25000 [02:20<22:57]
loss : 1.026e-02  mse_pde 6.847e-05  mse_ic 5.393e-03  mse_in 4.803e-03  mse_out 6.075e-08:   9%|▉         | 2350/25000 [02:20<22:58]
loss : 1.034e-02  mse_pde 1.353e-04  mse_ic 5.448e-03  mse_in 4.754e-03  mse_out 6.088e-08:   9%|▉         | 2350/25000 [02:21<22:58]
loss : 1.034e-02  mse_pde 1.353e-04  mse_ic 5.448e-03  mse_in 4.754e-03  mse_out 6.088e-08:   9%|▉         | 2350/25000 [02:21<22:58]
loss : 1.033e-02  mse_pde 1.437e-04  mse_ic 5.013e-03  mse_in 5.169e-03  mse_out 5.894e-08:   9%|▉         | 2350/25000 [02:21<22:58]
loss : 1.033e-02  mse_pde 1.437e-04  mse_ic 5.013e-03  mse_in 5.169e-03  mse_out 5.894e-08:   9%|▉         | 2350/25000 [02:21<22:58]
loss : 1.033e-02  mse_pde 1.437e-04  mse_ic 5.013e-03  mse_in 5.169e-03  mse_out 5.894e-08:   9%|▉         | 2352/25000 [02:21<23:05]
loss : 1.029e-02  mse_pde 9.853e-05  mse_ic 4.894e-03  mse_in 5.293e-03  mse_out 5.688e-08:   9%|▉         | 2352/25000 [02:21<23:05]
loss : 1.029e-02  mse_pde 9.853e-05  mse_ic 4.894e-03  mse_in 5.293e-03  mse_out 5.688e-08:   9%|▉         | 2352/25000 [02:21<23:05]
loss : 1.023e-02  mse_pde 4.671e-05  mse_ic 4.994e-03  mse_in 5.189e-03  mse_out 5.627e-08:   9%|▉         | 2352/25000 [02:21<23:05]
loss : 1.023e-02  mse_pde 4.671e-05  mse_ic 4.994e-03  mse_in 5.189e-03  mse_out 5.627e-08:   9%|▉         | 2352/25000 [02:21<23:05]
loss : 1.023e-02  mse_pde 4.671e-05  mse_ic 4.994e-03  mse_in 5.189e-03  mse_out 5.627e-08:   9%|▉         | 2354/25000 [02:21<23:01]
loss : 1.032e-02  mse_pde 1.365e-04  mse_ic 5.156e-03  mse_in 5.026e-03  mse_out 5.838e-08:   9%|▉         | 2354/25000 [02:21<23:01]
loss : 1.032e-02  mse_pde 1.365e-04  mse_ic 5.156e-03  mse_in 5.026e-03  mse_out 5.838e-08:   9%|▉         | 2354/25000 [02:21<23:01]
loss : 1.032e-02  mse_pde 1.291e-04  mse_ic 5.275e-03  mse_in 4.913e-03  mse_out 6.309e-08:   9%|▉         | 2354/25000 [02:21<23:01]
loss : 1.032e-02  mse_pde 1.291e-04  mse_ic 5.275e-03  mse_in 4.913e-03  mse_out 6.309e-08:   9%|▉         | 2354/25000 [02:21<23:01]
loss : 1.032e-02  mse_pde 1.291e-04  mse_ic 5.275e-03  mse_in 4.913e-03  mse_out 6.309e-08:   9%|▉         | 2356/25000 [02:21<23:06]
loss : 1.021e-02  mse_pde 3.439e-05  mse_ic 4.957e-03  mse_in 5.223e-03  mse_out 6.608e-08:   9%|▉         | 2356/25000 [02:21<23:06]
loss : 1.021e-02  mse_pde 3.439e-05  mse_ic 4.957e-03  mse_in 5.223e-03  mse_out 6.608e-08:   9%|▉         | 2356/25000 [02:21<23:06]
loss : 1.029e-02  mse_pde 9.838e-05  mse_ic 4.718e-03  mse_in 5.471e-03  mse_out 6.558e-08:   9%|▉         | 2356/25000 [02:21<23:06]
loss : 1.029e-02  mse_pde 9.838e-05  mse_ic 4.718e-03  mse_in 5.471e-03  mse_out 6.558e-08:   9%|▉         | 2356/25000 [02:21<23:06]
loss : 1.029e-02  mse_pde 9.838e-05  mse_ic 4.718e-03  mse_in 5.471e-03  mse_out 6.558e-08:   9%|▉         | 2358/25000 [02:21<22:43]
loss : 1.036e-02  mse_pde 1.765e-04  mse_ic 4.840e-03  mse_in 5.344e-03  mse_out 6.183e-08:   9%|▉         | 2358/25000 [02:21<22:43]
loss : 1.036e-02  mse_pde 1.765e-04  mse_ic 4.840e-03  mse_in 5.344e-03  mse_out 6.183e-08:   9%|▉         | 2358/25000 [02:21<22:43]
loss : 1.047e-02  mse_pde 2.942e-04  mse_ic 4.977e-03  mse_in 5.198e-03  mse_out 5.606e-08:   9%|▉         | 2358/25000 [02:21<22:43]
loss : 1.047e-02  mse_pde 2.942e-04  mse_ic 4.977e-03  mse_in 5.198e-03  mse_out 5.606e-08:   9%|▉         | 2358/25000 [02:21<22:43]
loss : 1.047e-02  mse_pde 2.942e-04  mse_ic 4.977e-03  mse_in 5.198e-03  mse_out 5.606e-08:   9%|▉         | 2360/25000 [02:21<22:51]
loss : 1.043e-02  mse_pde 2.373e-04  mse_ic 5.328e-03  mse_in 4.861e-03  mse_out 5.335e-08:   9%|▉         | 2360/25000 [02:21<22:51]
loss : 1.043e-02  mse_pde 2.373e-04  mse_ic 5.328e-03  mse_in 4.861e-03  mse_out 5.335e-08:   9%|▉         | 2360/25000 [02:21<22:51]
loss : 1.023e-02  mse_pde 5.020e-05  mse_ic 5.075e-03  mse_in 5.105e-03  mse_out 5.340e-08:   9%|▉         | 2360/25000 [02:21<22:51]
loss : 1.023e-02  mse_pde 5.020e-05  mse_ic 5.075e-03  mse_in 5.105e-03  mse_out 5.340e-08:   9%|▉         | 2360/25000 [02:21<22:51]
loss : 1.023e-02  mse_pde 5.020e-05  mse_ic 5.075e-03  mse_in 5.105e-03  mse_out 5.340e-08:   9%|▉         | 2362/25000 [02:21<22:54]
loss : 1.041e-02  mse_pde 2.282e-04  mse_ic 4.815e-03  mse_in 5.369e-03  mse_out 5.747e-08:   9%|▉         | 2362/25000 [02:21<22:54]
loss : 1.041e-02  mse_pde 2.282e-04  mse_ic 4.815e-03  mse_in 5.369e-03  mse_out 5.747e-08:   9%|▉         | 2362/25000 [02:21<22:54]
loss : 1.056e-02  mse_pde 3.788e-04  mse_ic 5.022e-03  mse_in 5.164e-03  mse_out 6.344e-08:   9%|▉         | 2362/25000 [02:21<22:54]
loss : 1.056e-02  mse_pde 3.788e-04  mse_ic 5.022e-03  mse_in 5.164e-03  mse_out 6.344e-08:   9%|▉         | 2362/25000 [02:21<22:54]
loss : 1.056e-02  mse_pde 3.788e-04  mse_ic 5.022e-03  mse_in 5.164e-03  mse_out 6.344e-08:   9%|▉         | 2364/25000 [02:21<23:03]
loss : 1.040e-02  mse_pde 2.127e-04  mse_ic 5.269e-03  mse_in 4.919e-03  mse_out 6.476e-08:   9%|▉         | 2364/25000 [02:21<23:03]
loss : 1.040e-02  mse_pde 2.127e-04  mse_ic 5.269e-03  mse_in 4.919e-03  mse_out 6.476e-08:   9%|▉         | 2364/25000 [02:21<23:03]
loss : 1.033e-02  mse_pde 1.221e-04  mse_ic 5.490e-03  mse_in 4.715e-03  mse_out 6.173e-08:   9%|▉         | 2364/25000 [02:21<23:03]
loss : 1.033e-02  mse_pde 1.221e-04  mse_ic 5.490e-03  mse_in 4.715e-03  mse_out 6.173e-08:   9%|▉         | 2364/25000 [02:21<23:03]
loss : 1.033e-02  mse_pde 1.221e-04  mse_ic 5.490e-03  mse_in 4.715e-03  mse_out 6.173e-08:   9%|▉         | 2366/25000 [02:21<22:54]
loss : 1.044e-02  mse_pde 2.358e-04  mse_ic 5.475e-03  mse_in 4.734e-03  mse_out 5.907e-08:   9%|▉         | 2366/25000 [02:21<22:54]
loss : 1.044e-02  mse_pde 2.358e-04  mse_ic 5.475e-03  mse_in 4.734e-03  mse_out 5.907e-08:   9%|▉         | 2366/25000 [02:21<22:54]
loss : 1.032e-02  mse_pde 1.319e-04  mse_ic 5.215e-03  mse_in 4.975e-03  mse_out 6.010e-08:   9%|▉         | 2366/25000 [02:22<22:54]
loss : 1.032e-02  mse_pde 1.319e-04  mse_ic 5.215e-03  mse_in 4.975e-03  mse_out 6.010e-08:   9%|▉         | 2366/25000 [02:22<22:54]
loss : 1.032e-02  mse_pde 1.319e-04  mse_ic 5.215e-03  mse_in 4.975e-03  mse_out 6.010e-08:   9%|▉         | 2368/25000 [02:22<22:44]
loss : 1.034e-02  mse_pde 1.528e-04  mse_ic 5.230e-03  mse_in 4.959e-03  mse_out 6.463e-08:   9%|▉         | 2368/25000 [02:22<22:44]
loss : 1.034e-02  mse_pde 1.528e-04  mse_ic 5.230e-03  mse_in 4.959e-03  mse_out 6.463e-08:   9%|▉         | 2368/25000 [02:22<22:44]
loss : 1.046e-02  mse_pde 2.452e-04  mse_ic 5.540e-03  mse_in 4.672e-03  mse_out 6.725e-08:   9%|▉         | 2368/25000 [02:22<22:44]
loss : 1.046e-02  mse_pde 2.452e-04  mse_ic 5.540e-03  mse_in 4.672e-03  mse_out 6.725e-08:   9%|▉         | 2368/25000 [02:22<22:44]
loss : 1.046e-02  mse_pde 2.452e-04  mse_ic 5.540e-03  mse_in 4.672e-03  mse_out 6.725e-08:   9%|▉         | 2370/25000 [02:22<22:42]
loss : 1.027e-02  mse_pde 6.992e-05  mse_ic 5.364e-03  mse_in 4.832e-03  mse_out 6.201e-08:   9%|▉         | 2370/25000 [02:22<22:42]
loss : 1.027e-02  mse_pde 6.992e-05  mse_ic 5.364e-03  mse_in 4.832e-03  mse_out 6.201e-08:   9%|▉         | 2370/25000 [02:22<22:42]
loss : 1.039e-02  mse_pde 2.110e-04  mse_ic 4.963e-03  mse_in 5.219e-03  mse_out 5.502e-08:   9%|▉         | 2370/25000 [02:22<22:42]
loss : 1.039e-02  mse_pde 2.110e-04  mse_ic 4.963e-03  mse_in 5.219e-03  mse_out 5.502e-08:   9%|▉         | 2370/25000 [02:22<22:42]
loss : 1.039e-02  mse_pde 2.110e-04  mse_ic 4.963e-03  mse_in 5.219e-03  mse_out 5.502e-08:   9%|▉         | 2372/25000 [02:22<22:49]
loss : 1.054e-02  mse_pde 3.530e-04  mse_ic 4.928e-03  mse_in 5.258e-03  mse_out 5.366e-08:   9%|▉         | 2372/25000 [02:22<22:49]
loss : 1.054e-02  mse_pde 3.530e-04  mse_ic 4.928e-03  mse_in 5.258e-03  mse_out 5.366e-08:   9%|▉         | 2372/25000 [02:22<22:49]
loss : 1.026e-02  mse_pde 8.048e-05  mse_ic 5.023e-03  mse_in 5.157e-03  mse_out 5.833e-08:   9%|▉         | 2372/25000 [02:22<22:49]
loss : 1.026e-02  mse_pde 8.048e-05  mse_ic 5.023e-03  mse_in 5.157e-03  mse_out 5.833e-08:   9%|▉         | 2372/25000 [02:22<22:49]
loss : 1.026e-02  mse_pde 8.048e-05  mse_ic 5.023e-03  mse_in 5.157e-03  mse_out 5.833e-08:   9%|▉         | 2374/25000 [02:22<22:52]
loss : 1.033e-02  mse_pde 1.517e-04  mse_ic 5.193e-03  mse_in 4.989e-03  mse_out 6.632e-08:   9%|▉         | 2374/25000 [02:22<22:52]
loss : 1.033e-02  mse_pde 1.517e-04  mse_ic 5.193e-03  mse_in 4.989e-03  mse_out 6.632e-08:   9%|▉         | 2374/25000 [02:22<22:52]
loss : 1.041e-02  mse_pde 2.269e-04  mse_ic 5.225e-03  mse_in 4.961e-03  mse_out 7.076e-08:   9%|▉         | 2374/25000 [02:22<22:52]
loss : 1.041e-02  mse_pde 2.269e-04  mse_ic 5.225e-03  mse_in 4.961e-03  mse_out 7.076e-08:   9%|▉         | 2374/25000 [02:22<22:52]
loss : 1.041e-02  mse_pde 2.269e-04  mse_ic 5.225e-03  mse_in 4.961e-03  mse_out 7.076e-08:  10%|▉         | 2376/25000 [02:22<22:52]
loss : 1.025e-02  mse_pde 6.289e-05  mse_ic 4.891e-03  mse_in 5.291e-03  mse_out 6.711e-08:  10%|▉         | 2376/25000 [02:22<22:52]
loss : 1.025e-02  mse_pde 6.289e-05  mse_ic 4.891e-03  mse_in 5.291e-03  mse_out 6.711e-08:  10%|▉         | 2376/25000 [02:22<22:52]
loss : 1.033e-02  mse_pde 1.450e-04  mse_ic 4.773e-03  mse_in 5.414e-03  mse_out 6.112e-08:  10%|▉         | 2376/25000 [02:22<22:52]
loss : 1.033e-02  mse_pde 1.450e-04  mse_ic 4.773e-03  mse_in 5.414e-03  mse_out 6.112e-08:  10%|▉         | 2376/25000 [02:22<22:52]
loss : 1.033e-02  mse_pde 1.450e-04  mse_ic 4.773e-03  mse_in 5.414e-03  mse_out 6.112e-08:  10%|▉         | 2378/25000 [02:22<22:57]
loss : 1.043e-02  mse_pde 2.441e-04  mse_ic 5.036e-03  mse_in 5.147e-03  mse_out 5.883e-08:  10%|▉         | 2378/25000 [02:22<22:57]
loss : 1.043e-02  mse_pde 2.441e-04  mse_ic 5.036e-03  mse_in 5.147e-03  mse_out 5.883e-08:  10%|▉         | 2378/25000 [02:22<22:57]
loss : 1.032e-02  mse_pde 1.439e-04  mse_ic 5.169e-03  mse_in 5.011e-03  mse_out 6.061e-08:  10%|▉         | 2378/25000 [02:22<22:57]
loss : 1.032e-02  mse_pde 1.439e-04  mse_ic 5.169e-03  mse_in 5.011e-03  mse_out 6.061e-08:  10%|▉         | 2378/25000 [02:22<22:57]
loss : 1.032e-02  mse_pde 1.439e-04  mse_ic 5.169e-03  mse_in 5.011e-03  mse_out 6.061e-08:  10%|▉         | 2380/25000 [02:22<23:03]
loss : 1.030e-02  mse_pde 1.156e-04  mse_ic 5.190e-03  mse_in 4.992e-03  mse_out 6.534e-08:  10%|▉         | 2380/25000 [02:22<23:03]
loss : 1.030e-02  mse_pde 1.156e-04  mse_ic 5.190e-03  mse_in 4.992e-03  mse_out 6.534e-08:  10%|▉         | 2380/25000 [02:22<23:03]
loss : 1.038e-02  mse_pde 1.938e-04  mse_ic 5.075e-03  mse_in 5.109e-03  mse_out 6.913e-08:  10%|▉         | 2380/25000 [02:22<23:03]
loss : 1.038e-02  mse_pde 1.938e-04  mse_ic 5.075e-03  mse_in 5.109e-03  mse_out 6.913e-08:  10%|▉         | 2380/25000 [02:22<23:03]
loss : 1.038e-02  mse_pde 1.938e-04  mse_ic 5.075e-03  mse_in 5.109e-03  mse_out 6.913e-08:  10%|▉         | 2382/25000 [02:22<23:07]
loss : 1.032e-02  mse_pde 1.385e-04  mse_ic 4.844e-03  mse_in 5.341e-03  mse_out 6.808e-08:  10%|▉         | 2382/25000 [02:22<23:07]
loss : 1.032e-02  mse_pde 1.385e-04  mse_ic 4.844e-03  mse_in 5.341e-03  mse_out 6.808e-08:  10%|▉         | 2382/25000 [02:22<23:07]
loss : 1.024e-02  mse_pde 5.804e-05  mse_ic 4.994e-03  mse_in 5.189e-03  mse_out 6.396e-08:  10%|▉         | 2382/25000 [02:23<23:07]
loss : 1.024e-02  mse_pde 5.804e-05  mse_ic 4.994e-03  mse_in 5.189e-03  mse_out 6.396e-08:  10%|▉         | 2382/25000 [02:23<23:07]
loss : 1.024e-02  mse_pde 5.804e-05  mse_ic 4.994e-03  mse_in 5.189e-03  mse_out 6.396e-08:  10%|▉         | 2384/25000 [02:23<22:55]
loss : 1.035e-02  mse_pde 1.592e-04  mse_ic 5.319e-03  mse_in 4.875e-03  mse_out 5.855e-08:  10%|▉         | 2384/25000 [02:23<22:55]
loss : 1.035e-02  mse_pde 1.592e-04  mse_ic 5.319e-03  mse_in 4.875e-03  mse_out 5.855e-08:  10%|▉         | 2384/25000 [02:23<22:55]
loss : 1.029e-02  mse_pde 9.810e-05  mse_ic 5.251e-03  mse_in 4.937e-03  mse_out 5.342e-08:  10%|▉         | 2384/25000 [02:23<22:55]
loss : 1.029e-02  mse_pde 9.810e-05  mse_ic 5.251e-03  mse_in 4.937e-03  mse_out 5.342e-08:  10%|▉         | 2384/25000 [02:23<22:55]
loss : 1.029e-02  mse_pde 9.810e-05  mse_ic 5.251e-03  mse_in 4.937e-03  mse_out 5.342e-08:  10%|▉         | 2386/25000 [02:23<22:59]
loss : 1.025e-02  mse_pde 6.155e-05  mse_ic 5.053e-03  mse_in 5.132e-03  mse_out 5.189e-08:  10%|▉         | 2386/25000 [02:23<22:59]
loss : 1.025e-02  mse_pde 6.155e-05  mse_ic 5.053e-03  mse_in 5.132e-03  mse_out 5.189e-08:  10%|▉         | 2386/25000 [02:23<22:59]
loss : 1.041e-02  mse_pde 2.196e-04  mse_ic 4.986e-03  mse_in 5.202e-03  mse_out 5.495e-08:  10%|▉         | 2386/25000 [02:23<22:59]
loss : 1.041e-02  mse_pde 2.196e-04  mse_ic 4.986e-03  mse_in 5.202e-03  mse_out 5.495e-08:  10%|▉         | 2386/25000 [02:23<22:59]
loss : 1.041e-02  mse_pde 2.196e-04  mse_ic 4.986e-03  mse_in 5.202e-03  mse_out 5.495e-08:  10%|▉         | 2388/25000 [02:23<23:02]
loss : 1.032e-02  mse_pde 1.323e-04  mse_ic 5.021e-03  mse_in 5.162e-03  mse_out 6.075e-08:  10%|▉         | 2388/25000 [02:23<23:02]
loss : 1.032e-02  mse_pde 1.323e-04  mse_ic 5.021e-03  mse_in 5.162e-03  mse_out 6.075e-08:  10%|▉         | 2388/25000 [02:23<23:02]
loss : 1.025e-02  mse_pde 5.147e-05  mse_ic 5.343e-03  mse_in 4.851e-03  mse_out 6.655e-08:  10%|▉         | 2388/25000 [02:23<23:02]
loss : 1.025e-02  mse_pde 5.147e-05  mse_ic 5.343e-03  mse_in 4.851e-03  mse_out 6.655e-08:  10%|▉         | 2388/25000 [02:23<23:02]
loss : 1.025e-02  mse_pde 5.147e-05  mse_ic 5.343e-03  mse_in 4.851e-03  mse_out 6.655e-08:  10%|▉         | 2390/25000 [02:23<22:54]
loss : 1.031e-02  mse_pde 1.142e-04  mse_ic 5.391e-03  mse_in 4.807e-03  mse_out 6.722e-08:  10%|▉         | 2390/25000 [02:23<22:54]
loss : 1.031e-02  mse_pde 1.142e-04  mse_ic 5.391e-03  mse_in 4.807e-03  mse_out 6.722e-08:  10%|▉         | 2390/25000 [02:23<22:54]
loss : 1.029e-02  mse_pde 1.111e-04  mse_ic 4.996e-03  mse_in 5.185e-03  mse_out 6.353e-08:  10%|▉         | 2390/25000 [02:23<22:54]
loss : 1.029e-02  mse_pde 1.111e-04  mse_ic 4.996e-03  mse_in 5.185e-03  mse_out 6.353e-08:  10%|▉         | 2390/25000 [02:23<22:54]
loss : 1.029e-02  mse_pde 1.111e-04  mse_ic 4.996e-03  mse_in 5.185e-03  mse_out 6.353e-08:  10%|▉         | 2392/25000 [02:23<22:53]
loss : 1.025e-02  mse_pde 6.875e-05  mse_ic 4.886e-03  mse_in 5.299e-03  mse_out 6.166e-08:  10%|▉         | 2392/25000 [02:23<22:53]
loss : 1.025e-02  mse_pde 6.875e-05  mse_ic 4.886e-03  mse_in 5.299e-03  mse_out 6.166e-08:  10%|▉         | 2392/25000 [02:23<22:53]
loss : 1.022e-02  mse_pde 4.140e-05  mse_ic 4.935e-03  mse_in 5.247e-03  mse_out 6.235e-08:  10%|▉         | 2392/25000 [02:23<22:53]
loss : 1.022e-02  mse_pde 4.140e-05  mse_ic 4.935e-03  mse_in 5.247e-03  mse_out 6.235e-08:  10%|▉         | 2392/25000 [02:23<22:53]
loss : 1.022e-02  mse_pde 4.140e-05  mse_ic 4.935e-03  mse_in 5.247e-03  mse_out 6.235e-08:  10%|▉         | 2394/25000 [02:23<22:56]
loss : 1.031e-02  mse_pde 1.337e-04  mse_ic 4.992e-03  mse_in 5.186e-03  mse_out 6.353e-08:  10%|▉         | 2394/25000 [02:23<22:56]
loss : 1.031e-02  mse_pde 1.337e-04  mse_ic 4.992e-03  mse_in 5.186e-03  mse_out 6.353e-08:  10%|▉         | 2394/25000 [02:23<22:56]
loss : 1.031e-02  mse_pde 1.319e-04  mse_ic 5.096e-03  mse_in 5.085e-03  mse_out 6.338e-08:  10%|▉         | 2394/25000 [02:23<22:56]
loss : 1.031e-02  mse_pde 1.319e-04  mse_ic 5.096e-03  mse_in 5.085e-03  mse_out 6.338e-08:  10%|▉         | 2394/25000 [02:23<22:56]
loss : 1.031e-02  mse_pde 1.319e-04  mse_ic 5.096e-03  mse_in 5.085e-03  mse_out 6.338e-08:  10%|▉         | 2396/25000 [02:23<22:51]
loss : 1.025e-02  mse_pde 6.818e-05  mse_ic 4.895e-03  mse_in 5.286e-03  mse_out 6.083e-08:  10%|▉         | 2396/25000 [02:23<22:51]
loss : 1.025e-02  mse_pde 6.818e-05  mse_ic 4.895e-03  mse_in 5.286e-03  mse_out 6.083e-08:  10%|▉         | 2396/25000 [02:23<22:51]
loss : 1.023e-02  mse_pde 4.297e-05  mse_ic 4.860e-03  mse_in 5.323e-03  mse_out 5.936e-08:  10%|▉         | 2396/25000 [02:23<22:51]
loss : 1.023e-02  mse_pde 4.297e-05  mse_ic 4.860e-03  mse_in 5.323e-03  mse_out 5.936e-08:  10%|▉         | 2396/25000 [02:23<22:51]
loss : 1.023e-02  mse_pde 4.297e-05  mse_ic 4.860e-03  mse_in 5.323e-03  mse_out 5.936e-08:  10%|▉         | 2398/25000 [02:23<22:54]
loss : 1.026e-02  mse_pde 7.709e-05  mse_ic 4.993e-03  mse_in 5.188e-03  mse_out 5.933e-08:  10%|▉         | 2398/25000 [02:23<22:54]
loss : 1.026e-02  mse_pde 7.709e-05  mse_ic 4.993e-03  mse_in 5.188e-03  mse_out 5.933e-08:  10%|▉         | 2398/25000 [02:23<22:54]
loss : 1.034e-02  mse_pde 1.650e-04  mse_ic 5.024e-03  mse_in 5.155e-03  mse_out 5.894e-08:  10%|▉         | 2398/25000 [02:23<22:54]
loss : 1.034e-02  mse_pde 1.650e-04  mse_ic 5.024e-03  mse_in 5.155e-03  mse_out 5.894e-08:  10%|▉         | 2398/25000 [02:23<22:54]
loss : 1.034e-02  mse_pde 1.650e-04  mse_ic 5.024e-03  mse_in 5.155e-03  mse_out 5.894e-08:  10%|▉         | 2400/25000 [02:24<22:52]
loss : 1.030e-02  mse_pde 1.158e-04  mse_ic 5.162e-03  mse_in 5.022e-03  mse_out 5.910e-08:  10%|▉         | 2400/25000 [02:24<22:52]
loss : 1.030e-02  mse_pde 1.158e-04  mse_ic 5.162e-03  mse_in 5.022e-03  mse_out 5.910e-08:  10%|▉         | 2400/25000 [02:24<22:52]
loss : 1.024e-02  mse_pde 5.586e-05  mse_ic 5.013e-03  mse_in 5.168e-03  mse_out 5.969e-08:  10%|▉         | 2400/25000 [02:24<22:52]
loss : 1.024e-02  mse_pde 5.586e-05  mse_ic 5.013e-03  mse_in 5.168e-03  mse_out 5.969e-08:  10%|▉         | 2400/25000 [02:24<22:52]
loss : 1.024e-02  mse_pde 5.586e-05  mse_ic 5.013e-03  mse_in 5.168e-03  mse_out 5.969e-08:  10%|▉         | 2402/25000 [02:24<22:50]
loss : 1.023e-02  mse_pde 4.794e-05  mse_ic 5.017e-03  mse_in 5.165e-03  mse_out 6.137e-08:  10%|▉         | 2402/25000 [02:24<22:50]
loss : 1.023e-02  mse_pde 4.794e-05  mse_ic 5.017e-03  mse_in 5.165e-03  mse_out 6.137e-08:  10%|▉         | 2402/25000 [02:24<22:50]
loss : 1.028e-02  mse_pde 9.886e-05  mse_ic 5.176e-03  mse_in 5.010e-03  mse_out 6.386e-08:  10%|▉         | 2402/25000 [02:24<22:50]
loss : 1.028e-02  mse_pde 9.886e-05  mse_ic 5.176e-03  mse_in 5.010e-03  mse_out 6.386e-08:  10%|▉         | 2402/25000 [02:24<22:50]
loss : 1.028e-02  mse_pde 9.886e-05  mse_ic 5.176e-03  mse_in 5.010e-03  mse_out 6.386e-08:  10%|▉         | 2404/25000 [02:24<21:49]
loss : 1.034e-02  mse_pde 1.608e-04  mse_ic 5.125e-03  mse_in 5.056e-03  mse_out 6.345e-08:  10%|▉         | 2404/25000 [02:24<21:49]
loss : 1.034e-02  mse_pde 1.608e-04  mse_ic 5.125e-03  mse_in 5.056e-03  mse_out 6.345e-08:  10%|▉         | 2404/25000 [02:24<21:49]
loss : 1.026e-02  mse_pde 7.818e-05  mse_ic 5.189e-03  mse_in 4.998e-03  mse_out 6.133e-08:  10%|▉         | 2404/25000 [02:24<21:49]
loss : 1.026e-02  mse_pde 7.818e-05  mse_ic 5.189e-03  mse_in 4.998e-03  mse_out 6.133e-08:  10%|▉         | 2404/25000 [02:24<21:49]
loss : 1.022e-02  mse_pde 4.296e-05  mse_ic 5.055e-03  mse_in 5.127e-03  mse_out 5.851e-08:  10%|▉         | 2404/25000 [02:24<21:49]
loss : 1.022e-02  mse_pde 4.296e-05  mse_ic 5.055e-03  mse_in 5.127e-03  mse_out 5.851e-08:  10%|▉         | 2404/25000 [02:24<21:49]
loss : 1.022e-02  mse_pde 4.296e-05  mse_ic 5.055e-03  mse_in 5.127e-03  mse_out 5.851e-08:  10%|▉         | 2407/25000 [02:24<20:35]
loss : 1.024e-02  mse_pde 5.916e-05  mse_ic 5.054e-03  mse_in 5.126e-03  mse_out 5.879e-08:  10%|▉         | 2407/25000 [02:24<20:35]
loss : 1.024e-02  mse_pde 5.916e-05  mse_ic 5.054e-03  mse_in 5.126e-03  mse_out 5.879e-08:  10%|▉         | 2407/25000 [02:24<20:35]
loss : 1.031e-02  mse_pde 1.258e-04  mse_ic 5.222e-03  mse_in 4.964e-03  mse_out 6.235e-08:  10%|▉         | 2407/25000 [02:24<20:35]
loss : 1.031e-02  mse_pde 1.258e-04  mse_ic 5.222e-03  mse_in 4.964e-03  mse_out 6.235e-08:  10%|▉         | 2407/25000 [02:24<20:35]
loss : 1.031e-02  mse_pde 1.258e-04  mse_ic 5.222e-03  mse_in 4.964e-03  mse_out 6.235e-08:  10%|▉         | 2409/25000 [02:24<21:16]
loss : 1.036e-02  mse_pde 1.773e-04  mse_ic 5.059e-03  mse_in 5.119e-03  mse_out 6.512e-08:  10%|▉         | 2409/25000 [02:24<21:16]
loss : 1.036e-02  mse_pde 1.773e-04  mse_ic 5.059e-03  mse_in 5.119e-03  mse_out 6.512e-08:  10%|▉         | 2409/25000 [02:24<21:16]
loss : 1.030e-02  mse_pde 1.185e-04  mse_ic 5.088e-03  mse_in 5.094e-03  mse_out 6.678e-08:  10%|▉         | 2409/25000 [02:24<21:16]
loss : 1.030e-02  mse_pde 1.185e-04  mse_ic 5.088e-03  mse_in 5.094e-03  mse_out 6.678e-08:  10%|▉         | 2409/25000 [02:24<21:16]
loss : 1.030e-02  mse_pde 1.185e-04  mse_ic 5.088e-03  mse_in 5.094e-03  mse_out 6.678e-08:  10%|▉         | 2411/25000 [02:24<21:43]
loss : 1.024e-02  mse_pde 6.239e-05  mse_ic 4.987e-03  mse_in 5.192e-03  mse_out 6.559e-08:  10%|▉         | 2411/25000 [02:24<21:43]
loss : 1.024e-02  mse_pde 6.239e-05  mse_ic 4.987e-03  mse_in 5.192e-03  mse_out 6.559e-08:  10%|▉         | 2411/25000 [02:24<21:43]
loss : 1.021e-02  mse_pde 2.699e-05  mse_ic 5.088e-03  mse_in 5.091e-03  mse_out 6.504e-08:  10%|▉         | 2411/25000 [02:24<21:43]
loss : 1.021e-02  mse_pde 2.699e-05  mse_ic 5.088e-03  mse_in 5.091e-03  mse_out 6.504e-08:  10%|▉         | 2411/25000 [02:24<21:43]
loss : 1.021e-02  mse_pde 2.699e-05  mse_ic 5.088e-03  mse_in 5.091e-03  mse_out 6.504e-08:  10%|▉         | 2413/25000 [02:24<22:04]
loss : 1.024e-02  mse_pde 5.777e-05  mse_ic 5.143e-03  mse_in 5.038e-03  mse_out 6.511e-08:  10%|▉         | 2413/25000 [02:24<22:04]
loss : 1.024e-02  mse_pde 5.777e-05  mse_ic 5.143e-03  mse_in 5.038e-03  mse_out 6.511e-08:  10%|▉         | 2413/25000 [02:24<22:04]
loss : 1.031e-02  mse_pde 1.313e-04  mse_ic 4.918e-03  mse_in 5.259e-03  mse_out 6.412e-08:  10%|▉         | 2413/25000 [02:24<22:04]
loss : 1.031e-02  mse_pde 1.313e-04  mse_ic 4.918e-03  mse_in 5.259e-03  mse_out 6.412e-08:  10%|▉         | 2413/25000 [02:24<22:04]
loss : 1.031e-02  mse_pde 1.313e-04  mse_ic 4.918e-03  mse_in 5.259e-03  mse_out 6.412e-08:  10%|▉         | 2415/25000 [02:24<22:13]
loss : 1.042e-02  mse_pde 2.386e-04  mse_ic 4.976e-03  mse_in 5.204e-03  mse_out 6.340e-08:  10%|▉         | 2415/25000 [02:24<22:13]
loss : 1.042e-02  mse_pde 2.386e-04  mse_ic 4.976e-03  mse_in 5.204e-03  mse_out 6.340e-08:  10%|▉         | 2415/25000 [02:24<22:13]
loss : 1.047e-02  mse_pde 2.934e-04  mse_ic 5.001e-03  mse_in 5.174e-03  mse_out 6.182e-08:  10%|▉         | 2415/25000 [02:24<22:13]
loss : 1.047e-02  mse_pde 2.934e-04  mse_ic 5.001e-03  mse_in 5.174e-03  mse_out 6.182e-08:  10%|▉         | 2415/25000 [02:24<22:13]
loss : 1.047e-02  mse_pde 2.934e-04  mse_ic 5.001e-03  mse_in 5.174e-03  mse_out 6.182e-08:  10%|▉         | 2417/25000 [02:24<21:53]
loss : 1.037e-02  mse_pde 1.684e-04  mse_ic 5.455e-03  mse_in 4.745e-03  mse_out 6.304e-08:  10%|▉         | 2417/25000 [02:25<21:53]
loss : 1.037e-02  mse_pde 1.684e-04  mse_ic 5.455e-03  mse_in 4.745e-03  mse_out 6.304e-08:  10%|▉         | 2417/25000 [02:25<21:53]
loss : 1.022e-02  mse_pde 2.899e-05  mse_ic 5.257e-03  mse_in 4.932e-03  mse_out 6.279e-08:  10%|▉         | 2417/25000 [02:25<21:53]
loss : 1.022e-02  mse_pde 2.899e-05  mse_ic 5.257e-03  mse_in 4.932e-03  mse_out 6.279e-08:  10%|▉         | 2417/25000 [02:25<21:53]
loss : 1.022e-02  mse_pde 2.899e-05  mse_ic 5.257e-03  mse_in 4.932e-03  mse_out 6.279e-08:  10%|▉         | 2419/25000 [02:25<22:15]
loss : 1.046e-02  mse_pde 2.817e-04  mse_ic 4.971e-03  mse_in 5.211e-03  mse_out 6.102e-08:  10%|▉         | 2419/25000 [02:25<22:15]
loss : 1.046e-02  mse_pde 2.817e-04  mse_ic 4.971e-03  mse_in 5.211e-03  mse_out 6.102e-08:  10%|▉         | 2419/25000 [02:25<22:15]
loss : 1.048e-02  mse_pde 2.919e-04  mse_ic 5.232e-03  mse_in 4.959e-03  mse_out 5.990e-08:  10%|▉         | 2419/25000 [02:25<22:15]
loss : 1.048e-02  mse_pde 2.919e-04  mse_ic 5.232e-03  mse_in 4.959e-03  mse_out 5.990e-08:  10%|▉         | 2419/25000 [02:25<22:15]
loss : 1.048e-02  mse_pde 2.919e-04  mse_ic 5.232e-03  mse_in 4.959e-03  mse_out 5.990e-08:  10%|▉         | 2421/25000 [02:25<22:30]
loss : 1.027e-02  mse_pde 6.783e-05  mse_ic 5.457e-03  mse_in 4.744e-03  mse_out 5.854e-08:  10%|▉         | 2421/25000 [02:25<22:30]
loss : 1.027e-02  mse_pde 6.783e-05  mse_ic 5.457e-03  mse_in 4.744e-03  mse_out 5.854e-08:  10%|▉         | 2421/25000 [02:25<22:30]
loss : 1.041e-02  mse_pde 2.213e-04  mse_ic 5.337e-03  mse_in 4.853e-03  mse_out 5.910e-08:  10%|▉         | 2421/25000 [02:25<22:30]
loss : 1.041e-02  mse_pde 2.213e-04  mse_ic 5.337e-03  mse_in 4.853e-03  mse_out 5.910e-08:  10%|▉         | 2421/25000 [02:25<22:30]
loss : 1.041e-02  mse_pde 2.213e-04  mse_ic 5.337e-03  mse_in 4.853e-03  mse_out 5.910e-08:  10%|▉         | 2423/25000 [02:25<22:28]
loss : 1.041e-02  mse_pde 2.187e-04  mse_ic 5.340e-03  mse_in 4.855e-03  mse_out 6.389e-08:  10%|▉         | 2423/25000 [02:25<22:28]
loss : 1.041e-02  mse_pde 2.187e-04  mse_ic 5.340e-03  mse_in 4.855e-03  mse_out 6.389e-08:  10%|▉         | 2423/25000 [02:25<22:28]
loss : 1.023e-02  mse_pde 4.180e-05  mse_ic 5.198e-03  mse_in 4.988e-03  mse_out 6.879e-08:  10%|▉         | 2423/25000 [02:25<22:28]
loss : 1.023e-02  mse_pde 4.180e-05  mse_ic 5.198e-03  mse_in 4.988e-03  mse_out 6.879e-08:  10%|▉         | 2423/25000 [02:25<22:28]
loss : 1.023e-02  mse_pde 4.180e-05  mse_ic 5.198e-03  mse_in 4.988e-03  mse_out 6.879e-08:  10%|▉         | 2425/25000 [02:25<22:38]
loss : 1.045e-02  mse_pde 2.727e-04  mse_ic 5.119e-03  mse_in 5.060e-03  mse_out 6.939e-08:  10%|▉         | 2425/25000 [02:25<22:38]
loss : 1.045e-02  mse_pde 2.727e-04  mse_ic 5.119e-03  mse_in 5.060e-03  mse_out 6.939e-08:  10%|▉         | 2425/25000 [02:25<22:38]
loss : 1.041e-02  mse_pde 2.175e-04  mse_ic 5.375e-03  mse_in 4.820e-03  mse_out 6.560e-08:  10%|▉         | 2425/25000 [02:25<22:38]
loss : 1.041e-02  mse_pde 2.175e-04  mse_ic 5.375e-03  mse_in 4.820e-03  mse_out 6.560e-08:  10%|▉         | 2425/25000 [02:25<22:38]
loss : 1.041e-02  mse_pde 2.175e-04  mse_ic 5.375e-03  mse_in 4.820e-03  mse_out 6.560e-08:  10%|▉         | 2427/25000 [02:25<22:54]
loss : 1.022e-02  mse_pde 4.118e-05  mse_ic 5.124e-03  mse_in 5.057e-03  mse_out 5.840e-08:  10%|▉         | 2427/25000 [02:25<22:54]
loss : 1.022e-02  mse_pde 4.118e-05  mse_ic 5.124e-03  mse_in 5.057e-03  mse_out 5.840e-08:  10%|▉         | 2427/25000 [02:25<22:54]
loss : 1.054e-02  mse_pde 3.560e-04  mse_ic 4.801e-03  mse_in 5.381e-03  mse_out 5.490e-08:  10%|▉         | 2427/25000 [02:25<22:54]
loss : 1.054e-02  mse_pde 3.560e-04  mse_ic 4.801e-03  mse_in 5.381e-03  mse_out 5.490e-08:  10%|▉         | 2427/25000 [02:25<22:54]
loss : 1.054e-02  mse_pde 3.560e-04  mse_ic 4.801e-03  mse_in 5.381e-03  mse_out 5.490e-08:  10%|▉         | 2429/25000 [02:25<22:48]
loss : 1.046e-02  mse_pde 2.806e-04  mse_ic 5.046e-03  mse_in 5.137e-03  mse_out 5.853e-08:  10%|▉         | 2429/25000 [02:25<22:48]
loss : 1.046e-02  mse_pde 2.806e-04  mse_ic 5.046e-03  mse_in 5.137e-03  mse_out 5.853e-08:  10%|▉         | 2429/25000 [02:25<22:48]
loss : 1.027e-02  mse_pde 8.660e-05  mse_ic 5.250e-03  mse_in 4.936e-03  mse_out 6.391e-08:  10%|▉         | 2429/25000 [02:25<22:48]
loss : 1.027e-02  mse_pde 8.660e-05  mse_ic 5.250e-03  mse_in 4.936e-03  mse_out 6.391e-08:  10%|▉         | 2429/25000 [02:25<22:48]
loss : 1.027e-02  mse_pde 8.660e-05  mse_ic 5.250e-03  mse_in 4.936e-03  mse_out 6.391e-08:  10%|▉         | 2431/25000 [02:25<22:52]
loss : 1.047e-02  mse_pde 2.947e-04  mse_ic 5.101e-03  mse_in 5.079e-03  mse_out 6.590e-08:  10%|▉         | 2431/25000 [02:25<22:52]
loss : 1.047e-02  mse_pde 2.947e-04  mse_ic 5.101e-03  mse_in 5.079e-03  mse_out 6.590e-08:  10%|▉         | 2431/25000 [02:25<22:52]
loss : 1.035e-02  mse_pde 1.585e-04  mse_ic 5.176e-03  mse_in 5.012e-03  mse_out 6.520e-08:  10%|▉         | 2431/25000 [02:25<22:52]
loss : 1.035e-02  mse_pde 1.585e-04  mse_ic 5.176e-03  mse_in 5.012e-03  mse_out 6.520e-08:  10%|▉         | 2431/25000 [02:25<22:52]
loss : 1.035e-02  mse_pde 1.585e-04  mse_ic 5.176e-03  mse_in 5.012e-03  mse_out 6.520e-08:  10%|▉         | 2433/25000 [02:25<22:56]
loss : 1.031e-02  mse_pde 1.184e-04  mse_ic 5.215e-03  mse_in 4.974e-03  mse_out 6.207e-08:  10%|▉         | 2433/25000 [02:26<22:56]
loss : 1.031e-02  mse_pde 1.184e-04  mse_ic 5.215e-03  mse_in 4.974e-03  mse_out 6.207e-08:  10%|▉         | 2433/25000 [02:26<22:56]
loss : 1.044e-02  mse_pde 2.510e-04  mse_ic 5.228e-03  mse_in 4.957e-03  mse_out 5.999e-08:  10%|▉         | 2433/25000 [02:26<22:56]
loss : 1.044e-02  mse_pde 2.510e-04  mse_ic 5.228e-03  mse_in 4.957e-03  mse_out 5.999e-08:  10%|▉         | 2433/25000 [02:26<22:56]
loss : 1.044e-02  mse_pde 2.510e-04  mse_ic 5.228e-03  mse_in 4.957e-03  mse_out 5.999e-08:  10%|▉         | 2435/25000 [02:26<22:57]
loss : 1.029e-02  mse_pde 8.679e-05  mse_ic 5.499e-03  mse_in 4.707e-03  mse_out 6.182e-08:  10%|▉         | 2435/25000 [02:26<22:57]
loss : 1.029e-02  mse_pde 8.679e-05  mse_ic 5.499e-03  mse_in 4.707e-03  mse_out 6.182e-08:  10%|▉         | 2435/25000 [02:26<22:57]
loss : 1.037e-02  mse_pde 1.817e-04  mse_ic 5.260e-03  mse_in 4.932e-03  mse_out 6.346e-08:  10%|▉         | 2435/25000 [02:26<22:57]
loss : 1.037e-02  mse_pde 1.817e-04  mse_ic 5.260e-03  mse_in 4.932e-03  mse_out 6.346e-08:  10%|▉         | 2435/25000 [02:26<22:57]
loss : 1.037e-02  mse_pde 1.817e-04  mse_ic 5.260e-03  mse_in 4.932e-03  mse_out 6.346e-08:  10%|▉         | 2437/25000 [02:26<22:47]
loss : 1.034e-02  mse_pde 1.511e-04  mse_ic 4.886e-03  mse_in 5.301e-03  mse_out 6.327e-08:  10%|▉         | 2437/25000 [02:26<22:47]
loss : 1.034e-02  mse_pde 1.511e-04  mse_ic 4.886e-03  mse_in 5.301e-03  mse_out 6.327e-08:  10%|▉         | 2437/25000 [02:26<22:47]
loss : 1.025e-02  mse_pde 6.964e-05  mse_ic 4.949e-03  mse_in 5.236e-03  mse_out 6.320e-08:  10%|▉         | 2437/25000 [02:26<22:47]
loss : 1.025e-02  mse_pde 6.964e-05  mse_ic 4.949e-03  mse_in 5.236e-03  mse_out 6.320e-08:  10%|▉         | 2437/25000 [02:26<22:47]
loss : 1.025e-02  mse_pde 6.964e-05  mse_ic 4.949e-03  mse_in 5.236e-03  mse_out 6.320e-08:  10%|▉         | 2439/25000 [02:26<22:48]
loss : 1.037e-02  mse_pde 1.836e-04  mse_ic 5.259e-03  mse_in 4.932e-03  mse_out 6.303e-08:  10%|▉         | 2439/25000 [02:26<22:48]
loss : 1.037e-02  mse_pde 1.836e-04  mse_ic 5.259e-03  mse_in 4.932e-03  mse_out 6.303e-08:  10%|▉         | 2439/25000 [02:26<22:48]
loss : 1.028e-02  mse_pde 9.178e-05  mse_ic 5.215e-03  mse_in 4.969e-03  mse_out 6.133e-08:  10%|▉         | 2439/25000 [02:26<22:48]
loss : 1.028e-02  mse_pde 9.178e-05  mse_ic 5.215e-03  mse_in 4.969e-03  mse_out 6.133e-08:  10%|▉         | 2439/25000 [02:26<22:48]
loss : 1.028e-02  mse_pde 9.178e-05  mse_ic 5.215e-03  mse_in 4.969e-03  mse_out 6.133e-08:  10%|▉         | 2441/25000 [02:26<22:54]
loss : 1.030e-02  mse_pde 1.159e-04  mse_ic 4.875e-03  mse_in 5.307e-03  mse_out 5.931e-08:  10%|▉         | 2441/25000 [02:26<22:54]
loss : 1.030e-02  mse_pde 1.159e-04  mse_ic 4.875e-03  mse_in 5.307e-03  mse_out 5.931e-08:  10%|▉         | 2441/25000 [02:26<22:54]
loss : 1.045e-02  mse_pde 2.606e-04  mse_ic 4.776e-03  mse_in 5.413e-03  mse_out 5.877e-08:  10%|▉         | 2441/25000 [02:26<22:54]
loss : 1.045e-02  mse_pde 2.606e-04  mse_ic 4.776e-03  mse_in 5.413e-03  mse_out 5.877e-08:  10%|▉         | 2441/25000 [02:26<22:54]
loss : 1.045e-02  mse_pde 2.606e-04  mse_ic 4.776e-03  mse_in 5.413e-03  mse_out 5.877e-08:  10%|▉         | 2443/25000 [02:26<22:54]
loss : 1.026e-02  mse_pde 7.572e-05  mse_ic 4.868e-03  mse_in 5.313e-03  mse_out 5.853e-08:  10%|▉         | 2443/25000 [02:26<22:54]
loss : 1.026e-02  mse_pde 7.572e-05  mse_ic 4.868e-03  mse_in 5.313e-03  mse_out 5.853e-08:  10%|▉         | 2443/25000 [02:26<22:54]
loss : 1.028e-02  mse_pde 1.018e-04  mse_ic 5.175e-03  mse_in 5.005e-03  mse_out 5.972e-08:  10%|▉         | 2443/25000 [02:26<22:54]
loss : 1.028e-02  mse_pde 1.018e-04  mse_ic 5.175e-03  mse_in 5.005e-03  mse_out 5.972e-08:  10%|▉         | 2443/25000 [02:26<22:54]
loss : 1.028e-02  mse_pde 1.018e-04  mse_ic 5.175e-03  mse_in 5.005e-03  mse_out 5.972e-08:  10%|▉         | 2445/25000 [02:26<22:47]
loss : 1.034e-02  mse_pde 1.495e-04  mse_ic 5.297e-03  mse_in 4.892e-03  mse_out 6.160e-08:  10%|▉         | 2445/25000 [02:26<22:47]
loss : 1.034e-02  mse_pde 1.495e-04  mse_ic 5.297e-03  mse_in 4.892e-03  mse_out 6.160e-08:  10%|▉         | 2445/25000 [02:26<22:47]
loss : 1.023e-02  mse_pde 4.931e-05  mse_ic 4.919e-03  mse_in 5.263e-03  mse_out 6.245e-08:  10%|▉         | 2445/25000 [02:26<22:47]
loss : 1.023e-02  mse_pde 4.931e-05  mse_ic 4.919e-03  mse_in 5.263e-03  mse_out 6.245e-08:  10%|▉         | 2445/25000 [02:26<22:47]
loss : 1.023e-02  mse_pde 4.931e-05  mse_ic 4.919e-03  mse_in 5.263e-03  mse_out 6.245e-08:  10%|▉         | 2447/25000 [02:26<22:37]
loss : 1.029e-02  mse_pde 1.007e-04  mse_ic 4.738e-03  mse_in 5.452e-03  mse_out 6.347e-08:  10%|▉         | 2447/25000 [02:26<22:37]
loss : 1.029e-02  mse_pde 1.007e-04  mse_ic 4.738e-03  mse_in 5.452e-03  mse_out 6.347e-08:  10%|▉         | 2447/25000 [02:26<22:37]
loss : 1.033e-02  mse_pde 1.436e-04  mse_ic 4.919e-03  mse_in 5.266e-03  mse_out 6.344e-08:  10%|▉         | 2447/25000 [02:26<22:37]
loss : 1.033e-02  mse_pde 1.436e-04  mse_ic 4.919e-03  mse_in 5.266e-03  mse_out 6.344e-08:  10%|▉         | 2447/25000 [02:26<22:37]
loss : 1.033e-02  mse_pde 1.436e-04  mse_ic 4.919e-03  mse_in 5.266e-03  mse_out 6.344e-08:  10%|▉         | 2449/25000 [02:26<22:51]
loss : 1.031e-02  mse_pde 1.263e-04  mse_ic 5.109e-03  mse_in 5.072e-03  mse_out 5.999e-08:  10%|▉         | 2449/25000 [02:26<22:51]
loss : 1.031e-02  mse_pde 1.263e-04  mse_ic 5.109e-03  mse_in 5.072e-03  mse_out 5.999e-08:  10%|▉         | 2449/25000 [02:26<22:51]
loss : 1.024e-02  mse_pde 5.728e-05  mse_ic 5.149e-03  mse_in 5.033e-03  mse_out 5.604e-08:  10%|▉         | 2449/25000 [02:27<22:51]
loss : 1.024e-02  mse_pde 5.728e-05  mse_ic 5.149e-03  mse_in 5.033e-03  mse_out 5.604e-08:  10%|▉         | 2449/25000 [02:27<22:51]
loss : 1.024e-02  mse_pde 5.728e-05  mse_ic 5.149e-03  mse_in 5.033e-03  mse_out 5.604e-08:  10%|▉         | 2451/25000 [02:27<22:57]
loss : 1.033e-02  mse_pde 1.422e-04  mse_ic 5.034e-03  mse_in 5.149e-03  mse_out 5.458e-08:  10%|▉         | 2451/25000 [02:27<22:57]
loss : 1.033e-02  mse_pde 1.422e-04  mse_ic 5.034e-03  mse_in 5.149e-03  mse_out 5.458e-08:  10%|▉         | 2451/25000 [02:27<22:57]
loss : 1.030e-02  mse_pde 1.196e-04  mse_ic 4.931e-03  mse_in 5.250e-03  mse_out 5.655e-08:  10%|▉         | 2451/25000 [02:27<22:57]
loss : 1.030e-02  mse_pde 1.196e-04  mse_ic 4.931e-03  mse_in 5.250e-03  mse_out 5.655e-08:  10%|▉         | 2451/25000 [02:27<22:57]
loss : 1.030e-02  mse_pde 1.196e-04  mse_ic 4.931e-03  mse_in 5.250e-03  mse_out 5.655e-08:  10%|▉         | 2453/25000 [02:27<22:36]
loss : 1.023e-02  mse_pde 4.822e-05  mse_ic 5.180e-03  mse_in 5.004e-03  mse_out 6.112e-08:  10%|▉         | 2453/25000 [02:27<22:36]
loss : 1.023e-02  mse_pde 4.822e-05  mse_ic 5.180e-03  mse_in 5.004e-03  mse_out 6.112e-08:  10%|▉         | 2453/25000 [02:27<22:36]
loss : 1.029e-02  mse_pde 9.968e-05  mse_ic 5.300e-03  mse_in 4.889e-03  mse_out 6.320e-08:  10%|▉         | 2453/25000 [02:27<22:36]
loss : 1.029e-02  mse_pde 9.968e-05  mse_ic 5.300e-03  mse_in 4.889e-03  mse_out 6.320e-08:  10%|▉         | 2453/25000 [02:27<22:36]
loss : 1.029e-02  mse_pde 9.968e-05  mse_ic 5.300e-03  mse_in 4.889e-03  mse_out 6.320e-08:  10%|▉         | 2455/25000 [02:27<22:49]
loss : 1.027e-02  mse_pde 9.145e-05  mse_ic 5.056e-03  mse_in 5.124e-03  mse_out 6.156e-08:  10%|▉         | 2455/25000 [02:27<22:49]
loss : 1.027e-02  mse_pde 9.145e-05  mse_ic 5.056e-03  mse_in 5.124e-03  mse_out 6.156e-08:  10%|▉         | 2455/25000 [02:27<22:49]
loss : 1.028e-02  mse_pde 1.020e-04  mse_ic 4.977e-03  mse_in 5.205e-03  mse_out 6.055e-08:  10%|▉         | 2455/25000 [02:27<22:49]
loss : 1.028e-02  mse_pde 1.020e-04  mse_ic 4.977e-03  mse_in 5.205e-03  mse_out 6.055e-08:  10%|▉         | 2455/25000 [02:27<22:49]
loss : 1.028e-02  mse_pde 1.020e-04  mse_ic 4.977e-03  mse_in 5.205e-03  mse_out 6.055e-08:  10%|▉         | 2457/25000 [02:27<22:41]
loss : 1.022e-02  mse_pde 3.814e-05  mse_ic 4.953e-03  mse_in 5.227e-03  mse_out 6.147e-08:  10%|▉         | 2457/25000 [02:27<22:41]
loss : 1.022e-02  mse_pde 3.814e-05  mse_ic 4.953e-03  mse_in 5.227e-03  mse_out 6.147e-08:  10%|▉         | 2457/25000 [02:27<22:41]
loss : 1.024e-02  mse_pde 5.935e-05  mse_ic 5.010e-03  mse_in 5.168e-03  mse_out 6.361e-08:  10%|▉         | 2457/25000 [02:27<22:41]
loss : 1.024e-02  mse_pde 5.935e-05  mse_ic 5.010e-03  mse_in 5.168e-03  mse_out 6.361e-08:  10%|▉         | 2457/25000 [02:27<22:41]
loss : 1.024e-02  mse_pde 5.935e-05  mse_ic 5.010e-03  mse_in 5.168e-03  mse_out 6.361e-08:  10%|▉         | 2459/25000 [02:27<22:48]
loss : 1.030e-02  mse_pde 1.218e-04  mse_ic 5.039e-03  mse_in 5.140e-03  mse_out 6.382e-08:  10%|▉         | 2459/25000 [02:27<22:48]
loss : 1.030e-02  mse_pde 1.218e-04  mse_ic 5.039e-03  mse_in 5.140e-03  mse_out 6.382e-08:  10%|▉         | 2459/25000 [02:27<22:48]
loss : 1.029e-02  mse_pde 1.136e-04  mse_ic 4.833e-03  mse_in 5.346e-03  mse_out 6.017e-08:  10%|▉         | 2459/25000 [02:27<22:48]
loss : 1.029e-02  mse_pde 1.136e-04  mse_ic 4.833e-03  mse_in 5.346e-03  mse_out 6.017e-08:  10%|▉         | 2459/25000 [02:27<22:48]
loss : 1.029e-02  mse_pde 1.136e-04  mse_ic 4.833e-03  mse_in 5.346e-03  mse_out 6.017e-08:  10%|▉         | 2461/25000 [02:27<22:58]
loss : 1.031e-02  mse_pde 1.314e-04  mse_ic 4.930e-03  mse_in 5.249e-03  mse_out 5.687e-08:  10%|▉         | 2461/25000 [02:27<22:58]
loss : 1.031e-02  mse_pde 1.314e-04  mse_ic 4.930e-03  mse_in 5.249e-03  mse_out 5.687e-08:  10%|▉         | 2461/25000 [02:27<22:58]
loss : 1.025e-02  mse_pde 7.844e-05  mse_ic 5.042e-03  mse_in 5.134e-03  mse_out 5.577e-08:  10%|▉         | 2461/25000 [02:27<22:58]
loss : 1.025e-02  mse_pde 7.844e-05  mse_ic 5.042e-03  mse_in 5.134e-03  mse_out 5.577e-08:  10%|▉         | 2461/25000 [02:27<22:58]
loss : 1.025e-02  mse_pde 7.844e-05  mse_ic 5.042e-03  mse_in 5.134e-03  mse_out 5.577e-08:  10%|▉         | 2463/25000 [02:27<22:53]
loss : 1.023e-02  mse_pde 4.842e-05  mse_ic 5.253e-03  mse_in 4.929e-03  mse_out 5.837e-08:  10%|▉         | 2463/25000 [02:27<22:53]
loss : 1.023e-02  mse_pde 4.842e-05  mse_ic 5.253e-03  mse_in 4.929e-03  mse_out 5.837e-08:  10%|▉         | 2463/25000 [02:27<22:53]
loss : 1.021e-02  mse_pde 3.396e-05  mse_ic 5.101e-03  mse_in 5.078e-03  mse_out 6.169e-08:  10%|▉         | 2463/25000 [02:27<22:53]
loss : 1.021e-02  mse_pde 3.396e-05  mse_ic 5.101e-03  mse_in 5.078e-03  mse_out 6.169e-08:  10%|▉         | 2463/25000 [02:27<22:53]
loss : 1.021e-02  mse_pde 3.396e-05  mse_ic 5.101e-03  mse_in 5.078e-03  mse_out 6.169e-08:  10%|▉         | 2465/25000 [02:27<22:49]
loss : 1.027e-02  mse_pde 9.173e-05  mse_ic 4.849e-03  mse_in 5.332e-03  mse_out 6.324e-08:  10%|▉         | 2465/25000 [02:27<22:49]
loss : 1.027e-02  mse_pde 9.173e-05  mse_ic 4.849e-03  mse_in 5.332e-03  mse_out 6.324e-08:  10%|▉         | 2465/25000 [02:27<22:49]
loss : 1.033e-02  mse_pde 1.447e-04  mse_ic 4.955e-03  mse_in 5.226e-03  mse_out 6.300e-08:  10%|▉         | 2465/25000 [02:28<22:49]
loss : 1.033e-02  mse_pde 1.447e-04  mse_ic 4.955e-03  mse_in 5.226e-03  mse_out 6.300e-08:  10%|▉         | 2465/25000 [02:28<22:49]
loss : 1.033e-02  mse_pde 1.447e-04  mse_ic 4.955e-03  mse_in 5.226e-03  mse_out 6.300e-08:  10%|▉         | 2467/25000 [02:28<22:58]
loss : 1.040e-02  mse_pde 2.217e-04  mse_ic 5.106e-03  mse_in 5.069e-03  mse_out 6.119e-08:  10%|▉         | 2467/25000 [02:28<22:58]
loss : 1.040e-02  mse_pde 2.217e-04  mse_ic 5.106e-03  mse_in 5.069e-03  mse_out 6.119e-08:  10%|▉         | 2467/25000 [02:28<22:58]
loss : 1.041e-02  mse_pde 2.159e-04  mse_ic 5.442e-03  mse_in 4.754e-03  mse_out 6.065e-08:  10%|▉         | 2467/25000 [02:28<22:58]
loss : 1.041e-02  mse_pde 2.159e-04  mse_ic 5.442e-03  mse_in 4.754e-03  mse_out 6.065e-08:  10%|▉         | 2467/25000 [02:28<22:58]
loss : 1.041e-02  mse_pde 2.159e-04  mse_ic 5.442e-03  mse_in 4.754e-03  mse_out 6.065e-08:  10%|▉         | 2469/25000 [02:28<22:49]
loss : 1.021e-02  mse_pde 3.239e-05  mse_ic 5.073e-03  mse_in 5.104e-03  mse_out 5.910e-08:  10%|▉         | 2469/25000 [02:28<22:49]
loss : 1.021e-02  mse_pde 3.239e-05  mse_ic 5.073e-03  mse_in 5.104e-03  mse_out 5.910e-08:  10%|▉         | 2469/25000 [02:28<22:49]
loss : 1.031e-02  mse_pde 1.276e-04  mse_ic 4.817e-03  mse_in 5.365e-03  mse_out 5.792e-08:  10%|▉         | 2469/25000 [02:28<22:49]
loss : 1.031e-02  mse_pde 1.276e-04  mse_ic 4.817e-03  mse_in 5.365e-03  mse_out 5.792e-08:  10%|▉         | 2469/25000 [02:28<22:49]
loss : 1.031e-02  mse_pde 1.276e-04  mse_ic 4.817e-03  mse_in 5.365e-03  mse_out 5.792e-08:  10%|▉         | 2471/25000 [02:28<22:53]
loss : 1.048e-02  mse_pde 2.981e-04  mse_ic 4.989e-03  mse_in 5.191e-03  mse_out 5.728e-08:  10%|▉         | 2471/25000 [02:28<22:53]
loss : 1.048e-02  mse_pde 2.981e-04  mse_ic 4.989e-03  mse_in 5.191e-03  mse_out 5.728e-08:  10%|▉         | 2471/25000 [02:28<22:53]
loss : 1.060e-02  mse_pde 4.213e-04  mse_ic 5.214e-03  mse_in 4.964e-03  mse_out 5.683e-08:  10%|▉         | 2471/25000 [02:28<22:53]
loss : 1.060e-02  mse_pde 4.213e-04  mse_ic 5.214e-03  mse_in 4.964e-03  mse_out 5.683e-08:  10%|▉         | 2471/25000 [02:28<22:53]
loss : 1.060e-02  mse_pde 4.213e-04  mse_ic 5.214e-03  mse_in 4.964e-03  mse_out 5.683e-08:  10%|▉         | 2473/25000 [02:28<22:54]
loss : 1.041e-02  mse_pde 1.910e-04  mse_ic 5.688e-03  mse_in 4.533e-03  mse_out 5.912e-08:  10%|▉         | 2473/25000 [02:28<22:54]
loss : 1.041e-02  mse_pde 1.910e-04  mse_ic 5.688e-03  mse_in 4.533e-03  mse_out 5.912e-08:  10%|▉         | 2473/25000 [02:28<22:54]
loss : 1.036e-02  mse_pde 1.639e-04  mse_ic 5.343e-03  mse_in 4.849e-03  mse_out 6.205e-08:  10%|▉         | 2473/25000 [02:28<22:54]
loss : 1.036e-02  mse_pde 1.639e-04  mse_ic 5.343e-03  mse_in 4.849e-03  mse_out 6.205e-08:  10%|▉         | 2473/25000 [02:28<22:54]
loss : 1.036e-02  mse_pde 1.639e-04  mse_ic 5.343e-03  mse_in 4.849e-03  mse_out 6.205e-08:  10%|▉         | 2475/25000 [02:28<22:58]
loss : 1.064e-02  mse_pde 4.539e-04  mse_ic 4.880e-03  mse_in 5.301e-03  mse_out 6.534e-08:  10%|▉         | 2475/25000 [02:28<22:58]
loss : 1.064e-02  mse_pde 4.539e-04  mse_ic 4.880e-03  mse_in 5.301e-03  mse_out 6.534e-08:  10%|▉         | 2475/25000 [02:28<22:58]
loss : 1.040e-02  mse_pde 2.138e-04  mse_ic 5.076e-03  mse_in 5.107e-03  mse_out 6.816e-08:  10%|▉         | 2475/25000 [02:28<22:58]
loss : 1.040e-02  mse_pde 2.138e-04  mse_ic 5.076e-03  mse_in 5.107e-03  mse_out 6.816e-08:  10%|▉         | 2475/25000 [02:28<22:58]
loss : 1.040e-02  mse_pde 2.138e-04  mse_ic 5.076e-03  mse_in 5.107e-03  mse_out 6.816e-08:  10%|▉         | 2477/25000 [02:28<22:59]
loss : 1.033e-02  mse_pde 1.335e-04  mse_ic 5.362e-03  mse_in 4.830e-03  mse_out 6.536e-08:  10%|▉         | 2477/25000 [02:28<22:59]
loss : 1.033e-02  mse_pde 1.335e-04  mse_ic 5.362e-03  mse_in 4.830e-03  mse_out 6.536e-08:  10%|▉         | 2477/25000 [02:28<22:59]
loss : 1.046e-02  mse_pde 2.710e-04  mse_ic 5.373e-03  mse_in 4.815e-03  mse_out 5.871e-08:  10%|▉         | 2477/25000 [02:28<22:59]
loss : 1.046e-02  mse_pde 2.710e-04  mse_ic 5.373e-03  mse_in 4.815e-03  mse_out 5.871e-08:  10%|▉         | 2477/25000 [02:28<22:59]
loss : 1.046e-02  mse_pde 2.710e-04  mse_ic 5.373e-03  mse_in 4.815e-03  mse_out 5.871e-08:  10%|▉         | 2479/25000 [02:28<23:07]
loss : 1.028e-02  mse_pde 9.633e-05  mse_ic 5.330e-03  mse_in 4.858e-03  mse_out 5.402e-08:  10%|▉         | 2479/25000 [02:28<23:07]
loss : 1.028e-02  mse_pde 9.633e-05  mse_ic 5.330e-03  mse_in 4.858e-03  mse_out 5.402e-08:  10%|▉         | 2479/25000 [02:28<23:07]
loss : 1.041e-02  mse_pde 2.339e-04  mse_ic 5.070e-03  mse_in 5.109e-03  mse_out 5.305e-08:  10%|▉         | 2479/25000 [02:28<23:07]
loss : 1.041e-02  mse_pde 2.339e-04  mse_ic 5.070e-03  mse_in 5.109e-03  mse_out 5.305e-08:  10%|▉         | 2479/25000 [02:28<23:07]
loss : 1.041e-02  mse_pde 2.339e-04  mse_ic 5.070e-03  mse_in 5.109e-03  mse_out 5.305e-08:  10%|▉         | 2481/25000 [02:28<22:47]
loss : 1.045e-02  mse_pde 2.755e-04  mse_ic 4.882e-03  mse_in 5.294e-03  mse_out 5.523e-08:  10%|▉         | 2481/25000 [02:28<22:47]
loss : 1.045e-02  mse_pde 2.755e-04  mse_ic 4.882e-03  mse_in 5.294e-03  mse_out 5.523e-08:  10%|▉         | 2481/25000 [02:28<22:47]
loss : 1.033e-02  mse_pde 1.499e-04  mse_ic 5.150e-03  mse_in 5.029e-03  mse_out 5.894e-08:  10%|▉         | 2481/25000 [02:28<22:47]
loss : 1.033e-02  mse_pde 1.499e-04  mse_ic 5.150e-03  mse_in 5.029e-03  mse_out 5.894e-08:  10%|▉         | 2481/25000 [02:28<22:47]
loss : 1.033e-02  mse_pde 1.499e-04  mse_ic 5.150e-03  mse_in 5.029e-03  mse_out 5.894e-08:  10%|▉         | 2483/25000 [02:28<22:45]
loss : 1.036e-02  mse_pde 1.800e-04  mse_ic 5.199e-03  mse_in 4.981e-03  mse_out 5.897e-08:  10%|▉         | 2483/25000 [02:29<22:45]
loss : 1.036e-02  mse_pde 1.800e-04  mse_ic 5.199e-03  mse_in 4.981e-03  mse_out 5.897e-08:  10%|▉         | 2483/25000 [02:29<22:45]
loss : 1.039e-02  mse_pde 2.139e-04  mse_ic 4.952e-03  mse_in 5.223e-03  mse_out 5.584e-08:  10%|▉         | 2483/25000 [02:29<22:45]
loss : 1.039e-02  mse_pde 2.139e-04  mse_ic 4.952e-03  mse_in 5.223e-03  mse_out 5.584e-08:  10%|▉         | 2483/25000 [02:29<22:45]
loss : 1.039e-02  mse_pde 2.139e-04  mse_ic 4.952e-03  mse_in 5.223e-03  mse_out 5.584e-08:  10%|▉         | 2485/25000 [02:29<22:43]
loss : 1.035e-02  mse_pde 1.663e-04  mse_ic 4.923e-03  mse_in 5.257e-03  mse_out 5.344e-08:  10%|▉         | 2485/25000 [02:29<22:43]
loss : 1.035e-02  mse_pde 1.663e-04  mse_ic 4.923e-03  mse_in 5.257e-03  mse_out 5.344e-08:  10%|▉         | 2485/25000 [02:29<22:43]
loss : 1.030e-02  mse_pde 1.236e-04  mse_ic 4.980e-03  mse_in 5.198e-03  mse_out 5.365e-08:  10%|▉         | 2485/25000 [02:29<22:43]
loss : 1.030e-02  mse_pde 1.236e-04  mse_ic 4.980e-03  mse_in 5.198e-03  mse_out 5.365e-08:  10%|▉         | 2485/25000 [02:29<22:43]
loss : 1.030e-02  mse_pde 1.236e-04  mse_ic 4.980e-03  mse_in 5.198e-03  mse_out 5.365e-08:  10%|▉         | 2487/25000 [02:29<22:42]
loss : 1.034e-02  mse_pde 1.623e-04  mse_ic 5.128e-03  mse_in 5.049e-03  mse_out 5.709e-08:  10%|▉         | 2487/25000 [02:29<22:42]
loss : 1.034e-02  mse_pde 1.623e-04  mse_ic 5.128e-03  mse_in 5.049e-03  mse_out 5.709e-08:  10%|▉         | 2487/25000 [02:29<22:42]
loss : 1.033e-02  mse_pde 1.369e-04  mse_ic 5.379e-03  mse_in 4.812e-03  mse_out 6.282e-08:  10%|▉         | 2487/25000 [02:29<22:42]
loss : 1.033e-02  mse_pde 1.369e-04  mse_ic 5.379e-03  mse_in 4.812e-03  mse_out 6.282e-08:  10%|▉         | 2487/25000 [02:29<22:42]
loss : 1.033e-02  mse_pde 1.369e-04  mse_ic 5.379e-03  mse_in 4.812e-03  mse_out 6.282e-08:  10%|▉         | 2489/25000 [02:29<22:49]
loss : 1.027e-02  mse_pde 8.735e-05  mse_ic 5.163e-03  mse_in 5.018e-03  mse_out 6.590e-08:  10%|▉         | 2489/25000 [02:29<22:49]
loss : 1.027e-02  mse_pde 8.735e-05  mse_ic 5.163e-03  mse_in 5.018e-03  mse_out 6.590e-08:  10%|▉         | 2489/25000 [02:29<22:49]
loss : 1.040e-02  mse_pde 2.169e-04  mse_ic 4.813e-03  mse_in 5.368e-03  mse_out 6.416e-08:  10%|▉         | 2489/25000 [02:29<22:49]
loss : 1.040e-02  mse_pde 2.169e-04  mse_ic 4.813e-03  mse_in 5.368e-03  mse_out 6.416e-08:  10%|▉         | 2489/25000 [02:29<22:49]
loss : 1.040e-02  mse_pde 2.169e-04  mse_ic 4.813e-03  mse_in 5.368e-03  mse_out 6.416e-08:  10%|▉         | 2491/25000 [02:29<22:54]
loss : 1.039e-02  mse_pde 2.061e-04  mse_ic 4.865e-03  mse_in 5.318e-03  mse_out 6.021e-08:  10%|▉         | 2491/25000 [02:29<22:54]
loss : 1.039e-02  mse_pde 2.061e-04  mse_ic 4.865e-03  mse_in 5.318e-03  mse_out 6.021e-08:  10%|▉         | 2491/25000 [02:29<22:54]
loss : 1.023e-02  mse_pde 4.821e-05  mse_ic 5.082e-03  mse_in 5.096e-03  mse_out 5.638e-08:  10%|▉         | 2491/25000 [02:29<22:54]
loss : 1.023e-02  mse_pde 4.821e-05  mse_ic 5.082e-03  mse_in 5.096e-03  mse_out 5.638e-08:  10%|▉         | 2491/25000 [02:29<22:54]
loss : 1.023e-02  mse_pde 4.821e-05  mse_ic 5.082e-03  mse_in 5.096e-03  mse_out 5.638e-08:  10%|▉         | 2493/25000 [02:29<22:54]
loss : 1.034e-02  mse_pde 1.547e-04  mse_ic 5.324e-03  mse_in 4.860e-03  mse_out 5.515e-08:  10%|▉         | 2493/25000 [02:29<22:54]
loss : 1.034e-02  mse_pde 1.547e-04  mse_ic 5.324e-03  mse_in 4.860e-03  mse_out 5.515e-08:  10%|▉         | 2493/25000 [02:29<22:54]
loss : 1.031e-02  mse_pde 1.258e-04  mse_ic 5.317e-03  mse_in 4.869e-03  mse_out 5.691e-08:  10%|▉         | 2493/25000 [02:29<22:54]
loss : 1.031e-02  mse_pde 1.258e-04  mse_ic 5.317e-03  mse_in 4.869e-03  mse_out 5.691e-08:  10%|▉         | 2493/25000 [02:29<22:54]
loss : 1.031e-02  mse_pde 1.258e-04  mse_ic 5.317e-03  mse_in 4.869e-03  mse_out 5.691e-08:  10%|▉         | 2495/25000 [02:29<22:30]
loss : 1.021e-02  mse_pde 3.183e-05  mse_ic 4.904e-03  mse_in 5.274e-03  mse_out 5.971e-08:  10%|▉         | 2495/25000 [02:29<22:30]
loss : 1.021e-02  mse_pde 3.183e-05  mse_ic 4.904e-03  mse_in 5.274e-03  mse_out 5.971e-08:  10%|▉         | 2495/25000 [02:29<22:30]
loss : 1.033e-02  mse_pde 1.404e-04  mse_ic 4.645e-03  mse_in 5.546e-03  mse_out 6.233e-08:  10%|▉         | 2495/25000 [02:29<22:30]
loss : 1.033e-02  mse_pde 1.404e-04  mse_ic 4.645e-03  mse_in 5.546e-03  mse_out 6.233e-08:  10%|▉         | 2495/25000 [02:29<22:30]
loss : 1.033e-02  mse_pde 1.404e-04  mse_ic 4.645e-03  mse_in 5.546e-03  mse_out 6.233e-08:  10%|▉         | 2497/25000 [02:29<22:40]
loss : 1.038e-02  mse_pde 1.966e-04  mse_ic 4.774e-03  mse_in 5.411e-03  mse_out 6.301e-08:  10%|▉         | 2497/25000 [02:29<22:40]
loss : 1.038e-02  mse_pde 1.966e-04  mse_ic 4.774e-03  mse_in 5.411e-03  mse_out 6.301e-08:  10%|▉         | 2497/25000 [02:29<22:40]
loss : 1.036e-02  mse_pde 1.821e-04  mse_ic 5.025e-03  mse_in 5.149e-03  mse_out 6.073e-08:  10%|▉         | 2497/25000 [02:29<22:40]
loss : 1.036e-02  mse_pde 1.821e-04  mse_ic 5.025e-03  mse_in 5.149e-03  mse_out 6.073e-08:  10%|▉         | 2497/25000 [02:29<22:40]
loss : 1.036e-02  mse_pde 1.821e-04  mse_ic 5.025e-03  mse_in 5.149e-03  mse_out 6.073e-08:  10%|▉         | 2499/25000 [02:29<22:42]
loss : 1.033e-02  mse_pde 1.368e-04  mse_ic 5.391e-03  mse_in 4.798e-03  mse_out 5.771e-08:  10%|▉         | 2499/25000 [02:30<22:42]
loss : 1.033e-02  mse_pde 1.368e-04  mse_ic 5.391e-03  mse_in 4.798e-03  mse_out 5.771e-08:  10%|▉         | 2499/25000 [02:30<22:42]
loss : 1.028e-02  mse_pde 1.007e-04  mse_ic 5.222e-03  mse_in 4.958e-03  mse_out 5.502e-08:  10%|▉         | 2499/25000 [02:30<22:42]
loss : 1.028e-02  mse_pde 1.007e-04  mse_ic 5.222e-03  mse_in 4.958e-03  mse_out 5.502e-08:  10%|▉         | 2499/25000 [02:30<22:42]
loss : 1.028e-02  mse_pde 1.007e-04  mse_ic 5.222e-03  mse_in 4.958e-03  mse_out 5.502e-08:  10%|█         | 2501/25000 [02:30<23:32]
loss : 1.040e-02  mse_pde 2.199e-04  mse_ic 4.842e-03  mse_in 5.336e-03  mse_out 5.488e-08:  10%|█         | 2501/25000 [02:30<23:32]
loss : 1.040e-02  mse_pde 2.199e-04  mse_ic 4.842e-03  mse_in 5.336e-03  mse_out 5.488e-08:  10%|█         | 2501/25000 [02:30<23:32]
loss : 1.038e-02  mse_pde 1.941e-04  mse_ic 4.882e-03  mse_in 5.299e-03  mse_out 5.893e-08:  10%|█         | 2501/25000 [02:30<23:32]
loss : 1.038e-02  mse_pde 1.941e-04  mse_ic 4.882e-03  mse_in 5.299e-03  mse_out 5.893e-08:  10%|█         | 2501/25000 [02:30<23:32]
loss : 1.030e-02  mse_pde 1.248e-04  mse_ic 5.028e-03  mse_in 5.149e-03  mse_out 6.277e-08:  10%|█         | 2501/25000 [02:30<23:32]
loss : 1.030e-02  mse_pde 1.248e-04  mse_ic 5.028e-03  mse_in 5.149e-03  mse_out 6.277e-08:  10%|█         | 2501/25000 [02:30<23:32]
loss : 1.030e-02  mse_pde 1.248e-04  mse_ic 5.028e-03  mse_in 5.149e-03  mse_out 6.277e-08:  10%|█         | 2504/25000 [02:30<22:10]
loss : 1.030e-02  mse_pde 1.174e-04  mse_ic 5.228e-03  mse_in 4.954e-03  mse_out 6.314e-08:  10%|█         | 2504/25000 [02:30<22:10]
loss : 1.030e-02  mse_pde 1.174e-04  mse_ic 5.228e-03  mse_in 4.954e-03  mse_out 6.314e-08:  10%|█         | 2504/25000 [02:30<22:10]
loss : 1.029e-02  mse_pde 1.036e-04  mse_ic 5.238e-03  mse_in 4.946e-03  mse_out 5.919e-08:  10%|█         | 2504/25000 [02:30<22:10]
loss : 1.029e-02  mse_pde 1.036e-04  mse_ic 5.238e-03  mse_in 4.946e-03  mse_out 5.919e-08:  10%|█         | 2504/25000 [02:30<22:10]
loss : 1.029e-02  mse_pde 1.036e-04  mse_ic 5.238e-03  mse_in 4.946e-03  mse_out 5.919e-08:  10%|█         | 2506/25000 [02:30<22:28]
loss : 1.032e-02  mse_pde 1.474e-04  mse_ic 5.033e-03  mse_in 5.143e-03  mse_out 5.416e-08:  10%|█         | 2506/25000 [02:30<22:28]
loss : 1.032e-02  mse_pde 1.474e-04  mse_ic 5.033e-03  mse_in 5.143e-03  mse_out 5.416e-08:  10%|█         | 2506/25000 [02:30<22:28]
loss : 1.027e-02  mse_pde 9.562e-05  mse_ic 5.108e-03  mse_in 5.070e-03  mse_out 5.334e-08:  10%|█         | 2506/25000 [02:30<22:28]
loss : 1.027e-02  mse_pde 9.562e-05  mse_ic 5.108e-03  mse_in 5.070e-03  mse_out 5.334e-08:  10%|█         | 2506/25000 [02:30<22:28]
loss : 1.027e-02  mse_pde 9.562e-05  mse_ic 5.108e-03  mse_in 5.070e-03  mse_out 5.334e-08:  10%|█         | 2508/25000 [02:30<22:40]
loss : 1.024e-02  mse_pde 5.798e-05  mse_ic 5.243e-03  mse_in 4.939e-03  mse_out 5.603e-08:  10%|█         | 2508/25000 [02:30<22:40]
loss : 1.024e-02  mse_pde 5.798e-05  mse_ic 5.243e-03  mse_in 4.939e-03  mse_out 5.603e-08:  10%|█         | 2508/25000 [02:30<22:40]
loss : 1.032e-02  mse_pde 1.488e-04  mse_ic 5.168e-03  mse_in 5.008e-03  mse_out 5.997e-08:  10%|█         | 2508/25000 [02:30<22:40]
loss : 1.032e-02  mse_pde 1.488e-04  mse_ic 5.168e-03  mse_in 5.008e-03  mse_out 5.997e-08:  10%|█         | 2508/25000 [02:30<22:40]
loss : 1.032e-02  mse_pde 1.488e-04  mse_ic 5.168e-03  mse_in 5.008e-03  mse_out 5.997e-08:  10%|█         | 2510/25000 [02:30<22:43]
loss : 1.028e-02  mse_pde 1.041e-04  mse_ic 5.077e-03  mse_in 5.100e-03  mse_out 6.312e-08:  10%|█         | 2510/25000 [02:30<22:43]
loss : 1.028e-02  mse_pde 1.041e-04  mse_ic 5.077e-03  mse_in 5.100e-03  mse_out 6.312e-08:  10%|█         | 2510/25000 [02:30<22:43]
loss : 1.022e-02  mse_pde 4.175e-05  mse_ic 4.831e-03  mse_in 5.348e-03  mse_out 6.245e-08:  10%|█         | 2510/25000 [02:30<22:43]
loss : 1.022e-02  mse_pde 4.175e-05  mse_ic 4.831e-03  mse_in 5.348e-03  mse_out 6.245e-08:  10%|█         | 2510/25000 [02:30<22:43]
loss : 1.022e-02  mse_pde 4.175e-05  mse_ic 4.831e-03  mse_in 5.348e-03  mse_out 6.245e-08:  10%|█         | 2512/25000 [02:30<22:49]
loss : 1.026e-02  mse_pde 7.974e-05  mse_ic 4.764e-03  mse_in 5.418e-03  mse_out 5.972e-08:  10%|█         | 2512/25000 [02:30<22:49]
loss : 1.026e-02  mse_pde 7.974e-05  mse_ic 4.764e-03  mse_in 5.418e-03  mse_out 5.972e-08:  10%|█         | 2512/25000 [02:30<22:49]
loss : 1.030e-02  mse_pde 1.269e-04  mse_ic 4.994e-03  mse_in 5.182e-03  mse_out 5.793e-08:  10%|█         | 2512/25000 [02:30<22:49]
loss : 1.030e-02  mse_pde 1.269e-04  mse_ic 4.994e-03  mse_in 5.182e-03  mse_out 5.793e-08:  10%|█         | 2512/25000 [02:30<22:49]
loss : 1.030e-02  mse_pde 1.269e-04  mse_ic 4.994e-03  mse_in 5.182e-03  mse_out 5.793e-08:  10%|█         | 2514/25000 [02:30<22:53]
loss : 1.039e-02  mse_pde 2.210e-04  mse_ic 5.147e-03  mse_in 5.025e-03  mse_out 5.771e-08:  10%|█         | 2514/25000 [02:30<22:53]
loss : 1.039e-02  mse_pde 2.210e-04  mse_ic 5.147e-03  mse_in 5.025e-03  mse_out 5.771e-08:  10%|█         | 2514/25000 [02:30<22:53]
loss : 1.033e-02  mse_pde 1.494e-04  mse_ic 5.317e-03  mse_in 4.866e-03  mse_out 6.028e-08:  10%|█         | 2514/25000 [02:30<22:53]
loss : 1.033e-02  mse_pde 1.494e-04  mse_ic 5.317e-03  mse_in 4.866e-03  mse_out 6.028e-08:  10%|█         | 2514/25000 [02:30<22:53]
loss : 1.033e-02  mse_pde 1.494e-04  mse_ic 5.317e-03  mse_in 4.866e-03  mse_out 6.028e-08:  10%|█         | 2516/25000 [02:31<22:51]
loss : 1.020e-02  mse_pde 2.056e-05  mse_ic 4.986e-03  mse_in 5.189e-03  mse_out 6.222e-08:  10%|█         | 2516/25000 [02:31<22:51]
loss : 1.020e-02  mse_pde 2.056e-05  mse_ic 4.986e-03  mse_in 5.189e-03  mse_out 6.222e-08:  10%|█         | 2516/25000 [02:31<22:51]
loss : 1.033e-02  mse_pde 1.484e-04  mse_ic 4.715e-03  mse_in 5.469e-03  mse_out 6.363e-08:  10%|█         | 2516/25000 [02:31<22:51]
loss : 1.033e-02  mse_pde 1.484e-04  mse_ic 4.715e-03  mse_in 5.469e-03  mse_out 6.363e-08:  10%|█         | 2516/25000 [02:31<22:51]
loss : 1.033e-02  mse_pde 1.484e-04  mse_ic 4.715e-03  mse_in 5.469e-03  mse_out 6.363e-08:  10%|█         | 2518/25000 [02:31<22:51]
loss : 1.052e-02  mse_pde 3.375e-04  mse_ic 4.856e-03  mse_in 5.325e-03  mse_out 6.444e-08:  10%|█         | 2518/25000 [02:31<22:51]
loss : 1.052e-02  mse_pde 3.375e-04  mse_ic 4.856e-03  mse_in 5.325e-03  mse_out 6.444e-08:  10%|█         | 2518/25000 [02:31<22:51]
loss : 1.062e-02  mse_pde 4.437e-04  mse_ic 5.132e-03  mse_in 5.041e-03  mse_out 6.303e-08:  10%|█         | 2518/25000 [02:31<22:51]
loss : 1.062e-02  mse_pde 4.437e-04  mse_ic 5.132e-03  mse_in 5.041e-03  mse_out 6.303e-08:  10%|█         | 2518/25000 [02:31<22:51]
loss : 1.062e-02  mse_pde 4.437e-04  mse_ic 5.132e-03  mse_in 5.041e-03  mse_out 6.303e-08:  10%|█         | 2520/25000 [02:31<22:51]
loss : 1.046e-02  mse_pde 2.316e-04  mse_ic 5.761e-03  mse_in 4.468e-03  mse_out 6.154e-08:  10%|█         | 2520/25000 [02:31<22:51]
loss : 1.046e-02  mse_pde 2.316e-04  mse_ic 5.761e-03  mse_in 4.468e-03  mse_out 6.154e-08:  10%|█         | 2520/25000 [02:31<22:51]
loss : 1.037e-02  mse_pde 1.630e-04  mse_ic 5.546e-03  mse_in 4.661e-03  mse_out 5.729e-08:  10%|█         | 2520/25000 [02:31<22:51]
loss : 1.037e-02  mse_pde 1.630e-04  mse_ic 5.546e-03  mse_in 4.661e-03  mse_out 5.729e-08:  10%|█         | 2520/25000 [02:31<22:51]
loss : 1.037e-02  mse_pde 1.630e-04  mse_ic 5.546e-03  mse_in 4.661e-03  mse_out 5.729e-08:  10%|█         | 2522/25000 [02:31<22:57]
loss : 1.060e-02  mse_pde 4.202e-04  mse_ic 5.000e-03  mse_in 5.178e-03  mse_out 5.467e-08:  10%|█         | 2522/25000 [02:31<22:57]
loss : 1.060e-02  mse_pde 4.202e-04  mse_ic 5.000e-03  mse_in 5.178e-03  mse_out 5.467e-08:  10%|█         | 2522/25000 [02:31<22:57]
loss : 1.033e-02  mse_pde 1.516e-04  mse_ic 5.001e-03  mse_in 5.182e-03  mse_out 5.758e-08:  10%|█         | 2522/25000 [02:31<22:57]
loss : 1.033e-02  mse_pde 1.516e-04  mse_ic 5.001e-03  mse_in 5.182e-03  mse_out 5.758e-08:  10%|█         | 2522/25000 [02:31<22:57]
loss : 1.033e-02  mse_pde 1.516e-04  mse_ic 5.001e-03  mse_in 5.182e-03  mse_out 5.758e-08:  10%|█         | 2524/25000 [02:31<22:58]
loss : 1.033e-02  mse_pde 1.421e-04  mse_ic 5.201e-03  mse_in 4.985e-03  mse_out 6.215e-08:  10%|█         | 2524/25000 [02:31<22:58]
loss : 1.033e-02  mse_pde 1.421e-04  mse_ic 5.201e-03  mse_in 4.985e-03  mse_out 6.215e-08:  10%|█         | 2524/25000 [02:31<22:58]
loss : 1.052e-02  mse_pde 3.357e-04  mse_ic 5.356e-03  mse_in 4.833e-03  mse_out 6.413e-08:  10%|█         | 2524/25000 [02:31<22:58]
loss : 1.052e-02  mse_pde 3.357e-04  mse_ic 5.356e-03  mse_in 4.833e-03  mse_out 6.413e-08:  10%|█         | 2524/25000 [02:31<22:58]
loss : 1.052e-02  mse_pde 3.357e-04  mse_ic 5.356e-03  mse_in 4.833e-03  mse_out 6.413e-08:  10%|█         | 2526/25000 [02:31<23:05]
loss : 1.027e-02  mse_pde 7.873e-05  mse_ic 5.438e-03  mse_in 4.757e-03  mse_out 6.229e-08:  10%|█         | 2526/25000 [02:31<23:05]
loss : 1.027e-02  mse_pde 7.873e-05  mse_ic 5.438e-03  mse_in 4.757e-03  mse_out 6.229e-08:  10%|█         | 2526/25000 [02:31<23:05]
loss : 1.037e-02  mse_pde 1.836e-04  mse_ic 5.214e-03  mse_in 4.967e-03  mse_out 5.790e-08:  10%|█         | 2526/25000 [02:31<23:05]
loss : 1.037e-02  mse_pde 1.836e-04  mse_ic 5.214e-03  mse_in 4.967e-03  mse_out 5.790e-08:  10%|█         | 2526/25000 [02:31<23:05]
loss : 1.037e-02  mse_pde 1.836e-04  mse_ic 5.214e-03  mse_in 4.967e-03  mse_out 5.790e-08:  10%|█         | 2528/25000 [02:31<22:50]
loss : 1.051e-02  mse_pde 3.372e-04  mse_ic 4.908e-03  mse_in 5.266e-03  mse_out 5.511e-08:  10%|█         | 2528/25000 [02:31<22:50]
loss : 1.051e-02  mse_pde 3.372e-04  mse_ic 4.908e-03  mse_in 5.266e-03  mse_out 5.511e-08:  10%|█         | 2528/25000 [02:31<22:50]
loss : 1.025e-02  mse_pde 7.463e-05  mse_ic 5.049e-03  mse_in 5.125e-03  mse_out 5.720e-08:  10%|█         | 2528/25000 [02:31<22:50]
loss : 1.025e-02  mse_pde 7.463e-05  mse_ic 5.049e-03  mse_in 5.125e-03  mse_out 5.720e-08:  10%|█         | 2528/25000 [02:31<22:50]
loss : 1.025e-02  mse_pde 7.463e-05  mse_ic 5.049e-03  mse_in 5.125e-03  mse_out 5.720e-08:  10%|█         | 2530/25000 [02:31<22:57]
loss : 1.032e-02  mse_pde 1.401e-04  mse_ic 5.223e-03  mse_in 4.955e-03  mse_out 6.126e-08:  10%|█         | 2530/25000 [02:31<22:57]
loss : 1.032e-02  mse_pde 1.401e-04  mse_ic 5.223e-03  mse_in 4.955e-03  mse_out 6.126e-08:  10%|█         | 2530/25000 [02:31<22:57]
loss : 1.045e-02  mse_pde 2.805e-04  mse_ic 5.111e-03  mse_in 5.060e-03  mse_out 6.334e-08:  10%|█         | 2530/25000 [02:31<22:57]
loss : 1.045e-02  mse_pde 2.805e-04  mse_ic 5.111e-03  mse_in 5.060e-03  mse_out 6.334e-08:  10%|█         | 2530/25000 [02:31<22:57]
loss : 1.045e-02  mse_pde 2.805e-04  mse_ic 5.111e-03  mse_in 5.060e-03  mse_out 6.334e-08:  10%|█         | 2532/25000 [02:31<22:51]
loss : 1.024e-02  mse_pde 6.683e-05  mse_ic 4.998e-03  mse_in 5.176e-03  mse_out 6.232e-08:  10%|█         | 2532/25000 [02:32<22:51]
loss : 1.024e-02  mse_pde 6.683e-05  mse_ic 4.998e-03  mse_in 5.176e-03  mse_out 6.232e-08:  10%|█         | 2532/25000 [02:32<22:51]
loss : 1.030e-02  mse_pde 1.183e-04  mse_ic 4.795e-03  mse_in 5.386e-03  mse_out 5.819e-08:  10%|█         | 2532/25000 [02:32<22:51]
loss : 1.030e-02  mse_pde 1.183e-04  mse_ic 4.795e-03  mse_in 5.386e-03  mse_out 5.819e-08:  10%|█         | 2532/25000 [02:32<22:51]
loss : 1.030e-02  mse_pde 1.183e-04  mse_ic 4.795e-03  mse_in 5.386e-03  mse_out 5.819e-08:  10%|█         | 2534/25000 [02:32<22:47]
loss : 1.051e-02  mse_pde 3.320e-04  mse_ic 4.718e-03  mse_in 5.465e-03  mse_out 5.429e-08:  10%|█         | 2534/25000 [02:32<22:47]
loss : 1.051e-02  mse_pde 3.320e-04  mse_ic 4.718e-03  mse_in 5.465e-03  mse_out 5.429e-08:  10%|█         | 2534/25000 [02:32<22:47]
loss : 1.035e-02  mse_pde 1.775e-04  mse_ic 5.053e-03  mse_in 5.125e-03  mse_out 5.422e-08:  10%|█         | 2534/25000 [02:32<22:47]
loss : 1.035e-02  mse_pde 1.775e-04  mse_ic 5.053e-03  mse_in 5.125e-03  mse_out 5.422e-08:  10%|█         | 2534/25000 [02:32<22:47]
loss : 1.035e-02  mse_pde 1.775e-04  mse_ic 5.053e-03  mse_in 5.125e-03  mse_out 5.422e-08:  10%|█         | 2536/25000 [02:32<22:58]
loss : 1.027e-02  mse_pde 8.244e-05  mse_ic 5.330e-03  mse_in 4.855e-03  mse_out 5.654e-08:  10%|█         | 2536/25000 [02:32<22:58]
loss : 1.027e-02  mse_pde 8.244e-05  mse_ic 5.330e-03  mse_in 4.855e-03  mse_out 5.654e-08:  10%|█         | 2536/25000 [02:32<22:58]
loss : 1.043e-02  mse_pde 2.503e-04  mse_ic 5.274e-03  mse_in 4.907e-03  mse_out 5.937e-08:  10%|█         | 2536/25000 [02:32<22:58]
loss : 1.043e-02  mse_pde 2.503e-04  mse_ic 5.274e-03  mse_in 4.907e-03  mse_out 5.937e-08:  10%|█         | 2536/25000 [02:32<22:58]
loss : 1.043e-02  mse_pde 2.503e-04  mse_ic 5.274e-03  mse_in 4.907e-03  mse_out 5.937e-08:  10%|█         | 2538/25000 [02:32<22:55]
loss : 1.025e-02  mse_pde 7.082e-05  mse_ic 5.205e-03  mse_in 4.977e-03  mse_out 6.212e-08:  10%|█         | 2538/25000 [02:32<22:55]
loss : 1.025e-02  mse_pde 7.082e-05  mse_ic 5.205e-03  mse_in 4.977e-03  mse_out 6.212e-08:  10%|█         | 2538/25000 [02:32<22:55]
loss : 1.031e-02  mse_pde 1.292e-04  mse_ic 5.033e-03  mse_in 5.148e-03  mse_out 6.242e-08:  10%|█         | 2538/25000 [02:32<22:55]
loss : 1.031e-02  mse_pde 1.292e-04  mse_ic 5.033e-03  mse_in 5.148e-03  mse_out 6.242e-08:  10%|█         | 2538/25000 [02:32<22:55]
loss : 1.031e-02  mse_pde 1.292e-04  mse_ic 5.033e-03  mse_in 5.148e-03  mse_out 6.242e-08:  10%|█         | 2540/25000 [02:32<22:51]
loss : 1.045e-02  mse_pde 2.767e-04  mse_ic 4.976e-03  mse_in 5.202e-03  mse_out 6.084e-08:  10%|█         | 2540/25000 [02:32<22:51]
loss : 1.045e-02  mse_pde 2.767e-04  mse_ic 4.976e-03  mse_in 5.202e-03  mse_out 6.084e-08:  10%|█         | 2540/25000 [02:32<22:51]
loss : 1.026e-02  mse_pde 6.987e-05  mse_ic 5.331e-03  mse_in 4.859e-03  mse_out 6.047e-08:  10%|█         | 2540/25000 [02:32<22:51]
loss : 1.026e-02  mse_pde 6.987e-05  mse_ic 5.331e-03  mse_in 4.859e-03  mse_out 6.047e-08:  10%|█         | 2540/25000 [02:32<22:51]
loss : 1.026e-02  mse_pde 6.987e-05  mse_ic 5.331e-03  mse_in 4.859e-03  mse_out 6.047e-08:  10%|█         | 2542/25000 [02:32<23:00]
loss : 1.033e-02  mse_pde 1.289e-04  mse_ic 5.497e-03  mse_in 4.704e-03  mse_out 6.000e-08:  10%|█         | 2542/25000 [02:32<23:00]
loss : 1.033e-02  mse_pde 1.289e-04  mse_ic 5.497e-03  mse_in 4.704e-03  mse_out 6.000e-08:  10%|█         | 2542/25000 [02:32<23:00]
loss : 1.037e-02  mse_pde 1.877e-04  mse_ic 5.216e-03  mse_in 4.963e-03  mse_out 5.936e-08:  10%|█         | 2542/25000 [02:32<23:00]
loss : 1.037e-02  mse_pde 1.877e-04  mse_ic 5.216e-03  mse_in 4.963e-03  mse_out 5.936e-08:  10%|█         | 2542/25000 [02:32<23:00]
loss : 1.037e-02  mse_pde 1.877e-04  mse_ic 5.216e-03  mse_in 4.963e-03  mse_out 5.936e-08:  10%|█         | 2544/25000 [02:32<22:58]
loss : 1.021e-02  mse_pde 3.535e-05  mse_ic 4.992e-03  mse_in 5.186e-03  mse_out 6.067e-08:  10%|█         | 2544/25000 [02:32<22:58]
loss : 1.021e-02  mse_pde 3.535e-05  mse_ic 4.992e-03  mse_in 5.186e-03  mse_out 6.067e-08:  10%|█         | 2544/25000 [02:32<22:58]
loss : 1.034e-02  mse_pde 1.620e-04  mse_ic 4.828e-03  mse_in 5.354e-03  mse_out 6.279e-08:  10%|█         | 2544/25000 [02:32<22:58]
loss : 1.034e-02  mse_pde 1.620e-04  mse_ic 4.828e-03  mse_in 5.354e-03  mse_out 6.279e-08:  10%|█         | 2544/25000 [02:32<22:58]
loss : 1.034e-02  mse_pde 1.620e-04  mse_ic 4.828e-03  mse_in 5.354e-03  mse_out 6.279e-08:  10%|█         | 2546/25000 [02:32<23:01]
loss : 1.046e-02  mse_pde 2.779e-04  mse_ic 4.831e-03  mse_in 5.347e-03  mse_out 6.488e-08:  10%|█         | 2546/25000 [02:32<23:01]
loss : 1.046e-02  mse_pde 2.779e-04  mse_ic 4.831e-03  mse_in 5.347e-03  mse_out 6.488e-08:  10%|█         | 2546/25000 [02:32<23:01]
loss : 1.030e-02  mse_pde 1.212e-04  mse_ic 5.196e-03  mse_in 4.984e-03  mse_out 6.712e-08:  10%|█         | 2546/25000 [02:32<23:01]
loss : 1.030e-02  mse_pde 1.212e-04  mse_ic 5.196e-03  mse_in 4.984e-03  mse_out 6.712e-08:  10%|█         | 2546/25000 [02:32<23:01]
loss : 1.030e-02  mse_pde 1.212e-04  mse_ic 5.196e-03  mse_in 4.984e-03  mse_out 6.712e-08:  10%|█         | 2548/25000 [02:32<22:41]
loss : 1.029e-02  mse_pde 1.078e-04  mse_ic 5.296e-03  mse_in 4.888e-03  mse_out 6.598e-08:  10%|█         | 2548/25000 [02:33<22:41]
loss : 1.029e-02  mse_pde 1.078e-04  mse_ic 5.296e-03  mse_in 4.888e-03  mse_out 6.598e-08:  10%|█         | 2548/25000 [02:33<22:41]
loss : 1.041e-02  mse_pde 2.392e-04  mse_ic 5.044e-03  mse_in 5.129e-03  mse_out 6.230e-08:  10%|█         | 2548/25000 [02:33<22:41]
loss : 1.041e-02  mse_pde 2.392e-04  mse_ic 5.044e-03  mse_in 5.129e-03  mse_out 6.230e-08:  10%|█         | 2548/25000 [02:33<22:41]
loss : 1.041e-02  mse_pde 2.392e-04  mse_ic 5.044e-03  mse_in 5.129e-03  mse_out 6.230e-08:  10%|█         | 2550/25000 [02:33<22:56]
loss : 1.027e-02  mse_pde 8.786e-05  mse_ic 5.049e-03  mse_in 5.129e-03  mse_out 6.052e-08:  10%|█         | 2550/25000 [02:33<22:56]
loss : 1.027e-02  mse_pde 8.786e-05  mse_ic 5.049e-03  mse_in 5.129e-03  mse_out 6.052e-08:  10%|█         | 2550/25000 [02:33<22:56]
loss : 1.027e-02  mse_pde 9.552e-05  mse_ic 5.065e-03  mse_in 5.114e-03  mse_out 5.906e-08:  10%|█         | 2550/25000 [02:33<22:56]
loss : 1.027e-02  mse_pde 9.552e-05  mse_ic 5.065e-03  mse_in 5.114e-03  mse_out 5.906e-08:  10%|█         | 2550/25000 [02:33<22:56]
loss : 1.027e-02  mse_pde 9.552e-05  mse_ic 5.065e-03  mse_in 5.114e-03  mse_out 5.906e-08:  10%|█         | 2552/25000 [02:33<22:52]
loss : 1.039e-02  mse_pde 2.101e-04  mse_ic 5.092e-03  mse_in 5.084e-03  mse_out 5.729e-08:  10%|█         | 2552/25000 [02:33<22:52]
loss : 1.039e-02  mse_pde 2.101e-04  mse_ic 5.092e-03  mse_in 5.084e-03  mse_out 5.729e-08:  10%|█         | 2552/25000 [02:33<22:52]
loss : 1.025e-02  mse_pde 6.244e-05  mse_ic 5.348e-03  mse_in 4.842e-03  mse_out 5.625e-08:  10%|█         | 2552/25000 [02:33<22:52]
loss : 1.025e-02  mse_pde 6.244e-05  mse_ic 5.348e-03  mse_in 4.842e-03  mse_out 5.625e-08:  10%|█         | 2552/25000 [02:33<22:52]
loss : 1.025e-02  mse_pde 6.244e-05  mse_ic 5.348e-03  mse_in 4.842e-03  mse_out 5.625e-08:  10%|█         | 2554/25000 [02:33<22:55]
loss : 1.031e-02  mse_pde 1.172e-04  mse_ic 5.307e-03  mse_in 4.883e-03  mse_out 5.422e-08:  10%|█         | 2554/25000 [02:33<22:55]
loss : 1.031e-02  mse_pde 1.172e-04  mse_ic 5.307e-03  mse_in 4.883e-03  mse_out 5.422e-08:  10%|█         | 2554/25000 [02:33<22:55]
loss : 1.035e-02  mse_pde 1.701e-04  mse_ic 5.041e-03  mse_in 5.138e-03  mse_out 5.299e-08:  10%|█         | 2554/25000 [02:33<22:55]
loss : 1.035e-02  mse_pde 1.701e-04  mse_ic 5.041e-03  mse_in 5.138e-03  mse_out 5.299e-08:  10%|█         | 2554/25000 [02:33<22:55]
loss : 1.035e-02  mse_pde 1.701e-04  mse_ic 5.041e-03  mse_in 5.138e-03  mse_out 5.299e-08:  10%|█         | 2556/25000 [02:33<22:52]
loss : 1.022e-02  mse_pde 4.008e-05  mse_ic 5.031e-03  mse_in 5.149e-03  mse_out 5.549e-08:  10%|█         | 2556/25000 [02:33<22:52]
loss : 1.022e-02  mse_pde 4.008e-05  mse_ic 5.031e-03  mse_in 5.149e-03  mse_out 5.549e-08:  10%|█         | 2556/25000 [02:33<22:52]
loss : 1.030e-02  mse_pde 1.168e-04  mse_ic 5.122e-03  mse_in 5.059e-03  mse_out 6.009e-08:  10%|█         | 2556/25000 [02:33<22:52]
loss : 1.030e-02  mse_pde 1.168e-04  mse_ic 5.122e-03  mse_in 5.059e-03  mse_out 6.009e-08:  10%|█         | 2556/25000 [02:33<22:52]
loss : 1.030e-02  mse_pde 1.168e-04  mse_ic 5.122e-03  mse_in 5.059e-03  mse_out 6.009e-08:  10%|█         | 2558/25000 [02:33<22:51]
loss : 1.033e-02  mse_pde 1.571e-04  mse_ic 5.146e-03  mse_in 5.031e-03  mse_out 6.399e-08:  10%|█         | 2558/25000 [02:33<22:51]
loss : 1.033e-02  mse_pde 1.571e-04  mse_ic 5.146e-03  mse_in 5.031e-03  mse_out 6.399e-08:  10%|█         | 2558/25000 [02:33<22:51]
loss : 1.021e-02  mse_pde 3.287e-05  mse_ic 5.201e-03  mse_in 4.979e-03  mse_out 6.594e-08:  10%|█         | 2558/25000 [02:33<22:51]
loss : 1.021e-02  mse_pde 3.287e-05  mse_ic 5.201e-03  mse_in 4.979e-03  mse_out 6.594e-08:  10%|█         | 2558/25000 [02:33<22:51]
loss : 1.021e-02  mse_pde 3.287e-05  mse_ic 5.201e-03  mse_in 4.979e-03  mse_out 6.594e-08:  10%|█         | 2560/25000 [02:33<23:00]
loss : 1.030e-02  mse_pde 1.239e-04  mse_ic 5.079e-03  mse_in 5.100e-03  mse_out 6.494e-08:  10%|█         | 2560/25000 [02:33<23:00]
loss : 1.030e-02  mse_pde 1.239e-04  mse_ic 5.079e-03  mse_in 5.100e-03  mse_out 6.494e-08:  10%|█         | 2560/25000 [02:33<23:00]
loss : 1.035e-02  mse_pde 1.697e-04  mse_ic 4.893e-03  mse_in 5.283e-03  mse_out 6.315e-08:  10%|█         | 2560/25000 [02:33<23:00]
loss : 1.035e-02  mse_pde 1.697e-04  mse_ic 4.893e-03  mse_in 5.283e-03  mse_out 6.315e-08:  10%|█         | 2560/25000 [02:33<23:00]
loss : 1.035e-02  mse_pde 1.697e-04  mse_ic 4.893e-03  mse_in 5.283e-03  mse_out 6.315e-08:  10%|█         | 2562/25000 [02:33<22:31]
loss : 1.021e-02  mse_pde 3.227e-05  mse_ic 5.050e-03  mse_in 5.127e-03  mse_out 6.414e-08:  10%|█         | 2562/25000 [02:33<22:31]
loss : 1.021e-02  mse_pde 3.227e-05  mse_ic 5.050e-03  mse_in 5.127e-03  mse_out 6.414e-08:  10%|█         | 2562/25000 [02:33<22:31]
loss : 1.026e-02  mse_pde 8.134e-05  mse_ic 5.141e-03  mse_in 5.038e-03  mse_out 6.498e-08:  10%|█         | 2562/25000 [02:33<22:31]
loss : 1.026e-02  mse_pde 8.134e-05  mse_ic 5.141e-03  mse_in 5.038e-03  mse_out 6.498e-08:  10%|█         | 2562/25000 [02:33<22:31]
loss : 1.026e-02  mse_pde 8.134e-05  mse_ic 5.141e-03  mse_in 5.038e-03  mse_out 6.498e-08:  10%|█         | 2564/25000 [02:33<21:57]
loss : 1.032e-02  mse_pde 1.444e-04  mse_ic 4.978e-03  mse_in 5.196e-03  mse_out 6.355e-08:  10%|█         | 2564/25000 [02:33<21:57]
loss : 1.032e-02  mse_pde 1.444e-04  mse_ic 4.978e-03  mse_in 5.196e-03  mse_out 6.355e-08:  10%|█         | 2564/25000 [02:33<21:57]
loss : 1.024e-02  mse_pde 6.549e-05  mse_ic 4.931e-03  mse_in 5.247e-03  mse_out 6.182e-08:  10%|█         | 2564/25000 [02:34<21:57]
loss : 1.024e-02  mse_pde 6.549e-05  mse_ic 4.931e-03  mse_in 5.247e-03  mse_out 6.182e-08:  10%|█         | 2564/25000 [02:34<21:57]
loss : 1.024e-02  mse_pde 6.549e-05  mse_ic 4.931e-03  mse_in 5.247e-03  mse_out 6.182e-08:  10%|█         | 2566/25000 [02:34<22:07]
loss : 1.021e-02  mse_pde 3.436e-05  mse_ic 4.914e-03  mse_in 5.263e-03  mse_out 6.010e-08:  10%|█         | 2566/25000 [02:34<22:07]
loss : 1.021e-02  mse_pde 3.436e-05  mse_ic 4.914e-03  mse_in 5.263e-03  mse_out 6.010e-08:  10%|█         | 2566/25000 [02:34<22:07]
loss : 1.027e-02  mse_pde 9.283e-05  mse_ic 4.994e-03  mse_in 5.181e-03  mse_out 5.976e-08:  10%|█         | 2566/25000 [02:34<22:07]
loss : 1.027e-02  mse_pde 9.283e-05  mse_ic 4.994e-03  mse_in 5.181e-03  mse_out 5.976e-08:  10%|█         | 2566/25000 [02:34<22:07]
loss : 1.027e-02  mse_pde 9.283e-05  mse_ic 4.994e-03  mse_in 5.181e-03  mse_out 5.976e-08:  10%|█         | 2568/25000 [02:34<22:22]
loss : 1.030e-02  mse_pde 1.205e-04  mse_ic 5.214e-03  mse_in 4.968e-03  mse_out 6.105e-08:  10%|█         | 2568/25000 [02:34<22:22]
loss : 1.030e-02  mse_pde 1.205e-04  mse_ic 5.214e-03  mse_in 4.968e-03  mse_out 6.105e-08:  10%|█         | 2568/25000 [02:34<22:22]
loss : 1.021e-02  mse_pde 3.123e-05  mse_ic 5.111e-03  mse_in 5.066e-03  mse_out 6.030e-08:  10%|█         | 2568/25000 [02:34<22:22]
loss : 1.021e-02  mse_pde 3.123e-05  mse_ic 5.111e-03  mse_in 5.066e-03  mse_out 6.030e-08:  10%|█         | 2568/25000 [02:34<22:22]
loss : 1.021e-02  mse_pde 3.123e-05  mse_ic 5.111e-03  mse_in 5.066e-03  mse_out 6.030e-08:  10%|█         | 2570/25000 [02:34<22:27]
loss : 1.024e-02  mse_pde 6.642e-05  mse_ic 4.969e-03  mse_in 5.207e-03  mse_out 5.808e-08:  10%|█         | 2570/25000 [02:34<22:27]
loss : 1.024e-02  mse_pde 6.642e-05  mse_ic 4.969e-03  mse_in 5.207e-03  mse_out 5.808e-08:  10%|█         | 2570/25000 [02:34<22:27]
loss : 1.033e-02  mse_pde 1.559e-04  mse_ic 5.053e-03  mse_in 5.125e-03  mse_out 5.624e-08:  10%|█         | 2570/25000 [02:34<22:27]
loss : 1.033e-02  mse_pde 1.559e-04  mse_ic 5.053e-03  mse_in 5.125e-03  mse_out 5.624e-08:  10%|█         | 2570/25000 [02:34<22:27]
loss : 1.033e-02  mse_pde 1.559e-04  mse_ic 5.053e-03  mse_in 5.125e-03  mse_out 5.624e-08:  10%|█         | 2572/25000 [02:34<22:06]
loss : 1.029e-02  mse_pde 1.171e-04  mse_ic 5.127e-03  mse_in 5.048e-03  mse_out 5.497e-08:  10%|█         | 2572/25000 [02:34<22:06]
loss : 1.029e-02  mse_pde 1.171e-04  mse_ic 5.127e-03  mse_in 5.048e-03  mse_out 5.497e-08:  10%|█         | 2572/25000 [02:34<22:06]
loss : 1.022e-02  mse_pde 3.949e-05  mse_ic 5.266e-03  mse_in 4.916e-03  mse_out 5.597e-08:  10%|█         | 2572/25000 [02:34<22:06]
loss : 1.022e-02  mse_pde 3.949e-05  mse_ic 5.266e-03  mse_in 4.916e-03  mse_out 5.597e-08:  10%|█         | 2572/25000 [02:34<22:06]
loss : 1.025e-02  mse_pde 7.619e-05  mse_ic 5.096e-03  mse_in 5.082e-03  mse_out 5.750e-08:  10%|█         | 2572/25000 [02:34<22:06]
loss : 1.025e-02  mse_pde 7.619e-05  mse_ic 5.096e-03  mse_in 5.082e-03  mse_out 5.750e-08:  10%|█         | 2572/25000 [02:34<22:06]
loss : 1.025e-02  mse_pde 7.619e-05  mse_ic 5.096e-03  mse_in 5.082e-03  mse_out 5.750e-08:  10%|█         | 2575/25000 [02:34<20:05]
loss : 1.037e-02  mse_pde 1.901e-04  mse_ic 4.853e-03  mse_in 5.324e-03  mse_out 5.967e-08:  10%|█         | 2575/25000 [02:34<20:05]
loss : 1.037e-02  mse_pde 1.901e-04  mse_ic 4.853e-03  mse_in 5.324e-03  mse_out 5.967e-08:  10%|█         | 2575/25000 [02:34<20:05]
loss : 1.032e-02  mse_pde 1.468e-04  mse_ic 5.070e-03  mse_in 5.107e-03  mse_out 6.395e-08:  10%|█         | 2575/25000 [02:34<20:05]
loss : 1.032e-02  mse_pde 1.468e-04  mse_ic 5.070e-03  mse_in 5.107e-03  mse_out 6.395e-08:  10%|█         | 2575/25000 [02:34<20:05]
loss : 1.032e-02  mse_pde 1.468e-04  mse_ic 5.070e-03  mse_in 5.107e-03  mse_out 6.395e-08:  10%|█         | 2577/25000 [02:34<20:36]
loss : 1.023e-02  mse_pde 5.258e-05  mse_ic 5.232e-03  mse_in 4.946e-03  mse_out 6.604e-08:  10%|█         | 2577/25000 [02:34<20:36]
loss : 1.023e-02  mse_pde 5.258e-05  mse_ic 5.232e-03  mse_in 4.946e-03  mse_out 6.604e-08:  10%|█         | 2577/25000 [02:34<20:36]
loss : 1.025e-02  mse_pde 7.591e-05  mse_ic 5.187e-03  mse_in 4.988e-03  mse_out 6.516e-08:  10%|█         | 2577/25000 [02:34<20:36]
loss : 1.025e-02  mse_pde 7.591e-05  mse_ic 5.187e-03  mse_in 4.988e-03  mse_out 6.516e-08:  10%|█         | 2577/25000 [02:34<20:36]
loss : 1.025e-02  mse_pde 7.591e-05  mse_ic 5.187e-03  mse_in 4.988e-03  mse_out 6.516e-08:  10%|█         | 2579/25000 [02:34<21:18]
loss : 1.034e-02  mse_pde 1.665e-04  mse_ic 5.097e-03  mse_in 5.080e-03  mse_out 6.382e-08:  10%|█         | 2579/25000 [02:34<21:18]
loss : 1.034e-02  mse_pde 1.665e-04  mse_ic 5.097e-03  mse_in 5.080e-03  mse_out 6.382e-08:  10%|█         | 2579/25000 [02:34<21:18]
loss : 1.030e-02  mse_pde 1.209e-04  mse_ic 4.939e-03  mse_in 5.236e-03  mse_out 6.261e-08:  10%|█         | 2579/25000 [02:34<21:18]
loss : 1.030e-02  mse_pde 1.209e-04  mse_ic 4.939e-03  mse_in 5.236e-03  mse_out 6.261e-08:  10%|█         | 2579/25000 [02:34<21:18]
loss : 1.030e-02  mse_pde 1.209e-04  mse_ic 4.939e-03  mse_in 5.236e-03  mse_out 6.261e-08:  10%|█         | 2581/25000 [02:34<21:39]
loss : 1.021e-02  mse_pde 2.980e-05  mse_ic 5.124e-03  mse_in 5.052e-03  mse_out 6.267e-08:  10%|█         | 2581/25000 [02:34<21:39]
loss : 1.021e-02  mse_pde 2.980e-05  mse_ic 5.124e-03  mse_in 5.052e-03  mse_out 6.267e-08:  10%|█         | 2581/25000 [02:34<21:39]
loss : 1.024e-02  mse_pde 5.823e-05  mse_ic 5.189e-03  mse_in 4.989e-03  mse_out 6.022e-08:  10%|█         | 2581/25000 [02:35<21:39]
loss : 1.024e-02  mse_pde 5.823e-05  mse_ic 5.189e-03  mse_in 4.989e-03  mse_out 6.022e-08:  10%|█         | 2581/25000 [02:35<21:39]
loss : 1.024e-02  mse_pde 5.823e-05  mse_ic 5.189e-03  mse_in 4.989e-03  mse_out 6.022e-08:  10%|█         | 2583/25000 [02:35<21:58]
loss : 1.030e-02  mse_pde 1.259e-04  mse_ic 4.981e-03  mse_in 5.191e-03  mse_out 5.602e-08:  10%|█         | 2583/25000 [02:35<21:58]
loss : 1.030e-02  mse_pde 1.259e-04  mse_ic 4.981e-03  mse_in 5.191e-03  mse_out 5.602e-08:  10%|█         | 2583/25000 [02:35<21:58]
loss : 1.031e-02  mse_pde 1.336e-04  mse_ic 5.025e-03  mse_in 5.149e-03  mse_out 5.514e-08:  10%|█         | 2583/25000 [02:35<21:58]
loss : 1.031e-02  mse_pde 1.336e-04  mse_ic 5.025e-03  mse_in 5.149e-03  mse_out 5.514e-08:  10%|█         | 2583/25000 [02:35<21:58]
loss : 1.031e-02  mse_pde 1.336e-04  mse_ic 5.025e-03  mse_in 5.149e-03  mse_out 5.514e-08:  10%|█         | 2585/25000 [02:35<22:05]
loss : 1.022e-02  mse_pde 4.516e-05  mse_ic 5.037e-03  mse_in 5.135e-03  mse_out 5.674e-08:  10%|█         | 2585/25000 [02:35<22:05]
loss : 1.022e-02  mse_pde 4.516e-05  mse_ic 5.037e-03  mse_in 5.135e-03  mse_out 5.674e-08:  10%|█         | 2585/25000 [02:35<22:05]
loss : 1.021e-02  mse_pde 3.425e-05  mse_ic 5.112e-03  mse_in 5.061e-03  mse_out 5.960e-08:  10%|█         | 2585/25000 [02:35<22:05]
loss : 1.021e-02  mse_pde 3.425e-05  mse_ic 5.112e-03  mse_in 5.061e-03  mse_out 5.960e-08:  10%|█         | 2585/25000 [02:35<22:05]
loss : 1.021e-02  mse_pde 3.425e-05  mse_ic 5.112e-03  mse_in 5.061e-03  mse_out 5.960e-08:  10%|█         | 2587/25000 [02:35<22:22]
loss : 1.025e-02  mse_pde 7.850e-05  mse_ic 5.078e-03  mse_in 5.096e-03  mse_out 6.053e-08:  10%|█         | 2587/25000 [02:35<22:22]
loss : 1.025e-02  mse_pde 7.850e-05  mse_ic 5.078e-03  mse_in 5.096e-03  mse_out 6.053e-08:  10%|█         | 2587/25000 [02:35<22:22]
loss : 1.031e-02  mse_pde 1.431e-04  mse_ic 4.924e-03  mse_in 5.248e-03  mse_out 5.916e-08:  10%|█         | 2587/25000 [02:35<22:22]
loss : 1.031e-02  mse_pde 1.431e-04  mse_ic 4.924e-03  mse_in 5.248e-03  mse_out 5.916e-08:  10%|█         | 2587/25000 [02:35<22:22]
loss : 1.031e-02  mse_pde 1.431e-04  mse_ic 4.924e-03  mse_in 5.248e-03  mse_out 5.916e-08:  10%|█         | 2589/25000 [02:35<22:03]
loss : 1.030e-02  mse_pde 1.206e-04  mse_ic 5.167e-03  mse_in 5.008e-03  mse_out 5.964e-08:  10%|█         | 2589/25000 [02:35<22:03]
loss : 1.030e-02  mse_pde 1.206e-04  mse_ic 5.167e-03  mse_in 5.008e-03  mse_out 5.964e-08:  10%|█         | 2589/25000 [02:35<22:03]
loss : 1.022e-02  mse_pde 5.185e-05  mse_ic 5.145e-03  mse_in 5.027e-03  mse_out 5.937e-08:  10%|█         | 2589/25000 [02:35<22:03]
loss : 1.022e-02  mse_pde 5.185e-05  mse_ic 5.145e-03  mse_in 5.027e-03  mse_out 5.937e-08:  10%|█         | 2589/25000 [02:35<22:03]
loss : 1.022e-02  mse_pde 5.185e-05  mse_ic 5.145e-03  mse_in 5.027e-03  mse_out 5.937e-08:  10%|█         | 2591/25000 [02:35<22:18]
loss : 1.020e-02  mse_pde 2.880e-05  mse_ic 5.020e-03  mse_in 5.151e-03  mse_out 5.884e-08:  10%|█         | 2591/25000 [02:35<22:18]
loss : 1.020e-02  mse_pde 2.880e-05  mse_ic 5.020e-03  mse_in 5.151e-03  mse_out 5.884e-08:  10%|█         | 2591/25000 [02:35<22:18]
loss : 1.031e-02  mse_pde 1.362e-04  mse_ic 4.958e-03  mse_in 5.216e-03  mse_out 5.858e-08:  10%|█         | 2591/25000 [02:35<22:18]
loss : 1.031e-02  mse_pde 1.362e-04  mse_ic 4.958e-03  mse_in 5.216e-03  mse_out 5.858e-08:  10%|█         | 2591/25000 [02:35<22:18]
loss : 1.031e-02  mse_pde 1.362e-04  mse_ic 4.958e-03  mse_in 5.216e-03  mse_out 5.858e-08:  10%|█         | 2593/25000 [02:35<22:26]
loss : 1.042e-02  mse_pde 2.492e-04  mse_ic 4.970e-03  mse_in 5.199e-03  mse_out 5.889e-08:  10%|█         | 2593/25000 [02:35<22:26]
loss : 1.042e-02  mse_pde 2.492e-04  mse_ic 4.970e-03  mse_in 5.199e-03  mse_out 5.889e-08:  10%|█         | 2593/25000 [02:35<22:26]
loss : 1.042e-02  mse_pde 2.337e-04  mse_ic 5.445e-03  mse_in 4.746e-03  mse_out 6.159e-08:  10%|█         | 2593/25000 [02:35<22:26]
loss : 1.042e-02  mse_pde 2.337e-04  mse_ic 5.445e-03  mse_in 4.746e-03  mse_out 6.159e-08:  10%|█         | 2593/25000 [02:35<22:26]
loss : 1.042e-02  mse_pde 2.337e-04  mse_ic 5.445e-03  mse_in 4.746e-03  mse_out 6.159e-08:  10%|█         | 2595/25000 [02:35<22:13]
loss : 1.019e-02  mse_pde 1.530e-05  mse_ic 5.189e-03  mse_in 4.986e-03  mse_out 6.003e-08:  10%|█         | 2595/25000 [02:35<22:13]
loss : 1.019e-02  mse_pde 1.530e-05  mse_ic 5.189e-03  mse_in 4.986e-03  mse_out 6.003e-08:  10%|█         | 2595/25000 [02:35<22:13]
loss : 1.037e-02  mse_pde 1.961e-04  mse_ic 4.891e-03  mse_in 5.282e-03  mse_out 5.753e-08:  10%|█         | 2595/25000 [02:35<22:13]
loss : 1.037e-02  mse_pde 1.961e-04  mse_ic 4.891e-03  mse_in 5.282e-03  mse_out 5.753e-08:  10%|█         | 2595/25000 [02:35<22:13]
loss : 1.037e-02  mse_pde 1.961e-04  mse_ic 4.891e-03  mse_in 5.282e-03  mse_out 5.753e-08:  10%|█         | 2597/25000 [02:35<22:27]
loss : 1.057e-02  mse_pde 3.924e-04  mse_ic 5.082e-03  mse_in 5.095e-03  mse_out 5.750e-08:  10%|█         | 2597/25000 [02:35<22:27]
loss : 1.057e-02  mse_pde 3.924e-04  mse_ic 5.082e-03  mse_in 5.095e-03  mse_out 5.750e-08:  10%|█         | 2597/25000 [02:35<22:27]
loss : 1.037e-02  mse_pde 1.809e-04  mse_ic 5.395e-03  mse_in 4.792e-03  mse_out 5.791e-08:  10%|█         | 2597/25000 [02:35<22:27]
loss : 1.037e-02  mse_pde 1.809e-04  mse_ic 5.395e-03  mse_in 4.792e-03  mse_out 5.791e-08:  10%|█         | 2597/25000 [02:35<22:27]
loss : 1.037e-02  mse_pde 1.809e-04  mse_ic 5.395e-03  mse_in 4.792e-03  mse_out 5.791e-08:  10%|█         | 2599/25000 [02:35<22:21]
loss : 1.034e-02  mse_pde 1.405e-04  mse_ic 5.554e-03  mse_in 4.647e-03  mse_out 5.744e-08:  10%|█         | 2599/25000 [02:36<22:21]
loss : 1.034e-02  mse_pde 1.405e-04  mse_ic 5.554e-03  mse_in 4.647e-03  mse_out 5.744e-08:  10%|█         | 2599/25000 [02:36<22:21]
loss : 1.042e-02  mse_pde 2.276e-04  mse_ic 5.464e-03  mse_in 4.732e-03  mse_out 5.698e-08:  10%|█         | 2599/25000 [02:36<22:21]
loss : 1.042e-02  mse_pde 2.276e-04  mse_ic 5.464e-03  mse_in 4.732e-03  mse_out 5.698e-08:  10%|█         | 2599/25000 [02:36<22:21]
loss : 1.042e-02  mse_pde 2.276e-04  mse_ic 5.464e-03  mse_in 4.732e-03  mse_out 5.698e-08:  10%|█         | 2601/25000 [02:36<23:15]
loss : 1.028e-02  mse_pde 1.018e-04  mse_ic 5.105e-03  mse_in 5.071e-03  mse_out 5.678e-08:  10%|█         | 2601/25000 [02:36<23:15]
loss : 1.028e-02  mse_pde 1.018e-04  mse_ic 5.105e-03  mse_in 5.071e-03  mse_out 5.678e-08:  10%|█         | 2601/25000 [02:36<23:15]
loss : 1.038e-02  mse_pde 2.034e-04  mse_ic 5.063e-03  mse_in 5.109e-03  mse_out 5.880e-08:  10%|█         | 2601/25000 [02:36<23:15]
loss : 1.038e-02  mse_pde 2.034e-04  mse_ic 5.063e-03  mse_in 5.109e-03  mse_out 5.880e-08:  10%|█         | 2601/25000 [02:36<23:15]
loss : 1.038e-02  mse_pde 2.034e-04  mse_ic 5.063e-03  mse_in 5.109e-03  mse_out 5.880e-08:  10%|█         | 2603/25000 [02:36<21:58]
loss : 1.041e-02  mse_pde 2.210e-04  mse_ic 5.382e-03  mse_in 4.806e-03  mse_out 5.947e-08:  10%|█         | 2603/25000 [02:36<21:58]
loss : 1.041e-02  mse_pde 2.210e-04  mse_ic 5.382e-03  mse_in 4.806e-03  mse_out 5.947e-08:  10%|█         | 2603/25000 [02:36<21:58]
loss : 1.024e-02  mse_pde 6.474e-05  mse_ic 5.205e-03  mse_in 4.971e-03  mse_out 5.795e-08:  10%|█         | 2603/25000 [02:36<21:58]
loss : 1.024e-02  mse_pde 6.474e-05  mse_ic 5.205e-03  mse_in 4.971e-03  mse_out 5.795e-08:  10%|█         | 2603/25000 [02:36<21:58]
loss : 1.024e-02  mse_pde 6.474e-05  mse_ic 5.205e-03  mse_in 4.971e-03  mse_out 5.795e-08:  10%|█         | 2605/25000 [02:36<22:16]
loss : 1.045e-02  mse_pde 2.766e-04  mse_ic 4.854e-03  mse_in 5.319e-03  mse_out 5.820e-08:  10%|█         | 2605/25000 [02:36<22:16]
loss : 1.045e-02  mse_pde 2.766e-04  mse_ic 4.854e-03  mse_in 5.319e-03  mse_out 5.820e-08:  10%|█         | 2605/25000 [02:36<22:16]
loss : 1.046e-02  mse_pde 2.828e-04  mse_ic 4.946e-03  mse_in 5.228e-03  mse_out 6.001e-08:  10%|█         | 2605/25000 [02:36<22:16]
loss : 1.046e-02  mse_pde 2.828e-04  mse_ic 4.946e-03  mse_in 5.228e-03  mse_out 6.001e-08:  10%|█         | 2605/25000 [02:36<22:16]
loss : 1.046e-02  mse_pde 2.828e-04  mse_ic 4.946e-03  mse_in 5.228e-03  mse_out 6.001e-08:  10%|█         | 2607/25000 [02:36<22:21]
loss : 1.027e-02  mse_pde 9.801e-05  mse_ic 5.027e-03  mse_in 5.142e-03  mse_out 5.673e-08:  10%|█         | 2607/25000 [02:36<22:21]
loss : 1.027e-02  mse_pde 9.801e-05  mse_ic 5.027e-03  mse_in 5.142e-03  mse_out 5.673e-08:  10%|█         | 2607/25000 [02:36<22:21]
loss : 1.036e-02  mse_pde 1.955e-04  mse_ic 5.037e-03  mse_in 5.131e-03  mse_out 5.018e-08:  10%|█         | 2607/25000 [02:36<22:21]
loss : 1.036e-02  mse_pde 1.955e-04  mse_ic 5.037e-03  mse_in 5.131e-03  mse_out 5.018e-08:  10%|█         | 2607/25000 [02:36<22:21]
loss : 1.036e-02  mse_pde 1.955e-04  mse_ic 5.037e-03  mse_in 5.131e-03  mse_out 5.018e-08:  10%|█         | 2609/25000 [02:36<22:19]
loss : 1.040e-02  mse_pde 2.292e-04  mse_ic 5.147e-03  mse_in 5.027e-03  mse_out 4.856e-08:  10%|█         | 2609/25000 [02:36<22:19]
loss : 1.040e-02  mse_pde 2.292e-04  mse_ic 5.147e-03  mse_in 5.027e-03  mse_out 4.856e-08:  10%|█         | 2609/25000 [02:36<22:19]
loss : 1.027e-02  mse_pde 9.394e-05  mse_ic 4.998e-03  mse_in 5.174e-03  mse_out 5.367e-08:  10%|█         | 2609/25000 [02:36<22:19]
loss : 1.027e-02  mse_pde 9.394e-05  mse_ic 4.998e-03  mse_in 5.174e-03  mse_out 5.367e-08:  10%|█         | 2609/25000 [02:36<22:19]
loss : 1.027e-02  mse_pde 9.394e-05  mse_ic 4.998e-03  mse_in 5.174e-03  mse_out 5.367e-08:  10%|█         | 2611/25000 [02:36<22:30]
loss : 1.034e-02  mse_pde 1.654e-04  mse_ic 5.043e-03  mse_in 5.128e-03  mse_out 6.606e-08:  10%|█         | 2611/25000 [02:36<22:30]
loss : 1.034e-02  mse_pde 1.654e-04  mse_ic 5.043e-03  mse_in 5.128e-03  mse_out 6.606e-08:  10%|█         | 2611/25000 [02:36<22:30]
loss : 1.040e-02  mse_pde 2.122e-04  mse_ic 5.420e-03  mse_in 4.772e-03  mse_out 7.850e-08:  10%|█         | 2611/25000 [02:36<22:30]
loss : 1.040e-02  mse_pde 2.122e-04  mse_ic 5.420e-03  mse_in 4.772e-03  mse_out 7.850e-08:  10%|█         | 2611/25000 [02:36<22:30]
loss : 1.040e-02  mse_pde 2.122e-04  mse_ic 5.420e-03  mse_in 4.772e-03  mse_out 7.850e-08:  10%|█         | 2613/25000 [02:36<22:28]
loss : 1.025e-02  mse_pde 6.911e-05  mse_ic 5.230e-03  mse_in 4.950e-03  mse_out 7.576e-08:  10%|█         | 2613/25000 [02:36<22:28]
loss : 1.025e-02  mse_pde 6.911e-05  mse_ic 5.230e-03  mse_in 4.950e-03  mse_out 7.576e-08:  10%|█         | 2613/25000 [02:36<22:28]
loss : 1.040e-02  mse_pde 2.270e-04  mse_ic 4.860e-03  mse_in 5.317e-03  mse_out 6.392e-08:  10%|█         | 2613/25000 [02:36<22:28]
loss : 1.040e-02  mse_pde 2.270e-04  mse_ic 4.860e-03  mse_in 5.317e-03  mse_out 6.392e-08:  10%|█         | 2613/25000 [02:36<22:28]
loss : 1.039e-02  mse_pde 2.116e-04  mse_ic 4.943e-03  mse_in 5.236e-03  mse_out 5.466e-08:  10%|█         | 2613/25000 [02:36<22:28]
loss : 1.039e-02  mse_pde 2.116e-04  mse_ic 4.943e-03  mse_in 5.236e-03  mse_out 5.466e-08:  10%|█         | 2613/25000 [02:36<22:28]
loss : 1.039e-02  mse_pde 2.116e-04  mse_ic 4.943e-03  mse_in 5.236e-03  mse_out 5.466e-08:  10%|█         | 2616/25000 [02:36<21:00]
loss : 1.023e-02  mse_pde 5.140e-05  mse_ic 5.175e-03  mse_in 5.002e-03  mse_out 5.122e-08:  10%|█         | 2616/25000 [02:37<21:00]
loss : 1.023e-02  mse_pde 5.140e-05  mse_ic 5.175e-03  mse_in 5.002e-03  mse_out 5.122e-08:  10%|█         | 2616/25000 [02:37<21:00]
loss : 1.038e-02  mse_pde 1.994e-04  mse_ic 5.269e-03  mse_in 4.909e-03  mse_out 5.240e-08:  10%|█         | 2616/25000 [02:37<21:00]
loss : 1.038e-02  mse_pde 1.994e-04  mse_ic 5.269e-03  mse_in 4.909e-03  mse_out 5.240e-08:  10%|█         | 2616/25000 [02:37<21:00]
loss : 1.038e-02  mse_pde 1.994e-04  mse_ic 5.269e-03  mse_in 4.909e-03  mse_out 5.240e-08:  10%|█         | 2618/25000 [02:37<21:41]
loss : 1.026e-02  mse_pde 8.267e-05  mse_ic 5.296e-03  mse_in 4.886e-03  mse_out 5.539e-08:  10%|█         | 2618/25000 [02:37<21:41]
loss : 1.026e-02  mse_pde 8.267e-05  mse_ic 5.296e-03  mse_in 4.886e-03  mse_out 5.539e-08:  10%|█         | 2618/25000 [02:37<21:41]
loss : 1.030e-02  mse_pde 1.234e-04  mse_ic 5.022e-03  mse_in 5.152e-03  mse_out 5.575e-08:  10%|█         | 2618/25000 [02:37<21:41]
loss : 1.030e-02  mse_pde 1.234e-04  mse_ic 5.022e-03  mse_in 5.152e-03  mse_out 5.575e-08:  10%|█         | 2618/25000 [02:37<21:41]
loss : 1.030e-02  mse_pde 1.234e-04  mse_ic 5.022e-03  mse_in 5.152e-03  mse_out 5.575e-08:  10%|█         | 2620/25000 [02:37<21:53]
loss : 1.038e-02  mse_pde 2.039e-04  mse_ic 4.857e-03  mse_in 5.316e-03  mse_out 5.410e-08:  10%|█         | 2620/25000 [02:37<21:53]
loss : 1.038e-02  mse_pde 2.039e-04  mse_ic 4.857e-03  mse_in 5.316e-03  mse_out 5.410e-08:  10%|█         | 2620/25000 [02:37<21:53]
loss : 1.028e-02  mse_pde 1.020e-04  mse_ic 5.189e-03  mse_in 4.987e-03  mse_out 5.375e-08:  10%|█         | 2620/25000 [02:37<21:53]
loss : 1.028e-02  mse_pde 1.020e-04  mse_ic 5.189e-03  mse_in 4.987e-03  mse_out 5.375e-08:  10%|█         | 2620/25000 [02:37<21:53]
loss : 1.028e-02  mse_pde 1.020e-04  mse_ic 5.189e-03  mse_in 4.987e-03  mse_out 5.375e-08:  10%|█         | 2622/25000 [02:37<21:57]
loss : 1.029e-02  mse_pde 1.132e-04  mse_ic 5.208e-03  mse_in 4.967e-03  mse_out 5.436e-08:  10%|█         | 2622/25000 [02:37<21:57]
loss : 1.029e-02  mse_pde 1.132e-04  mse_ic 5.208e-03  mse_in 4.967e-03  mse_out 5.436e-08:  10%|█         | 2622/25000 [02:37<21:57]
loss : 1.035e-02  mse_pde 1.775e-04  mse_ic 4.869e-03  mse_in 5.302e-03  mse_out 5.678e-08:  10%|█         | 2622/25000 [02:37<21:57]
loss : 1.035e-02  mse_pde 1.775e-04  mse_ic 4.869e-03  mse_in 5.302e-03  mse_out 5.678e-08:  10%|█         | 2622/25000 [02:37<21:57]
loss : 1.035e-02  mse_pde 1.775e-04  mse_ic 4.869e-03  mse_in 5.302e-03  mse_out 5.678e-08:  10%|█         | 2624/25000 [02:37<21:31]
loss : 1.039e-02  mse_pde 2.115e-04  mse_ic 4.774e-03  mse_in 5.406e-03  mse_out 6.182e-08:  10%|█         | 2624/25000 [02:37<21:31]
loss : 1.039e-02  mse_pde 2.115e-04  mse_ic 4.774e-03  mse_in 5.406e-03  mse_out 6.182e-08:  10%|█         | 2624/25000 [02:37<21:31]
loss : 1.024e-02  mse_pde 6.916e-05  mse_ic 4.833e-03  mse_in 5.342e-03  mse_out 6.592e-08:  10%|█         | 2624/25000 [02:37<21:31]
loss : 1.024e-02  mse_pde 6.916e-05  mse_ic 4.833e-03  mse_in 5.342e-03  mse_out 6.592e-08:  10%|█         | 2624/25000 [02:37<21:31]
loss : 1.023e-02  mse_pde 6.210e-05  mse_ic 5.131e-03  mse_in 5.041e-03  mse_out 6.563e-08:  10%|█         | 2624/25000 [02:37<21:31]
loss : 1.023e-02  mse_pde 6.210e-05  mse_ic 5.131e-03  mse_in 5.041e-03  mse_out 6.563e-08:  10%|█         | 2624/25000 [02:37<21:31]
loss : 1.023e-02  mse_pde 6.210e-05  mse_ic 5.131e-03  mse_in 5.041e-03  mse_out 6.563e-08:  11%|█         | 2627/25000 [02:37<19:48]
loss : 1.033e-02  mse_pde 1.437e-04  mse_ic 5.339e-03  mse_in 4.845e-03  mse_out 5.928e-08:  11%|█         | 2627/25000 [02:37<19:48]
loss : 1.033e-02  mse_pde 1.437e-04  mse_ic 5.339e-03  mse_in 4.845e-03  mse_out 5.928e-08:  11%|█         | 2627/25000 [02:37<19:48]
loss : 1.024e-02  mse_pde 6.590e-05  mse_ic 5.053e-03  mse_in 5.119e-03  mse_out 5.078e-08:  11%|█         | 2627/25000 [02:37<19:48]
loss : 1.024e-02  mse_pde 6.590e-05  mse_ic 5.053e-03  mse_in 5.119e-03  mse_out 5.078e-08:  11%|█         | 2627/25000 [02:37<19:48]
loss : 1.024e-02  mse_pde 6.590e-05  mse_ic 5.053e-03  mse_in 5.119e-03  mse_out 5.078e-08:  11%|█         | 2629/25000 [02:37<20:22]
loss : 1.026e-02  mse_pde 8.221e-05  mse_ic 4.895e-03  mse_in 5.279e-03  mse_out 4.663e-08:  11%|█         | 2629/25000 [02:37<20:22]
loss : 1.026e-02  mse_pde 8.221e-05  mse_ic 4.895e-03  mse_in 5.279e-03  mse_out 4.663e-08:  11%|█         | 2629/25000 [02:37<20:22]
loss : 1.029e-02  mse_pde 1.193e-04  mse_ic 5.003e-03  mse_in 5.172e-03  mse_out 4.784e-08:  11%|█         | 2629/25000 [02:37<20:22]
loss : 1.029e-02  mse_pde 1.193e-04  mse_ic 5.003e-03  mse_in 5.172e-03  mse_out 4.784e-08:  11%|█         | 2629/25000 [02:37<20:22]
loss : 1.029e-02  mse_pde 1.193e-04  mse_ic 5.003e-03  mse_in 5.172e-03  mse_out 4.784e-08:  11%|█         | 2631/25000 [02:37<21:10]
loss : 1.030e-02  mse_pde 1.231e-04  mse_ic 5.098e-03  mse_in 5.074e-03  mse_out 5.208e-08:  11%|█         | 2631/25000 [02:37<21:10]
loss : 1.030e-02  mse_pde 1.231e-04  mse_ic 5.098e-03  mse_in 5.074e-03  mse_out 5.208e-08:  11%|█         | 2631/25000 [02:37<21:10]
loss : 1.023e-02  mse_pde 5.575e-05  mse_ic 5.237e-03  mse_in 4.940e-03  mse_out 5.751e-08:  11%|█         | 2631/25000 [02:37<21:10]
loss : 1.023e-02  mse_pde 5.575e-05  mse_ic 5.237e-03  mse_in 4.940e-03  mse_out 5.751e-08:  11%|█         | 2631/25000 [02:37<21:10]
loss : 1.023e-02  mse_pde 5.575e-05  mse_ic 5.237e-03  mse_in 4.940e-03  mse_out 5.751e-08:  11%|█         | 2633/25000 [02:37<21:13]
loss : 1.027e-02  mse_pde 9.458e-05  mse_ic 5.094e-03  mse_in 5.081e-03  mse_out 6.161e-08:  11%|█         | 2633/25000 [02:37<21:13]
loss : 1.027e-02  mse_pde 9.458e-05  mse_ic 5.094e-03  mse_in 5.081e-03  mse_out 6.161e-08:  11%|█         | 2633/25000 [02:37<21:13]
loss : 1.034e-02  mse_pde 1.637e-04  mse_ic 4.868e-03  mse_in 5.306e-03  mse_out 6.416e-08:  11%|█         | 2633/25000 [02:38<21:13]
loss : 1.034e-02  mse_pde 1.637e-04  mse_ic 4.868e-03  mse_in 5.306e-03  mse_out 6.416e-08:  11%|█         | 2633/25000 [02:38<21:13]
loss : 1.034e-02  mse_pde 1.637e-04  mse_ic 4.868e-03  mse_in 5.306e-03  mse_out 6.416e-08:  11%|█         | 2635/25000 [02:38<21:44]
loss : 1.027e-02  mse_pde 9.856e-05  mse_ic 5.047e-03  mse_in 5.127e-03  mse_out 6.598e-08:  11%|█         | 2635/25000 [02:38<21:44]
loss : 1.027e-02  mse_pde 9.856e-05  mse_ic 5.047e-03  mse_in 5.127e-03  mse_out 6.598e-08:  11%|█         | 2635/25000 [02:38<21:44]
loss : 1.024e-02  mse_pde 6.941e-05  mse_ic 5.113e-03  mse_in 5.059e-03  mse_out 6.378e-08:  11%|█         | 2635/25000 [02:38<21:44]
loss : 1.024e-02  mse_pde 6.941e-05  mse_ic 5.113e-03  mse_in 5.059e-03  mse_out 6.378e-08:  11%|█         | 2635/25000 [02:38<21:44]
loss : 1.024e-02  mse_pde 6.941e-05  mse_ic 5.113e-03  mse_in 5.059e-03  mse_out 6.378e-08:  11%|█         | 2637/25000 [02:38<22:07]
loss : 1.024e-02  mse_pde 6.660e-05  mse_ic 5.041e-03  mse_in 5.128e-03  mse_out 5.918e-08:  11%|█         | 2637/25000 [02:38<22:07]
loss : 1.024e-02  mse_pde 6.660e-05  mse_ic 5.041e-03  mse_in 5.128e-03  mse_out 5.918e-08:  11%|█         | 2637/25000 [02:38<22:07]
loss : 1.033e-02  mse_pde 1.552e-04  mse_ic 4.996e-03  mse_in 5.175e-03  mse_out 5.666e-08:  11%|█         | 2637/25000 [02:38<22:07]
loss : 1.033e-02  mse_pde 1.552e-04  mse_ic 4.996e-03  mse_in 5.175e-03  mse_out 5.666e-08:  11%|█         | 2637/25000 [02:38<22:07]
loss : 1.033e-02  mse_pde 1.552e-04  mse_ic 4.996e-03  mse_in 5.175e-03  mse_out 5.666e-08:  11%|█         | 2639/25000 [02:38<22:10]
loss : 1.033e-02  mse_pde 1.588e-04  mse_ic 4.897e-03  mse_in 5.273e-03  mse_out 5.775e-08:  11%|█         | 2639/25000 [02:38<22:10]
loss : 1.033e-02  mse_pde 1.588e-04  mse_ic 4.897e-03  mse_in 5.273e-03  mse_out 5.775e-08:  11%|█         | 2639/25000 [02:38<22:10]
loss : 1.025e-02  mse_pde 7.824e-05  mse_ic 5.177e-03  mse_in 4.997e-03  mse_out 6.174e-08:  11%|█         | 2639/25000 [02:38<22:10]
loss : 1.025e-02  mse_pde 7.824e-05  mse_ic 5.177e-03  mse_in 4.997e-03  mse_out 6.174e-08:  11%|█         | 2639/25000 [02:38<22:10]
loss : 1.025e-02  mse_pde 7.824e-05  mse_ic 5.177e-03  mse_in 4.997e-03  mse_out 6.174e-08:  11%|█         | 2641/25000 [02:38<22:16]
loss : 1.022e-02  mse_pde 4.738e-05  mse_ic 5.155e-03  mse_in 5.018e-03  mse_out 6.220e-08:  11%|█         | 2641/25000 [02:38<22:16]
loss : 1.022e-02  mse_pde 4.738e-05  mse_ic 5.155e-03  mse_in 5.018e-03  mse_out 6.220e-08:  11%|█         | 2641/25000 [02:38<22:16]
loss : 1.026e-02  mse_pde 9.229e-05  mse_ic 4.931e-03  mse_in 5.240e-03  mse_out 5.856e-08:  11%|█         | 2641/25000 [02:38<22:16]
loss : 1.026e-02  mse_pde 9.229e-05  mse_ic 4.931e-03  mse_in 5.240e-03  mse_out 5.856e-08:  11%|█         | 2641/25000 [02:38<22:16]
loss : 1.026e-02  mse_pde 9.229e-05  mse_ic 4.931e-03  mse_in 5.240e-03  mse_out 5.856e-08:  11%|█         | 2643/25000 [02:38<22:30]
loss : 1.038e-02  mse_pde 2.087e-04  mse_ic 4.962e-03  mse_in 5.212e-03  mse_out 5.600e-08:  11%|█         | 2643/25000 [02:38<22:30]
loss : 1.038e-02  mse_pde 2.087e-04  mse_ic 4.962e-03  mse_in 5.212e-03  mse_out 5.600e-08:  11%|█         | 2643/25000 [02:38<22:30]
loss : 1.034e-02  mse_pde 1.662e-04  mse_ic 5.046e-03  mse_in 5.123e-03  mse_out 5.716e-08:  11%|█         | 2643/25000 [02:38<22:30]
loss : 1.034e-02  mse_pde 1.662e-04  mse_ic 5.046e-03  mse_in 5.123e-03  mse_out 5.716e-08:  11%|█         | 2643/25000 [02:38<22:30]
loss : 1.034e-02  mse_pde 1.662e-04  mse_ic 5.046e-03  mse_in 5.123e-03  mse_out 5.716e-08:  11%|█         | 2645/25000 [02:38<22:33]
loss : 1.027e-02  mse_pde 8.740e-05  mse_ic 5.418e-03  mse_in 4.768e-03  mse_out 6.243e-08:  11%|█         | 2645/25000 [02:38<22:33]
loss : 1.027e-02  mse_pde 8.740e-05  mse_ic 5.418e-03  mse_in 4.768e-03  mse_out 6.243e-08:  11%|█         | 2645/25000 [02:38<22:33]
loss : 1.022e-02  mse_pde 4.826e-05  mse_ic 5.237e-03  mse_in 4.939e-03  mse_out 6.544e-08:  11%|█         | 2645/25000 [02:38<22:33]
loss : 1.022e-02  mse_pde 4.826e-05  mse_ic 5.237e-03  mse_in 4.939e-03  mse_out 6.544e-08:  11%|█         | 2645/25000 [02:38<22:33]
loss : 1.022e-02  mse_pde 4.826e-05  mse_ic 5.237e-03  mse_in 4.939e-03  mse_out 6.544e-08:  11%|█         | 2647/25000 [02:38<22:39]
loss : 1.036e-02  mse_pde 1.844e-04  mse_ic 4.876e-03  mse_in 5.295e-03  mse_out 6.317e-08:  11%|█         | 2647/25000 [02:38<22:39]
loss : 1.036e-02  mse_pde 1.844e-04  mse_ic 4.876e-03  mse_in 5.295e-03  mse_out 6.317e-08:  11%|█         | 2647/25000 [02:38<22:39]
loss : 1.039e-02  mse_pde 2.134e-04  mse_ic 5.031e-03  mse_in 5.142e-03  mse_out 5.928e-08:  11%|█         | 2647/25000 [02:38<22:39]
loss : 1.039e-02  mse_pde 2.134e-04  mse_ic 5.031e-03  mse_in 5.142e-03  mse_out 5.928e-08:  11%|█         | 2647/25000 [02:38<22:39]
loss : 1.039e-02  mse_pde 2.134e-04  mse_ic 5.031e-03  mse_in 5.142e-03  mse_out 5.928e-08:  11%|█         | 2649/25000 [02:38<22:28]
loss : 1.031e-02  mse_pde 1.345e-04  mse_ic 5.169e-03  mse_in 5.002e-03  mse_out 5.554e-08:  11%|█         | 2649/25000 [02:38<22:28]
loss : 1.031e-02  mse_pde 1.345e-04  mse_ic 5.169e-03  mse_in 5.002e-03  mse_out 5.554e-08:  11%|█         | 2649/25000 [02:38<22:28]
loss : 1.026e-02  mse_pde 8.028e-05  mse_ic 5.270e-03  mse_in 4.906e-03  mse_out 5.441e-08:  11%|█         | 2649/25000 [02:39<22:28]
loss : 1.026e-02  mse_pde 8.028e-05  mse_ic 5.270e-03  mse_in 4.906e-03  mse_out 5.441e-08:  11%|█         | 2649/25000 [02:39<22:28]
loss : 1.026e-02  mse_pde 8.028e-05  mse_ic 5.270e-03  mse_in 4.906e-03  mse_out 5.441e-08:  11%|█         | 2651/25000 [02:39<22:35]
loss : 1.031e-02  mse_pde 1.400e-04  mse_ic 5.080e-03  mse_in 5.093e-03  mse_out 5.508e-08:  11%|█         | 2651/25000 [02:39<22:35]
loss : 1.031e-02  mse_pde 1.400e-04  mse_ic 5.080e-03  mse_in 5.093e-03  mse_out 5.508e-08:  11%|█         | 2651/25000 [02:39<22:35]
loss : 1.041e-02  mse_pde 2.339e-04  mse_ic 4.808e-03  mse_in 5.365e-03  mse_out 5.627e-08:  11%|█         | 2651/25000 [02:39<22:35]
loss : 1.041e-02  mse_pde 2.339e-04  mse_ic 4.808e-03  mse_in 5.365e-03  mse_out 5.627e-08:  11%|█         | 2651/25000 [02:39<22:35]
loss : 1.041e-02  mse_pde 2.339e-04  mse_ic 4.808e-03  mse_in 5.365e-03  mse_out 5.627e-08:  11%|█         | 2653/25000 [02:39<22:47]
loss : 1.027e-02  mse_pde 1.001e-04  mse_ic 5.089e-03  mse_in 5.083e-03  mse_out 5.761e-08:  11%|█         | 2653/25000 [02:39<22:47]
loss : 1.027e-02  mse_pde 1.001e-04  mse_ic 5.089e-03  mse_in 5.083e-03  mse_out 5.761e-08:  11%|█         | 2653/25000 [02:39<22:47]
loss : 1.023e-02  mse_pde 5.044e-05  mse_ic 5.296e-03  mse_in 4.881e-03  mse_out 5.662e-08:  11%|█         | 2653/25000 [02:39<22:47]
loss : 1.023e-02  mse_pde 5.044e-05  mse_ic 5.296e-03  mse_in 4.881e-03  mse_out 5.662e-08:  11%|█         | 2653/25000 [02:39<22:47]
loss : 1.023e-02  mse_pde 5.044e-05  mse_ic 5.296e-03  mse_in 4.881e-03  mse_out 5.662e-08:  11%|█         | 2655/25000 [02:39<22:34]
loss : 1.032e-02  mse_pde 1.525e-04  mse_ic 5.178e-03  mse_in 4.992e-03  mse_out 5.540e-08:  11%|█         | 2655/25000 [02:39<22:34]
loss : 1.032e-02  mse_pde 1.525e-04  mse_ic 5.178e-03  mse_in 4.992e-03  mse_out 5.540e-08:  11%|█         | 2655/25000 [02:39<22:34]
loss : 1.032e-02  mse_pde 1.475e-04  mse_ic 5.158e-03  mse_in 5.015e-03  mse_out 5.834e-08:  11%|█         | 2655/25000 [02:39<22:34]
loss : 1.032e-02  mse_pde 1.475e-04  mse_ic 5.158e-03  mse_in 5.015e-03  mse_out 5.834e-08:  11%|█         | 2655/25000 [02:39<22:34]
loss : 1.032e-02  mse_pde 1.475e-04  mse_ic 5.158e-03  mse_in 5.015e-03  mse_out 5.834e-08:  11%|█         | 2657/25000 [02:39<22:42]
loss : 1.021e-02  mse_pde 4.414e-05  mse_ic 4.961e-03  mse_in 5.209e-03  mse_out 6.445e-08:  11%|█         | 2657/25000 [02:39<22:42]
loss : 1.021e-02  mse_pde 4.414e-05  mse_ic 4.961e-03  mse_in 5.209e-03  mse_out 6.445e-08:  11%|█         | 2657/25000 [02:39<22:42]
loss : 1.024e-02  mse_pde 7.303e-05  mse_ic 4.976e-03  mse_in 5.193e-03  mse_out 6.911e-08:  11%|█         | 2657/25000 [02:39<22:42]
loss : 1.024e-02  mse_pde 7.303e-05  mse_ic 4.976e-03  mse_in 5.193e-03  mse_out 6.911e-08:  11%|█         | 2657/25000 [02:39<22:42]
loss : 1.024e-02  mse_pde 7.303e-05  mse_ic 4.976e-03  mse_in 5.193e-03  mse_out 6.911e-08:  11%|█         | 2659/25000 [02:39<22:44]
loss : 1.035e-02  mse_pde 1.726e-04  mse_ic 5.182e-03  mse_in 4.991e-03  mse_out 6.633e-08:  11%|█         | 2659/25000 [02:39<22:44]
loss : 1.035e-02  mse_pde 1.726e-04  mse_ic 5.182e-03  mse_in 4.991e-03  mse_out 6.633e-08:  11%|█         | 2659/25000 [02:39<22:44]
loss : 1.029e-02  mse_pde 1.248e-04  mse_ic 5.059e-03  mse_in 5.108e-03  mse_out 5.845e-08:  11%|█         | 2659/25000 [02:39<22:44]
loss : 1.029e-02  mse_pde 1.248e-04  mse_ic 5.059e-03  mse_in 5.108e-03  mse_out 5.845e-08:  11%|█         | 2659/25000 [02:39<22:44]
loss : 1.029e-02  mse_pde 1.248e-04  mse_ic 5.059e-03  mse_in 5.108e-03  mse_out 5.845e-08:  11%|█         | 2661/25000 [02:39<22:32]
loss : 1.021e-02  mse_pde 4.487e-05  mse_ic 5.048e-03  mse_in 5.120e-03  mse_out 5.447e-08:  11%|█         | 2661/25000 [02:39<22:32]
loss : 1.021e-02  mse_pde 4.487e-05  mse_ic 5.048e-03  mse_in 5.120e-03  mse_out 5.447e-08:  11%|█         | 2661/25000 [02:39<22:32]
loss : 1.024e-02  mse_pde 7.517e-05  mse_ic 5.001e-03  mse_in 5.169e-03  mse_out 5.600e-08:  11%|█         | 2661/25000 [02:39<22:32]
loss : 1.024e-02  mse_pde 7.517e-05  mse_ic 5.001e-03  mse_in 5.169e-03  mse_out 5.600e-08:  11%|█         | 2661/25000 [02:39<22:32]
loss : 1.024e-02  mse_pde 7.517e-05  mse_ic 5.001e-03  mse_in 5.169e-03  mse_out 5.600e-08:  11%|█         | 2663/25000 [02:39<22:19]
loss : 1.037e-02  mse_pde 2.052e-04  mse_ic 4.918e-03  mse_in 5.249e-03  mse_out 5.939e-08:  11%|█         | 2663/25000 [02:39<22:19]
loss : 1.037e-02  mse_pde 2.052e-04  mse_ic 4.918e-03  mse_in 5.249e-03  mse_out 5.939e-08:  11%|█         | 2663/25000 [02:39<22:19]
loss : 1.036e-02  mse_pde 1.831e-04  mse_ic 5.199e-03  mse_in 4.974e-03  mse_out 6.043e-08:  11%|█         | 2663/25000 [02:39<22:19]
loss : 1.036e-02  mse_pde 1.831e-04  mse_ic 5.199e-03  mse_in 4.974e-03  mse_out 6.043e-08:  11%|█         | 2663/25000 [02:39<22:19]
loss : 1.036e-02  mse_pde 1.831e-04  mse_ic 5.199e-03  mse_in 4.974e-03  mse_out 6.043e-08:  11%|█         | 2665/25000 [02:39<22:26]
loss : 1.020e-02  mse_pde 3.306e-05  mse_ic 5.148e-03  mse_in 5.021e-03  mse_out 5.711e-08:  11%|█         | 2665/25000 [02:39<22:26]
loss : 1.020e-02  mse_pde 3.306e-05  mse_ic 5.148e-03  mse_in 5.021e-03  mse_out 5.711e-08:  11%|█         | 2665/25000 [02:39<22:26]
loss : 1.029e-02  mse_pde 1.201e-04  mse_ic 5.093e-03  mse_in 5.075e-03  mse_out 5.523e-08:  11%|█         | 2665/25000 [02:39<22:26]
loss : 1.029e-02  mse_pde 1.201e-04  mse_ic 5.093e-03  mse_in 5.075e-03  mse_out 5.523e-08:  11%|█         | 2665/25000 [02:39<22:26]
loss : 1.029e-02  mse_pde 1.201e-04  mse_ic 5.093e-03  mse_in 5.075e-03  mse_out 5.523e-08:  11%|█         | 2667/25000 [02:40<22:36]
loss : 1.037e-02  mse_pde 1.968e-04  mse_ic 5.275e-03  mse_in 4.902e-03  mse_out 5.798e-08:  11%|█         | 2667/25000 [02:40<22:36]
loss : 1.037e-02  mse_pde 1.968e-04  mse_ic 5.275e-03  mse_in 4.902e-03  mse_out 5.798e-08:  11%|█         | 2667/25000 [02:40<22:36]
loss : 1.026e-02  mse_pde 9.133e-05  mse_ic 5.109e-03  mse_in 5.060e-03  mse_out 6.128e-08:  11%|█         | 2667/25000 [02:40<22:36]
loss : 1.026e-02  mse_pde 9.133e-05  mse_ic 5.109e-03  mse_in 5.060e-03  mse_out 6.128e-08:  11%|█         | 2667/25000 [02:40<22:36]
loss : 1.026e-02  mse_pde 9.133e-05  mse_ic 5.109e-03  mse_in 5.060e-03  mse_out 6.128e-08:  11%|█         | 2669/25000 [02:40<22:42]
loss : 1.022e-02  mse_pde 4.704e-05  mse_ic 5.042e-03  mse_in 5.128e-03  mse_out 6.149e-08:  11%|█         | 2669/25000 [02:40<22:42]
loss : 1.022e-02  mse_pde 4.704e-05  mse_ic 5.042e-03  mse_in 5.128e-03  mse_out 6.149e-08:  11%|█         | 2669/25000 [02:40<22:42]
loss : 1.036e-02  mse_pde 1.888e-04  mse_ic 5.089e-03  mse_in 5.084e-03  mse_out 5.866e-08:  11%|█         | 2669/25000 [02:40<22:42]
loss : 1.036e-02  mse_pde 1.888e-04  mse_ic 5.089e-03  mse_in 5.084e-03  mse_out 5.866e-08:  11%|█         | 2669/25000 [02:40<22:42]
loss : 1.036e-02  mse_pde 1.888e-04  mse_ic 5.089e-03  mse_in 5.084e-03  mse_out 5.866e-08:  11%|█         | 2671/25000 [02:40<22:58]
loss : 1.035e-02  mse_pde 1.818e-04  mse_ic 5.110e-03  mse_in 5.058e-03  mse_out 5.664e-08:  11%|█         | 2671/25000 [02:40<22:58]
loss : 1.035e-02  mse_pde 1.818e-04  mse_ic 5.110e-03  mse_in 5.058e-03  mse_out 5.664e-08:  11%|█         | 2671/25000 [02:40<22:58]
loss : 1.024e-02  mse_pde 5.211e-05  mse_ic 5.401e-03  mse_in 4.783e-03  mse_out 5.890e-08:  11%|█         | 2671/25000 [02:40<22:58]
loss : 1.024e-02  mse_pde 5.211e-05  mse_ic 5.401e-03  mse_in 4.783e-03  mse_out 5.890e-08:  11%|█         | 2671/25000 [02:40<22:58]
loss : 1.024e-02  mse_pde 5.211e-05  mse_ic 5.401e-03  mse_in 4.783e-03  mse_out 5.890e-08:  11%|█         | 2673/25000 [02:40<22:44]
loss : 1.026e-02  mse_pde 8.253e-05  mse_ic 5.213e-03  mse_in 4.961e-03  mse_out 6.119e-08:  11%|█         | 2673/25000 [02:40<22:44]
loss : 1.026e-02  mse_pde 8.253e-05  mse_ic 5.213e-03  mse_in 4.961e-03  mse_out 6.119e-08:  11%|█         | 2673/25000 [02:40<22:44]
loss : 1.038e-02  mse_pde 2.049e-04  mse_ic 4.823e-03  mse_in 5.348e-03  mse_out 6.035e-08:  11%|█         | 2673/25000 [02:40<22:44]
loss : 1.038e-02  mse_pde 2.049e-04  mse_ic 4.823e-03  mse_in 5.348e-03  mse_out 6.035e-08:  11%|█         | 2673/25000 [02:40<22:44]
loss : 1.038e-02  mse_pde 2.049e-04  mse_ic 4.823e-03  mse_in 5.348e-03  mse_out 6.035e-08:  11%|█         | 2675/25000 [02:40<22:46]
loss : 1.030e-02  mse_pde 1.254e-04  mse_ic 5.000e-03  mse_in 5.170e-03  mse_out 5.866e-08:  11%|█         | 2675/25000 [02:40<22:46]
loss : 1.030e-02  mse_pde 1.254e-04  mse_ic 5.000e-03  mse_in 5.170e-03  mse_out 5.866e-08:  11%|█         | 2675/25000 [02:40<22:46]
loss : 1.022e-02  mse_pde 4.591e-05  mse_ic 5.167e-03  mse_in 5.002e-03  mse_out 5.729e-08:  11%|█         | 2675/25000 [02:40<22:46]
loss : 1.022e-02  mse_pde 4.591e-05  mse_ic 5.167e-03  mse_in 5.002e-03  mse_out 5.729e-08:  11%|█         | 2675/25000 [02:40<22:46]
loss : 1.022e-02  mse_pde 4.591e-05  mse_ic 5.167e-03  mse_in 5.002e-03  mse_out 5.729e-08:  11%|█         | 2677/25000 [02:40<22:44]
loss : 1.028e-02  mse_pde 1.091e-04  mse_ic 5.119e-03  mse_in 5.047e-03  mse_out 5.860e-08:  11%|█         | 2677/25000 [02:40<22:44]
loss : 1.028e-02  mse_pde 1.091e-04  mse_ic 5.119e-03  mse_in 5.047e-03  mse_out 5.860e-08:  11%|█         | 2677/25000 [02:40<22:44]
loss : 1.032e-02  mse_pde 1.480e-04  mse_ic 5.053e-03  mse_in 5.115e-03  mse_out 6.237e-08:  11%|█         | 2677/25000 [02:40<22:44]
loss : 1.032e-02  mse_pde 1.480e-04  mse_ic 5.053e-03  mse_in 5.115e-03  mse_out 6.237e-08:  11%|█         | 2677/25000 [02:40<22:44]
loss : 1.032e-02  mse_pde 1.480e-04  mse_ic 5.053e-03  mse_in 5.115e-03  mse_out 6.237e-08:  11%|█         | 2679/25000 [02:40<22:37]
loss : 1.025e-02  mse_pde 8.405e-05  mse_ic 4.859e-03  mse_in 5.310e-03  mse_out 6.329e-08:  11%|█         | 2679/25000 [02:40<22:37]
loss : 1.025e-02  mse_pde 8.405e-05  mse_ic 4.859e-03  mse_in 5.310e-03  mse_out 6.329e-08:  11%|█         | 2679/25000 [02:40<22:37]
loss : 1.020e-02  mse_pde 3.515e-05  mse_ic 4.983e-03  mse_in 5.184e-03  mse_out 5.928e-08:  11%|█         | 2679/25000 [02:40<22:37]
loss : 1.020e-02  mse_pde 3.515e-05  mse_ic 4.983e-03  mse_in 5.184e-03  mse_out 5.928e-08:  11%|█         | 2679/25000 [02:40<22:37]
loss : 1.020e-02  mse_pde 3.515e-05  mse_ic 4.983e-03  mse_in 5.184e-03  mse_out 5.928e-08:  11%|█         | 2681/25000 [02:40<22:43]
loss : 1.024e-02  mse_pde 7.650e-05  mse_ic 5.108e-03  mse_in 5.060e-03  mse_out 5.280e-08:  11%|█         | 2681/25000 [02:40<22:43]
loss : 1.024e-02  mse_pde 7.650e-05  mse_ic 5.108e-03  mse_in 5.060e-03  mse_out 5.280e-08:  11%|█         | 2681/25000 [02:40<22:43]
loss : 1.030e-02  mse_pde 1.297e-04  mse_ic 4.971e-03  mse_in 5.195e-03  mse_out 5.026e-08:  11%|█         | 2681/25000 [02:40<22:43]
loss : 1.030e-02  mse_pde 1.297e-04  mse_ic 4.971e-03  mse_in 5.195e-03  mse_out 5.026e-08:  11%|█         | 2681/25000 [02:40<22:43]
loss : 1.030e-02  mse_pde 1.297e-04  mse_ic 4.971e-03  mse_in 5.195e-03  mse_out 5.026e-08:  11%|█         | 2683/25000 [02:40<22:34]
loss : 1.025e-02  mse_pde 8.299e-05  mse_ic 5.097e-03  mse_in 5.072e-03  mse_out 5.571e-08:  11%|█         | 2683/25000 [02:41<22:34]
loss : 1.025e-02  mse_pde 8.299e-05  mse_ic 5.097e-03  mse_in 5.072e-03  mse_out 5.571e-08:  11%|█         | 2683/25000 [02:41<22:34]
loss : 1.019e-02  mse_pde 2.638e-05  mse_ic 5.064e-03  mse_in 5.103e-03  mse_out 6.458e-08:  11%|█         | 2683/25000 [02:41<22:34]
loss : 1.019e-02  mse_pde 2.638e-05  mse_ic 5.064e-03  mse_in 5.103e-03  mse_out 6.458e-08:  11%|█         | 2683/25000 [02:41<22:34]
loss : 1.019e-02  mse_pde 2.638e-05  mse_ic 5.064e-03  mse_in 5.103e-03  mse_out 6.458e-08:  11%|█         | 2685/25000 [02:41<22:38]
loss : 1.024e-02  mse_pde 7.129e-05  mse_ic 5.004e-03  mse_in 5.163e-03  mse_out 6.762e-08:  11%|█         | 2685/25000 [02:41<22:38]
loss : 1.024e-02  mse_pde 7.129e-05  mse_ic 5.004e-03  mse_in 5.163e-03  mse_out 6.762e-08:  11%|█         | 2685/25000 [02:41<22:38]
loss : 1.029e-02  mse_pde 1.164e-04  mse_ic 5.062e-03  mse_in 5.107e-03  mse_out 6.194e-08:  11%|█         | 2685/25000 [02:41<22:38]
loss : 1.029e-02  mse_pde 1.164e-04  mse_ic 5.062e-03  mse_in 5.107e-03  mse_out 6.194e-08:  11%|█         | 2685/25000 [02:41<22:38]
loss : 1.029e-02  mse_pde 1.164e-04  mse_ic 5.062e-03  mse_in 5.107e-03  mse_out 6.194e-08:  11%|█         | 2687/25000 [02:41<22:37]
loss : 1.030e-02  mse_pde 1.384e-04  mse_ic 4.991e-03  mse_in 5.174e-03  mse_out 5.414e-08:  11%|█         | 2687/25000 [02:41<22:37]
loss : 1.030e-02  mse_pde 1.384e-04  mse_ic 4.991e-03  mse_in 5.174e-03  mse_out 5.414e-08:  11%|█         | 2687/25000 [02:41<22:37]
loss : 1.026e-02  mse_pde 8.792e-05  mse_ic 5.248e-03  mse_in 4.924e-03  mse_out 5.294e-08:  11%|█         | 2687/25000 [02:41<22:37]
loss : 1.026e-02  mse_pde 8.792e-05  mse_ic 5.248e-03  mse_in 4.924e-03  mse_out 5.294e-08:  11%|█         | 2687/25000 [02:41<22:37]
loss : 1.026e-02  mse_pde 8.792e-05  mse_ic 5.248e-03  mse_in 4.924e-03  mse_out 5.294e-08:  11%|█         | 2689/25000 [02:41<22:23]
loss : 1.018e-02  mse_pde 1.568e-05  mse_ic 5.073e-03  mse_in 5.094e-03  mse_out 5.680e-08:  11%|█         | 2689/25000 [02:41<22:23]
loss : 1.018e-02  mse_pde 1.568e-05  mse_ic 5.073e-03  mse_in 5.094e-03  mse_out 5.680e-08:  11%|█         | 2689/25000 [02:41<22:23]
loss : 1.025e-02  mse_pde 8.196e-05  mse_ic 4.861e-03  mse_in 5.307e-03  mse_out 6.240e-08:  11%|█         | 2689/25000 [02:41<22:23]
loss : 1.025e-02  mse_pde 8.196e-05  mse_ic 4.861e-03  mse_in 5.307e-03  mse_out 6.240e-08:  11%|█         | 2689/25000 [02:41<22:23]
loss : 1.025e-02  mse_pde 8.196e-05  mse_ic 4.861e-03  mse_in 5.307e-03  mse_out 6.240e-08:  11%|█         | 2691/25000 [02:41<22:31]
loss : 1.036e-02  mse_pde 1.881e-04  mse_ic 5.000e-03  mse_in 5.168e-03  mse_out 6.458e-08:  11%|█         | 2691/25000 [02:41<22:31]
loss : 1.036e-02  mse_pde 1.881e-04  mse_ic 5.000e-03  mse_in 5.168e-03  mse_out 6.458e-08:  11%|█         | 2691/25000 [02:41<22:31]
loss : 1.040e-02  mse_pde 2.357e-04  mse_ic 5.085e-03  mse_in 5.079e-03  mse_out 6.076e-08:  11%|█         | 2691/25000 [02:41<22:31]
loss : 1.040e-02  mse_pde 2.357e-04  mse_ic 5.085e-03  mse_in 5.079e-03  mse_out 6.076e-08:  11%|█         | 2691/25000 [02:41<22:31]
loss : 1.040e-02  mse_pde 2.357e-04  mse_ic 5.085e-03  mse_in 5.079e-03  mse_out 6.076e-08:  11%|█         | 2693/25000 [02:41<22:36]
loss : 1.031e-02  mse_pde 1.293e-04  mse_ic 5.411e-03  mse_in 4.771e-03  mse_out 5.712e-08:  11%|█         | 2693/25000 [02:41<22:36]
loss : 1.031e-02  mse_pde 1.293e-04  mse_ic 5.411e-03  mse_in 4.771e-03  mse_out 5.712e-08:  11%|█         | 2693/25000 [02:41<22:36]
loss : 1.022e-02  mse_pde 5.005e-05  mse_ic 5.075e-03  mse_in 5.093e-03  mse_out 5.547e-08:  11%|█         | 2693/25000 [02:41<22:36]
loss : 1.022e-02  mse_pde 5.005e-05  mse_ic 5.075e-03  mse_in 5.093e-03  mse_out 5.547e-08:  11%|█         | 2693/25000 [02:41<22:36]
loss : 1.022e-02  mse_pde 5.005e-05  mse_ic 5.075e-03  mse_in 5.093e-03  mse_out 5.547e-08:  11%|█         | 2695/25000 [02:41<22:39]
loss : 1.039e-02  mse_pde 2.160e-04  mse_ic 4.835e-03  mse_in 5.334e-03  mse_out 5.739e-08:  11%|█         | 2695/25000 [02:41<22:39]
loss : 1.039e-02  mse_pde 2.160e-04  mse_ic 4.835e-03  mse_in 5.334e-03  mse_out 5.739e-08:  11%|█         | 2695/25000 [02:41<22:39]
loss : 1.051e-02  mse_pde 3.413e-04  mse_ic 5.159e-03  mse_in 5.012e-03  mse_out 6.025e-08:  11%|█         | 2695/25000 [02:41<22:39]
loss : 1.051e-02  mse_pde 3.413e-04  mse_ic 5.159e-03  mse_in 5.012e-03  mse_out 6.025e-08:  11%|█         | 2695/25000 [02:41<22:39]
loss : 1.051e-02  mse_pde 3.413e-04  mse_ic 5.159e-03  mse_in 5.012e-03  mse_out 6.025e-08:  11%|█         | 2697/25000 [02:41<22:50]
loss : 1.029e-02  mse_pde 1.175e-04  mse_ic 5.270e-03  mse_in 4.902e-03  mse_out 5.912e-08:  11%|█         | 2697/25000 [02:41<22:50]
loss : 1.029e-02  mse_pde 1.175e-04  mse_ic 5.270e-03  mse_in 4.902e-03  mse_out 5.912e-08:  11%|█         | 2697/25000 [02:41<22:50]
loss : 1.031e-02  mse_pde 1.365e-04  mse_ic 5.285e-03  mse_in 4.889e-03  mse_out 5.713e-08:  11%|█         | 2697/25000 [02:41<22:50]
loss : 1.031e-02  mse_pde 1.365e-04  mse_ic 5.285e-03  mse_in 4.889e-03  mse_out 5.713e-08:  11%|█         | 2697/25000 [02:41<22:50]
loss : 1.031e-02  mse_pde 1.365e-04  mse_ic 5.285e-03  mse_in 4.889e-03  mse_out 5.713e-08:  11%|█         | 2699/25000 [02:41<22:30]
loss : 1.047e-02  mse_pde 2.875e-04  mse_ic 5.363e-03  mse_in 4.819e-03  mse_out 5.852e-08:  11%|█         | 2699/25000 [02:42<22:30]
loss : 1.047e-02  mse_pde 2.875e-04  mse_ic 5.363e-03  mse_in 4.819e-03  mse_out 5.852e-08:  11%|█         | 2699/25000 [02:42<22:30]
loss : 1.022e-02  mse_pde 5.091e-05  mse_ic 5.184e-03  mse_in 4.987e-03  mse_out 6.101e-08:  11%|█         | 2699/25000 [02:42<22:30]
loss : 1.022e-02  mse_pde 5.091e-05  mse_ic 5.184e-03  mse_in 4.987e-03  mse_out 6.101e-08:  11%|█         | 2699/25000 [02:42<22:30]
loss : 1.022e-02  mse_pde 5.091e-05  mse_ic 5.184e-03  mse_in 4.987e-03  mse_out 6.101e-08:  11%|█         | 2701/25000 [02:42<23:26]
loss : 1.034e-02  mse_pde 1.703e-04  mse_ic 5.138e-03  mse_in 5.031e-03  mse_out 6.115e-08:  11%|█         | 2701/25000 [02:42<23:26]
loss : 1.034e-02  mse_pde 1.703e-04  mse_ic 5.138e-03  mse_in 5.031e-03  mse_out 6.115e-08:  11%|█         | 2701/25000 [02:42<23:26]
loss : 1.045e-02  mse_pde 2.718e-04  mse_ic 5.199e-03  mse_in 4.975e-03  mse_out 5.849e-08:  11%|█         | 2701/25000 [02:42<23:26]
loss : 1.045e-02  mse_pde 2.718e-04  mse_ic 5.199e-03  mse_in 4.975e-03  mse_out 5.849e-08:  11%|█         | 2701/25000 [02:42<23:26]
loss : 1.023e-02  mse_pde 6.064e-05  mse_ic 5.066e-03  mse_in 5.102e-03  mse_out 5.463e-08:  11%|█         | 2701/25000 [02:42<23:26]
loss : 1.023e-02  mse_pde 6.064e-05  mse_ic 5.066e-03  mse_in 5.102e-03  mse_out 5.463e-08:  11%|█         | 2701/25000 [02:42<23:26]
loss : 1.023e-02  mse_pde 6.064e-05  mse_ic 5.066e-03  mse_in 5.102e-03  mse_out 5.463e-08:  11%|█         | 2704/25000 [02:42<21:51]
loss : 1.029e-02  mse_pde 1.261e-04  mse_ic 5.158e-03  mse_in 5.010e-03  mse_out 5.371e-08:  11%|█         | 2704/25000 [02:42<21:51]
loss : 1.029e-02  mse_pde 1.261e-04  mse_ic 5.158e-03  mse_in 5.010e-03  mse_out 5.371e-08:  11%|█         | 2704/25000 [02:42<21:51]
loss : 1.042e-02  mse_pde 2.332e-04  mse_ic 5.434e-03  mse_in 4.752e-03  mse_out 5.717e-08:  11%|█         | 2704/25000 [02:42<21:51]
loss : 1.042e-02  mse_pde 2.332e-04  mse_ic 5.434e-03  mse_in 4.752e-03  mse_out 5.717e-08:  11%|█         | 2704/25000 [02:42<21:51]
loss : 1.042e-02  mse_pde 2.332e-04  mse_ic 5.434e-03  mse_in 4.752e-03  mse_out 5.717e-08:  11%|█         | 2706/25000 [02:42<21:51]
loss : 1.020e-02  mse_pde 3.000e-05  mse_ic 5.090e-03  mse_in 5.077e-03  mse_out 6.137e-08:  11%|█         | 2706/25000 [02:42<21:51]
loss : 1.020e-02  mse_pde 3.000e-05  mse_ic 5.090e-03  mse_in 5.077e-03  mse_out 6.137e-08:  11%|█         | 2706/25000 [02:42<21:51]
loss : 1.030e-02  mse_pde 1.315e-04  mse_ic 4.774e-03  mse_in 5.398e-03  mse_out 6.500e-08:  11%|█         | 2706/25000 [02:42<21:51]
loss : 1.030e-02  mse_pde 1.315e-04  mse_ic 4.774e-03  mse_in 5.398e-03  mse_out 6.500e-08:  11%|█         | 2706/25000 [02:42<21:51]
loss : 1.052e-02  mse_pde 3.464e-04  mse_ic 4.817e-03  mse_in 5.356e-03  mse_out 6.589e-08:  11%|█         | 2706/25000 [02:42<21:51]
loss : 1.052e-02  mse_pde 3.464e-04  mse_ic 4.817e-03  mse_in 5.356e-03  mse_out 6.589e-08:  11%|█         | 2706/25000 [02:42<21:51]
loss : 1.052e-02  mse_pde 3.464e-04  mse_ic 4.817e-03  mse_in 5.356e-03  mse_out 6.589e-08:  11%|█         | 2709/25000 [02:42<20:37]
loss : 1.037e-02  mse_pde 2.055e-04  mse_ic 4.994e-03  mse_in 5.170e-03  mse_out 6.307e-08:  11%|█         | 2709/25000 [02:42<20:37]
loss : 1.037e-02  mse_pde 2.055e-04  mse_ic 4.994e-03  mse_in 5.170e-03  mse_out 6.307e-08:  11%|█         | 2709/25000 [02:42<20:37]
loss : 1.024e-02  mse_pde 6.846e-05  mse_ic 5.300e-03  mse_in 4.873e-03  mse_out 5.901e-08:  11%|█         | 2709/25000 [02:42<20:37]
loss : 1.024e-02  mse_pde 6.846e-05  mse_ic 5.300e-03  mse_in 4.873e-03  mse_out 5.901e-08:  11%|█         | 2709/25000 [02:42<20:37]
loss : 1.024e-02  mse_pde 6.846e-05  mse_ic 5.300e-03  mse_in 4.873e-03  mse_out 5.901e-08:  11%|█         | 2711/25000 [02:42<21:10]
loss : 1.042e-02  mse_pde 2.438e-04  mse_ic 5.246e-03  mse_in 4.928e-03  mse_out 5.566e-08:  11%|█         | 2711/25000 [02:42<21:10]
loss : 1.042e-02  mse_pde 2.438e-04  mse_ic 5.246e-03  mse_in 4.928e-03  mse_out 5.566e-08:  11%|█         | 2711/25000 [02:42<21:10]
loss : 1.031e-02  mse_pde 1.395e-04  mse_ic 5.004e-03  mse_in 5.164e-03  mse_out 5.549e-08:  11%|█         | 2711/25000 [02:42<21:10]
loss : 1.031e-02  mse_pde 1.395e-04  mse_ic 5.004e-03  mse_in 5.164e-03  mse_out 5.549e-08:  11%|█         | 2711/25000 [02:42<21:10]
loss : 1.031e-02  mse_pde 1.395e-04  mse_ic 5.004e-03  mse_in 5.164e-03  mse_out 5.549e-08:  11%|█         | 2713/25000 [02:42<21:36]
loss : 1.021e-02  mse_pde 4.419e-05  mse_ic 5.166e-03  mse_in 5.004e-03  mse_out 5.940e-08:  11%|█         | 2713/25000 [02:42<21:36]
loss : 1.021e-02  mse_pde 4.419e-05  mse_ic 5.166e-03  mse_in 5.004e-03  mse_out 5.940e-08:  11%|█         | 2713/25000 [02:42<21:36]
loss : 1.039e-02  mse_pde 2.097e-04  mse_ic 5.267e-03  mse_in 4.910e-03  mse_out 6.324e-08:  11%|█         | 2713/25000 [02:42<21:36]
loss : 1.039e-02  mse_pde 2.097e-04  mse_ic 5.267e-03  mse_in 4.910e-03  mse_out 6.324e-08:  11%|█         | 2713/25000 [02:42<21:36]
loss : 1.039e-02  mse_pde 2.097e-04  mse_ic 5.267e-03  mse_in 4.910e-03  mse_out 6.324e-08:  11%|█         | 2715/25000 [02:42<21:59]
loss : 1.025e-02  mse_pde 8.376e-05  mse_ic 4.943e-03  mse_in 5.227e-03  mse_out 6.280e-08:  11%|█         | 2715/25000 [02:42<21:59]
loss : 1.025e-02  mse_pde 8.376e-05  mse_ic 4.943e-03  mse_in 5.227e-03  mse_out 6.280e-08:  11%|█         | 2715/25000 [02:42<21:59]
loss : 1.027e-02  mse_pde 9.159e-05  mse_ic 4.789e-03  mse_in 5.386e-03  mse_out 5.994e-08:  11%|█         | 2715/25000 [02:42<21:59]
loss : 1.027e-02  mse_pde 9.159e-05  mse_ic 4.789e-03  mse_in 5.386e-03  mse_out 5.994e-08:  11%|█         | 2715/25000 [02:42<21:59]
loss : 1.027e-02  mse_pde 9.159e-05  mse_ic 4.789e-03  mse_in 5.386e-03  mse_out 5.994e-08:  11%|█         | 2717/25000 [02:43<22:05]
loss : 1.031e-02  mse_pde 1.446e-04  mse_ic 5.025e-03  mse_in 5.145e-03  mse_out 5.746e-08:  11%|█         | 2717/25000 [02:43<22:05]
loss : 1.031e-02  mse_pde 1.446e-04  mse_ic 5.025e-03  mse_in 5.145e-03  mse_out 5.746e-08:  11%|█         | 2717/25000 [02:43<22:05]
loss : 1.031e-02  mse_pde 1.429e-04  mse_ic 5.237e-03  mse_in 4.932e-03  mse_out 5.619e-08:  11%|█         | 2717/25000 [02:43<22:05]
loss : 1.031e-02  mse_pde 1.429e-04  mse_ic 5.237e-03  mse_in 4.932e-03  mse_out 5.619e-08:  11%|█         | 2717/25000 [02:43<22:05]
loss : 1.031e-02  mse_pde 1.429e-04  mse_ic 5.237e-03  mse_in 4.932e-03  mse_out 5.619e-08:  11%|█         | 2719/25000 [02:43<22:05]
loss : 1.025e-02  mse_pde 8.499e-05  mse_ic 5.167e-03  mse_in 4.998e-03  mse_out 5.648e-08:  11%|█         | 2719/25000 [02:43<22:05]
loss : 1.025e-02  mse_pde 8.499e-05  mse_ic 5.167e-03  mse_in 4.998e-03  mse_out 5.648e-08:  11%|█         | 2719/25000 [02:43<22:05]
loss : 1.031e-02  mse_pde 1.425e-04  mse_ic 4.902e-03  mse_in 5.265e-03  mse_out 5.781e-08:  11%|█         | 2719/25000 [02:43<22:05]
loss : 1.031e-02  mse_pde 1.425e-04  mse_ic 4.902e-03  mse_in 5.265e-03  mse_out 5.781e-08:  11%|█         | 2719/25000 [02:43<22:05]
loss : 1.031e-02  mse_pde 1.425e-04  mse_ic 4.902e-03  mse_in 5.265e-03  mse_out 5.781e-08:  11%|█         | 2721/25000 [02:43<22:04]
loss : 1.036e-02  mse_pde 1.785e-04  mse_ic 4.649e-03  mse_in 5.529e-03  mse_out 5.924e-08:  11%|█         | 2721/25000 [02:43<22:04]
loss : 1.036e-02  mse_pde 1.785e-04  mse_ic 4.649e-03  mse_in 5.529e-03  mse_out 5.924e-08:  11%|█         | 2721/25000 [02:43<22:04]
loss : 1.026e-02  mse_pde 8.973e-05  mse_ic 4.919e-03  mse_in 5.247e-03  mse_out 6.077e-08:  11%|█         | 2721/25000 [02:43<22:04]
loss : 1.026e-02  mse_pde 8.973e-05  mse_ic 4.919e-03  mse_in 5.247e-03  mse_out 6.077e-08:  11%|█         | 2721/25000 [02:43<22:04]
loss : 1.026e-02  mse_pde 8.973e-05  mse_ic 4.919e-03  mse_in 5.247e-03  mse_out 6.077e-08:  11%|█         | 2723/25000 [02:43<22:27]
loss : 1.023e-02  mse_pde 6.177e-05  mse_ic 5.132e-03  mse_in 5.034e-03  mse_out 5.957e-08:  11%|█         | 2723/25000 [02:43<22:27]
loss : 1.023e-02  mse_pde 6.177e-05  mse_ic 5.132e-03  mse_in 5.034e-03  mse_out 5.957e-08:  11%|█         | 2723/25000 [02:43<22:27]
loss : 1.025e-02  mse_pde 8.832e-05  mse_ic 5.060e-03  mse_in 5.105e-03  mse_out 5.617e-08:  11%|█         | 2723/25000 [02:43<22:27]
loss : 1.025e-02  mse_pde 8.832e-05  mse_ic 5.060e-03  mse_in 5.105e-03  mse_out 5.617e-08:  11%|█         | 2723/25000 [02:43<22:27]
loss : 1.025e-02  mse_pde 8.832e-05  mse_ic 5.060e-03  mse_in 5.105e-03  mse_out 5.617e-08:  11%|█         | 2725/25000 [02:43<22:28]
loss : 1.032e-02  mse_pde 1.504e-04  mse_ic 5.032e-03  mse_in 5.136e-03  mse_out 5.415e-08:  11%|█         | 2725/25000 [02:43<22:28]
loss : 1.032e-02  mse_pde 1.504e-04  mse_ic 5.032e-03  mse_in 5.136e-03  mse_out 5.415e-08:  11%|█         | 2725/25000 [02:43<22:28]
loss : 1.024e-02  mse_pde 7.503e-05  mse_ic 4.975e-03  mse_in 5.191e-03  mse_out 5.465e-08:  11%|█         | 2725/25000 [02:43<22:28]
loss : 1.024e-02  mse_pde 7.503e-05  mse_ic 4.975e-03  mse_in 5.191e-03  mse_out 5.465e-08:  11%|█         | 2725/25000 [02:43<22:28]
loss : 1.024e-02  mse_pde 7.503e-05  mse_ic 4.975e-03  mse_in 5.191e-03  mse_out 5.465e-08:  11%|█         | 2727/25000 [02:43<22:30]
loss : 1.020e-02  mse_pde 3.057e-05  mse_ic 5.129e-03  mse_in 5.038e-03  mse_out 5.785e-08:  11%|█         | 2727/25000 [02:43<22:30]
loss : 1.020e-02  mse_pde 3.057e-05  mse_ic 5.129e-03  mse_in 5.038e-03  mse_out 5.785e-08:  11%|█         | 2727/25000 [02:43<22:30]
loss : 1.026e-02  mse_pde 9.334e-05  mse_ic 5.148e-03  mse_in 5.020e-03  mse_out 6.065e-08:  11%|█         | 2727/25000 [02:43<22:30]
loss : 1.026e-02  mse_pde 9.334e-05  mse_ic 5.148e-03  mse_in 5.020e-03  mse_out 6.065e-08:  11%|█         | 2727/25000 [02:43<22:30]
loss : 1.026e-02  mse_pde 9.334e-05  mse_ic 5.148e-03  mse_in 5.020e-03  mse_out 6.065e-08:  11%|█         | 2729/25000 [02:43<22:30]
loss : 1.028e-02  mse_pde 1.144e-04  mse_ic 4.890e-03  mse_in 5.276e-03  mse_out 6.056e-08:  11%|█         | 2729/25000 [02:43<22:30]
loss : 1.028e-02  mse_pde 1.144e-04  mse_ic 4.890e-03  mse_in 5.276e-03  mse_out 6.056e-08:  11%|█         | 2729/25000 [02:43<22:30]
loss : 1.028e-02  mse_pde 1.147e-04  mse_ic 4.964e-03  mse_in 5.203e-03  mse_out 5.958e-08:  11%|█         | 2729/25000 [02:43<22:30]
loss : 1.028e-02  mse_pde 1.147e-04  mse_ic 4.964e-03  mse_in 5.203e-03  mse_out 5.958e-08:  11%|█         | 2729/25000 [02:43<22:30]
loss : 1.028e-02  mse_pde 1.147e-04  mse_ic 4.964e-03  mse_in 5.203e-03  mse_out 5.958e-08:  11%|█         | 2731/25000 [02:43<22:23]
loss : 1.023e-02  mse_pde 6.590e-05  mse_ic 5.095e-03  mse_in 5.069e-03  mse_out 5.840e-08:  11%|█         | 2731/25000 [02:43<22:23]
loss : 1.023e-02  mse_pde 6.590e-05  mse_ic 5.095e-03  mse_in 5.069e-03  mse_out 5.840e-08:  11%|█         | 2731/25000 [02:43<22:23]
loss : 1.025e-02  mse_pde 7.511e-05  mse_ic 5.348e-03  mse_in 4.826e-03  mse_out 5.859e-08:  11%|█         | 2731/25000 [02:43<22:23]
loss : 1.025e-02  mse_pde 7.511e-05  mse_ic 5.348e-03  mse_in 4.826e-03  mse_out 5.859e-08:  11%|█         | 2731/25000 [02:43<22:23]
loss : 1.020e-02  mse_pde 3.395e-05  mse_ic 5.121e-03  mse_in 5.044e-03  mse_out 5.855e-08:  11%|█         | 2731/25000 [02:43<22:23]
loss : 1.020e-02  mse_pde 3.395e-05  mse_ic 5.121e-03  mse_in 5.044e-03  mse_out 5.855e-08:  11%|█         | 2731/25000 [02:43<22:23]
loss : 1.020e-02  mse_pde 3.395e-05  mse_ic 5.121e-03  mse_in 5.044e-03  mse_out 5.855e-08:  11%|█         | 2734/25000 [02:43<19:37]
loss : 1.024e-02  mse_pde 6.651e-05  mse_ic 4.780e-03  mse_in 5.389e-03  mse_out 5.872e-08:  11%|█         | 2734/25000 [02:44<19:37]
loss : 1.024e-02  mse_pde 6.651e-05  mse_ic 4.780e-03  mse_in 5.389e-03  mse_out 5.872e-08:  11%|█         | 2734/25000 [02:44<19:37]
loss : 1.029e-02  mse_pde 1.216e-04  mse_ic 4.794e-03  mse_in 5.375e-03  mse_out 5.931e-08:  11%|█         | 2734/25000 [02:44<19:37]
loss : 1.029e-02  mse_pde 1.216e-04  mse_ic 4.794e-03  mse_in 5.375e-03  mse_out 5.931e-08:  11%|█         | 2734/25000 [02:44<19:37]
loss : 1.029e-02  mse_pde 1.216e-04  mse_ic 4.794e-03  mse_in 5.375e-03  mse_out 5.931e-08:  11%|█         | 2736/25000 [02:44<19:22]
loss : 1.046e-02  mse_pde 2.990e-04  mse_ic 4.891e-03  mse_in 5.269e-03  mse_out 5.862e-08:  11%|█         | 2736/25000 [02:44<19:22]
loss : 1.046e-02  mse_pde 2.990e-04  mse_ic 4.891e-03  mse_in 5.269e-03  mse_out 5.862e-08:  11%|█         | 2736/25000 [02:44<19:22]
loss : 1.066e-02  mse_pde 4.914e-04  mse_ic 5.318e-03  mse_in 4.854e-03  mse_out 5.767e-08:  11%|█         | 2736/25000 [02:44<19:22]
loss : 1.066e-02  mse_pde 4.914e-04  mse_ic 5.318e-03  mse_in 4.854e-03  mse_out 5.767e-08:  11%|█         | 2736/25000 [02:44<19:22]
loss : 1.066e-02  mse_pde 4.914e-04  mse_ic 5.318e-03  mse_in 4.854e-03  mse_out 5.767e-08:  11%|█         | 2738/25000 [02:44<19:46]
loss : 1.035e-02  mse_pde 1.853e-04  mse_ic 5.099e-03  mse_in 5.062e-03  mse_out 5.573e-08:  11%|█         | 2738/25000 [02:44<19:46]
loss : 1.035e-02  mse_pde 1.853e-04  mse_ic 5.099e-03  mse_in 5.062e-03  mse_out 5.573e-08:  11%|█         | 2738/25000 [02:44<19:46]
loss : 1.028e-02  mse_pde 1.165e-04  mse_ic 5.194e-03  mse_in 4.973e-03  mse_out 5.738e-08:  11%|█         | 2738/25000 [02:44<19:46]
loss : 1.028e-02  mse_pde 1.165e-04  mse_ic 5.194e-03  mse_in 4.973e-03  mse_out 5.738e-08:  11%|█         | 2738/25000 [02:44<19:46]
loss : 1.028e-02  mse_pde 1.165e-04  mse_ic 5.194e-03  mse_in 4.973e-03  mse_out 5.738e-08:  11%|█         | 2740/25000 [02:44<20:42]
loss : 1.050e-02  mse_pde 3.051e-04  mse_ic 5.516e-03  mse_in 4.677e-03  mse_out 6.195e-08:  11%|█         | 2740/25000 [02:44<20:42]
loss : 1.050e-02  mse_pde 3.051e-04  mse_ic 5.516e-03  mse_in 4.677e-03  mse_out 6.195e-08:  11%|█         | 2740/25000 [02:44<20:42]
loss : 1.027e-02  mse_pde 8.829e-05  mse_ic 5.391e-03  mse_in 4.791e-03  mse_out 6.493e-08:  11%|█         | 2740/25000 [02:44<20:42]
loss : 1.027e-02  mse_pde 8.829e-05  mse_ic 5.391e-03  mse_in 4.791e-03  mse_out 6.493e-08:  11%|█         | 2740/25000 [02:44<20:42]
loss : 1.027e-02  mse_pde 8.829e-05  mse_ic 5.391e-03  mse_in 4.791e-03  mse_out 6.493e-08:  11%|█         | 2742/25000 [02:44<21:24]
loss : 1.038e-02  mse_pde 2.078e-04  mse_ic 5.260e-03  mse_in 4.915e-03  mse_out 6.460e-08:  11%|█         | 2742/25000 [02:44<21:24]
loss : 1.038e-02  mse_pde 2.078e-04  mse_ic 5.260e-03  mse_in 4.915e-03  mse_out 6.460e-08:  11%|█         | 2742/25000 [02:44<21:24]
loss : 1.048e-02  mse_pde 2.913e-04  mse_ic 5.389e-03  mse_in 4.799e-03  mse_out 6.170e-08:  11%|█         | 2742/25000 [02:44<21:24]
loss : 1.048e-02  mse_pde 2.913e-04  mse_ic 5.389e-03  mse_in 4.799e-03  mse_out 6.170e-08:  11%|█         | 2742/25000 [02:44<21:24]
loss : 1.022e-02  mse_pde 3.125e-05  mse_ic 5.422e-03  mse_in 4.766e-03  mse_out 5.723e-08:  11%|█         | 2742/25000 [02:44<21:24]
loss : 1.022e-02  mse_pde 3.125e-05  mse_ic 5.422e-03  mse_in 4.766e-03  mse_out 5.723e-08:  11%|█         | 2742/25000 [02:44<21:24]
loss : 1.022e-02  mse_pde 3.125e-05  mse_ic 5.422e-03  mse_in 4.766e-03  mse_out 5.723e-08:  11%|█         | 2745/25000 [02:44<18:59]
loss : 1.047e-02  mse_pde 2.930e-04  mse_ic 5.359e-03  mse_in 4.820e-03  mse_out 5.393e-08:  11%|█         | 2745/25000 [02:44<18:59]
loss : 1.047e-02  mse_pde 2.930e-04  mse_ic 5.359e-03  mse_in 4.820e-03  mse_out 5.393e-08:  11%|█         | 2745/25000 [02:44<18:59]
loss : 1.033e-02  mse_pde 1.285e-04  mse_ic 5.607e-03  mse_in 4.596e-03  mse_out 5.484e-08:  11%|█         | 2745/25000 [02:44<18:59]
loss : 1.033e-02  mse_pde 1.285e-04  mse_ic 5.607e-03  mse_in 4.596e-03  mse_out 5.484e-08:  11%|█         | 2745/25000 [02:44<18:59]
loss : 1.031e-02  mse_pde 1.339e-04  mse_ic 5.262e-03  mse_in 4.913e-03  mse_out 5.660e-08:  11%|█         | 2745/25000 [02:44<18:59]
loss : 1.031e-02  mse_pde 1.339e-04  mse_ic 5.262e-03  mse_in 4.913e-03  mse_out 5.660e-08:  11%|█         | 2745/25000 [02:44<18:59]
loss : 1.031e-02  mse_pde 1.339e-04  mse_ic 5.262e-03  mse_in 4.913e-03  mse_out 5.660e-08:  11%|█         | 2748/25000 [02:44<19:03]
loss : 1.050e-02  mse_pde 3.297e-04  mse_ic 4.829e-03  mse_in 5.339e-03  mse_out 5.903e-08:  11%|█         | 2748/25000 [02:44<19:03]
loss : 1.050e-02  mse_pde 3.297e-04  mse_ic 4.829e-03  mse_in 5.339e-03  mse_out 5.903e-08:  11%|█         | 2748/25000 [02:44<19:03]
loss : 1.026e-02  mse_pde 9.759e-05  mse_ic 4.996e-03  mse_in 5.171e-03  mse_out 6.271e-08:  11%|█         | 2748/25000 [02:44<19:03]
loss : 1.026e-02  mse_pde 9.759e-05  mse_ic 4.996e-03  mse_in 5.171e-03  mse_out 6.271e-08:  11%|█         | 2748/25000 [02:44<19:03]
loss : 1.026e-02  mse_pde 9.759e-05  mse_ic 4.996e-03  mse_in 5.171e-03  mse_out 6.271e-08:  11%|█         | 2750/25000 [02:44<19:45]
loss : 1.030e-02  mse_pde 1.342e-04  mse_ic 5.112e-03  mse_in 5.056e-03  mse_out 6.343e-08:  11%|█         | 2750/25000 [02:44<19:45]
loss : 1.030e-02  mse_pde 1.342e-04  mse_ic 5.112e-03  mse_in 5.056e-03  mse_out 6.343e-08:  11%|█         | 2750/25000 [02:44<19:45]
loss : 1.040e-02  mse_pde 2.400e-04  mse_ic 4.934e-03  mse_in 5.230e-03  mse_out 6.094e-08:  11%|█         | 2750/25000 [02:44<19:45]
loss : 1.040e-02  mse_pde 2.400e-04  mse_ic 4.934e-03  mse_in 5.230e-03  mse_out 6.094e-08:  11%|█         | 2750/25000 [02:44<19:45]
loss : 1.040e-02  mse_pde 2.400e-04  mse_ic 4.934e-03  mse_in 5.230e-03  mse_out 6.094e-08:  11%|█         | 2752/25000 [02:44<20:36]
loss : 1.025e-02  mse_pde 8.757e-05  mse_ic 4.962e-03  mse_in 5.203e-03  mse_out 5.976e-08:  11%|█         | 2752/25000 [02:45<20:36]
loss : 1.025e-02  mse_pde 8.757e-05  mse_ic 4.962e-03  mse_in 5.203e-03  mse_out 5.976e-08:  11%|█         | 2752/25000 [02:45<20:36]
loss : 1.030e-02  mse_pde 1.361e-04  mse_ic 5.009e-03  mse_in 5.157e-03  mse_out 6.011e-08:  11%|█         | 2752/25000 [02:45<20:36]
loss : 1.030e-02  mse_pde 1.361e-04  mse_ic 5.009e-03  mse_in 5.157e-03  mse_out 6.011e-08:  11%|█         | 2752/25000 [02:45<20:36]
loss : 1.030e-02  mse_pde 1.361e-04  mse_ic 5.009e-03  mse_in 5.157e-03  mse_out 6.011e-08:  11%|█         | 2754/25000 [02:45<21:16]
loss : 1.036e-02  mse_pde 1.925e-04  mse_ic 4.976e-03  mse_in 5.186e-03  mse_out 6.068e-08:  11%|█         | 2754/25000 [02:45<21:16]
loss : 1.036e-02  mse_pde 1.925e-04  mse_ic 4.976e-03  mse_in 5.186e-03  mse_out 6.068e-08:  11%|█         | 2754/25000 [02:45<21:16]
loss : 1.024e-02  mse_pde 7.853e-05  mse_ic 5.117e-03  mse_in 5.050e-03  mse_out 6.088e-08:  11%|█         | 2754/25000 [02:45<21:16]
loss : 1.024e-02  mse_pde 7.853e-05  mse_ic 5.117e-03  mse_in 5.050e-03  mse_out 6.088e-08:  11%|█         | 2754/25000 [02:45<21:16]
loss : 1.024e-02  mse_pde 7.853e-05  mse_ic 5.117e-03  mse_in 5.050e-03  mse_out 6.088e-08:  11%|█         | 2756/25000 [02:45<21:31]
loss : 1.031e-02  mse_pde 1.449e-04  mse_ic 5.004e-03  mse_in 5.165e-03  mse_out 5.819e-08:  11%|█         | 2756/25000 [02:45<21:31]
loss : 1.031e-02  mse_pde 1.449e-04  mse_ic 5.004e-03  mse_in 5.165e-03  mse_out 5.819e-08:  11%|█         | 2756/25000 [02:45<21:31]
loss : 1.033e-02  mse_pde 1.568e-04  mse_ic 4.854e-03  mse_in 5.315e-03  mse_out 5.499e-08:  11%|█         | 2756/25000 [02:45<21:31]
loss : 1.033e-02  mse_pde 1.568e-04  mse_ic 4.854e-03  mse_in 5.315e-03  mse_out 5.499e-08:  11%|█         | 2756/25000 [02:45<21:31]
loss : 1.033e-02  mse_pde 1.568e-04  mse_ic 4.854e-03  mse_in 5.315e-03  mse_out 5.499e-08:  11%|█         | 2758/25000 [02:45<21:55]
loss : 1.021e-02  mse_pde 4.020e-05  mse_ic 5.130e-03  mse_in 5.040e-03  mse_out 5.518e-08:  11%|█         | 2758/25000 [02:45<21:55]
loss : 1.021e-02  mse_pde 4.020e-05  mse_ic 5.130e-03  mse_in 5.040e-03  mse_out 5.518e-08:  11%|█         | 2758/25000 [02:45<21:55]
loss : 1.032e-02  mse_pde 1.405e-04  mse_ic 5.319e-03  mse_in 4.861e-03  mse_out 5.751e-08:  11%|█         | 2758/25000 [02:45<21:55]
loss : 1.032e-02  mse_pde 1.405e-04  mse_ic 5.319e-03  mse_in 4.861e-03  mse_out 5.751e-08:  11%|█         | 2758/25000 [02:45<21:55]
loss : 1.032e-02  mse_pde 1.405e-04  mse_ic 5.319e-03  mse_in 4.861e-03  mse_out 5.751e-08:  11%|█         | 2760/25000 [02:45<22:08]
loss : 1.024e-02  mse_pde 6.861e-05  mse_ic 5.050e-03  mse_in 5.119e-03  mse_out 6.005e-08:  11%|█         | 2760/25000 [02:45<22:08]
loss : 1.024e-02  mse_pde 6.861e-05  mse_ic 5.050e-03  mse_in 5.119e-03  mse_out 6.005e-08:  11%|█         | 2760/25000 [02:45<22:08]
loss : 1.024e-02  mse_pde 6.972e-05  mse_ic 4.874e-03  mse_in 5.298e-03  mse_out 6.331e-08:  11%|█         | 2760/25000 [02:45<22:08]
loss : 1.024e-02  mse_pde 6.972e-05  mse_ic 4.874e-03  mse_in 5.298e-03  mse_out 6.331e-08:  11%|█         | 2760/25000 [02:45<22:08]
loss : 1.024e-02  mse_pde 6.972e-05  mse_ic 4.874e-03  mse_in 5.298e-03  mse_out 6.331e-08:  11%|█         | 2762/25000 [02:45<22:08]
loss : 1.031e-02  mse_pde 1.410e-04  mse_ic 4.983e-03  mse_in 5.188e-03  mse_out 6.589e-08:  11%|█         | 2762/25000 [02:45<22:08]
loss : 1.031e-02  mse_pde 1.410e-04  mse_ic 4.983e-03  mse_in 5.188e-03  mse_out 6.589e-08:  11%|█         | 2762/25000 [02:45<22:08]
loss : 1.026e-02  mse_pde 8.824e-05  mse_ic 5.153e-03  mse_in 5.015e-03  mse_out 6.531e-08:  11%|█         | 2762/25000 [02:45<22:08]
loss : 1.026e-02  mse_pde 8.824e-05  mse_ic 5.153e-03  mse_in 5.015e-03  mse_out 6.531e-08:  11%|█         | 2762/25000 [02:45<22:08]
loss : 1.026e-02  mse_pde 8.824e-05  mse_ic 5.153e-03  mse_in 5.015e-03  mse_out 6.531e-08:  11%|█         | 2764/25000 [02:45<22:13]
loss : 1.022e-02  mse_pde 4.895e-05  mse_ic 5.251e-03  mse_in 4.921e-03  mse_out 6.180e-08:  11%|█         | 2764/25000 [02:45<22:13]
loss : 1.022e-02  mse_pde 4.895e-05  mse_ic 5.251e-03  mse_in 4.921e-03  mse_out 6.180e-08:  11%|█         | 2764/25000 [02:45<22:13]
loss : 1.030e-02  mse_pde 1.311e-04  mse_ic 5.123e-03  mse_in 5.046e-03  mse_out 5.777e-08:  11%|█         | 2764/25000 [02:45<22:13]
loss : 1.030e-02  mse_pde 1.311e-04  mse_ic 5.123e-03  mse_in 5.046e-03  mse_out 5.777e-08:  11%|█         | 2764/25000 [02:45<22:13]
loss : 1.030e-02  mse_pde 1.311e-04  mse_ic 5.123e-03  mse_in 5.046e-03  mse_out 5.777e-08:  11%|█         | 2766/25000 [02:45<22:12]
loss : 1.026e-02  mse_pde 9.575e-05  mse_ic 4.917e-03  mse_in 5.249e-03  mse_out 5.632e-08:  11%|█         | 2766/25000 [02:45<22:12]
loss : 1.026e-02  mse_pde 9.575e-05  mse_ic 4.917e-03  mse_in 5.249e-03  mse_out 5.632e-08:  11%|█         | 2766/25000 [02:45<22:12]
loss : 1.020e-02  mse_pde 3.279e-05  mse_ic 5.036e-03  mse_in 5.129e-03  mse_out 5.886e-08:  11%|█         | 2766/25000 [02:45<22:12]
loss : 1.020e-02  mse_pde 3.279e-05  mse_ic 5.036e-03  mse_in 5.129e-03  mse_out 5.886e-08:  11%|█         | 2766/25000 [02:45<22:12]
loss : 1.020e-02  mse_pde 3.279e-05  mse_ic 5.036e-03  mse_in 5.129e-03  mse_out 5.886e-08:  11%|█         | 2768/25000 [02:45<22:10]
loss : 1.026e-02  mse_pde 9.402e-05  mse_ic 5.032e-03  mse_in 5.134e-03  mse_out 6.186e-08:  11%|█         | 2768/25000 [02:45<22:10]
loss : 1.026e-02  mse_pde 9.402e-05  mse_ic 5.032e-03  mse_in 5.134e-03  mse_out 6.186e-08:  11%|█         | 2768/25000 [02:45<22:10]
loss : 1.026e-02  mse_pde 9.056e-05  mse_ic 4.765e-03  mse_in 5.406e-03  mse_out 6.236e-08:  11%|█         | 2768/25000 [02:46<22:10]
loss : 1.026e-02  mse_pde 9.056e-05  mse_ic 4.765e-03  mse_in 5.406e-03  mse_out 6.236e-08:  11%|█         | 2768/25000 [02:46<22:10]
loss : 1.026e-02  mse_pde 9.056e-05  mse_ic 4.765e-03  mse_in 5.406e-03  mse_out 6.236e-08:  11%|█         | 2770/25000 [02:46<22:06]
loss : 1.028e-02  mse_pde 1.098e-04  mse_ic 4.771e-03  mse_in 5.402e-03  mse_out 6.181e-08:  11%|█         | 2770/25000 [02:46<22:06]
loss : 1.028e-02  mse_pde 1.098e-04  mse_ic 4.771e-03  mse_in 5.402e-03  mse_out 6.181e-08:  11%|█         | 2770/25000 [02:46<22:06]
loss : 1.023e-02  mse_pde 6.530e-05  mse_ic 4.969e-03  mse_in 5.195e-03  mse_out 6.078e-08:  11%|█         | 2770/25000 [02:46<22:06]
loss : 1.023e-02  mse_pde 6.530e-05  mse_ic 4.969e-03  mse_in 5.195e-03  mse_out 6.078e-08:  11%|█         | 2770/25000 [02:46<22:06]
loss : 1.023e-02  mse_pde 6.530e-05  mse_ic 4.969e-03  mse_in 5.195e-03  mse_out 6.078e-08:  11%|█         | 2772/25000 [02:46<22:19]
loss : 1.024e-02  mse_pde 6.929e-05  mse_ic 5.221e-03  mse_in 4.948e-03  mse_out 5.994e-08:  11%|█         | 2772/25000 [02:46<22:19]
loss : 1.024e-02  mse_pde 6.929e-05  mse_ic 5.221e-03  mse_in 4.948e-03  mse_out 5.994e-08:  11%|█         | 2772/25000 [02:46<22:19]
loss : 1.019e-02  mse_pde 2.740e-05  mse_ic 5.024e-03  mse_in 5.141e-03  mse_out 5.813e-08:  11%|█         | 2772/25000 [02:46<22:19]
loss : 1.019e-02  mse_pde 2.740e-05  mse_ic 5.024e-03  mse_in 5.141e-03  mse_out 5.813e-08:  11%|█         | 2772/25000 [02:46<22:19]
loss : 1.019e-02  mse_pde 2.740e-05  mse_ic 5.024e-03  mse_in 5.141e-03  mse_out 5.813e-08:  11%|█         | 2774/25000 [02:46<22:36]
loss : 1.026e-02  mse_pde 9.175e-05  mse_ic 4.773e-03  mse_in 5.397e-03  mse_out 5.691e-08:  11%|█         | 2774/25000 [02:46<22:36]
loss : 1.026e-02  mse_pde 9.175e-05  mse_ic 4.773e-03  mse_in 5.397e-03  mse_out 5.691e-08:  11%|█         | 2774/25000 [02:46<22:36]
loss : 1.028e-02  mse_pde 1.085e-04  mse_ic 4.930e-03  mse_in 5.236e-03  mse_out 5.766e-08:  11%|█         | 2774/25000 [02:46<22:36]
loss : 1.028e-02  mse_pde 1.085e-04  mse_ic 4.930e-03  mse_in 5.236e-03  mse_out 5.766e-08:  11%|█         | 2774/25000 [02:46<22:36]
loss : 1.028e-02  mse_pde 1.085e-04  mse_ic 4.930e-03  mse_in 5.236e-03  mse_out 5.766e-08:  11%|█         | 2776/25000 [02:46<22:30]
loss : 1.029e-02  mse_pde 1.299e-04  mse_ic 5.100e-03  mse_in 5.063e-03  mse_out 5.850e-08:  11%|█         | 2776/25000 [02:46<22:30]
loss : 1.029e-02  mse_pde 1.299e-04  mse_ic 5.100e-03  mse_in 5.063e-03  mse_out 5.850e-08:  11%|█         | 2776/25000 [02:46<22:30]
loss : 1.026e-02  mse_pde 9.086e-05  mse_ic 5.301e-03  mse_in 4.872e-03  mse_out 5.952e-08:  11%|█         | 2776/25000 [02:46<22:30]
loss : 1.026e-02  mse_pde 9.086e-05  mse_ic 5.301e-03  mse_in 4.872e-03  mse_out 5.952e-08:  11%|█         | 2776/25000 [02:46<22:30]
loss : 1.026e-02  mse_pde 9.086e-05  mse_ic 5.301e-03  mse_in 4.872e-03  mse_out 5.952e-08:  11%|█         | 2778/25000 [02:46<22:29]
loss : 1.023e-02  mse_pde 6.808e-05  mse_ic 4.992e-03  mse_in 5.173e-03  mse_out 5.991e-08:  11%|█         | 2778/25000 [02:46<22:29]
loss : 1.023e-02  mse_pde 6.808e-05  mse_ic 4.992e-03  mse_in 5.173e-03  mse_out 5.991e-08:  11%|█         | 2778/25000 [02:46<22:29]
loss : 1.023e-02  mse_pde 6.233e-05  mse_ic 4.883e-03  mse_in 5.283e-03  mse_out 6.241e-08:  11%|█         | 2778/25000 [02:46<22:29]
loss : 1.023e-02  mse_pde 6.233e-05  mse_ic 4.883e-03  mse_in 5.283e-03  mse_out 6.241e-08:  11%|█         | 2778/25000 [02:46<22:29]
loss : 1.023e-02  mse_pde 6.233e-05  mse_ic 4.883e-03  mse_in 5.283e-03  mse_out 6.241e-08:  11%|█         | 2780/25000 [02:46<22:29]
loss : 1.028e-02  mse_pde 1.125e-04  mse_ic 5.061e-03  mse_in 5.105e-03  mse_out 6.604e-08:  11%|█         | 2780/25000 [02:46<22:29]
loss : 1.028e-02  mse_pde 1.125e-04  mse_ic 5.061e-03  mse_in 5.105e-03  mse_out 6.604e-08:  11%|█         | 2780/25000 [02:46<22:29]
loss : 1.039e-02  mse_pde 2.334e-04  mse_ic 5.024e-03  mse_in 5.137e-03  mse_out 6.675e-08:  11%|█         | 2780/25000 [02:46<22:29]
loss : 1.039e-02  mse_pde 2.334e-04  mse_ic 5.024e-03  mse_in 5.137e-03  mse_out 6.675e-08:  11%|█         | 2780/25000 [02:46<22:29]
loss : 1.039e-02  mse_pde 2.334e-04  mse_ic 5.024e-03  mse_in 5.137e-03  mse_out 6.675e-08:  11%|█         | 2782/25000 [02:46<22:37]
loss : 1.039e-02  mse_pde 2.232e-04  mse_ic 5.114e-03  mse_in 5.051e-03  mse_out 6.532e-08:  11%|█         | 2782/25000 [02:46<22:37]
loss : 1.039e-02  mse_pde 2.232e-04  mse_ic 5.114e-03  mse_in 5.051e-03  mse_out 6.532e-08:  11%|█         | 2782/25000 [02:46<22:37]
loss : 1.036e-02  mse_pde 1.958e-04  mse_ic 4.976e-03  mse_in 5.185e-03  mse_out 6.293e-08:  11%|█         | 2782/25000 [02:46<22:37]
loss : 1.036e-02  mse_pde 1.958e-04  mse_ic 4.976e-03  mse_in 5.185e-03  mse_out 6.293e-08:  11%|█         | 2782/25000 [02:46<22:37]
loss : 1.036e-02  mse_pde 1.958e-04  mse_ic 4.976e-03  mse_in 5.185e-03  mse_out 6.293e-08:  11%|█         | 2784/25000 [02:46<22:34]
loss : 1.024e-02  mse_pde 6.409e-05  mse_ic 5.339e-03  mse_in 4.835e-03  mse_out 6.380e-08:  11%|█         | 2784/25000 [02:46<22:34]
loss : 1.024e-02  mse_pde 6.409e-05  mse_ic 5.339e-03  mse_in 4.835e-03  mse_out 6.380e-08:  11%|█         | 2784/25000 [02:46<22:34]
loss : 1.023e-02  mse_pde 4.929e-05  mse_ic 5.394e-03  mse_in 4.784e-03  mse_out 6.428e-08:  11%|█         | 2784/25000 [02:47<22:34]
loss : 1.023e-02  mse_pde 4.929e-05  mse_ic 5.394e-03  mse_in 4.784e-03  mse_out 6.428e-08:  11%|█         | 2784/25000 [02:47<22:34]
loss : 1.023e-02  mse_pde 4.929e-05  mse_ic 5.394e-03  mse_in 4.784e-03  mse_out 6.428e-08:  11%|█         | 2786/25000 [02:47<22:38]
loss : 1.031e-02  mse_pde 1.439e-04  mse_ic 5.030e-03  mse_in 5.134e-03  mse_out 6.191e-08:  11%|█         | 2786/25000 [02:47<22:38]
loss : 1.031e-02  mse_pde 1.439e-04  mse_ic 5.030e-03  mse_in 5.134e-03  mse_out 6.191e-08:  11%|█         | 2786/25000 [02:47<22:38]
loss : 1.039e-02  mse_pde 2.267e-04  mse_ic 4.975e-03  mse_in 5.192e-03  mse_out 5.832e-08:  11%|█         | 2786/25000 [02:47<22:38]
loss : 1.039e-02  mse_pde 2.267e-04  mse_ic 4.975e-03  mse_in 5.192e-03  mse_out 5.832e-08:  11%|█         | 2786/25000 [02:47<22:38]
loss : 1.039e-02  mse_pde 2.267e-04  mse_ic 4.975e-03  mse_in 5.192e-03  mse_out 5.832e-08:  11%|█         | 2788/25000 [02:47<21:29]
loss : 1.031e-02  mse_pde 1.476e-04  mse_ic 5.015e-03  mse_in 5.148e-03  mse_out 5.430e-08:  11%|█         | 2788/25000 [02:47<21:29]
loss : 1.031e-02  mse_pde 1.476e-04  mse_ic 5.015e-03  mse_in 5.148e-03  mse_out 5.430e-08:  11%|█         | 2788/25000 [02:47<21:29]
loss : 1.023e-02  mse_pde 5.525e-05  mse_ic 5.305e-03  mse_in 4.868e-03  mse_out 5.226e-08:  11%|█         | 2788/25000 [02:47<21:29]
loss : 1.023e-02  mse_pde 5.525e-05  mse_ic 5.305e-03  mse_in 4.868e-03  mse_out 5.226e-08:  11%|█         | 2788/25000 [02:47<21:29]
loss : 1.023e-02  mse_pde 5.525e-05  mse_ic 5.305e-03  mse_in 4.868e-03  mse_out 5.226e-08:  11%|█         | 2790/25000 [02:47<20:42]
loss : 1.025e-02  mse_pde 7.621e-05  mse_ic 5.243e-03  mse_in 4.926e-03  mse_out 5.202e-08:  11%|█         | 2790/25000 [02:47<20:42]
loss : 1.025e-02  mse_pde 7.621e-05  mse_ic 5.243e-03  mse_in 4.926e-03  mse_out 5.202e-08:  11%|█         | 2790/25000 [02:47<20:42]
loss : 1.034e-02  mse_pde 1.782e-04  mse_ic 4.958e-03  mse_in 5.203e-03  mse_out 5.395e-08:  11%|█         | 2790/25000 [02:47<20:42]
loss : 1.034e-02  mse_pde 1.782e-04  mse_ic 4.958e-03  mse_in 5.203e-03  mse_out 5.395e-08:  11%|█         | 2790/25000 [02:47<20:42]
loss : 1.034e-02  mse_pde 1.782e-04  mse_ic 4.958e-03  mse_in 5.203e-03  mse_out 5.395e-08:  11%|█         | 2792/25000 [02:47<21:04]
loss : 1.033e-02  mse_pde 1.629e-04  mse_ic 5.134e-03  mse_in 5.031e-03  mse_out 5.851e-08:  11%|█         | 2792/25000 [02:47<21:04]
loss : 1.033e-02  mse_pde 1.629e-04  mse_ic 5.134e-03  mse_in 5.031e-03  mse_out 5.851e-08:  11%|█         | 2792/25000 [02:47<21:04]
loss : 1.024e-02  mse_pde 7.534e-05  mse_ic 5.113e-03  mse_in 5.049e-03  mse_out 6.081e-08:  11%|█         | 2792/25000 [02:47<21:04]
loss : 1.024e-02  mse_pde 7.534e-05  mse_ic 5.113e-03  mse_in 5.049e-03  mse_out 6.081e-08:  11%|█         | 2792/25000 [02:47<21:04]
loss : 1.024e-02  mse_pde 7.534e-05  mse_ic 5.113e-03  mse_in 5.049e-03  mse_out 6.081e-08:  11%|█         | 2794/25000 [02:47<21:24]
loss : 1.022e-02  mse_pde 5.407e-05  mse_ic 5.035e-03  mse_in 5.126e-03  mse_out 5.980e-08:  11%|█         | 2794/25000 [02:47<21:24]
loss : 1.022e-02  mse_pde 5.407e-05  mse_ic 5.035e-03  mse_in 5.126e-03  mse_out 5.980e-08:  11%|█         | 2794/25000 [02:47<21:24]
loss : 1.036e-02  mse_pde 1.922e-04  mse_ic 5.046e-03  mse_in 5.118e-03  mse_out 5.792e-08:  11%|█         | 2794/25000 [02:47<21:24]
loss : 1.036e-02  mse_pde 1.922e-04  mse_ic 5.046e-03  mse_in 5.118e-03  mse_out 5.792e-08:  11%|█         | 2794/25000 [02:47<21:24]
loss : 1.036e-02  mse_pde 1.922e-04  mse_ic 5.046e-03  mse_in 5.118e-03  mse_out 5.792e-08:  11%|█         | 2796/25000 [02:47<21:47]
loss : 1.035e-02  mse_pde 1.945e-04  mse_ic 5.001e-03  mse_in 5.158e-03  mse_out 5.715e-08:  11%|█         | 2796/25000 [02:47<21:47]
loss : 1.035e-02  mse_pde 1.945e-04  mse_ic 5.001e-03  mse_in 5.158e-03  mse_out 5.715e-08:  11%|█         | 2796/25000 [02:47<21:47]
loss : 1.024e-02  mse_pde 7.177e-05  mse_ic 5.293e-03  mse_in 4.877e-03  mse_out 5.898e-08:  11%|█         | 2796/25000 [02:47<21:47]
loss : 1.024e-02  mse_pde 7.177e-05  mse_ic 5.293e-03  mse_in 4.877e-03  mse_out 5.898e-08:  11%|█         | 2796/25000 [02:47<21:47]
loss : 1.024e-02  mse_pde 7.177e-05  mse_ic 5.293e-03  mse_in 4.877e-03  mse_out 5.898e-08:  11%|█         | 2798/25000 [02:47<21:53]
loss : 1.022e-02  mse_pde 5.450e-05  mse_ic 5.125e-03  mse_in 5.039e-03  mse_out 5.918e-08:  11%|█         | 2798/25000 [02:47<21:53]
loss : 1.022e-02  mse_pde 5.450e-05  mse_ic 5.125e-03  mse_in 5.039e-03  mse_out 5.918e-08:  11%|█         | 2798/25000 [02:47<21:53]
loss : 1.037e-02  mse_pde 2.074e-04  mse_ic 4.798e-03  mse_in 5.368e-03  mse_out 5.722e-08:  11%|█         | 2798/25000 [02:47<21:53]
loss : 1.037e-02  mse_pde 2.074e-04  mse_ic 4.798e-03  mse_in 5.368e-03  mse_out 5.722e-08:  11%|█         | 2798/25000 [02:47<21:53]
loss : 1.037e-02  mse_pde 2.074e-04  mse_ic 4.798e-03  mse_in 5.368e-03  mse_out 5.722e-08:  11%|█         | 2800/25000 [02:47<21:59]
loss : 1.039e-02  mse_pde 2.221e-04  mse_ic 4.981e-03  mse_in 5.183e-03  mse_out 5.574e-08:  11%|█         | 2800/25000 [02:47<21:59]
loss : 1.039e-02  mse_pde 2.221e-04  mse_ic 4.981e-03  mse_in 5.183e-03  mse_out 5.574e-08:  11%|█         | 2800/25000 [02:47<21:59]
loss : 1.025e-02  mse_pde 8.462e-05  mse_ic 5.187e-03  mse_in 4.978e-03  mse_out 5.499e-08:  11%|█         | 2800/25000 [02:47<21:59]
loss : 1.025e-02  mse_pde 8.462e-05  mse_ic 5.187e-03  mse_in 4.978e-03  mse_out 5.499e-08:  11%|█         | 2800/25000 [02:47<21:59]
loss : 1.025e-02  mse_pde 8.462e-05  mse_ic 5.187e-03  mse_in 4.978e-03  mse_out 5.499e-08:  11%|█         | 2802/25000 [02:47<22:22]
loss : 1.025e-02  mse_pde 8.634e-05  mse_ic 5.276e-03  mse_in 4.892e-03  mse_out 5.642e-08:  11%|█         | 2802/25000 [02:48<22:22]
loss : 1.025e-02  mse_pde 8.634e-05  mse_ic 5.276e-03  mse_in 4.892e-03  mse_out 5.642e-08:  11%|█         | 2802/25000 [02:48<22:22]
loss : 1.033e-02  mse_pde 1.653e-04  mse_ic 5.208e-03  mse_in 4.960e-03  mse_out 6.090e-08:  11%|█         | 2802/25000 [02:48<22:22]
loss : 1.033e-02  mse_pde 1.653e-04  mse_ic 5.208e-03  mse_in 4.960e-03  mse_out 6.090e-08:  11%|█         | 2802/25000 [02:48<22:22]
loss : 1.033e-02  mse_pde 1.653e-04  mse_ic 5.208e-03  mse_in 4.960e-03  mse_out 6.090e-08:  11%|█         | 2804/25000 [02:48<21:49]
loss : 1.025e-02  mse_pde 9.220e-05  mse_ic 4.990e-03  mse_in 5.173e-03  mse_out 6.477e-08:  11%|█         | 2804/25000 [02:48<21:49]
loss : 1.025e-02  mse_pde 9.220e-05  mse_ic 4.990e-03  mse_in 5.173e-03  mse_out 6.477e-08:  11%|█         | 2804/25000 [02:48<21:49]
loss : 1.021e-02  mse_pde 4.578e-05  mse_ic 5.116e-03  mse_in 5.047e-03  mse_out 6.486e-08:  11%|█         | 2804/25000 [02:48<21:49]
loss : 1.021e-02  mse_pde 4.578e-05  mse_ic 5.116e-03  mse_in 5.047e-03  mse_out 6.486e-08:  11%|█         | 2804/25000 [02:48<21:49]
loss : 1.021e-02  mse_pde 4.578e-05  mse_ic 5.116e-03  mse_in 5.047e-03  mse_out 6.486e-08:  11%|█         | 2806/25000 [02:48<21:53]
loss : 1.030e-02  mse_pde 1.323e-04  mse_ic 5.235e-03  mse_in 4.934e-03  mse_out 5.915e-08:  11%|█         | 2806/25000 [02:48<21:53]
loss : 1.030e-02  mse_pde 1.323e-04  mse_ic 5.235e-03  mse_in 4.934e-03  mse_out 5.915e-08:  11%|█         | 2806/25000 [02:48<21:53]
loss : 1.026e-02  mse_pde 9.905e-05  mse_ic 4.971e-03  mse_in 5.190e-03  mse_out 5.181e-08:  11%|█         | 2806/25000 [02:48<21:53]
loss : 1.026e-02  mse_pde 9.905e-05  mse_ic 4.971e-03  mse_in 5.190e-03  mse_out 5.181e-08:  11%|█         | 2806/25000 [02:48<21:53]
loss : 1.026e-02  mse_pde 9.905e-05  mse_ic 4.971e-03  mse_in 5.190e-03  mse_out 5.181e-08:  11%|█         | 2808/25000 [02:48<22:09]
loss : 1.023e-02  mse_pde 6.583e-05  mse_ic 4.944e-03  mse_in 5.218e-03  mse_out 4.993e-08:  11%|█         | 2808/25000 [02:48<22:09]
loss : 1.023e-02  mse_pde 6.583e-05  mse_ic 4.944e-03  mse_in 5.218e-03  mse_out 4.993e-08:  11%|█         | 2808/25000 [02:48<22:09]
loss : 1.020e-02  mse_pde 3.659e-05  mse_ic 5.051e-03  mse_in 5.109e-03  mse_out 5.354e-08:  11%|█         | 2808/25000 [02:48<22:09]
loss : 1.020e-02  mse_pde 3.659e-05  mse_ic 5.051e-03  mse_in 5.109e-03  mse_out 5.354e-08:  11%|█         | 2808/25000 [02:48<22:09]
loss : 1.020e-02  mse_pde 3.659e-05  mse_ic 5.051e-03  mse_in 5.109e-03  mse_out 5.354e-08:  11%|█         | 2810/25000 [02:48<21:52]
loss : 1.027e-02  mse_pde 1.174e-04  mse_ic 5.058e-03  mse_in 5.099e-03  mse_out 5.925e-08:  11%|█         | 2810/25000 [02:48<21:52]
loss : 1.027e-02  mse_pde 1.174e-04  mse_ic 5.058e-03  mse_in 5.099e-03  mse_out 5.925e-08:  11%|█         | 2810/25000 [02:48<21:52]
loss : 1.027e-02  mse_pde 1.095e-04  mse_ic 5.068e-03  mse_in 5.092e-03  mse_out 6.248e-08:  11%|█         | 2810/25000 [02:48<21:52]
loss : 1.027e-02  mse_pde 1.095e-04  mse_ic 5.068e-03  mse_in 5.092e-03  mse_out 6.248e-08:  11%|█         | 2810/25000 [02:48<21:52]
loss : 1.027e-02  mse_pde 1.095e-04  mse_ic 5.068e-03  mse_in 5.092e-03  mse_out 6.248e-08:  11%|█         | 2812/25000 [02:48<22:07]
loss : 1.022e-02  mse_pde 6.108e-05  mse_ic 4.798e-03  mse_in 5.365e-03  mse_out 6.074e-08:  11%|█         | 2812/25000 [02:48<22:07]
loss : 1.022e-02  mse_pde 6.108e-05  mse_ic 4.798e-03  mse_in 5.365e-03  mse_out 6.074e-08:  11%|█         | 2812/25000 [02:48<22:07]
loss : 1.020e-02  mse_pde 3.448e-05  mse_ic 4.876e-03  mse_in 5.285e-03  mse_out 5.918e-08:  11%|█         | 2812/25000 [02:48<22:07]
loss : 1.020e-02  mse_pde 3.448e-05  mse_ic 4.876e-03  mse_in 5.285e-03  mse_out 5.918e-08:  11%|█         | 2812/25000 [02:48<22:07]
loss : 1.020e-02  mse_pde 3.448e-05  mse_ic 4.876e-03  mse_in 5.285e-03  mse_out 5.918e-08:  11%|█▏        | 2814/25000 [02:48<22:10]
loss : 1.021e-02  mse_pde 4.841e-05  mse_ic 5.063e-03  mse_in 5.096e-03  mse_out 6.003e-08:  11%|█▏        | 2814/25000 [02:48<22:10]
loss : 1.021e-02  mse_pde 4.841e-05  mse_ic 5.063e-03  mse_in 5.096e-03  mse_out 6.003e-08:  11%|█▏        | 2814/25000 [02:48<22:10]
loss : 1.022e-02  mse_pde 6.182e-05  mse_ic 5.020e-03  mse_in 5.138e-03  mse_out 6.206e-08:  11%|█▏        | 2814/25000 [02:48<22:10]
loss : 1.022e-02  mse_pde 6.182e-05  mse_ic 5.020e-03  mse_in 5.138e-03  mse_out 6.206e-08:  11%|█▏        | 2814/25000 [02:48<22:10]
loss : 1.022e-02  mse_pde 6.182e-05  mse_ic 5.020e-03  mse_in 5.138e-03  mse_out 6.206e-08:  11%|█▏        | 2816/25000 [02:48<22:25]
loss : 1.024e-02  mse_pde 7.911e-05  mse_ic 4.947e-03  mse_in 5.213e-03  mse_out 6.277e-08:  11%|█▏        | 2816/25000 [02:48<22:25]
loss : 1.024e-02  mse_pde 7.911e-05  mse_ic 4.947e-03  mse_in 5.213e-03  mse_out 6.277e-08:  11%|█▏        | 2816/25000 [02:48<22:25]
loss : 1.030e-02  mse_pde 1.364e-04  mse_ic 4.840e-03  mse_in 5.320e-03  mse_out 5.953e-08:  11%|█▏        | 2816/25000 [02:48<22:25]
loss : 1.030e-02  mse_pde 1.364e-04  mse_ic 4.840e-03  mse_in 5.320e-03  mse_out 5.953e-08:  11%|█▏        | 2816/25000 [02:48<22:25]
loss : 1.030e-02  mse_pde 1.364e-04  mse_ic 4.840e-03  mse_in 5.320e-03  mse_out 5.953e-08:  11%|█▏        | 2818/25000 [02:48<22:35]
loss : 1.034e-02  mse_pde 1.807e-04  mse_ic 5.181e-03  mse_in 4.982e-03  mse_out 5.514e-08:  11%|█▏        | 2818/25000 [02:48<22:35]
loss : 1.034e-02  mse_pde 1.807e-04  mse_ic 5.181e-03  mse_in 4.982e-03  mse_out 5.514e-08:  11%|█▏        | 2818/25000 [02:48<22:35]
loss : 1.030e-02  mse_pde 1.381e-04  mse_ic 5.126e-03  mse_in 5.033e-03  mse_out 5.113e-08:  11%|█▏        | 2818/25000 [02:49<22:35]
loss : 1.030e-02  mse_pde 1.381e-04  mse_ic 5.126e-03  mse_in 5.033e-03  mse_out 5.113e-08:  11%|█▏        | 2818/25000 [02:49<22:35]
loss : 1.030e-02  mse_pde 1.381e-04  mse_ic 5.126e-03  mse_in 5.033e-03  mse_out 5.113e-08:  11%|█▏        | 2820/25000 [02:49<22:37]
loss : 1.020e-02  mse_pde 3.352e-05  mse_ic 5.182e-03  mse_in 4.982e-03  mse_out 5.195e-08:  11%|█▏        | 2820/25000 [02:49<22:37]
loss : 1.020e-02  mse_pde 3.352e-05  mse_ic 5.182e-03  mse_in 4.982e-03  mse_out 5.195e-08:  11%|█▏        | 2820/25000 [02:49<22:37]
loss : 1.022e-02  mse_pde 5.771e-05  mse_ic 5.110e-03  mse_in 5.053e-03  mse_out 5.762e-08:  11%|█▏        | 2820/25000 [02:49<22:37]
loss : 1.022e-02  mse_pde 5.771e-05  mse_ic 5.110e-03  mse_in 5.053e-03  mse_out 5.762e-08:  11%|█▏        | 2820/25000 [02:49<22:37]
loss : 1.022e-02  mse_pde 5.771e-05  mse_ic 5.110e-03  mse_in 5.053e-03  mse_out 5.762e-08:  11%|█▏        | 2822/25000 [02:49<22:35]
loss : 1.031e-02  mse_pde 1.462e-04  mse_ic 5.081e-03  mse_in 5.079e-03  mse_out 6.627e-08:  11%|█▏        | 2822/25000 [02:49<22:35]
loss : 1.031e-02  mse_pde 1.462e-04  mse_ic 5.081e-03  mse_in 5.079e-03  mse_out 6.627e-08:  11%|█▏        | 2822/25000 [02:49<22:35]
loss : 1.038e-02  mse_pde 2.000e-04  mse_ic 5.397e-03  mse_in 4.780e-03  mse_out 7.292e-08:  11%|█▏        | 2822/25000 [02:49<22:35]
loss : 1.038e-02  mse_pde 2.000e-04  mse_ic 5.397e-03  mse_in 4.780e-03  mse_out 7.292e-08:  11%|█▏        | 2822/25000 [02:49<22:35]
loss : 1.038e-02  mse_pde 2.000e-04  mse_ic 5.397e-03  mse_in 4.780e-03  mse_out 7.292e-08:  11%|█▏        | 2824/25000 [02:49<22:39]
loss : 1.022e-02  mse_pde 6.374e-05  mse_ic 5.119e-03  mse_in 5.041e-03  mse_out 7.000e-08:  11%|█▏        | 2824/25000 [02:49<22:39]
loss : 1.022e-02  mse_pde 6.374e-05  mse_ic 5.119e-03  mse_in 5.041e-03  mse_out 7.000e-08:  11%|█▏        | 2824/25000 [02:49<22:39]
loss : 1.021e-02  mse_pde 5.017e-05  mse_ic 5.019e-03  mse_in 5.140e-03  mse_out 6.366e-08:  11%|█▏        | 2824/25000 [02:49<22:39]
loss : 1.021e-02  mse_pde 5.017e-05  mse_ic 5.019e-03  mse_in 5.140e-03  mse_out 6.366e-08:  11%|█▏        | 2824/25000 [02:49<22:39]
loss : 1.021e-02  mse_pde 5.017e-05  mse_ic 5.019e-03  mse_in 5.140e-03  mse_out 6.366e-08:  11%|█▏        | 2826/25000 [02:49<22:22]
loss : 1.031e-02  mse_pde 1.448e-04  mse_ic 5.159e-03  mse_in 5.002e-03  mse_out 5.912e-08:  11%|█▏        | 2826/25000 [02:49<22:22]
loss : 1.031e-02  mse_pde 1.448e-04  mse_ic 5.159e-03  mse_in 5.002e-03  mse_out 5.912e-08:  11%|█▏        | 2826/25000 [02:49<22:22]
loss : 1.042e-02  mse_pde 2.613e-04  mse_ic 5.063e-03  mse_in 5.092e-03  mse_out 5.676e-08:  11%|█▏        | 2826/25000 [02:49<22:22]
loss : 1.042e-02  mse_pde 2.613e-04  mse_ic 5.063e-03  mse_in 5.092e-03  mse_out 5.676e-08:  11%|█▏        | 2826/25000 [02:49<22:22]
loss : 1.042e-02  mse_pde 2.613e-04  mse_ic 5.063e-03  mse_in 5.092e-03  mse_out 5.676e-08:  11%|█▏        | 2828/25000 [02:49<22:29]
loss : 1.030e-02  mse_pde 1.386e-04  mse_ic 5.192e-03  mse_in 4.971e-03  mse_out 5.697e-08:  11%|█▏        | 2828/25000 [02:49<22:29]
loss : 1.030e-02  mse_pde 1.386e-04  mse_ic 5.192e-03  mse_in 4.971e-03  mse_out 5.697e-08:  11%|█▏        | 2828/25000 [02:49<22:29]
loss : 1.020e-02  mse_pde 3.795e-05  mse_ic 4.979e-03  mse_in 5.179e-03  mse_out 5.648e-08:  11%|█▏        | 2828/25000 [02:49<22:29]
loss : 1.020e-02  mse_pde 3.795e-05  mse_ic 4.979e-03  mse_in 5.179e-03  mse_out 5.648e-08:  11%|█▏        | 2828/25000 [02:49<22:29]
loss : 1.020e-02  mse_pde 3.795e-05  mse_ic 4.979e-03  mse_in 5.179e-03  mse_out 5.648e-08:  11%|█▏        | 2830/25000 [02:49<22:23]
loss : 1.029e-02  mse_pde 1.280e-04  mse_ic 4.971e-03  mse_in 5.186e-03  mse_out 5.635e-08:  11%|█▏        | 2830/25000 [02:49<22:23]
loss : 1.029e-02  mse_pde 1.280e-04  mse_ic 4.971e-03  mse_in 5.186e-03  mse_out 5.635e-08:  11%|█▏        | 2830/25000 [02:49<22:23]
loss : 1.043e-02  mse_pde 2.568e-04  mse_ic 5.348e-03  mse_in 4.824e-03  mse_out 5.741e-08:  11%|█▏        | 2830/25000 [02:49<22:23]
loss : 1.043e-02  mse_pde 2.568e-04  mse_ic 5.348e-03  mse_in 4.824e-03  mse_out 5.741e-08:  11%|█▏        | 2830/25000 [02:49<22:23]
loss : 1.043e-02  mse_pde 2.568e-04  mse_ic 5.348e-03  mse_in 4.824e-03  mse_out 5.741e-08:  11%|█▏        | 2832/25000 [02:49<22:28]
loss : 1.024e-02  mse_pde 8.125e-05  mse_ic 5.127e-03  mse_in 5.033e-03  mse_out 5.724e-08:  11%|█▏        | 2832/25000 [02:49<22:28]
loss : 1.024e-02  mse_pde 8.125e-05  mse_ic 5.127e-03  mse_in 5.033e-03  mse_out 5.724e-08:  11%|█▏        | 2832/25000 [02:49<22:28]
loss : 1.023e-02  mse_pde 6.857e-05  mse_ic 4.945e-03  mse_in 5.215e-03  mse_out 5.811e-08:  11%|█▏        | 2832/25000 [02:49<22:28]
loss : 1.023e-02  mse_pde 6.857e-05  mse_ic 4.945e-03  mse_in 5.215e-03  mse_out 5.811e-08:  11%|█▏        | 2832/25000 [02:49<22:28]
loss : 1.042e-02  mse_pde 2.575e-04  mse_ic 5.078e-03  mse_in 5.084e-03  mse_out 6.068e-08:  11%|█▏        | 2832/25000 [02:49<22:28]
loss : 1.042e-02  mse_pde 2.575e-04  mse_ic 5.078e-03  mse_in 5.084e-03  mse_out 6.068e-08:  11%|█▏        | 2832/25000 [02:49<22:28]
loss : 1.042e-02  mse_pde 2.575e-04  mse_ic 5.078e-03  mse_in 5.084e-03  mse_out 6.068e-08:  11%|█▏        | 2835/25000 [02:49<21:26]
loss : 1.037e-02  mse_pde 2.070e-04  mse_ic 5.236e-03  mse_in 4.927e-03  mse_out 6.230e-08:  11%|█▏        | 2835/25000 [02:49<21:26]
loss : 1.037e-02  mse_pde 2.070e-04  mse_ic 5.236e-03  mse_in 4.927e-03  mse_out 6.230e-08:  11%|█▏        | 2835/25000 [02:49<21:26]
loss : 1.023e-02  mse_pde 5.745e-05  mse_ic 5.403e-03  mse_in 4.772e-03  mse_out 6.145e-08:  11%|█▏        | 2835/25000 [02:50<21:26]
loss : 1.023e-02  mse_pde 5.745e-05  mse_ic 5.403e-03  mse_in 4.772e-03  mse_out 6.145e-08:  11%|█▏        | 2835/25000 [02:50<21:26]
loss : 1.023e-02  mse_pde 5.745e-05  mse_ic 5.403e-03  mse_in 4.772e-03  mse_out 6.145e-08:  11%|█▏        | 2837/25000 [02:50<21:48]
loss : 1.037e-02  mse_pde 2.054e-04  mse_ic 5.166e-03  mse_in 4.999e-03  mse_out 5.814e-08:  11%|█▏        | 2837/25000 [02:50<21:48]
loss : 1.037e-02  mse_pde 2.054e-04  mse_ic 5.166e-03  mse_in 4.999e-03  mse_out 5.814e-08:  11%|█▏        | 2837/25000 [02:50<21:48]
loss : 1.034e-02  mse_pde 1.759e-04  mse_ic 4.918e-03  mse_in 5.242e-03  mse_out 5.589e-08:  11%|█▏        | 2837/25000 [02:50<21:48]
loss : 1.034e-02  mse_pde 1.759e-04  mse_ic 4.918e-03  mse_in 5.242e-03  mse_out 5.589e-08:  11%|█▏        | 2837/25000 [02:50<21:48]
loss : 1.034e-02  mse_pde 1.759e-04  mse_ic 4.918e-03  mse_in 5.242e-03  mse_out 5.589e-08:  11%|█▏        | 2839/25000 [02:50<21:02]
loss : 1.021e-02  mse_pde 4.299e-05  mse_ic 5.211e-03  mse_in 4.953e-03  mse_out 5.766e-08:  11%|█▏        | 2839/25000 [02:50<21:02]
loss : 1.021e-02  mse_pde 4.299e-05  mse_ic 5.211e-03  mse_in 4.953e-03  mse_out 5.766e-08:  11%|█▏        | 2839/25000 [02:50<21:02]
Early stopping at step 2840/25000: total loss unchanged for 150 steps (best=1.018224e-02).

loss : 1.021e-02  mse_pde 4.299e-05  mse_ic 5.211e-03  mse_in 4.953e-03  mse_out 5.766e-08:  11%|█▏        | 2839/25000 [02:50<22:08]
Saved: C:\Ali Computation\pinn\code\homogeneous_cfl\grid_results\H09_pinn_n50_soap\parametric_cfl_pinn_concentration.png C:\Ali Computation\pinn\code\homogeneous_cfl\grid_results\H09_pinn_n50_soap\parametric_cfl_pinn_collocation_points.png C:\Ali Computation\pinn\code\homogeneous_cfl\grid_results\H09_pinn_n50_soap\parametric_cfl_pinn_loss.png
[H09_pinn_n50_soap] test rel-L2 median 4.496 %  max 7.022 %  | 2840 steps, 170.2 s

# exit 0 after 0:02:59.091788
