# code/heterogeneous/pino_heterogeneous/pinn1d_heterogeneous_parametric_neural_operator.py --design grf --n-sensors 200 --n-grf 500 --n-piecewise-per-zones 0 --grf-corr-length 0.20 --grf-grid-n 201 --arch default --dtype float64 --early-stop-patience 150 --seed 1234567 --optimizer soap --soap-epochs 25000 --soap-lr 3e-3 --soap-betas 0.95,0.95 --soap-weight-decay 0.01 --soap-precond-freq 100 --out-dir results/exp_G12_grf_ell020_K200_N500_default_float64_soap
# started 2026-07-07 15:30:43
# cwd C:\Ali Computation\pinn\code\heterogeneous\pino_heterogeneous

Using GPU: NVIDIA GeForce RTX 3090 (cuda:0, dtype=torch.float64)
PE (computed) = 0.010368
design=grf  media_mode=grf  branch_mode=sensor  optimizer=soap  n_train_requested=500  n_corner_anchors=16  arch=default  batch_mode=True
branch=[200, 16, 16, 32]  trunk=[2, 32, 32, 32, 32]
results_dir=C:\Ali Computation\pinn\code\heterogeneous\pino_heterogeneous\results\exp_G12_grf_ell020_K200_N500_default_float64_soap
Training: 500 GRF (500@0.2) + 0 piecewise (0 each for zones [2, 3, 4, 5]) = 500 total; K=200 uniform sensors, grid_n=201
  saved/loaded: C:\Ali Computation\pinn\code\heterogeneous\pino_heterogeneous\results\exp_G12_grf_ell020_K200_N500_default_float64_soap\train_grf_cases.npz
  branch CFL range [0.134892, 0.585974]
PDE mesh: bulk 50x50x500 (no interface bands in GRF mode)
COMSOL validation: 81 fixed grid cases from comsol_4zones.txt -> C:\Ali Computation\pinn\code\heterogeneous\pino_heterogeneous\results\exp_G12_grf_ell020_K200_N500_default_float64_soap\comsol_validation
run_training=True  run_comsol_validation=True  validate_only=False  skip_validation_plots=False
SOAP: lr=0.003  betas=(0.95, 0.95)  weight_decay=0.01  precond_freq=100  steps=25000
PDE collocation points: 1,250,000 (bulk 1,250,000, interface 0)
Collocation mesh plot (pre-train): C:\Ali Computation\pinn\code\heterogeneous\pino_heterogeneous\results\exp_G12_grf_ell020_K200_N500_default_float64_soap\pino_heterogeneous_collocation_points.png
SOAP(lr=0.003, betas=(0.95, 0.95), weight_decay=0.01, precond_freq=100)  epoch_budget=25000
SOAP early stopping: patience=150 steps (no total-loss improvement, rtol=1e-12)

SOAP:   0%|          | 0/25000 [? > 00:00]
SOAP:   0%|          | 1/25000 [8:13:01 > 00:01]
SOAP:   0%|          | 2/25000 [5:30:43 > 00:01]
SOAP:   0%|          | 3/25000 [3:35:19 > 00:01]
SOAP:   0%|          | 4/25000 [3:35:18 > 00:02]
SOAP:   0%|          | 5/25000 [3:34:29 > 00:02]
SOAP:   0%|          | 6/25000 [3:34:01 > 00:03]
SOAP:   0%|          | 7/25000 [3:33:36 > 00:03]
SOAP:   0%|          | 8/25000 [3:33:16 > 00:04]
SOAP:   0%|          | 9/25000 [3:33:05 > 00:04]
SOAP:   0%|          | 10/25000 [3:33:06 > 00:05]
SOAP:   0%|          | 11/25000 [3:33:08 > 00:05]
SOAP:   0%|          | 12/25000 [3:33:16 > 00:06]
SOAP:   0%|          | 13/25000 [3:33:11 > 00:07]
SOAP:   0%|          | 14/25000 [3:33:05 > 00:07]
SOAP:   0%|          | 15/25000 [3:33:00 > 00:08]
SOAP:   0%|          | 16/25000 [3:31:24 > 00:08]
SOAP:   0%|          | 17/25000 [3:33:32 > 00:09]
SOAP:   0%|          | 18/25000 [3:33:27 > 00:09]
SOAP:   0%|          | 19/25000 [3:33:12 > 00:10]
SOAP:   0%|          | 20/25000 [3:33:11 > 00:10]
SOAP:   0%|          | 21/25000 [3:33:10 > 00:11]
SOAP:   0%|          | 22/25000 [3:33:03 > 00:11]
SOAP:   0%|          | 23/25000 [3:33:08 > 00:12]
SOAP:   0%|          | 24/25000 [3:33:22 > 00:12]
SOAP:   0%|          | 25/25000 [3:33:35 > 00:13]
SOAP:   0%|          | 26/25000 [3:33:39 > 00:13]
SOAP:   0%|          | 27/25000 [3:33:43 > 00:14]
SOAP:   0%|          | 28/25000 [3:33:47 > 00:14]
SOAP:   0%|          | 29/25000 [3:33:44 > 00:15]
SOAP:   0%|          | 30/25000 [3:33:55 > 00:15]
SOAP:   0%|          | 31/25000 [3:33:46 > 00:16]
SOAP:   0%|          | 32/25000 [3:33:52 > 00:16]
SOAP:   0%|          | 33/25000 [3:33:56 > 00:17]
SOAP:   0%|          | 34/25000 [3:33:57 > 00:17]
SOAP:   0%|          | 35/25000 [3:33:57 > 00:18]
SOAP:   0%|          | 36/25000 [3:33:48 > 00:18]
SOAP:   0%|          | 37/25000 [3:33:40 > 00:19]
SOAP:   0%|          | 38/25000 [3:33:43 > 00:19]
SOAP:   0%|          | 39/25000 [3:33:51 > 00:20]
SOAP:   0%|          | 40/25000 [3:33:46 > 00:20]
SOAP:   0%|          | 41/25000 [3:34:04 > 00:21]
SOAP:   0%|          | 42/25000 [3:34:25 > 00:21]
SOAP:   0%|          | 43/25000 [3:34:20 > 00:22]
SOAP:   0%|          | 44/25000 [3:34:11 > 00:22]
SOAP:   0%|          | 45/25000 [3:34:01 > 00:23]
SOAP:   0%|          | 46/25000 [3:33:51 > 00:23]
SOAP:   0%|          | 47/25000 [3:33:57 > 00:24]
SOAP:   0%|          | 48/25000 [3:33:55 > 00:24]
SOAP:   0%|          | 49/25000 [3:33:59 > 00:25]
SOAP:   0%|          | 50/25000 [3:33:51 > 00:26]
SOAP:   0%|          | 51/25000 [3:34:00 > 00:26]
SOAP:   0%|          | 52/25000 [3:33:30 > 00:27]
SOAP:   0%|          | 53/25000 [3:33:38 > 00:27]
SOAP:   0%|          | 54/25000 [3:33:34 > 00:28]
SOAP:   0%|          | 55/25000 [3:33:41 > 00:28]
SOAP:   0%|          | 56/25000 [3:33:52 > 00:29]
SOAP:   0%|          | 57/25000 [3:33:53 > 00:29]
SOAP:   0%|          | 58/25000 [3:33:40 > 00:30]
SOAP:   0%|          | 59/25000 [3:33:46 > 00:30]
SOAP:   0%|          | 60/25000 [3:33:43 > 00:31]
SOAP:   0%|          | 61/25000 [3:33:48 > 00:31]
SOAP:   0%|          | 62/25000 [3:33:39 > 00:32]
SOAP:   0%|          | 63/25000 [3:32:15 > 00:32]
SOAP:   0%|          | 64/25000 [3:34:26 > 00:33]
SOAP:   0%|          | 65/25000 [3:34:36 > 00:33]
SOAP:   0%|          | 66/25000 [3:34:31 > 00:34]
SOAP:   0%|          | 67/25000 [3:34:29 > 00:34]
SOAP:   0%|          | 68/25000 [3:34:28 > 00:35]
SOAP:   0%|          | 69/25000 [3:34:28 > 00:35]
SOAP:   0%|          | 70/25000 [3:34:27 > 00:36]
SOAP:   0%|          | 71/25000 [3:34:26 > 00:36]
SOAP:   0%|          | 72/25000 [3:34:24 > 00:37]
SOAP:   0%|          | 73/25000 [3:34:22 > 00:37]
SOAP:   0%|          | 74/25000 [3:34:27 > 00:38]
SOAP:   0%|          | 75/25000 [3:32:40 > 00:38]
SOAP:   0%|          | 76/25000 [3:33:24 > 00:39]
SOAP:   0%|          | 77/25000 [3:35:29 > 00:39]
SOAP:   0%|          | 78/25000 [3:35:11 > 00:40]
SOAP:   0%|          | 79/25000 [3:34:58 > 00:40]
SOAP:   0%|          | 80/25000 [3:34:51 > 00:41]
SOAP:   0%|          | 81/25000 [3:34:48 > 00:41]
SOAP:   0%|          | 82/25000 [3:34:28 > 00:42]
SOAP:   0%|          | 83/25000 [3:34:31 > 00:43]
SOAP:   0%|          | 84/25000 [3:34:28 > 00:43]
SOAP:   0%|          | 85/25000 [3:34:26 > 00:44]
SOAP:   0%|          | 86/25000 [3:34:21 > 00:44]
SOAP:   0%|          | 87/25000 [3:34:22 > 00:45]
SOAP:   0%|          | 88/25000 [3:34:19 > 00:45]
SOAP:   0%|          | 89/25000 [3:34:19 > 00:46]
SOAP:   0%|          | 90/25000 [3:34:19 > 00:46]
SOAP:   0%|          | 91/25000 [3:34:20 > 00:47]
SOAP:   0%|          | 92/25000 [3:34:13 > 00:47]
SOAP:   0%|          | 93/25000 [3:34:11 > 00:48]
SOAP:   0%|          | 94/25000 [3:34:18 > 00:48]
SOAP:   0%|          | 95/25000 [3:33:58 > 00:49]
SOAP:   0%|          | 96/25000 [3:34:41 > 00:49]
SOAP:   0%|          | 97/25000 [3:34:31 > 00:50]
SOAP:   0%|          | 98/25000 [3:34:31 > 00:50]
SOAP:   0%|          | 99/25000 [3:34:21 > 00:51]
SOAP:   0%|          | 100/25000 [3:32:44 > 00:51]
SOAP:   0%|          | 101/25000 [4:19:23 > 00:52]
SOAP:   0%|          | 102/25000 [3:24:52 > 00:52]
SOAP:   0%|          | 103/25000 [3:27:40 > 00:53]
SOAP:   0%|          | 104/25000 [3:29:38 > 00:53]
SOAP:   0%|          | 105/25000 [3:31:00 > 00:54]
SOAP:   0%|          | 106/25000 [3:32:02 > 00:54]
SOAP:   0%|          | 107/25000 [3:32:51 > 00:55]
SOAP:   0%|          | 108/25000 [3:33:54 > 00:55]
SOAP:   0%|          | 109/25000 [3:33:58 > 00:56]
SOAP:   0%|          | 110/25000 [3:33:59 > 00:57]
SOAP:   0%|          | 111/25000 [3:34:10 > 00:57]
SOAP:   0%|          | 112/25000 [3:34:09 > 00:58]
SOAP:   0%|          | 113/25000 [3:34:12 > 00:58]
SOAP:   0%|          | 114/25000 [3:32:27 > 00:59]
SOAP:   0%|          | 115/25000 [3:34:34 > 00:59]
SOAP:   0%|          | 116/25000 [3:34:36 > 01:00]
SOAP:   0%|          | 117/25000 [3:35:05 > 01:00]
SOAP:   0%|          | 118/25000 [3:34:49 > 01:01]
SOAP:   0%|          | 119/25000 [3:34:35 > 01:01]
SOAP:   0%|          | 120/25000 [3:34:34 > 01:02]
SOAP:   0%|          | 121/25000 [3:34:23 > 01:02]
SOAP:   0%|          | 122/25000 [3:34:20 > 01:03]
SOAP:   0%|          | 123/25000 [3:34:16 > 01:03]
SOAP:   0%|          | 124/25000 [3:34:24 > 01:04]
SOAP:   0%|          | 125/25000 [3:34:24 > 01:04]
SOAP:   1%|          | 126/25000 [3:34:23 > 01:05]
SOAP:   1%|          | 127/25000 [3:34:09 > 01:05]
SOAP:   1%|          | 128/25000 [3:34:09 > 01:06]
SOAP:   1%|          | 129/25000 [3:34:03 > 01:06]
SOAP:   1%|          | 130/25000 [3:33:58 > 01:07]
SOAP:   1%|          | 131/25000 [3:33:55 > 01:07]
SOAP:   1%|          | 132/25000 [3:33:57 > 01:08]
SOAP:   1%|          | 133/25000 [3:33:55 > 01:08]
SOAP:   1%|          | 134/25000 [3:33:49 > 01:09]
SOAP:   1%|          | 135/25000 [3:34:01 > 01:09]
SOAP:   1%|          | 136/25000 [3:34:02 > 01:10]
SOAP:   1%|          | 137/25000 [3:33:59 > 01:10]
SOAP:   1%|          | 138/25000 [3:33:59 > 01:11]
SOAP:   1%|          | 139/25000 [3:33:58 > 01:11]
SOAP:   1%|          | 140/25000 [3:33:57 > 01:12]
SOAP:   1%|          | 141/25000 [3:33:54 > 01:13]
SOAP:   1%|          | 142/25000 [3:33:54 > 01:13]
SOAP:   1%|          | 143/25000 [3:33:48 > 01:14]
SOAP:   1%|          | 144/25000 [3:33:54 > 01:14]
SOAP:   1%|          | 145/25000 [3:32:14 > 01:15]
SOAP:   1%|          | 146/25000 [3:34:19 > 01:15]
SOAP:   1%|          | 147/25000 [3:34:02 > 01:16]
SOAP:   1%|          | 148/25000 [3:34:05 > 01:16]
SOAP:   1%|          | 149/25000 [3:32:23 > 01:17]
SOAP:   1%|          | 150/25000 [3:33:16 > 01:17]
SOAP:   1%|          | 151/25000 [3:36:16 > 01:18]
SOAP:   1%|          | 152/25000 [3:35:51 > 01:18]
SOAP:   1%|          | 153/25000 [3:39:44 > 01:19]
SOAP:   1%|          | 154/25000 [3:42:21 > 01:19]
SOAP:   1%|          | 155/25000 [3:41:41 > 01:20]
SOAP:   1%|          | 156/25000 [3:43:18 > 01:20]
SOAP:   1%|          | 157/25000 [3:42:49 > 01:21]
SOAP:   1%|          | 158/25000 [3:41:45 > 01:21]
SOAP:   1%|          | 159/25000 [3:44:17 > 01:22]
SOAP:   1%|          | 160/25000 [3:43:32 > 01:23]
SOAP:   1%|          | 161/25000 [3:41:57 > 01:23]
SOAP:   1%|          | 162/25000 [3:45:30 > 01:24]
SOAP:   1%|          | 163/25000 [3:44:21 > 01:24]
SOAP:   1%|          | 164/25000 [3:41:18 > 01:25]
SOAP:   1%|          | 165/25000 [3:45:34 > 01:25]
SOAP:   1%|          | 166/25000 [3:44:10 > 01:26]
SOAP:   1%|          | 167/25000 [3:41:21 > 01:26]
SOAP:   1%|          | 168/25000 [3:39:20 > 01:27]
SOAP:   1%|          | 169/25000 [3:37:59 > 01:27]
SOAP:   1%|          | 170/25000 [3:36:58 > 01:28]
SOAP:   1%|          | 171/25000 [3:36:02 > 01:28]
SOAP:   1%|          | 172/25000 [3:33:55 > 01:29]
SOAP:   1%|          | 173/25000 [3:34:22 > 01:29]
SOAP:   1%|          | 174/25000 [3:36:38 > 01:30]
SOAP:   1%|          | 175/25000 [3:36:18 > 01:30]
SOAP:   1%|          | 176/25000 [3:36:19 > 01:31]
SOAP:   1%|          | 177/25000 [3:36:33 > 01:32]
SOAP:   1%|          | 178/25000 [3:36:25 > 01:32]
SOAP:   1%|          | 179/25000 [3:36:32 > 01:33]
SOAP:   1%|          | 180/25000 [3:37:43 > 01:33]
SOAP:   1%|          | 181/25000 [3:41:12 > 01:34]
SOAP:   1%|          | 182/25000 [3:42:41 > 01:34]
SOAP:   1%|          | 183/25000 [3:42:06 > 01:35]
SOAP:   1%|          | 184/25000 [3:39:55 > 01:35]
SOAP:   1%|          | 185/25000 [3:38:24 > 01:36]
SOAP:   1%|          | 186/25000 [3:37:19 > 01:36]
SOAP:   1%|          | 187/25000 [3:36:39 > 01:37]
SOAP:   1%|          | 188/25000 [3:36:11 > 01:37]
SOAP:   1%|          | 189/25000 [3:35:46 > 01:38]
SOAP:   1%|          | 190/25000 [3:35:32 > 01:38]
SOAP:   1%|          | 191/25000 [3:33:38 > 01:39]
SOAP:   1%|          | 192/25000 [3:35:37 > 01:39]
SOAP:   1%|          | 193/25000 [3:35:17 > 01:40]
SOAP:   1%|          | 194/25000 [3:35:18 > 01:40]
SOAP:   1%|          | 195/25000 [3:35:14 > 01:41]
SOAP:   1%|          | 196/25000 [3:35:06 > 01:41]
SOAP:   1%|          | 197/25000 [3:34:59 > 01:42]
SOAP:   1%|          | 198/25000 [3:33:20 > 01:43]
SOAP:   1%|          | 199/25000 [3:35:26 > 01:43]
SOAP:   1%|          | 200/25000 [3:35:09 > 01:44]
SOAP:   1%|          | 201/25000 [3:37:10 > 01:44]
SOAP:   1%|          | 202/25000 [3:35:22 > 01:45]
SOAP:   1%|          | 203/25000 [3:35:13 > 01:45]
SOAP:   1%|          | 204/25000 [3:35:12 > 01:46]
SOAP:   1%|          | 205/25000 [3:34:58 > 01:46]
SOAP:   1%|          | 206/25000 [3:35:02 > 01:47]
SOAP:   1%|          | 207/25000 [3:34:55 > 01:47]
SOAP:   1%|          | 208/25000 [3:34:45 > 01:48]
SOAP:   1%|          | 209/25000 [3:32:56 > 01:48]
SOAP:   1%|          | 210/25000 [3:35:13 > 01:49]
SOAP:   1%|          | 211/25000 [3:35:05 > 01:49]
SOAP:   1%|          | 212/25000 [3:34:59 > 01:50]
SOAP:   1%|          | 213/25000 [3:35:11 > 01:50]
SOAP:   1%|          | 214/25000 [3:35:58 > 01:51]
SOAP:   1%|          | 215/25000 [3:36:24 > 01:51]
SOAP:   1%|          | 216/25000 [3:36:33 > 01:52]
SOAP:   1%|          | 217/25000 [3:36:43 > 01:52]
SOAP:   1%|          | 218/25000 [3:36:51 > 01:53]
SOAP:   1%|          | 219/25000 [3:36:55 > 01:53]
SOAP:   1%|          | 220/25000 [3:37:00 > 01:54]
SOAP:   1%|          | 221/25000 [3:36:52 > 01:55]
SOAP:   1%|          | 222/25000 [3:36:30 > 01:55]
SOAP:   1%|          | 223/25000 [3:36:37 > 01:56]
SOAP:   1%|          | 224/25000 [3:36:43 > 01:56]
SOAP:   1%|          | 225/25000 [3:36:49 > 01:57]
SOAP:   1%|          | 226/25000 [3:37:01 > 01:57]
SOAP:   1%|          | 227/25000 [3:37:01 > 01:58]
SOAP:   1%|          | 228/25000 [3:37:06 > 01:58]
SOAP:   1%|          | 229/25000 [3:36:55 > 01:59]
SOAP:   1%|          | 230/25000 [3:34:56 > 01:59]
SOAP:   1%|          | 231/25000 [3:36:29 > 02:00]
SOAP:   1%|          | 232/25000 [3:36:03 > 02:00]
SOAP:   1%|          | 233/25000 [3:34:30 > 02:01]
SOAP:   1%|          | 234/25000 [3:36:47 > 02:01]
SOAP:   1%|          | 235/25000 [3:36:53 > 02:02]
SOAP:   1%|          | 236/25000 [3:34:54 > 02:02]
SOAP:   1%|          | 237/25000 [3:36:57 > 02:03]
SOAP:   1%|          | 238/25000 [3:36:33 > 02:03]
SOAP:   1%|          | 239/25000 [3:36:10 > 02:04]
SOAP:   1%|          | 240/25000 [3:36:18 > 02:05]
SOAP:   1%|          | 241/25000 [3:36:41 > 02:05]
SOAP:   1%|          | 242/25000 [3:36:41 > 02:06]
SOAP:   1%|          | 243/25000 [3:36:51 > 02:06]
SOAP:   1%|          | 244/25000 [3:36:56 > 02:07]
SOAP:   1%|          | 245/25000 [3:36:55 > 02:07]
SOAP:   1%|          | 246/25000 [3:36:54 > 02:08]
SOAP:   1%|          | 247/25000 [3:37:05 > 02:08]
SOAP:   1%|          | 248/25000 [3:36:52 > 02:09]
SOAP:   1%|          | 249/25000 [3:36:48 > 02:09]
SOAP:   1%|          | 250/25000 [3:36:42 > 02:10]
SOAP:   1%|          | 251/25000 [3:36:41 > 02:10]
SOAP:   1%|          | 252/25000 [3:36:45 > 02:11]
SOAP:   1%|          | 253/25000 [3:35:29 > 02:11]
SOAP:   1%|          | 254/25000 [3:36:28 > 02:12]
SOAP:   1%|          | 255/25000 [3:36:41 > 02:12]
SOAP:   1%|          | 256/25000 [3:36:46 > 02:13]
SOAP:   1%|          | 257/25000 [3:36:40 > 02:13]
SOAP:   1%|          | 258/25000 [3:36:52 > 02:14]
SOAP:   1%|          | 259/25000 [3:36:54 > 02:14]
SOAP:   1%|          | 260/25000 [3:36:44 > 02:15]
SOAP:   1%|          | 261/25000 [3:36:41 > 02:16]
SOAP:   1%|          | 262/25000 [3:36:46 > 02:16]
SOAP:   1%|          | 263/25000 [3:36:45 > 02:17]
SOAP:   1%|          | 264/25000 [3:36:53 > 02:17]
SOAP:   1%|          | 265/25000 [3:36:45 > 02:18]
SOAP:   1%|          | 266/25000 [3:36:54 > 02:18]
SOAP:   1%|          | 267/25000 [3:36:53 > 02:19]
SOAP:   1%|          | 268/25000 [3:37:01 > 02:19]
SOAP:   1%|          | 269/25000 [3:36:58 > 02:20]
SOAP:   1%|          | 270/25000 [3:36:49 > 02:20]
SOAP:   1%|          | 271/25000 [3:36:40 > 02:21]
SOAP:   1%|          | 272/25000 [3:36:35 > 02:21]
SOAP:   1%|          | 273/25000 [3:36:38 > 02:22]
SOAP:   1%|          | 274/25000 [3:36:38 > 02:22]
SOAP:   1%|          | 275/25000 [3:36:44 > 02:23]
SOAP:   1%|          | 276/25000 [3:37:11 > 02:23]
SOAP:   1%|          | 277/25000 [3:36:55 > 02:24]
SOAP:   1%|          | 278/25000 [3:37:59 > 02:24]
SOAP:   1%|          | 279/25000 [3:37:04 > 02:25]
SOAP:   1%|          | 280/25000 [3:36:51 > 02:26]
SOAP:   1%|          | 281/25000 [3:36:42 > 02:26]
SOAP:   1%|          | 282/25000 [3:36:52 > 02:27]
SOAP:   1%|          | 283/25000 [3:36:52 > 02:27]
SOAP:   1%|          | 284/25000 [3:36:49 > 02:28]
SOAP:   1%|          | 285/25000 [3:36:41 > 02:28]
SOAP:   1%|          | 286/25000 [3:36:44 > 02:29]
SOAP:   1%|          | 287/25000 [3:36:41 > 02:29]
SOAP:   1%|          | 288/25000 [3:36:44 > 02:30]
SOAP:   1%|          | 289/25000 [3:36:47 > 02:30]
SOAP:   1%|          | 290/25000 [3:36:40 > 02:31]
SOAP:   1%|          | 291/25000 [3:36:37 > 02:31]
SOAP:   1%|          | 292/25000 [3:36:34 > 02:32]
SOAP:   1%|          | 293/25000 [3:36:41 > 02:32]
SOAP:   1%|          | 294/25000 [3:36:44 > 02:33]
SOAP:   1%|          | 295/25000 [3:36:31 > 02:33]
SOAP:   1%|          | 296/25000 [3:36:29 > 02:34]
SOAP:   1%|          | 297/25000 [3:36:32 > 02:34]
SOAP:   1%|          | 298/25000 [3:36:45 > 02:35]
SOAP:   1%|          | 299/25000 [3:36:37 > 02:36]
SOAP:   1%|          | 300/25000 [3:36:30 > 02:36]
SOAP:   1%|          | 301/25000 [3:37:28 > 02:37]
SOAP:   1%|          | 302/25000 [3:37:19 > 02:37]
SOAP:   1%|          | 303/25000 [3:37:22 > 02:38]
SOAP:   1%|          | 304/25000 [3:37:01 > 02:38]
SOAP:   1%|          | 305/25000 [3:36:49 > 02:39]
SOAP:   1%|          | 306/25000 [3:36:36 > 02:39]
SOAP:   1%|          | 307/25000 [3:34:40 > 02:40]
SOAP:   1%|          | 308/25000 [3:36:30 > 02:40]
SOAP:   1%|          | 309/25000 [3:36:33 > 02:41]
SOAP:   1%|          | 310/25000 [3:36:28 > 02:41]
SOAP:   1%|          | 311/25000 [3:36:27 > 02:42]
SOAP:   1%|          | 312/25000 [3:36:24 > 02:42]
SOAP:   1%|▏         | 313/25000 [3:36:26 > 02:43]
SOAP:   1%|▏         | 314/25000 [3:36:23 > 02:43]
SOAP:   1%|▏         | 315/25000 [3:36:25 > 02:44]
SOAP:   1%|▏         | 316/25000 [3:36:28 > 02:44]
SOAP:   1%|▏         | 317/25000 [3:36:21 > 02:45]
SOAP:   1%|▏         | 318/25000 [3:36:17 > 02:46]
SOAP:   1%|▏         | 319/25000 [3:36:19 > 02:46]
SOAP:   1%|▏         | 320/25000 [3:36:17 > 02:47]
SOAP:   1%|▏         | 321/25000 [3:36:14 > 02:47]
SOAP:   1%|▏         | 322/25000 [3:36:13 > 02:48]
SOAP:   1%|▏         | 323/25000 [3:36:25 > 02:48]
SOAP:   1%|▏         | 324/25000 [3:36:26 > 02:49]
SOAP:   1%|▏         | 325/25000 [3:36:20 > 02:49]
SOAP:   1%|▏         | 326/25000 [3:36:12 > 02:50]
SOAP:   1%|▏         | 327/25000 [3:36:21 > 02:50]
SOAP:   1%|▏         | 328/25000 [3:34:27 > 02:51]
SOAP:   1%|▏         | 329/25000 [3:36:07 > 02:51]
SOAP:   1%|▏         | 330/25000 [3:36:11 > 02:52]
SOAP:   1%|▏         | 331/25000 [3:36:12 > 02:52]
SOAP:   1%|▏         | 332/25000 [3:36:26 > 02:53]
SOAP:   1%|▏         | 333/25000 [3:36:26 > 02:53]
SOAP:   1%|▏         | 334/25000 [3:36:18 > 02:54]
SOAP:   1%|▏         | 335/25000 [3:36:29 > 02:54]
SOAP:   1%|▏         | 336/25000 [3:36:05 > 02:55]
SOAP:   1%|▏         | 337/25000 [3:36:02 > 02:56]
SOAP:   1%|▏         | 338/25000 [3:36:23 > 02:56]
SOAP:   1%|▏         | 339/25000 [3:36:33 > 02:57]
SOAP:   1%|▏         | 340/25000 [3:36:21 > 02:57]
SOAP:   1%|▏         | 341/25000 [3:36:11 > 02:58]
SOAP:   1%|▏         | 342/25000 [3:36:12 > 02:58]
SOAP:   1%|▏         | 343/25000 [3:36:09 > 02:59]
SOAP:   1%|▏         | 344/25000 [3:36:09 > 02:59]
SOAP:   1%|▏         | 345/25000 [3:36:11 > 03:00]
SOAP:   1%|▏         | 346/25000 [3:36:21 > 03:00]
SOAP:   1%|▏         | 347/25000 [3:36:15 > 03:01]
SOAP:   1%|▏         | 348/25000 [3:36:12 > 03:01]
SOAP:   1%|▏         | 349/25000 [3:36:39 > 03:02]
SOAP:   1%|▏         | 350/25000 [3:36:54 > 03:02]
SOAP:   1%|▏         | 351/25000 [3:36:40 > 03:03]
SOAP:   1%|▏         | 352/25000 [3:36:34 > 03:03]
SOAP:   1%|▏         | 353/25000 [3:34:37 > 03:04]
SOAP:   1%|▏         | 354/25000 [3:36:03 > 03:04]
SOAP:   1%|▏         | 355/25000 [3:35:47 > 03:05]
SOAP:   1%|▏         | 356/25000 [3:35:50 > 03:06]
SOAP:   1%|▏         | 357/25000 [3:36:01 > 03:06]
SOAP:   1%|▏         | 358/25000 [3:34:03 > 03:07]
SOAP:   1%|▏         | 359/25000 [3:35:23 > 03:07]
SOAP:   1%|▏         | 360/25000 [3:35:01 > 03:08]
SOAP:   1%|▏         | 361/25000 [3:35:22 > 03:08]
SOAP:   1%|▏         | 362/25000 [3:35:33 > 03:09]
SOAP:   1%|▏         | 363/25000 [3:35:52 > 03:09]
SOAP:   1%|▏         | 364/25000 [3:35:51 > 03:10]
SOAP:   1%|▏         | 365/25000 [3:35:52 > 03:10]
SOAP:   1%|▏         | 366/25000 [3:35:54 > 03:11]
SOAP:   1%|▏         | 367/25000 [3:36:01 > 03:11]
SOAP:   1%|▏         | 368/25000 [3:35:59 > 03:12]
SOAP:   1%|▏         | 369/25000 [3:36:06 > 03:12]
SOAP:   1%|▏         | 370/25000 [3:36:02 > 03:13]
SOAP:   1%|▏         | 371/25000 [3:35:59 > 03:13]
SOAP:   1%|▏         | 372/25000 [3:35:56 > 03:14]
SOAP:   1%|▏         | 373/25000 [3:35:52 > 03:14]
SOAP:   1%|▏         | 374/25000 [3:36:12 > 03:15]
SOAP:   2%|▏         | 375/25000 [3:36:11 > 03:16]
SOAP:   2%|▏         | 376/25000 [3:36:00 > 03:16]
SOAP:   2%|▏         | 377/25000 [3:35:54 > 03:17]
SOAP:   2%|▏         | 378/25000 [3:35:58 > 03:17]
SOAP:   2%|▏         | 379/25000 [3:36:00 > 03:18]
SOAP:   2%|▏         | 380/25000 [3:35:39 > 03:18]
SOAP:   2%|▏         | 381/25000 [3:35:09 > 03:19]
SOAP:   2%|▏         | 382/25000 [3:35:25 > 03:19]
SOAP:   2%|▏         | 383/25000 [3:35:34 > 03:20]
SOAP:   2%|▏         | 384/25000 [3:33:44 > 03:20]
SOAP:   2%|▏         | 385/25000 [3:35:37 > 03:21]
SOAP:   2%|▏         | 386/25000 [3:35:46 > 03:21]
SOAP:   2%|▏         | 387/25000 [3:35:58 > 03:22]
SOAP:   2%|▏         | 388/25000 [3:35:53 > 03:22]
SOAP:   2%|▏         | 389/25000 [3:35:52 > 03:23]
SOAP:   2%|▏         | 390/25000 [3:35:50 > 03:23]
SOAP:   2%|▏         | 391/25000 [3:35:56 > 03:24]
SOAP:   2%|▏         | 392/25000 [3:36:01 > 03:24]
SOAP:   2%|▏         | 393/25000 [3:36:01 > 03:25]
SOAP:   2%|▏         | 394/25000 [3:35:57 > 03:26]
SOAP:   2%|▏         | 395/25000 [3:35:44 > 03:26]
SOAP:   2%|▏         | 396/25000 [3:35:37 > 03:27]
SOAP:   2%|▏         | 397/25000 [3:35:43 > 03:27]
SOAP:   2%|▏         | 398/25000 [3:35:46 > 03:28]
SOAP:   2%|▏         | 399/25000 [3:35:59 > 03:28]
SOAP:   2%|▏         | 400/25000 [3:35:45 > 03:29]
SOAP:   2%|▏         | 401/25000 [3:36:41 > 03:29]
SOAP:   2%|▏         | 402/25000 [3:36:19 > 03:30]
SOAP:   2%|▏         | 403/25000 [3:36:10 > 03:30]
SOAP:   2%|▏         | 404/25000 [3:35:59 > 03:31]
SOAP:   2%|▏         | 405/25000 [3:36:09 > 03:31]
SOAP:   2%|▏         | 406/25000 [3:35:59 > 03:32]
SOAP:   2%|▏         | 407/25000 [3:35:26 > 03:32]
SOAP:   2%|▏         | 408/25000 [3:36:08 > 03:33]
SOAP:   2%|▏         | 409/25000 [3:36:07 > 03:33]
SOAP:   2%|▏         | 410/25000 [3:36:11 > 03:34]
SOAP:   2%|▏         | 411/25000 [3:35:56 > 03:34]
SOAP:   2%|▏         | 412/25000 [3:36:08 > 03:35]
SOAP:   2%|▏         | 413/25000 [3:35:54 > 03:36]
SOAP:   2%|▏         | 414/25000 [3:35:55 > 03:36]
SOAP:   2%|▏         | 415/25000 [3:35:43 > 03:37]
SOAP:   2%|▏         | 416/25000 [3:35:41 > 03:37]
SOAP:   2%|▏         | 417/25000 [3:35:39 > 03:38]
SOAP:   2%|▏         | 418/25000 [3:35:53 > 03:38]
SOAP:   2%|▏         | 419/25000 [3:36:41 > 03:39]
SOAP:   2%|▏         | 420/25000 [3:35:20 > 03:39]
SOAP:   2%|▏         | 421/25000 [3:34:55 > 03:40]
SOAP:   2%|▏         | 422/25000 [3:35:10 > 03:40]
SOAP:   2%|▏         | 423/25000 [3:35:17 > 03:41]
SOAP:   2%|▏         | 424/25000 [3:35:21 > 03:41]
SOAP:   2%|▏         | 425/25000 [3:35:14 > 03:42]
SOAP:   2%|▏         | 426/25000 [3:35:23 > 03:42]
SOAP:   2%|▏         | 427/25000 [3:36:37 > 03:43]
SOAP:   2%|▏         | 428/25000 [3:35:06 > 03:43]
SOAP:   2%|▏         | 429/25000 [3:35:22 > 03:44]
SOAP:   2%|▏         | 430/25000 [3:35:26 > 03:44]
SOAP:   2%|▏         | 431/25000 [3:35:28 > 03:45]
SOAP:   2%|▏         | 432/25000 [3:35:13 > 03:46]
SOAP:   2%|▏         | 433/25000 [3:34:53 > 03:46]
SOAP:   2%|▏         | 434/25000 [3:35:00 > 03:47]
SOAP:   2%|▏         | 435/25000 [3:35:10 > 03:47]
SOAP:   2%|▏         | 436/25000 [3:35:22 > 03:48]
SOAP:   2%|▏         | 437/25000 [3:35:25 > 03:48]
SOAP:   2%|▏         | 438/25000 [3:35:27 > 03:49]
SOAP:   2%|▏         | 439/25000 [3:35:26 > 03:49]
SOAP:   2%|▏         | 440/25000 [3:35:36 > 03:50]
SOAP:   2%|▏         | 441/25000 [3:35:31 > 03:50]
SOAP:   2%|▏         | 442/25000 [3:35:34 > 03:51]
SOAP:   2%|▏         | 443/25000 [3:35:40 > 03:51]
SOAP:   2%|▏         | 444/25000 [3:35:33 > 03:52]
SOAP:   2%|▏         | 445/25000 [3:35:36 > 03:52]
SOAP:   2%|▏         | 446/25000 [3:35:27 > 03:53]
SOAP:   2%|▏         | 447/25000 [3:35:35 > 03:53]
SOAP:   2%|▏         | 448/25000 [3:35:32 > 03:54]
SOAP:   2%|▏         | 449/25000 [3:35:26 > 03:54]
SOAP:   2%|▏         | 450/25000 [3:35:24 > 03:55]
SOAP:   2%|▏         | 451/25000 [3:35:24 > 03:56]
SOAP:   2%|▏         | 452/25000 [3:35:40 > 03:56]
SOAP:   2%|▏         | 453/25000 [3:35:33 > 03:57]
SOAP:   2%|▏         | 454/25000 [3:36:13 > 03:57]
SOAP:   2%|▏         | 455/25000 [3:36:09 > 03:58]
SOAP:   2%|▏         | 456/25000 [3:35:59 > 03:58]
SOAP:   2%|▏         | 457/25000 [3:36:01 > 03:59]
SOAP:   2%|▏         | 458/25000 [3:35:47 > 03:59]
SOAP:   2%|▏         | 459/25000 [3:35:36 > 04:00]
SOAP:   2%|▏         | 460/25000 [3:35:02 > 04:00]
SOAP:   2%|▏         | 461/25000 [3:33:13 > 04:01]
SOAP:   2%|▏         | 462/25000 [3:34:26 > 04:01]
SOAP:   2%|▏         | 463/25000 [3:34:40 > 04:02]
SOAP:   2%|▏         | 464/25000 [3:34:55 > 04:02]
SOAP:   2%|▏         | 465/25000 [3:35:15 > 04:03]
SOAP:   2%|▏         | 466/25000 [3:35:07 > 04:03]
SOAP:   2%|▏         | 467/25000 [3:35:22 > 04:04]
SOAP:   2%|▏         | 468/25000 [3:35:57 > 04:04]
SOAP:   2%|▏         | 469/25000 [3:35:42 > 04:05]
SOAP:   2%|▏         | 470/25000 [3:35:34 > 04:06]
SOAP:   2%|▏         | 471/25000 [3:35:44 > 04:06]
SOAP:   2%|▏         | 472/25000 [3:35:33 > 04:07]
SOAP:   2%|▏         | 473/25000 [3:35:35 > 04:07]
SOAP:   2%|▏         | 474/25000 [3:35:19 > 04:08]
SOAP:   2%|▏         | 475/25000 [3:35:11 > 04:08]
SOAP:   2%|▏         | 476/25000 [3:35:09 > 04:09]
SOAP:   2%|▏         | 477/25000 [3:35:16 > 04:09]
SOAP:   2%|▏         | 478/25000 [3:35:12 > 04:10]
SOAP:   2%|▏         | 479/25000 [3:35:20 > 04:10]
SOAP:   2%|▏         | 480/25000 [3:33:42 > 04:11]
SOAP:   2%|▏         | 481/25000 [3:34:54 > 04:11]
SOAP:   2%|▏         | 482/25000 [3:34:17 > 04:12]
SOAP:   2%|▏         | 483/25000 [3:33:54 > 04:12]
SOAP:   2%|▏         | 484/25000 [3:33:29 > 04:13]
SOAP:   2%|▏         | 485/25000 [3:33:19 > 04:13]
SOAP:   2%|▏         | 486/25000 [3:33:06 > 04:14]
SOAP:   2%|▏         | 487/25000 [3:32:58 > 04:14]
SOAP:   2%|▏         | 488/25000 [3:32:55 > 04:15]
SOAP:   2%|▏         | 489/25000 [3:32:53 > 04:15]
SOAP:   2%|▏         | 490/25000 [3:32:46 > 04:16]
SOAP:   2%|▏         | 491/25000 [3:32:47 > 04:17]
SOAP:   2%|▏         | 492/25000 [3:32:50 > 04:17]
SOAP:   2%|▏         | 493/25000 [3:32:48 > 04:18]
SOAP:   2%|▏         | 494/25000 [3:32:39 > 04:18]
SOAP:   2%|▏         | 495/25000 [3:32:39 > 04:19]
SOAP:   2%|▏         | 496/25000 [3:32:43 > 04:19]
SOAP:   2%|▏         | 497/25000 [3:32:42 > 04:20]
SOAP:   2%|▏         | 498/25000 [3:32:43 > 04:20]
SOAP:   2%|▏         | 499/25000 [3:31:02 > 04:21]
SOAP:   2%|▏         | 500/25000 [3:33:14 > 04:21]
SOAP:   2%|▏         | 501/25000 [3:35:06 > 04:22]
SOAP:   2%|▏         | 502/25000 [3:33:18 > 04:22]
SOAP:   2%|▏         | 503/25000 [3:33:09 > 04:23]
SOAP:   2%|▏         | 504/25000 [3:32:45 > 04:23]
SOAP:   2%|▏         | 505/25000 [3:32:38 > 04:24]
SOAP:   2%|▏         | 506/25000 [3:32:33 > 04:24]
SOAP:   2%|▏         | 507/25000 [3:32:40 > 04:25]
SOAP:   2%|▏         | 508/25000 [3:32:34 > 04:25]
SOAP:   2%|▏         | 509/25000 [3:32:31 > 04:26]
SOAP:   2%|▏         | 510/25000 [3:32:24 > 04:26]
SOAP:   2%|▏         | 511/25000 [3:32:22 > 04:27]
SOAP:   2%|▏         | 512/25000 [3:32:28 > 04:27]
SOAP:   2%|▏         | 513/25000 [3:32:27 > 04:28]
SOAP:   2%|▏         | 514/25000 [3:32:33 > 04:29]
SOAP:   2%|▏         | 515/25000 [3:32:35 > 04:29]
SOAP:   2%|▏         | 516/25000 [3:32:32 > 04:30]
SOAP:   2%|▏         | 517/25000 [3:32:43 > 04:30]
SOAP:   2%|▏         | 518/25000 [3:32:31 > 04:31]
SOAP:   2%|▏         | 519/25000 [3:30:49 > 04:31]
SOAP:   2%|▏         | 520/25000 [3:32:53 > 04:32]
SOAP:   2%|▏         | 521/25000 [3:32:53 > 04:32]
SOAP:   2%|▏         | 522/25000 [3:32:46 > 04:33]
SOAP:   2%|▏         | 523/25000 [3:32:35 > 04:33]
SOAP:   2%|▏         | 524/25000 [3:32:29 > 04:34]
SOAP:   2%|▏         | 525/25000 [3:32:44 > 04:34]
SOAP:   2%|▏         | 526/25000 [3:33:07 > 04:35]
SOAP:   2%|▏         | 527/25000 [3:32:47 > 04:35]
SOAP:   2%|▏         | 528/25000 [3:30:57 > 04:36]
SOAP:   2%|▏         | 529/25000 [3:33:04 > 04:36]
SOAP:   2%|▏         | 530/25000 [3:32:49 > 04:37]
SOAP:   2%|▏         | 531/25000 [3:32:37 > 04:37]
SOAP:   2%|▏         | 532/25000 [3:32:27 > 04:38]
SOAP:   2%|▏         | 533/25000 [3:32:25 > 04:38]
SOAP:   2%|▏         | 534/25000 [3:31:41 > 04:39]
SOAP:   2%|▏         | 535/25000 [3:32:40 > 04:39]
SOAP:   2%|▏         | 536/25000 [3:32:29 > 04:40]
SOAP:   2%|▏         | 537/25000 [3:32:28 > 04:40]
SOAP:   2%|▏         | 538/25000 [3:32:32 > 04:41]
SOAP:   2%|▏         | 539/25000 [3:32:18 > 04:42]
SOAP:   2%|▏         | 540/25000 [3:32:18 > 04:42]
SOAP:   2%|▏         | 541/25000 [3:32:19 > 04:43]
SOAP:   2%|▏         | 542/25000 [3:32:28 > 04:43]
SOAP:   2%|▏         | 543/25000 [3:32:20 > 04:44]
SOAP:   2%|▏         | 544/25000 [3:32:19 > 04:44]
SOAP:   2%|▏         | 545/25000 [3:32:16 > 04:45]
SOAP:   2%|▏         | 546/25000 [3:32:19 > 04:45]
SOAP:   2%|▏         | 547/25000 [3:32:11 > 04:46]
SOAP:   2%|▏         | 548/25000 [3:32:19 > 04:46]
SOAP:   2%|▏         | 549/25000 [3:32:20 > 04:47]
SOAP:   2%|▏         | 550/25000 [3:32:15 > 04:47]
SOAP:   2%|▏         | 551/25000 [3:32:09 > 04:48]
SOAP:   2%|▏         | 552/25000 [3:32:13 > 04:48]
SOAP:   2%|▏         | 553/25000 [3:32:10 > 04:49]
SOAP:   2%|▏         | 554/25000 [3:32:16 > 04:49]
SOAP:   2%|▏         | 555/25000 [3:32:11 > 04:50]
SOAP:   2%|▏         | 556/25000 [3:32:06 > 04:50]
SOAP:   2%|▏         | 557/25000 [3:32:08 > 04:51]
SOAP:   2%|▏         | 558/25000 [3:32:07 > 04:51]
SOAP:   2%|▏         | 559/25000 [3:32:05 > 04:52]
SOAP:   2%|▏         | 560/25000 [3:32:08 > 04:52]
SOAP:   2%|▏         | 561/25000 [3:32:06 > 04:53]
SOAP:   2%|▏         | 562/25000 [3:32:06 > 04:54]
SOAP:   2%|▏         | 563/25000 [3:32:03 > 04:54]
SOAP:   2%|▏         | 564/25000 [3:32:09 > 04:55]
SOAP:   2%|▏         | 565/25000 [3:32:24 > 04:55]
SOAP:   2%|▏         | 566/25000 [3:32:41 > 04:56]
SOAP:   2%|▏         | 567/25000 [3:32:35 > 04:56]
SOAP:   2%|▏         | 568/25000 [3:32:18 > 04:57]
SOAP:   2%|▏         | 569/25000 [3:32:10 > 04:57]
SOAP:   2%|▏         | 570/25000 [3:32:13 > 04:58]
SOAP:   2%|▏         | 571/25000 [3:32:06 > 04:58]
SOAP:   2%|▏         | 572/25000 [3:32:04 > 04:59]
SOAP:   2%|▏         | 573/25000 [3:32:07 > 04:59]
SOAP:   2%|▏         | 574/25000 [3:32:06 > 05:00]
SOAP:   2%|▏         | 575/25000 [3:31:57 > 05:00]
SOAP:   2%|▏         | 576/25000 [3:31:52 > 05:01]
SOAP:   2%|▏         | 577/25000 [3:32:00 > 05:01]
SOAP:   2%|▏         | 578/25000 [3:31:58 > 05:02]
SOAP:   2%|▏         | 579/25000 [3:31:57 > 05:02]
SOAP:   2%|▏         | 580/25000 [3:32:03 > 05:03]
SOAP:   2%|▏         | 581/25000 [3:32:00 > 05:03]
SOAP:   2%|▏         | 582/25000 [3:32:02 > 05:04]
SOAP:   2%|▏         | 583/25000 [3:32:01 > 05:04]
SOAP:   2%|▏         | 584/25000 [3:32:03 > 05:05]
SOAP:   2%|▏         | 585/25000 [3:31:59 > 05:05]
SOAP:   2%|▏         | 586/25000 [3:32:04 > 05:06]
SOAP:   2%|▏         | 587/25000 [3:31:57 > 05:07]
SOAP:   2%|▏         | 588/25000 [3:32:00 > 05:07]
SOAP:   2%|▏         | 589/25000 [3:32:03 > 05:08]
SOAP:   2%|▏         | 590/25000 [3:31:52 > 05:08]
SOAP:   2%|▏         | 591/25000 [3:31:49 > 05:09]
SOAP:   2%|▏         | 592/25000 [3:31:51 > 05:09]
SOAP:   2%|▏         | 593/25000 [3:30:05 > 05:10]
SOAP:   2%|▏         | 594/25000 [3:32:14 > 05:10]
SOAP:   2%|▏         | 595/25000 [3:32:05 > 05:11]
SOAP:   2%|▏         | 596/25000 [3:32:00 > 05:11]
SOAP:   2%|▏         | 597/25000 [3:31:58 > 05:12]
SOAP:   2%|▏         | 598/25000 [3:31:55 > 05:12]
SOAP:   2%|▏         | 599/25000 [3:31:51 > 05:13]
SOAP:   2%|▏         | 600/25000 [3:31:50 > 05:13]
SOAP:   2%|▏         | 601/25000 [3:33:46 > 05:14]
SOAP:   2%|▏         | 602/25000 [3:30:36 > 05:14]
SOAP:   2%|▏         | 603/25000 [3:32:43 > 05:15]
SOAP:   2%|▏         | 604/25000 [3:32:30 > 05:15]
SOAP:   2%|▏         | 605/25000 [3:32:22 > 05:16]
SOAP:   2%|▏         | 606/25000 [3:32:11 > 05:16]
SOAP:   2%|▏         | 607/25000 [3:32:00 > 05:17]
SOAP:   2%|▏         | 608/25000 [3:31:49 > 05:17]
SOAP:   2%|▏         | 609/25000 [3:31:40 > 05:18]
SOAP:   2%|▏         | 610/25000 [3:31:48 > 05:19]
SOAP:   2%|▏         | 611/25000 [3:31:43 > 05:19]
SOAP:   2%|▏         | 612/25000 [3:31:35 > 05:20]
SOAP:   2%|▏         | 613/25000 [3:31:38 > 05:20]
SOAP:   2%|▏         | 614/25000 [3:31:31 > 05:21]
SOAP:   2%|▏         | 615/25000 [3:31:40 > 05:21]
SOAP:   2%|▏         | 616/25000 [3:29:56 > 05:22]
SOAP:   2%|▏         | 617/25000 [3:32:03 > 05:22]
SOAP:   2%|▏         | 618/25000 [3:32:02 > 05:23]
SOAP:   2%|▏         | 619/25000 [3:32:00 > 05:23]
SOAP:   2%|▏         | 620/25000 [3:31:51 > 05:24]
SOAP:   2%|▏         | 621/25000 [3:31:55 > 05:24]
SOAP:   2%|▏         | 622/25000 [3:31:50 > 05:25]
SOAP:   2%|▏         | 623/25000 [3:31:49 > 05:25]
SOAP:   2%|▏         | 624/25000 [3:31:43 > 05:26]
SOAP:   2%|▎         | 625/25000 [3:31:38 > 05:26]
SOAP:   3%|▎         | 626/25000 [3:31:40 > 05:27]
SOAP:   3%|▎         | 627/25000 [3:31:42 > 05:27]
SOAP:   3%|▎         | 628/25000 [3:31:29 > 05:28]
SOAP:   3%|▎         | 629/25000 [3:31:34 > 05:28]
SOAP:   3%|▎         | 630/25000 [3:31:27 > 05:29]
SOAP:   3%|▎         | 631/25000 [3:31:33 > 05:29]
SOAP:   3%|▎         | 632/25000 [3:31:30 > 05:30]
SOAP:   3%|▎         | 633/25000 [3:31:33 > 05:30]
SOAP:   3%|▎         | 634/25000 [3:31:31 > 05:31]
SOAP:   3%|▎         | 635/25000 [3:31:26 > 05:32]
SOAP:   3%|▎         | 636/25000 [3:31:31 > 05:32]
SOAP:   3%|▎         | 637/25000 [3:31:31 > 05:33]
SOAP:   3%|▎         | 638/25000 [3:31:36 > 05:33]
SOAP:   3%|▎         | 639/25000 [3:31:33 > 05:34]
SOAP:   3%|▎         | 640/25000 [3:31:34 > 05:34]
SOAP:   3%|▎         | 641/25000 [3:30:02 > 05:35]
SOAP:   3%|▎         | 642/25000 [3:32:14 > 05:35]
SOAP:   3%|▎         | 643/25000 [3:31:56 > 05:36]
SOAP:   3%|▎         | 644/25000 [3:31:57 > 05:36]
SOAP:   3%|▎         | 645/25000 [3:31:56 > 05:37]
SOAP:   3%|▎         | 646/25000 [3:31:46 > 05:37]
SOAP:   3%|▎         | 647/25000 [3:31:32 > 05:38]
SOAP:   3%|▎         | 648/25000 [3:31:25 > 05:38]
SOAP:   3%|▎         | 649/25000 [3:30:13 > 05:39]
SOAP:   3%|▎         | 650/25000 [3:31:47 > 05:39]
SOAP:   3%|▎         | 651/25000 [3:31:27 > 05:40]
SOAP:   3%|▎         | 652/25000 [3:31:31 > 05:40]
SOAP:   3%|▎         | 653/25000 [3:31:23 > 05:41]
SOAP:   3%|▎         | 654/25000 [3:31:28 > 05:41]
SOAP:   3%|▎         | 655/25000 [3:31:26 > 05:42]
SOAP:   3%|▎         | 656/25000 [3:31:21 > 05:42]
SOAP:   3%|▎         | 657/25000 [3:31:14 > 05:43]
SOAP:   3%|▎         | 658/25000 [3:31:21 > 05:44]
SOAP:   3%|▎         | 659/25000 [3:31:16 > 05:44]
SOAP:   3%|▎         | 660/25000 [3:31:16 > 05:45]
SOAP:   3%|▎         | 661/25000 [3:31:20 > 05:45]
SOAP:   3%|▎         | 662/25000 [3:31:18 > 05:46]
SOAP:   3%|▎         | 663/25000 [3:31:29 > 05:46]
SOAP:   3%|▎         | 664/25000 [3:31:26 > 05:47]
SOAP:   3%|▎         | 665/25000 [3:29:32 > 05:47]
SOAP:   3%|▎         | 666/25000 [3:31:32 > 05:48]
SOAP:   3%|▎         | 667/25000 [3:31:37 > 05:48]
SOAP:   3%|▎         | 668/25000 [3:31:34 > 05:49]
SOAP:   3%|▎         | 669/25000 [3:31:23 > 05:49]
SOAP:   3%|▎         | 670/25000 [3:29:50 > 05:50]
SOAP:   3%|▎         | 671/25000 [3:31:53 > 05:50]
SOAP:   3%|▎         | 672/25000 [3:31:39 > 05:51]
SOAP:   3%|▎         | 673/25000 [3:31:30 > 05:51]
SOAP:   3%|▎         | 674/25000 [3:31:18 > 05:52]
SOAP:   3%|▎         | 675/25000 [3:31:19 > 05:52]
SOAP:   3%|▎         | 676/25000 [3:31:29 > 05:53]
SOAP:   3%|▎         | 677/25000 [3:31:37 > 05:53]
SOAP:   3%|▎         | 678/25000 [3:31:50 > 05:54]
SOAP:   3%|▎         | 679/25000 [3:31:34 > 05:54]
SOAP:   3%|▎         | 680/25000 [3:31:28 > 05:55]
SOAP:   3%|▎         | 681/25000 [3:31:15 > 05:56]
SOAP:   3%|▎         | 682/25000 [3:31:11 > 05:56]
SOAP:   3%|▎         | 683/25000 [3:31:15 > 05:57]
SOAP:   3%|▎         | 684/25000 [3:31:10 > 05:57]
SOAP:   3%|▎         | 685/25000 [3:31:00 > 05:58]
SOAP:   3%|▎         | 686/25000 [3:31:01 > 05:58]
SOAP:   3%|▎         | 687/25000 [3:31:08 > 05:59]
SOAP:   3%|▎         | 688/25000 [3:31:01 > 05:59]
SOAP:   3%|▎         | 689/25000 [3:30:59 > 06:00]
SOAP:   3%|▎         | 690/25000 [3:30:56 > 06:00]
SOAP:   3%|▎         | 691/25000 [3:30:56 > 06:01]
SOAP:   3%|▎         | 692/25000 [3:31:02 > 06:01]
SOAP:   3%|▎         | 693/25000 [3:30:55 > 06:02]
SOAP:   3%|▎         | 694/25000 [3:29:24 > 06:02]
SOAP:   3%|▎         | 695/25000 [3:31:28 > 06:03]
SOAP:   3%|▎         | 696/25000 [3:31:22 > 06:03]
SOAP:   3%|▎         | 697/25000 [3:31:15 > 06:04]
SOAP:   3%|▎         | 698/25000 [3:31:12 > 06:04]
SOAP:   3%|▎         | 699/25000 [3:30:59 > 06:05]
SOAP:   3%|▎         | 700/25000 [3:31:04 > 06:05]
SOAP:   3%|▎         | 701/25000 [3:32:59 > 06:06]
SOAP:   3%|▎         | 702/25000 [3:31:19 > 06:06]
SOAP:   3%|▎         | 703/25000 [3:31:15 > 06:07]
SOAP:   3%|▎         | 704/25000 [3:31:00 > 06:07]
SOAP:   3%|▎         | 705/25000 [3:31:01 > 06:08]
SOAP:   3%|▎         | 706/25000 [3:30:59 > 06:09]
SOAP:   3%|▎         | 707/25000 [3:30:58 > 06:09]
SOAP:   3%|▎         | 708/25000 [3:30:58 > 06:10]
SOAP:   3%|▎         | 709/25000 [3:30:53 > 06:10]
SOAP:   3%|▎         | 710/25000 [3:31:01 > 06:11]
SOAP:   3%|▎         | 711/25000 [3:31:32 > 06:11]
SOAP:   3%|▎         | 712/25000 [3:31:09 > 06:12]
SOAP:   3%|▎         | 713/25000 [3:29:25 > 06:12]
SOAP:   3%|▎         | 714/25000 [3:31:29 > 06:13]
SOAP:   3%|▎         | 715/25000 [3:31:16 > 06:13]
SOAP:   3%|▎         | 716/25000 [3:31:05 > 06:14]
SOAP:   3%|▎         | 717/25000 [3:30:59 > 06:14]
SOAP:   3%|▎         | 718/25000 [3:30:53 > 06:15]
SOAP:   3%|▎         | 719/25000 [3:30:48 > 06:15]
SOAP:   3%|▎         | 720/25000 [3:30:43 > 06:16]
SOAP:   3%|▎         | 721/25000 [3:30:42 > 06:16]
SOAP:   3%|▎         | 722/25000 [3:30:45 > 06:17]
SOAP:   3%|▎         | 723/25000 [3:30:36 > 06:17]
SOAP:   3%|▎         | 724/25000 [3:30:38 > 06:18]
SOAP:   3%|▎         | 725/25000 [3:30:40 > 06:18]
SOAP:   3%|▎         | 726/25000 [3:30:38 > 06:19]
SOAP:   3%|▎         | 727/25000 [3:30:44 > 06:19]
SOAP:   3%|▎         | 728/25000 [3:30:45 > 06:20]
SOAP:   3%|▎         | 729/25000 [3:30:44 > 06:21]
SOAP:   3%|▎         | 730/25000 [3:30:48 > 06:21]
SOAP:   3%|▎         | 731/25000 [3:30:45 > 06:22]
SOAP:   3%|▎         | 732/25000 [3:30:45 > 06:22]
SOAP:   3%|▎         | 733/25000 [3:30:43 > 06:23]
SOAP:   3%|▎         | 734/25000 [3:30:42 > 06:23]
SOAP:   3%|▎         | 735/25000 [3:30:41 > 06:24]
SOAP:   3%|▎         | 736/25000 [3:30:35 > 06:24]
SOAP:   3%|▎         | 737/25000 [3:30:25 > 06:25]
SOAP:   3%|▎         | 738/25000 [3:30:31 > 06:25]
SOAP:   3%|▎         | 739/25000 [3:30:12 > 06:26]
SOAP:   3%|▎         | 740/25000 [3:30:37 > 06:26]
SOAP:   3%|▎         | 741/25000 [3:30:34 > 06:27]
SOAP:   3%|▎         | 742/25000 [3:30:29 > 06:27]
SOAP:   3%|▎         | 743/25000 [3:30:33 > 06:28]
SOAP:   3%|▎         | 744/25000 [3:30:33 > 06:28]
SOAP:   3%|▎         | 745/25000 [3:30:33 > 06:29]
SOAP:   3%|▎         | 746/25000 [3:30:33 > 06:29]
SOAP:   3%|▎         | 747/25000 [3:30:38 > 06:30]
SOAP:   3%|▎         | 748/25000 [3:30:37 > 06:30]
SOAP:   3%|▎         | 749/25000 [3:30:34 > 06:31]
SOAP:   3%|▎         | 750/25000 [3:30:34 > 06:31]
SOAP:   3%|▎         | 751/25000 [3:30:28 > 06:32]
SOAP:   3%|▎         | 752/25000 [3:29:35 > 06:32]
SOAP:   3%|▎         | 753/25000 [3:30:59 > 06:33]
SOAP:   3%|▎         | 754/25000 [3:30:44 > 06:34]
SOAP:   3%|▎         | 755/25000 [3:30:32 > 06:34]
SOAP:   3%|▎         | 756/25000 [3:30:23 > 06:35]
SOAP:   3%|▎         | 757/25000 [3:30:29 > 06:35]
SOAP:   3%|▎         | 758/25000 [3:30:27 > 06:36]
SOAP:   3%|▎         | 759/25000 [3:30:37 > 06:36]
SOAP:   3%|▎         | 760/25000 [3:30:30 > 06:37]
SOAP:   3%|▎         | 761/25000 [3:30:27 > 06:37]
SOAP:   3%|▎         | 762/25000 [3:30:22 > 06:38]
SOAP:   3%|▎         | 763/25000 [3:30:23 > 06:38]
SOAP:   3%|▎         | 764/25000 [3:28:39 > 06:39]
SOAP:   3%|▎         | 765/25000 [3:30:55 > 06:39]
SOAP:   3%|▎         | 766/25000 [3:30:11 > 06:40]
SOAP:   3%|▎         | 767/25000 [3:30:45 > 06:40]
SOAP:   3%|▎         | 768/25000 [3:30:35 > 06:41]
SOAP:   3%|▎         | 769/25000 [3:30:33 > 06:41]
SOAP:   3%|▎         | 770/25000 [3:30:30 > 06:42]
SOAP:   3%|▎         | 771/25000 [3:29:50 > 06:42]
SOAP:   3%|▎         | 772/25000 [3:30:40 > 06:43]
SOAP:   3%|▎         | 773/25000 [3:30:38 > 06:43]
SOAP:   3%|▎         | 774/25000 [3:30:18 > 06:44]
SOAP:   3%|▎         | 775/25000 [3:30:07 > 06:44]
SOAP:   3%|▎         | 776/25000 [3:30:08 > 06:45]
SOAP:   3%|▎         | 777/25000 [3:30:16 > 06:46]
SOAP:   3%|▎         | 778/25000 [3:30:18 > 06:46]
SOAP:   3%|▎         | 779/25000 [3:30:13 > 06:47]
SOAP:   3%|▎         | 780/25000 [3:30:13 > 06:47]
SOAP:   3%|▎         | 781/25000 [3:30:19 > 06:48]
SOAP:   3%|▎         | 782/25000 [3:30:27 > 06:48]
SOAP:   3%|▎         | 783/25000 [3:30:09 > 06:49]
SOAP:   3%|▎         | 784/25000 [3:30:14 > 06:49]
SOAP:   3%|▎         | 785/25000 [3:30:15 > 06:50]
SOAP:   3%|▎         | 786/25000 [3:30:17 > 06:50]
SOAP:   3%|▎         | 787/25000 [3:30:12 > 06:51]
SOAP:   3%|▎         | 788/25000 [3:30:13 > 06:51]
SOAP:   3%|▎         | 789/25000 [3:30:13 > 06:52]
SOAP:   3%|▎         | 790/25000 [3:30:14 > 06:52]
SOAP:   3%|▎         | 791/25000 [3:28:55 > 06:53]
SOAP:   3%|▎         | 792/25000 [3:30:55 > 06:53]
SOAP:   3%|▎         | 793/25000 [3:31:13 > 06:54]
SOAP:   3%|▎         | 794/25000 [3:31:16 > 06:54]
SOAP:   3%|▎         | 795/25000 [3:30:57 > 06:55]
SOAP:   3%|▎         | 796/25000 [3:30:47 > 06:55]
SOAP:   3%|▎         | 797/25000 [3:30:36 > 06:56]
SOAP:   3%|▎         | 798/25000 [3:28:39 > 06:56]
SOAP:   3%|▎         | 799/25000 [3:30:50 > 06:57]
SOAP:   3%|▎         | 800/25000 [3:30:35 > 06:58]
SOAP:   3%|▎         | 801/25000 [3:32:30 > 06:58]
SOAP:   3%|▎         | 802/25000 [3:30:41 > 06:59]
SOAP:   3%|▎         | 803/25000 [3:30:36 > 06:59]
SOAP:   3%|▎         | 804/25000 [3:30:27 > 07:00]
SOAP:   3%|▎         | 805/25000 [3:30:22 > 07:00]
SOAP:   3%|▎         | 806/25000 [3:30:09 > 07:01]
SOAP:   3%|▎         | 807/25000 [3:30:10 > 07:01]
SOAP:   3%|▎         | 808/25000 [3:30:14 > 07:02]
SOAP:   3%|▎         | 809/25000 [3:30:10 > 07:02]
SOAP:   3%|▎         | 810/25000 [3:28:27 > 07:03]
SOAP:   3%|▎         | 811/25000 [3:30:43 > 07:03]
SOAP:   3%|▎         | 812/25000 [3:30:58 > 07:04]
SOAP:   3%|▎         | 813/25000 [3:29:30 > 07:04]
SOAP:   3%|▎         | 814/25000 [3:30:57 > 07:05]
SOAP:   3%|▎         | 815/25000 [3:30:30 > 07:05]
SOAP:   3%|▎         | 816/25000 [3:30:19 > 07:06]
SOAP:   3%|▎         | 817/25000 [3:30:23 > 07:06]
SOAP:   3%|▎         | 818/25000 [3:30:14 > 07:07]
SOAP:   3%|▎         | 819/25000 [3:30:18 > 07:07]
SOAP:   3%|▎         | 820/25000 [3:30:04 > 07:08]
SOAP:   3%|▎         | 821/25000 [3:30:08 > 07:08]
SOAP:   3%|▎         | 822/25000 [3:30:05 > 07:09]
SOAP:   3%|▎         | 823/25000 [3:30:00 > 07:10]
SOAP:   3%|▎         | 824/25000 [3:30:02 > 07:10]
SOAP:   3%|▎         | 825/25000 [3:29:59 > 07:11]
SOAP:   3%|▎         | 826/25000 [3:30:07 > 07:11]
SOAP:   3%|▎         | 827/25000 [3:29:28 > 07:12]
SOAP:   3%|▎         | 828/25000 [3:30:12 > 07:12]
SOAP:   3%|▎         | 829/25000 [3:29:59 > 07:13]
SOAP:   3%|▎         | 830/25000 [3:29:54 > 07:13]
SOAP:   3%|▎         | 831/25000 [3:29:44 > 07:14]
SOAP:   3%|▎         | 832/25000 [3:29:54 > 07:14]
SOAP:   3%|▎         | 833/25000 [3:29:49 > 07:15]
SOAP:   3%|▎         | 834/25000 [3:29:46 > 07:15]
SOAP:   3%|▎         | 835/25000 [3:29:47 > 07:16]
SOAP:   3%|▎         | 836/25000 [3:29:45 > 07:16]
SOAP:   3%|▎         | 837/25000 [3:29:45 > 07:17]
SOAP:   3%|▎         | 838/25000 [3:29:41 > 07:17]
SOAP:   3%|▎         | 839/25000 [3:29:45 > 07:18]
SOAP:   3%|▎         | 840/25000 [3:29:44 > 07:18]
SOAP:   3%|▎         | 841/25000 [3:29:52 > 07:19]
SOAP:   3%|▎         | 842/25000 [3:29:58 > 07:19]
SOAP:   3%|▎         | 843/25000 [3:29:57 > 07:20]
SOAP:   3%|▎         | 844/25000 [3:29:53 > 07:20]
SOAP:   3%|▎         | 845/25000 [3:29:59 > 07:21]
SOAP:   3%|▎         | 846/25000 [3:29:47 > 07:22]
SOAP:   3%|▎         | 847/25000 [3:29:38 > 07:22]
SOAP:   3%|▎         | 848/25000 [3:29:36 > 07:23]
SOAP:   3%|▎         | 849/25000 [3:27:56 > 07:23]
SOAP:   3%|▎         | 850/25000 [3:30:03 > 07:24]
SOAP:   3%|▎         | 851/25000 [3:30:00 > 07:24]
SOAP:   3%|▎         | 852/25000 [3:30:05 > 07:25]
SOAP:   3%|▎         | 853/25000 [3:30:30 > 07:25]
SOAP:   3%|▎         | 854/25000 [3:30:12 > 07:26]
SOAP:   3%|▎         | 855/25000 [3:30:01 > 07:26]
SOAP:   3%|▎         | 856/25000 [3:29:56 > 07:27]
SOAP:   3%|▎         | 857/25000 [3:29:56 > 07:27]
SOAP:   3%|▎         | 858/25000 [3:30:11 > 07:28]
SOAP:   3%|▎         | 859/25000 [3:30:28 > 07:28]
SOAP:   3%|▎         | 860/25000 [3:30:18 > 07:29]
SOAP:   3%|▎         | 861/25000 [3:30:02 > 07:29]
SOAP:   3%|▎         | 862/25000 [3:29:51 > 07:30]
SOAP:   3%|▎         | 863/25000 [3:29:38 > 07:30]
SOAP:   3%|▎         | 864/25000 [3:29:39 > 07:31]
SOAP:   3%|▎         | 865/25000 [3:29:39 > 07:31]
SOAP:   3%|▎         | 866/25000 [3:29:54 > 07:32]
SOAP:   3%|▎         | 867/25000 [3:30:13 > 07:32]
SOAP:   3%|▎         | 868/25000 [3:30:03 > 07:33]
SOAP:   3%|▎         | 869/25000 [3:29:55 > 07:34]
SOAP:   3%|▎         | 870/25000 [3:29:50 > 07:34]
SOAP:   3%|▎         | 871/25000 [3:29:49 > 07:35]
SOAP:   3%|▎         | 872/25000 [3:29:56 > 07:35]
SOAP:   3%|▎         | 873/25000 [3:30:23 > 07:36]
SOAP:   3%|▎         | 874/25000 [3:30:06 > 07:36]
SOAP:   4%|▎         | 875/25000 [3:28:16 > 07:37]
SOAP:   4%|▎         | 876/25000 [3:30:23 > 07:37]
SOAP:   4%|▎         | 877/25000 [3:29:58 > 07:38]
SOAP:   4%|▎         | 878/25000 [3:29:50 > 07:38]
SOAP:   4%|▎         | 879/25000 [3:29:40 > 07:39]
SOAP:   4%|▎         | 880/25000 [3:29:47 > 07:39]
SOAP:   4%|▎         | 881/25000 [3:29:39 > 07:40]
SOAP:   4%|▎         | 882/25000 [3:30:05 > 07:40]
SOAP:   4%|▎         | 883/25000 [3:29:54 > 07:41]
SOAP:   4%|▎         | 884/25000 [3:29:44 > 07:41]
SOAP:   4%|▎         | 885/25000 [3:29:39 > 07:42]
SOAP:   4%|▎         | 886/25000 [3:27:57 > 07:42]
SOAP:   4%|▎         | 887/25000 [3:30:00 > 07:43]
SOAP:   4%|▎         | 888/25000 [3:29:52 > 07:43]
SOAP:   4%|▎         | 889/25000 [3:29:31 > 07:44]
SOAP:   4%|▎         | 890/25000 [3:30:18 > 07:44]
SOAP:   4%|▎         | 891/25000 [3:30:01 > 07:45]
SOAP:   4%|▎         | 892/25000 [3:29:44 > 07:46]
SOAP:   4%|▎         | 893/25000 [3:29:37 > 07:46]
SOAP:   4%|▎         | 894/25000 [3:29:27 > 07:47]
SOAP:   4%|▎         | 895/25000 [3:29:21 > 07:47]
SOAP:   4%|▎         | 896/25000 [3:29:11 > 07:48]
SOAP:   4%|▎         | 897/25000 [3:29:15 > 07:48]
SOAP:   4%|▎         | 898/25000 [3:29:02 > 07:49]
SOAP:   4%|▎         | 899/25000 [3:29:01 > 07:49]
SOAP:   4%|▎         | 900/25000 [3:29:01 > 07:50]
SOAP:   4%|▎         | 901/25000 [3:31:02 > 07:50]
SOAP:   4%|▎         | 902/25000 [3:29:38 > 07:51]
SOAP:   4%|▎         | 903/25000 [3:29:41 > 07:51]
SOAP:   4%|▎         | 904/25000 [3:29:21 > 07:52]
SOAP:   4%|▎         | 905/25000 [3:29:21 > 07:52]
SOAP:   4%|▎         | 906/25000 [3:29:21 > 07:53]
SOAP:   4%|▎         | 907/25000 [3:27:42 > 07:53]
SOAP:   4%|▎         | 908/25000 [3:29:47 > 07:54]
SOAP:   4%|▎         | 909/25000 [3:29:38 > 07:54]
SOAP:   4%|▎         | 910/25000 [3:29:31 > 07:55]
SOAP:   4%|▎         | 911/25000 [3:29:33 > 07:55]
SOAP:   4%|▎         | 912/25000 [3:29:15 > 07:56]
SOAP:   4%|▎         | 913/25000 [3:29:18 > 07:56]
SOAP:   4%|▎         | 914/25000 [3:29:13 > 07:57]
SOAP:   4%|▎         | 915/25000 [3:29:13 > 07:57]
SOAP:   4%|▎         | 916/25000 [3:28:58 > 07:58]
SOAP:   4%|▎         | 917/25000 [3:28:54 > 07:59]
SOAP:   4%|▎         | 918/25000 [3:29:00 > 07:59]
SOAP:   4%|▎         | 919/25000 [3:28:57 > 08:00]
SOAP:   4%|▎         | 920/25000 [3:28:54 > 08:00]
SOAP:   4%|▎         | 921/25000 [3:28:58 > 08:01]
SOAP:   4%|▎         | 922/25000 [3:29:01 > 08:01]
SOAP:   4%|▎         | 923/25000 [3:29:01 > 08:02]
SOAP:   4%|▎         | 924/25000 [3:29:02 > 08:02]
SOAP:   4%|▎         | 925/25000 [3:29:02 > 08:03]
SOAP:   4%|▎         | 926/25000 [3:29:10 > 08:03]
SOAP:   4%|▎         | 927/25000 [3:29:06 > 08:04]
SOAP:   4%|▎         | 928/25000 [3:29:06 > 08:04]
SOAP:   4%|▎         | 929/25000 [3:29:06 > 08:05]
SOAP:   4%|▎         | 930/25000 [3:29:05 > 08:05]
SOAP:   4%|▎         | 931/25000 [3:29:08 > 08:06]
SOAP:   4%|▎         | 932/25000 [3:29:03 > 08:06]
SOAP:   4%|▎         | 933/25000 [3:29:09 > 08:07]
SOAP:   4%|▎         | 934/25000 [3:29:03 > 08:07]
SOAP:   4%|▎         | 935/25000 [3:28:56 > 08:08]
SOAP:   4%|▎         | 936/25000 [3:28:47 > 08:08]
SOAP:   4%|▎         | 937/25000 [3:28:42 > 08:09]
SOAP:   4%|▍         | 938/25000 [3:28:56 > 08:09]
SOAP:   4%|▍         | 939/25000 [3:28:50 > 08:10]
SOAP:   4%|▍         | 940/25000 [3:28:54 > 08:11]
SOAP:   4%|▍         | 941/25000 [3:28:57 > 08:11]
SOAP:   4%|▍         | 942/25000 [3:27:12 > 08:12]
SOAP:   4%|▍         | 943/25000 [3:29:54 > 08:12]
SOAP:   4%|▍         | 944/25000 [3:29:57 > 08:13]
SOAP:   4%|▍         | 945/25000 [3:29:34 > 08:13]
SOAP:   4%|▍         | 946/25000 [3:27:44 > 08:14]
SOAP:   4%|▍         | 947/25000 [3:30:04 > 08:14]
SOAP:   4%|▍         | 948/25000 [3:30:13 > 08:15]
SOAP:   4%|▍         | 949/25000 [3:30:30 > 08:15]
SOAP:   4%|▍         | 950/25000 [3:30:41 > 08:16]
SOAP:   4%|▍         | 951/25000 [3:31:00 > 08:16]
SOAP:   4%|▍         | 952/25000 [3:30:51 > 08:17]
SOAP:   4%|▍         | 953/25000 [3:30:55 > 08:17]
SOAP:   4%|▍         | 954/25000 [3:31:04 > 08:18]
SOAP:   4%|▍         | 955/25000 [3:31:01 > 08:18]
SOAP:   4%|▍         | 956/25000 [3:30:44 > 08:19]
SOAP:   4%|▍         | 957/25000 [3:30:56 > 08:19]
SOAP:   4%|▍         | 958/25000 [3:30:52 > 08:20]
SOAP:   4%|▍         | 959/25000 [3:30:56 > 08:20]
SOAP:   4%|▍         | 960/25000 [3:31:02 > 08:21]
SOAP:   4%|▍         | 961/25000 [3:31:04 > 08:22]
SOAP:   4%|▍         | 962/25000 [3:30:57 > 08:22]
SOAP:   4%|▍         | 963/25000 [3:30:53 > 08:23]
SOAP:   4%|▍         | 964/25000 [3:30:55 > 08:23]
SOAP:   4%|▍         | 965/25000 [3:30:56 > 08:24]
SOAP:   4%|▍         | 966/25000 [3:31:08 > 08:24]
SOAP:   4%|▍         | 967/25000 [3:30:54 > 08:25]
SOAP:   4%|▍         | 968/25000 [3:30:54 > 08:25]
SOAP:   4%|▍         | 969/25000 [3:30:54 > 08:26]
SOAP:   4%|▍         | 970/25000 [3:31:08 > 08:26]
SOAP:   4%|▍         | 971/25000 [3:31:04 > 08:27]
SOAP:   4%|▍         | 972/25000 [3:31:04 > 08:27]
SOAP:   4%|▍         | 973/25000 [3:30:55 > 08:28]
SOAP:   4%|▍         | 974/25000 [3:30:58 > 08:28]
SOAP:   4%|▍         | 975/25000 [3:31:06 > 08:29]
SOAP:   4%|▍         | 976/25000 [3:31:01 > 08:29]
SOAP:   4%|▍         | 977/25000 [3:30:55 > 08:30]
SOAP:   4%|▍         | 978/25000 [3:30:54 > 08:31]
SOAP:   4%|▍         | 979/25000 [3:30:51 > 08:31]
SOAP:   4%|▍         | 980/25000 [3:30:56 > 08:32]
SOAP:   4%|▍         | 981/25000 [3:30:48 > 08:32]
SOAP:   4%|▍         | 982/25000 [3:30:50 > 08:33]
SOAP:   4%|▍         | 983/25000 [3:30:57 > 08:33]
SOAP:   4%|▍         | 984/25000 [3:30:56 > 08:34]
SOAP:   4%|▍         | 985/25000 [3:30:46 > 08:34]
SOAP:   4%|▍         | 986/25000 [3:30:28 > 08:35]
SOAP:   4%|▍         | 987/25000 [3:30:25 > 08:35]
SOAP:   4%|▍         | 988/25000 [3:30:26 > 08:36]
SOAP:   4%|▍         | 989/25000 [3:30:39 > 08:36]
SOAP:   4%|▍         | 990/25000 [3:30:46 > 08:37]
SOAP:   4%|▍         | 991/25000 [3:30:44 > 08:37]
SOAP:   4%|▍         | 992/25000 [3:31:04 > 08:38]
SOAP:   4%|▍         | 993/25000 [3:31:11 > 08:38]
SOAP:   4%|▍         | 994/25000 [3:31:09 > 08:39]
SOAP:   4%|▍         | 995/25000 [3:30:56 > 08:39]
SOAP:   4%|▍         | 996/25000 [3:30:21 > 08:40]
SOAP:   4%|▍         | 997/25000 [3:30:31 > 08:41]
SOAP:   4%|▍         | 998/25000 [3:31:02 > 08:41]
SOAP:   4%|▍         | 999/25000 [3:30:43 > 08:42]
SOAP:   4%|▍         | 1000/25000 [3:30:34 > 08:42]
SOAP:   4%|▍         | 1001/25000 [3:31:37 > 08:43]
SOAP:   4%|▍         | 1002/25000 [3:31:28 > 08:43]
SOAP:   4%|▍         | 1003/25000 [3:31:20 > 08:44]
SOAP:   4%|▍         | 1004/25000 [3:31:07 > 08:44]
SOAP:   4%|▍         | 1005/25000 [3:30:52 > 08:45]
SOAP:   4%|▍         | 1006/25000 [3:30:52 > 08:45]
SOAP:   4%|▍         | 1007/25000 [3:30:56 > 08:46]
SOAP:   4%|▍         | 1008/25000 [3:30:56 > 08:46]
SOAP:   4%|▍         | 1009/25000 [3:30:42 > 08:47]
SOAP:   4%|▍         | 1010/25000 [3:30:43 > 08:47]
SOAP:   4%|▍         | 1011/25000 [3:30:41 > 08:48]
SOAP:   4%|▍         | 1012/25000 [3:30:47 > 08:48]
SOAP:   4%|▍         | 1013/25000 [3:30:45 > 08:49]
SOAP:   4%|▍         | 1014/25000 [3:30:44 > 08:49]
SOAP:   4%|▍         | 1015/25000 [3:30:36 > 08:50]
SOAP:   4%|▍         | 1016/25000 [3:30:45 > 08:51]
SOAP:   4%|▍         | 1017/25000 [3:30:42 > 08:51]
SOAP:   4%|▍         | 1018/25000 [3:30:21 > 08:52]
SOAP:   4%|▍         | 1019/25000 [3:29:56 > 08:52]
SOAP:   4%|▍         | 1020/25000 [3:30:04 > 08:53]
SOAP:   4%|▍         | 1021/25000 [3:30:06 > 08:53]
SOAP:   4%|▍         | 1022/25000 [3:30:09 > 08:54]
SOAP:   4%|▍         | 1023/25000 [3:30:00 > 08:54]
SOAP:   4%|▍         | 1024/25000 [3:30:07 > 08:55]
SOAP:   4%|▍         | 1025/25000 [3:30:23 > 08:55]
SOAP:   4%|▍         | 1026/25000 [3:30:22 > 08:56]
SOAP:   4%|▍         | 1027/25000 [3:30:21 > 08:56]
SOAP:   4%|▍         | 1028/25000 [3:30:25 > 08:57]
SOAP:   4%|▍         | 1029/25000 [3:30:29 > 08:57]
SOAP:   4%|▍         | 1030/25000 [3:30:35 > 08:58]
SOAP:   4%|▍         | 1031/25000 [3:30:26 > 08:58]
SOAP:   4%|▍         | 1032/25000 [3:30:23 > 08:59]
SOAP:   4%|▍         | 1033/25000 [3:30:27 > 08:59]
SOAP:   4%|▍         | 1034/25000 [3:30:25 > 09:00]
SOAP:   4%|▍         | 1035/25000 [3:30:32 > 09:01]
SOAP:   4%|▍         | 1036/25000 [3:30:19 > 09:01]
SOAP:   4%|▍         | 1037/25000 [3:30:20 > 09:02]
SOAP:   4%|▍         | 1038/25000 [3:30:27 > 09:02]
SOAP:   4%|▍         | 1039/25000 [3:30:31 > 09:03]
SOAP:   4%|▍         | 1040/25000 [3:30:23 > 09:03]
SOAP:   4%|▍         | 1041/25000 [3:30:25 > 09:04]
SOAP:   4%|▍         | 1042/25000 [3:28:37 > 09:04]
SOAP:   4%|▍         | 1043/25000 [3:30:15 > 09:05]
SOAP:   4%|▍         | 1044/25000 [3:30:20 > 09:05]
SOAP:   4%|▍         | 1045/25000 [3:30:31 > 09:06]
SOAP:   4%|▍         | 1046/25000 [3:30:28 > 09:06]
SOAP:   4%|▍         | 1047/25000 [3:30:18 > 09:07]
SOAP:   4%|▍         | 1048/25000 [3:30:17 > 09:07]
SOAP:   4%|▍         | 1049/25000 [3:30:24 > 09:08]
SOAP:   4%|▍         | 1050/25000 [3:30:15 > 09:08]
SOAP:   4%|▍         | 1051/25000 [3:30:31 > 09:09]
SOAP:   4%|▍         | 1052/25000 [3:30:38 > 09:09]
SOAP:   4%|▍         | 1053/25000 [3:30:51 > 09:10]
SOAP:   4%|▍         | 1054/25000 [3:30:39 > 09:11]
SOAP:   4%|▍         | 1055/25000 [3:30:35 > 09:11]
SOAP:   4%|▍         | 1056/25000 [3:31:22 > 09:12]
SOAP:   4%|▍         | 1057/25000 [3:30:03 > 09:12]
SOAP:   4%|▍         | 1058/25000 [3:30:03 > 09:13]
SOAP:   4%|▍         | 1059/25000 [3:30:19 > 09:13]
SOAP:   4%|▍         | 1060/25000 [3:30:13 > 09:14]
SOAP:   4%|▍         | 1061/25000 [3:30:04 > 09:14]
SOAP:   4%|▍         | 1062/25000 [3:30:06 > 09:15]
SOAP:   4%|▍         | 1063/25000 [3:30:07 > 09:15]
SOAP:   4%|▍         | 1064/25000 [3:30:11 > 09:16]
SOAP:   4%|▍         | 1065/25000 [3:30:12 > 09:16]
SOAP:   4%|▍         | 1066/25000 [3:29:59 > 09:17]
SOAP:   4%|▍         | 1067/25000 [3:29:49 > 09:17]
SOAP:   4%|▍         | 1068/25000 [3:29:24 > 09:18]
SOAP:   4%|▍         | 1069/25000 [3:29:31 > 09:18]
SOAP:   4%|▍         | 1070/25000 [3:29:40 > 09:19]
SOAP:   4%|▍         | 1071/25000 [3:29:54 > 09:19]
SOAP:   4%|▍         | 1072/25000 [3:30:01 > 09:20]
SOAP:   4%|▍         | 1073/25000 [3:30:00 > 09:21]
SOAP:   4%|▍         | 1074/25000 [3:29:59 > 09:21]
SOAP:   4%|▍         | 1075/25000 [3:29:58 > 09:22]
SOAP:   4%|▍         | 1076/25000 [3:30:03 > 09:22]
SOAP:   4%|▍         | 1077/25000 [3:29:56 > 09:23]
SOAP:   4%|▍         | 1078/25000 [3:29:56 > 09:23]
SOAP:   4%|▍         | 1079/25000 [3:30:04 > 09:24]
SOAP:   4%|▍         | 1080/25000 [3:30:09 > 09:24]
SOAP:   4%|▍         | 1081/25000 [3:30:03 > 09:25]
SOAP:   4%|▍         | 1082/25000 [3:30:01 > 09:25]
SOAP:   4%|▍         | 1083/25000 [3:30:02 > 09:26]
SOAP:   4%|▍         | 1084/25000 [3:30:12 > 09:26]
SOAP:   4%|▍         | 1085/25000 [3:30:04 > 09:27]
SOAP:   4%|▍         | 1086/25000 [3:30:03 > 09:27]
SOAP:   4%|▍         | 1087/25000 [3:30:02 > 09:28]
SOAP:   4%|▍         | 1088/25000 [3:29:59 > 09:28]
SOAP:   4%|▍         | 1089/25000 [3:29:35 > 09:29]
SOAP:   4%|▍         | 1090/25000 [3:29:15 > 09:29]
SOAP:   4%|▍         | 1091/25000 [3:29:31 > 09:30]
SOAP:   4%|▍         | 1092/25000 [3:29:42 > 09:31]
SOAP:   4%|▍         | 1093/25000 [3:29:40 > 09:31]
SOAP:   4%|▍         | 1094/25000 [3:29:43 > 09:32]
SOAP:   4%|▍         | 1095/25000 [3:29:59 > 09:32]
SOAP:   4%|▍         | 1096/25000 [3:29:51 > 09:33]
SOAP:   4%|▍         | 1097/25000 [3:29:53 > 09:33]
SOAP:   4%|▍         | 1098/25000 [3:29:53 > 09:34]
SOAP:   4%|▍         | 1099/25000 [3:29:52 > 09:34]
SOAP:   4%|▍         | 1100/25000 [3:29:59 > 09:35]
SOAP:   4%|▍         | 1101/25000 [3:30:47 > 09:35]
SOAP:   4%|▍         | 1102/25000 [3:30:20 > 09:36]
SOAP:   4%|▍         | 1103/25000 [3:29:45 > 09:36]
SOAP:   4%|▍         | 1104/25000 [3:29:40 > 09:37]
SOAP:   4%|▍         | 1105/25000 [3:29:42 > 09:37]
SOAP:   4%|▍         | 1106/25000 [3:29:45 > 09:38]
SOAP:   4%|▍         | 1107/25000 [3:29:53 > 09:38]
SOAP:   4%|▍         | 1108/25000 [3:29:44 > 09:39]
SOAP:   4%|▍         | 1109/25000 [3:29:15 > 09:40]
SOAP:   4%|▍         | 1110/25000 [3:29:51 > 09:40]
SOAP:   4%|▍         | 1111/25000 [3:29:55 > 09:41]
SOAP:   4%|▍         | 1112/25000 [3:29:23 > 09:41]
SOAP:   4%|▍         | 1113/25000 [3:29:27 > 09:42]
SOAP:   4%|▍         | 1114/25000 [3:30:19 > 09:42]
SOAP:   4%|▍         | 1115/25000 [3:29:27 > 09:43]
SOAP:   4%|▍         | 1116/25000 [3:29:28 > 09:43]
SOAP:   4%|▍         | 1117/25000 [3:29:34 > 09:44]
SOAP:   4%|▍         | 1118/25000 [3:29:39 > 09:44]
SOAP:   4%|▍         | 1119/25000 [3:28:39 > 09:45]
SOAP:   4%|▍         | 1120/25000 [3:29:36 > 09:45]
SOAP:   4%|▍         | 1121/25000 [3:29:33 > 09:46]
SOAP:   4%|▍         | 1122/25000 [3:29:31 > 09:46]
SOAP:   4%|▍         | 1123/25000 [3:29:31 > 09:47]
SOAP:   4%|▍         | 1124/25000 [3:29:40 > 09:47]
SOAP:   4%|▍         | 1125/25000 [3:29:42 > 09:48]
SOAP:   5%|▍         | 1126/25000 [3:29:39 > 09:48]
SOAP:   5%|▍         | 1127/25000 [3:29:29 > 09:49]
SOAP:   5%|▍         | 1128/25000 [3:28:28 > 09:50]
SOAP:   5%|▍         | 1129/25000 [3:28:55 > 09:50]
SOAP:   5%|▍         | 1130/25000 [3:29:07 > 09:51]
SOAP:   5%|▍         | 1131/25000 [3:29:19 > 09:51]
SOAP:   5%|▍         | 1132/25000 [3:29:29 > 09:52]
SOAP:   5%|▍         | 1133/25000 [3:29:28 > 09:52]
SOAP:   5%|▍         | 1134/25000 [3:29:22 > 09:53]
SOAP:   5%|▍         | 1135/25000 [3:29:02 > 09:53]
SOAP:   5%|▍         | 1136/25000 [3:27:57 > 09:54]
SOAP:   5%|▍         | 1137/25000 [3:28:19 > 09:54]
SOAP:   5%|▍         | 1138/25000 [3:26:49 > 09:55]
SOAP:   5%|▍         | 1139/25000 [3:28:43 > 09:55]
SOAP:   5%|▍         | 1140/25000 [3:28:58 > 09:56]
SOAP:   5%|▍         | 1141/25000 [3:29:16 > 09:56]
SOAP:   5%|▍         | 1142/25000 [3:29:17 > 09:57]
SOAP:   5%|▍         | 1143/25000 [3:29:20 > 09:57]
SOAP:   5%|▍         | 1144/25000 [3:29:24 > 09:58]
SOAP:   5%|▍         | 1145/25000 [3:29:36 > 09:58]
SOAP:   5%|▍         | 1146/25000 [3:29:30 > 09:59]
SOAP:   5%|▍         | 1147/25000 [3:29:26 > 09:59]
SOAP:   5%|▍         | 1148/25000 [3:29:27 > 10:00]
SOAP:   5%|▍         | 1149/25000 [3:29:35 > 10:01]
SOAP:   5%|▍         | 1150/25000 [3:29:24 > 10:01]
SOAP:   5%|▍         | 1151/25000 [3:29:24 > 10:02]
SOAP:   5%|▍         | 1152/25000 [3:29:22 > 10:02]
SOAP:   5%|▍         | 1153/25000 [3:28:33 > 10:03]
SOAP:   5%|▍         | 1154/25000 [3:29:28 > 10:03]
SOAP:   5%|▍         | 1155/25000 [3:29:26 > 10:04]
SOAP:   5%|▍         | 1156/25000 [3:29:21 > 10:04]
SOAP:   5%|▍         | 1157/25000 [3:29:12 > 10:05]
SOAP:   5%|▍         | 1158/25000 [3:29:26 > 10:05]
SOAP:   5%|▍         | 1159/25000 [3:29:31 > 10:06]
SOAP:   5%|▍         | 1160/25000 [3:29:19 > 10:06]
SOAP:   5%|▍         | 1161/25000 [3:29:17 > 10:07]
SOAP:   5%|▍         | 1162/25000 [3:29:20 > 10:07]
SOAP:   5%|▍         | 1163/25000 [3:29:30 > 10:08]
SOAP:   5%|▍         | 1164/25000 [3:29:19 > 10:08]
SOAP:   5%|▍         | 1165/25000 [3:29:14 > 10:09]
SOAP:   5%|▍         | 1166/25000 [3:28:41 > 10:10]
SOAP:   5%|▍         | 1167/25000 [3:28:49 > 10:10]
SOAP:   5%|▍         | 1168/25000 [3:28:58 > 10:11]
SOAP:   5%|▍         | 1169/25000 [3:29:01 > 10:11]
SOAP:   5%|▍         | 1170/25000 [3:29:15 > 10:12]
SOAP:   5%|▍         | 1171/25000 [3:29:14 > 10:12]
SOAP:   5%|▍         | 1172/25000 [3:29:11 > 10:13]
SOAP:   5%|▍         | 1173/25000 [3:29:30 > 10:13]
SOAP:   5%|▍         | 1174/25000 [3:29:17 > 10:14]
SOAP:   5%|▍         | 1175/25000 [3:29:13 > 10:14]
SOAP:   5%|▍         | 1176/25000 [3:29:10 > 10:15]
SOAP:   5%|▍         | 1177/25000 [3:29:14 > 10:15]
SOAP:   5%|▍         | 1178/25000 [3:29:19 > 10:16]
SOAP:   5%|▍         | 1179/25000 [3:29:10 > 10:16]
SOAP:   5%|▍         | 1180/25000 [3:28:58 > 10:17]
SOAP:   5%|▍         | 1181/25000 [3:29:04 > 10:17]
SOAP:   5%|▍         | 1182/25000 [3:29:54 > 10:18]
SOAP:   5%|▍         | 1183/25000 [3:29:53 > 10:18]
SOAP:   5%|▍         | 1184/25000 [3:29:27 > 10:19]
SOAP:   5%|▍         | 1185/25000 [3:29:28 > 10:20]
SOAP:   5%|▍         | 1186/25000 [3:29:22 > 10:20]
SOAP:   5%|▍         | 1187/25000 [3:29:00 > 10:21]
SOAP:   5%|▍         | 1188/25000 [3:28:31 > 10:21]
SOAP:   5%|▍         | 1189/25000 [3:28:43 > 10:22]
SOAP:   5%|▍         | 1190/25000 [3:28:55 > 10:22]
SOAP:   5%|▍         | 1191/25000 [3:28:52 > 10:23]
SOAP:   5%|▍         | 1192/25000 [3:28:54 > 10:23]
SOAP:   5%|▍         | 1193/25000 [3:29:06 > 10:24]
SOAP:   5%|▍         | 1194/25000 [3:29:08 > 10:24]
SOAP:   5%|▍         | 1195/25000 [3:29:00 > 10:25]
SOAP:   5%|▍         | 1196/25000 [3:27:59 > 10:25]
SOAP:   5%|▍         | 1197/25000 [3:28:47 > 10:26]
SOAP:   5%|▍         | 1198/25000 [3:29:05 > 10:26]
SOAP:   5%|▍         | 1199/25000 [3:29:03 > 10:27]
SOAP:   5%|▍         | 1200/25000 [3:28:54 > 10:27]
SOAP:   5%|▍         | 1201/25000 [3:29:43 > 10:28]
SOAP:   5%|▍         | 1202/25000 [3:29:26 > 10:28]
SOAP:   5%|▍         | 1203/25000 [3:29:10 > 10:29]
SOAP:   5%|▍         | 1204/25000 [3:29:04 > 10:30]
SOAP:   5%|▍         | 1205/25000 [3:29:04 > 10:30]
SOAP:   5%|▍         | 1206/25000 [3:29:02 > 10:31]
SOAP:   5%|▍         | 1207/25000 [3:28:56 > 10:31]
SOAP:   5%|▍         | 1208/25000 [3:28:54 > 10:32]
SOAP:   5%|▍         | 1209/25000 [3:28:49 > 10:32]
SOAP:   5%|▍         | 1210/25000 [3:28:14 > 10:33]
SOAP:   5%|▍         | 1211/25000 [3:28:36 > 10:33]
SOAP:   5%|▍         | 1212/25000 [3:28:45 > 10:34]
SOAP:   5%|▍         | 1213/25000 [3:28:30 > 10:34]
SOAP:   5%|▍         | 1214/25000 [3:27:54 > 10:35]
SOAP:   5%|▍         | 1215/25000 [3:25:53 > 10:35]
SOAP:   5%|▍         | 1216/25000 [3:27:44 > 10:36]
SOAP:   5%|▍         | 1217/25000 [3:27:19 > 10:36]
SOAP:   5%|▍         | 1218/25000 [3:27:05 > 10:37]
SOAP:   5%|▍         | 1219/25000 [3:27:02 > 10:37]
SOAP:   5%|▍         | 1220/25000 [3:26:51 > 10:38]
SOAP:   5%|▍         | 1221/25000 [3:26:46 > 10:38]
SOAP:   5%|▍         | 1222/25000 [3:26:47 > 10:39]
SOAP:   5%|▍         | 1223/25000 [3:27:10 > 10:39]
SOAP:   5%|▍         | 1224/25000 [3:26:59 > 10:40]
SOAP:   5%|▍         | 1225/25000 [3:26:41 > 10:41]
SOAP:   5%|▍         | 1226/25000 [3:24:51 > 10:41]
SOAP:   5%|▍         | 1227/25000 [3:27:05 > 10:42]
SOAP:   5%|▍         | 1228/25000 [3:27:25 > 10:42]
SOAP:   5%|▍         | 1229/25000 [3:25:35 > 10:43]
SOAP:   5%|▍         | 1230/25000 [3:25:49 > 10:43]
SOAP:   5%|▍         | 1231/25000 [3:27:33 > 10:44]
SOAP:   5%|▍         | 1232/25000 [3:27:14 > 10:44]
SOAP:   5%|▍         | 1233/25000 [3:27:14 > 10:45]
SOAP:   5%|▍         | 1234/25000 [3:27:29 > 10:45]
SOAP:   5%|▍         | 1235/25000 [3:27:17 > 10:46]
SOAP:   5%|▍         | 1236/25000 [3:26:55 > 10:46]
SOAP:   5%|▍         | 1237/25000 [3:26:47 > 10:47]
SOAP:   5%|▍         | 1238/25000 [3:26:37 > 10:47]
SOAP:   5%|▍         | 1239/25000 [3:26:47 > 10:48]
SOAP:   5%|▍         | 1240/25000 [3:27:12 > 10:48]
SOAP:   5%|▍         | 1241/25000 [3:26:52 > 10:49]
SOAP:   5%|▍         | 1242/25000 [3:26:25 > 10:49]
SOAP:   5%|▍         | 1243/25000 [3:26:35 > 10:50]
SOAP:   5%|▍         | 1244/25000 [3:26:36 > 10:50]
SOAP:   5%|▍         | 1245/25000 [3:26:23 > 10:51]
SOAP:   5%|▍         | 1246/25000 [3:26:25 > 10:51]
SOAP:   5%|▍         | 1247/25000 [3:26:28 > 10:52]
SOAP:   5%|▍         | 1248/25000 [3:26:22 > 10:53]
SOAP:   5%|▍         | 1249/25000 [3:26:20 > 10:53]
SOAP:   5%|▌         | 1250/25000 [3:26:20 > 10:54]
SOAP:   5%|▌         | 1251/25000 [3:26:17 > 10:54]
SOAP:   5%|▌         | 1252/25000 [3:26:20 > 10:55]
SOAP:   5%|▌         | 1253/25000 [3:26:17 > 10:55]
SOAP:   5%|▌         | 1254/25000 [3:26:14 > 10:56]
SOAP:   5%|▌         | 1255/25000 [3:26:22 > 10:56]
SOAP:   5%|▌         | 1256/25000 [3:26:20 > 10:57]
SOAP:   5%|▌         | 1257/25000 [3:26:18 > 10:57]
SOAP:   5%|▌         | 1258/25000 [3:26:21 > 10:58]
SOAP:   5%|▌         | 1259/25000 [3:26:04 > 10:58]
SOAP:   5%|▌         | 1260/25000 [3:26:08 > 10:59]
SOAP:   5%|▌         | 1261/25000 [3:26:06 > 10:59]
SOAP:   5%|▌         | 1262/25000 [3:26:12 > 11:00]
SOAP:   5%|▌         | 1263/25000 [3:26:14 > 11:00]
SOAP:   5%|▌         | 1264/25000 [3:26:13 > 11:01]
SOAP:   5%|▌         | 1265/25000 [3:26:09 > 11:01]
SOAP:   5%|▌         | 1266/25000 [3:26:16 > 11:02]
SOAP:   5%|▌         | 1267/25000 [3:26:11 > 11:02]
SOAP:   5%|▌         | 1268/25000 [3:26:13 > 11:03]
SOAP:   5%|▌         | 1269/25000 [3:26:14 > 11:03]
SOAP:   5%|▌         | 1270/25000 [3:26:21 > 11:04]
SOAP:   5%|▌         | 1271/25000 [3:24:50 > 11:05]
SOAP:   5%|▌         | 1272/25000 [3:25:07 > 11:05]
SOAP:   5%|▌         | 1273/25000 [3:27:10 > 11:06]
SOAP:   5%|▌         | 1274/25000 [3:26:48 > 11:06]
SOAP:   5%|▌         | 1275/25000 [3:26:43 > 11:07]
SOAP:   5%|▌         | 1276/25000 [3:26:29 > 11:07]
SOAP:   5%|▌         | 1277/25000 [3:26:08 > 11:08]
SOAP:   5%|▌         | 1278/25000 [3:26:08 > 11:08]
SOAP:   5%|▌         | 1279/25000 [3:25:57 > 11:09]
SOAP:   5%|▌         | 1280/25000 [3:25:58 > 11:09]
SOAP:   5%|▌         | 1281/25000 [3:25:52 > 11:10]
SOAP:   5%|▌         | 1282/25000 [3:26:00 > 11:10]
SOAP:   5%|▌         | 1283/25000 [3:25:58 > 11:11]
SOAP:   5%|▌         | 1284/25000 [3:26:06 > 11:11]
SOAP:   5%|▌         | 1285/25000 [3:25:57 > 11:12]
SOAP:   5%|▌         | 1286/25000 [3:26:05 > 11:12]
SOAP:   5%|▌         | 1287/25000 [3:25:56 > 11:13]
SOAP:   5%|▌         | 1288/25000 [3:25:56 > 11:13]
SOAP:   5%|▌         | 1289/25000 [3:25:52 > 11:14]
SOAP:   5%|▌         | 1290/25000 [3:25:29 > 11:14]
SOAP:   5%|▌         | 1291/25000 [3:26:13 > 11:15]
SOAP:   5%|▌         | 1292/25000 [3:26:08 > 11:15]
SOAP:   5%|▌         | 1293/25000 [3:26:07 > 11:16]
SOAP:   5%|▌         | 1294/25000 [3:26:13 > 11:17]
SOAP:   5%|▌         | 1295/25000 [3:25:59 > 11:17]
SOAP:   5%|▌         | 1296/25000 [3:26:02 > 11:18]
SOAP:   5%|▌         | 1297/25000 [3:26:28 > 11:18]
SOAP:   5%|▌         | 1298/25000 [3:26:21 > 11:19]
SOAP:   5%|▌         | 1299/25000 [3:26:11 > 11:19]
SOAP:   5%|▌         | 1300/25000 [3:24:23 > 11:20]
SOAP:   5%|▌         | 1301/25000 [3:28:26 > 11:20]
SOAP:   5%|▌         | 1302/25000 [3:26:35 > 11:21]
SOAP:   5%|▌         | 1303/25000 [3:26:36 > 11:21]
SOAP:   5%|▌         | 1304/25000 [3:26:45 > 11:22]
SOAP:   5%|▌         | 1305/25000 [3:26:34 > 11:22]
SOAP:   5%|▌         | 1306/25000 [3:26:17 > 11:23]
SOAP:   5%|▌         | 1307/25000 [3:26:13 > 11:23]
SOAP:   5%|▌         | 1308/25000 [3:25:55 > 11:24]
SOAP:   5%|▌         | 1309/25000 [3:25:53 > 11:24]
SOAP:   5%|▌         | 1310/25000 [3:26:06 > 11:25]
SOAP:   5%|▌         | 1311/25000 [3:26:33 > 11:25]
SOAP:   5%|▌         | 1312/25000 [3:24:47 > 11:26]
SOAP:   5%|▌         | 1313/25000 [3:26:35 > 11:26]
SOAP:   5%|▌         | 1314/25000 [3:26:22 > 11:27]
SOAP:   5%|▌         | 1315/25000 [3:26:14 > 11:27]
SOAP:   5%|▌         | 1316/25000 [3:25:55 > 11:28]
SOAP:   5%|▌         | 1317/25000 [3:25:51 > 11:29]
SOAP:   5%|▌         | 1318/25000 [3:25:47 > 11:29]
SOAP:   5%|▌         | 1319/25000 [3:25:46 > 11:30]
SOAP:   5%|▌         | 1320/25000 [3:25:39 > 11:30]
SOAP:   5%|▌         | 1321/25000 [3:25:31 > 11:31]
SOAP:   5%|▌         | 1322/25000 [3:25:41 > 11:31]
SOAP:   5%|▌         | 1323/25000 [3:25:40 > 11:32]
SOAP:   5%|▌         | 1324/25000 [3:25:33 > 11:32]
SOAP:   5%|▌         | 1325/25000 [3:25:34 > 11:33]
SOAP:   5%|▌         | 1326/25000 [3:25:34 > 11:33]
SOAP:   5%|▌         | 1327/25000 [3:25:38 > 11:34]
SOAP:   5%|▌         | 1328/25000 [3:25:36 > 11:34]
SOAP:   5%|▌         | 1329/25000 [3:25:33 > 11:35]
SOAP:   5%|▌         | 1330/25000 [3:25:37 > 11:35]
SOAP:   5%|▌         | 1331/25000 [3:25:34 > 11:36]
SOAP:   5%|▌         | 1332/25000 [3:25:29 > 11:36]
SOAP:   5%|▌         | 1333/25000 [3:25:32 > 11:37]
SOAP:   5%|▌         | 1334/25000 [3:25:28 > 11:37]
SOAP:   5%|▌         | 1335/25000 [3:25:36 > 11:38]
SOAP:   5%|▌         | 1336/25000 [3:26:00 > 11:38]
SOAP:   5%|▌         | 1337/25000 [3:25:59 > 11:39]
SOAP:   5%|▌         | 1338/25000 [3:26:23 > 11:39]
SOAP:   5%|▌         | 1339/25000 [3:26:09 > 11:40]
SOAP:   5%|▌         | 1340/25000 [3:25:53 > 11:41]
SOAP:   5%|▌         | 1341/25000 [3:25:46 > 11:41]
SOAP:   5%|▌         | 1342/25000 [3:25:38 > 11:42]
SOAP:   5%|▌         | 1343/25000 [3:25:36 > 11:42]
SOAP:   5%|▌         | 1344/25000 [3:25:40 > 11:43]
SOAP:   5%|▌         | 1345/25000 [3:25:40 > 11:43]
SOAP:   5%|▌         | 1346/25000 [3:25:29 > 11:44]
SOAP:   5%|▌         | 1347/25000 [3:25:32 > 11:44]
SOAP:   5%|▌         | 1348/25000 [3:25:46 > 11:45]
SOAP:   5%|▌         | 1349/25000 [3:26:07 > 11:45]
SOAP:   5%|▌         | 1350/25000 [3:25:54 > 11:46]
SOAP:   5%|▌         | 1351/25000 [3:25:45 > 11:46]
SOAP:   5%|▌         | 1352/25000 [3:25:50 > 11:47]
SOAP:   5%|▌         | 1353/25000 [3:25:32 > 11:47]
SOAP:   5%|▌         | 1354/25000 [3:25:23 > 11:48]
SOAP:   5%|▌         | 1355/25000 [3:25:23 > 11:48]
SOAP:   5%|▌         | 1356/25000 [3:23:47 > 11:49]
SOAP:   5%|▌         | 1357/25000 [3:25:49 > 11:49]
SOAP:   5%|▌         | 1358/25000 [3:25:38 > 11:50]
SOAP:   5%|▌         | 1359/25000 [3:25:27 > 11:50]
SOAP:   5%|▌         | 1360/25000 [3:25:24 > 11:51]
SOAP:   5%|▌         | 1361/25000 [3:25:23 > 11:51]
SOAP:   5%|▌         | 1362/25000 [3:25:22 > 11:52]
SOAP:   5%|▌         | 1363/25000 [3:25:19 > 11:53]
SOAP:   5%|▌         | 1364/25000 [3:25:19 > 11:53]
SOAP:   5%|▌         | 1365/25000 [3:25:13 > 11:54]
SOAP:   5%|▌         | 1366/25000 [3:25:17 > 11:54]
SOAP:   5%|▌         | 1367/25000 [3:25:27 > 11:55]
SOAP:   5%|▌         | 1368/25000 [3:25:49 > 11:55]
SOAP:   5%|▌         | 1369/25000 [3:25:36 > 11:56]
SOAP:   5%|▌         | 1370/25000 [3:25:34 > 11:56]
SOAP:   5%|▌         | 1371/25000 [3:25:35 > 11:57]
SOAP:   5%|▌         | 1372/25000 [3:25:52 > 11:57]
SOAP:   5%|▌         | 1373/25000 [3:25:40 > 11:58]
SOAP:   5%|▌         | 1374/25000 [3:25:34 > 11:58]
SOAP:   6%|▌         | 1375/25000 [3:25:18 > 11:59]
SOAP:   6%|▌         | 1376/25000 [3:25:35 > 11:59]
SOAP:   6%|▌         | 1377/25000 [3:25:13 > 12:00]
SOAP:   6%|▌         | 1378/25000 [3:25:17 > 12:00]
SOAP:   6%|▌         | 1379/25000 [3:23:31 > 12:01]
SOAP:   6%|▌         | 1380/25000 [3:25:44 > 12:01]
SOAP:   6%|▌         | 1381/25000 [3:25:35 > 12:02]
SOAP:   6%|▌         | 1382/25000 [3:25:29 > 12:02]
SOAP:   6%|▌         | 1383/25000 [3:25:20 > 12:03]
SOAP:   6%|▌         | 1384/25000 [3:25:23 > 12:03]
SOAP:   6%|▌         | 1385/25000 [3:25:17 > 12:04]
SOAP:   6%|▌         | 1386/25000 [3:25:15 > 12:05]
SOAP:   6%|▌         | 1387/25000 [3:25:08 > 12:05]
SOAP:   6%|▌         | 1388/25000 [3:25:09 > 12:06]
SOAP:   6%|▌         | 1389/25000 [3:25:11 > 12:06]
SOAP:   6%|▌         | 1390/25000 [3:25:07 > 12:07]
SOAP:   6%|▌         | 1391/25000 [3:24:57 > 12:07]
SOAP:   6%|▌         | 1392/25000 [3:25:01 > 12:08]
SOAP:   6%|▌         | 1393/25000 [3:25:05 > 12:08]
SOAP:   6%|▌         | 1394/25000 [3:24:53 > 12:09]
SOAP:   6%|▌         | 1395/25000 [3:25:00 > 12:09]
SOAP:   6%|▌         | 1396/25000 [3:24:58 > 12:10]
SOAP:   6%|▌         | 1397/25000 [3:25:02 > 12:10]
SOAP:   6%|▌         | 1398/25000 [3:24:58 > 12:11]
SOAP:   6%|▌         | 1399/25000 [3:25:07 > 12:11]
SOAP:   6%|▌         | 1400/25000 [3:23:45 > 12:12]
SOAP:   6%|▌         | 1401/25000 [3:27:23 > 12:12]
SOAP:   6%|▌         | 1402/25000 [3:25:42 > 12:13]
SOAP:   6%|▌         | 1403/25000 [3:25:28 > 12:13]
SOAP:   6%|▌         | 1404/25000 [3:25:21 > 12:14]
SOAP:   6%|▌         | 1405/25000 [3:25:16 > 12:14]
SOAP:   6%|▌         | 1406/25000 [3:25:04 > 12:15]
SOAP:   6%|▌         | 1407/25000 [3:25:03 > 12:15]
SOAP:   6%|▌         | 1408/25000 [3:24:54 > 12:16]
SOAP:   6%|▌         | 1409/25000 [3:23:02 > 12:16]
SOAP:   6%|▌         | 1410/25000 [3:25:26 > 12:17]
SOAP:   6%|▌         | 1411/25000 [3:25:40 > 12:18]
SOAP:   6%|▌         | 1412/25000 [3:25:21 > 12:18]
SOAP:   6%|▌         | 1413/25000 [3:25:15 > 12:19]
SOAP:   6%|▌         | 1414/25000 [3:24:58 > 12:19]
SOAP:   6%|▌         | 1415/25000 [3:24:54 > 12:20]
SOAP:   6%|▌         | 1416/25000 [3:24:59 > 12:20]
SOAP:   6%|▌         | 1417/25000 [3:25:12 > 12:21]
SOAP:   6%|▌         | 1418/25000 [3:25:27 > 12:21]
SOAP:   6%|▌         | 1419/25000 [3:25:07 > 12:22]
SOAP:   6%|▌         | 1420/25000 [3:25:09 > 12:22]
SOAP:   6%|▌         | 1421/25000 [3:24:53 > 12:23]
SOAP:   6%|▌         | 1422/25000 [3:24:46 > 12:23]
SOAP:   6%|▌         | 1423/25000 [3:24:49 > 12:24]
SOAP:   6%|▌         | 1424/25000 [3:24:49 > 12:24]
SOAP:   6%|▌         | 1425/25000 [3:24:43 > 12:25]
SOAP:   6%|▌         | 1426/25000 [3:24:37 > 12:25]
SOAP:   6%|▌         | 1427/25000 [3:24:33 > 12:26]
SOAP:   6%|▌         | 1428/25000 [3:24:32 > 12:26]
SOAP:   6%|▌         | 1429/25000 [3:24:34 > 12:27]
SOAP:   6%|▌         | 1430/25000 [3:24:33 > 12:27]
SOAP:   6%|▌         | 1431/25000 [3:24:31 > 12:28]
SOAP:   6%|▌         | 1432/25000 [3:24:33 > 12:28]
SOAP:   6%|▌         | 1433/25000 [3:24:37 > 12:29]
SOAP:   6%|▌         | 1434/25000 [3:24:38 > 12:30]
SOAP:   6%|▌         | 1435/25000 [3:22:56 > 12:30]
SOAP:   6%|▌         | 1436/25000 [3:25:06 > 12:31]
SOAP:   6%|▌         | 1437/25000 [3:25:02 > 12:31]
SOAP:   6%|▌         | 1438/25000 [3:24:45 > 12:32]
SOAP:   6%|▌         | 1439/25000 [3:24:50 > 12:32]
SOAP:   6%|▌         | 1440/25000 [3:24:33 > 12:33]
SOAP:   6%|▌         | 1441/25000 [3:24:40 > 12:33]
SOAP:   6%|▌         | 1442/25000 [3:24:31 > 12:34]
SOAP:   6%|▌         | 1443/25000 [3:24:26 > 12:34]
SOAP:   6%|▌         | 1444/25000 [3:24:36 > 12:35]
SOAP:   6%|▌         | 1445/25000 [3:24:36 > 12:35]
SOAP:   6%|▌         | 1446/25000 [3:24:31 > 12:36]
SOAP:   6%|▌         | 1447/25000 [3:24:31 > 12:36]
SOAP:   6%|▌         | 1448/25000 [3:24:11 > 12:37]
SOAP:   6%|▌         | 1449/25000 [3:24:26 > 12:37]
SOAP:   6%|▌         | 1450/25000 [3:24:30 > 12:38]
SOAP:   6%|▌         | 1451/25000 [3:24:28 > 12:38]
SOAP:   6%|▌         | 1452/25000 [3:24:25 > 12:39]
SOAP:   6%|▌         | 1453/25000 [3:24:28 > 12:39]
SOAP:   6%|▌         | 1454/25000 [3:24:45 > 12:40]
SOAP:   6%|▌         | 1455/25000 [3:25:03 > 12:40]
SOAP:   6%|▌         | 1456/25000 [3:23:16 > 12:41]
SOAP:   6%|▌         | 1457/25000 [3:25:12 > 12:42]
SOAP:   6%|▌         | 1458/25000 [3:24:54 > 12:42]
SOAP:   6%|▌         | 1459/25000 [3:23:15 > 12:43]
SOAP:   6%|▌         | 1460/25000 [3:25:09 > 12:43]
SOAP:   6%|▌         | 1461/25000 [3:24:56 > 12:44]
SOAP:   6%|▌         | 1462/25000 [3:24:41 > 12:44]
SOAP:   6%|▌         | 1463/25000 [3:24:42 > 12:45]
SOAP:   6%|▌         | 1464/25000 [3:24:36 > 12:45]
SOAP:   6%|▌         | 1465/25000 [3:24:31 > 12:46]
SOAP:   6%|▌         | 1466/25000 [3:24:23 > 12:46]
SOAP:   6%|▌         | 1467/25000 [3:24:19 > 12:47]
SOAP:   6%|▌         | 1468/25000 [3:24:26 > 12:47]
SOAP:   6%|▌         | 1469/25000 [3:24:24 > 12:48]
SOAP:   6%|▌         | 1470/25000 [3:24:32 > 12:48]
SOAP:   6%|▌         | 1471/25000 [3:24:23 > 12:49]
SOAP:   6%|▌         | 1472/25000 [3:24:25 > 12:49]
SOAP:   6%|▌         | 1473/25000 [3:24:24 > 12:50]
SOAP:   6%|▌         | 1474/25000 [3:24:20 > 12:50]
SOAP:   6%|▌         | 1475/25000 [3:24:16 > 12:51]
SOAP:   6%|▌         | 1476/25000 [3:24:17 > 12:51]
SOAP:   6%|▌         | 1477/25000 [3:24:04 > 12:52]
SOAP:   6%|▌         | 1478/25000 [3:24:05 > 12:52]
SOAP:   6%|▌         | 1479/25000 [3:24:06 > 12:53]
SOAP:   6%|▌         | 1480/25000 [3:24:05 > 12:53]
SOAP:   6%|▌         | 1481/25000 [3:24:10 > 12:54]
SOAP:   6%|▌         | 1482/25000 [3:24:11 > 12:55]
SOAP:   6%|▌         | 1483/25000 [3:24:09 > 12:55]
SOAP:   6%|▌         | 1484/25000 [3:24:02 > 12:56]
SOAP:   6%|▌         | 1485/25000 [3:24:03 > 12:56]
SOAP:   6%|▌         | 1486/25000 [3:23:54 > 12:57]
SOAP:   6%|▌         | 1487/25000 [3:24:04 > 12:57]
SOAP:   6%|▌         | 1488/25000 [3:24:05 > 12:58]
SOAP:   6%|▌         | 1489/25000 [3:24:12 > 12:58]
SOAP:   6%|▌         | 1490/25000 [3:24:11 > 12:59]
SOAP:   6%|▌         | 1491/25000 [3:24:14 > 12:59]
SOAP:   6%|▌         | 1492/25000 [3:24:17 > 13:00]
SOAP:   6%|▌         | 1493/25000 [3:24:14 > 13:00]
SOAP:   6%|▌         | 1494/25000 [3:24:15 > 13:01]
SOAP:   6%|▌         | 1495/25000 [3:24:18 > 13:01]
SOAP:   6%|▌         | 1496/25000 [3:24:10 > 13:02]
SOAP:   6%|▌         | 1497/25000 [3:24:03 > 13:02]
SOAP:   6%|▌         | 1498/25000 [3:24:04 > 13:03]
SOAP:   6%|▌         | 1499/25000 [3:24:09 > 13:03]
SOAP:   6%|▌         | 1500/25000 [3:24:10 > 13:04]
SOAP:   6%|▌         | 1501/25000 [3:26:06 > 13:04]
SOAP:   6%|▌         | 1502/25000 [3:24:33 > 13:05]
SOAP:   6%|▌         | 1503/25000 [3:24:27 > 13:05]
SOAP:   6%|▌         | 1504/25000 [3:24:24 > 13:06]
SOAP:   6%|▌         | 1505/25000 [3:24:15 > 13:07]
SOAP:   6%|▌         | 1506/25000 [3:22:39 > 13:07]
SOAP:   6%|▌         | 1507/25000 [3:24:39 > 13:08]
SOAP:   6%|▌         | 1508/25000 [3:24:23 > 13:08]
SOAP:   6%|▌         | 1509/25000 [3:24:17 > 13:09]
SOAP:   6%|▌         | 1510/25000 [3:24:21 > 13:09]
SOAP:   6%|▌         | 1511/25000 [3:24:07 > 13:10]
SOAP:   6%|▌         | 1512/25000 [3:24:08 > 13:10]
SOAP:   6%|▌         | 1513/25000 [3:23:57 > 13:11]
SOAP:   6%|▌         | 1514/25000 [3:24:05 > 13:11]
SOAP:   6%|▌         | 1515/25000 [3:24:03 > 13:12]
SOAP:   6%|▌         | 1516/25000 [3:23:47 > 13:12]
SOAP:   6%|▌         | 1517/25000 [3:22:31 > 13:13]
SOAP:   6%|▌         | 1518/25000 [3:24:38 > 13:13]
SOAP:   6%|▌         | 1519/25000 [3:24:17 > 13:14]
SOAP:   6%|▌         | 1520/25000 [3:24:11 > 13:14]
SOAP:   6%|▌         | 1521/25000 [3:24:03 > 13:15]
SOAP:   6%|▌         | 1522/25000 [3:24:19 > 13:15]
SOAP:   6%|▌         | 1523/25000 [3:24:27 > 13:16]
SOAP:   6%|▌         | 1524/25000 [3:24:16 > 13:16]
SOAP:   6%|▌         | 1525/25000 [3:24:07 > 13:17]
SOAP:   6%|▌         | 1526/25000 [3:24:21 > 13:17]
SOAP:   6%|▌         | 1527/25000 [3:24:30 > 13:18]
SOAP:   6%|▌         | 1528/25000 [3:24:19 > 13:19]
SOAP:   6%|▌         | 1529/25000 [3:24:06 > 13:19]
SOAP:   6%|▌         | 1530/25000 [3:24:04 > 13:20]
SOAP:   6%|▌         | 1531/25000 [3:24:04 > 13:20]
SOAP:   6%|▌         | 1532/25000 [3:24:00 > 13:21]
SOAP:   6%|▌         | 1533/25000 [3:23:55 > 13:21]
SOAP:   6%|▌         | 1534/25000 [3:23:55 > 13:22]
SOAP:   6%|▌         | 1535/25000 [3:23:54 > 13:22]
SOAP:   6%|▌         | 1536/25000 [3:23:46 > 13:23]
SOAP:   6%|▌         | 1537/25000 [3:23:47 > 13:23]
SOAP:   6%|▌         | 1538/25000 [3:23:49 > 13:24]
SOAP:   6%|▌         | 1539/25000 [3:23:40 > 13:24]
SOAP:   6%|▌         | 1540/25000 [3:23:35 > 13:25]
SOAP:   6%|▌         | 1541/25000 [3:23:37 > 13:25]
SOAP:   6%|▌         | 1542/25000 [3:23:33 > 13:26]
SOAP:   6%|▌         | 1543/25000 [3:23:38 > 13:26]
SOAP:   6%|▌         | 1544/25000 [3:23:36 > 13:27]
SOAP:   6%|▌         | 1545/25000 [3:23:42 > 13:27]
SOAP:   6%|▌         | 1546/25000 [3:23:37 > 13:28]
SOAP:   6%|▌         | 1547/25000 [3:23:32 > 13:28]
SOAP:   6%|▌         | 1548/25000 [3:23:31 > 13:29]
SOAP:   6%|▌         | 1549/25000 [3:23:32 > 13:29]
SOAP:   6%|▌         | 1550/25000 [3:23:34 > 13:30]
SOAP:   6%|▌         | 1551/25000 [3:23:35 > 13:31]
SOAP:   6%|▌         | 1552/25000 [3:23:33 > 13:31]
SOAP:   6%|▌         | 1553/25000 [3:23:34 > 13:32]
SOAP:   6%|▌         | 1554/25000 [3:23:39 > 13:32]
SOAP:   6%|▌         | 1555/25000 [3:23:37 > 13:33]
SOAP:   6%|▌         | 1556/25000 [3:23:41 > 13:33]
SOAP:   6%|▌         | 1557/25000 [3:23:37 > 13:34]
SOAP:   6%|▌         | 1558/25000 [3:23:36 > 13:34]
SOAP:   6%|▌         | 1559/25000 [3:23:14 > 13:35]
SOAP:   6%|▌         | 1560/25000 [3:23:27 > 13:35]
SOAP:   6%|▌         | 1561/25000 [3:21:46 > 13:36]
SOAP:   6%|▌         | 1562/25000 [3:23:56 > 13:36]
SOAP:   6%|▋         | 1563/25000 [3:23:58 > 13:37]
SOAP:   6%|▋         | 1564/25000 [3:22:50 > 13:37]
SOAP:   6%|▋         | 1565/25000 [3:24:35 > 13:38]
SOAP:   6%|▋         | 1566/25000 [3:24:10 > 13:38]
SOAP:   6%|▋         | 1567/25000 [3:24:26 > 13:39]
SOAP:   6%|▋         | 1568/25000 [3:24:39 > 13:39]
SOAP:   6%|▋         | 1569/25000 [3:24:37 > 13:40]
SOAP:   6%|▋         | 1570/25000 [3:24:14 > 13:40]
SOAP:   6%|▋         | 1571/25000 [3:22:31 > 13:41]
SOAP:   6%|▋         | 1572/25000 [3:24:15 > 13:41]
SOAP:   6%|▋         | 1573/25000 [3:23:56 > 13:42]
SOAP:   6%|▋         | 1574/25000 [3:23:59 > 13:43]
SOAP:   6%|▋         | 1575/25000 [3:23:52 > 13:43]
SOAP:   6%|▋         | 1576/25000 [3:23:42 > 13:44]
SOAP:   6%|▋         | 1577/25000 [3:23:37 > 13:44]
SOAP:   6%|▋         | 1578/25000 [3:23:26 > 13:45]
SOAP:   6%|▋         | 1579/25000 [3:23:24 > 13:45]
SOAP:   6%|▋         | 1580/25000 [3:23:21 > 13:46]
SOAP:   6%|▋         | 1581/25000 [3:23:24 > 13:46]
SOAP:   6%|▋         | 1582/25000 [3:23:19 > 13:47]
SOAP:   6%|▋         | 1583/25000 [3:23:22 > 13:47]
SOAP:   6%|▋         | 1584/25000 [3:23:19 > 13:48]
SOAP:   6%|▋         | 1585/25000 [3:21:49 > 13:48]
SOAP:   6%|▋         | 1586/25000 [3:23:49 > 13:49]
SOAP:   6%|▋         | 1587/25000 [3:23:41 > 13:49]
SOAP:   6%|▋         | 1588/25000 [3:23:35 > 13:50]
SOAP:   6%|▋         | 1589/25000 [3:23:34 > 13:50]
SOAP:   6%|▋         | 1590/25000 [3:23:31 > 13:51]
SOAP:   6%|▋         | 1591/25000 [3:23:26 > 13:51]
SOAP:   6%|▋         | 1592/25000 [3:23:23 > 13:52]
SOAP:   6%|▋         | 1593/25000 [3:21:46 > 13:52]
SOAP:   6%|▋         | 1594/25000 [3:23:52 > 13:53]
SOAP:   6%|▋         | 1595/25000 [3:23:38 > 13:53]
SOAP:   6%|▋         | 1596/25000 [3:23:17 > 13:54]
SOAP:   6%|▋         | 1597/25000 [3:23:22 > 13:54]
SOAP:   6%|▋         | 1598/25000 [3:23:16 > 13:55]
SOAP:   6%|▋         | 1599/25000 [3:23:21 > 13:56]
SOAP:   6%|▋         | 1600/25000 [3:23:16 > 13:56]
SOAP:   6%|▋         | 1601/25000 [3:24:29 > 13:57]
SOAP:   6%|▋         | 1602/25000 [3:24:38 > 13:57]
SOAP:   6%|▋         | 1603/25000 [3:23:01 > 13:58]
SOAP:   6%|▋         | 1604/25000 [3:24:12 > 13:58]
SOAP:   6%|▋         | 1605/25000 [3:23:52 > 13:59]
SOAP:   6%|▋         | 1606/25000 [3:23:38 > 13:59]
SOAP:   6%|▋         | 1607/25000 [3:23:32 > 14:00]
SOAP:   6%|▋         | 1608/25000 [3:23:21 > 14:00]
SOAP:   6%|▋         | 1609/25000 [3:23:22 > 14:01]
SOAP:   6%|▋         | 1610/25000 [3:23:15 > 14:01]
SOAP:   6%|▋         | 1611/25000 [3:23:09 > 14:02]
SOAP:   6%|▋         | 1612/25000 [3:23:12 > 14:02]
SOAP:   6%|▋         | 1613/25000 [3:23:10 > 14:03]
SOAP:   6%|▋         | 1614/25000 [3:23:07 > 14:03]
SOAP:   6%|▋         | 1615/25000 [3:23:01 > 14:04]
SOAP:   6%|▋         | 1616/25000 [3:22:55 > 14:04]
SOAP:   6%|▋         | 1617/25000 [3:22:53 > 14:05]
SOAP:   6%|▋         | 1618/25000 [3:23:00 > 14:05]
SOAP:   6%|▋         | 1619/25000 [3:23:00 > 14:06]
SOAP:   6%|▋         | 1620/25000 [3:23:01 > 14:06]
SOAP:   6%|▋         | 1621/25000 [3:22:59 > 14:07]
SOAP:   6%|▋         | 1622/25000 [3:23:06 > 14:08]
SOAP:   6%|▋         | 1623/25000 [3:23:08 > 14:08]
SOAP:   6%|▋         | 1624/25000 [3:23:07 > 14:09]
SOAP:   6%|▋         | 1625/25000 [3:22:57 > 14:09]
SOAP:   7%|▋         | 1626/25000 [3:23:06 > 14:10]
SOAP:   7%|▋         | 1627/25000 [3:22:59 > 14:10]
SOAP:   7%|▋         | 1628/25000 [3:22:57 > 14:11]
SOAP:   7%|▋         | 1629/25000 [3:22:58 > 14:11]
SOAP:   7%|▋         | 1630/25000 [3:22:56 > 14:12]
SOAP:   7%|▋         | 1631/25000 [3:23:02 > 14:12]
SOAP:   7%|▋         | 1632/25000 [3:22:57 > 14:13]
SOAP:   7%|▋         | 1633/25000 [3:22:58 > 14:13]
SOAP:   7%|▋         | 1634/25000 [3:22:52 > 14:14]
SOAP:   7%|▋         | 1635/25000 [3:22:48 > 14:14]
SOAP:   7%|▋         | 1636/25000 [3:21:07 > 14:15]
SOAP:   7%|▋         | 1637/25000 [3:23:20 > 14:15]
SOAP:   7%|▋         | 1638/25000 [3:21:37 > 14:16]
SOAP:   7%|▋         | 1639/25000 [3:23:31 > 14:16]
SOAP:   7%|▋         | 1640/25000 [3:23:21 > 14:17]
SOAP:   7%|▋         | 1641/25000 [3:23:09 > 14:17]
SOAP:   7%|▋         | 1642/25000 [3:23:06 > 14:18]
SOAP:   7%|▋         | 1643/25000 [3:23:06 > 14:18]
SOAP:   7%|▋         | 1644/25000 [3:22:55 > 14:19]
SOAP:   7%|▋         | 1645/25000 [3:22:55 > 14:20]
SOAP:   7%|▋         | 1646/25000 [3:22:48 > 14:20]
SOAP:   7%|▋         | 1647/25000 [3:22:49 > 14:21]
SOAP:   7%|▋         | 1648/25000 [3:22:48 > 14:21]
SOAP:   7%|▋         | 1649/25000 [3:22:56 > 14:22]
SOAP:   7%|▋         | 1650/25000 [3:21:15 > 14:22]
SOAP:   7%|▋         | 1651/25000 [3:23:25 > 14:23]
SOAP:   7%|▋         | 1652/25000 [3:23:11 > 14:23]
SOAP:   7%|▋         | 1653/25000 [3:22:58 > 14:24]
SOAP:   7%|▋         | 1654/25000 [3:22:48 > 14:24]
SOAP:   7%|▋         | 1655/25000 [3:22:52 > 14:25]
SOAP:   7%|▋         | 1656/25000 [3:22:47 > 14:25]
SOAP:   7%|▋         | 1657/25000 [3:22:48 > 14:26]
SOAP:   7%|▋         | 1658/25000 [3:22:46 > 14:26]
SOAP:   7%|▋         | 1659/25000 [3:22:44 > 14:27]
SOAP:   7%|▋         | 1660/25000 [3:22:44 > 14:27]
SOAP:   7%|▋         | 1661/25000 [3:22:20 > 14:28]
SOAP:   7%|▋         | 1662/25000 [3:23:41 > 14:28]
SOAP:   7%|▋         | 1663/25000 [3:23:50 > 14:29]
SOAP:   7%|▋         | 1664/25000 [3:23:29 > 14:29]
SOAP:   7%|▋         | 1665/25000 [3:23:18 > 14:30]
SOAP:   7%|▋         | 1666/25000 [3:23:01 > 14:30]
SOAP:   7%|▋         | 1667/25000 [3:23:05 > 14:31]
SOAP:   7%|▋         | 1668/25000 [3:23:12 > 14:32]
SOAP:   7%|▋         | 1669/25000 [3:23:36 > 14:32]
SOAP:   7%|▋         | 1670/25000 [3:24:00 > 14:33]
SOAP:   7%|▋         | 1671/25000 [3:24:19 > 14:33]
SOAP:   7%|▋         | 1672/25000 [3:24:31 > 14:34]
SOAP:   7%|▋         | 1673/25000 [3:24:28 > 14:34]
SOAP:   7%|▋         | 1674/25000 [3:25:05 > 14:35]
SOAP:   7%|▋         | 1675/25000 [3:25:06 > 14:35]
SOAP:   7%|▋         | 1676/25000 [3:24:53 > 14:36]
SOAP:   7%|▋         | 1677/25000 [3:24:47 > 14:36]
SOAP:   7%|▋         | 1678/25000 [3:24:29 > 14:37]
SOAP:   7%|▋         | 1679/25000 [3:24:10 > 14:37]
SOAP:   7%|▋         | 1680/25000 [3:24:21 > 14:38]
SOAP:   7%|▋         | 1681/25000 [3:24:41 > 14:38]
SOAP:   7%|▋         | 1682/25000 [3:24:38 > 14:39]
SOAP:   7%|▋         | 1683/25000 [3:24:34 > 14:39]
SOAP:   7%|▋         | 1684/25000 [3:24:18 > 14:40]
SOAP:   7%|▋         | 1685/25000 [3:24:18 > 14:40]
SOAP:   7%|▋         | 1686/25000 [3:24:25 > 14:41]
SOAP:   7%|▋         | 1687/25000 [3:24:35 > 14:42]
SOAP:   7%|▋         | 1688/25000 [3:24:40 > 14:42]
SOAP:   7%|▋         | 1689/25000 [3:24:32 > 14:43]
SOAP:   7%|▋         | 1690/25000 [3:24:40 > 14:43]
SOAP:   7%|▋         | 1691/25000 [3:24:46 > 14:44]
SOAP:   7%|▋         | 1692/25000 [3:24:53 > 14:44]
SOAP:   7%|▋         | 1693/25000 [3:24:38 > 14:45]
SOAP:   7%|▋         | 1694/25000 [3:24:39 > 14:45]
SOAP:   7%|▋         | 1695/25000 [3:24:38 > 14:46]
SOAP:   7%|▋         | 1696/25000 [3:23:54 > 14:46]
SOAP:   7%|▋         | 1697/25000 [3:23:52 > 14:47]
SOAP:   7%|▋         | 1698/25000 [3:24:07 > 14:47]
SOAP:   7%|▋         | 1699/25000 [3:24:15 > 14:48]
SOAP:   7%|▋         | 1700/25000 [3:24:21 > 14:48]
SOAP:   7%|▋         | 1701/25000 [3:25:26 > 14:49]
SOAP:   7%|▋         | 1702/25000 [3:25:13 > 14:49]
SOAP:   7%|▋         | 1703/25000 [3:25:03 > 14:50]
SOAP:   7%|▋         | 1704/25000 [3:24:57 > 14:50]
SOAP:   7%|▋         | 1705/25000 [3:25:03 > 14:51]
SOAP:   7%|▋         | 1706/25000 [3:24:49 > 14:52]
SOAP:   7%|▋         | 1707/25000 [3:24:39 > 14:52]
SOAP:   7%|▋         | 1708/25000 [3:24:35 > 14:53]
SOAP:   7%|▋         | 1709/25000 [3:24:37 > 14:53]
SOAP:   7%|▋         | 1710/25000 [3:24:39 > 14:54]
SOAP:   7%|▋         | 1711/25000 [3:24:33 > 14:54]
SOAP:   7%|▋         | 1712/25000 [3:24:26 > 14:55]
SOAP:   7%|▋         | 1713/25000 [3:24:29 > 14:55]
SOAP:   7%|▋         | 1714/25000 [3:24:34 > 14:56]
SOAP:   7%|▋         | 1715/25000 [3:24:31 > 14:56]
SOAP:   7%|▋         | 1716/25000 [3:24:27 > 14:57]
SOAP:   7%|▋         | 1717/25000 [3:24:25 > 14:57]
SOAP:   7%|▋         | 1718/25000 [3:24:55 > 14:58]
SOAP:   7%|▋         | 1719/25000 [3:24:09 > 14:58]
SOAP:   7%|▋         | 1720/25000 [3:24:19 > 14:59]
SOAP:   7%|▋         | 1721/25000 [3:24:17 > 14:59]
SOAP:   7%|▋         | 1722/25000 [3:24:15 > 15:00]
SOAP:   7%|▋         | 1723/25000 [3:24:21 > 15:01]
SOAP:   7%|▋         | 1724/25000 [3:24:28 > 15:01]
SOAP:   7%|▋         | 1725/25000 [3:24:23 > 15:02]
SOAP:   7%|▋         | 1726/25000 [3:24:21 > 15:02]
SOAP:   7%|▋         | 1727/25000 [3:24:26 > 15:03]
SOAP:   7%|▋         | 1728/25000 [3:24:33 > 15:03]
SOAP:   7%|▋         | 1729/25000 [3:24:20 > 15:04]
SOAP:   7%|▋         | 1730/25000 [3:24:19 > 15:04]
SOAP:   7%|▋         | 1731/25000 [3:25:20 > 15:05]
SOAP:   7%|▋         | 1732/25000 [3:24:02 > 15:05]
SOAP:   7%|▋         | 1733/25000 [3:24:40 > 15:06]
SOAP:   7%|▋         | 1734/25000 [3:22:49 > 15:06]
SOAP:   7%|▋         | 1735/25000 [3:24:22 > 15:07]
SOAP:   7%|▋         | 1736/25000 [3:24:18 > 15:07]
SOAP:   7%|▋         | 1737/25000 [3:24:17 > 15:08]
SOAP:   7%|▋         | 1738/25000 [3:22:27 > 15:08]
SOAP:   7%|▋         | 1739/25000 [3:24:14 > 15:09]
SOAP:   7%|▋         | 1740/25000 [3:24:18 > 15:09]
SOAP:   7%|▋         | 1741/25000 [3:24:08 > 15:10]
SOAP:   7%|▋         | 1742/25000 [3:24:04 > 15:11]
SOAP:   7%|▋         | 1743/25000 [3:23:57 > 15:11]
SOAP:   7%|▋         | 1744/25000 [3:24:02 > 15:12]
SOAP:   7%|▋         | 1745/25000 [3:24:07 > 15:12]
SOAP:   7%|▋         | 1746/25000 [3:24:17 > 15:13]
SOAP:   7%|▋         | 1747/25000 [3:24:12 > 15:13]
SOAP:   7%|▋         | 1748/25000 [3:24:05 > 15:14]
SOAP:   7%|▋         | 1749/25000 [3:24:14 > 15:14]
SOAP:   7%|▋         | 1750/25000 [3:24:20 > 15:15]
SOAP:   7%|▋         | 1751/25000 [3:24:16 > 15:15]
SOAP:   7%|▋         | 1752/25000 [3:24:09 > 15:16]
SOAP:   7%|▋         | 1753/25000 [3:24:07 > 15:16]
SOAP:   7%|▋         | 1754/25000 [3:24:08 > 15:17]
SOAP:   7%|▋         | 1755/25000 [3:24:13 > 15:17]
SOAP:   7%|▋         | 1756/25000 [3:24:04 > 15:18]
SOAP:   7%|▋         | 1757/25000 [3:24:04 > 15:18]
SOAP:   7%|▋         | 1758/25000 [3:23:59 > 15:19]
SOAP:   7%|▋         | 1759/25000 [3:24:12 > 15:19]
SOAP:   7%|▋         | 1760/25000 [3:24:06 > 15:20]
SOAP:   7%|▋         | 1761/25000 [3:23:58 > 15:21]
SOAP:   7%|▋         | 1762/25000 [3:23:55 > 15:21]
SOAP:   7%|▋         | 1763/25000 [3:24:10 > 15:22]
SOAP:   7%|▋         | 1764/25000 [3:24:00 > 15:22]
SOAP:   7%|▋         | 1765/25000 [3:23:44 > 15:23]
SOAP:   7%|▋         | 1766/25000 [3:23:50 > 15:23]
SOAP:   7%|▋         | 1767/25000 [3:23:50 > 15:24]
SOAP:   7%|▋         | 1768/25000 [3:24:05 > 15:24]
SOAP:   7%|▋         | 1769/25000 [3:24:15 > 15:25]
SOAP:   7%|▋         | 1770/25000 [3:24:17 > 15:25]
SOAP:   7%|▋         | 1771/25000 [3:24:11 > 15:26]
SOAP:   7%|▋         | 1772/25000 [3:24:03 > 15:26]
SOAP:   7%|▋         | 1773/25000 [3:23:55 > 15:27]
SOAP:   7%|▋         | 1774/25000 [3:23:59 > 15:27]
SOAP:   7%|▋         | 1775/25000 [3:24:04 > 15:28]
SOAP:   7%|▋         | 1776/25000 [3:24:07 > 15:28]
SOAP:   7%|▋         | 1777/25000 [3:24:08 > 15:29]
SOAP:   7%|▋         | 1778/25000 [3:23:47 > 15:29]
SOAP:   7%|▋         | 1779/25000 [3:24:12 > 15:30]
SOAP:   7%|▋         | 1780/25000 [3:24:12 > 15:31]
SOAP:   7%|▋         | 1781/25000 [3:24:02 > 15:31]
SOAP:   7%|▋         | 1782/25000 [3:24:01 > 15:32]
SOAP:   7%|▋         | 1783/25000 [3:24:06 > 15:32]
SOAP:   7%|▋         | 1784/25000 [3:24:00 > 15:33]
SOAP:   7%|▋         | 1785/25000 [3:23:53 > 15:33]
SOAP:   7%|▋         | 1786/25000 [3:23:50 > 15:34]
SOAP:   7%|▋         | 1787/25000 [3:23:54 > 15:34]
SOAP:   7%|▋         | 1788/25000 [3:23:49 > 15:35]
SOAP:   7%|▋         | 1789/25000 [3:23:52 > 15:35]
SOAP:   7%|▋         | 1790/25000 [3:23:36 > 15:36]
SOAP:   7%|▋         | 1791/25000 [3:23:39 > 15:36]
SOAP:   7%|▋         | 1792/25000 [3:24:17 > 15:37]
SOAP:   7%|▋         | 1793/25000 [3:24:01 > 15:37]
SOAP:   7%|▋         | 1794/25000 [3:23:53 > 15:38]
SOAP:   7%|▋         | 1795/25000 [3:23:51 > 15:38]
SOAP:   7%|▋         | 1796/25000 [3:23:34 > 15:39]
SOAP:   7%|▋         | 1797/25000 [3:23:09 > 15:39]
SOAP:   7%|▋         | 1798/25000 [3:23:21 > 15:40]
SOAP:   7%|▋         | 1799/25000 [3:23:43 > 15:41]
SOAP:   7%|▋         | 1800/25000 [3:23:32 > 15:41]
SOAP:   7%|▋         | 1801/25000 [3:24:29 > 15:42]
SOAP:   7%|▋         | 1802/25000 [3:24:06 > 15:42]
SOAP:   7%|▋         | 1803/25000 [3:23:58 > 15:43]
SOAP:   7%|▋         | 1804/25000 [3:23:52 > 15:43]
SOAP:   7%|▋         | 1805/25000 [3:23:59 > 15:44]
SOAP:   7%|▋         | 1806/25000 [3:23:53 > 15:44]
SOAP:   7%|▋         | 1807/25000 [3:23:44 > 15:45]
SOAP:   7%|▋         | 1808/25000 [3:23:49 > 15:45]
SOAP:   7%|▋         | 1809/25000 [3:23:52 > 15:46]
SOAP:   7%|▋         | 1810/25000 [3:23:44 > 15:46]
SOAP:   7%|▋         | 1811/25000 [3:23:39 > 15:47]
SOAP:   7%|▋         | 1812/25000 [3:23:21 > 15:47]
SOAP:   7%|▋         | 1813/25000 [3:23:14 > 15:48]
SOAP:   7%|▋         | 1814/25000 [3:23:21 > 15:48]
SOAP:   7%|▋         | 1815/25000 [3:23:38 > 15:49]
SOAP:   7%|▋         | 1816/25000 [3:23:27 > 15:50]
SOAP:   7%|▋         | 1817/25000 [3:23:24 > 15:50]
SOAP:   7%|▋         | 1818/25000 [3:23:27 > 15:51]
SOAP:   7%|▋         | 1819/25000 [3:23:40 > 15:51]
SOAP:   7%|▋         | 1820/25000 [3:23:35 > 15:52]
SOAP:   7%|▋         | 1821/25000 [3:23:32 > 15:52]
SOAP:   7%|▋         | 1822/25000 [3:22:54 > 15:53]
SOAP:   7%|▋         | 1823/25000 [3:23:04 > 15:53]
SOAP:   7%|▋         | 1824/25000 [3:23:10 > 15:54]
SOAP:   7%|▋         | 1825/25000 [3:23:16 > 15:54]
SOAP:   7%|▋         | 1826/25000 [3:23:11 > 15:55]
SOAP:   7%|▋         | 1827/25000 [3:23:20 > 15:55]
SOAP:   7%|▋         | 1828/25000 [3:23:14 > 15:56]
SOAP:   7%|▋         | 1829/25000 [3:23:49 > 15:56]
SOAP:   7%|▋         | 1830/25000 [3:23:39 > 15:57]
SOAP:   7%|▋         | 1831/25000 [3:23:17 > 15:57]
SOAP:   7%|▋         | 1832/25000 [3:23:13 > 15:58]
SOAP:   7%|▋         | 1833/25000 [3:23:20 > 15:58]
SOAP:   7%|▋         | 1834/25000 [3:21:03 > 15:59]
SOAP:   7%|▋         | 1835/25000 [3:22:59 > 15:59]
SOAP:   7%|▋         | 1836/25000 [3:23:00 > 16:00]
SOAP:   7%|▋         | 1837/25000 [3:23:09 > 16:01]
SOAP:   7%|▋         | 1838/25000 [3:23:21 > 16:01]
SOAP:   7%|▋         | 1839/25000 [3:23:21 > 16:02]
SOAP:   7%|▋         | 1840/25000 [3:23:19 > 16:02]
SOAP:   7%|▋         | 1841/25000 [3:23:17 > 16:03]
SOAP:   7%|▋         | 1842/25000 [3:23:18 > 16:03]
SOAP:   7%|▋         | 1843/25000 [3:23:25 > 16:04]
SOAP:   7%|▋         | 1844/25000 [3:23:16 > 16:04]
SOAP:   7%|▋         | 1845/25000 [3:23:15 > 16:05]
SOAP:   7%|▋         | 1846/25000 [3:22:27 > 16:05]
SOAP:   7%|▋         | 1847/25000 [3:22:44 > 16:06]
SOAP:   7%|▋         | 1848/25000 [3:22:52 > 16:06]
SOAP:   7%|▋         | 1849/25000 [3:22:59 > 16:07]
SOAP:   7%|▋         | 1850/25000 [3:22:55 > 16:07]
SOAP:   7%|▋         | 1851/25000 [3:23:19 > 16:08]
SOAP:   7%|▋         | 1852/25000 [3:23:32 > 16:08]
SOAP:   7%|▋         | 1853/25000 [3:22:58 > 16:09]
SOAP:   7%|▋         | 1854/25000 [3:22:59 > 16:10]
SOAP:   7%|▋         | 1855/25000 [3:23:13 > 16:10]
SOAP:   7%|▋         | 1856/25000 [3:23:09 > 16:11]
SOAP:   7%|▋         | 1857/25000 [3:23:01 > 16:11]
SOAP:   7%|▋         | 1858/25000 [3:23:04 > 16:12]
SOAP:   7%|▋         | 1859/25000 [3:22:59 > 16:12]
SOAP:   7%|▋         | 1860/25000 [3:23:15 > 16:13]
SOAP:   7%|▋         | 1861/25000 [3:23:08 > 16:13]
SOAP:   7%|▋         | 1862/25000 [3:23:07 > 16:14]
SOAP:   7%|▋         | 1863/25000 [3:23:08 > 16:14]
SOAP:   7%|▋         | 1864/25000 [3:23:20 > 16:15]
SOAP:   7%|▋         | 1865/25000 [3:23:09 > 16:15]
SOAP:   7%|▋         | 1866/25000 [3:23:01 > 16:16]
SOAP:   7%|▋         | 1867/25000 [3:23:02 > 16:16]
SOAP:   7%|▋         | 1868/25000 [3:23:12 > 16:17]
SOAP:   7%|▋         | 1869/25000 [3:23:05 > 16:17]
SOAP:   7%|▋         | 1870/25000 [3:23:05 > 16:18]
SOAP:   7%|▋         | 1871/25000 [3:23:08 > 16:18]
SOAP:   7%|▋         | 1872/25000 [3:23:10 > 16:19]
SOAP:   7%|▋         | 1873/25000 [3:23:14 > 16:20]
SOAP:   7%|▋         | 1874/25000 [3:23:07 > 16:20]
SOAP:   8%|▊         | 1875/25000 [3:23:07 > 16:21]
SOAP:   8%|▊         | 1876/25000 [3:23:18 > 16:21]
SOAP:   8%|▊         | 1877/25000 [3:23:10 > 16:22]
SOAP:   8%|▊         | 1878/25000 [3:23:07 > 16:22]
SOAP:   8%|▊         | 1879/25000 [3:23:04 > 16:23]
SOAP:   8%|▊         | 1880/25000 [3:22:58 > 16:23]
SOAP:   8%|▊         | 1881/25000 [3:23:02 > 16:24]
SOAP:   8%|▊         | 1882/25000 [3:22:57 > 16:24]
SOAP:   8%|▊         | 1883/25000 [3:22:52 > 16:25]
SOAP:   8%|▊         | 1884/25000 [3:23:02 > 16:25]
SOAP:   8%|▊         | 1885/25000 [3:23:07 > 16:26]
SOAP:   8%|▊         | 1886/25000 [3:22:58 > 16:26]
SOAP:   8%|▊         | 1887/25000 [3:23:46 > 16:27]
SOAP:   8%|▊         | 1888/25000 [3:23:25 > 16:27]
SOAP:   8%|▊         | 1889/25000 [3:23:18 > 16:28]
SOAP:   8%|▊         | 1890/25000 [3:23:14 > 16:28]
SOAP:   8%|▊         | 1891/25000 [3:23:13 > 16:29]
SOAP:   8%|▊         | 1892/25000 [3:23:04 > 16:30]
SOAP:   8%|▊         | 1893/25000 [3:23:01 > 16:30]
SOAP:   8%|▊         | 1894/25000 [3:23:07 > 16:31]
SOAP:   8%|▊         | 1895/25000 [3:23:03 > 16:31]
SOAP:   8%|▊         | 1896/25000 [3:22:57 > 16:32]
SOAP:   8%|▊         | 1897/25000 [3:22:58 > 16:32]
SOAP:   8%|▊         | 1898/25000 [3:22:53 > 16:33]
SOAP:   8%|▊         | 1899/25000 [3:23:00 > 16:33]
SOAP:   8%|▊         | 1900/25000 [3:22:54 > 16:34]
SOAP:   8%|▊         | 1901/25000 [3:23:43 > 16:34]
SOAP:   8%|▊         | 1902/25000 [3:23:20 > 16:35]
SOAP:   8%|▊         | 1903/25000 [3:23:19 > 16:35]
SOAP:   8%|▊         | 1904/25000 [3:23:00 > 16:36]
SOAP:   8%|▊         | 1905/25000 [3:22:52 > 16:36]
SOAP:   8%|▊         | 1906/25000 [3:22:55 > 16:37]
SOAP:   8%|▊         | 1907/25000 [3:23:03 > 16:37]
SOAP:   8%|▊         | 1908/25000 [3:22:52 > 16:38]
SOAP:   8%|▊         | 1909/25000 [3:22:48 > 16:38]
SOAP:   8%|▊         | 1910/25000 [3:23:12 > 16:39]
SOAP:   8%|▊         | 1911/25000 [3:23:09 > 16:40]
SOAP:   8%|▊         | 1912/25000 [3:22:33 > 16:40]
SOAP:   8%|▊         | 1913/25000 [3:22:34 > 16:41]
SOAP:   8%|▊         | 1914/25000 [3:22:48 > 16:41]
SOAP:   8%|▊         | 1915/25000 [3:22:47 > 16:42]
SOAP:   8%|▊         | 1916/25000 [3:22:47 > 16:42]
SOAP:   8%|▊         | 1917/25000 [3:20:56 > 16:43]
SOAP:   8%|▊         | 1918/25000 [3:22:35 > 16:43]
SOAP:   8%|▊         | 1919/25000 [3:22:41 > 16:44]
SOAP:   8%|▊         | 1920/25000 [3:22:50 > 16:44]
SOAP:   8%|▊         | 1921/25000 [3:22:35 > 16:45]
SOAP:   8%|▊         | 1922/25000 [3:22:37 > 16:45]
SOAP:   8%|▊         | 1923/25000 [3:22:21 > 16:46]
SOAP:   8%|▊         | 1924/25000 [3:21:58 > 16:46]
SOAP:   8%|▊         | 1925/25000 [3:22:07 > 16:47]
SOAP:   8%|▊         | 1926/25000 [3:22:16 > 16:47]
SOAP:   8%|▊         | 1927/25000 [3:22:24 > 16:48]
SOAP:   8%|▊         | 1928/25000 [3:22:25 > 16:48]
SOAP:   8%|▊         | 1929/25000 [3:22:26 > 16:49]
SOAP:   8%|▊         | 1930/25000 [3:20:44 > 16:50]
SOAP:   8%|▊         | 1931/25000 [3:22:25 > 16:50]
SOAP:   8%|▊         | 1932/25000 [3:22:38 > 16:51]
SOAP:   8%|▊         | 1933/25000 [3:22:32 > 16:51]
SOAP:   8%|▊         | 1934/25000 [3:22:24 > 16:52]
SOAP:   8%|▊         | 1935/25000 [3:22:17 > 16:52]
SOAP:   8%|▊         | 1936/25000 [3:21:41 > 16:53]
SOAP:   8%|▊         | 1937/25000 [3:21:11 > 16:53]
SOAP:   8%|▊         | 1938/25000 [3:20:54 > 16:54]
SOAP:   8%|▊         | 1939/25000 [3:20:56 > 16:54]
SOAP:   8%|▊         | 1940/25000 [3:21:11 > 16:55]
SOAP:   8%|▊         | 1941/25000 [3:20:57 > 16:55]
SOAP:   8%|▊         | 1942/25000 [3:20:44 > 16:56]
SOAP:   8%|▊         | 1943/25000 [3:20:33 > 16:56]
SOAP:   8%|▊         | 1944/25000 [3:20:23 > 16:57]
SOAP:   8%|▊         | 1945/25000 [3:20:12 > 16:57]
SOAP:   8%|▊         | 1946/25000 [3:20:16 > 16:58]
SOAP:   8%|▊         | 1947/25000 [3:20:10 > 16:58]
SOAP:   8%|▊         | 1948/25000 [3:20:05 > 16:59]
SOAP:   8%|▊         | 1949/25000 [3:20:06 > 16:59]
SOAP:   8%|▊         | 1950/25000 [3:20:03 > 17:00]
SOAP:   8%|▊         | 1951/25000 [3:20:13 > 17:01]
SOAP:   8%|▊         | 1952/25000 [3:20:09 > 17:01]
SOAP:   8%|▊         | 1953/25000 [3:20:05 > 17:02]
SOAP:   8%|▊         | 1954/25000 [3:20:12 > 17:02]
SOAP:   8%|▊         | 1955/25000 [3:20:11 > 17:03]
SOAP:   8%|▊         | 1956/25000 [3:20:11 > 17:03]
SOAP:   8%|▊         | 1957/25000 [3:20:11 > 17:04]
SOAP:   8%|▊         | 1958/25000 [3:20:05 > 17:04]
SOAP:   8%|▊         | 1959/25000 [3:20:14 > 17:05]
SOAP:   8%|▊         | 1960/25000 [3:20:09 > 17:05]
SOAP:   8%|▊         | 1961/25000 [3:20:06 > 17:06]
SOAP:   8%|▊         | 1962/25000 [3:19:57 > 17:06]
SOAP:   8%|▊         | 1963/25000 [3:19:57 > 17:07]
SOAP:   8%|▊         | 1964/25000 [3:20:01 > 17:07]
SOAP:   8%|▊         | 1965/25000 [3:19:58 > 17:08]
SOAP:   8%|▊         | 1966/25000 [3:19:58 > 17:08]
SOAP:   8%|▊         | 1967/25000 [3:20:02 > 17:09]
SOAP:   8%|▊         | 1968/25000 [3:19:59 > 17:09]
SOAP:   8%|▊         | 1969/25000 [3:20:00 > 17:10]
SOAP:   8%|▊         | 1970/25000 [3:19:59 > 17:10]
SOAP:   8%|▊         | 1971/25000 [3:20:01 > 17:11]
SOAP:   8%|▊         | 1972/25000 [3:19:52 > 17:11]
SOAP:   8%|▊         | 1973/25000 [3:19:56 > 17:12]
SOAP:   8%|▊         | 1974/25000 [3:19:50 > 17:13]
SOAP:   8%|▊         | 1975/25000 [3:19:53 > 17:13]
SOAP:   8%|▊         | 1976/25000 [3:19:47 > 17:14]
SOAP:   8%|▊         | 1977/25000 [3:19:50 > 17:14]
SOAP:   8%|▊         | 1978/25000 [3:19:49 > 17:15]
SOAP:   8%|▊         | 1979/25000 [3:19:52 > 17:15]
SOAP:   8%|▊         | 1980/25000 [3:19:38 > 17:16]
SOAP:   8%|▊         | 1981/25000 [3:19:37 > 17:16]
SOAP:   8%|▊         | 1982/25000 [3:19:41 > 17:17]
SOAP:   8%|▊         | 1983/25000 [3:19:51 > 17:17]
SOAP:   8%|▊         | 1984/25000 [3:19:36 > 17:18]
SOAP:   8%|▊         | 1985/25000 [3:19:35 > 17:18]
SOAP:   8%|▊         | 1986/25000 [3:19:35 > 17:19]
SOAP:   8%|▊         | 1987/25000 [3:19:41 > 17:19]
SOAP:   8%|▊         | 1988/25000 [3:18:08 > 17:20]
SOAP:   8%|▊         | 1989/25000 [3:20:20 > 17:20]
SOAP:   8%|▊         | 1990/25000 [3:20:06 > 17:21]
SOAP:   8%|▊         | 1991/25000 [3:19:59 > 17:21]
SOAP:   8%|▊         | 1992/25000 [3:20:10 > 17:22]
SOAP:   8%|▊         | 1993/25000 [3:20:33 > 17:22]
SOAP:   8%|▊         | 1994/25000 [3:20:21 > 17:23]
SOAP:   8%|▊         | 1995/25000 [3:20:06 > 17:23]
SOAP:   8%|▊         | 1996/25000 [3:19:59 > 17:24]
SOAP:   8%|▊         | 1997/25000 [3:19:44 > 17:24]
SOAP:   8%|▊         | 1998/25000 [3:19:42 > 17:25]
SOAP:   8%|▊         | 1999/25000 [3:19:48 > 17:26]
SOAP:   8%|▊         | 2000/25000 [3:20:25 > 17:26]
SOAP:   8%|▊         | 2001/25000 [3:22:36 > 17:27]
SOAP:   8%|▊         | 2002/25000 [3:21:16 > 17:27]
SOAP:   8%|▊         | 2003/25000 [3:20:45 > 17:28]
SOAP:   8%|▊         | 2004/25000 [3:20:30 > 17:28]
SOAP:   8%|▊         | 2005/25000 [3:20:13 > 17:29]
SOAP:   8%|▊         | 2006/25000 [3:20:06 > 17:29]
SOAP:   8%|▊         | 2007/25000 [3:19:52 > 17:30]
SOAP:   8%|▊         | 2008/25000 [3:19:10 > 17:30]
SOAP:   8%|▊         | 2009/25000 [3:19:58 > 17:31]
SOAP:   8%|▊         | 2010/25000 [3:19:55 > 17:31]
SOAP:   8%|▊         | 2011/25000 [3:19:48 > 17:32]
SOAP:   8%|▊         | 2012/25000 [3:19:49 > 17:32]
SOAP:   8%|▊         | 2013/25000 [3:19:42 > 17:33]
SOAP:   8%|▊         | 2014/25000 [3:19:36 > 17:33]
SOAP:   8%|▊         | 2015/25000 [3:19:35 > 17:34]
SOAP:   8%|▊         | 2016/25000 [3:19:32 > 17:34]
SOAP:   8%|▊         | 2017/25000 [3:19:25 > 17:35]
SOAP:   8%|▊         | 2018/25000 [3:19:31 > 17:35]
SOAP:   8%|▊         | 2019/25000 [3:19:50 > 17:36]
SOAP:   8%|▊         | 2020/25000 [3:20:08 > 17:36]
SOAP:   8%|▊         | 2021/25000 [3:19:51 > 17:37]
SOAP:   8%|▊         | 2022/25000 [3:19:50 > 17:38]
SOAP:   8%|▊         | 2023/25000 [3:19:41 > 17:38]
SOAP:   8%|▊         | 2024/25000 [3:19:37 > 17:39]
SOAP:   8%|▊         | 2025/25000 [3:19:35 > 17:39]
SOAP:   8%|▊         | 2026/25000 [3:19:59 > 17:40]
SOAP:   8%|▊         | 2027/25000 [3:18:42 > 17:40]
SOAP:   8%|▊         | 2028/25000 [3:20:25 > 17:41]
SOAP:   8%|▊         | 2029/25000 [3:20:09 > 17:41]
SOAP:   8%|▊         | 2030/25000 [3:19:51 > 17:42]
SOAP:   8%|▊         | 2031/25000 [3:19:53 > 17:42]
SOAP:   8%|▊         | 2032/25000 [3:18:06 > 17:43]
SOAP:   8%|▊         | 2033/25000 [3:20:08 > 17:43]
SOAP:   8%|▊         | 2034/25000 [3:19:40 > 17:44]
SOAP:   8%|▊         | 2035/25000 [3:19:35 > 17:44]
SOAP:   8%|▊         | 2036/25000 [3:19:28 > 17:45]
SOAP:   8%|▊         | 2037/25000 [3:19:26 > 17:45]
SOAP:   8%|▊         | 2038/25000 [3:19:18 > 17:46]
SOAP:   8%|▊         | 2039/25000 [3:17:50 > 17:46]
SOAP:   8%|▊         | 2040/25000 [3:19:54 > 17:47]
SOAP:   8%|▊         | 2041/25000 [3:19:41 > 17:47]
SOAP:   8%|▊         | 2042/25000 [3:19:34 > 17:48]
SOAP:   8%|▊         | 2043/25000 [3:19:29 > 17:48]
SOAP:   8%|▊         | 2044/25000 [3:19:39 > 17:49]
SOAP:   8%|▊         | 2045/25000 [3:19:58 > 17:50]
SOAP:   8%|▊         | 2046/25000 [3:19:43 > 17:50]
SOAP:   8%|▊         | 2047/25000 [3:19:43 > 17:51]
SOAP:   8%|▊         | 2048/25000 [3:19:27 > 17:51]
SOAP:   8%|▊         | 2049/25000 [3:19:25 > 17:52]
SOAP:   8%|▊         | 2050/25000 [3:19:25 > 17:52]
SOAP:   8%|▊         | 2051/25000 [3:19:15 > 17:53]
SOAP:   8%|▊         | 2052/25000 [3:19:08 > 17:53]
SOAP:   8%|▊         | 2053/25000 [3:19:01 > 17:54]
SOAP:   8%|▊         | 2054/25000 [3:19:05 > 17:54]
SOAP:   8%|▊         | 2055/25000 [3:19:24 > 17:55]
SOAP:   8%|▊         | 2056/25000 [3:19:53 > 17:55]
SOAP:   8%|▊         | 2057/25000 [3:19:33 > 17:56]
SOAP:   8%|▊         | 2058/25000 [3:19:32 > 17:56]
SOAP:   8%|▊         | 2059/25000 [3:19:18 > 17:57]
SOAP:   8%|▊         | 2060/25000 [3:19:26 > 17:57]
SOAP:   8%|▊         | 2061/25000 [3:19:12 > 17:58]
SOAP:   8%|▊         | 2062/25000 [3:19:19 > 17:58]
SOAP:   8%|▊         | 2063/25000 [3:19:10 > 17:59]
SOAP:   8%|▊         | 2064/25000 [3:19:15 > 17:59]
SOAP:   8%|▊         | 2065/25000 [3:19:10 > 18:00]
SOAP:   8%|▊         | 2066/25000 [3:19:09 > 18:00]
SOAP:   8%|▊         | 2067/25000 [3:19:05 > 18:01]
SOAP:   8%|▊         | 2068/25000 [3:19:11 > 18:02]
SOAP:   8%|▊         | 2069/25000 [3:19:05 > 18:02]
SOAP:   8%|▊         | 2070/25000 [3:19:03 > 18:03]
SOAP:   8%|▊         | 2071/25000 [3:18:58 > 18:03]
SOAP:   8%|▊         | 2072/25000 [3:19:04 > 18:04]
SOAP:   8%|▊         | 2073/25000 [3:19:02 > 18:04]
SOAP:   8%|▊         | 2074/25000 [3:18:59 > 18:05]
SOAP:   8%|▊         | 2075/25000 [3:18:20 > 18:05]
SOAP:   8%|▊         | 2076/25000 [3:19:12 > 18:06]
SOAP:   8%|▊         | 2077/25000 [3:19:18 > 18:06]
SOAP:   8%|▊         | 2078/25000 [3:19:08 > 18:07]
SOAP:   8%|▊         | 2079/25000 [3:19:09 > 18:07]
SOAP:   8%|▊         | 2080/25000 [3:19:04 > 18:08]
SOAP:   8%|▊         | 2081/25000 [3:19:08 > 18:08]
SOAP:   8%|▊         | 2082/25000 [3:19:06 > 18:09]
SOAP:   8%|▊         | 2083/25000 [3:19:12 > 18:09]
SOAP:   8%|▊         | 2084/25000 [3:19:16 > 18:10]
SOAP:   8%|▊         | 2085/25000 [3:18:16 > 18:10]
SOAP:   8%|▊         | 2086/25000 [3:20:00 > 18:11]
SOAP:   8%|▊         | 2087/25000 [3:19:43 > 18:11]
SOAP:   8%|▊         | 2088/25000 [3:19:24 > 18:12]
SOAP:   8%|▊         | 2089/25000 [3:19:21 > 18:12]
SOAP:   8%|▊         | 2090/25000 [3:19:12 > 18:13]
SOAP:   8%|▊         | 2091/25000 [3:19:06 > 18:14]
SOAP:   8%|▊         | 2092/25000 [3:19:03 > 18:14]
SOAP:   8%|▊         | 2093/25000 [3:19:04 > 18:15]
SOAP:   8%|▊         | 2094/25000 [3:18:57 > 18:15]
SOAP:   8%|▊         | 2095/25000 [3:18:58 > 18:16]
SOAP:   8%|▊         | 2096/25000 [3:19:01 > 18:16]
SOAP:   8%|▊         | 2097/25000 [3:18:55 > 18:17]
SOAP:   8%|▊         | 2098/25000 [3:19:06 > 18:17]
SOAP:   8%|▊         | 2099/25000 [3:19:28 > 18:18]
SOAP:   8%|▊         | 2100/25000 [3:19:18 > 18:18]
SOAP:   8%|▊         | 2101/25000 [3:20:58 > 18:19]
SOAP:   8%|▊         | 2102/25000 [3:19:29 > 18:19]
SOAP:   8%|▊         | 2103/25000 [3:19:17 > 18:20]
SOAP:   8%|▊         | 2104/25000 [3:19:09 > 18:20]
SOAP:   8%|▊         | 2105/25000 [3:19:09 > 18:21]
SOAP:   8%|▊         | 2106/25000 [3:18:59 > 18:21]
SOAP:   8%|▊         | 2107/25000 [3:18:45 > 18:22]
SOAP:   8%|▊         | 2108/25000 [3:18:44 > 18:22]
SOAP:   8%|▊         | 2109/25000 [3:18:41 > 18:23]
SOAP:   8%|▊         | 2110/25000 [3:18:43 > 18:23]
SOAP:   8%|▊         | 2111/25000 [3:18:49 > 18:24]
SOAP:   8%|▊         | 2112/25000 [3:18:49 > 18:24]
SOAP:   8%|▊         | 2113/25000 [3:18:48 > 18:25]
SOAP:   8%|▊         | 2114/25000 [3:18:43 > 18:26]
SOAP:   8%|▊         | 2115/25000 [3:18:42 > 18:26]
SOAP:   8%|▊         | 2116/25000 [3:18:48 > 18:27]
SOAP:   8%|▊         | 2117/25000 [3:18:46 > 18:27]
SOAP:   8%|▊         | 2118/25000 [3:18:42 > 18:28]
SOAP:   8%|▊         | 2119/25000 [3:18:40 > 18:28]
SOAP:   8%|▊         | 2120/25000 [3:18:41 > 18:29]
SOAP:   8%|▊         | 2121/25000 [3:18:45 > 18:29]
SOAP:   8%|▊         | 2122/25000 [3:18:41 > 18:30]
SOAP:   8%|▊         | 2123/25000 [3:18:35 > 18:30]
SOAP:   8%|▊         | 2124/25000 [3:16:58 > 18:31]
SOAP:   8%|▊         | 2125/25000 [3:19:05 > 18:31]
SOAP:   9%|▊         | 2126/25000 [3:18:53 > 18:32]
SOAP:   9%|▊         | 2127/25000 [3:18:49 > 18:32]
SOAP:   9%|▊         | 2128/25000 [3:18:41 > 18:33]
SOAP:   9%|▊         | 2129/25000 [3:18:27 > 18:33]
SOAP:   9%|▊         | 2130/25000 [3:18:39 > 18:34]
SOAP:   9%|▊         | 2131/25000 [3:18:40 > 18:34]
SOAP:   9%|▊         | 2132/25000 [3:18:37 > 18:35]
SOAP:   9%|▊         | 2133/25000 [3:18:35 > 18:35]
SOAP:   9%|▊         | 2134/25000 [3:18:27 > 18:36]
SOAP:   9%|▊         | 2135/25000 [3:16:48 > 18:36]
SOAP:   9%|▊         | 2136/25000 [3:18:49 > 18:37]
SOAP:   9%|▊         | 2137/25000 [3:18:38 > 18:37]
SOAP:   9%|▊         | 2138/25000 [3:18:38 > 18:38]
SOAP:   9%|▊         | 2139/25000 [3:18:28 > 18:39]
SOAP:   9%|▊         | 2140/25000 [3:18:29 > 18:39]
SOAP:   9%|▊         | 2141/25000 [3:18:42 > 18:40]
SOAP:   9%|▊         | 2142/25000 [3:18:53 > 18:40]
SOAP:   9%|▊         | 2143/25000 [3:18:51 > 18:41]
SOAP:   9%|▊         | 2144/25000 [3:18:42 > 18:41]
SOAP:   9%|▊         | 2145/25000 [3:18:33 > 18:42]
SOAP:   9%|▊         | 2146/25000 [3:18:30 > 18:42]
SOAP:   9%|▊         | 2147/25000 [3:18:31 > 18:43]
SOAP:   9%|▊         | 2148/25000 [3:18:34 > 18:43]
SOAP:   9%|▊         | 2149/25000 [3:18:24 > 18:44]
SOAP:   9%|▊         | 2150/25000 [3:18:24 > 18:44]
SOAP:   9%|▊         | 2151/25000 [3:18:20 > 18:45]
SOAP:   9%|▊         | 2152/25000 [3:18:22 > 18:45]
SOAP:   9%|▊         | 2153/25000 [3:18:23 > 18:46]
SOAP:   9%|▊         | 2154/25000 [3:18:27 > 18:46]
SOAP:   9%|▊         | 2155/25000 [3:18:26 > 18:47]
SOAP:   9%|▊         | 2156/25000 [3:16:24 > 18:47]
SOAP:   9%|▊         | 2157/25000 [3:18:38 > 18:48]
SOAP:   9%|▊         | 2158/25000 [3:18:27 > 18:48]
SOAP:   9%|▊         | 2159/25000 [3:18:18 > 18:49]
SOAP:   9%|▊         | 2160/25000 [3:18:15 > 18:49]
SOAP:   9%|▊         | 2161/25000 [3:18:15 > 18:50]
SOAP:   9%|▊         | 2162/25000 [3:18:20 > 18:51]
SOAP:   9%|▊         | 2163/25000 [3:17:50 > 18:51]
SOAP:   9%|▊         | 2164/25000 [3:18:22 > 18:52]
SOAP:   9%|▊         | 2165/25000 [3:18:23 > 18:52]
SOAP:   9%|▊         | 2166/25000 [3:18:19 > 18:53]
SOAP:   9%|▊         | 2167/25000 [3:18:33 > 18:53]
SOAP:   9%|▊         | 2168/25000 [3:19:00 > 18:54]
SOAP:   9%|▊         | 2169/25000 [3:18:51 > 18:54]
SOAP:   9%|▊         | 2170/25000 [3:18:41 > 18:55]
SOAP:   9%|▊         | 2171/25000 [3:18:33 > 18:55]
SOAP:   9%|▊         | 2172/25000 [3:18:24 > 18:56]
SOAP:   9%|▊         | 2173/25000 [3:18:23 > 18:56]
SOAP:   9%|▊         | 2174/25000 [3:18:14 > 18:57]
SOAP:   9%|▊         | 2175/25000 [3:18:21 > 18:57]
SOAP:   9%|▊         | 2176/25000 [3:18:13 > 18:58]
SOAP:   9%|▊         | 2177/25000 [3:18:12 > 18:58]
SOAP:   9%|▊         | 2178/25000 [3:18:02 > 18:59]
SOAP:   9%|▊         | 2179/25000 [3:18:07 > 18:59]
SOAP:   9%|▊         | 2180/25000 [3:18:08 > 19:00]
SOAP:   9%|▊         | 2181/25000 [3:18:06 > 19:00]
SOAP:   9%|▊         | 2182/25000 [3:18:07 > 19:01]
SOAP:   9%|▊         | 2183/25000 [3:18:14 > 19:01]
SOAP:   9%|▊         | 2184/25000 [3:18:02 > 19:02]
SOAP:   9%|▊         | 2185/25000 [3:18:06 > 19:03]
SOAP:   9%|▊         | 2186/25000 [3:17:59 > 19:03]
SOAP:   9%|▊         | 2187/25000 [3:18:07 > 19:04]
SOAP:   9%|▉         | 2188/25000 [3:18:03 > 19:04]
SOAP:   9%|▉         | 2189/25000 [3:18:06 > 19:05]
SOAP:   9%|▉         | 2190/25000 [3:16:32 > 19:05]
SOAP:   9%|▉         | 2191/25000 [3:18:46 > 19:06]
SOAP:   9%|▉         | 2192/25000 [3:18:21 > 19:06]
SOAP:   9%|▉         | 2193/25000 [3:18:32 > 19:07]
SOAP:   9%|▉         | 2194/25000 [3:18:21 > 19:07]
SOAP:   9%|▉         | 2195/25000 [3:18:06 > 19:08]
SOAP:   9%|▉         | 2196/25000 [3:16:27 > 19:08]
SOAP:   9%|▉         | 2197/25000 [3:18:33 > 19:09]
SOAP:   9%|▉         | 2198/25000 [3:18:22 > 19:09]
SOAP:   9%|▉         | 2199/25000 [3:18:14 > 19:10]
SOAP:   9%|▉         | 2200/25000 [3:18:09 > 19:10]
SOAP:   9%|▉         | 2201/25000 [3:19:58 > 19:11]
SOAP:   9%|▉         | 2202/25000 [3:18:27 > 19:11]
SOAP:   9%|▉         | 2203/25000 [3:18:22 > 19:12]
SOAP:   9%|▉         | 2204/25000 [3:18:17 > 19:12]
SOAP:   9%|▉         | 2205/25000 [3:18:09 > 19:13]
SOAP:   9%|▉         | 2206/25000 [3:17:58 > 19:13]
SOAP:   9%|▉         | 2207/25000 [3:18:05 > 19:14]
SOAP:   9%|▉         | 2208/25000 [3:18:02 > 19:14]
SOAP:   9%|▉         | 2209/25000 [3:17:54 > 19:15]
SOAP:   9%|▉         | 2210/25000 [3:17:57 > 19:16]
SOAP:   9%|▉         | 2211/25000 [3:17:59 > 19:16]
SOAP:   9%|▉         | 2212/25000 [3:17:50 > 19:17]
SOAP:   9%|▉         | 2213/25000 [3:17:51 > 19:17]
SOAP:   9%|▉         | 2214/25000 [3:17:47 > 19:18]
SOAP:   9%|▉         | 2215/25000 [3:17:50 > 19:18]
SOAP:   9%|▉         | 2216/25000 [3:17:56 > 19:19]
SOAP:   9%|▉         | 2217/25000 [3:17:51 > 19:19]
SOAP:   9%|▉         | 2218/25000 [3:16:17 > 19:20]
SOAP:   9%|▉         | 2219/25000 [3:16:55 > 19:20]
SOAP:   9%|▉         | 2220/25000 [3:18:36 > 19:21]
SOAP:   9%|▉         | 2221/25000 [3:16:54 > 19:21]
SOAP:   9%|▉         | 2222/25000 [3:17:15 > 19:22]
SOAP:   9%|▉         | 2223/25000 [3:18:53 > 19:22]
SOAP:   9%|▉         | 2224/25000 [3:18:36 > 19:23]
SOAP:   9%|▉         | 2225/25000 [3:18:27 > 19:23]
SOAP:   9%|▉         | 2226/25000 [3:18:14 > 19:24]
SOAP:   9%|▉         | 2227/25000 [3:18:01 > 19:24]
SOAP:   9%|▉         | 2228/25000 [3:17:57 > 19:25]
SOAP:   9%|▉         | 2229/25000 [3:17:54 > 19:25]
SOAP:   9%|▉         | 2230/25000 [3:17:46 > 19:26]
SOAP:   9%|▉         | 2231/25000 [3:17:46 > 19:26]
SOAP:   9%|▉         | 2232/25000 [3:17:41 > 19:27]
SOAP:   9%|▉         | 2233/25000 [3:17:50 > 19:28]
SOAP:   9%|▉         | 2234/25000 [3:17:49 > 19:28]
SOAP:   9%|▉         | 2235/25000 [3:17:45 > 19:29]
SOAP:   9%|▉         | 2236/25000 [3:17:42 > 19:29]
SOAP:   9%|▉         | 2237/25000 [3:17:49 > 19:30]
SOAP:   9%|▉         | 2238/25000 [3:17:38 > 19:30]
SOAP:   9%|▉         | 2239/25000 [3:17:43 > 19:31]
SOAP:   9%|▉         | 2240/25000 [3:17:52 > 19:31]
SOAP:   9%|▉         | 2241/25000 [3:18:17 > 19:32]
SOAP:   9%|▉         | 2242/25000 [3:18:02 > 19:32]
SOAP:   9%|▉         | 2243/25000 [3:18:00 > 19:33]
SOAP:   9%|▉         | 2244/25000 [3:18:28 > 19:33]
SOAP:   9%|▉         | 2245/25000 [3:18:22 > 19:34]
SOAP:   9%|▉         | 2246/25000 [3:18:07 > 19:34]
SOAP:   9%|▉         | 2247/25000 [3:17:46 > 19:35]
SOAP:   9%|▉         | 2248/25000 [3:17:40 > 19:35]
SOAP:   9%|▉         | 2249/25000 [3:17:36 > 19:36]
SOAP:   9%|▉         | 2250/25000 [3:17:36 > 19:36]
SOAP:   9%|▉         | 2251/25000 [3:17:37 > 19:37]
SOAP:   9%|▉         | 2252/25000 [3:17:47 > 19:37]
SOAP:   9%|▉         | 2253/25000 [3:17:50 > 19:38]
SOAP:   9%|▉         | 2254/25000 [3:17:40 > 19:38]
SOAP:   9%|▉         | 2255/25000 [3:17:43 > 19:39]
SOAP:   9%|▉         | 2256/25000 [3:18:03 > 19:40]
SOAP:   9%|▉         | 2257/25000 [3:16:21 > 19:40]
SOAP:   9%|▉         | 2258/25000 [3:18:11 > 19:41]
SOAP:   9%|▉         | 2259/25000 [3:18:02 > 19:41]
SOAP:   9%|▉         | 2260/25000 [3:18:01 > 19:42]
SOAP:   9%|▉         | 2261/25000 [3:18:21 > 19:42]
SOAP:   9%|▉         | 2262/25000 [3:18:07 > 19:43]
SOAP:   9%|▉         | 2263/25000 [3:17:49 > 19:43]
SOAP:   9%|▉         | 2264/25000 [3:17:39 > 19:44]
SOAP:   9%|▉         | 2265/25000 [3:17:36 > 19:44]
SOAP:   9%|▉         | 2266/25000 [3:17:38 > 19:45]
SOAP:   9%|▉         | 2267/25000 [3:18:05 > 19:45]
SOAP:   9%|▉         | 2268/25000 [3:18:23 > 19:46]
SOAP:   9%|▉         | 2269/25000 [3:18:08 > 19:46]
SOAP:   9%|▉         | 2270/25000 [3:17:58 > 19:47]
SOAP:   9%|▉         | 2271/25000 [3:17:42 > 19:47]
SOAP:   9%|▉         | 2272/25000 [3:17:35 > 19:48]
SOAP:   9%|▉         | 2273/25000 [3:17:40 > 19:48]
SOAP:   9%|▉         | 2274/25000 [3:17:38 > 19:49]
SOAP:   9%|▉         | 2275/25000 [3:17:32 > 19:49]
SOAP:   9%|▉         | 2276/25000 [3:17:22 > 19:50]
SOAP:   9%|▉         | 2277/25000 [3:17:23 > 19:50]
SOAP:   9%|▉         | 2278/25000 [3:17:20 > 19:51]
SOAP:   9%|▉         | 2279/25000 [3:17:22 > 19:52]
SOAP:   9%|▉         | 2280/25000 [3:17:19 > 19:52]
SOAP:   9%|▉         | 2281/25000 [3:17:06 > 19:53]
SOAP:   9%|▉         | 2282/25000 [3:17:07 > 19:53]
SOAP:   9%|▉         | 2283/25000 [3:17:12 > 19:54]
SOAP:   9%|▉         | 2284/25000 [3:17:07 > 19:54]
SOAP:   9%|▉         | 2285/25000 [3:17:08 > 19:55]
SOAP:   9%|▉         | 2286/25000 [3:17:14 > 19:55]
SOAP:   9%|▉         | 2287/25000 [3:17:08 > 19:56]
SOAP:   9%|▉         | 2288/25000 [3:17:07 > 19:56]
SOAP:   9%|▉         | 2289/25000 [3:17:07 > 19:57]
SOAP:   9%|▉         | 2290/25000 [3:17:21 > 19:57]
SOAP:   9%|▉         | 2291/25000 [3:17:11 > 19:58]
SOAP:   9%|▉         | 2292/25000 [3:17:17 > 19:58]
SOAP:   9%|▉         | 2293/25000 [3:17:20 > 19:59]
SOAP:   9%|▉         | 2294/25000 [3:17:20 > 19:59]
SOAP:   9%|▉         | 2295/25000 [3:16:32 > 20:00]
SOAP:   9%|▉         | 2296/25000 [3:16:59 > 20:00]
SOAP:   9%|▉         | 2297/25000 [3:17:04 > 20:01]
SOAP:   9%|▉         | 2298/25000 [3:17:09 > 20:01]
SOAP:   9%|▉         | 2299/25000 [3:17:08 > 20:02]
SOAP:   9%|▉         | 2300/25000 [3:17:17 > 20:02]
SOAP:   9%|▉         | 2301/25000 [3:19:04 > 20:03]
SOAP:   9%|▉         | 2302/25000 [3:17:37 > 20:04]
SOAP:   9%|▉         | 2303/25000 [3:17:29 > 20:04]
SOAP:   9%|▉         | 2304/25000 [3:17:17 > 20:05]
SOAP:   9%|▉         | 2305/25000 [3:15:40 > 20:05]
SOAP:   9%|▉         | 2306/25000 [3:17:42 > 20:06]
SOAP:   9%|▉         | 2307/25000 [3:17:25 > 20:06]
SOAP:   9%|▉         | 2308/25000 [3:17:31 > 20:07]
SOAP:   9%|▉         | 2309/25000 [3:17:23 > 20:07]
SOAP:   9%|▉         | 2310/25000 [3:17:17 > 20:08]
SOAP:   9%|▉         | 2311/25000 [3:17:29 > 20:08]
SOAP:   9%|▉         | 2312/25000 [3:17:45 > 20:09]
SOAP:   9%|▉         | 2313/25000 [3:17:32 > 20:09]
SOAP:   9%|▉         | 2314/25000 [3:17:27 > 20:10]
SOAP:   9%|▉         | 2315/25000 [3:17:22 > 20:10]
SOAP:   9%|▉         | 2316/25000 [3:17:22 > 20:11]
SOAP:   9%|▉         | 2317/25000 [3:17:16 > 20:11]
SOAP:   9%|▉         | 2318/25000 [3:15:45 > 20:12]
SOAP:   9%|▉         | 2319/25000 [3:17:37 > 20:12]
SOAP:   9%|▉         | 2320/25000 [3:17:28 > 20:13]
SOAP:   9%|▉         | 2321/25000 [3:17:05 > 20:13]
SOAP:   9%|▉         | 2322/25000 [3:17:05 > 20:14]
SOAP:   9%|▉         | 2323/25000 [3:17:01 > 20:14]
SOAP:   9%|▉         | 2324/25000 [3:16:56 > 20:15]
SOAP:   9%|▉         | 2325/25000 [3:16:52 > 20:16]
SOAP:   9%|▉         | 2326/25000 [3:16:59 > 20:16]
SOAP:   9%|▉         | 2327/25000 [3:16:53 > 20:17]
SOAP:   9%|▉         | 2328/25000 [3:16:53 > 20:17]
SOAP:   9%|▉         | 2329/25000 [3:16:46 > 20:18]
SOAP:   9%|▉         | 2330/25000 [3:16:47 > 20:18]
SOAP:   9%|▉         | 2331/25000 [3:16:51 > 20:19]
SOAP:   9%|▉         | 2332/25000 [3:16:46 > 20:19]
SOAP:   9%|▉         | 2333/25000 [3:16:48 > 20:20]
SOAP:   9%|▉         | 2334/25000 [3:16:53 > 20:20]
SOAP:   9%|▉         | 2335/25000 [3:16:54 > 20:21]
SOAP:   9%|▉         | 2336/25000 [3:16:54 > 20:21]
SOAP:   9%|▉         | 2337/25000 [3:16:49 > 20:22]
SOAP:   9%|▉         | 2338/25000 [3:16:45 > 20:22]
SOAP:   9%|▉         | 2339/25000 [3:16:49 > 20:23]
SOAP:   9%|▉         | 2340/25000 [3:16:43 > 20:23]
SOAP:   9%|▉         | 2341/25000 [3:16:38 > 20:24]
SOAP:   9%|▉         | 2342/25000 [3:16:42 > 20:24]
SOAP:   9%|▉         | 2343/25000 [3:16:39 > 20:25]
SOAP:   9%|▉         | 2344/25000 [3:16:40 > 20:25]
SOAP:   9%|▉         | 2345/25000 [3:16:36 > 20:26]
SOAP:   9%|▉         | 2346/25000 [3:16:38 > 20:26]
SOAP:   9%|▉         | 2347/25000 [3:16:40 > 20:27]
SOAP:   9%|▉         | 2348/25000 [3:16:41 > 20:27]
SOAP:   9%|▉         | 2349/25000 [3:16:37 > 20:28]
SOAP:   9%|▉         | 2350/25000 [3:16:32 > 20:29]
SOAP:   9%|▉         | 2351/25000 [3:16:36 > 20:29]
SOAP:   9%|▉         | 2352/25000 [3:16:46 > 20:30]
SOAP:   9%|▉         | 2353/25000 [3:16:39 > 20:30]
SOAP:   9%|▉         | 2354/25000 [3:16:42 > 20:31]
SOAP:   9%|▉         | 2355/25000 [3:16:36 > 20:31]
SOAP:   9%|▉         | 2356/25000 [3:16:37 > 20:32]
SOAP:   9%|▉         | 2357/25000 [3:15:26 > 20:32]
SOAP:   9%|▉         | 2358/25000 [3:16:39 > 20:33]
SOAP:   9%|▉         | 2359/25000 [3:16:35 > 20:33]
SOAP:   9%|▉         | 2360/25000 [3:16:29 > 20:34]
SOAP:   9%|▉         | 2361/25000 [3:16:32 > 20:34]
SOAP:   9%|▉         | 2362/25000 [3:16:33 > 20:35]
SOAP early stopping at step 2363/25000: total loss unchanged for 150 steps (best=1.047074e-02).

SOAP:   9%|▉         | 2362/25000 [3:17:24 > 20:35]
Training saved: C:\Ali Computation\pinn\code\heterogeneous\pino_heterogeneous\results\exp_G12_grf_ell020_K200_N500_default_float64_soap\pino_heterogeneous_concentration.png C:\Ali Computation\pinn\code\heterogeneous\pino_heterogeneous\results\exp_G12_grf_ell020_K200_N500_default_float64_soap\pino_heterogeneous_loss.png C:\Ali Computation\pinn\code\heterogeneous\pino_heterogeneous\results\exp_G12_grf_ell020_K200_N500_default_float64_soap\pino_heterogeneous_model.pt
COMSOL validation: 81 media -> C:\Ali Computation\pinn\code\heterogeneous\pino_heterogeneous\results\exp_G12_grf_ell020_K200_N500_default_float64_soap\comsol_validation  (x* collocation n=86)

COMSOL vs PINO:   0%|          | 0/81 [00:00<?, ?it/s]
COMSOL vs PINO:   1%|          | 1/81 [00:01<01:21,  1.02s/it]
COMSOL vs PINO:   2%|▏         | 2/81 [00:02<01:21,  1.04s/it]
COMSOL vs PINO:   4%|▎         | 3/81 [00:03<01:23,  1.07s/it]
COMSOL vs PINO:   5%|▍         | 4/81 [00:04<01:21,  1.06s/it]
COMSOL vs PINO:   6%|▌         | 5/81 [00:05<01:26,  1.14s/it]
COMSOL vs PINO:   7%|▋         | 6/81 [00:06<01:23,  1.11s/it]
COMSOL vs PINO:   9%|▊         | 7/81 [00:07<01:21,  1.09s/it]
COMSOL vs PINO:  10%|▉         | 8/81 [00:08<01:18,  1.08s/it]
COMSOL vs PINO:  11%|█         | 9/81 [00:09<01:16,  1.06s/it]
COMSOL vs PINO:  12%|█▏        | 10/81 [00:10<01:14,  1.05s/it]
COMSOL vs PINO:  14%|█▎        | 11/81 [00:11<01:13,  1.05s/it]
COMSOL vs PINO:  15%|█▍        | 12/81 [00:12<01:13,  1.06s/it]
COMSOL vs PINO:  16%|█▌        | 13/81 [00:13<01:11,  1.06s/it]
COMSOL vs PINO:  17%|█▋        | 14/81 [00:14<01:10,  1.05s/it]
COMSOL vs PINO:  19%|█▊        | 15/81 [00:15<01:09,  1.05s/it]
COMSOL vs PINO:  20%|█▉        | 16/81 [00:17<01:08,  1.05s/it]
COMSOL vs PINO:  21%|██        | 17/81 [00:18<01:06,  1.05s/it]
COMSOL vs PINO:  22%|██▏       | 18/81 [00:19<01:05,  1.04s/it]
COMSOL vs PINO:  23%|██▎       | 19/81 [00:20<01:04,  1.05s/it]
COMSOL vs PINO:  25%|██▍       | 20/81 [00:21<01:10,  1.15s/it]
COMSOL vs PINO:  26%|██▌       | 21/81 [00:22<01:07,  1.12s/it]
COMSOL vs PINO:  27%|██▋       | 22/81 [00:23<01:04,  1.10s/it]
COMSOL vs PINO:  28%|██▊       | 23/81 [00:24<01:02,  1.08s/it]
COMSOL vs PINO:  30%|██▉       | 24/81 [00:25<01:01,  1.08s/it]
COMSOL vs PINO:  31%|███       | 25/81 [00:26<00:59,  1.07s/it]
COMSOL vs PINO:  32%|███▏      | 26/81 [00:27<00:58,  1.06s/it]
COMSOL vs PINO:  33%|███▎      | 27/81 [00:28<00:57,  1.06s/it]
COMSOL vs PINO:  35%|███▍      | 28/81 [00:29<00:55,  1.05s/it]
COMSOL vs PINO:  36%|███▌      | 29/81 [00:30<00:54,  1.05s/it]
COMSOL vs PINO:  37%|███▋      | 30/81 [00:32<00:53,  1.05s/it]
COMSOL vs PINO:  38%|███▊      | 31/81 [00:33<00:52,  1.05s/it]
COMSOL vs PINO:  40%|███▉      | 32/81 [00:34<00:51,  1.05s/it]
COMSOL vs PINO:  41%|████      | 33/81 [00:35<00:50,  1.06s/it]
COMSOL vs PINO:  42%|████▏     | 34/81 [00:36<00:49,  1.06s/it]
COMSOL vs PINO:  43%|████▎     | 35/81 [00:37<00:53,  1.15s/it]
COMSOL vs PINO:  44%|████▍     | 36/81 [00:38<00:50,  1.12s/it]
COMSOL vs PINO:  46%|████▌     | 37/81 [00:39<00:48,  1.10s/it]
COMSOL vs PINO:  47%|████▋     | 38/81 [00:40<00:46,  1.08s/it]
COMSOL vs PINO:  48%|████▊     | 39/81 [00:41<00:44,  1.07s/it]
COMSOL vs PINO:  49%|████▉     | 40/81 [00:42<00:43,  1.06s/it]
COMSOL vs PINO:  51%|█████     | 41/81 [00:43<00:42,  1.06s/it]
COMSOL vs PINO:  52%|█████▏    | 42/81 [00:44<00:41,  1.06s/it]
COMSOL vs PINO:  53%|█████▎    | 43/81 [00:46<00:40,  1.06s/it]
COMSOL vs PINO:  54%|█████▍    | 44/81 [00:47<00:38,  1.05s/it]
COMSOL vs PINO:  56%|█████▌    | 45/81 [00:48<00:37,  1.05s/it]
COMSOL vs PINO:  57%|█████▋    | 46/81 [00:49<00:36,  1.05s/it]
COMSOL vs PINO:  58%|█████▊    | 47/81 [00:50<00:36,  1.09s/it]
COMSOL vs PINO:  59%|█████▉    | 48/81 [00:51<00:38,  1.17s/it]
COMSOL vs PINO:  60%|██████    | 49/81 [00:52<00:36,  1.14s/it]
COMSOL vs PINO:  62%|██████▏   | 50/81 [00:53<00:34,  1.12s/it]
COMSOL vs PINO:  63%|██████▎   | 51/81 [00:54<00:32,  1.10s/it]
COMSOL vs PINO:  64%|██████▍   | 52/81 [00:55<00:31,  1.09s/it]
COMSOL vs PINO:  65%|██████▌   | 53/81 [00:56<00:30,  1.08s/it]
COMSOL vs PINO:  67%|██████▋   | 54/81 [00:58<00:28,  1.07s/it]
COMSOL vs PINO:  68%|██████▊   | 55/81 [00:59<00:27,  1.07s/it]
COMSOL vs PINO:  69%|██████▉   | 56/81 [01:00<00:26,  1.06s/it]
COMSOL vs PINO:  70%|███████   | 57/81 [01:01<00:25,  1.07s/it]
COMSOL vs PINO:  72%|███████▏  | 58/81 [01:02<00:24,  1.06s/it]
COMSOL vs PINO:  73%|███████▎  | 59/81 [01:03<00:23,  1.05s/it]
COMSOL vs PINO:  74%|███████▍  | 60/81 [01:04<00:22,  1.05s/it]
COMSOL vs PINO:  75%|███████▌  | 61/81 [01:05<00:21,  1.05s/it]
COMSOL vs PINO:  77%|███████▋  | 62/81 [01:06<00:20,  1.05s/it]
COMSOL vs PINO:  78%|███████▊  | 63/81 [01:07<00:20,  1.15s/it]
COMSOL vs PINO:  79%|███████▉  | 64/81 [01:08<00:19,  1.12s/it]
COMSOL vs PINO:  80%|████████  | 65/81 [01:09<00:17,  1.10s/it]
COMSOL vs PINO:  81%|████████▏ | 66/81 [01:10<00:16,  1.09s/it]
COMSOL vs PINO:  83%|████████▎ | 67/81 [01:12<00:15,  1.08s/it]
COMSOL vs PINO:  84%|████████▍ | 68/81 [01:13<00:13,  1.07s/it]
COMSOL vs PINO:  85%|████████▌ | 69/81 [01:14<00:12,  1.06s/it]
COMSOL vs PINO:  86%|████████▋ | 70/81 [01:15<00:11,  1.06s/it]
COMSOL vs PINO:  88%|████████▊ | 71/81 [01:16<00:10,  1.06s/it]
COMSOL vs PINO:  89%|████████▉ | 72/81 [01:17<00:09,  1.06s/it]
COMSOL vs PINO:  90%|█████████ | 73/81 [01:18<00:08,  1.05s/it]
COMSOL vs PINO:  91%|█████████▏| 74/81 [01:19<00:07,  1.06s/it]
COMSOL vs PINO:  93%|█████████▎| 75/81 [01:20<00:06,  1.05s/it]
COMSOL vs PINO:  94%|█████████▍| 76/81 [01:21<00:05,  1.06s/it]
COMSOL vs PINO:  95%|█████████▌| 77/81 [01:22<00:04,  1.08s/it]
COMSOL vs PINO:  96%|█████████▋| 78/81 [01:24<00:03,  1.17s/it]
COMSOL vs PINO:  98%|█████████▊| 79/81 [01:25<00:02,  1.14s/it]
COMSOL vs PINO:  99%|█████████▉| 80/81 [01:26<00:01,  1.11s/it]
COMSOL vs PINO: 100%|██████████| 81/81 [01:27<00:00,  1.09s/it]
COMSOL vs PINO: 100%|██████████| 81/81 [01:27<00:00,  1.08s/it]
COMSOL validation summary: n=81  mean=1.441364e-01  max=9.494998e-01  min=1.230212e-02
Wrote C:\Ali Computation\pinn\code\heterogeneous\pino_heterogeneous\results\exp_G12_grf_ell020_K200_N500_default_float64_soap\comsol_validation\comsol_validation_summary.csv
Run metadata: C:\Ali Computation\pinn\code\heterogeneous\pino_heterogeneous\results\exp_G12_grf_ell020_K200_N500_default_float64_soap\run_meta.json
Wall-clock train: 1236.9 s
Wall-clock validation: 87.2 s
Wall-clock total: 1336.4 s  device=cuda

# exit 0 after 0:22:20.882772
