step,total,pde,ic,inlet,outlet
1,1.1162576749497477,0.24624381174148988,0.10313280416488907,0.7577081277309693,0.009172931312399603
2,1.1162576749497477,0.24624381174148988,0.10313280416488907,0.7577081277309693,0.009172931312399603
3,1.0475894419105338,0.19524770901336186,0.0870690088769447,0.7565009279904135,0.00877179602981387
4,0.9856853415752331,0.15151207948084722,0.07537681962759367,0.7494246332630894,0.009371809203702864
5,0.9290259554208207,0.11416431063448322,0.06557481651649144,0.7387468409150567,0.010539987354789343
6,0.8766645056685517,0.08300148357018322,0.05740017032800591,0.7237908346419956,0.012472017128367034
7,0.8276964111713986,0.05807030965439903,0.05084629315079893,0.7032209297926817,0.015558878573518915
8,0.7812677795785362,0.03964762803690723,0.04590236884013173,0.6753251119911589,0.02039267071033851
9,0.7366995095475007,0.028373514280538623,0.04262354461774463,0.6378559424660165,0.02784650818320102
10,0.6938008476457783,0.025168592404097266,0.04110226667153842,0.5883895560573219,0.03914043251282069
11,0.6538920697202383,0.03118716484261458,0.041316657783173845,0.525678482211283,0.055709764883166896
12,0.6205144239266606,0.04766041957140411,0.043129265187165304,0.451059307186104,0.07866543198198715
13,0.5982698579962644,0.07440172429352841,0.0460148287848968,0.371082300933429,0.10677100398441014
14,0.5876048708824638,0.10681071883393693,0.048887843367180724,0.29768193475973287,0.13422437392161327
15,0.5811519387477975,0.13624856303192392,0.05090100299985095,0.24019081207527015,0.15381156064075235
16,0.5691722659941493,0.15550894211759553,0.052001853801082853,0.19967559736722199,0.16198587270824893
17,0.5464673640342846,0.16242225191339613,0.052440001948557496,0.17237459033001074,0.15923051984232026
18,0.5132913242085325,0.15867260823520685,0.0524525299239488,0.15411084527718194,0.14805534077219495
19,0.4729022775117169,0.14744074610388297,0.0522232171069045,0.14183526105401198,0.1314030532469174
20,0.42949872458894117,0.13209218597119957,0.051907637184946044,0.13351494047249418,0.1119839609603014
21,0.38706052909509864,0.11565146618400825,0.05164181874909854,0.12773106432247697,0.09203617983951491
22,0.3486751902590937,0.10054727678824454,0.05154594553910365,0.12335927849424744,0.07322268943749805
23,0.3161987254839294,0.0884685569721442,0.05173560653952316,0.11938121777532597,0.05661334419693608
24,0.2902479726561891,0.0803575182930574,0.052326095502303854,0.11482679319870667,0.042737565662121176
25,0.2704572131982308,0.07650842112699772,0.053425193707809564,0.10883937387708534,0.031684224486338154
26,0.25587078512564765,0.0766956653637311,0.05511780142234436,0.10082910850757534,0.023228209831996856
27,0.24533666559055192,0.08027482604878003,0.057441900561382445,0.0906564470003936,0.016963491979995825
28,0.2377765781261305,0.08625095329030862,0.06035295055793656,0.07874937912296598,0.01242329515491937
29,0.23224717549854684,0.09335561558248268,0.06368167270329955,0.06604054518689322,0.00916934202587139
30,0.2278443792211812,0.10020239602089286,0.06711391150275127,0.053688348535167574,0.006839723162369505
31,0.2236459898654594,0.10555760186347374,0.07023626875102087,0.0426910645753446,0.005161054675620159
32,0.21881914064569097,0.10862626502020764,0.07263651954534803,0.03361806023978304,0.003938295840352275
33,0.21280400142478798,0.10918566815015644,0.07399833640187665,0.02658376656380998,0.0030362303089448996
34,0.20541529460044167,0.1075133182378718,0.07414716803527427,0.021392924028352727,0.0023618842989428803
35,0.1968087241800804,0.1041955007885444,0.07304382675799771,0.017718464177080968,0.0018509324564573149
36,0.1873651817725053,0.0999280562707702,0.0707512912690183,0.015227549339882785,0.001458284892834007
37,0.1775608848073525,0.0953659752244215,0.06739934756100238,0.013643576943471972,0.0011519850784566588
38,0.16786157209889854,0.09102965656281092,0.06315842424053902,0.012764141432101573,0.0009093498634470206
39,0.15865362046892517,0.08725886450614832,0.0582232350531786,0.012457070513983527,0.0007144503956147098
40,0.15021131577409289,0.08420389606291305,0.05280200630752959,0.01264911511533637,0.0005562982883138965
41,0.14269194696095786,0.08184290524153086,0.04710744180034618,0.013314178185672765,0.0004274217334080794
42,0.13615062490600918,0.08001696458527228,0.04134816411476701,0.014462754531331518,0.00032274167463837303
43,0.13056974409244318,0.07847903144555833,0.035720423527775456,0.016131599635614776,0.00023868948349461247
44,0.12589588517888733,0.07695228391862863,0.030399721907505648,0.018371366804090634,0.00017251254866243576
45,0.12207248215198106,0.07518902492647708,0.025532418848969743,0.021229266088706424,0.00012177228782781311
46,0.11905554342179345,0.07301922732263508,0.02122821000235672,0.024724039563628657,8.406653317298821e-05
47,0.1168039340975287,0.07037922758721457,0.017554849683028315,0.028812886723593313,5.697010369251171e-05
48,0.11524561782796368,0.06731503158664742,0.014536372962296606,0.03335608524640635,3.812803261329989e-05
49,0.11423642995115577,0.06396023527645286,0.012155553312760737,0.03809523619873701,2.540516320515375e-05
50,0.1135416001240911,0.06049520524065636,0.010360985215388042,0.042668399954333636,1.700971371307532e-05
51,0.11286463947608959,0.05710102676193112,0.009079027675579025,0.04667303600745054,1.15490311288992e-05
52,0.11191388653872256,0.05392433395241641,0.008229299253264419,0.0497522383852642,8.014947777522271e-06
53,0.11046596329143359,0.051061779315146064,0.007739399402089092,0.05165906422916479,5.720345033641976e-06
54,0.10839622890199979,0.04856057486517868,0.0075542189355429605,0.052277217830796134,4.217270482025093e-06
55,0.1056786337636944,0.046426364768626834,0.007638880605388742,0.05161016696502685,3.2214246519662405e-06
56,0.10237168154477518,0.04463274720382726,0.007977486389410695,0.04975889346404731,2.5544874899063237e-06
57,0.09860199795670689,0.043130754082241284,0.008570031874349392,0.046899107233992696,2.1047661235207366e-06
58,0.09454830773431898,0.04185808497042738,0.009428606598101996,0.04325981418189458,1.8019838950105093e-06
59,0.09042399711906227,0.04074770968887089,0.010572903690433219,0.0391017821234232,1.6016163349615143e-06
60,0.08645583332200216,0.03973499204720158,0.01202452374117001,0.034694842281392524,1.475252238030501e-06
61,0.08285809608253383,0.03876244234243463,0.01379954767998369,0.030294701433098738,1.4046270167778113e-06
62,0.07980405296771542,0.037781713924906084,0.015899368826577706,0.02612159236856163,1.3778476699950564e-06
63,0.07739947956839355,0.03675331676359297,0.01830082033039762,0.0223439555703964,1.3869040065505413e-06
64,0.07566478219933587,0.035645288247005115,0.020947980099199796,0.019070087918617664,1.4259345132891687e-06
65,0.07453197570178555,0.034432247311867746,0.023748991844561883,0.016349246569595813,1.4899757601070593e-06
66,0.07385949014763706,0.033095700799148295,0.02658080942506133,0.014181405803701905,1.5741197255242166e-06
67,0.07346223560150955,0.03162554746255357,0.029302402773255916,0.012532612235357173,1.6731303428907115e-06
68,0.07314901226687857,0.03002200739167165,0.031773481054454565,0.011351742230770456,1.7815899819094159e-06
69,0.07275712486199828,0.028296973428936886,0.0338733250415009,0.010584931845523534,1.8945460369706728e-06
70,0.0721761606801001,0.026473959543951774,0.035514637273931046,0.010185555384538273,2.0084776790059207e-06
71,0.07135767708742398,0.024586178452357874,0.03665000238342998,0.010119373938035532,2.1223136006007994e-06
72,0.07031197359416508,0.022672696038759477,0.0372715203793981,0.010365518911921756,2.23826408575573e-06
73,0.06909538840237496,0.020773136199830133,0.037405814843974365,0.010914074988074797,2.362370495663073e-06
74,0.0677918391239919,0.018922065175818518,0.03710674750221657,0.011760521588840719,2.504857116106277e-06
75,0.06649179649738336,0.01714486099859795,0.03644744734301469,0.012896807642363747,2.680513406991725e-06
76,0.06527182845399364,0.015457398957806567,0.035512339712232194,0.014299180419386427,2.9093645684573887e-06
77,0.06417932416909478,0.013871933809499387,0.03438910969094342,0.015915062938684672,3.2177299672954507e-06
78,0.06322958411266198,0.01241018743102628,0.033160313804854416,0.01765544351603844,3.639360742844819e-06
79,0.06242142647267256,0.011120156496370026,0.03189514549789474,0.019401908797534402,4.2156808733967304e-06
80,0.061766103212767466,0.010085826592804964,0.030643158896981822,0.021032124784551,4.9929384296745e-06
81,0.06130737898460173,0.009414755320559368,0.029431754832045597,0.022454857284603613,6.0115473931502054e-06
82,0.06110711852538607,0.009194610269824799,0.02826767739724897,0.023637550992373902,7.279865938404845e-06
83,0.061191828230795976,0.009427395220833015,0.02714171899303785,0.02461398659615369,8.72742077142371e-06
84,0.06149135156324558,0.009975558895608909,0.0260364537684229,0.02546918418365649,1.0154715557280409e-05
85,0.061826335672401735,0.010572824920279032,0.024937144324991563,0.026305128017979303,1.123840915183314e-05
86,0.06197810709954343,0.01092591204971963,0.023843050739145985,0.027197493463110803,1.1650847567010979e-05
87,0.061796672758299726,0.010851546949035527,0.022772957475197825,0.028160926419657062,1.1241914409310513e-05
88,0.06125706464795043,0.010349835997287631,0.02176202346208656,0.029135078960493378,1.0126228082859319e-05
89,0.06042906438252165,0.00957705595426548,0.02085363518748396,0.029989770133350083,8.603107422129958e-06
90,0.05940246346940868,0.00875783173883475,0.020090844279499517,0.030546790198538724,6.997252535691334e-06
91,0.058231163651875265,0.008094303992494539,0.019509130653377435,0.03062218846545394,5.54054054935132e-06
92,0.05693337497465947,0.007712422267070103,0.019130819045339784,0.03008579416369387,4.339498555718115e-06
93,0.055537346503721774,0.007658706392764066,0.01896192840903706,0.028913307669638483,3.404032282161853e-06
94,0.054124253871626664,0.007929685595506017,0.01899199623394712,0.027199877922775798,2.6941193977297703e-06
95,0.05282776368711844,0.008500554634347608,0.019195820346506468,0.025129232758409274,2.155947855092657e-06
96,0.05179047322927718,0.009333690565251242,0.019535599745600853,0.022919442110836904,1.7408075881847452e-06
97,0.05110822825485421,0.010372286351099673,0.019963197289972215,0.020771332828340004,1.411785442321709e-06
98,0.05079723762872828,0.011537328324438044,0.020423483787517006,0.018835281119190576,1.1443975826551278e-06
99,0.05080154055667906,0.01274104202736411,0.02085968388139333,0.01719989006986559,9.245780560292833e-07
100,0.05103051197549843,0.01391137550172703,0.021220229299461484,0.015898161790994347,7.4538331557114e-07
101,0.051395906736873144,0.015007092715319184,0.021465164451009794,0.01492304618960946,6.03380934699002e-07
102,0.05182364966289368,0.01600896933405795,0.021570106151571917,0.014244078267115731,4.959101480748187e-07
103,0.052051281697007366,0.016599589722344012,0.021565718622244854,0.01388552678610046,4.4656631804551806e-07
104,0.052182312910267266,0.017051164910033244,0.021405848317535985,0.013724890934822055,4.0874787598036633e-07
105,0.0521982370592628,0.017352089716375575,0.021096853365484315,0.013748912410828016,3.815665748905441e-07
106,0.05209346807472905,0.017495654049293836,0.02065525559274114,0.013942193970819876,3.6446187419882403e-07
107,0.05187411868132146,0.017480848799912713,0.020105563530122793,0.014287349147284434,3.572040015256362e-07
108,0.05155637902733493,0.01731368320121767,0.01947785495255186,0.014764480918161887,3.599554035199787e-07
109,0.051164246092071784,0.017008116222380305,0.018805439735531473,0.015350316765598672,3.733685613409188e-07
110,0.05072635357975722,0.016585816730723613,0.018122760661796196,0.016017377483523856,3.987037135530388e-07
111,0.0502719692893946,0.01607435559865855,0.01746357046789717,0.016733605271180018,4.379516588585788e-07
112,0.049826616174497795,0.015503871789291166,0.016859375574208628,0.017462874873337173,4.939376608248547e-07
113,0.0494080762667599,0.014902676955087558,0.016338151307701554,0.018166677644011028,5.703599597641655e-07
114,0.04902370155660667,0.014292713452484718,0.015923375397542187,0.01880694101878381,6.716877959618213e-07
115,0.04866997258681062,0.013686247517833476,0.01563345220843022,0.019349470025450562,8.028350963610383e-07
116,0.04833504084870583,0.013085413642083833,0.015481572847740896,0.019767085774988195,9.685838929016955e-07
117,0.04800433383622363,0.012485703762029206,0.015475964403736282,0.02004149278050009,1.1728899580528161e-06
118,0.04766796740778677,0.01188281990981506,0.01562035428248608,0.020163374812949084,1.4184025365518137e-06
119,0.04732709183293379,0.011280051175524714,0.015914377099558643,0.02013095696875174,1.70658909869111e-06
120,0.04699572462303084,0.010692223935699378,0.01635363824614816,0.01994782380824294,2.038632940354584e-06
121,0.046696269435637684,0.01014365216324162,0.01692921975821385,0.019620980657080424,2.416857101792758e-06
122,0.04645031106297022,0.009660710196115984,0.01762652832007224,0.019160226523104364,2.846023677631919e-06
123,0.04626945330561959,0.009262724868800752,0.01842353411569434,0.018579860798246257,3.3335228782339663e-06
124,0.04615149011649281,0.00895613441184903,0.019288694576511445,0.017902773869493675,3.887258638659318e-06
125,0.046083384271579333,0.008734930183558837,0.020179255464596303,0.017164688291389094,4.510332035100305e-06
126,0.046046766071148645,0.008585649418426159,0.02104108387163235,0.016414839979437944,5.192801652191493e-06
127,0.04602042118822595,0.008491922268763415,0.021811418978826703,0.01571117717416123,5.9027664746036065e-06
128,0.04597936641422109,0.008435686842941988,0.022425475024717978,0.015111623006285237,6.581540275884391e-06
129,0.04589541964162607,0.00839707189096685,0.022826312110934742,0.014664886198580666,7.149441143810458e-06
130,0.04574356701393472,0.008356875955163837,0.022975236017877574,0.014403929260822736,7.525780070581001e-06
131,0.04551238195846114,0.0083024079507312,0.02285891959908608,0.014343397536487727,7.656872156131208e-06
132,0.0452114728695672,0.008232824746136265,0.02249091611774398,0.01448019524655821,7.536759128747667e-06
133,0.044870058493959225,0.00815949526300253,0.02190819161300227,0.0147951633306364,7.208287318022676e-06
134,0.044526983190634334,0.008100898259484415,0.021165125069165833,0.01525421429007468,6.7455719094025845e-06
135,0.04421782757071977,0.008075667045541324,0.02032710908446506,0.01580882222413929,6.229216574092675e-06
136,0.04396555730387593,0.008098050772920596,0.019464531374147182,0.016397249253663815,5.725903144335167e-06
137,0.043777732494288284,0.008177084894889823,0.018646904464691666,0.016948465057273227,5.2780774335633e-06
138,0.04364863527903832,0.00831675651747039,0.017936865265733862,0.017390110123057124,4.9033727769438444e-06
139,0.0435627707409982,0.008513626673679529,0.017384556826034812,0.01765998718446577,4.600056818093462e-06
140,0.04349838452221002,0.008752573062577006,0.017023691482014103,0.017717765198894862,4.354778724049843e-06
141,0.04343278734474067,0.009006419650604391,0.01687027315349115,0.017551943813846442,4.150726798687514e-06
142,0.04335102394946698,0.009244194295288952,0.016923512560815642,0.01717934190059982,3.975192762561592e-06
143,0.04325426352879021,0.009444059944155113,0.017167363190999124,0.016639015536857666,3.824856778303671e-06
144,0.043159730523683666,0.009599965757690234,0.017571331838309927,0.01598472564099658,3.7072866869222095e-06
145,0.04308825084782812,0.009715759406544547,0.018090349421577816,0.015278502992948768,3.639026756982212e-06
146,0.04304656896766531,0.009792410403511365,0.018664929480060818,0.014585587414439832,3.641669653294394e-06
147,0.04301864252625781,0.009820844073652395,0.019224077255488584,0.013969984434658472,3.7367624583585058e-06
148,0.04297425685618679,0.009787348024215888,0.019693187372982476,0.01348978093649127,3.94052249715969e-06
149,0.04288720445531366,0.009684231055478132,0.020006483680940962,0.013192229816819629,4.25990207493413e-06
150,0.04274760933007744,0.009512930792753668,0.020120226768937783,0.013109761449995,4.690318390997136e-06
151,0.04256281674313141,0.009278128316452803,0.02002205080045868,0.013257422869892947,5.214756326976218e-06
152,0.04235285276446384,0.008983055468072057,0.019733792768942885,0.013630197852467938,5.806674980961308e-06
153,0.042146451187915296,0.00863392942785245,0.019308075205565003,0.014198005716121427,6.440838376412253e-06
154,0.04197518319108945,0.008249167613018218,0.01882062423773016,0.014898280380313572,7.110960027497204e-06
155,0.04185991597744327,0.007861571456594456,0.018359778710105638,0.01563072153739931,7.844273343861073e-06
156,0.04179541708708464,0.0075090948864675496,0.0180127719442661,0.016264849317453426,8.700938897562571e-06
157,0.041751839588829505,0.007222353871193346,0.017848975415690447,0.016670758231095307,9.752070850401886e-06
158,0.04169924446413959,0.007017559572999069,0.017905363695880014,0.016765281964192382,1.103923106812861e-05
159,0.04163028146947448,0.006892939164823431,0.0181806334308981,0.01654418271722425,1.2526156528700056e-05
160,0.04155619869389102,0.00682590207039109,0.0186363016280866,0.016079931939241943,1.4063056171385159e-05
161,0.04148787707446676,0.0067813535124328535,0.019199298477788555,0.015491820551419323,1.5404532826026665e-05
162,0.04142722022670174,0.006736213080394221,0.019767921537169695,0.01490677482615746,1.6310782980363584e-05
163,0.041367309730979754,0.006695537991671348,0.02022810424491056,0.014426992433663117,1.6675060734727864e-05
164,0.04128930588141669,0.006678542328893956,0.02047975090951523,0.01411444433624517,1.656830676233256e-05
165,0.041167954975557405,0.00669537482056864,0.020462584909184144,0.013993836346623042,1.615889918157809e-05
166,0.04099595416354672,0.0067452657863561185,0.020169378422515732,0.014065732159028036,1.557779564682822e-05
167,0.04079882029069666,0.006825197137164441,0.019643509618634727,0.014315264067313581,1.48494675839128e-05
168,0.040615121818355956,0.006925072799456235,0.01896858849214833,0.014707528641920067,1.3931884831330844e-05
169,0.04046681381199837,0.007025142479671148,0.018256174246072447,0.015172680515649052,1.2816570605722573e-05
170,0.0403520621827171,0.0071159394347202615,0.017629275044994383,0.01559524550353163,1.1602199470825211e-05
171,0.040253551909570306,0.007213312683761163,0.01719798300759252,0.015831788803254983,1.0467414961640231e-05
172,0.04014862637026867,0.007340090695601224,0.017030828816989335,0.015768132564748634,9.57429292947771e-06
173,0.040027709482382406,0.007499296375138809,0.017135644778264868,0.015383773542052379,8.9947869263582e-06
174,0.03990640380120877,0.007668460298590471,0.01745929855491788,0.014769944793106027,8.700154594395538e-06
175,0.039804974730250055,0.00780658647414713,0.0178973866195842,0.014092407071051435,8.59456546728315e-06
176,0.03971818214571678,0.007868881048758606,0.01831199006498773,0.013528740740479939,8.570291490496902e-06
177,0.03962079301914897,0.007833990296409476,0.018571773776714845,0.01320645283937341,8.576106651239644e-06
178,0.03949554548269907,0.007715077641832508,0.01860243466392363,0.01316937681994694,8.656356995992929e-06
179,0.039343678561891415,0.007540527574150053,0.018409017028186314,0.013385219286039222,8.91467351582285e-06
180,0.039185633051879436,0.007339704393374561,0.01806158883914152,0.013774911042055289,9.428777308065662e-06
181,0.0390531112690805,0.007138363593454352,0.01766585667631144,0.01423870642765138,1.0184571663334308e-05
182,0.03895765181128464,0.006941880255513888,0.017336256090417387,0.014668454910277559,1.1060555075802555e-05
183,0.03887727936060889,0.0067404818539771065,0.017173408990529392,0.014951491390840536,1.1897125261850276e-05
184,0.038789920555010134,0.00655019488353698,0.01724151886843144,0.014985568935779625,1.2637867262094352e-05
185,0.03869456677080763,0.006411155590772899,0.017544355874770174,0.014725697388576783,1.3357916687775529e-05
186,0.03860245939155253,0.00634328262595656,0.018005390796890907,0.014239678888892052,1.4107079813018784e-05
187,0.03852307200090642,0.006329712182804336,0.018464918910708106,0.01371371667203008,1.4724235363898112e-05
188,0.03843952808624746,0.006331483784222777,0.01872328431053699,0.013369881882139981,1.487810934771446e-05
189,0.03832417524008307,0.006326387567088979,0.018648137551966495,0.013335234308260972,1.4415812766626427e-05
190,0.03818081453065061,0.006331431077171825,0.01825159658825029,0.013584219712049345,1.356715317914895e-05
191,0.03803573458909585,0.0063731676644644365,0.017663575960256625,0.013986311870744988,1.2679093629798305e-05
192,0.03791495892535756,0.006461732412880814,0.01705936409613928,0.01438197295898589,1.1889457351572788e-05
193,0.03781873659668075,0.00657365218846639,0.01659597619264949,0.014637986449656618,1.1121765908258979e-05
194,0.03771897765882553,0.006668573257969981,0.016376216075922913,0.014663859602711233,1.0328722221406867e-05
195,0.03760685607938043,0.006747755260808481,0.016433990519261334,0.014415455169612545,9.655129698070883e-06
196,0.037495282335754915,0.0068269906178345715,0.01671835903634414,0.013940629313093035,9.303368483170135e-06
197,0.037389989718710645,0.00687887178021216,0.017077751806961975,0.013424056416539622,9.309714996887553e-06
198,0.03727481546094932,0.00684587849905728,0.01729894637826398,0.013120483534930094,9.507048697971483e-06
199,0.03712646367390852,0.006697466858409959,0.017242914899826274,0.013176329533981289,9.75238169099481e-06
200,0.036957791558393016,0.006469551951892837,0.016950157158140487,0.013527948597220342,1.0133851139350803e-05
201,0.03679764926481813,0.006226530477182675,0.01659297356756112,0.013967312193545536,1.0833026528797211e-05
202,0.03665909849127548,0.006007443446796706,0.01635425789548123,0.014285567377473933,1.1829771523615943e-05
203,0.03656027817491551,0.005866564518654639,0.016383839605169186,0.014297475206393552,1.2398844698133489e-05
204,0.03645492864564314,0.005741929266109071,0.016611916136080807,0.01408815220943617,1.2931034017096933e-05
205,0.036356387497984956,0.005653959914313117,0.016956998214355062,0.01373195613284708,1.347323646969509e-05
206,0.0362671998916707,0.0056009133100760585,0.017266159316330836,0.013386143142635996,1.3984122627815085e-05
207,0.03617322197878974,0.005560478297548077,0.01737161594078789,0.013226847879588605,1.427986086517031e-05
208,0.03606378188048829,0.005517486637784205,0.017200467087237572,0.013331600964358498,1.4227191108017569e-05
209,0.03595001948282469,0.0054846004866405,0.016829095326304437,0.013622400531253093,1.3923138626656395e-05
210,0.03584535355607351,0.005487207627254638,0.016432039914099545,0.013912537608292773,1.356840642655562e-05
211,0.035745534129304236,0.005530209971530572,0.016177058452851653,0.01402504307726048,1.3222627661535622e-05
212,0.03563882115949051,0.005588102952626807,0.016136237451574973,0.013901677475441633,1.2803279847099947e-05
213,0.035530372081642975,0.005647083018470455,0.01627619006579681,0.013594770786401606,1.2328210974106633e-05
214,0.03543372655668069,0.0057155237931868965,0.0164845161793952,0.01322173126629628,1.1955317802314753e-05
215,0.03534247812339503,0.005779720383934551,0.016591948960652154,0.012959066498432908,1.1742280375413233e-05
216,0.03524171125178646,0.0058038360125437305,0.016459731101482408,0.012966581113661911,1.156302409841132e-05
217,0.035134357154916265,0.0057739520853988735,0.016107976612298312,0.013241066178486256,1.1362278732820793e-05
218,0.035034638929281055,0.00572241849613054,0.015725590583620327,0.013575339926074513,1.12899234556771e-05
219,0.03493802324636423,0.005682994577854332,0.015524262064635589,0.013719331232142485,1.1435371731820627e-05
220,0.03483414584687023,0.005643191179433521,0.015568418574081267,0.013610907720326155,1.1628373029284273e-05
221,0.034731215480069313,0.005595020810271262,0.015777396580479414,0.013347056287427392,1.1741801891241538e-05
222,0.03463854127388835,0.005565727810329952,0.016000840511224385,0.01306009331288271,1.1879639451306517e-05
223,0.03454311417312925,0.0055447244972052934,0.016044403662022446,0.01294201254332097,1.1973470580531416e-05
224,0.03443748060660849,0.005496604749730559,0.015809645554422273,0.013119466128865987,1.1764173589667012e-05
225,0.034334940328828334,0.005451053736649768,0.015458325290398495,0.013414185907533835,1.1375394246230905e-05
226,0.034235631214986226,0.005456614269542179,0.01525747226258544,0.013510514391221966,1.1030291636643176e-05
227,0.03412828152100512,0.005478028358133977,0.015291840260551737,0.013347847368075913,1.0565534243493975e-05
228,0.03402140565656138,0.0055003449818351174,0.015487288005454384,0.013023768428251715,1.0004241020165844e-05
229,0.03392325226976382,0.005543955238164408,0.015678524077618022,0.012691199011159478,9.573942821916965e-06
230,0.03382049380057966,0.0055562016137240345,0.015622034244879356,0.01263312077599018,9.137165986087296e-06
231,0.033711864180074484,0.005514166514460234,0.015304614878256791,0.012884425123339396,8.657664018067555e-06
232,0.03360868960016931,0.005476385218056974,0.015007628991205611,0.01311628116736346,8.394223543263317e-06
233,0.03350371163176709,0.005423874558542761,0.014914843464504583,0.013156779778368497,8.213830351247697e-06
234,0.03339570023655017,0.005352531131978127,0.015043549072406145,0.012991572311099013,8.047721066886856e-06
235,0.03329872190149181,0.005315526044214717,0.015271112725292676,0.012704036855048546,8.046276935869086e-06
236,0.03320395421740188,0.005237135879096503,0.01524485582113765,0.012714072079414305,7.890437753427205e-06
237,0.03310547318702499,0.005171301117125594,0.015004239302510164,0.012922182454486694,7.750312902536355e-06
238,0.03301347809340478,0.005115134107037444,0.014737773404581163,0.013153028860930494,7.541720855677359e-06
239,0.032918277906995794,0.005082181087431164,0.014702786091729576,0.013126028089259665,7.28263857539013e-06
240,0.03282119594658336,0.005101517594276585,0.014948928924636298,0.01276365114196514,7.098285705328722e-06
241,0.032734505724023644,0.005085509398976781,0.01510605865143483,0.01253615891296859,6.778760643442307e-06
242,0.032646928049118784,0.0051344285436326275,0.015118796271051997,0.012386966125767233,6.737108666930797e-06
243,0.03256602854842595,0.005016641345071921,0.01468301325417167,0.012860106219111097,6.267730071262455e-06
244,0.03248956583434312,0.005166959653356036,0.014795138809073355,0.012520772844775364,6.694527138363793e-06
245,0.03240156494067242,0.004927519414406584,0.01452637392243956,0.012941513400511025,6.158203315258779e-06
246,0.03230241227080453,0.005004208860839069,0.014965154989621698,0.012326471210836508,6.577209507254492e-06
247,0.03222466238187768,0.004996393460989568,0.015046319674437782,0.012175225973079263,6.7232733710676395e-06
248,0.03215123267901398,0.004817113457656828,0.0145116933561235,0.012816135897231818,6.28996800183433e-06
249,0.03205940365247485,0.004963489001231945,0.014518895650195006,0.012570298851913549,6.7201491343550304e-06
250,0.031973533320943055,0.004944011922642854,0.014355878337911805,0.012667078653651265,6.5644067371324475e-06
251,0.03189969227672499,0.004862820065104258,0.014244711966585432,0.01278603875881663,6.121486218669618e-06
252,0.03181374741298303,0.005069360017360284,0.014712901424823009,0.012025041933516882,6.4440372828579385e-06
253,0.03172473376467968,0.005050209384789827,0.014513078349701914,0.012155263990081698,6.182040106240442e-06
254,0.031656257663058476,0.004984511462812843,0.014051722782720976,0.01261416296673114,5.86045079351797e-06
255,0.03157784950696282,0.0051550390107616435,0.014205874940932037,0.012210644409898334,6.291145370794914e-06
256,0.031486864793720495,0.005049705253950142,0.014107322629074917,0.012323653204883801,6.183705811637094e-06
257,0.03141798131937565,0.00495684613467237,0.014118487915531802,0.012336494116591136,6.153152580338401e-06
258,0.03134555932901155,0.005068938058859648,0.014438882950364348,0.011830989301672907,6.749018114643827e-06
259,0.03125796148716649,0.004914523299860325,0.013990794173806461,0.012346083617266225,6.560396233480285e-06
260,0.031189072737722697,0.004861077984746518,0.013716262014060284,0.012605190738584853,6.542000331044032e-06
261,0.031120829459061247,0.005013480298369525,0.014012697797857803,0.012087717322921352,6.9340399125646465e-06
262,0.0310360618669565,0.004868109557768801,0.013852544291297151,0.012308977154851897,6.430863038647841e-06
263,0.030956705271083986,0.004919538235204469,0.013988805807374992,0.012041944068963409,6.4171595411144755e-06
264,0.030890067609118648,0.0050202918578547044,0.014030766960924404,0.011832468347746141,6.540442593396406e-06
265,0.030820186434638505,0.0048454368638328575,0.013504689320774711,0.0124640396258486,6.0206241823413164e-06
266,0.03073542344280011,0.004912515566287516,0.013767572559161069,0.012049032789817182,6.3025275343430555e-06
267,0.030663495736762768,0.004865660141307616,0.01394471946416175,0.011846708813124779,6.407318168623884e-06
268,0.030602017717284904,0.004667745845202899,0.0136832558677225,0.012244868908538311,6.1470958211920266e-06
269,0.030526602451787243,0.004736796548581575,0.013894707216455885,0.011888419873452034,6.6788132977478545e-06
270,0.030451850249849245,0.004576772687605562,0.013576903253672962,0.012291661371005347,6.512937565373101e-06
271,0.030387560519774273,0.00448644358000774,0.01356468855452996,0.012330025175522067,6.4032097145049335e-06
272,0.03032948893652923,0.004602905633115921,0.014084925888387478,0.011634898043447826,6.759371578005083e-06
273,0.030259826292752007,0.004434652367867233,0.01373256116316825,0.012086380887452204,6.231874264314786e-06
274,0.030186927277128666,0.004494415162710994,0.01376450813683345,0.011921647859250565,6.356118333658648e-06
275,0.03012979720822647,0.0045282986185541975,0.013761407808736153,0.011833694425927417,6.396355008702749e-06
276,0.030072791788837278,0.004369970270608079,0.013491225097431832,0.012205628570493182,5.967850304188437e-06
277,0.030008034914862775,0.004490254951158533,0.013995120809050259,0.01151628892065462,6.370233999362356e-06
278,0.029936879921846602,0.004368667012525581,0.013658076638164086,0.011904048150362542,6.088120794393773e-06
279,0.029878759982291107,0.00433220274873356,0.013391572547033173,0.01214898263147891,6.0020550454633075e-06
280,0.029828711365160677,0.0044656116246064815,0.013640317995565827,0.011716512564542616,6.269180445752562e-06
281,0.029769167553256336,0.0043029549228919975,0.013325572561842563,0.012134934935388576,5.705133133199194e-06
282,0.029702494431127435,0.004443417657328575,0.01376068715164256,0.011492449732946563,5.93988920973652e-06
283,0.0296399588587426,0.004421992279304321,0.013552570153046986,0.01165965647178736,5.739954603931047e-06
284,0.029593109328344837,0.004350519548132278,0.013190954662523069,0.01204618603225039,5.449085439097324e-06
285,0.029543105768110197,0.004501198317177587,0.013627402672113795,0.011408706842105884,5.797936712929078e-06
286,0.029481256783942124,0.004306533767542477,0.013274980125820708,0.011894439449263203,5.303441315735795e-06
287,0.029415657290776036,0.004366904868688954,0.01347852881629131,0.011564761309816337,5.462295979434959e-06
288,0.029362178713249056,0.0043746184775806,0.013345540365956948,0.01163661736964435,5.402500067159222e-06
289,0.029318661594348063,0.004246088059295454,0.012924801396610472,0.012142821188156615,4.950950285523066e-06
290,0.029266046359467453,0.00443903335066024,0.013508672659087518,0.011313134683172457,5.2056665472349626e-06
291,0.029202285201848047,0.00428248654156399,0.013158344045184374,0.011756777073096766,4.677542002917797e-06
292,0.029140711467029304,0.004333907340167377,0.0132321897154753,0.011569933138668144,4.681272718481535e-06
293,0.02909707728048524,0.004393840556251159,0.01328697812207833,0.01141152388990359,4.7347122521622014e-06
294,0.029055849137534423,0.004209831934208052,0.012858748812985954,0.01198294266297823,4.325727362182533e-06
295,0.029002506976550678,0.004363541324325387,0.013455484248068554,0.011178813041053027,4.66836310371326e-06
296,0.028939989519870032,0.004212964642585315,0.013076982308434567,0.011645705095808808,4.33747304134203e-06
297,0.028890449509041464,0.004220927662208114,0.012953366314143032,0.011711896731661313,4.258801029004149e-06
298,0.028856277782359174,0.0043756629898475145,0.013207073934623463,0.01126917792784604,4.362930042159756e-06
299,0.028816146672062195,0.004223274208731554,0.01275605694472665,0.01183297630563519,3.839212968800473e-06
300,0.028760503890151695,0.00442184986330557,0.013272836290538282,0.011061795718912653,4.022017395189881e-06
301,0.028705336284297348,0.004370254000707612,0.012961908211586604,0.011369413494876903,3.76057712622759e-06
302,0.028671849005558928,0.004328751723176472,0.012663625479267807,0.01167591371491918,3.5580881954655407e-06
303,0.028637449739508367,0.004458084901967959,0.01297048081085203,0.011205229060970105,3.6549657182713386e-06
304,0.028614658331538635,0.0044929294157113105,0.013033469277644486,0.011084655409326754,3.6042288560872035e-06
305,0.02858320660604045,0.0043869131505550225,0.012681252766632001,0.011511690149521931,3.350539331495229e-06
306,0.028558999612974055,0.0043729731873837835,0.012609302913399368,0.01157346423803991,3.259274150993913e-06
307,0.028528255456157097,0.004475326722580146,0.012914899028041502,0.011134675874749065,3.3538307863845534e-06
308,0.02850043791011483,0.004476797968486338,0.012917395826295416,0.011102963827513386,3.2802878196905306e-06
309,0.028471208031083883,0.00436795663890303,0.012616922809744708,0.011483291841906041,3.036740530105103e-06
310,0.028440523704177916,0.004364118278720832,0.0126910368449408,0.011382417917604144,2.9506629121414373e-06
311,0.02841412170795653,0.0044401150037193535,0.013012665912940662,0.01095835204115192,2.9887501445951106e-06
312,0.02837963401465308,0.004390642434808978,0.012872869292483413,0.011113260974373085,2.861312987604765e-06
313,0.028355823771693406,0.004278035860080543,0.012521184616837294,0.01155394791283339,2.6553819421807293e-06
314,0.0283194157261108,0.004297559764441717,0.012656714038234077,0.01136252036003912,2.6215633958916838e-06
315,0.028298596932797144,0.004360551356106189,0.012908144749621264,0.011027278505600296,2.6223214693942457e-06
316,0.028260808182580664,0.004279036745160283,0.01265311985550833,0.011326189591642399,2.4619902696536126e-06
317,0.02823764150459045,0.004228749332579478,0.012439314519494262,0.011567236822901953,2.340829614755973e-06
318,0.028201170487111193,0.00431887496110856,0.012709443162243811,0.011170465748311566,2.386615447254649e-06
319,0.028172641451683557,0.004337728337899008,0.012788213470450322,0.011044332902725452,2.3667406087734335e-06
320,0.028141214743146396,0.0042404991867116704,0.012496190464358771,0.011402281385122804,2.243706953154102e-06
321,0.028105973713971805,0.004254305107298596,0.0125423905046783,0.011307017552257827,2.2605497370799507e-06
322,0.028080556104710223,0.004330344729394677,0.012744763568583749,0.011003106386272637,2.3414204591606626e-06
323,0.028042828240679364,0.004256991485221676,0.01249380217075005,0.011289775650637175,2.2589340704644314e-06
324,0.028017510965505917,0.004218129603564477,0.012347155998211002,0.011450038067268934,2.1872964615040926e-06
325,0.02798469671468056,0.004319120086414833,0.012626873570977507,0.011036454171919396,2.248885368822805e-06
326,0.02795223065010963,0.004312880455564664,0.012541730122976841,0.011095413112490588,2.2069590775369332e-06
327,0.027927140896949556,0.004233164042622591,0.012261705414296302,0.01143016257927504,2.108860755624903e-06
328,0.027890841095863952,0.00428691825596473,0.012496292582066566,0.011105457744125226,2.1725137074300384e-06
329,0.02786348581209005,0.0042828332880692575,0.012590454860958488,0.010987993356993618,2.2043060686825343e-06
330,0.02783451791535056,0.00415531792391789,0.012272862555323822,0.011404207790065863,2.129646042981718e-06
331,0.027799896263299182,0.004174699728108452,0.012382035544627978,0.011240969681138658,2.1913094240926912e-06
332,0.027774870271202012,0.004204811798612541,0.012513638312559977,0.01105419381417411,2.226345855382054e-06
333,0.027744710847478656,0.004105062530674291,0.012233606443846278,0.011403936688648683,2.105184309404112e-06
334,0.027710604967843215,0.004158911241050798,0.01234466195006817,0.011204920577018683,2.111199705564238e-06
335,0.027685066276692614,0.004220908429449681,0.012423571393487428,0.011038468749271037,2.1177044844683485e-06
336,0.027655498205917943,0.004130843921069576,0.01210233988035706,0.011420311558837734,2.002845653577166e-06
337,0.027620722143729164,0.004188612208307494,0.01226784975760659,0.011162222626501565,2.037551313514701e-06
338,0.027592547803355738,0.004210477164654379,0.01230220257926281,0.011077813798480373,2.054260958178641e-06
339,0.02756526909565045,0.004115741619282726,0.011989509436744698,0.011458044232842057,1.973806780969158e-06
340,0.027531107457618137,0.004208091681050388,0.012251699639362935,0.01106927756673673,2.0385704680855866e-06
341,0.02749777642211736,0.0041791965545758935,0.01221130663549455,0.011105285391919127,1.9878401277927066e-06
342,0.027470122359975837,0.004124805755252478,0.012043330058795794,0.01130007396636581,1.912579561757321e-06
343,0.02744077282942397,0.004219491909691647,0.012286890111959367,0.010932424688795274,1.966118977679548e-06
344,0.027404737834543048,0.0040989416751655945,0.012025982889943072,0.011277959584286665,1.8536851477150849e-06
345,0.027370829295220583,0.004099875812304379,0.012120248239038975,0.011148866361167945,1.83888270928623e-06
346,0.027342265923593047,0.0041253567301621965,0.012219584812183323,0.010995483035877942,1.8413453695894034e-06
347,0.027313831034880328,0.003998632222420825,0.01192320584618999,0.01139026609707278,1.7268691967313073e-06
348,0.027280105194656575,0.0040947428064549585,0.012305557326130022,0.010878033980628149,1.7710814434483962e-06
349,0.027243060514229523,0.003997225447256848,0.012096512712770645,0.011147641070684795,1.6812835172351674e-06
350,0.027209782685668475,0.003986125399474498,0.01205741867542995,0.011164583149732434,1.6554610315940637e-06
351,0.0271809352009627,0.004044132410105333,0.012230158525400815,0.01090497788292324,1.6663825333164366e-06
352,0.02715158848686805,0.003919949320511631,0.011890184729434363,0.011339907987947907,1.5464489741479027e-06
353,0.02711682704731477,0.00405992533384343,0.01220034930020551,0.010854958094501266,1.5943187645656173e-06
354,0.02707733793687807,0.00396609926293527,0.011920428876976422,0.011189306964934108,1.5028320322720502e-06
355,0.027041737454467703,0.003978021848178786,0.01200471571044551,0.011057510436740657,1.4894591027499996e-06
356,0.02701168530922983,0.004032483241486248,0.012160909009123078,0.01081676867022353,1.5243883969741542e-06
357,0.026981929471546748,0.0038834767436471554,0.011762501774377107,0.011334499521855574,1.4514316669094994e-06
358,0.026945549928277062,0.004008205493226307,0.012169193787636584,0.01076661628563991,1.5343617742608323e-06
359,0.026903225690108834,0.0038855725953606626,0.011892766986334059,0.01112342628734365,1.4598210704635436e-06
360,0.02686626911989579,0.0038958771049365467,0.011885262008919869,0.011083675360381238,1.4546456581339532e-06
361,0.026836972418260434,0.003967550217011545,0.012102465231183263,0.010765475756231718,1.481213833905479e-06
362,0.02680660385582051,0.0038115660766422296,0.01174777646191932,0.011245872813085134,1.3885041738254913e-06
363,0.026767143537104673,0.003934385216067413,0.012076512494070601,0.010754773856645045,1.4719703216127393e-06
364,0.02672373416060738,0.003819293174319532,0.011829386140893256,0.011073635422223246,1.419423171348135e-06
365,0.0266898813741438,0.003783968010576279,0.011830658557685223,0.011073860921023923,1.393884858371627e-06
366,0.02666204418777802,0.0038943087666409243,0.012093762917636345,0.010672533253223133,1.439250277618747e-06
367,0.0266270544521882,0.003734533831420572,0.011644912737928014,0.011246277383288083,1.3304995515329281e-06
368,0.026582476373567716,0.0038341545297234988,0.012009597811052436,0.010737358399985693,1.365632806088546e-06
369,0.026543325978437397,0.0037972008642183225,0.01188113699229081,0.010863652914791593,1.3352071366712154e-06
370,0.026515125243212954,0.0036971144810048454,0.011592745013168116,0.011223989937916342,1.275811123653402e-06
371,0.0264828993184855,0.003831389817023355,0.012047306895470504,0.010602867517486507,1.3350885051315049e-06
372,0.026438074048759332,0.003676497991435121,0.011692515823682564,0.011067812860793669,1.2473728479806962e-06
373,0.02639659151462194,0.0037078327567207315,0.011740595023119001,0.010946905739592061,1.257995190146946e-06
374,0.026366035167150324,0.0037543424584155576,0.011982812150448396,0.01062761124051105,1.2693177753214349e-06
375,0.026334842942479522,0.0036008204439279567,0.011596967493519551,0.011135875611097107,1.179393934910167e-06
376,0.026292923593019216,0.0037292376264546827,0.011846908091140708,0.01071554321814393,1.234657279897173e-06
377,0.02624775420504441,0.0036384989970091736,0.011759466668118331,0.010848614461729342,1.1740781875649433e-06
378,0.026215724323981997,0.003586416763256712,0.011629070098799953,0.010999108471469371,1.1289904559644272e-06
379,0.02618744020932701,0.0037208094157977155,0.01189056887579114,0.010574883676654687,1.1782410834683233e-06
380,0.026144240027342523,0.0035449437015136224,0.011574531363918403,0.011023673544849198,1.0914170613017707e-06
381,0.02609897544544504,0.003594202193117836,0.011766251811418917,0.010737408462930642,1.1129779776435638e-06
382,0.026066794748532407,0.003630224089081363,0.011710622997964482,0.010724829475225161,1.1181862613983505e-06
383,0.026035693382523213,0.0034986369979335538,0.011479322132024064,0.011056700773060757,1.0334795048407072e-06
384,0.025995893287230353,0.003634680537210154,0.011850556235512559,0.010509581238837816,1.0752756698236843e-06
385,0.02595292729545532,0.003544783083998143,0.011419904964445055,0.010987210950227169,1.0282967849547094e-06
386,0.025914922509597486,0.003512475727342189,0.011543380037533971,0.01085806317662258,1.0035680987434005e-06
387,0.025885748288912217,0.00360626257396074,0.011781420506378126,0.010497024942873183,1.0402657001658443e-06
388,0.0258521034742713,0.0034532950039326497,0.011224852776628592,0.01117298087776338,9.748159466798975e-07
389,0.025803725653487958,0.0035472649331599894,0.011647308529399908,0.010608153219581553,9.989713465037603e-07
390,0.025766310674930674,0.0035143773228400064,0.011649562039682112,0.010601402236783722,9.690756248359983e-07
391,0.025736523953536792,0.0034316797369973564,0.011235973430518674,0.011067944629598935,9.261564218263155e-07
392,0.02570136832474944,0.0035478518085362972,0.01160825765618091,0.01054429725494786,9.616050843752911e-07
393,0.025665654159637057,0.0033860295972207542,0.011465950177630793,0.010812785628915862,8.887558696476416e-07
394,0.025619111456694904,0.00343992072190237,0.011401039611881663,0.010777237592019094,9.135308917763017e-07
395,0.02558382953959341,0.0034300351082936185,0.011396255908282076,0.010756641847571781,8.966754459345084e-07
396,0.025556775324946983,0.0033391061586636453,0.01144828409831897,0.01076854474279418,8.403251701846703e-07
397,0.025521015223301434,0.0034555402791528957,0.011607703633725593,0.010456886623513283,8.846869096611847e-07
398,0.025486845428387136,0.0032992865680296873,0.011100762334191931,0.011085964040227296,8.324859382227015e-07
399,0.0254407828776646,0.003360719387402847,0.011495036931903718,0.010584180598705369,8.459596526644377e-07
400,0.02540787502228921,0.003366176129855832,0.011543470256243032,0.010497391087832736,8.375483576088132e-07
401,0.025380650725582956,0.0032783791718217882,0.011094537708629747,0.011006931732936437,8.021121949884145e-07
402,0.025346918125089213,0.0034122668681307693,0.011483078183554193,0.01045072590643606,8.471669681925139e-07
403,0.02531434891763601,0.0032830793596043124,0.011396858182039442,0.01063365010911188,7.61266880373064e-07
404,0.025289081454256696,0.003259673412736723,0.011337386609635684,0.01069128755195662,7.338799276713326e-07
405,0.025270646195458043,0.003359969315064215,0.011406106065243577,0.010503810133518757,7.606816314919215e-07
406,0.025238991123887927,0.003256608305765018,0.011129416241904479,0.010852247586538612,7.189896798170982e-07
407,0.025217989903699792,0.0032156941403997125,0.011203832570186763,0.010797779690250212,6.835028631062431e-07
408,0.0251996671898587,0.0033339817100795535,0.011610422313677938,0.010254558371079728,7.047950214795054e-07
409,0.025163359231517392,0.0032882848582138436,0.011286910520342617,0.010587476635916264,6.872170446653521e-07
410,0.025153511135873764,0.003231002277713063,0.01094593650095948,0.010975900913302897,6.714438983233958e-07
411,0.02512226054399654,0.003334333409720511,0.011313884483579322,0.01047333703420283,7.056164938771112e-07
412,0.02509831578823004,0.0032943418046816873,0.01139880392771336,0.010404477562500155,6.924933348395125e-07
413,0.025080331219309637,0.003222768938029867,0.011140233850745163,0.01071665607994995,6.723505846592282e-07
414,0.02505292953410859,0.0033192095747434404,0.011201668677359668,0.010531335797673009,7.154843324725267e-07
415,0.025027560166096616,0.0032877488340206026,0.011114800882899914,0.010624299497919508,7.109512565921777e-07
416,0.025008378754291613,0.0031975379826839206,0.011075573368573092,0.010734585697616966,6.817054176354391e-07
417,0.024984683741036202,0.0032728897205771433,0.0113946437775762,0.01031643349904639,7.167438364647755e-07
418,0.024954201201228744,0.0032334329330179156,0.01115478681918158,0.010565261678876312,7.197701529365971e-07
419,0.02494201710483895,0.0031590183168523243,0.010822393563227051,0.01095990218908288,7.030356766926402e-07
420,0.02491163417823681,0.0032650852059333125,0.011174907161872269,0.010470905782296798,7.360281344312246e-07
421,0.024887432698069104,0.003226900581660187,0.011247325357953787,0.010412483398709193,7.233597459371728e-07
422,0.024867247551055238,0.0031611072002289534,0.011039332599222065,0.010666091025491554,7.167261126684435e-07
423,0.02484541657854075,0.003244397217475364,0.011107022539615142,0.010493224358667235,7.724627830052074e-07
424,0.024816355906196998,0.003163804512482386,0.010956823495779406,0.01069497395637319,7.53941562013993e-07
425,0.024795348517914713,0.003131151049487605,0.011064075432575921,0.010599388008824673,7.340270265151421e-07
426,0.02477822922376515,0.0032117179852260104,0.011348324467905957,0.010217421485103947,7.652855292342712e-07
427,0.024747640919778307,0.003101708098197739,0.010955900417861309,0.010689291807086589,7.405966326680187e-07
428,0.024726079321404824,0.0030984754918690813,0.010899995380970367,0.01072685561486594,7.52833699434953e-07
429,0.024704773800058547,0.003157590899660287,0.011180687421642464,0.0103657265341595,7.689445962937497e-07
430,0.024686156257176614,0.003069681777652339,0.011033994610868725,0.0105817593172384,7.205514171515943e-07
431,0.0246548768205209,0.0031376545555981735,0.011084398421915519,0.01043207352280302,7.503202041892184e-07
432,0.02463483308080983,0.0031275317387952214,0.010921479531930246,0.010585064335975924,7.574741084390616e-07
433,0.02461323938616267,0.0030497391266125495,0.010834504745099092,0.01072826049204758,7.35022403448783e-07
434,0.02459424871295899,0.003146256072083363,0.011217102105256893,0.010230116977279843,7.735583388904125e-07
435,0.024563865398228822,0.0030547579350414297,0.010930460280989351,0.010577901764306506,7.45417891538118e-07
436,0.024540863973390253,0.00307125622836615,0.010836031353712396,0.010632811510246512,7.648810651949144e-07
437,0.0245186756137577,0.0031041337761388353,0.010973690743868133,0.01044006817253632,7.829212144128855e-07
438,0.02450141982552205,0.0030103947866605223,0.010870892470512837,0.010619391425246039,7.411431026535445e-07
439,0.024475906112718375,0.0031145461757592393,0.011056897512436901,0.010303677583221127,7.848413011079893e-07
440,0.02444954922770314,0.003030690351518368,0.010691668279009154,0.010726436279878331,7.54317297283486e-07
441,0.024422662698987803,0.0030538799343369396,0.010779670931819472,0.010588349989979923,7.618428514659357e-07
442,0.024403589452710775,0.003089680873319258,0.011021048387388259,0.010292082949738194,7.772422650642921e-07
443,0.024383040633491074,0.002984449824556738,0.01075838885338671,0.010639457756487853,7.441990597716974e-07
444,0.024362341488820462,0.003094057856631734,0.010892116751577056,0.010375370177168945,7.967034427290356e-07
445,0.02433292282181204,0.0029724075865137827,0.010684275251054342,0.010675493742787217,7.462414566959184e-07
446,0.024306145944962325,0.0030167742832231666,0.010960918294311232,0.010327691504138316,7.618632896085007e-07
447,0.02428241627830152,0.0030138527355497175,0.010939261468336188,0.010328532340098662,7.69734316947403e-07
448,0.024266131416630442,0.0029328862720482828,0.010615195237155772,0.010717311037179827,7.388702465619506e-07
449,0.024245627452746287,0.0030613619814524973,0.01094042267751359,0.010243067700516743,7.750932634580764e-07
450,0.024221571466641976,0.0029305470669557707,0.010781733425760177,0.01050857429560073,7.166783252987108e-07
451,0.024190047540223324,0.002980853637871966,0.010903859354738121,0.01030457730980775,7.572378054874628e-07
452,0.02416792583759544,0.002950479341675587,0.010744463380081842,0.01047222026248346,7.628533545514283e-07
453,0.024148398324796105,0.002887669488241186,0.010680608715943984,0.010579383531892046,7.36588718891198e-07
454,0.024133560912657462,0.0030062944420161234,0.011074826725997446,0.01005165405862112,7.85686022774141e-07
455,0.024105619207246434,0.0028655492033957705,0.010665907178837869,0.010573417137566257,7.456874465387397e-07
456,0.0240777868403318,0.0029446326948462174,0.010725113486188377,0.01040724860416001,7.920551371964926e-07
457,0.024050526987067652,0.0029369677881050807,0.010773805917987106,0.010338972915161419,7.803658140461873e-07
458,0.02403635744167686,0.002887688209105742,0.010698966379479303,0.010448952696908202,7.501561836128079e-07
459,0.02401726251092808,0.003000960487716522,0.010838452953202425,0.010177037918799965,8.111512091656377e-07
460,0.023993388928065382,0.0028464691982773406,0.010450850502739875,0.010695302949116116,7.6627793205337e-07
461,0.023960053246256836,0.00292381876334591,0.010763031413368087,0.010272406519001414,7.965505414219403e-07
462,0.023938570108071298,0.0029201596011232942,0.010813019731349955,0.01020459958146585,7.911941322006754e-07
463,0.023921586572949852,0.0028287485580874225,0.01049267099626093,0.010599400024628747,7.669939727555516e-07
464,0.023904892011753255,0.002952717498872741,0.01072964034551372,0.010221706035285749,8.281320810454983e-07
465,0.023875578799696477,0.0028235513438355756,0.0105936159854616,0.010457648085354617,7.633850446853218e-07
466,0.023845837013622743,0.0028818577621447447,0.010729031211327933,0.01023416615629012,7.818838599476054e-07
467,0.023826879398061482,0.0028864115411484227,0.010614488737093116,0.010325175930053188,8.031897667560019e-07
468,0.02381230745042075,0.0027669846659722458,0.010393095493435653,0.010651459364490686,7.679265221657998e-07
469,0.02379239792757289,0.002918135845100986,0.010823746544326874,0.010049696587481644,8.189506633827869e-07
470,0.023759398786736913,0.0028131701076279827,0.010535358568098735,0.010410097483209771,7.726278004273842e-07
471,0.02373529541771134,0.002816562879926014,0.010446302892757355,0.010471625392521472,8.042525065019752e-07
472,0.023718269197082725,0.0028783680125872616,0.010634014405542486,0.010205051904278627,8.348746743522406e-07
473,0.02370485349183204,0.002778518708353842,0.010459339588874255,0.010466237016923296,7.581776806446202e-07
474,0.02367626255452103,0.0029067505726023415,0.010631654035442282,0.010137052957194225,8.049892821814142e-07
475,0.023647099554625375,0.0027800746772800966,0.010359904539385017,0.010506333264240834,7.870737194238458e-07
476,0.0236254746871694,0.0027608809087634185,0.010431409198851549,0.010432417718595335,7.66860959098444e-07
477,0.023614215853125127,0.002895980373184349,0.010701120558192395,0.010016340062768561,7.748589798202833e-07
478,0.023592612344543552,0.00274490960509321,0.01027730330302983,0.01056968474121626,7.146952042536256e-07
479,0.023561642943917598,0.002817059441990244,0.010475991259069136,0.010267826050986785,7.661918714309599e-07
480,0.023535549921144126,0.002782142553586669,0.010545384515071803,0.010207289915081361,7.329374042942012e-07
481,0.023520367602188005,0.0027437056812284343,0.010406618235575333,0.010369366528558023,6.771568262120302e-07
482,0.02350673656077182,0.0028600446668189746,0.010548015331469388,0.010097961603580901,7.149589025561135e-07
483,0.02347822898155064,0.002666084110830601,0.010276853251766126,0.010534617807742572,6.738112113390967e-07
484,0.02344901662887047,0.002740353722464922,0.010517677403770133,0.010190304621458202,6.808811772123795e-07
485,0.02342823381500638,0.0027956546897796235,0.010488937981533554,0.010142982979499735,6.581641934673925e-07
486,0.023416481597260733,0.0026910373139959103,0.010204610980619977,0.010520210729792728,6.225728521200902e-07
487,0.023395844685053693,0.0028041722822946136,0.01055459474254656,0.010036402887930975,6.747722815423651e-07
488,0.023364754950570277,0.0026824480047259315,0.010323480720928375,0.010358209820181236,6.164047347332365e-07
489,0.02333843622782947,0.002734296974259569,0.010295424643146162,0.010308116589946034,5.980204777025554e-07
490,0.02332221647684795,0.002778937241786544,0.01041915023781304,0.010123525029237395,6.039680109725452e-07
491,0.02330955124366581,0.002617893380091907,0.010224300787568159,0.010466792714499577,5.643615061692234e-07
492,0.023283538421504248,0.002754367163238609,0.01045181957805987,0.010076762731359542,5.889488462275138e-07
493,0.02325389407560337,0.0026793800879050663,0.010170437481160748,0.01040354777411911,5.287324184481697e-07
494,0.023229242029153017,0.0026865491100950146,0.010256452142305484,0.01028572796981793,5.128069345904374e-07
495,0.02321815645109908,0.002745517377610299,0.010452262879045158,0.010019842473919176,5.337205244472522e-07
496,0.02320149640464079,0.002592111511579931,0.010059030340952735,0.010549869313716959,4.852383911660966e-07
497,0.023174103661109228,0.0027495618478495755,0.01035536870642942,0.010068682028670563,4.91078159666849e-07
498,0.02314360487863135,0.0026515246831106732,0.010303538999483497,0.010188090671412514,4.5052462466417974e-07
499,0.023123039408159518,0.002586497550829924,0.010184404628772344,0.0103516929217801,4.443067771504262e-07
500,0.023114195732721773,0.0026911481818477296,0.010268777007295645,0.01015381023980869,4.6030376970701403e-07
501,0.023093278461019322,0.002573551617802338,0.01004430339964994,0.010475024722532747,3.9872103429647424e-07
502,0.023065434929727676,0.002724168762342753,0.010400466101203903,0.009940394586503766,4.054796772529793e-07
503,0.02302903870540317,0.0026534330211270617,0.010183434465054594,0.010191806611454602,3.6460776691236923e-07
504,0.023013512033617907,0.0025891223223267357,0.010005810590244415,0.010418248260698183,3.3086034857184616e-07
505,0.022995473896547696,0.00268559653501611,0.010313998464006614,0.009995567012332751,3.118851922198215e-07
506,0.022965750195930227,0.0025823164099717058,0.010143859066533848,0.010239307097296946,2.676221277271191e-07
507,0.0229488230550824,0.002568251839313413,0.01009745192751799,0.010282876828317081,2.4245993391863676e-07
508,0.022936126274470944,0.002658578282871543,0.01032026056188332,0.009957046525041122,2.4090467496022223e-07
509,0.022907517837525412,0.002514495285986384,0.010051300136693055,0.010341496140584794,2.2627426117983256e-07
510,0.022882868976979134,0.002535790760878942,0.010133868593984489,0.010212983608076221,2.2601403947905808e-07
511,0.02286823054626106,0.002632938723436504,0.010254451887515302,0.00998061312642439,2.2680888486721036e-07
512,0.022849633599977225,0.002543654165529968,0.009928619332799178,0.010377148856269662,2.1124537841521286e-07
513,0.02282148445949329,0.0026127565491488257,0.010152272653977529,0.010056237330337671,2.179260292636054e-07
514,0.022802507174395782,0.0025771929630259175,0.010161809789792767,0.010063280860711439,2.2356086565837064e-07
515,0.02279160846694086,0.0024607326166140187,0.00989211833397007,0.010438537155812265,2.2036054450671608e-07
516,0.022771786604510888,0.0025801714295551736,0.010170106554129867,0.010021281262606116,2.2735821972993042e-07
517,0.02274400675208787,0.0025149387608780723,0.01005556956217535,0.010173289479471007,2.0894956343856952e-07
518,0.022725627831888223,0.0025141648287942396,0.010029981169833224,0.010181285725535396,1.9610772536431933e-07
519,0.022712211476629288,0.002593284228365352,0.010169569568911319,0.009949162825786576,1.9485356603929613e-07
520,0.02269204286834307,0.002432799104423095,0.009860107168098146,0.010398958823622158,1.7777219967259304e-07
521,0.022664736484415592,0.002494699198881693,0.010132949333315905,0.010036914767543842,1.7318467415322043e-07
522,0.02264375054628565,0.0024835234877220317,0.010111553002768987,0.010048514102503642,1.5995329098638815e-07
523,0.022632841973212404,0.0024176753013495445,0.009898132049428333,0.010316888602994232,1.4601944029215174e-07
524,0.022618042994135043,0.002521770716524729,0.010165163244102193,0.009930961450534846,1.4758297327410607e-07
525,0.022596054599883272,0.0023837502967437797,0.009856851232673361,0.010355316786474798,1.3628399133657415e-07
526,0.022570284438374152,0.0024767415296701395,0.009955376493440112,0.010138030549300592,1.3586596330683616e-07
527,0.022552471704780384,0.002518697993042447,0.009984619851651638,0.010049022219515672,1.3164057062612128e-07
528,0.022540025716393786,0.0024303064438100396,0.009837989235449604,0.010271604938689838,1.2509844430548312e-07
529,0.022523871777961217,0.0025335710904989765,0.010093973627808714,0.009896193923057777,1.3313659574808388e-07
530,0.022499920004460883,0.0023663879279493512,0.009717387075944193,0.010416019424561709,1.2557600563019098e-07
531,0.022471919771116143,0.002433275307718511,0.009931115016902296,0.010107404441531838,1.2500496349767254e-07
532,0.02245407443625418,0.0024484728974312852,0.009993647020759621,0.010011834931165137,1.1958689813914636e-07
533,0.02244266606178738,0.0023659683386998867,0.009763663814310122,0.010312921478272953,1.1243050442003166e-07
534,0.02242941793504711,0.0024817872329297983,0.010062076330826694,0.009885437478841323,1.168924492955446e-07
535,0.022405635459784645,0.00232425986550219,0.00981043448360817,0.0102708347566095,1.0635406478424321e-07
536,0.022377538148583006,0.002396823012621212,0.009948418434708858,0.010032192402111317,1.0429914161945724e-07
537,0.022360185290953714,0.0024068849393752137,0.00992410344614089,0.010029097211060444,9.969437716574775e-08
538,0.022348035418336742,0.002302348426981717,0.009754203023602642,0.010291391931457,9.203629538283902e-08
539,0.022334453415291017,0.002443090759216999,0.010053730757582667,0.009837538787320028,9.311117132606757e-08
540,0.022309492590948884,0.002322487069407558,0.009668127039205715,0.010318796827323957,8.16550116527953e-08
541,0.022281790081939003,0.00240323478457615,0.009855966428203541,0.010022510568153724,7.830100558827817e-08
542,0.022265342393951837,0.0023910710809178673,0.009904129182982422,0.009970066471093397,7.565895815133712e-08
543,0.022255420320934537,0.0022658034787245524,0.009618318054920279,0.01037122740751796,7.13797717449933e-08
544,0.022241981238106397,0.002413228843755381,0.009937318397133322,0.009891360167321691,7.382989600353279e-08
545,0.02221494796760745,0.002278058164546805,0.00970922083252084,0.010227603063522904,6.590701690132855e-08
546,0.022185984592626738,0.0023495880318536917,0.009801986587545549,0.010034343707272542,6.626595495746443e-08
547,0.022172191191235955,0.002374961578571652,0.009777966408653716,0.010019195658846446,6.754516413847906e-08
548,0.022162951686944973,0.00225268611041278,0.009576988389890857,0.010333212943061623,6.424357971417781e-08
549,0.022146270102596004,0.0024138496191501743,0.009941179569192505,0.009791172741697989,6.81725553357516e-08
550,0.02211779677746556,0.002289222880134035,0.009594966399803895,0.010233543633538325,6.386398930394567e-08
551,0.0220926101453629,0.0022965031009877807,0.009662981948098347,0.010133061048534169,6.404774260162082e-08
552,0.022084183675424182,0.0023588008563773955,0.009824266967122186,0.009901051568016994,6.428390760729343e-08
553,0.022072144761469417,0.0022328942193015106,0.00946662442527498,0.010372568282173523,5.783471940207026e-08
554,0.02204871703136816,0.0023858139196757874,0.009777741479672643,0.00988510201453049,5.961748924190324e-08
555,0.022018742012065495,0.0022511511773071766,0.009663897927951177,0.010103636403883598,5.650292354295712e-08
556,0.022002185144547975,0.002203639731093408,0.009558902872190033,0.010239586560981994,5.598028253783897e-08
557,0.02199674346426552,0.002339714418709157,0.009718784535399812,0.009938186702306763,5.7807849786890106e-08
558,0.02197781678066223,0.0022021216734946112,0.00947070719533287,0.010304936013868988,5.189796576194029e-08
559,0.02194884023999719,0.002317825118640158,0.009752985180247864,0.009877975168748533,5.477236063605193e-08
560,0.021926144952587667,0.0022698515046324645,0.009586796755856502,0.010069440728710525,5.596338817580391e-08
561,0.021916693925552407,0.002181952276637152,0.009428360813624888,0.01030632627609421,5.455919615725393e-08
562,0.021907342107431275,0.0023399514708010503,0.009815857810586087,0.00975147472413717,5.8101906965125324e-08
563,0.021878113256028488,0.0021853074533460474,0.009477484258196594,0.010215266030878925,5.5513606919261727e-08
564,0.021852394946343192,0.002225841744037132,0.009550400521398163,0.010076093785695881,5.8895212017481e-08
565,0.021840136513772906,0.002270164009348251,0.009702177281837565,0.009867735550040961,5.96725461294539e-08
566,0.021832266189302178,0.002166958348285055,0.00942664641789126,0.010238606525841468,5.489728439471004e-08
567,0.021812823367776565,0.0023247090550379533,0.009630639053033418,0.009857416354756286,5.890494890853945e-08
568,0.021780704896441544,0.0021779609616815244,0.00945487396504026,0.010147812589188749,5.738053100957077e-08
569,0.021766154186940154,0.0021615452724771337,0.00949622891522894,0.010108322824625132,5.717460894877492e-08
570,0.02175738982923803,0.0022997962360231244,0.009616014731998067,0.009841520694210149,5.816700669142434e-08
571,0.021745434461751322,0.0021735351829616353,0.0092596442442507,0.01031220323022389,5.1804315099251684e-08
572,0.021717024032867363,0.0022854902002870095,0.009598938272774667,0.00983254133041806,5.422938762568318e-08
573,0.02169176830229097,0.002200257777614245,0.009475340263400394,0.010016116349599164,5.391167716608979e-08
574,0.02168348995458429,0.0021432926737087,0.009285913442555499,0.010254231151801473,5.268651861623658e-08
575,0.021674496427204742,0.002299365142828494,0.009614869849824063,0.009760206506871974,5.492768021425215e-08
576,0.021654369561429392,0.002129054223428273,0.009354965894943005,0.01017029839778155,5.104527656508496e-08
577,0.02162301513986689,0.0022024694620881753,0.00944541002599481,0.009975080633257725,5.501852618096837e-08
578,0.021608704472463238,0.0022200377620129473,0.009433960321545488,0.00995465061279879,5.577610601357006e-08
579,0.02160275222358769,0.0021379425168558887,0.009335637079243363,0.01012912040991354,5.221757490033023e-08
580,0.02158991239034579,0.002288505962458416,0.009631796674761384,0.009669553103276865,5.664984912518603e-08
581,0.02156319793960614,0.0021164359119834647,0.009234323094331722,0.010212383792184102,5.514110685176382e-08
582,0.02153691077007137,0.002147699772387325,0.009364052333766913,0.010025102514824165,5.614909296950456e-08
583,0.021530062866260455,0.0022293761444592405,0.009568088998431907,0.009732542249318526,5.547405078193276e-08
584,0.021521025123759245,0.00211026531939526,0.009228315811980496,0.010182392625281514,5.136710197319261e-08
585,0.021503223726969722,0.002246461370385814,0.009441954379766242,0.009814751554490016,5.642232764890188e-08
586,0.021472911561204205,0.0021025622613681507,0.009306530905040274,0.010063764312156314,5.4082639468053125e-08
587,0.02145576503865617,0.002116395668826073,0.009353085594513194,0.009986229469592187,5.430572471645654e-08
588,0.021451066564541002,0.002237541835801797,0.009459126142838958,0.009754340852339824,5.7733560424669224e-08
589,0.021438978087593666,0.0020721499969764776,0.009144154292348041,0.010222619040683152,5.4757585992089374e-08
590,0.021416546161015276,0.002203786291719565,0.00947853053775285,0.009734170349892574,5.8981650289619166e-08
591,0.021386801047466337,0.0021328786782627562,0.009277223742831525,0.009976641607482782,5.7018889273173615e-08
592,0.021377573987816728,0.002118609338115,0.009171295164943126,0.010087612516486015,5.6968272585885455e-08
593,0.021370579046560007,0.002222488278472742,0.009480366645490375,0.00966766252278276,6.159981413077287e-08
594,0.021358259867768258,0.002039276802794936,0.009192211638336077,0.010126713826863634,5.759977360974627e-08
595,0.021327782664982618,0.0021701247836075086,0.009342392098934227,0.009815204857933512,6.092450737463098e-08
596,0.02130584989351868,0.0021403906940047268,0.009242207918708676,0.009923193243964536,5.8036840742708095e-08
597,0.021297979519077765,0.002071698730686271,0.009205900522548627,0.010020324168563393,5.609727947520169e-08
598,0.02129221635357996,0.002200756223986471,0.009451598224401841,0.00963979984769684,6.20574948068531e-08
599,0.021273504968543248,0.00203711137515889,0.009041112289255158,0.010195222846249742,5.8457879457195434e-08
600,0.021242021118571753,0.002151100415478547,0.009294181601064079,0.009796678705720652,6.039630847642091e-08
601,0.021226421546449842,0.002132282033066126,0.009332202827966651,0.009761876822930584,5.986248648213528e-08
602,0.0212189103851177,0.0020265712429048633,0.009069088680812203,0.010123191215948622,5.9245452014306146e-08
603,0.021202368417544616,0.0021948535410042888,0.009294232710828833,0.009713221096158324,6.106955317208109e-08
604,0.02117196442359366,0.0021000246392032253,0.009211364330063896,0.009860517912833665,5.754149287744929e-08
605,0.021164986489953897,0.0020534215206683185,0.009148647200875933,0.00996286303535059,5.473305905250519e-08
606,0.02115467411257939,0.002194175545404296,0.00931551837436664,0.009644923933910704,5.625889774823934e-08
607,0.021127760097956493,0.0020483947256104734,0.009037838496403416,0.010041473478196549,5.339774605332901e-08
608,0.02110962352252659,0.002044730803990906,0.009108261310953587,0.009956578663464931,5.274411716497411e-08
609,0.02110631395228195,0.0021720183992994745,0.009328779225013123,0.009605462451760392,5.387620895889268e-08
610,0.021085168004948335,0.0020303452737005538,0.008986515604859632,0.010068256414401467,5.0711986680610475e-08
611,0.021060078830248873,0.0020919147000093715,0.009084022771340574,0.009884089555803641,5.1803095285981826e-08
612,0.021050734432932445,0.002124572803111301,0.00923684239877285,0.009689266253778413,5.2977269880589595e-08
613,0.021042733494139997,0.0019801958549180653,0.009008615542698217,0.010053870879853464,5.1216670249806264e-08
614,0.021019526646035985,0.0021071988980172363,0.009172930772924465,0.009739343080590364,5.3894503922103735e-08
615,0.020996692250394,0.00204810491623765,0.009107032963847609,0.009841501493663866,5.28766448734618e-08
616,0.02098967598556512,0.001979574664713926,0.009058203787330323,0.00995184599989144,5.153362942821119e-08
617,0.020979634893639056,0.0021188149553756272,0.00926345592196989,0.009597309913306012,5.4102987526555574e-08
618,0.020957082656432896,0.0019762090968988267,0.008964745726761253,0.010016075801923013,5.2030849801225954e-08
619,0.020933483241666103,0.002017250007221058,0.009117730697729545,0.00979844941158194,5.312513356053725e-08
620,0.020926206287771938,0.002068591661835808,0.009269974929509865,0.00958758472723458,5.496919168540182e-08
621,0.020916863586137067,0.0019311277546480452,0.008956253294429548,0.010029428756208521,5.3780850953802465e-08
622,0.020897551681556516,0.002078732634458951,0.009155893170211076,0.009662869021482128,5.685540436055712e-08
623,0.020872059782778368,0.0019924482154309014,0.009071548541205173,0.009808008326126752,5.470001554291301e-08
624,0.02085793110100321,0.001984602298842446,0.009024494560745779,0.00984878006871342,5.41727015641627e-08
625,0.02085228601085427,0.002098914039325173,0.00911650862197645,0.009636806988048127,5.636150451975196e-08
626,0.020838057587586948,0.0019185484270795685,0.008864087145038115,0.010055368657568915,5.3357900351214696e-08
627,0.020815423240435574,0.0020381969812139195,0.00915296636274697,0.009624204421316816,5.5475157869149016e-08
628,0.020790825961177827,0.0019669271729717036,0.008981101085590418,0.009842742794791682,5.490782402378372e-08
629,0.020780905593813497,0.0019304428076393004,0.008866943417614537,0.009983464415810103,5.4952749555924345e-08
630,0.020774382071172142,0.00207455376564585,0.00914529422008751,0.009554476380102594,5.770533618619603e-08
631,0.020759054116865936,0.0019082357727398327,0.008845924094481428,0.01000483906401098,5.5185633693429743e-08
632,0.020733424654186944,0.002037271368084024,0.0089848969825449,0.009711196984707973,5.931885004882329e-08
633,0.020709617657367653,0.0019664970428711786,0.008942585840985279,0.009800475571230483,5.920228071445592e-08
634,0.020701322652474874,0.0019124448548757395,0.008910423403667215,0.009878396800801754,5.7593130167480906e-08
635,0.020694073459910905,0.002065255946570817,0.009079060853917258,0.009549696791501394,5.986792143767785e-08
636,0.020678089265303564,0.0018775685021190554,0.008762592061942485,0.010037872136895967,5.656434605856746e-08
637,0.020650052159065457,0.0019910724937893852,0.009075654138433732,0.009583266373460755,5.9153381584368744e-08
638,0.020627461080436744,0.001942900337268827,0.008987685967082737,0.009696816267967775,5.8508117402347656e-08
639,0.020620766184761427,0.001871544571191492,0.008777726112950957,0.009971437190715195,5.830990378012102e-08
640,0.020613347730259968,0.002025602765031948,0.009065247567928843,0.009522434610080264,6.278721891275633e-08
641,0.020594679681893387,0.0018508913255233463,0.008827797305674602,0.009915931624024533,5.942667090363691e-08
642,0.020564459601978134,0.001964545326778321,0.008939776444332035,0.009660074483893645,6.3346974131032e-08
643,0.020545395321748035,0.0019251653156901129,0.00891256105613218,0.009707604005027142,6.49448986022672e-08
644,0.020541250752328495,0.0018185447911701635,0.008828830056307498,0.009893812716614813,6.318823601766778e-08
645,0.0205308702927155,0.0019970522069707747,0.009061440263444376,0.00947231022687853,6.759542182036022e-08
646,0.02050668925452026,0.0018269881528794885,0.008724736341395613,0.009954900276557871,6.448368728528181e-08
647,0.020476867134316006,0.0018947188283881704,0.008925027569213576,0.009657053909922605,6.682679165675604e-08
648,0.02046580100300075,0.0019321474981221624,0.00898989852687592,0.009543687231017244,6.774698542594594e-08
649,0.020461224100908917,0.0018030349920630181,0.008687516236372608,0.009970607057735904,6.581473738667488e-08
650,0.020445299664944672,0.001972545466834721,0.008989398858362748,0.009483283914244547,7.142550265481249e-08
651,0.020416665382049785,0.0018175812484314705,0.00883581952619534,0.00976319751837427,6.708904870323365e-08
652,0.02039193015678435,0.0018388822441101687,0.008804625309035188,0.00974835305007945,6.955355954161747e-08
653,0.020387785422863455,0.0019334408670257043,0.00888035025673181,0.009573921668943402,7.263016253876687e-08
654,0.02037975473315875,0.001774071618736221,0.008710910830368838,0.009894704230957348,6.805309634077917e-08
655,0.020356280803518197,0.0019191548023443216,0.008985515852578329,0.009451535416551643,7.473204390330076e-08
656,0.020326887580102013,0.0018034918612117958,0.008728846319828431,0.009794475782751456,7.361631032830357e-08
657,0.020311803261951453,0.0017891398259773767,0.008734515563928373,0.009788075419696085,7.245234961648037e-08
658,0.02031120363094264,0.0019286163094345162,0.009017059186587625,0.009365451704596182,7.643032431597245e-08
659,0.020293096100403217,0.0017446796583302432,0.008660891598769696,0.009887452745107115,7.209819616413403e-08
660,0.0202644270683366,0.0018698179984497903,0.00882108141315074,0.009573451184746529,7.647198953761213e-08
661,0.02024062821460694,0.0018143647057217024,0.008854271793284718,0.009571916472527744,7.52430727750992e-08
662,0.020235139564546027,0.0017375361688691038,0.008716110342256996,0.00978142003780067,7.301561925752331e-08
663,0.020229416753640032,0.0019192632993922248,0.008870127656165822,0.009439947691792815,7.810628917413334e-08
664,0.020201976779579547,0.0017281249834020568,0.008635346116025646,0.009838431922011833,7.375814000917494e-08
665,0.020174623460848373,0.0017916652627505338,0.00885188478288926,0.009530995364005698,7.805120288061275e-08
666,0.020159616671381674,0.0018345419743555807,0.00881874592575791,0.009506250712052657,7.805921552597966e-08
667,0.020157876750030876,0.0017071689654614363,0.008548117836139145,0.009902515763879507,7.418455078804843e-08
668,0.020142872553299333,0.0018608309089262328,0.008886455203713495,0.009395505833124759,8.06075348447437e-08
669,0.02011097043579255,0.0017248278672683099,0.008680339397981978,0.009705729026592036,7.41439502254033e-08
670,0.0200899549693774,0.0017612197307767183,0.008639350856552338,0.009689309223857806,7.515819053947287e-08
671,0.02008284975553966,0.0018279543748749058,0.008789849410771803,0.009464966834525869,7.913536708172545e-08
672,0.020078858236076,0.0016686790569645637,0.008599581306066936,0.009810524575921895,7.329712260358503e-08
673,0.020051603105652252,0.0018421930359637517,0.00879474907333361,0.00941458275272946,7.824362543293136e-08
674,0.02002367738987929,0.0017416723456781004,0.008596562554865697,0.009685367142461758,7.534687373273715e-08
675,0.0200097636916535,0.0016965129065136218,0.008629665248669694,0.009683510415354833,7.512111535377974e-08
676,0.020008224941636135,0.001825664453904651,0.008833843976211056,0.009348636583907041,7.99276133896286e-08
677,0.019993598993509405,0.00166489106004972,0.008474492583620435,0.009854142127092947,7.322274630141408e-08
678,0.01996156846252851,0.0017869838950320509,0.008720192009097096,0.009454315318708044,7.723969132133438e-08
679,0.019940645658735004,0.0017109353512333272,0.008714886799428823,0.00951474601524864,7.74928242147912e-08
680,0.01993306749676082,0.0016426349018629166,0.008524221278325948,0.009766136121871246,7.519470070774354e-08
681,0.019930830818541523,0.0018415191830116675,0.008726349741614117,0.009362883313440576,7.858047515999888e-08
682,0.019904668490912828,0.001648845018858171,0.008524897362163686,0.009730853609922421,7.249996854934099e-08
683,0.019875764202090317,0.0017113648770906743,0.00868213280774289,0.009482189277756955,7.723949979896587e-08
684,0.019860704385152087,0.0017414983379002464,0.008613390358797296,0.009505739636270667,7.605218387521024e-08
685,0.019858715840176396,0.0016416718291046586,0.008445860920680002,0.009771112049824171,7.104056756456315e-08
686,0.01984962074298656,0.001799321040905358,0.008799991785209188,0.009250230058970679,7.785790133593262e-08
687,0.019817109552055758,0.0016255162815138457,0.00849829373685922,0.009693226529692556,7.300399013278983e-08
688,0.019794401018512063,0.0016869292928019936,0.00849169251179739,0.009615704780408376,7.443350430437531e-08
689,0.01978511791204434,0.0017500591930684668,0.00865351891532587,0.009381463161594506,7.664205549628532e-08
690,0.01978577051499871,0.0015983949833947382,0.00846814205130136,0.00971916126294415,7.221735846185983e-08
691,0.019763206809780453,0.0017713010302859479,0.008642548778684457,0.009349278936229145,7.80645809014382e-08
692,0.019733332810375537,0.00163623344146528,0.008416878857948428,0.009680146485441443,7.402552038542885e-08
693,0.01971551601468359,0.0016298463782633596,0.008525935346434579,0.009559660383459604,7.390652604860525e-08
694,0.01971428399272825,0.0017564189785874865,0.00869657760721899,0.009261210416594143,7.699032762965645e-08
695,0.019706681104632657,0.001597298780664839,0.008329753927074418,0.009779556833182988,7.156371041140569e-08
696,0.019677423075634075,0.0017281699715782036,0.00859172212413276,0.009357453124049096,7.785587402023407e-08
697,0.019651898482232342,0.001635732579313218,0.008547040443736692,0.009469050736833268,7.472234916474617e-08
698,0.019641208008344815,0.0016113155587462605,0.008415739871177124,0.00961408015131546,7.242710596866611e-08
699,0.019642711299507218,0.0017713477551264058,0.008582865993414642,0.009288420226683011,7.732428315848737e-08
700,0.01962475678473356,0.0015591433039579777,0.008374194659886482,0.009691346197174997,7.262371410170343e-08
701,0.019594480801576098,0.0016619659722215655,0.008591865486765566,0.00934057107528964,7.826729932442073e-08
702,0.019573876377649797,0.0016616388094784279,0.00847742242562628,0.009434740232042112,7.491050297657952e-08
703,0.019565723141119488,0.0015975372853878093,0.008333476705680255,0.00963463880846495,7.034158647559378e-08
704,0.019553464915479147,0.0017219574356116272,0.008641966397900692,0.009189465951136037,7.51308307887886e-08
705,0.019525550070816418,0.0015785435163205425,0.00841362621831655,0.009533306626651944,7.370952738622142e-08
706,0.019503240783174187,0.0016353939195169367,0.00842143780308457,0.009446337524200203,7.153637247458765e-08
707,0.019503112897831375,0.0017558107989877247,0.008582809468789336,0.00916442143228177,7.11977725457641e-08
708,0.01949085189932889,0.0015800930673864752,0.008340634985405038,0.009570053321501537,7.0525035836579e-08
709,0.01946788223282558,0.0016807277393110478,0.008547615490079987,0.009239461596149016,7.740728552762367e-08
710,0.019442842130197882,0.001645205045343204,0.008407666569248323,0.00938989521769329,7.529791306354141e-08
711,0.01943908092476224,0.00162487263321842,0.008296198762142246,0.009517938127904196,7.14014973783845e-08
712,0.019433865234654627,0.0017584116331330636,0.00856299060230978,0.009112387338507989,7.566070379511994e-08
713,0.01941723608843023,0.0015774451337352197,0.008286924432001363,0.009552792300038514,7.422265513300856e-08
714,0.019387453302958074,0.0016676679433021428,0.008425073051778916,0.009294636241176806,7.606670020912155e-08
715,0.019378086471889277,0.001689249606423682,0.008412246480753095,0.00927651525682464,7.512788785761974e-08
716,0.019373873212086074,0.001579147533934347,0.008242793121634898,0.009551857684296764,7.487222006612643e-08
717,0.019368913257740213,0.0017213072792600637,0.008531790767378596,0.009115733321699739,8.188940181567671e-08
718,0.01934259781430644,0.0015807862359561253,0.008272619756877573,0.009489114999398206,7.682207453839713e-08
719,0.019318776235141815,0.0016578573294202602,0.008357729148662046,0.00930311207413206,7.768292744758193e-08
720,0.019309652233269328,0.001672884342501864,0.008406384594455323,0.00923030176130725,8.153500489029531e-08
721,0.01930943579145892,0.001524449393392622,0.008219112422608312,0.009565793803776286,8.017168169538062e-08
722,0.01929666686546976,0.0016968706929839667,0.008534022742227823,0.009065691487860962,8.194239700689211e-08
723,0.019270008815842333,0.0015802128712932638,0.008292555237117324,0.009397166581852133,7.412557961219586e-08
724,0.019247264718204482,0.001602852303281257,0.008368596695615946,0.009275739291622976,7.642768430733779e-08
725,0.019244428695247045,0.0016328200062295456,0.008489923282586805,0.009121603267589677,8.213884101787041e-08
726,0.01924359290343638,0.001500286409763761,0.008239047317579507,0.009504180548086098,7.862800701575266e-08
727,0.019227039661001668,0.0016934597318326858,0.00850280801871574,0.009030690746342692,8.116411054887654e-08
728,0.019197499030828066,0.0015647973088864146,0.008290587552539686,0.009342037070911642,7.709849032442419e-08
729,0.01918067680817029,0.0015408048298883295,0.008314395353201281,0.0093253958805097,8.074457097714262e-08
730,0.019181240788417802,0.0016350200120940188,0.008443966768487517,0.009102167866985613,8.614085065033383e-08
731,0.019177814327420627,0.0015032868149051882,0.008143848724109183,0.009530598509303156,8.027910310287353e-08
732,0.019153346953229854,0.001649970626570128,0.008432155543380036,0.009071135023708465,8.575957122610432e-08
733,0.019125674817057597,0.0015274688963762572,0.008293763008930788,0.009304356514537551,8.639721300130006e-08
734,0.01911824237263078,0.0014979681230854116,0.008209496484750804,0.00941068996943963,8.779535493272317e-08
735,0.019122069778108392,0.001662522886931343,0.008408062453911054,0.009051391075028451,9.336223754635471e-08
736,0.019107943839349086,0.0014808030136440114,0.008115565012626528,0.009511484851433948,9.096164459910393e-08
737,0.019077438061757167,0.0015583288162092502,0.00834698769558478,0.009172020820742408,1.0072922073067303e-07
738,0.019059075242978427,0.001535633987661043,0.008316224043749466,0.00920711785311662,9.9358451296656e-08
739,0.019061692558740975,0.0014788021736532675,0.008142357059061025,0.009440438700690135,9.462533654499559e-08
740,0.01905819294064545,0.001630473073185229,0.0084139057642132,0.009013708662179876,1.0544106714457619e-07
741,0.01903164719779214,0.0014363838555439027,0.008178400606802668,0.009416759108644543,1.0362680102579227e-07
742,0.01900418208169874,0.0015029425614665624,0.00830946024174871,0.009191674141887641,1.0513659582501575e-07
743,0.019002157697725543,0.0015882456847652073,0.008377564977370666,0.009036242809893328,1.0422569634531637e-07
744,0.019003144461267718,0.0014445473350102806,0.008128904868370927,0.009429592576239038,9.968164747130564e-08
745,0.018986933962056016,0.001570153647723294,0.008427123570011642,0.008989546416465018,1.1032785605821583e-07
746,0.018954388345458484,0.0014591136590231435,0.008232298753536569,0.009262869655410792,1.0627748798042777e-07
747,0.018943766745335953,0.0014793408719540805,0.00821050974231648,0.009253812178436212,1.0395262917976556e-07
748,0.018947266010280996,0.0015917824187575338,0.008401317357058019,0.008954057324116546,1.0891034889784713e-07
749,0.018939501303684422,0.0014127381607758967,0.008084022815057882,0.00944263699810951,1.0332974113131233e-07
750,0.018908736238837907,0.0015493765939679578,0.008287419420994499,0.009071832101952346,1.0812192310551724e-07
751,0.018887922564786296,0.0015099776983894463,0.008227146606997861,0.009150693297882153,1.0496151683483593e-07
752,0.018887637671115873,0.0014245392509641573,0.008114700123917103,0.00934829299934077,1.0529689384717112e-07
753,0.018889537359897565,0.0015828694930519458,0.00836391423157748,0.008942641364984565,1.1227028357380011e-07
754,0.01886631630983846,0.0014455580101521075,0.00806378088493542,0.009356876591439243,1.0082331169238533e-07
755,0.0188365064158871,0.0015107454637574055,0.00820367837585219,0.00912197648448231,1.0609179519122847e-07
756,0.018829087246309398,0.0015054566088426554,0.008260237649991143,0.009063282174699757,1.108127758451487e-07
757,0.018833623293548044,0.001407066975803189,0.008055967955884188,0.009370486141099223,1.0222076144327433e-07
758,0.018823956012746442,0.0016016949181654782,0.008315209964691664,0.008906946619325434,1.0451056386609538e-07
759,0.018791551689224358,0.0014351665858912,0.00807560531138519,0.009280680667865596,9.912408237194358e-08
760,0.0187736031501248,0.0014234679481318995,0.008170305677004353,0.009179728130205116,1.0139478343445225e-07
761,0.01877531643384492,0.0015335810421023206,0.008305882369778148,0.008935748148036693,1.0487392775687269e-07
762,0.018775170222439602,0.0014212784300417815,0.008018755355159512,0.00933504195877375,9.447846455935477e-08
763,0.018749498014063577,0.0015396595734654033,0.008291874561084475,0.008917865307205446,9.857230825248763e-08
764,0.018722757001363936,0.0014263804179807443,0.008127976711141651,0.009168303145525405,9.672671613785349e-08
765,0.018716252507197384,0.0014174376812799672,0.008064977394776542,0.009233746325194013,9.110594686164434e-08
766,0.0187238037835366,0.0015748144136101695,0.008308364928561395,0.008840531120646165,9.332071887107462e-08
767,0.01870691168375696,0.0013740220116300666,0.007998770500323627,0.00933402907064811,9.010115515728416e-08
768,0.018676048650517214,0.0014713960159010704,0.008181287817217315,0.009023271342876784,9.347452204270599e-08
769,0.018660879707626612,0.0014917390093077665,0.008156369579356833,0.00901268278507007,8.833389193945808e-08
770,0.018664875917713843,0.0014050488102598441,0.007974749100632672,0.009284990514795977,8.749202535096543e-08
771,0.01866293624413013,0.0015347961604921688,0.008277941776973732,0.008850102711268067,9.559539616157078e-08
772,0.018635603416564676,0.0013810458091134295,0.008036748347777754,0.009217723224932889,8.603474060188361e-08
773,0.0186107981726538,0.0014649052553305135,0.008081694668352794,0.009064110669234801,8.757973569185466e-08
774,0.018604828559150518,0.0015001059831542091,0.008191110785381447,0.008913523593660795,8.819695406657148e-08
775,0.018611618691170496,0.0013529297075593493,0.008003270348308217,0.009255333441766107,8.519353682214871e-08
776,0.01859527683807108,0.0015199255392159634,0.008228615628716778,0.008846641865613188,9.380452514901458e-08
777,0.018564674213911277,0.0014196527047661582,0.008040966980320141,0.009103969150316377,8.537850860141396e-08
778,0.018549633521213534,0.0013983996800139154,0.00808672489634578,0.009064423312561718,8.563229211860969e-08
779,0.018556578305764546,0.0014851640148093963,0.00823061961854552,0.00884070095122047,9.37211891601569e-08
780,0.018548510810363808,0.001361948390919746,0.0079805391850268,0.009205938831981177,8.44024360845285e-08
781,0.018527427256019628,0.0015051523242868184,0.008248729808908851,0.008773459488163613,8.563466034665593e-08
782,0.018499926448321456,0.0013946301126350575,0.008068042357663006,0.00903716418898667,8.978903672278873e-08
783,0.018496733298894678,0.0013484223988649928,0.008013647515461717,0.009134575609123896,8.777544406880341e-08
784,0.018502010060902217,0.0015234277642406275,0.008271559876866872,0.008706934990246775,8.742954794099638e-08
785,0.018487783445146545,0.001377744575827443,0.007948918537674252,0.009161035666423576,8.466522127600414e-08
786,0.01845639981044152,0.0014319128827198905,0.008153984468499752,0.008870410552229304,9.190699257665389e-08
787,0.01844400248866153,0.0013920056685475326,0.008163324423618197,0.008888584109341714,8.828715408492402e-08
788,0.01844087034924532,0.001356308295328304,0.007964913290240226,0.009119564376650353,8.438702644115919e-08
789,0.01844554377542972,0.0015314667908019504,0.008174283321399058,0.008739704638720293,8.902450841805663e-08
790,0.018422997218692033,0.0013423342426607497,0.008004372804891507,0.009076208246401091,8.192473868843085e-08
791,0.01839491170679983,0.0013930004031928287,0.008154048821533776,0.00884777424968958,8.823238364452753e-08
792,0.018385199336191975,0.0014219461608245586,0.008088725625925317,0.008874437617250496,8.99321916026826e-08
793,0.018387740140829747,0.0013549768194747052,0.007960315273957824,0.009072365907714548,8.213968266922742e-08
794,0.018385953861440495,0.0014839451054381302,0.008261666594972406,0.008640254289337599,8.787169236043694e-08
795,0.01836293404045761,0.0013131997016362987,0.0079592351785529,0.009090411915222613,8.724504579740172e-08
796,0.01833304014394539,0.0014014712815043075,0.008082306863675849,0.008849175055028344,8.694373688747963e-08
797,0.01832990495903347,0.0014349721530576157,0.008157539181332924,0.008737309623984755,8.400065817610403e-08
798,0.018329569312469415,0.0013019599979389178,0.00794672356640394,0.009080800357529426,8.539059713023748e-08
799,0.018328952926804504,0.001457180635504589,0.008193141249580189,0.008678537181453498,9.386026622702605e-08
800,0.018301024503950433,0.0013372625488626154,0.008002278399489792,0.008961401292301076,8.226329694796411e-08
801,0.01827612182446366,0.0013982742528803754,0.008104054350292392,0.008773708128739899,8.509255099533447e-08
802,0.01827146919566175,0.0013967635217132133,0.00810322996657115,0.008771382517356636,9.319002074966342e-08
803,0.018272735154115982,0.001278947715460587,0.007949484394602482,0.009044213935121705,8.910893120575438e-08
804,0.01825887990575193,0.0014372770267216406,0.008178680165565342,0.008642831131528543,9.158193640135922e-08
805,0.018232981974035934,0.001359108260516696,0.007990416965457983,0.008883365695532483,9.105252877178123e-08
806,0.018222792646749315,0.0013346222104577748,0.007972869766732718,0.008915203664752196,9.700480662469989e-08
807,0.01822938776449176,0.001437463862567235,0.008191513702118996,0.008600304553753636,1.0564605189182061e-07
808,0.018218899793468264,0.001307667920280308,0.007948469885677772,0.008962662298649615,9.968886056765142e-08
809,0.018195383989072816,0.0014343371015627375,0.008103929432700845,0.008657014944158088,1.025106511446008e-07
810,0.018173477538720756,0.001368650442361868,0.008064531907566197,0.008740195856548616,9.933224407569881e-08
811,0.018177167242329793,0.0012979553332037894,0.007972573424250078,0.008906542666621192,9.581825473221763e-08
812,0.018177529608585038,0.0014558571182167184,0.008135683833601968,0.008585889550082625,9.910668372593748e-08
813,0.01816200808847409,0.0013148501912283682,0.007874615344208696,0.008972450746693734,9.18063432905993e-08
814,0.018133804917833223,0.0013720744576561437,0.008084501777229351,0.00867713271018016,9.597276756593929e-08
815,0.01812131462637375,0.001347630135406373,0.008057903325407963,0.00871568114093846,1.0002462095556492e-07
816,0.018126199077279827,0.001285876817072514,0.007862508657985124,0.008977715829424542,9.777279764668079e-08
817,0.018125260680691264,0.001459721356485977,0.008135085156115485,0.008530354319019755,9.98490700469053e-08
818,0.01810208217199144,0.001296544155133987,0.00792549589131109,0.008879947385580275,9.47399660876315e-08
819,0.018074631095618496,0.0013413656214373195,0.008026953222852604,0.008706210406407193,1.0184492138160967e-07
820,0.018068775456596808,0.0013599248445819695,0.008088240641171474,0.00862050816530802,1.0180553534678283e-07
821,0.018075414169701442,0.001272432071673339,0.007938385354479677,0.008864504498560806,9.224498761623645e-08
822,0.01806800721940683,0.0014412507316230018,0.00816226209365425,0.008464397526310286,9.686781929213904e-08
823,0.018039064936932997,0.001283593567328047,0.007918293074318579,0.008837081341050258,9.695423611270673e-08
824,0.018017270597879283,0.001304685820759245,0.008039506682611199,0.008672977101656336,1.0099285250309161e-07
825,0.018017209792964645,0.001393109455749628,0.008121477487542885,0.008502519237614966,1.0361205716510787e-07
826,0.018023343871063368,0.001288567646067664,0.007843017265607844,0.008891658208851414,1.007505364443594e-07
827,0.018006211208258956,0.001406779553594993,0.008122764208364434,0.008476559237135752,1.0820916377714276e-07
828,0.017975868460940795,0.001262465322705173,0.00795281664016031,0.008760484600726462,1.018973488489412e-07
829,0.017960742306373838,0.0012929070315409,0.007917591081184732,0.00875014456965855,9.962398965360574e-08
830,0.01796646462096996,0.001388933507711788,0.0080650670696706,0.008512360706468351,1.0333711922359455e-07
831,0.017966493235336476,0.0012164551807894066,0.007837116058912009,0.008912820268604167,1.0172703089387143e-07
832,0.017940132492851386,0.0013633195092550008,0.00802652750699227,0.008550175535975368,1.0994062874595097e-07
833,0.017911907625106294,0.0012997017239938383,0.007887200739597785,0.008724901153601347,1.0400791332526145e-07
834,0.01790858431771463,0.0012636325522032365,0.007875480468686425,0.00876937003536479,1.0126146017750142e-07
835,0.017915008249657097,0.001382588233200522,0.008062353341915466,0.00846995679922448,1.0987531662993425e-07
836,0.017904798745457882,0.0012245678326112102,0.007788021136006771,0.008892105693105477,1.0408373442223991e-07
837,0.017873045407560878,0.0013358591656919393,0.008051455976662132,0.008485627827629069,1.0243757773822646e-07
838,0.01785217842221529,0.0012986301447886145,0.007982826039091083,0.008570622175420864,1.0006291472981046e-07
839,0.01785899183105357,0.0012321057665896512,0.007803797293735596,0.008822988070018517,1.0070070980660344e-07
840,0.017860924808192062,0.0013813062245143063,0.00807708235766755,0.008402431183414352,1.0504259585365386e-07
841,0.017838074978580445,0.0012226664975769344,0.007840708960511067,0.008774602390667791,9.712982465265182e-08
842,0.01780638179080365,0.0012949303282661752,0.007917509496627657,0.008593839841276693,1.0212463312351828e-07
843,0.017799267256494628,0.0012983771918549164,0.007966974580281994,0.008533813057134437,1.0242722328024378e-07
844,0.01780889084295886,0.0011973027099371242,0.00779574522148277,0.008815750124132125,9.278740683839329e-08
845,0.01780021695263418,0.0013810523931424713,0.008005108621916113,0.008413960555800362,9.538177523510216e-08
846,0.017764553397374004,0.0012075906413364392,0.007812996745970299,0.008743873106457589,9.290360968107047e-08
847,0.017747882561670127,0.0012074675696410711,0.007905464398765097,0.008634856556854444,9.4036409514315e-08
848,0.017751422620529752,0.001339063818726733,0.007985135581965973,0.008427128642544406,9.457729264074136e-08
849,0.01775580458330947,0.0012205029764415507,0.007717210811641568,0.008818003870027276,8.69251990761039e-08
850,0.017729126413667428,0.0013144099291860932,0.008026604261746458,0.008388021059964518,9.116277035810976e-08
851,0.01769760306434317,0.0012027004372692793,0.007882351167098237,0.008612462008761172,8.945121448189997e-08
852,0.017696286797537472,0.0012050446888000601,0.0077728435398253005,0.008718313090529627,8.547838248174805e-08
853,0.017705297119442773,0.001354063941368297,0.008024854742872798,0.008326293038925698,8.539627598071174e-08
854,0.017689158241257844,0.0011649542346685948,0.007788759263064163,0.008735363144227095,8.159929799102649e-08
855,0.017656880757369507,0.0012638038288254405,0.00790899108933042,0.008483999578542813,8.626067083340554e-08
856,0.017639560393915756,0.0012576066818808602,0.007920748471582537,0.00846112490467983,8.033577253099219e-08
857,0.01764978137573824,0.0011748882116564034,0.007788228435131416,0.008686588870079524,7.585887089541007e-08
858,0.017648367606395352,0.0013341587181679138,0.007977688614007864,0.008336437243089995,8.303112957961221e-08
859,0.01761659131915229,0.001175918154192592,0.007754249826086118,0.00868634843391431,7.490495927074781e-08
860,0.01759249006766891,0.001224556583404681,0.007894612271307487,0.008473251123637384,7.008931935902368e-08
861,0.01758917234194732,0.0012713116098448207,0.007925265015486122,0.008392523388614065,7.232800231320189e-08
862,0.017599821196545667,0.0011437710908332518,0.007692138889744149,0.008763839680284184,7.153568408081583e-08
863,0.017582345578961992,0.0012986763345527068,0.008003427604880379,0.008280168915526402,7.272400250360289e-08
864,0.01754890146075226,0.0011971994200786948,0.00780725950092236,0.00854437512222192,6.74175292883639e-08
865,0.01753510708990991,0.0011953577204386488,0.007757102794747943,0.008582576777461912,6.979726140616085e-08
866,0.01754377217892991,0.0012724907270954672,0.007952642610407106,0.008318567486751216,7.135467612151876e-08
867,0.017543102079300155,0.0011341925078299806,0.007733400201127609,0.008675446601606768,6.276873579857762e-08
868,0.017516065707301312,0.0012948141270461855,0.007900021225502558,0.008321165109855255,6.524489731067246e-08
869,0.01748351823028495,0.001185658402744125,0.007803176399815839,0.008494618813850534,6.46138744534176e-08
870,0.01748746586549758,0.0011353517514747031,0.007787880748733843,0.008564170967239597,6.239804943768978e-08
871,0.017493375100225177,0.0013087222151335392,0.007952833220385867,0.008231755345858705,6.431884706596666e-08
872,0.0174830088969372,0.0011601384118972223,0.007668600377535798,0.008654209726712535,6.03807916426831e-08
873,0.01744589558817626,0.0012086499486598308,0.00792415404104522,0.008313028310335924,6.32881352884504e-08
874,0.017429004009109867,0.0011850661203707143,0.007872279063785228,0.008371596611266657,6.221368726942288e-08
875,0.01743947497546446,0.001157671700642316,0.007661167634604317,0.008620577906548124,5.7733669702064055e-08
876,0.01744100743495129,0.0013048291854025982,0.007944214636225846,0.008191905195046771,5.841827607881486e-08
877,0.017414755947216202,0.001095677717069121,0.007754802065983509,0.008564221085122399,5.507904117136572e-08
878,0.01738230643543509,0.0011616667355182132,0.00780082890673372,0.008419752779713609,5.801346954783799e-08
879,0.01737999455930016,0.0012448880936912882,0.007839674868411894,0.008295376217246226,5.537995075250715e-08
880,0.01739284341983657,0.0011380638821850274,0.007693807077264913,0.0085609216786448,5.078174182745565e-08
881,0.017379448346635424,0.001259010640402063,0.007942385835158652,0.008177994339877396,5.7531197312319895e-08
882,0.017346089238745234,0.0011180577931630316,0.007721787933392202,0.008506188994872762,5.451731723551796e-08
883,0.017326654155677867,0.0011504086000659825,0.007791258379083345,0.008384937478086513,4.9698442026542626e-08
884,0.017335652020705177,0.0012515195915417067,0.00791195229264369,0.008172129903958643,5.0232561133375674e-08
885,0.017341111966077932,0.0011056375315997877,0.007633030476463216,0.008602393970758416,4.998725651588507e-08
886,0.017314262143156445,0.0012285297737318342,0.00790895620851096,0.008176724350919918,5.180999373280881e-08
887,0.017284302681049614,0.001140930498367715,0.007795969558739968,0.008347355932182797,4.6691759133259304e-08
888,0.0172772179556111,0.0011291332273806666,0.007703510404890928,0.008444526867779521,4.745555998370128e-08
889,0.017291707422586795,0.0012435395683005935,0.00789185385921758,0.008156262489763989,5.150530463326768e-08
890,0.017285483577985566,0.0010862118059973074,0.007685727470942607,0.00851349837603024,4.5925015413121074e-08
891,0.017250266171741097,0.0012231112349216445,0.00785942128292636,0.008167686586051645,4.706784144773558e-08
892,0.01722734440433436,0.0011606669856626002,0.007753714592858032,0.008312915856294364,4.6969519365436965e-08
893,0.01723444416909807,0.0010682219571664644,0.007704144940155306,0.00846203213662355,4.513515275025197e-08
894,0.017243638911839963,0.001234218231338949,0.007939039122764937,0.008070335053029424,4.6504706654288315e-08
895,0.01722319423076276,0.001118336071195253,0.007630595158777832,0.008474220380970182,4.2619819491610894e-08
896,0.01718479128922581,0.0011689589596006202,0.00781930692515165,0.008196481365706047,4.403876749362327e-08
897,0.017179570003830795,0.001141390449159616,0.007870080693218878,0.008168053874007061,4.498744524024035e-08
898,0.017190177399187496,0.0010704922993401943,0.007643869899605719,0.008475771584343043,4.3615898536998896e-08
899,0.017190306431492726,0.0012574596517925987,0.007877477698563238,0.008055324126698184,4.495443870622878e-08
900,0.017156393791773323,0.0010859003976081648,0.007712999792616419,0.00835745256210559,4.103944315052799e-08
901,0.017129381134182317,0.001098223655545357,0.007775765636843042,0.008255347872396183,4.396939773351376e-08
902,0.017135444055534847,0.0011808719347843658,0.007827714688572041,0.008126812967750929,4.446442751010807e-08
903,0.01713744622620673,0.0010853977822647654,0.007638992126596603,0.008413015165818188,4.115152717697753e-08
904,0.017115730143439055,0.0011712556246220595,0.007876141523757759,0.008068288957038167,4.4038021069775627e-08
905,0.017088040995680728,0.0010992377805927917,0.007735618661030241,0.008253138480002361,4.6074055333545746e-08
906,0.01708995530935663,0.0010770557172554514,0.007663662706444104,0.00834919228739793,4.459825914436808e-08
907,0.017099765375005033,0.0012038355415908207,0.007902898091088248,0.007992988619490842,4.312283512346658e-08
908,0.01708157901885399,0.0010768086378053403,0.007639240665327868,0.008365489494823205,4.022089757890503e-08
909,0.017052706311823686,0.0011253508602600353,0.007754899648889242,0.008172411605751015,4.419692339332896e-08
910,0.01703951459755325,0.001102017941772241,0.007789860371209031,0.008147593314740145,4.296983183214573e-08
911,0.01705174902851112,0.001050387184584501,0.007678367024932535,0.008322956198782643,3.8620211441082755e-08
912,0.017049361551662555,0.0011972676323285711,0.007875148029804945,0.007976903948283438,4.1941245601675865e-08
913,0.017025669828261238,0.001068170847552723,0.007615201589025981,0.00834225566775796,4.172392457293949e-08
914,0.016996032684370787,0.0010900107497343154,0.007779029441436868,0.008126950798023228,4.1695176375940255e-08
915,0.016993868953260882,0.0011264636316844314,0.007844547502415745,0.008022817687488198,4.013167250434796e-08
916,0.017002532721314703,0.0010684726835109373,0.007626330563948196,0.00830769094957347,3.8524282097252245e-08
917,0.017000786065464995,0.0011845293428559144,0.007876238296590996,0.007939977586437715,4.083958037169052e-08
918,0.01697349031885008,0.0010362352063118818,0.007689714641365305,0.008247504004977544,3.646619534734544e-08
919,0.01694365995025056,0.0010922296791773356,0.007781813994373724,0.008069578419811744,3.785688775582145e-08
920,0.01694338600119315,0.0011335440716571479,0.007787978164981007,0.00802182243865877,4.1325896225954094e-08
921,0.01695189335470128,0.0010308594616421593,0.007629677821753052,0.008291316150547214,3.992075885494484e-08
922,0.01695358495738349,0.0011632644440095887,0.00791743163524423,0.007872847766962513,4.111116715675935e-08
923,0.016919645227070672,0.0010474513353240103,0.007639487531697697,0.008232667289167815,3.9070881147582115e-08
924,0.01689319960412966,0.001080059079444147,0.007728381082531582,0.008084717901344919,4.1540809013582865e-08
925,0.01689133943470844,0.001086782328375688,0.007838937124133902,0.007965579397095125,4.058510372861602e-08
926,0.016904878495470538,0.001011825440100259,0.0076411045386090394,0.008251912041292275,3.6475468964490216e-08
927,0.0168997138823103,0.00117400674905082,0.007840198967190603,0.007885469054684737,3.911138414144815e-08
928,0.016864269653306767,0.001022933329687996,0.007617943272004068,0.008223356580917598,3.647069710472917e-08
929,0.016840158628381983,0.0010205813807478191,0.007755791568363179,0.00806374967529792,3.600397306174194e-08
930,0.016842361836826806,0.0010908559380153765,0.007822587977639022,0.007928880462606185,3.745856622188051e-08
931,0.016857340539271043,0.0010251752425844188,0.007550087128730255,0.008282041903763991,3.6264192378874503e-08
932,0.016841809900631756,0.001133197593825801,0.007838913453431318,0.007869661668584457,3.718479017670156e-08
933,0.01680766580116472,0.000987505733142628,0.007679296859243178,0.0081408299770823,3.323169661313687e-08
934,0.016785777164260204,0.001013065313234762,0.007665172289879344,0.008107505293489374,3.426765672772224e-08
935,0.016801353265800976,0.0011191891503938354,0.007764344227658908,0.007917783889439891,3.5998308341378016e-08
936,0.016806371857953133,0.0009834631168984397,0.007562252501333724,0.008260624261214359,3.197850661036856e-08
937,0.016782480580892375,0.001084510144142257,0.007835764560399765,0.007862171876184659,3.400016569186224e-08
938,0.016744886839779434,0.0010067563435699083,0.007645832320398765,0.008092263906374426,3.426943633608069e-08
939,0.016741689642607846,0.000998853880425451,0.00760354559178918,0.008139256419735282,3.375065793409834e-08
940,0.016761553392504985,0.001105369413592555,0.007843992424072395,0.007812156594269702,3.4960570334264976e-08
941,0.016750993398851447,0.0009704469574946497,0.0075636686556388825,0.008216844436706974,3.334901094162756e-08
942,0.016714633768161936,0.0010795511016145683,0.007729073940640691,0.007905973045553035,3.5680353644570866e-08
943,0.016689076539834306,0.001020326440635544,0.007690381227094341,0.00797833561063902,3.326146540172196e-08
944,0.016705820023598914,0.0009476376781314012,0.0075953943543263965,0.008162756347726983,3.164341413529222e-08
945,0.016713051362287446,0.0011125000966787744,0.007810504646075353,0.007790011550555525,3.506897779620476e-08
946,0.016686847680284212,0.0009971972977906752,0.007525273485065216,0.008164344036243776,3.286118454472565e-08
947,0.016647077234765172,0.001000721824230672,0.007688453805784164,0.007957868338343428,3.326640690950365e-08
948,0.016649299336057376,0.0010185395539570393,0.007746693647962426,0.007884032568678308,3.3565459602118433e-08
949,0.01666435292833239,0.0009738243200479704,0.007511759103090449,0.008178737115962707,3.238923126349181e-08
950,0.016658124298036515,0.0011180495540950154,0.0077783624479459594,0.007761677352355614,3.494363992561497e-08
951,0.016616912374267583,0.0009435101358380922,0.007609688234774285,0.008063681541482105,3.2462173098214e-08
952,0.016595629200650802,0.0009586400735515549,0.007638192442618953,0.007998764100037747,3.2584442547834544e-08
953,0.016613000976538842,0.0010862857545322962,0.007738940020545167,0.007787741162587764,3.403887361416589e-08
954,0.016618433362869497,0.0009565122987851393,0.007515093693761648,0.008146795561963252,3.1808359457213636e-08
955,0.016592992349137917,0.0010328857075336253,0.007802119754990159,0.007757952969995603,3.391661853195037e-08
956,0.01655211510449501,0.0009631730078250007,0.007633126309720324,0.007955782301036178,3.3485913507789285e-08
957,0.01655881011939281,0.0009739695823599135,0.0075440441541269046,0.00804076305992071,3.3322985279607864e-08
958,0.016576752421863405,0.0010751904870717056,0.007801735832547849,0.007699791002749487,3.5099494362125055e-08
959,0.016565660742756852,0.000912208076618978,0.007544429104227627,0.008108990644184818,3.2917725426685395e-08
960,0.016519836272499838,0.0010184094141841462,0.007679654763067808,0.00782173714907811,3.494616977366027e-08
961,0.01650621877477283,0.0010104089549993424,0.007646710249456587,0.007849064948179357,3.4622137543431065e-08
962,0.01652560902166121,0.0009088399453744054,0.0075409627266872625,0.008075773176441857,3.317315768739396e-08
963,0.01653050649789255,0.0010555404931010255,0.007809771153133943,0.007665159282460799,3.556919678067119e-08
964,0.016491494435641352,0.0009493424836116701,0.007525439965273788,0.008016678334268716,3.365248717932683e-08
965,0.01645941575479093,0.0009576528401308745,0.007617859610900839,0.007883869210467605,3.409329160994095e-08
966,0.01647510559981593,0.001001359338803929,0.007760954661707773,0.00771275598095757,3.5618346657565494e-08
967,0.016486600746262084,0.000921238794401632,0.007507704400445303,0.008057623484036273,3.4067378875754635e-08
968,0.0164663559806287,0.0010704637913284824,0.007742458328143808,0.007653398652122613,3.5209033795018595e-08
969,0.016421527286976715,0.0009242807973586536,0.007608976965164429,0.007888235753060236,3.377139339458802e-08
970,0.016422150765187334,0.0008940749837596881,0.007597187551433317,0.007930853964588131,3.4265406200155295e-08
971,0.01644225344990685,0.0010599401928649017,0.007772286128577362,0.007609991041257374,3.608720721046263e-08
972,0.016436806181471725,0.0009496802284016735,0.007488847224107218,0.007998245582198863,3.314676397411039e-08
973,0.016393250216613833,0.0009746670853865978,0.007725170031679311,0.007693378065311091,3.50342368328945e-08
974,0.01637263183831299,0.000926953315103481,0.007670295468385516,0.007775347738578745,3.531624524634386e-08
975,0.016389653562012073,0.0009257097910786083,0.00751054308211649,0.007953366544905515,3.41439114622172e-08
976,0.01640482301739824,0.0010772231512104636,0.007773218529409684,0.007554344779005919,3.655777217461408e-08
977,0.01637213693348482,0.0008900159095103874,0.007531740081638927,0.00795034556904635,3.537328915455933e-08
978,0.016331657721396806,0.0009312248355575217,0.00764451361350335,0.007755883384434552,3.588790138211682e-08
979,0.016337405877630252,0.0010037358084782496,0.007672778688244024,0.007660855307203736,3.607370424238037e-08
980,0.016357254985190955,0.0009093908023086819,0.00747847114946778,0.007969357364339019,3.566907547423349e-08
981,0.016351309876885274,0.0010118852567460904,0.007780939097219618,0.0075584468027538095,3.872016575383537e-08
982,0.016301272359452286,0.0008998858387291045,0.007545946104427475,0.007855404567375114,3.584892059357035e-08
983,0.016289602104142317,0.0009379345438998418,0.007537673333479882,0.007813959025695344,3.52010672469231e-08
984,0.016309602859386492,0.0010093089299065185,0.007731212809679345,0.007569042964595787,3.8155204843186854e-08
985,0.016320525849751084,0.0008674156515188122,0.007488008504951788,0.007965064069420739,3.7623859744478736e-08
986,0.016278887906334485,0.0009935633666432074,0.007697134664849572,0.007588150879691491,3.899515021611466e-08
987,0.016247935319966236,0.0009487686178645947,0.007564685522989142,0.007734444314092446,3.686502005372628e-08
988,0.016257876699229977,0.0008808024417605158,0.007507144388904462,0.007869892635211836,3.723335316374635e-08
989,0.016283749994771512,0.001005267587757465,0.007777548485412503,0.0075008931423198,4.077928174255816e-08
990,0.016255569761392755,0.0008919625814778726,0.007483064084723548,0.007880505667625957,3.742756537703547e-08
991,0.016212717760452407,0.0009467718795543756,0.007623593635066366,0.007642314881620888,3.736421077857919e-08
992,0.016210219605238534,0.0009340871809770217,0.007661772083108749,0.00761432172007028,3.8621082479945946e-08
993,0.01623659377773515,0.0008697709532620232,0.007468971230713504,0.007897813489981044,3.8103778580248575e-08
994,0.016235460466143346,0.00103881470928827,0.007736377611136355,0.007460227658624768,4.0487093952049704e-08
995,0.016187371709307754,0.000889488968377982,0.007515364152036495,0.0077824789677140545,3.9621179223196294e-08
996,0.01616670849140303,0.0008595120574904948,0.0075810494072218425,0.007726106019062608,4.1007628084669486e-08
997,0.01618956873914681,0.00097073529937784,0.007719189538036328,0.007499602271756038,4.1629976603544044e-08
998,0.016201959209246778,0.0009065285342955451,0.007433409368313872,0.007861982243461716,3.906317564661845e-08
999,0.01616584440117313,0.0009777560761335125,0.007698417482362226,0.007489628241897276,4.2600780113945944e-08
1000,0.016129503418749323,0.0008564779748468619,0.007598161234420101,0.007674822040247367,4.216923499216998e-08
1001,0.016139201496890295,0.000856374730981696,0.007491032021964239,0.007791754103600798,4.0640343562222703e-08
1002,0.016168627025065704,0.0010349328140062067,0.007708018313771192,0.007425633679746167,4.221754214019303e-08
1003,0.01613489331945731,0.0008655701095830208,0.007479424698669465,0.0077898570211238465,4.149008097696327e-08
1004,0.016100388430572685,0.0008757944425397589,0.007574834699203675,0.0076497112417511365,4.8047078113292905e-08
1005,0.016114512816566964,0.0009337493233462433,0.007698720474661781,0.007481999295247591,4.372331134988767e-08
1006,0.016118347612123513,0.0008583259768827463,0.007459133743045178,0.007800846602573003,4.1289622584112e-08
1007,0.016101075061924788,0.0009506671610601818,0.007591584252770157,0.007558775612803302,4.8035291146288675e-08
1008,0.016073826252823453,0.0008828522317052645,0.0076184716223241375,0.007572461400900483,4.0997893564432795e-08
1009,0.01607417156423951,0.0008726609058769902,0.007531587209275356,0.007669882069362942,4.137972422201405e-08
1010,0.016097139420477333,0.00100189998869364,0.007615863019525128,0.007479326307362523,5.010489604204993e-08
1011,0.01606524383818441,0.0008614210821842228,0.007491368897330074,0.0077124104414349574,4.341723515314461e-08
1012,0.016054723222983656,0.0008942655778004588,0.007656248653056911,0.007504166799864581,4.219226170459665e-08
1013,0.016034910667382263,0.0009050610210928781,0.00758066677918124,0.007549135882430452,4.6984677694844916e-08
1014,0.016059019166900307,0.0008911499284460645,0.007406795349345997,0.007761026113574558,4.777553368723605e-08
1015,0.016056939083427212,0.0009707245291559393,0.0076794247466965785,0.007406742775025355,4.703254934128822e-08
1016,0.01604162911137893,0.0008323010271724817,0.0075112858343020965,0.007697998311471936,4.393843241421416e-08
1017,0.0160097377747764,0.0008773816767782071,0.007528493296577062,0.00760381151356861,5.128785251977663e-08
1018,0.016007063115006204,0.0009102847540482546,0.007503219606326159,0.007593508265454386,5.0489177405454055e-08
1019,0.01601948238766355,0.0008500479834276394,0.007446347873332468,0.007723041903493895,4.462740954691115e-08
1020,0.016029390242017258,0.000943594156736711,0.007672254152610558,0.007413490156007029,5.1776662960138354e-08
1021,0.016016705149961927,0.0008391208665991016,0.007397144270780939,0.007780386611565551,5.340101633457718e-08
1022,0.015982962629221754,0.0009193987292725187,0.0075590542984306525,0.00750445689161293,5.2709905651935544e-08
1023,0.015968153916218884,0.0008688688058689979,0.007552854238447782,0.00754638328203632,4.7589865782534424e-08
1024,0.01597189569474992,0.0008164893068531445,0.00746848425272393,0.007686870877106302,5.1258066544494334e-08
1025,0.015994261365542668,0.0009467979831701988,0.007604868070761574,0.007442534509864689,6.080174620600145e-08
1026,0.01599215540456023,0.0008531644145148941,0.0073908200425558635,0.007748117829936672,5.3117552799516506e-08
1027,0.015973060505439358,0.000941766936517049,0.007658275128428312,0.007372962289296689,5.61511973066449e-08
1028,0.015931780164583707,0.0008203297612588674,0.0075029225874616344,0.00760846788598297,5.992988023703636e-08
1029,0.015932461104505146,0.0008259895337237112,0.0074618604179991,0.007644548483828834,6.266895350173956e-08
1030,0.01595046579441453,0.0009402821535832581,0.007630136885057144,0.007379986307012781,6.044876134773108e-08
1031,0.01596717427350313,0.0008435241121353883,0.007408080757714929,0.007715513186004941,5.621764787003697e-08
1032,0.015940747471774673,0.0009223921103926419,0.007634056547132118,0.0073842280785356195,7.073571429214231e-08
1033,0.015902243365837867,0.0008028006806250185,0.007503791798813117,0.00759558307396728,6.781243245135856e-08
1034,0.015894417157759886,0.0008175491824641474,0.007521892932544964,0.0075549138903564855,6.115239429230509e-08
1035,0.015922067538168244,0.0009509877097848999,0.007642365857183126,0.007328647437575527,6.653362469361719e-08
1036,0.015930476873754974,0.000831620039055879,0.007380153809052414,0.007718633579559398,6.944608728272505e-08
1037,0.0158990394809512,0.0008821750297208893,0.007662789829471463,0.007353997785372187,7.683638666284554e-08
1038,0.01586311565119104,0.0008022571632164081,0.0075746862702948505,0.0074861026309463305,6.9586733446992e-08
1039,0.015870790515316913,0.0008308953560518162,0.007453527098128362,0.007586297416422147,7.064471458949327e-08
1040,0.015900146583288702,0.0009631678468284687,0.007629888689872192,0.0073070099209413914,8.01256466487747e-08
1041,0.01589154194023695,0.0007994152385155585,0.007437604507443017,0.0076544488493547405,7.33449236307966e-08
1042,0.01584619325629629,0.0008481360554353443,0.007620726046940651,0.007377247614747457,8.353917284065122e-08
1043,0.01583005483437589,0.0008521379739687951,0.00753192013117514,0.007445908578017251,8.815121470687887e-08
1044,0.01585481569893875,0.0008243819578946471,0.007417430253081939,0.007612922906441012,8.058152115026291e-08
1045,0.01587596615024391,0.0009412288221658807,0.0077038505570775385,0.007230800378411343,8.639258914699905e-08
1046,0.01583618041968968,0.0007894353584502509,0.007444607057090332,0.0076020509337826276,8.707036646936409e-08
1047,0.01579889972801029,0.0008329778660163429,0.007509210124009428,0.0074566176481912355,9.408979328235426e-08
1048,0.015814921812399702,0.0008917423614928493,0.007614686471299348,0.0073084031138896,8.986571790463332e-08
1049,0.015836592183722017,0.0007979373930550757,0.007428045284423977,0.0076105228167811,8.668946186476715e-08
1050,0.015826988546848785,0.0009051719652080243,0.007637972935446474,0.007283737017820874,1.0662837341307596e-07
1051,0.015773192602571987,0.0008005805740371263,0.007481398846228381,0.0074911196561024285,9.352620405084585e-08
1052,0.01577625268414685,0.0008168269237441704,0.007478328311753588,0.007481009576618603,8.787203048926433e-08
1053,0.01580149506831882,0.0009120888672510055,0.007623934609194183,0.007265367087371323,1.0450450230996243e-07
1054,0.01580692730071338,0.0007857008697722218,0.007388839930618055,0.007632287035678837,9.946464426288719e-08
1055,0.015763866655820746,0.0008607859102098658,0.007617379869764704,0.0072856036311219445,9.724472423269268e-08
1056,0.01573670691649975,0.0008423445301701139,0.007508341499860276,0.007385926430200002,9.445626935889047e-08
1057,0.015760590384093404,0.0008125644407166982,0.007376823711823292,0.0075711036062608515,9.862529255967609e-08
1058,0.01578541604936249,0.0009080675765637727,0.007663174229714456,0.007214068212575403,1.0603050885820153e-07
1059,0.015753278364786995,0.0007710751529423426,0.007440133263889988,0.007541976207811456,9.374014320875599e-08
1060,0.01571277922931977,0.0008416126323014662,0.007499299994349691,0.007371763943932397,1.0265873621571086e-07
1061,0.015717973982957528,0.0008752682225125627,0.007562536183793021,0.007280069255828507,1.0032082343695129e-07
1062,0.015750773337420126,0.0007830520103094074,0.007412896805793189,0.007554732314517219,9.220680031059122e-08
1063,0.0157415683553293,0.0008895640884664599,0.007628012966563724,0.0072238790597513435,1.1224054777723971e-07
1064,0.015692020568612425,0.0007942353661080294,0.007420433727685925,0.007477248812445336,1.0266237313290628e-07
1065,0.015681613744309788,0.0008055415673479188,0.007473453743237333,0.007402525163237161,9.327048737468524e-08
1066,0.01570762473927066,0.0008826189406004416,0.007625972521866074,0.007198927819906297,1.0545689784509359e-07
1067,0.015723003786016914,0.0007838397410043229,0.0073655228943275055,0.007573536036467785,1.0511421729832052e-07
1068,0.015680231100218423,0.0008631709747214464,0.007596012079972198,0.007220942698119041,1.053474057396885e-07
1069,0.015649803142937836,0.0008109031242888014,0.007492184553094941,0.007346615691303319,9.977425077626764e-08
1070,0.01566442728297246,0.0007824528547231987,0.007388445405065409,0.0074934216677830226,1.073554008285898e-07
1071,0.015695653470003054,0.000896693827599199,0.007636266115914582,0.007162580805638581,1.127208506922042e-07
1072,0.01567302667758496,0.0007832204824255745,0.007401821096097259,0.007487889969150058,9.512991206997121e-08
1073,0.01562972445113144,0.0008404989359975407,0.007498079765885024,0.007291036021801621,1.0972744725260744e-07
1074,0.015620034136038059,0.0008149195772521146,0.007531434536499477,0.007273568211840151,1.1181044631604562e-07
1075,0.01565868878142149,0.000756427564415272,0.007414202443973962,0.007487957264926657,1.015081055975712e-07
1076,0.015659200262572302,0.0009023571903852735,0.007611831548462105,0.007144893097617653,1.1842610727071661e-07
1077,0.015619675792183867,0.0008060368157394523,0.007365874810301708,0.00744765613740338,1.0802873932493204e-07
1078,0.015587644193880288,0.00078337355138001,0.0074908882390976005,0.007313278969040528,1.0343436215062402e-07
1079,0.015607105904332574,0.0008174748646948314,0.0075857482116280925,0.0072037656287090145,1.1719930063628704e-07
1080,0.015632215846035535,0.0007714827964485163,0.007340692046084217,0.007519926633356427,1.1437014637373576e-07
1081,0.01561486274155349,0.0008951504794361884,0.007598238421661911,0.007121362442241504,1.1139821388801721e-07
1082,0.015566894889470861,0.0007788751860294539,0.007445396964939518,0.007342516920072782,1.0581842910747421e-07
1083,0.015565195943129963,0.0007537297591606786,0.007425134062165049,0.007386211530200447,1.205916037893449e-07
1084,0.015591896052946084,0.0008498690612750983,0.0076081638318188346,0.007133741905030745,1.2125482140829915e-07
1085,0.015601943263333279,0.0007892676223216619,0.007364208621937427,0.00744836360799458,1.0341107960913389e-07
1086,0.015565094843951945,0.0008637235977936539,0.00753901997126462,0.007162229012465812,1.2226242785839428e-07
1087,0.015527020448129035,0.0007564470577445893,0.007488866674165846,0.007281592444808815,1.1427140978484094e-07
1088,0.015545608875140388,0.0007395864932818072,0.007451489123109893,0.007354427411913738,1.058468349494128e-07
1089,0.015572187109521312,0.0008924489239329747,0.007590784232654319,0.007088829856332877,1.2409660114284357e-07
1090,0.01556441787722237,0.0007915200798985626,0.007332751467845035,0.007440031863752656,1.1446572611581566e-07
1091,0.015522706554091964,0.0007978476103611265,0.007585087140042512,0.0071396565244763515,1.1527921197559393e-07
1092,0.015497523083322421,0.0007552351768684455,0.007512166704440509,0.007230000809411229,1.2039260223693462e-07
1093,0.015523343404007855,0.0007714693767910225,0.007365964894503272,0.0073857935925272875,1.1554018627179127e-07
1094,0.0155528561724934,0.0009006482834381594,0.007629034456850162,0.007023060011301273,1.1342090380694364e-07
1095,0.015520068211508154,0.0007407139126546185,0.0073905545034616445,0.007388688876143917,1.1091924797327955e-07
1096,0.015482771395752114,0.0007682271126901497,0.00750746202167476,0.0072069524259138155,1.2983547338881533e-07
1097,0.015472097044709504,0.0007909634713761297,0.007541492852912083,0.007139527407614401,1.1331280689073479e-07
1098,0.015509024917294445,0.000782333095623229,0.0073722270656864965,0.007354362217607678,1.0253837704168389e-07
1099,0.01551966831266272,0.0008820713989903983,0.007590978953252926,0.0070464895090055725,1.2845141382324578e-07
1100,0.015476774362583538,0.0007211987127893317,0.007407290198688313,0.0073481699734970676,1.1547760882511171e-07
1101,0.015442060850873757,0.0007496470884011318,0.007511590921091695,0.0071807118602922205,1.1098108870893175e-07
1102,0.015459213137478053,0.0008375812177866358,0.00752602880741602,0.007095482230690995,1.208815844026749e-07
1103,0.0154848660456869,0.0007667869482945481,0.007339695855325131,0.007378269578221047,1.136638461743363e-07
1104,0.015475790768661806,0.0008233821630720076,0.007645970954380056,0.007006323634786819,1.1401642292220044e-07
1105,0.015419519386283593,0.0007170992239216406,0.007464344258463416,0.007237965321734369,1.1058216416702982e-07
1106,0.015425436469224604,0.0007586446399770576,0.0073840793150645725,0.007282598961574951,1.13552608022686e-07
1107,0.015461043401979447,0.000869809703335567,0.007586974583439945,0.007004141673700576,1.174415033585412e-07
1108,0.015455340200947177,0.000725610460115176,0.007386313528142688,0.007343309729400946,1.0648328836652397e-07
1109,0.015401937107536567,0.0007622632371450089,0.007569122408923605,0.007070446702647408,1.047588205451804e-07
1110,0.015391735152120124,0.000787769222458465,0.007504252945082907,0.0070996113832643495,1.0160131440165533e-07
1111,0.015427188003712773,0.0007564161653476204,0.00734796564833672,0.0073227094232882145,9.676674022044524e-08
1112,0.015438885045753054,0.0008366619312625321,0.0076528794432668395,0.006949243769952357,9.990127132414357e-08
1113,0.01538721660236815,0.0007054384188861213,0.00743860448952905,0.007243077556374394,9.61375785856716e-08
1114,0.015361709683071682,0.0007503936749270826,0.007425181737458196,0.007186038124420796,9.614626560659251e-08
1115,0.015399898816967583,0.0008572973498243586,0.007546483819842499,0.006996023458861027,9.41884396972721e-08
1116,0.015412199841485593,0.0007321631540036708,0.007343301345942914,0.007336649343119119,8.599841988876601e-08
1117,0.01537287210181435,0.0007764403397452895,0.007588911852805975,0.0070074291795924155,9.072967067069599e-08
1118,0.015332799143605998,0.0007439495891023254,0.007462362432160315,0.007126392177181853,9.494516150600356e-08
1119,0.015367182670649784,0.0007557272107821384,0.007336939297669972,0.00727442109742872,9.506476895391218e-08
1120,0.015393392225559379,0.0008522306305820029,0.007624184484142886,0.0069168816562430015,9.545459148785706e-08
1121,0.015358403020090056,0.0007046256457247213,0.00740564247827692,0.007248046192238268,8.87038501464512e-08
1122,0.015306507310099714,0.0007374771087735091,0.007473391738874746,0.0070955444041581875,9.40582932724537e-08
1123,0.015336429463324123,0.0008270078203773614,0.00752228967476203,0.006987031474925591,1.0049325913999321e-07
1124,0.015361928194132027,0.0007382197855522368,0.0073296815013397226,0.007293932370712589,9.453652747899925e-08
1125,0.015343166191142465,0.0007990181189732493,0.007621448612685069,0.006922606337818386,9.312166576039823e-08
1126,0.015283142995105647,0.0007119137891069596,0.007454130571511135,0.007117008806260555,8.982822699568041e-08
1127,0.015304772929653309,0.0007395830955770042,0.007357730301757723,0.00720736710553763,9.242678095142287e-08
1128,0.01534144388209717,0.0008486464223840598,0.007598222100357717,0.006894478391735072,9.696762032009691e-08
1129,0.015321886713995682,0.0007075849989546789,0.007374855791774796,0.0072393573289458715,8.859432033472598e-08
1130,0.015260492101264289,0.0007276728374047396,0.007503516969949557,0.0070292135130465986,8.878086339376342e-08
1131,0.015272799269387948,0.000781464236787493,0.007498022539469481,0.006993223542974655,8.895015631829542e-08
1132,0.01531044693959396,0.0007319784192807301,0.0073155576719165115,0.007262827813752557,8.303464416118871e-08
1133,0.015302081390226483,0.0008006759610962793,0.007627470888271182,0.006873849517410926,8.502344809651123e-08
1134,0.015240193632592406,0.000681321677353473,0.007447561377548169,0.007111224179347309,8.639834345495643e-08
1135,0.015242793063744297,0.0007113689049560532,0.007376558187280259,0.007154774285447058,9.16860609255065e-08
1136,0.015290829311310046,0.0008430336846962143,0.007578544097577566,0.006869157719355461,9.380968080448781e-08
1137,0.015274480804066654,0.0006977552385302879,0.007359239490359998,0.007217401920421191,8.415475517629547e-08
1138,0.015218370331470036,0.0007046894847726044,0.007534150408892179,0.006979442798675755,8.763912949853548e-08
1139,0.01521149599600035,0.0007451698376292353,0.007491697424573354,0.006974535645944137,9.308785362413596e-08
1140,0.015261299722984019,0.000739205203464783,0.00729686154205578,0.007225140926635568,9.205082788741401e-08
1141,0.01525737968014948,0.0007977016649991175,0.0076169121827041174,0.006842672273818512,9.355862773229071e-08
1142,0.015198353651675,0.0006592083634957005,0.007437261717392136,0.007101797627306388,8.594348077659664e-08
1143,0.015183747507943048,0.0006922203649618677,0.007390861782082468,0.007100576871143614,8.848975509804656e-08
1144,0.015238992769403558,0.0008355797155785296,0.007551282652704181,0.006852033418065226,9.698305562164169e-08
1145,0.015228488799888449,0.0007052531315640446,0.007324644068481397,0.007198503024849279,8.857499372847071e-08
1146,0.015174026283814259,0.0007051129066101326,0.00754966592734149,0.006919161719434588,8.573042804866917e-08
1147,0.015156284999743934,0.0007026828703816711,0.007502262994284153,0.0069512530219855906,8.611309252009267e-08
1148,0.015208046217603351,0.0007230865444295352,0.007296864678659707,0.007188007776317551,8.72181965570836e-08
1149,0.015213045155060586,0.0008205204363961511,0.007594457915835852,0.006797973637833049,9.31649955317686e-08
1150,0.015151383215185986,0.0006570928911467372,0.0074183016426861755,0.007075900399822683,8.828153038906363e-08
1151,0.015131278737469257,0.0006538488144517279,0.007413011481929213,0.00706432887262096,8.956846735687986e-08
1152,0.015184112052215325,0.0008094721531959924,0.00754292722655859,0.006831621311320855,9.136113988900811e-08
1153,0.015183037057637832,0.0007186611469013867,0.007296320708467192,0.007167972237483943,8.296478530903841e-08
1154,0.015129117141556653,0.0007031906030179211,0.0075484893889049155,0.00687735109678986,8.605284395475064e-08
1155,0.015103247333158461,0.000678846719618801,0.007494959814730271,0.00692935348570457,8.731310481664626e-08
1156,0.015154200828964352,0.0007037127417491453,0.00729522108658546,0.007155179951183297,8.704944644887757e-08
1157,0.015166002462933578,0.0008040918994160997,0.007572671557511135,0.006789149548698254,8.945730808822082e-08
1158,0.015108488359444859,0.000663630409879263,0.00738855390356287,0.007056226029184327,7.801681839735944e-08
1159,0.015078215184275167,0.0006603447610933277,0.007416861718391317,0.0070009306642012355,7.804058928566715e-08
1160,0.015128383072764207,0.000772651940205189,0.00752823316627008,0.006827412805648341,8.516064059665542e-08
1161,0.015138171897568258,0.00069256476293408,0.007277080042016986,0.007168449448162699,7.764445449491702e-08
1162,0.015086137385883871,0.0007115224084189305,0.0075418278977140265,0.006832712871631145,7.420811976959463e-08
1163,0.015054064851609783,0.0006653999987125838,0.007472299885989148,0.0069162917364302195,7.323047783346743e-08
1164,0.015094029144554374,0.000686132328174274,0.00729419398988243,0.007113628064041879,7.47624557920986e-08
1165,0.015124697206520432,0.0008068197917168186,0.007548609623736647,0.006769189554009715,7.823705725111391e-08
1166,0.01506854650159191,0.0006410234629049844,0.007351713960557954,0.007075738695275101,7.03828538709909e-08
1167,0.015028486056216338,0.000636658272207117,0.007436067216095526,0.006955690477014078,7.009089961802071e-08
1168,0.015065426715200001,0.0007621154016152185,0.0075025016199163665,0.006800738421410377,7.127225803758508e-08
1169,0.015094755724790656,0.0007095304175586449,0.007252249475099465,0.00713290851345912,6.731867342732184e-08
1170,0.015058363623634403,0.0007079371708314272,0.0075504284622506255,0.0067999271056473605,7.088490499106714e-08
1171,0.015005662860090845,0.0006292043323593722,0.007433746555612945,0.006942643156869107,6.881524942165303e-08
1172,0.015030244523448366,0.0006762073126209029,0.007307415500985149,0.007046552315153645,6.939468866928954e-08
1173,0.015080536708118463,0.000805969249552191,0.007534717048443023,0.006739778823407212,7.158671603765712e-08
1174,0.015041266011816427,0.0006524308490181391,0.007308872244257943,0.0070799020448114106,6.08737289350193e-08
1175,0.014988011882529682,0.0006493484884007083,0.007465267106412875,0.006873335279408656,6.100830744205415e-08
1176,0.01499528034659551,0.0006924672933347507,0.007475551432572579,0.006827193210344061,6.84103441207062e-08
1177,0.015048367144527538,0.0006914905415840623,0.007249876773394297,0.0071069327041104234,6.712543875424389e-08
1178,0.015033546105062738,0.0007618052524251268,0.007554742539317294,0.0067169350147985715,6.329852174726638e-08
1179,0.014970638048222787,0.0006287012596775495,0.007385277167969171,0.0069566028052996404,5.6815276425913555e-08
1180,0.014965330014754833,0.0006309084426064782,0.0073405746605963735,0.006993786638321482,6.027323049860768e-08
1181,0.015022149121421744,0.0007769751153281893,0.007514884018781405,0.006730224947860788,6.503945136231875e-08
1182,0.015015141696786444,0.0006762973160805902,0.007278486593360669,0.0070602998672153975,5.792012978736832e-08
1183,0.014957196803753937,0.0006529808137449888,0.0075097413646662645,0.006794415936100449,5.8689242235560374e-08
1184,0.014932357176654585,0.0006503070224186119,0.007439154664533995,0.006842837465521493,5.8024180486952586e-08
1185,0.014992396841335435,0.0006959274487192857,0.007240407542904736,0.007056005956188708,5.5893522705038545e-08
1186,0.015004306109206781,0.0007648046947019431,0.007553299401273058,0.006686141981059769,6.003217201131181e-08
1187,0.014950030109048842,0.0006049215062975212,0.007358951358300947,0.006986099725429082,5.751902129308947e-08
1188,0.014906310207599102,0.000623898796662724,0.007382534376516069,0.006899818976152244,5.805826806424672e-08
1189,0.014962384655814802,0.0007587796176365543,0.007478570675147541,0.006724975430431598,5.8932599109633146e-08
1190,0.014980505580149352,0.0006662298059151124,0.007241825963253824,0.007072397069898981,5.274108143461653e-08
1191,0.014934773707102259,0.0006736179726681944,0.007529547919959832,0.00673155560176742,5.2212706812863735e-08
1192,0.014884767315597219,0.0006289862211582172,0.007417231726810818,0.0068384966115289745,5.275609921022712e-08
1193,0.014930376013615161,0.000664308250371963,0.007262336484303292,0.007003674594687573,5.6684252333865164e-08
1194,0.014971778085783875,0.0007676079632802185,0.007533902796721915,0.006670208734282642,5.8591499098115124e-08
1195,0.014923460510788328,0.0006251959177547971,0.00730823945304945,0.006989977299888039,4.7840096040548123e-08
1196,0.014865258361842259,0.0006264566103952074,0.007412363074340188,0.00682639154029347,4.713681339451075e-08
1197,0.014900171582576312,0.0007107868547508923,0.007462986686452676,0.0067263451267156014,5.291465714206581e-08
1198,0.014943930375757941,0.0006739665111171298,0.007225300299535761,0.007044611943004054,5.1622100996110206e-08
1199,0.01491087010632089,0.0006996870987175102,0.007538152799930836,0.006672979552765398,5.0654907144396254e-08
1200,0.014848273270331249,0.0005968213535162998,0.0073958204999533,0.006855584024252046,4.73926096026827e-08
1201,0.0148705704651379,0.000633673194640846,0.007278565591562689,0.006958283204627296,4.8474307068533816e-08
1202,0.014933367144767767,0.0007918365759202647,0.007502643886440881,0.0066388360114673205,5.0670939299819946e-08
1203,0.014875402352001172,0.0006256385355382276,0.007279250933643736,0.006970469579135178,4.3303684028499324e-08
1204,0.014821334230522131,0.0005893902508887804,0.007400028818291253,0.00683187146515586,4.369618623802602e-08
1205,0.014869847242639468,0.0006891493718524043,0.007494696014412751,0.006685954657728124,4.719864618700943e-08
1206,0.014887039791053542,0.000647922234702001,0.007215760991321003,0.007023313483151367,4.30818791707086e-08
1207,0.0148194811665184,0.0006759230442344666,0.0074141325831060065,0.006729384299446139,4.1239731786896554e-08
1208,0.014804802741436657,0.0006257779800037012,0.007430355913134415,0.006748628225089255,4.0623209286514396e-08
1209,0.014856997393995632,0.0006100361222001413,0.007256290229867301,0.006990630602250442,4.043967774727501e-08
1210,0.014852075148485074,0.0007392351768131225,0.007464482756560154,0.006648314179455207,4.303565658995359e-08
1211,0.014778592255965466,0.0006106654989772667,0.007316153564348821,0.006851732940750569,4.025188880909576e-08
1212,0.014797577812953044,0.0005981785456949389,0.0072974884345369745,0.006901872912572374,3.792014875709359e-08
1213,0.01484364857041553,0.000744830738817724,0.007482863844224188,0.00661591626673404,3.772063957906681e-08
1214,0.01481161478088908,0.0006412162313352116,0.00722520403570512,0.006945158703817734,3.5810031014137524e-08
1215,0.01475230889684368,0.0005972153163666769,0.007373058446290632,0.006781996097989398,3.903619697234705e-08
1216,0.01477592488168362,0.0006523106247820533,0.007445285673530906,0.006678289557246319,3.902612434010411e-08
1217,0.014816358272784186,0.0006592319042391121,0.007203883031800478,0.006953207928447271,3.5408297326078555e-08
1218,0.014787323243103952,0.0007106119965118152,0.0074274369480959316,0.006649236250939679,3.8047556525008314e-08
1219,0.0147305020580342,0.0005881777679876977,0.007311980235877565,0.006830308696348377,3.535782055963446e-08
1220,0.014745197443359627,0.0006028772785998628,0.0072728509039426265,0.006869436335315241,3.292550189574953e-08
1221,0.014792377015913202,0.0007369730817559582,0.007460846589465522,0.006594520608936701,3.6735755021651e-08
1222,0.014775821595131838,0.0006336698079670277,0.0072023892721192586,0.0069397257696001595,3.6745445391950847e-08
1223,0.014711004332554031,0.0006262433627667614,0.007383565465418662,0.00670115940726123,3.609710737822803e-08
1224,0.014708062729394292,0.0006300680286280112,0.007384231863011934,0.006693728857794366,3.397995998034056e-08
1225,0.014749756946535412,0.0006199256370763784,0.007211241875373951,0.0069185546606844945,3.477340058959696e-08
1226,0.01477052478634388,0.0007331357496508341,0.007459452461903266,0.006577898120126472,3.845466330892672e-08
1227,0.014715363835873662,0.0006193140762906484,0.007247703677159095,0.006848312639155935,3.3443267982242665e-08
1228,0.014670023412452755,0.0005838011463529167,0.0073447709082678815,0.006741416837154315,3.452067764207923e-08
1229,0.014701601173649973,0.000647807905871953,0.0074147453715244045,0.006639011504591358,3.639166225776692e-08
1230,0.014740830274187816,0.0006455443661506021,0.0071884958733741825,0.006906757968906232,3.2065756802323636e-08
1231,0.014730732012043167,0.0007087947081254094,0.007473337940489556,0.006548565075102739,3.428832546147088e-08
1232,0.014661175178845787,0.0005751157695713605,0.007281856537870924,0.006804168492716764,3.4378686738856343e-08
1233,0.014648429346672534,0.0005867645103184013,0.0072831468994167155,0.0067784849968660224,3.2940071394485626e-08
1234,0.014699666996171019,0.0006887680970345838,0.007456201902550373,0.006554666057791567,3.093879449515496e-08
1235,0.01472117103657177,0.0006270680269478537,0.007193033108553484,0.006901041510190845,2.839087958685151e-08
1236,0.014672216165558282,0.0006738484933508134,0.007415124346795929,0.00658321162355322,3.170185832136219e-08
1237,0.014616934300463081,0.0005954032471468678,0.00729875471899072,0.006722747311682166,2.9022643328744336e-08
1238,0.014637859639852546,0.0005667702784097311,0.007260387039170994,0.006810674394662671,2.7927609148505788e-08
1239,0.014690962740038241,0.000699114002875733,0.007455096472179903,0.006536722289240822,2.997574178202831e-08
1240,0.014682701581228367,0.0006542897970566834,0.007155909230250997,0.0068724765105260335,2.6043394652750767e-08
1241,0.014614383600345336,0.0006150463556802491,0.007394261878939349,0.006605047936194487,2.7429531252294746e-08
1242,0.014586528847035395,0.000562421219618838,0.007344775247929758,0.006679304219211133,2.8160275667412636e-08
1243,0.014631562360290815,0.000612587315096412,0.007186643903721013,0.006832304320325156,2.6821148233544632e-08
1244,0.014676581293191392,0.0007311284462996511,0.007451720075014732,0.006493704697376771,2.8074500238372165e-08
1245,0.014634297809614321,0.0005926322093507665,0.007193492236572053,0.006848147376713189,2.598697831174991e-08
1246,0.014561909554168317,0.0005901977065388478,0.00732571226033501,0.006645971712832176,2.7874462282706266e-08
1247,0.014574168859891299,0.0006251603341804707,0.007359585531570561,0.006589395551343174,2.7442797094238038e-08
1248,0.014630374958339357,0.000598729162951874,0.007180590367173824,0.006851029814068969,2.561414468994002e-08
1249,0.014639332145288753,0.0006980377686663503,0.0074450025150562885,0.00649626359357852,2.826798759492907e-08
1250,0.014566889533232192,0.0006064476810654277,0.007193866924847235,0.00676654994483512,2.4982484409492742e-08
1251,0.01452680264383515,0.000554599484206977,0.0072766588422332355,0.006695518812688118,2.5504706819539063e-08
1252,0.014577985259281034,0.0006284601947217666,0.0074102899078216725,0.00653920781457025,2.7342167344268655e-08
1253,0.014614162326230657,0.0006384812118782462,0.007132705293945233,0.006842951985172746,2.3835234431322914e-08
1254,0.014579817821898723,0.0006792100916471511,0.00740562862814566,0.006494954583542297,2.4518563615788624e-08
1255,0.014508716029815351,0.0005382019950811765,0.007258477654599968,0.006712012350422218,2.4029711989055588e-08
1256,0.014515393906630389,0.0005566110716233481,0.007213433942368724,0.0067453248550596616,2.4037578654676835e-08
1257,0.014584315556090481,0.0007080944574860531,0.007413516755953001,0.006462679898687776,2.4443963652364846e-08
1258,0.014579240668784927,0.0006116108353061941,0.007137929755919598,0.006829677645153865,2.2432405270310103e-08
1259,0.014512200956345866,0.0005903548100311048,0.007363479943796111,0.006558341469918748,2.4732599902785726e-08
1260,0.014472219819070998,0.0005714012562588723,0.007284827230801738,0.006615968958821975,2.237318841359458e-08
1261,0.014523858768162623,0.0005981248073412809,0.007152960709889864,0.006772752073801667,2.1177129811367553e-08
1262,0.014580095114303067,0.0006932077659293594,0.007434913671136731,0.006451949141214153,2.4536022823442943e-08
1263,0.01452039997610496,0.0005737597951908287,0.007153968156566748,0.00679265033363292,2.169071446475529e-08
1264,0.014453161289641086,0.0005820247322532157,0.007280300088231022,0.006590815274291307,2.1194865542092e-08
1265,0.014469435890903293,0.0006031481635989903,0.0073321968887103935,0.006534068415200363,2.2423393545917242e-08
1266,0.01453928233315141,0.0005930715076552801,0.007117896244568767,0.006828293408841322,2.117208604099503e-08
1267,0.014533046284247066,0.0006884519012730359,0.007402013383007728,0.00644255971069332,2.1289272981059814e-08
1268,0.014448741109437009,0.0005790503932655988,0.00716747729994014,0.006702193714543008,1.9701688262801018e-08
1269,0.01442659354591972,0.000527766775520088,0.007209120216378485,0.006689685846812964,2.070720818479537e-08
1270,0.014494879754826818,0.0006418027768890141,0.007376979836750097,0.006476075093766559,2.204742114894106e-08
1271,0.014515432582328767,0.000632627037170609,0.007082461253390654,0.006800325751487775,1.8540279727848905e-08
1272,0.014451083742545274,0.0006250128683183274,0.007344325167591254,0.006481726405439199,1.930119649386779e-08
1273,0.014395984459405094,0.0005276095244519551,0.007239703421913149,0.006628650844732005,2.0668307985141837e-08
1274,0.014439501338561865,0.000556439924190432,0.007131788958735303,0.006751253453753111,1.9001883019110227e-08
1275,0.01450703861782368,0.0007122384356584845,0.007390492832025918,0.006404289073932896,1.827620638072731e-08
1276,0.014456237006682427,0.0005935632797043852,0.007101813813424142,0.006760842326011012,1.758754288862497e-08
1277,0.014381715602598788,0.0005346533757004108,0.007273513304766138,0.006573529158762674,1.976336956474315e-08
1278,0.014391373445872982,0.0005714760260310239,0.007303159704082552,0.006516719061015229,1.8654744178075123e-08
1279,0.014464734621916935,0.0006249107485294232,0.007069819684284969,0.006769987989670562,1.6199431980570087e-08
1280,0.01447006596630081,0.0006794626771892406,0.007377163110210379,0.006413422893054954,1.7285846235333586e-08
1281,0.014385228966000934,0.0005215884474427849,0.0071667495213031665,0.006696874613193146,1.6384061835557496e-08
1282,0.014353920768997408,0.0005448249651721552,0.007174537187569061,0.006634541457386845,1.715886934766036e-08
1283,0.014427764833937392,0.0006682604137281952,0.0073432134655250555,0.006416274350516885,1.660416725768053e-08
1284,0.014452481537746068,0.0005947491314456628,0.007076883803886284,0.006780833708772273,1.4893641848813004e-08
1285,0.014389978071088435,0.0005991806668133677,0.0073152779587082155,0.006475502299852974,1.7145713877246746e-08
1286,0.014325240239277063,0.000541693771670065,0.007214873325440644,0.006568657902792703,1.5239373651736764e-08
1287,0.014382450548405869,0.0005839239871709905,0.00710284449775482,0.006695667572311888,1.4491168170006019e-08
1288,0.014447466830739705,0.0006887704220112598,0.007370435031285126,0.00638824449223807,1.6885205248353982e-08
1289,0.014390794493389352,0.0005490176631749455,0.0071009633274481876,0.006740799097223868,1.4405542350818703e-08
1290,0.014309470774570636,0.000539619359927819,0.007235256360355312,0.006534581369291153,1.3684996353408573e-08
1291,0.014344678154038172,0.0006231638218486439,0.007272361037307738,0.006449138270623121,1.5024258668502416e-08
1292,0.014409104448621552,0.0005971902405596715,0.007058574555995609,0.006753325222618881,1.4429447390172098e-08
1293,0.014397684924811494,0.0006317165216625021,0.007361624364003754,0.0064043292327573415,1.4806387897824755e-08
1294,0.014304481504107873,0.0005400321234881935,0.007137769726817897,0.006626666462490295,1.3191311485796868e-08
1295,0.01430821011063796,0.0005481711018126818,0.007129268120395364,0.0066307590644450335,1.1823984882054915e-08
1296,0.014389451307391126,0.0006554897345183599,0.007354910047685118,0.006379038209234092,1.3315953555126891e-08
1297,0.01438466462713778,0.0005866382901118203,0.0070519081876265636,0.006746104274928779,1.3874470616239481e-08
1298,0.014292430898283515,0.0005679852791018344,0.0072578856843621255,0.0064665467186191565,1.3216200397472996e-08
1299,0.014282416616968963,0.0005537970204404402,0.0072447988003655865,0.0064838096840429986,1.1112119938436187e-08
1300,0.014343433958589143,0.0005676341269623525,0.007062355508407271,0.0067134330756859015,1.1247533618338408e-08
1301,0.014385198852605792,0.0006762249474044377,0.007333256549674836,0.006375704369372685,1.298615383325985e-08
1302,0.014298647327851391,0.00054356588674114,0.007109998746985916,0.006645072020959107,1.0673165228606937e-08
1303,0.014253828615901827,0.0005476351069207244,0.007167665104541165,0.006538517732047279,1.0672392658889232e-08
1304,0.014293033138844575,0.000600081739752848,0.007267669711743264,0.006425270488412835,1.1198935628550366e-08
1305,0.014335678581978645,0.0005447329110270273,0.007074670307377325,0.006716265523637774,9.83993652078149e-09
1306,0.014274712745845493,0.0005943746920153892,0.007253542469033302,0.006426785925406624,9.659390178734385e-09
1307,0.014236227410475748,0.00056308385412233,0.007144985063397842,0.00652814928806952,9.204886054548775e-09
1308,0.014264386814179594,0.0005374211270490441,0.007084866322956131,0.006642090268501298,9.095673121661514e-09
1309,0.014325608441824901,0.0006423057315046206,0.007311434061908523,0.006371858976147132,9.672264626153215e-09
1310,0.014281808366883038,0.0005469333253898401,0.007056026644841927,0.0066788399066327235,8.490018545463706e-09
1311,0.01422437516048395,0.000568781799194619,0.007183385561773747,0.006472199978761315,7.82075426933052e-09
1312,0.01422118176807839,0.0005566049804605134,0.007216426587227693,0.006448142737987036,7.462403148896547e-09
1313,0.014280599542870665,0.0005463498501292591,0.007060324191905328,0.006673918039901898,7.46093417873119e-09
1314,0.014305886083087412,0.0006678717561794584,0.007284895066058141,0.006353111465701776,7.795148036778365e-09
1315,0.01424870647113689,0.0005594816117021613,0.007054856691513179,0.00663436180329578,6.364625770346516e-09
1316,0.014191058825368384,0.0005354544779049709,0.007161544491186598,0.00649405382894727,6.027329545331468e-09
1317,0.014213241073838331,0.0005617337421189053,0.007208241439168777,0.006443259803996617,6.088554031426179e-09
1318,0.014272409625885689,0.0005587045452187775,0.007028242969537928,0.006685456650346993,5.4607819919066995e-09
1319,0.014294444675671068,0.0006857460703041494,0.007280901701599369,0.006327791401089738,5.502677810462327e-09
1320,0.014228418225842513,0.00056338058304399,0.007023514599586108,0.006641517702348224,5.340864189680666e-09
1321,0.014168591061334248,0.0005071448459337909,0.007144485694942137,0.006516954902546506,5.6179118123179785e-09
1322,0.01419571643292452,0.0005455868139179897,0.0072122458707488965,0.006437878307205014,5.441052618081333e-09
1323,0.014256105121047137,0.0005830934677173322,0.006989745743091507,0.006683261007989069,4.902249230336097e-09
1324,0.014273048571061087,0.0006859156356395444,0.0072532598730912145,0.006333867861787931,5.200542398111733e-09
1325,0.014195687126896454,0.0005103121017420332,0.007042736571268475,0.0066426333304379,5.123448045086832e-09
1326,0.014147362839417362,0.0004951116793146907,0.007112664707981969,0.006539581015472564,5.4366481390732606e-09
1327,0.014184545511473651,0.0005844174335542415,0.007188592082363522,0.006411530923724894,5.071830993093957e-09
1328,0.014253393378679412,0.0005905007045987378,0.006967878557206901,0.006695009791147618,4.325726156183533e-09
1329,0.014252181098207499,0.0006601187532291132,0.007242326434407934,0.006349731175035986,4.7355344664854654e-09
1330,0.014161746342452831,0.0005006092627690115,0.007030736392530594,0.006630396172675353,4.5144778739575254e-09
1331,0.014128051793777357,0.0004953498124784487,0.007083635601865887,0.00654906208777864,4.291654380146399e-09
1332,0.014195575497534323,0.0006242545758603443,0.007203525427015002,0.006367791118208132,4.376450844078559e-09
1333,0.014244824864480352,0.0005864755912954901,0.006942467103434601,0.006715878179211032,3.990539229386958e-09
1334,0.014204650378753037,0.0006108725656102126,0.007222711985806401,0.006371061882913754,3.9444226684709575e-09
1335,0.014111839218993722,0.0005045524459519959,0.00704236660569499,0.006564916520525608,3.6468211280097595e-09
1336,0.014132288208210286,0.0005158162679683383,0.007006785683167474,0.006609682696470361,3.5606041132799992e-09
1337,0.014224223171622393,0.0006483674111788656,0.00723785630803323,0.0063379956684422156,3.783968082065643e-09
1338,0.014214107631475336,0.0005732659518014397,0.006931624036965181,0.0067092142203150915,3.422393623609117e-09
1339,0.01411792748620572,0.0005551138113177128,0.007138432551068648,0.006424377938840273,3.1849790851989914e-09
1340,0.01409190010967087,0.0005140206610228838,0.007106473189362575,0.0064714032660914,2.9931940118349066e-09
1341,0.014170261832846608,0.0005440969504693475,0.006937645837286993,0.00668851597391363,3.0711766353132985e-09
1342,0.014221591158184345,0.0006738212963217368,0.007220080110431428,0.006327686593172448,3.1582587324599964e-09
1343,0.014130027595254281,0.0005314286542036431,0.006961138147135731,0.006637458162933166,2.6309817416136787e-09
1344,0.014066773215682636,0.0005017385326116907,0.007033015735620114,0.0065320163076447,2.6398061306477607e-09
1345,0.014131268716438971,0.0005678678468789052,0.007165076445323383,0.006398321763468653,2.6607680306601036e-09
1346,0.014187148740397249,0.0005683383617166446,0.006902043741714542,0.006716764152447167,2.4845188942189733e-09
1347,0.014140339790716114,0.0006343222631260933,0.007136180942554284,0.006369833914000355,2.6710353804398533e-09
1348,0.01404973601099931,0.00048491800959158695,0.007017597975726184,0.006547217630648617,2.395032922831608e-09
1349,0.014088199054560937,0.0004895293111194965,0.0069543441267681735,0.006644323328271362,2.2884019045841815e-09
1350,0.014174800723474636,0.0006621672896772342,0.007168457024530352,0.006344174127933855,2.281333195947615e-09
1351,0.014140311483172916,0.000563423552367822,0.006896727923139938,0.006680158098324349,1.909340807847635e-09
1352,0.014042144522750096,0.0005069801338058599,0.0070681557737550605,0.006467006527821731,2.087367446364837e-09
1353,0.01404986837647733,0.0005208389437855701,0.0070672799388691076,0.006461747364566672,2.1292559796893176e-09
1354,0.014130731213525052,0.0005497866161441713,0.006893413368860618,0.00668752950867365,1.7198466122756944e-09
1355,0.014150721280529594,0.0006568383788339459,0.007160852096587966,0.006333029051531142,1.7535765414374763e-09
1356,0.014054807689072574,0.0005082429515887041,0.006917126513404799,0.0066294365075980355,1.7164810346267019e-09
1357,0.014017018487715372,0.00046165931292274556,0.00699782680029436,0.006557530785757186,1.5887410815403248e-09
1358,0.014086337927291722,0.0005980306845214324,0.007117008230429659,0.006371297441396108,1.5709445224464409e-09
1359,0.014135657243823457,0.0005911264713117394,0.006837849881468599,0.00670667948226386,1.4087792601811006e-09
1360,0.014083899139776937,0.0005656053386314915,0.007134203483829555,0.006384088967476784,1.3498391070004048e-09
1361,0.013992406658149147,0.00046571602323935605,0.00698560561931354,0.006541083753048595,1.262547655305374e-09
1362,0.014041956356779949,0.00053933160647622,0.006888100954222381,0.006614522539290407,1.2567909408453989e-09
1363,0.014123986929203058,0.0006475735589809325,0.007153085523935456,0.006323326605724302,1.240562365864569e-09
1364,0.014104737377796323,0.0005299670199054267,0.006882636104228704,0.006692133191659892,1.0620023009478826e-09
1365,0.013997590605754714,0.0005260505827503061,0.0070282071056842884,0.0064433318210655515,1.0962545680568627e-09
1366,0.013993074250004837,0.0005373254443327459,0.007020220478900477,0.006435527289567094,1.0372045193484174e-09
1367,0.014079062610868618,0.0005323138154908161,0.006873188818277202,0.006673559000784221,9.763163809559298e-10
1368,0.01411520708677262,0.000636633678947831,0.007146366888020319,0.006332205428805652,1.0909988175904745e-09
1369,0.014009419968653057,0.000517342229021418,0.006876737017496447,0.006615339794638506,9.274966867329535e-10
1370,0.013963531367813703,0.0004923761734974452,0.006955500856843081,0.006515653517411299,8.20061878107429e-10
1371,0.014033890366444052,0.0005650339348375875,0.00710397725929856,0.006364878279663461,8.92644443886341e-10
1372,0.014092965499954131,0.0005600838670972596,0.0068313436483425725,0.006701537064369261,9.20145037617278e-10
1373,0.014028842503063384,0.0005942100675022108,0.00708531367730797,0.006349317855293066,9.029601367209262e-10
1374,0.013948807481352353,0.0004881471336190964,0.006951633376058175,0.006509026202066456,7.696086251432485e-10
1375,0.013982230638716366,0.0004875294170102779,0.006881331745524987,0.006613368703592716,7.725883856962075e-10
1376,0.01407770776353632,0.0006350220781048274,0.007112589969187613,0.0063300948858385445,8.304053342109173e-10
1377,0.01404498427865223,0.0005484471172191961,0.006838978770272446,0.006657557698820236,6.923403517944634e-10
1378,0.013949897413805111,0.0005176158810482744,0.007021087798707204,0.0064111930442222785,6.898273544424211e-10
1379,0.013936578620015906,0.0004958064532835193,0.0069981847119360225,0.006442586759570541,6.952258229970487e-10
1380,0.014023480276860466,0.000524772921013295,0.006839318275274133,0.006659388458929982,6.216430562636562e-10
1381,0.014065316031629803,0.0006536783679720365,0.007116165091547363,0.0062954719408204966,6.312899066117218e-10
1382,0.013976641271111779,0.0005304102874704588,0.00684610500894031,0.0066001253513632094,6.233377989335466e-10
1383,0.013906456913836839,0.00045689654550226845,0.006954736484576953,0.006494823242659926,6.410976912439926e-10
1384,0.013969628929584279,0.0005312397553303767,0.007065539940527141,0.006372848629014526,6.047122354200854e-10
1385,0.014033751231985641,0.0005724597270972974,0.006802318052372883,0.006658972908429124,5.440863373304795e-10
1386,0.01401521651872844,0.0006320311075397933,0.007073183250019905,0.006310001561417271,5.997514709347844e-10
1387,0.013911328549302385,0.00045437453248005095,0.006907684109756299,0.006549269307005141,6.000608925872169e-10
1388,0.013909512693127625,0.00045848577527289906,0.006898523407772278,0.006552502899158529,6.10923919460699e-10
1389,0.013998146577666624,0.0006238806507732916,0.007061024427524779,0.006313240923628939,5.75739613862859e-10
1390,0.014029939645697922,0.000584623070839566,0.006794300874275965,0.006651015231379489,4.692029016649319e-10
1391,0.01395153288645253,0.0005389216435331515,0.007060225918166572,0.006352384812494811,5.122579950345479e-10
1392,0.013880997727786603,0.000454902397622793,0.006932855551658079,0.006493239244434506,5.340712226251756e-10
1393,0.013929618285033687,0.0005082999737691267,0.006841282501114188,0.0065800353403647135,4.697856592493656e-10
1394,0.014030955571882624,0.0006712420504477854,0.007090445687027453,0.006269267376270761,4.5813662441694633e-10
1395,0.013992862398439556,0.0005525790567118635,0.006790087895391228,0.006650194995187087,4.511493768713642e-10
1396,0.013888766018735094,0.00048135881786439045,0.006995748673201313,0.006411658052083003,4.755863880150655e-10
1397,0.013875858087374132,0.0004892376492230869,0.006983462673289637,0.006403157326659847,4.382015597044194e-10
1398,0.013976309276780988,0.0005773740762573219,0.006780757923757298,0.006618176868212458,4.085539116580504e-10
1399,0.014025052222239438,0.000666944870111723,0.00708380241013719,0.006274304516644865,4.2534566018195423e-10
1400,0.013924420599120402,0.00047589998930068234,0.006842397815655665,0.006606122428015471,3.661485842601525e-10
1401,0.01384713280167103,0.00046589975792045934,0.006898835319896438,0.00648239734930188,3.7455225257542385e-10
1402,0.013933113488984432,0.0006065619355175997,0.007007238213970215,0.0063193129482177965,3.9127882096453197e-10
1403,0.013999379296056588,0.0005722393457711075,0.006771868822608861,0.0066552707782327365,3.4944388382594267e-10
1404,0.01391558340161768,0.0005628356575907658,0.007003112838987241,0.006349634536281029,3.687586430770941e-10
1405,0.013834279208581476,0.0004551220234922051,0.006904258057941968,0.00647489881705838,3.100889238252823e-10
1406,0.01391967207471609,0.0005127478668753558,0.006790921892076116,0.006616002046447679,2.6931693843008355e-10
1407,0.013995199513553238,0.0006818562816456278,0.007026759521925873,0.006286583403446278,3.065354610095839e-10
1408,0.01389365659659556,0.0005032906087753467,0.0067820598613569025,0.006608305834307235,2.921560757122632e-10
1409,0.013820716030402108,0.00045706770889878307,0.006866099847821397,0.006497548192493705,2.8118822317258167e-10
1410,0.013912146041489118,0.0005959487892801485,0.006980552907212902,0.006335644068163278,2.768327888682523e-10
1411,0.013960911086741438,0.000561205812503415,0.006732512282785018,0.006667192746591161,2.448618449735946e-10
1412,0.013875205589976505,0.0005451540481614689,0.006966484596217274,0.0063635666893943335,2.5620342904659383e-10
1413,0.01380623462865755,0.0004726920447713229,0.006874760814466374,0.006458781515530312,2.5388954138750196e-10
1414,0.013895845839684631,0.0005295421637951873,0.006748397959344863,0.006617905467948872,2.4859571017160836e-10
1415,0.013964666750777498,0.0006550093382319187,0.007018737903037324,0.006290919241561358,2.6794689673067036e-10
1416,0.013861540049393476,0.00048290281027521087,0.006776146172438382,0.0066024908217417,2.4493818239680845e-10
1417,0.013795205484884597,0.00047053413913202084,0.006830976413669473,0.006493694682784019,2.4929908547889494e-10
1418,0.013882925051207933,0.0005914117242423247,0.006965573419389091,0.006325939642956398,2.646201191235861e-10
1419,0.01393519411934541,0.0005545464935946358,0.006719498614837472,0.00666114873680209,2.741112124029388e-10
1420,0.013853310361571195,0.0005478053458803626,0.0069468088072152274,0.006358695908146935,3.003286699745553e-10
1421,0.013781338779156651,0.0004589021501674982,0.006865186655575972,0.006457249718221759,2.5519142162799794e-10
1422,0.013856547282287244,0.0005170315018295371,0.006739850784518426,0.006599664737868406,2.5807087524071146e-10
1423,0.01393539730916882,0.0006486402976163124,0.006996072888073056,0.006290683810673798,3.1280565258167023e-10
1424,0.013850817674012274,0.00048215692561687484,0.00676374897168627,0.0066049114826323176,2.9407681131615384e-10
1425,0.013767809371754189,0.00047034541075717637,0.006831816293762056,0.0064656473681405716,2.9909438423283304e-10
1426,0.013831422865179967,0.0005554082363837052,0.0069327368848910225,0.006343277463704038,2.802012015247231e-10
1427,0.013910636643943302,0.0005417359252991214,0.006718463258912971,0.006650437202867067,2.5686414222448374e-10
1428,0.013854900534154014,0.0005744315627015758,0.006955682400975822,0.006324786269275437,3.012011799713723e-10
1429,0.013755545238890114,0.00045112363053053707,0.006820462470425958,0.006483958854350181,2.835834384327687e-10
1430,0.013801096307159401,0.00047513941120666265,0.0067627230144434464,0.006563233613318258,2.6819103301364264e-10
1431,0.013903957659404411,0.0006460371276023777,0.006974050868548696,0.0062838693796220995,2.83631236978701e-10
1432,0.013859385473735445,0.0005271365265606051,0.006715828795498823,0.006616419916193405,2.354826118495028e-10
1433,0.013756128863343896,0.00046104940264131997,0.006897439956532336,0.006397639270622895,2.335473441770433e-10
1434,0.013763770170931763,0.0004936588499645693,0.006886481621143236,0.006383629443706506,2.561174533025888e-10
1435,0.013858790843995559,0.0005412227233659895,0.006705588979459572,0.006611978908700394,2.3246960398379838e-10
1436,0.013889920836049105,0.0006382542459325749,0.006989566605070192,0.0062620997539532255,2.3109311323806228e-10
1437,0.013776343940609038,0.00047936621575763995,0.006743559846249494,0.006553417656428129,2.221737758227336e-10
1438,0.013727218301140678,0.0004283418868977035,0.006811316904654612,0.006487559302002315,2.0758604646631843e-10
1439,0.013820840521941092,0.0005730156176701119,0.006954701165576782,0.00629312353608092,2.026132761693624e-10
1440,0.013877798344183359,0.0005921046624130093,0.006670232114276087,0.00661546136711626,2.0037800193174502e-10
1441,0.013801822127153359,0.0005478617846403615,0.006945089990052398,0.006308870139541853,2.1291874478706905e-10
1442,0.013715186108071582,0.00041912725237908404,0.006832156616174367,0.006463902050246789,1.892713410333108e-10
1443,0.013765263534844202,0.0004984090140520808,0.006721319815245157,0.00654553451911893,1.8642803508997086e-10
1444,0.013867738803851323,0.0006615874888896714,0.006957216094704986,0.006248935018298878,2.019577867678991e-10
1445,0.01383211998069349,0.0005229224355042742,0.006710123588567001,0.0065990737683722205,1.8824999350971972e-10
1446,0.013713144541360535,0.0004652487029526487,0.006869569878312467,0.006378325751822657,2.0827276258864465e-10
1447,0.013718447981421439,0.0004913090931064728,0.006865835351487718,0.006361303339834699,1.9699254835437946e-10
1448,0.01382314984851505,0.0005361363498830863,0.006693810392395659,0.006593202933984881,1.7225142285421738e-10
1449,0.013850478380681921,0.000637941481218863,0.0069600479041453086,0.006252488793770344,2.0154740556356835e-10
1450,0.01373460783515971,0.00048524869097650363,0.006719651764199517,0.006529707171929812,2.0805387791988055e-10
1451,0.013685627453295875,0.0004318115501659813,0.006797180081217052,0.006456635618213393,2.0369944917735281e-10
1452,0.013778014973675912,0.0005575433563442716,0.0069379447110246364,0.006282526701347966,2.0495903900179067e-10
1453,0.013834681353559888,0.0005789344998799349,0.006654034228756519,0.006601712437268522,1.8765491176587261e-10
1454,0.013757468829146417,0.0005602988864363481,0.006913718161077369,0.0062834515846228855,1.9700981422579896e-10
1455,0.013668611278925389,0.00042264468523228114,0.0068101775797533804,0.006435788807863242,2.0607648400664385e-10
1456,0.0137265887615442,0.00047644141083470786,0.0067147250948482885,0.006535422041493439,2.1436776647313976e-10
1457,0.013825562292882496,0.0006525163413933914,0.0069437379387248385,0.006229307813389313,1.9937495224431647e-10
1458,0.013785767359828487,0.0005387512443157273,0.006683213461365702,0.006563802489391261,1.647557980779073e-10
1459,0.013672158261775574,0.0004575726254968813,0.006853492775775175,0.006361092669937377,1.9056613990104254e-10
1460,0.01367409559980872,0.0004690152140566516,0.006861131470255498,0.006343948717917141,1.975794293890237e-10
1461,0.01378139426629166,0.0005436881819063071,0.006682022360279589,0.0065556835493425425,1.7476321979956927e-10
1462,0.013812395156790447,0.0006457366390534833,0.006948504001276823,0.006218154324241117,1.922190255942102e-10
1463,0.013700070587518936,0.0004734512472873404,0.006716703529768617,0.006509915628947685,1.8151529494589837e-10
1464,0.013643613683964375,0.0004262152526801103,0.006798811411044379,0.00641858684995718,1.7028270683890288e-10
1465,0.013728431037590532,0.0005581494543051488,0.006914332029884791,0.006255949371067664,1.82332929083811e-10
1466,0.01379937750227657,0.0005732182408043863,0.00664880253141897,0.006577356546594262,1.8345895109701456e-10
1467,0.013738187666967133,0.0005591081522954488,0.006927795211199824,0.006251284118912557,1.8455930306094312e-10
1468,0.013630985556637375,0.0004359240868860028,0.006780414178254407,0.006414647125497596,1.6599936895447388e-10
1469,0.013675178677594949,0.0004738607831971437,0.006715628877399715,0.006485688849292831,1.6770525961749763e-10
1470,0.013785454991755045,0.000614236570887343,0.006954938862882955,0.00621627937916365,1.7882109595722256e-10
1471,0.013753852046448096,0.0005320443474938739,0.0066736437061108034,0.0065481638281137,1.6472971874106309e-10
1472,0.013646052960084816,0.0005027603900452243,0.006835478267132235,0.006307814126507883,1.7639947465988158e-10
1473,0.013623684573810795,0.0004510514825399444,0.006843406601815838,0.006329226325482534,1.6397247869465855e-10
1474,0.013732441615078616,0.0005001445155066442,0.0066904039155069135,0.006541893035819656,1.4824540277486289e-10
1475,0.013777561365164401,0.0006468736933874557,0.006929909011204001,0.006200778497619369,1.6295357575999415e-10
1476,0.013669636728124658,0.0004928169676741548,0.006691953241192985,0.006484866366609134,1.5264838441615052e-10
1477,0.013603032374379112,0.0004140297837202968,0.006798075005348062,0.006390927424538935,1.6077181876028192e-10
1478,0.01367217960647061,0.000520496331608644,0.006882053745414916,0.006269629361290233,1.6815681671830319e-10
1479,0.013752223275455373,0.0005682198671464482,0.0066348943353196094,0.00654910893305448,1.3993483700921758e-10
1480,0.013721725746256373,0.000584649392941708,0.006920744659203112,0.006216331551391652,1.4271990232612093e-10
1481,0.013604935286105334,0.00042598628154877203,0.006742475753269314,0.006436473095800938,1.5548630993373717e-10
1482,0.013610036486127831,0.0004424908065308288,0.006721845340118236,0.006445700180588705,1.5889006056571145e-10
1483,0.013726315372381304,0.0006050910607315642,0.006917994766820149,0.006203229392892425,1.5193716656650555e-10
1484,0.01373637682463217,0.0005514606974534069,0.006635626905386631,0.006549289077715338,1.4407679471392274e-10
1485,0.013647559821782135,0.0005137198079820708,0.006860811431027442,0.006273028422067341,1.6070528222876945e-10
1486,0.013572308574899264,0.0004201256353489734,0.006792216115655726,0.006359966679989413,1.4390515130523357e-10
1487,0.013652268558682136,0.0004922559638548659,0.006676218461434622,0.006483793992575351,1.4081729709396407e-10
1488,0.013752759268127475,0.0006464645864071677,0.00691863668679288,0.006187657831906359,1.6302106929279956e-10
1489,0.01369060046880553,0.0005010550316463587,0.006661737398039499,0.006527807898564852,1.4055482113568872e-10
1490,0.013573265028135426,0.00044342413341729543,0.00681345620269839,0.0063163845542366665,1.37783073089005e-10
1491,0.013594474855393198,0.0004935286188004362,0.0068161985969980065,0.006284747490677471,1.4891728378156543e-10
1492,0.013696989951705535,0.0005241306388684251,0.006640674310509214,0.006532184852104024,1.5022387151542642e-10
1493,0.013731059299762205,0.0006101514952964091,0.006929863733016333,0.006191043908624052,1.6282540927590472e-10
1494,0.013599769626236501,0.00046362896175473873,0.00667936349050996,0.006456777025679009,1.4829279471853973e-10
1495,0.01355321892579104,0.0004282176550421471,0.006731315531448215,0.0063936855990242855,1.4027639176181556e-10
1496,0.01365670358413431,0.0005412129018049459,0.00688941248348691,0.00622607804962598,1.492164719043616e-10
1497,0.01371160049569968,0.0005492379359546315,0.006614883412615634,0.006547478992640498,1.5448891562495302e-10
1498,0.013634043176641391,0.0005496987256008432,0.006857128402747108,0.006227215883999438,1.6429400203814252e-10
1499,0.013539159554165498,0.0004173863834206831,0.006750563218342231,0.006371209807449487,1.449530981517364e-10
1500,0.013594092629781299,0.0004503724234643669,0.006670002462493795,0.006473717598657112,1.4516602567077087e-10
1501,0.013703376511521034,0.0006220302389118795,0.006891412761083207,0.006189933357625945,1.5389999981321484e-10
1502,0.013661270517008049,0.0005212491012899483,0.006631201741785076,0.006508819541543858,1.323891673539217e-10
1503,0.013540472459848414,0.0004423950950996127,0.006797332846268478,0.006300744375237732,1.4324259172448243e-10
1504,0.01355084605171512,0.00044963846550762543,0.006803710891893996,0.006297496548084055,1.4622944276725106e-10
1505,0.013652243769852987,0.0005107202726708153,0.006625968621262732,0.006515554754492565,1.214268741234438e-10
1506,0.013677628907204824,0.0006253275472452682,0.006871961160456434,0.0061803400799466555,1.1955646786839774e-10
1507,0.013553689256915425,0.0004409630725095513,0.006664826722138928,0.006447899343985225,1.1828172119919384e-10
1508,0.013519408822400188,0.00039730056969864444,0.006716467437626839,0.006405640692344378,1.227303283456025e-10
1509,0.013620107791245934,0.0005582000731252087,0.0068564630525262404,0.006205444541617655,1.239768304220806e-10
1510,0.013667430314026662,0.0005611771337172062,0.0065914375204071405,0.006514815545351849,1.1455046711032423e-10
1511,0.013579595201539037,0.0005064797930791449,0.006836973573207179,0.006236141712859459,1.223932542444959e-10
1512,0.013500631179624453,0.0003884329707087804,0.006746818844003723,0.006365379247243806,1.1766814391185556e-10
1513,0.013562372187853895,0.00046918835825664966,0.006636437887076634,0.006456745826495386,1.1602522642570503e-10
1514,0.013669110827614388,0.0006404689612339445,0.006867351966968258,0.006161289774384142,1.250280440751469e-10
1515,0.013616682442999578,0.00048706291692817376,0.006630141042659197,0.006499478365584958,1.1782724885770987e-10
1516,0.01350104914237217,0.0004256965396019687,0.006779108134499325,0.006296244346461717,1.2180915928711015e-10
1517,0.013509938198498557,0.0004588562621227312,0.006785774392068366,0.00626530743445235,1.0985510858481704e-10
1518,0.013619358595014211,0.0005162235399638489,0.00660941248908338,0.006493722467148903,9.881807816772221e-11
1519,0.013656271355297931,0.0006177249943784172,0.006869535114733722,0.006169011135349912,1.1083587872126625e-10
1520,0.013529323535815797,0.000438073470981559,0.00664684463019911,0.006444405332287959,1.023471696494692e-10
1521,0.013475179341179304,0.0004056227638902119,0.006713817580610387,0.006355738899208794,9.74699110459686e-11
1522,0.013564905738459447,0.0005347159985561932,0.006828041011972005,0.006202148625349629,1.0258161852601014e-10
1523,0.013641620963691873,0.0005430249768871836,0.006584385557401477,0.0065142103352012785,9.420193404448434e-11
1524,0.013577962977066897,0.0005446428919179029,0.006844164444702509,0.0061891555434532165,9.699326847537981e-11
1525,0.013464979362411257,0.00041412777166267595,0.0066911003024503705,0.006359751185350504,1.0294770798484306e-10
1526,0.013501895069094551,0.00042295680582408394,0.006656183306373549,0.006422754851758208,1.0513870788766022e-10
1527,0.013624324205432664,0.0006000484637221127,0.006866709642356205,0.0061575659957759455,1.0357840045455256e-10
1528,0.013605864676681992,0.0005412549315548038,0.006572556455113167,0.00649205319611871,9.389531182621498e-11
1529,0.013481591846297993,0.0004463170630913263,0.006788029517325708,0.00624724516458406,1.0129689798387335e-10
1530,0.013451479451336104,0.00040199472297077155,0.006763237352470808,0.006286247266822286,1.0907223942396095e-10
1531,0.013557091617424986,0.0005015804685473291,0.0065900923878339235,0.006465418651631919,1.0941181487677032e-10
1532,0.013632753127609915,0.000635466010404842,0.006857123200207855,0.0061401638073489495,1.096482672468714e-10
1533,0.01352280455803244,0.0004508657809677662,0.006616528635547388,0.006455410038743989,1.0277329810826561e-10
1534,0.013430884644261964,0.0004026598755107118,0.0067112304129915345,0.006316994245162283,1.1059743386903282e-10
1535,0.01349719034012997,0.0004886045307500428,0.006802896477942446,0.006205689223493728,1.0794375344694699e-10
1536,0.013596607647208683,0.0005308615957075729,0.006568364690733238,0.006497381255756266,1.0501160538574032e-10
1537,0.01357231367648873,0.0005788797401214374,0.006824947049982294,0.006168486768008189,1.1837680994488753e-10
1538,0.013436329140401314,0.00040103007391947745,0.006661130610199644,0.006374168350251838,1.0603035513351982e-10
1539,0.013441322895400749,0.00041180097865801144,0.006641504086914479,0.006388017721996672,1.0783158506436755e-10
1540,0.013568832551298348,0.0005809100716144965,0.0068240546774078325,0.0061638676870574465,1.1521857203310566e-10
1541,0.013583277080264832,0.00052689460267086,0.006560531827948054,0.006495850547940373,1.0170554529704111e-10
1542,0.01345979325257339,0.0004745211922236957,0.006768848935624871,0.006216423012753837,1.1197098773073877e-10
1543,0.013404169640670687,0.00040491397697184995,0.006705487741636938,0.0062937678088796235,1.1318227596864817e-10
1544,0.01350480179327253,0.000457570438421528,0.0065916601927461516,0.006455571062641543,9.946330755883688e-11
1545,0.013593021118173721,0.0006259766516123234,0.006829727713302208,0.0061373166467863435,1.0647284542108668e-10
1546,0.013497034764385794,0.0004829901780529777,0.006567484789992205,0.006446559688784294,1.0755631837133321e-10
1547,0.013396388838244198,0.00038352621507183217,0.006721433249827917,0.006291429264792851,1.085515989624842e-10
1548,0.01343881714386859,0.000464143711849703,0.0067570439875688565,0.006217629333084568,1.1136546236965983e-10
1549,0.013548962974929126,0.0005339128291954432,0.006530263603785156,0.006484786439711404,1.0223712404813855e-10
1550,0.01355337037569589,0.0005738494823864612,0.006827430685035359,0.006152090105353477,1.0292059236021277e-10
1551,0.013404517428066212,0.0004054877806403161,0.006616698664103704,0.006382330877085253,1.0623693860503466e-10
1552,0.01339590085066271,0.00041613568877892554,0.006620747357886626,0.006359017689312224,1.1468493259486322e-10
1553,0.013508682442252827,0.0005352010963631465,0.006812500289429396,0.006160980943524192,1.1293609196682634e-10
1554,0.013548621084197299,0.0005212498967507259,0.006542984259924113,0.006484386825375495,1.0214696364731879e-10
1555,0.013451903618816695,0.0005203939271093115,0.006741477336867536,0.006190032243183064,1.1165678536726802e-10
1556,0.013356492742305362,0.0003850252552308899,0.006665798993701826,0.00630566838412416,1.0924848737093429e-10
1557,0.013444388633369912,0.00041947875913867915,0.0065993626707861125,0.006425547094994518,1.0845060246198332e-10
1558,0.013543197045543014,0.0006107348965097611,0.006802746859396098,0.006129715173990006,1.156471478395684e-10
1559,0.013491847470109137,0.0005225328414544575,0.006519199821637916,0.00645011470420443,1.0281233286613929e-10
1560,0.013370451921782926,0.0003943939969682206,0.006720347930052387,0.0062557098911639785,1.0359834080539907e-10
1561,0.013367997511151142,0.00040160164375866857,0.006723197813668985,0.006243197945057592,1.0866589625185918e-10
1562,0.013487143881422631,0.0005252626936973724,0.006519659865587382,0.006442221212864439,1.0927343827917388e-10
1563,0.013532485097609437,0.0006107695603479351,0.006801588059445207,0.006120127363749571,1.1406672318082967e-10
1564,0.013424353161906946,0.0004185686407920092,0.006586661635157384,0.006419122782676013,1.0328154008668182e-10
1565,0.013330101865167072,0.00038646956986888967,0.006644482783471105,0.006299149403983534,1.0784354399831771e-10
1566,0.013420022283034619,0.0005179460681438787,0.006727444534700524,0.006174631563279573,1.1691064292226348e-10
1567,0.013513176851202915,0.0005183931353556527,0.006522800857519281,0.006471982747486831,1.1084115088520903e-10
1568,0.013483986243854268,0.0005442404647803144,0.006798706315803381,0.006141039348264162,1.150064104030154e-10
1569,0.013341151064691716,0.00040587636665049816,0.00659339103949158,0.006341883548132671,1.104169679207183e-10
1570,0.013350928358640875,0.0004146933333362039,0.0065796381259330275,0.006356596792374846,1.0699679617140108e-10
1571,0.013487073752263495,0.0005588244206944803,0.006796406062213746,0.006131843161728615,1.0762665299366174e-10
1572,0.013497262454996809,0.0005152617818532399,0.006515391844160975,0.006466608725396622,1.0358597140227478e-10
1573,0.013379644043451893,0.0004887888669949312,0.0067094543172838,0.006181400746647623,1.1252553885537667e-10
1574,0.013306712183446411,0.0003906632824038646,0.006655174676424156,0.006260874118959541,1.0565885032530864e-10
1575,0.013415307782693247,0.00043931015661574413,0.00655363396613239,0.006422363561930945,9.801416759571815e-11
1576,0.01350808052181227,0.0006123651376372094,0.006784244055809058,0.006111471222208843,1.0615716003410458e-10
1577,0.013418541290861497,0.0004935665179480042,0.006509388754623632,0.006415585914416002,1.0387385932387742e-10
1578,0.01330046887481891,0.00037843832796989385,0.006667700881177479,0.006254329559270568,1.0640096970297858e-10
1579,0.01334398280192512,0.00042347413103418265,0.00672325401986715,0.006197254549404106,1.0161968201276428e-10
1580,0.013458346621106444,0.0005208882578222577,0.006492941232453239,0.0064445170359896395,9.484130676744841e-11
1581,0.013462093156554398,0.0005895419294094022,0.00675906461822415,0.00611348650603699,1.028838561714733e-10
1582,0.013330739490433972,0.0003920358210356377,0.0065786047048375556,0.006360098865408227,9.915255165224067e-11
1583,0.013288286401680798,0.00036521307831567716,0.006602884669919118,0.006320188551169668,1.0227633489021632e-10
1584,0.013408840928898009,0.0005413962780363551,0.006728575690731729,0.006138868855768385,1.0436154041574034e-10
1585,0.013464376465609749,0.0005302955545991477,0.006484236246337749,0.0064498445714088705,9.32639808645365e-11
1586,0.013390918877794526,0.000494191460100432,0.006746250726440744,0.006150476591401788,9.985156160258928e-11
1587,0.013270066751218609,0.0003682696075840545,0.006600987500672549,0.006300809541383455,1.01578550580602e-10
1588,0.01333293941719957,0.00043562985741601664,0.006527666662124241,0.006369642800605177,9.705413619029824e-11
1589,0.013461477791431205,0.000589185097129503,0.00676985230039178,0.006102440295888997,9.802092387356054e-11
1590,0.01343995799606116,0.000499103047831798,0.00649904013910569,0.006441814716491127,9.263254403614924e-11
1591,0.013298744289065271,0.000436899741990189,0.0066721476046363165,0.0061896968466997465,9.57390194932075e-11
1592,0.013271254709002984,0.0004050248765012649,0.00664447700532826,0.0062217527325236326,9.46498267938263e-11
1593,0.013391985390571714,0.0004636148046442724,0.006504382086680625,0.006423988403951259,9.529555850335908e-11
1594,0.013469917547175045,0.0006134898946438193,0.006761539683935982,0.006094887867909392,1.006858509441461e-10
1595,0.013345228148636043,0.00045955918942115314,0.0064979414086613375,0.006387727462500077,8.805347654061895e-11
1596,0.013246017086293721,0.00036474426724182504,0.006610251391231805,0.0062710213406660725,8.715401851497332e-11
1597,0.013322494089153064,0.0004513915222395121,0.006704023525568286,0.006167078949471585,9.187368180686968e-11
1598,0.013431135549277743,0.0005338397448813775,0.006463630083499446,0.006433665631871447,8.902547196776756e-11
1599,0.013399118788325958,0.0005670521660820181,0.0067255607382425055,0.006106505792215836,9.178559762861658e-11
1600,0.013259074946314316,0.00036898662321260757,0.006555748521779982,0.006334339716390428,8.49312985779836e-11
1601,0.0132589264748902,0.00037216971046557477,0.006547168676969187,0.006339588004161894,8.329354527613882e-11
1602,0.013396465334335278,0.0005723221874971152,0.006720393516785097,0.006103749542944026,8.710903864079553e-11
1603,0.013404399689360521,0.0005109322180202456,0.00646725705440609,0.006426210331404103,8.553008283481237e-11
1604,0.013273707450189085,0.00042414222621039543,0.006664313001664536,0.006185252127904623,9.44095301813646e-11
1605,0.013230008962599413,0.00037051951107916454,0.006624249327967118,0.00623524003423599,8.931713926122154e-11
1606,0.013349032188156185,0.000469170659919787,0.006473397565075929,0.0064064638773320415,8.582842779521826e-11
1607,0.013423665734756273,0.0006158388220259755,0.00672218305869575,0.006085643756192747,9.784179938056159e-11
1608,0.013292226584098182,0.0004058175921745959,0.006512322448817924,0.0063740864481479104,9.49577519959993e-11
1609,0.013211793679753298,0.00035398851625038913,0.006578123131942237,0.006279681931916376,9.964429714436863e-11
1610,0.013308083433814993,0.0004939658706488282,0.006676720971483533,0.006137396496218614,9.546401941111308e-11
1611,0.013402321072769745,0.0005215096002782477,0.006450232422409684,0.006430578964770348,8.531146494198575e-11
1612,0.01332884792441085,0.0005104713984304984,0.006689630882110334,0.006128745545679726,9.819029124013855e-11
1613,0.013202658832372129,0.0003532254391949366,0.006559335410928522,0.00629009788687203,9.537664114111477e-11
1614,0.013256439501027716,0.00040043518267111634,0.006501263633902216,0.006354740589494834,9.495954874254313e-11
1615,0.01339342787224023,0.0005956637701375156,0.006707310456119171,0.006090453542460618,1.0352292553164645e-10
1616,0.013356210679432212,0.0004867175313165724,0.006453054772699335,0.006416438284370725,9.104558102038098e-11
1617,0.013214199520159214,0.0003982384317555801,0.006617294802309087,0.006198666191390817,9.470372848723054e-11
1618,0.013206709803018269,0.00039114121218283956,0.0066085748366273905,0.006206993657031103,9.717693531122682e-11
1619,0.013335682970597694,0.00047354487268365744,0.006453509619324407,0.00640862838483471,9.375492096599662e-11
1620,0.013392082170712282,0.0006068249163762652,0.0067038256575018655,0.006081431492009013,1.0482513813378223e-10
1621,0.013246728828640439,0.00040317954412770707,0.006478841014767386,0.006364708174304521,9.544082311652315e-11
1622,0.013177225572444093,0.0003469563888042502,0.006542627803036308,0.006287641285809185,9.479434930081541e-11
1623,0.013284201394179854,0.0005012490202024997,0.006646836426582744,0.006136115839457793,1.0793681698374228e-10
1624,0.013373884594273891,0.0005266826785097087,0.006419246099436319,0.006427955714702019,1.0162584455666967e-10
1625,0.013292362354106753,0.0004996953009586292,0.006663819778574738,0.006128847165643048,1.0893033692825259e-10
1626,0.013168750767024525,0.00035485443049427894,0.006519024902816568,0.006294871329342008,1.0437167010968655e-10
1627,0.01322595917538135,0.0003991797386493496,0.00647112054737674,0.006355658792254451,9.710080919062884e-11
1628,0.013361532727578701,0.000595562804961995,0.006674621453957764,0.006091348348752902,1.1990604003704117e-10
1629,0.013317734259888775,0.0004823923077092429,0.006420823043418156,0.0064145187922454855,1.1651589128274167e-10
1630,0.013183779524230893,0.00039154326589531613,0.006596375556925648,0.006195860590564943,1.1084498503201058e-10
1631,0.013177243467124912,0.0004006095887961693,0.006568707389856925,0.006207926369780063,1.1869175300944036e-10
1632,0.013296185846193393,0.000465450158621493,0.006425704557328091,0.006405031020953466,1.0929034459036295e-10
1633,0.013351848861525515,0.0005876787714188947,0.006679570868542538,0.006084599100541363,1.210227201811204e-10
1634,0.013224754476058018,0.0004244372758495925,0.006435627506804878,0.006364689559118633,1.3428491219887476e-10
1635,0.01313874804734158,0.0003408126452943726,0.0065232072633099195,0.006274728014274405,1.2446288515834453e-10
1636,0.013237031839022417,0.00046812122341060317,0.006631933905422743,0.006136976585071487,1.2511758366676885e-10
1637,0.01333689887175858,0.000530681145843522,0.006384794440546429,0.006421423154306902,1.3106172615509405e-10
1638,0.013263535837202443,0.0005091929270539129,0.0066387273570083115,0.006115615421854787,1.3128543117657858e-10
1639,0.013143469544215603,0.0003410286983777124,0.006506662771535291,0.006295777946468586,1.2783401220402175e-10
1640,0.01317238990106805,0.00038275118851632486,0.006450362097365394,0.006339276471871991,1.43314339413882e-10
1641,0.013304204438497445,0.00057345066587251,0.006640411106894976,0.006090342524109598,1.4162036106854506e-10
1642,0.013307694037267044,0.0004959786145515206,0.0064001417127221745,0.006411573585797808,1.2419554043878158e-10
1643,0.013172707686596074,0.000411094228461241,0.00658299681912239,0.006178616494655431,1.4435701285177557e-10
1644,0.013120320958356522,0.0003641888838802217,0.006530786642966925,0.006225345283517835,1.4799154155045827e-10
1645,0.013236837066395423,0.0004466928862112392,0.006418769885467959,0.006371374159663221,1.350530058113563e-10
1646,0.013332968845157682,0.0005984328333940195,0.006657440757190284,0.006077095106312263,1.482611168019236e-10
1647,0.013230797723698179,0.00044418574926458233,0.0063990976793480755,0.006387514150275712,1.4480980780734388e-10
1648,0.013111542281404357,0.000356855454439167,0.006531574142015035,0.006223112544909953,1.4004020032410105e-10
1649,0.013159196723566812,0.0004140904356647415,0.006594720484414589,0.006150385650242429,1.5324505226556155e-10
1650,0.01329486037152465,0.0005067732827715472,0.006382008777873841,0.006406078145955479,1.6492378253766363e-10
1651,0.01328365488447576,0.0005678113620561946,0.006636160927721696,0.006079682434184141,1.6051372966046877e-10
1652,0.013139394142033791,0.00037274058919657335,0.00644890530040271,0.006317748111029964,1.4140454387190964e-10
1653,0.01310792147845676,0.000345021261818543,0.006465715666828462,0.006297184395626446,1.5418331062609935e-10
1654,0.013236323555091141,0.0005140722335069546,0.006623492884490837,0.006098758274126522,1.6296682735678318e-10
1655,0.013298002105940433,0.000521939520206288,0.006381744148021476,0.006394318291533849,1.461788205663613e-10
1656,0.013180729687307817,0.00047011978781301856,0.0065939988703522774,0.00611661086785882,1.6128370108547014e-10
1657,0.013085088492388482,0.00034011770454521305,0.00649106915732735,0.006253901470234295,1.6028162481718364e-10
1658,0.013161148118642949,0.00039036655213651246,0.006423718137628248,0.006347063284305826,1.4457236350528627e-10
1659,0.013290888967259459,0.000599194805943154,0.006637512031354928,0.006054181975684686,1.542766909287446e-10
1660,0.01323734162611209,0.0004871989418370525,0.0063752947356088404,0.006374847790660708,1.5800548821640674e-10
1661,0.013095081595019832,0.00035640620922343873,0.006555658816165627,0.006183016411771666,1.5785909880304996e-10
1662,0.013093787284515749,0.000371592747640488,0.006543758314659684,0.006178436067876331,1.5433924394046115e-10
1663,0.013226860270113144,0.000491204267889964,0.006359120218937052,0.006376535629434849,1.538512792141949e-10
1664,0.013285342965601358,0.0005926229761919746,0.006634387828162055,0.006058332000790025,1.6045730422993522e-10
1665,0.013142767677596926,0.00038352331971101714,0.006422099644375835,0.0063371445604604604,1.5304961271960734e-10
1666,0.013063003862214954,0.0003508344227890559,0.006471727137174627,0.006240442141746628,1.605046423141288e-10
1667,0.013159450546657906,0.0004719565761328456,0.006577747850472962,0.006109745965908991,1.5414310825044605e-10
1668,0.01327001028124751,0.0005068509082626479,0.006358897706831799,0.00640426152371736,1.4243570285081535e-10
1669,0.013201894378589889,0.0005193734893576317,0.006592613357180697,0.006089907369371552,1.6268000755341954e-10
1670,0.013058220701122069,0.0003541692758582251,0.006442145682001069,0.006261905587602128,1.5566064738393893e-10
1671,0.013097475998122334,0.00036428548497237454,0.006423249546200489,0.006309940820973188,1.459762817967331e-10
1672,0.013238325236709765,0.0005520089263858712,0.006612694174764315,0.0060736219764067545,1.5915282443261703e-10
1673,0.01322947718577422,0.0005035950166851345,0.006342781007005837,0.006383101012262054,1.4982119500865299e-10
1674,0.013086222820813254,0.0004075292840517241,0.006537852119648548,0.006140841272264345,1.4484863576839936e-10
1675,0.013043465052713196,0.00034457738563192406,0.006501082825399044,0.006197804689108601,1.5257362487028737e-10
1676,0.013166629685477948,0.00043818306758512253,0.006364434357248029,0.006364012103005189,1.5763960584756225e-10
1677,0.013257598681883425,0.000597758750695052,0.006616085796704835,0.006043753979352801,1.5513073869437233e-10
1678,0.013134231631277414,0.00041987508367939333,0.006372547979022099,0.006341808423298984,1.452769374606379e-10
1679,0.013026907719627287,0.0003370006470273853,0.006464263609551626,0.006225643306804381,1.56243895006573e-10
1680,0.013098356051808938,0.0004265512288926654,0.006544755805190729,0.006127048861772385,1.559531590729472e-10
1681,0.013217770627501997,0.0005011291971145045,0.006336599210400278,0.006380042067293487,1.5269372822076308e-10
1682,0.01320143790090267,0.0005454309079252621,0.006584008289949154,0.0060719985378928955,1.6513535813621088e-10
1683,0.013043246648445153,0.0003410257942671854,0.006413739200546148,0.006288481509584428,1.4404739282384783e-10
1684,0.013038519522794056,0.0003511358523201735,0.006411237136196442,0.006276146388740435,1.455370061446505e-10
1685,0.013178216572382221,0.000531235870273839,0.006572414650321736,0.006074565882493826,1.692928188481868e-10
1686,0.01321975715570569,0.0004992609507954623,0.006330790966983058,0.006389705077101257,1.6082591359211205e-10
1687,0.013091396144696201,0.00044135550183461666,0.006541531971800111,0.006108508509216732,1.6184474312127627e-10
1688,0.013005012999088376,0.00034778258592080123,0.006448421947536371,0.0062088083055402,1.6009100533994943e-10
1689,0.013100225466583354,0.00039226520162542153,0.006370655095731965,0.006337305015547645,1.5367832165371739e-10
1690,0.013220985394637064,0.0005764629868935521,0.006593755540839053,0.006050766697388661,1.6951579789751236e-10
1691,0.01314662932039067,0.00047265053410392875,0.006326434836034104,0.006347543780366363,1.698862747005348e-10
1692,0.01300598774810087,0.00034578726998111745,0.006488908579926605,0.006171291731760043,1.6643310348680375e-10
1693,0.013026815544369264,0.0003656926709327971,0.00650974875608992,0.0061513739461132935,1.712332540807149e-10
1694,0.013156620305515399,0.00047638151330983225,0.006323971123149127,0.006356267502405821,1.6665061873669067e-10
1695,0.013197973378610275,0.0005741161865787843,0.006582333882825166,0.006041523139962626,1.692436993106459e-10
1696,0.0130526471061696,0.00036893890536739637,0.006370815585897233,0.006312892440676881,1.7422808791862364e-10
1697,0.012982257219257434,0.0003284116067467844,0.006423740322391393,0.006230105107649625,1.8246963160517487e-10
1698,0.013088938627125667,0.00046381072480978076,0.006538603048845668,0.006086524682045898,1.7142431862928966e-10
1699,0.013186678624610338,0.000500513773903676,0.006306940163803249,0.006379224519299857,1.6760355624609823e-10
1700,0.013127568959211253,0.0005056509180477526,0.006547421006756776,0.006074496848316929,1.8608979547385136e-10
1701,0.01299056796827895,0.0003385176117631147,0.006407109636414466,0.006244940544374216,1.7572715277791144e-10
1702,0.013006333852826348,0.00035076816452130186,0.006371813710391599,0.006283751789364965,1.8854848152374988e-10
1703,0.013143784868293826,0.0005276094661572449,0.006547616090668672,0.00606855912435106,1.871168476095016e-10
1704,0.013141529965253985,0.00046569221527110354,0.006320303297001866,0.006355534298988711,1.5399230538258854e-10
1705,0.013011623160435179,0.0004056754516269432,0.0064797430698309445,0.0061262044705670034,1.684102882030587e-10
1706,0.012964858218533635,0.0003248748964105335,0.006455618385364987,0.0061843647686513886,1.6810672630752803e-10
1707,0.01307797562931462,0.0004059089430020648,0.006338104675636903,0.0063339618565058636,1.5416978782720668e-10
1708,0.013170225586830219,0.0005972583266062719,0.006534614035687055,0.006038353063424395,1.6111249630468675e-10
1709,0.013066656088664795,0.0004179207582623231,0.006311561806277093,0.00633717338150948,1.4261589935092374e-10
1710,0.012959662027244261,0.0003184170738686463,0.006444920154493824,0.006196324661366694,1.3751509841397663e-10
1711,0.012996157766633308,0.0004045621181472692,0.006471841001787913,0.006119754506323407,1.4037472050225927e-10
1712,0.013123499883528207,0.00048630018131105314,0.006291948146156617,0.006345251426002194,1.3005834363011897e-10
1713,0.013156034016788385,0.0005454617269775101,0.006558405152350061,0.006052167006533061,1.3092775282599136e-10
1714,0.012999345589494843,0.00035928521641779323,0.006342595056644716,0.006297465190584324,1.2584800899195302e-10
1715,0.012945162177857808,0.0003498118117137739,0.006378142151612267,0.006217208087764826,1.267669413702969e-10
1716,0.01305765747425681,0.0004643366765750436,0.0065178042932890895,0.006075516377811422,1.2658125369751034e-10
1717,0.013150273214744424,0.0004891595445369683,0.006287952273963909,0.006373161274040045,1.222035024153973e-10
1718,0.013082373662525059,0.0005173648900327141,0.006503511492570653,0.006061497151844896,1.280767959369936e-10
1719,0.012935368711258754,0.00032576647281038835,0.006380753377022532,0.006228848749778056,1.1164777742896104e-10
1720,0.012976558646281267,0.0003418736791354986,0.0063512061645298575,0.006283478691207772,1.1140814028349481e-10
1721,0.013119840791983467,0.0005593524370179662,0.006515355430991676,0.006045132799593105,1.243807195517987e-10
1722,0.013123831254724145,0.0005021761031585496,0.006271440730858547,0.006350214308004485,1.127025638423857e-10
1723,0.012983604608898419,0.000382859356542571,0.006487454497644541,0.006113290639453154,1.1525815220999553e-10
1724,0.012918511322301053,0.00032610165232834203,0.00641515168024227,0.006177257873593792,1.1613664881589547e-10
1725,0.013040443047574967,0.00044239093082644194,0.006285270948277291,0.006312781060417705,1.0805352881347282e-10
1726,0.01315829822714552,0.0005946306776240382,0.006541653821904122,0.006022013613308281,1.1430907961581779e-10
1727,0.013048098638597823,0.0004157035403258404,0.006290848034526858,0.006341546944921971,1.1882315461285908e-10
1728,0.012905624081180471,0.00033673836440374654,0.006394001014070497,0.006174884580619612,1.2208661638109658e-10
1729,0.012976836096300794,0.00042355060207420746,0.006460792615481156,0.006092492768003422,1.1074200835278286e-10
1730,0.013107846456143674,0.0004872939035431304,0.006258607427045443,0.0063619450163061725,1.0924892864621737e-10
1731,0.013105422395148223,0.0005514068094338704,0.006498648708501266,0.0060553667469056705,1.3030741606263217e-10
1732,0.012921516363536984,0.0003307930265082311,0.006333059280928739,0.006257663936475363,1.1962465139994043e-10
1733,0.012924768494720048,0.0003398412586190045,0.0063356307809433665,0.006249296339976532,1.1518114334376264e-10
1734,0.013086192787493801,0.0005490242185711341,0.006491375111458801,0.006045793330032552,1.2743131421033896e-10
1735,0.013099001984552433,0.0004917880661189991,0.00624006844733801,0.006367145353232357,1.1786306797810448e-10
1736,0.01295483572951019,0.00039552958323398795,0.0064504270767964675,0.006108878949453442,1.200262913660956e-10
1737,0.012882922242440498,0.0003337224319026041,0.006387228294066046,0.006161971388721368,1.277504804316499e-10
1738,0.013033961884360066,0.00044973750662799544,0.0062483957904504745,0.006335828460098881,1.271827159329811e-10
1739,0.013123499559412772,0.000584599963347306,0.006509299338938577,0.0060296001327573255,1.2436956092816203e-10
1740,0.012974598507818434,0.00039842184443065337,0.006270414219832529,0.006305762328531147,1.1502410454016645e-10
1741,0.01287089761292376,0.0003189549958355984,0.006335653564463373,0.006216288926031569,1.2659321926628973e-10
1742,0.012989965844141934,0.00044729785018258247,0.006454243268480779,0.006088424592729919,1.3274865406178876e-10
1743,0.013095353830803213,0.0005117662561357113,0.006222047434186426,0.006361540016885262,1.23595813585091e-10
1744,0.012996507474327998,0.0004845779312406675,0.006443049287657768,0.006068880121189451,1.3424011254463607e-10
1745,0.012864399033033937,0.00030280172010199393,0.006334078040816809,0.006227519142460542,1.2965459057277112e-10
1746,0.012939033443471186,0.0003644246556420881,0.0062672476628896304,0.006307360995549952,1.293895169054384e-10
1747,0.0130915743377306,0.0005985079073246547,0.006466148079310853,0.006026918205479527,1.456155672559111e-10
1748,0.01300966394106127,0.000445673046898837,0.006225063924399676,0.006338926832342879,1.3741987929471134e-10
1749,0.012862341123866384,0.0003106995654236864,0.006380467453994274,0.006171173967422154,1.3702626841595915e-10
1750,0.01290126194786974,0.00038940199743248697,0.006396140946278296,0.006115718867334346,1.3682461156700967e-10
1751,0.013036024891818328,0.0004801406092831585,0.006211590467614922,0.006344293685397503,1.2952274555251357e-10
1752,0.01304895685643462,0.000528419250418679,0.006467387060043922,0.006053150403556704,1.424153131927147e-10
1753,0.012872258735844933,0.00033874381252711836,0.006267688928144574,0.006265825849471543,1.4570169964863515e-10
1754,0.012862670765743794,0.00033519924587261675,0.006281975373162538,0.0062454960057388206,1.4096981837856072e-10
1755,0.013013104279489556,0.0004974314302617032,0.0064601518387935345,0.006055520869939384,1.4049493343803563e-10
1756,0.013043768248501219,0.00048804474502362204,0.006196388692957571,0.006359334672917195,1.3760282945172847e-10
1757,0.01290258415426904,0.00041951497843003096,0.0063892946706880695,0.00609377435875429,1.4639665046265752e-10
1758,0.012829725146148581,0.00031140974955816175,0.006345823598665184,0.006172491653646482,1.442787530725207e-10
1759,0.012945191841366005,0.00039358745306562444,0.006227612969033324,0.006323991267067833,1.52199222865788e-10
1760,0.013054049652434025,0.0005733895932942666,0.006448522641840018,0.006032137261922784,1.5537695741499396e-10
1761,0.01295482588388763,0.00042304628297757887,0.00622300582784184,0.006308773643086534,1.2998167600189653e-10
1762,0.0128148117446518,0.00031168420520061356,0.0063314616228696465,0.006171665772597108,1.4398443053237054e-10
1763,0.012877339542598922,0.00038688525970066674,0.006372827601195699,0.00611762651758132,1.6412123691957518e-10
1764,0.013008430456144703,0.0004646378656404415,0.006198336552942241,0.0063454558876457215,1.4991629894951332e-10
1765,0.013013785179353648,0.0005381550336057252,0.0064382844615620315,0.006037345531322152,1.528637402637352e-10
1766,0.012866424126133074,0.0003670974871371027,0.006220868217187058,0.0062784582726414795,1.4916743332996144e-10
1767,0.012807518227324444,0.0002979261158490858,0.006281623944211984,0.006227968022668248,1.4459512769588204e-10
1768,0.012937926841669606,0.0004598124903172322,0.00641773908909232,0.006060375107969629,1.5429042600203866e-10
1769,0.013024376443117318,0.0005062112635037206,0.006164587241733751,0.006353577776872646,1.6100720130565107e-10
1770,0.012945160592505242,0.00046484734238937076,0.006406312798046648,0.006074000292401911,1.5966731179803778e-10
1771,0.01280427544700341,0.0003113638383401111,0.006270395745799547,0.006222515723228327,1.396354248796446e-10
1772,0.01284219489391375,0.0003601991832547857,0.0062210070324512125,0.006260988531649148,1.465586041812409e-10
1773,0.012996236718962172,0.0005253175896540681,0.006422601384209878,0.00604831758061621,1.6448201622720933e-10
1774,0.013001566790360216,0.0004687023386395093,0.006180633953123777,0.006352230347146028,1.5145090193343163e-10
1775,0.012861122405055962,0.0004190919498213517,0.006357642593694587,0.006084387703699817,1.5784020647832233e-10
1776,0.012779668697157723,0.0003118711692211794,0.006296033280234718,0.006171764091827889,1.5587393699753618e-10
1777,0.012904273017592071,0.00038002622039603464,0.0062042856701244355,0.006319960980565152,1.4650644952891397e-10
1778,0.013016694477058634,0.0005808048769479384,0.006416366944508854,0.006019522497430162,1.5817168109323573e-10
1779,0.012934284834688723,0.0004550244665387308,0.006164562578553792,0.00631469762947345,1.6012275037712584e-10
1780,0.01280011566086616,0.0003083774498118471,0.006336159315528879,0.006155578729974583,1.6555085015433802e-10
1781,0.012798436116250762,0.00033791534594793777,0.006330637538289446,0.006129883071381283,1.6063209384879847e-10
1782,0.012957002527999164,0.0004906796207502082,0.0061429253606866486,0.006323397397356254,1.4920605452276497e-10
1783,0.013016225591574967,0.000566086045548179,0.0064221244628872316,0.006028014923508603,1.5963095229796775e-10
1784,0.0128729137628313,0.0003639370311199249,0.006196294226804435,0.006312682339173397,1.6573354250607954e-10
1785,0.012766766496843914,0.0003307814076959415,0.006250750293250251,0.006185234622313376,1.7358434639418718e-10
1786,0.012868821499597486,0.00044355001170209846,0.006356434114098912,0.006068837209882864,1.6391360952052417e-10
1787,0.013001173690847185,0.000483270335063007,0.0061520131713719605,0.006365890028244122,1.5616809491196493e-10
1788,0.012951583208355223,0.0005148845967012182,0.006385443122399582,0.006051255313534022,1.7572040142151762e-10
1789,0.012775014007973972,0.0003304407620036954,0.006217301535075922,0.0062272715488572526,1.6203710057405784e-10
1790,0.012799255756236663,0.00033268116138008864,0.006208911878961284,0.0062576625533341205,1.6256116946837115e-10
1791,0.01296811431242016,0.0005309550549454342,0.006390994124427381,0.006046164940979305,1.920680405140921e-10
1792,0.012965839243046747,0.0004823861758705336,0.006135240679877329,0.006348212209487057,1.7781182740410043e-10
1793,0.01281627016960301,0.00038606492280808226,0.006340618751410785,0.006089586333242737,1.6214140423389789e-10
1794,0.01274668107391009,0.00031217140393971905,0.006280384199798692,0.006154125304245807,1.6592586982737322e-10
1795,0.012897191287061339,0.00042634830255330235,0.006140098783156105,0.006330744019390598,1.8196133384028372e-10
1796,0.012989289091250075,0.0005659683279743813,0.006401009985428633,0.006022310584126224,1.9372083585258964e-10
1797,0.012860861410958964,0.0004015251667389936,0.006167572561977731,0.006291763506691459,1.755507810907906e-10
1798,0.01273263574942193,0.0003029743725077473,0.006248458035917004,0.006181203160132084,1.8086509440768725e-10
1799,0.012826125683005504,0.0003950317633645214,0.0063317974183296835,0.006099296322417287,1.7889401157997935e-10
1800,0.012950167720319589,0.00047531798825105836,0.006133496825657492,0.006341352736390579,1.7002045971164112e-10
1801,0.01291767183319637,0.0005233725175199638,0.006367798595546145,0.006026500519948475,2.001817861895396e-10
1802,0.012750953310570266,0.0003097227914563524,0.006198792146896374,0.0062424381638507415,2.0836679741629995e-10
1803,0.012760993294055238,0.0002960722148325296,0.006205470198303211,0.006259450680299478,2.006200195327823e-10
1804,0.01290106687689909,0.0005037264908703119,0.006360675309257003,0.006036664875561073,2.012107021609553e-10
1805,0.012919378143295291,0.00048001097694648677,0.006120139420924952,0.00631922755574414,1.8967971254938855e-10
1806,0.012774732616923419,0.00034890341192149975,0.006323363252214922,0.006102465746466713,2.0632028458111586e-10
1807,0.012722035919748801,0.0002846760050080899,0.0062743588726840455,0.006163000822770635,2.1928602968219015e-10
1808,0.012843574944639677,0.0004101460082988684,0.006136453285946414,0.00629697542844813,2.219462658819961e-10
1809,0.01294606382752309,0.0005619406589893358,0.006374726389012971,0.00600939654840412,2.3111666324637837e-10
1810,0.012835208038237846,0.00037820217774289745,0.006151948497459802,0.006305057141643419,2.2139172534926955e-10
1811,0.012711820248325288,0.00030059066398240497,0.006245158893647575,0.006166070451609036,2.3908627184034537e-10
1812,0.012770078659571861,0.00037402106509279757,0.006312524464932906,0.006083532891352997,2.381931617575377e-10
1813,0.012908800087448383,0.0004575505768986179,0.0061280881508196635,0.006323161124471911,2.352581909898605e-10
1814,0.012917954088306446,0.0005323923806760001,0.006354695815850619,0.00603086562316054,2.6861928592613666e-10
1815,0.012746618361918111,0.0003164534330939328,0.006168640016682546,0.006261524668662128,2.434795032230784e-10
1816,0.012709528845265144,0.00029568284452440925,0.006205945228315295,0.00620790053075618,2.416692608227212e-10
1817,0.012846203610150559,0.0004709588562248572,0.006335301266023643,0.006039943211051202,2.7685085592499225e-10
1818,0.012931623616215368,0.0004821822698270692,0.006102883210554241,0.006346557865903206,2.6993085371523057e-10
1819,0.012828610156049474,0.0004399582227440332,0.006332135971161587,0.006056515685875864,2.762679896700234e-10
1820,0.01269277944021959,0.0003041379191412426,0.006195312728929555,0.006193328515051664,2.7709712769986036e-10
1821,0.01275218801064583,0.0003297297643636689,0.006152651307692069,0.006269806662211229,2.7637886413637726e-10
1822,0.012910956098383598,0.0005276979507091343,0.006351796051520079,0.006031461806280544,2.898738399389057e-10
1823,0.012882481019808517,0.0004698924860570238,0.0060826455773448675,0.0063299426725386,2.838680267404306e-10
1824,0.012723262747673296,0.0003401306581768768,0.006279828688892819,0.006103303099326083,3.0127751754917276e-10
1825,0.012686281709031761,0.0002863759412609911,0.006252911702733348,0.006146993759345249,3.0569217254604916e-10
1826,0.012820547010237113,0.0004149584923820604,0.006093979931446345,0.006311608289228785,2.971799237472438e-10
1827,0.012919072061293753,0.000568140251958573,0.006336563039832255,0.006014368463661599,3.058413253999433e-10
1828,0.012791516914617855,0.0003720936424111321,0.006120104227854832,0.006299318737730472,3.066214198723187e-10
1829,0.012669364373111022,0.0002841299179900838,0.006221078035311456,0.0061641560812867105,3.3852277219490154e-10
1830,0.012736361694428211,0.00036873746551001265,0.006283341765835177,0.006084282142971843,3.201111795668345e-10
1831,0.012879050172399402,0.0004707629004747219,0.006071266682654544,0.006337020287720124,3.0155001187227684e-10
1832,0.012875821500438143,0.0005245884601706391,0.006317914229750349,0.006033318459201359,3.5131579547882323e-10
1833,0.012700904835946375,0.00029879769671970933,0.006156958305675603,0.006245148488010695,3.4554036856743254e-10
1834,0.012670328112558148,0.0002904475729598306,0.006161545426875492,0.006218334758668845,3.540539811456991e-10
1835,0.012830168496670047,0.0004870378041373307,0.006297848331639023,0.006045281988517647,3.7237604600930797e-10
1836,0.012892568215029897,0.00048093966007393675,0.006066856143286728,0.006344772064014532,3.4765469983669297e-10
1837,0.01276491460546314,0.00041933466697861887,0.006286240567536715,0.006059338982271186,3.8867662078496714e-10
1838,0.012642490935063706,0.0002766229948836342,0.006178045577801648,0.0061878219569273685,4.054510540531611e-10
1839,0.012743428004067796,0.00034959292701386093,0.0061049281395175415,0.006288906538159174,3.993772192669138e-10
1840,0.01289587870271064,0.0005734788615844313,0.00631653340481194,0.006005866001030503,4.352837638206391e-10
1841,0.012821705300846321,0.00043448002552358704,0.006064686530795459,0.0063225383319886865,4.1253858873750363e-10
1842,0.012664134338251018,0.0002954880594711631,0.006232932651574092,0.00613571320352106,4.2368470172221467e-10
1843,0.012677704540703022,0.00035452009736423396,0.006218986992152787,0.006104196984557083,4.666289182191497e-10
1844,0.012828538607148894,0.0004447242773030673,0.006055502187741079,0.006328311690350167,4.517545819700455e-10
1845,0.012881274680257236,0.0005382977326568115,0.006316312099321777,0.006026664377192409,4.710862373021575e-10
1846,0.012710460832916588,0.0003643266995810008,0.006086343976991691,0.006259789677791863,4.785520338824421e-10
1847,0.012628157923206249,0.0002702917002044394,0.0061547659118784655,0.006203099822801014,4.883223308217814e-10
1848,0.01278053654770841,0.0004382514493581759,0.006282923463295371,0.006059361124207992,5.108468704631804e-10
1849,0.01286297497390736,0.0005063486324656033,0.006017347230156085,0.006339278607438686,5.038469842252609e-10
1850,0.01274729217881218,0.00043050157273303127,0.006264086617442404,0.006052703465906501,5.22730244258083e-10
1851,0.012626830866683094,0.00025747499208421203,0.006174314554361186,0.006195040818885758,5.013519373870483e-10
1852,0.01269411046690996,0.00034607223024033467,0.006082416217239606,0.006265621503531994,5.158980251880469e-10
1853,0.012850819166136021,0.0005598985881736892,0.006283580076545165,0.006007339954458147,5.46959020169315e-10
1854,0.012801778280413621,0.0004193277039205809,0.006057506973314155,0.006324943086327746,5.168511399687138e-10
1855,0.012632567170247492,0.0003080574939173081,0.006204167188560263,0.00612034192828796,5.59481962783522e-10
1856,0.01264039074667678,0.000336302965239847,0.006195511273695179,0.006108575955758989,5.519827642212678e-10
1857,0.012786358720713391,0.0004158564364671673,0.0060476572477318755,0.006322844515609793,5.209045547804195e-10
1858,0.012846371516548587,0.000538703695843528,0.00629066341013651,0.006017003840715818,5.698527305291323e-10
1859,0.012684613048972846,0.000357417827204429,0.0060664895825311305,0.006260705088423984,5.508133031867179e-10
1860,0.012597131507163125,0.00026348420744233943,0.006140379761932733,0.006193266983619329,5.541687241570982e-10
1861,0.012714328743921461,0.00039937410836051026,0.006248792584632476,0.006066161469051386,5.81877089463365e-10
1862,0.012823764636649417,0.00048503007559114723,0.006014045768035461,0.00632468822547411,5.675486995559702e-10
1863,0.012755842548907843,0.0004635688545075994,0.006252024280923813,0.006040248814870725,5.986057055314004e-10
1864,0.01260126845813388,0.00026418993860270263,0.00611814229526008,0.006218935638282986,5.859881122488509e-10
1865,0.012631888657107515,0.0003115112500880228,0.006090259610527667,0.0062301171899698275,6.065219981206567e-10
1866,0.01278281434536207,0.0004983738391208585,0.006263824653032757,0.00602061521720021,6.360082439171865e-10
1867,0.012811866374356055,0.00045716826661863476,0.006019151005550544,0.006335546508161524,5.940253519406162e-10
1868,0.0126593815857566,0.00037804040659568394,0.0062165560201925905,0.006064784516116614,6.428517120234414e-10
1869,0.012575050726267186,0.0002750581291161401,0.0061554752791175005,0.006144516682874453,6.351590915487398e-10
1870,0.0126972471656792,0.00035311233818977506,0.006056294369940274,0.006287839847894813,6.09654336936595e-10
1871,0.012820228302596916,0.0005529157483489583,0.006265664219678034,0.006001647658180466,6.763894583668708e-10
1872,0.012738347948075707,0.0004190871231545851,0.006024066735997175,0.0062951934249838425,6.639401036493458e-10
1873,0.012589994199960331,0.00028146275044681814,0.006179231422199677,0.0061292993543550995,6.729587370168976e-10
1874,0.012601682692600664,0.0003235022848409633,0.0061725457941598765,0.006105633924400962,6.891988615704817e-10
1875,0.012746944780742538,0.0004289401278766646,0.006018467983447633,0.006299535999633008,6.697852330254575e-10
1876,0.012819403369722185,0.0005319203008927737,0.0062761876921747575,0.00601129464820157,7.284530835684264e-10
1877,0.012657637015838285,0.00035076745108745866,0.006036142254775626,0.006270726596240343,7.13734857024449e-10
1878,0.012560060237768322,0.0002814471798083028,0.006122167762233937,0.006156444579890402,7.158356809423657e-10
1879,0.012664132983634386,0.0003770211823937874,0.006222368575265306,0.006064742475030873,7.509444197777332e-10
1880,0.012780186326629495,0.00045555304231521707,0.006003530715823651,0.006321101850695717,7.177949088829397e-10
1881,0.012754094774052304,0.0005104657566410014,0.006236511887332697,0.006007116356214008,7.738645978414897e-10
1882,0.012581448719381518,0.00027786359939695004,0.00607528168251935,0.0062283026565656836,7.8089953366576e-10
1883,0.012571578808210599,0.00027040935861075903,0.006087653555043609,0.0062135151077946016,7.867616275561911e-10
1884,0.012724753147911416,0.00048281407097288607,0.006228121442996994,0.006013816825437598,8.085039389983247e-10
1885,0.012789585761845662,0.00047126373135503624,0.005987740199628347,0.006330581068011756,7.628505226562256e-10
1886,0.012669397893648184,0.00039776210001020516,0.006217507553759487,0.006054127402161657,8.377168346177891e-10
1887,0.012547296204468377,0.00028267505679338355,0.006102088025509803,0.006162532282379992,8.397851971719208e-10
1888,0.0126195566870231,0.0003280448620189504,0.0060277574456840104,0.00626375357234691,8.069732295027814e-10
1889,0.012788433782647057,0.0005307619189719733,0.00623986603262547,0.0060178049844136884,8.466359250258514e-10
1890,0.012743145438496289,0.0004492502705604361,0.005988691945723094,0.006305202381912878,8.402998821075487e-10
1891,0.012574219140606692,0.0003187244948996472,0.006163026674077383,0.006092467071995486,8.99634176386945e-10
1892,0.012550104285970427,0.0002787370979357965,0.006136062349702064,0.006135303969322092,8.690104753637503e-10
1893,0.012689322739989236,0.00040963026086292877,0.005985592915094009,0.006294098706410235,8.576220633056132e-10
1894,0.012792753716303618,0.0005592139919828511,0.006243587020527957,0.0059899517811717075,9.226211010015556e-10
1895,0.012662418039649133,0.00035735191091688885,0.006016017629139574,0.0062890476281899175,8.714027517468723e-10
1896,0.012526168349040152,0.0002769496457364594,0.006106195838114884,0.0061430219716486585,8.935401499139725e-10
1897,0.012604884926223598,0.0003669543951008843,0.006177157054918674,0.006060772583380569,8.92823471490871e-10
1898,0.012756616174283439,0.00045895387580164476,0.005967030444642377,0.0063306309236941406,9.301452765657321e-10
1899,0.012731867511278878,0.000504801945724597,0.006208493719237788,0.006018570836296748,1.0100197454726595e-09
1900,0.012568171257095154,0.0003016579301918416,0.006041161954186969,0.0062253504693166,9.03399743745535e-10
1901,0.01253969347023226,0.00027696784809447944,0.006036694302113887,0.006226030341517233,9.785066604651592e-10
1902,0.012685235984020379,0.0004510808776749635,0.00619539781914097,0.006038756283797847,1.0034065979376008e-09
1903,0.01275213822614354,0.00047056070561445057,0.005970321790704675,0.006311254846396065,8.834283493585668e-10
1904,0.012627083444115044,0.00040852282981610394,0.006146806833032207,0.006071752747117007,1.0341497275543525e-09
1905,0.012510499226227854,0.00025127907295778405,0.00607665792039371,0.006182561260083797,9.727925624658826e-10
1906,0.0126092751593327,0.00034434871806076646,0.006006036687176255,0.006258888819145583,9.349500954773137e-10
1907,0.012761028414389551,0.0005611199332167064,0.0061976072397014435,0.006002300165918669,1.075552731836474e-09
1908,0.012686314872253497,0.00040366256742581125,0.0059636094202931735,0.00631904189290226,9.916322536735907e-10
1909,0.012525347361818005,0.00028653848965237103,0.006115433194261186,0.006123374652583869,1.0253205787719993e-09
1910,0.012541702933360991,0.00033380735971761673,0.006118016376417585,0.006089878081330562,1.115895226441216e-09
1911,0.01269581986939084,0.0004265856820612905,0.00595752083330304,0.006311712265026847,1.0889996615919519e-09
1912,0.012752373308302013,0.000526754302677001,0.006206678549832172,0.006018939361573257,1.094219582929658e-09
1913,0.012571065695859961,0.0003302904844670759,0.005997067404819127,0.006243706800244773,1.0063289843110122e-09
1914,0.012497263439064578,0.00026891377786054314,0.006052438722797895,0.0061759098357466275,1.1026595118257023e-09
1915,0.012633781550987539,0.00040387148384918666,0.00617959682063786,0.0060503120605302965,1.1859701949707767e-09
1916,0.012731387363723909,0.00046481138567268837,0.005948028629419609,0.006318546284520129,1.0641114827359966e-09
1917,0.01264176903176038,0.0004566355583898317,0.006162391840968292,0.006022740520721354,1.1116809014308331e-09
1918,0.012489562750851653,0.00025198598165128487,0.0060520434046915,0.00618553228490216,1.0796067084980557e-09
1919,0.012547547893722052,0.0002882573718771534,0.006012028475994642,0.0062472609259533515,1.1198969055424688e-09
1920,0.012706532716711558,0.0005190093612654848,0.006189579330802138,0.005997942877990997,1.1466529399253495e-09
1921,0.012693139269349087,0.00044720992233664934,0.005952777744303586,0.006293150646090312,9.566185403623292e-10
1922,0.012537739393406692,0.00031755447586821685,0.006129018859122293,0.006091164985810084,1.0726060978945438e-09
1923,0.012483771864125224,0.00027292029713747625,0.006081378773337511,0.006129471600649707,1.1930005282889999e-09
1924,0.012623654107430809,0.00038870751089549693,0.005968091019803682,0.006266854470969754,1.1057618747153805e-09
1925,0.01274126691970729,0.0005426940228680969,0.006200709639425728,0.0059978621365071845,1.1209062815900303e-09
1926,0.012619506758478944,0.00037528619437901637,0.00595138742289453,0.006292832053661987,1.0875434105872927e-09
1927,0.012471502518837089,0.00027235120454298004,0.006069552520499508,0.006129597580741277,1.213053322955573e-09
1928,0.012544564822323525,0.00034792432403569194,0.0061372613826620355,0.006059377798902674,1.3167231236396898e-09
1929,0.012701887284943076,0.00045142127301676385,0.005931022405071166,0.006319442352351589,1.2545035585555196e-09
1930,0.012681977735082594,0.0005026286931760179,0.006168623543045296,0.006010724250326806,1.2485344759615795e-09
1931,0.012508449070115562,0.00029352463336489143,0.006008486896063314,0.006206436384403469,1.1562838865697443e-09
1932,0.012481516945890917,0.0002616679367047974,0.00601110434181638,0.006208743286003565,1.3813661760196932e-09
1933,0.012649099212679775,0.00045854302171860256,0.006161593154394664,0.006028961519320661,1.5172458479401468e-09
1934,0.01269507909698519,0.00045853786178992606,0.005935534452392854,0.006301005566896352,1.2159060577596975e-09
1935,0.01255467059947065,0.0003808678361835084,0.006127314708056538,0.006046486759741249,1.2954893550974838e-09
1936,0.012454787174594405,0.0002517431898251846,0.006041812494670261,0.006161230049622968,1.4404759899086438e-09
1937,0.012556888919037258,0.0003234411864695044,0.005973935367175352,0.006259510898365065,1.467027336914452e-09
1938,0.012705116798382233,0.0005397023637680985,0.006184210667259022,0.005981202269211079,1.4981440326110166e-09
1939,0.012626770213880366,0.00040642120543195835,0.005928038557553657,0.006292309132104693,1.318790057602834e-09
1940,0.012472631389129504,0.00027335220032922785,0.006077019479764457,0.006122258309034278,1.4000015412473333e-09
1941,0.012483266801845456,0.0003107002924965173,0.006090314824391702,0.006082250106764316,1.5781929220440444e-09
1942,0.012638212204546207,0.00042010707437631253,0.005930777931254391,0.006287325570718458,1.6281970462723134e-09
1943,0.012703307933641347,0.0005161839659306073,0.006173663932296338,0.006013458357305141,1.6781092603882818e-09
1944,0.012517082273768272,0.0003122918000409764,0.005956543023135497,0.0062482459939186006,1.4566731987826808e-09
1945,0.012448954233884079,0.0002736326455336644,0.006012091831396164,0.006163228202578586,1.5543756655051896e-09
1946,0.012579459588881892,0.0003981920995988692,0.006141987347460974,0.006039278293817026,1.848005022646814e-09
1947,0.012689256267705179,0.00045537116263857474,0.005913143786414077,0.006320739518552793,1.800099734765094e-09
1948,0.012586707310393876,0.00043907565674201855,0.006128220363950169,0.006019409542843791,1.7468578975619838e-09
1949,0.012438922650617117,0.00025286022859037416,0.006016596031516218,0.006169464823743191,1.5667673344850027e-09
1950,0.012509947814080411,0.000300370755266143,0.0059572621242784595,0.006252313171134652,1.7634011561227126e-09
1951,0.012658603977715026,0.0005041253765763518,0.0061514111973038944,0.006003065377484065,2.026350713503397e-09
1952,0.012638321922482827,0.0004264776203445456,0.005926348258054044,0.00628549430117082,1.7429134172896452e-09
1953,0.01246491210523955,0.0002949983127181888,0.0060727790697661516,0.006097132863504034,1.8592511749694292e-09
1954,0.012445911450502273,0.00027506630264059637,0.006047399900977917,0.006123443365250449,1.8816333103150515e-09
1955,0.012588240447315262,0.00038456560093781976,0.0059316573187541514,0.006272015738218619,1.7894046727064162e-09
1956,0.012676576901524383,0.0005301029600070161,0.006159843894005851,0.005986627936678556,2.1108329597782322e-09
1957,0.012554168378822776,0.00035211192495587915,0.005927313619720305,0.006274740750400162,2.0837464310332573e-09
1958,0.012414216612283554,0.00023507843515738674,0.00603487739395928,0.006144258815498027,1.9676688596097515e-09
1959,0.01251500938975452,0.0003725021080749525,0.006098515373871241,0.006043989949568314,1.9582400105213896e-09
1960,0.012650093013832473,0.0004522981994766131,0.00588708123002998,0.006310711535788342,2.0485375374965125e-09
1961,0.012644539148295973,0.0004799612856366701,0.006144336283535384,0.006020239203356921,2.3757669985714548e-09
1962,0.012448075692962678,0.0002699246615746742,0.005982176198530181,0.0061959726717791454,2.1610786793801978e-09
1963,0.012446134463561114,0.0002813291875106419,0.005972868316744199,0.006191934886147483,2.0731587909414656e-09
1964,0.01262592149844155,0.0004746820944868529,0.006129209108287593,0.006022028067244155,2.2284229491329912e-09
1965,0.012649247524499134,0.0004472146559063599,0.005888234447006698,0.006313796237407522,2.1841785538711033e-09
1966,0.012502424555581454,0.0003662783293575335,0.006098500186102612,0.006037643634061496,2.406059814042117e-09
1967,0.012406442911655354,0.0002378041314314153,0.006044940560345854,0.006123695900453127,2.31942495525004e-09
1968,0.012548114444212818,0.00035734628338508935,0.0059119831693665225,0.006278782751771017,2.2396901910192374e-09
1969,0.012659280047106574,0.0005428053413191093,0.006126175313894627,0.005990297047843808,2.344049028977216e-09
1970,0.012545070200154893,0.00036161419811961036,0.005929305797544673,0.006254148037051326,2.1674392829645117e-09
1971,0.01240254979221742,0.0002363288664287171,0.006032558970084021,0.006133659463969163,2.491735519667639e-09
1972,0.01247845299563819,0.00033583521480461863,0.00607270208958067,0.006069913212076653,2.4791762480295604e-09
1973,0.01262039458345945,0.00043585442585685526,0.0058898363710918975,0.006294701720285774,2.066224921299151e-09
1974,0.012600931889502152,0.00047495774355957706,0.006122435604806871,0.006003536170430619,2.3707050837078003e-09
1975,0.01244073625377981,0.00027647555166287487,0.005948051836313398,0.006216206350188937,2.515614599741194e-09
1976,0.01241133829740981,0.00024075986859726297,0.005974628426734765,0.0061959476319906346,2.3700871476348606e-09
1977,0.012574956627418685,0.0004494025800836707,0.006119322557594517,0.00600622912224149,2.3674990061721132e-09
1978,0.01262747104915119,0.0004523856007542453,0.005871314691810565,0.006303768377368036,2.3792183426901353e-09
1979,0.012512602197519948,0.00037297539952195984,0.0060810873135675935,0.006058536823009317,2.661421078550784e-09
1980,0.012385279672811984,0.0002452598422553081,0.005993091866967982,0.006146925473450589,2.490138104150013e-09
1981,0.01248839410253718,0.0003333939352993475,0.005915082170220388,0.006239915552577356,2.444440090195001e-09
1982,0.012647623045040704,0.0005127999540501521,0.006132650438990313,0.0060021699067970375,2.7452032014406303e-09
1983,0.012566026076393995,0.0003884352866526586,0.005897054370577459,0.006280533875182492,2.5439813854887223e-09
1984,0.01241081367945666,0.00029584716738561634,0.006031874378584654,0.006083089529453286,2.60403310295511e-09
1985,0.012419967465649329,0.0002881241814448579,0.006043027882159932,0.006088812745018682,2.6570258557008913e-09
1986,0.012578225395037444,0.00040478341273539976,0.005877646645368422,0.006295792574833681,2.7620999418216522e-09
1987,0.012622769610281338,0.0005193654131206278,0.00612134960099927,0.005982051614390416,2.9817710239904484e-09
1988,0.012458999781402434,0.0002983388698722322,0.005934305227453589,0.0062263531624529075,2.521623705258657e-09
1989,0.012379965184207666,0.0002420729582663742,0.005960618020639927,0.006177271484904167,2.7203971977817185e-09
1990,0.012504869962138133,0.0004008555906644444,0.006064022541253612,0.006039988854323541,2.9758965344940016e-09
1991,0.012618113635375803,0.00044849267961721346,0.005879467659996572,0.006290150673652497,2.622109520220928e-09
1992,0.012531198000639879,0.00041645197087165057,0.006097185183752712,0.006017557966027839,2.879987677006334e-09
1993,0.012388775672393076,0.0002587699656604748,0.005942274053223155,0.006187728778031074,2.875478372645669e-09
1994,0.012419105578899121,0.0002721466704141264,0.005924730552454007,0.00622222561876383,2.737267157933973e-09
1995,0.012592508420719378,0.0004865856315403575,0.006114228573469423,0.00599169125326142,2.962448177836742e-09
1996,0.012599242978110995,0.0004499326956322832,0.005855864964556733,0.006293442401357486,2.9165644928615425e-09
1997,0.012438847896389334,0.00032405333419998906,0.0060452793614017685,0.006069512201578647,2.999208929672747e-09
1998,0.012375038916621953,0.0002555626483117734,0.006008158825387176,0.006111314562470084,2.8804529206590327e-09
1999,0.012502419899706749,0.00036209215870099094,0.005887263492329692,0.006253061188995737,3.0596803287105375e-09
2000,0.012643626633903502,0.0005411283911290372,0.0061071048221701865,0.005995390036164676,3.3844396011625273e-09
2001,0.012497348228255843,0.00035210848708061305,0.005883256991633934,0.0062619799980269675,2.751514329602996e-09
2002,0.012370579478267491,0.00026701961599486364,0.005995011623644612,0.006108545386390738,2.8522372760420714e-09
2003,0.012428329954158853,0.00031853300070733303,0.006052936359118636,0.006056857307740738,3.286592145633787e-09
2004,0.01257632250731996,0.0004176743168653671,0.005867256626679028,0.006291388083711512,3.480064052735043e-09
2005,0.012535865983480606,0.0004610147825353541,0.006081500110549168,0.005993347667430336,3.422965747657136e-09
2006,0.012381236656981794,0.00025788192835902405,0.005935532069444778,0.006187819682891561,2.9762864303432124e-09
2007,0.012381193562274009,0.0002555975004794557,0.005919177617262431,0.006206415362604223,3.0819278989288885e-09
2008,0.012531195568091645,0.0004529107005688424,0.0060699217022558245,0.0060083596676943135,3.497572664863583e-09
2009,0.012565137508788793,0.0004108124389930697,0.005873275540339496,0.006281046131522964,3.397933264433168e-09
2010,0.012429699524030176,0.00033075202042149,0.006050115243951612,0.006048828733472003,3.526185070243148e-09
2011,0.012351028937511917,0.00026316156833495883,0.005948029839319395,0.006139834001622937,3.528234627087773e-09
2012,0.012435811746620432,0.00031222323777049154,0.005879948331433247,0.006243636845591661,3.331825032074043e-09
2013,0.012575642407920425,0.0004866166869245254,0.006101479880274548,0.005987542409333351,3.4313880003908944e-09
2014,0.012515333972056305,0.00038565915328124425,0.0058609051304225335,0.006268766119312767,3.5690397605458586e-09
2015,0.012376676070696709,0.0002866865791765061,0.005993676812602303,0.006096308846278771,3.832639129958092e-09
2016,0.01234837130958572,0.00025600317628418596,0.005985001529287162,0.006107362976454012,3.6275603599766336e-09
2017,0.012491047094210062,0.00037725151881215556,0.0058608494918531455,0.0062529426511231,3.4324216592958397e-09
2018,0.012584860696165082,0.0005161586639111453,0.006079770659281797,0.005988927644062933,3.728909207699814e-09
2019,0.012477637101084672,0.00035205948670288,0.005857636494890392,0.006267937431891244,3.687600155599408e-09
2020,0.012340068020210693,0.0002565332119715318,0.005982180127420875,0.006101350938068273,3.742750011885659e-09
2021,0.012380585845904747,0.0002938041127650306,0.006023428898773821,0.006063349079965302,3.754400594559759e-09
2022,0.012534848445193304,0.00041477364084994387,0.005831851107056634,0.0062882199800800165,3.71720670836263e-09
2023,0.012567772162286698,0.0005229614733739883,0.006056623954266086,0.005988182873103339,3.861543284605444e-09
2024,0.01241414064759688,0.0003000878298406694,0.005879552482868843,0.0062344967099574565,3.6249299125428554e-09
2025,0.012317137163691089,0.00022178627526319586,0.005942462120993419,0.006152884802591033,3.964843441941565e-09
2026,0.012439573466663007,0.00038419947191473277,0.006017961482437062,0.00603740827118471,4.241126501393747e-09
2027,0.012553833781435392,0.00043491254271015825,0.005817436456422578,0.0063014810801654,3.7021372568777245e-09
2028,0.0125153138509658,0.00045925454912623513,0.006050413882673349,0.006005641699805876,3.719360338507676e-09
2029,0.012342615300639972,0.0002626318167202966,0.005885336566465858,0.006194642906707707,4.010746110688117e-09
2030,0.012344355059779717,0.0002436926486029468,0.005896634404631315,0.006204023696623073,4.309922382395125e-09
2031,0.012487638503314257,0.00043176419684450945,0.006047608911898453,0.006008261146278547,4.248292746647463e-09
2032,0.012549538823085222,0.0004485195961751128,0.005805183551600604,0.006295831832690845,3.842618661003966e-09
2033,0.012439179298676833,0.00038179828865054686,0.006005236951530151,0.006052139944462411,4.114033723891786e-09
2034,0.01230632638607518,0.00024097407501364143,0.005918758976235204,0.006146589102178792,4.232647541915355e-09
2035,0.012393048140881647,0.0002958255873841267,0.005870649498106853,0.006226568858655087,4.196735580034179e-09
2036,0.012547371041297413,0.0004949236515525063,0.006053372302800391,0.005999070638113224,4.448831290421088e-09
2037,0.012507123443358156,0.00042395131509375463,0.005803541329162475,0.006279626538834252,4.260267675529854e-09
2038,0.012336634431609565,0.00027680783127538675,0.005983193437064361,0.006076628964615005,4.198654813494138e-09
2039,0.012320967707706614,0.0002538304805620442,0.005975568980152725,0.006091564008575476,4.23841636808349e-09
2040,0.012477132564952009,0.00039715872624713995,0.005812388372968534,0.006267581017036498,4.4486998378390265e-09
2041,0.012552150829960999,0.0005126671394660616,0.006052306067734544,0.00598717294269411,4.6800662834669335e-09
2042,0.012405192179687528,0.0003088485960405601,0.005864786071589349,0.006231553270769713,4.2412879037627525e-09
2043,0.012293352712544186,0.0002464173892496615,0.005925580330164579,0.006121350609111132,4.38401881357907e-09
2044,0.012407451634636734,0.00036840745300774504,0.00599825907677631,0.0060407804838847525,4.6209679264359985e-09
2045,0.012519369996942082,0.0004260905055050518,0.0058109049168317325,0.0062823701541784545,4.4204268424882004e-09
2046,0.012473529253454109,0.00044545699628092755,0.006044865700900435,0.005983201897856553,4.658416194688191e-09
2047,0.012310067892052249,0.00023178495186348277,0.005896469498084862,0.0061818088857716474,4.5563322554031334e-09
2048,0.012323725305501956,0.0002660326279151339,0.005863170610643325,0.006194517539360306,4.527583191793273e-09
2049,0.012485796140281174,0.0004723507049360071,0.006033183448415879,0.005980257380265191,4.60666409693172e-09
2050,0.012508970654003273,0.00041264110880636767,0.005815166179952543,0.006281158901256653,4.463987708596113e-09
2051,0.012357689092082314,0.00032830078489582977,0.005981013442914271,0.006048369997163373,4.867108838966226e-09
2052,0.012282436220858482,0.0002502024218951506,0.005922328889447674,0.006109900311213363,4.598302294348209e-09
2053,0.012407442447472218,0.0003250977094798771,0.005832173633697537,0.0062501667630012,4.3412936038852706e-09
2054,0.012522291033006366,0.0005047614468080355,0.006033688986200054,0.005983835742294234,4.8577040446059556e-09
2055,0.012430490039369668,0.00037931843811381326,0.005801845489527694,0.006249321448087266,4.66364089565439e-09
2056,0.012281138837997713,0.00023473975101433734,0.0059384649360206335,0.006107929727817077,4.423145665307266e-09
2057,0.012322756322111805,0.00028945587655827864,0.005974874808262868,0.006058421110541495,4.526749164687553e-09
2058,0.012474791007954981,0.00041802643833336277,0.005789088648548582,0.00626767113765147,4.783421567668262e-09
2059,0.012498286974731465,0.0004822987369608936,0.006018438838596734,0.005997544428275583,4.9708982544260864e-09
2060,0.012331358841581255,0.0002779163416503834,0.005842316197140781,0.006211121941134315,4.361655774527566e-09
2061,0.012269080920382418,0.00024135474195023426,0.00587957454315789,0.00614814714126054,4.49401375525154e-09
2062,0.01240931485706941,0.00039158750021349507,0.005995302349829395,0.006022420030063984,4.976962536457041e-09
2063,0.012490406707861492,0.0004202619787290007,0.005792848638171859,0.006277291367224667,4.72373596605006e-09
2064,0.012409690306200316,0.000408684078209278,0.0060014289636107975,0.005999572451173943,4.81320629825625e-09
2065,0.012265750396947089,0.00023169112644328104,0.005866665079691767,0.0061673894560171525,4.734794886958864e-09
2066,0.012308535888393835,0.000272538503687993,0.005831992107299019,0.006204000531588219,4.745818605281078e-09
2067,0.012464008504472384,0.0004670728971983551,0.006019006047952721,0.005977924709719099,4.8496022072986225e-09
2068,0.012469402308482104,0.00040246104162020637,0.0057857526388582145,0.006281183978253792,4.6497498903021245e-09
2069,0.012326057458100274,0.0003270563218971026,0.0059462913372242835,0.0060527046979093006,5.101069587823808e-09
2070,0.012249251290935619,0.00024467137412681516,0.0058999402631311456,0.006104634815567413,4.838110243754027e-09
2071,0.012372837180354899,0.00031866182113664254,0.005815033094774109,0.00623913781668543,4.447758716306822e-09
2072,0.01248641704615103,0.0004977666460142334,0.006005042636278646,0.0059836028716912905,4.892166860521414e-09
2073,0.012419601761737325,0.0003914734438895175,0.005771233195415279,0.006256890255636651,4.866795875213877e-09
2074,0.012266251382410102,0.0002431274900233237,0.00593124770043505,0.006091871316638834,4.875312894110952e-09
2075,0.012270440251129807,0.0002654238841272606,0.005933131367163644,0.006071880157015927,4.84282297405503e-09
2076,0.012419227501199148,0.0004006121798772659,0.005761973535630732,0.006256636953457688,4.832233462628712e-09
2077,0.01249442257532762,0.0005082435756414716,0.005998108226933596,0.005988065709267023,5.0634855299348115e-09
2078,0.012349998822104073,0.00031233216392454,0.005814113743304096,0.006223548249382965,4.665492471107336e-09
2079,0.01223285374070081,0.00022963643492602886,0.005891140103733437,0.006112072325351639,4.876689705354541e-09
2080,0.012330898235212672,0.0003400622914819624,0.005941544737349984,0.006049286117807059,5.088573665993532e-09
2081,0.012450442388164035,0.0004223080684940272,0.005757721314505541,0.006270408200832635,4.804331831743771e-09
2082,0.012445107279058476,0.0004702861326012413,0.006002395133882168,0.005972420845710578,5.166864490909355e-09
2083,0.012280379494825742,0.0002537511678689682,0.005829488880322576,0.006197134333592921,5.113041277230725e-09
2084,0.012243181368898244,0.0002480542863719127,0.00584059484734038,0.0061545272519971635,4.9831887881949064e-09
2085,0.012380742273049741,0.0004079430483638062,0.005978676128933323,0.005994118276526988,4.8192256241051796e-09
2086,0.012477186303937697,0.00043085032169400594,0.005764948731651918,0.006281382519986496,4.7306052780359636e-09
2087,0.01237225229043058,0.00041073250171338413,0.005958152269862641,0.0060033620752611185,5.4435934352344705e-09
2088,0.01222667348309072,0.00024161785906337714,0.00584105765579153,0.006143992894073003,5.074162810563806e-09
2089,0.012292759892469638,0.00026795497790651433,0.005815583447137564,0.006209216770060373,4.697365185698789e-09
2090,0.012438922398596836,0.00047262035988517617,0.0059939316261394425,0.005972365286902424,5.125669793161153e-09
2091,0.012443830643734324,0.0004340360634035239,0.005747767448900498,0.006262022090298565,5.0411317360632475e-09
2092,0.012283694126573035,0.00029938618853524255,0.005926531164866113,0.006057771747852595,5.025319085291366e-09
2093,0.012227049007012533,0.00024713109440370685,0.005887089042780668,0.0060928239365860256,4.9332421337509655e-09
2094,0.012351783104652318,0.0003510576658830943,0.005766234666393641,0.00623448562388757,5.1484880119377036e-09
2095,0.01248704033259269,0.0005224774959114283,0.005984332187660321,0.005980225262503911,5.386517030425643e-09
2096,0.012351365570195517,0.00034273572498842286,0.00577618973517522,0.006232435509491543,4.600540330287996e-09
2097,0.01221882766105616,0.0002440891450925114,0.005884208362612315,0.0060905253862753115,4.767076022269777e-09
2098,0.012282337527287768,0.00030983165783218976,0.005921179108148566,0.006051321371102391,5.390204620705274e-09
2099,0.012421099758253453,0.00041659961605901383,0.005745746679458179,0.0062587482138678,5.248868459563957e-09
2100,0.012421842111849395,0.0004735424113475571,0.005983297277928803,0.005964997339949955,5.0826230812497095e-09
2101,0.012258327925130466,0.0002570733302652287,0.005808353807399577,0.0061928960694564985,4.718009162908662e-09
2102,0.01221692182407301,0.0002425817926046525,0.0058233909493666984,0.006150943962783896,5.119317763870441e-09
2103,0.012347099315804216,0.0003972126121305986,0.0059581982945564995,0.005991683038521166,5.370595952982756e-09
2104,0.012419711625936563,0.00039992206698748407,0.005760558158413046,0.00625922655513986,4.8453961720962344e-09
2105,0.012299467250523314,0.0003504592637548117,0.005927313900077951,0.0060216889884616015,5.098228949010758e-09
2106,0.012205007930551993,0.00025439614165769376,0.00583669167987123,0.006113915065071967,5.043951102517012e-09
2107,0.012271354815513816,0.00027458145146229716,0.005797037250859186,0.006199731195289625,4.9179027084665635e-09
2108,0.012405205854303462,0.00044891530041996883,0.005980825831673722,0.005975459472670326,5.249539445884061e-09
2109,0.012373518352403023,0.00039385079150871686,0.005747800788899605,0.006231861720608064,5.05138663857314e-09
2110,0.012238055198157845,0.0002824352828779647,0.005895663125584614,0.006059951772184445,5.017510824082074e-09
2111,0.01219498231728537,0.00023177911614007061,0.00588391246745015,0.006079285972299211,4.761395939699205e-09
2112,0.012316439005978763,0.00034053448940219946,0.005776820362364529,0.006199079247421842,4.906790191664613e-09
2113,0.012427248829440091,0.0004913646931998994,0.005967554874594888,0.005968323667133251,5.594512053182064e-09
2114,0.012341776068572995,0.0003587017425790199,0.005757195253604697,0.0062258739890617264,5.083327552453109e-09
2115,0.012208146255265874,0.0002631247095335007,0.005904035436247747,0.006040981234780439,4.874704186917094e-09
2116,0.012206054727794804,0.0002525064478438333,0.005904188001453747,0.006049355376605037,4.901892186556479e-09
2117,0.012342997279005301,0.0003676963754548061,0.005751735831408269,0.0062235600911482065,4.980994019320674e-09
2118,0.012424120714854542,0.0005090627368585692,0.005974572871075617,0.005940479745374386,5.36154597000065e-09
2119,0.01231229858070567,0.0003304530310246146,0.005777403549393265,0.006204437017421894,4.982865897669135e-09
2120,0.012179102832948463,0.0002316541737501548,0.005878610193739656,0.006068833316058266,5.1494003872980426e-09
2121,0.012226222694097085,0.00030951708079292567,0.00590040401446555,0.006016296546946561,5.051892048827313e-09
2122,0.012366889829906306,0.0003921095104472569,0.005743741359857071,0.006231034338348388,4.621253588097163e-09
2123,0.012416931280652936,0.00048552823102479873,0.005979612068509087,0.005951785903846139,5.0772729104577275e-09
2124,0.012275209279560655,0.00032461746535876804,0.0057778623629853,0.006172724425293844,5.02592274428258e-09
2125,0.012160153824162455,0.00021830855702748096,0.005848497457669228,0.006093342846459871,4.963005875224611e-09
2126,0.012261832916427372,0.00033638996372935113,0.005922367310717494,0.006003070778816375,4.863164151914159e-09
2127,0.012395645863834154,0.00044120499721491633,0.005728314570681976,0.006226121437137967,4.858799295959158e-09
2128,0.012391848265797084,0.00047376614317352884,0.0059605202180124,0.005957556426777533,5.477833621738296e-09
2129,0.012204870980852423,0.0002488803850191426,0.005800322525253963,0.006155663192185468,4.878393850354464e-09
2130,0.012180848342712642,0.0002513040089169193,0.005819631986443343,0.006109907649863672,4.697488708416902e-09
2131,0.012329560942389359,0.00041917812596911446,0.005942509035189281,0.005967868686645857,5.09458510665998e-09
2132,0.012405414455796623,0.0004428410497870355,0.005729693421833266,0.006232875067442776,4.9167335452818235e-09
2133,0.012292125633614136,0.0003896321724763372,0.005941070000811688,0.0059614182446230245,5.215703087059511e-09
2134,0.012155234392787867,0.00021911378911088132,0.005829480276576133,0.006106635205997094,5.121103758149042e-09
2135,0.012232222596457037,0.00029354341138648955,0.005761069273950048,0.006177604855755724,5.055364775998472e-09
2136,0.012396035413750176,0.0005081950585891186,0.005959399901423521,0.005928435371044686,5.082692849655172e-09
2137,0.012342497203932025,0.00038408155943041707,0.005734735867599335,0.006223675211299864,4.565602409207149e-09
2138,0.012179664674949442,0.0002703007131248422,0.005867827465579434,0.006041531496789785,4.999455379239833e-09
2139,0.01217492000350644,0.0002774054814933297,0.005869091808291039,0.006028417569010552,5.144711519366009e-09
2140,0.012328880383202625,0.0003735978759268244,0.005733223749264409,0.006222053954678174,4.8033332149464625e-09
2141,0.012380469387066106,0.0004894592543164024,0.005934682489335802,0.005956322598535782,5.0448781193095e-09
2142,0.012235291141570858,0.00032616169480941866,0.005735884703115763,0.006173240059689258,4.683956419603014e-09
2143,0.012138867638548996,0.00021008636891304346,0.005814273142268944,0.006114503365894062,4.761472946814934e-09
2144,0.012247592575535192,0.00034104554745883206,0.005907715667601336,0.00599882625178762,5.108687405861993e-09
2145,0.012366312372896334,0.0004446377469413156,0.005697491181931565,0.006224178582353473,4.8616699814257055e-09
2146,0.012298574592337658,0.00041047067231995233,0.005903862463369755,0.0059842366077742055,4.848873743173188e-09
2147,0.012145334991702676,0.00022486665024604397,0.005787490772270629,0.006132973031579329,4.5376066723028384e-09
2148,0.012178191754843254,0.0002721173540713597,0.005764227166526149,0.006141842339042304,4.895203441462778e-09
2149,0.012328185913045075,0.0004447410306066051,0.005913600396565116,0.005969839165147835,5.320725520611734e-09
2150,0.012349114157004472,0.00040769627859501585,0.005700847511258462,0.006240565795761882,4.571389112478048e-09
2151,0.012207782232272904,0.0003337377851151591,0.005879191336906462,0.00599484843951076,4.6707405240086155e-09
2152,0.012126600343518153,0.00023453611607420776,0.005812482296450712,0.006079577090936819,4.840056414378112e-09
2153,0.012232566012393161,0.000307497182185971,0.005727676881143783,0.006197387194742136,4.75432127217814e-09
2154,0.012366887084809505,0.0005016867935146423,0.005926616539761164,0.005938578758683756,4.992849941905953e-09
2155,0.012280611608858912,0.0003669393488748001,0.0056992458762592235,0.006214421654036925,4.729687963764071e-09
2156,0.012145287224567026,0.0002547499406888754,0.005829485308803493,0.0060610472725238,4.702550858160319e-09
2157,0.012154270242778677,0.00027954819860268217,0.005846554948653838,0.0060281626498152625,4.445706895146304e-09
2158,0.012285973101588629,0.0003730858318665838,0.005693455285965874,0.006219427442262655,4.5414935151677694e-09
2159,0.012374040595932667,0.0005029586076780653,0.005900884575297709,0.005970192088640453,5.324316438975805e-09
2160,0.012214340914362867,0.00031606771103911524,0.005719879547346842,0.006178388924498188,4.73147872313663e-09
2161,0.012112324685861863,0.0002306897508961226,0.005800933812005532,0.006080696727829478,4.395130729163393e-09
2162,0.012205373716792166,0.00033235595576565526,0.005854459782234842,0.006018553352593187,4.626198481831182e-09
2163,0.012327937099957317,0.000424560371488595,0.005672837389537617,0.0062305345475333375,4.791397768155403e-09
2164,0.012312305008939562,0.0004529191993103839,0.005910146637631224,0.005949234018689582,5.153308371232483e-09
2165,0.012148749023924045,0.0002426615695498603,0.00574581776676893,0.0061602649722693106,4.71533594399064e-09
2166,0.012119520402893309,0.0002481577422656637,0.005742624005595724,0.006128733932638015,4.722393904747077e-09
2167,0.012249452564402444,0.00040686901314474,0.005873921472713568,0.005968657251917617,4.8266265199764466e-09
2168,0.012345571908703085,0.0004251278729637067,0.005687501735378934,0.00623293777703172,4.523328723068584e-09
2169,0.012236777139827876,0.0003789754940402147,0.005877188691968284,0.005980607876398941,5.077420435263236e-09
2170,0.012111892045382227,0.0002513499310796319,0.0057516165853974755,0.006108920629061071,4.899844047491448e-09
2171,0.012144510748864147,0.0002544877246700286,0.005730301778872317,0.006159716770308795,4.4750130083689704e-09
2172,0.012306700634921971,0.0004508610215277556,0.00589853149081323,0.005957303482694237,4.639886749906452e-09
2173,0.012316072871802433,0.00043339598794266116,0.005659915117518748,0.0062227570216352385,4.744705784976618e-09
2174,0.012179994078619184,0.0003316146324447585,0.0058362817865842565,0.006012092405033216,5.254556953507657e-09
2175,0.012084980470347284,0.00021279325572925078,0.005795146962245976,0.006077035464836884,4.7875351731162756e-09
2176,0.012197757357233588,0.0003155853600694182,0.005713321710709559,0.006168845880714227,4.405740384221597e-09
2177,0.012339640911504534,0.0005069454712540777,0.005886471112481309,0.005946219524412103,4.803357044976956e-09
2178,0.012274599678315994,0.00039298306937509536,0.005666317007486186,0.006215294934025973,4.667428738230804e-09
2179,0.01211734335488903,0.00026569460524759696,0.005833015610228354,0.006018628139351028,5.000062052724852e-09
2180,0.01210232865176948,0.00024302578051652347,0.00582165561575514,0.006037642155779548,5.099718268061714e-09
2181,0.012252633404996481,0.0003823727436538782,0.005666127363201843,0.006204128468240102,4.8299006587849615e-09
2182,0.012333314504680963,0.0005153122923938473,0.0058892370984937135,0.005928760175244865,4.938548537556342e-09
2183,0.012203856898311471,0.00031702791900429475,0.005706664431261938,0.006180159902384162,4.645661077069343e-09
2184,0.01206936734188361,0.000217967819011,0.005788720361696876,0.006062674065070081,5.096105651392458e-09
2185,0.012157751238293194,0.0003341116160659393,0.0058301673548569475,0.00599346701298933,5.254380977656211e-09
2186,0.012298473964128847,0.0004192900118440322,0.0056583885649492795,0.006220790737841241,4.649494295213341e-09
2187,0.012294363052231107,0.00046660662530832595,0.005892305790275969,0.005935445797466293,4.839180520229663e-09
2188,0.012111835253334457,0.00026020148193653517,0.005716379559301962,0.006135249361685558,4.850410402245099e-09
2189,0.012086254418460039,0.00023423307924936435,0.005727936020367998,0.006124080207141283,5.111701391944604e-09
2190,0.012226943421052412,0.00040642920423372925,0.005867293405288833,0.0059532156950303375,5.116499512432586e-09
2191,0.012314264904379828,0.00043931046129070967,0.005657571400804616,0.006217378525423338,4.516861163971303e-09
2192,0.01220639964581742,0.00038543463791151537,0.0058405473128461,0.005980412873319751,4.821740052079943e-09
2193,0.01207232854755521,0.00024832167466732523,0.005739636838506406,0.0060843651632109105,4.871170567745895e-09
2194,0.012136950972331606,0.00026927439776313483,0.0057053688194776825,0.006162302776712062,4.978378726986839e-09
2195,0.012281050773732158,0.00046484051234522647,0.005875111229547735,0.005941093787860598,5.243978599521485e-09
2196,0.01227296956369978,0.00042975364357917243,0.005641665150535042,0.006201546112586848,4.656998718014916e-09
2197,0.012120261811128954,0.00029001421166893754,0.005805728515960766,0.006024514303167004,4.780332246703612e-09
2198,0.0120669346062583,0.0002418937560742209,0.005789345745837376,0.006035690230529048,4.873817657012962e-09
2199,0.012196161542430412,0.00034973258924576373,0.0056677005754424345,0.006178723419065246,4.958676967185484e-09
2200,0.012324388795803444,0.000512232995573518,0.005863707707954106,0.00594844279742842,5.294847399880495e-09
2201,0.012184662885349062,0.000340052863690835,0.00567069285490717,0.006173912445634571,4.721116485722257e-09
2202,0.012056916401927267,0.00023869790158809109,0.005776124359089458,0.006042089235146644,4.9061030723551954e-09
2203,0.012118342542296124,0.00029874371361412994,0.005804969908240407,0.00601462368799768,5.232443907469782e-09
2204,0.01222829998067949,0.00038434043640540833,0.005649018975799232,0.006194935551620148,5.016854701974866e-09
2205,0.012223926587867591,0.0004326842267787734,0.005856635844777728,0.005934601339481826,5.176829264637115e-09
2206,0.012113181752285882,0.00025893897603999173,0.0057123371981190295,0.006141900459314828,5.1188120322028574e-09
2207,0.012044145868710686,0.00023032030617236345,0.005725946198928159,0.006087874137057645,5.226552519003081e-09
2208,0.012162388133887177,0.0003806408382373731,0.005815584201688117,0.005966157785968658,5.307993029923906e-09
2209,0.012243796294480571,0.00038293068377704765,0.005646304939560443,0.006214555436602966,5.234540115303427e-09
2210,0.012194928810203476,0.0003969027663354965,0.005837075907394287,0.005960944432145526,5.704328167813522e-09
2211,0.01207460838006248,0.00026593663904282363,0.005702845116320408,0.0061058212224904965,5.402208751565711e-09
2212,0.012051218298853424,0.00022812623826398435,0.005710721292370081,0.006112365532777578,5.235441781310289e-09
2213,0.012156467339114742,0.0003563375549804334,0.005817397497536113,0.005982726875715226,5.410882969489054e-09
2214,0.012251214667678832,0.0004220913791256911,0.005639488525082163,0.006189629483000059,5.2804709187406606e-09
2215,0.012202760287392892,0.00041632038041190307,0.005840705640268561,0.005945728649171791,5.617540637569366e-09
2216,0.012086299421533608,0.0002555537601534773,0.005681244255906613,0.006149495929616141,5.475857377881175e-09
2217,0.01203386122422038,0.00023844290593334378,0.0057079232538187865,0.006087489583807484,5.480660765283572e-09
2218,0.012132153427545311,0.000354017606534766,0.0058120924095353835,0.005966037969123748,5.442351413867672e-09
2219,0.012257128844634958,0.0004083853413771545,0.005632015757160784,0.006216722509892525,5.236204493499291e-09
2220,0.012239222428307026,0.00046682087029962187,0.005830465170068283,0.0059419306096543684,5.778284754083077e-09
2221,0.012109335709957697,0.00031201382689820777,0.005653593470327001,0.006143722960740112,5.451992376971236e-09
2222,0.012020048319207754,0.00021282693454561147,0.005723443938628233,0.006083772084792857,5.3612410540436525e-09
2223,0.012107868602004768,0.00031950304316087283,0.005795499344248676,0.005992860657698986,5.556896232474677e-09
2224,0.012234652124150484,0.00042490730535024246,0.005614853891804563,0.006194885524166743,5.4028289338388915e-09
2225,0.012246795475704413,0.0004770963428617221,0.005829343524476727,0.005940349929403658,5.67896230628589e-09
2226,0.01210371742928023,0.00028350027032474816,0.005652135103199905,0.0061680766273469285,5.428408646547996e-09
2227,0.012020425475147034,0.00024247037325626092,0.005716237573977996,0.006061711920227023,5.607685754026239e-09
2228,0.01210083589307546,0.00033408502071299585,0.00578909530763754,0.005977649926852422,5.637872501834587e-09
2229,0.012251686711786688,0.00042096830158284786,0.005605872755496216,0.006224840462471752,5.192235871440757e-09
2230,0.012231139620478516,0.0004756610852834146,0.005823716712423691,0.005931756338113843,5.484657567422937e-09
2231,0.012073951796735956,0.0002873581299985232,0.005655571958334921,0.006131016407905901,5.3004966105032795e-09
2232,0.012018450942098064,0.00022015093779440359,0.005695340581149911,0.006102954090166292,5.332987458006347e-09
2233,0.012127041583548487,0.0003661773429630132,0.005787568384523734,0.005973290336924326,5.519137413326376e-09
2234,0.012257029094921225,0.00046485116796325015,0.0055861758265164565,0.00620599673066164,5.369779879560781e-09
2235,0.012193793219094277,0.0004272408288076982,0.005810016256896019,0.0059565304831065745,5.650283984635423e-09
2236,0.012028025267758011,0.00022941164663542438,0.005681806078788331,0.006116802372030513,5.170303742210035e-09
2237,0.012042667686254262,0.00027444004092718057,0.00566143811345843,0.006106784303265178,5.228603474634238e-09
2238,0.012198424397372808,0.00045167645812631415,0.005800171328611596,0.005946571033223071,5.577411826324241e-09
2239,0.012245831005689963,0.00042803872616087085,0.005600873480740595,0.0062169136945029275,5.10428556969222e-09
2240,0.012103404892624903,0.0003556409878282605,0.005788496296189646,0.005959262048907084,5.559699912568102e-09
2241,0.011992183594214383,0.00023210237297594856,0.005701937581385903,0.006058137957840276,5.682012256679863e-09
2242,0.012116788606773963,0.0003189895613364671,0.005618804795633217,0.006178989105407331,5.144396948444136e-09
2243,0.012240964730493173,0.0005016999800527876,0.005823098526055693,0.005916161046683465,5.17770122828055e-09
2244,0.012162038997844118,0.00038260241625420993,0.005608546365255687,0.006170884974357462,5.241976761431852e-09
2245,0.012009411901571194,0.0002422215170284837,0.005725326490188159,0.006041858388812134,5.505542417760769e-09
2246,0.01204072849634067,0.00028518108068121694,0.005754352746924179,0.006001189593616796,5.075118477854792e-09
2247,0.012192650277352593,0.00041630952195525193,0.005588523422718082,0.006187812394358983,4.938320277869851e-09
2248,0.01223006094767632,0.0004933507333015447,0.0057950142287486435,0.00594169035702191,5.628604221449231e-09
2249,0.012039279251333957,0.00025682948037360827,0.005648001727373547,0.00613444298644912,5.05713768067945e-09
2250,0.0120084345484742,0.0002497077050488514,0.005677705938131392,0.00608101594681946,4.958474498124139e-09
2251,0.012150520763178773,0.0004180576436431304,0.005779230748349842,0.005953226942817694,5.428368108256926e-09
2252,0.01222070206970806,0.0004320682548194538,0.005580372634541903,0.006208256148085621,5.032261083473415e-09
2253,0.012092976491145283,0.00035881332808337913,0.005781230692598697,0.005952927423269043,5.047194163066127e-09
2254,0.011968652229749957,0.0002137137829728145,0.005697341666252373,0.0060575916412715855,5.139253184926923e-09
2255,0.01209883768388765,0.00032486922650088867,0.005595361603789767,0.006178601558981405,5.294615590465205e-09
2256,0.012206351703865062,0.000493591239324074,0.005789958024398219,0.0059227971720297815,5.268112987198098e-09
2257,0.012131640185790302,0.0003621608633237634,0.005612112476776061,0.006157362240265877,4.605424600608278e-09
2258,0.011985927970311578,0.00022889615611186746,0.0057145671582976,0.006042459622749974,5.033152135642453e-09
2259,0.012021366456908574,0.00029432528474160054,0.005722365640495096,0.006004670151752734,5.379919144161117e-09
2260,0.012173708375716718,0.00041595680234294684,0.005574856642337076,0.00618289010446927,4.826567425950897e-09
2261,0.012190969002477941,0.00045654715371959957,0.005798926782892631,0.005935490190920544,4.8749451670721895e-09
2262,0.012023845281953018,0.0002617733878438953,0.005634088742779635,0.006127978209214988,4.942114499112073e-09
2263,0.011988140043461121,0.00026189703065673066,0.005651486346663433,0.006074751368461091,5.297679868034795e-09
2264,0.012119068211450385,0.00039684283361123696,0.005769315190587625,0.005952904877920875,5.309330648360141e-09
2265,0.012208680242652165,0.00042309442993771146,0.005575696526159384,0.006209884483052978,4.803502091560947e-09
2266,0.012095415002175348,0.00039122441745512854,0.005762450465063738,0.005941734999367533,5.120288949858148e-09
2267,0.01195589233392587,0.00023065436725071975,0.005668065305003721,0.006057167653680453,5.007990977446511e-09
2268,0.012062892517692098,0.0002964056641825558,0.005607585917470632,0.0061588960668699415,4.869168968564268e-09
2269,0.01218210570968578,0.0004738723056365666,0.005789456346511137,0.005918771796950574,5.260587501525676e-09
2270,0.012145709367675749,0.0004052204340586615,0.005580392354588337,0.00616009138344945,5.195579299755459e-09
2271,0.01199003853484924,0.0002613741838188759,0.00571033950089106,0.006018319598491877,5.251647425340724e-09
2272,0.011980654347387674,0.0002524772837867538,0.005713803779144479,0.006014368370729362,4.913727079987321e-09
2273,0.012140886830721396,0.0004017822883998939,0.005574356466109465,0.006164743105710375,4.97050166177243e-09
2274,0.01219226279620662,0.0004924667202450133,0.005779328198077342,0.0059204621006163785,5.777267886754848e-09
2275,0.012045925025878076,0.00029005796893812535,0.00561660687408497,0.006139254984776919,5.1980780610896115e-09
2276,0.011961545623040117,0.0002392511591992531,0.005682091415295605,0.00604019815096958,4.897575678137979e-09
2277,0.012062507951962384,0.00036630288834389144,0.005746940812601491,0.005949258930471963,5.320545039741759e-09
2278,0.012201770624172931,0.00045011149645055997,0.00554439807743483,0.006207255614284185,5.436003356497489e-09
2279,0.012090843365069819,0.00039331745696354195,0.005764029879653678,0.005933490485688772,5.542763826531682e-09
2280,0.011962563687779848,0.00023830524097437613,0.005665238901722354,0.0060590144899962005,5.055086916610923e-09
2281,0.012000555509745431,0.0002618556370160377,0.00560828741834489,0.006130407251548394,5.202836108299475e-09
2282,0.012153447942450182,0.00046926610717900724,0.005752516266039991,0.005931659851586258,5.71764492547315e-09
2283,0.012138284009685111,0.00041082429682331756,0.005566231940447796,0.006161222607172443,5.165241555597082e-09
2284,0.011989669574360722,0.00027514797525623856,0.0057301315095149765,0.0059843849122869965,5.177302510287716e-09
2285,0.011945610887890932,0.00023145125149417675,0.005690369671139681,0.006023784656434328,5.308822746350065e-09
2286,0.012084332664488818,0.00036950119114044977,0.005570837794296215,0.006143988300715085,5.3783370669026725e-09
2287,0.012157330282762351,0.00047229642475564725,0.005774551793011565,0.0059104763113644355,5.75363070170922e-09
2288,0.012069814862885385,0.00032144428124692266,0.005592429329553895,0.006155935773425844,5.478658723292283e-09
2289,0.011931898341785147,0.00023931854392193354,0.005676937820851935,0.006015636287977701,5.689033577504285e-09
2290,0.011992274958185301,0.000317705084135251,0.005708738857832069,0.005965825400685391,5.6155325889848506e-09
2291,0.01213234690115558,0.00039308561786845995,0.0055558942406232666,0.006183361851576369,5.191087483487438e-09
2292,0.012122731315818251,0.00043388068653444744,0.005770855445762473,0.0059179895668481815,5.6166731491703155e-09
2293,0.011988935380441722,0.0002825023185451388,0.005609122832706154,0.006097304646822159,5.582368271021314e-09
2294,0.011923499708517473,0.00022085654030680024,0.005630607889612154,0.006072029793378524,5.485219995509787e-09
2295,0.012040173058650785,0.0003585522888557258,0.005725091692080588,0.005956523767091513,5.310622959416523e-09
2296,0.012136548035717938,0.0004205938681813237,0.005551364704051997,0.006164584170902891,5.292581725768605e-09
2297,0.012085741420910238,0.0004084373874472837,0.005747944623084407,0.005929353134340569,6.276037977175043e-09
2298,0.011938364583643734,0.00022774109951128178,0.005620461730364035,0.006090155871697603,5.882070812751546e-09
2299,0.011947639795000173,0.00025372006140171144,0.0056226160846544505,0.006071298358676127,5.2902678832672925e-09
2300,0.012070677052628891,0.0004022307671188339,0.005745879582636611,0.005922561246070776,5.456802672047568e-09
2301,0.012152476643316491,0.0004291499989276917,0.005546523645497843,0.006176797461142991,5.537747964658548e-09
2302,0.012045663314635203,0.00038197902910837045,0.005743669611311337,0.005920008601327604,6.072887891803301e-09
2303,0.01190944866826577,0.00021745068621723822,0.005636868634091417,0.006055123475642985,5.872314130544158e-09
2304,0.011974811247027673,0.0002691682170258091,0.005584255967263917,0.006121381317063716,5.745674230023349e-09
2305,0.012088354477439472,0.0004375359355651565,0.005740246302805146,0.00591056641448919,5.824579980413871e-09
2306,0.012103485917051227,0.0004057251374885617,0.005558809104257759,0.006138946367520565,5.307784340295105e-09
2307,0.01199283096876068,0.0003047547800627105,0.005710907410963698,0.0059771630386650345,5.7390692377416125e-09
2308,0.01190037571752469,0.00022623345299437107,0.005652788185015144,0.006021348203104547,5.876410629029186e-09
2309,0.012007133294499083,0.000328955715616422,0.005588491722603171,0.0060896802965576995,5.559721791244192e-09
2310,0.012128853418474273,0.00045751850656812026,0.005769632404083818,0.005901696925842588,5.581979746059871e-09
2311,0.012087841916548348,0.000378942159873317,0.005562554895980479,0.006146339529553564,5.331140989324269e-09
2312,0.011956404563772333,0.00031449990713508226,0.005700053225729173,0.005941845662168294,5.768739783001619e-09
2313,0.01190429586792602,0.000240822224982291,0.005678762579696189,0.005984705442942347,5.620305192447147e-09
2314,0.012052405454815712,0.00034029468286954763,0.005574740387222159,0.00613736508731898,5.2974050259227265e-09
2315,0.012129144601049913,0.0004887482369961431,0.005772302468997901,0.005868088284012347,5.611043522443502e-09
2316,0.012051379107448175,0.0003820665685458643,0.005570298391280237,0.006099009012306175,5.135315897634845e-09
2317,0.011917253408976636,0.0002429796865720065,0.005680424779193886,0.005993843801182998,5.1420277447217485e-09
2318,0.011921869357006605,0.00025588359148361793,0.005697309109553753,0.005968671370104264,5.285864970222758e-09
2319,0.012073125352435302,0.0004052239126383991,0.005566026862056645,0.006101869252336911,5.325403346163557e-09
2320,0.012118307344519632,0.0004787072090381606,0.005769516455808026,0.005870078144663732,5.535009712821977e-09
2321,0.01201233478528773,0.00031529511925370635,0.005584646028129349,0.006112388772093019,4.865811656668793e-09
2322,0.0118838737575104,0.00023380976927012028,0.005663092734302269,0.005986966133559582,5.120378428225955e-09
2323,0.011973386227473164,0.00034617186906973164,0.0057217802063889624,0.0059054285308141104,5.621200359870965e-09
2324,0.012103801286994523,0.00041108361312983366,0.005553739713131853,0.006138972793259096,5.1674737409421635e-09
2325,0.012078287608665679,0.00042927265967382605,0.005760939743275492,0.0058880702118773165,4.993839044529418e-09
2326,0.011922523435011713,0.0002738877295439971,0.005607812513118588,0.006040818481976889,4.710372239751355e-09
2327,0.011890857050055917,0.00024139340753041123,0.005614350177869489,0.006035108391078551,5.073577465702172e-09
2328,0.012040016538425565,0.0003896711843626345,0.00574549056249597,0.0059048494589393295,5.3326276315159735e-09
2329,0.012088225499293967,0.0004060487045879016,0.00555799358214479,0.00612417844327886,4.769282414780743e-09
2330,0.011983881761975169,0.0003677763854973045,0.005721196135701764,0.005894904194513419,5.046262682886877e-09
2331,0.0118707488420077,0.0002282548532304933,0.0056279548224603465,0.006014534213153675,4.953163185948923e-09
2332,0.011941950621226714,0.0002690014799333981,0.005590801150848001,0.006082143152370119,4.838075194978268e-09
2333,0.01207817896866163,0.00045382731303145077,0.005764147978389606,0.005860198411228631,5.266011943231222e-09
2334,0.012051438534256324,0.00039553292131809325,0.005543427105277598,0.006112473472783757,5.034876876243297e-09
2335,0.011916560749634259,0.000282078568629721,0.005679940565073827,0.005954536642981869,4.972948842034234e-09
2336,0.011870568441832829,0.00023336074403347424,0.005667916808380822,0.005969286283283511,4.6061350220433956e-09
2337,0.01199644579795357,0.0003465203910050657,0.005561164951325502,0.006088755752720352,4.702902650891126e-09
2338,0.012103320309151904,0.00048772132002632276,0.005738073194283492,0.005877520474020934,5.3208211548117305e-09
2339,0.011986682681068095,0.00032677809246776056,0.005551971605149973,0.006107928389203077,4.5942472825474146e-09
2340,0.011870081543458935,0.00024506818816586975,0.005660009919408972,0.005964998886751945,4.549132146817259e-09
2341,0.01190404247106664,0.0002876683649790618,0.005685129703749316,0.005931239401320026,5.001018235741158e-09
2342,0.012057541970338658,0.0004015494544027059,0.005525732006983581,0.0061302556258983985,4.883053973461488e-09
2343,0.012050425428462122,0.0004447820318931118,0.00573679201252397,0.005868846541003766,4.843041275830728e-09
2344,0.011905849873094974,0.0002689749259611054,0.005577519400408436,0.006059351052604792,4.494120641863418e-09
2345,0.011852790835788836,0.00021925768167481777,0.00559810175256491,0.006035426544547512,4.8570015967906e-09
2346,0.01196292430536257,0.00035932731917195167,0.005698226811711617,0.005905365235898319,4.938580681173108e-09
2347,0.01206167081326957,0.0004199191658308208,0.00552586649977031,0.006115880912384278,4.235284161519517e-09
2348,0.01199572561905805,0.00038645358255803104,0.00570346040100573,0.005905807043822114,4.5916721735606305e-09
2349,0.011850925909950762,0.00023047164393634234,0.0055797450908232306,0.0060407044041256895,4.771065501152336e-09
2350,0.01187983459230253,0.0002632009681592941,0.005576355496104935,0.006040273407910446,4.720127855718734e-09
2351,0.012021807446791183,0.00041635143485334146,0.005721294103415224,0.005884157209467786,4.69905483080879e-09
2352,0.012053244610650386,0.0004096200262989772,0.005506021687219499,0.006137598518007002,4.379124906407902e-09
2353,0.011926937684116002,0.0003470733875625615,0.0056725423054805445,0.0059073171381158005,4.8529570953610405e-09
2354,0.01182084239683813,0.00021170607322952814,0.005621975378830069,0.005987156216657024,4.7281215084760545e-09
2355,0.011940681918966285,0.0002999752884303333,0.00554495680881694,0.006095745362012829,4.4597061831074976e-09
2356,0.012050676666476428,0.00047983654372054865,0.0057078392728241185,0.005862996215082764,4.634848996219964e-09
2357,0.011999548881744797,0.000390232601064626,0.005504769372182559,0.006104542661433747,4.247063865533005e-09
2358,0.0118628934064344,0.00025025785358251656,0.005643918131973979,0.0059687128881427175,4.5327351880146814e-09
2359,0.011842119382086186,0.00024365590263693661,0.005650305075535081,0.005948153698725861,4.705188306800652e-09
2360,0.011989820337330983,0.0003857086209355002,0.005510124700536804,0.006093982489233632,4.526625045604413e-09
2361,0.012067619330748434,0.0004899325993778933,0.0056969872017663195,0.00588069496623451,4.5633697116599425e-09
2362,0.01191741391551285,0.0002976452941875616,0.005537293262487646,0.006082471297863713,4.060973931215331e-09
2363,0.011826966997127855,0.00024128837269666486,0.005614873878917939,0.005970800172532409,4.572980843698505e-09
2364,0.011914360000610427,0.0003356272509623779,0.0056669818186733485,0.005911745835275517,5.095699183374125e-09
2365,0.01203709651495187,0.00041199544041325953,0.0054919227633852125,0.006133173993011783,4.318141615969236e-09
2366,0.011993010287459464,0.0004306989821887879,0.005698310853356189,0.005863996284003845,4.167910641702796e-09
2367,0.011823951354626319,0.00023733906812816637,0.005563214184719142,0.006023393850768821,4.251010188706479e-09
2368,0.011853438011803205,0.0002522282747343063,0.005543775046531066,0.006057430145034013,4.545503819437419e-09
2369,0.011978965681730933,0.0004157458844967914,0.005686954154445199,0.005876261093603314,4.549185629605157e-09
2370,0.012014970121427998,0.0004148884076344575,0.005493885290685969,0.006106192353347965,4.069759604940456e-09
2371,0.011896589929137101,0.00032247528407674235,0.005646169679499954,0.005927940568080252,4.397480151979507e-09
2372,0.01179416846330027,0.00021677715724801,0.0055935940091788195,0.0059837930798685435,4.217004898637262e-09
2373,0.011914760554537331,0.0003311330528692936,0.005522861247122838,0.00606076222049642,4.0340487784226916e-09
2374,0.01203003411382864,0.00047207912903242513,0.0056880913542691714,0.0058698590493775965,4.581149446435263e-09
2375,0.01196435039728647,0.0003634963496910019,0.005488460187881394,0.006112389429167436,4.430546637457193e-09
2376,0.01181657943428343,0.0002604422340418326,0.005618842004662033,0.005937290888896432,4.306683131067719e-09
2377,0.011832219394842835,0.0002708077173812417,0.005635205055843729,0.005926202534299659,4.08731820420209e-09
2378,0.011992864339507607,0.0003925623094973935,0.00546861755212575,0.006131680327325974,4.150558489753184e-09
2379,0.012000957186268233,0.0004671746280988233,0.00566110819583476,0.005872669604749438,4.7575852119817935e-09
2380,0.011858410525647078,0.0002880438304328655,0.005525982494337134,0.0060443800168008726,4.184076204970721e-09
2381,0.011794932602150535,0.00021195020471726904,0.0055600863038566106,0.006022892122049299,3.971527357843776e-09
2382,0.011906253933825507,0.00036226426305998926,0.0056329240508343455,0.005911061423987946,4.195943226176966e-09
2383,0.01200427686343652,0.0004382939852546434,0.005460201876629218,0.006105776903823444,4.09772921315974e-09
2384,0.011915541124086654,0.0003640261344593861,0.005658929726230754,0.0058925807344028455,4.52899366876285e-09
2385,0.011795735416257362,0.00021704405547634932,0.0055518554200192525,0.0060268314781418445,4.4626199145449375e-09
2386,0.01182698313962893,0.00027744903996804627,0.0055116940003089735,0.006037835782828695,4.316523214637335e-09
2387,0.011963410190605634,0.00044215622356708707,0.005655010452779044,0.005866239245394354,4.268865150800504e-09
2388,0.011984726198890282,0.00039234680418523236,0.005470430279110366,0.006121945182828882,3.932765801879336e-09
2389,0.011828978743151796,0.0002871209985765597,0.00562471657696221,0.005917136729684695,4.4379283310203525e-09
2390,0.011780003433637788,0.00024945902348091616,0.005571790313729931,0.0059587496242923385,4.472134602189431e-09
2391,0.011879964209903966,0.0003133137177952401,0.005475506085048565,0.006091140341357992,4.0657021676396266e-09
2392,0.011987866645226983,0.00045361069685361123,0.005659348979362135,0.005874902843229196,4.12578204016431e-09
2393,0.0119097449721639,0.00035508197247889384,0.005482245495061592,0.006072413448858159,4.0557652559889395e-09
2394,0.011768748432445516,0.00023780659117287638,0.00557520411537952,0.005955733173647447,4.552245673981427e-09
2395,0.011801054895509398,0.00026092716468550535,0.0055878421663664865,0.005952281109962169,4.454495238536899e-09
2396,0.011918962347874328,0.0003589882733149186,0.005471551397539782,0.006088418608285351,4.0687342765266685e-09
2397,0.011972615895999237,0.0004618124144609802,0.005661818243306447,0.005848980724290994,4.513940817280787e-09
2398,0.011852048847323516,0.00029649421543611194,0.005485938371915635,0.006069612010083203,4.249888565939624e-09
2399,0.01174961056369732,0.00021568299059500693,0.00555721666098712,0.0059767067103802226,4.201734970715161e-09
2400,0.011827955740633382,0.000314443259512875,0.005613022108972099,0.005900485924277453,4.447870954582378e-09
2401,0.011959439412622485,0.00040409927662271274,0.005445372565038121,0.006109963169395637,4.401566015946438e-09
2402,0.011945296376988082,0.00043508261759457454,0.0056436180726619775,0.005866591255517603,4.431213928643914e-09
2403,0.011794602023993872,0.0002604041881536368,0.0055007349480877465,0.006033458949390717,3.938361771606126e-09
2404,0.011754212770614513,0.00022308898636945685,0.0055082520078953085,0.006022867586571586,4.189778161666816e-09
2405,0.011883471061339653,0.0003794362243254208,0.005620072850686695,0.005883957421503816,4.56482372228323e-09
2406,0.011960744668132508,0.00041886020546287,0.005452745555759081,0.0060891347812538415,4.125656715542678e-09
2407,0.011844905480269903,0.0003352381258067254,0.005618467281099133,0.005891195860380002,4.212984043260636e-09
2408,0.01173734409289977,0.00022120858285314156,0.005524894174052595,0.005991237153652349,4.182341684120067e-09
2409,0.011812028536493047,0.00029343520026417247,0.005481790928748572,0.006036798236184727,4.171295576880603e-09
2410,0.011950013765399146,0.00044815353756506144,0.005651675696362433,0.005850180056611619,4.474860031456876e-09
2411,0.011910040676095454,0.0003696763255778917,0.005448395291475915,0.0060919648107538435,4.248287805034316e-09
2412,0.011769347961185185,0.0002858225386338938,0.005574243600866332,0.005909277547644571,4.274040386940274e-09
2413,0.011743651943580442,0.0002453122054574887,0.0055664834178411554,0.00593185215332566,4.166956137345084e-09
2414,0.011892760845681074,0.0003550002767104995,0.005448546713578415,0.006089209728894303,4.1264978566718195e-09
2415,0.011954126124453237,0.00048163817971973345,0.005640802915126462,0.0058316804363620234,4.593245018519816e-09
2416,0.011805010019230401,0.00029647505519899233,0.005454153634046615,0.006054377009693471,4.320291323218993e-09
2417,0.0117300902632339,0.00022066948298870255,0.005515170024412232,0.005994246602342432,4.15349053428638e-09
2418,0.011810203264597934,0.0003340100950357748,0.0055962065141379426,0.005879982335082706,4.320341509658128e-09
2419,0.011926681828802776,0.0004197897134925769,0.005421083462686898,0.006085804159872614,4.49275068675379e-09
2420,0.011887652802257048,0.0004012451214395243,0.005599830290260367,0.005886572712674299,4.677882857355401e-09
2421,0.011736633051625022,0.0002376602711821476,0.005492151720993101,0.006006816893464336,4.165985437020863e-09
2422,0.011741819444800993,0.00025719077439175463,0.005466875691529316,0.006017748590926004,4.387953918852683e-09
2423,0.011901861685932187,0.00043252125592158097,0.005593265136856121,0.005876070531392832,4.761761653946164e-09
2424,0.011903422010246642,0.00038792103020757337,0.005427124083098698,0.006088372735637788,4.161302582738945e-09
2425,0.011776986343985172,0.0003097894730489834,0.005579517717037705,0.005887674722176532,4.431721951184956e-09
2426,0.011714046930305385,0.00023853246665351874,0.005506461388458525,0.0059690482940993545,4.781093986974374e-09
2427,0.011789829050281794,0.00029537449841346246,0.00544195734052658,0.006052492653474481,4.557867270459489e-09
2428,0.011921499401864398,0.0004630490412146101,0.005624183752356115,0.005834262047254993,4.5610386795461456e-09
2429,0.011840499265455396,0.0003437706851224797,0.005413434653900851,0.006083289386742966,4.5396890987779215e-09
2430,0.011718347162285914,0.0002601647702960504,0.005517577478881127,0.005940600021256895,4.891851842010624e-09
2431,0.011720492190149106,0.000265289438712804,0.005549258986212629,0.005905939155881049,4.609342622557149e-09
2432,0.011845862174553563,0.00034649083901915615,0.005428343793879111,0.006071023258252351,4.2834029441473585e-09
2433,0.011896009935149736,0.00044787108512836586,0.005585471048063207,0.005862663084555174,4.717402989471596e-09
2434,0.011788260069130708,0.0003303025898979491,0.005417599654769769,0.006040353183712889,4.640750101765583e-09
2435,0.011669117724399597,0.00020576748492887178,0.005498625643199034,0.005964719823255817,4.773015872917109e-09
2436,0.011757851757829773,0.0002911529133634764,0.005555021737285751,0.005911672259573663,4.847606883871525e-09
2437,0.011852476548134363,0.00038352091911273935,0.005400410285199684,0.006068540670147314,4.673674625706811e-09
2438,0.011853815391587925,0.00043181532742967734,0.005569937714456648,0.005852057265651895,5.084049705184174e-09
2439,0.011726189421734461,0.00025251491893663676,0.005434595398761405,0.006039074262707979,4.84132844087193e-09
2440,0.011672324975457232,0.00021303078276394585,0.0054884956745345275,0.0059707936817445925,4.836414166692156e-09
2441,0.011761477581670692,0.0003327853255954515,0.005557034199445521,0.005871653031718839,5.024910880922757e-09
2442,0.01187410714547337,0.0004077304825850933,0.00537414714220092,0.006092224837835814,4.682851542616296e-09
2443,0.011822025027975145,0.000396911253696942,0.005570552096247315,0.005854556845975697,4.832055192443691e-09
2444,0.011691228245008648,0.0002391157568850054,0.005452383720150565,0.005999723868053669,4.899919409084422e-09
2445,0.011672839668365216,0.00022418657935173076,0.005447823283878904,0.006000824632178541,5.172956040769678e-09
2446,0.01176850996999574,0.00035599448904351477,0.005540609469316639,0.005871901094792409,4.91684317721595e-09
2447,0.011863173904162735,0.00041073477759870786,0.005377880566342433,0.006074554203883113,4.356338481186575e-09
2448,0.011811513203179075,0.0003833091464282737,0.0055583307257657056,0.005869868321965081,5.009020015047302e-09
2449,0.011669427477406858,0.0002343742952998999,0.005447086608807573,0.0059879614441420365,5.12915734831102e-09
2450,0.011664628545660053,0.0002387338481171692,0.005443869230153732,0.005982020584406489,4.882982664270418e-09
2451,0.01180737116595871,0.000390698418227101,0.005549636435968773,0.005867031450153705,4.861609130691032e-09
2452,0.011847906435504464,0.0003998892871217622,0.005375645674824672,0.006072366637853959,4.835704069004224e-09
2453,0.011775157104937201,0.0003763784620689771,0.0055551162741259395,0.005843656800004759,5.568737525704933e-09
2454,0.011644793261386148,0.00021258545031553117,0.0054482936329592075,0.005983908972840169,5.205271240084287e-09
2455,0.011677443780807673,0.00025055748733942917,0.005426648908097405,0.006000232620549076,4.764821763647353e-09
2456,0.01180667748196453,0.0004200246288028644,0.005563476502043738,0.0058231711759468155,5.175171113010276e-09
2457,0.011851494797906221,0.00041094696208731875,0.005369606690712107,0.006070935960177859,5.184928938227009e-09
2458,0.011706221366714946,0.0003035767525504112,0.005535056942666766,0.00586758246164759,5.209850180410221e-09
2459,0.011628713557112641,0.00022543237283039914,0.005465324134092836,0.005937952097911088,4.952278318395373e-09
2460,0.011711285834820855,0.00029232180470409465,0.005378897532076859,0.006040061286053457,5.211986444499709e-09
2461,0.011819728538696457,0.0004374516511850567,0.005546720853808465,0.005835550474502796,5.559200140107554e-09
2462,0.011803753234879196,0.0003820460253860118,0.005377867935093005,0.006043834361539116,4.912861062052917e-09
2463,0.01166190547480787,0.0002657933920667317,0.005483554406804821,0.005912552540812913,5.135123404399728e-09
2464,0.011621194680128552,0.0002343697838252212,0.005461037088038211,0.005925782697426711,5.110838408022112e-09
2465,0.011740399997952022,0.0003303316196082292,0.0053775742545634645,0.006032489124427587,4.999352741298026e-09
2466,0.011851389491270162,0.00046611599692236174,0.005540842495953015,0.005844425403429495,5.594965290558827e-09
2467,0.011731270400643838,0.0003259919954730139,0.005358261662449492,0.006047011481974937,5.26074639473809e-09
2468,0.011624625421903482,0.00025320951579714795,0.0054596727572159024,0.005911737868192339,5.280698091971031e-09
2469,0.011653839691543183,0.00026504423838199164,0.005484955862409859,0.005903834160816852,5.429934480330725e-09
2470,0.0117751816941448,0.00036179430712518154,0.005354309946124367,0.006059072103050171,5.337845079303377e-09
2471,0.011816149825092733,0.00046764569047951665,0.005535869222747188,0.005812629286286382,5.625579646603101e-09
2472,0.011667208867571858,0.00027408460382134407,0.005364886228832752,0.00602823294675663,5.088161130146233e-09
2473,0.011594927426867921,0.00020726727026478364,0.005419652058374789,0.005968002874598634,5.2236297154066e-09
2474,0.011703816848951477,0.00034846958337922466,0.0055087190114257445,0.005846622392678429,5.861468078129426e-09
2475,0.011802638878730023,0.0004065697794686584,0.0053259191130874085,0.006070144349804941,5.636369015557246e-09
2476,0.011754275748781781,0.00039230790259235247,0.005495679674960868,0.0058662828343031695,5.33692539131748e-09
2477,0.011618231559567262,0.0002486747326506623,0.0053940523859683336,0.005975499448451714,4.992496553636619e-09
2478,0.011609940388778096,0.00023974454444651672,0.005371757713213682,0.005998432367418646,5.763699250568138e-09
2479,0.01176069038933757,0.00040207915493042543,0.0054968992688920965,0.005861705857348429,6.1081666183584095e-09
2480,0.011785401765982471,0.00039348244499694057,0.005337353023797063,0.006054561299392947,4.997795519301859e-09
2481,0.011656437870213308,0.0003150647591733766,0.005472021663866643,0.0058693462335740534,5.213599233980377e-09
2482,0.011589881332636175,0.00023219745242484383,0.005396259765855044,0.005961418499824797,5.614531490631018e-09
2483,0.011651781575184534,0.0002749894180151512,0.005362186934390008,0.006014599587880855,5.6348985205338624e-09
2484,0.011782404116337901,0.00043836043658769666,0.005521911997611232,0.005822125777076248,5.9050627237548156e-09
2485,0.011754706193289747,0.00037782101979126376,0.00530355439695899,0.006073325228853049,5.547686443234417e-09
2486,0.011604651547337492,0.00027605089070359277,0.005431969227747521,0.005896625903545131,5.525341247709141e-09
2487,0.011584742976360795,0.0002433419709069157,0.005441572411245015,0.005899823201903754,5.392305109580084e-09
2488,0.011717036745862353,0.00033268593366119614,0.005327430534978897,0.0060569146899051365,5.587317122484347e-09
2489,0.011777496661582208,0.0004554778823359595,0.005491139502722976,0.005830873124024496,6.152498776660709e-09
2490,0.011688385524820278,0.0003449300038950124,0.005322303335702199,0.006021146796275127,5.388947939469306e-09
2491,0.011568809816313523,0.0002218019824770859,0.00540400485874985,0.005942997684650473,5.290436114214602e-09
2492,0.011602050627638218,0.00026620513663907363,0.005446247213526054,0.00588959257049135,5.706981740711701e-09
2493,0.011742694246554572,0.0003965404462094426,0.005315011353562492,0.006031136516443046,5.930339591120606e-09
2494,0.011746674626175848,0.00042782896794195846,0.005481928616748967,0.005836910826390396,6.215094527323614e-09
2495,0.011619172525547002,0.0002615687211670382,0.005342191080665519,0.0060154073022507205,5.421463726363439e-09
2496,0.011559178359243851,0.0002332663991655272,0.005396265297349384,0.005929641095752455,5.566976486110347e-09
2497,0.011652857775305094,0.000344147839238057,0.005457510178296343,0.005851193489524147,6.268246547423832e-09
2498,0.011751580347567266,0.0003936884058102958,0.005293309237986011,0.006064576854863146,5.848907813916466e-09
2499,0.011710559749407792,0.00039915185189276655,0.005490267954216976,0.005821134094715105,5.848582944763834e-09
2500,0.01155112863710417,0.00022145754249471876,0.005359585888762761,0.005970079300962833,5.9048838571365255e-09
2501,0.011573472083428337,0.00024404177609194073,0.005346558889774443,0.005982865292876061,6.124685892233112e-09
2502,0.011667070107830914,0.0003666495603843816,0.005472376653005258,0.005828037994856641,5.899584634241755e-09
2503,0.01172027482174503,0.0003806871916892678,0.005301300767202041,0.006038281416617546,5.446236175085629e-09
2504,0.011633331441284884,0.0003228032712260573,0.0054368928318117285,0.005873629063362996,6.27488410259032e-09
2505,0.011526509500814583,0.00021802167899446657,0.005380352571658425,0.00592812888558191,6.364579782395047e-09
2506,0.011597886494040812,0.00027623067885588473,0.005345763095237553,0.005975886940536014,5.7794113607099305e-09
2507,0.011722511419933166,0.00041635350885337567,0.005478314956170738,0.0058278371525664965,5.802342556245428e-09
2508,0.01168231769958923,0.0003570257663385911,0.005290975441354424,0.006034310595568456,5.896327757079407e-09
2509,0.011570521919449782,0.00028943826549432253,0.005427358407444571,0.005853718662201228,6.584309661852906e-09
2510,0.011522753903530605,0.0002160762986737753,0.005408515863452069,0.005898155358808175,6.382596585680794e-09
2511,0.011637876126721496,0.0003071780889953516,0.005313534637777366,0.006017157566280785,5.833667992881665e-09
2512,0.011726989552897612,0.0004594368611541955,0.00548114505022495,0.005786401440158792,6.201359674422748e-09
2513,0.011643523932995552,0.0003370198316401056,0.00529372903138165,0.006012768783174603,6.286799193190876e-09
2514,0.011534242562319856,0.00022993759313030766,0.0053997551317281935,0.0059045432885073785,6.548953976671879e-09
2515,0.011542660859933926,0.0002565749515279831,0.005427642219403353,0.005858437362815922,6.326186668385951e-09
2516,0.01165421199382659,0.000356740359171617,0.005289683462487316,0.00600778198838766,6.183779996050413e-09
2517,0.011742651629818066,0.00047358210881565544,0.0054554147092434335,0.005813648138638186,6.673120790094269e-09
2518,0.011590871558219236,0.00028689469115762733,0.005321940539038352,0.005982030164643594,6.1633796618968075e-09
2519,0.011511755237197895,0.00022626381285925236,0.005406458335426993,0.005879026616519424,6.472392226401098e-09
2520,0.011570523007409803,0.0002944440862137817,0.0054253753060388,0.005850696664358857,6.950798365515677e-09
2521,0.011679282553790608,0.0003856198056207527,0.0052726677322839765,0.006020988671772994,6.344112885278049e-09
2522,0.011681718126759185,0.0004312413345737234,0.005477159472416313,0.005773310965242181,6.3545269680849105e-09
2523,0.011535614748268022,0.00024119497414370645,0.005332395970452408,0.005962017272415035,6.5312568722479175e-09
2524,0.011491656955112135,0.00021137944771767143,0.005348438726288593,0.005931831583005348,7.198100521406754e-09
2525,0.011599408690527085,0.00035692297416651327,0.00543821042869607,0.005804268227930716,7.059733787557369e-09
2526,0.01167525519041338,0.0003870302540731511,0.00527126682298031,0.006016951968586524,6.144773394450144e-09
2527,0.011647082315902016,0.00038376884753359755,0.005440584501212497,0.005822722347638001,6.619517919427766e-09
2528,0.011492398343008577,0.00023037530693436492,0.005339395211813854,0.005922620933491489,6.890768868659667e-09
2529,0.011502955607276514,0.0002462660605946723,0.005329672095285947,0.00592701036503697,7.086358925235453e-09
2530,0.011643956386454293,0.00039240120848626895,0.005439699579360289,0.005811848453204904,7.14540283178399e-09
2531,0.011662030116704372,0.00038014080270743487,0.005272520044400308,0.006009362648856483,6.620740147954741e-09
2532,0.011574194402436636,0.0003452723844459935,0.005433527857886054,0.0057953868293400095,7.330764578404399e-09
2533,0.011458054261345857,0.00020606796965514903,0.005341437037781408,0.00591054189501292,7.358896379582258e-09
2534,0.011534833976892618,0.00026638710366910865,0.005290825516797439,0.005977614382443949,6.973982123129611e-09
2535,0.011655976342244063,0.000434407850948153,0.005453306193318517,0.005768254987986164,7.309991228870948e-09
2536,0.011634376597315726,0.00037789699732817297,0.0052540643098382325,0.0060024082146855375,7.075463783826124e-09
2537,0.011513327814196794,0.00027684638844063136,0.005372601931330353,0.0058638723086870135,7.185738794806849e-09
2538,0.011463997578436603,0.0002306416379843702,0.005362543420868044,0.005870805699896735,6.8196874523917965e-09
2539,0.011560343065256848,0.00031242242762866325,0.005267416953654143,0.005980496392566216,7.291407827217302e-09
2540,0.011687783922156319,0.00046855619027655836,0.0054144528170188685,0.00580476653781615,8.377044739752828e-09
2541,0.011568534580896149,0.0003216078407949498,0.005257733956583489,0.005989185790821361,6.992696348984413e-09
2542,0.011464925096730258,0.0002474033363172516,0.005364359124389993,0.005853155868100951,6.767922062208323e-09
2543,0.011481639849484762,0.00026147663860583685,0.00536433313661874,0.005855822446374314,7.627885872246182e-09
2544,0.01160739458861718,0.00036089824810547547,0.005236622034796057,0.006009866325056357,7.980659289236631e-09
2545,0.011639014741923475,0.0004391938074412608,0.005433013005538261,0.005766799883681234,8.04526271987847e-09
2546,0.011490016846131983,0.00025802295931390154,0.005261424387522096,0.005970562424576902,7.0747190832843055e-09
2547,0.011440527250533947,0.00022378987850687207,0.0052826391152519785,0.005934090753503135,7.503271961698388e-09
2548,0.01151549308816941,0.0003254895147079216,0.0053740566658081555,0.005815938691253353,8.216399979521867e-09
2549,0.011618329363353806,0.00038491687812293186,0.0052300863997261,0.006003318336254467,7.749250307625936e-09
2550,0.011595504011379603,0.0003906706116509996,0.005380424568759022,0.005824400829208039,8.0017615434784e-09
2551,0.011439650439664818,0.0002362081200717294,0.005267866986623155,0.00593556794260207,7.390367862739471e-09
2552,0.011443677396986424,0.0002461806611411327,0.005283324002069015,0.005914165163174514,7.570601762467812e-09
2553,0.011573590814326282,0.0003765863756781862,0.005388553115307349,0.005808442815102652,8.508238095222834e-09
2554,0.011607804632291498,0.00038213143898232517,0.005215340899383399,0.0060103240926003354,8.201325438607192e-09
2555,0.011525031509015122,0.00035711840807628746,0.005379460364252825,0.005788444349641148,8.387044862952093e-09
2556,0.011396666934390417,0.00020196031351147047,0.005295092524604862,0.00589960640277547,7.693498614795187e-09
2557,0.011480075567187008,0.0002640951355778233,0.005247294213643332,0.005968678567859254,7.650106599725255e-09
2558,0.01159385908292054,0.00043035932924912927,0.005400658719070549,0.005762832392686245,8.641914616382575e-09
2559,0.011578674955298742,0.0003838287203386261,0.005205592076898966,0.005989246056078668,8.101982481930299e-09
2560,0.011476355861004567,0.0002924336108271586,0.005329306755181017,0.0058546075271533275,7.967843062601611e-09
2561,0.011390609882696523,0.0002103797863171119,0.005318253244691306,0.005861969235951962,7.615736142520148e-09
2562,0.01151404944697761,0.0003314321965163252,0.005239557123971381,0.005943052205388105,7.921101798777777e-09
2563,0.011617092544108545,0.00045488454696849216,0.005382613616389762,0.00577958564109999,8.739650302249508e-09
2564,0.011534229392831781,0.0003326040204797475,0.005221763083888645,0.00597985462890678,7.659556608313724e-09
2565,0.01141409368330996,0.0002553598113036932,0.005339750017290085,0.005818975690535994,8.1641801898919e-09
2566,0.011423107262192944,0.0002683070386743761,0.005330970157142769,0.00582382116035092,8.906024878649444e-09
2567,0.01155548683561362,0.0003627028312878528,0.00520117398517418,0.005991601914375281,8.104776304679581e-09
2568,0.011586448332654048,0.0004388729998040712,0.005400301747540593,0.0057472653717108415,8.213598541922082e-09
2569,0.011441829986198256,0.0002735820051079955,0.005233506039720265,0.005934733512422347,8.428947647110965e-09
2570,0.011394255462837084,0.00023018749369767483,0.005260487196268206,0.005903571681085923,9.091785279910273e-09
2571,0.01144105791505232,0.00029348153447495817,0.005344615500439683,0.005802952521417913,8.358719764284671e-09
2572,0.011566431085204859,0.0003966941389307714,0.005206019072247689,0.005963710447593444,7.426432955287415e-09
2573,0.011534679947424865,0.00039670545799721135,0.005347380909852765,0.0057905847844469775,8.79512791323939e-09
2574,0.011395685399063514,0.00023653274628903693,0.005235255379102057,0.005923888309349518,8.964322902735614e-09
2575,0.011391829676890435,0.00024069104535589668,0.005281465154189955,0.005869665050937937,8.426406647726236e-09
2576,0.011483181610030625,0.0003451851174898836,0.005361600247467462,0.005776387868495774,8.376577505529119e-09
2577,0.01158092806081318,0.0004142435916987928,0.0051660491156962154,0.0060006269902266075,8.363191564820687e-09
2578,0.01147680660084665,0.00036118605098455587,0.005351502569779659,0.005764108476228258,9.503854176675887e-09
2579,0.01136047117900199,0.0002178245823941227,0.005271590662279357,0.0058710470333032125,8.901025298348044e-09
2580,0.011409757348371682,0.0002497199577723514,0.00521567816165884,0.005944350835130718,8.393809771659554e-09
2581,0.011509974279995965,0.0003988039943389282,0.005340266956566221,0.005770894614301023,8.714789791950667e-09
2582,0.011551728611747542,0.00041392398913770974,0.00517906962414755,0.005958726780386316,8.218075966495581e-09
2583,0.011438061110274369,0.0003062376043519863,0.0053200404591294105,0.005811774114344032,8.932448939410108e-09
2584,0.011338528176194726,0.000200679488509232,0.0052571552169055225,0.005880684643057252,8.82772271869073e-09
2585,0.011432763912779292,0.00031318423785688684,0.0052146793321322035,0.005904891563163644,8.779626557208089e-09
2586,0.011527836811668104,0.0004274863743549449,0.005356416515016996,0.005743924552661158,9.369635005910978e-09
2587,0.011545442077381722,0.00038795523032426394,0.005179756767260906,0.005977721508144611,8.571651942105939e-09
2588,0.011384132398984611,0.0002732435725874611,0.005337047309347044,0.005773832311667829,9.205382275477278e-09
2589,0.01134005113580541,0.00023825279554611875,0.005288367770397579,0.005813421192046971,9.37781474208915e-09
2590,0.011462646239326631,0.0003303564837881585,0.005171596790473599,0.005960684183668201,8.781396671466309e-09
2591,0.011526822344039242,0.00042572812822927334,0.0053575177352649375,0.005743567513867396,8.966677635469063e-09
2592,0.011466790246253347,0.0003449971887006482,0.005200936754629599,0.00592084755165217,8.751270927558705e-09
2593,0.011333526681499286,0.0002309358501259743,0.005259786891238514,0.005842794158904319,9.78123047904088e-09
2594,0.011353560083673277,0.00025293751783644674,0.0052740435683858765,0.005826569707199756,9.290251198083977e-09
2595,0.011479220536686376,0.0003597458762791735,0.005189627186565154,0.005929839186475951,8.287366096947943e-09
2596,0.011508653451103691,0.0004203915354656601,0.005352169997681634,0.005736082465681739,9.452274658337286e-09
2597,0.011420713073753336,0.0003051828053218214,0.005175665383248676,0.00593985553979544,9.345387398251788e-09
2598,0.011310530221759029,0.0002218695925806769,0.005266602570058561,0.005822048887200403,9.171919389072827e-09
2599,0.011379840119983614,0.00029391025249192703,0.005325654123199999,0.00576026645566239,9.288629297163057e-09
2600,0.011513591207012118,0.0003891790217306723,0.005153916690536503,0.005970486010202255,9.484542687930012e-09
2601,0.011490985314723815,0.00042028473871796044,0.005333321426249819,0.005737368765399386,1.038435665132176e-08
2602,0.011363913925579635,0.0002747695706852466,0.005205000584294367,0.0058841348733305555,8.89726946554913e-09
2603,0.011312520395281968,0.0002124380508304398,0.005217170481202145,0.005882902933748464,8.929500918154375e-09
2604,0.01139059571896637,0.0003126964936791241,0.005296563109422886,0.00578132598479237,1.013107199001014e-08
2605,0.011486724242046567,0.00039739017543146115,0.005161741487862701,0.005927582530721493,1.0048030911990425e-08
2606,0.011389559617038782,0.00031768009059626485,0.005308407938370315,0.005763461816069777,9.77200242652328e-09
2607,0.01131291180799521,0.00021955461818430846,0.0052133204528181975,0.0058800275243687935,9.212623910607455e-09
2608,0.011326396535638352,0.00025045513372709153,0.005210188611299949,0.00586574280897976,9.981631552132836e-09
2609,0.011438322558358532,0.0003843296577637196,0.005332673975058076,0.005721307787836716,1.113770002052226e-08
2610,0.011477014544960144,0.00037593399238855827,0.005148774685618055,0.005952295989545957,9.877407573002346e-09
2611,0.011350625648329627,0.00028963573626015365,0.005312605072837034,0.005748375339979875,9.499252564521197e-09
2612,0.011283611487933833,0.00022544712242523386,0.005254052261915947,0.00580410236769078,9.735901871737464e-09
2613,0.011348704301888243,0.0002688264098041908,0.005176336101370668,0.005903531610801755,1.0179911629297724e-08
2614,0.011442698264579372,0.0003872906418469312,0.005330794959829375,0.005724602557337719,1.0105565348439844e-08
2615,0.011445787392410502,0.0003731873992611901,0.005168071864781945,0.005904519176290899,8.952076468701187e-09
2616,0.011326472607274398,0.00027838368632906324,0.005276078464229408,0.005772000588296359,9.868419567500508e-09
2617,0.011264060302286643,0.00020642210760269124,0.005233628909678551,0.0058239988243110495,1.0460694351623083e-08
2618,0.011350156464011956,0.000285463174155398,0.005204597378047517,0.00586008579338597,1.0118423069836876e-08
2619,0.01143948438024133,0.0003986723128906569,0.005338327306805486,0.005702474551436125,1.0209109061134298e-08
2620,0.011455405532635583,0.00038974887905995323,0.005132872546551889,0.005932774522479057,9.584544686247394e-09
2621,0.011321355101077565,0.0002933253034398255,0.005306766306158256,0.005721253149322666,1.034215681609237e-08
2622,0.011250347317492897,0.0002017553970129913,0.005264398030783108,0.005784183397810206,1.0491886591821853e-08
2623,0.011348311405866894,0.0002823095739029352,0.005170062516010449,0.005895928948703515,1.0367249994981462e-08
2624,0.011445525628031862,0.0004316822017760637,0.005329385996434368,0.005684446810617645,1.0619203785355228e-08
2625,0.011426814121837483,0.00038335947639213375,0.005139589940425617,0.005903855106842642,9.598177091478054e-09
2626,0.011325192039166022,0.00028494975191092724,0.0052636310421986555,0.0057766007893554,1.0455701038979022e-08
2627,0.011238092456819946,0.00020580862035855972,0.00524408248532211,0.005788190460467348,1.0890671928135155e-08
2628,0.011349646331921823,0.0003183667526047825,0.005164216347231287,0.00586705291360681,1.031847894300277e-08
2629,0.011472689975993147,0.0004561243786474795,0.005308314851383867,0.005708240551982292,1.0193979508829965e-08
2630,0.011394541987937441,0.0003472949044664394,0.00514452486470983,0.005902712553329364,9.665431807444943e-09
2631,0.011278746302797574,0.00026879596697886265,0.005281862315159422,0.005728076676354035,1.1344305255427345e-08
2632,0.011255829780790788,0.00024053242713076566,0.005242576880672014,0.005772708972150514,1.1500837493920599e-08
2633,0.011376018023431288,0.00033717371726015266,0.005135317880594858,0.005903516585468972,9.840107305032463e-09
2634,0.011451889125264736,0.00045491748352141154,0.005343614432697112,0.005653346892779348,1.0316266864688449e-08
2635,0.011324965408838828,0.0003017028318533114,0.005139727987828514,0.0058835237859703035,1.0803186701855814e-08
2636,0.011234878927986023,0.00022156018496563063,0.005193663756388793,0.005819643702221906,1.1284409692352151e-08
2637,0.011297569533276926,0.00030117789281754507,0.005269830851715297,0.005726550277908645,1.0510835437762723e-08
2638,0.011389790601781786,0.00036982041327183205,0.005106806072548165,0.0059131539846581154,1.0131303673192147e-08
2639,0.01143623220911028,0.00044285263095953693,0.00524846089261583,0.00574490677791375,1.1907621163912376e-08
2640,0.011249257358684607,0.00024241690066405795,0.005151979331479325,0.005854850097768176,1.1028773047218376e-08
2641,0.011238021784575626,0.00023611885505569306,0.0051895312704144545,0.005812361082709155,1.0576396322510728e-08
2642,0.0113484202591726,0.0003582296330331194,0.005249490054970099,0.005740689163284293,1.1407885087270087e-08
2643,0.011400580306176758,0.0003926615917613261,0.005093535543377838,0.005914372063648555,1.1107389038333018e-08
2644,0.011319098987748254,0.0003427907031635408,0.005285520917682357,0.005690775844054474,1.152284788284187e-08
2645,0.011204543466985002,0.00020345817448534715,0.005178452452343851,0.005822621804863582,1.1035292222199294e-08
2646,0.011254197714117443,0.0002545759948020658,0.005121456889664274,0.0058781532794015,1.1550249603514232e-08
2647,0.011375151068126818,0.000415122294360859,0.00528029626887043,0.005679720269921107,1.2234974422701347e-08
2648,0.011358980827248883,0.0003610646331057764,0.005101132658212404,0.005896773143195737,1.0392734965251839e-08
2649,0.011270996105239269,0.00028770087282011767,0.0052124064339229585,0.005770877924079302,1.0874416891638325e-08
2650,0.011192943335084575,0.00022220294210321007,0.005192607227463039,0.005778121611280915,1.1554237409941525e-08
2651,0.011276266750077712,0.0002952233094294254,0.005129482884104267,0.005851549249552941,1.1306991078688724e-08
2652,0.011406245467837514,0.0004357597139460376,0.005261510186321303,0.005708964212458036,1.1355112139346398e-08
2653,0.011322259049899003,0.0003359882421104451,0.005104377683732858,0.005881882395289843,1.0728765855814408e-08
2654,0.011232184819638436,0.0002815206541243769,0.005241539341071039,0.005709112436756872,1.2387686147012172e-08
2655,0.011186771485395356,0.00021841084531892647,0.005212672702660062,0.00575567556735391,1.2370062457060437e-08
2656,0.011306818341594312,0.0003157844458359064,0.005120438798013711,0.005870584314972558,1.0782772135400978e-08
2657,0.01138464016789166,0.0004443252096588546,0.0053050371583296145,0.005635266520858362,1.127904482963941e-08
2658,0.011303738484767728,0.0003399811052795975,0.005097397326633209,0.0058663488766022105,1.1176252710967698e-08
2659,0.011201073024398834,0.00023917155069778055,0.005188107330814605,0.0057737823831838396,1.1759702608877044e-08
2660,0.011201443229354598,0.00024780481427631203,0.005234889428933239,0.005718737660069044,1.1326076001930158e-08
2661,0.011299011777232297,0.0003388369234609233,0.005106828753098311,0.005853335240603216,1.08600698475914e-08
2662,0.011405236361255447,0.00046972417693010574,0.00524296489007452,0.005692535528946622,1.1765304197712166e-08
2663,0.011264560921039049,0.0003017019356346619,0.005119351452983331,0.005843496754773574,1.0777647483144245e-08
2664,0.011181528273025222,0.0002350104030700268,0.005229088184187428,0.005717418095634014,1.1590133753934624e-08
2665,0.011212928729310893,0.0002727466967654417,0.005216062716664778,0.005724107251410485,1.206447018863842e-08
2666,0.011314629113964607,0.0003625357440983773,0.0050916771509561315,0.005860405588698365,1.0630211733548637e-08
2667,0.011358482645794171,0.00043573704777812266,0.005305993393202117,0.005616741129734368,1.1075079563341655e-08
2668,0.011220689189199069,0.0002636102260024261,0.005123855115004004,0.005833212129314901,1.1718877738189102e-08
2669,0.011158856380040588,0.00021878880723982455,0.005158295603273522,0.005781758961770979,1.3007756260983388e-08
2670,0.011214242989564069,0.00029976158095238565,0.0052333627658926705,0.005681106901422103,1.174129691102107e-08
2671,0.011314173343656352,0.00037051215759420573,0.005081787392585653,0.00586186407759289,9.715883603250042e-09
2672,0.011343504582091466,0.00041776720316221637,0.005228489237280553,0.005697236993069644,1.1148579052223829e-08
2673,0.011202156843999613,0.00026967487923232585,0.005120580012464544,0.005811890013455205,1.1938847536468214e-08
2674,0.011137793138348978,0.000215159998410059,0.005170864568748282,0.005751756822645116,1.1748545522530139e-08
2675,0.011242451523215315,0.0003209302475374443,0.0052105919089670254,0.0057109183587342165,1.1007976628343009e-08
2676,0.01130356250802607,0.00037008647205546903,0.005078082495058283,0.005855382790109897,1.0750802421858376e-08
2677,0.01130845545598507,0.00041131574327176525,0.005273132175280655,0.005623994726975299,1.2810457348862724e-08
2678,0.01116811714461949,0.00023704072578550938,0.00511593649949922,0.005815127808622766,1.2110711994067076e-08
2679,0.011130985855200583,0.00020608071236922226,0.005144002276607514,0.005780891510536419,1.1355687428610032e-08
2680,0.011230910937797248,0.0003373536789662738,0.005242122642365025,0.0056514229906300395,1.1625835910288089e-08
2681,0.011314796086337777,0.0003933771069233944,0.0050542492954085355,0.005867158421689459,1.1262316387648696e-08
2682,0.011302846176061448,0.000398355092595218,0.005218345224955571,0.005686134087011652,1.1771499008033563e-08
2683,0.011173959477685413,0.00026189770870909215,0.005132888054720241,0.005779162846506122,1.0867749956804175e-08
2684,0.011115170623304456,0.0002130022709187294,0.005133766675806902,0.005768390079869225,1.159670959865044e-08
2685,0.01124499843983272,0.0003502935901224581,0.005196167000327792,0.005698525611267195,1.2238115272989273e-08
2686,0.01131059942139215,0.000394375036754456,0.005082773148484293,0.005833440364663435,1.0871489964665264e-08
2687,0.011265026177023903,0.00037912822801071513,0.00526862050598793,0.0056172655548119566,1.1888213303024806e-08
2688,0.011165890652646185,0.0002614877737432585,0.005104599152438887,0.005799791693016636,1.2033447405881384e-08
2689,0.01110495872775622,0.00021040741236513566,0.005148342963458646,0.005746196762652885,1.158927955166724e-08
2690,0.011242360416003518,0.00036050625206633446,0.0052625929815410775,0.005619249967233913,1.1215162192328011e-08
2691,0.011321508472055616,0.00040888401713879644,0.005039638879922375,0.0058729744931529755,1.1081841468038598e-08
2692,0.011255321630303891,0.0003829575057514778,0.005207958548782032,0.005664392519063,1.3056707381816529e-08
2693,0.011137731996994601,0.00025383204037051786,0.005134449682201609,0.005749438285043844,1.1989378631346812e-08
2694,0.011124174017064272,0.00022471937912536748,0.005101093241041274,0.005798350214207468,1.1182690163657139e-08
2695,0.011235379571534235,0.00036218425336668266,0.005192325870178584,0.005680857470703143,1.1977285824066078e-08
2696,0.011312223749591604,0.0004313049969361689,0.005060436236486797,0.005820470927142075,1.158902656271184e-08
2697,0.011200977715726472,0.00032806145235809964,0.005219671173162064,0.0056532328941506635,1.2196055644223082e-08
2698,0.01112150407835295,0.000226279093317742,0.005116045481570013,0.0057791677548979445,1.174856725135624e-08
2699,0.01112957527809672,0.00025750401679816955,0.005132049189851683,0.005740010112864515,1.1958582354127512e-08
2700,0.011242571861805835,0.00039070010065926294,0.005243969760876352,0.005607889752099344,1.2248170877002453e-08
2701,0.011314744150500758,0.0004181841795913887,0.005039053871739212,0.00585749502695968,1.1072210477283272e-08
2702,0.01117459551354711,0.0003104381459042829,0.005227119131593018,0.0056370256708273,1.2565222508959653e-08
2703,0.011088618717560039,0.00022741551173171954,0.005147762260965766,0.005713428208747973,1.2736114580949512e-08
2704,0.01114945404848116,0.00027449900999540445,0.005057374548981296,0.0058175687771568,1.1712347658084058e-08
2705,0.011241820594735297,0.00038659664549824455,0.005205502076692993,0.005649710637381351,1.123516270750404e-08
2706,0.011223902397538203,0.0003511493572898004,0.005070791105426189,0.005801950503083219,1.1431738995132516e-08
2707,0.011105149087786892,0.0002496890192895366,0.005152118876975805,0.0057033276202607345,1.3571260815278664e-08
2708,0.011075622625245115,0.00021824492224404202,0.005139900612568111,0.005717464170634657,1.2919798305104531e-08
2709,0.011191884104003161,0.00032595675411102647,0.005092966989632634,0.005772948755313377,1.1604946124290713e-08
2710,0.011235178494424755,0.0003892803591007808,0.005236127923751214,0.005609756769950731,1.3441622029569746e-08
2711,0.011202705023827425,0.0003329372391341773,0.005056399090376558,0.005813354678119378,1.401619731209636e-08
2712,0.01107212985936537,0.00022840929179394407,0.0051793196864599695,0.005664387665996863,1.3215114595096074e-08
2713,0.011090091111818879,0.00024568455794173576,0.005178807113081996,0.005665587112507849,1.232828729955622e-08
2714,0.011204614317332896,0.00033893884832456104,0.005032394192543457,0.005833268067082776,1.320938210207525e-08
2715,0.011251412336726866,0.0004233050244023554,0.005217773388243955,0.00561031840046216,1.5523618394950494e-08
2716,0.011167121255488093,0.00031460706816752957,0.005063106978401788,0.005789393317808154,1.3891110621364016e-08
2717,0.011084340407482313,0.00023620436624155355,0.005111403770201676,0.005736718974258034,1.3296781048865185e-08
2718,0.011065950965312628,0.00023553400751704848,0.00514359977800823,0.0056868035242639906,1.365552335942655e-08
2719,0.011191506497292083,0.0003510907743937086,0.005061259179487079,0.005779142358167393,1.4185243903741769e-08
2720,0.011264908059942652,0.00043160539246644704,0.005203963147642576,0.005629324192480654,1.5327352975030146e-08
2721,0.011167169611675935,0.0003140051554976176,0.005060019272785323,0.005793131154916022,1.402847697125341e-08
2722,0.011079639995926623,0.0002613984426744185,0.005184469677468272,0.005633756745554855,1.5130229077687113e-08
2723,0.011064533959008886,0.00024010314318303493,0.005154232310694791,0.005670182346705718,1.61584253433591e-08
2724,0.011181909532987635,0.00033131590990867775,0.0050476851829655564,0.005802893619897015,1.4820216385014274e-08
2725,0.011253070063800727,0.0004417343639290594,0.005242874994663416,0.0055684454787043695,1.5226503883168953e-08
2726,0.011172361828761298,0.000342950858593,0.0050269647961115865,0.005802430788868043,1.538518866787826e-08
2727,0.01105549570806806,0.00023497586553399753,0.005112627940709187,0.0057078758316397304,1.6070185143444673e-08
2728,0.011076889364338077,0.00025941126334297923,0.005163867947146407,0.00565359481653166,1.533731703153223e-08
2729,0.011147715140920547,0.0003171695757433928,0.00503292079793633,0.005797609389792339,1.537744848646712e-08
2730,0.011264130501133203,0.0004624563076885918,0.0051653851486360225,0.005636272304682011,1.674012657804916e-08
2731,0.011157362304639413,0.00033814270027591277,0.0050571995506127265,0.005762005158460168,1.489529060745472e-08
2732,0.011036831049339115,0.00022187498855801965,0.005154265814714912,0.005660674219655035,1.6026411148451397e-08
2733,0.011071510783546422,0.0002579528881130136,0.005130723141495991,0.0056828168669833985,1.788695401903686e-08
2734,0.01115961007547216,0.000349687933069896,0.005058858121471712,0.00575104730966586,1.6711264691926777e-08
2735,0.011228653770098913,0.00043909626916697363,0.0052401735207674134,0.005549367515929721,1.6464234805241496e-08
2736,0.011169301614486836,0.00034149603817119786,0.005028000217636719,0.00579978895303569,1.6405643229432734e-08
2737,0.011020515926751889,0.00022340791981522893,0.005138558111178951,0.005658531682890082,1.8212867628003316e-08
2738,0.011062828307083402,0.00027874762984896,0.00517038775811804,0.005613675841135519,1.707798088409856e-08
2739,0.011185477029915172,0.0003693486719349008,0.005007322928865315,0.005808790237671737,1.5191443218910347e-08
2740,0.011208841857480632,0.00041850336731401924,0.005187004752762408,0.005603316558500941,1.717890326338579e-08
2741,0.011129678344276151,0.0003333003997288077,0.0050767280891963786,0.005719632002289389,1.7853061575563775e-08
2742,0.010998908024766631,0.00020788258772438763,0.005102467805528267,0.005688540047564259,1.7583949718183034e-08
2743,0.011075477866550441,0.0002858095661283238,0.005135545554762872,0.005654106838426722,1.5907232522262634e-08
2744,0.011181326577290972,0.000383234852695085,0.005057014420015099,0.005741061255185047,1.604939574155363e-08
2745,0.011184087628379908,0.00040897789732933837,0.005211610553125086,0.005563478860942088,2.0316983395428335e-08
2746,0.011085294326010174,0.0002852601475176708,0.0050448130891480834,0.005755202421850557,1.8667493862445052e-08
2747,0.011001923720085403,0.00022097313248246316,0.0051308640752386414,0.005650070019310447,1.649305385148235e-08
2748,0.011077414540730478,0.0003110626677202709,0.005188266626161146,0.0055780675186599665,1.7728189095123586e-08
2749,0.011215284001010094,0.0004187706927370689,0.004998868036930287,0.005797626513303764,1.8758038972919507e-08
2750,0.011162681877307281,0.000390975865432291,0.005195403520011125,0.005576283685001731,1.880686213450274e-08
2751,0.011044736981154058,0.0002658820542060507,0.005090901847930811,0.0056879363096293345,1.6769387862257495e-08
2752,0.011007499831976996,0.00023284084916616482,0.005063960117320731,0.005710680512452266,1.8353037835018272e-08
2753,0.01109055497211273,0.0003283174231657189,0.005165410828940865,0.0055968069774212,1.9742584945955903e-08
2754,0.011208175896164345,0.00042409528268922905,0.005056589262844401,0.005727473557893788,1.779273692702894e-08
2755,0.011123047642112426,0.00035794812350067656,0.00517712097349243,0.005587959293676974,1.9251442346820883e-08
2756,0.011008415489174308,0.0002401645100544672,0.005069695273334391,0.005698536199939881,1.9505845568675583e-08
2757,0.011017909478153022,0.0002561918401610246,0.00511280887734211,0.005648889432793077,1.9327856810159892e-08
2758,0.01112987739220234,0.000368891948339928,0.005201433514163228,0.005559531722377648,2.0207321536226354e-08
2759,0.011207437726480134,0.0004236321999732442,0.0050103440440199525,0.005773441904564377,1.9577922560319905e-08
2760,0.011090070093907667,0.0003491774659368374,0.005209246993156826,0.0055316253915999244,2.0243214079415748e-08
2761,0.010968019406649564,0.00021445284879715654,0.005118988926696081,0.0056345589074445574,1.8723711769305157e-08
2762,0.011053966462226866,0.00027764555757899803,0.005032039231454764,0.005744262793475366,1.887971773878795e-08
2763,0.01114231753138954,0.00039702470457710374,0.005190569711546117,0.00555470224969003,2.0865576288920063e-08
2764,0.011152598869305811,0.0003973866712600395,0.00502999096095728,0.005725202154189087,1.9082899405369726e-08
2765,0.011048440194443811,0.0002990283954029932,0.0051070733554188725,0.005642319317148202,1.9126473744363307e-08
2766,0.010953592887434136,0.00020051386491911342,0.005103131513443737,0.005649927740679839,1.9768391447132084e-08
2767,0.011070658103151573,0.0003193506483234409,0.005073380795179941,0.005677905191088138,2.1468560053429816e-08
2768,0.01116696732098311,0.00042927345232663576,0.0051720939490175494,0.005565578031277526,2.1888361399341045e-08
2769,0.011127212205897501,0.00036537013723054573,0.0050166360670003615,0.005745188155384646,1.784628194799771e-08
2770,0.01099878890957272,0.0002635951085781616,0.00517044418192586,0.005564729852492053,1.976657664504721e-08
2771,0.01097267352203421,0.00023622099950742698,0.005123112386424893,0.005613316848377106,2.328772478381889e-08
2772,0.011082581546797197,0.0003260289110343823,0.005020287168378101,0.005736244866037158,2.0601347555468648e-08
2773,0.011177147423885779,0.0004473103655410109,0.0052173699514060775,0.0055124483845341845,1.8722404505964623e-08
2774,0.011068969241558119,0.00032702649095561986,0.00503080050628961,0.005711122880381723,1.936393116512895e-08
2775,0.010978205705157484,0.0002454594868688994,0.005086772617518697,0.005645951148305737,2.2452464149605815e-08
2776,0.010978124225942052,0.00024677576227519,0.005142879648372938,0.005588447915089343,2.0900204580309956e-08
2777,0.01108635739602812,0.0003412107298993209,0.005027933666705029,0.005717193879285427,1.9120138341579896e-08
2778,0.011170161180665689,0.00044924142648192244,0.00514771594203478,0.005573182316424388,2.149572459982277e-08
2779,0.011046220317589579,0.00031527573630104596,0.005056571090839845,0.005674352919724955,2.057072373225365e-08
2780,0.010944028513858348,0.00021467450646736158,0.005135769991365331,0.005593563122613782,2.089341187408491e-08
2781,0.010998495417749471,0.00026934252582614385,0.005124116883325269,0.005605013267629203,2.2740968854093428e-08
2782,0.011093959905107514,0.0003665059436559112,0.005046068694613353,0.00568136246362286,2.2803215389315525e-08
2783,0.011138553228561075,0.0004301114302085383,0.005221463894343221,0.0054869555052443515,2.2398764964975497e-08
2784,0.011059980659349364,0.0003200237482625647,0.005025429384900961,0.0057145077373971466,1.9788788690894005e-08
2785,0.010919225392755942,0.0002012724643378689,0.00512102074995979,0.005596910972273485,2.1206184797702285e-08
2786,0.01100071082868785,0.00029688866705812166,0.005172831307605334,0.005530967865534465,2.2988489929636468e-08
2787,0.011109363304927102,0.0003768998911783976,0.004991522469870731,0.0057409197062768084,2.1237601163893335e-08
2788,0.011138156352940859,0.0004273936597760026,0.0051510809268817456,0.005559660805899234,2.096038387586418e-08
2789,0.011028808718347764,0.00031687682506419,0.005055090294026929,0.005656820806708675,2.0792547970917323e-08
2790,0.01093261880603609,0.00022290560886948401,0.005064414297468307,0.005645275608572361,2.329112593846812e-08
2791,0.010981684454463627,0.000269887704324752,0.005112270316180155,0.005599504072774456,2.2361184263666245e-08
2792,0.011122439493851161,0.0004028202486565972,0.00503944088289769,0.005680157939500308,2.0422796566280692e-08
2793,0.011113781523395799,0.00041845142232448183,0.005162300809787088,0.00553300564206437,2.3649219858658824e-08
2794,0.011002927825762102,0.0002909898816067336,0.005029669564493132,0.005682245859289814,2.2520372422162507e-08
2795,0.01093461421535755,0.00022921867499180518,0.005133988565985739,0.005571385341435907,2.16329440985719e-08
2796,0.01098075245236468,0.00027828202646841484,0.005152487569683042,0.005549959371204359,2.3485008864832995e-08
2797,0.011122829012903079,0.00040940373976426273,0.004993076312946494,0.005720326067014694,2.289317762868902e-08
2798,0.011108740815414115,0.00042507529017099023,0.005196294543702411,0.0054873493768578625,2.160468285162766e-08
2799,0.010972758350847529,0.0002668260687534826,0.005050875629815696,0.005655036245302124,2.0406976226866794e-08
2800,0.010926396212633912,0.00021934568707711224,0.005050746300879616,0.005656280273898307,2.3950778876365247e-08
2801,0.01098490453600619,0.0003003236743984643,0.0051495291693664765,0.005535027006418309,2.4685822940455265e-08
2802,0.011088790006048772,0.0003904396594333433,0.00501627810141984,0.005682051782980151,2.0462215437235645e-08
2803,0.011118391231572902,0.0004260395614802261,0.005123742177057494,0.0055685880367904485,2.1456244732897122e-08
2804,0.010938138462632958,0.0002422833238312803,0.005059683812469504,0.00563614819478491,2.3131547262194327e-08
2805,0.010925144821434002,0.00023802301869899206,0.005100398254622949,0.005586698763386054,2.4784726005257145e-08
2806,0.01103764276403195,0.000349561088118082,0.005137567286870087,0.005550490832267578,2.355677620476012e-08
2807,0.01109448036409988,0.00039430806898706536,0.00501618817983472,0.005683963504575542,2.0610702553289696e-08
2808,0.011050144904611845,0.0003804196091002057,0.005201337198262182,0.005468365422679112,2.2674570343726507e-08
2809,0.01091561430724767,0.00022380886051444188,0.005054040964891903,0.005637741032039799,2.3449801526851625e-08
2810,0.010917131882197402,0.00022269314078990522,0.005048534352169659,0.005645882159541033,2.222969680624838e-08
2811,0.011061484585127268,0.000394050000036127,0.005187727164531982,0.005479686060955597,2.1359603561017082e-08
2812,0.011089935602034095,0.00040144773618768723,0.004974618977493017,0.005713848425430977,2.046292241396541e-08
2813,0.011037703914797636,0.0003628685776805995,0.005082632451760697,0.005592180715928334,2.2169428004921353e-08
2814,0.010912759275056598,0.00023756800416714144,0.005076520518431012,0.00559864968590971,2.1066548735760635e-08
2815,0.01092377149513426,0.0002433383893199223,0.005037136095961053,0.005643276254389386,2.0755463897733598e-08
2816,0.01108615208800262,0.0004162692277671598,0.005092579554174457,0.005577281577752625,2.172830837646387e-08
2817,0.011079956485058972,0.00040295863908593513,0.004996826798066713,0.005680151344247664,1.9703658660481924e-08
2818,0.010981274573837317,0.0003203151878884042,0.005160719656061254,0.005500219589161763,2.014072589528132e-08
2819,0.010898662348770852,0.00022012064518426135,0.005048611769238683,0.005629908918087563,2.101626034679577e-08
2820,0.010926689284283088,0.00025425409111530116,0.005021909179309386,0.00565050372631353,2.2287544872489167e-08
2821,0.011077583258388772,0.0004271843176448568,0.005171033581041096,0.005479343130459202,2.222924361827662e-08
2822,0.011074819048215287,0.0003948959126178267,0.004964033753063817,0.005715870027518763,1.935501488035367e-08
2823,0.010970397283880558,0.00031127681893056467,0.005072457456487333,0.005586642058343854,2.0950118806622802e-08
2824,0.010890250177723609,0.0002374134674461521,0.005082995175138682,0.005569819986816809,2.1548321965007413e-08
2825,0.010937124541059618,0.00026697640064971245,0.005023985071236337,0.005646142541768202,2.0527405367852806e-08
2826,0.011097796733333071,0.000438597857809282,0.005112229653594369,0.005546948622476143,2.059945327866672e-08
2827,0.011052843071601783,0.0003954294059085275,0.005016892973060658,0.005640501497678133,1.919495446453166e-08
2828,0.010934345334153033,0.00029105568241762146,0.005171885408909881,0.005471383909265242,2.0333560289099195e-08
2829,0.010882909762400073,0.00021677771177490497,0.005087070906559221,0.005579040768711565,2.0375354383208713e-08
2830,0.010934297220850039,0.0002711685243944945,0.005039665711849168,0.00562344295202384,2.0032582537671485e-08
2831,0.011078326319845316,0.0004484201098728201,0.0051959189591295135,0.005433966726717201,2.0524125780168592e-08
2832,0.011037333920408964,0.0003804040677217755,0.004984839053669148,0.005672072239895913,1.8559122128737285e-08
2833,0.010933029269507323,0.0002808377065148624,0.005077894539063253,0.005574277277537538,1.97463916717015e-08
2834,0.010874755710873148,0.00023288743043034166,0.005096008889385942,0.005545839004330942,2.038672592122172e-08
2835,0.010939267109520806,0.000293760603870161,0.005014213201574789,0.005631273720142815,1.9583933041973835e-08
2836,0.011096171037820806,0.00045694597038399977,0.005108868771221133,0.005530337262844383,1.903337129108096e-08
2837,0.011028398680194087,0.0003758258886153063,0.005017896300578689,0.005634658759007472,1.773199262141134e-08
2838,0.01090906328375149,0.00027701993093476416,0.005154789264344378,0.005477233110499336,2.0977973011206966e-08
2839,0.010867064337263742,0.0002264742769564448,0.005079808381721246,0.0055607602990019565,2.137958409364521e-08
2840,0.010945298745260955,0.00029737616581523786,0.005025910482496423,0.005621993303158311,1.87937909839012e-08
2841,0.011075011995190568,0.00045251813886178156,0.005185779592253854,0.005436694733496636,1.9530578297366307e-08
2842,0.011020659832481986,0.0003796905494761294,0.004971158768714138,0.00566979069583689,1.9818454829484607e-08
2843,0.010896530609596866,0.00026397777529947673,0.005057174853554397,0.0055753577506469885,2.0230096003477984e-08
2844,0.010872753630182348,0.00024412809286708623,0.005103556718691359,0.0055250504218666095,1.8396757292716512e-08
2845,0.010940826811206908,0.00030575753702082904,0.005005440805990964,0.005629609939720906,1.852847420981295e-08
2846,0.011107355531105692,0.0004857196751604304,0.0050924242258352116,0.005529190908269704,2.072184034646841e-08
2847,0.010992274395901754,0.0003576245418414965,0.005019214923018707,0.005615416825672112,1.8105369438617e-08
2848,0.010893720323109323,0.00026967427399000806,0.005166090233666206,0.00545793755143744,1.826401566732552e-08
2849,0.010854109342657285,0.000226171805125438,0.005090964128339645,0.005536953389647339,2.001954486213641e-08
2850,0.010958036228537029,0.0003285482558708736,0.005007365792847384,0.0056221020899849,2.0089833871168896e-08
2851,0.011057737473600511,0.0004489280072711916,0.005180559107662435,0.005428230811744311,1.9546922573068787e-08
2852,0.010969034442679024,0.00033934140528811644,0.004992762113544625,0.00563691271512748,1.820871880414996e-08
2853,0.01087038693744851,0.00025202304679420955,0.0050409999599459404,0.005577343010040817,2.092066754199173e-08
2854,0.01084857150695824,0.0002391279809528382,0.005085238602899075,0.005524183949949004,2.097315732232023e-08
2855,0.01095633727409308,0.00033277219785376864,0.005006812677185489,0.0056167343776534345,1.8021400387774874e-08
2856,0.011066907034210911,0.0004548135921810336,0.005105440176162879,0.00550663446316587,1.8802701129435082e-08
2857,0.010968021347984,0.00035208782795362033,0.005017789027402721,0.005598124863676765,1.9628950894767165e-08
2858,0.010858028460251145,0.00025042789591971283,0.005149415803467803,0.005458163761469375,2.0999394255035656e-08
2859,0.010847259108858994,0.0002278574571035282,0.00509609492813484,0.0055232870304444,1.9693176226903232e-08
2860,0.010940618607457899,0.0003225801543673649,0.005001745817147594,0.005616274238173311,1.839776963074102e-08
2861,0.011047985389875494,0.00046049514363881823,0.005166104540093702,0.00542136583131447,1.987482850335225e-08
2862,0.010950742135567335,0.00033671507123448166,0.004981129308180464,0.005632878871379976,1.888477241295703e-08
2863,0.010875888896480869,0.0002617368933749754,0.005028719034518452,0.005585413128018131,1.984056930924448e-08
2864,0.010817222329042312,0.0002208497020048879,0.00507058567453406,0.005525767259530815,1.9692972546998344e-08
2865,0.010933199341836891,0.00033612957791328776,0.005013513720855452,0.00558353761216332,1.8430904832140587e-08
2866,0.011042840621695405,0.00044483673021626337,0.005115105750499366,0.0054828791332917435,1.9007688033707253e-08
2867,0.010985698619517266,0.0003689428378307093,0.005021769914498212,0.005594967344911286,1.8522277059024976e-08
2868,0.010868736217629838,0.00027632284025862333,0.005174122114534141,0.005418270231063383,2.1031773691045292e-08
2869,0.010817749122850719,0.00022361222155736811,0.00510279177979552,0.0054913250573697765,2.0064128054769238e-08
2870,0.010902952355798,0.00029749273941541074,0.005026828839538898,0.005578613236424898,1.7540418791598513e-08
2871,0.011025673590366785,0.00043898621585668825,0.005170949471360436,0.005415718758904423,1.9144245238131224e-08
2872,0.010990245842449738,0.00039013388412398634,0.004966119751574121,0.005633972032219256,2.0174532374280268e-08
2873,0.01088359031032605,0.00029557881654712826,0.005046061737793893,0.005541929573796064,2.0182188965316647e-08
2874,0.010817499174849853,0.00022990014043869461,0.0050686023570317915,0.0055189797734747645,1.6903904603026402e-08
2875,0.010868201151650209,0.00027476972656658447,0.0050066282236650595,0.005586786276787546,1.6924631020023444e-08
2876,0.011033252992715627,0.00045097120412342133,0.005088097112165653,0.00549416431890151,2.035752504222787e-08
2877,0.010992972313543735,0.00039917677919199234,0.005020273327490236,0.0055735032793016144,1.892755989309497e-08
2878,0.010905398175121511,0.00032114481725000854,0.005189519470172701,0.005394715489237651,1.8398461150167194e-08
2879,0.010805679197339737,0.0002146100000308623,0.005072641780396933,0.005518408859712891,1.8557199052493175e-08
2880,0.010859336877930127,0.0002755767176682277,0.005035844196374703,0.005547896577196791,1.9386690403247565e-08
2881,0.01099191442433793,0.00042163349009720444,0.005170286675194079,0.0053999746363594244,1.9622687220956183e-08
2882,0.011011283110882569,0.0004143199097612131,0.00496045396996023,0.005636491652444137,1.7578716987719452e-08
2883,0.010895573037626283,0.00031867998087289873,0.00504796153674627,0.005528912181255748,1.933875136530855e-08
2884,0.010816304882283117,0.00024909235133709675,0.005034962811476847,0.005532230540212406,1.9179256765956335e-08
2885,0.010836423763001493,0.00025724404573924985,0.004981726888716089,0.0055974352137214065,1.761482474877086e-08
2886,0.01100361240560348,0.0004253780300077047,0.005072118955651051,0.005506097569955939,1.7849988785252744e-08
2887,0.01098990935416829,0.00040883712092914756,0.005018124296751446,0.005562929773513805,1.816297389059773e-08
2888,0.010891111897125837,0.00032752429057034853,0.0051686074631938075,0.005394958985052874,2.115830880580241e-08
2889,0.010811336152935985,0.00023192529749967806,0.005053562180729331,0.00552582892671964,1.9747987335530604e-08
2890,0.010826473738807768,0.00024735516575365125,0.005055654692567375,0.005523446207327267,1.7673159473680544e-08
2891,0.010980546384172825,0.00042242055523412784,0.005199504029812006,0.005358602609910688,1.9189216002928616e-08
2892,0.011007012682898509,0.00043039594949707924,0.004970049776990701,0.0056065469428068,2.0013603928319628e-08
2893,0.010919730200592894,0.00035123666870146404,0.005052156022966599,0.005516316998292346,2.051063248521891e-08
2894,0.010817692492767473,0.0002520878176249384,0.005033404875567969,0.005532182140502157,1.765907240957696e-08
2895,0.01081111496924726,0.00024970283303738536,0.004996283723968211,0.005565110946201018,1.746604064697887e-08
2896,0.010990553142979404,0.0004337381667168043,0.0050646565325589265,0.005492139383509118,1.9060194557147692e-08
2897,0.010986843352067413,0.00041117465787171906,0.004995122916375552,0.005580528048833928,1.7728986212898944e-08
2898,0.010924098819840756,0.0003632213641268494,0.005172165606085597,0.005388692703777873,1.9145850436748693e-08
2899,0.01079025527104943,0.00022620546700399046,0.0050536358298647385,0.005510394572238091,1.9401942609419836e-08
2900,0.010825221407763657,0.000265085335835751,0.005048975104445616,0.0055111423021574615,1.866532482892216e-08
2901,0.010971412934466442,0.000419283734957886,0.005193699516437108,0.0053584110245956315,1.8658475817111515e-08
2902,0.010992569239182095,0.0004176121340559706,0.00497555317901481,0.005599385229598579,1.8696512736073502e-08
2903,0.010899215835168069,0.0003430654794678579,0.005041521159063853,0.005514608022994017,2.117364234114836e-08
2904,0.010770466811586894,0.00022340746005911796,0.005028741811773718,0.005518298732840891,1.8806913168251094e-08
2905,0.010865492818689869,0.00030867953743693595,0.004985776421655667,0.005571020453443673,1.640615359354843e-08
2906,0.011017973785668336,0.0004631508347520564,0.00506315837821051,0.005491646503830354,1.806887541703687e-08
2907,0.010934162090471197,0.0003715543989252724,0.004957540391275556,0.0056050479972823645,1.9302988003389618e-08
2908,0.010803577073748214,0.00026198999617836025,0.0051109215501217425,0.005430645442348722,2.008509938842151e-08
2909,0.010786232864571017,0.0002340763276069021,0.005099537609491664,0.005452600334157859,1.859331459064733e-08
2910,0.01094111982389603,0.00037406847688644334,0.004988859280671182,0.0055781739797832785,1.808655512732602e-08
2911,0.01097780853604916,0.00044219787583656145,0.0051614111972993005,0.0053741787401837245,2.0722729574211876e-08
2912,0.010833507285961193,0.00028643967450220635,0.005025245680534374,0.005521801939994623,1.9990929989817752e-08
2913,0.010770969140556756,0.00021515784301185027,0.00502455814483109,0.0055312341376088595,1.901510495543159e-08
2914,0.010840670518429246,0.00029674719007040346,0.005092113014467392,0.005451791137862651,1.9176028797969095e-08
2915,0.010964777932928724,0.00041818971998429545,0.004972491636746837,0.005574077126743007,1.944945458521481e-08
2916,0.010928457953652021,0.0003926488757356111,0.005066125628668848,0.0054696630650312075,2.03842163535646e-08
2917,0.010778515571321496,0.00022859061167947671,0.0049970039584052205,0.0055529036905281335,1.7310708664514766e-08
2918,0.010781405450645775,0.0002400191105762466,0.00505251019374249,0.005488858951603215,1.7194723824763988e-08
2919,0.010888105799227847,0.00035565298623984666,0.005115945557480723,0.005416486597764196,2.0657743081588466e-08
2920,0.010983131437240761,0.0004308831689044509,0.004965903564498875,0.0055863240710757765,2.063276165880755e-08
2921,0.010863748546833005,0.00033068856970827024,0.005142500443593985,0.005390539762381049,1.9771149701445867e-08
2922,0.010749086712520489,0.0002132057462734877,0.005070703895598609,0.005465158339592702,1.8731055688622154e-08
2923,0.010804881066666041,0.0002645866388742958,0.004988013449155581,0.005552260811521075,2.0167115088477874e-08
2924,0.010926737442561004,0.0004008209087124702,0.005094590930453184,0.0054313045494559,2.1053939450110494e-08
2925,0.010954881038510998,0.00041291444004569895,0.004973953412022313,0.005567995476664082,1.770977890383718e-08
2926,0.010830705148346956,0.00029783664060691907,0.005051233959219261,0.005481616362357244,1.8186163532177867e-08
2927,0.01073191138932521,0.0002049643393848974,0.005020859005594086,0.005506068844542806,1.919980342154489e-08
2928,0.01083091653811607,0.00030335737801539836,0.005011768819876538,0.005515770875530433,1.9464693701698366e-08
2929,0.010953614554821385,0.0004261648999325042,0.005116945929786211,0.0054104837307938775,1.999430879322925e-08
2930,0.010937554956721041,0.0003962206228507104,0.004988371332669717,0.005552944478342401,1.8522858213340694e-08
2931,0.010797600332200494,0.0002819763680982527,0.0051402259811585355,0.005375378278768435,1.9704175269767608e-08
2932,0.010728937850331547,0.0002065997627598757,0.005083257950018503,0.005439060814346242,1.9323206925188515e-08
2933,0.010863766212627898,0.00032576728710195834,0.004992289482100036,0.0055456913328615414,1.8110564363867473e-08
2934,0.01095532004014764,0.0004415884889309683,0.005155776876877177,0.005357935324487082,1.9349852412755956e-08
2935,0.010885037560338243,0.00036242655561375385,0.004988503068134932,0.005534089131769891,1.880481966601992e-08
2936,0.010760886689418898,0.0002377466919701712,0.0050167489309740675,0.005506372067218288,1.899925637056672e-08
2937,0.0107489045573926,0.0002308666519690093,0.005050801483922024,0.0054672184514881535,1.797001341226449e-08
2938,0.010858748636111692,0.00033855579509301924,0.004975956199341239,0.005544218404480468,1.8237196966101265e-08
2939,0.010974818837767323,0.0004646407195620183,0.005072899452224886,0.005437257951228338,2.071475208190232e-08
2940,0.01085467584259001,0.00033216000526120084,0.005001130469646706,0.005521366668944872,1.8698737228162188e-08
2941,0.010739497333580835,0.00022482454737848047,0.005105455575177925,0.005409197605557014,1.9605467413797627e-08
2942,0.010762733214852603,0.0002494110038926812,0.005089198295073041,0.0054241032850006,2.0630886279908487e-08
2943,0.010867730185524808,0.00035281772138467704,0.005035691884498981,0.005479201923113735,1.8656527414914693e-08
2944,0.010955735465067283,0.00045060477903463033,0.005188941443025988,0.005316170536233564,1.8706773101585555e-08
2945,0.01086441014809271,0.0003408195471905496,0.004988398399395811,0.005535173634637584,1.8566868763877054e-08
2946,0.010719565928944737,0.00021520958398908656,0.005063704367573744,0.005440632024028931,1.9953352976338356e-08
2947,0.010773915721524965,0.00027594261927857026,0.005105773231414084,0.005392181097143499,1.877368881068071e-08
2948,0.010887679830556177,0.0003674739091118969,0.004943872992470524,0.005576314765832577,1.816314117842058e-08
2949,0.01094693389904556,0.0004447153073917752,0.0050512087689264205,0.005450988490579765,2.1332147598253193e-08
2950,0.010859303913769866,0.00035822315731625357,0.00500272385049408,0.005498337803291693,1.9102667840430817e-08
2951,0.010716032637502008,0.00021110877844239689,0.005046463659773249,0.005458442282480107,1.791680625531293e-08
2952,0.010767152489307635,0.00025928246471770583,0.0050502692088426485,0.005457582018680833,1.8797066447825063e-08
2953,0.010890071258177913,0.0003871958826520258,0.005017857126829698,0.005484998050961513,2.01977346739211e-08
2954,0.010919678524097087,0.0004284272035989563,0.005147954062334806,0.005343275344152606,2.19140107175024e-08
2955,0.010867851767757342,0.00035508644714429247,0.0049841612636340555,0.005528585399673036,1.8657305956856302e-08
2956,0.010705957044900427,0.00020938512308493344,0.0050800759988836874,0.005416477028537028,1.889439477911903e-08
2957,0.010768994908365517,0.0002811616283092155,0.005090672127969823,0.005397140302394428,2.0849692051513396e-08
2958,0.010890189681447754,0.0003836926021929565,0.004929676904912245,0.005576800456719214,1.9717623337622215e-08
2959,0.010943535374710451,0.000450783549353014,0.005074424738978716,0.005418308250856691,1.8835522030460007e-08
2960,0.01084945149734973,0.00035492120169708445,0.00501627514459742,0.005478237255434455,1.7895620769230094e-08
2961,0.010707938915044454,0.00021698531259928313,0.005050734857658438,0.005440197829800079,2.0914986651682468e-08
2962,0.010763272659581827,0.000267595900360379,0.005063855032078133,0.005431801425479104,2.0301664210603146e-08
2963,0.01087716134183596,0.00037882141685797766,0.005047516954039981,0.005450805571979676,1.739895832648221e-08
2964,0.010924477924781996,0.0004416822591941501,0.005185564618811132,0.005297211175591118,1.9871185596911505e-08
2965,0.01085355988774879,0.0003558211386135287,0.004972744130831079,0.005524973664217363,2.0954086819484502e-08
2966,0.010697767730546434,0.00020814840274944695,0.0050306881694260125,0.0054589110453825895,2.011298838563552e-08
2967,0.010774478352858205,0.00029286448494312287,0.005078873091807646,0.005402722243166023,1.8532941414418935e-08
2968,0.010871030779827649,0.00037812171985355993,0.004917345309278429,0.005575544863260962,1.888743469808497e-08
2969,0.010964251350669828,0.00048304300161243686,0.004997727315025724,0.005483459771087903,2.1262943763604763e-08
2970,0.010852202003593745,0.00036361596042676705,0.004954809188698532,0.005533758613583186,1.8240885260543266e-08
2971,0.010703854553708867,0.00022218338078358789,0.005058135650644086,0.005423517661939055,1.786034213805154e-08
2972,0.010761553518074705,0.00027791886983146536,0.005049924335201313,0.005433691199362164,1.9113679764126188e-08
2973,0.010829483822731398,0.00034186637643695704,0.005019371828572428,0.005468225896928235,1.972079378001309e-08
2974,0.010952889240265717,0.0004759485712794733,0.0051978888309627104,0.005279030381456273,2.145656726084165e-08
2975,0.010817838457647501,0.0003275749064265327,0.0050007029580203385,0.005489539977737335,2.061546329443851e-08
2976,0.010735077074970796,0.0002567513446095253,0.005026512159334097,0.005451792334982128,2.1236045045925816e-08
2977,0.010719647135273838,0.00024877413592817833,0.00506544150944339,0.005405411996101883,1.949380038615551e-08
2978,0.010855300557423946,0.000370096526779321,0.004953235131857659,0.005531951007031374,1.789175559160964e-08
2979,0.01095955439987123,0.0004825655172012492,0.0050135571546740965,0.005463411407447154,2.0320548730126206e-08
2980,0.010858641719538709,0.0003787854379996931,0.004941585124993425,0.0055382522582645335,1.889828105613707e-08
2981,0.010727811802625548,0.00025925777965954346,0.0051090889840661145,0.005359447414090438,1.762480945251883e-08
2982,0.010703432642750671,0.00022556309919181567,0.005094226949858574,0.005383624914929077,1.7678771203559215e-08
2983,0.010860169078958174,0.00037409189994372187,0.004979803796186388,0.005506253549982611,1.983284545468527e-08
2984,0.01091477002884362,0.00045118194518720806,0.005140778555927324,0.005322787114857958,2.241287112829938e-08
2985,0.010827049977650044,0.0003524231494599254,0.0050324267264459125,0.005442181259394939,1.8842349267644137e-08
2986,0.010692408986094061,0.00021573476227563975,0.005043971836898723,0.00543268307587434,1.9311045359336573e-08
2987,0.010726833548145017,0.0002579138558631649,0.00503599436173742,0.005432903606580471,2.172396396093589e-08
2988,0.010874116353865418,0.00040395146179858705,0.004977957128693119,0.005492187837741496,1.9925632215145953e-08
2989,0.010926040145362113,0.0004608003070325029,0.005123808927436778,0.005341412639281054,1.8271611779407244e-08
2990,0.010818909438115861,0.0003382563898095102,0.0049789521335218,0.005501683770246628,1.714453792132865e-08
2991,0.010669597137592702,0.0002058165550832676,0.0050458286728135935,0.005417931810026451,2.0099669389189307e-08
2992,0.010774044811903876,0.00031666552827771383,0.005091213068046931,0.0053661456824068855,2.0533172344905518e-08
2993,0.010902727944982265,0.0004244762805097225,0.004948121527196886,0.0055301128189718255,1.7318303831193445e-08
2994,0.010914524114758148,0.0004492256225285064,0.005083642218045941,0.0053816375382130565,1.873597064453026e-08
2995,0.010730837080612492,0.00026903066117710966,0.005034443226309812,0.005427342578660651,2.061446492064248e-08
2996,0.010689418544869461,0.00022707838729404983,0.005029296949302547,0.005433021116448634,2.20918242316263e-08
2997,0.010852255647416343,0.0003873638550311599,0.005076153606698373,0.005388717825748245,2.035993856429779e-08
2998,0.01090727937248336,0.00043609559540907047,0.005010939398175606,0.005460227471203348,1.690769533503539e-08
2999,0.010809701620702971,0.00035618759378723054,0.005175161326934851,0.005278333965557059,1.8734423829143588e-08
3000,0.010673758970280571,0.00021128341315678807,0.005048873201794804,0.005413582656952401,1.969837657905997e-08
3001,0.01074874379995367,0.00027850731517879067,0.004995568245138017,0.005474649547904577,1.869173228758549e-08
3002,0.010886538809878013,0.0004332686765936505,0.005131605655261846,0.00532164532604634,1.915197617685095e-08
3003,0.01085714380815055,0.00039888145691903523,0.004972828849504151,0.005485414292116753,1.9209610610117146e-08
3004,0.010691772317820317,0.000235978463990934,0.005032825662522368,0.005422947562128608,2.0629178407108227e-08
3005,0.010702372675685183,0.00024253690192605788,0.005042946937275159,0.00541686826325886,2.057322510576697e-08
3006,0.010815187040141764,0.00035194781401804825,0.004953017615552307,0.0055102017079192624,1.990265214624144e-08
3007,0.010906713655154667,0.00046023359953202894,0.0050784966508487135,0.005367963006215266,2.0398558658550115e-08
3008,0.010752001862057903,0.000294508202481038,0.005015924824246,0.005441550018064948,1.881726591681075e-08
3009,0.010664783109011563,0.00020526211693215713,0.005050115428489233,0.005409386271581256,1.9292008915532082e-08
3010,0.01076787365153368,0.0003149240453982595,0.005054876367888322,0.005398052528615283,2.070963181696421e-08
3011,0.010868957404512302,0.00041478443191727556,0.004985389113033688,0.005468764108968673,1.97505926660444e-08
3012,0.010848084429876262,0.0004008771844025533,0.005150588719827073,0.005296598750938829,1.9774707806406057e-08
3013,0.010704055506238722,0.0002427378798424803,0.004991036383857013,0.005470261577407895,1.9665131334365726e-08
3014,0.010669102341738712,0.00021968132800372734,0.004989691396882484,0.005459708729102151,2.088775035087569e-08
3015,0.01082146743073986,0.000384669127473326,0.005096441076403438,0.005340335482955912,2.1743907183602702e-08
3016,0.010884311610316907,0.00042460060689930573,0.004946618874514262,0.0055130722134248845,1.9915478455929586e-08
3017,0.01079647062346339,0.00034547143792004764,0.0050670594248577614,0.005383919925663638,1.9835021942674377e-08
3018,0.010669643433255641,0.00022697742591257054,0.005040511224246957,0.005402135252163387,1.953093272680183e-08
3019,0.010713910353556191,0.0002688955927853026,0.004983686848646899,0.0054613076961665796,2.021595741093607e-08
3020,0.010863617918626958,0.00041751965069598774,0.005070022937660626,0.0053760547755211125,2.0554749231740195e-08
3021,0.010880237322003867,0.00042593740904414874,0.004994345692400129,0.005459935423255755,1.879730383362581e-08
3022,0.010710925155680333,0.000273079908379814,0.005084934004860669,0.005352890677913402,2.0564526445644737e-08
3023,0.010671845863154252,0.00023067065286053014,0.005013247697437554,0.005427906016381395,2.1496474774205532e-08
3024,0.010756350749614046,0.00030781721002965095,0.005001312437428974,0.00544720086887905,2.0233276370855448e-08
3025,0.010887372619717658,0.000447779476527163,0.005139821331959698,0.005299751466357705,2.034487309189409e-08
3026,0.010858641369467166,0.000412041936526089,0.004958237763869486,0.005488341763267097,1.9905804494497805e-08
3027,0.010677683481206951,0.00024407439808119908,0.005057059018197707,0.005376529421992528,2.0642935516094522e-08
3028,0.010678455394187766,0.0002396978397984507,0.005063190241804505,0.0053755475321262515,1.978045855852633e-08
3029,0.010816130588642342,0.00036488592567786857,0.00495239536561342,0.005498830773127941,1.85242231115389e-08
3030,0.010876995909088447,0.0004460344792568359,0.005090018849370995,0.005340923602501882,1.8977958733757904e-08
3031,0.010785192453673237,0.0003490035261529982,0.0049808109924822565,0.0054553594985038345,1.8436534146152394e-08
3032,0.01065592818578275,0.00021376169065132444,0.004977810953740665,0.005464335362404037,2.017898672458161e-08
3033,0.010687763800140443,0.00024967921411506486,0.0050197819174067956,0.005418281863051721,2.0805566860619255e-08
3034,0.010843659574189495,0.0004094969751494184,0.004999156689531702,0.005434986698316327,1.921119204924616e-08
3035,0.010841704418191524,0.0004136510988992385,0.005096353986582254,0.005331679720018689,1.9612691342454275e-08
3036,0.010762089682487487,0.0003168621664352033,0.0049544423543873214,0.005490766030636314,1.913102864915186e-08
3037,0.010637773352113905,0.00020532925407106394,0.005066286028509697,0.0053661379827462195,2.008678692524555e-08
3038,0.010723557654225804,0.00029850421546164885,0.005130119687382602,0.005294913156597366,2.0594784186601998e-08
3039,0.010872340643359698,0.0004319249427493846,0.004959048691407657,0.005481347903633521,1.910556913528845e-08
3040,0.010858245741781193,0.0004295020333409827,0.00508496868608856,0.005343755691359231,1.933099241916204e-08
3041,0.010724111405986303,0.00029461968033310743,0.005005120682254675,0.005424351865517932,1.9177880591030146e-08
3042,0.010646219177067718,0.00021710678805384663,0.0050149110705556416,0.005414180938437727,2.0380020502384285e-08
3043,0.010741526230888749,0.00031061913240456175,0.005077350865992887,0.005353536585212021,1.964727927807137e-08
3044,0.010871038228932834,0.00043537355421480347,0.004991125887117024,0.005444520757397848,1.8030203158482182e-08
3045,0.01082187813652113,0.0004024833035887636,0.005092735919604207,0.005326638326135514,2.0587192642882624e-08
3046,0.010688289814277382,0.00025952746232750116,0.005002687702449568,0.005426053791930079,2.0857570233790162e-08
3047,0.010653390623190965,0.000221776911225124,0.005071914001689797,0.0053596800187693866,1.9691506656934613e-08
3048,0.010761638293088875,0.0003365374653897819,0.0051191269956272715,0.005305954553954536,1.9278117285479997e-08
3049,0.010889035298923015,0.0004584948220803064,0.004923378289368637,0.005507143756016704,1.8431457368554717e-08
3050,0.01078020873568812,0.00036362482776483167,0.00505768234050196,0.005358882491745262,1.9075676065456024e-08
3051,0.010674536288731854,0.0002483632732465253,0.005016661259649868,0.005409493380756095,1.8375079366880667e-08
3052,0.010662130200399654,0.0002315692391177561,0.0049603305635738115,0.005470210812440127,1.9585267959622772e-08
3053,0.01079368080277114,0.0003773843295877803,0.005029005494663946,0.0053872704906106576,2.048790875644414e-08
3054,0.01087818479378124,0.00045555869524720145,0.004964931357531907,0.005457677084928587,1.7656073543063285e-08
3055,0.010760949162662806,0.00033865265724580145,0.0050942569579534355,0.0053280217319664844,1.7815497084902927e-08
3056,0.01066135983138878,0.00023334944440059458,0.005028516988766925,0.0053994745668940625,1.8831327197702307e-08
3057,0.010676039658064058,0.0002580103703626516,0.005061582012342408,0.005356427257422478,2.0017936522144418e-08
3058,0.01081157063593351,0.00039833765608019486,0.005138777335312365,0.005274435729749116,1.9914791832257387e-08
3059,0.010887127154862331,0.0004553479953070548,0.004943599203961702,0.005488162463546239,1.7492047335600724e-08
3060,0.010723984289472275,0.00030849319320075435,0.00507712716544924,0.005338345673235253,1.82575870296203e-08
3061,0.01065552938409735,0.00024341504276040652,0.0050421187246792905,0.0053699764296990145,1.91869586381384e-08
3062,0.010695554639941192,0.0002725816237656466,0.004926276048612234,0.005496677523327827,1.9444235483537414e-08
3063,0.010856461701321147,0.00043837032159412285,0.004999990906640026,0.005418081903604917,1.856948207804302e-08
3064,0.010850087850675335,0.00043141527990779403,0.004970350111653087,0.0054483062164654575,1.6242648997339442e-08
3065,0.010695276144884617,0.0002872262041968061,0.005103956012793463,0.0053040758982702335,1.802962411507708e-08
3066,0.010654717794588691,0.00023502354979948808,0.005028393801077139,0.005391281437043441,1.90066686244142e-08
3067,0.010708769637182858,0.0002846368003403873,0.005027593189873304,0.0053965219207323745,1.772623679310483e-08
3068,0.010856790335089744,0.0004488916201391224,0.005186302218762402,0.005221578631232707,1.7864955513178637e-08
3069,0.010826136526521972,0.00041132245421702683,0.004971544614034912,0.005443251462801213,1.7995468820486707e-08
3070,0.010681386036227307,0.000266651743070458,0.0050085798125442315,0.005406134861463755,1.9619148861490813e-08
3071,0.010657277179905347,0.00024273851862814905,0.005010485364186957,0.005404034123644457,1.9173445783476348e-08
3072,0.010711775421345826,0.00029997989035660726,0.004939887334915545,0.005471889763738105,1.8432335567715988e-08
3073,0.010883091204681393,0.0004792089319618827,0.005019419884998847,0.005384443788395271,1.859932539304664e-08
3074,0.010789725776579653,0.0003700035220396738,0.00494659136637606,0.005473114064987813,1.6823176107271522e-08
3075,0.010688181073066478,0.0002767087665633827,0.0050811101212793405,0.0053303439525695905,1.823265416509069e-08
3076,0.010630377253442425,0.00022215169367768283,0.005045619773125256,0.005362586615474385,1.9171165101216903e-08
3077,0.010741483177721623,0.00032971679586001984,0.005009479503838338,0.005402269408446461,1.7469576803851963e-08
3078,0.010865238335206494,0.00045830961510214745,0.005170482171601506,0.005236429660554245,1.6887948594304675e-08
3079,0.010780895795525788,0.0003640980754220739,0.004977453994340606,0.0054393264778386605,1.724792444846524e-08
3080,0.01067953555613905,0.0002739321642248995,0.0050069961773267484,0.005398587134440904,2.0080146499043882e-08
3081,0.010617625625970843,0.00021531077184427577,0.005033993062137224,0.005368302744337575,1.904765176856751e-08
3082,0.010758693717561893,0.0003466035766684633,0.004972326215468944,0.005439747163335757,1.6762088729896297e-08
3083,0.010860266275202202,0.0004545038960710873,0.0050331320103511315,0.0053726122659904525,1.810278953101155e-08
3084,0.010786917104065043,0.0003785041159754733,0.00493557326922628,0.005472821102941597,1.8615921693285066e-08
3085,0.010655153341615242,0.0002564355166455355,0.00509275808805017,0.005305940857631779,1.8879287755989186e-08
3086,0.010618313868270187,0.00021041803883561932,0.005088904484160523,0.005318974524717791,1.6820556255820672e-08
3087,0.010770361848956283,0.00035544147743645687,0.004989169283221029,0.0054257355738307434,1.5514468054649788e-08
3088,0.010839470741539344,0.0004442406090112682,0.005126301455660918,0.0052689112497222934,1.7427144865846407e-08
3089,0.01076761768726933,0.00036478106662959464,0.00498513383209592,0.0054176847165722615,1.8071971552347676e-08
3090,0.010632023331292541,0.00022492603235257046,0.005021385816745283,0.005385692551607513,1.8930587173663727e-08
3091,0.010626947833201297,0.00022228923162404357,0.005038512223352263,0.0053661285179531365,1.7860271855697922e-08
3092,0.010764865888344464,0.0003647616058925741,0.004977749834940617,0.005422337444475291,1.7003035983402262e-08
3093,0.010854231818113076,0.0004614931788488186,0.0050730262739864035,0.005319693598719299,1.87665585537275e-08
3094,0.010764259453752426,0.0003530305600146235,0.004959601269997049,0.005451609972670231,1.765107052149787e-08
3095,0.010624313294414392,0.00022142394246203324,0.005095263824928266,0.005307608046551352,1.748047273974019e-08
3096,0.010629502631696005,0.00023498870279714198,0.0050945414608028474,0.00529995505734546,1.741075055528218e-08
3097,0.010791145143437323,0.0003900066136885016,0.00495654804875307,0.005444573796137851,1.668485790050597e-08
3098,0.010843897445873194,0.00044802880435718405,0.005089253715367657,0.005306597735364563,1.7190783789469652e-08
3099,0.010722719348045594,0.00031819851790909355,0.005000320668582548,0.005404183565307056,1.6596246896797073e-08
3100,0.01060920048961006,0.00021179956809454022,0.005026246500947184,0.00537113616499391,1.825557442501655e-08
3101,0.010656372981754097,0.00026436073687051545,0.005040136465251235,0.005351857374864313,1.8404768034907836e-08
3102,0.010826684258393393,0.0004257929381180964,0.0049481505234922,0.005452724323490874,1.6473292223953137e-08
3103,0.010836194412977212,0.00044264333706451844,0.005072189613048086,0.005321343952194646,1.751066996177706e-08
3104,0.010668168164280584,0.00027076142258085015,0.005007949987017266,0.005389438886631281,1.7868051187129703e-08
3105,0.01060475410059034,0.00021156186788835583,0.005071773393398102,0.005321400794283901,1.8045019981304276e-08
3106,0.010736852909372274,0.00034169933643108513,0.005111659164792828,0.0052834770571704515,1.7350977908387746e-08
3107,0.010833297876546473,0.000432144023513731,0.004996689618599384,0.005404448498627194,1.5735806164564883e-08
3108,0.010752710629480532,0.0003687750211363012,0.005165676895555364,0.005218241781265003,1.693152386317669e-08
3109,0.010587491836221733,0.0001933869464906534,0.005041654127518735,0.005352433529906848,1.7232305497319152e-08
3110,0.010660842655965435,0.0002586822158461317,0.004974602801139872,0.005427540465835634,1.717314379808024e-08
3111,0.010795247350993324,0.0004102153524427428,0.005088477710599679,0.005296536471303351,1.781664755193342e-08
3112,0.010791801563643505,0.00039989765665374795,0.0049317531142883285,0.005460133934344573,1.6858356856073858e-08
3113,0.0106585692456113,0.00026801638064649034,0.0049741869554941805,0.0054163486757920565,1.723367857359085e-08
3114,0.010610441911914775,0.00022185064279366256,0.004996236398207457,0.005392338209758585,1.666115507079263e-08
3115,0.010688419491498432,0.00029525953283112425,0.0049413291768495215,0.005451814067697932,1.6714119853526032e-08
3116,0.010829855722268548,0.0004432254843995495,0.005032719187938503,0.005353893626397803,1.7423532693311662e-08
3117,0.010742982079631955,0.0003525055784901159,0.0049850014599796925,0.005405459318186995,1.5722975151956258e-08
3118,0.01060559553016092,0.0002188777544748131,0.00506798844326507,0.005318712411090604,1.6921330432953654e-08
3119,0.010630888582694464,0.00024283564605401346,0.005059198524161209,0.005328836596953297,1.7815525943232762e-08
3120,0.010719268450399087,0.00033270369240559104,0.005053628633334384,0.00533291985660733,1.6268051781098262e-08
3121,0.010805889361797976,0.00042216666382431444,0.005190535449738272,0.005193170870686865,1.6377548524602495e-08
3122,0.01076775963828466,0.00037084534303558796,0.004986163571841428,0.005410734109794943,1.6613612700717817e-08
3123,0.010601847871626102,0.00022305226806393065,0.0050797919110346776,0.005298986089117345,1.7603410150354698e-08
3124,0.010633371599137357,0.00025673687307151746,0.00509655900080861,0.005280059564143014,1.61611142157819e-08
3125,0.010736122590142056,0.0003403847219509818,0.004934783527262594,0.005460938993348915,1.5347579565886686e-08
3126,0.010802113928088096,0.00041926170008276214,0.005016000607009724,0.005366834226632534,1.7394363077501728e-08
3127,0.010774512974849054,0.0003955246825716332,0.004958337632838642,0.005420634320887915,1.6338550864681273e-08
3128,0.01060686508021056,0.00022725074125624377,0.004999896515680962,0.005379702109944022,1.571332933268392e-08
3129,0.010628102768927847,0.00023983775857036488,0.0049595728204553605,0.005428676714246865,1.5475655256291598e-08
3130,0.010697636105126591,0.00031502931579200727,0.004971229136514134,0.005411361506066908,1.6146753542174146e-08
3131,0.010817275704494323,0.0004458443887264482,0.005110565251114812,0.005260848377865014,1.7686788049958265e-08
3132,0.010813664324731194,0.00042395928359487096,0.004923080825643497,0.0054666082832552565,1.5932237568885187e-08
3133,0.01064747517206472,0.00026804329678797016,0.005013948979424912,0.005365466287794039,1.6608057800253108e-08
3134,0.010614809089766144,0.000243395611371099,0.005033628589925085,0.00533776700234686,1.7886123098118346e-08
3135,0.010686516106064168,0.00030818397974547346,0.004955706586597442,0.005422607501459442,1.8038261811168417e-08
3136,0.010839890252947097,0.0004604857296592755,0.005049872241458383,0.005329515309178045,1.697265139431515e-08
3137,0.010797591778166632,0.0004120176399045914,0.004996665291330571,0.005388893823561156,1.5023370314068855e-08
3138,0.010638647492168436,0.0002663826947011289,0.0051366701736520045,0.005235576994748302,1.7629066999697742e-08
3139,0.010618017135871322,0.00024313048625267128,0.00507831198122848,0.005296556438735205,1.8229654965595832e-08
3140,0.010676216329863073,0.0002939480719190638,0.005038089364247154,0.005344163270124482,1.5623572373858265e-08
3141,0.010834735105539839,0.000459429913230536,0.005175213222008033,0.0052000762299714955,1.574032977429385e-08
3142,0.010738588655143856,0.00035800521249033826,0.004966518206126738,0.005414048342861375,1.6893665403954947e-08
3143,0.010650002921079477,0.00027905325690832195,0.0049876453501272655,0.0053832860989312835,1.8215112605940435e-08
3144,0.010587768975735228,0.00021867157984226438,0.004992906493616431,0.00537617506871606,1.583356047210359e-08
3145,0.010710389719482181,0.00033141939660781187,0.004915073084057342,0.00546388237158911,1.4867227918275426e-08
3146,0.010821215278532584,0.00044817140979092583,0.004984493184804149,0.005388532938170248,1.7745767261643485e-08
3147,0.01076870444279028,0.00039433369222548594,0.004940476801766991,0.005433876303621037,1.7645176765525468e-08
3148,0.010635152257346974,0.0002682847714876931,0.005092444319643393,0.005274406448799259,1.6717416629182565e-08
3149,0.010591119853711252,0.0002158546101029398,0.005041660931611149,0.005333588934222732,1.5377774430002557e-08
3150,0.010692179080867004,0.0003151245053920266,0.0049853341128122935,0.0053917046171252075,1.5845537476057805e-08
3151,0.010804741100730767,0.00044292546421982327,0.0051484672708651345,0.005213330199766022,1.8165879786059092e-08
3152,0.010739998346641896,0.0003662586256362273,0.004995315362127939,0.0053784072492473285,1.7109630402122533e-08
3153,0.01063922577668298,0.0002625783378416672,0.005018397911042789,0.005358232341320774,1.7186477751814254e-08
3154,0.010562174728178117,0.00019363430446551303,0.0050226446862568054,0.005345878684201115,1.7053254683461785e-08
3155,0.010706827508255934,0.00034440197879220645,0.005005916171582647,0.005356492368276775,1.698960430516532e-08
3156,0.010794784333378797,0.00043122977744038723,0.005108875193681695,0.005254661862287287,1.7499969426279046e-08
3157,0.01079476835230888,0.0004121311105595998,0.004965033066054847,0.0054175888908306515,1.5284863780832164e-08
3158,0.010610715670361153,0.00024347835430097532,0.0051032333576751686,0.005263988010226337,1.5948158673326076e-08
3159,0.010586868990637661,0.00022805566183877097,0.0050868082841702385,0.005271988216674275,1.682795437685098e-08
3160,0.010711509126767,0.00034360362406552674,0.0049658775951536725,0.005402011728026218,1.6179521583891077e-08
3161,0.010818635467214456,0.00045259577074136653,0.005073049143771164,0.005292974423688112,1.6129013814378337e-08
3162,0.010744244952531417,0.00037314819977948946,0.004992257810593642,0.005378823178134041,1.576402424374762e-08
3163,0.010580543634992622,0.00021825520852235703,0.0050409288870528505,0.005321340821702985,1.8717714430260084e-08
3164,0.010610603357599533,0.0002500153618157701,0.005016612744374699,0.005343956822532821,1.842887624280337e-08
3165,0.010748357426231628,0.0003814300358709346,0.00495431569336123,0.00541259654403861,1.5152960853019727e-08
3166,0.010827443086978587,0.0004662140130045879,0.00508741811188128,0.005273795126110197,1.583598252164464e-08
3167,0.010685245465994088,0.0003169162906502031,0.00496716702031723,0.005401145214686372,1.6940340281833978e-08
3168,0.010570860236672329,0.00021116900764740236,0.005048905050498697,0.0053107683145909405,1.786393528870177e-08
3169,0.010646137071259294,0.00028736499865845164,0.005109202515893003,0.005249553602257439,1.595445039935194e-08
3170,0.010813792179803185,0.0004436714621691879,0.004972739860360327,0.00539736658761438,1.4269659291244702e-08
3171,0.01075388473619788,0.0003963947973875697,0.005092488186850746,0.005264984876999442,1.6874960121652845e-08
3172,0.010615879536692697,0.00025804703674051804,0.005030393182555304,0.0053274216802606566,1.7637136218499578e-08
3173,0.010570867308953538,0.00020684972477911644,0.005013696290412587,0.00535030467262952,1.6621132313630098e-08
3174,0.010748650454395,0.0003865751570126964,0.0050757599954118875,0.005286299739293584,1.556267683149462e-08
3175,0.01078613790539705,0.0004246011538412758,0.0049784495330896855,0.005383072382881385,1.483558470565122e-08
3176,0.010670345758219272,0.0003187817081909571,0.0050681650339666155,0.005283381951064978,1.7064996720900864e-08
3177,0.010555351665365458,0.00019688277667823882,0.005025038342852706,0.005333414382351179,1.616348333360846e-08
3178,0.010645927098318545,0.0002835047579155427,0.005038811996234193,0.005323595681926064,1.4662242746289436e-08
3179,0.010773241179999359,0.0004172474302145722,0.005145630964589885,0.005210346674526174,1.6110668725992265e-08
3180,0.010763967260091345,0.0004038327709859166,0.004982292588797596,0.005377825192915427,1.6707392404748217e-08
3181,0.010586688843543834,0.0002355837838416777,0.005081459887551533,0.005269628105160706,1.706698991716347e-08
3182,0.01057709558344933,0.00022245657923830687,0.0050632697693097205,0.005291353607267304,1.562763399956864e-08
3183,0.010704062998399275,0.0003405554977929259,0.004939290595307297,0.005424201398343975,1.550695507621993e-08
3184,0.010783492937694254,0.0004347135187981715,0.005045692672331106,0.005303069040882346,1.770568263115844e-08
3185,0.010696474863744372,0.0003442560600158913,0.004969004617270997,0.005383198047641257,1.6138816227269422e-08
3186,0.010572527190149145,0.0002152494508851174,0.004986128115047917,0.0053711342015571595,1.542265895243512e-08
3187,0.010581495212857207,0.00022721911040684837,0.005016110796062964,0.005338149958081321,1.534830607447537e-08
3188,0.010730643916905246,0.00037951881363604734,0.004991918463904644,0.005359191046771811,1.5592592743309735e-08
3189,0.010772364830026786,0.0004238352430513246,0.00510528851743972,0.00524322404273921,1.7026796531749935e-08
3190,0.010676057464293566,0.00031571354315375127,0.0050170902080877424,0.005343238346936141,1.5366115929497726e-08
3191,0.010573478478563315,0.00022210936153875261,0.005122570182474769,0.005228783181456463,1.5753093329241024e-08
3192,0.01059155027956587,0.00024562675610673813,0.005098894414452771,0.0052470123257602665,1.6783246092907267e-08
3193,0.01073695606835464,0.0003843570046759558,0.0049774906191260414,0.005375093151266601,1.529328604229532e-08
3194,0.01077902315342593,0.00043200822872632494,0.005123329863256403,0.005223670088950829,1.4972492375058494e-08
3195,0.010656248358130366,0.00030204564254531256,0.00498153585942746,0.005372651584314586,1.5271843005321467e-08
3196,0.010574293454057342,0.00022527531931640309,0.004981446875617542,0.0053675533746274495,1.78844959476418e-08
3197,0.010581667876470253,0.00023928013544251124,0.005029370651740061,0.0053130001686971275,1.692059055306087e-08
3198,0.010717483899878226,0.0003661543840554441,0.004952893933359461,0.005398421640333974,1.3942129347549945e-08
3199,0.010803723790644005,0.0004541045239169269,0.005022763751379058,0.005326840557749931,1.4957598088992327e-08
3200,0.010682766312816852,0.0003341796410440047,0.004982420031208859,0.005366150762891511,1.58776724775315e-08
3201,0.010581862063557807,0.0002401043498027648,0.00509571633421961,0.005246024402300253,1.6977235179986712e-08
3202,0.010568504898792066,0.0002195172563281186,0.005043814541271768,0.005305157400159537,1.5701032641850038e-08
3203,0.010679032774451527,0.0003272656756058995,0.004979478686332563,0.005372273661787778,1.4750725286385961e-08
3204,0.01077313202732773,0.00043670821304032763,0.0051390131721996725,0.005197394738027246,1.5904060483705434e-08
3205,0.010693526077582465,0.0003462965436999326,0.004956770407521177,0.0053904428995578966,1.622680345741209e-08
3206,0.010585280935624499,0.00023700860668068993,0.0049983939784166865,0.005349861889457981,1.6461069141112096e-08
3207,0.010563446350204965,0.00022055604684859882,0.005032971934487121,0.005309902835494968,1.553337427613259e-08
3208,0.010644435042316635,0.0003015679186642351,0.004949561571828944,0.005393290284299285,1.526752417010575e-08
3209,0.010793841271242883,0.0004549987737838328,0.005022873238906562,0.005315953380647419,1.5877905068605438e-08
3210,0.010731869080268356,0.00038300591738421017,0.004971701839815579,0.0053771471134045085,1.4209664059081698e-08
3211,0.010615916209047931,0.00027280425096772823,0.005115262963680981,0.0052278345772569165,1.4417142305637795e-08
3212,0.010553644807367316,0.00020999977455790243,0.005033516951505133,0.0053101129621007425,1.5119203538474303e-08
3213,0.010623667389785107,0.0002819504471754959,0.005003858988483896,0.0053378429525338415,1.5001591872994656e-08
3214,0.010766189278863575,0.0004294446314542307,0.005138181117842481,0.005198548692915731,1.4836651131009043e-08
3215,0.01075745258486181,0.0004064390474329536,0.004915950863979173,0.005435048443901762,1.4229547921834306e-08
3216,0.010627797945384893,0.00028912702259003886,0.0049497345282133185,0.005388920764749684,1.5629831852393773e-08
3217,0.010563320714310591,0.00023183897628027702,0.004964284750098914,0.005367181472573718,1.5515357682576357e-08
3218,0.010596621125244853,0.00025519337834663,0.004927046894700546,0.005414366053434674,1.4798763003814333e-08
3219,0.010772416193555309,0.00042849999135850857,0.004991684281571632,0.005352216871272452,1.504935271657516e-08
3220,0.010735397627382137,0.0003934720303914058,0.004954650759539104,0.005387260453987574,1.4383464051300108e-08
3221,0.010651405113520546,0.0003220377591155924,0.005115378554853614,0.005213973741034331,1.5058517009596828e-08
3222,0.010550594557560617,0.00020999347709350973,0.005030254421828358,0.005310332120623708,1.4538015040783097e-08
3223,0.010584381567483734,0.00023821503966059386,0.005033368599001253,0.005312783961982459,1.396683942838866e-08
3224,0.010725384911652685,0.0003913921044572354,0.005166467125333967,0.005167510870140558,1.4811720925118477e-08
3225,0.01076083947142471,0.00042353049421930234,0.004947168126203494,0.005390125717649018,1.513335289389552e-08
3226,0.010685207166487224,0.0003504434993502182,0.004986875222240856,0.005347872778675077,1.56662210729836e-08
3227,0.010571036136550034,0.00023234377978838345,0.004969560632663371,0.005369117465257286,1.4258840993623471e-08
3228,0.010551457340801287,0.000215760989244396,0.004976219646368602,0.005359462188743831,1.4516444456578175e-08
3229,0.01071597877851279,0.00038538377802297715,0.005026894389953169,0.005303684854391599,1.5756145045665524e-08
3230,0.010745945193377062,0.0004069295953693267,0.004962399596301495,0.005376601715914797,1.4285791444553972e-08
3231,0.010721907072170215,0.0003879231003760408,0.005131321119282902,0.005202649083718906,1.3768792366654021e-08
3232,0.010551528446151731,0.00021315632815716379,0.00499425184697174,0.005344106874934165,1.3396088662701625e-08
3233,0.010565820040952224,0.0002329511321952721,0.00497451714550305,0.005358337723495171,1.4039758731401948e-08
3234,0.010678425080442405,0.0003524301227441936,0.005079227193861111,0.005246753360815724,1.4403021375530873e-08
3235,0.01076256581583113,0.00042232215358248276,0.004931744105851605,0.005408485968254173,1.3588142867410424e-08
3236,0.010725688872309137,0.0003912387124939304,0.004985283639294112,0.0053491513789531465,1.5141567949917674e-08
3237,0.010551789349649144,0.00022277350110086355,0.004963360732091229,0.005365639768065933,1.5348391118766783e-08
3238,0.010563666984792669,0.00023650131764124655,0.005024156690102698,0.005302994173489729,1.480355899428985e-08
3239,0.01067637661027039,0.00034258428688479364,0.0050870541979451105,0.005246723842383319,1.4283057165188408e-08
3240,0.010768610530307062,0.00042704597202513153,0.0049703085566176735,0.0053712424885515335,1.351311272512945e-08
3241,0.01069211629759898,0.00036916096657327796,0.005126113708215297,0.005196826944946957,1.4677863446825232e-08
3242,0.010543976649275916,0.00021828945538303956,0.0050223840364413035,0.00530328899496858,1.4162482993922049e-08
3243,0.010563303050846466,0.00022712370429300155,0.004968040357625269,0.005368125553616807,1.3435311387136583e-08
3244,0.010676529664808894,0.0003463019161061476,0.005046543118285028,0.00528367104485351,1.35855642074927e-08
3245,0.01075057234817669,0.00042238799251824606,0.004954238072892357,0.005373932508194404,1.3774571683389603e-08
3246,0.0106765892999647,0.00035540070185275817,0.005047950886662916,0.0052732220025915,1.5708857527264632e-08
3247,0.010538306692545176,0.00020576909081214355,0.00500509444967028,0.005327428333947348,1.4818115406655233e-08
3248,0.01056561745144168,0.00023238789901809423,0.005052833680131998,0.005280382120420724,1.375187086359265e-08
3249,0.010664545979423153,0.0003406226421374396,0.005110183619588168,0.00521372572296879,1.3994728755747396e-08
3250,0.010775850935076589,0.00044720514092047955,0.004937598210913531,0.005391034250379212,1.3332863364867633e-08
3251,0.010662125812279185,0.0003392618206627414,0.005043307407997675,0.005279543031542745,1.3552076022187675e-08
3252,0.010559504440909376,0.00023053962480669546,0.004988329498642404,0.005340622399028874,1.2918431402838605e-08
3253,0.01054727503694576,0.00021866326921731472,0.004946560823858867,0.0053820373512343195,1.3592635259449744e-08
3254,0.01068543133544485,0.00036681411778899696,0.005022389753128682,0.005296212937845624,1.4526681547682669e-08
3255,0.010759388489795959,0.0004336056996362979,0.004964357787984194,0.005361411543390062,1.3458785405757264e-08
3256,0.010676492006272712,0.00034987731964823026,0.00508676696139561,0.005239833268805926,1.4456422945862587e-08
3257,0.010548619449097761,0.00021993759275932816,0.005032852960032552,0.005295814093478163,1.4802827717737259e-08
3258,0.010557404185675042,0.00023740565206448698,0.005094280297340531,0.005225703729583231,1.4506686794482029e-08
3259,0.010680863469678517,0.00036037589964232154,0.005168349364317201,0.005152124697581621,1.3508137374307494e-08
3260,0.010789752458816968,0.00045436701647818054,0.004938364968951456,0.005397008648459202,1.1824928128849191e-08
3261,0.01064821287838537,0.00032879883098153726,0.005015192238851658,0.005304208971409049,1.2837143126090705e-08
3262,0.010566900939468734,0.0002529933958387623,0.004986843500378645,0.005327050512468059,1.3530783267797848e-08
3263,0.010553073023209713,0.00023051207452685514,0.004927990652710233,0.0053945565563224135,1.3739650211436945e-08
3264,0.010725925608055598,0.0004012940099739335,0.0049858245320734546,0.005338793546009352,1.3519998858348003e-08
3265,0.010743945605154497,0.0004193218325899388,0.004965558501526807,0.005359052504989382,1.2766048367185706e-08
3266,0.010644240047477736,0.0003304517870506205,0.0051121124705061464,0.005201660946440948,1.484348002210396e-08
3267,0.01054958682523908,0.00022827689460276578,0.005036694493724488,0.005284600644805829,1.4792105996721638e-08
3268,0.010556524957432565,0.0002296950397323524,0.0050549677405227495,0.005271848985725573,1.319145188908563e-08
3269,0.010711483522957128,0.0003914789237909792,0.005152405862833085,0.0051675860826729475,1.2653660115699625e-08
3270,0.010725962512710997,0.00040490568762379596,0.004934081744345208,0.005386962847896584,1.2232845410853521e-08
3271,0.010664026745637009,0.0003510934021682184,0.004977590582772812,0.005335329540203301,1.3220492677876304e-08
3272,0.010535389777460435,0.00021666056314247197,0.004970840805603448,0.00534787571520591,1.2693508606114856e-08
3273,0.010567040619826506,0.00024321228190071672,0.004952039702610623,0.0053717757361757355,1.2899139429580953e-08
3274,0.010684891763025799,0.00036938069936748714,0.00500792386169513,0.005307573107172921,1.4094790260531864e-08
3275,0.010743133492166221,0.0004287353481661257,0.004981454708275661,0.005332929900614467,1.35351099680242e-08
3276,0.010681800887477208,0.00036802549157349476,0.005170062913090754,0.005143698436107675,1.4046705285203533e-08
3277,0.010554937073968134,0.0002275011530344684,0.0050343130031524595,0.005293109288499441,1.3629281766287572e-08
3278,0.01053447082099292,0.00021223775535204672,0.005016435682586165,0.005305783707586978,1.367546773106763e-08
3279,0.010644245739645572,0.000337381578574639,0.005101243880289864,0.005205606720574961,1.3560206108217778e-08
3280,0.010727593619909376,0.0004120921560242435,0.004930826145399485,0.005384663176254221,1.2142231426208915e-08
3281,0.01073627525623503,0.0004180472832155754,0.004962118898169287,0.005356096593470564,1.2481379603733077e-08
3282,0.010571188897021307,0.00025133409070556505,0.004940905887592711,0.005378936574282714,1.2344440317523424e-08
3283,0.010526304535610626,0.00021640930459167969,0.0050257870197680165,0.005284094752623054,1.3458627876035028e-08
3284,0.010606255551614603,0.0002956759777127201,0.005052319750609073,0.005258245843324912,1.3979967898651753e-08
3285,0.01074316159375208,0.00041913940704420223,0.004942999103066386,0.005381010580349251,1.2503292241794669e-08
3286,0.010742315895303126,0.00042845393751389906,0.0051325614603566685,0.00518128734453604,1.3152896519152914e-08
3287,0.010578695121246791,0.00026547272635733945,0.0050376818947716435,0.00527552668370753,1.3816410277426158e-08
3288,0.010519479448350532,0.00020664924714661686,0.005017582176907931,0.005295233424795574,1.4599500411203428e-08
3289,0.010598057165331961,0.00028483443071301357,0.0050440140595376425,0.005269195554962269,1.3120119037106967e-08
3290,0.010750189108260432,0.0004318969335220114,0.004967798279077542,0.005350483063461498,1.0832199380777905e-08
3291,0.010710607377132985,0.00040173718042110193,0.00508216463461326,0.005226693660960981,1.1901137640975774e-08
3292,0.010569776927125447,0.00025615987079457013,0.004966177187022498,0.005347426860591659,1.3008716719394996e-08
3293,0.010507998908976544,0.00019542893260288116,0.00501442601421858,0.0052981303795352945,1.3582619789276915e-08
3294,0.010645789985430084,0.0003345256460140236,0.005114826384710274,0.005196424853578371,1.3101127414742357e-08
3295,0.01076402234971356,0.0004453856780242956,0.00495449555946408,0.005364128913192332,1.2199032852310043e-08
3296,0.010683819624081072,0.0003763314505810348,0.005035793748993654,0.005271680620040062,1.380446632145062e-08
3297,0.010536515612515871,0.000227764958425824,0.004993519924671704,0.005315216890835356,1.3838582987008963e-08
3298,0.010521718944715852,0.00020832317116362275,0.0049982093741739375,0.005315173162407473,1.323697081775231e-08
3299,0.010703615512304164,0.000392031351157805,0.0050665826297342995,0.005244988843991587,1.2687420471495359e-08
3300,0.010723193925485259,0.00041071955095627,0.0049649187243704,0.0053475440679885385,1.158217005165722e-08
3301,0.010606505724742397,0.00030284760816602635,0.005064289318072747,0.005239356262460367,1.253604325491709e-08
3302,0.010496933160727985,0.0001868756639023615,0.005023311024203646,0.005286734059288258,1.2413333719523066e-08
3303,0.010580101408122504,0.00026657862490669855,0.005032889691646963,0.005280621139827945,1.1951740896680481e-08
3304,0.010716956719689417,0.00040935025666600264,0.005153783770260419,0.005153809693672031,1.2999090965915064e-08
3305,0.010685671351613744,0.00037450289841388503,0.0049722185053253385,0.005338936557922063,1.3389952458366475e-08
3306,0.01053100453352666,0.00022696919043876146,0.005036306281722809,0.005267715616759344,1.3444605745035728e-08
3307,0.010516641481923366,0.00021247571518361635,0.005052180358349572,0.005251973106255485,1.2302134693265203e-08
3308,0.010636732228706773,0.00032410607599605814,0.004945236881475386,0.0053673770862486285,1.2184986701180728e-08
3309,0.010727924156403747,0.00042246728483334896,0.0050153558975384776,0.005290087393873027,1.3580158892904987e-08
3310,0.010662617567665381,0.0003573166621585511,0.004955949933202686,0.005349338232069765,1.274023437971301e-08
3311,0.010500592601373333,0.00019683544617523017,0.005018203566389624,0.005285541154997291,1.2433811187644127e-08
3312,0.010535884236731135,0.00022924714962121312,0.005040212160886965,0.005266412799604885,1.2126618072522611e-08
3313,0.010648778798847234,0.00034117321486878244,0.00502994233511012,0.0052776510895116546,1.2159356676719617e-08
3314,0.010713951712598577,0.0004104588726948689,0.005148611599421706,0.005154867696231847,1.3544250154690703e-08
3315,0.010642998012182926,0.0003327344079475472,0.004993536206037314,0.005316714741848225,1.2656349839757442e-08
3316,0.010499819636234762,0.00019824881411296087,0.005080819423579495,0.0052207391583719304,1.2240170374836938e-08
3317,0.010536415646022725,0.00023829251023401167,0.005077330802995745,0.0052207794014213355,1.2931371632644664e-08
3318,0.010676573686814239,0.0003677916193237175,0.0049037415614837584,0.0054050269727096995,1.3533297062624626e-08
3319,0.01071475967290955,0.0004120753922619055,0.004980797828844238,0.005321872887686792,1.3564116613499421e-08
3320,0.010657419248356339,0.0003551289230697987,0.004950864568532451,0.005351414010135064,1.1746619022366962e-08
3321,0.01049318566004167,0.00019246696057037478,0.004995504604034366,0.005305201990252136,1.2105184791969885e-08
3322,0.010545204066489637,0.00024167250895727415,0.005006855946818408,0.0052966629643232494,1.2646390706981787e-08
3323,0.010646594226377348,0.0003434621532223748,0.005031788097582665,0.0052713316569080095,1.2318664299120488e-08
3324,0.01071525664079813,0.00041577550056976474,0.005181074629170038,0.005118393586803481,1.292425484585418e-08
3325,0.010681008347813612,0.0003719386969147878,0.0049737198686921405,0.0053353374792383,1.2302968383722749e-08
3326,0.010499735419406181,0.00019946698913772225,0.005010112157492391,0.005290143593178782,1.2679597287062995e-08
3327,0.010556673149192453,0.0002637463260700938,0.005029948454712723,0.005262965637473461,1.2730936174537898e-08
3328,0.010615508969132501,0.00031294055800524926,0.004899015952189318,0.005403540129386276,1.232955165709201e-08
3329,0.010773237753270886,0.0004703943001833529,0.004940057199862676,0.005362773405940766,1.2847284092910432e-08
3330,0.010665712158566718,0.0003644989466672457,0.004932225829336703,0.005368974930651115,1.2451911655260705e-08
3331,0.010560956488744276,0.00026853425994340774,0.005080907809995295,0.005211501142919322,1.3275886250995739e-08
3332,0.01050741393229972,0.00020670997398194288,0.00503678922246281,0.005263902181602052,1.2554252915366075e-08
3333,0.010593672241602963,0.0002872334962428134,0.005024896334155968,0.005281530760050043,1.165115413788533e-08
3334,0.010710089579026236,0.000413540139024192,0.005190983009744084,0.005105553724337465,1.2705920496162485e-08
3335,0.010678234162629044,0.0003793042797056735,0.0049924521819555475,0.005306465106996465,1.2593971358828942e-08
3336,0.010593196456118401,0.0002939305211639195,0.004985661311192182,0.005313592342156612,1.2281605687099604e-08
3337,0.010484205707331513,0.0001850386931687563,0.0049679976242442015,0.0053311582915249725,1.109839358253855e-08
3338,0.010569145813347308,0.00027461622898428166,0.0049718064586059315,0.0053227112971985365,1.1828558560388792e-08
3339,0.010678244953729946,0.0003863696306537195,0.00502426979252479,0.0052675915912978296,1.3939253605677364e-08
3340,0.010743283280700998,0.00043715902511806996,0.00490067461346974,0.005405437056844424,1.2585268762571835e-08
3341,0.010602713813375873,0.00030717001995423434,0.005061688573803031,0.005233843121898733,1.2097719874239652e-08
3342,0.010505315736469248,0.00021313149819298562,0.005051976165582398,0.005240195886869961,1.2185823903751093e-08
3343,0.010534599596844002,0.00023766151090107458,0.004975503776611204,0.005321421164932481,1.3144399242476709e-08
3344,0.010714907996095488,0.0004172761847882258,0.0050259901423055225,0.005271628300368876,1.3368632863655397e-08
3345,0.010718712339514146,0.0004191325750694511,0.004990041761337128,0.005309526678952674,1.1324154892840691e-08
3346,0.010609246181181623,0.0003193346625830629,0.00514894804814997,0.005140951914226365,1.1556222223538403e-08
3347,0.010480245053476386,0.00018542300072558478,0.005028186136306148,0.005266624167742593,1.1748702059068062e-08
3348,0.010574578355053094,0.00027443013411037123,0.004954782392589925,0.0053453536854629275,1.2142889870109894e-08
3349,0.010696027499650314,0.0004066268582297156,0.005086000216958176,0.0052033871029059245,1.3321556498845813e-08
3350,0.010696991042714644,0.0004033191448314121,0.00496694940269577,0.005326710075552797,1.241963466377444e-08
3351,0.010542256643624041,0.00024837148135017055,0.005008758765835746,0.005285114166565232,1.222987289316483e-08
3352,0.010488943237262951,0.00019449673203657744,0.004990331434274552,0.0053041030304462515,1.2040505570659314e-08
3353,0.010597305032402058,0.00030573918116310537,0.0049795906817428305,0.005311962777601565,1.2391894557526142e-08
3354,0.010723911874361697,0.0004359798592033641,0.005104407854956493,0.005183511290133291,1.2870068549792378e-08
3355,0.010662150146092108,0.0003631270121368899,0.004985522816021211,0.005313489128041442,1.1189892564978265e-08
3356,0.01049600763041924,0.0002041825578987421,0.005064915486224789,0.00522689774569517,1.1840600537522306e-08
3357,0.010522720925471426,0.00023651406579180666,0.005071332193622752,0.005214861938374192,1.2727682674453e-08
3358,0.01065262027067353,0.00035976909761437943,0.00497472398311408,0.005318115621475326,1.1568469745284139e-08
3359,0.010739512912044016,0.0004482034171088849,0.00507473639962742,0.005216561596929892,1.1498377819455711e-08
3360,0.010568460882238711,0.0002751697366435433,0.004980418546717303,0.00531286062104607,1.1977831795909958e-08
3361,0.010488712799347483,0.0002028515732182963,0.005012665868229649,0.005273181672654349,1.3685245188182326e-08
3362,0.010563258040925678,0.0002784004201353718,0.005047324782731102,0.005237520042758534,1.2795300669774686e-08
3363,0.010718432357698619,0.00042403617810043683,0.0049607116264171955,0.005333673872548034,1.0680632952732189e-08
3364,0.010676915604127504,0.000388893044444665,0.005095587124197804,0.005192423505320184,1.1930164848255498e-08
3365,0.010506813487970642,0.00021942602799622139,0.005036552665275455,0.005250822145174265,1.2649524701081454e-08
3366,0.010505334210846208,0.00021790590665560358,0.005024799791772498,0.00526261623494229,1.2277475814807435e-08
3367,0.010656446595996369,0.000369758937533564,0.005081709818913528,0.005204966157036954,1.1682512322153736e-08
3368,0.010713344617848555,0.00042335208177345877,0.005029564282685805,0.005260417382349311,1.0871039979438981e-08
3369,0.010579235688782074,0.0002944843528953617,0.005177675249276385,0.005107063848004099,1.2238606229320181e-08
3370,0.010471832964954823,0.00018249115854680417,0.005049532864619079,0.005239796387266422,1.2554522517509371e-08
3371,0.010563358534015908,0.00027296025407242655,0.004968802278752246,0.0053215840884304096,1.1912760827228879e-08
3372,0.010695466082339946,0.00041727883680802406,0.005086678681862778,0.005191496554225949,1.200944319487103e-08
3373,0.010642928755173666,0.00035790046980643353,0.004939441759086484,0.005345575079722316,1.1446558431392108e-08
3374,0.01050751362653782,0.00021909377785428512,0.004934331017577024,0.0053540764777509344,1.2353355575693358e-08
3375,0.010491680332036013,0.00020676752941689233,0.004970272013930053,0.005314628333861385,1.2454827683150481e-08
3376,0.010586287825380469,0.0003027060205340733,0.0049596287113489465,0.005323941299136253,1.1794361195417696e-08
3377,0.010694008861503538,0.0004134521161728021,0.00506032758466294,0.005220217511428125,1.1649239671978948e-08
3378,0.01060094050758631,0.0003145343490923824,0.005005696376538413,0.0052806989444677275,1.083748778534508e-08
3379,0.010474695802718264,0.00019180333064798395,0.005085937944984746,0.005196942086188773,1.2440896761855612e-08
3380,0.01051031028251566,0.0002276242604928659,0.005098610282223623,0.005184062832437167,1.2907362004336839e-08
3381,0.010605572292411816,0.00032034079243468104,0.005052934235535218,0.005232286205669309,1.1058772607677858e-08
3382,0.010684655872660593,0.00040429578429166405,0.0051470918544072,0.00513325699097333,1.1242988397729096e-08
3383,0.010615989527419888,0.00033303204173287695,0.004982795882007698,0.00530014990240056,1.1701278753410372e-08
3384,0.010484976845438814,0.00020796575450504403,0.005046264654012161,0.005230734041618577,1.2395303032898846e-08
3385,0.010485304273967277,0.00020501017462261852,0.005037011610186397,0.005243270911123336,1.1578034925034053e-08
3386,0.01061650692552464,0.0003295983102340946,0.004934609410848861,0.005352288149943414,1.105449827215261e-08
3387,0.01066946942158077,0.0003951682582813832,0.005035923474928923,0.005238365385167368,1.2303203097371142e-08
3388,0.010657707912283675,0.00037977973416332986,0.00494106216538424,0.005336854114919296,1.1897816808287304e-08
3389,0.0105292291973378,0.00024754510660845714,0.004971598842627274,0.005310073087311115,1.216079095380858e-08
3390,0.010457988140685503,0.00017654765283072092,0.0050231370953435365,0.005258292075537767,1.1316973478365031e-08
3391,0.010553848058681167,0.0002759798022862817,0.005048114741268505,0.0052297425876325,1.0927493880532147e-08
3392,0.01062769401764243,0.0003513827786078912,0.0050716199771972635,0.005204679346390042,1.1915447233308538e-08
3393,0.01068013654348511,0.0003967050943263973,0.0049548315587046475,0.005328588513183687,1.1377270377732382e-08
3394,0.01058761366110372,0.0003141011414594718,0.005116913716138903,0.005156586889036619,1.1914468725621162e-08
3395,0.010471808461767864,0.00019641506335478146,0.005027802635063651,0.005247578965541476,1.1797807956459693e-08
3396,0.010486306145785221,0.0002059039576222268,0.0049452588489405985,0.005335131463224771,1.1875997626804059e-08
3397,0.010568624248752883,0.00029418807341782127,0.004997536235691769,0.005276887988959841,1.195068345155635e-08
3398,0.010674779742718469,0.0003993623960257217,0.004946093720079684,0.005329312341568621,1.1285044443008158e-08
3399,0.010717995224183584,0.00044463343206598656,0.00506604276818943,0.005207306882704454,1.2141223712990431e-08
3400,0.010570799449993683,0.000289630991616466,0.005007371281204705,0.005273785943384087,1.1233788424812813e-08
3401,0.010484621934147653,0.00020943877702893457,0.00510822617636487,0.005166945314644397,1.1666109451549421e-08
3402,0.01050592083530842,0.0002329576968986809,0.00510189233331985,0.0051710591237637,1.1681326189912761e-08
3403,0.01063313041082923,0.00035332944727603597,0.005004605316258834,0.005275185358992185,1.0288302175682263e-08
3404,0.01070307997264544,0.00042934724058292815,0.005115000650581194,0.005158721291300895,1.079018042434595e-08
3405,0.010579756977229635,0.00030544432688888416,0.004949052954507069,0.0053252478743552,1.1821478482084648e-08
3406,0.010491442635421056,0.00021783700515976833,0.0049352492428905706,0.0053383440294520156,1.2357918702189821e-08
3407,0.010474935150761283,0.00020142450053635684,0.004974596059637176,0.005298903797590646,1.0792997103591382e-08
3408,0.01060837955677923,0.0003339258812270877,0.00494401873759663,0.005330424705415232,1.0232540280185842e-08
3409,0.010700518844828248,0.0004313332944588418,0.005014100465628684,0.005255073022849415,1.2061891309030782e-08
3410,0.010635828671017089,0.0003600586238310883,0.004953186826051646,0.005322571340935504,1.1880198850871503e-08
3411,0.01051721631657889,0.0002446663715693211,0.005108135793187513,0.005164402890621824,1.126120023150513e-08
3412,0.010449264559925953,0.00017693614671217793,0.005095765511321701,0.005176552260390438,1.0641501636644581e-08
3413,0.010581370434241212,0.0003082515069253059,0.005025099888785109,0.005248008466567614,1.0571963183242883e-08
3414,0.010680904972695748,0.0004108097727578208,0.005127064425627181,0.005143019598669965,1.1175640780690077e-08
3415,0.010650558531964293,0.0003740206225771118,0.004985421707412596,0.005291105375326383,1.0826648202824071e-08
3416,0.010519771455134004,0.00024914987420182285,0.005033612629822051,0.005236997222742933,1.1728367197068403e-08
3417,0.010448938807233923,0.0001814734436684044,0.005026025705491436,0.00524142833470203,1.1323372051711544e-08
3418,0.0105811463112368,0.0003085334957271951,0.004954658929486009,0.005317943272937,1.061308659720049e-08
3419,0.010702684434109409,0.00043223823881605985,0.005020400720284724,0.005250033861567523,1.1613441101302448e-08
3420,0.010679081393065488,0.00040730604499182794,0.00497743501942375,0.005294329054945922,1.1273703989430207e-08
3421,0.01050881557042357,0.0002407842143055624,0.0051171031680282975,0.00515091744786159,1.0740228120808869e-08
3422,0.010458645678055482,0.00018690788587063454,0.005044857687192343,0.005226870011612162,1.0093380342522058e-08
3423,0.010586318434765004,0.00031506621500105594,0.004977860580315812,0.005293381155582318,1.0483865818056703e-08
3424,0.010700937773815103,0.00043703421674437743,0.005128991821063144,0.005134900217735156,1.1518272426582741e-08
3425,0.010609585576068774,0.00033635368314168315,0.004992917331391737,0.005280304030259881,1.053127547289143e-08
3426,0.010466896537081286,0.00019525248167320168,0.0050046241387238,0.005267008941032246,1.0975652036467922e-08
3427,0.010485262198714231,0.0002220979532893511,0.005043822717981526,0.005219330079352,1.1448091354083939e-08
3428,0.01063172814346881,0.000364125976890305,0.004974738458328123,0.005292853032980945,1.0675269435643518e-08
3429,0.010706577516673933,0.000435800588256704,0.0050350681073908846,0.005235697869890897,1.095113544749559e-08
3430,0.010539654564588077,0.0002677726785316329,0.0049649189523778515,0.005306952031870293,1.0901808299740377e-08
3431,0.01045366754615447,0.0001914771591877397,0.0050547323177842,0.005207446580305937,1.1488876593446834e-08
3432,0.010529270420852097,0.00026423416281713187,0.00508931226826926,0.005175713052021043,1.0937744661321809e-08
3433,0.010683114349454082,0.0004078007663511292,0.0049785594952151775,0.005296744315976498,9.771911278262985e-09
3434,0.010627662768428898,0.0003631854695835885,0.005105677940132996,0.005158788486250748,1.0872461564340589e-08
3435,0.010478434539196498,0.0002147149596821129,0.0050170144637490715,0.005246694040732655,1.1075032658580667e-08
3436,0.010458903037089611,0.00019083554072016408,0.005004845269293086,0.005263211785742412,1.0441333948290162e-08
3437,0.010620374884236672,0.0003539512627650746,0.005092279421658613,0.005174134003232119,1.0196580865188402e-08
3438,0.010661895021263116,0.00039465930585269197,0.004974868762205739,0.005292356716237357,1.0236967327015896e-08
3439,0.010564783458641811,0.00030355230422481066,0.005027512089112793,0.005233707772105896,1.1293198311881051e-08
3440,0.010437458492198477,0.00017200170302795158,0.004995064390473869,0.005270382295560191,1.01031364670941e-08
3441,0.010507943598203751,0.00023909518853349886,0.004975885060050728,0.005292953772614763,9.577004759777057e-09
3442,0.010649297665365957,0.0003882229832878573,0.0050611690112587985,0.005199894867223565,1.080359573706991e-08
3443,0.01064833001549766,0.00038535858164958953,0.004975619430334756,0.0052873413310590995,1.0672454216210813e-08
3444,0.0104965846899665,0.00023227375974024222,0.0050505337106158815,0.00521376646509989,1.0754510487160199e-08
3445,0.010442699344166239,0.00017635811456580736,0.0050570916698177044,0.005209239334777257,1.0225005468553032e-08
3446,0.01054543336453093,0.00028336860560699336,0.005067043068342116,0.005195011500704044,1.018987777691009e-08
3447,0.010658980212371345,0.00039856641762512707,0.005161387348504501,0.005099015407634651,1.1038607066019512e-08
3448,0.010628672426276025,0.0003596783421562845,0.005005076756337005,0.005263907324838092,1.0002944644478733e-08
3449,0.010491338361151865,0.0002304453575227547,0.00509987056308289,0.005161012466085391,9.974460831017316e-09
3450,0.010445537874062995,0.0001868389444772634,0.005025362153514714,0.00523332651260854,1.0263462477395193e-08
3451,0.010576117487177851,0.00031112624109803715,0.0049157352292131555,0.005349246336033693,9.680832965463092e-09
3452,0.010672712546518248,0.00041369078916877984,0.00501131289284277,0.005247699066451199,9.798055498819154e-09
3453,0.010584490536425588,0.00032176110662309414,0.0049194863623995,0.0053432329936354914,1.0073767502472175e-08
3454,0.010481187806275407,0.00022075064799554592,0.0049379584573120035,0.00532246744168313,1.1259284727626722e-08
3455,0.010465187222420387,0.00020651900831371585,0.004988317786060067,0.005270340276311025,1.0151735579769775e-08
3456,0.010552802017045235,0.00029002850254665653,0.004957074436826069,0.005305690147785418,8.929887091258663e-09
3457,0.010673458873199253,0.0004148127169611699,0.005039648135644064,0.005218988269967848,9.750626170329212e-09
3458,0.01058707250370092,0.00032731349612242757,0.005001049085333227,0.005258700198041845,9.724203421545092e-09
3459,0.010472632709488958,0.00021384766373223015,0.005089360482930896,0.00516941466690228,9.895923551498953e-09
3460,0.01046920848784078,0.00020847956244755757,0.005057025649392575,0.005203693779547391,9.496453257753858e-09
3461,0.01051889847150068,0.00026119823876009517,0.005057348602823378,0.005200342295814655,9.334102552319623e-09
3462,0.010647461808493994,0.00039197351974639983,0.00516396357630852,0.0050915143213584035,1.0391080671035529e-08
3463,0.010675443980384426,0.0004102581937773534,0.004941230951003425,0.005323944675207129,1.0160396518362866e-08
3464,0.010535363458124303,0.0002791418675265507,0.005037063419830578,0.005219148058139573,1.011262760214091e-08
3465,0.010489783936277785,0.00023655932086082693,0.0050383765476756034,0.0052148388375069885,9.230234366897397e-09
3466,0.010460080231983747,0.00020054673740643665,0.004923978720334354,0.0053355453602527084,9.413990248366211e-09
3467,0.010653015158158112,0.0003929617981188322,0.004917138366932871,0.005342904864640808,1.01284656013737e-08
3468,0.010697417968499186,0.00043943330806366597,0.0049479558757912455,0.005310019608104714,9.176539560721878e-09
3469,0.01067465136037754,0.0004211547464285036,0.005159235662713965,0.005094251627559552,9.323675518991751e-09
3470,0.010513290335351293,0.00025133146013653346,0.004980618476716851,0.0052813313273386816,9.07115922707911e-09
3471,0.010457187903105456,0.00019744425011957063,0.0049487166704288614,0.005311017363685255,9.618871769991675e-09
3472,0.010610256169492184,0.00036044537404865206,0.005052762297086433,0.005197038338920973,1.0159436125534993e-08
3473,0.010675353164349814,0.0004181543560694516,0.00491927742468595,0.005337912085067699,9.29852671244733e-09
3474,0.010660657481142142,0.0004024849367726278,0.00494316262789717,0.005315000421443857,9.495028487295362e-09
3475,0.010444951059947877,0.00018726858538879225,0.004926982477966442,0.005330690746166442,9.250426200983698e-09
3476,0.01051003400291978,0.00025818484082057745,0.005002731285534396,0.005249108543643863,9.332920942535375e-09
3477,0.01060514275298199,0.0003517525918740317,0.00511467919253809,0.005138701664704973,9.303864896340057e-09
3478,0.010734902193842925,0.0004707666636239583,0.004990174461549784,0.005273952676509012,8.392160171141978e-09
3479,0.010541504165515827,0.00028792674961146793,0.0051180807360328776,0.005135487216773595,9.463097887377123e-09
3480,0.010471870176696109,0.0002224631599562278,0.005082646432001792,0.005166750625861364,9.958876725153135e-09
3481,0.010522599061980158,0.00026640919042931577,0.004998440258711281,0.005257740590198412,9.02264114849871e-09
3482,0.010713956116603246,0.00045602658903850997,0.005048078695762099,0.0052098425224975315,8.30930510661404e-09
3483,0.010608946262267055,0.00035154871606599976,0.004971636386871779,0.005285753035631656,8.123697618667944e-09
3484,0.010475482091483497,0.00022812060272516823,0.00505161604657082,0.005195735399489637,1.0042697872773928e-08
3485,0.01046748937701404,0.0002156702244544141,0.005017625134184769,0.0052341835590323516,1.0459342504595529e-08
3486,0.010632203768075943,0.00036967685783308006,0.0049453524380414235,0.005317165576644059,8.895557380935105e-09
3487,0.010663208981137769,0.00041138967190625553,0.0050938410075719864,0.0051579694637064796,8.83795304613466e-09
3488,0.010515930781571455,0.000266821969945704,0.0049928524769758354,0.005256247445139468,8.889510447063728e-09
3489,0.010432257995744045,0.00018034964971751,0.004960917066106083,0.005290982115735832,9.164184620731106e-09
3490,0.010547800923927028,0.00029198936846752725,0.004981398667039933,0.00527440429304459,8.595374977347843e-09
3491,0.010647738993897782,0.0003905987886935976,0.004959856944764202,0.005297275513632803,7.746807179838203e-09
3492,0.010609758127694694,0.00036289318654592664,0.005116504182129336,0.00513035210201005,8.65700938122484e-09
3493,0.010441820795125558,0.00019043855441024042,0.00499392479318921,0.00525744861289975,8.834626359054688e-09
3494,0.010471814302772234,0.00021483490908085572,0.004960828357188557,0.005296142038584056,8.997918764558409e-09
3495,0.010577710499937956,0.00032620804151843255,0.005084221949176998,0.005167271035075885,9.47416663982542e-09
3496,0.010660487475141547,0.0004095371371939835,0.005033893883948699,0.005217047747505615,8.706493248967672e-09
3497,0.010523391283269413,0.0002752566729670518,0.005110665833687567,0.005137460204492246,8.57212254822179e-09
3498,0.010436995187324816,0.00018241191078768534,0.00496866783984671,0.005285907156419354,8.280271066062018e-09
3499,0.010489702285541327,0.0002349153077259477,0.004934433717670293,0.00532034468274413,8.577400955336414e-09
3500,0.010622202164169519,0.0003766103462853769,0.005076671479462843,0.005168911414609738,8.923811560432498e-09
3501,0.01063633342542905,0.0003845668024766437,0.004952550806292132,0.005299207918376901,7.8982833722924e-09
3502,0.010513047173317455,0.00026236269881031585,0.004975491029638504,0.00527518513107329,8.313795347060323e-09
3503,0.010421479961186038,0.00017216029852877785,0.004975525775059553,0.005273785216149995,8.671447713392872e-09
3504,0.010499444499426492,0.0002512996070711458,0.004994806009855201,0.005253330125636955,8.756863189337024e-09
3505,0.010631873576436714,0.00038408590244895453,0.005093863904064549,0.005153915148070223,8.621852989120658e-09
3506,0.010631856913629903,0.0003776971071000857,0.004982779688541132,0.005271372294183851,7.823804834131821e-09
3507,0.010477052691967553,0.00023011543622599194,0.005083006982106052,0.00516392155125032,8.72238518825399e-09
3508,0.010432040306507491,0.00018666973385049975,0.005059015312791824,0.0051863464022259146,8.857639251470911e-09
3509,0.010511668378185712,0.00026179570316234253,0.004993372536104202,0.005256492358124817,7.780794351023074e-09
3510,0.010664054656969233,0.0004161054094790651,0.005066238531771482,0.005181702944849382,7.770869304026896e-09
3511,0.010599284409593542,0.0003501901835128691,0.004985643361515466,0.005263442755304665,8.10926054338249e-09
3512,0.010465374590419171,0.00022178143833739708,0.00507251011794171,0.005171073862959661,9.17118040113576e-09
3513,0.010422998185905011,0.0001759979743895339,0.00504157855356591,0.005205412853491093,8.804458473859698e-09
3514,0.010546032145367909,0.00029522919518588686,0.005010063781643266,0.0052407310572372525,8.111301503656533e-09
3515,0.010659232942493919,0.0004147836968970534,0.005150155304802414,0.005094285350924656,8.589869795913203e-09
3516,0.01057605656014495,0.00032901393933666505,0.004987025485938824,0.0052600088276394015,8.307230059144625e-09
3517,0.010444338572967247,0.00019779467667439796,0.00498318879282203,0.005263346714775311,8.388695509805914e-09
3518,0.010427246246530521,0.00018263840610479,0.005012793128262927,0.005231806406329148,8.305833656489168e-09
3519,0.010574425955460518,0.0003294201984306686,0.004981240511010232,0.005263757018102703,8.227916913746512e-09
3520,0.010647578199158387,0.0004055967492660779,0.005047804056459874,0.005194168880614083,8.512818352140347e-09
3521,0.010565077575259813,0.00031606255698996417,0.00493571303071005,0.005313293896671303,8.09088849622882e-09
3522,0.010437142075366168,0.00019255491515186417,0.005025788353796982,0.005218790078633528,8.727783794088801e-09
3523,0.010469073707328849,0.00022814982007383095,0.0051197910385808254,0.005121124528645492,8.320028698133358e-09
3524,0.010592408408286685,0.0003462512920786893,0.004977582719046258,0.005268566204082405,8.193079333119886e-09
3525,0.010646993957736734,0.0004049521019802296,0.0050305705467402866,0.005211462224182131,9.084834086999197e-09
3526,0.010559088788052977,0.00031611199171693004,0.0049952054447274,0.005247762667049277,8.684559368303393e-09
3527,0.010436634886740426,0.00019355486282519473,0.005044737690378196,0.00519833399398702,8.339550015358662e-09
3528,0.010467400083424054,0.00022396143985028692,0.0050784785685778645,0.005164952704748693,7.370247208720221e-09
3529,0.010605458792541047,0.0003613591353477902,0.005011775166253921,0.005232316868083399,7.622855935071595e-09
3530,0.010658334443335813,0.00041835930199129664,0.005114908651022676,0.005125056718136159,9.77218568098623e-09
3531,0.010485369206760973,0.0002408151700388621,0.0050363654812380625,0.005208179585642335,8.969841710952283e-09
3532,0.01044712856350393,0.00020401677710560985,0.005080925557606074,0.005162178287707824,7.94108442234601e-09
3533,0.010499273609175871,0.00025963357176242907,0.005083481391128598,0.005156150362891536,8.28339330756473e-09
3534,0.010609545447656342,0.00036873064364494664,0.005009662956936428,0.00523114342353042,8.423544547743277e-09
3535,0.010640370261476597,0.00039989904194042715,0.0051281765099665455,0.005112286036002576,8.673567048540004e-09
3536,0.010490811118774345,0.00024312831181661203,0.004953720759348382,0.005293953801314936,8.24629441688931e-09
3537,0.01041695172684515,0.00017708596259494535,0.004966821442762104,0.005273035852456035,8.469032065392952e-09
3538,0.010532678236710008,0.00030043109289384126,0.005028459649979851,0.005203778916652387,8.577183928711911e-09
3539,0.010602168714838916,0.0003574503101868355,0.0048568552477504245,0.005387854871258776,8.285642879290002e-09
3540,0.01068974545312961,0.0004441637610327691,0.004881220869606648,0.005364351934613204,8.887876989999817e-09
3541,0.010513785369141573,0.00027396867571733173,0.00496215465710432,0.0052776537023391515,8.333980769920825e-09
3542,0.010449683125788967,0.0002156024284281675,0.005070948229196443,0.005163124154083623,8.314080733526314e-09
3543,0.010484516457298424,0.00024557677710534693,0.005024616702151527,0.0052143147091214025,8.268920148161018e-09
3544,0.010578308707454116,0.0003318671783550131,0.004967740627748137,0.005278693034679551,7.866671413898371e-09
3545,0.010626494733523015,0.0003885620567808631,0.005162530424528517,0.005075393494668132,8.757545503145067e-09
3546,0.010535779476306864,0.00029993848117873946,0.005023041580262584,0.005212790334058936,9.080806603060573e-09
3547,0.010440051175532681,0.00020323822946410942,0.004999133425247183,0.005237670744576488,8.776244901224307e-09
3548,0.010444804457357876,0.00020498529491777486,0.005002139093108853,0.005237672395713759,7.673617487281858e-09
3549,0.010513006189012292,0.00027368882799096357,0.005016840697771325,0.005222469047835226,7.615414777657369e-09
3550,0.010637098615593399,0.00040299440378071654,0.005128125595327742,0.0051059696447743426,8.971710598520317e-09
3551,0.010592435037324432,0.00035123534479691447,0.004928438059178269,0.005312753014358162,8.618991086215217e-09
3552,0.010539292646610264,0.00030035792161667996,0.004963275368536937,0.005275650756092835,8.60036381304573e-09
3553,0.010394773406336209,0.00015756676714195658,0.004987685911363866,0.005249512204944481,8.522885905760391e-09
3554,0.010494875893705008,0.00025973585244922257,0.00502326597963619,0.005211865679449375,8.382170220293922e-09
3555,0.010555857559458762,0.00032159917331918094,0.0050703899839115215,0.005163860508997801,7.89323026070219e-09
3556,0.010671681134811121,0.0004277028345791205,0.004882016199616695,0.00536195494852125,7.152094056102972e-09
3557,0.010595647362486884,0.00036013633627520435,0.004968013594019142,0.005267489046074381,8.386118157127726e-09
3558,0.010468889173011909,0.00023617127115100345,0.0050054170749478395,0.005227292256361017,8.570552049366987e-09
3559,0.010430805525485651,0.00019717723998150365,0.005065518674101561,0.005168101407752468,8.203650118491624e-09
3560,0.010518949121701301,0.000281332253685668,0.005057260614406861,0.005180348159407568,8.094201202553196e-09
3561,0.010626583805249615,0.00038608561609640977,0.004973940437718002,0.00526654971243471,8.03900049235773e-09
3562,0.010620986497445055,0.0003899841526469997,0.005179981265750381,0.005051012084378847,8.994668827165757e-09
3563,0.010498917874174755,0.0002652557812128981,0.0050504933257917465,0.005183160322832881,8.44433722993098e-09
3564,0.010409289589564486,0.00017102807876062646,0.005005518124012321,0.005232735512931313,7.873860225444886e-09
3565,0.010463029683797266,0.00022630154736314248,0.0050041304497353166,0.005232590346968258,7.339730548395437e-09
3566,0.010580848843336634,0.0003465581849950382,0.004966346979257572,0.005267936504753674,7.174330350446891e-09
3567,0.010662565067407623,0.00043335830409367245,0.005091654818598603,0.005137543813111838,8.131603510766583e-09
3568,0.010547984561368956,0.0003091174594076473,0.004944008321001063,0.005294850999105222,7.781855022570587e-09
3569,0.010440672713784791,0.00020312130351255706,0.004974679662059518,0.005262863564361022,8.183851694618545e-09
3570,0.010425909099751168,0.00019359925284899616,0.005010284944754621,0.005222016152925546,8.749222004587874e-09
3571,0.010595625117221084,0.00036418482312348136,0.004974707724966607,0.005256724310991571,8.25813942584757e-09
3572,0.010663442044560703,0.000434190904310202,0.005080204731899612,0.005149038524478927,7.883871961166284e-09
3573,0.010573148143113473,0.00033343480806492494,0.004920179262931823,0.005319526808036922,7.264079802181745e-09
3574,0.010413729175189295,0.00017897026124538758,0.004981935287937794,0.0052528154191621695,8.206843943847336e-09
3575,0.010470886130873268,0.00024280251630002974,0.005073780880946066,0.005154294364391545,8.369235624970823e-09
3576,0.010604755691784888,0.0003721357514629765,0.0049730212017879884,0.005259591447216421,7.291317503653148e-09
3577,0.010684100226676064,0.00045080743739325796,0.005031279835342003,0.005202005543409127,7.41053167547919e-09
3578,0.010484230743036504,0.0002486688905390775,0.005004891528146658,0.005230662734942781,7.589407988031132e-09
3579,0.010413213822257562,0.00018292170772734486,0.005106322692225267,0.005123960646061656,8.776243294637524e-09
3580,0.010532094168419198,0.0003019332403182009,0.005141509930724061,0.0050886419573697,9.040007236099073e-09
3581,0.010642909812744319,0.0004057993626373153,0.004997623933253509,0.005239479123212099,7.393641395957645e-09
3582,0.010566879030737277,0.00033397801744242795,0.005114494755201752,0.005118398989419667,7.268673428770367e-09
3583,0.010411200343928582,0.00017953126012417383,0.005054295274785126,0.00517736618598535,7.623033932884e-09
3584,0.010465129070869208,0.0002352246980572969,0.005008701514402905,0.005221194960005436,7.898403571074507e-09
3585,0.010617052450679577,0.00038863925992894325,0.005031143064521043,0.005197262081993469,8.044236121924735e-09
3586,0.010615121587480479,0.0003773798206734652,0.004892671307342583,0.005345062824082515,7.635381915813359e-09
3587,0.010437604029479339,0.00020753723401159668,0.0049902139406839685,0.005239844511755474,8.343028299456873e-09
3588,0.010440487201051535,0.000214223093396066,0.005048395547533794,0.0051778604768632185,8.08325845552208e-09
3589,0.01054889801598368,0.0003156613963642602,0.004933804332558628,0.005299424987218985,7.299841808067682e-09
3590,0.010673180890131806,0.00044161330037220783,0.004981837954494815,0.005249722216936046,7.418328737068751e-09
3591,0.010534925449544093,0.00030423021185730737,0.0049856634681586035,0.005245024389818003,7.379710179893616e-09
3592,0.010402676491153959,0.00017571449388959236,0.005065876368333423,0.005161077000856718,8.62807422473183e-09
3593,0.010493132641517612,0.0002643180150746831,0.005068974150261221,0.00515983189771473,8.57846697791233e-09
3594,0.010613692662563677,0.00037993788052651455,0.005006652399800393,0.005227095421493662,6.960743107485107e-09
3595,0.010582313587908669,0.00035249420749007435,0.005166830574932819,0.005062981601888258,7.203597516449347e-09
3596,0.010464739720571567,0.0002353252006332405,0.005066171400207447,0.005163235296594816,7.823136061909782e-09
3597,0.010418658684728656,0.00019103186373141263,0.005067258947196812,0.0051603597070452095,8.166755223504366e-09
3598,0.010538301500436916,0.0003101385365801417,0.00510565149642605,0.005122503423071763,8.044358961300027e-09
3599,0.01063235651889308,0.00039791687216471903,0.0049505753985921875,0.005283856893254773,7.354881401145435e-09
3600,0.01049607620494506,0.00027066610749643355,0.005021662390625567,0.005203740174966696,7.531856361825553e-09
3601,0.010442282065709787,0.00021744232348486466,0.00495989019015887,0.005264942229159213,7.322906837946392e-09
3602,0.010428661124135387,0.00019703375985967035,0.004874140478757831,0.0053574794133450085,7.472172876679189e-09
3603,0.010570294415476503,0.00033889537548399614,0.0049171843991695635,0.005314207008202809,7.63262013414778e-09
3604,0.010621927822210981,0.00039355828619697407,0.004928427074401931,0.0052999353487518846,7.112860192325796e-09
3605,0.010513613476003169,0.00029065401243860125,0.005046863738101672,0.005176087922121474,7.803341420160718e-09
3606,0.010457002877680113,0.00022634504382024485,0.0049593481012169234,0.005271301876998416,7.855644529434087e-09
3607,0.010402182413462545,0.0001724479111004275,0.0050030594005233825,0.005226667708461595,7.393377139587465e-09
3608,0.010566318721186121,0.00034234565762695656,0.005125321925159044,0.0050986437676668415,7.370733278971131e-09
3609,0.010624762366812248,0.0003970598804050168,0.004947642153309617,0.005280052716081636,7.617015977968845e-09
3610,0.010612224704572987,0.00038675384993882547,0.004995231251066736,0.005230231161186238,8.442381186490798e-09
3611,0.010463031046121467,0.00023590057468679036,0.0049804822488524825,0.005246640523757065,7.698825128759626e-09
3612,0.010399254066889893,0.00017408912730430083,0.005039337571239032,0.005185820080447221,7.287899339960646e-09
3613,0.010530288190432844,0.00030539500198565743,0.005059039000931181,0.005165846855529147,7.331986858949441e-09
3614,0.010591562588373111,0.00036228036552596907,0.004954735887436425,0.005274539206951775,7.128458942996253e-09
3615,0.010604284300191459,0.00037941608167397085,0.005099252957702244,0.005125607342371764,7.918443479275848e-09
3616,0.01043168618536611,0.00020391666557230168,0.00501906695555115,0.005208694358567816,8.205674843188044e-09
3617,0.010426274471800947,0.00019959121972318812,0.005016058986909559,0.005210616103594672,8.161573525687813e-09
3618,0.010478947460732942,0.000255828719342482,0.005019636219465284,0.00520347501384278,7.508082397399994e-09
3619,0.010626840654820844,0.0003976512853049558,0.004871927204954136,0.005357255272289191,6.892272560510846e-09
3620,0.01062091831086233,0.00039553214380426145,0.004953318803924485,0.0052720595098827575,7.853250824828952e-09
3621,0.010483375333132322,0.0002575999537179247,0.004969630283640875,0.005256137251864884,7.843908639498137e-09
3622,0.01040789749282861,0.0001849632264261758,0.005071064736297268,0.005151861879856484,7.65024868173474e-09
3623,0.010460588240850844,0.00023625612825031123,0.005055239044476543,0.005169085385473002,7.6826509895925e-09
3624,0.01060567450866744,0.0003769665045435917,0.004936011273486939,0.005292688953414519,7.777222390225545e-09
3625,0.010579583552152534,0.0003588624388673587,0.005097539420957057,0.005123173317518663,8.374809455911514e-09
3626,0.010476680905629272,0.0002522219679539303,0.005047314105812737,0.005177137170672532,7.661190073024735e-09
3627,0.010383411533223882,0.00015640497915573608,0.0050329383251305985,0.0051940606323321375,7.596605408739072e-09
3628,0.010476411765137661,0.0002534175352723504,0.005009797074043326,0.00521318919088987,7.964932115214376e-09
3629,0.01059386225289559,0.00037161640642297656,0.004949631089593705,0.005272606917438544,7.839440364525812e-09
3630,0.010612561598661882,0.0003904962550325129,0.00509955059621782,0.00512250645372059,8.293690957865528e-09
3631,0.010498254728387295,0.0002677268016716011,0.004974015142544842,0.005256504930524821,7.853646030391853e-09
3632,0.010374095487178292,0.00015110586792975794,0.004994856158413605,0.005228125541771009,7.919063920603059e-09
3633,0.010481537046055454,0.0002652427127646415,0.005022792525688699,0.005193493805882333,8.001719780212385e-09
3634,0.010588731669010986,0.00036301959547861733,0.004898759671482033,0.005326944653133455,7.748916880126263e-09
3635,0.010643401438977657,0.00041771485021843864,0.004974409434883496,0.005251268780480515,8.373395206474487e-09
3636,0.010463770093685081,0.0002404559470295594,0.0049791835441175564,0.005244122650976667,7.951561298588567e-09
3637,0.010392229499359185,0.00017335431125089132,0.00504363070922506,0.005175236657713725,7.821169508562246e-09
3638,0.01049732014359238,0.0002757779471537962,0.005064432149466628,0.005157102451439198,7.59553275915285e-09
3639,0.010605409578068473,0.00037902684321300384,0.005006449226745958,0.005219926370850702,7.137258809790712e-09
3640,0.01059500243477269,0.0003746633638168746,0.005180653270073598,0.005039677543550417,8.257331799921366e-09
3641,0.010436550381373196,0.00021526046292534302,0.005020858555126091,0.005200422465128221,8.89819353935931e-09
3642,0.01039363166507184,0.00016990951864599485,0.0049726852668757725,0.0052510283226794635,8.556870609698511e-09
3643,0.010505090119378254,0.0002853990364877035,0.0050194153937857915,0.0052002679547575575,7.734347200732551e-09
3644,0.010593791492546795,0.00037228852860015933,0.0049111692744343415,0.0053103263295536385,7.359958654423602e-09
3645,0.010574809954543045,0.00035618899938904685,0.004953689273252232,0.005264923107057136,8.574844629019245e-09
3646,0.010412491064549305,0.00018921243533960092,0.004926426898059671,0.005296843173698007,8.557452026832194e-09
3647,0.010403032360691428,0.00018099355649056178,0.004998003536336798,0.005224026793179777,8.474684290389232e-09
3648,0.010507614644923483,0.00028853538138062275,0.005082295409461088,0.005136775289445715,8.564636057873212e-09
3649,0.010591103627926245,0.0003703048066028926,0.004999630925302293,0.005221160143529504,7.752491556070132e-09
3650,0.010560255773278324,0.00034199945646122234,0.0051039701038346355,0.005114278388115895,7.824866570643417e-09
3651,0.010403479574791003,0.00018069894782377053,0.004988793852401723,0.005233978925284717,7.849280791966481e-09
3652,0.010407990520337692,0.00018769953799371516,0.00498426892180533,0.005236013737268844,8.323269803069288e-09
3653,0.01049127085356112,0.000276788128322125,0.005032260728310292,0.005182213710008805,8.2869198977179e-09
3654,0.010604402261960678,0.0003831850524103678,0.004896682208426446,0.005324527414900695,7.586223168661054e-09
3655,0.01059309935194548,0.00037466778668610794,0.004978668371791147,0.00523975484882928,8.344638943047492e-09
3656,0.01043871451568257,0.00022156781923194141,0.0050182336741632725,0.00519890482248168,8.199805676164542e-09
3657,0.010402060757095523,0.00018434842985676805,0.005090977077095534,0.005126727111635009,8.138508211700137e-09
3658,0.010466325808302979,0.0002453463760851929,0.005069871075771397,0.005151099931987783,8.424458607010182e-09
3659,0.010573714282896239,0.00035299654449870156,0.004997251328652556,0.005223458088108807,8.321636174918114e-09
3660,0.010585597444819022,0.000372046322335708,0.005163758707568366,0.005049783697426925,8.717488024073252e-09
3661,0.010454914315297794,0.00023500758714069717,0.004977604395027976,0.005242294307103754,8.02602536796325e-09
3662,0.010405162304660176,0.00018220153801169314,0.004897318096950951,0.005325634541399073,8.128298460401449e-09
3663,0.010404389064687823,0.00018997085822907645,0.004922004371067199,0.005292405697280285,8.13811126231546e-09
3664,0.01052118925610256,0.0003068002388557594,0.004921197843848189,0.005293183427192961,7.746205650266798e-09
3665,0.010599301252477008,0.0003824365337726411,0.005019668643236293,0.005197187770701228,8.304766844631055e-09
3666,0.010555167476038137,0.00033301208686673954,0.004948008302186983,0.005274139027486299,8.059498113666765e-09
3667,0.010452869139089768,0.0002404771546035938,0.005078434512215191,0.0051339488764203835,8.595850598367094e-09
3668,0.010369417644043115,0.00015560418128375653,0.005058726259719534,0.005155078902671253,8.300368571748483e-09
3669,0.010455475197000899,0.0002349746896915218,0.005009148706736857,0.0052113441671814914,7.633391027913887e-09
3670,0.01056673126801943,0.0003512669584127284,0.005083540758545086,0.005131915802900257,7.748161358304009e-09
3671,0.010616142560468764,0.0004012309942732935,0.004933982025025802,0.00528092179682539,7.744344279132321e-09
3672,0.010547300352001989,0.00033533257357979253,0.004987747597076486,0.0052242115336204285,8.647725281674802e-09
3673,0.010390416370234074,0.00017247604366605723,0.00496348620551577,0.005254446258171203,7.862881044739317e-09
3674,0.010397670095297025,0.00018120701539913993,0.0050084427519932855,0.005208012621319588,7.706585012845308e-09
3675,0.010530510244371403,0.00031923433666823826,0.005086059945816672,0.005125207477432165,8.484454328709703e-09
3676,0.010626156669551794,0.00041099728212754395,0.004972178288810231,0.005242973025103155,8.073510863932629e-09
3677,0.01059064799355749,0.0003767265858172566,0.005089833594720929,0.0051240794238942506,8.389125051937963e-09
3678,0.010399418976445892,0.00018251799756657726,0.00498975661380959,0.0052271359593051925,8.405764532022005e-09
3679,0.010400321013887602,0.00018706564507592742,0.0049842080820405345,0.005229038807103183,8.479667954945964e-09
3680,0.010536121013584948,0.00032622532567647697,0.00503346871141683,0.005176419152509859,7.823981781162919e-09
3681,0.01063261030681003,0.00041289247606697105,0.004873207604273981,0.005346503406675784,6.819793291790969e-09
3682,0.010552347572744345,0.00033718964973988673,0.004915044320074032,0.005300105708272525,7.894657901125254e-09
3683,0.010391149268993479,0.0001811274963591939,0.00497680045061077,0.005233212947856447,8.374167067416755e-09
3684,0.010421847181241612,0.0002091576832485175,0.005023501801414995,0.005189179426348625,8.270229475413543e-09
3685,0.01058028647314474,0.00036398041950643693,0.0051023683847422835,0.005113929468971479,8.199924539915833e-09
3686,0.010568595076288332,0.0003532857866787681,0.005046814666980994,0.005168487072818137,7.549810432177512e-09
3687,0.010486944360249818,0.0002775202288301722,0.0051912839345219786,0.005018131883513818,8.313383848542373e-09
3688,0.010372298837808071,0.00015901104697375198,0.005055034188285912,0.005158244866102032,8.73644637618187e-09
3689,0.010441582531524662,0.00022316468829656927,0.0049682176599098625,0.005250191900243884,8.283074345787217e-09
3690,0.010539740342608466,0.0003308302227852863,0.005042264528682564,0.005166637557284795,8.033855822212231e-09
3691,0.010538252654119656,0.0003284022039475463,0.004902183108190674,0.005307659603446885,7.738534549684395e-09
3692,0.010481414613291688,0.00026925313467905,0.0049072683321597765,0.005304884864580212,8.281872649887316e-09
3693,0.010375581294440887,0.00015905478019700376,0.004931350164152592,0.00528516875549448,7.594596810741238e-09
3694,0.010405441128972123,0.00019280454933489643,0.0050024059437340195,0.005210223091131467,7.544771739415099e-09
3695,0.010482985779741003,0.0002751871838982097,0.0050570912334999525,0.0051506989660681565,8.39627468429837e-09
3696,0.010555433222776937,0.0003429177928781652,0.0049559659157331955,0.005256541427556422,8.086609154261658e-09
3697,0.010574514097875616,0.0003641238814389342,0.005089087056076679,0.005121294827588679,8.332771323263383e-09
3698,0.010461155443077871,0.00024803202451315125,0.0049962973691376235,0.00521681785463196,8.194795135303631e-09
3699,0.010394017748091918,0.00018492201513666378,0.004992720348680561,0.005216366956589818,8.427684875201936e-09
3700,0.010387238841465193,0.00017843931702634335,0.004929883024568219,0.005278908857798564,7.642072066181375e-09
3701,0.010472677577865484,0.00025936444245668077,0.00486991937216791,0.005343386702591836,7.060649058644338e-09
3702,0.010599868644593969,0.00039177636236472073,0.004997555032293096,0.005210529293731677,7.956204474192424e-09
3703,0.010613089405062118,0.00040301017575403473,0.004975127465582745,0.00523494370528247,8.05844286741614e-09
3704,0.010540067158037934,0.0003314449215988245,0.005118170866084428,0.005090443186096809,8.184257871253836e-09
3705,0.010412852673305238,0.0001992853754373379,0.005001941286207473,0.005211618410788867,7.600871561183073e-09
3706,0.010384743281024374,0.00017632049010458717,0.005065827779413181,0.005142587284257655,7.727248949614995e-09
3707,0.010530206514204643,0.0003248374817127328,0.005162700103717147,0.005042660745008609,8.183766153782733e-09
3708,0.010628202528827083,0.00041235428598148326,0.004888909564919209,0.005326930586887374,8.091039015350161e-09
3709,0.010663122764915057,0.00045056541764227135,0.004891878863352612,0.005320669578769736,8.905150438260661e-09
3710,0.010464114241749027,0.0002579759122684708,0.0049352663479932165,0.005270863764854653,8.216632686943672e-09
3711,0.01040088636269137,0.00019632849824554444,0.00500175967373456,0.005202790604210234,7.586501030693061e-09
3712,0.010508651958476108,0.0002977232732108865,0.004974791101548851,0.005236129975206957,7.608509412303932e-09
3713,0.010616588468980215,0.00039972257428147473,0.00490441533066501,0.005312442635993182,7.92804054918273e-09
3714,0.010545853309292877,0.00034038373772046846,0.005127988723726916,0.005077471597558608,9.250286883975131e-09
3715,0.010390875837595185,0.00018497795664195555,0.005075771811630763,0.005130117306358814,8.76296365405375e-09
3716,0.010405458413065758,0.00019534302153348813,0.005029962434451883,0.005180145100839343,7.85624104385116e-09
3717,0.010558072827537282,0.00034934678585643646,0.005094357639250946,0.0051143605333693,7.869060599309402e-09
3718,0.010578017088554522,0.0003685261111184796,0.00500026317797807,0.005209219696242505,8.103215467299887e-09
3719,0.010468544168190319,0.0002629440559388772,0.005098785857181395,0.0051068052644832225,8.990586824386067e-09
3720,0.010357035518561975,0.00014738661434530767,0.0049715656290417526,0.005238074931033826,8.34414109044346e-09
3721,0.010469974673900257,0.00025661442545006906,0.004878992443054288,0.00533435976615988,8.039236019164219e-09
3722,0.010572305118732455,0.00036786942872540457,0.004998392423697548,0.0052060341023596165,9.163949885975782e-09
3723,0.010548019412790845,0.00034137916226222015,0.004960226791186122,0.005246404615251225,8.844091279529415e-09
3724,0.010393350282403156,0.00018614897465732264,0.005028269428206387,0.005178923547087572,8.332451875026269e-09
3725,0.010390640509275103,0.00017950896155818208,0.004976227904727665,0.005234895594426467,8.048562788470533e-09
3726,0.010491768029767505,0.00028202066746088367,0.004958027386820822,0.005251711506251374,8.469234425730905e-09
3727,0.010602920666258156,0.00040096926367590104,0.005125047314593093,0.005076894712956998,9.375032165007635e-09
3728,0.010500118068847233,0.00029188859554999514,0.004960206370817486,0.0052480144501374755,8.652342276403477e-09
3729,0.010391022823854578,0.0001814441923969374,0.0049667731705267245,0.005242796503331361,8.957599554254872e-09
3730,0.010378562294150417,0.00017292778664583142,0.00501566600342816,0.005189959060120382,9.443956043448407e-09
3731,0.010534453542491214,0.00032892147491656325,0.004972334786945215,0.005233188381317569,8.899311868027703e-09
3732,0.010586196263346866,0.0003821143135280889,0.005048650420893436,0.005155423179094384,8.349830956805632e-09
3733,0.01049277314098959,0.00028184982812346767,0.004923548693986967,0.00528736709792218,7.52095697467564e-09
3734,0.010348415128784065,0.00014345283263417246,0.004995519993735042,0.005209433520878072,8.781536779721298e-09
3735,0.010435541436622866,0.0002338658584871645,0.0050552033202000335,0.005146462077959314,1.0179976354900909e-08
3736,0.010555188197411362,0.0003476153392344734,0.004959472953983678,0.005248090761100639,9.143092571308652e-09
3737,0.010599436630863261,0.00039342636697353885,0.005061849408910362,0.005144152342668377,8.512310983337458e-09
3738,0.01042299406352281,0.00021543398263718387,0.00501417789769535,0.005193373999535963,8.1836543126948e-09
3739,0.01036878914550516,0.00016584140198633564,0.005053740852929509,0.005149197896826033,8.993763282953811e-09
3740,0.010471487647236804,0.0002686790073695203,0.005032319303788327,0.005170479926876266,9.409202691600396e-09
3741,0.010606491622677447,0.0003946773698222963,0.004879554698123417,0.005332250909883157,8.644848576674104e-09
3742,0.01051006376060768,0.00030758850577295425,0.0050011897414436865,0.005201276220659966,9.29273107278623e-09
3743,0.010379492869893524,0.00017844975034427124,0.005003788743834998,0.005197245014452237,9.361262016470098e-09
3744,0.010395146402872974,0.00019027632865065527,0.004969231297387795,0.005235629794749025,8.982085498701935e-09
3745,0.01055800038512176,0.00035336002029299113,0.005019784814572732,0.005184846862062199,8.688193837765864e-09
3746,0.010576499047375005,0.00036909459595620814,0.004957302942720928,0.005250092880789383,8.627908485944777e-09
3747,0.010449732484790787,0.0002485229023319767,0.00507860031774925,0.005122599094047868,1.0170661693549439e-08
3748,0.0103520795495078,0.00014995182846611995,0.00503395785293901,0.0051681601900228375,9.678079834518257e-09
3749,0.010459456877697157,0.00025335320252410876,0.004972750942927305,0.005233344027977346,8.704268395662153e-09
3750,0.010581372902181842,0.0003796949023589959,0.00507536196283664,0.005126306751985101,9.285001104594987e-09
3751,0.010524465070762766,0.0003210903826713839,0.00498163786812887,0.0052217276447970844,9.175165426988304e-09
3752,0.010370792988146254,0.0001681919652559442,0.005024404156043815,0.005178187696531621,9.170314874034848e-09
3753,0.0103808682641435,0.00017700607932982597,0.005023093208073155,0.005180760332238548,8.644501971838488e-09
3754,0.010516962899233673,0.00031404063457456024,0.004998031336825622,0.00520488217736689,8.750466600231417e-09
3755,0.010582669760856431,0.000383461952347682,0.005102565883336716,0.005096631554282201,1.037088983282878e-08
3756,0.010462879285766747,0.0002577646956049606,0.004974376084020515,0.005230728901307819,9.604833451193714e-09
3757,0.010365646850290042,0.0001632555155957352,0.005053190359310505,0.005149192159043129,8.816340672920827e-09
3758,0.010443095162808877,0.00024183473622853676,0.005067191363943357,0.005134059980179945,9.082457038240007e-09
3759,0.010530026124732937,0.00032926494549972605,0.004975617203911197,0.005225134867996118,9.107325897562523e-09
3760,0.010526100975160891,0.00032670387700148214,0.0050268775217727196,0.0051725094803328564,1.0096053832690764e-08
3761,0.010431864710623202,0.00022664678395033222,0.004963466727510908,0.005241741289544809,9.909617151859188e-09
3762,0.010380009886089118,0.0001808442607995267,0.005052680296967889,0.005146475570488963,9.757832739947875e-09
3763,0.010412937422032417,0.00021432242245329001,0.005027822337088467,0.005170782697840487,9.964650171974297e-09
3764,0.0105413049089888,0.00033604092791267044,0.004896411027316857,0.005308843736908393,9.216850879749839e-09
3765,0.010536835865821657,0.000340074806605085,0.005015945224952461,0.005180806470977393,9.36328671654377e-09
3766,0.010419817070307404,0.00021969965486155893,0.004931672996325553,0.005268434822321408,9.596798883345832e-09
3767,0.010364039657742442,0.00016256510249828705,0.004909467471615823,0.005291996845920943,1.0237707390265838e-08
3768,0.010405561246527672,0.00020668031238991373,0.00493360892938677,0.00526526230695867,9.697792318583994e-09
3769,0.010471759772453145,0.0002706853312597723,0.004897023040946556,0.005304042436933439,8.963313377392712e-09
3770,0.01059576919517793,0.0003984614399320908,0.005002936544138377,0.005194361574940455,9.636167006140527e-09
3771,0.01051709334755122,0.00031593199164034073,0.00494649239656359,0.005254659707213306,9.25213398474015e-09
3772,0.010416902550715,0.0002184015019386477,0.005043581942470197,0.0051549092211101806,9.885195973430557e-09
3773,0.010374249992378631,0.00017524341541352484,0.005017564643512506,0.00518143213023682,9.803215778895322e-09
3774,0.01039323713574859,0.00019720433985502352,0.005044446498445427,0.005151577056200364,9.241247776333854e-09
3775,0.010522896927788288,0.00032743400150665936,0.005117605660599921,0.005077847678502303,9.587179405055727e-09
3776,0.010612950703377552,0.00040762727437939115,0.004896095575209173,0.005309218141329612,9.712459374792477e-09
3777,0.010535281735172613,0.00033888086818907945,0.0049803099251981885,0.00521608050746957,1.0434315773831358e-08
3778,0.010448771819024065,0.000253882866452219,0.004967012037127624,0.00522786764094664,9.274497582036238e-09
3779,0.010344359849286847,0.0001460854976998586,0.004942243699463414,0.005256021338996425,9.313127147085564e-09
3780,0.010468305108390034,0.00026825262148802214,0.004928149398605871,0.0052718927859347125,1.0302361428680524e-08
3781,0.01056811612816695,0.0003695273403189197,0.004950393248936283,0.005248185329683448,1.0209228298720895e-08
3782,0.010621126410517222,0.0004256148744149159,0.0051564116227083455,0.005039089650593273,1.0262800689709564e-08
3783,0.010532648458154572,0.00032988901873320947,0.0049613690878258935,0.005241381169056753,9.182538715486115e-09
3784,0.010351571577351414,0.00015343789743686262,0.004969834389692311,0.0052282894980872135,9.79213502583466e-09
3785,0.010444870998134004,0.00025301901627950807,0.005038081507329304,0.00515375983744795,1.0637077241850073e-08
3786,0.010544010333371528,0.00034596530460076665,0.004913188673978177,0.005284846319304772,1.0035487811798481e-08
3787,0.010659855134468817,0.00046017266827151285,0.004920735945720606,0.005278936793336337,9.727140360555835e-09
3788,0.010450825901122613,0.00025023761753542107,0.004918375365070301,0.005282203911262649,9.007254243045343e-09
3789,0.01037815964010007,0.00018515838827818062,0.00507122513001564,0.005121766085628219,1.0036178029404441e-08
3790,0.01043731852698701,0.00024309709340590907,0.00513209489073223,0.005062115947482847,1.0595366024638752e-08
3791,0.01059846396512023,0.0003964853727730073,0.005003541847369735,0.005198427422341342,9.322636146002414e-09
3792,0.010565874494736898,0.00036787879768447406,0.005136153719407515,0.0050618322992167925,9.678428116373865e-09
3793,0.010385193348753742,0.00018958035806517274,0.005064716285211411,0.005130886644287278,1.0061189879499206e-08
3794,0.010392034990497814,0.00019722763679737887,0.0050264760779361855,0.005168321211284756,1.0064479492392495e-08
3795,0.010509478205675429,0.0003137997571044701,0.005010125517609352,0.005185543775423192,9.155538416714578e-09
3796,0.010607053206427757,0.0004043474234014648,0.004882663181866145,0.005320034166013457,8.435146691344365e-09
3797,0.010442639279945112,0.00024803418158231614,0.004979661545138213,0.00521493298056143,1.0572663153193914e-08
3798,0.010369836494525397,0.00017594642081030963,0.004965194608628792,0.005228684129181639,1.1335904655879952e-08
3799,0.010435111003445578,0.0002377738321743233,0.0049294423071788804,0.005267884974434456,9.889657917219101e-09
3800,0.010594101422684786,0.0003985415512659544,0.005036120818883741,0.0051594297292087855,9.323326305164888e-09
3801,0.010523692861119637,0.00032552819003162515,0.0050042810680017025,0.005193874396144629,9.206941680360456e-09
3802,0.010378975107342083,0.00018553808941406395,0.0051251351199548545,0.005068291343259354,1.0554713811715942e-08
3803,0.010375468105573635,0.0001814701664450419,0.005079887026311711,0.005114100448811364,1.046400551892529e-08
3804,0.010505490999372697,0.0003048891202761101,0.004924200235335951,0.0052763919734573235,9.670303311030131e-09
3805,0.010556941770405297,0.00036292330937171804,0.004988838470316422,0.0052051703003679626,9.69034919571361e-09
3806,0.010432743248439603,0.0002397916881797831,0.004955739961036024,0.00523720227899967,9.320224126369282e-09
3807,0.010353587317805118,0.00016089416557032519,0.005009794835473507,0.005182888516969474,9.799791812713409e-09
3808,0.010414411305355005,0.00021862646899007115,0.00501813245012228,0.005177642590743608,9.795499044894676e-09
3809,0.010537201736875156,0.00033811078942544583,0.004931347289150869,0.005267734527120045,9.131178795194592e-09
3810,0.01051646799817801,0.00032553183287848124,0.005043417028357779,0.005147509005914342,1.0131027409354449e-08
3811,0.010413210234781239,0.00022045873664195879,0.004985833492630734,0.005206907476838308,1.0528670237749008e-08
3812,0.010339458304223233,0.00014578248714750854,0.005058279927075421,0.005135385699772465,1.0190227838905797e-08
3813,0.010424202007511136,0.00022952043371478304,0.005104241710105466,0.00509043030535088,9.558340006584523e-09
3814,0.010549131798601393,0.0003513211080225265,0.004936738061900392,0.005261063602215643,9.026462831465488e-09
3815,0.010534236442544448,0.0003434851763007723,0.005001052368427462,0.005189689284659203,9.613157010067422e-09
3816,0.010421278639272863,0.00022801465616968582,0.004946125597949215,0.0052471290646759604,9.320477999835934e-09
3817,0.010347317636420793,0.00015322158201814658,0.004966124532945057,0.005227961677419082,9.844038507329983e-09
3818,0.010399702345048736,0.00020702125032516516,0.004953623425087234,0.005239047500434162,1.0169202175348534e-08
3819,0.010542260874778516,0.0003481672708894983,0.004882222057001162,0.005311861525035684,1.0021852172847051e-08
3820,0.010574277173902226,0.0003844465774628266,0.005036904428972204,0.005152915148446741,1.101902045227832e-08
3821,0.010450652829713346,0.00025517079782144615,0.005022324458137504,0.005173147564895595,1.0008858800274328e-08
3822,0.010366004936814716,0.00017223036197116978,0.005122034270788221,0.005071730788494598,9.515560726254778e-09
3823,0.010379908189043267,0.00018905653988856818,0.005066175477295532,0.005124666274317699,9.897541468360121e-09
3824,0.010495844452101786,0.0003038392983095308,0.00495976998811058,0.005232225146248899,1.0019432774571372e-08
3825,0.010559388532450833,0.0003696831360055669,0.005086180987180656,0.005103513782237489,1.0627027120539499e-08
3826,0.010460228390625437,0.0002635461314851599,0.004940453856996588,0.005256218085242826,1.0316900861184916e-08
3827,0.010351704399018209,0.00015959314835095666,0.004951537552480816,0.005240563496337779,1.0201848655233644e-08
3828,0.01037778704458737,0.0001902153492469915,0.004946249767452851,0.005241312469704879,9.45818264937706e-09
3829,0.010458253007364061,0.00026374999894226216,0.004846685256367811,0.005347808456468794,9.295585194341497e-09
3830,0.010579473511184434,0.0003862794280884827,0.004916453455537389,0.005276730132692269,1.0494866292806536e-08
3831,0.010527395420307699,0.00033538640212133495,0.004962836883941515,0.005229161778926786,1.0355318062817669e-08
3832,0.010400233222492283,0.00021047429267232918,0.005114384197962917,0.005075363774010875,1.0957846162298028e-08
3833,0.01037504280411074,0.00018185293940415267,0.0050176839536335525,0.005175495465468447,1.0445604588924423e-08
3834,0.01039435054431395,0.00020286134711496815,0.005002408721197095,0.005189070720420495,9.755581393458178e-09
3835,0.010507483599866757,0.00031964732904414496,0.005145235565457567,0.005042590121388236,1.0583976810061234e-08
3836,0.010581624839702366,0.00038802993977092554,0.004988978842723208,0.005204605375623388,1.0681584844718722e-08
3837,0.010501049919053554,0.00030921403719545417,0.005061613354770594,0.005130212168283618,1.0358803888172335e-08
3838,0.010408975381282042,0.00021808306260023402,0.00496740363724237,0.0052234794931103135,9.188329124135932e-09
3839,0.010342303199523032,0.00015296293024515906,0.004919072081356845,0.005270258246277757,9.94164327037611e-09
3840,0.010456741878513323,0.0002664552761375208,0.004908264602697064,0.005282010776879061,1.122279967726283e-08
3841,0.010573219037527257,0.000378902874025392,0.0048901556484147206,0.005304149558226111,1.095686103264802e-08
3842,0.010589721188127147,0.00040095997292708915,0.005081006154838719,0.0051077433927536565,1.1667607683814467e-08
3843,0.010466086709232537,0.0002738590341424794,0.004950421997977006,0.00524179476295962,1.0914153431833062e-08
3844,0.010344358380598034,0.00015508494220697823,0.004959994219457562,0.0052292687804919484,1.0438441544925814e-08
3845,0.010435911864624989,0.00024925974769619645,0.005040163112759464,0.005146478526271002,1.0477898327537194e-08
3846,0.010574277077813792,0.0003817513006364231,0.004959876377565414,0.0052326389306567534,1.046895520149712e-08
3847,0.01057567578510902,0.00038537187450507086,0.005034993190962558,0.005155299652185646,1.1067455744438542e-08
3848,0.010404988381512492,0.00021400937890073235,0.004933764592520374,0.005257204239014888,1.0171076498669904e-08
3849,0.010340891267110845,0.000153009886853043,0.004959725908425269,0.005228145063643305,1.0408189227214391e-08
3850,0.010495569611911502,0.0003073741633666674,0.005042657230218618,0.0051455271269925835,1.1091333632709218e-08
3851,0.010573666620311646,0.0003796888611762431,0.004976042952140306,0.005217924069384715,1.0737610382786198e-08
3852,0.010483342976849457,0.0002945686692032877,0.005096237050988222,0.005092525237798643,1.2018859303639929e-08
3853,0.010350173967934102,0.00016169930662473985,0.004989007236958448,0.005199455184282702,1.2240068212059308e-08
3854,0.010394498425307267,0.0002046384835735916,0.004963763328521936,0.005226085420201314,1.1193010424116614e-08
3855,0.010559220091172484,0.00037089227587514554,0.005082088091391124,0.005106229112951893,1.0610954319285984e-08
3856,0.010521036288469123,0.00032845681761147443,0.004958084869266898,0.005234484265364401,1.03362263479353e-08
3857,0.010399435554822275,0.00021095575872170428,0.004993441265783337,0.005195027089674993,1.1440642241068166e-08
3858,0.010336354102976196,0.00014835344186434833,0.004962546501160037,0.005225443294138053,1.086581375775478e-08
3859,0.010481894806823648,0.0002895374192167227,0.004893246406043732,0.005299100747762865,1.0233800327974512e-08
3860,0.010578804561664167,0.00039076335820096317,0.00498195071897132,0.005206078932704385,1.155178749950025e-08
3861,0.010458795630080562,0.00027035672183964434,0.0049738348466020176,0.0052145925309559195,1.1530682979687323e-08
3862,0.010350143400749244,0.0001613417999847291,0.005054647252752026,0.005134142818296956,1.152971553301048e-08
3863,0.01039163823973416,0.0002007437888791548,0.005042390491710098,0.005148492469657523,1.148948738424137e-08
3864,0.010516520791135598,0.00032672953064856664,0.0050000450440163755,0.005189735120051171,1.1096419485047084e-08
3865,0.0105392305758513,0.0003532572322883669,0.005155238480705065,0.005030723362159667,1.1500698203607745e-08
3866,0.010404059039470647,0.00021219422992433914,0.004994523872610533,0.005197330154817339,1.078211843557543e-08
3867,0.010337483572107694,0.00014723091997121996,0.004990640055822407,0.005199601612250648,1.0984063421252137e-08
3868,0.01042306221735108,0.00023870335637860392,0.005023300830399201,0.005161046998063362,1.1032509915089974e-08
3869,0.01051839736611529,0.000327066515205945,0.004871686590092144,0.0053196337244103276,1.0536406873804222e-08
3870,0.010551023576033198,0.0003602319491490133,0.0049133587310132825,0.005277421328827926,1.1567042976687702e-08
3871,0.010393970622549919,0.00020638185679466273,0.004974373303455706,0.005213204334243239,1.1128056310659974e-08
3872,0.010355950321344782,0.0001704347496916031,0.005039598427384455,0.005145906046066347,1.1098202375904228e-08
3873,0.010411851508460346,0.00022285701841030458,0.00499667599953782,0.005192306906233415,1.158427880703515e-08
3874,0.010513720868999982,0.0003221167367632089,0.004955059214914418,0.005236533513120543,1.1404201811318748e-08
3875,0.010527228571501047,0.0003421470117069899,0.005159694101492214,0.005025375454781394,1.2003520448551317e-08
3876,0.01040634633669238,0.00021845883638168436,0.005011876588188246,0.0051759997548239105,1.1157298538948927e-08
3877,0.010343423311820197,0.00015369875093388166,0.004960076915702189,0.005229636657345391,1.0987838734001701e-08
3878,0.010361922377861115,0.00017584338769016392,0.004972909360433459,0.005213158898594877,1.0731142615573772e-08
3879,0.010473746356588504,0.00028721130926296896,0.004956207727785393,0.005230316919587607,1.0399952534029228e-08
3880,0.010553855875587156,0.00036697443530070396,0.005064117683493751,0.005122752664649257,1.1092143443213519e-08
3881,0.010486259644325997,0.0002934704875612205,0.004929797760837697,0.005262980999420669,1.0396506408967115e-08
3882,0.010364346329850596,0.00018007900979975046,0.004991060228884466,0.005193195441600389,1.1649565991219905e-08
3883,0.010348394658667,0.00016597397573865516,0.00501758153178482,0.0051648263969733595,1.275417016514899e-08
3884,0.010431093527381828,0.00024172021913690297,0.004972492696147577,0.005216868862007672,1.175008967617599e-08
3885,0.010570346847973295,0.0003824088733245904,0.005048051951642861,0.005139874967865085,1.1055140760059275e-08
3886,0.01052762440685614,0.0003402961131324909,0.00494318729406315,0.00524413072522371,1.0274436788480964e-08
3887,0.01041396776584828,0.00023224961880586545,0.005018348638158345,0.005163358439921408,1.1068962660733413e-08
3888,0.010325167713107413,0.00013808244932498012,0.0049657194925506395,0.005221355180548182,1.0590683610523612e-08
3889,0.010408235560996563,0.00021701353674884505,0.004924493498801173,0.005266717844961981,1.0680484562731893e-08
3890,0.010538928628905361,0.00035614448719494164,0.005019822137363106,0.005162950136317271,1.1868030042112953e-08
3891,0.010556729129122987,0.00037238797852146916,0.004932675246640915,0.0052516548467251845,1.1057235419797941e-08
3892,0.010418484192434196,0.00023332068228501426,0.005023341754241031,0.005161810234928399,1.1520979750117998e-08
3893,0.010333500287755827,0.00014458427825413643,0.005050288429418088,0.00513861614688382,1.14331997832576e-08
3894,0.01039436098817574,0.00020814041463290702,0.005102403880121586,0.0050838054826900375,1.1210731210165607e-08
3895,0.01052245954028198,0.00033816145549978477,0.005176300802533554,0.005007985637501264,1.1644747377600157e-08
3896,0.010572918287693083,0.0003822885882087608,0.00493100213608909,0.005259616870979723,1.0692415509476359e-08
3897,0.010424961430646326,0.0002401276963942952,0.004976298515589058,0.005208524112298142,1.11063648293907e-08
3898,0.01034154516193369,0.00015939685006063507,0.004986501414586285,0.005195635327514552,1.156977221647923e-08
3899,0.010427956354532197,0.00024106135562805995,0.0048946221183525,0.005292261497552985,1.138299865120508e-08
3900,0.01054346053418157,0.00035696566681832993,0.004891944903796414,0.0052945394778118994,1.0485754925881644e-08
3901,0.01056789321228629,0.0003804898175935922,0.004876057413540614,0.005311336504673386,9.476478696903074e-09
3902,0.010445241380707323,0.0002627599287738127,0.005010806690533898,0.005171663291691094,1.1469708517619838e-08
3903,0.010323693375268507,0.0001379909055364747,0.005001166229932214,0.005184524105580104,1.2134219714575083e-08
3904,0.010448321594380099,0.00026106510366467525,0.005010302599074475,0.005176942401168495,1.1490472454475912e-08
3905,0.010529578407340288,0.00034501041458797276,0.005152498478014519,0.005032057586291148,1.1928446647322653e-08
3906,0.010547131890576883,0.00036214630008220126,0.005044087577216934,0.005140886555444829,1.1457832918753796e-08
3907,0.010415868950227876,0.00023321770233184717,0.0051227515230187586,0.005059888290540982,1.1434336288198281e-08
3908,0.01033864948470032,0.00015269973549279317,0.005019505866206679,0.005166432772519748,1.1110481100217417e-08
3909,0.01045641509178277,0.0002681362152986982,0.004964598233975063,0.0052236699187256375,1.0723783372008659e-08
3910,0.010517729460594474,0.0003367354657129879,0.005081406823269861,0.005099576389798961,1.0781812662494806e-08
3911,0.010506038675208908,0.0003204394726788942,0.004879954789309936,0.005305633922551497,1.0490668581991158e-08
3912,0.010408286039145682,0.0002201625342113521,0.004827751610459836,0.005360360083701811,1.1810772682806415e-08
3913,0.010329165236202026,0.0001431950554664136,0.004871535931610699,0.00531442254083204,1.1708292875288787e-08
3914,0.010399385968940019,0.00021670633507558847,0.0049616411979047,0.005221027653508169,1.0782451561917794e-08
3915,0.010465038016266904,0.00028294573074175605,0.005043607412925957,0.005138473656764362,1.1215834830028529e-08
3916,0.010545688137183996,0.0003564308535302346,0.004892101173343966,0.0052971444925933855,1.161771640799437e-08
3917,0.010443231643693804,0.00026134343243911087,0.004983930230193014,0.005197945527991892,1.2453069787587994e-08
3918,0.010370497303266085,0.00018933465695002524,0.005001429494676928,0.005179721760923283,1.1390715850228694e-08
3919,0.010343993560773266,0.0001602419340256304,0.005008751451624999,0.005174989298453501,1.0876669135608278e-08
3920,0.010447625389343854,0.0002629431289962527,0.005018149084999011,0.005166521975582328,1.1199766263144688e-08
3921,0.010524404553278044,0.00033909374482934024,0.004942944770529868,0.005242354871046817,1.1166872018878216e-08
3922,0.010553632373928257,0.00037528627365815545,0.005101520191038117,0.0050768136991266215,1.221010536416234e-08
3923,0.010454929500338925,0.000271142375817245,0.004954578222794662,0.005229197681957355,1.1219769662471519e-08
3924,0.010341279391749133,0.00015680858153013737,0.004971786580527812,0.0052126734066367565,1.0823054426009815e-08
3925,0.01036294152252862,0.0001813583169645357,0.00501542261370286,0.0051661492169822534,1.1374878970260301e-08
3926,0.010470152366095645,0.00028810271526472596,0.004950742036075075,0.005231295411163971,1.2203591870680312e-08
3927,0.010574476555278552,0.00039408619804213134,0.005013400658081789,0.005166977115256564,1.2583898065663755e-08
3928,0.010523731155279248,0.00033654780388726364,0.0049253199598489035,0.005261852738709608,1.0652833470947204e-08
3929,0.010360989459890474,0.00017893472457568686,0.005044646610681173,0.005137397103898984,1.1020734630232804e-08
3930,0.010352927466292246,0.00017226889277341468,0.0050366375982008205,0.005144009131532864,1.1843785146835383e-08
3931,0.010443186503446642,0.0002590493163114862,0.00494148885131235,0.005242636864254756,1.147156805023601e-08
3932,0.010587620635296894,0.0004064489237038663,0.005006517363726354,0.0051746426478814,1.1699985274136889e-08
3933,0.010498001101664543,0.00031341319636500576,0.004914921492969073,0.005269654614265524,1.179806494047551e-08
3934,0.010364380364314337,0.00018451196819876993,0.005001028320664776,0.005178827324039318,1.2751411472563369e-08
3935,0.010345951094191003,0.00016470651770559723,0.005015612056818694,0.005165620950021072,1.1569645639130311e-08
3936,0.010490104481058691,0.0003039300005222367,0.004945424070289511,0.005240740178540753,1.0231706190403255e-08
3937,0.010581207946826592,0.0004002859604599873,0.005063249006431426,0.005117661585641259,1.1394293918761582e-08
3938,0.010436055467105203,0.00025453703981402674,0.0050009910671088694,0.005180515318635671,1.204154663705648e-08
3939,0.010339557757912479,0.0001587073050852621,0.00505663129251883,0.005124206471760043,1.2688548343658188e-08
3940,0.010395056497970559,0.00021218177581110298,0.005059478917065852,0.005123383276138636,1.2528954966527329e-08
3941,0.010536917591978955,0.0003524548314205609,0.005000589049947023,0.005183862168472904,1.1542138466410455e-08
3942,0.010532307744309336,0.0003535940190254773,0.0051319703783362074,0.005046731375636281,1.1971311370333925e-08
3943,0.01037396580785545,0.00019045461398577057,0.004923459328880726,0.00526004021205167,1.165293728415348e-08
3944,0.010343712007106182,0.00015784721170412848,0.004878141276458078,0.005307711948662183,1.1570281792330768e-08
3945,0.010426600782607634,0.0002472473628694486,0.004969424647560017,0.005209917445884856,1.1326293312769994e-08
3946,0.010522231268331643,0.000339190632653135,0.004871647744619451,0.005311381841899448,1.1049159609376284e-08
3947,0.010487948015375984,0.00030431066268539106,0.004855101022583161,0.0053285239978198414,1.2332287590119637e-08
3948,0.01034942137063805,0.0001648382909643058,0.004866192834847578,0.005318378314713002,1.1930113164933257e-08
3949,0.010331113108062966,0.00015143999471738765,0.005005858113894103,0.005173803284737762,1.1714713712552605e-08
3950,0.010419017091300884,0.00023846822081976103,0.005116966847125063,0.005063569890364348,1.2132991712613642e-08
3951,0.01050817162242806,0.0003229725706960237,0.005001074226696029,0.005184112981196315,1.1843839694373066e-08
3952,0.010511968472535408,0.0003319901637469851,0.005113633851998656,0.0050663316247704145,1.2832019351750705e-08
3953,0.010367669850130476,0.0001878512737325949,0.005008217978333531,0.005171588004707698,1.2593356651815935e-08
3954,0.010329346596789435,0.00014913137306225908,0.0050058150682449265,0.005174388095062773,1.2060419477247454e-08
3955,0.010395876785322696,0.00021553313200083164,0.005014746418768087,0.005165585769675469,1.1464878308488985e-08
3956,0.010497110339289453,0.0003136893767979493,0.004906884920300625,0.005276524518004728,1.1524186150138583e-08
3957,0.010554908686582517,0.00037719660157509914,0.004976584096635499,0.00520111516999657,1.2818375349477204e-08
3958,0.010416637112173508,0.0002350084274502022,0.004916135151088001,0.005265482221035333,1.1312599971156326e-08
3959,0.010330548524264188,0.00015012954448698763,0.004973603346537157,0.005206804245577531,1.1387662512358815e-08
3960,0.01036373123533308,0.00018443366349744404,0.005003164822415433,0.005176119972857388,1.277656281540049e-08
3961,0.010481614938120632,0.0003008556169961216,0.004964592444951824,0.005216154227556357,1.2648616329529259e-08
3962,0.010560117410996364,0.00038182404575487386,0.005086397567821752,0.005091883411050423,1.2386369316240225e-08
3963,0.010463662164487976,0.0002805052615566209,0.004958615102433408,0.005224530227870803,1.1572627142538942e-08
3964,0.010324591314185392,0.00014623876120243085,0.005022193482921566,0.005156146639390371,1.2430671025874573e-08
3965,0.010365096163506768,0.00018786403306279262,0.0050305050042620866,0.005146714821096098,1.2305085790027387e-08
3966,0.010478722657321492,0.00029457003316399707,0.004887954820192187,0.005296186404364291,1.1399601016921102e-08
3967,0.010587503946472333,0.0004086352579061613,0.004939587538146984,0.005239269092005681,1.205841350646848e-08
3968,0.010468472978116218,0.00029076752490046564,0.0049502856838307165,0.005227408172790353,1.1596594682558013e-08
3969,0.010326541755598826,0.00014886226135359175,0.005035985885185755,0.005141681503243033,1.2105816446405203e-08
3970,0.010379427494523355,0.00019785974440096428,0.00502132120766147,0.00516023443068791,1.2111773009041738e-08
3971,0.010473299591432322,0.0002922667778390244,0.005024669370594883,0.0051563518249371065,1.1618061308878924e-08
3972,0.010567364308302582,0.0003899391972669499,0.005208198912106943,0.004969213253703007,1.2945225682828811e-08
3973,0.010459966635090369,0.00027872822434404655,0.004966888935041037,0.005214336737818064,1.2737887220154373e-08
3974,0.010341526487923811,0.00015971453424946038,0.004932653924471539,0.005249145667784729,1.236141808172418e-08
3975,0.010370432013248804,0.00019406960197038185,0.0050091551628795705,0.005167195340116915,1.1908281936524673e-08
3976,0.010485653045872054,0.0003074503658027712,0.004924748351511924,0.005253442588352909,1.1740204450786345e-08
3977,0.010540515614757684,0.00036076304672314006,0.004902656849464107,0.005277083601479101,1.2117091335438511e-08
3978,0.010450503308883611,0.00026556006130388696,0.00485430749467446,0.00533062486985229,1.0883052974138856e-08
3979,0.010312660765077482,0.00013587543083114662,0.004999502119697782,0.005177271364032498,1.1850516055246398e-08
3980,0.01037594145300394,0.00020054208594056129,0.005050620618553448,0.005124765776246945,1.2972262985414923e-08
3981,0.010468319667470936,0.0002868991554187923,0.004938112157029849,0.005243295919044977,1.2435977317137032e-08
3982,0.010540218388235698,0.0003618948398732208,0.005046066042178946,0.00513224453851535,1.296766818006259e-08
3983,0.010418016232639873,0.0002394858777127759,0.005046144290483093,0.005132373749549372,1.2314894631272366e-08
3984,0.010330795688958548,0.00015350029407233435,0.005155678304793626,0.005021605130042864,1.1960049724679088e-08
3985,0.01035078654670444,0.00017220362389996961,0.005093155313771442,0.005085415965075308,1.1643957717805615e-08
3986,0.010472742159802267,0.00028932469571982516,0.004914076879644339,0.0052693285955777045,1.1988860398706403e-08
3987,0.010500770730320607,0.0003263076904627105,0.005010300273009884,0.005164149324168071,1.3442679941062027e-08
3988,0.010452442538779336,0.00027736513929942704,0.004956852371051419,0.00521821298459232,1.2043836170573615e-08
3989,0.01032539855237177,0.00014823662441157168,0.004962237811708114,0.005214912304865207,1.181138687528559e-08
3990,0.010341307051398217,0.00015998681900741206,0.004908583433934845,0.005272724721819867,1.2076636091871643e-08
3991,0.010423642358571666,0.00024475423677832884,0.004935662428110052,0.005243213566740897,1.2126942387790228e-08
3992,0.01054299566250769,0.0003694816887070325,0.005106748898002258,0.005066752325988694,1.2749809705314846e-08
3993,0.010544221932177184,0.00036375796104808777,0.004933621100635586,0.005246831189265521,1.1681227990616617e-08
3994,0.010414622215485714,0.00023627851021162791,0.0049672530489944635,0.005211078019070334,1.2637209289097278e-08
3995,0.010312755905322029,0.00013678937247145825,0.004984854535857807,0.005191098403391055,1.3593601709000365e-08
3996,0.010407969592171454,0.00023256520533438972,0.004974634005980103,0.005200757171202241,1.320965472021754e-08
3997,0.010524989100143255,0.00035041242363895283,0.005032278928287987,0.0051422859542669215,1.1793949394840406e-08
3998,0.010560853171685375,0.0003790644820011213,0.004904335151876565,0.005277443262266487,1.027554120095151e-08
3999,0.01039550808073467,0.00021996057279977463,0.005023938993433571,0.00515159646860624,1.20458950838368e-08
4000,0.01032181563982495,0.0001478929042980437,0.0050362822757205016,0.0051376278219236685,1.2637882735336818e-08
4001,0.010423656056526166,0.0002461963604076997,0.004947525900982501,0.005229921869522231,1.1925613732241996e-08
4002,0.010582924096926117,0.00040657025155594814,0.004998817000636482,0.00517752431151432,1.2533219367396126e-08
4003,0.010485923738803679,0.00030860656352812424,0.0050117424397297305,0.005165562454516625,1.22810292004727e-08
4004,0.010372619694256204,0.00019681160919486596,0.005186939821086319,0.004988855450404816,1.2813570202144557e-08
4005,0.010334743399451288,0.00015736086263893172,0.0050893309726411495,0.005088038756865375,1.2807305831720001e-08
4006,0.010443950591828484,0.00026361257586702993,0.0049646721593699155,0.005215654031054828,1.1825536710851611e-08
4007,0.010490330904530434,0.00031628654597115933,0.005081865027764359,0.005092167081636561,1.2249158353431128e-08
4008,0.010415038677464643,0.00023954303063018472,0.004959514782425851,0.005215968136002165,1.272840644187861e-08
4009,0.01031916233192972,0.0001433917543630916,0.0049113815354878375,0.005264376366301111,1.2675777678586902e-08
4010,0.010361979723105054,0.00018442929699198315,0.004859800737499197,0.005317738013295205,1.1675318668270355e-08
4011,0.010421927033404063,0.0002410906854091421,0.004834197431976148,0.005346627264634213,1.165138455999847e-08
4012,0.010506552358379847,0.0003325514135650844,0.004982913679774679,0.005191074282206421,1.2982833663290273e-08
4013,0.010439325597481133,0.0002642831938961409,0.004982092315808284,0.0051929380188176074,1.206895910110542e-08
4014,0.010332246798791063,0.00015669876345999426,0.005047552871060848,0.005127983102498273,1.2061771946934659e-08
4015,0.010346768616434382,0.0001695526094109185,0.004988026260762412,0.005189177303920003,1.2442341048225163e-08
4016,0.010368352910816317,0.00019464952351517815,0.005010278594154646,0.005163412091802215,1.2701344279156903e-08
4017,0.010493766350338633,0.0003208641453533218,0.005167020479840118,0.00500586819377278,1.3531372413714282e-08
4018,0.010574675691632923,0.00039577369578536154,0.004954278365541266,0.005224611101080334,1.2529225961808158e-08
4019,0.010510357904261133,0.00033668217435078374,0.0049908300791883554,0.005182833956106993,1.169461500150412e-08
4020,0.010401631158875489,0.00022903274226031536,0.004934172266922241,0.005238415372437467,1.0777255464907337e-08
4021,0.010312297324694382,0.00013922954895198176,0.00495169907761706,0.00522135664876819,1.2049357150935106e-08
4022,0.010427197627660718,0.00025210085361441104,0.004975141598784867,0.005199942535628308,1.2639633131696798e-08
4023,0.010540444484051167,0.0003626371534160515,0.004902230137303774,0.005275566026133123,1.11671982186085e-08
4024,0.01053259986779878,0.00036180972717369164,0.0050247243024417335,0.005146053917329973,1.1920853382396891e-08
4025,0.010414005094442505,0.0002395732373789072,0.0049381621415801056,0.005236257020634038,1.2694849454308525e-08
4026,0.010301174635741301,0.00012701680526615354,0.005004556070305228,0.005169588591402162,1.3168767757685272e-08
4027,0.010437162081567121,0.000262825844996409,0.005074015534779147,0.0051003078725567474,1.2829234817255686e-08
4028,0.010542042465186205,0.00036376677269235575,0.004907811410644722,0.005270452087523779,1.2194325347803683e-08
4029,0.010528144921716496,0.00035697520021897897,0.004963033877390646,0.005208122963348501,1.2880758370801562e-08
4030,0.010365939811372666,0.00019440719487255503,0.004961961172246435,0.005209559352141041,1.209211263507419e-08
4031,0.010322069452455892,0.0001472885593910829,0.005007984584288615,0.005166784010279679,1.229849651619977e-08
4032,0.010480048197841636,0.00030442339262790524,0.005037942303878818,0.005137669708011361,1.2793323551906031e-08
4033,0.010517058836598465,0.00034217058157309197,0.0049458825023848876,0.005228994124264456,1.1628376029664087e-08
4034,0.01045605075706734,0.0002868648982810823,0.005097174094033308,0.005071999889076087,1.1875676861945119e-08
4035,0.010312992582027544,0.00013933625041865456,0.005021144858079302,0.005152499381509124,1.2092020463753943e-08
4036,0.010355059992366219,0.000177978130371127,0.0049818748851189155,0.005195194579847754,1.239702842349971e-08
4037,0.010485909423495674,0.0003139059688011344,0.005041516427323021,0.005130474258108973,1.276926254748085e-08
4038,0.010498793354588375,0.0003246368276617775,0.004891566285282973,0.005282578056989177,1.2184654448046737e-08
4039,0.010424518718049506,0.0002519473839398792,0.004923787441590039,0.0052487712678416405,1.262467794753635e-08
4040,0.0102971838495857,0.0001229315708205016,0.004950170234594688,0.005224070276338857,1.1767831653666149e-08
4041,0.010377535510513985,0.0002033578607249611,0.0050019859047640905,0.005172179928740665,1.1816284268390488e-08
4042,0.010484379224320712,0.00031216773609131255,0.005092057441512287,0.005080140951728236,1.3094988876532946e-08
4043,0.010508444389159865,0.00033292680024349293,0.004918311800649308,0.005257193691481632,1.2096785433565608e-08
4044,0.010422838542614636,0.00025150635323476113,0.00496559345467151,0.005205726822322939,1.1912385425641641e-08
4045,0.010293584767432251,0.00012118713224083363,0.00496699483794652,0.005205390527142162,1.2270102735722448e-08
4046,0.01039352579059354,0.00021968973883536885,0.004980665578634499,0.005193157514607572,1.2958516099009082e-08
4047,0.010475532942406086,0.0003042598427616917,0.005053193682393938,0.005118066608840448,1.2808410008901274e-08
4048,0.010540654278032581,0.00036426180061424856,0.004878273960093201,0.005298107116270966,1.1401054164310051e-08
4049,0.010433548701000078,0.00026090602737258823,0.00493821299145872,0.005234416985637538,1.2696531231927076e-08
4050,0.010309831645921133,0.0001388372276898133,0.005009699611177679,0.005161281867100549,1.2939953091100255e-08
4051,0.010372489498811343,0.00020036675001051466,0.005075976765868934,0.005096133626701888,1.2356230007046016e-08
4052,0.010464376056099397,0.00029015477817146367,0.005139770664978602,0.005034438286030307,1.2326919023201522e-08
4053,0.010540297741190703,0.00036460024214407673,0.004959350275793243,0.0052163356156878565,1.1607565526846207e-08
4054,0.010430874472283346,0.00026321125782346235,0.005036420695724856,0.005131230354403642,1.216433138418204e-08
4055,0.01032638487927677,0.00015637746263702293,0.004967883033000994,0.005202112501310522,1.1882328231737e-08
4056,0.0103519922375407,0.00017633708896216634,0.0049300780717615456,0.005245565333081268,1.1743735719681389e-08
4057,0.010457487294652597,0.00028495986238898433,0.004975449527215874,0.0051970661865638704,1.1718483868772876e-08
4058,0.01052768623600535,0.00035502967959079296,0.0048745719766741,0.005298073230569715,1.1349170742928261e-08
4059,0.010465998727485378,0.00029767410324921283,0.0049407048369896215,0.005227606712460479,1.307478606664801e-08
4060,0.010345398289972121,0.00017205624023758275,0.004934404788597902,0.005238924614613723,1.2646522914475516e-08
4061,0.010319589669868007,0.0001454515400105781,0.005040806811660522,0.005133319580100238,1.1738096670728857e-08
4062,0.01041305175708281,0.00024016747546897152,0.00514180974050728,0.005031062744984672,1.179612188560327e-08
4063,0.010546735761010131,0.0003745830001698999,0.004984385001612066,0.005187756038180257,1.172104790824566e-08
4064,0.010533481043919254,0.0003662666631358287,0.0050602894453663705,0.0051069123960586,1.2539358454437427e-08
4065,0.01039727037298762,0.0002242668166365749,0.004904711038688953,0.005268280458542131,1.2059119961270635e-08
4066,0.010310553223518702,0.00013570270013886848,0.0048949414205244,0.005279896404439356,1.2698416077819312e-08
4067,0.01040144060026065,0.0002314994284091283,0.004984707751536707,0.005185220995215609,1.2425099206822993e-08
4068,0.010536307610448176,0.00036530496387147265,0.004930002526366672,0.005240989326697057,1.0793512975007706e-08
4069,0.01049782720618663,0.000328264242393719,0.00499628795075075,0.005173263476031248,1.1537010912815603e-08
4070,0.01036823706712256,0.00019446372067852827,0.0049284406480415545,0.0052453205077808785,1.2190621598321037e-08
4071,0.010311342968750416,0.00014154665847783708,0.005036176793068281,0.005133606716055477,1.280114882139458e-08
4072,0.010447396279059464,0.00027713468560180065,0.005154159682905547,0.00501608933407689,1.2576475225703303e-08
4073,0.010588710263773808,0.00041295620457414513,0.004945724805263974,0.005230018178864082,1.1075071607335482e-08
4074,0.010490514726540936,0.0003207601366991875,0.004998274109217904,0.005171469126387827,1.135423601816338e-08
4075,0.010330589603445914,0.00016253528403907644,0.004973657607466916,0.005194384855497585,1.18564423372116e-08
4076,0.010370385265905092,0.00019955696913660705,0.004938466214306184,0.005232349057745222,1.3024717079788295e-08
4077,0.010529229106248504,0.0003569446146058061,0.0049427681114388895,0.005229503400761696,1.2979442112156065e-08
4078,0.010546813967987676,0.0003711936664091902,0.004879665908348472,0.005295943395850328,1.0997379685631153e-08
4079,0.010348881547559948,0.0001805403937208164,0.0050304620325172435,0.005137867489118378,1.1632203510808547e-08
4080,0.010333500835042489,0.00016512022539469463,0.005046238397238136,0.005122130103981415,1.2108428242463159e-08
4081,0.010463161734945721,0.00029116880598328637,0.004988973640197424,0.005183007540841476,1.1747923533823272e-08
4082,0.010535566494328262,0.0003640320174037366,0.00511745163866069,0.005054070105806307,1.2732457529947584e-08
4083,0.010406630186990812,0.00023393231187178681,0.005018029855493467,0.005154655644321939,1.2375303617810265e-08
4084,0.010299501244998621,0.00013116483591599812,0.0050583439125784545,0.0051099808744430745,1.1622061095012661e-08
4085,0.010436889343105993,0.0002687914700420228,0.005064620482397922,0.005103466233024322,1.1157641726422178e-08
4086,0.010523432532140204,0.00034588104628848805,0.004866828355705937,0.005310711949155296,1.1180990482501098e-08
4087,0.01042414013997339,0.00025235237040660655,0.004905586862340429,0.005266188038801445,1.2868424909911025e-08
4088,0.01034476031389924,0.00017730834787061018,0.004931631528776829,0.0052358077143536625,1.2722898137123224e-08
4089,0.01035529436821102,0.00018440112371364225,0.004880435065918553,0.005290446145141429,1.2033437393400774e-08
4090,0.010526468380213148,0.00035399621260949905,0.004911242141553165,0.005261218446772077,1.1579278407786225e-08
4091,0.010473600679140523,0.00030092440943409296,0.004950728358510483,0.005221937568174444,1.034302150274542e-08
4092,0.010386374144270122,0.00021836075780766646,0.005144538178338049,0.005023463690815513,1.1517308893268678e-08
4093,0.010324570476353986,0.00015546993715189077,0.005054467054561589,0.005114620747553455,1.2737087051474134e-08
4094,0.010376283973666953,0.0002029970211064765,0.004966804678703979,0.005206470070946831,1.2202909665459498e-08
4095,0.010477044916756528,0.00030747810926946796,0.005070526902063198,0.005099028180995331,1.17244285299044e-08
4096,0.010431878493128944,0.0002622466394917091,0.004970217664371981,0.005199402740168212,1.1449097041992593e-08
4097,0.010388454103554512,0.0002210318493031341,0.004998689626486149,0.005168720295718574,1.233204665675067e-08
4098,0.01029662396063171,0.00012566688660307665,0.00493129094991239,0.005239654741989688,1.138212655582071e-08
4099,0.010372512774441813,0.00019952136373339603,0.004912491906397986,0.005260488656732464,1.0847577967820509e-08
4100,0.010445629274278714,0.00027747361348994605,0.0050147068769231294,0.005153436719986241,1.2063879396618156e-08
4101,0.010497597059713247,0.0003283250451046436,0.004944966875674784,0.00522429341259732,1.172633650043103e-08
4102,0.010459187055173787,0.00029283265684312734,0.005049058658757368,0.0051172841837616705,1.1555811620989813e-08
4103,0.01033548291321166,0.0001641182947653026,0.004934122416542114,0.005237231278326491,1.0923577752409588e-08
4104,0.010328715352500727,0.0001583880747480834,0.0049543656419127075,0.0052159499097334285,1.1726106507360254e-08
4105,0.010355200016696875,0.00018884239618977176,0.005015805234901364,0.005150540185184953,1.220042078642621e-08
4106,0.01049653078885256,0.00032664497787469415,0.004903766167592169,0.005266108471517249,1.1171868448293349e-08
4107,0.010544056753319217,0.0003766760044261824,0.004983411105646847,0.005183958052080359,1.1591165827536915e-08
4108,0.01047784867820035,0.0003064229574126364,0.004917257875743127,0.005254156672572196,1.1172472389231388e-08
4109,0.010337421233697476,0.00017014076297454153,0.00500536424940696,0.0051619043243928305,1.1896923142162892e-08
4110,0.010314156916973098,0.0001465123208885135,0.004983459763907476,0.00518417259619166,1.22359854481887e-08
4111,0.01044419113686198,0.00027433261830785355,0.004949324163807159,0.005220522756949981,1.1597796987268659e-08
4112,0.010538244325221305,0.00037213466801639923,0.005105457120294689,0.005060641125347068,1.1411563147219754e-08
4113,0.010495621330608024,0.0003262031535823837,0.004959474176329028,0.005209933164750056,1.0835946556016868e-08
4114,0.0103336183308675,0.00016570072047133135,0.004994906479759972,0.005172998925868004,1.2204768192080869e-08
4115,0.0103139906178226,0.00014595288630413897,0.0049827894629628005,0.005185236436489028,1.1832066632643534e-08
4116,0.010439501365448188,0.00027066296946931577,0.004954894251857802,0.005213933844145689,1.0299975380787554e-08
4117,0.010549716530495124,0.00038377685259992594,0.005078140585670501,0.005087788102187804,1.0990036893461749e-08
4118,0.010464628383208762,0.00029331407434179485,0.004904798081914471,0.005266504477318086,1.174963440969366e-08
4119,0.010313609425734678,0.00014487761783950088,0.004918132876683033,0.005250586138904384,1.2792307760341099e-08
4120,0.010350991838992669,0.00018479317917112354,0.004970046311536179,0.005196140065269365,1.2283016002529035e-08
4121,0.010501016657817929,0.00033102865822132524,0.004903303018243687,0.005266673922996694,1.1058356222865606e-08
4122,0.010523443263077161,0.0003572760097121158,0.0049765758246105764,0.005189580067629028,1.136112543917823e-08
4123,0.010376694987683054,0.00020892178213499117,0.004939467565301295,0.005228294119714976,1.1520531790076465e-08
4124,0.010296677223604304,0.00012919606410763694,0.005013110510548173,0.00515435774450717,1.2904441323999793e-08
4125,0.010426853334140914,0.0002580962447951367,0.005077512016480751,0.005091232017313171,1.305555185734381e-08
4126,0.010506943159111761,0.0003366684074454713,0.004986585069630927,0.005183678305935103,1.1376100260520642e-08
4127,0.010431467541586437,0.0002665409404097007,0.0051196462372247445,0.0050452683556330485,1.2008318943088073e-08
4128,0.010323031946883578,0.0001561568241367021,0.004995086551723708,0.005171776329334849,1.2241688319277038e-08
4129,0.010324261444010215,0.0001539594391237774,0.004942708999336755,0.005227581327583439,1.1677966243872379e-08
4130,0.01047218101531769,0.0003051739148372248,0.005011448545446363,0.005155546877244978,1.1677789125088007e-08
4131,0.010473290408467702,0.0003035324561988612,0.004887603297823333,0.0052821431331738925,1.1521271616265637e-08
4132,0.010379781031563055,0.0002130974327645384,0.004917820084555746,0.005248851549214021,1.1965028749083322e-08
4133,0.01030783047739021,0.0001406999150301,0.004931968899669725,0.005235150300061061,1.1362629322768037e-08
4134,0.010350826182317203,0.00018226999416368192,0.004933001787224488,0.005235542529429051,1.1871499982401957e-08
4135,0.010477916483488248,0.00031154389842976874,0.004998705479637016,0.005167653955170115,1.3150251347573276e-08
4136,0.0104751074246286,0.0003063629179540112,0.004942236292191735,0.005226496098342968,1.2116139887248659e-08
4137,0.010375906568421488,0.00021031665116895008,0.0050946482086208335,0.005070929368197759,1.234043394630844e-08
4138,0.010315975484712586,0.00014856955106057654,0.005030062726786195,0.005137330997445597,1.2209420215850071e-08
4139,0.010318122257297294,0.000150408440896428,0.004984055817254636,0.005183646040677378,1.1958468850361494e-08
4140,0.010443877263164533,0.0002789163416780589,0.005035993917060439,0.005128954533112699,1.2471313336527977e-08
4141,0.01048773154224354,0.00031796754035041144,0.004897213777566387,0.005272538001775889,1.2222550850863707e-08
4142,0.010438420080777803,0.00027304110452098016,0.004964159046273935,0.005201207450418034,1.2479564853620655e-08
4143,0.010345128756270226,0.00017930809918305637,0.0049478077907397075,0.005218001278641702,1.1587705760159636e-08
4144,0.010287466287801594,0.00012090897236300366,0.0049519451226043044,0.005214600185648303,1.2007185981823192e-08
4145,0.01039481152628236,0.00022846895954211423,0.00497819962820741,0.005188130655120007,1.2283412830175632e-08
4146,0.010480238616329995,0.0003131798232271733,0.0049659629300899,0.005201084667996219,1.1195016703946498e-08
4147,0.010526155798448488,0.00036098782912316244,0.0051530902605153575,0.005012065418776645,1.2290033323283174e-08
4148,0.01046549304098624,0.00029598623788053714,0.004942852524451027,0.0052266417751667,1.2503487975227077e-08
4149,0.010305808366147905,0.00014048743054634203,0.004942738442388266,0.0052225697985504825,1.2694662814632888e-08
4150,0.010344978016832733,0.0001822037019748858,0.004973916144057767,0.005188846287920956,1.1882879123894896e-08
4151,0.010425717585168883,0.000256068191992803,0.00486008370165935,0.005309554338193951,1.1353322779268691e-08
4152,0.01055239596404601,0.00038384297187180825,0.004859393359617209,0.005309147266725922,1.2365831071277828e-08
4153,0.010507476943184295,0.00034196034137784785,0.004902378440907524,0.005263125723922373,1.243697655058437e-08
4154,0.010371837302365077,0.00020888972547849732,0.005107403491507887,0.005055530808836853,1.3276541840634665e-08
4155,0.010323328544872099,0.00015539461100674807,0.005021317182310158,0.00514660417777585,1.2573779339992859e-08
4156,0.010358012981913647,0.00019031001357173687,0.004992437649267964,0.005175253076044387,1.224302955835678e-08
4157,0.0104875244810337,0.0003250800355752819,0.005165803753502257,0.004996627116584111,1.3575372050420833e-08
4158,0.010507264195730632,0.0003432703827047922,0.004992950805194049,0.005171029998220223,1.3009611568370839e-08
4159,0.010434454449197638,0.0002687136575101532,0.004999914153691668,0.00516581420714169,1.2430854124896929e-08
4160,0.010308173514927925,0.0001400251541945009,0.00494372796764349,0.005224409210972874,1.1182117060083597e-08
4161,0.010338250572163192,0.0001741916273879074,0.004963676145480593,0.0052003709866251645,1.1812669526446933e-08
4162,0.010487754573412842,0.0003269549368304366,0.005015613846896273,0.005145172730889136,1.3058796997247895e-08
4163,0.010530621808188784,0.00035987852352156724,0.004839776590160275,0.0053309548194516625,1.1875055280017836e-08
4164,0.010429057175394722,0.0002624123233126496,0.004924958964369444,0.005241673020861423,1.2866851205330555e-08
4165,0.010295830786342202,0.00013266131171445783,0.005018455553756874,0.005144700072764807,1.384810606290648e-08
4166,0.010380282027180195,0.00021810142780121264,0.005034415934697671,0.005127751250178839,1.3414502472008638e-08
4167,0.010508992988222771,0.0003456752311518831,0.0051003541454442075,0.005062951135115361,1.2476511319107895e-08
4168,0.01052984917114042,0.0003599186224067565,0.004964001538106732,0.005205917603975727,1.1406651204842073e-08
4169,0.010350687812428249,0.0001854247832271981,0.005097654779932718,0.0050675950412154835,1.3208052846750486e-08
4170,0.010308616324975544,0.0001470303841897135,0.0050506488286079735,0.005110922928923468,1.4183254388135294e-08
4171,0.010421383419304727,0.00025658537759143597,0.004887502330955904,0.005277282373927029,1.333683035732111e-08
4172,0.010560804370058116,0.0003968383966730931,0.004916266823853588,0.005247686148020713,1.3001510722024366e-08
4173,0.010463655269399784,0.00029647367510813243,0.004932718386192399,0.0052344511919137846,1.2016185467750337e-08
4174,0.010312521748877772,0.00014870433198096793,0.005053320055812571,0.0051104843954709045,1.2965613327749075e-08
4175,0.010350212702135752,0.00018714607741349148,0.0050179360855543455,0.005145117527123109,1.3012044804256154e-08
4176,0.010488535040429852,0.0003222673742036264,0.004915685764190848,0.005250570151993989,1.1750041389624494e-08
4177,0.010513352268363332,0.0003513055729101119,0.005075390516614405,0.005086643234992281,1.2943846532245215e-08
4178,0.010344354426071343,0.00017988947674056572,0.005024194977597543,0.005140256132426971,1.3839306264378952e-08
4179,0.010316566217496782,0.00015225191985976242,0.005035491393860765,0.005128809006139956,1.3897636299505983e-08
4180,0.010418112171865165,0.0002553978951174631,0.00505601366171515,0.0051066877083066784,1.2906725871435099e-08
4181,0.010530893086977362,0.0003642322413693219,0.0049049224685653306,0.005261727036174955,1.1340867754955611e-08
4182,0.010409401827097762,0.0002475654850283817,0.0049664376098812624,0.0051953864751976605,1.2256990457116215e-08
4183,0.010297321198557969,0.00013357710099421712,0.004918307595645147,0.005245422996663187,1.3505255415706856e-08
4184,0.010369086743889658,0.0002026082475769826,0.004884694191435831,0.005281769751295999,1.4553580845097471e-08
4185,0.010482441464378666,0.0003194099494763546,0.004952453922656932,0.005210563332326943,1.4259918436752644e-08
4186,0.01049000944378771,0.00032445526693514453,0.004893623056381472,0.005271918607215195,1.2513255897239556e-08
4187,0.010338330811311022,0.0001771130917855457,0.005000376492195018,0.005160827900694699,1.3326635758579112e-08
4188,0.010306014784637609,0.00014322346125045598,0.005025626449158352,0.005137151899316214,1.2974912587437983e-08
4189,0.010418365794624993,0.0002527591231433766,0.004998517754794031,0.0051670765299397904,1.238674779440397e-08
4190,0.010526310032253013,0.00036334526466748855,0.00512389256329219,0.0050390584455429765,1.375875035843824e-08
4191,0.010427309894354,0.00026338659742873734,0.004954300844000666,0.005209609074574006,1.3378350589745985e-08
4192,0.010323242624222736,0.00016251618799640265,0.004980657672380288,0.005180055022877183,1.37409688629702e-08
4193,0.010340743314885022,0.00017939314395855202,0.005008573452858784,0.005152762744246527,1.397382115846814e-08
4194,0.010463875682879913,0.0002983354795931461,0.004956825394367252,0.005208702688073843,1.2120845673113553e-08
4195,0.010522965015273889,0.0003606057490910768,0.0050423894716594315,0.0051199578975819225,1.1896941457528125e-08
4196,0.010374116725452786,0.00020775830471274917,0.004867099478604654,0.005299246489780705,1.2452354677600616e-08
4197,0.010300244026502986,0.0001372719004044799,0.004880174252570058,0.005282784266710412,1.3606818034458095e-08
4198,0.010406472626892888,0.0002464197690798668,0.004984110308163505,0.005175928742937651,1.3806711863338932e-08
4199,0.010515996787103596,0.00034874603899583427,0.0048894055923254486,0.005277831866894284,1.3288888030083928e-08
4200,0.010460856112066201,0.00029794900193671174,0.00493878280353174,0.005224110275836217,1.4030761532485796e-08
4201,0.01034573515749781,0.00018363402697514072,0.004896837924467011,0.005265250304606736,1.2901448921268908e-08
4202,0.010302345861025415,0.00014041017836370666,0.004919198167956356,0.0052427246287324045,1.2885972947941651e-08
4203,0.01043500023080977,0.00027264662098972094,0.005011830254080443,0.0051505102679662825,1.3087773322571176e-08
4204,0.01051016393985925,0.00034563938640526,0.004991946116412369,0.005172566047127037,1.2389914585317878e-08
4205,0.010411589104796707,0.00025092291142426976,0.005135166636255421,0.005025484898883987,1.4658233028518636e-08
4206,0.010335485361238125,0.00017331068214301924,0.004965176884934565,0.005196982684358955,1.5109801586085456e-08
4207,0.010327231947436599,0.0001640149274945618,0.004928292252460144,0.005234911281583587,1.3485898306802952e-08
4208,0.010437435483418717,0.0002776371773436666,0.005068975971410145,0.005090809333632174,1.300103273139029e-08
4209,0.010504990167053046,0.0003412424086307441,0.0049775114876691815,0.005186223782172885,1.2488580234311657e-08
4210,0.010398463462874338,0.00023579624039397144,0.005041307211257707,0.005121347207277226,1.2803945433815162e-08
4211,0.010312108810261154,0.00014942760757076035,0.004957066812182909,0.005205601742583397,1.2647924086928024e-08
4212,0.01033434945932305,0.00017268106517803977,0.0049105571164232325,0.0052510977371918585,1.3540529917836688e-08
4213,0.010444230314670436,0.00028406562453104045,0.004944683848310494,0.0052154668899660195,1.3951862881214355e-08
4214,0.010514062816828077,0.00034872253024835633,0.004881133055393612,0.005284194267803513,1.2963382594160061e-08
4215,0.01041822305196226,0.00025743883886043155,0.005016053417967419,0.005144716102722376,1.4692412033451115e-08
4216,0.010311430598509789,0.00015020907538402392,0.004997846325261591,0.0051633608295056635,1.4368358509139886e-08
4217,0.010324774513752015,0.00016312717690345174,0.005009944421992151,0.005151690019208112,1.2895648299482219e-08
4218,0.010423436001081142,0.0002622085091241396,0.005055163218017929,0.005106051238245808,1.3035693265799767e-08
4219,0.01051126455765372,0.0003480004955953461,0.004957024497848627,0.005206226212531788,1.3351677958718705e-08
4220,0.010429033955878266,0.00026999684349167033,0.005101642192195613,0.0050573804461986945,1.4473992289587492e-08
4221,0.010309864859823112,0.0001480489123199772,0.004982651811230794,0.005179149985292289,1.4150980053108121e-08
4222,0.010315941196930743,0.00015265384719484313,0.004924167537632258,0.005239105221820725,1.4590282917124274e-08
4223,0.01039010845619485,0.00023170762528338092,0.0049792961412429325,0.005179090224856987,1.4464811548182144e-08
4224,0.010499431456596342,0.00033823727119441845,0.004915897570678175,0.00524528375607743,1.2858646320440928e-08
4225,0.010458370152525435,0.00029762642702785237,0.005021994358898644,0.005138735811541148,1.3555057791564402e-08
4226,0.010344460725969843,0.0001810588551372632,0.0049712293679947455,0.005192159392331312,1.3110506519915223e-08
4227,0.010299490748467378,0.00014002904755508626,0.0050088831017111,0.00515056535586624,1.324333495144808e-08
4228,0.010365475917331302,0.00020798682837705205,0.00500658465525934,0.0051508901202432155,1.4313451692304238e-08
4229,0.010499960380668527,0.00033682941174781355,0.004893444972316181,0.005269672044952649,1.3951651884739773e-08
4230,0.010479216599140315,0.0003198628956947287,0.005017785219733858,0.005141554682760008,1.3800951720048749e-08
4231,0.010368058643614843,0.00020706650632718642,0.004946934812738813,0.005214044359924461,1.2964624382364369e-08
4232,0.010288890998133973,0.00012835455744076153,0.004938891692245821,0.0052216309384700435,1.3809977345936902e-08
4233,0.010353058517536772,0.00019297677293264468,0.004955120701273306,0.005204947340801499,1.3702529323858907e-08
4234,0.010482134230302345,0.0003212818801503931,0.004950031046835967,0.005210808454380897,1.2848935088608627e-08
4235,0.010505630169154734,0.000346853322250469,0.0051171314008175055,0.00504163070817779,1.4737908969983747e-08
4236,0.010386683105236211,0.00022392468646673702,0.004978841618742331,0.005183902073847719,1.47261794242901e-08
4237,0.01030571474116624,0.00014662753054283027,0.0050161625230213365,0.005142910036126223,1.465147584967553e-08
4238,0.010354372177254923,0.0001983050671464983,0.005072961422790347,0.005083090863261349,1.4824056728173983e-08
4239,0.010509154960769228,0.00034722455528997127,0.0049368434274419245,0.005225073548420236,1.3429617095299193e-08
4240,0.010516773021454961,0.0003563656737116713,0.0049926312144078985,0.005167762947858932,1.3185476459314546e-08
4241,0.010360478515492974,0.00020091364913518486,0.004922224913233993,0.005237326662843156,1.3290280640284323e-08
4242,0.010313999641970046,0.00015662433095265583,0.0049175631720682865,0.0052397972989747235,1.4839974379293642e-08
4243,0.010376965529379015,0.0002176732425161506,0.004924607088411094,0.005234670773579536,1.4424872233940252e-08
4244,0.010535559641899492,0.0003724085353538105,0.004911165256713813,0.005251972783402492,1.3066429375344188e-08
4245,0.010459886129497858,0.00030195124215172685,0.005093860953275276,0.005064058955273483,1.4978797372960537e-08
4246,0.010335340454684379,0.00017662012669653401,0.005037596091045616,0.005121109422496926,1.4814445302251944e-08
4247,0.010323898658309362,0.00016404161928753588,0.0050659923817716,0.005093851160626869,1.3496623357273801e-08
4248,0.010429612797676971,0.0002695187725045666,0.0051260593312124,0.00503402107059417,1.3623365834741051e-08
4249,0.010533491708802181,0.0003723380839779966,0.00496349684656103,0.005197643084773806,1.3693489348037827e-08
4250,0.01037985958547993,0.00022407230569869318,0.005034686810973962,0.005121086080743466,1.4388063810478525e-08
4251,0.010320575747286082,0.00016292116198821723,0.004940337661408754,0.005217303035812641,1.388807647036146e-08
4252,0.010342027826977322,0.0001791112366603954,0.004838167813174633,0.005324734577124708,1.4200017586848009e-08
4253,0.010475710225469377,0.0003157438517724924,0.004873950975046598,0.005286000845386956,1.4553263330303342e-08
4254,0.010479496592875151,0.0003198146400341062,0.004898976830538162,0.005260692035149001,1.3087153882777214e-08
4255,0.010370454893411296,0.00021363827853889455,0.005035631768939151,0.00512117056776861,1.4278164640797205e-08
4256,0.010312339013221922,0.00015268916293825725,0.004966918734866538,0.005192716078352965,1.50370641607142e-08
4257,0.01033323180139261,0.00017385329015525298,0.0049772323393438385,0.005182131614158391,1.4557735129140139e-08
4258,0.010469766636984878,0.00031325841596509485,0.005105504653638521,0.005050988978834881,1.4588546379602438e-08
4259,0.010486318309820029,0.0003270047644042779,0.0049335062800919165,0.005225793085655724,1.4179668109142957e-08
4260,0.010431245037610642,0.000274482235234251,0.004992494104506653,0.005164254017062702,1.4680807034654211e-08
4261,0.010296872881448102,0.0001380496748524925,0.00495635091752293,0.005202459199419903,1.3089652776149508e-08
4262,0.010333752855200069,0.00017491534932067754,0.004941709084249483,0.005217115022295877,1.3399334031182205e-08
4263,0.010444246030475175,0.00028838014054079176,0.004990729426243058,0.005165120796899886,1.5666791439213635e-08
4264,0.010511264877000978,0.0003513588508744222,0.004908927067071947,0.005250964290608559,1.466844604722065e-08
4265,0.01042472605639588,0.0002678458833803472,0.005030123129912408,0.005126742911889505,1.4131213618606681e-08
4266,0.010294355917678267,0.00013652914512830364,0.004980176091534197,0.005177636615876805,1.4065138961981348e-08
4267,0.010332870307209202,0.00017498966391610445,0.00496210234011067,0.0051957633651781715,1.4938004254817192e-08
4268,0.010454596370203788,0.00029811237363485136,0.005039092874496496,0.0051173767353647846,1.4386707655107908e-08
4269,0.010514225940061031,0.0003547786907157351,0.004947142490482214,0.005212292557220294,1.2201642789223464e-08
4270,0.010400641816582708,0.0002450373122526445,0.005053408156007081,0.005102182567137492,1.3781185488952875e-08
4271,0.010290657083985105,0.00013260725810181946,0.0049565027236533055,0.005201531735331693,1.536689828930864e-08
4272,0.010348335631753091,0.00018955301911938584,0.004924780912418446,0.00523398601996743,1.5680247830049468e-08
4273,0.010479766687990189,0.0003258227203513914,0.005050975352121216,0.00510295273987494,1.5875642641929502e-08
4274,0.01050521247427305,0.00034694196868763214,0.004937037367449697,0.005221218736900053,1.4401235666755156e-08
4275,0.01035662543829811,0.0001985380237656404,0.00498125348205888,0.00517681948426029,1.4448213299441484e-08
4276,0.010287373615462196,0.0001302031817305649,0.004968012449411482,0.0051891436731367055,1.4311183443838517e-08
4277,0.010389764694401595,0.00023367593628066216,0.00493999260460816,0.0052160816106910195,1.454282175201645e-08
4278,0.010514813471236043,0.0003598571590873606,0.005039003539408521,0.005115937779107862,1.4993632299543484e-08
4279,0.010458120318927767,0.00029780800099122234,0.00496731584392579,0.0051929830004927326,1.3473518023309555e-08
4280,0.0102943505819114,0.00013846663168074155,0.005057866941407234,0.005098002336878341,1.4671945084323506e-08
4281,0.010326827407745657,0.00017286097403051008,0.005026100779786451,0.005127849999710911,1.5654217785373788e-08
4282,0.010442989533637757,0.0002845210293144929,0.0049391420765627645,0.005219312361797737,1.4065962762011679e-08
4283,0.010508016587787583,0.00035108916344491376,0.005069617438399449,0.005087296112271921,1.3873671300393103e-08
4284,0.010363617192197213,0.00020553494670418534,0.0049603940997455616,0.005197674209461126,1.3936286342666545e-08
4285,0.010275812054860322,0.00011993915944513639,0.004927335600954476,0.00522852218526144,1.510919926923596e-08
4286,0.010394016823686682,0.00023898169426402684,0.004927555298712158,0.005227464570118524,1.5260591974029347e-08
4287,0.01047952436990101,0.0003202867670780081,0.004889422704843269,0.005269800741021063,1.4156958668920693e-08
4288,0.010466479751888637,0.00031055530319533793,0.005039810871495868,0.005116098770244893,1.480695253689001e-08
4289,0.010289112133806608,0.00013218413992071128,0.005015470766936141,0.005141443280548012,1.3946401744674832e-08
4290,0.010322542898877868,0.00016668957974226605,0.005001738029457045,0.005154100715868497,1.4573810062214687e-08
4291,0.010469443095479862,0.00031527730692368567,0.005066900868588584,0.005087248662267097,1.6257700494548e-08
4292,0.010489577619093695,0.00033153600679304866,0.004982865064561177,0.005175162012297286,1.4535442182136369e-08
4293,0.010383587222706197,0.00022752368896648362,0.005097860061485189,0.005058189029717975,1.4442536548977846e-08
4294,0.01027740507817758,0.00012179454729486335,0.004976449308593864,0.005179146160469549,1.506181930469451e-08
4295,0.010380256163699426,0.0002234009241771121,0.004895596885089084,0.005261243361909382,1.4992523847164642e-08
4296,0.010496512763047541,0.0003423882212121003,0.004969759397612036,0.005184350526831995,1.4617391410509494e-08
4297,0.010419006048571025,0.00025985786007749414,0.004888550721579714,0.005270583894229226,1.3572684591894828e-08
4298,0.010311848725944537,0.00015590412923945483,0.004937860373098604,0.005218069403125037,1.4820481441667178e-08
4299,0.010309655034616784,0.00015608438813778989,0.004986996756015742,0.0051665586438529145,1.5246610337857533e-08
4300,0.010430182610273635,0.0002734729474420152,0.004929562324297873,0.005227132383036346,1.4955497401410783e-08
4301,0.01051072990677648,0.0003555531637522868,0.0050351400957847035,0.005120020724876166,1.5922363322898765e-08
4302,0.010362694806299401,0.0002059653893872211,0.005017333101135828,0.005139382080135607,1.4235640745209297e-08
4303,0.010308976884243263,0.0001546759506175312,0.005102358234228994,0.0050519280215541255,1.4677842611257942e-08
4304,0.010325060450299477,0.00017058960525162512,0.0050445745591155364,0.00510988033175573,1.5954176586297695e-08
4305,0.01042172610954616,0.0002643112727633173,0.004919097455379855,0.0052383024040586635,1.4977344323095023e-08
4306,0.0104523386044688,0.00029960076389336053,0.005008552953252519,0.005144170504441049,1.438288187201759e-08
4307,0.01034371049271299,0.00018714771053668185,0.004912175070891447,0.005244373591036964,1.4120247896444026e-08
4308,0.010311550414877047,0.00015607399740485864,0.004925993941986925,0.005229467660933602,1.481455165934826e-08
4309,0.01029589550731069,0.0001430422420262586,0.004951280803832275,0.00520155782887431,1.4632577845641701e-08
4310,0.010403678709716847,0.0002472411767685085,0.00490889995821255,0.005247522759674182,1.4815061607235367e-08
4311,0.010471602608218795,0.0003157962929715784,0.0050014763711654885,0.00515431339102465,1.6553057078564818e-08
4312,0.010444513364296462,0.0002882608886601766,0.004950032151763232,0.0052062053756358785,1.4948237174882577e-08
4313,0.010375773337502892,0.0002246208179684162,0.0050821343903811505,0.005069003782254117,1.4346899207141525e-08
4314,0.010272643123777873,0.00011849965346734399,0.004996464125597281,0.005157664334197328,1.5010515919664082e-08
4315,0.010318021548021375,0.00016146393169876136,0.004956726208142953,0.005199815258611669,1.6149567992343143e-08
4316,0.010379898691540256,0.0002273613940869443,0.004998403170449449,0.005154118842153115,1.5284850748129568e-08
4317,0.010489280229597726,0.0003326348999179057,0.004845533389031368,0.005311098857190329,1.3083458122617129e-08
4318,0.01053812076491921,0.00038592363188386423,0.004941465244196796,0.0052107175911574235,1.4297681125650665e-08
4319,0.010410061281496947,0.0002560082253167427,0.004941429519362862,0.005212608557297735,1.4979519605535772e-08
4320,0.010316740168530566,0.00016346098247892632,0.005037087577446123,0.005116175545654023,1.6062951492829098e-08
4321,0.010295890076545973,0.00014125384385439455,0.00500125808162001,0.00515336172418571,1.642688585937585e-08
4322,0.01043445140976921,0.0002798183443955814,0.004963404679681318,0.005191213094505204,1.5291187107090962e-08
4323,0.010513502859750517,0.00036196767617671194,0.005115492578417006,0.0050360278970881375,1.4708068660702714e-08
4324,0.010461781089241623,0.00030515339989442347,0.004943724020462247,0.00521288944800898,1.4220875971261217e-08
4325,0.010324186561654531,0.0001706362201312031,0.004999024750769718,0.005154508839500093,1.6751253515862368e-08
4326,0.010287188928862321,0.0001351317657698416,0.004972296462685794,0.005179744446557473,1.625384921287518e-08
4327,0.010422118754072937,0.0002651601605518505,0.004857825053027361,0.0052991197596914804,1.3780802246374788e-08
4328,0.010513938945112893,0.0003606763247214948,0.0049356207481228,0.005217627320520536,1.4551748061301319e-08
4329,0.010465449809011604,0.00031177690414381634,0.004924309497072673,0.005229348022286431,1.5385508684724555e-08
4330,0.010294467767455252,0.00014284415876509153,0.005030366371378125,0.005121241082737476,1.6154574558943474e-08
4331,0.010309230003735353,0.0001545269047636869,0.0049841357529867856,0.005170551347340145,1.5998644735236733e-08
4332,0.010431449360920886,0.0002760117328989911,0.004951888386772492,0.005203532872996368,1.6368253034111985e-08
4333,0.010504002117571192,0.0003527594077037445,0.0051448909627985024,0.005006334327869685,1.74191992612937e-08
4334,0.0103994270168946,0.0002441369821865535,0.004973981086540506,0.005181293658801646,1.5289365894253922e-08
4335,0.010282825158569956,0.00012757883545720506,0.004974099907813567,0.0051811311188749475,1.5296424237269436e-08
4336,0.010321439495933284,0.00016982958523379584,0.0049928108121923675,0.005158782781852442,1.6316654678964804e-08
4337,0.010456690838235963,0.0003025724716713476,0.004887830524019779,0.005266271866446279,1.597609855610096e-08
4338,0.010490825163996954,0.000337871631047915,0.004944693727150273,0.005208243633368447,1.617243031920946e-08
4339,0.010337590279913973,0.00018174795983728136,0.004922801568763835,0.005233025673518334,1.5077794524152106e-08
4340,0.010278984987571628,0.00012713006958536878,0.005007388882064924,0.005144450665189157,1.5370732178603418e-08
4341,0.010370459185141687,0.00021983139781694353,0.005015663501007363,0.005134948511914047,1.5774403334418493e-08
4342,0.010496601818309947,0.00033915076742778633,0.004865488713787318,0.005291947013348168,1.5323746676456877e-08
4343,0.010421789866601177,0.0002697367789621496,0.005009234440330073,0.00514280166125301,1.6986055944557173e-08
4344,0.010294243938134858,0.000141478834731792,0.005023236126223238,0.005129512499971137,1.6477208691821038e-08
4345,0.01030104982672998,0.00014712377225316577,0.005001349636934026,0.005152560860515847,1.5557026941008636e-08
4346,0.01045961204650314,0.00030718461096829,0.005046099276590566,0.00510631229509637,1.586384791434858e-08
4347,0.010481759249301992,0.0003269243150992374,0.004937401606464147,0.005217417788616046,1.553912256171135e-08
4348,0.010366612822097577,0.00021517345326776323,0.0050373010711503565,0.00511412166219148,1.6635487976615008e-08
4349,0.010267761152120016,0.00011281357343270784,0.004926029275713886,0.005228901958815751,1.6344157670969514e-08
4350,0.010365922611526536,0.00021166886632580103,0.004914304479068582,0.005239933372258004,1.5893874148620483e-08
4351,0.010488662229721625,0.0003392498642128604,0.005053790875999018,0.005095604774121062,1.671538868419743e-08
4352,0.010444516449852182,0.00028741270702843587,0.0048726684732155875,0.005284419612251173,1.565735698545666e-08
4353,0.010301089840602028,0.0001451950557344869,0.004862948538203542,0.005292930358032197,1.5888631802822697e-08
4354,0.010298150399347764,0.00014680967693777325,0.004918319876888277,0.005233004201384813,1.6644136900550954e-08
4355,0.01043424127077095,0.00028026816672796175,0.0048845961530002025,0.005269360944444991,1.6006597794671352e-08
4356,0.010495238991898925,0.0003437228070900021,0.0049880429948513045,0.005163457303662333,1.5886295285905243e-08
4357,0.010359679156832793,0.00020523583489502636,0.004928102472173987,0.005226324911024736,1.5938739043113816e-08
4358,0.010284465441679186,0.00013302520854477386,0.004976379638321959,0.005175043154055211,1.74407572403992e-08
4359,0.010346140313451966,0.0001956022533127585,0.005017819218672854,0.005132702796296837,1.604516951648119e-08
4360,0.010482396850704668,0.00032666262164486804,0.004929809384457656,0.005225910325736461,1.4518865682807916e-08
4361,0.010453635680195965,0.00030179294796169547,0.005085481841969991,0.005066343694146903,1.7196117374111005e-08
4362,0.01030393885402107,0.00015157846398358094,0.0049932249209404134,0.005159117957476899,1.751162017628719e-08
4363,0.010288558628671543,0.00013487178556930096,0.004929359178954081,0.005224311509972273,1.6154175888275474e-08
4364,0.01042644753347576,0.0002741097910291313,0.004960537183795371,0.005191784829264658,1.5729386600068516e-08
4365,0.010489959574940698,0.00033721402177028286,0.004988478334348303,0.0051642522747491915,1.4944072920662263e-08
4366,0.010381512116584557,0.00022887782741834646,0.005135485904570799,0.005017132085080036,1.6299515376609104e-08
4367,0.010319125286350516,0.00016379199911421152,0.004968261550417228,0.005187055290775502,1.644604357420041e-08
4368,0.010330109060981264,0.00017908592708651376,0.004989190955512354,0.0051618158730389815,1.630534341340903e-08
4369,0.010443689791518027,0.00029444194996541633,0.0050804815265583485,0.005068748552598611,1.7762395651858134e-08
4370,0.010471415982824105,0.0003128739601606842,0.004864494977131154,0.005294030616192967,1.64293392995337e-08
4371,0.010372194339456213,0.00021764440495746848,0.004891766222778813,0.005262767869531381,1.5842188550644205e-08
4372,0.010286389586149497,0.00013686348933424606,0.004965959117081115,0.005183549953606056,1.7026128080585984e-08
4373,0.010400446616013394,0.00024843505275390414,0.004909057668512723,0.005242935750298514,1.8144448252254056e-08
4374,0.010450369831205262,0.00029695843423781996,0.004900407408447458,0.005252986626586642,1.7361933342195175e-08
4375,0.01050189927405808,0.0003449620270063659,0.004849602850841287,0.0053073186848037095,1.5711406717891093e-08
4376,0.010364619372896781,0.00021536404992071492,0.005021620916598482,0.005127616530473296,1.7875904287873435e-08
4377,0.010304531294102737,0.00015519543121151708,0.005053768422649245,0.005095550132857093,1.7307384882616025e-08
4378,0.01035337080236959,0.00020133214271129724,0.005043959112415683,0.005108063866579255,1.5680663354593676e-08
4379,0.010440408222742625,0.00028677388408154353,0.005102776104947117,0.005050841278101332,1.6955612632441688e-08
4380,0.010487443073115166,0.0003328556592160326,0.004989980219592946,0.005164589792263275,1.7402042912147635e-08
4381,0.010381998149166615,0.00023269988117401326,0.005127128291449078,0.005022152726187721,1.7250355801035908e-08
4382,0.010299894294757653,0.00014897090389335654,0.004951115245034909,0.005199792661419477,1.5484409910752254e-08
4383,0.010314361344741842,0.00015596378333973358,0.004818348618009018,0.005340032917394983,1.602599810652804e-08
4384,0.010348826489226077,0.0001955888027027822,0.004893878088808639,0.005259342133153595,1.7464561059565518e-08
4385,0.010438300658256829,0.00028795775313509686,0.0049348955246481295,0.005215431191972258,1.6188501345466818e-08
4386,0.010408303647390756,0.00025992858705077527,0.005010919026012849,0.005137440097620143,1.593670698836304e-08
4387,0.01040738854958837,0.00024964881560953655,0.004833215780031487,0.005324508210840638,1.5743106709726605e-08
4388,0.01029355827148162,0.0001402674829544814,0.004905658322463336,0.005247614729048922,1.7737014881505434e-08
4389,0.01032199596923389,0.00017321603329952152,0.00502105813744551,0.005127702924246355,1.887424250324895e-08
4390,0.010327866158261027,0.0001780578422296872,0.004984301887795393,0.005165488110409073,1.8317826872636328e-08
4391,0.010449906277947325,0.0002989308217541349,0.005005014933682357,0.005145943053402367,1.7469108466505117e-08
4392,0.010542516384930147,0.0003873077129226586,0.004932032544722961,0.005223160457124182,1.567016034476514e-08
4393,0.010552738947218981,0.00040198345286735556,0.00516184308192127,0.004988894393157173,1.801927318344495e-08
4394,0.01043848315480859,0.00028690000774163154,0.004938442439953751,0.005213122316949539,1.8390163668754753e-08
4395,0.010291577433447382,0.000138681757506156,0.004862364607073555,0.005290513495985297,1.757288237486606e-08
4396,0.010328134313243316,0.00017571357930492337,0.004862277370104137,0.005290127515545974,1.5848288281155014e-08
4397,0.010430675824372944,0.00027928370653903866,0.0049159745946624105,0.005235401828479721,1.5694691773124674e-08
4398,0.010549730083397074,0.00040044904938360223,0.005118244000918694,0.005031019278755095,1.775433968233104e-08
4399,0.010403470274205651,0.0002494651849808593,0.004949424557736292,0.005204564309085703,1.622240279545038e-08
4400,0.010308096242571573,0.00015544205259633437,0.004939643528787039,0.00521299470581286,1.5955375339890085e-08
4401,0.01032463425192768,0.00017566475957363602,0.004981325342330704,0.00516762691707249,1.7232950851626414e-08
4402,0.010511984768141542,0.0003617525036457896,0.00494781668456602,0.005202398162475758,1.741745397362977e-08
4403,0.010487506247285306,0.0003378417677495822,0.005086958825487314,0.00506268822180022,1.743224818948836e-08
4404,0.010344412099123708,0.0001903781701614044,0.004937377391631601,0.005216640462304932,1.607502577001189e-08
4405,0.010290586604856452,0.00013755020782815368,0.004931730629987581,0.005221289128942202,1.6638098514658792e-08
4406,0.010418761774992895,0.00027012873941394865,0.005044740351318795,0.005103875397469402,1.7286790748006597e-08
4407,0.010499021588748013,0.00034758544870096405,0.004953571984425335,0.005197848187121755,1.5968499958842174e-08
4408,0.01038828915582956,0.000236736535961,0.005000488804103046,0.00515104698874096,1.6827024553371793e-08
4409,0.010280171326632219,0.0001271696320138815,0.00491838364721434,0.005234600407612984,1.7639791013879042e-08
4410,0.010353893907924487,0.0002039789178933232,0.004933791097491948,0.005216104995912076,1.8896627139011938e-08
4411,0.010505266204220886,0.0003573077641782953,0.005085642756381323,0.005062295091426048,2.0592235218271373e-08
4412,0.010454575347511433,0.0002998289068639418,0.004950743638330049,0.005203984227086965,1.8575230479566434e-08
4413,0.010300036675962966,0.00014625258519766597,0.005006640841865987,0.005147126232240017,1.701665929509302e-08
4414,0.010310068547923098,0.00016012038276079857,0.005041226364331186,0.005108705730909702,1.606992141019599e-08
4415,0.010473014372496979,0.0003228880257523484,0.00493040639229287,0.005219703532740886,1.642171087462256e-08
4416,0.010486938743263225,0.0003378022963816456,0.004961586197145416,0.00518753161842304,1.8631313121664405e-08
4417,0.01033636059944017,0.0001822733747937275,0.00490328827555287,0.005250780950462543,1.799863102949285e-08
4418,0.010277307051283577,0.0001244735875889498,0.0049468613897930246,0.005205954163573341,1.7910328262232535e-08
4419,0.010434018142350508,0.000285570562050446,0.005036559300537409,0.005111870670689938,1.760907271531543e-08
4420,0.010490195589481631,0.00033991691449462033,0.004941274787858261,0.0052089883136914195,1.5573437329715906e-08
4421,0.01034645477406274,0.00019583602213521062,0.00503198817376596,0.005118613960543831,1.6617617739204625e-08
4422,0.010276252902593945,0.0001229509305028983,0.005025335712620495,0.00512794799655996,1.8262910592029563e-08
4423,0.010384982486847223,0.00023306486881103608,0.005028262884443547,0.005123635560548408,1.9173044231345503e-08
4424,0.010487439379558375,0.0003382895648263983,0.005126342754202635,0.005022787052682141,2.000784720156917e-08
4425,0.010401044785927564,0.0002475855615175652,0.0049016983997180975,0.005251742806135882,1.8018556019041865e-08
4426,0.010272130213034697,0.00011909710607734628,0.004899659525158639,0.005253356389242797,1.719255591576994e-08
4427,0.010354272991622766,0.00020492920481537794,0.005014333737135652,0.005134992342051589,1.7707620145940002e-08
4428,0.010481917633117893,0.0003294064394904056,0.004921433465858133,0.005231059927869475,1.7799899878120835e-08
4429,0.010416530374722791,0.0002651532005576031,0.004930494471328303,0.00522086507860906,1.7624227823179175e-08
4430,0.010318043840683182,0.00016580879670022316,0.004889344559611888,0.005262874611781152,1.5872589919533982e-08
4431,0.01028945542602109,0.0001388720331571735,0.004905062369983637,0.005245503958063249,1.7064817032502777e-08
4432,0.010433953193616187,0.0002860948280377853,0.005002820735194782,0.005145018560388441,1.906999517791278e-08
4433,0.010469523332614656,0.0003179473482146394,0.004950655024792807,0.0052009032431712355,1.7716435975289198e-08
4434,0.010343764164454898,0.0001927264294555634,0.005051569136500457,0.005099450204677066,1.8393821810864857e-08
4435,0.010289295255294234,0.00013868470875133142,0.005028832458076968,0.005121759712983417,1.8375482518020038e-08
4436,0.010341336521131906,0.00019247044768524356,0.005069774437406475,0.005079074269044658,1.7366995531712132e-08
4437,0.01045181919461695,0.0003006712993080955,0.005188457601105793,0.004962672570159249,1.7724043812529226e-08
4438,0.010481798058871937,0.0003260118409950362,0.004914683684520823,0.005241085265637722,1.726771835581682e-08
4439,0.01032931932790083,0.00017620587076427733,0.004864402819786818,0.0052886929472931235,1.7690056612704184e-08
4440,0.01032231888111658,0.0001748349793453142,0.004911321138092215,0.005236145614577027,1.7149102023173465e-08
4441,0.010339790312771806,0.00019088953170887202,0.004912333976946964,0.00523654970722663,1.7096889342216195e-08
4442,0.010451563468194076,0.0003006953009765806,0.004967631177328257,0.00518321972389038,1.726599885872031e-08
4443,0.010437285522018794,0.000283518233028377,0.004933148759833362,0.005220602525436473,1.60037205816286e-08
4444,0.010336038830367317,0.00018781472713805475,0.005050295622611617,0.005097910300576497,1.8180041147712485e-08
4445,0.010315381288324117,0.00016758281965901657,0.004980437072278882,0.005167342104875376,1.929151084256263e-08
4446,0.010292846737972788,0.00014262679609188715,0.0049411340963605955,0.0052090680886113265,1.775690897722937e-08
4447,0.010436499538142333,0.00028731738836285374,0.005012517097018114,0.005136647921265789,1.7131495576499136e-08
4448,0.01043740683497554,0.0002860989943000608,0.0049006023774714825,0.005250687916647779,1.7546556217980444e-08
4449,0.010456305116528914,0.0003099159275056466,0.004986708561251604,0.005159660939602172,1.968816949009346e-08
4450,0.010333202948650703,0.00018405802112228455,0.004947656263540939,0.005201471123822225,1.7540165254950164e-08
4451,0.010288138893680932,0.0001368906114348406,0.00498618955698525,0.005165042230822239,1.649443860196632e-08
4452,0.01033223478829507,0.0001812193397514756,0.005001950175065109,0.005149048138086093,1.7135392393969946e-08
4453,0.010402544585369475,0.0002540288921241925,0.004971464947118008,0.005177033326714899,1.7419412373725767e-08
4454,0.010516221139835576,0.0003714209932287639,0.00510528728192093,0.005039493968528214,1.8896157667608863e-08
4455,0.010457393162381142,0.0003053991387440081,0.0048700805896513925,0.005281895039699794,1.839428594819936e-08
4456,0.010397161700768872,0.0002444652178954706,0.004887551114909728,0.005265126421681926,1.8946281748289946e-08
4457,0.010260719050670176,0.00011194933066348304,0.00499831932888837,0.005150433320306981,1.7070811342062024e-08
4458,0.010365617573959464,0.0002190831091989779,0.005064318959026578,0.005082199618358803,1.588737510505569e-08
4459,0.010425819594187624,0.0002789578905605506,0.005103837608855007,0.005043007138871309,1.6955900757565487e-08
4460,0.010483815911247203,0.0003293749709413394,0.004864323426940956,0.005290100669498708,1.684386620195241e-08
4461,0.010413369756054213,0.00026126217801073355,0.004863504383822616,0.005288584607728183,1.8586492679464356e-08
4462,0.010305914277116001,0.00015789898938681278,0.004907759159016051,0.005240236477254599,1.9651458537708283e-08
4463,0.010333310337303246,0.00018790169260651446,0.004989779047022191,0.00515560973117083,1.9866503711639362e-08
4464,0.010355969346766646,0.0002089555064817354,0.0050654491464234555,0.0050815468616492955,1.7832212159860563e-08
4465,0.010489248398402581,0.0003368003237348181,0.00495614950975294,0.005196283015642515,1.5549272308012136e-08
4466,0.010458409206921836,0.00030869940739785103,0.005070012990755523,0.005079678518131127,1.829063733442213e-08
4467,0.01038147965407055,0.00023285347038226896,0.0050170565525094295,0.005131548998670195,2.063250865579687e-08
4468,0.010293608197818141,0.00014687009792829512,0.005106351189510208,0.005040366005649023,2.0904730615188013e-08
4469,0.010307298071274213,0.00016006977346458547,0.005054834881342874,0.005092374992563582,1.842390317243884e-08
4470,0.010407765488805069,0.0002553272774773201,0.004863447339804868,0.00528897431998188,1.655154100110218e-08
4471,0.0104744070687474,0.00032697751475565726,0.004916764908384228,0.0052306470394571725,1.7606150341586994e-08
4472,0.010454615343882846,0.00030782094447188405,0.0049627575743215885,0.00518401952585991,1.729922946414929e-08
4473,0.010417694882856501,0.00026860033545959264,0.005170805268822768,0.00497827096606383,1.8312510310121955e-08
4474,0.010313166899635023,0.00016127764543811147,0.004991285333097922,0.005160586788175538,1.713292345177071e-08
4475,0.01029466998571009,0.0001423962575039279,0.004880805599152274,0.00527145217436078,1.595469310604692e-08
4476,0.010339798366174928,0.0001933164243285174,0.004886441579836039,0.005260024170990212,1.6191020160591394e-08
4477,0.010397847715773696,0.0002521781969982481,0.0048727774399195825,0.005272874295348744,1.7783507120955736e-08
4478,0.01048862435486386,0.00034454931783906007,0.0050196888202173415,0.005124365327829103,2.0888978356872893e-08
4479,0.01046488546947713,0.0003129722886052689,0.004915211493542312,0.005236682400035513,1.928729403496617e-08
4480,0.010416582430603998,0.0002666192274547752,0.005009643069171779,0.005140301306676294,1.8827301148990168e-08
4481,0.010292640130913952,0.00014459957459006257,0.0049813724748391285,0.005166649937428798,1.8144055962714806e-08
4482,0.010315235923199186,0.00017075773634703107,0.005057094379293274,0.005087365605186933,1.8202371949439382e-08
4483,0.010385202175171986,0.00023940336397166787,0.005155766869129209,0.004990013867131055,1.8074940053396307e-08
4484,0.010525393632516736,0.00037324126430914446,0.00489326512373986,0.005258869923553083,1.7320914649601637e-08
4485,0.010622306671945789,0.00047151596179787126,0.004876853980200113,0.005273917024088111,1.970585969455966e-08
4486,0.010412441756743506,0.00026288954483535574,0.004856603588544025,0.005292929564465125,1.905889900109465e-08
4487,0.010291518257779181,0.00014806060549212558,0.005022320136118495,0.0051211187947655615,1.8721402999854878e-08
4488,0.0103644418326515,0.00021832460977604275,0.005111221631050347,0.0050348779838421094,1.760798299996274e-08
4489,0.010554385740003377,0.000402481732352717,0.004984962339156011,0.005166925975897983,1.5692596665826822e-08
4490,0.010500124882998162,0.00035018126044261883,0.005092627488184848,0.005057299216423573,1.6917947120827793e-08
4491,0.010274096256587588,0.0001254425818934181,0.004968613471625587,0.0051800219034229805,1.8299645602398425e-08
4492,0.010363381052757414,0.00021629769373165028,0.004911266922041702,0.0052357961959935626,2.024099050033319e-08
4493,0.010522362115330227,0.0003785002388996537,0.00498941054104001,0.005154430775994446,2.0559396115970824e-08
4494,0.010472752458469594,0.0003220181638654127,0.00488964203034205,0.0052610750050116565,1.7259250475822746e-08
4495,0.010289675541074112,0.00013963402379916243,0.004972625790788474,0.0051773985539918,1.7172494674251972e-08
4496,0.010343632922917147,0.00019586926715526367,0.005054169087284089,0.00509357655999147,1.8008486324737484e-08
4497,0.010518287825524103,0.00037119010223230344,0.004994807586096296,0.0051522723002624645,1.7836933040142537e-08
4498,0.01043567355473067,0.0002894452715512804,0.005107391984696473,0.005038816941231463,1.9357251455164936e-08
4499,0.01027954092293561,0.0001284982142459304,0.004926869258286607,0.0052241545859370506,1.8864466022078452e-08
4500,0.01036851843388367,0.0002158345477001174,0.0048673183915108826,0.005285347499086487,1.799558618267771e-08
4501,0.0104920396953413,0.0003478884929966732,0.004997496980998311,0.005146635387129053,1.8834217262656375e-08
4502,0.010390588230335639,0.0002452719440628531,0.004922642622605971,0.00522265500609389,1.8657572923731357e-08
4503,0.01025955254986668,0.00011239276282083808,0.004936544856183895,0.005210595889911636,1.90409503106269e-08
4504,0.010373071862126954,0.00022373358012138379,0.004977314191491149,0.005172005577263878,1.85132505436672e-08
4505,0.010465473277481235,0.000313530843754018,0.0049655934936811506,0.005186331290597164,1.764944890290103e-08
4506,0.010357621294264662,0.00020978557503049014,0.0051047327834367485,0.005043084246861166,1.8688936257920966e-08
4507,0.01027195979648802,0.0001260444848091154,0.005005836422055269,0.005140061096731523,1.779289211245561e-08
4508,0.010343677227242902,0.00019568257833733725,0.004885369783048586,0.005262607660210462,1.7205646516651556e-08
4509,0.0104752844821283,0.000328736765329036,0.004922407203931103,0.005224121797506889,1.871536127255337e-08
4510,0.010386350549629516,0.00023660318689293578,0.004912916913437158,0.005236811852146731,1.8597152690463963e-08
4511,0.010278112511913908,0.0001306040916645452,0.005039754430687684,0.005107734654412146,1.9335149531254418e-08
4512,0.010305531427162786,0.00015860548171565207,0.005088754462144306,0.005058152832392257,1.8650910571555642e-08
4513,0.01043066493717613,0.00028285033421592476,0.005009639903427754,0.005138158190850558,1.6508681891696598e-08
4514,0.010444415313417778,0.00029716683008674166,0.005107660101551191,0.005039570851676837,1.753010300998688e-08
4515,0.010329170369918494,0.0001790930157595117,0.004951252114623173,0.005198806403364784,1.883617102642611e-08
4516,0.010267242829726008,0.00011935934545184548,0.004952193790185211,0.005195670001828275,1.9692260675889866e-08
4517,0.010365987883544099,0.0002215619652827605,0.004978376210117099,0.005166030257522835,1.9450621404970222e-08
4518,0.01046407716208795,0.00031380393973997315,0.004817873403909946,0.005332381887059443,1.79313785873787e-08
4519,0.010418782945289022,0.0002700197289324921,0.00483502787267819,0.005313717278482108,1.8065196231937936e-08
4520,0.010305445101490448,0.00015854655457936496,0.004938503180147312,0.005208377604948027,1.776181574379106e-08
4521,0.010306121383440121,0.000159085297195288,0.0050637067340863,0.00508331017393774,1.9178220791970292e-08
4522,0.010344673484722138,0.00019691779642788906,0.005094769777445223,0.005052967040801705,1.8870047320807774e-08
4523,0.010456136966320414,0.00030595672961158504,0.004901643362549989,0.00524851987222234,1.7001936500727956e-08
4524,0.010407153919238559,0.0002631208977299971,0.00498441048563221,0.0051596036358546715,1.890002167954115e-08
4525,0.010330954029909372,0.00018779284881367936,0.004997904318424415,0.005145237624614858,1.92380564212819e-08
4526,0.010286536751978272,0.00014174757630904862,0.005055019032343931,0.005089751238562733,1.890476255867583e-08
4527,0.010322896143866734,0.0001747114733348288,0.005011850979377945,0.005136315202753972,1.848839998779174e-08
4528,0.010396584312353886,0.0002469423544957807,0.004952826644266817,0.0051967979973180515,1.7316273237215023e-08
4529,0.01045507903391788,0.0003105742272465104,0.005129874117580946,0.00501461252475508,1.816433534326372e-08
4530,0.010404544877752376,0.00025884373780208297,0.004948066055144847,0.005197616509780821,1.857502462435653e-08
4531,0.010320300829906141,0.00017322442458970238,0.004942576970016701,0.005204479690453826,1.9744845910644046e-08
4532,0.010272668891809488,0.00012361675459112917,0.004915806264375341,0.005233227575102648,1.8297740369985953e-08
4533,0.010299217970358106,0.00015197914835636433,0.004914532434823154,0.005232688412047932,1.7975130654951682e-08
4534,0.010389812539510527,0.00024709090276929025,0.0049552253688214575,0.0051874770376338555,1.9230285925128752e-08
4535,0.010484227247726921,0.000337263858793418,0.0048499764578810575,0.005296968401621287,1.8529431157371395e-08
4536,0.010472083305418226,0.0003278251253041627,0.005001523314325729,0.005142714591032716,2.027475561821788e-08
4537,0.010381235173371434,0.000232984702972651,0.0049813354939808084,0.0051668955960794865,1.9380338488475467e-08
4538,0.010271881564231361,0.0001257902568331674,0.005077118330014733,0.005068954227590064,1.874979339746626e-08
4539,0.010291338994290062,0.00014755417045752463,0.0050165653663530076,0.005127200804905242,1.8652574289315738e-08
4540,0.010408014616239478,0.0002614608641409344,0.004872310070085182,0.0052742253460299,1.833598346217324e-08
4541,0.010475027663363423,0.0003320283798514649,0.0049610222183604875,0.005181957395649845,1.9669501624635083e-08
4542,0.010410960333364597,0.0002637380723787752,0.004917511557092578,0.005229690999652709,1.9704240533597553e-08
4543,0.010297583749519347,0.00015162798093244995,0.005015841841618768,0.005130093308319836,2.0618648294519557e-08
4544,0.010273568480353447,0.00012839205939437252,0.00502947426688442,0.005115683641437119,1.851263753536911e-08
4545,0.010376564967705632,0.00023115762265718326,0.004974161201914732,0.0051712290608663955,1.7082267322907822e-08
4546,0.01050142170261083,0.00035737083576722146,0.005085824952496591,0.005058206507010767,1.9407336249951658e-08
4547,0.010441610741086068,0.00029361114149806087,0.004926642465148824,0.005221337390988697,1.9743450486193386e-08
4548,0.010322457403871464,0.00017745616752105997,0.004988815021589487,0.0051561652282973115,2.0986463605206304e-08
4549,0.010269657219256798,0.00012600006067201513,0.0049679961540859486,0.005175641099533991,1.990496484264517e-08
4550,0.010380521398235051,0.00023634393722604243,0.004912825386534466,0.005231334843990935,1.7230483607739556e-08
4551,0.01049410398055814,0.00035131884098383404,0.004982468940970542,0.0051602984066457195,1.7791958042422445e-08
4552,0.010444392042067064,0.00029562659498045033,0.0048955925872811576,0.0052531540457171405,1.881408831561325e-08
4553,0.01028881423033937,0.00014363633568126457,0.0050321715289416025,0.00511298557437553,2.0791340971266254e-08
4554,0.010276183450760114,0.00013172747395529644,0.005014976233604777,0.00512945938305335,2.036014668972536e-08
4555,0.010423412664533107,0.0002747961704708053,0.004851460717879725,0.005297136887671675,1.8888510902142854e-08
4556,0.010490737546108304,0.0003465528626538672,0.004889772372785874,0.00525439278792792,1.9522740642962615e-08
4557,0.0103819207448546,0.00023764015461535894,0.004919924413400693,0.005224336559438419,1.961740012884586e-08
4558,0.010286374662640891,0.0001414555362325497,0.005025245178888985,0.0051196524614959184,2.148602343724508e-08
4559,0.010318991359476637,0.0001728028871140076,0.00504575913738915,0.005100409147810145,2.0187163335328068e-08
4560,0.010458174586347607,0.0003113595268553504,0.004949725821254807,0.005197070966268704,1.82719687451388e-08
4561,0.010467532651275896,0.00032501928586446796,0.005115986768399182,0.0050265065631487135,2.0033863532814957e-08
4562,0.010305873544973641,0.00016205210598370728,0.005025635617237646,0.0051181670746752875,1.8747076999955928e-08
4563,0.0102849755988082,0.00013881497586785773,0.005001922555276519,0.005144219670827408,1.8396836415682173e-08
4564,0.010388328538783726,0.00024243391592380657,0.00498020702063219,0.005165667704468815,1.9897758914098392e-08
4565,0.010448758872675722,0.0003042142951309071,0.004947320641139371,0.0051972046286210705,1.9307784374911676e-08
4566,0.010417264043897444,0.00027531205913301424,0.005099252370886206,0.005042679625333936,1.998854428910696e-08
4567,0.010289080474158902,0.00014160593500290385,0.004937098859476217,0.005210356177816373,1.9501863408790545e-08
4568,0.010285516574809882,0.00013632920121823126,0.0049273992425965035,0.005221769042840141,1.9088155004801014e-08
4569,0.010415344514821416,0.00027155116173147053,0.005032716853522801,0.005111056536108519,1.9963458627099147e-08
4570,0.010449460638023385,0.0003028360426609345,0.004838273890811782,0.005308330400667914,2.0303882754826565e-08
4571,0.010401604244962458,0.00025496100248517634,0.004804525608276525,0.005342096623698734,2.10105020223341e-08
4572,0.010295528597180815,0.0001497864076107474,0.004866369781028816,0.005279353599753144,1.8808788109249908e-08
4573,0.010276039046870139,0.00013150266044078786,0.004991104444315643,0.005153412641345699,1.930076800946694e-08
4574,0.010372030941249754,0.00022752154978497263,0.0050805618612967,0.005063926995320665,2.053484741711879e-08
4575,0.010431291842707075,0.0002858564061753666,0.004957867204229709,0.005187549477424127,1.8754877871648455e-08
4576,0.010399293257521354,0.0002573524777676939,0.005080513624712829,0.005061407332544238,1.9822496592805567e-08
4577,0.010339215202132766,0.00019549914374569668,0.00497564868405956,0.005168047176329587,2.019799792148701e-08
4578,0.010249819117628317,0.00010583726395158847,0.004983973931238071,0.005159987622818969,2.029961969043596e-08
4579,0.010329640089437363,0.00018602724187032305,0.004991327726689973,0.005152265343252229,1.9777624838663603e-08
4580,0.010386180805005571,0.00024032379481270257,0.0048989106798550935,0.005246927506160371,1.8824177404002142e-08
4581,0.010448269608321134,0.00030598060093745694,0.004973706823024924,0.0051685628964246106,1.928793414440354e-08
4582,0.01041242530633073,0.0002662371915114327,0.0048912966718025076,0.00525487311890398,1.8324112808579506e-08
4583,0.010298064835593911,0.00015340820050324314,0.004978120926841336,0.0051665147342047696,2.097404456205308e-08
4584,0.010273417138168697,0.00012896339424945077,0.0049903275835071655,0.005154105068318203,2.1092093878286128e-08
4585,0.010311160629778271,0.00016797935467495776,0.004979082520373289,0.005164079857897882,1.889683214141624e-08
4586,0.010404345056329967,0.00026286407894242597,0.005020106501675146,0.005121355030582239,1.944513015482555e-08
4587,0.010497212910390684,0.00035023202308853365,0.004865699377585516,0.005281261374488261,2.0135228371082856e-08
4588,0.010435217094185703,0.00029325290487020007,0.0049940925451802615,0.005147849656838873,2.1987296366711776e-08
4589,0.010332889739618283,0.00018944922464630292,0.004963532978759229,0.005179887537638735,1.9998574018010927e-08
4590,0.010265550256773733,0.00012160041934259873,0.00497563100992714,0.00516829941390578,1.9413598215965173e-08
4591,0.010328536786534224,0.00018485035008558077,0.004957660082431533,0.005186007306492668,1.9047524441043114e-08
4592,0.010466911930616007,0.00032219063342734067,0.004906336182856713,0.005238366406961213,1.870737073968326e-08
4593,0.010498443458489168,0.00035645784358024046,0.005107645550562251,0.005034317676794267,2.2387552408488628e-08
4594,0.010415810522525179,0.0002700826219227005,0.004966719736426329,0.005178986622944769,2.1541231380600065e-08
4595,0.01027713387242161,0.00013295869309721615,0.004980062285124405,0.005164092875542255,2.0018657733650198e-08
4596,0.010300552974807697,0.00015894137523985545,0.004983978058193834,0.005157614077659402,1.9463714605039336e-08
4597,0.01046927583256018,0.0003257861296611306,0.004911217833551845,0.0052322525602280035,1.9309119202203142e-08
4598,0.01047419359398993,0.00033222622665151036,0.005010463275308703,0.005131483733011264,2.0359018453638325e-08
4599,0.010378513952004845,0.00023123591415013104,0.004886703115915524,0.005260555712603527,1.9209335663240672e-08
4600,0.010254861547154033,0.00011021491462342734,0.0049011356083508715,0.005243490350074435,2.0674105299677118e-08
4601,0.010352504630706484,0.0002127502629920192,0.004976268961406252,0.005163464626842317,2.0779465895544552e-08
4602,0.010478412609338576,0.00033546764130760754,0.004916249352600717,0.005226677152961001,1.846246924945845e-08
4603,0.01043963525740257,0.0002958968040762603,0.005039548650452381,0.00510416963499743,2.016787650089465e-08
4604,0.010317001358052242,0.0001709361987257071,0.004982989970023919,0.005163053409445916,2.1779856700055255e-08
4605,0.010277118687324133,0.00013490871985165996,0.005050596937818621,0.005091590877661019,2.215199283371918e-08
4606,0.010408346625480338,0.0002671271719694532,0.005097688227307793,0.005043509746067477,2.148013561628254e-08
4607,0.010487635386408749,0.00033885029457874087,0.004854919495866699,0.005293845700025338,1.9895937972134365e-08
4608,0.010368875255845782,0.00022300662818296353,0.004877281963787243,0.005268565787078353,2.0876797220862802e-08
4609,0.010305591990811172,0.0001638886590227578,0.004958912821823675,0.005182769874376269,2.063558847090665e-08
4610,0.010325000748928935,0.00018233662339338082,0.004935702413618457,0.0052069413990318975,2.0312885198272408e-08
4611,0.010476420149327524,0.0003328266387284065,0.004962799243208232,0.005180774409026493,1.9858364391505247e-08
4612,0.010423529574629397,0.0002772866731828888,0.004929040462691886,0.0052171848393374924,1.759941713009456e-08
4613,0.010337099039753756,0.00019491143329822275,0.005119453740890559,0.00502271476302625,1.910253872420921e-08
4614,0.010270539592642207,0.00012918340487122238,0.005066169577466202,0.005075165465207755,2.114509702713415e-08
4615,0.010348707443505566,0.00020437031046091636,0.004933862105181514,0.005210454496659004,2.0531204130136017e-08
4616,0.01044004395314932,0.00029774027405732203,0.004973494226303209,0.005168789681245614,1.9771543173259375e-08
4617,0.010407845238112215,0.0002636072749448824,0.00490474970413474,0.005239468633066365,1.962596622652748e-08
4618,0.010329770291339732,0.00018836834113256426,0.004986558792687353,0.005154821279229433,2.1878290380454178e-08
4619,0.010255508668836576,0.00011130704317641131,0.004919430594884338,0.005224750482771063,2.0548004765535395e-08
4620,0.010358565002047609,0.00021163271973951,0.004872379206283378,0.005274534325299009,1.8750725711709278e-08
4621,0.010425446171968476,0.000283446795934592,0.005009510807662817,0.005132467882779334,2.0685591732874806e-08
4622,0.010464552530601537,0.0003214301453685945,0.004939741336255674,0.0052033593824992825,2.1666477987420393e-08
4623,0.010343803406585032,0.0002029796569376964,0.005028742309906344,0.005112059200785144,2.223895584745638e-08
4624,0.010279463596022867,0.00013505580185207885,0.004941195463325574,0.005203191759179104,2.057166610939115e-08
4625,0.010302215954322983,0.0001578711584619585,0.0049632793891915186,0.0051810454959461336,1.9910723374081007e-08
4626,0.010411412475923008,0.0002710773949954671,0.005097678744519941,0.005042636342746094,1.9993661503529556e-08
4627,0.010481040825746376,0.0003380235148293355,0.0048975611761394545,0.005245437311436829,1.8823340757569756e-08
4628,0.010429734710314187,0.0002868263838222523,0.004923903094907767,0.005218984576073556,2.0655510612466475e-08
4629,0.010288454485062987,0.0001431248492048946,0.004925984351958278,0.005219324601128432,2.0682771381864734e-08
4630,0.010273917879717749,0.00013131382381839892,0.005034649347477286,0.005107934481048587,2.0227373476473363e-08
4631,0.010385628291061084,0.0002443897575070534,0.00508973106251692,0.0050514872510302586,2.0220006851669047e-08
4632,0.010492389797825312,0.0003443563241906311,0.004828667703009328,0.005319346099226458,1.9671398895319165e-08
4633,0.01042899636324944,0.0002845957898725651,0.004850830222444238,0.005293548775803702,2.1575128935651424e-08
4634,0.010295783688476315,0.00015485062364422312,0.004950063586503337,0.005190847920635226,2.1557693528352913e-08
4635,0.010300909624907114,0.00015907069341478296,0.005050275520494942,0.005091542043434058,2.136756333165342e-08
4636,0.010395819460204061,0.000251713746396057,0.005103045571076525,0.005041039800512809,2.034221867137847e-08
4637,0.010472383816508838,0.000326141339011844,0.0049410144707085655,0.005205209917645243,1.8089143184343738e-08
4638,0.010372900519554976,0.00023214068488738374,0.005075484057738463,0.005065255691455034,2.0085474095608407e-08
4639,0.01028314156675068,0.0001421204484019063,0.0050183264487723405,0.005122673282172811,2.1387403622434317e-08
4640,0.010285955327583075,0.00014263209163988057,0.004960912899110394,0.005182389227730588,2.1109102212891987e-08
4641,0.01041294482362494,0.0002698451367213082,0.004950357283872957,0.005192721143301537,2.125972913735468e-08
4642,0.010434829592381581,0.0002875824549409343,0.004826775158157567,0.005320450912922986,2.1066360094035762e-08
4643,0.0103890135689411,0.00024807583243607726,0.0049307882683096525,0.005210127836641341,2.163155402865463e-08
4644,0.010276632196852757,0.0001346529406197222,0.004949600741919548,0.005192359599983353,1.891433013326922e-08
4645,0.010282330402724714,0.00013829552436955486,0.004969092470079584,0.005174923860818213,1.854745736076122e-08
4646,0.010409280339390509,0.0002664105841583245,0.005046171988022889,0.0050966766286268915,2.1138582402890782e-08
4647,0.010446320647279229,0.00030331633936455564,0.004943073432478871,0.005199909465784899,2.1409650903618827e-08
4648,0.010442535134196736,0.00030296960946615814,0.005067727803496304,0.0050718156523252055,2.2068909068021674e-08
4649,0.010321237828703166,0.00017690307593288144,0.004902371987505378,0.005241942038788912,2.072647599309359e-08
4650,0.010260026509320265,0.00011662627204609395,0.00491507030399732,0.005228309746334238,2.0186942613357507e-08
4651,0.010361778148105618,0.00022213194682279747,0.005014559127087535,0.0051250665973266284,2.0476868657402738e-08
4652,0.010441383524929381,0.0002971837412475865,0.004875304145140203,0.005268875073451018,2.056509057260165e-08
4653,0.01048935856981547,0.0003460875349204875,0.004892811205509288,0.005250438084178945,2.1745206750029973e-08
4654,0.010357412074378246,0.00021171740591945172,0.004846722805373844,0.005298952033052338,1.9830032611923742e-08
4655,0.01025682244063774,0.00011572311439136556,0.004975605515776311,0.005165473238631408,2.0571838656477237e-08
4656,0.010330311139644872,0.00018876012524434292,0.005072026943811669,0.005069502611758385,2.1458830474158895e-08
4657,0.010439703035446819,0.0002953992775981661,0.0049695538247271935,0.0051747301434876165,1.9789633843724317e-08
4658,0.010490093424877694,0.0003494945373091894,0.005062827531839149,0.005077750541641927,2.0814087428549244e-08
4659,0.0103516691577349,0.00020883738285089486,0.004894508050777594,0.005248302186474172,2.1537632240676464e-08
4660,0.01026193320544046,0.0001209092478112869,0.004927368832491212,0.005213633274870891,2.1850267070953723e-08
4661,0.010354153002566245,0.00021353651077077478,0.005026031635977364,0.005114564478108822,2.0377709285366838e-08
4662,0.010470135837184725,0.00032382064080813583,0.004903698303964248,0.00524259773372181,1.9158690531984e-08
4663,0.010465205373036694,0.000322853086920166,0.004960668489024388,0.005181662944730927,2.0852361213601486e-08
4664,0.010297604245338082,0.00015486162939134414,0.004886295042368726,0.005256427970420734,1.960315727804902e-08
4665,0.010273260215797716,0.00013075153115991973,0.004899955116993815,0.005242533723660053,1.9843983927495178e-08
4666,0.010419097394590519,0.0002768715566633503,0.00497948598655549,0.005162717662709875,2.2188661804191178e-08
4667,0.010465431123232779,0.00032061967131486493,0.004944093795939665,0.005200695627879897,2.2028098352365857e-08
4668,0.010376825705781901,0.00023605632376555216,0.0050886319929306,0.0050521146642449125,2.2724840834703786e-08
4669,0.010255200711768303,0.0001139370315730243,0.00498565949995905,0.005155582538920155,2.164131607440648e-08
4670,0.010333414172786208,0.0001906834251038672,0.004951458134351232,0.0051912526959206435,1.9917410464633035e-08
4671,0.010449038282281897,0.0003082864455385785,0.005072233696286678,0.0050684981925576585,1.994789898203767e-08
4672,0.01041972035093928,0.000274846012226385,0.0049064944651623695,0.005238359420047041,2.045350348339643e-08
4673,0.010314275478418266,0.00017109686536741586,0.004915838773887224,0.005227317175612563,2.2663551063103934e-08
4674,0.010255820185395833,0.00011312700999216994,0.004888872692141211,0.005253799813339424,2.0669923027497533e-08
4675,0.010383347257131163,0.00023861272168625085,0.004846279701062776,0.005298436003557996,1.8830824141520576e-08
4676,0.010466319070907818,0.00032474055379074786,0.00494873882471821,0.005192818584130129,2.1108268731583232e-08
4677,0.010370037851581823,0.00022651578028020416,0.004955001598308346,0.005188499176767711,2.12962255621474e-08
4678,0.010281892122262852,0.00014022036027906692,0.005077459458215702,0.005064190410982437,2.1892785644840267e-08
4679,0.010283866580698568,0.0001421814032911506,0.005056820836825394,0.005084842035898486,2.2304683536844845e-08
4680,0.010407913631843263,0.0002646826989954272,0.004954840772443038,0.005188369245037068,2.091536773022255e-08
4681,0.010435740391987232,0.0002961803458762656,0.0050658426624064015,0.00507369693351359,2.04501909749048e-08
4682,0.010336658369578111,0.00019378040220230353,0.004934869861727334,0.005207988465601044,1.964004743015587e-08
4683,0.010277378572608133,0.00013383299968585614,0.00492090577406559,0.005222618603329208,2.119552747903127e-08
4684,0.010280485621105114,0.00013756452367863343,0.004884642887736392,0.00525825717804105,2.1031649038327013e-08
4685,0.01041212853146474,0.00026783344602091013,0.004841202539032657,0.005303072395909423,2.0150501749081444e-08
4686,0.010454608503989984,0.0003139201068274092,0.004981042198389894,0.005159623734053933,2.2464718747513676e-08
4687,0.010374190176027089,0.00023010619316538516,0.0049627216123720825,0.005181341027838917,2.1342650704867813e-08
4688,0.010283818401272895,0.00014241937197376182,0.00506391474413074,0.005077462935916914,2.134925147869897e-08
4689,0.01026939394651846,0.0001292173609661217,0.005044791997487092,0.005095362390103307,2.219796193869421e-08
4690,0.010397718473808997,0.00025537343460152673,0.004948245408196298,0.005194078455403008,2.1175608163944317e-08
4691,0.010453863037088633,0.0003139653353563792,0.005025757334041022,0.0051141198876658535,2.0480025378223395e-08
4692,0.010400535381905638,0.0002567774517156208,0.004883856280378206,0.005259882016285546,1.963352626545405e-08
4693,0.010300232132074354,0.0001588572607410855,0.004917063428884479,0.00522428967736479,2.1765083999286954e-08
4694,0.010252271191084803,0.00011100948801661999,0.004917273729167218,0.005223967561706308,2.0412194657634474e-08
4695,0.010375365888429565,0.0002318764537125131,0.004894257898295723,0.0052492126068369605,1.8929584368442594e-08
4696,0.010446434131927203,0.00030548733903379503,0.0050213069364400875,0.005119617737541839,2.2118911479474484e-08
4697,0.010432867709793256,0.000290043155550078,0.0049584841738232075,0.005184317779510717,2.260090925293458e-08
4698,0.010310900293572386,0.00017120730051646598,0.005060892464393611,0.005078778551805961,2.1976856348521132e-08
4699,0.010252054190634484,0.00011120082085461157,0.004982751304007288,0.005158081278888068,2.0786884516413302e-08
4700,0.010352104995039428,0.00020960779784339853,0.004928766452253604,0.005213709850229073,2.0894713353846936e-08
4701,0.010430943686571452,0.00029235405438042875,0.005036410203521475,0.005102158032344269,2.139632527905612e-08
4702,0.010446514941835329,0.00030286249705336406,0.004879952175287858,0.005263680962598564,1.9306895544672286e-08
4703,0.010337040551970133,0.00019480570094102204,0.0049046835202763124,0.00523753084546548,2.0485287319284685e-08
4704,0.010249083287474545,0.00010834998350162518,0.004909876583026874,0.005230836141649735,2.0579296309705822e-08
4705,0.010322481382088055,0.00018123839015731514,0.00492288032608988,0.005218342615480356,2.0050360503035582e-08
4706,0.010425485432968411,0.00028471018222278154,0.005034533332573333,0.005106220381576617,2.153659567904533e-08
4707,0.010465513691904765,0.0003223886153551636,0.004945399924870489,0.005197703573616161,2.1578062950522122e-08
4708,0.010336434827605928,0.00019780514553136832,0.005056224792760779,0.005082382179865215,2.2709448565640214e-08
4709,0.010251437851297063,0.00011212877265210497,0.005004898210191956,0.005134388937964274,2.193048872631154e-08
4710,0.010329558503025976,0.00018716342969993306,0.004947978548824627,0.005194395555178304,2.0969323112396813e-08
4711,0.010437702831774271,0.0002976246819815767,0.005011277099336222,0.005128780460816681,2.0589639791541108e-08
4712,0.0104567736313389,0.00031540709408127665,0.004907282242874987,0.005234065083831431,1.9210551204875682e-08
4713,0.01031884404725563,0.0001801909448304813,0.005000776222412438,0.005137855616100813,2.126391189878825e-08
4714,0.010252757456527662,0.00011009698223944573,0.004928178823901381,0.005214460751280085,2.089910675102195e-08
4715,0.010339088057372232,0.00019638235506725136,0.004906212018198879,0.005236473735325232,1.9948780869438618e-08
4716,0.010456511567104195,0.00031951440406866505,0.005050125420706285,0.005086849789160517,2.1953168727724037e-08
4717,0.010432916594437397,0.0002908874298895962,0.004907704906912086,0.005234302646196471,2.1611439243236574e-08
4718,0.010296673828462537,0.00015433820216169378,0.004943748917849814,0.005198565150506672,2.1557944357319855e-08
4719,0.01025887346456452,0.00011962378500581445,0.005018049328918618,0.005121179177283908,2.1173356179494654e-08
4720,0.010397815382235559,0.0002585104801501827,0.00495556315886229,0.005183721044860573,2.0698362512409713e-08
4721,0.010476772998479034,0.0003376219731354113,0.0050228444995912,0.00511628540138007,2.1124372352714403e-08
4722,0.010391231607177325,0.00024778981632950795,0.004912274682143806,0.005231146897955517,2.0210748493523698e-08
4723,0.01025426242077799,0.00011505432828000579,0.004982066029705533,0.005157119993225781,2.2069566672633753e-08
4724,0.010305288757859566,0.00016719304634628689,0.005003123156403739,0.005134951178191233,2.137691830876922e-08
4725,0.010446790816043177,0.00030461160964880094,0.00492050932939154,0.005221650777484571,1.909951826439171e-08
4726,0.010445663496100835,0.0003059015441196728,0.005037257067823926,0.005102483493117444,2.139103979235731e-08
4727,0.010287318227464964,0.000146640151697863,0.004963834034228656,0.005176821863376097,2.217816234778258e-08
4728,0.010280109755762792,0.00014063796198992843,0.004986785565200885,0.0051526646888393705,2.1539732608306412e-08
4729,0.010388248219466278,0.00024895989176054555,0.005089613535738526,0.0050496536242192695,2.116774793712946e-08
4730,0.010487796171312364,0.00034505709116274864,0.0049505979406219685,0.00519212155702549,1.9582502157442796e-08
4731,0.01035875531593844,0.00021997844011136764,0.0049928553800043535,0.005145900953203328,2.0542619389420722e-08
4732,0.010253043447559066,0.0001138771238253117,0.004897316214248498,0.005241828816682846,2.1292802409844188e-08
4733,0.01034525996827045,0.0002030635335175052,0.004851531096987942,0.005290644344800753,2.0992964250771638e-08
4734,0.01045965181956112,0.000319033401614514,0.004921684573593149,0.005218913341480476,2.0502872982661372e-08
4735,0.010400714753334404,0.00025938096555018573,0.004911719699739531,0.005229594102023391,1.9986021296829856e-08
4736,0.010295282380337018,0.0001575761702356536,0.0050136108236120734,0.005124072600907021,2.2785582270959092e-08
4737,0.010266670783890989,0.0001275502612527857,0.005033449574133542,0.005105648696856091,2.2251648571320348e-08
4738,0.010422365821864529,0.00028064559877303684,0.004985623893937373,0.005156075710859125,2.0618294994271087e-08
4739,0.010437457551164627,0.0002983677490926113,0.005124478187931173,0.005014589108507402,2.2505633439642375e-08
4740,0.010348120515044714,0.00020867306080417944,0.004972912821194894,0.005166513791381223,2.0841664417830442e-08
4741,0.01026919583745198,0.000130232828339588,0.004989011703272507,0.005149932032287625,1.9273552259132704e-08
4742,0.010322013899143253,0.0001830269260865033,0.004989534194875256,0.005149432760095654,2.001808584015765e-08
4743,0.010442192150098121,0.000299618464086523,0.004872595605176493,0.005269957493977517,2.058685758657014e-08
4744,0.010408219381028313,0.00026986249759176017,0.004936782268402173,0.005201553391607222,2.1223427158081674e-08
4745,0.010295582468811269,0.00015533433554301883,0.0048894716118407615,0.00525075663428525,1.9887142238448794e-08
4746,0.010280431782357224,0.0001398187213607649,0.0049087294820926814,0.00523186267707844,2.0901825336977465e-08
4747,0.01033437816204473,0.00019525644673228445,0.0049648577147352,0.005174242080954713,2.1919622531543766e-08
4748,0.010451774055233867,0.0003116460949484478,0.004917038788150569,0.005223068190166737,2.098196811062821e-08
4749,0.010397343775442528,0.00026085489137083037,0.005063379817668925,0.005073086316801408,2.274960136368363e-08
4750,0.010323751655668944,0.00018418730024245816,0.004964765605649713,0.0051747773342973626,2.1415479408318033e-08
4751,0.010258796840809355,0.00011975909202385383,0.004992101303546572,0.005146915762291725,2.0682947203177826e-08
4752,0.01031727557039802,0.0001806621861085963,0.005019224889278428,0.005117366910565038,2.1584445957860187e-08
4753,0.010438399723663254,0.0002983401916977217,0.004890913652335391,0.005249125102323639,2.0777306501571532e-08
4754,0.01043251588921637,0.0002942539330593475,0.004980843060029707,0.005157398879734968,2.001639234854904e-08
4755,0.010368608162038126,0.00022790805721795845,0.0049123247430341195,0.005228356582205106,1.877958094000605e-08
4756,0.010243539203646729,0.00010551366553734258,0.004921897403077094,0.005216106263012218,2.1872020075758874e-08
4757,0.010312841989699093,0.0001751202188386051,0.004942563876789115,0.005195134234373373,2.3659697999090956e-08
4758,0.01039522385891534,0.0002552591109869092,0.004961488171217778,0.005178455546542474,2.1030168180449435e-08
4759,0.010483305849504078,0.0003440207133154155,0.005161676415132262,0.004977587648369911,2.1072686490072718e-08
4760,0.010437036045580123,0.00029681834758617606,0.004917776310973203,0.005222420620533733,2.0766487011183073e-08
4761,0.010289092837939492,0.00015091350584817522,0.004899168027877607,0.005238989733880918,2.1570332790042245e-08
4762,0.010291701766689573,0.00015472549583996154,0.004923519572383618,0.0052134362663993315,2.0432066661295905e-08
4763,0.010362994055516326,0.0002227286301698697,0.004866291589145676,0.005273954335224673,1.9500976108412418e-08
4764,0.010487269228091782,0.0003483574100089144,0.004897724939335429,0.005241166417673504,2.046107393637992e-08
4765,0.01040401722409947,0.0002630989432038322,0.004851124484609641,0.005289773851774022,1.9944511974617385e-08
4766,0.010307123890848898,0.00017118920429153205,0.005023084552813428,0.0051128275449577884,2.2588786148189108e-08
4767,0.010254307634599521,0.0001163443115101944,0.005046551809178266,0.005091387685901481,2.382800958152066e-08
4768,0.010361840508612255,0.00022159350248878514,0.004993367476551151,0.005146857463451439,2.206612087995034e-08
4769,0.010454442978827387,0.0003176304803814303,0.005099892107276836,0.005036898718893336,2.1672275784782768e-08
4770,0.010420867619548068,0.00028331784979839897,0.004935682652817535,0.005201846237860008,2.087907212500619e-08
4771,0.010311317734294778,0.0001741487188222274,0.004991822567169774,0.005145324464569571,2.1983733205082894e-08
4772,0.010249323305074718,0.00010938960588986147,0.004955483889626194,0.005184430003793222,1.9805765441652313e-08
4773,0.010359687719745337,0.00021997270326004896,0.004903110340320019,0.005236586356284858,1.831988041042813e-08
4774,0.010456432634938274,0.00032232508484285116,0.004989913929854472,0.0051441729436443725,2.0676596577250618e-08
4775,0.010429746802310336,0.0002894416909544413,0.004852319490608659,0.005287964631223047,2.098952419018902e-08
4776,0.010298921952163653,0.00015891617547085374,0.0049103958933154074,0.005229588222680623,2.166069676685131e-08
4777,0.010252793776510538,0.00011499947163787104,0.004987142540301525,0.005150630193309053,2.157126208848966e-08
4778,0.010377852618203018,0.0002414387867027847,0.004987341354277035,0.005149050838428407,2.1638794792441025e-08
4779,0.010465943570081862,0.0003301673938739421,0.0050906208870035155,0.005045132641126548,2.2648077857053433e-08
4780,0.010410215293951326,0.0002689264519105806,0.00490067248763891,0.005240595166756042,2.118764579347884e-08
4781,0.010274324347518802,0.00013626593252645636,0.004953127143548712,0.0051849083689832895,2.2902460343682606e-08
4782,0.010271750691508966,0.00013640757274176974,0.004994385033540512,0.005140935494047196,2.2591179487266295e-08
4783,0.010411542479366468,0.00027363809239440987,0.004933539545721079,0.0052043450941818125,1.9747069165270978e-08
4784,0.010471268421908419,0.0003339245453839712,0.005051755938385664,0.00508556807893484,1.9859203943386123e-08
4785,0.010359024034433256,0.00021868088428196375,0.004934012575590067,0.005206310936044699,1.9638516528279486e-08
4786,0.010245137897886333,0.00010756362718856298,0.004930006019522216,0.00520754727850305,2.0972672503648808e-08
4787,0.010335476756094203,0.00019973958015145592,0.00494217409555647,0.005193541133928651,2.1946457625815434e-08
4788,0.010455401763044414,0.00031638149474584213,0.0049135949242529895,0.005225404277951279,2.1066094303106924e-08
4789,0.010429346687671159,0.0002917690567625301,0.0050882880258332625,0.005049268058029963,2.1547045403909377e-08
4790,0.01027146932305765,0.00013265295302846203,0.004978345486976436,0.005160450573155169,2.030989758371746e-08
4791,0.010270743924175109,0.0001327486880853254,0.004916554296422332,0.0052214195484525106,2.1391214940575912e-08
4792,0.010418216518400407,0.0002830069318973283,0.004971298298815626,0.005163888312264737,2.2975422717135744e-08
4793,0.010457232113083062,0.00031776669351296486,0.004907706298313332,0.005231738536806637,2.0584450129285668e-08
4794,0.01033694092650954,0.00019964051871262478,0.005009842424376442,0.005127437049261765,2.0934158708234553e-08
4795,0.010239761069903184,0.00010273684349254346,0.004961902465142011,0.005175100481083424,2.128018520665849e-08
4796,0.01036036559797974,0.00022332496782572105,0.004934135078088075,0.00520288430305771,2.124900823517721e-08
4797,0.010470798806292283,0.0003345205695644621,0.005062795401299031,0.0050734605150903654,2.2320338425076463e-08
4798,0.010400012344956466,0.00025918226406716196,0.0049428828589951936,0.005197926629517847,2.059237626164773e-08
4799,0.010248733109095897,0.00011204190377833259,0.005014001139298224,0.00512266922543739,2.0840581949543598e-08
4800,0.01031230022443381,0.00017814589306636912,0.0050202640336046095,0.005113868156040171,2.214172266089239e-08
4801,0.010447484528019088,0.0003067503173535401,0.0048393704206927965,0.00530134226405365,2.1525919101745893e-08
4802,0.01044516594198429,0.00030428035656678796,0.004842419160545296,0.005298444885403791,2.1539468415938036e-08
4803,0.010284555133414051,0.000147060594802421,0.004965560136490154,0.005171913920241838,2.048187963764262e-08
4804,0.01029870627171753,0.00016252388624613567,0.005047403279447119,0.005088757714888564,2.1391135710868797e-08
4805,0.010407419509715693,0.0002710688171228502,0.005114198182198642,0.0050221307929945785,2.171739962118638e-08
4806,0.010452230740689643,0.0003122802156713883,0.00490618460612529,0.005233744615601375,2.1303291590190028e-08
4807,0.010338915550149357,0.00020224566284406532,0.004973634243818165,0.005163011362957231,2.4280529895046338e-08
4808,0.010254898202900114,0.00011932895747862826,0.004976841818771037,0.005158704811361686,2.261528876091641e-08
4809,0.010369772077240125,0.00023215763744958694,0.004928463961320817,0.005209131204346889,1.9274122830518128e-08
4810,0.010461980263547725,0.0003250588611842357,0.005058560869341576,0.005078340625228746,1.990779316660297e-08
4811,0.01037524599010987,0.00023604943983227003,0.005035070951143022,0.005104104979799111,2.0619335468541015e-08
4812,0.010260475978780171,0.00012282020251466107,0.005076791196420753,0.005060841726816525,2.2853028232384586e-08
4813,0.010324592219112777,0.00018806110518300125,0.004967994729089126,0.005168512688677168,2.3696163482306283e-08
4814,0.01042513022736485,0.00028596800937212124,0.004861573338581382,0.005277568136153147,2.074325820222494e-08
4815,0.010408514719222548,0.00027329627055036734,0.005030353051152249,0.005104844719875641,2.0677644293803205e-08
4816,0.010288182433408278,0.00014965081794606055,0.004979797531294891,0.005158712697256194,2.138691113301184e-08
4817,0.010258371959035182,0.00012055321664947799,0.004983677489596755,0.005154119448561637,2.180422731139523e-08
4818,0.010362791232070828,0.00022815993293712365,0.004998828496775148,0.005135782096399175,2.0705959381328426e-08
4819,0.010428017842999892,0.00028846127048771876,0.004832569607539316,0.005306967654007058,1.9310965801105933e-08
4820,0.01039818150872749,0.00025992817091747324,0.00487198758758046,0.00526624422235787,2.152787168728011e-08
4821,0.010288272880995158,0.00014972337755132822,0.004878850529038847,0.005259675946636235,2.3027768748600554e-08
4822,0.010256922253774371,0.00012115821640466614,0.004937493043486846,0.005198245359338037,2.5634544820611605e-08
4823,0.010356335033679841,0.00022242514995883867,0.005037331586043449,0.00509655346652185,2.483115570437915e-08
4824,0.01043129117547898,0.0002941719883572691,0.0049749039883461394,0.0051621944182301295,2.0780545442596837e-08
4825,0.010395377151309396,0.0002575780023097201,0.005120106767998439,0.005017670637682763,2.1743318476174477e-08
4826,0.010300663668950025,0.00016206234478660392,0.004947484834934995,0.005191094843696033,2.164553239488101e-08
4827,0.010273355219891353,0.0001371221781077011,0.004906421726720761,0.005229790295893543,2.1019169348325043e-08
4828,0.010319881132915133,0.0001859996061678965,0.004961807836754878,0.005172051907904037,2.1782088319987565e-08
4829,0.010446863594328873,0.00030889148662020566,0.004927081188457065,0.00521086974416394,2.117508766336331e-08
4830,0.010441982915655934,0.00030543418568193976,0.00505816100045635,0.005078366272187047,2.145733059743945e-08
4831,0.010310659206139801,0.00017185901568765195,0.004882504400064487,0.0052562748958343355,2.0894553327567214e-08
4832,0.010272443714025754,0.00013593201970759036,0.004872790352703779,0.005263699644963749,2.1696650635944747e-08
4833,0.010300162554282084,0.00016529527790138125,0.004936751497276048,0.005198095171036153,2.0608068502368736e-08
4834,0.010406508907347298,0.00026648866203371555,0.004878381749452648,0.005261618594543747,1.9901317188298874e-08
4835,0.010465234003569548,0.0003290440468376815,0.00499705314156609,0.0051391136296772095,2.318548856792708e-08
4836,0.01034896805855358,0.00021417980523814688,0.004953461345584352,0.005181304334933224,2.2572797858856357e-08
4837,0.010270347015746651,0.00013709386334655725,0.005021076194582043,0.005112154354437901,2.2603380150975718e-08
4838,0.010279184093981089,0.00014221340888937394,0.004965164845477763,0.005171782709250032,2.3130363920659744e-08
4839,0.010376501553840156,0.00023688256162099344,0.004921652312829978,0.005217944745901602,2.1933487582430504e-08
4840,0.010461685361282651,0.00032715040987030925,0.0050897215436445245,0.005044790833834284,2.257393353351389e-08
4841,0.01039474417831359,0.00025769576198881813,0.0048833255320956115,0.005253700452556728,2.243167243216109e-08
4842,0.010304581070763846,0.0001671845052745982,0.004874968974460513,0.005262404145300357,2.3445728380063025e-08
4843,0.010262871279254461,0.00012666254567224625,0.004946398062540962,0.005189788826850077,2.184419117614638e-08
4844,0.01032443362427642,0.0001878367752231478,0.004961736979528225,0.005174838890992124,2.0978532922276884e-08
4845,0.010433649066178297,0.0002985542313624161,0.005028294119088743,0.005106779145152542,2.1570574594920818e-08
4846,0.010421603197828531,0.0002831373481421327,0.0048883582809670315,0.005250088217169541,1.9351549826464703e-08
4847,0.01031907701826466,0.00018441770241146404,0.005027598808103668,0.005107039120917789,2.138683173917755e-08
4848,0.010254876489449859,0.00011927189597430265,0.005016714041392415,0.005118866917143203,2.3634939939635817e-08
4849,0.010288413296946141,0.0001520524491417861,0.004956904888438159,0.005179433137928522,2.2821437673638156e-08
4850,0.010402952688281793,0.0002694789709759008,0.004975879669949754,0.00515757230964172,2.1737714417329934e-08
4851,0.010438364210796398,0.00030042530527776037,0.004837765984913525,0.005300151942643861,2.097796125148557e-08
4852,0.010382146008759155,0.0002458549176206851,0.004914675037389017,0.005221592899617842,2.315413161277285e-08
4853,0.010279037051958276,0.00014108530499738664,0.0049441352601793855,0.005193794570606668,2.1916174836979826e-08
4854,0.010252788558693108,0.00011657107276690084,0.0050134633674561915,0.005122732435242211,2.168322780426863e-08
4855,0.010366699800188532,0.0002325582636639059,0.005073829237076362,0.005060290004428395,2.2295019869188144e-08
4856,0.010433164872952245,0.00029629976649676155,0.004922142307363051,0.005214701504560942,2.129453148973176e-08
4857,0.010417386093851828,0.0002823387397463692,0.005024865361185098,0.005110157581611976,2.4411308385139722e-08
4858,0.010310363882829469,0.00017347319442518412,0.004957588988017812,0.005179276852700823,2.4847685648478532e-08
4859,0.010235266790488893,0.00010013530298373703,0.005003717970981289,0.0051313914461365,2.2070387366177557e-08
4860,0.01033421809936463,0.00019953808062083856,0.005038584458055906,0.0050960760097474266,1.9550940458010605e-08
4861,0.010433903490383516,0.00029525335445137606,0.004902090047368081,0.005236540182852046,1.9905712013157847e-08
4862,0.010440291223489937,0.0003058824273025758,0.004991161184325838,0.005143223847743748,2.3764117776709438e-08
4863,0.010338793483806922,0.0002018950698827246,0.004884941970536468,0.005251933818547111,2.2624840618994758e-08
4864,0.010235422597745944,9.710614114652122e-05,0.0048508208832308206,0.005287473835490739,2.173787786248656e-08
4865,0.010304279531091157,0.00016876748983668202,0.00489368829584207,0.005241802705984212,2.103942819240461e-08
4866,0.01041147620658576,0.0002771141650659845,0.004948658154525957,0.005185683406307321,2.0480686497065508e-08
4867,0.010460920759816594,0.00032434844533241316,0.005162108160477818,0.00497444018384682,2.3970159542516735e-08
4868,0.010417737641297066,0.0002779280723128761,0.004935822526515919,0.00520396301905214,2.402341612923792e-08
4869,0.010256889790649933,0.00012204626221150852,0.0049435254155148056,0.005191295048520847,2.3064402770689983e-08
4870,0.010297208631321383,0.00016509805767330816,0.004956100434923078,0.005175987804426224,2.233429877186167e-08
4871,0.010417812507025575,0.00027884157189031147,0.004835708693301673,0.005303240010966631,2.223086695752937e-08
4872,0.010464499796097823,0.00032623519789767413,0.004880425709812105,0.005257815662492004,2.3225896040653405e-08
4873,0.010380691206298868,0.00024386823791719542,0.0049216717122055826,0.005215129404740023,2.185143606739438e-08
4874,0.010266671620365844,0.00013307178116970993,0.005045025359191279,0.005088551170986467,2.330901838750029e-08
4875,0.010303256588942513,0.00016815927081999642,0.00503017320236603,0.005104901446993799,2.2668762686109684e-08
4876,0.010420673002144488,0.0002824043783986922,0.004941206998009655,0.005197041515429159,2.0110306982169683e-08
4877,0.010434804069142257,0.0002999499182586845,0.0051186281810648845,0.005016203599414968,2.237040372036498e-08
4878,0.010381850492929065,0.0002468459293613599,0.004950247232963529,0.005184733793780841,2.353682333543105e-08
4879,0.01024884882619559,0.00011334261172454302,0.004918804219160819,0.005216678681411952,2.3313898274634538e-08
4880,0.010306375885042091,0.00017052343833776274,0.004952019308455395,0.005183811208787431,2.192946150425088e-08
4881,0.010381426084824286,0.0002442118169679929,0.004961364590236749,0.005175828806945377,2.0870674167362653e-08
4882,0.010443964548439221,0.0003086711629442208,0.00508790301298547,0.00504736881998861,2.155252092011039e-08
4883,0.010345061769644354,0.00020585079959668608,0.004865081177792938,0.005274109110070174,2.0682184555629647e-08
4884,0.010266680606417552,0.00012678304135318712,0.004814351607237827,0.0053255220656714996,2.3892155037077262e-08
4885,0.010272729482653165,0.00013770418127487466,0.004898640913189167,0.005236357727332167,2.666085695655312e-08
4886,0.010357752130376662,0.00022333325807698137,0.0049653384817496685,0.005169056315655673,2.4074894337728548e-08
4887,0.01042914939448884,0.00029346990220564594,0.005115340346223842,0.005020317114959828,2.203109952425077e-08
4888,0.010426572213774996,0.0002873220920871807,0.0049174044657556695,0.005221825120011848,2.0535920298297916e-08
4889,0.010299039501889446,0.00016513011813006604,0.004990471509930274,0.005143415128567176,2.274526193113239e-08
4890,0.010278139261968125,0.00014536651670893274,0.005003566378492179,0.005129183218630595,2.3148136418933443e-08
4891,0.010299938371418684,0.00016293724257150215,0.004913945870576115,0.005223032935470078,2.23228009872199e-08
4892,0.01045179168790735,0.0003144943666932012,0.004923748995187891,0.005213526346690448,2.1979335809327188e-08
4893,0.010471111239443642,0.0003337360878740883,0.004888029735170795,0.005249324761971076,2.0654427681911333e-08
4894,0.010378524427499758,0.0002465887305164443,0.005072896412635525,0.0050590152285099575,2.4055837832344044e-08
4895,0.010262617385362329,0.00012736581635906368,0.004937996415869579,0.005197230240752088,2.4912381596506854e-08
4896,0.010283106548166962,0.00014238519888246329,0.004850503043787517,0.0052901955723398545,2.2733157126489024e-08
4897,0.010389474722553357,0.0002532449444662367,0.004956133207159384,0.005180075201180962,2.1369746775024632e-08
4898,0.010434372976094716,0.0002996616246245834,0.0049821746873901325,0.0051525161142982594,2.0549781741302634e-08
4899,0.010383550381555657,0.00024908937403696354,0.005172156004805664,0.0049622821707414775,2.2831971551304304e-08
4900,0.010269724425677734,0.00013331126772857737,0.004967708326680191,0.005168681635991855,2.3195277109210803e-08
4901,0.010265542632945386,0.00012598145838308613,0.004871083448388258,0.005268453304245658,2.442192838251191e-08
4902,0.01032452680776738,0.00018999666771196423,0.004938922338471242,0.005195582573526732,2.5228057441438468e-08
4903,0.010411271912257079,0.00027665100727718855,0.004900804156471378,0.005233793943042409,2.2805466102790576e-08
4904,0.010400544628593994,0.0002672640495922591,0.005016011148678091,0.005117247458356126,2.197196751973701e-08
4905,0.010322469180140067,0.00018383082953220585,0.004917165102827691,0.005221452537846962,2.070993320747797e-08
4906,0.010244858140984345,0.00010831603548907614,0.004981486514033373,0.0051550332274045586,2.236405733664666e-08
4907,0.010287749138428377,0.00015434530650954034,0.005021627201331752,0.005111751559065797,2.5071521287414132e-08
4908,0.010399545922381835,0.0002639986260696098,0.004879841532589464,0.005255680992775206,2.477094755471228e-08
4909,0.010468098759676482,0.0003345148040284227,0.004941004365339429,0.005192556195436212,2.3394872416210762e-08
4910,0.010415423844085756,0.00027803126522727085,0.004914813734636333,0.005222558555750767,2.0288471386297542e-08
4911,0.010289177780972067,0.00015395854305670035,0.005079396186891192,0.005055801703146048,2.134787812619845e-08
4912,0.010243410668776144,0.00010944516886175428,0.0050393550431650416,0.00509458804284159,2.2413907757323653e-08
4913,0.010369145268765392,0.0002331747731029814,0.004900156246768775,0.0052357911835713,2.3065322336757144e-08
4914,0.010464078452105341,0.00032998916130965247,0.004969856826072597,0.005164207049074269,2.541564882226623e-08
4915,0.01041932089001325,0.0002826381005084748,0.0049406407825929016,0.005196018417430783,2.3589481091003256e-08
4916,0.01027981416442986,0.00014577937301900508,0.0050677171763977204,0.00506629503456359,2.258044954452922e-08
4917,0.010270211166604414,0.0001364793606181175,0.004988880534133057,0.005144829472335539,2.1799517701737013e-08
4918,0.010349211665949171,0.0002138673399728987,0.0049210967060787135,0.005214226527941091,2.1091956469994826e-08
4919,0.010455359857407538,0.0003213339423480104,0.005062600859067607,0.005071401900431915,2.3155560003460273e-08
4920,0.010404898608993532,0.0002661455837094109,0.004892570763761181,0.005246158844493583,2.3417029358015323e-08
4921,0.010260839715514062,0.00012518231667050158,0.0048890878904256484,0.005246546497426583,2.3010991330132782e-08
4922,0.010274361890723314,0.00014185036208909065,0.004912778844239924,0.0052197103941514725,2.229024282741018e-08
4923,0.01039354141201465,0.00025848698040494645,0.0048775571947358015,0.005257474927536439,2.2309337464553933e-08
4924,0.010443005991784259,0.0003086914276149584,0.0049580464037232794,0.005176244706530193,2.345391582894714e-08
4925,0.010377966564648448,0.00023770899763938887,0.004830570684567937,0.005309664239004816,2.2643436306490236e-08
4926,0.010269152187169294,0.0001334969003034275,0.0048966205249005995,0.0052390101327492635,2.4629216003205442e-08
4927,0.010275246613538817,0.00014380085988343656,0.005023168744837893,0.0051082531357566794,2.3873060807711624e-08
4928,0.010403661626538326,0.00026993646522612235,0.004973404878806557,0.0051602986107499174,2.1671755730966747e-08
4929,0.010456225286080962,0.0003215795210874896,0.005061427165724701,0.005073195427830718,2.3171438055094917e-08
4930,0.010329066885143085,0.00019283162866585011,0.004943423363983073,0.005192789131649555,2.2760844608651212e-08
4931,0.010266125932063061,0.00013369585207132273,0.0050213507289425625,0.005111055928980882,2.342206829418178e-08
4932,0.010307262455680638,0.00017417603685776853,0.005062708014810492,0.005070354133179073,2.4270833304226867e-08
4933,0.01041709938634251,0.0002794458665180538,0.004940810758322341,0.005196821006081652,2.1755420461426707e-08
4934,0.010451748129595335,0.00031678689340851394,0.005020931675226979,0.00511400869305688,2.0867902960423108e-08
4935,0.010293541549383603,0.0001580677736715964,0.00490725576859707,0.005228196671920341,2.1335194594711065e-08
4936,0.01026738988604472,0.00013352237541200445,0.004893376878323031,0.005240466391769347,2.4240540337456845e-08
4937,0.010334478140653162,0.00020088986815542016,0.004904488581825862,0.005229074807903147,2.4882768733109485e-08
4938,0.010435038556177867,0.000294521414668581,0.004807848320163679,0.005332646052320671,2.2769024934548125e-08
4939,0.010446599362195086,0.0003111533893790816,0.004932308297782522,0.005203114184732346,2.3490301136667155e-08
4940,0.010276888200388055,0.0001435642973656511,0.005030773055425367,0.005102529111634759,2.1735962276545323e-08
4941,0.010297625508372304,0.0001643522815385885,0.005131606503247856,0.005001644407643912,2.2315941946384427e-08
4942,0.010329686098870559,0.0001960230187203621,0.005099749292024797,0.005033888737167979,2.505095741921951e-08
4943,0.010414458844680516,0.0002761699315518175,0.004875385111937694,0.005262879281582639,2.4519608366259715e-08
4944,0.010391305722682903,0.0002569421156759555,0.004930916348753109,0.005203422788035638,2.44702182007653e-08
4945,0.010265081891800842,0.00013188696659466634,0.00496295240512061,0.0051702186147321826,2.390535338318862e-08
4946,0.010301406018637778,0.00016866980859972497,0.005046485524782588,0.005086227361312279,2.332394318594186e-08
4947,0.010307513585238315,0.0001736015943275577,0.005094847975319243,0.005039042930711288,2.10848802256499e-08
4948,0.010430983759884762,0.0002931598982202524,0.004904835506951704,0.005232968449789848,1.990492295856406e-08
4949,0.010433101085694332,0.0002977185704552132,0.004919565936512011,0.005215792171060958,2.4407666151165075e-08
4950,0.010386897981799474,0.0002521584388813938,0.004893637963886214,0.005241075861843927,2.5717187937604355e-08
4951,0.010284521062355199,0.00015385252846445316,0.005044021563617475,0.005086622912940421,2.4057332849751025e-08
4952,0.010249084321773141,0.00011671752587346133,0.004997808564465693,0.005134537596026222,2.0635407764049963e-08
4953,0.010342894378499841,0.00020677275818803452,0.004918839180387254,0.005217262949032812,1.9490891740901903e-08
4954,0.01038494014892554,0.00025220918124563394,0.005028691547810167,0.005104017880543884,2.1539325856092695e-08
4955,0.010460478039372967,0.00032655957083501953,0.004900839136546002,0.00523305654422865,2.2787763295847806e-08
4956,0.01040539933249884,0.0002746901983851278,0.004989038953948123,0.005141644416755326,2.576341026254692e-08
4957,0.010288139660022793,0.00015210963256164582,0.004860394098908804,0.00527561212015495,2.380839739359619e-08
4958,0.01025785758225509,0.00012221285645275305,0.004900163478620882,0.005235458968850111,2.22783313429718e-08
4959,0.010320578585610373,0.00018799169416549246,0.005011088954837487,0.005121474536170821,2.340043657148955e-08
4960,0.010442612985998002,0.0003092239338132425,0.004916916774198205,0.005216447616584739,2.4661401816507594e-08
4961,0.01046115118658244,0.000330861832166143,0.005009603587518719,0.005120659508962479,2.6257935099254264e-08
4962,0.010354680889717338,0.0002183054726546319,0.004866546490189389,0.005269805954354469,2.297251884707016e-08
4963,0.010248289845879072,0.0001122828459995187,0.004915915641515134,0.005220069205648486,2.2152715931846934e-08
4964,0.010296498299765044,0.00016399213000514381,0.005046701113533511,0.0050857834258565575,2.1630369832062574e-08
4965,0.010439138083129934,0.00030806448581881783,0.005001770157099834,0.005129282970757283,2.0469454000675282e-08
4966,0.0104678572180051,0.00033660001782520393,0.005140539289134145,0.004990695279163257,2.263188249432223e-08
4967,0.010367226434891253,0.00022926894583399218,0.004842888421033174,0.005295045884027728,2.3183996359674426e-08
4968,0.01026592046528188,0.00012638884408020507,0.004802026873112141,0.0053374808273753006,2.392071423469022e-08
4969,0.01032847978593374,0.00019618353716242397,0.004942062611109537,0.005190209500680872,2.4136980907489222e-08
4970,0.01044142985947224,0.00030878079277289554,0.004906359532685642,0.005226266732026947,2.2801986754574408e-08
4971,0.010414228332653559,0.00028368623132320447,0.005014520043215061,0.0051159994990231696,2.255909212331281e-08
4972,0.01029911944505192,0.00016392652595470882,0.004917150543733072,0.005218021284352194,2.1091011946187825e-08
4973,0.010259600264201784,0.0001227443353675379,0.004889651442073548,0.005247180970675024,2.3516085674730717e-08
4974,0.010375122557066959,0.00024241218192884735,0.004943168071272027,0.00518951547540913,2.682845695667956e-08
4975,0.010449964677589348,0.0003178980256523152,0.004917893645279768,0.005214148626957416,2.437969984900155e-08
4976,0.010376846631160569,0.0002457264401433269,0.005110532347878172,0.005020564814564494,2.3028574576778877e-08
4977,0.01030072170901096,0.00016556485730174987,0.004973748408197419,0.0051613870732928,2.1370218992723305e-08
4978,0.010264861185932362,0.0001290375045819769,0.004958114903728786,0.005177687115785053,2.1661836545053466e-08
4979,0.0103636929245034,0.00023207768912787428,0.0050332081575500875,0.005098382963344271,2.4114481167318204e-08
4980,0.010448537533437934,0.00031443097415398554,0.004855271626459572,0.005278809839425484,2.5093398891937876e-08
4981,0.010370245401464678,0.00023705960160712343,0.0048856843336970626,0.005247476238613534,2.522754695759651e-08
4982,0.01027702081473385,0.00014140044707449195,0.004935900881306552,0.005199697661873687,2.182447911774601e-08
4983,0.010273656854968411,0.00013835038071538497,0.005032973911469516,0.005102311105935018,2.14568484929297e-08
4984,0.010367259602278096,0.00023472877579167487,0.005092807558967339,0.0050397001662979635,2.3101221117480893e-08
4985,0.01042716751990878,0.0002937553675753109,0.004880981473287834,0.005252407976210038,2.2702835597353924e-08
4986,0.010391906489960412,0.00026009824673902814,0.004905929184274898,0.005225854005183795,2.505376269145856e-08
4987,0.010278909656736989,0.00014284638960128805,0.0048867149325808,0.005249323189026152,2.5145528747346315e-08
4988,0.010246467520405814,0.00011155943836562827,0.0049893473030943785,0.00514553715021693,2.3628728875782217e-08
4989,0.010363274519093772,0.00023078270351316752,0.0051223167172566916,0.005010153140815457,2.195750845574132e-08
4990,0.010473173273365966,0.00034054953953591664,0.004920248010949263,0.005212354676906402,2.1045974384576096e-08
4991,0.010441357729038592,0.0003099728156859201,0.004962947730575935,0.005168413258215835,2.3924560902188027e-08
4992,0.010309092141017712,0.00017209229849444438,0.0048716024424851345,0.0052653732918887435,2.4108149390861303e-08
4993,0.010245220750621639,0.0001089540070493369,0.004877024299970926,0.005259217562626232,2.4880975143700372e-08
4994,0.010373009637973567,0.00024198818430903882,0.00496681001962282,0.0051641869592311965,2.4474810511242533e-08
4995,0.010465055685060419,0.0003332975487595399,0.004975165669413635,0.005156571161190881,2.1305696363030878e-08
4996,0.010385088674088088,0.0002506935543674711,0.005168382275095529,0.004965990334465856,2.2510159232647253e-08
4997,0.0102771807321974,0.00014126184016033012,0.004962448077904466,0.0051734472161264295,2.3598006174457324e-08
4998,0.010276168416939997,0.00013967167419649297,0.004854551904113564,0.005281920953319237,2.3885310702719353e-08
4999,0.010404723558758447,0.0002734897677711153,0.004914171780757296,0.00521703720612503,2.4804105006463816e-08
5000,0.010414796081817319,0.0002806343148107557,0.004880453661561556,0.005253684741093112,2.336435189516352e-08
5001,0.01031113585348525,0.00017854468732255975,0.005016652580823635,0.005115916069714007,2.2515625047937553e-08
5002,0.01026713902323415,0.00013349150727062005,0.004999528213032609,0.005134098095666447,2.1207264474675904e-08
5003,0.010304373986404464,0.0001696456081135473,0.004904027422033624,0.005230678128401867,2.2827855424539694e-08
5004,0.010425845374253699,0.0002947001868380902,0.004942127753515184,0.0051889909926525314,2.6441247892864425e-08
5005,0.010422384453455402,0.00028858273280635857,0.00489032039007916,0.005243456238787235,2.5091782648214357e-08
5006,0.010285339148425547,0.00015282412901439744,0.005023203464794936,0.0051092867296457355,2.4824970477976427e-08
5007,0.010261637294071653,0.00012736520711198395,0.004997645882617704,0.005136603499007825,2.2705334141125828e-08
5008,0.010315818688257867,0.00018267660363933144,0.005013592655317122,0.005119528660155697,2.076914571604311e-08
5009,0.0104170639200277,0.0002855308603236836,0.005155813413299995,0.004975697159422751,2.248698126959314e-08
