step,total,pde,ic,inlet,outlet
1,0.04386162050135529,0.010695724803214592,0.01631291586480267,0.016622737519216464,0.00023024231412155976
2,0.03110248262540694,0.005901088110497594,0.014155408642460092,0.011031945312096506,1.404056035274742e-05
3,0.02588759087053638,0.004361620395025971,0.01094122536122857,0.010582780536104543,1.964578177299359e-06
4,0.022468867089304522,0.002982234270632696,0.009449884466905565,0.010034190998898478,2.5573528677808704e-06
5,0.020173858962924847,0.003113222787917013,0.008345792430285963,0.008712790813551943,2.0529311699299034e-06
6,0.017871663127981965,0.0023949066131867184,0.0082998832034237,0.007176572340076649,3.009712948981813e-07
7,0.016595572248682605,0.0016951803868337292,0.008661704888544805,0.006238584852263982,1.0212104009119125e-07
8,0.015977764822956795,0.0016599545586805848,0.007455641653325009,0.006862038558149466,1.3005280173640004e-07
9,0.015042261252405188,0.0014300876936981866,0.006659188785671363,0.00695279271467214,1.920583634974863e-07
10,0.01427030707245493,0.0017378229189294056,0.006096690617876822,0.006435655273619154,1.3826202954875156e-07
11,0.01375888788568169,0.0015211429949960455,0.006021214890341453,0.006216301608612216,2.2839173197711188e-07
12,0.013370789347037565,0.001692228817818833,0.005838682224818932,0.005839572934736874,3.0536966292591176e-07
13,0.01298976600392293,0.0013442767852777497,0.005632908386495279,0.006012326810839671,2.5402131023118767e-07
14,0.012782338894449016,0.0014261344502618015,0.005700994858465959,0.005654771919104214,4.376666170409264e-07
15,0.012660915637689571,0.0013908640039142085,0.00562103544439658,0.00564872704554979,2.89143828991902e-07
16,0.012608640250060994,0.0013080829003105454,0.0055293692933845095,0.005770912474349626,2.755820163132062e-07
17,0.012446590027323212,0.0011938020022754785,0.005570699368252351,0.005681826120727079,2.625360683041211e-07
18,0.012363459019528884,0.0011667923599184508,0.005391718133473636,0.005804675535113184,2.729910236136001e-07
19,0.012163364417087593,0.0011194979141366539,0.005162726385276076,0.005880818725528339,3.213921465239037e-07
20,0.012073630267614316,0.0010212377309251417,0.005119769305685882,0.005932381917276464,2.4131372682914377e-07
21,0.011965116891777575,0.0009681441894054476,0.005285245966813497,0.005711530532284934,1.9620327369578601e-07
22,0.011921672436997365,0.0009567089870860059,0.00518443476540322,0.005780367670424953,1.610140831867208e-07
23,0.011853153922799889,0.0008937145612169345,0.005216732356263006,0.005742555925187244,1.510801327053001e-07
24,0.011790120622943854,0.0008962390551401967,0.005272240017548844,0.005621482840793572,1.5870946124042956e-07
25,0.011765434146201174,0.0008919491417551717,0.0053390398041034,0.005534264528233975,1.8067210862831569e-07
26,0.011731092816865851,0.000892205123247842,0.005279945270250642,0.005558735678355103,2.0674501226527016e-07
27,0.011608479345295889,0.0008584502994300797,0.005122560883441004,0.005627166784683439,3.013777413655924e-07
28,0.011545288318819511,0.0007897476391807607,0.005176865435741418,0.005578445137243776,2.301066535567423e-07
29,0.011535350467965508,0.000798374095261351,0.005138619040206093,0.0055981173197013285,2.400127967362568e-07
30,0.011508319565159771,0.000808607469852637,0.005126490743531789,0.005572960531743151,2.6082003219264826e-07
31,0.011448774693623431,0.0007866550456907953,0.005080777372351544,0.005581067461333385,2.7481424770617996e-07
32,0.011433770860563849,0.000795202712212681,0.005051644705821018,0.0055866393357229555,2.841068071943033e-07
33,0.01142058043347863,0.0007737684151003148,0.005086036350833234,0.005560497794804992,2.77872740088649e-07
34,0.011406761381905852,0.0007707648575970912,0.005107466946090129,0.005528226289527037,3.032886915948843e-07
35,0.011398898624238,0.000751570388397671,0.0050203268179815075,0.005626710122118202,2.9129574061970966e-07
36,0.011392478925021493,0.0007552813799844022,0.005053958280645207,0.005582920727728184,3.185366637004545e-07
37,0.011368027961851558,0.0007525319122903056,0.005112804674474416,0.00550234510061654,3.462744702967577e-07
38,0.011333783998845265,0.0007576321441851944,0.004999433188838834,0.0055763659939067935,3.526719144441119e-07
39,0.01130717465934788,0.0007286560837726165,0.005019169073764824,0.005558988131890868,3.6136991957066233e-07
40,0.011264212998995911,0.0007470834545186653,0.0049455175583395,0.0055712552130246385,3.567731131075243e-07
41,0.011228313458054777,0.0007332604834857812,0.005035145699922194,0.0054595680135317,3.3926111510137714e-07
42,0.011219946208654973,0.0007283294574504045,0.005028083586020662,0.00546317583259866,3.57332585246791e-07
43,0.011215384503147303,0.0007282916300896802,0.004981255582080777,0.005505483869827733,3.5342114911448633e-07
44,0.011208145896253211,0.0007296528903021755,0.004939600273320807,0.005538550966802974,3.4176582725519004e-07
45,0.011173692497326079,0.0006856066459001067,0.004892166366981596,0.005595606628371475,3.1285607289983307e-07
46,0.01114616001761063,0.0006699363619121016,0.004967428330502468,0.005508431333459583,3.639917364777412e-07
47,0.011127773237499422,0.0006552585365955369,0.004996859914959382,0.0054752652691686336,3.895167758710314e-07
48,0.011102947300244434,0.0006460392012541215,0.004979204698221808,0.005477277894802211,4.255059662928165e-07
49,0.011096907371700155,0.0006518715529871139,0.0049906254419008565,0.005453934045539257,4.763312729259912e-07
50,0.011087713391044916,0.0006565247049786833,0.004874008508565268,0.005556701174506671,4.790029942931088e-07
51,0.011081057029081808,0.0006617785209217585,0.004901333691047893,0.005517467589781116,4.7722733104019e-07
52,0.01107470992452266,0.0006697636847887968,0.004913544677811162,0.005490902583079663,4.989788430378352e-07
53,0.011069617092155806,0.000672344643648588,0.0048829361225480525,0.005513792567451031,5.437585081343689e-07
54,0.011063657608703871,0.0006596531827163623,0.004894148323767906,0.005509333000180194,5.231020394087852e-07
55,0.011061237318037343,0.0006628197772788706,0.004885612044911094,0.005512287735766309,5.177600810681353e-07
56,0.011047986213261331,0.000641426603725585,0.004920986267945327,0.005485085717542351,4.876240480687394e-07
57,0.011035939831086746,0.0006287891465839412,0.004887269773293674,0.005519326992324743,5.539188843873922e-07
58,0.01101184992876531,0.000603013328689679,0.004987428995174203,0.005420887045248518,5.205596529089624e-07
59,0.010996941889034925,0.0005884344844980923,0.004971456303358576,0.005436537537254349,5.13563923908319e-07
60,0.01098615020439477,0.0005793665218205776,0.004971038118072737,0.00543525139188514,4.941726163151798e-07
61,0.010983977217803764,0.000575810724664801,0.004968406938666189,0.005439264777420198,4.947770525759158e-07
62,0.01098166003125361,0.0005699384099080266,0.0049840443308293335,0.005427183225610408,4.94064905841825e-07
63,0.010980488346478185,0.0005743072724727031,0.004997875239259978,0.00540779899518394,5.068395615646402e-07
64,0.010974960563872484,0.000570804339534874,0.004947758369572674,0.00545590840083231,4.894539326252421e-07
65,0.010967636496543148,0.0005726120062655619,0.004970743978778621,0.005423825984191363,4.5452730760212095e-07
66,0.010962680808809975,0.000570181902522662,0.004892295387014977,0.005499768557900021,4.349613723142756e-07
67,0.010948166155771202,0.0005662481536457192,0.004899283520676844,0.005482192972284686,4.4150916395206463e-07
68,0.01094603396520153,0.0005656183930608726,0.004905514807950891,0.005474469905083042,4.308591067265497e-07
69,0.010939233095494135,0.000560121726212164,0.004960562960539486,0.005418154980019757,3.9342872272766723e-07
70,0.010931721791411142,0.0005656726112927877,0.004972810683457955,0.005392868174594334,3.703220660642089e-07
71,0.010925324045421016,0.0005584542248071338,0.005015142407519333,0.0053513515038152125,3.759092793371069e-07
72,0.010917532032026932,0.0005389099412342684,0.0049752736968026665,0.0054030011837009825,3.4721028901474747e-07
73,0.010915495111126187,0.000537523628990883,0.004941651233845893,0.005435957671049288,3.625772401229489e-07
74,0.010912126060487727,0.0005309938755547474,0.004939362072875037,0.005441396670647423,3.734414105214767e-07
75,0.010908696950200952,0.0005257757156930996,0.004955551624720652,0.00542699209355411,3.7751623309011075e-07
76,0.01090605648763171,0.0005254605248006825,0.004975378902290159,0.005404849085468373,3.6797507249572715e-07
77,0.010900555108209958,0.0005268590214805699,0.005003387277645223,0.005369941149363575,3.676597205880592e-07
78,0.010892139385059476,0.0005248528582460464,0.00501463547125049,0.005352272762115854,3.782934470845954e-07
79,0.010882886994147942,0.0005280563781041832,0.004974020605913499,0.005380434101508256,3.7590862200479623e-07
80,0.010876916124136648,0.0005228072081211417,0.004948684628657043,0.005405075918443915,3.4836891454739056e-07
81,0.010865302935031433,0.0005095344438348828,0.004884270197001067,0.005471157467705347,3.4082649013592474e-07
82,0.010861206793269329,0.0005113734612000617,0.004900745159203217,0.00544873147362712,3.566992389284802e-07
83,0.010855500795694696,0.0005139654415245581,0.004944984864286657,0.0053962370443273065,3.13445556175616e-07
84,0.0108534499484236,0.0005086575444522895,0.004966252919547603,0.005378228158676872,3.113257468346794e-07
85,0.010849069710123171,0.000513591017004341,0.0049518601611832904,0.005383310576088382,3.0795584715818354e-07
86,0.010846285881698557,0.0005080148476253191,0.0049536554952031376,0.005384310961018663,3.045778514385613e-07
87,0.010844664925702222,0.0005026899621836383,0.004953649724345249,0.00538801006832403,3.151708493055108e-07
88,0.010843944742428798,0.0005000948204340539,0.004926478127082319,0.00541706027762043,3.1151729199586303e-07
89,0.010842886219980478,0.0004994994673997374,0.004935553997508194,0.0054075246098104395,3.08145262107637e-07
90,0.010841638693965126,0.000498411599975888,0.004911959965274244,0.005430957540709938,3.0958800505399827e-07
91,0.010840083746807984,0.0004965509867053785,0.004937086643442957,0.005406130434425662,3.1568223398559513e-07
92,0.010837451493066218,0.0004921696794241697,0.004929053438620971,0.005415908585571214,3.197894498641554e-07
93,0.01083492508195819,0.0004971736414739669,0.004929871537164934,0.0054075775631883755,3.023401309147355e-07
94,0.010831384612162933,0.0004922312605652211,0.004914760359072612,0.005424101282635703,2.9170988939633553e-07
95,0.010828270640270907,0.00048737579700698104,0.004916413211880721,0.005424199624580537,2.8200680266650536e-07
96,0.010825235500200977,0.0004827222862603771,0.004898073109469977,0.005444178851919096,2.612525515261148e-07
97,0.010822718061278972,0.0004792791963027964,0.004937058510716944,0.0054061240187201764,2.5633553905487264e-07
98,0.010817014733445788,0.0004696154705089275,0.0049270871062179564,0.005420083399650485,2.2875706841998982e-07
99,0.010807724157153836,0.0004689400914561088,0.004893150546378938,0.0054454126439892735,2.2087532951668494e-07
100,0.010795000015623382,0.00046494317164324925,0.005007840464158547,0.005322012254816408,2.0412500517831738e-07
101,0.010788915658670977,0.00047162936836285936,0.004968635592588126,0.005348453476312605,1.9722140738612826e-07
102,0.010783493853365921,0.00046767454533027547,0.004983657034210026,0.005331978712517701,1.8356130791721168e-07
103,0.010774914075243351,0.0004591536161984902,0.004994923141003236,0.0053206534044072515,1.8391363437447084e-07
104,0.010759283246999455,0.0004443381823666301,0.004955424899698257,0.005359327222423491,1.929425110778242e-07
105,0.010750563459793982,0.00043586500154498535,0.004962869550582222,0.005351624264750273,2.04642916502233e-07
106,0.010745373670282884,0.0004380837636479155,0.004956841837106611,0.005350230770370204,2.1729915815305712e-07
107,0.010741296603664446,0.0004383311837714826,0.0049998779150128205,0.005302859532178616,2.2797270152546237e-07
108,0.010738820446660986,0.00043688684032204935,0.004990109855380416,0.0053115937933805365,2.2995757798244104e-07
109,0.010737365129578805,0.0004338167688833624,0.00498128651731939,0.005322025512177508,2.363311985457424e-07
110,0.010735821383138559,0.00043440723668053356,0.004966203065834003,0.005334965079564849,2.4600105917205524e-07
111,0.010734161229927873,0.00043712217308002326,0.004982658904059242,0.005314130276744377,2.4987604423110723e-07
112,0.010731626452030426,0.00044015871746744907,0.004979982675018493,0.005311240015502011,2.450440424718611e-07
113,0.010730098551404086,0.0004340458258414648,0.004985891969542469,0.005309916452875773,2.4430314437959766e-07
114,0.010727863032065608,0.0004309650974594664,0.004969911255130888,0.005326754569783278,2.321096919744914e-07
115,0.010724981572049465,0.00043396612840972555,0.004973305997325242,0.005317479339258266,2.3010705623137817e-07
116,0.010723777469326868,0.00043554659485167647,0.0049883111971246955,0.005299680960127438,2.3871722305622334e-07
117,0.0107185383032035,0.00043721181358392377,0.004948422960289141,0.005332670818079513,2.3271125092156936e-07
118,0.010705558169272393,0.0004376404043485865,0.00494817870275382,0.00531950560173216,2.3346043782715827e-07
119,0.010696474090542802,0.0004290957035727735,0.005013571539384747,0.005253542702380901,2.64145204381128e-07
120,0.01069070777697368,0.00042073534544656305,0.00497670863923225,0.005292998895527326,2.64896767541741e-07
121,0.010687892441711522,0.00041672642340777414,0.004970531322013682,0.0053003645480993655,2.701481907009023e-07
122,0.010678189375545802,0.00040999753580921806,0.004997784910125245,0.005270101810839717,3.0511877162125013e-07
123,0.010674325043519142,0.0004047793038921538,0.005042600975513794,0.005226643985421348,3.007786918451007e-07
124,0.010665931289149543,0.00040365403932321405,0.00508222782855991,0.00517976093600861,2.8848525780948145e-07
125,0.01066118875113106,0.0004043679933652399,0.005062045301765521,0.005194503184635699,2.7227136460162745e-07
126,0.010659276167422335,0.0004052695703829194,0.005089292053197828,0.005164436611405745,2.7793243584389643e-07
127,0.010647785792074826,0.0003983079816634192,0.005149008461718317,0.0051002009343954074,2.684142976807508e-07
128,0.01064230873374532,0.00038650501601136404,0.005110057227445137,0.005145478031204821,2.684590839978462e-07
129,0.010635542647269642,0.00038405687982437283,0.005029071933604169,0.005222159847494492,2.5398634660767763e-07
130,0.010633615334034197,0.0003815107302316487,0.005045102379497225,0.005206752429298164,2.4979500715973243e-07
131,0.01063262782317439,0.00037924322795633087,0.005010804980943631,0.005242325337543607,2.5427673082274123e-07
132,0.010631627241677618,0.00037709530238343246,0.005025601076993826,0.005228678531008498,2.523312918624627e-07
133,0.010630409876304352,0.0003775294093501381,0.005008214469471206,0.005244411502275911,2.544952070969257e-07
134,0.010628820399844538,0.0003746662356244222,0.005014979392045304,0.0052389250304626135,2.4974171219743605e-07
135,0.010626608654625117,0.0003707308198984049,0.004996580437681921,0.005259036893910129,2.605031346617677e-07
136,0.010622407028679599,0.0003714067493650119,0.0049757232193466845,0.0052750084752632,2.6858470470306e-07
137,0.010619968511961356,0.00037065619859972057,0.004985163225242178,0.005263887098002017,2.61990117441293e-07
138,0.01061614191349045,0.0003768323482625209,0.005005112395207809,0.00523392437596252,2.727940576023329e-07
139,0.010613537544943756,0.0003746455436354,0.004974210343867909,0.005264400656101626,2.8100133882304844e-07
140,0.01060976808774128,0.0003676591099812457,0.005013961381257516,0.005227863038347367,2.84558155151229e-07
141,0.010605062572617355,0.000366450848463925,0.005037533482536368,0.005200788161631677,2.9007998538407805e-07
142,0.010602087836341527,0.0003653046271096965,0.0050093571217434485,0.005227125717005304,3.003704830768194e-07
143,0.010597353248550496,0.00036663225008694885,0.005012300397467543,0.005218112240248541,3.0836074746401704e-07
144,0.010591821249554243,0.0003669353748899264,0.005018682138514798,0.005205887341083059,3.163950664599274e-07
145,0.010582719985995744,0.0003517326820677059,0.004952042002453425,0.005278649591495046,2.9570997956725174e-07
146,0.010579938148154009,0.00035044763004352434,0.004926578162895507,0.005302621627125992,2.907280889846989e-07
147,0.01057331533683695,0.00034112557790392346,0.0050020310471631186,0.0052298743651526,2.8434661730811685e-07
148,0.010569097545617261,0.0003399009971128457,0.005010970974656405,0.005217959708966804,2.658648812053118e-07
149,0.010566440477845407,0.00033792142458202154,0.00501183618402283,0.005216422924971611,2.5994426894436943e-07
150,0.010561743575618138,0.00033759405490568827,0.004997956578333445,0.005225938335422271,2.5460695673384774e-07
151,0.01055927938862105,0.00033291107457254554,0.005024297110446089,0.0052018318886448206,2.393149575934293e-07
152,0.010557915508332317,0.00033032042144863667,0.00502158093492084,0.005205771771182042,2.423807807982621e-07
153,0.010554585373842292,0.00033154876018365466,0.004977689596965208,0.005245113169038732,2.338476546982415e-07
154,0.010552126289426804,0.00032897291965254473,0.004952296288031224,0.005270619179635406,2.3790210762911633e-07
155,0.010546258030629255,0.0003251991732510921,0.005007698655846759,0.005213146079582473,2.1412194893264396e-07
156,0.010544176575627793,0.00032273361276576745,0.005029198349443818,0.0051920358959480295,2.0871747017724663e-07
157,0.010542995097330473,0.00032136566238250236,0.005010386433222867,0.0052110294605672534,2.1354115785043064e-07
158,0.010541902394411053,0.0003194912664402256,0.005015765753554117,0.0052064326388109455,2.1273560576439247e-07
159,0.010541196923792314,0.0003181316067879461,0.005025474165450251,0.005197382103678766,2.0904787535173557e-07
160,0.010536479265574352,0.00031586319104526565,0.004999751201112048,0.005220668275766386,1.9659765065208344e-07
161,0.01053141702781334,0.00030807894341865904,0.005006449545670278,0.005216694152333758,1.943863906460227e-07
162,0.010529385995355621,0.0003059610423476261,0.005008612466161313,0.005214616534493324,1.9595235335879888e-07
163,0.010527636886760009,0.00030531947352340215,0.004985958319188992,0.005236163408084722,1.9568596289424433e-07
164,0.010526546047907244,0.00030503955030808643,0.005002521822124311,0.005218784564019212,2.0011145563382162e-07
165,0.010525045469847021,0.0003060876092488365,0.0050157186381514325,0.005203034117598195,2.0510484855815137e-07
166,0.010520846518768731,0.00029838955300792383,0.00497979660477825,0.005242461720924677,1.9864005787939626e-07
167,0.010519397214785555,0.0002978036265815059,0.00498315093350415,0.005238247868780791,1.9478591910698985e-07
168,0.010517612261121384,0.0002966065195033351,0.005019382577436843,0.00520142764654313,1.9551763807634406e-07
169,0.010517185449735608,0.0002959150270243402,0.005029070499133805,0.005192004489356798,1.954342206634774e-07
170,0.010516484590112516,0.0002940983798600413,0.005056360497546589,0.005165832656450481,1.9305625540444564e-07
171,0.010515263719181454,0.00029474641650997465,0.005057862628642256,0.005162466124920916,1.8854910830944755e-07
172,0.010512321871269548,0.0002980904780077724,0.0050404630839043325,0.00517358762866918,1.806806882615491e-07
173,0.010511307955966307,0.00029535345757563866,0.005039618589439927,0.005176148843133831,1.8706581690898307e-07
174,0.010508604496989015,0.00029707726588898274,0.00505094840984297,0.005160389602991904,1.8921826515910093e-07
175,0.010506387175888279,0.00029677922326721114,0.005026902519717129,0.005182518858245902,1.8657465803633445e-07
176,0.010504730362172365,0.00029780922211720723,0.004980269061715761,0.005226465965521985,1.8611281741278043e-07
177,0.010503635576950068,0.0002979119582493093,0.004975747679289237,0.005229788234240222,1.8770517130007798e-07
178,0.010503202252516254,0.0002983123308449874,0.0049892663372416894,0.005215432456115825,1.911283137522199e-07
179,0.010502665096672808,0.00029955164726848,0.004983054037614718,0.005219866997804357,1.9241398525422102e-07
180,0.010501628569064421,0.00030237020234435204,0.0049956583460375945,0.005203409850782735,1.901698997385803e-07
181,0.010500918709898692,0.0003011483510127681,0.004995318033586387,0.005204260757431756,1.9156786778196804e-07
182,0.01050010965593223,0.0002984669075659432,0.005006275093529303,0.005195172828089461,1.9482674752119699e-07
183,0.010497828526231172,0.0002967405699951041,0.004987556943447375,0.005213342341947949,1.8867084074313656e-07
184,0.010495495149582814,0.00029334798538492384,0.005005827689653174,0.005196125447538656,1.9402700605999412e-07
185,0.010492857156253999,0.00029362912277876237,0.004948825588037002,0.00525022001017661,1.8243526162572653e-07
186,0.01049167021278259,0.00029043117539214846,0.004947176445215802,0.005253880046600528,1.8254557411232797e-07
187,0.010490780143077747,0.00028840713005248724,0.004942807398001797,0.005259385288601854,1.8032642160910784e-07
188,0.010489945451728724,0.0002887458053556996,0.004939697299308423,0.005261330555133985,1.7179193061753476e-07
189,0.010488684403123262,0.00028764059282398514,0.0049373532305939756,0.0052635234314068885,1.6714829841341696e-07
190,0.010487930371160296,0.0002871574953922596,0.004966248595790975,0.005234359226135149,1.6505384191310003e-07
191,0.010485811924174854,0.0002850523433016443,0.00497002413548766,0.005230573336908048,1.621084775006945e-07
192,0.010484769482830088,0.0002835419988959085,0.004969960297094989,0.005231107969599704,1.5921723948652615e-07
193,0.01048435116240717,0.0002827573235522295,0.004975612349328584,0.005225823127865662,1.5836166069462267e-07
194,0.01048297279997222,0.0002828006500151584,0.004984164099932371,0.00521585025674332,1.5779328137207045e-07
195,0.01048066056220531,0.0002801865616814579,0.004986049977980095,0.0052142662034567805,1.5781908697642545e-07
196,0.010476921028221129,0.00027790193660572933,0.004982554673872225,0.005216307380950414,1.5703679276121913e-07
197,0.010476012095609388,0.00027572862162805105,0.005001405077371077,0.00519872556210573,1.5283450452938472e-07
198,0.010475533122281316,0.0002747792940645986,0.004991222817753431,0.00520937164054986,1.593699134255147e-07
199,0.010473442418328958,0.00027570684907017096,0.0049805786333571205,0.0052170008028930214,1.561330086456913e-07
200,0.010471247386684228,0.00027643565105529383,0.004986728238823742,0.005207924959398972,1.5853740621786082e-07
201,0.010469581785883182,0.0002777464171121272,0.0049865116292603295,0.0052051681500924546,1.5558941827175243e-07
202,0.010468711254925133,0.00027864553584098383,0.004999938263994881,0.005189968479632517,1.5897545675193446e-07
203,0.01046586339070684,0.00027787030551620033,0.004992996659445476,0.0051948418326596985,1.5459308546431408e-07
204,0.010465278844221172,0.00027797076797250747,0.005010570445379098,0.0051765830222103276,1.5460865923765506e-07
205,0.010464707282121503,0.00027765075156873325,0.004987726545191489,0.005199176113844916,1.538715163650167e-07
206,0.010463852421105813,0.00027765114120741465,0.005022481960817758,0.005163568637775282,1.506813053568284e-07
207,0.010461931808287228,0.00027371256382846196,0.005033418074536458,0.005154646881365228,1.5428855707941606e-07
208,0.01046139042652277,0.0002722466419852785,0.005024253894001742,0.005164734475077977,1.5541545777275812e-07
209,0.010458174546430245,0.0002693159979070879,0.005047884792972459,0.005140819496843137,1.5425870756113122e-07
210,0.010456049567160891,0.0002687420934125295,0.005021639714749763,0.00516551012058235,1.5763841624923097e-07
211,0.010455644112846992,0.0002681404441743513,0.005027132095753402,0.005160212074275001,1.594986442381112e-07
212,0.010455206722882877,0.0002693377757156863,0.005019715780582601,0.005165992941026906,1.602255576818507e-07
213,0.010453633716137691,0.00026834600276108176,0.005030612553876428,0.005154509895328517,1.6526417166399143e-07
214,0.010452677091450608,0.00026806576333257575,0.005045522561856021,0.005138924850102634,1.639161593783882e-07
215,0.010451800146123725,0.0002696139449986929,0.005041620142090986,0.005140405420484029,1.6063855001743024e-07
216,0.010450579777965584,0.0002680636648903029,0.005046688720645362,0.005135668971068351,1.584213615681505e-07
217,0.010449933928870933,0.00027041591903315484,0.0050225417174919774,0.005156823601409705,1.5269093609715254e-07
218,0.01044910127663284,0.00027172633694761496,0.005008633137151687,0.005168587799555516,1.540029780236749e-07
219,0.01044864059166934,0.00027168872492794343,0.0050168982866128625,0.005159902082744815,1.5149738371888595e-07
220,0.010448494539689648,0.0002712728569501161,0.005014071373669953,0.005162999329253358,1.5097981622027763e-07
221,0.010447016199224253,0.00027175500721710174,0.0049914508372914815,0.005183662858900839,1.4749581483133534e-07
222,0.010445252415303655,0.0002721301800478416,0.005013083491207561,0.005159886388082936,1.5235596531527972e-07
223,0.010444081477176645,0.0002744462376098333,0.005027618945620377,0.005141864913177329,1.5138076910578635e-07
224,0.010441731714608155,0.00027092025982720995,0.004990107546736134,0.005180548141396877,1.5576664793226681e-07
225,0.010440106181047858,0.0002697747071130713,0.005013719134208505,0.00515646077392479,1.5156580149302465e-07
226,0.010438856241523475,0.00026772150680945536,0.0050228754509642985,0.005148112561603945,1.4672214577649814e-07
227,0.010437829688152664,0.00026996066996379795,0.005002646378584813,0.005165076997948194,1.45641655858869e-07
228,0.010437169349024032,0.00026826057748878003,0.005005580665428176,0.005163185977240332,1.4212886674335842e-07
229,0.010435560150586737,0.00026686095095028017,0.004990200252498758,0.005178358363118565,1.4058401913453882e-07
230,0.010433696615559623,0.00026426438054852303,0.005006302323648523,0.0051629897550664345,1.4015629614157173e-07
231,0.010433156827436962,0.0002641250818801576,0.004989349303959285,0.005179543720325436,1.387212720835228e-07
232,0.010432627922600989,0.0002640049130294805,0.004994914578537502,0.0051735697292993165,1.3870173468963234e-07
233,0.010431247814030108,0.00026135812268567586,0.0049742518837339635,0.005195499454616132,1.3835299433782694e-07
234,0.010429390561868557,0.0002611453017529906,0.004998379441594638,0.005169730473185411,1.3534533551757535e-07
235,0.010428175012603161,0.0002575598907673103,0.005003321341669162,0.005167159339537052,1.344406296363349e-07
236,0.010427530823009252,0.00025708508662631934,0.004996948475326974,0.00517336352376348,1.33737292477525e-07
237,0.010426149107379592,0.0002601198520437253,0.004995093770685198,0.005170799538616573,1.3594603409604555e-07
238,0.01042386217444853,0.0002604479948599773,0.005042426756235967,0.005120852184176207,1.352391763792584e-07
239,0.010422844192607623,0.0002586033774138499,0.0050330009958262315,0.005131104528457905,1.3529090963622384e-07
240,0.010422039375473193,0.0002563155211291629,0.005009723898208547,0.005155863714756066,1.3624137941540453e-07
241,0.01042040723331275,0.00025585943329360444,0.005009530229691063,0.005154885291559163,1.3227876892134185e-07
242,0.010419722950716354,0.00025684938664366036,0.0050305079872858495,0.005132233380951542,1.3219583530052063e-07
243,0.010418094533477562,0.00025674368596983934,0.0049991826912101885,0.00516204241071801,1.2574557952320879e-07
244,0.01041671400951656,0.0002574793853518619,0.005016976444879464,0.00514213785249941,1.20326785823998e-07
245,0.010415664894836519,0.00025851881581132887,0.005000776980687571,0.005156251864743395,1.1723359422425462e-07
246,0.01041473889101171,0.0002561405180659604,0.004999505658180938,0.005158973809373407,1.189053914062121e-07
247,0.010413377881520646,0.0002570676953396919,0.004988141125507447,0.005168051839191365,1.172214821426809e-07
248,0.01041150246766561,0.00025825696162826796,0.00498773324573648,0.005165397760457329,1.144998435335433e-07
249,0.010409577515857405,0.0002581334906784575,0.005009081216070981,0.00514224889945859,1.1390964937608844e-07
250,0.01040901278497426,0.0002567132151581354,0.005000817306094094,0.005151365232038824,1.1703168320719949e-07
251,0.01040864178178777,0.00025534987826842954,0.005018095484263104,0.005135076386552879,1.2003270335593784e-07
252,0.010407766772866579,0.000255509381911577,0.0050161347473521205,0.005136004526383789,1.181172190915895e-07
253,0.010406253394465614,0.0002561306073786942,0.005015733921296165,0.0051342700973921775,1.1876839857712608e-07
254,0.010405295134165491,0.00025826719275501655,0.005006817640050197,0.005140088094902025,1.222064582538875e-07
255,0.010404446362014756,0.00025571972642643084,0.004995264324606359,0.005153339824778149,1.2248620381726376e-07
256,0.010403807826517677,0.00025540768285217794,0.005007958237036378,0.005140319829832399,1.2207679672208687e-07
257,0.010403303120688148,0.00025327332736455364,0.005014611279938342,0.005135294665982248,1.23847403005684e-07
258,0.010402114406360598,0.00025293761432326913,0.0050010070445927765,0.005148042773774309,1.2697367024546073e-07
259,0.010401037026642607,0.00025204696472411875,0.005020206094347966,0.005128655558615933,1.284089545866408e-07
260,0.010399045168638826,0.0002511324933602515,0.0050314639964976525,0.005116318282476343,1.3039630457834675e-07
261,0.010397898982898014,0.00024952203072427616,0.0050295662823602845,0.00511868253202654,1.2813778691421727e-07
262,0.01039753162275088,0.00024927465976261136,0.005032667400156002,0.005115461376687249,1.2818614501841903e-07
263,0.010396741003622617,0.00024712397549299424,0.005008570352197678,0.0051409148297091,1.3184622284528858e-07
264,0.010395991844529105,0.0002483018430420544,0.005008733225241449,0.005138820792430737,1.3598381486335725e-07
265,0.010393311885738672,0.00024105904334031038,0.005004051766804722,0.005148061724006401,1.3935158723877912e-07
266,0.010392338617851913,0.00023938698432937313,0.005007624430418017,0.0051451851699087486,1.4203319577358736e-07
267,0.010392102862128355,0.00023917412041315805,0.005010047532326034,0.00514273979622019,1.4141316897314022e-07
268,0.010391256792701092,0.0002386161124799953,0.004996731585426408,0.005155771515948149,1.3757884653961284e-07
269,0.010390903638923787,0.00023887059854153483,0.004991672023174351,0.0051602232904729645,1.377267349366499e-07
270,0.010389877886891602,0.00023918088928582653,0.005013776119702827,0.005136781320945383,1.3955695756414376e-07
271,0.010387016337702362,0.00023393977045243228,0.004999687569357986,0.005153256669406788,1.3232848515643712e-07
272,0.01038628835922877,0.00023408004947183145,0.005006355898201188,0.005145719501445624,1.3291011012855432e-07
273,0.01038548828163706,0.0002353073428463624,0.005015211534875899,0.005134837200887863,1.3220302693581875e-07
274,0.010384976315914904,0.00023636741193818283,0.005001590146451134,0.005146887502717577,1.312548080110334e-07
275,0.010382084428143546,0.00023283968508235452,0.005011532653554892,0.005137589253272276,1.2283623402285062e-07
276,0.010379648811982958,0.00023038540003598928,0.005036930689641963,0.005112208229009853,1.2449329515435602e-07
277,0.010378693080530665,0.00022979296362708602,0.004999515159086649,0.005149257785513488,1.2717230344386735e-07
278,0.010378033572832089,0.00022983862839762889,0.00499934713428437,0.005148721699853766,1.2611029632344763e-07
279,0.010377524849287757,0.000229359076429855,0.0049930548776543765,0.005154981772224836,1.2912297869152602e-07
280,0.010376967044239464,0.00022943518851244304,0.005003089242215528,0.005144314544669286,1.2806884220868186e-07
281,0.010376278250966557,0.0002291550266391974,0.004990993316539296,0.0051560039609314205,1.2594685664348541e-07
282,0.010375651867654554,0.00022822036831505845,0.004977228874661396,0.005170079259148931,1.2336552916916133e-07
283,0.010374928864876898,0.00023019662723230494,0.004973597734049577,0.005171011772304073,1.227312909429885e-07
284,0.010374474888336092,0.00022918539744398348,0.004991653601120517,0.0051535135426540165,1.223471175738497e-07
285,0.01037410620065877,0.00022945583986304534,0.004988533819959453,0.005155994650252801,1.2189058347138968e-07
286,0.010372841102561882,0.00023004588324354805,0.004968749365796588,0.005173925658905779,1.2019461596628254e-07
287,0.010371769307907217,0.00022980951784050023,0.004985179412444363,0.005156660973984978,1.1940363737523992e-07
288,0.010371347150811136,0.000230347709762496,0.0049702923931733796,0.00517058946024662,1.1758762863949348e-07
289,0.010370990351218544,0.0002301809044522946,0.0049628520188509965,0.0051778396716613126,1.1775625394035241e-07
290,0.010370123134361808,0.0002290423980930317,0.004943599854585953,0.005197365624648314,1.1525703451067398e-07
291,0.010369393811811829,0.00022942435069487962,0.0049681451935033975,0.005171706391582033,1.1787603151741895e-07
292,0.010368184300641842,0.00022898328292868586,0.004969612848355051,0.005169470748197055,1.1742116104972551e-07
293,0.010366910535201546,0.00022786610207536296,0.004983831705646682,0.005155095649682389,1.1707779711414145e-07
294,0.01036599756657286,0.00022761379022396538,0.005011819964467108,0.005126441988614395,1.2182326739072582e-07
295,0.010365728766986477,0.00022756202060550783,0.005011393652756321,0.005126650655721963,1.2243790268712307e-07
296,0.010365451500138165,0.00022650730951665298,0.005005377163967944,0.005133442279830524,1.2474682304309015e-07
297,0.010365071750780329,0.0002259094419129823,0.005015333011808612,0.005123704515738952,1.247813197826403e-07
298,0.01036460997802559,0.00022499932601117555,0.00501519205141871,0.00512429575832701,1.22842268694393e-07
299,0.010364124259711312,0.00022630104948185737,0.005018233698610837,0.00511946713224242,1.2237937619666054e-07
300,0.010363587704319003,0.00022499095667278507,0.0050303578393838776,0.0051081164526904374,1.2245557190303297e-07
301,0.010363176852971685,0.0002246710122867742,0.005032398665254952,0.005105982658069637,1.245173603224154e-07
302,0.010362930999253915,0.00022524332422481697,0.0050255374589915774,0.00511202513732247,1.2507871505060506e-07
303,0.010362609996274277,0.0002258835487675981,0.005031884010406777,0.005104719631486413,1.2280561348805972e-07
304,0.010361556006792482,0.00022378155631404167,0.004999632955298747,0.005138016447536892,1.2504764280133816e-07
305,0.010360681717400169,0.000223473866105427,0.005009294952925319,0.00512778627059275,1.2662777667265395e-07
306,0.010360607755022634,0.00022327173640882035,0.00501408546189449,0.005123123604782083,1.2695193723796384e-07
307,0.010360307181782371,0.00022245195692515744,0.005006210322591961,0.0051315176827715255,1.272194937272605e-07
308,0.01035952073915198,0.00022341241173621983,0.004998830688912164,0.005137151441453718,1.2619704987728017e-07
309,0.01035904564310795,0.00022402761535057455,0.004982164997073538,0.0051527248557131705,1.281749706674801e-07
310,0.01035788401603873,0.0002260364806918075,0.004990745386164932,0.0051409703206283935,1.318285535970122e-07
311,0.010357757832759397,0.0002252071081117686,0.0049843838355551826,0.005148034358750211,1.3253034223357098e-07
312,0.010357517224392807,0.00022548840180923525,0.0049894723810310565,0.005142425036830457,1.314047220589161e-07
313,0.010357157612293444,0.00022582252133127704,0.0049841316829862155,0.005147072637017471,1.3077095848016935e-07
314,0.01035662975070715,0.00022607328392391915,0.004988506765780925,0.005141917713503137,1.3198749916742642e-07
315,0.010356234259705898,0.0002255526109526004,0.0049805374002594854,0.005150011271383741,1.3297711006904869e-07
316,0.010355490641068207,0.0002248509678180643,0.004986079460779635,0.0051444242815694595,1.3593090104826416e-07
317,0.010355245446603824,0.0002244579379747716,0.0049992688914315825,0.005131383505098954,1.3511209851572436e-07
318,0.010355229102959171,0.00022440196334061222,0.004993789001581406,0.005136903267720986,1.3487031616764267e-07
319,0.010354701007859471,0.00022549715095391046,0.005003316059858652,0.005125752702815416,1.3509423149275718e-07
320,0.010354073519808146,0.00022637625233560323,0.005000445141122168,0.0051271173434110475,1.3478293932711937e-07
321,0.010353531032831712,0.00022612636329169902,0.004990702943022484,0.005136568233616196,1.3349290133291423e-07
322,0.01035315311688281,0.00022547164401195003,0.004984307403683437,0.005143239672189729,1.3439699769360494e-07
323,0.010352480225385157,0.00022670548202883382,0.0049667535315034055,0.005158890081638436,1.3113021448228658e-07
324,0.010352136506769633,0.00022648143046281375,0.004988625031544268,0.005136894806319182,1.3523844336890334e-07
325,0.010351723133847258,0.00022610859164815412,0.004980670122820603,0.00514480716567686,1.372537016413082e-07
326,0.010350916259399693,0.0002248432725477339,0.00495375341425502,0.005172178922632569,1.4064996436920346e-07
327,0.01035048726428484,0.00022393190758455758,0.004968237254727379,0.005158180338438621,1.3776353428404458e-07
328,0.010350223787502201,0.00022442258615892606,0.004965720265468999,0.005159944403973885,1.365319003899524e-07
329,0.01034964678656814,0.00022381778838150286,0.0049866681263965335,0.005139023069563544,1.3780222655852482e-07
330,0.01034934397365033,0.0002251278162020398,0.004982446193261493,0.005141632577688734,1.37386498061706e-07
331,0.010348735155245379,0.00022714235079470681,0.00499302561516684,0.005128427380959539,1.3980832429220208e-07
332,0.010348450916051126,0.00022658406203706003,0.004983104986657148,0.005138620435128025,1.414322288933231e-07
333,0.01034789830254729,0.00022679151959880748,0.005000631717171111,0.005120331637462675,1.434283146980075e-07
334,0.010347288062346693,0.00022528536172736224,0.004987648508975558,0.005134208134789674,1.4605685410015577e-07
335,0.010346629460414595,0.00022546452557608152,0.004970406923115862,0.0051506128120849485,1.451996377021396e-07
336,0.010345853578039192,0.000225583906458519,0.004953534555831284,0.005166587804386535,1.4731136285383547e-07
337,0.010344355832181762,0.00022706326192380402,0.004969783215991439,0.005147361362768122,1.4799149839806983e-07
338,0.01034386092669221,0.00022690344421617622,0.004972261711244227,0.005144548749325866,1.4702190594176152e-07
339,0.010342555753371155,0.00022381583547412118,0.004987184287100896,0.0051314089719344015,1.4665886173772627e-07
340,0.010341914357147507,0.00022313304430268476,0.00499289269754796,0.005125744640781632,1.4397451522968694e-07
341,0.010340606885763666,0.00022060719337977665,0.004971879285302589,0.005147971477654227,1.489294270720425e-07
342,0.010339753156456672,0.00022109783329743026,0.004999935905897443,0.005118575241882708,1.4417537909235132e-07
343,0.010338713991019892,0.00022215723634981145,0.00500126061355984,0.005115148976297733,1.4716481250736026e-07
344,0.010338228804083041,0.00022184796694444723,0.0050225808672080974,0.005093647795289133,1.521746413638338e-07
345,0.010337288882420767,0.00022243080563578882,0.005001744863204793,0.005112962754410592,1.5045916959319625e-07
346,0.010336923111912632,0.0002224676960282337,0.005010217485583117,0.0051040890321679445,1.4889813333578156e-07
347,0.010336215006697316,0.00022092831044890127,0.005003187765607004,0.005111952033970974,1.4689667043538705e-07
348,0.010335546367197293,0.00022209673206332367,0.004997433173491188,0.005115870777988579,1.456836542008516e-07
349,0.010334672323464964,0.00022149620202954477,0.005018455355663076,0.005094571646518556,1.4911925378639443e-07
350,0.01033350047052428,0.00022128868318762983,0.005041725039168695,0.005070345394184855,1.4135398310033124e-07
351,0.010332232790176614,0.00021881047739424775,0.005017531161853252,0.005095748563562458,1.425873666554597e-07
352,0.010331580083695786,0.00021665521396303114,0.005010540584025044,0.005104240367958658,1.4391774905389024e-07
353,0.010330342136345611,0.00021772697722041975,0.004989132260364483,0.005123334772462142,1.4812629856721816e-07
354,0.010329142940419863,0.00021546545474197552,0.00498339888993452,0.00513013136477752,1.4723096584612536e-07
355,0.010328218793854604,0.00021676379462405766,0.004989153328934652,0.0051221578016395555,1.438686563381553e-07
356,0.010327843818526711,0.00021525119129587963,0.004978758829739074,0.0051336895786628384,1.442188289195638e-07
357,0.010327162752098133,0.00021429152207519763,0.004961193616096567,0.005151532178214942,1.4543571142755348e-07
358,0.010326486225508132,0.00021401752469888934,0.004945334473298936,0.005166986230613812,1.4799689649570644e-07
359,0.010325798732744015,0.00021339518928451936,0.004935161651024376,0.005177090286454153,1.516059809672722e-07
360,0.010324086126166337,0.00021383291205405582,0.004958969538118796,0.005151129460476328,1.54215517158078e-07
361,0.010323500517231927,0.00021316684952815817,0.004971192599188261,0.005138989527452413,1.5154106309310802e-07
362,0.010322539433563411,0.00021224768403905648,0.004971147830196809,0.005138988673963859,1.5524536368607393e-07
363,0.010321613325197598,0.00020912628785960146,0.0049574987327543965,0.0051548385007261326,1.498038574681122e-07
364,0.010320272110488842,0.00020797232964502415,0.004963277098125171,0.0051488689345365,1.537481821477043e-07
365,0.010319438566357465,0.00020964194752585007,0.004972332409099145,0.00513731118880625,1.5302092622081064e-07
366,0.010318526968426183,0.00020905137946743287,0.004989262072191862,0.00512006340377551,1.5011299137705974e-07
367,0.010318114674471385,0.00020924577124020402,0.0049826823807074296,0.005126033147658423,1.5337486532861156e-07
368,0.010317888718770398,0.0002097571321692312,0.004993662793526276,0.0051143140942160785,1.546988588133796e-07
369,0.010316332865211334,0.00021098666333173806,0.004993622934108331,0.00511156743192429,1.5583584697481527e-07
370,0.010314768301800387,0.00020808969975655235,0.005006701099016077,0.005099818688113902,1.5881491385647375e-07
371,0.01031386626825301,0.00020875380442479283,0.005019941086354165,0.0050850182981933955,1.5307928065546056e-07
372,0.010313435001385101,0.0002078498820037676,0.00501439902341293,0.00509103220342272,1.53892545684717e-07
373,0.010313409619454088,0.00020832178730941425,0.0050146831363058406,0.0050902501180965735,1.5457774225912783e-07
374,0.010313408771362742,0.00020832901741638492,0.005014722528528212,0.005090202673230524,1.5455218762170335e-07
375,0.010312902222312608,0.00020887409355156773,0.005004438141896903,0.0050994362711785654,1.5371568557330853e-07
376,0.01031256949039198,0.00020836442469735983,0.005004178466393463,0.005099874104070293,1.5249523086430888e-07
377,0.010311919336663138,0.00020802470380320404,0.0049878881104999,0.005115854505206152,1.5201715388255002e-07
378,0.010311255868656737,0.00020708761116526583,0.004968282389435061,0.0051357300229318715,1.558451245401028e-07
379,0.010310780525724567,0.0002060501954528899,0.004972940768927727,0.00513163263660195,1.5692474199904627e-07
380,0.010308841192750894,0.00020607174733473983,0.004993016226464172,0.005109595628593053,1.5759035892851474e-07
381,0.010307902850185418,0.00020364268774848487,0.004981403718600347,0.005122698102272836,1.5834156374923215e-07
382,0.010306416337466333,0.00020457147610023694,0.004986804931092477,0.005114877202360866,1.627279127545579e-07
383,0.010306061534587354,0.00020524833904503713,0.004995929938595544,0.0051047192961298825,1.6396081689037604e-07
384,0.010305623627226838,0.00020447049813963246,0.005008474985991176,0.005092513265474733,1.6487762129664394e-07
385,0.010304686069176158,0.00020587219303400302,0.004994581516307571,0.005104070451517465,1.61908317118442e-07
386,0.01030439761137326,0.0002054619002482902,0.0049895582536180405,0.005109214969890844,1.624876160844809e-07
387,0.010303923602984372,0.00020418725334872637,0.004992301217377168,0.005107271214493034,1.6391776544448408e-07
388,0.010303410435497198,0.00020463578785778714,0.004987904135906965,0.00511070492561508,1.655861173664354e-07
389,0.010303032179003137,0.00020577409783833854,0.004998828004995995,0.00509826359717942,1.664789893831233e-07
390,0.010302837396622442,0.0002058278369855334,0.004996697371790812,0.005100146921311276,1.6526653481993628e-07
391,0.010302702661293107,0.0002054145091670084,0.005003838771944041,0.0050932826605129405,1.6671966911927364e-07
392,0.010302607781698172,0.00020551929771048458,0.005004739048822116,0.00509218299629679,1.6643886878334978e-07
393,0.010302362939183025,0.0002051123126186793,0.005008653806447708,0.005088430829534259,1.6599058237921902e-07
394,0.010301652912326448,0.000204685944100646,0.0050152628710219025,0.005081536733212418,1.6736399148228675e-07
395,0.010301294111948646,0.00020464360934426115,0.005011301521892749,0.005085182914805347,1.6606590628895952e-07
396,0.010300107469762305,0.00020233301520898554,0.005028464588706885,0.005069148198431025,1.616674154096238e-07
397,0.01029952633168779,0.0002033594957813737,0.00503451165731195,0.005061490904759822,1.642738346448445e-07
398,0.010298958892787754,0.000201213811409236,0.0050336955092317075,0.0050638864942861486,1.6307786066094597e-07
399,0.010298472220631452,0.0002009888010936828,0.00501110263664783,0.005086219500014351,1.6128287558798216e-07
400,0.010297836210573886,0.0002015180778631628,0.005003217535812778,0.005092941592486781,1.5900441116513042e-07
401,0.010297431319820576,0.0002019649034504498,0.005011848076006561,0.005083460069958303,1.5827040526252186e-07
402,0.010297047049058629,0.00020229202170675396,0.0050181185304790125,0.005076478683423956,1.5781344890666017e-07
403,0.010296730141156266,0.00020211509713368366,0.005012508016732321,0.005081948855497924,1.581717923365325e-07
404,0.01029651454891508,0.00020170712276656235,0.005027139572802289,0.005067511816128043,1.5603721818388755e-07
405,0.010296193703353274,0.0002001792564181504,0.0050273916130573445,0.0050684641292548785,1.5870462290048588e-07
406,0.010295598372970881,0.00019967052686498194,0.005039304401034838,0.005056466650781843,1.5679428921773324e-07
407,0.010295283994035252,0.00019938250819811584,0.005042963309144722,0.005052780626422237,1.5755027017683311e-07
408,0.010293884361246786,0.000199828048265601,0.005035001107186911,0.005058901706041832,1.5349975244233558e-07
409,0.01029205133564556,0.0001974514658740844,0.005031457651441155,0.005062987084910041,1.5513342027930666e-07
410,0.010291403160388051,0.00019758707732329232,0.005007129186536739,0.005086532301837914,1.5459469010546992e-07
411,0.010291018755017079,0.00019799871572173826,0.005003001190414237,0.005089865846299317,1.5300258178667822e-07
412,0.010290476957833175,0.00019707486327167983,0.005023990966668404,0.005069256376589756,1.5475130333627787e-07
413,0.010290174980545868,0.00019686412395477246,0.005021040450687362,0.005072116404306447,1.540015972872907e-07
414,0.010290169991986084,0.00019683318647992494,0.005021955198636981,0.005071228063863891,1.5354300528675846e-07
415,0.010289570425036004,0.00019570506882811322,0.005016860161061893,0.005076851517808006,1.536773379930529e-07
416,0.010286787374612395,0.0001965928863865579,0.005002885105661014,0.005087153897888723,1.554846760989111e-07
417,0.010286596398075451,0.00019664294969720403,0.005005855577250014,0.005083942408247771,1.5546288046368024e-07
418,0.010286566450519898,0.0001966067799455362,0.005004889220510272,0.0050849149265641816,1.5552349990897786e-07
419,0.010285960004314672,0.00019726739263176233,0.005003841622273279,0.005084699423589027,1.5156582060464023e-07
420,0.010285059714972906,0.00019602162206156258,0.005017835000203644,0.0050710472984789295,1.55794228772098e-07
421,0.010284823351367019,0.00019546630252116569,0.005017225008658213,0.005071976929529356,1.5511065828425951e-07
422,0.010284685166907974,0.0001952079967422664,0.0050166016159946085,0.005072722242753282,1.5331141781621087e-07
423,0.010283710847676,0.0001946180095606253,0.005009463722138814,0.005079478589104539,1.5052687202299604e-07
424,0.010283352612632352,0.0001948335879077128,0.005007057906837653,0.00508130982626546,1.512916215254161e-07
425,0.010282987639275045,0.00019448457810452178,0.005001097374766017,0.005087253206437516,1.5247996698925723e-07
426,0.010282711395538427,0.00019395310933335833,0.004987933267969923,0.005100669836288238,1.5518194690729628e-07
427,0.01028236651277057,0.00019496390092747377,0.004987875626131097,0.00509937126546945,1.5572024254962104e-07
428,0.01028217745637472,0.00019537842284344804,0.005002339162098118,0.005084304366210653,1.5550522250170227e-07
429,0.010281630230135386,0.00019492784801862192,0.005001695269806311,0.005084854466066144,1.5264624430897188e-07
430,0.010281225865150474,0.00019431915005790903,0.004983181457894799,0.005103573245799879,1.5201139788670962e-07
431,0.01028104338947128,0.00019440005903579156,0.004979514179022959,0.005106975581838444,1.535695740856817e-07
432,0.010281039589558463,0.00019429193446101294,0.0049794299209033055,0.005107164402089572,1.5333210457172137e-07
433,0.010280569255281964,0.00019380950487712725,0.004982825148172561,0.005103779198045415,1.5540418686183995e-07
434,0.010279993257779844,0.00019383041914738738,0.0049814303727435455,0.005104579611187263,1.5285470164796245e-07
435,0.010279632545769156,0.00019383715184859596,0.00498318875098392,0.005102452865240976,1.5377769566368022e-07
436,0.01027913640490646,0.00019345410747000538,0.004974136094629974,0.005111387727133544,1.584756729381817e-07
437,0.010278156365717639,0.00019196877491890909,0.0049913493494223434,0.005094681624076593,1.5661729979397203e-07
438,0.010276921659819995,0.00019256841729728546,0.0050021293161697416,0.0050820688255149935,1.5510083797469672e-07
439,0.010276453889179948,0.00019259313307910206,0.0050069260489396215,0.005076780405998773,1.5430116245071982e-07
440,0.010275962631266598,0.00019225215168334784,0.0050291442314951895,0.005054411536707846,1.5471138021374158e-07
441,0.01027577903646024,0.00019130355413417166,0.005019654641743156,0.00506466651491706,1.5432566584985704e-07
442,0.010275761418572069,0.00019124426108006805,0.005017499960127134,0.005066863217887997,1.539794768682748e-07
443,0.010275592806668682,0.0001912724805936649,0.005014831585557795,0.005069333759303707,1.54981213513563e-07
444,0.010275205072687223,0.00019161298712600729,0.005003298402402312,0.00508013965906933,1.5402408957305557e-07
445,0.010274988617660918,0.00019144874300476198,0.0050117548701828106,0.005071630257110159,1.5474736318555958e-07
446,0.010274662224932715,0.0001914814516560095,0.0050025581946496105,0.005080467959225627,1.546194014688774e-07
447,0.01027385288723269,0.00018950591337838884,0.005000189482330014,0.00508399730657943,1.601849448575868e-07
448,0.010273206701185863,0.0001887268701790729,0.005000968058217347,0.005083352751679802,1.59021109640923e-07
449,0.010272922046614431,0.0001885481213090645,0.005014341612737012,0.005069871172236284,1.6114033207028956e-07
450,0.010272759259201911,0.00018869076841581265,0.005018610240020664,0.005065297393825741,1.608569396941169e-07
451,0.010272362422174155,0.00018853279038819537,0.005020097720740321,0.005063572097561703,1.5981348393497247e-07
452,0.010271476436649676,0.0001874632371498783,0.004988251112172739,0.005095599280018061,1.6280730899935606e-07
453,0.010271108510398249,0.0001873861898747422,0.0049732540617442615,0.005110306401628133,1.6185715111173472e-07
454,0.010270773167222219,0.00018639590515986875,0.004974497179850729,0.005109719235141414,1.6084707020748408e-07
455,0.010270616708308077,0.0001862624561136866,0.004974056720453223,0.0051101377004924365,1.5983124873027385e-07
456,0.010270366521111867,0.0001862337586343676,0.004976082431787217,0.005107892522138997,1.578085512863405e-07
457,0.010270284471586576,0.0001859754998951126,0.004964586024001352,0.005119566371111076,1.5657657903623704e-07
458,0.010270103055893296,0.00018550628819186406,0.004972238151484072,0.005112203362461315,1.5525375604557467e-07
459,0.010269383918213143,0.00018467605263087052,0.0049634131604771575,0.005121137544188529,1.5716091658591818e-07
460,0.010269134382457636,0.0001842353268425561,0.004978397883952943,0.005106343777853637,1.573938085003436e-07
461,0.010269128289870737,0.00018424440282676619,0.004979573475850687,0.0051051531445329475,1.572666603367653e-07
462,0.010269063082473731,0.00018422283221514874,0.004975924033444878,0.005108759172101292,1.5704471241279148e-07
463,0.010269040954575918,0.00018426590610535372,0.0049748796264964005,0.005109738087448553,1.5733452561301426e-07
464,0.010268735568143382,0.00018439218075530587,0.004982566374027797,0.005101621348378121,1.556649821576014e-07
465,0.01026803578331858,0.00018333070940417025,0.004988169559224108,0.0050963823667213816,1.5314796891971132e-07
466,0.010267898591938497,0.00018300591561377512,0.004980345932241029,0.005104394181664651,1.5256241904391037e-07
467,0.010267653435033792,0.00018224095951764946,0.004987231309308868,0.005098029438565888,1.51727641384601e-07
468,0.010267153759275293,0.0001813757648674593,0.004987540284557851,0.005098086320730562,1.5138911942064311e-07
469,0.010266912748316674,0.0001813799746895744,0.004994139295411454,0.0050912425558198235,1.5092239582284855e-07
470,0.010266759041811544,0.00018028225972390808,0.004997111912096516,0.005089214608151345,1.5026183977620228e-07
471,0.01026653716368664,0.00017977553209142907,0.005000473476626226,0.005086137950138539,1.5020483044546342e-07
472,0.010265703484907093,0.0001794296577365834,0.004995889803195617,0.0050902378974410885,1.4612653380533057e-07
473,0.010265326655704057,0.00017841187778507237,0.004986453600680062,0.005100311180745515,1.4999649340831568e-07
474,0.010265053944249128,0.00017816663523599009,0.0049875861634808534,0.00509915321155068,1.4793398160495307e-07
475,0.01026457891578559,0.00017812112967861146,0.004993458463997037,0.0050928526132003995,1.4670890954228146e-07
476,0.010263971834638235,0.0001779482976152543,0.0049839593235429655,0.005101917147139037,1.4706634097778004e-07
477,0.010263461868699282,0.00017794386150985224,0.004997451953888411,0.005087918556419703,1.474968813166265e-07
478,0.010263077835527183,0.00017786138838564534,0.004975264249950031,0.005109805219404619,1.469777868873642e-07
479,0.010263068139123985,0.0001779626765140124,0.0049791681021980425,0.005105790314308892,1.4704610303841274e-07
480,0.010263034364221643,0.00017777366674297983,0.004978296250200926,0.005106816536336672,1.4791094106499914e-07
481,0.010263033460547183,0.00017777298847349975,0.004978147802813781,0.005106964762589405,1.4790667049635712e-07
482,0.010262785488488748,0.00017805300266226048,0.004987287823041186,0.005097296654879573,1.4800790572867045e-07
483,0.010262427451506989,0.00017821249297797248,0.004989119896024724,0.005094947538507655,1.475239966363541e-07
484,0.010261629764140046,0.0001785768069817476,0.0049848476769756836,0.00509805505667258,1.5022351003534807e-07
485,0.010261084616076083,0.00017830001425402734,0.004977527282133598,0.005105110470519303,1.468491691544033e-07
486,0.010260777867378973,0.00017824259577427416,0.004983589347452734,0.005098796587866049,1.4933628591507326e-07
487,0.010260728151224101,0.0001780900468015804,0.00497972484011761,0.005102763529975744,1.497343291662819e-07
488,0.010260436061371597,0.00017836906270997125,0.004988606400142415,0.005093309826987541,1.5077153166845886e-07
489,0.010260269417074766,0.00017788318795683878,0.004988629617236518,0.005093606153617889,1.5045826352142473e-07
490,0.010260131373075332,0.00017806847653310787,0.004987383636149237,0.005094528985941378,1.502744516073189e-07
491,0.010259930229594849,0.00017878273251414767,0.004996112474974852,0.005084884733770478,1.5028833537192804e-07
492,0.010259670455907189,0.00017849369376611018,0.005011251810483203,0.005069777222881782,1.4772877609314768e-07
493,0.010259397303151792,0.00017764645384622083,0.005003818112528471,0.0050777850728861785,1.476638909207581e-07
494,0.01025927500189397,0.0001780075966753743,0.004989407280144613,0.005091712253373494,1.4787170048854662e-07
495,0.010259140707529094,0.00017809991327874018,0.004994128403040542,0.005086762792097927,1.495991118854658e-07
496,0.010257871483612391,0.00017816628545489133,0.004991701220750214,0.005087852615761939,1.513616453453794e-07
497,0.010257745403300463,0.0001779428815401588,0.004993349416809984,0.005086302062487402,1.5104246291732532e-07
498,0.010257549159026005,0.00017750927423804485,0.004998760432488145,0.005081129583973737,1.498683260791172e-07
499,0.010257246740660081,0.00017678254833227732,0.004990156490445963,0.005090154600951305,1.5310093053585573e-07
500,0.010257162746385908,0.0001769035352244988,0.004986631184446327,0.005093473593344303,1.5443337077901142e-07
501,0.010256906122147115,0.00017659597321234387,0.005001219743713673,0.0050789349746634205,1.554305576786139e-07
502,0.010256430764999401,0.00017674991039683474,0.005020322754432407,0.005059199400680899,1.5869948925977006e-07
503,0.010255500704089296,0.00017676905225476878,0.005011846494157094,0.005066728252659884,1.5690501754940108e-07
504,0.010254762884123485,0.0001755447360233559,0.0050217190115440565,0.005057344006675624,1.5512988045001497e-07
505,0.010254302774197043,0.00017525779122415442,0.005014726280675029,0.005064163011342656,1.556909552039955e-07
506,0.010253707760874099,0.00017481937044579244,0.004998071471856832,0.005080660063192247,1.5685537922757735e-07
507,0.010253142472796456,0.00017417315441525843,0.004987063868521493,0.005091747487285606,1.5796257409883822e-07
508,0.010252571192967718,0.00017305077002373749,0.0049829409287091035,0.005096420565273263,1.5892896161354686e-07
509,0.010252002955253555,0.0001737201697080939,0.004969066571824709,0.005109058606554437,1.5760716631522854e-07
510,0.010251156705003288,0.00017336155357898026,0.004982288178226304,0.005095350384243132,1.5658895487118177e-07
511,0.010251002337668057,0.00017339198624214024,0.004981160635019827,0.005096293040231095,1.5667617499336087e-07
512,0.010250324328431601,0.00017296890734001471,0.004972842641741738,0.0051043553216438605,1.5745770598815972e-07
513,0.010249747001067485,0.00017186269313589867,0.004981195035868879,0.005096532788562491,1.564835002144942e-07
514,0.010248833238494135,0.00017116751614703116,0.005000842763390589,0.005076662860256788,1.6009869972666637e-07
515,0.010247850712292417,0.00016985122725794217,0.004996822809875626,0.005081018055075352,1.586200834972787e-07
516,0.010247208555932901,0.0001704904010856909,0.004982449415799413,0.00509410681526235,1.6192378544530055e-07
517,0.010246566422723832,0.00016977462106167532,0.004996909974044135,0.005079719954678298,1.6187293972497373e-07
518,0.010246084709645845,0.0001688685535487707,0.004987287450910362,0.005089768698983016,1.6000620369685007e-07
519,0.010245549595238625,0.00016936409083412418,0.005010876695988328,0.005065149300501955,1.5950791421866278e-07
520,0.010244581081618909,0.0001685474534062122,0.005004107444881701,0.005071769333394049,1.5684993694582903e-07
521,0.010244250940796774,0.0001689657045619136,0.005009307742437114,0.005065821443800802,1.5604999694438677e-07
522,0.010243970847078102,0.00016944277478208092,0.005017940564944447,0.0050564315485681546,1.5595878341828547e-07
523,0.010243155014208395,0.00016967007297350887,0.00500822850855213,0.005065103758806811,1.526738759439144e-07
524,0.010242269260932097,0.00016842932884624003,0.005014283598342397,0.005059397639226081,1.5869451738032208e-07
525,0.01024206758268779,0.00016815607047001208,0.005000651746320398,0.0050730992220951125,1.6054380226850718e-07
526,0.010241940310096717,0.00016821779708964005,0.004994931932981408,0.005078630424377094,1.601556485768777e-07
527,0.010241813408170843,0.00016847814238157114,0.005002355437713331,0.005070819840979488,1.599870964524209e-07
528,0.010241802478563714,0.0001683664151130905,0.005002097986924085,0.005071177979336055,1.6009719048328247e-07
529,0.010241800365970315,0.00016838520079492177,0.005001913305647551,0.005071341616319396,1.6024320844671292e-07
530,0.01024171265026014,0.0001683707417502047,0.005002926762530846,0.005070255197919395,1.5994805969196535e-07
531,0.010241700696705368,0.00016850142117747665,0.005002616489899032,0.005070423001402803,1.5978422605700767e-07
532,0.010241361679450318,0.00016790828479413316,0.0049983680096906,0.005074925654114662,1.5973085092301657e-07
533,0.010241288566416649,0.000167711640380344,0.004997653733072001,0.00507576273133379,1.60461630513546e-07
534,0.010241101215884833,0.0001674434893577189,0.004999986731418206,0.005073510735860677,1.6025924823085296e-07
535,0.010240197631900661,0.00016681203043300262,0.005012882916880525,0.005060340051659743,1.6263292739012535e-07
536,0.010239279173435135,0.00016750561294001998,0.0050254940640986,0.005046115959271839,1.6353712467554214e-07
537,0.01023893883131895,0.00016799794550665937,0.005031006977015657,0.005039772246402263,1.6166239437063248e-07
538,0.010238518117737103,0.00016780156905166888,0.0050137036072799065,0.0050568521697903065,1.607716152223543e-07
539,0.010237918133414157,0.00016681304806549652,0.005004180839447332,0.005066765496404228,1.5874949709932585e-07
540,0.010237593005001662,0.0001660832786725794,0.005002579031667922,0.0050687729815563215,1.5771310483953637e-07
541,0.010237364678852714,0.00016543349804105877,0.0050092560504957,0.0050625178837560075,1.5724655994779296e-07
542,0.010237000413417782,0.00016590272265810986,0.0050007143633688435,0.005070228023164859,1.5530422596866933e-07
543,0.010236984155116625,0.0001658787372808289,0.005003368338935456,0.005067581581079036,1.554978213026009e-07
544,0.010236732367202827,0.00016658288611133445,0.0050132925438066194,0.005056703116946105,1.5382033876885503e-07
545,0.010236330775242533,0.00016572596347282144,0.005003254556256869,0.0050671971882241765,1.5306728866604698e-07
546,0.010236212832119106,0.00016612812966141586,0.004999467675730288,0.005070463312759291,1.537139681105383e-07
547,0.010235562476795646,0.0001661627128264205,0.005008638368246723,0.00506060913203596,1.5226368654249532e-07
548,0.01023501914219698,0.000166580172241243,0.005028667566717302,0.00503961537565942,1.5602757901461898e-07
549,0.010234810770187175,0.0001662221595866357,0.0050334032143908095,0.005035027250494512,1.581457152171285e-07
550,0.01023450342105704,0.0001668622171587768,0.005023651154957351,0.0050438291507177695,1.6089822314254683e-07
551,0.010234171379091841,0.00016677882134892477,0.00501014132751298,0.0050570880667117875,1.631635181477062e-07
552,0.010233740796281811,0.0001668396651667944,0.005006625021710694,0.005060114756260175,1.6135314414802528e-07
553,0.010233154923554436,0.0001656605584899202,0.005014081739958829,0.005053251260629296,1.613644763913477e-07
554,0.010232301351177633,0.00016616490862504207,0.005023569455947536,0.005042401731788003,1.6525481705132496e-07
555,0.010231907476079122,0.00016655864582706346,0.005023459827735784,0.005041723195853809,1.6580666246525811e-07
556,0.010231710091590827,0.0001665117239421788,0.005024026749319313,0.0050410059033937854,1.6571493554841019e-07
557,0.010231622063803006,0.00016664572385617993,0.005027226757456092,0.005037583141324873,1.6644116586221442e-07
558,0.010231404645561722,0.00016569581409384143,0.005038571454646304,0.005026970411480626,1.6696534095123907e-07
559,0.010231109089329738,0.00016601348132579187,0.0050107984076986885,0.005054129375050795,1.6782525446257976e-07
560,0.01023078342551927,0.00016582580035324703,0.00501002889759494,0.005054758504537647,1.7022303343642853e-07
561,0.010229799391059566,0.00016486915508138282,0.005010828394141253,0.005053933754060395,1.680877765364203e-07
562,0.010229736147571075,0.00016492612504949403,0.005012231271242579,0.005052410735912957,1.6801536604609473e-07
563,0.010229715699162758,0.00016486822702058796,0.005015085193912618,0.005049594026942583,1.6825128696931824e-07
564,0.010229302379212983,0.00016384255903036915,0.0050153141245696765,0.005049977686081761,1.680095311757789e-07
565,0.01022908685415006,0.0001640943828670546,0.005004399256874419,0.0050604267336193,1.664807892859792e-07
566,0.010228943175133464,0.0001640319046303286,0.0050059199264961265,0.005058824713804721,1.6663020228967785e-07
567,0.010228838896627363,0.00016398323736915363,0.0050017669469530745,0.005062920704507524,1.68007797610893e-07
568,0.010228653401053093,0.00016406774167123804,0.004993135914095047,0.005071281795995907,1.6794929089967124e-07
569,0.010227891876805522,0.0001623665347684597,0.005000806564222043,0.005064547458884085,1.7131893093165798e-07
570,0.010227635703390105,0.00016171158816658232,0.0050104256852655325,0.005055327434885082,1.7099507290900384e-07
571,0.010227606557874129,0.00016177288636618918,0.0050106630454064575,0.005054999445992962,1.7118010852029017e-07
572,0.010227367745905247,0.00016147148266681065,0.0050101113311413585,0.005055614201537477,1.7073055960151254e-07
573,0.010226975650070249,0.0001617905657698208,0.005000320368117017,0.005064694664740625,1.7005144278694685e-07
574,0.010226806050614422,0.0001622773568747154,0.004990462413067094,0.005073894745351379,1.7153532123424276e-07
575,0.010226618701859135,0.00016131791933058238,0.004998334750181556,0.005066795997391144,1.7003495585304232e-07
576,0.010226381738653579,0.00016097442059607404,0.004984726142428675,0.005080510075280748,1.711003480831429e-07
577,0.010226340113140298,0.0001608577758605329,0.004985176983089487,0.005080135175733443,1.70178456834541e-07
578,0.010226294335398456,0.00016104340999700524,0.004977713963166729,0.005087366844717161,1.7011751756013392e-07
579,0.010226021531520147,0.00016078138321377606,0.004985620303223115,0.005079448510073676,1.7133500958133793e-07
580,0.01022594086028762,0.0001606569553206521,0.004988573007442166,0.005076539600537528,1.71296987273852e-07
581,0.010225531072142259,0.0001612317135258186,0.004995502206398771,0.005068624855093502,1.7229712416724472e-07
582,0.010224863020704482,0.00016102122734342253,0.005000999138231398,0.005062670020392204,1.7263473745915479e-07
583,0.010224570253301644,0.0001609174289625747,0.005013217538578922,0.005050261228441666,1.7405731848021207e-07
584,0.010223817227341173,0.00016015571006848832,0.0050283186153927024,0.005035173274323077,1.696275569053777e-07
585,0.010222760415868157,0.00016028450810421236,0.005010478257882619,0.0050518297560641304,1.6789381719471896e-07
586,0.01022235116256535,0.00016017108494691882,0.0050114543221400475,0.005050560025830774,1.6572964760790888e-07
587,0.010222241123084301,0.000160133362394564,0.005002541731858218,0.005059401166815424,1.6486201609684174e-07
588,0.010221825878350667,0.00015927480738405216,0.005003855575392227,0.005058529275913616,1.6621966077117858e-07
589,0.010221503460411544,0.0001592589144839775,0.005005825185082556,0.005056252282462208,1.6707838280130057e-07
590,0.010221422305288146,0.00015931039312676307,0.005001593684722921,0.005060352441102573,1.6578633588871377e-07
591,0.010221384613667681,0.00015940857426842138,0.0050088740573882235,0.005052936740458891,1.6524155214482687e-07
592,0.010221375926358502,0.00015935444667348662,0.005007349636095487,0.005054506423057383,1.6542053214320877e-07
593,0.010221375375160211,0.0001593567989799127,0.005007278002222749,0.005054575137232448,1.6543672510294064e-07
594,0.010221362543382293,0.00015933170269413869,0.005006787008019759,0.005055078409698431,1.6542296996632052e-07
595,0.010221320246286345,0.00015948742949886685,0.004998713946631607,0.005062953583735851,1.6528642001974945e-07
596,0.010221096255485375,0.00015957555321146718,0.0050012502018047505,0.005060106384581573,1.6411588758551759e-07
597,0.010220946646225634,0.00015953061408880234,0.005005745200563289,0.005055507906583902,1.6292498964271753e-07
598,0.010220902469109032,0.0001594258980011484,0.005008636192776052,0.005052677838206192,1.625401256380263e-07
599,0.010220633530611051,0.00015915958212005764,0.005014144391303549,0.005047165269058937,1.642881285081876e-07
600,0.010219633380127392,0.00015856282314067943,0.005019028930351477,0.0050418749795648025,1.666470704323001e-07
601,0.010219194590887676,0.0001579423800740748,0.005011663851634116,0.005049423184182337,1.6517499714867002e-07
602,0.010219042582643598,0.0001579914617540927,0.005002301411821569,0.00505858196753112,1.6774153681761584e-07
603,0.010219028781927214,0.00015809403840790463,0.005001603481428952,0.005059163680048884,1.6758204147507335e-07
604,0.010219017285977978,0.0001580735841771632,0.005002796293039546,0.005057979794505519,1.6761425574966747e-07
605,0.010218950112371419,0.00015823757703785555,0.005007644401115696,0.005052899954313143,1.6817990472466706e-07
606,0.010218878229567465,0.00015821825917268392,0.005007464442019009,0.00505302770247474,1.6782590103263154e-07
607,0.010218626909733287,0.00015793855273446154,0.005013992412809442,0.005046527988241242,1.6795594814285734e-07
608,0.010218238291454415,0.0001578641440769469,0.005011614476140274,0.005048593676720056,1.6599451713733807e-07
609,0.010218237996812153,0.00015785029507216022,0.005011145052279551,0.005049076686153936,1.6596330650501419e-07
610,0.010217857723433863,0.00015746577135873513,0.00501392898602324,0.005046296736275946,1.6622977594300078e-07
611,0.01021758973921359,0.00015653422427192525,0.005021185609033316,0.005039702647145999,1.6725876234922204e-07
612,0.010217233728038486,0.00015628493949448709,0.005019144296116622,0.005041637321279801,1.6717114757528147e-07
613,0.010216856850804326,0.0001560881553282804,0.0050192085147875674,0.00504139478055089,1.6540013758951974e-07
614,0.010216590308557488,0.0001555037103089907,0.005007067221985008,0.005053855629769881,1.637464936085516e-07
615,0.010216534275845584,0.00015529500799820682,0.005016580033242187,0.005044496186814601,1.6304779058769456e-07
616,0.010216519588929947,0.00015519610632222243,0.005017203513566176,0.005043957031724213,1.6293731733609125e-07
617,0.010216518695954436,0.00015517520866570902,0.005017319447520076,0.0050438610204138895,1.6301935475941837e-07
618,0.010216507158185038,0.00015511403229368523,0.005017283291273569,0.005043946659826412,1.631747913715009e-07
619,0.010216482661008802,0.00015525880640693054,0.0050190550029219514,0.005042006170621082,1.6268105883727314e-07
620,0.010216472376625332,0.00015521820434397064,0.005014864053597817,0.0050462275544314325,1.6256425211101284e-07
621,0.010216311854960731,0.0001548659942737453,0.0050226717352170915,0.005038610792530322,1.6333293957110737e-07
622,0.010216070877270254,0.000155041011975709,0.005026427981350555,0.005034439068807542,1.6281513644840996e-07
623,0.010215859759392544,0.00015529150721357548,0.005021306430533205,0.005039098593719467,1.6322792629752705e-07
624,0.010215389218695331,0.00015533781098794763,0.005015866124164906,0.0050440238699889384,1.6141355353910297e-07
625,0.010215042653016452,0.00015512255116722083,0.0050166891137711275,0.00504306940093272,1.6158714538438082e-07
626,0.010214834130796218,0.00015466388345978702,0.0050137246793815725,0.005046282910989257,1.6265696560158922e-07
627,0.01021474026956074,0.00015458286579463827,0.005016490739821588,0.00504350488495107,1.6177899344272253e-07
628,0.010214468581964026,0.000153786489993761,0.005017949415987708,0.005042571555792566,1.6112018999182966e-07
629,0.010214124757064309,0.00015362497068413666,0.005017501043866007,0.005042837462943974,1.612795701924332e-07
630,0.010213906581770347,0.00015370388987671462,0.005021548128773267,0.005038493562521237,1.6100059912885957e-07
631,0.010213765106163638,0.00015335383795671225,0.0050073182578553015,0.005052930785611641,1.6222473998308922e-07
632,0.010213409696432741,0.00015272337215399765,0.004996227248727047,0.005064297315083443,1.61760468253565e-07
633,0.010213030882665243,0.00015201494525617806,0.004993123583380411,0.005067729087692718,1.632663359343838e-07
634,0.010212668384945087,0.00015143571324119823,0.004990271937583555,0.005070797457585447,1.6327653488622703e-07
635,0.010212501455275384,0.000151315403553012,0.004988338983221465,0.005072683233244016,1.6383525689091e-07
636,0.010212344554648983,0.00015105368567646502,0.004986710048513563,0.005074415820228819,1.6500023013576834e-07
637,0.010211280593822104,0.00015049347577848293,0.004969221683642552,0.005091401413228991,1.640211720789502e-07
638,0.010210305683657377,0.00014997054391238193,0.00498633088051258,0.005073838834315625,1.6542491678984986e-07
639,0.010209949511277292,0.00014930229508104825,0.004992537338441493,0.00506794698397333,1.6289378141934823e-07
640,0.010209325533724911,0.00014914984250653947,0.0049935711118948255,0.005066440135012543,1.6444431100252877e-07
641,0.010208094402135284,0.00014812816397183261,0.004990679918832276,0.005069125710054465,1.606092767111147e-07
642,0.010207060129159543,0.000146840811056488,0.004975166902985254,0.0050848909937834695,1.61421334332112e-07
643,0.01020674880076724,0.00014599958496968888,0.004991061134617648,0.005069524478376066,1.6360280383780655e-07
644,0.010206498171895171,0.00014485579659116445,0.004974565568810768,0.005086912731420636,1.6407507260351893e-07
645,0.01020589525509099,0.0001440387633592318,0.0049853608716325035,0.005076332282287968,1.6333781128682087e-07
646,0.010205082234952641,0.00014352781664695152,0.004989523612197061,0.00507186970014083,1.6110596779907884e-07
647,0.010205043325955458,0.0001435848256088974,0.00499110774115708,0.00507018983202759,1.609271618903667e-07
648,0.010205042542029917,0.00014357140982709102,0.004991147767966048,0.005070162474082622,1.608901541558008e-07
649,0.010205034237990207,0.00014362886064761714,0.00499086405024787,0.005070380561739291,1.6076535542952637e-07
650,0.01020481173784392,0.00014310147561693513,0.004998422267812715,0.005063128171989091,1.598224251794004e-07
651,0.010204361996862055,0.00014304933546781967,0.005010567247377924,0.005050586027392682,1.5938662363106306e-07
652,0.010204018156963932,0.0001431326647282737,0.005008209043560885,0.005052519017832475,1.5743084229867262e-07
653,0.0102036366478098,0.00014296296653888206,0.005009774399565417,0.0050507414901559775,1.577915495230181e-07
654,0.010203268196196796,0.00014291403246059352,0.005002733580901739,0.005057461504342598,1.5907849186554083e-07
655,0.010203228860156765,0.00014275828362363442,0.005002685551274359,0.005057625344169066,1.5968108970577312e-07
656,0.010203185318920014,0.0001428314495078298,0.004999126874751686,0.005061067535177621,1.5945948287588575e-07
657,0.010202799488945822,0.0001426749272425858,0.005016682555002922,0.005043282662544033,1.5934415628054812e-07
658,0.010202563126820385,0.00014189761783910107,0.005023249087590748,0.005037258728138165,1.5769325237181975e-07
659,0.010202371410068595,0.00014202777292285772,0.005018826788418935,0.0050413613206883034,1.555280384995482e-07
660,0.010202286475202688,0.00014186482905355075,0.0050197307778318484,0.005040534409004009,1.5645931327980578e-07
661,0.010202184536189856,0.00014180660711190238,0.005029599614119836,0.005030621449591995,1.5686536612449844e-07
662,0.010202356109419856,0.00014153692826854053,0.004997306843030761,0.005063355432597054,1.5690552350128615e-07
663,0.010201456449915736,0.00014065616336354436,0.005010794398491218,0.005049846341941889,1.5954611908612356e-07
664,0.010201407065695334,0.00014043215299045045,0.005011270213543615,0.005049545061388678,1.5963777259134105e-07
665,0.010201399153661962,0.00014044178430704958,0.005012335484189178,0.005048462155366404,1.5972979933026622e-07
666,0.010201390693609393,0.0001404325967291062,0.005013382429751714,0.005047415597413943,1.6006971462819984e-07
667,0.010201257694602645,0.00014011302161014055,0.00501346595703027,0.005047518986596329,1.5972936590397017e-07
668,0.01020114252330306,0.00014016850281721707,0.005015627237065568,0.005045186879527137,1.5990389313845122e-07
669,0.010200594010134784,0.0001396783303667225,0.0050117859444120515,0.005048970039773024,1.5969558298563866e-07
670,0.01019973204919557,0.00013934693993706808,0.005024480090841135,0.005035745056379024,1.5996203834465696e-07
671,0.010199353516380518,0.00013921742745985112,0.005024968733935751,0.0050350071744513555,1.6018053356063292e-07
672,0.010198620692110534,0.0001386830089839537,0.005021831275291691,0.0050379456785072585,1.607293276296207e-07
673,0.01019814760033415,0.000138608803469511,0.005034010644972822,0.005025370411451507,1.5774044030960477e-07
674,0.010197937234055673,0.00013817991624990878,0.005035539329703056,0.005024059681337477,1.583067652321866e-07
675,0.010197750106914602,0.00013860311440481063,0.005025860356948108,0.005033128727753143,1.5790780854065984e-07
676,0.01019752810008747,0.00013850239822683628,0.005032832391120964,0.0050260356564026986,1.5765433697142568e-07
677,0.010197519608998513,0.00013847238610359078,0.005030160290756465,0.005028729112654842,1.5781948361692782e-07
678,0.010197401256111986,0.0001384010712458713,0.005026379776448917,0.005032461625845553,1.587825716453975e-07
679,0.010197151186329379,0.00013794052748122436,0.005020602938093497,0.005038449332291844,1.5838846281394674e-07
680,0.010196965835685246,0.00013748832924820236,0.005012729793524271,0.005046588165008791,1.5954790398257972e-07
681,0.010196900315620176,0.00013728354590843763,0.005011228729403428,0.00504822815065475,1.598896535609764e-07
682,0.010196730493288557,0.00013707335735853567,0.005011960395463509,0.005047537766130204,1.589743363077632e-07
683,0.010196593126356917,0.00013714727476543033,0.005010688757814164,0.005048597979288709,1.591144886120308e-07
684,0.010196582668743735,0.0001371347189875915,0.005014033471971863,0.005045255838944465,1.5863883981634843e-07
685,0.010196451214260776,0.00013692580291724447,0.005014015884738702,0.00504534993511208,1.5959149274989616e-07
686,0.010196271327402357,0.00013671331700222328,0.005013645218388705,0.005045752131435161,1.6066057626767748e-07
687,0.010195684813567866,0.0001358891226143619,0.0050138821796568795,0.005045755399004405,1.5811229222016335e-07
688,0.01019535114537092,0.0001347941467708011,0.005018287465530605,0.005042111447572572,1.580854969405604e-07
689,0.010195199249279335,0.00013440246507641314,0.005016462056346749,0.005044176582219852,1.5814563632244514e-07
690,0.010194788966370445,0.00013367610848669556,0.00503325011434271,0.005027703007689957,1.5973585108310408e-07
691,0.010194270027709798,0.00013335940450821,0.005033462604394018,0.005027289457166527,1.5856164104206006e-07
692,0.010193787832357575,0.00013314754979292865,0.0050268311994027546,0.005033651622445023,1.5746071686853905e-07
693,0.01019337709394228,0.0001327654179611222,0.0050281251774328085,0.005032329773530057,1.5672501829121764e-07
694,0.010193123677519147,0.00013280601507062784,0.005021214579548068,0.005038948729907781,1.5435299266998567e-07
695,0.01019273697181883,0.0001324350768217132,0.005013507055194032,0.005046639104141319,1.5573566176456042e-07
696,0.010192228892377373,0.00013168105182400386,0.0050076570454794245,0.005052732757241941,1.5803783200375008e-07
697,0.010191597362226015,0.00013137297614519984,0.005015178786052991,0.005044885802968236,1.5979705958822683e-07
698,0.010191104791035674,0.00013150322414937687,0.004991549053135036,0.0050678922092627305,1.6030448853037272e-07
699,0.010190211833266835,0.00013119726479673518,0.004991737734482064,0.005067113661717262,1.6317227077293588e-07
700,0.010189906715248408,0.00013097992750462102,0.004995534618167138,0.005063229349265102,1.6282031154517983e-07
701,0.010189814290700257,0.0001309331394178464,0.004988194308669394,0.005070523773564648,1.6306904836910017e-07
702,0.010189368095398206,0.00013101092799823753,0.004982518254717912,0.005075672926063609,1.659866184476276e-07
703,0.010188565231025497,0.00013039291362360042,0.00500726155172046,0.005050743015437956,1.6775024348076482e-07
704,0.010188354286083879,0.0001301340633977062,0.004999319182170447,0.005058731176961371,1.6986355435346496e-07
705,0.010188274037901552,0.00012994678354613307,0.005001545941323002,0.005056612846592453,1.6846643996402193e-07
706,0.010188224034406813,0.00012994755064497056,0.005000022744168913,0.005058085280198286,1.684593946443249e-07
707,0.010188189093927907,0.0001299394049011362,0.004993405499612544,0.005064675234299967,1.6895511425995124e-07
708,0.010188182129536186,0.00012998668968846333,0.004991688439244304,0.005066337821251234,1.6917935218619443e-07
709,0.010188000029771544,0.0001299061966608873,0.005000801964341622,0.005057121372070939,1.7049669809399497e-07
710,0.010187645413811189,0.0001299376832773142,0.005000428736294066,0.00505710602005269,1.7297418711893276e-07
711,0.010187503911846554,0.00012929508580159608,0.005004263521267048,0.005053772366483878,1.7293829403207872e-07
712,0.010187369383423826,0.00012938012251291045,0.005002122875356578,0.005055693289881151,1.73095673186249e-07
713,0.010187123781829217,0.0001287676590782106,0.0050005977249291565,0.005057583013215328,1.7538460652204285e-07
714,0.010187039461195884,0.0001285586820230988,0.004998139148559071,0.005060166196655394,1.7543395831982105e-07
715,0.010187033626996658,0.00012853204639641738,0.004998469118780765,0.005059856938995022,1.7552282445202255e-07
716,0.010187027397555748,0.00012848816364214308,0.004998283881556429,0.00506007984892334,1.755034338355978e-07
717,0.010187022549794639,0.00012851117854867776,0.004997685155199266,0.005060650863878634,1.7535216806213928e-07
718,0.010186840112531338,0.00012873451774411153,0.005004658199504261,0.005053270583953574,1.7681132939087337e-07
719,0.01018657777707529,0.00012814610021130073,0.005009831605556338,0.005048424694235398,1.753770722541547e-07
720,0.010186339887602347,0.00012799811824663724,0.005010419341839341,0.005047745632144954,1.767953714138958e-07
721,0.010186207377911483,0.00012770711880639296,0.0050138364614715145,0.0050444873032671755,1.7649436639971614e-07
722,0.010186194292633044,0.00012780033141655893,0.0050133636956112655,0.005044853663442216,1.7660216300343434e-07
723,0.010186032220366284,0.0001275293629597866,0.005019788041869913,0.005038538003397463,1.7681213912078606e-07
724,0.010186023309176569,0.00012748274071071162,0.005020500984152099,0.005037862893654967,1.7669065879142667e-07
725,0.010185945450316461,0.00012754771473083985,0.005016750814213757,0.005041469949021709,1.7697235015536316e-07
726,0.01018587781249616,0.00012750084946825223,0.005003771508584142,0.005054427818478572,1.7763596519471897e-07
727,0.010185857953149503,0.00012748654247321105,0.005001664816147232,0.005056528690323361,1.7790420570002313e-07
728,0.01018584614147057,0.00012746520191521052,0.005002202475198888,0.005056000055125153,1.784092313187937e-07
729,0.010185840542489761,0.000127455665401814,0.005002666788351871,0.005055539778490482,1.7831024559481507e-07
730,0.0101858378509048,0.0001274492688508603,0.005001858493029482,0.005056351974583041,1.7811444141699725e-07
731,0.010185806110724338,0.00012764648032611507,0.005000316647502589,0.005057664550812761,1.784320828725657e-07
732,0.010185704014390895,0.00012757855424440237,0.004990535399889765,0.0050674112008243085,1.7885943241771854e-07
733,0.010185337721206765,0.000127673883751421,0.004990130622553568,0.005067353515206574,1.796996952016416e-07
734,0.0101845763149279,0.00012804046628911659,0.005013682704452625,0.00504267082340847,1.8232077768874906e-07
735,0.010184529900212453,0.00012791763650492192,0.005016909719926935,0.0050395205329598685,1.820108207268426e-07
736,0.010184351271159615,0.00012803793442882108,0.005012927757138537,0.005043204634273393,1.809453188646075e-07
737,0.010184339888365007,0.00012803894914874573,0.005014005919419895,0.005042114127149511,1.8089264685397578e-07
738,0.010184126693633378,0.00012760657583885945,0.005025384018720746,0.0050309555526867064,1.8054638706710127e-07
739,0.010184064852950574,0.0001274233118517471,0.005019370737259105,0.005037090965905453,1.7983793427084543e-07
740,0.010184064676607252,0.00012742215277065152,0.005019255484760015,0.00503720720278615,1.7983629043488756e-07
741,0.010184064542951728,0.00012742127205745608,0.005019158273796215,0.00503730516155274,1.7983554531624193e-07
742,0.010184063854712109,0.00012741480266856238,0.0050183231765437136,0.005038146041059431,1.7983444040218337e-07
743,0.010184058869000978,0.0001274182532783222,0.00501668935592216,0.005039771240529874,1.8001927062148419e-07
744,0.010184052357391274,0.00012741925660477633,0.005017393611255549,0.005039059709042093,1.797804888558196e-07
745,0.010183783132140295,0.0001277066425120303,0.005009581940354744,0.0050463143483828726,1.8020089064839913e-07
746,0.010183528799636759,0.00012760198627674685,0.00502034542549226,0.005035400976789903,1.8041107784890738e-07
747,0.010183314942192481,0.00012769085252736862,0.005023790688994219,0.005031655920348114,1.774803227804776e-07
748,0.010183222392319983,0.0001277266632501292,0.005015792380781443,0.005039527223279416,1.7612500899532163e-07
749,0.010183068069269594,0.00012782256534020587,0.005013329187637362,0.0050417396556775955,1.766606144296816e-07
750,0.010182912868428767,0.00012771205542280422,0.005016797568788951,0.005038227672467672,1.7557174934106753e-07
751,0.010182907074603518,0.00012773591398150056,0.005018815176062424,0.005036180420533438,1.7556402615604484e-07
752,0.010182882720242899,0.00012774412806753873,0.0050210494640795245,0.0050339135450065894,1.7558308924607516e-07
753,0.010182857728293799,0.00012778340661556185,0.0050246551695941576,0.005030243327624556,1.75824459522907e-07
754,0.010182730406109388,0.00012783016922282637,0.005023957441966661,0.005030765420808535,1.7737411136621913e-07
755,0.01018260174973508,0.00012763160593132184,0.005025702961995938,0.005029090396938937,1.767848688840493e-07
756,0.010182523050616867,0.00012758511522701843,0.005025443054855171,0.005029317660380709,1.7722015396852529e-07
757,0.010182522653892252,0.00012758822070255103,0.005025862812852787,0.005028894376407859,1.7724392905465475e-07
758,0.010182494197245692,0.00012755144094351732,0.0050228267248414215,0.005031939212750488,1.7681871026584375e-07
759,0.010182466718067707,0.00012759638350971097,0.005021081610157726,0.005033611368959379,1.773554408925947e-07
760,0.010182439886176002,0.00012777576778894836,0.005018587608513846,0.005035898871260719,1.7763861249017144e-07
761,0.01018243960079029,0.00012777968280773994,0.005018616344652025,0.005035865941414963,1.7763191556217674e-07
762,0.01018243712488272,0.00012779562782301874,0.005018212775286017,0.005036251183881746,1.7753789193742583e-07
763,0.010182330897013555,0.0001276094758791358,0.0050221233849017015,0.00503242096053244,1.7707570027781647e-07
764,0.010182330285441401,0.00012761171489834812,0.005022231599344932,0.005032309893999834,1.7707719828787034e-07
765,0.010182329767932898,0.00012761114282847279,0.005022241864109896,0.005032299683090507,1.7707790402213823e-07
766,0.010182326558062312,0.00012762569453447206,0.0050226545943709705,0.005031869183362624,1.7708579424616402e-07
767,0.010182326434661222,0.00012762557568772793,0.005022850376130832,0.005031673400606384,1.7708223627789794e-07
768,0.01018232559319069,0.00012762494954590345,0.005022353088149169,0.005032170521820455,1.7703367516303048e-07
769,0.01018232559319069,0.00012762494954590345,0.005022353088149169,0.005032170521820455,1.7703367516303048e-07
770,0.01018232559319069,0.00012762494954590345,0.005022353088149169,0.005032170521820455,1.7703367516303048e-07
771,0.01018232559319069,0.00012762494954590345,0.005022353088149169,0.005032170521820455,1.7703367516303048e-07
772,0.01018232559319069,0.00012762494954590345,0.005022353088149169,0.005032170521820455,1.7703367516303048e-07
773,0.01018232559319069,0.00012762494954590345,0.005022353088149169,0.005032170521820455,1.7703367516303048e-07
774,0.01018232559319069,0.00012762494954590345,0.005022353088149169,0.005032170521820455,1.7703367516303048e-07
775,0.01018232559319069,0.00012762494954590345,0.005022353088149169,0.005032170521820455,1.7703367516303048e-07
776,0.01018232559319069,0.00012762494954590345,0.005022353088149169,0.005032170521820455,1.7703367516303048e-07
777,0.01018232559319069,0.00012762494954590345,0.005022353088149169,0.005032170521820455,1.7703367516303048e-07
778,0.01018232559319069,0.00012762494954590345,0.005022353088149169,0.005032170521820455,1.7703367516303048e-07
779,0.01018232559319069,0.00012762494954590345,0.005022353088149169,0.005032170521820455,1.7703367516303048e-07
780,0.01018232559319069,0.00012762494954590345,0.005022353088149169,0.005032170521820455,1.7703367516303048e-07
781,0.01018232559319069,0.00012762494954590345,0.005022353088149169,0.005032170521820455,1.7703367516303048e-07
782,0.01018232559319069,0.00012762494954590345,0.005022353088149169,0.005032170521820455,1.7703367516303048e-07
783,0.01018232559319069,0.00012762494954590345,0.005022353088149169,0.005032170521820455,1.7703367516303048e-07
784,0.01018232559319069,0.00012762494954590345,0.005022353088149169,0.005032170521820455,1.7703367516303048e-07
785,0.01018232559319069,0.00012762494954590345,0.005022353088149169,0.005032170521820455,1.7703367516303048e-07
786,0.01018232559319069,0.00012762494954590345,0.005022353088149169,0.005032170521820455,1.7703367516303048e-07
787,0.01018232559319069,0.00012762494954590345,0.005022353088149169,0.005032170521820455,1.7703367516303048e-07
788,0.01018232559319069,0.00012762494954590345,0.005022353088149169,0.005032170521820455,1.7703367516303048e-07
789,0.01018232559319069,0.00012762494954590345,0.005022353088149169,0.005032170521820455,1.7703367516303048e-07
790,0.01018232559319069,0.00012762494954590345,0.005022353088149169,0.005032170521820455,1.7703367516303048e-07
791,0.01018232559319069,0.00012762494954590345,0.005022353088149169,0.005032170521820455,1.7703367516303048e-07
792,0.01018232559319069,0.00012762494954590345,0.005022353088149169,0.005032170521820455,1.7703367516303048e-07
793,0.01018232559319069,0.00012762494954590345,0.005022353088149169,0.005032170521820455,1.7703367516303048e-07
794,0.01018232559319069,0.00012762494954590345,0.005022353088149169,0.005032170521820455,1.7703367516303048e-07
795,0.01018232559319069,0.00012762494954590345,0.005022353088149169,0.005032170521820455,1.7703367516303048e-07
796,0.01018232559319069,0.00012762494954590345,0.005022353088149169,0.005032170521820455,1.7703367516303048e-07
797,0.01018232559319069,0.00012762494954590345,0.005022353088149169,0.005032170521820455,1.7703367516303048e-07
798,0.01018232559319069,0.00012762494954590345,0.005022353088149169,0.005032170521820455,1.7703367516303048e-07
799,0.01018232559319069,0.00012762494954590345,0.005022353088149169,0.005032170521820455,1.7703367516303048e-07
800,0.01018232559319069,0.00012762494954590345,0.005022353088149169,0.005032170521820455,1.7703367516303048e-07
801,0.01018232559319069,0.00012762494954590345,0.005022353088149169,0.005032170521820455,1.7703367516303048e-07
802,0.01018232559319069,0.00012762494954590345,0.005022353088149169,0.005032170521820455,1.7703367516303048e-07
803,0.01018232559319069,0.00012762494954590345,0.005022353088149169,0.005032170521820455,1.7703367516303048e-07
804,0.01018232559319069,0.00012762494954590345,0.005022353088149169,0.005032170521820455,1.7703367516303048e-07
805,0.01018232559319069,0.00012762494954590345,0.005022353088149169,0.005032170521820455,1.7703367516303048e-07
806,0.01018232559319069,0.00012762494954590345,0.005022353088149169,0.005032170521820455,1.7703367516303048e-07
807,0.01018232559319069,0.00012762494954590345,0.005022353088149169,0.005032170521820455,1.7703367516303048e-07
808,0.01018232559319069,0.00012762494954590345,0.005022353088149169,0.005032170521820455,1.7703367516303048e-07
809,0.01018232559319069,0.00012762494954590345,0.005022353088149169,0.005032170521820455,1.7703367516303048e-07
810,0.01018232559319069,0.00012762494954590345,0.005022353088149169,0.005032170521820455,1.7703367516303048e-07
811,0.01018232559319069,0.00012762494954590345,0.005022353088149169,0.005032170521820455,1.7703367516303048e-07
812,0.01018232559319069,0.00012762494954590345,0.005022353088149169,0.005032170521820455,1.7703367516303048e-07
813,0.01018232559319069,0.00012762494954590345,0.005022353088149169,0.005032170521820455,1.7703367516303048e-07
814,0.01018232559319069,0.00012762494954590345,0.005022353088149169,0.005032170521820455,1.7703367516303048e-07
815,0.01018232559319069,0.00012762494954590345,0.005022353088149169,0.005032170521820455,1.7703367516303048e-07
816,0.01018232559319069,0.00012762494954590345,0.005022353088149169,0.005032170521820455,1.7703367516303048e-07
817,0.01018232559319069,0.00012762494954590345,0.005022353088149169,0.005032170521820455,1.7703367516303048e-07
818,0.01018232559319069,0.00012762494954590345,0.005022353088149169,0.005032170521820455,1.7703367516303048e-07
819,0.01018232559319069,0.00012762494954590345,0.005022353088149169,0.005032170521820455,1.7703367516303048e-07
820,0.01018232559319069,0.00012762494954590345,0.005022353088149169,0.005032170521820455,1.7703367516303048e-07
821,0.01018232559319069,0.00012762494954590345,0.005022353088149169,0.005032170521820455,1.7703367516303048e-07
822,0.01018232559319069,0.00012762494954590345,0.005022353088149169,0.005032170521820455,1.7703367516303048e-07
823,0.01018232559319069,0.00012762494954590345,0.005022353088149169,0.005032170521820455,1.7703367516303048e-07
824,0.01018232559319069,0.00012762494954590345,0.005022353088149169,0.005032170521820455,1.7703367516303048e-07
825,0.01018232559319069,0.00012762494954590345,0.005022353088149169,0.005032170521820455,1.7703367516303048e-07
826,0.01018232559319069,0.00012762494954590345,0.005022353088149169,0.005032170521820455,1.7703367516303048e-07
827,0.01018232559319069,0.00012762494954590345,0.005022353088149169,0.005032170521820455,1.7703367516303048e-07
828,0.01018232559319069,0.00012762494954590345,0.005022353088149169,0.005032170521820455,1.7703367516303048e-07
829,0.01018232559319069,0.00012762494954590345,0.005022353088149169,0.005032170521820455,1.7703367516303048e-07
830,0.01018232559319069,0.00012762494954590345,0.005022353088149169,0.005032170521820455,1.7703367516303048e-07
831,0.01018232559319069,0.00012762494954590345,0.005022353088149169,0.005032170521820455,1.7703367516303048e-07
832,0.01018232559319069,0.00012762494954590345,0.005022353088149169,0.005032170521820455,1.7703367516303048e-07
833,0.01018232559319069,0.00012762494954590345,0.005022353088149169,0.005032170521820455,1.7703367516303048e-07
834,0.01018232559319069,0.00012762494954590345,0.005022353088149169,0.005032170521820455,1.7703367516303048e-07
835,0.01018232559319069,0.00012762494954590345,0.005022353088149169,0.005032170521820455,1.7703367516303048e-07
836,0.01018232559319069,0.00012762494954590345,0.005022353088149169,0.005032170521820455,1.7703367516303048e-07
837,0.01018232559319069,0.00012762494954590345,0.005022353088149169,0.005032170521820455,1.7703367516303048e-07
838,0.01018232559319069,0.00012762494954590345,0.005022353088149169,0.005032170521820455,1.7703367516303048e-07
839,0.01018232559319069,0.00012762494954590345,0.005022353088149169,0.005032170521820455,1.7703367516303048e-07
840,0.01018232559319069,0.00012762494954590345,0.005022353088149169,0.005032170521820455,1.7703367516303048e-07
841,0.01018232559319069,0.00012762494954590345,0.005022353088149169,0.005032170521820455,1.7703367516303048e-07
842,0.01018232559319069,0.00012762494954590345,0.005022353088149169,0.005032170521820455,1.7703367516303048e-07
843,0.01018232559319069,0.00012762494954590345,0.005022353088149169,0.005032170521820455,1.7703367516303048e-07
844,0.01018232559319069,0.00012762494954590345,0.005022353088149169,0.005032170521820455,1.7703367516303048e-07
845,0.01018232559319069,0.00012762494954590345,0.005022353088149169,0.005032170521820455,1.7703367516303048e-07
846,0.01018232559319069,0.00012762494954590345,0.005022353088149169,0.005032170521820455,1.7703367516303048e-07
847,0.01018232559319069,0.00012762494954590345,0.005022353088149169,0.005032170521820455,1.7703367516303048e-07
848,0.01018232559319069,0.00012762494954590345,0.005022353088149169,0.005032170521820455,1.7703367516303048e-07
849,0.01018232559319069,0.00012762494954590345,0.005022353088149169,0.005032170521820455,1.7703367516303048e-07
850,0.01018232559319069,0.00012762494954590345,0.005022353088149169,0.005032170521820455,1.7703367516303048e-07
851,0.01018232559319069,0.00012762494954590345,0.005022353088149169,0.005032170521820455,1.7703367516303048e-07
852,0.01018232559319069,0.00012762494954590345,0.005022353088149169,0.005032170521820455,1.7703367516303048e-07
853,0.01018232559319069,0.00012762494954590345,0.005022353088149169,0.005032170521820455,1.7703367516303048e-07
854,0.01018232559319069,0.00012762494954590345,0.005022353088149169,0.005032170521820455,1.7703367516303048e-07
855,0.01018232559319069,0.00012762494954590345,0.005022353088149169,0.005032170521820455,1.7703367516303048e-07
856,0.01018232559319069,0.00012762494954590345,0.005022353088149169,0.005032170521820455,1.7703367516303048e-07
857,0.01018232559319069,0.00012762494954590345,0.005022353088149169,0.005032170521820455,1.7703367516303048e-07
858,0.01018232559319069,0.00012762494954590345,0.005022353088149169,0.005032170521820455,1.7703367516303048e-07
859,0.01018232559319069,0.00012762494954590345,0.005022353088149169,0.005032170521820455,1.7703367516303048e-07
860,0.01018232559319069,0.00012762494954590345,0.005022353088149169,0.005032170521820455,1.7703367516303048e-07
861,0.01018232559319069,0.00012762494954590345,0.005022353088149169,0.005032170521820455,1.7703367516303048e-07
862,0.01018232559319069,0.00012762494954590345,0.005022353088149169,0.005032170521820455,1.7703367516303048e-07
863,0.01018232559319069,0.00012762494954590345,0.005022353088149169,0.005032170521820455,1.7703367516303048e-07
864,0.01018232559319069,0.00012762494954590345,0.005022353088149169,0.005032170521820455,1.7703367516303048e-07
865,0.01018232559319069,0.00012762494954590345,0.005022353088149169,0.005032170521820455,1.7703367516303048e-07
866,0.01018232559319069,0.00012762494954590345,0.005022353088149169,0.005032170521820455,1.7703367516303048e-07
867,0.01018232559319069,0.00012762494954590345,0.005022353088149169,0.005032170521820455,1.7703367516303048e-07
868,0.01018232559319069,0.00012762494954590345,0.005022353088149169,0.005032170521820455,1.7703367516303048e-07
869,0.01018232559319069,0.00012762494954590345,0.005022353088149169,0.005032170521820455,1.7703367516303048e-07
870,0.01018232559319069,0.00012762494954590345,0.005022353088149169,0.005032170521820455,1.7703367516303048e-07
871,0.01018232559319069,0.00012762494954590345,0.005022353088149169,0.005032170521820455,1.7703367516303048e-07
872,0.01018232559319069,0.00012762494954590345,0.005022353088149169,0.005032170521820455,1.7703367516303048e-07
873,0.01018232559319069,0.00012762494954590345,0.005022353088149169,0.005032170521820455,1.7703367516303048e-07
874,0.01018232559319069,0.00012762494954590345,0.005022353088149169,0.005032170521820455,1.7703367516303048e-07
875,0.01018232559319069,0.00012762494954590345,0.005022353088149169,0.005032170521820455,1.7703367516303048e-07
876,0.01018232559319069,0.00012762494954590345,0.005022353088149169,0.005032170521820455,1.7703367516303048e-07
877,0.01018232559319069,0.00012762494954590345,0.005022353088149169,0.005032170521820455,1.7703367516303048e-07
878,0.01018232559319069,0.00012762494954590345,0.005022353088149169,0.005032170521820455,1.7703367516303048e-07
879,0.01018232559319069,0.00012762494954590345,0.005022353088149169,0.005032170521820455,1.7703367516303048e-07
880,0.01018232559319069,0.00012762494954590345,0.005022353088149169,0.005032170521820455,1.7703367516303048e-07
881,0.01018232559319069,0.00012762494954590345,0.005022353088149169,0.005032170521820455,1.7703367516303048e-07
882,0.01018232559319069,0.00012762494954590345,0.005022353088149169,0.005032170521820455,1.7703367516303048e-07
883,0.01018232559319069,0.00012762494954590345,0.005022353088149169,0.005032170521820455,1.7703367516303048e-07
884,0.01018232559319069,0.00012762494954590345,0.005022353088149169,0.005032170521820455,1.7703367516303048e-07
885,0.01018232559319069,0.00012762494954590345,0.005022353088149169,0.005032170521820455,1.7703367516303048e-07
886,0.01018232559319069,0.00012762494954590345,0.005022353088149169,0.005032170521820455,1.7703367516303048e-07
887,0.01018232559319069,0.00012762494954590345,0.005022353088149169,0.005032170521820455,1.7703367516303048e-07
888,0.01018232559319069,0.00012762494954590345,0.005022353088149169,0.005032170521820455,1.7703367516303048e-07
889,0.01018232559319069,0.00012762494954590345,0.005022353088149169,0.005032170521820455,1.7703367516303048e-07
890,0.01018232559319069,0.00012762494954590345,0.005022353088149169,0.005032170521820455,1.7703367516303048e-07
891,0.01018232559319069,0.00012762494954590345,0.005022353088149169,0.005032170521820455,1.7703367516303048e-07
892,0.01018232559319069,0.00012762494954590345,0.005022353088149169,0.005032170521820455,1.7703367516303048e-07
893,0.01018232559319069,0.00012762494954590345,0.005022353088149169,0.005032170521820455,1.7703367516303048e-07
894,0.01018232559319069,0.00012762494954590345,0.005022353088149169,0.005032170521820455,1.7703367516303048e-07
895,0.01018232559319069,0.00012762494954590345,0.005022353088149169,0.005032170521820455,1.7703367516303048e-07
896,0.01018232559319069,0.00012762494954590345,0.005022353088149169,0.005032170521820455,1.7703367516303048e-07
897,0.01018232559319069,0.00012762494954590345,0.005022353088149169,0.005032170521820455,1.7703367516303048e-07
898,0.01018232559319069,0.00012762494954590345,0.005022353088149169,0.005032170521820455,1.7703367516303048e-07
899,0.01018232559319069,0.00012762494954590345,0.005022353088149169,0.005032170521820455,1.7703367516303048e-07
900,0.01018232559319069,0.00012762494954590345,0.005022353088149169,0.005032170521820455,1.7703367516303048e-07
901,0.01018232559319069,0.00012762494954590345,0.005022353088149169,0.005032170521820455,1.7703367516303048e-07
902,0.01018232559319069,0.00012762494954590345,0.005022353088149169,0.005032170521820455,1.7703367516303048e-07
903,0.01018232559319069,0.00012762494954590345,0.005022353088149169,0.005032170521820455,1.7703367516303048e-07
904,0.01018232559319069,0.00012762494954590345,0.005022353088149169,0.005032170521820455,1.7703367516303048e-07
905,0.01018232559319069,0.00012762494954590345,0.005022353088149169,0.005032170521820455,1.7703367516303048e-07
906,0.01018232559319069,0.00012762494954590345,0.005022353088149169,0.005032170521820455,1.7703367516303048e-07
907,0.01018232559319069,0.00012762494954590345,0.005022353088149169,0.005032170521820455,1.7703367516303048e-07
908,0.01018232559319069,0.00012762494954590345,0.005022353088149169,0.005032170521820455,1.7703367516303048e-07
909,0.01018232559319069,0.00012762494954590345,0.005022353088149169,0.005032170521820455,1.7703367516303048e-07
910,0.01018232559319069,0.00012762494954590345,0.005022353088149169,0.005032170521820455,1.7703367516303048e-07
911,0.01018232559319069,0.00012762494954590345,0.005022353088149169,0.005032170521820455,1.7703367516303048e-07
912,0.01018232559319069,0.00012762494954590345,0.005022353088149169,0.005032170521820455,1.7703367516303048e-07
913,0.01018232559319069,0.00012762494954590345,0.005022353088149169,0.005032170521820455,1.7703367516303048e-07
914,0.01018232559319069,0.00012762494954590345,0.005022353088149169,0.005032170521820455,1.7703367516303048e-07
915,0.01018232559319069,0.00012762494954590345,0.005022353088149169,0.005032170521820455,1.7703367516303048e-07
916,0.01018232559319069,0.00012762494954590345,0.005022353088149169,0.005032170521820455,1.7703367516303048e-07
917,0.01018232559319069,0.00012762494954590345,0.005022353088149169,0.005032170521820455,1.7703367516303048e-07
918,0.01018232559319069,0.00012762494954590345,0.005022353088149169,0.005032170521820455,1.7703367516303048e-07
