# code/heterogeneous/pino_heterogeneous/pinn1d_heterogeneous_parametric_neural_operator.py --design grf --n-sensors 101 --n-grf 250 --n-piecewise-per-zones 250 --piecewise-zone-counts 5 --min-zone-frac 0.05 --grf-corr-length 0.05 --grf-grid-n 201 --arch default --dtype float64 --early-stop-patience 150 --seed 1234567 --optimizer soap --soap-epochs 25000 --soap-lr 3e-3 --soap-betas 0.95,0.95 --soap-weight-decay 0.01 --soap-precond-freq 100 --skip-validation-plots --out-dir results/exp_M2_mix050_ell005_5z_mzf005_K101_N500_default_float64_soap
# started 2026-07-11 17:16:10
# cwd C:\Ali Computation\pinn\code\heterogeneous\pino_heterogeneous

Using GPU: NVIDIA GeForce RTX 3090 (cuda:0, dtype=torch.float64)
PE (computed) = 0.010368
design=grf  media_mode=grf  branch_mode=sensor  optimizer=soap  n_train_requested=500  n_corner_anchors=16  arch=default  batch_mode=True
branch=[101, 16, 16, 32]  trunk=[2, 32, 32, 32, 32]
results_dir=C:\Ali Computation\pinn\code\heterogeneous\pino_heterogeneous\results\exp_M2_mix050_ell005_5z_mzf005_K101_N500_default_float64_soap
Training: 250 GRF (250@0.05) + 250 piecewise (250 each for zones [5]) = 500 total; K=101 uniform sensors, grid_n=201
  saved/loaded: C:\Ali Computation\pinn\code\heterogeneous\pino_heterogeneous\results\exp_M2_mix050_ell005_5z_mzf005_K101_N500_default_float64_soap\train_grf_cases.npz
  branch CFL range [0.12098, 0.59966]
PDE mesh: bulk 50x50x500 (no interface bands in GRF mode)
COMSOL validation: 81 fixed grid cases from comsol_4zones.txt -> C:\Ali Computation\pinn\code\heterogeneous\pino_heterogeneous\results\exp_M2_mix050_ell005_5z_mzf005_K101_N500_default_float64_soap
run_training=True  run_comsol_validation=True  validate_only=False  skip_validation_plots=True
SOAP: lr=0.003  betas=(0.95, 0.95)  weight_decay=0.01  precond_freq=100  steps=25000
PDE collocation points: 1,250,000 (bulk 1,250,000, interface 0)
Collocation mesh plot (pre-train): C:\Ali Computation\pinn\code\heterogeneous\pino_heterogeneous\results\exp_M2_mix050_ell005_5z_mzf005_K101_N500_default_float64_soap\pino_heterogeneous_collocation_points.png
SOAP(lr=0.003, betas=(0.95, 0.95), weight_decay=0.01, precond_freq=100)  epoch_budget=25000
SOAP early stopping: patience=150 steps (no total-loss improvement, rtol=1e-12)

SOAP:   0%|          | 0/25000 [? > 00:00]
SOAP:   0%|          | 1/25000 [8:12:06 > 00:01]
SOAP:   0%|          | 2/25000 [5:29:57 > 00:01]
SOAP:   0%|          | 3/25000 [3:35:06 > 00:01]
SOAP:   0%|          | 4/25000 [3:34:40 > 00:02]
SOAP:   0%|          | 5/25000 [3:34:35 > 00:02]
SOAP:   0%|          | 6/25000 [3:34:45 > 00:03]
SOAP:   0%|          | 7/25000 [3:35:27 > 00:03]
SOAP:   0%|          | 8/25000 [3:33:47 > 00:04]
SOAP:   0%|          | 9/25000 [3:36:21 > 00:04]
SOAP:   0%|          | 10/25000 [3:36:19 > 00:05]
SOAP:   0%|          | 11/25000 [3:35:56 > 00:06]
SOAP:   0%|          | 12/25000 [3:35:37 > 00:06]
SOAP:   0%|          | 13/25000 [3:35:27 > 00:07]
SOAP:   0%|          | 14/25000 [3:35:21 > 00:07]
SOAP:   0%|          | 15/25000 [3:35:14 > 00:08]
SOAP:   0%|          | 16/25000 [3:35:06 > 00:08]
SOAP:   0%|          | 17/25000 [3:35:13 > 00:09]
SOAP:   0%|          | 18/25000 [3:35:09 > 00:09]
SOAP:   0%|          | 19/25000 [3:35:11 > 00:10]
SOAP:   0%|          | 20/25000 [3:35:07 > 00:10]
SOAP:   0%|          | 21/25000 [3:35:15 > 00:11]
SOAP:   0%|          | 22/25000 [3:35:11 > 00:11]
SOAP:   0%|          | 23/25000 [3:35:03 > 00:12]
SOAP:   0%|          | 24/25000 [3:34:55 > 00:12]
SOAP:   0%|          | 25/25000 [3:34:58 > 00:13]
SOAP:   0%|          | 26/25000 [3:34:54 > 00:13]
SOAP:   0%|          | 27/25000 [3:34:34 > 00:14]
SOAP:   0%|          | 28/25000 [3:34:39 > 00:14]
SOAP:   0%|          | 29/25000 [3:34:47 > 00:15]
SOAP:   0%|          | 30/25000 [3:34:52 > 00:15]
SOAP:   0%|          | 31/25000 [3:34:53 > 00:16]
SOAP:   0%|          | 32/25000 [3:34:53 > 00:16]
SOAP:   0%|          | 33/25000 [3:34:47 > 00:17]
SOAP:   0%|          | 34/25000 [3:34:46 > 00:17]
SOAP:   0%|          | 35/25000 [3:34:52 > 00:18]
SOAP:   0%|          | 36/25000 [3:34:53 > 00:18]
SOAP:   0%|          | 37/25000 [3:34:55 > 00:19]
SOAP:   0%|          | 38/25000 [3:34:54 > 00:19]
SOAP:   0%|          | 39/25000 [3:34:58 > 00:20]
SOAP:   0%|          | 40/25000 [3:35:16 > 00:21]
SOAP:   0%|          | 41/25000 [3:35:04 > 00:21]
SOAP:   0%|          | 42/25000 [3:35:15 > 00:22]
SOAP:   0%|          | 43/25000 [3:35:34 > 00:22]
SOAP:   0%|          | 44/25000 [3:35:20 > 00:23]
SOAP:   0%|          | 45/25000 [3:33:32 > 00:23]
SOAP:   0%|          | 46/25000 [3:35:40 > 00:24]
SOAP:   0%|          | 47/25000 [3:35:33 > 00:24]
SOAP:   0%|          | 48/25000 [3:35:13 > 00:25]
SOAP:   0%|          | 49/25000 [3:35:10 > 00:25]
SOAP:   0%|          | 50/25000 [3:35:04 > 00:26]
SOAP:   0%|          | 51/25000 [3:35:04 > 00:26]
SOAP:   0%|          | 52/25000 [3:35:02 > 00:27]
SOAP:   0%|          | 53/25000 [3:35:01 > 00:27]
SOAP:   0%|          | 54/25000 [3:34:59 > 00:28]
SOAP:   0%|          | 55/25000 [3:35:09 > 00:28]
SOAP:   0%|          | 56/25000 [3:35:16 > 00:29]
SOAP:   0%|          | 57/25000 [3:35:10 > 00:29]
SOAP:   0%|          | 58/25000 [3:35:08 > 00:30]
SOAP:   0%|          | 59/25000 [3:34:56 > 00:30]
SOAP:   0%|          | 60/25000 [3:35:00 > 00:31]
SOAP:   0%|          | 61/25000 [3:34:45 > 00:31]
SOAP:   0%|          | 62/25000 [3:34:48 > 00:32]
SOAP:   0%|          | 63/25000 [3:34:37 > 00:32]
SOAP:   0%|          | 64/25000 [3:34:55 > 00:33]
SOAP:   0%|          | 65/25000 [3:34:51 > 00:33]
SOAP:   0%|          | 66/25000 [3:34:53 > 00:34]
SOAP:   0%|          | 67/25000 [3:34:51 > 00:34]
SOAP:   0%|          | 68/25000 [3:34:53 > 00:35]
SOAP:   0%|          | 69/25000 [3:34:40 > 00:36]
SOAP:   0%|          | 70/25000 [3:34:46 > 00:36]
SOAP:   0%|          | 71/25000 [3:34:32 > 00:37]
SOAP:   0%|          | 72/25000 [3:34:33 > 00:37]
SOAP:   0%|          | 73/25000 [3:34:46 > 00:38]
SOAP:   0%|          | 74/25000 [3:35:07 > 00:38]
SOAP:   0%|          | 75/25000 [3:35:23 > 00:39]
SOAP:   0%|          | 76/25000 [3:35:29 > 00:39]
SOAP:   0%|          | 77/25000 [3:33:50 > 00:40]
SOAP:   0%|          | 78/25000 [3:36:10 > 00:40]
SOAP:   0%|          | 79/25000 [3:36:02 > 00:41]
SOAP:   0%|          | 80/25000 [3:35:56 > 00:41]
SOAP:   0%|          | 81/25000 [3:36:01 > 00:42]
SOAP:   0%|          | 82/25000 [3:35:53 > 00:42]
SOAP:   0%|          | 83/25000 [3:35:52 > 00:43]
SOAP:   0%|          | 84/25000 [3:35:48 > 00:43]
SOAP:   0%|          | 85/25000 [3:35:48 > 00:44]
SOAP:   0%|          | 86/25000 [3:34:07 > 00:44]
SOAP:   0%|          | 87/25000 [3:36:23 > 00:45]
SOAP:   0%|          | 88/25000 [3:36:01 > 00:45]
SOAP:   0%|          | 89/25000 [3:35:48 > 00:46]
SOAP:   0%|          | 90/25000 [3:35:46 > 00:46]
SOAP:   0%|          | 91/25000 [3:35:45 > 00:47]
SOAP:   0%|          | 92/25000 [3:35:44 > 00:47]
SOAP:   0%|          | 93/25000 [3:35:48 > 00:48]
SOAP:   0%|          | 94/25000 [3:35:36 > 00:48]
SOAP:   0%|          | 95/25000 [3:35:46 > 00:49]
SOAP:   0%|          | 96/25000 [3:35:45 > 00:50]
SOAP:   0%|          | 97/25000 [3:35:54 > 00:50]
SOAP:   0%|          | 98/25000 [3:35:52 > 00:51]
SOAP:   0%|          | 99/25000 [3:35:55 > 00:51]
SOAP:   0%|          | 100/25000 [3:35:45 > 00:52]
SOAP:   0%|          | 101/25000 [4:22:12 > 00:52]
SOAP:   0%|          | 102/25000 [3:27:17 > 00:53]
SOAP:   0%|          | 103/25000 [3:29:39 > 00:53]
SOAP:   0%|          | 104/25000 [3:31:27 > 00:54]
SOAP:   0%|          | 105/25000 [3:31:07 > 00:54]
SOAP:   0%|          | 106/25000 [3:34:15 > 00:55]
SOAP:   0%|          | 107/25000 [3:34:25 > 00:55]
SOAP:   0%|          | 108/25000 [3:34:53 > 00:56]
SOAP:   0%|          | 109/25000 [3:34:57 > 00:56]
SOAP:   0%|          | 110/25000 [3:35:09 > 00:57]
SOAP:   0%|          | 111/25000 [3:35:19 > 00:57]
SOAP:   0%|          | 112/25000 [3:35:23 > 00:58]
SOAP:   0%|          | 113/25000 [3:35:19 > 00:58]
SOAP:   0%|          | 114/25000 [3:35:28 > 00:59]
SOAP:   0%|          | 115/25000 [3:35:30 > 00:59]
SOAP:   0%|          | 116/25000 [3:34:51 > 01:00]
SOAP:   0%|          | 117/25000 [3:35:44 > 01:00]
SOAP:   0%|          | 118/25000 [3:35:45 > 01:01]
SOAP:   0%|          | 119/25000 [3:35:34 > 01:02]
SOAP:   0%|          | 120/25000 [3:35:40 > 01:02]
SOAP:   0%|          | 121/25000 [3:35:55 > 01:03]
SOAP:   0%|          | 122/25000 [3:36:18 > 01:03]
SOAP:   0%|          | 123/25000 [3:36:07 > 01:04]
SOAP:   0%|          | 124/25000 [3:35:53 > 01:04]
SOAP:   0%|          | 125/25000 [3:35:34 > 01:05]
SOAP:   1%|          | 126/25000 [3:35:30 > 01:05]
SOAP:   1%|          | 127/25000 [3:35:33 > 01:06]
SOAP:   1%|          | 128/25000 [3:35:25 > 01:06]
SOAP:   1%|          | 129/25000 [3:35:34 > 01:07]
SOAP:   1%|          | 130/25000 [3:35:24 > 01:07]
SOAP:   1%|          | 131/25000 [3:35:29 > 01:08]
SOAP:   1%|          | 132/25000 [3:35:28 > 01:08]
SOAP:   1%|          | 133/25000 [3:35:30 > 01:09]
SOAP:   1%|          | 134/25000 [3:35:28 > 01:09]
SOAP:   1%|          | 135/25000 [3:35:30 > 01:10]
SOAP:   1%|          | 136/25000 [3:35:27 > 01:10]
SOAP:   1%|          | 137/25000 [3:35:23 > 01:11]
SOAP:   1%|          | 138/25000 [3:35:20 > 01:11]
SOAP:   1%|          | 139/25000 [3:35:21 > 01:12]
SOAP:   1%|          | 140/25000 [3:35:22 > 01:12]
SOAP:   1%|          | 141/25000 [3:35:26 > 01:13]
SOAP:   1%|          | 142/25000 [3:35:19 > 01:13]
SOAP:   1%|          | 143/25000 [3:35:21 > 01:14]
SOAP:   1%|          | 144/25000 [3:35:14 > 01:15]
SOAP:   1%|          | 145/25000 [3:35:25 > 01:15]
SOAP:   1%|          | 146/25000 [3:35:19 > 01:16]
SOAP:   1%|          | 147/25000 [3:35:08 > 01:16]
SOAP:   1%|          | 148/25000 [3:35:22 > 01:17]
SOAP:   1%|          | 149/25000 [3:35:24 > 01:17]
SOAP:   1%|          | 150/25000 [3:35:17 > 01:18]
SOAP:   1%|          | 151/25000 [3:35:20 > 01:18]
SOAP:   1%|          | 152/25000 [3:35:25 > 01:19]
SOAP:   1%|          | 153/25000 [3:35:20 > 01:19]
SOAP:   1%|          | 154/25000 [3:35:28 > 01:20]
SOAP:   1%|          | 155/25000 [3:35:27 > 01:20]
SOAP:   1%|          | 156/25000 [3:35:37 > 01:21]
SOAP:   1%|          | 157/25000 [3:35:24 > 01:21]
SOAP:   1%|          | 158/25000 [3:35:18 > 01:22]
SOAP:   1%|          | 159/25000 [3:33:30 > 01:22]
SOAP:   1%|          | 160/25000 [3:35:48 > 01:23]
SOAP:   1%|          | 161/25000 [3:35:39 > 01:23]
SOAP:   1%|          | 162/25000 [3:35:37 > 01:24]
SOAP:   1%|          | 163/25000 [3:35:24 > 01:24]
SOAP:   1%|          | 164/25000 [3:35:29 > 01:25]
SOAP:   1%|          | 165/25000 [3:35:19 > 01:25]
SOAP:   1%|          | 166/25000 [3:35:21 > 01:26]
SOAP:   1%|          | 167/25000 [3:35:15 > 01:26]
SOAP:   1%|          | 168/25000 [3:35:20 > 01:27]
SOAP:   1%|          | 169/25000 [3:35:01 > 01:28]
SOAP:   1%|          | 170/25000 [3:35:14 > 01:28]
SOAP:   1%|          | 171/25000 [3:35:05 > 01:29]
SOAP:   1%|          | 172/25000 [3:35:12 > 01:29]
SOAP:   1%|          | 173/25000 [3:33:41 > 01:30]
SOAP:   1%|          | 174/25000 [3:35:34 > 01:30]
SOAP:   1%|          | 175/25000 [3:35:18 > 01:31]
SOAP:   1%|          | 176/25000 [3:35:24 > 01:31]
SOAP:   1%|          | 177/25000 [3:35:11 > 01:32]
SOAP:   1%|          | 178/25000 [3:35:12 > 01:32]
SOAP:   1%|          | 179/25000 [3:35:12 > 01:33]
SOAP:   1%|          | 180/25000 [3:35:17 > 01:33]
SOAP:   1%|          | 181/25000 [3:35:23 > 01:34]
SOAP:   1%|          | 182/25000 [3:35:18 > 01:34]
SOAP:   1%|          | 183/25000 [3:35:15 > 01:35]
SOAP:   1%|          | 184/25000 [3:35:14 > 01:35]
SOAP:   1%|          | 185/25000 [3:35:19 > 01:36]
SOAP:   1%|          | 186/25000 [3:35:16 > 01:36]
SOAP:   1%|          | 187/25000 [3:35:18 > 01:37]
SOAP:   1%|          | 188/25000 [3:35:15 > 01:37]
SOAP:   1%|          | 189/25000 [3:35:17 > 01:38]
SOAP:   1%|          | 190/25000 [3:35:10 > 01:38]
SOAP:   1%|          | 191/25000 [3:35:03 > 01:39]
SOAP:   1%|          | 192/25000 [3:35:06 > 01:39]
SOAP:   1%|          | 193/25000 [3:35:05 > 01:40]
SOAP:   1%|          | 194/25000 [3:35:01 > 01:41]
SOAP:   1%|          | 195/25000 [3:35:09 > 01:41]
SOAP:   1%|          | 196/25000 [3:35:07 > 01:42]
SOAP:   1%|          | 197/25000 [3:35:14 > 01:42]
SOAP:   1%|          | 198/25000 [3:35:01 > 01:43]
SOAP:   1%|          | 199/25000 [3:35:06 > 01:43]
SOAP:   1%|          | 200/25000 [3:34:58 > 01:44]
SOAP:   1%|          | 201/25000 [3:36:55 > 01:44]
SOAP:   1%|          | 202/25000 [3:35:00 > 01:45]
SOAP:   1%|          | 203/25000 [3:35:00 > 01:45]
SOAP:   1%|          | 204/25000 [3:33:14 > 01:46]
SOAP:   1%|          | 205/25000 [3:35:25 > 01:46]
SOAP:   1%|          | 206/25000 [3:35:19 > 01:47]
SOAP:   1%|          | 207/25000 [3:35:14 > 01:47]
SOAP:   1%|          | 208/25000 [3:35:14 > 01:48]
SOAP:   1%|          | 209/25000 [3:35:01 > 01:48]
SOAP:   1%|          | 210/25000 [3:34:58 > 01:49]
SOAP:   1%|          | 211/25000 [3:34:54 > 01:49]
SOAP:   1%|          | 212/25000 [3:34:55 > 01:50]
SOAP:   1%|          | 213/25000 [3:33:25 > 01:50]
SOAP:   1%|          | 214/25000 [3:35:36 > 01:51]
SOAP:   1%|          | 215/25000 [3:36:17 > 01:51]
SOAP:   1%|          | 216/25000 [3:36:34 > 01:52]
SOAP:   1%|          | 217/25000 [3:36:44 > 01:53]
SOAP:   1%|          | 218/25000 [3:36:52 > 01:53]
SOAP:   1%|          | 219/25000 [3:36:58 > 01:54]
SOAP:   1%|          | 220/25000 [3:37:01 > 01:54]
SOAP:   1%|          | 221/25000 [3:37:03 > 01:55]
SOAP:   1%|          | 222/25000 [3:37:04 > 01:55]
SOAP:   1%|          | 223/25000 [3:37:07 > 01:56]
SOAP:   1%|          | 224/25000 [3:37:14 > 01:56]
SOAP:   1%|          | 225/25000 [3:37:20 > 01:57]
SOAP:   1%|          | 226/25000 [3:37:27 > 01:57]
SOAP:   1%|          | 227/25000 [3:37:23 > 01:58]
SOAP:   1%|          | 228/25000 [3:37:11 > 01:58]
SOAP:   1%|          | 229/25000 [3:37:13 > 01:59]
SOAP:   1%|          | 230/25000 [3:37:13 > 01:59]
SOAP:   1%|          | 231/25000 [3:37:11 > 02:00]
SOAP:   1%|          | 232/25000 [3:37:05 > 02:00]
SOAP:   1%|          | 233/25000 [3:37:11 > 02:01]
SOAP:   1%|          | 234/25000 [3:37:13 > 02:01]
SOAP:   1%|          | 235/25000 [3:37:15 > 02:02]
SOAP:   1%|          | 236/25000 [3:37:14 > 02:03]
SOAP:   1%|          | 237/25000 [3:37:25 > 02:03]
SOAP:   1%|          | 238/25000 [3:37:08 > 02:04]
SOAP:   1%|          | 239/25000 [3:35:23 > 02:04]
SOAP:   1%|          | 240/25000 [3:37:05 > 02:05]
SOAP:   1%|          | 241/25000 [3:37:00 > 02:05]
SOAP:   1%|          | 242/25000 [3:36:57 > 02:06]
SOAP:   1%|          | 243/25000 [3:36:59 > 02:06]
SOAP:   1%|          | 244/25000 [3:36:58 > 02:07]
SOAP:   1%|          | 245/25000 [3:37:03 > 02:07]
SOAP:   1%|          | 246/25000 [3:37:04 > 02:08]
SOAP:   1%|          | 247/25000 [3:37:10 > 02:08]
SOAP:   1%|          | 248/25000 [3:37:09 > 02:09]
SOAP:   1%|          | 249/25000 [3:37:04 > 02:09]
SOAP:   1%|          | 250/25000 [3:37:06 > 02:10]
SOAP:   1%|          | 251/25000 [3:36:59 > 02:10]
SOAP:   1%|          | 252/25000 [3:37:01 > 02:11]
SOAP:   1%|          | 253/25000 [3:36:53 > 02:11]
SOAP:   1%|          | 254/25000 [3:36:52 > 02:12]
SOAP:   1%|          | 255/25000 [3:36:51 > 02:13]
SOAP:   1%|          | 256/25000 [3:36:51 > 02:13]
SOAP:   1%|          | 257/25000 [3:37:04 > 02:14]
SOAP:   1%|          | 258/25000 [3:37:12 > 02:14]
SOAP:   1%|          | 259/25000 [3:37:02 > 02:15]
SOAP:   1%|          | 260/25000 [3:37:01 > 02:15]
SOAP:   1%|          | 261/25000 [3:37:00 > 02:16]
SOAP:   1%|          | 262/25000 [3:37:10 > 02:16]
SOAP:   1%|          | 263/25000 [3:36:56 > 02:17]
SOAP:   1%|          | 264/25000 [3:36:56 > 02:17]
SOAP:   1%|          | 265/25000 [3:37:07 > 02:18]
SOAP:   1%|          | 266/25000 [3:37:01 > 02:18]
SOAP:   1%|          | 267/25000 [3:36:57 > 02:19]
SOAP:   1%|          | 268/25000 [3:36:53 > 02:19]
SOAP:   1%|          | 269/25000 [3:36:56 > 02:20]
SOAP:   1%|          | 270/25000 [3:36:55 > 02:20]
SOAP:   1%|          | 271/25000 [3:35:46 > 02:21]
SOAP:   1%|          | 272/25000 [3:36:34 > 02:21]
SOAP:   1%|          | 273/25000 [3:36:41 > 02:22]
SOAP:   1%|          | 274/25000 [3:36:44 > 02:23]
SOAP:   1%|          | 275/25000 [3:36:49 > 02:23]
SOAP:   1%|          | 276/25000 [3:36:41 > 02:24]
SOAP:   1%|          | 277/25000 [3:36:52 > 02:24]
SOAP:   1%|          | 278/25000 [3:36:46 > 02:25]
SOAP:   1%|          | 279/25000 [3:36:46 > 02:25]
SOAP:   1%|          | 280/25000 [3:36:44 > 02:26]
SOAP:   1%|          | 281/25000 [3:36:53 > 02:26]
SOAP:   1%|          | 282/25000 [3:36:43 > 02:27]
SOAP:   1%|          | 283/25000 [3:36:42 > 02:27]
SOAP:   1%|          | 284/25000 [3:36:55 > 02:28]
SOAP:   1%|          | 285/25000 [3:36:45 > 02:28]
SOAP:   1%|          | 286/25000 [3:36:40 > 02:29]
SOAP:   1%|          | 287/25000 [3:36:44 > 02:29]
SOAP:   1%|          | 288/25000 [3:36:43 > 02:30]
SOAP:   1%|          | 289/25000 [3:36:59 > 02:30]
SOAP:   1%|          | 290/25000 [3:34:55 > 02:31]
SOAP:   1%|          | 291/25000 [3:36:43 > 02:31]
SOAP:   1%|          | 292/25000 [3:36:45 > 02:32]
SOAP:   1%|          | 293/25000 [3:36:47 > 02:33]
SOAP:   1%|          | 294/25000 [3:36:45 > 02:33]
SOAP:   1%|          | 295/25000 [3:37:38 > 02:34]
SOAP:   1%|          | 296/25000 [3:36:17 > 02:34]
SOAP:   1%|          | 297/25000 [3:35:50 > 02:35]
SOAP:   1%|          | 298/25000 [3:36:00 > 02:35]
SOAP:   1%|          | 299/25000 [3:36:12 > 02:36]
SOAP:   1%|          | 300/25000 [3:36:18 > 02:36]
SOAP:   1%|          | 301/25000 [3:36:49 > 02:37]
SOAP:   1%|          | 302/25000 [3:36:55 > 02:37]
SOAP:   1%|          | 303/25000 [3:36:57 > 02:38]
SOAP:   1%|          | 304/25000 [3:36:47 > 02:38]
SOAP:   1%|          | 305/25000 [3:36:42 > 02:39]
SOAP:   1%|          | 306/25000 [3:36:36 > 02:39]
SOAP:   1%|          | 307/25000 [3:36:41 > 02:40]
SOAP:   1%|          | 308/25000 [3:36:43 > 02:40]
SOAP:   1%|          | 309/25000 [3:36:23 > 02:41]
SOAP:   1%|          | 310/25000 [3:35:57 > 02:41]
SOAP:   1%|          | 311/25000 [3:36:08 > 02:42]
SOAP:   1%|          | 312/25000 [3:36:10 > 02:42]
SOAP:   1%|▏         | 313/25000 [3:36:23 > 02:43]
SOAP:   1%|▏         | 314/25000 [3:36:35 > 02:44]
SOAP:   1%|▏         | 315/25000 [3:36:30 > 02:44]
SOAP:   1%|▏         | 316/25000 [3:36:29 > 02:45]
SOAP:   1%|▏         | 317/25000 [3:36:28 > 02:45]
SOAP:   1%|▏         | 318/25000 [3:36:25 > 02:46]
SOAP:   1%|▏         | 319/25000 [3:36:24 > 02:46]
SOAP:   1%|▏         | 320/25000 [3:36:30 > 02:47]
SOAP:   1%|▏         | 321/25000 [3:36:29 > 02:47]
SOAP:   1%|▏         | 322/25000 [3:36:31 > 02:48]
SOAP:   1%|▏         | 323/25000 [3:36:27 > 02:48]
SOAP:   1%|▏         | 324/25000 [3:36:21 > 02:49]
SOAP:   1%|▏         | 325/25000 [3:36:20 > 02:49]
SOAP:   1%|▏         | 326/25000 [3:36:28 > 02:50]
SOAP:   1%|▏         | 327/25000 [3:36:32 > 02:50]
SOAP:   1%|▏         | 328/25000 [3:36:29 > 02:51]
SOAP:   1%|▏         | 329/25000 [3:36:21 > 02:51]
SOAP:   1%|▏         | 330/25000 [3:36:21 > 02:52]
SOAP:   1%|▏         | 331/25000 [3:36:22 > 02:52]
SOAP:   1%|▏         | 332/25000 [3:36:24 > 02:53]
SOAP:   1%|▏         | 333/25000 [3:36:24 > 02:54]
SOAP:   1%|▏         | 334/25000 [3:36:29 > 02:54]
SOAP:   1%|▏         | 335/25000 [3:36:26 > 02:55]
SOAP:   1%|▏         | 336/25000 [3:36:22 > 02:55]
SOAP:   1%|▏         | 337/25000 [3:36:10 > 02:56]
SOAP:   1%|▏         | 338/25000 [3:35:41 > 02:56]
SOAP:   1%|▏         | 339/25000 [3:35:56 > 02:57]
SOAP:   1%|▏         | 340/25000 [3:36:02 > 02:57]
SOAP:   1%|▏         | 341/25000 [3:35:38 > 02:58]
SOAP:   1%|▏         | 342/25000 [3:36:08 > 02:58]
SOAP:   1%|▏         | 343/25000 [3:36:02 > 02:59]
SOAP:   1%|▏         | 344/25000 [3:36:08 > 02:59]
SOAP:   1%|▏         | 345/25000 [3:36:10 > 03:00]
SOAP:   1%|▏         | 346/25000 [3:36:10 > 03:00]
SOAP:   1%|▏         | 347/25000 [3:36:16 > 03:01]
SOAP:   1%|▏         | 348/25000 [3:36:21 > 03:01]
SOAP:   1%|▏         | 349/25000 [3:36:18 > 03:02]
SOAP:   1%|▏         | 350/25000 [3:36:09 > 03:02]
SOAP:   1%|▏         | 351/25000 [3:35:42 > 03:03]
SOAP:   1%|▏         | 352/25000 [3:35:47 > 03:04]
SOAP:   1%|▏         | 353/25000 [3:36:01 > 03:04]
SOAP:   1%|▏         | 354/25000 [3:36:02 > 03:05]
SOAP:   1%|▏         | 355/25000 [3:36:07 > 03:05]
SOAP:   1%|▏         | 356/25000 [3:36:01 > 03:06]
SOAP:   1%|▏         | 357/25000 [3:36:08 > 03:06]
SOAP:   1%|▏         | 358/25000 [3:36:13 > 03:07]
SOAP:   1%|▏         | 359/25000 [3:36:16 > 03:07]
SOAP:   1%|▏         | 360/25000 [3:36:14 > 03:08]
SOAP:   1%|▏         | 361/25000 [3:36:10 > 03:08]
SOAP:   1%|▏         | 362/25000 [3:36:09 > 03:09]
SOAP:   1%|▏         | 363/25000 [3:36:03 > 03:09]
SOAP:   1%|▏         | 364/25000 [3:36:09 > 03:10]
SOAP:   1%|▏         | 365/25000 [3:36:06 > 03:10]
SOAP:   1%|▏         | 366/25000 [3:36:09 > 03:11]
SOAP:   1%|▏         | 367/25000 [3:34:06 > 03:11]
SOAP:   1%|▏         | 368/25000 [3:35:25 > 03:12]
SOAP:   1%|▏         | 369/25000 [3:35:12 > 03:12]
SOAP:   1%|▏         | 370/25000 [3:35:29 > 03:13]
SOAP:   1%|▏         | 371/25000 [3:35:44 > 03:14]
SOAP:   1%|▏         | 372/25000 [3:35:45 > 03:14]
SOAP:   1%|▏         | 373/25000 [3:35:48 > 03:15]
SOAP:   1%|▏         | 374/25000 [3:35:54 > 03:15]
SOAP:   2%|▏         | 375/25000 [3:36:00 > 03:16]
SOAP:   2%|▏         | 376/25000 [3:36:05 > 03:16]
SOAP:   2%|▏         | 377/25000 [3:36:00 > 03:17]
SOAP:   2%|▏         | 378/25000 [3:36:07 > 03:17]
SOAP:   2%|▏         | 379/25000 [3:36:15 > 03:18]
SOAP:   2%|▏         | 380/25000 [3:36:04 > 03:18]
SOAP:   2%|▏         | 381/25000 [3:36:00 > 03:19]
SOAP:   2%|▏         | 382/25000 [3:35:54 > 03:19]
SOAP:   2%|▏         | 383/25000 [3:36:02 > 03:20]
SOAP:   2%|▏         | 384/25000 [3:35:53 > 03:20]
SOAP:   2%|▏         | 385/25000 [3:35:57 > 03:21]
SOAP:   2%|▏         | 386/25000 [3:35:47 > 03:21]
SOAP:   2%|▏         | 387/25000 [3:35:49 > 03:22]
SOAP:   2%|▏         | 388/25000 [3:35:45 > 03:22]
SOAP:   2%|▏         | 389/25000 [3:35:48 > 03:23]
SOAP:   2%|▏         | 390/25000 [3:35:50 > 03:24]
SOAP:   2%|▏         | 391/25000 [3:35:58 > 03:24]
SOAP:   2%|▏         | 392/25000 [3:35:54 > 03:25]
SOAP:   2%|▏         | 393/25000 [3:35:50 > 03:25]
SOAP:   2%|▏         | 394/25000 [3:35:51 > 03:26]
SOAP:   2%|▏         | 395/25000 [3:35:52 > 03:26]
SOAP:   2%|▏         | 396/25000 [3:35:56 > 03:27]
SOAP:   2%|▏         | 397/25000 [3:36:42 > 03:27]
SOAP:   2%|▏         | 398/25000 [3:35:33 > 03:28]
SOAP:   2%|▏         | 399/25000 [3:35:35 > 03:28]
SOAP:   2%|▏         | 400/25000 [3:34:07 > 03:29]
SOAP:   2%|▏         | 401/25000 [3:36:30 > 03:29]
SOAP:   2%|▏         | 402/25000 [3:36:17 > 03:30]
SOAP:   2%|▏         | 403/25000 [3:35:51 > 03:30]
SOAP:   2%|▏         | 404/25000 [3:35:29 > 03:31]
SOAP:   2%|▏         | 405/25000 [3:35:29 > 03:31]
SOAP:   2%|▏         | 406/25000 [3:35:42 > 03:32]
SOAP:   2%|▏         | 407/25000 [3:35:51 > 03:32]
SOAP:   2%|▏         | 408/25000 [3:35:41 > 03:33]
SOAP:   2%|▏         | 409/25000 [3:35:36 > 03:34]
SOAP:   2%|▏         | 410/25000 [3:35:42 > 03:34]
SOAP:   2%|▏         | 411/25000 [3:35:44 > 03:35]
SOAP:   2%|▏         | 412/25000 [3:35:49 > 03:35]
SOAP:   2%|▏         | 413/25000 [3:35:44 > 03:36]
SOAP:   2%|▏         | 414/25000 [3:35:38 > 03:36]
SOAP:   2%|▏         | 415/25000 [3:35:37 > 03:37]
SOAP:   2%|▏         | 416/25000 [3:35:33 > 03:37]
SOAP:   2%|▏         | 417/25000 [3:35:18 > 03:38]
SOAP:   2%|▏         | 418/25000 [3:34:56 > 03:38]
SOAP:   2%|▏         | 419/25000 [3:35:21 > 03:39]
SOAP:   2%|▏         | 420/25000 [3:35:18 > 03:39]
SOAP:   2%|▏         | 421/25000 [3:35:22 > 03:40]
SOAP:   2%|▏         | 422/25000 [3:35:36 > 03:40]
SOAP:   2%|▏         | 423/25000 [3:35:45 > 03:41]
SOAP:   2%|▏         | 424/25000 [3:35:33 > 03:41]
SOAP:   2%|▏         | 425/25000 [3:35:21 > 03:42]
SOAP:   2%|▏         | 426/25000 [3:35:24 > 03:42]
SOAP:   2%|▏         | 427/25000 [3:35:37 > 03:43]
SOAP:   2%|▏         | 428/25000 [3:35:43 > 03:44]
SOAP:   2%|▏         | 429/25000 [3:35:36 > 03:44]
SOAP:   2%|▏         | 430/25000 [3:35:22 > 03:45]
SOAP:   2%|▏         | 431/25000 [3:35:22 > 03:45]
SOAP:   2%|▏         | 432/25000 [3:35:19 > 03:46]
SOAP:   2%|▏         | 433/25000 [3:35:34 > 03:46]
SOAP:   2%|▏         | 434/25000 [3:35:24 > 03:47]
SOAP:   2%|▏         | 435/25000 [3:35:22 > 03:47]
SOAP:   2%|▏         | 436/25000 [3:34:55 > 03:48]
SOAP:   2%|▏         | 437/25000 [3:35:05 > 03:48]
SOAP:   2%|▏         | 438/25000 [3:35:14 > 03:49]
SOAP:   2%|▏         | 439/25000 [3:35:25 > 03:49]
SOAP:   2%|▏         | 440/25000 [3:35:17 > 03:50]
SOAP:   2%|▏         | 441/25000 [3:35:17 > 03:50]
SOAP:   2%|▏         | 442/25000 [3:35:26 > 03:51]
SOAP:   2%|▏         | 443/25000 [3:35:39 > 03:51]
SOAP:   2%|▏         | 444/25000 [3:33:32 > 03:52]
SOAP:   2%|▏         | 445/25000 [3:35:19 > 03:52]
SOAP:   2%|▏         | 446/25000 [3:35:26 > 03:53]
SOAP:   2%|▏         | 447/25000 [3:35:22 > 03:54]
SOAP:   2%|▏         | 448/25000 [3:35:24 > 03:54]
SOAP:   2%|▏         | 449/25000 [3:35:33 > 03:55]
SOAP:   2%|▏         | 450/25000 [3:35:30 > 03:55]
SOAP:   2%|▏         | 451/25000 [3:35:23 > 03:56]
SOAP:   2%|▏         | 452/25000 [3:35:27 > 03:56]
SOAP:   2%|▏         | 453/25000 [3:35:33 > 03:57]
SOAP:   2%|▏         | 454/25000 [3:35:20 > 03:57]
SOAP:   2%|▏         | 455/25000 [3:35:10 > 03:58]
SOAP:   2%|▏         | 456/25000 [3:35:08 > 03:58]
SOAP:   2%|▏         | 457/25000 [3:35:20 > 03:59]
SOAP:   2%|▏         | 458/25000 [3:35:18 > 03:59]
SOAP:   2%|▏         | 459/25000 [3:35:19 > 04:00]
SOAP:   2%|▏         | 460/25000 [3:35:10 > 04:00]
SOAP:   2%|▏         | 461/25000 [3:36:18 > 04:01]
SOAP:   2%|▏         | 462/25000 [3:34:55 > 04:01]
SOAP:   2%|▏         | 463/25000 [3:35:06 > 04:02]
SOAP:   2%|▏         | 464/25000 [3:34:50 > 04:02]
SOAP:   2%|▏         | 465/25000 [3:34:37 > 04:03]
SOAP:   2%|▏         | 466/25000 [3:34:53 > 04:04]
SOAP:   2%|▏         | 467/25000 [3:34:55 > 04:04]
SOAP:   2%|▏         | 468/25000 [3:35:01 > 04:05]
SOAP:   2%|▏         | 469/25000 [3:35:18 > 04:05]
SOAP:   2%|▏         | 470/25000 [3:35:14 > 04:06]
SOAP:   2%|▏         | 471/25000 [3:35:11 > 04:06]
SOAP:   2%|▏         | 472/25000 [3:35:06 > 04:07]
SOAP:   2%|▏         | 473/25000 [3:35:11 > 04:07]
SOAP:   2%|▏         | 474/25000 [3:35:17 > 04:08]
SOAP:   2%|▏         | 475/25000 [3:35:13 > 04:08]
SOAP:   2%|▏         | 476/25000 [3:34:46 > 04:09]
SOAP:   2%|▏         | 477/25000 [3:34:19 > 04:09]
SOAP:   2%|▏         | 478/25000 [3:34:33 > 04:10]
SOAP:   2%|▏         | 479/25000 [3:34:45 > 04:10]
SOAP:   2%|▏         | 480/25000 [3:34:50 > 04:11]
SOAP:   2%|▏         | 481/25000 [3:34:49 > 04:11]
SOAP:   2%|▏         | 482/25000 [3:34:59 > 04:12]
SOAP:   2%|▏         | 483/25000 [3:34:52 > 04:12]
SOAP:   2%|▏         | 484/25000 [3:34:17 > 04:13]
SOAP:   2%|▏         | 485/25000 [3:32:14 > 04:13]
SOAP:   2%|▏         | 486/25000 [3:34:02 > 04:14]
SOAP:   2%|▏         | 487/25000 [3:33:38 > 04:15]
SOAP:   2%|▏         | 488/25000 [3:33:27 > 04:15]
SOAP:   2%|▏         | 489/25000 [3:33:07 > 04:16]
SOAP:   2%|▏         | 490/25000 [3:31:26 > 04:16]
SOAP:   2%|▏         | 491/25000 [3:33:22 > 04:17]
SOAP:   2%|▏         | 492/25000 [3:33:05 > 04:17]
SOAP:   2%|▏         | 493/25000 [3:32:55 > 04:18]
SOAP:   2%|▏         | 494/25000 [3:32:47 > 04:18]
SOAP:   2%|▏         | 495/25000 [3:32:39 > 04:19]
SOAP:   2%|▏         | 496/25000 [3:32:34 > 04:19]
SOAP:   2%|▏         | 497/25000 [3:32:33 > 04:20]
SOAP:   2%|▏         | 498/25000 [3:32:36 > 04:20]
SOAP:   2%|▏         | 499/25000 [3:32:31 > 04:21]
SOAP:   2%|▏         | 500/25000 [3:32:33 > 04:21]
SOAP:   2%|▏         | 501/25000 [3:34:43 > 04:22]
SOAP:   2%|▏         | 502/25000 [3:32:09 > 04:22]
SOAP:   2%|▏         | 503/25000 [3:33:02 > 04:23]
SOAP:   2%|▏         | 504/25000 [3:32:53 > 04:23]
SOAP:   2%|▏         | 505/25000 [3:32:50 > 04:24]
SOAP:   2%|▏         | 506/25000 [3:32:42 > 04:24]
SOAP:   2%|▏         | 507/25000 [3:32:32 > 04:25]
SOAP:   2%|▏         | 508/25000 [3:32:34 > 04:25]
SOAP:   2%|▏         | 509/25000 [3:32:31 > 04:26]
SOAP:   2%|▏         | 510/25000 [3:32:29 > 04:27]
SOAP:   2%|▏         | 511/25000 [3:32:29 > 04:27]
SOAP:   2%|▏         | 512/25000 [3:32:26 > 04:28]
SOAP:   2%|▏         | 513/25000 [3:32:24 > 04:28]
SOAP:   2%|▏         | 514/25000 [3:32:19 > 04:29]
SOAP:   2%|▏         | 515/25000 [3:32:17 > 04:29]
SOAP:   2%|▏         | 516/25000 [3:32:14 > 04:30]
SOAP:   2%|▏         | 517/25000 [3:32:19 > 04:30]
SOAP:   2%|▏         | 518/25000 [3:32:18 > 04:31]
SOAP:   2%|▏         | 519/25000 [3:32:24 > 04:31]
SOAP:   2%|▏         | 520/25000 [3:32:20 > 04:32]
SOAP:   2%|▏         | 521/25000 [3:32:25 > 04:32]
SOAP:   2%|▏         | 522/25000 [3:32:29 > 04:33]
SOAP:   2%|▏         | 523/25000 [3:32:20 > 04:33]
SOAP:   2%|▏         | 524/25000 [3:32:25 > 04:34]
SOAP:   2%|▏         | 525/25000 [3:30:53 > 04:34]
SOAP:   2%|▏         | 526/25000 [3:31:55 > 04:35]
SOAP:   2%|▏         | 527/25000 [3:33:12 > 04:35]
SOAP:   2%|▏         | 528/25000 [3:33:01 > 04:36]
SOAP:   2%|▏         | 529/25000 [3:32:47 > 04:36]
SOAP:   2%|▏         | 530/25000 [3:32:41 > 04:37]
SOAP:   2%|▏         | 531/25000 [3:32:29 > 04:37]
SOAP:   2%|▏         | 532/25000 [3:32:25 > 04:38]
SOAP:   2%|▏         | 533/25000 [3:32:19 > 04:38]
SOAP:   2%|▏         | 534/25000 [3:32:23 > 04:39]
SOAP:   2%|▏         | 535/25000 [3:32:17 > 04:40]
SOAP:   2%|▏         | 536/25000 [3:31:31 > 04:40]
SOAP:   2%|▏         | 537/25000 [3:32:28 > 04:41]
SOAP:   2%|▏         | 538/25000 [3:32:30 > 04:41]
SOAP:   2%|▏         | 539/25000 [3:32:26 > 04:42]
SOAP:   2%|▏         | 540/25000 [3:32:24 > 04:42]
SOAP:   2%|▏         | 541/25000 [3:32:27 > 04:43]
SOAP:   2%|▏         | 542/25000 [3:32:27 > 04:43]
SOAP:   2%|▏         | 543/25000 [3:32:45 > 04:44]
SOAP:   2%|▏         | 544/25000 [3:31:24 > 04:44]
SOAP:   2%|▏         | 545/25000 [3:33:12 > 04:45]
SOAP:   2%|▏         | 546/25000 [3:32:56 > 04:45]
SOAP:   2%|▏         | 547/25000 [3:32:53 > 04:46]
SOAP:   2%|▏         | 548/25000 [3:32:39 > 04:46]
SOAP:   2%|▏         | 549/25000 [3:32:32 > 04:47]
SOAP:   2%|▏         | 550/25000 [3:32:18 > 04:47]
SOAP:   2%|▏         | 551/25000 [3:32:09 > 04:48]
SOAP:   2%|▏         | 552/25000 [3:32:06 > 04:48]
SOAP:   2%|▏         | 553/25000 [3:32:09 > 04:49]
SOAP:   2%|▏         | 554/25000 [3:32:11 > 04:49]
SOAP:   2%|▏         | 555/25000 [3:32:14 > 04:50]
SOAP:   2%|▏         | 556/25000 [3:32:13 > 04:50]
SOAP:   2%|▏         | 557/25000 [3:32:09 > 04:51]
SOAP:   2%|▏         | 558/25000 [3:32:21 > 04:52]
SOAP:   2%|▏         | 559/25000 [3:32:08 > 04:52]
SOAP:   2%|▏         | 560/25000 [3:30:34 > 04:53]
SOAP:   2%|▏         | 561/25000 [3:32:41 > 04:53]
SOAP:   2%|▏         | 562/25000 [3:32:25 > 04:54]
SOAP:   2%|▏         | 563/25000 [3:32:26 > 04:54]
SOAP:   2%|▏         | 564/25000 [3:32:26 > 04:55]
SOAP:   2%|▏         | 565/25000 [3:32:20 > 04:55]
SOAP:   2%|▏         | 566/25000 [3:32:13 > 04:56]
SOAP:   2%|▏         | 567/25000 [3:32:13 > 04:56]
SOAP:   2%|▏         | 568/25000 [3:32:09 > 04:57]
SOAP:   2%|▏         | 569/25000 [3:32:07 > 04:57]
SOAP:   2%|▏         | 570/25000 [3:32:07 > 04:58]
SOAP:   2%|▏         | 571/25000 [3:31:57 > 04:58]
SOAP:   2%|▏         | 572/25000 [3:32:04 > 04:59]
SOAP:   2%|▏         | 573/25000 [3:30:25 > 04:59]
SOAP:   2%|▏         | 574/25000 [3:32:32 > 05:00]
SOAP:   2%|▏         | 575/25000 [3:32:23 > 05:00]
SOAP:   2%|▏         | 576/25000 [3:32:13 > 05:01]
SOAP:   2%|▏         | 577/25000 [3:32:12 > 05:01]
SOAP:   2%|▏         | 578/25000 [3:32:03 > 05:02]
SOAP:   2%|▏         | 579/25000 [3:32:15 > 05:02]
SOAP:   2%|▏         | 580/25000 [3:32:41 > 05:03]
SOAP:   2%|▏         | 581/25000 [3:32:35 > 05:04]
SOAP:   2%|▏         | 582/25000 [3:32:25 > 05:04]
SOAP:   2%|▏         | 583/25000 [3:32:15 > 05:05]
SOAP:   2%|▏         | 584/25000 [3:32:12 > 05:05]
SOAP:   2%|▏         | 585/25000 [3:32:03 > 05:06]
SOAP:   2%|▏         | 586/25000 [3:31:55 > 05:06]
SOAP:   2%|▏         | 587/25000 [3:32:02 > 05:07]
SOAP:   2%|▏         | 588/25000 [3:31:47 > 05:07]
SOAP:   2%|▏         | 589/25000 [3:31:54 > 05:08]
SOAP:   2%|▏         | 590/25000 [3:31:51 > 05:08]
SOAP:   2%|▏         | 591/25000 [3:31:47 > 05:09]
SOAP:   2%|▏         | 592/25000 [3:31:45 > 05:09]
SOAP:   2%|▏         | 593/25000 [3:31:43 > 05:10]
SOAP:   2%|▏         | 594/25000 [3:31:44 > 05:10]
SOAP:   2%|▏         | 595/25000 [3:31:52 > 05:11]
SOAP:   2%|▏         | 596/25000 [3:31:52 > 05:11]
SOAP:   2%|▏         | 597/25000 [3:31:57 > 05:12]
SOAP:   2%|▏         | 598/25000 [3:31:54 > 05:12]
SOAP:   2%|▏         | 599/25000 [3:30:11 > 05:13]
SOAP:   2%|▏         | 600/25000 [3:32:21 > 05:13]
SOAP:   2%|▏         | 601/25000 [3:34:20 > 05:14]
SOAP:   2%|▏         | 602/25000 [3:32:29 > 05:14]
SOAP:   2%|▏         | 603/25000 [3:32:14 > 05:15]
SOAP:   2%|▏         | 604/25000 [3:32:10 > 05:15]
SOAP:   2%|▏         | 605/25000 [3:31:59 > 05:16]
SOAP:   2%|▏         | 606/25000 [3:31:49 > 05:17]
SOAP:   2%|▏         | 607/25000 [3:31:50 > 05:17]
SOAP:   2%|▏         | 608/25000 [3:31:41 > 05:18]
SOAP:   2%|▏         | 609/25000 [3:32:00 > 05:18]
SOAP:   2%|▏         | 610/25000 [3:32:24 > 05:19]
SOAP:   2%|▏         | 611/25000 [3:32:19 > 05:19]
SOAP:   2%|▏         | 612/25000 [3:32:03 > 05:20]
SOAP:   2%|▏         | 613/25000 [3:32:02 > 05:20]
SOAP:   2%|▏         | 614/25000 [3:31:48 > 05:21]
SOAP:   2%|▏         | 615/25000 [3:32:04 > 05:21]
SOAP:   2%|▏         | 616/25000 [3:32:25 > 05:22]
SOAP:   2%|▏         | 617/25000 [3:32:14 > 05:22]
SOAP:   2%|▏         | 618/25000 [3:32:04 > 05:23]
SOAP:   2%|▏         | 619/25000 [3:31:55 > 05:23]
SOAP:   2%|▏         | 620/25000 [3:31:49 > 05:24]
SOAP:   2%|▏         | 621/25000 [3:31:43 > 05:24]
SOAP:   2%|▏         | 622/25000 [3:31:44 > 05:25]
SOAP:   2%|▏         | 623/25000 [3:31:43 > 05:25]
SOAP:   2%|▏         | 624/25000 [3:31:42 > 05:26]
SOAP:   2%|▎         | 625/25000 [3:31:28 > 05:26]
SOAP:   3%|▎         | 626/25000 [3:31:21 > 05:27]
SOAP:   3%|▎         | 627/25000 [3:31:29 > 05:27]
SOAP:   3%|▎         | 628/25000 [3:31:28 > 05:28]
SOAP:   3%|▎         | 629/25000 [3:31:24 > 05:29]
SOAP:   3%|▎         | 630/25000 [3:31:30 > 05:29]
SOAP:   3%|▎         | 631/25000 [3:31:33 > 05:30]
SOAP:   3%|▎         | 632/25000 [3:31:29 > 05:30]
SOAP:   3%|▎         | 633/25000 [3:31:30 > 05:31]
SOAP:   3%|▎         | 634/25000 [3:31:31 > 05:31]
SOAP:   3%|▎         | 635/25000 [3:31:29 > 05:32]
SOAP:   3%|▎         | 636/25000 [3:31:32 > 05:32]
SOAP:   3%|▎         | 637/25000 [3:31:24 > 05:33]
SOAP:   3%|▎         | 638/25000 [3:31:27 > 05:33]
SOAP:   3%|▎         | 639/25000 [3:31:29 > 05:34]
SOAP:   3%|▎         | 640/25000 [3:31:39 > 05:34]
SOAP:   3%|▎         | 641/25000 [3:31:36 > 05:35]
SOAP:   3%|▎         | 642/25000 [3:31:25 > 05:35]
SOAP:   3%|▎         | 643/25000 [3:31:23 > 05:36]
SOAP:   3%|▎         | 644/25000 [3:31:19 > 05:36]
SOAP:   3%|▎         | 645/25000 [3:31:21 > 05:37]
SOAP:   3%|▎         | 646/25000 [3:31:20 > 05:37]
SOAP:   3%|▎         | 647/25000 [3:31:25 > 05:38]
SOAP:   3%|▎         | 648/25000 [3:31:24 > 05:38]
SOAP:   3%|▎         | 649/25000 [3:31:23 > 05:39]
SOAP:   3%|▎         | 650/25000 [3:31:18 > 05:39]
SOAP:   3%|▎         | 651/25000 [3:31:24 > 05:40]
SOAP:   3%|▎         | 652/25000 [3:31:24 > 05:41]
SOAP:   3%|▎         | 653/25000 [3:31:24 > 05:41]
SOAP:   3%|▎         | 654/25000 [3:31:20 > 05:42]
SOAP:   3%|▎         | 655/25000 [3:31:28 > 05:42]
SOAP:   3%|▎         | 656/25000 [3:31:31 > 05:43]
SOAP:   3%|▎         | 657/25000 [3:31:29 > 05:43]
SOAP:   3%|▎         | 658/25000 [3:31:26 > 05:44]
SOAP:   3%|▎         | 659/25000 [3:31:28 > 05:44]
SOAP:   3%|▎         | 660/25000 [3:30:48 > 05:45]
SOAP:   3%|▎         | 661/25000 [3:31:49 > 05:45]
SOAP:   3%|▎         | 662/25000 [3:31:32 > 05:46]
SOAP:   3%|▎         | 663/25000 [3:31:22 > 05:46]
SOAP:   3%|▎         | 664/25000 [3:31:24 > 05:47]
SOAP:   3%|▎         | 665/25000 [3:31:26 > 05:47]
SOAP:   3%|▎         | 666/25000 [3:32:01 > 05:48]
SOAP:   3%|▎         | 667/25000 [3:31:43 > 05:48]
SOAP:   3%|▎         | 668/25000 [3:31:39 > 05:49]
SOAP:   3%|▎         | 669/25000 [3:31:24 > 05:49]
SOAP:   3%|▎         | 670/25000 [3:31:29 > 05:50]
SOAP:   3%|▎         | 671/25000 [3:31:19 > 05:50]
SOAP:   3%|▎         | 672/25000 [3:31:28 > 05:51]
SOAP:   3%|▎         | 673/25000 [3:31:19 > 05:51]
SOAP:   3%|▎         | 674/25000 [3:31:20 > 05:52]
SOAP:   3%|▎         | 675/25000 [3:31:12 > 05:52]
SOAP:   3%|▎         | 676/25000 [3:31:17 > 05:53]
SOAP:   3%|▎         | 677/25000 [3:31:05 > 05:54]
SOAP:   3%|▎         | 678/25000 [3:31:15 > 05:54]
SOAP:   3%|▎         | 679/25000 [3:31:17 > 05:55]
SOAP:   3%|▎         | 680/25000 [3:31:17 > 05:55]
SOAP:   3%|▎         | 681/25000 [3:31:16 > 05:56]
SOAP:   3%|▎         | 682/25000 [3:31:03 > 05:56]
SOAP:   3%|▎         | 683/25000 [3:31:12 > 05:57]
SOAP:   3%|▎         | 684/25000 [3:31:43 > 05:57]
SOAP:   3%|▎         | 685/25000 [3:31:45 > 05:58]
SOAP:   3%|▎         | 686/25000 [3:32:10 > 05:58]
SOAP:   3%|▎         | 687/25000 [3:31:58 > 05:59]
SOAP:   3%|▎         | 688/25000 [3:31:44 > 05:59]
SOAP:   3%|▎         | 689/25000 [3:31:29 > 06:00]
SOAP:   3%|▎         | 690/25000 [3:29:53 > 06:00]
SOAP:   3%|▎         | 691/25000 [3:31:36 > 06:01]
SOAP:   3%|▎         | 692/25000 [3:31:24 > 06:01]
SOAP:   3%|▎         | 693/25000 [3:31:20 > 06:02]
SOAP:   3%|▎         | 694/25000 [3:31:36 > 06:02]
SOAP:   3%|▎         | 695/25000 [3:31:54 > 06:03]
SOAP:   3%|▎         | 696/25000 [3:29:55 > 06:03]
SOAP:   3%|▎         | 697/25000 [3:31:59 > 06:04]
SOAP:   3%|▎         | 698/25000 [3:31:47 > 06:05]
SOAP:   3%|▎         | 699/25000 [3:31:32 > 06:05]
SOAP:   3%|▎         | 700/25000 [3:31:16 > 06:06]
SOAP:   3%|▎         | 701/25000 [3:33:13 > 06:06]
SOAP:   3%|▎         | 702/25000 [3:31:34 > 06:07]
SOAP:   3%|▎         | 703/25000 [3:31:25 > 06:07]
SOAP:   3%|▎         | 704/25000 [3:31:12 > 06:08]
SOAP:   3%|▎         | 705/25000 [3:31:13 > 06:08]
SOAP:   3%|▎         | 706/25000 [3:31:10 > 06:09]
SOAP:   3%|▎         | 707/25000 [3:31:06 > 06:09]
SOAP:   3%|▎         | 708/25000 [3:31:00 > 06:10]
SOAP:   3%|▎         | 709/25000 [3:31:07 > 06:10]
SOAP:   3%|▎         | 710/25000 [3:30:56 > 06:11]
SOAP:   3%|▎         | 711/25000 [3:30:55 > 06:11]
SOAP:   3%|▎         | 712/25000 [3:30:44 > 06:12]
SOAP:   3%|▎         | 713/25000 [3:30:57 > 06:12]
SOAP:   3%|▎         | 714/25000 [3:30:50 > 06:13]
SOAP:   3%|▎         | 715/25000 [3:30:48 > 06:13]
SOAP:   3%|▎         | 716/25000 [3:30:51 > 06:14]
SOAP:   3%|▎         | 717/25000 [3:30:47 > 06:14]
SOAP:   3%|▎         | 718/25000 [3:30:51 > 06:15]
SOAP:   3%|▎         | 719/25000 [3:30:44 > 06:15]
SOAP:   3%|▎         | 720/25000 [3:30:45 > 06:16]
SOAP:   3%|▎         | 721/25000 [3:30:47 > 06:16]
SOAP:   3%|▎         | 722/25000 [3:30:49 > 06:17]
SOAP:   3%|▎         | 723/25000 [3:30:38 > 06:18]
SOAP:   3%|▎         | 724/25000 [3:30:45 > 06:18]
SOAP:   3%|▎         | 725/25000 [3:30:47 > 06:19]
SOAP:   3%|▎         | 726/25000 [3:30:47 > 06:19]
SOAP:   3%|▎         | 727/25000 [3:30:47 > 06:20]
SOAP:   3%|▎         | 728/25000 [3:30:47 > 06:20]
SOAP:   3%|▎         | 729/25000 [3:30:44 > 06:21]
SOAP:   3%|▎         | 730/25000 [3:30:49 > 06:21]
SOAP:   3%|▎         | 731/25000 [3:30:40 > 06:22]
SOAP:   3%|▎         | 732/25000 [3:30:40 > 06:22]
SOAP:   3%|▎         | 733/25000 [3:30:46 > 06:23]
SOAP:   3%|▎         | 734/25000 [3:30:44 > 06:23]
SOAP:   3%|▎         | 735/25000 [3:29:15 > 06:24]
SOAP:   3%|▎         | 736/25000 [3:31:09 > 06:24]
SOAP:   3%|▎         | 737/25000 [3:31:02 > 06:25]
SOAP:   3%|▎         | 738/25000 [3:30:33 > 06:25]
SOAP:   3%|▎         | 739/25000 [3:30:30 > 06:26]
SOAP:   3%|▎         | 740/25000 [3:30:27 > 06:26]
SOAP:   3%|▎         | 741/25000 [3:30:35 > 06:27]
SOAP:   3%|▎         | 742/25000 [3:30:37 > 06:27]
SOAP:   3%|▎         | 743/25000 [3:30:35 > 06:28]
SOAP:   3%|▎         | 744/25000 [3:30:35 > 06:28]
SOAP:   3%|▎         | 745/25000 [3:30:35 > 06:29]
SOAP:   3%|▎         | 746/25000 [3:30:37 > 06:30]
SOAP:   3%|▎         | 747/25000 [3:30:33 > 06:30]
SOAP:   3%|▎         | 748/25000 [3:30:30 > 06:31]
SOAP:   3%|▎         | 749/25000 [3:30:27 > 06:31]
SOAP:   3%|▎         | 750/25000 [3:30:31 > 06:32]
SOAP:   3%|▎         | 751/25000 [3:30:38 > 06:32]
SOAP:   3%|▎         | 752/25000 [3:30:36 > 06:33]
SOAP:   3%|▎         | 753/25000 [3:30:31 > 06:33]
SOAP:   3%|▎         | 754/25000 [3:29:36 > 06:34]
SOAP:   3%|▎         | 755/25000 [3:31:04 > 06:34]
SOAP:   3%|▎         | 756/25000 [3:30:35 > 06:35]
SOAP:   3%|▎         | 757/25000 [3:30:33 > 06:35]
SOAP:   3%|▎         | 758/25000 [3:30:27 > 06:36]
SOAP:   3%|▎         | 759/25000 [3:30:27 > 06:36]
SOAP:   3%|▎         | 760/25000 [3:30:31 > 06:37]
SOAP:   3%|▎         | 761/25000 [3:30:30 > 06:37]
SOAP:   3%|▎         | 762/25000 [3:30:24 > 06:38]
SOAP:   3%|▎         | 763/25000 [3:30:27 > 06:38]
SOAP:   3%|▎         | 764/25000 [3:30:22 > 06:39]
SOAP:   3%|▎         | 765/25000 [3:30:23 > 06:39]
SOAP:   3%|▎         | 766/25000 [3:30:27 > 06:40]
SOAP:   3%|▎         | 767/25000 [3:30:27 > 06:40]
SOAP:   3%|▎         | 768/25000 [3:30:25 > 06:41]
SOAP:   3%|▎         | 769/25000 [3:30:35 > 06:41]
SOAP:   3%|▎         | 770/25000 [3:30:32 > 06:42]
SOAP:   3%|▎         | 771/25000 [3:30:32 > 06:43]
SOAP:   3%|▎         | 772/25000 [3:30:28 > 06:43]
SOAP:   3%|▎         | 773/25000 [3:30:28 > 06:44]
SOAP:   3%|▎         | 774/25000 [3:30:33 > 06:44]
SOAP:   3%|▎         | 775/25000 [3:30:26 > 06:45]
SOAP:   3%|▎         | 776/25000 [3:30:26 > 06:45]
SOAP:   3%|▎         | 777/25000 [3:30:17 > 06:46]
SOAP:   3%|▎         | 778/25000 [3:30:24 > 06:46]
SOAP:   3%|▎         | 779/25000 [3:30:21 > 06:47]
SOAP:   3%|▎         | 780/25000 [3:30:21 > 06:47]
SOAP:   3%|▎         | 781/25000 [3:30:19 > 06:48]
SOAP:   3%|▎         | 782/25000 [3:30:22 > 06:48]
SOAP:   3%|▎         | 783/25000 [3:30:19 > 06:49]
SOAP:   3%|▎         | 784/25000 [3:30:17 > 06:49]
SOAP:   3%|▎         | 785/25000 [3:30:13 > 06:50]
SOAP:   3%|▎         | 786/25000 [3:30:04 > 06:50]
SOAP:   3%|▎         | 787/25000 [3:30:11 > 06:51]
SOAP:   3%|▎         | 788/25000 [3:30:06 > 06:51]
SOAP:   3%|▎         | 789/25000 [3:30:13 > 06:52]
SOAP:   3%|▎         | 790/25000 [3:30:12 > 06:52]
SOAP:   3%|▎         | 791/25000 [3:30:05 > 06:53]
SOAP:   3%|▎         | 792/25000 [3:30:08 > 06:53]
SOAP:   3%|▎         | 793/25000 [3:28:46 > 06:54]
SOAP:   3%|▎         | 794/25000 [3:30:34 > 06:55]
SOAP:   3%|▎         | 795/25000 [3:31:03 > 06:55]
SOAP:   3%|▎         | 796/25000 [3:30:49 > 06:56]
SOAP:   3%|▎         | 797/25000 [3:30:32 > 06:56]
SOAP:   3%|▎         | 798/25000 [3:30:26 > 06:57]
SOAP:   3%|▎         | 799/25000 [3:30:28 > 06:57]
SOAP:   3%|▎         | 800/25000 [3:30:30 > 06:58]
SOAP:   3%|▎         | 801/25000 [3:31:37 > 06:58]
SOAP:   3%|▎         | 802/25000 [3:31:27 > 06:59]
SOAP:   3%|▎         | 803/25000 [3:31:03 > 06:59]
SOAP:   3%|▎         | 804/25000 [3:30:47 > 07:00]
SOAP:   3%|▎         | 805/25000 [3:30:36 > 07:00]
SOAP:   3%|▎         | 806/25000 [3:28:50 > 07:01]
SOAP:   3%|▎         | 807/25000 [3:30:49 > 07:01]
SOAP:   3%|▎         | 808/25000 [3:30:38 > 07:02]
SOAP:   3%|▎         | 809/25000 [3:30:28 > 07:02]
SOAP:   3%|▎         | 810/25000 [3:30:20 > 07:03]
SOAP:   3%|▎         | 811/25000 [3:30:13 > 07:03]
SOAP:   3%|▎         | 812/25000 [3:30:06 > 07:04]
SOAP:   3%|▎         | 813/25000 [3:29:57 > 07:04]
SOAP:   3%|▎         | 814/25000 [3:30:02 > 07:05]
SOAP:   3%|▎         | 815/25000 [3:29:59 > 07:05]
SOAP:   3%|▎         | 816/25000 [3:30:00 > 07:06]
SOAP:   3%|▎         | 817/25000 [3:30:02 > 07:07]
SOAP:   3%|▎         | 818/25000 [3:30:03 > 07:07]
SOAP:   3%|▎         | 819/25000 [3:30:08 > 07:08]
SOAP:   3%|▎         | 820/25000 [3:29:58 > 07:08]
SOAP:   3%|▎         | 821/25000 [3:30:05 > 07:09]
SOAP:   3%|▎         | 822/25000 [3:30:07 > 07:09]
SOAP:   3%|▎         | 823/25000 [3:30:01 > 07:10]
SOAP:   3%|▎         | 824/25000 [3:30:03 > 07:10]
SOAP:   3%|▎         | 825/25000 [3:30:03 > 07:11]
SOAP:   3%|▎         | 826/25000 [3:30:05 > 07:11]
SOAP:   3%|▎         | 827/25000 [3:29:54 > 07:12]
SOAP:   3%|▎         | 828/25000 [3:30:02 > 07:12]
SOAP:   3%|▎         | 829/25000 [3:29:56 > 07:13]
SOAP:   3%|▎         | 830/25000 [3:29:50 > 07:13]
SOAP:   3%|▎         | 831/25000 [3:29:49 > 07:14]
SOAP:   3%|▎         | 832/25000 [3:28:20 > 07:14]
SOAP:   3%|▎         | 833/25000 [3:30:10 > 07:15]
SOAP:   3%|▎         | 834/25000 [3:29:56 > 07:15]
SOAP:   3%|▎         | 835/25000 [3:29:59 > 07:16]
SOAP:   3%|▎         | 836/25000 [3:29:56 > 07:16]
SOAP:   3%|▎         | 837/25000 [3:29:47 > 07:17]
SOAP:   3%|▎         | 838/25000 [3:29:49 > 07:17]
SOAP:   3%|▎         | 839/25000 [3:29:51 > 07:18]
SOAP:   3%|▎         | 840/25000 [3:29:49 > 07:19]
SOAP:   3%|▎         | 841/25000 [3:29:45 > 07:19]
SOAP:   3%|▎         | 842/25000 [3:29:46 > 07:20]
SOAP:   3%|▎         | 843/25000 [3:29:47 > 07:20]
SOAP:   3%|▎         | 844/25000 [3:29:46 > 07:21]
SOAP:   3%|▎         | 845/25000 [3:29:49 > 07:21]
SOAP:   3%|▎         | 846/25000 [3:29:50 > 07:22]
SOAP:   3%|▎         | 847/25000 [3:29:47 > 07:22]
SOAP:   3%|▎         | 848/25000 [3:29:46 > 07:23]
SOAP:   3%|▎         | 849/25000 [3:28:01 > 07:23]
SOAP:   3%|▎         | 850/25000 [3:30:07 > 07:24]
SOAP:   3%|▎         | 851/25000 [3:30:05 > 07:24]
SOAP:   3%|▎         | 852/25000 [3:29:54 > 07:25]
SOAP:   3%|▎         | 853/25000 [3:29:56 > 07:25]
SOAP:   3%|▎         | 854/25000 [3:28:18 > 07:26]
SOAP:   3%|▎         | 855/25000 [3:30:13 > 07:26]
SOAP:   3%|▎         | 856/25000 [3:30:01 > 07:27]
SOAP:   3%|▎         | 857/25000 [3:29:51 > 07:27]
SOAP:   3%|▎         | 858/25000 [3:29:46 > 07:28]
SOAP:   3%|▎         | 859/25000 [3:29:40 > 07:28]
SOAP:   3%|▎         | 860/25000 [3:29:36 > 07:29]
SOAP:   3%|▎         | 861/25000 [3:29:35 > 07:29]
SOAP:   3%|▎         | 862/25000 [3:29:36 > 07:30]
SOAP:   3%|▎         | 863/25000 [3:29:34 > 07:30]
SOAP:   3%|▎         | 864/25000 [3:29:33 > 07:31]
SOAP:   3%|▎         | 865/25000 [3:29:26 > 07:32]
SOAP:   3%|▎         | 866/25000 [3:29:23 > 07:32]
SOAP:   3%|▎         | 867/25000 [3:29:18 > 07:33]
SOAP:   3%|▎         | 868/25000 [3:29:19 > 07:33]
SOAP:   3%|▎         | 869/25000 [3:27:42 > 07:34]
SOAP:   3%|▎         | 870/25000 [3:30:01 > 07:34]
SOAP:   3%|▎         | 871/25000 [3:29:59 > 07:35]
SOAP:   3%|▎         | 872/25000 [3:29:47 > 07:35]
SOAP:   3%|▎         | 873/25000 [3:29:43 > 07:36]
SOAP:   3%|▎         | 874/25000 [3:29:38 > 07:36]
SOAP:   4%|▎         | 875/25000 [3:29:37 > 07:37]
SOAP:   4%|▎         | 876/25000 [3:29:30 > 07:37]
SOAP:   4%|▎         | 877/25000 [3:29:34 > 07:38]
SOAP:   4%|▎         | 878/25000 [3:29:25 > 07:38]
SOAP:   4%|▎         | 879/25000 [3:27:51 > 07:39]
SOAP:   4%|▎         | 880/25000 [3:29:54 > 07:39]
SOAP:   4%|▎         | 881/25000 [3:29:50 > 07:40]
SOAP:   4%|▎         | 882/25000 [3:27:55 > 07:40]
SOAP:   4%|▎         | 883/25000 [3:30:02 > 07:41]
SOAP:   4%|▎         | 884/25000 [3:29:42 > 07:41]
SOAP:   4%|▎         | 885/25000 [3:29:36 > 07:42]
SOAP:   4%|▎         | 886/25000 [3:28:32 > 07:42]
SOAP:   4%|▎         | 887/25000 [3:29:57 > 07:43]
SOAP:   4%|▎         | 888/25000 [3:30:11 > 07:44]
SOAP:   4%|▎         | 889/25000 [3:29:58 > 07:44]
SOAP:   4%|▎         | 890/25000 [3:28:12 > 07:45]
SOAP:   4%|▎         | 891/25000 [3:30:06 > 07:45]
SOAP:   4%|▎         | 892/25000 [3:29:49 > 07:46]
SOAP:   4%|▎         | 893/25000 [3:29:45 > 07:46]
SOAP:   4%|▎         | 894/25000 [3:29:32 > 07:47]
SOAP:   4%|▎         | 895/25000 [3:29:32 > 07:47]
SOAP:   4%|▎         | 896/25000 [3:29:29 > 07:48]
SOAP:   4%|▎         | 897/25000 [3:29:25 > 07:48]
SOAP:   4%|▎         | 898/25000 [3:29:42 > 07:49]
SOAP:   4%|▎         | 899/25000 [3:30:02 > 07:49]
SOAP:   4%|▎         | 900/25000 [3:29:47 > 07:50]
SOAP:   4%|▎         | 901/25000 [3:31:45 > 07:50]
SOAP:   4%|▎         | 902/25000 [3:30:05 > 07:51]
SOAP:   4%|▎         | 903/25000 [3:29:40 > 07:51]
SOAP:   4%|▎         | 904/25000 [3:29:24 > 07:52]
SOAP:   4%|▎         | 905/25000 [3:29:17 > 07:52]
SOAP:   4%|▎         | 906/25000 [3:29:27 > 07:53]
SOAP:   4%|▎         | 907/25000 [3:29:16 > 07:53]
SOAP:   4%|▎         | 908/25000 [3:29:23 > 07:54]
SOAP:   4%|▎         | 909/25000 [3:29:17 > 07:54]
SOAP:   4%|▎         | 910/25000 [3:29:32 > 07:55]
SOAP:   4%|▎         | 911/25000 [3:29:37 > 07:56]
SOAP:   4%|▎         | 912/25000 [3:29:50 > 07:56]
SOAP:   4%|▎         | 913/25000 [3:29:29 > 07:57]
SOAP:   4%|▎         | 914/25000 [3:29:33 > 07:57]
SOAP:   4%|▎         | 915/25000 [3:29:21 > 07:58]
SOAP:   4%|▎         | 916/25000 [3:29:19 > 07:58]
SOAP:   4%|▎         | 917/25000 [3:29:08 > 07:59]
SOAP:   4%|▎         | 918/25000 [3:29:13 > 07:59]
SOAP:   4%|▎         | 919/25000 [3:29:13 > 08:00]
SOAP:   4%|▎         | 920/25000 [3:29:06 > 08:00]
SOAP:   4%|▎         | 921/25000 [3:29:10 > 08:01]
SOAP:   4%|▎         | 922/25000 [3:29:17 > 08:01]
SOAP:   4%|▎         | 923/25000 [3:29:04 > 08:02]
SOAP:   4%|▎         | 924/25000 [3:29:05 > 08:02]
SOAP:   4%|▎         | 925/25000 [3:29:20 > 08:03]
SOAP:   4%|▎         | 926/25000 [3:29:42 > 08:03]
SOAP:   4%|▎         | 927/25000 [3:29:30 > 08:04]
SOAP:   4%|▎         | 928/25000 [3:29:16 > 08:04]
SOAP:   4%|▎         | 929/25000 [3:27:33 > 08:05]
SOAP:   4%|▎         | 930/25000 [3:29:44 > 08:05]
SOAP:   4%|▎         | 931/25000 [3:29:30 > 08:06]
SOAP:   4%|▎         | 932/25000 [3:29:15 > 08:06]
SOAP:   4%|▎         | 933/25000 [3:29:14 > 08:07]
SOAP:   4%|▎         | 934/25000 [3:29:02 > 08:08]
SOAP:   4%|▎         | 935/25000 [3:29:07 > 08:08]
SOAP:   4%|▎         | 936/25000 [3:28:57 > 08:09]
SOAP:   4%|▎         | 937/25000 [3:28:57 > 08:09]
SOAP:   4%|▍         | 938/25000 [3:28:54 > 08:10]
SOAP:   4%|▍         | 939/25000 [3:28:53 > 08:10]
SOAP:   4%|▍         | 940/25000 [3:28:51 > 08:11]
SOAP:   4%|▍         | 941/25000 [3:28:54 > 08:11]
SOAP:   4%|▍         | 942/25000 [3:28:48 > 08:12]
SOAP:   4%|▍         | 943/25000 [3:28:48 > 08:12]
SOAP:   4%|▍         | 944/25000 [3:28:48 > 08:13]
SOAP:   4%|▍         | 945/25000 [3:29:12 > 08:13]
SOAP:   4%|▍         | 946/25000 [3:29:39 > 08:14]
SOAP:   4%|▍         | 947/25000 [3:30:09 > 08:14]
SOAP:   4%|▍         | 948/25000 [3:30:29 > 08:15]
SOAP:   4%|▍         | 949/25000 [3:30:57 > 08:15]
SOAP:   4%|▍         | 950/25000 [3:30:53 > 08:16]
SOAP:   4%|▍         | 951/25000 [3:30:56 > 08:16]
SOAP:   4%|▍         | 952/25000 [3:31:09 > 08:17]
SOAP:   4%|▍         | 953/25000 [3:31:07 > 08:17]
SOAP:   4%|▍         | 954/25000 [3:30:58 > 08:18]
SOAP:   4%|▍         | 955/25000 [3:31:00 > 08:19]
SOAP:   4%|▍         | 956/25000 [3:31:01 > 08:19]
SOAP:   4%|▍         | 957/25000 [3:30:56 > 08:20]
SOAP:   4%|▍         | 958/25000 [3:31:00 > 08:20]
SOAP:   4%|▍         | 959/25000 [3:31:10 > 08:21]
SOAP:   4%|▍         | 960/25000 [3:31:01 > 08:21]
SOAP:   4%|▍         | 961/25000 [3:30:58 > 08:22]
SOAP:   4%|▍         | 962/25000 [3:30:50 > 08:22]
SOAP:   4%|▍         | 963/25000 [3:30:56 > 08:23]
SOAP:   4%|▍         | 964/25000 [3:31:04 > 08:23]
SOAP:   4%|▍         | 965/25000 [3:30:55 > 08:24]
SOAP:   4%|▍         | 966/25000 [3:30:55 > 08:24]
SOAP:   4%|▍         | 967/25000 [3:30:58 > 08:25]
SOAP:   4%|▍         | 968/25000 [3:31:07 > 08:25]
SOAP:   4%|▍         | 969/25000 [3:30:59 > 08:26]
SOAP:   4%|▍         | 970/25000 [3:30:53 > 08:26]
SOAP:   4%|▍         | 971/25000 [3:30:57 > 08:27]
SOAP:   4%|▍         | 972/25000 [3:31:05 > 08:27]
SOAP:   4%|▍         | 973/25000 [3:31:02 > 08:28]
SOAP:   4%|▍         | 974/25000 [3:30:56 > 08:29]
SOAP:   4%|▍         | 975/25000 [3:31:01 > 08:29]
SOAP:   4%|▍         | 976/25000 [3:30:58 > 08:30]
SOAP:   4%|▍         | 977/25000 [3:31:00 > 08:30]
SOAP:   4%|▍         | 978/25000 [3:30:54 > 08:31]
SOAP:   4%|▍         | 979/25000 [3:30:54 > 08:31]
SOAP:   4%|▍         | 980/25000 [3:30:52 > 08:32]
SOAP:   4%|▍         | 981/25000 [3:30:59 > 08:32]
SOAP:   4%|▍         | 982/25000 [3:30:51 > 08:33]
SOAP:   4%|▍         | 983/25000 [3:30:51 > 08:33]
SOAP:   4%|▍         | 984/25000 [3:30:43 > 08:34]
SOAP:   4%|▍         | 985/25000 [3:30:48 > 08:34]
SOAP:   4%|▍         | 986/25000 [3:30:45 > 08:35]
SOAP:   4%|▍         | 987/25000 [3:29:56 > 08:35]
SOAP:   4%|▍         | 988/25000 [3:29:40 > 08:36]
SOAP:   4%|▍         | 989/25000 [3:29:52 > 08:36]
SOAP:   4%|▍         | 990/25000 [3:30:07 > 08:37]
SOAP:   4%|▍         | 991/25000 [3:30:15 > 08:37]
SOAP:   4%|▍         | 992/25000 [3:30:26 > 08:38]
SOAP:   4%|▍         | 993/25000 [3:30:36 > 08:39]
SOAP:   4%|▍         | 994/25000 [3:30:38 > 08:39]
SOAP:   4%|▍         | 995/25000 [3:30:36 > 08:40]
SOAP:   4%|▍         | 996/25000 [3:30:50 > 08:40]
SOAP:   4%|▍         | 997/25000 [3:30:42 > 08:41]
SOAP:   4%|▍         | 998/25000 [3:30:42 > 08:41]
SOAP:   4%|▍         | 999/25000 [3:30:35 > 08:42]
SOAP:   4%|▍         | 1000/25000 [3:30:44 > 08:42]
SOAP:   4%|▍         | 1001/25000 [3:31:49 > 08:43]
SOAP:   4%|▍         | 1002/25000 [3:31:25 > 08:43]
SOAP:   4%|▍         | 1003/25000 [3:31:03 > 08:44]
SOAP:   4%|▍         | 1004/25000 [3:30:31 > 08:44]
SOAP:   4%|▍         | 1005/25000 [3:30:28 > 08:45]
SOAP:   4%|▍         | 1006/25000 [3:28:34 > 08:45]
SOAP:   4%|▍         | 1007/25000 [3:30:20 > 08:46]
SOAP:   4%|▍         | 1008/25000 [3:30:18 > 08:46]
SOAP:   4%|▍         | 1009/25000 [3:30:22 > 08:47]
SOAP:   4%|▍         | 1010/25000 [3:30:24 > 08:47]
SOAP:   4%|▍         | 1011/25000 [3:30:39 > 08:48]
SOAP:   4%|▍         | 1012/25000 [3:30:34 > 08:49]
SOAP:   4%|▍         | 1013/25000 [3:30:31 > 08:49]
SOAP:   4%|▍         | 1014/25000 [3:30:27 > 08:50]
SOAP:   4%|▍         | 1015/25000 [3:30:22 > 08:50]
SOAP:   4%|▍         | 1016/25000 [3:29:54 > 08:51]
SOAP:   4%|▍         | 1017/25000 [3:30:11 > 08:51]
SOAP:   4%|▍         | 1018/25000 [3:28:27 > 08:52]
SOAP:   4%|▍         | 1019/25000 [3:30:16 > 08:52]
SOAP:   4%|▍         | 1020/25000 [3:30:15 > 08:53]
SOAP:   4%|▍         | 1021/25000 [3:30:21 > 08:53]
SOAP:   4%|▍         | 1022/25000 [3:30:34 > 08:54]
SOAP:   4%|▍         | 1023/25000 [3:30:39 > 08:54]
SOAP:   4%|▍         | 1024/25000 [3:30:57 > 08:55]
SOAP:   4%|▍         | 1025/25000 [3:30:53 > 08:55]
SOAP:   4%|▍         | 1026/25000 [3:31:08 > 08:56]
SOAP:   4%|▍         | 1027/25000 [3:31:05 > 08:56]
SOAP:   4%|▍         | 1028/25000 [3:30:46 > 08:57]
SOAP:   4%|▍         | 1029/25000 [3:30:25 > 08:57]
SOAP:   4%|▍         | 1030/25000 [3:30:17 > 08:58]
SOAP:   4%|▍         | 1031/25000 [3:30:16 > 08:59]
SOAP:   4%|▍         | 1032/25000 [3:30:21 > 08:59]
SOAP:   4%|▍         | 1033/25000 [3:30:25 > 09:00]
SOAP:   4%|▍         | 1034/25000 [3:30:17 > 09:00]
SOAP:   4%|▍         | 1035/25000 [3:30:15 > 09:01]
SOAP:   4%|▍         | 1036/25000 [3:30:15 > 09:01]
SOAP:   4%|▍         | 1037/25000 [3:30:13 > 09:02]
SOAP:   4%|▍         | 1038/25000 [3:30:24 > 09:02]
SOAP:   4%|▍         | 1039/25000 [3:30:16 > 09:03]
SOAP:   4%|▍         | 1040/25000 [3:30:07 > 09:03]
SOAP:   4%|▍         | 1041/25000 [3:29:38 > 09:04]
SOAP:   4%|▍         | 1042/25000 [3:29:50 > 09:04]
SOAP:   4%|▍         | 1043/25000 [3:29:57 > 09:05]
SOAP:   4%|▍         | 1044/25000 [3:30:03 > 09:05]
SOAP:   4%|▍         | 1045/25000 [3:30:14 > 09:06]
SOAP:   4%|▍         | 1046/25000 [3:30:11 > 09:06]
SOAP:   4%|▍         | 1047/25000 [3:30:14 > 09:07]
SOAP:   4%|▍         | 1048/25000 [3:30:17 > 09:07]
SOAP:   4%|▍         | 1049/25000 [3:30:25 > 09:08]
SOAP:   4%|▍         | 1050/25000 [3:30:16 > 09:09]
SOAP:   4%|▍         | 1051/25000 [3:30:13 > 09:09]
SOAP:   4%|▍         | 1052/25000 [3:30:08 > 09:10]
SOAP:   4%|▍         | 1053/25000 [3:30:21 > 09:10]
SOAP:   4%|▍         | 1054/25000 [3:30:07 > 09:11]
SOAP:   4%|▍         | 1055/25000 [3:30:13 > 09:11]
SOAP:   4%|▍         | 1056/25000 [3:30:08 > 09:12]
SOAP:   4%|▍         | 1057/25000 [3:30:22 > 09:12]
SOAP:   4%|▍         | 1058/25000 [3:30:10 > 09:13]
SOAP:   4%|▍         | 1059/25000 [3:30:11 > 09:13]
SOAP:   4%|▍         | 1060/25000 [3:30:11 > 09:14]
SOAP:   4%|▍         | 1061/25000 [3:30:21 > 09:14]
SOAP:   4%|▍         | 1062/25000 [3:30:11 > 09:15]
SOAP:   4%|▍         | 1063/25000 [3:29:59 > 09:15]
SOAP:   4%|▍         | 1064/25000 [3:29:59 > 09:16]
SOAP:   4%|▍         | 1065/25000 [3:30:05 > 09:16]
SOAP:   4%|▍         | 1066/25000 [3:30:06 > 09:17]
SOAP:   4%|▍         | 1067/25000 [3:30:03 > 09:17]
SOAP:   4%|▍         | 1068/25000 [3:29:58 > 09:18]
SOAP:   4%|▍         | 1069/25000 [3:29:59 > 09:19]
SOAP:   4%|▍         | 1070/25000 [3:30:14 > 09:19]
SOAP:   4%|▍         | 1071/25000 [3:30:07 > 09:20]
SOAP:   4%|▍         | 1072/25000 [3:30:07 > 09:20]
SOAP:   4%|▍         | 1073/25000 [3:30:06 > 09:21]
SOAP:   4%|▍         | 1074/25000 [3:30:07 > 09:21]
SOAP:   4%|▍         | 1075/25000 [3:29:55 > 09:22]
SOAP:   4%|▍         | 1076/25000 [3:29:53 > 09:22]
SOAP:   4%|▍         | 1077/25000 [3:29:52 > 09:23]
SOAP:   4%|▍         | 1078/25000 [3:29:55 > 09:23]
SOAP:   4%|▍         | 1079/25000 [3:30:01 > 09:24]
SOAP:   4%|▍         | 1080/25000 [3:29:51 > 09:24]
SOAP:   4%|▍         | 1081/25000 [3:29:57 > 09:25]
SOAP:   4%|▍         | 1082/25000 [3:29:55 > 09:25]
SOAP:   4%|▍         | 1083/25000 [3:28:09 > 09:26]
SOAP:   4%|▍         | 1084/25000 [3:30:05 > 09:26]
SOAP:   4%|▍         | 1085/25000 [3:29:59 > 09:27]
SOAP:   4%|▍         | 1086/25000 [3:29:55 > 09:27]
SOAP:   4%|▍         | 1087/25000 [3:30:00 > 09:28]
SOAP:   4%|▍         | 1088/25000 [3:30:08 > 09:29]
SOAP:   4%|▍         | 1089/25000 [3:29:57 > 09:29]
SOAP:   4%|▍         | 1090/25000 [3:29:52 > 09:30]
SOAP:   4%|▍         | 1091/25000 [3:29:56 > 09:30]
SOAP:   4%|▍         | 1092/25000 [3:29:59 > 09:31]
SOAP:   4%|▍         | 1093/25000 [3:29:50 > 09:31]
SOAP:   4%|▍         | 1094/25000 [3:29:45 > 09:32]
SOAP:   4%|▍         | 1095/25000 [3:29:43 > 09:32]
SOAP:   4%|▍         | 1096/25000 [3:29:49 > 09:33]
SOAP:   4%|▍         | 1097/25000 [3:29:49 > 09:33]
SOAP:   4%|▍         | 1098/25000 [3:29:50 > 09:34]
SOAP:   4%|▍         | 1099/25000 [3:30:02 > 09:34]
SOAP:   4%|▍         | 1100/25000 [3:29:58 > 09:35]
SOAP:   4%|▍         | 1101/25000 [3:30:52 > 09:35]
SOAP:   4%|▍         | 1102/25000 [3:28:49 > 09:36]
SOAP:   4%|▍         | 1103/25000 [3:30:21 > 09:36]
SOAP:   4%|▍         | 1104/25000 [3:30:09 > 09:37]
SOAP:   4%|▍         | 1105/25000 [3:30:02 > 09:38]
SOAP:   4%|▍         | 1106/25000 [3:30:04 > 09:38]
SOAP:   4%|▍         | 1107/25000 [3:29:50 > 09:39]
SOAP:   4%|▍         | 1108/25000 [3:29:54 > 09:39]
SOAP:   4%|▍         | 1109/25000 [3:29:59 > 09:40]
SOAP:   4%|▍         | 1110/25000 [3:29:46 > 09:40]
SOAP:   4%|▍         | 1111/25000 [3:29:44 > 09:41]
SOAP:   4%|▍         | 1112/25000 [3:29:44 > 09:41]
SOAP:   4%|▍         | 1113/25000 [3:29:52 > 09:42]
SOAP:   4%|▍         | 1114/25000 [3:29:42 > 09:42]
SOAP:   4%|▍         | 1115/25000 [3:29:41 > 09:43]
SOAP:   4%|▍         | 1116/25000 [3:29:37 > 09:43]
SOAP:   4%|▍         | 1117/25000 [3:29:38 > 09:44]
SOAP:   4%|▍         | 1118/25000 [3:29:28 > 09:44]
SOAP:   4%|▍         | 1119/25000 [3:29:30 > 09:45]
SOAP:   4%|▍         | 1120/25000 [3:29:26 > 09:45]
SOAP:   4%|▍         | 1121/25000 [3:29:34 > 09:46]
SOAP:   4%|▍         | 1122/25000 [3:29:34 > 09:46]
SOAP:   4%|▍         | 1123/25000 [3:29:33 > 09:47]
SOAP:   4%|▍         | 1124/25000 [3:29:46 > 09:48]
SOAP:   4%|▍         | 1125/25000 [3:29:37 > 09:48]
SOAP:   5%|▍         | 1126/25000 [3:29:35 > 09:49]
SOAP:   5%|▍         | 1127/25000 [3:29:33 > 09:49]
SOAP:   5%|▍         | 1128/25000 [3:29:31 > 09:50]
SOAP:   5%|▍         | 1129/25000 [3:29:41 > 09:50]
SOAP:   5%|▍         | 1130/25000 [3:29:27 > 09:51]
SOAP:   5%|▍         | 1131/25000 [3:29:26 > 09:51]
SOAP:   5%|▍         | 1132/25000 [3:29:27 > 09:52]
SOAP:   5%|▍         | 1133/25000 [3:29:34 > 09:52]
SOAP:   5%|▍         | 1134/25000 [3:29:23 > 09:53]
SOAP:   5%|▍         | 1135/25000 [3:29:25 > 09:53]
SOAP:   5%|▍         | 1136/25000 [3:29:25 > 09:54]
SOAP:   5%|▍         | 1137/25000 [3:29:02 > 09:54]
SOAP:   5%|▍         | 1138/25000 [3:28:37 > 09:55]
SOAP:   5%|▍         | 1139/25000 [3:28:44 > 09:55]
SOAP:   5%|▍         | 1140/25000 [3:28:59 > 09:56]
SOAP:   5%|▍         | 1141/25000 [3:29:12 > 09:56]
SOAP:   5%|▍         | 1142/25000 [3:29:16 > 09:57]
SOAP:   5%|▍         | 1143/25000 [3:29:22 > 09:58]
SOAP:   5%|▍         | 1144/25000 [3:29:35 > 09:58]
SOAP:   5%|▍         | 1145/25000 [3:29:21 > 09:59]
SOAP:   5%|▍         | 1146/25000 [3:29:22 > 09:59]
SOAP:   5%|▍         | 1147/25000 [3:29:31 > 10:00]
SOAP:   5%|▍         | 1148/25000 [3:29:26 > 10:00]
SOAP:   5%|▍         | 1149/25000 [3:29:22 > 10:01]
SOAP:   5%|▍         | 1150/25000 [3:29:29 > 10:01]
SOAP:   5%|▍         | 1151/25000 [3:29:33 > 10:02]
SOAP:   5%|▍         | 1152/25000 [3:29:26 > 10:02]
SOAP:   5%|▍         | 1153/25000 [3:28:31 > 10:03]
SOAP:   5%|▍         | 1154/25000 [3:28:54 > 10:03]
SOAP:   5%|▍         | 1155/25000 [3:29:03 > 10:04]
SOAP:   5%|▍         | 1156/25000 [3:29:05 > 10:04]
SOAP:   5%|▍         | 1157/25000 [3:29:18 > 10:05]
SOAP:   5%|▍         | 1158/25000 [3:29:02 > 10:05]
SOAP:   5%|▍         | 1159/25000 [3:29:04 > 10:06]
SOAP:   5%|▍         | 1160/25000 [3:28:04 > 10:06]
SOAP:   5%|▍         | 1161/25000 [3:28:54 > 10:07]
SOAP:   5%|▍         | 1162/25000 [3:28:56 > 10:08]
SOAP:   5%|▍         | 1163/25000 [3:29:09 > 10:08]
SOAP:   5%|▍         | 1164/25000 [3:29:16 > 10:09]
SOAP:   5%|▍         | 1165/25000 [3:29:09 > 10:09]
SOAP:   5%|▍         | 1166/25000 [3:29:04 > 10:10]
SOAP:   5%|▍         | 1167/25000 [3:29:14 > 10:10]
SOAP:   5%|▍         | 1168/25000 [3:29:13 > 10:11]
SOAP:   5%|▍         | 1169/25000 [3:29:06 > 10:11]
SOAP:   5%|▍         | 1170/25000 [3:29:05 > 10:12]
SOAP:   5%|▍         | 1171/25000 [3:29:12 > 10:12]
SOAP:   5%|▍         | 1172/25000 [3:29:18 > 10:13]
SOAP:   5%|▍         | 1173/25000 [3:29:09 > 10:13]
SOAP:   5%|▍         | 1174/25000 [3:29:02 > 10:14]
SOAP:   5%|▍         | 1175/25000 [3:29:03 > 10:14]
SOAP:   5%|▍         | 1176/25000 [3:29:11 > 10:15]
SOAP:   5%|▍         | 1177/25000 [3:29:04 > 10:15]
SOAP:   5%|▍         | 1178/25000 [3:29:03 > 10:16]
SOAP:   5%|▍         | 1179/25000 [3:27:15 > 10:16]
SOAP:   5%|▍         | 1180/25000 [3:28:57 > 10:17]
SOAP:   5%|▍         | 1181/25000 [3:28:51 > 10:18]
SOAP:   5%|▍         | 1182/25000 [3:28:57 > 10:18]
SOAP:   5%|▍         | 1183/25000 [3:29:01 > 10:19]
SOAP:   5%|▍         | 1184/25000 [3:29:05 > 10:19]
SOAP:   5%|▍         | 1185/25000 [3:28:54 > 10:20]
SOAP:   5%|▍         | 1186/25000 [3:29:00 > 10:20]
SOAP:   5%|▍         | 1187/25000 [3:29:08 > 10:21]
SOAP:   5%|▍         | 1188/25000 [3:29:00 > 10:21]
SOAP:   5%|▍         | 1189/25000 [3:29:03 > 10:22]
SOAP:   5%|▍         | 1190/25000 [3:29:00 > 10:22]
SOAP:   5%|▍         | 1191/25000 [3:29:12 > 10:23]
SOAP:   5%|▍         | 1192/25000 [3:28:59 > 10:23]
SOAP:   5%|▍         | 1193/25000 [3:28:59 > 10:24]
SOAP:   5%|▍         | 1194/25000 [3:29:01 > 10:24]
SOAP:   5%|▍         | 1195/25000 [3:29:16 > 10:25]
SOAP:   5%|▍         | 1196/25000 [3:29:00 > 10:25]
SOAP:   5%|▍         | 1197/25000 [3:29:05 > 10:26]
SOAP:   5%|▍         | 1198/25000 [3:29:03 > 10:26]
SOAP:   5%|▍         | 1199/25000 [3:29:10 > 10:27]
SOAP:   5%|▍         | 1200/25000 [3:29:01 > 10:28]
SOAP:   5%|▍         | 1201/25000 [3:29:56 > 10:28]
SOAP:   5%|▍         | 1202/25000 [3:29:33 > 10:29]
SOAP:   5%|▍         | 1203/25000 [3:29:21 > 10:29]
SOAP:   5%|▍         | 1204/25000 [3:29:19 > 10:30]
SOAP:   5%|▍         | 1205/25000 [3:29:03 > 10:30]
SOAP:   5%|▍         | 1206/25000 [3:28:53 > 10:31]
SOAP:   5%|▍         | 1207/25000 [3:28:50 > 10:31]
SOAP:   5%|▍         | 1208/25000 [3:28:47 > 10:32]
SOAP:   5%|▍         | 1209/25000 [3:29:02 > 10:32]
SOAP:   5%|▍         | 1210/25000 [3:28:54 > 10:33]
SOAP:   5%|▍         | 1211/25000 [3:28:43 > 10:33]
SOAP:   5%|▍         | 1212/25000 [3:28:03 > 10:34]
SOAP:   5%|▍         | 1213/25000 [3:27:42 > 10:34]
SOAP:   5%|▍         | 1214/25000 [3:27:27 > 10:35]
SOAP:   5%|▍         | 1215/25000 [3:27:14 > 10:35]
SOAP:   5%|▍         | 1216/25000 [3:27:08 > 10:36]
SOAP:   5%|▍         | 1217/25000 [3:26:57 > 10:36]
SOAP:   5%|▍         | 1218/25000 [3:26:48 > 10:37]
SOAP:   5%|▍         | 1219/25000 [3:26:43 > 10:37]
SOAP:   5%|▍         | 1220/25000 [3:26:38 > 10:38]
SOAP:   5%|▍         | 1221/25000 [3:24:59 > 10:39]
SOAP:   5%|▍         | 1222/25000 [3:26:52 > 10:39]
SOAP:   5%|▍         | 1223/25000 [3:26:43 > 10:40]
SOAP:   5%|▍         | 1224/25000 [3:26:43 > 10:40]
SOAP:   5%|▍         | 1225/25000 [3:26:38 > 10:41]
SOAP:   5%|▍         | 1226/25000 [3:26:29 > 10:41]
SOAP:   5%|▍         | 1227/25000 [3:26:27 > 10:42]
SOAP:   5%|▍         | 1228/25000 [3:26:30 > 10:42]
SOAP:   5%|▍         | 1229/25000 [3:26:22 > 10:43]
SOAP:   5%|▍         | 1230/25000 [3:26:22 > 10:43]
SOAP:   5%|▍         | 1231/25000 [3:26:29 > 10:44]
SOAP:   5%|▍         | 1232/25000 [3:26:29 > 10:44]
SOAP:   5%|▍         | 1233/25000 [3:26:23 > 10:45]
SOAP:   5%|▍         | 1234/25000 [3:26:20 > 10:45]
SOAP:   5%|▍         | 1235/25000 [3:26:21 > 10:46]
SOAP:   5%|▍         | 1236/25000 [3:26:21 > 10:46]
SOAP:   5%|▍         | 1237/25000 [3:24:52 > 10:47]
SOAP:   5%|▍         | 1238/25000 [3:26:45 > 10:47]
SOAP:   5%|▍         | 1239/25000 [3:26:30 > 10:48]
SOAP:   5%|▍         | 1240/25000 [3:26:17 > 10:48]
SOAP:   5%|▍         | 1241/25000 [3:26:19 > 10:49]
SOAP:   5%|▍         | 1242/25000 [3:26:12 > 10:49]
SOAP:   5%|▍         | 1243/25000 [3:26:17 > 10:50]
SOAP:   5%|▍         | 1244/25000 [3:26:11 > 10:51]
SOAP:   5%|▍         | 1245/25000 [3:26:11 > 10:51]
SOAP:   5%|▍         | 1246/25000 [3:26:08 > 10:52]
SOAP:   5%|▍         | 1247/25000 [3:26:12 > 10:52]
SOAP:   5%|▍         | 1248/25000 [3:26:07 > 10:53]
SOAP:   5%|▍         | 1249/25000 [3:26:15 > 10:53]
SOAP:   5%|▌         | 1250/25000 [3:26:15 > 10:54]
SOAP:   5%|▌         | 1251/25000 [3:26:17 > 10:54]
SOAP:   5%|▌         | 1252/25000 [3:24:40 > 10:55]
SOAP:   5%|▌         | 1253/25000 [3:27:15 > 10:55]
SOAP:   5%|▌         | 1254/25000 [3:27:19 > 10:56]
SOAP:   5%|▌         | 1255/25000 [3:26:57 > 10:56]
SOAP:   5%|▌         | 1256/25000 [3:26:45 > 10:57]
SOAP:   5%|▌         | 1257/25000 [3:26:34 > 10:57]
SOAP:   5%|▌         | 1258/25000 [3:26:13 > 10:58]
SOAP:   5%|▌         | 1259/25000 [3:26:13 > 10:58]
SOAP:   5%|▌         | 1260/25000 [3:26:16 > 10:59]
SOAP:   5%|▌         | 1261/25000 [3:26:12 > 10:59]
SOAP:   5%|▌         | 1262/25000 [3:26:11 > 11:00]
SOAP:   5%|▌         | 1263/25000 [3:26:04 > 11:00]
SOAP:   5%|▌         | 1264/25000 [3:26:10 > 11:01]
SOAP:   5%|▌         | 1265/25000 [3:26:03 > 11:01]
SOAP:   5%|▌         | 1266/25000 [3:26:29 > 11:02]
SOAP:   5%|▌         | 1267/25000 [3:26:46 > 11:03]
SOAP:   5%|▌         | 1268/25000 [3:26:36 > 11:03]
SOAP:   5%|▌         | 1269/25000 [3:26:19 > 11:04]
SOAP:   5%|▌         | 1270/25000 [3:26:15 > 11:04]
SOAP:   5%|▌         | 1271/25000 [3:26:09 > 11:05]
SOAP:   5%|▌         | 1272/25000 [3:26:11 > 11:05]
SOAP:   5%|▌         | 1273/25000 [3:26:02 > 11:06]
SOAP:   5%|▌         | 1274/25000 [3:26:01 > 11:06]
SOAP:   5%|▌         | 1275/25000 [3:25:53 > 11:07]
SOAP:   5%|▌         | 1276/25000 [3:25:43 > 11:07]
SOAP:   5%|▌         | 1277/25000 [3:25:59 > 11:08]
SOAP:   5%|▌         | 1278/25000 [3:26:01 > 11:08]
SOAP:   5%|▌         | 1279/25000 [3:25:52 > 11:09]
SOAP:   5%|▌         | 1280/25000 [3:26:02 > 11:09]
SOAP:   5%|▌         | 1281/25000 [3:25:50 > 11:10]
SOAP:   5%|▌         | 1282/25000 [3:25:57 > 11:10]
SOAP:   5%|▌         | 1283/25000 [3:25:50 > 11:11]
SOAP:   5%|▌         | 1284/25000 [3:25:53 > 11:11]
SOAP:   5%|▌         | 1285/25000 [3:25:55 > 11:12]
SOAP:   5%|▌         | 1286/25000 [3:26:00 > 11:12]
SOAP:   5%|▌         | 1287/25000 [3:26:15 > 11:13]
SOAP:   5%|▌         | 1288/25000 [3:26:36 > 11:13]
SOAP:   5%|▌         | 1289/25000 [3:26:21 > 11:14]
SOAP:   5%|▌         | 1290/25000 [3:26:17 > 11:14]
SOAP:   5%|▌         | 1291/25000 [3:26:08 > 11:15]
SOAP:   5%|▌         | 1292/25000 [3:26:08 > 11:16]
SOAP:   5%|▌         | 1293/25000 [3:25:51 > 11:16]
SOAP:   5%|▌         | 1294/25000 [3:25:51 > 11:17]
SOAP:   5%|▌         | 1295/25000 [3:25:43 > 11:17]
SOAP:   5%|▌         | 1296/25000 [3:25:50 > 11:18]
SOAP:   5%|▌         | 1297/25000 [3:25:48 > 11:18]
SOAP:   5%|▌         | 1298/25000 [3:25:48 > 11:19]
SOAP:   5%|▌         | 1299/25000 [3:25:48 > 11:19]
SOAP:   5%|▌         | 1300/25000 [3:25:45 > 11:20]
SOAP:   5%|▌         | 1301/25000 [3:27:52 > 11:20]
SOAP:   5%|▌         | 1302/25000 [3:26:06 > 11:21]
SOAP:   5%|▌         | 1303/25000 [3:26:04 > 11:21]
SOAP:   5%|▌         | 1304/25000 [3:25:58 > 11:22]
SOAP:   5%|▌         | 1305/25000 [3:26:00 > 11:22]
SOAP:   5%|▌         | 1306/25000 [3:25:56 > 11:23]
SOAP:   5%|▌         | 1307/25000 [3:25:53 > 11:23]
SOAP:   5%|▌         | 1308/25000 [3:25:48 > 11:24]
SOAP:   5%|▌         | 1309/25000 [3:25:47 > 11:24]
SOAP:   5%|▌         | 1310/25000 [3:25:41 > 11:25]
SOAP:   5%|▌         | 1311/25000 [3:25:36 > 11:25]
SOAP:   5%|▌         | 1312/25000 [3:25:39 > 11:26]
SOAP:   5%|▌         | 1313/25000 [3:25:36 > 11:26]
SOAP:   5%|▌         | 1314/25000 [3:25:39 > 11:27]
SOAP:   5%|▌         | 1315/25000 [3:25:41 > 11:28]
SOAP:   5%|▌         | 1316/25000 [3:25:41 > 11:28]
SOAP:   5%|▌         | 1317/25000 [3:25:40 > 11:29]
SOAP:   5%|▌         | 1318/25000 [3:25:39 > 11:29]
SOAP:   5%|▌         | 1319/25000 [3:25:39 > 11:30]
SOAP:   5%|▌         | 1320/25000 [3:25:40 > 11:30]
SOAP:   5%|▌         | 1321/25000 [3:25:39 > 11:31]
SOAP:   5%|▌         | 1322/25000 [3:25:36 > 11:31]
SOAP:   5%|▌         | 1323/25000 [3:25:37 > 11:32]
SOAP:   5%|▌         | 1324/25000 [3:25:48 > 11:32]
SOAP:   5%|▌         | 1325/25000 [3:26:08 > 11:33]
SOAP:   5%|▌         | 1326/25000 [3:25:50 > 11:33]
SOAP:   5%|▌         | 1327/25000 [3:25:45 > 11:34]
SOAP:   5%|▌         | 1328/25000 [3:25:49 > 11:34]
SOAP:   5%|▌         | 1329/25000 [3:25:32 > 11:35]
SOAP:   5%|▌         | 1330/25000 [3:25:31 > 11:35]
SOAP:   5%|▌         | 1331/25000 [3:25:27 > 11:36]
SOAP:   5%|▌         | 1332/25000 [3:25:30 > 11:36]
SOAP:   5%|▌         | 1333/25000 [3:25:30 > 11:37]
SOAP:   5%|▌         | 1334/25000 [3:23:57 > 11:37]
SOAP:   5%|▌         | 1335/25000 [3:25:57 > 11:38]
SOAP:   5%|▌         | 1336/25000 [3:24:08 > 11:38]
SOAP:   5%|▌         | 1337/25000 [3:26:12 > 11:39]
SOAP:   5%|▌         | 1338/25000 [3:26:00 > 11:40]
SOAP:   5%|▌         | 1339/25000 [3:25:53 > 11:40]
SOAP:   5%|▌         | 1340/25000 [3:25:42 > 11:41]
SOAP:   5%|▌         | 1341/25000 [3:25:38 > 11:41]
SOAP:   5%|▌         | 1342/25000 [3:25:30 > 11:42]
SOAP:   5%|▌         | 1343/25000 [3:25:33 > 11:42]
SOAP:   5%|▌         | 1344/25000 [3:25:29 > 11:43]
SOAP:   5%|▌         | 1345/25000 [3:25:28 > 11:43]
SOAP:   5%|▌         | 1346/25000 [3:25:20 > 11:44]
SOAP:   5%|▌         | 1347/25000 [3:25:18 > 11:44]
SOAP:   5%|▌         | 1348/25000 [3:25:15 > 11:45]
SOAP:   5%|▌         | 1349/25000 [3:25:13 > 11:45]
SOAP:   5%|▌         | 1350/25000 [3:25:12 > 11:46]
SOAP:   5%|▌         | 1351/25000 [3:25:13 > 11:46]
SOAP:   5%|▌         | 1352/25000 [3:25:11 > 11:47]
SOAP:   5%|▌         | 1353/25000 [3:25:12 > 11:47]
SOAP:   5%|▌         | 1354/25000 [3:25:20 > 11:48]
SOAP:   5%|▌         | 1355/25000 [3:25:34 > 11:48]
SOAP:   5%|▌         | 1356/25000 [3:25:50 > 11:49]
SOAP:   5%|▌         | 1357/25000 [3:25:39 > 11:49]
SOAP:   5%|▌         | 1358/25000 [3:25:25 > 11:50]
SOAP:   5%|▌         | 1359/25000 [3:25:18 > 11:50]
SOAP:   5%|▌         | 1360/25000 [3:25:13 > 11:51]
SOAP:   5%|▌         | 1361/25000 [3:25:12 > 11:51]
SOAP:   5%|▌         | 1362/25000 [3:25:09 > 11:52]
SOAP:   5%|▌         | 1363/25000 [3:25:15 > 11:53]
SOAP:   5%|▌         | 1364/25000 [3:25:13 > 11:53]
SOAP:   5%|▌         | 1365/25000 [3:25:02 > 11:54]
SOAP:   5%|▌         | 1366/25000 [3:24:58 > 11:54]
SOAP:   5%|▌         | 1367/25000 [3:25:01 > 11:55]
SOAP:   5%|▌         | 1368/25000 [3:25:05 > 11:55]
SOAP:   5%|▌         | 1369/25000 [3:24:02 > 11:56]
SOAP:   5%|▌         | 1370/25000 [3:25:31 > 11:56]
SOAP:   5%|▌         | 1371/25000 [3:25:32 > 11:57]
SOAP:   5%|▌         | 1372/25000 [3:25:55 > 11:57]
SOAP:   5%|▌         | 1373/25000 [3:24:26 > 11:58]
SOAP:   5%|▌         | 1374/25000 [3:25:51 > 11:58]
SOAP:   6%|▌         | 1375/25000 [3:25:32 > 11:59]
SOAP:   6%|▌         | 1376/25000 [3:25:42 > 11:59]
SOAP:   6%|▌         | 1377/25000 [3:25:56 > 12:00]
SOAP:   6%|▌         | 1378/25000 [3:25:44 > 12:00]
SOAP:   6%|▌         | 1379/25000 [3:25:35 > 12:01]
SOAP:   6%|▌         | 1380/25000 [3:25:29 > 12:01]
SOAP:   6%|▌         | 1381/25000 [3:25:23 > 12:02]
SOAP:   6%|▌         | 1382/25000 [3:25:08 > 12:02]
SOAP:   6%|▌         | 1383/25000 [3:24:55 > 12:03]
SOAP:   6%|▌         | 1384/25000 [3:25:13 > 12:03]
SOAP:   6%|▌         | 1385/25000 [3:25:39 > 12:04]
SOAP:   6%|▌         | 1386/25000 [3:25:23 > 12:05]
SOAP:   6%|▌         | 1387/25000 [3:25:18 > 12:05]
SOAP:   6%|▌         | 1388/25000 [3:25:13 > 12:06]
SOAP:   6%|▌         | 1389/25000 [3:25:07 > 12:06]
SOAP:   6%|▌         | 1390/25000 [3:25:03 > 12:07]
SOAP:   6%|▌         | 1391/25000 [3:25:04 > 12:07]
SOAP:   6%|▌         | 1392/25000 [3:25:00 > 12:08]
SOAP:   6%|▌         | 1393/25000 [3:25:02 > 12:08]
SOAP:   6%|▌         | 1394/25000 [3:25:01 > 12:09]
SOAP:   6%|▌         | 1395/25000 [3:25:05 > 12:09]
SOAP:   6%|▌         | 1396/25000 [3:24:59 > 12:10]
SOAP:   6%|▌         | 1397/25000 [3:25:05 > 12:10]
SOAP:   6%|▌         | 1398/25000 [3:24:50 > 12:11]
SOAP:   6%|▌         | 1399/25000 [3:24:51 > 12:11]
SOAP:   6%|▌         | 1400/25000 [3:24:47 > 12:12]
SOAP:   6%|▌         | 1401/25000 [3:26:43 > 12:12]
SOAP:   6%|▌         | 1402/25000 [3:25:14 > 12:13]
SOAP:   6%|▌         | 1403/25000 [3:25:06 > 12:13]
SOAP:   6%|▌         | 1404/25000 [3:25:00 > 12:14]
SOAP:   6%|▌         | 1405/25000 [3:25:05 > 12:14]
SOAP:   6%|▌         | 1406/25000 [3:25:30 > 12:15]
SOAP:   6%|▌         | 1407/25000 [3:25:14 > 12:15]
SOAP:   6%|▌         | 1408/25000 [3:25:06 > 12:16]
SOAP:   6%|▌         | 1409/25000 [3:24:57 > 12:17]
SOAP:   6%|▌         | 1410/25000 [3:25:02 > 12:17]
SOAP:   6%|▌         | 1411/25000 [3:24:47 > 12:18]
SOAP:   6%|▌         | 1412/25000 [3:24:54 > 12:18]
SOAP:   6%|▌         | 1413/25000 [3:24:59 > 12:19]
SOAP:   6%|▌         | 1414/25000 [3:24:54 > 12:19]
SOAP:   6%|▌         | 1415/25000 [3:24:51 > 12:20]
SOAP:   6%|▌         | 1416/25000 [3:24:45 > 12:20]
SOAP:   6%|▌         | 1417/25000 [3:24:40 > 12:21]
SOAP:   6%|▌         | 1418/25000 [3:24:44 > 12:21]
SOAP:   6%|▌         | 1419/25000 [3:24:41 > 12:22]
SOAP:   6%|▌         | 1420/25000 [3:24:38 > 12:22]
SOAP:   6%|▌         | 1421/25000 [3:24:40 > 12:23]
SOAP:   6%|▌         | 1422/25000 [3:24:40 > 12:23]
SOAP:   6%|▌         | 1423/25000 [3:24:36 > 12:24]
SOAP:   6%|▌         | 1424/25000 [3:24:39 > 12:24]
SOAP:   6%|▌         | 1425/25000 [3:24:34 > 12:25]
SOAP:   6%|▌         | 1426/25000 [3:24:39 > 12:25]
SOAP:   6%|▌         | 1427/25000 [3:24:43 > 12:26]
SOAP:   6%|▌         | 1428/25000 [3:24:36 > 12:26]
SOAP:   6%|▌         | 1429/25000 [3:24:38 > 12:27]
SOAP:   6%|▌         | 1430/25000 [3:24:42 > 12:27]
SOAP:   6%|▌         | 1431/25000 [3:23:10 > 12:28]
SOAP:   6%|▌         | 1432/25000 [3:25:08 > 12:29]
SOAP:   6%|▌         | 1433/25000 [3:25:00 > 12:29]
SOAP:   6%|▌         | 1434/25000 [3:24:50 > 12:30]
SOAP:   6%|▌         | 1435/25000 [3:24:43 > 12:30]
SOAP:   6%|▌         | 1436/25000 [3:24:41 > 12:31]
SOAP:   6%|▌         | 1437/25000 [3:24:33 > 12:31]
SOAP:   6%|▌         | 1438/25000 [3:24:29 > 12:32]
SOAP:   6%|▌         | 1439/25000 [3:24:25 > 12:32]
SOAP:   6%|▌         | 1440/25000 [3:24:28 > 12:33]
SOAP:   6%|▌         | 1441/25000 [3:24:26 > 12:33]
SOAP:   6%|▌         | 1442/25000 [3:24:29 > 12:34]
SOAP:   6%|▌         | 1443/25000 [3:24:35 > 12:34]
SOAP:   6%|▌         | 1444/25000 [3:24:33 > 12:35]
SOAP:   6%|▌         | 1445/25000 [3:24:31 > 12:35]
SOAP:   6%|▌         | 1446/25000 [3:24:28 > 12:36]
SOAP:   6%|▌         | 1447/25000 [3:24:40 > 12:36]
SOAP:   6%|▌         | 1448/25000 [3:25:05 > 12:37]
SOAP:   6%|▌         | 1449/25000 [3:24:54 > 12:37]
SOAP:   6%|▌         | 1450/25000 [3:24:40 > 12:38]
SOAP:   6%|▌         | 1451/25000 [3:24:41 > 12:38]
SOAP:   6%|▌         | 1452/25000 [3:24:37 > 12:39]
SOAP:   6%|▌         | 1453/25000 [3:24:35 > 12:39]
SOAP:   6%|▌         | 1454/25000 [3:24:26 > 12:40]
SOAP:   6%|▌         | 1455/25000 [3:24:16 > 12:40]
SOAP:   6%|▌         | 1456/25000 [3:24:14 > 12:41]
SOAP:   6%|▌         | 1457/25000 [3:24:12 > 12:42]
SOAP:   6%|▌         | 1458/25000 [3:24:17 > 12:42]
SOAP:   6%|▌         | 1459/25000 [3:24:17 > 12:43]
SOAP:   6%|▌         | 1460/25000 [3:24:13 > 12:43]
SOAP:   6%|▌         | 1461/25000 [3:24:15 > 12:44]
SOAP:   6%|▌         | 1462/25000 [3:24:27 > 12:44]
SOAP:   6%|▌         | 1463/25000 [3:24:39 > 12:45]
SOAP:   6%|▌         | 1464/25000 [3:25:02 > 12:45]
SOAP:   6%|▌         | 1465/25000 [3:24:44 > 12:46]
SOAP:   6%|▌         | 1466/25000 [3:24:41 > 12:46]
SOAP:   6%|▌         | 1467/25000 [3:24:37 > 12:47]
SOAP:   6%|▌         | 1468/25000 [3:24:29 > 12:47]
SOAP:   6%|▌         | 1469/25000 [3:24:27 > 12:48]
SOAP:   6%|▌         | 1470/25000 [3:22:47 > 12:48]
SOAP:   6%|▌         | 1471/25000 [3:24:48 > 12:49]
SOAP:   6%|▌         | 1472/25000 [3:24:33 > 12:49]
SOAP:   6%|▌         | 1473/25000 [3:24:17 > 12:50]
SOAP:   6%|▌         | 1474/25000 [3:24:22 > 12:50]
SOAP:   6%|▌         | 1475/25000 [3:24:21 > 12:51]
SOAP:   6%|▌         | 1476/25000 [3:24:11 > 12:51]
SOAP:   6%|▌         | 1477/25000 [3:24:13 > 12:52]
SOAP:   6%|▌         | 1478/25000 [3:24:16 > 12:52]
SOAP:   6%|▌         | 1479/25000 [3:24:15 > 12:53]
SOAP:   6%|▌         | 1480/25000 [3:24:07 > 12:54]
SOAP:   6%|▌         | 1481/25000 [3:24:07 > 12:54]
SOAP:   6%|▌         | 1482/25000 [3:24:04 > 12:55]
SOAP:   6%|▌         | 1483/25000 [3:24:09 > 12:55]
SOAP:   6%|▌         | 1484/25000 [3:24:02 > 12:56]
SOAP:   6%|▌         | 1485/25000 [3:24:03 > 12:56]
SOAP:   6%|▌         | 1486/25000 [3:24:04 > 12:57]
SOAP:   6%|▌         | 1487/25000 [3:24:07 > 12:57]
SOAP:   6%|▌         | 1488/25000 [3:24:02 > 12:58]
SOAP:   6%|▌         | 1489/25000 [3:24:08 > 12:58]
SOAP:   6%|▌         | 1490/25000 [3:24:04 > 12:59]
SOAP:   6%|▌         | 1491/25000 [3:24:01 > 12:59]
SOAP:   6%|▌         | 1492/25000 [3:23:59 > 13:00]
SOAP:   6%|▌         | 1493/25000 [3:23:59 > 13:00]
SOAP:   6%|▌         | 1494/25000 [3:24:02 > 13:01]
SOAP:   6%|▌         | 1495/25000 [3:24:04 > 13:01]
SOAP:   6%|▌         | 1496/25000 [3:23:53 > 13:02]
SOAP:   6%|▌         | 1497/25000 [3:24:10 > 13:02]
SOAP:   6%|▌         | 1498/25000 [3:24:29 > 13:03]
SOAP:   6%|▌         | 1499/25000 [3:24:23 > 13:03]
SOAP:   6%|▌         | 1500/25000 [3:24:17 > 13:04]
SOAP:   6%|▌         | 1501/25000 [3:26:10 > 13:04]
SOAP:   6%|▌         | 1502/25000 [3:24:21 > 13:05]
SOAP:   6%|▌         | 1503/25000 [3:24:20 > 13:06]
SOAP:   6%|▌         | 1504/25000 [3:24:13 > 13:06]
SOAP:   6%|▌         | 1505/25000 [3:23:58 > 13:07]
SOAP:   6%|▌         | 1506/25000 [3:23:55 > 13:07]
SOAP:   6%|▌         | 1507/25000 [3:24:03 > 13:08]
SOAP:   6%|▌         | 1508/25000 [3:24:02 > 13:08]
SOAP:   6%|▌         | 1509/25000 [3:24:25 > 13:09]
SOAP:   6%|▌         | 1510/25000 [3:24:16 > 13:09]
SOAP:   6%|▌         | 1511/25000 [3:24:14 > 13:10]
SOAP:   6%|▌         | 1512/25000 [3:24:13 > 13:10]
SOAP:   6%|▌         | 1513/25000 [3:24:03 > 13:11]
SOAP:   6%|▌         | 1514/25000 [3:23:59 > 13:11]
SOAP:   6%|▌         | 1515/25000 [3:23:59 > 13:12]
SOAP:   6%|▌         | 1516/25000 [3:24:00 > 13:12]
SOAP:   6%|▌         | 1517/25000 [3:23:59 > 13:13]
SOAP:   6%|▌         | 1518/25000 [3:23:57 > 13:13]
SOAP:   6%|▌         | 1519/25000 [3:24:00 > 13:14]
SOAP:   6%|▌         | 1520/25000 [3:23:59 > 13:14]
SOAP:   6%|▌         | 1521/25000 [3:23:53 > 13:15]
SOAP:   6%|▌         | 1522/25000 [3:23:57 > 13:15]
SOAP:   6%|▌         | 1523/25000 [3:24:04 > 13:16]
SOAP:   6%|▌         | 1524/25000 [3:23:51 > 13:16]
SOAP:   6%|▌         | 1525/25000 [3:23:52 > 13:17]
SOAP:   6%|▌         | 1526/25000 [3:23:40 > 13:18]
SOAP:   6%|▌         | 1527/25000 [3:23:38 > 13:18]
SOAP:   6%|▌         | 1528/25000 [3:23:38 > 13:19]
SOAP:   6%|▌         | 1529/25000 [3:23:43 > 13:19]
SOAP:   6%|▌         | 1530/25000 [3:23:33 > 13:20]
SOAP:   6%|▌         | 1531/25000 [3:23:41 > 13:20]
SOAP:   6%|▌         | 1532/25000 [3:23:43 > 13:21]
SOAP:   6%|▌         | 1533/25000 [3:23:44 > 13:21]
SOAP:   6%|▌         | 1534/25000 [3:23:54 > 13:22]
SOAP:   6%|▌         | 1535/25000 [3:24:19 > 13:22]
SOAP:   6%|▌         | 1536/25000 [3:24:17 > 13:23]
SOAP:   6%|▌         | 1537/25000 [3:24:05 > 13:23]
SOAP:   6%|▌         | 1538/25000 [3:23:52 > 13:24]
SOAP:   6%|▌         | 1539/25000 [3:23:57 > 13:24]
SOAP:   6%|▌         | 1540/25000 [3:24:01 > 13:25]
SOAP:   6%|▌         | 1541/25000 [3:23:48 > 13:25]
SOAP:   6%|▌         | 1542/25000 [3:23:39 > 13:26]
SOAP:   6%|▌         | 1543/25000 [3:23:32 > 13:26]
SOAP:   6%|▌         | 1544/25000 [3:23:32 > 13:27]
SOAP:   6%|▌         | 1545/25000 [3:23:32 > 13:27]
SOAP:   6%|▌         | 1546/25000 [3:21:57 > 13:28]
SOAP:   6%|▌         | 1547/25000 [3:24:03 > 13:28]
SOAP:   6%|▌         | 1548/25000 [3:23:55 > 13:29]
SOAP:   6%|▌         | 1549/25000 [3:23:47 > 13:29]
SOAP:   6%|▌         | 1550/25000 [3:23:41 > 13:30]
SOAP:   6%|▌         | 1551/25000 [3:23:35 > 13:31]
SOAP:   6%|▌         | 1552/25000 [3:23:43 > 13:31]
SOAP:   6%|▌         | 1553/25000 [3:23:39 > 13:32]
SOAP:   6%|▌         | 1554/25000 [3:23:36 > 13:32]
SOAP:   6%|▌         | 1555/25000 [3:23:27 > 13:33]
SOAP:   6%|▌         | 1556/25000 [3:23:33 > 13:33]
SOAP:   6%|▌         | 1557/25000 [3:22:43 > 13:34]
SOAP:   6%|▌         | 1558/25000 [3:23:51 > 13:34]
SOAP:   6%|▌         | 1559/25000 [3:23:35 > 13:35]
SOAP:   6%|▌         | 1560/25000 [3:23:34 > 13:35]
SOAP:   6%|▌         | 1561/25000 [3:23:27 > 13:36]
SOAP:   6%|▌         | 1562/25000 [3:23:23 > 13:36]
SOAP:   6%|▋         | 1563/25000 [3:23:18 > 13:37]
SOAP:   6%|▋         | 1564/25000 [3:23:23 > 13:37]
SOAP:   6%|▋         | 1565/25000 [3:23:25 > 13:38]
SOAP:   6%|▋         | 1566/25000 [3:23:27 > 13:38]
SOAP:   6%|▋         | 1567/25000 [3:21:48 > 13:39]
SOAP:   6%|▋         | 1568/25000 [3:23:55 > 13:39]
SOAP:   6%|▋         | 1569/25000 [3:23:42 > 13:40]
SOAP:   6%|▋         | 1570/25000 [3:23:36 > 13:40]
SOAP:   6%|▋         | 1571/25000 [3:23:28 > 13:41]
SOAP:   6%|▋         | 1572/25000 [3:23:28 > 13:41]
SOAP:   6%|▋         | 1573/25000 [3:23:27 > 13:42]
SOAP:   6%|▋         | 1574/25000 [3:23:26 > 13:43]
SOAP:   6%|▋         | 1575/25000 [3:23:22 > 13:43]
SOAP:   6%|▋         | 1576/25000 [3:23:29 > 13:44]
SOAP:   6%|▋         | 1577/25000 [3:23:28 > 13:44]
SOAP:   6%|▋         | 1578/25000 [3:23:22 > 13:45]
SOAP:   6%|▋         | 1579/25000 [3:23:07 > 13:45]
SOAP:   6%|▋         | 1580/25000 [3:23:11 > 13:46]
SOAP:   6%|▋         | 1581/25000 [3:23:13 > 13:46]
SOAP:   6%|▋         | 1582/25000 [3:23:10 > 13:47]
SOAP:   6%|▋         | 1583/25000 [3:23:06 > 13:47]
SOAP:   6%|▋         | 1584/25000 [3:23:15 > 13:48]
SOAP:   6%|▋         | 1585/25000 [3:23:17 > 13:48]
SOAP:   6%|▋         | 1586/25000 [3:23:16 > 13:49]
SOAP:   6%|▋         | 1587/25000 [3:23:22 > 13:49]
SOAP:   6%|▋         | 1588/25000 [3:23:22 > 13:50]
SOAP:   6%|▋         | 1589/25000 [3:23:19 > 13:50]
SOAP:   6%|▋         | 1590/25000 [3:23:18 > 13:51]
SOAP:   6%|▋         | 1591/25000 [3:23:20 > 13:51]
SOAP:   6%|▋         | 1592/25000 [3:23:17 > 13:52]
SOAP:   6%|▋         | 1593/25000 [3:23:17 > 13:52]
SOAP:   6%|▋         | 1594/25000 [3:23:12 > 13:53]
SOAP:   6%|▋         | 1595/25000 [3:23:06 > 13:53]
SOAP:   6%|▋         | 1596/25000 [3:23:07 > 13:54]
SOAP:   6%|▋         | 1597/25000 [3:22:56 > 13:54]
SOAP:   6%|▋         | 1598/25000 [3:23:00 > 13:55]
SOAP:   6%|▋         | 1599/25000 [3:23:02 > 13:56]
SOAP:   6%|▋         | 1600/25000 [3:23:19 > 13:56]
SOAP:   6%|▋         | 1601/25000 [3:25:49 > 13:57]
SOAP:   6%|▋         | 1602/25000 [3:24:02 > 13:57]
SOAP:   6%|▋         | 1603/25000 [3:23:52 > 13:58]
SOAP:   6%|▋         | 1604/25000 [3:22:40 > 13:58]
SOAP:   6%|▋         | 1605/25000 [3:24:18 > 13:59]
SOAP:   6%|▋         | 1606/25000 [3:22:41 > 13:59]
SOAP:   6%|▋         | 1607/25000 [3:24:10 > 14:00]
SOAP:   6%|▋         | 1608/25000 [3:23:57 > 14:00]
SOAP:   6%|▋         | 1609/25000 [3:22:05 > 14:01]
SOAP:   6%|▋         | 1610/25000 [3:23:57 > 14:01]
SOAP:   6%|▋         | 1611/25000 [3:23:43 > 14:02]
SOAP:   6%|▋         | 1612/25000 [3:23:22 > 14:02]
SOAP:   6%|▋         | 1613/25000 [3:23:31 > 14:03]
SOAP:   6%|▋         | 1614/25000 [3:23:46 > 14:03]
SOAP:   6%|▋         | 1615/25000 [3:23:21 > 14:04]
SOAP:   6%|▋         | 1616/25000 [3:23:12 > 14:04]
SOAP:   6%|▋         | 1617/25000 [3:23:14 > 14:05]
SOAP:   6%|▋         | 1618/25000 [3:23:06 > 14:05]
SOAP:   6%|▋         | 1619/25000 [3:22:57 > 14:06]
SOAP:   6%|▋         | 1620/25000 [3:23:05 > 14:06]
SOAP:   6%|▋         | 1621/25000 [3:23:02 > 14:07]
SOAP:   6%|▋         | 1622/25000 [3:22:58 > 14:08]
SOAP:   6%|▋         | 1623/25000 [3:22:57 > 14:08]
SOAP:   6%|▋         | 1624/25000 [3:22:44 > 14:09]
SOAP:   6%|▋         | 1625/25000 [3:23:02 > 14:09]
SOAP:   7%|▋         | 1626/25000 [3:23:00 > 14:10]
SOAP:   7%|▋         | 1627/25000 [3:22:56 > 14:10]
SOAP:   7%|▋         | 1628/25000 [3:22:49 > 14:11]
SOAP:   7%|▋         | 1629/25000 [3:22:56 > 14:11]
SOAP:   7%|▋         | 1630/25000 [3:22:43 > 14:12]
SOAP:   7%|▋         | 1631/25000 [3:22:55 > 14:12]
SOAP:   7%|▋         | 1632/25000 [3:22:49 > 14:13]
SOAP:   7%|▋         | 1633/25000 [3:22:46 > 14:13]
SOAP:   7%|▋         | 1634/25000 [3:22:38 > 14:14]
SOAP:   7%|▋         | 1635/25000 [3:22:44 > 14:14]
SOAP:   7%|▋         | 1636/25000 [3:22:41 > 14:15]
SOAP:   7%|▋         | 1637/25000 [3:22:50 > 14:15]
SOAP:   7%|▋         | 1638/25000 [3:22:41 > 14:16]
SOAP:   7%|▋         | 1639/25000 [3:22:44 > 14:16]
SOAP:   7%|▋         | 1640/25000 [3:22:43 > 14:17]
SOAP:   7%|▋         | 1641/25000 [3:22:36 > 14:17]
SOAP:   7%|▋         | 1642/25000 [3:22:40 > 14:18]
SOAP:   7%|▋         | 1643/25000 [3:22:36 > 14:18]
SOAP:   7%|▋         | 1644/25000 [3:22:35 > 14:19]
SOAP:   7%|▋         | 1645/25000 [3:21:44 > 14:20]
SOAP:   7%|▋         | 1646/25000 [3:22:56 > 14:20]
SOAP:   7%|▋         | 1647/25000 [3:22:52 > 14:21]
SOAP:   7%|▋         | 1648/25000 [3:22:53 > 14:21]
SOAP:   7%|▋         | 1649/25000 [3:22:47 > 14:22]
SOAP:   7%|▋         | 1650/25000 [3:22:40 > 14:22]
SOAP:   7%|▋         | 1651/25000 [3:22:35 > 14:23]
SOAP:   7%|▋         | 1652/25000 [3:22:36 > 14:23]
SOAP:   7%|▋         | 1653/25000 [3:22:35 > 14:24]
SOAP:   7%|▋         | 1654/25000 [3:22:37 > 14:24]
SOAP:   7%|▋         | 1655/25000 [3:22:31 > 14:25]
SOAP:   7%|▋         | 1656/25000 [3:22:36 > 14:25]
SOAP:   7%|▋         | 1657/25000 [3:22:35 > 14:26]
SOAP:   7%|▋         | 1658/25000 [3:22:33 > 14:26]
SOAP:   7%|▋         | 1659/25000 [3:22:37 > 14:27]
SOAP:   7%|▋         | 1660/25000 [3:22:39 > 14:27]
SOAP:   7%|▋         | 1661/25000 [3:22:39 > 14:28]
SOAP:   7%|▋         | 1662/25000 [3:22:41 > 14:28]
SOAP:   7%|▋         | 1663/25000 [3:22:36 > 14:29]
SOAP:   7%|▋         | 1664/25000 [3:22:35 > 14:29]
SOAP:   7%|▋         | 1665/25000 [3:22:49 > 14:30]
SOAP:   7%|▋         | 1666/25000 [3:23:14 > 14:30]
SOAP:   7%|▋         | 1667/25000 [3:23:04 > 14:31]
SOAP:   7%|▋         | 1668/25000 [3:22:45 > 14:31]
SOAP:   7%|▋         | 1669/25000 [3:22:38 > 14:32]
SOAP:   7%|▋         | 1670/25000 [3:22:32 > 14:33]
SOAP:   7%|▋         | 1671/25000 [3:22:39 > 14:33]
SOAP:   7%|▋         | 1672/25000 [3:24:01 > 14:34]
SOAP:   7%|▋         | 1673/25000 [3:23:33 > 14:34]
SOAP:   7%|▋         | 1674/25000 [3:23:59 > 14:35]
SOAP:   7%|▋         | 1675/25000 [3:24:09 > 14:35]
SOAP:   7%|▋         | 1676/25000 [3:24:17 > 14:36]
SOAP:   7%|▋         | 1677/25000 [3:24:25 > 14:36]
SOAP:   7%|▋         | 1678/25000 [3:24:33 > 14:37]
SOAP:   7%|▋         | 1679/25000 [3:24:30 > 14:37]
SOAP:   7%|▋         | 1680/25000 [3:24:36 > 14:38]
SOAP:   7%|▋         | 1681/25000 [3:24:22 > 14:38]
SOAP:   7%|▋         | 1682/25000 [3:23:56 > 14:39]
SOAP:   7%|▋         | 1683/25000 [3:24:08 > 14:39]
SOAP:   7%|▋         | 1684/25000 [3:24:28 > 14:40]
SOAP:   7%|▋         | 1685/25000 [3:23:16 > 14:40]
SOAP:   7%|▋         | 1686/25000 [3:23:47 > 14:41]
SOAP:   7%|▋         | 1687/25000 [3:23:59 > 14:41]
SOAP:   7%|▋         | 1688/25000 [3:24:16 > 14:42]
SOAP:   7%|▋         | 1689/25000 [3:24:14 > 14:43]
SOAP:   7%|▋         | 1690/25000 [3:24:34 > 14:43]
SOAP:   7%|▋         | 1691/25000 [3:24:25 > 14:44]
SOAP:   7%|▋         | 1692/25000 [3:24:23 > 14:44]
SOAP:   7%|▋         | 1693/25000 [3:24:27 > 14:45]
SOAP:   7%|▋         | 1694/25000 [3:24:28 > 14:45]
SOAP:   7%|▋         | 1695/25000 [3:24:35 > 14:46]
SOAP:   7%|▋         | 1696/25000 [3:24:33 > 14:46]
SOAP:   7%|▋         | 1697/25000 [3:24:26 > 14:47]
SOAP:   7%|▋         | 1698/25000 [3:24:23 > 14:47]
SOAP:   7%|▋         | 1699/25000 [3:24:26 > 14:48]
SOAP:   7%|▋         | 1700/25000 [3:24:35 > 14:48]
SOAP:   7%|▋         | 1701/25000 [3:25:32 > 14:49]
SOAP:   7%|▋         | 1702/25000 [3:24:26 > 14:49]
SOAP:   7%|▋         | 1703/25000 [3:24:28 > 14:50]
SOAP:   7%|▋         | 1704/25000 [3:24:36 > 14:50]
SOAP:   7%|▋         | 1705/25000 [3:24:13 > 14:51]
SOAP:   7%|▋         | 1706/25000 [3:24:34 > 14:51]
SOAP:   7%|▋         | 1707/25000 [3:24:31 > 14:52]
SOAP:   7%|▋         | 1708/25000 [3:24:35 > 14:53]
SOAP:   7%|▋         | 1709/25000 [3:24:17 > 14:53]
SOAP:   7%|▋         | 1710/25000 [3:23:54 > 14:54]
SOAP:   7%|▋         | 1711/25000 [3:23:59 > 14:54]
SOAP:   7%|▋         | 1712/25000 [3:23:55 > 14:55]
SOAP:   7%|▋         | 1713/25000 [3:23:56 > 14:55]
SOAP:   7%|▋         | 1714/25000 [3:23:57 > 14:56]
SOAP:   7%|▋         | 1715/25000 [3:24:00 > 14:56]
SOAP:   7%|▋         | 1716/25000 [3:23:38 > 14:57]
SOAP:   7%|▋         | 1717/25000 [3:22:55 > 14:57]
SOAP:   7%|▋         | 1718/25000 [3:23:57 > 14:58]
SOAP:   7%|▋         | 1719/25000 [3:24:09 > 14:58]
SOAP:   7%|▋         | 1720/25000 [3:24:14 > 14:59]
SOAP:   7%|▋         | 1721/25000 [3:23:58 > 14:59]
SOAP:   7%|▋         | 1722/25000 [3:21:59 > 15:00]
SOAP:   7%|▋         | 1723/25000 [3:23:33 > 15:00]
SOAP:   7%|▋         | 1724/25000 [3:23:42 > 15:01]
SOAP:   7%|▋         | 1725/25000 [3:23:59 > 15:01]
SOAP:   7%|▋         | 1726/25000 [3:24:13 > 15:02]
SOAP:   7%|▋         | 1727/25000 [3:24:00 > 15:03]
SOAP:   7%|▋         | 1728/25000 [3:23:42 > 15:03]
SOAP:   7%|▋         | 1729/25000 [3:23:56 > 15:04]
SOAP:   7%|▋         | 1730/25000 [3:23:54 > 15:04]
SOAP:   7%|▋         | 1731/25000 [3:23:54 > 15:05]
SOAP:   7%|▋         | 1732/25000 [3:24:03 > 15:05]
SOAP:   7%|▋         | 1733/25000 [3:23:58 > 15:06]
SOAP:   7%|▋         | 1734/25000 [3:24:03 > 15:06]
SOAP:   7%|▋         | 1735/25000 [3:24:03 > 15:07]
SOAP:   7%|▋         | 1736/25000 [3:23:43 > 15:07]
SOAP:   7%|▋         | 1737/25000 [3:23:28 > 15:08]
SOAP:   7%|▋         | 1738/25000 [3:23:35 > 15:08]
SOAP:   7%|▋         | 1739/25000 [3:23:43 > 15:09]
SOAP:   7%|▋         | 1740/25000 [3:23:50 > 15:09]
SOAP:   7%|▋         | 1741/25000 [3:22:12 > 15:10]
SOAP:   7%|▋         | 1742/25000 [3:23:50 > 15:10]
SOAP:   7%|▋         | 1743/25000 [3:24:02 > 15:11]
SOAP:   7%|▋         | 1744/25000 [3:24:00 > 15:11]
SOAP:   7%|▋         | 1745/25000 [3:23:56 > 15:12]
SOAP:   7%|▋         | 1746/25000 [3:23:54 > 15:12]
SOAP:   7%|▋         | 1747/25000 [3:24:04 > 15:13]
SOAP:   7%|▋         | 1748/25000 [3:24:08 > 15:14]
SOAP:   7%|▋         | 1749/25000 [3:24:01 > 15:14]
SOAP:   7%|▋         | 1750/25000 [3:24:01 > 15:15]
SOAP:   7%|▋         | 1751/25000 [3:24:00 > 15:15]
SOAP:   7%|▋         | 1752/25000 [3:24:02 > 15:16]
SOAP:   7%|▋         | 1753/25000 [3:23:56 > 15:16]
SOAP:   7%|▋         | 1754/25000 [3:23:55 > 15:17]
SOAP:   7%|▋         | 1755/25000 [3:23:48 > 15:17]
SOAP:   7%|▋         | 1756/25000 [3:23:45 > 15:18]
SOAP:   7%|▋         | 1757/25000 [3:23:47 > 15:18]
SOAP:   7%|▋         | 1758/25000 [3:24:00 > 15:19]
SOAP:   7%|▋         | 1759/25000 [3:23:34 > 15:19]
SOAP:   7%|▋         | 1760/25000 [3:23:11 > 15:20]
SOAP:   7%|▋         | 1761/25000 [3:23:29 > 15:20]
SOAP:   7%|▋         | 1762/25000 [3:23:42 > 15:21]
SOAP:   7%|▋         | 1763/25000 [3:23:36 > 15:21]
SOAP:   7%|▋         | 1764/25000 [3:23:40 > 15:22]
SOAP:   7%|▋         | 1765/25000 [3:23:42 > 15:22]
SOAP:   7%|▋         | 1766/25000 [3:23:52 > 15:23]
SOAP:   7%|▋         | 1767/25000 [3:23:55 > 15:24]
SOAP:   7%|▋         | 1768/25000 [3:23:52 > 15:24]
SOAP:   7%|▋         | 1769/25000 [3:23:48 > 15:25]
SOAP:   7%|▋         | 1770/25000 [3:23:57 > 15:25]
SOAP:   7%|▋         | 1771/25000 [3:24:02 > 15:26]
SOAP:   7%|▋         | 1772/25000 [3:23:52 > 15:26]
SOAP:   7%|▋         | 1773/25000 [3:23:46 > 15:27]
SOAP:   7%|▋         | 1774/25000 [3:23:45 > 15:27]
SOAP:   7%|▋         | 1775/25000 [3:23:40 > 15:28]
SOAP:   7%|▋         | 1776/25000 [3:23:43 > 15:28]
SOAP:   7%|▋         | 1777/25000 [3:23:40 > 15:29]
SOAP:   7%|▋         | 1778/25000 [3:23:39 > 15:29]
SOAP:   7%|▋         | 1779/25000 [3:23:32 > 15:30]
SOAP:   7%|▋         | 1780/25000 [3:23:33 > 15:30]
SOAP:   7%|▋         | 1781/25000 [3:23:35 > 15:31]
SOAP:   7%|▋         | 1782/25000 [3:23:51 > 15:31]
SOAP:   7%|▋         | 1783/25000 [3:23:38 > 15:32]
SOAP:   7%|▋         | 1784/25000 [3:23:37 > 15:32]
SOAP:   7%|▋         | 1785/25000 [3:23:39 > 15:33]
SOAP:   7%|▋         | 1786/25000 [3:23:39 > 15:34]
SOAP:   7%|▋         | 1787/25000 [3:23:47 > 15:34]
SOAP:   7%|▋         | 1788/25000 [3:23:48 > 15:35]
SOAP:   7%|▋         | 1789/25000 [3:23:40 > 15:35]
SOAP:   7%|▋         | 1790/25000 [3:23:37 > 15:36]
SOAP:   7%|▋         | 1791/25000 [3:23:47 > 15:36]
SOAP:   7%|▋         | 1792/25000 [3:23:48 > 15:37]
SOAP:   7%|▋         | 1793/25000 [3:23:46 > 15:37]
SOAP:   7%|▋         | 1794/25000 [3:23:23 > 15:38]
SOAP:   7%|▋         | 1795/25000 [3:23:36 > 15:38]
SOAP:   7%|▋         | 1796/25000 [3:23:41 > 15:39]
SOAP:   7%|▋         | 1797/25000 [3:23:27 > 15:39]
SOAP:   7%|▋         | 1798/25000 [3:23:31 > 15:40]
SOAP:   7%|▋         | 1799/25000 [3:22:38 > 15:40]
SOAP:   7%|▋         | 1800/25000 [3:23:14 > 15:41]
SOAP:   7%|▋         | 1801/25000 [3:24:25 > 15:41]
SOAP:   7%|▋         | 1802/25000 [3:24:13 > 15:42]
SOAP:   7%|▋         | 1803/25000 [3:23:53 > 15:43]
SOAP:   7%|▋         | 1804/25000 [3:23:48 > 15:43]
SOAP:   7%|▋         | 1805/25000 [3:23:43 > 15:44]
SOAP:   7%|▋         | 1806/25000 [3:23:48 > 15:44]
SOAP:   7%|▋         | 1807/25000 [3:23:44 > 15:45]
SOAP:   7%|▋         | 1808/25000 [3:23:36 > 15:45]
SOAP:   7%|▋         | 1809/25000 [3:23:27 > 15:46]
SOAP:   7%|▋         | 1810/25000 [3:23:43 > 15:46]
SOAP:   7%|▋         | 1811/25000 [3:23:36 > 15:47]
SOAP:   7%|▋         | 1812/25000 [3:23:39 > 15:47]
SOAP:   7%|▋         | 1813/25000 [3:22:37 > 15:48]
SOAP:   7%|▋         | 1814/25000 [3:22:53 > 15:48]
SOAP:   7%|▋         | 1815/25000 [3:23:07 > 15:49]
SOAP:   7%|▋         | 1816/25000 [3:23:06 > 15:49]
SOAP:   7%|▋         | 1817/25000 [3:23:08 > 15:50]
SOAP:   7%|▋         | 1818/25000 [3:21:35 > 15:50]
SOAP:   7%|▋         | 1819/25000 [3:23:03 > 15:51]
SOAP:   7%|▋         | 1820/25000 [3:22:44 > 15:51]
SOAP:   7%|▋         | 1821/25000 [3:22:45 > 15:52]
SOAP:   7%|▋         | 1822/25000 [3:22:53 > 15:52]
SOAP:   7%|▋         | 1823/25000 [3:23:02 > 15:53]
SOAP:   7%|▋         | 1824/25000 [3:23:09 > 15:54]
SOAP:   7%|▋         | 1825/25000 [3:23:18 > 15:54]
SOAP:   7%|▋         | 1826/25000 [3:23:17 > 15:55]
SOAP:   7%|▋         | 1827/25000 [3:23:12 > 15:55]
SOAP:   7%|▋         | 1828/25000 [3:23:08 > 15:56]
SOAP:   7%|▋         | 1829/25000 [3:23:13 > 15:56]
SOAP:   7%|▋         | 1830/25000 [3:23:17 > 15:57]
SOAP:   7%|▋         | 1831/25000 [3:23:27 > 15:57]
SOAP:   7%|▋         | 1832/25000 [3:23:18 > 15:58]
SOAP:   7%|▋         | 1833/25000 [3:23:16 > 15:58]
SOAP:   7%|▋         | 1834/25000 [3:23:13 > 15:59]
SOAP:   7%|▋         | 1835/25000 [3:23:19 > 15:59]
SOAP:   7%|▋         | 1836/25000 [3:23:25 > 16:00]
SOAP:   7%|▋         | 1837/25000 [3:23:21 > 16:00]
SOAP:   7%|▋         | 1838/25000 [3:22:55 > 16:01]
SOAP:   7%|▋         | 1839/25000 [3:23:13 > 16:01]
SOAP:   7%|▋         | 1840/25000 [3:23:14 > 16:02]
SOAP:   7%|▋         | 1841/25000 [3:23:24 > 16:02]
SOAP:   7%|▋         | 1842/25000 [3:23:16 > 16:03]
SOAP:   7%|▋         | 1843/25000 [3:23:05 > 16:04]
SOAP:   7%|▋         | 1844/25000 [3:23:00 > 16:04]
SOAP:   7%|▋         | 1845/25000 [3:23:17 > 16:05]
SOAP:   7%|▋         | 1846/25000 [3:23:28 > 16:05]
SOAP:   7%|▋         | 1847/25000 [3:23:17 > 16:06]
SOAP:   7%|▋         | 1848/25000 [3:23:05 > 16:06]
SOAP:   7%|▋         | 1849/25000 [3:23:01 > 16:07]
SOAP:   7%|▋         | 1850/25000 [3:23:08 > 16:07]
SOAP:   7%|▋         | 1851/25000 [3:23:08 > 16:08]
SOAP:   7%|▋         | 1852/25000 [3:23:12 > 16:08]
SOAP:   7%|▋         | 1853/25000 [3:22:59 > 16:09]
SOAP:   7%|▋         | 1854/25000 [3:23:05 > 16:09]
SOAP:   7%|▋         | 1855/25000 [3:23:12 > 16:10]
SOAP:   7%|▋         | 1856/25000 [3:23:13 > 16:10]
SOAP:   7%|▋         | 1857/25000 [3:23:08 > 16:11]
SOAP:   7%|▋         | 1858/25000 [3:23:06 > 16:11]
SOAP:   7%|▋         | 1859/25000 [3:23:01 > 16:12]
SOAP:   7%|▋         | 1860/25000 [3:23:09 > 16:12]
SOAP:   7%|▋         | 1861/25000 [3:23:03 > 16:13]
SOAP:   7%|▋         | 1862/25000 [3:23:07 > 16:14]
SOAP:   7%|▋         | 1863/25000 [3:23:09 > 16:14]
SOAP:   7%|▋         | 1864/25000 [3:22:43 > 16:15]
SOAP:   7%|▋         | 1865/25000 [3:22:26 > 16:15]
SOAP:   7%|▋         | 1866/25000 [3:22:32 > 16:16]
SOAP:   7%|▋         | 1867/25000 [3:22:38 > 16:16]
SOAP:   7%|▋         | 1868/25000 [3:22:38 > 16:17]
SOAP:   7%|▋         | 1869/25000 [3:22:48 > 16:17]
SOAP:   7%|▋         | 1870/25000 [3:22:50 > 16:18]
SOAP:   7%|▋         | 1871/25000 [3:22:45 > 16:18]
SOAP:   7%|▋         | 1872/25000 [3:22:15 > 16:19]
SOAP:   7%|▋         | 1873/25000 [3:22:39 > 16:19]
SOAP:   7%|▋         | 1874/25000 [3:22:33 > 16:20]
SOAP:   8%|▊         | 1875/25000 [3:22:43 > 16:20]
SOAP:   8%|▊         | 1876/25000 [3:22:14 > 16:21]
SOAP:   8%|▊         | 1877/25000 [3:22:36 > 16:21]
SOAP:   8%|▊         | 1878/25000 [3:22:39 > 16:22]
SOAP:   8%|▊         | 1879/25000 [3:22:37 > 16:22]
SOAP:   8%|▊         | 1880/25000 [3:22:47 > 16:23]
SOAP:   8%|▊         | 1881/25000 [3:22:50 > 16:24]
SOAP:   8%|▊         | 1882/25000 [3:22:07 > 16:24]
SOAP:   8%|▊         | 1883/25000 [3:22:16 > 16:25]
SOAP:   8%|▊         | 1884/25000 [3:22:32 > 16:25]
SOAP:   8%|▊         | 1885/25000 [3:22:29 > 16:26]
SOAP:   8%|▊         | 1886/25000 [3:22:35 > 16:26]
SOAP:   8%|▊         | 1887/25000 [3:22:31 > 16:27]
SOAP:   8%|▊         | 1888/25000 [3:22:34 > 16:27]
SOAP:   8%|▊         | 1889/25000 [3:22:39 > 16:28]
SOAP:   8%|▊         | 1890/25000 [3:22:28 > 16:28]
SOAP:   8%|▊         | 1891/25000 [3:22:49 > 16:29]
SOAP:   8%|▊         | 1892/25000 [3:22:44 > 16:29]
SOAP:   8%|▊         | 1893/25000 [3:22:46 > 16:30]
SOAP:   8%|▊         | 1894/25000 [3:22:50 > 16:30]
SOAP:   8%|▊         | 1895/25000 [3:20:57 > 16:31]
SOAP:   8%|▊         | 1896/25000 [3:22:41 > 16:31]
SOAP:   8%|▊         | 1897/25000 [3:22:42 > 16:32]
SOAP:   8%|▊         | 1898/25000 [3:22:38 > 16:32]
SOAP:   8%|▊         | 1899/25000 [3:22:35 > 16:33]
SOAP:   8%|▊         | 1900/25000 [3:22:32 > 16:34]
SOAP:   8%|▊         | 1901/25000 [3:23:51 > 16:34]
SOAP:   8%|▊         | 1902/25000 [3:23:29 > 16:35]
SOAP:   8%|▊         | 1903/25000 [3:23:10 > 16:35]
SOAP:   8%|▊         | 1904/25000 [3:23:02 > 16:36]
SOAP:   8%|▊         | 1905/25000 [3:22:56 > 16:36]
SOAP:   8%|▊         | 1906/25000 [3:23:01 > 16:37]
SOAP:   8%|▊         | 1907/25000 [3:22:51 > 16:37]
SOAP:   8%|▊         | 1908/25000 [3:22:43 > 16:38]
SOAP:   8%|▊         | 1909/25000 [3:22:42 > 16:38]
SOAP:   8%|▊         | 1910/25000 [3:22:34 > 16:39]
SOAP:   8%|▊         | 1911/25000 [3:22:47 > 16:39]
SOAP:   8%|▊         | 1912/25000 [3:22:39 > 16:40]
SOAP:   8%|▊         | 1913/25000 [3:22:40 > 16:40]
SOAP:   8%|▊         | 1914/25000 [3:23:26 > 16:41]
SOAP:   8%|▊         | 1915/25000 [3:22:08 > 16:41]
SOAP:   8%|▊         | 1916/25000 [3:21:48 > 16:42]
SOAP:   8%|▊         | 1917/25000 [3:22:10 > 16:42]
SOAP:   8%|▊         | 1918/25000 [3:22:17 > 16:43]
SOAP:   8%|▊         | 1919/25000 [3:22:19 > 16:44]
SOAP:   8%|▊         | 1920/25000 [3:22:18 > 16:44]
SOAP:   8%|▊         | 1921/25000 [3:22:19 > 16:45]
SOAP:   8%|▊         | 1922/25000 [3:22:25 > 16:45]
SOAP:   8%|▊         | 1923/25000 [3:22:30 > 16:46]
SOAP:   8%|▊         | 1924/25000 [3:22:37 > 16:46]
SOAP:   8%|▊         | 1925/25000 [3:22:32 > 16:47]
SOAP:   8%|▊         | 1926/25000 [3:22:35 > 16:47]
SOAP:   8%|▊         | 1927/25000 [3:22:31 > 16:48]
SOAP:   8%|▊         | 1928/25000 [3:22:29 > 16:48]
SOAP:   8%|▊         | 1929/25000 [3:22:30 > 16:49]
SOAP:   8%|▊         | 1930/25000 [3:22:26 > 16:49]
SOAP:   8%|▊         | 1931/25000 [3:22:19 > 16:50]
SOAP:   8%|▊         | 1932/25000 [3:22:17 > 16:50]
SOAP:   8%|▊         | 1933/25000 [3:22:13 > 16:51]
SOAP:   8%|▊         | 1934/25000 [3:22:26 > 16:51]
SOAP:   8%|▊         | 1935/25000 [3:22:21 > 16:52]
SOAP:   8%|▊         | 1936/25000 [3:22:15 > 16:52]
SOAP:   8%|▊         | 1937/25000 [3:22:17 > 16:53]
SOAP:   8%|▊         | 1938/25000 [3:22:23 > 16:54]
SOAP:   8%|▊         | 1939/25000 [3:22:34 > 16:54]
SOAP:   8%|▊         | 1940/25000 [3:22:19 > 16:55]
SOAP:   8%|▊         | 1941/25000 [3:22:01 > 16:55]
SOAP:   8%|▊         | 1942/25000 [3:21:12 > 16:56]
SOAP:   8%|▊         | 1943/25000 [3:21:25 > 16:56]
SOAP:   8%|▊         | 1944/25000 [3:21:48 > 16:57]
SOAP:   8%|▊         | 1945/25000 [3:21:27 > 16:57]
SOAP:   8%|▊         | 1946/25000 [3:20:54 > 16:58]
SOAP:   8%|▊         | 1947/25000 [3:19:25 > 16:58]
SOAP:   8%|▊         | 1948/25000 [3:21:12 > 16:59]
SOAP:   8%|▊         | 1949/25000 [3:21:23 > 16:59]
SOAP:   8%|▊         | 1950/25000 [3:20:58 > 17:00]
SOAP:   8%|▊         | 1951/25000 [3:20:39 > 17:00]
SOAP:   8%|▊         | 1952/25000 [3:19:02 > 17:01]
SOAP:   8%|▊         | 1953/25000 [3:20:52 > 17:01]
SOAP:   8%|▊         | 1954/25000 [3:20:38 > 17:02]
SOAP:   8%|▊         | 1955/25000 [3:20:26 > 17:02]
SOAP:   8%|▊         | 1956/25000 [3:20:21 > 17:03]
SOAP:   8%|▊         | 1957/25000 [3:18:32 > 17:03]
SOAP:   8%|▊         | 1958/25000 [3:19:09 > 17:04]
SOAP:   8%|▊         | 1959/25000 [3:20:58 > 17:05]
SOAP:   8%|▊         | 1960/25000 [3:20:40 > 17:05]
SOAP:   8%|▊         | 1961/25000 [3:20:38 > 17:06]
SOAP:   8%|▊         | 1962/25000 [3:21:00 > 17:06]
SOAP:   8%|▊         | 1963/25000 [3:20:40 > 17:07]
SOAP:   8%|▊         | 1964/25000 [3:20:35 > 17:07]
SOAP:   8%|▊         | 1965/25000 [3:20:23 > 17:08]
SOAP:   8%|▊         | 1966/25000 [3:20:18 > 17:08]
SOAP:   8%|▊         | 1967/25000 [3:20:06 > 17:09]
SOAP:   8%|▊         | 1968/25000 [3:20:08 > 17:09]
SOAP:   8%|▊         | 1969/25000 [3:20:07 > 17:10]
SOAP:   8%|▊         | 1970/25000 [3:19:51 > 17:10]
SOAP:   8%|▊         | 1971/25000 [3:19:57 > 17:11]
SOAP:   8%|▊         | 1972/25000 [3:19:02 > 17:11]
SOAP:   8%|▊         | 1973/25000 [3:20:31 > 17:12]
SOAP:   8%|▊         | 1974/25000 [3:20:18 > 17:12]
SOAP:   8%|▊         | 1975/25000 [3:20:12 > 17:13]
SOAP:   8%|▊         | 1976/25000 [3:20:06 > 17:13]
SOAP:   8%|▊         | 1977/25000 [3:20:00 > 17:14]
SOAP:   8%|▊         | 1978/25000 [3:19:58 > 17:14]
SOAP:   8%|▊         | 1979/25000 [3:20:02 > 17:15]
SOAP:   8%|▊         | 1980/25000 [3:20:01 > 17:15]
SOAP:   8%|▊         | 1981/25000 [3:19:56 > 17:16]
SOAP:   8%|▊         | 1982/25000 [3:19:56 > 17:17]
SOAP:   8%|▊         | 1983/25000 [3:19:05 > 17:17]
SOAP:   8%|▊         | 1984/25000 [3:18:54 > 17:18]
SOAP:   8%|▊         | 1985/25000 [3:18:56 > 17:18]
SOAP:   8%|▊         | 1986/25000 [3:19:14 > 17:19]
SOAP:   8%|▊         | 1987/25000 [3:19:25 > 17:19]
SOAP:   8%|▊         | 1988/25000 [3:19:17 > 17:20]
SOAP:   8%|▊         | 1989/25000 [3:20:42 > 17:20]
SOAP:   8%|▊         | 1990/25000 [3:18:53 > 17:21]
SOAP:   8%|▊         | 1991/25000 [3:18:58 > 17:21]
SOAP:   8%|▊         | 1992/25000 [3:18:48 > 17:22]
SOAP:   8%|▊         | 1993/25000 [3:19:07 > 17:22]
SOAP:   8%|▊         | 1994/25000 [3:19:13 > 17:23]
SOAP:   8%|▊         | 1995/25000 [3:19:27 > 17:23]
SOAP:   8%|▊         | 1996/25000 [3:19:31 > 17:24]
SOAP:   8%|▊         | 1997/25000 [3:19:29 > 17:24]
SOAP:   8%|▊         | 1998/25000 [3:19:39 > 17:25]
SOAP:   8%|▊         | 1999/25000 [3:19:32 > 17:25]
SOAP:   8%|▊         | 2000/25000 [3:19:35 > 17:26]
SOAP:   8%|▊         | 2001/25000 [3:20:30 > 17:26]
SOAP:   8%|▊         | 2002/25000 [3:20:22 > 17:27]
SOAP:   8%|▊         | 2003/25000 [3:20:13 > 17:27]
SOAP:   8%|▊         | 2004/25000 [3:20:03 > 17:28]
SOAP:   8%|▊         | 2005/25000 [3:20:02 > 17:28]
SOAP:   8%|▊         | 2006/25000 [3:19:56 > 17:29]
SOAP:   8%|▊         | 2007/25000 [3:19:36 > 17:30]
SOAP:   8%|▊         | 2008/25000 [3:19:43 > 17:30]
SOAP:   8%|▊         | 2009/25000 [3:19:35 > 17:31]
SOAP:   8%|▊         | 2010/25000 [3:19:40 > 17:31]
SOAP:   8%|▊         | 2011/25000 [3:19:40 > 17:32]
SOAP:   8%|▊         | 2012/25000 [3:19:50 > 17:32]
SOAP:   8%|▊         | 2013/25000 [3:19:46 > 17:33]
SOAP:   8%|▊         | 2014/25000 [3:19:53 > 17:33]
SOAP:   8%|▊         | 2015/25000 [3:19:46 > 17:34]
SOAP:   8%|▊         | 2016/25000 [3:19:43 > 17:34]
SOAP:   8%|▊         | 2017/25000 [3:20:29 > 17:35]
SOAP:   8%|▊         | 2018/25000 [3:21:08 > 17:35]
SOAP:   8%|▊         | 2019/25000 [3:19:04 > 17:36]
SOAP:   8%|▊         | 2020/25000 [3:20:45 > 17:36]
SOAP:   8%|▊         | 2021/25000 [3:20:24 > 17:37]
SOAP:   8%|▊         | 2022/25000 [3:20:05 > 17:37]
SOAP:   8%|▊         | 2023/25000 [3:18:24 > 17:38]
SOAP:   8%|▊         | 2024/25000 [3:20:13 > 17:38]
SOAP:   8%|▊         | 2025/25000 [3:19:55 > 17:39]
SOAP:   8%|▊         | 2026/25000 [3:19:39 > 17:39]
SOAP:   8%|▊         | 2027/25000 [3:19:30 > 17:40]
SOAP:   8%|▊         | 2028/25000 [3:19:35 > 17:40]
SOAP:   8%|▊         | 2029/25000 [3:17:59 > 17:41]
SOAP:   8%|▊         | 2030/25000 [3:18:33 > 17:42]
SOAP:   8%|▊         | 2031/25000 [3:18:50 > 17:42]
SOAP:   8%|▊         | 2032/25000 [3:20:07 > 17:43]
SOAP:   8%|▊         | 2033/25000 [3:20:46 > 17:43]
SOAP:   8%|▊         | 2034/25000 [3:19:18 > 17:44]
SOAP:   8%|▊         | 2035/25000 [3:20:15 > 17:44]
SOAP:   8%|▊         | 2036/25000 [3:19:18 > 17:45]
SOAP:   8%|▊         | 2037/25000 [3:19:21 > 17:45]
SOAP:   8%|▊         | 2038/25000 [3:19:13 > 17:46]
SOAP:   8%|▊         | 2039/25000 [3:20:33 > 17:46]
SOAP:   8%|▊         | 2040/25000 [3:18:51 > 17:47]
SOAP:   8%|▊         | 2041/25000 [3:20:48 > 17:47]
SOAP:   8%|▊         | 2042/25000 [3:19:35 > 17:48]
SOAP:   8%|▊         | 2043/25000 [3:19:19 > 17:48]
SOAP:   8%|▊         | 2044/25000 [3:19:05 > 17:49]
SOAP:   8%|▊         | 2045/25000 [3:19:11 > 17:49]
SOAP:   8%|▊         | 2046/25000 [3:19:11 > 17:50]
SOAP:   8%|▊         | 2047/25000 [3:19:54 > 17:50]
SOAP:   8%|▊         | 2048/25000 [3:19:31 > 17:51]
SOAP:   8%|▊         | 2049/25000 [3:20:47 > 17:51]
SOAP:   8%|▊         | 2050/25000 [3:19:16 > 17:52]
SOAP:   8%|▊         | 2051/25000 [3:18:51 > 17:52]
SOAP:   8%|▊         | 2052/25000 [3:20:27 > 17:53]
SOAP:   8%|▊         | 2053/25000 [3:18:36 > 17:54]
SOAP:   8%|▊         | 2054/25000 [3:20:20 > 17:54]
SOAP:   8%|▊         | 2055/25000 [3:19:57 > 17:55]
SOAP:   8%|▊         | 2056/25000 [3:19:46 > 17:55]
SOAP:   8%|▊         | 2057/25000 [3:19:30 > 17:56]
SOAP:   8%|▊         | 2058/25000 [3:17:54 > 17:56]
SOAP:   8%|▊         | 2059/25000 [3:19:41 > 17:57]
SOAP:   8%|▊         | 2060/25000 [3:19:35 > 17:57]
SOAP:   8%|▊         | 2061/25000 [3:19:22 > 17:58]
SOAP:   8%|▊         | 2062/25000 [3:19:17 > 17:58]
SOAP:   8%|▊         | 2063/25000 [3:19:16 > 17:59]
SOAP:   8%|▊         | 2064/25000 [3:19:15 > 17:59]
SOAP:   8%|▊         | 2065/25000 [3:19:10 > 18:00]
SOAP:   8%|▊         | 2066/25000 [3:18:58 > 18:00]
SOAP:   8%|▊         | 2067/25000 [3:19:04 > 18:01]
SOAP:   8%|▊         | 2068/25000 [3:19:16 > 18:01]
SOAP:   8%|▊         | 2069/25000 [3:18:07 > 18:02]
SOAP:   8%|▊         | 2070/25000 [3:18:25 > 18:02]
SOAP:   8%|▊         | 2071/25000 [3:20:14 > 18:03]
SOAP:   8%|▊         | 2072/25000 [3:19:33 > 18:03]
SOAP:   8%|▊         | 2073/25000 [3:19:18 > 18:04]
SOAP:   8%|▊         | 2074/25000 [3:19:13 > 18:04]
SOAP:   8%|▊         | 2075/25000 [3:19:07 > 18:05]
SOAP:   8%|▊         | 2076/25000 [3:19:18 > 18:06]
SOAP:   8%|▊         | 2077/25000 [3:19:05 > 18:06]
SOAP:   8%|▊         | 2078/25000 [3:19:09 > 18:07]
SOAP:   8%|▊         | 2079/25000 [3:17:28 > 18:07]
SOAP:   8%|▊         | 2080/25000 [3:19:35 > 18:08]
SOAP:   8%|▊         | 2081/25000 [3:17:45 > 18:08]
SOAP:   8%|▊         | 2082/25000 [3:19:55 > 18:09]
SOAP:   8%|▊         | 2083/25000 [3:20:09 > 18:09]
SOAP:   8%|▊         | 2084/25000 [3:19:41 > 18:10]
SOAP:   8%|▊         | 2085/25000 [3:19:27 > 18:10]
SOAP:   8%|▊         | 2086/25000 [3:19:10 > 18:11]
SOAP:   8%|▊         | 2087/25000 [3:19:11 > 18:11]
SOAP:   8%|▊         | 2088/25000 [3:19:03 > 18:12]
SOAP:   8%|▊         | 2089/25000 [3:19:04 > 18:12]
SOAP:   8%|▊         | 2090/25000 [3:18:54 > 18:13]
SOAP:   8%|▊         | 2091/25000 [3:18:50 > 18:13]
SOAP:   8%|▊         | 2092/25000 [3:18:51 > 18:14]
SOAP:   8%|▊         | 2093/25000 [3:18:48 > 18:14]
SOAP:   8%|▊         | 2094/25000 [3:18:48 > 18:15]
SOAP:   8%|▊         | 2095/25000 [3:18:51 > 18:15]
SOAP:   8%|▊         | 2096/25000 [3:18:49 > 18:16]
SOAP:   8%|▊         | 2097/25000 [3:18:46 > 18:16]
SOAP:   8%|▊         | 2098/25000 [3:18:44 > 18:17]
SOAP:   8%|▊         | 2099/25000 [3:18:40 > 18:17]
SOAP:   8%|▊         | 2100/25000 [3:18:39 > 18:18]
SOAP:   8%|▊         | 2101/25000 [3:20:41 > 18:19]
SOAP:   8%|▊         | 2102/25000 [3:19:08 > 18:19]
SOAP:   8%|▊         | 2103/25000 [3:18:56 > 18:20]
SOAP:   8%|▊         | 2104/25000 [3:18:50 > 18:20]
SOAP:   8%|▊         | 2105/25000 [3:18:48 > 18:21]
SOAP:   8%|▊         | 2106/25000 [3:18:43 > 18:21]
SOAP:   8%|▊         | 2107/25000 [3:18:41 > 18:22]
SOAP:   8%|▊         | 2108/25000 [3:17:10 > 18:22]
SOAP:   8%|▊         | 2109/25000 [3:19:12 > 18:23]
SOAP:   8%|▊         | 2110/25000 [3:19:04 > 18:23]
SOAP:   8%|▊         | 2111/25000 [3:18:56 > 18:24]
SOAP:   8%|▊         | 2112/25000 [3:18:52 > 18:24]
SOAP:   8%|▊         | 2113/25000 [3:18:45 > 18:25]
SOAP:   8%|▊         | 2114/25000 [3:18:47 > 18:25]
SOAP:   8%|▊         | 2115/25000 [3:18:48 > 18:26]
SOAP:   8%|▊         | 2116/25000 [3:18:45 > 18:26]
SOAP:   8%|▊         | 2117/25000 [3:18:45 > 18:27]
SOAP:   8%|▊         | 2118/25000 [3:18:47 > 18:27]
SOAP:   8%|▊         | 2119/25000 [3:18:43 > 18:28]
SOAP:   8%|▊         | 2120/25000 [3:18:39 > 18:28]
SOAP:   8%|▊         | 2121/25000 [3:18:34 > 18:29]
SOAP:   8%|▊         | 2122/25000 [3:18:36 > 18:29]
SOAP:   8%|▊         | 2123/25000 [3:18:39 > 18:30]
SOAP:   8%|▊         | 2124/25000 [3:18:34 > 18:31]
SOAP:   8%|▊         | 2125/25000 [3:18:36 > 18:31]
SOAP:   9%|▊         | 2126/25000 [3:18:38 > 18:32]
SOAP:   9%|▊         | 2127/25000 [3:18:32 > 18:32]
SOAP:   9%|▊         | 2128/25000 [3:18:44 > 18:33]
SOAP:   9%|▊         | 2129/25000 [3:18:38 > 18:33]
SOAP:   9%|▊         | 2130/25000 [3:16:57 > 18:34]
SOAP:   9%|▊         | 2131/25000 [3:19:15 > 18:34]
SOAP:   9%|▊         | 2132/25000 [3:19:02 > 18:35]
SOAP:   9%|▊         | 2133/25000 [3:18:59 > 18:35]
SOAP:   9%|▊         | 2134/25000 [3:18:52 > 18:36]
SOAP:   9%|▊         | 2135/25000 [3:18:50 > 18:36]
SOAP:   9%|▊         | 2136/25000 [3:18:45 > 18:37]
SOAP:   9%|▊         | 2137/25000 [3:18:43 > 18:37]
SOAP:   9%|▊         | 2138/25000 [3:18:51 > 18:38]
SOAP:   9%|▊         | 2139/25000 [3:19:02 > 18:38]
SOAP:   9%|▊         | 2140/25000 [3:18:53 > 18:39]
SOAP:   9%|▊         | 2141/25000 [3:18:49 > 18:39]
SOAP:   9%|▊         | 2142/25000 [3:18:40 > 18:40]
SOAP:   9%|▊         | 2143/25000 [3:18:39 > 18:40]
SOAP:   9%|▊         | 2144/25000 [3:18:30 > 18:41]
SOAP:   9%|▊         | 2145/25000 [3:18:32 > 18:41]
SOAP:   9%|▊         | 2146/25000 [3:18:42 > 18:42]
SOAP:   9%|▊         | 2147/25000 [3:19:02 > 18:43]
SOAP:   9%|▊         | 2148/25000 [3:18:55 > 18:43]
SOAP:   9%|▊         | 2149/25000 [3:18:42 > 18:44]
SOAP:   9%|▊         | 2150/25000 [3:18:40 > 18:44]
SOAP:   9%|▊         | 2151/25000 [3:18:35 > 18:45]
SOAP:   9%|▊         | 2152/25000 [3:18:35 > 18:45]
SOAP:   9%|▊         | 2153/25000 [3:18:31 > 18:46]
SOAP:   9%|▊         | 2154/25000 [3:18:28 > 18:46]
SOAP:   9%|▊         | 2155/25000 [3:18:24 > 18:47]
SOAP:   9%|▊         | 2156/25000 [3:18:25 > 18:47]
SOAP:   9%|▊         | 2157/25000 [3:18:18 > 18:48]
SOAP:   9%|▊         | 2158/25000 [3:18:17 > 18:48]
SOAP:   9%|▊         | 2159/25000 [3:18:19 > 18:49]
SOAP:   9%|▊         | 2160/25000 [3:18:17 > 18:49]
SOAP:   9%|▊         | 2161/25000 [3:18:19 > 18:50]
SOAP:   9%|▊         | 2162/25000 [3:18:16 > 18:50]
SOAP:   9%|▊         | 2163/25000 [3:18:16 > 18:51]
SOAP:   9%|▊         | 2164/25000 [3:18:15 > 18:51]
SOAP:   9%|▊         | 2165/25000 [3:18:19 > 18:52]
SOAP:   9%|▊         | 2166/25000 [3:16:53 > 18:52]
SOAP:   9%|▊         | 2167/25000 [3:18:51 > 18:53]
SOAP:   9%|▊         | 2168/25000 [3:18:45 > 18:53]
SOAP:   9%|▊         | 2169/25000 [3:18:34 > 18:54]
SOAP:   9%|▊         | 2170/25000 [3:18:27 > 18:54]
SOAP:   9%|▊         | 2171/25000 [3:18:21 > 18:55]
SOAP:   9%|▊         | 2172/25000 [3:18:13 > 18:56]
SOAP:   9%|▊         | 2173/25000 [3:18:13 > 18:56]
SOAP:   9%|▊         | 2174/25000 [3:18:04 > 18:57]
SOAP:   9%|▊         | 2175/25000 [3:18:16 > 18:57]
SOAP:   9%|▊         | 2176/25000 [3:17:59 > 18:58]
SOAP:   9%|▊         | 2177/25000 [3:18:11 > 18:58]
SOAP:   9%|▊         | 2178/25000 [3:18:06 > 18:59]
SOAP:   9%|▊         | 2179/25000 [3:18:11 > 18:59]
SOAP:   9%|▊         | 2180/25000 [3:16:37 > 19:00]
SOAP:   9%|▊         | 2181/25000 [3:18:37 > 19:00]
SOAP:   9%|▊         | 2182/25000 [3:18:23 > 19:01]
SOAP:   9%|▊         | 2183/25000 [3:18:28 > 19:01]
SOAP:   9%|▊         | 2184/25000 [3:18:15 > 19:02]
SOAP:   9%|▊         | 2185/25000 [3:18:20 > 19:02]
SOAP:   9%|▊         | 2186/25000 [3:18:41 > 19:03]
SOAP:   9%|▊         | 2187/25000 [3:18:34 > 19:03]
SOAP:   9%|▉         | 2188/25000 [3:18:23 > 19:04]
SOAP:   9%|▉         | 2189/25000 [3:18:18 > 19:04]
SOAP:   9%|▉         | 2190/25000 [3:18:12 > 19:05]
SOAP:   9%|▉         | 2191/25000 [3:18:10 > 19:05]
SOAP:   9%|▉         | 2192/25000 [3:18:01 > 19:06]
SOAP:   9%|▉         | 2193/25000 [3:16:29 > 19:06]
SOAP:   9%|▉         | 2194/25000 [3:18:32 > 19:07]
SOAP:   9%|▉         | 2195/25000 [3:18:23 > 19:08]
SOAP:   9%|▉         | 2196/25000 [3:18:14 > 19:08]
SOAP:   9%|▉         | 2197/25000 [3:18:09 > 19:09]
SOAP:   9%|▉         | 2198/25000 [3:18:11 > 19:09]
SOAP:   9%|▉         | 2199/25000 [3:18:04 > 19:10]
SOAP:   9%|▉         | 2200/25000 [3:18:08 > 19:10]
SOAP:   9%|▉         | 2201/25000 [3:19:50 > 19:11]
SOAP:   9%|▉         | 2202/25000 [3:18:31 > 19:11]
SOAP:   9%|▉         | 2203/25000 [3:18:13 > 19:12]
SOAP:   9%|▉         | 2204/25000 [3:18:09 > 19:12]
SOAP:   9%|▉         | 2205/25000 [3:16:37 > 19:13]
SOAP:   9%|▉         | 2206/25000 [3:18:29 > 19:13]
SOAP:   9%|▉         | 2207/25000 [3:18:23 > 19:14]
SOAP:   9%|▉         | 2208/25000 [3:18:13 > 19:14]
SOAP:   9%|▉         | 2209/25000 [3:18:05 > 19:15]
SOAP:   9%|▉         | 2210/25000 [3:17:58 > 19:15]
SOAP:   9%|▉         | 2211/25000 [3:17:49 > 19:16]
SOAP:   9%|▉         | 2212/25000 [3:17:56 > 19:16]
SOAP:   9%|▉         | 2213/25000 [3:17:51 > 19:17]
SOAP:   9%|▉         | 2214/25000 [3:17:50 > 19:17]
SOAP:   9%|▉         | 2215/25000 [3:17:54 > 19:18]
SOAP:   9%|▉         | 2216/25000 [3:17:52 > 19:18]
SOAP:   9%|▉         | 2217/25000 [3:17:47 > 19:19]
SOAP:   9%|▉         | 2218/25000 [3:17:55 > 19:20]
SOAP:   9%|▉         | 2219/25000 [3:17:43 > 19:20]
SOAP:   9%|▉         | 2220/25000 [3:17:48 > 19:21]
SOAP:   9%|▉         | 2221/25000 [3:16:09 > 19:21]
SOAP:   9%|▉         | 2222/25000 [3:18:18 > 19:22]
SOAP:   9%|▉         | 2223/25000 [3:18:11 > 19:22]
SOAP:   9%|▉         | 2224/25000 [3:18:04 > 19:23]
SOAP:   9%|▉         | 2225/25000 [3:18:00 > 19:23]
SOAP:   9%|▉         | 2226/25000 [3:17:57 > 19:24]
SOAP:   9%|▉         | 2227/25000 [3:17:54 > 19:24]
SOAP:   9%|▉         | 2228/25000 [3:17:50 > 19:25]
SOAP:   9%|▉         | 2229/25000 [3:17:43 > 19:25]
SOAP:   9%|▉         | 2230/25000 [3:17:50 > 19:26]
SOAP:   9%|▉         | 2231/25000 [3:17:41 > 19:26]
SOAP:   9%|▉         | 2232/25000 [3:17:39 > 19:27]
SOAP:   9%|▉         | 2233/25000 [3:17:39 > 19:27]
SOAP:   9%|▉         | 2234/25000 [3:17:42 > 19:28]
SOAP:   9%|▉         | 2235/25000 [3:17:41 > 19:28]
SOAP:   9%|▉         | 2236/25000 [3:17:43 > 19:29]
SOAP:   9%|▉         | 2237/25000 [3:17:41 > 19:29]
SOAP:   9%|▉         | 2238/25000 [3:17:42 > 19:30]
SOAP:   9%|▉         | 2239/25000 [3:17:40 > 19:30]
SOAP:   9%|▉         | 2240/25000 [3:17:38 > 19:31]
SOAP:   9%|▉         | 2241/25000 [3:17:42 > 19:32]
SOAP:   9%|▉         | 2242/25000 [3:17:41 > 19:32]
SOAP:   9%|▉         | 2243/25000 [3:17:34 > 19:33]
SOAP:   9%|▉         | 2244/25000 [3:17:12 > 19:33]
SOAP:   9%|▉         | 2245/25000 [3:16:14 > 19:34]
SOAP:   9%|▉         | 2246/25000 [3:18:12 > 19:34]
SOAP:   9%|▉         | 2247/25000 [3:18:02 > 19:35]
SOAP:   9%|▉         | 2248/25000 [3:17:52 > 19:35]
SOAP:   9%|▉         | 2249/25000 [3:17:36 > 19:36]
SOAP:   9%|▉         | 2250/25000 [3:17:44 > 19:36]
SOAP:   9%|▉         | 2251/25000 [3:17:33 > 19:37]
SOAP:   9%|▉         | 2252/25000 [3:17:32 > 19:37]
SOAP:   9%|▉         | 2253/25000 [3:17:25 > 19:38]
SOAP:   9%|▉         | 2254/25000 [3:17:34 > 19:38]
SOAP:   9%|▉         | 2255/25000 [3:17:37 > 19:39]
SOAP:   9%|▉         | 2256/25000 [3:17:30 > 19:39]
SOAP:   9%|▉         | 2257/25000 [3:17:28 > 19:40]
SOAP:   9%|▉         | 2258/25000 [3:17:32 > 19:40]
SOAP:   9%|▉         | 2259/25000 [3:17:24 > 19:41]
SOAP:   9%|▉         | 2260/25000 [3:17:19 > 19:41]
SOAP:   9%|▉         | 2261/25000 [3:17:35 > 19:42]
SOAP:   9%|▉         | 2262/25000 [3:17:59 > 19:42]
SOAP:   9%|▉         | 2263/25000 [3:17:50 > 19:43]
SOAP:   9%|▉         | 2264/25000 [3:17:42 > 19:43]
SOAP:   9%|▉         | 2265/25000 [3:17:40 > 19:44]
SOAP:   9%|▉         | 2266/25000 [3:17:37 > 19:45]
SOAP:   9%|▉         | 2267/25000 [3:17:28 > 19:45]
SOAP:   9%|▉         | 2268/25000 [3:17:20 > 19:46]
SOAP:   9%|▉         | 2269/25000 [3:17:16 > 19:46]
SOAP:   9%|▉         | 2270/25000 [3:17:19 > 19:47]
SOAP:   9%|▉         | 2271/25000 [3:17:19 > 19:47]
SOAP:   9%|▉         | 2272/25000 [3:17:19 > 19:48]
SOAP:   9%|▉         | 2273/25000 [3:17:20 > 19:48]
SOAP:   9%|▉         | 2274/25000 [3:17:03 > 19:49]
SOAP:   9%|▉         | 2275/25000 [3:17:18 > 19:49]
SOAP:   9%|▉         | 2276/25000 [3:17:14 > 19:50]
SOAP:   9%|▉         | 2277/25000 [3:17:09 > 19:50]
SOAP:   9%|▉         | 2278/25000 [3:17:25 > 19:51]
SOAP:   9%|▉         | 2279/25000 [3:17:49 > 19:51]
SOAP:   9%|▉         | 2280/25000 [3:17:36 > 19:52]
SOAP:   9%|▉         | 2281/25000 [3:17:31 > 19:52]
SOAP:   9%|▉         | 2282/25000 [3:17:40 > 19:53]
SOAP:   9%|▉         | 2283/25000 [3:18:07 > 19:53]
SOAP:   9%|▉         | 2284/25000 [3:17:48 > 19:54]
SOAP:   9%|▉         | 2285/25000 [3:17:32 > 19:54]
SOAP:   9%|▉         | 2286/25000 [3:17:21 > 19:55]
SOAP:   9%|▉         | 2287/25000 [3:17:17 > 19:55]
SOAP:   9%|▉         | 2288/25000 [3:17:12 > 19:56]
SOAP:   9%|▉         | 2289/25000 [3:17:08 > 19:57]
SOAP:   9%|▉         | 2290/25000 [3:17:07 > 19:57]
SOAP:   9%|▉         | 2291/25000 [3:17:14 > 19:58]
SOAP:   9%|▉         | 2292/25000 [3:17:14 > 19:58]
SOAP:   9%|▉         | 2293/25000 [3:17:12 > 19:59]
SOAP:   9%|▉         | 2294/25000 [3:17:06 > 19:59]
SOAP:   9%|▉         | 2295/25000 [3:17:08 > 20:00]
SOAP:   9%|▉         | 2296/25000 [3:16:58 > 20:00]
SOAP:   9%|▉         | 2297/25000 [3:17:00 > 20:01]
SOAP:   9%|▉         | 2298/25000 [3:17:04 > 20:01]
SOAP:   9%|▉         | 2299/25000 [3:17:05 > 20:02]
SOAP:   9%|▉         | 2300/25000 [3:15:29 > 20:02]
SOAP:   9%|▉         | 2301/25000 [3:19:30 > 20:03]
SOAP:   9%|▉         | 2302/25000 [3:16:19 > 20:03]
SOAP:   9%|▉         | 2303/25000 [3:18:12 > 20:04]
SOAP:   9%|▉         | 2304/25000 [3:17:53 > 20:04]
SOAP:   9%|▉         | 2305/25000 [3:17:44 > 20:05]
SOAP:   9%|▉         | 2306/25000 [3:18:00 > 20:05]
SOAP:   9%|▉         | 2307/25000 [3:17:36 > 20:06]
SOAP:   9%|▉         | 2308/25000 [3:17:21 > 20:06]
SOAP:   9%|▉         | 2309/25000 [3:17:11 > 20:07]
SOAP:   9%|▉         | 2310/25000 [3:17:13 > 20:07]
SOAP:   9%|▉         | 2311/25000 [3:17:04 > 20:08]
SOAP:   9%|▉         | 2312/25000 [3:17:02 > 20:09]
SOAP:   9%|▉         | 2313/25000 [3:16:56 > 20:09]
SOAP:   9%|▉         | 2314/25000 [3:17:02 > 20:10]
SOAP:   9%|▉         | 2315/25000 [3:16:57 > 20:10]
SOAP:   9%|▉         | 2316/25000 [3:16:58 > 20:11]
SOAP:   9%|▉         | 2317/25000 [3:17:02 > 20:11]
SOAP:   9%|▉         | 2318/25000 [3:16:55 > 20:12]
SOAP:   9%|▉         | 2319/25000 [3:17:00 > 20:12]
SOAP:   9%|▉         | 2320/25000 [3:16:52 > 20:13]
SOAP:   9%|▉         | 2321/25000 [3:16:52 > 20:13]
SOAP:   9%|▉         | 2322/25000 [3:15:21 > 20:14]
SOAP:   9%|▉         | 2323/25000 [3:17:12 > 20:14]
SOAP:   9%|▉         | 2324/25000 [3:16:58 > 20:15]
SOAP:   9%|▉         | 2325/25000 [3:16:52 > 20:15]
SOAP:   9%|▉         | 2326/25000 [3:16:55 > 20:16]
SOAP:   9%|▉         | 2327/25000 [3:16:54 > 20:16]
SOAP:   9%|▉         | 2328/25000 [3:16:52 > 20:17]
SOAP:   9%|▉         | 2329/25000 [3:16:59 > 20:17]
SOAP:   9%|▉         | 2330/25000 [3:16:47 > 20:18]
SOAP:   9%|▉         | 2331/25000 [3:16:55 > 20:18]
SOAP:   9%|▉         | 2332/25000 [3:16:45 > 20:19]
SOAP:   9%|▉         | 2333/25000 [3:16:49 > 20:19]
SOAP:   9%|▉         | 2334/25000 [3:16:53 > 20:20]
SOAP:   9%|▉         | 2335/25000 [3:16:47 > 20:20]
SOAP:   9%|▉         | 2336/25000 [3:16:43 > 20:21]
SOAP:   9%|▉         | 2337/25000 [3:16:39 > 20:22]
SOAP:   9%|▉         | 2338/25000 [3:16:39 > 20:22]
SOAP:   9%|▉         | 2339/25000 [3:16:43 > 20:23]
SOAP:   9%|▉         | 2340/25000 [3:16:45 > 20:23]
SOAP:   9%|▉         | 2341/25000 [3:15:03 > 20:24]
SOAP:   9%|▉         | 2342/25000 [3:17:06 > 20:24]
SOAP:   9%|▉         | 2343/25000 [3:16:58 > 20:25]
SOAP:   9%|▉         | 2344/25000 [3:16:54 > 20:25]
SOAP:   9%|▉         | 2345/25000 [3:16:51 > 20:26]
SOAP:   9%|▉         | 2346/25000 [3:16:40 > 20:26]
SOAP:   9%|▉         | 2347/25000 [3:16:38 > 20:27]
SOAP:   9%|▉         | 2348/25000 [3:16:48 > 20:27]
SOAP:   9%|▉         | 2349/25000 [3:16:44 > 20:28]
SOAP:   9%|▉         | 2350/25000 [3:16:39 > 20:28]
SOAP:   9%|▉         | 2351/25000 [3:16:44 > 20:29]
SOAP:   9%|▉         | 2352/25000 [3:16:42 > 20:29]
SOAP:   9%|▉         | 2353/25000 [3:16:40 > 20:30]
SOAP:   9%|▉         | 2354/25000 [3:16:44 > 20:30]
SOAP:   9%|▉         | 2355/25000 [3:16:59 > 20:31]
SOAP:   9%|▉         | 2356/25000 [3:17:28 > 20:31]
SOAP:   9%|▉         | 2357/25000 [3:17:34 > 20:32]
SOAP:   9%|▉         | 2358/25000 [3:17:12 > 20:32]
SOAP:   9%|▉         | 2359/25000 [3:16:57 > 20:33]
SOAP:   9%|▉         | 2360/25000 [3:16:42 > 20:34]
SOAP:   9%|▉         | 2361/25000 [3:16:43 > 20:34]
SOAP:   9%|▉         | 2362/25000 [3:16:39 > 20:35]
SOAP:   9%|▉         | 2363/25000 [3:16:38 > 20:35]
SOAP:   9%|▉         | 2364/25000 [3:16:35 > 20:36]
SOAP:   9%|▉         | 2365/25000 [3:16:42 > 20:36]
SOAP:   9%|▉         | 2366/25000 [3:16:59 > 20:37]
SOAP:   9%|▉         | 2367/25000 [3:16:59 > 20:37]
SOAP:   9%|▉         | 2368/25000 [3:16:52 > 20:38]
SOAP:   9%|▉         | 2369/25000 [3:16:40 > 20:38]
SOAP:   9%|▉         | 2370/25000 [3:16:34 > 20:39]
SOAP:   9%|▉         | 2371/25000 [3:16:40 > 20:39]
SOAP:   9%|▉         | 2372/25000 [3:16:36 > 20:40]
SOAP:   9%|▉         | 2373/25000 [3:16:36 > 20:40]
SOAP:   9%|▉         | 2374/25000 [3:16:28 > 20:41]
SOAP:  10%|▉         | 2375/25000 [3:16:24 > 20:41]
SOAP:  10%|▉         | 2376/25000 [3:16:24 > 20:42]
SOAP:  10%|▉         | 2377/25000 [3:16:21 > 20:42]
SOAP:  10%|▉         | 2378/25000 [3:16:15 > 20:43]
SOAP:  10%|▉         | 2379/25000 [3:16:20 > 20:43]
SOAP:  10%|▉         | 2380/25000 [3:16:16 > 20:44]
SOAP:  10%|▉         | 2381/25000 [3:16:22 > 20:44]
SOAP:  10%|▉         | 2382/25000 [3:16:15 > 20:45]
SOAP:  10%|▉         | 2383/25000 [3:16:21 > 20:46]
SOAP:  10%|▉         | 2384/25000 [3:16:22 > 20:46]
SOAP:  10%|▉         | 2385/25000 [3:16:19 > 20:47]
SOAP:  10%|▉         | 2386/25000 [3:16:23 > 20:47]
SOAP:  10%|▉         | 2387/25000 [3:16:23 > 20:48]
SOAP:  10%|▉         | 2388/25000 [3:16:30 > 20:48]
SOAP:  10%|▉         | 2389/25000 [3:16:25 > 20:49]
SOAP:  10%|▉         | 2390/25000 [3:16:30 > 20:49]
SOAP:  10%|▉         | 2391/25000 [3:16:18 > 20:50]
SOAP:  10%|▉         | 2392/25000 [3:16:21 > 20:50]
SOAP:  10%|▉         | 2393/25000 [3:16:14 > 20:51]
SOAP:  10%|▉         | 2394/25000 [3:16:26 > 20:51]
SOAP:  10%|▉         | 2395/25000 [3:16:17 > 20:52]
SOAP:  10%|▉         | 2396/25000 [3:16:13 > 20:52]
SOAP:  10%|▉         | 2397/25000 [3:16:07 > 20:53]
SOAP:  10%|▉         | 2398/25000 [3:16:10 > 20:53]
SOAP:  10%|▉         | 2399/25000 [3:14:35 > 20:54]
SOAP:  10%|▉         | 2400/25000 [3:16:57 > 20:54]
SOAP:  10%|▉         | 2401/25000 [3:16:37 > 20:55]
SOAP:  10%|▉         | 2402/25000 [3:18:30 > 20:55]
SOAP:  10%|▉         | 2403/25000 [3:17:03 > 20:56]
SOAP:  10%|▉         | 2404/25000 [3:16:12 > 20:56]
SOAP:  10%|▉         | 2405/25000 [3:16:21 > 20:57]
SOAP:  10%|▉         | 2406/25000 [3:16:15 > 20:58]
SOAP:  10%|▉         | 2407/25000 [3:17:00 > 20:58]
SOAP:  10%|▉         | 2408/25000 [3:17:59 > 20:59]
SOAP:  10%|▉         | 2409/25000 [3:17:58 > 20:59]
SOAP:  10%|▉         | 2410/25000 [3:18:13 > 21:00]
SOAP:  10%|▉         | 2411/25000 [3:18:21 > 21:00]
SOAP:  10%|▉         | 2412/25000 [3:17:56 > 21:01]
SOAP:  10%|▉         | 2413/25000 [3:17:25 > 21:01]
SOAP:  10%|▉         | 2414/25000 [3:16:27 > 21:02]
SOAP:  10%|▉         | 2415/25000 [3:15:24 > 21:02]
SOAP:  10%|▉         | 2416/25000 [3:15:56 > 21:03]
SOAP:  10%|▉         | 2417/25000 [3:17:27 > 21:03]
SOAP:  10%|▉         | 2418/25000 [3:15:43 > 21:04]
SOAP:  10%|▉         | 2419/25000 [3:16:36 > 21:04]
SOAP:  10%|▉         | 2420/25000 [3:17:29 > 21:05]
SOAP:  10%|▉         | 2421/25000 [3:16:24 > 21:05]
SOAP:  10%|▉         | 2422/25000 [3:17:18 > 21:06]
SOAP:  10%|▉         | 2423/25000 [3:15:38 > 21:06]
SOAP:  10%|▉         | 2424/25000 [3:15:40 > 21:07]
SOAP:  10%|▉         | 2425/25000 [3:17:26 > 21:07]
SOAP:  10%|▉         | 2426/25000 [3:15:31 > 21:08]
SOAP:  10%|▉         | 2427/25000 [3:15:32 > 21:08]
SOAP:  10%|▉         | 2428/25000 [3:15:46 > 21:09]
SOAP:  10%|▉         | 2429/25000 [3:17:32 > 21:10]
SOAP:  10%|▉         | 2430/25000 [3:16:57 > 21:10]
SOAP:  10%|▉         | 2431/25000 [3:16:00 > 21:11]
SOAP:  10%|▉         | 2432/25000 [3:15:53 > 21:11]
SOAP:  10%|▉         | 2433/25000 [3:15:52 > 21:12]
SOAP:  10%|▉         | 2434/25000 [3:16:54 > 21:12]
SOAP:  10%|▉         | 2435/25000 [3:17:31 > 21:13]
SOAP:  10%|▉         | 2436/25000 [3:18:02 > 21:13]
SOAP:  10%|▉         | 2437/25000 [3:18:00 > 21:14]
SOAP:  10%|▉         | 2438/25000 [3:16:37 > 21:14]
SOAP:  10%|▉         | 2439/25000 [3:17:52 > 21:15]
SOAP:  10%|▉         | 2440/25000 [3:17:58 > 21:15]
SOAP:  10%|▉         | 2441/25000 [3:17:59 > 21:16]
SOAP:  10%|▉         | 2442/25000 [3:18:06 > 21:16]
SOAP:  10%|▉         | 2443/25000 [3:16:23 > 21:17]
SOAP:  10%|▉         | 2444/25000 [3:16:16 > 21:17]
SOAP:  10%|▉         | 2445/25000 [3:17:57 > 21:18]
SOAP:  10%|▉         | 2446/25000 [3:16:55 > 21:18]
SOAP:  10%|▉         | 2447/25000 [3:17:57 > 21:19]
SOAP:  10%|▉         | 2448/25000 [3:17:36 > 21:20]
SOAP:  10%|▉         | 2449/25000 [3:17:49 > 21:20]
SOAP:  10%|▉         | 2450/25000 [3:18:13 > 21:21]
SOAP:  10%|▉         | 2451/25000 [3:18:06 > 21:21]
SOAP:  10%|▉         | 2452/25000 [3:18:10 > 21:22]
SOAP:  10%|▉         | 2453/25000 [3:18:42 > 21:22]
SOAP:  10%|▉         | 2454/25000 [3:18:25 > 21:23]
SOAP:  10%|▉         | 2455/25000 [3:18:25 > 21:23]
SOAP:  10%|▉         | 2456/25000 [3:18:21 > 21:24]
SOAP:  10%|▉         | 2457/25000 [3:16:42 > 21:24]
SOAP:  10%|▉         | 2458/25000 [3:18:02 > 21:25]
SOAP:  10%|▉         | 2459/25000 [3:18:02 > 21:25]
SOAP:  10%|▉         | 2460/25000 [3:17:58 > 21:26]
SOAP:  10%|▉         | 2461/25000 [3:17:58 > 21:26]
SOAP:  10%|▉         | 2462/25000 [3:18:02 > 21:27]
SOAP:  10%|▉         | 2463/25000 [3:17:50 > 21:27]
SOAP:  10%|▉         | 2464/25000 [3:17:31 > 21:28]
SOAP:  10%|▉         | 2465/25000 [3:18:03 > 21:28]
SOAP:  10%|▉         | 2466/25000 [3:18:02 > 21:29]
SOAP:  10%|▉         | 2467/25000 [3:16:08 > 21:30]
SOAP:  10%|▉         | 2468/25000 [3:17:56 > 21:30]
SOAP:  10%|▉         | 2469/25000 [3:18:04 > 21:31]
SOAP:  10%|▉         | 2470/25000 [3:17:59 > 21:31]
SOAP:  10%|▉         | 2471/25000 [3:18:00 > 21:32]
SOAP:  10%|▉         | 2472/25000 [3:18:07 > 21:32]
SOAP:  10%|▉         | 2473/25000 [3:18:04 > 21:33]
SOAP:  10%|▉         | 2474/25000 [3:18:01 > 21:33]
SOAP:  10%|▉         | 2475/25000 [3:17:57 > 21:34]
SOAP:  10%|▉         | 2476/25000 [3:18:57 > 21:34]
SOAP:  10%|▉         | 2477/25000 [3:17:25 > 21:35]
SOAP:  10%|▉         | 2478/25000 [3:17:01 > 21:35]
SOAP:  10%|▉         | 2479/25000 [3:17:40 > 21:36]
SOAP:  10%|▉         | 2480/25000 [3:17:35 > 21:36]
SOAP:  10%|▉         | 2481/25000 [3:16:29 > 21:37]
SOAP:  10%|▉         | 2482/25000 [3:17:08 > 21:37]
SOAP:  10%|▉         | 2483/25000 [3:17:25 > 21:38]
SOAP:  10%|▉         | 2484/25000 [3:17:38 > 21:38]
SOAP:  10%|▉         | 2485/25000 [3:17:38 > 21:39]
SOAP:  10%|▉         | 2486/25000 [3:17:44 > 21:40]
SOAP:  10%|▉         | 2487/25000 [3:17:36 > 21:40]
SOAP:  10%|▉         | 2488/25000 [3:15:27 > 21:41]
SOAP:  10%|▉         | 2489/25000 [3:17:11 > 21:41]
SOAP:  10%|▉         | 2490/25000 [3:16:52 > 21:42]
SOAP:  10%|▉         | 2491/25000 [3:17:11 > 21:42]
SOAP:  10%|▉         | 2492/25000 [3:16:05 > 21:43]
SOAP:  10%|▉         | 2493/25000 [3:15:32 > 21:43]
SOAP:  10%|▉         | 2494/25000 [3:15:24 > 21:44]
SOAP:  10%|▉         | 2495/25000 [3:17:03 > 21:44]
SOAP:  10%|▉         | 2496/25000 [3:16:49 > 21:45]
SOAP:  10%|▉         | 2497/25000 [3:17:04 > 21:45]
SOAP:  10%|▉         | 2498/25000 [3:15:30 > 21:46]
SOAP:  10%|▉         | 2499/25000 [3:16:46 > 21:46]
SOAP:  10%|█         | 2500/25000 [3:16:06 > 21:47]
SOAP:  10%|█         | 2501/25000 [3:16:21 > 21:47]
SOAP:  10%|█         | 2502/25000 [3:17:57 > 21:48]
SOAP:  10%|█         | 2503/25000 [3:16:01 > 21:48]
SOAP:  10%|█         | 2504/25000 [3:17:43 > 21:49]
SOAP:  10%|█         | 2505/25000 [3:17:36 > 21:49]
SOAP:  10%|█         | 2506/25000 [3:17:39 > 21:50]
SOAP:  10%|█         | 2507/25000 [3:17:33 > 21:51]
SOAP:  10%|█         | 2508/25000 [3:16:25 > 21:51]
SOAP:  10%|█         | 2509/25000 [3:15:43 > 21:52]
SOAP:  10%|█         | 2510/25000 [3:15:09 > 21:52]
SOAP:  10%|█         | 2511/25000 [3:16:40 > 21:53]
SOAP:  10%|█         | 2512/25000 [3:14:54 > 21:53]
SOAP:  10%|█         | 2513/25000 [3:16:40 > 21:54]
SOAP:  10%|█         | 2514/25000 [3:16:59 > 21:54]
SOAP:  10%|█         | 2515/25000 [3:15:41 > 21:55]
SOAP:  10%|█         | 2516/25000 [3:15:08 > 21:55]
SOAP:  10%|█         | 2517/25000 [3:14:54 > 21:56]
SOAP:  10%|█         | 2518/25000 [3:14:51 > 21:56]
SOAP:  10%|█         | 2519/25000 [3:16:32 > 21:57]
SOAP:  10%|█         | 2520/25000 [3:16:12 > 21:57]
SOAP:  10%|█         | 2521/25000 [3:14:16 > 21:58]
SOAP:  10%|█         | 2522/25000 [3:16:31 > 21:58]
SOAP:  10%|█         | 2523/25000 [3:17:14 > 21:59]
SOAP:  10%|█         | 2524/25000 [3:16:59 > 21:59]
SOAP:  10%|█         | 2525/25000 [3:17:14 > 22:00]
SOAP:  10%|█         | 2526/25000 [3:17:59 > 22:00]
SOAP:  10%|█         | 2527/25000 [3:17:38 > 22:01]
SOAP:  10%|█         | 2528/25000 [3:18:05 > 22:02]
SOAP:  10%|█         | 2529/25000 [3:17:52 > 22:02]
SOAP:  10%|█         | 2530/25000 [3:17:33 > 22:03]
SOAP:  10%|█         | 2531/25000 [3:16:05 > 22:03]
SOAP:  10%|█         | 2532/25000 [3:17:19 > 22:04]
SOAP:  10%|█         | 2533/25000 [3:17:21 > 22:04]
SOAP:  10%|█         | 2534/25000 [3:18:18 > 22:05]
SOAP:  10%|█         | 2535/25000 [3:15:26 > 22:05]
SOAP:  10%|█         | 2536/25000 [3:17:19 > 22:06]
SOAP:  10%|█         | 2537/25000 [3:17:20 > 22:06]
SOAP:  10%|█         | 2538/25000 [3:17:16 > 22:07]
SOAP:  10%|█         | 2539/25000 [3:17:26 > 22:07]
SOAP:  10%|█         | 2540/25000 [3:17:15 > 22:08]
SOAP:  10%|█         | 2541/25000 [3:15:36 > 22:08]
SOAP:  10%|█         | 2542/25000 [3:17:12 > 22:09]
SOAP:  10%|█         | 2543/25000 [3:17:17 > 22:09]
SOAP:  10%|█         | 2544/25000 [3:15:19 > 22:10]
SOAP:  10%|█         | 2545/25000 [3:14:45 > 22:10]
SOAP:  10%|█         | 2546/25000 [3:14:58 > 22:11]
SOAP:  10%|█         | 2547/25000 [3:17:26 > 22:12]
SOAP:  10%|█         | 2548/25000 [3:16:16 > 22:12]
SOAP:  10%|█         | 2549/25000 [3:14:21 > 22:13]
SOAP:  10%|█         | 2550/25000 [3:16:19 > 22:13]
SOAP:  10%|█         | 2551/25000 [3:15:04 > 22:14]
SOAP:  10%|█         | 2552/25000 [3:16:23 > 22:14]
SOAP:  10%|█         | 2553/25000 [3:15:08 > 22:15]
SOAP:  10%|█         | 2554/25000 [3:15:16 > 22:15]
SOAP:  10%|█         | 2555/25000 [3:16:07 > 22:16]
SOAP:  10%|█         | 2556/25000 [3:16:37 > 22:16]
SOAP:  10%|█         | 2557/25000 [3:17:38 > 22:17]
SOAP:  10%|█         | 2558/25000 [3:16:33 > 22:17]
SOAP:  10%|█         | 2559/25000 [3:15:09 > 22:18]
SOAP:  10%|█         | 2560/25000 [3:16:35 > 22:18]
SOAP:  10%|█         | 2561/25000 [3:15:08 > 22:19]
SOAP:  10%|█         | 2562/25000 [3:17:32 > 22:19]
SOAP:  10%|█         | 2563/25000 [3:15:39 > 22:20]
SOAP:  10%|█         | 2564/25000 [3:15:37 > 22:20]
SOAP:  10%|█         | 2565/25000 [3:14:59 > 22:21]
SOAP:  10%|█         | 2566/25000 [3:14:47 > 22:21]
SOAP:  10%|█         | 2567/25000 [3:16:27 > 22:22]
SOAP:  10%|█         | 2568/25000 [3:14:59 > 22:23]
SOAP:  10%|█         | 2569/25000 [3:14:52 > 22:23]
SOAP:  10%|█         | 2570/25000 [3:16:50 > 22:24]
SOAP:  10%|█         | 2571/25000 [3:16:50 > 22:24]
SOAP:  10%|█         | 2572/25000 [3:16:57 > 22:25]
SOAP:  10%|█         | 2573/25000 [3:15:12 > 22:25]
SOAP:  10%|█         | 2574/25000 [3:16:46 > 22:26]
SOAP:  10%|█         | 2575/25000 [3:16:50 > 22:26]
SOAP:  10%|█         | 2576/25000 [3:17:00 > 22:27]
SOAP:  10%|█         | 2577/25000 [3:16:52 > 22:27]
SOAP:  10%|█         | 2578/25000 [3:16:37 > 22:28]
SOAP:  10%|█         | 2579/25000 [3:16:17 > 22:28]
SOAP:  10%|█         | 2580/25000 [3:16:24 > 22:29]
SOAP:  10%|█         | 2581/25000 [3:16:28 > 22:29]
SOAP:  10%|█         | 2582/25000 [3:16:27 > 22:30]
SOAP:  10%|█         | 2583/25000 [3:16:53 > 22:30]
SOAP:  10%|█         | 2584/25000 [3:16:49 > 22:31]
SOAP:  10%|█         | 2585/25000 [3:16:52 > 22:31]
SOAP:  10%|█         | 2586/25000 [3:16:52 > 22:32]
SOAP:  10%|█         | 2587/25000 [3:16:40 > 22:33]
SOAP:  10%|█         | 2588/25000 [3:16:37 > 22:33]
SOAP:  10%|█         | 2589/25000 [3:17:34 > 22:34]
SOAP:  10%|█         | 2590/25000 [3:16:36 > 22:34]
SOAP:  10%|█         | 2591/25000 [3:16:34 > 22:35]
SOAP:  10%|█         | 2592/25000 [3:15:01 > 22:35]
SOAP:  10%|█         | 2593/25000 [3:16:14 > 22:36]
SOAP:  10%|█         | 2594/25000 [3:15:38 > 22:36]
SOAP:  10%|█         | 2595/25000 [3:15:30 > 22:37]
SOAP:  10%|█         | 2596/25000 [3:16:07 > 22:37]
SOAP:  10%|█         | 2597/25000 [3:16:17 > 22:38]
SOAP:  10%|█         | 2598/25000 [3:16:12 > 22:38]
SOAP:  10%|█         | 2599/25000 [3:16:13 > 22:39]
SOAP:  10%|█         | 2600/25000 [3:16:25 > 22:39]
SOAP:  10%|█         | 2601/25000 [3:17:31 > 22:40]
SOAP:  10%|█         | 2602/25000 [3:17:08 > 22:40]
SOAP:  10%|█         | 2603/25000 [3:17:05 > 22:41]
SOAP:  10%|█         | 2604/25000 [3:16:58 > 22:41]
SOAP:  10%|█         | 2605/25000 [3:16:51 > 22:42]
SOAP:  10%|█         | 2606/25000 [3:16:42 > 22:43]
SOAP:  10%|█         | 2607/25000 [3:16:38 > 22:43]
SOAP:  10%|█         | 2608/25000 [3:16:45 > 22:44]
SOAP:  10%|█         | 2609/25000 [3:16:30 > 22:44]
SOAP:  10%|█         | 2610/25000 [3:16:31 > 22:45]
SOAP:  10%|█         | 2611/25000 [3:16:32 > 22:45]
SOAP:  10%|█         | 2612/25000 [3:16:39 > 22:46]
SOAP:  10%|█         | 2613/25000 [3:16:35 > 22:46]
SOAP:  10%|█         | 2614/25000 [3:16:33 > 22:47]
SOAP:  10%|█         | 2615/25000 [3:16:28 > 22:47]
SOAP:  10%|█         | 2616/25000 [3:16:35 > 22:48]
SOAP:  10%|█         | 2617/25000 [3:16:41 > 22:48]
SOAP:  10%|█         | 2618/25000 [3:16:32 > 22:49]
SOAP:  10%|█         | 2619/25000 [3:16:29 > 22:49]
SOAP:  10%|█         | 2620/25000 [3:16:36 > 22:50]
SOAP:  10%|█         | 2621/25000 [3:16:40 > 22:50]
SOAP:  10%|█         | 2622/25000 [3:16:32 > 22:51]
SOAP:  10%|█         | 2623/25000 [3:16:26 > 22:51]
SOAP:  10%|█         | 2624/25000 [3:16:27 > 22:52]
SOAP:  10%|█         | 2625/25000 [3:16:35 > 22:53]
SOAP:  11%|█         | 2626/25000 [3:16:33 > 22:53]
SOAP:  11%|█         | 2627/25000 [3:16:24 > 22:54]
SOAP:  11%|█         | 2628/25000 [3:16:24 > 22:54]
SOAP:  11%|█         | 2629/25000 [3:16:23 > 22:55]
SOAP:  11%|█         | 2630/25000 [3:16:22 > 22:55]
SOAP:  11%|█         | 2631/25000 [3:16:15 > 22:56]
SOAP:  11%|█         | 2632/25000 [3:16:28 > 22:56]
SOAP:  11%|█         | 2633/25000 [3:16:19 > 22:57]
SOAP:  11%|█         | 2634/25000 [3:16:17 > 22:57]
SOAP:  11%|█         | 2635/25000 [3:16:20 > 22:58]
SOAP:  11%|█         | 2636/25000 [3:16:39 > 22:58]
SOAP:  11%|█         | 2637/25000 [3:16:27 > 22:59]
SOAP:  11%|█         | 2638/25000 [3:16:24 > 22:59]
SOAP:  11%|█         | 2639/25000 [3:16:20 > 23:00]
SOAP:  11%|█         | 2640/25000 [3:16:20 > 23:00]
SOAP:  11%|█         | 2641/25000 [3:16:25 > 23:01]
SOAP:  11%|█         | 2642/25000 [3:16:24 > 23:01]
SOAP:  11%|█         | 2643/25000 [3:16:17 > 23:02]
SOAP:  11%|█         | 2644/25000 [3:16:10 > 23:03]
SOAP:  11%|█         | 2645/25000 [3:15:42 > 23:03]
SOAP:  11%|█         | 2646/25000 [3:15:50 > 23:04]
SOAP:  11%|█         | 2647/25000 [3:15:58 > 23:04]
SOAP:  11%|█         | 2648/25000 [3:16:07 > 23:05]
SOAP:  11%|█         | 2649/25000 [3:16:18 > 23:05]
SOAP:  11%|█         | 2650/25000 [3:16:11 > 23:06]
SOAP:  11%|█         | 2651/25000 [3:16:10 > 23:06]
SOAP:  11%|█         | 2652/25000 [3:16:17 > 23:07]
SOAP:  11%|█         | 2653/25000 [3:16:21 > 23:07]
SOAP:  11%|█         | 2654/25000 [3:16:03 > 23:08]
SOAP:  11%|█         | 2655/25000 [3:16:05 > 23:08]
SOAP:  11%|█         | 2656/25000 [3:16:06 > 23:09]
SOAP:  11%|█         | 2657/25000 [3:16:07 > 23:09]
SOAP:  11%|█         | 2658/25000 [3:16:21 > 23:10]
SOAP:  11%|█         | 2659/25000 [3:16:18 > 23:10]
SOAP:  11%|█         | 2660/25000 [3:16:00 > 23:11]
SOAP:  11%|█         | 2661/25000 [3:15:39 > 23:11]
SOAP:  11%|█         | 2662/25000 [3:15:38 > 23:12]
SOAP:  11%|█         | 2663/25000 [3:15:37 > 23:13]
SOAP:  11%|█         | 2664/25000 [3:15:46 > 23:13]
SOAP:  11%|█         | 2665/25000 [3:15:53 > 23:14]
SOAP:  11%|█         | 2666/25000 [3:16:03 > 23:14]
SOAP:  11%|█         | 2667/25000 [3:16:03 > 23:15]
SOAP:  11%|█         | 2668/25000 [3:16:00 > 23:15]
SOAP:  11%|█         | 2669/25000 [3:14:13 > 23:16]
SOAP:  11%|█         | 2670/25000 [3:16:01 > 23:16]
SOAP:  11%|█         | 2671/25000 [3:15:54 > 23:17]
SOAP:  11%|█         | 2672/25000 [3:16:00 > 23:17]
SOAP:  11%|█         | 2673/25000 [3:16:03 > 23:18]
SOAP:  11%|█         | 2674/25000 [3:16:10 > 23:18]
SOAP:  11%|█         | 2675/25000 [3:16:01 > 23:19]
SOAP:  11%|█         | 2676/25000 [3:15:56 > 23:19]
SOAP:  11%|█         | 2677/25000 [3:15:52 > 23:20]
SOAP:  11%|█         | 2678/25000 [3:15:52 > 23:20]
SOAP:  11%|█         | 2679/25000 [3:15:38 > 23:21]
SOAP:  11%|█         | 2680/25000 [3:15:17 > 23:21]
SOAP:  11%|█         | 2681/25000 [3:15:33 > 23:22]
SOAP:  11%|█         | 2682/25000 [3:15:46 > 23:23]
SOAP:  11%|█         | 2683/25000 [3:15:44 > 23:23]
SOAP:  11%|█         | 2684/25000 [3:15:46 > 23:24]
SOAP:  11%|█         | 2685/25000 [3:15:51 > 23:24]
SOAP:  11%|█         | 2686/25000 [3:15:58 > 23:25]
SOAP:  11%|█         | 2687/25000 [3:15:53 > 23:25]
SOAP:  11%|█         | 2688/25000 [3:15:55 > 23:26]
SOAP:  11%|█         | 2689/25000 [3:15:50 > 23:26]
SOAP:  11%|█         | 2690/25000 [3:15:22 > 23:27]
SOAP:  11%|█         | 2691/25000 [3:15:24 > 23:27]
SOAP:  11%|█         | 2692/25000 [3:15:36 > 23:28]
SOAP:  11%|█         | 2693/25000 [3:15:46 > 23:28]
SOAP:  11%|█         | 2694/25000 [3:15:55 > 23:29]
SOAP:  11%|█         | 2695/25000 [3:15:39 > 23:29]
SOAP:  11%|█         | 2696/25000 [3:15:04 > 23:30]
SOAP:  11%|█         | 2697/25000 [3:14:43 > 23:30]
SOAP:  11%|█         | 2698/25000 [3:14:11 > 23:31]
SOAP:  11%|█         | 2699/25000 [3:14:01 > 23:31]
SOAP:  11%|█         | 2700/25000 [3:13:49 > 23:32]
SOAP:  11%|█         | 2701/25000 [3:15:40 > 23:33]
SOAP:  11%|█         | 2702/25000 [3:14:09 > 23:33]
SOAP:  11%|█         | 2703/25000 [3:14:00 > 23:34]
SOAP:  11%|█         | 2704/25000 [3:14:08 > 23:34]
SOAP:  11%|█         | 2705/25000 [3:14:33 > 23:35]
SOAP:  11%|█         | 2706/25000 [3:14:19 > 23:35]
SOAP:  11%|█         | 2707/25000 [3:14:09 > 23:36]
SOAP:  11%|█         | 2708/25000 [3:14:00 > 23:36]
SOAP:  11%|█         | 2709/25000 [3:13:42 > 23:37]
SOAP:  11%|█         | 2710/25000 [3:13:46 > 23:37]
SOAP:  11%|█         | 2711/25000 [3:13:39 > 23:38]
SOAP:  11%|█         | 2712/25000 [3:13:39 > 23:38]
SOAP:  11%|█         | 2713/25000 [3:13:32 > 23:39]
SOAP:  11%|█         | 2714/25000 [3:13:36 > 23:39]
SOAP:  11%|█         | 2715/25000 [3:13:33 > 23:40]
SOAP:  11%|█         | 2716/25000 [3:13:31 > 23:40]
SOAP:  11%|█         | 2717/25000 [3:13:30 > 23:41]
SOAP:  11%|█         | 2718/25000 [3:13:18 > 23:41]
SOAP:  11%|█         | 2719/25000 [3:13:13 > 23:42]
SOAP:  11%|█         | 2720/25000 [3:13:22 > 23:42]
SOAP:  11%|█         | 2721/25000 [3:13:22 > 23:43]
SOAP:  11%|█         | 2722/25000 [3:13:21 > 23:43]
SOAP:  11%|█         | 2723/25000 [3:13:20 > 23:44]
SOAP:  11%|█         | 2724/25000 [3:13:33 > 23:45]
SOAP:  11%|█         | 2725/25000 [3:14:01 > 23:45]
SOAP:  11%|█         | 2726/25000 [3:13:52 > 23:46]
SOAP:  11%|█         | 2727/25000 [3:12:21 > 23:46]
SOAP:  11%|█         | 2728/25000 [3:13:58 > 23:47]
SOAP:  11%|█         | 2729/25000 [3:13:46 > 23:47]
SOAP:  11%|█         | 2730/25000 [3:13:46 > 23:48]
SOAP:  11%|█         | 2731/25000 [3:13:38 > 23:48]
SOAP:  11%|█         | 2732/25000 [3:13:27 > 23:49]
SOAP:  11%|█         | 2733/25000 [3:13:26 > 23:49]
SOAP:  11%|█         | 2734/25000 [3:13:23 > 23:50]
SOAP:  11%|█         | 2735/25000 [3:13:17 > 23:50]
SOAP:  11%|█         | 2736/25000 [3:13:09 > 23:51]
SOAP:  11%|█         | 2737/25000 [3:13:10 > 23:51]
SOAP:  11%|█         | 2738/25000 [3:13:17 > 23:52]
SOAP:  11%|█         | 2739/25000 [3:13:15 > 23:52]
SOAP:  11%|█         | 2740/25000 [3:13:11 > 23:53]
SOAP:  11%|█         | 2741/25000 [3:13:17 > 23:53]
SOAP:  11%|█         | 2742/25000 [3:13:18 > 23:54]
SOAP:  11%|█         | 2743/25000 [3:13:18 > 23:54]
SOAP:  11%|█         | 2744/25000 [3:13:11 > 23:55]
SOAP:  11%|█         | 2745/25000 [3:13:14 > 23:55]
SOAP:  11%|█         | 2746/25000 [3:13:28 > 23:56]
SOAP:  11%|█         | 2747/25000 [3:13:06 > 23:56]
SOAP:  11%|█         | 2748/25000 [3:13:15 > 23:57]
SOAP:  11%|█         | 2749/25000 [3:13:18 > 23:58]
SOAP:  11%|█         | 2750/25000 [3:13:08 > 23:58]
SOAP:  11%|█         | 2751/25000 [3:13:15 > 23:59]
SOAP:  11%|█         | 2752/25000 [3:13:15 > 23:59]
SOAP:  11%|█         | 2753/25000 [3:13:09 > 24:00]
SOAP:  11%|█         | 2754/25000 [3:13:17 > 24:00]
SOAP:  11%|█         | 2755/25000 [3:13:08 > 24:01]
SOAP:  11%|█         | 2756/25000 [3:13:07 > 24:01]
SOAP:  11%|█         | 2757/25000 [3:13:03 > 24:02]
SOAP:  11%|█         | 2758/25000 [3:13:05 > 24:02]
SOAP:  11%|█         | 2759/25000 [3:13:17 > 24:03]
SOAP:  11%|█         | 2760/25000 [3:13:42 > 24:03]
SOAP:  11%|█         | 2761/25000 [3:13:28 > 24:04]
SOAP:  11%|█         | 2762/25000 [3:13:21 > 24:04]
SOAP:  11%|█         | 2763/25000 [3:13:19 > 24:05]
SOAP:  11%|█         | 2764/25000 [3:13:08 > 24:05]
SOAP:  11%|█         | 2765/25000 [3:13:10 > 24:06]
SOAP:  11%|█         | 2766/25000 [3:13:15 > 24:06]
SOAP:  11%|█         | 2767/25000 [3:13:02 > 24:07]
SOAP:  11%|█         | 2768/25000 [3:13:00 > 24:07]
SOAP:  11%|█         | 2769/25000 [3:13:08 > 24:08]
SOAP:  11%|█         | 2770/25000 [3:13:03 > 24:08]
SOAP:  11%|█         | 2771/25000 [3:12:55 > 24:09]
SOAP:  11%|█         | 2772/25000 [3:12:55 > 24:10]
SOAP:  11%|█         | 2773/25000 [3:12:58 > 24:10]
SOAP:  11%|█         | 2774/25000 [3:13:00 > 24:11]
SOAP:  11%|█         | 2775/25000 [3:12:50 > 24:11]
SOAP:  11%|█         | 2776/25000 [3:12:52 > 24:12]
SOAP:  11%|█         | 2777/25000 [3:12:58 > 24:12]
SOAP:  11%|█         | 2778/25000 [3:13:09 > 24:13]
SOAP:  11%|█         | 2779/25000 [3:13:39 > 24:13]
SOAP:  11%|█         | 2780/25000 [3:13:59 > 24:14]
SOAP:  11%|█         | 2781/25000 [3:13:45 > 24:14]
SOAP:  11%|█         | 2782/25000 [3:13:21 > 24:15]
SOAP:  11%|█         | 2783/25000 [3:13:17 > 24:15]
SOAP:  11%|█         | 2784/25000 [3:13:08 > 24:16]
SOAP:  11%|█         | 2785/25000 [3:11:49 > 24:16]
SOAP:  11%|█         | 2786/25000 [3:13:38 > 24:17]
SOAP:  11%|█         | 2787/25000 [3:13:51 > 24:17]
SOAP:  11%|█         | 2788/25000 [3:13:31 > 24:18]
SOAP:  11%|█         | 2789/25000 [3:13:22 > 24:18]
SOAP:  11%|█         | 2790/25000 [3:13:09 > 24:19]
SOAP:  11%|█         | 2791/25000 [3:13:00 > 24:19]
SOAP:  11%|█         | 2792/25000 [3:12:54 > 24:20]
SOAP:  11%|█         | 2793/25000 [3:12:48 > 24:20]
SOAP:  11%|█         | 2794/25000 [3:12:46 > 24:21]
SOAP:  11%|█         | 2795/25000 [3:12:50 > 24:22]
SOAP:  11%|█         | 2796/25000 [3:12:45 > 24:22]
SOAP:  11%|█         | 2797/25000 [3:12:50 > 24:23]
SOAP:  11%|█         | 2798/25000 [3:12:41 > 24:23]
SOAP:  11%|█         | 2799/25000 [3:12:41 > 24:24]
SOAP:  11%|█         | 2800/25000 [3:12:35 > 24:24]
SOAP:  11%|█         | 2801/25000 [3:14:28 > 24:25]
SOAP:  11%|█         | 2802/25000 [3:13:02 > 24:25]
SOAP:  11%|█         | 2803/25000 [3:12:55 > 24:26]
SOAP:  11%|█         | 2804/25000 [3:12:50 > 24:26]
SOAP:  11%|█         | 2805/25000 [3:12:50 > 24:27]
SOAP:  11%|█         | 2806/25000 [3:12:43 > 24:27]
SOAP:  11%|█         | 2807/25000 [3:12:44 > 24:28]
SOAP:  11%|█         | 2808/25000 [3:12:31 > 24:28]
SOAP:  11%|█         | 2809/25000 [3:12:34 > 24:29]
SOAP:  11%|█         | 2810/25000 [3:12:36 > 24:29]
SOAP:  11%|█         | 2811/25000 [3:12:33 > 24:30]
SOAP:  11%|█         | 2812/25000 [3:12:35 > 24:30]
SOAP:  11%|█▏        | 2813/25000 [3:12:36 > 24:31]
SOAP:  11%|█▏        | 2814/25000 [3:12:36 > 24:31]
SOAP:  11%|█▏        | 2815/25000 [3:12:36 > 24:32]
SOAP:  11%|█▏        | 2816/25000 [3:12:39 > 24:32]
SOAP:  11%|█▏        | 2817/25000 [3:12:34 > 24:33]
SOAP:  11%|█▏        | 2818/25000 [3:12:36 > 24:34]
SOAP:  11%|█▏        | 2819/25000 [3:12:33 > 24:34]
SOAP:  11%|█▏        | 2820/25000 [3:11:04 > 24:35]
SOAP:  11%|█▏        | 2821/25000 [3:13:07 > 24:35]
SOAP:  11%|█▏        | 2822/25000 [3:12:59 > 24:36]
SOAP:  11%|█▏        | 2823/25000 [3:12:45 > 24:36]
SOAP:  11%|█▏        | 2824/25000 [3:11:16 > 24:37]
SOAP:  11%|█▏        | 2825/25000 [3:11:37 > 24:37]
SOAP:  11%|█▏        | 2826/25000 [3:13:27 > 24:38]
SOAP:  11%|█▏        | 2827/25000 [3:13:04 > 24:38]
SOAP:  11%|█▏        | 2828/25000 [3:12:48 > 24:39]
SOAP:  11%|█▏        | 2829/25000 [3:12:47 > 24:39]
SOAP:  11%|█▏        | 2830/25000 [3:12:39 > 24:40]
SOAP:  11%|█▏        | 2831/25000 [3:12:39 > 24:40]
SOAP:  11%|█▏        | 2832/25000 [3:12:42 > 24:41]
SOAP:  11%|█▏        | 2833/25000 [3:12:37 > 24:41]
SOAP:  11%|█▏        | 2834/25000 [3:12:36 > 24:42]
SOAP:  11%|█▏        | 2835/25000 [3:12:34 > 24:42]
SOAP:  11%|█▏        | 2836/25000 [3:12:25 > 24:43]
SOAP:  11%|█▏        | 2837/25000 [3:10:53 > 24:43]
SOAP:  11%|█▏        | 2838/25000 [3:12:53 > 24:44]
SOAP:  11%|█▏        | 2839/25000 [3:12:59 > 24:44]
SOAP:  11%|█▏        | 2840/25000 [3:13:15 > 24:45]
SOAP:  11%|█▏        | 2841/25000 [3:13:02 > 24:46]
SOAP:  11%|█▏        | 2842/25000 [3:12:51 > 24:46]
SOAP:  11%|█▏        | 2843/25000 [3:11:13 > 24:47]
SOAP:  11%|█▏        | 2844/25000 [3:12:59 > 24:47]
SOAP:  11%|█▏        | 2845/25000 [3:12:46 > 24:48]
SOAP:  11%|█▏        | 2846/25000 [3:12:37 > 24:48]
SOAP:  11%|█▏        | 2847/25000 [3:12:27 > 24:49]
SOAP:  11%|█▏        | 2848/25000 [3:12:24 > 24:49]
SOAP:  11%|█▏        | 2849/25000 [3:12:29 > 24:50]
SOAP:  11%|█▏        | 2850/25000 [3:12:28 > 24:50]
SOAP:  11%|█▏        | 2851/25000 [3:12:20 > 24:51]
SOAP:  11%|█▏        | 2852/25000 [3:12:19 > 24:51]
SOAP:  11%|█▏        | 2853/25000 [3:12:12 > 24:52]
SOAP:  11%|█▏        | 2854/25000 [3:12:22 > 24:52]
SOAP:  11%|█▏        | 2855/25000 [3:12:19 > 24:53]
SOAP:  11%|█▏        | 2856/25000 [3:12:17 > 24:53]
SOAP:  11%|█▏        | 2857/25000 [3:12:18 > 24:54]
SOAP:  11%|█▏        | 2858/25000 [3:12:15 > 24:54]
SOAP:  11%|█▏        | 2859/25000 [3:12:13 > 24:55]
SOAP:  11%|█▏        | 2860/25000 [3:12:16 > 24:55]
SOAP:  11%|█▏        | 2861/25000 [3:12:03 > 24:56]
SOAP:  11%|█▏        | 2862/25000 [3:12:08 > 24:56]
SOAP:  11%|█▏        | 2863/25000 [3:11:39 > 24:57]
SOAP:  11%|█▏        | 2864/25000 [3:12:16 > 24:57]
SOAP:  11%|█▏        | 2865/25000 [3:12:17 > 24:58]
SOAP:  11%|█▏        | 2866/25000 [3:12:18 > 24:59]
SOAP:  11%|█▏        | 2867/25000 [3:12:18 > 24:59]
SOAP:  11%|█▏        | 2868/25000 [3:12:20 > 25:00]
SOAP:  11%|█▏        | 2869/25000 [3:12:11 > 25:00]
SOAP:  11%|█▏        | 2870/25000 [3:12:18 > 25:01]
SOAP:  11%|█▏        | 2871/25000 [3:12:19 > 25:01]
SOAP:  11%|█▏        | 2872/25000 [3:12:18 > 25:02]
SOAP:  11%|█▏        | 2873/25000 [3:12:18 > 25:02]
SOAP:  11%|█▏        | 2874/25000 [3:11:09 > 25:03]
SOAP:  12%|█▏        | 2875/25000 [3:12:32 > 25:03]
SOAP:  12%|█▏        | 2876/25000 [3:12:21 > 25:04]
SOAP:  12%|█▏        | 2877/25000 [3:12:14 > 25:04]
SOAP:  12%|█▏        | 2878/25000 [3:12:13 > 25:05]
SOAP:  12%|█▏        | 2879/25000 [3:12:02 > 25:05]
SOAP:  12%|█▏        | 2880/25000 [3:11:56 > 25:06]
SOAP:  12%|█▏        | 2881/25000 [3:11:58 > 25:06]
SOAP:  12%|█▏        | 2882/25000 [3:10:33 > 25:07]
SOAP:  12%|█▏        | 2883/25000 [3:12:28 > 25:07]
SOAP:  12%|█▏        | 2884/25000 [3:12:15 > 25:08]
SOAP:  12%|█▏        | 2885/25000 [3:12:08 > 25:08]
SOAP:  12%|█▏        | 2886/25000 [3:12:06 > 25:09]
SOAP:  12%|█▏        | 2887/25000 [3:12:08 > 25:09]
SOAP:  12%|█▏        | 2888/25000 [3:11:53 > 25:10]
SOAP:  12%|█▏        | 2889/25000 [3:12:48 > 25:11]
SOAP:  12%|█▏        | 2890/25000 [3:12:27 > 25:11]
SOAP:  12%|█▏        | 2891/25000 [3:12:23 > 25:12]
SOAP:  12%|█▏        | 2892/25000 [3:12:16 > 25:12]
SOAP:  12%|█▏        | 2893/25000 [3:12:07 > 25:13]
SOAP:  12%|█▏        | 2894/25000 [3:12:05 > 25:13]
SOAP:  12%|█▏        | 2895/25000 [3:12:04 > 25:14]
SOAP:  12%|█▏        | 2896/25000 [3:12:06 > 25:14]
SOAP:  12%|█▏        | 2897/25000 [3:12:00 > 25:15]
SOAP:  12%|█▏        | 2898/25000 [3:11:58 > 25:15]
SOAP:  12%|█▏        | 2899/25000 [3:11:57 > 25:16]
SOAP:  12%|█▏        | 2900/25000 [3:11:55 > 25:16]
SOAP:  12%|█▏        | 2901/25000 [3:13:45 > 25:17]
SOAP:  12%|█▏        | 2902/25000 [3:12:17 > 25:17]
SOAP:  12%|█▏        | 2903/25000 [3:12:06 > 25:18]
SOAP:  12%|█▏        | 2904/25000 [3:12:05 > 25:18]
SOAP:  12%|█▏        | 2905/25000 [3:12:02 > 25:19]
SOAP:  12%|█▏        | 2906/25000 [3:11:58 > 25:19]
SOAP:  12%|█▏        | 2907/25000 [3:12:00 > 25:20]
SOAP:  12%|█▏        | 2908/25000 [3:11:55 > 25:20]
SOAP:  12%|█▏        | 2909/25000 [3:11:47 > 25:21]
SOAP:  12%|█▏        | 2910/25000 [3:11:52 > 25:21]
SOAP:  12%|█▏        | 2911/25000 [3:11:50 > 25:22]
SOAP:  12%|█▏        | 2912/25000 [3:11:49 > 25:23]
SOAP:  12%|█▏        | 2913/25000 [3:11:50 > 25:23]
SOAP:  12%|█▏        | 2914/25000 [3:12:01 > 25:24]
SOAP:  12%|█▏        | 2915/25000 [3:12:19 > 25:24]
SOAP:  12%|█▏        | 2916/25000 [3:12:04 > 25:25]
SOAP:  12%|█▏        | 2917/25000 [3:11:56 > 25:25]
SOAP:  12%|█▏        | 2918/25000 [3:11:52 > 25:26]
SOAP:  12%|█▏        | 2919/25000 [3:11:52 > 25:26]
SOAP:  12%|█▏        | 2920/25000 [3:11:53 > 25:27]
SOAP:  12%|█▏        | 2921/25000 [3:10:17 > 25:27]
SOAP:  12%|█▏        | 2922/25000 [3:12:12 > 25:28]
SOAP:  12%|█▏        | 2923/25000 [3:11:58 > 25:28]
SOAP:  12%|█▏        | 2924/25000 [3:11:49 > 25:29]
SOAP:  12%|█▏        | 2925/25000 [3:11:47 > 25:29]
SOAP:  12%|█▏        | 2926/25000 [3:11:45 > 25:30]
SOAP:  12%|█▏        | 2927/25000 [3:11:25 > 25:30]
SOAP:  12%|█▏        | 2928/25000 [3:11:24 > 25:31]
SOAP:  12%|█▏        | 2929/25000 [3:11:27 > 25:31]
SOAP:  12%|█▏        | 2930/25000 [3:11:31 > 25:32]
SOAP:  12%|█▏        | 2931/25000 [3:11:33 > 25:32]
SOAP:  12%|█▏        | 2932/25000 [3:11:26 > 25:33]
SOAP:  12%|█▏        | 2933/25000 [3:11:20 > 25:33]
SOAP:  12%|█▏        | 2934/25000 [3:11:30 > 25:34]
SOAP:  12%|█▏        | 2935/25000 [3:11:39 > 25:34]
SOAP:  12%|█▏        | 2936/25000 [3:11:37 > 25:35]
SOAP:  12%|█▏        | 2937/25000 [3:11:40 > 25:36]
SOAP:  12%|█▏        | 2938/25000 [3:11:42 > 25:36]
SOAP:  12%|█▏        | 2939/25000 [3:11:38 > 25:37]
SOAP:  12%|█▏        | 2940/25000 [3:11:39 > 25:37]
SOAP:  12%|█▏        | 2941/25000 [3:11:35 > 25:38]
SOAP:  12%|█▏        | 2942/25000 [3:11:36 > 25:38]
SOAP:  12%|█▏        | 2943/25000 [3:11:35 > 25:39]
SOAP:  12%|█▏        | 2944/25000 [3:11:35 > 25:39]
SOAP:  12%|█▏        | 2945/25000 [3:11:30 > 25:40]
SOAP:  12%|█▏        | 2946/25000 [3:09:58 > 25:40]
SOAP:  12%|█▏        | 2947/25000 [3:12:00 > 25:41]
SOAP:  12%|█▏        | 2948/25000 [3:11:54 > 25:41]
SOAP:  12%|█▏        | 2949/25000 [3:11:39 > 25:42]
SOAP:  12%|█▏        | 2950/25000 [3:11:32 > 25:42]
SOAP:  12%|█▏        | 2951/25000 [3:11:24 > 25:43]
SOAP:  12%|█▏        | 2952/25000 [3:11:26 > 25:43]
SOAP:  12%|█▏        | 2953/25000 [3:11:17 > 25:44]
SOAP:  12%|█▏        | 2954/25000 [3:11:19 > 25:44]
SOAP:  12%|█▏        | 2955/25000 [3:11:18 > 25:45]
SOAP:  12%|█▏        | 2956/25000 [3:11:23 > 25:45]
SOAP:  12%|█▏        | 2957/25000 [3:11:23 > 25:46]
SOAP:  12%|█▏        | 2958/25000 [3:11:23 > 25:46]
SOAP:  12%|█▏        | 2959/25000 [3:11:34 > 25:47]
SOAP:  12%|█▏        | 2960/25000 [3:11:29 > 25:48]
SOAP:  12%|█▏        | 2961/25000 [3:11:29 > 25:48]
SOAP:  12%|█▏        | 2962/25000 [3:11:19 > 25:49]
SOAP:  12%|█▏        | 2963/25000 [3:11:19 > 25:49]
SOAP:  12%|█▏        | 2964/25000 [3:11:25 > 25:50]
SOAP:  12%|█▏        | 2965/25000 [3:11:31 > 25:50]
SOAP:  12%|█▏        | 2966/25000 [3:11:37 > 25:51]
SOAP:  12%|█▏        | 2967/25000 [3:10:00 > 25:51]
SOAP:  12%|█▏        | 2968/25000 [3:11:52 > 25:52]
SOAP:  12%|█▏        | 2969/25000 [3:11:36 > 25:52]
SOAP:  12%|█▏        | 2970/25000 [3:11:28 > 25:53]
SOAP:  12%|█▏        | 2971/25000 [3:11:20 > 25:53]
SOAP:  12%|█▏        | 2972/25000 [3:11:13 > 25:54]
SOAP:  12%|█▏        | 2973/25000 [3:11:16 > 25:54]
SOAP:  12%|█▏        | 2974/25000 [3:11:13 > 25:55]
SOAP:  12%|█▏        | 2975/25000 [3:11:15 > 25:55]
SOAP:  12%|█▏        | 2976/25000 [3:11:13 > 25:56]
SOAP:  12%|█▏        | 2977/25000 [3:11:17 > 25:56]
SOAP:  12%|█▏        | 2978/25000 [3:11:20 > 25:57]
SOAP:  12%|█▏        | 2979/25000 [3:11:22 > 25:57]
SOAP:  12%|█▏        | 2980/25000 [3:11:22 > 25:58]
SOAP:  12%|█▏        | 2981/25000 [3:11:46 > 25:58]
SOAP:  12%|█▏        | 2982/25000 [3:11:33 > 25:59]
SOAP:  12%|█▏        | 2983/25000 [3:11:37 > 26:00]
SOAP:  12%|█▏        | 2984/25000 [3:11:21 > 26:00]
SOAP:  12%|█▏        | 2985/25000 [3:11:19 > 26:01]
SOAP:  12%|█▏        | 2986/25000 [3:11:10 > 26:01]
SOAP:  12%|█▏        | 2987/25000 [3:11:08 > 26:02]
SOAP:  12%|█▏        | 2988/25000 [3:10:56 > 26:02]
SOAP:  12%|█▏        | 2989/25000 [3:11:06 > 26:03]
SOAP:  12%|█▏        | 2990/25000 [3:11:15 > 26:03]
SOAP:  12%|█▏        | 2991/25000 [3:11:40 > 26:04]
SOAP:  12%|█▏        | 2992/25000 [3:11:27 > 26:04]
SOAP:  12%|█▏        | 2993/25000 [3:11:28 > 26:05]
SOAP:  12%|█▏        | 2994/25000 [3:11:56 > 26:05]
SOAP:  12%|█▏        | 2995/25000 [3:11:39 > 26:06]
SOAP:  12%|█▏        | 2996/25000 [3:11:31 > 26:06]
SOAP:  12%|█▏        | 2997/25000 [3:11:18 > 26:07]
SOAP:  12%|█▏        | 2998/25000 [3:11:13 > 26:07]
SOAP:  12%|█▏        | 2999/25000 [3:11:09 > 26:08]
SOAP:  12%|█▏        | 3000/25000 [3:11:06 > 26:08]
SOAP:  12%|█▏        | 3001/25000 [3:13:01 > 26:09]
SOAP:  12%|█▏        | 3002/25000 [3:11:31 > 26:09]
SOAP:  12%|█▏        | 3003/25000 [3:11:22 > 26:10]
SOAP:  12%|█▏        | 3004/25000 [3:11:20 > 26:10]
SOAP:  12%|█▏        | 3005/25000 [3:11:11 > 26:11]
SOAP:  12%|█▏        | 3006/25000 [3:11:02 > 26:12]
SOAP:  12%|█▏        | 3007/25000 [3:10:54 > 26:12]
SOAP:  12%|█▏        | 3008/25000 [3:10:56 > 26:13]
SOAP:  12%|█▏        | 3009/25000 [3:10:54 > 26:13]
SOAP:  12%|█▏        | 3010/25000 [3:10:51 > 26:14]
SOAP:  12%|█▏        | 3011/25000 [3:10:52 > 26:14]
SOAP:  12%|█▏        | 3012/25000 [3:10:58 > 26:15]
SOAP:  12%|█▏        | 3013/25000 [3:10:52 > 26:15]
SOAP:  12%|█▏        | 3014/25000 [3:10:55 > 26:16]
SOAP:  12%|█▏        | 3015/25000 [3:10:51 > 26:16]
SOAP:  12%|█▏        | 3016/25000 [3:10:57 > 26:17]
SOAP:  12%|█▏        | 3017/25000 [3:10:49 > 26:17]
SOAP:  12%|█▏        | 3018/25000 [3:09:24 > 26:18]
SOAP:  12%|█▏        | 3019/25000 [3:11:23 > 26:18]
SOAP:  12%|█▏        | 3020/25000 [3:11:19 > 26:19]
SOAP:  12%|█▏        | 3021/25000 [3:09:36 > 26:19]
SOAP:  12%|█▏        | 3022/25000 [3:11:31 > 26:20]
SOAP:  12%|█▏        | 3023/25000 [3:11:10 > 26:20]
SOAP:  12%|█▏        | 3024/25000 [3:10:55 > 26:21]
SOAP:  12%|█▏        | 3025/25000 [3:10:48 > 26:21]
SOAP:  12%|█▏        | 3026/25000 [3:10:45 > 26:22]
SOAP:  12%|█▏        | 3027/25000 [3:10:48 > 26:22]
SOAP:  12%|█▏        | 3028/25000 [3:10:49 > 26:23]
SOAP:  12%|█▏        | 3029/25000 [3:10:44 > 26:23]
SOAP:  12%|█▏        | 3030/25000 [3:10:46 > 26:24]
SOAP:  12%|█▏        | 3031/25000 [3:10:44 > 26:25]
SOAP:  12%|█▏        | 3032/25000 [3:10:44 > 26:25]
SOAP:  12%|█▏        | 3033/25000 [3:10:47 > 26:26]
SOAP:  12%|█▏        | 3034/25000 [3:10:54 > 26:26]
SOAP:  12%|█▏        | 3035/25000 [3:10:46 > 26:27]
SOAP:  12%|█▏        | 3036/25000 [3:10:45 > 26:27]
SOAP:  12%|█▏        | 3037/25000 [3:10:41 > 26:28]
SOAP:  12%|█▏        | 3038/25000 [3:10:41 > 26:28]
SOAP:  12%|█▏        | 3039/25000 [3:10:42 > 26:29]
SOAP:  12%|█▏        | 3040/25000 [3:10:33 > 26:29]
SOAP:  12%|█▏        | 3041/25000 [3:10:28 > 26:30]
SOAP:  12%|█▏        | 3042/25000 [3:10:35 > 26:30]
SOAP:  12%|█▏        | 3043/25000 [3:10:31 > 26:31]
SOAP:  12%|█▏        | 3044/25000 [3:10:35 > 26:31]
SOAP:  12%|█▏        | 3045/25000 [3:10:32 > 26:32]
SOAP:  12%|█▏        | 3046/25000 [3:10:36 > 26:32]
SOAP:  12%|█▏        | 3047/25000 [3:10:32 > 26:33]
SOAP:  12%|█▏        | 3048/25000 [3:10:32 > 26:33]
SOAP:  12%|█▏        | 3049/25000 [3:10:40 > 26:34]
SOAP:  12%|█▏        | 3050/25000 [3:10:43 > 26:34]
SOAP:  12%|█▏        | 3051/25000 [3:10:37 > 26:35]
SOAP:  12%|█▏        | 3052/25000 [3:10:36 > 26:35]
SOAP:  12%|█▏        | 3053/25000 [3:10:48 > 26:36]
SOAP:  12%|█▏        | 3054/25000 [3:11:06 > 26:37]
SOAP:  12%|█▏        | 3055/25000 [3:10:55 > 26:37]
SOAP:  12%|█▏        | 3056/25000 [3:10:49 > 26:38]
SOAP:  12%|█▏        | 3057/25000 [3:09:59 > 26:38]
SOAP:  12%|█▏        | 3058/25000 [3:11:05 > 26:39]
SOAP:  12%|█▏        | 3059/25000 [3:11:18 > 26:39]
SOAP:  12%|█▏        | 3060/25000 [3:11:00 > 26:40]
SOAP:  12%|█▏        | 3061/25000 [3:10:46 > 26:40]
SOAP:  12%|█▏        | 3062/25000 [3:10:41 > 26:41]
SOAP:  12%|█▏        | 3063/25000 [3:10:37 > 26:41]
SOAP:  12%|█▏        | 3064/25000 [3:10:34 > 26:42]
SOAP:  12%|█▏        | 3065/25000 [3:10:28 > 26:42]
SOAP:  12%|█▏        | 3066/25000 [3:10:23 > 26:43]
SOAP:  12%|█▏        | 3067/25000 [3:10:28 > 26:43]
SOAP:  12%|█▏        | 3068/25000 [3:10:24 > 26:44]
SOAP:  12%|█▏        | 3069/25000 [3:10:28 > 26:44]
SOAP:  12%|█▏        | 3070/25000 [3:10:16 > 26:45]
SOAP:  12%|█▏        | 3071/25000 [3:10:20 > 26:45]
SOAP:  12%|█▏        | 3072/25000 [3:10:17 > 26:46]
SOAP:  12%|█▏        | 3073/25000 [3:10:22 > 26:46]
SOAP:  12%|█▏        | 3074/25000 [3:10:18 > 26:47]
SOAP:  12%|█▏        | 3075/25000 [3:10:19 > 26:47]
SOAP:  12%|█▏        | 3076/25000 [3:10:21 > 26:48]
SOAP:  12%|█▏        | 3077/25000 [3:10:45 > 26:49]
SOAP:  12%|█▏        | 3078/25000 [3:10:35 > 26:49]
SOAP:  12%|█▏        | 3079/25000 [3:10:29 > 26:50]
SOAP:  12%|█▏        | 3080/25000 [3:10:21 > 26:50]
SOAP:  12%|█▏        | 3081/25000 [3:10:32 > 26:51]
SOAP:  12%|█▏        | 3082/25000 [3:10:56 > 26:51]
SOAP:  12%|█▏        | 3083/25000 [3:10:47 > 26:52]
SOAP:  12%|█▏        | 3084/25000 [3:10:45 > 26:52]
SOAP:  12%|█▏        | 3085/25000 [3:11:05 > 26:53]
SOAP:  12%|█▏        | 3086/25000 [3:10:51 > 26:53]
SOAP:  12%|█▏        | 3087/25000 [3:10:43 > 26:54]
SOAP:  12%|█▏        | 3088/25000 [3:10:29 > 26:54]
SOAP:  12%|█▏        | 3089/25000 [3:10:22 > 26:55]
SOAP:  12%|█▏        | 3090/25000 [3:10:21 > 26:55]
SOAP:  12%|█▏        | 3091/25000 [3:09:58 > 26:56]
SOAP:  12%|█▏        | 3092/25000 [3:08:40 > 26:56]
SOAP:  12%|█▏        | 3093/25000 [3:10:33 > 26:57]
SOAP:  12%|█▏        | 3094/25000 [3:10:29 > 26:57]
SOAP:  12%|█▏        | 3095/25000 [3:10:17 > 26:58]
SOAP:  12%|█▏        | 3096/25000 [3:10:27 > 26:58]
SOAP:  12%|█▏        | 3097/25000 [3:10:51 > 26:59]
SOAP:  12%|█▏        | 3098/25000 [3:10:38 > 26:59]
SOAP:  12%|█▏        | 3099/25000 [3:10:25 > 27:00]
SOAP:  12%|█▏        | 3100/25000 [3:10:19 > 27:01]
SOAP:  12%|█▏        | 3101/25000 [3:12:10 > 27:01]
SOAP:  12%|█▏        | 3102/25000 [3:10:47 > 27:02]
SOAP:  12%|█▏        | 3103/25000 [3:10:35 > 27:02]
SOAP:  12%|█▏        | 3104/25000 [3:10:32 > 27:03]
SOAP:  12%|█▏        | 3105/25000 [3:09:13 > 27:03]
SOAP:  12%|█▏        | 3106/25000 [3:10:37 > 27:04]
SOAP:  12%|█▏        | 3107/25000 [3:10:28 > 27:04]
SOAP:  12%|█▏        | 3108/25000 [3:10:30 > 27:05]
SOAP:  12%|█▏        | 3109/25000 [3:10:20 > 27:05]
SOAP:  12%|█▏        | 3110/25000 [3:10:20 > 27:06]
SOAP:  12%|█▏        | 3111/25000 [3:10:15 > 27:06]
SOAP:  12%|█▏        | 3112/25000 [3:10:10 > 27:07]
SOAP:  12%|█▏        | 3113/25000 [3:10:02 > 27:07]
SOAP:  12%|█▏        | 3114/25000 [3:10:02 > 27:08]
SOAP:  12%|█▏        | 3115/25000 [3:08:27 > 27:08]
SOAP:  12%|█▏        | 3116/25000 [3:10:27 > 27:09]
SOAP:  12%|█▏        | 3117/25000 [3:10:21 > 27:09]
SOAP:  12%|█▏        | 3118/25000 [3:10:09 > 27:10]
SOAP:  12%|█▏        | 3119/25000 [3:10:09 > 27:10]
SOAP:  12%|█▏        | 3120/25000 [3:10:05 > 27:11]
SOAP:  12%|█▏        | 3121/25000 [3:10:00 > 27:11]
SOAP:  12%|█▏        | 3122/25000 [3:10:01 > 27:12]
SOAP:  12%|█▏        | 3123/25000 [3:09:59 > 27:13]
SOAP:  12%|█▏        | 3124/25000 [3:09:53 > 27:13]
SOAP:  12%|█▎        | 3125/25000 [3:10:03 > 27:14]
SOAP:  13%|█▎        | 3126/25000 [3:09:57 > 27:14]
SOAP:  13%|█▎        | 3127/25000 [3:10:01 > 27:15]
SOAP:  13%|█▎        | 3128/25000 [3:09:56 > 27:15]
SOAP:  13%|█▎        | 3129/25000 [3:09:53 > 27:16]
SOAP:  13%|█▎        | 3130/25000 [3:09:57 > 27:16]
SOAP:  13%|█▎        | 3131/25000 [3:09:47 > 27:17]
SOAP:  13%|█▎        | 3132/25000 [3:09:42 > 27:17]
SOAP:  13%|█▎        | 3133/25000 [3:09:49 > 27:18]
SOAP:  13%|█▎        | 3134/25000 [3:09:48 > 27:18]
SOAP:  13%|█▎        | 3135/25000 [3:09:55 > 27:19]
SOAP:  13%|█▎        | 3136/25000 [3:09:57 > 27:19]
SOAP:  13%|█▎        | 3137/25000 [3:09:53 > 27:20]
SOAP:  13%|█▎        | 3138/25000 [3:09:52 > 27:20]
SOAP:  13%|█▎        | 3139/25000 [3:09:51 > 27:21]
SOAP:  13%|█▎        | 3140/25000 [3:09:47 > 27:21]
SOAP:  13%|█▎        | 3141/25000 [3:09:52 > 27:22]
SOAP:  13%|█▎        | 3142/25000 [3:09:49 > 27:22]
SOAP:  13%|█▎        | 3143/25000 [3:09:52 > 27:23]
SOAP:  13%|█▎        | 3144/25000 [3:09:51 > 27:23]
SOAP:  13%|█▎        | 3145/25000 [3:09:50 > 27:24]
SOAP:  13%|█▎        | 3146/25000 [3:09:45 > 27:24]
SOAP:  13%|█▎        | 3147/25000 [3:09:51 > 27:25]
SOAP:  13%|█▎        | 3148/25000 [3:09:47 > 27:26]
SOAP:  13%|█▎        | 3149/25000 [3:09:50 > 27:26]
SOAP:  13%|█▎        | 3150/25000 [3:09:44 > 27:27]
SOAP:  13%|█▎        | 3151/25000 [3:09:47 > 27:27]
SOAP:  13%|█▎        | 3152/25000 [3:09:39 > 27:28]
SOAP:  13%|█▎        | 3153/25000 [3:09:43 > 27:28]
SOAP:  13%|█▎        | 3154/25000 [3:08:17 > 27:29]
SOAP:  13%|█▎        | 3155/25000 [3:10:03 > 27:29]
SOAP:  13%|█▎        | 3156/25000 [3:09:59 > 27:30]
SOAP:  13%|█▎        | 3157/25000 [3:10:10 > 27:30]
SOAP:  13%|█▎        | 3158/25000 [3:10:36 > 27:31]
SOAP:  13%|█▎        | 3159/25000 [3:10:54 > 27:31]
SOAP:  13%|█▎        | 3160/25000 [3:11:12 > 27:32]
SOAP:  13%|█▎        | 3161/25000 [3:11:28 > 27:32]
SOAP:  13%|█▎        | 3162/25000 [3:11:29 > 27:33]
SOAP:  13%|█▎        | 3163/25000 [3:11:30 > 27:33]
SOAP:  13%|█▎        | 3164/25000 [3:11:32 > 27:34]
SOAP:  13%|█▎        | 3165/25000 [3:11:50 > 27:34]
SOAP:  13%|█▎        | 3166/25000 [3:11:45 > 27:35]
SOAP:  13%|█▎        | 3167/25000 [3:11:39 > 27:35]
SOAP:  13%|█▎        | 3168/25000 [3:11:37 > 27:36]
SOAP:  13%|█▎        | 3169/25000 [3:11:38 > 27:37]
SOAP:  13%|█▎        | 3170/25000 [3:11:42 > 27:37]
SOAP:  13%|█▎        | 3171/25000 [3:11:36 > 27:38]
SOAP:  13%|█▎        | 3172/25000 [3:11:35 > 27:38]
SOAP:  13%|█▎        | 3173/25000 [3:09:59 > 27:39]
SOAP:  13%|█▎        | 3174/25000 [3:11:26 > 27:39]
SOAP:  13%|█▎        | 3175/25000 [3:11:43 > 27:40]
SOAP:  13%|█▎        | 3176/25000 [3:11:44 > 27:40]
SOAP:  13%|█▎        | 3177/25000 [3:11:43 > 27:41]
SOAP:  13%|█▎        | 3178/25000 [3:11:41 > 27:41]
SOAP:  13%|█▎        | 3179/25000 [3:11:38 > 27:42]
SOAP:  13%|█▎        | 3180/25000 [3:11:38 > 27:42]
SOAP:  13%|█▎        | 3181/25000 [3:11:43 > 27:43]
SOAP:  13%|█▎        | 3182/25000 [3:11:35 > 27:43]
SOAP:  13%|█▎        | 3183/25000 [3:11:28 > 27:44]
SOAP:  13%|█▎        | 3184/25000 [3:11:35 > 27:44]
SOAP:  13%|█▎        | 3185/25000 [3:11:38 > 27:45]
SOAP:  13%|█▎        | 3186/25000 [3:11:39 > 27:45]
SOAP:  13%|█▎        | 3187/25000 [3:11:28 > 27:46]
SOAP:  13%|█▎        | 3188/25000 [3:11:26 > 27:47]
SOAP:  13%|█▎        | 3189/25000 [3:11:30 > 27:47]
SOAP:  13%|█▎        | 3190/25000 [3:11:29 > 27:48]
SOAP:  13%|█▎        | 3191/25000 [3:11:25 > 27:48]
SOAP:  13%|█▎        | 3192/25000 [3:11:21 > 27:49]
SOAP:  13%|█▎        | 3193/25000 [3:11:20 > 27:49]
SOAP:  13%|█▎        | 3194/25000 [3:11:23 > 27:50]
SOAP:  13%|█▎        | 3195/25000 [3:11:24 > 27:50]
SOAP:  13%|█▎        | 3196/25000 [3:12:05 > 27:51]
SOAP:  13%|█▎        | 3197/25000 [3:11:23 > 27:51]
SOAP:  13%|█▎        | 3198/25000 [3:11:14 > 27:52]
SOAP:  13%|█▎        | 3199/25000 [3:11:18 > 27:52]
SOAP:  13%|█▎        | 3200/25000 [3:11:21 > 27:53]
SOAP:  13%|█▎        | 3201/25000 [3:12:27 > 27:53]
SOAP:  13%|█▎        | 3202/25000 [3:12:07 > 27:54]
SOAP:  13%|█▎        | 3203/25000 [3:11:49 > 27:54]
SOAP:  13%|█▎        | 3204/25000 [3:11:36 > 27:55]
SOAP:  13%|█▎        | 3205/25000 [3:11:37 > 27:56]
SOAP:  13%|█▎        | 3206/25000 [3:11:35 > 27:56]
SOAP:  13%|█▎        | 3207/25000 [3:11:35 > 27:57]
SOAP:  13%|█▎        | 3208/25000 [3:11:22 > 27:57]
SOAP:  13%|█▎        | 3209/25000 [3:11:22 > 27:58]
SOAP:  13%|█▎        | 3210/25000 [3:11:21 > 27:58]
SOAP:  13%|█▎        | 3211/25000 [3:11:23 > 27:59]
SOAP:  13%|█▎        | 3212/25000 [3:11:19 > 27:59]
SOAP:  13%|█▎        | 3213/25000 [3:11:11 > 28:00]
SOAP:  13%|█▎        | 3214/25000 [3:11:08 > 28:00]
SOAP:  13%|█▎        | 3215/25000 [3:11:05 > 28:01]
SOAP:  13%|█▎        | 3216/25000 [3:11:14 > 28:01]
SOAP:  13%|█▎        | 3217/25000 [3:11:23 > 28:02]
SOAP:  13%|█▎        | 3218/25000 [3:09:46 > 28:02]
SOAP:  13%|█▎        | 3219/25000 [3:10:53 > 28:03]
SOAP:  13%|█▎        | 3220/25000 [3:11:07 > 28:03]
SOAP:  13%|█▎        | 3221/25000 [3:11:03 > 28:04]
SOAP:  13%|█▎        | 3222/25000 [3:11:04 > 28:04]
SOAP:  13%|█▎        | 3223/25000 [3:11:05 > 28:05]
SOAP:  13%|█▎        | 3224/25000 [3:10:58 > 28:06]
SOAP:  13%|█▎        | 3225/25000 [3:11:12 > 28:06]
SOAP:  13%|█▎        | 3226/25000 [3:11:11 > 28:07]
SOAP:  13%|█▎        | 3227/25000 [3:11:03 > 28:07]
SOAP:  13%|█▎        | 3228/25000 [3:11:05 > 28:08]
SOAP:  13%|█▎        | 3229/25000 [3:11:03 > 28:08]
SOAP:  13%|█▎        | 3230/25000 [3:11:10 > 28:09]
SOAP:  13%|█▎        | 3231/25000 [3:09:47 > 28:09]
SOAP:  13%|█▎        | 3232/25000 [3:11:01 > 28:10]
SOAP:  13%|█▎        | 3233/25000 [3:10:58 > 28:10]
SOAP:  13%|█▎        | 3234/25000 [3:10:55 > 28:11]
SOAP:  13%|█▎        | 3235/25000 [3:10:57 > 28:11]
SOAP:  13%|█▎        | 3236/25000 [3:10:56 > 28:12]
SOAP:  13%|█▎        | 3237/25000 [3:11:06 > 28:12]
SOAP:  13%|█▎        | 3238/25000 [3:11:03 > 28:13]
SOAP:  13%|█▎        | 3239/25000 [3:10:56 > 28:13]
SOAP:  13%|█▎        | 3240/25000 [3:10:55 > 28:14]
SOAP:  13%|█▎        | 3241/25000 [3:10:58 > 28:14]
SOAP:  13%|█▎        | 3242/25000 [3:11:04 > 28:15]
SOAP:  13%|█▎        | 3243/25000 [3:10:56 > 28:16]
SOAP:  13%|█▎        | 3244/25000 [3:10:55 > 28:16]
SOAP:  13%|█▎        | 3245/25000 [3:10:40 > 28:17]
SOAP:  13%|█▎        | 3246/25000 [3:10:26 > 28:17]
SOAP:  13%|█▎        | 3247/25000 [3:10:34 > 28:18]
SOAP:  13%|█▎        | 3248/25000 [3:10:36 > 28:18]
SOAP:  13%|█▎        | 3249/25000 [3:10:51 > 28:19]
SOAP:  13%|█▎        | 3250/25000 [3:09:07 > 28:19]
SOAP:  13%|█▎        | 3251/25000 [3:10:48 > 28:20]
SOAP:  13%|█▎        | 3252/25000 [3:10:53 > 28:20]
SOAP:  13%|█▎        | 3253/25000 [3:10:45 > 28:21]
SOAP:  13%|█▎        | 3254/25000 [3:10:44 > 28:21]
SOAP:  13%|█▎        | 3255/25000 [3:10:42 > 28:22]
SOAP:  13%|█▎        | 3256/25000 [3:10:46 > 28:22]
SOAP:  13%|█▎        | 3257/25000 [3:10:50 > 28:23]
SOAP:  13%|█▎        | 3258/25000 [3:10:46 > 28:23]
SOAP:  13%|█▎        | 3259/25000 [3:10:46 > 28:24]
SOAP:  13%|█▎        | 3260/25000 [3:10:59 > 28:24]
SOAP:  13%|█▎        | 3261/25000 [3:10:54 > 28:25]
SOAP:  13%|█▎        | 3262/25000 [3:10:49 > 28:26]
SOAP:  13%|█▎        | 3263/25000 [3:10:46 > 28:26]
SOAP:  13%|█▎        | 3264/25000 [3:10:40 > 28:27]
SOAP:  13%|█▎        | 3265/25000 [3:10:50 > 28:27]
SOAP:  13%|█▎        | 3266/25000 [3:10:46 > 28:28]
SOAP:  13%|█▎        | 3267/25000 [3:10:43 > 28:28]
SOAP:  13%|█▎        | 3268/25000 [3:10:46 > 28:29]
SOAP:  13%|█▎        | 3269/25000 [3:10:51 > 28:29]
SOAP:  13%|█▎        | 3270/25000 [3:10:46 > 28:30]
SOAP:  13%|█▎        | 3271/25000 [3:10:44 > 28:30]
SOAP:  13%|█▎        | 3272/25000 [3:10:46 > 28:31]
SOAP:  13%|█▎        | 3273/25000 [3:10:58 > 28:31]
SOAP:  13%|█▎        | 3274/25000 [3:10:52 > 28:32]
SOAP:  13%|█▎        | 3275/25000 [3:10:51 > 28:32]
SOAP:  13%|█▎        | 3276/25000 [3:10:38 > 28:33]
SOAP:  13%|█▎        | 3277/25000 [3:10:45 > 28:33]
SOAP:  13%|█▎        | 3278/25000 [3:10:36 > 28:34]
SOAP:  13%|█▎        | 3279/25000 [3:10:43 > 28:34]
SOAP:  13%|█▎        | 3280/25000 [3:10:46 > 28:35]
SOAP:  13%|█▎        | 3281/25000 [3:10:50 > 28:36]
SOAP:  13%|█▎        | 3282/25000 [3:10:40 > 28:36]
SOAP:  13%|█▎        | 3283/25000 [3:10:37 > 28:37]
SOAP:  13%|█▎        | 3284/25000 [3:10:33 > 28:37]
SOAP:  13%|█▎        | 3285/25000 [3:10:35 > 28:38]
SOAP:  13%|█▎        | 3286/25000 [3:10:46 > 28:38]
SOAP:  13%|█▎        | 3287/25000 [3:10:38 > 28:39]
SOAP:  13%|█▎        | 3288/25000 [3:10:37 > 28:39]
SOAP:  13%|█▎        | 3289/25000 [3:10:37 > 28:40]
SOAP:  13%|█▎        | 3290/25000 [3:10:50 > 28:40]
SOAP:  13%|█▎        | 3291/25000 [3:10:40 > 28:41]
SOAP:  13%|█▎        | 3292/25000 [3:10:42 > 28:41]
SOAP:  13%|█▎        | 3293/25000 [3:10:22 > 28:42]
SOAP:  13%|█▎        | 3294/25000 [3:10:02 > 28:42]
SOAP:  13%|█▎        | 3295/25000 [3:10:06 > 28:43]
SOAP:  13%|█▎        | 3296/25000 [3:10:22 > 28:43]
SOAP:  13%|█▎        | 3297/25000 [3:10:19 > 28:44]
SOAP:  13%|█▎        | 3298/25000 [3:10:18 > 28:44]
SOAP:  13%|█▎        | 3299/25000 [3:10:15 > 28:45]
SOAP:  13%|█▎        | 3300/25000 [3:10:18 > 28:46]
SOAP:  13%|█▎        | 3301/25000 [3:11:17 > 28:46]
SOAP:  13%|█▎        | 3302/25000 [3:11:17 > 28:47]
SOAP:  13%|█▎        | 3303/25000 [3:10:56 > 28:47]
SOAP:  13%|█▎        | 3304/25000 [3:10:45 > 28:48]
SOAP:  13%|█▎        | 3305/25000 [3:11:30 > 28:48]
SOAP:  13%|█▎        | 3306/25000 [3:10:32 > 28:49]
SOAP:  13%|█▎        | 3307/25000 [3:10:22 > 28:49]
SOAP:  13%|█▎        | 3308/25000 [3:10:22 > 28:50]
SOAP:  13%|█▎        | 3309/25000 [3:10:23 > 28:50]
SOAP:  13%|█▎        | 3310/25000 [3:10:22 > 28:51]
SOAP:  13%|█▎        | 3311/25000 [3:10:34 > 28:51]
SOAP:  13%|█▎        | 3312/25000 [3:10:31 > 28:52]
SOAP:  13%|█▎        | 3313/25000 [3:10:23 > 28:52]
SOAP:  13%|█▎        | 3314/25000 [3:10:16 > 28:53]
SOAP:  13%|█▎        | 3315/25000 [3:10:24 > 28:53]
SOAP:  13%|█▎        | 3316/25000 [3:10:21 > 28:54]
SOAP:  13%|█▎        | 3317/25000 [3:10:31 > 28:54]
SOAP:  13%|█▎        | 3318/25000 [3:10:21 > 28:55]
SOAP:  13%|█▎        | 3319/25000 [3:10:11 > 28:56]
SOAP:  13%|█▎        | 3320/25000 [3:09:45 > 28:56]
SOAP:  13%|█▎        | 3321/25000 [3:09:54 > 28:57]
SOAP:  13%|█▎        | 3322/25000 [3:09:58 > 28:57]
SOAP:  13%|█▎        | 3323/25000 [3:10:14 > 28:58]
SOAP:  13%|█▎        | 3324/25000 [3:10:10 > 28:58]
SOAP:  13%|█▎        | 3325/25000 [3:10:07 > 28:59]
SOAP:  13%|█▎        | 3326/25000 [3:10:07 > 28:59]
SOAP:  13%|█▎        | 3327/25000 [3:09:13 > 29:00]
SOAP:  13%|█▎        | 3328/25000 [3:10:01 > 29:00]
SOAP:  13%|█▎        | 3329/25000 [3:10:11 > 29:01]
SOAP:  13%|█▎        | 3330/25000 [3:10:10 > 29:01]
SOAP:  13%|█▎        | 3331/25000 [3:10:17 > 29:02]
SOAP:  13%|█▎        | 3332/25000 [3:10:09 > 29:02]
SOAP:  13%|█▎        | 3333/25000 [3:09:55 > 29:03]
SOAP:  13%|█▎        | 3334/25000 [3:09:33 > 29:03]
SOAP:  13%|█▎        | 3335/25000 [3:09:48 > 29:04]
SOAP:  13%|█▎        | 3336/25000 [3:09:49 > 29:04]
SOAP:  13%|█▎        | 3337/25000 [3:09:52 > 29:05]
SOAP:  13%|█▎        | 3338/25000 [3:10:00 > 29:06]
SOAP:  13%|█▎        | 3339/25000 [3:10:04 > 29:06]
SOAP:  13%|█▎        | 3340/25000 [3:10:15 > 29:07]
SOAP:  13%|█▎        | 3341/25000 [3:10:06 > 29:07]
SOAP:  13%|█▎        | 3342/25000 [3:10:12 > 29:08]
SOAP:  13%|█▎        | 3343/25000 [3:10:04 > 29:08]
SOAP:  13%|█▎        | 3344/25000 [3:10:01 > 29:09]
SOAP:  13%|█▎        | 3345/25000 [3:10:05 > 29:09]
SOAP:  13%|█▎        | 3346/25000 [3:08:22 > 29:10]
SOAP:  13%|█▎        | 3347/25000 [3:09:55 > 29:10]
SOAP:  13%|█▎        | 3348/25000 [3:10:01 > 29:11]
SOAP:  13%|█▎        | 3349/25000 [3:10:00 > 29:11]
SOAP:  13%|█▎        | 3350/25000 [3:10:05 > 29:12]
SOAP:  13%|█▎        | 3351/25000 [3:10:12 > 29:12]
SOAP:  13%|█▎        | 3352/25000 [3:10:07 > 29:13]
SOAP:  13%|█▎        | 3353/25000 [3:10:01 > 29:13]
SOAP:  13%|█▎        | 3354/25000 [3:10:06 > 29:14]
SOAP:  13%|█▎        | 3355/25000 [3:10:05 > 29:14]
SOAP:  13%|█▎        | 3356/25000 [3:10:03 > 29:15]
SOAP:  13%|█▎        | 3357/25000 [3:10:06 > 29:16]
SOAP:  13%|█▎        | 3358/25000 [3:10:03 > 29:16]
SOAP:  13%|█▎        | 3359/25000 [3:10:05 > 29:17]
SOAP:  13%|█▎        | 3360/25000 [3:10:07 > 29:17]
SOAP:  13%|█▎        | 3361/25000 [3:10:10 > 29:18]
SOAP:  13%|█▎        | 3362/25000 [3:09:57 > 29:18]
SOAP:  13%|█▎        | 3363/25000 [3:09:57 > 29:19]
SOAP:  13%|█▎        | 3364/25000 [3:09:55 > 29:19]
SOAP:  13%|█▎        | 3365/25000 [3:09:52 > 29:20]
SOAP:  13%|█▎        | 3366/25000 [3:10:04 > 29:20]
SOAP:  13%|█▎        | 3367/25000 [3:09:54 > 29:21]
SOAP:  13%|█▎        | 3368/25000 [3:09:50 > 29:21]
SOAP:  13%|█▎        | 3369/25000 [3:09:49 > 29:22]
SOAP:  13%|█▎        | 3370/25000 [3:09:54 > 29:22]
SOAP:  13%|█▎        | 3371/25000 [3:10:00 > 29:23]
SOAP:  13%|█▎        | 3372/25000 [3:09:50 > 29:23]
SOAP:  13%|█▎        | 3373/25000 [3:09:50 > 29:24]
SOAP:  13%|█▎        | 3374/25000 [3:09:52 > 29:24]
SOAP:  14%|█▎        | 3375/25000 [3:09:52 > 29:25]
SOAP:  14%|█▎        | 3376/25000 [3:09:55 > 29:26]
SOAP:  14%|█▎        | 3377/25000 [3:09:47 > 29:26]
SOAP:  14%|█▎        | 3378/25000 [3:09:53 > 29:27]
SOAP:  14%|█▎        | 3379/25000 [3:09:49 > 29:27]
SOAP:  14%|█▎        | 3380/25000 [3:09:54 > 29:28]
SOAP:  14%|█▎        | 3381/25000 [3:09:40 > 29:28]
SOAP:  14%|█▎        | 3382/25000 [3:09:48 > 29:29]
SOAP:  14%|█▎        | 3383/25000 [3:09:47 > 29:29]
SOAP:  14%|█▎        | 3384/25000 [3:09:52 > 29:30]
SOAP:  14%|█▎        | 3385/25000 [3:09:48 > 29:30]
SOAP:  14%|█▎        | 3386/25000 [3:09:54 > 29:31]
SOAP:  14%|█▎        | 3387/25000 [3:09:57 > 29:31]
SOAP:  14%|█▎        | 3388/25000 [3:09:45 > 29:32]
SOAP:  14%|█▎        | 3389/25000 [3:09:41 > 29:32]
SOAP:  14%|█▎        | 3390/25000 [3:09:36 > 29:33]
SOAP:  14%|█▎        | 3391/25000 [3:09:38 > 29:33]
SOAP:  14%|█▎        | 3392/25000 [3:09:41 > 29:34]
SOAP:  14%|█▎        | 3393/25000 [3:09:54 > 29:35]
SOAP:  14%|█▎        | 3394/25000 [3:09:44 > 29:35]
SOAP:  14%|█▎        | 3395/25000 [3:09:41 > 29:36]
SOAP:  14%|█▎        | 3396/25000 [3:09:44 > 29:36]
SOAP:  14%|█▎        | 3397/25000 [3:09:54 > 29:37]
SOAP:  14%|█▎        | 3398/25000 [3:09:44 > 29:37]
SOAP:  14%|█▎        | 3399/25000 [3:09:37 > 29:38]
SOAP:  14%|█▎        | 3400/25000 [3:09:31 > 29:38]
SOAP:  14%|█▎        | 3401/25000 [3:10:26 > 29:39]
SOAP:  14%|█▎        | 3402/25000 [3:10:05 > 29:39]
SOAP:  14%|█▎        | 3403/25000 [3:10:06 > 29:40]
SOAP:  14%|█▎        | 3404/25000 [3:09:50 > 29:40]
SOAP:  14%|█▎        | 3405/25000 [3:09:49 > 29:41]
SOAP:  14%|█▎        | 3406/25000 [3:10:02 > 29:41]
SOAP:  14%|█▎        | 3407/25000 [3:09:48 > 29:42]
SOAP:  14%|█▎        | 3408/25000 [3:09:41 > 29:42]
SOAP:  14%|█▎        | 3409/25000 [3:09:28 > 29:43]
SOAP:  14%|█▎        | 3410/25000 [3:09:07 > 29:43]
SOAP:  14%|█▎        | 3411/25000 [3:09:05 > 29:44]
SOAP:  14%|█▎        | 3412/25000 [3:09:10 > 29:45]
SOAP:  14%|█▎        | 3413/25000 [3:09:12 > 29:45]
SOAP:  14%|█▎        | 3414/25000 [3:09:23 > 29:46]
SOAP:  14%|█▎        | 3415/25000 [3:09:25 > 29:46]
SOAP:  14%|█▎        | 3416/25000 [3:08:43 > 29:47]
SOAP:  14%|█▎        | 3417/25000 [3:08:48 > 29:47]
SOAP:  14%|█▎        | 3418/25000 [3:09:06 > 29:48]
SOAP:  14%|█▎        | 3419/25000 [3:09:16 > 29:48]
SOAP:  14%|█▎        | 3420/25000 [3:09:13 > 29:49]
SOAP:  14%|█▎        | 3421/25000 [3:09:16 > 29:49]
SOAP:  14%|█▎        | 3422/25000 [3:09:12 > 29:50]
SOAP:  14%|█▎        | 3423/25000 [3:07:19 > 29:50]
SOAP:  14%|█▎        | 3424/25000 [3:08:56 > 29:51]
SOAP:  14%|█▎        | 3425/25000 [3:09:01 > 29:51]
SOAP:  14%|█▎        | 3426/25000 [3:08:34 > 29:52]
SOAP:  14%|█▎        | 3427/25000 [3:08:09 > 29:52]
SOAP:  14%|█▎        | 3428/25000 [3:07:58 > 29:53]
SOAP:  14%|█▎        | 3429/25000 [3:07:47 > 29:53]
SOAP:  14%|█▎        | 3430/25000 [3:07:36 > 29:54]
SOAP:  14%|█▎        | 3431/25000 [3:07:32 > 29:54]
SOAP:  14%|█▎        | 3432/25000 [3:07:21 > 29:55]
SOAP:  14%|█▎        | 3433/25000 [3:07:15 > 29:56]
SOAP:  14%|█▎        | 3434/25000 [3:07:15 > 29:56]
SOAP:  14%|█▎        | 3435/25000 [3:07:11 > 29:57]
SOAP:  14%|█▎        | 3436/25000 [3:07:14 > 29:57]
SOAP:  14%|█▎        | 3437/25000 [3:07:14 > 29:58]
SOAP:  14%|█▍        | 3438/25000 [3:07:08 > 29:58]
SOAP:  14%|█▍        | 3439/25000 [3:07:16 > 29:59]
SOAP:  14%|█▍        | 3440/25000 [3:07:16 > 29:59]
SOAP:  14%|█▍        | 3441/25000 [3:07:16 > 30:00]
SOAP:  14%|█▍        | 3442/25000 [3:07:16 > 30:00]
SOAP:  14%|█▍        | 3443/25000 [3:07:15 > 30:01]
SOAP:  14%|█▍        | 3444/25000 [3:07:07 > 30:01]
SOAP:  14%|█▍        | 3445/25000 [3:07:12 > 30:02]
SOAP:  14%|█▍        | 3446/25000 [3:07:13 > 30:02]
SOAP:  14%|█▍        | 3447/25000 [3:07:53 > 30:03]
SOAP:  14%|█▍        | 3448/25000 [3:07:40 > 30:03]
SOAP:  14%|█▍        | 3449/25000 [3:07:27 > 30:04]
SOAP:  14%|█▍        | 3450/25000 [3:05:51 > 30:04]
SOAP:  14%|█▍        | 3451/25000 [3:07:35 > 30:05]
SOAP:  14%|█▍        | 3452/25000 [3:07:27 > 30:05]
SOAP:  14%|█▍        | 3453/25000 [3:07:06 > 30:06]
SOAP:  14%|█▍        | 3454/25000 [3:07:21 > 30:06]
SOAP:  14%|█▍        | 3455/25000 [3:07:17 > 30:07]
SOAP:  14%|█▍        | 3456/25000 [3:07:07 > 30:08]
SOAP:  14%|█▍        | 3457/25000 [3:07:02 > 30:08]
SOAP:  14%|█▍        | 3458/25000 [3:07:05 > 30:09]
SOAP:  14%|█▍        | 3459/25000 [3:07:05 > 30:09]
SOAP:  14%|█▍        | 3460/25000 [3:07:07 > 30:10]
SOAP:  14%|█▍        | 3461/25000 [3:07:07 > 30:10]
SOAP:  14%|█▍        | 3462/25000 [3:06:41 > 30:11]
SOAP:  14%|█▍        | 3463/25000 [3:07:17 > 30:11]
SOAP:  14%|█▍        | 3464/25000 [3:07:09 > 30:12]
SOAP:  14%|█▍        | 3465/25000 [3:07:03 > 30:12]
SOAP:  14%|█▍        | 3466/25000 [3:07:02 > 30:13]
SOAP:  14%|█▍        | 3467/25000 [3:07:13 > 30:13]
SOAP:  14%|█▍        | 3468/25000 [3:06:58 > 30:14]
SOAP:  14%|█▍        | 3469/25000 [3:06:55 > 30:14]
SOAP:  14%|█▍        | 3470/25000 [3:07:00 > 30:15]
SOAP:  14%|█▍        | 3471/25000 [3:07:00 > 30:15]
SOAP:  14%|█▍        | 3472/25000 [3:06:56 > 30:16]
SOAP:  14%|█▍        | 3473/25000 [3:06:59 > 30:16]
SOAP:  14%|█▍        | 3474/25000 [3:06:56 > 30:17]
SOAP:  14%|█▍        | 3475/25000 [3:07:04 > 30:17]
SOAP:  14%|█▍        | 3476/25000 [3:06:56 > 30:18]
SOAP:  14%|█▍        | 3477/25000 [3:06:52 > 30:18]
SOAP:  14%|█▍        | 3478/25000 [3:06:51 > 30:19]
SOAP:  14%|█▍        | 3479/25000 [3:06:56 > 30:19]
SOAP:  14%|█▍        | 3480/25000 [3:06:53 > 30:20]
SOAP:  14%|█▍        | 3481/25000 [3:07:02 > 30:21]
SOAP:  14%|█▍        | 3482/25000 [3:06:57 > 30:21]
SOAP:  14%|█▍        | 3483/25000 [3:07:00 > 30:22]
SOAP:  14%|█▍        | 3484/25000 [3:06:57 > 30:22]
SOAP:  14%|█▍        | 3485/25000 [3:06:53 > 30:23]
SOAP:  14%|█▍        | 3486/25000 [3:06:49 > 30:23]
SOAP:  14%|█▍        | 3487/25000 [3:06:43 > 30:24]
SOAP:  14%|█▍        | 3488/25000 [3:06:40 > 30:24]
SOAP:  14%|█▍        | 3489/25000 [3:06:45 > 30:25]
SOAP:  14%|█▍        | 3490/25000 [3:06:39 > 30:25]
SOAP:  14%|█▍        | 3491/25000 [3:06:43 > 30:26]
SOAP:  14%|█▍        | 3492/25000 [3:06:43 > 30:26]
SOAP:  14%|█▍        | 3493/25000 [3:06:43 > 30:27]
SOAP:  14%|█▍        | 3494/25000 [3:06:42 > 30:27]
SOAP:  14%|█▍        | 3495/25000 [3:06:46 > 30:28]
SOAP:  14%|█▍        | 3496/25000 [3:06:47 > 30:28]
SOAP:  14%|█▍        | 3497/25000 [3:06:43 > 30:29]
SOAP:  14%|█▍        | 3498/25000 [3:06:42 > 30:29]
SOAP:  14%|█▍        | 3499/25000 [3:06:45 > 30:30]
SOAP:  14%|█▍        | 3500/25000 [3:06:39 > 30:30]
SOAP:  14%|█▍        | 3501/25000 [3:08:26 > 30:31]
SOAP:  14%|█▍        | 3502/25000 [3:06:58 > 30:31]
SOAP:  14%|█▍        | 3503/25000 [3:06:53 > 30:32]
SOAP:  14%|█▍        | 3504/25000 [3:06:51 > 30:33]
SOAP:  14%|█▍        | 3505/25000 [3:06:37 > 30:33]
SOAP:  14%|█▍        | 3506/25000 [3:06:43 > 30:34]
SOAP:  14%|█▍        | 3507/25000 [3:06:53 > 30:34]
SOAP:  14%|█▍        | 3508/25000 [3:07:15 > 30:35]
SOAP:  14%|█▍        | 3509/25000 [3:06:58 > 30:35]
SOAP:  14%|█▍        | 3510/25000 [3:06:57 > 30:36]
SOAP:  14%|█▍        | 3511/25000 [3:06:46 > 30:36]
SOAP:  14%|█▍        | 3512/25000 [3:06:43 > 30:37]
SOAP:  14%|█▍        | 3513/25000 [3:06:39 > 30:37]
SOAP:  14%|█▍        | 3514/25000 [3:06:43 > 30:38]
SOAP:  14%|█▍        | 3515/25000 [3:06:36 > 30:38]
SOAP:  14%|█▍        | 3516/25000 [3:06:43 > 30:39]
SOAP:  14%|█▍        | 3517/25000 [3:06:40 > 30:39]
SOAP:  14%|█▍        | 3518/25000 [3:06:33 > 30:40]
SOAP:  14%|█▍        | 3519/25000 [3:05:11 > 30:40]
SOAP:  14%|█▍        | 3520/25000 [3:05:36 > 30:41]
SOAP:  14%|█▍        | 3521/25000 [3:05:57 > 30:41]
SOAP:  14%|█▍        | 3522/25000 [3:07:07 > 30:42]
SOAP:  14%|█▍        | 3523/25000 [3:06:41 > 30:42]
SOAP:  14%|█▍        | 3524/25000 [3:06:40 > 30:43]
SOAP:  14%|█▍        | 3525/25000 [3:06:28 > 30:43]
SOAP:  14%|█▍        | 3526/25000 [3:06:24 > 30:44]
SOAP:  14%|█▍        | 3527/25000 [3:06:31 > 30:45]
SOAP:  14%|█▍        | 3528/25000 [3:06:31 > 30:45]
SOAP:  14%|█▍        | 3529/25000 [3:06:33 > 30:46]
SOAP:  14%|█▍        | 3530/25000 [3:06:24 > 30:46]
SOAP:  14%|█▍        | 3531/25000 [3:06:29 > 30:47]
SOAP:  14%|█▍        | 3532/25000 [3:06:30 > 30:47]
SOAP:  14%|█▍        | 3533/25000 [3:06:21 > 30:48]
SOAP:  14%|█▍        | 3534/25000 [3:06:21 > 30:48]
SOAP:  14%|█▍        | 3535/25000 [3:06:25 > 30:49]
SOAP:  14%|█▍        | 3536/25000 [3:06:21 > 30:49]
SOAP:  14%|█▍        | 3537/25000 [3:06:25 > 30:50]
SOAP:  14%|█▍        | 3538/25000 [3:06:19 > 30:50]
SOAP:  14%|█▍        | 3539/25000 [3:06:21 > 30:51]
SOAP:  14%|█▍        | 3540/25000 [3:06:27 > 30:51]
SOAP:  14%|█▍        | 3541/25000 [3:06:24 > 30:52]
SOAP:  14%|█▍        | 3542/25000 [3:06:15 > 30:52]
SOAP:  14%|█▍        | 3543/25000 [3:06:18 > 30:53]
SOAP:  14%|█▍        | 3544/25000 [3:06:17 > 30:53]
SOAP:  14%|█▍        | 3545/25000 [3:06:15 > 30:54]
SOAP:  14%|█▍        | 3546/25000 [3:06:15 > 30:54]
SOAP:  14%|█▍        | 3547/25000 [3:06:22 > 30:55]
SOAP:  14%|█▍        | 3548/25000 [3:04:41 > 30:55]
SOAP:  14%|█▍        | 3549/25000 [3:06:40 > 30:56]
SOAP:  14%|█▍        | 3550/25000 [3:04:40 > 30:56]
SOAP:  14%|█▍        | 3551/25000 [3:05:06 > 30:57]
SOAP:  14%|█▍        | 3552/25000 [3:05:27 > 30:58]
SOAP:  14%|█▍        | 3553/25000 [3:05:55 > 30:58]
SOAP:  14%|█▍        | 3554/25000 [3:05:47 > 30:59]
SOAP:  14%|█▍        | 3555/25000 [3:07:02 > 30:59]
SOAP:  14%|█▍        | 3556/25000 [3:05:28 > 31:00]
SOAP:  14%|█▍        | 3557/25000 [3:05:47 > 31:00]
SOAP:  14%|█▍        | 3558/25000 [3:05:53 > 31:01]
SOAP:  14%|█▍        | 3559/25000 [3:05:59 > 31:01]
SOAP:  14%|█▍        | 3560/25000 [3:05:55 > 31:02]
SOAP:  14%|█▍        | 3561/25000 [3:05:55 > 31:02]
SOAP:  14%|█▍        | 3562/25000 [3:06:06 > 31:03]
SOAP:  14%|█▍        | 3563/25000 [3:05:11 > 31:03]
SOAP:  14%|█▍        | 3564/25000 [3:05:50 > 31:04]
SOAP:  14%|█▍        | 3565/25000 [3:05:53 > 31:04]
SOAP:  14%|█▍        | 3566/25000 [3:06:06 > 31:05]
SOAP:  14%|█▍        | 3567/25000 [3:07:33 > 31:05]
SOAP:  14%|█▍        | 3568/25000 [3:07:09 > 31:06]
SOAP:  14%|█▍        | 3569/25000 [3:06:51 > 31:06]
SOAP:  14%|█▍        | 3570/25000 [3:05:04 > 31:07]
SOAP:  14%|█▍        | 3571/25000 [3:06:54 > 31:07]
SOAP:  14%|█▍        | 3572/25000 [3:06:33 > 31:08]
SOAP:  14%|█▍        | 3573/25000 [3:06:28 > 31:08]
SOAP:  14%|█▍        | 3574/25000 [3:06:07 > 31:09]
SOAP:  14%|█▍        | 3575/25000 [3:04:41 > 31:09]
SOAP:  14%|█▍        | 3576/25000 [3:05:02 > 31:10]
SOAP:  14%|█▍        | 3577/25000 [3:05:23 > 31:11]
SOAP:  14%|█▍        | 3578/25000 [3:05:28 > 31:11]
SOAP:  14%|█▍        | 3579/25000 [3:05:53 > 31:12]
SOAP:  14%|█▍        | 3580/25000 [3:05:46 > 31:12]
SOAP:  14%|█▍        | 3581/25000 [3:06:07 > 31:13]
SOAP:  14%|█▍        | 3582/25000 [3:05:56 > 31:13]
SOAP:  14%|█▍        | 3583/25000 [3:06:21 > 31:14]
SOAP:  14%|█▍        | 3584/25000 [3:07:21 > 31:14]
SOAP:  14%|█▍        | 3585/25000 [3:07:00 > 31:15]
SOAP:  14%|█▍        | 3586/25000 [3:06:16 > 31:15]
SOAP:  14%|█▍        | 3587/25000 [3:07:26 > 31:16]
SOAP:  14%|█▍        | 3588/25000 [3:05:33 > 31:16]
SOAP:  14%|█▍        | 3589/25000 [3:05:51 > 31:17]
SOAP:  14%|█▍        | 3590/25000 [3:06:30 > 31:17]
SOAP:  14%|█▍        | 3591/25000 [3:05:46 > 31:18]
SOAP:  14%|█▍        | 3592/25000 [3:05:25 > 31:18]
SOAP:  14%|█▍        | 3593/25000 [3:05:28 > 31:19]
SOAP:  14%|█▍        | 3594/25000 [3:07:13 > 31:19]
SOAP:  14%|█▍        | 3595/25000 [3:05:27 > 31:20]
SOAP:  14%|█▍        | 3596/25000 [3:06:42 > 31:20]
SOAP:  14%|█▍        | 3597/25000 [3:04:53 > 31:21]
SOAP:  14%|█▍        | 3598/25000 [3:05:45 > 31:21]
SOAP:  14%|█▍        | 3599/25000 [3:05:38 > 31:22]
SOAP:  14%|█▍        | 3600/25000 [3:06:46 > 31:23]
SOAP:  14%|█▍        | 3601/25000 [3:06:49 > 31:23]
SOAP:  14%|█▍        | 3602/25000 [3:07:13 > 31:24]
SOAP:  14%|█▍        | 3603/25000 [3:05:17 > 31:24]
SOAP:  14%|█▍        | 3604/25000 [3:07:01 > 31:25]
SOAP:  14%|█▍        | 3605/25000 [3:05:33 > 31:25]
SOAP:  14%|█▍        | 3606/25000 [3:05:12 > 31:26]
SOAP:  14%|█▍        | 3607/25000 [3:06:51 > 31:26]
SOAP:  14%|█▍        | 3608/25000 [3:05:03 > 31:27]
SOAP:  14%|█▍        | 3609/25000 [3:06:46 > 31:27]
SOAP:  14%|█▍        | 3610/25000 [3:05:34 > 31:28]
SOAP:  14%|█▍        | 3611/25000 [3:05:04 > 31:28]
SOAP:  14%|█▍        | 3612/25000 [3:05:23 > 31:29]
SOAP:  14%|█▍        | 3613/25000 [3:05:40 > 31:29]
SOAP:  14%|█▍        | 3614/25000 [3:05:29 > 31:30]
SOAP:  14%|█▍        | 3615/25000 [3:05:50 > 31:30]
SOAP:  14%|█▍        | 3616/25000 [3:05:28 > 31:31]
SOAP:  14%|█▍        | 3617/25000 [3:05:32 > 31:31]
SOAP:  14%|█▍        | 3618/25000 [3:05:34 > 31:32]
SOAP:  14%|█▍        | 3619/25000 [3:05:33 > 31:32]
SOAP:  14%|█▍        | 3620/25000 [3:05:52 > 31:33]
SOAP:  14%|█▍        | 3621/25000 [3:05:43 > 31:33]
SOAP:  14%|█▍        | 3622/25000 [3:05:59 > 31:34]
SOAP:  14%|█▍        | 3623/25000 [3:06:16 > 31:35]
SOAP:  14%|█▍        | 3624/25000 [3:06:30 > 31:35]
SOAP:  14%|█▍        | 3625/25000 [3:05:32 > 31:36]
SOAP:  15%|█▍        | 3626/25000 [3:05:26 > 31:36]
SOAP:  15%|█▍        | 3627/25000 [3:05:35 > 31:37]
SOAP:  15%|█▍        | 3628/25000 [3:05:32 > 31:37]
SOAP:  15%|█▍        | 3629/25000 [3:05:42 > 31:38]
SOAP:  15%|█▍        | 3630/25000 [3:05:40 > 31:38]
SOAP:  15%|█▍        | 3631/25000 [3:05:51 > 31:39]
SOAP:  15%|█▍        | 3632/25000 [3:07:06 > 31:39]
SOAP:  15%|█▍        | 3633/25000 [3:06:29 > 31:40]
SOAP:  15%|█▍        | 3634/25000 [3:05:29 > 31:40]
SOAP:  15%|█▍        | 3635/25000 [3:04:54 > 31:41]
SOAP:  15%|█▍        | 3636/25000 [3:05:07 > 31:41]
SOAP:  15%|█▍        | 3637/25000 [3:05:11 > 31:42]
SOAP:  15%|█▍        | 3638/25000 [3:05:12 > 31:42]
SOAP:  15%|█▍        | 3639/25000 [3:05:22 > 31:43]
SOAP:  15%|█▍        | 3640/25000 [3:05:30 > 31:43]
SOAP:  15%|█▍        | 3641/25000 [3:06:59 > 31:44]
SOAP:  15%|█▍        | 3642/25000 [3:05:12 > 31:44]
SOAP:  15%|█▍        | 3643/25000 [3:05:03 > 31:45]
SOAP:  15%|█▍        | 3644/25000 [3:05:23 > 31:45]
SOAP:  15%|█▍        | 3645/25000 [3:05:16 > 31:46]
SOAP:  15%|█▍        | 3646/25000 [3:05:43 > 31:47]
SOAP:  15%|█▍        | 3647/25000 [3:06:51 > 31:47]
SOAP:  15%|█▍        | 3648/25000 [3:04:49 > 31:48]
SOAP:  15%|█▍        | 3649/25000 [3:05:11 > 31:48]
SOAP:  15%|█▍        | 3650/25000 [3:05:11 > 31:49]
SOAP:  15%|█▍        | 3651/25000 [3:05:14 > 31:49]
SOAP:  15%|█▍        | 3652/25000 [3:05:21 > 31:50]
SOAP:  15%|█▍        | 3653/25000 [3:05:27 > 31:50]
SOAP:  15%|█▍        | 3654/25000 [3:05:30 > 31:51]
SOAP:  15%|█▍        | 3655/25000 [3:05:22 > 31:51]
SOAP:  15%|█▍        | 3656/25000 [3:05:28 > 31:52]
SOAP:  15%|█▍        | 3657/25000 [3:07:01 > 31:52]
SOAP:  15%|█▍        | 3658/25000 [3:05:29 > 31:53]
SOAP:  15%|█▍        | 3659/25000 [3:05:25 > 31:53]
SOAP:  15%|█▍        | 3660/25000 [3:05:26 > 31:54]
SOAP:  15%|█▍        | 3661/25000 [3:05:33 > 31:54]
SOAP:  15%|█▍        | 3662/25000 [3:05:54 > 31:55]
SOAP:  15%|█▍        | 3663/25000 [3:05:13 > 31:55]
SOAP:  15%|█▍        | 3664/25000 [3:05:17 > 31:56]
SOAP:  15%|█▍        | 3665/25000 [3:05:25 > 31:56]
SOAP:  15%|█▍        | 3666/25000 [3:05:19 > 31:57]
SOAP:  15%|█▍        | 3667/25000 [3:05:23 > 31:57]
SOAP:  15%|█▍        | 3668/25000 [3:05:24 > 31:58]
SOAP:  15%|█▍        | 3669/25000 [3:05:17 > 31:59]
SOAP:  15%|█▍        | 3670/25000 [3:05:01 > 31:59]
SOAP:  15%|█▍        | 3671/25000 [3:05:10 > 32:00]
SOAP:  15%|█▍        | 3672/25000 [3:05:42 > 32:00]
SOAP:  15%|█▍        | 3673/25000 [3:05:04 > 32:01]
SOAP:  15%|█▍        | 3674/25000 [3:05:05 > 32:01]
SOAP:  15%|█▍        | 3675/25000 [3:05:35 > 32:02]
SOAP:  15%|█▍        | 3676/25000 [3:05:01 > 32:02]
SOAP:  15%|█▍        | 3677/25000 [3:05:57 > 32:03]
SOAP:  15%|█▍        | 3678/25000 [3:05:13 > 32:03]
SOAP:  15%|█▍        | 3679/25000 [3:05:02 > 32:04]
SOAP:  15%|█▍        | 3680/25000 [3:05:08 > 32:04]
SOAP:  15%|█▍        | 3681/25000 [3:05:14 > 32:05]
SOAP:  15%|█▍        | 3682/25000 [3:05:07 > 32:05]
SOAP:  15%|█▍        | 3683/25000 [3:05:16 > 32:06]
SOAP:  15%|█▍        | 3684/25000 [3:05:15 > 32:06]
SOAP:  15%|█▍        | 3685/25000 [3:05:09 > 32:07]
SOAP:  15%|█▍        | 3686/25000 [3:06:34 > 32:07]
SOAP:  15%|█▍        | 3687/25000 [3:05:14 > 32:08]
SOAP:  15%|█▍        | 3688/25000 [3:05:10 > 32:08]
SOAP:  15%|█▍        | 3689/25000 [3:05:08 > 32:09]
SOAP:  15%|█▍        | 3690/25000 [3:05:08 > 32:09]
SOAP:  15%|█▍        | 3691/25000 [3:05:14 > 32:10]
SOAP:  15%|█▍        | 3692/25000 [3:05:06 > 32:11]
SOAP:  15%|█▍        | 3693/25000 [3:04:58 > 32:11]
SOAP:  15%|█▍        | 3694/25000 [3:05:03 > 32:12]
SOAP:  15%|█▍        | 3695/25000 [3:05:21 > 32:12]
SOAP:  15%|█▍        | 3696/25000 [3:05:00 > 32:13]
SOAP:  15%|█▍        | 3697/25000 [3:06:40 > 32:13]
SOAP:  15%|█▍        | 3698/25000 [3:05:23 > 32:14]
SOAP:  15%|█▍        | 3699/25000 [3:05:04 > 32:14]
SOAP:  15%|█▍        | 3700/25000 [3:05:12 > 32:15]
SOAP:  15%|█▍        | 3701/25000 [3:06:44 > 32:15]
SOAP:  15%|█▍        | 3702/25000 [3:05:27 > 32:16]
SOAP:  15%|█▍        | 3703/25000 [3:05:17 > 32:16]
SOAP:  15%|█▍        | 3704/25000 [3:05:20 > 32:17]
SOAP:  15%|█▍        | 3705/25000 [3:05:21 > 32:17]
SOAP:  15%|█▍        | 3706/25000 [3:04:51 > 32:18]
SOAP:  15%|█▍        | 3707/25000 [3:04:52 > 32:18]
SOAP:  15%|█▍        | 3708/25000 [3:04:46 > 32:19]
SOAP:  15%|█▍        | 3709/25000 [3:04:47 > 32:19]
SOAP:  15%|█▍        | 3710/25000 [3:06:21 > 32:20]
SOAP:  15%|█▍        | 3711/25000 [3:05:32 > 32:20]
SOAP:  15%|█▍        | 3712/25000 [3:05:14 > 32:21]
SOAP:  15%|█▍        | 3713/25000 [3:03:43 > 32:21]
SOAP:  15%|█▍        | 3714/25000 [3:05:00 > 32:22]
SOAP:  15%|█▍        | 3715/25000 [3:05:32 > 32:23]
SOAP:  15%|█▍        | 3716/25000 [3:05:15 > 32:23]
SOAP:  15%|█▍        | 3717/25000 [3:05:15 > 32:24]
SOAP:  15%|█▍        | 3718/25000 [3:05:08 > 32:24]
SOAP:  15%|█▍        | 3719/25000 [3:05:27 > 32:25]
SOAP:  15%|█▍        | 3720/25000 [3:04:31 > 32:25]
SOAP:  15%|█▍        | 3721/25000 [3:04:54 > 32:26]
SOAP:  15%|█▍        | 3722/25000 [3:04:41 > 32:26]
SOAP:  15%|█▍        | 3723/25000 [3:04:42 > 32:27]
SOAP:  15%|█▍        | 3724/25000 [3:03:20 > 32:27]
SOAP:  15%|█▍        | 3725/25000 [3:05:07 > 32:28]
SOAP:  15%|█▍        | 3726/25000 [3:04:55 > 32:28]
SOAP:  15%|█▍        | 3727/25000 [3:03:23 > 32:29]
SOAP:  15%|█▍        | 3728/25000 [3:03:48 > 32:29]
SOAP:  15%|█▍        | 3729/25000 [3:04:07 > 32:30]
SOAP:  15%|█▍        | 3730/25000 [3:05:56 > 32:30]
SOAP:  15%|█▍        | 3731/25000 [3:05:59 > 32:31]
SOAP:  15%|█▍        | 3732/25000 [3:05:36 > 32:31]
SOAP:  15%|█▍        | 3733/25000 [3:05:22 > 32:32]
SOAP:  15%|█▍        | 3734/25000 [3:03:47 > 32:32]
SOAP:  15%|█▍        | 3735/25000 [3:03:54 > 32:33]
SOAP:  15%|█▍        | 3736/25000 [3:04:20 > 32:33]
SOAP:  15%|█▍        | 3737/25000 [3:04:16 > 32:34]
SOAP:  15%|█▍        | 3738/25000 [3:04:55 > 32:35]
SOAP:  15%|█▍        | 3739/25000 [3:05:48 > 32:35]
SOAP:  15%|█▍        | 3740/25000 [3:05:27 > 32:36]
SOAP:  15%|█▍        | 3741/25000 [3:03:44 > 32:36]
SOAP:  15%|█▍        | 3742/25000 [3:05:24 > 32:37]
SOAP:  15%|█▍        | 3743/25000 [3:05:10 > 32:37]
SOAP:  15%|█▍        | 3744/25000 [3:03:41 > 32:38]
SOAP:  15%|█▍        | 3745/25000 [3:05:20 > 32:38]
SOAP:  15%|█▍        | 3746/25000 [3:05:06 > 32:39]
SOAP:  15%|█▍        | 3747/25000 [3:04:56 > 32:39]
SOAP:  15%|█▍        | 3748/25000 [3:04:48 > 32:40]
SOAP:  15%|█▍        | 3749/25000 [3:04:43 > 32:40]
SOAP:  15%|█▌        | 3750/25000 [3:03:23 > 32:41]
SOAP:  15%|█▌        | 3751/25000 [3:05:09 > 32:41]
SOAP:  15%|█▌        | 3752/25000 [3:03:33 > 32:42]
SOAP:  15%|█▌        | 3753/25000 [3:03:49 > 32:42]
SOAP:  15%|█▌        | 3754/25000 [3:05:35 > 32:43]
SOAP:  15%|█▌        | 3755/25000 [3:03:51 > 32:43]
SOAP:  15%|█▌        | 3756/25000 [3:03:57 > 32:44]
SOAP:  15%|█▌        | 3757/25000 [3:04:40 > 32:44]
SOAP:  15%|█▌        | 3758/25000 [3:05:42 > 32:45]
SOAP:  15%|█▌        | 3759/25000 [3:05:20 > 32:45]
SOAP:  15%|█▌        | 3760/25000 [3:04:57 > 32:46]
SOAP:  15%|█▌        | 3761/25000 [3:04:52 > 32:47]
SOAP:  15%|█▌        | 3762/25000 [3:03:23 > 32:47]
SOAP:  15%|█▌        | 3763/25000 [3:03:44 > 32:48]
SOAP:  15%|█▌        | 3764/25000 [3:03:56 > 32:48]
SOAP:  15%|█▌        | 3765/25000 [3:04:04 > 32:49]
SOAP:  15%|█▌        | 3766/25000 [3:05:25 > 32:49]
SOAP:  15%|█▌        | 3767/25000 [3:05:10 > 32:50]
SOAP:  15%|█▌        | 3768/25000 [3:03:43 > 32:50]
SOAP:  15%|█▌        | 3769/25000 [3:03:49 > 32:51]
SOAP:  15%|█▌        | 3770/25000 [3:04:53 > 32:51]
SOAP:  15%|█▌        | 3771/25000 [3:04:01 > 32:52]
SOAP:  15%|█▌        | 3772/25000 [3:04:57 > 32:52]
SOAP:  15%|█▌        | 3773/25000 [3:04:00 > 32:53]
SOAP:  15%|█▌        | 3774/25000 [3:05:31 > 32:53]
SOAP:  15%|█▌        | 3775/25000 [3:05:14 > 32:54]
SOAP:  15%|█▌        | 3776/25000 [3:04:07 > 32:54]
SOAP:  15%|█▌        | 3777/25000 [3:03:38 > 32:55]
SOAP:  15%|█▌        | 3778/25000 [3:04:05 > 32:55]
SOAP:  15%|█▌        | 3779/25000 [3:04:07 > 32:56]
SOAP:  15%|█▌        | 3780/25000 [3:04:16 > 32:56]
SOAP:  15%|█▌        | 3781/25000 [3:04:10 > 32:57]
SOAP:  15%|█▌        | 3782/25000 [3:03:53 > 32:57]
SOAP:  15%|█▌        | 3783/25000 [3:04:34 > 32:58]
SOAP:  15%|█▌        | 3784/25000 [3:03:52 > 32:58]
SOAP:  15%|█▌        | 3785/25000 [3:04:22 > 32:59]
SOAP:  15%|█▌        | 3786/25000 [3:04:12 > 33:00]
SOAP:  15%|█▌        | 3787/25000 [3:04:11 > 33:00]
SOAP:  15%|█▌        | 3788/25000 [3:04:36 > 33:01]
SOAP:  15%|█▌        | 3789/25000 [3:04:06 > 33:01]
SOAP:  15%|█▌        | 3790/25000 [3:04:07 > 33:02]
SOAP:  15%|█▌        | 3791/25000 [3:04:29 > 33:02]
SOAP:  15%|█▌        | 3792/25000 [3:04:04 > 33:03]
SOAP:  15%|█▌        | 3793/25000 [3:05:25 > 33:03]
SOAP:  15%|█▌        | 3794/25000 [3:05:32 > 33:04]
SOAP:  15%|█▌        | 3795/25000 [3:03:43 > 33:04]
SOAP:  15%|█▌        | 3796/25000 [3:04:01 > 33:05]
SOAP:  15%|█▌        | 3797/25000 [3:03:55 > 33:05]
SOAP:  15%|█▌        | 3798/25000 [3:03:58 > 33:06]
SOAP:  15%|█▌        | 3799/25000 [3:04:05 > 33:06]
SOAP:  15%|█▌        | 3800/25000 [3:04:03 > 33:07]
SOAP:  15%|█▌        | 3801/25000 [3:06:25 > 33:07]
SOAP:  15%|█▌        | 3802/25000 [3:04:42 > 33:08]
SOAP:  15%|█▌        | 3803/25000 [3:04:24 > 33:08]
SOAP:  15%|█▌        | 3804/25000 [3:04:38 > 33:09]
SOAP:  15%|█▌        | 3805/25000 [3:04:07 > 33:09]
SOAP:  15%|█▌        | 3806/25000 [3:04:22 > 33:10]
SOAP:  15%|█▌        | 3807/25000 [3:05:36 > 33:10]
SOAP:  15%|█▌        | 3808/25000 [3:04:08 > 33:11]
SOAP:  15%|█▌        | 3809/25000 [3:04:16 > 33:12]
SOAP:  15%|█▌        | 3810/25000 [3:03:53 > 33:12]
SOAP:  15%|█▌        | 3811/25000 [3:04:00 > 33:13]
SOAP:  15%|█▌        | 3812/25000 [3:04:01 > 33:13]
SOAP:  15%|█▌        | 3813/25000 [3:04:05 > 33:14]
SOAP:  15%|█▌        | 3814/25000 [3:05:01 > 33:14]
SOAP:  15%|█▌        | 3815/25000 [3:04:52 > 33:15]
SOAP:  15%|█▌        | 3816/25000 [3:03:32 > 33:15]
SOAP:  15%|█▌        | 3817/25000 [3:05:23 > 33:16]
SOAP:  15%|█▌        | 3818/25000 [3:03:52 > 33:16]
SOAP:  15%|█▌        | 3819/25000 [3:04:02 > 33:17]
SOAP:  15%|█▌        | 3820/25000 [3:05:10 > 33:17]
SOAP:  15%|█▌        | 3821/25000 [3:04:01 > 33:18]
SOAP:  15%|█▌        | 3822/25000 [3:03:48 > 33:18]
SOAP:  15%|█▌        | 3823/25000 [3:03:55 > 33:19]
SOAP:  15%|█▌        | 3824/25000 [3:04:46 > 33:19]
SOAP:  15%|█▌        | 3825/25000 [3:05:07 > 33:20]
SOAP:  15%|█▌        | 3826/25000 [3:03:42 > 33:20]
SOAP:  15%|█▌        | 3827/25000 [3:03:33 > 33:21]
SOAP:  15%|█▌        | 3828/25000 [3:03:42 > 33:21]
SOAP:  15%|█▌        | 3829/25000 [3:03:58 > 33:22]
SOAP:  15%|█▌        | 3830/25000 [3:03:56 > 33:22]
SOAP:  15%|█▌        | 3831/25000 [3:03:42 > 33:23]
SOAP:  15%|█▌        | 3832/25000 [3:03:44 > 33:24]
SOAP:  15%|█▌        | 3833/25000 [3:03:43 > 33:24]
SOAP:  15%|█▌        | 3834/25000 [3:03:47 > 33:25]
SOAP:  15%|█▌        | 3835/25000 [3:04:45 > 33:25]
SOAP:  15%|█▌        | 3836/25000 [3:03:36 > 33:26]
SOAP:  15%|█▌        | 3837/25000 [3:05:07 > 33:26]
SOAP:  15%|█▌        | 3838/25000 [3:04:50 > 33:27]
SOAP:  15%|█▌        | 3839/25000 [3:03:08 > 33:27]
SOAP:  15%|█▌        | 3840/25000 [3:04:37 > 33:28]
SOAP:  15%|█▌        | 3841/25000 [3:03:59 > 33:28]
SOAP:  15%|█▌        | 3842/25000 [3:02:32 > 33:29]
SOAP:  15%|█▌        | 3843/25000 [3:04:23 > 33:29]
SOAP:  15%|█▌        | 3844/25000 [3:04:15 > 33:30]
SOAP:  15%|█▌        | 3845/25000 [3:04:05 > 33:30]
SOAP:  15%|█▌        | 3846/25000 [3:04:01 > 33:31]
SOAP:  15%|█▌        | 3847/25000 [3:02:22 > 33:31]
SOAP:  15%|█▌        | 3848/25000 [3:04:08 > 33:32]
SOAP:  15%|█▌        | 3849/25000 [3:04:05 > 33:32]
SOAP:  15%|█▌        | 3850/25000 [3:03:56 > 33:33]
SOAP:  15%|█▌        | 3851/25000 [3:02:08 > 33:33]
SOAP:  15%|█▌        | 3852/25000 [3:03:56 > 33:34]
SOAP:  15%|█▌        | 3853/25000 [3:02:35 > 33:34]
SOAP:  15%|█▌        | 3854/25000 [3:04:19 > 33:35]
SOAP:  15%|█▌        | 3855/25000 [3:04:12 > 33:36]
SOAP:  15%|█▌        | 3856/25000 [3:04:05 > 33:36]
SOAP:  15%|█▌        | 3857/25000 [3:03:54 > 33:37]
SOAP:  15%|█▌        | 3858/25000 [3:03:39 > 33:37]
SOAP:  15%|█▌        | 3859/25000 [3:03:31 > 33:38]
SOAP:  15%|█▌        | 3860/25000 [3:03:33 > 33:38]
SOAP:  15%|█▌        | 3861/25000 [3:03:41 > 33:39]
SOAP:  15%|█▌        | 3862/25000 [3:03:34 > 33:39]
SOAP:  15%|█▌        | 3863/25000 [3:03:30 > 33:40]
SOAP:  15%|█▌        | 3864/25000 [3:03:26 > 33:40]
SOAP:  15%|█▌        | 3865/25000 [3:03:36 > 33:41]
SOAP:  15%|█▌        | 3866/25000 [3:03:16 > 33:41]
SOAP:  15%|█▌        | 3867/25000 [3:03:21 > 33:42]
SOAP:  15%|█▌        | 3868/25000 [3:03:21 > 33:42]
SOAP:  15%|█▌        | 3869/25000 [3:03:29 > 33:43]
SOAP:  15%|█▌        | 3870/25000 [3:03:30 > 33:43]
SOAP:  15%|█▌        | 3871/25000 [3:03:50 > 33:44]
SOAP:  15%|█▌        | 3872/25000 [3:04:09 > 33:44]
SOAP:  15%|█▌        | 3873/25000 [3:03:52 > 33:45]
SOAP:  15%|█▌        | 3874/25000 [3:03:50 > 33:45]
SOAP:  16%|█▌        | 3875/25000 [3:03:40 > 33:46]
SOAP:  16%|█▌        | 3876/25000 [3:03:37 > 33:46]
SOAP:  16%|█▌        | 3877/25000 [3:03:30 > 33:47]
SOAP:  16%|█▌        | 3878/25000 [3:01:59 > 33:48]
SOAP:  16%|█▌        | 3879/25000 [3:03:53 > 33:48]
SOAP:  16%|█▌        | 3880/25000 [3:03:41 > 33:49]
SOAP:  16%|█▌        | 3881/25000 [3:03:41 > 33:49]
SOAP:  16%|█▌        | 3882/25000 [3:03:45 > 33:50]
SOAP:  16%|█▌        | 3883/25000 [3:04:20 > 33:50]
SOAP:  16%|█▌        | 3884/25000 [3:04:38 > 33:51]
SOAP:  16%|█▌        | 3885/25000 [3:03:08 > 33:51]
SOAP:  16%|█▌        | 3886/25000 [3:04:59 > 33:52]
SOAP:  16%|█▌        | 3887/25000 [3:04:20 > 33:52]
SOAP:  16%|█▌        | 3888/25000 [3:05:09 > 33:53]
SOAP:  16%|█▌        | 3889/25000 [3:04:57 > 33:53]
SOAP:  16%|█▌        | 3890/25000 [3:04:59 > 33:54]
SOAP:  16%|█▌        | 3891/25000 [3:05:03 > 33:54]
SOAP:  16%|█▌        | 3892/25000 [3:05:13 > 33:55]
SOAP:  16%|█▌        | 3893/25000 [3:04:23 > 33:55]
SOAP:  16%|█▌        | 3894/25000 [3:03:06 > 33:56]
SOAP:  16%|█▌        | 3895/25000 [3:03:16 > 33:56]
SOAP:  16%|█▌        | 3896/25000 [3:03:15 > 33:57]
SOAP:  16%|█▌        | 3897/25000 [3:03:17 > 33:57]
SOAP:  16%|█▌        | 3898/25000 [3:05:07 > 33:58]
SOAP:  16%|█▌        | 3899/25000 [3:04:59 > 33:59]
SOAP:  16%|█▌        | 3900/25000 [3:05:04 > 33:59]
SOAP:  16%|█▌        | 3901/25000 [3:06:02 > 34:00]
SOAP:  16%|█▌        | 3902/25000 [3:04:13 > 34:00]
SOAP:  16%|█▌        | 3903/25000 [3:05:34 > 34:01]
SOAP:  16%|█▌        | 3904/25000 [3:05:30 > 34:01]
SOAP:  16%|█▌        | 3905/25000 [3:05:34 > 34:02]
SOAP:  16%|█▌        | 3906/25000 [3:05:23 > 34:02]
SOAP:  16%|█▌        | 3907/25000 [3:03:57 > 34:03]
SOAP:  16%|█▌        | 3908/25000 [3:05:06 > 34:03]
SOAP:  16%|█▌        | 3909/25000 [3:03:02 > 34:04]
SOAP:  16%|█▌        | 3910/25000 [3:04:46 > 34:04]
SOAP:  16%|█▌        | 3911/25000 [3:04:55 > 34:05]
SOAP:  16%|█▌        | 3912/25000 [3:05:01 > 34:05]
SOAP:  16%|█▌        | 3913/25000 [3:04:58 > 34:06]
SOAP:  16%|█▌        | 3914/25000 [3:05:03 > 34:06]
SOAP:  16%|█▌        | 3915/25000 [3:04:54 > 34:07]
SOAP:  16%|█▌        | 3916/25000 [3:05:00 > 34:07]
SOAP:  16%|█▌        | 3917/25000 [3:05:01 > 34:08]
SOAP:  16%|█▌        | 3918/25000 [3:05:04 > 34:09]
SOAP:  16%|█▌        | 3919/25000 [3:04:57 > 34:09]
SOAP:  16%|█▌        | 3920/25000 [3:05:01 > 34:10]
SOAP:  16%|█▌        | 3921/25000 [3:04:55 > 34:10]
SOAP:  16%|█▌        | 3922/25000 [3:05:03 > 34:11]
SOAP:  16%|█▌        | 3923/25000 [3:05:11 > 34:11]
SOAP:  16%|█▌        | 3924/25000 [3:05:06 > 34:12]
SOAP:  16%|█▌        | 3925/25000 [3:04:59 > 34:12]
SOAP:  16%|█▌        | 3926/25000 [3:04:46 > 34:13]
SOAP:  16%|█▌        | 3927/25000 [3:04:21 > 34:13]
SOAP:  16%|█▌        | 3928/25000 [3:04:34 > 34:14]
SOAP:  16%|█▌        | 3929/25000 [3:04:43 > 34:14]
SOAP:  16%|█▌        | 3930/25000 [3:04:50 > 34:15]
SOAP:  16%|█▌        | 3931/25000 [3:04:46 > 34:15]
SOAP:  16%|█▌        | 3932/25000 [3:04:51 > 34:16]
SOAP:  16%|█▌        | 3933/25000 [3:04:56 > 34:16]
SOAP:  16%|█▌        | 3934/25000 [3:05:00 > 34:17]
SOAP:  16%|█▌        | 3935/25000 [3:04:56 > 34:17]
SOAP:  16%|█▌        | 3936/25000 [3:04:54 > 34:18]
SOAP:  16%|█▌        | 3937/25000 [3:05:02 > 34:19]
SOAP:  16%|█▌        | 3938/25000 [3:04:48 > 34:19]
SOAP:  16%|█▌        | 3939/25000 [3:04:46 > 34:20]
SOAP:  16%|█▌        | 3940/25000 [3:04:54 > 34:20]
SOAP:  16%|█▌        | 3941/25000 [3:04:52 > 34:21]
SOAP:  16%|█▌        | 3942/25000 [3:04:49 > 34:21]
SOAP:  16%|█▌        | 3943/25000 [3:04:53 > 34:22]
SOAP:  16%|█▌        | 3944/25000 [3:04:59 > 34:22]
SOAP:  16%|█▌        | 3945/25000 [3:04:58 > 34:23]
SOAP:  16%|█▌        | 3946/25000 [3:04:48 > 34:23]
SOAP:  16%|█▌        | 3947/25000 [3:04:13 > 34:24]
SOAP:  16%|█▌        | 3948/25000 [3:04:45 > 34:24]
SOAP:  16%|█▌        | 3949/25000 [3:04:48 > 34:25]
SOAP:  16%|█▌        | 3950/25000 [3:04:59 > 34:25]
SOAP:  16%|█▌        | 3951/25000 [3:04:57 > 34:26]
SOAP:  16%|█▌        | 3952/25000 [3:04:54 > 34:26]
SOAP:  16%|█▌        | 3953/25000 [3:04:47 > 34:27]
SOAP:  16%|█▌        | 3954/25000 [3:04:47 > 34:27]
SOAP:  16%|█▌        | 3955/25000 [3:05:35 > 34:28]
SOAP:  16%|█▌        | 3956/25000 [3:04:46 > 34:29]
SOAP:  16%|█▌        | 3957/25000 [3:04:40 > 34:29]
SOAP:  16%|█▌        | 3958/25000 [3:04:41 > 34:30]
SOAP:  16%|█▌        | 3959/25000 [3:04:41 > 34:30]
SOAP:  16%|█▌        | 3960/25000 [3:04:41 > 34:31]
SOAP:  16%|█▌        | 3961/25000 [3:04:43 > 34:31]
SOAP:  16%|█▌        | 3962/25000 [3:04:37 > 34:32]
SOAP:  16%|█▌        | 3963/25000 [3:04:30 > 34:32]
SOAP:  16%|█▌        | 3964/25000 [3:03:37 > 34:33]
SOAP:  16%|█▌        | 3965/25000 [3:03:47 > 34:33]
SOAP:  16%|█▌        | 3966/25000 [3:02:27 > 34:34]
SOAP:  16%|█▌        | 3967/25000 [3:04:06 > 34:34]
SOAP:  16%|█▌        | 3968/25000 [3:03:53 > 34:35]
SOAP:  16%|█▌        | 3969/25000 [3:04:04 > 34:35]
SOAP:  16%|█▌        | 3970/25000 [3:04:12 > 34:36]
SOAP:  16%|█▌        | 3971/25000 [3:04:19 > 34:36]
SOAP:  16%|█▌        | 3972/25000 [3:04:35 > 34:37]
SOAP:  16%|█▌        | 3973/25000 [3:04:32 > 34:37]
SOAP:  16%|█▌        | 3974/25000 [3:04:27 > 34:38]
SOAP:  16%|█▌        | 3975/25000 [3:04:30 > 34:39]
SOAP:  16%|█▌        | 3976/25000 [3:04:32 > 34:39]
SOAP:  16%|█▌        | 3977/25000 [3:04:41 > 34:40]
SOAP:  16%|█▌        | 3978/25000 [3:04:36 > 34:40]
SOAP:  16%|█▌        | 3979/25000 [3:04:37 > 34:41]
SOAP:  16%|█▌        | 3980/25000 [3:04:37 > 34:41]
SOAP:  16%|█▌        | 3981/25000 [3:04:44 > 34:42]
SOAP:  16%|█▌        | 3982/25000 [3:04:30 > 34:42]
SOAP:  16%|█▌        | 3983/25000 [3:04:34 > 34:43]
SOAP:  16%|█▌        | 3984/25000 [3:04:23 > 34:43]
SOAP:  16%|█▌        | 3985/25000 [3:04:21 > 34:44]
SOAP:  16%|█▌        | 3986/25000 [3:04:20 > 34:44]
SOAP:  16%|█▌        | 3987/25000 [3:04:31 > 34:45]
SOAP:  16%|█▌        | 3988/25000 [3:04:29 > 34:45]
SOAP:  16%|█▌        | 3989/25000 [3:04:23 > 34:46]
SOAP:  16%|█▌        | 3990/25000 [3:04:23 > 34:46]
SOAP:  16%|█▌        | 3991/25000 [3:04:26 > 34:47]
SOAP:  16%|█▌        | 3992/25000 [3:04:29 > 34:47]
SOAP:  16%|█▌        | 3993/25000 [3:04:34 > 34:48]
SOAP:  16%|█▌        | 3994/25000 [3:04:29 > 34:49]
SOAP:  16%|█▌        | 3995/25000 [3:04:25 > 34:49]
SOAP:  16%|█▌        | 3996/25000 [3:04:21 > 34:50]
SOAP:  16%|█▌        | 3997/25000 [3:04:20 > 34:50]
SOAP:  16%|█▌        | 3998/25000 [3:04:24 > 34:51]
SOAP:  16%|█▌        | 3999/25000 [3:04:27 > 34:51]
SOAP:  16%|█▌        | 4000/25000 [3:04:26 > 34:52]
SOAP:  16%|█▌        | 4001/25000 [3:05:11 > 34:52]
SOAP:  16%|█▌        | 4002/25000 [3:04:59 > 34:53]
SOAP:  16%|█▌        | 4003/25000 [3:04:46 > 34:53]
SOAP:  16%|█▌        | 4004/25000 [3:04:50 > 34:54]
SOAP:  16%|█▌        | 4005/25000 [3:04:36 > 34:54]
SOAP:  16%|█▌        | 4006/25000 [3:04:30 > 34:55]
SOAP:  16%|█▌        | 4007/25000 [3:04:19 > 34:55]
SOAP:  16%|█▌        | 4008/25000 [3:04:14 > 34:56]
SOAP:  16%|█▌        | 4009/25000 [3:04:14 > 34:56]
SOAP:  16%|█▌        | 4010/25000 [3:04:15 > 34:57]
SOAP:  16%|█▌        | 4011/25000 [3:04:09 > 34:57]
SOAP:  16%|█▌        | 4012/25000 [3:04:21 > 34:58]
SOAP:  16%|█▌        | 4013/25000 [3:04:17 > 34:59]
SOAP:  16%|█▌        | 4014/25000 [3:04:15 > 34:59]
SOAP:  16%|█▌        | 4015/25000 [3:04:12 > 35:00]
SOAP:  16%|█▌        | 4016/25000 [3:04:12 > 35:00]
SOAP:  16%|█▌        | 4017/25000 [3:04:17 > 35:01]
SOAP:  16%|█▌        | 4018/25000 [3:04:21 > 35:01]
SOAP:  16%|█▌        | 4019/25000 [3:04:19 > 35:02]
SOAP:  16%|█▌        | 4020/25000 [3:04:04 > 35:02]
SOAP:  16%|█▌        | 4021/25000 [3:03:45 > 35:03]
SOAP:  16%|█▌        | 4022/25000 [3:03:51 > 35:03]
SOAP:  16%|█▌        | 4023/25000 [3:03:53 > 35:04]
SOAP:  16%|█▌        | 4024/25000 [3:03:59 > 35:04]
SOAP:  16%|█▌        | 4025/25000 [3:04:02 > 35:05]
SOAP:  16%|█▌        | 4026/25000 [3:04:08 > 35:05]
SOAP:  16%|█▌        | 4027/25000 [3:03:57 > 35:06]
SOAP:  16%|█▌        | 4028/25000 [3:04:03 > 35:06]
SOAP:  16%|█▌        | 4029/25000 [3:04:01 > 35:07]
SOAP:  16%|█▌        | 4030/25000 [3:03:56 > 35:07]
SOAP:  16%|█▌        | 4031/25000 [3:04:03 > 35:08]
SOAP:  16%|█▌        | 4032/25000 [3:04:02 > 35:09]
SOAP:  16%|█▌        | 4033/25000 [3:03:56 > 35:09]
SOAP:  16%|█▌        | 4034/25000 [3:04:01 > 35:10]
SOAP:  16%|█▌        | 4035/25000 [3:03:51 > 35:10]
SOAP:  16%|█▌        | 4036/25000 [3:04:02 > 35:11]
SOAP:  16%|█▌        | 4037/25000 [3:04:10 > 35:11]
SOAP:  16%|█▌        | 4038/25000 [3:04:07 > 35:12]
SOAP:  16%|█▌        | 4039/25000 [3:04:01 > 35:12]
SOAP:  16%|█▌        | 4040/25000 [3:04:02 > 35:13]
SOAP:  16%|█▌        | 4041/25000 [3:04:03 > 35:13]
SOAP:  16%|█▌        | 4042/25000 [3:04:07 > 35:14]
SOAP:  16%|█▌        | 4043/25000 [3:03:31 > 35:14]
SOAP:  16%|█▌        | 4044/25000 [3:03:54 > 35:15]
SOAP:  16%|█▌        | 4045/25000 [3:03:49 > 35:15]
SOAP:  16%|█▌        | 4046/25000 [3:03:52 > 35:16]
SOAP:  16%|█▌        | 4047/25000 [3:03:56 > 35:16]
SOAP:  16%|█▌        | 4048/25000 [3:04:03 > 35:17]
SOAP:  16%|█▌        | 4049/25000 [3:03:57 > 35:18]
SOAP:  16%|█▌        | 4050/25000 [3:03:56 > 35:18]
SOAP:  16%|█▌        | 4051/25000 [3:03:57 > 35:19]
SOAP:  16%|█▌        | 4052/25000 [3:03:57 > 35:19]
SOAP:  16%|█▌        | 4053/25000 [3:03:53 > 35:20]
SOAP:  16%|█▌        | 4054/25000 [3:03:51 > 35:20]
SOAP:  16%|█▌        | 4055/25000 [3:03:48 > 35:21]
SOAP:  16%|█▌        | 4056/25000 [3:03:48 > 35:21]
SOAP:  16%|█▌        | 4057/25000 [3:03:51 > 35:22]
SOAP:  16%|█▌        | 4058/25000 [3:04:01 > 35:22]
SOAP:  16%|█▌        | 4059/25000 [3:03:58 > 35:23]
SOAP:  16%|█▌        | 4060/25000 [3:03:49 > 35:23]
SOAP:  16%|█▌        | 4061/25000 [3:03:52 > 35:24]
SOAP:  16%|█▌        | 4062/25000 [3:02:16 > 35:24]
SOAP:  16%|█▋        | 4063/25000 [3:03:43 > 35:25]
SOAP:  16%|█▋        | 4064/25000 [3:03:52 > 35:25]
SOAP:  16%|█▋        | 4065/25000 [3:03:53 > 35:26]
SOAP:  16%|█▋        | 4066/25000 [3:03:50 > 35:26]
SOAP:  16%|█▋        | 4067/25000 [3:03:29 > 35:27]
SOAP:  16%|█▋        | 4068/25000 [3:03:21 > 35:28]
SOAP:  16%|█▋        | 4069/25000 [3:03:24 > 35:28]
SOAP:  16%|█▋        | 4070/25000 [3:03:31 > 35:29]
SOAP:  16%|█▋        | 4071/25000 [3:03:34 > 35:29]
SOAP:  16%|█▋        | 4072/25000 [3:03:47 > 35:30]
SOAP:  16%|█▋        | 4073/25000 [3:03:44 > 35:30]
SOAP:  16%|█▋        | 4074/25000 [3:03:34 > 35:31]
SOAP:  16%|█▋        | 4075/25000 [3:03:25 > 35:31]
SOAP:  16%|█▋        | 4076/25000 [3:03:33 > 35:32]
SOAP:  16%|█▋        | 4077/25000 [3:03:33 > 35:32]
SOAP:  16%|█▋        | 4078/25000 [3:03:44 > 35:33]
SOAP:  16%|█▋        | 4079/25000 [3:03:35 > 35:33]
SOAP:  16%|█▋        | 4080/25000 [3:03:38 > 35:34]
SOAP:  16%|█▋        | 4081/25000 [3:03:39 > 35:34]
SOAP:  16%|█▋        | 4082/25000 [3:03:43 > 35:35]
SOAP:  16%|█▋        | 4083/25000 [3:03:48 > 35:35]
SOAP:  16%|█▋        | 4084/25000 [3:03:41 > 35:36]
SOAP:  16%|█▋        | 4085/25000 [3:03:38 > 35:36]
SOAP:  16%|█▋        | 4086/25000 [3:02:05 > 35:37]
SOAP:  16%|█▋        | 4087/25000 [3:03:39 > 35:38]
SOAP:  16%|█▋        | 4088/25000 [3:03:33 > 35:38]
SOAP:  16%|█▋        | 4089/25000 [3:03:36 > 35:39]
SOAP:  16%|█▋        | 4090/25000 [3:03:43 > 35:39]
SOAP:  16%|█▋        | 4091/25000 [3:03:36 > 35:40]
SOAP:  16%|█▋        | 4092/25000 [3:03:33 > 35:40]
SOAP:  16%|█▋        | 4093/25000 [3:03:34 > 35:41]
SOAP:  16%|█▋        | 4094/25000 [3:03:35 > 35:41]
SOAP:  16%|█▋        | 4095/25000 [3:03:36 > 35:42]
SOAP:  16%|█▋        | 4096/25000 [3:03:34 > 35:42]
SOAP:  16%|█▋        | 4097/25000 [3:03:28 > 35:43]
SOAP:  16%|█▋        | 4098/25000 [3:03:26 > 35:43]
SOAP:  16%|█▋        | 4099/25000 [3:03:24 > 35:44]
SOAP:  16%|█▋        | 4100/25000 [3:03:27 > 35:44]
SOAP:  16%|█▋        | 4101/25000 [3:04:19 > 35:45]
SOAP:  16%|█▋        | 4102/25000 [3:04:14 > 35:45]
SOAP:  16%|█▋        | 4103/25000 [3:03:55 > 35:46]
SOAP:  16%|█▋        | 4104/25000 [3:03:48 > 35:46]
SOAP:  16%|█▋        | 4105/25000 [3:03:38 > 35:47]
SOAP:  16%|█▋        | 4106/25000 [3:03:39 > 35:48]
SOAP:  16%|█▋        | 4107/25000 [3:03:36 > 35:48]
SOAP:  16%|█▋        | 4108/25000 [3:03:34 > 35:49]
SOAP:  16%|█▋        | 4109/25000 [3:03:26 > 35:49]
SOAP:  16%|█▋        | 4110/25000 [3:03:19 > 35:50]
SOAP:  16%|█▋        | 4111/25000 [3:03:15 > 35:50]
SOAP:  16%|█▋        | 4112/25000 [3:03:17 > 35:51]
SOAP:  16%|█▋        | 4113/25000 [3:03:10 > 35:51]
SOAP:  16%|█▋        | 4114/25000 [3:03:19 > 35:52]
SOAP:  16%|█▋        | 4115/25000 [3:03:17 > 35:52]
SOAP:  16%|█▋        | 4116/25000 [3:03:27 > 35:53]
SOAP:  16%|█▋        | 4117/25000 [3:03:21 > 35:53]
SOAP:  16%|█▋        | 4118/25000 [3:03:19 > 35:54]
SOAP:  16%|█▋        | 4119/25000 [3:03:12 > 35:54]
SOAP:  16%|█▋        | 4120/25000 [3:03:13 > 35:55]
SOAP:  16%|█▋        | 4121/25000 [3:03:17 > 35:55]
SOAP:  16%|█▋        | 4122/25000 [3:03:11 > 35:56]
SOAP:  16%|█▋        | 4123/25000 [3:03:09 > 35:56]
SOAP:  16%|█▋        | 4124/25000 [3:03:14 > 35:57]
SOAP:  16%|█▋        | 4125/25000 [3:03:16 > 35:58]
SOAP:  17%|█▋        | 4126/25000 [3:03:23 > 35:58]
SOAP:  17%|█▋        | 4127/25000 [3:03:20 > 35:59]
SOAP:  17%|█▋        | 4128/25000 [3:03:15 > 35:59]
SOAP:  17%|█▋        | 4129/25000 [3:03:22 > 36:00]
SOAP:  17%|█▋        | 4130/25000 [3:03:08 > 36:00]
SOAP:  17%|█▋        | 4131/25000 [3:03:19 > 36:01]
SOAP:  17%|█▋        | 4132/25000 [3:03:13 > 36:01]
SOAP:  17%|█▋        | 4133/25000 [3:03:10 > 36:02]
SOAP:  17%|█▋        | 4134/25000 [3:03:10 > 36:02]
SOAP:  17%|█▋        | 4135/25000 [3:02:58 > 36:03]
SOAP:  17%|█▋        | 4136/25000 [3:02:41 > 36:03]
SOAP:  17%|█▋        | 4137/25000 [3:02:50 > 36:04]
SOAP:  17%|█▋        | 4138/25000 [3:02:58 > 36:04]
SOAP:  17%|█▋        | 4139/25000 [3:01:38 > 36:05]
SOAP:  17%|█▋        | 4140/25000 [3:02:51 > 36:05]
SOAP:  17%|█▋        | 4141/25000 [3:02:52 > 36:06]
SOAP:  17%|█▋        | 4142/25000 [3:03:01 > 36:06]
SOAP:  17%|█▋        | 4143/25000 [3:02:54 > 36:07]
SOAP:  17%|█▋        | 4144/25000 [3:02:56 > 36:08]
SOAP:  17%|█▋        | 4145/25000 [3:02:53 > 36:08]
SOAP:  17%|█▋        | 4146/25000 [3:02:57 > 36:09]
SOAP:  17%|█▋        | 4147/25000 [3:03:03 > 36:09]
SOAP:  17%|█▋        | 4148/25000 [3:03:02 > 36:10]
SOAP:  17%|█▋        | 4149/25000 [3:02:57 > 36:10]
SOAP:  17%|█▋        | 4150/25000 [3:02:58 > 36:11]
SOAP:  17%|█▋        | 4151/25000 [3:03:00 > 36:11]
SOAP:  17%|█▋        | 4152/25000 [3:02:47 > 36:12]
SOAP:  17%|█▋        | 4153/25000 [3:02:09 > 36:12]
SOAP:  17%|█▋        | 4154/25000 [3:01:58 > 36:13]
SOAP:  17%|█▋        | 4155/25000 [3:01:36 > 36:13]
SOAP:  17%|█▋        | 4156/25000 [3:01:30 > 36:14]
SOAP:  17%|█▋        | 4157/25000 [3:01:19 > 36:14]
SOAP:  17%|█▋        | 4158/25000 [3:01:16 > 36:15]
SOAP:  17%|█▋        | 4159/25000 [3:01:21 > 36:15]
SOAP:  17%|█▋        | 4160/25000 [3:01:33 > 36:16]
SOAP:  17%|█▋        | 4161/25000 [3:01:25 > 36:16]
SOAP:  17%|█▋        | 4162/25000 [3:01:12 > 36:17]
SOAP:  17%|█▋        | 4163/25000 [3:01:09 > 36:17]
SOAP:  17%|█▋        | 4164/25000 [3:00:57 > 36:18]
SOAP:  17%|█▋        | 4165/25000 [3:01:00 > 36:19]
SOAP:  17%|█▋        | 4166/25000 [3:00:57 > 36:19]
SOAP:  17%|█▋        | 4167/25000 [3:00:57 > 36:20]
SOAP:  17%|█▋        | 4168/25000 [2:59:34 > 36:20]
SOAP:  17%|█▋        | 4169/25000 [2:59:51 > 36:21]
SOAP:  17%|█▋        | 4170/25000 [3:00:12 > 36:21]
SOAP:  17%|█▋        | 4171/25000 [3:00:24 > 36:22]
SOAP:  17%|█▋        | 4172/25000 [3:01:59 > 36:22]
SOAP:  17%|█▋        | 4173/25000 [3:01:37 > 36:23]
SOAP:  17%|█▋        | 4174/25000 [3:01:17 > 36:23]
SOAP:  17%|█▋        | 4175/25000 [3:01:07 > 36:24]
SOAP:  17%|█▋        | 4176/25000 [3:01:01 > 36:24]
SOAP:  17%|█▋        | 4177/25000 [3:00:57 > 36:25]
SOAP:  17%|█▋        | 4178/25000 [3:00:49 > 36:25]
SOAP:  17%|█▋        | 4179/25000 [3:00:48 > 36:26]
SOAP:  17%|█▋        | 4180/25000 [3:00:43 > 36:26]
SOAP:  17%|█▋        | 4181/25000 [3:00:48 > 36:27]
SOAP:  17%|█▋        | 4182/25000 [3:00:52 > 36:27]
SOAP:  17%|█▋        | 4183/25000 [3:00:53 > 36:28]
SOAP:  17%|█▋        | 4184/25000 [3:00:50 > 36:28]
SOAP:  17%|█▋        | 4185/25000 [3:00:47 > 36:29]
SOAP:  17%|█▋        | 4186/25000 [3:00:47 > 36:29]
SOAP:  17%|█▋        | 4187/25000 [3:00:40 > 36:30]
SOAP:  17%|█▋        | 4188/25000 [3:00:39 > 36:30]
SOAP:  17%|█▋        | 4189/25000 [3:00:43 > 36:31]
SOAP:  17%|█▋        | 4190/25000 [3:00:48 > 36:32]
SOAP:  17%|█▋        | 4191/25000 [3:00:39 > 36:32]
SOAP:  17%|█▋        | 4192/25000 [3:00:48 > 36:33]
SOAP:  17%|█▋        | 4193/25000 [3:00:45 > 36:33]
SOAP:  17%|█▋        | 4194/25000 [2:59:17 > 36:34]
SOAP:  17%|█▋        | 4195/25000 [3:01:13 > 36:34]
SOAP:  17%|█▋        | 4196/25000 [3:01:15 > 36:35]
SOAP:  17%|█▋        | 4197/25000 [2:59:32 > 36:35]
SOAP:  17%|█▋        | 4198/25000 [3:01:18 > 36:36]
SOAP:  17%|█▋        | 4199/25000 [3:01:04 > 36:36]
SOAP:  17%|█▋        | 4200/25000 [3:00:55 > 36:37]
SOAP:  17%|█▋        | 4201/25000 [3:02:32 > 36:37]
SOAP:  17%|█▋        | 4202/25000 [3:01:12 > 36:38]
SOAP:  17%|█▋        | 4203/25000 [3:00:57 > 36:38]
SOAP:  17%|█▋        | 4204/25000 [3:01:06 > 36:39]
SOAP:  17%|█▋        | 4205/25000 [3:01:25 > 36:39]
SOAP:  17%|█▋        | 4206/25000 [3:01:17 > 36:40]
SOAP:  17%|█▋        | 4207/25000 [3:01:05 > 36:40]
SOAP:  17%|█▋        | 4208/25000 [3:00:55 > 36:41]
SOAP:  17%|█▋        | 4209/25000 [3:00:54 > 36:41]
SOAP:  17%|█▋        | 4210/25000 [3:00:48 > 36:42]
SOAP:  17%|█▋        | 4211/25000 [3:00:39 > 36:43]
SOAP:  17%|█▋        | 4212/25000 [3:00:37 > 36:43]
SOAP:  17%|█▋        | 4213/25000 [3:00:37 > 36:44]
SOAP:  17%|█▋        | 4214/25000 [3:00:35 > 36:44]
SOAP:  17%|█▋        | 4215/25000 [3:00:36 > 36:45]
SOAP:  17%|█▋        | 4216/25000 [3:00:35 > 36:45]
SOAP:  17%|█▋        | 4217/25000 [3:00:26 > 36:46]
SOAP:  17%|█▋        | 4218/25000 [3:00:20 > 36:46]
SOAP:  17%|█▋        | 4219/25000 [3:00:23 > 36:47]
SOAP:  17%|█▋        | 4220/25000 [3:00:18 > 36:47]
SOAP:  17%|█▋        | 4221/25000 [3:00:27 > 36:48]
SOAP:  17%|█▋        | 4222/25000 [3:00:22 > 36:48]
SOAP:  17%|█▋        | 4223/25000 [3:00:30 > 36:49]
SOAP:  17%|█▋        | 4224/25000 [3:00:29 > 36:49]
SOAP:  17%|█▋        | 4225/25000 [3:00:31 > 36:50]
SOAP:  17%|█▋        | 4226/25000 [3:00:23 > 36:50]
SOAP:  17%|█▋        | 4227/25000 [3:00:22 > 36:51]
SOAP:  17%|█▋        | 4228/25000 [3:00:18 > 36:51]
SOAP:  17%|█▋        | 4229/25000 [3:00:26 > 36:52]
SOAP:  17%|█▋        | 4230/25000 [3:00:24 > 36:52]
SOAP:  17%|█▋        | 4231/25000 [3:00:32 > 36:53]
SOAP:  17%|█▋        | 4232/25000 [3:00:57 > 36:53]
SOAP:  17%|█▋        | 4233/25000 [3:00:46 > 36:54]
SOAP:  17%|█▋        | 4234/25000 [2:59:37 > 36:54]
SOAP:  17%|█▋        | 4235/25000 [3:00:47 > 36:55]
SOAP:  17%|█▋        | 4236/25000 [3:00:37 > 36:56]
SOAP:  17%|█▋        | 4237/25000 [3:00:33 > 36:56]
SOAP:  17%|█▋        | 4238/25000 [3:00:23 > 36:57]
SOAP:  17%|█▋        | 4239/25000 [3:00:24 > 36:57]
SOAP:  17%|█▋        | 4240/25000 [3:00:16 > 36:58]
SOAP:  17%|█▋        | 4241/25000 [3:00:23 > 36:58]
SOAP:  17%|█▋        | 4242/25000 [3:00:51 > 36:59]
SOAP:  17%|█▋        | 4243/25000 [3:00:39 > 36:59]
SOAP:  17%|█▋        | 4244/25000 [3:00:24 > 37:00]
SOAP:  17%|█▋        | 4245/25000 [3:00:29 > 37:00]
SOAP:  17%|█▋        | 4246/25000 [3:00:21 > 37:01]
SOAP:  17%|█▋        | 4247/25000 [3:00:16 > 37:01]
SOAP:  17%|█▋        | 4248/25000 [3:00:24 > 37:02]
SOAP:  17%|█▋        | 4249/25000 [3:00:25 > 37:02]
SOAP:  17%|█▋        | 4250/25000 [3:00:29 > 37:03]
SOAP:  17%|█▋        | 4251/25000 [3:00:15 > 37:03]
SOAP:  17%|█▋        | 4252/25000 [3:00:41 > 37:04]
SOAP:  17%|█▋        | 4253/25000 [3:00:23 > 37:04]
SOAP:  17%|█▋        | 4254/25000 [3:00:20 > 37:05]
SOAP:  17%|█▋        | 4255/25000 [2:58:53 > 37:05]
SOAP:  17%|█▋        | 4256/25000 [3:00:44 > 37:06]
SOAP:  17%|█▋        | 4257/25000 [3:00:33 > 37:06]
SOAP:  17%|█▋        | 4258/25000 [3:00:22 > 37:07]
SOAP:  17%|█▋        | 4259/25000 [3:00:13 > 37:08]
SOAP:  17%|█▋        | 4260/25000 [3:00:11 > 37:08]
SOAP:  17%|█▋        | 4261/25000 [2:58:49 > 37:09]
SOAP:  17%|█▋        | 4262/25000 [3:00:54 > 37:09]
SOAP:  17%|█▋        | 4263/25000 [3:01:04 > 37:10]
SOAP:  17%|█▋        | 4264/25000 [3:00:43 > 37:10]
SOAP:  17%|█▋        | 4265/25000 [3:00:37 > 37:11]
SOAP:  17%|█▋        | 4266/25000 [3:00:05 > 37:11]
SOAP:  17%|█▋        | 4267/25000 [3:00:13 > 37:12]
SOAP:  17%|█▋        | 4268/25000 [3:00:07 > 37:12]
SOAP:  17%|█▋        | 4269/25000 [3:00:02 > 37:13]
SOAP:  17%|█▋        | 4270/25000 [3:00:02 > 37:13]
SOAP:  17%|█▋        | 4271/25000 [3:00:03 > 37:14]
SOAP:  17%|█▋        | 4272/25000 [2:59:54 > 37:14]
SOAP:  17%|█▋        | 4273/25000 [2:59:59 > 37:15]
SOAP:  17%|█▋        | 4274/25000 [2:59:56 > 37:15]
SOAP:  17%|█▋        | 4275/25000 [2:59:56 > 37:16]
SOAP:  17%|█▋        | 4276/25000 [2:59:53 > 37:16]
SOAP:  17%|█▋        | 4277/25000 [2:59:56 > 37:17]
SOAP:  17%|█▋        | 4278/25000 [3:00:02 > 37:17]
SOAP:  17%|█▋        | 4279/25000 [3:00:02 > 37:18]
SOAP:  17%|█▋        | 4280/25000 [2:59:57 > 37:18]
SOAP:  17%|█▋        | 4281/25000 [3:00:02 > 37:19]
SOAP:  17%|█▋        | 4282/25000 [3:00:00 > 37:20]
SOAP:  17%|█▋        | 4283/25000 [2:59:53 > 37:20]
SOAP:  17%|█▋        | 4284/25000 [2:59:53 > 37:21]
SOAP:  17%|█▋        | 4285/25000 [3:00:08 > 37:21]
SOAP:  17%|█▋        | 4286/25000 [3:00:26 > 37:22]
SOAP:  17%|█▋        | 4287/25000 [3:00:10 > 37:22]
SOAP:  17%|█▋        | 4288/25000 [3:00:07 > 37:23]
SOAP:  17%|█▋        | 4289/25000 [3:00:00 > 37:23]
SOAP:  17%|█▋        | 4290/25000 [2:59:58 > 37:24]
SOAP:  17%|█▋        | 4291/25000 [2:59:54 > 37:24]
SOAP:  17%|█▋        | 4292/25000 [2:59:44 > 37:25]
SOAP:  17%|█▋        | 4293/25000 [2:59:36 > 37:25]
SOAP:  17%|█▋        | 4294/25000 [2:58:18 > 37:26]
SOAP:  17%|█▋        | 4295/25000 [3:00:07 > 37:26]
SOAP:  17%|█▋        | 4296/25000 [3:00:08 > 37:27]
SOAP:  17%|█▋        | 4297/25000 [3:00:03 > 37:27]
SOAP:  17%|█▋        | 4298/25000 [2:59:54 > 37:28]
SOAP:  17%|█▋        | 4299/25000 [2:59:51 > 37:28]
SOAP:  17%|█▋        | 4300/25000 [2:59:44 > 37:29]
SOAP:  17%|█▋        | 4301/25000 [2:59:21 > 37:29]
SOAP:  17%|█▋        | 4302/25000 [2:59:20 > 37:30]
SOAP:  17%|█▋        | 4303/25000 [2:59:25 > 37:30]
SOAP:  17%|█▋        | 4304/25000 [3:01:10 > 37:31]
SOAP:  17%|█▋        | 4305/25000 [3:01:15 > 37:32]
SOAP:  17%|█▋        | 4306/25000 [3:00:43 > 37:32]
SOAP:  17%|█▋        | 4307/25000 [3:00:26 > 37:33]
SOAP:  17%|█▋        | 4308/25000 [3:00:07 > 37:33]
SOAP:  17%|█▋        | 4309/25000 [2:58:37 > 37:34]
SOAP:  17%|█▋        | 4310/25000 [3:00:12 > 37:34]
SOAP:  17%|█▋        | 4311/25000 [3:00:04 > 37:35]
SOAP:  17%|█▋        | 4312/25000 [2:59:54 > 37:35]
SOAP:  17%|█▋        | 4313/25000 [2:59:46 > 37:36]
SOAP:  17%|█▋        | 4314/25000 [2:59:46 > 37:36]
SOAP:  17%|█▋        | 4315/25000 [2:59:45 > 37:37]
SOAP:  17%|█▋        | 4316/25000 [2:59:35 > 37:37]
SOAP:  17%|█▋        | 4317/25000 [2:59:36 > 37:38]
SOAP:  17%|█▋        | 4318/25000 [2:59:37 > 37:38]
SOAP:  17%|█▋        | 4319/25000 [2:59:36 > 37:39]
SOAP:  17%|█▋        | 4320/25000 [2:59:30 > 37:39]
SOAP:  17%|█▋        | 4321/25000 [2:59:35 > 37:40]
SOAP:  17%|█▋        | 4322/25000 [2:59:31 > 37:40]
SOAP:  17%|█▋        | 4323/25000 [2:59:38 > 37:41]
SOAP:  17%|█▋        | 4324/25000 [2:59:36 > 37:41]
SOAP:  17%|█▋        | 4325/25000 [2:59:35 > 37:42]
SOAP:  17%|█▋        | 4326/25000 [2:59:40 > 37:42]
SOAP:  17%|█▋        | 4327/25000 [2:59:30 > 37:43]
SOAP:  17%|█▋        | 4328/25000 [2:59:29 > 37:44]
SOAP:  17%|█▋        | 4329/25000 [2:59:29 > 37:44]
SOAP:  17%|█▋        | 4330/25000 [2:59:29 > 37:45]
SOAP:  17%|█▋        | 4331/25000 [2:59:32 > 37:45]
SOAP:  17%|█▋        | 4332/25000 [2:59:41 > 37:46]
SOAP:  17%|█▋        | 4333/25000 [3:00:05 > 37:46]
SOAP:  17%|█▋        | 4334/25000 [2:59:56 > 37:47]
SOAP:  17%|█▋        | 4335/25000 [2:59:44 > 37:47]
SOAP:  17%|█▋        | 4336/25000 [2:59:41 > 37:48]
SOAP:  17%|█▋        | 4337/25000 [2:59:36 > 37:48]
SOAP:  17%|█▋        | 4338/25000 [2:59:35 > 37:49]
SOAP:  17%|█▋        | 4339/25000 [2:59:33 > 37:49]
SOAP:  17%|█▋        | 4340/25000 [2:59:37 > 37:50]
SOAP:  17%|█▋        | 4341/25000 [2:59:27 > 37:50]
SOAP:  17%|█▋        | 4342/25000 [2:59:29 > 37:51]
SOAP:  17%|█▋        | 4343/25000 [2:59:23 > 37:51]
SOAP:  17%|█▋        | 4344/25000 [2:59:18 > 37:52]
SOAP:  17%|█▋        | 4345/25000 [2:59:13 > 37:52]
SOAP:  17%|█▋        | 4346/25000 [2:59:14 > 37:53]
SOAP:  17%|█▋        | 4347/25000 [2:59:16 > 37:53]
SOAP:  17%|█▋        | 4348/25000 [2:59:16 > 37:54]
SOAP:  17%|█▋        | 4349/25000 [2:59:16 > 37:54]
SOAP:  17%|█▋        | 4350/25000 [2:59:17 > 37:55]
SOAP:  17%|█▋        | 4351/25000 [2:59:12 > 37:55]
SOAP:  17%|█▋        | 4352/25000 [2:59:16 > 37:56]
SOAP:  17%|█▋        | 4353/25000 [2:59:35 > 37:57]
SOAP:  17%|█▋        | 4354/25000 [2:59:56 > 37:57]
SOAP:  17%|█▋        | 4355/25000 [2:59:44 > 37:58]
SOAP:  17%|█▋        | 4356/25000 [2:59:37 > 37:58]
SOAP:  17%|█▋        | 4357/25000 [2:59:30 > 37:59]
SOAP:  17%|█▋        | 4358/25000 [2:59:25 > 37:59]
SOAP:  17%|█▋        | 4359/25000 [2:59:23 > 38:00]
SOAP:  17%|█▋        | 4360/25000 [2:59:29 > 38:00]
SOAP:  17%|█▋        | 4361/25000 [2:59:28 > 38:01]
SOAP:  17%|█▋        | 4362/25000 [2:59:24 > 38:01]
SOAP:  17%|█▋        | 4363/25000 [2:59:22 > 38:02]
SOAP:  17%|█▋        | 4364/25000 [2:59:02 > 38:02]
SOAP:  17%|█▋        | 4365/25000 [2:59:21 > 38:03]
SOAP:  17%|█▋        | 4366/25000 [2:59:25 > 38:03]
SOAP:  17%|█▋        | 4367/25000 [2:59:17 > 38:04]
SOAP:  17%|█▋        | 4368/25000 [2:59:17 > 38:04]
SOAP:  17%|█▋        | 4369/25000 [2:59:12 > 38:05]
SOAP:  17%|█▋        | 4370/25000 [2:59:14 > 38:05]
SOAP:  17%|█▋        | 4371/25000 [2:59:12 > 38:06]
SOAP:  17%|█▋        | 4372/25000 [2:59:20 > 38:06]
SOAP:  17%|█▋        | 4373/25000 [2:59:10 > 38:07]
SOAP:  17%|█▋        | 4374/25000 [2:59:16 > 38:07]
SOAP:  18%|█▊        | 4375/25000 [2:59:02 > 38:08]
SOAP:  18%|█▊        | 4376/25000 [2:59:04 > 38:09]
SOAP:  18%|█▊        | 4377/25000 [2:59:02 > 38:09]
SOAP:  18%|█▊        | 4378/25000 [2:59:04 > 38:10]
SOAP:  18%|█▊        | 4379/25000 [2:59:04 > 38:10]
SOAP:  18%|█▊        | 4380/25000 [2:59:07 > 38:11]
SOAP:  18%|█▊        | 4381/25000 [2:58:31 > 38:11]
SOAP:  18%|█▊        | 4382/25000 [2:59:08 > 38:12]
SOAP:  18%|█▊        | 4383/25000 [2:59:02 > 38:12]
SOAP:  18%|█▊        | 4384/25000 [2:59:02 > 38:13]
SOAP:  18%|█▊        | 4385/25000 [2:58:58 > 38:13]
SOAP:  18%|█▊        | 4386/25000 [2:58:56 > 38:14]
SOAP:  18%|█▊        | 4387/25000 [2:59:09 > 38:14]
SOAP:  18%|█▊        | 4388/25000 [2:59:26 > 38:15]
SOAP:  18%|█▊        | 4389/25000 [2:59:21 > 38:15]
SOAP:  18%|█▊        | 4390/25000 [2:59:17 > 38:16]
SOAP:  18%|█▊        | 4391/25000 [2:57:44 > 38:16]
SOAP:  18%|█▊        | 4392/25000 [2:59:35 > 38:17]
SOAP:  18%|█▊        | 4393/25000 [2:59:21 > 38:17]
SOAP:  18%|█▊        | 4394/25000 [2:59:14 > 38:18]
SOAP:  18%|█▊        | 4395/25000 [2:59:11 > 38:18]
SOAP:  18%|█▊        | 4396/25000 [2:59:10 > 38:19]
SOAP:  18%|█▊        | 4397/25000 [2:59:03 > 38:19]
SOAP:  18%|█▊        | 4398/25000 [2:58:57 > 38:20]
SOAP:  18%|█▊        | 4399/25000 [2:58:56 > 38:21]
SOAP:  18%|█▊        | 4400/25000 [2:58:59 > 38:21]
SOAP:  18%|█▊        | 4401/25000 [3:00:04 > 38:22]
SOAP:  18%|█▊        | 4402/25000 [2:59:58 > 38:22]
SOAP:  18%|█▊        | 4403/25000 [2:59:38 > 38:23]
SOAP:  18%|█▊        | 4404/25000 [2:59:20 > 38:23]
SOAP:  18%|█▊        | 4405/25000 [2:59:15 > 38:24]
SOAP:  18%|█▊        | 4406/25000 [2:59:01 > 38:24]
SOAP:  18%|█▊        | 4407/25000 [2:59:03 > 38:25]
SOAP:  18%|█▊        | 4408/25000 [2:58:52 > 38:25]
SOAP:  18%|█▊        | 4409/25000 [2:58:55 > 38:26]
SOAP:  18%|█▊        | 4410/25000 [2:57:24 > 38:26]
SOAP:  18%|█▊        | 4411/25000 [2:59:19 > 38:27]
SOAP:  18%|█▊        | 4412/25000 [2:59:07 > 38:27]
SOAP:  18%|█▊        | 4413/25000 [2:59:02 > 38:28]
SOAP:  18%|█▊        | 4414/25000 [2:58:54 > 38:28]
SOAP:  18%|█▊        | 4415/25000 [2:58:48 > 38:29]
SOAP:  18%|█▊        | 4416/25000 [2:58:39 > 38:29]
SOAP:  18%|█▊        | 4417/25000 [2:58:38 > 38:30]
SOAP:  18%|█▊        | 4418/25000 [2:58:43 > 38:30]
SOAP:  18%|█▊        | 4419/25000 [2:58:41 > 38:31]
SOAP:  18%|█▊        | 4420/25000 [2:58:46 > 38:31]
SOAP:  18%|█▊        | 4421/25000 [2:58:43 > 38:32]
SOAP:  18%|█▊        | 4422/25000 [2:58:40 > 38:33]
SOAP:  18%|█▊        | 4423/25000 [2:58:40 > 38:33]
SOAP:  18%|█▊        | 4424/25000 [2:58:44 > 38:34]
SOAP:  18%|█▊        | 4425/25000 [2:58:42 > 38:34]
SOAP:  18%|█▊        | 4426/25000 [2:58:48 > 38:35]
SOAP:  18%|█▊        | 4427/25000 [2:58:44 > 38:35]
SOAP:  18%|█▊        | 4428/25000 [2:58:46 > 38:36]
SOAP:  18%|█▊        | 4429/25000 [2:58:46 > 38:36]
SOAP:  18%|█▊        | 4430/25000 [2:57:28 > 38:37]
SOAP:  18%|█▊        | 4431/25000 [2:59:04 > 38:37]
SOAP:  18%|█▊        | 4432/25000 [2:58:58 > 38:38]
SOAP:  18%|█▊        | 4433/25000 [2:58:43 > 38:38]
SOAP:  18%|█▊        | 4434/25000 [2:58:32 > 38:39]
SOAP:  18%|█▊        | 4435/25000 [2:58:33 > 38:39]
SOAP:  18%|█▊        | 4436/25000 [2:58:33 > 38:40]
SOAP:  18%|█▊        | 4437/25000 [2:58:30 > 38:40]
SOAP:  18%|█▊        | 4438/25000 [2:58:34 > 38:41]
SOAP:  18%|█▊        | 4439/25000 [2:58:36 > 38:41]
SOAP:  18%|█▊        | 4440/25000 [2:58:32 > 38:42]
SOAP:  18%|█▊        | 4441/25000 [2:58:31 > 38:42]
SOAP:  18%|█▊        | 4442/25000 [2:58:27 > 38:43]
SOAP:  18%|█▊        | 4443/25000 [2:58:36 > 38:43]
SOAP:  18%|█▊        | 4444/25000 [2:58:33 > 38:44]
SOAP:  18%|█▊        | 4445/25000 [2:58:28 > 38:45]
SOAP:  18%|█▊        | 4446/25000 [2:58:28 > 38:45]
SOAP:  18%|█▊        | 4447/25000 [2:58:31 > 38:46]
SOAP:  18%|█▊        | 4448/25000 [2:58:31 > 38:46]
SOAP:  18%|█▊        | 4449/25000 [2:58:34 > 38:47]
SOAP:  18%|█▊        | 4450/25000 [2:58:42 > 38:47]
SOAP:  18%|█▊        | 4451/25000 [2:58:55 > 38:48]
SOAP:  18%|█▊        | 4452/25000 [2:58:43 > 38:48]
SOAP:  18%|█▊        | 4453/25000 [2:58:37 > 38:49]
SOAP:  18%|█▊        | 4454/25000 [2:58:36 > 38:49]
SOAP:  18%|█▊        | 4455/25000 [2:58:29 > 38:50]
SOAP:  18%|█▊        | 4456/25000 [2:58:27 > 38:50]
SOAP:  18%|█▊        | 4457/25000 [2:58:24 > 38:51]
SOAP:  18%|█▊        | 4458/25000 [2:58:22 > 38:51]
SOAP:  18%|█▊        | 4459/25000 [2:58:41 > 38:52]
SOAP:  18%|█▊        | 4460/25000 [2:59:04 > 38:52]
SOAP:  18%|█▊        | 4461/25000 [2:58:56 > 38:53]
SOAP:  18%|█▊        | 4462/25000 [2:58:39 > 38:53]
SOAP:  18%|█▊        | 4463/25000 [2:58:33 > 38:54]
SOAP:  18%|█▊        | 4464/25000 [2:58:28 > 38:54]
SOAP:  18%|█▊        | 4465/25000 [2:58:27 > 38:55]
SOAP:  18%|█▊        | 4466/25000 [2:58:23 > 38:55]
SOAP:  18%|█▊        | 4467/25000 [2:58:21 > 38:56]
SOAP:  18%|█▊        | 4468/25000 [2:58:24 > 38:57]
SOAP:  18%|█▊        | 4469/25000 [2:58:28 > 38:57]
SOAP:  18%|█▊        | 4470/25000 [2:58:13 > 38:58]
SOAP:  18%|█▊        | 4471/25000 [2:58:17 > 38:58]
SOAP:  18%|█▊        | 4472/25000 [2:58:15 > 38:59]
SOAP:  18%|█▊        | 4473/25000 [2:58:15 > 38:59]
SOAP:  18%|█▊        | 4474/25000 [2:58:12 > 39:00]
SOAP:  18%|█▊        | 4475/25000 [2:58:25 > 39:00]
SOAP:  18%|█▊        | 4476/25000 [2:58:47 > 39:01]
SOAP:  18%|█▊        | 4477/25000 [2:58:35 > 39:01]
SOAP:  18%|█▊        | 4478/25000 [2:58:25 > 39:02]
SOAP:  18%|█▊        | 4479/25000 [2:58:22 > 39:02]
SOAP:  18%|█▊        | 4480/25000 [2:58:32 > 39:03]
SOAP:  18%|█▊        | 4481/25000 [2:58:48 > 39:03]
SOAP:  18%|█▊        | 4482/25000 [2:58:42 > 39:04]
SOAP:  18%|█▊        | 4483/25000 [2:58:31 > 39:04]
SOAP:  18%|█▊        | 4484/25000 [2:58:24 > 39:05]
SOAP:  18%|█▊        | 4485/25000 [2:58:11 > 39:05]
SOAP:  18%|█▊        | 4486/25000 [2:58:16 > 39:06]
SOAP:  18%|█▊        | 4487/25000 [2:56:40 > 39:06]
SOAP:  18%|█▊        | 4488/25000 [2:57:09 > 39:07]
SOAP:  18%|█▊        | 4489/25000 [2:58:48 > 39:07]
SOAP:  18%|█▊        | 4490/25000 [2:58:29 > 39:08]
SOAP:  18%|█▊        | 4491/25000 [2:58:23 > 39:08]
SOAP:  18%|█▊        | 4492/25000 [2:58:18 > 39:09]
SOAP:  18%|█▊        | 4493/25000 [2:58:17 > 39:10]
SOAP:  18%|█▊        | 4494/25000 [2:58:10 > 39:10]
SOAP:  18%|█▊        | 4495/25000 [2:58:07 > 39:11]
SOAP:  18%|█▊        | 4496/25000 [2:58:10 > 39:11]
SOAP:  18%|█▊        | 4497/25000 [2:58:08 > 39:12]
SOAP:  18%|█▊        | 4498/25000 [2:58:05 > 39:12]
SOAP:  18%|█▊        | 4499/25000 [2:58:00 > 39:13]
SOAP:  18%|█▊        | 4500/25000 [2:56:42 > 39:13]
SOAP:  18%|█▊        | 4501/25000 [3:00:13 > 39:14]
SOAP:  18%|█▊        | 4502/25000 [2:58:43 > 39:14]
SOAP:  18%|█▊        | 4503/25000 [2:58:31 > 39:15]
SOAP:  18%|█▊        | 4504/25000 [2:58:21 > 39:15]
SOAP:  18%|█▊        | 4505/25000 [2:58:12 > 39:16]
SOAP:  18%|█▊        | 4506/25000 [2:58:07 > 39:16]
SOAP:  18%|█▊        | 4507/25000 [2:57:59 > 39:17]
SOAP:  18%|█▊        | 4508/25000 [2:58:07 > 39:17]
SOAP:  18%|█▊        | 4509/25000 [2:58:02 > 39:18]
SOAP:  18%|█▊        | 4510/25000 [2:58:01 > 39:18]
SOAP:  18%|█▊        | 4511/25000 [2:57:59 > 39:19]
SOAP:  18%|█▊        | 4512/25000 [2:57:56 > 39:19]
SOAP:  18%|█▊        | 4513/25000 [2:57:54 > 39:20]
SOAP:  18%|█▊        | 4514/25000 [2:57:54 > 39:20]
SOAP:  18%|█▊        | 4515/25000 [2:57:54 > 39:21]
SOAP:  18%|█▊        | 4516/25000 [2:57:52 > 39:22]
SOAP:  18%|█▊        | 4517/25000 [2:57:51 > 39:22]
SOAP:  18%|█▊        | 4518/25000 [2:57:51 > 39:23]
SOAP:  18%|█▊        | 4519/25000 [2:57:49 > 39:23]
SOAP:  18%|█▊        | 4520/25000 [2:57:54 > 39:24]
SOAP:  18%|█▊        | 4521/25000 [2:57:48 > 39:24]
SOAP:  18%|█▊        | 4522/25000 [2:57:47 > 39:25]
SOAP:  18%|█▊        | 4523/25000 [2:57:42 > 39:25]
SOAP:  18%|█▊        | 4524/25000 [2:57:46 > 39:26]
SOAP:  18%|█▊        | 4525/25000 [2:57:44 > 39:26]
SOAP:  18%|█▊        | 4526/25000 [2:57:47 > 39:27]
SOAP:  18%|█▊        | 4527/25000 [2:57:49 > 39:27]
SOAP:  18%|█▊        | 4528/25000 [2:57:51 > 39:28]
SOAP:  18%|█▊        | 4529/25000 [2:57:59 > 39:28]
SOAP:  18%|█▊        | 4530/25000 [2:58:25 > 39:29]
SOAP:  18%|█▊        | 4531/25000 [2:58:08 > 39:29]
SOAP:  18%|█▊        | 4532/25000 [2:58:08 > 39:30]
SOAP:  18%|█▊        | 4533/25000 [2:57:52 > 39:30]
SOAP:  18%|█▊        | 4534/25000 [2:57:55 > 39:31]
SOAP:  18%|█▊        | 4535/25000 [2:57:56 > 39:31]
SOAP:  18%|█▊        | 4536/25000 [2:57:41 > 39:32]
SOAP:  18%|█▊        | 4537/25000 [2:57:46 > 39:32]
SOAP:  18%|█▊        | 4538/25000 [2:57:39 > 39:33]
SOAP:  18%|█▊        | 4539/25000 [2:57:43 > 39:34]
SOAP:  18%|█▊        | 4540/25000 [2:57:28 > 39:34]
SOAP:  18%|█▊        | 4541/25000 [2:57:43 > 39:35]
SOAP:  18%|█▊        | 4542/25000 [2:57:36 > 39:35]
SOAP:  18%|█▊        | 4543/25000 [2:57:43 > 39:36]
SOAP:  18%|█▊        | 4544/25000 [2:57:38 > 39:36]
SOAP:  18%|█▊        | 4545/25000 [2:57:44 > 39:37]
SOAP:  18%|█▊        | 4546/25000 [2:56:08 > 39:37]
SOAP:  18%|█▊        | 4547/25000 [2:58:07 > 39:38]
SOAP:  18%|█▊        | 4548/25000 [2:57:57 > 39:38]
SOAP:  18%|█▊        | 4549/25000 [2:57:52 > 39:39]
SOAP:  18%|█▊        | 4550/25000 [2:57:44 > 39:39]
SOAP:  18%|█▊        | 4551/25000 [2:57:41 > 39:40]
SOAP:  18%|█▊        | 4552/25000 [2:57:40 > 39:40]
SOAP:  18%|█▊        | 4553/25000 [2:57:39 > 39:41]
SOAP:  18%|█▊        | 4554/25000 [2:57:58 > 39:41]
SOAP:  18%|█▊        | 4555/25000 [2:57:48 > 39:42]
SOAP:  18%|█▊        | 4556/25000 [2:57:41 > 39:42]
SOAP:  18%|█▊        | 4557/25000 [2:57:39 > 39:43]
SOAP:  18%|█▊        | 4558/25000 [2:57:23 > 39:43]
SOAP:  18%|█▊        | 4559/25000 [2:57:26 > 39:44]
SOAP:  18%|█▊        | 4560/25000 [2:57:29 > 39:44]
SOAP:  18%|█▊        | 4561/25000 [2:57:27 > 39:45]
SOAP:  18%|█▊        | 4562/25000 [2:57:29 > 39:46]
SOAP:  18%|█▊        | 4563/25000 [2:57:20 > 39:46]
SOAP:  18%|█▊        | 4564/25000 [2:57:24 > 39:47]
SOAP:  18%|█▊        | 4565/25000 [2:57:24 > 39:47]
SOAP:  18%|█▊        | 4566/25000 [2:57:22 > 39:48]
SOAP:  18%|█▊        | 4567/25000 [2:57:23 > 39:48]
SOAP:  18%|█▊        | 4568/25000 [2:57:38 > 39:49]
SOAP:  18%|█▊        | 4569/25000 [2:57:54 > 39:49]
SOAP:  18%|█▊        | 4570/25000 [2:57:40 > 39:50]
SOAP:  18%|█▊        | 4571/25000 [2:57:37 > 39:50]
SOAP:  18%|█▊        | 4572/25000 [2:57:40 > 39:51]
SOAP:  18%|█▊        | 4573/25000 [2:57:29 > 39:51]
SOAP:  18%|█▊        | 4574/25000 [2:57:33 > 39:52]
SOAP:  18%|█▊        | 4575/25000 [2:57:31 > 39:52]
SOAP:  18%|█▊        | 4576/25000 [2:57:19 > 39:53]
SOAP:  18%|█▊        | 4577/25000 [2:57:18 > 39:53]
SOAP:  18%|█▊        | 4578/25000 [2:57:18 > 39:54]
SOAP:  18%|█▊        | 4579/25000 [2:57:23 > 39:54]
SOAP:  18%|█▊        | 4580/25000 [2:57:20 > 39:55]
SOAP:  18%|█▊        | 4581/25000 [2:57:14 > 39:55]
SOAP:  18%|█▊        | 4582/25000 [2:57:17 > 39:56]
SOAP:  18%|█▊        | 4583/25000 [2:56:41 > 39:56]
SOAP:  18%|█▊        | 4584/25000 [2:57:21 > 39:57]
SOAP:  18%|█▊        | 4585/25000 [2:55:51 > 39:57]
SOAP:  18%|█▊        | 4586/25000 [2:57:44 > 39:58]
SOAP:  18%|█▊        | 4587/25000 [2:57:38 > 39:59]
SOAP:  18%|█▊        | 4588/25000 [2:57:28 > 39:59]
SOAP:  18%|█▊        | 4589/25000 [2:57:26 > 40:00]
SOAP:  18%|█▊        | 4590/25000 [2:57:23 > 40:00]
SOAP:  18%|█▊        | 4591/25000 [2:57:26 > 40:01]
SOAP:  18%|█▊        | 4592/25000 [2:57:13 > 40:01]
SOAP:  18%|█▊        | 4593/25000 [2:57:18 > 40:02]
SOAP:  18%|█▊        | 4594/25000 [2:57:05 > 40:02]
SOAP:  18%|█▊        | 4595/25000 [2:56:42 > 40:03]
SOAP:  18%|█▊        | 4596/25000 [2:57:17 > 40:03]
SOAP:  18%|█▊        | 4597/25000 [2:57:20 > 40:04]
SOAP:  18%|█▊        | 4598/25000 [2:57:12 > 40:04]
SOAP:  18%|█▊        | 4599/25000 [2:57:12 > 40:05]
SOAP:  18%|█▊        | 4600/25000 [2:57:07 > 40:05]
SOAP:  18%|█▊        | 4601/25000 [2:58:57 > 40:06]
SOAP:  18%|█▊        | 4602/25000 [2:57:34 > 40:06]
SOAP:  18%|█▊        | 4603/25000 [2:57:32 > 40:07]
SOAP:  18%|█▊        | 4604/25000 [2:57:20 > 40:07]
SOAP:  18%|█▊        | 4605/25000 [2:57:27 > 40:08]
SOAP:  18%|█▊        | 4606/25000 [2:57:06 > 40:08]
SOAP:  18%|█▊        | 4607/25000 [2:57:11 > 40:09]
SOAP:  18%|█▊        | 4608/25000 [2:57:08 > 40:09]
SOAP:  18%|█▊        | 4609/25000 [2:57:13 > 40:10]
SOAP:  18%|█▊        | 4610/25000 [2:57:15 > 40:11]
SOAP:  18%|█▊        | 4611/25000 [2:57:02 > 40:11]
SOAP:  18%|█▊        | 4612/25000 [2:57:12 > 40:12]
SOAP:  18%|█▊        | 4613/25000 [2:57:46 > 40:12]
SOAP:  18%|█▊        | 4614/25000 [2:58:13 > 40:13]
SOAP:  18%|█▊        | 4615/25000 [2:58:19 > 40:13]
SOAP:  18%|█▊        | 4616/25000 [2:58:32 > 40:14]
SOAP:  18%|█▊        | 4617/25000 [2:58:11 > 40:14]
SOAP:  18%|█▊        | 4618/25000 [2:58:21 > 40:15]
SOAP:  18%|█▊        | 4619/25000 [2:58:19 > 40:15]
SOAP:  18%|█▊        | 4620/25000 [2:58:09 > 40:16]
SOAP:  18%|█▊        | 4621/25000 [2:58:27 > 40:16]
SOAP:  18%|█▊        | 4622/25000 [2:58:45 > 40:17]
SOAP:  18%|█▊        | 4623/25000 [2:58:45 > 40:17]
SOAP:  18%|█▊        | 4624/25000 [2:58:44 > 40:18]
SOAP:  18%|█▊        | 4625/25000 [2:58:44 > 40:18]
SOAP:  19%|█▊        | 4626/25000 [2:58:58 > 40:19]
SOAP:  19%|█▊        | 4627/25000 [2:58:42 > 40:19]
SOAP:  19%|█▊        | 4628/25000 [2:58:17 > 40:20]
SOAP:  19%|█▊        | 4629/25000 [2:58:38 > 40:21]
SOAP:  19%|█▊        | 4630/25000 [2:58:37 > 40:21]
SOAP:  19%|█▊        | 4631/25000 [2:58:44 > 40:22]
SOAP:  19%|█▊        | 4632/25000 [2:58:44 > 40:22]
SOAP:  19%|█▊        | 4633/25000 [2:58:52 > 40:23]
SOAP:  19%|█▊        | 4634/25000 [2:58:42 > 40:23]
SOAP:  19%|█▊        | 4635/25000 [2:58:39 > 40:24]
SOAP:  19%|█▊        | 4636/25000 [2:58:41 > 40:24]
SOAP:  19%|█▊        | 4637/25000 [2:58:44 > 40:25]
SOAP:  19%|█▊        | 4638/25000 [2:58:48 > 40:25]
SOAP:  19%|█▊        | 4639/25000 [2:58:50 > 40:26]
SOAP:  19%|█▊        | 4640/25000 [2:58:48 > 40:26]
SOAP:  19%|█▊        | 4641/25000 [2:58:47 > 40:27]
SOAP:  19%|█▊        | 4642/25000 [2:58:50 > 40:27]
SOAP:  19%|█▊        | 4643/25000 [2:57:15 > 40:28]
SOAP:  19%|█▊        | 4644/25000 [2:58:40 > 40:28]
SOAP:  19%|█▊        | 4645/25000 [2:58:43 > 40:29]
SOAP:  19%|█▊        | 4646/25000 [2:58:40 > 40:29]
SOAP:  19%|█▊        | 4647/25000 [2:58:41 > 40:30]
SOAP:  19%|█▊        | 4648/25000 [2:58:44 > 40:31]
SOAP:  19%|█▊        | 4649/25000 [2:58:53 > 40:31]
SOAP:  19%|█▊        | 4650/25000 [2:58:41 > 40:32]
SOAP:  19%|█▊        | 4651/25000 [2:58:39 > 40:32]
SOAP:  19%|█▊        | 4652/25000 [2:58:42 > 40:33]
SOAP:  19%|█▊        | 4653/25000 [2:58:47 > 40:33]
SOAP:  19%|█▊        | 4654/25000 [2:58:08 > 40:34]
SOAP:  19%|█▊        | 4655/25000 [2:58:28 > 40:34]
SOAP:  19%|█▊        | 4656/25000 [2:58:28 > 40:35]
SOAP:  19%|█▊        | 4657/25000 [2:58:25 > 40:35]
SOAP:  19%|█▊        | 4658/25000 [2:58:24 > 40:36]
SOAP:  19%|█▊        | 4659/25000 [2:58:30 > 40:36]
SOAP:  19%|█▊        | 4660/25000 [2:58:31 > 40:37]
SOAP:  19%|█▊        | 4661/25000 [2:58:39 > 40:37]
SOAP:  19%|█▊        | 4662/25000 [2:57:21 > 40:38]
SOAP:  19%|█▊        | 4663/25000 [2:58:08 > 40:38]
SOAP:  19%|█▊        | 4664/25000 [2:57:44 > 40:39]
SOAP:  19%|█▊        | 4665/25000 [2:57:55 > 40:39]
SOAP:  19%|█▊        | 4666/25000 [2:58:06 > 40:40]
SOAP:  19%|█▊        | 4667/25000 [2:58:17 > 40:41]
SOAP:  19%|█▊        | 4668/25000 [2:58:17 > 40:41]
SOAP:  19%|█▊        | 4669/25000 [2:58:28 > 40:42]
SOAP:  19%|█▊        | 4670/25000 [2:58:33 > 40:42]
SOAP:  19%|█▊        | 4671/25000 [2:58:31 > 40:43]
SOAP:  19%|█▊        | 4672/25000 [2:58:24 > 40:43]
SOAP:  19%|█▊        | 4673/25000 [2:58:27 > 40:44]
SOAP:  19%|█▊        | 4674/25000 [2:58:30 > 40:44]
SOAP:  19%|█▊        | 4675/25000 [2:58:33 > 40:45]
SOAP:  19%|█▊        | 4676/25000 [2:58:19 > 40:45]
SOAP:  19%|█▊        | 4677/25000 [2:58:18 > 40:46]
SOAP:  19%|█▊        | 4678/25000 [2:58:15 > 40:46]
SOAP:  19%|█▊        | 4679/25000 [2:58:27 > 40:47]
SOAP:  19%|█▊        | 4680/25000 [2:58:25 > 40:47]
SOAP:  19%|█▊        | 4681/25000 [2:58:26 > 40:48]
SOAP:  19%|█▊        | 4682/25000 [2:58:26 > 40:48]
SOAP:  19%|█▊        | 4683/25000 [2:58:33 > 40:49]
SOAP:  19%|█▊        | 4684/25000 [2:58:22 > 40:49]
SOAP:  19%|█▊        | 4685/25000 [2:58:19 > 40:50]
SOAP:  19%|█▊        | 4686/25000 [2:58:18 > 40:51]
SOAP:  19%|█▊        | 4687/25000 [2:58:25 > 40:51]
SOAP:  19%|█▉        | 4688/25000 [2:58:22 > 40:52]
SOAP:  19%|█▉        | 4689/25000 [2:58:19 > 40:52]
SOAP:  19%|█▉        | 4690/25000 [2:58:17 > 40:53]
SOAP:  19%|█▉        | 4691/25000 [2:58:20 > 40:53]
SOAP:  19%|█▉        | 4692/25000 [2:58:24 > 40:54]
SOAP:  19%|█▉        | 4693/25000 [2:57:44 > 40:54]
SOAP:  19%|█▉        | 4694/25000 [2:58:26 > 40:55]
SOAP:  19%|█▉        | 4695/25000 [2:57:23 > 40:55]
SOAP:  19%|█▉        | 4696/25000 [2:58:23 > 40:56]
SOAP:  19%|█▉        | 4697/25000 [2:58:12 > 40:56]
SOAP:  19%|█▉        | 4698/25000 [2:58:10 > 40:57]
SOAP:  19%|█▉        | 4699/25000 [2:58:09 > 40:57]
SOAP:  19%|█▉        | 4700/25000 [2:58:18 > 40:58]
SOAP:  19%|█▉        | 4701/25000 [2:59:03 > 40:58]
SOAP:  19%|█▉        | 4702/25000 [2:58:57 > 40:59]
SOAP:  19%|█▉        | 4703/25000 [2:58:32 > 40:59]
SOAP:  19%|█▉        | 4704/25000 [2:58:02 > 41:00]
SOAP:  19%|█▉        | 4705/25000 [2:58:04 > 41:01]
SOAP:  19%|█▉        | 4706/25000 [2:58:18 > 41:01]
SOAP:  19%|█▉        | 4707/25000 [2:58:13 > 41:02]
SOAP:  19%|█▉        | 4708/25000 [2:56:40 > 41:02]
SOAP:  19%|█▉        | 4709/25000 [2:57:49 > 41:03]
SOAP:  19%|█▉        | 4710/25000 [2:57:32 > 41:03]
SOAP:  19%|█▉        | 4711/25000 [2:57:42 > 41:04]
SOAP:  19%|█▉        | 4712/25000 [2:57:53 > 41:04]
SOAP:  19%|█▉        | 4713/25000 [2:57:57 > 41:05]
SOAP:  19%|█▉        | 4714/25000 [2:57:54 > 41:05]
SOAP:  19%|█▉        | 4715/25000 [2:57:55 > 41:06]
SOAP:  19%|█▉        | 4716/25000 [2:57:54 > 41:06]
SOAP:  19%|█▉        | 4717/25000 [2:57:50 > 41:07]
SOAP:  19%|█▉        | 4718/25000 [2:57:29 > 41:07]
SOAP:  19%|█▉        | 4719/25000 [2:57:31 > 41:08]
SOAP:  19%|█▉        | 4720/25000 [2:57:38 > 41:08]
SOAP:  19%|█▉        | 4721/25000 [2:57:50 > 41:09]
SOAP:  19%|█▉        | 4722/25000 [2:57:57 > 41:09]
SOAP:  19%|█▉        | 4723/25000 [2:57:58 > 41:10]
SOAP:  19%|█▉        | 4724/25000 [2:58:00 > 41:11]
SOAP:  19%|█▉        | 4725/25000 [2:58:07 > 41:11]
SOAP:  19%|█▉        | 4726/25000 [2:58:03 > 41:12]
SOAP:  19%|█▉        | 4727/25000 [2:58:00 > 41:12]
SOAP:  19%|█▉        | 4728/25000 [2:58:03 > 41:13]
SOAP:  19%|█▉        | 4729/25000 [2:58:02 > 41:13]
SOAP:  19%|█▉        | 4730/25000 [2:58:08 > 41:14]
SOAP:  19%|█▉        | 4731/25000 [2:57:59 > 41:14]
SOAP:  19%|█▉        | 4732/25000 [2:57:56 > 41:15]
SOAP:  19%|█▉        | 4733/25000 [2:57:55 > 41:15]
SOAP:  19%|█▉        | 4734/25000 [2:57:54 > 41:16]
SOAP:  19%|█▉        | 4735/25000 [2:58:00 > 41:16]
SOAP:  19%|█▉        | 4736/25000 [2:58:04 > 41:17]
SOAP:  19%|█▉        | 4737/25000 [2:57:56 > 41:17]
SOAP:  19%|█▉        | 4738/25000 [2:57:50 > 41:18]
SOAP:  19%|█▉        | 4739/25000 [2:56:20 > 41:18]
SOAP:  19%|█▉        | 4740/25000 [2:57:43 > 41:19]
SOAP:  19%|█▉        | 4741/25000 [2:57:44 > 41:19]
SOAP:  19%|█▉        | 4742/25000 [2:57:44 > 41:20]
SOAP:  19%|█▉        | 4743/25000 [2:57:41 > 41:21]
SOAP:  19%|█▉        | 4744/25000 [2:57:46 > 41:21]
SOAP:  19%|█▉        | 4745/25000 [2:57:43 > 41:22]
SOAP:  19%|█▉        | 4746/25000 [2:57:43 > 41:22]
SOAP:  19%|█▉        | 4747/25000 [2:57:45 > 41:23]
SOAP:  19%|█▉        | 4748/25000 [2:57:52 > 41:23]
SOAP:  19%|█▉        | 4749/25000 [2:57:50 > 41:24]
SOAP:  19%|█▉        | 4750/25000 [2:57:47 > 41:24]
SOAP:  19%|█▉        | 4751/25000 [2:57:49 > 41:25]
SOAP:  19%|█▉        | 4752/25000 [2:56:52 > 41:25]
SOAP:  19%|█▉        | 4753/25000 [2:56:57 > 41:26]
SOAP:  19%|█▉        | 4754/25000 [2:57:09 > 41:26]
SOAP:  19%|█▉        | 4755/25000 [2:57:14 > 41:27]
SOAP:  19%|█▉        | 4756/25000 [2:57:22 > 41:27]
SOAP:  19%|█▉        | 4757/25000 [2:57:19 > 41:28]
SOAP:  19%|█▉        | 4758/25000 [2:57:44 > 41:28]
SOAP:  19%|█▉        | 4759/25000 [2:57:43 > 41:29]
SOAP:  19%|█▉        | 4760/25000 [2:57:38 > 41:29]
SOAP:  19%|█▉        | 4761/25000 [2:57:22 > 41:30]
SOAP:  19%|█▉        | 4762/25000 [2:57:41 > 41:31]
SOAP:  19%|█▉        | 4763/25000 [2:57:36 > 41:31]
SOAP:  19%|█▉        | 4764/25000 [2:57:42 > 41:32]
SOAP:  19%|█▉        | 4765/25000 [2:57:41 > 41:32]
SOAP:  19%|█▉        | 4766/25000 [2:57:28 > 41:33]
SOAP:  19%|█▉        | 4767/25000 [2:57:03 > 41:33]
SOAP:  19%|█▉        | 4768/25000 [2:56:12 > 41:34]
SOAP:  19%|█▉        | 4769/25000 [2:57:09 > 41:34]
SOAP:  19%|█▉        | 4770/25000 [2:57:33 > 41:35]
SOAP:  19%|█▉        | 4771/25000 [2:57:28 > 41:35]
SOAP:  19%|█▉        | 4772/25000 [2:57:25 > 41:36]
SOAP:  19%|█▉        | 4773/25000 [2:57:29 > 41:36]
SOAP:  19%|█▉        | 4774/25000 [2:57:35 > 41:37]
SOAP:  19%|█▉        | 4775/25000 [2:57:36 > 41:37]
SOAP:  19%|█▉        | 4776/25000 [2:57:26 > 41:38]
SOAP:  19%|█▉        | 4777/25000 [2:57:31 > 41:38]
SOAP:  19%|█▉        | 4778/25000 [2:57:32 > 41:39]
SOAP:  19%|█▉        | 4779/25000 [2:57:38 > 41:39]
SOAP:  19%|█▉        | 4780/25000 [2:57:31 > 41:40]
SOAP:  19%|█▉        | 4781/25000 [2:56:35 > 41:41]
SOAP:  19%|█▉        | 4782/25000 [2:56:45 > 41:41]
SOAP:  19%|█▉        | 4783/25000 [2:56:59 > 41:42]
SOAP:  19%|█▉        | 4784/25000 [2:57:17 > 41:42]
SOAP:  19%|█▉        | 4785/25000 [2:57:21 > 41:43]
SOAP:  19%|█▉        | 4786/25000 [2:57:20 > 41:43]
SOAP:  19%|█▉        | 4787/25000 [2:57:28 > 41:44]
SOAP:  19%|█▉        | 4788/25000 [2:57:22 > 41:44]
SOAP:  19%|█▉        | 4789/25000 [2:57:29 > 41:45]
SOAP:  19%|█▉        | 4790/25000 [2:57:30 > 41:45]
SOAP:  19%|█▉        | 4791/25000 [2:57:24 > 41:46]
SOAP:  19%|█▉        | 4792/25000 [2:57:20 > 41:46]
SOAP:  19%|█▉        | 4793/25000 [2:57:25 > 41:47]
SOAP:  19%|█▉        | 4794/25000 [2:57:26 > 41:47]
SOAP:  19%|█▉        | 4795/25000 [2:57:21 > 41:48]
SOAP:  19%|█▉        | 4796/25000 [2:57:23 > 41:48]
SOAP:  19%|█▉        | 4797/25000 [2:57:25 > 41:49]
SOAP:  19%|█▉        | 4798/25000 [2:57:28 > 41:49]
SOAP:  19%|█▉        | 4799/25000 [2:57:27 > 41:50]
SOAP:  19%|█▉        | 4800/25000 [2:57:26 > 41:51]
SOAP:  19%|█▉        | 4801/25000 [2:57:20 > 41:51]
SOAP:  19%|█▉        | 4802/25000 [2:57:19 > 41:52]
SOAP:  19%|█▉        | 4803/25000 [2:57:11 > 41:52]
SOAP:  19%|█▉        | 4804/25000 [2:57:12 > 41:53]
SOAP:  19%|█▉        | 4805/25000 [2:57:13 > 41:53]
SOAP:  19%|█▉        | 4806/25000 [2:57:27 > 41:54]
SOAP:  19%|█▉        | 4807/25000 [2:57:21 > 41:54]
SOAP:  19%|█▉        | 4808/25000 [2:57:14 > 41:55]
SOAP:  19%|█▉        | 4809/25000 [2:57:11 > 41:55]
SOAP:  19%|█▉        | 4810/25000 [2:57:21 > 41:56]
SOAP:  19%|█▉        | 4811/25000 [2:57:26 > 41:56]
SOAP:  19%|█▉        | 4812/25000 [2:57:18 > 41:57]
SOAP:  19%|█▉        | 4813/25000 [2:57:03 > 41:57]
SOAP:  19%|█▉        | 4814/25000 [2:57:20 > 41:58]
SOAP:  19%|█▉        | 4815/25000 [2:57:26 > 41:58]
SOAP:  19%|█▉        | 4816/25000 [2:55:46 > 41:59]
SOAP:  19%|█▉        | 4817/25000 [2:57:05 > 41:59]
SOAP:  19%|█▉        | 4818/25000 [2:57:09 > 42:00]
SOAP:  19%|█▉        | 4819/25000 [2:56:43 > 42:01]
SOAP:  19%|█▉        | 4820/25000 [2:56:42 > 42:01]
SOAP:  19%|█▉        | 4821/25000 [2:56:46 > 42:02]
SOAP:  19%|█▉        | 4822/25000 [2:57:31 > 42:02]
SOAP:  19%|█▉        | 4823/25000 [2:56:40 > 42:03]
SOAP:  19%|█▉        | 4824/25000 [2:56:34 > 42:03]
SOAP:  19%|█▉        | 4825/25000 [2:56:24 > 42:04]
SOAP:  19%|█▉        | 4826/25000 [2:56:36 > 42:04]
SOAP:  19%|█▉        | 4827/25000 [2:56:51 > 42:05]
SOAP:  19%|█▉        | 4828/25000 [2:56:50 > 42:05]
SOAP:  19%|█▉        | 4829/25000 [2:56:54 > 42:06]
SOAP:  19%|█▉        | 4830/25000 [2:56:55 > 42:06]
SOAP:  19%|█▉        | 4831/25000 [2:57:09 > 42:07]
SOAP:  19%|█▉        | 4832/25000 [2:57:03 > 42:07]
SOAP:  19%|█▉        | 4833/25000 [2:57:10 > 42:08]
SOAP:  19%|█▉        | 4834/25000 [2:56:56 > 42:08]
SOAP:  19%|█▉        | 4835/25000 [2:55:31 > 42:09]
SOAP:  19%|█▉        | 4836/25000 [2:56:49 > 42:09]
SOAP:  19%|█▉        | 4837/25000 [2:56:58 > 42:10]
SOAP:  19%|█▉        | 4838/25000 [2:57:03 > 42:11]
SOAP:  19%|█▉        | 4839/25000 [2:56:57 > 42:11]
SOAP:  19%|█▉        | 4840/25000 [2:56:56 > 42:12]
SOAP:  19%|█▉        | 4841/25000 [2:56:57 > 42:12]
SOAP:  19%|█▉        | 4842/25000 [2:57:06 > 42:13]
SOAP:  19%|█▉        | 4843/25000 [2:57:11 > 42:13]
SOAP:  19%|█▉        | 4844/25000 [2:56:58 > 42:14]
SOAP:  19%|█▉        | 4845/25000 [2:56:52 > 42:14]
SOAP:  19%|█▉        | 4846/25000 [2:56:40 > 42:15]
SOAP:  19%|█▉        | 4847/25000 [2:56:20 > 42:15]
SOAP:  19%|█▉        | 4848/25000 [2:56:25 > 42:16]
SOAP:  19%|█▉        | 4849/25000 [2:56:30 > 42:16]
SOAP:  19%|█▉        | 4850/25000 [2:56:39 > 42:17]
SOAP:  19%|█▉        | 4851/25000 [2:56:47 > 42:17]
SOAP:  19%|█▉        | 4852/25000 [2:56:50 > 42:18]
SOAP:  19%|█▉        | 4853/25000 [2:56:44 > 42:18]
SOAP:  19%|█▉        | 4854/25000 [2:56:45 > 42:19]
SOAP:  19%|█▉        | 4855/25000 [2:56:47 > 42:19]
SOAP:  19%|█▉        | 4856/25000 [2:56:53 > 42:20]
SOAP:  19%|█▉        | 4857/25000 [2:56:53 > 42:21]
SOAP:  19%|█▉        | 4858/25000 [2:56:50 > 42:21]
SOAP:  19%|█▉        | 4859/25000 [2:56:53 > 42:22]
SOAP:  19%|█▉        | 4860/25000 [2:56:45 > 42:22]
SOAP:  19%|█▉        | 4861/25000 [2:56:54 > 42:23]
SOAP:  19%|█▉        | 4862/25000 [2:56:48 > 42:23]
SOAP:  19%|█▉        | 4863/25000 [2:56:44 > 42:24]
SOAP:  19%|█▉        | 4864/25000 [2:56:41 > 42:24]
SOAP:  19%|█▉        | 4865/25000 [2:56:48 > 42:25]
SOAP:  19%|█▉        | 4866/25000 [2:56:43 > 42:25]
SOAP:  19%|█▉        | 4867/25000 [2:56:44 > 42:26]
SOAP:  19%|█▉        | 4868/25000 [2:56:42 > 42:26]
SOAP:  19%|█▉        | 4869/25000 [2:56:39 > 42:27]
SOAP:  19%|█▉        | 4870/25000 [2:56:39 > 42:27]
SOAP:  19%|█▉        | 4871/25000 [2:56:42 > 42:28]
SOAP:  19%|█▉        | 4872/25000 [2:56:51 > 42:28]
SOAP:  19%|█▉        | 4873/25000 [2:56:47 > 42:29]
SOAP:  19%|█▉        | 4874/25000 [2:56:44 > 42:29]
SOAP:  20%|█▉        | 4875/25000 [2:56:50 > 42:30]
SOAP:  20%|█▉        | 4876/25000 [2:56:48 > 42:31]
SOAP:  20%|█▉        | 4877/25000 [2:56:44 > 42:31]
SOAP:  20%|█▉        | 4878/25000 [2:56:46 > 42:32]
SOAP:  20%|█▉        | 4879/25000 [2:56:44 > 42:32]
SOAP:  20%|█▉        | 4880/25000 [2:56:53 > 42:33]
SOAP:  20%|█▉        | 4881/25000 [2:56:46 > 42:33]
SOAP:  20%|█▉        | 4882/25000 [2:56:21 > 42:34]
SOAP:  20%|█▉        | 4883/25000 [2:56:29 > 42:34]
SOAP:  20%|█▉        | 4884/25000 [2:56:22 > 42:35]
SOAP:  20%|█▉        | 4885/25000 [2:55:47 > 42:35]
SOAP:  20%|█▉        | 4886/25000 [2:55:04 > 42:36]
SOAP:  20%|█▉        | 4887/25000 [2:55:20 > 42:36]
SOAP:  20%|█▉        | 4888/25000 [2:55:07 > 42:37]
SOAP:  20%|█▉        | 4889/25000 [2:54:54 > 42:37]
SOAP:  20%|█▉        | 4890/25000 [2:54:49 > 42:38]
SOAP:  20%|█▉        | 4891/25000 [2:54:44 > 42:38]
SOAP:  20%|█▉        | 4892/25000 [2:54:41 > 42:39]
SOAP:  20%|█▉        | 4893/25000 [2:53:56 > 42:39]
SOAP:  20%|█▉        | 4894/25000 [2:54:53 > 42:40]
SOAP:  20%|█▉        | 4895/25000 [2:54:47 > 42:40]
SOAP:  20%|█▉        | 4896/25000 [2:54:38 > 42:41]
SOAP:  20%|█▉        | 4897/25000 [2:54:42 > 42:42]
SOAP:  20%|█▉        | 4898/25000 [2:54:41 > 42:42]
SOAP:  20%|█▉        | 4899/25000 [2:54:29 > 42:43]
SOAP:  20%|█▉        | 4900/25000 [2:54:30 > 42:43]
SOAP:  20%|█▉        | 4901/25000 [2:56:19 > 42:44]
SOAP:  20%|█▉        | 4902/25000 [2:54:58 > 42:44]
SOAP:  20%|█▉        | 4903/25000 [2:54:50 > 42:45]
SOAP:  20%|█▉        | 4904/25000 [2:54:42 > 42:45]
SOAP:  20%|█▉        | 4905/25000 [2:54:40 > 42:46]
SOAP:  20%|█▉        | 4906/25000 [2:54:34 > 42:46]
SOAP:  20%|█▉        | 4907/25000 [2:54:33 > 42:47]
SOAP:  20%|█▉        | 4908/25000 [2:54:31 > 42:47]
SOAP:  20%|█▉        | 4909/25000 [2:54:26 > 42:48]
SOAP:  20%|█▉        | 4910/25000 [2:54:25 > 42:48]
SOAP:  20%|█▉        | 4911/25000 [2:54:27 > 42:49]
SOAP:  20%|█▉        | 4912/25000 [2:54:23 > 42:49]
SOAP:  20%|█▉        | 4913/25000 [2:54:27 > 42:50]
SOAP:  20%|█▉        | 4914/25000 [2:54:30 > 42:50]
SOAP:  20%|█▉        | 4915/25000 [2:54:29 > 42:51]
SOAP:  20%|█▉        | 4916/25000 [2:54:22 > 42:51]
SOAP:  20%|█▉        | 4917/25000 [2:54:23 > 42:52]
SOAP:  20%|█▉        | 4918/25000 [2:54:21 > 42:52]
SOAP:  20%|█▉        | 4919/25000 [2:54:26 > 42:53]
SOAP:  20%|█▉        | 4920/25000 [2:54:21 > 42:54]
SOAP:  20%|█▉        | 4921/25000 [2:54:13 > 42:54]
SOAP:  20%|█▉        | 4922/25000 [2:54:21 > 42:55]
SOAP:  20%|█▉        | 4923/25000 [2:54:20 > 42:55]
SOAP:  20%|█▉        | 4924/25000 [2:54:17 > 42:56]
SOAP:  20%|█▉        | 4925/25000 [2:54:13 > 42:56]
SOAP:  20%|█▉        | 4926/25000 [2:54:19 > 42:57]
SOAP:  20%|█▉        | 4927/25000 [2:54:18 > 42:57]
SOAP:  20%|█▉        | 4928/25000 [2:54:22 > 42:58]
SOAP:  20%|█▉        | 4929/25000 [2:54:16 > 42:58]
SOAP:  20%|█▉        | 4930/25000 [2:52:30 > 42:59]
SOAP:  20%|█▉        | 4931/25000 [2:54:25 > 42:59]
SOAP:  20%|█▉        | 4932/25000 [2:54:27 > 43:00]
SOAP:  20%|█▉        | 4933/25000 [2:54:21 > 43:00]
SOAP:  20%|█▉        | 4934/25000 [2:54:16 > 43:01]
SOAP:  20%|█▉        | 4935/25000 [2:54:15 > 43:01]
SOAP:  20%|█▉        | 4936/25000 [2:54:09 > 43:02]
SOAP:  20%|█▉        | 4937/25000 [2:53:22 > 43:02]
SOAP:  20%|█▉        | 4938/25000 [2:54:34 > 43:03]
SOAP:  20%|█▉        | 4939/25000 [2:54:31 > 43:03]
SOAP:  20%|█▉        | 4940/25000 [2:54:23 > 43:04]
SOAP:  20%|█▉        | 4941/25000 [2:54:14 > 43:04]
SOAP:  20%|█▉        | 4942/25000 [2:54:05 > 43:05]
SOAP:  20%|█▉        | 4943/25000 [2:54:02 > 43:05]
SOAP:  20%|█▉        | 4944/25000 [2:54:07 > 43:06]
SOAP:  20%|█▉        | 4945/25000 [2:54:06 > 43:07]
SOAP:  20%|█▉        | 4946/25000 [2:54:08 > 43:07]
SOAP:  20%|█▉        | 4947/25000 [2:54:14 > 43:08]
SOAP:  20%|█▉        | 4948/25000 [2:54:01 > 43:08]
SOAP:  20%|█▉        | 4949/25000 [2:54:09 > 43:09]
SOAP:  20%|█▉        | 4950/25000 [2:54:01 > 43:09]
SOAP:  20%|█▉        | 4951/25000 [2:52:48 > 43:10]
SOAP:  20%|█▉        | 4952/25000 [2:54:26 > 43:10]
SOAP:  20%|█▉        | 4953/25000 [2:54:21 > 43:11]
SOAP:  20%|█▉        | 4954/25000 [2:54:14 > 43:11]
SOAP:  20%|█▉        | 4955/25000 [2:54:17 > 43:12]
SOAP:  20%|█▉        | 4956/25000 [2:54:11 > 43:12]
SOAP:  20%|█▉        | 4957/25000 [2:54:09 > 43:13]
SOAP:  20%|█▉        | 4958/25000 [2:54:04 > 43:13]
SOAP:  20%|█▉        | 4959/25000 [2:54:03 > 43:14]
SOAP:  20%|█▉        | 4960/25000 [2:53:57 > 43:14]
SOAP:  20%|█▉        | 4961/25000 [2:54:00 > 43:15]
SOAP:  20%|█▉        | 4962/25000 [2:54:01 > 43:15]
SOAP:  20%|█▉        | 4963/25000 [2:54:01 > 43:16]
SOAP:  20%|█▉        | 4964/25000 [2:53:58 > 43:16]
SOAP:  20%|█▉        | 4965/25000 [2:54:00 > 43:17]
SOAP:  20%|█▉        | 4966/25000 [2:53:53 > 43:17]
SOAP:  20%|█▉        | 4967/25000 [2:53:58 > 43:18]
SOAP:  20%|█▉        | 4968/25000 [2:53:57 > 43:19]
SOAP:  20%|█▉        | 4969/25000 [2:53:54 > 43:19]
SOAP:  20%|█▉        | 4970/25000 [2:53:58 > 43:20]
SOAP:  20%|█▉        | 4971/25000 [2:53:57 > 43:20]
SOAP:  20%|█▉        | 4972/25000 [2:53:55 > 43:21]
SOAP:  20%|█▉        | 4973/25000 [2:53:58 > 43:21]
SOAP:  20%|█▉        | 4974/25000 [2:53:59 > 43:22]
SOAP:  20%|█▉        | 4975/25000 [2:53:54 > 43:22]
SOAP:  20%|█▉        | 4976/25000 [2:53:50 > 43:23]
SOAP:  20%|█▉        | 4977/25000 [2:53:42 > 43:23]
SOAP:  20%|█▉        | 4978/25000 [2:53:46 > 43:24]
SOAP:  20%|█▉        | 4979/25000 [2:53:48 > 43:24]
SOAP:  20%|█▉        | 4980/25000 [2:53:46 > 43:25]
SOAP:  20%|█▉        | 4981/25000 [2:53:50 > 43:25]
SOAP:  20%|█▉        | 4982/25000 [2:53:46 > 43:26]
SOAP:  20%|█▉        | 4983/25000 [2:53:48 > 43:26]
SOAP:  20%|█▉        | 4984/25000 [2:53:49 > 43:27]
SOAP:  20%|█▉        | 4985/25000 [2:53:43 > 43:27]
SOAP:  20%|█▉        | 4986/25000 [2:53:48 > 43:28]
SOAP:  20%|█▉        | 4987/25000 [2:53:47 > 43:28]
SOAP:  20%|█▉        | 4988/25000 [2:53:42 > 43:29]
SOAP:  20%|█▉        | 4989/25000 [2:53:43 > 43:29]
SOAP:  20%|█▉        | 4990/25000 [2:52:21 > 43:30]
SOAP:  20%|█▉        | 4991/25000 [2:54:12 > 43:31]
SOAP:  20%|█▉        | 4992/25000 [2:54:03 > 43:31]
SOAP:  20%|█▉        | 4993/25000 [2:53:53 > 43:32]
SOAP:  20%|█▉        | 4994/25000 [2:53:50 > 43:32]
SOAP:  20%|█▉        | 4995/25000 [2:53:38 > 43:33]
SOAP:  20%|█▉        | 4996/25000 [2:53:37 > 43:33]
SOAP:  20%|█▉        | 4997/25000 [2:52:17 > 43:34]
SOAP:  20%|█▉        | 4998/25000 [2:54:01 > 43:34]
SOAP:  20%|█▉        | 4999/25000 [2:54:00 > 43:35]
SOAP:  20%|██        | 5000/25000 [2:53:58 > 43:35]
SOAP:  20%|██        | 5001/25000 [2:55:34 > 43:36]
SOAP:  20%|██        | 5002/25000 [2:54:11 > 43:36]
SOAP:  20%|██        | 5003/25000 [2:54:04 > 43:37]
SOAP:  20%|██        | 5004/25000 [2:53:58 > 43:37]
SOAP:  20%|██        | 5005/25000 [2:53:50 > 43:38]
SOAP:  20%|██        | 5006/25000 [2:53:46 > 43:38]
SOAP:  20%|██        | 5007/25000 [2:53:43 > 43:39]
SOAP:  20%|██        | 5008/25000 [2:53:33 > 43:39]
SOAP:  20%|██        | 5009/25000 [2:53:37 > 43:40]
SOAP:  20%|██        | 5010/25000 [2:53:32 > 43:40]
SOAP:  20%|██        | 5011/25000 [2:53:33 > 43:41]
SOAP:  20%|██        | 5012/25000 [2:53:30 > 43:41]
SOAP:  20%|██        | 5013/25000 [2:53:35 > 43:42]
SOAP:  20%|██        | 5014/25000 [2:53:30 > 43:42]
SOAP:  20%|██        | 5015/25000 [2:53:28 > 43:43]
SOAP:  20%|██        | 5016/25000 [2:53:29 > 43:44]
SOAP:  20%|██        | 5017/25000 [2:53:23 > 43:44]
SOAP:  20%|██        | 5018/25000 [2:53:29 > 43:45]
SOAP:  20%|██        | 5019/25000 [2:53:32 > 43:45]
SOAP:  20%|██        | 5020/25000 [2:53:27 > 43:46]
SOAP:  20%|██        | 5021/25000 [2:53:26 > 43:46]
SOAP:  20%|██        | 5022/25000 [2:53:28 > 43:47]
SOAP:  20%|██        | 5023/25000 [2:53:29 > 43:47]
SOAP:  20%|██        | 5024/25000 [2:53:26 > 43:48]
SOAP:  20%|██        | 5025/25000 [2:53:22 > 43:48]
SOAP:  20%|██        | 5026/25000 [2:53:22 > 43:49]
SOAP:  20%|██        | 5027/25000 [2:52:08 > 43:49]
SOAP:  20%|██        | 5028/25000 [2:53:51 > 43:50]
SOAP:  20%|██        | 5029/25000 [2:53:30 > 43:50]
SOAP:  20%|██        | 5030/25000 [2:53:41 > 43:51]
SOAP:  20%|██        | 5031/25000 [2:53:35 > 43:51]
SOAP:  20%|██        | 5032/25000 [2:53:27 > 43:52]
SOAP:  20%|██        | 5033/25000 [2:53:26 > 43:52]
SOAP:  20%|██        | 5034/25000 [2:53:24 > 43:53]
SOAP:  20%|██        | 5035/25000 [2:53:21 > 43:53]
SOAP:  20%|██        | 5036/25000 [2:53:18 > 43:54]
SOAP:  20%|██        | 5037/25000 [2:53:24 > 43:54]
SOAP:  20%|██        | 5038/25000 [2:53:17 > 43:55]
SOAP:  20%|██        | 5039/25000 [2:53:19 > 43:56]
SOAP:  20%|██        | 5040/25000 [2:53:25 > 43:56]
SOAP:  20%|██        | 5041/25000 [2:52:09 > 43:57]
SOAP:  20%|██        | 5042/25000 [2:53:43 > 43:57]
SOAP:  20%|██        | 5043/25000 [2:53:35 > 43:58]
SOAP:  20%|██        | 5044/25000 [2:53:33 > 43:58]
SOAP:  20%|██        | 5045/25000 [2:53:30 > 43:59]
SOAP:  20%|██        | 5046/25000 [2:53:24 > 43:59]
SOAP:  20%|██        | 5047/25000 [2:53:22 > 44:00]
SOAP:  20%|██        | 5048/25000 [2:53:16 > 44:00]
SOAP:  20%|██        | 5049/25000 [2:52:01 > 44:01]
SOAP:  20%|██        | 5050/25000 [2:53:41 > 44:01]
SOAP:  20%|██        | 5051/25000 [2:53:32 > 44:02]
SOAP:  20%|██        | 5052/25000 [2:53:09 > 44:02]
SOAP:  20%|██        | 5053/25000 [2:53:43 > 44:03]
SOAP:  20%|██        | 5054/25000 [2:53:26 > 44:03]
SOAP:  20%|██        | 5055/25000 [2:53:25 > 44:04]
SOAP:  20%|██        | 5056/25000 [2:53:23 > 44:04]
SOAP:  20%|██        | 5057/25000 [2:51:48 > 44:05]
SOAP:  20%|██        | 5058/25000 [2:53:37 > 44:05]
SOAP:  20%|██        | 5059/25000 [2:53:29 > 44:06]
SOAP:  20%|██        | 5060/25000 [2:53:28 > 44:06]
SOAP:  20%|██        | 5061/25000 [2:53:23 > 44:07]
SOAP:  20%|██        | 5062/25000 [2:53:12 > 44:08]
SOAP:  20%|██        | 5063/25000 [2:53:10 > 44:08]
SOAP:  20%|██        | 5064/25000 [2:53:10 > 44:09]
SOAP:  20%|██        | 5065/25000 [2:53:03 > 44:09]
SOAP:  20%|██        | 5066/25000 [2:53:00 > 44:10]
SOAP:  20%|██        | 5067/25000 [2:53:02 > 44:10]
SOAP:  20%|██        | 5068/25000 [2:53:08 > 44:11]
SOAP:  20%|██        | 5069/25000 [2:52:57 > 44:11]
SOAP:  20%|██        | 5070/25000 [2:53:10 > 44:12]
SOAP:  20%|██        | 5071/25000 [2:53:27 > 44:12]
SOAP:  20%|██        | 5072/25000 [2:53:22 > 44:13]
SOAP:  20%|██        | 5073/25000 [2:53:10 > 44:13]
SOAP:  20%|██        | 5074/25000 [2:53:12 > 44:14]
SOAP:  20%|██        | 5075/25000 [2:53:03 > 44:14]
SOAP:  20%|██        | 5076/25000 [2:53:07 > 44:15]
SOAP:  20%|██        | 5077/25000 [2:53:04 > 44:15]
SOAP:  20%|██        | 5078/25000 [2:53:09 > 44:16]
SOAP:  20%|██        | 5079/25000 [2:52:57 > 44:16]
SOAP:  20%|██        | 5080/25000 [2:53:02 > 44:17]
SOAP:  20%|██        | 5081/25000 [2:52:55 > 44:17]
SOAP:  20%|██        | 5082/25000 [2:52:56 > 44:18]
SOAP:  20%|██        | 5083/25000 [2:52:54 > 44:18]
SOAP:  20%|██        | 5084/25000 [2:52:59 > 44:19]
SOAP:  20%|██        | 5085/25000 [2:52:53 > 44:19]
SOAP:  20%|██        | 5086/25000 [2:52:57 > 44:20]
SOAP:  20%|██        | 5087/25000 [2:51:35 > 44:21]
SOAP:  20%|██        | 5088/25000 [2:53:18 > 44:21]
SOAP:  20%|██        | 5089/25000 [2:52:41 > 44:22]
SOAP:  20%|██        | 5090/25000 [2:53:33 > 44:22]
SOAP:  20%|██        | 5091/25000 [2:53:20 > 44:23]
SOAP:  20%|██        | 5092/25000 [2:53:12 > 44:23]
SOAP:  20%|██        | 5093/25000 [2:53:04 > 44:24]
SOAP:  20%|██        | 5094/25000 [2:52:55 > 44:24]
SOAP:  20%|██        | 5095/25000 [2:52:54 > 44:25]
SOAP:  20%|██        | 5096/25000 [2:52:49 > 44:25]
SOAP:  20%|██        | 5097/25000 [2:52:51 > 44:26]
SOAP:  20%|██        | 5098/25000 [2:52:48 > 44:26]
SOAP:  20%|██        | 5099/25000 [2:52:47 > 44:27]
SOAP:  20%|██        | 5100/25000 [2:52:47 > 44:27]
SOAP:  20%|██        | 5101/25000 [2:54:29 > 44:28]
SOAP:  20%|██        | 5102/25000 [2:53:09 > 44:28]
SOAP:  20%|██        | 5103/25000 [2:53:02 > 44:29]
SOAP:  20%|██        | 5104/25000 [2:53:00 > 44:29]
SOAP:  20%|██        | 5105/25000 [2:52:58 > 44:30]
SOAP:  20%|██        | 5106/25000 [2:52:51 > 44:30]
SOAP:  20%|██        | 5107/25000 [2:52:50 > 44:31]
SOAP:  20%|██        | 5108/25000 [2:52:38 > 44:31]
SOAP:  20%|██        | 5109/25000 [2:52:39 > 44:32]
SOAP:  20%|██        | 5110/25000 [2:52:38 > 44:33]
SOAP:  20%|██        | 5111/25000 [2:52:42 > 44:33]
SOAP:  20%|██        | 5112/25000 [2:51:20 > 44:34]
SOAP:  20%|██        | 5113/25000 [2:53:09 > 44:34]
SOAP:  20%|██        | 5114/25000 [2:53:04 > 44:35]
SOAP:  20%|██        | 5115/25000 [2:53:03 > 44:35]
SOAP:  20%|██        | 5116/25000 [2:52:51 > 44:36]
SOAP:  20%|██        | 5117/25000 [2:52:57 > 44:36]
SOAP:  20%|██        | 5118/25000 [2:53:11 > 44:37]
SOAP:  20%|██        | 5119/25000 [2:53:03 > 44:37]
SOAP:  20%|██        | 5120/25000 [2:52:53 > 44:38]
SOAP:  20%|██        | 5121/25000 [2:52:48 > 44:38]
SOAP:  20%|██        | 5122/25000 [2:52:45 > 44:39]
SOAP:  20%|██        | 5123/25000 [2:52:41 > 44:39]
SOAP:  20%|██        | 5124/25000 [2:52:44 > 44:40]
SOAP:  20%|██        | 5125/25000 [2:52:42 > 44:40]
SOAP:  21%|██        | 5126/25000 [2:51:45 > 44:41]
SOAP:  21%|██        | 5127/25000 [2:52:43 > 44:41]
SOAP:  21%|██        | 5128/25000 [2:52:47 > 44:42]
SOAP:  21%|██        | 5129/25000 [2:52:57 > 44:42]
SOAP:  21%|██        | 5130/25000 [2:52:46 > 44:43]
SOAP:  21%|██        | 5131/25000 [2:52:49 > 44:43]
SOAP:  21%|██        | 5132/25000 [2:52:46 > 44:44]
SOAP:  21%|██        | 5133/25000 [2:52:38 > 44:45]
SOAP:  21%|██        | 5134/25000 [2:52:39 > 44:45]
SOAP:  21%|██        | 5135/25000 [2:52:43 > 44:46]
SOAP:  21%|██        | 5136/25000 [2:52:34 > 44:46]
SOAP:  21%|██        | 5137/25000 [2:52:40 > 44:47]
SOAP:  21%|██        | 5138/25000 [2:52:33 > 44:47]
SOAP:  21%|██        | 5139/25000 [2:52:29 > 44:48]
SOAP:  21%|██        | 5140/25000 [2:52:40 > 44:48]
SOAP:  21%|██        | 5141/25000 [2:53:04 > 44:49]
SOAP:  21%|██        | 5142/25000 [2:52:46 > 44:49]
SOAP:  21%|██        | 5143/25000 [2:52:44 > 44:50]
SOAP:  21%|██        | 5144/25000 [2:52:35 > 44:50]
SOAP:  21%|██        | 5145/25000 [2:52:37 > 44:51]
SOAP:  21%|██        | 5146/25000 [2:52:25 > 44:51]
SOAP:  21%|██        | 5147/25000 [2:52:25 > 44:52]
SOAP:  21%|██        | 5148/25000 [2:52:17 > 44:52]
SOAP:  21%|██        | 5149/25000 [2:52:23 > 44:53]
SOAP:  21%|██        | 5150/25000 [2:52:22 > 44:53]
SOAP:  21%|██        | 5151/25000 [2:52:22 > 44:54]
SOAP:  21%|██        | 5152/25000 [2:52:26 > 44:54]
SOAP:  21%|██        | 5153/25000 [2:52:25 > 44:55]
SOAP:  21%|██        | 5154/25000 [2:52:19 > 44:55]
SOAP:  21%|██        | 5155/25000 [2:52:20 > 44:56]
SOAP:  21%|██        | 5156/25000 [2:52:17 > 44:57]
SOAP:  21%|██        | 5157/25000 [2:52:21 > 44:57]
SOAP:  21%|██        | 5158/25000 [2:52:18 > 44:58]
SOAP:  21%|██        | 5159/25000 [2:52:11 > 44:58]
SOAP:  21%|██        | 5160/25000 [2:52:13 > 44:59]
SOAP:  21%|██        | 5161/25000 [2:52:32 > 44:59]
SOAP:  21%|██        | 5162/25000 [2:52:47 > 45:00]
SOAP:  21%|██        | 5163/25000 [2:52:36 > 45:00]
SOAP:  21%|██        | 5164/25000 [2:52:31 > 45:01]
SOAP:  21%|██        | 5165/25000 [2:51:00 > 45:01]
SOAP:  21%|██        | 5166/25000 [2:52:47 > 45:02]
SOAP:  21%|██        | 5167/25000 [2:52:31 > 45:02]
SOAP:  21%|██        | 5168/25000 [2:52:38 > 45:03]
SOAP:  21%|██        | 5169/25000 [2:52:59 > 45:03]
SOAP:  21%|██        | 5170/25000 [2:52:45 > 45:04]
SOAP:  21%|██        | 5171/25000 [2:52:33 > 45:04]
SOAP:  21%|██        | 5172/25000 [2:52:31 > 45:05]
SOAP:  21%|██        | 5173/25000 [2:52:28 > 45:05]
SOAP:  21%|██        | 5174/25000 [2:52:24 > 45:06]
SOAP:  21%|██        | 5175/25000 [2:52:16 > 45:06]
SOAP:  21%|██        | 5176/25000 [2:52:19 > 45:07]
SOAP:  21%|██        | 5177/25000 [2:52:18 > 45:07]
SOAP:  21%|██        | 5178/25000 [2:52:17 > 45:08]
SOAP:  21%|██        | 5179/25000 [2:52:07 > 45:09]
SOAP:  21%|██        | 5180/25000 [2:52:09 > 45:09]
SOAP:  21%|██        | 5181/25000 [2:52:09 > 45:10]
SOAP:  21%|██        | 5182/25000 [2:52:06 > 45:10]
SOAP:  21%|██        | 5183/25000 [2:52:03 > 45:11]
SOAP:  21%|██        | 5184/25000 [2:50:37 > 45:11]
SOAP:  21%|██        | 5185/25000 [2:52:33 > 45:12]
SOAP:  21%|██        | 5186/25000 [2:52:21 > 45:12]
SOAP:  21%|██        | 5187/25000 [2:52:23 > 45:13]
SOAP:  21%|██        | 5188/25000 [2:52:06 > 45:13]
SOAP:  21%|██        | 5189/25000 [2:52:16 > 45:14]
SOAP:  21%|██        | 5190/25000 [2:52:10 > 45:14]
SOAP:  21%|██        | 5191/25000 [2:52:16 > 45:15]
SOAP:  21%|██        | 5192/25000 [2:52:01 > 45:15]
SOAP:  21%|██        | 5193/25000 [2:52:09 > 45:16]
SOAP:  21%|██        | 5194/25000 [2:52:03 > 45:16]
SOAP:  21%|██        | 5195/25000 [2:52:01 > 45:17]
SOAP:  21%|██        | 5196/25000 [2:50:35 > 45:17]
SOAP:  21%|██        | 5197/25000 [2:52:27 > 45:18]
SOAP:  21%|██        | 5198/25000 [2:52:13 > 45:18]
SOAP:  21%|██        | 5199/25000 [2:52:13 > 45:19]
SOAP:  21%|██        | 5200/25000 [2:51:57 > 45:19]
SOAP:  21%|██        | 5201/25000 [2:53:42 > 45:20]
SOAP:  21%|██        | 5202/25000 [2:52:23 > 45:21]
SOAP:  21%|██        | 5203/25000 [2:52:12 > 45:21]
SOAP:  21%|██        | 5204/25000 [2:52:05 > 45:22]
SOAP:  21%|██        | 5205/25000 [2:51:56 > 45:22]
SOAP:  21%|██        | 5206/25000 [2:51:56 > 45:23]
SOAP:  21%|██        | 5207/25000 [2:51:54 > 45:23]
SOAP:  21%|██        | 5208/25000 [2:51:53 > 45:24]
SOAP:  21%|██        | 5209/25000 [2:51:57 > 45:24]
SOAP:  21%|██        | 5210/25000 [2:51:55 > 45:25]
SOAP:  21%|██        | 5211/25000 [2:51:55 > 45:25]
SOAP:  21%|██        | 5212/25000 [2:51:54 > 45:26]
SOAP:  21%|██        | 5213/25000 [2:51:49 > 45:26]
SOAP:  21%|██        | 5214/25000 [2:51:49 > 45:27]
SOAP:  21%|██        | 5215/25000 [2:51:51 > 45:27]
SOAP:  21%|██        | 5216/25000 [2:51:43 > 45:28]
SOAP:  21%|██        | 5217/25000 [2:51:46 > 45:28]
SOAP:  21%|██        | 5218/25000 [2:51:45 > 45:29]
SOAP:  21%|██        | 5219/25000 [2:51:46 > 45:29]
SOAP:  21%|██        | 5220/25000 [2:51:45 > 45:30]
SOAP:  21%|██        | 5221/25000 [2:51:45 > 45:30]
SOAP:  21%|██        | 5222/25000 [2:51:38 > 45:31]
SOAP:  21%|██        | 5223/25000 [2:50:12 > 45:31]
SOAP:  21%|██        | 5224/25000 [2:52:02 > 45:32]
SOAP:  21%|██        | 5225/25000 [2:51:29 > 45:32]
SOAP:  21%|██        | 5226/25000 [2:51:40 > 45:33]
SOAP:  21%|██        | 5227/25000 [2:51:41 > 45:34]
SOAP:  21%|██        | 5228/25000 [2:51:42 > 45:34]
SOAP:  21%|██        | 5229/25000 [2:51:46 > 45:35]
SOAP:  21%|██        | 5230/25000 [2:51:48 > 45:35]
SOAP:  21%|██        | 5231/25000 [2:51:41 > 45:36]
SOAP:  21%|██        | 5232/25000 [2:51:44 > 45:36]
SOAP:  21%|██        | 5233/25000 [2:51:41 > 45:37]
SOAP:  21%|██        | 5234/25000 [2:51:39 > 45:37]
SOAP:  21%|██        | 5235/25000 [2:51:39 > 45:38]
SOAP:  21%|██        | 5236/25000 [2:51:38 > 45:38]
SOAP:  21%|██        | 5237/25000 [2:51:39 > 45:39]
SOAP:  21%|██        | 5238/25000 [2:51:37 > 45:39]
SOAP:  21%|██        | 5239/25000 [2:51:38 > 45:40]
SOAP:  21%|██        | 5240/25000 [2:51:38 > 45:40]
SOAP:  21%|██        | 5241/25000 [2:51:39 > 45:41]
SOAP:  21%|██        | 5242/25000 [2:51:31 > 45:41]
SOAP:  21%|██        | 5243/25000 [2:51:29 > 45:42]
SOAP:  21%|██        | 5244/25000 [2:51:25 > 45:42]
SOAP:  21%|██        | 5245/25000 [2:51:27 > 45:43]
SOAP:  21%|██        | 5246/25000 [2:51:31 > 45:43]
SOAP:  21%|██        | 5247/25000 [2:51:35 > 45:44]
SOAP:  21%|██        | 5248/25000 [2:51:29 > 45:44]
SOAP:  21%|██        | 5249/25000 [2:51:27 > 45:45]
SOAP:  21%|██        | 5250/25000 [2:51:27 > 45:46]
SOAP:  21%|██        | 5251/25000 [2:51:31 > 45:46]
SOAP:  21%|██        | 5252/25000 [2:51:30 > 45:47]
SOAP:  21%|██        | 5253/25000 [2:51:28 > 45:47]
SOAP:  21%|██        | 5254/25000 [2:51:25 > 45:48]
SOAP:  21%|██        | 5255/25000 [2:51:25 > 45:48]
SOAP:  21%|██        | 5256/25000 [2:51:28 > 45:49]
SOAP:  21%|██        | 5257/25000 [2:51:23 > 45:49]
SOAP:  21%|██        | 5258/25000 [2:51:26 > 45:50]
SOAP:  21%|██        | 5259/25000 [2:51:26 > 45:50]
SOAP:  21%|██        | 5260/25000 [2:51:17 > 45:51]
SOAP:  21%|██        | 5261/25000 [2:51:19 > 45:51]
SOAP:  21%|██        | 5262/25000 [2:51:15 > 45:52]
SOAP:  21%|██        | 5263/25000 [2:51:20 > 45:52]
SOAP:  21%|██        | 5264/25000 [2:51:22 > 45:53]
SOAP:  21%|██        | 5265/25000 [2:51:17 > 45:53]
SOAP:  21%|██        | 5266/25000 [2:51:23 > 45:54]
SOAP:  21%|██        | 5267/25000 [2:51:23 > 45:54]
SOAP:  21%|██        | 5268/25000 [2:51:21 > 45:55]
SOAP:  21%|██        | 5269/25000 [2:51:18 > 45:55]
SOAP:  21%|██        | 5270/25000 [2:49:57 > 45:56]
SOAP:  21%|██        | 5271/25000 [2:51:44 > 45:56]
SOAP:  21%|██        | 5272/25000 [2:51:33 > 45:57]
SOAP:  21%|██        | 5273/25000 [2:51:27 > 45:57]
SOAP:  21%|██        | 5274/25000 [2:51:28 > 45:58]
SOAP:  21%|██        | 5275/25000 [2:51:20 > 45:59]
SOAP:  21%|██        | 5276/25000 [2:49:58 > 45:59]
SOAP:  21%|██        | 5277/25000 [2:51:41 > 46:00]
SOAP:  21%|██        | 5278/25000 [2:51:24 > 46:00]
SOAP:  21%|██        | 5279/25000 [2:51:24 > 46:01]
SOAP:  21%|██        | 5280/25000 [2:51:13 > 46:01]
SOAP:  21%|██        | 5281/25000 [2:51:15 > 46:02]
SOAP:  21%|██        | 5282/25000 [2:51:20 > 46:02]
SOAP:  21%|██        | 5283/25000 [2:51:41 > 46:03]
SOAP:  21%|██        | 5284/25000 [2:51:26 > 46:03]
SOAP:  21%|██        | 5285/25000 [2:51:26 > 46:04]
SOAP:  21%|██        | 5286/25000 [2:51:18 > 46:04]
SOAP:  21%|██        | 5287/25000 [2:51:15 > 46:05]
SOAP:  21%|██        | 5288/25000 [2:51:10 > 46:05]
SOAP:  21%|██        | 5289/25000 [2:51:15 > 46:06]
SOAP:  21%|██        | 5290/25000 [2:51:10 > 46:06]
SOAP:  21%|██        | 5291/25000 [2:50:53 > 46:07]
SOAP:  21%|██        | 5292/25000 [2:51:07 > 46:07]
SOAP:  21%|██        | 5293/25000 [2:51:07 > 46:08]
SOAP:  21%|██        | 5294/25000 [2:51:07 > 46:08]
SOAP:  21%|██        | 5295/25000 [2:50:56 > 46:09]
SOAP:  21%|██        | 5296/25000 [2:50:59 > 46:09]
SOAP:  21%|██        | 5297/25000 [2:50:57 > 46:10]
SOAP:  21%|██        | 5298/25000 [2:50:57 > 46:11]
SOAP:  21%|██        | 5299/25000 [2:51:02 > 46:11]
SOAP:  21%|██        | 5300/25000 [2:51:00 > 46:12]
SOAP:  21%|██        | 5301/25000 [2:52:38 > 46:12]
SOAP:  21%|██        | 5302/25000 [2:50:12 > 46:13]
SOAP:  21%|██        | 5303/25000 [2:51:42 > 46:13]
SOAP:  21%|██        | 5304/25000 [2:51:27 > 46:14]
SOAP:  21%|██        | 5305/25000 [2:51:15 > 46:14]
SOAP:  21%|██        | 5306/25000 [2:51:12 > 46:15]
SOAP:  21%|██        | 5307/25000 [2:49:47 > 46:15]
SOAP:  21%|██        | 5308/25000 [2:50:09 > 46:16]
SOAP:  21%|██        | 5309/25000 [2:50:23 > 46:16]
SOAP:  21%|██        | 5310/25000 [2:50:40 > 46:17]
SOAP:  21%|██        | 5311/25000 [2:50:42 > 46:17]
SOAP:  21%|██        | 5312/25000 [2:50:51 > 46:18]
SOAP:  21%|██▏       | 5313/25000 [2:50:50 > 46:18]
SOAP:  21%|██▏       | 5314/25000 [2:50:57 > 46:19]
SOAP:  21%|██▏       | 5315/25000 [2:50:49 > 46:19]
SOAP:  21%|██▏       | 5316/25000 [2:51:01 > 46:20]
SOAP:  21%|██▏       | 5317/25000 [2:51:00 > 46:20]
SOAP:  21%|██▏       | 5318/25000 [2:50:53 > 46:21]
SOAP:  21%|██▏       | 5319/25000 [2:50:57 > 46:21]
SOAP:  21%|██▏       | 5320/25000 [2:51:05 > 46:22]
SOAP:  21%|██▏       | 5321/25000 [2:50:55 > 46:23]
SOAP:  21%|██▏       | 5322/25000 [2:51:07 > 46:23]
SOAP:  21%|██▏       | 5323/25000 [2:50:59 > 46:24]
SOAP:  21%|██▏       | 5324/25000 [2:51:00 > 46:24]
SOAP:  21%|██▏       | 5325/25000 [2:50:58 > 46:25]
SOAP:  21%|██▏       | 5326/25000 [2:50:50 > 46:25]
SOAP:  21%|██▏       | 5327/25000 [2:50:50 > 46:26]
SOAP:  21%|██▏       | 5328/25000 [2:50:45 > 46:26]
SOAP:  21%|██▏       | 5329/25000 [2:50:55 > 46:27]
SOAP:  21%|██▏       | 5330/25000 [2:50:50 > 46:27]
SOAP:  21%|██▏       | 5331/25000 [2:50:55 > 46:28]
SOAP:  21%|██▏       | 5332/25000 [2:50:52 > 46:28]
SOAP:  21%|██▏       | 5333/25000 [2:52:11 > 46:29]
SOAP:  21%|██▏       | 5334/25000 [2:51:31 > 46:29]
SOAP:  21%|██▏       | 5335/25000 [2:51:22 > 46:30]
SOAP:  21%|██▏       | 5336/25000 [2:51:09 > 46:30]
SOAP:  21%|██▏       | 5337/25000 [2:50:59 > 46:31]
SOAP:  21%|██▏       | 5338/25000 [2:51:00 > 46:31]
SOAP:  21%|██▏       | 5339/25000 [2:50:58 > 46:32]
SOAP:  21%|██▏       | 5340/25000 [2:50:56 > 46:32]
SOAP:  21%|██▏       | 5341/25000 [2:50:52 > 46:33]
SOAP:  21%|██▏       | 5342/25000 [2:50:45 > 46:33]
SOAP:  21%|██▏       | 5343/25000 [2:50:39 > 46:34]
SOAP:  21%|██▏       | 5344/25000 [2:50:43 > 46:35]
SOAP:  21%|██▏       | 5345/25000 [2:50:39 > 46:35]
SOAP:  21%|██▏       | 5346/25000 [2:50:33 > 46:36]
SOAP:  21%|██▏       | 5347/25000 [2:50:38 > 46:36]
SOAP:  21%|██▏       | 5348/25000 [2:50:41 > 46:37]
SOAP:  21%|██▏       | 5349/25000 [2:50:47 > 46:37]
SOAP:  21%|██▏       | 5350/25000 [2:51:21 > 46:38]
SOAP:  21%|██▏       | 5351/25000 [2:51:37 > 46:38]
SOAP:  21%|██▏       | 5352/25000 [2:51:47 > 46:39]
SOAP:  21%|██▏       | 5353/25000 [2:51:55 > 46:39]
SOAP:  21%|██▏       | 5354/25000 [2:52:02 > 46:40]
SOAP:  21%|██▏       | 5355/25000 [2:52:20 > 46:40]
SOAP:  21%|██▏       | 5356/25000 [2:52:17 > 46:41]
SOAP:  21%|██▏       | 5357/25000 [2:52:19 > 46:41]
SOAP:  21%|██▏       | 5358/25000 [2:52:18 > 46:42]
SOAP:  21%|██▏       | 5359/25000 [2:51:32 > 46:42]
SOAP:  21%|██▏       | 5360/25000 [2:52:13 > 46:43]
SOAP:  21%|██▏       | 5361/25000 [2:52:21 > 46:43]
SOAP:  21%|██▏       | 5362/25000 [2:52:17 > 46:44]
SOAP:  21%|██▏       | 5363/25000 [2:52:17 > 46:44]
SOAP:  21%|██▏       | 5364/25000 [2:52:20 > 46:45]
SOAP:  21%|██▏       | 5365/25000 [2:52:21 > 46:46]
SOAP:  21%|██▏       | 5366/25000 [2:52:17 > 46:46]
SOAP:  21%|██▏       | 5367/25000 [2:52:25 > 46:47]
SOAP:  21%|██▏       | 5368/25000 [2:52:17 > 46:47]
SOAP:  21%|██▏       | 5369/25000 [2:52:16 > 46:48]
SOAP:  21%|██▏       | 5370/25000 [2:52:16 > 46:48]
SOAP:  21%|██▏       | 5371/25000 [2:52:25 > 46:49]
SOAP:  21%|██▏       | 5372/25000 [2:52:32 > 46:49]
SOAP:  21%|██▏       | 5373/25000 [2:52:19 > 46:50]
SOAP:  21%|██▏       | 5374/25000 [2:51:59 > 46:50]
SOAP:  22%|██▏       | 5375/25000 [2:51:40 > 46:51]
SOAP:  22%|██▏       | 5376/25000 [2:51:54 > 46:51]
SOAP:  22%|██▏       | 5377/25000 [2:51:55 > 46:52]
SOAP:  22%|██▏       | 5378/25000 [2:50:39 > 46:52]
SOAP:  22%|██▏       | 5379/25000 [2:51:50 > 46:53]
SOAP:  22%|██▏       | 5380/25000 [2:51:34 > 46:53]
SOAP:  22%|██▏       | 5381/25000 [2:51:47 > 46:54]
SOAP:  22%|██▏       | 5382/25000 [2:51:53 > 46:54]
SOAP:  22%|██▏       | 5383/25000 [2:52:04 > 46:55]
SOAP:  22%|██▏       | 5384/25000 [2:52:08 > 46:56]
SOAP:  22%|██▏       | 5385/25000 [2:52:11 > 46:56]
SOAP:  22%|██▏       | 5386/25000 [2:52:08 > 46:57]
SOAP:  22%|██▏       | 5387/25000 [2:52:07 > 46:57]
SOAP:  22%|██▏       | 5388/25000 [2:52:11 > 46:58]
SOAP:  22%|██▏       | 5389/25000 [2:52:18 > 46:58]
SOAP:  22%|██▏       | 5390/25000 [2:52:10 > 46:59]
SOAP:  22%|██▏       | 5391/25000 [2:52:11 > 46:59]
SOAP:  22%|██▏       | 5392/25000 [2:52:12 > 47:00]
SOAP:  22%|██▏       | 5393/25000 [2:52:17 > 47:00]
SOAP:  22%|██▏       | 5394/25000 [2:52:04 > 47:01]
SOAP:  22%|██▏       | 5395/25000 [2:52:10 > 47:01]
SOAP:  22%|██▏       | 5396/25000 [2:52:03 > 47:02]
SOAP:  22%|██▏       | 5397/25000 [2:50:38 > 47:02]
SOAP:  22%|██▏       | 5398/25000 [2:51:58 > 47:03]
SOAP:  22%|██▏       | 5399/25000 [2:51:49 > 47:03]
SOAP:  22%|██▏       | 5400/25000 [2:51:37 > 47:04]
SOAP:  22%|██▏       | 5401/25000 [2:52:30 > 47:04]
SOAP:  22%|██▏       | 5402/25000 [2:52:26 > 47:05]
SOAP:  22%|██▏       | 5403/25000 [2:52:19 > 47:06]
SOAP:  22%|██▏       | 5404/25000 [2:52:14 > 47:06]
SOAP:  22%|██▏       | 5405/25000 [2:52:15 > 47:07]
SOAP:  22%|██▏       | 5406/25000 [2:52:03 > 47:07]
SOAP:  22%|██▏       | 5407/25000 [2:52:04 > 47:08]
SOAP:  22%|██▏       | 5408/25000 [2:52:00 > 47:08]
SOAP:  22%|██▏       | 5409/25000 [2:52:00 > 47:09]
SOAP:  22%|██▏       | 5410/25000 [2:52:02 > 47:09]
SOAP:  22%|██▏       | 5411/25000 [2:52:00 > 47:10]
SOAP:  22%|██▏       | 5412/25000 [2:51:57 > 47:10]
SOAP:  22%|██▏       | 5413/25000 [2:52:00 > 47:11]
SOAP:  22%|██▏       | 5414/25000 [2:52:02 > 47:11]
SOAP:  22%|██▏       | 5415/25000 [2:51:43 > 47:12]
SOAP:  22%|██▏       | 5416/25000 [2:52:01 > 47:12]
SOAP:  22%|██▏       | 5417/25000 [2:51:58 > 47:13]
SOAP:  22%|██▏       | 5418/25000 [2:51:51 > 47:13]
SOAP:  22%|██▏       | 5419/25000 [2:51:57 > 47:14]
SOAP:  22%|██▏       | 5420/25000 [2:51:53 > 47:14]
SOAP:  22%|██▏       | 5421/25000 [2:51:49 > 47:15]
SOAP:  22%|██▏       | 5422/25000 [2:51:43 > 47:16]
SOAP:  22%|██▏       | 5423/25000 [2:51:05 > 47:16]
SOAP:  22%|██▏       | 5424/25000 [2:51:16 > 47:17]
SOAP:  22%|██▏       | 5425/25000 [2:51:23 > 47:17]
SOAP:  22%|██▏       | 5426/25000 [2:51:31 > 47:18]
SOAP:  22%|██▏       | 5427/25000 [2:51:36 > 47:18]
SOAP:  22%|██▏       | 5428/25000 [2:51:41 > 47:19]
SOAP:  22%|██▏       | 5429/25000 [2:51:45 > 47:19]
SOAP:  22%|██▏       | 5430/25000 [2:51:44 > 47:20]
SOAP:  22%|██▏       | 5431/25000 [2:51:46 > 47:20]
SOAP:  22%|██▏       | 5432/25000 [2:51:40 > 47:21]
SOAP:  22%|██▏       | 5433/25000 [2:51:44 > 47:21]
SOAP:  22%|██▏       | 5434/25000 [2:51:41 > 47:22]
SOAP:  22%|██▏       | 5435/25000 [2:51:48 > 47:22]
SOAP:  22%|██▏       | 5436/25000 [2:51:49 > 47:23]
SOAP:  22%|██▏       | 5437/25000 [2:51:47 > 47:23]
SOAP:  22%|██▏       | 5438/25000 [2:51:51 > 47:24]
SOAP:  22%|██▏       | 5439/25000 [2:51:52 > 47:24]
SOAP:  22%|██▏       | 5440/25000 [2:51:50 > 47:25]
SOAP:  22%|██▏       | 5441/25000 [2:51:40 > 47:26]
SOAP:  22%|██▏       | 5442/25000 [2:51:36 > 47:26]
SOAP:  22%|██▏       | 5443/25000 [2:51:38 > 47:27]
SOAP:  22%|██▏       | 5444/25000 [2:51:44 > 47:27]
SOAP:  22%|██▏       | 5445/25000 [2:51:44 > 47:28]
SOAP:  22%|██▏       | 5446/25000 [2:51:40 > 47:28]
SOAP:  22%|██▏       | 5447/25000 [2:51:40 > 47:29]
SOAP:  22%|██▏       | 5448/25000 [2:51:34 > 47:29]
SOAP:  22%|██▏       | 5449/25000 [2:51:36 > 47:30]
SOAP:  22%|██▏       | 5450/25000 [2:51:36 > 47:30]
SOAP:  22%|██▏       | 5451/25000 [2:51:18 > 47:31]
SOAP:  22%|██▏       | 5452/25000 [2:51:22 > 47:31]
SOAP:  22%|██▏       | 5453/25000 [2:51:32 > 47:32]
SOAP:  22%|██▏       | 5454/25000 [2:51:26 > 47:32]
SOAP:  22%|██▏       | 5455/25000 [2:50:04 > 47:33]
SOAP:  22%|██▏       | 5456/25000 [2:51:29 > 47:33]
SOAP:  22%|██▏       | 5457/25000 [2:51:28 > 47:34]
SOAP:  22%|██▏       | 5458/25000 [2:51:34 > 47:34]
SOAP:  22%|██▏       | 5459/25000 [2:51:40 > 47:35]
SOAP:  22%|██▏       | 5460/25000 [2:51:35 > 47:36]
SOAP:  22%|██▏       | 5461/25000 [2:51:31 > 47:36]
SOAP:  22%|██▏       | 5462/25000 [2:51:32 > 47:37]
SOAP:  22%|██▏       | 5463/25000 [2:51:30 > 47:37]
SOAP:  22%|██▏       | 5464/25000 [2:51:34 > 47:38]
SOAP:  22%|██▏       | 5465/25000 [2:51:26 > 47:38]
SOAP:  22%|██▏       | 5466/25000 [2:51:21 > 47:39]
SOAP:  22%|██▏       | 5467/25000 [2:51:19 > 47:39]
SOAP:  22%|██▏       | 5468/25000 [2:51:21 > 47:40]
SOAP:  22%|██▏       | 5469/25000 [2:51:22 > 47:40]
SOAP:  22%|██▏       | 5470/25000 [2:51:29 > 47:41]
SOAP:  22%|██▏       | 5471/25000 [2:51:22 > 47:41]
SOAP:  22%|██▏       | 5472/25000 [2:52:10 > 47:42]
SOAP:  22%|██▏       | 5473/25000 [2:51:09 > 47:42]
SOAP:  22%|██▏       | 5474/25000 [2:51:58 > 47:43]
SOAP:  22%|██▏       | 5475/25000 [2:50:45 > 47:43]
SOAP:  22%|██▏       | 5476/25000 [2:50:33 > 47:44]
SOAP:  22%|██▏       | 5477/25000 [2:50:47 > 47:44]
SOAP:  22%|██▏       | 5478/25000 [2:50:55 > 47:45]
SOAP:  22%|██▏       | 5479/25000 [2:51:10 > 47:46]
SOAP:  22%|██▏       | 5480/25000 [2:51:04 > 47:46]
SOAP:  22%|██▏       | 5481/25000 [2:51:12 > 47:47]
SOAP:  22%|██▏       | 5482/25000 [2:51:10 > 47:47]
SOAP:  22%|██▏       | 5483/25000 [2:51:11 > 47:48]
SOAP:  22%|██▏       | 5484/25000 [2:51:23 > 47:48]
SOAP:  22%|██▏       | 5485/25000 [2:51:16 > 47:49]
SOAP:  22%|██▏       | 5486/25000 [2:51:15 > 47:49]
SOAP:  22%|██▏       | 5487/25000 [2:50:29 > 47:50]
SOAP:  22%|██▏       | 5488/25000 [2:50:33 > 47:50]
SOAP:  22%|██▏       | 5489/25000 [2:50:53 > 47:51]
SOAP:  22%|██▏       | 5490/25000 [2:50:54 > 47:51]
SOAP:  22%|██▏       | 5491/25000 [2:50:07 > 47:52]
SOAP:  22%|██▏       | 5492/25000 [2:50:24 > 47:52]
SOAP early stopping at step 5493/25000: total loss unchanged for 150 steps (best=1.152141e-02).

SOAP:  22%|██▏       | 5492/25000 [2:50:06 > 47:53]
Training saved: C:\Ali Computation\pinn\code\heterogeneous\pino_heterogeneous\results\exp_M2_mix050_ell005_5z_mzf005_K101_N500_default_float64_soap\pino_heterogeneous_concentration.png C:\Ali Computation\pinn\code\heterogeneous\pino_heterogeneous\results\exp_M2_mix050_ell005_5z_mzf005_K101_N500_default_float64_soap\pino_heterogeneous_loss.png C:\Ali Computation\pinn\code\heterogeneous\pino_heterogeneous\results\exp_M2_mix050_ell005_5z_mzf005_K101_N500_default_float64_soap\pino_heterogeneous_model.pt
COMSOL validation: 81 media -> C:\Ali Computation\pinn\code\heterogeneous\pino_heterogeneous\results\exp_M2_mix050_ell005_5z_mzf005_K101_N500_default_float64_soap  (x* collocation n=86)

COMSOL vs PINO:   0%|          | 0/81 [00:00<?, ?it/s]
COMSOL vs PINO:   6%|▌         | 5/81 [00:00<00:01, 46.68it/s]
COMSOL vs PINO:  12%|█▏        | 10/81 [00:00<00:01, 47.39it/s]
COMSOL vs PINO:  19%|█▊        | 15/81 [00:00<00:01, 47.86it/s]
COMSOL vs PINO:  25%|██▍       | 20/81 [00:00<00:01, 48.15it/s]
COMSOL vs PINO:  31%|███       | 25/81 [00:00<00:01, 48.11it/s]
COMSOL vs PINO:  37%|███▋      | 30/81 [00:00<00:01, 48.02it/s]
COMSOL vs PINO:  43%|████▎     | 35/81 [00:00<00:00, 48.16it/s]
COMSOL vs PINO:  49%|████▉     | 40/81 [00:00<00:00, 48.12it/s]
COMSOL vs PINO:  56%|█████▌    | 45/81 [00:00<00:00, 47.51it/s]
COMSOL vs PINO:  62%|██████▏   | 50/81 [00:01<00:00, 47.57it/s]
COMSOL vs PINO:  68%|██████▊   | 55/81 [00:01<00:00, 47.59it/s]
COMSOL vs PINO:  74%|███████▍  | 60/81 [00:01<00:00, 47.57it/s]
COMSOL vs PINO:  80%|████████  | 65/81 [00:01<00:00, 47.31it/s]
COMSOL vs PINO:  86%|████████▋ | 70/81 [00:01<00:00, 47.17it/s]
COMSOL vs PINO:  93%|█████████▎| 75/81 [00:01<00:00, 47.20it/s]
COMSOL vs PINO:  99%|█████████▉| 80/81 [00:01<00:00, 47.48it/s]
COMSOL vs PINO: 100%|██████████| 81/81 [00:01<00:00, 47.60it/s]
COMSOL validation summary: n=81  mean=2.848118e-02  max=7.312520e-02  min=1.235595e-02
Wrote C:\Ali Computation\pinn\code\heterogeneous\pino_heterogeneous\results\exp_M2_mix050_ell005_5z_mzf005_K101_N500_default_float64_soap\comsol_validation_summary.csv
Run metadata: C:\Ali Computation\pinn\code\heterogeneous\pino_heterogeneous\results\exp_M2_mix050_ell005_5z_mzf005_K101_N500_default_float64_soap\run_meta.json
Wall-clock train: 2874.5 s
Wall-clock validation: 1.7 s
Wall-clock total: 2888.6 s  device=cuda

# exit 0 after 0:48:17.677284
