# code/heterogeneous/pino_heterogeneous/pinn1d_heterogeneous_parametric_neural_operator.py --design grf --n-sensors 101 --n-grf 375 --n-piecewise-per-zones 125 --piecewise-zone-counts 5 --min-zone-frac 0.05 --grf-corr-length 0.05 --grf-grid-n 201 --arch default --dtype float64 --early-stop-patience 150 --seed 1234567 --optimizer soap --soap-epochs 25000 --soap-lr 3e-3 --soap-betas 0.95,0.95 --soap-weight-decay 0.01 --soap-precond-freq 100 --skip-validation-plots --out-dir results/exp_M3_mix075_ell005_5z_mzf005_K101_N500_default_float64_soap
# started 2026-07-11 18:04:27
# cwd C:\Ali Computation\pinn\code\heterogeneous\pino_heterogeneous

Using GPU: NVIDIA GeForce RTX 3090 (cuda:0, dtype=torch.float64)
PE (computed) = 0.010368
design=grf  media_mode=grf  branch_mode=sensor  optimizer=soap  n_train_requested=500  n_corner_anchors=16  arch=default  batch_mode=True
branch=[101, 16, 16, 32]  trunk=[2, 32, 32, 32, 32]
results_dir=C:\Ali Computation\pinn\code\heterogeneous\pino_heterogeneous\results\exp_M3_mix075_ell005_5z_mzf005_K101_N500_default_float64_soap
Training: 375 GRF (375@0.05) + 125 piecewise (125 each for zones [5]) = 500 total; K=101 uniform sensors, grid_n=201
  saved/loaded: C:\Ali Computation\pinn\code\heterogeneous\pino_heterogeneous\results\exp_M3_mix075_ell005_5z_mzf005_K101_N500_default_float64_soap\train_grf_cases.npz
  branch CFL range [0.121338, 0.599968]
PDE mesh: bulk 50x50x500 (no interface bands in GRF mode)
COMSOL validation: 81 fixed grid cases from comsol_4zones.txt -> C:\Ali Computation\pinn\code\heterogeneous\pino_heterogeneous\results\exp_M3_mix075_ell005_5z_mzf005_K101_N500_default_float64_soap
run_training=True  run_comsol_validation=True  validate_only=False  skip_validation_plots=True
SOAP: lr=0.003  betas=(0.95, 0.95)  weight_decay=0.01  precond_freq=100  steps=25000
PDE collocation points: 1,250,000 (bulk 1,250,000, interface 0)
Collocation mesh plot (pre-train): C:\Ali Computation\pinn\code\heterogeneous\pino_heterogeneous\results\exp_M3_mix075_ell005_5z_mzf005_K101_N500_default_float64_soap\pino_heterogeneous_collocation_points.png
SOAP(lr=0.003, betas=(0.95, 0.95), weight_decay=0.01, precond_freq=100)  epoch_budget=25000
SOAP early stopping: patience=150 steps (no total-loss improvement, rtol=1e-12)

SOAP:   0%|          | 0/25000 [? > 00:00]
SOAP:   0%|          | 1/25000 [8:19:27 > 00:01]
SOAP:   0%|          | 2/25000 [5:34:30 > 00:01]
SOAP:   0%|          | 3/25000 [3:37:35 > 00:01]
SOAP:   0%|          | 4/25000 [3:36:36 > 00:02]
SOAP:   0%|          | 5/25000 [3:36:04 > 00:02]
SOAP:   0%|          | 6/25000 [3:35:54 > 00:03]
SOAP:   0%|          | 7/25000 [3:35:30 > 00:03]
SOAP:   0%|          | 8/25000 [3:35:33 > 00:04]
SOAP:   0%|          | 9/25000 [3:35:19 > 00:05]
SOAP:   0%|          | 10/25000 [3:35:10 > 00:05]
SOAP:   0%|          | 11/25000 [3:35:03 > 00:06]
SOAP:   0%|          | 12/25000 [3:34:56 > 00:06]
SOAP:   0%|          | 13/25000 [3:34:59 > 00:07]
SOAP:   0%|          | 14/25000 [3:34:57 > 00:07]
SOAP:   0%|          | 15/25000 [3:35:04 > 00:08]
SOAP:   0%|          | 16/25000 [3:35:04 > 00:08]
SOAP:   0%|          | 17/25000 [3:34:52 > 00:09]
SOAP:   0%|          | 18/25000 [3:34:54 > 00:09]
SOAP:   0%|          | 19/25000 [3:34:55 > 00:10]
SOAP:   0%|          | 20/25000 [3:34:58 > 00:10]
SOAP:   0%|          | 21/25000 [3:34:49 > 00:11]
SOAP:   0%|          | 22/25000 [3:33:07 > 00:11]
SOAP:   0%|          | 23/25000 [3:35:47 > 00:12]
SOAP:   0%|          | 24/25000 [3:36:00 > 00:12]
SOAP:   0%|          | 25/25000 [3:35:42 > 00:13]
SOAP:   0%|          | 26/25000 [3:35:22 > 00:13]
SOAP:   0%|          | 27/25000 [3:35:07 > 00:14]
SOAP:   0%|          | 28/25000 [3:35:05 > 00:14]
SOAP:   0%|          | 29/25000 [3:34:55 > 00:15]
SOAP:   0%|          | 30/25000 [3:35:02 > 00:15]
SOAP:   0%|          | 31/25000 [3:34:58 > 00:16]
SOAP:   0%|          | 32/25000 [3:34:59 > 00:16]
SOAP:   0%|          | 33/25000 [3:34:50 > 00:17]
SOAP:   0%|          | 34/25000 [3:34:50 > 00:17]
SOAP:   0%|          | 35/25000 [3:34:49 > 00:18]
SOAP:   0%|          | 36/25000 [3:34:56 > 00:18]
SOAP:   0%|          | 37/25000 [3:34:55 > 00:19]
SOAP:   0%|          | 38/25000 [3:34:55 > 00:19]
SOAP:   0%|          | 39/25000 [3:34:57 > 00:20]
SOAP:   0%|          | 40/25000 [3:34:56 > 00:21]
SOAP:   0%|          | 41/25000 [3:34:42 > 00:21]
SOAP:   0%|          | 42/25000 [3:34:47 > 00:22]
SOAP:   0%|          | 43/25000 [3:34:51 > 00:22]
SOAP:   0%|          | 44/25000 [3:34:56 > 00:23]
SOAP:   0%|          | 45/25000 [3:34:54 > 00:23]
SOAP:   0%|          | 46/25000 [3:34:53 > 00:24]
SOAP:   0%|          | 47/25000 [3:34:47 > 00:24]
SOAP:   0%|          | 48/25000 [3:34:44 > 00:25]
SOAP:   0%|          | 49/25000 [3:34:39 > 00:25]
SOAP:   0%|          | 50/25000 [3:34:50 > 00:26]
SOAP:   0%|          | 51/25000 [3:34:43 > 00:26]
SOAP:   0%|          | 52/25000 [3:34:40 > 00:27]
SOAP:   0%|          | 53/25000 [3:34:38 > 00:27]
SOAP:   0%|          | 54/25000 [3:34:34 > 00:28]
SOAP:   0%|          | 55/25000 [3:34:36 > 00:28]
SOAP:   0%|          | 56/25000 [3:34:32 > 00:29]
SOAP:   0%|          | 57/25000 [3:34:38 > 00:29]
SOAP:   0%|          | 58/25000 [3:34:38 > 00:30]
SOAP:   0%|          | 59/25000 [3:34:49 > 00:30]
SOAP:   0%|          | 60/25000 [3:34:37 > 00:31]
SOAP:   0%|          | 61/25000 [3:32:58 > 00:31]
SOAP:   0%|          | 62/25000 [3:35:11 > 00:32]
SOAP:   0%|          | 63/25000 [3:35:05 > 00:32]
SOAP:   0%|          | 64/25000 [3:34:52 > 00:33]
SOAP:   0%|          | 65/25000 [3:35:01 > 00:33]
SOAP:   0%|          | 66/25000 [3:35:09 > 00:34]
SOAP:   0%|          | 67/25000 [3:35:20 > 00:34]
SOAP:   0%|          | 68/25000 [3:35:36 > 00:35]
SOAP:   0%|          | 69/25000 [3:35:45 > 00:36]
SOAP:   0%|          | 70/25000 [3:35:33 > 00:36]
SOAP:   0%|          | 71/25000 [3:35:39 > 00:37]
SOAP:   0%|          | 72/25000 [3:35:37 > 00:37]
SOAP:   0%|          | 73/25000 [3:35:33 > 00:38]
SOAP:   0%|          | 74/25000 [3:35:29 > 00:38]
SOAP:   0%|          | 75/25000 [3:35:28 > 00:39]
SOAP:   0%|          | 76/25000 [3:35:36 > 00:39]
SOAP:   0%|          | 77/25000 [3:35:44 > 00:40]
SOAP:   0%|          | 78/25000 [3:35:43 > 00:40]
SOAP:   0%|          | 79/25000 [3:36:02 > 00:41]
SOAP:   0%|          | 80/25000 [3:35:48 > 00:41]
SOAP:   0%|          | 81/25000 [3:35:46 > 00:42]
SOAP:   0%|          | 82/25000 [3:35:43 > 00:42]
SOAP:   0%|          | 83/25000 [3:35:40 > 00:43]
SOAP:   0%|          | 84/25000 [3:35:48 > 00:43]
SOAP:   0%|          | 85/25000 [3:35:40 > 00:44]
SOAP:   0%|          | 86/25000 [3:35:50 > 00:44]
SOAP:   0%|          | 87/25000 [3:35:51 > 00:45]
SOAP:   0%|          | 88/25000 [3:35:45 > 00:45]
SOAP:   0%|          | 89/25000 [3:34:07 > 00:46]
SOAP:   0%|          | 90/25000 [3:36:16 > 00:46]
SOAP:   0%|          | 91/25000 [3:36:06 > 00:47]
SOAP:   0%|          | 92/25000 [3:36:03 > 00:47]
SOAP:   0%|          | 93/25000 [3:35:58 > 00:48]
SOAP:   0%|          | 94/25000 [3:35:54 > 00:49]
SOAP:   0%|          | 95/25000 [3:35:47 > 00:49]
SOAP:   0%|          | 96/25000 [3:35:39 > 00:50]
SOAP:   0%|          | 97/25000 [3:36:08 > 00:50]
SOAP:   0%|          | 98/25000 [3:36:31 > 00:51]
SOAP:   0%|          | 99/25000 [3:36:17 > 00:51]
SOAP:   0%|          | 100/25000 [3:34:23 > 00:52]
SOAP:   0%|          | 101/25000 [4:22:57 > 00:53]
SOAP:   0%|          | 102/25000 [3:27:46 > 00:53]
SOAP:   0%|          | 103/25000 [3:29:56 > 00:53]
SOAP:   0%|          | 104/25000 [3:31:38 > 00:54]
SOAP:   0%|          | 105/25000 [3:32:45 > 00:54]
SOAP:   0%|          | 106/25000 [3:33:43 > 00:55]
SOAP:   0%|          | 107/25000 [3:34:19 > 00:55]
SOAP:   0%|          | 108/25000 [3:34:47 > 00:56]
SOAP:   0%|          | 109/25000 [3:35:01 > 00:56]
SOAP:   0%|          | 110/25000 [3:35:05 > 00:57]
SOAP:   0%|          | 111/25000 [3:35:06 > 00:57]
SOAP:   0%|          | 112/25000 [3:35:15 > 00:58]
SOAP:   0%|          | 113/25000 [3:35:30 > 00:58]
SOAP:   0%|          | 114/25000 [3:35:26 > 00:59]
SOAP:   0%|          | 115/25000 [3:35:35 > 00:59]
SOAP:   0%|          | 116/25000 [3:35:33 > 01:00]
SOAP:   0%|          | 117/25000 [3:35:29 > 01:01]
SOAP:   0%|          | 118/25000 [3:35:31 > 01:01]
SOAP:   0%|          | 119/25000 [3:35:34 > 01:02]
SOAP:   0%|          | 120/25000 [3:35:33 > 01:02]
SOAP:   0%|          | 121/25000 [3:35:28 > 01:03]
SOAP:   0%|          | 122/25000 [3:35:27 > 01:03]
SOAP:   0%|          | 123/25000 [3:35:21 > 01:04]
SOAP:   0%|          | 124/25000 [3:35:23 > 01:04]
SOAP:   0%|          | 125/25000 [3:33:43 > 01:05]
SOAP:   1%|          | 126/25000 [3:36:00 > 01:05]
SOAP:   1%|          | 127/25000 [3:35:51 > 01:06]
SOAP:   1%|          | 128/25000 [3:33:57 > 01:06]
SOAP:   1%|          | 129/25000 [3:36:06 > 01:07]
SOAP:   1%|          | 130/25000 [3:35:50 > 01:07]
SOAP:   1%|          | 131/25000 [3:35:37 > 01:08]
SOAP:   1%|          | 132/25000 [3:35:38 > 01:08]
SOAP:   1%|          | 133/25000 [3:35:35 > 01:09]
SOAP:   1%|          | 134/25000 [3:35:36 > 01:09]
SOAP:   1%|          | 135/25000 [3:35:25 > 01:10]
SOAP:   1%|          | 136/25000 [3:35:29 > 01:10]
SOAP:   1%|          | 137/25000 [3:35:27 > 01:11]
SOAP:   1%|          | 138/25000 [3:35:26 > 01:11]
SOAP:   1%|          | 139/25000 [3:33:36 > 01:12]
SOAP:   1%|          | 140/25000 [3:37:06 > 01:12]
SOAP:   1%|          | 141/25000 [3:36:14 > 01:13]
SOAP:   1%|          | 142/25000 [3:35:59 > 01:14]
SOAP:   1%|          | 143/25000 [3:35:41 > 01:14]
SOAP:   1%|          | 144/25000 [3:35:38 > 01:15]
SOAP:   1%|          | 145/25000 [3:35:40 > 01:15]
SOAP:   1%|          | 146/25000 [3:35:28 > 01:16]
SOAP:   1%|          | 147/25000 [3:35:22 > 01:16]
SOAP:   1%|          | 148/25000 [3:35:23 > 01:17]
SOAP:   1%|          | 149/25000 [3:35:22 > 01:17]
SOAP:   1%|          | 150/25000 [3:35:24 > 01:18]
SOAP:   1%|          | 151/25000 [3:35:21 > 01:18]
SOAP:   1%|          | 152/25000 [3:35:17 > 01:19]
SOAP:   1%|          | 153/25000 [3:35:20 > 01:19]
SOAP:   1%|          | 154/25000 [3:35:25 > 01:20]
SOAP:   1%|          | 155/25000 [3:35:17 > 01:20]
SOAP:   1%|          | 156/25000 [3:35:34 > 01:21]
SOAP:   1%|          | 157/25000 [3:34:33 > 01:21]
SOAP:   1%|          | 158/25000 [3:36:21 > 01:22]
SOAP:   1%|          | 159/25000 [3:36:06 > 01:22]
SOAP:   1%|          | 160/25000 [3:35:53 > 01:23]
SOAP:   1%|          | 161/25000 [3:35:39 > 01:23]
SOAP:   1%|          | 162/25000 [3:35:31 > 01:24]
SOAP:   1%|          | 163/25000 [3:35:29 > 01:24]
SOAP:   1%|          | 164/25000 [3:35:09 > 01:25]
SOAP:   1%|          | 165/25000 [3:35:12 > 01:25]
SOAP:   1%|          | 166/25000 [3:35:10 > 01:26]
SOAP:   1%|          | 167/25000 [3:35:17 > 01:27]
SOAP:   1%|          | 168/25000 [3:35:09 > 01:27]
SOAP:   1%|          | 169/25000 [3:35:25 > 01:28]
SOAP:   1%|          | 170/25000 [3:35:50 > 01:28]
SOAP:   1%|          | 171/25000 [3:35:38 > 01:29]
SOAP:   1%|          | 172/25000 [3:35:24 > 01:29]
SOAP:   1%|          | 173/25000 [3:35:20 > 01:30]
SOAP:   1%|          | 174/25000 [3:35:13 > 01:30]
SOAP:   1%|          | 175/25000 [3:35:16 > 01:31]
SOAP:   1%|          | 176/25000 [3:35:15 > 01:31]
SOAP:   1%|          | 177/25000 [3:35:14 > 01:32]
SOAP:   1%|          | 178/25000 [3:33:28 > 01:32]
SOAP:   1%|          | 179/25000 [3:35:44 > 01:33]
SOAP:   1%|          | 180/25000 [3:35:25 > 01:33]
SOAP:   1%|          | 181/25000 [3:35:18 > 01:34]
SOAP:   1%|          | 182/25000 [3:35:11 > 01:34]
SOAP:   1%|          | 183/25000 [3:35:10 > 01:35]
SOAP:   1%|          | 184/25000 [3:35:11 > 01:35]
SOAP:   1%|          | 185/25000 [3:35:08 > 01:36]
SOAP:   1%|          | 186/25000 [3:35:23 > 01:36]
SOAP:   1%|          | 187/25000 [3:35:16 > 01:37]
SOAP:   1%|          | 188/25000 [3:35:12 > 01:37]
SOAP:   1%|          | 189/25000 [3:35:11 > 01:38]
SOAP:   1%|          | 190/25000 [3:35:11 > 01:38]
SOAP:   1%|          | 191/25000 [3:35:08 > 01:39]
SOAP:   1%|          | 192/25000 [3:35:10 > 01:40]
SOAP:   1%|          | 193/25000 [3:34:55 > 01:40]
SOAP:   1%|          | 194/25000 [3:35:01 > 01:41]
SOAP:   1%|          | 195/25000 [3:34:58 > 01:41]
SOAP:   1%|          | 196/25000 [3:34:59 > 01:42]
SOAP:   1%|          | 197/25000 [3:34:55 > 01:42]
SOAP:   1%|          | 198/25000 [3:34:55 > 01:43]
SOAP:   1%|          | 199/25000 [3:34:52 > 01:43]
SOAP:   1%|          | 200/25000 [3:34:54 > 01:44]
SOAP:   1%|          | 201/25000 [3:36:54 > 01:44]
SOAP:   1%|          | 202/25000 [3:35:26 > 01:45]
SOAP:   1%|          | 203/25000 [3:35:13 > 01:45]
SOAP:   1%|          | 204/25000 [3:35:10 > 01:46]
SOAP:   1%|          | 205/25000 [3:35:08 > 01:46]
SOAP:   1%|          | 206/25000 [3:35:06 > 01:47]
SOAP:   1%|          | 207/25000 [3:35:07 > 01:47]
SOAP:   1%|          | 208/25000 [3:35:02 > 01:48]
SOAP:   1%|          | 209/25000 [3:34:58 > 01:48]
SOAP:   1%|          | 210/25000 [3:35:04 > 01:49]
SOAP:   1%|          | 211/25000 [3:35:06 > 01:49]
SOAP:   1%|          | 212/25000 [3:35:06 > 01:50]
SOAP:   1%|          | 213/25000 [3:35:18 > 01:50]
SOAP:   1%|          | 214/25000 [3:35:51 > 01:51]
SOAP:   1%|          | 215/25000 [3:36:14 > 01:52]
SOAP:   1%|          | 216/25000 [3:36:37 > 01:52]
SOAP:   1%|          | 217/25000 [3:36:47 > 01:53]
SOAP:   1%|          | 218/25000 [3:36:58 > 01:53]
SOAP:   1%|          | 219/25000 [3:36:56 > 01:54]
SOAP:   1%|          | 220/25000 [3:36:58 > 01:54]
SOAP:   1%|          | 221/25000 [3:36:58 > 01:55]
SOAP:   1%|          | 222/25000 [3:37:04 > 01:55]
SOAP:   1%|          | 223/25000 [3:37:08 > 01:56]
SOAP:   1%|          | 224/25000 [3:37:22 > 01:56]
SOAP:   1%|          | 225/25000 [3:37:17 > 01:57]
SOAP:   1%|          | 226/25000 [3:37:20 > 01:57]
SOAP:   1%|          | 227/25000 [3:37:13 > 01:58]
SOAP:   1%|          | 228/25000 [3:37:18 > 01:58]
SOAP:   1%|          | 229/25000 [3:37:18 > 01:59]
SOAP:   1%|          | 230/25000 [3:37:19 > 01:59]
SOAP:   1%|          | 231/25000 [3:37:08 > 02:00]
SOAP:   1%|          | 232/25000 [3:37:19 > 02:00]
SOAP:   1%|          | 233/25000 [3:37:13 > 02:01]
SOAP:   1%|          | 234/25000 [3:37:28 > 02:02]
SOAP:   1%|          | 235/25000 [3:37:17 > 02:02]
SOAP:   1%|          | 236/25000 [3:35:14 > 02:03]
SOAP:   1%|          | 237/25000 [3:37:14 > 02:03]
SOAP:   1%|          | 238/25000 [3:37:14 > 02:04]
SOAP:   1%|          | 239/25000 [3:37:15 > 02:04]
SOAP:   1%|          | 240/25000 [3:37:10 > 02:05]
SOAP:   1%|          | 241/25000 [3:37:01 > 02:05]
SOAP:   1%|          | 242/25000 [3:37:08 > 02:06]
SOAP:   1%|          | 243/25000 [3:37:02 > 02:06]
SOAP:   1%|          | 244/25000 [3:37:08 > 02:07]
SOAP:   1%|          | 245/25000 [3:37:20 > 02:07]
SOAP:   1%|          | 246/25000 [3:37:22 > 02:08]
SOAP:   1%|          | 247/25000 [3:37:13 > 02:08]
SOAP:   1%|          | 248/25000 [3:37:06 > 02:09]
SOAP:   1%|          | 249/25000 [3:37:08 > 02:09]
SOAP:   1%|          | 250/25000 [3:37:14 > 02:10]
SOAP:   1%|          | 251/25000 [3:37:21 > 02:10]
SOAP:   1%|          | 252/25000 [3:37:06 > 02:11]
SOAP:   1%|          | 253/25000 [3:36:56 > 02:12]
SOAP:   1%|          | 254/25000 [3:36:26 > 02:12]
SOAP:   1%|          | 255/25000 [3:36:33 > 02:13]
SOAP:   1%|          | 256/25000 [3:36:39 > 02:13]
SOAP:   1%|          | 257/25000 [3:37:07 > 02:14]
SOAP:   1%|          | 258/25000 [3:37:05 > 02:14]
SOAP:   1%|          | 259/25000 [3:36:59 > 02:15]
SOAP:   1%|          | 260/25000 [3:36:59 > 02:15]
SOAP:   1%|          | 261/25000 [3:36:53 > 02:16]
SOAP:   1%|          | 262/25000 [3:37:04 > 02:16]
SOAP:   1%|          | 263/25000 [3:37:02 > 02:17]
SOAP:   1%|          | 264/25000 [3:36:55 > 02:17]
SOAP:   1%|          | 265/25000 [3:36:58 > 02:18]
SOAP:   1%|          | 266/25000 [3:37:16 > 02:18]
SOAP:   1%|          | 267/25000 [3:37:04 > 02:19]
SOAP:   1%|          | 268/25000 [3:37:29 > 02:19]
SOAP:   1%|          | 269/25000 [3:37:06 > 02:20]
SOAP:   1%|          | 270/25000 [3:37:06 > 02:20]
SOAP:   1%|          | 271/25000 [3:37:00 > 02:21]
SOAP:   1%|          | 272/25000 [3:36:56 > 02:22]
SOAP:   1%|          | 273/25000 [3:37:05 > 02:22]
SOAP:   1%|          | 274/25000 [3:37:06 > 02:23]
SOAP:   1%|          | 275/25000 [3:36:56 > 02:23]
SOAP:   1%|          | 276/25000 [3:36:57 > 02:24]
SOAP:   1%|          | 277/25000 [3:36:51 > 02:24]
SOAP:   1%|          | 278/25000 [3:37:09 > 02:25]
SOAP:   1%|          | 279/25000 [3:37:00 > 02:25]
SOAP:   1%|          | 280/25000 [3:36:52 > 02:26]
SOAP:   1%|          | 281/25000 [3:36:44 > 02:26]
SOAP:   1%|          | 282/25000 [3:36:58 > 02:27]
SOAP:   1%|          | 283/25000 [3:36:56 > 02:27]
SOAP:   1%|          | 284/25000 [3:36:39 > 02:28]
SOAP:   1%|          | 285/25000 [3:36:40 > 02:28]
SOAP:   1%|          | 286/25000 [3:36:35 > 02:29]
SOAP:   1%|          | 287/25000 [3:36:50 > 02:29]
SOAP:   1%|          | 288/25000 [3:35:21 > 02:30]
SOAP:   1%|          | 289/25000 [3:35:53 > 02:30]
SOAP:   1%|          | 290/25000 [3:36:07 > 02:31]
SOAP:   1%|          | 291/25000 [3:36:17 > 02:31]
SOAP:   1%|          | 292/25000 [3:36:28 > 02:32]
SOAP:   1%|          | 293/25000 [3:36:33 > 02:33]
SOAP:   1%|          | 294/25000 [3:36:39 > 02:33]
SOAP:   1%|          | 295/25000 [3:36:43 > 02:34]
SOAP:   1%|          | 296/25000 [3:36:27 > 02:34]
SOAP:   1%|          | 297/25000 [3:36:53 > 02:35]
SOAP:   1%|          | 298/25000 [3:36:55 > 02:35]
SOAP:   1%|          | 299/25000 [3:36:52 > 02:36]
SOAP:   1%|          | 300/25000 [3:36:57 > 02:36]
SOAP:   1%|          | 301/25000 [3:37:59 > 02:37]
SOAP:   1%|          | 302/25000 [3:37:29 > 02:37]
SOAP:   1%|          | 303/25000 [3:37:11 > 02:38]
SOAP:   1%|          | 304/25000 [3:36:57 > 02:38]
SOAP:   1%|          | 305/25000 [3:36:49 > 02:39]
SOAP:   1%|          | 306/25000 [3:36:40 > 02:39]
SOAP:   1%|          | 307/25000 [3:36:29 > 02:40]
SOAP:   1%|          | 308/25000 [3:36:28 > 02:40]
SOAP:   1%|          | 309/25000 [3:36:24 > 02:41]
SOAP:   1%|          | 310/25000 [3:36:39 > 02:42]
SOAP:   1%|          | 311/25000 [3:34:42 > 02:42]
SOAP:   1%|          | 312/25000 [3:36:32 > 02:43]
SOAP:   1%|▏         | 313/25000 [3:35:07 > 02:43]
SOAP:   1%|▏         | 314/25000 [3:34:45 > 02:44]
SOAP:   1%|▏         | 315/25000 [3:35:15 > 02:44]
SOAP:   1%|▏         | 316/25000 [3:33:42 > 02:45]
SOAP:   1%|▏         | 317/25000 [3:35:36 > 02:45]
SOAP:   1%|▏         | 318/25000 [3:35:50 > 02:46]
SOAP:   1%|▏         | 319/25000 [3:35:52 > 02:46]
SOAP:   1%|▏         | 320/25000 [3:36:13 > 02:47]
SOAP:   1%|▏         | 321/25000 [3:36:18 > 02:47]
SOAP:   1%|▏         | 322/25000 [3:36:35 > 02:48]
SOAP:   1%|▏         | 323/25000 [3:36:39 > 02:48]
SOAP:   1%|▏         | 324/25000 [3:36:25 > 02:49]
SOAP:   1%|▏         | 325/25000 [3:36:18 > 02:49]
SOAP:   1%|▏         | 326/25000 [3:36:13 > 02:50]
SOAP:   1%|▏         | 327/25000 [3:35:48 > 02:50]
SOAP:   1%|▏         | 328/25000 [3:35:50 > 02:51]
SOAP:   1%|▏         | 329/25000 [3:35:58 > 02:51]
SOAP:   1%|▏         | 330/25000 [3:36:06 > 02:52]
SOAP:   1%|▏         | 331/25000 [3:36:15 > 02:53]
SOAP:   1%|▏         | 332/25000 [3:36:21 > 02:53]
SOAP:   1%|▏         | 333/25000 [3:36:30 > 02:54]
SOAP:   1%|▏         | 334/25000 [3:36:26 > 02:54]
SOAP:   1%|▏         | 335/25000 [3:36:40 > 02:55]
SOAP:   1%|▏         | 336/25000 [3:36:31 > 02:55]
SOAP:   1%|▏         | 337/25000 [3:36:25 > 02:56]
SOAP:   1%|▏         | 338/25000 [3:36:17 > 02:56]
SOAP:   1%|▏         | 339/25000 [3:36:31 > 02:57]
SOAP:   1%|▏         | 340/25000 [3:36:27 > 02:57]
SOAP:   1%|▏         | 341/25000 [3:36:34 > 02:58]
SOAP:   1%|▏         | 342/25000 [3:36:25 > 02:58]
SOAP:   1%|▏         | 343/25000 [3:36:20 > 02:59]
SOAP:   1%|▏         | 344/25000 [3:36:17 > 02:59]
SOAP:   1%|▏         | 345/25000 [3:35:37 > 03:00]
SOAP:   1%|▏         | 346/25000 [3:36:14 > 03:00]
SOAP:   1%|▏         | 347/25000 [3:36:14 > 03:01]
SOAP:   1%|▏         | 348/25000 [3:36:25 > 03:01]
SOAP:   1%|▏         | 349/25000 [3:36:12 > 03:02]
SOAP:   1%|▏         | 350/25000 [3:36:12 > 03:03]
SOAP:   1%|▏         | 351/25000 [3:36:25 > 03:03]
SOAP:   1%|▏         | 352/25000 [3:36:26 > 03:04]
SOAP:   1%|▏         | 353/25000 [3:36:21 > 03:04]
SOAP:   1%|▏         | 354/25000 [3:36:12 > 03:05]
SOAP:   1%|▏         | 355/25000 [3:36:04 > 03:05]
SOAP:   1%|▏         | 356/25000 [3:36:08 > 03:06]
SOAP:   1%|▏         | 357/25000 [3:36:03 > 03:06]
SOAP:   1%|▏         | 358/25000 [3:36:15 > 03:07]
SOAP:   1%|▏         | 359/25000 [3:36:07 > 03:07]
SOAP:   1%|▏         | 360/25000 [3:36:00 > 03:08]
SOAP:   1%|▏         | 361/25000 [3:36:05 > 03:08]
SOAP:   1%|▏         | 362/25000 [3:36:10 > 03:09]
SOAP:   1%|▏         | 363/25000 [3:34:25 > 03:09]
SOAP:   1%|▏         | 364/25000 [3:36:12 > 03:10]
SOAP:   1%|▏         | 365/25000 [3:36:21 > 03:10]
SOAP:   1%|▏         | 366/25000 [3:36:24 > 03:11]
SOAP:   1%|▏         | 367/25000 [3:36:14 > 03:11]
SOAP:   1%|▏         | 368/25000 [3:36:03 > 03:12]
SOAP:   1%|▏         | 369/25000 [3:36:04 > 03:13]
SOAP:   1%|▏         | 370/25000 [3:36:01 > 03:13]
SOAP:   1%|▏         | 371/25000 [3:35:56 > 03:14]
SOAP:   1%|▏         | 372/25000 [3:36:17 > 03:14]
SOAP:   1%|▏         | 373/25000 [3:36:17 > 03:15]
SOAP:   1%|▏         | 374/25000 [3:36:14 > 03:15]
SOAP:   2%|▏         | 375/25000 [3:36:19 > 03:16]
SOAP:   2%|▏         | 376/25000 [3:36:08 > 03:16]
SOAP:   2%|▏         | 377/25000 [3:36:07 > 03:17]
SOAP:   2%|▏         | 378/25000 [3:36:07 > 03:17]
SOAP:   2%|▏         | 379/25000 [3:36:07 > 03:18]
SOAP:   2%|▏         | 380/25000 [3:35:01 > 03:18]
SOAP:   2%|▏         | 381/25000 [3:35:22 > 03:19]
SOAP:   2%|▏         | 382/25000 [3:35:42 > 03:19]
SOAP:   2%|▏         | 383/25000 [3:35:55 > 03:20]
SOAP:   2%|▏         | 384/25000 [3:36:03 > 03:20]
SOAP:   2%|▏         | 385/25000 [3:36:15 > 03:21]
SOAP:   2%|▏         | 386/25000 [3:36:20 > 03:21]
SOAP:   2%|▏         | 387/25000 [3:36:23 > 03:22]
SOAP:   2%|▏         | 388/25000 [3:36:08 > 03:23]
SOAP:   2%|▏         | 389/25000 [3:36:09 > 03:23]
SOAP:   2%|▏         | 390/25000 [3:36:03 > 03:24]
SOAP:   2%|▏         | 391/25000 [3:35:55 > 03:24]
SOAP:   2%|▏         | 392/25000 [3:36:00 > 03:25]
SOAP:   2%|▏         | 393/25000 [3:35:58 > 03:25]
SOAP:   2%|▏         | 394/25000 [3:35:58 > 03:26]
SOAP:   2%|▏         | 395/25000 [3:35:52 > 03:26]
SOAP:   2%|▏         | 396/25000 [3:35:56 > 03:27]
SOAP:   2%|▏         | 397/25000 [3:35:52 > 03:27]
SOAP:   2%|▏         | 398/25000 [3:36:02 > 03:28]
SOAP:   2%|▏         | 399/25000 [3:35:57 > 03:28]
SOAP:   2%|▏         | 400/25000 [3:35:48 > 03:29]
SOAP:   2%|▏         | 401/25000 [3:37:39 > 03:29]
SOAP:   2%|▏         | 402/25000 [3:33:50 > 03:30]
SOAP:   2%|▏         | 403/25000 [3:35:38 > 03:30]
SOAP:   2%|▏         | 404/25000 [3:35:41 > 03:31]
SOAP:   2%|▏         | 405/25000 [3:36:01 > 03:31]
SOAP:   2%|▏         | 406/25000 [3:35:58 > 03:32]
SOAP:   2%|▏         | 407/25000 [3:35:59 > 03:33]
SOAP:   2%|▏         | 408/25000 [3:35:54 > 03:33]
SOAP:   2%|▏         | 409/25000 [3:34:05 > 03:34]
SOAP:   2%|▏         | 410/25000 [3:35:41 > 03:34]
SOAP:   2%|▏         | 411/25000 [3:35:35 > 03:35]
SOAP:   2%|▏         | 412/25000 [3:35:39 > 03:35]
SOAP:   2%|▏         | 413/25000 [3:35:47 > 03:36]
SOAP:   2%|▏         | 414/25000 [3:35:26 > 03:36]
SOAP:   2%|▏         | 415/25000 [3:34:59 > 03:37]
SOAP:   2%|▏         | 416/25000 [3:35:16 > 03:37]
SOAP:   2%|▏         | 417/25000 [3:35:23 > 03:38]
SOAP:   2%|▏         | 418/25000 [3:35:31 > 03:38]
SOAP:   2%|▏         | 419/25000 [3:35:27 > 03:39]
SOAP:   2%|▏         | 420/25000 [3:35:35 > 03:39]
SOAP:   2%|▏         | 421/25000 [3:35:35 > 03:40]
SOAP:   2%|▏         | 422/25000 [3:35:50 > 03:40]
SOAP:   2%|▏         | 423/25000 [3:35:48 > 03:41]
SOAP:   2%|▏         | 424/25000 [3:35:48 > 03:41]
SOAP:   2%|▏         | 425/25000 [3:35:47 > 03:42]
SOAP:   2%|▏         | 426/25000 [3:35:53 > 03:43]
SOAP:   2%|▏         | 427/25000 [3:35:58 > 03:43]
SOAP:   2%|▏         | 428/25000 [3:35:46 > 03:44]
SOAP:   2%|▏         | 429/25000 [3:35:37 > 03:44]
SOAP:   2%|▏         | 430/25000 [3:34:37 > 03:45]
SOAP:   2%|▏         | 431/25000 [3:35:49 > 03:45]
SOAP:   2%|▏         | 432/25000 [3:35:41 > 03:46]
SOAP:   2%|▏         | 433/25000 [3:35:34 > 03:46]
SOAP:   2%|▏         | 434/25000 [3:35:36 > 03:47]
SOAP:   2%|▏         | 435/25000 [3:35:39 > 03:47]
SOAP:   2%|▏         | 436/25000 [3:35:33 > 03:48]
SOAP:   2%|▏         | 437/25000 [3:35:31 > 03:48]
SOAP:   2%|▏         | 438/25000 [3:35:27 > 03:49]
SOAP:   2%|▏         | 439/25000 [3:35:31 > 03:49]
SOAP:   2%|▏         | 440/25000 [3:35:13 > 03:50]
SOAP:   2%|▏         | 441/25000 [3:34:00 > 03:50]
SOAP:   2%|▏         | 442/25000 [3:34:42 > 03:51]
SOAP:   2%|▏         | 443/25000 [3:34:25 > 03:51]
SOAP:   2%|▏         | 444/25000 [3:34:53 > 03:52]
SOAP:   2%|▏         | 445/25000 [3:35:00 > 03:53]
SOAP:   2%|▏         | 446/25000 [3:35:09 > 03:53]
SOAP:   2%|▏         | 447/25000 [3:35:17 > 03:54]
SOAP:   2%|▏         | 448/25000 [3:35:26 > 03:54]
SOAP:   2%|▏         | 449/25000 [3:35:45 > 03:55]
SOAP:   2%|▏         | 450/25000 [3:35:41 > 03:55]
SOAP:   2%|▏         | 451/25000 [3:35:34 > 03:56]
SOAP:   2%|▏         | 452/25000 [3:35:28 > 03:56]
SOAP:   2%|▏         | 453/25000 [3:35:24 > 03:57]
SOAP:   2%|▏         | 454/25000 [3:35:16 > 03:57]
SOAP:   2%|▏         | 455/25000 [3:35:13 > 03:58]
SOAP:   2%|▏         | 456/25000 [3:35:27 > 03:58]
SOAP:   2%|▏         | 457/25000 [3:35:20 > 03:59]
SOAP:   2%|▏         | 458/25000 [3:35:21 > 03:59]
SOAP:   2%|▏         | 459/25000 [3:35:13 > 04:00]
SOAP:   2%|▏         | 460/25000 [3:35:22 > 04:00]
SOAP:   2%|▏         | 461/25000 [3:35:21 > 04:01]
SOAP:   2%|▏         | 462/25000 [3:35:35 > 04:01]
SOAP:   2%|▏         | 463/25000 [3:35:23 > 04:02]
SOAP:   2%|▏         | 464/25000 [3:35:18 > 04:03]
SOAP:   2%|▏         | 465/25000 [3:35:12 > 04:03]
SOAP:   2%|▏         | 466/25000 [3:35:19 > 04:04]
SOAP:   2%|▏         | 467/25000 [3:35:21 > 04:04]
SOAP:   2%|▏         | 468/25000 [3:35:33 > 04:05]
SOAP:   2%|▏         | 469/25000 [3:35:24 > 04:05]
SOAP:   2%|▏         | 470/25000 [3:35:20 > 04:06]
SOAP:   2%|▏         | 471/25000 [3:35:17 > 04:06]
SOAP:   2%|▏         | 472/25000 [3:35:17 > 04:07]
SOAP:   2%|▏         | 473/25000 [3:35:15 > 04:07]
SOAP:   2%|▏         | 474/25000 [3:35:27 > 04:08]
SOAP:   2%|▏         | 475/25000 [3:35:15 > 04:08]
SOAP:   2%|▏         | 476/25000 [3:35:00 > 04:09]
SOAP:   2%|▏         | 477/25000 [3:34:53 > 04:09]
SOAP:   2%|▏         | 478/25000 [3:34:47 > 04:10]
SOAP:   2%|▏         | 479/25000 [3:34:30 > 04:10]
SOAP:   2%|▏         | 480/25000 [3:34:34 > 04:11]
SOAP:   2%|▏         | 481/25000 [3:34:43 > 04:11]
SOAP:   2%|▏         | 482/25000 [3:34:46 > 04:12]
SOAP:   2%|▏         | 483/25000 [3:34:39 > 04:13]
SOAP:   2%|▏         | 484/25000 [3:34:07 > 04:13]
SOAP:   2%|▏         | 485/25000 [3:33:39 > 04:14]
SOAP:   2%|▏         | 486/25000 [3:31:40 > 04:14]
SOAP:   2%|▏         | 487/25000 [3:33:47 > 04:15]
SOAP:   2%|▏         | 488/25000 [3:33:23 > 04:15]
SOAP:   2%|▏         | 489/25000 [3:33:11 > 04:16]
SOAP:   2%|▏         | 490/25000 [3:33:07 > 04:16]
SOAP:   2%|▏         | 491/25000 [3:33:13 > 04:17]
SOAP:   2%|▏         | 492/25000 [3:33:25 > 04:17]
SOAP:   2%|▏         | 493/25000 [3:33:16 > 04:18]
SOAP:   2%|▏         | 494/25000 [3:33:09 > 04:18]
SOAP:   2%|▏         | 495/25000 [3:33:00 > 04:19]
SOAP:   2%|▏         | 496/25000 [3:32:50 > 04:19]
SOAP:   2%|▏         | 497/25000 [3:32:44 > 04:20]
SOAP:   2%|▏         | 498/25000 [3:32:44 > 04:20]
SOAP:   2%|▏         | 499/25000 [3:32:45 > 04:21]
SOAP:   2%|▏         | 500/25000 [3:31:39 > 04:21]
SOAP:   2%|▏         | 501/25000 [3:35:08 > 04:22]
SOAP:   2%|▏         | 502/25000 [3:33:41 > 04:22]
SOAP:   2%|▏         | 503/25000 [3:33:20 > 04:23]
SOAP:   2%|▏         | 504/25000 [3:33:05 > 04:23]
SOAP:   2%|▏         | 505/25000 [3:33:10 > 04:24]
SOAP:   2%|▏         | 506/25000 [3:33:29 > 04:25]
SOAP:   2%|▏         | 507/25000 [3:33:08 > 04:25]
SOAP:   2%|▏         | 508/25000 [3:33:00 > 04:26]
SOAP:   2%|▏         | 509/25000 [3:32:54 > 04:26]
SOAP:   2%|▏         | 510/25000 [3:32:51 > 04:27]
SOAP:   2%|▏         | 511/25000 [3:32:48 > 04:27]
SOAP:   2%|▏         | 512/25000 [3:32:46 > 04:28]
SOAP:   2%|▏         | 513/25000 [3:32:30 > 04:28]
SOAP:   2%|▏         | 514/25000 [3:32:28 > 04:29]
SOAP:   2%|▏         | 515/25000 [3:32:24 > 04:29]
SOAP:   2%|▏         | 516/25000 [3:32:18 > 04:30]
SOAP:   2%|▏         | 517/25000 [3:32:34 > 04:30]
SOAP:   2%|▏         | 518/25000 [3:32:35 > 04:31]
SOAP:   2%|▏         | 519/25000 [3:32:37 > 04:31]
SOAP:   2%|▏         | 520/25000 [3:32:33 > 04:32]
SOAP:   2%|▏         | 521/25000 [3:32:37 > 04:32]
SOAP:   2%|▏         | 522/25000 [3:32:39 > 04:33]
SOAP:   2%|▏         | 523/25000 [3:32:28 > 04:33]
SOAP:   2%|▏         | 524/25000 [3:32:27 > 04:34]
SOAP:   2%|▏         | 525/25000 [3:32:32 > 04:34]
SOAP:   2%|▏         | 526/25000 [3:32:30 > 04:35]
SOAP:   2%|▏         | 527/25000 [3:32:28 > 04:35]
SOAP:   2%|▏         | 528/25000 [3:32:27 > 04:36]
SOAP:   2%|▏         | 529/25000 [3:32:24 > 04:36]
SOAP:   2%|▏         | 530/25000 [3:32:28 > 04:37]
SOAP:   2%|▏         | 531/25000 [3:32:15 > 04:38]
SOAP:   2%|▏         | 532/25000 [3:32:15 > 04:38]
SOAP:   2%|▏         | 533/25000 [3:32:18 > 04:39]
SOAP:   2%|▏         | 534/25000 [3:32:18 > 04:39]
SOAP:   2%|▏         | 535/25000 [3:32:20 > 04:40]
SOAP:   2%|▏         | 536/25000 [3:32:20 > 04:40]
SOAP:   2%|▏         | 537/25000 [3:32:21 > 04:41]
SOAP:   2%|▏         | 538/25000 [3:32:25 > 04:41]
SOAP:   2%|▏         | 539/25000 [3:32:20 > 04:42]
SOAP:   2%|▏         | 540/25000 [3:32:23 > 04:42]
SOAP:   2%|▏         | 541/25000 [3:32:36 > 04:43]
SOAP:   2%|▏         | 542/25000 [3:32:38 > 04:43]
SOAP:   2%|▏         | 543/25000 [3:32:32 > 04:44]
SOAP:   2%|▏         | 544/25000 [3:32:32 > 04:44]
SOAP:   2%|▏         | 545/25000 [3:32:45 > 04:45]
SOAP:   2%|▏         | 546/25000 [3:33:06 > 04:45]
SOAP:   2%|▏         | 547/25000 [3:32:44 > 04:46]
SOAP:   2%|▏         | 548/25000 [3:32:42 > 04:46]
SOAP:   2%|▏         | 549/25000 [3:32:25 > 04:47]
SOAP:   2%|▏         | 550/25000 [3:32:24 > 04:47]
SOAP:   2%|▏         | 551/25000 [3:32:06 > 04:48]
SOAP:   2%|▏         | 552/25000 [3:32:05 > 04:48]
SOAP:   2%|▏         | 553/25000 [3:32:10 > 04:49]
SOAP:   2%|▏         | 554/25000 [3:32:15 > 04:50]
SOAP:   2%|▏         | 555/25000 [3:32:06 > 04:50]
SOAP:   2%|▏         | 556/25000 [3:32:21 > 04:51]
SOAP:   2%|▏         | 557/25000 [3:32:47 > 04:51]
SOAP:   2%|▏         | 558/25000 [3:32:43 > 04:52]
SOAP:   2%|▏         | 559/25000 [3:32:25 > 04:52]
SOAP:   2%|▏         | 560/25000 [3:32:27 > 04:53]
SOAP:   2%|▏         | 561/25000 [3:32:18 > 04:53]
SOAP:   2%|▏         | 562/25000 [3:32:10 > 04:54]
SOAP:   2%|▏         | 563/25000 [3:32:09 > 04:54]
SOAP:   2%|▏         | 564/25000 [3:32:12 > 04:55]
SOAP:   2%|▏         | 565/25000 [3:32:00 > 04:55]
SOAP:   2%|▏         | 566/25000 [3:32:02 > 04:56]
SOAP:   2%|▏         | 567/25000 [3:31:56 > 04:56]
SOAP:   2%|▏         | 568/25000 [3:31:56 > 04:57]
SOAP:   2%|▏         | 569/25000 [3:31:58 > 04:57]
SOAP:   2%|▏         | 570/25000 [3:31:38 > 04:58]
SOAP:   2%|▏         | 571/25000 [3:31:46 > 04:58]
SOAP:   2%|▏         | 572/25000 [3:31:45 > 04:59]
SOAP:   2%|▏         | 573/25000 [3:31:52 > 04:59]
SOAP:   2%|▏         | 574/25000 [3:29:50 > 05:00]
SOAP:   2%|▏         | 575/25000 [3:32:15 > 05:00]
SOAP:   2%|▏         | 576/25000 [3:32:12 > 05:01]
SOAP:   2%|▏         | 577/25000 [3:32:09 > 05:02]
SOAP:   2%|▏         | 578/25000 [3:32:14 > 05:02]
SOAP:   2%|▏         | 579/25000 [3:32:01 > 05:03]
SOAP:   2%|▏         | 580/25000 [3:32:00 > 05:03]
SOAP:   2%|▏         | 581/25000 [3:32:02 > 05:04]
SOAP:   2%|▏         | 582/25000 [3:31:57 > 05:04]
SOAP:   2%|▏         | 583/25000 [3:30:12 > 05:05]
SOAP:   2%|▏         | 584/25000 [3:32:19 > 05:05]
SOAP:   2%|▏         | 585/25000 [3:32:12 > 05:06]
SOAP:   2%|▏         | 586/25000 [3:32:01 > 05:06]
SOAP:   2%|▏         | 587/25000 [3:31:59 > 05:07]
SOAP:   2%|▏         | 588/25000 [3:31:52 > 05:07]
SOAP:   2%|▏         | 589/25000 [3:31:47 > 05:08]
SOAP:   2%|▏         | 590/25000 [3:31:46 > 05:08]
SOAP:   2%|▏         | 591/25000 [3:31:50 > 05:09]
SOAP:   2%|▏         | 592/25000 [3:31:53 > 05:09]
SOAP:   2%|▏         | 593/25000 [3:31:50 > 05:10]
SOAP:   2%|▏         | 594/25000 [3:31:55 > 05:10]
SOAP:   2%|▏         | 595/25000 [3:31:54 > 05:11]
SOAP:   2%|▏         | 596/25000 [3:31:54 > 05:11]
SOAP:   2%|▏         | 597/25000 [3:31:55 > 05:12]
SOAP:   2%|▏         | 598/25000 [3:31:56 > 05:12]
SOAP:   2%|▏         | 599/25000 [3:30:25 > 05:13]
SOAP:   2%|▏         | 600/25000 [3:32:23 > 05:13]
SOAP:   2%|▏         | 601/25000 [3:34:13 > 05:14]
SOAP:   2%|▏         | 602/25000 [3:32:38 > 05:15]
SOAP:   2%|▏         | 603/25000 [3:32:28 > 05:15]
SOAP:   2%|▏         | 604/25000 [3:32:12 > 05:16]
SOAP:   2%|▏         | 605/25000 [3:32:03 > 05:16]
SOAP:   2%|▏         | 606/25000 [3:31:52 > 05:17]
SOAP:   2%|▏         | 607/25000 [3:31:57 > 05:17]
SOAP:   2%|▏         | 608/25000 [3:31:44 > 05:18]
SOAP:   2%|▏         | 609/25000 [3:31:45 > 05:18]
SOAP:   2%|▏         | 610/25000 [3:31:42 > 05:19]
SOAP:   2%|▏         | 611/25000 [3:31:45 > 05:19]
SOAP:   2%|▏         | 612/25000 [3:31:44 > 05:20]
SOAP:   2%|▏         | 613/25000 [3:31:39 > 05:20]
SOAP:   2%|▏         | 614/25000 [3:31:33 > 05:21]
SOAP:   2%|▏         | 615/25000 [3:30:18 > 05:21]
SOAP:   2%|▏         | 616/25000 [3:32:23 > 05:22]
SOAP:   2%|▏         | 617/25000 [3:32:13 > 05:22]
SOAP:   2%|▏         | 618/25000 [3:32:04 > 05:23]
SOAP:   2%|▏         | 619/25000 [3:31:57 > 05:23]
SOAP:   2%|▏         | 620/25000 [3:31:43 > 05:24]
SOAP:   2%|▏         | 621/25000 [3:31:49 > 05:24]
SOAP:   2%|▏         | 622/25000 [3:31:41 > 05:25]
SOAP:   2%|▏         | 623/25000 [3:31:48 > 05:25]
SOAP:   2%|▏         | 624/25000 [3:31:36 > 05:26]
SOAP:   2%|▎         | 625/25000 [3:31:50 > 05:27]
SOAP:   3%|▎         | 626/25000 [3:31:42 > 05:27]
SOAP:   3%|▎         | 627/25000 [3:31:44 > 05:28]
SOAP:   3%|▎         | 628/25000 [3:31:32 > 05:28]
SOAP:   3%|▎         | 629/25000 [3:31:28 > 05:29]
SOAP:   3%|▎         | 630/25000 [3:31:34 > 05:29]
SOAP:   3%|▎         | 631/25000 [3:31:41 > 05:30]
SOAP:   3%|▎         | 632/25000 [3:31:34 > 05:30]
SOAP:   3%|▎         | 633/25000 [3:31:41 > 05:31]
SOAP:   3%|▎         | 634/25000 [3:31:31 > 05:31]
SOAP:   3%|▎         | 635/25000 [3:31:35 > 05:32]
SOAP:   3%|▎         | 636/25000 [3:31:30 > 05:32]
SOAP:   3%|▎         | 637/25000 [3:31:27 > 05:33]
SOAP:   3%|▎         | 638/25000 [3:31:24 > 05:33]
SOAP:   3%|▎         | 639/25000 [3:31:21 > 05:34]
SOAP:   3%|▎         | 640/25000 [3:31:28 > 05:34]
SOAP:   3%|▎         | 641/25000 [3:29:51 > 05:35]
SOAP:   3%|▎         | 642/25000 [3:31:56 > 05:35]
SOAP:   3%|▎         | 643/25000 [3:31:47 > 05:36]
SOAP:   3%|▎         | 644/25000 [3:31:49 > 05:36]
SOAP:   3%|▎         | 645/25000 [3:31:32 > 05:37]
SOAP:   3%|▎         | 646/25000 [3:31:29 > 05:37]
SOAP:   3%|▎         | 647/25000 [3:31:26 > 05:38]
SOAP:   3%|▎         | 648/25000 [3:31:26 > 05:38]
SOAP:   3%|▎         | 649/25000 [3:31:33 > 05:39]
SOAP:   3%|▎         | 650/25000 [3:31:36 > 05:40]
SOAP:   3%|▎         | 651/25000 [3:31:30 > 05:40]
SOAP:   3%|▎         | 652/25000 [3:31:22 > 05:41]
SOAP:   3%|▎         | 653/25000 [3:31:24 > 05:41]
SOAP:   3%|▎         | 654/25000 [3:31:27 > 05:42]
SOAP:   3%|▎         | 655/25000 [3:31:23 > 05:42]
SOAP:   3%|▎         | 656/25000 [3:31:15 > 05:43]
SOAP:   3%|▎         | 657/25000 [3:31:17 > 05:43]
SOAP:   3%|▎         | 658/25000 [3:31:13 > 05:44]
SOAP:   3%|▎         | 659/25000 [3:30:58 > 05:44]
SOAP:   3%|▎         | 660/25000 [3:30:59 > 05:45]
SOAP:   3%|▎         | 661/25000 [3:31:05 > 05:45]
SOAP:   3%|▎         | 662/25000 [3:31:13 > 05:46]
SOAP:   3%|▎         | 663/25000 [3:30:51 > 05:46]
SOAP:   3%|▎         | 664/25000 [3:30:58 > 05:47]
SOAP:   3%|▎         | 665/25000 [3:31:06 > 05:47]
SOAP:   3%|▎         | 666/25000 [3:31:08 > 05:48]
SOAP:   3%|▎         | 667/25000 [3:29:26 > 05:48]
SOAP:   3%|▎         | 668/25000 [3:31:36 > 05:49]
SOAP:   3%|▎         | 669/25000 [3:31:34 > 05:49]
SOAP:   3%|▎         | 670/25000 [3:31:17 > 05:50]
SOAP:   3%|▎         | 671/25000 [3:29:43 > 05:50]
SOAP:   3%|▎         | 672/25000 [3:31:39 > 05:51]
SOAP:   3%|▎         | 673/25000 [3:31:26 > 05:52]
SOAP:   3%|▎         | 674/25000 [3:31:15 > 05:52]
SOAP:   3%|▎         | 675/25000 [3:31:17 > 05:53]
SOAP:   3%|▎         | 676/25000 [3:31:17 > 05:53]
SOAP:   3%|▎         | 677/25000 [3:31:08 > 05:54]
SOAP:   3%|▎         | 678/25000 [3:31:11 > 05:54]
SOAP:   3%|▎         | 679/25000 [3:31:11 > 05:55]
SOAP:   3%|▎         | 680/25000 [3:29:36 > 05:55]
SOAP:   3%|▎         | 681/25000 [3:30:20 > 05:56]
SOAP:   3%|▎         | 682/25000 [3:31:48 > 05:56]
SOAP:   3%|▎         | 683/25000 [3:31:36 > 05:57]
SOAP:   3%|▎         | 684/25000 [3:31:29 > 05:57]
SOAP:   3%|▎         | 685/25000 [3:31:25 > 05:58]
SOAP:   3%|▎         | 686/25000 [3:31:17 > 05:58]
SOAP:   3%|▎         | 687/25000 [3:31:07 > 05:59]
SOAP:   3%|▎         | 688/25000 [3:31:12 > 05:59]
SOAP:   3%|▎         | 689/25000 [3:30:56 > 06:00]
SOAP:   3%|▎         | 690/25000 [3:30:59 > 06:00]
SOAP:   3%|▎         | 691/25000 [3:30:57 > 06:01]
SOAP:   3%|▎         | 692/25000 [3:30:59 > 06:01]
SOAP:   3%|▎         | 693/25000 [3:30:56 > 06:02]
SOAP:   3%|▎         | 694/25000 [3:30:55 > 06:02]
SOAP:   3%|▎         | 695/25000 [3:30:52 > 06:03]
SOAP:   3%|▎         | 696/25000 [3:30:58 > 06:03]
SOAP:   3%|▎         | 697/25000 [3:30:58 > 06:04]
SOAP:   3%|▎         | 698/25000 [3:31:03 > 06:05]
SOAP:   3%|▎         | 699/25000 [3:30:57 > 06:05]
SOAP:   3%|▎         | 700/25000 [3:31:05 > 06:06]
SOAP:   3%|▎         | 701/25000 [3:33:06 > 06:06]
SOAP:   3%|▎         | 702/25000 [3:31:20 > 06:07]
SOAP:   3%|▎         | 703/25000 [3:31:14 > 06:07]
SOAP:   3%|▎         | 704/25000 [3:31:04 > 06:08]
SOAP:   3%|▎         | 705/25000 [3:31:00 > 06:08]
SOAP:   3%|▎         | 706/25000 [3:31:03 > 06:09]
SOAP:   3%|▎         | 707/25000 [3:30:57 > 06:09]
SOAP:   3%|▎         | 708/25000 [3:30:59 > 06:10]
SOAP:   3%|▎         | 709/25000 [3:30:55 > 06:10]
SOAP:   3%|▎         | 710/25000 [3:30:51 > 06:11]
SOAP:   3%|▎         | 711/25000 [3:30:52 > 06:11]
SOAP:   3%|▎         | 712/25000 [3:30:59 > 06:12]
SOAP:   3%|▎         | 713/25000 [3:31:08 > 06:12]
SOAP:   3%|▎         | 714/25000 [3:30:58 > 06:13]
SOAP:   3%|▎         | 715/25000 [3:30:59 > 06:13]
SOAP:   3%|▎         | 716/25000 [3:30:58 > 06:14]
SOAP:   3%|▎         | 717/25000 [3:31:09 > 06:14]
SOAP:   3%|▎         | 718/25000 [3:30:55 > 06:15]
SOAP:   3%|▎         | 719/25000 [3:30:18 > 06:15]
SOAP:   3%|▎         | 720/25000 [3:31:06 > 06:16]
SOAP:   3%|▎         | 721/25000 [3:31:05 > 06:17]
SOAP:   3%|▎         | 722/25000 [3:30:55 > 06:17]
SOAP:   3%|▎         | 723/25000 [3:30:46 > 06:18]
SOAP:   3%|▎         | 724/25000 [3:30:51 > 06:18]
SOAP:   3%|▎         | 725/25000 [3:30:53 > 06:19]
SOAP:   3%|▎         | 726/25000 [3:30:47 > 06:19]
SOAP:   3%|▎         | 727/25000 [3:30:49 > 06:20]
SOAP:   3%|▎         | 728/25000 [3:29:59 > 06:20]
SOAP:   3%|▎         | 729/25000 [3:30:43 > 06:21]
SOAP:   3%|▎         | 730/25000 [3:30:41 > 06:21]
SOAP:   3%|▎         | 731/25000 [3:30:42 > 06:22]
SOAP:   3%|▎         | 732/25000 [3:28:59 > 06:22]
SOAP:   3%|▎         | 733/25000 [3:31:17 > 06:23]
SOAP:   3%|▎         | 734/25000 [3:31:04 > 06:23]
SOAP:   3%|▎         | 735/25000 [3:30:52 > 06:24]
SOAP:   3%|▎         | 736/25000 [3:30:51 > 06:24]
SOAP:   3%|▎         | 737/25000 [3:30:57 > 06:25]
SOAP:   3%|▎         | 738/25000 [3:30:54 > 06:25]
SOAP:   3%|▎         | 739/25000 [3:31:03 > 06:26]
SOAP:   3%|▎         | 740/25000 [3:30:57 > 06:26]
SOAP:   3%|▎         | 741/25000 [3:30:46 > 06:27]
SOAP:   3%|▎         | 742/25000 [3:30:41 > 06:27]
SOAP:   3%|▎         | 743/25000 [3:30:29 > 06:28]
SOAP:   3%|▎         | 744/25000 [3:30:35 > 06:29]
SOAP:   3%|▎         | 745/25000 [3:30:36 > 06:29]
SOAP:   3%|▎         | 746/25000 [3:30:38 > 06:30]
SOAP:   3%|▎         | 747/25000 [3:30:36 > 06:30]
SOAP:   3%|▎         | 748/25000 [3:30:40 > 06:31]
SOAP:   3%|▎         | 749/25000 [3:30:42 > 06:31]
SOAP:   3%|▎         | 750/25000 [3:30:42 > 06:32]
SOAP:   3%|▎         | 751/25000 [3:30:37 > 06:32]
SOAP:   3%|▎         | 752/25000 [3:30:35 > 06:33]
SOAP:   3%|▎         | 753/25000 [3:30:37 > 06:33]
SOAP:   3%|▎         | 754/25000 [3:30:38 > 06:34]
SOAP:   3%|▎         | 755/25000 [3:30:32 > 06:34]
SOAP:   3%|▎         | 756/25000 [3:30:31 > 06:35]
SOAP:   3%|▎         | 757/25000 [3:30:27 > 06:35]
SOAP:   3%|▎         | 758/25000 [3:30:33 > 06:36]
SOAP:   3%|▎         | 759/25000 [3:30:31 > 06:36]
SOAP:   3%|▎         | 760/25000 [3:30:28 > 06:37]
SOAP:   3%|▎         | 761/25000 [3:30:26 > 06:37]
SOAP:   3%|▎         | 762/25000 [3:30:29 > 06:38]
SOAP:   3%|▎         | 763/25000 [3:30:24 > 06:38]
SOAP:   3%|▎         | 764/25000 [3:30:23 > 06:39]
SOAP:   3%|▎         | 765/25000 [3:30:29 > 06:39]
SOAP:   3%|▎         | 766/25000 [3:30:29 > 06:40]
SOAP:   3%|▎         | 767/25000 [3:30:27 > 06:40]
SOAP:   3%|▎         | 768/25000 [3:30:21 > 06:41]
SOAP:   3%|▎         | 769/25000 [3:30:24 > 06:42]
SOAP:   3%|▎         | 770/25000 [3:30:25 > 06:42]
SOAP:   3%|▎         | 771/25000 [3:30:36 > 06:43]
SOAP:   3%|▎         | 772/25000 [3:28:52 > 06:43]
SOAP:   3%|▎         | 773/25000 [3:31:03 > 06:44]
SOAP:   3%|▎         | 774/25000 [3:30:54 > 06:44]
SOAP:   3%|▎         | 775/25000 [3:30:46 > 06:45]
SOAP:   3%|▎         | 776/25000 [3:30:35 > 06:45]
SOAP:   3%|▎         | 777/25000 [3:28:52 > 06:46]
SOAP:   3%|▎         | 778/25000 [3:30:46 > 06:46]
SOAP:   3%|▎         | 779/25000 [3:30:45 > 06:47]
SOAP:   3%|▎         | 780/25000 [3:30:39 > 06:47]
SOAP:   3%|▎         | 781/25000 [3:30:31 > 06:48]
SOAP:   3%|▎         | 782/25000 [3:30:23 > 06:48]
SOAP:   3%|▎         | 783/25000 [3:30:20 > 06:49]
SOAP:   3%|▎         | 784/25000 [3:30:22 > 06:49]
SOAP:   3%|▎         | 785/25000 [3:30:21 > 06:50]
SOAP:   3%|▎         | 786/25000 [3:30:33 > 06:50]
SOAP:   3%|▎         | 787/25000 [3:30:59 > 06:51]
SOAP:   3%|▎         | 788/25000 [3:30:42 > 06:51]
SOAP:   3%|▎         | 789/25000 [3:30:39 > 06:52]
SOAP:   3%|▎         | 790/25000 [3:30:29 > 06:52]
SOAP:   3%|▎         | 791/25000 [3:30:26 > 06:53]
SOAP:   3%|▎         | 792/25000 [3:30:10 > 06:54]
SOAP:   3%|▎         | 793/25000 [3:30:12 > 06:54]
SOAP:   3%|▎         | 794/25000 [3:30:07 > 06:55]
SOAP:   3%|▎         | 795/25000 [3:30:01 > 06:55]
SOAP:   3%|▎         | 796/25000 [3:29:56 > 06:56]
SOAP:   3%|▎         | 797/25000 [3:29:52 > 06:56]
SOAP:   3%|▎         | 798/25000 [3:29:55 > 06:57]
SOAP:   3%|▎         | 799/25000 [3:29:55 > 06:57]
SOAP:   3%|▎         | 800/25000 [3:30:01 > 06:58]
SOAP:   3%|▎         | 801/25000 [3:32:06 > 06:58]
SOAP:   3%|▎         | 802/25000 [3:30:35 > 06:59]
SOAP:   3%|▎         | 803/25000 [3:30:23 > 06:59]
SOAP:   3%|▎         | 804/25000 [3:30:11 > 07:00]
SOAP:   3%|▎         | 805/25000 [3:30:02 > 07:00]
SOAP:   3%|▎         | 806/25000 [3:30:06 > 07:01]
SOAP:   3%|▎         | 807/25000 [3:30:07 > 07:01]
SOAP:   3%|▎         | 808/25000 [3:30:00 > 07:02]
SOAP:   3%|▎         | 809/25000 [3:29:53 > 07:02]
SOAP:   3%|▎         | 810/25000 [3:29:54 > 07:03]
SOAP:   3%|▎         | 811/25000 [3:29:49 > 07:03]
SOAP:   3%|▎         | 812/25000 [3:29:53 > 07:04]
SOAP:   3%|▎         | 813/25000 [3:29:54 > 07:04]
SOAP:   3%|▎         | 814/25000 [3:30:02 > 07:05]
SOAP:   3%|▎         | 815/25000 [3:29:56 > 07:06]
SOAP:   3%|▎         | 816/25000 [3:28:18 > 07:06]
SOAP:   3%|▎         | 817/25000 [3:30:22 > 07:07]
SOAP:   3%|▎         | 818/25000 [3:30:13 > 07:07]
SOAP:   3%|▎         | 819/25000 [3:30:05 > 07:08]
SOAP:   3%|▎         | 820/25000 [3:30:02 > 07:08]
SOAP:   3%|▎         | 821/25000 [3:29:57 > 07:09]
SOAP:   3%|▎         | 822/25000 [3:29:59 > 07:09]
SOAP:   3%|▎         | 823/25000 [3:30:01 > 07:10]
SOAP:   3%|▎         | 824/25000 [3:29:54 > 07:10]
SOAP:   3%|▎         | 825/25000 [3:29:49 > 07:11]
SOAP:   3%|▎         | 826/25000 [3:29:47 > 07:11]
SOAP:   3%|▎         | 827/25000 [3:29:51 > 07:12]
SOAP:   3%|▎         | 828/25000 [3:29:46 > 07:12]
SOAP:   3%|▎         | 829/25000 [3:29:53 > 07:13]
SOAP:   3%|▎         | 830/25000 [3:29:51 > 07:13]
SOAP:   3%|▎         | 831/25000 [3:29:48 > 07:14]
SOAP:   3%|▎         | 832/25000 [3:29:39 > 07:14]
SOAP:   3%|▎         | 833/25000 [3:29:49 > 07:15]
SOAP:   3%|▎         | 834/25000 [3:29:52 > 07:15]
SOAP:   3%|▎         | 835/25000 [3:29:48 > 07:16]
SOAP:   3%|▎         | 836/25000 [3:29:52 > 07:16]
SOAP:   3%|▎         | 837/25000 [3:29:41 > 07:17]
SOAP:   3%|▎         | 838/25000 [3:29:49 > 07:17]
SOAP:   3%|▎         | 839/25000 [3:29:46 > 07:18]
SOAP:   3%|▎         | 840/25000 [3:29:40 > 07:19]
SOAP:   3%|▎         | 841/25000 [3:29:40 > 07:19]
SOAP:   3%|▎         | 842/25000 [3:29:41 > 07:20]
SOAP:   3%|▎         | 843/25000 [3:29:38 > 07:20]
SOAP:   3%|▎         | 844/25000 [3:29:44 > 07:21]
SOAP:   3%|▎         | 845/25000 [3:29:41 > 07:21]
SOAP:   3%|▎         | 846/25000 [3:29:41 > 07:22]
SOAP:   3%|▎         | 847/25000 [3:29:51 > 07:22]
SOAP:   3%|▎         | 848/25000 [3:29:51 > 07:23]
SOAP:   3%|▎         | 849/25000 [3:29:42 > 07:23]
SOAP:   3%|▎         | 850/25000 [3:29:39 > 07:24]
SOAP:   3%|▎         | 851/25000 [3:29:32 > 07:24]
SOAP:   3%|▎         | 852/25000 [3:29:51 > 07:25]
SOAP:   3%|▎         | 853/25000 [3:29:46 > 07:25]
SOAP:   3%|▎         | 854/25000 [3:29:38 > 07:26]
SOAP:   3%|▎         | 855/25000 [3:28:26 > 07:26]
SOAP:   3%|▎         | 856/25000 [3:30:05 > 07:27]
SOAP:   3%|▎         | 857/25000 [3:29:56 > 07:27]
SOAP:   3%|▎         | 858/25000 [3:29:49 > 07:28]
SOAP:   3%|▎         | 859/25000 [3:29:41 > 07:28]
SOAP:   3%|▎         | 860/25000 [3:29:28 > 07:29]
SOAP:   3%|▎         | 861/25000 [3:29:40 > 07:29]
SOAP:   3%|▎         | 862/25000 [3:29:26 > 07:30]
SOAP:   3%|▎         | 863/25000 [3:29:42 > 07:31]
SOAP:   3%|▎         | 864/25000 [3:29:36 > 07:31]
SOAP:   3%|▎         | 865/25000 [3:29:37 > 07:32]
SOAP:   3%|▎         | 866/25000 [3:29:32 > 07:32]
SOAP:   3%|▎         | 867/25000 [3:29:28 > 07:33]
SOAP:   3%|▎         | 868/25000 [3:29:25 > 07:33]
SOAP:   3%|▎         | 869/25000 [3:29:17 > 07:34]
SOAP:   3%|▎         | 870/25000 [3:29:19 > 07:34]
SOAP:   3%|▎         | 871/25000 [3:29:40 > 07:35]
SOAP:   3%|▎         | 872/25000 [3:29:37 > 07:35]
SOAP:   3%|▎         | 873/25000 [3:29:29 > 07:36]
SOAP:   3%|▎         | 874/25000 [3:29:26 > 07:36]
SOAP:   4%|▎         | 875/25000 [3:29:32 > 07:37]
SOAP:   4%|▎         | 876/25000 [3:29:19 > 07:37]
SOAP:   4%|▎         | 877/25000 [3:29:24 > 07:38]
SOAP:   4%|▎         | 878/25000 [3:29:24 > 07:38]
SOAP:   4%|▎         | 879/25000 [3:29:25 > 07:39]
SOAP:   4%|▎         | 880/25000 [3:29:21 > 07:39]
SOAP:   4%|▎         | 881/25000 [3:28:14 > 07:40]
SOAP:   4%|▎         | 882/25000 [3:29:32 > 07:40]
SOAP:   4%|▎         | 883/25000 [3:29:28 > 07:41]
SOAP:   4%|▎         | 884/25000 [3:29:30 > 07:41]
SOAP:   4%|▎         | 885/25000 [3:29:22 > 07:42]
SOAP:   4%|▎         | 886/25000 [3:29:22 > 07:42]
SOAP:   4%|▎         | 887/25000 [3:29:16 > 07:43]
SOAP:   4%|▎         | 888/25000 [3:29:15 > 07:44]
SOAP:   4%|▎         | 889/25000 [3:29:14 > 07:44]
SOAP:   4%|▎         | 890/25000 [3:29:11 > 07:45]
SOAP:   4%|▎         | 891/25000 [3:29:17 > 07:45]
SOAP:   4%|▎         | 892/25000 [3:29:14 > 07:46]
SOAP:   4%|▎         | 893/25000 [3:29:11 > 07:46]
SOAP:   4%|▎         | 894/25000 [3:29:16 > 07:47]
SOAP:   4%|▎         | 895/25000 [3:29:19 > 07:47]
SOAP:   4%|▎         | 896/25000 [3:28:55 > 07:48]
SOAP:   4%|▎         | 897/25000 [3:29:39 > 07:48]
SOAP:   4%|▎         | 898/25000 [3:29:27 > 07:49]
SOAP:   4%|▎         | 899/25000 [3:29:21 > 07:49]
SOAP:   4%|▎         | 900/25000 [3:29:19 > 07:50]
SOAP:   4%|▎         | 901/25000 [3:30:39 > 07:50]
SOAP:   4%|▎         | 902/25000 [3:30:44 > 07:51]
SOAP:   4%|▎         | 903/25000 [3:30:19 > 07:51]
SOAP:   4%|▎         | 904/25000 [3:29:55 > 07:52]
SOAP:   4%|▎         | 905/25000 [3:29:45 > 07:52]
SOAP:   4%|▎         | 906/25000 [3:29:23 > 07:53]
SOAP:   4%|▎         | 907/25000 [3:29:34 > 07:53]
SOAP:   4%|▎         | 908/25000 [3:29:26 > 07:54]
SOAP:   4%|▎         | 909/25000 [3:29:22 > 07:54]
SOAP:   4%|▎         | 910/25000 [3:29:17 > 07:55]
SOAP:   4%|▎         | 911/25000 [3:29:17 > 07:56]
SOAP:   4%|▎         | 912/25000 [3:29:23 > 07:56]
SOAP:   4%|▎         | 913/25000 [3:27:45 > 07:57]
SOAP:   4%|▎         | 914/25000 [3:29:44 > 07:57]
SOAP:   4%|▎         | 915/25000 [3:29:37 > 07:58]
SOAP:   4%|▎         | 916/25000 [3:29:21 > 07:58]
SOAP:   4%|▎         | 917/25000 [3:29:17 > 07:59]
SOAP:   4%|▎         | 918/25000 [3:29:15 > 07:59]
SOAP:   4%|▎         | 919/25000 [3:29:08 > 08:00]
SOAP:   4%|▎         | 920/25000 [3:29:11 > 08:00]
SOAP:   4%|▎         | 921/25000 [3:29:16 > 08:01]
SOAP:   4%|▎         | 922/25000 [3:29:04 > 08:01]
SOAP:   4%|▎         | 923/25000 [3:28:57 > 08:02]
SOAP:   4%|▎         | 924/25000 [3:28:58 > 08:02]
SOAP:   4%|▎         | 925/25000 [3:28:55 > 08:03]
SOAP:   4%|▎         | 926/25000 [3:27:17 > 08:03]
SOAP:   4%|▎         | 927/25000 [3:29:01 > 08:04]
SOAP:   4%|▎         | 928/25000 [3:28:58 > 08:04]
SOAP:   4%|▎         | 929/25000 [3:28:58 > 08:05]
SOAP:   4%|▎         | 930/25000 [3:28:55 > 08:05]
SOAP:   4%|▎         | 931/25000 [3:28:54 > 08:06]
SOAP:   4%|▎         | 932/25000 [3:28:49 > 08:06]
SOAP:   4%|▎         | 933/25000 [3:28:52 > 08:07]
SOAP:   4%|▎         | 934/25000 [3:28:51 > 08:08]
SOAP:   4%|▎         | 935/25000 [3:28:50 > 08:08]
SOAP:   4%|▎         | 936/25000 [3:28:55 > 08:09]
SOAP:   4%|▎         | 937/25000 [3:28:53 > 08:09]
SOAP:   4%|▍         | 938/25000 [3:28:54 > 08:10]
SOAP:   4%|▍         | 939/25000 [3:27:11 > 08:10]
SOAP:   4%|▍         | 940/25000 [3:29:27 > 08:11]
SOAP:   4%|▍         | 941/25000 [3:29:02 > 08:11]
SOAP:   4%|▍         | 942/25000 [3:29:16 > 08:12]
SOAP:   4%|▍         | 943/25000 [3:29:34 > 08:12]
SOAP:   4%|▍         | 944/25000 [3:29:37 > 08:13]
SOAP:   4%|▍         | 945/25000 [3:29:15 > 08:13]
SOAP:   4%|▍         | 946/25000 [3:29:12 > 08:14]
SOAP:   4%|▍         | 947/25000 [3:29:01 > 08:14]
SOAP:   4%|▍         | 948/25000 [3:29:05 > 08:15]
SOAP:   4%|▍         | 949/25000 [3:28:56 > 08:15]
SOAP:   4%|▍         | 950/25000 [3:29:14 > 08:16]
SOAP:   4%|▍         | 951/25000 [3:29:26 > 08:16]
SOAP:   4%|▍         | 952/25000 [3:27:38 > 08:17]
SOAP:   4%|▍         | 953/25000 [3:29:49 > 08:17]
SOAP:   4%|▍         | 954/25000 [3:30:11 > 08:18]
SOAP:   4%|▍         | 955/25000 [3:30:28 > 08:18]
SOAP:   4%|▍         | 956/25000 [3:30:40 > 08:19]
SOAP:   4%|▍         | 957/25000 [3:30:51 > 08:20]
SOAP:   4%|▍         | 958/25000 [3:30:55 > 08:20]
SOAP:   4%|▍         | 959/25000 [3:30:58 > 08:21]
SOAP:   4%|▍         | 960/25000 [3:31:00 > 08:21]
SOAP:   4%|▍         | 961/25000 [3:31:04 > 08:22]
SOAP:   4%|▍         | 962/25000 [3:31:10 > 08:22]
SOAP:   4%|▍         | 963/25000 [3:31:03 > 08:23]
SOAP:   4%|▍         | 964/25000 [3:31:01 > 08:23]
SOAP:   4%|▍         | 965/25000 [3:31:21 > 08:24]
SOAP:   4%|▍         | 966/25000 [3:31:13 > 08:24]
SOAP:   4%|▍         | 967/25000 [3:31:02 > 08:25]
SOAP:   4%|▍         | 968/25000 [3:31:05 > 08:25]
SOAP:   4%|▍         | 969/25000 [3:31:04 > 08:26]
SOAP:   4%|▍         | 970/25000 [3:31:05 > 08:26]
SOAP:   4%|▍         | 971/25000 [3:31:53 > 08:27]
SOAP:   4%|▍         | 972/25000 [3:30:30 > 08:27]
SOAP:   4%|▍         | 973/25000 [3:30:03 > 08:28]
SOAP:   4%|▍         | 974/25000 [3:30:27 > 08:28]
SOAP:   4%|▍         | 975/25000 [3:30:27 > 08:29]
SOAP:   4%|▍         | 976/25000 [3:30:40 > 08:30]
SOAP:   4%|▍         | 977/25000 [3:30:42 > 08:30]
SOAP:   4%|▍         | 978/25000 [3:30:44 > 08:31]
SOAP:   4%|▍         | 979/25000 [3:30:55 > 08:31]
SOAP:   4%|▍         | 980/25000 [3:30:51 > 08:32]
SOAP:   4%|▍         | 981/25000 [3:30:47 > 08:32]
SOAP:   4%|▍         | 982/25000 [3:30:48 > 08:33]
SOAP:   4%|▍         | 983/25000 [3:30:53 > 08:33]
SOAP:   4%|▍         | 984/25000 [3:30:55 > 08:34]
SOAP:   4%|▍         | 985/25000 [3:30:43 > 08:34]
SOAP:   4%|▍         | 986/25000 [3:30:39 > 08:35]
SOAP:   4%|▍         | 987/25000 [3:30:35 > 08:35]
SOAP:   4%|▍         | 988/25000 [3:30:44 > 08:36]
SOAP:   4%|▍         | 989/25000 [3:30:52 > 08:36]
SOAP:   4%|▍         | 990/25000 [3:30:49 > 08:37]
SOAP:   4%|▍         | 991/25000 [3:30:41 > 08:37]
SOAP:   4%|▍         | 992/25000 [3:30:42 > 08:38]
SOAP:   4%|▍         | 993/25000 [3:30:47 > 08:38]
SOAP:   4%|▍         | 994/25000 [3:31:03 > 08:39]
SOAP:   4%|▍         | 995/25000 [3:30:50 > 08:40]
SOAP:   4%|▍         | 996/25000 [3:30:45 > 08:40]
SOAP:   4%|▍         | 997/25000 [3:30:43 > 08:41]
SOAP:   4%|▍         | 998/25000 [3:30:53 > 08:41]
SOAP:   4%|▍         | 999/25000 [3:30:44 > 08:42]
SOAP:   4%|▍         | 1000/25000 [3:30:39 > 08:42]
SOAP:   4%|▍         | 1001/25000 [3:31:38 > 08:43]
SOAP:   4%|▍         | 1002/25000 [3:31:23 > 08:43]
SOAP:   4%|▍         | 1003/25000 [3:30:45 > 08:44]
SOAP:   4%|▍         | 1004/25000 [3:28:53 > 08:44]
SOAP:   4%|▍         | 1005/25000 [3:31:34 > 08:45]
SOAP:   4%|▍         | 1006/25000 [3:30:11 > 08:45]
SOAP:   4%|▍         | 1007/25000 [3:29:46 > 08:46]
SOAP:   4%|▍         | 1008/25000 [3:30:05 > 08:46]
SOAP:   4%|▍         | 1009/25000 [3:30:18 > 08:47]
SOAP:   4%|▍         | 1010/25000 [3:30:26 > 08:47]
SOAP:   4%|▍         | 1011/25000 [3:30:13 > 08:48]
SOAP:   4%|▍         | 1012/25000 [3:30:29 > 08:48]
SOAP:   4%|▍         | 1013/25000 [3:30:19 > 08:49]
SOAP:   4%|▍         | 1014/25000 [3:30:36 > 08:50]
SOAP:   4%|▍         | 1015/25000 [3:30:35 > 08:50]
SOAP:   4%|▍         | 1016/25000 [3:30:36 > 08:51]
SOAP:   4%|▍         | 1017/25000 [3:30:26 > 08:51]
SOAP:   4%|▍         | 1018/25000 [3:30:07 > 08:52]
SOAP:   4%|▍         | 1019/25000 [3:30:14 > 08:52]
SOAP:   4%|▍         | 1020/25000 [3:30:16 > 08:53]
SOAP:   4%|▍         | 1021/25000 [3:30:14 > 08:53]
SOAP:   4%|▍         | 1022/25000 [3:30:24 > 08:54]
SOAP:   4%|▍         | 1023/25000 [3:30:15 > 08:54]
SOAP:   4%|▍         | 1024/25000 [3:30:21 > 08:55]
SOAP:   4%|▍         | 1025/25000 [3:30:16 > 08:55]
SOAP:   4%|▍         | 1026/25000 [3:30:22 > 08:56]
SOAP:   4%|▍         | 1027/25000 [3:30:30 > 08:56]
SOAP:   4%|▍         | 1028/25000 [3:30:26 > 08:57]
SOAP:   4%|▍         | 1029/25000 [3:30:04 > 08:57]
SOAP:   4%|▍         | 1030/25000 [3:30:05 > 08:58]
SOAP:   4%|▍         | 1031/25000 [3:30:10 > 08:58]
SOAP:   4%|▍         | 1032/25000 [3:30:16 > 08:59]
SOAP:   4%|▍         | 1033/25000 [3:30:18 > 09:00]
SOAP:   4%|▍         | 1034/25000 [3:30:26 > 09:00]
SOAP:   4%|▍         | 1035/25000 [3:30:21 > 09:01]
SOAP:   4%|▍         | 1036/25000 [3:30:18 > 09:01]
SOAP:   4%|▍         | 1037/25000 [3:30:22 > 09:02]
SOAP:   4%|▍         | 1038/25000 [3:30:21 > 09:02]
SOAP:   4%|▍         | 1039/25000 [3:30:31 > 09:03]
SOAP:   4%|▍         | 1040/25000 [3:30:28 > 09:03]
SOAP:   4%|▍         | 1041/25000 [3:30:20 > 09:04]
SOAP:   4%|▍         | 1042/25000 [3:30:13 > 09:04]
SOAP:   4%|▍         | 1043/25000 [3:30:17 > 09:05]
SOAP:   4%|▍         | 1044/25000 [3:30:18 > 09:05]
SOAP:   4%|▍         | 1045/25000 [3:30:29 > 09:06]
SOAP:   4%|▍         | 1046/25000 [3:30:17 > 09:06]
SOAP:   4%|▍         | 1047/25000 [3:30:12 > 09:07]
SOAP:   4%|▍         | 1048/25000 [3:28:26 > 09:07]
SOAP:   4%|▍         | 1049/25000 [3:29:54 > 09:08]
SOAP:   4%|▍         | 1050/25000 [3:29:16 > 09:08]
SOAP:   4%|▍         | 1051/25000 [3:29:15 > 09:09]
SOAP:   4%|▍         | 1052/25000 [3:29:06 > 09:10]
SOAP:   4%|▍         | 1053/25000 [3:29:21 > 09:10]
SOAP:   4%|▍         | 1054/25000 [3:29:33 > 09:11]
SOAP:   4%|▍         | 1055/25000 [3:29:42 > 09:11]
SOAP:   4%|▍         | 1056/25000 [3:30:07 > 09:12]
SOAP:   4%|▍         | 1057/25000 [3:30:06 > 09:12]
SOAP:   4%|▍         | 1058/25000 [3:30:01 > 09:13]
SOAP:   4%|▍         | 1059/25000 [3:30:05 > 09:13]
SOAP:   4%|▍         | 1060/25000 [3:30:07 > 09:14]
SOAP:   4%|▍         | 1061/25000 [3:30:18 > 09:14]
SOAP:   4%|▍         | 1062/25000 [3:30:13 > 09:15]
SOAP:   4%|▍         | 1063/25000 [3:30:04 > 09:15]
SOAP:   4%|▍         | 1064/25000 [3:30:09 > 09:16]
SOAP:   4%|▍         | 1065/25000 [3:29:57 > 09:16]
SOAP:   4%|▍         | 1066/25000 [3:29:33 > 09:17]
SOAP:   4%|▍         | 1067/25000 [3:29:44 > 09:17]
SOAP:   4%|▍         | 1068/25000 [3:29:48 > 09:18]
SOAP:   4%|▍         | 1069/25000 [3:29:48 > 09:18]
SOAP:   4%|▍         | 1070/25000 [3:29:52 > 09:19]
SOAP:   4%|▍         | 1071/25000 [3:29:55 > 09:20]
SOAP:   4%|▍         | 1072/25000 [3:29:55 > 09:20]
SOAP:   4%|▍         | 1073/25000 [3:29:54 > 09:21]
SOAP:   4%|▍         | 1074/25000 [3:29:48 > 09:21]
SOAP:   4%|▍         | 1075/25000 [3:29:47 > 09:22]
SOAP:   4%|▍         | 1076/25000 [3:30:16 > 09:22]
SOAP:   4%|▍         | 1077/25000 [3:30:07 > 09:23]
SOAP:   4%|▍         | 1078/25000 [3:29:58 > 09:23]
SOAP:   4%|▍         | 1079/25000 [3:29:57 > 09:24]
SOAP:   4%|▍         | 1080/25000 [3:29:59 > 09:24]
SOAP:   4%|▍         | 1081/25000 [3:30:07 > 09:25]
SOAP:   4%|▍         | 1082/25000 [3:29:58 > 09:25]
SOAP:   4%|▍         | 1083/25000 [3:29:52 > 09:26]
SOAP:   4%|▍         | 1084/25000 [3:29:58 > 09:26]
SOAP:   4%|▍         | 1085/25000 [3:29:58 > 09:27]
SOAP:   4%|▍         | 1086/25000 [3:30:08 > 09:27]
SOAP:   4%|▍         | 1087/25000 [3:29:59 > 09:28]
SOAP:   4%|▍         | 1088/25000 [3:29:57 > 09:28]
SOAP:   4%|▍         | 1089/25000 [3:29:57 > 09:29]
SOAP:   4%|▍         | 1090/25000 [3:30:04 > 09:30]
SOAP:   4%|▍         | 1091/25000 [3:29:58 > 09:30]
SOAP:   4%|▍         | 1092/25000 [3:29:56 > 09:31]
SOAP:   4%|▍         | 1093/25000 [3:29:52 > 09:31]
SOAP:   4%|▍         | 1094/25000 [3:29:53 > 09:32]
SOAP:   4%|▍         | 1095/25000 [3:29:55 > 09:32]
SOAP:   4%|▍         | 1096/25000 [3:29:49 > 09:33]
SOAP:   4%|▍         | 1097/25000 [3:29:41 > 09:33]
SOAP:   4%|▍         | 1098/25000 [3:29:38 > 09:34]
SOAP:   4%|▍         | 1099/25000 [3:29:39 > 09:34]
SOAP:   4%|▍         | 1100/25000 [3:29:42 > 09:35]
SOAP:   4%|▍         | 1101/25000 [3:30:52 > 09:35]
SOAP:   4%|▍         | 1102/25000 [3:30:42 > 09:36]
SOAP:   4%|▍         | 1103/25000 [3:30:26 > 09:36]
SOAP:   4%|▍         | 1104/25000 [3:30:14 > 09:37]
SOAP:   4%|▍         | 1105/25000 [3:30:04 > 09:37]
SOAP:   4%|▍         | 1106/25000 [3:29:55 > 09:38]
SOAP:   4%|▍         | 1107/25000 [3:29:56 > 09:39]
SOAP:   4%|▍         | 1108/25000 [3:29:46 > 09:39]
SOAP:   4%|▍         | 1109/25000 [3:29:57 > 09:40]
SOAP:   4%|▍         | 1110/25000 [3:29:49 > 09:40]
SOAP:   4%|▍         | 1111/25000 [3:29:40 > 09:41]
SOAP:   4%|▍         | 1112/25000 [3:29:41 > 09:41]
SOAP:   4%|▍         | 1113/25000 [3:29:38 > 09:42]
SOAP:   4%|▍         | 1114/25000 [3:29:42 > 09:42]
SOAP:   4%|▍         | 1115/25000 [3:29:48 > 09:43]
SOAP:   4%|▍         | 1116/25000 [3:29:42 > 09:43]
SOAP:   4%|▍         | 1117/25000 [3:29:39 > 09:44]
SOAP:   4%|▍         | 1118/25000 [3:29:54 > 09:44]
SOAP:   4%|▍         | 1119/25000 [3:29:38 > 09:45]
SOAP:   4%|▍         | 1120/25000 [3:29:44 > 09:45]
SOAP:   4%|▍         | 1121/25000 [3:29:32 > 09:46]
SOAP:   4%|▍         | 1122/25000 [3:29:35 > 09:46]
SOAP:   4%|▍         | 1123/25000 [3:29:30 > 09:47]
SOAP:   4%|▍         | 1124/25000 [3:29:13 > 09:47]
SOAP:   4%|▍         | 1125/25000 [3:27:01 > 09:48]
SOAP:   5%|▍         | 1126/25000 [3:29:10 > 09:49]
SOAP:   5%|▍         | 1127/25000 [3:29:08 > 09:49]
SOAP:   5%|▍         | 1128/25000 [3:28:11 > 09:50]
SOAP:   5%|▍         | 1129/25000 [3:28:29 > 09:50]
SOAP:   5%|▍         | 1130/25000 [3:28:42 > 09:51]
SOAP:   5%|▍         | 1131/25000 [3:28:18 > 09:51]
SOAP:   5%|▍         | 1132/25000 [3:28:41 > 09:52]
SOAP:   5%|▍         | 1133/25000 [3:29:02 > 09:52]
SOAP:   5%|▍         | 1134/25000 [3:29:09 > 09:53]
SOAP:   5%|▍         | 1135/25000 [3:29:14 > 09:53]
SOAP:   5%|▍         | 1136/25000 [3:29:17 > 09:54]
SOAP:   5%|▍         | 1137/25000 [3:29:18 > 09:54]
SOAP:   5%|▍         | 1138/25000 [3:29:19 > 09:55]
SOAP:   5%|▍         | 1139/25000 [3:28:30 > 09:55]
SOAP:   5%|▍         | 1140/25000 [3:30:06 > 09:56]
SOAP:   5%|▍         | 1141/25000 [3:28:07 > 09:56]
SOAP:   5%|▍         | 1142/25000 [3:28:34 > 09:57]
SOAP:   5%|▍         | 1143/25000 [3:28:51 > 09:57]
SOAP:   5%|▍         | 1144/25000 [3:28:51 > 09:58]
SOAP:   5%|▍         | 1145/25000 [3:28:58 > 09:58]
SOAP:   5%|▍         | 1146/25000 [3:28:57 > 09:59]
SOAP:   5%|▍         | 1147/25000 [3:29:13 > 10:00]
SOAP:   5%|▍         | 1148/25000 [3:29:23 > 10:00]
SOAP:   5%|▍         | 1149/25000 [3:29:25 > 10:01]
SOAP:   5%|▍         | 1150/25000 [3:29:14 > 10:01]
SOAP:   5%|▍         | 1151/25000 [3:29:13 > 10:02]
SOAP:   5%|▍         | 1152/25000 [3:30:02 > 10:02]
SOAP:   5%|▍         | 1153/25000 [3:29:06 > 10:03]
SOAP:   5%|▍         | 1154/25000 [3:29:11 > 10:03]
SOAP:   5%|▍         | 1155/25000 [3:29:11 > 10:04]
SOAP:   5%|▍         | 1156/25000 [3:29:08 > 10:04]
SOAP:   5%|▍         | 1157/25000 [3:29:09 > 10:05]
SOAP:   5%|▍         | 1158/25000 [3:29:05 > 10:05]
SOAP:   5%|▍         | 1159/25000 [3:29:10 > 10:06]
SOAP:   5%|▍         | 1160/25000 [3:29:16 > 10:06]
SOAP:   5%|▍         | 1161/25000 [3:29:21 > 10:07]
SOAP:   5%|▍         | 1162/25000 [3:29:15 > 10:07]
SOAP:   5%|▍         | 1163/25000 [3:29:01 > 10:08]
SOAP:   5%|▍         | 1164/25000 [3:29:06 > 10:08]
SOAP:   5%|▍         | 1165/25000 [3:28:52 > 10:09]
SOAP:   5%|▍         | 1166/25000 [3:28:27 > 10:10]
SOAP:   5%|▍         | 1167/25000 [3:28:33 > 10:10]
SOAP:   5%|▍         | 1168/25000 [3:28:48 > 10:11]
SOAP:   5%|▍         | 1169/25000 [3:28:56 > 10:11]
SOAP:   5%|▍         | 1170/25000 [3:29:08 > 10:12]
SOAP:   5%|▍         | 1171/25000 [3:29:04 > 10:12]
SOAP:   5%|▍         | 1172/25000 [3:29:07 > 10:13]
SOAP:   5%|▍         | 1173/25000 [3:29:01 > 10:13]
SOAP:   5%|▍         | 1174/25000 [3:29:01 > 10:14]
SOAP:   5%|▍         | 1175/25000 [3:29:02 > 10:14]
SOAP:   5%|▍         | 1176/25000 [3:29:20 > 10:15]
SOAP:   5%|▍         | 1177/25000 [3:29:08 > 10:15]
SOAP:   5%|▍         | 1178/25000 [3:29:03 > 10:16]
SOAP:   5%|▍         | 1179/25000 [3:29:02 > 10:16]
SOAP:   5%|▍         | 1180/25000 [3:29:08 > 10:17]
SOAP:   5%|▍         | 1181/25000 [3:29:03 > 10:17]
SOAP:   5%|▍         | 1182/25000 [3:29:08 > 10:18]
SOAP:   5%|▍         | 1183/25000 [3:29:04 > 10:18]
SOAP:   5%|▍         | 1184/25000 [3:29:03 > 10:19]
SOAP:   5%|▍         | 1185/25000 [3:28:47 > 10:20]
SOAP:   5%|▍         | 1186/25000 [3:28:21 > 10:20]
SOAP:   5%|▍         | 1187/25000 [3:28:34 > 10:21]
SOAP:   5%|▍         | 1188/25000 [3:28:42 > 10:21]
SOAP:   5%|▍         | 1189/25000 [3:28:53 > 10:22]
SOAP:   5%|▍         | 1190/25000 [3:29:12 > 10:22]
SOAP:   5%|▍         | 1191/25000 [3:29:01 > 10:23]
SOAP:   5%|▍         | 1192/25000 [3:28:48 > 10:23]
SOAP:   5%|▍         | 1193/25000 [3:28:23 > 10:24]
SOAP:   5%|▍         | 1194/25000 [3:28:27 > 10:24]
SOAP:   5%|▍         | 1195/25000 [3:28:38 > 10:25]
SOAP:   5%|▍         | 1196/25000 [3:28:49 > 10:25]
SOAP:   5%|▍         | 1197/25000 [3:28:53 > 10:26]
SOAP:   5%|▍         | 1198/25000 [3:28:52 > 10:26]
SOAP:   5%|▍         | 1199/25000 [3:27:30 > 10:27]
SOAP:   5%|▍         | 1200/25000 [3:28:12 > 10:27]
SOAP:   5%|▍         | 1201/25000 [3:29:13 > 10:28]
SOAP:   5%|▍         | 1202/25000 [3:29:08 > 10:28]
SOAP:   5%|▍         | 1203/25000 [3:29:00 > 10:29]
SOAP:   5%|▍         | 1204/25000 [3:29:02 > 10:30]
SOAP:   5%|▍         | 1205/25000 [3:29:04 > 10:30]
SOAP:   5%|▍         | 1206/25000 [3:29:02 > 10:31]
SOAP:   5%|▍         | 1207/25000 [3:28:53 > 10:31]
SOAP:   5%|▍         | 1208/25000 [3:28:48 > 10:32]
SOAP:   5%|▍         | 1209/25000 [3:28:39 > 10:32]
SOAP:   5%|▍         | 1210/25000 [3:28:51 > 10:33]
SOAP:   5%|▍         | 1211/25000 [3:28:50 > 10:33]
SOAP:   5%|▍         | 1212/25000 [3:28:47 > 10:34]
SOAP:   5%|▍         | 1213/25000 [3:28:45 > 10:34]
SOAP:   5%|▍         | 1214/25000 [3:28:49 > 10:35]
SOAP:   5%|▍         | 1215/25000 [3:28:53 > 10:35]
SOAP:   5%|▍         | 1216/25000 [3:28:56 > 10:36]
SOAP:   5%|▍         | 1217/25000 [3:28:51 > 10:36]
SOAP:   5%|▍         | 1218/25000 [3:28:46 > 10:37]
SOAP:   5%|▍         | 1219/25000 [3:28:49 > 10:37]
SOAP:   5%|▍         | 1220/25000 [3:28:47 > 10:38]
SOAP:   5%|▍         | 1221/25000 [3:27:03 > 10:38]
SOAP:   5%|▍         | 1222/25000 [3:28:33 > 10:39]
SOAP:   5%|▍         | 1223/25000 [3:28:27 > 10:40]
SOAP:   5%|▍         | 1224/25000 [3:27:14 > 10:40]
SOAP:   5%|▍         | 1225/25000 [3:27:36 > 10:41]
SOAP:   5%|▍         | 1226/25000 [3:27:07 > 10:41]
SOAP:   5%|▍         | 1227/25000 [3:27:02 > 10:42]
SOAP:   5%|▍         | 1228/25000 [3:25:05 > 10:42]
SOAP:   5%|▍         | 1229/25000 [3:27:04 > 10:43]
SOAP:   5%|▍         | 1230/25000 [3:26:46 > 10:43]
SOAP:   5%|▍         | 1231/25000 [3:26:39 > 10:44]
SOAP:   5%|▍         | 1232/25000 [3:26:30 > 10:44]
SOAP:   5%|▍         | 1233/25000 [3:26:44 > 10:45]
SOAP:   5%|▍         | 1234/25000 [3:26:48 > 10:45]
SOAP:   5%|▍         | 1235/25000 [3:27:04 > 10:46]
SOAP:   5%|▍         | 1236/25000 [3:26:50 > 10:46]
SOAP:   5%|▍         | 1237/25000 [3:24:58 > 10:47]
SOAP:   5%|▍         | 1238/25000 [3:27:04 > 10:47]
SOAP:   5%|▍         | 1239/25000 [3:26:50 > 10:48]
SOAP:   5%|▍         | 1240/25000 [3:26:41 > 10:48]
SOAP:   5%|▍         | 1241/25000 [3:26:38 > 10:49]
SOAP:   5%|▍         | 1242/25000 [3:26:36 > 10:49]
SOAP:   5%|▍         | 1243/25000 [3:26:25 > 10:50]
SOAP:   5%|▍         | 1244/25000 [3:26:25 > 10:50]
SOAP:   5%|▍         | 1245/25000 [3:26:18 > 10:51]
SOAP:   5%|▍         | 1246/25000 [3:26:16 > 10:52]
SOAP:   5%|▍         | 1247/25000 [3:26:09 > 10:52]
SOAP:   5%|▍         | 1248/25000 [3:26:06 > 10:53]
SOAP:   5%|▍         | 1249/25000 [3:26:12 > 10:53]
SOAP:   5%|▌         | 1250/25000 [3:26:21 > 10:54]
SOAP:   5%|▌         | 1251/25000 [3:26:14 > 10:54]
SOAP:   5%|▌         | 1252/25000 [3:26:16 > 10:55]
SOAP:   5%|▌         | 1253/25000 [3:26:14 > 10:55]
SOAP:   5%|▌         | 1254/25000 [3:26:18 > 10:56]
SOAP:   5%|▌         | 1255/25000 [3:26:14 > 10:56]
SOAP:   5%|▌         | 1256/25000 [3:26:09 > 10:57]
SOAP:   5%|▌         | 1257/25000 [3:26:10 > 10:57]
SOAP:   5%|▌         | 1258/25000 [3:26:06 > 10:58]
SOAP:   5%|▌         | 1259/25000 [3:26:10 > 10:58]
SOAP:   5%|▌         | 1260/25000 [3:24:37 > 10:59]
SOAP:   5%|▌         | 1261/25000 [3:26:39 > 10:59]
SOAP:   5%|▌         | 1262/25000 [3:26:29 > 11:00]
SOAP:   5%|▌         | 1263/25000 [3:26:29 > 11:00]
SOAP:   5%|▌         | 1264/25000 [3:26:49 > 11:01]
SOAP:   5%|▌         | 1265/25000 [3:26:33 > 11:01]
SOAP:   5%|▌         | 1266/25000 [3:26:26 > 11:02]
SOAP:   5%|▌         | 1267/25000 [3:26:05 > 11:02]
SOAP:   5%|▌         | 1268/25000 [3:26:00 > 11:03]
SOAP:   5%|▌         | 1269/25000 [3:25:43 > 11:04]
SOAP:   5%|▌         | 1270/25000 [3:25:56 > 11:04]
SOAP:   5%|▌         | 1271/25000 [3:25:53 > 11:05]
SOAP:   5%|▌         | 1272/25000 [3:25:57 > 11:05]
SOAP:   5%|▌         | 1273/25000 [3:26:02 > 11:06]
SOAP:   5%|▌         | 1274/25000 [3:25:57 > 11:06]
SOAP:   5%|▌         | 1275/25000 [3:25:56 > 11:07]
SOAP:   5%|▌         | 1276/25000 [3:25:55 > 11:07]
SOAP:   5%|▌         | 1277/25000 [3:25:57 > 11:08]
SOAP:   5%|▌         | 1278/25000 [3:25:57 > 11:08]
SOAP:   5%|▌         | 1279/25000 [3:25:53 > 11:09]
SOAP:   5%|▌         | 1280/25000 [3:25:56 > 11:09]
SOAP:   5%|▌         | 1281/25000 [3:26:00 > 11:10]
SOAP:   5%|▌         | 1282/25000 [3:25:55 > 11:10]
SOAP:   5%|▌         | 1283/25000 [3:26:07 > 11:11]
SOAP:   5%|▌         | 1284/25000 [3:25:59 > 11:11]
SOAP:   5%|▌         | 1285/25000 [3:25:53 > 11:12]
SOAP:   5%|▌         | 1286/25000 [3:25:48 > 11:12]
SOAP:   5%|▌         | 1287/25000 [3:25:49 > 11:13]
SOAP:   5%|▌         | 1288/25000 [3:25:46 > 11:13]
SOAP:   5%|▌         | 1289/25000 [3:25:26 > 11:14]
SOAP:   5%|▌         | 1290/25000 [3:25:37 > 11:14]
SOAP:   5%|▌         | 1291/25000 [3:25:40 > 11:15]
SOAP:   5%|▌         | 1292/25000 [3:25:39 > 11:16]
SOAP:   5%|▌         | 1293/25000 [3:25:31 > 11:16]
SOAP:   5%|▌         | 1294/25000 [3:25:25 > 11:17]
SOAP:   5%|▌         | 1295/25000 [3:25:32 > 11:17]
SOAP:   5%|▌         | 1296/25000 [3:25:35 > 11:18]
SOAP:   5%|▌         | 1297/25000 [3:25:42 > 11:18]
SOAP:   5%|▌         | 1298/25000 [3:25:44 > 11:19]
SOAP:   5%|▌         | 1299/25000 [3:25:26 > 11:19]
SOAP:   5%|▌         | 1300/25000 [3:25:58 > 11:20]
SOAP:   5%|▌         | 1301/25000 [3:25:20 > 11:20]
SOAP:   5%|▌         | 1302/25000 [3:27:06 > 11:21]
SOAP:   5%|▌         | 1303/25000 [3:26:41 > 11:21]
SOAP:   5%|▌         | 1304/25000 [3:26:21 > 11:22]
SOAP:   5%|▌         | 1305/25000 [3:26:14 > 11:22]
SOAP:   5%|▌         | 1306/25000 [3:26:02 > 11:23]
SOAP:   5%|▌         | 1307/25000 [3:26:03 > 11:23]
SOAP:   5%|▌         | 1308/25000 [3:25:58 > 11:24]
SOAP:   5%|▌         | 1309/25000 [3:25:52 > 11:24]
SOAP:   5%|▌         | 1310/25000 [3:25:46 > 11:25]
SOAP:   5%|▌         | 1311/25000 [3:25:46 > 11:25]
SOAP:   5%|▌         | 1312/25000 [3:25:38 > 11:26]
SOAP:   5%|▌         | 1313/25000 [3:25:37 > 11:26]
SOAP:   5%|▌         | 1314/25000 [3:25:38 > 11:27]
SOAP:   5%|▌         | 1315/25000 [3:25:37 > 11:27]
SOAP:   5%|▌         | 1316/25000 [3:25:42 > 11:28]
SOAP:   5%|▌         | 1317/25000 [3:25:42 > 11:29]
SOAP:   5%|▌         | 1318/25000 [3:25:36 > 11:29]
SOAP:   5%|▌         | 1319/25000 [3:25:46 > 11:30]
SOAP:   5%|▌         | 1320/25000 [3:26:08 > 11:30]
SOAP:   5%|▌         | 1321/25000 [3:25:57 > 11:31]
SOAP:   5%|▌         | 1322/25000 [3:25:45 > 11:31]
SOAP:   5%|▌         | 1323/25000 [3:25:36 > 11:32]
SOAP:   5%|▌         | 1324/25000 [3:25:34 > 11:32]
SOAP:   5%|▌         | 1325/25000 [3:25:37 > 11:33]
SOAP:   5%|▌         | 1326/25000 [3:25:33 > 11:33]
SOAP:   5%|▌         | 1327/25000 [3:25:31 > 11:34]
SOAP:   5%|▌         | 1328/25000 [3:25:29 > 11:34]
SOAP:   5%|▌         | 1329/25000 [3:25:42 > 11:35]
SOAP:   5%|▌         | 1330/25000 [3:25:34 > 11:35]
SOAP:   5%|▌         | 1331/25000 [3:25:34 > 11:36]
SOAP:   5%|▌         | 1332/25000 [3:25:28 > 11:36]
SOAP:   5%|▌         | 1333/25000 [3:25:36 > 11:37]
SOAP:   5%|▌         | 1334/25000 [3:25:40 > 11:37]
SOAP:   5%|▌         | 1335/25000 [3:25:34 > 11:38]
SOAP:   5%|▌         | 1336/25000 [3:25:31 > 11:38]
SOAP:   5%|▌         | 1337/25000 [3:25:25 > 11:39]
SOAP:   5%|▌         | 1338/25000 [3:25:29 > 11:39]
SOAP:   5%|▌         | 1339/25000 [3:25:28 > 11:40]
SOAP:   5%|▌         | 1340/25000 [3:25:23 > 11:41]
SOAP:   5%|▌         | 1341/25000 [3:25:14 > 11:41]
SOAP:   5%|▌         | 1342/25000 [3:25:16 > 11:42]
SOAP:   5%|▌         | 1343/25000 [3:25:20 > 11:42]
SOAP:   5%|▌         | 1344/25000 [3:25:23 > 11:43]
SOAP:   5%|▌         | 1345/25000 [3:25:19 > 11:43]
SOAP:   5%|▌         | 1346/25000 [3:25:32 > 11:44]
SOAP:   5%|▌         | 1347/25000 [3:25:18 > 11:44]
SOAP:   5%|▌         | 1348/25000 [3:25:22 > 11:45]
SOAP:   5%|▌         | 1349/25000 [3:25:20 > 11:45]
SOAP:   5%|▌         | 1350/25000 [3:25:22 > 11:46]
SOAP:   5%|▌         | 1351/25000 [3:25:21 > 11:46]
SOAP:   5%|▌         | 1352/25000 [3:25:19 > 11:47]
SOAP:   5%|▌         | 1353/25000 [3:25:10 > 11:47]
SOAP:   5%|▌         | 1354/25000 [3:25:20 > 11:48]
SOAP:   5%|▌         | 1355/25000 [3:25:11 > 11:48]
SOAP:   5%|▌         | 1356/25000 [3:25:21 > 11:49]
SOAP:   5%|▌         | 1357/25000 [3:23:37 > 11:49]
SOAP:   5%|▌         | 1358/25000 [3:25:42 > 11:50]
SOAP:   5%|▌         | 1359/25000 [3:25:45 > 11:50]
SOAP:   5%|▌         | 1360/25000 [3:26:00 > 11:51]
SOAP:   5%|▌         | 1361/25000 [3:25:40 > 11:51]
SOAP:   5%|▌         | 1362/25000 [3:23:45 > 11:52]
SOAP:   5%|▌         | 1363/25000 [3:25:57 > 11:53]
SOAP:   5%|▌         | 1364/25000 [3:25:32 > 11:53]
SOAP:   5%|▌         | 1365/25000 [3:25:34 > 11:54]
SOAP:   5%|▌         | 1366/25000 [3:25:26 > 11:54]
SOAP:   5%|▌         | 1367/25000 [3:25:26 > 11:55]
SOAP:   5%|▌         | 1368/25000 [3:25:24 > 11:55]
SOAP:   5%|▌         | 1369/25000 [3:25:02 > 11:56]
SOAP:   5%|▌         | 1370/25000 [3:25:28 > 11:56]
SOAP:   5%|▌         | 1371/25000 [3:25:21 > 11:57]
SOAP:   5%|▌         | 1372/25000 [3:25:09 > 11:57]
SOAP:   5%|▌         | 1373/25000 [3:25:13 > 11:58]
SOAP:   5%|▌         | 1374/25000 [3:25:09 > 11:58]
SOAP:   6%|▌         | 1375/25000 [3:25:11 > 11:59]
SOAP:   6%|▌         | 1376/25000 [3:25:07 > 11:59]
SOAP:   6%|▌         | 1377/25000 [3:25:09 > 12:00]
SOAP:   6%|▌         | 1378/25000 [3:24:57 > 12:00]
SOAP:   6%|▌         | 1379/25000 [3:24:58 > 12:01]
SOAP:   6%|▌         | 1380/25000 [3:24:51 > 12:01]
SOAP:   6%|▌         | 1381/25000 [3:25:02 > 12:02]
SOAP:   6%|▌         | 1382/25000 [3:25:00 > 12:02]
SOAP:   6%|▌         | 1383/25000 [3:24:59 > 12:03]
SOAP:   6%|▌         | 1384/25000 [3:24:57 > 12:03]
SOAP:   6%|▌         | 1385/25000 [3:24:59 > 12:04]
SOAP:   6%|▌         | 1386/25000 [3:24:57 > 12:04]
SOAP:   6%|▌         | 1387/25000 [3:24:49 > 12:05]
SOAP:   6%|▌         | 1388/25000 [3:25:02 > 12:06]
SOAP:   6%|▌         | 1389/25000 [3:25:04 > 12:06]
SOAP:   6%|▌         | 1390/25000 [3:24:59 > 12:07]
SOAP:   6%|▌         | 1391/25000 [3:25:02 > 12:07]
SOAP:   6%|▌         | 1392/25000 [3:25:08 > 12:08]
SOAP:   6%|▌         | 1393/25000 [3:25:11 > 12:08]
SOAP:   6%|▌         | 1394/25000 [3:25:05 > 12:09]
SOAP:   6%|▌         | 1395/25000 [3:25:08 > 12:09]
SOAP:   6%|▌         | 1396/25000 [3:25:02 > 12:10]
SOAP:   6%|▌         | 1397/25000 [3:24:47 > 12:10]
SOAP:   6%|▌         | 1398/25000 [3:24:50 > 12:11]
SOAP:   6%|▌         | 1399/25000 [3:24:45 > 12:11]
SOAP:   6%|▌         | 1400/25000 [3:24:49 > 12:12]
SOAP:   6%|▌         | 1401/25000 [3:26:48 > 12:12]
SOAP:   6%|▌         | 1402/25000 [3:25:18 > 12:13]
SOAP:   6%|▌         | 1403/25000 [3:25:10 > 12:13]
SOAP:   6%|▌         | 1404/25000 [3:25:06 > 12:14]
SOAP:   6%|▌         | 1405/25000 [3:23:34 > 12:14]
SOAP:   6%|▌         | 1406/25000 [3:25:32 > 12:15]
SOAP:   6%|▌         | 1407/25000 [3:25:28 > 12:15]
SOAP:   6%|▌         | 1408/25000 [3:25:10 > 12:16]
SOAP:   6%|▌         | 1409/25000 [3:25:02 > 12:16]
SOAP:   6%|▌         | 1410/25000 [3:24:51 > 12:17]
SOAP:   6%|▌         | 1411/25000 [3:24:55 > 12:18]
SOAP:   6%|▌         | 1412/25000 [3:24:52 > 12:18]
SOAP:   6%|▌         | 1413/25000 [3:24:54 > 12:19]
SOAP:   6%|▌         | 1414/25000 [3:24:53 > 12:19]
SOAP:   6%|▌         | 1415/25000 [3:24:50 > 12:20]
SOAP:   6%|▌         | 1416/25000 [3:24:38 > 12:20]
SOAP:   6%|▌         | 1417/25000 [3:24:47 > 12:21]
SOAP:   6%|▌         | 1418/25000 [3:24:44 > 12:21]
SOAP:   6%|▌         | 1419/25000 [3:25:00 > 12:22]
SOAP:   6%|▌         | 1420/25000 [3:25:29 > 12:22]
SOAP:   6%|▌         | 1421/25000 [3:23:44 > 12:23]
SOAP:   6%|▌         | 1422/25000 [3:25:45 > 12:23]
SOAP:   6%|▌         | 1423/25000 [3:25:22 > 12:24]
SOAP:   6%|▌         | 1424/25000 [3:25:13 > 12:24]
SOAP:   6%|▌         | 1425/25000 [3:25:01 > 12:25]
SOAP:   6%|▌         | 1426/25000 [3:23:13 > 12:25]
SOAP:   6%|▌         | 1427/25000 [3:25:00 > 12:26]
SOAP:   6%|▌         | 1428/25000 [3:24:57 > 12:26]
SOAP:   6%|▌         | 1429/25000 [3:24:51 > 12:27]
SOAP:   6%|▌         | 1430/25000 [3:24:54 > 12:27]
SOAP:   6%|▌         | 1431/25000 [3:24:57 > 12:28]
SOAP:   6%|▌         | 1432/25000 [3:25:07 > 12:28]
SOAP:   6%|▌         | 1433/25000 [3:25:24 > 12:29]
SOAP:   6%|▌         | 1434/25000 [3:25:13 > 12:30]
SOAP:   6%|▌         | 1435/25000 [3:25:00 > 12:30]
SOAP:   6%|▌         | 1436/25000 [3:24:41 > 12:31]
SOAP:   6%|▌         | 1437/25000 [3:24:49 > 12:31]
SOAP:   6%|▌         | 1438/25000 [3:24:45 > 12:32]
SOAP:   6%|▌         | 1439/25000 [3:24:41 > 12:32]
SOAP:   6%|▌         | 1440/25000 [3:24:46 > 12:33]
SOAP:   6%|▌         | 1441/25000 [3:24:37 > 12:33]
SOAP:   6%|▌         | 1442/25000 [3:24:38 > 12:34]
SOAP:   6%|▌         | 1443/25000 [3:24:38 > 12:34]
SOAP:   6%|▌         | 1444/25000 [3:24:32 > 12:35]
SOAP:   6%|▌         | 1445/25000 [3:24:29 > 12:35]
SOAP:   6%|▌         | 1446/25000 [3:24:29 > 12:36]
SOAP:   6%|▌         | 1447/25000 [3:24:44 > 12:36]
SOAP:   6%|▌         | 1448/25000 [3:24:44 > 12:37]
SOAP:   6%|▌         | 1449/25000 [3:24:35 > 12:37]
SOAP:   6%|▌         | 1450/25000 [3:24:37 > 12:38]
SOAP:   6%|▌         | 1451/25000 [3:24:35 > 12:38]
SOAP:   6%|▌         | 1452/25000 [3:24:33 > 12:39]
SOAP:   6%|▌         | 1453/25000 [3:24:33 > 12:39]
SOAP:   6%|▌         | 1454/25000 [3:22:51 > 12:40]
SOAP:   6%|▌         | 1455/25000 [3:24:55 > 12:40]
SOAP:   6%|▌         | 1456/25000 [3:24:49 > 12:41]
SOAP:   6%|▌         | 1457/25000 [3:24:39 > 12:42]
SOAP:   6%|▌         | 1458/25000 [3:24:33 > 12:42]
SOAP:   6%|▌         | 1459/25000 [3:24:37 > 12:43]
SOAP:   6%|▌         | 1460/25000 [3:24:30 > 12:43]
SOAP:   6%|▌         | 1461/25000 [3:23:01 > 12:44]
SOAP:   6%|▌         | 1462/25000 [3:23:17 > 12:44]
SOAP:   6%|▌         | 1463/25000 [3:25:54 > 12:45]
SOAP:   6%|▌         | 1464/25000 [3:25:02 > 12:45]
SOAP:   6%|▌         | 1465/25000 [3:24:51 > 12:46]
SOAP:   6%|▌         | 1466/25000 [3:24:43 > 12:46]
SOAP:   6%|▌         | 1467/25000 [3:24:34 > 12:47]
SOAP:   6%|▌         | 1468/25000 [3:24:23 > 12:47]
SOAP:   6%|▌         | 1469/25000 [3:24:25 > 12:48]
SOAP:   6%|▌         | 1470/25000 [3:24:16 > 12:48]
SOAP:   6%|▌         | 1471/25000 [3:24:21 > 12:49]
SOAP:   6%|▌         | 1472/25000 [3:24:13 > 12:49]
SOAP:   6%|▌         | 1473/25000 [3:24:09 > 12:50]
SOAP:   6%|▌         | 1474/25000 [3:24:24 > 12:50]
SOAP:   6%|▌         | 1475/25000 [3:24:47 > 12:51]
SOAP:   6%|▌         | 1476/25000 [3:24:42 > 12:51]
SOAP:   6%|▌         | 1477/25000 [3:24:28 > 12:52]
SOAP:   6%|▌         | 1478/25000 [3:24:26 > 12:52]
SOAP:   6%|▌         | 1479/25000 [3:24:14 > 12:53]
SOAP:   6%|▌         | 1480/25000 [3:24:20 > 12:53]
SOAP:   6%|▌         | 1481/25000 [3:24:13 > 12:54]
SOAP:   6%|▌         | 1482/25000 [3:24:13 > 12:55]
SOAP:   6%|▌         | 1483/25000 [3:24:12 > 12:55]
SOAP:   6%|▌         | 1484/25000 [3:24:11 > 12:56]
SOAP:   6%|▌         | 1485/25000 [3:24:10 > 12:56]
SOAP:   6%|▌         | 1486/25000 [3:24:13 > 12:57]
SOAP:   6%|▌         | 1487/25000 [3:24:02 > 12:57]
SOAP:   6%|▌         | 1488/25000 [3:24:09 > 12:58]
SOAP:   6%|▌         | 1489/25000 [3:24:02 > 12:58]
SOAP:   6%|▌         | 1490/25000 [3:23:57 > 12:59]
SOAP:   6%|▌         | 1491/25000 [3:23:52 > 12:59]
SOAP:   6%|▌         | 1492/25000 [3:23:54 > 13:00]
SOAP:   6%|▌         | 1493/25000 [3:23:34 > 13:00]
SOAP:   6%|▌         | 1494/25000 [3:24:11 > 13:01]
SOAP:   6%|▌         | 1495/25000 [3:23:59 > 13:01]
SOAP:   6%|▌         | 1496/25000 [3:24:04 > 13:02]
SOAP:   6%|▌         | 1497/25000 [3:23:59 > 13:02]
SOAP:   6%|▌         | 1498/25000 [3:23:59 > 13:03]
SOAP:   6%|▌         | 1499/25000 [3:23:58 > 13:03]
SOAP:   6%|▌         | 1500/25000 [3:24:02 > 13:04]
SOAP:   6%|▌         | 1501/25000 [3:25:50 > 13:04]
SOAP:   6%|▌         | 1502/25000 [3:24:22 > 13:05]
SOAP:   6%|▌         | 1503/25000 [3:24:22 > 13:05]
SOAP:   6%|▌         | 1504/25000 [3:24:16 > 13:06]
SOAP:   6%|▌         | 1505/25000 [3:24:07 > 13:07]
SOAP:   6%|▌         | 1506/25000 [3:24:08 > 13:07]
SOAP:   6%|▌         | 1507/25000 [3:24:04 > 13:08]
SOAP:   6%|▌         | 1508/25000 [3:24:09 > 13:08]
SOAP:   6%|▌         | 1509/25000 [3:23:00 > 13:09]
SOAP:   6%|▌         | 1510/25000 [3:22:50 > 13:09]
SOAP:   6%|▌         | 1511/25000 [3:23:15 > 13:10]
SOAP:   6%|▌         | 1512/25000 [3:23:32 > 13:10]
SOAP:   6%|▌         | 1513/25000 [3:23:50 > 13:11]
SOAP:   6%|▌         | 1514/25000 [3:24:10 > 13:11]
SOAP:   6%|▌         | 1515/25000 [3:24:01 > 13:12]
SOAP:   6%|▌         | 1516/25000 [3:24:05 > 13:12]
SOAP:   6%|▌         | 1517/25000 [3:24:02 > 13:13]
SOAP:   6%|▌         | 1518/25000 [3:23:51 > 13:13]
SOAP:   6%|▌         | 1519/25000 [3:23:55 > 13:14]
SOAP:   6%|▌         | 1520/25000 [3:23:51 > 13:14]
SOAP:   6%|▌         | 1521/25000 [3:23:53 > 13:15]
SOAP:   6%|▌         | 1522/25000 [3:23:44 > 13:15]
SOAP:   6%|▌         | 1523/25000 [3:23:46 > 13:16]
SOAP:   6%|▌         | 1524/25000 [3:23:47 > 13:16]
SOAP:   6%|▌         | 1525/25000 [3:23:52 > 13:17]
SOAP:   6%|▌         | 1526/25000 [3:23:50 > 13:17]
SOAP:   6%|▌         | 1527/25000 [3:23:36 > 13:18]
SOAP:   6%|▌         | 1528/25000 [3:23:41 > 13:18]
SOAP:   6%|▌         | 1529/25000 [3:23:41 > 13:19]
SOAP:   6%|▌         | 1530/25000 [3:23:46 > 13:20]
SOAP:   6%|▌         | 1531/25000 [3:23:40 > 13:20]
SOAP:   6%|▌         | 1532/25000 [3:23:44 > 13:21]
SOAP:   6%|▌         | 1533/25000 [3:23:51 > 13:21]
SOAP:   6%|▌         | 1534/25000 [3:23:51 > 13:22]
SOAP:   6%|▌         | 1535/25000 [3:23:51 > 13:22]
SOAP:   6%|▌         | 1536/25000 [3:23:58 > 13:23]
SOAP:   6%|▌         | 1537/25000 [3:23:58 > 13:23]
SOAP:   6%|▌         | 1538/25000 [3:23:49 > 13:24]
SOAP:   6%|▌         | 1539/25000 [3:23:52 > 13:24]
SOAP:   6%|▌         | 1540/25000 [3:23:50 > 13:25]
SOAP:   6%|▌         | 1541/25000 [3:23:42 > 13:25]
SOAP:   6%|▌         | 1542/25000 [3:23:50 > 13:26]
SOAP:   6%|▌         | 1543/25000 [3:23:43 > 13:26]
SOAP:   6%|▌         | 1544/25000 [3:23:43 > 13:27]
SOAP:   6%|▌         | 1545/25000 [3:23:39 > 13:27]
SOAP:   6%|▌         | 1546/25000 [3:23:41 > 13:28]
SOAP:   6%|▌         | 1547/25000 [3:23:37 > 13:28]
SOAP:   6%|▌         | 1548/25000 [3:23:38 > 13:29]
SOAP:   6%|▌         | 1549/25000 [3:23:41 > 13:29]
SOAP:   6%|▌         | 1550/25000 [3:23:32 > 13:30]
SOAP:   6%|▌         | 1551/25000 [3:22:05 > 13:30]
SOAP:   6%|▌         | 1552/25000 [3:24:00 > 13:31]
SOAP:   6%|▌         | 1553/25000 [3:23:57 > 13:32]
SOAP:   6%|▌         | 1554/25000 [3:23:45 > 13:32]
SOAP:   6%|▌         | 1555/25000 [3:23:41 > 13:33]
SOAP:   6%|▌         | 1556/25000 [3:23:37 > 13:33]
SOAP:   6%|▌         | 1557/25000 [3:23:43 > 13:34]
SOAP:   6%|▌         | 1558/25000 [3:23:38 > 13:34]
SOAP:   6%|▌         | 1559/25000 [3:23:40 > 13:35]
SOAP:   6%|▌         | 1560/25000 [3:23:43 > 13:35]
SOAP:   6%|▌         | 1561/25000 [3:23:37 > 13:36]
SOAP:   6%|▌         | 1562/25000 [3:23:25 > 13:36]
SOAP:   6%|▋         | 1563/25000 [3:23:30 > 13:37]
SOAP:   6%|▋         | 1564/25000 [3:23:22 > 13:37]
SOAP:   6%|▋         | 1565/25000 [3:23:25 > 13:38]
SOAP:   6%|▋         | 1566/25000 [3:23:22 > 13:38]
SOAP:   6%|▋         | 1567/25000 [3:23:23 > 13:39]
SOAP:   6%|▋         | 1568/25000 [3:23:16 > 13:39]
SOAP:   6%|▋         | 1569/25000 [3:23:21 > 13:40]
SOAP:   6%|▋         | 1570/25000 [3:23:22 > 13:40]
SOAP:   6%|▋         | 1571/25000 [3:23:20 > 13:41]
SOAP:   6%|▋         | 1572/25000 [3:23:20 > 13:41]
SOAP:   6%|▋         | 1573/25000 [3:23:19 > 13:42]
SOAP:   6%|▋         | 1574/25000 [3:23:22 > 13:42]
SOAP:   6%|▋         | 1575/25000 [3:23:26 > 13:43]
SOAP:   6%|▋         | 1576/25000 [3:23:16 > 13:44]
SOAP:   6%|▋         | 1577/25000 [3:23:18 > 13:44]
SOAP:   6%|▋         | 1578/25000 [3:23:24 > 13:45]
SOAP:   6%|▋         | 1579/25000 [3:23:22 > 13:45]
SOAP:   6%|▋         | 1580/25000 [3:23:35 > 13:46]
SOAP:   6%|▋         | 1581/25000 [3:23:07 > 13:46]
SOAP:   6%|▋         | 1582/25000 [3:23:17 > 13:47]
SOAP:   6%|▋         | 1583/25000 [3:23:28 > 13:47]
SOAP:   6%|▋         | 1584/25000 [3:23:53 > 13:48]
SOAP:   6%|▋         | 1585/25000 [3:23:21 > 13:48]
SOAP:   6%|▋         | 1586/25000 [3:23:25 > 13:49]
SOAP:   6%|▋         | 1587/25000 [3:23:23 > 13:49]
SOAP:   6%|▋         | 1588/25000 [3:23:17 > 13:50]
SOAP:   6%|▋         | 1589/25000 [3:23:21 > 13:50]
SOAP:   6%|▋         | 1590/25000 [3:21:47 > 13:51]
SOAP:   6%|▋         | 1591/25000 [3:23:46 > 13:51]
SOAP:   6%|▋         | 1592/25000 [3:23:38 > 13:52]
SOAP:   6%|▋         | 1593/25000 [3:23:25 > 13:52]
SOAP:   6%|▋         | 1594/25000 [3:23:32 > 13:53]
SOAP:   6%|▋         | 1595/25000 [3:23:27 > 13:53]
SOAP:   6%|▋         | 1596/25000 [3:23:22 > 13:54]
SOAP:   6%|▋         | 1597/25000 [3:23:18 > 13:54]
SOAP:   6%|▋         | 1598/25000 [3:23:14 > 13:55]
SOAP:   6%|▋         | 1599/25000 [3:21:32 > 13:55]
SOAP:   6%|▋         | 1600/25000 [3:23:33 > 13:56]
SOAP:   6%|▋         | 1601/25000 [3:22:47 > 13:57]
SOAP:   6%|▋         | 1602/25000 [3:24:32 > 13:57]
SOAP:   6%|▋         | 1603/25000 [3:24:07 > 13:58]
SOAP:   6%|▋         | 1604/25000 [3:23:48 > 13:58]
SOAP:   6%|▋         | 1605/25000 [3:23:36 > 13:59]
SOAP:   6%|▋         | 1606/25000 [3:23:25 > 13:59]
SOAP:   6%|▋         | 1607/25000 [3:23:28 > 14:00]
SOAP:   6%|▋         | 1608/25000 [3:23:17 > 14:00]
SOAP:   6%|▋         | 1609/25000 [3:21:44 > 14:01]
SOAP:   6%|▋         | 1610/25000 [3:23:45 > 14:01]
SOAP:   6%|▋         | 1611/25000 [3:23:33 > 14:02]
SOAP:   6%|▋         | 1612/25000 [3:23:20 > 14:02]
SOAP:   6%|▋         | 1613/25000 [3:23:16 > 14:03]
SOAP:   6%|▋         | 1614/25000 [3:23:13 > 14:03]
SOAP:   6%|▋         | 1615/25000 [3:23:15 > 14:04]
SOAP:   6%|▋         | 1616/25000 [3:23:05 > 14:04]
SOAP:   6%|▋         | 1617/25000 [3:23:09 > 14:05]
SOAP:   6%|▋         | 1618/25000 [3:23:05 > 14:05]
SOAP:   6%|▋         | 1619/25000 [3:22:59 > 14:06]
SOAP:   6%|▋         | 1620/25000 [3:22:52 > 14:06]
SOAP:   6%|▋         | 1621/25000 [3:23:04 > 14:07]
SOAP:   6%|▋         | 1622/25000 [3:23:07 > 14:07]
SOAP:   6%|▋         | 1623/25000 [3:23:02 > 14:08]
SOAP:   6%|▋         | 1624/25000 [3:23:01 > 14:09]
SOAP:   6%|▋         | 1625/25000 [3:22:59 > 14:09]
SOAP:   7%|▋         | 1626/25000 [3:23:04 > 14:10]
SOAP:   7%|▋         | 1627/25000 [3:23:02 > 14:10]
SOAP:   7%|▋         | 1628/25000 [3:22:56 > 14:11]
SOAP:   7%|▋         | 1629/25000 [3:22:55 > 14:11]
SOAP:   7%|▋         | 1630/25000 [3:22:59 > 14:12]
SOAP:   7%|▋         | 1631/25000 [3:22:58 > 14:12]
SOAP:   7%|▋         | 1632/25000 [3:22:58 > 14:13]
SOAP:   7%|▋         | 1633/25000 [3:22:55 > 14:13]
SOAP:   7%|▋         | 1634/25000 [3:23:02 > 14:14]
SOAP:   7%|▋         | 1635/25000 [3:23:02 > 14:14]
SOAP:   7%|▋         | 1636/25000 [3:23:04 > 14:15]
SOAP:   7%|▋         | 1637/25000 [3:22:54 > 14:15]
SOAP:   7%|▋         | 1638/25000 [3:22:47 > 14:16]
SOAP:   7%|▋         | 1639/25000 [3:22:43 > 14:16]
SOAP:   7%|▋         | 1640/25000 [3:22:44 > 14:17]
SOAP:   7%|▋         | 1641/25000 [3:22:51 > 14:17]
SOAP:   7%|▋         | 1642/25000 [3:22:49 > 14:18]
SOAP:   7%|▋         | 1643/25000 [3:22:49 > 14:18]
SOAP:   7%|▋         | 1644/25000 [3:22:44 > 14:19]
SOAP:   7%|▋         | 1645/25000 [3:22:48 > 14:19]
SOAP:   7%|▋         | 1646/25000 [3:22:40 > 14:20]
SOAP:   7%|▋         | 1647/25000 [3:22:43 > 14:21]
SOAP:   7%|▋         | 1648/25000 [3:21:10 > 14:21]
SOAP:   7%|▋         | 1649/25000 [3:23:13 > 14:22]
SOAP:   7%|▋         | 1650/25000 [3:23:08 > 14:22]
SOAP:   7%|▋         | 1651/25000 [3:23:03 > 14:23]
SOAP:   7%|▋         | 1652/25000 [3:23:04 > 14:23]
SOAP:   7%|▋         | 1653/25000 [3:22:53 > 14:24]
SOAP:   7%|▋         | 1654/25000 [3:22:55 > 14:24]
SOAP:   7%|▋         | 1655/25000 [3:22:51 > 14:25]
SOAP:   7%|▋         | 1656/25000 [3:22:37 > 14:25]
SOAP:   7%|▋         | 1657/25000 [3:22:39 > 14:26]
SOAP:   7%|▋         | 1658/25000 [3:22:42 > 14:26]
SOAP:   7%|▋         | 1659/25000 [3:22:43 > 14:27]
SOAP:   7%|▋         | 1660/25000 [3:22:42 > 14:27]
SOAP:   7%|▋         | 1661/25000 [3:22:42 > 14:28]
SOAP:   7%|▋         | 1662/25000 [3:22:41 > 14:28]
SOAP:   7%|▋         | 1663/25000 [3:22:41 > 14:29]
SOAP:   7%|▋         | 1664/25000 [3:22:33 > 14:29]
SOAP:   7%|▋         | 1665/25000 [3:22:35 > 14:30]
SOAP:   7%|▋         | 1666/25000 [3:21:00 > 14:30]
SOAP:   7%|▋         | 1667/25000 [3:23:06 > 14:31]
SOAP:   7%|▋         | 1668/25000 [3:22:59 > 14:31]
SOAP:   7%|▋         | 1669/25000 [3:22:44 > 14:32]
SOAP:   7%|▋         | 1670/25000 [3:22:46 > 14:32]
SOAP:   7%|▋         | 1671/25000 [3:22:49 > 14:33]
SOAP:   7%|▋         | 1672/25000 [3:22:37 > 14:34]
SOAP:   7%|▋         | 1673/25000 [3:22:28 > 14:34]
SOAP:   7%|▋         | 1674/25000 [3:22:25 > 14:35]
SOAP:   7%|▋         | 1675/25000 [3:22:30 > 14:35]
SOAP:   7%|▋         | 1676/25000 [3:22:30 > 14:36]
SOAP:   7%|▋         | 1677/25000 [3:22:23 > 14:36]
SOAP:   7%|▋         | 1678/25000 [3:22:28 > 14:37]
SOAP:   7%|▋         | 1679/25000 [3:22:21 > 14:37]
SOAP:   7%|▋         | 1680/25000 [3:22:27 > 14:38]
SOAP:   7%|▋         | 1681/25000 [3:22:19 > 14:38]
SOAP:   7%|▋         | 1682/25000 [3:22:23 > 14:39]
SOAP:   7%|▋         | 1683/25000 [3:22:30 > 14:39]
SOAP:   7%|▋         | 1684/25000 [3:22:26 > 14:40]
SOAP:   7%|▋         | 1685/25000 [3:22:24 > 14:40]
SOAP:   7%|▋         | 1686/25000 [3:22:20 > 14:41]
SOAP:   7%|▋         | 1687/25000 [3:20:44 > 14:41]
SOAP:   7%|▋         | 1688/25000 [3:22:58 > 14:42]
SOAP:   7%|▋         | 1689/25000 [3:22:53 > 14:42]
SOAP:   7%|▋         | 1690/25000 [3:23:33 > 14:43]
SOAP:   7%|▋         | 1691/25000 [3:23:55 > 14:43]
SOAP:   7%|▋         | 1692/25000 [3:23:59 > 14:44]
SOAP:   7%|▋         | 1693/25000 [3:24:06 > 14:44]
SOAP:   7%|▋         | 1694/25000 [3:24:16 > 14:45]
SOAP:   7%|▋         | 1695/25000 [3:24:22 > 14:46]
SOAP:   7%|▋         | 1696/25000 [3:24:30 > 14:46]
SOAP:   7%|▋         | 1697/25000 [3:24:29 > 14:47]
SOAP:   7%|▋         | 1698/25000 [3:24:37 > 14:47]
SOAP:   7%|▋         | 1699/25000 [3:24:36 > 14:48]
SOAP:   7%|▋         | 1700/25000 [3:24:31 > 14:48]
SOAP:   7%|▋         | 1701/25000 [3:25:45 > 14:49]
SOAP:   7%|▋         | 1702/25000 [3:25:17 > 14:49]
SOAP:   7%|▋         | 1703/25000 [3:24:04 > 14:50]
SOAP:   7%|▋         | 1704/25000 [3:23:58 > 14:50]
SOAP:   7%|▋         | 1705/25000 [3:24:28 > 14:51]
SOAP:   7%|▋         | 1706/25000 [3:25:28 > 14:51]
SOAP:   7%|▋         | 1707/25000 [3:24:11 > 14:52]
SOAP:   7%|▋         | 1708/25000 [3:23:44 > 14:52]
SOAP:   7%|▋         | 1709/25000 [3:23:50 > 14:53]
SOAP:   7%|▋         | 1710/25000 [3:23:57 > 14:53]
SOAP:   7%|▋         | 1711/25000 [3:24:06 > 14:54]
SOAP:   7%|▋         | 1712/25000 [3:24:20 > 14:55]
SOAP:   7%|▋         | 1713/25000 [3:24:14 > 14:55]
SOAP:   7%|▋         | 1714/25000 [3:24:09 > 14:56]
SOAP:   7%|▋         | 1715/25000 [3:24:12 > 14:56]
SOAP:   7%|▋         | 1716/25000 [3:24:10 > 14:57]
SOAP:   7%|▋         | 1717/25000 [3:24:19 > 14:57]
SOAP:   7%|▋         | 1718/25000 [3:24:24 > 14:58]
SOAP:   7%|▋         | 1719/25000 [3:24:22 > 14:58]
SOAP:   7%|▋         | 1720/25000 [3:24:17 > 14:59]
SOAP:   7%|▋         | 1721/25000 [3:24:18 > 14:59]
SOAP:   7%|▋         | 1722/25000 [3:24:21 > 15:00]
SOAP:   7%|▋         | 1723/25000 [3:24:30 > 15:00]
SOAP:   7%|▋         | 1724/25000 [3:23:43 > 15:01]
SOAP:   7%|▋         | 1725/25000 [3:24:23 > 15:01]
SOAP:   7%|▋         | 1726/25000 [3:24:21 > 15:02]
SOAP:   7%|▋         | 1727/25000 [3:24:25 > 15:02]
SOAP:   7%|▋         | 1728/25000 [3:24:20 > 15:03]
SOAP:   7%|▋         | 1729/25000 [3:24:26 > 15:03]
SOAP:   7%|▋         | 1730/25000 [3:24:20 > 15:04]
SOAP:   7%|▋         | 1731/25000 [3:24:19 > 15:05]
SOAP:   7%|▋         | 1732/25000 [3:24:15 > 15:05]
SOAP:   7%|▋         | 1733/25000 [3:24:20 > 15:06]
SOAP:   7%|▋         | 1734/25000 [3:24:24 > 15:06]
SOAP:   7%|▋         | 1735/25000 [3:24:17 > 15:07]
SOAP:   7%|▋         | 1736/25000 [3:24:05 > 15:07]
SOAP:   7%|▋         | 1737/25000 [3:24:05 > 15:08]
SOAP:   7%|▋         | 1738/25000 [3:23:54 > 15:08]
SOAP:   7%|▋         | 1739/25000 [3:24:01 > 15:09]
SOAP:   7%|▋         | 1740/25000 [3:24:08 > 15:09]
SOAP:   7%|▋         | 1741/25000 [3:24:15 > 15:10]
SOAP:   7%|▋         | 1742/25000 [3:24:12 > 15:10]
SOAP:   7%|▋         | 1743/25000 [3:24:04 > 15:11]
SOAP:   7%|▋         | 1744/25000 [3:24:07 > 15:11]
SOAP:   7%|▋         | 1745/25000 [3:24:21 > 15:12]
SOAP:   7%|▋         | 1746/25000 [3:24:16 > 15:12]
SOAP:   7%|▋         | 1747/25000 [3:24:09 > 15:13]
SOAP:   7%|▋         | 1748/25000 [3:24:11 > 15:13]
SOAP:   7%|▋         | 1749/25000 [3:24:05 > 15:14]
SOAP:   7%|▋         | 1750/25000 [3:24:16 > 15:15]
SOAP:   7%|▋         | 1751/25000 [3:24:07 > 15:15]
SOAP:   7%|▋         | 1752/25000 [3:24:15 > 15:16]
SOAP:   7%|▋         | 1753/25000 [3:24:13 > 15:16]
SOAP:   7%|▋         | 1754/25000 [3:24:20 > 15:17]
SOAP:   7%|▋         | 1755/25000 [3:24:13 > 15:17]
SOAP:   7%|▋         | 1756/25000 [3:24:07 > 15:18]
SOAP:   7%|▋         | 1757/25000 [3:23:32 > 15:18]
SOAP:   7%|▋         | 1758/25000 [3:23:34 > 15:19]
SOAP:   7%|▋         | 1759/25000 [3:23:31 > 15:19]
SOAP:   7%|▋         | 1760/25000 [3:23:34 > 15:20]
SOAP:   7%|▋         | 1761/25000 [3:23:39 > 15:20]
SOAP:   7%|▋         | 1762/25000 [3:23:56 > 15:21]
SOAP:   7%|▋         | 1763/25000 [3:22:00 > 15:21]
SOAP:   7%|▋         | 1764/25000 [3:23:48 > 15:22]
SOAP:   7%|▋         | 1765/25000 [3:24:05 > 15:22]
SOAP:   7%|▋         | 1766/25000 [3:23:56 > 15:23]
SOAP:   7%|▋         | 1767/25000 [3:23:57 > 15:23]
SOAP:   7%|▋         | 1768/25000 [3:23:59 > 15:24]
SOAP:   7%|▋         | 1769/25000 [3:23:54 > 15:25]
SOAP:   7%|▋         | 1770/25000 [3:23:31 > 15:25]
SOAP:   7%|▋         | 1771/25000 [3:23:13 > 15:26]
SOAP:   7%|▋         | 1772/25000 [3:23:21 > 15:26]
SOAP:   7%|▋         | 1773/25000 [3:23:53 > 15:27]
SOAP:   7%|▋         | 1774/25000 [3:23:47 > 15:27]
SOAP:   7%|▋         | 1775/25000 [3:23:07 > 15:28]
SOAP:   7%|▋         | 1776/25000 [3:23:29 > 15:28]
SOAP:   7%|▋         | 1777/25000 [3:23:35 > 15:29]
SOAP:   7%|▋         | 1778/25000 [3:23:34 > 15:29]
SOAP:   7%|▋         | 1779/25000 [3:23:37 > 15:30]
SOAP:   7%|▋         | 1780/25000 [3:23:37 > 15:30]
SOAP:   7%|▋         | 1781/25000 [3:23:30 > 15:31]
SOAP:   7%|▋         | 1782/25000 [3:23:38 > 15:31]
SOAP:   7%|▋         | 1783/25000 [3:21:47 > 15:32]
SOAP:   7%|▋         | 1784/25000 [3:23:30 > 15:32]
SOAP:   7%|▋         | 1785/25000 [3:23:37 > 15:33]
SOAP:   7%|▋         | 1786/25000 [3:23:45 > 15:33]
SOAP:   7%|▋         | 1787/25000 [3:24:38 > 15:34]
SOAP:   7%|▋         | 1788/25000 [3:23:24 > 15:35]
SOAP:   7%|▋         | 1789/25000 [3:23:33 > 15:35]
SOAP:   7%|▋         | 1790/25000 [3:23:43 > 15:36]
SOAP:   7%|▋         | 1791/25000 [3:23:42 > 15:36]
SOAP:   7%|▋         | 1792/25000 [3:23:39 > 15:37]
SOAP:   7%|▋         | 1793/25000 [3:23:41 > 15:37]
SOAP:   7%|▋         | 1794/25000 [3:23:48 > 15:38]
SOAP:   7%|▋         | 1795/25000 [3:23:55 > 15:38]
SOAP:   7%|▋         | 1796/25000 [3:23:39 > 15:39]
SOAP:   7%|▋         | 1797/25000 [3:23:35 > 15:39]
SOAP:   7%|▋         | 1798/25000 [3:23:40 > 15:40]
SOAP:   7%|▋         | 1799/25000 [3:23:45 > 15:40]
SOAP:   7%|▋         | 1800/25000 [3:23:42 > 15:41]
SOAP:   7%|▋         | 1801/25000 [3:24:32 > 15:41]
SOAP:   7%|▋         | 1802/25000 [3:24:15 > 15:42]
SOAP:   7%|▋         | 1803/25000 [3:22:57 > 15:42]
SOAP:   7%|▋         | 1804/25000 [3:23:23 > 15:43]
SOAP:   7%|▋         | 1805/25000 [3:23:22 > 15:43]
SOAP:   7%|▋         | 1806/25000 [3:23:24 > 15:44]
SOAP:   7%|▋         | 1807/25000 [3:22:26 > 15:45]
SOAP:   7%|▋         | 1808/25000 [3:23:06 > 15:45]
SOAP:   7%|▋         | 1809/25000 [3:23:13 > 15:46]
SOAP:   7%|▋         | 1810/25000 [3:23:00 > 15:46]
SOAP:   7%|▋         | 1811/25000 [3:21:58 > 15:47]
SOAP:   7%|▋         | 1812/25000 [3:22:26 > 15:47]
SOAP:   7%|▋         | 1813/25000 [3:22:45 > 15:48]
SOAP:   7%|▋         | 1814/25000 [3:23:10 > 15:48]
SOAP:   7%|▋         | 1815/25000 [3:23:13 > 15:49]
SOAP:   7%|▋         | 1816/25000 [3:23:19 > 15:49]
SOAP:   7%|▋         | 1817/25000 [3:23:23 > 15:50]
SOAP:   7%|▋         | 1818/25000 [3:23:15 > 15:50]
SOAP:   7%|▋         | 1819/25000 [3:22:54 > 15:51]
SOAP:   7%|▋         | 1820/25000 [3:23:09 > 15:51]
SOAP:   7%|▋         | 1821/25000 [3:23:18 > 15:52]
SOAP:   7%|▋         | 1822/25000 [3:23:22 > 15:52]
SOAP:   7%|▋         | 1823/25000 [3:23:20 > 15:53]
SOAP:   7%|▋         | 1824/25000 [3:22:21 > 15:53]
SOAP:   7%|▋         | 1825/25000 [3:22:41 > 15:54]
SOAP:   7%|▋         | 1826/25000 [3:22:50 > 15:54]
SOAP:   7%|▋         | 1827/25000 [3:23:52 > 15:55]
SOAP:   7%|▋         | 1828/25000 [3:22:59 > 15:56]
SOAP:   7%|▋         | 1829/25000 [3:23:12 > 15:56]
SOAP:   7%|▋         | 1830/25000 [3:23:14 > 15:57]
SOAP:   7%|▋         | 1831/25000 [3:23:28 > 15:57]
SOAP:   7%|▋         | 1832/25000 [3:23:23 > 15:58]
SOAP:   7%|▋         | 1833/25000 [3:23:31 > 15:58]
SOAP:   7%|▋         | 1834/25000 [3:23:28 > 15:59]
SOAP:   7%|▋         | 1835/25000 [3:22:48 > 15:59]
SOAP:   7%|▋         | 1836/25000 [3:22:58 > 16:00]
SOAP:   7%|▋         | 1837/25000 [3:23:00 > 16:00]
SOAP:   7%|▋         | 1838/25000 [3:23:04 > 16:01]
SOAP:   7%|▋         | 1839/25000 [3:23:12 > 16:01]
SOAP:   7%|▋         | 1840/25000 [3:23:17 > 16:02]
SOAP:   7%|▋         | 1841/25000 [3:23:26 > 16:02]
SOAP:   7%|▋         | 1842/25000 [3:23:23 > 16:03]
SOAP:   7%|▋         | 1843/25000 [3:23:20 > 16:03]
SOAP:   7%|▋         | 1844/25000 [3:23:09 > 16:04]
SOAP:   7%|▋         | 1845/25000 [3:23:07 > 16:04]
SOAP:   7%|▋         | 1846/25000 [3:23:07 > 16:05]
SOAP:   7%|▋         | 1847/25000 [3:23:22 > 16:06]
SOAP:   7%|▋         | 1848/25000 [3:23:14 > 16:06]
SOAP:   7%|▋         | 1849/25000 [3:23:12 > 16:07]
SOAP:   7%|▋         | 1850/25000 [3:23:19 > 16:07]
SOAP:   7%|▋         | 1851/25000 [3:23:20 > 16:08]
SOAP:   7%|▋         | 1852/25000 [3:23:10 > 16:08]
SOAP:   7%|▋         | 1853/25000 [3:23:10 > 16:09]
SOAP:   7%|▋         | 1854/25000 [3:23:09 > 16:09]
SOAP:   7%|▋         | 1855/25000 [3:23:14 > 16:10]
SOAP:   7%|▋         | 1856/25000 [3:23:20 > 16:10]
SOAP:   7%|▋         | 1857/25000 [3:23:10 > 16:11]
SOAP:   7%|▋         | 1858/25000 [3:23:05 > 16:11]
SOAP:   7%|▋         | 1859/25000 [3:23:12 > 16:12]
SOAP:   7%|▋         | 1860/25000 [3:21:21 > 16:12]
SOAP:   7%|▋         | 1861/25000 [3:23:09 > 16:13]
SOAP:   7%|▋         | 1862/25000 [3:23:11 > 16:13]
SOAP:   7%|▋         | 1863/25000 [3:23:09 > 16:14]
SOAP:   7%|▋         | 1864/25000 [3:23:09 > 16:15]
SOAP:   7%|▋         | 1865/25000 [3:23:11 > 16:15]
SOAP:   7%|▋         | 1866/25000 [3:22:59 > 16:16]
SOAP:   7%|▋         | 1867/25000 [3:23:04 > 16:16]
SOAP:   7%|▋         | 1868/25000 [3:23:04 > 16:17]
SOAP:   7%|▋         | 1869/25000 [3:22:57 > 16:17]
SOAP:   7%|▋         | 1870/25000 [3:22:58 > 16:18]
SOAP:   7%|▋         | 1871/25000 [3:22:57 > 16:18]
SOAP:   7%|▋         | 1872/25000 [3:22:07 > 16:19]
SOAP:   7%|▋         | 1873/25000 [3:22:48 > 16:19]
SOAP:   7%|▋         | 1874/25000 [3:22:50 > 16:20]
SOAP:   8%|▊         | 1875/25000 [3:22:57 > 16:20]
SOAP:   8%|▊         | 1876/25000 [3:22:48 > 16:21]
SOAP:   8%|▊         | 1877/25000 [3:20:41 > 16:21]
SOAP:   8%|▊         | 1878/25000 [3:22:14 > 16:22]
SOAP:   8%|▊         | 1879/25000 [3:21:11 > 16:22]
SOAP:   8%|▊         | 1880/25000 [3:22:02 > 16:23]
SOAP:   8%|▊         | 1881/25000 [3:21:57 > 16:23]
SOAP:   8%|▊         | 1882/25000 [3:22:08 > 16:24]
SOAP:   8%|▊         | 1883/25000 [3:22:21 > 16:24]
SOAP:   8%|▊         | 1884/25000 [3:22:30 > 16:25]
SOAP:   8%|▊         | 1885/25000 [3:22:41 > 16:26]
SOAP:   8%|▊         | 1886/25000 [3:22:52 > 16:26]
SOAP:   8%|▊         | 1887/25000 [3:22:46 > 16:27]
SOAP:   8%|▊         | 1888/25000 [3:22:43 > 16:27]
SOAP:   8%|▊         | 1889/25000 [3:22:48 > 16:28]
SOAP:   8%|▊         | 1890/25000 [3:22:49 > 16:28]
SOAP:   8%|▊         | 1891/25000 [3:22:55 > 16:29]
SOAP:   8%|▊         | 1892/25000 [3:23:01 > 16:29]
SOAP:   8%|▊         | 1893/25000 [3:22:55 > 16:30]
SOAP:   8%|▊         | 1894/25000 [3:22:52 > 16:30]
SOAP:   8%|▊         | 1895/25000 [3:22:56 > 16:31]
SOAP:   8%|▊         | 1896/25000 [3:23:06 > 16:31]
SOAP:   8%|▊         | 1897/25000 [3:22:53 > 16:32]
SOAP:   8%|▊         | 1898/25000 [3:22:48 > 16:32]
SOAP:   8%|▊         | 1899/25000 [3:22:49 > 16:33]
SOAP:   8%|▊         | 1900/25000 [3:22:51 > 16:33]
SOAP:   8%|▊         | 1901/25000 [3:24:02 > 16:34]
SOAP:   8%|▊         | 1902/25000 [3:23:36 > 16:34]
SOAP:   8%|▊         | 1903/25000 [3:23:20 > 16:35]
SOAP:   8%|▊         | 1904/25000 [3:23:15 > 16:36]
SOAP:   8%|▊         | 1905/25000 [3:23:17 > 16:36]
SOAP:   8%|▊         | 1906/25000 [3:23:01 > 16:37]
SOAP:   8%|▊         | 1907/25000 [3:22:57 > 16:37]
SOAP:   8%|▊         | 1908/25000 [3:22:59 > 16:38]
SOAP:   8%|▊         | 1909/25000 [3:22:53 > 16:38]
SOAP:   8%|▊         | 1910/25000 [3:22:42 > 16:39]
SOAP:   8%|▊         | 1911/25000 [3:22:35 > 16:39]
SOAP:   8%|▊         | 1912/25000 [3:22:40 > 16:40]
SOAP:   8%|▊         | 1913/25000 [3:22:49 > 16:40]
SOAP:   8%|▊         | 1914/25000 [3:22:47 > 16:41]
SOAP:   8%|▊         | 1915/25000 [3:22:23 > 16:41]
SOAP:   8%|▊         | 1916/25000 [3:22:08 > 16:42]
SOAP:   8%|▊         | 1917/25000 [3:22:20 > 16:42]
SOAP:   8%|▊         | 1918/25000 [3:22:24 > 16:43]
SOAP:   8%|▊         | 1919/25000 [3:22:26 > 16:43]
SOAP:   8%|▊         | 1920/25000 [3:22:36 > 16:44]
SOAP:   8%|▊         | 1921/25000 [3:22:42 > 16:45]
SOAP:   8%|▊         | 1922/25000 [3:21:30 > 16:45]
SOAP:   8%|▊         | 1923/25000 [3:22:34 > 16:46]
SOAP:   8%|▊         | 1924/25000 [3:22:29 > 16:46]
SOAP:   8%|▊         | 1925/25000 [3:22:30 > 16:47]
SOAP:   8%|▊         | 1926/25000 [3:22:33 > 16:47]
SOAP:   8%|▊         | 1927/25000 [3:22:50 > 16:48]
SOAP:   8%|▊         | 1928/25000 [3:22:39 > 16:48]
SOAP:   8%|▊         | 1929/25000 [3:22:39 > 16:49]
SOAP:   8%|▊         | 1930/25000 [3:22:40 > 16:49]
SOAP:   8%|▊         | 1931/25000 [3:22:38 > 16:50]
SOAP:   8%|▊         | 1932/25000 [3:22:15 > 16:50]
SOAP:   8%|▊         | 1933/25000 [3:21:52 > 16:51]
SOAP:   8%|▊         | 1934/25000 [3:22:06 > 16:51]
SOAP:   8%|▊         | 1935/25000 [3:22:21 > 16:52]
SOAP:   8%|▊         | 1936/25000 [3:22:20 > 16:52]
SOAP:   8%|▊         | 1937/25000 [3:21:36 > 16:53]
SOAP:   8%|▊         | 1938/25000 [3:22:16 > 16:53]
SOAP:   8%|▊         | 1939/25000 [3:22:20 > 16:54]
SOAP:   8%|▊         | 1940/25000 [3:22:25 > 16:55]
SOAP:   8%|▊         | 1941/25000 [3:22:27 > 16:55]
SOAP:   8%|▊         | 1942/25000 [3:22:29 > 16:56]
SOAP:   8%|▊         | 1943/25000 [3:22:22 > 16:56]
SOAP:   8%|▊         | 1944/25000 [3:22:34 > 16:57]
SOAP:   8%|▊         | 1945/25000 [3:22:28 > 16:57]
SOAP:   8%|▊         | 1946/25000 [3:22:33 > 16:58]
SOAP:   8%|▊         | 1947/25000 [3:22:25 > 16:58]
SOAP:   8%|▊         | 1948/25000 [3:22:29 > 16:59]
SOAP:   8%|▊         | 1949/25000 [3:22:27 > 16:59]
SOAP:   8%|▊         | 1950/25000 [3:22:25 > 17:00]
SOAP:   8%|▊         | 1951/25000 [3:22:30 > 17:00]
SOAP:   8%|▊         | 1952/25000 [3:22:28 > 17:01]
SOAP:   8%|▊         | 1953/25000 [3:22:29 > 17:01]
SOAP:   8%|▊         | 1954/25000 [3:22:21 > 17:02]
SOAP:   8%|▊         | 1955/25000 [3:22:15 > 17:02]
SOAP:   8%|▊         | 1956/25000 [3:20:35 > 17:03]
SOAP:   8%|▊         | 1957/25000 [3:22:13 > 17:03]
SOAP:   8%|▊         | 1958/25000 [3:22:22 > 17:04]
SOAP:   8%|▊         | 1959/25000 [3:22:01 > 17:05]
SOAP:   8%|▊         | 1960/25000 [3:21:24 > 17:05]
SOAP:   8%|▊         | 1961/25000 [3:21:09 > 17:06]
SOAP:   8%|▊         | 1962/25000 [3:20:43 > 17:06]
SOAP:   8%|▊         | 1963/25000 [3:20:35 > 17:07]
SOAP:   8%|▊         | 1964/25000 [3:20:24 > 17:07]
SOAP:   8%|▊         | 1965/25000 [3:20:17 > 17:08]
SOAP:   8%|▊         | 1966/25000 [3:20:07 > 17:08]
SOAP:   8%|▊         | 1967/25000 [3:19:46 > 17:09]
SOAP:   8%|▊         | 1968/25000 [3:19:44 > 17:09]
SOAP:   8%|▊         | 1969/25000 [3:19:52 > 17:10]
SOAP:   8%|▊         | 1970/25000 [3:19:52 > 17:10]
SOAP:   8%|▊         | 1971/25000 [3:19:56 > 17:11]
SOAP:   8%|▊         | 1972/25000 [3:20:06 > 17:11]
SOAP:   8%|▊         | 1973/25000 [3:19:59 > 17:12]
SOAP:   8%|▊         | 1974/25000 [3:19:57 > 17:12]
SOAP:   8%|▊         | 1975/25000 [3:19:58 > 17:13]
SOAP:   8%|▊         | 1976/25000 [3:19:46 > 17:13]
SOAP:   8%|▊         | 1977/25000 [3:19:56 > 17:14]
SOAP:   8%|▊         | 1978/25000 [3:19:56 > 17:14]
SOAP:   8%|▊         | 1979/25000 [3:19:41 > 17:15]
SOAP:   8%|▊         | 1980/25000 [3:19:15 > 17:15]
SOAP:   8%|▊         | 1981/25000 [3:19:36 > 17:16]
SOAP:   8%|▊         | 1982/25000 [3:19:35 > 17:16]
SOAP:   8%|▊         | 1983/25000 [3:19:38 > 17:17]
SOAP:   8%|▊         | 1984/25000 [3:19:41 > 17:18]
SOAP:   8%|▊         | 1985/25000 [3:19:59 > 17:18]
SOAP:   8%|▊         | 1986/25000 [3:20:21 > 17:19]
SOAP:   8%|▊         | 1987/25000 [3:20:27 > 17:19]
SOAP:   8%|▊         | 1988/25000 [3:20:19 > 17:20]
SOAP:   8%|▊         | 1989/25000 [3:20:15 > 17:20]
SOAP:   8%|▊         | 1990/25000 [3:20:07 > 17:21]
SOAP:   8%|▊         | 1991/25000 [3:19:54 > 17:21]
SOAP:   8%|▊         | 1992/25000 [3:19:49 > 17:22]
SOAP:   8%|▊         | 1993/25000 [3:19:56 > 17:22]
SOAP:   8%|▊         | 1994/25000 [3:19:52 > 17:23]
SOAP:   8%|▊         | 1995/25000 [3:18:32 > 17:23]
SOAP:   8%|▊         | 1996/25000 [3:20:15 > 17:24]
SOAP:   8%|▊         | 1997/25000 [3:20:11 > 17:24]
SOAP:   8%|▊         | 1998/25000 [3:20:07 > 17:25]
SOAP:   8%|▊         | 1999/25000 [3:19:59 > 17:25]
SOAP:   8%|▊         | 2000/25000 [3:19:57 > 17:26]
SOAP:   8%|▊         | 2001/25000 [3:21:52 > 17:26]
SOAP:   8%|▊         | 2002/25000 [3:20:15 > 17:27]
SOAP:   8%|▊         | 2003/25000 [3:20:03 > 17:27]
SOAP:   8%|▊         | 2004/25000 [3:20:11 > 17:28]
SOAP:   8%|▊         | 2005/25000 [3:20:03 > 17:28]
SOAP:   8%|▊         | 2006/25000 [3:20:03 > 17:29]
SOAP:   8%|▊         | 2007/25000 [3:20:08 > 17:30]
SOAP:   8%|▊         | 2008/25000 [3:19:54 > 17:30]
SOAP:   8%|▊         | 2009/25000 [3:19:53 > 17:31]
SOAP:   8%|▊         | 2010/25000 [3:19:40 > 17:31]
SOAP:   8%|▊         | 2011/25000 [3:19:30 > 17:32]
SOAP:   8%|▊         | 2012/25000 [3:19:32 > 17:32]
SOAP:   8%|▊         | 2013/25000 [3:19:40 > 17:33]
SOAP:   8%|▊         | 2014/25000 [3:19:35 > 17:33]
SOAP:   8%|▊         | 2015/25000 [3:19:43 > 17:34]
SOAP:   8%|▊         | 2016/25000 [3:19:35 > 17:34]
SOAP:   8%|▊         | 2017/25000 [3:19:41 > 17:35]
SOAP:   8%|▊         | 2018/25000 [3:19:37 > 17:35]
SOAP:   8%|▊         | 2019/25000 [3:19:35 > 17:36]
SOAP:   8%|▊         | 2020/25000 [3:19:39 > 17:36]
SOAP:   8%|▊         | 2021/25000 [3:19:39 > 17:37]
SOAP:   8%|▊         | 2022/25000 [3:19:37 > 17:37]
SOAP:   8%|▊         | 2023/25000 [3:19:39 > 17:38]
SOAP:   8%|▊         | 2024/25000 [3:19:35 > 17:38]
SOAP:   8%|▊         | 2025/25000 [3:19:32 > 17:39]
SOAP:   8%|▊         | 2026/25000 [3:19:31 > 17:39]
SOAP:   8%|▊         | 2027/25000 [3:19:30 > 17:40]
SOAP:   8%|▊         | 2028/25000 [3:19:23 > 17:40]
SOAP:   8%|▊         | 2029/25000 [3:19:27 > 17:41]
SOAP:   8%|▊         | 2030/25000 [3:19:24 > 17:42]
SOAP:   8%|▊         | 2031/25000 [3:19:35 > 17:42]
SOAP:   8%|▊         | 2032/25000 [3:20:06 > 17:43]
SOAP:   8%|▊         | 2033/25000 [3:20:06 > 17:43]
SOAP:   8%|▊         | 2034/25000 [3:20:05 > 17:44]
SOAP:   8%|▊         | 2035/25000 [3:19:51 > 17:44]
SOAP:   8%|▊         | 2036/25000 [3:19:44 > 17:45]
SOAP:   8%|▊         | 2037/25000 [3:19:43 > 17:45]
SOAP:   8%|▊         | 2038/25000 [3:19:45 > 17:46]
SOAP:   8%|▊         | 2039/25000 [3:19:36 > 17:46]
SOAP:   8%|▊         | 2040/25000 [3:19:39 > 17:47]
SOAP:   8%|▊         | 2041/25000 [3:19:29 > 17:47]
SOAP:   8%|▊         | 2042/25000 [3:19:23 > 17:48]
SOAP:   8%|▊         | 2043/25000 [3:19:27 > 17:48]
SOAP:   8%|▊         | 2044/25000 [3:19:21 > 17:49]
SOAP:   8%|▊         | 2045/25000 [3:19:16 > 17:49]
SOAP:   8%|▊         | 2046/25000 [3:19:17 > 17:50]
SOAP:   8%|▊         | 2047/25000 [3:19:01 > 17:50]
SOAP:   8%|▊         | 2048/25000 [3:19:36 > 17:51]
SOAP:   8%|▊         | 2049/25000 [3:17:52 > 17:51]
SOAP:   8%|▊         | 2050/25000 [3:19:58 > 17:52]
SOAP:   8%|▊         | 2051/25000 [3:19:43 > 17:52]
SOAP:   8%|▊         | 2052/25000 [3:19:37 > 17:53]
SOAP:   8%|▊         | 2053/25000 [3:17:56 > 17:54]
SOAP:   8%|▊         | 2054/25000 [3:19:55 > 17:54]
SOAP:   8%|▊         | 2055/25000 [3:19:41 > 17:55]
SOAP:   8%|▊         | 2056/25000 [3:19:35 > 17:55]
SOAP:   8%|▊         | 2057/25000 [3:19:29 > 17:56]
SOAP:   8%|▊         | 2058/25000 [3:19:26 > 17:56]
SOAP:   8%|▊         | 2059/25000 [3:19:30 > 17:57]
SOAP:   8%|▊         | 2060/25000 [3:19:28 > 17:57]
SOAP:   8%|▊         | 2061/25000 [3:19:22 > 17:58]
SOAP:   8%|▊         | 2062/25000 [3:19:23 > 17:58]
SOAP:   8%|▊         | 2063/25000 [3:19:17 > 17:59]
SOAP:   8%|▊         | 2064/25000 [3:19:13 > 17:59]
SOAP:   8%|▊         | 2065/25000 [3:19:16 > 18:00]
SOAP:   8%|▊         | 2066/25000 [3:19:15 > 18:00]
SOAP:   8%|▊         | 2067/25000 [3:19:14 > 18:01]
SOAP:   8%|▊         | 2068/25000 [3:19:16 > 18:01]
SOAP:   8%|▊         | 2069/25000 [3:19:13 > 18:02]
SOAP:   8%|▊         | 2070/25000 [3:19:16 > 18:02]
SOAP:   8%|▊         | 2071/25000 [3:19:13 > 18:03]
SOAP:   8%|▊         | 2072/25000 [3:19:11 > 18:03]
SOAP:   8%|▊         | 2073/25000 [3:19:18 > 18:04]
SOAP:   8%|▊         | 2074/25000 [3:19:14 > 18:04]
SOAP:   8%|▊         | 2075/25000 [3:19:07 > 18:05]
SOAP:   8%|▊         | 2076/25000 [3:19:11 > 18:06]
SOAP:   8%|▊         | 2077/25000 [3:19:10 > 18:06]
SOAP:   8%|▊         | 2078/25000 [3:19:08 > 18:07]
SOAP:   8%|▊         | 2079/25000 [3:19:08 > 18:07]
SOAP:   8%|▊         | 2080/25000 [3:19:07 > 18:08]
SOAP:   8%|▊         | 2081/25000 [3:19:00 > 18:08]
SOAP:   8%|▊         | 2082/25000 [3:18:57 > 18:09]
SOAP:   8%|▊         | 2083/25000 [3:18:58 > 18:09]
SOAP:   8%|▊         | 2084/25000 [3:19:01 > 18:10]
SOAP:   8%|▊         | 2085/25000 [3:19:16 > 18:10]
SOAP:   8%|▊         | 2086/25000 [3:19:35 > 18:11]
SOAP:   8%|▊         | 2087/25000 [3:19:21 > 18:11]
SOAP:   8%|▊         | 2088/25000 [3:19:12 > 18:12]
SOAP:   8%|▊         | 2089/25000 [3:19:10 > 18:12]
SOAP:   8%|▊         | 2090/25000 [3:19:05 > 18:13]
SOAP:   8%|▊         | 2091/25000 [3:19:07 > 18:13]
SOAP:   8%|▊         | 2092/25000 [3:17:21 > 18:14]
SOAP:   8%|▊         | 2093/25000 [3:19:30 > 18:14]
SOAP:   8%|▊         | 2094/25000 [3:19:20 > 18:15]
SOAP:   8%|▊         | 2095/25000 [3:19:12 > 18:15]
SOAP:   8%|▊         | 2096/25000 [3:19:05 > 18:16]
SOAP:   8%|▊         | 2097/25000 [3:19:01 > 18:16]
SOAP:   8%|▊         | 2098/25000 [3:19:04 > 18:17]
SOAP:   8%|▊         | 2099/25000 [3:18:53 > 18:17]
SOAP:   8%|▊         | 2100/25000 [3:18:46 > 18:18]
SOAP:   8%|▊         | 2101/25000 [3:20:46 > 18:19]
SOAP:   8%|▊         | 2102/25000 [3:19:16 > 18:19]
SOAP:   8%|▊         | 2103/25000 [3:19:14 > 18:20]
SOAP:   8%|▊         | 2104/25000 [3:19:03 > 18:20]
SOAP:   8%|▊         | 2105/25000 [3:19:04 > 18:21]
SOAP:   8%|▊         | 2106/25000 [3:18:59 > 18:21]
SOAP:   8%|▊         | 2107/25000 [3:18:55 > 18:22]
SOAP:   8%|▊         | 2108/25000 [3:18:59 > 18:22]
SOAP:   8%|▊         | 2109/25000 [3:18:53 > 18:23]
SOAP:   8%|▊         | 2110/25000 [3:18:54 > 18:23]
SOAP:   8%|▊         | 2111/25000 [3:18:53 > 18:24]
SOAP:   8%|▊         | 2112/25000 [3:18:55 > 18:24]
SOAP:   8%|▊         | 2113/25000 [3:18:54 > 18:25]
SOAP:   8%|▊         | 2114/25000 [3:18:38 > 18:25]
SOAP:   8%|▊         | 2115/25000 [3:18:36 > 18:26]
SOAP:   8%|▊         | 2116/25000 [3:18:34 > 18:26]
SOAP:   8%|▊         | 2117/25000 [3:18:28 > 18:27]
SOAP:   8%|▊         | 2118/25000 [3:16:59 > 18:27]
SOAP:   8%|▊         | 2119/25000 [3:19:19 > 18:28]
SOAP:   8%|▊         | 2120/25000 [3:19:43 > 18:28]
SOAP:   8%|▊         | 2121/25000 [3:19:26 > 18:29]
SOAP:   8%|▊         | 2122/25000 [3:19:16 > 18:29]
SOAP:   8%|▊         | 2123/25000 [3:19:03 > 18:30]
SOAP:   8%|▊         | 2124/25000 [3:18:53 > 18:31]
SOAP:   8%|▊         | 2125/25000 [3:18:33 > 18:31]
SOAP:   9%|▊         | 2126/25000 [3:18:59 > 18:32]
SOAP:   9%|▊         | 2127/25000 [3:18:51 > 18:32]
SOAP:   9%|▊         | 2128/25000 [3:18:45 > 18:33]
SOAP:   9%|▊         | 2129/25000 [3:18:42 > 18:33]
SOAP:   9%|▊         | 2130/25000 [3:18:45 > 18:34]
SOAP:   9%|▊         | 2131/25000 [3:18:40 > 18:34]
SOAP:   9%|▊         | 2132/25000 [3:18:42 > 18:35]
SOAP:   9%|▊         | 2133/25000 [3:18:34 > 18:35]
SOAP:   9%|▊         | 2134/25000 [3:18:50 > 18:36]
SOAP:   9%|▊         | 2135/25000 [3:18:38 > 18:36]
SOAP:   9%|▊         | 2136/25000 [3:18:35 > 18:37]
SOAP:   9%|▊         | 2137/25000 [3:18:22 > 18:37]
SOAP:   9%|▊         | 2138/25000 [3:18:26 > 18:38]
SOAP:   9%|▊         | 2139/25000 [3:18:24 > 18:38]
SOAP:   9%|▊         | 2140/25000 [3:18:33 > 18:39]
SOAP:   9%|▊         | 2141/25000 [3:18:26 > 18:39]
SOAP:   9%|▊         | 2142/25000 [3:18:28 > 18:40]
SOAP:   9%|▊         | 2143/25000 [3:18:31 > 18:40]
SOAP:   9%|▊         | 2144/25000 [3:18:32 > 18:41]
SOAP:   9%|▊         | 2145/25000 [3:18:26 > 18:41]
SOAP:   9%|▊         | 2146/25000 [3:18:30 > 18:42]
SOAP:   9%|▊         | 2147/25000 [3:18:20 > 18:43]
SOAP:   9%|▊         | 2148/25000 [3:18:26 > 18:43]
SOAP:   9%|▊         | 2149/25000 [3:18:25 > 18:44]
SOAP:   9%|▊         | 2150/25000 [3:18:22 > 18:44]
SOAP:   9%|▊         | 2151/25000 [3:18:39 > 18:45]
SOAP:   9%|▊         | 2152/25000 [3:18:59 > 18:45]
SOAP:   9%|▊         | 2153/25000 [3:18:42 > 18:46]
SOAP:   9%|▊         | 2154/25000 [3:18:34 > 18:46]
SOAP:   9%|▊         | 2155/25000 [3:18:33 > 18:47]
SOAP:   9%|▊         | 2156/25000 [3:18:27 > 18:47]
SOAP:   9%|▊         | 2157/25000 [3:18:23 > 18:48]
SOAP:   9%|▊         | 2158/25000 [3:18:23 > 18:48]
SOAP:   9%|▊         | 2159/25000 [3:18:28 > 18:49]
SOAP:   9%|▊         | 2160/25000 [3:18:24 > 18:49]
SOAP:   9%|▊         | 2161/25000 [3:18:30 > 18:50]
SOAP:   9%|▊         | 2162/25000 [3:16:51 > 18:50]
SOAP:   9%|▊         | 2163/25000 [3:19:07 > 18:51]
SOAP:   9%|▊         | 2164/25000 [3:18:49 > 18:51]
SOAP:   9%|▊         | 2165/25000 [3:18:47 > 18:52]
SOAP:   9%|▊         | 2166/25000 [3:18:41 > 18:52]
SOAP:   9%|▊         | 2167/25000 [3:18:38 > 18:53]
SOAP:   9%|▊         | 2168/25000 [3:18:28 > 18:53]
SOAP:   9%|▊         | 2169/25000 [3:18:21 > 18:54]
SOAP:   9%|▊         | 2170/25000 [3:18:22 > 18:55]
SOAP:   9%|▊         | 2171/25000 [3:18:17 > 18:55]
SOAP:   9%|▊         | 2172/25000 [3:18:10 > 18:56]
SOAP:   9%|▊         | 2173/25000 [3:18:11 > 18:56]
SOAP:   9%|▊         | 2174/25000 [3:18:06 > 18:57]
SOAP:   9%|▊         | 2175/25000 [3:17:58 > 18:57]
SOAP:   9%|▊         | 2176/25000 [3:17:56 > 18:58]
SOAP:   9%|▊         | 2177/25000 [3:18:00 > 18:58]
SOAP:   9%|▊         | 2178/25000 [3:17:58 > 18:59]
SOAP:   9%|▊         | 2179/25000 [3:17:29 > 18:59]
SOAP:   9%|▊         | 2180/25000 [3:17:47 > 19:00]
SOAP:   9%|▊         | 2181/25000 [3:17:50 > 19:00]
SOAP:   9%|▊         | 2182/25000 [3:17:58 > 19:01]
SOAP:   9%|▊         | 2183/25000 [3:18:03 > 19:01]
SOAP:   9%|▊         | 2184/25000 [3:18:06 > 19:02]
SOAP:   9%|▊         | 2185/25000 [3:18:06 > 19:02]
SOAP:   9%|▊         | 2186/25000 [3:18:02 > 19:03]
SOAP:   9%|▊         | 2187/25000 [3:18:11 > 19:03]
SOAP:   9%|▉         | 2188/25000 [3:18:00 > 19:04]
SOAP:   9%|▉         | 2189/25000 [3:16:24 > 19:04]
SOAP:   9%|▉         | 2190/25000 [3:18:38 > 19:05]
SOAP:   9%|▉         | 2191/25000 [3:18:53 > 19:05]
SOAP:   9%|▉         | 2192/25000 [3:18:35 > 19:06]
SOAP:   9%|▉         | 2193/25000 [3:18:18 > 19:06]
SOAP:   9%|▉         | 2194/25000 [3:18:13 > 19:07]
SOAP:   9%|▉         | 2195/25000 [3:18:11 > 19:08]
SOAP:   9%|▉         | 2196/25000 [3:18:06 > 19:08]
SOAP:   9%|▉         | 2197/25000 [3:18:03 > 19:09]
SOAP:   9%|▉         | 2198/25000 [3:17:58 > 19:09]
SOAP:   9%|▉         | 2199/25000 [3:18:01 > 19:10]
SOAP:   9%|▉         | 2200/25000 [3:17:54 > 19:10]
SOAP:   9%|▉         | 2201/25000 [3:19:52 > 19:11]
SOAP:   9%|▉         | 2202/25000 [3:18:25 > 19:11]
SOAP:   9%|▉         | 2203/25000 [3:18:17 > 19:12]
SOAP:   9%|▉         | 2204/25000 [3:18:15 > 19:12]
SOAP:   9%|▉         | 2205/25000 [3:18:11 > 19:13]
SOAP:   9%|▉         | 2206/25000 [3:18:04 > 19:13]
SOAP:   9%|▉         | 2207/25000 [3:18:02 > 19:14]
SOAP:   9%|▉         | 2208/25000 [3:17:49 > 19:14]
SOAP:   9%|▉         | 2209/25000 [3:17:54 > 19:15]
SOAP:   9%|▉         | 2210/25000 [3:17:49 > 19:15]
SOAP:   9%|▉         | 2211/25000 [3:17:50 > 19:16]
SOAP:   9%|▉         | 2212/25000 [3:17:55 > 19:16]
SOAP:   9%|▉         | 2213/25000 [3:17:52 > 19:17]
SOAP:   9%|▉         | 2214/25000 [3:17:48 > 19:17]
SOAP:   9%|▉         | 2215/25000 [3:17:50 > 19:18]
SOAP:   9%|▉         | 2216/25000 [3:17:43 > 19:18]
SOAP:   9%|▉         | 2217/25000 [3:17:44 > 19:19]
SOAP:   9%|▉         | 2218/25000 [3:17:47 > 19:20]
SOAP:   9%|▉         | 2219/25000 [3:17:44 > 19:20]
SOAP:   9%|▉         | 2220/25000 [3:17:55 > 19:21]
SOAP:   9%|▉         | 2221/25000 [3:17:50 > 19:21]
SOAP:   9%|▉         | 2222/25000 [3:17:55 > 19:22]
SOAP:   9%|▉         | 2223/25000 [3:18:08 > 19:22]
SOAP:   9%|▉         | 2224/25000 [3:18:03 > 19:23]
SOAP:   9%|▉         | 2225/25000 [3:17:46 > 19:23]
SOAP:   9%|▉         | 2226/25000 [3:17:47 > 19:24]
SOAP:   9%|▉         | 2227/25000 [3:17:45 > 19:24]
SOAP:   9%|▉         | 2228/25000 [3:17:40 > 19:25]
SOAP:   9%|▉         | 2229/25000 [3:17:48 > 19:25]
SOAP:   9%|▉         | 2230/25000 [3:17:44 > 19:26]
SOAP:   9%|▉         | 2231/25000 [3:17:44 > 19:26]
SOAP:   9%|▉         | 2232/25000 [3:17:47 > 19:27]
SOAP:   9%|▉         | 2233/25000 [3:17:39 > 19:27]
SOAP:   9%|▉         | 2234/25000 [3:17:43 > 19:28]
SOAP:   9%|▉         | 2235/25000 [3:17:34 > 19:28]
SOAP:   9%|▉         | 2236/25000 [3:17:34 > 19:29]
SOAP:   9%|▉         | 2237/25000 [3:17:37 > 19:29]
SOAP:   9%|▉         | 2238/25000 [3:17:34 > 19:30]
SOAP:   9%|▉         | 2239/25000 [3:16:38 > 19:30]
SOAP:   9%|▉         | 2240/25000 [3:17:40 > 19:31]
SOAP:   9%|▉         | 2241/25000 [3:17:42 > 19:32]
SOAP:   9%|▉         | 2242/25000 [3:17:42 > 19:32]
SOAP:   9%|▉         | 2243/25000 [3:17:35 > 19:33]
SOAP:   9%|▉         | 2244/25000 [3:16:09 > 19:33]
SOAP:   9%|▉         | 2245/25000 [3:18:07 > 19:34]
SOAP:   9%|▉         | 2246/25000 [3:17:54 > 19:34]
SOAP:   9%|▉         | 2247/25000 [3:17:52 > 19:35]
SOAP:   9%|▉         | 2248/25000 [3:17:44 > 19:35]
SOAP:   9%|▉         | 2249/25000 [3:17:42 > 19:36]
SOAP:   9%|▉         | 2250/25000 [3:17:51 > 19:36]
SOAP:   9%|▉         | 2251/25000 [3:17:42 > 19:37]
SOAP:   9%|▉         | 2252/25000 [3:17:41 > 19:37]
SOAP:   9%|▉         | 2253/25000 [3:17:40 > 19:38]
SOAP:   9%|▉         | 2254/25000 [3:17:31 > 19:38]
SOAP:   9%|▉         | 2255/25000 [3:17:33 > 19:39]
SOAP:   9%|▉         | 2256/25000 [3:17:39 > 19:39]
SOAP:   9%|▉         | 2257/25000 [3:17:46 > 19:40]
SOAP:   9%|▉         | 2258/25000 [3:17:38 > 19:40]
SOAP:   9%|▉         | 2259/25000 [3:17:38 > 19:41]
SOAP:   9%|▉         | 2260/25000 [3:15:59 > 19:41]
SOAP:   9%|▉         | 2261/25000 [3:17:52 > 19:42]
SOAP:   9%|▉         | 2262/25000 [3:17:43 > 19:42]
SOAP:   9%|▉         | 2263/25000 [3:17:31 > 19:43]
SOAP:   9%|▉         | 2264/25000 [3:17:35 > 19:44]
SOAP:   9%|▉         | 2265/25000 [3:17:23 > 19:44]
SOAP:   9%|▉         | 2266/25000 [3:17:28 > 19:45]
SOAP:   9%|▉         | 2267/25000 [3:17:29 > 19:45]
SOAP:   9%|▉         | 2268/25000 [3:17:30 > 19:46]
SOAP:   9%|▉         | 2269/25000 [3:17:24 > 19:46]
SOAP:   9%|▉         | 2270/25000 [3:17:28 > 19:47]
SOAP:   9%|▉         | 2271/25000 [3:17:19 > 19:47]
SOAP:   9%|▉         | 2272/25000 [3:17:21 > 19:48]
SOAP:   9%|▉         | 2273/25000 [3:17:36 > 19:48]
SOAP:   9%|▉         | 2274/25000 [3:17:29 > 19:49]
SOAP:   9%|▉         | 2275/25000 [3:17:30 > 19:49]
SOAP:   9%|▉         | 2276/25000 [3:17:32 > 19:50]
SOAP:   9%|▉         | 2277/25000 [3:17:27 > 19:50]
SOAP:   9%|▉         | 2278/25000 [3:17:34 > 19:51]
SOAP:   9%|▉         | 2279/25000 [3:17:52 > 19:51]
SOAP:   9%|▉         | 2280/25000 [3:17:42 > 19:52]
SOAP:   9%|▉         | 2281/25000 [3:15:59 > 19:52]
SOAP:   9%|▉         | 2282/25000 [3:18:08 > 19:53]
SOAP:   9%|▉         | 2283/25000 [3:17:55 > 19:53]
SOAP:   9%|▉         | 2284/25000 [3:17:45 > 19:54]
SOAP:   9%|▉         | 2285/25000 [3:17:30 > 19:54]
SOAP:   9%|▉         | 2286/25000 [3:15:57 > 19:55]
SOAP:   9%|▉         | 2287/25000 [3:17:36 > 19:55]
SOAP:   9%|▉         | 2288/25000 [3:17:29 > 19:56]
SOAP:   9%|▉         | 2289/25000 [3:17:25 > 19:57]
SOAP:   9%|▉         | 2290/25000 [3:17:18 > 19:57]
SOAP:   9%|▉         | 2291/25000 [3:17:18 > 19:58]
SOAP:   9%|▉         | 2292/25000 [3:17:05 > 19:58]
SOAP:   9%|▉         | 2293/25000 [3:17:08 > 19:59]
SOAP:   9%|▉         | 2294/25000 [3:17:10 > 19:59]
SOAP:   9%|▉         | 2295/25000 [3:17:07 > 20:00]
SOAP:   9%|▉         | 2296/25000 [3:16:58 > 20:00]
SOAP:   9%|▉         | 2297/25000 [3:17:01 > 20:01]
SOAP:   9%|▉         | 2298/25000 [3:16:55 > 20:01]
SOAP:   9%|▉         | 2299/25000 [3:17:04 > 20:02]
SOAP:   9%|▉         | 2300/25000 [3:16:59 > 20:02]
SOAP:   9%|▉         | 2301/25000 [3:19:02 > 20:03]
SOAP:   9%|▉         | 2302/25000 [3:17:29 > 20:03]
SOAP:   9%|▉         | 2303/25000 [3:17:19 > 20:04]
SOAP:   9%|▉         | 2304/25000 [3:17:14 > 20:04]
SOAP:   9%|▉         | 2305/25000 [3:17:17 > 20:05]
SOAP:   9%|▉         | 2306/25000 [3:17:01 > 20:05]
SOAP:   9%|▉         | 2307/25000 [3:17:31 > 20:06]
SOAP:   9%|▉         | 2308/25000 [3:17:51 > 20:06]
SOAP:   9%|▉         | 2309/25000 [3:17:39 > 20:07]
SOAP:   9%|▉         | 2310/25000 [3:17:28 > 20:07]
SOAP:   9%|▉         | 2311/25000 [3:17:25 > 20:08]
SOAP:   9%|▉         | 2312/25000 [3:17:16 > 20:09]
SOAP:   9%|▉         | 2313/25000 [3:16:39 > 20:09]
SOAP:   9%|▉         | 2314/25000 [3:16:45 > 20:10]
SOAP:   9%|▉         | 2315/25000 [3:16:50 > 20:10]
SOAP:   9%|▉         | 2316/25000 [3:16:48 > 20:11]
SOAP:   9%|▉         | 2317/25000 [3:16:51 > 20:11]
SOAP:   9%|▉         | 2318/25000 [3:16:54 > 20:12]
SOAP:   9%|▉         | 2319/25000 [3:16:54 > 20:12]
SOAP:   9%|▉         | 2320/25000 [3:16:55 > 20:13]
SOAP:   9%|▉         | 2321/25000 [3:17:02 > 20:13]
SOAP:   9%|▉         | 2322/25000 [3:17:03 > 20:14]
SOAP:   9%|▉         | 2323/25000 [3:16:59 > 20:14]
SOAP:   9%|▉         | 2324/25000 [3:16:59 > 20:15]
SOAP:   9%|▉         | 2325/25000 [3:16:05 > 20:15]
SOAP:   9%|▉         | 2326/25000 [3:17:13 > 20:16]
SOAP:   9%|▉         | 2327/25000 [3:17:11 > 20:16]
SOAP:   9%|▉         | 2328/25000 [3:17:06 > 20:17]
SOAP:   9%|▉         | 2329/25000 [3:17:01 > 20:17]
SOAP:   9%|▉         | 2330/25000 [3:17:00 > 20:18]
SOAP:   9%|▉         | 2331/25000 [3:16:52 > 20:18]
SOAP:   9%|▉         | 2332/25000 [3:16:50 > 20:19]
SOAP:   9%|▉         | 2333/25000 [3:16:53 > 20:19]
SOAP:   9%|▉         | 2334/25000 [3:16:52 > 20:20]
SOAP:   9%|▉         | 2335/25000 [3:16:52 > 20:21]
SOAP:   9%|▉         | 2336/25000 [3:16:49 > 20:21]
SOAP:   9%|▉         | 2337/25000 [3:16:52 > 20:22]
SOAP:   9%|▉         | 2338/25000 [3:16:53 > 20:22]
SOAP:   9%|▉         | 2339/25000 [3:16:54 > 20:23]
SOAP:   9%|▉         | 2340/25000 [3:16:51 > 20:23]
SOAP:   9%|▉         | 2341/25000 [3:16:45 > 20:24]
SOAP:   9%|▉         | 2342/25000 [3:16:52 > 20:24]
SOAP:   9%|▉         | 2343/25000 [3:16:54 > 20:25]
SOAP:   9%|▉         | 2344/25000 [3:16:50 > 20:25]
SOAP:   9%|▉         | 2345/25000 [3:16:50 > 20:26]
SOAP:   9%|▉         | 2346/25000 [3:16:45 > 20:26]
SOAP:   9%|▉         | 2347/25000 [3:16:42 > 20:27]
SOAP:   9%|▉         | 2348/25000 [3:16:40 > 20:27]
SOAP:   9%|▉         | 2349/25000 [3:16:36 > 20:28]
SOAP:   9%|▉         | 2350/25000 [3:16:37 > 20:28]
SOAP:   9%|▉         | 2351/25000 [3:16:39 > 20:29]
SOAP:   9%|▉         | 2352/25000 [3:16:36 > 20:29]
SOAP:   9%|▉         | 2353/25000 [3:16:45 > 20:30]
SOAP:   9%|▉         | 2354/25000 [3:16:41 > 20:30]
SOAP:   9%|▉         | 2355/25000 [3:16:38 > 20:31]
SOAP:   9%|▉         | 2356/25000 [3:16:36 > 20:31]
SOAP:   9%|▉         | 2357/25000 [3:16:40 > 20:32]
SOAP:   9%|▉         | 2358/25000 [3:16:48 > 20:33]
SOAP:   9%|▉         | 2359/25000 [3:16:40 > 20:33]
SOAP:   9%|▉         | 2360/25000 [3:16:41 > 20:34]
SOAP:   9%|▉         | 2361/25000 [3:16:39 > 20:34]
SOAP:   9%|▉         | 2362/25000 [3:16:41 > 20:35]
SOAP:   9%|▉         | 2363/25000 [3:16:33 > 20:35]
SOAP:   9%|▉         | 2364/25000 [3:16:28 > 20:36]
SOAP:   9%|▉         | 2365/25000 [3:16:38 > 20:36]
SOAP:   9%|▉         | 2366/25000 [3:16:38 > 20:37]
SOAP:   9%|▉         | 2367/25000 [3:16:25 > 20:37]
SOAP:   9%|▉         | 2368/25000 [3:16:29 > 20:38]
SOAP:   9%|▉         | 2369/25000 [3:16:35 > 20:38]
SOAP:   9%|▉         | 2370/25000 [3:16:42 > 20:39]
SOAP:   9%|▉         | 2371/25000 [3:16:32 > 20:39]
SOAP:   9%|▉         | 2372/25000 [3:16:39 > 20:40]
SOAP:   9%|▉         | 2373/25000 [3:16:28 > 20:40]
SOAP:   9%|▉         | 2374/25000 [3:16:33 > 20:41]
SOAP:  10%|▉         | 2375/25000 [3:16:32 > 20:41]
SOAP:  10%|▉         | 2376/25000 [3:16:32 > 20:42]
SOAP:  10%|▉         | 2377/25000 [3:16:27 > 20:42]
SOAP:  10%|▉         | 2378/25000 [3:16:31 > 20:43]
SOAP:  10%|▉         | 2379/25000 [3:16:26 > 20:43]
SOAP:  10%|▉         | 2380/25000 [3:16:30 > 20:44]
SOAP:  10%|▉         | 2381/25000 [3:16:39 > 20:44]
SOAP:  10%|▉         | 2382/25000 [3:16:37 > 20:45]
SOAP:  10%|▉         | 2383/25000 [3:15:15 > 20:46]
SOAP:  10%|▉         | 2384/25000 [3:17:14 > 20:46]
SOAP:  10%|▉         | 2385/25000 [3:16:55 > 20:47]
SOAP:  10%|▉         | 2386/25000 [3:16:36 > 20:47]
SOAP:  10%|▉         | 2387/25000 [3:16:33 > 20:48]
SOAP:  10%|▉         | 2388/25000 [3:16:23 > 20:48]
SOAP:  10%|▉         | 2389/25000 [3:16:27 > 20:49]
SOAP:  10%|▉         | 2390/25000 [3:16:31 > 20:49]
SOAP:  10%|▉         | 2391/25000 [3:16:28 > 20:50]
SOAP:  10%|▉         | 2392/25000 [3:15:18 > 20:50]
SOAP:  10%|▉         | 2393/25000 [3:16:53 > 20:51]
SOAP:  10%|▉         | 2394/25000 [3:15:49 > 20:51]
SOAP:  10%|▉         | 2395/25000 [3:16:53 > 20:52]
SOAP:  10%|▉         | 2396/25000 [3:16:44 > 20:52]
SOAP:  10%|▉         | 2397/25000 [3:16:38 > 20:53]
SOAP:  10%|▉         | 2398/25000 [3:16:30 > 20:53]
SOAP:  10%|▉         | 2399/25000 [3:16:30 > 20:54]
SOAP:  10%|▉         | 2400/25000 [3:16:22 > 20:54]
SOAP:  10%|▉         | 2401/25000 [3:18:13 > 20:55]
SOAP:  10%|▉         | 2402/25000 [3:16:37 > 20:55]
SOAP:  10%|▉         | 2403/25000 [3:16:28 > 20:56]
SOAP:  10%|▉         | 2404/25000 [3:16:21 > 20:56]
SOAP:  10%|▉         | 2405/25000 [3:16:11 > 20:57]
SOAP:  10%|▉         | 2406/25000 [3:16:22 > 20:58]
SOAP:  10%|▉         | 2407/25000 [3:16:16 > 20:58]
SOAP:  10%|▉         | 2408/25000 [3:16:13 > 20:59]
SOAP:  10%|▉         | 2409/25000 [3:16:11 > 20:59]
SOAP:  10%|▉         | 2410/25000 [3:16:10 > 21:00]
SOAP:  10%|▉         | 2411/25000 [3:16:12 > 21:00]
SOAP:  10%|▉         | 2412/25000 [3:16:14 > 21:01]
SOAP:  10%|▉         | 2413/25000 [3:16:06 > 21:01]
SOAP:  10%|▉         | 2414/25000 [3:16:16 > 21:02]
SOAP:  10%|▉         | 2415/25000 [3:16:11 > 21:02]
SOAP:  10%|▉         | 2416/25000 [3:16:06 > 21:03]
SOAP:  10%|▉         | 2417/25000 [3:16:06 > 21:03]
SOAP:  10%|▉         | 2418/25000 [3:16:08 > 21:04]
SOAP:  10%|▉         | 2419/25000 [3:16:09 > 21:04]
SOAP:  10%|▉         | 2420/25000 [3:16:08 > 21:05]
SOAP:  10%|▉         | 2421/25000 [3:16:00 > 21:05]
SOAP:  10%|▉         | 2422/25000 [3:14:27 > 21:06]
SOAP:  10%|▉         | 2423/25000 [3:16:29 > 21:06]
SOAP:  10%|▉         | 2424/25000 [3:16:20 > 21:07]
SOAP:  10%|▉         | 2425/25000 [3:16:12 > 21:07]
SOAP:  10%|▉         | 2426/25000 [3:16:07 > 21:08]
SOAP:  10%|▉         | 2427/25000 [3:16:04 > 21:08]
SOAP:  10%|▉         | 2428/25000 [3:16:05 > 21:09]
SOAP:  10%|▉         | 2429/25000 [3:16:22 > 21:10]
SOAP:  10%|▉         | 2430/25000 [3:16:47 > 21:10]
SOAP:  10%|▉         | 2431/25000 [3:17:03 > 21:11]
SOAP:  10%|▉         | 2432/25000 [3:16:54 > 21:11]
SOAP:  10%|▉         | 2433/25000 [3:17:16 > 21:12]
SOAP:  10%|▉         | 2434/25000 [3:17:27 > 21:12]
SOAP:  10%|▉         | 2435/25000 [3:17:48 > 21:13]
SOAP:  10%|▉         | 2436/25000 [3:17:55 > 21:13]
SOAP:  10%|▉         | 2437/25000 [3:18:14 > 21:14]
SOAP:  10%|▉         | 2438/25000 [3:18:01 > 21:14]
SOAP:  10%|▉         | 2439/25000 [3:18:16 > 21:15]
SOAP:  10%|▉         | 2440/25000 [3:18:02 > 21:15]
SOAP:  10%|▉         | 2441/25000 [3:17:55 > 21:16]
SOAP:  10%|▉         | 2442/25000 [3:17:52 > 21:16]
SOAP:  10%|▉         | 2443/25000 [3:17:56 > 21:17]
SOAP:  10%|▉         | 2444/25000 [3:17:55 > 21:17]
SOAP:  10%|▉         | 2445/25000 [3:18:06 > 21:18]
SOAP:  10%|▉         | 2446/25000 [3:17:54 > 21:18]
SOAP:  10%|▉         | 2447/25000 [3:17:48 > 21:19]
SOAP:  10%|▉         | 2448/25000 [3:17:49 > 21:20]
SOAP:  10%|▉         | 2449/25000 [3:17:55 > 21:20]
SOAP:  10%|▉         | 2450/25000 [3:17:59 > 21:21]
SOAP:  10%|▉         | 2451/25000 [3:17:48 > 21:21]
SOAP:  10%|▉         | 2452/25000 [3:17:55 > 21:22]
SOAP:  10%|▉         | 2453/25000 [3:17:54 > 21:22]
SOAP:  10%|▉         | 2454/25000 [3:17:56 > 21:23]
SOAP:  10%|▉         | 2455/25000 [3:17:26 > 21:23]
SOAP:  10%|▉         | 2456/25000 [3:17:30 > 21:24]
SOAP:  10%|▉         | 2457/25000 [3:17:32 > 21:24]
SOAP:  10%|▉         | 2458/25000 [3:17:39 > 21:25]
SOAP:  10%|▉         | 2459/25000 [3:16:45 > 21:25]
SOAP:  10%|▉         | 2460/25000 [3:17:17 > 21:26]
SOAP:  10%|▉         | 2461/25000 [3:17:23 > 21:26]
SOAP:  10%|▉         | 2462/25000 [3:17:33 > 21:27]
SOAP:  10%|▉         | 2463/25000 [3:17:16 > 21:27]
SOAP:  10%|▉         | 2464/25000 [3:17:17 > 21:28]
SOAP:  10%|▉         | 2465/25000 [3:17:20 > 21:28]
SOAP:  10%|▉         | 2466/25000 [3:17:32 > 21:29]
SOAP:  10%|▉         | 2467/25000 [3:17:35 > 21:30]
SOAP:  10%|▉         | 2468/25000 [3:17:50 > 21:30]
SOAP:  10%|▉         | 2469/25000 [3:17:39 > 21:31]
SOAP:  10%|▉         | 2470/25000 [3:17:12 > 21:31]
SOAP:  10%|▉         | 2471/25000 [3:17:12 > 21:32]
SOAP:  10%|▉         | 2472/25000 [3:16:57 > 21:32]
SOAP:  10%|▉         | 2473/25000 [3:17:13 > 21:33]
SOAP:  10%|▉         | 2474/25000 [3:17:31 > 21:33]
SOAP:  10%|▉         | 2475/25000 [3:17:22 > 21:34]
SOAP:  10%|▉         | 2476/25000 [3:17:25 > 21:34]
SOAP:  10%|▉         | 2477/25000 [3:17:28 > 21:35]
SOAP:  10%|▉         | 2478/25000 [3:17:32 > 21:35]
SOAP:  10%|▉         | 2479/25000 [3:17:50 > 21:36]
SOAP:  10%|▉         | 2480/25000 [3:16:04 > 21:36]
SOAP:  10%|▉         | 2481/25000 [3:17:37 > 21:37]
SOAP:  10%|▉         | 2482/25000 [3:17:42 > 21:37]
SOAP:  10%|▉         | 2483/25000 [3:17:31 > 21:38]
SOAP:  10%|▉         | 2484/25000 [3:17:31 > 21:38]
SOAP:  10%|▉         | 2485/25000 [3:17:37 > 21:39]
SOAP:  10%|▉         | 2486/25000 [3:17:26 > 21:40]
SOAP:  10%|▉         | 2487/25000 [3:17:24 > 21:40]
SOAP:  10%|▉         | 2488/25000 [3:17:28 > 21:41]
SOAP:  10%|▉         | 2489/25000 [3:17:33 > 21:41]
SOAP:  10%|▉         | 2490/25000 [3:17:45 > 21:42]
SOAP:  10%|▉         | 2491/25000 [3:17:41 > 21:42]
SOAP:  10%|▉         | 2492/25000 [3:17:35 > 21:43]
SOAP:  10%|▉         | 2493/25000 [3:17:31 > 21:43]
SOAP:  10%|▉         | 2494/25000 [3:17:55 > 21:44]
SOAP:  10%|▉         | 2495/25000 [3:17:50 > 21:44]
SOAP:  10%|▉         | 2496/25000 [3:17:49 > 21:45]
SOAP:  10%|▉         | 2497/25000 [3:17:45 > 21:45]
SOAP:  10%|▉         | 2498/25000 [3:17:40 > 21:46]
SOAP:  10%|▉         | 2499/25000 [3:15:49 > 21:46]
SOAP:  10%|█         | 2500/25000 [3:17:34 > 21:47]
SOAP:  10%|█         | 2501/25000 [3:18:32 > 21:47]
SOAP:  10%|█         | 2502/25000 [3:18:27 > 21:48]
SOAP:  10%|█         | 2503/25000 [3:18:04 > 21:48]
SOAP:  10%|█         | 2504/25000 [3:17:52 > 21:49]
SOAP:  10%|█         | 2505/25000 [3:17:45 > 21:50]
SOAP:  10%|█         | 2506/25000 [3:17:30 > 21:50]
SOAP:  10%|█         | 2507/25000 [3:16:57 > 21:51]
SOAP:  10%|█         | 2508/25000 [3:17:05 > 21:51]
SOAP:  10%|█         | 2509/25000 [3:17:15 > 21:52]
SOAP:  10%|█         | 2510/25000 [3:17:22 > 21:52]
SOAP:  10%|█         | 2511/25000 [3:17:27 > 21:53]
SOAP:  10%|█         | 2512/25000 [3:17:25 > 21:53]
SOAP:  10%|█         | 2513/25000 [3:17:25 > 21:54]
SOAP:  10%|█         | 2514/25000 [3:17:26 > 21:54]
SOAP:  10%|█         | 2515/25000 [3:17:29 > 21:55]
SOAP:  10%|█         | 2516/25000 [3:17:31 > 21:55]
SOAP:  10%|█         | 2517/25000 [3:17:27 > 21:56]
SOAP:  10%|█         | 2518/25000 [3:16:23 > 21:56]
SOAP:  10%|█         | 2519/25000 [3:17:21 > 21:57]
SOAP:  10%|█         | 2520/25000 [3:17:10 > 21:57]
SOAP:  10%|█         | 2521/25000 [3:17:22 > 21:58]
SOAP:  10%|█         | 2522/25000 [3:17:21 > 21:58]
SOAP:  10%|█         | 2523/25000 [3:17:25 > 21:59]
SOAP:  10%|█         | 2524/25000 [3:17:27 > 22:00]
SOAP:  10%|█         | 2525/25000 [3:17:23 > 22:00]
SOAP:  10%|█         | 2526/25000 [3:17:21 > 22:01]
SOAP:  10%|█         | 2527/25000 [3:17:19 > 22:01]
SOAP:  10%|█         | 2528/25000 [3:17:16 > 22:02]
SOAP:  10%|█         | 2529/25000 [3:17:20 > 22:02]
SOAP:  10%|█         | 2530/25000 [3:17:14 > 22:03]
SOAP:  10%|█         | 2531/25000 [3:17:22 > 22:03]
SOAP:  10%|█         | 2532/25000 [3:17:27 > 22:04]
SOAP:  10%|█         | 2533/25000 [3:17:31 > 22:04]
SOAP:  10%|█         | 2534/25000 [3:17:25 > 22:05]
SOAP:  10%|█         | 2535/25000 [3:17:13 > 22:05]
SOAP:  10%|█         | 2536/25000 [3:17:17 > 22:06]
SOAP:  10%|█         | 2537/25000 [3:17:19 > 22:06]
SOAP:  10%|█         | 2538/25000 [3:17:27 > 22:07]
SOAP:  10%|█         | 2539/25000 [3:17:14 > 22:07]
SOAP:  10%|█         | 2540/25000 [3:17:20 > 22:08]
SOAP:  10%|█         | 2541/25000 [3:17:14 > 22:08]
SOAP:  10%|█         | 2542/25000 [3:17:25 > 22:09]
SOAP:  10%|█         | 2543/25000 [3:17:13 > 22:10]
SOAP:  10%|█         | 2544/25000 [3:17:07 > 22:10]
SOAP:  10%|█         | 2545/25000 [3:17:07 > 22:11]
SOAP:  10%|█         | 2546/25000 [3:17:10 > 22:11]
SOAP:  10%|█         | 2547/25000 [3:17:16 > 22:12]
SOAP:  10%|█         | 2548/25000 [3:17:15 > 22:12]
SOAP:  10%|█         | 2549/25000 [3:17:06 > 22:13]
SOAP:  10%|█         | 2550/25000 [3:17:00 > 22:13]
SOAP:  10%|█         | 2551/25000 [3:16:59 > 22:14]
SOAP:  10%|█         | 2552/25000 [3:16:56 > 22:14]
SOAP:  10%|█         | 2553/25000 [3:16:59 > 22:15]
SOAP:  10%|█         | 2554/25000 [3:16:50 > 22:15]
SOAP:  10%|█         | 2555/25000 [3:16:52 > 22:16]
SOAP:  10%|█         | 2556/25000 [3:16:56 > 22:16]
SOAP:  10%|█         | 2557/25000 [3:17:06 > 22:17]
SOAP:  10%|█         | 2558/25000 [3:17:07 > 22:17]
SOAP:  10%|█         | 2559/25000 [3:17:04 > 22:18]
SOAP:  10%|█         | 2560/25000 [3:17:01 > 22:18]
SOAP:  10%|█         | 2561/25000 [3:17:06 > 22:19]
SOAP:  10%|█         | 2562/25000 [3:17:12 > 22:20]
SOAP:  10%|█         | 2563/25000 [3:17:09 > 22:20]
SOAP:  10%|█         | 2564/25000 [3:17:06 > 22:21]
SOAP:  10%|█         | 2565/25000 [3:17:02 > 22:21]
SOAP:  10%|█         | 2566/25000 [3:17:06 > 22:22]
SOAP:  10%|█         | 2567/25000 [3:17:11 > 22:22]
SOAP:  10%|█         | 2568/25000 [3:17:01 > 22:23]
SOAP:  10%|█         | 2569/25000 [3:17:00 > 22:23]
SOAP:  10%|█         | 2570/25000 [3:16:58 > 22:24]
SOAP:  10%|█         | 2571/25000 [3:17:04 > 22:24]
SOAP:  10%|█         | 2572/25000 [3:17:00 > 22:25]
SOAP:  10%|█         | 2573/25000 [3:16:58 > 22:25]
SOAP:  10%|█         | 2574/25000 [3:16:50 > 22:26]
SOAP:  10%|█         | 2575/25000 [3:16:54 > 22:26]
SOAP:  10%|█         | 2576/25000 [3:17:01 > 22:27]
SOAP:  10%|█         | 2577/25000 [3:16:57 > 22:27]
SOAP:  10%|█         | 2578/25000 [3:16:53 > 22:28]
SOAP:  10%|█         | 2579/25000 [3:17:08 > 22:29]
SOAP:  10%|█         | 2580/25000 [3:17:10 > 22:29]
SOAP:  10%|█         | 2581/25000 [3:17:00 > 22:30]
SOAP:  10%|█         | 2582/25000 [3:16:52 > 22:30]
SOAP:  10%|█         | 2583/25000 [3:16:50 > 22:31]
SOAP:  10%|█         | 2584/25000 [3:16:50 > 22:31]
SOAP:  10%|█         | 2585/25000 [3:16:59 > 22:32]
SOAP:  10%|█         | 2586/25000 [3:16:49 > 22:32]
SOAP:  10%|█         | 2587/25000 [3:16:55 > 22:33]
SOAP:  10%|█         | 2588/25000 [3:16:51 > 22:33]
SOAP:  10%|█         | 2589/25000 [3:16:52 > 22:34]
SOAP:  10%|█         | 2590/25000 [3:16:53 > 22:34]
SOAP:  10%|█         | 2591/25000 [3:16:50 > 22:35]
SOAP:  10%|█         | 2592/25000 [3:16:49 > 22:35]
SOAP:  10%|█         | 2593/25000 [3:16:45 > 22:36]
SOAP:  10%|█         | 2594/25000 [3:16:47 > 22:36]
SOAP:  10%|█         | 2595/25000 [3:15:01 > 22:37]
SOAP:  10%|█         | 2596/25000 [3:16:36 > 22:37]
SOAP:  10%|█         | 2597/25000 [3:16:33 > 22:38]
SOAP:  10%|█         | 2598/25000 [3:16:31 > 22:39]
SOAP:  10%|█         | 2599/25000 [3:16:50 > 22:39]
SOAP:  10%|█         | 2600/25000 [3:16:45 > 22:40]
SOAP:  10%|█         | 2601/25000 [3:17:41 > 22:40]
SOAP:  10%|█         | 2602/25000 [3:17:21 > 22:41]
SOAP:  10%|█         | 2603/25000 [3:17:13 > 22:41]
SOAP:  10%|█         | 2604/25000 [3:17:03 > 22:42]
SOAP:  10%|█         | 2605/25000 [3:16:49 > 22:42]
SOAP:  10%|█         | 2606/25000 [3:16:46 > 22:43]
SOAP:  10%|█         | 2607/25000 [3:16:48 > 22:43]
SOAP:  10%|█         | 2608/25000 [3:16:44 > 22:44]
SOAP:  10%|█         | 2609/25000 [3:14:54 > 22:44]
SOAP:  10%|█         | 2610/25000 [3:16:37 > 22:45]
SOAP:  10%|█         | 2611/25000 [3:16:02 > 22:45]
SOAP:  10%|█         | 2612/25000 [3:16:29 > 22:46]
SOAP:  10%|█         | 2613/25000 [3:16:25 > 22:46]
SOAP:  10%|█         | 2614/25000 [3:16:25 > 22:47]
SOAP:  10%|█         | 2615/25000 [3:16:30 > 22:47]
SOAP:  10%|█         | 2616/25000 [3:16:54 > 22:48]
SOAP:  10%|█         | 2617/25000 [3:16:45 > 22:49]
SOAP:  10%|█         | 2618/25000 [3:16:43 > 22:49]
SOAP:  10%|█         | 2619/25000 [3:16:44 > 22:50]
SOAP:  10%|█         | 2620/25000 [3:16:35 > 22:50]
SOAP:  10%|█         | 2621/25000 [3:16:17 > 22:51]
SOAP:  10%|█         | 2622/25000 [3:16:04 > 22:51]
SOAP:  10%|█         | 2623/25000 [3:16:23 > 22:52]
SOAP:  10%|█         | 2624/25000 [3:16:20 > 22:52]
SOAP:  10%|█         | 2625/25000 [3:16:21 > 22:53]
SOAP:  11%|█         | 2626/25000 [3:16:22 > 22:53]
SOAP:  11%|█         | 2627/25000 [3:16:32 > 22:54]
SOAP:  11%|█         | 2628/25000 [3:16:26 > 22:54]
SOAP:  11%|█         | 2629/25000 [3:16:28 > 22:55]
SOAP:  11%|█         | 2630/25000 [3:16:18 > 22:55]
SOAP:  11%|█         | 2631/25000 [3:16:25 > 22:56]
SOAP:  11%|█         | 2632/25000 [3:16:33 > 22:56]
SOAP:  11%|█         | 2633/25000 [3:16:36 > 22:57]
SOAP:  11%|█         | 2634/25000 [3:16:34 > 22:57]
SOAP:  11%|█         | 2635/25000 [3:16:41 > 22:58]
SOAP:  11%|█         | 2636/25000 [3:16:33 > 22:59]
SOAP:  11%|█         | 2637/25000 [3:16:33 > 22:59]
SOAP:  11%|█         | 2638/25000 [3:16:26 > 23:00]
SOAP:  11%|█         | 2639/25000 [3:16:21 > 23:00]
SOAP:  11%|█         | 2640/25000 [3:16:35 > 23:01]
SOAP:  11%|█         | 2641/25000 [3:16:19 > 23:01]
SOAP:  11%|█         | 2642/25000 [3:16:19 > 23:02]
SOAP:  11%|█         | 2643/25000 [3:16:10 > 23:02]
SOAP:  11%|█         | 2644/25000 [3:16:12 > 23:03]
SOAP:  11%|█         | 2645/25000 [3:16:11 > 23:03]
SOAP:  11%|█         | 2646/25000 [3:16:11 > 23:04]
SOAP:  11%|█         | 2647/25000 [3:16:16 > 23:04]
SOAP:  11%|█         | 2648/25000 [3:16:13 > 23:05]
SOAP:  11%|█         | 2649/25000 [3:16:14 > 23:05]
SOAP:  11%|█         | 2650/25000 [3:16:16 > 23:06]
SOAP:  11%|█         | 2651/25000 [3:16:24 > 23:06]
SOAP:  11%|█         | 2652/25000 [3:16:17 > 23:07]
SOAP:  11%|█         | 2653/25000 [3:16:13 > 23:07]
SOAP:  11%|█         | 2654/25000 [3:16:21 > 23:08]
SOAP:  11%|█         | 2655/25000 [3:16:25 > 23:09]
SOAP:  11%|█         | 2656/25000 [3:16:16 > 23:09]
SOAP:  11%|█         | 2657/25000 [3:16:14 > 23:10]
SOAP:  11%|█         | 2658/25000 [3:16:25 > 23:10]
SOAP:  11%|█         | 2659/25000 [3:16:28 > 23:11]
SOAP:  11%|█         | 2660/25000 [3:16:19 > 23:11]
SOAP:  11%|█         | 2661/25000 [3:16:17 > 23:12]
SOAP:  11%|█         | 2662/25000 [3:16:10 > 23:12]
SOAP:  11%|█         | 2663/25000 [3:16:18 > 23:13]
SOAP:  11%|█         | 2664/25000 [3:16:14 > 23:13]
SOAP:  11%|█         | 2665/25000 [3:16:08 > 23:14]
SOAP:  11%|█         | 2666/25000 [3:15:55 > 23:14]
SOAP:  11%|█         | 2667/25000 [3:15:51 > 23:15]
SOAP:  11%|█         | 2668/25000 [3:15:54 > 23:15]
SOAP:  11%|█         | 2669/25000 [3:16:09 > 23:16]
SOAP:  11%|█         | 2670/25000 [3:16:09 > 23:16]
SOAP:  11%|█         | 2671/25000 [3:16:04 > 23:17]
SOAP:  11%|█         | 2672/25000 [3:16:01 > 23:18]
SOAP:  11%|█         | 2673/25000 [3:16:17 > 23:18]
SOAP:  11%|█         | 2674/25000 [3:16:06 > 23:19]
SOAP:  11%|█         | 2675/25000 [3:16:03 > 23:19]
SOAP:  11%|█         | 2676/25000 [3:16:01 > 23:20]
SOAP:  11%|█         | 2677/25000 [3:16:01 > 23:20]
SOAP:  11%|█         | 2678/25000 [3:16:04 > 23:21]
SOAP:  11%|█         | 2679/25000 [3:16:04 > 23:21]
SOAP:  11%|█         | 2680/25000 [3:16:02 > 23:22]
SOAP:  11%|█         | 2681/25000 [3:16:10 > 23:22]
SOAP:  11%|█         | 2682/25000 [3:16:11 > 23:23]
SOAP:  11%|█         | 2683/25000 [3:15:43 > 23:23]
SOAP:  11%|█         | 2684/25000 [3:15:12 > 23:24]
SOAP:  11%|█         | 2685/25000 [3:15:30 > 23:24]
SOAP:  11%|█         | 2686/25000 [3:15:44 > 23:25]
SOAP:  11%|█         | 2687/25000 [3:15:39 > 23:25]
SOAP:  11%|█         | 2688/25000 [3:15:04 > 23:26]
SOAP:  11%|█         | 2689/25000 [3:15:23 > 23:26]
SOAP:  11%|█         | 2690/25000 [3:15:29 > 23:27]
SOAP:  11%|█         | 2691/25000 [3:13:50 > 23:27]
SOAP:  11%|█         | 2692/25000 [3:14:58 > 23:28]
SOAP:  11%|█         | 2693/25000 [3:14:48 > 23:29]
SOAP:  11%|█         | 2694/25000 [3:15:03 > 23:29]
SOAP:  11%|█         | 2695/25000 [3:15:18 > 23:30]
SOAP:  11%|█         | 2696/25000 [3:15:14 > 23:30]
SOAP:  11%|█         | 2697/25000 [3:14:48 > 23:31]
SOAP:  11%|█         | 2698/25000 [3:14:26 > 23:31]
SOAP:  11%|█         | 2699/25000 [3:14:13 > 23:32]
SOAP:  11%|█         | 2700/25000 [3:14:02 > 23:32]
SOAP:  11%|█         | 2701/25000 [3:15:51 > 23:33]
SOAP:  11%|█         | 2702/25000 [3:14:11 > 23:33]
SOAP:  11%|█         | 2703/25000 [3:14:10 > 23:34]
SOAP:  11%|█         | 2704/25000 [3:13:57 > 23:34]
SOAP:  11%|█         | 2705/25000 [3:13:54 > 23:35]
SOAP:  11%|█         | 2706/25000 [3:13:48 > 23:35]
SOAP:  11%|█         | 2707/25000 [3:13:41 > 23:36]
SOAP:  11%|█         | 2708/25000 [3:13:41 > 23:36]
SOAP:  11%|█         | 2709/25000 [3:13:41 > 23:37]
SOAP:  11%|█         | 2710/25000 [3:13:34 > 23:37]
SOAP:  11%|█         | 2711/25000 [3:13:36 > 23:38]
SOAP:  11%|█         | 2712/25000 [3:13:33 > 23:38]
SOAP:  11%|█         | 2713/25000 [3:13:35 > 23:39]
SOAP:  11%|█         | 2714/25000 [3:13:33 > 23:40]
SOAP:  11%|█         | 2715/25000 [3:13:34 > 23:40]
SOAP:  11%|█         | 2716/25000 [3:13:32 > 23:41]
SOAP:  11%|█         | 2717/25000 [3:13:44 > 23:41]
SOAP:  11%|█         | 2718/25000 [3:13:38 > 23:42]
SOAP:  11%|█         | 2719/25000 [3:13:36 > 23:42]
SOAP:  11%|█         | 2720/25000 [3:13:30 > 23:43]
SOAP:  11%|█         | 2721/25000 [3:13:29 > 23:43]
SOAP:  11%|█         | 2722/25000 [3:13:31 > 23:44]
SOAP:  11%|█         | 2723/25000 [3:13:27 > 23:44]
SOAP:  11%|█         | 2724/25000 [3:13:24 > 23:45]
SOAP:  11%|█         | 2725/25000 [3:13:28 > 23:45]
SOAP:  11%|█         | 2726/25000 [3:13:30 > 23:46]
SOAP:  11%|█         | 2727/25000 [3:13:17 > 23:46]
SOAP:  11%|█         | 2728/25000 [3:13:21 > 23:47]
SOAP:  11%|█         | 2729/25000 [3:13:20 > 23:47]
SOAP:  11%|█         | 2730/25000 [3:13:32 > 23:48]
SOAP:  11%|█         | 2731/25000 [3:13:25 > 23:48]
SOAP:  11%|█         | 2732/25000 [3:13:22 > 23:49]
SOAP:  11%|█         | 2733/25000 [3:13:20 > 23:49]
SOAP:  11%|█         | 2734/25000 [3:13:22 > 23:50]
SOAP:  11%|█         | 2735/25000 [3:13:24 > 23:50]
SOAP:  11%|█         | 2736/25000 [3:13:40 > 23:51]
SOAP:  11%|█         | 2737/25000 [3:14:03 > 23:52]
SOAP:  11%|█         | 2738/25000 [3:13:58 > 23:52]
SOAP:  11%|█         | 2739/25000 [3:13:36 > 23:53]
SOAP:  11%|█         | 2740/25000 [3:13:37 > 23:53]
SOAP:  11%|█         | 2741/25000 [3:13:32 > 23:54]
SOAP:  11%|█         | 2742/25000 [3:13:30 > 23:54]
SOAP:  11%|█         | 2743/25000 [3:13:26 > 23:55]
SOAP:  11%|█         | 2744/25000 [3:13:20 > 23:55]
SOAP:  11%|█         | 2745/25000 [3:13:24 > 23:56]
SOAP:  11%|█         | 2746/25000 [3:11:46 > 23:56]
SOAP:  11%|█         | 2747/25000 [3:13:43 > 23:57]
SOAP:  11%|█         | 2748/25000 [3:13:34 > 23:57]
SOAP:  11%|█         | 2749/25000 [3:14:42 > 23:58]
SOAP:  11%|█         | 2750/25000 [3:13:40 > 23:58]
SOAP:  11%|█         | 2751/25000 [3:13:36 > 23:59]
SOAP:  11%|█         | 2752/25000 [3:13:29 > 23:59]
SOAP:  11%|█         | 2753/25000 [3:12:03 > 24:00]
SOAP:  11%|█         | 2754/25000 [3:12:27 > 24:00]
SOAP:  11%|█         | 2755/25000 [3:14:20 > 24:01]
SOAP:  11%|█         | 2756/25000 [3:14:46 > 24:01]
SOAP:  11%|█         | 2757/25000 [3:14:49 > 24:02]
SOAP:  11%|█         | 2758/25000 [3:14:22 > 24:02]
SOAP:  11%|█         | 2759/25000 [3:13:57 > 24:03]
SOAP:  11%|█         | 2760/25000 [3:13:44 > 24:04]
SOAP:  11%|█         | 2761/25000 [3:13:40 > 24:04]
SOAP:  11%|█         | 2762/25000 [3:13:41 > 24:05]
SOAP:  11%|█         | 2763/25000 [3:13:58 > 24:05]
SOAP:  11%|█         | 2764/25000 [3:13:41 > 24:06]
SOAP:  11%|█         | 2765/25000 [3:13:31 > 24:06]
SOAP:  11%|█         | 2766/25000 [3:11:50 > 24:07]
SOAP:  11%|█         | 2767/25000 [3:12:17 > 24:07]
SOAP:  11%|█         | 2768/25000 [3:13:47 > 24:08]
SOAP:  11%|█         | 2769/25000 [3:13:38 > 24:08]
SOAP:  11%|█         | 2770/25000 [3:13:25 > 24:09]
SOAP:  11%|█         | 2771/25000 [3:13:22 > 24:09]
SOAP:  11%|█         | 2772/25000 [3:13:14 > 24:10]
SOAP:  11%|█         | 2773/25000 [3:13:09 > 24:10]
SOAP:  11%|█         | 2774/25000 [3:13:07 > 24:11]
SOAP:  11%|█         | 2775/25000 [3:13:04 > 24:11]
SOAP:  11%|█         | 2776/25000 [3:12:57 > 24:12]
SOAP:  11%|█         | 2777/25000 [3:13:06 > 24:12]
SOAP:  11%|█         | 2778/25000 [3:13:01 > 24:13]
SOAP:  11%|█         | 2779/25000 [3:11:33 > 24:13]
SOAP:  11%|█         | 2780/25000 [3:11:57 > 24:14]
SOAP:  11%|█         | 2781/25000 [3:12:19 > 24:14]
SOAP:  11%|█         | 2782/25000 [3:12:36 > 24:15]
SOAP:  11%|█         | 2783/25000 [3:12:45 > 24:15]
SOAP:  11%|█         | 2784/25000 [3:12:48 > 24:16]
SOAP:  11%|█         | 2785/25000 [3:12:49 > 24:17]
SOAP:  11%|█         | 2786/25000 [3:12:50 > 24:17]
SOAP:  11%|█         | 2787/25000 [3:12:56 > 24:18]
SOAP:  11%|█         | 2788/25000 [3:13:03 > 24:18]
SOAP:  11%|█         | 2789/25000 [3:12:56 > 24:19]
SOAP:  11%|█         | 2790/25000 [3:13:06 > 24:19]
SOAP:  11%|█         | 2791/25000 [3:12:57 > 24:20]
SOAP:  11%|█         | 2792/25000 [3:12:51 > 24:20]
SOAP:  11%|█         | 2793/25000 [3:15:08 > 24:21]
SOAP:  11%|█         | 2794/25000 [3:12:57 > 24:21]
SOAP:  11%|█         | 2795/25000 [3:12:55 > 24:22]
SOAP:  11%|█         | 2796/25000 [3:14:34 > 24:22]
SOAP:  11%|█         | 2797/25000 [3:13:04 > 24:23]
SOAP:  11%|█         | 2798/25000 [3:12:36 > 24:23]
SOAP:  11%|█         | 2799/25000 [3:13:08 > 24:24]
SOAP:  11%|█         | 2800/25000 [3:12:33 > 24:24]
SOAP:  11%|█         | 2801/25000 [3:13:27 > 24:25]
SOAP:  11%|█         | 2802/25000 [3:15:51 > 24:25]
SOAP:  11%|█         | 2803/25000 [3:15:26 > 24:26]
SOAP:  11%|█         | 2804/25000 [3:12:21 > 24:26]
SOAP:  11%|█         | 2805/25000 [3:12:35 > 24:27]
SOAP:  11%|█         | 2806/25000 [3:12:42 > 24:28]
SOAP:  11%|█         | 2807/25000 [3:12:49 > 24:28]
SOAP:  11%|█         | 2808/25000 [3:12:47 > 24:29]
SOAP:  11%|█         | 2809/25000 [3:12:35 > 24:29]
SOAP:  11%|█         | 2810/25000 [3:12:48 > 24:30]
SOAP:  11%|█         | 2811/25000 [3:12:49 > 24:30]
SOAP:  11%|█         | 2812/25000 [3:12:51 > 24:31]
SOAP:  11%|█▏        | 2813/25000 [3:12:42 > 24:31]
SOAP:  11%|█▏        | 2814/25000 [3:14:15 > 24:32]
SOAP:  11%|█▏        | 2815/25000 [3:13:42 > 24:32]
SOAP:  11%|█▏        | 2816/25000 [3:13:27 > 24:33]
SOAP:  11%|█▏        | 2817/25000 [3:13:12 > 24:33]
SOAP:  11%|█▏        | 2818/25000 [3:11:32 > 24:34]
SOAP:  11%|█▏        | 2819/25000 [3:13:22 > 24:34]
SOAP:  11%|█▏        | 2820/25000 [3:13:09 > 24:35]
SOAP:  11%|█▏        | 2821/25000 [3:12:53 > 24:35]
SOAP:  11%|█▏        | 2822/25000 [3:12:52 > 24:36]
SOAP:  11%|█▏        | 2823/25000 [3:12:44 > 24:36]
SOAP:  11%|█▏        | 2824/25000 [3:12:34 > 24:37]
SOAP:  11%|█▏        | 2825/25000 [3:12:42 > 24:37]
SOAP:  11%|█▏        | 2826/25000 [3:11:24 > 24:38]
SOAP:  11%|█▏        | 2827/25000 [3:12:45 > 24:38]
SOAP:  11%|█▏        | 2828/25000 [3:11:44 > 24:39]
SOAP:  11%|█▏        | 2829/25000 [3:12:42 > 24:40]
SOAP:  11%|█▏        | 2830/25000 [3:13:27 > 24:40]
SOAP:  11%|█▏        | 2831/25000 [3:12:14 > 24:41]
SOAP:  11%|█▏        | 2832/25000 [3:12:27 > 24:41]
SOAP:  11%|█▏        | 2833/25000 [3:12:18 > 24:42]
SOAP:  11%|█▏        | 2834/25000 [3:12:39 > 24:42]
SOAP:  11%|█▏        | 2835/25000 [3:13:04 > 24:43]
SOAP:  11%|█▏        | 2836/25000 [3:12:25 > 24:43]
SOAP:  11%|█▏        | 2837/25000 [3:14:05 > 24:44]
SOAP:  11%|█▏        | 2838/25000 [3:11:55 > 24:44]
SOAP:  11%|█▏        | 2839/25000 [3:12:08 > 24:45]
SOAP:  11%|█▏        | 2840/25000 [3:12:58 > 24:45]
SOAP:  11%|█▏        | 2841/25000 [3:14:00 > 24:46]
SOAP:  11%|█▏        | 2842/25000 [3:11:56 > 24:46]
SOAP:  11%|█▏        | 2843/25000 [3:13:27 > 24:47]
SOAP:  11%|█▏        | 2844/25000 [3:12:14 > 24:47]
SOAP:  11%|█▏        | 2845/25000 [3:13:32 > 24:48]
SOAP:  11%|█▏        | 2846/25000 [3:11:51 > 24:48]
SOAP:  11%|█▏        | 2847/25000 [3:13:10 > 24:49]
SOAP:  11%|█▏        | 2848/25000 [3:13:09 > 24:49]
SOAP:  11%|█▏        | 2849/25000 [3:13:06 > 24:50]
SOAP:  11%|█▏        | 2850/25000 [3:12:48 > 24:50]
SOAP:  11%|█▏        | 2851/25000 [3:12:18 > 24:51]
SOAP:  11%|█▏        | 2852/25000 [3:10:44 > 24:51]
SOAP:  11%|█▏        | 2853/25000 [3:11:29 > 24:52]
SOAP:  11%|█▏        | 2854/25000 [3:13:11 > 24:53]
SOAP:  11%|█▏        | 2855/25000 [3:12:56 > 24:53]
SOAP:  11%|█▏        | 2856/25000 [3:12:33 > 24:54]
SOAP:  11%|█▏        | 2857/25000 [3:12:21 > 24:54]
SOAP:  11%|█▏        | 2858/25000 [3:12:19 > 24:55]
SOAP:  11%|█▏        | 2859/25000 [3:12:08 > 24:55]
SOAP:  11%|█▏        | 2860/25000 [3:12:28 > 24:56]
SOAP:  11%|█▏        | 2861/25000 [3:11:42 > 24:56]
SOAP:  11%|█▏        | 2862/25000 [3:12:46 > 24:57]
SOAP:  11%|█▏        | 2863/25000 [3:12:34 > 24:57]
SOAP:  11%|█▏        | 2864/25000 [3:12:30 > 24:58]
SOAP:  11%|█▏        | 2865/25000 [3:12:23 > 24:58]
SOAP:  11%|█▏        | 2866/25000 [3:12:14 > 24:59]
SOAP:  11%|█▏        | 2867/25000 [3:12:12 > 24:59]
SOAP:  11%|█▏        | 2868/25000 [3:12:14 > 25:00]
SOAP:  11%|█▏        | 2869/25000 [3:12:14 > 25:00]
SOAP:  11%|█▏        | 2870/25000 [3:12:17 > 25:01]
SOAP:  11%|█▏        | 2871/25000 [3:13:28 > 25:01]
SOAP:  11%|█▏        | 2872/25000 [3:12:29 > 25:02]
SOAP:  11%|█▏        | 2873/25000 [3:12:22 > 25:02]
SOAP:  11%|█▏        | 2874/25000 [3:12:19 > 25:03]
SOAP:  12%|█▏        | 2875/25000 [3:12:21 > 25:04]
SOAP:  12%|█▏        | 2876/25000 [3:12:37 > 25:04]
SOAP:  12%|█▏        | 2877/25000 [3:12:29 > 25:05]
SOAP:  12%|█▏        | 2878/25000 [3:12:20 > 25:05]
SOAP:  12%|█▏        | 2879/25000 [3:12:18 > 25:06]
SOAP:  12%|█▏        | 2880/25000 [3:12:15 > 25:06]
SOAP:  12%|█▏        | 2881/25000 [3:12:09 > 25:07]
SOAP:  12%|█▏        | 2882/25000 [3:12:03 > 25:07]
SOAP:  12%|█▏        | 2883/25000 [3:12:02 > 25:08]
SOAP:  12%|█▏        | 2884/25000 [3:12:03 > 25:08]
SOAP:  12%|█▏        | 2885/25000 [3:11:32 > 25:09]
SOAP:  12%|█▏        | 2886/25000 [3:12:15 > 25:09]
SOAP:  12%|█▏        | 2887/25000 [3:12:14 > 25:10]
SOAP:  12%|█▏        | 2888/25000 [3:12:18 > 25:10]
SOAP:  12%|█▏        | 2889/25000 [3:12:08 > 25:11]
SOAP:  12%|█▏        | 2890/25000 [3:12:06 > 25:11]
SOAP:  12%|█▏        | 2891/25000 [3:12:10 > 25:12]
SOAP:  12%|█▏        | 2892/25000 [3:12:04 > 25:12]
SOAP:  12%|█▏        | 2893/25000 [3:11:59 > 25:13]
SOAP:  12%|█▏        | 2894/25000 [3:11:56 > 25:13]
SOAP:  12%|█▏        | 2895/25000 [3:11:52 > 25:14]
SOAP:  12%|█▏        | 2896/25000 [3:11:53 > 25:14]
SOAP:  12%|█▏        | 2897/25000 [3:11:53 > 25:15]
SOAP:  12%|█▏        | 2898/25000 [3:11:47 > 25:15]
SOAP:  12%|█▏        | 2899/25000 [3:11:54 > 25:16]
SOAP:  12%|█▏        | 2900/25000 [3:11:46 > 25:17]
SOAP:  12%|█▏        | 2901/25000 [3:13:42 > 25:17]
SOAP:  12%|█▏        | 2902/25000 [3:12:11 > 25:18]
SOAP:  12%|█▏        | 2903/25000 [3:12:12 > 25:18]
SOAP:  12%|█▏        | 2904/25000 [3:11:59 > 25:19]
SOAP:  12%|█▏        | 2905/25000 [3:11:53 > 25:19]
SOAP:  12%|█▏        | 2906/25000 [3:11:54 > 25:20]
SOAP:  12%|█▏        | 2907/25000 [3:11:55 > 25:20]
SOAP:  12%|█▏        | 2908/25000 [3:11:51 > 25:21]
SOAP:  12%|█▏        | 2909/25000 [3:11:52 > 25:21]
SOAP:  12%|█▏        | 2910/25000 [3:11:49 > 25:22]
SOAP:  12%|█▏        | 2911/25000 [3:11:53 > 25:22]
SOAP:  12%|█▏        | 2912/25000 [3:11:53 > 25:23]
SOAP:  12%|█▏        | 2913/25000 [3:11:45 > 25:23]
SOAP:  12%|█▏        | 2914/25000 [3:11:45 > 25:24]
SOAP:  12%|█▏        | 2915/25000 [3:11:51 > 25:24]
SOAP:  12%|█▏        | 2916/25000 [3:11:42 > 25:25]
SOAP:  12%|█▏        | 2917/25000 [3:11:42 > 25:25]
SOAP:  12%|█▏        | 2918/25000 [3:11:44 > 25:26]
SOAP:  12%|█▏        | 2919/25000 [3:11:41 > 25:26]
SOAP:  12%|█▏        | 2920/25000 [3:11:41 > 25:27]
SOAP:  12%|█▏        | 2921/25000 [3:11:42 > 25:27]
SOAP:  12%|█▏        | 2922/25000 [3:11:41 > 25:28]
SOAP:  12%|█▏        | 2923/25000 [3:11:43 > 25:29]
SOAP:  12%|█▏        | 2924/25000 [3:11:41 > 25:29]
SOAP:  12%|█▏        | 2925/25000 [3:11:48 > 25:30]
SOAP:  12%|█▏        | 2926/25000 [3:11:42 > 25:30]
SOAP:  12%|█▏        | 2927/25000 [3:11:44 > 25:31]
SOAP:  12%|█▏        | 2928/25000 [3:11:44 > 25:31]
SOAP:  12%|█▏        | 2929/25000 [3:11:46 > 25:32]
SOAP:  12%|█▏        | 2930/25000 [3:11:30 > 25:32]
SOAP:  12%|█▏        | 2931/25000 [3:11:40 > 25:33]
SOAP:  12%|█▏        | 2932/25000 [3:11:27 > 25:33]
SOAP:  12%|█▏        | 2933/25000 [3:11:30 > 25:34]
SOAP:  12%|█▏        | 2934/25000 [3:11:34 > 25:34]
SOAP:  12%|█▏        | 2935/25000 [3:11:39 > 25:35]
SOAP:  12%|█▏        | 2936/25000 [3:11:30 > 25:35]
SOAP:  12%|█▏        | 2937/25000 [3:11:40 > 25:36]
SOAP:  12%|█▏        | 2938/25000 [3:11:30 > 25:36]
SOAP:  12%|█▏        | 2939/25000 [3:11:41 > 25:37]
SOAP:  12%|█▏        | 2940/25000 [3:11:46 > 25:37]
SOAP:  12%|█▏        | 2941/25000 [3:11:43 > 25:38]
SOAP:  12%|█▏        | 2942/25000 [3:11:39 > 25:38]
SOAP:  12%|█▏        | 2943/25000 [3:10:17 > 25:39]
SOAP:  12%|█▏        | 2944/25000 [3:12:08 > 25:39]
SOAP:  12%|█▏        | 2945/25000 [3:12:28 > 25:40]
SOAP:  12%|█▏        | 2946/25000 [3:12:12 > 25:41]
SOAP:  12%|█▏        | 2947/25000 [3:11:52 > 25:41]
SOAP:  12%|█▏        | 2948/25000 [3:11:45 > 25:42]
SOAP:  12%|█▏        | 2949/25000 [3:11:40 > 25:42]
SOAP:  12%|█▏        | 2950/25000 [3:11:36 > 25:43]
SOAP:  12%|█▏        | 2951/25000 [3:10:02 > 25:43]
SOAP:  12%|█▏        | 2952/25000 [3:12:01 > 25:44]
SOAP:  12%|█▏        | 2953/25000 [3:11:50 > 25:44]
SOAP:  12%|█▏        | 2954/25000 [3:11:42 > 25:45]
SOAP:  12%|█▏        | 2955/25000 [3:11:37 > 25:45]
SOAP:  12%|█▏        | 2956/25000 [3:11:35 > 25:46]
SOAP:  12%|█▏        | 2957/25000 [3:11:33 > 25:46]
SOAP:  12%|█▏        | 2958/25000 [3:11:37 > 25:47]
SOAP:  12%|█▏        | 2959/25000 [3:11:36 > 25:47]
SOAP:  12%|█▏        | 2960/25000 [3:11:35 > 25:48]
SOAP:  12%|█▏        | 2961/25000 [3:11:33 > 25:48]
SOAP:  12%|█▏        | 2962/25000 [3:11:31 > 25:49]
SOAP:  12%|█▏        | 2963/25000 [3:11:29 > 25:49]
SOAP:  12%|█▏        | 2964/25000 [3:11:28 > 25:50]
SOAP:  12%|█▏        | 2965/25000 [3:10:36 > 25:50]
SOAP:  12%|█▏        | 2966/25000 [3:11:44 > 25:51]
SOAP:  12%|█▏        | 2967/25000 [3:11:32 > 25:51]
SOAP:  12%|█▏        | 2968/25000 [3:11:28 > 25:52]
SOAP:  12%|█▏        | 2969/25000 [3:11:26 > 25:53]
SOAP:  12%|█▏        | 2970/25000 [3:11:23 > 25:53]
SOAP:  12%|█▏        | 2971/25000 [3:11:21 > 25:54]
SOAP:  12%|█▏        | 2972/25000 [3:11:19 > 25:54]
SOAP:  12%|█▏        | 2973/25000 [3:11:14 > 25:55]
SOAP:  12%|█▏        | 2974/25000 [3:11:18 > 25:55]
SOAP:  12%|█▏        | 2975/25000 [3:11:14 > 25:56]
SOAP:  12%|█▏        | 2976/25000 [3:11:22 > 25:56]
SOAP:  12%|█▏        | 2977/25000 [3:11:14 > 25:57]
SOAP:  12%|█▏        | 2978/25000 [3:11:17 > 25:57]
SOAP:  12%|█▏        | 2979/25000 [3:11:14 > 25:58]
SOAP:  12%|█▏        | 2980/25000 [3:11:11 > 25:58]
SOAP:  12%|█▏        | 2981/25000 [3:11:10 > 25:59]
SOAP:  12%|█▏        | 2982/25000 [3:09:37 > 25:59]
SOAP:  12%|█▏        | 2983/25000 [3:11:41 > 26:00]
SOAP:  12%|█▏        | 2984/25000 [3:11:29 > 26:00]
SOAP:  12%|█▏        | 2985/25000 [3:11:18 > 26:01]
SOAP:  12%|█▏        | 2986/25000 [3:11:17 > 26:01]
SOAP:  12%|█▏        | 2987/25000 [3:11:12 > 26:02]
SOAP:  12%|█▏        | 2988/25000 [3:11:09 > 26:02]
SOAP:  12%|█▏        | 2989/25000 [3:11:10 > 26:03]
SOAP:  12%|█▏        | 2990/25000 [3:11:02 > 26:03]
SOAP:  12%|█▏        | 2991/25000 [3:11:04 > 26:04]
SOAP:  12%|█▏        | 2992/25000 [3:11:00 > 26:04]
SOAP:  12%|█▏        | 2993/25000 [3:11:02 > 26:05]
SOAP:  12%|█▏        | 2994/25000 [3:10:52 > 26:06]
SOAP:  12%|█▏        | 2995/25000 [3:11:02 > 26:06]
SOAP:  12%|█▏        | 2996/25000 [3:11:02 > 26:07]
SOAP:  12%|█▏        | 2997/25000 [3:11:08 > 26:07]
SOAP:  12%|█▏        | 2998/25000 [3:10:57 > 26:08]
SOAP:  12%|█▏        | 2999/25000 [3:11:07 > 26:08]
SOAP:  12%|█▏        | 3000/25000 [3:11:05 > 26:09]
SOAP:  12%|█▏        | 3001/25000 [3:12:50 > 26:09]
SOAP:  12%|█▏        | 3002/25000 [3:11:30 > 26:10]
SOAP:  12%|█▏        | 3003/25000 [3:11:42 > 26:10]
SOAP:  12%|█▏        | 3004/25000 [3:11:29 > 26:11]
SOAP:  12%|█▏        | 3005/25000 [3:11:21 > 26:11]
SOAP:  12%|█▏        | 3006/25000 [3:11:12 > 26:12]
SOAP:  12%|█▏        | 3007/25000 [3:11:10 > 26:12]
SOAP:  12%|█▏        | 3008/25000 [3:11:04 > 26:13]
SOAP:  12%|█▏        | 3009/25000 [3:11:04 > 26:13]
SOAP:  12%|█▏        | 3010/25000 [3:11:06 > 26:14]
SOAP:  12%|█▏        | 3011/25000 [3:11:02 > 26:14]
SOAP:  12%|█▏        | 3012/25000 [3:09:34 > 26:15]
SOAP:  12%|█▏        | 3013/25000 [3:11:24 > 26:15]
SOAP:  12%|█▏        | 3014/25000 [3:11:14 > 26:16]
SOAP:  12%|█▏        | 3015/25000 [3:11:11 > 26:16]
SOAP:  12%|█▏        | 3016/25000 [3:11:05 > 26:17]
SOAP:  12%|█▏        | 3017/25000 [3:11:01 > 26:18]
SOAP:  12%|█▏        | 3018/25000 [3:11:00 > 26:18]
SOAP:  12%|█▏        | 3019/25000 [3:10:55 > 26:19]
SOAP:  12%|█▏        | 3020/25000 [3:10:53 > 26:19]
SOAP:  12%|█▏        | 3021/25000 [3:10:52 > 26:20]
SOAP:  12%|█▏        | 3022/25000 [3:10:48 > 26:20]
SOAP:  12%|█▏        | 3023/25000 [3:10:45 > 26:21]
SOAP:  12%|█▏        | 3024/25000 [3:10:44 > 26:21]
SOAP:  12%|█▏        | 3025/25000 [3:10:56 > 26:22]
SOAP:  12%|█▏        | 3026/25000 [3:10:53 > 26:22]
SOAP:  12%|█▏        | 3027/25000 [3:10:55 > 26:23]
SOAP:  12%|█▏        | 3028/25000 [3:10:55 > 26:23]
SOAP:  12%|█▏        | 3029/25000 [3:10:54 > 26:24]
SOAP:  12%|█▏        | 3030/25000 [3:09:16 > 26:24]
SOAP:  12%|█▏        | 3031/25000 [3:11:10 > 26:25]
SOAP:  12%|█▏        | 3032/25000 [3:11:03 > 26:25]
SOAP:  12%|█▏        | 3033/25000 [3:11:05 > 26:26]
SOAP:  12%|█▏        | 3034/25000 [3:10:57 > 26:26]
SOAP:  12%|█▏        | 3035/25000 [3:10:56 > 26:27]
SOAP:  12%|█▏        | 3036/25000 [3:10:45 > 26:27]
SOAP:  12%|█▏        | 3037/25000 [3:10:45 > 26:28]
SOAP:  12%|█▏        | 3038/25000 [3:10:39 > 26:28]
SOAP:  12%|█▏        | 3039/25000 [3:10:43 > 26:29]
SOAP:  12%|█▏        | 3040/25000 [3:10:31 > 26:30]
SOAP:  12%|█▏        | 3041/25000 [3:10:51 > 26:30]
SOAP:  12%|█▏        | 3042/25000 [3:11:11 > 26:31]
SOAP:  12%|█▏        | 3043/25000 [3:11:07 > 26:31]
SOAP:  12%|█▏        | 3044/25000 [3:10:56 > 26:32]
SOAP:  12%|█▏        | 3045/25000 [3:10:58 > 26:32]
SOAP:  12%|█▏        | 3046/25000 [3:10:50 > 26:33]
SOAP:  12%|█▏        | 3047/25000 [3:10:40 > 26:33]
SOAP:  12%|█▏        | 3048/25000 [3:10:43 > 26:34]
SOAP:  12%|█▏        | 3049/25000 [3:10:48 > 26:34]
SOAP:  12%|█▏        | 3050/25000 [3:10:43 > 26:35]
SOAP:  12%|█▏        | 3051/25000 [3:10:42 > 26:35]
SOAP:  12%|█▏        | 3052/25000 [3:10:40 > 26:36]
SOAP:  12%|█▏        | 3053/25000 [3:10:37 > 26:36]
SOAP:  12%|█▏        | 3054/25000 [3:10:41 > 26:37]
SOAP:  12%|█▏        | 3055/25000 [3:10:41 > 26:37]
SOAP:  12%|█▏        | 3056/25000 [3:10:43 > 26:38]
SOAP:  12%|█▏        | 3057/25000 [3:10:34 > 26:38]
SOAP:  12%|█▏        | 3058/25000 [3:10:31 > 26:39]
SOAP:  12%|█▏        | 3059/25000 [3:10:28 > 26:39]
SOAP:  12%|█▏        | 3060/25000 [3:10:34 > 26:40]
SOAP:  12%|█▏        | 3061/25000 [3:10:28 > 26:40]
SOAP:  12%|█▏        | 3062/25000 [3:10:27 > 26:41]
SOAP:  12%|█▏        | 3063/25000 [3:10:30 > 26:41]
SOAP:  12%|█▏        | 3064/25000 [3:10:28 > 26:42]
SOAP:  12%|█▏        | 3065/25000 [3:10:36 > 26:43]
SOAP:  12%|█▏        | 3066/25000 [3:10:33 > 26:43]
SOAP:  12%|█▏        | 3067/25000 [3:10:33 > 26:44]
SOAP:  12%|█▏        | 3068/25000 [3:10:36 > 26:44]
SOAP:  12%|█▏        | 3069/25000 [3:10:30 > 26:45]
SOAP:  12%|█▏        | 3070/25000 [3:10:28 > 26:45]
SOAP:  12%|█▏        | 3071/25000 [3:10:31 > 26:46]
SOAP:  12%|█▏        | 3072/25000 [3:10:30 > 26:46]
SOAP:  12%|█▏        | 3073/25000 [3:09:38 > 26:47]
SOAP:  12%|█▏        | 3074/25000 [3:10:48 > 26:47]
SOAP:  12%|█▏        | 3075/25000 [3:10:34 > 26:48]
SOAP:  12%|█▏        | 3076/25000 [3:10:28 > 26:48]
SOAP:  12%|█▏        | 3077/25000 [3:10:19 > 26:49]
SOAP:  12%|█▏        | 3078/25000 [3:10:40 > 26:49]
SOAP:  12%|█▏        | 3079/25000 [3:08:59 > 26:50]
SOAP:  12%|█▏        | 3080/25000 [3:11:09 > 26:50]
SOAP:  12%|█▏        | 3081/25000 [3:09:54 > 26:51]
SOAP:  12%|█▏        | 3082/25000 [3:11:38 > 26:51]
SOAP:  12%|█▏        | 3083/25000 [3:11:13 > 26:52]
SOAP:  12%|█▏        | 3084/25000 [3:10:53 > 26:52]
SOAP:  12%|█▏        | 3085/25000 [3:10:40 > 26:53]
SOAP:  12%|█▏        | 3086/25000 [3:10:31 > 26:53]
SOAP:  12%|█▏        | 3087/25000 [3:10:24 > 26:54]
SOAP:  12%|█▏        | 3088/25000 [3:10:18 > 26:55]
SOAP:  12%|█▏        | 3089/25000 [3:10:20 > 26:55]
SOAP:  12%|█▏        | 3090/25000 [3:10:18 > 26:56]
SOAP:  12%|█▏        | 3091/25000 [3:10:14 > 26:56]
SOAP:  12%|█▏        | 3092/25000 [3:10:12 > 26:57]
SOAP:  12%|█▏        | 3093/25000 [3:10:06 > 26:57]
SOAP:  12%|█▏        | 3094/25000 [3:10:05 > 26:58]
SOAP:  12%|█▏        | 3095/25000 [3:09:55 > 26:58]
SOAP:  12%|█▏        | 3096/25000 [3:10:09 > 26:59]
SOAP:  12%|█▏        | 3097/25000 [3:10:01 > 26:59]
SOAP:  12%|█▏        | 3098/25000 [3:10:08 > 27:00]
SOAP:  12%|█▏        | 3099/25000 [3:10:08 > 27:00]
SOAP:  12%|█▏        | 3100/25000 [3:10:08 > 27:01]
SOAP:  12%|█▏        | 3101/25000 [3:12:00 > 27:01]
SOAP:  12%|█▏        | 3102/25000 [3:10:41 > 27:02]
SOAP:  12%|█▏        | 3103/25000 [3:10:20 > 27:02]
SOAP:  12%|█▏        | 3104/25000 [3:10:21 > 27:03]
SOAP:  12%|█▏        | 3105/25000 [3:10:12 > 27:03]
SOAP:  12%|█▏        | 3106/25000 [3:10:16 > 27:04]
SOAP:  12%|█▏        | 3107/25000 [3:10:06 > 27:04]
SOAP:  12%|█▏        | 3108/25000 [3:10:10 > 27:05]
SOAP:  12%|█▏        | 3109/25000 [3:10:13 > 27:05]
SOAP:  12%|█▏        | 3110/25000 [3:10:10 > 27:06]
SOAP:  12%|█▏        | 3111/25000 [3:10:09 > 27:07]
SOAP:  12%|█▏        | 3112/25000 [3:10:10 > 27:07]
SOAP:  12%|█▏        | 3113/25000 [3:10:17 > 27:08]
SOAP:  12%|█▏        | 3114/25000 [3:10:07 > 27:08]
SOAP:  12%|█▏        | 3115/25000 [3:10:07 > 27:09]
SOAP:  12%|█▏        | 3116/25000 [3:10:04 > 27:09]
SOAP:  12%|█▏        | 3117/25000 [3:10:08 > 27:10]
SOAP:  12%|█▏        | 3118/25000 [3:10:03 > 27:10]
SOAP:  12%|█▏        | 3119/25000 [3:10:01 > 27:11]
SOAP:  12%|█▏        | 3120/25000 [3:10:02 > 27:11]
SOAP:  12%|█▏        | 3121/25000 [3:10:08 > 27:12]
SOAP:  12%|█▏        | 3122/25000 [3:10:00 > 27:12]
SOAP:  12%|█▏        | 3123/25000 [3:10:04 > 27:13]
SOAP:  12%|█▏        | 3124/25000 [3:10:00 > 27:13]
SOAP:  12%|█▎        | 3125/25000 [3:09:56 > 27:14]
SOAP:  13%|█▎        | 3126/25000 [3:09:57 > 27:14]
SOAP:  13%|█▎        | 3127/25000 [3:10:00 > 27:15]
SOAP:  13%|█▎        | 3128/25000 [3:09:51 > 27:15]
SOAP:  13%|█▎        | 3129/25000 [3:09:56 > 27:16]
SOAP:  13%|█▎        | 3130/25000 [3:10:16 > 27:16]
SOAP:  13%|█▎        | 3131/25000 [3:10:35 > 27:17]
SOAP early stopping at step 3132/25000: total loss unchanged for 150 steps (best=1.116698e-02).

SOAP:  13%|█▎        | 3131/25000 [3:10:40 > 27:17]
Training saved: C:\Ali Computation\pinn\code\heterogeneous\pino_heterogeneous\results\exp_M3_mix075_ell005_5z_mzf005_K101_N500_default_float64_soap\pino_heterogeneous_concentration.png C:\Ali Computation\pinn\code\heterogeneous\pino_heterogeneous\results\exp_M3_mix075_ell005_5z_mzf005_K101_N500_default_float64_soap\pino_heterogeneous_loss.png C:\Ali Computation\pinn\code\heterogeneous\pino_heterogeneous\results\exp_M3_mix075_ell005_5z_mzf005_K101_N500_default_float64_soap\pino_heterogeneous_model.pt
COMSOL validation: 81 media -> C:\Ali Computation\pinn\code\heterogeneous\pino_heterogeneous\results\exp_M3_mix075_ell005_5z_mzf005_K101_N500_default_float64_soap  (x* collocation n=86)

COMSOL vs PINO:   0%|          | 0/81 [00:00<?, ?it/s]
COMSOL vs PINO:   6%|▌         | 5/81 [00:00<00:01, 47.41it/s]
COMSOL vs PINO:  12%|█▏        | 10/81 [00:00<00:01, 47.08it/s]
COMSOL vs PINO:  19%|█▊        | 15/81 [00:00<00:01, 48.07it/s]
COMSOL vs PINO:  25%|██▍       | 20/81 [00:00<00:01, 48.80it/s]
COMSOL vs PINO:  32%|███▏      | 26/81 [00:00<00:01, 49.24it/s]
COMSOL vs PINO:  38%|███▊      | 31/81 [00:00<00:01, 49.26it/s]
COMSOL vs PINO:  44%|████▍     | 36/81 [00:00<00:00, 49.12it/s]
COMSOL vs PINO:  51%|█████     | 41/81 [00:00<00:00, 48.88it/s]
COMSOL vs PINO:  57%|█████▋    | 46/81 [00:00<00:00, 48.73it/s]
COMSOL vs PINO:  63%|██████▎   | 51/81 [00:01<00:00, 48.80it/s]
COMSOL vs PINO:  69%|██████▉   | 56/81 [00:01<00:00, 48.85it/s]
COMSOL vs PINO:  75%|███████▌  | 61/81 [00:01<00:00, 48.68it/s]
COMSOL vs PINO:  81%|████████▏ | 66/81 [00:01<00:00, 48.56it/s]
COMSOL vs PINO:  88%|████████▊ | 71/81 [00:01<00:00, 48.48it/s]
COMSOL vs PINO:  94%|█████████▍| 76/81 [00:01<00:00, 48.63it/s]
COMSOL vs PINO: 100%|██████████| 81/81 [00:01<00:00, 48.67it/s]
COMSOL vs PINO: 100%|██████████| 81/81 [00:01<00:00, 48.68it/s]
COMSOL validation summary: n=81  mean=2.934058e-02  max=6.815777e-02  min=1.330045e-02
Wrote C:\Ali Computation\pinn\code\heterogeneous\pino_heterogeneous\results\exp_M3_mix075_ell005_5z_mzf005_K101_N500_default_float64_soap\comsol_validation_summary.csv
Run metadata: C:\Ali Computation\pinn\code\heterogeneous\pino_heterogeneous\results\exp_M3_mix075_ell005_5z_mzf005_K101_N500_default_float64_soap\run_meta.json
Wall-clock train: 1639.1 s
Wall-clock validation: 1.7 s
Wall-clock total: 1652.5 s  device=cuda

# exit 0 after 0:27:36.729145
