% Model:              2zones_20m.mph
% Version:            COMSOL 6.3.0.420
% Date:               Jul 9 2026, 09:26
% Dimension:          1
% Nodes:              101
% Expressions:        117
% Description:        Molar concentration, c
% Grid
0                         1                        2                        3                        4                        5                        6                        7                        8                        9                        10                       11                       12                       13                       14                       15                       16                       17                       18                       19                       20                       21                       22                       23                       24                       25                       26                       27                       28                       29                       30                       31                       32                       33                       34                       35                       36                       37                       38                       39                       40                       41                       42                       43                       44                       45                       46                       47                       48                       49                       50                       51                       52                       53                       54                       55                       56                       57                       58                       59                       60                       61                       62                       63                       64                       65                       66                       67                       68                       69                       70                       71                       72                       73                       74                       75                       76                       77                       78                       79                       80                       81                       82                       83                       84                       85                       86                       87                       88                       89                       90                       91                       92                       93                       94                       95                       96                       97                       98                       99                       100                     
% Data
% c (mol/m^3) @ t=0, u1=0.01, u2=0.01
1                         -4.52284577296406E-8     2.1593471701523133E-15   2.4290496195567383E-20   3.2340292311947445E-26   3.296041953163354E-32    3.0016600099896497E-38   2.568143168585249E-44    2.1115894652293638E-50   1.6890005337407388E-56   1.323917601468062E-62    1.0217940586561674E-68   7.79019512281781E-75     5.8806451628053925E-81   4.402910824473004E-87    3.2738666708957497E-93   2.4200833644693874E-99   1.7799128735064734E-105  1.303314895645914E-111   9.506353164339768E-118   6.910104932075512E-124   5.0075179189511975E-130  3.61879426820938E-136    2.608706507018713E-142   1.876319184338773E-148   1.3467757137039004E-154  9.648653579058403E-161   6.90061166888303E-167    4.927386625889847E-173   3.513225083995887E-179   2.501508729625216E-185   1.7788787070148563E-191  1.2635029233543828E-197  8.964486853538547E-204   6.353665619595135E-210   4.498841287921513E-216   3.182581786456978E-222   2.249489953010314E-228   1.588675456239681E-234   1.1211204880548889E-240  7.905933449709708E-247   5.571269719169285E-253   3.9234718259840603E-259  2.7613169209566404E-265  1.942246538858992E-271   1.3653592927405758E-277  9.593019108378592E-284   6.736587369782021E-290   4.728361615731424E-296   3.3172385754336075E-302  2.326197727733708E-308   1.6305703094E-314        4.77E-321                0                        0                        0                        0                        0                        0                        0                        0                        0                        0                        0                        0                        0                        0                        0                        0                        0                        0                        0                        0                        0                        0                        0                        0                        0                        0                        0                        0                        0                        0                        0                        0                        0                        0                        0                        0                        0                        0                        0                        0                        0                        0                        0                        0                        0                        0                        0                        0
% Data
% c (mol/m^3) @ t=100, u1=0.01, u2=0.01
1                         0.8551207359120235       0.7035370973406724       0.5550797663659197       0.4187294404283539       0.30124528267747536      0.20630615495644353      0.1343708808297617       0.0832460788494243       0.04911660929372076      0.027660124837926976     0.014910901009438978     0.00772017056601807      0.003852562185108826     0.0018594801978000846    8.709784859475934E-4     3.971487279987623E-4     1.7679450863214045E-4    7.703234612519891E-5     3.292808841974815E-5     1.3836856245124272E-5    5.726267043004903E-6     2.3375557974250385E-6    9.425811625581344E-7     3.7590559326814187E-7    1.4842753951834015E-7    5.808202753619737E-8     2.2543802432186147E-8    8.685486831975147E-9     3.323752654216513E-9     1.2641074775966702E-9    4.780626525971981E-10    1.7985853054389786E-10   6.734430580675226E-11    2.510461663698891E-11    9.320342123338522E-12    3.4471786969156526E-12   1.2704710947973544E-12   4.667012435120165E-13    1.709151362135153E-13    6.24129848362416E-14     2.2730026603241382E-14   8.2570766435622E-15      2.9923938648971288E-15   1.0820229802341405E-15   3.904215992513573E-16    1.4059205050105376E-16   5.05316283463922E-17     1.8129419690028032E-17   6.4932463882888355E-18   2.321847196452183E-18    8.28958801416204E-19     2.955229629967673E-19    1.052053306822617E-19    3.740242611356705E-20    1.3280144677274161E-20   4.709455424503953E-21    1.66811415338666E-21     5.901861242228064E-22    2.08583552700448E-22     7.364062758058552E-23    2.5972795362010977E-23   9.151665503710712E-24    3.221642388490381E-24    1.1330913743812194E-24   3.981775908389478E-25    1.3980609505061285E-25   4.9048446007852484E-26   1.7194361857217098E-26   6.023095477116777E-27    2.1083221156045476E-27   7.37475928359585E-28     2.5778761742344947E-28   9.00510475794296E-29     3.143668674918339E-29    1.0967670994947714E-29   3.824104041171723E-30    1.3325706992869305E-30   4.6409126842238305E-31   1.6153852064270962E-31   5.619724990543799E-32    1.9540096120599915E-32   6.790740692489102E-33    2.3588064988035275E-33   8.189508983875776E-34    2.8419683007332158E-34   9.857837152266585E-35    3.417827335561334E-35    1.1844848279520129E-35   4.103216596685968E-36    1.4208211764985095E-36   4.917889373318656E-37    1.7015573868733609E-37   5.885006200617135E-38    2.0346192974792022E-38   7.031611867158461E-39    2.4289946670700474E-39   8.379765820036477E-40    2.863924462534488E-40    8.936837541915133E-41    0
% Data
% c (mol/m^3) @ t=200, u1=0.01, u2=0.01
1                         0.910695049588524        0.8143184375356264       0.7140391059810914       0.613256172441459        0.5153179432541051       0.4232434939721767       0.3394824791230376       0.2657454641376334       0.20292742345023881      0.1511318163440791       0.10978462379394453      0.07781147178657169      0.053841332506590844     0.03640024335654925      0.024067401239686547     0.01557988455828454      0.009885923372126239     0.006156203706283825     0.003766855159435365     0.00226743108401386      0.0013442527569214042    7.857775200619002E-4     4.533612336019639E-4     2.584292837485518E-4     1.456764871998038E-4     8.127499165318284E-5     4.491441389637618E-5     2.4603158784592576E-5    1.3367868036555062E-5    7.208846376200075E-6     3.860520988099355E-6     2.054122734423676E-6     1.086456085691581E-6     5.714667756789802E-7     2.99043711337199E-7      1.5574015358104132E-7    8.074820487053287E-8     4.16930381738945E-8      2.144438661288277E-8     1.0989909964954206E-8    5.6131537638257786E-9    2.8578907022267E-9       1.4507620271431074E-9    7.344086299033298E-10    3.7080302871089863E-10   1.867582808599722E-10    9.384465691473845E-11    4.705324613602633E-11    2.354360386687309E-11    1.1757327907584539E-11   5.860600138938542E-12    2.916187728147982E-12    1.448664934437991E-12    7.185151222289166E-13    3.558387759151363E-13    1.7597526104351345E-13   8.690813533441059E-14    4.2865436460098395E-14   2.1116299991338846E-14   1.0390016994183538E-14   5.106521276770515E-15    2.5070655035756094E-15   1.2295827683138112E-15   6.024487650750544E-16    2.948969902199314E-16    1.4421984320074187E-16   7.04692734343136E-17     3.4404038342172984E-17   1.6782932512910492E-17   8.18065825936443E-18     3.984585078077645E-18    1.939385851096183E-18    9.432847331868582E-19    4.584895871534245E-19    2.2270723401139313E-19   1.0811026522546693E-19   5.2448904064846145E-20   2.543029825033008E-20    1.2323109311392186E-20   5.9683025712249015E-21   2.8890200472322296E-21   1.3977407784984053E-21   6.759053982031089E-22    3.266893158433397E-22    1.5782650388132364E-22   7.621262329138807E-23    3.6785916422817134E-23   1.7748000289582396E-23   8.55924983258356E-24     4.1261538648095504E-24   1.9883062083193057E-24   9.577522969847208E-25    4.611649675157206E-25    2.219629420133745E-25    1.0677018380436667E-25   5.128376500832674E-26    2.4488931442787802E-26   1.1373018797203786E-26   4.53350502232173E-27     0
% Data
% c (mol/m^3) @ t=300, u1=0.01, u2=0.01
1                         0.9346285450066134       0.8633366588454192       0.787630690134714        0.7092199571503717       0.6299205939740251       0.5515504765657722       0.47582443241693995      0.4042590769027219       0.33809568754152614      0.27824760234915963      0.2252759185359814       0.17939409730743497      0.14049885955861904      0.10822193402076613      0.08199521895004137      0.061121064051767544     0.04483979948421907      0.032388195829074644     0.023044838306061213     0.016160901716086078     0.011177007105527883     0.007628384448243491     0.005141344269010338     0.0034241603974635854    0.0022550875808807413    0.0014696109152013133    9.483426395188543E-4     6.063746045973556E-4     3.8442483452375757E-4    2.4179668749276678E-4    1.5098109678311045E-4    9.364475232776257E-5     5.772691603176082E-5     3.5386899379113294E-5    2.1582448576766336E-5    1.3102894187374418E-5    7.922197779690213E-6     4.7723129236056705E-6    2.865490309525014E-6     1.7156427421931601E-6    1.0246433678047192E-6    6.106404877745547E-7     3.6324813238874035E-7    2.157510885808091E-7     1.2798241509599103E-7    7.58403514245416E-8      4.490528728338294E-8     2.657209131177136E-8     1.571661839210117E-8     9.293130352860394E-9     5.4940154321145356E-9    3.2478019779864873E-9    1.9199948763863253E-9    1.1351501385360944E-9    6.712350037341782E-10    3.9699357200153495E-10   2.348520536341519E-10    1.3896877631289756E-10   8.225423406001904E-11    4.869904304831726E-11    2.8840585052258666E-11   1.70847011889006E-11     1.0123412268081441E-11   6.0000923081351326E-12   3.5570890888051775E-12   2.1092645569025407E-12   1.2510082918388198E-12   7.421219632895994E-13    4.403210799929123E-13    2.612979601046957E-13    1.550844964563667E-13    9.205774670539251E-14    5.46519927159398E-14     3.244889116658433E-14    1.926800750789157E-14    1.144226842596478E-14    6.795501709750804E-15    4.036092106987943E-15    2.3973266325149147E-15   1.4240221783702161E-15   8.459152039100461E-16    5.025217707372423E-16    2.9853731741275544E-16   1.7736014801402976E-16   1.0537202855357631E-16   6.260441105958933E-17    3.719575675768111E-17    2.2099853363922037E-17   1.3130807609206734E-17   7.801844492662622E-18    4.635557078258672E-18    2.7541734184012458E-18   1.6361463666328748E-18   9.715351515403313E-19    5.760604167873647E-19    3.3999024193226224E-19   1.9767150808052457E-19   1.0923734715974534E-19   4.937966993910051E-20    0
% Data
% c (mol/m^3) @ t=400, u1=0.01, u2=0.01
1                         0.9487491342223415       0.8925296828452047       0.8321543417438364       0.768587293648247        0.7029063400663739       0.6362576763194981       0.5698060186872352       0.5046832631987558       0.4419391021789914       0.38249700476182763      0.32711864955712366      0.2763792707159315       0.23065546733272502      0.1901259033605453       0.1547841153955246       0.12446151141748038      0.0988577554053019       0.07757522893653723      0.060154210069803773     0.046105791010534816     0.03494026503359767      0.02618959328764789      0.019423447633443062     0.014259080859906124     0.010365818409739892     0.007465271991222462     0.0053284679585125895    0.0037710132740584232    0.002647249937606814     0.0018441309478907768    0.001275330294178326     8.759039735375633E-4     5.976624701419619E-4     4.053007872707919E-4     2.732564602401245E-4     1.8322199541746242E-4    1.222178535360326E-4     8.1127919337964E-5       5.3605161712493717E-5    3.526620610279554E-5     2.3106571986118797E-5    1.5081324134303499E-5    9.807698627045996E-6     6.356370122706761E-6     4.1063022421850744E-6    2.6446750881397606E-6    1.6984331439778123E-6    1.0878014895807459E-6    6.949311891140855E-7     4.4288057582229914E-7    2.816060039977203E-7     1.7867414089586912E-7    1.1313490146092274E-7    7.149800833818786E-8     4.5102229276278794E-8    2.8402085037921942E-8    1.7856212679581663E-8    1.1208607423187473E-8    7.0254006238259296E-9    4.397232597234804E-9     2.7485677698162583E-9    1.7158527121604213E-9    1.0698582324346736E-9    6.662997142757654E-10    4.1450823739997686E-10   2.5759558409134054E-10   1.5992104632698323E-10   9.918678665500627E-11    6.1461180677193E-11      3.805079100662721E-11    2.3537375692793742E-11   1.4547852157244149E-11   8.984631797924865E-12    5.544667847501011E-12    3.4192997265386747E-12   2.1071577134914503E-12   1.2976762351838351E-12   7.986485392607737E-13    4.912189755287732E-13    3.019493984656707E-13    1.8549910994011866E-13   1.138955320990435E-13    6.989351487329517E-14    4.2868683448814475E-14   2.627990772781457E-14    1.6102560366842373E-14   9.861887630274537E-15    6.037057620495473E-15    3.693993697480269E-15    2.2593124716449316E-15   1.3812272976312233E-15   8.440134919963952E-16    5.15439579960796E-16     3.14473949128605E-16     1.9145101686433455E-16   1.1588374611661332E-16   6.895551669053805E-17    3.885467973343227E-17    1.7799322682596465E-17   0
% Data
% c (mol/m^3) @ t=500, u1=0.01, u2=0.01
1                         0.9580058658742029       0.9117827252672003       0.8618144528847728       0.8086961941345113       0.7531168769343732       0.6958368605206499       0.6376617363279528       0.5794135975603762       0.5219013208441007       0.4658915286545903       0.41208190489934593      0.361078407957819        0.31337766810876616      0.2693554860034923       0.22926189560627946      0.19322276016134363      0.1612473821244385       0.13324117850180392      0.10902214777106274      0.08833966754580286      0.07089412905582856      0.05635602927587187      0.04438337733815345      0.03463658670710453      0.026790369921237636     0.020542482670128245     0.015619442878056618     0.011779556848458626     0.008813711594690375     0.006544445675914636     0.004823803786541956     0.0035304304694939157    0.0025662832527341434    0.001853260483838783     0.0013299557072572147    9.486761585714156E-4     6.728018263538856E-4     4.7451473698588214E-4    3.3289490456602145E-4    2.3235788620346455E-4    1.6139673806791482E-4    1.1158599116640923E-4    7.680491010376545E-5     5.263999017437921E-5     3.593102532964367E-5     2.4430162901483723E-5    1.654849673335844E-5     1.1169540588870268E-5    7.513158601123937E-6     5.037129052954903E-6     3.366484888323542E-6     2.2431600191818223E-6    1.4903491132820487E-6    9.874417691258704E-7     6.524988407917394E-7     4.300702738739914E-7     2.827710384448073E-7     1.8548486481270803E-7    1.2139484811419742E-7    7.927723409905606E-8     5.166418194382671E-8     3.36014549025346E-8      2.181157489682601E-8     1.4132134665258307E-8    9.140084205203666E-9     5.901233299756327E-9     3.803756071946019E-9     2.4478549324161514E-9    1.5728470452803852E-9    1.0091102391928083E-9    6.464939622330954E-10    4.1360471248843927E-10   2.642543007148347E-10    1.6861404501534294E-10   1.074531551850252E-10    6.839370938615124E-11    4.348122207551059E-11    2.7611640780004107E-11   1.751471867239328E-11    1.1098122535162392E-11   7.02498739711895E-12     4.4422699952286605E-12   2.8063435140335435E-12   1.7711924489897197E-12   1.1168420435469396E-12   7.036073346889985E-13    4.4288659408640896E-13   2.785406453378564E-13    1.7503611973651402E-13   1.0990479947308561E-13   6.895349600817913E-14    4.3224561555087495E-14   2.7069230927952704E-14   1.692744030192374E-14    1.055547292668456E-14    6.536856566036036E-15    3.971670030857022E-15    2.2771011822054934E-15   1.0554944913832391E-15   0
% Data
% c (mol/m^3) @ t=600, u1=0.01, u2=0.01
1                         0.964632025921742        0.9256128193444944       0.8832452395790633       0.8379154705447738       0.790084283548454        0.7402751154465308       0.6890593951750655       0.6370397211624189       0.5848316331183627       0.5330448222588262       0.4822646746631109       0.43303503703969326      0.38584303070344006      0.3411066205953818       0.2991654788642069       0.26027547832985176      0.22460692512536637      0.19224640954613575      0.1632019382495151       0.13741082730177812      0.1147496992753826       0.09504584912306582      0.07808922723712379      0.0636443314686695       0.051461393995944654     0.04128637981026735      0.03286946442913645      0.025971812181905286     0.02037061806821933      0.015862494584844566     0.012265373502598544     0.009419149386710485     0.007185318581823095     0.005445869043483265     0.004101658892912624     0.0030704913682397905    0.0022850569195369138    0.0016908744913787098    0.001244327224098414     9.108552696257618E-4     6.633414151460462E-4     4.8070409853673973E-4    3.466969094618367E-4     2.489031317730691E-4     1.779074358017669E-4     1.2662356833619475E-4    8.975596403054155E-5     6.337387770060777E-5     4.457831255912016E-5     3.124423399214755E-5     2.1822977713032787E-5    1.5192157962812951E-5    1.0542614086880465E-5    7.293924794904295E-6     5.031736949930268E-6     3.461598655615302E-6     2.375172353374156E-6     1.625660406231514E-6     1.1100351860584191E-6    7.562601689375903E-7     5.141480143371221E-7     3.4885271752522746E-7    2.3625849119436543E-7    1.5972701941468454E-7    1.078125487760939E-7     7.266322591901869E-8     4.8906794653335686E-8    3.2876680915555525E-8    2.20763096952905E-8      1.4809511229174711E-8    9.926296166193301E-9     6.6484905178756115E-9    4.450469204542739E-9     2.9777865451597105E-9    1.991796004009361E-9     1.332043787721436E-9     8.90786184207644E-10     5.957563853447259E-10    3.985316887042298E-10    2.666944848287465E-10    1.785580578198579E-10    1.1962311192265216E-10   8.020017223387438E-11    5.381611253857359E-11    3.614729799325374E-11    2.4305936716800036E-11   1.6363057193526594E-11   1.1029845238532626E-11   7.444866675949954E-12    5.032035514564914E-12    3.4058190294644234E-12   2.307965746052522E-12    1.5652588116436016E-12   1.0612836588816028E-12   7.175251613508263E-13    4.806576270171362E-13    3.1391582315593447E-13   1.9110531591145335E-13   9.223491960452414E-14    0
% Data
% c (mol/m^3) @ t=700, u1=0.01, u2=0.01
1                         0.9697311662982193       0.9362770965684458       0.8998259227345212       0.8606291402919253       0.8189975973309008       0.7752953673976128       0.7299316594311932       0.6833510149070543       0.6360221313290282       0.5884257270017905       0.5410419197037382       0.49433762733097586      0.44875450863776467      0.40469794490609884      0.3625275182139741       0.3225493700639242       0.2850107284503734       0.2500967769225673       0.21792991271479806      0.18857131111714315      0.16202458959578675      0.13824125758074784      0.11712755518600983      0.0985522330710239       0.08235480960780159      0.06835386008331856      0.056354941690206835     0.04615783034062972      0.037562831816790515     0.03037602091194394      0.024413349314374003     0.019503639156472765     0.015490539865214767     0.01223356913748286      0.009608384634933522     0.007506443133370182     0.005834201224153432     0.004511999585888713     0.0034727546558255074    0.0026605602132334536    0.0020292793675858413    0.0015411865154396631    0.0011657001678346646    8.78231793575866E-4      6.59163184236499E-4      4.929552260261726E-4     3.673840638432256E-4     2.728960578750058E-4     2.0207021948003305E-4    1.491755390325139E-4     1.0981039479117743E-4    8.0611728124201E-5       5.9022619712758945E-5    4.310809824958261E-5     3.141030709729646E-5     2.2835441020594787E-5    1.6566077111264165E-5    1.199362235868166E-5     8.666566640946499E-6     6.251060237147673E-6     4.50103464524105E-6      3.2356654348219264E-6    2.3224497682151173E-6    1.6645536834791089E-6    1.191389510027377E-6     8.516250687855132E-7     6.080153251014319E-7     4.3359404924879214E-7    3.0887635313391464E-7    2.1980980193016574E-7    1.5627792688676325E-7    1.1101004140581422E-7    7.87889845888511E-8      5.587669477652305E-8     3.959861906500956E-8     2.8043647972346012E-8    1.9847874158860678E-8    1.4039037240165183E-8    9.924811397345279E-9     7.012705030981187E-9     4.95271168021127E-9      3.4963067927617735E-9    2.4671693103276763E-9    1.7403006712236414E-9    1.2271495848139672E-9    8.650263861543237E-10    6.095773831996093E-10    4.2943951769465446E-10   3.02446838980012E-10     2.1294029998516553E-10   1.4986118755865678E-10   1.0540051590343751E-10   7.404233511468373E-11    5.188560589095866E-11    3.616241494606346E-11    2.4893661338670533E-11   1.6639613511357907E-11   1.0313765767793964E-11   5.035414150052063E-12    0
% Data
% c (mol/m^3) @ t=800, u1=0.01, u2=0.01
1                         0.9737224106953498       0.9446391433315596       0.9128656570964471       0.8785664464334324       0.8419534738844614       0.8032831648063196       0.762851995578586        0.7209907642720755       0.6780576899837906       0.6344305415547099       0.5904980454154436       0.5466508630329018       0.5032724580854704       0.46073018950476036      0.4193669667343417       0.3794937864925904       0.3413834354764246       0.3052655915336322       0.2713234890325561       0.2396922361389025       0.21045878750224173      0.18366349148408476      0.15930305295780497      0.13733468698699317      0.11768119036697852      0.10023663038355243      0.0848723443497888       0.07144295844453057      0.0597921670338325       0.04975805949215207      0.04117783526274138      0.03389180415350269      0.027746622859362906     0.02259776664039467      0.01831127440779911      0.014764834886759443     0.011848300882868642     0.009463728724988492     0.007525042055997267     0.005957414991480351     0.00469646105059434      0.0036873028682217787    0.0028835849824767144    0.00224647912381721      0.0017437192686992954    0.001348692826717784     0.0010396050178740693    7.987258766417049E-4     6.117233537670615E-4     4.670815374875376E-4     3.555998874081164E-4     2.699673459971407E-4     2.0440404296379763E-4    1.5436283022648124E-4    1.1628289792193298E-4    8.738807199522379E-5     6.552295795523006E-5     4.902077775590063E-5     3.65974764317215E-5      2.7267401789529275E-5    2.027655065876641E-5     1.5050008545139458E-5    1.1150775448769692E-5    8.247665574013837E-6     6.090393957750341E-6     4.490323020524005E-6     3.3056427939109584E-6    2.430006992117412E-6     1.7838502166737304E-6    1.307776170090161E-6     9.575390312674102E-7     7.002456680430176E-7     5.114899723594272E-7     3.7319643999332775E-7    2.7200166109722614E-7    1.9804252890734E-7       1.440510810395972E-7     1.0467988383744628E-7    7.600030194565085E-8     5.5130096583671546E-8    3.995754407535836E-8     2.8937429807138907E-8    2.0940453042425597E-8    1.51422423343287E-8      1.0941691260770877E-8    7.900958288716547E-9     5.701446209550392E-9     4.111548746175557E-9     2.963048567486575E-9     2.1338659945284324E-9    1.5354620863922822E-9    1.103646941200357E-9     7.918739667175872E-10    5.663434425700951E-10    4.024160699085733E-10    2.819656471523489E-10    1.9139122346977049E-10   1.200711382439962E-10    5.907928613177324E-11    0
% Data
% c (mol/m^3) @ t=900, u1=0.01, u2=0.01
1                         0.9769096582502079       0.9513266612122745       0.9233199834475542       0.8929972222581292       0.8605042390273561       0.8260237965641551       0.789773178920431        0.752000815665135        0.712981970040753        0.6730135883469812       0.6324084446138714       0.591488748282007        0.5505794112320557       0.5100011921348031       0.47006394890727654      0.4310602325606481       0.39325944691148507      0.35690277817088456      0.3221990668014505       0.28932175258729276      0.25840697479813346      0.22955285558281407      0.20281993976111803      0.17823271168603744      0.15578206339407455      0.13542855094606665      0.1171062499861616       0.10072700838164003      0.08618489347977522      0.07336064305043355      0.062125950456749866     0.052347443428664056     0.04389024908927787      0.036621072685650374     0.030410751176813647     0.02513627330665389      0.020682283532464516     0.01694210733480838      0.013818349745304858     0.011223127640450022     0.009078000075495665     0.007313660519064113     0.0058694512485960105    0.004692754331801186     0.0037383064260718543    0.00296747682572864      0.0023475403739435415    0.0018509694741074313    0.0014547627802185476    0.001139822386932905     8.903865440704023E-4     6.935210769502458E-4     5.386697382931537E-4     4.172615513795143E-4     3.2237171254305397E-4    2.484316844413953E-4     1.9098361503390362E-4    1.4647405634610108E-4    1.1208204099648326E-4    8.557682697053363E-5     6.520098072285087E-5     4.957488738373947E-5     3.761921859877737E-5     2.8492327420386472E-5    2.15399580608297E-5      1.6255045114363948E-5    1.2245725972522542E-5    9.209999183533258E-6     6.915730633543972E-6     5.184940572171935E-6     3.881500647457666E-6     2.9015347969466856E-6    2.165954806484156E-6     1.6146742965173668E-6    1.2021373236795875E-6    8.938728917574753E-7     6.638473051463708E-7     4.924349666306906E-7     3.6486706884901163E-7    2.7004847930483816E-7    1.9965750240857332E-7    1.4746238903464524E-7    1.088034993238446E-7     8.020176042749171E-8     5.906318796264088E-8     4.3456313507828736E-8    3.194482456256224E-8     2.3461931046631394E-8    1.7216202813844474E-8    1.2621095489132347E-8    9.242269240223359E-9     6.7582409053235416E-9    4.930998072074215E-9     3.5840241406964245E-9    2.5857969395330536E-9    1.8372756023866207E-9    1.2622140779183685E-9    7.993569424018921E-10    3.956963350080026E-10    0
% Data
% c (mol/m^3) @ t=1000, u1=0.01, u2=0.01
1                         0.9795140864191992       0.9567975657832207       0.9318887744722666       0.9048569358494037       0.8758023946459564       0.8448561334494606       0.81217854412218         0.7779574497642703       0.7424053976309276       0.7057562693521785       0.6682612808507833       0.630184469333149        0.5917977873777671       0.553375943183629        0.5151911402482893       0.47750787805615574      0.4405779769521421       0.40463598476387175      0.3698951098249873       0.33654380519262456      0.30474310284947886      0.27462476577630035      0.24629029159376772      0.21981076590778112      0.19522752861004963      0.1725535842481567       0.15177566007822815      0.1328567941042344       0.11573932136716472      0.10034812047639623      0.08659398376766982      0.07437698284614194      0.06358971547050668      0.054120338262501705     0.04585531092598884      0.038681799873174876     0.03248971087222523      0.02717334029862048      0.022632651865207028     0.01877419974382524      0.015511729527873956     0.012766495561704675     0.010467337047386959     0.00855055645775259      0.00695964265252192      0.005644878258385463     0.004562866864068352     0.003676010876542461     0.0029519658912228342    0.0023630924714481603    0.0018859215519071324    0.0015006454406460172    0.001190642691162284     9.420419908338942E-4     7.433276628778634E-4     5.849873738554653E-4     4.592011251053203E-4     3.5956952087816163E-4    2.808785806390485E-4     2.1889793118507912E-4    1.7020901353024146E-4    1.3205991416868066E-4    1.022435322700409E-4     7.899598348656942E-5     6.091238495357461E-5     4.687743937901253E-5     3.600851967436306E-5     2.7609235466979078E-5    2.113172947127737E-5     1.614619895563743E-5     1.231636197223282E-5     9.379788170146886E-6     7.132189882814902E-6     5.4149217530342795E-6    4.105068048718672E-6     3.107608006240717E-6     2.349243149986103E-6     1.7735487260901916E-6    1.3371762227300118E-6    1.0068873529807177E-6    7.572435955349886E-7     5.688109772604235E-7     4.267685994405657E-7     3.198326303493033E-7     2.3942611170512835E-7    1.790398006654766E-7     1.33741099209886E-7      9.9797495342975E-8       7.438833816472034E-8     5.538458596010451E-8     4.118072317240281E-8     3.0566596329543874E-8    2.2629676675874416E-8    1.6680381110317475E-8    1.219469935999976E-8     8.769579331255129E-9     6.0873819506160505E-9    3.886273433026309E-9     1.9336925670592326E-9    0
% Data
% c (mol/m^3) @ t=1100, u1=0.01, u2=0.01
1                         0.9816844751758442       0.9613607236000001       0.9390462787881602       0.914783685668948        0.8886410241647442       0.8607119092773615       0.8311149384657343       0.7999925721020148       0.7675094494173966       0.7338501600753894       0.6992165097047158       0.6638243356654343       0.6278999462317536       0.5916762714547595       0.5553888264420251       0.5192715969510315       0.48355296244474755      0.4484517726611449       0.4141736900562368       0.38090790216558046      0.34882429520509395      0.3180711635583213       0.28877350987299616      0.26103196822890296      0.23492235932793126      0.21049586309359503      0.1877797716833819       0.16677876589187565      0.14747664129008858      0.1298383980131244       0.11381260038641001      0.09933390974967307      0.08632569573825025      0.07470263744286151      0.06437323556789351      0.05524216904589233      0.047212443558140665     0.040187294076267574     0.03407181797638704      0.02877432872370434      0.02420743199818872      0.020288836040932182     0.016941915746317062     0.014096055577650897     0.011686799854359258     0.009655840562715248     0.007950872863136204     0.006525347223217381     0.005338144920138527     0.004353200834877256     0.0035390942766943875    0.0028686252598753683    0.0023183903892295588    0.0018683694333779192    0.0015015308693065328    0.001203462224248568     9.620289466891309E-4     7.670638077174084E-4     6.100874496393295E-4     4.840596310837012E-4     3.8315992989429676E-4    3.0259611671573086E-4    2.3843806290580168E-4    1.8747485770396398E-4    1.4709274625605376E-4    1.1517153110065983E-4    8.999717853066306E-5     7.018851582538048E-5     5.463607793192126E-5     4.2451348843790684E-5    3.2924833141970126E-5    2.549157925712066E-5     1.970295267629595E-5     1.5203621149304917E-5    1.1712863028058517E-5    9.009443399245527E-6     6.919420668669996E-6     5.306349318480973E-6     4.063433654444434E-6     3.1072636784088095E-6    2.3728290558238548E-6    1.8095618157996597E-6    1.378204200951246E-6     1.0483361798171723E-6    7.964286508713972E-7     6.043142985043482E-7     4.5798928835720835E-7    3.466762809274157E-7     2.6209326160706556E-7    1.9788399787684603E-7    1.4917501738683091E-7    1.122312519724321E-7     8.418823951790561E-8     6.284328216945506E-8     4.649143284240518E-8     3.3794776318711175E-8    2.367528885848817E-8     1.5222649840951642E-8    7.608729071823012E-9     0
% Data
% c (mol/m^3) @ t=1200, u1=0.01, u2=0.01
1                         0.9835219043542308       0.9652265114990762       0.945116910371255        0.9232166502071161       0.8995703991312294       0.8742442150364998       0.8473254012888293       0.8189219298627683       0.789161425832711        0.7581897193877879       0.72616898432094         0.693275494821333        0.659697044892572        0.6256300863255696       0.5912766513751161       0.556841134649547        0.522527014799419        0.4885336000327812       0.4550528820354666       0.42226658039336434      0.3903434540887681       0.3594369482048711       0.3296832328971393       0.30119967839557393      0.27408379483498313      0.2484126497251559       0.22424275959740217      0.20161043655964772      0.1805325559064059       0.1610076982455755       0.143017609391805        0.12652891395315508      0.11149501433802629      0.09785810587000235      0.0855512406633342       0.07450037755238363      0.06462636221752852      0.05584679014734405      0.048077714617427596     0.04123517184877672      0.0352365053779706       0.030001480951607568     0.025453191573932457     0.02151875942667474      0.018129847093020873     0.015222994805681934     0.012739803342535773     0.010626983821837558     0.008836296160940648     0.00732439754557062      0.0060526211103692       0.004986703352244161     0.004096476768642292     0.003355541994257166     0.0027409314369778903    0.0022327741945420087    0.0018139699477251595    0.001469877629303742     0.0011880229938614419    9.57827776887276E-4      7.703619331439137E-4     6.181194737274139E-4     4.948176607984994E-4     3.9521874614174097E-4    3.149730296376057E-4     2.504817410135603E-4     1.9877808829539675E-4    1.574247463864734E-4     1.2442605867749916E-4    9.815327568656754E-5     7.728124231842965E-5     6.073505692081263E-5     4.7645350861976864E-5    3.7310969014496885E-5    2.9167963376780124E-5    2.2763939789842547E-5    1.7736918346227616E-5    1.3797979753664922E-5    1.0717071567167158E-5    8.311439442899486E-6     6.436229472091977E-6     4.9768786335284575E-6    3.842972089214187E-6     2.963299202205906E-6     2.281885605324161E-6     1.7548172361802744E-6    1.3477047981644947E-6    1.033664383880586E-6     7.917127211456366E-7     6.054943162837613E-7     4.622732447625813E-7     3.52134968997065E-7      2.6735376505376406E-7    2.0188945569080092E-7    1.5098344118771664E-7    1.1082867544102695E-7    7.829134775629248E-8     5.066359259575303E-8     2.5426425851892093E-8    0
% Data
% c (mol/m^3) @ t=0, u1=0.01, u2=0.03
1                         -4.52284577296406E-8     2.1593471701523133E-15   2.4290496195567383E-20   3.2340292311947445E-26   3.296041953163354E-32    3.0016600099896497E-38   2.568143168585249E-44    2.1115894652293638E-50   1.6890005337407388E-56   1.323917601468062E-62    1.0217940586561674E-68   7.79019512281781E-75     5.8806451628053925E-81   4.402910824473004E-87    3.2738666708957497E-93   2.4200833644693874E-99   1.7799128735064734E-105  1.303314895645914E-111   9.506353164339782E-118   6.933145290912618E-124   5.6311373136917095E-130  4.5610529600787E-136     3.6851381601130055E-142  2.9707243711094762E-148  2.389889327618164E-154   1.9190041527489252E-160  1.5382372052944483E-166  1.2310586407399312E-172  9.83771695619201E-179    7.850846814941897E-185   6.257298112713638E-191   4.9812999811001834E-197  3.9611175563388957E-203  3.1466064381627775E-209  2.4971489606113855E-215  1.9799261562322792E-221  1.5684802781883669E-227  1.2415257230428164E-233  9.8197019890755E-240     7.761123793696925E-246   6.129866792592631E-252   4.838299505664522E-258   3.816486998759184E-264   3.0086881711180237E-270  2.370527683659897E-276   1.8667175927995063E-282  1.469225511822375E-288   1.155804485433314E-294   9.08815141988206E-301    7.142834824387854E-307   5.6114840168E-313        4.56867E-319             0                        0                        0                        0                        0                        0                        0                        0                        0                        0                        0                        0                        0                        0                        0                        0                        0                        0                        0                        0                        0                        0                        0                        0                        0                        0                        0                        0                        0                        0                        0                        0                        0                        0                        0                        0                        0                        0                        0                        0                        0                        0                        0                        0                        0                        0                        0                        0
% Data
% c (mol/m^3) @ t=100, u1=0.01, u2=0.03
1                         0.8551207359120244       0.7035370973406754       0.5550797663659288       0.41872944042838167      0.3012452826775601       0.2063061549567003       0.1343708808305376       0.08324607885175954      0.04911660930071815      0.02766012485879302      0.014910901071335822     0.007720170748583958     0.0038525627202489424    0.0018594817557649923    8.709829879250088E-4     3.9716163069954493E-4    1.768311543801337E-4     7.713538903077419E-5     3.3214635129008154E-5    1.462394755504868E-5     6.696869855685154E-6     3.0262904099849604E-6    1.3513294587399367E-6    5.969480889977102E-7     2.61149608009303E-7      1.1324514548833594E-7    4.871701165164099E-8     2.08058371402153E-8      8.826941947122881E-9     3.722217047677412E-9     1.5609105869333988E-9    6.51229380192145E-10     2.7042287510045475E-10   1.1180518038411787E-10   4.603933477219751E-11    1.888731571760762E-11    7.721445599828106E-12    3.1464174341383767E-12   1.2782504118326478E-12   5.178230967729301E-13    2.0921325574524528E-13   8.431580387472269E-14    3.3900373984241066E-14   1.3599848544633722E-14   5.44441606254126E-15     2.1752314545460955E-15   8.674451013588539E-16    3.453049678597249E-16    1.3722295529352772E-16   5.444397134286826E-17    2.156777342909805E-17    8.531480065450614E-18    3.370046850796712E-18    1.329434629637609E-18    5.237725764562704E-19    2.0610420566892894E-19   8.10067865567629E-20     3.180293251698384E-20    1.2472216709573246E-20   4.886177004277172E-21    1.9123223106194042E-21   7.4771421049516E-22      2.9208429668961265E-22   1.139969820003355E-22    4.445338383176111E-23    1.7320309572901464E-23   6.743077885141195E-24    2.6231560040642886E-24   1.0196816606056924E-24   3.960866630038169E-25    1.5374854493393222E-25   5.963985447486271E-26    2.31193719092309E-26     8.956495043462977E-27    3.467616498124625E-27    1.3417230468049644E-27   5.1884917766152285E-28   2.0052710058387903E-28   7.745788743596081E-29    2.990373965049261E-29    1.1538756576298494E-29   4.450125753808242E-30    1.71542281486117E-30     6.609389313860987E-31    2.5453537344437355E-31   9.797985970395783E-32    3.7699217161828996E-32   1.449904870744761E-32    5.573948739839571E-33    2.1419393667938988E-33   8.227661369454193E-34    3.1591832146517634E-34   1.21256865477743E-34     4.652372141304252E-35    1.7843462395675956E-35   6.840502126513332E-36    2.619127814549992E-36    9.93822295415674E-37     3.449199507678374E-37    0
% Data
% c (mol/m^3) @ t=200, u1=0.01, u2=0.03
1                         0.9106950497198399       0.8143184378900553       0.7140391067888666       0.6132561742159792       0.5153179471078948       0.42324350229086716      0.33948249698830574      0.2657455023083952       0.20292750456192193      0.15113198769783603      0.10978498351532895      0.0778122218316672       0.05384288497948316      0.036403431391660274     0.024073892217231455     0.015592979032455115     0.009912077274359664     0.006207882314764795     0.003867790231997309     0.0024621183681414614    0.0016014125144226238    0.0010279549851317069    6.518032947610426E-4     4.086078155717553E-4     2.534542382443101E-4     1.5567838286416992E-4    9.475535392867192E-5     5.718929765225511E-5     3.4247503773512915E-5    2.0360737750602323E-5    1.2023657158251457E-5    7.056156002421269E-6     4.1170060025199614E-6    2.389209265838244E-6     1.379588165083202E-6     7.928978627139625E-7     4.5372769220154436E-7    2.585890421505335E-7     1.4681756887067507E-7    8.306267752699526E-8     4.683733171590789E-8     2.6328564937093435E-8    1.4756875207929113E-8    8.248417178773638E-9     4.5986111930081505E-9    2.55757307077544E-9      1.4191723804845062E-9    7.857853226791047E-10    4.341962943603941E-10    2.3945821323190685E-10   1.3181939336274682E-10   7.243962197826088E-11    3.974282935092419E-11    2.1770224638265747E-11   1.1907535912558151E-11   6.503795061028454E-12    3.5475358318985535E-12   1.932541684369462E-12    1.0514738682615557E-12   5.71425242599409E-13     3.101944264097814E-13    1.682066373314202E-13    9.111848936060277E-14    4.931086720380239E-14    2.666053968382824E-14    1.4401303900356025E-14   7.772428929273233E-15    4.191296530236742E-15    2.2583461683281556E-15   1.2158953555654815E-15   6.541507052026701E-16    3.5167951542619E-16      1.8893615980656038E-16   1.0143606438143414E-16   5.442381783456074E-17    2.918195881976953E-17    1.5637875426579163E-17   8.375052646413284E-18    4.48282758602849E-18     2.3981648932509962E-18   1.2822597860309483E-18   6.852516665662788E-19    3.660227478573409E-19    1.9541434998070193E-19   1.0428010082027204E-19   5.562230667380315E-20    2.9655469611633275E-20   1.580426593535831E-20    8.419044206912086E-21    4.4830665180898894E-21   2.3862514835218396E-21   1.2696673416116264E-21   6.753020705765574E-22    3.5903024924341645E-22   1.907758403247132E-22    1.0123461135958712E-22   5.342968583244318E-23    2.746274217699553E-23    1.2158504399003267E-23   0
% Data
% c (mol/m^3) @ t=300, u1=0.01, u2=0.03
1                         0.9346285641636606       0.8633367061781204       0.787630785469879        0.7092201390251933       0.6299209345094133       0.5515511086804767       0.4758255989241875       0.4042612181951742       0.338099596744673        0.27825469723982277      0.22528871324351718      0.17941701156593637      0.14053959049580889      0.1082937514848573       0.08212075250963974      0.06133845691864721      0.04521254636779966      0.033020595469063455     0.02410581031260229      0.017919958610980488     0.01349744087731314      0.010046827907554484     0.007394037872351932     0.005383141292138279     0.0038790664069677126    0.0027682020094501277    0.0019574556752404186    0.001372316127321558     9.543921190053049E-4     6.587923538402185E-4     4.515987793902696E-4     3.075861874009799E-4     2.082625674207115E-4     1.402487158921422E-4     9.397987653385825E-5     6.269253734601294E-5     4.1651430098211845E-5    2.7571241442481646E-5    1.8191362973224955E-5    1.1967890566175313E-5    7.853531125477845E-6     5.142204300108675E-6     3.360493517918173E-6     2.192546755714286E-6     1.4285640539966286E-6    9.297345091778868E-7     6.045334397512278E-7     3.9279706093830747E-7    2.5508086660673197E-7    1.6558297672088303E-7    1.0745820273667645E-7    6.972675698228655E-8     4.52415807342066E-8      2.935552901770077E-8     1.9049558328823722E-8    1.2363629567299858E-8    8.025851926925147E-9     5.211152628623598E-9     3.3844127691852747E-9    2.1985972043673777E-9    1.4286434056210961E-9    9.285780395470219E-10    6.037094399601789E-10    3.925993087431021E-10    2.5537530460129825E-10   1.6615406193466638E-10   1.0812845291487228E-10   7.038171374728995E-11    4.582095715744448E-11    2.983640836368187E-11    1.9431246418587905E-11   1.2656695738921032E-11   8.245170843420505E-12    5.371962655306502E-12    3.50037858255218E-12     2.281081541533484E-12    1.4866398739429663E-12   9.689596616308813E-13    6.315921277923611E-13    4.1171367510916287E-13   2.683973744599726E-13    1.7497771712098307E-13   1.1407911909665906E-13   7.437829007340886E-14    4.849542564942713E-14    3.162045218728838E-14    2.0617995656910255E-14   1.3444181355334035E-14   8.766581972816346E-15    5.716526823963467E-15    3.727659686286084E-15    2.4307012603789203E-15   1.5848368761292533E-15   1.0329634413937696E-15   6.724605257710244E-16    4.360197773228571E-16    2.788978599966831E-16    1.7006707316917873E-16   8.527759849590312E-17    0
% Data
% c (mol/m^3) @ t=400, u1=0.01, u2=0.03
1                         0.9487495093180225       0.8925305677567429       0.8321560063053988       0.7685902177800563       0.7029113409137827       0.6362661175750705       0.5698201494964681       0.5047067602789          0.44197792787725704      0.38256075119432004      0.32722262184640705      0.27654767967003957      0.23092626440761488      0.19055801032867078      0.15546808963637335      0.1255350546848766       0.10052792315541488      0.08014972238187776      0.06408471183845726      0.05204689400748909      0.04266368967725178      0.03464929201896832      0.027886159030129316     0.02224554237458403      0.017594280215084267     0.013800611562627421     0.010738778560493331     0.00829234821677915      0.006356316710837583     0.004838149412578219     0.0036579588029214787    0.0027480369482320707    0.002051948178304846     0.0015233606085063999    0.0011247603907114025    8.26156378653771E-4      6.038494562538554E-4     4.3931244480848044E-4    3.1820417386960295E-4    2.2952487730790467E-4    1.6490887963362848E-4    1.1804361515865289E-4    8.42003672322702E-5      5.986079906529787E-5     4.242359046747867E-5     2.9976682716321386E-5    2.112231391726586E-5     1.4843885454302419E-5    1.040553346867363E-5     7.276968508370454E-6     5.077631935454703E-6     3.535479668539196E-6     2.4567475704453637E-6    1.7038974637420107E-6    1.1796141048480115E-6    8.152489273025743E-7     5.625122766230986E-7     3.875258170876928E-7     2.6658108429363843E-7    1.8312566368156783E-7    1.256288850645088E-7     8.607512023394043E-8     5.8903263770907154E-8    4.026232528990881E-8     2.7490259649650047E-8    1.8749974510600607E-8    1.2775692664489869E-8    8.696591256789915E-9     5.9144215514112905E-9    4.0187487809863475E-9    2.728353212353029E-9     1.850786684039593E-9     1.2545044987793215E-9    8.496917978595668E-10    5.75090912629694E-10     3.8896390993175193E-10   2.6290027505573205E-10   1.7757929073521334E-10   1.1987350145396891E-10   8.087107110557407E-11    5.4526971122974875E-11   3.6743990085202146E-11   2.4747206254235048E-11   1.6658608406260964E-11   1.1208082456821929E-11   7.53721644974194E-12     5.066223943320293E-12    3.403750770985377E-12    2.285792233013764E-12    1.5343548820742673E-12   1.029499507282503E-12    6.904452034239653E-13    4.628032365888476E-13    3.0995169875698753E-13   2.0719888776103963E-13   1.378096868445713E-13    9.024617290058868E-14    5.6135920397463456E-14   2.8537774231923996E-14   0
% Data
% c (mol/m^3) @ t=500, u1=0.01, u2=0.03
1                         0.9580082463917617       0.9117882001678206       0.8618243609915305       0.8087127847860152       0.7531437612056462       0.6958797043213365       0.6377293061616855       0.5795193172420562       0.5220655617890256       0.4661449418858342       0.41247021438394044      0.3616692268392745       0.31427007552192543      0.2706933141551008       0.2312519230654961       0.19615928124019053      0.16554491054133724      0.1394773246448623       0.11799295196449452      0.10112983661553078      0.0872643694098575       0.07473403634089529      0.0635225415377371       0.05358995235021724      0.04487619064719441      0.037305110630642166     0.0307888335844927       0.025232034857943817     0.020535929513306784     0.016601769576982697     0.01333373702277814      0.01064118360209342      0.008440225214390806     0.006654741346568392     0.005216858390748038     0.0040670104659050925    0.003153674996527141     0.002432875552850898     0.0018675341687635898    0.0014267420459492873    0.0010850032491802996    8.214921669938419E-4     6.193531013211519E-4     4.650598654650263E-4     3.478448807320202E-4     2.5920090116927463E-4    1.924539510004388E-4     1.424030446585943E-4     1.050204677072051E-4     7.720553485671933E-5     5.658454890660596E-5     4.134994503682271E-5     3.0132146576828822E-5    2.1898351262721837E-5    1.587321755887693E-5     1.1477165311383416E-5    8.278703701789598E-6     5.9578296151095115E-6    4.278091099819607E-6     3.0653820536728647E-6    2.191929475823487E-6     1.5642605231339928E-6    1.11420159067662E-6      7.921744564922773E-7     5.622236103060919E-7     3.98341919059592E-7      2.817655442184685E-7     1.989893195560466E-7     1.4031548466963199E-7    9.879574829894782E-8     6.946236743562187E-8     4.877086542230285E-8     3.419722472637485E-8     2.3947482926162782E-8    1.674887928245963E-8     1.1700003038895898E-8    8.163516243147393E-9     5.689519925808888E-9     3.96092293426991E-9      2.7545728394607715E-9    1.9136535088329106E-9    1.3281191060358328E-9    9.208488683853772E-10    6.378663965718005E-10    4.414413667318621E-10    3.052317357010905E-10    2.108679671739706E-10    1.455546661386832E-10    1.0038890424707987E-10   6.9182628303592E-11      4.7639078261183055E-11   3.2777431209706556E-11   2.2531179125771423E-11   1.5467772890709046E-11   1.0592448456135186E-11   7.209684530103113E-12    4.822537894588826E-12    3.053622689837213E-12    1.5713918781351511E-12   0
% Data
% c (mol/m^3) @ t=600, u1=0.01, u2=0.03
1                         0.9646386640564043       0.9256282812311277       0.8832736388595297       0.8379635552299937       0.7901624719179022       0.7403989889229877       0.6892518226172605       0.6373338488249195       0.5852750491279687       0.5337052955451064       0.4832379768811544       0.434455482025662        0.387897507610558        0.3440530499708786       0.3033567785316775       0.2661902775750027       0.2328883970991089       0.203750684936173        0.17905759664661283      0.15909091228854724      0.14208822020488482      0.12613520295696073      0.11128711322049355      0.09757948115755806      0.08502796186961867      0.07362898686864401      0.06336113944482002      0.05418712860620032      0.046056205651173084     0.03890685315401847      0.03266957770410232      0.027269652812302873     0.022629683451359094     0.01867189468855181      0.015320079874618385     0.01250117553032278      0.01014645793594048      0.008192378937564568     0.006581074981540004     0.005260593948620198     0.004184889585225666     0.0033136341446946367    0.002611897319163808     0.0020497347196037925    0.0016017229994929297    0.0012464720062373962    9.66137688427162E-4      7.45953309356997E-4      5.737910791837313E-4     4.39761747955959E-4      3.358560266005936E-4     2.5562887887668566E-4    1.9392566583537553E-4    1.466477137226866E-4     1.1055399754793965E-4    8.309517060031869E-5     6.227602074596168E-5     4.654250761558146E-5     3.4689756835099053E-5    2.5787699726776767E-5    1.912140492785609E-5     1.4143519773865455E-5    1.0436601728788444E-5    7.68345922720203E-6      5.6439287239756096E-6    4.13678669804313E-6      3.025731142891216E-6     2.2085680971111825E-6    1.6089076979022847E-6    1.1698144304081738E-6    8.489713019559687E-7     6.150111671675297E-7     4.447437309274063E-7     3.2106691151462415E-7    2.3139894601408498E-7    1.6650518534881476E-7    1.196229234509916E-7     8.5810475357348E-8       6.146441422619683E-8     4.396249839728467E-8     3.1400254327187114E-8    2.2397138834882802E-8    1.595424678266269E-8     1.1350100428925447E-8    8.064499906772987E-9     5.722999089798103E-9     4.056504834669131E-9     2.8719394913895025E-9    2.030978356428904E-9     1.434667982720893E-9     1.012318024975917E-9     7.13491346934697E-10     5.022338870064435E-10    3.5291637644074963E-10   2.472252938271116E-10    1.71954215620657E-10     1.1731574060248427E-10   7.551643470175634E-11    3.9297248703921024E-11   0
% Data
% c (mol/m^3) @ t=700, u1=0.01, u2=0.03
1                         0.9696660141723871       0.9361470761945321       0.8996404030336356       0.8604083298552626       0.8187744337180399       0.7751176698338875       0.7298647573303059       0.6834811619351181       0.6364611224869661       0.5893172501212357       0.5425702874076531       0.49673964458485137      0.45233532761476525      0.4098518359321812       0.3697645361701537       0.33252891339580265      0.29858296699459697      0.2683528595677613       0.24226175084704224      0.22074156262405978      0.20197463126224469      0.18390679074405275      0.16662389932851526      0.15020068036004394      0.1346990441074214       0.12016685425211085      0.10663719262089462      0.09412814528514289      0.08264310154942235      0.07217152755196377      0.06269015079690192      0.05416447288854334      0.0465505161627356       0.039796706048071326     0.033845794276262366     0.028636737308246053     0.02410645796848986      0.02019143454872967      0.016829078877126667     0.01395888159401158      0.011523317998598966     0.009468520565475145     0.007744734166417065     0.006306577077206295     0.0051131351537534115    0.004127918454355151     0.003318709494892692     0.002657330720764529     0.0021193561236600295    0.001683788639463796     0.0013327213875063688    0.0010509972289893526    8.258777374860341E-4     6.467296225596127E-4     5.047340059699625E-4     3.9262174897764765E-4    3.044362639802586E-4     2.3532388474087126E-4    1.8135087220074808E-4    1.3934544500798063E-4    1.0676279112021576E-4    8.157078684252264E-5     6.215407474567933E-5     4.723419045132435E-5     3.5803545294888E-5       2.7071239017273346E-5    2.0418871673584092E-5    1.5364730115849036E-5    1.1534929585298589E-5    8.640286835636562E-6     6.457882535485553E-6     4.816434533177838E-6     3.584748707321003E-6     2.6626405973132983E-6    1.9738296601291214E-6    1.4604001968442944E-6    1.0785003753663823E-6    7.950150919990394E-7     5.850013991192008E-7     4.2971852512903267E-7    3.151196356449844E-7     2.3070078155752354E-7    1.6862513282915499E-7    1.2305862548442204E-7    8.966741830084601E-8     6.523879081387874E-8     4.739591735333987E-8     3.438381747021747E-8     2.4909113963834716E-8    1.8020350864391555E-8    1.3018795288534916E-8    9.392074951075067E-9     6.764847473181554E-9     4.86207885471702E-9      3.4815093932405635E-9    2.4725477724841515E-9    1.7191456604935273E-9    1.1240682177157233E-9    5.911419466274697E-10    0
% Data
% c (mol/m^3) @ t=800, u1=0.01, u2=0.03
1                         0.9736302830091903       0.9444564095293423       0.9126080636698864       0.878266719051982        0.841664246858168        0.8030802128422825       0.7628379817032718       0.7212998164099887       0.6788612243820185       0.6359448579515697       0.5929943194831371       0.550468248519632        0.5088350765552855       0.46856882248922715      0.4301462674160371       0.39404579114881333      0.3607480758593868       0.3307387866999049       0.3045132285486582       0.2825828563564483       0.2631366815792173       0.24407140123928434      0.2254761155460186       0.20743596613125223      0.1900303623253416       0.17333133077116733      0.15740205692656672      0.14229567898959727      0.12805438268069771      0.11470882998792056      0.10227793760694003      0.09076900275988463      0.08017815676491237      0.07049111143884507      0.06168415118041454      0.05372531508803213      0.04657570901318999      0.04019088696170722      0.034522244328813394     0.029518371446672815     0.025126324043862076     0.021292776624148625     0.01796503465885414      0.015091891144145683     0.012624321934462777     0.010516021920700648     0.008723790334336757     0.007207778132509796     0.005931613584238748     0.0048624239588879485    0.003970771802549466     0.0032305238990329955    0.0026186698829429944    0.002115105827641914     0.0017023961734603241    0.0013655252637276584    0.0010916476563864008    8.698443811250359E-4     6.908904881305213E-4     5.470376286919867E-4     4.3181404073460437E-4    3.3984318650637186E-4    2.66681394328359E-4      2.0867417179564078E-4    1.6283035898506155E-4    1.2671294958212955E-4    9.834519769087424E-5     7.613052213328013E-5     5.878469438337347E-5     4.52788299984846E-5      3.479177879191905E-5     2.667061149446633E-5     2.039801870452543E-5     1.5565562619931706E-5    1.185184677568738E-5     9.004789109330661E-6     6.827296039198848E-6     5.165738009750635E-6     3.9007192197642195E-6    2.939715790217339E-6     2.211227729252095E-6     1.6601513207017886E-6    1.2441308088901165E-6    9.306923868597757E-7     6.950004600606234E-7     5.181068762794039E-7     3.855891567851861E-7     2.8649453261837195E-7    2.1252349969524177E-7    1.5740028482164273E-7    1.1638860002514826E-7    8.591980207734476E-8     6.330741896818908E-8     4.652719592898241E-8     3.404544506435902E-8     2.468042903805078E-8     1.7481274307375178E-8    1.1605332213131173E-8    6.16559347117175E-9      0
% Data
% c (mol/m^3) @ t=900, u1=0.01, u2=0.03
1                         0.9768788915245424       0.9512746283003491       0.9232720475430582       0.8929979538168629       0.8606211933026523       0.8263518678033198       0.7904397409278381       0.7531719317265311       0.7148700319704547       0.6758868199032926       0.6366027732766506       0.5974226055706284       0.5587720595185156       0.5210951897934976       0.48485235086369016      0.45051907605447333      0.41858598990951484      0.3895598388555984       0.36396565651242696      0.34235000200673144      0.32294977783918494      0.30367679572922024      0.28461109557802655      0.26583335743532555      0.24742349859212617      0.22945922113803827      0.2120145599161551       0.1951584837336176       0.1789536026112674       0.1634550305889229       0.14870944723672044      0.13475439194180006      0.1216178138852228       0.10931788822755788      0.09786309631158632      0.08725255559158647      0.07747657433619104      0.06851739757594755      0.060350104703218464     0.05294361576385759      0.04626176275767161      0.040264383939780025     0.034908402790007356     0.030148858501988247     0.025939861010753372     0.022235450213313867     0.01899034567961434      0.016160579418800253     0.013704009869264363     0.011580720028552318     0.009753306430439758     0.008187068490366415     0.006850109619868376     0.005713362545536292     0.004750551578492581     0.003938104301976837     0.003255024415925997     0.0026827364304993643    0.0022049116542267773    0.0018072835785373441    0.001477459401503886     0.0012047331232408756    9.799044291180024E-4     7.95106484484579E-4      6.436448121960634E-4     5.198486173452342E-4     4.1893525944073604E-4    3.368880421643426E-4     2.703470822361924E-4     2.165127171122424E-4     1.7306070067703506E-4    1.3806830138321638E-4    1.0995034389658653E-4    8.740421002091068E-5     6.936282586290884E-5     5.495469988903048E-5     4.347013241122446E-5     3.4332784368193635E-5    2.7075866705581128E-5    2.1322287110317143E-5    1.6768165290225516E-5    1.316919926348031E-5     1.0329431804808278E-5    8.092027424900763E-6     6.331725610024885E-6     4.948685415828514E-6     3.86348001384283E-6      3.01303769545476E-6      2.3473584806113845E-6    1.8268631906700582E-6    1.4202548777906033E-6    1.1027909149809735E-6    8.548775311954181E-7     6.609061476900824E-7     5.082503604256807E-7     3.8632948889208175E-7    2.85611053785629E-7      1.9635509272374662E-7    1.0676985546217831E-7    0
% Data
% c (mol/m^3) @ t=1000, u1=0.01, u2=0.03
1                         0.9795700915697111       0.9569297492431161       0.9321346503237498       0.9052751857884447       0.8764773448869657       0.845903033285685        0.8137498423446228       0.7802503134922976       0.7456707674091458       0.7103097914019382       0.6744964984601962       0.6385886865715097       0.602971035581704        0.5680534800479953       0.5342698892398392       0.5020771691172026       0.471954875578331        0.4444053937811852       0.4199546956422074       0.39915363792735453      0.3803162648571955       0.3614170805990433       0.3425214323937292       0.3236977499562036       0.30501663262911066      0.28654982397238604      0.2683690997834417       0.2505451012648529       0.23314614947574624      0.21623707991094135      0.19987813675276953      0.1841239648896137       0.16902273422063258      0.1546154252709883       0.14093529808638242      0.1280075582413667       0.11584922513739426      0.10446919915766431      0.09386851622660654      0.08404077135351137      0.07497268717132617      0.06664479953097015      0.059032229961546424     0.0521055142143839       0.04583145702408409      0.040173985412188515     0.035094976046647        0.030555036047988263     0.0265142208988359       0.02293267748879797      0.019771204572338334     0.01699172684176793      0.014557682281712628     0.012434325387191802     0.010588951153394779     0.008991046479925973     0.007612376806088225     0.006427016460388559     0.005411331435744613     0.0045439231685686495    0.003805541483492178     0.0031789742414214004    0.0026489204658540757    0.0022018528812096185    0.0018258749277288453    0.0015105764605369296    0.0012468915261950734    0.0010269608600029661    8.440010751329377E-4     6.921819274880405E-4     5.665125398150002E-4     4.627370528648401E-4     3.7723983515879387E-4    3.069601191251331E-4     2.4931573183976734E-4    2.0213544467484137E-4    1.6359936920945143E-4    1.321867685526682E-4     1.066306261779368E-4     8.587831166383804E-5     6.905769843155886E-5     5.544811758611165E-5     4.445557006507579E-5     3.55916630075136E-5      2.84557827975727E-5      2.272006442193569E-5     1.81167628934317E-5      1.4427676165916218E-5    1.1475309014194485E-5    9.115502562223277E-6     7.231282944834865E-6     5.727702544589453E-6     4.527454175768394E-6     3.567025056278045E-6     2.793110061942955E-6     2.1588986121667844E-6    1.6196436138707542E-6    1.126537378618745E-6     6.172213468272975E-7     0
% Data
% c (mol/m^3) @ t=1100, u1=0.01, u2=0.03
1                         0.9818361684744147       0.9616963547288098       0.9396173533598594       0.9156652201410668       0.889936570746652        0.8625595034458857       0.833694145660165        0.803532840455874        0.7723000050801735       0.7402517086387642       0.7076750290232341       0.674887259276821        0.6422350398418787       0.6100934947557946       0.5788654461967618       0.548980772364953        0.5208959582980043       0.49509386792170407      0.4720837387949417       0.45240136931418834      0.4344561443629149       0.41631688266729994      0.3980332266921577       0.3796588522670173       0.36125098273146583      0.3428697879097545       0.3245776761651102       0.306438492675927        0.28851664177552205      0.2708761554014564       0.25357973311325266      0.2366877814961139       0.22025748186975214      0.20434191494370443      0.1889892693770299       0.17424215818538008      0.16013706276226292      0.14670391919547296      0.13396585587495646      0.1219390854476957       0.11063294832452979      0.10005009950481338      0.0901868257314708       0.08103347613068979      0.0725749866621156       0.06479147696499783      0.05765889751871207      0.05114970536485185      0.045233547835377905     0.03987793563545462      0.03504888906010796      0.03071154389593866      0.0268307064962224       0.023371350461127486     0.02029905017043572      0.01758034899850587      0.015183062314372886     0.013076517286604195     0.011231733051600717     0.009621545966421695     0.00822068547173274      0.007005806569188009     0.005955485111387692     0.005050182057329524     0.004272182609349829     0.0036055157650908996    0.0030358593329820045    0.0025504349104164903    0.002137896743154486     0.0017882177996215137    0.0014925758261287306    0.0012432416146399758    0.0010334712247164327    8.574034626157645E-4     7.099635366077614E-4     5.867734789475675E-4     4.8406964998730487E-4    3.9862741538082325E-4    3.2769290894191005E-4    2.6892165651020957E-4    2.2032373492725387E-4    1.802150696725731E-4     1.471744297753805E-4     1.200056545170739E-4     9.77046387452221E-5      7.943060824659676E-5     6.448122974508581E-5     5.2271117927115747E-5    4.231332037810892E-5     3.420337543823003E-5     2.7605540750538095E-5    2.2240770808362915E-5    1.787596213402301E-5     1.431385411245616E-5     1.1382718641742896E-5    8.924499548649996E-6     6.7792102848014235E-6    4.761880859600542E-6     2.6256643123819964E-6    0
% Data
% c (mol/m^3) @ t=1200, u1=0.01, u2=0.03
1                         0.9837788129542415       0.9657858025851104       0.9460453209758348       0.9246067593811284       0.9015460376149802       0.8769668428100517       0.8510016083653875       0.8238122336435381       0.7955905547480079       0.7665585859490048       0.7369685594351514       0.7071027974461482       0.6772734549004975       0.6478221718389864       0.619119672909113        0.5915653453865788       0.5655868176847101       0.5416395469348766       0.5202064072216314       0.5017972498277498       0.4849260832429744       0.46777443043446815      0.45037779024662616      0.4327757623421797       0.41501186306853105      0.39713324792800114      0.37919033923065015      0.3612363606957533       0.34332678421695106      0.3255186975588568       0.30787010522616337      0.2904391779424904       0.27328346889766886      0.2564591169869588       0.24002005852341246      0.2240172692503549       0.20849805786586603      0.19350543070807005      0.1790775448135679       0.16524726338248008      0.1520418239390586       0.13948262537507816      0.12758513582775466      0.116358919196599        0.10580777424885979      0.09592997687505495      0.08671861326858551      0.07816198970513118      0.07024410323009524      0.0629451569227746       0.05624210345172374      0.05010920129250507      0.04451856914885581      0.0394407256891244       0.03484510356382904      0.030700528691575135     0.02697565788184058      0.023639369909841636     0.020661107092476382     0.018011166174521566     0.01566093887800282      0.013583103769092813     0.011751772145377135     0.01014259144419556      0.008732810232774535     0.007501309183583254     0.0064286025896472445    0.005496814963348484     0.004689637118522878     0.003992265888912995     0.0033913313139898446    0.002874814750959344     0.0024319609713980266    0.002053186890971052     0.0017299891761482246    0.001454852584474191     0.0012211605333917654    0.0010231090627220278    8.556250611440926E-4     7.142893688681961E-4     5.95265147016346E-4      4.952317175983123E-4     4.113239239949798E-4     3.410769373655763E-4     2.8237633556088993E-4    2.3341320346594868E-4    1.926439418416811E-4     1.5875441889325195E-4    1.306280456983551E-4     1.0731728963252874E-4    8.801803762090414E-5     7.204604837676487E-5     5.881443088882246E-5     4.7810555045013495E-5    3.856986757229369E-5     3.0642456986932876E-5    2.3545376762498067E-5    1.6688822563590856E-5    9.255766107556615E-6     0
% Data
% c (mol/m^3) @ t=0, u1=0.01, u2=0.05
1                         -4.52284577296406E-8     2.1593471701523133E-15   2.4290496195567383E-20   3.2340292311947445E-26   3.296041953163354E-32    3.0016600099896497E-38   2.568143168585249E-44    2.1115894652293638E-50   1.6890005337407388E-56   1.323917601468062E-62    1.0217940586561674E-68   7.79019512281781E-75     5.8806451628053925E-81   4.402910824473004E-87    3.2738666708957497E-93   2.4200833644693874E-99   1.7799128735064734E-105  1.303314895645914E-111   9.506353164339798E-118   6.9561772468527E-124     6.3217753460384856E-130  5.729411374642087E-136   5.179645724221279E-142   4.672072218609904E-148   4.20557579306277E-154    3.7785372413300866E-160  3.388994763315827E-166   3.0347703635314934E-172  2.7135677477105854E-178  2.423047196498079E-184   2.1608819230134774E-190  1.9247996133161583E-196  1.7126121784754608E-202  1.5222361914634334E-208  1.3517060224925878E-214  1.1991813067632017E-220  1.0629500655648365E-226  9.414285440701787E-233   8.331586176405026E-239   7.368034451788217E-245   6.511419064909702E-251   5.7506224527290306E-257  5.0755524568530706E-263  4.477071946983934E-269   3.946928213381895E-275   3.4776835500444846E-281  3.0626480598869504E-287  2.6958154036956674E-293  2.3718019713751433E-299  2.0857897642152015E-305  1.8334731398956E-311     1.603746E-317            2.0E-323                 0                        0                        0                        0                        0                        0                        0                        0                        0                        0                        0                        0                        0                        0                        0                        0                        0                        0                        0                        0                        0                        0                        0                        0                        0                        0                        0                        0                        0                        0                        0                        0                        0                        0                        0                        0                        0                        0                        0                        0                        0                        0                        0                        0                        0                        0                        0
% Data
% c (mol/m^3) @ t=100, u1=0.01, u2=0.05
1                         0.8551207359120253       0.7035370973406782       0.5550797663659377       0.41872944042840865      0.3012452826776422       0.2063061549569496       0.13437088083129092      0.08324607885402624      0.04911660930750857      0.027660124879036754     0.014910901131369957     0.007720170925601619     0.0038525632389506724    0.001859483265306323     8.709873481531649E-4     3.971741213058154E-4     1.7686661107931678E-4    7.723502935289277E-5     3.34915332493993E-5      1.538395193785371E-5     7.693749580549404E-6     3.7995104168523746E-6    1.8551063804109438E-6    8.964685570091862E-7     4.2918751793546174E-7    2.037410324941055E-7     9.597566573945492E-8     4.489415693028423E-8     2.08654046426665E-8      9.640635406475979E-9     4.430315757434693E-9     2.025816064729067E-9     9.220793211258867E-10    4.1791597559812086E-10   1.8866722319072118E-10   8.48617139222638E-11     3.804033310410266E-11    1.6997808145006452E-11   7.572640948038036E-12    3.3642573577129048E-12   1.4907086758391877E-12   6.589097448059096E-13    2.905699916793594E-13    1.2785691174489498E-13   5.614338550813978E-14    2.4604927613789295E-14   1.0763143405575767E-14   4.699923272553595E-15    2.0488729869763856E-15   8.91758375119671E-16     3.8754310233621514E-16   1.681759810210165E-16    7.28798531755852E-17     3.1541119000045376E-17   1.363319332041161E-17    5.885619673725749E-18    2.537947695583868E-18    1.093174375748307E-18    4.703614559127795E-19    2.0217506362623064E-19   8.681485786091597E-20    3.7243217916812255E-20   1.5962546488657058E-20   6.835547850717813E-21    2.9246521863507288E-21   1.2503100441790096E-21   5.340919099017008E-22    2.2797153842768615E-22   9.723499546242678E-23    4.1443111122790403E-23   1.76514272102381E-23     7.513019082327827E-24    3.1956953443872577E-24   1.358441892357466E-24    5.7709830007129325E-25   2.4501879730935205E-25   1.0396745030267672E-25   4.409110056973799E-26    1.868817577194404E-26    7.916840298596393E-27    3.352062957860206E-27    1.4185799089921537E-27   6.000433129638465E-28    2.536904532103538E-28    1.072071445894161E-28    4.528418525090537E-29    1.9119545306296062E-29   8.06903303829093E-30     3.403948200154677E-30    1.4353781151265788E-30   6.050285661579617E-31    2.549269321437946E-31    1.0737168390985073E-31   4.520656743642906E-32    1.9026183998825977E-32   8.004115322701791E-33    3.363425878867346E-33    1.401616870783004E-33    5.360499960853713E-34    0
% Data
% c (mol/m^3) @ t=200, u1=0.01, u2=0.05
1                         0.9106950498436154       0.8143184382240286       0.7140391075496875       0.6132561758864767       0.5153179507336584       0.42324351011234385      0.33948251377404237      0.265745538145347        0.2029275806509685       0.15113214829438673      0.1097853203165809       0.07781292331225403      0.05384433516420848      0.03640640536369188      0.024079938299396444     0.015605155708735649     0.009936352875100576     0.006255749818075473     0.003961063621562957     0.0026415550402513984    0.0018491851466086345    0.0012793658165177364    8.754128064177947E-4     5.928399156591864E-4     3.9761246949473187E-4    2.6427677345729927E-4    1.7417998988135841E-4    1.1390067257631336E-4    7.393941736950769E-5     4.7672179052332714E-5    3.05418794411917E-5      1.9451647906838932E-5    1.2320301000193089E-5    7.763399818793069E-6     4.868527113905247E-6     3.0394582660729485E-6    1.8896228345288322E-6    1.170178328714456E-6     7.219972490471445E-7     4.4394161677282193E-7    2.72091877971443E-7      1.662609336432862E-7     1.0130451370365359E-7    6.156081900400842E-8     3.731509848672494E-8     2.2564825874261468E-8    1.3614589472669176E-8    8.197020854078596E-9     4.9253413936777625E-9    2.9538726986461447E-9    1.768338555701467E-9     1.0568110209389772E-9    6.305577197195776E-10    3.756494401544597E-10    2.2346190338617838E-10   1.3274476769698033E-10   7.875041475135757E-11    4.66590979717124E-11     2.761167370164394E-11    1.63209463459005E-11     9.636426808793662E-12    5.683624196283456E-12    3.3488264851707305E-12   1.9712245215946848E-12   1.159238606146571E-12    6.811127932092876E-13    3.9984341993041616E-13   2.3453085945715054E-13   1.3745571114972696E-13   8.04991380554688E-14     4.7108310734103686E-14   2.754820256249022E-14    1.609864862317401E-14    9.401484131259264E-15    5.4868635566321054E-15   3.200236460745761E-15    1.865430628258037E-15    1.0867353535737914E-15   6.327385235829245E-16    3.682038272132032E-16    2.1415255334513398E-16   1.24490500816063E-16     7.233257342766445E-17    4.2007110944807256E-17   2.4384231615593264E-17   1.414811575076242E-17    8.20534897663911E-18     4.756744769430943E-18    2.756399579927234E-18    1.596610586820149E-18    9.24453467900806E-19     5.350625750664109E-19    3.095708950062246E-19    1.7903833245714176E-19   1.0349354627034399E-19   5.97559707353004E-20     3.434187543890716E-20    1.9268779750920344E-20   9.37482947426375E-21     0
% Data
% c (mol/m^3) @ t=300, u1=0.01, u2=0.05
1                         0.9346285816245387       0.8633367493050441       0.7876308722872165       0.7092203045342631       0.6299212441403407       0.5515516828621609       0.4758266573206464       0.40426315852659145      0.3381031338875011       0.27826110627697176      0.2253002496442045       0.1794376292382639       0.1405761535676979       0.10835805158475807      0.08223281759086418      0.061531891963630354     0.045543004718265015     0.0335789643857446       0.025038318343542008     0.019458165943610408     0.015594343573175363     0.01237544167078537      0.009727481067489975     0.007575714672659359     0.005847681378942902     0.004475548727338873     0.003397707547556244     0.0025596675652143366    0.0019143591232619037    0.0014219735857047258    0.0010494790199209502    7.699355710193264E-4     5.617136113763108E-4     4.076930712220015E-4     2.9449842812225745E-4    2.1180309087033474E-4    1.5172044149474603E-4    1.0828672870418555E-4    7.703289052385937E-5     5.4637499556631724E-5    3.865058025292096E-5     2.7277312267018317E-5    1.92109979237488E-5      1.3505666187653196E-5    9.479974444178163E-6     6.6454291882413285E-6    4.653240930730719E-6     3.2552841605902982E-6    2.2756199225461507E-6    1.589853487209636E-6     1.1102552077527328E-6    7.750890200784484E-7     5.409926120391804E-7     3.7755790135548476E-7    2.6348974258307996E-7    1.8389147101182498E-7    1.2835174935294555E-7    8.959921403940899E-8     6.255822402411128E-8     4.368720095228946E-8     3.051561130311539E-8     2.1320309791768866E-8    1.489949595181716E-8     1.0414950706681576E-8    7.281982766893695E-9     5.092683192092459E-9     3.562418555726725E-9     2.4925296382756464E-9    1.7443275032434438E-9    1.2209638787193424E-9    8.547895650249361E-10    5.98537841327925E-10     4.191740691113032E-10    2.936040701739834E-10    2.0567865911725276E-10   1.44102239546771E-10     1.0097216233146939E-10   7.075829836343148E-11    4.958993778702564E-11    3.47573111649928E-11     2.4363039789684758E-11   1.707835508680823E-11    1.1972551770658336E-11   8.393646310824873E-12    5.884848189210042E-12    4.126084974599378E-12    2.893058734241733E-12    2.0285727108816378E-12   1.4224477864493158E-12   9.974533081565643E-13    6.994496003484574E-13    4.904798437807566E-13    3.439265522503202E-13    2.4111070650241547E-13   1.6889200482473531E-13   1.179458665238941E-13    8.145165426478585E-14    5.390871635130945E-14    2.9634124721310933E-14   0
% Data
% c (mol/m^3) @ t=400, u1=0.01, u2=0.05
1                         0.9487498399776877       0.8925313471994066       0.8321574706237894       0.7685927859959534       0.7029157247720575       0.6362735016486947       0.5698324815928749       0.504727213842043        0.4420116300985414       0.38261591699746816      0.32731229999832         0.27669240920330956      0.2311580641628824       0.19092628834209707      0.1560482671050032       0.1264409518451385       0.10192924432124681      0.08229628512405752      0.06733935432533714      0.05692920703627939      0.04916158780431393      0.04215344419240014      0.03588963256188336      0.03034327857915471      0.025477513609949015     0.02124755856295978      0.017602967450212        0.014489856531498079     0.011852975248095197     0.009637514654823211     0.007790590695195814     0.0062623779562847315    0.00500690098045699      0.003982513190957312     0.0031521079310371162    0.00248311299285076      0.0019473208639849025    0.0015206034669576992    0.0011825540352287385    9.160913260830679E-4     7.070536594259678E-4     5.438030096065262E-4     4.1685299617875814E-4    3.1852932253443743E-4    2.4266703672467068E-4    1.843458661006934E-4     1.3966267433594942E-4    1.0553864683040169E-4    7.95579667232996E-5      5.9834349451289727E-5    4.490173007817407E-5     3.3625538929777145E-5    2.5131274857309923E-5    1.874742998222428E-5     1.3960190949106521E-5    1.0377709688568111E-5    7.702082655049551E-6     5.707490827855212E-6     4.223228645065018E-6     3.1205876221597047E-6    2.302761344073532E-6     1.697105920507742E-6     1.2492276800218715E-6    9.184818765516244E-7     6.74556407723091E-7      4.94886611959062E-7      3.627043391984419E-7     2.6556946754886765E-7    1.942672326472071E-7     1.419821228599404E-7     1.0368029620622613E-7    7.564881434866382E-8     5.515252725943282E-8     4.017902599048404E-8     2.9249380139226287E-8    2.1277917214243826E-8    1.546849385024961E-8     1.123787248141502E-8     8.15919785431937E-9      5.920354909158877E-9     4.293327964985551E-9     3.111681296697558E-9     2.2540270432947422E-9    1.6319015262412178E-9    1.1808834995222238E-9    8.540937555182716E-10    6.174420281167149E-10    4.461546113867033E-10    3.222397557441305E-10    2.3263905383202376E-10   1.6788011797743518E-10   1.2109512185391242E-10   8.730580005524311E-11    6.290150306551694E-11    4.525490592174654E-11    3.2430522114185726E-11   2.2942379765537844E-11   1.550195327023078E-11    8.646301148658655E-12    0
% Data
% c (mol/m^3) @ t=500, u1=0.01, u2=0.05
1                         0.9580102808847293       0.9117928735656796       0.8618328024740103       0.8087268847470697       0.7531665426781345       0.6959158899347534       0.637786167657189        0.5796079302966467       0.5222026362265871       0.4663554586578234       0.41279117805089066      0.3621549368575392       0.31499943092406424      0.2717797909256576       0.23285699431960552      0.1985101744337524       0.16895769390533089      0.14438635987679177      0.12498770755165743      0.11099988563272464      0.10010146452976094      0.08979688956867299      0.08012025561077339      0.07109700898141433      0.06274322126609874      0.055065275410453376     0.048059973507922064     0.04171504090307389      0.03600997194232452      0.030917141743177126     0.026403096999567752     0.02242993686966486      0.01895670102569561      0.015940693904716374     0.013338689754902091     0.011107980011195036     0.00920724101201754      0.0075972147363286115    0.00624120726923129      0.005105418736506496     0.004159124502131819     0.003374730782268135     0.0027277289375946894    0.002196572074398103     0.0017624957232128093    0.0014093017335943864    0.001123121511500943     8.921716332482004E-4     7.065119145941818E-4     5.578133374130156E-4     4.391409191950211E-4     3.4475468308669464E-4    2.699303438625805E-4     2.108001400884133E-4     1.6421337296917531E-4    1.276156098212942E-4     9.894512568017817E-5     7.654494384739483E-5     5.9088753635591386E-5    4.55189955295868E-5      3.499548097787805E-5     2.685303252158354E-5     2.05667717865836E-5      1.5723834479061797E-5    1.2000443271526935E-5    9.143414797627148E-6     6.955311772559514E-6     5.2825732419334615E-6    4.006064196154177E-6     3.033580267949867E-6     2.293924577457229E-6     1.7322430029488872E-6    1.3063624390293384E-6    9.839252368144451E-7     7.401532700363932E-7     5.561081380114966E-7     4.173410019215638E-7     3.1284743961320206E-7    2.342603597917229E-7     1.7522818454804844E-7    1.3093682446381142E-7    9.77429675728401E-8      7.289332772754734E-8     5.431011753809699E-8     4.0427427812415573E-8    3.006665502355325E-8     2.2341819525226355E-8    1.65877198685748E-8      1.2305500457997541E-8    9.121472494337164E-9     6.756001710065256E-9     5.000022758013157E-9     3.697305032574576E-9     2.73100684807613E-9      2.013319227066584E-9     1.4770786771542108E-9    1.0679882018075054E-9    7.351778006299716E-10    4.153920092798701E-10    0
% Data
% c (mol/m^3) @ t=600, u1=0.01, u2=0.05
1                         0.9646460789566126       0.9256450026056617       0.8833029939540888       0.8380108521624752       0.7902358047573911       0.7405103965573495       0.6894189265058595       0.6375821331363625       0.5856409927896975       0.534240619133476        0.48401532678290193      0.4355759371645036       0.38950035557387813      0.34632833250905376      0.30656114129981693      0.27066666290948393      0.23909007612928285      0.21227001892698508      0.19065972879051007      0.17475230277459175      0.16203232030784612      0.1496561234050013       0.13767146870568708      0.12612389279124678      0.11505555777414236      0.10450414711179842      0.09450187453924992      0.08507466300821272      0.07624153921804606      0.06801427411244078      0.06039728240826914      0.053387776749688476     0.0469761561985687       0.04114659584948375      0.03587779525153189      0.031143838353371613     0.026915116706202512     0.023159270135280886     0.019842104259112738     0.016928451226135014     0.014382947989171377     0.012170714579694764     0.01025792255591694      0.008612250631480984     0.007203230166918358     0.00600248759963355      0.004983894001252498     0.004123633878236999     0.0034002062283978395    0.0027943709205498456    0.002289052874454982     0.001869215472577147     0.0015217133033008322    0.0012351328598667708    9.996283139485117E-4     8.067580324509941E-4     6.493261694770316E-4     5.212324786774795E-4     4.173324722376951E-4     3.3330920528960926E-4    2.655572820797888E-4     2.110791494371948E-4     1.6739334660241973E-4    1.324540990930199E-4     1.0458145856806662E-4    8.240108212642289E-5     6.479269628471498E-5     5.084628824006356E-5     3.982509734064411E-5     3.113453255644514E-5     2.4296208798712934E-5    1.8926369650246842E-5    1.4718041502802638E-5    1.14263406566348E-5      8.856428124110873E-6     6.853675074868298E-6     5.2956641255697814E-6    4.0857075874573785E-6    3.1476132876213276E-6    2.421471883534967E-6     1.8602770741964818E-6    1.4272222563974178E-6    1.0935445128684363E-6    8.368098950715538E-7     6.395533089988301E-7     4.882024292091781E-7     3.7222841563428184E-7    2.8347720431256693E-7    2.156441531417754E-7     1.638621624020596E-7     1.2437931866004253E-7    9.430682670017757E-8     7.142160062381235E-8     5.4010317392994545E-8    4.074257932385152E-8     3.055888725739369E-8     2.2551378081079985E-8    1.5794460218876106E-8    9.03132156356014E-9      0
% Data
% c (mol/m^3) @ t=700, u1=0.01, u2=0.05
1                         0.9696854121089493       0.9361902232790208       0.8997145381609762       0.8605245253793652       0.8189489184361167       0.7753736405279873       0.7302348174021822       0.6840105561839157       0.6372119698845666       0.5903740097567365       0.5440467238822245       0.49878758421475833      0.45515551078970934      0.4137071675675491       0.3749960079198003       0.3395744098109049       0.3079990643757756       0.28083957240981483      0.25868996927434396      0.2421826501184865       0.22877208780991865      0.21549095580372613      0.20238000420540803      0.1894813549930022       0.176837873458207        0.1644924428691127       0.15248716504128818      0.14086251679323655      0.12965649770748947      0.11890380754132272      0.10863509163948148      0.09887628974443842      0.08964811796471807      0.0809657059198071       0.07283840199514047      0.06526975006068836      0.05825763175669058      0.05179456024191048      0.045868104669440676     0.040461419931249874     0.03555385351451747      0.031121600571937472     0.02713837930677088      0.023576101190800707     0.02040551399361352      0.017596799716897416     0.015120113932875963     0.012946057405014227     0.011046074968536771     0.009392780284312178     0.007960208136580901     0.006723998368476752     0.00566151733622072      0.004751923949722411     0.003976188018331284     0.0033170688166650176    0.002759061615269391     0.002288319472744229     0.001892556942744882     0.0015609415845278727    0.0012839783417227817    0.0010533910209639826    8.620042982322708E-4     7.036289336229927E-4     5.729522025708652E-4     4.6543496309285035E-4    3.772162777127224E-4     3.0502609388098964E-4    2.4610615289104266E-4    1.981390372125727E-4     1.5918507120443265E-4    1.2762665118822177E-4    1.0211948876971252E-4    8.155019746240927E-5     6.49996292069676E-5      5.17113672940278E-5      4.106479944485858E-5     3.255222429813952E-5     2.5759482114546143E-5    2.0349642796988097E-5    1.6049328724231326E-5    1.263729443678867E-5     9.934928460386216E-6     7.798383509289515E-6     6.112079338696299E-6     4.783357248087093E-6     3.738096519364678E-6     2.9171308941400705E-6    2.2733276283387528E-6    1.769212798236048E-6     1.375044363935528E-6     1.067248714721059E-6     8.27145964855213E-7      6.398913155858295E-7     4.935474479126511E-7     3.781598450301731E-7     2.845951367672556E-7     2.0263395843171842E-7    1.1718121193872513E-7    0
% Data
% c (mol/m^3) @ t=800, u1=0.01, u2=0.05
1                         0.9736705910793689       0.9445451401390746       0.9127580373673071       0.8784968196606016       0.8420012317733818       0.8035610868527923       0.7635130633000414       0.7222366440088808       0.6801494667206054       0.6377024060226618       0.5953747440379483       0.5536698041070213       0.5131114163939513       0.4742415538861229       0.4376194203910313       0.4038221888968976       0.3734474806109403       0.3471175452777494       0.3254849567864254       0.30923948091478626      0.29591066845591785      0.28256315280538336      0.2692253513982344       0.2559279981334044       0.2427039768234998       0.22958807329754877      0.21661664267442082      0.20382719256745194      0.19125788784658437      0.17894698770213524      0.16693223068119087      0.1552501876419894       0.14393560577197692      0.133020768614011        0.12253489724942448      0.11250361635894787      0.10294850594082629      0.09388675526340612      0.08533093052129385      0.07728886206138552      0.06976365137082954      0.06275379266669287      0.056253399227249284     0.05025252080290683      0.044737535690998066     0.039691599408241594     0.035095131317355956     0.030926320959777823     0.02716163706347705      0.02377632405129659      0.02074487317678479      0.01804145797092233      0.01564032632099647      0.01351614407415793      0.011644287445442214     0.010001083627959172     0.00856400079742756      0.007311790148274967     0.006224583692005249     0.0052839523072190555    0.004472928985146138     0.0037760024044248943    0.003179085938539569     0.002669466994431055     0.002235741245440821     0.0018677358965070003    0.0015564256401460216    0.001293844458420766     0.001072995923260955     8.877641640125151E-4     7.328272206325372E-4     6.035740926299281E-4     4.960264329118756E-4     4.0676552419779364E-4    3.3286491319345406E-4    2.7182886202609477E-4    2.2153660399506204E-4    1.8019225715839416E-4    1.4628014990722245E-4    1.1852524262341418E-4    9.585828404012465E-5     7.738531558267445E-5     6.236112770040931E-5     5.016627539786489E-5     4.028727269001343E-5     3.2299604846315825E-5    2.585322075650761E-5     2.0660193554013365E-5    1.6484263892262453E-5    1.3132004848596421E-5    1.0445367146211615E-5    8.295372275826567E-6     6.576706567685534E-6     5.202903397967356E-6     4.101620721249252E-6     3.209085230153276E-6     2.461762537671093E-6     1.7810028054506805E-6    1.0411767764308612E-6    0
% Data
% c (mol/m^3) @ t=900, u1=0.01, u2=0.05
1                         0.9769185665647104       0.9513647355897119       0.9234313210210814       0.8932549978513773       0.8610167840415888       0.8269417453280378       0.7912979889867369       0.754395054251734        0.716581845026562        0.678244282013721        0.639802873690103        0.601710416161741        0.5644500287053701       0.5285337131614662       0.49450159040338426      0.4629219158305011       0.43439190912642567      0.40953935330361396      0.38902482726751075      0.3735443387098894       0.3607630979850292       0.34787293361474075      0.33489134776921214      0.3218379054759487       0.3087342794373413       0.29560425721690786      0.282473703191407        0.26937046827902256      0.2563242416592857       0.243366340520169        0.23052943626350583      0.21784721846771954      0.20535400108078025      0.1930842785807818       0.181072242951745        0.1693512750294922       0.15795342585080321      0.14690890490973732      0.13624559257482713      0.1259885933129706       0.11615984484145406      0.1067777960011803       0.09785716318198548      0.08940877174417312      0.08143948529675789      0.07395222213809925      0.06694605484431702      0.06041638607672157      0.05435519129960985      0.04875131733447034      0.043590824558549915     0.038857360073852945     0.03453254927917657      0.030596393896733378     0.027027665541361063     0.02380428526955031      0.02090368110121549      0.018303117168220962     0.015979989819567417     0.013912087627262251     0.012077813728622827     0.010456370265951725     0.009027905814904346     0.007773627614558278     0.006675881123655031     0.005718199937178207     0.00488532942137459      0.004163227584739144     0.0035390467216718834    0.0030010992700133074    0.0025388111387606303    0.002142665511843667     0.001804139839566698     0.001515638410142592     0.0012704225656154566    0.001062540302313317     8.867566857982637E-4     7.384862214013959E-4     6.137280587658183E-4     5.09004675245651E-4      4.2130447969832604E-4    3.4802860498301584E-4    2.869420131216683E-4     2.3612891960414644E-4    1.9395245018072018E-4    1.590183717022967E-4     1.3014268469520334E-4    1.0632282517380667E-4    8.671219082428767E-5     7.059767248338406E-5     5.737981753206994E-5     4.655513977330334E-5     3.769983951197838E-5     3.0453630243587056E-5    2.450109259544196E-5     1.954512558432831E-5     1.526072558353478E-5     1.1203269545356058E-5    6.614398755956147E-6     0
% Data
% c (mol/m^3) @ t=1000, u1=0.01, u2=0.05
1                         0.9796306038542368       0.9570658257186191       0.9323717185866236       0.9056512993695557       0.8770457944946417       0.8467353753677559       0.8149394090150213       0.7819162738501765       0.7479628129826249       0.7134135160785061       0.6786395338326968       0.6440476350479346       0.6100792138247824       0.5772094424571097       0.5459466437533348       0.5168319246387709       0.49043907160549427      0.4673746590643752       0.4482782657681624       0.4338226346903723       0.4218387075624913       0.4096968701503489       0.3974067360480259       0.384979431086581        0.37242769380136587      0.35976596537192346      0.34701046428117893      0.33417924045749087      0.3212922033552911       0.30837111836542885      0.2954395661875555       0.2825228603927766       0.26964791938194527      0.25684309030058594      0.24413792416872976      0.23156290345130798      0.2191491254288532       0.20692794690144403      0.19493059782950478      0.18318777334047362      0.1717292149795332       0.1605832930486195       0.14977660228738957      0.13933358296906065      0.129276178721233        0.11962354108517179      0.11039178907937842      0.10159382994395058      0.09323924493725687      0.08533424166817989      0.07788167210433125      0.07088111321561323      0.06432900529062642      0.058218841374369265     0.05254140006727467      0.0472850131197254       0.04243585885048804      0.03797827238872855      0.033895064047364074     0.030167837728271706     0.026777302077724257     0.023703568090810444     0.020926427944934774     0.01842561096733403      0.01618101375899034      0.014172902564587564     0.012382086961432963     0.010790064814864367     0.009379139197659356     0.008132508588411693     0.007034332147708062     0.006069772225886633     0.005225016491262205     0.0044872821951979286    0.003844805124536987     0.0032868157479109157    0.0028035049556778516    0.0023859816385212113    0.002026224160795564     0.0017170275738509252    0.0014519481924592076    0.0012252469330035047    0.001031832592365711     8.672060367308498E-4     7.274060731783246E-4     6.089575950884066E-4     5.088224230987685E-4     4.2435309941912396E-4    3.5324971745482193E-4    2.935196425620941E-4     2.4343961990192927E-4    2.0151909054257088E-4    1.6646215342670247E-4    1.3712266291947826E-4    1.1244058101102345E-4    9.133387797075026E-5     7.249025996634623E-5     5.39379006963774E-5      3.213335884604362E-5     0
% Data
% c (mol/m^3) @ t=1100, u1=0.01, u2=0.05
1                         0.9819382048596402       0.9619212070992159       0.9399975473707973       0.9162474363503578       0.8907843759774922       0.8637564397171003       0.8353472137679437       0.8057764153209581       0.7753002168721446       0.7442113161790509       0.7128387986889269       0.6815478422104367       0.6507393114423812       0.6208492821147895       0.5923485206144168       0.5657419250594844       0.5415679082288517       0.5203976723081727       0.5028342912665619       0.48951148039297654      0.47843677677790525      0.46718191618710575      0.4557513185030386       0.44415041313946624      0.4323857330841506       0.4204650096947261       0.40839726618271843      0.39619290726112333      0.38386380196903647      0.3714233562510876       0.35888657149480063      0.34627008495513106      0.3335921878640682       0.3208728170744872       0.3081335163557231       0.2953973639674919       0.2826888638981262       0.2700337991540577       0.25745904670193787      0.24499235504512673      0.23266208689758042      0.22049693092229808      0.20852558794271053      0.1967764383270486       0.18527719830708556      0.17405457375546746      0.16313392035973018      0.1525389191673432       0.14229127612956702      0.1324104535608891       0.12291344039510456      0.11381456681641923      0.1051253673451355       0.0968544948411489       0.08900768623548612      0.08158777918827342      0.07459477737109971      0.06802596074185409      0.061876036066298656     0.056137322073531386     0.05079996302769982      0.04585216415718214      0.041280442293629274     0.037069885214902155     0.03320441352812934      0.02966703943649396      0.026440117367654947     0.023505582164036958     0.020845171308106675     0.01844062844470647      0.016273886237246942     0.014327227329727226     0.012583422862156721     0.011025848588379213     0.009638579163086422     0.008406461594195976     0.007315169197108725     0.006351237641425377     0.0055020848539588255    0.00475601664175675      0.004102219934032972     0.003530745521638795     0.0030324821060670314    0.0025991233650165093    0.002223129603961646     0.0018976853940058406    0.0016166543872340167    0.001374532224342928     0.001166398037958018     9.87864356290213E-4      8.350238923368438E-4     7.043890442895289E-4     5.928143895219427E-4     4.973807258103911E-4     4.151942533161327E-4     3.430012917689916E-4     2.764055824927289E-4     2.0823402298482217E-4    1.250841927083385E-4     0
% Data
% c (mol/m^3) @ t=1200, u1=0.01, u2=0.05
1                         0.9839301376680912       0.9661153212837138       0.9465924126991244       0.9254257522265968       0.902708926321362        0.87856630219369         0.8531543182283283       0.826662526871055        0.7993143936811157       0.7713678619140696       0.7431156956709815       0.714885615754447        0.687040240426743        0.6599768379186616       0.6341268886074617       0.6099554422915584       0.5879602401923781       0.5686705527138849       0.5526456633462903       0.5404729074185248       0.5303358078875404       0.5200127309512128       0.509504866117522        0.4988140380330979       0.48794277797217833      0.4768943992973278       0.46567307625352383      0.45428392520301225      0.44273308712062437      0.4310278098535          0.4191765283145224       0.40718894043849657      0.39507607640167697      0.382850358310099        0.37052564732492066      0.3581172750400369       0.3456420558850514       0.33311827741936295      0.3205656656300003       0.3080053227589578       0.29545963576776885      0.28295215428950443      0.27050743780119046      0.25815087274123616      0.24590846135516922      0.23380658512934532      0.22187174671219936      0.2101302951709584       0.19860814023631715      0.18733046180274676      0.17632142134206755      0.16560388202909745      0.1551991442608239       0.14512670287906854      0.13540403179909827      0.12604640093326336      0.11706672931950508      0.10847547726646505      0.10028057916081715      0.09248741739995935      0.08509883676377672      0.0781151974675109       0.07153446418175562      0.06535232749495372      0.05956235364920241      0.05415615791320403      0.0491235966695113       0.04445297318147471      0.04013125205629843      0.0361442776166548       0.032476991712707216     0.029113646924955026     0.026038011600788464     0.023233563708963418     0.02068367106260117      0.0183717560311382       0.016281443415999124     0.014396690687865987     0.012701900262764661     0.01118201392047095      0.009822589835508119     0.00860986299405029      0.007530790006249542     0.006573079488795175     0.005725209277907866     0.004976431716676166     0.004316768091812193     0.003736992859776364     0.0032286073530663727    0.002783800663234918     0.002395391229641311     0.0020567339376565547    0.0017615592253093085    0.0015036722641670712    0.0012763596064543697    0.0010711815185447968    8.754739701988206E-4     6.671436571404454E-4     4.0379391064086697E-4    0
% Data
% c (mol/m^3) @ t=0, u1=0.03, u2=0.01
1                         -5.069401922627066E-8    2.724656709418857E-15    3.421885013855533E-20    5.1055724537486383E-26   5.831756625091726E-32    5.95228071258488E-38     5.707686170230605E-44    5.259823408206005E-50    4.715343799710164E-56    4.142543792545834E-62    3.583377428229348E-68    3.061969515607748E-74    2.590604286519526E-80    2.1739009194871976E-86   1.8116935220212346E-92   1.5009909045016162E-98   1.2372872974977192E-104  1.0154190658112588E-110  8.301070463814905E-117   6.740440017279914E-123   4.884526389587651E-129   3.529884935857556E-135   2.5445963275296E-141     1.8301963429473406E-147  1.3136623861778368E-153  9.411371852287031E-160   6.730877999641898E-166   4.8061668397583345E-172  3.426781324322798E-178   2.4399491793020927E-184  1.7350961659783468E-190  1.2324009454239548E-196  8.743792796431172E-203   6.197228552378568E-209   4.3880608562538767E-215  3.1042052159767787E-221  2.194087051199003E-227   1.5495442629656617E-233  1.0935034235872229E-239  7.711167185560067E-246   5.434008356319415E-252   3.826800755790903E-258   2.6932756285909387E-264  1.894384684114493E-270   1.3317112625735662E-276  9.356593628741977E-283   6.570550696451756E-289   4.611815239174744E-295   3.235469743496022E-301   2.2688548148374025E-307  1.59033230594E-313       1.283E-319               0                        0                        0                        0                        0                        0                        0                        0                        0                        0                        0                        0                        0                        0                        0                        0                        0                        0                        0                        0                        0                        0                        0                        0                        0                        0                        0                        0                        0                        0                        0                        0                        0                        0                        0                        0                        0                        0                        0                        0                        0                        0                        0                        0                        0                        0                        0                        0
% Data
% c (mol/m^3) @ t=100, u1=0.03, u2=0.01
1                         0.9235571163098386       0.8264881276084317       0.7135636185703715       0.592008697469189        0.4703503617147759       0.35687434017369074      0.25811042339368434      0.17780906013419248      0.11671168641942828      0.07309703049860881      0.04378216726692644      0.025151134070479184     0.013902188627847199     0.007418791839909536     0.0038348735973761567    0.0019262455400055418    9.428912650717309E-4     4.5070874030410407E-4    2.0994662771318652E-4    9.247064703488371E-5     3.7826915720906255E-5    1.524324113310628E-5     6.060884577920023E-6     2.381192718784679E-6     9.255396145259616E-7     3.5629787040766736E-7    1.359774808579028E-7     5.1490068264169514E-8    1.9360015456351286E-8    7.2326648331146455E-9    2.68628851498929E-9      9.924094295966728E-10    3.648463512185829E-10    1.3353190340456075E-10   4.867117589992897E-11    1.7672970740402688E-11   6.394737950436456E-12    2.3063392756037377E-12   8.292995908816328E-13    2.973570455729796E-13    1.063421834085473E-13    3.7937424023185856E-14   1.3503072978910745E-14   4.795804467652587E-15    1.6998500480040405E-15   6.013557789220257E-16    2.1235929588284948E-16   7.486405266112984E-17    2.6349815992799052E-17   9.260210909786426E-18    3.2496550627827468E-18   1.1388283950883844E-18   3.985778916948536E-19    1.3932505123910244E-19   4.8644261390708434E-20   1.6964614884793892E-20   5.910012690685806E-21    2.0567685968953706E-21   7.150795277736673E-22    2.4837805704270357E-22   8.619439854602437E-23    2.98859968967748E-23     1.0353670574954813E-23   3.584040995646222E-24    1.2397010186877375E-24   4.28488232830699E-25     1.4799624333006096E-25   5.1081493851165145E-26   1.761928387021946E-26    6.073440549296687E-27    2.092246119196386E-27    7.203296865769149E-28    2.4785578647059985E-28   8.523623251985577E-29    2.929642953267036E-29    1.0064167831945908E-29   3.455579483075695E-30    1.1859067186084258E-30   4.067928189591972E-31    1.3947466330544613E-31   4.7799414731971557E-32   1.63742233914194E-32     5.606800936446562E-33    1.919071023938635E-33    6.565887218232366E-34    2.2455721816518776E-34   7.677086404631788E-35    2.6236508540832E-35      8.963137851469787E-36    3.0609948035129564E-36   1.045002886688958E-36    3.566387410175214E-37    1.2167440995677124E-37   4.1498536578579067E-38   1.4149099365909103E-38   4.8223081395594385E-39   1.6416086406432934E-39   5.538784519420481E-40    1.7098147746309215E-40   0
% Data
% c (mol/m^3) @ t=200, u1=0.03, u2=0.01
1                         0.9684198248714597       0.9268338870167113       0.8750793171901615       0.8136823813208613       0.7438989539531841       0.6676688100244065       0.5874788013098984       0.5061455981661122       0.42654505373371465      0.35132852374445045      0.28267238112012527      0.22210230012667317      0.17041836725868828      0.1277244921009213       0.09354292287813079      0.06697903197636447      0.046896688578359144     0.03206930734734973      0.021281008395857174     0.013359758620170152     0.007914132944933806     0.004608274868266849     0.002640890056599237     0.0014912826097207724    8.307298719002443E-4     4.569966687961793E-4     2.485151240536794E-4     1.3371584442350203E-4    7.124887399372028E-5     3.7625757981292186E-5    1.9707208980343982E-5    1.024455126558104E-5     5.288839129978085E-6     2.7131687181364027E-6    1.383792434520536E-6     7.020243626302081E-7     3.5441489161232373E-7    1.7812512419418502E-7    8.915617843166356E-8     4.4456603863441625E-8    2.20908430486167E-8      1.0942088047227741E-8    5.40393252677224E-9      2.6615915491836697E-9    1.3076322515592841E-9    6.409516657668387E-10    3.134986109110308E-10    1.530330012661825E-10    7.456516777010321E-11    3.6269790620716115E-11   1.7614240065699476E-11   8.541609028242833E-12    4.136331669034639E-12    2.000461296732735E-12    9.663177497663707E-13    4.662486574714879E-13    2.2472590786023848E-13   1.0820671113521603E-13   5.2053040243447264E-14   2.5017975655334063E-14   1.2014172580002315E-14   5.764889786410325E-15    2.7641518007717105E-15   1.3244129984732207E-15   6.341490163604589E-16    3.0344508226942974E-16   1.4511198818614618E-16   6.9354311775351E-17      3.3128543628814453E-17   1.5816153085825007E-17   7.547084801707737E-18    3.599540070203169E-18    1.715983715164368E-18    8.176850880918993E-19    3.894696746650365E-19    1.8543140529087752E-19   8.825147767516602E-20    4.1985208829360124E-20   1.9966985111928128E-20   9.492407636444704E-21    4.5112149473282834E-21   2.1432318957716417E-21   1.0179074240426845E-21   4.832986581090778E-22    2.29401134302836E-22     1.0885601905924578E-22   5.164048248414168E-23    2.4491361937788662E-23   1.1612454930428567E-23   5.504616593597324E-24    2.608706713642697E-24    1.23600778878876E-24     5.854842046880588E-25    2.772656846867942E-25    1.3124922045952522E-25   6.205369645061242E-26    2.918335466070832E-26    1.3367074073739625E-26   5.273351087553769E-27    0
% Data
% c (mol/m^3) @ t=300, u1=0.03, u2=0.01
1                         0.9837127196690589       0.9619763579763335       0.9342556689768695       0.9002132541246478       0.8597645501602517       0.813119211534122        0.7608022131461734       0.7036494799823168       0.6427753749540044       0.5795126990649802       0.5153295134948571       0.451730438898085        0.3901523961829154       0.33186534669003553      0.277886982420755        0.22891632107355914      0.1852848900912339       0.14691591290010497      0.11327179703553227      0.08325797906570155      0.058473582269842776     0.04041370087864311      0.027504715586101548     0.018444812073400336     0.012195786152233169     0.00795594749301132      0.005123824820961967     0.003259750069664048     0.0020498475541566264    0.0012748427978888574    7.845674825224327E-4     4.7804970415631293E-4    2.8853917023171467E-4    1.7259757963263177E-4    1.0236734475017535E-4    6.022449758430424E-5     3.515992906736187E-5     2.0377649642388107E-5    1.172871144555058E-5     6.706353226761719E-6     3.810690509154908E-6     2.152460243563858E-6     1.2089439603093949E-6    6.753592552983323E-7     3.753465405797311E-7     2.0758865560787022E-7    1.1427392446668786E-7    6.262618901517128E-8     3.4175728505349174E-8    1.8574415402371293E-8    1.005601756274517E-8     5.424052720418916E-9     2.9152659267223914E-9    1.5615445042542324E-9    8.337087666800969E-10    4.437278501179443E-10    2.3545973477894946E-10   1.2458524327555576E-10   6.573794229942298E-11    3.459490107587547E-11    1.8159297781028435E-11   9.508656506437848E-12    4.967209065075394E-12    2.588909578535449E-12    1.3463828555565595E-12   6.987177962227202E-13    3.618671735114967E-13    1.8704312471211572E-13   9.649593598097606E-14    4.9691160771177926E-14   2.5543412431094592E-14   1.310792381016009E-14    6.7153477753459015E-15   3.434835932762361E-15    1.7541575947980628E-15   8.944943178334447E-16    4.554631474174727E-16    2.3158744268248793E-16   1.1759300034564158E-16   5.963077289308635E-17    3.0199445011926693E-17   1.5275076219694726E-17   7.716837993235195E-18    3.893874826798172E-18    1.962572124746693E-18    9.88061906468184E-19     4.969021595486726E-19    2.49631047110143E-19     1.252793765998747E-19    6.280954005302754E-20    3.145921056557665E-20    1.5741859572173056E-20   7.869654754015757E-21    3.930371680804801E-21    1.960621064451378E-21    9.758036550205909E-22    4.820993196916798E-22    2.3083636359570645E-22   9.412313788311912E-23    0
% Data
% c (mol/m^3) @ t=400, u1=0.03, u2=0.01
1                         0.9907263765794823       0.9782628349674535       0.9621632055585884       0.9420327427133206       0.9175576024185631       0.8885337941150516       0.854893125538197        0.8167234855989105       0.7742808666868262       0.7279908312260054       0.6784376508548244       0.6263400055423619       0.5725127709049052       0.517814816322913        0.4630825794847389       0.4090480992177037       0.35623774184121104      0.3048435615203415       0.2545525635861032       0.2043095108751357       0.15822037517136298      0.12087449375872038      0.09112815922140731      0.06782278159585951      0.049850944267017056     0.0362012946189754       0.025984380232060327     0.018442825491487687     0.01294975680503852      0.008999293974442402     0.006192436210553827     0.0042209802328871575    0.002851372363224199     0.001909723431823478     0.001268662912383806     8.362963611552405E-4     5.472510107442374E-4     3.556267826702835E-4     2.295872026904853E-4     1.4730061231370755E-4    9.39545581705835E-5      5.9598419529900336E-5    3.7609431214621985E-5    2.3617824265788068E-5    1.4763677176826235E-5    9.189369117330232E-6     5.696825872567795E-6     3.518443532995864E-6     2.1654478215791725E-6    1.3283984870175782E-6    8.124404832900599E-7     4.954860297332138E-7     3.0139587870295525E-7    1.8289167421102902E-7    1.1073411166463107E-7    6.690760229650982E-8     4.035035962944157E-8     2.4292062513739922E-8    1.4601230128507984E-8    8.763581762249448E-9     5.252864548516107E-9     3.1447391860144614E-9    1.880593221387942E-9     1.1234956658571098E-9    6.705874837144114E-10    3.999309857362071E-10    2.3833910269988443E-10   1.419444471357286E-10    8.448583726054508E-11    5.025957524755342E-11    2.9884619390567306E-11   1.7762048102981435E-11   1.0552978504310747E-11   6.267756664828571E-12    3.7215240589311995E-12   2.2091035473751333E-12   1.3110257911277556E-12   7.778901980870789E-13    4.614747725731682E-13    2.7372203770441603E-13   1.6233500240067033E-13   9.62637329915245E-14     5.707790074865441E-14    3.3840277451886895E-14   2.0061602947137715E-14   1.1892349565806244E-14   7.049267066449552E-15    4.178283315876127E-15    2.4764643171668652E-15   1.467735921025229E-15    8.69848661457374E-16     5.154760565316614E-16    3.0542372559493726E-16   1.808822427411815E-16    1.0697098274083217E-16   6.297243529716009E-17    3.652452889130333E-17    2.0142831740025185E-17   9.092407510361423E-18    0
% Data
% c (mol/m^3) @ t=500, u1=0.03, u2=0.01
1                         0.9944646513198468       0.9869887290724362       0.9772458776702635       0.9649122708667723       0.9496807732088289       0.9312767215924342       0.909474476207027        0.8841135891378318       0.8551131396325836       0.8224824980260554       0.7863265054416799       0.7468427739128786       0.7043084711695429       0.6590534631158819       0.6114158976725691       0.5616750141369606       0.5099538679222217       0.4560814087681481       0.3993984954914126       0.3384854348315328       0.27875905161604386      0.22697575312315021      0.1827590592876689       0.1455542508922623       0.11468959954743073      0.08943157776386368      0.06903140743627408      0.052761641677196054     0.03994262944062739      0.029959595473115615     0.022271648929564267     0.016414329283850015     0.011997356595139836     0.008699138795683533     0.006259367016523254     0.004470758567969127     0.0031707303644481506    0.0022335331333908468    0.0015631652475895626    0.001087220524179604     7.517055420422923E-4     5.167832416606331E-4     3.5335306308713186E-4    2.4035559405433555E-4    1.6268430387424523E-4    1.0959233637101896E-4    7.349383330006721E-5     4.907348791722843E-5     3.263273971299981E-5     2.1614850388818845E-5    1.426332753367242E-5     9.37850648706985E-6      6.145561371532058E-6     4.013950456127699E-6     2.6135411931060005E-6    1.6966600479205736E-6    1.0983145941950966E-6    7.090560672687692E-7     4.565717725348721E-7     2.9326643452824237E-7    1.8792656272482932E-7    1.2015222516866173E-7    7.665427443123024E-8     4.8802579378605766E-8    3.100915291396215E-8     1.9665939508458796E-8    1.2449510084279595E-8    7.86748511851831E-9      4.963606886552414E-9     3.1265594910434313E-9    1.9664027526746838E-9    1.234928669067742E-9     7.744630613834528E-10    4.850354860922205E-10    3.033776674415004E-10    1.8951917717988608E-10   1.1825057422584141E-10   7.369770219494408E-11    4.588009448549431E-11    2.85320172293945E-11     1.77253877540263E-11     1.1000959116267735E-11   6.821070812552882E-12    4.225486167225105E-12    2.6152736477771194E-12   1.617288294756969E-12    9.993104766796716E-13    6.169759090676526E-13    3.806288978023506E-13    2.346443437053656E-13    1.4454306316153122E-13   8.897203843497146E-14    5.471785159104374E-14    3.360890017545028E-14    2.0592142228279982E-14   1.2538833097276084E-14   7.501143305100867E-15    4.245320888902796E-15    1.9505441641183588E-15   0
% Data
% c (mol/m^3) @ t=600, u1=0.03, u2=0.01
1                         0.9965438177766595       0.9918610553211294       0.9857230215296842       0.9778899115472485       0.968116966157966        0.9561618452202927       0.941792888216769        0.9247977226589489       0.9049914217808378       0.8822230981744495       0.8563794350834041       0.8273831771067632       0.7951839867934245       0.7597382607865227       0.720973396694343        0.6787304783515831       0.6326772208788176       0.5821800425640689       0.5261199824711982       0.46263143350488256      0.39737193774776286      0.33801321398055567      0.2847642352556588       0.23763010006409127      0.19644379349919816      0.16090137411086275      0.13059784486346915      0.1050613974246615       0.08378426916940851      0.06624904580072831      0.05194981272184069      0.04040805474357772      0.031183595091521348     0.02388113853685706      0.018153143202423012     0.013699805954829022     0.010266928575677941     0.007642359554805086     0.005651601588852029     0.004153056513571324     0.0030332617938155695    0.002202365564356003     0.0015899961235827805    0.0011416089466146663    8.15339489994701E-4      5.79351535262893E-4      4.096459669534657E-4     2.8828083530119645E-4    2.0194755473431275E-4    1.408477046221788E-4     9.781812931333264E-5     6.765733177829037E-5     4.6612387871891744E-5    3.199200066336164E-5     2.1877374883991736E-5    1.4908043064520793E-5    1.0124492832911316E-5    6.853406710366673E-6     4.6245722142152226E-6    3.1111262233969117E-6    2.0868531085065287E-6    1.3958526139665535E-6    9.31116620996702E-7      6.194796412525361E-7     4.111008165556133E-7     2.721486814295718E-7     1.7973696139545788E-7    1.1843415859502363E-7    7.786794099465082E-8     5.108752308562637E-8     3.3448483387286864E-8    2.1856124378025776E-8    1.4253893413356124E-8    9.278650537840199E-9     6.029111282965078E-9     3.910786434671592E-9     2.53245273382072E-9      1.6372243754751549E-9    1.0567856038627588E-9    6.81080972408354E-10     4.3829273272674387E-10   2.8164570650221903E-10   1.8073166400675503E-10   1.1581792111862199E-10   7.41216586149743E-11     4.737607376503447E-11    3.024360505248456E-11    1.9283403133051695E-11   1.2280699579356286E-11   7.81200745151422E-12     4.963706231799938E-12    3.1502005995500808E-12   1.9966008744149825E-12   1.2631327042917087E-12   7.964770940305108E-13    4.984390338855633E-13    3.057078153239368E-13    1.7663284678700766E-13   8.229936210336257E-14    0
% Data
% c (mol/m^3) @ t=700, u1=0.03, u2=0.01
1                         0.9977721819154879       0.9947466632329786       0.990764082215672        0.9856514404835464       0.9792242777899137       0.9712894394891814       0.9616482484634403       0.9500997430426169       0.9364434412911287       0.9204808255513739       0.9020143895318503       0.8808426259103845       0.8567487167487658       0.8294798679396865       0.7987131272112515       0.7640020389000155       0.724696474991188        0.6798252460676634       0.6279273736068455       0.5668128394732468       0.5017764084691754       0.4404959576867029       0.3834839316015026       0.3310890062673445       0.2835042743962902       0.24078116020232238      0.20284755675621036      0.16952862070192698      0.14056872332219766      0.11565322077049556      0.09442894100885059      0.07652255938899831      0.06155631904184403      0.04916082084609694      0.038984841636162886     0.030702326550231744     0.02401683701234844      0.018663820702366007     0.01441110933896382      0.011058052312886608     0.008433668531041983     0.006394154606407536     0.0048200331457364425    0.003613167242786293     0.0026938115552715947    0.0019978200124662984    0.0014740872544788963    0.001082266122105117     7.907767839729297E-4     5.751036996520048E-4     4.163635328568596E-4     3.0011917363826377E-4    2.1541103893117647E-4    1.5397573655093137E-4    1.096230916623458E-4     7.774471175513558E-5     5.4930139671459813E-5    3.866979953703067E-5     2.7127091248856357E-5    1.896495212901823E-5     1.3214874702363716E-5    9.1786995857416E-6       6.355483644054375E-6     4.3873923871045435E-6    3.0199130068738526E-6    2.072768282036252E-6     1.4187712799211E-6       9.685342544066064E-7     6.594668048982539E-7     4.478983204472246E-7     3.034635100298984E-7     2.051185532601051E-7     1.383262555202879E-7     9.307525485905209E-8     6.249157884970222E-8     4.186905354704027E-8     2.79946449491771E-8      1.8680643802486385E-8    1.244135776467816E-8     8.27038921656398E-9      5.487679077018307E-9     3.6347757964676063E-9    2.403330730459654E-9     1.5864140183545254E-9    1.045456592679231E-9     6.878608474714446E-10    4.518748082481949E-10    2.963980764292753E-10    1.9412758473695703E-10   1.26959354775326E-10     8.291041291762146E-11    5.406257104596331E-11    3.5191469072913255E-11   2.2854002220053276E-11   1.47814772282468E-11     9.475844893262276E-12    5.939835033996754E-12    3.4939652330547403E-12   1.6476349854392534E-12   0
% Data
% c (mol/m^3) @ t=800, u1=0.03, u2=0.01
1                         0.9985317802445624       0.996533892931343        0.9938945596785749       0.9904891963037298       0.9861806094535186       0.9808193351532781       0.9742439560437238       0.9662811174939704       0.9567448006664182       0.9454341881962226       0.9321291556439748       0.9165820125800307       0.8985035648571844       0.877540825086959        0.8532426944789975       0.8250085846013865       0.7920131176439527       0.7530975686029637       0.7066153611780978       0.6502143861998888       0.5885929797491389       0.528953931472224        0.4719113151410719       0.4179684335048492       0.3675132613429367       0.3208187996591487       0.27804780034545584      0.2392611400763111       0.20442900676961612      0.17344401306213658      0.1461353646926444       0.12228327860500919      0.10163295380218211      0.08390753356495188      0.06881964645069283      0.05608126251481173      0.045411739648858356     0.03654405482509304      0.029229311443445778     0.023239684862846166     0.018370014022588435     0.014438270182732919     0.011285137854881428     0.008772932211383205     0.006784056011597554     0.005219171425407365     0.003995231551836187     0.0030434856958963252    0.0023075436031070543    0.0017415581787747249    0.0013085644515301088    9.789949064468665E-4     7.29377684155975E-4      5.412141530538936E-4     4.0002551083574136E-4    2.945538033076307E-4     2.1610051117003902E-4    1.5798514109820834E-4    1.1510662386764252E-4    8.359140304270402E-5     6.051360250014041E-5     4.3674369882012526E-5    3.142924745326289E-5     2.2554114185763995E-5    1.6141805982693963E-5    1.1522918213130744E-5    8.205511762878924E-6     5.82948147334863E-6      4.132214723617059E-6     2.922884182109662E-6     2.0633011609706813E-6    1.4537238056640662E-6    1.0223859802123009E-6    7.178049973472101E-7     5.031541374988309E-7     3.521619443022636E-7     2.461352800556192E-7     1.7180589891200884E-7    1.197780150442837E-7     8.341274770448927E-8     5.8028957800757796E-8    4.033240819908135E-8     2.8009140542811298E-8    1.9436584991863998E-8    1.3478822421135643E-8    9.341824779157474E-9     6.4713282261442154E-9    4.480932365604557E-9     3.1015775273457494E-9    2.1461074160456335E-9    1.4844533127644041E-9    1.0262807742450214E-9    7.088676617193203E-10    4.886399702298716E-10    3.3525612044695833E-10   2.2745606098374903E-10   1.501176046213033E-10    9.211587751821535E-11    4.468052354150337E-11    0
% Data
% c (mol/m^3) @ t=900, u1=0.03, u2=0.01
1                         0.9990309624699252       0.9977095358358924       0.9959571281388663       0.9936839076213354       0.9907879606583369       0.9871543056554412       0.9826536020683795       0.977140297446934        0.9704498194098169       0.9623942298999626       0.9527554974996579       0.9412751852871084       0.9276388634724305       0.9114528930643018       0.8922103284823544       0.8692414711185582       0.8416429605379465       0.8081770629230396       0.7671297995777756       0.7161124677545612       0.6592008303727096       0.6029482913292439       0.5479672026492853       0.4948036678109431       0.44392736990771536      0.39572492381561936      0.3504967427033139       0.30845723210210785      0.2697379731999003       0.2343934392941112       0.20240871045276196      0.17370861294196122      0.1481677101054812       0.12562060549495704      0.1058720803842578       0.08870666833509701      0.07389736082356213      0.06121323214386748      0.05042586201770754      0.04131451520866246      0.03367010533423105      0.027298023044777173     0.02201994638241225      0.017674774261289414     0.014118834333300224     0.011225516272855993     0.008884473213057279     0.007000520145724302     0.005492340793935104     0.00429109567456092      0.0033390052911091597    0.0025879647325606995    0.001998230126671351     0.0015372038094862562    0.0011783338711426347    9.001348727380576E-4     6.853298191401638E-4     5.201086573879433E-4     3.9349535164976687E-4    2.9681365982004424E-4    2.2324081647659958E-4    1.674381549922698E-4     1.252480582457899E-4     9.344733206613349E-5     6.954800564751447E-5     5.163757042707096E-5     3.8251694715050484E-5    2.8273441644749738E-5    2.0853938256668297E-5    1.535027423696941E-5     1.1277141534577324E-5    8.269360098528314E-6     6.05297477695595E-6      4.423061607436253E-6     3.2267575503884185E-6    2.350335990808985E-6     1.709400728632524E-6     1.241472760802585E-6     9.004051339414851E-7     6.521887432347072E-7     4.7181240178044416E-7    3.40919081886698E-7      2.4606133731511E-7       1.7740617762691262E-7    1.2777603309632398E-7    9.194029895030934E-8     6.609318001949502E-8     4.746967556222533E-8     3.4063731831995866E-8    2.4421770492013753E-8    1.7491690818676315E-8    1.2512595319887218E-8    8.934325339086665E-9     6.358737683892546E-9     4.4967485034928964E-9    3.1366977705179544E-9    2.1206789196193632E-9    1.3262255959855E-9       6.512089229721015E-10    0
% Data
% c (mol/m^3) @ t=1000, u1=0.03, u2=0.01
1                         0.999349460786404        0.9984604700756645       0.9972770091849933       0.9957335750760667       0.9937538827105792       0.9912492595016343       0.9881165667675199       0.9842353994347423       0.9794641970905666       0.9736347344377259       0.9665442305947004       0.9579440021197219       0.9475231539486193       0.9348852148857846       0.919514824706417        0.9007304934176298       0.8776179778533016       0.8489368175311377       0.8129898506749704       0.7674418327141719       0.7157790284248692       0.6638450483078839       0.6121925880205362       0.5613417571400469       0.5117686986471106       0.4638963672295732       0.41808768810496844      0.37464119143389873      0.3337890939338846       0.2956976865982326       0.26046979183626373      0.22814897954633215      0.19872518230926686      0.1721413257065547       0.14830058947622138      0.12707393596475686      0.10830758007671035      0.09183012492824641      0.07745914473147145      0.06500705635684367      0.054286179404704434     0.04511293814427708      0.03731120496795073      0.03071482263059305      0.025169370945586102     0.020533262979378342     0.01667826688117052      0.013489553446187628     0.010865367694385288     0.008716416568250143     0.006965055674298876     0.005544347033432735     0.004397048094462915     0.0034745806177858686    0.0027360170532575614    0.0021471121211725417    0.0016793986905493403    0.0013093598284838728    0.0010176830560564287    7.885983030906677E-4     6.092976710579647E-4     4.694327302382421E-4     3.606835254494018E-4     2.763925803377895E-4     2.1125682243610443E-4    1.61070366902598E-4      1.2251138315259261E-4    9.296673294930027E-5     7.038863765274593E-5     5.317825023791434E-5     4.0091633291366945E-5    3.0164248774280216E-5    2.2650630155194E-5       1.6976421570082525E-5    1.2700426777665625E-5    9.484711853392353E-6     7.071151690306919E-6     5.263105172063041E-6     3.911152126382478E-6     2.902032101646711E-6     2.1500959441628566E-6    1.5907211891162E-6       1.1752561367424215E-6    8.671494198563354E-7     6.389956267554224E-7     4.7028636742082726E-7    3.4570282496638154E-7    2.5382264408436706E-7    1.861429083069845E-7     1.3634354095852606E-7    9.973302966006448E-8     7.283197088883802E-8     5.3060399717815125E-8    3.850287585956986E-8     2.7731359746638715E-8    1.9670427610815943E-8    1.3492632057669072E-8    8.534008229038033E-9     4.220956204285151E-9     0
% Data
% c (mol/m^3) @ t=1100, u1=0.03, u2=0.01
1                         0.9995539004334985       0.9989429838675541       0.9981265715364128       0.9970560999791189       0.9956736751644267       0.993910236686211        0.9916831652142954       0.9888930914727422       0.9854195599197564       0.9811150539646968       0.9757966870434094       0.9692345849922601       0.9611356025803319       0.9511204937135603       0.9386919403602735       0.9231898711285749       0.9037291732010342       0.8791130933706512       0.8477131606664428       0.807303105485234        0.7608491256702111       0.7135078486231079       0.6657500802347158       0.6180370059228647       0.5708097734129465       0.5244801931686253       0.4794228375570207       0.4359687443168447       0.39440084802414754      0.35495118008233345      0.31779979820823206      0.2830753348327275       0.2508569938490058       0.22117777924988716      0.19402870876887454      0.16936375088612232      0.1471052236208704       0.12714940665521954      0.10937214211361665      0.09363423095909425      0.07978646853340259      0.06767420144490748      0.057141326278590684     0.048033686388447516     0.04020185477161707      0.03350331769006684      0.027804094783948585     0.022979846842624965     0.01891653245851078      0.015510680044918972     0.012669342881990566     0.010309802777553051     0.008359083415207354     0.006753328286041598     0.005437090952779961     0.00436257785592838      0.0034888764013786674    0.0027811940108600046    0.002210127404700376     0.0017509757601093228    0.0013831066092677244    0.0010893794109855224    8.556286045127556E-4     6.702055617466773E-4     5.235771049362194E-4     4.079770541582635E-4     3.171065156191135E-4     2.4587822691985557E-4    1.9020015627675476E-4    1.4679363735378535E-4    1.1304154912829056E-4    8.686237139928169E-5     6.660632176340568E-5     5.097017889567468E-5     3.8927797443411945E-5    2.9673706019512884E-5    2.2577541241846393E-5    1.714740127277318E-5     1.3000498814683656E-5    9.839755299185976E-6     7.435205993730079E-6     5.609281947826999E-6     4.225201771185027E-6     3.1778471652402187E-6    2.3866139974870304E-6    1.7898285239301042E-6    1.3403989607929812E-6    1.0024385731905498E-6    7.486501035029138E-7     5.583047405480049E-7     4.1568368968123415E-7    3.0887823792603116E-7    2.2886626739423867E-7    1.688004807756376E-7     1.234569846643356E-7     8.880295723510358E-8     6.164934659123475E-8     3.9359153481850926E-8    1.9583884054529842E-8    0
% Data
% c (mol/m^3) @ t=1200, u1=0.03, u2=0.01
1                         0.9996866110142318       0.9992565082084445       0.9986794916046489       0.9979188137838023       0.9969297388728761       0.9956576808529586       0.994035757099392        0.9919815249682455       0.9893925743881462       0.9861405179183006       0.9820627381662417       0.9769510025772533       0.970535712597508        0.9624640842919071       0.952269914616691        0.93933170886059         0.9228147444021512       0.9015910064084434       0.8741286915452848       0.8383399156681425       0.7967497506503896       0.7538903481176532       0.7101483845898711       0.6659152517987735       0.621578424702233        0.5775132591197929       0.5340754779007086       0.49159456646088134      0.4503682518007272       0.4106581865497013       0.37268690423443857      0.3366360569319257       0.3026458946656992       0.27081589988154486      0.24120645212505265      0.21384136903169468      0.1887111506455718       0.16577674494722358      0.14497365272215434      0.12621619845742119      0.10940180935238085      0.0944151650782201       0.08113210484063194      0.06942320386087408      0.059156957021643905     0.05020253179581102      0.04243207464919678      0.03572257415505353      0.02995729965298869      0.025026846279396945     0.020829825672895694     0.01727324688079786      0.01427263435280164      0.011751929873655377     0.009643223356400594     0.007886354084479297     0.006428419712545111     0.005223225516430476     0.004230701361627295     0.003416308906974583     0.002750456878395768     0.0022079379764343363    0.001767397206369357     0.0014108381808453161    0.0011231712463748236    8.918051042220676E-4     7.062818920597766E-4     5.579544130550043E-4     4.397032857283964E-4     3.456911819838502E-4     2.7115096522333654E-4    2.122043829397645E-4     1.6570796185228789E-4    1.2912285813097339E-4    1.0040559667028702E-4    7.791686407319142E-5     6.034577809165978E-5     4.664732490652736E-5     3.5990922355250526E-5    2.771832321017257E-5     2.1309312013693615E-5    1.6353868272555397E-5    1.2529666279650934E-5    9.583957078919151E-6     7.319031675327259E-6     5.580597713398095E-6     4.2485160930607686E-6    3.2294411556168283E-6    2.4509900166459576E-6    1.857135173680454E-6     1.404571396278525E-6     1.0598546830006739E-6    7.971491253672809E-7     5.96448023820626E-7      4.421594930069998E-7     3.219647530584918E-7     2.2586971501968141E-7    1.4537736665453195E-7    7.27094475332624E-8      0
% Data
% c (mol/m^3) @ t=0, u1=0.03, u2=0.03
1                         -5.069401922627066E-8    2.724656709418857E-15    3.421885013855533E-20    5.1055724537486383E-26   5.831756625091726E-32    5.95228071258488E-38     5.707686170230605E-44    5.259823408206005E-50    4.715343799710164E-56    4.142543792545834E-62    3.583377428229348E-68    3.061969515607748E-74    2.590604286519526E-80    2.1739009194871976E-86   1.8116935220212346E-92   1.5009909045016162E-98   1.2372872974977192E-104  1.0154190658112588E-110  8.30107046381492E-117    6.762838972050265E-123   5.49276735088402E-129    4.4489436843871164E-135  3.594533927904728E-141   2.8976669064284754E-147  2.3311027459801115E-153  1.8717906380387408E-159  1.5003845343102233E-165  1.200759633952202E-171   9.595550075737775E-178   7.657559814751936E-184   6.103222403533402E-190   4.858627504352335E-196   3.863556702338676E-202   3.0690977520940357E-208  2.435631351451751E-214   1.9311454284521343E-220  1.5298328945491912E-226  1.2109317279821377E-232  9.577701590665281E-239   7.569840199453691E-245   5.9787761119097635E-251  4.71903499204643E-257    3.72240369102871E-263    2.9345136374680143E-269  2.312082303084196E-275   1.820690871091705E-281   1.432997460080011E-287   1.1273031703746534E-293  8.86403222106744E-300    6.966679351623159E-306   5.473086292977E-312      4.22776E-318             4.9E-324                 0                        0                        0                        0                        0                        0                        0                        0                        0                        0                        0                        0                        0                        0                        0                        0                        0                        0                        0                        0                        0                        0                        0                        0                        0                        0                        0                        0                        0                        0                        0                        0                        0                        0                        0                        0                        0                        0                        0                        0                        0                        0                        0                        0                        0                        0                        0
% Data
% c (mol/m^3) @ t=100, u1=0.03, u2=0.03
1                         0.9235571163098389       0.8264881276084329       0.7135636185703762       0.5920086974692057       0.47035036171483574      0.35687434017390113      0.25811042339441975      0.177809060136753        0.1167116864283028       0.07309703052921673      0.04378216737192733      0.025151134428576093     0.013902189841252913     0.0074187959224157034    0.003834887225730715     0.001926290641814084     9.430390971366348E-4     4.511881461109708E-4     2.1148291483943468E-4    9.732891832587316E-5     4.406689116861433E-5     1.9662786383289106E-5    8.65984509500044E-6      3.769631205952995E-6     1.6237986593475992E-6    6.928970510390406E-7     2.931651300401857E-7     1.230888611381936E-7     5.1321785114124086E-8    2.1263673770540362E-8    8.75937930160241E-9      3.5894163996928235E-9    1.4638023934470932E-9    5.943202450193503E-10    2.403205197290323E-10    9.681218327985757E-11    3.886515202819225E-11    1.555220019379887E-11    6.204737185905925E-12    2.4685639176365828E-12   9.795703964228306E-13    3.877667495693823E-13    1.531495834377453E-13    6.035763401880231E-14    2.3739702201052553E-14   9.319569383211226E-15    3.6520826616243564E-15   1.4287374197100527E-15   5.580470590061258E-16    2.176367771790349E-16    8.475601636726539E-17    3.296224784935361E-17    1.2802657767094484E-17   4.966465661260175E-18    1.924348905196052E-18    7.447880088485563E-19    2.8794919208788005E-19   1.1121255464316861E-19   4.291070693864908E-20    1.6541289597434375E-20   6.370620735371081E-21    2.451425295266469E-21    9.425296185910859E-22    3.6209691525128323E-22   1.3900210122039632E-22   5.332085887349802E-23    2.043920322705653E-23    7.829481997965843E-24    2.9971945642396717E-24   1.146620562793858E-24    4.383862556605846E-25    1.6750801755200576E-25   6.396823035485981E-26    2.4414696275307447E-26   9.313316419084761E-27    3.550837977915096E-27    1.3531249338079134E-27   5.153855437227009E-28    1.9620962665162965E-28   7.46634912205788E-29     2.8398935984618857E-29   1.0797103700110086E-29   4.103262483542575E-30    1.55873869621284E-30     5.918944644927214E-31    2.2467095616825834E-31   8.524832231006566E-32    3.233444241787525E-32    1.2259979497053345E-32   4.646896334014886E-33    1.76071466611831E-33     6.669165142557935E-34    2.5253060428444683E-34   9.559160485554475E-35    3.6173348768624473E-35   1.3683318134978043E-35   5.1701918728875856E-36   1.9368806224139223E-36   6.650191328064596E-37    0
% Data
% c (mol/m^3) @ t=200, u1=0.03, u2=0.03
1                         0.9684198249109268       0.9268338871396122       0.8750793175163747       0.8136823821586274       0.7438989560824341       0.6676688154033176       0.5874788148236636       0.5061456319232868       0.4265451375382403       0.3513287304017913       0.2826728870193358       0.22210352879295922      0.17042132572432966      0.12773154952189789      0.0935595890060758       0.06701796094434712      0.04698655124895708      0.03227411788747829      0.021741446821320825     0.014379760891459965     0.009348214876858232     0.005980023126954568     0.0037683265256339598    0.002341667546693063     0.001436394445770516     8.705889809182352E-4     5.218427414957848E-4     3.096173675256981E-4     1.8197773732043433E-4    1.0603343620346748E-4    6.129150422745584E-5     3.516977558770897E-5     2.0045115898237115E-5    1.1354156605516925E-5    6.394804204576293E-6     3.5828336702835995E-6    1.9977329281468344E-6    1.108992247961632E-6     6.131326970379893E-7     3.3771989852003967E-7    1.853805292479361E-7     1.0143660445197987E-7    5.534213165983017E-8     3.0112419519050365E-8    1.6343810850016627E-8    8.850347070987746E-9     4.782343250436278E-9     2.57906473508361E-9      1.3883098556450553E-9    7.460525336917744E-10    4.002787150546061E-10    2.144432817117508E-10    1.1472603387598064E-10   6.129854463830053E-11    3.2712424755652385E-11   1.743742840103177E-11    9.285157713340661E-12    4.939248057189089E-12    2.6249584087650708E-12   1.393790064655231E-12    7.394471429501198E-13    3.9198691048422215E-13   2.0763902188048904E-13   1.0990977462804297E-13   5.813923390087429E-14    3.073424270322235E-14    1.623713873972112E-14    8.573198293291948E-15    4.524122630931508E-15    2.3861347473972283E-15   1.2578675238962137E-15   6.627714207007319E-16    3.490523381495213E-16    1.8374844159432118E-16   9.668765423242592E-17    5.0855750683131644E-17   2.6738547068853715E-17   1.4053057737034234E-17   7.383212609502841E-18    3.877638503538099E-18    2.035833353193334E-18    1.068502041180962E-18    5.606240161020304E-19    2.940600178917302E-19    1.5419585050987166E-19   8.083251344272421E-20    4.236236725328501E-20    2.2195194527355617E-20   1.16258832271543E-20     6.088141065490186E-21    3.1874138807326897E-21   1.6683607436249962E-21   8.730517457911903E-22    4.567511581085747E-22    2.388640022345801E-22    1.2477829761055966E-22   6.486307744702105E-23    3.2881697248999786E-23   1.4406395583380648E-23   0
% Data
% c (mol/m^3) @ t=300, u1=0.03, u2=0.03
1                         0.9837127248442394       0.9619763727992332       0.9342557040185467       0.9002133329917467       0.8597647244665481       0.813119592791834        0.7608030399706446       0.7036512582391444       0.6427791668880742       0.5795207130890792       0.5153462930651245       0.4517652291451209       0.3902237931827598       0.33201030477510357      0.2781780110844807       0.22949381717528         0.18641695640086065      0.14910718674887272      0.11745801378919785      0.09114756909782253      0.06969854310349997      0.05253896510289227      0.03905725204454467      0.02864722989538452      0.0207411867725341       0.014831008917453117     0.0104788461035541       0.007319510019095006     0.00505701964063156      0.00345752997107218      0.002340482334164526     0.0015693362548761002    0.0010427829066118907    6.869536578317222E-4     4.488456575835128E-4     2.909879036513034E-4     1.872514829284036E-4     1.1964761045119262E-4    7.593802655751735E-5     4.7888525301162574E-5    3.0016041239806663E-5    1.870470698580198E-5     1.1591585749695958E-5    7.145647900425656E-6     4.3828171579117734E-6    2.6753361101040914E-6    1.6255911151634545E-6    9.834260303272537E-7     5.924531154399295E-7     3.554904966206315E-7     2.1249031260090244E-7    1.2654898951719394E-7    7.510243446561527E-8     4.4421053905970696E-8    2.6189276252756153E-8    1.5392706468165122E-8    9.020224666909992E-9     5.270863539128799E-9     3.0715439942934654E-9    1.7852056045958388E-9    1.034951262419402E-9     5.985399076171993E-10    3.4534024759263977E-10   1.9880142826424173E-10   1.1419458964378621E-10   6.545744441140395E-11    3.7444857455709866E-11   2.1378416061062532E-11   1.2182550269384618E-11   6.929597526910111E-12    3.93469796389903E-12     2.2303531811247957E-12   1.2621728691797812E-12   7.131321705576084E-13    4.022992330340899E-13    2.2660912830131678E-13   1.2746023958861984E-13   7.159133211376551E-14    4.015623307720381E-14    2.249416874102484E-14    1.2584277997949881E-14   7.031439526163272E-15    3.924039116060857E-15    2.1873106789544736E-15   1.2178393682737678E-15   6.773072048522641E-16    3.762796691125152E-16    2.0882278843623045E-16   1.1577087629889374E-16   6.411900306128072E-17    3.5477363606896077E-17   1.9611149764400906E-17   1.083049258229419E-17    5.975540479687567E-18    3.2931167249318452E-18   1.810971876860599E-18    9.890982193228192E-19    5.243251684884704E-19    2.3753844900361504E-19   0
% Data
% c (mol/m^3) @ t=400, u1=0.03, u2=0.03
1                         0.9906886990071933       0.9781768087238367       0.9620200087002929       0.9418270919186008       0.9172895018182002       0.88821015013651         0.8545290523268577       0.816343224140129        0.7739184567859221       0.7276910541218349       0.6782583623817654       0.626357897711936        0.5728359839861349       0.5186079235946736       0.4646126891256197       0.4117657996652795       0.3609143167851954       0.3127977009857957       0.26801761950885067      0.22701877687994013      0.19008160023751636      0.15732633920075692      0.128727021274318        0.10413288774240922      0.08329450623349813      0.06589172431240273      0.05156093617858293      0.03991967891636482      0.03058723496059641      0.023200580545444438     0.017425598958141598     0.012963919939090853     0.009556034001561816     0.006981471445547193     0.005056856679694833     0.0036325834042367474    0.0025887397313688544    0.0018307740171669485    0.001285254241922271     8.959505705924025E-4     6.203697226275873E-4     4.267931527375226E-4     2.9181740553974164E-4    1.9836096644864073E-4    1.3408329538618354E-4    9.015432336377058E-5     6.031283584689696E-5     4.0156894528437136E-5    2.661654232765959E-5     1.756695433710432E-5     1.1547955945441896E-5    7.562867554766696E-6     4.935691946334373E-6     3.210671111027344E-6     2.0822579426902714E-6    1.3466897890581906E-6    8.687544209855244E-7     5.591439682607624E-7     3.5912589407610675E-7    2.3023110736895478E-7    1.4735725180045714E-7    9.418100869810018E-8     6.012171533274564E-8     3.834113655320629E-8     2.4431535275681074E-8    1.555865528932425E-8     9.903955250038454E-9     6.3028417294576E-9       4.010760224313179E-9     2.5523854529672283E-9    1.6246383197451354E-9    1.03446119723414E-9      6.589756438203068E-10    4.20017036638233E-10     2.678833015580774E-10    1.7097728797258325E-10   1.0921246446667253E-10   6.98181279073673E-11     4.467268753652401E-11    2.860910697866237E-11    1.833835787427029E-11    1.1765533632373468E-11   7.555356704165584E-12    4.856060102887225E-12    3.1238444465452066E-12   2.0112172012831203E-12   1.2959213209002295E-12   8.3566564530775E-13      5.392665657434135E-13    3.48235347268964E-13     2.2501920374580246E-13   1.4548425464262268E-13   9.410498991246356E-14    6.088173570614388E-14    3.9361321670276845E-14   2.5360258176051454E-14   1.6130233639962995E-14   9.790365563082232E-15    4.893789814851329E-15    0
% Data
% c (mol/m^3) @ t=500, u1=0.03, u2=0.03
1                         0.9944242875148644       0.9868962072738309       0.9770908654391066       0.9646876566863196       0.949384716807722        0.9309149545102189       0.9090628805781602       0.8836812452593352       0.8547063366738104       0.8221707110228534       0.7862121435572724       0.7470777252352874       0.705122290562261        0.6608007395429099       0.6146542863692803       0.5672911877977941       0.5193630195198056       0.47153801597484346      0.42447330645433495      0.37878801892542263      0.3350391561900336       0.29370187940959963      0.2551553948190481       0.21967508936461497      0.18743097401381195      0.1584919454532931       0.13283493233237886      0.11035769434308496      0.09089390836353767      0.07422919742660489      0.060116907246603034     0.04829267132076972      0.03848708563012819      0.03043609786304281      0.023888972681423315     0.018613903547344282     0.014401493568753709     0.011066422392555165     0.008447659643471184     0.0064075879011176754    0.004830371278797095     0.0036198604590569794    0.002697271107544618     0.001998817317832455     0.0014734302564817895    0.00108064754371338      7.887225122406274E-4     5.729744962202797E-4     4.143810660237105E-4     2.9839954181467144E-4    2.139969082893344E-4     1.5286314095803365E-4    1.0878179139031309E-4    7.713249759288751E-5     5.450211869166901E-5     3.83838638236888E-5      2.6946684258803657E-5    1.886005297979709E-5     1.3161901271875756E-5    9.159829558642809E-6     6.357726524686784E-6     4.401618850476293E-6     3.039957356504427E-6     2.0946587958602375E-6    1.4401048336701372E-6    9.879894405857723E-7     6.764385869110471E-7     4.622330855847104E-7     3.1527334052938133E-7    2.1465566544472143E-7    1.4590160570765288E-7    9.900852338334505E-8     6.708271062831489E-8     4.53840685080238E-8      3.066048299643801E-8     2.0685400746602155E-8    1.3937460843949587E-8    9.379125713514457E-9     6.304099959987794E-9     4.232411000032976E-9     2.8384256321340117E-9    1.9015689916387494E-9    1.2726545271715585E-9    8.509243030590229E-10    5.684215237890654E-10    3.793723593414164E-10    2.5298340574719727E-10   1.6856381018407821E-10   1.1222676044078477E-10   7.466218027997331E-11    4.9634797968785905E-11   3.297262887443081E-11    2.188647559098019E-11    1.4512411301276654E-11   9.603979763467193E-12    6.324162999879714E-12    4.102400894700638E-12    2.531061517566643E-12    1.2793876561592136E-12   0
% Data
% c (mol/m^3) @ t=600, u1=0.03, u2=0.03
1                         0.996516433245553        0.9917982192922907       0.9856176488984154       0.9777373368824329       0.9679169178713128       0.9559211419232784       0.9415291734021758       0.9245447772603875       0.904806958697974        0.8822005159454765       0.8566658838320926       0.8282076001101041       0.7969007281216776       0.7628946262517763       0.7264135700659355       0.6877539045268513       0.6472776219685398       0.6054025106581602       0.5625892771937625       0.5193262884109174       0.4761127788862809       0.43344150522136377      0.39178188096021344      0.35156458824096964      0.31316853688547436      0.27691084216008083      0.24304024145324313      0.21173409584813566      0.18309885472909415      0.15717362705343163      0.1339363223146884       0.1133117095587766       0.09518069699338602      0.07939015239995643      0.06576265409220783      0.05410566823344038      0.0442197744947842       0.03590569300430239      0.028969988711240686     0.023229435648177        0.01851410784484209      0.014669323970255853     0.011556610031560664     0.009053861433056986     0.007054886294004723     0.005468500430945653     0.004217324976170042     0.0032364138683664886    0.0024718133529240296    0.0018791313453212731    0.0014221724959776786    0.0010716758785778914    8.041767387009036E-4     6.010016537253658E-4     4.4739749460946795E-4    3.3178833243400856E-4    2.451504257777682E-4     1.804931857501477E-4     1.3243310635463536E-4    9.684768822183262E-5     7.059705874296418E-5     5.130205226576544E-5     3.7168772003612886E-5    2.685097495435835E-5     1.934291004588278E-5     1.3896439680010537E-5    9.957353372092308E-6     7.116725423726147E-6     5.073975414195557E-6     3.6089678148783685E-6    2.5610470136699475E-6    1.8133605355581098E-6    1.2811908786249427E-6    9.033092451114589E-7     6.355954617465682E-7     4.463489915212812E-7     3.128559883523568E-7     2.1888512964220088E-7    1.5286733697251764E-7    1.0657704523048285E-7    7.41798906473038E-8      5.15471197359421E-8      3.5763472072570136E-8    2.477493830102186E-8     1.7137321657081004E-8    1.1837224099568719E-8    8.164915749770865E-9     5.624268319048516E-9     3.869094828105809E-9     2.6582537491528735E-9    1.8240535561725793E-9    1.2500608890166886E-9    8.555390390179369E-10    5.84544827136831E-10     3.9827845405056927E-10   2.696730691541828E-10    1.7946641342685068E-10   1.131307101503536E-10    5.8033794597903264E-11   0
% Data
% c (mol/m^3) @ t=700, u1=0.03, u2=0.03
1                         0.9977568879893052       0.994712004628255        0.9907073579169705       0.9855727849713829       0.9791288609738701       0.9711907366499353       0.9615728922011183       0.9500947399563908       0.936586945988265        0.9208982760777166       0.9029027081930346       0.8825064973309565       0.8596548348329908       0.8343377187599174       0.8065946495780807       0.7765177900176455       0.7442532813599888       0.7100004900408076       0.6740090649955108       0.636573811455873        0.5980275221728869       0.558732041567889        0.5190679603951367       0.4794234366886327       0.4401827032474813       0.40171484579140126      0.3643634162184678       0.32843738359601         0.2942038274628462       0.26188265325435744      0.2316434702030835       0.20360463089937417      0.17783430117138943      0.15435331937769795      0.13313952286300323      0.11413316991016495      0.09724306818289735      0.08235303246171613      0.06932833019443581      0.058021826404455794     0.048279602779278286     0.039945892619951476     0.03286723806016993      0.02689583418555042      0.021892073492482306     0.01772634203058666      0.014280145306431437     0.011446658276319306     0.009130800866666709     0.007248940147139167     0.005728314386632104     0.004506264525228935     0.003529346683308068     0.002752386520404038     0.002137523571701819     0.001653281857129074     0.001273692541510745     9.774854679956936E-4     7.473590618911481E-4     5.693323532945496E-4     4.321785562409123E-4     3.269365833296835E-4     2.464948617199207E-4     1.852406430168291E-4     1.3876747390725053E-4    1.0363344655177348E-4    7.71631338062184E-5      5.728661713334766E-5     4.2409642704634345E-5    3.1309624465298096E-5    2.3052901986692658E-5    1.6929321797694072E-5    1.2400822185941364E-5    9.061251391253175E-6     6.605132897434067E-6     4.803509289727581E-6     3.485351232376543E-6     2.5233158191910465E-6    1.8228851292255849E-6    1.3141178594368648E-6    9.454108430136785E-7     6.787991048549431E-7     4.86428277122857E-7      3.4791646533784645E-7    2.483881232366941E-7     1.770136345460196E-7     1.2592800575368855E-7    8.943272688011012E-8     6.34083938865049E-8      4.488366575956906E-8     3.171979418594387E-8     2.2380294530854448E-8    1.576308733694221E-8     1.1078212564433965E-8    7.758429688241127E-9     5.392940080733714E-9     3.6762068323605656E-9    2.3642636147521258E-9    1.2294593358879987E-9    0
% Data
% c (mol/m^3) @ t=800, u1=0.03, u2=0.03
1                         0.9985239084369374       0.9965168217056545       0.9938690523149419       0.9904598329772627       0.9861584178556765       0.9808257487402295       0.9743167219394393       0.9664830679135692       0.9571768266142691       0.9462543680239675       0.9335808709177535       0.919035135318074        0.9025145678480132       0.8839401469231529       0.8632611493401922       0.8404594041636608       0.8155528364179306       0.7885980739146338       0.7596919166811347       0.728971509902184        0.6966131167784652       0.6628294546503457       0.6278656322845072       0.5919938034874438       0.5555067266270248       0.5187104854492985       0.48191667837288404      0.4454344167619454       0.4095624844986856       0.37458200029315997      0.3407498913730705       0.30829343522324726      0.27740605928733464      0.2482445125777557       0.22092744411423718      0.1955353471014025       0.17211176015890425      0.15066556196855885      0.13117415616691         0.11358732036944642      0.09783148653451426      0.083814227846932        0.07142874735614445      0.0605581925996926       0.05107965503878207      0.042867750117758736     0.03579771030770946      0.029747957334268656     0.024602149284202263     0.020250722437524685     0.016591966069733715     0.013532681189731595     0.010988481673701417     0.008883799226119359     0.007151652887631028     0.005733240299687995     0.004577402478919717     0.003640007215799601     0.0028832890400234245    0.002275176504854482     0.00178863071794479      0.0014010128478633447    0.0010934929185957996    8.505076366094233E-4     6.592712778413893E-4     5.09340748369163E-4      3.922337445001758E-4     3.010973801110042E-4     2.304236192745782E-4     1.758072500102014E-4     1.337418667837187E-4     1.014493118503795E-4     7.673818725977183E-5     5.7887331215548054E-5    4.3550507185831116E-5    3.267894511574267E-5     2.4458774095941165E-5    1.826077557206832E-5     1.3600252740660715E-5    1.0105147325058263E-5    7.490835467152895E-6     5.540298834995104E-6     4.0885960329458335E-6    3.0107551079483554E-6    2.2123732450397708E-6    1.6223478943203745E-6    1.1872779308803955E-6    8.671672901255017E-7     6.321399008651804E-7     4.5993642564075467E-7    3.3401275024824723E-7    2.4209942828413013E-7    1.7511209590452368E-7    1.2632652998092607E-7    9.074932955068413E-8     6.462624808733292E-8     4.5033947815246095E-8    2.9494338687353725E-8    1.5526937542175768E-8    0
% Data
% c (mol/m^3) @ t=900, u1=0.03, u2=0.03
1                         0.9990124468145033       0.9976678373678394       0.9958897280614377       0.9935925899962819       0.9906820700609782       0.9870555809883951       0.9826032605370366       0.9772093308546563       0.9707538766191595       0.9631150448103721       0.95417165026551         0.9438061500908762       0.9319079273914138       0.9183768017454343       0.9031266617249745       0.8860890950370439       0.8672168761093098       0.8464871607063902       0.8239042338240666       0.7995016617617264       0.7733437125893626       0.7455259313384975       0.7161747866689445       0.685446343346605        0.6535239578173551       0.6206150401180218       0.5869469715429568       0.5527623108747378       0.5183134595978095       0.4838569856302954       0.4496478235496182       0.4159335756183182       0.3829491316045671       0.3509118068711841       0.32001716884784626      0.2904356839848528       0.26231027339849805      0.23575481878388443      0.21085361396990532      0.1876617146764055       0.1662061020940574       0.14648754669261854      0.1284830382851932       0.11214863719252222      0.0974225990207269       0.08422863116145242      0.0724791512846617       0.0620784351968245       0.052925561758840035     0.0449170844273507       0.037949380898037205     0.031920653040183905     0.026732567867146326     0.022291546047859136     0.018509717087471886     0.015305569709168791     0.012604332285722891     0.010338121688533578     0.008445900038527845     0.0068732780071093244    0.0055722009890891815    0.004500551096155225     0.0036216938985489527    0.002903994515940737     0.0023203233029230825    0.0018475672014511449    0.001466158991657879     0.0011596332587452203    9.142149560272388E-4     7.184439948275435E-4     5.628373152755204E-4     4.3958835319363697E-4    3.4230267012636385E-4    2.657677027602384E-4     2.0575405948623215E-4    1.5884549234026596E-4    1.222945527318189E-4     9.390095537049526E-5     7.190978887555423E-5     5.492689220430724E-5     4.1848937763947146E-5    3.1806004877850904E-5    2.411467601063928E-5     1.8239931802504106E-5    1.3764351932267438E-5    1.0363342278624938E-5    7.785302075061963E-6     5.835816650188562E-6     4.365111941725284E-6     3.2581370355936235E-6    2.4267516574412043E-6    1.8035880047254323E-6    1.337231336628733E-6     9.884211366137892E-7     7.270122573744995E-7     5.294473319562156E-7     3.764649171285468E-7     2.50676080224886E-7      1.334341821441756E-7     0
% Data
% c (mol/m^3) @ t=1000, u1=0.03, u2=0.03
1                         0.9993305336978904       0.9984180160753771       0.9972089214080906       0.9956426197574076       0.9936512706967641       0.9911599016117519       0.9880867032450503       0.9843435724736325       0.9798369276996682       0.9744688155855307       0.9681383191428479       0.9607432664905641       0.9521822271587839       0.9423567690117964       0.9311739342216516       0.9185488779087976       0.9044075988628366       0.8886896790328386       0.8713509381396065       0.8523659026994401       0.8317299857640151       0.8094612754249003       0.7856018370347253       0.7602184463111138       0.7334026878397778       0.7052703754546051       0.6759602766697846       0.6456321515754969       0.6144641459262867       0.5826496069173147       0.5503934166615589       0.5179079610145698       0.4854088686955929       0.4531106664867542       0.4212224999254238       0.389944065083469        0.35946188599711987      0.3299460548035732       0.30154752881116         0.2743960520633001       0.24859874014201405      0.224239337751875        0.20137813071828545      0.18005246892078336      0.16027783556754185      0.1420493819487756       0.12534383584397688      0.1101216861772285       0.09632954604531577      0.08390260032632929      0.07276705194087456      0.06284249158242965      0.054044128406470195     0.046284832840684534     0.039476956503376584     0.03353390747113684      0.028371471248476058     0.023908878351798044     0.02006962817739235      0.01678208567301743      0.013979872294281288     0.011602075918228483     0.009593305996773344     0.007903620496881605     0.006488350349735367     0.005307845476850707     0.004327164223422019     0.003515725429982396     0.002846939603543211     0.002297832864892546     0.0018486746708671956    0.0014826178271172637    0.0011853570762067722    9.4481060024156E-4       7.508271280083663E-4     5.949199789576473E-4     4.7002829345109165E-4    3.703048656803276E-4     2.909293829861265E-4     2.2794545137206062E-4    1.7811952024782512E-4    1.3881967982067207E-4    1.0791226458021212E-4    8.367423162160583E-5     6.471937214148104E-5     4.993654072595307E-5     3.843823563595091E-5     2.951802264845772E-5     2.261545600219144E-5     1.7287305302145678E-5    1.3184040564908936E-5    1.0030652543571995E-5    7.610983806421644E-6     5.754804681947654E-6     4.326863990374448E-6     3.2170347993828504E-6    2.3303807550095633E-6    1.575340629651354E-6     8.469920974922822E-7     0
% Data
% c (mol/m^3) @ t=1100, u1=0.03, u2=0.03
1                         0.9995458534335584       0.9989261979366465       0.9981036488491823       0.9970354007159467       0.9956729689256565       0.9939620275423284       0.9918423672939847       0.989247997846278        0.9861074176453036       0.9823440726082077       0.977877021647622        0.9726218223575488       0.966491644145179        0.9593986087189174       0.9512553492748099       0.9419767701895276       0.9314819788491737       0.9196963508305307       0.9065536794956696       0.891998351714902        0.8759874834865347       0.8584929432689468       0.839503187441969        0.8190248319556465       0.7970838872720737       0.7737265903676284       0.7490197778519898       0.7230507579713394       0.6959266559605777       0.6677732262333435       0.6387331453888916       0.6089638209539132       0.5786347710503557       0.5479246486484095       0.5170179996456878       0.48610185576710335      0.4553622704771999       0.4249809082845744       0.3951317948571516       0.3659783274456152       0.33767063273206577      0.31034334315741985      0.2841138440209868       0.25908102330901767      0.23532453546274154      0.21290457026862067      0.1918620997560196       0.17221956025290142      0.1539819141886972       0.13713802721067453      0.12166229081604715      0.10751641888934478      0.09465134797163426      0.08300917532281728      0.07252507531649603      0.06312914282263589      0.05474812137403362      0.04730698349903653      0.040730340119401486     0.03494366492787423      0.029874327840881638     0.02545243873329785      0.021611508565940383     0.01828893965983946      0.015426360274941382     0.012969820893026516     0.010869870805493056     0.009081533913438349     0.007564202220701106     0.006281464502734318     0.005200886220849572     0.004293755064372586     0.003534804666513892     0.0029019271569994958    0.0023758833685973593    0.0019400177683328997    0.0015799835815965759    0.0012834821463983636    0.0010400192898645062    8.406804627507188E-4     6.77925494770337E-4      5.454031322122603E-4     4.3778497380271894E-4    3.506180127434095E-4     2.8019470291492564E-4    2.2343927578686343E-4    1.7780892244527463E-4    1.4120840367805686E-4    1.1191664168498124E-4    8.852386001378379E-5     6.98778505051234E-5      5.5037925984954406E-5    4.3235017516237194E-5    3.383611665142901E-5     2.6310710744067123E-5    2.0195773831685066E-5    1.5053831126154546E-5    1.0414851501390443E-5    5.685881994452711E-6     0
% Data
% c (mol/m^3) @ t=1200, u1=0.03, u2=0.03
1                         0.999690164179846        0.9992670329098308       0.9987044530383368       0.9979722067337583       0.9970357178729528       0.9958558034048818       0.9943884860162712       0.9925848855624038       0.9903912073913359       0.9877488457572966       0.9845946198661869       0.9808611586122694       0.9764774476601519       0.9713695491402329       0.965461499838752        0.9586763884044729       0.9509376058486138       0.942170256631463        0.9323027101221637       0.9212682644657681       0.9090068872309564       0.8954669900278234       0.8806071879946887       0.8643979900835426       0.846823362838061        0.8278821092250401       0.8075890053448475       0.7859756417013221       0.7630909222202072       0.7390011832832077       0.7137899064487961       0.6875570118589135       0.6604177340342045       0.6325010971695528       0.6039480224017197       0.5749091140385196       0.5455421846346735       0.5160095893616689       0.48647544775573165      0.4571028352107723       0.4280510272791063       0.3994728769318863       0.37151239860722957      0.3443026235285372       0.317963778966854        0.2926018305319537       0.26830741196328073      0.24515515203004196      0.22320339378355808      0.20249428820013954      0.18305423275974847      0.16489461613449802      0.14801282316804526      0.13239344981430992      0.11800967562971405      0.10482474161007742      0.09279348336411829      0.08186387348142256      0.0719785321029252       0.06307617074150411      0.05509294094496947      0.047963666090118075     0.04162294113701622      0.036006091305129266     0.03104998616522761      0.026693710441211518     0.022879096808800597     0.019551129138561333     0.016658226976588645     0.01415242363849993      0.011989451186986652     0.010128745861719723     0.008533387332911143     0.0071699845580056555    0.00600852013299183      0.005022163936397332     0.004187065645738673     0.003482134431894301     0.002888812863098687     0.0023908508213631263    0.0019740840829716       0.0016262211637054433    0.0013366410918806552    0.0010962039535229136    8.97075352723184E-4      7.325653391897568E-4     5.969818614008688E-4     4.854983884431908E-4     3.940349789866868E-4     3.19151721017847E-4      2.5795305761007725E-4    2.0800094965036446E-4    1.672339345359429E-4     1.3388762721150389E-4    1.0640956941143768E-4    8.335668239014257E-5     6.325537977582554E-5     4.438996897355025E-5     2.4459641232767135E-5    0
% Data
% c (mol/m^3) @ t=0, u1=0.03, u2=0.05
1                         -5.069401922627066E-8    2.724656709418857E-15    3.421885013855533E-20    5.1055724537486383E-26   5.831756625091726E-32    5.95228071258488E-38     5.707686170230607E-44    5.259823408206005E-50    4.715343799710165E-56    4.142543792545835E-62    3.5833774282293477E-68   3.0619695156077488E-74   2.5906042865195256E-80   2.1739009194871986E-86   1.8116935220212353E-92   1.5009909045016165E-98   1.2372872974977194E-104  1.0154190658112588E-110  8.301070463814932E-117   6.785229256746803E-123   6.166365818226109E-129   5.588521660191392E-135   5.052240395775456E-141   4.5571233805918764E-147  4.1020809627493405E-153  3.6855321177118514E-159  3.305561958868725E-165   2.9600449739957646E-171  2.6467404697673856E-177  2.363365567038037E-183   2.1076501416337943E-189  1.8773773176856356E-195  1.670412466859252E-201   1.4847231251512833E-207  1.3183917907458213E-213  1.1696231962023447E-219  1.0367473430071567E-225  9.182193353186836E-232   8.126168434784996E-238   7.186358588873782E-244   6.350852637928152E-250   5.608806270637317E-256   4.950375457031524E-262   4.3666477795935857E-268  3.849573543662209E-274   3.3918980530335013E-280  2.987096055994546E-286   2.629309065240053E-292   2.3132860179533295E-298  2.0343275572889407E-304  1.788234074707E-310      1.5721069E-316           1.33E-322                0                        0                        0                        0                        0                        0                        0                        0                        0                        0                        0                        0                        0                        0                        0                        0                        0                        0                        0                        0                        0                        0                        0                        0                        0                        0                        0                        0                        0                        0                        0                        0                        0                        0                        0                        0                        0                        0                        0                        0                        0                        0                        0                        0                        0                        0                        0
% Data
% c (mol/m^3) @ t=100, u1=0.03, u2=0.05
1                         0.923557116309839        0.8264881276084344       0.7135636185703809       0.5920086974692222       0.47035036171489364      0.3568743401741044       0.2581104233951304       0.17780906013922645      0.11671168643687348      0.07309703055876804      0.043782167473270545     0.025151134774073703     0.01390219101149482      0.007418799857926808     0.0038349003567558675    0.0019263340730654042    9.431813620086585E-4     4.516491606905416E-4     2.129590317376005E-4     1.0199243125083307E-4    5.045119462427645E-5     2.4611631307594297E-5    1.1857451218078818E-5    5.649007295069854E-6     2.6642101756064273E-6    1.2451178355684582E-6    5.771365947829724E-7     2.6552762429839005E-7    1.2133940750736915E-7    5.510858422763616E-8     2.4888356219790126E-8    1.1182553180496884E-8    5.000792737982598E-9     2.2266662760043687E-9    9.875008749556778E-10    4.3633313570058516E-10   1.9213919917988436E-10   8.43407877716154E-11     3.6913018569432415E-11   1.611123325619555E-11    7.013975334932201E-12    3.046194115179966E-12    1.3200003480225064E-12   5.70785810876331E-13     2.463254968405342E-13    1.0610418474848059E-13   4.562347875001639E-14    1.9584800482826265E-14   8.39389665075703E-15     3.592176506757194E-15    1.5350923093828266E-15   6.551260479824547E-16    2.792269602842839E-16    1.188662344583234E-16    5.054207655579031E-17    2.146664430144572E-17    9.107796240770912E-18    3.860296763110692E-18    1.6345763786420324E-18   6.914879412797123E-19    2.9226413109691745E-19   1.234222892166692E-19    5.207791467209908E-20    2.1956816616638143E-20   9.250262791940096E-21    3.8942161503953646E-21   1.638245664601471E-21    6.887190080549297E-22    2.8934745921786994E-22   1.2148475684453185E-22   5.0975073308266013E-23   2.1376512506523066E-23   8.959160112564412E-24    3.7528162992400644E-24   1.5711389740193906E-24   6.5742550125614265E-25   2.749540733755602E-25    1.1493760304287388E-25   4.80240604025887E-26     2.0056562108773544E-26   8.372609375150711E-27    3.493634602038681E-27    1.4571752959145613E-27   6.075316649356208E-28    2.5319420081245916E-28   1.0548021932680995E-28   4.392636387879734E-29    1.828608748426409E-29    7.60959976254542E-30     3.165573010087026E-30    1.3164252731371224E-30   5.4726434959410505E-31   2.2743574638978864E-31   9.44896188113142E-32     3.9244059242127704E-32   1.629309917748542E-32    6.757547653178368E-33    2.780583805252795E-33    1.052086920151052E-33    0
% Data
% c (mol/m^3) @ t=200, u1=0.03, u2=0.05
1                         0.9684198249478643       0.9268338872545943       0.8750793178214119       0.8136823829415305       0.7438989580708701       0.6676688204226565       0.5874788274233613       0.5061456633675931       0.42654521551968627      0.35132892247756575      0.2826733566184536       0.2221046676647471       0.17042406359263823      0.12773806902886448      0.09357495399345366      0.0670537699155406       0.047069002424821337     0.03246149967388547      0.02216134298572987      0.015306547323884076     0.0107144789156384       0.007392480396171738     0.00503156452310017      0.0033812508518713284    0.0022453014753029263    0.0014745034718949988    9.583590191296613E-4     6.169412833609548E-4     3.936385445548149E-4     2.49101927785496E-4      1.5644151028989723E-4    9.756060441950505E-5     6.044764949896348E-5     3.722931109175887E-5     2.2803074924593024E-5    1.3896057689164315E-5    8.428535278267357E-6     5.090188493857821E-6     3.061844273349739E-6     1.834991884676989E-6     1.095999338812214E-6     6.525661624159479E-7     3.8741858471444255E-7    2.293890903344572E-7     1.3548405301435155E-7    7.983733035198162E-8     4.694601533472055E-8     2.7550700688289586E-8    1.6138692136820048E-8    9.437592185820601E-9     5.510131119528452E-9     3.2123058273761937E-9    1.870115858720571E-9     1.087315811891981E-9     6.314138557611341E-10    3.6624899038871854E-10   2.1221336384326128E-10   1.2283739694114597E-10   7.103550585514584E-11    4.104221250863553E-11    2.3692891587321802E-11   1.3666500924975913E-11   7.87711194397032E-12     4.536952131320658E-12    2.6113477673864993E-12   1.5020461270846434E-12   8.634427305223924E-13    4.960531830084296E-13    2.848257438761392E-13    1.634547726804526E-13    9.375483689267065E-14    5.374983680326092E-14    3.080045107820937E-14    1.764176245668045E-14    1.0100428968566806E-14   5.780403228744365E-15    3.3067700059199257E-15   1.89096742229386E-15     1.080947479133795E-15    6.176914150884407E-16    3.528503695546299E-16    2.0149623615399522E-16   1.1502855947195912E-16   6.564649986431404E-17    3.745321879559676E-17    2.1362038695634628E-17   1.2180814002227443E-17   6.943746841026108E-18    3.9573011331565315E-18   2.254734930247814E-18    1.2843588237103524E-18   7.314332102918146E-19    4.164491056414776E-19    2.3705145986068326E-19   1.3488789430154366E-19   7.668285906075647E-20    4.3410564727808104E-20   2.4022656572031864E-20   1.156491354085322E-20    0
% Data
% c (mol/m^3) @ t=300, u1=0.03, u2=0.05
1                         0.9837127295503494       0.9619763862654347       0.9342557358074687       0.9002134044141248       0.8597648820111352       0.8131199366493377       0.7608037839496279       0.7036528542721953       0.6427825608919386       0.5795278646373236       0.5153612179092921       0.4517960634354403       0.39028682447503843      0.33213772933038016      0.27843263279948977      0.22999644845469996      0.18739662478046878      0.1509914753468902       0.12103255029091978      0.09783202588433401      0.07955011601141382      0.063922821463089        0.05076919641439067      0.03986308745449489      0.030951668826938224     0.023772298203958774     0.018066554675721026     0.013590895083355961     0.010123864044877303     0.007470162904012316     0.005462108399698165     0.0039591068443225646    0.002845763812012215     0.0020291775334796316    0.0014358583329689054    0.0010086015337220395    7.035341275303026E-4     4.874654872277617E-4     3.3560299495829306E-4    2.296442136678325E-4     1.562254451849039E-4     1.0568854925351265E-4    7.112002348205514E-5     4.7615268979287313E-5    3.172403992846528E-5     2.1038327497469845E-5    1.3890001098854312E-5    9.131561618730879E-6     5.978862911190848E-6     3.899400822494607E-6     2.5336930237343163E-6    1.6404173582040944E-6    1.058431813238665E-6     6.806756402773263E-7     4.363588978895798E-7     2.7888703972070326E-7    1.777237554766045E-7     1.1293913173764963E-7    7.157673863878489E-8     4.524516911626716E-8     2.8529063847041762E-8    1.7945596179872265E-8    1.1262153317463387E-8    7.052034295789817E-9     4.40627247297279E-9      2.747420332108835E-9     1.709649209876897E-9     1.0618102358634547E-9    6.582233260882928E-10    4.072989148169186E-10    2.5158965770293923E-10   1.551445836592363E-10    9.551430198290748E-11    5.870982073495943E-11    3.6031743733135704E-11   2.208069123569028E-11    1.3511784302542541E-11   8.256659056193776E-12    5.038552258826467E-12    3.0706785476334847E-12   1.8689892442312485E-12   1.1361590097049597E-12   6.898372813804376E-13    4.1835425064788377E-13   2.534229002392743E-13    1.5334347010971783E-13   9.268630356159717E-14    5.5964066844407355E-14   3.375658485575106E-14    2.0341121811513206E-14   1.2245303847379054E-14   7.364660586555074E-15    4.4251905940041565E-15   2.6564589935953456E-15   1.592959425920087E-15    9.534329335610515E-16    5.672550877345285E-16    3.2845131490854933E-16   1.6364110962915423E-16   0
% Data
% c (mol/m^3) @ t=400, u1=0.03, u2=0.05
1                         0.9906835171910615       0.978164966714006        0.9620002780473692       0.9417987599864766       0.917252699198719        0.8881662572284134       0.8544812359209978       0.8162972219040836       0.7738838507732535       0.727683488747389        0.6783035221455689       0.6264986496158658       0.5731450377496248       0.5192098618329655       0.4657215497258178       0.4137479487892817       0.36439167040930465      0.3188141355707639       0.2783025258444433       0.244397166917119        0.21525627498237687      0.18795368237985607      0.16267370230150702      0.13954352411489235      0.1186315016960581       0.09994882101303328      0.08345416276436532      0.06906073293254185      0.056644889535919035     0.04605555373201864      0.03712364670781904      0.029670917460598377     0.023517691964003405     0.018489252975383272     0.014420728232520899     0.01116050649966684      0.008572307009865105     0.006536096264470422     0.004948079955271951     0.0037200032027330156    0.002777976965879231     0.002061019960877008     0.001519470359010452     0.0011133851195189721    8.110106898867363E-4     5.873791793895812E-4     4.230600037310878E-4     3.03078558030222E-4      2.1600027404851247E-4    1.531697034531412E-4     1.0808916068107905E-4    7.591908019029374E-5     5.30818044634292E-5      3.695136051255467E-5     2.5613383700273157E-5    1.7681321819527254E-5    1.2157129068188982E-5    8.326662769407033E-6     5.68182187567219E-6      3.863064549807308E-6     2.617297558881566E-6     1.767250899951126E-6     1.189358221523142E-6     7.978847028210049E-7     5.336082685466306E-7     3.557953467169392E-7     2.3654407934432556E-7    1.5681778897954645E-7    1.0367782905819316E-7    6.83625608969523E-8      4.495995224359082E-8     2.9494458507167816E-8    1.9301580022388416E-8    1.2601225324937094E-8    8.207836723462762E-9     5.334185785805157E-9     3.4590555818549744E-9    2.2383213034475074E-9    1.4453977987560375E-9    9.314855613543671E-10    5.99116805138979E-10     3.8460556090849024E-10   2.464390759456711E-10    1.5762099565983865E-10   1.0063495554172731E-10   6.414060938711162E-11    4.081174950004984E-11    2.5925258733687135E-11   1.644235350749804E-11    1.0411767927560306E-11   6.582948807134473E-12    4.155913383254042E-12    2.6198272703233476E-12   1.6490393914537138E-12   1.0362212745049988E-12   6.493481699728772E-13    4.037736232133133E-13    2.432823109747527E-13    1.2485614094530916E-13   0
% Data
% c (mol/m^3) @ t=500, u1=0.03, u2=0.05
1                         0.994358525056883        0.986745044596916        0.9768363474389643       0.9643160242276817       0.94888928511513         0.9302992069137713       0.9083436456987144       0.8828919264774925       0.8539003863661404       0.82142593557121         0.7856370442027045       0.7468219925555284       0.7053948639823469       0.6619006342539976       0.6170218363434847       0.5715906678682018       0.5266120690239262       0.48330523532753156      0.44317323547019144      0.408112854579533        0.37645043480589535      0.34515873148399695      0.3144966165210878       0.2847147433500146       0.25604762993231983      0.22870631464499663      0.20287203620511693      0.1786913149293248       0.15627270296783846      0.13568533849523912      0.11695929873909075      0.1000876149739704       0.08502970283128998      0.07171588312440605      0.06005262658431868      0.04992815020632297      0.041218018882721925     0.03379045627134432      0.02751113459808069      0.022247285424890285     0.017871044488325258     0.01426200744500358      0.011309025742916175     0.008911310907180245     0.006978941081992745     0.005432876837270491     0.004204596022310887     0.0032354522460347466    0.0024758508602196693    0.001884322391793299     0.0014265581209515364    0.0010744574035149955    8.052224155818185E-4     6.005238826508268E-4     4.4575133883582136E-4    3.293535869360947E-4     2.422691641987753E-4     1.7744252176851792E-4    1.2941900616590912E-4    9.4010285660112E-5       6.80213068233388E-5      4.902994401056838E-5     3.5211005511157495E-5    2.5197016217603225E-5    1.7969079932660636E-5    1.2772042603466352E-5    9.049068195424579E-6     6.391562478707708E-6     4.501115380409409E-6     3.1607712829062817E-6    2.2134790081071536E-6    1.5460250490708204E-6    1.0771238610516405E-6    7.486380753706291E-7     5.191399544051958E-7     3.592133525484185E-7     2.480420331415776E-7     1.70943420824186E-7      1.1759355933533835E-7    8.075487306414416E-8     5.536793611183417E-8     3.79055670864589E-8      2.591515133030226E-8     1.7695463793193316E-8    1.2069222103481463E-8    8.223518826113917E-9     5.598212049053995E-9     3.808083930705001E-9     2.5886982401533353E-9    1.7588387480933168E-9    1.194513997756785E-9     8.110074735936507E-10    5.505079251163833E-10    3.7359689412635335E-10   2.533871956101342E-10    1.7145562705715672E-10   1.1492506677495652E-10   7.411432047836114E-11    3.999638168051048E-11    0
% Data
% c (mol/m^3) @ t=600, u1=0.03, u2=0.05
1                         0.996481596570225        0.99171801470603         0.9854823053124501       0.9775393168688822       0.9676528536627704       0.9555943297982071       0.9411527955686572       0.9241461547763576       0.9044333635028408       0.8819274217163057       0.8566090607697332       0.8285412161199124       0.7978846801248561       0.7649157784329812       0.7300475263141027       0.693856513919114        0.6571187488255457       0.6208588445540659       0.5864182616007094       0.555549735833002        0.5268264366736076       0.4975018340166918       0.4677513126323114       0.43776664348828637      0.4077519865658564       0.37791912772015684      0.34848214621069634      0.3196517623032698       0.2916296492774765       0.26460300666282904      0.2387396795286151       0.21418407303888376      0.1910540559197914       0.16943897687139034      0.14939884153905456      0.13096462201010836      0.11413960281736071      0.09890161254940233      0.085205951868964        0.07298880839146452      0.06217094587083447      0.05266146727645272      0.04436147533334071      0.037167486106184325     0.0309744873670088       0.025678570292109133     0.021179097621071348     0.01738040169501551      0.01419303049288569      0.011534578362025477     0.00933015066238119      0.007512518538230995     0.006022022318716231     0.004806280599619203     0.0038197578739012465    0.0030232375969685885    0.0023832406143126632    0.001871421612772937     0.001463969190516551     0.0011410286300221229    8.861607225884535E-4     6.85845139982254E-4      5.290329000808819E-4     4.067493878728233E-4     3.117470894839367E-4     2.3820557084683217E-4    1.8147517130023236E-4    1.3786027421902068E-4    1.0443775826989841E-4    7.890623270639352E-5     5.9461840860549096E-5    4.469671449801896E-5     3.3516528290227715E-5    2.5074000695812468E-5    1.871558774512123E-5     1.3939000823939034E-5    1.0359536580453967E-5    7.683529771159146E-6     5.687525311261619E-6     4.202013826290158E-6     3.098787262581316E-6     2.2811503798942715E-6    1.6763735971225788E-6    1.2298962960386721E-6    9.0089088057474E-7       6.588800141985376E-7     4.811655932792351E-7     3.5088089395466313E-7    2.5551933082751986E-7    1.8582641656412287E-7    1.349675131951104E-7     9.79042139469726E-8      7.092778815056718E-8     5.1309836463160946E-8    3.7038466635343817E-8    2.6612432156944706E-8    1.8863557477987204E-8    1.2763095690734226E-8    7.124206396370981E-9     0
% Data
% c (mol/m^3) @ t=700, u1=0.03, u2=0.05
1                         0.9977426108787366       0.9946794425300823       0.9906534019203032       0.9854963131491838       0.979032337513206        0.9710825281393985       0.9614706044523741       0.9500300243228399       0.9366124376648256       0.9210976337202929       0.9034051564129713       0.883507870651264        0.8614479309344789       0.8373558456550859       0.8114736582702688       0.7841836889814994       0.756044801105827        0.7278387699721566       0.7006300222581896       0.6758427480258674       0.6523278983593906       0.627805751776243        0.6023502152010886       0.5760536767418736       0.549026746288548        0.5213973622383417       0.4933092330269156       0.4649196177591134       0.4363964896487389       0.40791516607646244      0.37965452633471075      0.351792969023102        0.3245042825016334       0.2979536115578864       0.2722937003965569       0.24766157639763278      0.22417581225040223      0.20193446854724628      0.18101377793731704      0.16146758905153544      0.14332754709738532      0.1266039513301859       0.11128719987805646      0.09734971111257956      0.08474819850175778      0.07342617241231827      0.06331654671719417      0.05434423889329724      0.046428667866218014     0.039486072392766955     0.03343159257741432      0.028181076716984874     0.023652593876027497     0.019767648559934566     0.01645210704938718      0.013636855161398176     0.01125821443148741      0.009258148181287592     0.007584290989533316     0.006189835139946661     0.005033306121921237     0.004078256643358564     0.0032929052760864775    0.002649742134864807     0.0021251201698368784    0.0016988469435637505    0.0013537883204970378    0.001075492417616579     8.518395030425599E-4     6.727213014443421E-4     5.297513604466822E-4     4.160067213784392E-4     3.25800079055388E-4      2.544808610687154E-4     1.9826315773725399E-4    1.5407814142119586E-4    1.194484838826506E-4     9.238227335871763E-5     7.128401509702659E-5     5.488044207551393E-5     4.215904369349121E-5     3.2317421530517905E-5    2.4721789314426512E-5    1.887313919835919E-5     1.437979153617437E-5     1.093522621456389E-5     8.300257782340765E-6     6.288763054229607E-6     4.75629849446613E-6      3.5910560674154025E-6    2.70670119720345E-6      2.0367156043556994E-6    1.5299306411779403E-6    1.1469801202913837E-6    8.574156059525957E-7     6.371858076511716E-7     4.660211390888522E-7     3.2383031571766676E-7    1.841388270252719E-7     0
% Data
% c (mol/m^3) @ t=800, u1=0.03, u2=0.05
1                         0.9985208823766722       0.9965106198792079       0.9938609645517283       0.990453660152892        0.9861620754162644       0.9808536325907908       0.974393163259888        0.966647337891453        0.9574903378623534       0.9468109730974121       0.9345215001414013       0.9205684703699264       0.9049460425007954       0.8877123338696444       0.8690095665297873       0.8490889907258247       0.8283418401113476       0.8073378858881183       0.7868734997827037       0.7680314884785084       0.7499274356880955       0.7307794035261044       0.7105942016212028       0.6893909055262536       0.667201975481729        0.6440741437660926       0.6200690023591091       0.5952632276716878       0.5697483889752865       0.5436303018806933       0.5170279072956955       0.4900716787809866       0.46290158573469387      0.43566466464657316      0.40851227387643835      0.38159712714799593      0.35507021554815843      0.3290777360245181       0.3037581454623726       0.27923945329611066      0.255636852785408        0.23305077263331517      0.21156540803496204      0.19124776527668327      0.17214722849024625      0.1542956328464054       0.13770780684680206      0.12238252859676475      0.10830382776023878      0.09544255663795612      0.08375815040488735      0.07320049759454554      0.06371184677567715      0.05522868321889764      0.04768351931059001      0.04100655365737201      0.03512716542379448      0.02997522176050702      0.02548218665429029      0.021582028763043465     0.018211933536449187     0.015312831051753998     0.012829755514826586     0.010712055381424451     0.008913474699917526     0.007392126763247865     0.006110380702998485     0.005034680482446598     0.004135314057168582     0.0033861484588886418    0.0027643443817498446    0.0022500616415370477    0.0018261647395535277    0.001477935767992402     0.001192800092050275     9.60068663830359E-4      7.706994751700668E-4     6.170795384554954E-4     4.928278840631531E-4     3.92619361540043E-4      3.120285063391329E-4     2.4739236045782817E-4    1.9569088916329745E-4    1.5444349369138675E-4    1.2162005980870717E-4    9.556498518981311E-5     7.49326779374037E-5      5.863309991539664E-5     4.5786029519764764E-5    3.568282783761527E-5     2.775459785766471E-5     2.154571177119338E-5     1.6691716042949085E-5    1.2900543398544378E-5    9.935619862269027E-6     7.5985192980202395E-6    5.706515295411134E-6     4.054926086235711E-6     2.341424062997845E-6     0
% Data
% c (mol/m^3) @ t=900, u1=0.03, u2=0.05
1                         0.9990162705682137       0.9976777863591834       0.9959100318946388       0.9936305201967252       0.9907495755656536       0.9871716627220379       0.9827973858051188       0.977526300637768        0.9712607088555621       0.9639106349194629       0.9554002290233302       0.9456758930729333       0.9347164959509111       0.9225461307051668       0.9092499720269017       0.8949939181936044       0.880048846453701        0.8648204707812763       0.8498859583698561       0.8360386234558558       0.8226200146114601       0.8082923439708162       0.7930304445179962       0.7768151341182369       0.7596343447596745       0.7414842494779101       0.7223703482011308       0.7023084687531884       0.6813256357913127       0.6594607590647464       0.6367650935227467       0.6133024278094472       0.5891489647099395       0.5643928670791546       0.5391334553613879       0.5134800574081808       0.48755052711470503      0.4614694644396747       0.4353661845820351       0.40937249739579296      0.3836203685734094       0.3582395409542269       0.33335519702029615      0.3090857420416597       0.28554078156427387      0.26281935743779916      0.2410084940544705       0.2201820917966603       0.20040018885475672      0.18170859658059865      0.16413889832379575      0.14770878806777052      0.13242271376983886      0.11827278153938971      0.1052398708709067       0.09329490809233967      0.08240024482545417      0.0725110902735931       0.06357695014441794      0.05554303051395302      0.048351571459202776     0.04194308236177128      0.036257457989787106     0.031234961438041307     0.02681706645832096      0.022947157432943212     0.01957109009972069      0.01663762006048664      0.014098709091833887     0.011909721367830275     0.010029522978031195     0.008420498682194716     0.00704849980138813      0.005882736623835737     0.004895627820288043     0.004062618227015057     0.0033619750618598793    0.00277457127305997      0.002283663349606521     0.0018746695987034885    0.0015349536593465029    0.001253616897548223     0.001021302333842074     8.300118939550825E-4     6.729380482777441E-4     5.443103085992509E-4     4.392565705162686E-4     3.5367891154888993E-4    2.841431570211845E-4     2.2778127604443073E-4    1.8220541282460377E-4    1.454319850866627E-4     1.1581356138856829E-4    9.197465646452292E-5     7.274402829738698E-5     5.7067983792557375E-5    4.3870893519175246E-5    3.1787755089963814E-5    1.8600460296618944E-5    0
% Data
% c (mol/m^3) @ t=1000, u1=0.03, u2=0.05
1                         0.9993387802164607       0.9984383895595048       0.9972475312137665       0.9957089162013602       0.9937596404169097       0.9913319355493118       0.9883543938259197       0.9847537850702126       0.9804576068061404       0.975397534986992        0.9695139754038566       0.9627619550196485       0.9551186394037492       0.9465928179148034       0.9372367626504349       0.9271609400488313       0.9165521338269464       0.9056956214611711       0.8950021282047548       0.8850403543140344       0.8753314624087519       0.8648978989106038       0.8537047430972232       0.8417189954300125       0.8289103242214867       0.8152518785601136       0.8007211553646089       0.7853009039841592       0.7689800472135545       0.751754593207946        0.7336285088604363       0.7146145220748504       0.6947348183598518       0.6740215966012878       0.6525174499966152       0.6302755411333955       0.6073595451254026       0.5838433415134051       0.559810444077463        0.5353531674363045       0.510571539844998        0.48557198236836074      0.4604657849753324       0.4353674194361888       0.41039273662461956      0.38565710144067955      0.3612735217242861       0.33735082803163785      0.31399195898454696      0.2912924022350765       0.2693388342316335       0.24820799337137073      0.22796581130958693      0.20866681674739065      0.1903538155137994       0.17305784073916153      0.1567983578533148       0.14158370140807694      0.12741171458231254      0.11427055782569745      0.10213965046901827      0.0909907082082257       0.08078884000636383      0.07149366993805935      0.06306045256941312      0.055441154344752386     0.04858547786169837      0.042441810592559304     0.03695808431520484      0.03208253604796225      0.027764365479021606     0.023954287622034436     0.020604982637955436     0.017671447398525313     0.015111255421949266     0.01288473330632342      0.010955062762252317     0.009288317858865263     0.007853447212313172     0.006622210632313237     0.0055690792699864145    0.004671107645429027     0.003907785136713412     0.003260873636192914     0.0027142371687755586    0.002253668353011391     0.0018667156883044084    0.001542514768775682     0.0012716256193379615    0.0010458773160375674    8.582196384424928E-4     7.025791384428987E-4     5.737124358484226E-4     4.6703998079394735E-4    3.7842281794452857E-4    3.037995473886794E-4     2.3850106467141946E-4    1.758418457026372E-4     1.0410656297195166E-4    0
% Data
% c (mol/m^3) @ t=1100, u1=0.03, u2=0.05
1                         0.9995521956026987       0.9989420683916128       0.9981342949283426       0.9970891875539953       0.9957628770283565       0.9941077511162638       0.992073224880177        0.989606933539501        0.9866564564584733       0.9831717015543345       0.9791081036165874       0.9744308181036381       0.969120124239356        0.9631782877708303       0.9566381743319717       0.9495739482282396       0.942114237109913        0.9344581878999049       0.926894879587414        0.9198265884401234       0.9129107199099387       0.9054458213495236       0.8973981980394782       0.8887340019425807       0.8794196246312526       0.8694221534076876       0.8587098907854119       0.8472529353688641       0.8350238196576278       0.8219981974616686       0.8081555705231882       0.7934800407136327       0.7779610709587788       0.761594235018265        0.7443819336085634       0.7263340523217512       0.7074685355654995       0.6878118505219167       0.667399316046688        0.6462752736032383       0.6244930807779985       0.6021149126007852       0.5792113616624193       0.5558608346608221       0.5321487502243852       0.5081665503080149       0.4840105447489224       0.45978061531374725      0.4355788113934121       0.4115078740813168       0.38766972844844916      0.36416398523834176      0.341086492877359        0.3185279786656566       0.29657281441285743      0.2752979368271095       0.25477194694163896      0.23505440610028244      0.2161953388765427       0.19823494612239925      0.1812035244640341       0.16512158227193077      0.15000013666842474      0.13584117166972948      0.1226382341981497       0.11037714248437827      0.09903678028966899      0.08858995034111583      0.0790042612760575       0.07024302408908155      0.06226613640374507      0.05503093567982885      0.04849300554682713      0.042606922667104315     0.03732693473625325      0.03260756330348671      0.02840412794496671      0.024673190875945553     0.02137292329543889      0.018463396593835023     0.015906803012555006     0.013667611434579612     0.011712664726055477     0.010011225469878525     0.008534977060237205     0.007257986981357148     0.0061566386659124344    0.00520953754848571      0.004397395591328278     0.0037028961653355922    0.00311053659000502      0.0026064363841546397    0.0021780799364529684    0.0018139211465304013    0.0015026893357264844    0.0012320460375336974    9.858346086382222E-4     7.382896110401483E-4     4.4169839688485405E-4    0
% Data
% c (mol/m^3) @ t=1200, u1=0.03, u2=0.05
1                         0.9996950967586303       0.9992795033558469       0.9987288876289419       0.9980157982092691       0.9971097535812002       0.9959775065852889       0.9945835398146503       0.9928908588701411       0.9908621637858159       0.9884614943131923       0.9856564623383521       0.9824212046205508       0.9787402113024768       0.9746132101018343       0.9700613123516484       0.9651346543528444       0.9599217945816458       0.954561152238964        0.9492547926646898       0.9442848764094436       0.9394090201169674       0.9341300397018704       0.9284196457664646       0.9222485669528813       0.9155867139236858       0.9084033855430834       0.900667520789089        0.8923479992939886       0.8834139925239538       0.8738353664503352       0.8635831351273257       0.8526299628797576       0.8409507108444025       0.8285230214415326       0.8153279320453003       0.8013505067577519       0.7865804728783327       0.7710128465216556       0.7546485300057417       0.7374948622497339       0.7195661026183623       0.7008838285496591       0.6814772279967646       0.6613832692635079       0.6406467332327013       0.619320096242584        0.5974632558755566       0.5751430965486443       0.552432896855906        0.529411585891777        0.5061628610393683       0.4827741846879062       0.4593356818038871       0.43593896399847576      0.4126759085230612       0.3896374223479714       0.3669122220553212       0.34458565968614546      0.32273862296593797      0.301446535590165        0.28077847963032954      0.260796457808511        0.2415548085968952       0.2230997820541662       0.20546927923754985      0.18869275313946288      0.17279126457926683      0.15777768248989318      0.1436570146952032       0.13042685265594592      0.11807791180900444      0.10659464803722198      0.09595593045253116      0.08613575099202098      0.07710395223157186      0.06882695621606191      0.061268478881518096     0.05439021669303554      0.0481524943356873       0.042514864573875016     0.03743665364736489      0.03287744772031455      0.028797517873205156     0.025158182861200595     0.021922110281823542     0.019053557789361672     0.016518556357679993     0.014285036903735573     0.012322898939622481     0.010604013392062623     0.009102137195537137     0.007792685966197886     0.006652244423322892     0.005657552985788545     0.004783410386041222     0.003998302239316853     0.003255239396764638     0.0024725041618387524    0.0014931636359921043    0
% Data
% c (mol/m^3) @ t=0, u1=0.05, u2=0.01
1                         -5.6727329698675144E-8   3.4412341060481226E-15   4.799069503582021E-20    8.009901849351893E-26    1.0236269825679845E-31   1.1689697273466336E-37   1.2541942007528188E-43   1.2931961592123401E-49   1.2971711273413468E-55   1.2750964098618375E-61   1.2341312993497088E-67   1.1799489050912687E-73   1.1170108771030506E-79   1.0487944867291806E-85   9.779799986134251E-92    9.066049837963992E-98    8.361911425132653E-104   7.678482961521757E-110   7.023594438389413E-116   6.36038080527142E-122    4.6090361899612414E-128  3.3307475210751033E-134  2.4010111863957923E-140  1.7269017361118154E-146  1.239506551853263E-152   8.880011316287339E-159   6.35079634736329E-165    4.534730767359953E-171   3.2332220692920196E-177  2.3021130836487225E-183  1.6370667086027155E-189  1.1627651486748925E-195  8.249681480244825E-202   5.846989879841715E-208   4.140045628243602E-214   2.928739226544935E-220   2.07005580788736E-226    1.461942263457117E-232   1.031678840271842E-238   7.275163102124308E-245   5.126739446242569E-251   3.6103990617697735E-257  2.5409647925554873E-263  1.7872470205580508E-269  1.2563918453859061E-275  8.827373337699057E-282   6.198894514495663E-288   4.3509408443710384E-294  3.0524423848631846E-300  2.1405025033915082E-306  1.500361823047E-312      1.069563E-318            0                        0                        0                        0                        0                        0                        0                        0                        0                        0                        0                        0                        0                        0                        0                        0                        0                        0                        0                        0                        0                        0                        0                        0                        0                        0                        0                        0                        0                        0                        0                        0                        0                        0                        0                        0                        0                        0                        0                        0                        0                        0                        0                        0                        0                        0                        0                        0
% Data
% c (mol/m^3) @ t=100, u1=0.05, u2=0.01
1                         0.9656881255471026       0.9132847261683879       0.8415363061624995       0.7517145725441925       0.6479125517673818       0.5366497837767596       0.4257612917159031       0.32283607075375625      0.23371191781191739      0.16154938326954638      0.10674402904459346      0.06755197373173487      0.04104689026254877      0.024016620307384762     0.01357192392356012      0.007429781427859851     0.003951251989835945     0.00204500496454818      0.001024962013356271     4.696901357755443E-4     1.8881465433837074E-4    7.454303426272923E-5     2.8960896605466593E-5    1.1092710106672458E-5    4.19548129038036E-6      1.5691407028693669E-6    5.810636149671982E-7     2.1327935398307776E-7    7.767153471173452E-8     2.8089033792168527E-8    1.0094912233477687E-8    3.607849367853375E-9     1.2830056890533281E-9    4.5422025950065364E-10   1.60161627589151E-10     5.627002241659433E-11    1.9704897199656058E-11   6.879920576392848E-12    2.3956464060169705E-12   8.321395006811917E-13    2.8840033564447506E-13   9.97477710237086E-14     3.443427546946211E-14    1.1866525115755657E-14   4.082805209790912E-15    1.4026451307638671E-15   4.812129185112495E-16    1.6488027320887912E-16   5.642604698099134E-17    1.9288747683361487E-17   6.5867734518583675E-18   2.247055114675893E-18    7.658656063036966E-19    2.6080300524939065E-19   8.873913267633927E-20    3.0170323120242976E-20   1.0250026792989154E-20   3.4799015299255566E-21   1.1806501242984502E-21   4.0031516141101147E-22   1.3565088752109812E-22   4.594045630782131E-23    1.555003853393573E-23    5.260678941095945E-24    1.7788373794903006E-24   6.01207142208807E-25     2.0310198821031933E-25   6.858269713348876E-26    2.3149039387172723E-26   7.810460541292555E-27    2.6342219997100556E-27   8.881096290049168E-28    2.993128184710083E-28    1.008403411449277E-28    3.396244582301197E-29    1.143469002886043E-29    3.84871252972717E-30     1.2950209555695413E-30   4.356249399411449E-31    1.4649656686254477E-31   4.9252114743327584E-32   1.6554223086848387E-32   5.562663555167206E-33    1.8687459687714277E-33   6.276456009233173E-34    2.1075533013947443E-34   7.0753100453147E-35      2.3747508863908895E-35   7.968912080039488E-36    2.673566620932233E-36    8.968018143307188E-37    3.007584421275189E-37    1.008456843751799E-37    3.380779431011489E-38    1.1331707333082419E-38   3.7971989218970776E-39   1.2711795908011926E-39   4.2203323830243365E-40   1.2852566776543647E-40   0
% Data
% c (mol/m^3) @ t=200, u1=0.05, u2=0.01
1                         0.9920502433196055       0.9794166640459129       0.9608475359624414       0.9351515247057319       0.9013474331373479       0.8588261469963216       0.8075000224117275       0.747910693407738        0.6812677615645267       0.6093993839692947       0.5346109122717642       0.45946666281510684      0.3865277390728396       0.31808979338133075      0.25596390881671766      0.20132928462587954      0.15465857225061463      0.1156752313206904       0.08323884079004909      0.054940735641560594     0.032888980367512005     0.019243234073676087     0.011020421254931377     0.006186049551465386     0.0034080478460817524    0.0018451641165914783    9.8296578057646E-4       5.158575990425133E-4     2.669933007153045E-4     1.3643276600942383E-4    6.890199492622266E-5     3.4424353493711985E-5    1.703046955147139E-5     8.350275357175281E-6     4.061215077655277E-6     1.960836989156807E-6     9.405643362889491E-7     4.4854942952034036E-7    2.1281499424587862E-7    1.0051746325349807E-7    4.7291947174147556E-8    2.2175822317212762E-8    1.0369095069284544E-8    4.83696953474265E-9      2.2519616920097528E-9    1.0468118917436225E-9    4.860069660418492E-10    2.2542939946701797E-10   1.0449207611679646E-10   4.841220390057288E-11    2.2423504843261203E-11   1.0384688758848834E-11   4.809236509645848E-12    2.227364498902981E-12    1.0317364889323355E-12   4.780021763195978E-13    2.2150757395414186E-13   1.0267223586606738E-13   4.7602147691307234E-14   2.2075411836115155E-14   1.023992274407559E-14    4.75099959860714E-15     2.2047900845678554E-15   1.023378070149969E-15    4.7509869207007E-16      2.2059853344096078E-16   1.0244359761051893E-16   4.7579857588754706E-17   2.210093929181194E-17    1.0266946477947642E-17   4.769898092858004E-18    2.216200149616866E-18    1.0297607671912875E-18   4.785057173507072E-19    2.2236058011258193E-19   1.033344795903487E-19    4.802272943793067E-20    2.2318256269863996E-20   1.0372502828701655E-20   4.8207552763804585E-21   2.2405437364362012E-21   1.0413516318700497E-21   4.840007360653686E-22    2.2495645461211057E-22   1.045572189243835E-22    4.8597300310781496E-23   2.2587717575620657E-23   1.0498669119826116E-23   4.879749408293926E-24    2.2680983662465104E-24   1.0542097993807067E-24   4.899958536456738E-25    2.277485275009919E-25    1.058534063692111E-25    4.919032917819526E-26    2.2838426698110532E-26   1.0554178043671498E-26   4.7578568607502345E-27   1.854585809898064E-27    0
% Data
% c (mol/m^3) @ t=300, u1=0.05, u2=0.01
1                         0.9976535211407638       0.9938649885759903       0.9881397462734239       0.9799077826214768       0.968542224641777        0.9533897133621174       0.9338127892630349       0.9092426312531366       0.8792383516902565       0.8435468291641312       0.8021551096820578       0.7553260249505599       0.7036068889773919       0.6478003385691481       0.5888838117301799       0.5278560461221085       0.4654682044957428       0.40175095338981515      0.335154271164111        0.2609337966894307       0.1894076498212773       0.13481342950682565      0.09416282674199894      0.06459194252952166      0.04354808175179146      0.028879272506586055     0.01885203678273834      0.01212286788712464      0.00768490424799619      0.004805716339351557     0.002966565131975351     0.001808854481504084     0.001090117659436927     6.497063873317005E-4     3.8315717512127866E-4    2.2370881330747834E-4    1.2937614694988472E-4    7.41477142771568E-5      4.213183249911714E-5     2.3745324141995184E-5    1.327936068190554E-5     7.3718098572743285E-6    4.063745085750834E-6     2.2252714636989547E-6    1.2108333751983526E-6    6.548826457568841E-7     3.5216470282474635E-7    1.8834322804641488E-7    1.0020469986771773E-7    5.304762655936177E-8     2.7950120292089092E-8    1.466006382060697E-8     7.656176535515113E-9     3.981956432958304E-9     2.0628591609244463E-9    1.0646500624552796E-9    5.474949274363691E-10    2.80580250049323E-10     1.4331847195186576E-10   7.297535790323523E-11    3.704563467239177E-11    1.8751643987561186E-11   9.465315898417543E-12    4.765117724378093E-12    2.3927742403681144E-12   1.1985712182736842E-12   5.989660997549955E-13    2.9864626097478326E-13   1.4858212208650136E-13   7.376783006237052E-14    3.655047523519552E-14    1.807496875533118E-14    8.921789475817031E-15    4.395883611375242E-15    2.1621644209309797E-15   1.0617121098465443E-15   5.205066853585568E-16    2.5478398692137323E-16   1.2452825484625677E-16   6.077657996041672E-17    2.962093953100307E-17    1.441704680044654E-17    7.007909614418224E-18    3.4021568517860722E-18   1.6496506391684345E-18   7.989485686286034E-19    3.865018077462095E-19    1.8676955336383027E-19   9.015665727483609E-20    4.347517898178802E-20    2.094357457170614E-20    1.0079500490041101E-20   4.846362073477499E-21    2.327975058911768E-21    1.1170226782720916E-21   5.3493639181346025E-22   2.5459456969620587E-22   1.1784044859065424E-22   4.684614973766256E-23    0
% Data
% c (mol/m^3) @ t=400, u1=0.05, u2=0.01
1                         0.9992134681554706       0.9979336525145871       0.995973139275815        0.993100987559913        0.9890407332110066       0.9834711195203931       0.9760303574369052       0.9663245285397541       0.9539403310993311       0.9384616352842807       0.9194881029101614       0.896652166225586        0.8696274365702762       0.8381161534126328       0.8017937533267808       0.7601716471077207       0.7123087017789841       0.6562468146172465       0.5879472124381763       0.49932858600662433      0.40274306822802886      0.3195014084464729       0.2494012374519504       0.1916426205439302       0.14502649551763647      0.10813465580781607      0.07947866581152488      0.057612166983330014     0.04120676255952533      0.029095625006172434     0.020291144437571608     0.013983607839741705     0.009527489427504459     0.006420881812768531     0.004282282134635161     0.002827640346732063     0.0018494442027917307    0.0011987316356317842    7.702952343787668E-4     4.909451139727384E-4     3.104774996694899E-4     1.9490575385422722E-4    1.2150307391357846E-4    7.524602005502069E-5     4.630990711849294E-5     2.8334380485071997E-5    1.724063346138781E-5     1.0436085209917963E-5    6.2864741846407375E-6    3.769615450955286E-6     2.2508041484641935E-6    1.338611575361534E-6     7.931736093562519E-7     4.6837584922769335E-7    2.7570471488903505E-7    1.6181672894559322E-7    9.471818994019766E-8     5.53057760376178E-8      3.2220053645443454E-8    1.873214021808984E-8     1.0870156444821883E-8    6.2972150448811185E-9    3.642486128990957E-9     2.104028143150681E-9     1.2138706056682717E-9    6.995501482360321E-10    4.0275863144327834E-10   2.3168611593339416E-10   1.3317715128549187E-10   7.650245443759222E-11    4.392122762553058E-11    2.520350102023639E-11    1.4456559702791982E-11   8.289223168459235E-12    4.751509273532526E-12    2.7229486468801436E-12   1.5601131113173144E-12   8.937123272242449E-13    5.118922136238491E-13    2.931639307350392E-13    1.6788200393619184E-13   9.613203418815972E-14    5.5043987195383434E-14   3.1516324142023166E-14   1.804472342589497E-14    1.0331372929245073E-14   5.915102902215738E-15    3.38661334366462E-15     1.938964372623015E-15    1.1101350584134213E-15   6.355977557839781E-16    3.639000367949105E-16    2.0832800631382954E-16   1.1922948304979344E-16   6.816510227822908E-17    3.882871760747413E-17    2.1837988891527322E-17   1.1730024956167267E-17   5.198448623674102E-18    0
% Data
% c (mol/m^3) @ t=500, u1=0.05, u2=0.01
1                         0.9997376592969457       0.999307953953401        0.9986421118813232       0.9976513027584378       0.9962231173522104       0.9942181237241013       0.9914667077701188       0.98776635717431         0.9828793644356142       0.9765304892386303       0.9684032335757845       0.9581317033389072       0.9452819704528665       0.9293113955336875       0.9094847651924549       0.8847092955621636       0.8532212861504253       0.8120063824865161       0.7557473675109324       0.674941259542426        0.5797685365908388       0.49122632534311583      0.41062508925162455      0.338732381355046        0.27582669853659797      0.2217758181465842       0.17612781037392544      0.13820424228339578      0.10718730642414713      0.08219521860047717      0.062342802843884        0.04678640324504521      0.034753955009138714     0.025562158621889357     0.01862327419599637      0.013444189373660053     0.009620239425708136     0.0068258960484105045    0.004803996383644428     0.003354733698056213     0.0023252260523950225    0.0016001453135665446    0.0010936339440565663    7.425569654609071E-4     5.010203773590173E-4     3.360214712473803E-4     2.2406732437957693E-4    1.4859335030749447E-4    9.802452763066793E-5     6.434067854579781E-5     4.202897700406508E-5     2.732857953061063E-5     1.7692090609727484E-5    1.1405650633944028E-5    7.323539308360842E-6     4.684461054358114E-6     2.9854516740424087E-6    1.8960204856616126E-6    1.2001239448166884E-6    7.572228008466479E-7     4.763182093871809E-7     2.987480950235083E-7     1.868544054694257E-7     1.1655875819119797E-7    7.252378493414321E-8     4.5015095557661985E-8    2.7875581140542337E-8    1.7223499097673035E-8    1.0619207352633834E-8    6.533947143701137E-9     4.012449322927982E-9     2.459403177095835E-9     1.5047702048726356E-9    9.191011785913586E-10    5.604540012047245E-10    3.41216059191144E-10     2.0742432750574993E-10   1.2590912460544492E-10   7.632156448310792E-11    4.620126938725775E-11    2.7931870108026435E-11   1.6865815992619042E-11   1.0171773271789669E-11   6.1275616921609325E-12   3.6872214063541665E-12   2.216405081525181E-12    1.3309277311911052E-12   7.984199028576849E-13    4.785142320287594E-13    2.8652230822717284E-13   1.7140835534798782E-13   1.0245085273772218E-13   6.117578321892048E-14    3.6483867464312703E-14   2.171001363017288E-14    1.2849505169167028E-14   7.48661223160123E-15     4.1432929913250826E-15   1.8745167853913106E-15   0
% Data
% c (mol/m^3) @ t=600, u1=0.05, u2=0.01
1                         0.9999072297791612       0.999754590957387        0.9995162184220988       0.999157686475696        0.9986338552859301       0.9978863193033719       0.9968403535880843       0.995401145361362        0.9934488734347425       0.9908317595539328       0.987355392406173        0.9827651216208696       0.9767156264429535       0.9687170066919261       0.958038419339583        0.9435358131731388       0.9233452694962303       0.8943402387672842       0.8511765201240586       0.7846207390280446       0.7020122536404145       0.621035136516694        0.5432470826802066       0.46992154563657573      0.40202141864379737      0.3401956981810688       0.2847958253030588       0.23590724053764334      0.19339117061217123      0.15693173279429007      0.12608397460180268      0.10031930896655625      0.07906579821565983      0.06174174282504177      0.04778193399915764      0.036656663169822204     0.027884115083627942     0.02103710466078742      0.01574527433860158      0.011693884297092028     0.008620243517148516     0.006308683923189772     0.004584805889339669     0.0033095462863169814    0.002373457077635874     0.0016914430769478675    0.0011980959194000218    8.436774983508157E-4     5.907473680102918E-4     4.113908364489839E-4     2.8498316180224645E-4    1.9641609644128252E-4    1.3471222637974527E-4    9.195705848831798E-5     6.248627282034826E-5     4.227429779603168E-5     2.8479251585548435E-5    1.9107627342450972E-5    1.2769507465960005E-5    8.501420595765226E-6     5.639197272761338E-6     3.727414611851299E-6     2.4553690237349584E-6    1.6121164500969698E-6    1.0551069727407934E-6    6.884381657226295E-7     4.4786566602933884E-7    2.9052879902616133E-7    1.8794537532810045E-7    1.2125953491106257E-7    7.803350167247757E-8     5.009159088288559E-8     3.2077696928312714E-8    2.0494193023694172E-8    1.3064146412724282E-8    8.309708676787503E-9     5.274433309412312E-9     3.3410313686515836E-9    2.1121675907916383E-9    1.332743244806992E-9     8.393847116403911E-10    5.277122843478003E-10    3.3119143326589335E-10   2.0750565937967287E-10   1.2979921762874478E-10   8.10637930779739E-11     5.054928839881557E-11    3.1474298180125404E-11   1.956898459280601E-11    1.2149764670771799E-11   7.532960477788246E-12    4.664000076000785E-12    2.883383561937011E-12    1.77923181561259E-12     1.0945189991071657E-12   6.687416832874E-13       4.011738535801945E-13    2.275199807485221E-13    1.0467239740771687E-13   0
% Data
% c (mol/m^3) @ t=700, u1=0.05, u2=0.01
1                         0.9999650596024066       0.9999073683075821       0.9998167129182433       0.9996791653487811       0.9994759031066536       0.9991816436101094       0.9987625087014065       0.9981730030790227       0.9973515512631348       0.9962136099337623       0.9946406132850848       0.9924616715264796       0.9894226010016333       0.9851327853528944       0.9789732891727304       0.9699373985653215       0.9563536133054639       0.9354046359696524       0.9022930249648139       0.8487958212318242       0.7800824813902576       0.7103301097652285       0.6408197665174888       0.5727360995661355       0.5071253283629944       0.4448648919045909       0.3866454207166434       0.33296468516094824      0.28413232304704117      0.24028351983948404      0.20139943401181726      0.1673320262198096       0.13783103557505164      0.11257110253184337      0.09117740931860407      0.07324863796224389      0.058376481194763644     0.04616134194903724      0.03622419471755986      0.02821484176256794      0.021816975499945622     0.016750560705464802     0.01277208781691376      0.009673235915093331     0.0072784360248898256    0.005441756158244185     0.0040434507992044835    0.002986438369620978     0.002192896911518011     0.0016011045825292405    0.0011625993395305639    8.39691602738366E-4      6.033339291613756E-4     4.3133135275385984E-4    3.0686337222510896E-4    2.1728186550675892E-4    1.531468964846185E-4     1.074630916439293E-4     7.50818959246277E-5      5.22387176519775E-5      3.619812179876908E-5     2.4984403631356826E-5    1.7178800917121887E-5    1.1768129919667023E-5    8.03269053099143E-6      5.463868495416196E-6     3.7039931154321072E-6    2.502732553647467E-6     1.6856802721677536E-6    1.1318612419096342E-6    7.577182604413774E-7     5.057744914339676E-7     3.3664907473626154E-7    2.234625459849286E-7     1.4793575187637714E-7    9.76822662004413E-8      6.433754133770134E-8     4.227174932512579E-8     2.7707850068922784E-8    1.8119703617776443E-8    1.1822867578109842E-8    7.697415166882666E-9     5.000844019767843E-9     3.242224586334089E-9     2.097821273116777E-9     1.3546990956336866E-9    8.731495409066232E-10    5.6172953974218E-10      3.6072693908185544E-10   2.3123806841204125E-10   1.4797179160064517E-10   9.452077738388584E-11    6.026158288290803E-11    3.83269333016221E-11     2.4281563431476462E-11   1.5257866588459448E-11   9.390076800434541E-12    5.439624138179173E-12    2.5387334420802646E-12   0
% Data
% c (mol/m^3) @ t=800, u1=0.05, u2=0.01
1                         0.999987256564816        0.9999661021687454       0.9999325433376702       0.999880938684571        0.9998033288873647       0.9996884536689808       0.9995202712951259       0.9992756676579766       0.9989208189537765       0.9984052845106185       0.9976522337981985       0.9965420456017583       0.9948844979949006       0.9923712743978472       0.9884944728411459       0.982406374857662        0.9726777177249898       0.9568806107143929       0.9308685238869884       0.8875329980103026       0.830597650308514        0.771414443530357        0.710919311351495        0.6500479558239879       0.5897007876477358       0.5307118156439238       0.47382299184792187      0.4196650276941578       0.3687451686627787       0.321441899485392        0.27800609374215224      0.23856775440701103      0.20314723667926288      0.17166970860170255      0.1439815830668892       0.1198677310725645       0.09906843772910395      0.08129526343469559      0.06624519679681688      0.053612710132082235     0.04309953429736888      0.03442214442454583      0.027317084789319955     0.021544357576195057     0.01688915879321115      0.013162269951171462     0.010199412866854265     0.007859854137372503     0.006024512245334999     0.004593779839887522     0.0034852313047400683    0.002631344839825504     0.0019773313341952883    0.0014791306516995504    0.0011016101219151943    8.169799538446307E-4     6.034254916236265E-4     4.4394599962828017E-4    3.253831908379032E-4     2.3761918846032276E-4    1.729222912214217E-4     1.2541915108088447E-4    9.067323617605082E-5     6.535132325303726E-5     4.696192912569945E-5     3.365182645569847E-5     2.4048945914587897E-5    1.7141952887173674E-5    1.2188553778863944E-5    8.646116882018146E-6     6.119488446882875E-6     4.321961721209416E-6     3.0462379376171076E-6    2.1429291609853117E-6    1.5047194020395758E-6    1.0547468214830031E-6    7.381181329149366E-7     5.157355663852482E-7     3.5982317913372707E-7    2.5069634525029555E-7    1.7443688898953966E-7    1.2122535521510353E-7    8.41483154367785E-8      5.834785703932848E-8     4.041673524881033E-8     2.7969337251157354E-8    1.933809431768408E-8     1.3359153647255818E-8    9.221392001231023E-9     6.360265380519266E-9     4.383318857821449E-9     3.0179997808438015E-9    2.0751446469577796E-9    1.4234501491886604E-9    9.71613253645154E-10     6.557926495646687E-10    4.3071755534474996E-10   2.632284017696097E-10    1.2732975561987866E-10   0
% Data
% c (mol/m^3) @ t=900, u1=0.05, u2=0.01
1                         0.999996332040193        0.9999901437208836       0.9999800491287282       0.9999639276381352       0.9999385143224027       0.9998987409873762       0.9998366630578039       0.9997396926605986       0.9995876610120176       0.9993478939243169       0.9989668997631407       0.9983562612977658       0.9973685835853497       0.9957563468189562       0.993101324991602        0.9886932648053738       0.9813210160616029       0.9689124873661761       0.9479133908075035       0.9122143833465645       0.8645937379237635       0.8142748021218321       0.7619100174894179       0.7081924956055299       0.6538314805816804       0.5995279554949292       0.5459517065664561       0.49372099916766815      0.44338578230541104      0.3954150483400426       0.35018866102388824      0.3079936562718976       0.2690247420496452       0.23338849644606857      0.2011105992942467       0.17214533785540337      0.1463865991485535       0.12367959263204702      0.10383262510953872      0.0866283607195559       0.07183412809324931      0.05921097082138062      0.048521265116022894     0.03953484171510872      0.032033642424055        0.025815012818629295     0.020693781533497203     0.016503305020573164     0.01309566765550252      0.01034122418855758      0.00812765850422813      0.006358712977467582     0.0049527194437006435    0.0038410384037042685    0.0029664894178068656    0.002281833977309829     0.0017483532352032868    0.001334547178651942     0.0010149691636822937    7.692000203558906E-4     5.80958850578336E-4      4.373427873651389E-4     3.281849518106114E-4     2.455182364886374E-4     1.8313200435901935E-4    1.3620901349240236E-4    1.0103060728264819E-4    7.473924729811505E-5     5.514865957224275E-5     4.0593104473153824E-5    2.9808489147681784E-5    2.1839170996114514E-5    1.59653226358337E-5      1.1646630596586174E-5    8.478879525282053E-6     6.160636018637879E-6     4.467800702654708E-6     3.2342554411938606E-6    2.337206982108822E-6     1.686131165304941E-6     1.2144644694514696E-6    8.733824916325117E-7     6.271569999495442E-7     4.497022504113589E-7     3.220138697284078E-7     2.302752123080054E-7     1.6446115486881727E-7    1.1731139878300479E-7    8.357739467971082E-8     5.947127652713194E-8     4.226349580524007E-8     2.998958765300578E-8     2.123677012247162E-8     1.4988712554927313E-8    1.0512447154315249E-8    7.275517881816809E-9     4.884414556744203E-9     3.0373749332945186E-9    1.4859109273444108E-9    0
% Data
% c (mol/m^3) @ t=1000, u1=0.05, u2=0.01
1                         0.9999990067411173       0.9999972538006588       0.9999941814178117       0.9999888251156387       0.9999795296754189       0.9999634632559417       0.9999357916575373       0.999888273572698        0.9998068673783304       0.9996676470677773       0.999429820161545        0.9990237696275319       0.9983305378907107       0.9971465711604115       0.9951230443711249       0.9916612997690334       0.9857324415219221       0.9755657439293552       0.9581099735273301       0.9281013493984841       0.8877097566589714       0.8445841596688148       0.799166888744051        0.7519510973419059       0.7034656169384532       0.654258571777438        0.6048805886462164       0.5558684387440366       0.5077298922495714       0.46093045824040607      0.41588253439617656      0.37293731664135854      0.3323796341166201       0.2944256948548017       0.2592235657116681       0.22685607693040102      0.19734574400359026      0.1706612401545345       0.14672493105665474      0.12542099555136732      0.10660369608298352      0.09010542300914828      0.07574421012647527      0.06333049730512998      0.05267299364749376      0.04358356600686807      0.035881139457225264     0.029394646314954823     0.023965097830378018     0.019446878030447406     0.01570837354720083      0.012632058267202146     0.010114149198234494     0.008063942023609579     0.006402923232917246     0.005063742083704481     0.0039891112775751435    0.0031306911378026696    0.00244799897194613      0.0019073736490969862    0.0014810154559347897    0.0011461130861943065    8.840631065659812E-4     6.797822865032096E-4     5.211095885599629E-4     3.982921764966539E-4     3.035482957201091E-4     2.3069911241330187E-4    1.7486138286749843E-4    1.3219300753525816E-4    9.968397649655151E-5     7.498583159937369E-5     5.627347632132479E-5     4.213389874873926E-5     3.147709451791941E-5     2.3465157528109053E-5    1.745612998162172E-5     1.2959761269788878E-5    9.602814761417483E-6     7.101984107638988E-6     5.242840341562627E-6     3.86353345603021E-6      2.8422236584981097E-6    2.087424667378844E-6     1.5306105550211422E-6    1.120574635149089E-6     8.191390332906284E-7     5.979015295956575E-7     4.3577605002317447E-7    3.171382240211101E-7     2.3043058883581984E-7    1.671156705659993E-7     1.208912433174627E-7     8.710211738817913E-8     6.229806846795844E-8     4.3898945200255E-8       2.993628737947603E-8     1.8846428840315645E-8    9.29330043621697E-9      0
% Data
% c (mol/m^3) @ t=1100, u1=0.05, u2=0.01
1                         0.9999995948479792       0.9999988349237855       0.9999973840189484       0.9999946187814337       0.9999894056750205       0.999979713717108        0.9999619446065247       0.9999297766889533       0.999872172422724        0.9997699456980513       0.9995898477158024       0.9992743732132907       0.9987241784994921       0.9977677325384585       0.9961088861133311       0.9932362148645284       0.9882661364118901       0.9796712094295938       0.9648092375626593       0.9391065865524407       0.9043272796240991       0.8669481367097314       0.8272675871501838       0.7856322506595863       0.7424282102576117       0.6980708276121634       0.6529935529559953       0.6076362338117552       0.5624334462618612       0.5178033585520072       0.4741375913414968       0.43179246637617763      0.3910819422583727       0.35227243015205983      0.31557957205166276      0.28116695775042194      0.24914666097815139      0.21958139591396808      0.19248803611818982      0.16784220057816543      0.14558359583709377      0.12562180725532446      0.10784225328159         0.09211205033580812      0.0782855783328874       0.06620958388055923      0.05572770602786749      0.04668435501058762      0.0389279153719787       0.03231327955450638      0.026703745728641936     0.021972334066151334     0.018002589214987815     0.014688944105486702     0.011936722364463158     0.009661854598312328     0.0077903787005913225    0.006257787147752992     0.005008275852272922     0.00399394027949624      0.003173955777775589     0.0025137708405216855    0.001984334592819591     0.001561373333511433     0.0012247255285657587    9.577402320579849E-4     7.467404440628911E-4     5.805503037762989E-4     4.500831468584343E-4     3.47986207940616E-4      2.683370047934962E-4     2.063860907658189E-4     1.583408098726526E-4     1.2118485130322308E-4    9.252870827534932E-5     7.048654478554579E-5     5.357541991306933E-5     4.063328071596525E-5     3.075258826907964E-5     2.3226871318201025E-5    1.7507898518638724E-5    1.3171517958143808E-5    9.890529640931734E-6     7.413233211682881E-6     5.546531400585751E-6     4.142672436436658E-6     3.0888854992599195E-6    2.2993058584020866E-6    1.7087043205418273E-6    1.2676324547768244E-6    9.386739384361148E-7     6.935561022794448E-7     5.109268023637678E-7     3.7464218624385455E-7    2.724424551417175E-7     1.949166762127486E-7     1.3467500780042748E-7    8.565788643966829E-8     4.2516830499216286E-8    0
% Data
% c (mol/m^3) @ t=1200, u1=0.05, u2=0.01
1                         0.9999996338041202       0.9999989553335231       0.999997680293315        0.9999952853570854       0.9999908220678393       0.9999825921815543       0.9999675832159988       0.999940489267912        0.9998920146477184       0.9998059370745315       0.9996540245155648       0.9993872361100534       0.9989204858698485       0.9981062477436559       0.9966888052941479       0.9942249074174566       0.9899460829228818       0.9825195810477594       0.9696330736490492       0.9472728229507918       0.9169177378690432       0.8841515428524989       0.8491768189292582       0.8122377563267582       0.7736153172648265       0.7336211455609872       0.6925904426905389       0.6508740830837382       0.6088302795125424       0.5668161297799363       0.5251793772788526       0.4842507004905006       0.44433681172097617      0.4057145961638436       0.36862646253281534      0.3332770104507228       0.299831052132449        0.2684129610896714       0.2391072624949775       0.21196033153028196      0.18698302957164584      0.16415408443173515      0.14342401007388736      0.12471936231586207      0.10794713844041319      0.09299914822825933      0.0797562093851242       0.0680920492775589       0.05787682510588714      0.04898020420299056      0.04127397351213181      0.03463417134473253      0.028942754549492036     0.024088829922772587     0.019969490070419843     0.016490301264666208     0.013565494581541881     0.01111791232170976      0.009078760027740638     0.007387210928439907     0.00598990493997999      0.004840378941184563     0.0038984593411010263    0.003129642308063376     0.002504481682049691     0.001997999718810868     0.0015891315191673683    0.0012602103278549425    9.964978471120158E-4     7.857612722263826E-4     6.178968689222269E-4     4.845985120523363E-4     3.7906862179920743E-4    2.957682970826131E-4     2.302030889658965E-4     1.787407181971992E-4     1.3845706653844699E-4    1.0700691504815897E-4    8.251612571772098E-5     6.349223500426248E-5     4.875072480504911E-5     3.735454013202789E-5     2.8564720025529487E-5    2.180029006154662E-5     1.6605825414102974E-5    1.2625329640512275E-5    9.581284884195866E-6     7.257914137771372E-6     5.487856620665388E-6     4.141594834702178E-6     3.119088419406791E-6     2.3431675919544415E-6    1.7543197196297717E-6    1.3065682368195047E-6    9.641951778804213E-7     6.990981261611719E-7     4.88599905631464E-7      3.1354468177133295E-7    1.5651617123246762E-7    0
% Data
% c (mol/m^3) @ t=0, u1=0.05, u2=0.03
1                         -5.6727329698675144E-8   3.4412341060481226E-15   4.799069503582021E-20    8.009901849351893E-26    1.0236269825679845E-31   1.1689697273466336E-37   1.2541942007528186E-43   1.2931961592123401E-49   1.2971711273413468E-55   1.2750964098618375E-61   1.2341312993497088E-67   1.1799489050912687E-73   1.1170108771030506E-79   1.0487944867291806E-85   9.779799986134251E-92    9.066049837963992E-98    8.361911425132651E-104   7.678482961521757E-110   7.023594438389425E-116   6.381445402171644E-122   5.182914000069828E-128   4.1979108576161467E-134  3.391665494607161E-140   2.734094628593044E-146   2.199488092297683E-152   1.7660906605548424E-158  1.415644425336607E-164   1.132932097349892E-170   9.053451003909204E-177   7.224892778036299E-183   5.758338070381894E-189   4.5840434299376905E-195  3.645186467787616E-201   2.8956141197461122E-207  2.2979426022707685E-213  1.8219665337883264E-219  1.443335620899234E-225   1.1424600665065838E-231  9.0360955218678E-238     7.141747015690967E-244   5.640639834629363E-250   4.4521284886377205E-256  3.511853994901957E-262   2.76852006472972E-268    2.1812902653587496E-274  1.717691145445607E-280   1.351926346128445E-286   1.0635236266645904E-292  8.36250891904423E-299    6.57249087257457E-305    5.163395718531E-311      4.055066E-317            3.0E-323                 0                        0                        0                        0                        0                        0                        0                        0                        0                        0                        0                        0                        0                        0                        0                        0                        0                        0                        0                        0                        0                        0                        0                        0                        0                        0                        0                        0                        0                        0                        0                        0                        0                        0                        0                        0                        0                        0                        0                        0                        0                        0                        0                        0                        0                        0                        0
% Data
% c (mol/m^3) @ t=100, u1=0.05, u2=0.03
1                         0.9656881255471026       0.9132847261683882       0.8415363061625011       0.7517145725441979       0.6479125517674044       0.5366497837768532       0.42576129171629196      0.3228360707553623       0.23371191781852219      0.16154938329657026      0.10674402915454363      0.06755197417628939      0.041046892047456776     0.024016627418011624     0.013571952003447203     0.007429891232850955     0.003951676684177466     0.002046627470379645     0.0010310758412931122    4.923756164761328E-4     2.19138332672502E-4      9.58282436077192E-5      4.1254288615680456E-5    1.7514612107082077E-5    7.344461163874929E-6     3.0460999401043372E-6    1.2510713773884703E-6    5.093798863614103E-7     2.057959435390958E-7     8.257186560711577E-8     3.292678956576863E-8     1.3057862304043888E-8    5.152875845530686E-9     2.024425238038037E-9     7.921756980163058E-10    3.088724004036054E-10    1.2003954478528616E-10   4.651460260106872E-11    1.7975898709240586E-11   6.929968777501556E-12    2.665646443025241E-12    1.023258473155138E-12    3.920591841627678E-13    1.4995656882458326E-13   5.72643307240808E-14     2.1835290655105292E-14   8.314495001341644E-15    3.161959521197892E-15    1.201040475235864E-15    4.556944191747171E-16    1.7271704011024212E-16   6.539883011807197E-17    2.47402185728229E-17     9.351022481980329E-18    3.531490105277615E-18    1.3326612696423187E-18   5.025305349508261E-19    1.8936627627085516E-19   7.131086006867614E-20    2.6837111610214425E-20   1.0093833025972927E-20   3.794276344933464E-21    1.4254950194192226E-21   5.352750369274433E-22    2.0089667515396682E-22   7.536371055328537E-23    2.825883571178544E-23    1.0591485795787895E-23   3.968056174429804E-24    1.4860186053468124E-24   5.562922179642665E-25    2.0817109492803328E-25   7.787223057535403E-26    2.912026068444237E-26    1.088588537706801E-26    4.0681150172137865E-27   1.5198072147333002E-27   5.676154255186538E-28    2.119310792327272E-28    7.910683885676904E-29    2.951999472526876E-29    1.1012987352922732E-29   4.107562707886447E-30    1.5316406056199103E-30   5.709872388148459E-31    2.12811896162513E-31     7.929911448274442E-32    2.9542452756191027E-32   1.1003560943171213E-32   4.097614028751504E-33    1.5256061289481446E-33   5.678972535332644E-34    2.1135637012367874E-34   7.864680166260432E-35    2.9259454106628423E-35   1.0882879665952684E-35   4.0440698011052804E-36   1.4908408045019088E-36   5.049764344023996E-37    0
% Data
% c (mol/m^3) @ t=200, u1=0.05, u2=0.03
1                         0.9920263987423388       0.9793573937003806       0.9607424403685467       0.9349945466785304       0.901140349172497        0.8585814555903887       0.8072420672371451       0.7476739818267936       0.6810920305158651       0.6093219764378823       0.5346581812864964       0.45964696370471136      0.3868286960627247       0.31848192430218625      0.2564121124535564       0.20181494120118762      0.1552214370974459       0.11650243566347765      0.08487216143998404      0.058774087297198976     0.038546723633450644     0.024722121369650574     0.015521536995996836     0.009549562179887184     0.005763299309656441     0.0034152597290391714    0.0019890748247061987    0.0011395823546980319    6.42808102423317E-4      3.572833690596975E-4     1.9582847774579802E-4    1.0592231829229594E-4    5.657784894625083E-5     2.9863029837200844E-5    1.5585262743297904E-5    8.047029051448441E-6     4.112741611537989E-6     2.081712137132515E-6     1.0440201847766877E-6    5.190259852873009E-7     2.5588365410803117E-7    1.2515248487814594E-7    6.074910510756848E-8     2.9274815565802133E-8    1.4010182259575397E-8    6.6607304539518266E-9    3.1466883846549207E-9    1.477602160631094E-9     6.898339084388349E-10    3.202726329960137E-10    1.4790489269686809E-10   6.795576780842712E-11    3.106988917043926E-11    1.4138600195949585E-11   6.4048019600167435E-12   2.8887678491340853E-12   1.2974731048347894E-12   5.804039273235017E-13    2.586262523863033E-13    1.1481165094716243E-13   5.078414997842422E-14    2.2384851788717966E-14   9.83368608756121E-15     4.3059036143912464E-15   1.8795138064219787E-15   8.179093560370814E-16    3.5488395847499243E-16   1.5354307218687206E-16   6.624849532579867E-17    2.850764001254724E-17    1.2235503133792223E-17   5.238319949793612E-18    2.237199208079275E-18    9.53215660892605E-19     4.052114084069004E-19    1.718719472047344E-19    7.274260301485154E-20    3.072272477281959E-20    1.2949206400589075E-20   5.447077732261203E-21    2.2868858870511375E-21   9.583154935130474E-22    4.008458048203399E-22    1.673677940170667E-22    6.97609313746373E-23     2.9028048648430114E-23   1.2058887969776987E-23   5.001479559766748E-24    2.0711372592179392E-24   8.563575258094247E-25    3.5355202371176932E-25   1.457535204299124E-25    6.000220664570337E-26    2.466672854018784E-26    1.0126500334924089E-26   4.15114001949956E-27     1.6973218031861456E-27   6.85651225749946E-28     2.5061120189571016E-28   0
% Data
% c (mol/m^3) @ t=300, u1=0.05, u2=0.03
1                         0.9976598190301802       0.9938809674766135       0.9881691039081862       0.9799540132804331       0.9686079064365594       0.9534756885114449       0.9339174020271539       0.909361262085866        0.8793635496812376       0.8436694174407758       0.8022668037957906       0.7554245731032937       0.7037059667788089       0.6479493249680243       0.5892089670025444       0.5286481572601159       0.4673696878831193       0.40615184226575785      0.3450186228953884       0.28249706771631145      0.2229878258591149       0.17297868455360685      0.13193670549950787      0.09900026022080581      0.07312306193446377      0.05319594683588716      0.038139314209822986     0.02696517549898077      0.01881198301149093      0.012957718088019194     0.00881742296196449      0.005930947335774605     0.003945646284480631     0.0025975144252297       0.001693045565926078     0.0010931155058080094    6.994499576454759E-4     4.4374905683130616E-4    2.7925187336814945E-4    1.7438577792777056E-4    1.0810650574958842E-4    6.655476836531677E-5     4.070478633035955E-5     2.4739734839132216E-5    1.4947357510255857E-5    8.98013348487262E-6      5.366266930171914E-6     3.1904230667510637E-6    1.88764297842981E-6      1.1117061944580692E-6    6.518626202832358E-7     3.8063603520247387E-7    2.213799417511196E-7     1.2826941904440793E-7    7.405286529640291E-8     4.260568758186984E-8     2.443257839884289E-8     1.3967293385754414E-8    7.960824803500522E-9     4.524441418730664E-9     2.564413249797077E-9     1.4497036738002219E-9    8.175002068800823E-10    4.5989688527301253E-10   2.5813155018773985E-10   1.4456775602342293E-10   8.079621374682905E-11    4.506477464675028E-11    2.5086811528143733E-11   1.3939570688165144E-11   7.731804421723674E-12    4.281244963029822E-12    2.3667137829513127E-12   1.3062764105804849E-12   7.198864240990007E-13    3.9614759626162514E-13   2.1768955130020226E-13   1.1946148097886962E-13   6.547102085900333E-14    3.583615288525264E-14    1.959132830419882E-14    1.069781043944511E-14    5.834879008775702E-15    3.1790061989465305E-15   1.730172154475527E-15    9.406776528091482E-16    5.109287751023734E-16    2.7724373632748016E-16   1.502997208030661E-16    8.140709599372384E-17    4.405406263739717E-17    2.3819914375476452E-17   1.2868644798489445E-17   6.946381489893193E-18    3.745849782997618E-18    2.0162188129636232E-18   1.07858914467935E-18     5.611207938436449E-19    2.5065945132042812E-19   0
% Data
% c (mol/m^3) @ t=400, u1=0.05, u2=0.03
1                         0.9992133859776868       0.9979333225049488       0.9959721463654256       0.9930985216687718       0.9890354540516085       0.9834611053216619       0.9760132698651067       0.9662982246662701       0.9539043339948965       0.9384202297445612       0.9194565423166463       0.8966689396537999       0.8697784859172383       0.8385827413798433       0.8029469685415843       0.7627581033813338       0.7178126439569086       0.6675895351554753       0.6108240924991163       0.5447383965953985       0.4737882931212372       0.4064989347986099       0.344060401234081        0.28731375318404684      0.23675140298258587      0.19254394699863242      0.1545863074129542       0.12255526737624671      0.09597088755270315      0.07425554793053718      0.056786085418976215     0.04293633453724376      0.03210904445501811      0.023757465805752605     0.017397804094788614     0.012614235298441101     0.009058339498098741     0.006444721460001154     0.004544346648262945     0.003176808349752904     0.002202417637902338     0.001514712886187268     0.001033740885657001     7.002744523982909E-4     4.709992823440636E-4     3.146178721963046E-4     2.0877052711616858E-4    1.3765272830488462E-4    9.020555058279326E-5     5.8764268765801195E-5    3.806447607082903E-5     2.4521312921131035E-5    1.5713467631379688E-5    1.0018166700734835E-5    6.355830374583515E-6     4.013291411697436E-6     2.522590254266641E-6     1.578630502244088E-6     9.837147089696924E-7     6.104878281002016E-7     3.7736841468346E-7       2.3237728855412276E-7    1.4256660285549424E-7    8.7154920659797E-8       5.309672427204484E-8     3.22399818810703E-8      1.9512843061812845E-8    1.1773090781590945E-8    7.081874058802566E-9     4.247520220449642E-9     2.5403428094510166E-9    1.5151556295655994E-9    9.012952311278624E-10    5.347578815744243E-10    3.1649114735072115E-10   1.8685847392506297E-10   1.1006321711795362E-10   6.468146800794437E-11    3.792754253730645E-11    2.21919007768087E-11     1.2957642195826842E-11   7.550485017273041E-12    4.391024187621425E-12    2.5487234722963748E-12   1.4766189126575395E-12   8.539353920841062E-13    4.929623238784773E-13    2.8408940768534144E-13   1.6344388241606423E-13   9.38801052024797E-14     5.383785725454033E-14    3.082673837592493E-14    1.7623978131171856E-14   1.0060192515262573E-14   5.732327138186732E-15    3.2565987911259454E-15   1.8346963610099607E-15   9.998554078958246E-16    4.622878054166956E-16    0
% Data
% c (mol/m^3) @ t=500, u1=0.05, u2=0.03
1                         0.999715867935219        0.9992513089769524       0.9985336852354669       0.9974702448020403       0.9959451129025113       0.9938165955207593       0.9909150623406269       0.9870416732774633       0.9819681431442632       0.9754375539941804       0.9671658485028855       0.9568429484932054       0.9441312411876498       0.9286571326576213       0.9099879354041857       0.8875806233420478       0.860679440291206        0.8281234922962086       0.7879991991009714       0.7370291608034901       0.6778142468484846       0.6170248927308044       0.5558771545380408       0.49554151826317827      0.4370875038264837       0.38143922544235137      0.3293443683529262       0.2813575453431416       0.23783756427026873      0.19895693867646017      0.16472112154803625      0.13499448680529552      0.10953001132173887      0.08799986006211949      0.07002455575082113      0.055199019436231025     0.043114403448593255     0.03337522660968368      0.025611811211383336     0.019488385863168808     0.014707453514171274     0.01101114180269115      0.008180275319550722     0.006031862440961877     0.004415598715347548     0.0032098765901964286    0.0023176748180855555    0.0016625921744226608    0.0011851963000732804    8.397827498588229E-4     5.915819913980306E-4     4.144115890522039E-4     2.887445348862671E-4     2.0014969119438498E-4    1.3805369673232165E-4    9.477290422279162E-5     6.476685921991704E-5     4.406988091084331E-5     2.986329074505957E-5     2.015696031730946E-5     1.355462116490606E-5     9.082525338411162E-6     6.065453048185645E-6     4.037721498650811E-6     2.6798078666307716E-6    1.773541804718948E-6     1.1706432182214764E-6    7.707729510581108E-7     5.06313054794143E-7      3.3187379922899836E-7    2.1709850690573332E-7    1.4175484749425269E-7    9.240206016687211E-8     6.013836848645488E-8     3.9084948048944E-8       2.5369677775545608E-8    1.6448462851159928E-8    1.0653585604136114E-8    6.894125121768067E-9     4.457852178049742E-9     2.8806000261267997E-9    1.8603557776649568E-9    1.2009003761274864E-9    7.749170464551158E-10    4.998931128976624E-10    3.2240838315637434E-10   2.079090185715528E-10    1.340620368003197E-10    8.644271852310794E-11    5.5739419728856956E-11   3.594385661929251E-11    2.318051747067056E-11    1.4950044270295392E-11   9.640383128902977E-12    6.2107997243792785E-12   3.987015605384484E-12    2.526874087826667E-12    1.52886655205027E-12     7.624973355972689E-13    0
% Data
% c (mol/m^3) @ t=600, u1=0.05, u2=0.03
1                         0.9998994468005489       0.9997343143590135       0.9994772698955233       0.9990923637254221       0.998533106238527        0.9977403246023702       0.9966398097801447       0.9951397453703008       0.9931278525845499       0.9904680575673366       0.9869962335341832       0.9825141008388587       0.9767795359508465       0.9694901060631722       0.960254221150497        0.9485402501320735       0.9335872629752338       0.9142500869881546       0.888733437282806        0.8541406916726854       0.8116069834469972       0.7654213860435523       0.7162557458710955       0.6648788270034781       0.612120861677531        0.5588355878381941       0.5058625346106231       0.45399215746065597      0.4039360225439414       0.3563036557692037       0.311586986143484        0.2701526100868429       0.23224146142049235      0.19797495124943632      0.1673662804010484       0.14033543716913124      0.11672636533130752      0.0963248952959443       0.07887623810928121      0.06410110777001288      0.05170982399303139      0.041414023731733404     0.032935852486868346     0.026014701883068408     0.020411702682546877     0.01591227352422197      0.012327071125488382     0.00949169608748181      0.0072654894409671334    0.005529718005197246     0.004185399696874953     0.003150969696422704     0.002359939681705977     0.001758658353248784     0.0013042439679105703    9.627292320088516E-4     7.074355475715084E-4     5.175766121050614E-4     3.770798188572003E-4     2.7360676427246847E-4    1.977504357018119E-4     1.4238541568072901E-4    1.0214792593227443E-4    7.302412070216117E-5     5.202724543495083E-5     3.694675222842472E-5     2.615496513073992E-5     1.8459259605275476E-5    1.298987047914211E-5     9.115328167405978E-6     6.379133474649714E-6     4.452627482952363E-6     3.10011795364777E-6      2.1532163770164434E-6    1.49205116538658E-6      1.0315824272543236E-6    7.11679684460988E-7      4.899598990298192E-7     3.366398167097111E-7     2.30851025204646E-7      1.5801223485535944E-7    1.0796232840490102E-7    7.363856150835017E-8     5.014385196891561E-8     3.409072113025377E-8     2.3141233677558125E-8    1.56853191977736E-8      1.0616476711140403E-8    7.175796453177058E-9     4.843765435644586E-9     3.265399028328626E-9     2.1985501053380852E-9    1.4782914015950326E-9    9.924070094744562E-10    6.645231568345196E-10    4.424362498487001E-10    2.898753835493819E-10    1.8032874743967435E-10   9.16657892134495E-11     0
% Data
% c (mol/m^3) @ t=700, u1=0.05, u2=0.03
1                         0.9999630053319523       0.9999020417194293       0.9998065773791202       0.9996624514267464       0.9994508730007765       0.9991471958675823       0.9987194123868867       0.9981262776999932       0.9973149136203509       0.996217630328717        0.9947475065257841       0.992791925663517        0.9902026798751579       0.9867802657440872       0.982248350024725        0.9762116628608261       0.9680861085901373       0.9569825837721044       0.9415141042254391       0.9194765329520225       0.8912056205001759       0.8591922005011284       0.8236371873126787       0.7848492112229261       0.7432355797900018       0.6992881196809259       0.6535647572821635       0.606668004741261        0.5592217227152932       0.5118476139269443       0.46514285867375316      0.41966014480046887      0.37589109258911957      0.33425376044257915      0.2950845751970997       0.2586346959760522       0.2250705226863439       0.1944778219760199       0.16686877795825972      0.14219118616802326      0.12033899267916387      0.10116342533689364      0.0844840559050275       0.07009925420126681      0.057795632043714525     0.04735621211101709      0.03856718366919688      0.031223215983826297     0.025131386895221906     0.020113847187634624     0.016009382036334476     0.01267405158433156      0.009981097138212908     0.007820291497191165     0.006096895371424667     0.00473036013946884      0.0036528931990432415    0.0028079780915194505    0.0021489190028536323    0.0016374591639289806    0.001242505616335616     9.38978930312594E-4      7.067956489473374E-4     5.299832028905814E-4     3.9592141271690306E-4    2.947010544863572E-4     2.1858789612488714E-4    1.61579738869967E-4      1.1904398865025832E-4    8.7423861370561E-5       6.400227334119975E-5     4.671361439441496E-5     3.3994822267490635E-5    2.466838577659324E-5     1.7851044391856225E-5    1.2882989469735165E-5    9.273291181208616E-6     6.658070809045355E-6     4.768614400619796E-6     3.4071895893773223E-6    2.4287942799234345E-6    1.7274464427135601E-6    1.2259310660418767E-6    8.681652182029802E-7     6.135359102265988E-7     4.3271744378025135E-7    3.045932638272933E-7     2.1399881213211688E-7    1.5007212330504925E-7    1.0505251040423257E-7    7.340834895306097E-8     5.12056270132599E-8      3.565189205472161E-8     2.4767269671796312E-8    1.7146675365956357E-8    1.1786086451922054E-8    7.951229233939217E-9     5.069105157063606E-9     2.6202922114628672E-9    0
% Data
% c (mol/m^3) @ t=800, u1=0.05, u2=0.03
1                         0.9999857449234525       0.9999621863873458       0.999925110083934        0.999868744771474        0.9997852636047727       0.9996641328003009       0.999491250932719        0.9992477910310996       0.9989086053412082       0.9984399646679454       0.9977962567184715       0.9969150216410912       0.9957092940018432       0.9940555446045901       0.9917744037123961       0.9885995251324112       0.984126973970479        0.97773266997213         0.9684375274294574       0.9546871123915591       0.9364782904880926       0.9152001352990035       0.8908020713490867       0.86330632843585         0.8328117202734165       0.7994941664930866       0.7636038025025693       0.725458739401476        0.6854357545164935       0.6439583931977216       0.6014831268582851       0.5584843268578833       0.5154388697502844       0.47281118357659285      0.43103948031153255      0.3905238047675783       0.3516163779967272       0.3146145388586717       0.2797564070521689       0.24721921962667845      0.21712014343028338      0.18951924727005726      0.16442423498911668      0.1417964955287481       0.12155801623626786      0.10359872641621605      0.08778388285951705      0.07396117044837774      0.06196726155810151      0.05163365117061405      0.04279165482354235      0.035276519571027        0.028930651296116328     0.023606003604576334     0.019165703910903244     0.015485011858583458     0.012451715180122546     0.00996607014472874      0.007940389651936716     0.006298373564296138     0.004974264630359831     0.00391190069467737      0.0030637209174394398    0.002389771250940527     0.0018567430052651745    0.001437068321201349     0.0011080879122248473    8.512995579199584E-4     6.516904473333779E-4     4.971524369671634E-4     3.7797642330881956E-4    2.8642013975874707E-4    2.1634258152863128E-4    1.6289776265226373E-4    1.2228046037388436E-4    9.151687116418091E-5     6.829358083742208E-5     5.08188528912791E-5      3.771089893896941E-5     2.7908465255302964E-5    2.0599716927259845E-5    1.5166004490424222E-5    1.1137644885548989E-5    8.159333454832778E-6     5.963225687467975E-6     4.348088937963799E-6     3.1632298310422622E-6    2.2961581026245936E-6    1.663158225231617E-6     1.2021123243089867E-6    8.67057263816452E-7      6.240704573996529E-7     4.4816730580173277E-7    3.209616138107973E-7     2.2889112733458288E-7    1.6184389179341833E-7    1.1203497018629322E-7    7.29694446303125E-8      3.826904864492244E-8     0
% Data
% c (mol/m^3) @ t=900, u1=0.05, u2=0.03
1                         0.999994250200485        0.999984719881648        0.9999696437951893       0.9999465599641417       0.999912056216476        0.9998614214893514       0.9997881591973762       0.999683296053478        0.9995343807155569       0.999324002737544        0.9990275575410087       0.9986098113887039       0.9980195390988755       0.9971810472798154       0.9959806446881162       0.9942448961539118       0.9917055005100108       0.9879423838950177       0.9822913141523866       0.9736937461479573       0.9620374075738709       0.9480930644150749       0.9317168924421385       0.91280320952518         0.891291184731263        0.8671702579398456       0.8404839177081044       0.811331559567372        0.7798682441635927       0.7463022883102567       0.7108907440069662       0.6739329416755716       0.6357623850031469       0.5967373773253812       0.5572308264879868       0.5176197118962648       0.4782747019909507       0.43955038345991976      0.4017765085174751       0.3652505891280273       0.33023207419922446      0.29693824533954655      0.2655418665403876       0.2361705301250815       0.2089075612228651       0.18379427992289316      0.1608333763735832       0.13999312987857512      0.12121219740879051      0.10440470757822846      0.08946541985830114      0.07627474203293887      0.06470343795693216      0.054616899143290196     0.04587889460579952      0.038354751358430354     0.03191395132495717      0.02643215809505312      0.021792708523914246     0.017887619653161938     0.014618171254314742     0.011895129148720615     0.009638675178981296     0.007778107194515632     0.006251367548842207     0.0050044521971311295    0.003990745230713074     0.0031703161657788558    0.002509209961412486     0.001978752898073386     0.001554891311165342     0.0012175748607623092    9.501915678283412E-4     7.390582423025085E-4     5.72967112087947E-4      4.4278735173913455E-4    3.41118709526825E-4      2.619934415368869E-4     2.0062218422011913E-4    1.5317914238679485E-4    1.1662195817561079E-4    8.854178959927787E-5     6.703940812870468E-5     5.0623477828469113E-5    3.812756834880491E-5     2.8642854033831493E-5    2.1463842425169724E-5    1.6044844525613884E-5    1.1965238122888478E-5    8.901879601986637E-6     6.607286748688729E-6     4.892444074437936E-6     3.6132721177458982E-6    2.6599500858277558E-6    1.9483794716322474E-6    1.4131075965681479E-6    1.0009581888474609E-6    6.643688089514215E-7     3.5287125247510184E-7    0
% Data
% c (mol/m^3) @ t=1000, u1=0.05, u2=0.03
1                         0.9999975680027204       0.9999935230115361       0.9999870855751212       0.9999771465285554       0.9999621323369229       0.999939811767539        0.9999070144561354       0.9998592150142478       0.9997899089426525       0.999689662160493        0.99954464365623         0.9993343330583883       0.9990279032232033       0.9985784657074048       0.9979138585001516       0.9969218273600555       0.9954261038747435       0.9931476881649451       0.9896420696577582       0.9841972978902721       0.976686288431821        0.9675428017393763       0.9566100773130138       0.9437467439929725       0.9288324907593188       0.9117735312026465       0.8925076024879565       0.8710082426784924       0.8472881090216757       0.8214011340896544       0.7934433651579931       0.7635523923569212       0.7319053393625654       0.6987154623550644       0.6642274738703127       0.6287117731980424       0.5924578197047833       0.5557669262328297       0.5189447739784222       0.4822939567088023       0.44610685093500724      0.4106590811300432       0.37620380782799234      0.34296701488537573      0.3111439142895617       0.2808965267863613       0.25235243821590536      0.2256046782569459       0.20071262304059734      0.1777037877122912       0.15657635050461274      0.1373022363799179       0.11983058519699492      0.10409143543082892      0.08999946808281573      0.0774576746751267       0.06636083617771525      0.056598724506023365     0.04805896319067393      0.04062950757789049      0.03420072641569929      0.028667085194250205     0.02392844673298155      0.019891016115844505     0.016467965270672583     0.013579777546325734     0.011154354956465643     0.00912693079439449      0.007439828565721895     0.006042105109679811     0.004889111823217239     0.003942003447501947     0.0031672192430956415    0.0025359568199703544    0.0020236545890925115    0.0016094948918385131    0.0012759364191218417    0.001008281588610524     7.942821074154502E-4     6.237839862132088E-4     4.884117492112078E-4     3.8129045274109077E-4    2.9680332879615344E-4    2.3038235299242718E-4    1.7832874596339682E-4    1.376603040548128E-4     1.0598247567461633E-4    8.138021581593204E-5     6.232783063854807E-5     4.761423870788254E-5     3.628130067245561E-5     2.7573080167131866E-5    2.0894066503045983E-5    1.5774472694980667E-5    1.184065210793019E-5     8.788331873901732E-6     6.355518500068577E-6     4.290178632850719E-6     2.30437194420393E-6      0
% Data
% c (mol/m^3) @ t=1100, u1=0.05, u2=0.03
1                         0.9999989257296807       0.9999971313399171       0.9999942545455057       0.9999897680629473       0.9999829047227781       0.9999725461123846       0.9999570550475314       0.9999340205759905       0.9998998654749577       0.9998492358354545       0.9997740430337666       0.9996619482828323       0.9994939496636063       0.999240519488686        0.9988553945874726       0.998265559710662        0.9973550478449027       0.9959386874019258       0.9937194902161752       0.9902194001025773       0.9853280076161964       0.9792943315646698       0.9719801875220866       0.9632504147341904       0.9529767052001884       0.9410416490150407       0.9273428574035834       0.9117970073648467       0.8943436411690265       0.8749485514053948       0.8536065887109208       0.8303437450031327       0.8052183896579952       0.7783215686308211       0.7497763154225291       0.71973596593321         0.6883815141301763       0.6559180894005818       0.6225706767768857       0.588579235448132        0.5541933970390506       0.5196669415558046       0.485252254840262        0.45119496674787346      0.41772895468391025      0.3850718738551172       0.3534213453912163       0.3229518984918139       0.2938127252642304       0.26612626923666904      0.23998763278738489      0.21546475674283652      0.1925992985754412       0.17140811491717425      0.15188523996114753      0.1340042437562481       0.11772085301798071      0.10297572117048488      0.08969724296149853      0.07780432108281685      0.06720900667037571      0.05781895127382861      0.04953962389804615      0.04227626219533699      0.03593554116550655      0.030426955320554068     0.025663920888426308     0.021564613124238362     0.01805256016511612      0.01505701921518057      0.012513163371631763     0.010362108347335164     0.008550807984744183     0.007031846072773566     0.005763149844865192     0.004707647902866805     0.0038328923963775064    0.003110662274203697     0.0025165614598110365    0.0020296229965157857    0.0016319276379368143    0.0013082430731900462    0.0010456879982875733    8.334235793659728E-4     6.623734887183427E-4     5.249726089927621E-4     4.1494366427749746E-4    3.2710041335088025E-4    2.5717558951435286E-4    2.0167144659102246E-4    1.5773051525583786E-4    1.2302391216260138E-4    9.565416394027851E-5     7.406882725132131E-5     5.697989393963938E-5     4.32815191679415E-5      3.1954021418624266E-5    2.1933616947605106E-5    1.191180246632214E-5     0
% Data
% c (mol/m^3) @ t=1200, u1=0.05, u2=0.03
1                         0.9999995565444852       0.9999988105221385       0.9999975998502113       0.9999956807885931       0.9999926861589916       0.9999880609834187       0.9999809625675421       0.9999701042484317       0.9999535093973402       0.9999281217979172       0.9998891852897004       0.9998292515548286       0.9997365870470252       0.9995926069562536       0.9993677308867308       0.9990146746013845       0.9984575715690803       0.997574304723589        0.9961677733675195       0.9939191141051492       0.9907403889000769       0.986773201351211        0.9819051803834647       0.9760208443958619       0.9690038884979343       0.9607398033418822       0.9511187691879298       0.9400387497366858       0.927408692808343        0.91315173037132         0.897208259899107        0.8795387835950695       0.8601263824632255       0.838978708987747        0.8161293953963215       0.791638793777502        0.7655939889237207       0.7381080535044141       0.7093185465303651       0.6793852883111086       0.6484874763826519       0.6168202353702215       0.5845907177911472       0.5520138910252512       0.5193081571017639       0.48669095604618834      0.4543745002553281       0.422561777153621        0.39144294108091615      0.3611921941634256       0.3319652312548263       0.3038972974531321       0.2771018797548154       0.2516700285514112       0.22767028116355548      0.20514913944256705      0.1841320373515809       0.16462472275711273      0.14661497050825786      0.13007454107690614      0.11496130017910354      0.101221419329638        0.08879158452645912      0.07760114949609768      0.06757418043477069      0.058631350275769656     0.05069165160257906      0.04367390790856527      0.037498072588237404     0.03208631355524357      0.027363888549486945     0.023259821948037013     0.019707398242164942     0.016644490361726848     0.014013742842547885     0.011762630598682716     0.009843413952875019     0.008213009773222988     0.006832797234478875     0.005668375028007907     0.004689284926421458     0.0038687145872153294    0.003183190451700489     0.0026122696357272534    0.002138237869766978     0.0017458188592183264    0.001421898911760491     0.0011552693051907483    9.363876073946171E-4     7.571579332366548E-4     6.107287961255094E-4     4.913055524362169E-4     3.939720450650459E-4     3.1451223607173527E-4    2.492161732471731E-4     1.9464345921609076E-4    1.4729781098569625E-4    1.0313189720391943E-4    5.6741230800574105E-5    0
% Data
% c (mol/m^3) @ t=0, u1=0.05, u2=0.05
1                         -5.6727329698675164E-8   3.441234106048114E-15    4.79906950358202E-20     8.009901849351898E-26    1.023626982567985E-31    1.168969727346634E-37    1.2541942007528204E-43   1.293196159212342E-49    1.2971711273413488E-55   1.2750964098618401E-61   1.2341312993497111E-67   1.1799489050912704E-73   1.1170108771030518E-79   1.0487944867291823E-85   9.779799986134273E-92    9.066049837964013E-98    8.36191142513267E-104    7.67848296152177E-110    7.02359443838945E-116    6.402501374442362E-122   5.818448902477453E-128   5.273128827616668E-134   4.767048505888197E-140   4.299827220738124E-146   3.8704330811806296E-152  3.4773712461745214E-158  3.118832425891138E-164   2.7928090631714053E-170  2.497185308263395E-176   2.22980582531027E-182    1.9885275750151926E-188  1.7712579750216456E-194  1.57598222307051E-200    1.400782057140878E-206   1.2438478041178174E-212  1.1034852193859298E-218  9.7811833189004E-225     8.662892723099224E-231   7.666558674875285E-237   6.779876249008249E-243   5.991606007939555E-249   5.291515395149234E-255   4.6703158549544635E-261  4.119597996329317E-267   3.631766557024439E-273   3.1999764741258747E-279  2.8180710082696068E-285  2.480522584199063E-291   2.182376786753254E-297   1.9191997769268503E-303  1.68702925833775E-309    1.48233106E-315          1.566E-321               0                        0                        0                        0                        0                        0                        0                        0                        0                        0                        0                        0                        0                        0                        0                        0                        0                        0                        0                        0                        0                        0                        0                        0                        0                        0                        0                        0                        0                        0                        0                        0                        0                        0                        0                        0                        0                        0                        0                        0                        0                        0                        0                        0                        0                        0                        0
% Data
% c (mol/m^3) @ t=100, u1=0.05, u2=0.05
1                         0.9656881255471028       0.9132847261683886       0.8415363061625022       0.751714572544203        0.6479125517674261       0.5366497837769435       0.4257612917166663       0.32283607075690884      0.2337119178248797       0.16154938332257385      0.10674402926030405      0.06755197460372794      0.041046893762842644     0.024016634248053437     0.013571978958974261     0.00742999656805995      0.003952083766652749     0.002048181267133852     0.0010369245665182844    5.140507894175512E-4     2.500912662100196E-4     1.1964373549732698E-4    5.638472128138061E-5     2.6218934278347383E-5    1.2047020511560258E-5    5.4766751741063394E-6    2.4661953735093944E-6    1.1011742453738441E-6    4.879749026042652E-7     2.1478382843374036E-7    9.396752723536104E-8     4.0888357155793843E-8    1.770552109092673E-8     7.633402313796657E-9     3.278054107087742E-9     1.4027124360376143E-9    5.983045863174603E-10    2.5445247705598367E-10   1.0792852347798115E-10   4.5668043808512274E-11   1.9280804210538442E-11   8.123708769339462E-12    3.416419070165958E-12    1.434296587392874E-12    6.011938837780846E-13    2.5162207535588525E-13   1.0516886748601716E-13   4.3900661296079284E-14   1.8303640672022337E-14   7.622897542772345E-15    3.1713880579764917E-15   1.3181145758858328E-15   5.473394344002865E-16    2.270822942489371E-16    9.413561989202894E-17    3.899315454814504E-17    1.6140031110244727E-17   6.676033780792548E-18    2.75960003215316E-18     1.1399908881142181E-18   4.706492641300801E-19    1.941987222662429E-19    8.008657206330455E-20    3.301018818251097E-20    1.3599444197752173E-20   5.600005438614007E-21    2.3049342897685355E-21   9.48286575044202E-22     3.899772369326007E-22    1.6031151172819003E-22   6.587531901102055E-23    2.705949642286579E-23    1.111121813836827E-23    4.5609395734915766E-24   1.871556883450805E-24    7.677377826362158E-25    3.148392005340787E-25    1.2907296262495985E-25   5.290012544811864E-26    2.16749053531598E-26     8.878523297541813E-27    3.635892515269857E-27    1.4885782608080325E-27   6.092928071538628E-28    2.4933165558258673E-28   1.0200674327425724E-28   4.1723756178209795E-29   1.706254476964808E-29    6.976101782048003E-30    2.8516289013708827E-30   1.1654318642451903E-30   4.762081579681092E-31    1.9454725296235192E-31   7.946459662250446E-32    3.2452068513310204E-32   1.3249779499946603E-32   5.405190501313454E-33    2.1888436391716595E-33   8.170301153913238E-34    0
% Data
% c (mol/m^3) @ t=200, u1=0.05, u2=0.05
1                         0.9920263987459035       0.9793573937139262       0.9607424404134242       0.9349945468230986       0.9011403496323829       0.8585814570380367       0.80724207174606         0.747673995715901        0.6810920728050341       0.6093221036352051       0.5346585589871623       0.4596480702047744       0.3868318919268638       0.31849101808315344      0.25643758626859264      0.20188513523307144      0.15541155279684696      0.1170081400455424       0.08619219206146701      0.062152638778851556     0.043899055306935435     0.030391430425052806     0.02063793109263776      0.01375728153531925      0.009009268644900838     0.005800651001376321     0.0036747720557229213    0.002292343185948351     0.001409106827286402     8.541445458698793E-4     5.109019737996164E-4     3.0174835640568503E-4    1.7608493798109952E-4    1.015838677363821E-4     5.796881393851463E-5     3.2738596954117334E-5    1.8307874249579122E-5    1.0142198676017077E-5    5.5684614716901335E-6    3.031299449819566E-6     1.6367569488519312E-6    8.769254695519284E-7     4.6635483008385096E-7    2.4625726734250086E-7    1.291563400140488E-7     6.730140922787838E-8     3.4852570870291046E-8    1.7941612068819734E-8    9.18356986889544E-9      4.675053435816717E-9     2.367459786179119E-9     1.192862716821784E-9     5.981307439547651E-10    2.985252236258602E-10    1.4832773432591753E-10   7.338263490862327E-11    3.615457706204346E-11    1.774182274782623E-11    8.67282881497027E-12     4.22386881489293E-12     2.0497636405355077E-12   9.91276326865893E-13     4.77787256841512E-13     2.2954727185443424E-13   1.0993957091700319E-13   5.249581708874949E-14    2.499346817802827E-14    1.1865881304377319E-14   5.618026805808411E-15    2.6528636049369274E-15   1.2494782658711062E-15   5.870282463424673E-16    2.751301569224011E-16    1.286463082433197E-16    6.001587366006775E-17    2.793657255145937E-17    1.2976143799144353E-17   6.0146444853554346E-18   2.782218687007774E-18    1.2844398262286806E-18   5.918351130907384E-19    2.7219147983149714E-19   1.2495587370602596E-19   5.72621800442837E-20     2.619558283673111E-20    1.1963449835363985E-20   5.454707569501796E-21    2.4830817010310916E-21   1.1285796861297049E-21   5.121671364575597E-22    2.3208412890105342E-22   1.0501440196381542E-22   4.745006517976195E-23    2.141031634711069E-23    9.647530612429852E-24    4.340914029051274E-24    1.9485005251509743E-24   8.648135158770513E-25    3.485668984950202E-25    0
% Data
% c (mol/m^3) @ t=300, u1=0.05, u2=0.05
1                         0.997639073647335        0.993828345372081        0.9880724541808857       0.9798018644063937       0.9683918009938606       0.9531929031561265       0.9335736102535086       0.9089725623676449       0.878957283870051        0.8432834312421883       0.8019473440085992       0.755223994071785        0.7036830633797123       0.6481779670833244       0.5898060381271231       0.529842299847212        0.46965347987990813      0.4106022467978613       0.35395329893397187      0.3007924978534498       0.25196782552049085      0.20805714629615918      0.16936345951376358      0.13593444840706906      0.10760035912579026      0.08402290926964188      0.06474798490997913      0.04925601539050333      0.03700565883307384      0.027468335237288286     0.02015285608665475      0.01462070965969893      0.010493397738289471     0.007453614497058103     0.00524210560542216      0.0036518602410816766    0.00252097933494026      0.0017252159192430515    0.0011708561469052975    7.883347794906949E-4     5.26768885133063E-4      3.4944674184256974E-4    2.3021648966509262E-4    1.5066884564996595E-4    9.798806440225885E-5     6.334477731648004E-5     4.071513617809218E-5     2.6026897381436444E-5    1.6550799095005053E-5    1.047246833783158E-5     6.594944743634282E-6     4.134271644543872E-6     2.580487496248336E-6     1.6039994141431835E-6    9.930862556067675E-7     6.125290680232401E-7     3.7644042777269746E-7    2.305498719327629E-7     1.4073379588759332E-7    8.563658928250396E-8     5.195259211634567E-8     3.142667903735283E-8     1.8957754104435722E-8    1.1405740167750398E-8    6.844737606554994E-9     4.097632841487205E-9     2.4473500446560094E-9    1.4584371268842433E-9    8.672566366587098E-10    5.146519893315168E-10    3.0480477220205175E-10   1.801798421756082E-10    1.0631623510942199E-10   6.262287247389313E-11    3.682442563457077E-11    2.161905868773535E-11    1.2672498893825916E-11   7.417167002045092E-12    4.334995132547181E-12    2.53009749598739E-12     1.4747087150239608E-12   8.584536221308437E-13    4.991020186374518E-13    2.8982984554186844E-13   1.6811122270937182E-13   9.740199415788624E-14    5.637330210846925E-14    3.2593409731554876E-14   1.882575168524223E-14    1.0863153286375963E-14   6.262600551182407E-15    3.607132230571761E-15    2.075818418405244E-15    1.1935485034717517E-15   6.85609589143507E-16     3.932262577556506E-16    2.244284665199512E-16    1.2508348433600053E-16   6.053469058400625E-17    0
% Data
% c (mol/m^3) @ t=400, u1=0.05, u2=0.05
1                         0.999202301358374        0.9979047615271701       0.9959182785141071       0.9930104310750391       0.9889038384760448       0.9832773797806537       0.9757711146209777       0.965995616824019        0.9535461656144794       0.9380218293689415       0.9190489387290766       0.8963078208812848       0.8695610249365965       0.8386807037469399       0.8036724374575213       0.7646926912629763       0.7220573698219543       0.6762395894939198       0.6278557962124021       0.5776405990131088       0.5264119946501038       0.4750298237112582       0.4243511288367353       0.375186438624417        0.32826081876165764      0.28418285466346693      0.24342368432476058      0.20630696961749617      0.1730094775085395       0.1435709131194388       0.11791092300084058      0.09585082030910337      0.07713755976161413      0.061467745886680344     0.04850990187832959      0.03792376078521074      0.029375879286081492     0.02255135206231128      0.01716178245072875      0.012949927353878198     0.00969158506801455      0.007195350187663379     0.005300842877480798     0.003875954652446725     0.002813561173362342     0.0020280519709476395    0.0014519300266217872    0.0010326486078399766    7.29782577789181E-4      5.125775135836159E-4     3.578813459349118E-4     2.4843773189113104E-4    1.7150538431078908E-4    1.1776049167931737E-4    8.043781896738465E-5     5.466813318781948E-5     3.697373040016066E-5     2.4888948211838535E-5    1.6677874484714852E-5    1.1126534137823354E-5    7.391386636693681E-6     4.8898798892824675E-6    3.22206218197105E-6      2.114891690753082E-6     1.3829732371562676E-6    9.010767521536636E-7     5.85034065897794E-7      3.7854631490962093E-7    2.4412976612461226E-7    1.569386537398983E-7     1.0057465885374074E-7    6.425946001052021E-8     4.093684017061537E-8     2.6005052448465753E-8    1.6474162911217906E-8    1.0408445731628231E-8    6.559016572616007E-9     4.122817240113552E-9     2.5851334086495733E-9    1.6170939179801502E-9    1.009205801581013E-9     6.2841163002801E-10      3.904410278384124E-10    2.420690496591524E-10    1.4976853524274143E-10   9.247480840578066E-11    5.698637640072774E-11    3.5049819709594326E-11   2.151737573217682E-11    1.3185677597538724E-11   8.065759832811808E-12    4.925344994530496E-12    3.00256360004793E-12     1.8273195706063757E-12   1.1100542000352904E-12   6.725431376697752E-13    4.046614209616954E-13    2.3661230196038337E-13   1.187286777462214E-13    0
% Data
% c (mol/m^3) @ t=500, u1=0.05, u2=0.05
1                         0.9997095547363076       0.9992348844155949       0.998502205522565        0.9974175971633922       0.9958641626335732       0.9936996100148731       0.9907545744851685       0.9868320473649157       0.9817082959736353       0.9751356440457242       0.9668474256255168       0.9565653195329225       0.9440091146703937       0.9289087529072472       0.9110182578918542       0.89013090480803         0.8660947449617954       0.838827402275925        0.8083289395567133       0.7746915801831109       0.7381051856040786       0.6988576360798942       0.6573296287276671       0.61398386148423         0.5693490661403349       0.5239998299391516       0.4785335435952987       0.43354608233552144      0.3896079309577569       0.34724239206917606      0.30690728135170847      0.2689811496106062       0.23375462863195834      0.20142703333537032      0.172107920720085        0.14582295081766525      0.12252314514080537      0.10209650563991739      0.08438093758095619      0.06917749601765848      0.0562631226157135       0.045402229316568385     0.03635669063527307      0.02889400443005282      0.02279355493787398      0.01785105146454235      0.013881317155536154     0.010719665521098504     0.008222132141631236     0.0062648316066266745    0.004742692408283719     0.003567792194894144     0.0026674786114249042    0.001982421826565449     0.0014647073568183713    0.0010760442870576476    7.86135719390581E-4      5.712356838068138E-4     4.1289963962790494E-4    2.9692352745996843E-4    2.124583349954852E-4     1.5128248735039605E-4    1.0721226170877011E-4    7.563014019135316E-5     5.311195175619846E-5     3.7135333769933E-5       2.585410356983689E-5     1.7925309647281942E-5    1.2377856124206962E-5    8.513555223118485E-6     5.833202973779484E-6     3.981771678155383E-6     2.7080707196998467E-6    1.8352618486935846E-6    1.2394506735445571E-6    8.342404507392418E-7     5.596551286579764E-7     3.7424183051690923E-7    2.4947155621162695E-7    1.6579057343843965E-7    1.0985021989899717E-7    7.257307994895663E-8     4.7809475904237394E-8    3.14083826429931E-8      2.057779298056545E-8     1.3446252192317192E-8    8.763543061232634E-9     5.697183143457669E-9     3.6946031842575744E-9    2.3901599350246903E-9    1.542627580483211E-9     9.933262166587526E-10    6.381692835518295E-10    4.0906172880002194E-10   2.6155096790310373E-10   1.66626294171451E-10     1.0520982248172792E-10   6.42421066572145E-11     3.3289153874276216E-11   0
% Data
% c (mol/m^3) @ t=600, u1=0.05, u2=0.05
1                         0.9998911154368025       0.999712546687729        0.9994352498886598       0.9990213721873944       0.9984224901237432       0.9975777636080996       0.9964120920654446       0.9948343888517415       0.9927361197206671       0.9899902780654314       0.9864509903329566       0.9819539553485591       0.9763179170589786       0.9693473474446926       0.9608364719866155       0.9505747025547164       0.9383534525808803       0.9239742003199309       0.9072575444308947       0.8880528716478764       0.8662481411743348       0.8417791984295779       0.814637975781316        0.7848789319855072       0.7526231334698876       0.7180594919282581       0.6814428395977213       0.6430887344251974       0.603365123882675        0.5626812355682805       0.5214742801661126       0.4801947245173982       0.43929100088634565      0.3991945517487754       0.3603060652289017       0.32298364132409785      0.2875334577692148       0.25420329679340725      0.22317907267468012      0.1945842869767027       0.16848215257999588      0.14487998294230517      0.12373534723399392      0.10496344679708804      0.088445170142622        0.07403532477286819      0.06157061437108752      0.05087701831517908      0.04177632646039693      0.03409167656873799      0.027652027574566283     0.02229557431157423      0.01787216586617733      0.01424482978920322      0.011290528928964937     0.008900288625213654     0.006978831996479373     0.0054438528373887225    0.004225041895908041     0.0032629654003945587    0.0025078766124528107    0.0019185233924251916    0.00146099832921331      0.0011076635537670637    8.36170243255433E-4      6.285830927687723E-4     4.7061256438690074E-4    3.5095228503369307E-4    2.6071525857085474E-4    1.9296026763448534E-4    1.42298659415891E-4      1.0457135746388359E-4    7.658617742480242E-5     5.5906149398937025E-5    4.068040581701818E-5     2.9510162067901624E-5    2.1343311218808844E-5    1.539211510409873E-5     1.1069364589088825E-5    7.939181277530716E-6     5.67933274784724E-6      4.052533382000381E-6     2.884708247493317E-6     2.048616771390833E-6     1.4515761396689072E-6    1.0263019271668533E-6    7.241055487553785E-7     5.098640750278746E-7     3.583161077190336E-7     2.5134498083889E-7       1.7599365834694563E-7    1.2301941175431342E-7    8.584479491368873E-8     5.97977984329365E-8      4.1560626988055645E-8    2.876431316639023E-8     1.9674151476044593E-8    1.2902601614109599E-8    7.043877403766445E-9     0
% Data
% c (mol/m^3) @ t=700, u1=0.05, u2=0.05
1                         0.9999593400235053       0.9998924594173924       0.9997880660673374       0.9996311636737777       0.9994021527270897       0.9990758058696065       0.9986201287154298       0.9979951287741269       0.997151529160244        0.9960294799286867       0.9945573374782153       0.9926506004406089       0.9902111073337357       0.9871266151182047       0.983270886456954        0.9785044145630626       0.9726759057152008       0.9656246188500915       0.9571836278217354       0.947184024705735        0.9354600230468197       0.9218548509147755       0.9062272494291004       0.8884583189398193       0.8684583893509991       0.8461735406858342       0.8215913721212461       0.7947456182772611       0.7657192442112416       0.734645716012099        0.7017082393225712       0.6671368772539219       0.631203592679324        0.5942153963677819       0.5565059095734431       0.5184257558473532       0.48033227231026904      0.44257906887931525      0.4055059623043216       0.36942977172908775      0.33463638896631326      0.301374437827336        0.2698507225983705       0.24022754665214668      0.21262186822704743      0.18710616006365646      0.16371075911688562      0.14242743566557006      0.12321387897094893      0.10599878806293132      0.09068726832753078      0.07716626317792041      0.06530979044184003      0.05498380034281016      0.0460505216164129       0.03837221059737666      0.031814262118404435     0.0262476787851374       0.02155092552785285      0.017611218949100414     0.014325316177912674     0.011599876445716188     0.009351471439749416     0.007506318824495749     0.005999808322146742     0.004775882505322522     0.003786325939732527     0.0029900073139525253    0.00235211032277959      0.0018433807727552857    0.0014394099422969824    0.0011199678131287784    8.683944493805521E-4     6.710535134036843E-4     5.168485970835892E-4     3.9680060521149414E-4    3.03682727810772E-4      2.3170845180380545E-4    1.7626746474634305E-4    1.3370408117545205E-4    1.0113287628133843E-4    7.62864585739395E-5      5.739068493932498E-5     4.306306443261909E-5     3.223057070933321E-5     2.4063557583816748E-5    1.792292737949208E-5     1.3318124343467624E-5    9.873907877920427E-6     7.304199216850263E-6     5.391589671048292E-6     3.971349162475447E-6     2.918980326715191E-6     2.140521839172188E-6     1.5648994342454148E-6    1.1376107244617656E-6    8.147976274932534E-7     5.560267806688078E-7     3.121730962126099E-7     0
% Data
% c (mol/m^3) @ t=800, u1=0.05, u2=0.05
1                         0.9999842852602574       0.9999583819100887       0.9999178023250367       0.9998565101179666       0.9997665008859565       0.9996373030942517       0.9994553939858081       0.9992035285156546       0.998859983711012        0.9983977266849794       0.9977835218405017       0.9969770015362991       0.9959297344424088       0.994584336601967        0.9928736812419472       0.9907202738242241       0.9880358676774836       0.9847214016090406       0.9806673428749013       0.9757545155058454       0.9698554841121017       0.9628365460923846       0.9545603603070814       0.9448892080343191       0.9336888434741507       0.9208328480972323       0.9062073584608216       0.8897159941353473       0.8712847749489003       0.8508667888257395       0.8284463567257804       0.8040424424930713       0.7777110745317193       0.7495465833876828       0.719681513081503        0.6882851312892978       0.6555605396174701       0.6217404646035581       0.5870818865264239       0.5518597305597643       0.5163598979289523       0.480871949490405        0.4456817681762247       0.4110645195307675       0.37727820244717536      0.3445580381449688       0.31311188860179634      0.28311683099841145      0.25471694741856205      0.2280223239631419       0.20310919481416811      0.1800211178730644       0.1587710315228226       0.13934401778728675      0.12170058556815151      0.10578028770989155      0.09150549567242612      0.07878517344586349      0.06751851569556643      0.05759834167685479      0.04891416409913241      0.04135487905663329      0.03481104797050174      0.029176764207596587     0.024351115054492188     0.020239263784227718     0.016753186706478        0.013812106612885752     0.011342667348551085     0.00927889488018203      0.007561988749469531     0.006139984746895649     0.004967325525377198     0.004004371141143065     0.003216876532809029     0.0025754580223347526    0.0020550662613179837    0.0016344788018869713    0.0012958217327850728    0.0010241266287417425    8.0692641746624E-4       6.338916482446985E-4     4.965070049259469E-4     3.8778668850320474E-4    3.020264397868777E-4     2.3458941948135053E-4    1.8172285264585533E-4    1.404022229864413E-4     1.0819982098941556E-4    8.317456442588396E-5     6.378017749934013E-5     4.878898667179143E-5     3.7228692925096327E-5    2.8329370177127777E-5    2.1477308403084572E-5    1.617045631369623E-5     1.196545936505113E-5     8.394733520942498E-6     4.80451737198399E-6      0
% Data
% c (mol/m^3) @ t=900, u1=0.05, u2=0.05
1                         0.9999937584847237       0.9999834546437681       0.9999672705089355       0.9999427385804801       0.9999065533803386       0.9998543409592364       0.99978038070895         0.9996772742268847       0.9995355568456122       0.9993432488906094       0.999085345877857        0.9987432498077954       0.9982941475237741       0.9977103468069326       0.9969585864371029       0.9959993427401654       0.9947861619457187       0.993265054661721        0.9913739954829746       0.9890425766219668       0.9861918688217468       0.9827345449569684       0.9785753209153375       0.9736117638969712       0.9677355096283161       0.9608339168369006       0.952792169657551        0.9434958168052116       0.9328337111497434       0.9207012860034255       0.9070040766323505       0.8916613692050644       0.8746098367624862       0.8558070050093354       0.8352343817661227       0.8129000843417842       0.7888408098319776       0.7631230145851818       0.7358432001155969       0.7071272420235128       0.6771287436829838       0.6460264446512513       0.6140207616748555       0.5813295844876257       0.548183486234269        0.5148205367502559       0.4814809242679718       0.44840159647126526      0.41581112519455465      0.38392498136432085      0.3529413796881441       0.3230378183709767       0.29436840039679274      0.26706198238718554      0.24122115735406         0.21692204111053254      0.19421480054829587      0.1731248367446062       0.1536545176674391       0.1357853442895821       0.11948042989726258      0.10468717458445109      0.091340024370518        0.07936321590330232      0.06867342208358376      0.059182229971267555     0.050798398913221424     0.043429863030031254     0.03698545726550158      0.03137635959118334      0.02651725331774058      0.022327222623973686     0.018730401354519317     0.015656399962982622     0.013040538383345627     0.010823913853307868     0.00895333257489211      0.007381132874662423     0.006064925502564272     0.004967274145351908     0.004055336355976298     0.003300482105103563     0.0026779041974543485    0.0021662319788002316    0.0017471571695965853    0.0014050783480301261    0.0011267685914546771    9.010690691401847E-4     7.18609934030877E-4      5.715586257445079E-4     4.5339454961232476E-4    3.5870778818465724E-4    2.8301749886500626E-4    2.2260177299286257E-4    1.7432231733547385E-4    1.354083349309722E-4     1.0312072184909562E-4    7.411904521161562E-5     4.312922309068815E-5     0
% Data
% c (mol/m^3) @ t=1000, u1=0.05, u2=0.05
1                         0.9999974806129904       0.999993316530164        0.9999867626598697       0.9999768007141174       0.9999620559474937       0.9999406933768549       0.9999102898464491       0.9998676780809482       0.9998087587757517       0.9997282768643504       0.9996195584387053       0.9994742054482199       0.9992817463358994       0.9990292422539402       0.9987008504934796       0.9982773493054223       0.9977356313956247       0.9970481770257239       0.9961825217707709       0.9951007384497932       0.9937589573644096       0.9921069534942645       0.9900878333804847       0.9876378576951907       0.9846864375201654       0.9811563426980721       0.9769641588493211       0.9720210253992221       0.966233679970545        0.9595058246549846       0.9517398170678634       0.94283867402804         0.9327083587521754       0.921260304418438        0.9084141088679364       0.8941003182671119       0.8782632030324855       0.860863418489611        0.841880436745383        0.821314636002776        0.7991889396032541       0.7755499095847299       0.7504682181624158       0.7240384444711421       0.6963781719101384       0.6676263919117778       0.6379412510877562       0.6074972085734495       0.5764816971420587       0.5450914036561774       0.5135283003686124       0.4819955676170126       0.4506935502101659       0.41981588441167617      0.38954592049155207      0.36005354833833325      0.3314925119027316       0.30399827376037314      0.2776864653799158       0.25265193325476537      0.22896836724110517      0.20668847635278792      0.18584465972653644      0.16645010701821536      0.14850025335159459      0.1319745090672758       0.11683818362715168      0.10304452564955667      0.09053680658400448      0.07925038331150815      0.06911468428614322      0.0600550740494504       0.05199456144515562      0.04485532711637374      0.03856005546016608      0.0330330648305607       0.028201237210901387     0.023994754706166285     0.020347655006421137     0.017198221483920924     0.014489225901963556     0.012168042964316129     0.010186656273350646     0.008501574855581387     0.00707367841484878      0.005868008031262797     0.004853517255614015     0.004002796522992061     0.003291781505698882     0.0026994532493296924    0.0022075341272614893    0.0018001774590064704    0.0014636369858546559    0.001185878375559014     9.560431700016839E-4     7.635620500495156E-4     5.964637632159302E-4     4.378728580353096E-4     2.5846945766402825E-4    0
% Data
% c (mol/m^3) @ t=1100, u1=0.05, u2=0.05
1                         0.9999989605772776       0.9999972410111357       0.9999945302577367       0.9999904009743457       0.9999842727856015       0.9999753658721096       0.9999626428914506       0.9999447369952628       0.9999198634788206       0.9998857124116385       0.9998393194743449       0.9997769121989588       0.9996937289121394       0.9995838079537932       0.9994397452290924       0.9992524188938566       0.9990106810124469       0.9987010173988684       0.9983071785800438       0.9978097869134661       0.9971859273360167       0.996408731975255        0.995446971844266        0.9942646719541265       0.9928207692621711       0.9910688357381409       0.9889568912468863       0.9864273326611345       0.983417006361631        0.9798574507880963       0.9756753337302823       0.9707931054001695       0.9651298828849552       0.9586025743270571       0.9511272422148982       0.9426206947370382       0.9330022826360463       0.9221958669189596       0.9101319107790019       0.8967496378859279       0.8819991895793925       0.8658437062077204       0.8482612535768179       0.8292465147600041       0.8088121707288213       0.7869899005233794       0.7638309428531818       0.7394061757022571       0.7138056880495819       0.6871378373356765       0.6595278067788582       0.631115696952707        0.6020542050552125       0.5725059619784799       0.5426406107223621       0.5126317191923567       0.4826536255417788       0.45287831479768187      0.4234724216640059       0.39459444649620906      0.36639226008053377      0.3390009587864307       0.3125411157573295       0.2871174569707408       0.26281797412332714      0.23971347019765812      0.21785751894640332      0.1972868069411435       0.1780218166662715       0.16006780161350703      0.1434159995067936       0.12804502757243022      0.11392240395499198      0.10100614166203661      0.08924636543227285      0.07858690726113794      0.06896684257580614      0.060321935835714664     0.052585971286306335     0.045691951401932815     0.03957315196331257      0.034164028528526555     0.029400974133551784     0.0252229323072276       0.021571872850114165     0.018393140261342117     0.01563568612133423      0.013252196944137179     0.011199127480012411     0.009436644943033716     0.00792847935572038      0.006641652919161077     0.005546013396111578     0.004613393283935709     0.0038159938900854604    0.003123112969543401     0.002494299029803609     0.0018647876509910778    0.0011142939113229428    0
% Data
% c (mol/m^3) @ t=1200, u1=0.05, u2=0.05
1                         0.9999995690104733       0.9999988554373519       0.9999977290095389       0.9999960099475992       0.9999934528685028       0.9999897262291007       0.9999843862952694       0.9999768444580097       0.9999663265438136       0.9999518225902589       0.9999320253873617       0.9999052559317553       0.9998693738183912       0.9998216705204546       0.9997587435031727       0.9996763492047799       0.9995692331242255       0.9994309356081151       0.999253572456925        0.9990275901994033       0.9987414968370382       0.9983815700537777       0.9979315463262568       0.9973722960496834       0.9966814916907369       0.9958332780474181       0.9947979558703519       0.9935416922894316       0.9920262735781527       0.990208917636673        0.9880421650255209       0.9854738682644025       0.9824472992506813       0.9789013938839741       0.974771151163158        0.9699882010430619       0.9644815511458159       0.9581785170284244       0.9510058342039542       0.9428909426748229       0.9337634266265186       0.9235565834945443       0.9122090882723881       0.8996667111396714       0.8858840397465148       0.8708261522728894       0.8544701841270572       0.8368067302128338       0.8178410263279692       0.7975938575644501       0.776102148520162        0.753419199492684        0.7296145442466647       0.7047734179245967       0.6789958375958662       0.6523953121280863       0.6250972118076666       0.5972368407415          0.5689572659101951       0.5404069652903392       0.5117373633287609       0.4831003250022482       0.45464567966442065      0.4265188429644905       0.39885859956838116      0.3717951015972002       0.3454481280957617       0.31992563999303664      0.29532265348342485      0.27172044310217763      0.24918607451166416      0.22777225661498288      0.20751749344374285      0.1884465086061345       0.17057090910742542      0.15389005114636703      0.13839206803435256      0.12405501958589192      0.11084812302963402      0.0987330274795045       0.08766509704198922      0.07759467145357724      0.0684682774642492       0.06022976871599356      0.05282137628063771      0.04618465589354584      0.040261320588451485     0.03499394770385497      0.030326544701468568     0.02620494394309808      0.02257696203375945      0.01939218237112784      0.01660105321743287      0.01415263888233449      0.011989609977049556     0.010037472512043856     0.008181698787811689     0.006219423630052488     0.003757728733796293     0
