% Model:              2zones_50m.mph
% Version:            COMSOL 6.3.0.420
% Date:               Jul 9 2026, 09:30
% Dimension:          1
% Nodes:              101
% Expressions:        117
% Description:        Molar concentration, c
% Grid
0                         1                        2                        3                        4                        5                        6                        7                        8                        9                        10                       11                       12                       13                       14                       15                       16                       17                       18                       19                       20                       21                       22                       23                       24                       25                       26                       27                       28                       29                       30                       31                       32                       33                       34                       35                       36                       37                       38                       39                       40                       41                       42                       43                       44                       45                       46                       47                       48                       49                       50                       51                       52                       53                       54                       55                       56                       57                       58                       59                       60                       61                       62                       63                       64                       65                       66                       67                       68                       69                       70                       71                       72                       73                       74                       75                       76                       77                       78                       79                       80                       81                       82                       83                       84                       85                       86                       87                       88                       89                       90                       91                       92                       93                       94                       95                       96                       97                       98                       99                       100                     
% Data
% c (mol/m^3) @ t=0, u1=0.01, u2=0.01
1                         -4.5228457729640073E-8   2.159347170152301E-15    2.4290496195566943E-20   3.2340292311946045E-26   3.2960419531633505E-32   3.001660009989636E-38    2.5681431685852784E-44   2.1115894652294162E-50   1.6890005337405903E-56   1.323917601468085E-62    1.0217940586561857E-68   7.790195122816558E-75    5.880645162805608E-81    4.402910824472648E-87    3.2738666708952694E-93   2.4200833644693386E-99   1.7799128735067793E-105  1.303314895645932E-111   9.50635316433926E-118    6.910104932076713E-124   5.007517918950931E-130   3.61879426820919E-136    2.608706507019166E-142   1.876319184338801E-148   1.3467757137039384E-154  9.648653579060065E-161   6.90061166888265E-167    4.927386625889131E-173   3.513225083996494E-179   2.5015087296252555E-185  1.7788787070154216E-191  1.2635029233544198E-197  8.964486853538544E-204   6.353665619595134E-210   4.4988412879213875E-216  3.1825817864569794E-222  2.2494899530102515E-228  1.5886754562396342E-234  1.1211204880548895E-240  7.905933449709934E-247   5.571269719168556E-253   3.9234718259841695E-259  2.761316920957449E-265   1.9422465388589952E-271  1.365359292740143E-277   9.593019108380162E-284   6.736587369781325E-290   4.728361615731442E-296   3.317238575433604E-302   2.32619772773355E-308    1.6305680886E-314        4.763E-321               0                        0                        0                        0                        0                        0                        0                        0                        0                        0                        0                        0                        0                        0                        0                        0                        0                        0                        0                        0                        0                        0                        0                        0                        0                        0                        0                        0                        0                        0                        0                        0                        0                        0                        0                        0                        0                        0                        0                        0                        0                        0                        0                        0                        0                        0                        0                        0
% Data
% c (mol/m^3) @ t=100, u1=0.01, u2=0.01
1                         0.8551207359120234       0.7035370973406726       0.5550797663659199       0.4187294404283539       0.30124528267747547      0.20630615495644353      0.13437088082976167      0.08324607884942425      0.049116609293720755     0.02766012483792698      0.014910901009438985     0.007720170566018069     0.003852562185108827     0.0018594801978000846    8.709784859475935E-4     3.971487279987621E-4     1.7679450863214042E-4    7.703234612519893E-5     3.292808841974814E-5     1.3836856245124261E-5    5.7262670430049015E-6    2.3375557974250347E-6    9.425811625581325E-7     3.7590559326814123E-7    1.4842753951833994E-7    5.80820275361972E-8      2.2543802432186094E-8    8.685486831975123E-9     3.3237526542165038E-9    1.264107477596666E-9     4.780626525971965E-10    1.7985853054389731E-10   6.734430580675201E-11    2.510461663698882E-11    9.320342123338494E-12    3.4471786969156437E-12   1.2704710947973512E-12   4.667012435120154E-13    1.709151362135149E-13    6.241298483624141E-14    2.2730026603241322E-14   8.25707664356217E-15     2.9923938648971177E-15   1.082022980234137E-15    3.9042159925135636E-16   1.4059205050105332E-16   5.053162834639206E-17    1.8129419690027967E-17   6.493246388288817E-18    2.3218471964521763E-18   8.289588014162026E-19    2.955229629967667E-19    1.0520533068226141E-19   3.7402426113566994E-20   1.328014467727411E-20    4.7094554245039375E-21   1.6681141533866515E-21   5.901861242228048E-22    2.085835527004472E-22    7.364062758058529E-23    2.597279536201087E-23    9.151665503710695E-24    3.221642388490374E-24    1.1330913743812169E-24   3.9817759083894725E-25   1.3980609505061244E-25   4.904844600785231E-26    1.7194361857217055E-26   6.023095477116757E-27    2.1083221156045422E-27   7.374759283595837E-28    2.5778761742344835E-28   9.005104757942936E-29    3.143668674918328E-29    1.0967670994947655E-29   3.824104041171706E-30    1.3325706992869222E-30   4.640912684223802E-31    1.6153852064270833E-31   5.619724990543742E-32    1.954009612059976E-32    6.790740692489038E-33    2.3588064988035084E-33   8.189508983875704E-34    2.8419683007331927E-34   9.857837152266495E-35    3.4178273355613003E-35   1.1844848279520017E-35   4.1032165966859276E-36   1.420821176498492E-36    4.917889373318612E-37    1.701557386873346E-37    5.885006200617066E-38    2.0346192974791834E-38   7.031611867158386E-39    2.428994667070024E-39    8.379765820036402E-40    2.8639244625344577E-40   8.936837541915049E-41    0
% Data
% c (mol/m^3) @ t=200, u1=0.01, u2=0.01
1                         0.910695049588524        0.8143184375356263       0.7140391059810915       0.6132561724414589       0.5153179432541051       0.4232434939721768       0.3394824791230376       0.26574546413763345      0.20292742345023887      0.15113181634407918      0.10978462379394457      0.07781147178657172      0.053841332506590886     0.03640024335654927      0.024067401239686564     0.015579884558284553     0.009885923372126243     0.006156203706283829     0.003766855159435369     0.0022674310840138613    0.0013442527569214055    7.85777520061901E-4      4.5336123360196416E-4    2.58429283748552E-4      1.4567648719980388E-4    8.127499165318285E-5     4.491441389637619E-5     2.4603158784592555E-5    1.3367868036555049E-5    7.2088463762000675E-6    3.860520988099348E-6     2.0541227344236736E-6    1.0864560856915805E-6    5.714667756789799E-7     2.9904371133719897E-7    1.5574015358104127E-7    8.074820487053285E-8     4.169303817389451E-8     2.1444386612882783E-8    1.0989909964954208E-8    5.613153763825779E-9     2.857890702226698E-9     1.4507620271431064E-9    7.344086299033298E-10    3.708030287108988E-10    1.867582808599724E-10    9.384465691473858E-11    4.705324613602641E-11    2.354360386687313E-11    1.1757327907584549E-11   5.8606001389385494E-12   2.916187728147985E-12    1.4486649344379923E-12   7.185151222289173E-13    3.5583877591513643E-13   1.759752610435135E-13    8.690813533441054E-14    4.2865436460098364E-14   2.1116299991338818E-14   1.0390016994183518E-14   5.106521276770505E-15    2.5070655035756047E-15   1.229582768313808E-15    6.02448765075053E-16     2.948969902199307E-16    1.4421984320074155E-16   7.046927343431342E-17    3.440403834217291E-17    1.678293251291044E-17    8.180658259364407E-18    3.984585078077635E-18    1.9393858510961745E-18   9.432847331868553E-19    4.584895871534225E-19    2.2270723401139207E-19   1.0811026522546642E-19   5.2448904064845795E-20   2.543029825032992E-20    1.2323109311392118E-20   5.968302571224863E-21    2.8890200472322156E-21   1.3977407784983972E-21   6.759053982031053E-22    3.266893158433379E-22    1.578265038813227E-22    7.621262329138754E-23    3.67859164228169E-23     1.7748000289582279E-23   8.559249832583513E-24    4.126153864809525E-24    1.988306208319296E-24    9.57752296984717E-25     4.6116496751571855E-25   2.219629420133738E-25    1.0677018380436634E-25   5.1283765008326586E-26   2.4488931442787753E-26   1.1373018797203768E-26   4.533505022321721E-27    0
% Data
% c (mol/m^3) @ t=300, u1=0.01, u2=0.01
1                         0.9346285450066134       0.8633366588454189       0.7876306901347141       0.7092199571503717       0.6299205939740249       0.5515504765657724       0.47582443241693995      0.4042590769027221       0.3380956875415262       0.27824760234915963      0.2252759185359815       0.17939409730743508      0.14049885955861913      0.10822193402076616      0.08199521895004142      0.06112106405176755      0.04483979948421907      0.03238819582907466      0.02304483830606123      0.016160901716086088     0.011177007105527896     0.007628384448243499     0.005141344269010343     0.0034241603974635893    0.002255087580880743     0.0014696109152013148    9.48342639518855E-4      6.06374604597356E-4      3.844248345237579E-4     2.4179668749276694E-4    1.5098109678311062E-4    9.364475232776268E-5     5.772691603176089E-5     3.5386899379113315E-5    2.1582448576766347E-5    1.3102894187374428E-5    7.922197779690218E-6     4.7723129236056705E-6    2.8654903095250133E-6    1.715642742193159E-6     1.0246433678047181E-6    6.106404877745535E-7     3.6324813238873913E-7    2.1575108858080817E-7    1.2798241509599052E-7    7.584035142454132E-8     4.4905287283382773E-8    2.6572091311771246E-8    1.571661839210112E-8     9.293130352860358E-9     5.494015432114516E-9     3.2478019779864774E-9    1.919994876386319E-9     1.1351501385360902E-9    6.712350037341742E-10    3.969935720015328E-10    2.348520536341502E-10    1.3896877631289655E-10   8.225423406001842E-11    4.8699043048316783E-11   2.884058505225835E-11    1.7084701188900406E-11   1.0123412268081322E-11   6.000092308135069E-12    3.5570890888051428E-12   2.1092645569025185E-12   1.2510082918388064E-12   7.421219632895916E-13    4.403210799929078E-13    2.61297960104693E-13     1.5508449645636523E-13   9.205774670539166E-14    5.4651992715939317E-14   3.244889116658398E-14    1.926800750789134E-14    1.1442268425964623E-14   6.795501709750692E-15    4.036092106987868E-15    2.3973266325148665E-15   1.4240221783701822E-15   8.459152039100267E-16    5.025217707372301E-16    2.985373174127477E-16    1.773601480140249E-16    1.0537202855357324E-16   6.260441105958746E-17    3.7195756757679946E-17   2.2099853363921328E-17   1.3130807609206307E-17   7.80184449266235E-18     4.635557078258516E-18    2.7541734184011507E-18   1.6361463666328145E-18   9.715351515402955E-19    5.760604167873435E-19    3.399902419322497E-19    1.976715080805173E-19    1.0923734715974128E-19   4.937966993909865E-20    0
% Data
% c (mol/m^3) @ t=400, u1=0.01, u2=0.01
1                         0.9487491342223414       0.892529682845205        0.8321543417438363       0.768587293648247        0.7029063400663739       0.6362576763194981       0.5698060186872355       0.504683263198756        0.4419391021789918       0.38249700476182774      0.32711864955712383      0.27637927071593155      0.23065546733272516      0.19012590336054538      0.15478411539552459      0.12446151141748041      0.09885775540530194      0.07757522893653723      0.060154210069803773     0.04610579101053483      0.03494026503359769      0.02618959328764789      0.01942344763344307      0.014259080859906122     0.010365818409739894     0.0074652719912224625    0.005328467958512589     0.0037710132740584224    0.0026472499376068146    0.0018441309478907768    0.0012753302941783263    8.759039735375641E-4     5.976624701419626E-4     4.053007872707921E-4     2.732564602401247E-4     1.8322199541746258E-4    1.2221785353603266E-4    8.112791933796404E-5     5.3605161712493784E-5    3.526620610279559E-5     2.3106571986118797E-5    1.5081324134303494E-5    9.807698627045987E-6     6.356370122706759E-6     4.106302242185071E-6     2.6446750881397563E-6    1.698433143977808E-6     1.0878014895807425E-6    6.949311891140832E-7     4.428805758222976E-7     2.816060039977192E-7     1.7867414089586832E-7    1.1313490146092223E-7    7.149800833818756E-8     4.510222927627856E-8     2.8402085037921797E-8    1.7856212679581564E-8    1.1208607423187413E-8    7.025400623825884E-9     4.397232597234775E-9     2.748567769816243E-9     1.7158527121604118E-9    1.0698582324346668E-9    6.662997142757612E-10    4.145082373999744E-10    2.575955840913388E-10    1.5992104632698212E-10   9.91867866550057E-11     6.146118067719263E-11    3.8050791006626975E-11   2.35373756927936E-11     1.4547852157244054E-11   8.984631797924805E-12    5.544667847500967E-12    3.4192997265386436E-12   2.1071577134914284E-12   1.2976762351838184E-12   7.986485392607623E-13    4.91218975528765E-13     3.019493984656651E-13    1.8549910994011512E-13   1.138955320990411E-13    6.989351487329364E-14    4.286868344881353E-14    2.6279907727813926E-14   1.6102560366841972E-14   9.861887630274274E-15    6.03705762049531E-15     3.693993697480167E-15    2.259312471644865E-15    1.3812272976311825E-15   8.440134919963701E-16    5.154395799607799E-16    3.1447394912859495E-16   1.9145101686432858E-16   1.158837461166098E-16    6.895551669053587E-17    3.885467973343103E-17    1.7799322682595895E-17   0
% Data
% c (mol/m^3) @ t=500, u1=0.01, u2=0.01
1                         0.9580058658742031       0.9117827252672001       0.8618144528847728       0.8086961941345115       0.7531168769343732       0.6958368605206499       0.6376617363279528       0.5794135975603764       0.5219013208441009       0.46589152865459044      0.41208190489934626      0.36107840795781926      0.3133776681087663       0.2693554860034925       0.22926189560627958      0.19322276016134368      0.16124738212443854      0.13324117850180395      0.10902214777106276      0.08833966754580291      0.07089412905582859      0.05635602927587189      0.04438337733815347      0.03463658670710454      0.02679036992123765      0.02054248267012825      0.015619442878056623     0.011779556848458626     0.008813711594690375     0.006544445675914636     0.004823803786541959     0.003530430469493918     0.0025662832527341465    0.0018532604838387844    0.0013299557072572149    9.486761585714162E-4     6.728018263538856E-4     4.7451473698588225E-4    3.328949045660215E-4     2.323578862034645E-4     1.6139673806791493E-4    1.1158599116640924E-4    7.680491010376544E-5     5.26399901743792E-5      3.593102532964365E-5     2.4430162901483686E-5    1.654849673335841E-5     1.1169540588870239E-5    7.513158601123919E-6     5.037129052954889E-6     3.366484888323534E-6     2.2431600191818164E-6    1.4903491132820443E-6    9.87441769125868E-7      6.524988407917371E-7     4.3007027387398964E-7    2.8277103844480584E-7    1.8548486481270708E-7    1.213948481141968E-7     7.927723409905561E-8     5.166418194382641E-8     3.360145490253439E-8     2.181157489682586E-8     1.4132134665258196E-8    9.140084205203596E-9     5.901233299756279E-9     3.803756071945989E-9     2.447854932416132E-9     1.5728470452803706E-9    1.0091102391927998E-9    6.464939622330895E-10    4.1360471248843565E-10   2.6425430071483244E-10   1.6861404501534146E-10   1.0745315518502422E-10   6.839370938615056E-11    4.348122207551008E-11    2.761164078000379E-11    1.751471867239306E-11    1.1098122535162227E-11   7.024987397118845E-12    4.442269995228589E-12    2.806343514033495E-12    1.7711924489896874E-12   1.1168420435469184E-12   7.036073346889842E-13    4.4288659408639967E-13   2.7854064533785014E-13   1.7503611973651008E-13   1.099047994730829E-13    6.895349600817747E-14    4.3224561555086416E-14   2.706923092795199E-14    1.6927440301923287E-14   1.0555472926684283E-14   6.536856566035866E-15    3.971670030856917E-15    2.2771011822054315E-15   1.0554944913832105E-15   0
% Data
% c (mol/m^3) @ t=600, u1=0.01, u2=0.01
1                         0.964632025921742        0.9256128193444942       0.883245239579063        0.8379154705447738       0.7900842835484542       0.7402751154465309       0.6890593951750658       0.6370397211624194       0.5848316331183628       0.533044822258826        0.4822646746631108       0.43303503703969354      0.38584303070344034      0.34110662059538194      0.2991654788642071       0.26027547832985204      0.22460692512536642      0.1922464095461358       0.16320193824951515      0.13741082730177814      0.11474969927538262      0.09504584912306588      0.07808922723712383      0.06364433146866949      0.051461393995944696     0.041286379810267365     0.03286946442913645      0.025971812181905283     0.020370618068219343     0.015862494584844573     0.012265373502598546     0.009419149386710492     0.007185318581823102     0.005445869043483269     0.004101658892912628     0.003070491368239792     0.002285056919536915     0.0016908744913787098    0.0012443272240984145    9.108552696257623E-4     6.63341415146047E-4      4.8070409853673995E-4    3.4669690946183713E-4    2.489031317730694E-4     1.7790743580176725E-4    1.266235683361948E-4     8.97559640305417E-5      6.337387770060775E-5     4.457831255912016E-5     3.124423399214751E-5     2.182297771303276E-5     1.5192157962812936E-5    1.054261408688045E-5     7.293924794904287E-6     5.031736949930264E-6     3.4615986556153016E-6    2.3751723533741524E-6    1.6256604062315137E-6    1.1100351860584166E-6    7.562601689375898E-7     5.141480143371203E-7     3.488527175252266E-7     2.3625849119436487E-7    1.597270194146843E-7     1.0781254877609365E-7    7.266322591901835E-8     4.890679465333552E-8     3.287668091555541E-8     2.2076309695290457E-8    1.4809511229174668E-8    9.926296166193258E-9     6.648490517875575E-9     4.450469204542726E-9     2.9777865451596902E-9    1.9917960040093503E-9    1.332043787721429E-9     8.907861842076384E-10    5.957563853447188E-10    3.98531688704227E-10     2.66694484828744E-10     1.7855805781985532E-10   1.1962311192265069E-10   8.020017223387356E-11    5.381611253857276E-11    3.6147297993253253E-11   2.4305936716799704E-11   1.6363057193526287E-11   1.1029845238532462E-11   7.44486667594985E-12     5.032035514564827E-12    3.405819029464367E-12    2.307965746052491E-12    1.565258811643565E-12    1.0612836588815862E-12   7.175251613508107E-13    4.806576270171266E-13    3.139158231559263E-13    1.9110531591144996E-13   9.223491960452242E-14    0
% Data
% c (mol/m^3) @ t=700, u1=0.01, u2=0.01
1                         0.9697311662982191       0.936277096568446        0.8998259227345212       0.8606291402919255       0.8189975973309006       0.7752953673976126       0.7299316594311932       0.6833510149070543       0.6360221313290281       0.5884257270017904       0.5410419197037382       0.494337627330976        0.4487545086377647       0.4046979449060988       0.3625275182139742       0.32254937006392437      0.2850107284503735       0.25009677692256743      0.21792991271479814      0.18857131111714323      0.16202458959578683      0.1382412575807479       0.11712755518600991      0.09855223307102398      0.08235480960780169      0.06835386008331865      0.05635494169020688      0.04615783034062976      0.03756283181679053      0.030376020911943954     0.024413349314374014     0.01950363915647278      0.015490539865214786     0.012233569137482877     0.009608384634933534     0.007506443133370189     0.005834201224153437     0.004511999585888715     0.0034727546558255096    0.0026605602132334545    0.002029279367585843     0.0015411865154396636    0.001165700167834665     8.782317935758662E-4     6.591631842364996E-4     4.929552260261727E-4     3.673840638432259E-4     2.728960578750063E-4     2.020702194800333E-4     1.49175539032514E-4      1.0981039479117751E-4    8.061172812420106E-5     5.9022619712758986E-5    4.3108098249582665E-5    3.141030709729649E-5     2.2835441020594804E-5    1.656607711126418E-5     1.1993622358681668E-5    8.666566640946502E-6     6.251060237147674E-6     4.501034645241045E-6     3.235665434821921E-6     2.3224497682151117E-6    1.6645536834791042E-6    1.1913895100273725E-6    8.516250687855096E-7     6.080153251014296E-7     4.3359404924879076E-7    3.088763531339138E-7     2.1980980193016531E-7    1.5627792688676275E-7    1.1101004140581383E-7    7.87889845888508E-8      5.587669477652275E-8     3.9598619065009246E-8    2.8043647972345747E-8    1.9847874158860513E-8    1.4039037240165061E-8    9.924811397345183E-9     7.012705030981098E-9     4.9527116802112015E-9    3.4963067927617222E-9    2.467169310327641E-9     1.7403006712236145E-9    1.22714958481395E-9      8.650263861543114E-10    6.095773831996E-10       4.294395176946481E-10    3.0244683898000753E-10   2.1294029998516238E-10   1.4986118755865479E-10   1.0540051590343608E-10   7.404233511468265E-11    5.1885605890957986E-11   3.616241494606303E-11    2.4893661338670252E-11   1.6639613511357704E-11   1.0313765767793831E-11   5.0354141500519995E-12   0
% Data
% c (mol/m^3) @ t=800, u1=0.01, u2=0.01
1                         0.9737224106953499       0.9446391433315598       0.9128656570964472       0.8785664464334327       0.8419534738844612       0.8032831648063191       0.762851995578586        0.7209907642720754       0.6780576899837906       0.6344305415547098       0.5904980454154433       0.5466508630329017       0.5032724580854704       0.4607301895047604       0.4193669667343419       0.3794937864925904       0.34138343547642463      0.3052655915336322       0.2713234890325562       0.23969223613890256      0.21045878750224184      0.18366349148408484      0.15930305295780503      0.13733468698699322      0.1176811903669786       0.10023663038355249      0.08487234434978884      0.07144295844453061      0.05979216703383252      0.049758059492152104     0.041177835262741415     0.03389180415350271      0.02774662285936291      0.022597766640394677     0.018311274407799116     0.014764834886759452     0.011848300882868647     0.009463728724988501     0.00752504205599727      0.005957414991480353     0.004696461050594341     0.0036873028682217774    0.0028835849824767144    0.0022464791238172104    0.0017437192686992962    0.0013486928267177842    0.0010396050178740704    7.987258766417055E-4     6.117233537670621E-4     4.67081537487538E-4      3.555998874081167E-4     2.6996734599714096E-4    2.0440404296379774E-4    1.5436283022648135E-4    1.1628289792193308E-4    8.738807199522388E-5     6.552295795523014E-5     4.90207777559007E-5      3.659747643172154E-5     2.7267401789529333E-5    2.0276550658766446E-5    1.5050008545139492E-5    1.1150775448769717E-5    8.247665574013859E-6     6.090393957750357E-6     4.490323020524016E-6     3.3056427939109673E-6    2.4300069921174187E-6    1.783850216673737E-6     1.3077761700901675E-6    9.57539031267415E-7      7.002456680430207E-7     5.114899723594289E-7     3.7319643999332854E-7    2.7200166109722646E-7    1.9804252890734008E-7    1.4405108103959718E-7    1.046798838374464E-7     7.600030194565093E-8     5.5130096583671606E-8    3.995754407535837E-8     2.8937429807138887E-8    2.094045304242555E-8     1.514224233432865E-8     1.0941691260770844E-8    7.900958288716521E-9     5.701446209550371E-9     4.111548746175546E-9     2.963048567486569E-9     2.1338659945284283E-9    1.53546208639228E-9      1.1036469412003582E-9    7.918739667175892E-10    5.663434425700964E-10    4.0241606990857406E-10   2.819656471523493E-10    1.9139122346977054E-10   1.2007113824399613E-10   5.90792861317732E-11     0
% Data
% c (mol/m^3) @ t=900, u1=0.01, u2=0.01
1                         0.9769096582502078       0.9513266612122746       0.9233199834475545       0.8929972222581289       0.860504239027356        0.8260237965641554       0.7897731789204313       0.7520008156651351       0.7129819700407531       0.6730135883469814       0.6324084446138712       0.5914887482820069       0.5505794112320557       0.5100011921348031       0.4700639489072766       0.4310602325606483       0.3932594469114853       0.3569027781708847       0.32219906680145066      0.2893217525872928       0.2584069747981336       0.22955285558281416      0.20281993976111812      0.17823271168603752      0.15578206339407463      0.13542855094606673      0.11710624998616169      0.10072700838164013      0.08618489347977527      0.0733606430504336       0.06212595045674991      0.052347443428664084     0.043890249089277904     0.0366210726856504       0.03041075117681367      0.025136273306653915     0.020682283532464533     0.016942107334808394     0.013818349745304872     0.011223127640450038     0.009078000075495673     0.007313660519064125     0.005869451248596016     0.00469275433180119      0.0037383064260718604    0.0029674768257286445    0.0023475403739435454    0.0018509694741074344    0.0014547627802185504    0.001139822386932907     8.903865440704036E-4     6.935210769502466E-4     5.386697382931543E-4     4.1726155137951484E-4    3.2237171254305435E-4    2.4843168444139567E-4    1.909836150339038E-4     1.464740563461014E-4     1.1208204099648354E-4    8.557682697053382E-5     6.520098072285102E-5     4.957488738373962E-5     3.76192185987775E-5      2.8492327420386557E-5    2.153995806082977E-5     1.6255045114363992E-5    1.2245725972522573E-5    9.20999918353328E-6      6.915730633543989E-6     5.184940572171951E-6     3.881500647457679E-6     2.901534796946696E-6     2.165954806484163E-6     1.614674296517373E-6     1.2021373236795924E-6    8.938728917574784E-7     6.638473051463729E-7     4.924349666306925E-7     3.64867068849013E-7      2.700484793048392E-7     1.9965750240857417E-7    1.4746238903464572E-7    1.0880349932384491E-7    8.020176042749193E-8     5.906318796264101E-8     4.345631350782882E-8     3.1944824562562295E-8    2.3461931046631447E-8    1.721620281384452E-8     1.2621095489132372E-8    9.242269240223382E-9     6.758240905323564E-9     4.9309980720742335E-9    3.584024140696437E-9     2.585796939533062E-9     1.8372756023866257E-9    1.2622140779183716E-9    7.99356942401894E-10     3.9569633500800354E-10   0
% Data
% c (mol/m^3) @ t=1000, u1=0.01, u2=0.01
1                         0.9795140864191992       0.9567975657832205       0.9318887744722665       0.9048569358494036       0.8758023946459566       0.8448561334494606       0.8121785441221805       0.7779574497642707       0.7424053976309277       0.7057562693521787       0.6682612808507833       0.630184469333149        0.5917977873777672       0.5533759431836291       0.5151911402482895       0.477507878056156        0.4405779769521422       0.4046359847638718       0.36989510982498736      0.3365438051926246       0.30474310284947903      0.2746247657763006       0.24629029159376783      0.21981076590778134      0.19522752861004977      0.1725535842481568       0.1517756600782283       0.13285679410423454      0.11573932136716483      0.1003481204763963       0.0865939837676699       0.07437698284614201      0.06358971547050672      0.05412033826250177      0.045855310925988865     0.03868179987317491      0.03248971087222525      0.027173340298620504     0.022632651865207045     0.018774199743825267     0.015511729527873976     0.012766495561704689     0.010467337047386973     0.008550556457752597     0.0069596426525219265    0.005644878258385469     0.0045628668640683556    0.0036760108765424653    0.0029519658912228386    0.0023630924714481624    0.0018859215519071355    0.0015006454406460193    0.0011906426911622858    9.420419908338957E-4     7.433276628778646E-4     5.849873738554659E-4     4.592011251053208E-4     3.595695208781622E-4     2.808785806390488E-4     2.1889793118507947E-4    1.7020901353024167E-4    1.320599141686809E-4     1.0224353227004108E-4    7.899598348656951E-5     6.0912384953574695E-5    4.687743937901258E-5     3.600851967436309E-5     2.7609235466979095E-5    2.1131729471277374E-5    1.614619895563745E-5     1.2316361972232838E-5    9.3797881701469E-6       7.132189882814918E-6     5.414921753034293E-6     4.105068048718686E-6     3.107608006240729E-6     2.3492431499861145E-6    1.7735487260901997E-6    1.3371762227300166E-6    1.0068873529807211E-6    7.572435955349912E-7     5.688109772604251E-7     4.2676859944056746E-7    3.198326303493045E-7     2.3942611170512946E-7    1.7903980066547737E-7    1.3374109920988658E-7    9.979749534297547E-8     7.438833816472075E-8     5.538458596010481E-8     4.118072317240302E-8     3.056659632954403E-8     2.262967667587455E-8     1.6680381110317584E-8    1.2194699359999831E-8    8.76957933125518E-9      6.087381950616086E-9     3.886273433026329E-9     1.933692567059243E-9     0
% Data
% c (mol/m^3) @ t=1100, u1=0.01, u2=0.01
1                         0.9816844751758443       0.9613607235999999       0.9390462787881598       0.9147836856689477       0.8886410241647442       0.8607119092773616       0.8311149384657347       0.7999925721020154       0.7675094494173971       0.7338501600753895       0.6992165097047159       0.6638243356654345       0.6278999462317539       0.5916762714547599       0.5553888264420256       0.5192715969510319       0.4835529624447476       0.4484517726611448       0.41417369005623683      0.38090790216558046      0.3488242952050941       0.3180711635583215       0.2887735098729962       0.2610319682289031       0.2349223593279314       0.21049586309359522      0.18777977168338206      0.1667787658918758       0.1474766412900887       0.12983839801312452      0.11381260038641011      0.0993339097496732       0.08632569573825032      0.07470263744286158      0.06437323556789355      0.05524216904589239      0.04721244355814069      0.0401872940762676       0.034071817976387066     0.028774328723704373     0.024207431998188738     0.0202888360409322       0.016941915746317072     0.01409605557765091      0.011686799854359275     0.009655840562715259     0.007950872863136211     0.0065253472232173855    0.005338144920138532     0.004353200834877263     0.003539094276694392     0.0028686252598753713    0.0023183903892295627    0.0018683694333779225    0.001501530869306535     0.0012034622242485696    9.620289466891321E-4     7.670638077174099E-4     6.100874496393306E-4     4.840596310837019E-4     3.8315992989429746E-4    3.025961167157314E-4     2.3843806290580204E-4    1.874748577039643E-4     1.47092746256054E-4      1.1517153110065998E-4    8.999717853066317E-5     7.018851582538058E-5     5.463607793192132E-5     4.245134884379074E-5     3.2924833141970166E-5    2.5491579257120694E-5    1.9702952676295987E-5    1.5203621149304946E-5    1.1712863028058549E-5    9.009443399245552E-6     6.919420668670014E-6     5.306349318480982E-6     4.063433654444442E-6     3.107263678408816E-6     2.37282905582386E-6      1.8095618157996633E-6    1.3782042009512485E-6    1.0483361798171744E-6    7.96428650871399E-7      6.043142985043496E-7     4.579892883572095E-7     3.466762809274168E-7     2.620932616070665E-7     1.9788399787684675E-7    1.4917501738683155E-7    1.1223125197243269E-7    8.418823951790613E-8     6.284328216945546E-8     4.649143284240554E-8     3.379477631871143E-8     2.367528885848835E-8     1.5222649840951777E-8    7.608729071823079E-9     0
% Data
% c (mol/m^3) @ t=1200, u1=0.01, u2=0.01
1                         0.9835219043542307       0.9652265114990761       0.9451169103712548       0.923216650207116        0.899570399131229        0.8742442150364998       0.8473254012888296       0.8189219298627683       0.7891614258327114       0.758189719387788        0.72616898432094         0.6932754948213332       0.6596970448925723       0.6256300863255702       0.5912766513751163       0.556841134649547        0.5225270147994192       0.4885336000327811       0.45505288203546673      0.42226658039336445      0.39034345408876814      0.3594369482048712       0.3296832328971393       0.3011996783955741       0.27408379483498335      0.24841264972515606      0.2242427595974023       0.20161043655964792      0.1805325559064061       0.16100769824557568      0.1430176093918051       0.12652891395315524      0.1114950143380264       0.09785810587000246      0.08555124066333426      0.0745003775523837       0.06462636221752857      0.05584679014734409      0.04807771461742763      0.041235171848776765     0.03523650537797063      0.0300014809516076       0.02545319157393248      0.021518759426674763     0.0181298470930209       0.015222994805681945     0.012739803342535782     0.010626983821837565     0.008836296160940657     0.007324397545570629     0.006052621110369206     0.004986703352244165     0.0040964767686422964    0.003355541994257171     0.0027409314369778942    0.002232774194542012     0.0018139699477251624    0.0014698776293037446    0.0011880229938614443    9.578277768872778E-4     7.703619331439154E-4     6.181194737274154E-4     4.948176607985004E-4     3.952187461417418E-4     3.149730296376063E-4     2.5048174101356067E-4    1.9877808829539708E-4    1.5742474638647365E-4    1.2442605867749935E-4    9.815327568656771E-5     7.72812423184298E-5      6.073505692081278E-5     4.764535086197698E-5     3.731096901449695E-5     2.916796337678018E-5     2.2763939789842605E-5    1.7736918346227664E-5    1.379797975366496E-5     1.071707156716719E-5     8.311439442899501E-6     6.436229472091991E-6     4.976878633528466E-6     3.842972089214193E-6     2.9632992022059103E-6    2.2818856053241645E-6    1.7548172361802765E-6    1.347704798164496E-6     1.033664383880587E-6     7.917127211456371E-7     6.054943162837613E-7     4.622732447625814E-7     3.521349689970653E-7     2.6735376505376417E-7    2.0188945569080103E-7    1.509834411877169E-7     1.1082867544102719E-7    7.829134775629265E-8     5.066359259575317E-8     2.5426425851892165E-8    0
% Data
% c (mol/m^3) @ t=0, u1=0.01, u2=0.03
1                         -4.5228457729640073E-8   2.159347170152301E-15    2.4290496195566943E-20   3.2340292311946045E-26   3.2960419531633505E-32   3.001660009989636E-38    2.5681431685852784E-44   2.1115894652294162E-50   1.6890005337405903E-56   1.323917601468085E-62    1.0217940586561857E-68   7.790195122816558E-75    5.880645162805608E-81    4.402910824472648E-87    3.2738666708952694E-93   2.4200833644693386E-99   1.7799128735067797E-105  1.3033148956459323E-111  9.506353164339263E-118   6.910104932076719E-124   5.007517918950933E-130   3.6187942682091925E-136  2.6087065070191676E-142  1.8763191843388017E-148  1.3467757137039396E-154  9.648653579060074E-161   6.900611668882654E-167   4.9273866258891345E-173  3.5132250839964975E-179  2.5015087296252574E-185  1.7788787070154222E-191  1.2635029233544204E-197  8.96448685353855E-204    6.353665619595136E-210   4.498841287921391E-216   3.1825817864569806E-222  2.2494899530102526E-228  1.5886754562396342E-234  1.1211204880548897E-240  7.905933449709933E-247   5.571269719168555E-253   3.923471825984167E-259   2.761316920957447E-265   1.9422465388589936E-271  1.3653592927401417E-277  9.593019108380151E-284   6.736587369781315E-290   4.728361615731435E-296   3.317238575433605E-302   2.333954769228668E-308   1.833581288E-314         1.733E-320               0                        0                        0                        0                        0                        0                        0                        0                        0                        0                        0                        0                        0                        0                        0                        0                        0                        0                        0                        0                        0                        0                        0                        0                        0                        0                        0                        0                        0                        0                        0                        0                        0                        0                        0                        0                        0                        0                        0                        0                        0                        0                        0                        0                        0                        0                        0                        0
% Data
% c (mol/m^3) @ t=100, u1=0.01, u2=0.03
1                         0.8551207359120234       0.7035370973406726       0.5550797663659199       0.4187294404283539       0.30124528267747547      0.20630615495644353      0.13437088082976167      0.08324607884942425      0.049116609293720755     0.02766012483792698      0.014910901009438985     0.007720170566018069     0.003852562185108827     0.0018594801978000848    8.709784859475936E-4     3.9714872799876235E-4    1.7679450863214048E-4    7.703234612519895E-5     3.2928088419748154E-5    1.3836856245124268E-5    5.7262670430049E-6       2.3375557974250356E-6    9.425811625581326E-7     3.7590559326814134E-7    1.4842753951834E-7       5.808202753619723E-8     2.25438024321861E-8      8.685486831975129E-9     3.3237526542165054E-9    1.2641074775966667E-9    4.780626525971967E-10    1.7985853054389752E-10   6.734430580675209E-11    2.5104616636988834E-11   9.320342123338502E-12    3.447178696915657E-12    1.2704710947973875E-12   4.667012435121287E-13    1.7091513621387464E-13   6.241298483738743E-14    2.273002660688849E-14    8.257076655158097E-15    2.9923939017268984E-15   1.0820230970811835E-15   3.9042196954073453E-16   1.40593222557375E-16     5.0535333590863995E-17   1.8141117978704626E-17   6.530130483792303E-18    2.4379759377125866E-18   9.653290955140268E-19    3.8167597964960705E-19   1.5070094086560774E-19   5.942445051106643E-20    2.3402762211070537E-20   9.205447109389728E-21    3.616763590907502E-21    1.4194272764024841E-21   5.564716748506206E-22    2.179354353397641E-22    8.526768060117615E-23    3.3329503424922085E-23   1.3015957574342486E-23   5.078559713946294E-24    1.979865396426411E-24    7.712127918541929E-25    3.001707520927567E-25    1.1674267154510852E-25   4.5370015408080907E-26   1.761962549590766E-26    6.837900330920383E-27    2.6518968897493637E-27   1.0277968050745266E-27   3.9809179564568133E-28   1.5409647686716943E-28   5.961335007692071E-29    2.304852609543063E-29    8.906329320720348E-30    3.439672916440287E-30    1.3277151377666389E-30   5.122338966397878E-31    1.97521054823731E-31     7.612826588800299E-32    2.9327260115853287E-32   1.1292637674862043E-32   4.346330775327924E-33    1.6720858333226434E-33   6.429948848817132E-34    2.47157729740388E-34     9.496487640808116E-35    3.6473562961761875E-35   1.400308842000011E-35    5.374076398626605E-36    2.061681749700963E-36    7.90637034123999E-37     3.0306654431679562E-37   1.1602724864530312E-37   4.4021791384954304E-38   1.5277086438184952E-38   0
% Data
% c (mol/m^3) @ t=200, u1=0.01, u2=0.03
1                         0.910695049588524        0.8143184375356263       0.7140391059810915       0.6132561724414589       0.5153179432541052       0.4232434939721768       0.3394824791230376       0.26574546413763345      0.2029274234502389       0.15113181634407918      0.10978462379394459      0.07781147178657172      0.05384133250659087      0.036400243356549254     0.024067401239686557     0.01557988455828455      0.00988592337212624      0.006156203706283828     0.003766855159435368     0.0022674310840138604    0.0013442527569214049    7.857775200619006E-4     4.5336123360196405E-4    2.584292837485518E-4     1.4567648719980382E-4    8.127499165318284E-5     4.491441389637618E-5     2.4603158784592572E-5    1.3367868036555074E-5    7.208846376200123E-6     3.860520988099475E-6     2.054122734423965E-6     1.0864560856922512E-6    5.71466775680521E-7      2.990437113407394E-7     1.5574015358916935E-7    8.074820488917725E-8     4.169303821662137E-8     2.1444386710702585E-8    1.0989910188675273E-8    5.613154274944146E-9     2.8578918686323245E-9    1.450764685840363E-9     7.344146826916561E-10    3.708167907865221E-10    1.867895292056505E-10    9.391550948850762E-11    4.721365875889813E-11    2.390621596938445E-11    1.2575662613776025E-11   6.914917479861232E-12    3.7959189758505E-12      2.080449435616324E-12    1.1385227130738911E-12   6.221602420306598E-13    3.3952241416347796E-13   1.8504100125987585E-13   1.0072255121777616E-13   5.476069569751501E-14    2.9738388931689676E-14   1.613219671445887E-14    8.74212942856155E-15     4.732683578189801E-15    2.559658199325501E-15    1.3831124269528428E-15   7.467062180319762E-16    4.0278540224540734E-16   2.170917991149619E-16    1.169155182835345E-16    6.291765667939002E-17    3.383424471005281E-17    1.8181734325975363E-17   9.763819277248644E-18    5.239863184964456E-18    2.810254381628305E-18    1.5062809942074836E-18   8.068815712269562E-19    4.3198172819570917E-19   2.31142970897525E-19     1.236127647003071E-19    6.607246368213575E-20    3.529873522094721E-20    1.8848893225371454E-20   1.0060207619386412E-20   5.366961169869004E-21    2.861911272417299E-21    1.5254417145387487E-21   8.127409081883464E-22    4.328433560223578E-22    2.304286033796512E-22    1.2262346814677851E-22   6.522984317843187E-23    3.468615706231887E-23    1.843713786544818E-23    9.794738450230167E-24    5.1964705723882394E-24   2.7420568090859755E-24   1.4091621960165498E-24   6.237923223124074E-25    0
% Data
% c (mol/m^3) @ t=300, u1=0.01, u2=0.03
1                         0.9346285450066134       0.8633366588454191       0.7876306901347141       0.7092199571503718       0.6299205939740251       0.5515504765657723       0.47582443241693995      0.404259076902722        0.3380956875415262       0.2782476023491597       0.22527591853598142      0.17939409730743494      0.14049885955861918      0.10822193402076614      0.0819952189500414       0.061121064051767565     0.044839799484219074     0.032388195829074644     0.023044838306061216     0.01616090171608608      0.011177007105527898     0.007628384448243508     0.005141344269010367     0.0034241603974636365    0.002255087580880836     0.0014696109152014902    9.48342639519188E-4      6.063746045979864E-4     3.8442483452495E-4       2.4179668749502167E-4    1.5098109678737576E-4    9.364475233583155E-5     5.772691604702814E-5     3.5386899408005636E-5    2.1582448631453653E-5    1.3102894290907785E-5    7.92219797574191E-6      4.7723132949388E-6       2.865491013027096E-6     1.7156440753479984E-6    1.024645894850329E-6     6.106452792036267E-7     3.6325721972879E-7       2.157683281338161E-7     1.2801512863276324E-7    7.59024429693651E-8      4.5023163959911246E-8    2.6795909760038423E-8    1.6141642002535476E-8    1.0100272071736018E-8    6.554648504635977E-9     4.25342159760831E-9      2.760169186830149E-9     1.7913088568039534E-9    1.162696212942499E-9     7.54816561087977E-10     4.901282679450383E-10    3.1833254322333623E-10   2.068052787236097E-10    1.343862690555652E-10    8.734978162589268E-11    5.6791239786126323E-11   3.693267988194492E-11    2.4024056513634677E-11   1.5630867292059533E-11   1.0172215090687702E-11   6.621216583199696E-12    4.310659233721197E-12    2.8069003037544176E-12   1.8280222788649205E-12   1.1906966565759944E-12   7.756755647303002E-13    5.053739651264352E-13    3.293018457757161E-13    2.1459476224798133E-13   1.3985666955850162E-13   9.115535186508925E-14    5.941720933782936E-14    3.87319997750543E-14     2.524945514313201E-14    1.64609788578344E-14     1.0731941180464899E-14   6.99709198894755E-15     4.5621703368914475E-15   2.974665852531748E-15    1.9396171967135927E-15   1.264746681514009E-15    8.247064810043633E-16    5.377769935975734E-16    3.5067928348129084E-16   2.2867529726331324E-16   1.4911420006238845E-16   9.722451567636688E-17    6.336937678310372E-17    4.125381047683786E-17    2.6748893333366508E-17   1.7109871630467054E-17   1.0433338491034388E-17   5.231653634989581E-18    0
% Data
% c (mol/m^3) @ t=400, u1=0.01, u2=0.03
1                         0.9487491342223418       0.8925296828452046       0.8321543417438364       0.7685872936482468       0.7029063400663738       0.6362576763194979       0.5698060186872352       0.5046832631987558       0.4419391021789915       0.3824970047618278       0.3271186495571239       0.27637927071593155      0.2306554673327251       0.1901259033605453       0.15478411539552456      0.12446151141748045      0.09885775540530205      0.07757522893653747      0.06015421006980423      0.04610579101053568      0.03494026503359925      0.02618959328765075      0.019423447633448308     0.014259080859915698     0.010365818409757359     0.0074652719912542895    0.00532846795857055      0.0037710132741639044    0.002647249937798634     0.0018441309482393378    0.0012753302948112005    8.759039746857059E-4     5.976624722230833E-4     4.053007910396205E-4     2.7325646705888504E-4    1.8322200774215555E-4    1.2221787578955767E-4    8.112795947568488E-5     5.3605234025363784E-5    3.526633622872592E-5     2.3106805854903358E-5    1.5081743906784046E-5    9.808451046996658E-6     6.35771685319393E-6      4.1087090559536164E-6    2.6489695706362767E-6    1.7060829165756306E-6    1.1014038979208138E-6    7.190730220188048E-7     4.856434108006028E-7     3.379138572405503E-7     2.3466117122598444E-7    1.6265478531831526E-7    1.1254439677888844E-7    7.774114202676547E-8     5.3614742295233385E-8    3.691967548024275E-8     2.538656222254247E-8     1.7432206803244642E-8    1.1954504458310025E-8    8.187816429708064E-9     5.60127518747345E-9      3.827467467930091E-9     2.6125462522402294E-9    1.7814151428139922E-9    1.21348533691619E-9      8.258298868659731E-10    5.615012028127381E-10    3.814443473809876E-10    2.5890921538716334E-10   1.7559584353810726E-10   1.1899949149830942E-10   8.058479847003295E-11    5.453189271940009E-11    3.687644688068093E-11    2.4920664476185853E-11   1.6830330292992344E-11   1.1359468476638476E-11   7.662405005453245E-12    5.165624246310676E-12    3.4804835470160204E-12   2.3438156732837868E-12   1.5775460942961687E-12   1.0612621277091036E-12   7.135956623134554E-13    4.795978764663196E-13    3.221840746775952E-13    2.163408486787413E-13    1.4520645925700905E-13   9.742051092426223E-14    6.533303504222438E-14    4.379499669648603E-14    2.934179334489861E-14    1.964200872351368E-14    1.3124673836461742E-14   8.725700820057718E-15    5.711957768183671E-15    3.5518928299544596E-15   1.8052834675370187E-15   0
% Data
% c (mol/m^3) @ t=500, u1=0.01, u2=0.03
1                         0.958005865874203        0.9117827252672004       0.8618144528847725       0.8086961941345114       0.7531168769343729       0.6958368605206496       0.6376617363279524       0.5794135975603762       0.5219013208441009       0.4658915286545905       0.4120819048993462       0.3610784079578195       0.3133776681087669       0.26935548600349346      0.22926189560628135      0.19322276016134682      0.1612473821244444       0.13324117850181436      0.10902214777108132      0.08833966754583591      0.07089412905588727      0.05635602927597597      0.044383377338337804     0.03463658670743066      0.026790369921813915     0.02054248267114538      0.015619442879849725     0.011779556851615778     0.008813711600242136     0.00654444568566438      0.004823803803640675     0.003530430499438662     0.0025662833050993736    0.0018532605752728203    0.0013299558666583745    9.486764360112299E-4     6.728023084278111E-4     4.7451557316361396E-4    3.3289635232029263E-4    2.323603881164409E-4     1.6140105324799202E-4    1.1159341865077189E-4    7.681766760816015E-5     5.2661854404067464E-5    3.596841129414336E-5     2.449393761266326E-5     1.6657017145787706E-5    1.1353724964429938E-5    7.824922417760494E-6     5.563365620836664E-6     4.058209140658561E-6     2.952283791774678E-6     2.1421656189606904E-6    1.5504644813847222E-6    1.119502881443622E-6     8.064589749335157E-7     5.796560786746382E-7     4.15743369815967E-7      2.9756463357007435E-7    2.125548747070149E-7     1.5153951959432379E-7    1.0783897673479258E-7    7.660361262265229E-8     5.4321750732691435E-8    3.845700464140194E-8     2.718187261256646E-8     1.918268760419861E-8     1.3517257890414585E-8    9.511274532900597E-9     6.683143246217704E-9     4.689589390284871E-9     3.286397306341776E-9     2.3001433172703964E-9    1.607892158474997E-9     1.122646408033984E-9     7.829414334044732E-10    5.454202511128551E-10    3.795454445654337E-10    2.6384027108410286E-10   1.832216615240554E-10    1.271112771610725E-10    8.809990784667138E-11    6.100465902681774E-11    4.220445764263946E-11    2.917242575717218E-11    2.0147276310247822E-11   1.3902725191769861E-11   9.585902429366058E-12    6.604263454058063E-12    4.5465422504260875E-12   3.127564164359708E-12    2.1497569481759575E-12   1.4763277472176548E-12   1.012569034091448E-12    6.927989189986663E-13    4.711541728602125E-13    3.149146243795303E-13    1.992781339836618E-13    1.0250473492403134E-13   0
% Data
% c (mol/m^3) @ t=600, u1=0.01, u2=0.03
1                         0.964632025921742        0.9256128193444941       0.883245239579063        0.8379154705447736       0.7900842835484543       0.7402751154465314       0.6890593951750666       0.6370397211624207       0.5848316331183657       0.5330448222588313       0.4822646746631195       0.43303503703970775      0.3858430307034642       0.3411066205954219       0.2991654788642738       0.2602754783299634       0.22460692512555272      0.19224640954644712      0.1632019382500362       0.13741082730265086      0.1147496992768453       0.09504584912551867      0.0780892272412389       0.06364433147557559      0.05146139400753675      0.04128637982972586      0.03286946446179675      0.025971812236711935     0.020370618160156492     0.015862494738991657     0.012265373760888973     0.009419149819177457     0.007185319305279882     0.005445870252497017     0.0041016609110623384    0.0030704947327666885    0.002285062520832971     0.0016908838023013003    0.001244342676023364     9.108808675249886E-4     6.633837408450039E-4     4.8077394238758256E-4    3.468119159625815E-4     2.4909207547292296E-4    1.7821710888035698E-4    1.2712983593694173E-4    9.058144377272476E-5     6.471610312127424E-5     4.675441578792423E-5     3.476153660649473E-5     2.6427634278115906E-5    2.0033383753575625E-5    1.5143816846628329E-5    1.1416925067418772E-5    8.585051868443168E-6     6.439666390490193E-6     4.818997848078703E-6     3.5980637464927367E-6    2.6806815736937255E-6    1.993109130907564E-6     1.4790110355539651E-6    1.0954968041444797E-6    8.100186180715313E-7     5.979541893495107E-7     4.4073220424288877E-7    3.243849700663105E-7     2.3843558561917323E-7    1.750457156521326E-7     1.2836540081129948E-7    9.403878199407256E-8     6.882962777854035E-8     5.033854211523216E-8     3.6790060583361656E-8    2.6872828842951264E-8    1.961995913588376E-8     1.4319698184291742E-8    1.0448891997381065E-8    7.62354574639049E-9      5.5621674202118365E-9    4.058646184387604E-9     2.9622245203392967E-9    2.1627357719842833E-9    1.5797413728897936E-9    1.1545502877426156E-9    8.443645333562481E-10    6.179901630406982E-10    4.5269896772561594E-10   3.3193468559980903E-10   2.4363806627423793E-10   1.7902476827644343E-10   1.316940918923679E-10    9.697893383068616E-11    7.147103422257248E-11    5.267269801157071E-11    3.8738170907354845E-11   2.8275578496157625E-11   2.0183960193923816E-11   1.3498682202699756E-11   7.210121330720834E-12    0
% Data
% c (mol/m^3) @ t=700, u1=0.01, u2=0.03
1                         0.9697311662982213       0.9362770965684503       0.8998259227345291       0.8606291402919392       0.8189975973309229       0.7752953673976487       0.7299316594312514       0.6833510149071474       0.6360221313291771       0.5884257270020287       0.5410419197041185       0.4943376273315827       0.4487545086387319       0.4046979449076404       0.3625275182164308       0.32254937006783796      0.28501072845660597      0.25009677693248966      0.21792991273058912      0.188571311142264        0.16202458963573316      0.13824125764424097      0.11712755528688062      0.09855223323119278      0.08235480986198547      0.06835386048645958      0.056354942329185136     0.0461578313527109       0.037562833418646614     0.03037602344525325      0.02441335331737777      0.019503645476109346     0.015490549832584076     0.012233584841981025     0.009608409351836192     0.0075064819895902       0.005834262232917225     0.004512095251599823     0.0034729044581520885    0.002660794443637987     0.0020296450408349162    0.0015417564559480287    0.0011665869396615032    8.796089975650209E-4     6.61297924452806E-4      4.96257452421074E-4      3.724813227003876E-4     2.807463501055099E-4     2.1413178733373345E-4    1.6766133981548274E-4    1.3380046211687826E-4    1.065295967836152E-4     8.462777392788726E-5     6.708518071968532E-5     5.307028838197696E-5     4.19012161228583E-5      3.302100373862538E-5     2.597643038152355E-5     2.0400004788355704E-5    1.5994756552874503E-5    1.252147403586687E-5     9.7880583041122E-6       7.640690921881473E-6     5.956544049829203E-6     4.6377923219930245E-6    3.606716081477475E-6     2.801713894606766E-6     2.1740683032953388E-6    1.685332244171558E-6     1.3052243777771782E-6    1.0099397826033962E-6    7.807982164825088E-7     6.031656261279587E-7     4.6559601718288213E-7    3.5915041451793773E-7    2.768576748481044E-7     2.1328857812906636E-7    1.642201205139473E-7     1.263714398247661E-7     9.719648360557626E-8     7.472151846290427E-8     5.741799678732315E-8     4.410324455253183E-8     3.386299724586841E-8     2.599106161323913E-8     1.9942378144291198E-8    1.52965519771616E-8      1.1729548178963854E-8    8.991743653213364E-9     6.8909183641649054E-9    5.279073809039245E-9     4.042202507221666E-9     3.092309842235634E-9     2.3611149485524193E-9    1.7949300653315176E-9    1.350227848266983E-9     9.893276312214806E-10    6.754108635048249E-10    3.6560912854082744E-10   0
% Data
% c (mol/m^3) @ t=800, u1=0.01, u2=0.03
1                         0.973722410695374        0.9446391433316146       0.9128656570965457       0.8785664464335955       0.8419534738847223       0.8032831648067327       0.7628519955792356       0.7209907642730933       0.6780576899853823       0.6344305415571961       0.5904980454193232       0.5466508630389525       0.5032724580949008       0.46073018951944894      0.4193669667572057       0.3794937865281569       0.34138343553171446      0.30526559161952393      0.27132348916589166      0.23969223634573364      0.21045878782283106      0.18366349198059792      0.15930305372613313      0.13733468817489766      0.11768119220190676      0.10023663321522253      0.08487234871529577      0.07144296516774286      0.05979217737691262      0.04975807538617481      0.04117785965812787      0.03389184155161048      0.02774668011744084      0.022597854188200792     0.018311408082818448     0.014765038696895492     0.01184861115643696      0.009464200330705712     0.007525757703642316     0.005958499104971224     0.004698100408336029     0.0036897772294175487    0.0028873124031308806    0.002252082811285494     0.0017521259088385587    0.0013612767346408248    0.0010583987564108796    8.267269071340332E-4     6.533388608098243E-4     5.287712007403995E-4     4.350802484802964E-4     3.571623908559884E-4     2.925430390531246E-4     2.390968630073483E-4     1.9500682686859598E-4    1.5872622821563214E-4    1.2894394283233818E-4    1.0455294449466588E-4    8.462206533081672E-5     6.83708840150311E-5      5.514757301852856E-5     4.4409498917163376E-5    3.570634797351738E-5     2.8665539729958515E-5    2.2979691347472896E-5    1.839590244823877E-5     1.4706642192629797E-5    1.1742035536155087E-5    9.363362701974113E-6     7.457603807421889E-6     5.932878499067577E-6     4.714647802558447E-6     3.7425617851775764E-6    2.967851810531378E-6     2.351179999332307E-6     1.8608709468610462E-6    1.4714617980609749E-6    1.162516500833196E-6     9.17658531265662E-7      7.237837126770682E-7     5.704210432148501E-7     4.4921481585875253E-7    3.535058688179993E-7     2.779936463818708E-7     2.184639754006184E-7     1.7157015694332964E-7    1.3465721307913134E-7    1.0562098230284493E-7    8.279528125943038E-8     6.486159237104767E-8     5.0776732838246905E-8    3.9714732831805666E-8    3.1019703608287656E-8    2.416678586349296E-8     1.8728265105931845E-8    1.4341475649594534E-8    1.0673900740581122E-8    7.37837866658168E-9      4.026564794924195E-9     0
% Data
% c (mol/m^3) @ t=900, u1=0.01, u2=0.03
1                         0.9769096582503743       0.9513266612126519       0.923319983448224        0.8929972222592246       0.860504239029089        0.8260237965668553       0.7897731789246075       0.7520008156715695       0.7129819700506452       0.6730135883621678       0.6324084446371611       0.5914887483176918       0.5505794112866862       0.5100011922183671       0.47006394903499066      0.43106023275567         0.3932594472090236       0.35690277862441583      0.32219906749210847      0.289321753638038        0.2584069763951028       0.22955285800744762      0.2028199434384351       0.17823271725707265      0.15578207182440074      0.13542856368812756      0.11710626922169816      0.10072703738311468      0.08618493714825884      0.07336070871465027      0.06212604905782707      0.05234759127331131      0.04389047043881041      0.036621403571223        0.030411245009193958     0.025137009105662286     0.020683377970575283     0.016943732318894685     0.013820758016862491     0.011226689951062331     0.009083259020334876     0.0073214082658841426    0.005880841428978837     0.004709462601416256     0.003762760107446879     0.0030031822351819252    0.0023995477262733493    0.001926530746011035     0.0015642590330407827    0.0012980656751533357    0.0010929194597850385    9.180574197719272E-4     7.694282686870127E-4     6.434418126565213E-4     5.369319751603211E-4     4.471196980861181E-4     3.715764953656425E-4     3.0818926879110157E-4    2.551268438947446E-4     2.108085495179967E-4     1.738750489930196E-4     1.431615337372478E-4     1.1767331075310842E-4    9.656375270841638E-5     7.911453127636573E-5     6.471801938507456E-5     5.286172406349896E-5     4.3114596820036846E-5    3.511506121623921E-5     2.856059592554426E-5     2.319871470531339E-5     1.8819191162223787E-5    1.524738494898492E-5     1.2338536266493064E-5    9.972906595622056E-6     8.05165492759763E-6      6.4933500075045555E-6    5.231029964167674E-6     4.209730971398162E-6     3.384416141343512E-6     2.718244617464204E-6     2.181128782709983E-6     1.7485346302181871E-6    1.4004866847337232E-6    1.1207444537231498E-6    8.961222775157522E-7     7.15928690801223E-7      5.715050545663767E-7     4.5584631144680306E-7    3.632892865178678E-7     2.892560007969269E-7     2.3004094099730605E-7    1.826320116495278E-7     1.445547216695483E-7     1.1372752175100982E-7    8.83121799489738E-8      6.653497500950513E-8     4.643928072289377E-8     2.5502427935660654E-8    0
% Data
% c (mol/m^3) @ t=1000, u1=0.01, u2=0.03
1                         0.9795140864200347       0.9567975657851068       0.9318887744755855       0.9048569358547778       0.8758023946543565       0.8448561334623783       0.8121785441418847       0.7779574497941975       0.742405397676266        0.7057562694207508       0.6682612809543617       0.6301844694894329       0.5917977876133331       0.5533759435383389       0.5151911407818642       0.4775078788579654       0.44057797815576627      0.4046359865687284       0.3698951125284099       0.33654380923736865      0.3047431088939729       0.27462477479836556      0.2462903050435067       0.2198107859325661       0.19522755838504094      0.17255362846098465      0.15177572563843508      0.13285689117972568      0.11573946489541832      0.10034833236341006      0.08659429608088628      0.07437744244054137      0.06359039067603099      0.05412132852872581      0.045856760698119454     0.03868391850574689      0.03249280113346435      0.02717783906179168      0.022639188035730822     0.018783676484848685     0.015525440627675044     0.012786289608955084     0.010495848311289836     0.008591528493995117     0.007018380309148401     0.005728876767259438     0.00468268414513448      0.003846472426303939     0.0031938224153759557    0.0027052909414582624    0.002321130240222568     0.001986926670764031     0.0016970000892074014    0.0014461742550076389    0.001229756785969213     0.0010435151938620313    8.836500765332806E-4     7.467664311193962E-4     6.298439324886464E-4     5.302068976150223E-4     4.454945352195189E-4     3.736319645665365E-4     3.1280238053913204E-4    2.6142064584594785E-4    2.1810850642742295E-4    1.8167155315486195E-4    1.5107799155683564E-4    1.2543923097927656E-4    1.039922644355923E-4     8.608377941040558E-5     7.115591693938578E-5     5.873358027268976E-5     4.841318424501162E-5     3.9852731090112044E-5    3.276309690873133E-5     2.69004144838644E-5      2.2059441901004694E-5    1.8067811843953566E-5    1.4781062971643172E-5    1.2078362004826462E-5    9.858832715045943E-6     8.038415638212175E-6     6.5471898215547956E-6    5.327095098954547E-6     4.330000161369869E-6     3.5160679630444612E-6    2.852375716101707E-6     2.311751815573325E-6     1.8717964269638646E-6    1.5140560350301985E-6    1.2233247747817295E-6    9.870464431246014E-7     7.947899987086433E-7     6.37766804564485E-7      5.083475571748464E-7     3.995167257398401E-7     3.0416527626247774E-7    2.140559945019327E-7     1.181780096816008E-7     0
% Data
% c (mol/m^3) @ t=1100, u1=0.01, u2=0.03
1                         0.9816844751792131       0.9613607236075716       0.9390462788013928       0.9147836856901796       0.8886410241975831       0.8607119093272748       0.831114938540931        0.7999925722147592       0.7675094495859521       0.7338501603268975       0.6992165100794457       0.6638243362230468       0.627899947060524        0.5916762726851329       0.5553888282665146       0.5192715996533793       0.4835529664426016       0.44845177856841617      0.4141736987740655       0.3809079150148235       0.3488243141189603       0.3180711913619734       0.28877355068865435      0.26103202806170794      0.23492244691160907      0.2104959911087502       0.18777995850907242      0.16677903811866934      0.14747703731792         0.12983897319083654      0.11381343433684689      0.09933511678514326      0.08632743963417794      0.07470515234070114      0.06437685547364774      0.05524736934761533      0.047219899298195506     0.04019796150669525      0.034087048364184136     0.028796026675610476     0.0242382750281892       0.020332578081112707     0.017003805285357797     0.01418340972031145      0.011809789618264316     0.009828561161112364     0.008192796809443943     0.006863289377657498     0.005808908970577254     0.005007128451656237     0.004365673779937817     0.003797778515063573     0.0032963985518951293    0.002854945593952407     0.0024672924198550937    0.0021277713176195215    0.0018311666355497454    0.0015727023994386417    0.0013480259185868417    0.001153188253656229     9.846223532952215E-4     8.391195890670849E-4     7.138053341570138E-4     6.061141446328253E-4     5.137650159853877E-4     4.3473710487871523E-4    3.6724622844013145E-4    3.097223823692412E-4     2.6078845547486596E-4    2.1924026236113306E-4    1.8402796792442412E-4    1.5423893686463734E-4    1.2908200812707853E-4    1.078731675053159E-4     9.002257089416079E-5     7.502285518683594E-5     6.24386628551634E-5      5.189729914910445E-5     4.308043695323095E-5     3.571678304450568E-5     2.957562026786406E-5     2.4461142503723982E-5    2.0207502823776202E-5    1.6674499550721396E-5    1.3743829730315339E-5    1.131584449514235E-5     9.306745659346031E-6     7.646167311200196E-6     6.275089754282833E-6     5.144035287135848E-6     4.2114950487501485E-6    3.4425318960811315E-6    2.8074932957009042E-6    2.2807458143022544E-6    1.8393008818517982E-6    1.4611260799896063E-6    1.1228031035165804E-6    7.959610438577667E-7     4.41509855142329E-7      0
% Data
% c (mol/m^3) @ t=1200, u1=0.01, u2=0.03
1                         0.983521904365752        0.9652265115248664       0.9451169104160438       0.9232166502783912       0.8995703992404108       0.8742442152006897       0.8473254015333929       0.8189219302251236       0.7891614263678687       0.758189720176434        0.7261689854812052       0.693275496525898        0.6596970473934878       0.6256300899902175       0.5912766567382219       0.5568411424882953       0.5225270262417472       0.4885336167132455       0.45505290631919         0.4222666156972301       0.39034350534124745      0.35943702250308274      0.32968334044392616      0.3011998338332823       0.27408401914000324      0.24841297289333938      0.22424322444228376      0.20161110407266386      0.18053351280417024      0.16100906757154893      0.14301956537238705      0.12653170276354148      0.111498983054164        0.09786374272687674      0.0855592308823783       0.07451168054173796      0.06464231801874444      0.055869265770878085     0.048109304596820564     0.04127947223247604      0.03529848682935612      0.030087995099619277     0.025573655824585775     0.021686079828181964     0.018361657432876842     0.015543313995657615     0.013181243637249722     0.011233681101402557     0.009667782262824566     0.00846069564521901      0.007480389345685436     0.006599148271516768     0.005809095518669085     0.00510267677053619      0.004472691771345757     0.003912317991886561     0.0034151269613484016    0.002975093847689822     0.0025866009458900465    0.0022444357809226056    0.0019437845533418923    0.0016802216535484952    0.0014496959499017232    0.0012485145197274913    0.001073324444643895     9.210932359481341E-4     7.890883951747078E-4     6.748565520326615E-4     5.762025590105615E-4     4.911688608182581E-4     4.180153989152607E-4     3.552002576755784E-4     3.0136120993705596E-4    2.5529827616567057E-4    2.1595737337366631E-4    1.8241509720958842E-4    1.5386465308033268E-4    1.2960292944959824E-4    1.0901868818485562E-4    9.158183254804727E-5     7.683370266904669E-5     6.437834062023338E-5     5.3874662038496045E-5    4.5029468129072865E-5    3.7591230332382954E-5    3.134457939787683E-5     2.610543045044124E-5     2.1716675026441932E-5    1.8044368811861776E-5    1.4974338104797617E-5    1.2409115888400489E-5    1.0265094914431096E-5    8.469742055790177E-6     6.9586412821317985E-6    5.671997922173798E-6     4.550003455255048E-6     3.526058156949122E-6     2.516159718662721E-6     1.4015874000858225E-6    0
% Data
% c (mol/m^3) @ t=0, u1=0.01, u2=0.05
1                         -4.5228457729640073E-8   2.159347170152301E-15    2.4290496195566943E-20   3.2340292311946045E-26   3.2960419531633505E-32   3.001660009989636E-38    2.5681431685852784E-44   2.1115894652294162E-50   1.6890005337405903E-56   1.323917601468085E-62    1.0217940586561857E-68   7.790195122816558E-75    5.880645162805608E-81    4.402910824472648E-87    3.2738666708952694E-93   2.4200833644693386E-99   1.7799128735067797E-105  1.3033148956459323E-111  9.506353164339263E-118   6.910104932076719E-124   5.007517918950933E-130   3.6187942682091925E-136  2.6087065070191676E-142  1.8763191843388017E-148  1.3467757137039396E-154  9.648653579060074E-161   6.900611668882654E-167   4.9273866258891345E-173  3.5132250839964975E-179  2.5015087296252574E-185  1.7788787070154222E-191  1.2635029233544204E-197  8.96448685353855E-204    6.353665619595136E-210   4.498841287921391E-216   3.1825817864569806E-222  2.2494899530102526E-228  1.5886754562396342E-234  1.1211204880548897E-240  7.905933449709933E-247   5.571269719168555E-253   3.923471825984167E-259   2.761316920957447E-265   1.9422465388589936E-271  1.3653592927401417E-277  9.593019108380151E-284   6.736587369781315E-290   4.728361615731435E-296   3.3172385754336086E-302  2.3417089852134673E-308  2.0584497217E-314        1.8987E-320              0                        0                        0                        0                        0                        0                        0                        0                        0                        0                        0                        0                        0                        0                        0                        0                        0                        0                        0                        0                        0                        0                        0                        0                        0                        0                        0                        0                        0                        0                        0                        0                        0                        0                        0                        0                        0                        0                        0                        0                        0                        0                        0                        0                        0                        0                        0                        0
% Data
% c (mol/m^3) @ t=100, u1=0.01, u2=0.05
1                         0.8551207359120234       0.7035370973406726       0.5550797663659199       0.4187294404283539       0.30124528267747547      0.20630615495644353      0.13437088082976167      0.08324607884942425      0.049116609293720755     0.02766012483792698      0.014910901009438985     0.007720170566018069     0.003852562185108827     0.0018594801978000846    8.709784859475932E-4     3.971487279987621E-4     1.7679450863214042E-4    7.70323461251989E-5      3.292808841974814E-5     1.3836856245124263E-5    5.726267043004898E-6     2.3375557974250347E-6    9.425811625581324E-7     3.7590559326814123E-7    1.4842753951833989E-7    5.80820275361972E-8      2.254380243218608E-8     8.685486831975123E-9     3.3237526542165038E-9    1.2641074775966665E-9    4.780626525971965E-10    1.7985853054389744E-10   6.734430580675205E-11    2.5104616636988818E-11   9.320342123338504E-12    3.447178696915666E-12    1.2704710947974219E-12   4.667012435122383E-13    1.7091513621422484E-13   6.241298483850281E-14    2.2730026610438283E-14   8.257076666443907E-15    2.992393937570001E-15    1.0820232107920936E-15   3.904223298724897E-16    1.4059436303196494E-16   5.053893878565369E-17    1.81524996946376E-17     6.5660141498543245E-18   2.550947275400475E-18    1.1070540030903289E-18   4.797726369158469E-19    2.0764810618612813E-19   8.975756719914277E-20    3.875145041917334E-20    1.671092111409015E-20    7.198280577718729E-21    3.097364390712329E-21    1.3314015113663755E-21   5.717366435874222E-22    2.4528404951271722E-22   1.051342091989366E-22    4.502301786116255E-23    1.9264357452347608E-23   8.236006617452797E-24    3.5183032547600834E-24   1.5018129639237184E-24   6.405830103060111E-25    2.7303757832351947E-25   1.16296546223772E-25     4.950146709342006E-26    2.1056452846434347E-26   8.951109187720134E-27    3.802780166072695E-27    1.6146045131008273E-27   6.851397876042207E-28    2.9056779803591566E-28   1.2316233610746767E-28   5.217675682589164E-29    2.2092826569249049E-29   9.349891651168157E-30    3.955020822365437E-30    1.6721816332339488E-30   7.066688698035004E-31    2.9850489567742432E-31   1.260360826287061E-31    5.31925781407225E-32     2.244008400975369E-32    9.462799326276329E-33    3.988786160157476E-33    1.680706795164616E-33    7.079086065774487E-34    2.980576380496071E-34    1.2544822971194874E-34   5.278014670180684E-35    2.2196856027918308E-35   9.324443484678743E-36    3.88454363677696E-36     1.4852761536041636E-36   0
% Data
% c (mol/m^3) @ t=200, u1=0.01, u2=0.05
1                         0.910695049588524        0.8143184375356263       0.7140391059810915       0.6132561724414589       0.5153179432541052       0.42324349397217675      0.3394824791230376       0.26574546413763345      0.20292742345023893      0.1511318163440792       0.10978462379394459      0.07781147178657175      0.05384133250659087      0.036400243356549275     0.024067401239686568     0.015579884558284553     0.009885923372126246     0.006156203706283829     0.003766855159435369     0.002267431084013862     0.0013442527569214055    7.857775200619012E-4     4.5336123360196427E-4    2.58429283748552E-4      1.4567648719980393E-4    8.12749916531829E-5      4.4914413896376215E-5    2.46031587845926E-5      1.3367868036555098E-5    7.208846376200177E-6     3.860520988099597E-6     2.0541227344242424E-6    1.086456085692887E-6     5.714667756819822E-7     2.990437113440965E-7     1.5574015359687616E-7    8.07482049068533E-8      4.169303825712432E-8     2.144438680341946E-8     1.0989910400698249E-8    5.613154759271486E-9     2.8578929737429986E-9    1.4507672044492063E-9    7.344204156630533E-10    3.7082982357146327E-10   1.8681911652433626E-10   9.398258368953879E-11    4.736548799691405E-11    2.4249356105168338E-11   1.3349888210853705E-11   7.96649983213385E-12     4.746658283621295E-12    2.824041357841618E-12    1.6778259035807308E-12   9.955054846283487E-13    5.899126657338079E-13    3.491433889678042E-13    2.06402607112218E-13     1.2188312852408766E-13   7.189680106365648E-14    4.2367456501945597E-14   2.494194031128846E-14    1.466966592252094E-14    8.620223259467279E-15    5.06104692095609E-15     2.9689315947088098E-15   1.7402499702338762E-15   1.0192661565276713E-15   5.965410434324293E-16    3.488842842658952E-16    2.03902165897674E-16     1.1908911675542643E-16   6.950916018705011E-17    4.0545362015171207E-17   2.3636245006791518E-17   1.3770905584873992E-17   8.018652447232288E-18    4.666625269766057E-18    2.714404309734103E-18    1.5780592289639233E-18   9.1697181844415E-19      5.325729155429202E-19    3.0917100262657913E-19   1.7939938491412335E-19   1.0405221711417744E-19   6.03247262772856E-20     3.495893786926288E-20    2.0250928906407004E-20   1.1726281582660983E-20   6.787485854895225E-21    3.927309895821543E-21    2.2715533291032847E-21   1.3133923716362637E-21   7.591085996769972E-22    4.385328726049697E-22    2.530517902092577E-22    1.4534602346545354E-22   8.150955163930735E-23    3.964131784311928E-23    0
% Data
% c (mol/m^3) @ t=300, u1=0.01, u2=0.05
1                         0.9346285450066134       0.863336658845419        0.7876306901347141       0.7092199571503717       0.6299205939740251       0.5515504765657724       0.47582443241693995      0.404259076902722        0.33809568754152614      0.2782476023491597       0.22527591853598136      0.17939409730743502      0.14049885955861913      0.10822193402076619      0.08199521895004139      0.06112106405176755      0.04483979948421909      0.03238819582907466      0.023044838306061233     0.016160901716086085     0.011177007105527903     0.007628384448243518     0.0051413442690103894    0.0034241603974636825    0.0022550875808809213    0.0014696109152016513    9.483426395194924E-4     6.063746045985618E-4     3.844248345260379E-4     2.4179668749707943E-4    1.5098109679126783E-4    9.364475234319469E-5     5.7726916060960394E-5    3.538689943437259E-5     2.158244868136328E-5     1.3102894385401043E-5    7.922198154685338E-6     4.772313633888626E-6     2.865491655219942E-6     1.7156452924043379E-6    1.0246482019939037E-6    6.106496540136513E-7     3.6326551755345507E-7    2.1578407111767184E-7    1.2804500458266123E-7    7.595915284347744E-8     4.513083130086242E-8     2.700035578401275E-8     1.6529897896050595E-8    1.0837617661357015E-8    7.566112668705257E-9     5.281811395600806E-9     3.687182590255955E-9     2.5741486350916236E-9    1.79730075551645E-9      1.2550840359958221E-9    8.766025942666108E-10    6.123789260565564E-10    4.2788983782259124E-10   2.990488485215855E-10    2.0905123609138852E-10   1.4617193433016988E-10   1.0222911800858328E-10   7.15125257516768E-11     5.003605760635319E-11    3.5016552437583545E-11   2.4510286287235526E-11   1.715943977246625E-11    1.2015238047622323E-11   8.414551396026638E-12    5.893776363877149E-12    4.128718974121428E-12    2.892617640117585E-12    2.026823989041627E-12    1.4203188261358645E-12   9.95396757273409E-13     6.976590217857419E-13    4.890160909382203E-13    3.4279354452441415E-13   2.403081796352603E-13    1.684721262754637E-13    1.1811595099356068E-13   8.281474760627198E-14    5.806618937938936E-14    4.071491823543299E-14    2.8549380206875516E-14   2.0019403444739347E-14   1.4038331872838356E-14   9.844382204716453E-15    6.903487007170305E-15    4.8412014735383366E-15   3.3949707032286467E-15   2.3806544535730135E-15   1.669017431103027E-15    1.1691368309018127E-15   8.164867851633302E-16    5.638646474024473E-16    3.7319913585747503E-16   2.0515312631643458E-16   0
% Data
% c (mol/m^3) @ t=400, u1=0.01, u2=0.05
1                         0.9487491342223418       0.8925296828452048       0.8321543417438363       0.768587293648247        0.7029063400663738       0.6362576763194981       0.5698060186872352       0.5046832631987559       0.4419391021789916       0.3824970047618277       0.3271186495571237       0.2763792707159315       0.23065546733272507      0.19012590336054536      0.15478411539552464      0.1244615114174805       0.09885775540530213      0.0775752289365377       0.06015421006980466      0.04610579101053647      0.03494026503360068      0.026189593287653364     0.01942344763345305      0.014259080859924342     0.010365818409773114     0.007465271991283001     0.005328467958622828     0.003771013274259023     0.0026472499379715676    0.0018441309485535018    0.001275330295381474     8.759039757199968E-4     5.976624740973054E-4     4.0530079443275416E-4    2.732564731960075E-4     1.8322201883118976E-4    1.2221789580511697E-4    8.112799556390665E-5     5.3605299018015866E-5    3.526645313554367E-5     2.310701587767961E-5     1.5082120711538081E-5    9.809126134962444E-6     6.3589245751874595E-6    4.110866316830626E-6     2.652816654208867E-6     1.7129317335544531E-6    1.1135745426573448E-6    7.406595096508677E-7     5.238531469306664E-7     3.9018698350641907E-7    2.9013812567673613E-7    2.1539699792825726E-7    1.5966493750658574E-7    1.1818029540563057E-7    8.735245393988174E-8     6.448029805485502E-8     4.753644924603664E-8     3.500247083550234E-8     2.5743410430788664E-8    1.8912579479073272E-8    1.3879488371055926E-8    1.0175452358865094E-8    7.452638844794892E-9     5.453307787938052E-9     3.98675991331413E-9      2.9120977971770936E-9    2.1253597504435004E-9    1.549935418703263E-9     1.1294387857032032E-9    8.224174679624136E-10    5.984314653473038E-10    4.351513103430009E-10    3.162137024152191E-10    2.296390688325924E-10    1.6666532225948685E-10   1.2088941758325684E-10   8.763621912853136E-11    6.349501070445276E-11    4.597948479991123E-11    3.327857075164145E-11    2.407401210583891E-11    1.740693750254526E-11    1.2580354531286329E-11   9.08795641068394E-12     6.562183673307712E-12    4.736363131277228E-12    3.4171295889002566E-12   2.4643521648932017E-12   1.7765330588726006E-12   1.280193361680202E-12    9.22160487162588E-13     6.639632004225049E-13    4.777500330810223E-13    3.432921270841011E-13    2.45717674320594E-13     1.736385796594455E-13    1.1721735499676255E-13   6.533660323245623E-14    0
% Data
% c (mol/m^3) @ t=500, u1=0.01, u2=0.05
1                         0.958005865874203        0.9117827252672003       0.8618144528847728       0.8086961941345113       0.753116876934373        0.6958368605206496       0.6376617363279526       0.5794135975603764       0.5219013208441009       0.46589152865459066      0.4120819048993463       0.36107840795781965      0.3133776681087674       0.26935548600349446      0.229261895606283        0.19322276016134987      0.1612473821244496       0.13324117850182376      0.109022147771098        0.08833966754586553      0.07089412905593977      0.05635602927606896      0.04438337733850243      0.03463658670772176      0.026790369922328083     0.02054248267205246      0.015619442881448077     0.011779556854428688     0.008813711605186132     0.006544445694342378     0.004823803818851739     0.0035304305260629165    0.002566283351631249     0.0018532606564727436    0.0013299560081296278    9.48676682083496E-4      6.728027357073765E-4     4.7451631377151075E-4    3.328976336523326E-4     2.323626007069981E-4     1.6140486630914026E-4    1.1159997625960527E-4    7.682892091603053E-5     5.268112255097073E-5     3.600132561624278E-5     2.4550026034747912E-5    1.675235400647838E-5     1.1515347346937424E-5    8.098163837009764E-6     6.023987720795236E-6     4.68495862015978E-6      3.635387410591771E-6     2.8148210893861126E-6    2.174888329345374E-6     1.6770233921706457E-6    1.2905837873656683E-6    9.913024410328952E-7     7.600217602360029E-7     5.81663490930026E-7      4.4439445317082604E-7    3.389539577297311E-7     2.5811388629401153E-7    1.9624702237040698E-7    1.48983254419864E-7      1.1293676200219878E-7    8.549027957822589E-8     6.462505890733994E-8     4.878727080720631E-8     3.6783351506133025E-8    2.769825676243481E-8     2.083178355196298E-8     1.5649095246959646E-8    1.1742377950682185E-8    8.801194471660542E-9     6.589615341324024E-9     4.9286162382207445E-9    3.682557455118034E-9     2.7488196795117234E-9    2.0498746073683263E-9    1.527229641129397E-9     1.1368119872860124E-9    8.454560322580091E-10    6.282347077858843E-10    4.664352807011493E-10    3.460263021149329E-10    2.5649825333135313E-10   1.8998804307814455E-10   1.4061876441231814E-10   1.0400243875871534E-10   7.686597495047142E-11    5.6770118920056987E-11   4.189842807302293E-11    3.089876302348231E-11    2.2763767262726273E-11   1.673940362840194E-11    1.225156129560954E-11    8.838975006680304E-12    6.073326296300777E-12    3.4272090366180556E-12   0
% Data
% c (mol/m^3) @ t=600, u1=0.01, u2=0.05
1                         0.9646320259217419       0.9256128193444941       0.8832452395790631       0.837915470544774        0.7900842835484545       0.7402751154465319       0.6890593951750675       0.6370397211624227       0.5848316331183685       0.5330448222588361       0.4822646746631272       0.43303503703972046      0.38584303070348513      0.34110662059545677      0.29916547886433176      0.26027547833006         0.22460692512571412      0.19224640954671735      0.16320193825048857      0.13741082730340884      0.11474969927811629      0.095045849127651        0.07808922724481762      0.06364433148158323      0.051461394017623084     0.04128637984665967      0.03286946449022211      0.02597181228441321      0.02037061824017074      0.015862494873132217     0.012265373985613597     0.009419150195345359     0.0071853199343466815    0.005445871303344433     0.004101662664356689     0.003070497654140461     0.002285067381341787     0.0016908918762152754    0.0012443560647689268    9.109030287980639E-4     6.634203503746945E-4     4.808342932665264E-4     3.4691118369433024E-4    2.492549721493568E-4     1.784837578752738E-4     1.2756518190074344E-4    9.129026760477733E-5     6.586688414276804E-5     4.8617094317572184E-5    3.776701048381191E-5     3.0485811991711557E-5    2.4550476075110964E-5    1.9725634637638826E-5    1.5814043546259438E-5    1.2651083925374533E-5    1.009990732422834E-5     8.04718279679626E-6      6.399398378347907E-6     5.079666593196088E-6     4.0249829376763734E-6    3.1838872505954432E-6    2.5144800679987383E-6    1.9827490819948878E-6    1.561164371079769E-6     1.22750489007962E-6      9.638826057771213E-7     7.559344931416663E-7     5.921562625143872E-7     4.63355100484353E-7      3.6220183479940914E-7    2.8286575644849024E-7    2.2071784633524204E-7    1.7209036783818318E-7    1.3408271620342957E-7    1.0440508243517626E-7    8.125291723362086E-8     6.320639474898374E-8     4.9150101456485215E-8    3.8209036240659616E-8    2.9697726122562823E-8    2.3079858344526787E-8    1.7936322029968687E-8    1.3939957538005329E-8    1.0835643071497969E-8    8.424618294976931E-9     6.552164141391688E-9     5.09793551494046E-9      3.968386698250265E-9     3.0908441510442884E-9    2.4088730994020852E-9    1.8786567958150464E-9    1.4661632582030075E-9    1.1449145851942644E-9    8.94196428506833E-10     6.975414855860409E-10    5.412690314821797E-10    4.127103228525278E-10    2.973763190076115E-10    1.734523592243897E-10    0
% Data
% c (mol/m^3) @ t=700, u1=0.01, u2=0.05
1                         0.9697311662982228       0.9362770965684541       0.8998259227345365       0.860629140291951        0.8189975973309422       0.7752953673976798       0.7299316594313009       0.6833510149072267       0.6360221313293033       0.5884257270022303       0.5410419197044397       0.49433762733209446      0.4487545086395479       0.40469794490894084      0.36252751821850254      0.32254937007113743      0.28501072846185954      0.25009677694085175      0.2179299127438938       0.18857131116342454      0.16202458966937316      0.13824125769769532      0.11712755537177733      0.0985522333659531       0.08235481007577139      0.06835386082540004      0.05635494286618603      0.046157832202895        0.03756283476362467      0.030376025571229513     0.024413356674893718     0.019503650773578424     0.01549055818250464      0.012233597989123449     0.009608430028747103     0.007506514469434242     0.005834313187524606     0.0045121750804689624    0.00347302934240696      0.0026609895130613047    0.0020299492452399625    0.001542230038720166     0.0011673228721798107    8.807504232596874E-4     6.630646899550642E-4     4.989863297964769E-4     3.7668678102314627E-4    2.872120463465924E-4     2.2404778498976517E-4    1.8282909139801415E-4    1.5400656923504632E-4    1.2949365705029064E-4    1.08692402042181E-4      9.107880206088303E-5     7.619538199560003E-5     6.364418515710485E-5     5.3080225234975595E-5    4.4205425912724564E-5    3.6763059605457526E-5    3.053268396817064E-5     2.5325564636254638E-5    2.0980564866607095E-5    1.7360477073447167E-5    1.4348767406821512E-5    1.1846702213856671E-5    9.770824175965628E-6     8.050745873716124E-6     6.627229265643907E-6     5.4505208776521425E-6    4.4789142149844155E-6    3.6775128868055735E-6    3.017170058469398E-6     2.4735820268843627E-6    2.0265158794066606E-6    1.659153293927135E-6     1.3575345300387734E-6    1.1100885236617408E-6    9.072367156037683E-7     7.410598114789825E-7     6.050180854485405E-7     4.937171070717771E-7     4.0271189598776136E-7    3.28343502073655E-7      2.676028792451522E-7     2.180176797854105E-7     1.775582535391079E-7     1.4455970233431236E-7    1.1765732298684815E-7    9.573317780998879E-8     7.787185987557615E-8     6.332376044688511E-8     5.1474263714287025E-8    4.1817204452670304E-8    3.393043291273404E-8     2.7450003398661293E-8    2.2036377391154227E-8    1.7318992881117634E-8    1.2789949595756087E-8    7.58318801285412E-9      0
% Data
% c (mol/m^3) @ t=800, u1=0.01, u2=0.05
1                         0.9737224106953939       0.9446391433316605       0.9128656570966278       0.8785664464337315       0.8419534738849404       0.8032831648070772       0.7628519955797765       0.7209907642739399       0.6780576899867053       0.6344305415592613       0.5904980454225444       0.5466508630439735       0.5032724581027226       0.4607301895316265       0.41936696677615215      0.3794937865576155       0.34138343557748624      0.30526559169059214      0.271323489276155        0.23969223651667737      0.21045878808763602      0.18366349239045865      0.15930305435995623      0.13733468915417463      0.11768119371348924      0.10023663554615371      0.08487235230600261      0.07144297069314778      0.059792185869926094     0.04975808842540681      0.04117787965272711      0.033891872172717115     0.027746726950497572     0.022597925717250097     0.018311517172704767     0.014765204820450595     0.011848863733574248     0.00946458372275915      0.007526338665069757     0.005959377872806379     0.004699427160595436     0.003691776442569681     0.0028903187925691017    0.0022565941977933917    0.0017588807282866025    0.0013713672890115413    0.0010734360930921918    8.490799586623075E-4     6.8647992169097E-4       5.777729582099812E-4     4.996727558237323E-4     4.313854023375083E-4     3.71804717236848E-4      3.199281474891562E-4     2.7485051244357985E-4    2.3575753993949035E-4    2.0191932123219756E-4    1.7268379449724864E-4    1.474703489529658E-4     1.2576362458796976E-4    1.0710756650531913E-4    9.109977828372744E-5     7.738620568702691E-5     6.565617061183397E-5     5.563776536161838E-5     4.70936091260509E-5      3.981696183723964E-5     3.3628185248970586E-5    2.8371537002533898E-5    2.391228045532674E-5     2.0134091006735806E-5    1.693673841459313E-5     1.4234024017791272E-5    1.1951951740537358E-5    1.0027112138017848E-5    8.40525945218461E-6      7.0400625937258775E-6    5.892012078844364E-6     4.927466166252037E-6     4.117820710984142E-6     3.438788537365519E-6     2.869775402537025E-6     2.393340850524557E-6     1.9947334269903955E-6    1.661490822923335E-6     1.3830965300949044E-6    1.1506855092600894E-6    9.567921731728415E-7     7.951346292885009E-7     6.604295228745375E-7     5.48231776921967E-7      4.5479262038568315E-7    3.7692661979321686E-7    3.118720119582174E-7     2.571142289014702E-7     2.1011095434038687E-7    1.6778863840468903E-7    1.255326934564164E-7     7.507533405860758E-8     0
% Data
% c (mol/m^3) @ t=900, u1=0.01, u2=0.05
1                         0.976909658250511        0.9513266612129627       0.9233199834487748       0.8929972222601249       0.8605042390305123       0.8260237965690715       0.7897731789280324       0.7520008156768431       0.712981970058748        0.6730135883745999       0.6324084446562153       0.5914887483468679       0.5505794113313223       0.5100011922865968       0.4700639491391943       0.43106023291467405      0.393259447451426        0.35690277899361245      0.3221990680538766       0.28932175449196657      0.2584069776917943       0.22955285997436978      0.2028199464187176       0.17823272176763855      0.1557820786429338       0.13542857398296404      0.11710628474550022      0.10072706076113305      0.08618497230659294      0.07336076151528126      0.06212612823838706      0.052347709834950525     0.04389064769141752      0.03662166814060869      0.030411639248402175     0.02513759555035009      0.020684248761784062     0.01694502292110533      0.013822667134614258     0.011229508362470044     0.009087411195540195     0.0073275122530466275    0.005889794747249749     0.004722565019425637     0.003781888529406897     0.003031038893964038     0.002440011060445105     0.0019851494569652958    0.001648944838270509     0.001420060421785917     0.0012522301309172597    0.0011023924587048243    9.688932068485642E-4     8.501905683916276E-4     7.448531597571933E-4     6.515571816898192E-4     5.690828490005163E-4     4.963102254782484E-4     4.322145939116088E-4     3.7586148251215855E-4    3.264014587619592E-4     2.83064790386758E-4      2.451560612826442E-4     2.1204881822493895E-4    1.8318031241598584E-4    1.580463886624427E-4     1.3619656442268626E-4    1.172293312784925E-4     1.0078770265459377E-4    8.655502388058349E-5     7.425105396874464E-5     6.362832274485926E-5     5.446876216961421E-5     4.658060676170586E-5     3.979555490487306E-5     3.396618040817208E-5     2.896358190777846E-5     2.467525646599597E-5     2.100318295852578E-5     1.786210046856753E-5     1.5177966855758294E-5    1.2886582875000627E-5    1.0932367626042268E-5    9.26727166419297E-6      7.84981474075087E-6      6.644235805554056E-6     5.619743505891879E-6     4.749855808401118E-6     4.011817272435887E-6     3.3860813432803656E-6    2.8558416175111953E-6    2.406587839605177E-6     2.025644074904894E-6     1.7016067321294715E-6    1.423514825440645E-6     1.1794030583620367E-6    9.535018440998785E-7     7.205281594323347E-7     4.3377211732407163E-7    0
% Data
% c (mol/m^3) @ t=1000, u1=0.01, u2=0.05
1                         0.9795140864207127       0.9567975657866371       0.9318887744782783       0.9048569358591351       0.8758023946611634       0.8448561334728388       0.8121785441578291       0.7779574498183954       0.7424053977128976       0.7057562694761098       0.668261281037913        0.6301844696153915       0.591797787803022        0.553375943823708        0.5151911412107278       0.47750787950179585      0.44057797912126784      0.4046359880150053       0.3698951146923909       0.3365438124714037       0.3047431137213412       0.2746247819950931       0.24629031575876134      0.21981080186551116      0.1952275820441525       0.17255366354357698      0.15177577758504368      0.1328569679822922       0.11573957827303183      0.10034849946910336      0.08659454197385133      0.07437780365878463      0.0635909203869905       0.05412210393644905      0.04585789366832796      0.03868557076620215      0.03249520595982123      0.02718133212747158      0.022644251167851244     0.01879099953380377      0.015536008668219877     0.01280150543463286      0.010517703910375717     0.008622844228176482     0.007063137275410165     0.005792676846266044     0.004773384207017765     0.003975054930855661     0.0033755852643497183    0.0029614662038758453    0.0026527433768463293    0.0023723999325507444    0.0021183279454028417    0.0018885128230346538    0.0016810371342319717    0.0014940832329089983    0.001325934751200185     0.0011749770482088597    0.0010396967107860597    9.186802091117615E-4     8.106118130985633E-4     7.142708760830153E-4     6.285285903000986E-4     5.523443146571849E-4     4.847615697396221E-4     4.249037881794841E-4     3.7196990086340676E-4    3.25229831271066E-4      2.840199618088747E-4     2.4773862757759195E-4    2.1584168478868654E-4    1.8783819318221118E-4    1.6328624441977886E-4    1.4178896161618087E-4    1.2299068898751156E-4    1.0657338506105476E-4    9.225322801908687E-5     7.977743752339648E-5     6.892131376355489E-5     5.9485491452336086E-5    5.1293404009751155E-5    4.418895117843135E-5     3.803436173356813E-5     3.270824171076687E-5     2.810379756485958E-5     2.412722271755373E-5     2.0696234740728283E-5    1.773874835433055E-5     1.5191665279890858E-5    1.2999753279386527E-5    1.1114568209931666E-5    9.493333732055438E-6     8.097610585609336E-6     6.89141325833762E-6      5.838066257181173E-6     4.894325433590397E-6     3.998683493359985E-6     3.04741660011409E-6      1.8448969662783976E-6    0
% Data
% c (mol/m^3) @ t=1100, u1=0.01, u2=0.05
1                         0.9816844751819136       0.9613607236136388       0.9390462788119912       0.914783685707174        0.8886410242238487       0.8607119093671646       0.8311149386009755       0.7999925723047029       0.7675094497202913       0.7338501605271506       0.6992165103775007       0.6638243366660902       0.627899947718286        0.5916762736605192       0.5553888297111892       0.5192716017905651       0.4835529696003891       0.4484517832283487       0.4141737056418854       0.3809079251233122       0.34882432897716964      0.31807121317138193      0.28877358265567393      0.2610320748486181       0.23492251528593905      0.2104960908765186       0.187780103853119        0.16677924951371007      0.14747734426464723      0.12983941811023297      0.11381407810364277      0.09933604657070427      0.08632877999397034      0.0747070808467373       0.06437962469408767      0.05525133766225589      0.04722557397403717      0.04020605872679117      0.03409857661659318      0.028812402212135452     0.024261481181683784     0.020365384325298483     0.0170500673371757       0.014248479105739061     0.011901070426670178     0.009956263789942715     0.008370954067120514     0.007111120227211305     0.006152640472759442     0.00548241827550863      0.004975794448032287     0.004509134266610748     0.004080084447499892     0.0036863420565359088    0.0033256633589179812    0.00299587161609487      0.0026948638006428546    0.0024206162215334504    0.0021711890718823924    0.001944729928783377     0.0017394762499183137    0.0015537569241696565    0.001385992943410133     0.0012346972700677094    0.001098473980087243     9.760167637184371E-4     8.661068673762432E-4     7.676105588941336E-4     6.794761960851885E-4     6.007309749052898E-4     5.304774289343712E-4     4.678897465990413E-4     4.122099667769228E-4     3.6274410735058656E-4    3.18858275092674E-4      2.799747991131327E-4     2.455684241078872E-4     2.15162593913616E-4      1.883258504690033E-4     1.646683682582599E-4     1.4383863969224313E-4    1.2552032266129883E-4    1.0942925762620048E-4    9.5310657985496E-5       8.293647382842485E-5     7.210292505917974E-5     6.26281942520418E-5      5.43502603949502E-5      4.7124837623233366E-5    4.082334928324684E-5     3.533079885933856E-5     3.054325744710908E-5     2.6364393836383096E-5    2.2699864861002714E-5    1.9447123125136062E-5    1.647558888188392E-5     1.3586731066806796E-5    1.0432432461967757E-5    6.346933842503842E-6     0
% Data
% c (mol/m^3) @ t=1200, u1=0.01, u2=0.05
1                         0.9835219043748703       0.9652265115452695       0.9451169104514577       0.9232166503347065       0.8995703993266029       0.8742442153301836       0.8473254017260768       0.8189219305102983       0.7891614267885536       0.7581897207956415       0.7261689863910581       0.6932754978608601       0.6596970493495277       0.6256300928525209       0.5912766609212009       0.5568411485932487       0.5225270351398207       0.4885336296645793       0.4550529251437291       0.42226664301913913      0.39034354493797857      0.3594370798029203       0.3296834232337233       0.3011999532630771       0.2740841911459783       0.24841322020885337      0.2242435794335096       0.2016116127275277       0.18053424033001633      0.16101010623063572      0.14302104542149602      0.12653380768668684      0.11150197071478987      0.0978679746564264       0.08556521271599943      0.07452011767456908      0.06465419197229898      0.05588593863708409      0.04813266140565237      0.04131211434273397      0.03534399369019583      0.03015127724499224      0.025661429078124503     0.021807499818310244     0.01852916513404555      0.015773757697332826     0.013497361167125637     0.011666049056998022     0.010257367287450737     0.009262177342454598     0.00850098359368364      0.0077912519067670875    0.007130649442408941     0.006516838692945316     0.005947488860215451     0.005420286701716005     0.004932946736405172     0.004483220718582601     0.004068906306191493     0.00368785486809923      0.003337978392889737     0.0030172554789861658    0.00272373640213045      0.0024555472710695867    0.0022108932955080957    0.0019880612018298477    0.0017854208416889757    0.001601426046301537     0.0014346147851749       0.0012836086921742867    0.0011471120243659112    0.001023910120140902     9.128674228795585E-4     8.129251350373857E-4     7.230985652021813E-4     6.424742275615467E-4     5.70206749500898E-4      5.05515638878284E-4      4.4768195803088093E-4    3.960449468703143E-4     3.4999863259454073E-4    3.0898845859832924E-4    2.725079600138341E-4     2.4009550767231847E-4    2.1133113547547276E-4    1.8583345674702233E-4    1.6325666005824097E-4    1.432875479819647E-4     1.256425302421863E-4     1.1006437908838154E-4    9.631834459820463E-5     8.418679847938741E-5     7.346069610581368E-5     6.392434536348184E-5     5.532627992145488E-5     4.732147490736729E-5     3.935467043005377E-5     3.0422924740606492E-5    1.8590855498878173E-5    0
% Data
% c (mol/m^3) @ t=0, u1=0.03, u2=0.01
1                         -5.069401922627006E-8    2.7246567094188487E-15   3.421885013855474E-20    5.1055724537484214E-26   5.831756625091721E-32    5.952280712584855E-38    5.707686170230676E-44    5.259823408206141E-50    4.715343799709759E-56    4.14254379254591E-62     3.583377428229418E-68    3.061969515607267E-74    2.590604286519628E-80    2.1739009194870286E-86   1.8116935220209757E-92   1.5009909045015886E-98   1.2372872974979317E-104  1.0154190658112744E-110  8.301070463814487E-117   6.762838972051438E-123   5.4927673508837335E-129  4.448943684386888E-135   3.5945339279053517E-141  2.8976669064285215E-147  2.3311027459801798E-153  1.8717906380390612E-159  1.5003845343101416E-165  1.2007596339520303E-171  9.595550075739423E-178   7.657559814752061E-184   6.10322240353532E-190    4.858627504352476E-196   3.863556702338674E-202   3.069097752094034E-208   2.435631351451682E-214   1.9311454284521324E-220  1.5298328945491472E-226  1.2109317279821012E-232  9.57770159066527E-239    7.569840199453893E-245   5.9787761119089665E-251  4.7190349920465466E-257  3.7224036910297785E-263  2.934513637468012E-269   2.312082303083464E-275   1.8206908710919974E-281  1.4329974600798567E-287  1.1273031703746532E-293  8.864032221067381E-300   6.943602895645256E-306   4.86704555495E-312       3.38982E-318             0                        0                        0                        0                        0                        0                        0                        0                        0                        0                        0                        0                        0                        0                        0                        0                        0                        0                        0                        0                        0                        0                        0                        0                        0                        0                        0                        0                        0                        0                        0                        0                        0                        0                        0                        0                        0                        0                        0                        0                        0                        0                        0                        0                        0                        0                        0                        0
% Data
% c (mol/m^3) @ t=100, u1=0.03, u2=0.01
1                         0.9235571163098389       0.8264881276084328       0.7135636185703761       0.5920086974692058       0.47035036171483574      0.35687434017390113      0.25811042339441975      0.17780906013675302      0.11671168642830282      0.07309703052921675      0.043782167371927354     0.025151134428576104     0.01390218984125292      0.007418795922415708     0.0038348872257307175    0.001926290641814085     9.430390971366353E-4     4.511881461109713E-4     2.1148291483943493E-4    9.732891832587326E-5     4.406689116861438E-5     1.966278638328913E-5     8.65984509500045E-6      3.769631205952999E-6     1.6237986593476015E-6    6.928970510390414E-7     2.9316513004018635E-7    1.2308886113819398E-7    5.1321785114124245E-8    2.126367377054043E-8     8.759379301602435E-9     3.589416399692836E-9     1.4638023934470985E-9    5.943202450193525E-10    2.4032051972903336E-10   9.681218327985782E-11    3.886515202819198E-11    1.555220019379728E-11    6.204737185899798E-12    2.4685639176139585E-12   9.795703963396818E-13    3.8776674926420393E-13   1.5314958231878305E-13   6.035762992012817E-14    2.3739687203489862E-14   9.319514564756458E-15    3.651882519038971E-15    1.4280075673264933E-15   5.553888579584615E-16    2.0796802460669867E-16   7.301364056771674E-17    2.5598016500112756E-17   8.962588945669695E-18    3.134103519394689E-18    1.0946411978238536E-18   3.8188532116326176E-19   1.330820194017319E-19    4.632890988114966E-20    1.6112048229223076E-20   5.5980123099713825E-21   1.94320528002934E-21     6.73940438357376E-22     2.335380504639904E-22    8.086144387787422E-23    2.797606463580819E-23    9.671767805574724E-24    3.34126806562357E-24     1.1534916402252414E-24   3.97947791810532E-25     1.372007665801576E-25    4.7273255625607934E-26   1.6278420891875038E-26   5.6021613066324176E-27   1.926876492885455E-27    6.623919312159661E-28    2.275865798576613E-28    7.815485212070255E-29    2.682562250963238E-29    9.203114220409786E-30    3.1558564026769E-30      1.0816906480571902E-30   3.7059373683248317E-31   1.2691347277801038E-31   4.34447491167632E-32     1.486592073601355E-32    5.08482626383226E-33     1.738580674018143E-33    5.942270946748248E-34    2.0302672089721434E-34   6.934277300201803E-35    2.3675568284748188E-35   8.080804792029855E-36    2.7571946750048996E-36   9.404636147398416E-37    3.206845462398977E-37    1.0930580154571444E-37   3.721309512316065E-38    1.255672998928089E-38    3.8765100604007625E-39   0
% Data
% c (mol/m^3) @ t=200, u1=0.03, u2=0.01
1                         0.9684198249109268       0.9268338871396123       0.8750793175163746       0.8136823821586275       0.743898956082434        0.6676688154033175       0.5874788148236637       0.5061456319232868       0.4265451375382402       0.3513287304017912       0.2826728870193358       0.2221035287929592       0.17042132572432964      0.12773154952189786      0.09355958900607575      0.06701796094434707      0.04698655124895707      0.03227411788747828      0.021741446821320818     0.014379760891459963     0.009348214876858238     0.00598002312695457      0.0037683265256339624    0.0023416675466930654    0.001436394445770517     8.705889809182362E-4     5.218427414957854E-4     3.0961736752569834E-4    1.8197773732043444E-4    1.060334362034675E-4     6.129150422745556E-5     3.5169775587708045E-5    2.004511589823457E-5     1.1354156605510091E-5    6.3948042045579725E-6    3.5828336702345525E-6    1.9977329280156294E-6    1.1089922476108914E-6    6.131326961010539E-7     3.3771989601908167E-7    1.8538052257746159E-7    1.0143658667570632E-7    5.534208432979953E-8     3.011229362027614E-8     1.6343476293541765E-8    8.849458989266285E-9     4.779988516493341E-9     2.5728287750994438E-9    1.3718167860133601E-9    7.024916004708744E-10    3.414752653041893E-10    1.6573207954269417E-10   8.032091058588168E-11    3.887468560694858E-11    1.879140626923977E-11    9.07278146226273E-12     4.375645271093715E-12    2.1081102249055145E-12   1.014660469122289E-12    4.879203013037925E-13    2.3442304621721306E-13   1.1253711223976414E-13   5.398268057830259E-14    2.587581648503795E-14    1.2394557167659194E-14   5.933084102989498E-15    2.8382891821881297E-15   1.3569771798455865E-15   6.483961435181642E-16    3.0965041268903606E-16   1.4780083668663138E-16   7.0512489327342E-17      3.3623926449553854E-17   1.602628087660304E-17    7.635319182361459E-18    3.636130442253425E-18    1.7309190407572143E-18   8.236560824735349E-19    3.917899943024339E-19    1.8629667749083536E-19   8.855374754187382E-20    4.2078889060673324E-20   1.9988591880783258E-20   9.492172317091362E-21    4.50628978217814E-21     2.138686300450257E-21    1.014737451544696E-21    4.813299426594796E-22    2.282540121520816E-22    1.0821410689099679E-22   5.1291165596304855E-23   2.430508794250738E-23    1.1514579843290115E-23   5.4536123793561465E-24   2.5818940968118887E-24   1.2208464349128278E-24   5.7421910192516075E-25   2.6304050278178716E-25   1.037780690026634E-25    0
% Data
% c (mol/m^3) @ t=300, u1=0.03, u2=0.01
1                         0.9837127248442392       0.9619763727992331       0.9342557040185466       0.9002133329917471       0.8597647244665484       0.8131195927918343       0.7608030399706448       0.7036512582391448       0.6427791668880745       0.5795207130890793       0.5153462930651245       0.4517652291451209       0.3902237931827598       0.3320103047751037       0.27817801108448076      0.22949381717528006      0.18641695640086076      0.14910718674887274      0.11745801378919782      0.09114756909782253      0.06969854310349997      0.05253896510289227      0.03905725204454467      0.028647229895384527     0.0207411867725341       0.014831008917453111     0.010478846103554077     0.007319510019094947     0.005057019640631397     0.0034575299710717677    0.0023404823341634986    0.0015693362548735415    0.0010427829066055345    6.869536578159662E-4     4.4884565754453376E-4    2.90987903555072E-4      1.872514826913274E-4     1.196476098684005E-4     7.593802512809863E-5     4.788852180341385E-5     3.001603270168885E-5     1.8704686196543495E-5    1.1591535263122531E-5    7.14552562836749E-6      4.382521870525489E-6     2.674625096023704E-6     1.623884350552994E-6     9.793421341190787E-7     5.827139497230011E-7     3.3234578360641903E-7    1.804820318701005E-7     9.763270506244038E-8     5.261971486744028E-8     2.8259433840233583E-8    1.5125376843030216E-8    8.06935795859454E-9      4.2916130182010774E-9    2.2756550454969843E-9    1.2032311742053013E-9    6.344510333481927E-10    3.3365719090573315E-10   1.7502524006397007E-10   9.158847360900398E-11    4.7814636055757054E-11   2.490569585830339E-11    1.2944648900052758E-11   6.713821849283309E-12    3.4751197337872633E-12   1.7952339072006386E-12   9.2566323421308E-13      4.764240480780893E-13    2.4477647951333166E-13   1.2554703390266112E-13   6.42877507788481E-14     3.286685428917663E-14    1.6777153062802662E-14   8.551252157856533E-15    4.352238097551736E-15    2.212006272045499E-15    1.1227143966640544E-15   5.690876054409745E-16    2.8809305049532237E-16   1.4566206884477176E-16   7.355898870228172E-17    3.710355505218031E-17    1.8693908201120662E-17   9.408128432337575E-18    4.7297492200426E-18      2.3752941954335245E-18   1.1916624523260392E-18   5.972513446623072E-19    2.9904682675467325E-19   1.4959089052543294E-19   7.475530552898557E-20    3.731242350573027E-20    1.85808175279096E-20     9.184764895002062E-21    4.399855319183421E-21    1.7946461336654618E-21   0
% Data
% c (mol/m^3) @ t=400, u1=0.03, u2=0.01
1                         0.9906886990071933       0.9781768087238367       0.9620200087002928       0.9418270919186009       0.9172895018182002       0.8882101501365103       0.8545290523268583       0.8163432241401294       0.7739184567859223       0.7276910541218349       0.6782583623817656       0.6263578977119363       0.5728359839861348       0.5186079235946736       0.4646126891256197       0.41176579966527926      0.3609143167851955       0.31279770098579573      0.26801761950885067      0.22701877687994004      0.19008160023751625      0.15732633920075664      0.12872702127431737      0.10413288774240782      0.08329450623349492      0.06589172431239565      0.05156093617856724      0.039919678916329956     0.030587234960518957     0.023200580545272343     0.01742559895775902      0.012963919938240205     0.00955603399967029      0.006981471441341469     0.00505685667034577      0.003632583383462822     0.0025887396852356756    0.001830773914797602     0.0012852540149867438    8.959500681081551E-4     6.203686115645056E-4     4.267906999608114E-4     2.9181200067105595E-4    1.983490807907605E-4     1.3405721741276393E-4    9.009724951121092E-5     6.0188266214412535E-5    3.988581515083067E-5     2.6028529900791034E-5    1.6295861036305575E-5    9.764037312598942E-6     5.826843614153289E-6     3.4642641932016947E-6    2.052494908516641E-6     1.2121721866688555E-6    7.137949200383174E-7     4.1920203600806325E-7    2.455987165746513E-7     1.4357922734145245E-7    8.377759576917372E-8     4.8802338484391194E-8    2.8387884853573787E-8    1.6493222489192366E-8    9.573161174945547E-9     5.552344093553793E-9     3.218535998325106E-9     1.86503439566859E-9      1.0805440224514054E-9    6.260379384423216E-10    3.627698446729575E-10    2.1027991886850704E-10   1.2194330376211298E-10   7.075588090475742E-11    4.1082396084944775E-11   2.387124684990402E-11    1.3881978162823519E-11   8.079952348886965E-12    4.707230129242988E-12    2.7449428717119743E-12   1.6022082746905582E-12   9.361035468854372E-13    5.474507047108921E-13    3.204611015690874E-13    1.877605481237187E-13    1.1010797571076695E-13   6.462536312587636E-14    3.796116722761014E-14    2.2315654816245624E-14   1.3127840044338676E-14   7.728037513633342E-15    4.552116770186647E-15    2.682830560592343E-15    1.5817901915151375E-15   9.32678081651546E-16     5.494228840175381E-16    3.223352197697659E-16    1.8641652769276503E-16   1.025726501884995E-16    4.6232003846941586E-17   0
% Data
% c (mol/m^3) @ t=500, u1=0.03, u2=0.01
1                         0.9944242875148648       0.9868962072738308       0.9770908654391067       0.9646876566863198       0.9493847168077219       0.9309149545102189       0.9090628805781604       0.8836812452593356       0.8547063366738105       0.8221707110228538       0.7862121435572728       0.7470777252352877       0.7051222905622612       0.66080073954291         0.6146542863692802       0.5672911877977935       0.5193630195198047       0.4715380159748415       0.42447330645433057      0.37878801892541336      0.3350391561900137       0.2937018794095579       0.2551553948189598       0.2196750893644296       0.1874309740134226       0.1584919454524763       0.1328349323306676       0.11035769433950478      0.09089390835605844      0.07422919741100432      0.060116907214114924     0.048292671253226976     0.03848708548995372      0.030436097572667097     0.02388897208105701      0.01861390230855105      0.014401491018003924     0.011066417151947191     0.008447648901187346     0.0064075659343012965    0.00483032647182883      0.0036197693036858426    0.002697086169861427     0.0019984431891659172    0.0014726756636050035    0.0010791303467785696    7.856819928510816E-4     5.669020068272603E-4     4.0229644450410427E-4    2.74440013165868E-4      1.8011835128820393E-4    1.176999176881861E-4     7.659300948535658E-5     4.9645527666873605E-5    3.205742748887742E-5     2.062579442786806E-5     1.3225091267151329E-5    8.452045791232685E-6     5.384758102182211E-6     3.4203829257931423E-6    2.166444155173721E-6     1.3684904498061595E-6    8.622081679536129E-7     5.418893332584693E-7     3.3977133720277276E-7    2.1256303890838852E-7    1.326962315241474E-7     8.266888054870813E-8     5.14018669082817E-8      3.190126241197991E-8     1.9763591919501635E-8    1.2223287115479325E-8    7.54757879082548E-9      4.653251749450208E-9     2.864605879392001E-9     1.7610080495127698E-9    1.081118291470651E-9     6.628670490336011E-10    4.0592484397710954E-10   2.4828714888947544E-10   1.5169613523560485E-10   9.258222413200837E-11    5.644605867036034E-11    3.438045796573431E-11    2.092087591226892E-11    1.2719073568275907E-11   7.726002620540867E-12    4.689142142300374E-12    2.8437106573019447E-12   1.723230231440626E-12    1.0434588961129033E-12   6.313618279545671E-13    3.8169366335030517E-13   2.3048553903251143E-13   1.388673690733047E-13    8.3197566956816E-14      4.903022774507541E-14    2.7400263217547963E-14   1.248051747798135E-14    0
% Data
% c (mol/m^3) @ t=600, u1=0.03, u2=0.01
1                         0.9965164332455531       0.9917982192922907       0.9856176488984153       0.9777373368824328       0.9679169178713125       0.9559211419232783       0.9415291734021756       0.9245447772603873       0.9048069586979739       0.8822005159454761       0.8566658838320922       0.8282076001101033       0.796900728121676        0.762894626251773        0.7264135700659285       0.6877539045268369       0.6472776219685102       0.6054025106581007       0.5625892771936413       0.5193262884106701       0.47611277888577774      0.4334415052203418       0.39178188095814187      0.3515645882367779       0.3131685368770088       0.2769108421430157       0.2430402414189094       0.21173409577919683      0.1830988545909582       0.15717362677723337      0.13393632176365777      0.1133117084619467       0.09518069481528184      0.07939014808516659      0.06576264556617835      0.05410565142979783      0.044219741466094205     0.0359056282645447       0.028969862178865224     0.023229189077901637     0.018513628835110495     0.014668396356751314     0.011554819582868381     0.009050417297989163     0.007048284351897831     0.005455891315559017     0.004193333035649551     0.003190940323637501     0.0023859697182627916    0.001717749459466076     0.0011936518177140245    8.254006195011033E-4     5.680682375355827E-4     3.891894028146327E-4     2.6547245536399423E-4    1.8032093590445648E-4    1.2198558596431783E-4    8.219990152601969E-5     5.518189616216368E-5     3.691000405941674E-5     2.4602027885317627E-5    1.634300536677325E-5     1.0821308365313283E-5    7.142741611449538E-6     4.700411182506749E-6     3.084174621112173E-6     2.017989146205806E-6     1.3167950929107582E-6    8.569946092340503E-7     5.563368723860102E-7     3.6027590395382766E-7    2.3275897358729504E-7    1.5003281666348646E-7    9.649572509638217E-8     6.19304019963612E-8      3.9664728878985966E-8    2.5353584809075693E-8    1.6174725017296422E-8    1.029969395120677E-8     6.546780457488798E-9     4.1540566278889595E-9    2.631372781707945E-9     1.6641056163142136E-9    1.0507278597464414E-9    6.62417663171621E-10     4.169907794030134E-10    2.6211605847172136E-10   1.6453269655182444E-10   1.031382301605713E-10    6.456706285657208E-11    4.0367841642972886E-11   2.5205004881102663E-11   1.571498003774561E-11    9.779935788822613E-12    6.067246288641588E-12    3.7375469649557565E-12   2.2592433512883143E-12   1.2895351004654803E-12   5.958705701912463E-13    0
% Data
% c (mol/m^3) @ t=700, u1=0.03, u2=0.01
1                         0.9977568879893052       0.9947120046282552       0.9907073579169705       0.9855727849713828       0.9791288609738701       0.971190736649935        0.9615728922011177       0.9500947399563898       0.9365869459882631       0.9208982760777132       0.9029027081930279       0.8825064973309431       0.8596548348329645       0.8343377187598646       0.806594649577976        0.7765177900174376       0.7442532813595762       0.7100004900399915       0.6740090649938993       0.636573811452696        0.5980275221666347       0.558732041555611        0.5190679603710747       0.47942343664157755      0.4401827031556641       0.401714845612645        0.3643634158712598       0.3284373829232152       0.2942038261623443       0.26188265074683115      0.23164346538076655      0.2036046216500422       0.17783428347938524      0.1543532856316857       0.1331394586811389       0.11413304820435975      0.09724283810072576      0.08235259886109288      0.06932751568980185      0.058020301458870736     0.048276757456321095     0.039940602281665495     0.032857437134120135     0.026877744182450126     0.02185881113383878      0.017665421413323883     0.014169016824050114     0.011244780582832622     0.00876562314794954      0.006591246751454061     0.004797880850571456     0.0034741823156505492    0.002502935369512688     0.0017943649833567171    0.0012802770247830398    9.092739377097507E-4     6.42904601577452E-4      4.5260622538720606E-4    3.173041774187074E-4     2.2154877595241171E-4    1.5408353766460312E-4    1.0675532151864517E-4    7.369201609700354E-5     5.0687205584792684E-5    3.4743286725231654E-5    2.3734715565288535E-5    1.6161514006629015E-5    1.097002594263824E-5     7.423386318096901E-6     5.008469017257549E-6     3.36941692585857E-6      2.2604155881528604E-6    1.5123114715996378E-6    1.0091320085474167E-6    6.716478872697965E-7     4.459172200000893E-7     2.953361522246284E-7     1.9514549692402657E-7    1.2864968989148663E-7    8.462427759179393E-8     5.5544875364770644E-8    3.6381588311243245E-8    2.3781152756587353E-8    1.5513930103640612E-8    1.0101170265968986E-8    6.5645491391204075E-9    4.258366129622243E-9     2.7574423021834643E-9    1.7824362435651312E-9    1.1502206838784325E-9    7.409951658109256E-10    4.765439112418491E-10    3.0589512587353514E-10   1.958816299583771E-10    1.2493703595885382E-10   7.901907724476051E-11    4.8921830169101057E-11   2.848168274256358E-11    1.3337652151848498E-11   0
% Data
% c (mol/m^3) @ t=800, u1=0.03, u2=0.01
1                         0.9985239084369374       0.9965168217056541       0.9938690523149413       0.9904598329772619       0.9861584178556755       0.9808257487402271       0.9743167219394345       0.9664830679135602       0.9571768266142512       0.946254368023932        0.9335808709176854       0.9190351353179415       0.9025145678477554       0.8839401469226534       0.8632611493392266       0.8404594041617972       0.8155528364143401       0.7885980739077306       0.7596919166678907       0.7289715098768308       0.6966131167300397       0.6628294545580649       0.6278656321090691       0.5919938031547181       0.5555067259975549       0.5187104842614432       0.48191667613712263      0.4454344125649957       0.4095624766416199       0.3745819856249628       0.34074986406736113      0.3082933845404632       0.2774059654950977       0.2482443395398832       0.22092712587703422      0.19553476370578737      0.1721106941913507       0.1506636208195396       0.13117063349196448      0.11358095022758803      0.09782000891464454      0.08379362422927186      0.0713919017134591       0.06049255671801545      0.0509631968468057       0.04266195606139933      0.035435559210521154     0.029113356294800965     0.02349495123899818      0.01832752967528774      0.013877771130886276     0.010451481372979824     0.00782967048410091      0.005835526772121261     0.0043276220707031965    0.0031938264056437394    0.0023459803419759212    0.0017153202639493906    0.0012486161015389853    9.049591539484445E-4     6.531264180897718E-4     4.694443306397914E-4     3.360766615929848E-4     2.3966652106761669E-4    1.702695773592611E-4     1.2052354861218336E-4    8.500707078832854E-5     5.974867327155191E-5     4.1853524735917E-5       2.9221707356724532E-5    2.0337000693918412E-5    1.4109537774433952E-5    9.75930475877766E-6      6.730381891756703E-6     4.62816364375106E-6      3.1736444062388196E-6    2.170299900960496E-6     1.4802107396984328E-6    1.0069295785082894E-6    6.83242550745084E-7      4.6246470496491896E-7    3.122747875045219E-7     2.103661281705257E-7     1.4139054826503063E-7    9.481890104766028E-8     6.344872534083426E-8     4.236691725222567E-8     2.8231118034926283E-8    1.8773517658150567E-8    1.2459314496242026E-8    8.25234078307833E-9      5.454693985087685E-9     3.5973017580159154E-9    2.3654177235892914E-9    1.5479764089179427E-9    1.003155284289275E-9     6.348426909731745E-10    3.763005007484246E-10    1.783471595478346E-10    0
% Data
% c (mol/m^3) @ t=900, u1=0.03, u2=0.01
1                         0.9990124468145027       0.997667837367838        0.9958897280614352       0.993592589996277        0.9906820700609683       0.9870555809883761       0.982603260537           0.9772093308545862       0.9707538766190255       0.9631150448101168       0.9541716502650245       0.943806150089955        0.9319079273896702       0.9183768017421411       0.9031266617187682       0.8860890950253726       0.8672168760874115       0.8464871606653979       0.823904233747511        0.7995016616190979       0.7733437123242887       0.7455259308470948       0.7161747857603014       0.6854463416708465       0.6535239547351084       0.6206150344642752       0.5869469612012342       0.5527622920117234       0.5183134252922496       0.48385692342517217      0.4496477110972748       0.41593337296040994      0.38294876753635393      0.3509111549469708       0.3200160053191165       0.29043361435435233      0.26230660468454636      0.23574833827005673      0.2108422075739471       0.18764171148074632      0.16617115343644712      0.14642671781655067      0.1283775740811094       0.11196650611514367      0.09710933222424813      0.0836920150935899       0.07156377480688599      0.06052357780426113      0.05029587279141104      0.040489061229130915     0.031720956980729915     0.02471571982789551      0.019154718297212492     0.014767594357942997     0.011327394067935684     0.008645500757380754     0.006566631254800247     0.004964079232131915     0.0037353256393621945    0.0027980845789755612    0.002086813124173791     0.0015496842496025784    0.0011460016714126553    8.440223534396176E-4     6.191451546377523E-4     4.5242114426885787E-4    3.2934126715712913E-4    2.388592873584579E-4     1.726114707502383E-4     1.2429867324807877E-4    8.92009359245804E-5      6.379904347109386E-5     4.548158017706914E-5     3.231970381197745E-5     2.289509996244572E-5     1.6169368033754484E-5    1.1385444125771445E-5    7.993621255253507E-6     5.59632862210767E-6      3.907126483956709E-6     2.7204085003554647E-6    1.889122658639826E-6     1.3084640656811498E-6    9.039918703049607E-7     6.230071574472253E-7     4.2832281442797383E-7    2.9377977262176585E-7    2.0103255964577798E-7    1.3725343162789586E-7    9.349848945200875E-8     6.354892241569991E-8     4.3091903850056403E-8    2.91433127806271E-8      1.964188934382876E-8     1.3164296631134612E-8    8.724829967818647E-9     5.633633464262117E-9     3.394287721403723E-9     1.6262227632789813E-9    0
% Data
% c (mol/m^3) @ t=1000, u1=0.03, u2=0.01
1                         0.9993374653331598       0.998434287369615        0.9972373110524541       0.9956862517178267       0.9937135632755815       0.9912444872573017       0.9881973163937616       0.9844839041580599       0.9800104475645346       0.9746785642842006       0.9683866767529513       0.961031705452413        0.9525110611148742       0.9427249115751509       0.9315786838560969       0.9189857464811114       0.904870201750152        0.8891697037032805       0.871838205706288        0.8528485330179464       0.8321946712726295       0.8098936623351594       0.7859870050404674       0.7605414702095405       0.7336492569675115       0.7054274403088736       0.676016687168674        0.6455792486754477       0.6142962681438925       0.5823644758200281       0.5499923703920259       0.5173960118027434       0.4847945680620829       0.4524057689279137       0.42044142018524977      0.3891031227765478       0.35857832034242526      0.3290367657908924       0.3006274506255024       0.2734759767527476       0.24768226348386982      0.22331836206416256      0.20042597872678028      0.17901305621718971      0.15904838708737723      0.14045265797371886      0.12308344160475611      0.10671029292684925      0.09097401074406405      0.0753209106903888       0.060854804472544        0.04891206576753882      0.039114223895125144     0.031124753243607365     0.02464811170371784      0.01942768709638221      0.015243003170555307     0.011906479102028269     0.009259979191720846     0.007171335789967482     0.005530980396191803     0.004248776503970848     0.0032511134490517185    0.002478293101396169     0.001882220184864312     0.0014243915540578696    0.00107416904974641      8.07313720370282E-4      6.047554115144695E-4     4.515702458752598E-4     3.361387044186813E-4     2.494583460814616E-4     1.8458724576663163E-4    1.3619666290362692E-4    1.0021403438751925E-4    7.35399459227465E-5      5.382516136731646E-5     3.929601172393305E-5     2.8618428419818474E-5    2.0792637943091812E-5    1.507202170622679E-5     1.0900901670466905E-5    7.867060333639551E-6     5.665667501897877E-6     4.071990705816214E-6     2.9208350872635204E-6    2.0911141043808744E-6    1.4943141541848481E-6    1.065901345339868E-6     7.589418176143943E-7     5.393805031143506E-7     3.825572368751164E-7     2.706419568613183E-7     1.9074907103133247E-7    1.3355021082364515E-7    9.224865323168448E-8     6.181077697732707E-8     3.837221972717303E-8     1.8750275126513914E-8    0
% Data
% c (mol/m^3) @ t=1100, u1=0.03, u2=0.01
1                         0.9995522336328487       0.9989411849628111       0.998129827563508        0.9970756996711659       0.9957306242923452       0.9940405219595582       0.9919453407946361       0.9893791290785694       0.9862702750718512       0.9825419371948992       0.9781126847032927       0.9728973645586256       0.9668082042424707       0.9597561528035544       0.9516524535726673       0.9424104319350483       0.9319474706350576       0.9201871337330729       0.9070613890730891       0.8925128685710048       0.8764970964760784       0.8589846086904436       0.8399628819268694       0.8194379905368283       0.7974359117070826       0.7740034066697631       0.74920841662438         0.7231399269787825       0.6959072717293591       0.6676388704672734       0.638480412481303        0.6085925243406791       0.5781479775813056       0.5473285099013615       0.5163213446322596       0.48531549698501175      0.45449794908241087      0.42404975577074566      0.3941421051115487       0.3649322946129185       0.33655948651715556      0.309139957115892        0.2827613317854395       0.2574749617046595       0.2332850926266897       0.21013271353085955      0.1878708224526435       0.16622611267903076      0.14473947491454497      0.12267380320044097      0.10169277082621675      0.08387787896342198      0.06884528733575891      0.05623672941390883      0.04572291545247876      0.03700531057560008      0.02981659258492065      0.023920078056938795     0.01910837926014344      0.01520152235589254      0.01204472250036834      0.00950597639774428      0.007473599455983412     0.005853804247567463     0.004568390238649176     0.003552592060754321     0.002753114975961379     0.002126371415844033     0.001636921192680021     0.0012561097409246403    9.608930679137676E-4     7.328345011512751E-4     5.572563729527082E-4     4.2252908674735815E-4    3.194802234375503E-4     2.4090718865056696E-4    1.8117814539963842E-4    1.3590744479446555E-4    1.0169332720393108E-4    7.590722199837228E-5     5.6525460333371775E-5    4.1995591018435574E-5    3.113073134737429E-5     2.302648342562562E-5     1.6995902190524886E-5    1.2518820594644967E-5    9.202530895058212E-6     6.751401375267295E-6     4.943488623062023E-6     3.612600057212183E-6     2.634582345875286E-6     1.9168701687524367E-6    1.3905365882978579E-6    1.0042498299889612E-6    7.196687873273941E-7     5.079068568369814E-7     3.4676507166593014E-7    2.1848366143851547E-7    1.0778707543930112E-7    0
% Data
% c (mol/m^3) @ t=1200, u1=0.03, u2=0.01
1                         0.9996944769507005       0.9992771737464412       0.9987221964778384       0.9979995856259524       0.9970750099531831       0.9959095028839893       0.9944592579681615       0.9926755013654354       0.9905044601821159       0.9878874457879494       0.9847610708049712       0.981057617158552        0.9767055703024259       0.9716303313921011       0.9657551147444081       0.9590020323978395       0.9512933610549047       0.942552979291498        0.9327079548826259       0.9216902537179735       0.9094385334338331       0.8958999769968833       0.8810321145057534       0.8648045759067698       0.8472007136102199       0.82821903254665         0.8078743663276985       0.7861987420452247       0.7632418828532015       0.73907130661347         0.7137719900863461       0.6874455806663096       0.6602091504370504       0.6321934989092773       0.6035410193067559       0.5744031461702983       0.544937395993034        0.5153039929701781       0.4856620322477449       0.4561650639294281       0.42695586883783465      0.3981600213289414       0.36987756514863196      0.34217172051356365      0.31505292770648097      0.28845561611465337      0.26220372317209617      0.23595896359128274      0.2091428579940049       0.18081912662444274      0.1532097704807559       0.12918530134037595      0.10840994788066781      0.09055218419363661      0.07529157089396094      0.06232392173509929      0.0513649642765615       0.04215268710633165      0.03444857598365206      0.028037939769228703     0.022729516887806587     0.01835453688220211      0.01476539163799022      0.011834048997386553     0.009450319271453287     0.007520063759499603     0.005963414607112726     0.004713057693236086     0.003712614996964982     0.0029151501252645796    0.0022818103071128954    0.0017806100006545814    0.0013853550786713878    0.001074702083670599     8.313439993520573E-4     6.413121020565439E-4     4.933824871552243E-4     3.785755923517291E-4     2.8973727480409504E-4    2.211905856242981E-4     1.6844819748390585E-4    1.2797637984786483E-4    9.700240679270491E-5     7.3358269742752E-5       5.535451377705265E-5     4.167889676665167E-5     3.1315371194278075E-5    2.3479602547601417E-5    1.7567864717109206E-5    1.311669474308199E-5     9.771151816291802E-6     7.2599152030397935E-6    5.375779712737061E-6     3.9603721619075055E-6    2.892123882698896E-6     2.0766971956050797E-6    1.439180543460804E-6     9.174377552264068E-7     4.5601835468253506E-7    0
% Data
% c (mol/m^3) @ t=0, u1=0.03, u2=0.03
1                         -5.069401922627006E-8    2.7246567094188487E-15   3.421885013855474E-20    5.1055724537484214E-26   5.831756625091721E-32    5.952280712584855E-38    5.707686170230676E-44    5.259823408206141E-50    4.715343799709759E-56    4.14254379254591E-62     3.583377428229418E-68    3.061969515607267E-74    2.590604286519628E-80    2.1739009194870286E-86   1.8116935220209757E-92   1.5009909045015886E-98   1.2372872974979317E-104  1.0154190658112744E-110  8.301070463814487E-117   6.762838972051438E-123   5.492767350883733E-129   4.448943684386887E-135   3.5945339279053517E-141  2.8976669064285215E-147  2.3311027459801796E-153  1.871790638039061E-159   1.5003845343101416E-165  1.2007596339520303E-171  9.595550075739422E-178   7.65755981475206E-184    6.103222403535319E-190   4.858627504352475E-196   3.863556702338674E-202   3.0690977520940336E-208  2.435631351451682E-214   1.9311454284521324E-220  1.5298328945491472E-226  1.2109317279821012E-232  9.57770159066527E-239    7.569840199453893E-245   5.9787761119089665E-251  4.719034992046546E-257   3.7224036910297785E-263  2.9345136374680116E-269  2.3120823030834638E-275  1.8206908710919974E-281  1.4329974600798567E-287  1.1273031703746532E-293  8.864032221067393E-300   6.966679351623884E-306   5.473086292567E-312      4.22776E-318             4.9E-324                 0                        0                        0                        0                        0                        0                        0                        0                        0                        0                        0                        0                        0                        0                        0                        0                        0                        0                        0                        0                        0                        0                        0                        0                        0                        0                        0                        0                        0                        0                        0                        0                        0                        0                        0                        0                        0                        0                        0                        0                        0                        0                        0                        0                        0                        0                        0
% Data
% c (mol/m^3) @ t=100, u1=0.03, u2=0.03
1                         0.9235571163098389       0.8264881276084328       0.7135636185703761       0.5920086974692058       0.47035036171483574      0.35687434017390113      0.25811042339441975      0.17780906013675302      0.11671168642830282      0.07309703052921675      0.043782167371927354     0.025151134428576104     0.01390218984125292      0.007418795922415708     0.0038348872257307175    0.0019262906418140854    9.430390971366354E-4     4.5118814611097135E-4    2.1148291483943498E-4    9.732891832587326E-5     4.406689116861438E-5     1.9662786383289127E-5    8.65984509500045E-6      3.769631205952999E-6     1.623798659347602E-6     6.928970510390417E-7     2.9316513004018635E-7    1.2308886113819403E-7    5.1321785114124245E-8    2.126367377054043E-8     8.759379301602435E-9     3.589416399692836E-9     1.4638023934470981E-9    5.943202450193525E-10    2.4032051972903336E-10   9.681218327985794E-11    3.886515202819243E-11    1.555220019379894E-11    6.204737185905957E-12    2.4685639176365953E-12   9.79570396422836E-13     3.8776674956938465E-13   1.5314958343774623E-13   6.035763401880269E-14    2.3739702201052727E-14   9.319569383211287E-15    3.6520826616243856E-15   1.4287374197100641E-15   5.580470590061302E-16    2.1763677717903674E-16   8.475601636726622E-17    3.296224784935393E-17    1.2802657767094601E-17   4.966465661260224E-18    1.9243489051960698E-18   7.447880088485633E-19    2.879491920878828E-19    1.1121255464316977E-19   4.2910706938649514E-20   1.654128959743455E-20    6.370620735371151E-21    2.4514252952664986E-21   9.425296185910977E-22    3.6209691525128794E-22   1.3900210122039825E-22   5.33208588734987E-23     2.0439203227056807E-23   7.829481997965958E-24    2.9971945642397107E-24   1.1466205627938753E-24   4.383862556605909E-25    1.675080175520081E-25    6.396823035486085E-26    2.441469627530784E-26    9.313316419084904E-27    3.550837977915157E-27    1.353124933807937E-27    5.153855437227111E-28    1.962096266516336E-28    7.466349122058012E-29    2.839893598461942E-29    1.0797103700110297E-29   4.103262483542658E-30    1.5587386962128722E-30   5.918944644927345E-31    2.246709561682633E-31    8.524832231006763E-32    3.233444241787601E-32    1.2259979497053633E-32   4.646896334015E-33       1.7607146661183547E-33   6.669165142558105E-34    2.5253060428445274E-34   9.559160485554718E-35    3.617334876862538E-35    1.3683318134978385E-35   5.170191872887716E-36    1.9368806224139734E-36   6.650191328064773E-37    0
% Data
% c (mol/m^3) @ t=200, u1=0.03, u2=0.03
1                         0.9684198249109268       0.9268338871396123       0.8750793175163746       0.8136823821586275       0.743898956082434        0.6676688154033176       0.5874788148236636       0.5061456319232868       0.4265451375382402       0.35132873040179113      0.2826728870193358       0.22210352879295917      0.17042132572432964      0.1277315495218979       0.0935595890060758       0.0670179609443471       0.046986551248957086     0.032274117887478304     0.021741446821320818     0.014379760891459967     0.009348214876858236     0.005980023126954572     0.0037683265256339615    0.002341667546693065     0.0014363944457705174    8.705889809182366E-4     5.218427414957852E-4     3.0961736752569823E-4    1.819777373204344E-4     1.0603343620346759E-4    6.129150422745586E-5     3.516977558770897E-5     2.0045115898237112E-5    1.135415660551692E-5     6.3948042045762905E-6    3.582833670283597E-6     1.997732928146832E-6     1.10899224796163E-6      6.131326970379887E-7     3.377198985200392E-7     1.8538052924793586E-7    1.0143660445197972E-7    5.5342131659830115E-8    3.0112419519050345E-8    1.634381085001662E-8     8.850347070987745E-9     4.78234325043628E-9      2.5790647350836152E-9    1.3883098556450588E-9    7.460525336917769E-10    4.002787150546076E-10    2.1444328171175165E-10   1.1472603387598111E-10   6.129854463830074E-11    3.271242475565246E-11    1.7437428401031822E-11   9.285157713340692E-12    4.939248057189105E-12    2.6249584087650792E-12   1.3937900646552345E-12   7.394471429501214E-13    3.9198691048422286E-13   2.0763902188048931E-13   1.0990977462804315E-13   5.81392339008744E-14     3.073424270322237E-14    1.623713873972113E-14    8.573198293291961E-15    4.524122630931511E-15    2.3861347473972326E-15   1.2578675238962169E-15   6.627714207007341E-16    3.4905233814952243E-16   1.8374844159432163E-16   9.668765423242598E-17    5.0855750683131607E-17   2.673854706885365E-17    1.4053057737034185E-17   7.383212609502812E-18    3.877638503538081E-18    2.035833353193326E-18    1.068502041180957E-18    5.606240161020271E-19    2.9406001789172853E-19   1.541958505098707E-19    8.083251344272365E-20    4.236236725328469E-20    2.2195194527355437E-20   1.1625883227154211E-20   6.088141065490136E-21    3.1874138807326683E-21   1.6683607436249856E-21   8.73051745791183E-22     4.567511581085711E-22    2.3886400223457845E-22   1.2477829761055883E-22   6.486307744702061E-23    3.288169724899958E-23    1.440639558338056E-23    0
% Data
% c (mol/m^3) @ t=300, u1=0.03, u2=0.03
1                         0.9837127248442393       0.9619763727992331       0.9342557040185467       0.9002133329917466       0.8597647244665482       0.8131195927918341       0.7608030399706447       0.7036512582391445       0.6427791668880742       0.5795207130890794       0.5153462930651246       0.4517652291451209       0.39022379318275985      0.3320103047751035       0.2781780110844807       0.22949381717528006      0.18641695640086078      0.14910718674887277      0.11745801378919786      0.09114756909782258      0.0696985431035          0.0525389651028923       0.03905725204454468      0.028647229895384537     0.020741186772534115     0.014831008917453125     0.010478846103554106     0.007319510019095014     0.005057019640631565     0.0034575299710721823    0.0023404823341645286    0.0015693362548761022    0.001042782906611892     6.869536578317237E-4     4.4884565758351397E-4    2.909879036513042E-4     1.8725148292840418E-4    1.1964761045119299E-4    7.59380265575176E-5      4.7888525301162736E-5    3.001604123980677E-5     1.8704706985802057E-5    1.1591585749696009E-5    7.145647900425687E-6     4.382817157911793E-6     2.675336110104103E-6     1.625591115163462E-6     9.83426030327258E-7      5.924531154399321E-7     3.5549049662063286E-7    2.1249031260090337E-7    1.2654898951719447E-7    7.510243446561557E-8     4.442105390597091E-8     2.6189276252756272E-8    1.5392706468165198E-8    9.020224666910037E-9     5.270863539128825E-9     3.0715439942934827E-9    1.7852056045958483E-9    1.0349512624194076E-9    5.985399076172027E-10    3.453402475926418E-10    1.9880142826424287E-10   1.141945896437868E-10    6.545744441140427E-11    3.744485745571004E-11    2.137841606106264E-11    1.2182550269384678E-11   6.92959752691015E-12     3.9346979638990534E-12   2.23035318112481E-12     1.2621728691797889E-12   7.131321705576119E-13    4.022992330340913E-13    2.266091283013174E-13    1.2746023958862002E-13   7.159133211376557E-14    4.015623307720383E-14    2.249416874102483E-14    1.2584277997949892E-14   7.031439526163275E-15    3.924039116060858E-15    2.187310678954472E-15    1.2178393682737666E-15   6.773072048522632E-16    3.762796691125146E-16    2.088227884362301E-16    1.157708762988936E-16    6.41190030612806E-17     3.5477363606896077E-17   1.9611149764400897E-17   1.0830492582294166E-17   5.975540479687559E-18    3.2931167249318437E-18   1.8109718768605984E-18   9.89098219322819E-19     5.243251684884702E-19    2.375384490036151E-19    0
% Data
% c (mol/m^3) @ t=400, u1=0.03, u2=0.03
1                         0.9906886990071933       0.9781768087238367       0.9620200087002929       0.9418270919186013       0.9172895018182005       0.8882101501365103       0.8545290523268579       0.8163432241401288       0.7739184567859219       0.7276910541218344       0.6782583623817655       0.626357897711936        0.5728359839861347       0.5186079235946736       0.46461268912561965      0.4117657996652795       0.3609143167851955       0.3127977009857957       0.2680176195088508       0.2270187768799401       0.19008160023751633      0.15732633920075692      0.128727021274318        0.10413288774240925      0.08329450623349814      0.06589172431240274      0.05156093617858294      0.03991967891636484      0.03058723496059641      0.02320058054544445      0.017425598958141608     0.012963919939090863     0.009556034001561822     0.0069814714455472       0.00505685667969484      0.0036325834042367526    0.002588739731368857     0.0018307740171669507    0.001285254241922273     8.959505705924036E-4     6.203697226275881E-4     4.2679315273752333E-4    2.918174055397421E-4     1.9836096644864105E-4    1.3408329538618384E-4    9.015432336377074E-5     6.031283584689708E-5     4.01568945284372E-5      2.6616542327659625E-5    1.7566954337104345E-5    1.1547955945441911E-5    7.562867554766712E-6     4.9356919463343834E-6    3.2106711110273477E-6    2.0822579426902764E-6    1.3466897890581936E-6    8.687544209855259E-7     5.591439682607639E-7     3.591258940761075E-7     2.3023110736895517E-7    1.473572518004572E-7     9.418100869810025E-8     6.012171533274576E-8     3.834113655320632E-8     2.443153527568113E-8     1.5558655289324266E-8    9.903955250038466E-9     6.302841729457604E-9     4.0107602243131774E-9    2.5523854529672275E-9    1.6246383197451347E-9    1.034461197234139E-9     6.589756438203047E-10    4.200170366382305E-10    2.67883301558076E-10     1.7097728797258222E-10   1.0921246446667189E-10   6.981812790736692E-11    4.467268753652382E-11    2.8609106978662198E-11   1.833835787427023E-11    1.1765533632373442E-11   7.555356704165539E-12    4.8560601028871886E-12   3.1238444465451888E-12   2.011217201283107E-12    1.29592132090022E-12     8.356656453077432E-13    5.392665657434079E-13    3.4823534726896136E-13   2.250192037458011E-13    1.4548425464262213E-13   9.41049899124631E-14     6.088173570614351E-14    3.936132167027667E-14    2.5360258176051353E-14   1.6130233639962925E-14   9.790365563082192E-15    4.893789814851297E-15    0
% Data
% c (mol/m^3) @ t=500, u1=0.03, u2=0.03
1                         0.9944242875148647       0.9868962072738309       0.9770908654391067       0.9646876566863198       0.9493847168077222       0.9309149545102193       0.9090628805781605       0.8836812452593357       0.8547063366738105       0.8221707110228538       0.7862121435572729       0.7470777252352875       0.7051222905622611       0.66080073954291         0.6146542863692803       0.5672911877977942       0.5193630195198055       0.47153801597484374      0.4244733064543351       0.3787880189254227       0.3350391561900336       0.2937018794095997       0.255155394819048        0.21967508936461497      0.18743097401381192      0.15849194545329306      0.13283493233237886      0.11035769434308494      0.09089390836353767      0.0742291974266049       0.06011690724660305      0.048292671320769726     0.03848708563012819      0.030436097863042813     0.023888972681423332     0.018613903547344286     0.014401493568753712     0.011066422392555172     0.008447659643471186     0.006407587901117679     0.004830371278797094     0.0036198604590569807    0.002697271107544619     0.0019988173178324543    0.0014734302564817893    0.0010806475437133798    7.887225122406278E-4     5.729744962202798E-4     4.143810660237107E-4     2.9839954181467144E-4    2.139969082893344E-4     1.5286314095803362E-4    1.0878179139031313E-4    7.713249759288757E-5     5.4502118691669036E-5    3.838386382368886E-5     2.69466842588037E-5      1.8860052979797113E-5    1.3161901271875765E-5    9.159829558642816E-6     6.357726524686787E-6     4.401618850476298E-6     3.0399573565044285E-6    2.094658795860239E-6     1.4401048336701386E-6    9.87989440585774E-7      6.764385869110485E-7     4.622330855847116E-7     3.152733405293819E-7     2.146556654447219E-7     1.4590160570765317E-7    9.90085233833453E-8      6.708271062831496E-8     4.5384068508023845E-8    3.0660482996438024E-8    2.0685400746602155E-8    1.3937460843949566E-8    9.379125713514442E-9     6.304099959987778E-9     4.232411000032965E-9     2.838425632134008E-9     1.901568991638746E-9     1.2726545271715567E-9    8.509243030590208E-10    5.684215237890636E-10    3.7937235934141526E-10   2.5298340574719644E-10   1.685638101840777E-10    1.1222676044078437E-10   7.4662180279973E-11      4.9634797968785685E-11   3.297262887443068E-11    2.188647559098011E-11    1.4512411301276615E-11   9.603979763467167E-12    6.3241629998796926E-12   4.102400894700624E-12    2.531061517566635E-12    1.2793876561592092E-12   0
% Data
% c (mol/m^3) @ t=600, u1=0.03, u2=0.03
1                         0.996516433245553        0.991798219292291        0.9856176488984153       0.9777373368824331       0.9679169178713131       0.9559211419232784       0.9415291734021759       0.9245447772603879       0.9048069586979746       0.8822005159454765       0.8566658838320933       0.8282076001101046       0.7969007281216779       0.7628946262517763       0.7264135700659355       0.6877539045268513       0.6472776219685399       0.6054025106581604       0.5625892771937627       0.5193262884109173       0.4761127788862809       0.4334415052213638       0.39178188096021355      0.3515645882409696       0.31316853688547436      0.2769108421600807       0.24304024145324304      0.21173409584813557      0.18309885472909404      0.1571736270534315       0.1339363223146883       0.11331170955877651      0.09518069699338595      0.07939015239995632      0.06576265409220777      0.05410566823344033      0.044219774494784175     0.03590569300430236      0.02896998871124066      0.02322943564817698      0.01851410784484208      0.014669323970255835     0.011556610031560652     0.009053861433056976     0.0070548862940047145    0.005468500430945645     0.0042173249761700395    0.0032364138683664842    0.0024718133529240266    0.0018791313453212703    0.0014221724959776762    0.00107167587857789      8.041767387009016E-4     6.010016537253645E-4     4.4739749460946703E-4    3.3178833243400785E-4    2.451504257777678E-4     1.804931857501474E-4     1.3243310635463517E-4    9.68476882218325E-5      7.059705874296408E-5     5.130205226576538E-5     3.7168772003612825E-5    2.6850974954358306E-5    1.934291004588275E-5     1.3896439680010516E-5    9.957353372092294E-6     7.116725423726136E-6     5.073975414195549E-6     3.6089678148783626E-6    2.5610470136699415E-6    1.813360535558105E-6     1.2811908786249393E-6    9.033092451114567E-7     6.355954617465668E-7     4.463489915212803E-7     3.128559883523562E-7     2.1888512964220048E-7    1.528673369725173E-7     1.0657704523048254E-7    7.417989064730355E-8     5.154711973594191E-8     3.576347207257E-8        2.4774938301021774E-8    1.713732165708094E-8     1.183722409956867E-8     8.164915749770827E-9     5.62426831904849E-9      3.8690948281057925E-9    2.658253749152863E-9     1.8240535561725737E-9    1.2500608890166842E-9    8.555390390179336E-10    5.845448271368289E-10    3.9827845405056777E-10   2.696730691541818E-10    1.7946641342684993E-10   1.1313071015035304E-10   5.803379459790298E-11    0
% Data
% c (mol/m^3) @ t=700, u1=0.03, u2=0.03
1                         0.9977568879893053       0.9947120046282552       0.9907073579169707       0.9855727849713835       0.9791288609738705       0.9711907366499353       0.9615728922011184       0.9500947399563907       0.9365869459882651       0.920898276077717        0.9029027081930349       0.882506497330957        0.859654834832991        0.8343377187599177       0.8065946495780808       0.7765177900176458       0.7442532813599889       0.7100004900408073       0.6740090649955106       0.636573811455873        0.5980275221728869       0.558732041567889        0.5190679603951367       0.4794234366886324       0.44018270324748127      0.401714845791401        0.36436341621846763      0.32843738359600977      0.29420382746284596      0.26188265325435717      0.23164347020308323      0.2036046308993739       0.17783430117138924      0.1543533193776978       0.13313952286300304      0.11413316991016481      0.09724306818289725      0.08235303246171603      0.0693283301944357       0.05802182640445573      0.04827960277927824      0.03994589261995142      0.03286723806016988      0.02689583418555037      0.021892073492482268     0.01772634203058663      0.014280145306431413     0.011446658276319285     0.00913080086666669      0.00724894014713915      0.005728314386632091     0.004506264525228923     0.003529346683308059     0.0027523865204040314    0.002137523571701813     0.0016532818571290697    0.001273692541510741     9.774854679956903E-4     7.473590618911456E-4     5.693323532945475E-4     4.3217855624091105E-4    3.2693658332968236E-4    2.464948617199198E-4     1.8524064301682846E-4    1.3876747390725004E-4    1.0363344655177313E-4    7.716313380621813E-5     5.7286617133347477E-5    4.240964270463421E-5     3.130962446529799E-5     2.305290198669259E-5     1.6929321797694032E-5    1.240082218594133E-5     9.06125139125315E-6      6.6051328974340475E-6    4.803509289727569E-6     3.4853512323765356E-6    2.523315819191044E-6     1.8228851292255836E-6    1.3141178594368633E-6    9.454108430136772E-7     6.787991048549419E-7     4.864282771228562E-7     3.4791646533784565E-7    2.4838812323669333E-7    1.7701363454601895E-7    1.2592800575368796E-7    8.943272688010973E-8     6.340839388650457E-8     4.488366575956883E-8     3.1719794185943686E-8    2.238029453085432E-8     1.5763087336942124E-8    1.1078212564433907E-8    7.758429688241084E-9     5.392940080733683E-9     3.6762068323605446E-9    2.3642636147521125E-9    1.2294593358879913E-9    0
% Data
% c (mol/m^3) @ t=800, u1=0.03, u2=0.03
1                         0.9985239084369374       0.9965168217056544       0.9938690523149419       0.9904598329772629       0.9861584178556766       0.9808257487402297       0.9743167219394392       0.9664830679135692       0.9571768266142693       0.9462543680239677       0.9335808709177541       0.9190351353180743       0.9025145678480133       0.8839401469231533       0.8632611493401924       0.8404594041636612       0.8155528364179311       0.7885980739146341       0.7596919166811347       0.7289715099021842       0.6966131167784655       0.6628294546503458       0.6278656322845073       0.5919938034874437       0.5555067266270248       0.5187104854492983       0.481916678372884        0.4454344167619451       0.4095624844986853       0.3745820002931597       0.34074989137307016      0.308293435223247        0.2774060592873342       0.24824451257775537      0.22092744411423682      0.19553534710140225      0.172111760158904        0.15066556196855865      0.13117415616690983      0.11358732036944626      0.09783148653451408      0.08381422784693186      0.07142874735614432      0.06055819259969248      0.051079655038781965     0.042867750117758646     0.03579771030770938      0.029747957334268594     0.024602149284202197     0.020250722437524633     0.016591966069733673     0.013532681189731556     0.010988481673701384     0.008883799226119331     0.007151652887631008     0.005733240299687976     0.0045774024789197       0.003640007215799589     0.002883289040023415     0.0022751765048544736    0.0017886307179447829    0.0014010128478633395    0.0010934929185957957    8.505076366094204E-4     6.592712778413867E-4     5.093407483691609E-4     3.922337445001742E-4     3.0109738011100306E-4    2.3042361927457736E-4    1.7580725001020074E-4    1.337418667837182E-4     1.0144931185037915E-4    7.673818725977154E-5     5.788733121554781E-5     4.355050718583091E-5     3.267894511574253E-5     2.4458774095941063E-5    1.826077557206825E-5     1.3600252740660657E-5    1.0105147325058215E-5    7.490835467152863E-6     5.54029883499508E-6      4.088596032945815E-6     3.010755107948343E-6     2.2123732450397627E-6    1.6223478943203684E-6    1.187277930880391E-6     8.67167290125498E-7      6.321399008651774E-7     4.5993642564075245E-7    3.340127502482456E-7     2.42099428284129E-7      1.7511209590452278E-7    1.2632652998092549E-7    9.074932955068366E-8     6.462624808733255E-8     4.503394781524581E-8     2.9494338687353533E-8    1.5526937542175672E-8    0
% Data
% c (mol/m^3) @ t=900, u1=0.03, u2=0.03
1                         0.9990124468145034       0.9976678373678394       0.9958897280614377       0.9935925899962821       0.9906820700609783       0.9870555809883952       0.9826032605370371       0.9772093308546569       0.97075387661916         0.9631150448103725       0.9541716502655103       0.9438061500908765       0.9319079273914141       0.9183768017454347       0.903126661724975        0.8860890950370442       0.86721687610931         0.8464871607063905       0.823904233824067        0.7995016617617268       0.7733437125893631       0.7455259313384976       0.7161747866689446       0.6854463433466053       0.6535239578173553       0.6206150401180222       0.5869469715429569       0.5527623108747381       0.5183134595978094       0.48385698563029533      0.449647823549618        0.41593357561831795      0.3829491316045669       0.35091180687118384      0.320017168847846        0.29043568398485264      0.26231027339849783      0.23575481878388435      0.2108536139699052       0.18766171467640533      0.16620610209405723      0.14648754669261846      0.12848303828519306      0.11214863719252206      0.09742259902072678      0.0842286311614523       0.07247915128466162      0.06207843519682443      0.05292556175883997      0.04491708442735063      0.03794938089803714      0.031920653040183856     0.02673256786714627      0.02229154604785909      0.01850971708747185      0.015305569709168765     0.012604332285722865     0.010338121688533555     0.00844590003852783      0.006873278007109308     0.0055722009890891685    0.0045005510961552125    0.0036216938985489428    0.0029039945159407285    0.002320323302923076     0.0018475672014511397    0.001466158991657875     0.001159633258745217     9.142149560272363E-4     7.184439948275418E-4     5.62837315275519E-4      4.395883531936358E-4     3.42302670126363E-4      2.657677027602377E-4     2.0575405948623164E-4    1.5884549234026544E-4    1.2229455273181854E-4    9.390095537049496E-5     7.1909788875554E-5       5.492689220430704E-5     4.1848937763947E-5       3.180600487785078E-5     2.411467601063919E-5     1.823993180250404E-5     1.376435193226739E-5     1.0363342278624904E-5    7.785302075061939E-6     5.835816650188545E-6     4.365111941725271E-6     3.2581370355936125E-6    2.426751657441197E-6     1.8035880047254273E-6    1.3372313366287285E-6    9.88421136613786E-7      7.27012257374497E-7      5.294473319562136E-7     3.764649171285454E-7     2.50676080224885E-7      1.3343418214417504E-7    0
% Data
% c (mol/m^3) @ t=1000, u1=0.03, u2=0.03
1                         0.9993305336978904       0.998418016075377        0.9972089214080906       0.9956426197574078       0.9936512706967641       0.9911599016117522       0.9880867032450505       0.9843435724736327       0.9798369276996683       0.9744688155855308       0.9681383191428481       0.9607432664905647       0.9521822271587842       0.942356769011797        0.9311739342216518       0.9185488779087976       0.9044075988628368       0.8886896790328388       0.8713509381396067       0.8523659026994402       0.8317299857640151       0.8094612754249003       0.7856018370347255       0.760218446311114        0.7334026878397779       0.7052703754546052       0.6759602766697849       0.6456321515754972       0.614464145926287        0.5826496069173147       0.550393416661559        0.5179079610145697       0.4854088686955928       0.4531106664867541       0.42122249992542365      0.3899440650834689       0.3594618859971197       0.32994605480357303      0.30154752881116         0.2743960520633          0.248598740142014        0.22423933775187496      0.20137813071828545      0.18005246892078333      0.16027783556754183      0.14204938194877553      0.1253438358439768       0.11012168617722844      0.09632954604531574      0.08390260032632924      0.07276705194087449      0.06284249158242962      0.054044128406470146     0.04628483284068452      0.03947695650337654      0.0335339074711368       0.028371471248476027     0.023908878351798012     0.020069628177392322     0.016782085673017397     0.013979872294281267     0.011602075918228462     0.009593305996773325     0.00790362049688159      0.006488350349735355     0.0053078454768506955    0.004327164223422009     0.00351572542998239      0.0028469396035432047    0.002297832864892541     0.001848674670867192     0.0014826178271172606    0.0011853570762067707    9.448106002415585E-4     7.508271280083653E-4     5.949199789576467E-4     4.700282934510912E-4     3.7030486568032724E-4    2.9092938298612604E-4    2.2794545137206037E-4    1.7811952024782485E-4    1.3881967982067186E-4    1.0791226458021193E-4    8.367423162160566E-5     6.471937214148092E-5     4.993654072595297E-5     3.8438235635950815E-5    2.9518022648457644E-5    2.2615456002191386E-5    1.7287305302145638E-5    1.3184040564908908E-5    1.0030652543571973E-5    7.610983806421628E-6     5.754804681947643E-6     4.326863990374438E-6     3.2170347993828458E-6    2.330380755009559E-6     1.5753406296513508E-6    8.46992097492281E-7      0
% Data
% c (mol/m^3) @ t=1100, u1=0.03, u2=0.03
1                         0.9995458534335587       0.9989261979366469       0.9981036488491826       0.9970354007159467       0.9956729689256563       0.9939620275423289       0.991842367293985        0.9892479978462784       0.9861074176453037       0.9823440726082077       0.9778770216476224       0.9726218223575488       0.9664916441451794       0.9593986087189175       0.95125534927481         0.9419767701895281       0.9314819788491744       0.9196963508305315       0.9065536794956699       0.8919983517149026       0.8759874834865352       0.8584929432689469       0.8395031874419691       0.8190248319556467       0.7970838872720739       0.7737265903676288       0.7490197778519904       0.72305075797134         0.6959266559605779       0.6677732262333438       0.6387331453888917       0.6089638209539134       0.578634771050356        0.5479246486484095       0.517017999645688        0.4861018557671035       0.4553622704772001       0.42498090828457435      0.39513179485715166      0.3659783274456153       0.33767063273206593      0.31034334315742007      0.284113844020987        0.2590810233090177       0.2353245354627415       0.21290457026862075      0.19186209975601967      0.17221956025290144      0.1539819141886972       0.13713802721067456      0.12166229081604715      0.10751641888934482      0.09465134797163433      0.08300917532281733      0.07252507531649607      0.0631291428226359       0.054748121374033634     0.04730698349903652      0.040730340119401444     0.034943664927874214     0.029874327840881624     0.025452438733297823     0.021611508565940372     0.01828893965983944      0.015426360274941374     0.012969820893026505     0.010869870805493046     0.009081533913438345     0.007564202220701098     0.006281464502734316     0.005200886220849568     0.004293755064372581     0.003534804666513887     0.0029019271569994897    0.0023758833685973545    0.001940017768332895     0.0015799835815965724    0.0012834821463983607    0.001040019289864504     8.406804627507176E-4     6.779254947703356E-4     5.454031322122591E-4     4.3778497380271786E-4    3.5061801274340884E-4    2.801947029149251E-4     2.2343927578686277E-4    1.7780892244527406E-4    1.412084036780564E-4     1.1191664168498082E-4    8.852386001378335E-5     6.987785050512303E-5     5.5037925984954115E-5    4.323501751623694E-5     3.3836116651428865E-5    2.6310710744067022E-5    2.0195773831684965E-5    1.5053831126154473E-5    1.0414851501390391E-5    5.685881994452679E-6     0
% Data
% c (mol/m^3) @ t=1200, u1=0.03, u2=0.03
1                         0.9996901641798461       0.999267032909831        0.9987044530383367       0.9979722067337584       0.997035717872953        0.9958558034048823       0.9943884860162722       0.9925848855624044       0.9903912073913367       0.987748845757297        0.9845946198661875       0.9808611586122697       0.9764774476601528       0.971369549140234        0.9654614998387524       0.9586763884044732       0.950937605848614        0.9421702566314634       0.9323027101221644       0.9212682644657687       0.909006887230957        0.8954669900278239       0.8806071879946893       0.864397990083543        0.846823362838061        0.8278821092250401       0.807589005344848        0.7859756417013225       0.7630909222202078       0.739001183283208        0.7137899064487966       0.6875570118589138       0.6604177340342043       0.6325010971695528       0.6039480224017195       0.5749091140385199       0.5455421846346737       0.516009589361669        0.48647544775573204      0.4571028352107725       0.4280510272791064       0.3994728769318863       0.3715123986072297       0.34430262352853735      0.3179637789668541       0.2926018305319538       0.2683074119632809       0.2451551520300419       0.22320339378355802      0.20249428820013957      0.18305423275974841      0.164894616134498        0.14801282316804537      0.13239344981430995      0.11800967562971405      0.10482474161007743      0.09279348336411829      0.08186387348142254      0.07197853210292517      0.06307617074150412      0.05509294094496949      0.04796366609011807      0.041622941137016235     0.03600609130512925      0.031049986165227604     0.02669371044121151      0.022879096808800594     0.019551129138561326     0.016658226976588638     0.014152423638499924     0.011989451186986643     0.010128745861719716     0.008533387332911136     0.0071699845580056485    0.006008520132991825     0.005022163936397325     0.004187065645738669     0.003482134431894299     0.002888812863098686     0.0023908508213631246    0.0019740840829715984    0.0016262211637054417    0.0013366410918806534    0.0010962039535229123    8.970753527231826E-4     7.325653391897556E-4     5.969818614008679E-4     4.854983884431901E-4     3.940349789866862E-4     3.191517210178464E-4     2.579530576100767E-4     2.0800094965036408E-4    1.6723393453594253E-4    1.3388762721150356E-4    1.0640956941143738E-4    8.335668239014231E-5     6.325537977582529E-5     4.43899689735501E-5      2.445964123276706E-5     0
% Data
% c (mol/m^3) @ t=0, u1=0.03, u2=0.05
1                         -5.069401922627006E-8    2.7246567094188487E-15   3.421885013855474E-20    5.1055724537484214E-26   5.831756625091721E-32    5.952280712584855E-38    5.707686170230676E-44    5.259823408206141E-50    4.715343799709759E-56    4.14254379254591E-62     3.583377428229418E-68    3.061969515607267E-74    2.590604286519628E-80    2.1739009194870286E-86   1.8116935220209757E-92   1.5009909045015886E-98   1.2372872974979317E-104  1.0154190658112744E-110  8.301070463814487E-117   6.762838972051438E-123   5.492767350883733E-129   4.448943684386887E-135   3.5945339279053517E-141  2.8976669064285215E-147  2.3311027459801796E-153  1.871790638039061E-159   1.5003845343101416E-165  1.2007596339520303E-171  9.595550075739422E-178   7.65755981475206E-184    6.103222403535319E-190   4.858627504352475E-196   3.863556702338674E-202   3.0690977520940336E-208  2.435631351451682E-214   1.9311454284521324E-220  1.5298328945491472E-226  1.2109317279821012E-232  9.57770159066527E-239    7.569840199453893E-245   5.9787761119089665E-251  4.719034992046546E-257   3.7224036910297785E-263  2.9345136374680116E-269  2.3120823030834638E-275  1.8206908710919974E-281  1.4329974600798567E-287  1.1273031703746532E-293  8.864032221067407E-300   6.989746885505787E-306   6.14421662371E-312       5.42341E-318             4.9E-324                 0                        0                        0                        0                        0                        0                        0                        0                        0                        0                        0                        0                        0                        0                        0                        0                        0                        0                        0                        0                        0                        0                        0                        0                        0                        0                        0                        0                        0                        0                        0                        0                        0                        0                        0                        0                        0                        0                        0                        0                        0                        0                        0                        0                        0                        0                        0
% Data
% c (mol/m^3) @ t=100, u1=0.03, u2=0.05
1                         0.9235571163098389       0.8264881276084328       0.7135636185703761       0.5920086974692058       0.47035036171483574      0.35687434017390113      0.25811042339441975      0.17780906013675302      0.11671168642830282      0.07309703052921675      0.043782167371927354     0.025151134428576104     0.01390218984125292      0.007418795922415708     0.0038348872257307175    0.0019262906418140854    9.430390971366354E-4     4.5118814611097135E-4    2.1148291483943498E-4    9.732891832587326E-5     4.406689116861438E-5     1.9662786383289127E-5    8.65984509500045E-6      3.769631205952999E-6     1.623798659347602E-6     6.928970510390415E-7     2.9316513004018635E-7    1.2308886113819403E-7    5.1321785114124245E-8    2.1263673770540432E-8    8.759379301602438E-9     3.5894163996928375E-9    1.4638023934470988E-9    5.943202450193527E-10    2.403205197290334E-10    9.681218327985812E-11    3.8865152028192884E-11   1.555220019380057E-11    6.204737185911923E-12    2.468563917658531E-12    9.79570396503409E-13     3.8776674986507597E-13   1.531495845218607E-13    6.035763798961693E-14    2.3739716729945295E-14   9.319622485486338E-15    3.652276526487822E-15    1.4294443336383265E-15   5.606215405912766E-16    2.270003437350765E-16    9.69262450945836E-17     4.133214262053019E-17    1.7603270756800577E-17   7.488298006460264E-18    3.1818583225683608E-18   1.3505436524933864E-18   5.726472124756199E-19    2.4256926160979204E-19   1.0265322979365177E-19   4.340249977674077E-20    1.8334883557387618E-20   7.738876688457156E-21    3.263835440380285E-21    1.3754427873172131E-21   5.792064651070761E-22    2.4373214878556586E-22   1.0249250021287261E-22   4.3070698988781983E-23   1.808807980164716E-23    7.591600651500337E-24    3.1842982048601324E-24   1.3348801945431101E-24   5.592774304929014E-25    2.341944583474649E-25    9.801617438814061E-26    4.1001320273303716E-26   1.7142877210076946E-26   7.164103914150044E-27    2.992530240886756E-27    1.2494522814431473E-27   5.214479262015779E-28    2.17529320720531E-28     9.070797404593935E-29    3.7809325821034325E-29   1.5753715429747622E-29   6.561486725468634E-30    2.7318768869329484E-30   1.1370088502575642E-30   4.730581124009346E-31    1.9675101930996155E-31   8.180410632450925E-32    3.400106037982395E-32    1.412773471184292E-32    5.868382629116987E-33    2.4368607552951333E-33   1.0115442035654544E-33   4.1946597433963975E-34   1.7257332875012282E-34   6.52876191362537E-35     0
% Data
% c (mol/m^3) @ t=200, u1=0.03, u2=0.05
1                         0.9684198249109268       0.9268338871396123       0.8750793175163746       0.8136823821586275       0.743898956082434        0.6676688154033176       0.5874788148236636       0.5061456319232868       0.4265451375382402       0.35132873040179113      0.2826728870193358       0.22210352879295922      0.17042132572432964      0.12773154952189794      0.09355958900607579      0.06701796094434712      0.04698655124895707      0.03227411788747829      0.02174144682132082      0.01437976089145997      0.00934821487685824      0.005980023126954572     0.0037683265256339624    0.0023416675466930654    0.0014363944457705174    8.705889809182361E-4     5.218427414957852E-4     3.0961736752569834E-4    1.8197773732043444E-4    1.0603343620346775E-4    6.129150422745624E-5     3.516977558770989E-5     2.0045115898239524E-5    1.135415660552337E-5     6.3948042045935445E-6    3.5828336703297666E-6    1.9977329282703204E-6    1.1089922482917073E-6    6.131326979196375E-7     3.3771990087317174E-7    1.8538053552343517E-7    1.014366211737023E-7     5.534217617650573E-8     3.0112537918512206E-8    1.63441254337681E-8      8.851182009314005E-9     4.784556719973228E-9     2.584925583233938E-9     1.4038079687439285E-9    7.869775548202062E-10    4.587010706569061E-10    2.6699335227850633E-10   1.552074642036723E-10    9.011586400864882E-11    5.226350874103817E-11    3.027848286549687E-11    1.752407485897409E-11    1.0132732684767256E-11   5.853716257906483E-12    3.3788714243422445E-12   1.948795566871403E-12    1.1231396184568775E-12   6.468311772630119E-13    3.7226614237671184E-13   2.1410956880509133E-13   1.230699677680811E-13    7.069914571077505E-14    4.059140273784692E-14    2.3292855522642837E-14   1.335950711036866E-14    7.658553674769597E-15    4.3883443360537255E-15   2.513394621364793E-15    1.438913325476958E-15    8.23436299403189E-16     4.710356925893045E-16    2.6934732901621977E-16   1.539617418169795E-16    8.797517458851754E-17    5.0252793622887353E-17   2.8695797988916805E-17   1.6380962749487005E-17   9.34820647179947E-18     5.3332190541743126E-18   3.0417748987278876E-18   1.7343841869567962E-18   9.886623280894515E-19    5.634284766749787E-19    3.2101197313952108E-19   1.8285154517525788E-19   1.0412958691994075E-19   5.928577964929683E-20    3.3746535315043515E-20   1.9204564914310307E-20   1.0925278671376454E-20   6.209532498684191E-21    3.5144849564882276E-21   1.9444732513973535E-21   9.359631565270356E-22    0
% Data
% c (mol/m^3) @ t=300, u1=0.03, u2=0.05
1                         0.9837127248442393       0.9619763727992331       0.9342557040185467       0.9002133329917469       0.8597647244665482       0.8131195927918341       0.7608030399706447       0.7036512582391445       0.6427791668880743       0.5795207130890794       0.5153462930651247       0.451765229145121        0.3902237931827599       0.3320103047751038       0.2781780110844808       0.22949381717528014      0.18641695640086076      0.14910718674887277      0.11745801378919785      0.0911475690978226       0.0696985431035          0.052538965102892306     0.039057252044544674     0.02864722989538455      0.02074118677253413      0.014831008917453137     0.01047884610355413      0.007319510019095075     0.005057019640631719     0.003457529971072567     0.0023404823341654857    0.0015693362548784833    0.001042782906617802     6.869536578463667E-4     4.488456576197234E-4     2.909879037406633E-4     1.8725148314846109E-4    1.1964761099192131E-4    7.59380278831879E-5      4.788852854356316E-5     3.001604915083441E-5     1.8704726238543003E-5    1.1591632480330887E-5    7.145761013784389E-6     4.383090169030452E-6     2.675993085955283E-6     1.627167153052733E-6     9.871945827168127E-7     6.014338598104363E-7     3.7681680749555977E-7    2.435187459782373E-7     1.5685296385525574E-7    1.0070891496048317E-7    6.446320115148177E-8     4.1141097608444484E-8    2.61823570290755E-8      1.6617164370509944E-8    1.0518761561695674E-8    6.641618369429538E-9     4.183356912186578E-9     2.628789415824066E-9     1.6481735252363193E-9    1.0311005145830433E-9    6.436993479227918E-10    4.010335114781362E-10    2.4935832927314426E-10   1.547538392242499E-10    9.586514779786837E-11    5.927997582373138E-11    3.6593864933144763E-11   2.255202100955477E-11    1.3875941717011791E-11   8.524348167041292E-12    5.228806471659631E-12    3.202629544163677E-12    1.9588123009174188E-12   1.1964081105201106E-12   7.297665501059307E-13    4.4455303985474687E-13   2.704671377848086E-13    1.6435099085280712E-13   9.974980171458427E-14    6.047112538958608E-14    3.661796450250429E-14    2.214949327622898E-14    1.3383498044902405E-14   8.078375773662573E-15    4.871232789300523E-15    2.9344421558573948E-15   1.7660176224758237E-15   1.0618368927617335E-15   6.378573167511861E-16    3.8282409845155354E-16   2.2955164994244925E-16   1.3750092915412836E-16   8.221101585745344E-17    4.8862968532048686E-17   2.826700191236363E-17    1.407371116627074E-17    0
% Data
% c (mol/m^3) @ t=400, u1=0.03, u2=0.05
1                         0.9906886990071933       0.9781768087238367       0.9620200087002929       0.9418270919186013       0.9172895018182003       0.8882101501365102       0.8545290523268578       0.8163432241401289       0.7739184567859221       0.7276910541218347       0.6782583623817655       0.6263578977119362       0.5728359839861347       0.5186079235946736       0.46461268912561976      0.41176579966527943      0.3609143167851953       0.31279770098579573      0.2680176195088507       0.22701877687994015      0.19008160023751647      0.1573263392007572       0.12872702127431865      0.10413288774241054      0.08329450623350101      0.06589172431240911      0.051560936178597125     0.039919678916396306     0.030587234960666346     0.023200580545599887     0.017425598958487207     0.012963919939859386     0.009556034003270878     0.006981471449347418     0.005056856688142532     0.003632583423006974     0.002588739773048326     0.001830774109639412     0.0012852544468746649    8.959510242769444E-4     6.203707254476392E-4     4.267953656565968E-4     2.918222795348531E-4     1.9837167876781095E-4    1.3410678419753486E-4    9.020569418542897E-5     6.0424869204745936E-5    4.0400479021282295E-5    2.7144401496088457E-5    1.8706799711591656E-5    1.3221529211957941E-5    9.313751137038857E-6     6.540548030395221E-6     4.5796846259274824E-6    3.197965618155217E-6     2.227476508803057E-6     1.5478802675945563E-6    1.0733209538501145E-6    7.428006201340722E-7     5.131529852324562E-7     3.539435253063022E-7     2.4378837521443573E-7    1.6771115856298948E-7    1.152543479289271E-7     7.91359227906698E-8      5.4297957622651415E-8    3.723547003169129E-8     2.5524722379447566E-8    1.7492839839274114E-8    1.1987141069703658E-8    8.214556911196416E-9     5.630139687932384E-9     3.859844066275684E-9     2.6471621787022094E-9    1.8163167231810902E-9    1.2469188557129685E-9    8.565465125964247E-10    5.887835490575343E-10    4.050171881778797E-10    2.7881803356691627E-10   1.9209234056293568E-10   1.3244910767731172E-10   9.13991120388678E-11     6.312326714910577E-11    4.3630371462770914E-11   3.0181085242773405E-11   2.0893893009613923E-11   1.4475461048213736E-11   1.0036033550196054E-11   6.962976596559727E-12    4.834096260793739E-12    3.3581732985588437E-12   2.3341253575732295E-12   1.6229086285252632E-12   1.1280922182888484E-12   7.822228623712182E-13    5.367534562384122E-13    3.533642412739261E-13    1.9353682714456549E-13   0
% Data
% c (mol/m^3) @ t=500, u1=0.03, u2=0.05
1                         0.9944242875148647       0.9868962072738307       0.977090865439107        0.96468765668632         0.949384716807722        0.9309149545102193       0.9090628805781609       0.8836812452593357       0.854706336673811        0.8221707110228539       0.7862121435572725       0.7470777252352874       0.7051222905622611       0.6608007395429101       0.6146542863692805       0.5672911877977943       0.5193630195198065       0.4715380159748454       0.4244733064543389       0.3787880189254311       0.3350391561900511       0.2937018794096367       0.2551553948191262       0.21967508936477922      0.18743097401415687      0.1584919454540163       0.13283493233389315      0.11035769434625115      0.09089390837014807      0.07422919744038473      0.06011690727528101      0.048292671380350795     0.0384870857536912       0.030436098118814887     0.02388897320982541      0.018613904636734385     0.014401495809891855     0.011066426992758742     0.008447669063747288     0.00640760714449305      0.004830410487336258     0.003619940131917531     0.002697432549632963     0.001999143487557204     0.0014740872068181817    0.0010819664757896104    7.913615750962562E-4     5.782364644560668E-4     4.2483425873848156E-4    3.1908571855691345E-4    2.4441253476240873E-4    1.865907102500135E-4     1.4199052524444152E-4    1.0771661342466601E-4    8.147228650912732E-5     6.144543319424573E-5     4.621352164309819E-5     3.466523543804971E-5     2.5936381061514822E-5    1.9357882124779758E-5    1.4413891547440948E-5    1.0708285010665147E-5    7.93803102287852E-6      5.872153905914799E-6     4.33520917868226E-6      3.194372602681076E-6     2.349403280449855E-6     1.7248779724976803E-6    1.2642095508458181E-6    9.250591615392392E-7     6.758314281941459E-7     4.930071596994221E-7     3.591207121173814E-7     2.6123141387892994E-7    1.897720967776694E-7     1.376843544948921E-7     9.977101848681068E-8     7.221262691129447E-8     5.220730142210973E-8     3.77032050448608E-8      2.72002523344158E-8      1.9603478332185464E-8    1.411484144909631E-8     1.015354988609335E-8     7.2975066341416615E-9    5.240355382086487E-9     3.7600266648695696E-9    2.6957442111334703E-9    1.9312430052953813E-9    1.3825396643346801E-9    9.890328948787736E-10    7.070351681724433E-10    5.050747487207246E-10    3.604803684120916E-10    2.5688246588799055E-10   1.8233978010574454E-10   1.2781879038989778E-10   8.567660295728594E-11    4.751500785536457E-11    0
% Data
% c (mol/m^3) @ t=600, u1=0.03, u2=0.05
1                         0.9965164332455528       0.9917982192922908       0.9856176488984155       0.9777373368824328       0.9679169178713128       0.9559211419232782       0.9415291734021757       0.9245447772603875       0.9048069586979743       0.8822005159454764       0.8566658838320933       0.8282076001101047       0.7969007281216792       0.7628946262517792       0.7264135700659414       0.6877539045268636       0.6472776219685649       0.6054025106582123       0.5625892771938688       0.5193262884111335       0.47611277888672027      0.43344150522225544      0.3917818809620194       0.35156458824462056      0.3131685368928414       0.2769108421749183       0.24304024148306694      0.2117340959079599       0.18309885484884364      0.15717362729261006      0.13393632279132822      0.11331171050642148      0.09518069887293548      0.07939015611855396      0.065762661430331        0.05410568267562528      0.04421980284021786      0.03590574847891921      0.02897009696018017      0.023229646232792098     0.018514516217944678     0.014670113315978476     0.011558130605033237     0.009056780379690989     0.007060469327419816     0.005479139030795041     0.004237518486758995     0.0032745901186601706    0.002543686691599578     0.0020138638891247958    0.001619702637570548     0.0012980920195881677    0.0010367628400147612    8.252691985193086E-4     6.547753392010289E-4     5.178538762743876E-4     4.082983862602197E-4     3.209521711915294E-4     2.5155402846150434E-4    1.966011015696198E-4     1.532283137883231E-4     1.1910348011877918E-4    9.23369260131659E-5      7.140428834106093E-5     5.508111057895417E-5     4.238784826779803E-5     3.254395344436146E-5     2.4929792173841272E-5    1.9055254715752454E-5    1.4534033281115052E-5    1.1062660308484172E-5    8.403515331403329E-6     6.371117195929907E-6     4.82111835844532E-6      3.6415080562721824E-6    2.7456108891113438E-6    2.0665369298097314E-6    1.5527994258512307E-6    1.1648672177576899E-6    8.724620703362933E-7     6.52447114523375E-7      4.87182447302324E-7      3.632485026794161E-7     2.704578856894559E-7     2.010926699232782E-7     1.4931732769464736E-7    1.107280372047674E-7     8.200756011755843E-8     6.06616003352241E-8      4.481786957088832E-8     3.30732681026693E-8      2.4377856737725836E-8    1.7946811872730234E-8    1.3193418663988701E-8    9.677365991297691E-9     7.06296076516249E-9      5.080733525366761E-9     3.4815701265263567E-9    1.960768210160517E-9     0
% Data
% c (mol/m^3) @ t=700, u1=0.03, u2=0.05
1                         0.9977568879893053       0.9947120046282552       0.9907073579169707       0.9855727849713831       0.9791288609738705       0.9711907366499355       0.9615728922011189       0.9500947399563914       0.9365869459882663       0.9208982760777198       0.9029027081930405       0.8825064973309681       0.8596548348330137       0.8343377187599631       0.8065946495781712       0.7765177900178248       0.7442532813603436       0.7100004900415093       0.6740090649968963       0.6365738114586019       0.5980275221782516       0.5587320415784126       0.5190679604157363       0.47942343672886717      0.44018270332589016      0.40171484594385043      0.36436341651417037      0.3284373841681789       0.2942038285671885       0.2618826553803533       0.23164347428504012      0.20360463871544993      0.1778343160955365       0.1543533477919049       0.13313957680047142      0.11413327198463744      0.09724326074759507      0.0823533945623544       0.06932900882575588      0.058023093904924015     0.04828196178131158      0.03995026713069253      0.032875319808981146     0.026910707517365542     0.021919337473676647     0.017776115516512585     0.014370631637047574     0.011610449666300605     0.00942596805049797      0.007778430997832037     0.006500801027678485     0.005413819020923869     0.004492925235536927     0.0037159548777699358    0.00306305702646659      0.002516582068877982     0.0020609461724307855    0.0016824804410240967    0.001369271407072581     0.001110998463332815     8.987727995751945E-4     7.249814225966582E-4     5.83138935069407E-4      4.677489488411836E-4     3.7417632129821567E-4    2.985308311750887E-4     2.3756244871294145E-4    1.8856799611787994E-4    1.4930872699808469E-4    1.1793816562314752E-4    9.293942583003099E-5     7.307116292737705E-5     5.7321288619672306E-5    4.486758856531678E-5     3.5044415825795684E-5    2.7314683677568686E-5    2.1246441916317738E-5    1.649338700918271E-5     1.277872448726103E-5     9.881869028155714E-6     7.627531779800742E-6     5.876804310310221E-6     4.519903351016992E-6     3.4702898562106263E-6    2.6599197629726226E-6    2.0354223454529213E-6    1.5550355143637623E-6    1.186156198323275E-6     9.033884852997988E-7     6.869929263175159E-7     5.216576890703361E-7     3.955263542577618E-7     2.994280608571814E-7     2.2626281330753959E-7    1.7049606534854513E-7    1.2770697015330565E-7    9.410114278837614E-8     6.581080069290114E-8     3.759011319361882E-8     0
% Data
% c (mol/m^3) @ t=800, u1=0.03, u2=0.05
1                         0.9985239084369375       0.9965168217056543       0.9938690523149419       0.9904598329772633       0.9861584178556776       0.9808257487402313       0.9743167219394429       0.9664830679135772       0.9571768266142844       0.9462543680239968       0.9335808709178115       0.919035135318187        0.9025145678482324       0.8839401469235771       0.8632611493410118       0.8404594041652415       0.8155528364209714       0.7885980739204725       0.7596919166923208       0.728971509923567        0.6966131168192458       0.6628294547279382       0.6278656324317847       0.5919938037662984       0.5555067271536686       0.5187104864413334       0.4819166802366019       0.44543442025372965      0.4095624910224642       0.374582012446766        0.3407499139483904       0.3082934770306628       0.27740613647187595      0.2482446546244035       0.22092770468186101      0.1955358234917454       0.17211262816301914      0.15066713797987935      0.13117700742832944      0.1135924598048173       0.09784071552141521      0.08383073649700999      0.07145816079237083      0.06061038574913537      0.05117188473689672      0.04303003302718157      0.03608200835266214      0.030243781482529698     0.025462919267344793     0.021738042645000583     0.018748505621737493     0.016115042866255577     0.013804796551470945     0.011786329012918276     0.01002984852664464      0.008507375279493645     0.007192851841539621     0.006062203504239988     0.005093354534116231     0.004266206743486384     0.0035625868408714323    0.0029661688442921314    0.00246237747296699      0.002038277927878095     0.001682456876478175     0.0013848988131537439    0.0011368613101091951    9.307520313704333E-4     7.600097771028293E-4     6.189912715486568E-4     5.028649151495739E-4     4.0751229459919656E-4    3.2943788457245426E-4    2.6568707962400744E-4    2.137724599969262E-4     1.716080151572855E-4     1.3745091726884734E-4    1.0985034671522164E-4    8.760281639215216E-5     6.971341439466549E-5     5.536238000444276E-5     4.387644027582117E-5     3.470435945329914E-5     2.739618705974016E-5     2.1585729575574573E-5    1.6975812606036E-5       1.3325943270181565E-5    1.0442024655191267E-5    8.167814296597421E-6     6.377855628117067E-6     4.971643816350095E-6     3.868813001111617E-6     3.0051457366226058E-6    2.3291960949434766E-6    1.7992593760568174E-6    1.3802532829539671E-6    1.039658183081215E-6     7.40675765594611E-7      4.2846505160328817E-7    0
% Data
% c (mol/m^3) @ t=900, u1=0.03, u2=0.05
1                         0.9990124468145037       0.9976678373678403       0.9958897280614398       0.9935925899962862       0.9906820700609863       0.9870555809884112       0.9826032605370677       0.9772093308547157       0.9707538766192725       0.9631150448105869       0.9541716502659171       0.9438061500916478       0.9319079273928719       0.9183768017481846       0.9031266617301499       0.8860890950467603       0.8672168761275101       0.8464871607404014       0.8239042338874709       0.7995016618796327       0.7733437128080682       0.7455259317431304       0.7161747874155949       0.6854463447206529       0.6535239603390289       0.62061504473281         0.5869469799639464       0.5527623261960181       0.5183134873897526       0.48385703588832185      0.44964791414887956      0.41593373841515896      0.38294942317137837      0.3509123273092332       0.32001809462446135      0.29043732501402264      0.2623131718456662       0.23575991935605708      0.21086255611334173      0.18767733168307474      0.1662332696777031       0.14653461887744818      0.128564265279087        0.11228821653901797      0.09766142872028534      0.08463550816423861      0.07316924251503068      0.06324357775931794      0.054883690557606404     0.04819240168490923      0.0426654321570833       0.037652234270843514     0.03312282426675639      0.029046400960340883     0.02539178870541165      0.022127843928478975     0.019223819705948157     0.01664968468193601      0.014376394361625069     0.012376114401892306     0.010622396912310959     0.009090311946491812     0.007756537292180414     0.006599410357977186     0.005598946415500323     0.004736827707348421     0.0039963679984724365    0.0033624570603236364    0.0028214893637246957    0.0023612809478796787    0.0019709780576996003    0.0016409607253939627    0.0013627440374371152    0.0011288793932405846    9.328576420535848E-4     7.690155910357668E-4     6.324470180024968E-4     5.189190019637205E-4     4.247941056633473E-4     3.469587072103863E-4     2.827575812927342E-4     2.2993467190149565E-4    1.8657987466718748E-4    1.5108155401175012E-4    1.2208445428797148E-4    9.845262076345217E-5     7.92369215508087E-5      6.36467511314525E-5      5.1025495224493846E-5    4.082933918390825E-5     3.2608997787644293E-5    2.5993913901242965E-5    2.0678376320306125E-5    1.6408753433240194E-5    1.2970428514373134E-5    1.0171603148683206E-5    7.817891842564481E-6     5.664279590259405E-6     3.3144277496371163E-6    0
% Data
% c (mol/m^3) @ t=1000, u1=0.03, u2=0.05
1                         0.999330533697893        0.9984180160753833       0.9972089214081041       0.9956426197574342       0.9936512706968146       0.9911599016118474       0.9880867032452293       0.9843435724739662       0.9798369277002887       0.974468815586683        0.9681383191449833       0.9607432664945121       0.9521822271660665       0.9423567690251989       0.9311739342462568       0.9185488779538602       0.9044075989451587       0.8886896791828461       0.8713509384122416       0.8523659031936384       0.8317299866574211       0.8094612770355492       0.7856018399302912       0.7602184515017673       0.7334026971175045       0.7052703919881753       0.6759603060443367       0.6456322036025144       0.6144642377833847       0.5826497685745619       0.5503937002237883       0.5179084567431266       0.4854097323758557       0.45311216598602827      0.4212250940689963       0.389948536716007        0.3594695654810661       0.32995919376120075      0.3015699222873048       0.2744340694553807       0.24866302542257443      0.22434760002966517      0.20155970191886718      0.1803557104042506       0.16078211315578422      0.14288432654742725      0.12672015813933313      0.1123802104715629       0.10001880652749401      0.08990095063493306      0.08134007406308567      0.07338146455390133      0.06600950159232737      0.05920561686242928      0.05294868640004596      0.04721543781606535      0.04198086284898721      0.03721862609273757      0.03290146159128302      0.029001550037602127     0.025490870499747468     0.022341521860111804     0.019526010438114482     0.017017501519909713     0.01479003369782888      0.012818695992542038     0.011079768667231076     0.009550829429548905     0.008210827346558473     0.007040127270574813     0.006020527896606519     0.0051352567566383955    0.004368945517647929     0.0037075889066272667    0.003138490455704344     0.002650198062509674     0.002232432113247763     0.0018760086351420372    0.0015727596458356603    0.0013154525626550857    0.0010977102348689182    9.139328754769833E-4     7.592229017904166E-4     6.293134502604416E-4     5.205011129415166E-4     4.2958325100252024E-4    3.5380007299390246E-4    2.907815170836921E-4     2.384988363181203E-4     1.9522063136905387E-4    1.5947285773020635E-4    1.3000194892126427E-4    1.0573941399809958E-4    8.576458030154553E-5     6.925844458997954E-5     5.5433406501503746E-5    4.3405568500632856E-5    3.1936381735060175E-5    1.888255007897143E-5     0
% Data
% c (mol/m^3) @ t=1100, u1=0.03, u2=0.05
1                         0.9995412865001639       0.9989154616173404       0.9980848698220565       0.9970064378076229       0.9956314299766019       0.9939053028284297       0.991767681909254        0.9891524849108387       0.9859882134044742       0.9821984334268382       0.9777024615923926       0.9724162685356643       0.9662536052934375       0.9591273508019761       0.9509510701703132       0.9416407640463604       0.9311167795531331       0.9193058433523488       0.9061431678734994       0.8915745731568387       0.8755585596485053       0.8580682621949708       0.8390932129065986       0.8186408409080294       0.7967376405597016       0.7734299466624055       0.7487842654127226       0.7228871232397811       0.6958444117128701       0.667780224883846        0.6388352050019709       0.6091644327186895       0.5789349178951979       0.5483227662526509       0.5175101149182809       0.48668194637989576      0.4560229060414295       0.4257142649413301       0.3959311889884501       0.36684050381016875      0.3385991870504843       0.3113538883626722       0.28524188723303895      0.2603940733783195       0.23694080764434644      0.2150219421931524       0.19480291809769734      0.17649981778569224      0.16041767374388505      0.14700842821658375      0.13543243567814348      0.1244463171847832       0.11405414475826296      0.10425615841616523      0.09504890989975234      0.08642545537768626      0.07837559138262022      0.07088612737761237      0.0639411877399652       0.05752253560058463      0.05160991088417413      0.046181375045274975     0.04121365536360314      0.0366824822181264       0.032562913466516        0.028829640875750646     0.025457274440842878     0.022420601353304415     0.01969481730344447      0.017255728689550637     0.015079925136236854     0.013144922473222619     0.011429276979800982     0.009912672250162772     0.008575980476685348     0.007401300282978047     0.006371973470477806     0.005472583179340404     0.004688936016155264     0.004008030678962269     0.0034180155262309607    0.002908137402991417     0.0024686838657177286    0.002090920748143823     0.001767026791091505     0.0014900268251557248    0.0012537247437352647    0.001052637220714224     8.819287712599969E-4     7.373482295389501E-4     6.151658085710729E-4     5.121081428037166E-4     4.2528506467916216E-4    3.5209409989829553E-4    2.900719480904124E-4     2.3662610047174093E-4    1.8850170699584597E-4    1.4067035814376271E-4    8.396444817306333E-5     0
% Data
% c (mol/m^3) @ t=1200, u1=0.03, u2=0.05
1                         0.9996846701113494       0.9992541086104745       0.9986818223619714       0.9979372497477227       0.9969854819109008       0.9957870322479659       0.9942976702622707       0.9924683367827987       0.9902451579410649       0.9875695750750456       0.9843786067868047       0.9806052576319004       0.9761790852994251       0.9710269346195294       0.9650738423181703       0.9582441111805584       0.9504625462909734       0.9416558394469176       0.931754080914127        0.9206923706604799       0.908412494390191        0.8948646234364723       0.8800089922214231       0.8638175029176021       0.8462752044889512       0.8273815927525352       0.8071516797301036       0.7856167845163367       0.7628250042564984       0.7388413325855646       0.7137474039348896       0.6876408553017554       0.6606343122257194       0.6328540227014471       0.604438181617042        0.5755350093843573       0.5463006725866656       0.5168971633842492       0.4874902909840185       0.4582479873760895       0.4293391980278666       0.40093372724857784      0.37320355366521885      0.3463263472273642       0.32049223926671433      0.2959153696820876       0.27285242859211606      0.25163141959164703      0.2326953314255582       0.21666749870153956      0.20260197444707448      0.18902517033866106      0.175958414625625        0.16341965464265584      0.15142334713697037      0.13998039854325509      0.1290981555778966       0.11878044528967596      0.10902766252283463      0.0998369016623788       0.0912021285771063       0.08311438788223038      0.07556204003137218      0.06853102232895278      0.06200512773163965      0.05596629527615644      0.05039490611772305      0.045270079469761915     0.04056996317768909      0.03627201421084422      0.032353264988508795     0.028790572139944334     0.025560845006970125     0.022641251905475075     0.020009402847077206     0.017643508065112        0.015522512275305142     0.013626205119865942     0.011935308687122411     0.010431543363484667     0.009097673559700332     0.007917535060485058     0.006876045878177817     0.005959202548825296     0.005154063790707053     0.004448723337908999     0.0038322735285844216    0.003294760781309163     0.0028271332367375787    0.0024211791475951252    0.0020694511499810223    0.0017651643887753898    0.0015020414563861743    0.0012740454768693235    0.0010748759443559041    8.969611871692886E-4     7.293847765689393E-4     5.535592161004691E-4     3.341494545416099E-4     0
% Data
% c (mol/m^3) @ t=0, u1=0.05, u2=0.01
1                         -5.67273296986745E-8     3.4412341060481E-15      4.799069503581939E-20    8.009901849351557E-26    1.0236269825679836E-31   1.1689697273466286E-37   1.2541942007528335E-43   1.2931961592123735E-49   1.2971711273412363E-55   1.2750964098618612E-61   1.2341312993497323E-67   1.1799489050910842E-73   1.1170108771030942E-79   1.0487944867290986E-85   9.779799986132865E-92    9.066049837963818E-98    8.36191142513407E-104    7.67848296152187E-110    7.023594438389064E-116   6.402501374443448E-122   5.818448902477134E-128   5.27312882761638E-134    4.7670485058890005E-140  4.2998272207381775E-146  3.87043308118073E-152    3.477371246175101E-158   3.1188324258909612E-164  2.7928090631710067E-170  2.4971853082638143E-176  2.229805825310302E-182   1.9885275750158066E-188  1.7712579750216928E-194  1.5759822230705072E-200  1.400782057140876E-206   1.243847804117782E-212   1.1034852193859284E-218  9.78118331890013E-225    8.662892723098972E-231   7.666558674875277E-237   6.779876249008432E-243   5.991606007938759E-249   5.291515395149368E-255   4.670315854955792E-261   4.119597996329315E-267   3.631766557023303E-273   3.1999764741263863E-279  2.8180710082693007E-285  2.4805225841990623E-291  2.1823767867532382E-297  1.906572517626255E-303   1.3363839430026E-309     9.3646977E-316           6.9E-322                 0                        0                        0                        0                        0                        0                        0                        0                        0                        0                        0                        0                        0                        0                        0                        0                        0                        0                        0                        0                        0                        0                        0                        0                        0                        0                        0                        0                        0                        0                        0                        0                        0                        0                        0                        0                        0                        0                        0                        0                        0                        0                        0                        0                        0                        0                        0
% Data
% c (mol/m^3) @ t=100, u1=0.05, u2=0.01
1                         0.9656881255471027       0.9132847261683883       0.8415363061625021       0.7517145725442032       0.647912551767426        0.5366497837769435       0.42576129171666643      0.3228360707569089       0.2337119178248799       0.1615493833225739       0.10674402926030407      0.06755197460372793      0.041046893762842644     0.024016634248053455     0.013571978958974273     0.007429996568059963     0.0039520837666527555    0.002048181267133855     0.0010369245665182865    5.140507894175524E-4     2.5009126621002026E-4    1.1964373549732733E-4    5.638472128138077E-5     2.6218934278347475E-5    1.2047020511560302E-5    5.476675174106361E-6     2.4661953735094076E-6    1.1011742453738511E-6    4.879749026042686E-7     2.1478382843374205E-7    9.396752723536174E-8     4.088835715579419E-8     1.7705521090926872E-8    7.633402313796713E-9     3.278054107087766E-9     1.402712436037624E-9     5.983045863174619E-10    2.5445247705597137E-10   1.0792852347791945E-10   4.5668043808241605E-11   1.9280804209367665E-11   8.123708764285322E-12    3.4164190483647875E-12   1.4342964934174579E-12   6.011934789782605E-13    2.516203329814868E-13    1.0516137373409922E-13   4.386845849091961E-14    1.8165378698697062E-14   7.029832229090351E-15    2.4027124047240978E-15   8.203649300978883E-16    2.79826279458964E-16     9.536109714777556E-17    3.246970603323451E-17    1.1046659556914333E-17   3.7553331779617944E-18   1.2757004913364291E-18   4.33060111611369E-19     1.469136259352742E-19    4.9808619119247256E-20   1.6876739041263563E-20   5.715132919554237E-21    1.934324009541663E-21    6.543464543168467E-22    2.212441468209178E-22    7.477054693203692E-23    2.5257635932611444E-23   8.528375679597735E-24    2.8784523641369037E-24   9.711314848625394E-25    3.275141242023387E-25    1.1041330414696637E-25   3.7209870381422E-26      1.2535624095020353E-26   4.2217273697557205E-27   1.4213332325944564E-27   4.783744295354684E-28    1.6095738027334324E-28   5.414134782688888E-29    1.8206505087722804E-29   6.120788731799765E-30    2.057193797037271E-30    6.912475350720321E-31    2.322126909112531E-31    7.798938764778836E-32    2.61869768954693E-32     8.791003832286713E-33    2.950513786705735E-33    9.900693239797979E-34    3.3215816005698765E-34   1.1141356958789344E-34   3.7363490224140007E-35   1.2527803660173438E-35   4.199713108059922E-36    1.4075117526871735E-36   4.712572840626023E-37    1.5647934832477302E-37   4.765949630409967E-38    0
% Data
% c (mol/m^3) @ t=200, u1=0.05, u2=0.01
1                         0.9920263987459035       0.9793573937139262       0.9607424404134242       0.9349945468230985       0.9011403496323827       0.8585814570380368       0.80724207174606         0.7476739957159011       0.6810920728050343       0.6093221036352052       0.5346585589871629       0.4596480702047746       0.38683189192686407      0.31849101808315367      0.2564375862685929       0.20188513523307167      0.15541155279684712      0.11700814004554257      0.08619219206146715      0.062152638778851646     0.04389905530693552      0.03039143042505287      0.020637931092637802     0.01375728153531928      0.009009268644900864     0.005800651001376337     0.0036747720557229325    0.0022923431859483588    0.0014091068272864065    8.541445458698824E-4     5.109019737996184E-4     3.0174835640568633E-4    1.7608493798110036E-4    1.0158386773638223E-4    5.7968813938513395E-5    3.273859695411158E-5     1.8307874249557086E-5    1.0142198675934962E-5    5.5684614713863874E-6    3.0312994487004567E-6    1.6367569447435164E-6    8.769254545240407E-7     4.663547753202404E-7     2.4625706855119207E-7    1.2915562130895648E-7    6.729882169765358E-8     3.484329549847386E-8     1.7908513102123356E-8    9.066010633933829E-9     4.259548702678074E-9     1.7852616109507244E-9    7.441449821047471E-10    3.085537608443872E-10    1.272963864533656E-10    5.2263945326297676E-11   2.1358615922038037E-11   8.689765733768325E-12    3.520318683287325E-12    1.4202529456808387E-12   5.707242248811337E-13    2.2846904631420157E-13   9.112324132480151E-14    3.621503252954879E-14    1.434368874678546E-14    5.662349958207471E-15    2.228155753764608E-15    8.740858727532784E-16    3.418746348496874E-16    1.3332951445089629E-16   5.18528704369341E-17     2.011152451637392E-17    7.78000221594614E-18     3.002010425725305E-18    1.155516305148762E-18    4.437144390146966E-19    1.6999081599706285E-19   6.497873838186789E-20    2.478387894265238E-20    9.432929091608412E-21    3.5828542142045224E-21   1.3581318081745514E-21   5.138174672128086E-22    1.9402288816852694E-22   7.313012648265366E-23    2.75144091069282E-23     1.0333917741856336E-23   3.874631640768088E-24    1.450358568085838E-24    5.42023514514538E-25     2.02244266712343E-25     7.534710875712133E-26    2.8028868440631475E-26   1.0411391630853948E-26   3.861806813462775E-27    1.4304017108828386E-27   5.290090524203899E-28    1.9512013209113792E-28   7.106488799585857E-29    2.3369153147808827E-29   0
% Data
% c (mol/m^3) @ t=300, u1=0.05, u2=0.01
1                         0.997639073647335        0.9938283453720812       0.9880724541808855       0.9798018644063937       0.9683918009938606       0.9531929031561266       0.9335736102535086       0.9089725623676451       0.8789572838700509       0.8432834312421883       0.8019473440085992       0.755223994071785        0.7036830633797122       0.6481779670833242       0.5898060381271231       0.5298422998472118       0.469653479879908        0.41060224679786134      0.3539532989339717       0.3007924978534497       0.25196782552049074      0.2080571462961591       0.1693634595137635       0.13593444840706906      0.1076003591257903       0.08402290926964184      0.06474798490997911      0.04925601539050328      0.03700565883307366      0.027468335237287794     0.02015285608665329      0.01462070965969454      0.010493397738276317     0.0074536144970187585    0.005242105605304742     0.0036518602407320765    0.00252097933390191      0.0017252159161669197    0.001170856137816548     7.883347527119881E-4     5.267688064634449E-4     3.4944651143357664E-4    2.3021581698779624E-4    1.5066688831129367E-4    9.798238881678844E-5     6.332838006659366E-5     4.0667943615361476E-5    2.589161506100871E-5     1.6164616940267075E-5    9.374874687519541E-6     4.949744387886042E-6     2.5997329986642673E-6    1.3586826555071835E-6    7.067380516375592E-7     3.659751475055856E-7     1.8870916581872324E-7    9.691092871043887E-8     4.957649157579716E-8     2.526865787423432E-8     1.2834160490898246E-8    6.496852005265601E-9     3.2783554455868872E-9    1.649264360268316E-9     8.273052846554564E-10    4.138466560362845E-10    2.0647381823525188E-10   1.0275270937358633E-10   5.1012015158168107E-11   2.526667999779706E-11    1.2487157193358335E-11   6.158282616312973E-12    3.030924417362063E-12    1.4888360243629547E-12   7.299781129876268E-13    3.5727052066369007E-13   1.7455825776542817E-13   8.514701207418914E-14    4.146795994012114E-14    2.0164953346654298E-14   9.791490337480897E-15    4.747794317623262E-15    2.29905749149859E-15     1.1118464654479637E-15   5.370293615982019E-16    2.590774711493005E-16    1.2484148521912138E-16   6.009028099909858E-17    2.889236626176934E-17    1.387753411241961E-17    6.658981252696661E-18    3.1921607749998373E-18   1.528823064628778E-18    7.315368479416096E-19    3.497198276125128E-19    1.670123492446914E-19    7.961005992847142E-20    3.771956295233322E-20    1.7387938478069938E-20   6.89136549920912E-21     0
% Data
% c (mol/m^3) @ t=400, u1=0.05, u2=0.01
1                         0.999202301358374        0.99790476152717         0.995918278514107        0.9930104310750393       0.9889038384760447       0.9832773797806534       0.9757711146209775       0.9659956168240191       0.9535461656144795       0.9380218293689416       0.9190489387290768       0.896307820881285        0.8695610249365966       0.8386807037469401       0.803672437457521        0.7646926912629762       0.7220573698219543       0.6762395894939195       0.6278557962124018       0.577640599013109        0.5264119946501037       0.47502982371125824      0.42435112883673526      0.37518643862441653      0.32826081876165664      0.2841828546634645       0.24342368432475336      0.20630696961747602      0.17300947750848308      0.1435709131192813       0.11791092300040275      0.0958508203078898       0.07713755975826052      0.06146774587744341      0.048509901852975414     0.03792376071586287      0.029375879097095502     0.022551351549228344     0.017161781063162674     0.012949923616453474     0.009691575042971284     0.007195323412313188     0.005300771681267587     0.0038757662065188317    0.0028130647439199       0.00202675060507577      0.0014485358069782183    0.0010238420958397247    7.0705707995472E-4       4.5426153656461275E-4    2.683856199253744E-4     1.5746796006679836E-4    9.177580547984433E-5     5.3147649672386205E-5    3.058936528960664E-5     1.75021890325285E-5      9.957478328313501E-6     5.634248875236069E-6     3.171335435480627E-6     1.7760420122962315E-6    9.898067809333692E-7     5.490489448972356E-7     3.031857338910441E-7     1.666915806745679E-7     9.126255563063236E-8     4.976332695362718E-8     2.7028680778588004E-8    1.46250389279996E-8      7.884631937648263E-9     4.235757003747649E-9     2.267757135418527E-9     1.210114327503331E-9     6.436755207472086E-10    3.41320759646399E-10     1.8044965107083033E-10   9.512348488901477E-11    5.000309199419525E-11    2.621324602939721E-11    1.3705519182637639E-11   7.147520090983024E-12    3.7182070106849126E-12   1.929575634667305E-12    9.990118385394935E-13    5.160471576505899E-13    2.6597834772358315E-13   1.3679444114330767E-13   7.02072553862885E-14     3.5959367940640217E-14   1.8381578169479804E-14   9.378156525156357E-15    4.775713492427599E-15    2.4275350993803865E-15   1.2317267353790484E-15   6.238487725352546E-16    3.1533009216539466E-16   1.5888386789762556E-16   7.93848954587665E-17     3.8378961118372385E-17   1.5757063408602134E-17   0
% Data
% c (mol/m^3) @ t=500, u1=0.05, u2=0.01
1                         0.9997095547363077       0.999234884415595        0.9985022055225651       0.9974175971633923       0.9958641626335735       0.9936996100148727       0.9907545744851685       0.9868320473649158       0.981708295973635        0.975135644045724        0.9668474256255163       0.9565653195329225       0.9440091146703936       0.928908752907247        0.9110182578918541       0.8901309048080299       0.8660947449617955       0.8388274022759252       0.8083289395567135       0.7746915801831108       0.7381051856040776       0.6988576360798907       0.6573296287276571       0.6139838614842034       0.5693490661402634       0.5239998299389623       0.47853354359479866      0.4335460823342056       0.3896079309543087       0.3472423920601733       0.3069072813282932       0.2689811495499411       0.23375462847540757      0.20142703293302183      0.17210791969033032      0.14582294819344196      0.1225231384826556       0.10209648882322113      0.08438089530346746      0.06917739023741067      0.056262859242962315     0.04540157686184724      0.03635508264263299      0.02889006247927005      0.022783943915274937     0.017827749337673574     0.01382514463112198      0.01058505215170853      0.00790149010185512      0.005505814327787298     0.0035616079685002484    0.002285396470687979     0.0014551046429655233    9.195267268742439E-4     5.768812607334638E-4     3.5939296086393154E-4    2.2239132067454357E-4    1.3671953145559095E-4    8.352233144013317E-5     5.0713621083845615E-5    3.0611405176934344E-5    1.8372211956525393E-5    1.0965754345504175E-5    6.510141679106572E-6     3.844943967419116E-6     2.259472166088443E-6     1.3213207862583247E-6    7.690560396747821E-7     4.455718264904443E-7     2.5700796153751833E-7    1.4760508248267623E-7    8.441827227327782E-8     4.808442545791095E-8     2.7280706752484933E-8    1.541837069566234E-8     8.681597730214357E-9     4.870617493283724E-9     2.7229194302320983E-9    1.5170279294064956E-9    8.423653174204871E-10    4.66223475621098E-10     2.572241928314245E-10    1.4147816976325111E-10   7.758212266469661E-11    4.2419147388616954E-11   2.3127173082309116E-11   1.2574035362948312E-11   6.817865307065995E-12    3.6869973264932945E-12   1.9887301190356863E-12   1.070000647784457E-12    5.742765496501172E-13    3.0746942126439174E-13   1.6421350517809683E-13   8.745699421885374E-14    4.637542550898469E-14    2.4326084694631467E-14   1.2278532708334066E-14   5.201927013836645E-15    0
% Data
% c (mol/m^3) @ t=600, u1=0.05, u2=0.01
1                         0.999893073838089        0.9997176723950146       0.9994451756553886       0.999038224910831        0.9984489462515236       0.9976170770320478       0.9964680796951756       0.9949113579154888       0.9928387213474293       0.9901232744716529       0.986618928467244        0.9821607483897398       0.976566346571428        0.9696385125999456       0.9611692267864113       0.9509451355675247       0.9387544740005056       0.9243953056548041       0.9076848205438279       0.8884692976163906       0.8666342131795945       0.8421138758655153       0.8148999080271772       0.7850478864120756       0.7526815108889047       0.717993791629419        0.6812449272104649       0.6427567750027023       0.6029040700379679       0.5621028034311355       0.5207963989571589       0.47944050144916545      0.4384872941443408       0.39837028350076886      0.35949042888087523      0.32220436006932085      0.2868152349071767       0.2535665641514389       0.22263909360128065      0.194150603497789        0.16815827214149903      0.14466304802656296      0.12361524636340236      0.10492023933630779      0.08844244034022658      0.07400435475457703      0.061374363715776314     0.05023019145786742      0.04007064523442896      0.030017827122610544     0.02109953801280448      0.014713958819606895     0.010183155954933654     0.006996144148087296     0.004772875569346302     0.003234168707314614     0.002177296756264672     0.0014566375505612563    9.686489781180213E-4     6.404133495823517E-4     4.2104394194698874E-4    2.753327854354629E-4     1.7911780048673241E-4    1.1594536901067414E-4    7.46934072192943E-5      4.7896380322431104E-5    3.0576598192199876E-5    1.9436293420655867E-5    1.230395365746006E-5     7.757995912175228E-6     4.8729539170788564E-6    3.0495443836463873E-6    1.9016794892183547E-6    1.181835725038219E-6     7.320656676204163E-7     4.520327227518923E-7     2.7827137547147794E-7    1.7080325712320052E-7    1.0454448335779199E-7    6.381609089215355E-8     3.8853354622141025E-8    2.3596070791499473E-8    1.4295712474761135E-8    8.641069956556292E-9     5.211516239958471E-9     3.136414283128797E-9     1.883701418090201E-9     1.129107355945722E-9     6.755176222899316E-10    4.0341140901559084E-10   2.4049044250255053E-10   1.4312136585037866E-10   8.50275299171332E-11     5.0415961454380767E-11   2.9809597623983706E-11   1.752425636136878E-11    1.0141301366053713E-11   5.578418798174769E-12    2.5128016966524927E-12   0
% Data
% c (mol/m^3) @ t=700, u1=0.05, u2=0.01
1                         0.999959739556129        0.9998935073373666       0.9997901025920195       0.9996346389748431       0.9994076445498322       0.9990840340630865       0.9986319639972276       0.9980115925808349       0.9971737811457672       0.9960587896763731       0.9945950374001055       0.9926980177421779       0.9902694743834513       0.9871969595775653       0.9833539050190924       0.9786003369443137       0.972784358376127        0.9657445004383389       0.9573130101230337       0.94732009354967         0.9355990727853849       0.9219923435445275       0.9063579451232512       0.8885764788953542       0.8685580448958494       0.8462488152253649       0.821636835593083        0.7947566482500031       0.7656923644506417       0.7345788828717228       0.7016010489692647       0.666990672344526        0.631021455007648        0.5940020210356255       0.5562673646891187       0.5181691371556093       0.4800652607115835       0.44230938391459584      0.4052406636872218       0.3691742680639046       0.3343928140643762       0.30113863804141644      0.2696062293132811       0.23993310291625394      0.21218534533744338      0.18633001760904613      0.16217848203888335      0.1392684112373196       0.11661957171650919      0.09223337984928343      0.06901902923468349      0.05122609774892974      0.03772094638591909      0.02756537571941895      0.019996356934061817     0.014403032065451836     0.010303356557908714     0.007321945437831334     0.005170043767421761     0.003628064522855566     0.002530802201654948     0.0017552124316312944    0.001210520065216928     8.303563600818441E-4     5.666092496827505E-4     3.8468298575516067E-4    2.598922411869573E-4     1.7475230951919814E-4    1.169654492495053E-4     7.794006192767404E-5     5.1712263829308385E-5    3.416764214511571E-5     2.2484439129998908E-5    1.4738376474794534E-5    9.624336893951014E-6     6.2617653597185365E-6    4.059541905898491E-6     2.622764601656252E-6     1.6888450435743307E-6    1.083959615545802E-6     6.935412790774124E-7     4.423938763264625E-7     2.8136090652648596E-7    1.7843300864189766E-7    1.1284467911186583E-7    7.117341551594575E-8     4.477344434276938E-8     2.8094609982078595E-8    1.7585614488326014E-8    1.0981302140575101E-8    6.8412619840134325E-9    4.252212986688455E-9     2.6366985789702645E-9    1.6305141593416098E-9    1.0043943400263186E-9    6.14070945005429E-10     3.6840150440396045E-10   2.0887207811517644E-10   9.605813105692538E-11    0
% Data
% c (mol/m^3) @ t=800, u1=0.05, u2=0.01
1                         0.9999844746289779       0.9999588805131524       0.9999187775612384       0.9998581894688694       0.9997691859131512       0.999641384397485        0.9994613663407095       0.9992120050683896       0.9988717077363077       0.998413579041971        0.9978045219276908       0.9970042993041478       0.9959645909304128       0.9946280905922026       0.9929277000269886       0.9907858868268569       0.9881142827633633       0.9848136053976392       0.9807739881291383       0.9758758006628337       0.9699910320450285       0.9629852910523842       0.9547204534311415       0.9450579525535981       0.9338626705688509       0.9210073430300257       0.9063773440892285       0.8898756751922138       0.8714279417714745       0.85098707382334         0.8285375312043918       0.80409873588894         0.7777274928436          0.7495191983509016       0.7196076870947588       0.6881636319902147       0.6553914751133002       0.6215249208499336       0.5868210421957537       0.5515530017999147       0.5160012056694748       0.48044226689838404      0.44513422358669547      0.410294571698492        0.37606395172712154      0.34244105017442966      0.30916014088603655      0.27545538876190845      0.2396035958649954       0.19803690962443188      0.1560225937129158       0.12190654593551933      0.09449001770884552      0.07267408978685654      0.05547765882591205      0.042044258786923576     0.03164069370866983      0.02365007232004061      0.017561380645470616     0.01295726633603619      0.009501278147875223     0.006925429210214197     0.005018643841850045     0.0036164057146165743    0.002591745110287701     0.0018475764910619607    0.0013103148569542956    9.24650664862801E-4      6.49339569511077E-4      4.538573612103925E-4     3.157761233258704E-4     2.1873013228237244E-4    1.5085595324327314E-4    1.0360817573651402E-4    7.086874967281601E-5     4.828301691233696E-5     3.276883278845473E-5     2.215649007832578E-5     1.4926545602101178E-5    1.0020271546221277E-5    6.703529933536008E-6     4.469636321304735E-6     2.9704672481941484E-6    1.967883560870973E-6     1.299669547335658E-6     8.557778691180376E-7     5.618470589178184E-7     3.67821471245346E-7      2.401313650654856E-7     1.5634385742209017E-7    1.0152004662362338E-7    6.57444935881284E-8      4.2456415025467624E-8    2.732650547677381E-8     1.7503221360052115E-8    1.1107708889480629E-8    6.894535705446437E-9     4.021048288862591E-9     1.8849720513912866E-9    0
% Data
% c (mol/m^3) @ t=900, u1=0.05, u2=0.01
1                         0.9999938379600385       0.9999836644134444       0.9999676824849298       0.9999434520750489       0.9999077025949379       0.9998561036464816       0.9997829879003022       0.9996810207860719       0.9995408124398597       0.9993504687702438       0.9990950806260364       0.9987561529778828       0.9983109798408266       0.9977319753976022       0.9969859774015304       0.9960335453281857       0.9948282826888205       0.9933162200813384       0.9914353024778039       0.9891150303518983       0.9862763088531213       0.9828315615858568       0.9786851648827927       0.9737342540585756       0.9678699444121681       0.960978996363854        0.9529459360307833       0.9436556201211002       0.9329962080568348       0.920862475954523        0.9071593781107975       0.8918057337995581       0.8747378923050929       0.8559132085759642       0.8353131459912854       0.8129458096490976       0.788847697525526        0.7630844248079284       0.7357501024230962       0.7069648834282551       0.6768698336870068       0.645617552946974        0.6133555237943679       0.5801963501854146       0.5461636496640052       0.5110921195432647       0.4744410058926655       0.4349441091700087       0.3899523174908444       0.33420044226144563      0.27482374506632756      0.22413118992627162      0.18132695504893692      0.14555949796624842      0.1159680129945642       0.0917175452622603       0.07202383208026258      0.0561692939137675       0.043511747232465155     0.03348740836063899      0.025609647575345118     0.019464777056036667     0.01470594835950617      0.011046020326561363     0.008250054512598543     0.006127913491920629     0.004527283437132029     0.0033273178835387437    0.00243300340516114      0.0017702771570278428    0.0012818770785183596    9.238739265461891E-4     6.628162827261544E-4     4.734117265936827E-4     3.3666649241217576E-4    2.384097062448899E-4     1.681348563064256E-4     1.180990943158172E-4     8.262932060907394E-5     5.7592123124117727E-5    3.999212581255679E-5     2.7669948073334604E-5    1.9076706919266714E-5    1.3106817909532574E-5    8.974832482305283E-6     6.1252796525687995E-6    4.1670618559671165E-6    2.825990870571416E-6     1.910636371006631E-6     1.2878825400908722E-6    8.655212229451613E-7     5.799153905635845E-7     3.872950750493769E-7     2.5764039658469417E-7    1.7039519152182144E-7    1.1146520051989355E-7    7.110587958194491E-8     4.241071066739927E-8     2.0181159372700854E-8    0
% Data
% c (mol/m^3) @ t=1000, u1=0.05, u2=0.01
1                         0.9999974988368163       0.9999933647122965       0.9999868575549348       0.9999769657148283       0.9999623230749416       0.9999411056819933       0.9999109042487399       0.9998685686494329       0.9998100204276819       0.9997300294156651       0.9996219508882822       0.9994774203139766       0.9992860037866916       0.9990348036995956       0.998708021210763        0.9982864795970336       0.9977471157112285       0.9970624504292881       0.9962000531292491       0.9951220197570525       0.9937844887129226       0.9921372233745147       0.9901232942281893       0.9876788969155778       0.9847333445816203       0.9812092732736537       0.9770230973401917       0.9720857474102249       0.9663037162779133       0.9595804276586488       0.9518179292107216       0.9429188943735599       0.9327888972996567       0.921338900865733        0.9084878677788651       0.8941653651912984       0.8783139754875815       0.8608912327441806       0.8418706420609825       0.821241043182817        0.7990030296524173       0.7751601052610666       0.7497003355782489       0.722560671817628        0.6935594958107428       0.6622707295892261       0.627790495356711        0.5883065574726828       0.5403068353455168       0.47712970863217297      0.40667654682625887      0.3438234175417049       0.2883983564349185       0.24005707774955193      0.19833090972854833      0.16266975033005832      0.1324789535024284       0.10714968363208836      0.08608277453241475      0.06870649678387258      0.054488881901658064     0.042945389585627845     0.03364275498536723      0.026199837371850488     0.02028622975077349      0.015619298350546481     0.011960216068803901     0.00910944605630198      0.006902028665757332     0.005202932183795498     0.0039026479492358405    0.00291314468237745      0.00216424484339496      0.0016004464780130605    0.0011781856758330057    8.635156307562863E-4     6.301665167394994E-4     4.579442663130643E-4     3.314243607665943E-4     2.3889764794266929E-4    1.7152798049522187E-4    1.226853290475536E-4     8.742238905098608E-5     6.206715635611645E-5     4.390822137309798E-5     3.095345867973471E-5     2.1746280778164206E-5    1.5226650469312382E-5    1.0626612955884801E-5    7.392246873449091E-6     5.125686594751686E-6     3.5422854479021483E-6    2.4391203720721395E-6    1.6719294787229128E-6    1.1382665101159112E-6    7.651857345663725E-7     5.001661388084984E-7     3.0426646433133133E-7    1.466865003718564E-7     0
% Data
% c (mol/m^3) @ t=1100, u1=0.05, u2=0.01
1                         0.999999046417527        0.9999974682941268       0.9999949789788593       0.9999911838582037       0.9999855458231222       0.9999773414430793       0.9999656058603485       0.9999490641449101       0.9999260465866131       0.9998943851660831       0.9998512882638564       0.9997931905693059       0.9997155751741685       0.9996127650228408       0.9994776812908264       0.999301566924478        0.9990736745502686       0.9987809192970832       0.9984074988083534       0.9979344848747813       0.9973393936930067       0.9965957447207113       0.9956726213859978       0.9945342504046859       0.9931396199981576       0.9914421606655672       0.9893895150683861       0.9869234256934888       0.9839797698709795       0.9804887709556777       0.9763754114446723       0.971560067706169        0.9659593756606348       0.959487320249221        0.9520565154301597       0.9435795994996519       0.9339706011056053       0.923146012771985        0.9110251010147711       0.8975286114960753       0.8825743593838157       0.8660669842990885       0.8478769533427944       0.8277999184621203       0.8054803495278956       0.7802704268810183       0.750971961761013        0.7153676015120265       0.6693736039499254       0.6055150812428448       0.5314296835555646       0.46280027603840085      0.3999944027705412       0.3431705808951816       0.292309649676887        0.24724767457850697      0.20770844242513203      0.1733340328862292       0.1437123952420357       0.11840126773026283      0.0969481298073969       0.07890616470816368      0.0638464277463569       0.051366567784758656     0.04109654222129982      0.03270180912339732      0.025884484229130932     0.020382925767428683     0.015970165909583542     0.01245155229117669      0.00966190301320014      0.007462418827515041     0.005737540333827351     0.004391888170816914     0.003347381524274525     0.002540595138707123     0.0019203871608555352    0.0014458089356368144    0.0010842924702192302    8.101007420438667E-4     6.030194145165926E-4     4.472649656193247E-4     3.3058295529295395E-4    2.435104995984744E-4     1.7877844614025242E-4    1.308308329316685E-4     9.544164091143702E-5     6.941138524364391E-5     5.0328570814853606E-5    3.6383358361220534E-5    2.622288817237407E-5     1.8839558718471794E-5    1.348515003811054E-5     9.605022296430639E-6     6.787721838278795E-6     4.726205508108629E-6     3.1875614601867006E-6    1.9885664552892997E-6    9.746690183688782E-7     0
% Data
% c (mol/m^3) @ t=1200, u1=0.05, u2=0.01
1                         0.999999681043126        0.9999991522106112       0.9999983153851145       0.9999970341302402       0.9999951206676458       0.999992318991475        0.9999882831465066       0.9999825495048253       0.9999745016637601       0.9999633263590904       0.9999479585487692       0.9999270135836605       0.9998987041572955       0.9998607395355404       0.9998102044336813       0.999743414862807        0.9996557483449802       0.9995414461376075       0.9993933855552057       0.9992028211757761       0.9989590947113698       0.9986493146433193       0.9982580083947517       0.9977667518396209       0.997153783304252        0.9963936118425061       0.995456632348257        0.994308762832784        0.9929111216755149       0.991219764462808        0.9891855005745478       0.986753808055283        0.9838648600556418       0.9804536648073346       0.9764502994814201       0.9717801789320836       0.9663642299622266       0.9601187165245418       0.9529542383735353       0.944773028307576        0.9354629638944509       0.924885443463445        0.9128520177343801       0.8990806463052182       0.8831152997677395       0.8641799535345395       0.8409156023313197       0.8109093750095147       0.7698552232930166       0.710063433051198        0.6382655422678298       0.5695444282405604       0.5045971688862935       0.4439374530582573       0.3879062578318474       0.3366877518966191       0.29032872001342247      0.24875994135574514      0.21181815987421349      0.17926752930774653      0.1508196742535162       0.12615176156787666      0.1049222082029789       0.08678385236722888      0.07139457921566092      0.05842551858058018      0.0475670219974173       0.03853268303751112      0.03106169359879465      0.024919834794363712     0.019899389925692183     0.015818243875957774     0.012518402627144072     0.009864132243393348     0.007739881515366027     0.006048118691463141     0.004707181798520911     0.003649214851730276     0.002818239170819548     0.002168390097159387     0.0016623344304716745    0.0012698724967683298    9.667204536382416E-4     7.334627344318462E-4     5.546609363968398E-4     4.1810351166089705E-4    3.141799177898426E-4     2.3536307910336347E-4    1.757848138335088E-4     1.3089006540617168E-4    9.71571594799009E-5      7.187275620261255E-5     5.295157888022614E-5     3.879230189792701E-5     2.81621163092718E-5      2.0103414410249295E-5    1.3856698638970893E-5    8.794169556048244E-6     4.358405508773322E-6     0
% Data
% c (mol/m^3) @ t=0, u1=0.05, u2=0.03
1                         -5.67273296986745E-8     3.4412341060481E-15      4.799069503581939E-20    8.009901849351557E-26    1.0236269825679836E-31   1.1689697273466286E-37   1.2541942007528335E-43   1.2931961592123735E-49   1.2971711273412363E-55   1.2750964098618612E-61   1.2341312993497323E-67   1.1799489050910842E-73   1.1170108771030942E-79   1.0487944867290986E-85   9.779799986132865E-92    9.066049837963818E-98    8.36191142513407E-104    7.67848296152187E-110    7.023594438389064E-116   6.402501374443448E-122   5.818448902477134E-128   5.27312882761638E-134    4.7670485058890005E-140  4.2998272207381775E-146  3.87043308118073E-152    3.4773712461751012E-158  3.1188324258909612E-164  2.7928090631710067E-170  2.4971853082638143E-176  2.229805825310302E-182   1.9885275750158066E-188  1.7712579750216928E-194  1.5759822230705072E-200  1.400782057140876E-206   1.243847804117782E-212   1.1034852193859284E-218  9.78118331890013E-225    8.662892723098972E-231   7.666558674875277E-237   6.779876249008432E-243   5.991606007938759E-249   5.291515395149368E-255   4.670315854955792E-261   4.119597996329313E-267   3.6317665570233034E-273  3.1999764741263863E-279  2.8180710082693E-285     2.480522584199062E-291   2.182376786753241E-297   1.912887438675138E-303   1.50277253509723E-309    1.180048345E-315         1.057E-321               0                        0                        0                        0                        0                        0                        0                        0                        0                        0                        0                        0                        0                        0                        0                        0                        0                        0                        0                        0                        0                        0                        0                        0                        0                        0                        0                        0                        0                        0                        0                        0                        0                        0                        0                        0                        0                        0                        0                        0                        0                        0                        0                        0                        0                        0                        0
% Data
% c (mol/m^3) @ t=100, u1=0.05, u2=0.03
1                         0.9656881255471027       0.9132847261683883       0.8415363061625021       0.7517145725442032       0.647912551767426        0.5366497837769435       0.42576129171666643      0.3228360707569089       0.2337119178248799       0.1615493833225739       0.10674402926030407      0.06755197460372793      0.041046893762842644     0.02401663424805345      0.013571978958974272     0.007429996568059963     0.0039520837666527555    0.002048181267133855     0.0010369245665182863    5.140507894175524E-4     2.5009126621002026E-4    1.1964373549732733E-4    5.6384721281380774E-5    2.6218934278347478E-5    1.2047020511560307E-5    5.476675174106361E-6     2.466195373509407E-6     1.101174245373851E-6     4.879749026042684E-7     2.14783828433742E-7      9.39675272353617E-8      4.088835715579417E-8     1.7705521090926872E-8    7.633402313796713E-9     3.278054107087766E-9     1.4027124360376245E-9    5.983045863174636E-10    2.5445247705597876E-10   1.0792852347795132E-10   4.5668043808379544E-11   1.9280804209963448E-11   8.123708766856904E-12    3.416419059457412E-12    1.434296541233824E-12    6.011936849518412E-13    2.516212195700791E-13    1.0516518693752066E-13   4.388484532160552E-14    1.823573698639956E-14    7.331637620074647E-15    2.7804619365313923E-15   1.0533936437216374E-15   3.987025569159672E-16    1.5077051135676654E-16   5.696593682906167E-17    2.1506317948426895E-17   8.113116924775433E-18    3.058423676635814E-18    1.1521574848512628E-18   4.337556777310154E-19    1.6319670382815834E-19   6.136535427785411E-20    2.3061770085341694E-20   8.662248208725387E-21    3.2519774651035147E-21   1.220261748266911E-21    4.576738143439679E-22    1.7157941964071194E-22   6.429664769317558E-23    2.408423956052428E-23    9.017913069840866E-24    3.3753146733462935E-24   1.2628851309363938E-24   4.7234648416439885E-25   1.7660799139610674E-25   6.601127409304337E-26    2.466544604475095E-26    9.213564100076984E-27    3.4406355577524714E-27   1.284476837089669E-27    4.793961377844244E-28    1.7887403166502601E-28   6.672494866172064E-29    2.4884040096292496E-29   9.277876128461814E-30    3.4583940058035355E-30   1.2888478117463319E-30   4.80211976789459E-31     1.7888391908416945E-31   6.662224209218367E-32    2.480729257843982E-32    9.235366128008815E-33    3.437524543094605E-33    1.2792529058735375E-33   4.759762205273915E-34    1.7705385727938753E-34   6.579933131398177E-35    2.425902044673528E-35    8.217614014967857E-36    0
% Data
% c (mol/m^3) @ t=200, u1=0.05, u2=0.03
1                         0.9920263987459035       0.9793573937139262       0.9607424404134242       0.9349945468230985       0.9011403496323827       0.8585814570380368       0.80724207174606         0.7476739957159011       0.6810920728050343       0.6093221036352054       0.5346585589871629       0.4596480702047747       0.38683189192686424      0.31849101808315383      0.2564375862685929       0.20188513523307164      0.15541155279684712      0.11700814004554255      0.08619219206146712      0.06215263877885166      0.04389905530693552      0.03039143042505287      0.020637931092637795     0.013757281535319282     0.009009268644900863     0.005800651001376337     0.0036747720557229325    0.002292343185948358     0.0014091068272864067    8.541445458698824E-4     5.109019737996182E-4     3.017483564056863E-4     1.7608493798110036E-4    1.0158386773638243E-4    5.796881393851417E-5     3.2738596954114616E-5    1.8307874249568416E-5    1.0142198675977007E-5    5.568461471541838E-6     3.0312994492732203E-6    1.6367569468465157E-6    8.769254622177114E-7     4.6635480336184257E-7    2.462571703603813E-7     1.2915598945743518E-7    6.730014739547512E-8     3.4848048650187934E-8    1.792547837152376E-8     9.126281043852215E-9     4.4726224395355765E-9    2.0745233470267165E-9    9.57110318686274E-10     4.393273095839731E-10    2.0067188768466605E-10   9.123083069956218E-11    4.1288914888525936E-11   1.860534471604511E-11    8.34883761148162E-12     3.731351903940708E-12    1.6612027648811818E-12   7.368114469438039E-13    3.256306855156567E-13    1.4341170153210597E-13   6.294866360578638E-14    2.7541076531088233E-14   1.2011996659756428E-14   5.223174829856161E-15    2.2645507411059467E-15   9.790362212014205E-16    4.221082856657602E-16    1.8150761423106811E-16   7.784799805189892E-17    3.330549421420734E-17    1.4214541983718606E-17   6.052429393503897E-18    2.571203548963126E-18    1.0898877971752872E-18   4.609918797918677E-19    1.945796150020623E-19    8.196328201404475E-20    3.4457488708531735E-20   1.445817812659981E-20    6.0552441412683275E-21   2.531392501964205E-21    1.0563743464539043E-21   4.400750281819488E-22    1.8302287743211098E-22   7.599278259935465E-23    3.150253438029023E-23    1.303893254335392E-23    5.388632700920323E-24    2.223674065340792E-24    9.162944311094937E-25    3.770374236347545E-25    1.5492697658615285E-25   6.356521730990566E-26    2.6012908512772193E-26   1.0516669966684824E-26   3.8464520633022376E-27   0
% Data
% c (mol/m^3) @ t=300, u1=0.05, u2=0.03
1                         0.997639073647335        0.9938283453720811       0.9880724541808856       0.9798018644063939       0.9683918009938609       0.9531929031561267       0.9335736102535086       0.908972562367645        0.8789572838700508       0.8432834312421883       0.8019473440085991       0.7552239940717846       0.7036830633797122       0.6481779670833241       0.5898060381271228       0.5298422998472118       0.4696534798799079       0.4106022467978612       0.35395329893397176      0.3007924978534497       0.2519678255204907       0.20805714629615904      0.16936345951376347      0.13593444840706903      0.10760035912579025      0.08402290926964183      0.06474798490997909      0.04925601539050329      0.03700565883307375      0.027468335237288047     0.020152856086654042     0.014620709659696815     0.01049339773828314      0.007453614497039181     0.005242105605365702     0.0036518602409136226    0.002520979334441248     0.001725215917765102     0.0011708561425397325    7.883347666318656E-4     5.267688473682376E-4     3.4944663127160725E-4    2.302161669630344E-4     1.506679069955268E-4     9.798534366825833E-5     6.33369200361601E-5      4.069253193272204E-5     2.5962129262557706E-5    1.6365998278042976E-5    9.947502101906778E-6     5.7856629956685225E-6    3.3483586248678766E-6    1.9286585674577993E-6    1.1059163667371528E-6    6.314315880840254E-7     3.590507168972071E-7     2.033734794736585E-7     1.1476801327607507E-7    6.4537203584918E-8       3.616869453073727E-8     2.0204858415640502E-8    1.125232783310051E-8     6.248164578484266E-9     3.459734887655144E-9     1.9105887998217394E-9    1.0523898074159832E-9    5.782549213041318E-10    3.1698677187514994E-10   1.7337460275130442E-10   9.462231646020914E-11    5.153526965328073E-11    2.801273781987326E-11    1.5197840066944264E-11   8.230325604343547E-12    4.449312012533501E-12    2.401262862735893E-12    1.2938572490289095E-12   6.960817763420534E-13    3.7392759147012093E-13   2.0058246733459936E-13   1.0744849075823241E-13   5.748203523170626E-14    3.071213030082805E-14    1.638906823025796E-14    8.735438079757771E-15    4.650717070334754E-15    2.4733057714455765E-15   1.3139396655201692E-15   6.973150845004601E-16    3.697041234202171E-16    1.9582401348217463E-16   1.0362816594251073E-16   5.478997439345631E-17    2.894251909627531E-17    1.5273259518494093E-17   8.04580961179564E-18     4.2146913273759916E-18   2.1508572148595573E-18   9.469205082553538E-19    0
% Data
% c (mol/m^3) @ t=400, u1=0.05, u2=0.03
1                         0.999202301358374        0.99790476152717         0.9959182785141071       0.9930104310750392       0.9889038384760449       0.9832773797806534       0.9757711146209778       0.9659956168240192       0.9535461656144794       0.9380218293689416       0.9190489387290772       0.8963078208812851       0.8695610249365967       0.8386807037469403       0.8036724374575215       0.7646926912629766       0.7220573698219545       0.6762395894939196       0.6278557962124018       0.5776405990131087       0.5264119946501038       0.47502982371125824      0.42435112883673515      0.3751864386244166       0.32826081876165697      0.28418285466346566      0.243423684324757        0.20630696961748649      0.17300947750851253      0.1435709131193636       0.11791092300063177      0.09585082030852493      0.07713755976001654      0.06146774588228217      0.0485099018662631       0.037923760752223555     0.029375879196232732     0.022551351818513733     0.01716178179179324      0.012949925580111403     0.009691580313221577     0.00719533749691239      0.005300809156488412     0.0038758654647691533    0.0028133264088743785    0.0020274370605337113    0.001450327632798653     0.0010284949774073597    7.190745895073782E-4     4.8512850743413484E-4    3.146631626039306E-4     2.0277452048316944E-4    1.2985722949843083E-4    8.266204497402766E-5     5.231554345314473E-5     3.292553188945006E-5     2.061109060908844E-5     1.2835709975308602E-5    7.953721601395162E-6     4.904894057473357E-6     3.010726979796101E-6     1.839780797020243E-6     1.1193891896668054E-6    6.782360273418702E-7     4.092860240098192E-7     2.460244173142642E-7     1.4732998221204056E-7    8.790623298796206E-8     5.22655474611036E-8      3.0969069291580785E-8    1.828963613714136E-8     1.0766925716569774E-8    6.31875786134859E-9      3.6971483686712855E-9    2.1569364245660812E-9    1.254820554935054E-9     7.28008914673244E-10     4.2124822100999807E-10   2.431195552699207E-10    1.39963543290756E-10     8.038124216258671E-11    4.605423419035816E-11    2.6326228720952283E-11   1.5015508194906673E-11   8.545760921337017E-12    4.853407719767188E-12    2.7507632183619496E-12   1.5559447760939438E-12   8.78401260701845E-13     4.949620638816253E-13    2.7838926747395775E-13   1.5629839855239923E-13   8.75978546311141E-14     4.9008008325100904E-14   2.7364906730149588E-14   1.523457151511758E-14    8.4148635242624E-15      4.5042590058000585E-15   2.0548796736276787E-15   0
% Data
% c (mol/m^3) @ t=500, u1=0.05, u2=0.03
1                         0.9997095547363078       0.999234884415595        0.998502205522565        0.9974175971633922       0.9958641626335734       0.9936996100148731       0.9907545744851683       0.986832047364916        0.9817082959736352       0.9751356440457244       0.9668474256255166       0.9565653195329223       0.9440091146703938       0.9289087529072472       0.9110182578918543       0.8901309048080305       0.8660947449617958       0.8388274022759257       0.8083289395567137       0.7746915801831112       0.7381051856040783       0.6988576360798925       0.6573296287276624       0.6139838614842174       0.5693490661403009       0.5239998299390621       0.4785335435950621       0.4335460823348996       0.38960793095612856      0.3472423920649272       0.30690728134066503      0.26898114958201486      0.23375462855823165      0.20142703314603494      0.1721079202359049       0.1458229495848423       0.12252314201571719      0.10209649775424112      0.08438091777588239      0.06917744651609124      0.05626299950131809      0.045401924676595456     0.03635594075458712      0.028892168475016564     0.0227890846841548       0.017840228741482295     0.0138552671706485       0.010657338602699356     0.008073924635871805     0.0059146295320525915    0.0041849183066936775    0.002939271706898581     0.0020496843921137325    0.0014194705423756443    9.764545614676738E-4     6.673515925582843E-4     4.5323331662150467E-4    3.059410006389338E-4     2.0529740175142332E-4    1.3697374867592803E-4    9.088133068036693E-5     5.9974690536216985E-5    3.9371978653759424E-5    2.5715777850901597E-5    1.6713604726473043E-5    1.0810880938484596E-5    6.960376143607859E-6     4.461110475120191E-6     2.846739680356201E-6     1.8088430243008904E-6    1.1446013302556777E-6    7.213696795798396E-7     4.5285590032305153E-7    2.8320910038922347E-7    1.7645918783481153E-7    1.0955054274063701E-7    6.777347395356177E-8     4.178498321447346E-8     2.5676445628571038E-8    1.57268353916567E-8      9.602312418000854E-9     5.84485083235512E-9      3.5470557227722763E-9    2.146309272607789E-9     1.2950243788965882E-9    7.792118146787375E-10    4.675786131321731E-10    2.798361923075086E-10    1.6704401520335242E-10   9.946319994010353E-11    5.907773624360776E-11    3.50056566073864E-11     2.0692897396306552E-11   1.2202835631881749E-11   7.176777807577922E-12    4.203602480411299E-12    2.4372904410970594E-12   1.3622091200589962E-12   6.414452142173491E-13    0
% Data
% c (mol/m^3) @ t=600, u1=0.05, u2=0.03
1                         0.9998911154368024       0.999712546687729        0.9994352498886595       0.9990213721873943       0.9984224901237431       0.9975777636080994       0.9964120920654443       0.994834388851741        0.992736119720667        0.9899902780654315       0.9864509903329567       0.9819539553485591       0.9763179170589786       0.9693473474446931       0.9608364719866158       0.9505747025547161       0.9383534525808798       0.9239742003199292       0.90725754443089         0.8880528716478641       0.8662481411743037       0.8417791984295012       0.8146379757811252       0.7848789319850358       0.7526231334687271       0.7180594919254086       0.6814428395907481       0.6430887344081875       0.6033651238413215       0.5626812354680929       0.5214742799242558       0.4801947239357005       0.43929099949260886      0.39919454842250973      0.36030605732260046      0.3229836226096721       0.28753341366178214      0.25420319329740143      0.22317883093089108      0.19458372495977658      0.1684808522689536       0.14487698937230592      0.12372849052771726      0.10494782379609012      0.08840976435730216      0.0739555285648317       0.061391790562056646     0.05047859950005204      0.04089393406819138      0.03214932919037438      0.024541521670185796     0.018597771189488355     0.013994134160999885     0.010458047447823015     0.007763653807696462     0.005726404632886653     0.004197448361171992     0.0030581663421153644    0.002215093420904433     0.0015953605230953794    0.0011427205407153445    8.141644021837406E-4     5.770979531979982E-4     4.070284822128297E-4     2.8569884232969376E-4    1.9960401585207696E-4    1.3882703995763768E-4    9.613642381192363E-5     6.62940225896685E-5      4.5529725292517835E-5    3.1146558331540604E-5    2.1226483012261193E-5    1.4413054171792996E-5    9.752132295776528E-6     6.576016726722231E-6     4.419761036764052E-6     2.9611382499788373E-6    1.9778473086064722E-6    1.3171945525879309E-6    8.747377410620771E-7     5.793260686375905E-7     3.8267569512133597E-7    2.521421731328376E-7     1.657333854344145E-7     1.0868420211823362E-7    7.111409649014642E-8     4.643203519803091E-8     3.0254593375682863E-8    1.9674974809685657E-8    1.2770930763121491E-8    8.27465892642546E-9      5.352099021316058E-9     3.4558295077547817E-9    2.227289309859772E-9     1.4319045925790052E-9    9.160092554423857E-10    5.77963567445947E-10     3.480690840917965E-10    1.729588741777746E-10    0
% Data
% c (mol/m^3) @ t=700, u1=0.05, u2=0.03
1                         0.9999593400235054       0.9998924594173924       0.9997880660673373       0.9996311636737775       0.9994021527270892       0.9990758058696062       0.9986201287154297       0.9979951287741267       0.9971515291602437       0.9960294799286867       0.9945573374782148       0.9926506004406085       0.990211107333735        0.9871266151182031       0.9832708864569508       0.9785044145630556       0.9726759057151845       0.9656246188500532       0.9571836278216443       0.9471840247055201       0.9354600230463131       0.9218548509135859       0.9062272494263163       0.8884583189333244       0.8684583893358939       0.8461735406508161       0.8215913720403323       0.7947456180909341       0.7657192437836642       0.7346457150344177       0.7017082370952541       0.6671368721988659       0.6312035812509227       0.5942153706332607       0.5565058518605968       0.5184256269605201       0.48033198570952806      0.4425784343801624       0.40550456393681017      0.36942670412691386      0.33462969143942345      0.30135988600573843      0.26981926272134665      0.2401598788017514       0.21247707704036325      0.18679799399531374      0.16305844164439026      0.1410543000677045       0.12033981054536143      0.10001798372037596      0.08109914628950493      0.06529697877814429      0.05221433057702783      0.04147498776893406      0.03273117570060296      0.02566807126931725      0.02000585966494045      0.015499871166278214     0.01193929849206605      0.009144937225681668     0.0069663219866818995    0.005278557919584452     0.0039790769070704585    0.0029844847068338084    0.0022276111566016496    0.0016548314815059886    0.0012236923576621642    9.008508709245541E-4     6.603166360371682E-4     4.8197574558888424E-4    3.5036855344048603E-4    2.536903318025408E-4     1.8298351195027908E-4    1.3149165197611735E-4    9.414778413347621E-5     6.717286255646153E-5     4.776328896128343E-5     3.384968842240914E-5     2.3912082141655623E-5    1.6839272156065387E-5    1.1822577316959864E-5    8.276037938949732E-6     5.776857228880717E-6     4.0212022480303765E-6    2.7915827054977355E-6    1.932900482564059E-6     1.3349529408368799E-6    9.197119672901172E-7     6.321174743735889E-7     4.3344353474568546E-7    2.965381852049965E-7     2.0242109927059854E-7    1.3786037851690727E-7    9.365132966435215E-8     6.33944415008661E-8      4.2622735785413215E-8    2.8163812218089205E-8    1.7639981081549243E-8    9.007314189044198E-9     0
% Data
% c (mol/m^3) @ t=800, u1=0.05, u2=0.03
1                         0.9999842852602575       0.9999583819100886       0.9999178023250368       0.9998565101179665       0.9997665008859569       0.9996373030942518       0.9994553939858081       0.9992035285156546       0.9988599837110118       0.9983977266849787       0.9977835218405006       0.9969770015362969       0.9959297344424035       0.994584336601955        0.99287368124192         0.9907202738241613       0.9880358676773411       0.9847214016087157       0.9806673428741638       0.9757545155041756       0.9698554841083312       0.9628365460838976       0.9545603602880376       0.9448892079917297       0.9336888433792229       0.9208328478863791       0.9062073579941298       0.8897159931061288       0.8712847726875035       0.8508667838757855       0.8284463459327415       0.8040424190525708       0.7777110238288623       0.7495464741677954       0.719681278801277        0.6882846309154191       0.6555594756243563       0.6217382122943821       0.5870771405914819       0.5518497769737127       0.5163391219849975       0.4808287951224031       0.4455925751050222       0.41088110250037674      0.37690296118045075      0.34379436999679724      0.3115659816401035       0.28000433410858844      0.24848469918710045      0.2156127924675665       0.1832406062003735       0.154666509296477        0.12967618402329265      0.1080129776364709       0.08939350549135157      0.07352122680142224      0.06009777712470475      0.04883201382221675      0.039446865186306114     0.03168417047003314      0.02530775947584374      0.020105051466268137     0.01588745975108225      0.012489876450437684     0.00976948738388061      0.00760413485349565      0.005890410445700736     0.0045416240834967965    0.0034857617120345233    0.002663513670679422     0.0020264297910981034    0.0015352358316906196    0.001158328899157413     8.704566489915432E-4     6.515757818060381E-4     4.8587908132638827E-4    3.6097638915599047E-4    2.672129352964483E-4     1.9710785814850562E-4    1.4489614324637469E-4    1.061582521926245E-4     7.752314019394078E-5     5.6431974802567776E-5    4.0951527565257296E-5    2.962781702248688E-5     2.1372074249769017E-5    1.5372446312542765E-5    1.1026033771912854E-5    7.886874592199483E-6     5.626346239346181E-6     4.0031734063676025E-6    2.840816021616971E-6     2.010486515443167E-6     1.4184204910688826E-6    9.96310769839985E-7      6.940138934248464E-7     4.7374026191362006E-7    3.049097793643275E-7     1.5861368550991906E-7    0
% Data
% c (mol/m^3) @ t=900, u1=0.05, u2=0.03
1                         0.9999937584847237       0.9999834546437679       0.9999672705089351       0.99994273858048         0.9999065533803386       0.9998543409592364       0.9997803807089498       0.9996772742268839       0.9995355568456108       0.9993432488906064       0.9990853458778507       0.998743249807781        0.9982941475237421       0.9977103468068611       0.9969585864369445       0.9959993427398154       0.9947861619449468       0.9932650546600243       0.9913739954792569       0.9890425766138456       0.9861918688040628       0.98273454491859         0.9785753208323278       0.9736117637180476       0.9677355092440177       0.9608339160144598       0.9527921679039004       0.9434958130799849       0.9328337032665623       0.9207012693862525       0.9070040417434719       0.8916612962495154       0.87460968483438         0.8558066899493133       0.8352337312011183       0.8128987468313774       0.7888380721711193       0.7631174362420686       0.7358318854623793       0.7071043989036554       0.6770828433442829       0.6459346554927516       0.6138380983611147       0.5809678699481544       0.5474707866561078       0.5134233795695081       0.47875599103651445      0.44311454739902356      0.4056065634471058       0.3643330442762707       0.32165649469809704      0.2821432969110478       0.24590724380600898      0.21298043098488545      0.18332394148741127      0.15683948981661353      0.13338133948485212      0.11276791924473155      0.0947926869427076       0.07923391558355908      0.06586319499855853      0.0544525481850665       0.044780150024700593     0.03663470590954397      0.029818598778059653     0.024149946470300727     0.019463729330044276     0.015612153281229302     0.012464409028470265     0.009905976333792048     0.007837606001010227     0.006174093384690738     0.004842937645655987     0.003782961894042438     0.0029429516992879154    0.002280353770317057     0.0017600632058230544    0.0013533166546719415    0.0010366999235691143    7.912718317744594E-4     6.018011880599689E-4     4.561103735439633E-4     3.445168743146105E-4     2.593629547928233E-4     1.9462325855696888E-4    1.455802625532284E-4     1.0855802234525068E-4    8.070539268063429E-5     5.982078177051233E-5     4.4211417885050484E-5    3.2581012679895144E-5    2.3940551661810096E-5    1.753769085259258E-5     1.2800850643707431E-5    9.294516725199082E-6     6.682384713672965E-6     4.694630888740038E-6     3.094390074276882E-6     1.6357637637018788E-6    0
% Data
% c (mol/m^3) @ t=1000, u1=0.05, u2=0.03
1                         0.9999974806129907       0.9999933165301639       0.9999867626598699       0.9999768007141172       0.9999620559474931       0.9999406933768543       0.999910289846448        0.9998676780809453       0.9998087587757457       0.9997282768643371       0.9996195584386758       0.9994742054481565       0.9992817463357616       0.9990292422536428       0.9987008504928404       0.9982773493040534       0.9977356313927015       0.9970481770195009       0.9961825217575658       0.9951007384218669       0.9937589573055491       0.9921069533706295       0.9900878331216986       0.98763785715544         0.9846864363984754       0.9811563403755948       0.9769641540585874       0.9720210155546457       0.9662336598189714       0.9595057835674247       0.9517397336279764       0.9428385052672013       0.9327080188319176       0.9212596226092581       0.9084127471022465       0.8940976101378961       0.8782578408943124       0.8608528482951915       0.8418596933570133       0.8212741127473663       0.7991101382104426       0.7753973826905033       0.7501743712884308       0.7234750167188563       0.695302995587895        0.6655845187578061       0.6340822897542402       0.6002396339146656       0.5628991627370179       0.5197967188993025       0.4732740409535606       0.4283520465206506       0.38540320174334425      0.3447284699198279       0.3065565725113791       0.27104588210565916      0.23828851474541443      0.20831614283228017      0.18110703805479333      0.15659387143414402      0.13467183841169014      0.11520673422348539      0.09804267205484722      0.08300920768146465      0.06992770444816265      0.05861683758163413      0.0488971942020762       0.040594973313454644     0.03354482780795858      0.0275919182109844       0.022593266218564587     0.018418506153495818     0.014950135642196445     0.01208336453402119      0.009725654763173662     0.007796034792462952     0.0062242616123020945    0.004949891935746071     0.003921312965783921     0.003094772454455716     0.002433438089108539     0.001906507743882102     0.001488384917473657     0.0011579277411686523    8.977752164837811E-4     6.937507172647123E-4     5.343401282251655E-4     4.1024014016479023E-4    3.1397102846829437E-4    2.3954755534703998E-4    1.8220130871095998E-4    1.381476663798066E-4     1.0439047312875247E-4    7.855719645101693E-5     5.875640766878215E-5     4.344727537027773E-5     3.130620653742067E-5     2.1066718082985863E-5    1.1291175208711876E-5    0
% Data
% c (mol/m^3) @ t=1100, u1=0.05, u2=0.03
1                         0.9999989605772776       0.9999972410111357       0.9999945302577364       0.999990400974345        0.9999842727856002       0.9999753658721073       0.9999626428914454       0.999944736995252        0.9999198634787984       0.9998857124115913       0.9998393194742454       0.9997769121987492       0.9996937289116992       0.9995838079528703       0.999439745227165        0.9992524188898443       0.9990106810041208       0.9987010173816463       0.9983071785445423       0.9978097868405335       0.9971859271867054       0.9964087316706485       0.9954469712250624       0.9942646706999624       0.9928207667312472       0.9910688306496979       0.9889568810551337       0.9864273123259355       0.983416965944903        0.9798573707742856       0.9756751759553237       0.9707927955447015       0.9651292768364725       0.9586013938368473       0.95112495237786         0.9426162717567867       0.9329937756533034       0.9221795751205311       0.910100845215628        0.8966906597443906       0.8818877111847647       0.8656339254948461       0.8478682427355007       0.82851352471335         0.8074512327880499       0.7844744302805821       0.7592024829770727       0.7309282782625414       0.6983469444758477       0.6590772383798786       0.6150368768903102       0.5708925804033811       0.5270955437567538       0.4840658055572808       0.44218351566426095      0.4017822915946017       0.36314472277404697      0.32649997401549524      0.29202334779987066      0.25983759233243814      0.2300156906323433       0.20258483513453446      0.17753128110881203      0.15480577823872596      0.13432929985165312      0.1159988200817          0.09969292715075051      0.08527710263661598      0.07260853911250238      0.061540409449335816     0.0519255385022094       0.043619460561502114     0.03648287308617119      0.030383518573885878     0.025197542072029032     0.02081038220372048      0.017117259287251683     0.014023325899466447     0.011443543855563473     0.009302347821317503     0.0075331503571242475    0.0060777367521509685    0.004885591077286022     0.003913187897609454     0.0031232773642107877    0.0024841851788362786    0.001969143331915452     0.0015556626146472222    0.0012249536858849365    9.613998480369617E-4     7.520814794961724E-4     5.863489864842883E-4     4.5543767444420567E-4    3.521132440281418E-4     2.7032919897374745E-4    2.0486467086421704E-4    1.5088829352455013E-4    1.0335231410586161E-4    5.604587289933927E-5     0
% Data
% c (mol/m^3) @ t=1200, u1=0.05, u2=0.03
1                         0.9999995730733025       0.9999988662078315       0.999997750316964        0.9999960472294329       0.9999935137170619       0.9999898210885171       0.9999845293394831       0.9999770546835922       0.9999666291136298       0.9999522504648719       0.9999326212800255       0.9999060746190984       0.999870484831644        0.9998231612304282       0.9997607225952196       0.9996789505167932       0.9995726197906388       0.9994353044153027       0.9992591582702656       0.9990346702697929       0.9987503947356097       0.9983926589192192       0.9979452510406955       0.9973890938874667       0.9967019109082222       0.9958578937950389       0.9948273826943733       0.9935765723137987       0.9920672591428633       0.9902566465747608       0.9880972256150169       0.9855367486917338       0.9825183122458119       0.9789805593586978       0.9748580051733744       0.9700814727605418       0.9645786010306081       0.9582743417104578       0.9510912859999642       0.9429495299983365       0.9337655606156648       0.9234492495438529       0.9118973590338023       0.8989807776492441       0.8845206526726843       0.8682450458297561       0.8497116506001415       0.8281716756495837       0.802332185026747        0.7699438851092669       0.732356886066017        0.6934080972647907       0.6534761786579952       0.612947843003307        0.5722078848251754       0.5316298402302309       0.491567591221318        0.4523481605042316       0.4142658687116783       0.3775779503932594       0.34250165250700704      0.30921277325939067      0.2778455428578868       0.24849370297959686      0.22121260947351856      0.19602216306450182      0.17291036491201336      0.15183729649546213      0.13273933472980315      0.11553343150148493      0.100121309923811        0.0863934555795957       0.07423280806458916      0.06351808474219861      0.054126693546328236     0.04593721402179499      0.03883144497885764      0.032696032852040695     0.027423707029901632     0.02291415719491599      0.019074593361835826     0.015820032208371058     0.013073353888384003     0.010765172255800835     0.008833558741721452     0.007223656408777221     0.005887216278783577     0.004782083122017033     0.0038716526122706133    0.0031243160151468137    0.002512902040962562     0.002014117377019047     0.0016079762086847547    0.0012771919883306515    0.0010064768889477204    7.816470675407907E-4     5.883497193715669E-4     4.1008402788667974E-4    2.2493550320894042E-4    0
% Data
% c (mol/m^3) @ t=0, u1=0.05, u2=0.05
1                         -5.67273296986745E-8     3.4412341060481E-15      4.799069503581939E-20    8.009901849351557E-26    1.0236269825679836E-31   1.1689697273466286E-37   1.2541942007528335E-43   1.2931961592123735E-49   1.2971711273412363E-55   1.2750964098618612E-61   1.2341312993497323E-67   1.1799489050910842E-73   1.1170108771030942E-79   1.0487944867290986E-85   9.779799986132865E-92    9.066049837963818E-98    8.36191142513407E-104    7.67848296152187E-110    7.023594438389064E-116   6.402501374443448E-122   5.818448902477134E-128   5.27312882761638E-134    4.7670485058890005E-140  4.2998272207381775E-146  3.87043308118073E-152    3.477371246175101E-158   3.1188324258909612E-164  2.7928090631710067E-170  2.4971853082638143E-176  2.229805825310302E-182   1.9885275750158066E-188  1.7712579750216928E-194  1.5759822230705072E-200  1.400782057140876E-206   1.243847804117782E-212   1.1034852193859284E-218  9.78118331890013E-225    8.662892723098972E-231   7.666558674875277E-237   6.779876249008432E-243   5.991606007938759E-249   5.291515395149368E-255   4.670315854955792E-261   4.119597996329315E-267   3.631766557023303E-273   3.1999764741263863E-279  2.8180710082693007E-285  2.4805225841990623E-291  2.1823767867532443E-297  1.9191997769271087E-303  1.687029258322826E-309   1.482331096E-315         1.566E-321               0                        0                        0                        0                        0                        0                        0                        0                        0                        0                        0                        0                        0                        0                        0                        0                        0                        0                        0                        0                        0                        0                        0                        0                        0                        0                        0                        0                        0                        0                        0                        0                        0                        0                        0                        0                        0                        0                        0                        0                        0                        0                        0                        0                        0                        0                        0
% Data
% c (mol/m^3) @ t=100, u1=0.05, u2=0.05
1                         0.9656881255471027       0.9132847261683883       0.8415363061625021       0.7517145725442032       0.647912551767426        0.5366497837769435       0.42576129171666643      0.3228360707569089       0.2337119178248799       0.1615493833225739       0.10674402926030407      0.06755197460372793      0.041046893762842644     0.024016634248053455     0.013571978958974273     0.007429996568059961     0.003952083766652755     0.002048181267133855     0.0010369245665182865    5.140507894175524E-4     2.5009126621002026E-4    1.1964373549732733E-4    5.6384721281380774E-5    2.6218934278347475E-5    1.2047020511560307E-5    5.4766751741063615E-6    2.4661953735094076E-6    1.1011742453738511E-6    4.879749026042685E-7     2.147838284337421E-7     9.396752723536174E-8     4.088835715579417E-8     1.770552109092687E-8     7.633402313796713E-9     3.2780541070877665E-9    1.4027124360376249E-9    5.983045863174654E-10    2.544524770559859E-10    1.0792852347798221E-10   4.5668043808512746E-11   1.9280804210538655E-11   8.123708769339553E-12    3.4164190701659952E-12   1.434296587392889E-12    6.0119388377809E-13      2.516220753558875E-13    1.0516886748601822E-13   4.3900661296079726E-14   1.8303640672022527E-14   7.622897542772417E-15    3.171388057976522E-15    1.318114575885844E-15    5.47339434400291E-16     2.2708229424893906E-16   9.413561989202974E-17    3.899315454814538E-17    1.614003111024486E-17    6.676033780792599E-18    2.7596000321531808E-18   1.139990888114226E-18    4.706492641300834E-19    1.941987222662444E-19    8.008657206330509E-20    3.3010188182511196E-20   1.3599444197752275E-20   5.600005438614046E-21    2.3049342897685532E-21   9.48286575044209E-22     3.8997723693260316E-22   1.603115117281913E-22    6.587531901102104E-23    2.7059496422865976E-23   1.1111218138368366E-23   4.560939573491615E-24    1.871556883450821E-24    7.677377826362233E-25    3.14839200534082E-25     1.2907296262496143E-25   5.290012544811926E-26    2.1674905353160026E-26   8.878523297541913E-27    3.6358925152699E-27      1.488578260808051E-27    6.0929280715387E-28      2.493316555825902E-28    1.0200674327425858E-28   4.172375617821036E-29    1.7062544769648317E-29   6.97610178204811E-30     2.8516289013709247E-30   1.165431864245207E-30    4.76208157968116E-31     1.9454725296235446E-31   7.946459662250565E-32    3.24520685133107E-32     1.3249779499946805E-32   5.405190501313536E-33    2.1888436391716958E-33   8.170301153913375E-34    0
% Data
% c (mol/m^3) @ t=200, u1=0.05, u2=0.05
1                         0.9920263987459035       0.9793573937139262       0.960742440413424        0.9349945468230983       0.9011403496323825       0.8585814570380371       0.8072420717460601       0.7476739957159011       0.6810920728050341       0.6093221036352052       0.5346585589871627       0.4596480702047746       0.38683189192686407      0.3184910180831536       0.2564375862685928       0.2018851352330716       0.1554115527968471       0.11700814004554252      0.08619219206146714      0.062152638778851646     0.043899055306935504     0.030391430425052875     0.020637931092637812     0.01375728153531929      0.00900926864490087      0.00580065100137634      0.0036747720557229343    0.0022923431859483596    0.0014091068272864074    8.541445458698829E-4     5.109019737996187E-4     3.0174835640568666E-4    1.7608493798110052E-4    1.015838677363827E-4     5.796881393851501E-5     3.273859695411756E-5     1.8307874249579258E-5    1.0142198676017148E-5    5.568461471690176E-6     3.0312994498195913E-6    1.636756948851945E-6     8.76925469551936E-7      4.6635483008385514E-7    2.4625726734250325E-7    1.2915634001405012E-7    6.730140922787906E-8     3.4852570870291416E-8    1.7941612068819933E-8    9.183569868895544E-9     4.6750534358167734E-9    2.367459786179149E-9     1.1928627168217995E-9    5.981307439547728E-10    2.9852522362586413E-10   1.4832773432591941E-10   7.338263490862421E-11    3.615457706204393E-11    1.7741822747826475E-11   8.672828814970394E-12    4.223868814892991E-12    2.049763640535538E-12    9.912763268659077E-13    4.777872568415188E-13    2.295472718544377E-13    1.0993957091700492E-13   5.2495817088750303E-14   2.4993468178028665E-14   1.1865881304377515E-14   5.6180268058085E-15      2.6528636049369704E-15   1.2494782658711265E-15   5.870282463424767E-16    2.7513015692240597E-16   1.2864630824332182E-16   6.001587366006873E-17    2.7936572551459824E-17   1.2976143799144553E-17   6.0146444853555255E-18   2.7822186870078156E-18   1.2844398262286973E-18   5.918351130907465E-19    2.721914798315005E-19    1.2495587370602755E-19   5.726218004428436E-20    2.619558283673144E-20    1.1963449835364122E-20   5.454707569501857E-21    2.483081701031118E-21    1.1285796861297175E-21   5.121671364575646E-22    2.3208412890105563E-22   1.0501440196381637E-22   4.745006517976223E-23    2.141031634711082E-23    9.647530612429908E-24    4.340914029051298E-24    1.948500525150985E-24    8.64813515877056E-25     3.4856689849502188E-25   0
% Data
% c (mol/m^3) @ t=300, u1=0.05, u2=0.05
1                         0.9976390736473347       0.9938283453720811       0.9880724541808857       0.9798018644063936       0.9683918009938605       0.9531929031561265       0.9335736102535087       0.9089725623676448       0.8789572838700508       0.843283431242188        0.8019473440085988       0.7552239940717848       0.7036830633797121       0.648177967083324        0.589806038127123        0.5298422998472117       0.46965347987990796      0.41060224679786117      0.35395329893397176      0.30079249785344975      0.2519678255204906       0.208057146296159        0.1693634595137634       0.13593444840706898      0.1076003591257902       0.08402290926964182      0.06474798490997909      0.04925601539050332      0.037005658833073815     0.027468335237288276     0.020152856086654743     0.014620709659698923     0.010493397738289466     0.007453614497058101     0.005242105605422157     0.0036518602410816727    0.002520979334940258     0.0017252159192430504    0.001170856146905297     7.88334779490695E-4      5.267688851330635E-4     3.494467418425699E-4     2.3021648966509265E-4    1.5066884564996584E-4    9.798806440225883E-5     6.334477731648003E-5     4.0715136178092144E-5    2.602689738143643E-5     1.655079909500505E-5     1.0472468337831575E-5    6.594944743634276E-6     4.134271644543871E-6     2.580487496248335E-6     1.6039994141431835E-6    9.930862556067675E-7     6.125290680232401E-7     3.764404277726978E-7     2.3054987193276323E-7    1.407337958875934E-7     8.563658928250405E-8     5.195259211634573E-8     3.142667903735285E-8     1.895775410443571E-8     1.1405740167750386E-8    6.844737606554993E-9     4.0976328414872E-9       2.447350044656007E-9     1.4584371268842412E-9    8.672566366587087E-10    5.146519893315163E-10    3.04804772202051E-10     1.8017984217560777E-10   1.0631623510942183E-10   6.262287247389296E-11    3.682442563457061E-11    2.1619058687735272E-11   1.2672498893825843E-11   7.417167002045054E-12    4.334995132547156E-12    2.530097495987373E-12    1.4747087150239526E-12   8.584536221308379E-13    4.991020186374481E-13    2.8982984554186586E-13   1.6811122270937028E-13   9.740199415788512E-14    5.637330210846853E-14    3.259340973155443E-14    1.8825751685241925E-14   1.0863153286375786E-14   6.2626005511823E-15      3.607132230571695E-15    2.0758184184052042E-15   1.1935485034717269E-15   6.856095891434917E-16    3.9322625775564144E-16   2.2442846651994565E-16   1.2508348433599745E-16   6.053469058400467E-17    0
% Data
% c (mol/m^3) @ t=400, u1=0.05, u2=0.05
1                         0.9992023013583738       0.99790476152717         0.9959182785141069       0.9930104310750391       0.9889038384760445       0.9832773797806533       0.9757711146209775       0.9659956168240189       0.9535461656144791       0.9380218293689414       0.9190489387290769       0.8963078208812851       0.8695610249365965       0.8386807037469401       0.8036724374575211       0.7646926912629765       0.7220573698219543       0.6762395894939198       0.6278557962124018       0.5776405990131088       0.5264119946501038       0.47502982371125835      0.4243511288367353       0.3751864386244169       0.32826081876165764      0.28418285466346704      0.24342368432476053      0.20630696961749612      0.1730094775085394       0.14357091311943868      0.11791092300084048      0.09585082030910329      0.07713755976161409      0.06146774588668029      0.04850990187832955      0.03792376078521072      0.029375879286081465     0.02255135206231126      0.017161782450728743     0.01294992735387819      0.009691585068014544     0.0071953501876633776    0.005300842877480796     0.003875954652446723     0.0028135611733623414    0.0020280519709476403    0.0014519300266217883    0.0010326486078399769    7.297825777891811E-4     5.125775135836163E-4     3.57881345934912E-4      2.4843773189113115E-4    1.7150538431078918E-4    1.1776049167931747E-4    8.043781896738471E-5     5.466813318781954E-5     3.697373040016071E-5     2.4888948211838572E-5    1.667787448471488E-5     1.1126534137823366E-5    7.391386636693689E-6     4.889879889282474E-6     3.222062181971052E-6     2.114891690753085E-6     1.38297323715627E-6      9.010767521536654E-7     5.85034065897795E-7      3.785463149096218E-7     2.4412976612461263E-7    1.5693865373989864E-7    1.0057465885374091E-7    6.425946001052034E-8     4.093684017061548E-8     2.600505244846582E-8     1.6474162911217955E-8    1.0408445731628266E-8    6.559016572616027E-9     4.122817240113567E-9     2.585133408649583E-9     1.6170939179801556E-9    1.0092058015810168E-9    6.284116300280125E-10    3.9044102783841393E-10   2.420690496591534E-10    1.4976853524274205E-10   9.247480840578095E-11    5.6986376400727903E-11   3.504981970959443E-11    2.151737573217687E-11    1.3185677597538748E-11   8.065759832811821E-12    4.925344994530503E-12    3.0025636000479342E-12   1.827319570606378E-12    1.1100542000352922E-12   6.725431376697762E-13    4.046614209616961E-13    2.3661230196038367E-13   1.187286777462215E-13    0
% Data
% c (mol/m^3) @ t=500, u1=0.05, u2=0.05
1                         0.9997095547363077       0.9992348844155949       0.9985022055225645       0.9974175971633921       0.9958641626335734       0.993699610014873        0.9907545744851683       0.9868320473649155       0.9817082959736348       0.9751356440457236       0.9668474256255165       0.9565653195329221       0.9440091146703936       0.9289087529072467       0.9110182578918539       0.8901309048080299       0.8660947449617952       0.838827402275925        0.8083289395567137       0.7746915801831112       0.7381051856040789       0.6988576360798944       0.6573296287276673       0.6139838614842301       0.5693490661403349       0.5239998299391517       0.47853354359529904      0.43354608233552183      0.3896079309577573       0.34724239206917634      0.30690728135170875      0.2689811496106063       0.2337546286319585       0.2014270333353705       0.1721079207200851       0.1458229508176653       0.12252314514080541      0.10209650563991746      0.0843809375809562       0.0691774960176585       0.05626312261571352      0.04540222931656841      0.03635669063527309      0.028894004430052828     0.022793554937873984     0.017851051464542356     0.013881317155536161     0.010719665521098511     0.008222132141631242     0.006264831606626681     0.004742692408283724     0.0035677921948941466    0.002667478611424909     0.0019824218265654526    0.0014647073568183739    0.0010760442870576497    7.86135719390583E-4      5.712356838068153E-4     4.1289963962790613E-4    2.9692352745996935E-4    2.124583349954858E-4     1.5128248735039654E-4    1.0721226170877048E-4    7.563014019135343E-5     5.3111951756198674E-5    3.713533376993314E-5     2.5854103569837E-5       1.7925309647282013E-5    1.2377856124207013E-5    8.513555223118522E-6     5.833202973779509E-6     3.9817716781554014E-6    2.708070719699861E-6     1.8352618486935943E-6    1.239450673544563E-6     8.342404507392463E-7     5.596551286579797E-7     3.742418305169116E-7     2.4947155621162864E-7    1.657905734384407E-7     1.0985021989899795E-7    7.257307994895713E-8     4.7809475904237765E-8    3.140838264299335E-8     2.0577792980565617E-8    1.3446252192317301E-8    8.763543061232705E-9     5.697183143457716E-9     3.694603184257606E-9     2.3901599350247118E-9    1.5426275804832245E-9    9.933262166587617E-10    6.38169283551835E-10     4.090617288000256E-10    2.615509679031062E-10    1.6662629417145264E-10   1.0520982248172897E-10   6.424210665721516E-11    3.328915387427655E-11    0
% Data
% c (mol/m^3) @ t=600, u1=0.05, u2=0.05
1                         0.9998911154368023       0.9997125466877291       0.9994352498886597       0.9990213721873941       0.9984224901237426       0.9975777636080992       0.9964120920654442       0.9948343888517412       0.9927361197206669       0.9899902780654313       0.9864509903329569       0.9819539553485589       0.9763179170589784       0.9693473474446928       0.9608364719866154       0.950574702554716        0.9383534525808798       0.9239742003199306       0.9072575444308945       0.8880528716478762       0.8662481411743347       0.8417791984295782       0.814637975781316        0.7848789319855072       0.7526231334698879       0.7180594919282581       0.6814428395977218       0.6430887344251977       0.603365123882675        0.5626812355682802       0.5214742801661127       0.4801947245173985       0.4392910008863459       0.3991945517487755       0.36030606522890174      0.32298364132409796      0.2875334577692148       0.25420329679340714      0.22317907267468012      0.19458428697670282      0.16848215257999596      0.14487998294230517      0.1237353472339939       0.10496344679708804      0.08844517014262201      0.07403532477286816      0.06157061437108752      0.0508770183151791       0.04177632646039692      0.034091676568737975     0.027652027574566265     0.022295574311574216     0.017872165866177313     0.014244829789203207     0.011290528928964923     0.008900288625213644     0.0069788319964793665    0.005443852837388718     0.004225041895908037     0.003262965400394556     0.002507876612452809     0.0019185233924251899    0.0014609983292133083    0.001107663553767062     8.361702432554311E-4     6.285830927687711E-4     4.706125643868997E-4     3.509522850336923E-4     2.6071525857085436E-4    1.9296026763448494E-4    1.4229865941589053E-4    1.0457135746388317E-4    7.658617742480208E-5     5.5906149398936774E-5    4.068040581701799E-5     2.9510162067901505E-5    2.1343311218808756E-5    1.5392115104098674E-5    1.106936458908878E-5     7.939181277530677E-6     5.679332747847209E-6     4.052533382000357E-6     2.8847082474932942E-6    2.0486167713908186E-6    1.4515761396688949E-6    1.026301927166843E-6     7.241055487553708E-7     5.098640750278697E-7     3.583161077190299E-7     2.5134498083888733E-7    1.7599365834694402E-7    1.2301941175431228E-7    8.584479491368776E-8     5.979779843293586E-8     4.1560626988055195E-8    2.876431316638991E-8     1.9674151476044385E-8    1.2902601614109458E-8    7.043877403766365E-9     0
% Data
% c (mol/m^3) @ t=700, u1=0.05, u2=0.05
1                         0.9999593400235053       0.9998924594173925       0.9997880660673372       0.9996311636737772       0.9994021527270892       0.9990758058696061       0.9986201287154294       0.9979951287741262       0.9971515291602435       0.9960294799286864       0.9945573374782146       0.9926506004406083       0.990211107333735        0.9871266151182043       0.983270886456954        0.9785044145630625       0.9726759057152007       0.9656246188500917       0.9571836278217353       0.9471840247057352       0.9354600230468199       0.9218548509147755       0.9062272494291003       0.888458318939819        0.8684583893509988       0.846173540685834        0.8215913721212459       0.7947456182772612       0.7657192442112416       0.734645716012099        0.7017082393225712       0.667136877253922        0.6312035926793238       0.5942153963677814       0.5565059095734427       0.5184257558473528       0.48033227231026865      0.442579068879315        0.40550596230432123      0.36942977172908736      0.334636388966313        0.30137443782733575      0.26985072259837034      0.24022754665214657      0.21262186822704726      0.1871061600636563       0.16371075911688546      0.14242743566556995      0.1232138789709488       0.10599878806293124      0.09068726832753068      0.07716626317792034      0.06530979044183995      0.05498380034281011      0.046050521616412834     0.03837221059737661      0.03181426211840438      0.026247678785137354     0.021550925527852816     0.017611218949100383     0.01432531617791265      0.011599876445716162     0.009351471439749392     0.007506318824495731     0.005999808322146727     0.004775882505322509     0.0037863259397325167    0.0029900073139525153    0.0023521103227795836    0.0018433807727552811    0.0014394099422969783    0.0011199678131287756    8.683944493805495E-4     6.710535134036822E-4     5.168485970835873E-4     3.968006052114927E-4     3.0368272781077085E-4    2.3170845180380445E-4    1.7626746474634224E-4    1.3370408117545143E-4    1.0113287628133804E-4    7.628645857393919E-5     5.739068493932476E-5     4.30630644326189E-5      3.2230570709333085E-5    2.406355758381666E-5     1.7922927379492012E-5    1.331812434346757E-5     9.873907877920391E-6     7.304199216850232E-6     5.391589671048272E-6     3.971349162475433E-6     2.9189803267151795E-6    2.1405218391721796E-6    1.564899434245408E-6     1.137610724461761E-6     8.147976274932506E-7     5.560267806688056E-7     3.1217309621260863E-7    0
% Data
% c (mol/m^3) @ t=800, u1=0.05, u2=0.05
1                         0.9999842852602575       0.9999583819100886       0.9999178023250367       0.9998565101179666       0.9997665008859566       0.9996373030942517       0.9994553939858081       0.9992035285156546       0.9988599837110117       0.9983977266849791       0.9977835218405012       0.9969770015362985       0.9959297344424081       0.9945843366019667       0.9928736812419467       0.9907202738242231       0.9880358676774833       0.9847214016090399       0.9806673428749009       0.975754515505845        0.9698554841121014       0.9628365460923846       0.9545603603070811       0.9448892080343194       0.9336888434741508       0.9208328480972323       0.9062073584608217       0.8897159941353472       0.8712847749489002       0.8508667888257396       0.8284463567257803       0.8040424424930711       0.7777110745317191       0.7495465833876824       0.7196815130815026       0.6882851312892977       0.6555605396174699       0.6217404646035577       0.5870818865264235       0.5518597305597639       0.5163598979289521       0.48087194949040474      0.44568176817622424      0.4110645195307673       0.377278202447175        0.3445580381449685       0.31311188860179595      0.2831168309984111       0.25471694741856177      0.22802232396314157      0.2031091948141678       0.18002111787306418      0.15877103152282243      0.13934401778728653      0.12170058556815133      0.1057802877098914       0.09150549567242593      0.07878517344586333      0.0675185156955663       0.05759834167685467      0.0489141640991323       0.04135487905663321      0.03481104797050165      0.029176764207596514     0.02435111505449213      0.020239263784227662     0.01675318670647795      0.013812106612885712     0.01134266734855105      0.009278894880182003     0.007561988749469504     0.00613998474689563      0.004967325525377183     0.004004371141143053     0.0032168765328090183    0.002575458022334743     0.0020550662613179754    0.001634478801886965     0.0012958217327850678    0.0010241266287417377    8.069264174662362E-4     6.338916482446953E-4     4.965070049259444E-4     3.8778668850320295E-4    3.0202643978687635E-4    2.3458941948134937E-4    1.817228526458544E-4     1.404022229864406E-4     1.0819982098941504E-4    8.317456442588357E-5     6.378017749933981E-5     4.87889866717912E-5      3.722869292509615E-5     2.832937017712763E-5     2.1477308403084474E-5    1.6170456313696162E-5    1.1965459365051075E-5    8.394733520942459E-6     4.804517371983968E-6     0
% Data
% c (mol/m^3) @ t=900, u1=0.05, u2=0.05
1                         0.9999937584847238       0.9999834546437684       0.9999672705089355       0.9999427385804801       0.9999065533803385       0.9998543409592364       0.9997803807089499       0.9996772742268845       0.9995355568456119       0.9993432488906091       0.9990853458778569       0.998743249807795        0.9982941475237741       0.997710346806932        0.9969585864371022       0.9959993427401652       0.9947861619457183       0.9932650546617202       0.9913739954829738       0.9890425766219664       0.9861918688217465       0.9827345449569685       0.9785753209153375       0.9736117638969709       0.967735509628316        0.9608339168369001       0.952792169657551        0.9434958168052114       0.9328337111497434       0.9207012860034255       0.9070040766323506       0.8916613692050642       0.8746098367624857       0.8558070050093355       0.8352343817661225       0.8129000843417838       0.7888408098319775       0.7631230145851817       0.7358432001155967       0.707127242023513        0.6771287436829838       0.6460264446512509       0.6140207616748551       0.5813295844876257       0.5481834862342687       0.5148205367502553       0.48148092426797146      0.44840159647126504      0.4158111251945544       0.38392498136432046      0.3529413796881438       0.32303781837097645      0.29436840039679246      0.26706198238718537      0.24122115735405986      0.21692204111053226      0.1942148005482957       0.17312483674460605      0.15365451766743893      0.1357853442895819       0.11948042989726246      0.10468717458445104      0.0913400243705179       0.07936321590330225      0.06867342208358372      0.059182229971267514     0.05079839891322138      0.04342986303003123      0.036985457265501544     0.03137635959118332      0.026517253317740554     0.02232722262397366      0.01873040135451929      0.015656399962982605     0.013040538383345606     0.01082391385330785      0.00895333257489209      0.00738113287466241      0.006064925502564257     0.004967274145351895     0.004055336355976289     0.0033004821051035534    0.00267790419745434      0.0021662319788002256    0.0017471571695965803    0.001405078348030122     0.0011267685914546734    9.010690691401815E-4     7.186099340308746E-4     5.715586257445057E-4     4.533945496123229E-4     3.587077881846558E-4     2.83017498865005E-4      2.2260177299286165E-4    1.7432231733547311E-4    1.3540833493097166E-4    1.031207218490952E-4     7.411904521161535E-5     4.312922309068798E-5     0
% Data
% c (mol/m^3) @ t=1000, u1=0.05, u2=0.05
1                         0.9999974806129907       0.999993316530164        0.9999867626598697       0.9999768007141173       0.9999620559474932       0.9999406933768547       0.9999102898464494       0.999867678080948        0.9998087587757515       0.9997282768643504       0.9996195584387051       0.99947420544822         0.9992817463358992       0.9990292422539399       0.9987008504934793       0.9982773493054223       0.9977356313956246       0.9970481770257241       0.9961825217707705       0.9951007384497931       0.9937589573644093       0.9921069534942639       0.9900878333804844       0.9876378576951905       0.984686437520165        0.9811563426980716       0.9769641588493206       0.9720210253992217       0.966233679970545        0.9595058246549842       0.9517398170678631       0.9428386740280398       0.9327083587521753       0.9212603044184376       0.9084141088679358       0.8941003182671118       0.8782632030324852       0.8608634184896107       0.8418804367453827       0.8213146360027759       0.7991889396032543       0.77554990958473         0.7504682181624158       0.7240384444711421       0.6963781719101384       0.6676263919117779       0.6379412510877565       0.6074972085734494       0.5764816971420583       0.545091403656177        0.5135283003686121       0.48199556761701234      0.4506935502101658       0.4198158844116759       0.3895459204915519       0.360053548338333        0.3314925119027313       0.30399827376037286      0.2776864653799156       0.25265193325476515      0.228968367241105        0.20668847635278775      0.1858446597265363       0.1664501070182153       0.14850025335159447      0.1319745090672758       0.11683818362715165      0.10304452564955657      0.09053680658400443      0.07925038331150809      0.06911468428614319      0.060055074049450353     0.05199456144515558      0.0448553271163737       0.038560055460166054     0.03303306483056068      0.02820123721090137      0.023994754706166264     0.020347655006421116     0.0171982214839209       0.014489225901963535     0.012168042964316112     0.010186656273350633     0.008501574855581373     0.007073678414848769     0.005868008031262789     0.004853517255614007     0.004002796522992057     0.003291781505698877     0.0026994532493296885    0.002207534127261487     0.001800177459006468     0.0014636369858546535    0.001185878375559012     9.560431700016821E-4     7.635620500495141E-4     5.964637632159288E-4     4.3787285803530834E-4    2.5846945766402755E-4    0
% Data
% c (mol/m^3) @ t=1100, u1=0.05, u2=0.05
1                         0.9999989605772777       0.9999972410111357       0.9999945302577368       0.9999904009743459       0.9999842727856013       0.9999753658721097       0.9999626428914506       0.9999447369952625       0.9999198634788206       0.9998857124116383       0.9998393194743448       0.9997769121989589       0.9996937289121396       0.9995838079537934       0.9994397452290923       0.9992524188938569       0.9990106810124475       0.9987010173988687       0.998307178580044        0.9978097869134662       0.9971859273360171       0.9964087319752553       0.9954469718442662       0.9942646719541265       0.9928207692621714       0.9910688357381411       0.9889568912468865       0.9864273326611341       0.9834170063616305       0.9798574507880957       0.975675333730282        0.9707931054001697       0.9651298828849554       0.9586025743270572       0.9511272422148981       0.9426206947370385       0.9330022826360461       0.9221958669189597       0.9101319107790017       0.8967496378859278       0.8819991895793926       0.8658437062077206       0.8482612535768181       0.8292465147600038       0.8088121707288212       0.7869899005233796       0.7638309428531819       0.7394061757022573       0.713805688049582        0.6871378373356766       0.6595278067788585       0.631115696952707        0.6020542050552125       0.5725059619784799       0.5426406107223621       0.5126317191923567       0.4826536255417787       0.4528783147976818       0.4234724216640059       0.39459444649620895      0.3663922600805338       0.3390009587864306       0.3125411157573297       0.2871174569707408       0.262817974123327        0.23971347019765807      0.21785751894640326      0.1972868069411435       0.17802181666627145      0.16006780161350698      0.14341599950679365      0.12804502757243025      0.11392240395499198      0.10100614166203654      0.08924636543227282      0.07858690726113794      0.06896684257580614      0.060321935835714664     0.052585971286306335     0.04569195140193282      0.03957315196331255      0.03416402852852655      0.02940097413355178      0.0252229323072276       0.02157187285011417      0.01839314026134212      0.015635686121334237     0.01325219694413718      0.01119912748001241      0.009436644943033718     0.007928479355720379     0.006641652919161078     0.00554601339611158      0.004613393283935709     0.0038159938900854604    0.003123112969543399     0.0024942990298036094    0.0018647876509910774    0.0011142939113229417    0
% Data
% c (mol/m^3) @ t=1200, u1=0.05, u2=0.05
1                         0.999999569010473        0.9999988554373521       0.9999977290095394       0.9999960099475996       0.9999934528685028       0.9999897262291005       0.9999843862952696       0.9999768444580098       0.9999663265438138       0.9999518225902593       0.9999320253873617       0.9999052559317552       0.9998693738183911       0.9998216705204545       0.9997587435031727       0.9996763492047798       0.9995692331242255       0.9994309356081151       0.9992535724569253       0.9990275901994039       0.9987414968370382       0.9983815700537779       0.9979315463262567       0.9973722960496837       0.9966814916907372       0.9958332780474181       0.9947979558703517       0.9935416922894311       0.9920262735781524       0.9902089176366732       0.9880421650255203       0.9854738682644019       0.9824472992506811       0.9789013938839737       0.9747711511631579       0.9699882010430618       0.9644815511458159       0.9581785170284245       0.9510058342039542       0.9428909426748231       0.9337634266265183       0.9235565834945444       0.9122090882723884       0.8996667111396719       0.8858840397465149       0.8708261522728897       0.8544701841270578       0.8368067302128339       0.8178410263279694       0.7975938575644502       0.7761021485201619       0.7534191994926841       0.7296145442466649       0.7047734179245971       0.6789958375958666       0.6523953121280863       0.6250972118076669       0.5972368407415001       0.5689572659101949       0.540406965290339        0.5117373633287609       0.4831003250022483       0.45464567966442077      0.4265188429644906       0.39885859956838127      0.3717951015972002       0.34544812809576175      0.31992563999303664      0.29532265348342485      0.27172044310217763      0.2491860745116642       0.2277722566149829       0.20751749344374293      0.18844650860613454      0.1705709091074255       0.15389005114636714      0.1383920680343526       0.12405501958589198      0.11084812302963405      0.09873302747950456      0.08766509704198927      0.07759467145357726      0.06846827746424924      0.060229768715993594     0.05282137628063773      0.04618465589354587      0.040261320588451506     0.034993947703855        0.03032654470146857      0.026204943943098087     0.022576962033759456     0.019392182371127845     0.016601053217432875     0.014152638882334501     0.011989609977049565     0.010037472512043863     0.008181698787811695     0.006219423630052493     0.003757728733796296     0
