% Model:              2zones_30m.mph
% Version:            COMSOL 6.3.0.420
% Date:               Jul 9 2026, 09:32
% Dimension:          1
% Nodes:              101
% Expressions:        117
% Description:        Molar concentration, c
% Grid
0                         1                        2                        3                        4                        5                        6                        7                        8                        9                        10                       11                       12                       13                       14                       15                       16                       17                       18                       19                       20                       21                       22                       23                       24                       25                       26                       27                       28                       29                       30                       31                       32                       33                       34                       35                       36                       37                       38                       39                       40                       41                       42                       43                       44                       45                       46                       47                       48                       49                       50                       51                       52                       53                       54                       55                       56                       57                       58                       59                       60                       61                       62                       63                       64                       65                       66                       67                       68                       69                       70                       71                       72                       73                       74                       75                       76                       77                       78                       79                       80                       81                       82                       83                       84                       85                       86                       87                       88                       89                       90                       91                       92                       93                       94                       95                       96                       97                       98                       99                       100                     
% Data
% c (mol/m^3) @ t=0, u1=0.01, u2=0.01
1                         -4.522845772963958E-8    2.1593471701522758E-15   2.429049619556598E-20    3.2340292311946056E-26   3.2960419531633396E-32   3.001660009989746E-38    2.5681431685851957E-44   2.111589465229364E-50    1.6890005337407379E-56   1.3239176014680948E-62   1.0217940586562278E-68   7.790195122816519E-75    5.880645162805656E-81    4.402910824472937E-87    3.2738666708951995E-93   2.4200833644695437E-99   1.7799128735064714E-105  1.3033148956459314E-111  9.506353164339132E-118   6.910104932075616E-124   5.0075179189512E-130     3.618794268209429E-136   2.608706507018299E-142   1.876319184338676E-148   1.3467757137039411E-154  9.64865357905842E-161    6.900611668882666E-167   4.927386625889921E-173   3.513225083995942E-179   2.5015087296252574E-185  1.7788787070148575E-191  1.2635029233544698E-197  8.964486853538303E-204   6.353665619595317E-210   4.4988412879213985E-216  3.182581786456986E-222   2.2494899530102562E-228  1.5886754562396373E-234  1.1211204880548288E-240  7.905933449709945E-247   5.571269719169295E-253   3.923471825983954E-259   2.7613169209565655E-265  1.9422465388589424E-271  1.3653592927400653E-277  9.593019108379882E-284   6.736587369782037E-290   4.728361615731305E-296   3.3172385754336055E-302  2.32619772773381E-308    1.6305703074E-314        4.773E-321               0                        0                        0                        0                        0                        0                        0                        0                        0                        0                        0                        0                        0                        0                        0                        0                        0                        0                        0                        0                        0                        0                        0                        0                        0                        0                        0                        0                        0                        0                        0                        0                        0                        0                        0                        0                        0                        0                        0                        0                        0                        0                        0                        0                        0                        0                        0                        0
% Data
% c (mol/m^3) @ t=100, u1=0.01, u2=0.01
1                         0.8551207359120235       0.7035370973406724       0.55507976636592         0.4187294404283539       0.30124528267747547      0.20630615495644358      0.1343708808297617       0.08324607884942427      0.049116609293720755     0.027660124837926976     0.014910901009438983     0.007720170566018069     0.003852562185108827     0.0018594801978000853    8.709784859475939E-4     3.9714872799876224E-4    1.7679450863214053E-4    7.703234612519894E-5     3.292808841974814E-5     1.3836856245124277E-5    5.7262670430049066E-6    2.3375557974250394E-6    9.425811625581348E-7     3.759055932681419E-7     1.484275395183402E-7     5.808202753619733E-8     2.2543802432186143E-8    8.685486831975147E-9     3.323752654216512E-9     1.2641074775966681E-9    4.780626525971978E-10    1.7985853054389775E-10   6.73443058067522E-11     2.5104616636988876E-11   9.32034212333852E-12     3.4471786969156534E-12   1.2704710947973564E-12   4.667012435120175E-13    1.709151362135157E-13    6.241298483624176E-14    2.2730026603241432E-14   8.257076643562212E-15    2.9923938648971347E-15   1.0820229802341434E-15   3.9042159925135833E-16   1.4059205050105416E-16   5.053162834639236E-17    1.812941969002811E-17    6.493246388288871E-18    2.3218471964521964E-18   8.289588014162094E-19    2.9552296299676894E-19   1.0520533068226232E-19   3.7402426113567313E-20   1.3280144677274246E-20   4.709455424503986E-21    1.6681141533866694E-21   5.901861242228105E-22    2.0858355270044922E-22   7.364062758058589E-23    2.5972795362011053E-23   9.151665503710767E-24    3.221642388490396E-24    1.1330913743812251E-24   3.9817759083895014E-25   1.3980609505061363E-25   4.904844600785268E-26    1.7194361857217213E-26   6.023095477116798E-27    2.10832211560456E-27     7.374759283595888E-28    2.5778761742345032E-28   9.005104757943015E-29    3.14366867491835E-29     1.0967670994947748E-29   3.824104041171741E-30    1.3325706992869355E-30   4.640912684223857E-31    1.6153852064271045E-31   5.619724990543802E-32    1.954009612060002E-32    6.790740692489117E-33    2.3588064988035347E-33   8.189508983875805E-34    2.841968300733223E-34    9.8578371522666E-35      3.417827335561347E-35    1.1844848279520158E-35   4.103216596685984E-36    1.4208211764985114E-36   4.917889373318671E-37    1.701557386873366E-37    5.885006200617137E-38    2.0346192974792074E-38   7.031611867158469E-39    2.428994667070053E-39    8.3797658200365E-40      2.863924462534487E-40    8.936837541915133E-41    0
% Data
% c (mol/m^3) @ t=200, u1=0.01, u2=0.01
1                         0.9106950495885241       0.8143184375356268       0.7140391059810917       0.613256172441459        0.5153179432541053       0.4232434939721768       0.3394824791230377       0.26574546413763345      0.20292742345023887      0.15113181634407916      0.10978462379394456      0.07781147178657172      0.05384133250659086      0.03640024335654927      0.024067401239686557     0.015579884558284554     0.009885923372126246     0.006156203706283828     0.0037668551594353694    0.0022674310840138617    0.0013442527569214055    7.857775200619009E-4     4.533612336019644E-4     2.584292837485522E-4     1.4567648719980398E-4    8.127499165318294E-5     4.4914413896376235E-5    2.46031587845926E-5      1.3367868036555066E-5    7.2088463762000785E-6    3.860520988099355E-6     2.054122734423677E-6     1.0864560856915824E-6    5.714667756789809E-7     2.990437113371994E-7     1.5574015358104148E-7    8.074820487053293E-8     4.169303817389452E-8     2.1444386612882786E-8    1.0989909964954213E-8    5.613153763825781E-9     2.8578907022267017E-9    1.4507620271431072E-9    7.344086299033298E-10    3.7080302871089884E-10   1.8675828085997225E-10   9.384465691473836E-11    4.7053246136026286E-11   2.354360386687307E-11    1.175732790758453E-11    5.860600138938539E-12    2.9161877281479794E-12   1.448664934437989E-12    7.185151222289158E-13    3.5583877591513573E-13   1.7597526104351335E-13   8.690813533441046E-14    4.2865436460098364E-14   2.1116299991338805E-14   1.0390016994183508E-14   5.106521276770497E-15    2.5070655035756008E-15   1.2295827683138065E-15   6.024487650750519E-16    2.948969902199303E-16    1.4421984320074143E-16   7.046927343431339E-17    3.4404038342172904E-17   1.678293251291044E-17    8.18065825936441E-18     3.984585078077633E-18    1.9393858510961745E-18   9.432847331868551E-19    4.584895871534224E-19    2.2270723401139207E-19   1.0811026522546644E-19   5.2448904064845874E-20   2.5430298250329998E-20   1.2323109311392156E-20   5.968302571224878E-21    2.8890200472322228E-21   1.3977407784983989E-21   6.759053982031053E-22    3.2668931584333783E-22   1.5782650388132253E-22   7.621262329138752E-23    3.678591642281691E-23    1.774800028958229E-23    8.559249832583508E-24    4.1261538648095195E-24   1.9883062083192917E-24   9.577522969847141E-25    4.611649675157167E-25    2.2196294201337268E-25   1.0677018380436577E-25   5.128376500832629E-26    2.4488931442787578E-26   1.1373018797203672E-26   4.533505022321683E-27    0
% Data
% c (mol/m^3) @ t=300, u1=0.01, u2=0.01
1                         0.9346285450066133       0.8633366588454192       0.7876306901347141       0.7092199571503718       0.6299205939740253       0.5515504765657723       0.4758244324169399       0.40425907690272206      0.33809568754152614      0.2782476023491596       0.2252759185359814       0.17939409730743497      0.1404988595586191       0.10822193402076614      0.08199521895004136      0.061121064051767524     0.04483979948421907      0.03238819582907465      0.023044838306061216     0.016160901716086078     0.011177007105527888     0.007628384448243492     0.005141344269010338     0.003424160397463586     0.002255087580880742     0.0014696109152013133    9.483426395188543E-4     6.063746045973557E-4     3.844248345237576E-4     2.4179668749276683E-4    1.5098109678311053E-4    9.36447523277626E-5      5.7726916031760864E-5    3.538689937911332E-5     2.1582448576766347E-5    1.3102894187374426E-5    7.92219777969022E-6      4.772312923605676E-6     2.8654903095250175E-6    1.7156427421931608E-6    1.0246433678047196E-6    6.106404877745547E-7     3.6324813238874035E-7    2.1575108858080913E-7    1.279824150959911E-7     7.584035142454167E-8     4.4905287283383E-8       2.6572091311771408E-8    1.5716618392101198E-8    9.293130352860404E-9     5.494015432114537E-9     3.247801977986488E-9     1.9199948763863245E-9    1.1351501385360942E-9    6.712350037341772E-10    3.969935720015348E-10    2.348520536341517E-10    1.3896877631289746E-10   8.225423406001896E-11    4.8699043048317145E-11   2.8840585052258588E-11   1.7084701188900555E-11   1.0123412268081396E-11   6.000092308135105E-12    3.557089088805166E-12    2.109264556902533E-12    1.251008291838816E-12    7.42121963289598E-13     4.4032107999291125E-13   2.61297960104695E-13     1.550844964563663E-13    9.205774670539224E-14    5.4651992715939613E-14   3.244889116658425E-14    1.9268007507891564E-14   1.144226842596478E-14    6.795501709750804E-15    4.036092106987948E-15    2.3973266325149166E-15   1.4240221783702154E-15   8.459152039100477E-16    5.025217707372423E-16    2.9853731741275495E-16   1.7736014801402937E-16   1.0537202855357592E-16   6.260441105958912E-17    3.7195756757680993E-17   2.2099853363921988E-17   1.3130807609206725E-17   7.801844492662603E-18    4.635557078258663E-18    2.7541734184012373E-18   1.6361463666328642E-18   9.71535151540325E-19     5.760604167873609E-19    3.3999024193226036E-19   1.9767150808052346E-19   1.092373471597446E-19    4.93796699391002E-20     0
% Data
% c (mol/m^3) @ t=400, u1=0.01, u2=0.01
1                         0.9487491342223415       0.8925296828452047       0.8321543417438363       0.7685872936482468       0.7029063400663738       0.636257676319498        0.569806018687235        0.5046832631987557       0.4419391021789914       0.38249700476182746      0.3271186495571238       0.2763792707159315       0.23065546733272507      0.1901259033605453       0.15478411539552453      0.12446151141748035      0.09885775540530184      0.07757522893653715      0.06015421006980375      0.04610579101053481      0.03494026503359766      0.026189593287647875     0.01942344763344305      0.014259080859906115     0.010365818409739888     0.00746527199122246      0.005328467958512585     0.003771013274058421     0.002647249937606812     0.001844130947890775     0.0012753302941783246    8.759039735375624E-4     5.976624701419614E-4     4.0530078727079157E-4    2.732564602401244E-4     1.8322199541746234E-4    1.2221785353603255E-4    8.112791933796399E-5     5.360516171249371E-5     3.5266206102795554E-5    2.3106571986118787E-5    1.5081324134303489E-5    9.80769862704599E-6      6.35637012270676E-6      4.106302242185073E-6     2.6446750881397593E-6    1.6984331439778118E-6    1.0878014895807455E-6    6.949311891140856E-7     4.428805758222993E-7     2.8160600399772064E-7    1.7867414089586935E-7    1.1313490146092293E-7    7.149800833818795E-8     4.51022292762788E-8      2.8402085037921945E-8    1.7856212679581653E-8    1.1208607423187466E-8    7.025400623825919E-9     4.397232597234797E-9     2.748567769816256E-9     1.7158527121604193E-9    1.0698582324346722E-9    6.662997142757643E-10    4.145082373999767E-10    2.575955840913403E-10    1.5992104632698305E-10   9.918678665500621E-11    6.146118067719296E-11    3.8050791006627175E-11   2.3537375692793694E-11   1.4547852157244115E-11   8.984631797924847E-12    5.544667847501004E-12    3.4192997265386747E-12   2.1071577134914527E-12   1.2976762351838357E-12   7.986485392607746E-13    4.912189755287737E-13    3.019493984656707E-13    1.8549910994011883E-13   1.1389553209904341E-13   6.98935148732951E-14     4.286868344881443E-14    2.6279907727814504E-14   1.610256036684234E-14    9.861887630274514E-15    6.0370576204954614E-15   3.693993697480266E-15    2.259312471644926E-15    1.38122729763122E-15     8.440134919963926E-16    5.154395799607932E-16    3.1447394912860303E-16   1.9145101686433356E-16   1.158837461166129E-16    6.89555166905377E-17     3.8854679733432043E-17   1.779932268259637E-17    0
% Data
% c (mol/m^3) @ t=500, u1=0.01, u2=0.01
1                         0.958005865874203        0.9117827252672001       0.861814452884773        0.8086961941345114       0.753116876934373        0.6958368605206497       0.6376617363279524       0.579413597560376        0.5219013208441008       0.4658915286545903       0.41208190489934604      0.36107840795781904      0.31337766810876616      0.2693554860034924       0.22926189560627955      0.19322276016134363      0.1612473821244385       0.13324117850180392      0.10902214777106271      0.08833966754580283      0.07089412905582855      0.056356029275871855     0.04438337733815344      0.03463658670710452      0.026790369921237633     0.02054248267012824      0.015619442878056614     0.011779556848458626     0.008813711594690373     0.0065444456759146345    0.004823803786541957     0.003530430469493915     0.0025662832527341434    0.001853260483838782     0.001329955707257213     9.486761585714148E-4     6.728018263538848E-4     4.745147369858816E-4     3.328949045660212E-4     2.3235788620346433E-4    1.613967380679148E-4     1.1158599116640916E-4    7.680491010376539E-5     5.263999017437915E-5     3.593102532964362E-5     2.443016290148367E-5     1.65484967333584E-5      1.1169540588870244E-5    7.513158601123923E-6     5.037129052954893E-6     3.3664848883235375E-6    2.243160019181819E-6     1.490349113282047E-6     9.8744176912587E-7       6.524988407917383E-7     4.3007027387399064E-7    2.827710384448066E-7     1.854848648127075E-7     1.2139484811419718E-7    7.927723409905588E-8     5.166418194382661E-8     3.360145490253452E-8     2.181157489682594E-8     1.4132134665258257E-8    9.140084205203636E-9     5.9012332997563044E-9    3.803756071946008E-9     2.447854932416144E-9     1.5728470452803772E-9    1.0091102391928035E-9    6.464939622330924E-10    4.1360471248843726E-10   2.642543007148338E-10    1.686140450153423E-10    1.0745315518502483E-10   6.839370938615103E-11    4.348122207551046E-11    2.7611640780004055E-11   1.7514718672393257E-11   1.1098122535162363E-11   7.024987397118937E-12    4.442269995228648E-12    2.8063435140335342E-12   1.771192448989713E-12    1.1168420435469351E-12   7.03607334688996E-13     4.4288659408640765E-13   2.785406453378555E-13    1.7503611973651376E-13   1.099047994730853E-13    6.895349600817895E-14    4.3224561555087344E-14   2.7069230927952546E-14   1.692744030192364E-14    1.0555472926684502E-14   6.536856566036011E-15    3.9716700308570036E-15   2.2771011822054808E-15   1.0554944913832342E-15   0
% Data
% c (mol/m^3) @ t=600, u1=0.01, u2=0.01
1                         0.964632025921742        0.925612819344494        0.8832452395790632       0.8379154705447736       0.7900842835484541       0.7402751154465308       0.6890593951750652       0.6370397211624189       0.5848316331183625       0.5330448222588263       0.4822646746631109       0.4330350370396933       0.3858430307034402       0.34110662059538177      0.2991654788642071       0.26027547832985193      0.22460692512536637      0.19224640954613567      0.16320193824951515      0.1374108273017781       0.11474969927538262      0.09504584912306582      0.0780892272371238       0.06364433146866952      0.05146139399594467      0.04128637981026735      0.032869464429136436     0.025971812181905276     0.020370618068219333     0.015862494584844566     0.012265373502598551     0.009419149386710488     0.007185318581823099     0.005445869043483265     0.004101658892912625     0.0030704913682397883    0.0022850569195369133    0.0016908744913787083    0.0012443272240984132    9.108552696257614E-4     6.633414151460459E-4     4.807040985367397E-4     3.4669690946183653E-4    2.4890313177306894E-4    1.7790743580176692E-4    1.266235683361946E-4     8.975596403054152E-5     6.33738777006077E-5      4.457831255912012E-5     3.124423399214749E-5     2.182297771303274E-5     1.519215796281292E-5     1.054261408688044E-5     7.293924794904277E-6     5.031736949930261E-6     3.461598655615299E-6     2.3751723533741502E-6    1.6256604062315124E-6    1.1100351860584168E-6    7.562601689375894E-7     5.141480143371199E-7     3.4885271752522656E-7    2.362584911943649E-7     1.5972701941468417E-7    1.0781254877609358E-7    7.266322591901843E-8     4.89067946533355E-8      3.287668091555533E-8     2.2076309695290457E-8    1.4809511229174658E-8    9.926296166193253E-9     6.648490517875575E-9     4.450469204542726E-9     2.9777865451596923E-9    1.9917960040093523E-9    1.3320437877214293E-9    8.907861842076368E-10    5.957563853447205E-10    3.985316887042279E-10    2.666944848287444E-10    1.7855805781985638E-10   1.1962311192265048E-10   8.020017223387369E-11    5.381611253857268E-11    3.6147297993253305E-11   2.4305936716799784E-11   1.6363057193526335E-11   1.1029845238532434E-11   7.444866675949837E-12    5.032035514564817E-12    3.4058190294643652E-12   2.3079657460524787E-12   1.5652588116435608E-12   1.0612836588815832E-12   7.175251613508012E-13    4.806576270171289E-13    3.139158231559274E-13    1.9110531591144825E-13   9.223491960452207E-14    0
% Data
% c (mol/m^3) @ t=700, u1=0.01, u2=0.01
1                         0.969731166298219        0.9362770965684455       0.8998259227345209       0.8606291402919252       0.8189975973309004       0.7752953673976126       0.7299316594311931       0.6833510149070542       0.6360221313290281       0.5884257270017904       0.5410419197037382       0.4943376273309759       0.44875450863776467      0.40469794490609867      0.3625275182139742       0.32254937006392426      0.28501072845037334      0.2500967769225673       0.21792991271479809      0.18857131111714315      0.16202458959578675      0.13824125758074784      0.11712755518600988      0.09855223307102397      0.08235480960780164      0.0683538600833186       0.05635494169020687      0.04615783034062975      0.03756283181679054      0.030376020911943954     0.024413349314374017     0.019503639156472775     0.015490539865214776     0.012233569137482869     0.009608384634933529     0.007506443133370189     0.005834201224153437     0.004511999585888714     0.0034727546558255104    0.0026605602132334562    0.0020292793675858447    0.0015411865154396649    0.001165700167834666     8.782317935758677E-4     6.591631842365009E-4     4.929552260261737E-4     3.673840638432265E-4     2.7289605787500656E-4    2.0207021948003362E-4    1.491755390325143E-4     1.0981039479117769E-4    8.061172812420118E-5     5.9022619712759074E-5    4.310809824958279E-5     3.141030709729659E-5     2.2835441020594888E-5    1.656607711126424E-5     1.1993622358681712E-5    8.666566640946527E-6     6.251060237147685E-6     4.501034645241051E-6     3.235665434821922E-6     2.322449768215111E-6     1.6645536834791017E-6    1.1913895100273702E-6    8.516250687855064E-7     6.080153251014263E-7     4.3359404924878774E-7    3.088763531339114E-7     2.1980980193016362E-7    1.562779268867615E-7     1.1101004140581277E-7    7.878898458885005E-8     5.587669477652223E-8     3.959861906500888E-8     2.8043647972345466E-8    1.9847874158860304E-8    1.4039037240164922E-8    9.924811397345087E-9     7.01270503098103E-9      4.952711680211156E-9     3.4963067927616887E-9    2.467169310327615E-9     1.7403006712235968E-9    1.2271495848139366E-9    8.650263861543008E-10    6.095773831995923E-10    4.2943951769464293E-10   3.024468389800039E-10    2.129402999851597E-10    1.4986118755865272E-10   1.0540051590343448E-10   7.404233511468145E-11    5.1885605890957056E-11   3.616241494606235E-11    2.4893661338669784E-11   1.6639613511357397E-11   1.0313765767793638E-11   5.035414150051904E-12    0
% Data
% c (mol/m^3) @ t=800, u1=0.01, u2=0.01
1                         0.9737224106953501       0.9446391433315595       0.9128656570964467       0.8785664464334325       0.8419534738844608       0.803283164806319        0.762851995578586        0.7209907642720754       0.6780576899837903       0.6344305415547097       0.590498045415443        0.5466508630329017       0.5032724580854704       0.46073018950476025      0.41936696673434165      0.3794937864925905       0.3413834354764245       0.3052655915336322       0.2713234890325561       0.2396922361389025       0.2104587875022417       0.18366349148408478      0.15930305295780503      0.13733468698699322      0.1176811903669786       0.10023663038355246      0.08487234434978885      0.07144295844453062      0.059792167033832555     0.04975805949215212      0.04117783526274143      0.033891804153502715     0.027746622859362934     0.022597766640394683     0.018311274407799123     0.01476483488675946      0.011848300882868656     0.009463728724988506     0.007525042055997272     0.0059574149914803564    0.004696461050594343     0.0036873028682217804    0.0028835849824767165    0.002246479123817212     0.0017437192686992973    0.0013486928267177855    0.0010396050178740714    7.987258766417064E-4     6.117233537670628E-4     4.6708153748753847E-4    3.555998874081171E-4     2.699673459971413E-4     2.0440404296379804E-4    1.5436283022648154E-4    1.1628289792193327E-4    8.738807199522403E-5     6.552295795523024E-5     4.902077775590078E-5     3.659747643172159E-5     2.7267401789529346E-5    2.0276550658766453E-5    1.5050008545139502E-5    1.1150775448769724E-5    8.247665574013862E-6     6.0903939577503595E-6    4.490323020524015E-6     3.3056427939109618E-6    2.4300069921174153E-6    1.7838502166737336E-6    1.3077761700901634E-6    9.575390312674119E-7     7.002456680430184E-7     5.114899723594274E-7     3.731964399933276E-7     2.720016610972256E-7     1.9804252890733942E-7    1.4405108103959667E-7    1.0467988383744594E-7    7.600030194565056E-8     5.513009658367126E-8     3.9957544075358145E-8    2.8937429807138725E-8    2.094045304242545E-8     1.5142242334328614E-8    1.0941691260770814E-8    7.900958288716506E-9     5.7014462095503635E-9    4.111548746175535E-9     2.9630485674865592E-9    2.1338659945284196E-9    1.5354620863922735E-9    1.1036469412003524E-9    7.918739667175846E-10    5.663434425700937E-10    4.024160699085722E-10    2.81965647152348E-10     1.9139122346976963E-10   1.2007113824399556E-10   5.907928613177297E-11    0
% Data
% c (mol/m^3) @ t=900, u1=0.01, u2=0.01
1                         0.9769096582502078       0.9513266612122743       0.9233199834475542       0.892997222258129        0.8605042390273557       0.8260237965641548       0.7897731789204309       0.7520008156651349       0.7129819700407529       0.6730135883469812       0.6324084446138712       0.5914887482820069       0.5505794112320557       0.510001192134803        0.4700639489072765       0.4310602325606482       0.39325944691148507      0.3569027781708846       0.3221990668014505       0.2893217525872928       0.25840697479813357      0.22955285558281413      0.2028199397611181       0.17823271168603755      0.1557820633940747       0.13542855094606676      0.11710624998616169      0.1007270083816401       0.08618489347977529      0.0733606430504336       0.062125950456749915     0.052347443428664084     0.04389024908927791      0.0366210726856504       0.030410751176813675     0.025136273306653918     0.020682283532464544     0.016942107334808394     0.013818349745304872     0.011223127640450034     0.00907800007549567      0.00731366051906412      0.005869451248596015     0.004692754331801189     0.00373830642607186      0.002967476825728644     0.002347540373943546     0.0018509694741074348    0.0014547627802185504    0.0011398223869329076    8.903865440704042E-4     6.935210769502474E-4     5.386697382931546E-4     4.17261551379515E-4      3.2237171254305473E-4    2.4843168444139594E-4    1.9098361503390397E-4    1.4647405634610154E-4    1.1208204099648363E-4    8.557682697053396E-5     6.520098072285114E-5     4.9574887383739694E-5    3.761921859877754E-5     2.849232742038658E-5     2.153995806082978E-5     1.6255045114363985E-5    1.2245725972522561E-5    9.209999183533261E-6     6.915730633543974E-6     5.184940572171937E-6     3.881500647457667E-6     2.9015347969466844E-6    2.165954806484155E-6     1.6146742965173653E-6    1.2021373236795858E-6    8.938728917574728E-7     6.638473051463682E-7     4.924349666306889E-7     3.648670688490102E-7     2.7004847930483705E-7    1.9965750240857248E-7    1.4746238903464445E-7    1.0880349932384405E-7    8.020176042749136E-8     5.9063187962640624E-8    4.3456313507828544E-8    3.19448245625621E-8      2.346193104663129E-8     1.7216202813844398E-8    1.2621095489132288E-8    9.242269240223326E-9     6.758240905323516E-9     4.9309980720742E-9       3.5840241406964112E-9    2.5857969395330436E-9    1.8372756023866127E-9    1.2622140779183629E-9    7.993569424018887E-10    3.956963350080011E-10    0
% Data
% c (mol/m^3) @ t=1000, u1=0.01, u2=0.01
1                         0.979514086419199        0.9567975657832205       0.931888774472266        0.9048569358494035       0.8758023946459561       0.8448561334494605       0.8121785441221803       0.7779574497642704       0.7424053976309275       0.7057562693521785       0.6682612808507833       0.6301844693331489       0.5917977873777669       0.5533759431836289       0.5151911402482894       0.4775078780561558       0.4405779769521421       0.4046359847638716       0.3698951098249873       0.3365438051926246       0.30474310284947903      0.27462476577630046      0.2462902915937679       0.21981076590778126      0.19522752861004977      0.1725535842481568       0.1517756600782283       0.1328567941042345       0.11573932136716482      0.1003481204763963       0.08659398376766986      0.07437698284614201      0.06358971547050672      0.05412033826250177      0.04585531092598887      0.03868179987317491      0.03248971087222525      0.02717334029862051      0.022632651865207045     0.01877419974382526      0.01551172952787397      0.012766495561704684     0.01046733704738697      0.008550556457752595     0.006959642652521928     0.005644878258385469     0.0045628668640683556    0.0036760108765424644    0.002951965891222838     0.0023630924714481637    0.0018859215519071364    0.0015006454406460202    0.0011906426911622865    9.420419908338964E-4     7.43327662877865E-4      5.849873738554665E-4     4.5920112510532135E-4    3.5956952087816234E-4    2.808785806390489E-4     2.1889793118507947E-4    1.7020901353024167E-4    1.3205991416868085E-4    1.0224353227004103E-4    7.89959834865695E-5      6.09123849535747E-5      4.687743937901258E-5     3.600851967436309E-5     2.7609235466979095E-5    2.113172947127737E-5     1.614619895563744E-5     1.2316361972232822E-5    9.37978817014689E-6      7.132189882814907E-6     5.414921753034283E-6     4.105068048718677E-6     3.107608006240721E-6     2.349243149986106E-6     1.7735487260901931E-6    1.3371762227300113E-6    1.0068873529807163E-6    7.572435955349876E-7     5.688109772604219E-7     4.267685994405648E-7     3.198326303493024E-7     2.3942611170512787E-7    1.7903980066547613E-7    1.337410992098859E-7     9.979749534297505E-8     7.438833816472046E-8     5.5384585960104586E-8    4.118072317240284E-8     3.0566596329543874E-8    2.262967667587442E-8     1.6680381110317482E-8    1.2194699359999764E-8    8.769579331255137E-9     6.08738195061606E-9      3.8862734330263146E-9    1.9336925670592363E-9    0
% Data
% c (mol/m^3) @ t=1100, u1=0.01, u2=0.01
1                         0.9816844751758441       0.9613607235999999       0.9390462787881596       0.9147836856689475       0.8886410241647439       0.8607119092773614       0.8311149384657341       0.7999925721020145       0.7675094494173966       0.7338501600753893       0.6992165097047158       0.6638243356654343       0.6278999462317535       0.5916762714547595       0.5553888264420251       0.5192715969510315       0.4835529624447476       0.4484517726611447       0.41417369005623683      0.3809079021655805       0.34882429520509406      0.3180711635583213       0.2887735098729963       0.26103196822890307      0.2349223593279314       0.2104958630935952       0.187779771683382        0.1667787658918758       0.1474766412900887       0.12983839801312452      0.11381260038641013      0.09933390974967315      0.0863256957382503       0.07470263744286158      0.06437323556789355      0.05524216904589239      0.04721244355814069      0.040187294076267616     0.03407181797638708      0.028774328723704376     0.02420743199818874      0.020288836040932203     0.016941915746317076     0.01409605557765091      0.011686799854359275     0.009655840562715259     0.007950872863136213     0.006525347223217387     0.005338144920138532     0.004353200834877263     0.0035390942766943922    0.0028686252598753726    0.002318390389229563     0.0018683694333779229    0.0015015308693065357    0.001203462224248569     9.620289466891317E-4     7.670638077174095E-4     6.100874496393303E-4     4.840596310837017E-4     3.831599298942972E-4     3.025961167157312E-4     2.384380629058019E-4     1.8747485770396403E-4    1.4709274625605384E-4    1.1517153110065983E-4    8.999717853066314E-5     7.018851582538056E-5     5.463607793192132E-5     4.2451348843790725E-5    3.2924833141970146E-5    2.5491579257120677E-5    1.970295267629597E-5     1.5203621149304933E-5    1.1712863028058534E-5    9.009443399245534E-6     6.919420668669999E-6     5.306349318480975E-6     4.0634336544444325E-6    3.1072636784088065E-6    2.372829055823853E-6     1.809561815799658E-6     1.3782042009512455E-6    1.0483361798171721E-6    7.964286508713976E-7     6.043142985043479E-7     4.579892883572081E-7     3.4667628092741556E-7    2.6209326160706566E-7    1.9788399787684611E-7    1.49175017386831E-7      1.122312519724322E-7     8.418823951790568E-8     6.284328216945508E-8     4.649143284240522E-8     3.3794776318711215E-8    2.3675288858488215E-8    1.5222649840951678E-8    7.608729071823032E-9     0
% Data
% c (mol/m^3) @ t=1200, u1=0.01, u2=0.01
1                         0.9835219043542306       0.9652265114990759       0.9451169103712548       0.9232166502071157       0.899570399131229        0.8742442150364997       0.8473254012888292       0.8189219298627678       0.7891614258327107       0.7581897193877876       0.7261689843209397       0.6932754948213329       0.6596970448925721       0.6256300863255695       0.5912766513751158       0.5568411346495468       0.5225270147994189       0.488533600032781        0.4550528820354666       0.4222665803933645       0.3903434540887682       0.35943694820487115      0.32968323289713947      0.30119967839557393      0.27408379483498335      0.2484126497251561       0.2242427595974023       0.2016104365596479       0.1805325559064061       0.16100769824557562      0.14301760939180513      0.12652891395315521      0.11149501433802639      0.09785810587000245      0.08555124066333426      0.0745003775523837       0.06462636221752857      0.055846790147344096     0.048077714617427644     0.041235171848776765     0.035236505377970635     0.030001480951607606     0.02545319157393249      0.02151875942667476      0.018129847093020894     0.015222994805681947     0.012739803342535784     0.010626983821837566     0.00883629616094066      0.007324397545570628     0.0060526211103692044    0.0049867033522441664    0.0040964767686422964    0.0033555419942571697    0.002740931436977894     0.002232774194542011     0.0018139699477251608    0.0014698776293037435    0.0011880229938614434    9.578277768872771E-4     7.703619331439147E-4     6.181194737274146E-4     4.948176607984997E-4     3.952187461417412E-4     3.1497302963760587E-4    2.504817410135603E-4     1.987780882953968E-4     1.5742474638647354E-4    1.244260586774992E-4     9.815327568656762E-5     7.728124231842968E-5     6.07350569208127E-5      4.764535086197689E-5     3.731096901449688E-5     2.9167963376780124E-5    2.2763939789842554E-5    1.7736918346227623E-5    1.379797975366493E-5     1.0717071567167158E-5    8.311439442899477E-6     6.436229472091974E-6     4.976878633528453E-6     3.842972089214186E-6     2.9632992022059064E-6    2.2818856053241602E-6    1.7548172361802731E-6    1.3477047981644932E-6    1.0336643838805844E-6    7.917127211456356E-7     6.0549431628376E-7       4.6227324476258046E-7    3.5213496899706454E-7    2.673537650537637E-7     2.0188945569080058E-7    1.509834411877165E-7     1.1082867544102687E-7    7.829134775629244E-8     5.0663592595753025E-8    2.542642585189211E-8     0
% Data
% c (mol/m^3) @ t=0, u1=0.01, u2=0.03
1                         -4.522845772963958E-8    2.1593471701522758E-15   2.429049619556598E-20    3.2340292311946056E-26   3.2960419531633396E-32   3.001660009989746E-38    2.5681431685851957E-44   2.111589465229364E-50    1.6890005337407379E-56   1.3239176014680948E-62   1.0217940586562278E-68   7.790195122816519E-75    5.880645162805656E-81    4.402910824472937E-87    3.2738666708951995E-93   2.4200833644695437E-99   1.7799128735064714E-105  1.3033148956459314E-111  9.506353164339132E-118   6.910104932075616E-124   5.0075179189512E-130     3.618794268209429E-136   2.608706507018299E-142   1.876319184338676E-148   1.3467757137039411E-154  9.64865357905842E-161    6.900611668882666E-167   4.927386625889921E-173   3.5132250839959475E-179  2.509850000941774E-185   2.000409381484966E-191   1.5924853806263174E-197  1.2663424461656652E-203  1.0059502258926863E-209  7.98323860798531E-216    6.32971582789165E-222    5.014351911865788E-228   3.969099334543206E-234   3.1393159422999143E-240  2.481200014899925E-246   1.9596956352507675E-252  1.5467878074868264E-258  1.220118919494534E-264   9.618689769383367E-271   7.578515070768826E-277   5.96785193774247E-283    4.69708260119062E-289    3.6950848532158573E-295  2.9054665871492048E-301  2.283553637744869E-307   1.79398412526E-313       1.62473E-319             0                        0                        0                        0                        0                        0                        0                        0                        0                        0                        0                        0                        0                        0                        0                        0                        0                        0                        0                        0                        0                        0                        0                        0                        0                        0                        0                        0                        0                        0                        0                        0                        0                        0                        0                        0                        0                        0                        0                        0                        0                        0                        0                        0                        0                        0                        0                        0
% Data
% c (mol/m^3) @ t=100, u1=0.01, u2=0.03
1                         0.8551207359120235       0.7035370973406724       0.55507976636592         0.4187294404283539       0.30124528267747547      0.20630615495644358      0.1343708808297617       0.08324607884942427      0.049116609293720755     0.027660124837926976     0.014910901009438983     0.007720170566018069     0.003852562185108827     0.0018594801978000861    8.709784859475974E-4     3.9714872799877313E-4    1.7679450863217411E-4    7.703234612530324E-5     3.2928088420071084E-5    1.3836856246121914E-5    5.726267046079077E-6     2.337555806872296E-6     9.425811915065766E-7     3.759056816981713E-7     1.4842780875499858E-7    5.8082844350271796E-8    2.2546271029554057E-8    8.692916782386068E-9     3.346015779598036E-9     1.3304955752722559E-9    5.576023459930466E-10    2.3250800850827058E-10   9.649941045328969E-11    3.9878440119048396E-11   1.6414060787025614E-11   6.7310385943001544E-12   2.75072971894064E-12     1.1205066815634091E-12   4.550646362985089E-13    1.8429215403360037E-13   7.443741677592939E-14    2.9991305346202317E-14   1.2055413374667214E-14   4.835142396442168E-15    1.9352179948977994E-15   7.730236576518074E-16    3.0820731250902607E-16   1.22665354152702E-16     4.8738054100405035E-17   1.9333808187173982E-17   7.657776653813681E-18    3.0286902875205347E-18   1.1961967552421549E-18   4.71816093307899E-19     1.8586186585639241E-19   7.312715551417995E-20    2.873822078588534E-20    1.1281179093601112E-20   4.4236616394576175E-21   1.732847413976609E-21    6.781205828885051E-22    2.651171999423882E-22    1.0355439660353328E-22   4.0412274126555187E-23   1.575744569211138E-23    6.139020408298045E-24    2.389820820090601E-24    9.296003054037142E-25    3.6132906185987623E-25   1.4034461899829907E-25   5.44734501183411E-26     2.1129040386135763E-26   8.19010594827228E-27     3.1726545298857224E-27   1.2282530017258741E-27   4.752176540699792E-28    1.8375726915624033E-28   7.101513877161677E-29    2.7429551851743113E-29   1.0588988157601971E-29   4.085681746693194E-30    1.5756327880788104E-30   6.073397757219098E-31    2.3399160842106125E-31   9.010856344368892E-32    3.4684404939202447E-32   1.3344730375900333E-32   5.132128469617677E-33    1.9728860553425872E-33   7.581020883223708E-34    2.911916146464593E-34    1.1180459075661553E-34   4.29115245300537E-35     1.6463616399849845E-35   6.314129664300935E-36    2.420506798362049E-36    9.267432013938457E-37    3.516386802612522E-37    1.2203767945711503E-37   0
% Data
% c (mol/m^3) @ t=200, u1=0.01, u2=0.03
1                         0.9106950495885241       0.8143184375356264       0.7140391059810919       0.6132561724414596       0.5153179432541067       0.4232434939721799       0.33948247912304474      0.2657454641376493       0.20292742345027465      0.15113181634415998      0.10978462379412668      0.07781147178698125      0.053841332507510054     0.036400243358608066     0.024067401244287936     0.015579884568544906     0.009885923394949606     0.00615620375692144      0.003766855271475066     0.002267431331185271     0.0013442533005070811    7.857787115502608E-4     4.5336383594305136E-4    2.5843494592085064E-4    1.4568875674984022E-4    8.130146279269052E-5     4.4971256683090236E-5    2.4724605159797655E-5    1.3625936130955186E-5    7.75403133939844E-6      4.571716445561487E-6     2.6790293083008374E-6    1.5610231856084275E-6    9.04789001246739E-7      5.218550533783487E-7     2.9961454870445385E-7    1.7128541698959409E-7    9.753166590889735E-8     5.532890014554757E-8     3.127835386758216E-8     1.7624516654550052E-8    9.90057569972913E-9      5.545683558534367E-9     3.0979634001547653E-9    1.7262091401060684E-9    9.595565007140511E-10    5.321902934677225E-10    2.945353539244345E-10    1.6267948495064294E-10   8.968093219342175E-11    4.934954123673106E-11    2.7109557061490154E-11   1.4868111101659645E-11   8.141762370201806E-12    4.4518762482244815E-12   2.4308623820448305E-12   1.325558402880228E-12    7.219137046067641E-13    3.9268529838463736E-13   2.1335379403090712E-13   1.1579090621113384E-13   6.277511682079446E-14    3.399844067558909E-14    1.839530995831501E-14    9.943723713993645E-15    5.3703305075771815E-15   2.8978659341384442E-15   1.562411067363827E-15    8.417162402382341E-16    4.531086926154735E-16    2.437348253900027E-16    1.310155554856191E-16    7.037674914846209E-17    3.77787015170978E-17     2.026684922592417E-17    1.0865663270333527E-17   5.821916811999213E-18    3.117626041143446E-18    1.6685469681982153E-18   8.925180009066007E-19    4.77163316962603E-19     2.5497387294473243E-19   1.361788348827404E-19    7.269679863881351E-20    3.878991730326161E-20    2.0688366864466213E-20   1.1029174137744452E-20   5.877256074188966E-21    3.1305903794595343E-21   1.6668742650431279E-21   8.871745218783572E-22    4.720075427518451E-22    2.5102913243318446E-22   1.3345198104516406E-22   7.090652312278099E-23    3.762371416306738E-23    1.9855762610102398E-23   1.0205214423421912E-23   4.51792710069977E-24     0
% Data
% c (mol/m^3) @ t=300, u1=0.01, u2=0.03
1                         0.9346285450067852       0.8633366588458465       0.7876306901355843       0.7092199571520583       0.6299205939772471       0.5515504765719005       0.4758244324285813       0.40425907692483043      0.3380956875835118       0.27824760242889407      0.2252759186873962       0.17939409759492844      0.14049886010434415      0.10822193505625499      0.08199522091373002      0.0611210677729042       0.044839806528951774     0.03238820915014384      0.023044863458990105     0.01616094912844466      0.011177096295491682     0.007628551834222294     0.005141657559665275     0.003424744968351126     0.0022561745420490035    0.0014716241456363501    9.520552640266693E-4     6.131881362745447E-4     3.968629120127418E-4     2.6437027701323596E-4    1.8076889914393673E-4    1.2284380963488586E-4    8.30067808295609E-5      5.579689136502936E-5     3.73285050746981E-5      2.4865406803019415E-5    1.649897506755707E-5     1.090933737896089E-5     7.190923096721849E-6     4.726848507914992E-6     3.0996042585331674E-6    2.028270120507786E-6     1.3248244798844531E-6    8.640172898753533E-7     5.6276498728632E-7       3.661607450499434E-7     2.3803823807353185E-7    1.546439219774749E-7     1.004158273498389E-7     6.51805534693499E-8      4.229953573268955E-8     2.744746070253563E-8     1.780974880230124E-8     1.1556750900469371E-8    7.500032676432866E-9     4.8681228136537836E-9    3.1604388960067843E-9    2.052262489517501E-9     1.3329883872060565E-9    8.660297477790261E-10    5.628005531033474E-10    3.6584024026807697E-10   2.378711789039571E-10    1.5470425158383224E-10   1.006394624455774E-10    6.548393175372001E-11    4.261826343107138E-11    2.774247191813217E-11    1.8062449234826936E-11   1.1762072718754869E-11   7.660560949194513E-12    4.990001996948767E-12    3.2508617465951626E-12   2.1181095385037496E-12   1.3802104252565103E-12   8.994651726773747E-13    5.862206491852114E-13    3.8209512183219413E-13   2.490644578401727E-13    1.6235979883715E-13      1.0584458873624717E-13   6.900482373596907E-14    4.4989212368027565E-14   2.933278183089032E-14    1.9125467190270346E-14   1.247047579837334E-14    8.13138607516695E-15     5.30218977985527E-15     3.457431638669755E-15    2.254538329330059E-15    1.4701560140393263E-15   9.586504878929936E-16    6.250497813329325E-16    4.073954096162692E-16    2.652155294121073E-16    1.7196464473992608E-16   1.0999649275455955E-16   6.70740321650833E-17     3.3633299547912975E-17   0
% Data
% c (mol/m^3) @ t=400, u1=0.01, u2=0.03
1                         0.9487491342374246       0.892529682881675        0.8321543418150548       0.7685872937793519       0.7029063403029342       0.6362576767429916       0.5698060194424712       0.5046832645422109       0.4419391045637144       0.38249700898613154      0.3271186570242267       0.2763792838859408       0.23065549050693412      0.19012594403772734      0.1547841866088843       0.12446163574576698      0.09885797182908256      0.07757560450629435      0.060154859669812454     0.04610691066824667      0.034942187758350014     0.026192882142784462     0.01942904992373377      0.014268581901783088     0.010381856293427898     0.007492210425050145     0.005373479105472572     0.003845805595342815     0.0027708002087236685    0.0020469621204114276    0.001541808752727281     0.00115422864925197      8.590551005731816E-4     6.358319873815206E-4     4.681411393011176E-4     3.4295829294661025E-4    2.500625155290324E-4     1.8151264675814047E-4    1.311957501667605E-4     9.444654786278613E-5     6.773294924498976E-5     4.8400617473828616E-5    3.446860168302535E-5     2.446800710971705E-5     1.731616226663865E-5     1.2219530818788416E-5    8.599533704581343E-6     6.03637924889264E-6      4.226875013445622E-6     2.9529769313091863E-6    2.058503347831973E-6     1.4320029020052427E-6    9.942232517258072E-7     6.889943762408058E-7     4.766290830206439E-7     3.291677842342292E-7     2.2696687376239698E-7    1.5626085627443542E-7    1.074267914236255E-7     7.375302405104011E-8     5.056851299197058E-8     3.462902267839777E-8     2.3685630682884367E-8    1.6182208701595364E-8    1.1043858175636426E-8    7.52930273311942E-9      5.1281311479320014E-9    3.4894122164031067E-9    2.3722011673286014E-9    1.6112878560884673E-9    1.093534521382867E-9     7.415562529709938E-10    5.024832944536409E-10    3.402342278637731E-10    2.3021066554643085E-10   1.5565945256460314E-10   1.0518144046466126E-10   7.102751919703258E-11    4.793446821721278E-11    3.233048577288943E-11    2.1793572877281566E-11   1.4682666191637933E-11   9.886661867473297E-12    6.653808427025546E-12    4.4758341076366965E-12   3.009314766340873E-12    2.022356492006254E-12    1.3584710661554508E-12   9.12118345550164E-13     6.121592739406015E-13    4.106683295341185E-13    2.7537400606827205E-13   1.8455292887704655E-13   1.235809849777564E-13    8.26001254218324E-14     5.4930323512483914E-14   3.5967129935528446E-14   2.2370288831119583E-14   1.1371539378649671E-14   0
% Data
% c (mol/m^3) @ t=500, u1=0.01, u2=0.03
1                         0.9580058661399183       0.9117827258968204       0.8618144540776566       0.8086961962508699       0.7531168805995335       0.6958368668026756       0.6376617470367312       0.5794136157479367       0.5219013516375355       0.4658915806368734       0.4120819923891211       0.36107855475779         0.31337791364218953      0.2693558953149773       0.2292625755833453       0.19322388571563928      0.1612492382272123       0.13324422730405328      0.10902713515906004      0.08834779127399622      0.07090730234532049      0.05637729130023005      0.04441752791317482      0.03469116030897859      0.026877118681659116     0.02067961558643206      0.015834977304245962     0.012116288594278624     0.009336513894484989     0.007350878890821743     0.005874139843500437     0.004665708983803269     0.0036841519934150075    0.0028925696975266274    0.002258589628417014     0.0017541999540361096    0.0013554699149268123    0.001042196597894215     7.975118879467578E-4     6.074767621644757E-4     4.6068346449222553E-4    3.478800342751068E-4     2.6162644710722797E-4    1.959873879535234E-4     1.462634135343369E-4     1.0875989284744434E-4    8.059151567286738E-5     5.9519185487499537E-5    4.381562317899998E-5     3.215587207206022E-5     2.3529002975614273E-5    1.7167581309397906E-5    1.249180848338068E-5     9.065636514668591E-6     6.562543681124143E-6     4.739027404405983E-6     3.4142054465300155E-6    2.454211607244812E-6     1.7603258332446018E-6    1.259992448969701E-6     9.00057352729479E-7      6.416996650260694E-7     4.5664994411022303E-7    3.2438007953441735E-7    2.3002339214284405E-7    1.6284091363520692E-7    1.1509440250000295E-7    8.122100009988822E-8     5.723071257968766E-8     4.026788965015117E-8     2.8292981176825524E-8    1.985221523517906E-8     1.3911343643493613E-8    9.735933464423525E-9     6.8053788447323405E-9    4.7512756140144356E-9    3.3133525085581685E-9    2.3080232077112066E-9    1.6059897267459627E-9    1.1163226833311263E-9    7.751662801618951E-10    5.377387213485313E-10    3.7267623954553275E-10   2.580406855160153E-10    1.7850582710597087E-10   1.2337736735528522E-10   8.520168103628034E-11    5.87895986615939E-11     4.05323465830949E-11     2.7922829681936864E-11   1.922102547274346E-11    1.322036155349313E-11    9.084727878490948E-12    6.234763591518234E-12    4.268332020958524E-12    2.9043915771491675E-12   1.9422417622058466E-12   1.229563334094668E-12    6.326414684890029E-13    0
% Data
% c (mol/m^3) @ t=600, u1=0.01, u2=0.03
1                         0.9646296928385005       0.9256080183675821       0.8832379776902003       0.8379059095150962       0.7900727425241603       0.7402620621354018       0.6890454256786486       0.6370255297072781       0.5848179742610422       0.5330324695020588       0.48225438076197785      0.43302750256303907      0.3858388886763664       0.3411064464109269       0.29916983638621697      0.2602850156718539       0.2246225376725114       0.1922694943583067       0.163234774337132        0.13745713206801413      0.11481543476477045      0.09514038520143824      0.07822701563297195      0.06384730859802346      0.051762416310775196     0.04173410849945769      0.03353526283537805      0.026959405922063442     0.02182950116410723      0.018006350668908603     0.015027449231509834     0.012470747055151256     0.010291683027373        0.0084471486856864       0.00689620401310153      0.005600611581553826     0.004525197614667615     0.003638056253082117     0.0029106183571096737    0.0023176087809105685    0.0018369165762726037    0.0014494014945451415    0.0011386579309082387    8.907545406009065E-4     6.93964530897898E-4      5.384983934225603E-4     4.162478033683133E-4     3.205467131456115E-4     2.459533807011241E-4     1.8805521923696247E-4    1.4329692052574017E-4    1.0883124972746842E-4    8.23911834437232E-5      6.218160738402061E-5     4.6788548837278176E-5    3.510384000513611E-5     2.626314569314417E-5     1.9595404966885202E-5    1.4581900846527159E-5    1.0823361655645862E-5    8.013695145952642E-6     5.919150037799064E-6     4.361881344248669E-6     3.207061188750925E-6     2.3528235709790412E-6    1.7224591640365905E-6    1.2583853605023921E-6    9.175087565179978E-7     6.676737941022782E-7     4.849542540851165E-7     3.5159559067495295E-7    2.5445751131975455E-7    1.8383936340360858E-7    1.3259723864650589E-7    9.548250021272909E-8     6.864774275250236E-8     4.927890498370572E-8     3.53221060712812E-8      2.5281373952016933E-8    1.8069263425232872E-8    1.289681489888964E-8     9.19269152398359E-9      6.543897846270084E-9     4.652418775926305E-9     3.3035728434945265E-9    2.342963838972267E-9     1.6597288812602977E-9    1.1743867783270852E-9    8.300400648584245E-10    5.860166753193518E-10    4.132825243550546E-10    2.9113663310027797E-10   2.0483250299732956E-10   1.438654622242505E-10    1.0073447887605485E-10   7.003426839233483E-11    4.776230988447215E-11    3.0734905891490656E-11   1.5990402619704555E-11   0
% Data
% c (mol/m^3) @ t=700, u1=0.01, u2=0.03
1                         0.9696845667539596       0.9361813354239338       0.8996814045383904       0.8604394716083412       0.8187695840288587       0.7750387553331645       0.7296586231103829       0.6830754235649623       0.6357586462150958       0.5881888050651976       0.5408448148843374       0.49419148914839284      0.44866767728461454      0.4046755322450123       0.3625713460829397       0.3226583139256738       0.28518149011504873      0.25032509049414037      0.218212179268008        0.18890666579355447      0.16241743456193936      0.13870434865591694      0.11768581011877442      0.09924753512391701      0.08325221020100092      0.0695497376526111       0.05798785012676431      0.04842296964795784      0.040731296548093175     0.03482022858333381      0.03005328638030751      0.025813420659614672     0.022065645852846476     0.018773033043595372     0.015897640150163116     0.01340136353209999      0.011246687248968453     0.009397314877550756     0.007818677013899796     0.006478314813024869     0.005346145811662795     0.0043946226846643885    0.0035987985067213305    0.0029363136512506128    0.002387319858161947     0.001934356483077946     0.0015621927521868946    0.0012576482243452207    0.001009401810243573     8.077977840928023E-4     6.446553725184309E-4     5.130868057116998E-4     4.073272209393029E-4     3.2257854390185185E-4    2.5486844330571543E-4    2.0092464717507642E-4    1.5806430472471933E-4    1.2409764836477126E-4    9.724492785443783E-5     7.606542439339052E-5     5.9397280210976676E-5    4.6306875675058026E-5    3.6046531250292896E-5    2.8019389483770638E-5    2.175042963198316E-5     1.6862674631921892E-5    1.3057759527215643E-5    1.0100137019036879E-5    7.8042960951033E-6       6.024461631153144E-6     4.646325414664409E-6     3.580431910943645E-6     2.756905493663935E-6     2.121260348827096E-6     1.6310805861050717E-6    1.2533971063368921E-6    9.62620356981011E-7      7.389151145823915E-7     5.66925667364871E-7      4.3477796310039066E-7    3.333000889900118E-7     2.554144317139688E-7     1.9566451890666422E-7    1.4984728698012513E-7    1.1472770738512034E-7    8.78176286020227E-8      6.720459809920746E-8     5.14195171964588E-8      3.933441499493203E-8     3.0083536388981595E-8    2.300242760932582E-8     1.75808507373949E-8      1.3426223552389035E-8    1.0234896368541433E-8    7.76894695138098E-9      5.836258851983452E-9     4.271338097647615E-9     2.9133865231764205E-9    1.5761356814574293E-9    0
% Data
% c (mol/m^3) @ t=800, u1=0.01, u2=0.03
1                         0.9736853972340188       0.9445629714380236       0.9127504186315981       0.8784146646029114       0.8417701285699666       0.8030755355696511       0.7626293259746922       0.7207637692503529       0.6778379460670327       0.6342298155026619       0.590327629669225        0.5465209942053881       0.5031918974973317       0.4607060424529016       0.41940481097040455      0.37959817245825006      0.34155881429741347      0.3055177254089695       0.2716614065653834       0.24013081628901894      0.2110220935708834       0.18438903335185763      0.1602472331391673       0.13857978439966595      0.11934435467758264      0.10248149838972116      0.08792404659124166      0.07560745703116982      0.06548105162678292      0.05752012324473628      0.050932245247089114     0.04491265410279581      0.03944197378632623      0.03449674274998077      0.030050148056790574     0.02607278615400143      0.02253341952035117      0.01939970218112254      0.01663885193418297      0.014218252556349039     0.012105974793956064     0.010271210194596548     0.008684616516597842     0.0073185773695223595    0.006147381799372014     0.0051473317245692       0.004296786504846995     0.0035761545805268586    0.0029678421755964138    0.0024561686459057       0.002027257302899891     0.0016689095719624094    0.001370469254739555     0.001122682539942028     9.175583109177248E-4     7.482322763975853E-4     6.088375327728325E-4     4.943833681582967E-4     4.006434457712248E-4     3.240539542857662E-4     2.6162187774435796E-4    2.1084320576086397E-4    1.6963066274283415E-4    1.3625036872968663E-4    1.0926674057665413E-4    8.749488796202547E-5     6.995974274323988E-5     5.5861172735632966E-5    4.45443637889008E-5      3.547480033715603E-5     2.8217229017047623E-5    2.24180483176913E-5      1.779062642186963E-5     1.4103107167061877E-5    1.1168318853539226E-5    8.835451473992471E-6     6.983214288841257E-6     5.514227303710229E-6     4.350437137241531E-6     3.429380179110828E-6     2.701144117276866E-6     2.1259032104002047E-6    1.6719234761779467E-6    1.3139516451853982E-6    1.0319166679878382E-6    8.098851139362954E-7     6.352222868573541E-7     4.979195952382886E-7     3.90055904197748E-7      3.0536647354543364E-7    2.38897812412015E-7      1.8673045746805796E-7    1.457543251431397E-7     1.1348278477341355E-7    8.789162069904352E-8     6.726689837350154E-8     5.00400709881909E-8      3.457694152835873E-8     1.8864719370562902E-8    0
% Data
% c (mol/m^3) @ t=900, u1=0.01, u2=0.03
1                         0.9768792059012693       0.9512638252084147       0.9232244945607863       0.8928706507036899       0.860350065818828        0.8258473695293118       0.7895815549622104       0.7518025030744396       0.7127865973472252       0.6728315384556307       0.632250504046834        0.591365830688695        0.5505024217710467       0.5099811051523084       0.4701121763478021       0.43118936608493946      0.3934844645851544       0.35724281901682353      0.3226798958888519       0.28997906809748575      0.2592907489314643       0.23073295516104408      0.20439334131430073      0.1803327103889816       0.15858997532420682      0.139188522738674        0.12214391700025912      0.10747287874839498      0.09520347639609252      0.08538647949222827      0.07709718582412235      0.06936133161561112      0.062176216055126625     0.05553431249407154      0.049423631258857764     0.04382817137984173      0.038728439857031734     0.03410201587069569      0.02992413749087431      0.026168289772554247     0.022806775404230754     0.019811252032431333     0.01715322373323703      0.014804477582400234     0.012737459663369411     0.010925587969764096     0.009343502379477831     0.007967254125775827     0.006774438935719316     0.0057442792545711035    0.004857661761593644     0.004097136762474535     0.0034468860824769265    0.0028926658526304346    0.0024217301479891045    0.0020227408661322452    0.0016856685818247633    0.0014016884270619831    0.0011630743619946864    9.630945496019795E-4     7.959099451619275E-4     6.564776729653137E-4     5.404602936813202E-4     4.4414166789192064E-4    3.64349792556666E-4      2.983867230231795E-4     2.439654875174729E-4     1.9915374680999875E-4    1.623238416320842E-4     1.3210879720905238E-4    1.0736381119651752E-4    8.713273218039367E-5     7.061903526889583E-5     5.716081445951246E-5     4.6209334443639176E-5    3.7310714057316504E-5    3.0090347079996076E-5    2.423970147310757E-5     1.950517387426397E-5     1.5678711071554714E-5    1.258994346596062E-5     1.0099606653160462E-5    8.094055899392317E-6     6.480704295195786E-6     5.184238712993518E-6     4.143488421037522E-6     3.3088394202339673E-6    2.640103395660359E-6     2.104763723770656E-6     1.6765323107840027E-6    1.3341601105087418E-6    1.0604507333221168E-6    8.414300078717948E-7     6.656234592860644E-7     5.233860769622582E-7     4.062101512282016E-7     3.058995725219444E-7     2.1342885702164652E-7    1.1717741561402746E-7    0
% Data
% c (mol/m^3) @ t=1000, u1=0.01, u2=0.03
1                         0.9794914142700751       0.9567506907059725       0.9318173096648027       0.9047617939841307       0.8756858927260407       0.8447220429348544       0.8120320888605079       0.777805262080076        0.7422554516592924       0.7056178200740815       0.6681448470860059       0.6301019090823555       0.5917625244627538       0.5534034154095261       0.5152995518313016       0.4777193535845676       0.4409202316478905       0.40514464743090806      0.37061686186844933      0.33754053276874724      0.30609730080283737      0.2764464826060177       0.24872596501549107      0.2230543689197288       0.19953452595946206      0.17825828764452312      0.15931266525992546      0.14278728069417088      0.12878309293800905      0.11742235177055764      0.10767536453824623      0.09842529072781515      0.08968330115299891      0.08145614376426298      0.07374616021518539      0.06655140096787766      0.05986583149502537      0.05367961879147072      0.047979484836644326     0.042749111945383576     0.03796958413015586      0.03361984862783976      0.029677182521029966     0.026117650771618265     0.02291654382616584      0.020048785085458435     0.017489300798992972     0.015213347210563754     0.013196791929000775     0.011416348441058134     0.009849764361803686     0.00847596539806696      0.007275158071889279     0.00622889502156449      0.005320107190071295     0.004533107456586482     0.0038535703041820595    0.003268491985880034     0.0027661353916085814    0.002335963467361788     0.0019685646281520255    0.0016555731665386943    0.0013895872119117645    0.0011640863605570208    9.733506863691799E-4     8.123824662276431E-4     6.768316182069179E-4     5.629255576738688E-4     4.6740392628004444E-4    3.874584404611466E-4     3.20677936613211E-4      2.6499855610690387E-4    2.1865891074528175E-4    1.8015999400832814E-4    1.4822955134334012E-4    1.2179058993614266E-4    9.993369122017967E-5     8.189278460130044E-5     6.702404564396352E-5     5.4787593828052136E-5    4.4731681878381276E-5    3.647908888322376E-5     2.9715451567730087E-5    2.4179291067351987E-5    1.965351548433583E-5     1.595820072058724E-5     1.2944473003576387E-5    1.0489335656080639E-5    8.491299463979776E-6     6.866689745582585E-6     5.546512787335237E-6     4.473767759157713E-6     3.6010841901512396E-6    2.888543633752955E-6     2.301496809813156E-6     1.8080958540774505E-6    1.3760929814767278E-6    9.6815518384845E-7       5.344103400992265E-7     0
% Data
% c (mol/m^3) @ t=1100, u1=0.01, u2=0.03
1                         0.981668586474937        0.961327880279361        0.9389962401349187       0.9147171814654383       0.888559888432528        0.8606192036670969       0.8310150709920139       0.7998914225444848       0.7674145194693963       0.7337707742575322       0.6991641022462463       0.6638128691169594       0.6279465197041367       0.5918019903553621       0.5556200217604017       0.5196415009731313       0.48410396976155934      0.4492384410521788       0.4152666658623107       0.38239898969256997      0.35083293001605576      0.3207525955547081       0.292329053921848        0.26572173748016203      0.2410809585127104       0.2185515846158425       0.19827790410581925      0.1804096895544768       0.16510944550886938      0.1525608039497453       0.14165658833487654      0.13116796022110713      0.12111562676044516      0.11151690311849502      0.10238550053659012      0.09373139015036554      0.08556074551461769      0.0778759637269654       0.07067576209834281      0.06395534465297546      0.057706630489577394     0.05191853429536024      0.04657728812866632      0.041666792986197645     0.037168988620690756     0.03306423051732242      0.02933166379239692      0.02594958495252485      0.022895783847860812     0.0201478596724562       0.017683506419858636     0.015480764716450058     0.01351823836713191      0.011775275212103972     0.010232112979435229     0.008869991709976106     0.007671235025383547     0.006619303013200126     0.005698819829310791     0.004895579287299674     0.004196531739044026     0.0035897554754626025    0.0030644157146828776    0.0026107140197122116    0.002219830719599824     0.0018838626150620155    0.0015957579467658766    0.0013492503041892358    0.001138792864685637     9.594940830235577E-4     8.070557059269008E-4     6.777137667855585E-4     5.68183023914206E-4      4.756051414439708E-4     3.9750077411337134E-4    3.3172560417789256E-4    2.7643028822682796E-4    2.3002420146705783E-4    1.9114281448555644E-4    1.5861850012615646E-4    1.3145454349813997E-4    1.0880211401369751E-4    8.993995264964041E-5     7.425652845543615E-5     6.123442396246471E-5     5.043671798482637E-5     4.1495144764256966E-5    3.4099818797967016E-5    2.7990322909436167E-5    2.294796026603535E-5     1.878896463611369E-5     1.5358439900288262E-5    1.2524747364062959E-5    1.0173956680941134E-5    8.203786898774218E-6     6.5161256870764226E-6    5.006619169583533E-6     3.5487856842677234E-6    1.968303242260095E-6     0
% Data
% c (mol/m^3) @ t=1200, u1=0.01, u2=0.03
1                         0.9835116569917117       0.9652054540244399       0.9450851771210633       0.923175224852381        0.8995212824185815       0.8741906140472416       0.8472719500803241       0.8188749562587953       0.7891292852360035       0.7581832239556209       0.726201964847963        0.6933655434078453       0.6598664991575355       0.6259073307889471       0.5916978289382195       0.5574523811107869       0.523387352322338        0.4897186516837498       0.4566595991404447       0.42441920766502417      0.39320099427075844      0.3632024282253315       0.334615116845503        0.3076258183630647       0.28241835774666163      0.25917650525523084      0.23808785911281768      0.2193487532459049       0.20317018869328848      0.18978476321152687      0.17803352751173424      0.16660639919097758      0.15552930210388421      0.14482597338947412      0.1345176494720318       0.12462279520268393      0.11515688378716674      0.10613223337658338      0.0975579041789324       0.0894396577958052       0.08177997832146111      0.07457815267605714      0.06783040578340621      0.06153008462874479      0.05566788400217576      0.050232105881634945     0.04520894394320261      0.04058278459142281      0.03633651614417138      0.03245183833743243      0.02890956507772993      0.02568991430210549      0.022772779845552194     0.02013798130537412      0.01776548897901902      0.015635621992673106     0.013729218697631041     0.01202777926489993      0.010513581139461435     0.00916976861612726      0.00798041826809848      0.006930582302081158     0.00600631213944754      0.005194664643900628     0.004483693446744587     0.003862427776390341     0.0033208410943403634    0.002849811690130854     0.0024410772059293316    0.002087184859567488     0.0017814389229376026    0.0015178467993689636    0.0012910648356009673    0.0010963448064563747    9.294818270169441E-4     7.867642804678737E-4     6.649262011790658E-4     5.611024225099733E-4     4.7278668702850185E-4    3.977928225419801E-4     3.342190093594284E-4     2.804151010532003E-4     2.349529109619411E-4     1.9659933789567823E-4    1.6429217489486592E-4    1.3711842210018893E-4    1.1429490595454294E-4    9.515098833181662E-5     7.911312540678728E-5     6.56909989322063E-5      5.446487887256419E-5     4.507376422276601E-5     3.720365161296468E-5     3.0574936788149645E-5    2.4927356528194212E-5    1.999984805809235E-5     1.5500933092786357E-5    1.1062203099879566E-5    6.162305177149014E-6     0
% Data
% c (mol/m^3) @ t=0, u1=0.01, u2=0.05
1                         -4.522845772963958E-8    2.1593471701522758E-15   2.429049619556598E-20    3.2340292311946056E-26   3.2960419531633396E-32   3.001660009989746E-38    2.5681431685851957E-44   2.111589465229364E-50    1.6890005337407379E-56   1.3239176014680948E-62   1.0217940586562278E-68   7.790195122816519E-75    5.880645162805656E-81    4.402910824472937E-87    3.2738666708951995E-93   2.4200833644695437E-99   1.7799128735064714E-105  1.3033148956459314E-111  9.506353164339132E-118   6.910104932075616E-124   5.0075179189512E-130     3.618794268209429E-136   2.608706507018299E-142   1.876319184338676E-148   1.3467757137039411E-154  9.64865357905842E-161    6.900611668882666E-167   4.927386625889921E-173   3.513225083995953E-179   2.5181882323001063E-185  2.2457409250922783E-191  2.000397425985101E-197   1.7798844190268809E-203  1.582037232248084E-209   1.4048135108873663E-215  1.2463009968044895E-221  1.1047207874824566E-227  9.784271802167427E-234   8.659049871772264E-240   7.657650268788225E-246   6.767383504016396E-252   5.976696407859524E-258   5.2751012664856675E-264  4.653102722827053E-270   4.102124430243639E-276   3.614436937618655E-282   3.1830878786633775E-288  2.8018352164647378E-294  2.4650840412371103E-300  2.1678272219875916E-306  1.90559009755E-312       1.63272E-318             0                        0                        0                        0                        0                        0                        0                        0                        0                        0                        0                        0                        0                        0                        0                        0                        0                        0                        0                        0                        0                        0                        0                        0                        0                        0                        0                        0                        0                        0                        0                        0                        0                        0                        0                        0                        0                        0                        0                        0                        0                        0                        0                        0                        0                        0                        0                        0
% Data
% c (mol/m^3) @ t=100, u1=0.01, u2=0.05
1                         0.8551207359120235       0.7035370973406724       0.55507976636592         0.4187294404283539       0.3012452826774754       0.20630615495644355      0.13437088082976173      0.08324607884942427      0.049116609293720734     0.027660124837926965     0.014910901009438983     0.007720170566018066     0.003852562185108827     0.0018594801978000864    8.709784859476005E-4     3.9714872799878354E-4    1.767945086322068E-4     7.70323461254046E-5      3.2928088420384974E-5    1.3836856247091526E-5    5.726267049066551E-6     2.3375558160519092E-6    9.425812196308553E-7     3.7590576759728505E-7    1.4842807024228896E-7    5.808363751107898E-8     2.254866767282437E-8     8.700128634262502E-9     3.367620391463051E-9     1.3949036948250857E-9    6.39902911295246E-10     2.9213489595119266E-10   1.3277361904739833E-10   6.00955717419412E-11     2.709595735244175E-11    1.217346715763493E-11    5.451011368274008E-12    2.433258613642603E-12    1.0830149252880962E-12   4.80722475425902E-13     2.1283356434397355E-13   9.400202851514233E-14    4.1423418510467555E-14   1.821467777432896E-14    7.993089891265645E-15    3.5008408046637833E-15   1.5305154071292885E-15   6.679603739710047E-16    2.91037115737596E-16     1.2660915652062401E-16   5.4996223643283916E-17   2.385510854914044E-17    1.0333286044333044E-17   4.470230887461601E-18    1.9314352545967897E-18   8.335118173929918E-19    3.5929078567870042E-19   1.5470456009412643E-19   6.654289366192666E-20    2.8592984877146726E-20   1.227420147537655E-20    5.2640341483536555E-21   2.255541019514079E-21    9.656137005487315E-22    4.1303807857463782E-22   1.7653197282198873E-22   7.539026062909605E-23    3.2171926831631067E-23   1.3718911738208E-23      5.84592567507225E-24     2.489360163050167E-24    1.0593325497373561E-24   4.50501163584845E-25     1.9146394839202476E-25   8.132305591089456E-26    3.4521025320895674E-26   1.4645506392120633E-26   6.209875343858451E-27    2.6316366575855484E-27   1.1146538380081122E-27   4.718797788551092E-28    1.996668413645722E-28    8.444413337065078E-29    3.569665089696844E-29    1.5082912032169938E-29   6.370121865790792E-30    2.68918070133337E-30     1.1347668372340706E-30   4.786435561277941E-31    2.0180926028923774E-31   8.505453226010176E-32    3.5833182110684587E-32   1.5090676847495146E-32   6.35288455305938E-33     2.673454147345567E-33    1.1245716317127209E-33   4.7250851017048446E-34   1.968853166852641E-34    7.529268765575664E-35    0
% Data
% c (mol/m^3) @ t=200, u1=0.01, u2=0.05
1                         0.9106950495885241       0.8143184375356268       0.7140391059810921       0.6132561724414602       0.5153179432541078       0.4232434939721829       0.33948247912305135      0.2657454641376643       0.2029274234503086       0.15113181634423645      0.10978462379429894      0.07781147178736857      0.05384133250837909      0.03640024336055399      0.024067401248635746     0.015579884578236867     0.009885923416501526     0.006156203804721375     0.0037668553771964667    0.002267431564323865     0.00134425381300925      7.857798343820995E-4     4.533662870950736E-4     2.5844027622980804E-4    1.4570030035321294E-4    8.132635175565054E-5     4.502466468469561E-5     2.4838626153323017E-5    1.3868024013531543E-5    8.264990810671321E-6     5.2721129537365694E-6    3.344313947192943E-6     2.1104224479783975E-6    1.3253187555189114E-6    8.285097670374334E-7     5.157376913400347E-7     3.19765933153237E-7      1.9752265227397775E-7    1.2158615994729614E-7    7.459804441775227E-8     4.562820195952436E-8     2.7827998180813144E-8    1.692573006581726E-8     1.0268295129319876E-8    6.214388174391557E-9     3.752377255784279E-9     2.2608794927853233E-9    1.3594459358205362E-9    8.158442905608256E-10    4.887168646938395E-10    2.92248936300312E-10     1.744745863582077E-10    1.0399932640728885E-10   6.18986394102071E-11     3.6788733884957E-11      2.183537554193084E-11    1.2943318686678572E-11   7.662934879664529E-12    4.531405355451195E-12    2.676586576779769E-12    1.579287668861644E-12    9.308773684880865E-13    5.481425682169348E-13    3.22464489698562E-13     1.8952829195078584E-13   1.1129753304451752E-13   6.530268723919775E-14    3.828463221016102E-14    2.242740133248323E-14    1.3128252468268107E-14   7.679274027423591E-15    4.48879604190515E-15     2.622084339691273E-15    1.5306665789634678E-15   8.929790842953984E-16    5.206403653720324E-16    3.033743984349095E-16    1.766740777827117E-16    1.0283179917332372E-16   5.982052953923852E-17    3.4781512885648034E-17   2.0212914460465476E-17   1.1740814226616252E-17   6.816517776718292E-18    3.955742402296872E-18    2.2945644084848778E-18   1.3304079302535766E-18   7.710579036040281E-19    4.466957436688119E-19    2.586807616377884E-19    1.4974369304632309E-19   8.665012084177022E-20    5.0122010743832435E-20   2.898149062390585E-20    1.6749307219274435E-20   9.668889022144016E-21    5.555651388245726E-21    3.116657483102955E-21    1.5161453780317081E-21   0
% Data
% c (mol/m^3) @ t=300, u1=0.01, u2=0.05
1                         0.9346285450069418       0.8633366588462362       0.787630690136379        0.7092199571535989       0.6299205939801897       0.5515504765774975       0.4758244324392144       0.4042590769450252       0.3380956876218653       0.2782476025017336       0.22527591882572046      0.17939409785756633      0.14049886060287395      0.10822193600213724      0.0819952227073176       0.06112107117123232      0.04483981296134439      0.03238822131035537      0.02304488641292575      0.01616099237941948      0.01117717762005107      0.0076287043757455025    0.005141942883186836     0.0034252769565619513    0.0022571628731654922    0.0014734528750394744    9.554238136103755E-4     6.193622210218363E-4     4.081171931467047E-4     2.847617106634975E-4     2.0877698862358242E-4    1.5224422041442911E-4    1.1046416866274916E-4    7.977868971364178E-5     5.737147563923928E-5     4.109635329587082E-5     2.9333124461710583E-5    2.0869181334514644E-5    1.4804135543889922E-5    1.0474266274132397E-5    7.393549679736429E-6     5.208232850522705E-6     3.66225038403858E-6      2.5711713241693255E-6    1.802756926936002E-6     1.2625744336991134E-6    8.834329303860159E-7     6.176788422150413E-7     4.3161143328677285E-7    3.0145719605053043E-7    2.1048221542598087E-7    1.469298732249951E-7     1.0255370306390275E-7    7.157721215907258E-8     4.99586259843662E-8      3.4872526381309436E-8    2.434522573777933E-8     1.6998776749235695E-8    1.1871544134903146E-8    8.292610870546193E-9     5.793964559249006E-9     4.049153915918989E-9     2.8304660443635053E-9    1.979048198172621E-9     1.3840687378208917E-9    9.681859537930434E-10    6.774165591640679E-10    4.7407186372638E-10      3.3183246026568755E-10   2.323135567435883E-10    1.6266936895020927E-10   1.139218586058541E-10    7.979450205308747E-11    5.589825072267892E-11    3.916315902345986E-11    2.744142193386646E-11    1.9230045670475596E-11   1.3477040246130495E-11   9.445941051115377E-12    6.621078237856333E-12    4.641320637322918E-12    3.253723570130508E-12    2.2810935932519845E-12   1.5992867087285698E-12   1.1213158757783803E-12   7.862233013502452E-13    5.512876106910934E-13    3.8656559248948875E-13   2.710685657890105E-13    1.9008346461983418E-13   1.3329565947218664E-13   9.347329892892979E-14    6.554477229844033E-14    4.5950899834012986E-14   3.21877852800861E-14     2.247856457450812E-14    1.5523476144090915E-14   1.0274260810042906E-14   5.6478787209258356E-15   0
% Data
% c (mol/m^3) @ t=400, u1=0.01, u2=0.05
1                         0.9487491342509641       0.892529682914405        0.8321543418789465       0.7685872938969188       0.7029063405149621       0.6362576771223623       0.5698060201186292       0.5046832657442547       0.44193910669601966      0.38249701276065917      0.3271186636913085       0.2763792956355803       0.23065551116430305      0.19012598026431304      0.15478424996916856      0.12446174624897935      0.09885816397307283      0.07757593754440764      0.06015543496698491      0.04610790088943431      0.03494388568398189      0.02619578182515224      0.019433980754854467     0.014276928585156605     0.010395917136702595     0.00751577638158635      0.005412761750338144     0.003910910978268419     0.002878047190962698     0.002222491451341776     0.0017799450018149325    0.0014183475483674711    0.001124740347970363     8.877687773235437E-4     6.976051249878468E-4     5.45839610708661E-4      4.253515917111495E-4     3.301710372236935E-4     2.5533829459676796E-4    1.96768153560506E-4      1.5112238550049007E-4    1.1569337390252516E-4    8.83001916988498E-5      6.71975166400826E-5      5.0997079727416604E-5    3.860087471313163E-5     2.9145074993339615E-5    2.1953465235569915E-5    1.649916046737865E-5     1.2373422657414833E-5    9.260467945016963E-6     6.917266570327957E-6     5.157457528021982E-6     3.838620787394375E-6     2.8522649211379913E-6    2.1159932088956845E-6    1.5674047548077741E-6    1.1593682861894313E-6    8.563753966702584E-7     6.317379269175774E-7     4.654420984682118E-7     3.425112046911736E-7     2.5176038734535757E-7    1.8485248132564983E-7    1.3558417192912605E-7    9.93477232008634E-8      7.272611210914259E-8     5.318922230006049E-8     3.8866376994980744E-8    2.8376384505885682E-8    2.0700805013933952E-8    1.5089622699780323E-8    1.0991160640385885E-8    8.000094521316712E-9     5.818952024049095E-9     4.229642142282529E-9     3.0724313058596568E-9    2.2304393982206028E-9    1.6182210155886684E-9    1.173365751542991E-9     8.503264584046645E-10    6.158895349648154E-10    4.458538728731354E-10    3.2259840631436397E-10   2.333022175122646E-10    1.6864333410802105E-10   1.2184831435777262E-10   8.799863673309446E-11    6.352491135734033E-11    4.583833229629134E-11    3.306231374864802E-11    2.383717148577312E-11    1.7177953038015024E-11   1.2370743476992111E-11   8.896389559723658E-12    6.372713524641227E-12    4.506563162457688E-12    3.044072321215737E-12    1.6974727224221266E-12   0
% Data
% c (mol/m^3) @ t=500, u1=0.01, u2=0.05
1                         0.9580058663744888       0.9117827264524088       0.8618144551296057       0.8086961981156919       0.7531168838261135       0.6958368723274205       0.6376617564444418       0.5794136317074927       0.5219013786259852       0.4658916261376348       0.41208206886640536      0.361078682896147        0.31337812763813055      0.26935625148022735      0.22926316626367774      0.19322486169345013      0.16125084458301436      0.1332468604941827       0.10903143331328681      0.08835477613802956      0.07091860090663646      0.05639547937364144      0.044446658805143036     0.03473757180669842      0.026950654563712782     0.020795458167043604     0.01601637082595555      0.012398546231430567     0.009772851138907732     0.008020810708237621     0.006769812464473654     0.0056870134799980486    0.004755309556546711     0.0039582335835519535    0.0032801688545902757    0.0027065092676741924    0.002223768304396477     0.0018196409929286384    0.0014830246391253912    0.0012040050023894176    9.738148919736878E-4     7.847719851739067E-4     6.302021491419068E-4     5.043538041029708E-4     4.0230800328440686E-4    3.19888009284802E-4      2.5357128184319853E-4    2.0040600158634174E-4    1.5793356426706511E-4    1.2411790191856157E-4    9.728202215372415E-5     7.605179798600396E-5     5.9306776832306806E-5    4.613759517320779E-5     3.580947037574969E-5     2.7731179586632036E-5    2.1428914758470946E-5    1.652441179174043E-5     1.2716781261465833E-5    9.767510820367652E-6     7.488159334284785E-6     5.73031575642885E-6      4.377448546748394E-6     3.338321947550746E-6     2.5417022776772162E-6    1.9321198457275115E-6    1.4664897908963873E-6    1.1114281335592344E-6    8.4112776211125E-7       6.356833332931368E-7     4.797745267495858E-7     3.616342052898134E-7     2.7224222302982136E-7    2.0469730603042648E-7    1.5372898323313756E-7    1.153193097396295E-7     8.641039931211705E-8     6.467882779169623E-8     4.836200554788892E-8     3.6124832211694624E-8    2.695749722645434E-8     2.0097304767979606E-8    1.4968987855459147E-8    1.1139220929347983E-8    8.282013303692526E-9     6.152424534820631E-9     4.566632450264056E-9     3.3868417002746914E-9    2.5098740843423704E-9    1.8585543476763075E-9    1.3752144840514264E-9    1.0167995834765643E-9    7.511790910159376E-10    5.543554658328937E-10    4.0831914032468073E-10   2.9931696353545964E-10   2.1625447169087692E-10   1.487696530733009E-10    8.402135154674469E-11    0
% Data
% c (mol/m^3) @ t=600, u1=0.01, u2=0.05
1                         0.9646296948826396       0.9256080231291771       0.8832379864811323       0.8379059246200368       0.7900727677591125       0.7402621037578144       0.6890454938514434       0.6370256408352978       0.5848181546975891       0.533032761398113        0.4822548512500658       0.43302825810332035      0.3858400973489944       0.3411083723673652       0.29917289278898623      0.2602898455620449       0.22463013673199453      0.19228139606180517      0.16325332730542985      0.13748591258158305      0.1148598557332103       0.09520858812834011      0.07833116638839072      0.06400546363624024      0.052001186224896905     0.04209242356961989      0.03406964352065463      0.02775126256942053      0.022995132880460258     0.019710482544203857     0.017270570469054086     0.015070021515358493     0.01309556503412733      0.011333064526101971     0.009767797404442998     0.00838472849782119      0.0071687679245774115    0.006105005740602957     0.0051789177593821005    0.004376538983156938     0.0036846030191050798    0.0030906475706335675    0.0025830875179241467    0.0021512581977004793    0.0017854322558405373    0.0014768138988002773    0.0012175145489161231    0.001000513862541805     8.196098504396269E-4     6.693614975897281E-4     5.450268607798598E-4     4.424991665295062E-4     3.5824297098285433E-4    2.892320015113529E-4     2.328898937700942E-4     1.8703467835184408E-4    1.4982756319411285E-4    1.197263025968704E-4     9.544323913491794E-5     7.590794686163955E-5     6.023428771222389E-5     4.7691612043059864E-5    3.7679782811037376E-5    2.9707675278491475E-5    2.3374795089690054E-5    1.835566248424334E-5     1.438662534633036E-5     1.1254785465391028E-5    8.788748169641959E-6     6.850933330115454E-6     5.3312140644141035E-6    4.1416771663403404E-6    3.2123255708458924E-6    2.487567534929733E-6     1.923359394354988E-6     1.4848886285343728E-6    1.1447015370097665E-6    8.811951896067399E-7     6.774066021619453E-7     5.200434864208829E-7     3.987106172881508E-7     3.0529404711701423E-7    2.3347226368646715E-7    1.783291133674894E-7     1.360480566920773E-7     1.0367123689913169E-7    7.891005313467934E-8     5.999655248449021E-8     4.5567086814680313E-8    3.457140434390752E-8     2.6201729944836753E-8    1.9837484001266886E-8    1.500212701430695E-8     1.1329188940167243E-8    8.534766847458578E-9     6.393405085607009E-9     4.712680698022855E-9     3.2974825128665025E-9    1.8842740538075618E-9    0
% Data
% c (mol/m^3) @ t=700, u1=0.01, u2=0.05
1                         0.9696416764845066       0.9360928401788225       0.8995469353976946       0.8602612502610475       0.8185525084562747       0.7747903050526471       0.7293885756764599       0.6827953895527628       0.6354814468467898       0.587927733512796        0.5406128374230879       0.4940004540935232       0.44852760663859154      0.4045940723511295       0.36255344920485216      0.32270621334295707      0.28529501883052594      0.2505023807498341       0.21845077032986085      0.18920504494605225      0.16277704504330792      0.13913212195525093      0.11819732122380287      0.09987093911526254      0.08403319659732945      0.0705578331104612       0.05932450708219207      0.05023199363784633      0.04321228249180898      0.03824578912126554      0.03445025800473915      0.03092310504790264      0.0276593263828768       0.024652302643204782     0.02189392458753749      0.01937474954600279      0.017084182554018012     0.0150106752209231       0.01314193501198414      0.011465137686785826     0.009967136086347373     0.008634659223021394     0.00745449661507786      0.006413663931407163     0.005499547184747386     0.004700023858487493     0.004003560411231678     0.0033992865302651023    0.002877047271801523     0.0024274348197030554    0.002041802015571339     0.001712260072302765     0.001431662998274197     0.0011935812526879521    9.92267048711638E-4      8.226135443919761E-4     6.801099349098668E-4     5.607942040631291E-4     4.612050252709671E-4     3.7833403687118826E-4    3.095794636666587E-4     2.527018241045524E-4     2.057822549327604E-4     1.6718380515804392E-4    1.3551589926567102E-4    1.0960204517637168E-4    8.845076353176362E-5     7.12296391751298E-5      5.724234032388419E-5     4.5908412969423355E-5    3.67456345823411E-5      2.935469949988211E-5     2.3406005923585088E-5    1.8628319042040313E-5    1.4799094507495153E-5    1.1736259732609827E-5    9.291265922369773E-6     7.343240369047365E-6     5.79408550388219E-6      4.564387909959834E-6     3.5900165201100717E-6    2.819304255893605E-6     2.21072122631281E-6      1.7309602035306056E-6    1.353366400372359E-6     1.0566536123344464E-6    8.238576104121409E-7     6.414853558288201E-7     4.988252371368881E-7     3.8738918097517216E-7    3.00462207657205E-7      2.3273876635533482E-7    1.8002779791405745E-7    1.3900935623528534E-7    1.0702330515847918E-7    8.186158766126349E-8     6.151161615329046E-8     4.374036025243914E-8     2.5272538018636666E-8    0
% Data
% c (mol/m^3) @ t=800, u1=0.01, u2=0.05
1                         0.9736285298357561       0.944445541445317        0.9125717323805355       0.8781773515399696       0.8414802648003226       0.8027425440589285       0.7622656446185176       0.7203842973573541       0.6774593005431845       0.6338694484682613       0.5900028775178738       0.5462481424302151       0.5029853545007492       0.4605777181646617       0.41936379240778926      0.3796507793557385       0.3417091056398971       0.3057685150941225       0.27201583714997735      0.24059453776514972      0.21160610305285635      0.1851132543246565       0.16114495113652416      0.13970310962439803      0.12077094934064019      0.10432288386610294      0.09033588773738065      0.07880230171510652      0.06974407510647662      0.06322848091565368      0.05814973848165905      0.05332990960350947      0.0487714821143477       0.044475387049935464     0.040440973692235344     0.03666601784030929      0.03314676319266767      0.02987799428079008      0.02685313808698444      0.02406439039136043      0.021502862078116004     0.019158740119407033     0.01702145774874563      0.015079868415563122     0.013322418441093676     0.011737313824022797     0.010312677317213003     0.009036692658166348     0.007897733632970735     0.006884476440087221     0.005985994558760202     0.005191835988791857     0.00449208329507083      0.003877397351489987     0.003339046032222514     0.0028689193474033914    0.002459532673368927     0.0021040197961781346    0.001796117484426818     0.001530143247291474     0.00130096782999506      0.0011039838642507927    9.35071937127673E-4      7.905651779744293E-4     6.672132975812537E-4     5.621468529731016E-4     4.728423598196231E-4     3.970887356710142E-4     3.329554330911559E-4     2.7876251322685777E-4    2.3305281756539785E-4    1.9456631810251413E-4    1.622166629271004E-4     1.350698840836547E-4     1.123251960812536E-4     9.32977850876343E-5      7.740346919300903E-5     6.414509772661862E-5     5.310055113721735E-5     4.3912201209700135E-5    3.627769332506248E-5     2.9941917162067325E-5    2.4690038905557404E-5    2.0341476014431388E-5    1.674470436960355E-5     1.3772796715780266E-5    1.1319600332612561E-5    9.296470418617323E-6     7.62948322628251E-6      6.257058682639904E-6     5.127924363550777E-6     4.199347668008009E-6     3.4355430837551024E-6    2.80610959363863E-6      2.284232524286261E-6     1.844113657330472E-6     1.4564968153034459E-6    1.079848672325376E-6     6.41897599246277E-7      0
% Data
% c (mol/m^3) @ t=900, u1=0.01, u2=0.05
1                         0.9768262074494328       0.9511541530132591       0.9230570139452127       0.8926470719344577       0.8600750994172464       0.8255287123754078       0.789229699463237        0.7514303763101142       0.7124090530111938       0.6724647404973082       0.6319112560274658       0.5910709179172066       0.5502680434154614       0.5098224802348443       0.47004341082094464      0.4312236686139313       0.3936347973684488       0.35752306860473193      0.3231066495078238       0.2905740855719497       0.26008423087659577      0.23176772619306624      0.20573009332402986      0.18205648516828854      0.16081810654070364      0.14208030163214824      0.1259122901149718       0.11239852415589803      0.10165163073059716      0.09382689433220248      0.087637503690372        0.08167069596864016      0.07593413368328757      0.0704344249608196       0.06517701606366351      0.060166101502509305     0.05540455503320494      0.05089388407469309      0.04663420918934296      0.04262426929775227      0.038861452318842        0.03534184999208805      0.03206033480369721      0.02901065624310731      0.026185553088062193     0.023576878069801258     0.021175731105816352     0.018972597296083374     0.016957486040570575     0.015120067925654403     0.013449806415575222     0.011936081841702584     0.010568305677453019     0.009336023593030778     0.008229006278261349     0.007237327484594292     0.006351429154497596     0.005562173868215546     0.004860885138767028     0.004239376324428014     0.003689969105187647     0.00320550258963484      0.0027793341870088173    0.002405333402439044     0.0020778696989817323    0.0017917955253153475    0.0015424255400156345    0.0013255129788020173    0.0011372240159409973    9.74110870212609E-4      8.330843037509266E-4     7.11386062078983E-4      6.065617083995428E-4     5.164342165819206E-4     4.3907860657251485E-4    3.727978338833367E-4     3.1610008166307294E-4    2.676775495590844E-4     2.263867877952282E-4     1.9123058708187736E-4    1.6134140446990268E-4    1.3596628130625954E-4    1.1445319124673034E-4    9.623874300836913E-5     8.08371533487317E-5      6.783039971474258E-5     5.685945798324943E-5     4.761652709603863E-5     3.983813641670353E-5     3.3299018024586836E-5    2.7806594123670225E-5    2.319585657415112E-5     1.932425286279982E-5     1.6065837024831458E-5    1.330317304254113E-5     1.0913815967785225E-5    8.744622168515978E-6     6.559469726031084E-6     3.929527532169665E-6     0
% Data
% c (mol/m^3) @ t=1000, u1=0.01, u2=0.05
1                         0.9794465824397998       0.9566577488712388       0.9316749440957965       0.904570922988593        0.8754498387954264       0.8444465956953492       0.8117254535843736       0.7774778986904071       0.7419198205215939       0.7052880628345843       0.6678364427849492       0.6298313571756563       0.5915471167724875       0.5532611681129019       0.5152493763366159       0.4777815517326736       0.44111740657148196      0.40550312726445886      0.3711687401253194       0.338326437406842        0.307170014486781        0.27787554986767016      0.25060343790233747      0.22550186069213046      0.20271176110976008      0.182373353787385        0.16463418522754933      0.14965872754352613      0.1376394618538752       0.12880937574719964      0.12174790771720383      0.11485993029033459      0.10815559444448604      0.10164456229576893      0.09533588844915653      0.08923790343453414      0.08335810251544298      0.0777030431577521       0.07227825428352845      0.06708816011816615      0.06213602098420542      0.05742389283035094      0.05295260664274524      0.048721768204924375     0.044729777990921205     0.040973870328179285     0.03745017038409802      0.03415376703656672      0.031078799301811278     0.02821855372167101      0.02556556995909297      0.02311175181069192      0.02084848090878598      0.018766730538427815     0.016857177220986022     0.015110307996834656     0.0135165216575927       0.012066222515895075     0.010749905642288367     0.00955823283111323      0.00848209886923264      0.007512687964856671     0.006641520442713682     0.005860490022999284     0.005161892173569348     0.004538444158172111     0.003983297499994796     0.0034900436423601533    0.0030527136207140794    0.0026657725662032963    0.002324109845443334     0.0020230256077867596    0.0017582144645933032    0.0015257469684388464    0.001322049497246987     0.0011438830819122715    9.88321648576368E-4      8.527300803309061E-4     7.347424393329442E-4     6.322406303076652E-4     5.433337309871305E-4     4.663381646666337E-4     3.9975884490266856E-4    3.422713822348333E-4     2.9270540704316993E-4    2.500290298783495E-4     2.1333442808174011E-4    1.8182450973238266E-4    1.5480055162639633E-4    1.3165061363844895E-4    1.1183834820960053E-4    9.489144716713692E-5     8.038817982793544E-5     6.793881453116308E-5     5.7155205758633877E-5    4.759441532438173E-5     3.864658710467216E-5     2.9304290277834582E-5    1.7681001794168725E-5    0
% Data
% c (mol/m^3) @ t=1100, u1=0.01, u2=0.05
1                         0.9816315722868965       0.9612510536860948       0.9388783301785215       0.9145586833581463       0.8883632488745177       0.8603889445452328       0.8307578493010506       0.7996160315731475       0.7671318446059038       0.7334937259199178       0.6989075581356315       0.663593667935322        0.6277835584150179       0.591716486798869        0.555636013842981        0.5197866627028902       0.48441083313501127      0.4497461213185517       0.4160231961160832       0.3834643791575253       0.35228306876532456      0.322684136559206        0.2948654107653929       0.2690203420040245       0.2453419258120534       0.22402793148522038      0.20528745900258952      0.18934881472388113      0.17646866199705594      0.16694236445522034      0.15926115105582817      0.15170189046882654      0.14427510216588044      0.13699125468179027      0.1298606755920358       0.12289345516150152      0.11609934541406668      0.1094876567070151       0.10306715415722048      0.09684595643808944      0.09083143953337221      0.0850301479892012       0.07944771604952533      0.07408880080012102      0.06895702909660449      0.06405495963145037      0.0593840610264765       0.054944706344811835     0.05073618392417451      0.04675672396390322      0.043003539871243925     0.03947288300374         0.03616010914565714      0.0330597548341073       0.030165621507393454     0.027470865382536205     0.02496809097598171      0.022649446253428497     0.020506717521893186     0.018531422348716242     0.016714898996857665     0.015048391092354636     0.013523126477661587     0.012130389444252767     0.010861585771130207     0.009708300215995539     0.008662346307576943     0.007715808467202661     0.006861076642822248     0.006090873768186734     0.005398276463776692     0.004776729475167227     0.004220054400391522     0.0037224532925695802    0.0032785077400051435    0.0028831740257073968    0.0025317749545065477    0.0022199889111926088    0.0019438366798618751    0.0016996665151351805    0.0014841379120582106    0.0012942044748746266    0.0011270962365299694    9.80301730981725E-4      8.515500680661731E-4     7.387932021633252E-4     6.401885125032821E-4     5.540817056295776E-4     4.789898688570066E-4     4.1358416265947366E-4    3.5667096233735164E-4    3.071688747109502E-4     2.6407619205631055E-4    2.26417395678891E-4      1.931449415750194E-4     1.629468011016866E-4     1.3385666202279456E-4    1.0245239451636523E-4    6.219735260074452E-5     0
% Data
% c (mol/m^3) @ t=1200, u1=0.01, u2=0.05
1                         0.9834817397227722       0.965143349905425        0.9449898546837124       0.9230471124931464       0.8993624675988443       0.874005016768848        0.8470654717500423       0.8186556104148051       0.7889073229609935       0.7579712740268228       0.7260152166291978       0.6932220090093328       0.6597874003043512       0.6259176649763167       0.5918271786422538       0.5577360389006724       0.5238678435151948       0.4904477445116807       0.45770090004148595      0.42585144598605734      0.39512210600908076      0.3657345519366143       0.33791061584394555      0.3118744409692253       0.28785564050675705      0.26609351142838117      0.24684232472987527      0.23037768391113878      0.21700391011245876      0.20706237522582718      0.19899626364586714      0.1910046330852307       0.18309707264072794      0.17528338107191782      0.16757351472548998      0.15997752735552526      0.15250550216687583      0.14516747671450322      0.1379733616045165       0.1309328542457174       0.12405534917598113      0.11734984671896892      0.11082486189882798      0.10448833564238022      0.09834755032265262      0.09240905164190906      0.08667857871871772      0.08116100403854086      0.07586028466115126      0.07077942576406919      0.06592045725433746      0.061284423817356895     0.05687138840713274      0.05268044883205834      0.04870976676745709      0.04495660824136838      0.04141739440170149      0.03808776118628198      0.03496262638510084      0.0320362625062844       0.029302373831693235     0.026754176070501044     0.024384477084013763     0.02218575725576775      0.020150248210415552     0.018270008735707735     0.016536996926800378     0.01494313774438992      0.01348038535168187      0.012140779764615741     0.010916497510667474     0.00979989614042279      0.008783552570364542     0.007860295353207914     0.007023231072696896     0.006265765142777411     0.005581617356794966     0.004964832581587759     0.004409787025142264     0.003911190526099444     0.003464085320074875     0.003063841732402832     0.002706151229638044     0.002387017231298132     0.0021027440336122455    0.0018499241156873893    0.001625423957390788     0.001426368237675952     0.0012501217773603606    0.0010942675829946887    9.565773045729369E-4     8.349662392159631E-4     7.27416431750565E-4      6.318337887732603E-4     5.457688847459634E-4     4.658567136551566E-4     3.866779177392639E-4     2.98430946498651E-4      1.8216347737648974E-4    0
% Data
% c (mol/m^3) @ t=0, u1=0.03, u2=0.01
1                         -5.069401922626954E-8    2.7246567094188235E-15   3.421885013855339E-20    5.1055724537484237E-26   5.831756625091705E-32    5.952280712585073E-38    5.707686170230491E-44    5.259823408206009E-50    4.715343799710167E-56    4.142543792545943E-62    3.5833774282295647E-68   3.0619695156072485E-74   2.5906042865196462E-80   2.1739009194871686E-86   1.8116935220209376E-92   1.500990904501717E-98    1.2372872974977207E-104  1.015419065811274E-110   8.301070463814374E-117   6.762838972050372E-123   5.492767350884026E-129   4.448943684387181E-135   3.59453392790417E-141    2.8976669064283287E-147  2.331102745980182E-153   1.8717906380387443E-159  1.5003845343101448E-165  1.2007596339522204E-171  9.595550075737914E-178   7.632196000961598E-184   5.427396018861908E-190   3.854954560338785E-196   2.7350572612376554E-202  1.9384894695194716E-208  1.3725809928249925E-214  9.709909975201274E-221   6.863064900955496E-227   4.846941070398907E-233   3.4204514368150854E-239  2.4120313829656965E-245  1.6997408543073566E-251  1.1970102231105439E-257  8.424466867369012E-264   5.925560469446654E-270   4.1655368938083104E-276  2.926700948679073E-282   2.0552375860798876E-288  1.4425532701097286E-294  1.0120384474713805E-300  7.09685768485801E-307    4.97447172923E-313       3.8823E-319              0                        0                        0                        0                        0                        0                        0                        0                        0                        0                        0                        0                        0                        0                        0                        0                        0                        0                        0                        0                        0                        0                        0                        0                        0                        0                        0                        0                        0                        0                        0                        0                        0                        0                        0                        0                        0                        0                        0                        0                        0                        0                        0                        0                        0                        0                        0                        0
% Data
% c (mol/m^3) @ t=100, u1=0.03, u2=0.01
1                         0.923557116309839        0.8264881276084329       0.7135636185703762       0.5920086974692059       0.4703503617148359       0.35687434017390124      0.2581104233944199       0.17780906013675307      0.11671168642830283      0.07309703052921677      0.04378216737192739      0.025151134428576118     0.013902189841252927     0.0074187959224157095    0.003834887225730715     0.0019262906418140648    9.430390971365607E-4     4.5118814611070165E-4    2.114829148384683E-4     9.732891832241914E-5     4.406689115630447E-5     1.9662786339535392E-5    8.659844939925021E-6     3.769630657994356E-6     1.6237967294756494E-6    6.928902781702561E-7     2.9314145149295815E-7    1.2300642153373664E-7    5.103605313932334E-8     2.0278192050059485E-8    7.536167448402721E-9     2.78567957206721E-9      1.0246394974725496E-9    3.7518712419489615E-10   1.3681059358764634E-10   4.969670003611943E-11    1.798860951051422E-11    6.489975411170236E-12    2.3343486578549875E-12   8.372543203373954E-13    2.995029117907688E-13    1.0687395279932563E-13   3.8048555993333135E-14   1.3516435554274637E-14   4.79182171549107E-15     1.6955302640244344E-15   5.988588742548983E-16    2.111549375616576E-16    7.433204624334995E-17    2.6126798443337533E-17   9.169927628157006E-18    3.214008568551584E-18    1.1250169316612742E-18   3.9330493793670823E-19   1.373357345674757E-19    4.790107903045324E-20    1.6689249718039484E-20   5.808698646485437E-21    2.019718354192769E-21    7.016021506786169E-22    2.434984643258695E-22    8.443505870457069E-23    2.925403416257017E-23    1.0127431558748743E-23   3.5032964055340744E-24   1.2109637109021674E-24   4.182866665369352E-25    1.443832727623945E-25    4.98047117698045E-26     1.7168993214110925E-26   5.914931420814903E-27    2.036546057527525E-27    7.007887043450895E-28    2.4101082780300587E-28   8.284198422023632E-29    2.8460098975507413E-29   9.772404691934817E-30    3.353917876276616E-30    1.150524466476988E-30    3.944917867763322E-31    1.3520249035313125E-31   4.6317138657303476E-32   1.5860413373341864E-32   5.428855042392443E-33    1.857496263328036E-33    6.352993386477039E-34    2.172021931054653E-34    7.42317621780275E-35     2.536058894716585E-35    8.661178182755573E-36    2.956967842744114E-36    1.009187780990297E-36    3.443156050675766E-37    1.1743671169236925E-37   4.004176412038084E-38    1.3647475977081595E-38   4.6460043813516864E-39   1.567604134731994E-39    4.8392815886977296E-40   0
% Data
% c (mol/m^3) @ t=200, u1=0.03, u2=0.01
1                         0.9684198249109266       0.926833887139612        0.8750793175163744       0.8136823821586274       0.7438989560824336       0.6676688154033168       0.5874788148236616       0.5061456319232809       0.42654513753822443      0.35132873040174917      0.28267288701922505      0.22210352879266745      0.1704213257235627       0.12773154951988555      0.09355958900080646      0.06701796093057884      0.046986551213064796     0.03227411779414497      0.02174144657927463      0.014379760265584508     0.009348213263619816     0.005980018983021038     0.0037683159208426634    0.0023416405179336346    0.0014363258604325848    8.704157799998296E-4     5.214076301917262E-4     3.085304833671768E-4     1.7927948118179397E-4    9.937969010593538E-5     5.21453602325222E-5      2.7150961158740586E-5    1.4037388313411092E-5    7.210673382459563E-6     3.6820438098041397E-6    1.8699967104460105E-6    9.449918673643211E-7     4.7536813062200964E-7    2.3812798971944333E-7    1.188278733612572E-7     5.9086665087600525E-8    2.928515198856098E-8     1.4471206936004796E-8    7.131214983249509E-9     3.505231986185706E-9     1.7188935449140717E-9    8.410794440681095E-10    4.107246487046867E-10    2.0019526475634213E-10   9.741009891730257E-11    4.7321010644739465E-11   2.2953657752466034E-11   1.1118378433187414E-11   5.378518192517955E-12    2.5986752258287858E-12   1.2541311833101037E-12   6.045972032907596E-13    2.91171980149425E-13     1.400938533831191E-13    6.734391162034477E-14    3.234515046676247E-14    1.552285913464881E-14    7.443968777226982E-15    3.567178484525646E-15    1.7082385675471271E-15   8.175048787560706E-16    3.9098855205686304E-16   1.8688839831530262E-16   8.92806069863627E-17     4.262844590325552E-17    2.034322443677558E-17    9.703483858528316E-18    4.6262836775265325E-18   2.2046619643106665E-18   1.0501828502389226E-18   5.000443245343497E-19    2.380015665629992E-19    1.1323626030560602E-19   5.38557265181978E-20     2.5605004574546182E-20   1.2169424198239144E-20   5.781928400851833E-21    2.7462364067289295E-21   1.3039784847331158E-21   6.189773335453914E-22    2.9373464535289576E-22   1.3935282914111148E-22   6.609376279836959E-23    3.133956242065869E-23    1.4856504670547375E-23   7.041008575289246E-24    3.3361860981748975E-24   1.5803857606574224E-24   7.484492423111292E-25    3.543077982782305E-25    1.675208121392154E-25    7.878664061681077E-26    3.608845267741643E-26    1.4237358186677575E-26   0
% Data
% c (mol/m^3) @ t=300, u1=0.03, u2=0.01
1                         0.9837127248442327       0.961976372799214        0.9342557040184986       0.9002133329916292       0.8597647244662638       0.8131195927911484       0.7608030399689983       0.7036512582352051       0.6427791668786793       0.5795207130667528       0.5153462930122598       0.45176522902042276      0.39022379288978937      0.3320103040896452       0.2781780094876906       0.2294938134724298       0.18641694785505558      0.14910716712431724      0.11745796895880957      0.0911474672478635       0.06969831303958675      0.05253844855275688      0.0390560995921024       0.02864467576394198      0.02073556557287613      0.014818728060515837     0.01045222151029599      0.007262253485225071     0.0049349295487909825    0.003199501741954808     0.001976537914622283     0.0012085621769659476    7.318231690179479E-4     4.390731135874217E-4     2.611376473680867E-4     1.5402847864330322E-4    9.013995173680643E-5     5.2359272188951484E-5    3.019916535401346E-5     1.7301221118693243E-5    9.848845326124269E-6     5.572604689288981E-6     3.1349092280733635E-6    1.753909967727186E-6     9.761572243762848E-7     5.405927077399779E-7     2.979613658932717E-7     1.6348750598202289E-7    8.93169572748203E-8      4.8595123544202815E-8    2.633544604416923E-8     1.4218478024334837E-8    7.648934498786508E-9     4.100635103492409E-9     2.1911235871132594E-9    1.1670995476874968E-9    6.197701299459542E-10    3.281621323003618E-10    1.732733884088618E-10    9.124491224674113E-11    4.792522046580613E-11    2.5109679834882284E-11   1.3124432427299778E-11   6.844170401795314E-12    3.5612191276311557E-12   1.849051566578348E-12    9.580869159734835E-13    4.954477444006403E-13    2.5571596202747907E-13   1.3173870782152092E-13   6.774725965685739E-14    3.477913374766163E-14    1.782457593401012E-14    9.120458322178915E-15    4.659439296326335E-15    2.3767949250659176E-15   1.2106298907140524E-15   6.157612732028433E-16    3.1276163072365354E-16   1.5864730559714036E-16   8.036876998176602E-17    4.066248028033617E-17    2.054793499435013E-17    1.037111563273288E-17    5.228538779994328E-18    2.6329751404591217E-18   1.3244580334398735E-18   6.65529919881838E-19     3.340775704917527E-19    1.67528730447195E-19     8.392759284089077E-20    4.200525851932064E-20    2.1003491701649695E-20   1.0491925547378515E-20   5.234780948525647E-21    2.605839420049061E-21    1.2876494448142903E-21   6.1664113932162675E-22   2.5146282960140565E-22   0
% Data
% c (mol/m^3) @ t=400, u1=0.03, u2=0.01
1                         0.9906886990064314       0.9781768087216681       0.9620200086952057       0.9418270919072156       0.917289501793095        0.8882101500814863       0.8545290522067126       0.8163432238786456       0.7739184562187048       0.727691052895681        0.6782583597409876       0.6263578920468666       0.5728359718841486       0.5186078978566123       0.4646126346439182       0.4117656849114323       0.36091407634346845      0.31279719995928396      0.2680165815021811       0.22701663937863792      0.19007722647068162      0.15731744878569767      0.1287090748526043       0.10409692162165211      0.08322296801123495      0.06575054236545383      0.05128457091156843      0.039383243498567415     0.029555073212674574     0.021232503934655467     0.014632102916637942     0.009976636130844369     0.006733113288272914     0.004499683501547323     0.002978920698766901     0.001954429305097774     0.0012712598792179032    8.201010694780292E-4     5.249045140595851E-4     3.3344964424167724E-4    2.1031502553495754E-4    1.3174967093407093E-4    8.199988474610919E-5     5.072277550979437E-5     3.1192986914699034E-5    1.907699423182499E-5     1.1606298994029212E-5    7.026472171709782E-6     4.2341574504465165E-6    2.540426790972087E-6     1.5180219780517541E-6    9.036510645600562E-7     5.360342356431516E-7     3.169343312923262E-7     1.8682941568643538E-7    1.0983303189767072E-7    6.440851326416E-8        3.7686450889485274E-8    2.200726470996311E-8     1.282894383509924E-8     7.467283069194693E-9     4.340917195580065E-9     2.520838180589951E-9     1.4626726618577717E-9    8.481613444206071E-10    4.916151815096794E-10    2.8488483730802626E-10   1.6507730714164423E-10   9.566448445544488E-11    5.545298567533968E-11    3.215654333680985E-11    1.8656793345382812E-11   1.0831142968086505E-11   6.292467677261556E-12    3.658560567730439E-12    2.128965686686724E-12    1.2399852477146497E-12   7.228831239167309E-13    4.218246853850194E-13    2.463835255836646E-13    1.440475389637504E-13    8.429641302434508E-14    4.9375599753605144E-14   2.894700392879772E-14    1.6985103909427793E-14   9.974464007035625E-15    5.862051216367336E-15    3.447697304836725E-15    2.0291214630661066E-15   1.1949924668179896E-15   7.04168615073783E-16     4.1515508067765254E-16   2.448537665321818E-16    1.4441684348602083E-16   8.509588341388264E-17    4.993585199565323E-17    2.888534438445614E-17    1.5896262675610133E-17   7.165600156323974E-18    0
% Data
% c (mol/m^3) @ t=500, u1=0.03, u2=0.01
1                         0.9944303301489615       0.986910112585953        0.9771143274273734       0.9647220338060167       0.9494308033455545       0.9309727569129812       0.9091314284394838       0.8837584690991149       0.8547890425681154       0.8222546747096955       0.7862923337790377       0.7471486486804375       0.7051784307213425       0.6608370416952156       0.6146666234613665       0.5672767289757629       0.5193204141585039       0.47146729706705065      0.42437539840282584      0.37866368830693653      0.3348871405190735       0.2935157213377058       0.25491812262486135      0.21935019838826955      0.18694698230431747      0.1577158034257415       0.13152625097801876      0.10809030974073855      0.08692245439242911      0.06726416107253544      0.050280601375656514     0.03723189107938497      0.02731959259373407      0.019871173241508732     0.014332011270228408     0.010253384992782279     0.007278528173789651     0.005128293800767354     0.0035874756078807034    0.0024924247101812424    0.001720278993967527     0.0011798925251912268    8.043996632129139E-4     5.452584637685198E-4     3.675744864057131E-4     2.4649497555956324E-4    1.6447276285410316E-4    1.0922012153305382E-4    7.21987672895043E-5      4.751900120966497E-5     3.114608421863324E-5     2.033400137855609E-5     1.3225331768722915E-5    8.57101555266188E-6      5.535722090725956E-6     3.563720435558487E-6     2.287116293890253E-6     1.4635009760508444E-6    9.338558958555023E-7     5.943029442750614E-7     3.772536149668455E-7     2.3889669743444387E-7    1.5093474878263203E-7    9.515231803306388E-8     5.986140236513496E-8     3.758511135861198E-8     2.3554187141530074E-8    1.4734775458371107E-8    9.201949307355957E-9     5.737371067840771E-9     3.5717155872964658E-9    2.220260389888933E-9     1.3782394384081542E-9    8.544136216525334E-10    5.290075434269224E-10    3.2713861152468824E-10   2.0207036773648803E-10   1.2468025175724833E-10   7.684913781007428E-11    4.7320301955648906E-11   2.911005025830563E-11    1.7891388045467532E-11   1.0986729328145715E-11   6.741132175867197E-12    4.1328828180344176E-12   2.5318857424622177E-12   1.5499580713922472E-12   9.481865641505778E-13    5.796657693923179E-13    3.5414535005335103E-13   2.1622746892773408E-13   1.3193448670735086E-13   8.044135190460534E-14    4.899108429214954E-14    2.9769589413795713E-14   1.7984475188551304E-14   1.0681405876247841E-14   6.008830630845723E-15    2.7494737365154162E-15   0
% Data
% c (mol/m^3) @ t=600, u1=0.03, u2=0.01
1                         0.9965284972569637       0.9918261049513687       0.9856650574894078       0.9778075662573688       0.9680124634798237       0.9560432773971637       0.9416775522650357       0.9247171041197552       0.9049987798134935       0.8824051737645656       0.8568746669979708       0.8284100995033957       0.7970853815432649       0.7630494009100591       0.7265266946432251       0.6878145217165357       0.6472761856611242       0.605330691937091        0.5624390541644971       0.5190877480398478       0.4757699067795534       0.43296480547305904      0.39111593406932793      0.3506074377255258       0.3117378151324499       0.2746883790939399       0.23948190696635496      0.20592385523400486      0.17351405768422506      0.14131034980837573      0.1117234434564864       0.08755746795914955      0.0680340311485211       0.05242636901050577      0.04007474121987239      0.03039455390439166      0.02287869031806125      0.017095517646197295     0.012683912184991899     0.009346451050472646     0.006841694633487212     0.0049762592973807375    0.003597173988628927     0.0025848387953872286    0.0018467626346149347    0.0013121509254526735    9.273389779081126E-4     6.520179256139338E-4     4.5617185945307946E-4    3.1763207990410746E-4    2.2015242279559242E-4    1.5191460441413147E-4    1.0438152574627089E-4    7.142732153349973E-5     4.8684167505573916E-5    3.305653945207692E-5     2.236322769684537E-5     1.5075714911599469E-5    1.0128480245676184E-5    6.782471875417707E-6     4.527530059848089E-6     3.0131067914333117E-6    1.9993819701380828E-6    1.322974229628132E-6     8.730232498543523E-7     5.745948185895589E-7     3.7722460216422106E-7    2.4704723793763637E-7    1.61413321918099E-7      1.0522387395417981E-7    6.844463734273631E-8     4.442711109830879E-8     2.8778765036410734E-8    1.860554052594886E-8     1.2005710572637614E-8    7.732805272461898E-9     4.971837757571755E-9     3.1911957074338144E-9    2.044897027690106E-9     1.3082623802211964E-9    8.356926762168231E-10    5.330263499734347E-10    3.39486277134911E-10     2.159173322325659E-10    1.371399480181767E-10    8.699019430585365E-11    5.5109223694713054E-11   3.4869267878699116E-11   2.2036437804174856E-11   1.3910180995792108E-11   8.770479145203656E-12    5.523341766141254E-12    3.473829681374677E-12    2.1809372370421105E-12   1.3649049591979643E-12   8.480180311022513E-13    5.166852292394304E-13    2.9689226231129943E-13   1.3781706916816796E-13   0
% Data
% c (mol/m^3) @ t=700, u1=0.03, u2=0.01
1                         0.9977697770508301       0.9947419514864232       0.9907587161450433       0.9856498171053191       0.9792353967836558       0.9713297807879513       0.9617462050076426       0.9503024227720791       0.9368270675517938       0.9211665779645023       0.9031924231990152       0.8828083036148021       0.8599569488070775       0.8346260991577021       0.8068532409926806       0.7767286719179215       0.744396500263585        0.7100532245731003       0.673943583085422        0.6363533883809736       0.5975990377153549       0.5580132709715678       0.5179264748039312       0.4776423204927335       0.4374056613579248       0.3973592489123591       0.3574837430003037       0.3175123968051771       0.2768072872885796       0.2341774751648443       0.19311648278529836      0.157963102938945        0.1281825031774193       0.10320840537517575      0.08246933381811128      0.06540936936232133      0.051503555681787314     0.04026840245736506      0.03126812442828314      0.0241173550703947       0.018481095747971975     0.01407262460646427      0.01065001329207915      0.008011800926198003     0.005992267704119983     0.004456645611102046     0.0032965082141838725    0.0024254994418653245    0.0017754944247314445    0.0012932337705766886    9.374348339825884E-4     6.76357685516911E-4      4.857873875577697E-4     3.473856489081073E-4     2.47361955992389E-4      1.7541515038155004E-4    1.2389975141730678E-4    8.717603821887536E-5     6.110822353778184E-5     4.2680430999772274E-5    2.9705279078639942E-5    2.0604478956834576E-5    1.4244875308151167E-5    9.81677822469925E-6      6.744276988381732E-6     4.619545101098513E-6     3.1550067287080375E-6    2.1487065888330777E-6    1.459374742659814E-6     9.885650560047146E-7     6.679238919314199E-7     4.5015839684200825E-7    3.0265828615093244E-7    2.0301104473574747E-7    1.3586156172026832E-7    9.072192894355814E-8     6.044975799340968E-8     4.019484656090255E-8     2.6672618723283754E-8    1.766466710002125E-8     1.1676533926770868E-8    7.703967574264871E-9     5.073754733002848E-9     3.335652007061077E-9     2.1892189320071223E-9    1.434415643071733E-9     9.383341091353368E-10    6.128509824340578E-10    3.996534640966299E-10    2.6022933389884205E-10   1.6919067706042646E-10   1.0983073502937569E-10   7.11729137265486E-11     4.6014263348336215E-11   2.9629779977686526E-11   1.8914036296680214E-11   1.1810174168163136E-11   6.9247982511172184E-12   3.258457819051491E-12    0
% Data
% c (mol/m^3) @ t=800, u1=0.03, u2=0.01
1                         0.9985343241045291       0.9965411218313086       0.9939110161438756       0.9905233946938944       0.9862474567067144       0.9809438266912225       0.9744667751047553       0.9666670622456667       0.9573953916441357       0.9465064236361587       0.9338632596272483       0.9193422641432721       0.9028380467101321       0.8842683804403193       0.8635787900102986       0.840746498504355        0.8157833785073509       0.7887375029917473       0.7596928266710935       0.7287664329785075       0.6961026313122994       0.6618629473527653       0.6262106635944464       0.5892879634467277       0.5511828066474382       0.5118812730263204       0.4711990591176855       0.42868282881164793      0.3834678386173747       0.33407218182912213      0.28467318213308485      0.24076757742253552      0.20213685655878005      0.16847754230772852      0.1394255488288058       0.11457847081801306      0.09351513450083507      0.07581202682303584      0.06105647166155137      0.04885662919973165      0.038848551537082616     0.03070063421523842      0.024115863799881884     0.018832282837728996     0.014622083699586437     0.011289710628340674     0.008669302810713125     0.006621757475199465     0.00503163649674196      0.003804086912241564     0.0028618978911297446    0.002142775636301021     0.0015968840257117672    0.0011846724429238906    8.749926026138389E-4     6.434923878444029E-4     4.712657873325581E-4     3.437329511314609E-4     2.4972223855811713E-4    1.8072609357971497E-4    1.3030396613812446E-4    9.360775706011978E-5     6.700798246284761E-5     4.780172752973084E-5     3.398628043172449E-5     2.408497168176352E-5     1.701411661981239E-5     1.1982035347778625E-5    8.41290070590599E-6      5.889655132654639E-6     4.111466921141436E-6     2.862196381221082E-6     1.9871451889298287E-6    1.3759992043275315E-6    9.503751920285002E-7     6.547708111135585E-7     4.5001700705064833E-7    3.085610838317732E-7     2.1108255809902257E-7    1.4407481240015475E-7    9.812350233154354E-8     6.668547660023845E-8     4.5225767120717534E-8    3.0609735524712736E-8    2.0676351913795878E-8    1.393958772610998E-8     9.380104445732411E-9     6.300367572163649E-9     4.2241654950248644E-9    2.8271182306540966E-9    1.8887470553167894E-9    1.2594994916369073E-9    8.38116226836386E-10     5.56126544135874E-10     3.6723840467005585E-10   2.4007083239057674E-10   1.5314620227103966E-10   9.13785304378786E-11     4.350132792703487E-11    0
% Data
% c (mol/m^3) @ t=900, u1=0.03, u2=0.01
1                         0.9990202854079165       0.9976861790328985       0.9959215586282144       0.9936411382869227       0.9907506900434188       0.9871475904124566       0.9827217330256208       0.9773568390632731       0.9709321836643621       0.963324738627246        0.9544117092679588       0.9440734160830169       0.9321964396043534       0.9186769090169975       0.9034237706869134       0.8863618197146438       0.8674342124263942       0.8466040943614096       0.8238548672528586       0.7991884649966464       0.772620790616696        0.7441731515522453       0.7138580730030217       0.6816572032593848       0.6474880596748679       0.6111549728946961       0.5722775964850798       0.5301875217345362       0.4837795495966824       0.4312985839719446       0.3771920122454459       0.3276189826385072       0.2826381448124935       0.2422048184199391       0.20618742820007183      0.17438451215390918      0.14654147543920698      0.1223664136589217       0.1015444936307649       0.08375054431778964      0.06865966452579116      0.05595578921544535      0.04533826776579167      0.036526592962604805     0.029263478949957906     0.023316521808428275     0.018478691020573968     0.014567897789751124     0.011425871167923074     0.00891654925184203      0.00692416393459151      0.00535116687386249      0.004116113823316068     0.003151595976287452     0.0024022815987101986    0.0018231095756063513    0.0013776587503409171    0.0010367029836798147    7.769513817063751E-4     5.799656982026801E-4     4.31242014682202E-4      3.194409425455518E-4     2.3574931014759616E-4    1.7335617805551505E-4    1.270267159587423E-4     9.275868708711163E-5     6.750779530915354E-5     4.896978698540753E-5     3.540884278524835E-5     2.5523362117707896E-5    1.8341683814116926E-5    1.3141574132569176E-5    9.388437140701835E-6     6.688165074920076E-6     4.7513570481737205E-6    3.36630762414718E-6      2.378718541406418E-6     1.6765339684832538E-6    1.178658191239731E-6     8.265993907878259E-7     5.783073564016789E-7     4.036480414944352E-7     2.8109353868510985E-7    1.9531044129047368E-7    1.3540934776968003E-7    9.367886707195658E-8     6.467323688440626E-8     4.455701607003205E-8     3.063596139695723E-8     2.1022252511481052E-8    1.4396313929508164E-8    9.837844541308573E-9     6.706251437109041E-9     4.556211287857857E-9     3.07808496334192E-9      2.0557869413951088E-9    1.336750718130366E-9     8.100414340810329E-10    3.895860649815026E-10    0
% Data
% c (mol/m^3) @ t=1000, u1=0.03, u2=0.01
1                         0.9993451088085219       0.9984522152044626       0.9972685474469118       0.9957341598080911       0.9937817647472841       0.9913367381132185       0.9883173300300987       0.9846351111405294       0.9801956782564824       0.9748996346209644       0.9686438472209429       0.9613229660712498       0.952831167011596        0.9430640488223146       0.9319205752325674       0.9193048995558761       0.9051278396635483       0.8893076770548942       0.8717698260274055       0.8524447430402611       0.8312632016504453       0.8081477154547891       0.7829984087464211       0.7556709539273706       0.7259432352894516       0.6934660489854692       0.6576912555677518       0.6177681546655014       0.5723951652219648       0.5196087800655984       0.4638274703075748       0.4114490663641378       0.3627265997490815       0.31781400798363413      0.27677441641014394      0.23959035292507938      0.20617521727850555      0.17638536444263223      0.15003222866073662      0.1268940026258368       0.1067264861237874       0.08927282227659553      0.07427194020718372      0.06146561494542541      0.05060413476481962      0.04145063056143817      0.033784170523110085     0.02740175658635832      0.022119378383002212     0.01777228751248054      0.014214652356947154     0.0113187436929879       0.008973786350271422     0.00708459418315335      0.005570086387350129     0.004361764076714508     0.0034022080382799073    0.002643642376494236     0.0020465947215213554    0.0015786719600286785    0.0012134610212647219    9.295569632211304E-4     7.097152215268802E-4     5.40121134978658E-4      4.097674622810482E-4     3.0992928017159525E-4    2.3372515254414567E-4    1.757535637182962E-4     1.3179413162072576E-4    9.856390808889351E-5     7.352001605208738E-5     5.4700878212518876E-5    4.059929497939448E-5     3.0061587076931044E-5    2.220790288436514E-5     1.6369586990847414E-5    1.2040208618071533E-5    8.837456878907305E-6     6.473628984627438E-6     4.73287478055639E-6      3.4537250348615782E-6    2.5157308456357637E-6    1.829286334418306E-6     1.3279048827698758E-6    9.623781940429867E-7     6.963741987198484E-7     5.031301414438245E-7     3.6297609541295006E-7    2.614858465487806E-7     1.8810005772504675E-7    1.351037146181925E-7     9.686838088235398E-8     6.929160496135126E-8     4.9382393916003275E-8    3.4954151388297256E-8    2.43957502768096E-8      1.6498132333362438E-8    1.0318454443826331E-8    5.066607294304679E-9     0
% Data
% c (mol/m^3) @ t=1100, u1=0.03, u2=0.01
1                         0.999561580618789        0.9989631360105699       0.9981681541615148       0.9971346554955541       0.9958148720801568       0.9941550082009871       0.9920951047172543       0.9895690290720452       0.9865046105005165       0.98282393521306         0.9784438083123838       0.9732763768719329       0.9672298905575404       0.9602095505317974       0.9521183615691472       0.9428578527691043       0.9323284640130509       0.9204293013851698       0.9070568353467362       0.8921019367002192       0.8754443979218169       0.856943744174999        0.8364246615001515       0.8136547069679878       0.7883110447055216       0.7599316732009271       0.7278448367705398       0.6910678609526568       0.6481632631795431       0.597035319165836        0.5418759814359166       0.48900425482085946      0.438787949053881        0.39151212535825414      0.34738086208254393      0.3065213506005097       0.2689898859650207       0.23477928721214658      0.2038272802800216       0.17602539870063208      0.15122799887974606      0.12926104261783541      0.10993036412379031      0.09302920700142434      0.07834488403299603      0.06566447537421496      0.054779536299785096     0.045489832159839656     0.037606154896190694     0.0309523022769135       0.025366318514826194     0.020701104164680777     0.016824505448579948     0.013618989868950432     0.010981007563849463     0.008820127676555652     0.007058027227275811     0.005627397570464422     0.004470821268642971     0.0035396606805830444    0.002792989130039916     0.0021965864125048987    0.0017220127028738388    0.0013457686374735546    0.001048544378611868     8.145567008079541E-4     6.30970410979243E-4      4.8739856609679325E-4    3.7547481942942545E-4    2.8849065937968955E-4    2.2109016781981578E-4    1.6901510101664032E-4    1.2889348818728578E-4    9.806547156272889E-5     7.444071575895033E-5     5.638234653329268E-5     4.261300571919208E-5     3.213920692409831E-5     2.4190730512726513E-5    1.817229807408092E-5     1.3625212455922105E-5    1.0197039515654626E-5    7.617744340488069E-6     5.680981702864077E-6     4.229482655855101E-6     3.1436815088409143E-6    2.332895035764963E-6     1.7285035115972876E-6    1.2786955325701917E-6    9.44429588089891E-7      6.963385699306872E-7     5.12361895629521E-7      3.759362887927031E-7     2.7461265974710345E-7    1.9899471422084903E-7    1.4191624567162915E-7    9.778952175409145E-8     6.206735612154396E-8     3.076654228729552E-8     0
% Data
% c (mol/m^3) @ t=1200, u1=0.03, u2=0.01
1                         0.9997034280150026       0.9992982095693771       0.9987589671437552       0.998056237277549        0.9971561254442083       0.9960199904909383       0.9946041717845798       0.9928597720637924       0.9907325075248579       0.9881626332677395       0.9850849461050939       0.9814288568259736       0.9771185088779587       0.9720728981521102       0.966205916491779        0.959426196095402        0.9516365681899374       0.9427328603798476       0.9326016334780263       0.9211162873302118       0.9081307280800722       0.8934694615214649       0.876912524210614        0.8581730384509245       0.8368643139599223       0.8124522286010591       0.7841869805988324       0.7510060477194436       0.7113970862097032       0.6632052414531884       0.6102794897410573       0.5586424036212811       0.5087117148504604       0.46084352342326557      0.4153296343885711       0.37239703482494857      0.33220930656553205      0.29486971222038805      0.2604256530749948       0.2288741774788894       0.20016821614619673      0.17422323419642186      0.15092401592663843      0.13013133399967672      0.11168829662603066      0.09542621121705497      0.0811698480339638       0.06874203016244831      0.05796751486698036      0.04867616475510102      0.04070543449206635      0.03390221982144022      0.028124130545287618     0.023240258387542213     0.019131515009287923     0.015690615692109205     0.012821781227020662     0.010440225194375003     0.008471486880605396     0.0068506622386293875    0.005521577132803925     0.004435939068315261     0.0035524960237518963    0.0028362241127311625    0.0022575597320580384    0.0017916866703997546    0.0014178843540879128    0.0011189399531732072    8.806243895630208E-4     6.91230290684026E-4      5.411685193142355E-4     4.226189849850301E-4     3.2923091116254864E-4    2.5586750979313626E-4    1.9839002528283673E-4    1.53476289017959E-4      1.1846921947801894E-4    9.125106853439895E-5     7.013961773715108E-5     5.380294355424267E-5     4.118977890714676E-5     3.147288696927281E-5     2.4003223707053235E-5    1.8272993298253023E-5    1.3885993329037737E-5    1.0533904499058604E-5    7.977403771305213E-6     6.03117269610735E-6      4.552036731989413E-6     3.429609720794365E-6     2.5789332055978617E-6    1.934695823679388E-6     1.4466961300062314E-6    1.076275143694185E-6     7.934944933281426E-7     5.748736275638699E-7     4.0152595745672183E-7    2.575491293367803E-7     1.2852815618091987E-7    0
% Data
% c (mol/m^3) @ t=0, u1=0.03, u2=0.03
1                         -5.069401922626954E-8    2.7246567094188235E-15   3.421885013855339E-20    5.1055724537484237E-26   5.831756625091705E-32    5.952280712585073E-38    5.707686170230491E-44    5.259823408206009E-50    4.715343799710167E-56    4.142543792545943E-62    3.5833774282295647E-68   3.061969515607248E-74    2.5906042865196462E-80   2.1739009194871686E-86   1.8116935220209376E-92   1.500990904501717E-98    1.2372872974977207E-104  1.015419065811274E-110   8.301070463814374E-117   6.762838972050372E-123   5.492767350884027E-129   4.448943684387182E-135   3.5945339279041706E-141  2.8976669064283287E-147  2.3311027459801822E-153  1.8717906380387443E-159  1.5003845343101448E-165  1.2007596339522204E-171  9.595550075737927E-178   7.657559814752064E-184   6.103222403533403E-190   4.85862750435267E-196    3.8635567023385696E-202  3.0690977520941196E-208  2.4356313514516874E-214  1.931145428452137E-220   1.529832894549152E-226   1.2109317279821046E-232  9.57770159066477E-239    7.569840199453915E-245   5.978776111909776E-251   4.7190349920463004E-257  3.722403691028609E-263   2.9345136374679387E-269  2.3120823030833397E-275  1.8206908710919493E-281  1.4329974600800142E-287  1.1273031703746246E-293  8.864032221067426E-300   6.966679351623946E-306   5.47308628695E-312       4.20482E-318             4.9E-324                 0                        0                        0                        0                        0                        0                        0                        0                        0                        0                        0                        0                        0                        0                        0                        0                        0                        0                        0                        0                        0                        0                        0                        0                        0                        0                        0                        0                        0                        0                        0                        0                        0                        0                        0                        0                        0                        0                        0                        0                        0                        0                        0                        0                        0                        0                        0
% Data
% c (mol/m^3) @ t=100, u1=0.03, u2=0.03
1                         0.923557116309839        0.8264881276084329       0.7135636185703762       0.5920086974692059       0.4703503617148359       0.35687434017390124      0.2581104233944199       0.17780906013675307      0.11671168642830283      0.07309703052921676      0.04378216737192739      0.02515113442857611      0.013902189841252924     0.007418795922415711     0.00383488722573072      0.0019262906418140862    9.430390971366359E-4     4.511881461109718E-4     2.114829148394352E-4     9.73289183258734E-5      4.406689116861445E-5     1.9662786383289164E-5    8.659845095000467E-6     3.7696312059530077E-6    1.6237986593476057E-6    6.928970510390432E-7     2.931651300401867E-7     1.230888611381942E-7     5.132178511412433E-8     2.1263673770540465E-8    8.759379301602462E-9     3.5894163996928466E-9    1.4638023934471016E-9    5.943202450193538E-10    2.4032051972903393E-10   9.681218327985821E-11    3.886515202819252E-11    1.555220019379898E-11    6.204737185905968E-12    2.4685639176366E-12      9.79570396422838E-13     3.877667495693854E-13    1.5314958343774655E-13   6.035763401880281E-14    2.3739702201052762E-14   9.319569383211305E-15    3.6520826616243895E-15   1.4287374197100665E-15   5.58047059006131E-16     2.176367771790371E-16    8.475601636726633E-17    3.2962247849353954E-17   1.2802657767094623E-17   4.96646566126023E-18     1.924348905196072E-18    7.44788008848565E-19     2.879491920878831E-19    1.1121255464316987E-19   4.291070693864956E-20    1.6541289597434552E-20   6.370620735371147E-21    2.451425295266498E-21    9.425296185910973E-22    3.620969152512879E-22    1.3900210122039834E-22   5.33208588734987E-23     2.0439203227056804E-23   7.82948199796596E-24     2.99719456423971E-24     1.1466205627938753E-24   4.383862556605908E-25    1.6750801755200817E-25   6.396823035486095E-26    2.441469627530785E-26    9.313316419084909E-27    3.5508379779151595E-27   1.3531249338079374E-27   5.1538554372271145E-28   1.9620962665163364E-28   7.466349122057995E-29    2.839893598461944E-29    1.0797103700110285E-29   4.1032624835426494E-30   1.5587386962128715E-30   5.918944644927332E-31    2.2467095616826268E-31   8.52483223100675E-32     3.233444241787593E-32    1.2259979497053601E-32   4.6468963340149864E-33   1.760714666118351E-33    6.669165142558095E-34    2.5253060428445278E-34   9.559160485554717E-35    3.6173348768625393E-35   1.3683318134978399E-35   5.17019187288772E-36     1.9368806224139734E-36   6.6501913280647685E-37   0
% Data
% c (mol/m^3) @ t=200, u1=0.03, u2=0.03
1                         0.9684198249109266       0.9268338871396122       0.8750793175163744       0.8136823821586276       0.743898956082434        0.6676688154033176       0.5874788148236637       0.5061456319232869       0.4265451375382402       0.3513287304017912       0.2826728870193358       0.22210352879295925      0.17042132572432964      0.127731549521898        0.0935595890060758       0.06701796094434714      0.04698655124895709      0.032274117887478304     0.021741446821320825     0.014379760891459967     0.00934821487685824      0.005980023126954573     0.003768326525633964     0.0023416675466930675    0.0014363944457705185    8.705889809182369E-4     5.218427414957856E-4     3.0961736752569856E-4    1.819777373204346E-4     1.060334362034677E-4     6.129150422745599E-5     3.5169775587709035E-5    2.004511589823714E-5     1.1354156605516939E-5    6.3948042045763E-6       3.5828336702836025E-6    1.9977329281468352E-6    1.1089922479616312E-6    6.131326970379889E-7     3.377198985200395E-7     1.8538052924793575E-7    1.0143660445197968E-7    5.534213165983009E-8     3.011241951905034E-8     1.6343810850016617E-8    8.850347070987743E-9     4.782343250436276E-9     2.57906473508361E-9      1.388309855645055E-9     7.460525336917746E-10    4.002787150546069E-10    2.1444328171175121E-10   1.1472603387598096E-10   6.129854463830068E-11    3.2712424755652443E-11   1.743742840103184E-11    9.285157713340695E-12    4.939248057189108E-12    2.6249584087650805E-12   1.3937900646552343E-12   7.394471429501219E-13    3.919869104842232E-13    2.0763902188048914E-13   1.0990977462804292E-13   5.813923390087423E-14    3.0734242703222316E-14   1.62371387397211E-14     8.573198293291947E-15    4.524122630931501E-15    2.386134747397229E-15    1.2578675238962137E-15   6.627714207007317E-16    3.4905233814952105E-16   1.837484415943209E-16    9.66876542324258E-17     5.085575068313159E-17    2.6738547068853663E-17   1.405305773703422E-17    7.383212609502836E-18    3.877638503538094E-18    2.0358333531933343E-18   1.0685020411809603E-18   5.606240161020291E-19    2.940600178917296E-19    1.5419585050987132E-19   8.083251344272399E-20    4.2362367253284937E-20   2.2195194527355596E-20   1.1625883227154303E-20   6.088141065490184E-21    3.187413880732691E-21    1.6683607436249948E-21   8.73051745791187E-22     4.567511581085728E-22    2.3886400223457925E-22   1.2477829761055933E-22   6.486307744702082E-23    3.288169724899967E-23    1.4406395583380598E-23   0
% Data
% c (mol/m^3) @ t=300, u1=0.03, u2=0.03
1                         0.9837127248442392       0.9619763727992331       0.9342557040185464       0.9002133329917468       0.859764724466548        0.813119592791834        0.7608030399706442       0.7036512582391447       0.6427791668880742       0.5795207130890792       0.5153462930651246       0.45176522914512096      0.3902237931827598       0.3320103047751036       0.27817801108448076      0.2294938171752801       0.18641695640086076      0.1491071867488728       0.11745801378919789      0.09114756909782258      0.06969854310350002      0.0525389651028923       0.039057252044544674     0.028647229895384554     0.020741186772534125     0.014831008917453134     0.010478846103554111     0.007319510019095018     0.005057019640631567     0.0034575299710721845    0.002340482334164529     0.0015693362548761022    0.0010427829066118922    6.869536578317236E-4     4.488456575835136E-4     2.90987903651304E-4      1.8725148292840399E-4    1.1964761045119289E-4    7.593802655751755E-5     4.7888525301162716E-5    3.0016041239806754E-5    1.8704706985802054E-5    1.1591585749696005E-5    7.145647900425684E-6     4.382817157911791E-6     2.675336110104101E-6     1.6255911151634604E-6    9.834260303272577E-7     5.924531154399321E-7     3.55490496620633E-7      2.1249031260090337E-7    1.2654898951719447E-7    7.510243446561557E-8     4.442105390597092E-8     2.6189276252756275E-8    1.5392706468165198E-8    9.020224666910037E-9     5.2708635391288235E-9    3.0715439942934823E-9    1.7852056045958473E-9    1.0349512624194072E-9    5.985399076172024E-10    3.4534024759264163E-10   1.9880142826424287E-10   1.1419458964378681E-10   6.545744441140423E-11    3.744485745571004E-11    2.1378416061062626E-11   1.2182550269384671E-11   6.929597526910144E-12    3.934697963899046E-12    2.230353181124805E-12    1.2621728691797857E-12   7.131321705576104E-13    4.0229923303409093E-13   2.2660912830131734E-13   1.2746023958862012E-13   7.15913321137657E-14     4.015623307720393E-14    2.2494168741024877E-14   1.2584277997949925E-14   7.03143952616329E-15     3.924039116060865E-15    2.1873106789544772E-15   1.2178393682737698E-15   6.77307204852265E-16     3.76279669112516E-16     2.088227884362311E-16    1.1577087629889424E-16   6.411900306128092E-17    3.547736360689621E-17    1.9611149764400958E-17   1.0830492582294192E-17   5.9755404796875726E-18   3.2931167249318483E-18   1.8109718768606015E-18   9.890982193228207E-19    5.243251684884711E-19    2.3753844900361553E-19   0
% Data
% c (mol/m^3) @ t=400, u1=0.03, u2=0.03
1                         0.9906886990071933       0.9781768087238365       0.9620200087002931       0.9418270919186009       0.9172895018182001       0.8882101501365098       0.8545290523268579       0.8163432241401288       0.7739184567859217       0.7276910541218344       0.6782583623817648       0.626357897711936        0.5728359839861347       0.5186079235946734       0.4646126891256197       0.41176579966527954      0.3609143167851954       0.3127977009857958       0.26801761950885067      0.2270187768799401       0.19008160023751633      0.15732633920075692      0.128727021274318        0.1041328877424093       0.08329450623349816      0.06589172431240276      0.05156093617858297      0.03991967891636485      0.03058723496059644      0.02320058054544447      0.017425598958141622     0.012963919939090872     0.009556034001561825     0.006981471445547204     0.005056856679694842     0.0036325834042367526    0.002588739731368857     0.0018307740171669498    0.0012852542419222721    8.959505705924033E-4     6.20369722627588E-4      4.2679315273752306E-4    2.918174055397419E-4     1.98360966448641E-4      1.3408329538618378E-4    9.01543233637707E-5      6.031283584689707E-5     4.01568945284372E-5      2.6616542327659625E-5    1.7566954337104348E-5    1.1547955945441911E-5    7.562867554766705E-6     4.935691946334377E-6     3.210671111027346E-6     2.082257942690273E-6     1.3466897890581923E-6    8.687544209855249E-7     5.591439682607628E-7     3.5912589407610686E-7    2.302311073689547E-7     1.473572518004572E-7     9.418100869810031E-8     6.012171533274576E-8     3.8341136553206326E-8    2.443153527568112E-8     1.555865528932426E-8     9.903955250038461E-9     6.302841729457598E-9     4.0107602243131774E-9    2.5523854529672283E-9    1.624638319745134E-9     1.0344611972341402E-9    6.589756438203056E-10    4.200170366382317E-10    2.6788330155807655E-10   1.7097728797258297E-10   1.0921246446667225E-10   6.981812790736725E-11    4.467268753652408E-11    2.86091069786624E-11     1.83383578742704E-11     1.1765533632373502E-11   7.555356704165579E-12    4.8560601028872354E-12   3.123844446545218E-12    2.0112172012831284E-12   1.295921320900235E-12    8.356656453077525E-13    5.39266565743415E-13     3.482353472689654E-13    2.2501920374580281E-13   1.4548425464262268E-13   9.410498991246342E-14    6.088173570614361E-14    3.936132167027667E-14    2.5360258176051337E-14   1.6130233639962903E-14   9.790365563082153E-15    4.893789814851296E-15    0
% Data
% c (mol/m^3) @ t=500, u1=0.03, u2=0.03
1                         0.9944242875148648       0.9868962072738311       0.977090865439107        0.9646876566863197       0.9493847168077221       0.930914954510219        0.9090628805781606       0.8836812452593356       0.8547063366738105       0.8221707110228538       0.7862121435572728       0.7470777252352874       0.7051222905622611       0.6608007395429099       0.6146542863692802       0.567291187797794        0.5193630195198055       0.4715380159748435       0.42447330645433484      0.3787880189254227       0.3350391561900336       0.2937018794095997       0.25515539481904803      0.21967508936461488      0.18743097401381187      0.15849194545329304      0.13283493233237884      0.11035769434308493      0.09089390836353767      0.07422919742660487      0.06011690724660303      0.04829267132076971      0.038487085630128176     0.030436097863042817     0.02388897268142334      0.018613903547344286     0.014401493568753716     0.011066422392555175     0.00844765964347119      0.006407587901117681     0.004830371278797099     0.0036198604590569833    0.0026972711075446214    0.0019988173178324565    0.001473430256481791     0.0010806475437133806    7.887225122406286E-4     5.729744962202802E-4     4.143810660237111E-4     2.983995418146716E-4     2.1399690828933455E-4    1.5286314095803373E-4    1.087817913903131E-4     7.713249759288755E-5     5.450211869166901E-5     3.838386382368885E-5     2.694668425880369E-5     1.8860052979797103E-5    1.3161901271875758E-5    9.159829558642809E-6     6.357726524686785E-6     4.401618850476295E-6     3.0399573565044276E-6    2.094658795860239E-6     1.4401048336701397E-6    9.879894405857738E-7     6.764385869110478E-7     4.6223308558471097E-7    3.1527334052938165E-7    2.146556654447216E-7     1.4590160570765294E-7    9.900852338334509E-8     6.70827106283149E-8      4.5384068508023786E-8    3.0660482996438E-8       2.0685400746602168E-8    1.3937460843949584E-8    9.379125713514458E-9     6.304099959987798E-9     4.232411000032982E-9     2.8384256321340208E-9    1.901568991638756E-9     1.2726545271715637E-9    8.509243030590266E-10    5.684215237890674E-10    3.793723593414177E-10    2.529834057471983E-10    1.6856381018407883E-10   1.1222676044078516E-10   7.466218027997354E-11    4.963479796878607E-11    3.297262887443094E-11    2.1886475590980277E-11   1.4512411301276717E-11   9.60397976346724E-12     6.324162999879744E-12    4.102400894700656E-12    2.5310615175666545E-12   1.2793876561592195E-12   0
% Data
% c (mol/m^3) @ t=600, u1=0.03, u2=0.03
1                         0.9965164332455531       0.9917982192922908       0.9856176488984154       0.9777373368824331       0.9679169178713131       0.9559211419232785       0.941529173402176        0.9245447772603878       0.9048069586979746       0.8822005159454765       0.856665883832093        0.8282076001101045       0.7969007281216779       0.7628946262517763       0.7264135700659354       0.6877539045268511       0.6472776219685393       0.6054025106581601       0.5625892771937625       0.5193262884109172       0.47611277888628073      0.4334415052213635       0.3917818809602132       0.35156458824096937      0.3131685368854742       0.27691084216008055      0.243040241453243        0.21173409584813546      0.18309885472909396      0.15717362705343146      0.13393632231468822      0.11331170955877647      0.09518069699338591      0.07939015239995634      0.06576265409220775      0.05410566823344032      0.044219774494784175     0.03590569300430235      0.02896998871124066      0.02322943564817697      0.01851410784484208      0.014669323970255848     0.011556610031560657     0.009053861433056979     0.007054886294004718     0.0054685004309456475    0.0042173249761700395    0.003236413868366487     0.0024718133529240275    0.0018791313453212712    0.001422172495977677     0.0010716758785778904    8.041767387009022E-4     6.010016537253647E-4     4.4739749460946687E-4    3.3178833243400775E-4    2.4515042577776767E-4    1.804931857501474E-4     1.324331063546351E-4     9.684768822183242E-5     7.059705874296401E-5     5.1302052265765335E-5    3.716877200361279E-5     2.6850974954358276E-5    1.9342910045882733E-5    1.3896439680010498E-5    9.957353372092275E-6     7.116725423726128E-6     5.073975414195541E-6     3.6089678148783588E-6    2.5610470136699394E-6    1.8133605355581036E-6    1.2811908786249378E-6    9.033092451114555E-7     6.355954617465659E-7     4.463489915212796E-7     3.1285598835235566E-7    2.188851296422002E-7     1.5286733697251708E-7    1.0657704523048245E-7    7.417989064730355E-8     5.154711973594187E-8     3.5763472072569997E-8    2.4774938301021777E-8    1.7137321657080958E-8    1.1837224099568692E-8    8.164915749770844E-9     5.624268319048502E-9     3.869094828105799E-9     2.6582537491528665E-9    1.8240535561725752E-9    1.2500608890166861E-9    8.555390390179351E-10    5.845448271368303E-10    3.982784540505687E-10    2.6967306915418243E-10   1.7946641342685026E-10   1.1313071015035324E-10   5.803379459790311E-11    0
% Data
% c (mol/m^3) @ t=700, u1=0.03, u2=0.03
1                         0.9977568879893052       0.994712004628255        0.9907073579169706       0.9855727849713829       0.9791288609738702       0.9711907366499353       0.9615728922011182       0.9500947399563907       0.9365869459882649       0.9208982760777169       0.9029027081930348       0.8825064973309568       0.8596548348329909       0.8343377187599175       0.8065946495780807       0.7765177900176453       0.7442532813599885       0.7100004900408072       0.6740090649955105       0.6365738114558728       0.5980275221728866       0.5587320415678887       0.5190679603951365       0.47942343668863224      0.44018270324748093      0.40171484579140077      0.36436341621846746      0.3284373835960096       0.2942038274628458       0.26188265325435717      0.2316434702030832       0.2036046308993739       0.17783430117138915      0.15435331937769772      0.133139522863003        0.11413316991016471      0.09724306818289719      0.08235303246171598      0.06932833019443566      0.05802182640445569      0.048279602779278195     0.03994589261995139      0.032867238060169855     0.026895834185550357     0.021892073492482258     0.017726342030586623     0.014280145306431406     0.01144665827631928      0.00913080086666669      0.00724894014713915      0.005728314386632093     0.004506264525228926     0.003529346683308061     0.002752386520404032     0.002137523571701814     0.0016532818571290703    0.001273692541510741     9.774854679956908E-4     7.47359061891146E-4      5.69332353294548E-4      4.3217855624091126E-4    3.269365833296827E-4     2.4649486171992007E-4    1.8524064301682865E-4    1.387674739072501E-4     1.0363344655177318E-4    7.716313380621815E-5     5.72866171333475E-5      4.2409642704634216E-5    3.1309624465298E-5       2.30529019866926E-5      1.6929321797694025E-5    1.2400822185941328E-5    9.061251391253145E-6     6.605132897434047E-6     4.803509289727567E-6     3.4853512323765322E-6    2.52331581919104E-6      1.8228851292255796E-6    1.3141178594368593E-6    9.454108430136747E-7     6.787991048549399E-7     4.864282771228549E-7     3.479164653378449E-7     2.483881232366927E-7     1.7701363454601853E-7    1.2592800575368778E-7    8.943272688010956E-8     6.34083938865045E-8      4.488366575956879E-8     3.171979418594365E-8     2.2380294530854296E-8    1.576308733694211E-8     1.1078212564433899E-8    7.758429688241082E-9     5.39294008073368E-9      3.676206832360543E-9     2.364263614752113E-9     1.229459335887992E-9     0
% Data
% c (mol/m^3) @ t=800, u1=0.03, u2=0.03
1                         0.9985239084369374       0.9965168217056544       0.9938690523149418       0.9904598329772629       0.9861584178556768       0.9808257487402294       0.9743167219394393       0.9664830679135691       0.9571768266142692       0.9462543680239672       0.9335808709177535       0.9190351353180742       0.902514567848013        0.8839401469231528       0.8632611493401919       0.8404594041636607       0.8155528364179305       0.7885980739146337       0.7596919166811348       0.728971509902184        0.6966131167784648       0.6628294546503455       0.6278656322845066       0.5919938034874433       0.5555067266270246       0.5187104854492979       0.48191667837288366      0.44543441676194484      0.40956248449868515      0.3745820002931594       0.34074989137307         0.30829343522324676      0.2774060592873341       0.24824451257775526      0.22092744411423673      0.19553534710140216      0.17211176015890392      0.15066556196855857      0.13117415616690978      0.11358732036944616      0.09783148653451403      0.08381422784693182      0.07142874735614428      0.060558192599692445     0.05107965503878194      0.042867750117758625     0.035797710307709354     0.029747957334268566     0.02460214928420218      0.020250722437524616     0.01659196606973366      0.01353268118973155      0.010988481673701379     0.008883799226119328     0.007151652887631005     0.0057332402996879755    0.0045774024789196986    0.003640007215799588     0.0028832890400234145    0.002275176504854473     0.0017886307179447827    0.0014010128478633397    0.001093492918595796     8.505076366094204E-4     6.592712778413868E-4     5.09340748369161E-4      3.922337445001743E-4     3.01097380111003E-4      2.304236192745773E-4     1.7580725001020069E-4    1.3374186678371814E-4    1.014493118503791E-4     7.673818725977151E-5     5.788733121554778E-5     4.355050718583091E-5     3.2678945115742525E-5    2.4458774095941056E-5    1.826077557206824E-5     1.3600252740660645E-5    1.0105147325058207E-5    7.490835467152859E-6     5.540298834995075E-6     4.0885960329458115E-6    3.01075510794834E-6      2.2123732450397597E-6    1.6223478943203665E-6    1.1872779308803896E-6    8.671672901254966E-7     6.321399008651766E-7     4.5993642564075165E-7    3.3401275024824496E-7    2.420994282841286E-7     1.7511209590452252E-7    1.2632652998092535E-7    9.07493295506836E-8      6.462624808733251E-8     4.5033947815245784E-8    2.9494338687353533E-8    1.5526937542175665E-8    0
% Data
% c (mol/m^3) @ t=900, u1=0.03, u2=0.03
1                         0.9990124468145034       0.9976678373678397       0.9958897280614378       0.9935925899962824       0.9906820700609787       0.987055580988395        0.9826032605370368       0.9772093308546567       0.9707538766191598       0.9631150448103722       0.9541716502655102       0.9438061500908763       0.9319079273914137       0.9183768017454343       0.9031266617249748       0.8860890950370438       0.8672168761093095       0.84648716070639         0.8239042338240665       0.7995016617617264       0.7733437125893626       0.7455259313384972       0.7161747866689443       0.6854463433466046       0.6535239578173547       0.6206150401180217       0.5869469715429567       0.5527623108747377       0.5183134595978091       0.483856985630295        0.44964782354961774      0.41593357561831773      0.38294913160456656      0.3509118068711836       0.32001716884784576      0.2904356839848524       0.26231027339849766      0.23575481878388418      0.2108536139699051       0.18766171467640522      0.16620610209405715      0.1464875466926184       0.128483038285193        0.11214863719252204      0.09742259902072672      0.08422863116145224      0.07247915128466158      0.062078435196824384     0.052925561758839924     0.044917084427350616     0.03794938089803711      0.03192065304018383      0.02673256786714626      0.022291546047859077     0.018509717087471844     0.015305569709168755     0.012604332285722858     0.010338121688533552     0.008445900038527826     0.006873278007109306     0.005572200989089166     0.004500551096155213     0.003621693898548943     0.002903994515940729     0.0023203233029230764    0.0018475672014511399    0.0014661589916578753    0.0011596332587452175    9.142149560272362E-4     7.184439948275415E-4     5.628373152755186E-4     4.395883531936353E-4     3.423026701263626E-4     2.6576770276023746E-4    2.0575405948623142E-4    1.588454923402653E-4     1.2229455273181844E-4    9.39009553704949E-5      7.190978887555398E-5     5.4926892204307026E-5    4.1848937763947E-5       3.1806004877850795E-5    2.4114676010639194E-5    1.823993180250405E-5     1.3764351932267393E-5    1.0363342278624903E-5    7.785302075061936E-6     5.835816650188541E-6     4.365111941725268E-6     3.258137035593611E-6     2.4267516574411954E-6    1.8035880047254258E-6    1.3372313366287272E-6    9.884211366137848E-7     7.270122573744963E-7     5.294473319562132E-7     3.7646491712854505E-7    2.506760802248848E-7     1.3343418214417493E-7    0
% Data
% c (mol/m^3) @ t=1000, u1=0.03, u2=0.03
1                         0.9993305336978905       0.998418016075377        0.9972089214080906       0.9956426197574079       0.9936512706967645       0.9911599016117525       0.9880867032450505       0.9843435724736326       0.9798369276996681       0.9744688155855308       0.9681383191428481       0.9607432664905643       0.9521822271587838       0.9423567690117964       0.9311739342216511       0.9185488779087971       0.9044075988628364       0.8886896790328382       0.8713509381396063       0.8523659026994399       0.831729985764015        0.8094612754249002       0.7856018370347251       0.7602184463111137       0.7334026878397775       0.7052703754546048       0.6759602766697843       0.6456321515754968       0.6144641459262865       0.5826496069173144       0.5503934166615587       0.5179079610145696       0.4854088686955925       0.4531106664867537       0.4212224999254235       0.3899440650834687       0.3594618859971196       0.3299460548035729       0.30154752881115976      0.2743960520632999       0.2485987401420138       0.22423933775187477      0.20137813071828523      0.18005246892078317      0.1602778355675417       0.14204938194877542      0.12534383584397668      0.11012168617722837      0.09632954604531568      0.0839026003263292       0.07276705194087446      0.06284249158242959      0.054044128406470125     0.04628483284068446      0.0394769565033765       0.03353390747113677      0.028371471248476013     0.023908878351797995     0.020069628177392308     0.016782085673017397     0.013979872294281265     0.011602075918228462     0.009593305996773325     0.00790362049688159      0.006488350349735355     0.005307845476850696     0.00432716422342201      0.00351572542998239      0.002846939603543206     0.0022978328648925414    0.0018486746708671925    0.0014826178271172606    0.0011853570762067702    9.448106002415581E-4     7.508271280083647E-4     5.94919978957646E-4      4.7002829345109073E-4    3.7030486568032675E-4    2.909293829861258E-4     2.279454513720601E-4     1.781195202478247E-4     1.3881967982067172E-4    1.0791226458021187E-4    8.367423162160564E-5     6.47193721414809E-5      4.993654072595297E-5     3.843823563595083E-5     2.951802264845765E-5     2.261545600219138E-5     1.7287305302145638E-5    1.3184040564908908E-5    1.0030652543571972E-5    7.610983806421626E-6     5.754804681947641E-6     4.326863990374435E-6     3.217034799382844E-6     2.330380755009557E-6     1.5753406296513498E-6    8.469920974922803E-7     0
% Data
% c (mol/m^3) @ t=1100, u1=0.03, u2=0.03
1                         0.9995458534335586       0.9989261979366467       0.9981036488491826       0.9970354007159468       0.9956729689256569       0.9939620275423291       0.9918423672939852       0.9892479978462786       0.9861074176453042       0.9823440726082082       0.9778770216476225       0.9726218223575487       0.966491644145179        0.9593986087189172       0.95125534927481         0.9419767701895279       0.931481978849174        0.9196963508305311       0.9065536794956699       0.8919983517149023       0.8759874834865348       0.8584929432689467       0.8395031874419683       0.8190248319556461       0.7970838872720734       0.7737265903676281       0.7490197778519897       0.7230507579713393       0.6959266559605773       0.6677732262333432       0.6387331453888913       0.6089638209539131       0.5786347710503557       0.5479246486484091       0.5170179996456876       0.4861018557671032       0.45536227047719974      0.42498090828457413      0.39513179485715133      0.365978327445615        0.3376706327320657       0.3103433431574197       0.28411384402098666      0.25908102330901744      0.23532453546274124      0.21290457026862053      0.1918620997560194       0.17221956025290122      0.15398191418869706      0.13713802721067442      0.1216622908160471       0.1075164188893447       0.09465134797163427      0.08300917532281725      0.07252507531649596      0.06312914282263586      0.05474812137403359      0.0473069834990365       0.04073034011940144      0.034943664927874214     0.029874327840881613     0.025452438733297816     0.021611508565940362     0.018288939659839437     0.015426360274941361     0.012969820893026495     0.010869870805493042     0.00908153391343834      0.0075642022207011       0.0062814645027343165    0.00520088622084957      0.004293755064372583     0.0035348046665138904    0.0029019271569994936    0.0023758833685973567    0.001940017768332898     0.0015799835815965742    0.0012834821463983623    0.001040019289864505     8.406804627507177E-4     6.77925494770336E-4      5.454031322122598E-4     4.3778497380271835E-4    3.50618012743409E-4      2.801947029149251E-4     2.2343927578686286E-4    1.77808922445274E-4      1.4120840367805635E-4    1.1191664168498079E-4    8.852386001378338E-5     6.9877850505123E-5       5.503792598495406E-5     4.323501751623684E-5     3.3836116651428696E-5    2.6310710744066866E-5    2.019577383168484E-5     1.5053831126154378E-5    1.0414851501390323E-5    5.685881994452648E-6     0
% Data
% c (mol/m^3) @ t=1200, u1=0.03, u2=0.03
1                         0.999690164179846        0.9992670329098308       0.9987044530383369       0.9979722067337584       0.997035717872953        0.9958558034048828       0.9943884860162719       0.9925848855624041       0.9903912073913366       0.9877488457572972       0.9845946198661873       0.98086115861227         0.9764774476601529       0.9713695491402335       0.9654614998387522       0.958676388404473        0.9509376058486141       0.9421702566314636       0.9323027101221641       0.9212682644657686       0.9090068872309567       0.895466990027824        0.8806071879946893       0.864397990083543        0.8468233628380613       0.82788210922504         0.8075890053448477       0.7859756417013223       0.7630909222202074       0.7390011832832076       0.713789906448796        0.6875570118589135       0.6604177340342042       0.6325010971695527       0.6039480224017195       0.5749091140385196       0.5455421846346732       0.5160095893616686       0.4864754477557317       0.45710283521077216      0.4280510272791061       0.399472876931886        0.3715123986072293       0.344302623528537        0.31796377896685385      0.2926018305319536       0.2683074119632805       0.2451551520300417       0.2232033937835579       0.20249428820013937      0.18305423275974833      0.16489461613449782      0.14801282316804518      0.1323934498143098       0.11800967562971391      0.10482474161007733      0.09279348336411822      0.08186387348142252      0.07197853210292514      0.0630761707415041       0.05509294094496946      0.047963666090118054     0.041622941137016214     0.03600609130512924      0.031049986165227587     0.026693710441211507     0.022879096808800594     0.019551129138561323     0.016658226976588638     0.014152423638499922     0.011989451186986648     0.010128745861719718     0.00853338733291114      0.00716998455800565      0.006008520132991825     0.0050221639363973265    0.004187065645738669     0.003482134431894298     0.0028888128630986856    0.002390850821363124     0.0019740840829715976    0.0016262211637054422    0.0013366410918806537    0.0010962039535229123    8.970753527231816E-4     7.325653391897548E-4     5.969818614008675E-4     4.8549838844318973E-4    3.9403497898668586E-4    3.191517210178463E-4     2.579530576100766E-4     2.0800094965036395E-4    1.6723393453594248E-4    1.3388762721150348E-4    1.0640956941143729E-4    8.335668239014219E-5     6.325537977582521E-5     4.4389968973550016E-5    2.4459641232767016E-5    0
% Data
% c (mol/m^3) @ t=0, u1=0.03, u2=0.05
1                         -5.069401922626954E-8    2.7246567094188235E-15   3.421885013855339E-20    5.1055724537484237E-26   5.831756625091705E-32    5.952280712585073E-38    5.707686170230491E-44    5.259823408206009E-50    4.715343799710167E-56    4.142543792545943E-62    3.583377428229565E-68    3.0619695156072485E-74   2.5906042865196462E-80   2.1739009194871686E-86   1.8116935220209376E-92   1.500990904501717E-98    1.2372872974977207E-104  1.015419065811274E-110   8.301070463814374E-117   6.762838972050372E-123   5.492767350884027E-129   4.448943684387182E-135   3.59453392790417E-141    2.897666906428328E-147   2.3311027459801817E-153  1.8717906380387438E-159  1.500384534310144E-165   1.2007596339522197E-171  9.595550075737937E-178   7.682913817259752E-184   6.85164900283226E-190    6.103087220754844E-196   5.430290538563177E-202   4.826652885109143E-208   4.285941699107482E-214   3.8023216071821676E-220  3.3703643197828284E-226  2.9850481165700037E-232  2.641749622168739E-238   2.3362300237666743E-244  2.0646174331198797E-250  1.8233867298185782E-256  1.609337925689612E-262   1.4195738499482014E-268  1.2514777611264265E-274  1.1026913365665834E-280  9.710933664633806E-287   8.547793813281894E-293   7.520423645808049E-299   6.613546418299062E-305   5.813509914527E-311      5.1002164E-317           1.5E-323                 0                        0                        0                        0                        0                        0                        0                        0                        0                        0                        0                        0                        0                        0                        0                        0                        0                        0                        0                        0                        0                        0                        0                        0                        0                        0                        0                        0                        0                        0                        0                        0                        0                        0                        0                        0                        0                        0                        0                        0                        0                        0                        0                        0                        0                        0                        0
% Data
% c (mol/m^3) @ t=100, u1=0.03, u2=0.05
1                         0.923557116309839        0.8264881276084329       0.7135636185703762       0.5920086974692059       0.4703503617148359       0.35687434017390124      0.2581104233944199       0.17780906013675307      0.11671168642830283      0.07309703052921676      0.04378216737192739      0.02515113442857611      0.01390218984125293      0.007418795922415713     0.0038348872257307266    0.0019262906418141064    9.430390971367088E-4     4.5118814611123297E-4    2.1148291484037075E-4    9.732891832921522E-5     4.4066891180522296E-5    1.966278642560733E-5     8.659845244963417E-6     3.7696317357538707E-6    1.623800524915067E-6     6.929035968824359E-7     2.931880097486389E-7     1.2316849995003768E-7    5.159773542913075E-8     2.221513723835659E-8     1.002137811581598E-8     4.497987397249262E-9     2.0095620170568225E-9    8.940004121904718E-10    3.9616027497465197E-10   1.7491614996310605E-10   7.697159064325653E-11    3.3765784322757435E-11   1.4769410234568892E-11   6.4427981614866045E-12   2.80341989995099E-12     1.2169540670838316E-12   5.271042703057657E-13    2.2783137772591397E-13   9.828303681268923E-14    4.231950343818195E-14    1.8190493574729506E-14   7.806056915267862E-15    3.3445710407831125E-15   1.4308888162594222E-15   6.113089528749847E-16    2.6081664394139405E-16   1.1113673897438938E-16   4.7299217965417277E-17   2.0107061819168974E-17   8.538161340735959E-18    3.621783216043345E-18    1.5347682003385523E-18   6.497466091629336E-19    2.7481702438347724E-19   1.1613364561776283E-19   4.903461372411466E-20    2.0686750932044844E-20   8.720479448406187E-21    3.673329957329568E-21    1.546191399834655E-21    6.5037205306237035E-22   2.733800044873675E-22    1.1483869712533592E-22   4.820990148802783E-23    2.0226467945439352E-23   8.481029064135116E-24    3.5541044408502166E-24   1.4885827563132022E-24   6.231385123322889E-25    2.6071877225140445E-25   1.090292596256971E-25    4.557256887049196E-26    1.903969469674755E-26    7.950940989189618E-27    3.318829581244699E-27    1.3847290070902198E-27   5.7751510875101785E-28   2.407607682594439E-28    1.0033137761785639E-28   4.179469812783001E-29    1.7403775070152144E-29   7.244491270916636E-30    3.0145231972136852E-30   1.2539483660703928E-30   5.214285352333636E-31    2.167543063093236E-31    9.007452854692414E-32    3.74197381413188E-32     1.55404860231314E-32     6.45162392334584E-33     2.675653226889016E-33    1.1009137008963731E-33   4.1653291420472664E-34   0
% Data
% c (mol/m^3) @ t=200, u1=0.03, u2=0.05
1                         0.9684198249109266       0.9268338871396122       0.8750793175163744       0.8136823821586276       0.7438989560824344       0.6676688154033185       0.5874788148236658       0.5061456319232925       0.4265451375382553       0.35132873040183066      0.28267288701943993      0.22210352879323328      0.17042132572504978      0.12773154952378676      0.09355958901102021      0.06701796095726233      0.04698655128261397      0.03227411797496647      0.02174144704811752      0.014379761477647192     0.009348216387074554     0.005980027004221495     0.0037683364422884335    0.0023416928055967653    0.0014364584954882796    8.707506036862233E-4     5.222484220272562E-4     3.1062978399311276E-4    1.8448850766459557E-4    1.1221769965816962E-4    7.025402081965657E-5     4.368704129765735E-5     2.6997800442827813E-5    1.6588443899061353E-5    1.01385708881853E-5      6.166230149619667E-6     3.7333538142552607E-6    2.2509547404816706E-6    1.3519552610033398E-6    8.091226103051755E-7     4.826594918177498E-7     2.870451157323964E-7     1.7023213483640673E-7    1.0069454530646162E-7    5.9419175071430563E-8    3.4984829026355967E-8    2.0555832213876648E-8    1.2054697238167758E-8    7.056702607282119E-9     4.124059808684369E-9     2.4064373883305113E-9    1.4021528701125103E-9    8.15883804068778E-10     4.741447570346572E-10    2.752185659094072E-10    1.5957331097724005E-10   9.242460326435261E-11    5.347939325714545E-11    3.091587179303541E-11    1.785645994040171E-11    1.0305024124568215E-11   5.9423988594831664E-12   3.4241409206251117E-12   1.97167394747779E-12     1.1345603334706111E-12   6.524442698620017E-13    3.7496944010736654E-13   2.153760172535286E-13    1.2364010788735018E-13   7.094025781162615E-14    4.0682495867344123E-14   2.3319181207447334E-14   1.3360377756679886E-14   7.65124689934852E-15     4.3798732021421535E-15   2.506190289277622E-15    1.4334965278170353E-15   8.196262578006593E-16    4.684657534685505E-16    2.6766304326229295E-16   1.5288083650535874E-16   8.729250728062681E-17    4.98270406691543E-17     2.8432962094026667E-17   1.6220059470608185E-17   9.250395906812293E-18    5.274116898011555E-18    3.006246249761236E-18    1.7131222501953562E-18   9.759883175720358E-19    5.558999024264595E-19    3.1655353655006033E-19   1.8021785672136627E-19   1.0257534632299167E-19   5.836316883149791E-20    3.317652161260821E-20    1.8780026643206276E-20   1.0391854700908195E-20   5.002564244281642E-21    0
% Data
% c (mol/m^3) @ t=300, u1=0.03, u2=0.05
1                         0.9837127248442449       0.9619763727992504       0.934255704018591        0.9002133329918556       0.8597647244668113       0.8131195927924677       0.7608030399721646       0.70365125824278         0.6427791668967376       0.5795207131096518       0.5153462931137973       0.4517652292598341       0.39022379345203084      0.33201030540451637      0.27817801254923685      0.22949382056831918      0.18641696422272996      0.14910720468914954      0.11745805471879076      0.0911476619563723       0.06969875254483252      0.05253943459874752      0.03905829771667753      0.028649543086887285     0.0207462675463216       0.014842085150027289     0.010502803051722862     0.00737089933423505      0.005166297479875757     0.0036877890118930095    0.002679853821293464     0.0019312529812552115    0.0013806877070819089    9.79541305167054E-4      6.898593918911851E-4     4.824414257916628E-4     3.3512444409467424E-4    2.3129795384569616E-4    1.5865854025449725E-4    1.0819269460398458E-4    7.336468830311532E-5     4.9480915923077556E-5    3.320105220098994E-5     2.2168003401141797E-5    1.4731752413830759E-5    9.745930682775525E-6     6.419732492166274E-6     4.211285804839146E-6     2.7516434063084667E-6    1.791104449257127E-6     1.1616332989599097E-6    7.507600980163176E-7     4.835914823228537E-7     3.104986220540549E-7     1.9874654729274978E-7    1.2683844772023936E-7    8.071672930563803E-8     5.122534848291851E-8     3.2423514312517495E-8    2.0470662497030562E-8    1.2892618031684509E-8    8.100774007557383E-9     5.0783778168072005E-9    3.176667309489673E-9     1.9828970658011036E-9    1.2352140367474408E-9    7.679417719215367E-10    4.765268730408568E-10    2.9515300753859926E-10   1.8248793655772684E-10   1.1263502836822356E-10   6.940476024142318E-11    4.269770788834461E-11    2.6226565448784667E-11   1.6084994543755397E-11   9.850612471419516E-12    6.024037852673711E-12    3.678856126718119E-12    2.2436562009363333E-12   1.366580507221871E-12    8.313154569945335E-13    5.050843009257562E-13    3.065097523083027E-13    1.8578967491969547E-13   1.1248887543697572E-13   6.803331486534965E-14    4.110272050373515E-14    2.4806684113233543E-14   1.4956430039880932E-14   9.008648792297036E-15    5.4209418215954386E-15   3.258991691666403E-15    1.957458507026132E-15    1.1746226337717677E-15   7.041079462166852E-16    4.2127837217597505E-16   2.50558742408415E-16     1.4503397709135032E-16   7.224246502798277E-17    0
% Data
% c (mol/m^3) @ t=400, u1=0.03, u2=0.05
1                         0.9906834391207427       0.978164754804947        0.961999814453796        0.9417978075844592       0.917250791524055        0.8881624895288153       0.8544738732507349       0.8162829727354516       0.7738565368055369       0.72763163913853         0.6782060781987832       0.6263173976594225       0.5728114614506559       0.5186026237831537       0.46462849139656937      0.4118029396483181       0.3609713032994696       0.312871459286539        0.2681038664142871       0.22711261545619962      0.19017832610715193      0.15742249558850377      0.12882185151974207      0.10423055362035774      0.08340784040062556      0.06604899533916829      0.05181835515853742      0.04038456614555875      0.03146056586057033      0.024854147609529212     0.019859680171599108     0.01574168133956547      0.012379385003702245     0.009660181746520488     0.007481410479483913     0.005751363374681009     0.004389621097288653     0.003326853752772426     0.0025042255791661045    0.0018725322723323538    0.0013911830798589997    0.001027119157420102     7.537381337125325E-4     5.498745162453635E-4     3.98867823740919E-4      2.877358038073812E-4     2.0645892115847518E-4    1.4737426453973138E-4    1.0467169672266745E-4    7.398194852000296E-5     5.20449142707306E-5      3.6446166849218276E-5    2.5410271613062044E-5    1.7640519621288743E-5    1.2195979626995547E-5    8.398115167221774E-6     5.760515234035253E-6     3.93647753138127E-6      2.680228525489457E-6     1.8184537778691525E-6    1.229549697593474E-6     8.286068631923939E-7     5.566127284835062E-7     3.7273642140866214E-7    2.488484686952835E-7     1.6564998460547442E-7    1.0995335928529973E-7    7.278171304031935E-8     4.804712032137355E-8     3.163567729045381E-8     2.0777042098979252E-8    1.3611878179889865E-8    8.896310701019234E-9     5.800802746598735E-9     3.773811361535352E-9     2.4496998540346726E-9    1.586762277677192E-9     1.025656515968581E-9     6.616175310073917E-10    4.25941644802628E-10     2.736865683059241E-10    1.7552485014591805E-10   1.1236374462051885E-10   7.180195490939991E-11    4.58023883823284E-11     2.916758257138451E-11    1.85434797253892E-11     1.1770040144123852E-11   7.45894498230874E-12     4.7196071790075765E-12   2.981802093256759E-12    1.881093857474533E-12    1.1849790161812563E-12   7.453688874433027E-13    4.680619874949489E-13    2.931223897384829E-13    1.8215662884374266E-13   1.0969414075064005E-13   5.6274441981716784E-14   0
% Data
% c (mol/m^3) @ t=500, u1=0.03, u2=0.05
1                         0.9944105838409775       0.9868647587694339       0.9770380489029673       0.9646107805476293       0.9492825590663572       0.9307882578299023       0.908914726877198        0.883517232036931        0.8545344904247072       0.8220011002245945       0.7860561929297338       0.7469472793698821       0.7050285212217414       0.6607530284113874       0.6146592361247191       0.5673519146545055       0.519478860814524        0.47170475479424256      0.4246839870415467       0.3790344244909437       0.33531407564071425      0.29400244281781435      0.25548806773474014      0.22006347179026567      0.18792849080922946      0.15920306513517657      0.13395106691082442      0.11221797005451253      0.09408740457542229      0.07976529357490376      0.06815181617900735      0.05785789536501216      0.04880846265046301      0.0409173631775855       0.034090961397698245     0.02823154461564391      0.02324038545593648      0.01902036842972024      0.015478128979210274     0.012525692012216138     0.010081628650331692     0.008071773573777263     0.006429560875441513     0.005096044440130354     0.004019670742967295     0.0031558690499626633    0.0024665177662539276    0.0019193374514972876    0.0014872519308531155    0.0011477498432226941    8.82270499874915E-4      6.756304599086468E-4     5.155009564358874E-4     3.9194127450761014E-4    2.969893308157956E-4     2.2430791307613153E-4    1.6888314656034255E-4    1.2677059859646646E-4    9.488384659681311E-5     7.082017459041454E-5     5.271820162363696E-5     3.914257983297162E-5     2.899134972695572E-5     2.1422044521241365E-5    1.579315070721055E-5     1.1618028918233743E-5    8.528859158341846E-6     6.2485874864332975E-6    4.569213245789027E-6     3.335066980018461E-6     2.429992038221009E-6     1.7675618558126788E-6    1.2836450648400857E-6    9.307771927735217E-7     6.739158339388918E-7     4.872505141593172E-7     3.518132030092999E-7     2.5369419882832265E-7    1.827140182005699E-7     1.3143755757439736E-7    9.444429931895042E-8     6.778945026778259E-8     4.860703148929479E-8     3.481820366464712E-8     2.491739890832713E-8     1.7815832351173793E-8    1.272722704695999E-8     9.084523162864089E-9     6.479279731739168E-9     4.617661469256561E-9     3.2885222344409804E-9    2.3402926934647918E-9    1.6642588076234E-9       1.1824570842008867E-9    8.38863255349542E-10     5.928346170022764E-10    4.1385646453885407E-10   2.764144504362109E-10    1.5290794837212568E-10   0
% Data
% c (mol/m^3) @ t=600, u1=0.03, u2=0.05
1                         0.9965081021486721       0.9917789507601289       0.9855848570073059       0.9776886878629655       0.9678505978484591       0.9558361405416226       0.9414255567605495       0.9244239192061384       0.9046716983664669       0.882055212408702        0.8565163464408705       0.828060885756448        0.7967648139895609       0.7627779882182906       0.7263247224734968       0.687700987104125        0.647268156607407        0.6054435002734768       0.5626878922246671       0.5194915034821003       0.47635851554374625      0.43379215858768877      0.39228163903353397      0.3522928140388444       0.31426485690008255      0.2786157358629816       0.24576024170851912      0.21614574004864487      0.19031304512133843      0.16899313292328294      0.15085654913494717      0.13396082635079207      0.11833088056864446      0.10397274772126369      0.09087465163010233      0.0790085854791651       0.06833229484679607      0.058791538405831525     0.05032250032407561      0.042854235054301276     0.0363110388259943       0.030614660615347157     0.025686286482846255     0.021448252904093152     0.017825465388410688     0.014746517017393067     0.012144516730396845     0.009957648849105325     0.008129493441976795     0.0066091419310058625    0.005351144274165049     0.0043153236570655       0.003466492469606814     0.0027740999791088395    0.0022118380333390635    0.0017572267472291954    0.0013911977690155397    0.0010976886201786273    8.632579140403142E-4     6.76728067296849E-4      5.288594598325031E-4     4.1205786285669166E-4    3.201153075396322E-4     2.4798335224187246E-4    1.915768637088096E-4     1.4760589158367178E-4    1.1343292407267582E-4    8.695270882023141E-5     6.649185740951123E-5     5.072558260705812E-5     3.8609110510668503E-5    2.932153838458336E-5     2.222015287291347E-5     1.6803467683015926E-5    1.2681474488769106E-5    9.551819119465314E-6     7.180813285589614E-6     5.388368459542885E-6     4.036092893750325E-6     3.0179259624001196E-6    2.252797548070786E-6     1.678895917945842E-6     1.2492074608020049E-6    9.280578111424929E-7     6.884382100162285E-7     5.099452362317087E-7     3.77197901080697E-7      2.7862495715225764E-7    2.0553835922804912E-7    1.5142718184437204E-7    1.1142082166591265E-7    8.188170773882696E-8     6.009655496801152E-8     4.4041764017780594E-8    3.2202901427921335E-8    2.3429636513046157E-8    1.6803938450977764E-8    1.1485124987633038E-8    6.456461666293148E-9     0
% Data
% c (mol/m^3) @ t=700, u1=0.03, u2=0.05
1                         0.9977516641044603       0.9946998471037024       0.9906864500260808       0.9855413025008873       0.9790850999094474       0.9711332654247706       0.9615007218048597       0.9500075022750507       0.9364850684762618       0.9207831399309825       0.9027767784602353       0.8823734179593093       0.8595194909036648       0.8342062840228515       0.8064746625500501       0.7764183404133643       0.7441854467749897       0.7099782505099693       0.6740510559213598       0.6367064777491346       0.598290545540792        0.5591873848121083       0.5198145901958449       0.48062086982561925      0.44208814177124617      0.40474106409895283      0.36916806741847724      0.3360594505974908       0.3062701494250796       0.28091758430695357      0.25860120567796185      0.23705454966618045      0.2163713191904112       0.1966332155908903       0.1779085024210155       0.16025098949744115      0.14369946719653964      0.1282775970097891       0.11399424115801408      0.10084419331150474      0.08880925551255442      0.07785959413829364      0.06795530057541195      0.05904808013932736      0.05108299519760448      0.04400019469451826      0.03773657138256209      0.032227299039683535     0.0274072138087403       0.023212015663590463     0.01957927716613388      0.016449256595155864     0.013765520853209442     0.011475390119173316     0.009530220989009864     0.007885547931959254     0.006501104465442365     0.00534074575359522      0.004372293620135316     0.0035673234956138844    0.002900910834960033     0.0023513522582160303    0.0018998742652162252    0.001530339996049994     0.001228962259329849     9.840290019939868E-4     7.856455911105835E-4     6.254967396456344E-4     4.966296356148188E-4     3.932588151119512E-4     3.105925328833955E-4     2.446798024402758E-4     1.9227687172913678E-4    1.507316404554807E-4     1.1788438300127692E-4    9.198309067286734E-5     7.161176599122618E-5     5.563007043531195E-5     4.312282932282264E-5     3.335802034042411E-5     2.5752005430531015E-5    1.984090159625595E-5     1.52571190970815E-5      1.1710221607693169E-5    8.971379725889309E-6     6.860795351869404E-6     5.237569346115891E-6     3.991568519766229E-6     3.0369208242718495E-6    2.3068302029056105E-6    1.7494555810595075E-6    1.3246422830407128E-6    1.001328370154331E-6     7.55470687623114E-7      5.683389494497106E-7     4.2499346642578374E-7    3.126504120675199E-7     2.1834557054900286E-7    1.2459052583254347E-7    0
% Data
% c (mol/m^3) @ t=800, u1=0.03, u2=0.05
1                         0.9985208067041256       0.9965095755163452       0.993856511015467        0.9904407783495334       0.9861316215430304       0.9807900477238208       0.9742711123210686       0.9664268166796453       0.9571096009803566       0.9461763829404828       0.9334930581828921       0.9189393437165787       0.9024138146059646       0.8838389591641125       0.8631660639992823       0.8403797416318145       0.8155019353940705       0.7885952848010297       0.7597658162954911       0.7291650473166273       0.6969917661204529       0.6634939888357612       0.6289719164170325       0.593783141156144        0.5583519171652823       0.5231850542067669       0.48889797476566615      0.45625576065867385      0.4262356944723996       0.4001199760653872       0.3765567635018274       0.3532046344201406       0.33017004406903305      0.30755768715814213      0.2854686298161791       0.26399849098472866      0.24323573880667645      0.2232601634271716       0.20414157993451026      0.18593880447126637      0.16869893362043953      0.15245694294902243      0.13723560606399773      0.12304572166193478      0.10988662367611592      0.0977469394089213       0.08660555292894327      0.07643272622761853      0.06719132866309338      0.05883812587051775      0.05132508223754764      0.04460063577820605      0.03861091028077098      0.033300836441762606     0.02861516084482778      0.024499328676420868     0.020900232644113854     0.01776682642010942      0.015050605902236155     0.012705965579710031     0.010690440295016637     0.008964844748057206     0.007493324279085067     0.006243330906672271     0.005185538415500509     0.004293709620345619     0.003544527907247154     0.0029174038899349567    0.002394266623681908     0.0019593473772867584    0.0015989625464737649    0.0013013009509877241    0.0010562195296164268    8.55050355025114E-4      6.904209448322998E-4     5.560890487741182E-4     4.4679243909841355E-4    3.5811371255017557E-4    2.863597143069381E-4     2.2845490210101965E-4    1.8184776703578746E-4    1.4442930105133903E-4    1.1446243529989753E-4    9.052135582427754E-5     7.143962137903237E-5     5.6266053068204887E-5    4.422742831309294E-5     3.4697085504357457E-5    2.716862459634492E-5     2.123396741171201E-5     1.6565113415791876E-5    1.2898982947889154E-5    1.0024762552578408E-5    7.773117396238111E-6     6.006425745912135E-6     4.608617591853108E-6     3.47179674265356E-6      2.4735173258089565E-6    1.4308971269918888E-6    0
% Data
% c (mol/m^3) @ t=900, u1=0.03, u2=0.05
1                         0.9990109730724854       0.9976643879067648       0.9958837392901584       0.993583452176224        0.9906691520338683       0.9870382664099028       0.9825809985078525       0.977181704988528        0.9707206986060218       0.9630764819959068       0.9541284025504998       0.9437597008659393       0.931860908209132        0.918333533847015        0.9030939735382862       0.8860775693495473       0.8672427623927403       0.8465753092477688       0.824092586102788        0.7998480898968635       0.7739363727823252       0.7464988272698427       0.7177309897934552       0.6878923693003492       0.6573202587003883       0.6264495800565636       0.595841585092945        0.5662252237036711       0.5385562544301101       0.5141007583969571       0.49163348299492227      0.4689358179999475       0.44609111800400797      0.42318730551660055      0.4003157499233141       0.3775700039894633       0.3550444292025645       0.33283274770465965      0.31102656342531315      0.2897138979039191       0.26897778693578966      0.24889498250021128      0.22953480050914715      0.21095814899306786      0.1932167637946449       0.17635267015427075      0.16039787928621901      0.14537431971741271      0.13129399431887387      0.11815934606171657      0.10596380893732149      0.09469251544338425      0.08432312868194318      0.07482676545434135      0.06616897668034312      0.058310752839329946     0.05120952469458869      0.04482013304405962      0.039095745355406074     0.03398870160910283      0.029451276232462013     0.025436347437091947     0.021897969391666463     0.01879184633633796      0.01607571088542943      0.013709611324274805     0.011656114674372957     0.009880433699027845     0.008350486893448432     0.007036900909371093     0.00591296487502257      0.0049545457612244215    0.004139973387691653     0.0034499029299882474    0.0028671619403200237    0.0023765879891518007    0.001964862115146126     0.0016203423744585272    0.0013329009344192342    0.0010937673803826976    8.95380210200136E-4      7.312478845112524E-4     5.958202841172313E-4     4.843709955370755E-4     3.928904970562659E-4     3.1799004264908173E-4    2.5681583095160806E-4    2.0697289013348695E-4    1.6645799344275117E-4    1.3360082483385364E-4    1.0701250625847352E-4    8.554041326261763E-5     6.822780684841921E-5     5.4275896934932045E-5    4.300385641463541E-5     3.379752266950692E-5     2.6026683919133943E-5    1.8886389542453217E-5    1.1062714456465645E-5    0
% Data
% c (mol/m^3) @ t=1000, u1=0.03, u2=0.05
1                         0.9993299162001167       0.9984165722237461       0.9972064196756567       0.9956388158260735       0.9936459242234581       0.9911528028475436       0.9880777138693372       0.984332687171922        0.9798243663717661       0.974455161250201        0.968124724534242        0.9607317643785144       0.9521761975339182       0.9423616432734292       0.9311982563912549       0.9186059012937506       0.9045176813637145       0.8888838622664345       0.8716762695749666       0.8528933061717026       0.8325658309824732       0.8107642771586274       0.7876075763969579       0.7632747106902784       0.7380200502386675       0.7121940764041824       0.6862716545799316       0.6608907399747034       0.6369052986872512       0.6154573380515205       0.5954884765369903       0.5750251817930362       0.5541172757774916       0.5328209273834312       0.511198347239319        0.4893173358429755       0.4672506845722636       0.44507543449111064      0.42287200352246546      0.40072319819137375      0.37871313142867374      0.3569260725461624       0.3354452591505943       0.31435170321042866      0.29372302455123656      0.2736323446451785       0.25414727168301154      0.2353290046731437       0.21723157988546324      0.19990127760146253      0.18337620114875117      0.1676860339150171       0.1528519737828469       0.13888683851063605      0.1257953302741703       0.11357444309212232      0.10221399333716912      0.09169725106646012      0.08200164850945059      0.07309954168733601      0.0649590017164364       0.057544613739600584     0.050818263480927724     0.044739893962257166     0.039268217785282146     0.03436137340879098      0.02997751688982791      0.026075343484843316     0.02261453622080881      0.019556140971072566     0.016862869655925733     0.014499334906396565     0.01243222087533089      0.010630395863279006     0.00906497307259771      0.007709326145862977     0.006539066224907711     0.005531987128509753     0.004667984934479211     0.00392895780857047      0.003298691388003531     0.0027627344367990624    0.002308268873902103     0.001923977657945196     0.0015999134133571561    0.0013273701137788238    0.0010987596049216917    9.074942430717264E-4     7.478764201111941E-4     6.149951736199401E-4     5.0462928833599E-4       4.1315494422135404E-4    3.374533099680883E-4     2.748078752690771E-4     2.2276914472337157E-4    1.7893763629127363E-4    1.4055750978264297E-4    1.0368443342797514E-4    6.140907699806783E-5     0
% Data
% c (mol/m^3) @ t=1100, u1=0.03, u2=0.05
1                         0.9995410838024389       0.9989149937573506       0.9980840780710154       0.9970052787031053       0.9956298941098883       0.9939034445881192       0.9917656657313991       0.989150656362236        0.9859872075722734       0.98219933924669         0.9777070698397379       0.9724274445389263       0.9662758468474902       0.9591676198411275       0.9510200270697488       0.9417545908579452       0.9312998597113354       0.9195946793972366       0.9065920775373476       0.8922639236340313       0.8766066008209109       0.859648028984175        0.8414565193429849       0.82215212775883         0.8019214192918707       0.7810368728938497       0.7598825573549214       0.7389882138950219       0.7190745042933114       0.7011129435631607       0.6842227123552308       0.6667284941982491       0.6486510178900472       0.6300165041077457       0.6108568293557539       0.5912096058703357       0.5711181661806183       0.550631442803734        0.5298037359470454       0.5086943650576133       0.4873672035111866       0.4658900995432461       0.44433419053116185      0.4227731217511343       0.4012821845530134       0.3799373923155852       0.358814515372608        0.3379880981707866       0.31753048310916654      0.29751086573782937      0.27799440523933816      0.2590414124119297       0.24070663480496016      0.22303865535703613      0.2060794170247975       0.18986388165940096      0.1744198269938651       0.15976778125152238      0.1459210907640685       0.1328861122632766       0.1206625183176377       0.10924370182137558      0.09861726356672165      0.0887655657607262       0.0796663338692134       0.07129328933581265      0.06361679646143314      0.05660450794906909      0.05022199521916664      0.044433351476104596     0.03920175755214888      0.03449000267341249      0.030260954395034134     0.026477973965117804     0.023105275238693355     0.02010822692896277      0.017453599423124872     0.015109758587650292     0.013046809938762028     0.011236697264106695     0.00965326026536561      0.008272256068914166     0.007071349546136494     0.0060300773209845575    0.005129790141514614     0.004353577968021672     0.0036861816784978744    0.003113894669511616     0.0026244567128506846    0.0022069409170800006    0.00185163186659847      0.0015498874921293971    0.001293965754855216     0.0010767728564328402    8.914374456534517E-4     7.305029790500913E-4     5.84288914622837E-4      4.374528461548006E-4     2.616739933387188E-4     0
% Data
% c (mol/m^3) @ t=1200, u1=0.03, u2=0.05
1                         0.9996828715933964       0.9992498861360071       0.9986744548081424       0.9979259312137119       0.9969693452788092       0.9957651908265591       0.9942692850472923       0.9924327198903931       0.9902019271314815       0.9875188805818386       0.9843214607479296       0.9805440094641718       0.9761181049991136       0.9709735924446355       0.9650399106445495       0.9582477666014435       0.9505312226789561       0.9418302828901027       0.932094094555012        0.9212849236652649       0.9093831201631588       0.8963933675992728       0.8823526157353275       0.867340231042558        0.8514910761393963       0.8350124534238393       0.818206129762796        0.8014970080218874       0.7854704376209485       0.770920669980075        0.7571355263209238       0.7427416807071535       0.7277399768844095       0.7121350383482339       0.6959355874063439       0.6791547359575155       0.6618102380393985       0.6439246939422323       0.6255256957718607       0.6066459048215529       0.5873230520115692       0.5675998539928893       0.5475238392792883       0.5271470809372093       0.5065258348669957       0.4857200854685651       0.46479300339431645      0.44381032302992973      0.4228396501775762       0.40194971301126414      0.381209571602009        0.36068780305687037      0.3404516804881134       0.32056636456221616      0.301094126240763        0.2820936185182807       0.2636192135215276       0.24572041932779554      0.22844138838030828      0.21182052654137573      0.19589020875653013      0.1806766041391395       0.1661996101567654       0.15247289263075434      0.13950402555733493      0.127294722410545        0.11584114866083378      0.10513430378043492      0.09516046002588785      0.08590164478517157      0.07733615322749617      0.06943907835681852      0.0621828462916068       0.0555377456103981       0.049472440847487975     0.043954461626718386     0.038950660416932445     0.03442763341816225      0.03035210058771176      0.026691242242751705     0.023412990992136756     0.020486278924189343     0.017881240984632438     0.015569376297242966     0.013523669780404854     0.011718676743549226     0.01013057309796002      0.00873717314383221      0.007517915069241418     0.006453810169458882     0.005527342906527462     0.004722290034509768     0.004023386981052771     0.0034156849370928794    0.0028832629255419336    0.0024065807608017677    0.001956961232848368     0.0014850118138928993    8.962730691136557E-4     0
% Data
% c (mol/m^3) @ t=0, u1=0.05, u2=0.01
1                         -5.672732969867393E-8    3.4412341060480804E-15   4.7990695035817477E-20   8.009901849351551E-26    1.0236269825679795E-31   1.1689697273466693E-37   1.2541942007527927E-43   1.29319615921234E-49     1.2971711273413459E-55   1.2750964098618693E-61   1.234131299349782E-67    1.1799489050910759E-73   1.1170108771031006E-79   1.0487944867291647E-85   9.779799986132653E-92    9.066049837964588E-98    8.361911425132644E-104   7.678482961521851E-110   7.023594438388956E-116   6.402501374442435E-122   5.818448902477433E-128   5.273128827616715E-134   4.767048505887434E-140   4.299827220737875E-146   3.870433081180722E-152   3.4773712461745077E-158  3.1188324258909585E-164  2.7928090631714348E-170  2.497185308263414E-176   2.215135595307267E-182   1.575207393422163E-188   1.1188225881034041E-194  7.937877513899005E-201   5.6259733755273315E-207  3.9835354817001485E-213  2.8180104667935056E-219  1.9917846556554633E-225  1.4066597706255557E-231  9.926633017359825E-238   7.00001303357764E-244    4.9328294434101254E-250  3.473832414738174E-256   2.444844059689245E-262   1.719633956954876E-268   1.2088586002077635E-274  8.49338678698063E-281    5.964344350345944E-287   4.186303769458355E-293   2.9369338889268393E-299  2.0594990996181912E-305  1.4435808672963E-311     1.001439E-317            4.9E-324                 0                        0                        0                        0                        0                        0                        0                        0                        0                        0                        0                        0                        0                        0                        0                        0                        0                        0                        0                        0                        0                        0                        0                        0                        0                        0                        0                        0                        0                        0                        0                        0                        0                        0                        0                        0                        0                        0                        0                        0                        0                        0                        0                        0                        0                        0                        0
% Data
% c (mol/m^3) @ t=100, u1=0.05, u2=0.01
1                         0.9656881255471028       0.9132847261683886       0.8415363061625021       0.7517145725442033       0.647912551767426        0.5366497837769436       0.4257612917166664       0.3228360707569089       0.2337119178248799       0.16154938332257393      0.10674402926030407      0.06755197460372797      0.041046893762842665     0.024016634248053465     0.013571978958974273     0.00742999656805993      0.0039520837666526115    0.002048181267133242     0.0010369245665156823    5.140507894065348E-4     2.5009126616351476E-4    1.1964373530148304E-4    5.638472045870747E-5     2.6218930832078438E-5    1.2047006118380152E-5    5.476615261940534E-6     2.4659469051975473E-6    1.1001479991608298E-6    4.837554063748207E-7     1.975224256161352E-7     7.111368568702961E-8     2.545560670892185E-8     9.06510897406173E-9      3.2133293418942776E-9    1.1343182219260357E-9    3.9892561331907423E-10   1.398248530144378E-10    4.8859761025138566E-11   1.7026105884843572E-11   5.918128916187558E-12    2.05236276151269E-12     7.102463743915844E-13    2.453150448439801E-13    8.457974609990276E-14    2.911354945302631E-14    1.0006075339924676E-14   3.43415542703413E-15     1.1770816845536354E-15   4.02960438821995E-16     1.377914687749025E-16    4.706716456314361E-17    1.6061211954245478E-17   5.475570561039326E-18    1.8650701817775433E-18   6.347425726961617E-19    2.158523779725578E-19    7.334851099052304E-20    2.4906807546407612E-20   8.451871144250062E-21    2.8662249627418158E-21   9.714127274254E-22       3.2903792320271444E-22   1.1139057407427153E-22   3.768965186315476E-23    1.2746095240905064E-23   4.3084696113624806E-24   1.4556891249489022E-24   4.916118039708831E-25    1.6595557676132466E-25   5.599956310893869E-26    1.8888940038315828E-26   6.368940948334754E-27    2.1466917952093057E-27   7.2330392854324E-28      2.436273837653243E-28    8.203340372900159E-29    2.7613384710308536E-29   9.292177808308172E-30    3.1259985533554756E-30   1.0513265748703152E-30   3.534826718586546E-31    1.1881849499204496E-31   3.9929054809729727E-32   1.341487221604901E-32    4.505882697210676E-33    1.5131159423107822E-33   5.080032951006708E-34    1.7051623217980015E-34   5.722325483409399E-35    1.9199488237352695E-35   6.440499351200118E-36    2.1600541467196236E-36   7.24314589731396E-37     2.4283385742954725E-37   8.13972328226381E-38     2.7277147260173073E-38   9.1319428444336E-39      3.0319533938432554E-39   9.233833038482606E-40    0
% Data
% c (mol/m^3) @ t=200, u1=0.05, u2=0.01
1                         0.9920263987459036       0.9793573937139263       0.9607424404134242       0.9349945468230987       0.9011403496323827       0.858581457038037        0.8072420717460601       0.7476739957159011       0.6810920728050333       0.6093221036352013       0.5346585589871492       0.4596480702047265       0.38683189192669626      0.31849101808257346      0.25643758626659785      0.20188513522625567      0.15541155277371285      0.11700813996755803      0.08619219180046138      0.06215263791181823      0.04389905244926186      0.030391421083521913     0.020637900817932386     0.013757184301862293     0.009008959307755108     0.00579967663079998      0.0036717348427873367    0.002282979299047338     0.0013805687334639614    7.682181475663813E-4     3.837463024859021E-4     1.8898247055544183E-4    9.18254993809711E-5      4.405471031782211E-5     2.0883787167420947E-5    9.788001110872193E-6     4.538449669191627E-6     2.083018291059373E-6     9.468423389588327E-7     4.264549801971587E-7     1.9040468290837285E-7    8.430941527612831E-8     3.703750679125281E-8     1.614867199492272E-8     6.990581203177746E-9     3.0054792026580212E-9    1.2837249231270213E-9    5.448961748312982E-10    2.2990970987628548E-10   9.645259013630194E-11    4.024280921844461E-11    1.6702414991649895E-11   6.897314221454355E-12    2.834513190333654E-12    1.1594654126253642E-12   4.721680004603036E-13    1.9145605810561546E-13   7.731182311704478E-14    3.109522499500662E-14    1.2458787627292702E-14   4.9733867369401694E-15   1.978245150832324E-15    7.841761790542056E-16    3.0981640643460477E-16   1.2201170328692322E-16   4.790177610780306E-17    1.8749916061446906E-17   7.31791040058117E-18     2.8481011515588377E-18   1.1054598353763899E-18   4.279437675967619E-19    1.6524256600353017E-19   6.364765471464065E-20    2.4456845309243603E-20   9.375770133439815E-21    3.5861757730191416E-21   1.3686824199377312E-21   5.212517444341355E-22    1.9810351522610477E-22   7.513836358067278E-23    2.844331679618382E-23    1.0746593438037019E-23   4.052804877245181E-24    1.5256546356543029E-24   5.733145808268061E-25    2.1507292386417516E-25   8.054777266451267E-26    3.011720894393886E-26    1.1243123375321556E-26   4.19070741543124E-27     1.5596683089825924E-27   5.796122300615684E-28    2.150891057401782E-28    7.970558343619234E-29    2.9495472186806686E-29   1.089858461670175E-29    4.016345482765291E-30    1.4616024264991019E-30   4.803188562619214E-31    0
% Data
% c (mol/m^3) @ t=300, u1=0.05, u2=0.01
1                         0.9976390736473341       0.9938283453720789       0.9880724541808794       0.9798018644063752       0.9683918009938068       0.9531929031559717       0.9335736102530634       0.9089725623663687       0.8789572838664066       0.84328343123183         0.801947343979294        0.7552239939892729       0.7036830631485561       0.648177966439152        0.5898060363418677       0.5298422949281189       0.4696534664077897       0.4106022101349605       0.35395319982204676      0.30079223178387493      0.2519671164478849       0.20805527103300714      0.16935853964561814      0.13592164863877632      0.10756734954914648      0.08393855769090287      0.06453449226316117      0.04872105024807197      0.035679078840043676     0.024214343723144453     0.015107135427964442     0.009296158701527125     0.0056461562226487955    0.003387111145915612     0.0020082437623261977    0.0011775564551641709    6.832484850892511E-4     3.9250629218905484E-4    2.2336324761913472E-4    1.25975917267971E-4      7.044914520790882E-5     3.908109262817888E-5     2.151494085354114E-5     1.1758874281217797E-5    6.382687696063454E-6     3.441952297796364E-6     1.844642384434512E-6     9.827890309090078E-7     5.206865675499066E-7     2.7439771538340194E-7    1.4387524065992295E-7    7.507584225547426E-8     3.89963664271743E-8      2.0167565482406412E-8    1.0386723847253048E-8    5.328253728509357E-9     2.723034739344526E-9     1.3866275382350398E-9    7.03683011025581E-10     3.5593711593778736E-10   1.794787967074669E-10    9.023144744332414E-11    4.523406221252012E-11    2.26147126559661E-11     1.1276813789164373E-11   5.609199815286626E-12    2.783436572547557E-12    1.3780722752955195E-12   6.80792812440826E-13     3.356217767743397E-13    1.6512597049611857E-13   8.108615001140186E-14    3.9744605221721835E-14   1.9446541140071092E-14   9.49882913902513E-15     4.6322357956907744E-15   2.2554438926465935E-15   1.0965305828343628E-15   5.323314329297715E-16    2.5807159150273667E-16   1.2494473624293476E-16   6.041395645477256E-17    2.917554642120935E-17    1.4072881240452924E-17   6.780291085916772E-18    3.26312023506776E-18     1.5687529298818216E-18   7.534063981729968E-19    3.6147074147115833E-19   1.7326114842150574E-19   8.297127629202748E-20    3.969777339517185E-20    1.897695891756461E-20    9.0637340353157E-21      4.324608246853973E-21    2.059649717813937E-21    9.75081163652826E-22     4.491694208360812E-22    1.7792483407502013E-22   0
% Data
% c (mol/m^3) @ t=400, u1=0.05, u2=0.01
1                         0.9992023013583028       0.9979047615269329       0.9959182785134452       0.9930104310732671       0.9889038384713639       0.9832773797683749       0.9757711145889472       0.9659956167409107       0.9535461654000132       0.9380218288185977       0.9190489373250045       0.8963078173205549       0.869561015962443        0.8386806812739723       0.803672381553302        0.7646925531457204       0.7220570310013964       0.6762387643936322       0.6278538020833238       0.577635817100807        0.5264006198899519       0.4750029910169712       0.4242883727457098       0.3750409580956907       0.32792662420348945      0.28342230317665784      0.24170939614525788      0.20248084374669725      0.16455565123418148      0.12508376438731655      0.08883602615206199      0.06221266201900815      0.042984583101523276     0.029317339072853887     0.019748722720220584     0.013145350695456259     0.00865030959629005      0.005630108564072315     0.0036259247167166123    0.002311644568384742     0.0014594838334934961    9.128968398807118E-4     5.659125230564364E-4     3.478052202113549E-4     2.119968116559508E-4     1.2819460484284992E-4    7.692930981382167E-5     4.582727852244465E-5     2.7107480326563293E-5    1.5925910797681593E-5    9.295684204057223E-6     5.391719186613463E-6     3.1084511044236423E-6    1.7816776946949664E-6    1.0154899939123755E-6    5.756684905925545E-7     3.2464184773991E-7       1.8215995906943565E-7    1.0171740142193273E-7    5.653346799504516E-8     3.127914617497906E-8     1.7231012562515964E-8    9.452314516169836E-9     5.164151658815029E-9     2.8102995133988977E-9    1.5235468905031715E-9    8.229302503153796E-10    4.4292103609235405E-10   2.375721763333151E-10    1.270043708292881E-10    6.767705278234732E-11    3.595074236241551E-11    1.9039701152932824E-11   1.0053996075765144E-11   5.293982122835699E-12    2.779897054426335E-12    1.4558387513006717E-12   7.604498632707035E-13    3.962175766440528E-13    2.0593707655501916E-13   1.0678336446611393E-13   5.52421207440634E-14     2.851432509177399E-14    1.4686189549607108E-14   7.548048757628395E-15    3.871373659879077E-15    1.981639632412755E-15    1.0123645922194812E-15   5.1620775533355955E-16   2.627297118091262E-16    1.3347862637835354E-16   6.769416237032625E-17    3.42721750221396E-17     1.732115574622344E-17    8.737001348019766E-18    4.393494368941611E-18    2.1910486317318324E-18   1.0575195973397223E-18   4.33657376551404E-19     0
% Data
% c (mol/m^3) @ t=500, u1=0.05, u2=0.01
1                         0.9997148541378789       0.999248698997555        0.9985287772942931       0.997462283389835        0.9959334406124857       0.9938009585536904       0.9908961931097634       0.9870223805884621       0.9819553441079157       0.9754460648926021       0.9672254624057569       0.9570116271149123       0.9445195936979066       0.9294735323343101       0.9116209805984389       0.8907484554366473       0.8666974969284942       0.8393799271677583       0.8087908736670821       0.7750178949232638       0.7382442854176503       0.6987441449335925       0.6568656802000105       0.6129966886159823       0.5675007689022302       0.5206017185390363       0.4721716065549832       0.42133551869365765      0.36572526443851605      0.3000631713131331       0.23317853757174953      0.17884006282600579      0.13543606189843554      0.1013177326399702       0.0749035279736619       0.05474752761761465      0.03957744049046635      0.028308910122664146     0.020042776876187517     0.014051241606882852     0.00975780316211115      0.006714661347664558     0.004580160998430418     0.003097900835664021     0.002078383670991045     0.0013835423573343832    9.141146081128007E-4     5.99624156575405E-4      3.9061839334141523E-4    2.527797296088214E-4     1.6254171767050073E-4    1.0388044822598846E-4    6.600226697002089E-5     4.170096765970595E-5     2.6205859931894804E-5    1.638381935472776E-5     1.0192778478453997E-5    6.311373264375141E-6     3.890443712001643E-6     2.387842281678313E-6     1.4595796532599114E-6    8.886839359529074E-7     5.39067676109402E-7      3.258308400643618E-7     1.9627637806005474E-7    1.1785348416104575E-7    7.054798231500419E-8     4.2107696559020845E-8    2.5063272600892195E-8    1.487907622274667E-8     8.811227115113688E-9     5.20567780002899E-9      3.0687024829637226E-9    1.8051903548417404E-9    1.0598247092151018E-9    6.21066363700236E-10     3.6331478419639287E-10   2.1218538126155682E-10   1.23731279992763E-10     7.204729219825962E-11    4.1895804381037247E-11   2.4331948664190985E-11   1.4114767061827299E-11   8.178924723349379E-12    4.734540592622686E-12    2.7381067099086132E-12   1.582136151720587E-12    9.134540077283584E-13    5.269937952224628E-13    3.0382595498472503E-13   1.7505160690941238E-13   1.0079594879707323E-13   5.800266897185006E-14    3.335050881142803E-14    1.91465599291846E-14     1.0946750277608557E-14   6.17623818005649E-15     3.3259285205282184E-15   1.4764576415881407E-15   0
% Data
% c (mol/m^3) @ t=600, u1=0.05, u2=0.01
1                         0.9998985248811659       0.9997319221278045       0.9994727140524098       0.9990848487478059       0.9985218688243985       0.9977249466789397       0.99662086646331         0.9951200673321459       0.9931148992988061       0.9904782789377319       0.9870629628003613       0.9827016761130496       0.9772083364260661       0.9703805889688633       0.9620038146027494       0.9518566737829002       0.9397181001203152       0.925375438458181        0.9086331042109586       0.8893206614744168       0.867298452478187        0.8424576134092863       0.8147090049253791       0.7839513711944347       0.7500012561107602       0.7124528166404955       0.6704092124005744       0.6219789456800487       0.5633430457332904       0.4870417904910701       0.403159888921137        0.3297732503871602       0.26664296269134313      0.21319107648046678      0.16860780600677264      0.13194700361063408      0.10220586339665114      0.07838724722187336      0.05954493166945866      0.04481339964197357      0.03342457920996175      0.024714252778744564     0.01812083359774904      0.013178948773497519     0.009509880419749627     0.006810480933103242     0.004841753026667175     0.0034179067501693495    0.002396392852074946     0.0016691695638288654    0.0011552842645372353    7.947334278536982E-4     5.434924992409088E-4     3.695705166516941E-4     2.499321092138878E-4     1.6813346102144403E-4    1.1253228929408177E-4    7.495002983901825E-5     4.9683953542633476E-5    3.2785780487359325E-5    2.154034786111343E-5     1.4092496472635496E-5    9.18245815978791E-6      5.959792629009003E-6     3.853608056872756E-6     2.482726651176759E-6     1.5939467774813814E-6    1.0199026280997582E-6    6.504860145683351E-7     4.135842043753297E-7     2.6217246650740023E-7    1.657127488337672E-7     1.044521055528956E-7     6.566226858628135E-8     4.117136282636814E-8     2.575116615661724E-8     1.6067965479306084E-8    1.0002894886428745E-8    6.21338632628735E-9      3.851274056434141E-9     2.3822541877565228E-9    1.4706598652836062E-9    9.06167367308572E-10     5.573229907624678E-10    3.42166105962612E-10     2.0971353560491617E-10   1.2832231712921915E-10   7.839525967563794E-11    4.782043530665034E-11    2.9126982177685236E-11   1.771550075293077E-11    1.0759535030786107E-11   6.525110717528534E-12    3.950073377607042E-12    2.384477163182466E-12    1.4305231144751183E-12   8.437728704820355E-13    4.717595970792865E-13    2.1492394591193545E-13   0
% Data
% c (mol/m^3) @ t=700, u1=0.05, u2=0.01
1                         0.9999628762077104       0.9999017382270285       0.9998061110870542       0.9996619875411045       0.9994509239407618       0.9991489924319785       0.9987255952464758       0.9981421588378789       0.9973507407075564       0.9962925996305635       0.9948967997078735       0.9930789385176907       0.9907401067822127       0.9877661969813222       0.9840276744120868       0.9793798956512593       0.9736639890247155       0.9667081707186299       0.9583291087602143       0.9483324771080899       0.9365110056773445       0.9226368454823833       0.9064424216359729       0.8875792296100248       0.86553562192746         0.8394796692161859       0.8079666250391414       0.7684035646807079       0.716081043800786        0.6424364537880306       0.5565548435901221       0.4770063289359768       0.4045579391226578       0.3396106981069224       0.28224793225853634      0.2322920412756775       0.18936413024108945      0.15294192967767045      0.12241261809993234      0.0971183538176844       0.07639340385999702      0.05959265408128791      0.04611196127518218      0.035401263237639015     0.026971617255912125     0.020397426585200135     0.015315079173052191     0.011419103887748193     0.008456782857408708     0.0062219733353740285    0.004548710175227574     0.0033049946010391597    0.002387034310862283     0.0017140869925272653    0.0012239735406533898    8.692659424025458E-4     6.14114106877414E-4      4.3165164401764354E-4    3.0190870552047666E-4    2.1015690194142243E-4    1.4561403862758636E-4    1.004426431014575E-4     6.898426201887244E-5     4.718007750895374E-5     3.213673948877741E-5     2.180396203761129E-5     1.4737150847695788E-5    9.924037909358104E-6     6.659024185228863E-6     4.452755808151197E-6     2.967498023918356E-6     1.971246024588281E-6     1.3053412359627971E-6    8.617526217310315E-7     5.672278275031921E-7     3.722960416914699E-7     2.436764328383676E-7     1.590632225400993E-7     1.0356018106952252E-7    6.725382657563386E-8     4.356879749624768E-8     2.8157919770182002E-8    1.815611426920487E-8     1.1680796012511874E-8    7.498561521918939E-9     4.803604316418652E-9     3.0709090056580864E-9    1.959307706713865E-9     1.2476656815619543E-9    7.930027308726014E-10    5.030906759364329E-10    3.185734190638594E-10    2.0133148302428706E-10   1.2692858129567814E-10   7.971773203718233E-11    4.9673061474783193E-11   3.033424990888017E-11    1.7459129730624545E-11   8.112630854496602E-12    0
% Data
% c (mol/m^3) @ t=800, u1=0.05, u2=0.01
1                         0.999985894539275        0.9999626181392297       0.9999260849382617       0.9998707648677619       0.9997892753684668       0.9996718884356415       0.999505945043089        0.9992751714777277       0.9989588958246381       0.9985311677970988       0.9979597910701554       0.9972052835494204       0.9962197860833565       0.9949459411182386       0.9933157544369927       0.9912494260563571       0.9886540741076013       0.9854221491973953       0.9814290956677756       0.9765293714662622       0.970549134079           0.9632724628283398       0.9544154392528218       0.9435779110892076       0.9301548636255216       0.9131754785537867       0.8910137718111704       0.8608725386391937       0.8178689962358641       0.7534231922895502       0.6747584217835495       0.5985958472737741       0.5260780094563156       0.4580972950727798       0.395294380529401        0.3380698646301773       0.2866061352390078       0.2408963322536859       0.20077737077728786      0.16596430806939153      0.1360838023119375       0.11070494884699027      0.08936632781077106      0.07159860701637276      0.056942481927507844     0.044962082034312664     0.035254224357700065     0.027454054795641624     0.02123769814478062      0.016322553314298386     0.012465838195186528     0.009461924856658331     0.007138924209234959     0.0053548912980748       0.00399393636249213      0.0029624483565957637    0.002185570030048798     0.0016040082787025696    0.001171220261111268     8.509837804533312E-4     6.1533815987914E-4       4.428675725924241E-4     3.1729079772953723E-4    2.263180656535858E-4     1.6073565256625625E-4    1.1368105240518509E-4    8.007500850725594E-5     5.618076862375273E-5     3.926516807305163E-5     2.7340237912073413E-5    1.896779080961027E-5     1.3112759902392482E-5    9.033921874430413E-6     6.203033360939192E-6     4.245383587372569E-6     2.8963634294435087E-6    1.969924438218492E-6     1.335803049703443E-6     9.031637375554412E-7     6.089133912914634E-7     4.09394739164359E-7      2.7451014666396196E-7    1.8358393899987967E-7    1.2246186447387463E-7    8.148651932894197E-8     5.409003232879779E-8     3.5819713386345264E-8    2.3666055773818148E-8    1.5600985895565437E-8    1.026171492872299E-8     6.7350250556109226E-9    4.410568270982009E-9     2.881406808469428E-9     1.876767026227459E-9     1.2166651090433028E-9    7.813005502988347E-10    4.903308989265226E-10    2.886369745656552E-10    1.3616320380713181E-10   0
% Data
% c (mol/m^3) @ t=900, u1=0.05, u2=0.01
1                         0.9999945887402438       0.9999856460023268       0.9999715740309667       0.999950191179863        0.9999185554558081       0.9998727455332928       0.9998075921754337       0.9997163526988926       0.999590320983167        0.999418365452088        0.999186387159867        0.9988766889436961       0.9984672432398809       0.9979308380829786       0.9972340633784477       0.9963360643931412       0.9951869216615391       0.9937253899123015       0.9918754971588605       0.9895410883912079       0.9865966563560538       0.982871491381606        0.97812188081626         0.9719820645700513       0.9638776394927624       0.9528729103363621       0.9374025205059946       0.9148010163063672       0.88048049825556         0.8264966667359509       0.7582885992866076       0.6899820802016209       0.6226813993564311       0.5573671826964441       0.49487274211404203      0.4358702060156945       0.38086588860753484      0.3302038406532155       0.28407616540819364      0.24253848453229443      0.20552888888855989      0.17288878578374625      0.1443842278807797       0.11972654738197502      0.09859139067640114      0.08063552569585357      0.06551105449309602      0.05287689118517847      0.04240755091262151      0.033799435097509725     0.026774892946543904     0.021084393148410305     0.016507159507117057     0.012850617288752237     0.009948970879583512     0.007661194916331359     0.005868676305384294     0.004472698232761054     0.003391912867321387     0.002559909301153427     0.0019229486810224503    0.0014379099943270467    0.001070467522685887     7.935041066460789E-4     5.857523792635244E-4     4.306482192841253E-4     3.153760279275062E-4     2.3008327948626593E-4    1.6724145728713927E-4    1.2113139300457954E-4    8.743272024585383E-5     6.289927927926575E-5     4.510460844838102E-5     3.2243947317686713E-5    2.298133817433099E-5     1.6332376133395306E-5    1.1574889728573902E-5    8.181324822964892E-6     5.767863043883857E-6     4.056350047615833E-6     2.845962444052569E-6     1.992230808405505E-6     1.3915852207023956E-6    9.700228390309266E-7     6.748352955759286E-7     4.6859558697664686E-7    3.248051907655039E-7     2.2475531715763594E-7    1.5527206607906056E-7    1.0710230403450907E-7    7.376205518326565E-8     5.0717414413344637E-8    3.4803551203780666E-8    2.3813442813026326E-8    1.6206957150713436E-8    1.0904604250572549E-8    7.140022550432254E-9     4.352016788034869E-9     2.1013617383474244E-9    0
% Data
% c (mol/m^3) @ t=1000, u1=0.05, u2=0.01
1                         0.9999983875046731       0.999995714488596        0.9999914861096397       0.9999850150401338       0.999975356525998        0.999961224405584        0.9999408833233847       0.9999120113468224       0.9998715258940571       0.9998153641235015       0.999738206362927        0.999633127084189        0.9994911510836835       0.9993006805743146       0.9990467376219646       0.9987099282650581       0.998264966489049        0.9976784747473754       0.9969055623695485       0.9958843034589571       0.9945265694656574       0.9927025068102363       0.9902139206300764       0.9867482992638238       0.9817990975820857       0.974527302930695        0.9635209742276399       0.9463777381490233       0.9189804079639594       0.8742411226818894       0.8162111820056428       0.7565787881320911       0.696261867122964        0.6361422515414085       0.5770376024464763       0.5196787765800991       0.4646932597687853       0.412594841028597        0.3637792998541984       0.3185255473433656       0.2770014159641707       0.23927313883448742      0.20531749440461408      0.17503560637606422      0.14826746663025045      0.12480637337210711      0.10441262963990999      0.08682601208508045      0.07177668228552804      0.05899436185578257      0.04821572076421575      0.03919003139485461      0.03168321772628493      0.025480480568647823     0.020387708766451778     0.016231896305114075     0.01286078045901749      0.010141900588106514     0.00796125469845486      0.006221704665886256     0.004841253683102651     0.003751292981375043     0.002894890540150247     0.0022251731447195957    0.0017038351646784708    0.001299792856533534     9.879916622190037E-4     7.483655529093201E-4     5.649415463577461E-4     4.250786713505215E-4     3.188284410168761E-4     2.3840293947831716E-4    1.777365848832601E-4     1.3212822266121628E-4    9.795119737084998E-5     7.242027258599195E-5     5.340558382160856E-5     3.92851256323178E-5      2.8828527753489753E-5    2.1106027746952645E-5    1.5417578550583653E-5    1.123793129090274E-5     8.174308446518538E-6     5.933937529967562E-6     4.2992618551159E-6       3.1090952478666365E-6    2.2443546679428117E-6    1.6173011045212687E-6    1.1634562918572066E-6    8.355510393571061E-7     5.990092329971657E-7     4.2858747118230853E-7    3.0588023223263144E-7    2.1746967981268507E-7    1.5355192658017177E-7    1.069111209543059E-7     7.214161240959605E-8     4.5038452612009397E-8    2.208863382631206E-8     0
% Data
% c (mol/m^3) @ t=1100, u1=0.05, u2=0.01
1                         0.9999996843967643       0.9999991564828903       0.9999983085268637       0.9999969843136419       0.9999949590996443       0.9999919119349558       0.9999873876644231       0.9999807449939345       0.9999710857071619       0.9999571582200775       0.9999372257766563       0.999908885030246        0.9998688133001739       0.9998124102837106       0.9997332786385242       0.9996224509648364       0.9994672066664253       0.9992492106834484       0.9989415119639422       0.9985036017582705       0.997873144766475        0.9969519771814924       0.9955821989749275       0.9935051275283364       0.99029058230085         0.9852148039012795       0.9770494529400781       0.9636966990320782       0.941557939047565        0.9044415208921918       0.8553914691585753       0.8040230352928777       0.7510278336660582       0.6971117619772671       0.6429714022853623       0.5892724038894206       0.5366307641344461       0.48559766895224904      0.4366482830911519       0.39017461290702204      0.34648232150351793      0.3057911716456543       0.2682386157417134       0.2338859485093055       0.20272638607733842      0.17469443059228695      0.1496759143509781       0.12751818279379964      0.1080399614636544       0.0910405487067724       0.07630807497034284      0.06362666409635157      0.05278241686306086      0.04356820883538798      0.03578735166983747      0.029256209108749567     0.023805886822108623     0.019283130612597486     0.01555057234947798      0.01248645958776657      0.009983995385755891     0.007950401402209048     0.006305801703156264     0.004982008278658545     0.003921273165953606     0.00307505708123873      0.0024028510794364207    0.0018710762554661612    0.001452076952439619     0.0011232152959733091    8.660689809400016E-4     6.657298931833696E-4     5.101981234500376E-4     3.8986398936086044E-4    2.970696003230456E-4     2.2574107778192219E-4    1.7108260360985383E-4    1.293238657149258E-4     9.751308309529842E-5     7.334852941594224E-5     5.504226444028279E-5     4.121057541737243E-5     3.078639084212289E-5     2.2949634557612195E-5    1.70721263542181E-5      1.2674200633491294E-5    9.390707042869073E-6     6.944479376046404E-6     5.1257167220864475E-6    3.7760202229839078E-6    2.7760766747765232E-6    2.036183306507358E-6     1.4889726881809134E-6    1.083828485151606E-6     7.825865053684338E-7     5.561950519189384E-7     3.8206681121341393E-7    2.4189297292955004E-7    1.19709126234507E-7      0
% Data
% c (mol/m^3) @ t=1200, u1=0.05, u2=0.01
1                         1.0000000314009703       1.0000000798734283       1.0000001468196098       1.0000002291505776       1.0000003148673458       1.000000375882599        1.0000003566732396       1.000000156678338        0.9999996033299796       0.9999984110076827       0.9999961186667774       0.9999919947623154       0.9999848912549079       0.9999730170024699       0.9999535813413634       0.9999222252900929       0.9998721004174501       0.9997923564101528       0.9996656272764773       0.9994638101694379       0.9991409186826647       0.998620906109334        0.9977768199781208       0.9963949935208011       0.9941133821938021       0.990315192455152        0.9839451614204677       0.9731919557470402       0.9549387495103192       0.9238122377794089       0.882159500283998        0.8379530882164937       0.7916849232174817       0.7438836912410814       0.6950980733874017       0.6458799529325043       0.5967683806692996       0.5482749848814467       0.5008713811925374       0.4549789836169601       0.41096145439409626      0.36911986898889115      0.3296905247416817       0.29284519546308874      0.25869353547005064      0.22728726798801357      0.1986257546912947       0.17266253334992926      0.14931242530268485      0.12845884885809564      0.10996102327302985      0.09366080519232199      0.07938896028770362      0.06697073296481271      0.056230632973161124     0.04699640708978367      0.03910220523625026      0.032390982766870545     0.026716204279279163     0.021942929737713487     0.01794837193079516      0.014622016495830113     0.011865393202313088     0.009591581148920732     0.007724522142182125     0.006198206793283858     0.0049557876186333725    0.003948663304179262     0.003135568763038408     0.0024816969940844825    0.0019578712160680384    0.0015397793805008754    0.0012072779481192774    9.437676811973857E-4     7.356410525054985E-4     5.717985755831986E-4     4.4322978677820645E-4    3.4265362573431923E-4    2.642124449057816E-4     2.0321372022995716E-4    1.559136391945826E-4     1.1933702954626525E-4    9.112849712308265E-5     6.943011383204907E-5     5.2781497851296194E-5    4.003862929165634E-5     3.0308225932123123E-5    2.2894952229551714E-5    1.7259142888758736E-5    1.2983086126893622E-5    9.744230462060814E-6     7.29395335635212E-6      5.4407623804099106E-6    4.036992186519915E-6     2.9682157625022203E-6    2.144707768222076E-6     1.494381544536589E-6     9.56668026902687E-7      4.768099350282607E-7     0
% Data
% c (mol/m^3) @ t=0, u1=0.05, u2=0.03
1                         -5.672732969867393E-8    3.4412341060480804E-15   4.7990695035817477E-20   8.009901849351551E-26    1.0236269825679795E-31   1.1689697273466693E-37   1.2541942007527927E-43   1.29319615921234E-49     1.2971711273413459E-55   1.2750964098618693E-61   1.234131299349782E-67    1.1799489050910759E-73   1.1170108771031006E-79   1.0487944867291647E-85   9.779799986132653E-92    9.066049837964588E-98    8.361911425132644E-104   7.678482961521851E-110   7.023594438388956E-116   6.402501374442435E-122   5.818448902477433E-128   5.273128827616715E-134   4.767048505887434E-140   4.299827220737875E-146   3.870433081180722E-152   3.4773712461745077E-158  3.1188324258909585E-164  2.7928090631714348E-170  2.4971853082634177E-176  2.222472211333023E-182   1.77133443647421E-188    1.410102577035124E-194   1.1212963263122609E-200  8.90717706965239E-207    7.0686650472285E-213     5.60450829692999E-219    4.4398000188191637E-225  3.514278075196834E-231   2.7795531077006305E-237  2.1968365354781697E-243  1.735085232994819E-249   1.3694914893382577E-255  1.0802576319302267E-261  8.516043008411967E-268   6.709697558221194E-274   5.283648332862962E-280   4.1585433400054376E-286  3.2714082389148825E-292  2.5723118618616222E-298  2.0216988672175357E-304  1.58825911693207E-310    1.2475535E-316           1.1E-322                 0                        0                        0                        0                        0                        0                        0                        0                        0                        0                        0                        0                        0                        0                        0                        0                        0                        0                        0                        0                        0                        0                        0                        0                        0                        0                        0                        0                        0                        0                        0                        0                        0                        0                        0                        0                        0                        0                        0                        0                        0                        0                        0                        0                        0                        0                        0
% Data
% c (mol/m^3) @ t=100, u1=0.05, u2=0.03
1                         0.9656881255471028       0.9132847261683886       0.8415363061625021       0.7517145725442033       0.647912551767426        0.5366497837769436       0.4257612917166664       0.3228360707569089       0.2337119178248799       0.16154938332257393      0.10674402926030407      0.06755197460372797      0.04104689376284267      0.024016634248053465     0.013571978958974277     0.007429996568059945     0.003952083766652685     0.0020481812671335545    0.0010369245665170078    5.140507894121437E-4     2.5009126618719216E-4    1.1964373540120053E-4    5.638472087761747E-5     2.6218932587083833E-5    1.2047013448748134E-5    5.476645777974972E-6     2.4660734758744976E-6    1.1006708386330061E-6    4.859054073452813E-7     2.0631918961921185E-7    8.236824370345191E-8     3.269862247559872E-8     1.2915328764846401E-8    5.078246213197905E-9     1.9886255349150023E-9    7.758862189570491E-10    3.017190284639026E-10    1.1697756138946287E-10   4.522902279427699E-11    1.7444248018309174E-11   6.712760808367433E-12    2.5777857819315858E-12   9.880133693071276E-13    3.780199444685681E-13    1.443979446594127E-13    5.507494494208489E-14    2.0976878765527472E-14   7.979279110140285E-15    3.031520774819035E-15    1.1504453952914498E-15   4.3612530989732364E-16   1.651675776566872E-16    6.24931512873021E-17     2.3624238590964723E-17   8.923241460142631E-18    3.367803790329474E-18    1.2701310083986671E-18   4.786793784552508E-19    1.8028141427652547E-19   6.785496800534982E-20    2.5524084259633524E-20   9.595529314018303E-21    3.605367260742169E-21    1.3539501302315942E-21   5.082044586474927E-22    1.9066295818930775E-22   7.149818991021937E-23    2.67998827443586E-23     1.0041246443690605E-23   3.760681373575323E-24    1.4079152089836264E-24   5.26894885935636E-25     1.9711292195190338E-25   7.371495556589066E-26    2.755820817257967E-26    1.0299268164002756E-26   3.847925644512018E-27    1.437197768374702E-27    5.3663668897442555E-28   2.003190906436052E-28    7.475606829724069E-29    2.7890512036954377E-29   1.0402939098703095E-29   3.879257416116216E-30    1.4462301111227231E-30   5.390457067797268E-31    2.0087050398191845E-31   7.483624623131374E-32    2.7875059819252073E-32   1.0380785779433333E-32   3.865073602496571E-33    1.4388013314212747E-33   5.355027398590577E-34    1.9927017637849384E-34   7.413818485601675E-35    2.7576151894937985E-35   1.0247600074732356E-35   3.777876736885113E-36    1.2796713635359027E-36   0
% Data
% c (mol/m^3) @ t=200, u1=0.05, u2=0.03
1                         0.9920263987459036       0.9793573937139264       0.960742440413424        0.9349945468230985       0.9011403496323829       0.858581457038037        0.80724207174606         0.747673995715901        0.6810920728050337       0.6093221036352031       0.5346585589871562       0.4596480702047512       0.38683189192678247      0.3184910180828713       0.2564375862676224       0.20188513522975723      0.15541155278560206      0.1170081400076516       0.08619219193470626      0.06215263835796488      0.043899053920430524     0.030391425895139323     0.02063791642038434      0.013757234442171046     0.009009118925853618     0.005800179755547194     0.00367330431434837      0.002287822017278265     0.0013953409034414416    8.127394130464932E-4     4.4778938606642425E-4    2.4337054478172643E-4    1.3057222132152282E-4    6.920208402737603E-5     3.625362967907635E-5     1.878488189533518E-5     9.632394612844444E-6     4.890548408134479E-6     2.4597589877169585E-6    1.2261396650714352E-6    6.060212144923948E-7     2.97106807667749E-7      1.445372392848532E-7     6.97982651924232E-8      3.346980131388481E-8     1.5941985550115424E-8    7.544690659514591E-9     3.5487189182957894E-9    1.6593852467527225E-9    7.715712743352219E-10    3.568286334111302E-10    1.6417010304151048E-10   7.515705536995473E-11    3.424304444798617E-11    1.5530408892796653E-11   7.012582217689386E-12    3.153045197607293E-12    1.4119144808017811E-12   6.297639868640217E-13    2.798339684086319E-13    1.238896586284998E-13    5.465597085759527E-14    2.403041545416415E-14    1.0530685904250136E-14   4.600149439897755E-15    2.003332492715792E-15    8.698486953156942E-16    3.766047055379636E-16    1.6259941193560885E-16   7.001344856808329E-17    3.006835142871408E-17    1.2880662370312934E-17   5.5042795466990935E-18   2.3465419640215033E-18   9.980498364327594E-19    4.2354681160321708E-19   1.793510446796187E-19    7.578558075539653E-20    3.195767837325716E-20    1.34491421667251E-20     5.648959375096446E-21    2.3682070761558262E-21   9.909921684559666E-22    4.1394365057669174E-22   1.7260485821319297E-22   7.184973399534977E-23    2.9859086838561527E-23   1.2388686029554808E-23   5.13202592343452E-24     2.1226783097569818E-24   8.766526410696734E-25    3.6152191438174154E-25   1.4887456292382725E-25   6.122080185801115E-26    2.5140714506857625E-26   1.0308916040239515E-26   4.216317025065838E-27    1.7036814512028058E-27   6.228450627021579E-28    0
% Data
% c (mol/m^3) @ t=300, u1=0.05, u2=0.03
1                         0.9976390736473344       0.99382834537208         0.988072454180883        0.9798018644063851       0.9683918009938349       0.9531929031560522       0.9335736102532952       0.9089725623670338       0.8789572838683071       0.8432834312372338       0.8019473439945901       0.7552239940323644       0.7036830632693455       0.6481779667759645       0.5898060372759113       0.5298422975035615       0.46965347346648123      0.4106022293596725       0.3539532518371011       0.3007923715481906       0.2519674892859195       0.2080562581157899       0.16936113229281038      0.1359284021731152       0.10758478979427495      0.08398318890284295      0.06464763211724024      0.04900504192395893      0.03638462871730335      0.02594854246040292      0.017737435421835434     0.011970545343345112     0.007980780920942917     0.005259431115243778     0.0034279758874734166    0.002210934636134692     0.0014118110308387292    8.930031506405069E-4     5.597684370259007E-4     3.4788547045708836E-4    2.1444731722470081E-4    1.3117049984757995E-4    7.964323508373902E-5     4.8019342511440206E-5    2.87599032248612E-5      1.7116069814066458E-5    1.0125120705581026E-5    5.95529063231371E-6      3.4836351256428563E-6    2.0272312941052464E-6    1.1738776649083856E-6    6.765400470541494E-7     3.881612055444415E-7     2.2175344922193957E-7    1.2616971203331938E-7    7.150700006029576E-8     4.0376496325965565E-8    2.2717949654637727E-8    1.2739136617811417E-8    7.12045070924037E-9      3.967659622975026E-9     2.2043487463748782E-9    1.221241704922529E-9     6.747640113641424E-10    3.7186212053117747E-10   2.0442777429764172E-10   1.121170119936271E-10    6.135079481687396E-11    3.3498638301288224E-11   1.825288611547588E-11    9.92591518812646E-12     5.387404077049343E-12    2.9187178992497002E-12   1.5784841705371117E-12   8.522250219598795E-13    4.593706070367469E-13    2.472262253651971E-13    1.328539626755259E-13    7.128991746128347E-14    3.82013882352539E-14     2.0443267540050318E-14   1.092605192910729E-14    5.832283722527684E-15    3.1095401758225887E-15   1.655978408416968E-15    8.809111625442321E-16    4.681075876938261E-16    2.4849164641162953E-16   1.3177898319547982E-16   6.981741464692716E-17    3.6955485440172743E-17   1.9543614589247065E-17   1.0326483238880872E-17   5.451571532919859E-18    2.875151745313924E-18    1.5137449685129001E-18   7.925311651054136E-19    4.042545522807615E-19    1.7791094821301207E-19   0
% Data
% c (mol/m^3) @ t=400, u1=0.05, u2=0.03
1                         0.9992023013583401       0.9979047615270575       0.9959182785137934       0.9930104310742006       0.9889038384738309       0.9832773797748516       0.9757711146058564       0.9659956167848208       0.9535461655134253       0.9380218291098976       0.919048938068923        0.8963078192091138       0.8695610207275063       0.8386806932207225       0.803672411309747        0.7646926267608725       0.7220572118481002       0.6762392054674279       0.6278548698275533       0.5776383820267801       0.5264067325324207       0.47501743954786807      0.4243222378541687       0.37511964619520805      0.3281078366658174       0.28383581299148547      0.24264415878040918      0.20457369026807737      0.1691954765958842       0.1352675228322089       0.10457852736174751      0.07984805525642442      0.06023164320395562      0.044904532978130914     0.03309992343751527      0.024132373412667118     0.01740893047691509      0.012430914913126392     0.008789205524473874     0.006155515756261089     0.004271655578132085     0.0029382534184498343    0.002003933319270802     0.0013555433009763476    9.097248702548399E-4     6.058973070837536E-4     4.005911339139829E-4     2.6298650842688603E-4    1.7147759219997944E-4    1.1107864654116874E-4    7.150004128423152E-5     4.574393795001058E-5     2.9094261004902024E-5    1.8400037446755508E-5    1.1573240406120855E-5    7.241020882990744E-6     4.507475342699474E-6     2.7921097254528115E-6    1.7213563326432903E-6    1.0563766690898646E-6    6.454225511568575E-7     3.9265539221396003E-7    2.3789383046131645E-7    1.4355505518173545E-7    8.629279915851649E-8     5.167804652671647E-8     3.083653383378812E-8     1.83359446061973E-8      1.0865946855812266E-8    6.418074617571008E-9     3.778847159660027E-9     2.2180635189648766E-9    1.2980449557922073E-9    7.574360834690216E-10    4.407381112431085E-10    2.5575843472252967E-10   1.4802294734708416E-10   8.544988641728046E-11    4.920504672300198E-11    2.8265368755977756E-11   1.6198562440613253E-11   9.261982372239228E-12    5.284024971558927E-12    3.0080563383014584E-12   1.7088071247215368E-12   9.687482946706869E-13    5.481048400390284E-13    3.0950965803624995E-13   1.744475730566531E-13    9.814253539529713E-14    5.511524814357281E-14    3.0897792023431825E-14   1.729175271723862E-14    9.660591643002882E-15    5.386919933296956E-15    2.995078176505115E-15    1.6522974497870215E-15   8.834654385376004E-16    4.0272122336985157E-16   0
% Data
% c (mol/m^3) @ t=500, u1=0.05, u2=0.03
1                         0.9997112277737816       0.9992392506742319       0.9985106198759399       0.9974317860687923       0.9958862379738457       0.9937320476759606       0.9908001448084984       0.9868936856254247       0.9817889042691447       0.9752378218375231       0.9669731347018652       0.9567154999072329       0.9441832796837074       0.9291046024822465       0.9112313552647784       0.8903544594409885       0.8663195256751026       0.8390417585391966       0.8085188149406853       0.7748402208348217       0.7381918994792994       0.6988542868164911       0.6571922344615057       0.6136340896504606       0.5686353614938019       0.5226180777076812       0.47586821225816506      0.42835665226907743      0.3794173240298712       0.327157328415743        0.27492758821318225      0.22846794774191145      0.18778478878163254      0.15269130957939211      0.12285251116315445      0.09782994984608266      0.07712304061661107      0.06020473556934691      0.04655040113355837      0.0356595766154926       0.02707095830689854      0.020371401754451533     0.015199983673916279     0.011248247630535183     0.008257716125174576     0.006015628958958134     0.004349701662460616     0.0031225184627572664    0.0022260030441591       0.0015762603538007295    0.0011089602397599983    7.753400734070936E-4     5.38836658258778E-4      3.723137625051072E-4     2.558258906659718E-4     1.7484682310437973E-4    1.1888888785202915E-4    8.044249376475077E-5     5.417252656084143E-5     3.63168898660032E-5      2.4241475522001082E-5    1.6114370754350677E-5    1.0669715670374155E-5    7.038127089690318E-6     4.62598265891977E-6      3.0301891325298714E-6    1.97846724018255E-6      1.287817415588231E-6     8.358287495486944E-7     5.409878849045936E-7     3.492472481521049E-7     2.249158176314393E-7     1.445150923859677E-7     9.265642472255028E-8     5.928818720126211E-8     3.786609124457826E-8     2.4142374370091762E-8    1.5367821491676078E-8    9.767898372495716E-9     6.200091846936053E-9     3.930546023892123E-9     2.4889313364582614E-9    1.5744306918632004E-9    9.950110727132375E-10    6.282997832115314E-10    3.9644154882969996E-10   2.4997755474733687E-10   1.5753116582769687E-10   9.922182766496856E-11    6.246723150317162E-11    3.931218514514526E-11    2.4731534551832655E-11   1.5553399729697204E-11   9.776735542190674E-12    6.139026074050216E-12    3.842073601258738E-12    2.3767798434815363E-12   1.4080194830199843E-12   6.918002080208361E-13    0
% Data
% c (mol/m^3) @ t=600, u1=0.05, u2=0.03
1                         0.9998960589979797       0.9997254770965848       0.9994602622348134       0.9990637756492439       0.9984889261115081       0.9976762471717076       0.9965519393329776       0.9950259917100778       0.9929905319950545       0.9903185864571906       0.9868634591942474       0.9824589569409303       0.9769206867641765       0.9700486330015767       0.9616311711240214       0.9514505947553279       0.9392901134139693       0.9249421178353637       0.9082172988525067       0.8889539268623828       0.8670262117191813       0.8423500822087314       0.8148837794221961       0.7846190234978577       0.751555587453673        0.7156468150843726       0.6766940467434277       0.6341507535131778       0.5867667286545133       0.5319492401018384       0.4730180804418854       0.416669384520323        0.36361316552495526      0.3143840250645117       0.26934088919660276      0.2286763215596185       0.19243327669741783      0.16052694772990472      0.13276940224300454      0.10889493515074067      0.0885844330315922       0.07148747649273449      0.057241348659150634     0.04548652484804045      0.03587856153027557      0.028096566720202557     0.02184861599189615      0.016874584447545544     0.012946906974037498     0.009869771603276109     0.007477208708392655     0.005630475788399972     0.004215065089464321     0.0031375879464949374    0.0023227214853118443    0.001710343806114049     0.0012529346510494318    9.132800914510682E-4     6.624912425089768E-4     4.7832715174501615E-4    3.4379928871350183E-4    2.4602793453139054E-4    1.7531779417819053E-4    1.244200902180091E-4     8.795022919665684E-5     6.193307369364914E-5     4.345132224495338E-5     3.037608978275784E-5     2.1162227684578936E-5    1.4694067948727791E-5    1.0170042270266757E-5    7.0169902771779685E-6    4.8269436055105635E-6    3.310786376014953E-6     2.2644909463983618E-6    1.544656872912918E-6     1.050885988980028E-6     7.13148791361847E-7      4.827732513234679E-7     3.260476169421654E-7     2.1969931901164255E-7    1.4771348004754673E-7    9.910328122278554E-8     6.635353403127088E-8     4.4338272034615494E-8    2.9570703739922192E-8    1.9685263450987256E-8    1.308111978096254E-8     8.677588198702573E-9     5.746829576304078E-9     3.799745443240795E-9     2.50836908104629E-9      1.6532130900490988E-9    1.0876225623669341E-9    7.136623695959895E-10    4.657609896492877E-10    2.994586012471772E-10    1.8329119464817208E-10   9.212043789612489E-11    0
% Data
% c (mol/m^3) @ t=700, u1=0.05, u2=0.03
1                         0.999960822940365        0.9998963504669257       0.9997956329970766       0.9996440887445556       0.9994226025207614       0.9991064913558598       0.9986643458012412       0.9980567675205838       0.9972350382567069       0.9961397721313426       0.9946996217164442       0.9928301270724835       0.9904328139498869       0.9873946596963383       0.9835880490866337       0.9788713317108261       0.9730900597353397       0.9660789177890505       0.9576642363496612       0.947666774531246        0.9359041129463979       0.9221914169020929       0.9063383473753615       0.8881382201165616       0.8673426360541293       0.8436098600853059       0.8164067309820601       0.7848293445396053       0.7472829789037322       0.7009197560390911       0.6480927458322292       0.5946004283513779       0.5412587082514801       0.48883379681490513      0.43801660887977856      0.38940318635146404      0.34348168230578974      0.30062591672508626      0.2610950586009064       0.22503863197894164      0.19250580286975313      0.16345778251516832      0.13778217059662667      0.11530814087868786      0.09582151755569658      0.079078977694648        0.06482081959293248      0.05278193819738296      0.04270083146541269      0.03432661549213085      0.02742414618742726      0.02177743031711119      0.01719156110626503      0.01349343777828301      0.01053152995990176      0.008174932731505597     0.006311931851155418     0.004848266226836758     0.003705240022795708     0.002817802840548602     0.0021326852506631574    0.0016066497853960435    0.0012048948891895228    8.996313202234922E-4     6.688368147926948E-4     4.951849704432602E-4     3.6513767355735163E-4    2.681863685720937E-4     1.9622544589813787E-4    1.4304048420653382E-4    1.0389457075871613E-4    7.519707638564005E-5     5.4240796284484384E-5    3.8995073311251704E-5    2.794424783752056E-5     1.9962428424634585E-5    1.4217090343894444E-5    1.009535312487956E-5     7.1479532765854644E-6    5.046917428287746E-6     3.5537663843955294E-6    2.495758773291982E-6     1.7482329081968094E-6    1.22154613268123E-6      8.514602287373767E-7     5.920956547397175E-7     4.107906779460562E-7     2.8436601975190454E-7    1.9642160313452093E-7    1.3538773140270148E-7    9.312529355520164E-8     6.392377705189852E-8     4.378621703305854E-8     2.99200051894748E-8      2.0374193725909075E-8    1.3779312302583658E-8    9.155800507858975E-9     5.762098483185511E-9     2.9520508184790422E-9    0
% Data
% c (mol/m^3) @ t=800, u1=0.05, u2=0.03
1                         0.9999848595970612       0.9999598942909832       0.999920760970999        0.9998616060804322       0.9997746507950297       0.9996496947628084       0.9994735322676398       0.9992292775311669       0.9988955999704744       0.9984458756703484       0.997847268054487        0.9970597584565192       0.996035155323337        0.9947161178507354       0.9930352337206232       0.9909141875182215       0.988263040109074        0.9849795993954836       0.9809487822313265       0.9760417170743351       0.9701140688939464       0.9630026006739368       0.9545181828260624       0.944432093265109        0.932450132012621        0.9181651628395463       0.9009721233051724       0.879918546961032        0.8534453048738656       0.8189418134817427       0.7777307467953763       0.734027476491482        0.6883905977404642       0.641419607014989        0.5937326722362718       0.545944618410724        0.4986463108921526       0.4523864443817538       0.40765651171854533      0.36487945754327045      0.3244022438949873       0.28649229151713534      0.2513375316313005       0.21904962200152783      0.1896697557959088       0.163176423518677        0.13949447337008444      0.11850484606405189      0.10005442615911725      0.08396554203439473      0.07004474966273525      0.058090641365720154     0.04790052166915902      0.03927588224694796      0.032026682961063216     0.025974504392902317     0.020954678907980997     0.016817533368347116     0.013428889130480612     0.010669966441563017     0.008436833425693504     0.006639527087864632     0.005200957441565524     0.004055687899770945     0.0031486669616820487    0.002433969075498051     0.0018735870874288232    0.0014363053111039698    0.0010966711301470939    8.340741528628226E-4     6.319351152666603E-4     4.770017412451308E-4     3.5874534147302525E-4    2.6884978201297953E-4    2.007833079054025E-4     1.4944332112983518E-4    1.1086437397941368E-4    8.19801719358752E-5      6.0431143554844076E-5    4.4410020007286934E-5    3.253879340554771E-5     2.3771334249787655E-5    1.731680683581866E-5     1.2579804801964374E-5    9.113825922919272E-6     6.585312621796657E-6     4.746004821506026E-6     3.4117905502021007E-6    2.4466049866896026E-6    1.7502290718430168E-6    1.2490831740691151E-6    8.893078354543948E-7     6.31579684095305E-7      4.4723223320841544E-7    3.153427749197942E-7     2.2050955224871912E-7    1.5107517060825463E-7    9.754241072735853E-8     5.08524150390187E-8      0
% Data
% c (mol/m^3) @ t=900, u1=0.05, u2=0.03
1                         0.9999939615200699       0.9999839905584937       0.9999683230535549       0.9999445614915508       0.9999094893712842       0.9998588434532976       0.9997870377435273       0.9996868333406641       0.9995489488151686       0.9993616067240423       0.9991100131709068       0.9987757688387279       0.9983362112637943       0.9977636884937728       0.9970247622072711       0.9960793312493906       0.9948796498266782       0.9933691805898455       0.9914811585023121       0.9891366249431399       0.9862414865434727       0.982681799302348        0.9783158752311374       0.9729607901674888       0.9663691636509503       0.9581892341919034       0.9478965259262832       0.9346775832609389       0.9172333566570119       0.8934486203951796       0.8639211022129349       0.8314043102993324       0.7961483282806151       0.7584712290929486       0.7187492793197728       0.6774048732604333       0.6348928432767624       0.5916858662551185       0.5482597080238356       0.5050790191887061       0.4625843222499678       0.42118071967958376      0.381228716901736        0.34303740502601016      0.3068600978435788       0.2728923769403848       0.24127237669868512      0.2120830437589803       0.1853560367121976       0.16107689219482757      0.1391910716068503       0.11961051494362271      0.10222036004707599      0.08688553160539908      0.07345695903561737      0.06177724090538187      0.0516856314226917       0.04302227828227825      0.035631688328338296     0.029365436565285466     0.02408416438119022      0.019658934525498148     0.015972024037382043     0.01291724296337438      0.010399867555793366     0.008336273004671069     0.006653343888613885     0.005287731584544696     0.004185017840658876     0.003298833392983059     0.0025899705053508094    0.0020255190679630075    0.0015780476751580859    0.0012248440604646547    9.472234339353681E-4     7.299086033044374E-4     5.604821738984505E-4     4.2890848758341243E-4    3.271211381348176E-4     2.4867074647242667E-4    1.884270578965506E-4     1.4232921087656254E-4    1.0717811485472104E-4    8.046517173242874E-5     6.023200786603275E-5     4.4956391924180956E-5    3.346005427614372E-5     2.4834663104507264E-5    1.8382728434622196E-5    1.3570682758121267E-5    9.991816594720416E-6     7.337123494017722E-6     5.372427246787522E-6     3.920418400587518E-6     2.846405285426246E-6     2.0466603695267824E-6    1.438161361074361E-6     9.481785580498127E-7     5.013303374472332E-7     0
% Data
% c (mol/m^3) @ t=1000, u1=0.05, u2=0.03
1                         0.9999975499218324       0.9999934997350539       0.9999871233306676       0.9999774274013323       0.9999630694172227       0.9999422550519576       0.9999126112152305       0.9998710304656144       0.9998134822141406       0.999734785764515        0.999628339798593        0.9994858022445088       0.9992967132349219       0.9990480514655702       0.9987237096054125       0.9983038655758277       0.9977642102237063       0.9970749625997862       0.9961995523860113       0.9950927594403451       0.993697947157272        0.9919427667928228       0.9897322739714751       0.9869376711680908       0.9833776824253837       0.9787875704148261       0.9727675173062          0.9646966878601084       0.9535904363281417       0.9378636272702988       0.9177086177756958       0.894816255885218        0.869220513084479        0.8410132942319459       0.8103438228731049       0.7774158790586511       0.7424829939640051       0.7058418140392244       0.6678239419488621       0.6287866358584889       0.5891027980688429       0.5491507060340743       0.5093039330773993       0.46992187441793515      0.43134124008966507      0.3938688050427998       0.35777562414623665      0.32329283226579547      0.2906090631678657       0.2598694410930853       0.23117602981049978      0.20458956887600613      0.1801322873985908       0.15779156227071842      0.1375241797920252       0.11926096522323514      0.10291156170375504      0.08836916542566152      0.07551505513727608      0.06422278822128984      0.05436197031344843      0.04580153866422472      0.03841252963667807      0.0320703268059541       0.026656407469826893     0.022059621793997106     0.01817705043455396      0.014914493690946424     0.012186648606248058     0.009917030605131901     0.008037693934694291     0.006488801022036371     0.005218085502861935     0.004180247644963452     0.0033363146342351635    0.0026529920573858602    0.0021020271608800747    0.0016595992620499337    0.0013057481359901736    0.0010238473421130647    8.001262828522546E-4     6.232422665843314E-4     4.8390191788672964E-4    3.745298684144272E-4     2.8898169312885005E-4    2.2229745161269577E-4    1.7049187897241096E-4    1.3037717788628466E-4    9.941443249330805E-5     7.558984274426109E-5     5.731221634040651E-5     4.332840750099137E-5     3.265360478493139E-5     2.4513472903223292E-5    1.829503350816405E-5     1.3502631898814265E-5    9.714024984824726E-6     6.528883081702802E-6     3.496601863072216E-6     0
% Data
% c (mol/m^3) @ t=1100, u1=0.05, u2=0.03
1                         0.9999990684251606       0.9999975264941496       0.9999950936339032       0.99999138322822         0.9999858684330789       0.9999778386069532       0.9999663442147472       0.9999501276641585       0.9999275370514351       0.9998964191846572       0.9998539874331241       0.9997966587687779       0.9997198525484202       0.9996177406588711       0.9994829337926464       0.9993060804456225       0.9990753413810363       0.9987756788561571       0.9983878603268965       0.9978870098278694       0.9972404289734663       0.9964042243113713       0.9953179707017572       0.9938961332008048       0.9920141347675567       0.9894855855115134       0.9860249414238321       0.9811861832777368       0.9742620988044309       0.9641189469607776       0.9507521855874188       0.935157377171291        0.9172536712973451       0.8969983535442456       0.8743904029093681       0.8494727635970238       0.8223331868640795       0.7931035661463187       0.7619577620357378       0.7291079881083188       0.6947998992589139       0.659306586510213        0.6229217323059828       0.5859522151184224       0.5487104700191447       0.5115069121895351       0.4746427139526114       0.43840319470788014      0.4030520399746899       0.36882651406313083      0.33593377447462314      0.3045483387646619       0.2748106997660883       0.2468270357390244       0.2206699204641915       0.19637990603809108      0.17396782888407392      0.15341767725127986      0.13468985559132446      0.11772468654397039      0.1024460033515622       0.08876470269687443      0.07658214851788346      0.06579333967334124      0.05628977696576348      0.04796198676134725      0.04070167833843774      0.03440352948607235      0.02896660936697651      0.024295459098021742     0.020300858927091978     0.01690031649461399      0.014018313766557662     0.011586351187150661     0.009542826828416852     0.007832786215013121     0.006407575459045617     0.005224426693898994     0.00424600084293235      0.0034399087389962017    0.0027782277112309386    0.0022370271129974174    0.0017959129701031584    0.0014375990337444008    0.0011475090476157582    9.134129776338103E-4     7.250982798922793E-4     5.740759562380721E-4     4.533201118171779E-4     3.5703891441725167E-4    2.8047416874317315E-4    2.197260295852329E-4     1.7159848738504358E-4    1.334598431111931E-4     1.0310989060394402E-4    7.864096669498966E-5     5.827167384234109E-5     4.011681682080961E-5     2.1829355597810892E-5    0
% Data
% c (mol/m^3) @ t=1200, u1=0.05, u2=0.03
1                         0.9999996811316793       0.9999991523897779       0.999998315542591        0.9999970338708919       0.9999951189669305       0.9999923135097842       0.9999882689123901       0.9999825164449976       0.9999744300577376       0.9999631786063954       0.9999476644549569       0.9999264443595979       0.9998976269188177       0.9998587383463335       0.9998065442899613       0.9997368088858652       0.9996439615519526       0.9995206244570067       0.9993569246557581       0.9991394671658117       0.9988497666708566       0.9984618062580147       0.997938179282836        0.9972239223192595       0.9962365771426193       0.9948500875965163       0.9928686145990695       0.9899838673992902       0.9857054954278904       0.9792474752065086       0.9705289194885568       0.960119709555218        0.9478956409130949       0.9337525723121545       0.917610827735522        0.8994190999820366       0.8791576691281253       0.8568407725039705       0.832517996098105        0.8062745987737118       0.7782307279751581       0.7485395359090472       0.7173842554469351       0.684974342161079        0.6515408301472332       0.6173310822319956       0.5826031380444884       0.5476198752201714       0.5126431994425632       0.4779284686194703       0.44371933641645583      0.4102431723637432       0.3777071819312123       0.3462953126509513       0.3161659939015058       0.2874507205522735       0.26025345621894913      0.23465080193794374      0.21069285172359892      0.18840463835940552      0.16778806108136138      0.14882418132868125      0.13147577292658535      0.11569001814384285      0.10140125009058608      0.0885336538703345       0.07700385275421599      0.0667233204466707       0.05760057541081415      0.04954312750856073      0.04245916033247122      0.03625894416960147      0.030855984300844966     0.026167917197054167     0.022117173135469372     0.018631427928000197     0.015643868995155626     0.013093302148354588     0.010924125394697082     0.009086195093494334     0.007534608106138593     0.006229421404702542     0.005135328128504387     0.0042213064598093835    0.003460255054934754     0.0028286262059007204    0.0023060654748873885    0.0018750642537222783    0.0015206295197763594    0.001229972888558974     9.922187028198652E-4     7.981279861541689E-4     6.398309871870569E-4     5.105546296427902E-4     4.0432050695297147E-4    3.1557069413538946E-4    2.386466087243044E-4     1.6698998310216376E-4    9.183649020387915E-5     0
% Data
% c (mol/m^3) @ t=0, u1=0.05, u2=0.05
1                         -5.672732969867393E-8    3.4412341060480804E-15   4.7990695035817477E-20   8.009901849351551E-26    1.0236269825679795E-31   1.1689697273466693E-37   1.2541942007527927E-43   1.29319615921234E-49     1.2971711273413459E-55   1.2750964098618693E-61   1.234131299349782E-67    1.1799489050910759E-73   1.1170108771031006E-79   1.0487944867291647E-85   9.779799986132653E-92    9.066049837964588E-98    8.361911425132644E-104   7.678482961521851E-110   7.023594438388956E-116   6.402501374442435E-122   5.818448902477433E-128   5.273128827616715E-134   4.767048505887434E-140   4.299827220737875E-146   3.870433081180722E-152   3.4773712461745077E-158  3.1188324258909585E-164  2.7928090631714348E-170  2.497185308263421E-176   2.2298058253102947E-182  1.9885275750151827E-188  1.7712579750217594E-194  1.5759822230704605E-200  1.4007820571409107E-206  1.2438478041177802E-212  1.1034852193859272E-218  9.781183318900121E-225   8.662892723098963E-231   7.666558674874858E-237   6.779876249008428E-243   5.99160600793955E-249    5.291515395149079E-255   4.670315854954326E-261   4.119597996329199E-267   3.631766557023099E-273   3.1999764741262935E-279  2.8180710082696023E-285  2.4805225841989907E-291  2.1823767867532426E-297  1.9191997769271045E-303  1.68702925833859E-309    1.482332015E-315         1.566E-321               0                        0                        0                        0                        0                        0                        0                        0                        0                        0                        0                        0                        0                        0                        0                        0                        0                        0                        0                        0                        0                        0                        0                        0                        0                        0                        0                        0                        0                        0                        0                        0                        0                        0                        0                        0                        0                        0                        0                        0                        0                        0                        0                        0                        0                        0                        0
% Data
% c (mol/m^3) @ t=100, u1=0.05, u2=0.05
1                         0.9656881255471028       0.9132847261683886       0.8415363061625021       0.7517145725442033       0.647912551767426        0.5366497837769436       0.4257612917166665       0.3228360707569089       0.23371191782487988      0.1615493833225739       0.10674402926030406      0.06755197460372794      0.04104689376284265      0.024016634248053458     0.013571978958974279     0.007429996568059961     0.003952083766652756     0.002048181267133856     0.0010369245665182868    5.140507894175526E-4     2.5009126621002036E-4    1.1964373549732741E-4    5.638472128138085E-5     2.6218934278347502E-5    1.2047020511560314E-5    5.476675174106365E-6     2.466195373509408E-6     1.1011742453738511E-6    4.879749026042685E-7     2.1478382843374195E-7    9.396752723536171E-8     4.0888357155794174E-8    1.7705521090926872E-8    7.633402313796725E-9     3.2780541070877727E-9    1.4027124360376278E-9    5.983045863174667E-10    2.544524770559864E-10    1.0792852347798233E-10   4.566804380851278E-11    1.9280804210538668E-11   8.123708769339564E-12    3.4164190701660033E-12   1.434296587392892E-12    6.011938837780921E-13    2.5162207535588823E-13   1.0516886748601852E-13   4.3900661296079846E-14   1.830364067202257E-14    7.622897542772438E-15    3.1713880579765304E-15   1.3181145758858482E-15   5.473394344002924E-16    2.2708229424893945E-16   9.413561989202986E-17    3.8993154548145477E-17   1.6140031110244884E-17   6.676033780792613E-18    2.7596000321531897E-18   1.1399908881142307E-18   4.706492641300854E-19    1.9419872226624538E-19   8.00865720633055E-20     3.301018818251137E-20    1.3599444197752354E-20   5.600005438614074E-21    2.3049342897685626E-21   9.48286575044213E-22     3.899772369326043E-22    1.6031151172819184E-22   6.587531901102129E-23    2.7059496422866106E-23   1.1111218138368436E-23   4.560939573491634E-24    1.871556883450829E-24    7.677377826362263E-25    3.148392005340827E-25    1.2907296262496173E-25   5.290012544811937E-26    2.1674905353160015E-26   8.878523297541932E-27    3.6358925152699E-27      1.488578260808052E-27    6.092928071538719E-28    2.493316555825907E-28    1.0200674327425874E-28   4.172375617821046E-29    1.7062544769648345E-29   6.976101782048117E-30    2.8516289013709303E-30   1.165431864245211E-30    4.762081579681176E-31    1.9454725296235534E-31   7.946459662250604E-32    3.2452068513310867E-32   1.324977949994688E-32    5.4051905013135635E-33   2.188843639171707E-33    8.170301153913414E-34    0
% Data
% c (mol/m^3) @ t=200, u1=0.05, u2=0.05
1                         0.9920263987459035       0.9793573937139263       0.9607424404134242       0.9349945468230985       0.9011403496323828       0.8585814570380369       0.8072420717460601       0.7476739957159012       0.6810920728050343       0.609322103635205        0.5346585589871627       0.4596480702047746       0.38683189192686407      0.31849101808315367      0.2564375862685929       0.20188513523307158      0.15541155279684712      0.11700814004554255      0.08619219206146712      0.06215263877885164      0.04389905530693551      0.03039143042505287      0.02063793109263781      0.013757281535319283     0.009009268644900866     0.005800651001376339     0.0036747720557229347    0.0022923431859483588    0.0014091068272864072    8.541445458698828E-4     5.109019737996187E-4     3.0174835640568644E-4    1.7608493798110041E-4    1.0158386773638266E-4    5.796881393851496E-5     3.273859695411753E-5     1.830787424957924E-5     1.0142198676017141E-5    5.568461471690172E-6     3.0312994498195875E-6    1.636756948851943E-6     8.769254695519349E-7     4.6635483008385477E-7    2.4625726734250303E-7    1.2915634001404998E-7    6.7301409227879E-8       3.485257087029137E-8     1.7941612068819916E-8    9.183569868895536E-9     4.675053435816768E-9     2.3674597861791466E-9    1.192862716821798E-9     5.981307439547723E-10    2.9852522362586387E-10   1.483277343259193E-10    7.33826349086242E-11     3.61545770620439E-11     1.7741822747826456E-11   8.672828814970385E-12    4.223868814892987E-12    2.0497636405355368E-12   9.912763268659075E-13    4.777872568415186E-13    2.2954727185443767E-13   1.0993957091700495E-13   5.249581708875031E-14    2.499346817802866E-14    1.186588130437751E-14    5.618026805808496E-15    2.65286360493697E-15     1.2494782658711255E-15   5.87028246342477E-16     2.751301569224062E-16    1.286463082433219E-16    6.001587366006885E-17    2.793657255145989E-17    1.2976143799144584E-17   6.0146444853555455E-18   2.7822186870078245E-18   1.2844398262287E-18      5.91835113090749E-19     2.721914798315014E-19    1.2495587370602793E-19   5.72621800442846E-20     2.6195582836731532E-20   1.196344983536417E-20    5.454707569501885E-21    2.4830817010311295E-21   1.128579686129723E-21    5.121671364575673E-22    2.3208412890105704E-22   1.0501440196381707E-22   4.745006517976262E-23    2.1410316347110997E-23   9.647530612429986E-24    4.3409140290513366E-24   1.948500525151001E-24    8.648135158770635E-25    3.485668984950248E-25    0
% Data
% c (mol/m^3) @ t=300, u1=0.05, u2=0.05
1                         0.997639073647335        0.993828345372081        0.9880724541808859       0.9798018644063938       0.9683918009938605       0.9531929031561265       0.9335736102535086       0.908972562367645        0.8789572838700507       0.8432834312421881       0.801947344008599        0.7552239940717845       0.7036830633797121       0.6481779670833242       0.589806038127123        0.5298422998472119       0.4696534798799082       0.41060224679786145      0.35395329893397187      0.3007924978534499       0.25196782552049085      0.20805714629615912      0.1693634595137635       0.135934448407069        0.1076003591257903       0.08402290926964186      0.0647479849099791       0.04925601539050334      0.03700565883307384      0.02746833523728829      0.02015285608665475      0.014620709659698927     0.010493397738289471     0.007453614497058103     0.005242105605422158     0.0036518602410816744    0.0025209793349402596    0.001725215919243052     0.001170856146905298     7.883347794906956E-4     5.267688851330639E-4     3.4944674184257023E-4    2.3021648966509294E-4    1.5066884564996616E-4    9.798806440225902E-5     6.334477731648018E-5     4.071513617809223E-5     2.602689738143649E-5     1.6550799095005094E-5    1.0472468337831602E-5    6.5949447436342925E-6    4.1342716445438794E-6    2.58048749624834E-6      1.6039994141431865E-6    9.930862556067692E-7     6.125290680232413E-7     3.764404277726981E-7     2.3054987193276345E-7    1.4073379588759348E-7    8.563658928250409E-8     5.1952592116345757E-8    3.142667903735284E-8     1.8957754104435716E-8    1.1405740167750386E-8    6.844737606554993E-9     4.0976328414872E-9       2.447350044656007E-9     1.4584371268842412E-9    8.672566366587096E-10    5.146519893315171E-10    3.048047722020517E-10    1.8017984217560806E-10   1.0631623510942205E-10   6.262287247389312E-11    3.6824425634570706E-11   2.1619058687735307E-11   1.2672498893825885E-11   7.417167002045084E-12    4.334995132547175E-12    2.5300974959873837E-12   1.4747087150239578E-12   8.584536221308406E-13    4.991020186374496E-13    2.8982984554186723E-13   1.6811122270937099E-13   9.740199415788564E-14    5.6373302108468894E-14   3.259340973155461E-14    1.8825751685242055E-14   1.0863153286375855E-14   6.262600551182344E-15    3.6071322305717186E-15   2.0758184184052165E-15   1.1935485034717344E-15   6.856095891434964E-16    3.93226257755645E-16     2.2442846651994747E-16   1.2508348433599844E-16   6.053469058400523E-17    0
% Data
% c (mol/m^3) @ t=400, u1=0.05, u2=0.05
1                         0.9992023013583738       0.9979047615271703       0.9959182785141069       0.993010431075039        0.9889038384760442       0.9832773797806534       0.9757711146209778       0.965995616824019        0.9535461656144792       0.9380218293689413       0.9190489387290769       0.8963078208812848       0.8695610249365965       0.8386807037469398       0.8036724374575208       0.7646926912629761       0.7220573698219541       0.6762395894939195       0.6278557962124018       0.5776405990131087       0.5264119946501036       0.4750298237112582       0.4243511288367353       0.37518643862441686      0.3282608187616576       0.28418285466346715      0.24342368432476055      0.20630696961749628      0.17300947750853957      0.14357091311943873      0.11791092300084052      0.0958508203091033       0.07713755976161411      0.06146774588668031      0.04850990187832958      0.03792376078521072      0.02937587928608147      0.02255135206231127      0.017161782450728743     0.012949927353878196     0.00969158506801455      0.007195350187663378     0.005300842877480799     0.003875954652446725     0.002813561173362342     0.0020280519709476403    0.0014519300266217885    0.0010326486078399769    7.297825777891814E-4     5.125775135836165E-4     3.5788134593491217E-4    2.4843773189113137E-4    1.7150538431078932E-4    1.1776049167931755E-4    8.043781896738477E-5     5.46681331878196E-5      3.697373040016072E-5     2.4888948211838596E-5    1.6677874484714893E-5    1.1126534137823373E-5    7.3913866366936966E-6    4.889879889282479E-6     3.2220621819710567E-6    2.114891690753088E-6     1.3829732371562724E-6    9.010767521536665E-7     5.850340658977958E-7     3.7854631490962236E-7    2.44129766124613E-7      1.5693865373989896E-7    1.0057465885374112E-7    6.425946001052049E-8     4.0936840170615577E-8    2.6005052448465866E-8    1.6474162911217985E-8    1.0408445731628289E-8    6.559016572616041E-9     4.1228172401135774E-9    2.58513340864959E-9      1.617093917980159E-9     1.0092058015810199E-9    6.284116300280139E-10    3.9044102783841487E-10   2.4206904965915395E-10   1.4976853524274228E-10   9.247480840578114E-11    5.698637640072807E-11    3.5049819709594527E-11   2.1517375732176936E-11   1.3185677597538782E-11   8.065759832811845E-12    4.925344994530519E-12    3.002563600047945E-12    1.827319570606386E-12    1.1100542000352964E-12   6.72543137669779E-13     4.046614209616978E-13    2.3661230196038473E-13   1.1872867774622207E-13   0
% Data
% c (mol/m^3) @ t=500, u1=0.05, u2=0.05
1                         0.9997095547363075       0.9992348844155948       0.9985022055225647       0.9974175971633921       0.9958641626335734       0.9936996100148724       0.9907545744851682       0.9868320473649156       0.9817082959736347       0.9751356440457237       0.9668474256255162       0.9565653195329221       0.9440091146703935       0.9289087529072468       0.9110182578918541       0.8901309048080303       0.8660947449617955       0.838827402275925        0.8083289395567131       0.774691580183111        0.7381051856040786       0.6988576360798943       0.6573296287276671       0.6139838614842301       0.5693490661403346       0.5239998299391517       0.4785335435952988       0.43354608233552167      0.3896079309577572       0.34724239206917623      0.30690728135170864      0.26898114961060626      0.23375462863195848      0.20142703333537046      0.17210792072008507      0.14582295081766536      0.12252314514080546      0.10209650563991746      0.08438093758095623      0.0691774960176585       0.056263122615713514     0.04540222931656841      0.0363566906352731       0.02889400443005283      0.022793554937873998     0.017851051464542363     0.013881317155536164     0.010719665521098515     0.008222132141631245     0.006264831606626682     0.004742692408283727     0.003567792194894148     0.002667478611424909     0.0019824218265654535    0.0014647073568183745    0.0010760442870576504    7.861357193905832E-4     5.712356838068155E-4     4.128996396279063E-4     2.969235274599694E-4     2.1245833499548586E-4    1.512824873503965E-4     1.0721226170877048E-4    7.563014019135349E-5     5.31119517561987E-5      3.7135333769933176E-5    2.5854103569837016E-5    1.792530964728203E-5     1.2377856124207028E-5    8.513555223118532E-6     5.833202973779518E-6     3.981771678155409E-6     2.708070719699865E-6     1.8352618486935973E-6    1.2394506735445654E-6    8.342404507392478E-7     5.596551286579804E-7     3.742418305169121E-7     2.494715562116288E-7     1.6579057343844076E-7    1.0985021989899807E-7    7.257307994895722E-8     4.7809475904237785E-8    3.140838264299338E-8     2.0577792980565617E-8    1.3446252192317305E-8    8.763543061232713E-9     5.697183143457719E-9     3.6946031842576088E-9    2.3901599350247143E-9    1.542627580483227E-9     9.933262166587642E-10    6.381692835518368E-10    4.0906172880002685E-10   2.61550967903107E-10     1.6662629417145318E-10   1.0520982248172935E-10   6.42421066572154E-11     3.3289153874276675E-11   0
% Data
% c (mol/m^3) @ t=600, u1=0.05, u2=0.05
1                         0.9998911154368023       0.9997125466877291       0.9994352498886595       0.9990213721873943       0.998422490123743        0.9975777636080995       0.9964120920654445       0.9948343888517414       0.9927361197206669       0.9899902780654312       0.9864509903329568       0.9819539553485589       0.9763179170589784       0.9693473474446929       0.9608364719866155       0.950574702554716        0.9383534525808802       0.9239742003199307       0.9072575444308947       0.8880528716478764       0.8662481411743347       0.8417791984295783       0.8146379757813161       0.7848789319855072       0.7526231334698876       0.7180594919282579       0.6814428395977215       0.6430887344251973       0.603365123882675        0.5626812355682805       0.5214742801661125       0.4801947245173982       0.43929100088634565      0.39919455174877533      0.3603060652289016       0.3229836413240978       0.2875334577692147       0.2542032967934071       0.22317907267468004      0.19458428697670263      0.16848215257999585      0.14487998294230522      0.12373534723399382      0.104963446797088        0.08844517014262195      0.07403532477286816      0.06157061437108748      0.05087701831517906      0.0417763264603969       0.034091676568737975     0.027652027574566265     0.022295574311574216     0.017872165866177316     0.01424482978920321      0.011290528928964923     0.008900288625213647     0.006978831996479368     0.0054438528373887225    0.004225041895908039     0.003262965400394558     0.0025078766124528116    0.0019185233924251916    0.0014609983292133096    0.0011076635537670635    8.361702432554325E-4     6.285830927687721E-4     4.7061256438690047E-4    3.5095228503369264E-4    2.607152585708544E-4     1.929602676344852E-4     1.4229865941589075E-4    1.0457135746388339E-4    7.658617742480224E-5     5.590614939893688E-5     4.0680405817018055E-5    2.9510162067901532E-5    2.134331121880877E-5     1.539211510409869E-5     1.1069364589088785E-5    7.939181277530682E-6     5.6793327478472094E-6    4.052533382000358E-6     2.884708247493298E-6     2.048616771390823E-6     1.4515761396688985E-6    1.026301927166846E-6     7.241055487553736E-7     5.09864075027871E-7      3.583161077190305E-7     2.5134498083888765E-7    1.7599365834694402E-7    1.2301941175431223E-7    8.584479491368768E-8     5.97977984329357E-8      4.156062698805509E-8     2.876431316638981E-8     1.9674151476044328E-8    1.2902601614109432E-8    7.0438774037663526E-9    0
% Data
% c (mol/m^3) @ t=700, u1=0.05, u2=0.05
1                         0.9999593400235054       0.9998924594173925       0.9997880660673375       0.9996311636737775       0.9994021527270894       0.9990758058696062       0.9986201287154296       0.9979951287741272       0.9971515291602441       0.996029479928687        0.9945573374782153       0.9926506004406089       0.9902111073337357       0.9871266151182047       0.9832708864569543       0.9785044145630628       0.9726759057152009       0.9656246188500917       0.9571836278217353       0.9471840247057349       0.9354600230468194       0.921854850914775        0.9062272494291          0.8884583189398192       0.8684583893509987       0.8461735406858338       0.8215913721212458       0.7947456182772612       0.7657192442112416       0.7346457160120987       0.7017082393225712       0.667136877253922        0.6312035926793239       0.5942153963677816       0.5565059095734427       0.5184257558473527       0.4803322723102686       0.44257906887931475      0.40550596230432107      0.3694297717290873       0.3346363889663128       0.3013744378273357       0.2698507225983703       0.24022754665214646      0.21262186822704718      0.18710616006365624      0.16371075911688543      0.14242743566556987      0.12321387897094876      0.1059987880629312       0.09068726832753067      0.0771662631779203       0.06530979044183992      0.05498380034281005      0.04605052161641282      0.03837221059737658      0.031814262118404366     0.026247678785137344     0.021550925527852805     0.017611218949100373     0.014325316177912642     0.011599876445716159     0.009351471439749392     0.0075063188244957274    0.005999808322146726     0.004775882505322511     0.003786325939732519     0.002990007313952518     0.002352110322779585     0.0018433807727552818    0.0014394099422969792    0.0011199678131287763    8.683944493805508E-4     6.71053513403683E-4      5.168485970835878E-4     3.968006052114932E-4     3.0368272781077123E-4    2.3170845180380486E-4    1.7626746474634254E-4    1.3370408117545157E-4    1.0113287628133803E-4    7.628645857393919E-5     5.7390684939324745E-5    4.306306443261892E-5     3.223057070933307E-5     2.4063557583816663E-5    1.792292737949201E-5     1.3318124343467572E-5    9.873907877920386E-6     7.304199216850234E-6     5.391589671048272E-6     3.971349162475432E-6     2.9189803267151786E-6    2.1405218391721796E-6    1.5648994342454084E-6    1.1376107244617611E-6    8.147976274932504E-7     5.56026780668806E-7      3.12173096212609E-7      0
% Data
% c (mol/m^3) @ t=800, u1=0.05, u2=0.05
1                         0.9999842852602575       0.9999583819100886       0.9999178023250368       0.9998565101179665       0.9997665008859566       0.9996373030942519       0.9994553939858083       0.9992035285156551       0.9988599837110123       0.9983977266849796       0.997783521840502        0.9969770015362996       0.9959297344424087       0.994584336601967        0.9928736812419471       0.9907202738242242       0.9880358676774837       0.9847214016090403       0.9806673428749012       0.9757545155058452       0.9698554841121014       0.9628365460923847       0.9545603603070814       0.9448892080343194       0.9336888434741506       0.920832848097232        0.9062073584608215       0.8897159941353476       0.8712847749489002       0.8508667888257395       0.8284463567257805       0.8040424424930717       0.7777110745317194       0.7495465833876825       0.7196815130815027       0.6882851312892977       0.6555605396174699       0.6217404646035577       0.5870818865264236       0.5518597305597637       0.516359897928952        0.4808719494904047       0.4456817681762243       0.41106451953076717      0.377278202447175        0.3445580381449685       0.3131118886017959       0.28311683099841095      0.2547169474185616       0.22802232396314145      0.20310919481416778      0.1800211178730641       0.15877103152282232      0.13934401778728642      0.12170058556815118      0.10578028770989133      0.09150549567242589      0.0787851734458633       0.06751851569556624      0.05759834167685465      0.048914164099132275     0.04135487905663318      0.034811047970501635     0.029176764207596496     0.024351115054492115     0.020239263784227655     0.016753186706477945     0.013812106612885712     0.01134266734855105      0.009278894880182005     0.007561988749469504     0.006139984746895629     0.004967325525377182     0.004004371141143051     0.003216876532809018     0.002575458022334743     0.0020550662613179767    0.0016344788018869657    0.0012958217327850693    0.0010241266287417386    8.069264174662373E-4     6.338916482446959E-4     4.965070049259449E-4     3.877866885032031E-4     3.020264397868764E-4     2.345894194813495E-4     1.8172285264585463E-4    1.4040222298644067E-4    1.0819982098941508E-4    8.31745644258836E-5      6.378017749933987E-5     4.8788986671791234E-5    3.722869292509618E-5     2.8329370177127655E-5    2.1477308403084488E-5    1.6170456313696175E-5    1.1965459365051087E-5    8.394733520942467E-6     4.804517371983972E-6     0
% Data
% c (mol/m^3) @ t=900, u1=0.05, u2=0.05
1                         0.999993758484724        0.9999834546437681       0.9999672705089355       0.99994273858048         0.9999065533803384       0.9998543409592362       0.9997803807089497       0.9996772742268847       0.999535556845612        0.9993432488906092       0.9990853458778572       0.9987432498077954       0.9982941475237747       0.9977103468069323       0.9969585864371022       0.9959993427401654       0.9947861619457183       0.9932650546617208       0.9913739954829741       0.9890425766219667       0.9861918688217471       0.9827345449569693       0.9785753209153382       0.9736117638969711       0.9677355096283164       0.9608339168369006       0.9527921696575509       0.9434958168052118       0.9328337111497437       0.9207012860034255       0.9070040766323508       0.8916613692050647       0.8746098367624865       0.8558070050093355       0.835234381766123        0.8129000843417842       0.7888408098319776       0.7631230145851817       0.7358432001155969       0.7071272420235132       0.6771287436829838       0.6460264446512509       0.6140207616748553       0.5813295844876257       0.5481834862342689       0.5148205367502555       0.48148092426797146      0.448401596471265        0.41581112519455443      0.38392498136432046      0.3529413796881439       0.3230378183709764       0.29436840039679246      0.26706198238718515      0.2412211573540597       0.21692204111053223      0.19421480054829554      0.1731248367446059       0.15365451766743884      0.13578534428958183      0.11948042989726236      0.10468717458445093      0.09134002437051783      0.07936321590330218      0.0686734220835837       0.05918222997126748      0.05079839891322135      0.04342986303003119      0.036985457265501516     0.03137635959118329      0.02651725331774053      0.022327222623973648     0.018730401354519286     0.01565639996298259      0.013040538383345603     0.010823913853307844     0.00895333257489209      0.007381132874662409     0.006064925502564258     0.004967274145351894     0.004055336355976288     0.0033004821051035543    0.0026779041974543416    0.002166231978800227     0.0017471571695965805    0.0014050783480301227    0.0011267685914546745    9.010690691401822E-4     7.18609934030875E-4      5.715586257445063E-4     4.5339454961232346E-4    3.5870778818465615E-4    2.830174988650051E-4     2.2260177299286173E-4    1.7432231733547322E-4    1.3540833493097174E-4    1.0312072184909519E-4    7.411904521161532E-5     4.3129223090688E-5       0
% Data
% c (mol/m^3) @ t=1000, u1=0.05, u2=0.05
1                         0.9999974806129905       0.999993316530164        0.9999867626598699       0.9999768007141175       0.9999620559474938       0.999940693376855        0.9999102898464491       0.999867678080948        0.9998087587757516       0.9997282768643504       0.9996195584387051       0.99947420544822         0.9992817463358993       0.99902924225394         0.9987008504934792       0.9982773493054221       0.9977356313956245       0.9970481770257239       0.9961825217707705       0.995100738449793        0.9937589573644093       0.9921069534942646       0.9900878333804846       0.987637857695191        0.9846864375201656       0.9811563426980722       0.9769641588493213       0.9720210253992224       0.9662336799705453       0.9595058246549849       0.9517398170678638       0.9428386740280404       0.9327083587521758       0.9212603044184384       0.9084141088679367       0.8941003182671124       0.8782632030324857       0.8608634184896112       0.8418804367453829       0.8213146360027757       0.7991889396032545       0.7755499095847304       0.7504682181624163       0.7240384444711422       0.6963781719101386       0.6676263919117782       0.6379412510877568       0.6074972085734494       0.5764816971420584       0.5450914036561775       0.5135283003686125       0.4819955676170125       0.450693550210166        0.4198158844116761       0.38954592049155207      0.3600535483383332       0.3314925119027315       0.3039982737603729       0.2776864653799156       0.25265193325476515      0.22896836724110498      0.20668847635278767      0.18584465972653616      0.1664501070182152       0.14850025335159442      0.13197450906727567      0.11683818362715155      0.1030445256495565       0.09053680658400438      0.07925038331150804      0.06911468428614316      0.06005507404945033      0.051994561445155546     0.044855327116373675     0.03856005546016604      0.03303306483056068      0.028201237210901363     0.02399475470616626      0.020347655006421116     0.017198221483920903     0.014489225901963537     0.012168042964316114     0.010186656273350633     0.008501574855581376     0.007073678414848771     0.005868008031262789     0.00485351725561401      0.004002796522992058     0.0032917815056988787    0.0026994532493296907    0.002207534127261487     0.0018001774590064687    0.0014636369858546546    0.0011858783755590136    9.560431700016829E-4     7.635620500495147E-4     5.964637632159294E-4     4.378728580353086E-4     2.584694576640278E-4     0
% Data
% c (mol/m^3) @ t=1100, u1=0.05, u2=0.05
1                         0.9999989605772778       0.999997241011136        0.999994530257737        0.9999904009743459       0.9999842727856015       0.9999753658721096       0.9999626428914508       0.9999447369952621       0.9999198634788201       0.9998857124116377       0.9998393194743446       0.9997769121989586       0.9996937289121393       0.9995838079537931       0.9994397452290924       0.9992524188938566       0.999010681012447        0.9987010173988685       0.9983071785800437       0.9978097869134659       0.9971859273360171       0.9964087319752553       0.9954469718442661       0.9942646719541267       0.9928207692621713       0.9910688357381413       0.9889568912468865       0.9864273326611347       0.9834170063616313       0.9798574507880964       0.975675333730283        0.9707931054001705       0.965129882884956        0.9586025743270574       0.9511272422148989       0.942620694737039        0.9330022826360472       0.9221958669189606       0.9101319107790026       0.8967496378859288       0.8819991895793936       0.8658437062077214       0.8482612535768185       0.8292465147600044       0.8088121707288218       0.78698990052338         0.7638309428531823       0.7394061757022574       0.7138056880495823       0.6871378373356769       0.6595278067788587       0.6311156969527074       0.602054205055213        0.5725059619784802       0.5426406107223624       0.5126317191923568       0.48265362554177893      0.45287831479768187      0.4234724216640061       0.3945944464962091       0.36639226008053394      0.33900095878643083      0.3125411157573298       0.2871174569707409       0.26281797412332697      0.23971347019765804      0.21785751894640326      0.19728680694114342      0.17802181666627143      0.16006780161350692      0.14341599950679354      0.12804502757243022      0.11392240395499184      0.1010061416620365       0.0892463654322728       0.0785869072611379       0.06896684257580613      0.060321935835714637     0.05258597128630631      0.045691951401932815     0.039573151963312556     0.03416402852852655      0.02940097413355176      0.025222932307227587     0.021571872850114162     0.01839314026134212      0.01563568612133424      0.01325219694413718      0.011199127480012413     0.009436644943033722     0.00792847935572038      0.006641652919161079     0.005546013396111581     0.0046133932839357095    0.0038159938900854617    0.0031231129695434017    0.002494299029803611     0.0018647876509910797    0.0011142939113229426    0
% Data
% c (mol/m^3) @ t=1200, u1=0.05, u2=0.05
1                         0.9999995690104733       0.9999988554373521       0.999997729009539        0.9999960099475993       0.999993452868503        0.9999897262291007       0.9999843862952693       0.9999768444580096       0.9999663265438131       0.9999518225902586       0.9999320253873611       0.9999052559317546       0.9998693738183907       0.9998216705204539       0.999758743503172        0.9996763492047793       0.9995692331242252       0.9994309356081148       0.9992535724569246       0.9990275901994033       0.9987414968370383       0.9983815700537779       0.9979315463262565       0.9973722960496834       0.996681491690737        0.9958332780474177       0.9947979558703515       0.993541692289431        0.9920262735781525       0.9902089176366733       0.9880421650255208       0.9854738682644023       0.9824472992506814       0.9789013938839738       0.974771151163158        0.9699882010430622       0.964481551145816        0.9581785170284249       0.9510058342039547       0.9428909426748237       0.9337634266265193       0.9235565834945454       0.9122090882723892       0.8996667111396724       0.8858840397465155       0.8708261522728906       0.8544701841270582       0.836806730212835        0.8178410263279702       0.7975938575644506       0.7761021485201623       0.7534191994926844       0.7296145442466654       0.7047734179245978       0.6789958375958671       0.6523953121280868       0.6250972118076672       0.5972368407415003       0.5689572659101957       0.5404069652903396       0.5117373633287613       0.48310032500224853      0.45464567966442115      0.42651884296449105      0.39885859956838166      0.37179510159720064      0.34544812809576214      0.31992563999303686      0.2953226534834249       0.27172044310217774      0.2491860745116642       0.22777225661498296      0.20751749344374296      0.18844650860613457      0.17057090910742553      0.15389005114636714      0.13839206803435264      0.12405501958589195      0.11084812302963402      0.09873302747950453      0.08766509704198927      0.07759467145357726      0.06846827746424923      0.06022976871599357      0.052821376280637704     0.04618465589354585      0.04026132058845149      0.03499394770385498      0.03032654470146857      0.02620494394309808      0.02257696203375946      0.019392182371127845     0.016601053217432875     0.0141526388823345       0.011989609977049563     0.010037472512043863     0.008181698787811695     0.006219423630052491     0.003757728733796298     0
