% Model:              2zones_40m.mph
% Version:            COMSOL 6.3.0.420
% Date:               Jul 9 2026, 09:27
% Dimension:          1
% Nodes:              101
% Expressions:        117
% Description:        Molar concentration, c
% Grid
0                         1                        2                        3                        4                        5                        6                        7                        8                        9                        10                       11                       12                       13                       14                       15                       16                       17                       18                       19                       20                       21                       22                       23                       24                       25                       26                       27                       28                       29                       30                       31                       32                       33                       34                       35                       36                       37                       38                       39                       40                       41                       42                       43                       44                       45                       46                       47                       48                       49                       50                       51                       52                       53                       54                       55                       56                       57                       58                       59                       60                       61                       62                       63                       64                       65                       66                       67                       68                       69                       70                       71                       72                       73                       74                       75                       76                       77                       78                       79                       80                       81                       82                       83                       84                       85                       86                       87                       88                       89                       90                       91                       92                       93                       94                       95                       96                       97                       98                       99                       100                     
% Data
% c (mol/m^3) @ t=0, u1=0.01, u2=0.01
1                         -4.52284577296406E-8     2.1593471701523156E-15   2.4290496195566453E-20   3.234029231194745E-26    3.296041953163355E-32    3.001660009989856E-38    2.568143168585174E-44    2.1115894652292956E-50   1.6890005337406043E-56   1.323917601468096E-62    1.0217940586562016E-68   7.790195122816518E-75    5.88064516280535E-81     4.402910824472971E-87    3.273866670895487E-93    2.42008336446942E-99     1.7799128735067816E-105  1.3033148956461391E-111  9.506353164339409E-118   6.910104932076722E-124   5.0075179189509404E-130  3.618794268209244E-136   2.60870650701879E-142    1.8763191843385523E-148  1.3467757137037435E-154  9.648653579061512E-161   6.900611668882769E-167   4.927386625890059E-173   3.513225083997009E-179   2.5015087296249207E-185  1.7788787070151382E-191  1.2635029233545034E-197  8.964486853538303E-204   6.353665619595131E-210   4.498841287921992E-216   3.182581786457071E-222   2.2494899530102538E-228  1.5886754562396356E-234  1.1211204880548903E-240  7.905933449710162E-247   5.571269719168548E-253   3.9234718259840655E-259  2.7613169209565617E-265  1.9422465388589418E-271  1.3653592927401014E-277  9.593019108380136E-284   6.736587369781129E-290   4.7283616157296576E-296  3.3172385754335086E-302  2.326197727742364E-308   1.630560837E-314         4.773E-321               0                        0                        0                        0                        0                        0                        0                        0                        0                        0                        0                        0                        0                        0                        0                        0                        0                        0                        0                        0                        0                        0                        0                        0                        0                        0                        0                        0                        0                        0                        0                        0                        0                        0                        0                        0                        0                        0                        0                        0                        0                        0                        0                        0                        0                        0                        0                        0
% Data
% c (mol/m^3) @ t=100, u1=0.01, u2=0.01
1                         0.8551207359120234       0.7035370973406725       0.5550797663659196       0.4187294404283539       0.30124528267747547      0.20630615495644358      0.13437088082976173      0.08324607884942425      0.04911660929372076      0.027660124837926972     0.014910901009438985     0.007720170566018066     0.0038525621851088253    0.0018594801978000835    8.709784859475929E-4     3.97148727998762E-4      1.7679450863214034E-4    7.703234612519885E-5     3.292808841974812E-5     1.3836856245124267E-5    5.726267043004903E-6     2.3375557974250385E-6    9.425811625581341E-7     3.759055932681417E-7     1.4842753951834007E-7    5.808202753619726E-8     2.2543802432186124E-8    8.685486831975137E-9     3.323752654216507E-9     1.2641074775966675E-9    4.780626525971975E-10    1.7985853054389765E-10   6.734430580675214E-11    2.510461663698885E-11    9.320342123338504E-12    3.4471786969156454E-12   1.2704710947973516E-12   4.667012435120156E-13    1.7091513621351505E-13   6.241298483624142E-14    2.2730026603241322E-14   8.257076643562174E-15    2.992393864897121E-15    1.0820229802341375E-15   3.9042159925135646E-16   1.405920505010535E-16    5.053162834639214E-17    1.8129419690028023E-17   6.493246388288838E-18    2.321847196452184E-18    8.289588014162051E-19    2.955229629967673E-19    1.052053306822617E-19    3.740242611356712E-20    1.3280144677274176E-20   4.709455424503961E-21    1.6681141533866633E-21   5.901861242228081E-22    2.0858355270044847E-22   7.36406275805857E-23     2.597279536201103E-23    9.151665503710747E-24    3.2216423884903934E-24   1.133091374381224E-24    3.981775908389497E-25    1.3980609505061334E-25   4.904844600785261E-26    1.7194361857217184E-26   6.0230954771167976E-27   2.108322115604558E-27    7.374759283595888E-28    2.5778761742345037E-28   9.005104757943003E-29    3.14366867491835E-29     1.0967670994947738E-29   3.824104041171738E-30    1.3325706992869331E-30   4.6409126842238445E-31   1.6153852064270995E-31   5.619724990543798E-32    1.9540096120599923E-32   6.790740692489099E-33    2.3588064988035296E-33   8.189508983875779E-34    2.8419683007332183E-34   9.857837152266587E-35    3.4178273355613367E-35   1.1844848279520134E-35   4.103216596685973E-36    1.4208211764985102E-36   4.917889373318664E-37    1.7015573868733634E-37   5.885006200617134E-38    2.034619297479207E-38    7.031611867158462E-39    2.4289946670700497E-39   8.379765820036495E-40    2.863924462534487E-40    8.936837541915152E-41    0
% Data
% c (mol/m^3) @ t=200, u1=0.01, u2=0.01
1                         0.910695049588524        0.8143184375356266       0.7140391059810914       0.613256172441459        0.5153179432541053       0.4232434939721767       0.33948247912303764      0.2657454641376334       0.20292742345023887      0.15113181634407916      0.10978462379394457      0.07781147178657172      0.053841332506590865     0.03640024335654926      0.024067401239686564     0.015579884558284554     0.009885923372126243     0.006156203706283828     0.003766855159435368     0.0022674310840138613    0.0013442527569214049    7.857775200619005E-4     4.5336123360196383E-4    2.584292837485519E-4     1.4567648719980388E-4    8.127499165318285E-5     4.49144138963762E-5      2.460315878459257E-5     1.3367868036555064E-5    7.208846376200079E-6     3.860520988099358E-6     2.0541227344236783E-6    1.0864560856915835E-6    5.714667756789815E-7     2.9904371133719976E-7    1.5574015358104172E-7    8.074820487053302E-8     4.169303817389458E-8     2.144438661288281E-8     1.0989909964954216E-8    5.613153763825787E-9     2.857890702226704E-9     1.4507620271431088E-9    7.344086299033308E-10    3.708030287108992E-10    1.8675828085997245E-10   9.384465691473854E-11    4.70532461360264E-11     2.3543603866873116E-11   1.175732790758455E-11    5.8606001389385494E-12   2.9161877281479847E-12   1.4486649344379927E-12   7.185151222289175E-13    3.5583877591513674E-13   1.7597526104351378E-13   8.690813533441079E-14    4.286543646009849E-14    2.1116299991338884E-14   1.0390016994183559E-14   5.1065212767705216E-15   2.507065503575613E-15    1.2295827683138122E-15   6.024487650750548E-16    2.948969902199316E-16    1.4421984320074197E-16   7.046927343431364E-17    3.4404038342173033E-17   1.6782932512910517E-17   8.180658259364448E-18    3.984585078077653E-18    1.9393858510961838E-18   9.432847331868586E-19    4.584895871534242E-19    2.2270723401139284E-19   1.0811026522546688E-19   5.2448904064846066E-20   2.5430298250330067E-20   1.2323109311392187E-20   5.9683025712249E-21      2.88902004723223E-21     1.3977407784984043E-21   6.759053982031083E-22    3.2668931584333906E-22   1.5782650388132324E-22   7.621262329138779E-23    3.6785916422817034E-23   1.774800028958236E-23    8.559249832583551E-24    4.1261538648095475E-24   1.988306208319305E-24    9.577522969847215E-25    4.611649675157206E-25    2.219629420133746E-25    1.0677018380436664E-25   5.1283765008326684E-26   2.4488931442787765E-26   1.1373018797203768E-26   4.533505022321729E-27    0
% Data
% c (mol/m^3) @ t=300, u1=0.01, u2=0.01
1                         0.9346285450066134       0.8633366588454191       0.787630690134714        0.7092199571503719       0.6299205939740252       0.5515504765657723       0.47582443241694         0.40425907690272206      0.3380956875415262       0.27824760234915963      0.22527591853598142      0.17939409730743494      0.14049885955861913      0.10822193402076617      0.08199521895004139      0.061121064051767524     0.04483979948421907      0.03238819582907466      0.023044838306061213     0.016160901716086074     0.011177007105527888     0.007628384448243494     0.005141344269010341     0.0034241603974635862    0.0022550875808807435    0.0014696109152013141    9.483426395188549E-4     6.063746045973557E-4     3.8442483452375746E-4    2.4179668749276675E-4    1.5098109678311045E-4    9.364475232776257E-5     5.772691603176085E-5     3.53868993791133E-5      2.1582448576766333E-5    1.310289418737442E-5     7.922197779690215E-6     4.7723129236056705E-6    2.865490309525014E-6     1.7156427421931603E-6    1.0246433678047196E-6    6.106404877745541E-7     3.6324813238873976E-7    2.1575108858080862E-7    1.2798241509599073E-7    7.584035142454142E-8     4.490528728338285E-8     2.6572091311771328E-8    1.571661839210117E-8     9.293130352860388E-9     5.494015432114532E-9     3.247801977986485E-9     1.9199948763863216E-9    1.1351501385360925E-9    6.712350037341764E-10    3.9699357200153417E-10   2.3485205363415107E-10   1.3896877631289712E-10   8.22542340600188E-11     4.8699043048317016E-11   2.884058505225853E-11    1.7084701188900516E-11   1.012341226808138E-11    6.000092308135099E-12    3.557089088805162E-12    2.109264556902528E-12    1.251008291838812E-12    7.42121963289595E-13     4.4032107999291024E-13   2.612979601046942E-13    1.55084496456366E-13     9.2057746705392E-14      5.465199271593954E-14    3.244889116658417E-14    1.926800750789148E-14    1.1442268425964716E-14   6.7955017097507655E-15   4.036092106987923E-15    2.3973266325149048E-15   1.4240221783702069E-15   8.459152039100406E-16    5.025217707372382E-16    2.985373174127527E-16    1.7736014801402801E-16   1.0537202855357524E-16   6.260441105958878E-17    3.719575675768078E-17    2.2099853363921843E-17   1.3130807609206626E-17   7.80184449266255E-18     4.635557078258629E-18    2.7541734184012258E-18   1.6361463666328588E-18   9.715351515403223E-19    5.760604167873582E-19    3.3999024193225834E-19   1.9767150808052226E-19   1.0923734715974397E-19   4.937966993909992E-20    0
% Data
% c (mol/m^3) @ t=400, u1=0.01, u2=0.01
1                         0.9487491342223415       0.8925296828452046       0.8321543417438363       0.7685872936482467       0.7029063400663738       0.6362576763194979       0.5698060186872351       0.5046832631987558       0.4419391021789915       0.3824970047618277       0.3271186495571239       0.2763792707159315       0.23065546733272516      0.19012590336054536      0.15478411539552464      0.1244615114174804       0.0988577554053019       0.0775752289365372       0.060154210069803773     0.04610579101053482      0.03494026503359767      0.02618959328764788      0.01942344763344305      0.014259080859906119     0.010365818409739888     0.007465271991222459     0.005328467958512587     0.0037710132740584215    0.0026472499376068125    0.0018441309478907752    0.0012753302941783246    8.759039735375628E-4     5.976624701419615E-4     4.053007872707915E-4     2.7325646024012426E-4    1.8322199541746234E-4    1.2221785353603247E-4    8.112791933796395E-5     5.360516171249372E-5     3.526620610279555E-5     2.3106571986118773E-5    1.5081324134303489E-5    9.807698627045986E-6     6.356370122706756E-6     4.106302242185071E-6     2.6446750881397576E-6    1.6984331439778097E-6    1.0878014895807438E-6    6.949311891140841E-7     4.4288057582229866E-7    2.816060039977201E-7     1.7867414089586898E-7    1.1313490146092265E-7    7.149800833818782E-8     4.5102229276278734E-8    2.8402085037921892E-8    1.7856212679581633E-8    1.1208607423187461E-8    7.025400623825919E-9     4.397232597234799E-9     2.7485677698162575E-9    1.71585271216042E-9      1.069858232434672E-9     6.662997142757646E-10    4.145082373999767E-10    2.5759558409134034E-10   1.5992104632698305E-10   9.918678665500627E-11    6.146118067719303E-11    3.8050791006627214E-11   2.3537375692793752E-11   1.4547852157244141E-11   8.984631797924862E-12    5.544667847501009E-12    3.419299726538673E-12    2.107157713491449E-12    1.2976762351838341E-12   7.986485392607736E-13    4.912189755287729E-13    3.0194939846567013E-13   1.854991099401183E-13    1.1389553209904304E-13   6.98935148732949E-14     4.286868344881429E-14    2.6279907727814463E-14   1.610256036684232E-14    9.861887630274496E-15    6.037057620495451E-15    3.693993697480256E-15    2.2593124716449193E-15   1.3812272976312162E-15   8.440134919963921E-16    5.154395799607933E-16    3.144739491286033E-16    1.914510168643334E-16    1.158837461166125E-16    6.895551669053753E-17    3.885467973343195E-17    1.7799322682596333E-17   0
% Data
% c (mol/m^3) @ t=500, u1=0.01, u2=0.01
1                         0.9580058658742031       0.9117827252672004       0.861814452884773        0.8086961941345117       0.7531168769343731       0.6958368605206496       0.6376617363279526       0.5794135975603761       0.5219013208441009       0.4658915286545903       0.41208190489934615      0.36107840795781915      0.3133776681087663       0.26935548600349246      0.22926189560627955      0.19322276016134363      0.1612473821244385       0.1332411785018039       0.10902214777106276      0.08833966754580286      0.07089412905582858      0.05635602927587187      0.04438337733815346      0.03463658670710453      0.026790369921237636     0.020542482670128245     0.01561944287805662      0.011779556848458625     0.00881371159469037      0.006544445675914633     0.004823803786541956     0.0035304304694939136    0.002566283252734142     0.0018532604838387818    0.0013299557072572136    9.486761585714149E-4     6.728018263538846E-4     4.7451473698588155E-4    3.3289490456602124E-4    2.3235788620346436E-4    1.6139673806791474E-4    1.115859911664091E-4     7.680491010376535E-5     5.2639990174379164E-5    3.5931025329643634E-5    2.4430162901483672E-5    1.65484967333584E-5      1.1169540588870234E-5    7.513158601123915E-6     5.037129052954887E-6     3.3664848883235337E-6    2.243160019181817E-6     1.4903491132820447E-6    9.87441769125869E-7      6.524988407917379E-7     4.300702738739903E-7     2.827710384448064E-7     1.8548486481270763E-7    1.2139484811419715E-7    7.92772340990559E-8      5.1664181943826605E-8    3.36014549025345E-8      2.1811574896825938E-8    1.4132134665258269E-8    9.140084205203643E-9     5.90123329975631E-9      3.803756071946009E-9     2.4478549324161448E-9    1.5728470452803784E-9    1.009110239192804E-9     6.464939622330921E-10    4.136047124884373E-10    2.642543007148336E-10    1.6861404501534219E-10   1.0745315518502466E-10   6.839370938615093E-11    4.348122207551041E-11    2.761164078000402E-11    1.7514718672393234E-11   1.1098122535162347E-11   7.0249873971189175E-12   4.442269995228638E-12    2.8063435140335278E-12   1.7711924489897098E-12   1.1168420435469337E-12   7.036073346889952E-13    4.4288659408640714E-13   2.785406453378549E-13    1.7503611973651344E-13   1.0990479947308511E-13   6.895349600817877E-14    4.32245615550873E-14     2.7069230927952552E-14   1.6927440301923644E-14   1.0555472926684494E-14   6.5368565660359946E-15   3.971670030856995E-15    2.2771011822054773E-15   1.0554944913832322E-15   0
% Data
% c (mol/m^3) @ t=600, u1=0.01, u2=0.01
1                         0.964632025921742        0.9256128193444942       0.8832452395790633       0.8379154705447739       0.790084283548454        0.7402751154465308       0.6890593951750655       0.6370397211624191       0.5848316331183627       0.5330448222588262       0.48226467466311085      0.43303503703969337      0.38584303070344017      0.3411066205953818       0.29916547886420697      0.2602754783298519       0.2246069251253664       0.19224640954613575      0.16320193824951515      0.13741082730177812      0.11474969927538262      0.09504584912306585      0.07808922723712386      0.06364433146866953      0.05146139399594469      0.04128637981026736      0.03286946442913645      0.02597181218190528      0.020370618068219326     0.015862494584844566     0.012265373502598544     0.009419149386710485     0.007185318581823097     0.0054458690434832655    0.004101658892912625     0.00307049136823979      0.0022850569195369138    0.0016908744913787092    0.0012443272240984136    9.108552696257618E-4     6.633414151460466E-4     4.807040985367399E-4     3.4669690946183696E-4    2.489031317730692E-4     1.77907435801767E-4      1.2662356833619473E-4    8.975596403054158E-5     6.337387770060777E-5     4.457831255912015E-5     3.124423399214752E-5     2.1822977713032767E-5    1.5192157962812943E-5    1.0542614086880445E-5    7.293924794904282E-6     5.031736949930263E-6     3.461598655615302E-6     2.375172353374152E-6     1.625660406231514E-6     1.1100351860584168E-6    7.562601689375896E-7     5.141480143371203E-7     3.488527175252269E-7     2.36258491194365E-7      1.5972701941468444E-7    1.0781254877609373E-7    7.266322591901851E-8     4.8906794653335573E-8    3.287668091555545E-8     2.207630969529049E-8     1.4809511229174675E-8    9.926296166193276E-9     6.648490517875587E-9     4.450469204542732E-9     2.9777865451596993E-9    1.9917960040093552E-9    1.3320437877214338E-9    8.907861842076429E-10    5.957563853447234E-10    3.9853168870423015E-10   2.6669448482874576E-10   1.7855805781985677E-10   1.1962311192265151E-10   8.020017223387427E-11    5.381611253857321E-11    3.6147297993253635E-11   2.4305936716799962E-11   1.6363057193526465E-11   1.1029845238532565E-11   7.444866675949925E-12    5.032035514564901E-12    3.405819029464433E-12    2.3079657460525163E-12   1.5652588116435864E-12   1.0612836588815955E-12   7.175251613508218E-13    4.806576270171327E-13    3.1391582315593346E-13   1.9110531591145163E-13   9.223491960452323E-14    0
% Data
% c (mol/m^3) @ t=700, u1=0.01, u2=0.01
1                         0.9697311662982193       0.9362770965684457       0.8998259227345212       0.8606291402919254       0.8189975973309007       0.7752953673976126       0.7299316594311933       0.6833510149070544       0.6360221313290282       0.5884257270017905       0.5410419197037383       0.4943376273309759       0.44875450863776467      0.4046979449060988       0.3625275182139742       0.3225493700639243       0.2850107284503734       0.2500967769225674       0.21792991271479817      0.1885713111171431       0.16202458959578675      0.13824125758074782      0.11712755518600987      0.09855223307102395      0.08235480960780164      0.06835386008331859      0.05635494169020686      0.04615783034062974      0.03756283181679053      0.030376020911943954     0.02441334931437401      0.01950363915647277      0.015490539865214774     0.012233569137482867     0.009608384634933527     0.0075064431333701845    0.005834201224153435     0.004511999585888717     0.0034727546558255096    0.0026605602132334562    0.002029279367585845     0.001541186515439665     0.0011657001678346663    8.782317935758674E-4     6.591631842365001E-4     4.929552260261731E-4     3.673840638432261E-4     2.728960578750064E-4     2.020702194800335E-4     1.491755390325143E-4     1.0981039479117776E-4    8.06117281242013E-5      5.902261971275918E-5     4.3108098249582835E-5    3.141030709729665E-5     2.283544102059492E-5     1.656607711126426E-5     1.1993622358681724E-5    8.666566640946526E-6     6.25106023714768E-6      4.501034645241044E-6     3.2356654348219167E-6    2.3224497682151062E-6    1.6645536834790995E-6    1.1913895100273698E-6    8.516250687855075E-7     6.080153251014279E-7     4.3359404924878933E-7    3.0887635313391247E-7    2.1980980193016407E-7    1.5627792688676204E-7    1.110100414058134E-7     7.878898458885057E-8     5.587669477652266E-8     3.959861906500931E-8     2.8043647972345833E-8    1.9847874158860605E-8    1.4039037240165149E-8    9.92481139734526E-9      7.012705030981162E-9     4.952711680211247E-9     3.496306792761758E-9     2.4671693103276635E-9    1.7403006712236307E-9    1.227149584813961E-9     8.650263861543193E-10    6.095773831996059E-10    4.2943951769465254E-10   3.02446838980011E-10     2.1294029998516489E-10   1.4986118755865636E-10   1.054005159034372E-10    7.404233511468342E-11    5.188560589095846E-11    3.6162414946063287E-11   2.4893661338670407E-11   1.6639613511357817E-11   1.03137657677939E-11     5.0354141500520334E-12   0
% Data
% c (mol/m^3) @ t=800, u1=0.01, u2=0.01
1                         0.9737224106953499       0.9446391433315596       0.9128656570964468       0.8785664464334324       0.841953473884461        0.8032831648063193       0.7628519955785857       0.7209907642720755       0.6780576899837903       0.6344305415547098       0.5904980454154433       0.5466508630329018       0.5032724580854705       0.46073018950476036      0.41936696673434193      0.37949378649259063      0.3413834354764246       0.3052655915336322       0.2713234890325562       0.2396922361389025       0.2104587875022417       0.18366349148408478      0.15930305295780503      0.1373346869869932       0.11768119036697855      0.10023663038355247      0.08487234434978885      0.0714429584445306       0.059792167033832534     0.04975805949215209      0.04117783526274141      0.033891804153502715     0.02774662285936291      0.02259776664039468      0.018311274407799116     0.014764834886759455     0.011848300882868654     0.009463728724988506     0.007525042055997274     0.005957414991480357     0.004696461050594343     0.0036873028682217804    0.0028835849824767165    0.002246479123817211     0.0017437192686992958    0.0013486928267177842    0.00103960501787407      7.987258766417054E-4     6.117233537670623E-4     4.6708153748753803E-4    3.555998874081166E-4     2.6996734599714096E-4    2.0440404296379787E-4    1.5436283022648149E-4    1.162828979219333E-4     8.738807199522403E-5     6.552295795523026E-5     4.902077775590082E-5     3.6597476431721625E-5    2.7267401789529387E-5    2.0276550658766473E-5    1.5050008545139509E-5    1.1150775448769719E-5    8.247665574013864E-6     6.09039395775036E-6      4.490323020524018E-6     3.3056427939109677E-6    2.430006992117418E-6     1.7838502166737347E-6    1.3077761700901636E-6    9.575390312674112E-7     7.002456680430175E-7     5.114899723594263E-7     3.731964399933267E-7     2.720016610972252E-7     1.9804252890733931E-7    1.4405108103959667E-7    1.046798838374459E-7     7.600030194565058E-8     5.513009658367134E-8     3.9957544075358225E-8    2.8937429807138775E-8    2.094045304242547E-8     1.5142242334328618E-8    1.0941691260770828E-8    7.900958288716514E-9     5.701446209550376E-9     4.1115487461755444E-9    2.9630485674865675E-9    2.1338659945284262E-9    1.5354620863922784E-9    1.1036469412003561E-9    7.91873966717588E-10     5.663434425700968E-10    4.024160699085747E-10    2.819656471523502E-10    1.913912234697714E-10    1.200711382439967E-10    5.907928613177351E-11    0
% Data
% c (mol/m^3) @ t=900, u1=0.01, u2=0.01
1                         0.9769096582502079       0.951326661212274        0.9233199834475538       0.8929972222581284       0.8605042390273556       0.826023796564155        0.7897731789204313       0.752000815665135        0.712981970040753        0.6730135883469812       0.6324084446138714       0.591488748282007        0.5505794112320558       0.5100011921348032       0.47006394890727676      0.43106023256064846      0.3932594469114852       0.35690277817088467      0.32219906680145055      0.2893217525872928       0.25840697479813357      0.22955285558281407      0.20281993976111803      0.17823271168603744      0.15578206339407458      0.13542855094606665      0.11710624998616162      0.10072700838164005      0.08618489347977523      0.07336064305043352      0.06212595045674988      0.05234744342866408      0.043890249089277904     0.036621072685650395     0.030410751176813675     0.025136273306653918     0.02068228353246454      0.016942107334808394     0.013818349745304876     0.01122312764045004      0.009078000075495673     0.007313660519064122     0.005869451248596015     0.004692754331801189     0.0037383064260718595    0.0029674768257286436    0.002347540373943545     0.0018509694741074333    0.00145476278021855      0.0011398223869329065    8.903865440704035E-4     6.935210769502471E-4     5.386697382931545E-4     4.172615513795149E-4     3.223717125430545E-4     2.484316844413957E-4     1.909836150339039E-4     1.4647405634610143E-4    1.1208204099648357E-4    8.557682697053381E-5     6.520098072285099E-5     4.957488738373957E-5     3.7619218598777446E-5    2.8492327420386537E-5    2.1539958060829755E-5    1.6255045114363975E-5    1.2245725972522553E-5    9.209999183533258E-6     6.915730633543973E-6     5.184940572171936E-6     3.881500647457668E-6     2.9015347969466886E-6    2.165954806484158E-6     1.614674296517368E-6     1.202137323679588E-6     8.938728917574749E-7     6.638473051463701E-7     4.924349666306903E-7     3.6486706884901116E-7    2.700484793048378E-7     1.9965750240857309E-7    1.474623890346449E-7     1.0880349932384426E-7    8.020176042749145E-8     5.9063187962640683E-8    4.345631350782859E-8     3.194482456256213E-8     2.3461931046631304E-8    1.721620281384441E-8     1.2621095489132294E-8    9.242269240223324E-9     6.758240905323518E-9     4.930998072074205E-9     3.584024140696419E-9     2.5857969395330507E-9    1.8372756023866184E-9    1.2622140779183678E-9    7.993569424018919E-10    3.9569633500800276E-10   0
% Data
% c (mol/m^3) @ t=1000, u1=0.01, u2=0.01
1                         0.9795140864191991       0.9567975657832205       0.9318887744722661       0.904856935849403        0.8758023946459562       0.8448561334494605       0.8121785441221803       0.7779574497642702       0.7424053976309273       0.7057562693521785       0.6682612808507834       0.6301844693331489       0.5917977873777672       0.5533759431836291       0.5151911402482895       0.4775078780561562       0.44057797695214224      0.40463598476387175      0.3698951098249873       0.3365438051926246       0.304743102849479        0.2746247657763004       0.24629029159376778      0.2198107659077812       0.19522752861004972      0.17255358424815667      0.15177566007822815      0.13285679410423445      0.11573932136716471      0.10034812047639619      0.08659398376766982      0.07437698284614194      0.0635897154705067       0.054120338262501747     0.04585531092598886      0.0386817998731749       0.03248971087222525      0.0271733402986205       0.022632651865207045     0.018774199743825264     0.01551172952787397      0.012766495561704682     0.01046733704738697      0.008550556457752595     0.006959642652521927     0.005644878258385468     0.004562866864068354     0.0036760108765424623    0.002951965891222836     0.002363092471448161     0.0018859215519071344    0.0015006454406460187    0.0011906426911622856    9.420419908338956E-4     7.433276628778647E-4     5.849873738554661E-4     4.59201125105321E-4      3.595695208781621E-4     2.808785806390488E-4     2.1889793118507942E-4    1.702090135302416E-4     1.3205991416868074E-4    1.0224353227004097E-4    7.899598348656942E-5     6.091238495357463E-5     4.687743937901252E-5     3.6008519674363056E-5    2.7609235466979065E-5    2.1131729471277367E-5    1.6146198955637437E-5    1.2316361972232829E-5    9.379788170146898E-6     7.1321898828149164E-6    5.414921753034293E-6     4.105068048718683E-6     3.1076080062407252E-6    2.349243149986108E-6     1.7735487260901948E-6    1.3371762227300124E-6    1.0068873529807177E-6    7.57243595534988E-7      5.68810977260422E-7      4.267685994405649E-7     3.1983263034930234E-7    2.3942611170512755E-7    1.790398006654759E-7     1.3374109920988555E-7    9.979749534297472E-8     7.438833816472021E-8     5.53845859601044E-8      4.1180723172402695E-8    3.05665963295438E-8      2.262967667587438E-8     1.668038111031746E-8     1.2194699359999747E-8    8.769579331255119E-9     6.087381950616049E-9     3.886273433026306E-9     1.9336925670592313E-9    0
% Data
% c (mol/m^3) @ t=1100, u1=0.01, u2=0.01
1                         0.981684475175844        0.9613607235999999       0.9390462787881596       0.9147836856689473       0.8886410241647441       0.8607119092773616       0.8311149384657343       0.7999925721020146       0.7675094494173966       0.7338501600753892       0.6992165097047158       0.6638243356654343       0.6278999462317538       0.5916762714547597       0.5553888264420251       0.5192715969510315       0.4835529624447474       0.4484517726611446       0.4141736900562369       0.3809079021655805       0.348824295205094        0.3180711635583214       0.2887735098729962       0.2610319682289031       0.23492235932793132      0.21049586309359508      0.1877797716833819       0.1667787658918757       0.14747664129008856      0.12983839801312444      0.11381260038640999      0.09933390974967307      0.08632569573825022      0.07470263744286151      0.06437323556789352      0.05524216904589235      0.047212443558140665     0.0401872940762676       0.03407181797638706      0.028774328723704362     0.024207431998188738     0.020288836040932193     0.016941915746317076     0.0140960555776509       0.01168679985435927      0.009655840562715255     0.007950872863136208     0.006525347223217382     0.005338144920138528     0.004353200834877259     0.003539094276694389     0.0028686252598753696    0.0023183903892295605    0.001868369433377921     0.0015015308693065341    0.0012034622242485685    9.620289466891316E-4     7.67063807717409E-4      6.1008744963933E-4       4.840596310837016E-4     3.831599298942971E-4     3.025961167157311E-4     2.3843806290580185E-4    1.8747485770396403E-4    1.4709274625605384E-4    1.1517153110065986E-4    8.99971785306631E-5      7.018851582538052E-5     5.463607793192128E-5     4.245134884379071E-5     3.292483314197016E-5     2.5491579257120684E-5    1.9702952676295974E-5    1.5203621149304941E-5    1.171286302805854E-5     9.009443399245546E-6     6.919420668670009E-6     5.306349318480978E-6     4.0634336544444384E-6    3.1072636784088095E-6    2.372829055823855E-6     1.8095618157996593E-6    1.3782042009512457E-6    1.0483361798171717E-6    7.96428650871397E-7      6.043142985043475E-7     4.579892883572079E-7     3.4667628092741535E-7    2.6209326160706514E-7    1.978839978768456E-7     1.4917501738683062E-7    1.1223125197243194E-7    8.41882395179055E-8      6.284328216945493E-8     4.649143284240508E-8     3.379477631871112E-8     2.3675288858488133E-8    1.522264984095163E-8     7.608729071823004E-9     0
% Data
% c (mol/m^3) @ t=1200, u1=0.01, u2=0.01
1                         0.9835219043542305       0.9652265114990758       0.9451169103712548       0.923216650207116        0.899570399131229        0.8742442150364996       0.8473254012888289       0.8189219298627681       0.789161425832711        0.7581897193877877       0.7261689843209398       0.693275494821333        0.6596970448925721       0.6256300863255697       0.591276651375116        0.5568411346495467       0.5225270147994189       0.48853360003278096      0.45505288203546673      0.42226658039336434      0.3903434540887681       0.35943694820487126      0.3296832328971393       0.3011996783955739       0.2740837948349832       0.24841264972515598      0.2242427595974022       0.20161043655964775      0.180532555906406        0.1610076982455755       0.143017609391805        0.1265289139531551       0.11149501433802629      0.09785810587000236      0.08555124066333421      0.07450037755238366      0.06462636221752853      0.05584679014734407      0.048077714617427623     0.041235171848776744     0.03523650537797063      0.03000148095160758      0.025453191573932474     0.02151875942667475      0.018129847093020887     0.015222994805681936     0.01273980334253578      0.010626983821837565     0.008836296160940654     0.007324397545570624     0.006052621110369203     0.004986703352244163     0.004096476768642295     0.0033555419942571667    0.0027409314369778908    0.002232774194542009     0.00181396994772516      0.0014698776293037424    0.0011880229938614427    9.578277768872765E-4     7.703619331439142E-4     6.181194737274143E-4     4.948176607984995E-4     3.9521874614174097E-4    3.1497302963760576E-4    2.5048174101356023E-4    1.9877808829539683E-4    1.5742474638647352E-4    1.2442605867749924E-4    9.815327568656767E-5     7.728124231842977E-5     6.073505692081274E-5     4.764535086197693E-5     3.731096901449691E-5     2.9167963376780148E-5    2.2763939789842578E-5    1.7736918346227637E-5    1.3797979753664942E-5    1.071707156716717E-5     8.311439442899487E-6     6.436229472091981E-6     4.976878633528457E-6     3.842972089214188E-6     2.9632992022059064E-6    2.2818856053241607E-6    1.754817236180274E-6     1.347704798164494E-6     1.0336643838805852E-6    7.917127211456358E-7     6.054943162837598E-7     4.6227324476258015E-7    3.521349689970642E-7     2.673537650537634E-7     2.0188945569080044E-7    1.509834411877163E-7     1.1082867544102661E-7    7.829134775629222E-8     5.0663592595752886E-8    2.542642585189203E-8     0
% Data
% c (mol/m^3) @ t=0, u1=0.01, u2=0.03
1                         -4.52284577296406E-8     2.1593471701523156E-15   2.4290496195566453E-20   3.234029231194745E-26    3.296041953163355E-32    3.001660009989856E-38    2.568143168585174E-44    2.1115894652292956E-50   1.6890005337406043E-56   1.323917601468096E-62    1.0217940586562016E-68   7.790195122816518E-75    5.88064516280535E-81     4.402910824472971E-87    3.273866670895487E-93    2.42008336446942E-99     1.7799128735067816E-105  1.3033148956461391E-111  9.506353164339409E-118   6.910104932076722E-124   5.0075179189509404E-130  3.618794268209244E-136   2.60870650701879E-142    1.8763191843385523E-148  1.3467757137037435E-154  9.648653579061512E-161   6.900611668882769E-167   4.927386625890059E-173   3.513225083997009E-179   2.5015087296249207E-185  1.7788787070151382E-191  1.2635029233545034E-197  8.964486853538303E-204   6.353665619595131E-210   4.498841287921992E-216   3.182581786457071E-222   2.2494899530102538E-228  1.5886754562396356E-234  1.1211204880548918E-240  7.932296492923964E-247   6.265074115737844E-253   4.945027721928316E-259   3.9006819002212116E-265  3.075067521375022E-271   2.4228314652704657E-277  1.907908129732895E-283   1.5016472802840992E-289  1.1813115653196743E-295  9.288727367091147E-302   7.300486907410638E-308   5.7353606426E-314        4.2845E-320              0                        0                        0                        0                        0                        0                        0                        0                        0                        0                        0                        0                        0                        0                        0                        0                        0                        0                        0                        0                        0                        0                        0                        0                        0                        0                        0                        0                        0                        0                        0                        0                        0                        0                        0                        0                        0                        0                        0                        0                        0                        0                        0                        0                        0                        0                        0                        0
% Data
% c (mol/m^3) @ t=100, u1=0.01, u2=0.03
1                         0.8551207359120234       0.7035370973406725       0.5550797663659196       0.4187294404283539       0.30124528267747547      0.20630615495644358      0.13437088082976176      0.08324607884942431      0.04911660929372076      0.027660124837926982     0.014910901009438983     0.007720170566018069     0.003852562185108826     0.0018594801978000842    8.709784859475933E-4     3.9714872799876213E-4    1.7679450863214042E-4    7.703234612519887E-5     3.2928088419748134E-5    1.383685624512427E-5     5.726267043004903E-6     2.337555797425039E-6     9.425811625581341E-7     3.7590559326814187E-7    1.484275395183402E-7     5.808202753619761E-8     2.2543802432187295E-8    8.685486831978813E-9     3.3237526542280996E-9    1.2641074776331677E-9    4.780626527119453E-10    1.7985853090407933E-10   6.734430693547529E-11    2.510462016804515E-11    9.32035314973747E-12     3.4472130631285086E-12   1.270577988479994E-12    4.670330189951963E-13    1.7194256917416247E-13   6.558707874398412E-14    2.6483800726205822E-14   1.066766821398155E-14    4.286948064485434E-15    1.7189911766962708E-15   6.878572006787959E-16    2.7470747421737666E-16   1.0950521046541789E-16   4.3574498513177573E-17   1.7310174254084486E-17   6.865580501129069E-18    2.7188967150568803E-18   1.0751729640917464E-18   4.2458301515394505E-19   1.6744498128744196E-19   6.595257208710654E-20    2.5945657591642055E-20   1.0195130144828035E-20   4.0016258387908715E-21   1.5689714158017739E-21   6.145348741811938E-22    2.4046287715807837E-22   9.400168404778493E-23    3.6713391740589553E-23   1.4326134397948067E-23   5.585509055736988E-24    2.175898320123324E-24    8.469713788432312E-25    3.294312209192063E-25    1.2803764040887357E-25   4.9727647377579684E-26   1.9299917947894768E-26   7.485482324427561E-27    2.901348695014504E-27    1.1238400205843197E-27   4.350525454381213E-28    1.683136918170031E-28    6.507964877817833E-29    2.5149315106020216E-29   9.71335382884918E-30     3.749565357537709E-30    1.4466638620376519E-30   5.578730453961378E-31    2.15025504026226E-31     8.283941049104871E-32    3.1899348504977017E-32   1.2278054777154733E-32   4.723731601793067E-33    1.816575784379556E-33    6.9829523267940535E-34   2.683158343696408E-34    1.0305746527771697E-34   3.956786713579684E-35    1.5185873420147637E-35   5.8260512025675775E-36   2.2343240961054607E-36   8.564913417251779E-37    3.2791441451101078E-37   1.2441792828280621E-37   4.31785459495681E-38     0
% Data
% c (mol/m^3) @ t=200, u1=0.01, u2=0.03
1                         0.9106950495885239       0.8143184375356266       0.7140391059810915       0.613256172441459        0.5153179432541054       0.42324349397217687      0.33948247912303764      0.2657454641376335       0.20292742345023895      0.15113181634407916      0.10978462379394456      0.07781147178657169      0.053841332506590865     0.03640024335654926      0.02406740123968655      0.015579884558284548     0.009885923372126243     0.006156203706283839     0.003766855159435398     0.002267431084013931     0.0013442527569215658    7.85777520062267E-4      4.5336123360279943E-4    2.584292837504543E-4     1.4567648720412938E-4    8.127499166300437E-5     4.491441391864546E-5     2.4603158835010904E-5    1.3367868150525514E-5    7.208846633405987E-6     3.860521567549296E-6     2.0541240374574293E-6    1.0864590102171175E-6    5.71473326065442E-7      2.990583512365631E-7     1.557727982773775E-7     8.082082042569702E-8     4.1854148453949765E-8    2.1800855767202025E-8    1.1776318586652933E-8    6.630942309878942E-9     3.722471951342397E-9     2.0838084754502112E-9    1.1633968786154766E-9    6.479024706047593E-10    3.5996957856000195E-10   1.9955125069494781E-10   1.1038990638941263E-10   6.094531985617281E-11    3.358409618768486E-11    1.847362834168914E-11    1.0144622045280015E-11   5.561882369409226E-12    3.044700436717324E-12    1.664318450870541E-12    9.085053193044692E-13    4.952743478037182E-13    2.6966079883387364E-13   1.466452680498447E-13    7.965620921916931E-14    4.32209415423614E-14     2.3426756646569357E-14   1.2685061909526751E-14   6.862044006762449E-15    3.708615806460156E-15    2.0025511399692494E-15   1.0803983124594343E-15   5.824074736498776E-16    3.137084478470993E-16    1.688474352391659E-16    9.081211152864375E-17    4.880738872386198E-17    2.6213844479550268E-17   1.406985152972553E-17    7.54695482208378E-18     4.045635324863681E-18    2.167421206020828E-18    1.1605128112793598E-18   6.21032932222876E-19     3.321582579761573E-19    1.7756138342452766E-19   9.48706788320343E-20     5.0664316351132714E-20   2.7043657751017764E-20   1.4428721118160633E-20   7.694763006538279E-21    4.101788359316819E-21    2.1855824506627828E-21   1.1640783706517326E-21   6.19759551591687E-22     3.298335597048891E-22    1.754692638511165E-22    9.331328546752917E-23    4.9603520475388983E-23   2.6353764950040897E-23   1.39826066056218E-23     7.378779008285098E-24    3.7922283887676794E-24   1.6787750205600847E-24   0
% Data
% c (mol/m^3) @ t=300, u1=0.01, u2=0.03
1                         0.9346285450066135       0.8633366588454193       0.7876306901347141       0.7092199571503718       0.6299205939740251       0.5515504765657724       0.4758244324169401       0.40425907690272234      0.33809568754152647      0.27824760234916035      0.22527591853598283      0.17939409730743758      0.14049885955862393      0.10822193402077528      0.08199521895005854      0.061121064051800074     0.044839799484280705     0.03238819582919136      0.023044838306282334     0.016160901716505097     0.01117700710632215      0.00762838444974946      0.0051413442718665275    0.0034241604028820466    0.0022550875911627392    0.0014696109347169374    9.483426765679704E-4     6.063746749443985E-4     3.8442496811039607E-4    2.4179694118067088E-4    1.5098157853071185E-4    9.364566702712866E-5     5.772865232871783E-5     3.539019392451918E-5     2.1588696312807117E-5    1.3114733477485918E-5    7.944611531370394E-6     4.814695672342876E-6     2.9455176893979845E-6    1.8664914504064385E-6    1.2231080119972364E-6    7.998982833126705E-7     5.222274291074693E-7     3.404505528697054E-7     2.2167820902989613E-7    1.4419904899495573E-7    9.372573595854341E-8     6.088215521871329E-8     3.952981111121258E-8     2.5658038975130613E-8    1.6650933512400534E-8    1.0804755516706358E-8    7.011166624964552E-9     4.549837094500737E-9     2.9529554418192287E-9    1.9168729743756316E-9    1.2445727758851693E-9    8.082555804837362E-10    5.250321211736168E-10    3.411426173365199E-10    2.2171782649193805E-10   1.441382451573483E-10    9.372804461121035E-11    6.096322971194463E-11    3.966156202741281E-11    2.5808913077025093E-11   1.6798162986028476E-11   1.0935530961686002E-11   7.120289936080712E-12    4.636912810431274E-12    3.0201428131968384E-12   1.9673760755977388E-12   1.2817489549088656E-12   8.351584373175431E-13    5.442269712643887E-13    3.5467604868296014E-13   2.3116387033778607E-13   1.506747175572044E-13    9.821764843893812E-14    6.402714114688698E-14    4.174083705493271E-14    2.7213098242510136E-14   1.7742394079179632E-14   1.1568091307206653E-14   7.542660171405789E-15    4.9181188847883444E-15   3.206886801371987E-15    2.0911103995218948E-15   1.3635704649364779E-15   8.891675135709278E-16    5.79817204526246E-16     3.780849962015211E-16    2.465159477980496E-16    1.606747493708126E-16    1.0459992638052162E-16   6.782227923917217E-17    4.338231241211365E-17    2.6453842952565808E-17   1.3264905238269213E-17   0
% Data
% c (mol/m^3) @ t=400, u1=0.01, u2=0.03
1                         0.948749134222342        0.8925296828452057       0.832154341743838        0.7685872936482498       0.7029063400663792       0.636257676319508        0.5698060186872536       0.5046832631987891       0.441939102179052        0.3824970047619373       0.3271186495573227       0.2763792707162924       0.2306554673333792       0.19012590336172985      0.15478411539766773      0.12446151142135406      0.09885775541229626      0.07757522894915267      0.06015421009253199      0.04610579105143391      0.03494026510710359      0.026189593419584076     0.01942344786993169      0.014259081283188951     0.010365819166211179     0.00746527334099566      0.005328470362867023     0.0037710175493503237    0.0026472575254824398    0.001844144388422591     0.0012753540519723806    8.759458758025955E-4     5.977362020446167E-4     4.0543020717227096E-4    2.734830350225026E-4     1.8361756237395322E-4    1.2290643451701063E-4    8.232284435109019E-5     5.5671950321270776E-5    3.882854565127573E-5     2.7796772104016233E-5    1.9830091457343765E-5    1.4100135314652738E-5    9.994635004017438E-6     7.06363846054537E-6      4.978249285887784E-6     3.4992616635046953E-6    2.4535169234637704E-6    1.7162173441640864E-6    1.1977894021930122E-6    8.341895650118242E-7     5.797933911166095E-7     4.022084788570418E-7     2.7851022444053865E-7    1.9252315124381007E-7    1.3286610064396578E-7    9.155246862817353E-8     6.299174791611974E-8     4.327988189963706E-8     2.9696582330670483E-8    2.0350369130897774E-8    1.392865854238164E-8     9.52229620393614E-9      6.502677855748322E-9     4.435906249295189E-9     3.0229585144900016E-9    2.0580725629769824E-9    1.3998635320792134E-9    9.513143754365463E-10    6.459391676676476E-10    4.382312442115948E-10    2.9707994285407396E-10   2.0124028949949045E-10   1.3621995801622115E-10   9.214306868610901E-11    6.228622292715067E-11    4.2076478896355686E-11   2.8406319507362977E-11   1.916586044039687E-11    1.29237501006839E-11     8.709722132205779E-12    5.866563512782954E-12    3.949433355554884E-12    2.657447946610309E-12    1.7872313603702557E-12   1.2014053068643122E-12   8.072303063185231E-13    5.421388226845265E-13    3.639436239467819E-13    2.442150911559804E-13    1.638048102198875E-13    1.0982163816160006E-13   7.358979344881496E-14    4.926995550316518E-14    3.292665673236646E-14    2.1893687483232002E-14   1.4333681583695883E-14   8.914106814885848E-15    4.531002179418649E-15    0
% Data
% c (mol/m^3) @ t=500, u1=0.01, u2=0.03
1                         0.9580058658742149       0.9117827252672286       0.8618144528848283       0.8086961941346125       0.7531168769345532       0.6958368605209689       0.6376617363285161       0.5794135975613685       0.5219013208458456       0.46589152865765476      0.4120819049047203       0.36107840796723084      0.31337766812522494      0.2693554860322306       0.22926189565638003      0.19322276024854418      0.16124738227595634      0.1332411787646179       0.10902214822609778      0.0883396683321642       0.07089413041210708      0.05635603161036022      0.04438338134788863      0.034636593579120266     0.026790381671797325     0.020542502714777627     0.01561947698646068      0.01177961473835198      0.00881380958331749      0.006544611074193941     0.004824082153101152     0.0035308975370561394    0.002567064452431501     0.0018545627642452087    0.0013321191455293187    9.522572595379373E-4     6.787072639836858E-4     4.8421490607631273E-4    3.487629413023257E-4     2.5820460530094397E-4    1.952883677466682E-4     1.4709751353283518E-4    1.1036167041924399E-4    8.248606380369679E-5     6.142647376243642E-5     4.558316147700579E-5     3.371212577506938E-5     2.4851778381896684E-5    1.8263039925217942E-5    1.3380902358331754E-5    9.775631663648303E-6     7.1219617848837984E-6    5.174830134902218E-6     3.750407984719992E-6     2.7113731673234922E-6    1.9555503702236355E-6    1.407202035112666E-6     1.0103892922522369E-6    7.239378952718772E-7     5.176402940897919E-7     3.6940385141456E-7       2.6311905147168707E-7    1.8707264231388674E-7    1.327711267256007E-7     9.40717855513138E-8      6.654314704083134E-8     4.699592086203982E-8     3.3140072974216527E-8    2.3334891271419137E-8    1.6407359648649865E-8    1.1520540143706677E-8    8.078448339510019E-9     5.657478588902663E-9     3.957089046253691E-9     2.764419680948793E-9     1.9289632637761084E-9    1.344471644352572E-9     9.36056937426878E-10     6.51014111073673E-10     4.52303597613897E-10     3.139312877038758E-10    2.176792092649728E-10    1.5079586865250328E-10   1.0436717657887188E-10   7.21691859571626E-11     4.986134347645032E-11    3.442000143457519E-11    2.3741186312989495E-11   1.6362423179698127E-11   1.1268181049200567E-11   7.753965425710415E-12    5.331480713237496E-12    3.662502405209283E-12    2.512765708491843E-12    1.7197350451576482E-12   1.1698688371865216E-12   7.821236799779363E-13    4.950306503850452E-13    2.5466967226512524E-13   0
% Data
% c (mol/m^3) @ t=600, u1=0.01, u2=0.03
1                         0.9646320259220181       0.9256128193451417       0.8832452395802736       0.8379154705468883       0.7900842835520598       0.7402751154526214       0.6890593951853137       0.6370397211796334       0.584831633147251        0.5330448223072701       0.48226467474428897      0.43303503717561703      0.385843030930824        0.3411066209753787       0.29916547949851896      0.26027547938733586      0.224606926885876        0.19224641247259613      0.16320194310611738      0.13741083534730114      0.1147497125785207       0.09504587107527022      0.07808926338413155      0.06364439085443763      0.0514614913274443       0.04128653893221949      0.032869723880754154     0.025972234048777246     0.020371302026255002     0.015863600087265107     0.012267154676133225     0.009422009662605736     0.00718989580750748      0.005453167408755153     0.0041132523361227845    0.0030888354532237284    0.002313964256754111     0.0017362350740893792    0.0013151929391425796    0.0010210618931378735    8.069234936147513E-4     6.349957237208903E-4     4.97648349812415E-4      3.884568769565413E-4     3.020553136740373E-4     2.3399584628360878E-4    1.80618371281109E-4      1.3893169408301628E-4    1.0650727330552372E-4    8.138566708844475E-5     6.199530472929092E-5     4.708283859612256E-5     3.5654100223148805E-5    2.6924562750642515E-5    2.0278173395989534E-5    1.5233441452475278E-5    1.14157300627829E-5      8.534788099589352E-6     6.366659826843575E-6     4.739215663853399E-6     3.520651030603382E-6     2.610397766293615E-6     1.9319815096439827E-6    1.427437490786099E-6     1.0529660927188944E-6    7.755685891714072E-7     5.704533351281001E-7     4.1904427211987995E-7    3.0745790173734645E-7    2.253428751007616E-7     1.6499899389011506E-7    1.2071059118641536E-7    8.824373302600642E-8     6.446812829049054E-8     4.707363051767203E-8     3.435824352460834E-8     2.507000371037477E-8     1.8289333417965598E-8    1.3341707534552102E-8    9.732963026585148E-9     7.101478332629068E-9     5.182890852707569E-9     3.784111681479611E-9     2.7642195461158995E-9    2.0204344763802253E-9    1.477835314984811E-9     1.08183158782178E-9      7.926583923074185E-10    5.813548089303065E-10    4.2682854306001005E-10   3.137146076605117E-10    2.3081326015736054E-10   1.6994907479466364E-10   1.2513401910558388E-10   9.19461806904379E-11     6.70543696194054E-11     4.7827598112980245E-11   3.196559304793916E-11    1.7066608063765992E-11   0
% Data
% c (mol/m^3) @ t=700, u1=0.01, u2=0.03
1                         0.9697311663052025       0.9362770965844707       0.8998259227634527       0.8606291403403122       0.818997597409414        0.7752953675233507       0.7299316596313431       0.6833510152246741       0.636022131832159        0.5884257277977812       0.5410419209617308       0.4943376293171452       0.44875451177046616      0.4046979498420276       0.36252752598255555      0.3225493822765624       0.2850107476256539       0.25009680699067244      0.2179299597982644       0.18857138473669835      0.16202470452836104      0.1382414367153483       0.11712783390197463      0.09855266593179911      0.08235548056527349      0.06835489798641269      0.056356543779254864     0.04616029771918759      0.03756662281628755      0.030381831073800134     0.02442223079322705      0.019517178234874973     0.015511119711004322     0.012264756955399874     0.009655499357461027     0.007577383633881213     0.005940648199780618     0.004671149991694819     0.0037098100487373584    0.003012274857345449     0.0024828985831061097    0.0020393366328401515    0.0016692939044469614    0.001361881622767727     0.0011075348293969767    8.979158091448454E-4     7.258091921290468E-4     5.85013545199899E-4      4.7023333188897E-4       3.7697423034099153E-4    3.014439904255857E-4     2.4046030607227653E-4    1.9136658623997892E-4    1.5195602791813365E-4    1.2040402068045765E-4    9.520863389563097E-5     7.513874180961032E-5     5.9189214658164384E-5    4.654253236487257E-5     3.653614887140878E-5     2.8634938812923137E-5    2.2408084795241646E-5    1.750980530193653E-5     1.3663374164765653E-5    1.0647937878360767E-5    8.28769334837025E-6      6.4430434621011055E-6    5.003399511126933E-6     3.88134696763142E-6      3.0079338997601116E-6    2.328879243152467E-6     1.8015313147618514E-6    1.3924356165940808E-6    1.0753954883633088E-6    8.299299394830654E-7     6.400504502000253E-7     4.932931002872358E-7     3.79954460166961E-7      2.9248963007459954E-7    2.2503896730544966E-7    1.730566905339251E-7     1.3301994665255953E-7    1.0220128688347173E-7    7.849100977645938E-8     6.025864462952329E-8     4.624509967002995E-8     3.547879256026556E-8     2.7210504858158783E-8    2.0862829073598767E-8    1.5990965084071914E-8    1.2252318031912401E-8    9.382887730299738E-9     7.1788448985276536E-9    5.481975564938146E-9     4.167840214877122E-9     3.135515033963109E-9     2.2975984821730017E-9    1.5686525968275042E-9    8.491638618593192E-10    0
% Data
% c (mol/m^3) @ t=800, u1=0.01, u2=0.03
1                         0.973722410749062        0.9446391434535879       0.9128656573133436       0.878566446789035        0.8419534744483679       0.803283165687079        0.7628519969440175       0.7209907663804072       0.6780576932312055       0.6344305465477779       0.5904980530812225       0.546650874785992        0.5032724760809915       0.4607302170207258       0.419367008748464        0.37949385055059776      0.3413835329964153       0.3052657397610383       0.2713237139633758       0.23969257688006151      0.21045930275893715      0.18366426918575687      0.15930422450113935      0.13733644824857527      0.11768383260791344      0.10024058555662926      0.08487825129771337      0.0714517592815086       0.05980524695578239      0.04977744880248129      0.04120650012273469      0.033934063258477566     0.027808741946425294     0.022688802812274454     0.018444269465887887     0.014958493439677987     0.012129337735573275     0.00987013440928773      0.008110599508514315     0.00679790925043732      0.005770827985939915     0.004882993222716832     0.004118645610980827     0.00346321035759354      0.0029033261538107063    0.002426844704417548     0.0020228058718858156    0.0016813933864716728    0.0013938758071815253    0.0011525370077834093    9.505999597955792E-4     7.821470363640774E-4     6.420395042532823E-4     5.258383341666064E-4     4.2972796241487054E-4    3.5044419242540666E-4    2.852070395367472E-4     2.3165899894448275E-4    1.8780895294945231E-4    1.5198172569968509E-4    1.2277313572546755E-4    9.901028223156242E-5     7.971672357646648E-5     6.408215905720834E-5     5.143620191338555E-5     4.1225826885245814E-5    3.299608494814802E-5     2.637369698157346E-5     2.1053163812624916E-5    1.6785059659397708E-5    1.3366207433807392E-5    1.0631466098433938E-5    8.446891185586724E-6     6.704058905781887E-6     5.315371502423423E-6     4.2101863717405505E-6    3.3316338479413836E-6    2.634008458949924E-6     2.0806359778561703E-6    1.6421338746800374E-6    1.2949959909450704E-6    1.02044361123123E-6      8.034947910314097E-7     6.322120142256503E-7     4.970951813954069E-7     3.9059274304165417E-7    3.0670864416746993E-7    2.406867754648034E-7     1.8875794944397057E-7    1.4793713481954802E-7    1.1586086359183071E-7    9.065641763347186E-8     7.083560951956097E-8     5.520663730011239E-8     4.279745253791016E-8     3.278299381797723E-8     2.4405846824946716E-8    1.687417605850109E-8     9.20990001051213E-9      0
% Data
% c (mol/m^3) @ t=900, u1=0.01, u2=0.03
1                         0.976909658508429        0.9513266617946711       0.9233199844710099       0.8929972239117415       0.8605042416054403       0.8260238005164375       0.7897731849276306       0.7520008247521008       0.7129819837451836       0.6730136089703148       0.6324084755934692       0.5914887947420463       0.5505794807971668       0.5100012961291366       0.4700641041176224       0.4310604638229397       0.39325979089612106      0.3569032889087207       0.32219982373003614      0.28932287223525754      0.25840862770526585      0.2295552907305904       0.20282351974056897      0.17823796316248228      0.15578974928476902      0.13543977330037799      0.11712259610698851      0.10075075759454165      0.08621930859425514      0.07341037955503525      0.062197628606646106     0.05245044459296055      0.04403781925209564      0.03683184436908967      0.030710832153145573     0.025562098561216565     0.021284488720510048     0.017790760571833833     0.015009977520992463     0.012890093835668083     0.011191476006938546     0.009686972258846224     0.008359537625268153     0.0071927543382777764    0.006170966320870417     0.005279381904160795     0.0045041465785909725    0.003832388310960452     0.0032522384516094193    0.0027528315385404517    0.0023242874052139084    0.0019576789480454026    0.001644988741388761     0.001379057434043345     0.0011535265513575256    9.627779862631005E-4     8.018721121624364E-4     6.664861071237613E-4     5.528537546719139E-4     4.577076900833589E-4     3.7822479767079663E-4    3.1197523650036864E-4    2.56875379596134E-4      2.1114479361937895E-4    1.7326725981241787E-4    1.4195573950932902E-4    1.1612111521041016E-4    9.484448745462617E-5     7.73527749512296E-5      6.299734731395889E-5     5.123541325033686E-5     4.161388951867926E-5     3.375548506975644E-5     2.7346748595709735E-5    2.2127844616109935E-5    1.7883841953193154E-5    1.4437317975975383E-5    1.1642101556701906E-5    9.377996716369406E-6     7.546347040162575E-6     6.066317855760996E-6     4.871788732288329E-6     3.908763002699649E-6     3.1332137268577517E-6    2.509296829483561E-6     2.0078721282127543E-6    1.6052816889396627E-6    1.2823424876439162E-6    1.023516787555181E-6     8.162289958108294E-7     6.503020262374727E-7     5.174892456240982E-7     4.1107962494265514E-7    3.2555315109846387E-7    2.562597332602839E-7     1.990856580107326E-7     1.5005331524275097E-7    1.0476564456268259E-7    5.75444556622258E-8      0
% Data
% c (mol/m^3) @ t=1000, u1=0.01, u2=0.03
1                         0.9795140873650501       0.9567975679038633       0.9318887781642236       0.9048569417428826       0.8758024037052133       0.8448561471224607       0.8121785645615415       0.7779574801514793       0.7424054426501472       0.7057563358805018       0.6682613789611117       0.6301846137476882       0.5917979995695304       0.55337625440751         0.5151915959021306       0.4775085439395408       0.440578948225311        0.404637398737087        0.36989716416519086      0.3365467837672176       0.3047474123010285       0.27463098712345946      0.24629925279781417      0.21982364358325981      0.1952459900920323       0.17257998531822064      0.1518133191332024       0.1329103708575096       0.11581533784932113      0.10045567483745532      0.08674572403083626      0.07459042936893139      0.06388904869919199      0.054538803926865845     0.046438439876718696     0.03949169633551481      0.033610733239653696     0.028719585179439778     0.024757757500302        0.02168411170433084      0.01917286055020439      0.01690377486740252      0.014860965556018067     0.013028467208891462     0.011390433537050467     0.009931310603529052     0.008635986145166086     0.007489914246085429     0.006479215496192608     0.005590753500981464     0.00481218919454466      0.004132014845125943     0.0035395699389472266    0.003025041296326966     0.0025794498310467923    0.002194626328336843     0.001863178508099562     0.0015784514768104761    0.001334483471169091     0.0011259585742240182    9.481578532139879E-4     7.969101381573111E-4     6.685434393159033E-4     5.598377958882232E-4     4.679801615357757E-4     3.90521766853637E-4      3.2533825553796497E-4    2.70592769603944E-4      2.247020585968328E-4     1.8630560679469858E-4    1.5423770905123403E-4    1.2750237811267213E-4    1.0525093185122982E-4    8.676208581917693E-5     7.142436288672823E-5     5.872062568802164E-5     4.821453755453127E-5     3.9538762155871394E-5    3.2384719985376725E-5    2.6493730105113247E-5    2.1649377362947912E-5    1.767095793413197E-5     1.440786898313492E-5     1.1734821069215572E-5    9.547764309750555E-6     7.760431020752484E-6     6.301408373531266E-6     5.111664353517344E-6     4.142458764194989E-6     3.3535778687035673E-6    2.7118359769690087E-6    2.1897889453664614E-6    1.764601524910049E-6     1.4169998772549118E-6    1.1302172621639836E-6    8.88795888293725E-7      6.770254247864014E-7     4.7665105606052854E-7    2.632229208781736E-7     0
% Data
% c (mol/m^3) @ t=1100, u1=0.01, u2=0.03
1                         0.981684478044284        0.961360729998519        0.9390462898385104       0.9147837031251892       0.8886410506697593       0.8607119487385781       0.8311149966000859       0.7999926572215079       0.7675095735566166       0.733850340604328        0.6992167716291187       0.6638247148989181       0.6279004942380736       0.5916770618167979       0.5553899641326224       0.5192732313815913       0.4835553057800526       0.44845512545224137      0.4141784770096667       0.3809147219053301       0.3488339892834176       0.3180849118503298       0.28879296199920074      0.26105942398437304      0.23496101550420384      0.21055014987283607      0.18785580935499033      0.1668849824745579       0.1476246043314615       0.13004393010340212      0.11409726862225891      0.09972700553117449      0.08686685404868798      0.0754452854804628       0.06538911075193568      0.056627207609326644     0.04909441484134138      0.04273564392847601      0.03751028892646414      0.03339704613167859      0.029981344174869626     0.026842987133366622     0.02396927169274862      0.021346768159255774     0.01896152034385581      0.016799238449379052     0.014845481095784636     0.013085823348044066     0.01150600837154821      0.010092081092791281     0.008830502956154009     0.007708247515898269     0.006712877168396307     0.0058326018026087735    0.005056320522684962     0.004373647876422832     0.0037749262125717103    0.0032512258970758268    0.002794335153872445     0.0023967412713944156    0.002051604843389582     0.00175272860361183      0.0014945222790870194    0.0012719647355889045    0.0010805645299174888    9.163198233861921E-4     7.756784550289442E-4     6.554988255500877E-4     5.530121068810326E-4     4.6578616925703817E-4    3.9169150898411636E-4    3.28869365811958E-4      2.7570213878509714E-4    2.3078614291359456E-4    1.9290669499524046E-4    1.6101547425563948E-4    1.3421007087361967E-4    1.1171561162103653E-4    9.286833548609055E-5     7.710098204796093E-5     6.392985039575435E-5     5.2943385506036664E-5    4.3792151285622285E-5    3.618005412474882E-5     2.9856687048953852E-5    2.461067171937968E-5     2.026388293124411E-5     1.6666447148125604E-5    1.3692412035195568E-5    1.1235986552706847E-5    9.208248798506402E-6     7.534207901873389E-6     6.150080862066358E-6     5.000594988193712E-6     4.0360337792146236E-6    3.2085780627711963E-6    2.467202180914365E-6     1.7498759663021335E-6    9.70940524508121E-7      0
% Data
% c (mol/m^3) @ t=1200, u1=0.01, u2=0.03
1                         0.9835219118940781       0.9652265282430023       0.9451169390842818       0.9232166951474167       0.8995704666243773       0.874244314302787        0.8473255456239083       0.818922138312066        0.7891617255554757       0.7581901489829097       0.7261695984913413       0.6932763708969119       0.6596982919269234       0.6256318577470028       0.5912791625316317       0.5568446870717945       0.5225320296562468       0.48854066412424024      0.4550628108271578       0.4222805041326803       0.39036293507135894      0.35946413992240045      0.32972109527608573      0.3012522678572946       0.2741566537488021       0.2485133273310604       0.22438150605798204      0.20180112395970737      0.18079389534246226      0.161364841324532        0.14350424628019906      0.12719000948031722      0.11239035954900495      0.09906690591763688      0.08717801214544946      0.07668249047070402      0.06754363473924606      0.05973362923658824      0.053238393086990965     0.04806294281902543      0.04370581703215101      0.03964536518058478      0.03587330929902149      0.03238018432019278      0.029155497400356008     0.026187894254470385     0.023465328366471017     0.020975229183920197     0.018704665767426885     0.01664050281499231      0.014769546490405986     0.013078678024515894     0.011554973602633953     0.010185809578055854     0.008958952542409493     0.007862634224506069     0.006885611571187792     0.006017212681111288     0.005247369513894088     0.004566638484062031     0.003966210175666508     0.00343790948496654      0.0029741875220376398    0.0025681065850528466    0.0022133194709304496    0.0019040443105088078    0.001635036022365635     0.001401555373147659     0.001199336519322071     0.001024553790256227     8.737883592702841E-4     7.439953407574482E-4     6.324717498338428E-4     5.368256677885752E-4     4.549468727876142E-4     3.849791212801283E-4     3.252942013974572E-4     2.7446782504141586E-4    2.3125737981077277E-4    1.945815247227696E-4     1.6350158404552633E-4    1.372046705885517E-4     1.1498845257604826E-4    9.624746578398263E-5     8.046086393022842E-5     6.718149422603571E-5     5.602618015857357E-5     4.6667088179775445E-5    3.882404644028751E-5     3.225766804123409E-5     2.6763102039613837E-5    2.216418194654915E-5     1.830764570717257E-5     1.5056932642349223E-5    1.2284769699436016E-5    9.863253334604193E-6     7.64926424145432E-6      5.461564568029241E-6     3.0433874008569076E-6    0
% Data
% c (mol/m^3) @ t=0, u1=0.01, u2=0.05
1                         -4.52284577296406E-8     2.1593471701523156E-15   2.4290496195566453E-20   3.234029231194745E-26    3.296041953163355E-32    3.001660009989856E-38    2.568143168585174E-44    2.1115894652292956E-50   1.6890005337406043E-56   1.323917601468096E-62    1.0217940586562016E-68   7.790195122816518E-75    5.88064516280535E-81     4.402910824472971E-87    3.273866670895487E-93    2.42008336446942E-99     1.7799128735067816E-105  1.3033148956461391E-111  9.506353164339409E-118   6.910104932076722E-124   5.0075179189509404E-130  3.618794268209244E-136   2.60870650701879E-142    1.8763191843385523E-148  1.3467757137037435E-154  9.648653579061512E-161   6.900611668882769E-167   4.927386625890059E-173   3.513225083997009E-179   2.5015087296249207E-185  1.7788787070151382E-191  1.2635029233545034E-197  8.964486853538303E-204   6.353665619595131E-210   4.498841287921992E-216   3.182581786457071E-222   2.2494899530102538E-228  1.5886754562396356E-234  1.1211204880548935E-240  7.958649931381273E-247   7.033409841095602E-253   6.211657925773973E-259   5.482495413146367E-265   4.836054675317399E-271   4.2634230374179577E-277  3.7565678597637205E-283  3.308264009482796E-289   2.912024503033591E-295   2.5620348378715327E-301  2.2530913264007194E-307  1.98054314297E-313       1.7264E-319              0                        0                        0                        0                        0                        0                        0                        0                        0                        0                        0                        0                        0                        0                        0                        0                        0                        0                        0                        0                        0                        0                        0                        0                        0                        0                        0                        0                        0                        0                        0                        0                        0                        0                        0                        0                        0                        0                        0                        0                        0                        0                        0                        0                        0                        0                        0                        0
% Data
% c (mol/m^3) @ t=100, u1=0.01, u2=0.05
1                         0.8551207359120234       0.7035370973406725       0.5550797663659196       0.4187294404283539       0.30124528267747547      0.20630615495644358      0.13437088082976173      0.08324607884942427      0.04911660929372076      0.02766012483792698      0.01491090100943898      0.00772017056601807      0.003852562185108826     0.0018594801978000842    8.709784859475932E-4     3.97148727998762E-4      1.7679450863214031E-4    7.703234612519882E-5     3.292808841974812E-5     1.3836856245124256E-5    5.7262670430049E-6       2.337555797425037E-6     9.425811625581335E-7     3.759055932681416E-7     1.4842753951834018E-7    5.8082027536197924E-8    2.2543802432188403E-8    8.685486831982388E-9     3.323752654239376E-9     1.2641074776686738E-9    4.780626528235649E-10    1.798585312544175E-10    6.734430803326524E-11    2.510462360204827E-11    9.320363872135479E-12    3.447246478775246E-12    1.2706819153401003E-12   4.67355552626118E-13     1.729412720172073E-13    6.867205260974892E-14    3.037914133838641E-14    1.3407367356493465E-14   5.903946759659554E-15    2.5943339397430433E-15   1.1377404298682142E-15   4.980120866271621E-16    2.175995535650593E-16    9.491535137399657E-17    4.133437235449681E-17    1.7972818039862964E-17   7.803368716546719E-18    3.383282407546754E-18    1.4649123959894838E-18   6.334723660055936E-19    2.7359617607327806E-19   1.1802687874163752E-19   5.0858228082239085E-20   2.1891248275744966E-20   9.412982701839884E-21    4.043419405414775E-21    1.735207801975637E-21    7.439621149269323E-22    3.186848262645955E-22    1.363945471138689E-22    5.832715263332066E-23    2.4922700336104988E-23   1.064098274614379E-23    4.539853988646917E-24    1.9354687366531415E-24   8.2456457786669205E-25   3.510484429052901E-25    1.4935592736461169E-25   6.35037914986211E-26     2.698404029208103E-26    1.145914981943909E-26    4.8634397156641385E-27   2.06294515213555E-27     8.745644185953377E-28    3.7056345175232603E-28   1.5693015989839788E-28   6.642467562183975E-29    2.810202040067591E-29    1.1883281238710633E-29   5.022632038607082E-30    2.1219137258847836E-30   8.960463389988947E-31    3.7821994835762542E-31   1.5957845294983236E-31   6.730144687747939E-32    2.8372603709129546E-32   1.1956464473615031E-32   5.036619714669342E-33    2.1208608624085927E-33   8.927405489022795E-34    3.7564620380051053E-34   1.5799613580232436E-34   6.637786630770502E-35    2.76556280559658E-35     1.057515494149402E-35    0
% Data
% c (mol/m^3) @ t=200, u1=0.01, u2=0.05
1                         0.910695049588524        0.8143184375356266       0.7140391059810914       0.613256172441459        0.5153179432541053       0.4232434939721768       0.3394824791230376       0.2657454641376335       0.20292742345023893      0.15113181634407916      0.10978462379394462      0.07781147178657172      0.053841332506590865     0.036400243356549254     0.024067401239686557     0.015579884558284554     0.009885923372126251     0.006156203706283852     0.0037668551594354288    0.002267431084013998     0.0013442527569217182    7.857775200626146E-4     4.533612336035912E-4     2.5842928375225614E-4    1.4567648720822558E-4    8.127499167230377E-5     4.4914413939727144E-5    2.4603158882731456E-5    1.3367868258375846E-5    7.2088468767482246E-6    3.860522115642446E-6     2.05412526968273E-6      1.0864617751174443E-6    5.714795172482753E-7     2.9907218434735744E-7    1.558036345001611E-7     8.088939070630192E-8     4.200623028116618E-8     2.213722242827887E-8     1.2518079944653988E-8    7.641900864453673E-9     4.6522356884470454E-9    2.8248039626501348E-9    1.7109835286595065E-9    1.0339373146056249E-9    6.234320429288387E-10    3.751304125139661E-10    2.2527953797280794E-10   1.3503683832496173E-10   8.080076226557512E-11    4.8266981229790445E-11   2.8786739947656744E-11   1.7142583485651396E-11   1.0193728353631408E-11   6.053301937753262E-12    3.5898948531213743E-12   2.1263125241234603E-12   1.2579190580595743E-12   7.433293643354404E-13    4.3876730277992206E-13   2.587210115257955E-13    1.5240265782814982E-13   8.968805318842331E-14    5.2732051616147424E-14   3.0976233315278946E-14   1.81807327174655E-14     1.0661962343751424E-14   6.24768721774066E-15     3.658225386821855E-15    2.1404382004666933E-15   1.2514899550459073E-15   7.312321718625239E-16    4.269693738956849E-16    2.4915030608766516E-16   1.452976769200529E-16    8.468320633378608E-17    4.9327113786410566E-17   2.8716527595331626E-17   1.6708736016338994E-17   9.716906531068235E-18    5.6479673476425795E-18   3.2812756468485264E-18   1.9053993326176467E-18   1.1059313064530602E-18   6.416156961439099E-19    3.720763620423042E-19    2.1567748459092243E-19   1.249678518045552E-19    7.237981852600763E-20    4.1905119662267425E-20   2.4252223928495334E-20   1.4030558701304536E-20   8.114086361833878E-21    4.6907221875260464E-21   2.7103550504345805E-21   1.5642962298454484E-21   8.986579741651223E-22    5.040499548557227E-22    2.451708476422559E-22    0
% Data
% c (mol/m^3) @ t=300, u1=0.01, u2=0.05
1                         0.9346285450066136       0.8633366588454192       0.7876306901347142       0.7092199571503718       0.6299205939740253       0.5515504765657724       0.4758244324169402       0.40425907690272245      0.33809568754152686      0.278247602349161        0.22527591853598403      0.17939409730743985      0.14049885955862834      0.10822193402078353      0.08199521895007426      0.061121064051829786     0.04483979948433693      0.0323881958292979       0.02304483830648417      0.016160901716887617     0.011177007107047294     0.007628384451124477     0.005141344274474565     0.0034241604078301307    0.002255087600552871     0.00146961095254108      9.48342710408251E-4      6.063747392026102E-4     3.844250901407924E-4     2.4179717293136945E-4    1.5098201862890473E-4    9.364650264505762E-5     5.773023846799156E-5     3.5393203374580365E-5    2.1594402849743127E-5    1.3125545709086095E-5    7.965077041786683E-6     4.85338499843869E-6      3.018548680576192E-6     2.0041001641665065E-6    1.4120235358117476E-6    9.930879963057733E-7     6.973642070333989E-7     4.890504748398062E-7     3.425775015905776E-7     2.39749148877096E-7      1.6765762212739395E-7    1.171724285691415E-7     8.185109387822017E-8     5.7157706344848084E-8    3.990471353247577E-8     2.785571875176586E-8     1.944379904907772E-8     1.3572342183975049E-8    9.47459508031125E-9      6.614839376819604E-9     4.618991036438532E-9     3.2259431627924635E-9    2.2534988174131215E-9    1.5745458752784598E-9    1.1004098548165928E-9    7.692304331092069E-10    5.378499800017672E-10    3.761551232711085E-10    2.6313048941563294E-10   1.8410689969712331E-10   1.2884254800163486E-10   9.018494850926466E-11    6.313776292509542E-11    4.4209884022871304E-11   3.096130464024541E-11    2.1686202065359585E-11   1.5191718977318008E-11   1.0643500531318673E-11   7.457811592671872E-12    5.2261652693995485E-12   3.662649948576191E-12    2.5671086333395263E-12   1.7993926682414663E-12   1.2613543385244631E-12   8.842490419964463E-13    6.199198885067376E-13    4.346277227208264E-13    3.0473182262815143E-13   2.1366559690387819E-13   1.4981865196915708E-13   1.0505335846926827E-13   7.366568031327734E-14    5.165712024571127E-14    3.622457248051859E-14    2.5402814314441786E-14   1.7813916441056383E-14   1.2491515634387596E-14   8.75740926452378E-15     6.134464511127539E-15    4.284079422661985E-15    2.958562461865321E-15    1.95814372281875E-15     1.0764176205053055E-15   0
% Data
% c (mol/m^3) @ t=400, u1=0.01, u2=0.05
1                         0.9487491342223422       0.8925296828452067       0.8321543417438397       0.7685872936482525       0.7029063400663843       0.636257676319517        0.5698060186872698       0.5046832631988188       0.4419391021791063       0.38249700476203596      0.327118649557502        0.27637927071661744      0.23065546733396824      0.19012590336279636      0.15478411539959663      0.12446151142483937      0.09885775541858725      0.07757522896049533      0.06015421011295945      0.0461057910881782       0.03494026517311459      0.026189593538015324     0.019423448082114565     0.014259081662780853     0.010365819844246988     0.007465274550149571     0.005328472515477871     0.0037710213746331386    0.002647264310202722     0.0018441563978970413    0.0012753752643715251    8.759832589586841E-4     5.978019262780554E-4     4.0554546690601927E-4    2.7368462420024884E-4    1.8396914302092952E-4    1.2351776612271002E-4    8.338244929631536E-5     5.750233459931505E-5     4.197906572683058E-5     3.209757780200872E-5     2.4469808887327862E-5    1.8602372570748777E-5    1.4104046325048006E-5    1.0666267280944445E-5    8.0468852379015E-6       6.056762974908319E-6     4.5488245269905404E-6    3.4091780010421844E-6    2.5499743671246947E-6    1.9037027035182336E-6    1.4186621841745054E-6    1.0553893840275196E-6    7.838548265416272E-7     5.812743522617056E-7     4.304085609272537E-7     3.182473059395271E-7     2.3499623327611413E-7    1.7329900616235633E-7    1.2764254262620943E-7    9.390372578292317E-8     6.900501922167872E-8     5.0653592004213314E-8    3.714424857013345E-8     2.721094421297851E-8     1.9915180749432267E-8    1.4562314802473741E-8    1.0638933472589986E-8    7.76608983911711E-9      5.664449039086054E-9     4.128358703349089E-9     3.0065919052849974E-9    2.1880689039952873E-9    1.5912868156453946E-9    1.1565057784543578E-9    8.399808280150072E-10    6.097095399019099E-10    4.423010686101215E-10    3.206736212357574E-10    2.3236310115826494E-10   1.6828204980537272E-10   1.2180994857593023E-10   8.812707097990669E-11    6.372714362705807E-11    4.606114395057659E-11    3.327717410864054E-11    2.403065550174811E-11    1.734594458283739E-11    1.251551608529444E-11    9.026567962020632E-12    6.507623808271161E-12    4.689701835714791E-12    3.3780732379022677E-12   2.4316804057788823E-12   1.748010689979936E-12    1.2516499315752989E-12   8.84801403887319E-13     5.974771364803384E-13    3.331011088389121E-13    0
% Data
% c (mol/m^3) @ t=500, u1=0.01, u2=0.05
1                         0.9580058658742256       0.9117827252672545       0.8618144528848778       0.8086961941347025       0.7531168769347139       0.6958368605212533       0.6376617363290178       0.5794135975622522       0.5219013208473996       0.4658915286603821       0.41208190490950103      0.36107840797559887      0.31337766813984996      0.26935548605775206      0.22926189570084493      0.19322276032588567      0.16124738241025194      0.13324117899739402      0.10902214862882555      0.08833966902759036      0.07089413161056761      0.056356033671443165     0.04438338488484874      0.03463659963517667      0.026790392016901723     0.020542520343595275     0.015619506951221154     0.011779665536919766     0.008813895464199467     0.006544755849580882     0.004824325481277423     0.003531305229783945     0.0025677453111693635    0.001855695952679871     0.0013339984742859324    9.553624630040956E-4     6.838180984461222E-4     4.925927500421831E-4     3.6243808934376814E-4    2.8042787697574254E-4    2.2536122463773424E-4    1.805029565597E-4        1.4410560879126477E-4    1.1468661670633942E-4    9.099617118153452E-5     7.198706959052692E-5     5.6786942552654315E-5    4.467306679892685E-5     3.504983681950181E-5     2.74288616366221E-5      2.141157512030131E-5     1.6674194911803287E-5    1.2954832101424624E-5    1.004253723156016E-5     7.768064170710145E-6     5.996138580039101E-6     4.619029233325645E-6     3.551236036842968E-6     2.725126403946363E-6     2.0873702875425327E-6    1.5960426589782955E-6    1.2182798544969642E-6    9.28392550951373E-7      7.063529351140337E-7     5.365867938545703E-7     4.0701277670211805E-7    3.082810385868993E-7     2.3317197332503441E-7    1.7612293629884477E-7    1.3285687627987825E-7    1.000917997902781E-7     7.531411837277577E-8     5.660231038070396E-8     4.249008215836099E-8     3.186044272260209E-8     2.3863901581435092E-8    1.7855438504392153E-8    1.3346042404973812E-8    9.965528915961234E-9     7.434068341463546E-9     5.540425034414991E-9     4.125356616769488E-9     3.068971816408578E-9     2.281119225308171E-9     1.6940922072313155E-9    1.257100467538385E-9     9.320867617507183E-10    6.905660388067362E-10    5.112404385538492E-10    3.782020533725799E-10    2.795801671564912E-10    2.0652383316975913E-10   1.5243638481295243E-10   1.1239723342250466E-10   8.271849622408668E-11    6.058818801598823E-11    4.37425907127564E-11     3.00737000086325E-11     1.6977681166937528E-11   0
% Data
% c (mol/m^3) @ t=600, u1=0.01, u2=0.05
1                         0.9646320259222575       0.9256128193457048       0.8832452395813264       0.8379154705487286       0.7900842835551977       0.7402751154579221       0.6890593951942332       0.6370397211946163       0.5848316331723931       0.5330448223494264       0.48226467481491775      0.4330350372938461       0.3858430311285408       0.3411066213056633       0.29916548004958576      0.2602754803055349       0.22460692841355315      0.19224641501025963      0.16320194731425416      0.13741084231267878      0.11474972408504375      0.09504589004379532      0.07808929458438066      0.0636444420535211       0.05146157513630057      0.04128667576321459      0.032869946666948036     0.025972595743901143     0.02037188747364153      0.015864544719845896     0.012268673842793978     0.009424444396519394     0.007193783892133296     0.005459353137496987     0.004123055088730694     0.0031043070950761966    0.0023382797563627497    0.0017742814833077503    0.0013744514939701988    0.0011129197929051215    9.299015815173412E-4     7.744044847240973E-4     6.42816518100969E-4      5.318951482793838E-4     4.3875008382667744E-4    3.6082247455484774E-4    2.9586162691887214E-4    2.4190022853089971E-4    1.9722894114967024E-4    1.6037107957066128E-4    1.300579524006925E-4     1.0520530641697039E-4    8.489119375200955E-5     6.833547339768674E-5     5.488106687168431E-5     4.3977012538421164E-5    3.516330334227268E-5     2.805744730629628E-5     2.2342657420114397E-5    1.7757555656301312E-5    1.4087262959259525E-5    1.1155741367572356E-5    8.819254333733598E-6     6.960815359082056E-6     5.48550204094287E-6      4.316521517711033E-6     3.391923279256171E-6     2.6618657484761068E-6    2.0863534570080643E-6    1.6333716900151959E-6    1.2773549280934957E-6    9.979341237041605E-7     7.789157390079498E-7     6.074525173015836E-7     4.7337217475990153E-7    3.6863562211417776E-7    2.869010131363933E-7     2.231739337005608E-7     1.7352746117956645E-7    1.3487870860327897E-7    1.048108884096171E-7     8.143194953085679E-8     6.326251640914151E-8     4.9147240943424344E-8    3.818481402147792E-8     2.9672812101511817E-8    2.3064310746897956E-8    1.7933810506150155E-8    1.3950515837426875E-8    1.0857405293220636E-8    8.454846881799771E-9     6.587757214312173E-9     5.135480017324207E-9     4.0036586532535075E-9    3.1173606646652826E-9    2.4144819492013008E-9    1.8377803901524172E-9    1.322222218604974E-9     7.704251760054699E-10    0
% Data
% c (mol/m^3) @ t=700, u1=0.01, u2=0.05
1                         0.9697311663110808       0.9362770965979587       0.8998259227877995       0.8606291403810206       0.8189975974754465       0.7752953676290626       0.7299316597995482       0.6833510154914844       0.6360221322546051       0.5884257284657831       0.5410419220168697       0.4943376309820614       0.4487545143948097       0.404697953974178        0.3625275324813573       0.3225493924850841       0.28501076364087574      0.2500968320811965       0.21792999904988178      0.1885714460478002       0.16202480014103024      0.13824158556432373      0.11712806520853587      0.0985530246865042       0.08235603586680652      0.06835575568359402      0.0563578655717926       0.04616232991363301      0.037569739454404616     0.030386598359389665     0.024429502931718867     0.019528239371455088     0.015527893161300498     0.012290112118180322     0.00969369958552638      0.00763473624197466      0.006026442426523089     0.00479900229823422      0.0038995813655721585    0.003292784612456417     0.002852944910307619     0.0024653424016659797    0.0021249038161572       0.0018268587404508822    0.0015667537634782467    0.001340459877016589     0.001144173835360187     9.744142625394039E-4     8.280133353821665E-4     7.021048720456843E-4     5.941096257238301E-4     5.017185294795582E-4     4.228745676602806E-4     3.557538685464744E-4     2.987465272811437E-4     2.504375822497748E-4     2.0958848543333017E-4    1.7511933038941938E-4    1.4609203212048667E-4    1.2169459212114288E-4    1.0122652972140812E-4    8.40855173565733E-5      6.975522215454034E-5     5.7794328563585006E-5    4.782669583282536E-5     3.953258912342943E-5     3.264091298072387E-5     2.6922369978386707E-5    2.2183464759454674E-5    1.826127372735918E-5     1.5018902653790336E-5    1.2341557929147324E-5    1.013316163362149E-5     8.313445682488016E-6     6.8154657021283455E-6    5.583480793282944E-6     4.5711507610625025E-6    3.7400076108241703E-6    3.05816303782055E-6      2.4992182208421034E-6    2.0413464351237746E-6    1.6665228159828053E-6    1.3598790346694644E-6    1.109163704593873E-6     9.042920389837827E-7     7.369706533269821E-7     6.003854714867695E-7     4.889424738755081E-7     3.9805253117226285E-7    3.2395278887444784E-7    2.635579530890733E-7     2.1433522676597887E-7    1.7419619913214766E-7    1.4139688334834575E-7    1.1443151139080986E-7    9.189261970087211E-8     7.224057104082835E-8     5.336057993375537E-8     3.164201811183359E-8     0
% Data
% c (mol/m^3) @ t=800, u1=0.01, u2=0.05
1                         0.9737224107933826       0.9446391435542537       0.9128656574921982       0.8785664470821152       0.8419534749128427       0.8032831664120355       0.7628519980670639       0.7209907681130806       0.6780576958977247       0.6344305506439956       0.5904980593641199       0.5466508844092607       0.503272490800042        0.46073023950204295      0.41936704303545963      0.3794939027636177       0.34138361238222575      0.305265860262563        0.2713238965617942       0.23969285308026655      0.21045971976247752      0.18366489754648738      0.15930516942145573      0.13733786619555738      0.11768595567493585      0.1002437570586154       0.08488297759336325      0.07145878493588584      0.05981566332507436      0.04979285025277444      0.041229207802169716     0.03396744417308798      0.02785766175187584      0.02276026513071176      0.018548313806018707     0.015109449342268683     0.012347566280961019     0.010184431703595197     0.008561492485771335     0.007442144576326811     0.006610048462369086     0.005857371622138114     0.005178531896251098     0.004568057802276865     0.004020628454631501     0.003531107845735236     0.003094573307402315     0.0027063381600133892    0.002361968720134763     0.002057295971571597     0.0017884223091340062    0.0015517238391714535    0.001343848768077991     0.0011617124323588476    0.001002489524967063     8.636040562564101E-4     7.427175578771841E-4     6.377159979183077E-4     5.4669582891011E-4       4.6794953987251497E-4    3.999510318902166E-4     3.413410857154149E-4     2.9091314117904763E-4    2.475995628534331E-4     2.1045852520074204E-4    1.7866161379356466E-4    1.5148220727600242E-4    1.2828467751001325E-4    1.085144226303715E-4     9.168872920999219E-5     7.738844504058735E-5     6.525043274627188E-5     5.496076613932835E-5     4.624862547188906E-5     3.888084412769639E-5     3.2657057455922475E-5    2.7405404030798275E-5    2.2978730321134703E-5    1.9251251306331823E-5    1.611562175192558E-5     1.3480375465873092E-5    1.1267692737372852E-5    9.41145918294756E-6      7.855582284342525E-6     6.552534912923632E-6     5.46209801971527E-6      4.55027734994919E-6      3.7883714083213843E-6    3.1521697683120077E-6    2.621261810429224E-6     2.178435297945784E-6     1.8091401552042074E-6    1.500981742257128E-6     1.2431819324866765E-6    1.0258884086822462E-6    8.390862343742707E-7     6.705922836581399E-7     5.020234492801236E-7     3.003604131228637E-7     0
% Data
% c (mol/m^3) @ t=900, u1=0.01, u2=0.05
1                         0.976909658717753        0.9513266622666188       0.9233199852999089       0.8929972252500308       0.8605042436901124       0.8260238037092001       0.7897731897752805       0.7520008320767568       0.7129819947786142       0.6730136255533276       0.6324085004711315       0.591488831999785        0.5505795365035051       0.5100013792808036       0.47006422802599884      0.43106064814297734      0.3932600645879324       0.3569036945492006       0.3222004237727227       0.2893237580728126       0.2584099327503152       0.2295572092381274       0.2028263338044591       0.17824208130523475      0.1557957614249431       0.1354485287606682       0.11713531389629322      0.10076918169211335      0.08624592568485218      0.07344872299661108      0.06225270084384856      0.05252930136741591      0.04415037354757256      0.0369919669599688       0.030937849949020674     0.02588282286153691      0.02173594434120298      0.018423834987341972     0.0158942680741011       0.014120301947631328     0.01277602115789797      0.011535608531316804     0.010394054525665719     0.009346232746230969     0.008386947720773625     0.007510980866441338     0.006713133848720089     0.005988268670817553     0.005331343978969712     0.004737447217718352     0.004201822412871223     0.003719893493479885     0.00328728318388378      0.002899827600070572     0.002553586769866204     0.0022448513634007418    0.0019701459693633964    0.0017262292848997576    0.001510091604240464     0.0013189499952200485    0.0011502415458467257    0.0010016150471525345    8.70921455754185E-4      7.562034518129806E-4     6.556843771273716E-4     5.677568054294397E-4     4.909709638540727E-4     4.240231920361475E-4     3.657445941694965E-4     3.15090010226173E-4      2.711274057948261E-4     2.3302775590242864E-4    2.0005547685017605E-4    1.7155944152998467E-4    1.4696459781624353E-4    1.2576419630879097E-4    1.0751262275383695E-4    9.181882167769415E-5     7.834029090638599E-5     6.677762148017096E-5     5.6869553775980496E-5    4.8388518200231096E-5    4.113662739534189E-5     3.494208630626867E-5     2.9655986461460155E-5    2.5149451182204735E-5    2.1311098791891707E-5    1.804479066445592E-5     1.5267629021762806E-5    1.290816353105583E-5     1.0904751327744681E-5    9.203982334514349E-6     7.759010023710152E-6     6.527473361828624E-6     5.468365984031463E-6     4.536507583013987E-6     3.6717850239828082E-6    2.777178885921676E-6     1.6729190639632631E-6    0
% Data
% c (mol/m^3) @ t=1000, u1=0.01, u2=0.05
1                         0.9795140881187068       0.9567975695928536       0.9318887811026341       0.9048569464291681       0.8758024109009298       0.8448561579694371       0.8121785807545154       0.7779575041908887       0.742405478210743        0.7057563883470969       0.668261456205076        0.6301847272494461       0.5917981660371181       0.5533764981044517       0.5151919519867675       0.4775090632424389       0.4405797040651153       0.40463849661668766      0.36989875552433543      0.336549085428328        0.3047507338768244       0.2746357695174288       0.24630612209977745      0.21983348624418314      0.19526005738670066      0.1726000379402954       0.1518418265286567       0.13295078485778092      0.11587246664669276      0.10053619175695522      0.08685885638083912      0.07474888646792441      0.06411026563581662      0.05484659944913854      0.046865213817161334     0.04008132497706988      0.03442236079329784      0.02983255674017264      0.026277993900239213     0.02375228962742662      0.021808957315918004     0.019987121579779263     0.018283196624372094     0.016693300686683763     0.015213293701705958     0.01383881705426576      0.012565334578176384     0.011388173977930348     0.01030256788817521      0.009303693848714736     0.008386712552986352     0.007546803820850296     0.006779199847118758     0.0060792153809031135    0.005442274593420801     0.004863934489873629     0.004339904811585183     0.0038660644556872672    0.003438474509894081     0.003053388058555918     0.0027072569630623325    0.0023967358550566445    0.0021186836054891815    0.0018701625472118304    0.0016484357347236046    0.0014509625230441237    0.0012753927397858107    0.001119559711564197     9.81472389115738E-4      8.59306795977094E-4      7.513970042973583E-4     6.562258191568648E-4     5.724153303735241E-4     4.987174687808908E-4     4.340046828291336E-4     3.772608314444349E-4     3.2757237063578887E-4    2.8411989452256436E-4    2.4617007635636306E-4    2.1306804174573603E-4    1.842301946248276E-4     1.5913750644774093E-4    1.373292704941298E-4     1.1839731581636104E-4    1.0198066889117012E-4    8.776064484959812E-5     7.545634311292042E-5     6.482051212604958E-5     5.563573011706373E-5     4.7710814053136446E-5    4.087729770895344E-5     3.49856712924535E-5      2.9900764253171312E-5    2.5495001736080544E-5    2.163690161376947E-5     1.8169326004991135E-5    1.4866036402240205E-5    1.134264092057976E-5     6.872011875068371E-6     0
% Data
% c (mol/m^3) @ t=1100, u1=0.01, u2=0.05
1                         0.9816844802908281       0.9613607350071802       0.9390462984813447       0.9147837167632736       0.8886410713501393       0.8607119794820287       0.831115041817445        0.7999927233122489       0.7675096697656097       0.7338504802438516       0.6992169738165169       0.6638250070204768       0.6279009154329531       0.5916776678896827       0.555390834461469        0.5192744786026581       0.4835570893264163       0.44845767042087203      0.41418210037073405      0.38091986879121553      0.3488412830626842       0.3180952229790303       0.28880750234419866      0.2610798755514894       0.23498970542832512      0.21059028732288806      0.18791180489916345      0.1669628767104245       0.1477326405300427       0.1301933156140157       0.1143031822521603       0.10000992350750268      0.08725428597368108      0.07597403439105552      0.06610819844562894      0.0576016381697954       0.050409986007216086     0.04450505757324242      0.039880858080975586     0.03656034582512363      0.03397375729521715      0.03151743463867075      0.029189634813793157     0.026988231992516157     0.024910735582870443     0.022954312419288123     0.02111581266663435      0.019391798902851923     0.01777857778508223      0.016272233666106545     0.014868663511806652     0.013563612474945686     0.012352709503974747     0.011231502405214571     0.010195491829675536     0.009240163718786469     0.008361019813200631     0.007553605902561701     0.006813537568819899     0.0061365232489030514    0.005518384512180384     0.004955073512542927     0.004442687632823265     0.003977481389857291     0.0035558757112936993    0.003174464730155406     0.002830020270302167     0.0025194942157123084    0.002240018969443812     0.001988906214923569     0.0017636441935986074    0.0015618937097517463    0.0013814830662279628    0.001220402124704312     0.0010767956716890641    9.48956257317839E-4      8.353166588185576E-4     7.344421047579876E-4     6.450223802933424E-4     5.658639179790841E-4     4.958819634728646E-4     4.340928908818675E-4     3.7960672846786334E-4    3.316199417014819E-4     2.8940850646202234E-4    2.5232128882312905E-4    2.197737257619985E-4     1.9124176581685433E-4    1.6625596472355254E-4    1.4439550635613269E-4    1.2528166758688387E-4    1.0856972982855538E-4    9.393727646024214E-5     8.106461811596727E-5     6.959854699004054E-5     5.9081240382231765E-5    4.8806765703628846E-5    3.7527681559417744E-5    2.2851860164138225E-5    0
% Data
% c (mol/m^3) @ t=1200, u1=0.01, u2=0.05
1                         0.9835219176968626       0.9652265411216403       0.9451169611477295       0.9232167296360799       0.8995705183413599       0.8742443902333202       0.8473256558166304       0.8189222971249138       0.789161953408886        0.7581904748177153       0.7261700632033521       0.6932770321216647       0.6596992306856005       0.6256331876501555       0.5912810424868946       0.556847338775802        0.5225357615960597       0.4885459044038839       0.45507015191384403      0.42229076363992657      0.3903772380313978       0.3594840297335309       0.3297486827470085       0.3012904306376406       0.27420930208605465      0.24858575670986122      0.22448086306881312      0.20193701895020788      0.18097920429373404      0.1616167502565519       0.14384560462744433      0.12765107459094494      0.11301103302360217      0.09989958413608975      0.08829119815557027      0.0781653424038036       0.06951165683712743      0.062335744894849        0.05666567414121986      0.05255930425812237      0.049328201686857275     0.04622726913180493      0.04325659443280655      0.04041588744452848      0.03770447859794919      0.0351213215922984       0.03266500022376584      0.030333739257526707     0.02812541915444264      0.026037594376729527     0.024067514920887323     0.022212150663506586     0.020468218057693978     0.018832208685528165     0.017300419155187957     0.015868981829565185     0.014533895885128767     0.013291058223964689     0.012136293796402233     0.011065384934393874     0.01007409934472036      0.00915821646405242      0.00831355193293408      0.007535980001055712     0.006821453730175185     0.00616602291238921      0.005565849669086351     0.005017221739021422     0.004516563501985062     0.004060444817180922     0.003645587782552275     0.0032688715429842136    0.0029273352917580453    0.0026181796211779663    0.0023387663853391663    0.002086617241030818     0.0018594110322664719    0.0016549801804129855    0.0014713062358291562    0.0013065147387541927    0.001158869527227251     0.0010267666182063827    9.087277745665982E-4     8.033938543830117E-4     7.095180175705533E-4     6.259588335240219E-4     5.516732812387094E-4     4.857095383878761E-4     4.271992724306591E-4     3.7534878145709365E-4    3.2942759334673283E-4    2.887516262358896E-4     2.526549380548091E-4     2.204378066199018E-4     1.9126603310697866E-4    1.639701140551866E-4     1.366393463052861E-4     1.0579664169167454E-4    6.471711024705017E-5     0
% Data
% c (mol/m^3) @ t=0, u1=0.03, u2=0.01
1                         -5.069401922627066E-8    2.7246567094188617E-15   3.4218850138554063E-20   5.1055724537486424E-26   5.831756625091731E-32    5.952280712585281E-38    5.707686170230439E-44    5.259823408205835E-50    4.7153437997097985E-56   4.142543792545946E-62    3.583377428229471E-68    3.0619695156072492E-74   2.5906042865195106E-80   2.1739009194871843E-86   1.811693522021093E-92    1.5009909045016383E-98   1.2372872974979327E-104  1.0154190658114331E-110  8.301070463814605E-117   6.76283897205144E-123    5.492767350883734E-129   4.4489436843869465E-135  3.594533927904833E-141   2.8976669064281314E-147  2.3311027459798367E-153  1.8717906380393354E-159  1.5003845343101657E-165  1.2007596339522523E-171  9.595550075740796E-178   7.657559814751021E-184   6.103222403534353E-190   4.858627504352792E-196   3.8635567023385673E-202  3.0690977520940284E-208  2.4356313514520085E-214  1.9311454284521862E-220  1.5298328945491489E-226  1.2109317279821023E-232  9.577701590665266E-239   7.544766238305758E-245   5.3167363359937506E-251  3.744207142697351E-257   2.635142172503437E-263   1.8534919084656554E-269  1.3029624425077237E-275  9.154590627292601E-282   6.428687222724139E-288   4.512236130713735E-294   3.1656046861364E-300     2.2198594913978632E-306  1.555988399545E-312      1.11282E-318             0                        0                        0                        0                        0                        0                        0                        0                        0                        0                        0                        0                        0                        0                        0                        0                        0                        0                        0                        0                        0                        0                        0                        0                        0                        0                        0                        0                        0                        0                        0                        0                        0                        0                        0                        0                        0                        0                        0                        0                        0                        0                        0                        0                        0                        0                        0                        0
% Data
% c (mol/m^3) @ t=100, u1=0.03, u2=0.01
1                         0.9235571163098389       0.8264881276084329       0.7135636185703761       0.5920086974692058       0.4703503617148357       0.3568743401739011       0.25811042339441975      0.17780906013675293      0.11671168642830275      0.07309703052921672      0.043782167371927326     0.02515113442857609      0.013902189841252913     0.007418795922415701     0.003834887225730714     0.001926290641814083     9.43039097136634E-4      4.5118814611097064E-4    2.1148291483943474E-4    9.732891832587315E-5     4.4066891168614334E-5    1.9662786383289116E-5    8.659845095000438E-6     3.769631205952995E-6     1.6237986593475996E-6    6.928970510390388E-7     2.931651300401794E-7     1.230888611381709E-7     5.132178511404148E-8     2.1263673770240043E-8    8.759379300511617E-9     3.5894163957365174E-9    1.4638023791194351E-9    5.943201932160386E-10    2.403203327484605E-10    9.681150960818856E-11    3.886272951972093E-11    1.5543506674360332E-11   6.173606941219424E-12    2.357348780110737E-12    8.434992412735369E-13    3.010681952620155E-13    1.0720954230249597E-13   3.8093707621217184E-14   1.35077074080069E-14     4.780475562322762E-15    1.6887668681777508E-15   5.955546271483026E-16    2.0968504801169878E-16   7.371311610927812E-17    2.587546519077697E-17    9.070468452562204E-18    3.175405260734432E-18    1.110258526267305E-18    3.8773078888637093E-19   1.3525135501961061E-19   4.712815920823399E-20    1.6404678971395467E-20   5.7045705423003704E-21   1.9818211507884576E-21   6.878748722437736E-22    2.38547061668703E-22     8.265583899731093E-23    2.861687212050889E-23    9.89996006867054E-24     3.422316099558619E-24    1.1822089272333148E-24   4.081005432632333E-25    1.4078283834340256E-25   4.853467026200465E-26    1.672183616434175E-26    5.757773271354628E-27    1.98140206665042E-27     6.814695182063905E-28    2.3425234195161707E-28   8.048087105514542E-29    2.763629366375281E-29    9.485324354066167E-30    3.253991185382667E-30    1.115780083679328E-30    3.8242375225603968E-31   1.3101494693970806E-31   4.486545064008855E-32    1.5357610982001432E-32   5.254855140978211E-33    1.79733116341732E-33     6.145119705095478E-34    2.1002544251124385E-34   7.175580557083207E-35    2.450698276987166E-35    8.367086204979143E-36    2.855709440668734E-36    9.743450163033035E-37    3.323331178528738E-37    1.1331731678848368E-37   3.86232152692937E-38     1.3148867142365276E-38   4.436669688400922E-39    1.3696560214976049E-39   0
% Data
% c (mol/m^3) @ t=200, u1=0.03, u2=0.01
1                         0.9684198249109266       0.9268338871396121       0.8750793175163744       0.8136823821586273       0.7438989560824338       0.6676688154033177       0.5874788148236637       0.5061456319232868       0.4265451375382402       0.35132873040179113      0.28267288701933574      0.22210352879295928      0.1704213257243297       0.12773154952189789      0.09355958900607578      0.06701796094434709      0.04698655124895705      0.03227411788747826      0.021741446821320783     0.014379760891459878     0.009348214876858022     0.005980023126954013     0.003768326525632489     0.002341667546689153     0.0014363944457601258    8.705889808906529E-4     5.218427414226494E-4     3.096173673320167E-4     1.8197773680817933E-4    1.0603343485051706E-4    6.129150065939504E-5     3.5169766192848325E-5    2.004509120347623E-5     1.1354091813810815E-5    6.394634547328168E-6     3.582390371866765E-6     1.996577304264574E-6     1.1059871956615492E-6    6.053395380761744E-7     3.1756859264773396E-7    1.5801908350776906E-7    7.836870914743716E-8     3.874824466411048E-8     1.9104783356814156E-8    9.395242073087019E-9     4.609310543311277E-9     2.2563402791892068E-9    1.1022629645337445E-9    5.374557572219985E-10    2.6159904089627513E-10   1.2712156926445832E-10   6.16795184740159E-11     2.988449857976539E-11    1.4460222547117387E-11   6.988197909565975E-12    3.373266545815709E-12    1.6265316660740722E-12   7.834825853091482E-13    3.7703125292165915E-13   1.8127196041775945E-13   8.707858636113682E-14    4.1796509372467347E-14   2.0046355870287743E-14   9.607603838327169E-15    4.601454392058469E-15    2.2023712005481594E-15   1.0534530585672464E-15   5.035957574914834E-16    2.406041903846273E-16    1.1489200070814484E-16   5.483430806683768E-17    2.6157770238271576E-17   1.2472227808509823E-17   5.944165862461632E-18    2.831714443561988E-18    1.348426381887243E-18    6.418468605280166E-19    3.0539978742820674E-19   1.4525982563736568E-19   6.906655288952364E-20    3.28277550325443E-20     1.5598078026717965E-20   7.409050778355867E-21    3.5181993544819386E-21   1.6701261436163226E-21   7.925987746410114E-22    3.7604250075214483E-22   1.783626025043679E-22    8.457806200172938E-23    4.009611116161256E-23    1.9003808779289123E-23   9.004831806402245E-24    4.265868062362691E-24    2.0203428466970466E-24   9.564478199271327E-25    4.522374983529441E-25    2.126996276944063E-25    9.743096959160701E-26    3.8438731718660604E-26   0
% Data
% c (mol/m^3) @ t=300, u1=0.03, u2=0.01
1                         0.9837127248442392       0.9619763727992329       0.9342557040185464       0.9002133329917464       0.859764724466548        0.8131195927918342       0.7608030399706446       0.7036512582391448       0.6427791668880743       0.5795207130890793       0.5153462930651244       0.4517652291451208       0.3902237931827595       0.3320103047751029       0.27817801108447937      0.22949381717527695      0.1864169564008533       0.1491071867488546       0.1174580137891534       0.09114756909771386      0.06969854310323477      0.05253896510224655      0.03905725204297658      0.02864722989158689      0.02074118676336283      0.014831008895369863     0.010478846050544034     0.007319509892254087     0.005057019338144747     0.003457529252225144     0.0023404806320729173    0.0015693322399699381    0.0010427734738368223    6.869315881294055E-4     4.487942457423688E-4     2.908686830023274E-4     1.8697633368770246E-4    1.19015758746308E-4      7.449462279029288E-5     4.4609262705772506E-5    2.5441551883164306E-5    1.4420315568368726E-5    8.125541691478029E-6     4.553045014263874E-6     2.537708278785821E-6     1.4072865404792533E-6    7.766560942820434E-7     4.2665656504104205E-7    2.3335860917273445E-7    1.2710181881799838E-7    6.895154390693881E-8     3.726297496434907E-8     2.006434252448727E-8     1.0766007078419367E-8    5.75746467704525E-9      3.0691333386190386E-9    1.631043960330062E-9     8.642421293872209E-10    4.566427040510661E-10    2.406232766320408E-10    1.2646340844014596E-10   6.629823182244741E-11    3.467290550912693E-11    1.8091269016235166E-11   9.418367042977772E-12    4.89266383250583E-12     2.536366265955016E-12    1.3122221638137618E-12   6.775822263296638E-13    3.492246101367522E-13    1.7966499140679116E-13   9.227077161382637E-14    4.7307715973735246E-14   2.421535603708646E-14    1.2375524458161457E-14   6.314980924606818E-15    3.217636511687243E-15    1.637111821993057E-15    8.31792853527862E-16     4.220517791056579E-16    2.1386881145002252E-16   1.0823733058189304E-16   5.471049172651104E-17    2.7621258688779473E-17   1.3928692914643288E-17   7.015933595256022E-18    3.53006236367365E-18     1.7742472689488166E-18   8.908268796620927E-19    4.468192706597801E-19    2.238933806501399E-19    1.1208085349334428E-19   5.605418373219949E-20    2.800644865457246E-20    1.3976072710223094E-20   6.958492243864368E-21    3.439074023354134E-21    1.6471908519061704E-21   6.717917143460219E-22    0
% Data
% c (mol/m^3) @ t=400, u1=0.03, u2=0.01
1                         0.9906886990071933       0.9781768087238368       0.9620200087002931       0.941827091918601        0.9172895018181998       0.8882101501365096       0.854529052326857        0.816343224140128        0.7739184567859196       0.7276910541218293       0.6782583623817535       0.6263578977119098       0.5728359839860759       0.5186079235945431       0.4646126891253294       0.4117657996646341       0.36091431678376246      0.31279770098261617      0.2680176195018022       0.22701877686433336      0.190081600203008        0.15732633912457664      0.1287270211064492       0.10413288737325499      0.08329450542354754      0.06589172253975739      0.05156093230959981      0.03991967049696512      0.030587216697637153     0.023200541066814382     0.017425513932920023     0.012963737540805355     0.009555644353909407     0.006980642757242635     0.005055102532497868     0.0036288886749493285    0.0025809982297638236    0.0018146424679121777    0.001251833543792442     8.27129446172447E-4      5.231902471510828E-4     3.2862315892500575E-4    2.0504074873766012E-4    1.2712545699905417E-4    7.834621847602667E-5     4.801045100350521E-5     2.9263168173948496E-5    1.77462689615501E-5      1.0710809873344413E-5    6.435669687783332E-6     3.850751718675807E-6     2.2950887637731186E-6    1.3629357955820553E-6    8.066609377608514E-7     4.75951047129878E-7      2.8002918060007037E-7    1.6433359801327448E-7    9.621483020584348E-8     5.62158585026965E-8      3.278561923238315E-8     1.9090615123940238E-8    1.1101206767563088E-8    6.4481200175875864E-9    3.742005305343885E-9     2.170082126996014E-9     1.2578722049779357E-9    7.289018949351319E-10    4.223306151702021E-10    2.4471487018018724E-10   1.4182739147425358E-10   8.222680265406382E-11    4.769528395534909E-11    2.7681835005295324E-11   1.6077321447278105E-11   9.344739246818372E-12    5.436057437790487E-12    3.165093193138747E-12    1.844551096258724E-12    1.075986733354005E-12    6.282610464655275E-13    3.6718963785821723E-13   2.1480950576731016E-13   1.2578281337151823E-13   7.371952737208721E-14    4.32437382387707E-14     2.5387926878565905E-14   1.4916838290266118E-14   8.77107499936155E-15     5.161017504199357E-15    3.0388066388575894E-15   1.790325765050921E-15    1.055334035836661E-15    6.223246917359443E-16    3.6699910169519993E-16   2.162214435641624E-16    1.268679930667311E-16    7.337931944698172E-17    4.0379096809050426E-17   1.8200836213079115E-17   0
% Data
% c (mol/m^3) @ t=500, u1=0.03, u2=0.01
1                         0.9944242875148643       0.9868962072738299       0.9770908654391043       0.9646876566863141       0.9493847168077097       0.9309149545101939       0.9090628805781072       0.8836812452592243       0.854706336673578        0.8221707110223689       0.7862121435562636       0.7470777252331896       0.7051222905579073       0.6608007395338912       0.6146542863506337       0.5672911877593184       0.5193630194405825       0.4715380158120765       0.4244733061206927       0.37878801824315994      0.33503915479838303      0.29370187657842356      0.2551553890751063       0.219675077744629        0.1874309505770657       0.15849189833098296      0.13283483789750752      0.11035750573887644      0.09089353302974576      0.07422845327249984      0.06011543758916341      0.04828978061486987      0.03848142388614897      0.03042505767466873      0.023867543698732344     0.018572509125787794     0.014321930554960597     0.01091429010821326      0.008158337486865435     0.0058604466247704       0.004055030422538738     0.0027871585564547244    0.0019035246091800918    0.0012921269770591924    8.720029030915001E-4     5.852055909222411E-4     3.906467630369639E-4     2.594468505411698E-4     1.714746861433424E-4     1.1280648156177001E-4    7.388249623054791E-5     4.8184766544034226E-5    3.1298402270462564E-5    2.0251571010807834E-5    1.3055571222453959E-5    8.387002369280325E-6     5.369839115690412E-6     3.427095341538291E-6     2.1805461973595162E-6    1.383373648172404E-6     8.75199264280039E-7      5.522339524142017E-7     3.475688924555157E-7     2.182281631377372E-7     1.367039012103299E-7     8.544705319170763E-8     5.3297033144758815E-8    3.317724825754248E-8     2.0613356439227325E-8    1.2783972433876658E-8    7.914575472420586E-9     4.891795583890832E-9     3.0187029890361714E-9    1.8600080590575043E-9    1.14440846566131E-9      7.031485549927449E-10    4.3145899564837203E-10   2.644135412447115E-10    1.618466246298727E-10    9.89514736691537E-11     6.043121126829633E-11    3.6867307070985216E-11   2.246892355597677E-11    1.3680517544977267E-11   8.321851254440555E-12    5.0576805316105385E-12   3.071233632396905E-12    1.863457190684002E-12    1.129757062171546E-12    6.844188003319698E-13    4.1432201047773626E-13   2.506281565020603E-13    1.5148166486675364E-13   9.145071592636203E-14    5.508674045697428E-14    3.299645497247487E-14    1.944193388812445E-14    1.0863340599595038E-14   4.9476162729981404E-15   0
% Data
% c (mol/m^3) @ t=600, u1=0.03, u2=0.01
1                         0.9965164332455425       0.9917982192922628       0.9856176488983537       0.977737336882305        0.9679169178710514       0.9559211419227492       0.94152917340111         0.9245447772582471       0.9048069586936842       0.8822005159368982       0.8566658838149785       0.8282076000760384       0.7969007280540287       0.7628946261177643       0.7264135698011275       0.6877539040049502       0.6472776209427084       0.6054025086474214       0.5625892732638195       0.5193262807527416       0.47611276400881564      0.43344147641080605      0.3917818253510346       0.3515644812702848       0.31316833183710857      0.27691045053615326      0.24303949629248753      0.2117326834946488       0.18309618852928297      0.1571686147266125       0.1339269397102442       0.11329422385376038      0.09514825888923746      0.07933025943916501      0.06565260709732547      0.0539044832632186       0.0438538768724473       0.03524377956500311      0.027779156714703362     0.0210991535721119       0.015499365872132525     0.011308098018521779     0.008195891252721627     0.005902488764363413     0.0042247881478666045    0.0030060827575213796    0.002126745878860388     0.0014963678720334127    0.0010472628628054748    7.292073956330849E-4     5.052484764407574E-4     3.4841369802449514E-4    2.3916440338166083E-4    1.6344854586866202E-4    1.1122903724147157E-4    7.538321674736781E-5     5.0887925953939225E-5    3.422159042924002E-5     2.2929276189073836E-5    1.530883949693927E-5     1.0186166664522724E-5    6.755360483278665E-6     4.465870289068827E-6     2.9432834254139265E-6    1.934074157197245E-6     1.2672841904252632E-6    8.280904757946146E-7     5.396668594989523E-7     3.507983664601372E-7     2.2746329150685792E-7    1.4713757626311983E-7    9.495755523951819E-8     6.114526566666591E-8     3.9287639367590595E-8    2.519068308701106E-8     1.6119247547747738E-8    1.0294354576895153E-8    6.561915304853273E-9     4.1750894406703115E-9    2.651734910185529E-9     1.6813111572632478E-9    1.0642491464400757E-9    6.725714168642585E-10    4.243802524978421E-10    2.673711452747645E-10    1.6820412457549786E-10   1.0566734028561293E-10   6.62895857059418E-11     4.153051331718741E-11    2.5984922439560344E-11   1.6237404770437646E-11   1.0133191924598323E-11   6.3147967551941E-12      3.928037746557597E-12    2.435761154551445E-12    1.4998422028427522E-12   9.062676546727671E-13    5.171193545831549E-13    2.3890115304312167E-13   0
% Data
% c (mol/m^3) @ t=700, u1=0.03, u2=0.01
1                         0.997756887989182        0.9947120046279245       0.9907073579162599       0.9855727849699477       0.9791288609710371       0.9711907366443965       0.9615728921903438       0.9500947399355014       0.9365869459478778       0.9208982759998396       0.9029027080432621       0.8825064970436856       0.8596548342835          0.8343377177118082       0.8065946475846705       0.7765177862376106       0.7442532742139144       0.7100004765736952       0.6740090396979789       0.6365737640929017       0.5980274338005866       0.558731877256361        0.5190676559901923       0.47942287483495194      0.4401816701587371       0.4017129536705058       0.36435996470184756      0.3284311135183714       0.2941924854834424       0.26186222609096926      0.23160684499763928      0.20353926462492794      0.17771818910555834      0.15414806199311662      0.13277847429760112      0.11350130345687993      0.09614298551588084      0.08044795137479475      0.06604709019862964      0.05240167608332364      0.040353712156028336     0.030863660240256836     0.023448907780773073     0.017700811066040933     0.013278271761543082     0.009900304184832261     0.007338259863333313     0.005408194513076119     0.003963705533510062     0.0028894393114915137    0.002095367325621515     0.0015118560859213768    0.0010855047918222546    7.756921135217378E-4     5.517555478589262E-4     3.907195636886437E-4     2.754889686070401E-4     1.9342895008561166E-4    1.3526102737664044E-4    9.42131999894896E-5      6.53718589473878E-5      4.519187140315154E-5     3.112927029999282E-5     2.136799363299895E-5     1.4618075778631127E-5    9.967637749810889E-6     6.7750463204305086E-6    4.5908302079621915E-6    3.1014777899116667E-6    2.089213305238714E-6     1.4033642694768775E-6    9.400850795421293E-7     6.280690279289269E-7     4.1852773352233177E-7    2.7819529595965844E-7    1.8446540366457227E-7    1.2202520307125178E-7    8.053459144197767E-8     5.303243180030406E-8     3.4846060705097435E-8    2.2847826244620473E-8    1.4949967303662917E-8    9.762566609401659E-9     6.362673252204929E-9     4.138945480576517E-9     2.6874233891600227E-9    1.7418059046636784E-9    1.1269395936290368E-9    7.278753985816131E-10    4.693361388113307E-10    3.021263366075056E-10    1.9415873225721052E-10   1.2454259081977983E-10   7.969696331296257E-11    5.079905987164263E-11    3.210935466557948E-11    1.9868533424712517E-11   1.156208584245918E-11    5.412795222055758E-12    0
% Data
% c (mol/m^3) @ t=800, u1=0.03, u2=0.01
1                         0.9985239084360155       0.9965168217032176       0.9938690523098089       0.9904598329671611       0.9861584178362967       0.9808257487034611       0.9743167218700901       0.966483067783283        0.9571768263702864       0.9462543675684261       0.9335808700696968       0.9190351337439465       0.9025145649349529       0.8839401415488153       0.8632611394561358       0.8404593860441021       0.8155528033102679       0.7885980136248898       0.7596918072711025       0.7289713120532643       0.6966127602974402       0.6628288147268403       0.6278644879033031       0.5919917649161596       0.555503109576117        0.5187040937342642       0.4819054303968859       0.44541470681961204      0.40952809626386233      0.3745222682475465       0.3406466063744708       0.3081156650359837       0.27710152785873426      0.24772533387289847      0.22004665129788123      0.19404850761999037      0.16961457921561146      0.14649307661373984      0.12423889053244601      0.10212108164362244      0.08173518053232577      0.06498205567109924      0.05132598076410876      0.04028176439214491      0.03141770709714118      0.024355769193739028     0.018769655562322865     0.014381448479743281     0.010957326252486523     0.008302805546704626     0.006257847546284486     0.004692078377851018     0.0035002961890198054    0.0025983724717964763    0.0019196038350711101    0.0014115315833520886    0.00103321867060589      7.529550868130729E-4     5.463516572001544E-4     3.9477684631135563E-4    2.840899147277122E-4     2.0362537371807732E-4    1.453870765527369E-4     1.0341467107630304E-4    7.328992740799499E-5     5.175523833257156E-5     3.6421103281903235E-5    2.5543495519647994E-5    1.785560291168288E-5     1.2441508518991926E-5    8.641958009176162E-6     5.9844882905551654E-6    4.131918664424878E-6     2.844588588054727E-6     1.9528199534363465E-6    1.3369374781866484E-6    9.128434725331332E-7     6.216516728045067E-7     4.222715672924019E-7     2.8612645857585376E-7    1.934070562423933E-7     1.304249221616376E-7     8.775015808463158E-8     5.890587122659981E-8     3.945628175611031E-8     2.637201887553918E-8     1.7589848755779307E-8    1.1708276678651928E-8    7.777759777913157E-9     5.156568576053491E-9     3.4120471022635305E-9    2.2531639197212833E-9    1.4845592173112996E-9    9.753083775282636E-10    6.377208487834781E-10    4.1294528973791027E-10   2.611483664880736E-10    1.5470748584809897E-10   7.329613535542467E-11    0
% Data
% c (mol/m^3) @ t=900, u1=0.03, u2=0.01
1                         0.9990163251183207       0.997676931441995        0.9959055663371892       0.9936168693436467       0.9907166173070527       0.9871022966712225       0.98266404387991         0.9772859860301641       0.9708480017302658       0.9632279065987179       0.9543040492808669       0.9439582827993597       0.9320792533078364       0.9185659249619563       0.9033312369690794       0.8863057684140498       0.8674412697601043       0.8467139085460205       0.8241270721420063       0.7997135735783226       0.7735371180440933       0.745692907659957        0.7163072897612711       0.685536387459396        0.6535636878729182       0.6205965991030334       0.5868620162933192       0.5526009527246704       0.5180622843003234       0.48349561218854337      0.449143151276084        0.4152303767441197       0.3819548719191627       0.3494723654901978       0.3178782484012433       0.28718180676324845      0.25726882990095024      0.22784590753866799      0.19835626155292888      0.16785185279185993      0.13871317134040523      0.11390500844703054      0.09295234389907465      0.07539270453197994      0.060786748119860595     0.04872572246090025      0.03883618489341878      0.03078241433279014      0.02426695884970006      0.019029745011129404     0.014846138777094663     0.0115242990733337       0.008902110521621624     0.006843926191566629     0.005237298311446526     0.003989827091597892     0.0030262165721403247    0.0022855922627751137    0.0017191082191570213    0.0012878505867883246    9.610297649134376E-4     7.144432987591622E-4     5.291854748933918E-4     3.9057649603992074E-4    2.8728326560052844E-4    2.106045509031881E-4     1.5389507216098376E-4    1.1210545291112509E-4    8.14176447460754E-5      5.8958172654470135E-5    4.2574180013495825E-5    3.0659685790305924E-5    2.2021646974163663E-5    1.57773251933608E-5      1.1276088720839793E-5    8.040154901092188E-6     5.7199171039524944E-6    4.060432323095646E-6     2.8763991716760472E-6    2.033558964887903E-6     1.4349302984576117E-6    1.010662690229255E-6     7.105870642517937E-7     4.987667410381594E-7     3.4952598044079447E-7    2.4456533252103525E-7    1.7087324329035578E-7    1.1921885012244315E-7    8.306746618465401E-8     5.78024187432974E-8      4.0168182832532264E-8    2.7872840598253497E-8    1.9304859847655286E-8    1.3331585118317491E-8    9.155844220555337E-9     6.2135644954538885E-9    4.099903264330057E-9     2.5145783210711424E-9    1.2191375806618642E-9    0
% Data
% c (mol/m^3) @ t=1000, u1=0.03, u2=0.01
1                         0.999344134895492        0.9984499323767003       0.9972645755622227       0.9957280842871642       0.9937731569771214       0.9913251901913764       0.988302510726076        0.9846168534118751       0.9801741140402067       0.9748754009959999       0.9686184010347475       0.961299064203081        0.9528136002880537       0.9430607646748086       0.9319443955524126       0.9193761476653051       0.9052783510554537       0.8895869073964521       0.8722541225730347       0.8532513630807774       0.8325714164573063       0.8102304328841083       0.7862693264455818       0.7607545197637934       0.7337779233791489       0.705456048593338        0.6759281551137372       0.645353326043804        0.613906332759411        0.5817720869178683       0.5491383561586298       0.5161862152800191       0.4830773747909985       0.4499370149530204       0.41682997139285494      0.38372694709078703      0.35045569182036096      0.31662954679883076      0.2815420483033182       0.24401092296641355      0.20707793109112257      0.17469215423437023      0.14651437755196597      0.12218190499960331      0.10132254830015383      0.08356622025787382      0.06855415160738547      0.055945858104374246     0.045424061838860386     0.0366978198913007       0.029504137993139782     0.023608351148806238     0.018803541866197187     0.01490924424002923      0.011769652724046975     0.009251521491362111     0.0072419065995803404    0.005645870829330136     0.0043842414794092385    0.003391485440140344     0.0026137439264450326    0.0020070513757131795    0.001535748990991329     0.0011710928611649708    8.900490500005731E-4     6.742630154307549E-4     5.091877083359892E-4     3.833532520356448E-4     2.87760818736537E-4      2.1538385715498217E-4    1.6076090824451454E-4    1.1966565385466984E-4    8.884140920332342E-5     6.578887238916827E-5     4.859749825549391E-5     3.581231500314434E-5     2.6329318284667148E-5    1.931374441163743E-5     1.4136539242070672E-5    1.0325207946945032E-5    7.525963963878746E-6     5.474706621014912E-6     3.974860886597437E-6     2.880524193630199E-6     2.083698274696038E-6     1.5046511939850992E-6    1.084667640031833E-6     7.806139195966696E-7     5.608764010073364E-7     4.023354786056092E-7     2.8811734093134777E-7    2.0592773098149674E-7    1.4681937592564348E-7    1.0428094322850876E-7    7.356269743513842E-8     5.1174376230725064E-8    3.4505587026493624E-8    2.1529233952687362E-8    1.055470901775169E-8     0
% Data
% c (mol/m^3) @ t=1100, u1=0.03, u2=0.01
1                         0.9995565189613292       0.9989512474719406       0.9981473935801387       0.9971027171575074       0.9957692349643392       0.9940930160924937       0.9920140929923236       0.9894665140852369       0.986378563762072        0.9826731741588886       0.9782685502957666       0.9730790258083272       0.9670161604991578       0.959990083264018        0.9519110746716308       0.9426913727618935       0.9322471737441359       0.9205007865872472       0.9073828874291867       0.8928348067510837       0.8768107697700706       0.8592799987629819       0.8402285750001384       0.8196609471077297       0.7976009606857887       0.7740922684539971       0.7491979570247083       0.7229991892571764       0.6955926004371041       0.667086088108048        0.6375924787131304       0.6072203097338014       0.5760605914898057       0.5441678480630412       0.511532896648131        0.478043588440439        0.4434279320053046       0.4071714131857191       0.3683965797438301       0.32568760776165556      0.28256263115659674      0.24377106531061743      0.20914443468209662      0.1784639473793148       0.15147411275423275      0.12789516502941795      0.10743404159771656      0.08979377516403819      0.07468125499245062      0.06181339162913776      0.05092178065209218      0.04175600464207022      0.03408574007655178      0.027701849303344708     0.022416639619091357     0.018063464349803306     0.014495827214429807     0.011586133429333083     0.009224210941864975     0.0073157044596576       0.00578042479047482      0.004550717295533426     0.0035698965454106905    0.0027907798490690544    0.0021743402930338514    0.0016884902146961187    0.0013069984696146696    0.0010085392001227297    7.758658011668729E-4     5.951011312060047E-4     4.551334638654873E-4     3.471069751591707E-4     2.6399549624953565E-4    2.0024865017743745E-4    1.5150018257349923E-4    1.1432917153378224E-4    8.606576861849385E-5     6.463411314219011E-5     4.8426027293667E-5       3.6200007987354524E-5    2.700086317330768E-5     2.0096085673124938E-5    1.492571352272714E-5     1.1062994238751258E-5    8.183656542114968E-6     6.042003943888499E-6     4.4523882484591525E-6    3.2749057370989925E-6    2.4043926226114836E-6    1.7619868485547585E-6    1.2886772750125785E-6    9.403847826143656E-7     6.842180501490337E-7     4.956241172645812E-7     3.562139428237966E-7     2.5208885938094245E-7    1.7252719941686412E-7    1.0891274599579522E-7    5.379849968897524E-8     0
% Data
% c (mol/m^3) @ t=1200, u1=0.03, u2=0.01
1                         0.999696501141858        0.9992819316682209       0.9987305165611075       0.9980124133193172       0.9970933996585641       0.9959346025436083       0.9944922852885077       0.9927177109008588       0.990557100831519        0.9879517086720462       0.9848380279639132       0.9811481519971561       0.9768103011456093       0.9717495297982855       0.9658886202201249       0.9591491646664625       0.9514528297798772       0.942722788745883        0.9328852969237421       0.9218713757359857       0.9096185574642988       0.8960726300811335       0.8811893058961291       0.8649357197181846       0.8472916398366401       0.8282502457731467       0.8078182862838443       0.7860153731276639       0.7628720811437671       0.738426399231779        0.7127178896712607       0.6857786358381597       0.6576196494849201       0.628210809938438        0.5974515366162091       0.5651281379061243       0.5308519727052227       0.4939699816204443       0.4534354818569109       0.407621942442341        0.3603108940457827       0.3167982014360107       0.27708145233910036      0.24109394650731203      0.20871542778163463      0.1797827539134277       0.15410013905130096      0.13144868216445707      0.11159497295018775      0.09429864082521153      0.07931877930536257      0.06641923533983231      0.055372799851610276     0.04596437155393235      0.03799319145840277      0.03127426127359319      0.02563906636747033      0.020935724575919256     0.017028677381792756     0.013798031313770718     0.011138646145184587     0.008959053757668409     0.007180278319934645     0.005734615458353255     0.004564415906030451     0.0036209080753706172    0.002863084317843752     0.002256667401909806     0.0017731669479765426    0.0013890301306570486    0.0010848867700354468    8.448858350290539E-4     6.56118211953198E-4      5.081191892829011E-4     3.924433234127829E-4     3.0230404216383263E-4    2.3227039223589518E-4    1.7801364138563165E-4    1.3609692148624226E-4    1.0380167734860788E-4    7.89853159721946E-5      5.996509262459362E-5     4.5423895764183676E-5    3.4334183304123216E-5    2.589686622279719E-5     1.9492425728983234E-5    1.4641984862934706E-5    1.0976435251803535E-5    8.212047398829348E-6     6.131272239190491E-6     4.567677234997151E-6     3.39415668259643E-6      2.513717689119056E-6     1.852274554754033E-6     1.352988567036516E-6     9.717701559454669E-7     6.736176314348931E-7     4.295016887293769E-7     2.135162036902158E-7     0
% Data
% c (mol/m^3) @ t=0, u1=0.03, u2=0.03
1                         -5.069401922627066E-8    2.7246567094188617E-15   3.4218850138554063E-20   5.1055724537486424E-26   5.831756625091731E-32    5.952280712585281E-38    5.707686170230439E-44    5.259823408205835E-50    4.7153437997097985E-56   4.142543792545946E-62    3.583377428229471E-68    3.0619695156072492E-74   2.5906042865195106E-80   2.1739009194871843E-86   1.811693522021093E-92    1.5009909045016383E-98   1.2372872974979327E-104  1.0154190658114331E-110  8.301070463814605E-117   6.76283897205144E-123    5.492767350883734E-129   4.4489436843869465E-135  3.594533927904833E-141   2.8976669064281314E-147  2.3311027459798367E-153  1.8717906380393354E-159  1.5003845343101657E-165  1.2007596339522523E-171  9.595550075740796E-178   7.657559814751021E-184   6.103222403534353E-190   4.858627504352792E-196   3.8635567023385673E-202  3.0690977520940284E-208  2.4356313514520085E-214  1.9311454284521862E-220  1.5298328945491489E-226  1.2109317279821023E-232  9.577701590665281E-239   7.569840199454109E-245   5.978776111908964E-251   4.719034992046429E-257   3.722403691028604E-263   2.9345136374679403E-269  2.3120823030834E-275     1.8206908710919967E-281  1.4329974600798196E-287  1.1273031703742362E-293  8.86403222106717E-300    6.966679351624314E-306   5.4730862616E-312        4.20482E-318             4.9E-324                 0                        0                        0                        0                        0                        0                        0                        0                        0                        0                        0                        0                        0                        0                        0                        0                        0                        0                        0                        0                        0                        0                        0                        0                        0                        0                        0                        0                        0                        0                        0                        0                        0                        0                        0                        0                        0                        0                        0                        0                        0                        0                        0                        0                        0                        0                        0
% Data
% c (mol/m^3) @ t=100, u1=0.03, u2=0.03
1                         0.9235571163098389       0.8264881276084329       0.7135636185703761       0.5920086974692058       0.4703503617148357       0.3568743401739011       0.25811042339441975      0.17780906013675302      0.11671168642830279      0.07309703052921673      0.04378216737192733      0.025151134428576086     0.013902189841252913     0.007418795922415701     0.0038348872257307136    0.001926290641814083     9.430390971366345E-4     4.5118814611097054E-4    2.1148291483943455E-4    9.732891832587308E-5     4.4066891168614294E-5    1.96627863832891E-5      8.659845095000433E-6     3.7696312059529924E-6    1.6237986593475987E-6    6.928970510390398E-7     2.931651300401854E-7     1.2308886113819355E-7    5.132178511412403E-8     2.1263673770540346E-8    8.759379301602404E-9     3.5894163996928197E-9    1.4638023934470909E-9    5.943202450193494E-10    2.403205197290319E-10    9.68121832798574E-11     3.886515202819219E-11    1.555220019379886E-11    6.204737185905919E-12    2.46856391763658E-12     9.795703964228302E-13    3.8776674956938203E-13   1.531495834377452E-13    6.035763401880226E-14    2.3739702201052538E-14   9.319569383211213E-15    3.652082661624354E-15    1.4287374197100511E-15   5.580470590061251E-16    2.176367771790347E-16    8.47560163672654E-17     3.2962247849353596E-17   1.2802657767094475E-17   4.966465661260173E-18    1.9243489051960517E-18   7.447880088485566E-19    2.8794919208788025E-19   1.112125546431687E-19    4.2910706938649104E-20   1.6541289597434384E-20   6.370620735371086E-21    2.4514252952664752E-21   9.42529618591088E-22     3.620969152512839E-22    1.390021012203966E-22    5.332085887349809E-23    2.043920322705657E-23    7.829481997965864E-24    2.997194564239674E-24    1.1466205627938606E-24   4.383862556605849E-25    1.6750801755200588E-25   6.396823035486E-26       2.4414696275307493E-26   9.313316419084768E-27    3.550837977915102E-27    1.3531249338079143E-27   5.153855437227024E-28    1.9620962665163005E-28   7.46634912205788E-29     2.83989359846189E-29     1.079710370011009E-29    4.103262483542578E-30    1.558738696212842E-30    5.918944644927226E-31    2.2467095616825834E-31   8.524832231006576E-32    3.2334442417875285E-32   1.2259979497053348E-32   4.64689633401489E-33     1.7607146661183133E-33   6.669165142557945E-34    2.525306042844466E-34    9.55916048555449E-35     3.6173348768624473E-35   1.3683318134978048E-35   5.17019187288759E-36     1.9368806224139247E-36   6.650191328064604E-37    0
% Data
% c (mol/m^3) @ t=200, u1=0.03, u2=0.03
1                         0.9684198249109267       0.926833887139612        0.8750793175163744       0.8136823821586272       0.7438989560824338       0.6676688154033175       0.5874788148236635       0.5061456319232865       0.42654513753824014      0.35132873040179113      0.2826728870193357       0.22210352879295914      0.17042132572432958      0.12773154952189789      0.09355958900607575      0.06701796094434707      0.04698655124895706      0.032274117887478256     0.0217414468213208       0.014379760891459955     0.009348214876858227     0.005980023126954564     0.0037683265256339576    0.002341667546693063     0.001436394445770516     8.705889809182354E-4     5.218427414957846E-4     3.09617367525698E-4      1.8197773732043433E-4    1.0603343620346756E-4    6.129150422745587E-5     3.5169775587708974E-5    2.004511589823711E-5     1.1354156605516922E-5    6.394804204576289E-6     3.582833670283597E-6     1.9977329281468323E-6    1.1089922479616298E-6    6.131326970379879E-7     3.377198985200385E-7     1.853805292479353E-7     1.0143660445197944E-7    5.534213165982995E-8     3.0112419519050226E-8    1.6343810850016558E-8    8.850347070987703E-9     4.7823432504362555E-9    2.5790647350835983E-9    1.3883098556450497E-9    7.460525336917718E-10    4.0027871505460483E-10   2.1444328171175028E-10   1.1472603387598047E-10   6.129854463830042E-11    3.271242475565231E-11    1.7437428401031742E-11   9.28515771334065E-12     4.9392480571890865E-12   2.624958408765069E-12    1.393790064655229E-12    7.394471429501187E-13    3.9198691048422165E-13   2.0763902188048846E-13   1.0990977462804258E-13   5.813923390087414E-14    3.0734242703222233E-14   1.6237138739721055E-14   8.573198293291928E-15    4.524122630931495E-15    2.3861347473972248E-15   1.257867523896212E-15    6.627714207007308E-16    3.4905233814952055E-16   1.8374844159432071E-16   9.668765423242557E-17    5.085575068313145E-17    2.6738547068853592E-17   1.405305773703417E-17    7.383212609502809E-18    3.8776385035380794E-18   2.035833353193323E-18    1.068502041180955E-18    5.6062401610202615E-19   2.940600178917278E-19    1.541958505098705E-19    8.083251344272357E-20    4.236236725328469E-20    2.2195194527355452E-20   1.1625883227154223E-20   6.0881410654901415E-21   3.1874138807326667E-21   1.6683607436249845E-21   8.730517457911822E-22    4.567511581085705E-22    2.3886400223457755E-22   1.2477829761055822E-22   6.48630774470202E-23     3.288169724899939E-23    1.4406395583380486E-23   0
% Data
% c (mol/m^3) @ t=300, u1=0.03, u2=0.03
1                         0.9837127248442392       0.961976372799233        0.9342557040185463       0.9002133329917467       0.8597647244665482       0.8131195927918338       0.7608030399706444       0.7036512582391444       0.642779166888074        0.5795207130890788       0.5153462930651244       0.45176522914512063      0.3902237931827596       0.3320103047751034       0.2781780110844805       0.2294938171752798       0.1864169564008606       0.14910718674887263      0.11745801378919771      0.09114756909782246      0.06969854310349993      0.05253896510289223      0.03905725204454463      0.028647229895384506     0.020741186772534094     0.014831008917453103     0.010478846103554092     0.007319510019095005     0.005057019640631556     0.0034575299710721775    0.0023404823341645247    0.0015693362548760993    0.00104278290661189      6.869536578317223E-4     4.488456575835128E-4     2.909879036513034E-4     1.8725148292840371E-4    1.1964761045119268E-4    7.593802655751739E-5     4.788852530116262E-5     3.0016041239806683E-5    1.8704706985801993E-5    1.1591585749695973E-5    7.145647900425667E-6     4.38281715791178E-6      2.675336110104095E-6     1.6255911151634572E-6    9.834260303272554E-7     5.924531154399304E-7     3.554904966206319E-7     2.1249031260090284E-7    1.2654898951719407E-7    7.510243446561537E-8     4.442105390597077E-8     2.61892762527562E-8      1.5392706468165145E-8    9.020224666910009E-9     5.270863539128806E-9     3.0715439942934703E-9    1.7852056045958406E-9    1.034951262419403E-9     5.985399076172006E-10    3.453402475926404E-10    1.9880142826424204E-10   1.1419458964378625E-10   6.545744441140391E-11    3.7444857455709847E-11   2.137841606106252E-11    1.2182550269384603E-11   6.9295975269101136E-12   3.934697963899031E-12    2.230353181124797E-12    1.2621728691797812E-12   7.131321705576081E-13    4.022992330340894E-13    2.2660912830131645E-13   1.2746023958861957E-13   7.159133211376534E-14    4.0156233077203714E-14   2.2494168741024763E-14   1.2584277997949842E-14   7.0314395261632454E-15   3.9240391160608396E-15   2.187310678954463E-15    1.2178393682737621E-15   6.773072048522606E-16    3.7627966911251347E-16   2.0882278843622937E-16   1.1577087629889332E-16   6.411900306128044E-17    3.547736360689593E-17    1.961114976440083E-17    1.0830492582294128E-17   5.9755404796875356E-18   3.2931167249318233E-18   1.8109718768605857E-18   9.890982193228113E-19    5.2432516848846625E-19   2.375384490036135E-19    0
% Data
% c (mol/m^3) @ t=400, u1=0.03, u2=0.03
1                         0.9906886990071935       0.9781768087238364       0.9620200087002931       0.9418270919186008       0.9172895018182002       0.8882101501365098       0.8545290523268574       0.8163432241401285       0.7739184567859217       0.7276910541218342       0.678258362381765        0.6263578977119357       0.5728359839861344       0.5186079235946732       0.4646126891256194       0.41176579966527926      0.3609143167851951       0.3127977009857955       0.2680176195088504       0.22701877687994         0.19008160023751616      0.15732633920075684      0.12872702127431793      0.10413288774240922      0.08329450623349811      0.06589172431240267      0.051560936178582886     0.03991967891636479      0.030587234960596392     0.023200580545444435     0.01742559895814159      0.012963919939090848     0.00955603400156181      0.006981471445547191     0.005056856679694829     0.0036325834042367456    0.0025887397313688527    0.0018307740171669476    0.0012852542419222706    8.959505705924018E-4     6.203697226275874E-4     4.267931527375224E-4     2.9181740553974153E-4    1.9836096644864075E-4    1.3408329538618362E-4    9.01543233637706E-5      6.0312835846896994E-5    4.0156894528437176E-5    2.6616542327659585E-5    1.7566954337104324E-5    1.1547955945441891E-5    7.562867554766698E-6     4.935691946334377E-6     3.2106711110273443E-6    2.0822579426902735E-6    1.3466897890581915E-6    8.687544209855243E-7     5.591439682607626E-7     3.5912589407610675E-7    2.302311073689546E-7     1.4735725180045699E-7    9.418100869810002E-8     6.012171533274568E-8     3.8341136553206286E-8    2.4431535275681124E-8    1.5558655289324256E-8    9.903955250038446E-9     6.302841729457599E-9     4.010760224313174E-9     2.552385452967227E-9     1.6246383197451298E-9    1.0344611972341369E-9    6.58975643820304E-10     4.2001703663823047E-10   2.678833015580755E-10    1.709772879725819E-10    1.0921246446667165E-10   6.981812790736688E-11    4.4672687536523846E-11   2.8609106978662243E-11   1.83383578742702E-11     1.1765533632373412E-11   7.555356704165518E-12    4.856060102887185E-12    3.1238444465451868E-12   2.0112172012831134E-12   1.2959213209002265E-12   8.356656453077458E-13    5.392665657434118E-13    3.482353472689643E-13    2.2501920374580216E-13   1.4548425464262286E-13   9.410498991246358E-14    6.088173570614378E-14    3.936132167027678E-14    2.5360258176051347E-14   1.6130233639962903E-14   9.790365563082175E-15    4.8937898148513126E-15   0
% Data
% c (mol/m^3) @ t=500, u1=0.03, u2=0.03
1                         0.9944242875148644       0.9868962072738308       0.9770908654391066       0.9646876566863196       0.9493847168077219       0.930914954510219        0.9090628805781603       0.8836812452593352       0.8547063366738102       0.8221707110228531       0.7862121435572721       0.7470777252352869       0.7051222905622608       0.6608007395429095       0.6146542863692802       0.5672911877977939       0.5193630195198052       0.4715380159748433       0.4244733064543348       0.3787880189254226       0.33503915619003344      0.2937018794095995       0.255155394819048        0.21967508936461488      0.1874309740138118       0.158491945453293        0.13283493233237884      0.11035769434308493      0.09089390836353764      0.07422919742660486      0.06011690724660301      0.04829267132076971      0.03848708563012819      0.030436097863042806     0.02388897268142332      0.018613903547344275     0.0144014935687537       0.011066422392555161     0.008447659643471184     0.006407587901117677     0.004830371278797096     0.00361986045905698      0.0026972711075446184    0.001998817317832455     0.00147343025648179      0.0010806475437133796    7.887225122406272E-4     5.729744962202792E-4     4.1438106602371033E-4    2.983995418146711E-4     2.1399690828933422E-4    1.5286314095803357E-4    1.0878179139031313E-4    7.713249759288762E-5     5.450211869166908E-5     3.838386382368887E-5     2.69466842588037E-5      1.886005297979711E-5     1.3161901271875758E-5    9.159829558642812E-6     6.357726524686788E-6     4.401618850476298E-6     3.0399573565044285E-6    2.0946587958602388E-6    1.4401048336701384E-6    9.879894405857736E-7     6.764385869110479E-7     4.6223308558471076E-7    3.1527334052938133E-7    2.1465566544472146E-7    1.4590160570765286E-7    9.900852338334505E-8     6.708271062831485E-8     4.538406850802376E-8     3.066048299643794E-8     2.068540074660209E-8     1.3937460843949541E-8    9.37912571351442E-9      6.3040999599877685E-9    4.2324110000329604E-9    2.838425632134006E-9     1.9015689916387452E-9    1.2726545271715558E-9    8.509243030590204E-10    5.684215237890639E-10    3.7937235934141526E-10   2.5298340574719665E-10   1.685638101840777E-10    1.1222676044078453E-10   7.46621802799731E-11     4.9634797968785795E-11   3.297262887443075E-11    2.1886475590980138E-11   1.451241130127663E-11    9.603979763467167E-12    6.324162999879695E-12    4.1024008947006235E-12   2.5310615175666355E-12   1.2793876561592104E-12   0
% Data
% c (mol/m^3) @ t=600, u1=0.03, u2=0.03
1                         0.996516433245553        0.9917982192922908       0.9856176488984153       0.977737336882433        0.9679169178713132       0.9559211419232785       0.9415291734021757       0.9245447772603874       0.904806958697974        0.8822005159454763       0.8566658838320926       0.828207600110104        0.7969007281216774       0.7628946262517762       0.7264135700659352       0.6877539045268509       0.6472776219685396       0.6054025106581603       0.5625892771937624       0.5193262884109173       0.47611277888628084      0.43344150522136377      0.3917818809602135       0.3515645882409696       0.31316853688547436      0.2769108421600807       0.24304024145324313      0.21173409584813563      0.18309885472909412      0.15717362705343163      0.13393632231468836      0.11331170955877655      0.09518069699338601      0.07939015239995642      0.06576265409220781      0.05410566823344038      0.04421977449478421      0.03590569300430238      0.02896998871124068      0.023229435648177005     0.018514107844842094     0.014669323970255853     0.011556610031560664     0.00905386143305699      0.007054886294004725     0.005468500430945652     0.004217324976170044     0.003236413868366489     0.0024718133529240296    0.0018791313453212723    0.0014221724959776784    0.0010716758785778914    8.041767387009028E-4     6.010016537253654E-4     4.4739749460946773E-4    3.317883324340084E-4     2.4515042577776815E-4    1.8049318575014773E-4    1.324331063546354E-4     9.684768822183266E-5     7.059705874296423E-5     5.130205226576549E-5     3.716877200361291E-5     2.6850974954358364E-5    1.9342910045882794E-5    1.3896439680010554E-5    9.957353372092316E-6     7.116725423726159E-6     5.073975414195564E-6     3.6089678148783736E-6    2.561047013669951E-6     1.8133605355581125E-6    1.281190878624945E-6     9.033092451114605E-7     6.355954617465694E-7     4.463489915212821E-7     3.1285598835235746E-7    2.1888512964220133E-7    1.5286733697251785E-7    1.0657704523048297E-7    7.417989064730384E-8     5.15471197359421E-8      3.576347207257012E-8     2.477493830102186E-8     1.7137321657081004E-8    1.1837224099568717E-8    8.164915749770864E-9     5.6242683190485144E-9    3.869094828105807E-9     2.658253749152871E-9     1.8240535561725785E-9    1.250060889016688E-9     8.555390390179369E-10    5.845448271368309E-10    3.982784540505691E-10    2.696730691541829E-10    1.7946641342685065E-10   1.1313071015035345E-10   5.803379459790322E-11    0
% Data
% c (mol/m^3) @ t=700, u1=0.03, u2=0.03
1                         0.9977568879893054       0.994712004628255        0.9907073579169708       0.9855727849713829       0.9791288609738703       0.971190736649935        0.9615728922011184       0.9500947399563907       0.9365869459882649       0.9208982760777168       0.9029027081930346       0.8825064973309564       0.859654834832991        0.8343377187599176       0.8065946495780809       0.7765177900176458       0.7442532813599888       0.7100004900408075       0.6740090649955108       0.6365738114558731       0.5980275221728871       0.5587320415678892       0.5190679603951369       0.47942343668863263      0.44018270324748127      0.40171484579140115      0.36436341621846785      0.32843738359600994      0.2942038274628461       0.2618826532543575       0.23164347020308354      0.20360463089937417      0.17783430117138946      0.15435331937769797      0.13313952286300323      0.11413316991016495      0.09724306818289734      0.08235303246171613      0.06932833019443578      0.0580218264044558       0.04827960277927829      0.03994589261995146      0.032867238060169925     0.026895834185550426     0.021892073492482313     0.017726342030586668     0.014280145306431447     0.01144665827631931      0.009130800866666714     0.00724894014713917      0.005728314386632106     0.004506264525228936     0.0035293466833080686    0.0027523865204040383    0.0021375235717018192    0.0016532818571290742    0.0012736925415107445    9.774854679956931E-4     7.473590618911474E-4     5.69332353294549E-4      4.32178556240912E-4      3.269365833296832E-4     2.4649486171992056E-4    1.8524064301682905E-4    1.3876747390725047E-4    1.0363344655177345E-4    7.716313380621838E-5     5.728661713334765E-5     4.2409642704634365E-5    3.130962446529811E-5     2.3052901986692682E-5    1.6929321797694096E-5    1.2400822185941379E-5    9.061251391253187E-6     6.605132897434075E-6     4.803509289727589E-6     3.4853512323765487E-6    2.5233158191910525E-6    1.822885129225589E-6     1.3141178594368673E-6    9.454108430136805E-7     6.787991048549445E-7     4.864282771228584E-7     3.479164653378473E-7     2.483881232366946E-7     1.7701363454601988E-7    1.2592800575368876E-7    8.943272688011031E-8     6.3408393886505E-8       4.488366575956915E-8     3.171979418594391E-8     2.2380294530854494E-8    1.5763087336942247E-8    1.1078212564433996E-8    7.758429688241145E-9     5.392940080733731E-9     3.676206832360576E-9     2.364263614752133E-9     1.2294593358880026E-9    0
% Data
% c (mol/m^3) @ t=800, u1=0.03, u2=0.03
1                         0.9985239084369375       0.9965168217056546       0.9938690523149422       0.9904598329772627       0.9861584178556766       0.9808257487402295       0.9743167219394394       0.9664830679135691       0.9571768266142691       0.9462543680239673       0.9335808709177538       0.9190351353180742       0.9025145678480131       0.8839401469231529       0.8632611493401923       0.8404594041636607       0.8155528364179309       0.788598073914634        0.7596919166811347       0.7289715099021844       0.6966131167784654       0.6628294546503457       0.6278656322845073       0.5919938034874438       0.5555067266270248       0.5187104854492983       0.48191667837288416      0.44543441676194523      0.4095624844986854       0.37458200029315974      0.34074989137307043      0.3082934352232472       0.2774060592873345       0.2482445125777557       0.2209274441142371       0.19553534710140247      0.17211176015890423      0.15066556196855888      0.13117415616691         0.11358732036944642      0.09783148653451423      0.08381422784693203      0.07142874735614445      0.060558192599692605     0.05107965503878207      0.042867750117758736     0.03579771030770947      0.02974795733426867      0.024602149284202273     0.020250722437524692     0.016591966069733722     0.013532681189731607     0.010988481673701426     0.008883799226119368     0.007151652887631035     0.005733240299688        0.004577402478919719     0.0036400072157996037    0.002883289040023426     0.0022751765048544827    0.0017886307179447902    0.0014010128478633447    0.0010934929185957998    8.505076366094236E-4     6.592712778413894E-4     5.09340748369163E-4      3.922337445001759E-4     3.010973801110042E-4     2.3042361927457815E-4    1.758072500102014E-4     1.3374186678371874E-4    1.0144931185037954E-4    7.673818725977188E-5     5.788733121554807E-5     4.3550507185831136E-5    3.267894511574268E-5     2.445877409594117E-5     1.8260775572068337E-5    1.3600252740660721E-5    1.0105147325058266E-5    7.490835467152898E-6     5.5402988349951035E-6    4.088596032945833E-6     3.0107551079483554E-6    2.212373245039771E-6     1.622347894320375E-6     1.187277930880396E-6     8.671672901255018E-7     6.321399008651804E-7     4.5993642564075467E-7    3.3401275024824723E-7    2.4209942828413034E-7    1.7511209590452384E-7    1.2632652998092628E-7    9.074932955068427E-8     6.4626248087333E-8       4.503394781524615E-8     2.9494338687353758E-8    1.5526937542175798E-8    0
% Data
% c (mol/m^3) @ t=900, u1=0.03, u2=0.03
1                         0.9990124468145036       0.9976678373678394       0.9958897280614378       0.9935925899962821       0.9906820700609786       0.9870555809883953       0.9826032605370371       0.977209330854657        0.9707538766191599       0.9631150448103727       0.9541716502655105       0.9438061500908762       0.9319079273914136       0.9183768017454345       0.9031266617249748       0.886089095037044        0.8672168761093095       0.84648716070639         0.823904233824067        0.7995016617617265       0.7733437125893629       0.7455259313384974       0.7161747866689446       0.685446343346605        0.6535239578173551       0.6206150401180219       0.5869469715429569       0.5527623108747377       0.5183134595978096       0.4838569856302952       0.44964782354961796      0.41593357561831795      0.3829491316045669       0.350911806871184        0.32001716884784615      0.2904356839848528       0.26231027339849805      0.2357548187838845       0.21085361396990532      0.18766171467640544      0.16620610209405737      0.1464875466926186       0.12848303828519322      0.11214863719252222      0.0974225990207269       0.08422863116145242      0.07247915128466172      0.06207843519682453      0.05292556175884005      0.04491708442735071      0.037949380898037205     0.03192065304018392      0.02673256786714633      0.02229154604785915      0.018509717087471907     0.015305569709168803     0.0126043322857229       0.010338121688533587     0.00844590003852785      0.006873278007109328     0.005572200989089186     0.004500551096155228     0.0036216938985489545    0.002903994515940738     0.002320323302923084     0.0018475672014511457    0.0014661589916578793    0.0011596332587452205    9.142149560272389E-4     7.184439948275433E-4     5.628373152755204E-4     4.395883531936368E-4     3.4230267012636385E-4    2.657677027602383E-4     2.0575405948623207E-4    1.588454923402658E-4     1.2229455273181882E-4    9.390095537049522E-5     7.190978887555421E-5     5.4926892204307216E-5    4.184893776394713E-5     3.180600487785089E-5     2.411467601063927E-5     1.8239931802504103E-5    1.3764351932267438E-5    1.0363342278624933E-5    7.78530207506196E-6      5.835816650188558E-6     4.365111941725281E-6     3.258137035593621E-6     2.4267516574412026E-6    1.8035880047254315E-6    1.3372313366287323E-6    9.88421136613789E-7      7.270122573744993E-7     5.294473319562155E-7     3.764649171285465E-7     2.5067608022488575E-7    1.3343418214417538E-7    0
% Data
% c (mol/m^3) @ t=1000, u1=0.03, u2=0.03
1                         0.9993305336978905       0.998418016075377        0.9972089214080904       0.9956426197574073       0.9936512706967641       0.9911599016117523       0.9880867032450504       0.9843435724736328       0.9798369276996686       0.9744688155855309       0.9681383191428478       0.9607432664905645       0.952182227158784        0.9423567690117965       0.9311739342216511       0.9185488779087972       0.9044075988628364       0.8886896790328387       0.8713509381396064       0.8523659026994402       0.831729985764015        0.8094612754249001       0.7856018370347252       0.7602184463111138       0.7334026878397779       0.7052703754546049       0.6759602766697848       0.6456321515754967       0.6144641459262868       0.5826496069173145       0.5503934166615588       0.5179079610145698       0.48540886869559285      0.4531106664867541       0.42122249992542365      0.3899440650834689       0.3594618859971198       0.32994605480357314      0.3015475288111599       0.27439605206330003      0.248598740142014        0.22423933775187488      0.20137813071828545      0.18005246892078336      0.16027783556754183      0.14204938194877556      0.12534383584397688      0.11012168617722852      0.09632954604531581      0.08390260032632935      0.07276705194087459      0.0628424915824297       0.05404412840647022      0.04628483284068456      0.0394769565033766       0.03353390747113685      0.02837147124847608      0.02390887835179805      0.020069628177392357     0.01678208567301744      0.013979872294281298     0.01160207591822849      0.009593305996773348     0.00790362049688161      0.006488350349735371     0.005307845476850711     0.004327164223422022     0.003515725429982399     0.0028469396035432134    0.002297832864892547     0.001848674670867197     0.0014826178271172647    0.001185357076206773     9.448106002415607E-4     7.508271280083667E-4     5.949199789576477E-4     4.700282934510918E-4     3.703048656803277E-4     2.909293829861266E-4     2.2794545137206065E-4    1.781195202478251E-4     1.3881967982067207E-4    1.0791226458021206E-4    8.367423162160579E-5     6.4719372141481E-5       4.9936540725953065E-5    3.843823563595091E-5     2.9518022648457712E-5    2.2615456002191434E-5    1.7287305302145675E-5    1.3184040564908933E-5    1.0030652543571988E-5    7.610983806421638E-6     5.754804681947652E-6     4.326863990374444E-6     3.217034799382849E-6     2.330380755009561E-6     1.575340629651353E-6     8.469920974922816E-7     0
% Data
% c (mol/m^3) @ t=1100, u1=0.03, u2=0.03
1                         0.9995458534335586       0.9989261979366469       0.9981036488491825       0.9970354007159465       0.9956729689256565       0.9939620275423287       0.9918423672939847       0.9892479978462781       0.9861074176453037       0.9823440726082079       0.9778770216476219       0.9726218223575487       0.9664916441451789       0.9593986087189169       0.95125534927481         0.9419767701895279       0.9314819788491742       0.9196963508305311       0.90655367949567         0.8919983517149022       0.8759874834865348       0.8584929432689464       0.8395031874419686       0.8190248319556462       0.7970838872720735       0.773726590367628        0.7490197778519897       0.7230507579713393       0.6959266559605775       0.6677732262333435       0.6387331453888914       0.6089638209539132       0.5786347710503558       0.5479246486484093       0.5170179996456876       0.48610185576710335      0.4553622704771998       0.4249809082845743       0.39513179485715144      0.3659783274456151       0.3376706327320659       0.3103433431574199       0.28411384402098677      0.25908102330901756      0.23532453546274146      0.21290457026862067      0.19186209975601962      0.17221956025290144      0.15398191418869725      0.13713802721067456      0.12166229081604717      0.10751641888934481      0.09465134797163431      0.08300917532281732      0.07252507531649606      0.06312914282263592      0.05474812137403366      0.04730698349903653      0.04073034011940149      0.034943664927874235     0.02987432784088165      0.025452438733297833     0.021611508565940386     0.018288939659839465     0.015426360274941384     0.012969820893026522     0.01086987080549306      0.009081533913438359     0.007564202220701111     0.006281464502734326     0.005200886220849579     0.00429375506437259      0.003534804666513896     0.0029019271569994984    0.0023758833685973615    0.0019400177683329023    0.0015799835815965783    0.0012834821463983653    0.001040019289864508     8.40680462750721E-4      6.779254947703383E-4     5.454031322122613E-4     4.377849738027194E-4     3.506180127434098E-4     2.8019470291492597E-4    2.2343927578686378E-4    1.778089224452748E-4     1.4120840367805708E-4    1.1191664168498132E-4    8.852386001378373E-5     6.987785050512334E-5     5.503792598495435E-5     4.323501751623709E-5     3.383611665142895E-5     2.6310710744067117E-5    2.019577383168505E-5     1.5053831126154532E-5    1.0414851501390437E-5    5.6858819944527075E-6    0
% Data
% c (mol/m^3) @ t=1200, u1=0.03, u2=0.03
1                         0.9996901641798462       0.9992670329098312       0.9987044530383372       0.9979722067337589       0.9970357178729531       0.9958558034048823       0.9943884860162718       0.9925848855624041       0.9903912073913365       0.987748845757297        0.9845946198661872       0.9808611586122696       0.9764774476601524       0.9713695491402331       0.965461499838752        0.9586763884044733       0.9509376058486139       0.9421702566314633       0.9323027101221647       0.9212682644657687       0.9090068872309566       0.8954669900278236       0.8806071879946888       0.8643979900835427       0.846823362838061        0.8278821092250401       0.8075890053448475       0.7859756417013218       0.7630909222202071       0.7390011832832074       0.7137899064487959       0.6875570118589133       0.6604177340342039       0.6325010971695526       0.6039480224017194       0.5749091140385196       0.5455421846346731       0.5160095893616684       0.4864754477557318       0.45710283521077233      0.4280510272791062       0.3994728769318861       0.37151239860722945      0.3443026235285372       0.317963778966854        0.2926018305319537       0.2683074119632807       0.24515515203004185      0.22320339378355802      0.2024942882001395       0.18305423275974841      0.164894616134498        0.14801282316804526      0.13239344981430992      0.11800967562971404      0.10482474161007739      0.09279348336411829      0.08186387348142256      0.07197853210292518      0.06307617074150414      0.0550929409449695       0.04796366609011808      0.04162294113701625      0.03600609130512928      0.03104998616522762      0.026693710441211525     0.022879096808800604     0.019551129138561343     0.016658226976588652     0.01415242363849994      0.011989451186986662     0.01012874586171973      0.00853338733291115      0.00716998455800566      0.006008520132991833     0.005022163936397335     0.004187065645738675     0.0034821344318943033    0.00288881286309869      0.0023908508213631276    0.001974084082971601     0.0016262211637054443    0.001336641091880656     0.0010962039535229136    8.970753527231837E-4     7.325653391897565E-4     5.969818614008686E-4     4.8549838844319087E-4    3.9403497898668683E-4    3.1915172101784715E-4    2.5795305761007725E-4    2.0800094965036444E-4    1.672339345359428E-4     1.3388762721150375E-4    1.0640956941143763E-4    8.335668239014247E-5     6.325537977582547E-5     4.438996897355019E-5     2.4459641232767115E-5    0
% Data
% c (mol/m^3) @ t=0, u1=0.03, u2=0.05
1                         -5.069401922627066E-8    2.7246567094188617E-15   3.4218850138554063E-20   5.1055724537486424E-26   5.831756625091731E-32    5.952280712585281E-38    5.707686170230439E-44    5.259823408205835E-50    4.7153437997097985E-56   4.142543792545946E-62    3.583377428229471E-68    3.0619695156072492E-74   2.5906042865195106E-80   2.1739009194871843E-86   1.811693522021093E-92    1.5009909045016383E-98   1.2372872974979327E-104  1.0154190658114331E-110  8.301070463814605E-117   6.76283897205144E-123    5.492767350883734E-129   4.448943684386947E-135   3.5945339279048337E-141  2.8976669064281314E-147  2.3311027459798367E-153  1.8717906380393356E-159  1.5003845343101657E-165  1.2007596339522526E-171  9.595550075740796E-178   7.657559814751021E-184   6.103222403534353E-190   4.858627504352792E-196   3.8635567023385673E-202  3.069097752094029E-208   2.4356313514520085E-214  1.9311454284521862E-220  1.5298328945491489E-226  1.2109317279821023E-232  9.577701590665295E-239   7.594904464449865E-245   6.711925729026019E-251   5.92771258093662E-257    5.231862853466394E-263   4.6149586772507875E-269  4.068493722454008E-275   3.584801664374818E-281   3.1569869361212393E-287  2.7788585129531963E-293  2.444867221933714E-299   2.1500468749304593E-305  1.8899593520355E-311     1.656125E-317            2.0E-323                 0                        0                        0                        0                        0                        0                        0                        0                        0                        0                        0                        0                        0                        0                        0                        0                        0                        0                        0                        0                        0                        0                        0                        0                        0                        0                        0                        0                        0                        0                        0                        0                        0                        0                        0                        0                        0                        0                        0                        0                        0                        0                        0                        0                        0                        0                        0
% Data
% c (mol/m^3) @ t=100, u1=0.03, u2=0.05
1                         0.9235571163098389       0.8264881276084329       0.7135636185703761       0.5920086974692058       0.4703503617148357       0.3568743401739011       0.25811042339441975      0.17780906013675293      0.11671168642830275      0.07309703052921673      0.04378216737192735      0.025151134428576097     0.013902189841252919     0.007418795922415706     0.0038348872257307153    0.0019262906418140839    9.430390971366344E-4     4.5118814611097064E-4    2.1148291483943465E-4    9.732891832587314E-5     4.4066891168614314E-5    1.9662786383289113E-5    8.659845095000438E-6     3.7696312059529954E-6    1.6237986593476002E-6    6.928970510390419E-7     2.9316513004019165E-7    1.2308886113821555E-7    5.1321785114204005E-8    2.126367377083117E-8     8.759379302658679E-9     3.5894164035236545E-9    1.463802407319184E-9     5.943202951710367E-10    2.4032070073103536E-10   9.681283534576266E-11    3.886749659180145E-11    1.556061303665531E-11    6.234858695505033E-12    2.5761612315277706E-12   1.1203870175469404E-12   4.861269652828871E-13    2.104653375404504E-13    9.093223450851825E-14    3.9211541442367136E-14   1.687783598480391E-14    7.252212984580178E-15    3.111114085219076E-15    1.3325712547995566E-15   5.699394831690226E-16    2.4342376041580965E-16   1.0383001245983766E-16   4.423196655826504E-17    1.8820396244847444E-17   7.998793187606498E-18    3.3958287913893957E-18   1.4401697277400734E-18   6.101656639691588E-19    2.5826552627314167E-19   1.0921617562171325E-19   4.6145096932039435E-20   1.948038316143822E-20    8.217072850308306E-21    3.4633632635487565E-21   1.4586564516609458E-21   6.138950662585547E-22    2.581861023565755E-22    1.0851255809014264E-22   4.5577009666709555E-23   1.9131105825724436E-23   8.025497879571452E-24    3.364730934439441E-24    1.4098843708232098E-24   5.90444932252054E-25     2.471414681640813E-25    1.0339258230508006E-25   4.323321813376794E-26    1.806910909472972E-26    7.548370138402807E-27    3.1519034731678605E-27   1.3155326848661817E-27   5.488388980022353E-28    2.288800253918133E-28    9.541039914019426E-29    3.975696076364697E-29    1.6560175100592471E-29   6.895335575156066E-30    2.870046281030719E-30    1.1941792290213482E-30   4.967080472684443E-31    2.0653218950176077E-31   8.584852277591272E-32    3.5673023875188E-32      1.4818770685032032E-32   6.153896475448977E-33    2.554638329802175E-33    1.0594139638745075E-33   4.358788854138259E-34    1.6490825180282184E-34   0
% Data
% c (mol/m^3) @ t=200, u1=0.03, u2=0.05
1                         0.9684198249109266       0.9268338871396121       0.8750793175163744       0.8136823821586272       0.7438989560824338       0.6676688154033174       0.5874788148236636       0.5061456319232868       0.4265451375382402       0.3513287304017911       0.2826728870193357       0.22210352879295917      0.1704213257243296       0.12773154952189789      0.0935595890060758       0.06701796094434712      0.04698655124895707      0.032274117887478276     0.021741446821320832     0.014379760891460034     0.009348214876858427     0.005980023126955086     0.0037683265256353428    0.002341667546696741     0.0014363944457802874    8.705889809441677E-4     5.218427415645328E-4     3.096173677077291E-4     1.819777378017873E-4     1.0603343747454985E-4    6.129150757890041E-5     3.516978441019866E-5     2.0045139082801617E-5    1.1354217418777384E-5    6.394963398537836E-6     3.5832494996685944E-6    1.9988165773289488E-6    1.1118091032239061E-6    6.204348677512873E-7     3.5659336261573065E-7    2.1245611008788002E-7    1.2620910399354238E-7    7.47709479202258E-8      4.41858435647063E-8      2.6050824001265814E-8    1.5325726586184456E-8    8.998062921939196E-9     5.2731083120537024E-9    3.0848229580462007E-9    1.80173578839225E-9      1.0507426525193314E-9    6.119122536109807E-10    3.558844452502851E-10    2.067246153761106E-10    1.1994219440802094E-10   6.951507141148863E-11    4.0247717262274755E-11   2.328009269113254E-11    1.3453434511149527E-11   7.767989623315346E-12    4.481582738468987E-12    2.5835703716008102E-12   1.4883074460066714E-12   8.567707178347823E-13    4.928912846535425E-13    2.8337800129232936E-13   1.6282554433784085E-13   9.350447953988118E-14    5.3666963300249344E-14   3.0786255296929005E-14   1.7651913343779015E-14   1.0116283579708458E-14   5.7949958643113564E-15   3.3181522118893847E-15   1.899145075559507E-15    1.0865402482207963E-15   6.213926252273674E-16    3.552428512737091E-16    2.0301568656351273E-16   1.1598038118927686E-16   6.623621961381679E-17    3.7815314019376626E-17   2.1582705533035598E-17   1.231443937837803E-17    7.024223863412633E-18    4.005540438282188E-18    2.283530993037564E-18    1.3014858797322943E-18   7.415873957308583E-19    4.2245352929531705E-19   2.4059825166835885E-19   1.3699532207661175E-19   7.798663646081174E-20    4.43843867421935E-20     2.5251780229416923E-20   1.4353275114635053E-20   8.12428056581622E-21     4.495244711907288E-21    2.163871281089553E-21    0
% Data
% c (mol/m^3) @ t=300, u1=0.03, u2=0.05
1                         0.9837127248442392       0.9619763727992332       0.9342557040185466       0.9002133329917469       0.859764724466548        0.813119592791834        0.7608030399706447       0.7036512582391447       0.6427791668880742       0.579520713089079        0.5153462930651245       0.4517652291451207       0.39022379318275974      0.3320103047751038       0.2781780110844816       0.2294938171752826       0.1864169564008674       0.14910718674888945      0.11745801378923891      0.09114756909792317      0.06969854310374564      0.052538965103490196     0.039057252045996034     0.028647229898897668     0.02074118678101349      0.014831008937857987     0.010478846152503938     0.0073195101361417225    0.0050570199195627075    0.0034575306334418206    0.0023404839012817944    0.0015693399482933372    0.0010427915763301407    6.869739230283422E-4     4.4889281832726917E-4    2.910971493117276E-4     1.8750332360665124E-4    1.2022523344120725E-4    7.725583643712295E-5     5.0878291540661014E-5    3.439310900305729E-5     2.312854566450876E-5     1.5476036510969492E-5    1.0306183600991131E-5    6.832043314243224E-6     4.50922283712496E-6      2.963676968549893E-6     1.9400547165151615E-6    1.2650951675765996E-6    8.219154224303063E-7     5.320972327883004E-7     3.433023722332518E-7     2.2077173290610393E-7    1.415295070215789E-7     9.045667599764042E-8     5.764676911506397E-8     3.663516569855192E-8     2.3219665535902742E-8    1.4678845882446722E-8    9.256513614022753E-9     5.823203885613877E-9     3.654879944190264E-9     2.2888459740765546E-9    1.4302976709905832E-9    8.919390712359006E-10    5.551033059745395E-10    3.4480365044909477E-10   2.137752930728428E-10    1.3229934729457547E-10   8.173313204619527E-11    5.0408456561074933E-11   3.103823122145981E-11    1.9081007177673242E-11   1.1712183886322809E-11   7.178394065393463E-12    4.39328351879595E-12     2.684989288203545E-12    1.638722277097588E-12    9.98837800852308E-13     6.08034223245341E-13     3.6967533855841786E-13   2.2448516936336914E-13   1.3615834464647234E-13   8.249059562690452E-14    4.992082694397524E-14    3.0177921242180663E-14   1.8223829992088276E-14   1.0993724912925632E-14   6.625468424422036E-15    3.989018142168261E-15    2.399406448810336E-15    1.4419156773872301E-15   8.657277734266285E-16    5.193065916589636E-16    3.111758853102501E-16    1.8611534391459147E-16   1.1065637723432746E-16   6.403328042495269E-17    3.188827668876565E-17    0
% Data
% c (mol/m^3) @ t=400, u1=0.03, u2=0.05
1                         0.9906886990071936       0.9781768087238365       0.9620200087002928       0.9418270919186007       0.9172895018181998       0.88821015013651         0.8545290523268584       0.81634322414013         0.7739184567859242       0.7276910541218394       0.678258362381776        0.6263578977119598       0.572835983986188        0.5186079235947915       0.4646126891258819       0.41176579966586235      0.3609143167864898       0.3127977009886676       0.2680176195152162       0.22701877689403074      0.19008160026866253      0.15732633926948744      0.12872702142569836      0.10413288807512096      0.08329450696303235      0.06589172590791864      0.051560939658204366     0.03991968648180641      0.030587251355267707     0.023200615947671605     0.017425675115118396     0.012964083105313955     0.009556382082939388     0.006982210621710236     0.005058418807098178     0.0036358679011771837    0.0025956086046883442    0.0018450578355274075    0.0013147813370481588    9.566084946194193E-4     7.096954297012839E-4     5.235870496116315E-4     3.84217847790073E-4      2.8049851930459944E-4    2.0377010492594687E-4    1.4733276517601537E-4    1.060471126321373E-4     7.600289331664038E-5     5.424799851471915E-5     3.8569993567372734E-5    2.732228249972559E-5     1.928744209896263E-5     1.3570960830020167E-5    9.519459609950259E-6     6.658348732646121E-6     4.6447195022539206E-6    3.232039515549519E-6     2.243896619174595E-6     1.5546121648097292E-6    1.0750223023231461E-6    7.421150869775361E-7     5.115221842267385E-7     3.5210878439318484E-7    2.420954667008529E-7     1.662916164438203E-7     1.1413068741389871E-7    7.82807678579713E-8      5.366583299124362E-8     3.677879561372108E-8     2.5200978973519548E-8    1.7267024699905296E-8    1.183188313352714E-8     8.109208355357139E-9     5.559540377186259E-9     3.813100299705399E-9     2.6165850529584934E-9    1.7965626286119047E-9    1.2343249871364842E-9    8.48633801998467E-10     5.838940901399892E-10    4.020550730906658E-10    2.7706723138194213E-10   1.910905918542913E-10    1.3190175373558998E-10   9.112092597703755E-11    6.299963826074894E-11    4.3591693085238626E-11   3.018604321102797E-11    2.0918685869842893E-11   1.4506928682187029E-11   1.0067329209351794E-11   6.990866232361673E-12    4.857262935083608E-12    3.376072847775467E-12    2.3459765361851666E-12   1.6262329904407435E-12   1.1156157038484804E-12   7.342935377790409E-13    4.0211242098668474E-13   0
% Data
% c (mol/m^3) @ t=500, u1=0.03, u2=0.05
1                         0.9944242875148649       0.986896207273832        0.9770908654391093       0.9646876566863248       0.9493847168077326       0.9309149545102413       0.9090628805782077       0.8836812452594338       0.8547063366740159       0.8221707110232818       0.786212143558163        0.7470777252371378       0.7051222905660984       0.6608007395508537       0.6146542863856918       0.5672911878316289       0.5193630195894124       0.47153801611772017      0.42447330674691724      0.37878801952309865      0.3350391574078033       0.2937018818841427       0.2551553998332448       0.21967509949505382      0.18743099441789837      0.15849198641773532      0.13283501429849348      0.11035785777348203      0.0908942330271149       0.07422983991434076      0.0601181735918293       0.048295156844894487     0.038491942786725936     0.030445546326850443     0.023907265011394722     0.018649141961268573     0.014469025784896328     0.011195145902704016     0.00869164232956659      0.006867329363146333     0.005505264078472408     0.004391898862128394     0.0034871543167550325    0.0027561066938369674    0.0021686452826154166    0.0016990658774057336    0.0013256301200723435    0.001030114886466789     7.973703517263896E-4     6.149002665545077E-4     4.724735122340374E-4     3.61772275730159E-4      2.7607921478453666E-4    2.1000372527424382E-4    1.5924580176061574E-4    1.2039490076549067E-4    9.076057313563081E-5     6.823132899966373E-5     5.115814806501617E-5     3.825917383492081E-5     2.8542370942924284E-5    2.1243231698634294E-5    1.5774954641326877E-5    1.1688858257497558E-5    8.643119353019142E-6     6.37822686829747E-6      4.697812219928143E-6     3.4537542368028194E-6    2.5346606459070977E-6    1.8570006944748856E-6    1.3583076629949694E-6    9.91988978870004E-7      7.23378750635098E-7      5.267460660021723E-7     3.8303534677232107E-7    2.7816512559365364E-7    2.0175115473768583E-7    1.461507846302106E-7     1.057497478804634E-7     7.643125118350298E-8     5.518175663103673E-8     3.9798951482076916E-8    2.8675903516583038E-8    2.0641867685190532E-8    1.4845114230685233E-8    1.0666853317695107E-8    7.658120202304891E-9     5.493577671420786E-9     3.937757878214482E-9     2.8204331964497335E-9    2.018673871442724E-9     1.4437936215666853E-9    1.0318586591336772E-9    7.367811522285135E-10    5.252609802828961E-10    3.7298866248881063E-10   2.615577299938893E-10    1.7537552817797168E-10   9.728152820245339E-11    0
% Data
% c (mol/m^3) @ t=600, u1=0.03, u2=0.05
1                         0.9965164332455618       0.9917982192923155       0.9856176488984695       0.977737336882545        0.9679169178715404       0.9559211419237388       0.9415291734031013       0.9245447772622454       0.9048069587016933       0.8822005159529047       0.8566658838468965       0.8282076001395369       0.7969007281800542       0.7628946263672715       0.7264135702938489       0.6877539049754082       0.6472776228489148       0.6054025123811351       0.5625892805558443       0.5193262949514218       0.47611279156985725      0.43344152973749067      0.39178192818739316      0.35156467889993437      0.31316871028776355      0.2769111725821698       0.24304086863934185      0.21173528155645072      0.18310108702834782      0.15717781168380443      0.13394413188206405      0.11332621714273114      0.0952075190788907       0.07943949800504012      0.0658529753882679       0.05427012169568912      0.04451757864664406      0.03644195299207301      0.029930046787474716     0.02493794076401221      0.021005784587470485     0.017612383653552968     0.014700498516220238     0.012215646768268605     0.010106686586374682     0.00832621977442985      0.006830831425653154     0.005581187212640581     0.0045420113268132495    0.003681968506331561     0.002973472743318444     0.0023924434852389408    0.001918027760035843     0.0015323039398702726    0.0012199800443958362    9.68096748759673E-4      7.657427301027577E-4     6.037877394432516E-4     4.7463686512076806E-4    3.720078706540713E-4     2.907322326448432E-4     2.2657954672188364E-4    1.7610427582350865E-4    1.3651334550321742E-4    1.0555280502466388E-4    8.141163244136368E-5     6.264073197289683E-5     4.808522269901521E-5     3.682822368351071E-5     2.8144481686052075E-5    2.14623476256584E-5      1.6332774842952494E-5    1.2404177222796802E-5    9.402142381985633E-6     7.113140584705263E-6     5.371501697064012E-6     4.0490494652016615E-6    3.0468847335958394E-6    2.288897556262748E-6     1.7166635228376712E-6    1.2854432659034078E-6    9.610573640662214E-7     7.17453034096653E-7      5.348153814369047E-7     3.9810572119394683E-7    2.959336448570212E-7     2.1968902127934615E-7    1.6287579106552355E-7    1.206019317522703E-7     8.918991923853032E-8     6.587987162628347E-8     4.8603724262601754E-8    3.5813542235609724E-8    2.635060130573509E-8     1.9344137231689473E-8    1.4129260981064316E-8    1.0171162818931457E-8    6.973991024494566E-9     3.929280767129728E-9     0
% Data
% c (mol/m^3) @ t=700, u1=0.03, u2=0.05
1                         0.9977568879894109       0.9947120046285381       0.990707357917579        0.9855727849726105       0.9791288609762898       0.971190736654659        0.9615728922102946       0.950094739974156        0.9365869460225604       0.920898276143745        0.9029027083198132       0.8825064975737131       0.8596548352965161       0.834337719642428        0.8065946512533132       0.7765177931879552       0.7442532873408158       0.7100005012872167       0.6740090860729813       0.6365738508229092       0.5980275954406455       0.5587321774349178       0.519068211404509        0.47942389863638146      0.4401835500338544       0.4017163916958384       0.3643662266147458       0.3284424707589913       0.2942129949994703       0.26189909860132327      0.2316728325023605       0.20365680269567302      0.17792654157540633      0.15451556994418802      0.13342342579224756      0.11462726477054376      0.09809822369518507      0.08382470471636856      0.07184626741715106      0.062304183097208164     0.054473583209348635     0.04742736907883203      0.04112051168253149      0.03550496588949822      0.03053078607370882      0.026147162817313805     0.022303357194715965     0.018949516397083626     0.01603736145337366      0.013520744165601319     0.011356075848230627     0.009502634895171837     0.007922763539427658     0.006581966445911764     0.005448925074022335     0.004495442191157928     0.003696330662773257     0.003029259847849546     0.0024745717453707795    0.0020150776087184633    0.0016358441928791127    0.001323977224043381     0.0010684081599668215    8.596888981918428E-4     6.897978243827481E-4     5.519594946251408E-4     4.404793203120554E-4     3.505938687404689E-4     2.783367960624606E-4     2.2041997632699992E-4    1.7412906292861693E-4    1.3723249779584677E-4    1.0790285032879209E-4    8.46493048022473E-5      6.626010576419046E-5     5.1753801960072735E-5    4.0338188691290246E-5    3.137592653228746E-5     2.435590317986551E-5     1.886949882286228E-5     1.4591009244460496E-5    1.1261571623617609E-5    8.6760234559072E-6       6.672203775745413E-6     5.1222771911747E-6       3.925724888335373E-6     3.003702827743948E-6     2.29451618002657E-6      1.750001119460399E-6     1.3326409493070206E-6    1.013273669356537E-6     7.692728141786447E-7     5.831024993832186E-7     4.411597708849886E-7     3.32818535621792E-7      2.4956925872629665E-7    1.8408217737324314E-7    1.28849192095988E-7      7.363925065140751E-8     0
% Data
% c (mol/m^3) @ t=800, u1=0.03, u2=0.05
1                         0.9985239084377124       0.9965168217077011       0.9938690523192486       0.990459832985727        0.9861584178718895       0.9808257487709355       0.974316721997247        0.9664830680219637       0.957176826816849        0.9462543684014141       0.9335808716188944       0.9190351366165466       0.9025145702452606       0.8839401513349424       0.8632611574331027       0.8404594189597661       0.8155528633770883       0.7885981228636422       0.7596920052378732       0.7289716695268454       0.6966134034196628       0.6628299673890977       0.6278665458303441       0.5919954245436817       0.5555095911701433       0.5187155257606046       0.4819255083270148       0.44544981646149157      0.40958921897526984      0.3746281946632306       0.3408293271338404       0.3084293616660024       0.2776374807142912       0.2486364939737198       0.2215878941753178       0.19664216830006284      0.1739564709924135       0.1537228974016688       0.1362123263943721       0.12184140806800375      0.1096618824549905       0.0983336314547545       0.08784754797411258      0.07818738348356565      0.06933045556049514      0.06124844818362728      0.05390827411829778      0.04727296901980072      0.04130258854365632      0.03595508254252169      0.031187124064048617     0.026954875042169202     0.02321467500514571      0.019923643544445233     0.01704019147779973      0.014524439425708873     0.01233854578309332      0.01044694873698173      0.008816529032394849     0.007416701635356243     0.006219445327248391     0.005199279652637299     0.004333198610208817     0.003600570106307951     0.002983009565225127     0.0024642352874982283    0.0020299122367409385    0.0016674899765237938    0.0013660395203997386    0.001116092938141302     9.094887071965056E-4     7.392250285769362E-4     5.99322651222637E-4      4.8469817218071303E-4    3.9104830041818047E-4    3.1474518471684936E-4    2.527426032252321E-4     2.0249258464171693E-4    1.6187186868787623E-4    1.2911750640019388E-4    1.0277083908779735E-4    8.16290695355733E-5      6.470364204359534E-5     5.118467206485983E-5     4.041070545264891E-5     3.184313657968295E-5     2.5044669685888825E-5    1.9661265375442433E-5    1.540707141607807E-5     1.2051891315852829E-5    9.410792536859563E-6     7.335493766885393E-6     5.707187549827276E-6     4.430428871072412E-6     3.427601869081471E-6     2.6331501526884803E-6    1.985954907456524E-6     1.4163560576855851E-6    8.199267502272549E-7     0
% Data
% c (mol/m^3) @ t=900, u1=0.03, u2=0.05
1                         0.9990124468185095       0.9976678373782913       0.9958897280830258       0.9935925900377482       0.9906820701383864       0.987055581131039        0.9826032607980678       0.9772093313301319       0.9707538774820563       0.9631150463711117       0.9541716530792547       0.9438061551470311       0.9319079364470395       0.9183768179095476       0.9031266904784313       0.8860891460053945       0.867216966131555        0.846487319123987        0.8239045115562351       0.7995021468070933       0.7733445563817093       0.7455273933437282       0.7161773094813092       0.6854506785125857       0.6535313755794558       0.6206276772264278       0.5869684049432394       0.5527984987956471       0.5183742767134133       0.4839587130283611       0.44981716381502673      0.4162140886252775       0.38341148776984973      0.35167002091803756      0.3212541397853949       0.2924431170760599       0.2655506728213655       0.24095710859324182      0.21915962500327463      0.2008490417758284       0.18493038156209868      0.16972928094541423      0.15527442445644207      0.14158740140201334      0.12868262773883576      0.11656741421140959      0.10524217374660046      0.09470075652928851      0.08493089735049966      0.07591475687355956      0.067629536491655        0.060048145472774345     0.053139899066002624     0.04687122708609856      0.04120637407153511      0.03610807426915654      0.03153818726809501      0.027458282918021524     0.02383016706364118      0.020616342468139086     0.017780401966209003     0.015287353292136164     0.013103877107309222     0.011198521467871831     0.009541837314002478     0.008106460534625513     0.006867146788293942     0.005800765577386819     0.004886260121150768     0.0041045793999958885    0.0034385883961890046    0.002872962080350992     0.0023940681310729013    0.0019898427637807642    0.0016496634163766536    0.001364221418973416     0.0011253971832553874    9.261398982599706E-4     7.603532234518429E-4     6.227880324276513E-4     5.089428835422689E-4     4.149725765180136E-4     3.3760489391320076E-4    2.7406541890604975E-4    2.2201016090138146E-4    1.7946560205329718E-4    1.4477569452261927E-4    1.1655528319440092E-4    9.364939347923307E-5     7.509779746536111E-5     6.010423540513212E-5     4.800958718799319E-5     3.826808377973263E-5     3.0425153863456174E-5    2.4094341555512484E-5    1.8928066526603256E-5    1.4570940286021292E-5    1.0570665471832674E-5    6.190736654547753E-6     0
% Data
% c (mol/m^3) @ t=1000, u1=0.03, u2=0.05
1                         0.999330533713656        0.9984180161160723       0.9972089214907783       0.9956426199130108       0.9936512709805828       0.9911599021219224       0.9880867041548186       0.9843435740875576       0.9798369305511299       0.9744688206052575       0.9681383279490705       0.9607432818866274       0.9521822539831437       0.9423568155840505       0.9311740147923296       0.9185490167920874       0.9044078373781719       0.8886900871128752       0.8713516336538439       0.852367083473662        0.8317319823871469       0.8094646379204649       0.7856074764168953       0.7602278646253098       0.7334183500925432       0.7052963078252497       0.6760030235776309       0.645702298611544        0.6145787298995868       0.5828359084304054       0.5506948943351658       0.518393482984556        0.48618698894261764      0.45435157085579847      0.42319153730409204      0.3930526635518793       0.3643443838494478       0.3375749008040383       0.31340490240634333      0.29272786990068267      0.274386406325092        0.25650103106102284      0.2391234934086961       0.2223013814420981       0.20607754434617842      0.19048960077892255      0.17556954545574613      0.1613434629532185       0.1478313541985947       0.1350470774283991       0.12299840174418596      0.11168716793877978      0.10110954816450991      0.09125639339090462      0.08211365554376372      0.07366286978432658      0.06588168159320812      0.058744403151125425     0.05222258390938378      0.04628558114581307      0.040901117617360275     0.036035815049800295     0.03165569404567307      0.0277266329439817       0.024214780137516722     0.021086916265537232     0.01831076448458206      0.015855248627344012     0.013690700453246869     0.011789018353820383     0.010123780793729671     0.008670318448392776     0.007405749454803698     0.006308982443764674     0.005360692094317479     0.004543271872607663     0.003840768416560225     0.0032388017329383644    0.0027244750112966802    0.0022862774542327965    0.0019139830963467944    0.0015985481532482938    0.001332009021156518     0.0011073826480191096    9.185706261003682E-4     7.602680175476889E-4     6.278776181668097E-4     5.1743008395216E-4       4.2551007225670543E-4    3.491882451195554E-4     2.8595855911812534E-4    2.3367953354853905E-4    1.9051672812018391E-4    1.548805513470332E-4     1.2534673292415808E-4    1.0053186455845231E-4    7.886353784321341E-5     5.811227523327977E-5     3.4393567974515606E-5    0
% Data
% c (mol/m^3) @ t=1100, u1=0.03, u2=0.05
1                         0.9995412865499625       0.998915461744675        0.998084870077042        0.9970064382787177       0.9956314308180297       0.9939053043070588       0.9917676844844219       0.9891524893697288       0.9859882210908307       0.982198446625861        0.9777024841759133       0.9724163070393005       0.9662536707076461       0.9591274615378323       0.9509512569497997       0.9416410779313859       0.9311173050701806       0.9193067198511848       0.9061446241282345       0.8915769831609202       0.8755625321629252       0.8580747837820483       0.8391038752849937       0.8186582005520547       0.7967657846072423       0.7734753789474018       0.7488572865156213       0.723003968678304        0.6960305470457435       0.6680753961388011       0.6393011368791921       0.6098964971902023       0.5800797208364086       0.5501045015338188       0.5202698272843131       0.4909356818386084       0.4625473224435398       0.43567190999417416      0.4110527065121245       0.38968800060969716      0.3704324660831179       0.3513406092002896       0.33246909761339244      0.3138738370640375       0.29560933497495023      0.27772807027712704      0.2602798838642826       0.24331140388654113      0.22686551938536673      0.21098091455224302      0.19569167421274017      0.1810269690681488       0.16701082686161275      0.15366199308145595      0.14099388218521966      0.12901461773806489      0.1177271574164573       0.10712949662788737      0.09721494261819744      0.08797244943798338      0.07938700305458528      0.07144004524022894      0.06410992463275514      0.05737236352721284      0.05120092947307006      0.04556750156985431      0.04044272241291681      0.035796427876166735     0.03159804826537321      0.027816975772344276     0.024422894550931724     0.021386071071840804     0.01867760365483091      0.016269631193553468     0.014135502058771876     0.01224990497766596      0.01058896433596233      0.009130302838283677     0.007853074798560955     0.006737973529126555     0.005767216369742741     0.004924510863580711     0.004195005463757507     0.003565227958226738     0.003023014546644331     0.0025574321987385505    0.002158696567109322     0.0018180872933567425    0.00152786196362757      0.0012811690680072205    0.0010719587156569363    8.948867149742612E-4     7.452011187873866E-4     6.185865013564905E-4     5.109115274659933E-4     4.177613665746954E-4     3.334985606524837E-4     2.492989956676374E-4     1.489714209847223E-4     0
% Data
% c (mol/m^3) @ t=1200, u1=0.03, u2=0.05
1                         0.999682973318276        0.9992501135950635       0.9986748168719166       0.9979264064814937       0.9969698581550787       0.9957655744103048       0.9942692243399435       0.9924316657586233       0.9901989669928356       0.9875125453120204       0.9843094379974591       0.9805227202531178       0.9760820815287536       0.9709145683385916       0.9649454973542223       0.9580995375209702       0.9503019543526782       0.9414800036375163       0.9315644558612988       0.9204912271488442       0.908203087977523        0.8946514180070515       0.8797979749423722       0.863616648466759        0.8460951783047654       0.8272368301496791       0.8070620468156414       0.7856101276106269       0.7629410406917724       0.7391375466392758       0.7143079142472806       0.688589651858439        0.6621548733472503       0.6352181857208997       0.6080483500678404       0.5809854619788031       0.5544660643444905       0.5290594998308901       0.5055200028860483       0.4848606108410601       0.4660042154155248       0.4470587802160329       0.42807297980883074      0.40909710808411076      0.3901826384404194       0.3713817457889321       0.35274679811432036      0.3343298265848823       0.3161819842280109       0.29835300392236         0.28089066686124464      0.26384029268347503      0.24724426213544054      0.2311415824271788       0.21556750439870354      0.2005531992609817       0.18612550107301792      0.17230671932815883      0.15911452412202493      0.1465619044378073       0.13465719818755476      0.12340419086127574      0.11280227802175168      0.10284668549352735      0.09352873996841364      0.08483618191194038      0.07675351211642467      0.06926236300416379      0.062341885824085445     0.055969145182081306     0.05011951286617519      0.044767053633868285     0.03988489647832928      0.03544558583935684      0.03142140823199908      0.02778469079083869      0.02450806923577311      0.021564723725197323     0.01892858194998701      0.01657448961748158      0.014478349165166132     0.012617228120067443     0.01096943897640979      0.009514592795846733     0.008233628932215298     0.0071088233225019915    0.006123777609016201     0.005263390828518706     0.004513814218213966     0.0038623871825374883    0.00329754720903498      0.0028086954593401613    0.0023859763847849523    0.0020198802170210708    0.0017004723369235598    0.0014158316180042266    0.0011488108495345786    8.702429107306962E-4     5.246330410472437E-4     0
% Data
% c (mol/m^3) @ t=0, u1=0.05, u2=0.01
1                         -5.672732969867516E-8    3.4412341060481285E-15   4.7990695035818494E-20   8.009901849351902E-26    1.0236269825679852E-31   1.168969727346712E-37    1.2541942007527824E-43   1.293196159212299E-49    1.2971711273412472E-55   1.2750964098618723E-61   1.2341312993497508E-67   1.1799489050910781E-73   1.1170108771030432E-79   1.0487944867291734E-85   9.779799986133492E-92    9.066049837964123E-98    8.361911425134079E-104   7.67848296152306E-110    7.023594438389168E-116   6.40250137444345E-122    5.818448902477139E-128   5.273128827616451E-134   4.767048505888321E-140   4.2998272207376E-146     3.870433081180161E-152   3.477371246175605E-158   3.1188324258910113E-164  2.7928090631715186E-170  2.49718530826417E-176    2.229805825309999E-182   1.9885275750154963E-188  1.7712579750218108E-194  1.5759822230704654E-200  1.4007820571408742E-206  1.243847804117949E-212   1.1034852193859584E-218  9.781183318900122E-225   8.662892723098966E-231   7.666558674875253E-237   6.735269182542667E-243   4.746253691184498E-249   3.3424314872259395E-255  2.3523593981379277E-261  1.6545787351916744E-267  1.1631236751262785E-273  8.172036647912702E-280   5.738668906153641E-286   4.027896430456145E-292   2.825796364932637E-298   1.9815611055674203E-304  1.38894863202363E-310    9.7308017E-317           7.9E-323                 0                        0                        0                        0                        0                        0                        0                        0                        0                        0                        0                        0                        0                        0                        0                        0                        0                        0                        0                        0                        0                        0                        0                        0                        0                        0                        0                        0                        0                        0                        0                        0                        0                        0                        0                        0                        0                        0                        0                        0                        0                        0                        0                        0                        0                        0                        0
% Data
% c (mol/m^3) @ t=100, u1=0.05, u2=0.01
1                         0.9656881255471029       0.9132847261683885       0.8415363061625022       0.7517145725442032       0.647912551767426        0.5366497837769435       0.42576129171666655      0.32283607075690895      0.23371191782487988      0.16154938332257385      0.10674402926030406      0.06755197460372794      0.04104689376284265      0.02401663424805345      0.013571978958974268     0.007429996568059957     0.003952083766652753     0.002048181267133854     0.001036924566518286     5.140507894175519E-4     2.5009126621002004E-4    1.1964373549732718E-4    5.638472128138074E-5     2.6218934278347454E-5    1.204702051156029E-5     5.47667517410635E-6      2.4661953735093813E-6    1.10117424537375E-6      4.879749026038425E-7     2.147838284319194E-7     9.39675272275543E-8      4.0888357122375164E-8    1.77055209480387E-8      7.633401703600221E-9     3.2780515046878144E-9    1.4027013528057974E-9    5.982574561099831E-10    2.542523895559401E-10    1.0708057555373111E-10   4.2081460484915765E-11   1.4602851332130915E-11   5.056456395578595E-12    1.7474081634470385E-12   6.027691876922282E-13    2.0757635548450152E-13   7.13723295087426E-14     2.450508824709903E-14    8.402360680327147E-15    2.8774306288246925E-15   9.84244226323224E-16     3.3630083022664207E-16   1.147914733226721E-16    3.914487129693647E-17    1.3336695183142329E-17   4.539961507171955E-18    1.5442133834395932E-18   5.248468408025279E-19    1.7825652619419822E-19   6.050091811296925E-20    2.0520930756571804E-20   6.956078974982668E-21    2.3565525012724826E-21   7.978969637309747E-22    2.700130018395677E-22    9.13273941511994E-23     3.087490669066944E-23    1.0432958847513334E-23   3.523831014977647E-24    1.1896969713154242E-24   4.0149378366261554E-25   1.354408043742322E-25    4.567253179836821E-26    1.5395782605976793E-26   5.18794642092155E-27     1.747599081831303E-27    5.8849940934463255E-28   1.9811308352072539E-28   6.66726829810108E-29     2.2431321369130913E-29   7.544634603516111E-30    2.5368924681052518E-30   8.528060440970066E-31    2.866068240721311E-31    9.629735100775381E-32    3.234722720705822E-32    1.0863202553752107E-32   3.647370215197362E-33    1.2243508448731019E-33   4.1090249725467185E-34   1.3787362776444779E-34   4.6252552864895995E-35   1.5513319701896617E-35   5.202242865902906E-36    1.7441960084692117E-36   5.846793394637881E-37    1.9594244518091942E-37   6.560147237923331E-38    2.1781744474124693E-38   6.633894447599108E-39    0
% Data
% c (mol/m^3) @ t=200, u1=0.05, u2=0.01
1                         0.9920263987459036       0.9793573937139263       0.9607424404134242       0.9349945468230987       0.9011403496323829       0.8585814570380369       0.80724207174606         0.747673995715901        0.6810920728050341       0.609322103635205        0.5346585589871627       0.45964807020477466      0.38683189192686396      0.3184910180831536       0.2564375862685928       0.20188513523307158      0.15541155279684712      0.11700814004554251      0.08619219206146705      0.062152638778851584     0.043899055306935456     0.030391430425052785     0.0206379310926376       0.013757281535318652     0.00900926864489864      0.005800651001368376     0.0036747720556944293    0.002292343185846672     0.001409106826925259     8.541445445934408E-4     5.109019693110316E-4     3.0174834070505885E-4    1.7608488336435773E-4    1.0158367883577193E-4    5.796816451017964E-5     3.2736378223292E-5       1.8300343608052436E-5    1.0116813243044244E-5    5.483499218100243E-6     2.7490638663738355E-6    1.232342457088507E-6     5.47723905799238E-7      2.414673827819488E-7     1.0563126660284662E-7    4.586943400298222E-8     1.9778829234487552E-8    8.471573435743225E-9     3.605331176295638E-9     1.5249902636323377E-9    6.412768939986917E-10    2.681572995878408E-10    1.1153255979197632E-10   4.615070131514958E-11    1.9002493623038958E-11   7.78725663764436E-12     3.176736288413046E-12    1.2902604079709679E-12   5.218500374480102E-13    2.102107685572497E-13    8.434711709555527E-14    3.371734352687633E-14    1.3429594940948614E-14   5.330336363534411E-15    2.1085377234978674E-15   8.313684170779411E-16    3.26767573060037E-16     1.2804519327455704E-16   5.0027634782503403E-17   1.949038741215897E-17    7.572413642107334E-18    2.9341972023785968E-18   1.134021915092185E-18    4.371849975288129E-19    1.6813327734434566E-19   6.450869904734312E-20    2.4693876614748572E-20   9.431821830028751E-21    3.594719135188761E-21    1.3671746527271638E-21   5.189173736121558E-22    1.9656767457234898E-22   7.431717448383011E-23    2.80447830336631E-23     1.056385699597991E-23    3.972110973434256E-24    1.4909695352713482E-24   5.587069259093393E-25    2.0901904802093097E-25   7.807143355463164E-26    2.9115229868387837E-26   1.0841434592687661E-26   4.0309538295993624E-27   1.4965762535934538E-27   5.548478636975419E-28    2.05418721508469E-28     7.593623086783712E-29    2.799613953228091E-29    1.0192317706173366E-29   3.350552811386053E-30    0
% Data
% c (mol/m^3) @ t=300, u1=0.05, u2=0.01
1                         0.997639073647335        0.9938283453720814       0.9880724541808856       0.979801864406394        0.9683918009938611       0.953192903156127        0.9335736102535085       0.9089725623676449       0.8789572838700507       0.8432834312421877       0.8019473440085988       0.7552239940717844       0.7036830633797118       0.6481779670833235       0.5898060381271222       0.5298422998472104       0.4696534798799046       0.4106022467978515       0.35395329893394356      0.3007924978533672       0.2519678255202487       0.20805714629545094      0.16936345951169673      0.1359344484010559       0.10760035910835464      0.08402290921926908      0.06474798476500263      0.04925601497491359      0.03700565764671542      0.027468331865461364     0.020152846547211355     0.014620682800393614     0.010493322492658485     0.007453404806738921     0.005241524470899325     0.0036502589826915713    0.002516593903853453     0.0017132814462876651    0.001138593325088592     7.017240551723503E-4     3.950275172204601E-4     2.2049009642668142E-4    1.2208130983464596E-4    6.708002581996143E-5     3.659279691170462E-5     1.982532330886023E-5     1.0671400689845529E-5    5.708790677428035E-6     3.03616169506479E-6      1.6058032290326848E-6    8.448264683723254E-7     4.4224666307161367E-7    2.3040454977986618E-7    1.1949463288044108E-7    6.170669495721814E-8     3.173459721944292E-8     1.6256824962400686E-8    8.296997669911255E-9     4.219536119902478E-9     2.1386453148270495E-9    1.0804657675384715E-9    5.441838222363732E-10    2.7327714351278557E-10   1.3684895653192365E-10   6.834622388278911E-11    3.40466100683533E-11     1.6918750602905208E-11   8.387720333578026E-12    4.149011196939174E-12    2.047914332987739E-12    1.0087530053909033E-12   4.959080128987039E-13    2.4333024396532533E-13   1.191800066978203E-13    5.827134587182453E-14    2.8443393839990336E-14   1.3861537295064034E-14   6.744852856745623E-15    3.277108413019713E-15    1.5899785869085727E-15   7.703668417419393E-16    3.727625787094317E-16    1.8014282702602438E-16   8.695050338461212E-17    4.1919612625054176E-17   2.0186969778304985E-17   9.71072262617676E-18     4.6663309920481456E-18   2.2400585874699903E-18   1.0742827216618486E-18   5.147163195480056E-19    2.463888512665392E-19    1.1783887254021655E-19   5.630782810855885E-20    2.687823558871294E-20    1.280654107771792E-20    6.065311903860044E-21    2.7949692041136824E-21   1.107433586624929E-21    0
% Data
% c (mol/m^3) @ t=400, u1=0.05, u2=0.01
1                         0.9992023013583738       0.9979047615271701       0.9959182785141072       0.9930104310750392       0.9889038384760447       0.9832773797806533       0.9757711146209775       0.9659956168240188       0.9535461656144789       0.9380218293689409       0.9190489387290752       0.8963078208812811       0.8695610249365862       0.8386807037469116       0.8036724374574432       0.7646926912627627       0.7220573698213734       0.676239589492343        0.6278557962081388       0.5776405990016269       0.5264119946193062       0.47502982362900353      0.42435112861801894      0.3751864380455076       0.3282608172366179       0.2841828506656497       0.24342367389766276      0.20630694256374987      0.17300940769544734      0.14357073397183176      0.11791046594828887      0.09584966122309216      0.07713463850242709      0.0614604305044895       0.04849170398164242      0.0378788009651381       0.029265586682170573     0.022282766050890815     0.01651265506405384      0.011393322831047428     0.007272304957907839     0.004595411095889089     0.0028760449559968844    0.0017834644160586713    0.0010962253408369977    6.681319033001213E-4     4.0392776236621676E-4    2.423085304932831E-4     1.4427606641252485E-4    8.529246630845501E-5     5.0077374824460534E-5    2.920818207132952E-5     1.692822428431121E-5     9.751435317550755E-6     5.584408189495481E-6     3.1800473062469185E-6    1.8010657470996032E-6    1.0147347103454778E-6    5.688342316096931E-7     3.1732815014578105E-7    1.761963395818816E-7     9.739189794932987E-8     5.3598842645474984E-8    2.9373823729989983E-8    1.6032488967788993E-8    8.716395273465954E-9     4.720911335524309E-9     2.5475497846850416E-9    1.3698720053991975E-9    7.340879297909183E-10    3.9208038975611746E-10   2.0874074666065357E-10   1.1078695170787344E-10   5.862213376686955E-11    3.092907098907729E-11    1.6272089702469283E-11   8.537453773269515E-12    4.467431085197102E-12    2.3316656356200287E-12   1.2139105608256775E-12   6.304503853402153E-13    3.2665515294375346E-13   1.6886198076734898E-13   8.709761936426682E-14    4.48270267801398E-14     2.3022846377160698E-14   1.1800182977578305E-14   6.036057891930659E-15    3.0816007181170917E-15   1.5702910060587653E-15   7.987046036675321E-16    4.0552179617892373E-16   2.0553166489207836E-16   1.0398577752382468E-16   5.250553841890465E-17    2.642906254821714E-17    1.3192518811205044E-17   6.372650763927856E-18    2.6147961932022344E-18   0
% Data
% c (mol/m^3) @ t=500, u1=0.05, u2=0.01
1                         0.999711227774674        0.9992392506770597       0.9985106198832994       0.9974317860869947       0.9958862380180774       0.9937320477825033       0.9908001450635173       0.9868936862323331       0.9817889057052648       0.9752378252159807       0.9669731426018883       0.9567155182656585       0.9441833220725899       0.9291046997097206       0.9112315767561572       0.8903549604727774       0.8663206508605121       0.8390442666294383       0.8085243628953999       0.774852396836097        0.738218407127671        0.698911519884379        0.6573147663538734       0.6138941640091264       0.5691825234174769       0.5237589371809289       0.47822532041821825      0.4331816480337246       0.38920163146737885      0.3468104756718968       0.3064660511268375       0.2685443029701481       0.23332896633882944      0.2010045360218209       0.17164960369264565      0.14522431745133016      0.12153906675222796      0.10017781991010102      0.08032113161683832      0.060354984759832676     0.042458220023068906     0.029557130095014872     0.020370260365333123     0.013903984592773384     0.009402816470544178     0.006302512770621502     0.004188529884256946     0.0027609013761031474    0.001805616170562675     0.0011719903079840106    7.552323811305435E-4     4.8330866391201857E-4    3.072423254186676E-4     1.9407562934143507E-4    1.2184609427358247E-4    7.605300385344455E-5     4.720579558272671E-5     2.9144406902913528E-5    1.7901924571760586E-5    1.0942826672631458E-5    6.657980184637458E-6     4.033052369876625E-6     2.4327431209324843E-6    1.461570811319313E-6     8.747672396372167E-7     5.216746588053442E-7     3.1004510250350123E-7    1.836745873285376E-7     1.0848042169138346E-7    6.388643961007007E-8     3.752285587848335E-8     2.1982937856639977E-8    1.2848395731315232E-8    7.492969603495975E-9     4.360811987451798E-9     2.533105855716397E-9     1.4688381424228836E-9    8.503328394841354E-10    4.915365728311229E-10    2.837459707348188E-10    1.6359244460298508E-10   9.421210059467393E-11    5.4201058648430883E-11   3.115384704153747E-11    1.789208944499224E-11    1.0268238567918036E-11   5.889166140995201E-12    3.375743708786576E-12    1.934082854409492E-12    1.1076429105009442E-12   6.341157998566879E-13    3.629095598924099E-13    2.0762725942518254E-13   1.1872778122080661E-13   6.781031328014733E-14    3.858419996131182E-14    2.167626118171371E-14    1.16314000107538E-14     5.15098072821686E-15     0
% Data
% c (mol/m^3) @ t=600, u1=0.05, u2=0.01
1                         0.9998960590067953       0.9997254771234947       0.9994602623011409       0.9990637758031374       0.9984889264606586       0.9976762479553406       0.9965519410793131       0.9950259955786648       0.9929905405164208       0.9903186051207717       0.9868634998351323       0.9824590449145428       0.9769208760404843       0.9700490376951852       0.9616320308775858       0.9514524093127245       0.9392939174861203       0.9249500381311838       0.9082336739344682       0.8889875402052977       0.8670947077140765       0.8424886256221029       0.8151618910944656       0.7851730295899021       0.7526506168303885       0.7177942102723955       0.6808717538989225       0.6422133522850194       0.6022015410285099       0.5612583558369683       0.5198295392395617       0.4783659881155272       0.43730179945534975      0.39702656643156725      0.35784603363423617      0.31991810843492274      0.28313714528392697      0.24691174725091905      0.20972727939517952      0.16827942366779647      0.12779822716098263      0.0960786075802342       0.07153241452868657      0.05276091908593068      0.03856624110512835      0.027946900883026593     0.02008312704619799      0.01431642915666729      0.010126813696001616     0.007110001217527027     0.0049561503631984135    0.003430929807238257     0.002359293585413336     0.0016119849250105817    0.0010945883543984963    7.388388097215325E-4     4.958520159378856E-4     3.3093972733206235E-4    2.1969880399733217E-4    1.4510176897498438E-4    9.535974226548739E-5     6.237102513881226E-5     4.060704203742306E-5     2.632042570964585E-5     1.698741475401309E-5     1.0918718521428389E-5    6.99021843031583E-6      4.458069538019189E-6     2.8326960383395525E-6    1.7935272751672177E-6    1.131687659916801E-6     7.117204285076622E-7     4.461781002437965E-7     2.7885141833734177E-7    1.7376058056130978E-7    1.079666699472456E-7     6.690102428012136E-8     4.134503678671225E-8     2.5486073444264824E-8    1.5671525672790472E-8    9.613617575836423E-9     5.88391831721337E-9      3.593240780382121E-9     2.189678007137864E-9     1.3316237907015242E-9    8.082059979400571E-10    4.895899706321653E-10    2.960345130762429E-10    1.7868153288668796E-10   1.0766403041384941E-10   6.476457386627979E-11    3.889488500845426E-11    2.331942411919486E-11    1.395412076229744E-11    8.32606156269715E-12     4.938249464333834E-12    2.8815566063076687E-12   1.5963081377170439E-12   7.225977838840028E-13    0
% Data
% c (mol/m^3) @ t=700, u1=0.05, u2=0.01
1                         0.9999608229805498       0.9998963505866112       0.9997956332815193       0.9996440893761311       0.9994226038862432       0.9991064942699727       0.9986643519697355       0.9980567804936596       0.9972350653798431       0.9961398285117142       0.9946997382353282       0.9928303664641515       0.9904333028511568       0.9873956520928723       0.9835900510391016       0.9788753448146926       0.9730980529342796       0.9660947350823011       0.9576953302679838       0.9477274920456035       0.9360218775417827       0.9224182720371594       0.9067723484319814       0.8889627780691232       0.8688983325626994       0.8465245508639112       0.8218294934774546       0.7948480602743914       0.7656642883763558       0.7344109230101715       0.7012652670892995       0.6664396705672435       0.6301636490035016       0.5926518248242192       0.5540463532535919       0.514311773290687        0.47303974038315777      0.4290823846582084       0.3798605160398408       0.3200580829862359       0.2574885913764533       0.20510081138873762      0.16180829405903496      0.12647252912323584      0.09796846268543768      0.07523132175261558      0.05728703673639957      0.04326909698093924      0.032424811855392435     0.02411379832524302      0.017801183195452614     0.013047584303544824     0.009497488100235799     0.0068672181827595805    0.004933318600658719     0.003521870373588576     0.0024990220441640193    0.0017628405508939432    0.0012364685865500257    8.624986186787967E-4     5.984315914346611E-4     4.130706755029186E-4     2.8369943229739796E-4    1.9390318101048963E-4    1.319075269031871E-4     8.932560866820483E-5     6.0223443682100915E-5    4.042944096893284E-5     2.7028987764789537E-5    1.7997704940509213E-5    1.1937497844710416E-5    7.888057007177665E-6     5.193227011839151E-6     3.4069314608589716E-6    2.227383361956002E-6     1.451366593072587E-6     9.426564108635959E-7     6.103317907659602E-7     3.939630775616163E-7     2.535486780219936E-7     1.627127183944376E-7     1.0412924618806957E-7    6.645850211456588E-8     4.2304767878675765E-8    2.6861002913558225E-8    1.701301739284558E-8     1.0749731919456157E-8    6.776428036156564E-9     4.26205596749563E-9      2.6747194783711476E-9    1.6749355144396414E-9    1.0466072506088563E-9    6.525258317224331E-10    4.0576826850598214E-10   2.513587731370057E-10    1.5452816043083116E-10   9.318851163677014E-11    5.3068600462931523E-11   2.448008050744342E-11    0
% Data
% c (mol/m^3) @ t=800, u1=0.05, u2=0.01
1                         0.9999848597132522       0.999959894630495        0.9999207617549777       0.9998616077607291       0.9997746542879463       0.9996497019146755       0.99947354677679         0.9992293067629305       0.9988956585087708       0.9984459922251503       0.9978474988131641       0.9970602127289744       0.996036044489001        0.994717848182042        0.9930385812768123       0.990920625526641        0.9882753477713798       0.985002986591193        0.9809929535889357       0.9761246350108913       0.9702687689475478       0.9632894541195186       0.9550468170597118       0.9454003242051313       0.9342126724250189       0.9213541226756952       0.9067070497138666       0.8901703506242096       0.8716631539594667       0.8511269347411348       0.8285245426597897       0.8038335528969073       0.7770293053138212       0.7480491852019746       0.7167226105524598       0.6826380878665947       0.6448946322835254       0.6016409268219914       0.5492259261476132       0.48064091915569124      0.4046605111511192       0.3374542210229648       0.2788125408871101       0.228296219002596        0.18530452821925658      0.14913607501566073      0.11904027574603616      0.09425875704037166      0.07405682318162415      0.05774576605014294      0.044697190652805904     0.03435072590536973      0.0262165289796052       0.019873916319790956     0.014967306114029551     0.01120046999864863      0.008329892909399908     0.006157848446476314     0.004525625157601249     0.003307193314187799     0.0024034842452379723    0.0017373642332949482    0.0012493195865290923    8.938250080254129E-4     6.36339701697661E-4      4.508608463250608E-4     3.1795862314966926E-4    2.2321794800761563E-4    1.560170818791892E-4     1.0858058455616384E-4    7.525234133409938E-5     5.19427494813107E-5      3.57120403501888E-5      2.445881776496994E-5     1.6689070556448036E-5    1.1346140737590955E-5    7.68644627575063E-6      5.189257533568804E-6     3.4916167914859036E-6    2.341682131346224E-6     1.565476115570041E-6     1.043321254902764E-6     6.932304464664654E-7     4.592603445222918E-7     3.03385442256537E-7      1.9985576249201883E-7    1.3129716000316447E-7    8.602803067487464E-8     5.622092470787957E-8     3.6648235002717325E-8    2.382980357243433E-8     1.5455872371348275E-8    9.997846814553206E-9     6.4466065568184945E-9    4.137029327986009E-9     2.6304516895291945E-9    1.6357189219999099E-9    9.554910267282064E-10    4.483980122268865E-10    0
% Data
% c (mol/m^3) @ t=900, u1=0.05, u2=0.01
1                         0.9999939617619443       0.9999839912547457       0.9999683246249343       0.9999445647647881       0.9999094959603705       0.9998588564906803       0.9997870632745628       0.9996868829680076       0.9995490446850066       0.9993617908741783       0.99911036495516         0.9987764372165708       0.9983374742881497       0.997766062265548        0.9970291992623393       0.9960875796740326       0.9948948995301267       0.9933972196060804       0.9915324299196051       0.989229865092721        0.9864101238165374       0.9829851459605675       0.9788585958519963       0.9739265871602691       0.9680787593092574       0.9611996700702433       0.9531703910223419       0.9438700584673615       0.9331768992659908       0.9209678403259068       0.90711507856084         0.8914766742211475       0.8738758634325234       0.8540595194045157       0.8316185144062304       0.8058389586075886       0.7754286595171408       0.738019267536119        0.6892667072731917       0.6212348174292743       0.5421635979150944       0.46893279037976826      0.4020559549364438       0.34178002035393074      0.2881232406405582       0.2409167535612177       0.19984665247905378      0.16449412468182747      0.1343718812743086       0.10895574482643224      0.08771082803430921      0.07011220379978576      0.055660323755804084     0.04389168993650242      0.03438543330631387      0.026766518864363664     0.020706298090855134     0.01592108376964417      0.012169346347249433     0.009248039092788615     0.006988462552715733     0.0052519852897713925    0.0039258530464159926    0.002919245339458568     0.0021596783008225725    0.001589805216511758     0.0011646306776550762    8.491290229703782E-4     6.162410746927937E-4     4.452132887872546E-4     3.202387180771327E-4     2.2935819108359047E-4    1.6358164686478745E-4    1.1619268715653676E-4    8.220338800765556E-5     5.793072779146674E-5     4.0670274905195215E-5    2.8446804792284852E-5    1.9825149272237658E-5    1.3767760595105318E-5    9.528186840935587E-6     6.571925012216493E-6     4.517982976560254E-6     3.0959900840397395E-6    2.1149002172297087E-6    1.4402800192659923E-6    9.779147430269634E-7     6.620348389183682E-7     4.4690251478385093E-7    3.008278579428009E-7     2.0193229269727033E-7    1.3516214468943203E-7    9.019195151252676E-8     5.995766951326134E-8     3.963316274313226E-8     2.5916230173729322E-8    1.6528093732894606E-8    9.856485017868784E-9     4.689819512737616E-9     0
% Data
% c (mol/m^3) @ t=1000, u1=0.05, u2=0.01
1                         0.9999978631514878       0.9999943281022009       0.9999887555327598       0.9999802672579364       0.9999676709984112       0.999949365535361        0.9999232223624201       0.9998864395621156       0.9998353633394945       0.9997652725030213       0.9996701212633587       0.9995422361075929       0.999371963292044        0.9991472647765572       0.9988532622872374       0.9984717317142362       0.9979805532592828       0.9973531266107922       0.9965577648023425       0.9955570849950316       0.9943074186441633       0.9927582663729169       0.9908518226950723       0.9885225896512703       0.9856970815721667       0.9822935871237051       0.9782218847740969       0.9733826778328802       0.9676662791362397       0.9609496513937323       0.9530901517650995       0.9439129806850124       0.9331869396823843       0.9205788578165688       0.9055695398724983       0.8873008479759857       0.8643002281144178       0.8339880943932393       0.7918018652833557       0.729645311759066        0.6545183627082445       0.5822931891168439       0.5138531592847004       0.4498659847373897       0.39079108746380165      0.33689521711343146      0.2882740125073742       0.24487727413671254      0.20653592675686852      0.17298895793732014      0.1439089757599996       0.11892539867834902      0.09764464254865322      0.07966698237916675      0.06460002621955588      0.05206894012808531      0.04172370665390415      0.033243789532196096     0.026340621918778825     0.02075834351375315      0.016273192640484175     0.012691921489753143     0.009849553932102255     0.007606751771256235     0.005847001811051376     0.004473785988295154     0.003407852201124195     0.0025846654380066213    0.0019520877055631844    0.0014683108228660687    0.00110004779023431      8.209753421840604E-4     6.104115671544717E-4     4.5220723937720544E-4    3.33826946051503E-4      2.45595491517168E-4      1.8008582021094527E-4    1.3162633901788652E-4    9.590766305470186E-5     6.967117873405882E-5     5.046421677450589E-5     3.6448923660395253E-5    2.625403186412006E-5     1.8860613990986426E-5    1.3514548309419174E-5    9.65982591696447E-6      6.888007916419054E-6     4.900116008253077E-6     3.4780364651487657E-6    2.463160684445581E-6     1.7404994439431164E-6    1.226914559421018E-6     8.624302163909E-7        6.03833415386094E-7      4.1996256939148805E-7    2.882265267031921E-7     1.9200186431340122E-7    1.1863049586009346E-7    5.778631924270481E-8     0
% Data
% c (mol/m^3) @ t=1100, u1=0.05, u2=0.01
1                         0.9999993734059663       0.9999983334841661       0.9999966851605522       0.9999941558646891       0.9999903685706584       0.9999848066408813       0.9999767683784752       0.9999653087979173       0.9999491657028633       0.9999266667325587       0.9998956136315378       0.9998531396485061       0.9997955357272637       0.9997180410728216       0.9996145938240836       0.9994775380056276       0.9992972837190576       0.9990619186907738       0.9987567707730168       0.9983639226286126       0.9978616812243837       0.9972240051318807       0.9964198905305923       0.9954127096018769       0.9941594780299688       0.992609993375672        0.9907057187278103       0.9883781609420215       0.9855462655270688       0.9821119429785572       0.9779521177543717       0.972904412708026        0.9667413323000303       0.9591238614236031       0.9495184897021671       0.9370496075171767       0.9202381876764352       0.8965410556201853       0.8615414106288664       0.8075307673982424       0.7400910718831474       0.6732096986422279       0.6078496235304036       0.5448394362491218       0.4848608823222516       0.4284444360260907       0.3759719055904558       0.32768482506105023      0.28369726610738133      0.24401169317225738      0.2085365659621081       0.1771045406101445       0.1494903108262866       0.12542734072819844      0.10462295289562204      0.08677143372962441      0.07156499306436019      0.05870256001138902      0.0478965097294988       0.03887749667434071      0.03139762152285363      0.02523218541301341      0.020180291129991066     0.016064541305905723     0.012730063229659791     0.010043062604556898     0.007889077980058905     0.006171076317530963     0.004807500206802834     0.003730349960328754     0.00288335995354044      0.002220308492326886     0.001703484179369036     0.0013023189974949022    9.921887623049557E-4     7.533747738859357E-4     5.701759506229498E-4     4.301580026761044E-4     3.2352488224776844E-4    2.4259746765437908E-4    1.81384891211824E-4      1.352348573065195E-4     1.0055052072175668E-4    7.456285797826153E-5     5.514885841362368E-5     4.068721261580869E-5     2.9944435758758145E-5    2.1985504758903766E-5    1.6104098333829E-5       1.1768405899776955E-5    8.579219702145767E-6     6.237653785257604E-6     4.520354663988007E-6     3.260493703349248E-6     2.3331714441620223E-6    1.6441290489230901E-6    1.1208588790830456E-6    7.053388633676928E-7     3.4768332484799575E-7    0
% Data
% c (mol/m^3) @ t=1200, u1=0.05, u2=0.01
1                         0.9999998613303358       0.9999996295612652       0.9999992578004694       0.999998678344167        0.9999977942834484       0.9999964680654763       0.9999945060500689       0.9999916378582365       0.9999874890249548       0.9999815451449547       0.9999731053420917       0.9999612225085648       0.9999446273635028       0.9999216329893684       0.9998900161409682       0.9998468713066264       0.9997884332468528       0.9997098635308688       0.9996049963716174       0.9994660386585252       0.9992832181472626       0.9990443715866704       0.9987344598358259       0.9983349873699099       0.9978232847415578       0.9971715770390889       0.9963456959611199       0.9953031747074713       0.993990253158247        0.9923369455671601       0.990248662121575        0.9875917170888082       0.9841680317186978       0.9796708111998856       0.9736068355173284       0.965160338161458        0.9529549377103885       0.9346379956192693       0.9061561673741895       0.8604946086057177       0.8019503633385637       0.7423883400346443       0.6826734204737072       0.6236108139151881       0.5659255792975681       0.5102476974736905       0.45710270614440884      0.40690759929998915      0.359971448121437        0.316500027803434        0.27660363434086604      0.24030724124387548      0.20756216874738787      0.1782585053170486       0.15223762015773         0.12930422334606614      0.10923755572896854      0.09180141432746192      0.07675283333325054      0.06384934082360363      0.05285479411286681      0.0435438611135061       0.03570526158334216      0.02914391216441548      0.023682134859012684     0.019160092600383784     0.015435610517839654     0.012383529913849204     0.009894726152632588     0.007874903550484312     0.006243261522665495     0.004931107866605875     0.003880477982374102     0.0030428035794537508    0.0023776612721468273    0.00185162050563742      0.0014372014171962217    0.0011119463599578194    8.576036783132877E-4     6.594186737850525E-4     5.055242825947942E-4     3.864225565259446E-4     2.945473744988185E-4     2.2389871867333784E-4    1.6973916113246902E-4    1.2834379038573166E-4    9.679555402405162E-5     7.281882262312255E-5     5.4644829454746844E-5    4.0903467307432094E-5    3.053669830420894E-5     2.2729536267160285E-5    1.6855182811651942E-5    1.2431431837117396E-5    9.08589883528134E-6      6.52797811363124E-6      4.525677176394473E-6     2.885612960843456E-6     1.4344614014151764E-6    0
% Data
% c (mol/m^3) @ t=0, u1=0.05, u2=0.03
1                         -5.672732969867516E-8    3.4412341060481285E-15   4.7990695035818494E-20   8.009901849351902E-26    1.0236269825679852E-31   1.168969727346712E-37    1.2541942007527824E-43   1.293196159212299E-49    1.2971711273412472E-55   1.2750964098618723E-61   1.2341312993497508E-67   1.1799489050910781E-73   1.1170108771030432E-79   1.0487944867291734E-85   9.779799986133492E-92    9.066049837964123E-98    8.361911425134079E-104   7.67848296152306E-110    7.023594438389168E-116   6.40250137444345E-122    5.818448902477139E-128   5.273128827616451E-134   4.767048505888321E-140   4.2998272207376E-146     3.870433081180161E-152   3.477371246175605E-158   3.1188324258910113E-164  2.7928090631715186E-170  2.49718530826417E-176    2.229805825309999E-182   1.9885275750154963E-188  1.7712579750218108E-194  1.5759822230704654E-200  1.4007820571408742E-206  1.243847804117949E-212   1.1034852193859584E-218  9.781183318900122E-225   8.662892723098966E-231   7.666558674875265E-237   6.757577278544044E-243   5.337197264499669E-249   4.2126073731982805E-255  3.32290735135735E-261    2.6195579764130725E-267  2.063917940598954E-273   1.625259562011478E-279   1.2791734320606636E-285  1.0062881120697203E-291  7.912443925829827E-298   6.218747769160143E-304   4.8854807240777E-310     3.83683515E-316          3.56E-322                0                        0                        0                        0                        0                        0                        0                        0                        0                        0                        0                        0                        0                        0                        0                        0                        0                        0                        0                        0                        0                        0                        0                        0                        0                        0                        0                        0                        0                        0                        0                        0                        0                        0                        0                        0                        0                        0                        0                        0                        0                        0                        0                        0                        0                        0                        0
% Data
% c (mol/m^3) @ t=100, u1=0.05, u2=0.03
1                         0.9656881255471029       0.9132847261683885       0.8415363061625022       0.7517145725442032       0.647912551767426        0.5366497837769435       0.42576129171666655      0.32283607075690895      0.23371191782487985      0.16154938332257385      0.10674402926030406      0.06755197460372794      0.041046893762842665     0.024016634248053455     0.013571978958974279     0.007429996568059961     0.003952083766652755     0.002048181267133855     0.0010369245665182863    5.140507894175522E-4     2.5009126621002004E-4    1.1964373549732723E-4    5.6384721281380754E-5    2.621893427834746E-5     1.2047020511560297E-5    5.4766751741063555E-6    2.4661953735093936E-6    1.1011742453738003E-6    4.879749026040587E-7     2.147838284328466E-7     9.396752723152738E-8     4.0888357139382746E-8    1.7705521020759966E-8    7.63340201416386E-9      3.2780528292479525E-9    1.402706994143164E-9     5.982814463423175E-10    2.543542430912401E-10    1.0751224188189318E-10   4.3907393228523095E-11   1.6903135625139698E-11   6.493494412629817E-12    2.4896974371300272E-12   9.52880893244652E-13     3.640947477929699E-13    1.3890805866939873E-13   5.2920709472699346E-14   2.0135025135451393E-14   7.651487281080168E-15    2.904302430810328E-15    1.101214552104437E-15    4.1712391845630757E-16   1.5785110964361667E-16   5.96820367799849E-17     2.2546290835289644E-17   8.510640576738338E-18    3.210137600213669E-18    1.2099750678151963E-18   4.557601800608275E-19    1.715608328352329E-19    6.454093986545597E-20    2.426612278759167E-20    9.118537295148274E-21    3.424684499564608E-21    1.2855730239609805E-21   4.823510788978071E-22    1.8089601446829197E-22   6.781134308286114E-23    2.5409209155259426E-23   9.517059498232272E-24    3.5632328297010374E-24   1.3335888123567808E-24   4.989329506868729E-25    1.8659962333067995E-25   6.976429110887746E-26    2.607442103535542E-26    9.742270232219959E-27    3.6389355834023674E-27   1.3588193150068573E-27   5.072551101286218E-28    1.8930955967918133E-28   7.063238650007637E-29    2.634656971524077E-29    9.825091713809182E-30    3.663066435785474E-30    1.36537449904185E-30     5.088158235811426E-31    1.8957198037212098E-31   7.061470723650597E-32    2.629821669778889E-32    9.79197031765629E-33     3.645263711458331E-33    1.3567667456891873E-33   5.04894637931731E-34     1.8785162898260917E-34   6.987484462692813E-35    2.596708011379865E-35    9.573302544822472E-36    3.242823642730471E-36    0
% Data
% c (mol/m^3) @ t=200, u1=0.05, u2=0.03
1                         0.9920263987459037       0.9793573937139263       0.960742440413424        0.9349945468230985       0.9011403496323827       0.8585814570380369       0.80724207174606         0.7476739957159013       0.681092072805034        0.609322103635205        0.5346585589871627       0.4596480702047746       0.38683189192686396      0.3184910180831535       0.2564375862685928       0.20188513523307156      0.15541155279684707      0.11700814004554246      0.08619219206146708      0.0621526387788516       0.043899055306935456     0.030391430425052816     0.020637931092637687     0.013757281535318968     0.009009268644899772     0.0058006510013724494    0.003674772055709033     0.00229234318589879      0.0014091068271104104    8.54144545248008E-4      5.10901971613406E-4      3.0174834876073965E-4    1.7608491139524255E-4    1.0158377581475125E-4    5.796849802629924E-5     3.2737518054079285E-5    1.8304213755562688E-5    1.0129864441036467E-5    5.527198423911099E-6     2.8942929364869493E-6    1.4342045069084085E-6    7.048347326175373E-7     3.4367065416377154E-7    1.6631718071605112E-7    7.991382164350695E-8     3.813626634000957E-8     1.808084496314162E-8     8.518995412975498E-9     3.989923800027541E-9     1.8580523680860863E-9    8.605430911729794E-10    3.964668409293508E-10    1.817412109636029E-10    8.290864844403705E-11    3.764687166707571E-11    1.701840602601093E-11    7.660266929514353E-12    3.4337933772775202E-12   1.5331201457112431E-12   6.818881180206901E-13    3.0216550102070477E-13   1.3342228647766445E-13   5.871076415466055E-14    2.5749239597992452E-14   1.1256863325493377E-14   4.905952565726956E-15    2.1317031604132883E-15   9.235702794561215E-16    3.99018897553564E-16     1.7192376173943302E-16   7.388123963306708E-17    3.166821201673802E-17    1.3540595055644941E-17   5.775759140964981E-18    2.457923839084091E-18    1.043627223095803E-18    4.421487292127234E-19    1.8692378920772595E-19   7.886060191470336E-20    3.320320219796491E-20    1.39523796193741E-20     5.8517820879953776E-21   2.44975003214633E-21     1.0236948778053274E-21   4.270266452259219E-22    1.7782584788830446E-22   7.392806162499652E-23    3.068432800985102E-23    1.2715529859098028E-23   5.261140518009235E-24    2.173548687779905E-24    8.966412740954941E-25    3.6935431494123655E-25   1.5193460979537975E-25   6.241182774976106E-26    2.5599438992266497E-26   1.0473091332691043E-26   4.2329854981810876E-27   1.5478660050922195E-27   0
% Data
% c (mol/m^3) @ t=300, u1=0.05, u2=0.03
1                         0.9976390736473348       0.9938283453720813       0.9880724541808855       0.9798018644063935       0.9683918009938605       0.9531929031561268       0.9335736102535086       0.9089725623676449       0.8789572838700508       0.8432834312421882       0.8019473440085992       0.7552239940717848       0.7036830633797124       0.6481779670833242       0.5898060381271226       0.5298422998472111       0.4696534798799064       0.4106022467978565       0.35395329893395805      0.30079249785341006      0.25196782552037444      0.2080571462958192       0.16936345951277193      0.13593444840418528      0.10760035911743197      0.08402290924550404      0.06474798484053838      0.04925601519153445      0.03700565826536242      0.027468333624582786     0.020152851526532598     0.014620696827644102     0.010493361811888754     0.0074535144456254546    0.005241828519796413     0.003651097338312226     0.0025188916423021413    0.0017195394563162408    0.0011555252171325486    7.472200069491074E-4     4.625285433741395E-4     2.8401294506798767E-4    1.730706131873463E-4     1.0470337556624994E-4    6.290826645243721E-5     3.755029952448446E-5     2.2275045889272623E-5    1.3135799384733052E-5    7.702878158532355E-6     4.492904970188947E-6     2.6073041726487306E-6    1.5057500507891693E-6    8.655884897521971E-7     4.954076226191575E-7     2.823557283953115E-7     1.6028705705153836E-7    9.064605104776112E-8     5.1076865125741235E-8    2.8681162317072225E-8    1.6052210369515107E-8    8.955777838133666E-9     4.981538928709054E-9     2.7629539340115602E-9    1.5282301709797184E-9    8.430651711069825E-10    4.6391703295196766E-10   2.5466734843781347E-10   1.3947763412992767E-10   7.622133347324848E-11    4.156514895288348E-11    2.2620443181728035E-11   1.2286496990060282E-11   6.661080433891873E-12    3.6048204223019927E-12   1.947493738713444E-12    1.0503924394171992E-12   5.656377108129506E-13    3.041327526874977E-13    1.6328700901565174E-13   8.754432673576139E-14    4.687221708267728E-14    2.5063181855413595E-14   1.338477931925139E-14    7.139382334976514E-15    3.8036774347154965E-15   2.0242244574161405E-15   1.0760764249724427E-15   5.714441134250713E-16    3.031563050118955E-16    1.6067078967869756E-16   8.507447600251401E-17    4.500566756491008E-17    2.378765762334147E-17    1.2561833283594988E-17   6.627036963696364E-18    3.490065331793958E-18    1.827732455512731E-18    9.325113825181617E-19    4.1046723696927823E-19   0
% Data
% c (mol/m^3) @ t=400, u1=0.05, u2=0.03
1                         0.9992023013583741       0.9979047615271704       0.9959182785141071       0.9930104310750392       0.9889038384760445       0.9832773797806537       0.9757711146209778       0.9659956168240187       0.9535461656144792       0.9380218293689414       0.9190489387290763       0.8963078208812831       0.8695610249365917       0.8386807037469263       0.803672437457484        0.7646926912628746       0.7220573698216779       0.6762395894931703       0.6278557962103773       0.5776405990076596       0.5264119946354968       0.47502982367227187      0.42435112873314346      0.37518643835043064      0.328260818040457        0.284182852774452        0.24342367940218057      0.20630695685747666      0.17300944461342857      0.14357082879565655      0.11791070810812396      0.09585027598535269      0.0771361896221656       0.06146431940101944      0.04850139027577051      0.03790276411112194      0.02932445575986179      0.022426344052825932     0.0168602263540236       0.012228255612321274     0.00854296146200411      0.005913367328714343     0.004056929108277584     0.002759585894083442     0.0018617283576476502    0.0012460941544587688    8.277100160624553E-4     5.45787507452573E-4      3.573608273501266E-4     2.3240374133198455E-4    1.501557684172046E-4     9.640706039722898E-5     6.152394837526549E-5     3.903411609004859E-5     2.4626424288619115E-5    1.545266116062054E-5     9.645713249658588E-6     5.990666147399794E-6     3.7025647477687117E-6    2.277669534470958E-6     1.3947932019774821E-6    8.50408335221926E-7      5.163074594602585E-7     3.1218668062615637E-7    1.8802026877009785E-7    1.1280699931808175E-7    6.743150813242653E-8     4.016402678810736E-8     2.3840157135839455E-8    1.4103482149291237E-8    8.316390819637106E-9     4.888535588643287E-9     2.8648395441743333E-9    1.6739405743948033E-9    9.752971322820494E-10    5.666677023656851E-10    3.2836021539208983E-10   1.8977443928712335E-10   1.0940148945919023E-10   6.291280226767718E-11    3.609240571415496E-11    2.0657758862019978E-11   1.1796946430116467E-11   6.722060878470588E-12    3.822153231372068E-12    2.1687624606609266E-12   1.2281138220760552E-12   6.940833124178985E-13    3.915197721815697E-13    2.2043818374843636E-13   1.2388877196004003E-13   6.95037933438518E-14     3.892526424581506E-14    2.1761990711770112E-14   1.2143069531265931E-14   6.7558274568864856E-15   3.7292822422005245E-15   1.9950902658948915E-15   9.098095047936515E-16    0
% Data
% c (mol/m^3) @ t=500, u1=0.05, u2=0.03
1                         0.9997095547363076       0.999234884415595        0.9985022055225651       0.9974175971633923       0.9958641626335735       0.9936996100148725       0.9907545744851676       0.9868320473649138       0.9817082959736302       0.9751356440457113       0.9668474256254828       0.9565653195328347       0.9440091146701676       0.9289087529066657       0.911018257890367        0.8901309048042427       0.8660947449521951       0.8388274022517          0.8083289394958719       0.7746915800310415       0.7381051852258692       0.6988576351440354       0.657329626424022        0.6139838558441478       0.5693490524076475       0.5239997966915831       0.47853346356935456      0.43354589086629863      0.38960747566210097      0.3472413162432375       0.30690475571619724      0.26897525975869435      0.23374098698486326      0.20139565855739294      0.17203627870643712      0.14566056450012554      0.12215784778973371      0.10128108832993743      0.0825751327110817       0.06521068904746061      0.04990404338556296      0.037826145866094625     0.028405781418736353     0.021139594266714964     0.015594684901675256     0.011406673365598512     0.00827472712216268      0.005954807969495605     0.00425212068960235      0.003013482150443666     0.0021200956734345184    0.001481022822739696     0.0010274962367791485    7.081100675366956E-4     4.8485325042667575E-4    3.299081253447646E-4     2.2311575420252497E-4    1.5000323712638898E-4    1.0027211658948697E-4    6.665646615466705E-5     4.4071498347813827E-5    2.898646139865494E-5     1.8967954254003506E-5    1.2350867086444698E-5    8.00364089548412E-6      5.162384093482922E-6     3.3146899488237715E-6    2.1189499067389144E-6    1.3487672787474865E-6    8.549553163704059E-7     5.397462036174958E-7     3.3940915452556324E-7    2.1261388150355867E-7    1.3269010041923083E-7    8.25101674123111E-8      5.112580629381339E-8     3.157017025488638E-8     1.942927778926375E-8     1.1918373309575199E-8    7.287763211827063E-9     4.442460744896245E-9     2.699845962200869E-9     1.6359621770125402E-9    9.88457902884177E-10     5.955585564941604E-10    3.57850687422544E-10     2.1444656967616119E-10   1.2817521283636125E-10   7.641587893871822E-11    4.544475672506653E-11    2.696058731506597E-11    1.5956688424098986E-11   9.421916749038455E-12    5.550170138589572E-12    3.260748785324336E-12    1.9079611012343236E-12   1.105204385601704E-12    6.17189856340893E-13     2.904525298495573E-13    0
% Data
% c (mol/m^3) @ t=600, u1=0.05, u2=0.03
1                         0.9998940482909241       0.9997202195218458       0.9994500973943443       0.9990465558681132       0.9984619726153925       0.997636338861356        0.9964953492535398       0.9949485866980644       0.9928879494470269       0.9901864982172268       0.9866979259893714       0.9822568678842836       0.9766802682468816       0.9697700020099222       0.9613169035766552       0.9511062864923361       0.9389249411894498       0.9245694794643412       0.9078557602069299       0.8886289922084072       0.8667739808216269       0.8422248820544499       0.8149737666167768       0.7850772914352632       0.7526608361419447       0.7179195886345462       0.681116249514316        0.6425752525886314       0.6026736400911746       0.5618289487593845       0.5204846055298128       0.47909332770924695      0.4380987596225123       0.39791485897711854      0.3589010011735503       0.3213276813182553       0.2853216668437926       0.2507677940955727       0.21712216158279277      0.1830485260067429       0.15047217025105059      0.12261551909364736      0.09906733449670488      0.07937952621963186      0.0630923874889588       0.04975458669574157      0.038938006379642946     0.03024785695740436      0.02332870331856146      0.017867144402210804     0.013591901838126936     0.010272027862234185     0.00771385763086112      0.005757225957662215     0.00427135828287179      0.0031507408748625       0.002311182421171875     0.0016862016045342374    0.0012238138496401894    8.837443684958446E-4     6.350621220682473E-4     4.542080692939425E-4     3.233787067055117E-4     2.2922017536331342E-4    1.6178717695774066E-4    1.1372299664156353E-4    7.962082825754453E-5     5.553141377382706E-5     3.8587095051336344E-5    2.671730773248742E-5     1.843507028641788E-5     1.2678007058746987E-5    8.69084974862264E-6      5.939200056482238E-6     4.046653229402713E-6     2.7492403749601025E-6    1.8626147125260138E-6    1.2585498399685419E-6    8.48197478356219E-7      5.702213145060704E-7     3.824276237749885E-7     2.5588954654027154E-7    1.7084025441897885E-7    1.1381458651957475E-7    7.566763827170432E-8     5.0206540790526664E-8    3.324914439290811E-8     2.197868682244346E-8     1.4502868078652934E-8    9.553557312380522E-9     6.282906405140805E-9     4.1253231232218294E-9    2.7042815981396503E-9    1.7695474698612748E-9    1.1549394514454927E-9    7.498453514930743E-10    4.797670435673231E-10    2.9243043703021665E-10   1.4654518922998925E-10   0
% Data
% c (mol/m^3) @ t=700, u1=0.05, u2=0.03
1                         0.9999604592528624       0.9998953965694529       0.9997937792155827       0.99964092535002         0.9994176037412583       0.9990990022771985       0.9986535746997052       0.9980417867300577       0.9972147971976069       0.9961131266483717       0.9946653845327557       0.9927871453590517       0.9903800825903617       0.9873314845388909       0.9835142866772268       0.9787877570257882       0.9729989629992657       0.9659851270642735       0.9575769432728521       0.9476028768270534       0.9358944054317779       0.9222920871806298       0.9066522597493433       0.8888540959349518       0.8688066681858156       0.8464556166774291       0.8217889768881715       0.7948417045613076       0.7656984317689542       0.734493977604515        0.7014110781142128       0.6666746099112391       0.6305411068416534       0.5932813262745302       0.5551514919999655       0.5163446731456026       0.4769058152413017       0.43657906187540035      0.39452848946043445      0.34882300174913794      0.30220179232913164      0.2597092016838575       0.22143057559029558      0.18733231172666026      0.15728242032859568      0.13107190808210298      0.10843564199491972      0.08907166184403437      0.07265822954557058      0.05886820288122404      0.04738057981424985      0.037889267139777895     0.03010927989412047      0.02378067803489503      0.01867060060146409      0.014573773326901513     0.011311852759146467     0.00873193733551523      0.006704531500800678     0.005121199405073472     0.0038920949457504636    0.0029435084096616736    0.0022155288810057736    0.0016598869855990713    0.0012380146963034743    9.193375122309016E-4     6.797986706065437E-4     5.006042948948315E-4     3.6717160935102045E-4    2.682586745271149E-4     1.952527241767942E-4     1.4159443157819965E-4    1.0231674808109893E-4    7.367890558024489E-5     5.287843374089673E-5     3.782638136193849E-5     2.6973194213684943E-5    1.917479307671717E-5     1.3590263774349206E-5    9.604195562237316E-6     6.768086537899616E-6     4.756389474704987E-6     3.333720987037287E-6     2.3305269200952863E-6    1.6251136151569572E-6    1.1304432719074304E-6    7.844747763080833E-7     5.431290751750944E-7     3.7518754762405873E-7    2.586071455997962E-7     1.7786909196649575E-7    1.2207812040097666E-7    8.360415807409146E-8     5.7113875063201986E-8    3.888011403876072E-8     2.6286041230952848E-8    1.7459779581420995E-8    1.098451269481585E-8     5.6262724585779335E-9    0
% Data
% c (mol/m^3) @ t=800, u1=0.05, u2=0.03
1                         0.9999846348652968       0.9999593023160979       0.999919602267756        0.999859608841827        0.9997714536685938       0.999644828382292        0.9994664006445024       0.9992191410569075       0.9988815626758945       0.9984268806732384       0.9978221070784956       0.9970271044553101       0.995993632617206        0.9946644336983779       0.9929724124588925       0.9908399797807614       0.9881786368285735       0.9848888840355214       0.9808605415336851       0.9759735644512936       0.9700994263289381       0.9631031256874826       0.9548458438071233       0.9451882457608222       0.9339943717047959       0.9211360112866125       0.906497389695721        0.8899799154377156       0.871506637284038        0.8510259087812687       0.8285135180853295       0.8039721218193141       0.7774260620416422       0.7489082491071694       0.7184332268048886       0.6859458489541105       0.6512265084502371       0.6137186232325836       0.5722169645110627       0.5243075266184866       0.4727108944691139       0.4231088223969071       0.37599239750893065      0.3317462034478016       0.2906478985897437       0.252872396239068        0.21849975894157972      0.18752583635325082      0.15987467468222255      0.1354117907660242       0.11395751767069827      0.09529977303516275      0.07920575922362359      0.06543226124282674      0.05373435317906009      0.04387244899074064      0.03561773459069037      0.028756093903653003     0.023090692912264135     0.018443415151648896     0.014655353204517677     0.011586557440228414     0.009115229480421653     0.007136527287818477     0.005561124475544649     0.004313640924495658     0.003331036954250888     0.002561040414777937     0.0019606559416699794    0.0014947886251263753    0.0011350005463454536    8.584078760325261E-4     6.467182073990007E-4     4.854021321645814E-4     3.629893573292071E-4     2.704775061683172E-4     2.0084078446704594E-4    1.4862560343295006E-4    1.0962076626395909E-4    8.059072972380864E-5     5.906157706609588E-5     4.3150558526685295E-5    3.143128062687771E-5     2.282779524597048E-5     1.6531916370554723E-5    1.1939056523873266E-5    8.59871863772052E-6      6.176503762916591E-6     4.425107343459428E-6     3.162286874709233E-6     2.2542031896966583E-6    1.6028781291527009E-6    1.1367839167510431E-6    8.037934749641092E-7     5.658827490401346E-7     3.9508802377476325E-7    2.7027784412289963E-7    1.7428139235001057E-7    9.077795131729173E-8     0
% Data
% c (mol/m^3) @ t=900, u1=0.05, u2=0.03
1                         0.9999938993483144       0.9999838264798262       0.9999680008922325       0.999944003803297        0.9999085918369047       0.9998574686602515       0.9997850087491347       0.9996839277931633       0.9995448950539303       0.9993560843779372       0.9991026626629504       0.9987662174900639       0.9983241294458984       0.9977488994072968       0.9970074467167088       0.9960604006252973       0.9948614143993559       0.9933565387225468       0.9914836979871348       0.9891723191027064       0.9863431667492928       0.9829084405763189       0.9787721875029          0.9738310745134895       0.9679755521645892       0.9610914134779498       0.9530617122364072       0.9437689407099323       0.9330972648476511       0.9209344484387636       0.9071728187312402       0.8917081485019198       0.8744345006980381       0.8552316321567454       0.8339390120552195       0.8103060631797604       0.7839004763722279       0.7539429806482855       0.7190136935517024       0.6765352302233859       0.6286231939911542       0.5804322072980557       0.532552337977538        0.48553329988882804      0.4398704244356326       0.395994066155715        0.3542625918696326       0.31495888361918817      0.278290099064416        0.24439028817422037      0.21332536621984183      0.18509989017178644      0.15966507489609913      0.13692751067248884      0.11675809652218705      0.09900077601420526      0.08348074520968127      0.07001188867030357      0.058403282766834604     0.04846468117050958      0.04001096224775581      0.032865570415155705     0.02686302290199304      0.021850580352740057     0.017689195528702278     0.014253860723985195     0.01143347328953639      0.009130331770983246     0.007259364398971834     0.00574717859633706      0.004531006089292309     0.00355760415077699      0.0027821602093651217    0.002167235024998175     0.0016817691505966194    0.0013001685840541603    0.0010014783575218473    7.686472090268672E-4     5.878822764041998E-4     4.4808975540149617E-4    3.403954726109161E-4     2.5773814438899856E-4    1.945275448530219E-4     1.463597299618229E-4     1.0978172479474047E-4    8.209856563815536E-5     6.121620833830172E-5     4.5514501011656165E-5    3.374512163156967E-5     2.4950062643235946E-5    1.8396880066355425E-5    1.3527495480419598E-5    9.91783115594605E-6      7.245954556959338E-6     5.266681073545389E-6     3.790680696089611E-6     2.6659516346761966E-6    1.7588572722935319E-6    9.303742242569359E-7     0
% Data
% c (mol/m^3) @ t=1000, u1=0.05, u2=0.03
1                         0.9999975294763542       0.9999934457396005       0.9999870172016201       0.9999772434563335       0.9999627730406018       0.9999418007893958       0.9999119411174364       0.9998700733160949       0.9998121548353466       0.9997329985809035       0.9996260105595449       0.999482884820491        0.9992932536395626       0.9990442923455665       0.998720280154799        0.998302120900485        0.997766830628303        0.9970870026387367       0.9962302645865221       0.9951587464984941       0.9938285827153882       0.9921894742868292       0.9901843404627096       0.9877490874099131       0.9848125172238992       0.9812963876073917       0.9771156071406412       0.9721785042499872       0.9663870250698787       0.9596365710586496       0.9518149377952647       0.9427993866196115       0.9324501414785639       0.9205973335297548       0.9070162395669619       0.8913819398740955       0.8731881820845036       0.8516044761446482       0.8252272462586007       0.7916502081505784       0.7522376273703035       0.7110243863830383       0.6684680884205678       0.6250444874835662       0.5812329746907607       0.5375027254999574       0.4943000832480481       0.45203764382390277      0.41108537764615133      0.37176398902282337      0.3343405793805611       0.29902655836508796      0.2659776421274282       0.23529569572316533      0.20703211871900437      0.18119243998504608      0.15774177763895886      0.13661083022630482      0.11770209159740722      0.10089602025841478      0.08605693987767044      0.07303849705671278      0.06168855190225163      0.051853423520145527     0.04338145420228253      0.03612589143978581      0.02994711529448645      0.024714259993017896     0.020306293225113608     0.01661262520681488      0.01353332299286487      0.01097900477218054      0.008870484949274456     0.007138234641525585     0.005721714645602697     0.0045686296570599675    0.0036341441373723793    0.002880092146958591     0.00227420600770912      0.0017893820186070035    0.0014029957239601138    0.0010962744521324202    8.537309745574997E-4     6.626591127333022E-4     5.126898531458746E-4     3.954049124580999E-4     3.0400362001039503E-4    2.3301834646041394E-4    1.7807340715745884E-4    1.3568231472077522E-4    1.030783606994026E-4     7.80736841320474E-5      5.894213611449929E-5     4.432124069739305E-5     3.312817526916438E-5     2.4483590012066065E-5    1.763461040028873E-5     1.1863331315094925E-5    6.357317452624825E-6     0
% Data
% c (mol/m^3) @ t=1100, u1=0.05, u2=0.03
1                         0.9999989828060437       0.9999972998673172       0.9999946464567965       0.9999906037071904       0.9999846024466893       0.999975877456092        0.9999634101577537       0.9999458574931661       0.9999214645087209       0.9998879579680978       0.9998424181695227       0.9997811260968664       0.9996993831099784       0.9995913006201912       0.9994495576416468       0.9992651247959917       0.9990269543075728       0.9987216367727443       0.9983330270049173       0.9978418429807823       0.9972252436937621       0.9964563932725151       0.9955040195353743       0.9943319743444644       0.9928987991949002       0.9911572898820755       0.9890540345317832       0.9865288624731827       0.9835140750575683       0.9799332127143481       0.9756989100187425       0.9707090428039409       0.9648397781934197       0.9579331316889157       0.949774933730808        0.9400562420771222       0.9283064254333742       0.9137780940420047       0.895250625152787        0.8706966978168081       0.8408612778454116       0.8085978902250144       0.7741584013684895       0.7378393633658847       0.6999736288044226       0.6609209040868412       0.6210576731094049       0.580766934003869        0.5404281770531519       0.5004079944379741       0.46105165616731436      0.42267591639112495      0.38556323581026697      0.3499575246510009       0.31606143184073904      0.2840351340576402       0.2539965167020198       0.22602258991513743      0.2001519477773472       0.17638805791249743      0.15470316114484362      0.13504256510475512      0.11732912975559981      0.10146776442302932      0.08734978267274887      0.07485699101887378      0.06386541789531967      0.0542486188523984       0.045880521189179554     0.03863779522793461      0.03240175958281661      0.027059843809213495     0.022506643763628258     0.018644613098407124     0.015384438961855042     0.012645151672691791     0.010354017436543392     0.008446260623960299     0.006864658258442259     0.005559044641228228     0.004485758872756487     0.003607062750948203     0.0028905513920155523    0.0023085741183558463    0.001837678814914568     0.0014580891398203945    0.0011532207102630339    9.092396545169679E-4     7.146646752477897E-4     5.600119226883216E-4     4.374804009705712E-4     3.406741338790171E-4     2.643555933747815E-4     2.0422244128027385E-4    1.5669558276476672E-4    1.1869934603497923E-4    8.740154394615893E-5     5.985731238037739E-5     3.245709236165431E-5     0
% Data
% c (mol/m^3) @ t=1200, u1=0.05, u2=0.03
1                         0.9999996332536862       0.9999990256692702       0.9999980655326318       0.9999965981523441       0.9999944115989557       0.9999912183600301       0.9999866319318758       0.9999801371905644       0.9999710531909249       0.999958486836916        0.9999412756566752       0.9999179177098356       0.9998864864656717       0.9998445283334889       0.9997889404192374       0.9997158260436454       0.9996203256047722       0.9994964205128402       0.9993367081631322       0.9991321462086017       0.9988717646563708       0.9985423443508612       0.9981280598592225       0.9976100829892026       0.9969661390014376       0.9961699990572679       0.9951908762155195       0.993992662688805        0.9925328935609459       0.9907612307875663       0.9886171043935219       0.9860258809479712       0.9828924788919265       0.9790905938951957       0.9744444330466967       0.9686977509232335       0.9614614844731822       0.9521254950227165       0.939710364465571        0.9226194342802199       0.9011828997035816       0.8772889943847911       0.8510180765766029       0.8224974846902239       0.7918990892005133       0.7594353578510887       0.7253541077255126       0.6899321761826954       0.6534682866178378       0.6162754123895171       0.5786729521830151       0.540979022936115        0.5035031537436727       0.46653962832225376      0.43036167777260703      0.3952166730282489       0.3613224111190501       0.3288645346303971       0.29799507252255736      0.26883204524689563      0.24146003964429466      0.21593163052170902      0.1922695064787722       0.17046914728917392      0.1505018982147359       0.13231829194442207      0.11585148005586514      0.10102065152031084      0.08773433433131479      0.0758934964367988       0.06539438255366488      0.056131043108423054     0.047997529668793754     0.040889747235211535     0.03470696729376939      0.029353016436955367     0.02473716364522661      0.02077473513175959      0.017387489220698674     0.014503785353616195     0.012058581329002449     0.009993291610996135     0.008255537317845759     0.006798815610021407     0.005582112894121112     0.004569482744311684     0.0037296058639117655    0.00303534584543434      0.002463310934982663     0.0019934283507611387    0.001608533661389257     0.0012939727419835605    0.0010372068820110056    8.274009192036944E-4     6.549566496953421E-4     5.109236577166349E-4     3.861673910598983E-4     2.700827930335449E-4     1.4848149037726901E-4    0
% Data
% c (mol/m^3) @ t=0, u1=0.05, u2=0.05
1                         -5.672732969867516E-8    3.4412341060481285E-15   4.7990695035818494E-20   8.009901849351902E-26    1.0236269825679852E-31   1.168969727346712E-37    1.2541942007527824E-43   1.293196159212299E-49    1.2971711273412472E-55   1.2750964098618723E-61   1.2341312993497508E-67   1.1799489050910781E-73   1.1170108771030432E-79   1.0487944867291734E-85   9.779799986133492E-92    9.066049837964123E-98    8.361911425134079E-104   7.67848296152306E-110    7.023594438389168E-116   6.40250137444345E-122    5.818448902477139E-128   5.273128827616451E-134   4.767048505888321E-140   4.2998272207376E-146     3.870433081180161E-152   3.477371246175605E-158   3.1188324258910113E-164  2.7928090631715186E-170  2.49718530826417E-176    2.229805825309999E-182   1.9885275750154963E-188  1.7712579750218108E-194  1.5759822230704654E-200  1.4007820571408742E-206  1.243847804117949E-212   1.1034852193859584E-218  9.781183318900122E-225   8.662892723098966E-231   7.666558674875275E-237   6.779876249008614E-243   5.991606007938744E-249   5.291515395149229E-255   4.670315854954326E-261   4.119597996329208E-267   3.631766557023199E-273   3.199976474126382E-279   2.818071008269224E-285   2.4805225841981502E-291  2.182376786753184E-297   1.9191997769271598E-303  1.687029258328523E-309   1.482331887E-315         1.566E-321               0                        0                        0                        0                        0                        0                        0                        0                        0                        0                        0                        0                        0                        0                        0                        0                        0                        0                        0                        0                        0                        0                        0                        0                        0                        0                        0                        0                        0                        0                        0                        0                        0                        0                        0                        0                        0                        0                        0                        0                        0                        0                        0                        0                        0                        0                        0
% Data
% c (mol/m^3) @ t=100, u1=0.05, u2=0.05
1                         0.9656881255471029       0.9132847261683885       0.8415363061625022       0.7517145725442032       0.647912551767426        0.5366497837769435       0.42576129171666655      0.32283607075690895      0.23371191782487985      0.16154938332257385      0.10674402926030406      0.06755197460372796      0.041046893762842665     0.024016634248053458     0.013571978958974279     0.0074299965680599605    0.003952083766652755     0.002048181267133855     0.001036924566518286     5.140507894175522E-4     2.5009126621002004E-4    1.196437354973272E-4     5.6384721281380754E-5    2.6218934278347458E-5    1.2047020511560295E-5    5.476675174106355E-6     2.466195373509404E-6     1.1011742453738488E-6    4.879749026042672E-7     2.1478382843374126E-7    9.396752723536141E-8     4.088835715579401E-8     1.770552109092681E-8     7.633402313796698E-9     3.27805410708776E-9      1.4027124360376214E-9    5.983045863174632E-10    2.5445247705598497E-10   1.079285234779818E-10    4.566804380851251E-11    1.9280804210538558E-11   8.123708769339515E-12    3.4164190701659807E-12   1.434296587392883E-12    6.01193883778088E-13     2.5162207535588646E-13   1.0516886748601772E-13   4.3900661296079505E-14   1.8303640672022416E-14   7.622897542772367E-15    3.1713880579765028E-15   1.3181145758858374E-15   5.473394344002878E-16    2.270822942489376E-16    9.413561989202913E-17    3.8993154548145125E-17   1.6140031110244757E-17   6.67603378079256E-18     2.7596000321531654E-18   1.1399908881142199E-18   4.706492641300811E-19    1.9419872226624346E-19   8.008657206330465E-20    3.3010188182511016E-20   1.3599444197752188E-20   5.6000054386140136E-21   2.304934289768538E-21    9.482865750442027E-22    3.8997723693259997E-22   1.6031151172818988E-22   6.587531901102052E-23    2.705949642286576E-23    1.1111218138368282E-23   4.560939573491577E-24    1.871556883450805E-24    7.6773778263621585E-25   3.1483920053407857E-25   1.2907296262495996E-25   5.290012544811859E-26    2.1674905353159753E-26   8.878523297541811E-27    3.6358925152698585E-27   1.488578260808033E-27    6.092928071538631E-28    2.493316555825874E-28    1.020067432742573E-28    4.172375617820984E-29    1.706254476964811E-29    6.976101782048019E-30    2.8516289013708872E-30   1.165431864245192E-30    4.762081579681093E-31    1.9454725296235162E-31   7.946459662250452E-32    3.245206851331023E-32    1.3249779499946627E-32   5.405190501313466E-33    2.1888436391716674E-33   8.170301153913262E-34    0
% Data
% c (mol/m^3) @ t=200, u1=0.05, u2=0.05
1                         0.9920263987459037       0.9793573937139263       0.960742440413424        0.9349945468230987       0.9011403496323828       0.858581457038037        0.8072420717460598       0.747673995715901        0.6810920728050339       0.609322103635205        0.5346585589871626       0.4596480702047746       0.38683189192686385      0.31849101808315355      0.25643758626859275      0.2018851352330715       0.15541155279684699      0.11700814004554244      0.08619219206146705      0.06215263877885155      0.04389905530693544      0.03039143042505282      0.020637931092637767     0.013757281535319259     0.009009268644900849     0.005800651001376325     0.0036747720557229247    0.002292343185948353     0.0014091068272864035    8.541445458698804E-4     5.10901973799617E-4      3.017483564056856E-4     1.760849379810999E-4     1.0158386773638235E-4    5.7968813938514784E-5    3.273859695411742E-5     1.830787424957918E-5     1.0142198676017109E-5    5.568461471690151E-6     3.0312994498195765E-6    1.636756948851937E-6     8.769254695519316E-7     4.6635483008385265E-7    2.4625726734250187E-7    1.2915634001404935E-7    6.730140922787865E-8     3.4852570870291185E-8    1.7941612068819817E-8    9.18356986889548E-9      4.675053435816743E-9     2.3674597861791317E-9    1.1928627168217908E-9    5.981307439547686E-10    2.985252236258621E-10    1.4832773432591843E-10   7.338263490862375E-11    3.6154577062043695E-11   1.774182274782635E-11    8.672828814970331E-12    4.223868814892959E-12    2.049763640535523E-12    9.912763268659004E-13    4.777872568415148E-13    2.2954727185443565E-13   1.0993957091700389E-13   5.249581708874981E-14    2.4993468178028422E-14   1.1865881304377396E-14   5.618026805808443E-15    2.6528636049369436E-15   1.2494782658711131E-15   5.870282463424704E-16    2.751301569224029E-16    1.2864630824332041E-16   6.001587366006806E-17    2.793657255145951E-17    1.2976143799144406E-17   6.014644485355458E-18    2.782218687007781E-18    1.2844398262286827E-18   5.918351130907398E-19    2.7219147983149753E-19   1.2495587370602608E-19   5.726218004428369E-20    2.6195582836731147E-20   1.1963449835363987E-20   5.4547075695017975E-21   2.4830817010310904E-21   1.1285796861297041E-21   5.12167136457559E-22     2.3208412890105314E-22   1.0501440196381521E-22   4.745006517976176E-23    2.1410316347110606E-23   9.647530612429802E-24    4.340914029051255E-24    1.948500525150965E-24    8.648135158770473E-25    3.485668984950183E-25    0
% Data
% c (mol/m^3) @ t=300, u1=0.05, u2=0.05
1                         0.9976390736473348       0.9938283453720813       0.9880724541808856       0.9798018644063939       0.9683918009938607       0.9531929031561266       0.9335736102535083       0.9089725623676449       0.8789572838700507       0.843283431242188        0.801947344008599        0.7552239940717846       0.7036830633797121       0.648177967083324        0.5898060381271227       0.5298422998472117       0.46965347987990785      0.410602246797861        0.35395329893397154      0.30079249785344947      0.25196782552049035      0.20805714629615873      0.1693634595137632       0.13593444840706878      0.1076003591257901       0.0840229092696417       0.06474798490997899      0.049256015390503234     0.03700565883307375      0.027468335237288213     0.02015285608665469      0.01462070965969889      0.010493397738289436     0.007453614497058076     0.005242105605422139     0.003651860241081662     0.00252097933494025      0.0017252159192430447    0.0011708561469052927    7.88334779490692E-4      5.267688851330614E-4     3.494467418425684E-4     2.302164896650917E-4     1.5066884564996532E-4    9.798806440225844E-5     6.334477731647977E-5     4.0715136178091975E-5    2.6026897381436322E-5    1.6550799095004962E-5    1.047246833783153E-5     6.594944743634245E-6     4.134271644543846E-6     2.5804874962483196E-6    1.6039994141431736E-6    9.93086255606761E-7      6.125290680232362E-7     3.764404277726951E-7     2.305498719327615E-7     1.4073379588759234E-7    8.563658928250337E-8     5.19525921163453E-8      3.142667903735259E-8     1.8957754104435547E-8    1.140574016775029E-8     6.844737606554933E-9     4.097632841487165E-9     2.4473500446559838E-9    1.4584371268842274E-9    8.672566366587008E-10    5.146519893315115E-10    3.0480477220204844E-10   1.8017984217560612E-10   1.0631623510942079E-10   6.262287247389241E-11    3.6824425634570286E-11   2.1619058687735097E-11   1.267249889382575E-11    7.417167002045005E-12    4.334995132547131E-12    2.5300974959873586E-12   1.4747087150239435E-12   8.584536221308328E-13    4.991020186374451E-13    2.8982984554186425E-13   1.6811122270936945E-13   9.740199415788473E-14    5.637330210846839E-14    3.2593409731554295E-14   1.8825751685241872E-14   1.0863153286375756E-14   6.2626005511822835E-15   3.6071322305716854E-15   2.0758184184052003E-15   1.193548503471725E-15    6.856095891434903E-16    3.932262577556411E-16    2.2442846651994525E-16   1.250834843359971E-16    6.053469058400456E-17    0
% Data
% c (mol/m^3) @ t=400, u1=0.05, u2=0.05
1                         0.9992023013583737       0.99790476152717         0.9959182785141069       0.9930104310750392       0.9889038384760447       0.9832773797806538       0.9757711146209777       0.9659956168240187       0.9535461656144791       0.9380218293689414       0.9190489387290768       0.8963078208812848       0.8695610249365963       0.8386807037469399       0.8036724374575213       0.7646926912629762       0.7220573698219543       0.6762395894939195       0.6278557962124018       0.5776405990131087       0.5264119946501036       0.475029823711258        0.42435112883673504      0.3751864386244166       0.3282608187616573       0.28418285466346677      0.24342368432476025      0.20630696961749595      0.17300947750853926      0.14357091311943854      0.11791092300084033      0.09585082030910316      0.07713755976161396      0.0614677458866802       0.04850990187832949      0.03792376078521065      0.029375879286081413     0.022551352062311222     0.017161782450728708     0.01294992735387816      0.009691585068014522     0.007195350187663359     0.005300842877480783     0.003875954652446714     0.0028135611733623345    0.0020280519709476343    0.0014519300266217846    0.0010326486078399743    7.297825777891791E-4     5.125775135836149E-4     3.57881345934911E-4      2.484377318911305E-4     1.7150538431078864E-4    1.1776049167931708E-4    8.043781896738446E-5     5.466813318781934E-5     3.697373040016057E-5     2.4888948211838488E-5    1.6677874484714815E-5    1.1126534137823315E-5    7.391386636693654E-6     4.889879889282453E-6     3.2220621819710373E-6    2.1148916907530767E-6    1.382973237156264E-6     9.010767521536607E-7     5.850340658977917E-7     3.785463149096196E-7     2.4412976612461125E-7    1.5693865373989766E-7    1.005746588537403E-7     6.425946001051993E-8     4.093684017061521E-8     2.6005052448465647E-8    1.6474162911217846E-8    1.0408445731628195E-8    6.55901657261598E-9      4.122817240113536E-9     2.5851334086495646E-9    1.617093917980144E-9     1.0092058015810095E-9    6.284116300280077E-10    3.9044102783841094E-10   2.420690496591515E-10    1.4976853524274086E-10   9.247480840578025E-11    5.6986376400727483E-11   3.5049819709594165E-11   2.151737573217672E-11    1.3185677597538652E-11   8.065759832811765E-12    4.9253449945304715E-12   3.002563600047915E-12    1.8273195706063656E-12   1.1100542000352845E-12   6.725431376697716E-13    4.0466142096169347E-13   2.3661230196038216E-13   1.1872867774622078E-13   0
% Data
% c (mol/m^3) @ t=500, u1=0.05, u2=0.05
1                         0.9997095547363076       0.9992348844155949       0.9985022055225649       0.9974175971633923       0.9958641626335732       0.9936996100148732       0.9907545744851685       0.9868320473649156       0.9817082959736348       0.9751356440457237       0.9668474256255163       0.9565653195329221       0.9440091146703935       0.9289087529072466       0.9110182578918541       0.8901309048080301       0.8660947449617954       0.8388274022759249       0.8083289395567131       0.774691580183111        0.7381051856040787       0.6988576360798939       0.657329628727667        0.6139838614842299       0.5693490661403345       0.5239998299391516       0.4785335435952987       0.43354608233552144      0.389607930957757        0.34724239206917606      0.30690728135170825      0.2689811496106061       0.23375462863195828      0.2014270333353702       0.17210792072008488      0.14582295081766516      0.12252314514080526      0.10209650563991726      0.08438093758095608      0.0691774960176584       0.05626312261571343      0.045402229316568316     0.036356690635273026     0.028894004430052772     0.022793554937873946     0.017851051464542324     0.013881317155536135     0.010719665521098489     0.008222132141631224     0.006264831606626667     0.004742692408283712     0.0035677921948941375    0.0026674786114249003    0.001982421826565447     0.0014647073568183693    0.0010760442870576465    7.861357193905801E-4     5.712356838068134E-4     4.1289963962790467E-4    2.9692352745996827E-4    2.1245833499548502E-4    1.5128248735039594E-4    1.0721226170877003E-4    7.563014019135313E-5     5.3111951756198416E-5    3.713533376993298E-5     2.5854103569836874E-5    1.792530964728193E-5     1.2377856124206952E-5    8.51355522311848E-6      5.833202973779479E-6     3.98177167815538E-6      2.708070719699845E-6     1.8352618486935837E-6    1.239450673544556E-6     8.342404507392417E-7     5.596551286579763E-7     3.7424183051690923E-7    2.494715562116269E-7     1.6579057343843952E-7    1.0985021989899716E-7    7.25730799489566E-8      4.78094759042374E-8      3.1408382642993115E-8    2.0577792980565455E-8    1.344625219231719E-8     8.763543061232632E-9     5.697183143457667E-9     3.6946031842575736E-9    2.3901599350246903E-9    1.542627580483211E-9     9.933262166587535E-10    6.381692835518296E-10    4.0906172880002225E-10   2.615509679031039E-10    1.6662629417145114E-10   1.0520982248172803E-10   6.42421066572146E-11     3.328915387427627E-11    0
% Data
% c (mol/m^3) @ t=600, u1=0.05, u2=0.05
1                         0.9998911154368024       0.9997125466877291       0.9994352498886596       0.9990213721873944       0.998422490123743        0.9975777636080994       0.9964120920654445       0.9948343888517415       0.9927361197206671       0.9899902780654313       0.9864509903329567       0.981953955348559        0.9763179170589783       0.9693473474446923       0.9608364719866156       0.9505747025547161       0.93835345258088         0.9239742003199307       0.9072575444308945       0.8880528716478762       0.8662481411743346       0.8417791984295784       0.814637975781316        0.7848789319855071       0.7526231334698877       0.7180594919282579       0.6814428395977213       0.6430887344251975       0.6033651238826753       0.5626812355682808       0.5214742801661125       0.4801947245173982       0.4392910008863457       0.39919455174877544      0.36030606522890163      0.32298364132409785      0.28753345776921463      0.2542032967934071       0.22317907267468004      0.19458428697670266      0.16848215257999585      0.14487998294230509      0.12373534723399379      0.10496344679708791      0.08844517014262189      0.07403532477286806      0.061570614371087413     0.05087701831517897      0.04177632646039684      0.03409167656873795      0.027652027574566237     0.022295574311574192     0.0178721658661773       0.014244829789203191     0.011290528928964913     0.008900288625213639     0.00697883199647936      0.005443852837388712     0.0042250418959080315    0.0032629654003945505    0.0025078766124528046    0.001918523392425187     0.0014609983292133064    0.0011076635537670607    8.361702432554301E-4     6.285830927687704E-4     4.706125643868993E-4     3.5095228503369204E-4    2.6071525857085403E-4    1.9296026763448477E-4    1.4229865941589045E-4    1.0457135746388316E-4    7.658617742480207E-5     5.5906149398936734E-5    4.068040581701792E-5     2.9510162067901454E-5    2.1343311218808725E-5    1.5392115104098664E-5    1.1069364589088771E-5    7.939181277530677E-6     5.679332747847207E-6     4.05253338200036E-6      2.884708247493296E-6     2.0486167713908207E-6    1.4515761396688985E-6    1.0263019271668468E-6    7.241055487553741E-7     5.09864075027871E-7      3.583161077190308E-7     2.51344980838888E-7      1.759936583469443E-7     1.2301941175431239E-7    8.584479491368779E-8     5.979779843293581E-8     4.1560626988055136E-8    2.8764313166389848E-8    1.9674151476044358E-8    1.2902601614109445E-8    7.0438774037663674E-9    0
% Data
% c (mol/m^3) @ t=700, u1=0.05, u2=0.05
1                         0.9999593400235055       0.9998924594173922       0.9997880660673373       0.9996311636737776       0.9994021527270892       0.9990758058696065       0.9986201287154297       0.997995128774127        0.9971515291602437       0.996029479928687        0.994557337478215        0.9926506004406087       0.9902111073337355       0.9871266151182044       0.983270886456954        0.9785044145630627       0.9726759057152006       0.9656246188500915       0.9571836278217348       0.9471840247057345       0.9354600230468192       0.9218548509147751       0.9062272494290998       0.8884583189398185       0.8684583893509984       0.8461735406858337       0.821591372121246        0.7947456182772613       0.7657192442112415       0.734645716012099        0.7017082393225713       0.6671368772539223       0.6312035926793242       0.5942153963677821       0.5565059095734429       0.5184257558473532       0.4803322723102691       0.44257906887931525      0.4055059623043215       0.36942977172908753      0.3346363889663132       0.301374437827336        0.26985072259837045      0.24022754665214663      0.21262186822704734      0.18710616006365632      0.16371075911688557      0.14242743566556998      0.12321387897094888      0.10599878806293128      0.09068726832753073      0.07716626317792039      0.06530979044183997      0.05498380034281013      0.04605052161641286      0.038372210597376624     0.0318142621184044       0.026247678785137375     0.02155092552785283      0.017611218949100393     0.014325316177912658     0.011599876445716174     0.009351471439749402     0.007506318824495736     0.00599980832214673      0.004775882505322513     0.003786325939732519     0.0029900073139525175    0.002352110322779585     0.0018433807727552816    0.0014394099422969794    0.0011199678131287758    8.683944493805501E-4     6.710535134036824E-4     5.168485970835877E-4     3.968006052114933E-4     3.036827278107712E-4     2.3170845180380488E-4    1.7626746474634256E-4    1.337040811754516E-4     1.0113287628133805E-4    7.62864585739392E-5      5.739068493932477E-5     4.306306443261894E-5     3.2230570709333106E-5    2.4063557583816676E-5    1.7922927379492043E-5    1.3318124343467597E-5    9.87390787792041E-6      7.304199216850251E-6     5.391589671048284E-6     3.9713491624754386E-6    2.9189803267151833E-6    2.140521839172183E-6     1.5648994342454112E-6    1.1376107244617633E-6    8.147976274932524E-7     5.560267806688068E-7     3.1217309621260943E-7    0
% Data
% c (mol/m^3) @ t=800, u1=0.05, u2=0.05
1                         0.9999842852602576       0.9999583819100888       0.9999178023250369       0.9998565101179667       0.999766500885957        0.9996373030942519       0.9994553939858084       0.9992035285156552       0.9988599837110124       0.9983977266849796       0.9977835218405018       0.9969770015362994       0.9959297344424091       0.9945843366019673       0.9928736812419472       0.9907202738242239       0.9880358676774836       0.9847214016090401       0.9806673428749008       0.9757545155058451       0.9698554841121014       0.9628365460923842       0.954560360307081        0.9448892080343191       0.9336888434741505       0.920832848097232        0.906207358460821        0.889715994135347        0.8712847749488997       0.850866788825739        0.82844635672578         0.8040424424930711       0.7777110745317191       0.7495465833876827       0.719681513081503        0.6882851312892979       0.6555605396174701       0.621740464603558        0.5870818865264239       0.5518597305597641       0.5163598979289524       0.48087194949040507      0.4456817681762245       0.41106451953076756      0.37727820244717536      0.344558038144969        0.31311188860179623      0.2831168309984114       0.2547169474185621       0.2280223239631418       0.20310919481416803      0.18002111787306435      0.15877103152282257      0.13934401778728667      0.12170058556815147      0.10578028770989151      0.09150549567242607      0.07878517344586346      0.0675185156955664       0.05759834167685475      0.048914164099132386     0.04135487905663326      0.03481104797050169      0.02917676420759656      0.02435111505449217      0.0202392637842277       0.016753186706477984     0.013812106612885743     0.011342667348551076     0.009278894880182026     0.007561988749469523     0.0061399847468956445    0.004967325525377191     0.00400437114114306      0.0032168765328090244    0.0025754580223347483    0.00205506626131798      0.001634478801886969     0.001295821732785071     0.0010241266287417407    8.069264174662388E-4     6.338916482446972E-4     4.965070049259459E-4     3.8778668850320393E-4    3.02026439786877E-4      2.345894194813499E-4     1.8172285264585485E-4    1.4040222298644092E-4    1.0819982098941528E-4    8.317456442588374E-5     6.378017749934002E-5     4.8788986671791356E-5    3.72286929250963E-5      2.832937017712774E-5     2.147730840308454E-5     1.6170456313696213E-5    1.1965459365051112E-5    8.394733520942488E-6     4.804517371983983E-6     0
% Data
% c (mol/m^3) @ t=900, u1=0.05, u2=0.05
1                         0.9999937584847239       0.9999834546437681       0.9999672705089353       0.9999427385804799       0.9999065533803385       0.9998543409592364       0.99978038070895         0.9996772742268847       0.999535556845612        0.9993432488906094       0.9990853458778574       0.9987432498077956       0.9982941475237743       0.9977103468069324       0.9969585864371026       0.9959993427401654       0.9947861619457183       0.9932650546617203       0.9913739954829743       0.9890425766219667       0.9861918688217469       0.9827345449569688       0.9785753209153376       0.9736117638969709       0.9677355096283163       0.9608339168369003       0.952792169657551        0.9434958168052116       0.9328337111497433       0.9207012860034254       0.9070040766323503       0.8916613692050641       0.8746098367624856       0.8558070050093349       0.8352343817661224       0.812900084341784        0.7888408098319777       0.7631230145851817       0.7358432001155968       0.7071272420235131       0.6771287436829839       0.6460264446512511       0.6140207616748555       0.581329584487626        0.548183486234269        0.514820536750256        0.4814809242679717       0.4484015964712652       0.41581112519455465      0.38392498136432085      0.35294137968814426      0.32303781837097667      0.2943684003967927       0.2670619823871855       0.24122115735405994      0.21692204111053262      0.19421480054829587      0.1731248367446062       0.15365451766743912      0.13578534428958203      0.11948042989726257      0.10468717458445109      0.09134002437051797      0.07936321590330231      0.06867342208358376      0.059182229971267555     0.05079839891322141      0.043429863030031254     0.036985457265501565     0.03137635959118334      0.026517253317740578     0.022327222623973682     0.018730401354519314     0.01565639996298262      0.01304053838334562      0.010823913853307861     0.008953332574892104     0.007381132874662418     0.006064925502564267     0.004967274145351902     0.004055336355976295     0.003300482105103559     0.0026779041974543455    0.00216623197880023      0.0017471571695965838    0.0014050783480301248    0.001126768591454676     9.010690691401837E-4     7.186099340308761E-4     5.715586257445072E-4     4.533945496123241E-4     3.5870778818465675E-4    2.830174988650057E-4     2.226017729928622E-4     1.7432231733547357E-4    1.3540833493097206E-4    1.0312072184909549E-4    7.411904521161554E-5     4.312922309068809E-5     0
% Data
% c (mol/m^3) @ t=1000, u1=0.05, u2=0.05
1                         0.9999974806129905       0.9999933165301639       0.9999867626598697       0.9999768007141173       0.9999620559474932       0.9999406933768549       0.9999102898464489       0.9998676780809481       0.9998087587757516       0.9997282768643506       0.9996195584387052       0.9994742054482199       0.9992817463358992       0.9990292422539399       0.9987008504934796       0.9982773493054222       0.9977356313956246       0.9970481770257239       0.9961825217707704       0.9951007384497929       0.9937589573644093       0.9921069534942639       0.9900878333804842       0.9876378576951905       0.9846864375201654       0.9811563426980721       0.9769641588493209       0.9720210253992221       0.966233679970545        0.9595058246549848       0.9517398170678634       0.9428386740280398       0.9327083587521752       0.9212603044184375       0.9084141088679357       0.8941003182671116       0.8782632030324847       0.8608634184896102       0.8418804367453823       0.8213146360027753       0.7991889396032538       0.7755499095847297       0.7504682181624156       0.7240384444711419       0.6963781719101384       0.6676263919117778       0.6379412510877565       0.6074972085734492       0.5764816971420584       0.5450914036561773       0.5135283003686125       0.4819955676170127       0.4506935502101661       0.41981588441167617      0.3895459204915521       0.36005354833833325      0.3314925119027316       0.3039982737603731       0.27768646537991576      0.2526519332547653       0.2289683672411052       0.20668847635278795      0.18584465972653644      0.16645010701821542      0.1485002533515946       0.13197450906727584      0.11683818362715163      0.10304452564955663      0.09053680658400447      0.07925038331150812      0.0691146842861432       0.06005507404945039      0.051994561445155595     0.044855327116373724     0.03856005546016608      0.0330330648305607       0.028201237210901387     0.023994754706166282     0.02034765500642113      0.01719822148392092      0.014489225901963547     0.012168042964316122     0.010186656273350643     0.008501574855581383     0.007073678414848776     0.005868008031262795     0.004853517255614013     0.0040027965229920606    0.0032917815056988826    0.0026994532493296915    0.002207534127261489     0.0018001774590064696    0.0014636369858546554    0.0011858783755590138    9.560431700016833E-4     7.635620500495152E-4     5.964637632159298E-4     4.37872858035309E-4      2.5846945766402814E-4    0
% Data
% c (mol/m^3) @ t=1100, u1=0.05, u2=0.05
1                         0.9999989605772776       0.9999972410111359       0.9999945302577369       0.9999904009743458       0.9999842727856014       0.9999753658721096       0.9999626428914504       0.9999447369952622       0.9999198634788202       0.9998857124116383       0.9998393194743448       0.9997769121989589       0.9996937289121396       0.9995838079537934       0.9994397452290924       0.9992524188938567       0.9990106810124475       0.9987010173988687       0.9983071785800443       0.9978097869134664       0.9971859273360173       0.9964087319752551       0.9954469718442662       0.9942646719541264       0.9928207692621709       0.9910688357381409       0.9889568912468863       0.9864273326611342       0.9834170063616309       0.9798574507880965       0.9756753337302824       0.9707931054001698       0.9651298828849554       0.9586025743270574       0.9511272422148982       0.9426206947370382       0.9330022826360462       0.9221958669189595       0.9101319107790012       0.8967496378859271       0.8819991895793919       0.8658437062077199       0.8482612535768174       0.8292465147600037       0.8088121707288206       0.7869899005233791       0.7638309428531812       0.7394061757022566       0.7138056880495816       0.6871378373356763       0.6595278067788581       0.6311156969527071       0.6020542050552126       0.5725059619784799       0.5426406107223622       0.5126317191923568       0.48265362554177915      0.45287831479768215      0.42347242166400617      0.39459444649620923      0.36639226008053405      0.33900095878643094      0.31254111575732973      0.2871174569707409       0.26281797412332725      0.23971347019765826      0.21785751894640337      0.1972868069411436       0.17802181666627157      0.16006780161350703      0.1434159995067937       0.12804502757243033      0.11392240395499194      0.10100614166203661      0.08924636543227285      0.07858690726113798      0.06896684257580617      0.060321935835714685     0.05258597128630634      0.045691951401932836     0.03957315196331256      0.03416402852852656      0.029400974133551774     0.025222932307227594     0.021571872850114172     0.01839314026134211      0.015635686121334234     0.013252196944137186     0.011199127480012413     0.009436644943033718     0.00792847935572038      0.006641652919161079     0.005546013396111582     0.0046133932839357095    0.0038159938900854612    0.003123112969543402     0.002494299029803609     0.0018647876509910787    0.0011142939113229422    0
% Data
% c (mol/m^3) @ t=1200, u1=0.05, u2=0.05
1                         0.9999995690104733       0.9999988554373521       0.9999977290095393       0.9999960099475995       0.999993452868503        0.9999897262291009       0.9999843862952694       0.9999768444580094       0.9999663265438133       0.999951822590259        0.9999320253873616       0.9999052559317548       0.999869373818391        0.9998216705204541       0.9997587435031725       0.9996763492047798       0.9995692331242255       0.9994309356081151       0.9992535724569248       0.9990275901994036       0.9987414968370381       0.9983815700537778       0.9979315463262566       0.9973722960496832       0.9966814916907368       0.9958332780474177       0.9947979558703514       0.993541692289431        0.9920262735781523       0.9902089176366726       0.9880421650255204       0.9854738682644022       0.9824472992506814       0.9789013938839738       0.974771151163158        0.969988201043062        0.9644815511458159       0.9581785170284246       0.9510058342039542       0.9428909426748229       0.933763426626518        0.9235565834945442       0.9122090882723879       0.8996667111396713       0.8858840397465144       0.8708261522728896       0.8544701841270571       0.8368067302128337       0.8178410263279688       0.7975938575644497       0.7761021485201614       0.7534191994926835       0.7296145442466645       0.7047734179245971       0.6789958375958665       0.6523953121280862       0.6250972118076668       0.5972368407415          0.5689572659101954       0.5404069652903394       0.5117373633287613       0.4831003250022484       0.4546456796644211       0.4265188429644909       0.39885859956838154      0.3717951015972004       0.3454481280957621       0.31992563999303686      0.29532265348342496      0.27172044310217786      0.24918607451166436      0.22777225661498307      0.207517493443743        0.18844650860613463      0.17057090910742564      0.15389005114636722      0.13839206803435267      0.124055019585892        0.11084812302963408      0.09873302747950458      0.08766509704198931      0.07759467145357729      0.06846827746424924      0.060229768715993594     0.05282137628063773      0.046184655893545874     0.04026132058845151      0.03499394770385499      0.030326544701468568     0.026204943943098084     0.022576962033759453     0.01939218237112784      0.016601053217432868     0.014152638882334503     0.01198960997704956      0.010037472512043859     0.008181698787811692     0.00621942363005249      0.0037577287337962947    0
