% Model:              3zones_20_20_60.mph
% Version:            COMSOL 6.3.0.420
% Date:               Jul 9 2026, 09:39
% Dimension:          1
% Nodes:              101
% Expressions:        351
% Description:        Molar concentration, c
% Grid
0                         1                        2                        3                        4                        5                        6                        7                        8                        9                        10                       11                       12                       13                       14                       15                       16                       17                       18                       19                       20                       21                       22                       23                       24                       25                       26                       27                       28                       29                       30                       31                       32                       33                       34                       35                       36                       37                       38                       39                       40                       41                       42                       43                       44                       45                       46                       47                       48                       49                       50                       51                       52                       53                       54                       55                       56                       57                       58                       59                       60                       61                       62                       63                       64                       65                       66                       67                       68                       69                       70                       71                       72                       73                       74                       75                       76                       77                       78                       79                       80                       81                       82                       83                       84                       85                       86                       87                       88                       89                       90                       91                       92                       93                       94                       95                       96                       97                       98                       99                       100                     
% Data
% c (mol/m^3) @ t=0, u1=0.01, u2=0.01, u3=0.01
1                         -4.52284577296406E-8     2.1593471701523133E-15   2.4290496195567383E-20   3.2340292311947445E-26   3.296041953163354E-32    3.0016600099896497E-38   2.568143168585249E-44    2.111589465229364E-50    1.6890005337407386E-56   1.3239176014680624E-62   1.0217940586561672E-68   7.790195122817811E-75    5.880645162805392E-81    4.402910824473005E-87    3.273866670895748E-93    2.420083364469386E-99    1.779912873506473E-105   1.3033148956459134E-111  9.506353164339764E-118   6.91010493207561E-124    5.007517918951129E-130   3.618794268209429E-136   2.608706507018747E-142   1.8763191843387725E-148  1.3467757137039002E-154  9.648653579058268E-161   6.900611668883023E-167   4.92738662588991E-173    3.513225083996447E-179   2.5015087296252548E-185  1.77887870701488E-191    1.2635029233544204E-197  8.964486853538535E-204   6.353665619595138E-210   4.498841287921395E-216   3.182581786456978E-222   2.249489953010255E-228   1.5886754562396345E-234  1.1211204880548578E-240  7.90593344971015E-247    5.571269719168544E-253   3.9234718259840626E-259  2.7613169209565595E-265  1.9422465388589418E-271  1.3653592927401003E-277  9.593019108380129E-284   6.736587369781124E-290   4.7283616157296555E-296  3.3172385754335065E-302  2.326197727743052E-308   1.630560837E-314         4.773E-321               0                        0                        0                        0                        0                        0                        0                        0                        0                        0                        0                        0                        0                        0                        0                        0                        0                        0                        0                        0                        0                        0                        0                        0                        0                        0                        0                        0                        0                        0                        0                        0                        0                        0                        0                        0                        0                        0                        0                        0                        0                        0                        0                        0                        0                        0                        0                        0
% Data
% c (mol/m^3) @ t=100, u1=0.01, u2=0.01, u3=0.01
1                         0.8551207359120235       0.7035370973406724       0.5550797663659197       0.4187294404283539       0.30124528267747536      0.20630615495644353      0.1343708808297617       0.0832460788494243       0.04911660929372076      0.027660124837926976     0.014910901009438978     0.00772017056601807      0.003852562185108826     0.0018594801978000846    8.709784859475934E-4     3.971487279987623E-4     1.7679450863214048E-4    7.703234612519891E-5     3.292808841974815E-5     1.3836856245124273E-5    5.726267043004905E-6     2.337555797425038E-6     9.425811625581341E-7     3.7590559326814187E-7    1.4842753951834015E-7    5.808202753619734E-8     2.254380243218614E-8     8.685486831975144E-9     3.323752654216513E-9     1.26410747759667E-9      4.780626525971982E-10    1.79858530543898E-10     6.734430580675228E-11    2.51046166369889E-11     9.320342123338534E-12    3.447178696915658E-12    1.2704710947973558E-12   4.667012435120173E-13    1.7091513621351563E-13   6.241298483624167E-14    2.2730026603241413E-14   8.257076643562206E-15    2.992393864897134E-15    1.0820229802341403E-15   3.9042159925135784E-16   1.4059205050105384E-16   5.053162834639231E-17    1.8129419690028078E-17   6.4932463882888555E-18   2.3218471964521894E-18   8.28958801416207E-19     2.9552296299676803E-19   1.0520533068226199E-19   3.7402426113567217E-20   1.3280144677274204E-20   4.709455424503973E-21    1.6681141533866667E-21   5.901861242228096E-22    2.0858355270044892E-22   7.364062758058592E-23    2.5972795362011083E-23   9.151665503710772E-24    3.2216423884903974E-24   1.1330913743812255E-24   3.981775908389505E-25    1.3980609505061357E-25   4.904844600785274E-26    1.7194361857217213E-26   6.023095477116809E-27    2.1083221156045634E-27   7.374759283595903E-28    2.577876174234508E-28    9.005104757943022E-29    3.1436686749183586E-29   1.0967670994947762E-29   3.8241040411717485E-30   1.332570699286936E-30    4.640912684223855E-31    1.6153852064271034E-31   5.61972499054381E-32     1.9540096120599992E-32   6.790740692489117E-33    2.3588064988035358E-33   8.1895089838758E-34      2.841968300733227E-34    9.857837152266606E-35    3.417827335561343E-35    1.1844848279520158E-35   4.103216596685983E-36    1.4208211764985129E-36   4.917889373318672E-37    1.701557386873368E-37    5.885006200617141E-38    2.034619297479213E-38    7.031611867158476E-39    2.4289946670700556E-39   8.379765820036507E-40    2.863924462534491E-40    8.936837541915162E-41    0
% Data
% c (mol/m^3) @ t=200, u1=0.01, u2=0.01, u3=0.01
1                         0.910695049588524        0.8143184375356264       0.7140391059810914       0.613256172441459        0.5153179432541051       0.4232434939721767       0.3394824791230376       0.2657454641376334       0.20292742345023881      0.1511318163440791       0.10978462379394453      0.07781147178657169      0.05384133250659085      0.03640024335654924      0.02406740123968655      0.01557988455828454      0.009885923372126239     0.006156203706283824     0.003766855159435365     0.002267431084013861     0.0013442527569214047    7.857775200619005E-4     4.5336123360196394E-4    2.5842928374855174E-4    1.456764871998037E-4     8.127499165318275E-5     4.4914413896376107E-5    2.4603158784592525E-5    1.336786803655503E-5     7.208846376200059E-6     3.860520988099346E-6     2.0541227344236724E-6    1.0864560856915793E-6    5.714667756789792E-7     2.9904371133719855E-7    1.5574015358104106E-7    8.074820487053277E-8     4.1693038173894455E-8    2.1444386612882727E-8    1.0989909964954176E-8    5.613153763825765E-9     2.8578907022266943E-9    1.4507620271431043E-9    7.344086299033284E-10    3.7080302871089785E-10   1.8675828085997189E-10   9.384465691473828E-11    4.7053246136026286E-11   2.354360386687306E-11    1.1757327907584523E-11   5.860600138938538E-12    2.91618772814798E-12     1.4486649344379907E-12   7.185151222289169E-13    3.558387759151363E-13    1.7597526104351358E-13   8.69081353344107E-14     4.2865436460098433E-14   2.1116299991338856E-14   1.0390016994183546E-14   5.106521276770517E-15    2.507065503575611E-15    1.2295827683138116E-15   6.024487650750543E-16    2.948969902199314E-16    1.442198432007419E-16    7.046927343431359E-17    3.440403834217302E-17    1.678293251291051E-17    8.180658259364447E-18    3.984585078077652E-18    1.9393858510961838E-18   9.432847331868588E-19    4.584895871534245E-19    2.2270723401139293E-19   1.0811026522546697E-19   5.24489040648461E-20     2.5430298250330082E-20   1.2323109311392195E-20   5.968302571224906E-21    2.889020047232232E-21    1.397740778498405E-21    6.759053982031088E-22    3.2668931584333934E-22   1.578265038813234E-22    7.621262329138786E-23    3.6785916422817075E-23   1.7748000289582378E-23   8.559249832583561E-24    4.126153864809553E-24    1.988306208319307E-24    9.577522969847224E-25    4.61164967515721E-25     2.2196294201337483E-25   1.0677018380436676E-25   5.1283765008326747E-26   2.4488931442787796E-26   1.1373018797203784E-26   4.533505022321736E-27    0
% Data
% c (mol/m^3) @ t=300, u1=0.01, u2=0.01, u3=0.01
1                         0.9346285450066134       0.8633366588454191       0.7876306901347142       0.7092199571503718       0.6299205939740252       0.5515504765657723       0.4758244324169398       0.40425907690272195      0.3380956875415261       0.2782476023491596       0.22527591853598133      0.1793940973074349       0.14049885955861902      0.10822193402076612      0.08199521895004136      0.06112106405176751      0.04483979948421905      0.032388195829074644     0.02304483830606122      0.01616090171608607      0.011177007105527886     0.007628384448243491     0.005141344269010337     0.003424160397463585     0.0022550875808807413    0.0014696109152013128    9.483426395188541E-4     6.063746045973557E-4     3.8442483452375757E-4    2.417966874927668E-4     1.5098109678311048E-4    9.364475232776255E-5     5.772691603176081E-5     3.538689937911328E-5     2.1582448576766326E-5    1.3102894187374408E-5    7.922197779690206E-6     4.772312923605664E-6     2.865490309525009E-6     1.715642742193157E-6     1.0246433678047166E-6    6.106404877745522E-7     3.6324813238873865E-7    2.1575108858080796E-7    1.279824150959904E-7     7.584035142454117E-8     4.490528728338272E-8     2.6572091311771242E-8    1.5716618392101122E-8    9.293130352860358E-9     5.494015432114515E-9     3.2478019779864745E-9    1.919994876386317E-9     1.1351501385360892E-9    6.712350037341748E-10    3.969935720015328E-10    2.3485205363415035E-10   1.3896877631289663E-10   8.225423406001842E-11    4.869904304831686E-11    2.884058505225838E-11    1.708470118890045E-11    1.0123412268081335E-11   6.000092308135073E-12    3.5570890888051464E-12   2.10926455690252E-12     1.2510082918388068E-12   7.42121963289592E-13     4.403210799929086E-13    2.612979601046934E-13    1.5508449645636543E-13   9.205774670539162E-14    5.4651992715939317E-14   3.244889116658404E-14    1.9268007507891397E-14   1.1442268425964667E-14   6.795501709750737E-15    4.0360921069879075E-15   2.397326632514894E-15    1.4240221783702014E-15   8.459152039100364E-16    5.025217707372361E-16    2.985373174127514E-16    1.773601480140273E-16    1.0537202855357483E-16   6.26044110595885E-17     3.719575675768062E-17    2.2099853363921747E-17   1.3130807609206578E-17   7.801844492662514E-18    4.6355570782586106E-18   2.7541734184012127E-18   1.6361463666328517E-18   9.715351515403176E-19    5.760604167873554E-19    3.399902419322566E-19    1.9767150808052124E-19   1.092373471597434E-19    4.9379669939099675E-20   0
% Data
% c (mol/m^3) @ t=400, u1=0.01, u2=0.01, u3=0.01
1                         0.9487491342223416       0.8925296828452048       0.8321543417438364       0.768587293648247        0.702906340066374        0.6362576763194981       0.5698060186872352       0.5046832631987557       0.44193910217899157      0.38249700476182763      0.3271186495571237       0.27637927071593144      0.23065546733272502      0.19012590336054527      0.15478411539552456      0.12446151141748037      0.09885775540530188      0.07757522893653719      0.06015421006980375      0.046105791010534795     0.034940265033597664     0.02618959328764787      0.019423447633443048     0.014259080859906112     0.010365818409739885     0.007465271991222457     0.005328467958512584     0.003771013274058421     0.0026472499376068125    0.0018441309478907748    0.0012753302941783246    8.759039735375627E-4     5.976624701419614E-4     4.0530078727079146E-4    2.7325646024012416E-4    1.832219954174623E-4     1.222178535360325E-4     8.112791933796396E-5     5.360516171249371E-5     3.526620610279555E-5     2.310657198611877E-5     1.5081324134303482E-5    9.807698627045982E-6     6.356370122706753E-6     4.10630224218507E-6      2.6446750881397567E-6    1.6984331439778089E-6    1.087801489580743E-6     6.949311891140838E-7     4.4288057582229824E-7    2.816060039977198E-7     1.7867414089586882E-7    1.1313490146092255E-7    7.149800833818771E-8     4.510222927627867E-8     2.8402085037921846E-8    1.7856212679581607E-8    1.1208607423187441E-8    7.02540062382591E-9      4.397232597234792E-9     2.748567769816253E-9     1.7158527121604174E-9    1.069858232434671E-9     6.662997142757636E-10    4.145082373999761E-10    2.5759558409134003E-10   1.5992104632698284E-10   9.918678665500607E-11    6.146118067719292E-11    3.8050791006627156E-11   2.353737569279369E-11    1.4547852157244109E-11   8.984631797924842E-12    5.544667847500998E-12    3.419299726538665E-12    2.107157713491444E-12    1.2976762351838305E-12   7.986485392607717E-13    4.912189755287716E-13    3.019493984656696E-13    1.854991099401178E-13    1.138955320990427E-13    6.989351487329466E-14    4.2868683448814146E-14   2.6279907727814374E-14   1.610256036684226E-14    9.861887630274463E-15    6.037057620495424E-15    3.6939936974802434E-15   2.259312471644913E-15    1.3812272976312123E-15   8.440134919963891E-16    5.154395799607919E-16    3.1447394912860215E-16   1.9145101686433273E-16   1.1588374611661216E-16   6.895551669053729E-17    3.885467973343184E-17    1.7799322682596277E-17   0
% Data
% c (mol/m^3) @ t=500, u1=0.01, u2=0.01, u3=0.01
1                         0.9580058658742032       0.9117827252672004       0.8618144528847729       0.8086961941345117       0.7531168769343731       0.6958368605206497       0.6376617363279526       0.579413597560376        0.5219013208441007       0.46589152865459027      0.412081904899346        0.3610784079578191       0.3133776681087661       0.2693554860034924       0.22926189560627952      0.19322276016134363      0.16124738212443848      0.13324117850180392      0.10902214777106273      0.08833966754580286      0.07089412905582856      0.05635602927587186      0.044383377338153444     0.034636586707104525     0.026790369921237633     0.02054248267012823      0.015619442878056609     0.011779556848458616     0.008813711594690368     0.0065444456759146345    0.004823803786541956     0.0035304304694939157    0.0025662832527341447    0.0018532604838387829    0.0013299557072572136    9.486761585714151E-4     6.728018263538846E-4     4.745147369858816E-4     3.3289490456602097E-4    2.3235788620346425E-4    1.613967380679147E-4     1.115859911664091E-4     7.680491010376532E-5     5.263999017437913E-5     3.59310253296436E-5      2.4430162901483665E-5    1.654849673335839E-5     1.1169540588870239E-5    7.513158601123915E-6     5.037129052954888E-6     3.366484888323532E-6     2.243160019181815E-6     1.4903491132820443E-6    9.874417691258681E-7     6.524988407917375E-7     4.300702738739899E-7     2.8277103844480616E-7    1.8548486481270737E-7    1.2139484811419705E-7    7.927723409905582E-8     5.166418194382654E-8     3.360145490253446E-8     2.181157489682591E-8     1.413213466525825E-8     9.140084205203626E-9     5.901233299756302E-9     3.803756071946003E-9     2.4478549324161414E-9    1.5728470452803753E-9    1.0091102391928017E-9    6.46493962233091E-10     4.1360471248843643E-10   2.642543007148331E-10    1.686140450153419E-10    1.0745315518502453E-10   6.839370938615084E-11    4.348122207551032E-11    2.761164078000397E-11    1.75147186723932E-11     1.1098122535162328E-11   7.0249873971189045E-12   4.4422699952286266E-12   2.806343514033522E-12    1.7711924489897052E-12   1.1168420435469309E-12   7.036073346889935E-13    4.4288659408640583E-13   2.785406453378542E-13    1.7503611973651275E-13   1.0990479947308471E-13   6.895349600817854E-14    4.3224561555087173E-14   2.7069230927952454E-14   1.692744030192359E-14    1.055547292668445E-14    6.536856566035973E-15    3.9716700308569815E-15   2.277101182205468E-15    1.055494491383228E-15    0
% Data
% c (mol/m^3) @ t=600, u1=0.01, u2=0.01, u3=0.01
1                         0.964632025921742        0.9256128193444944       0.883245239579063        0.8379154705447733       0.790084283548454        0.7402751154465308       0.6890593951750654       0.6370397211624191       0.5848316331183626       0.5330448222588261       0.48226467466311074      0.4330350370396932       0.38584303070344017      0.3411066205953819       0.299165478864207        0.260275478329852        0.22460692512536642      0.19224640954613575      0.1632019382495152       0.13741082730177812      0.11474969927538259      0.09504584912306584      0.07808922723712383      0.06364433146866953      0.05146139399594468      0.04128637981026735      0.03286946442913645      0.02597181218190529      0.020370618068219333     0.015862494584844566     0.012265373502598544     0.009419149386710485     0.007185318581823095     0.0054458690434832655    0.004101658892912624     0.0030704913682397905    0.0022850569195369138    0.001690874491378708     0.0012443272240984132    9.108552696257614E-4     6.633414151460461E-4     4.807040985367397E-4     3.4669690946183675E-4    2.489031317730692E-4     1.77907435801767E-4      1.2662356833619473E-4    8.975596403054158E-5     6.33738777006078E-5      4.457831255912018E-5     3.124423399214752E-5     2.182297771303277E-5     1.5192157962812945E-5    1.0542614086880447E-5    7.293924794904283E-6     5.031736949930264E-6     3.461598655615299E-6     2.3751723533741502E-6    1.6256604062315141E-6    1.1100351860584168E-6    7.562601689375897E-7     5.141480143371204E-7     3.488527175252265E-7     2.3625849119436506E-7    1.5972701941468446E-7    1.0781254877609374E-7    7.266322591901852E-8     4.890679465333558E-8     3.287668091555541E-8     2.2076309695290497E-8    1.4809511229174675E-8    9.926296166193252E-9     6.648490517875587E-9     4.4504692045427196E-9    2.9777865451597E-9       1.991796004009356E-9     1.3320437877214342E-9    8.9078618420764E-10      5.957563853447221E-10    3.985316887042287E-10    2.6669448482874514E-10   1.7855805781985687E-10   1.1962311192265118E-10   8.020017223387435E-11    5.3816112538573264E-11   3.614729799325366E-11    2.430593671679988E-11    1.6363057193526474E-11   1.1029845238532571E-11   7.444866675949931E-12    5.0320355145649064E-12   3.4058190294644125E-12   2.307965746052508E-12    1.5652588116435888E-12   1.0612836588815972E-12   7.175251613508229E-13    4.806576270171335E-13    3.139158231559308E-13    1.9110531591145188E-13   9.223491960452335E-14    0
% Data
% c (mol/m^3) @ t=700, u1=0.01, u2=0.01, u3=0.01
1                         0.9697311662982193       0.9362770965684455       0.8998259227345209       0.8606291402919253       0.8189975973309002       0.7752953673976123       0.7299316594311929       0.6833510149070542       0.6360221313290277       0.5884257270017903       0.541041919703738        0.49433762733097597      0.44875450863776456      0.40469794490609867      0.3625275182139741       0.32254937006392426      0.2850107284503734       0.25009677692256743      0.2179299127147981       0.1885713111171432       0.16202458959578678      0.1382412575807479       0.1171275551860099       0.09855223307102397      0.08235480960780164      0.0683538600833186       0.05635494169020685      0.04615783034062974      0.037562831816790515     0.03037602091194394      0.024413349314374003     0.01950363915647276      0.015490539865214764     0.012233569137482862     0.009608384634933522     0.007506443133370182     0.005834201224153429     0.00451199958588871      0.003472754655825508     0.0026605602132334528    0.002029279367585843     0.0015411865154396644    0.0011657001678346656    8.782317935758667E-4     6.591631842364999E-4     4.92955226026173E-4      3.673840638432259E-4     2.7289605787500623E-4    2.0207021948003343E-4    1.4917553903251422E-4    1.0981039479117769E-4    8.061172812420128E-5     5.902261971275915E-5     4.310809824958283E-5     3.141030709729663E-5     2.2835441020594902E-5    1.6566077111264257E-5    1.1993622358681717E-5    8.66656664094652E-6      6.251060237147677E-6     4.501034645241041E-6     3.235665434821914E-6     2.3224497682151054E-6    1.6645536834790987E-6    1.1913895100273691E-6    8.516250687855067E-7     6.080153251014276E-7     4.33594049248789E-7      3.0887635313391226E-7    2.1980980193016402E-7    1.562779268867619E-7     1.1101004140581336E-7    7.878898458885052E-8     5.587669477652262E-8     3.959861906500928E-8     2.804364797234581E-8     1.9847874158860586E-8    1.4039037240165135E-8    9.924811397345247E-9     7.012705030981155E-9     4.952711680211244E-9     3.4963067927617545E-9    2.467169310327661E-9     1.7403006712236288E-9    1.2271495848139596E-9    8.650263861543181E-10    6.095773831996054E-10    4.2943951769465234E-10   3.0244683898001073E-10   2.1294029998516463E-10   1.4986118755865613E-10   1.0540051590343702E-10   7.40423351146833E-11     5.1885605890958394E-11   3.616241494606324E-11    2.4893661338670375E-11   1.6639613511357794E-11   1.031376576779389E-11    5.035414150052028E-12    0
% Data
% c (mol/m^3) @ t=800, u1=0.01, u2=0.01, u3=0.01
1                         0.9737224106953498       0.9446391433315594       0.912865657096447        0.8785664464334324       0.8419534738844606       0.8032831648063187       0.7628519955785855       0.7209907642720751       0.6780576899837901       0.6344305415547095       0.590498045415443        0.5466508630329014       0.5032724580854704       0.46073018950476025      0.41936696673434165      0.37949378649259036      0.34138343547642463      0.30526559153363225      0.27132348903255615      0.23969223613890256      0.21045878750224178      0.1836634914840848       0.15930305295780503      0.13733468698699325      0.11768119036697859      0.10023663038355249      0.08487234434978883      0.0714429584445306       0.05979216703383252      0.04975805949215208      0.04117783526274139      0.03389180415350269      0.027746622859362902     0.02259776664039467      0.01831127440779911      0.014764834886759446     0.011848300882868645     0.009463728724988494     0.007525042055997265     0.0059574149914803495    0.0046964610505943385    0.0036873028682217765    0.0028835849824767144    0.002246479123817209     0.0017437192686992945    0.0013486928267177835    0.0010396050178740697    7.987258766417053E-4     6.117233537670619E-4     4.670815374875377E-4     3.5559988740811645E-4    2.699673459971408E-4     2.0440404296379774E-4    1.5436283022648138E-4    1.162828979219332E-4     8.738807199522396E-5     6.552295795523022E-5     4.9020777755900795E-5    3.6597476431721605E-5    2.7267401789529366E-5    2.0276550658766456E-5    1.5050008545139499E-5    1.1150775448769714E-5    8.24766557401386E-6      6.090393957750356E-6     4.490323020524015E-6     3.3056427939109656E-6    2.4300069921174165E-6    1.7838502166737338E-6    1.3077761700901624E-6    9.575390312674102E-7     7.002456680430166E-7     5.114899723594259E-7     3.7319643999332626E-7    2.7200166109722497E-7    1.9804252890733918E-7    1.4405108103959657E-7    1.0467988383744587E-7    7.600030194565054E-8     5.513009658367133E-8     3.995754407535819E-8     2.8937429807138755E-8    2.094045304242546E-8     1.5142242334328614E-8    1.094169126077082E-8     7.900958288716513E-9     5.701446209550372E-9     4.111548746175541E-9     2.963048567486565E-9     2.133865994528425E-9     1.5354620863922776E-9    1.1036469412003557E-9    7.918739667175875E-10    5.663434425700964E-10    4.024160699085743E-10    2.8196564715235006E-10   1.913912234697713E-10    1.2007113824399662E-10   5.907928613177347E-11    0
% Data
% c (mol/m^3) @ t=900, u1=0.01, u2=0.01, u3=0.01
1                         0.9769096582502079       0.9513266612122744       0.9233199834475541       0.8929972222581288       0.8605042390273553       0.8260237965641547       0.789773178920431        0.7520008156651348       0.7129819700407528       0.6730135883469811       0.632408444613871        0.5914887482820067       0.5505794112320556       0.510001192134803        0.4700639489072764       0.431060232560648        0.39325944691148523      0.3569027781708846       0.3221990668014506       0.2893217525872928       0.25840697479813357      0.22955285558281407      0.20281993976111803      0.17823271168603755      0.15578206339407466      0.1354285509460667       0.11710624998616166      0.1007270083816401       0.08618489347977526      0.07336064305043358      0.06212595045674988      0.05234744342866407      0.04389024908927789      0.03662107268565038      0.030410751176813647     0.025136273306653894     0.02068228353246452      0.01694210733480838      0.013818349745304864     0.011223127640450026     0.009078000075495665     0.007313660519064116     0.00586945124859601      0.004692754331801186     0.0037383064260718573    0.002967476825728641     0.0023475403739435423    0.001850969474107432     0.0014547627802185485    0.0011398223869329054    8.903865440704027E-4     6.935210769502465E-4     5.386697382931541E-4     4.1726155137951457E-4    3.223717125430542E-4     2.4843168444139556E-4    1.9098361503390373E-4    1.4647405634610132E-4    1.1208204099648349E-4    8.557682697053377E-5     6.520098072285095E-5     4.957488738373954E-5     3.761921859877743E-5     2.8492327420386523E-5    2.1539958060829738E-5    1.6255045114363962E-5    1.2245725972522542E-5    9.209999183533251E-6     6.915730633543967E-6     5.184940572171932E-6     3.881500647457666E-6     2.9015347969466856E-6    2.165954806484155E-6     1.6146742965173657E-6    1.202137323679586E-6     8.93872891757474E-7      6.638473051463692E-7     4.924349666306898E-7     3.648670688490107E-7     2.700484793048376E-7     1.9965750240857287E-7    1.4746238903464477E-7    1.0880349932384416E-7    8.02017604274914E-8      5.906318796264063E-8     4.3456313507828564E-8    3.194482456256211E-8     2.3461931046631294E-8    1.7216202813844405E-8    1.2621095489132288E-8    9.242269240223322E-9     6.758240905323516E-9     4.930998072074202E-9     3.584024140696417E-9     2.585796939533049E-9     1.8372756023866176E-9    1.2622140779183666E-9    7.99356942401891E-10     3.956963350080024E-10    0
% Data
% c (mol/m^3) @ t=1000, u1=0.01, u2=0.01, u3=0.01
1                         0.9795140864191992       0.9567975657832206       0.9318887744722664       0.9048569358494035       0.875802394645956        0.8448561334494603       0.8121785441221803       0.7779574497642703       0.7424053976309274       0.7057562693521783       0.668261280850783        0.6301844693331488       0.5917977873777669       0.5533759431836287       0.5151911402482893       0.47750787805615574      0.44057797695214207      0.4046359847638716       0.36989510982498713      0.33654380519262445      0.30474310284947886      0.27462476577630035      0.24629029159376772      0.21981076590778129      0.19522752861004974      0.17255358424815675      0.15177566007822824      0.13285679410423448      0.11573932136716479      0.10034812047639628      0.08659398376766986      0.07437698284614198      0.06358971547050671      0.054120338262501747     0.045855310925988844     0.038681799873174896     0.032489710872225255     0.0271733402986205       0.022632651865207035     0.01877419974382525      0.015511729527873967     0.012766495561704679     0.010467337047386963     0.00855055645775259      0.006959642652521923     0.005644878258385465     0.004562866864068352     0.0036760108765424614    0.0029519658912228347    0.00236309247144816      0.0018859215519071333    0.0015006454406460178    0.0011906426911622847    9.42041990833895E-4      7.433276628778643E-4     5.84987373855466E-4      4.5920112510532097E-4    3.59569520878162E-4      2.8087858063904865E-4    2.188979311850793E-4     1.7020901353024154E-4    1.3205991416868077E-4    1.0224353227004097E-4    7.899598348656943E-5     6.091238495357463E-5     4.687743937901254E-5     3.600851967436305E-5     2.7609235466979058E-5    2.1131729471277357E-5    1.6146198955637434E-5    1.2316361972232826E-5    9.379788170146893E-6     7.132189882814911E-6     5.414921753034289E-6     4.1050680487186795E-6    3.107608006240722E-6     2.3492431499861048E-6    1.7735487260901918E-6    1.337176222730011E-6     1.0068873529807165E-6    7.572435955349871E-7     5.688109772604215E-7     4.267685994405643E-7     3.1983263034930187E-7    2.394261117051273E-7     1.7903980066547565E-7    1.3374109920988534E-7    9.97974953429746E-8      7.438833816472011E-8     5.538458596010433E-8     4.1180723172402675E-8    3.056659632954377E-8     2.2629676675874367E-8    1.6680381110317445E-8    1.2194699359999732E-8    8.769579331255112E-9     6.087381950616044E-9     3.886273433026302E-9     1.9336925670592292E-9    0
% Data
% c (mol/m^3) @ t=1100, u1=0.01, u2=0.01, u3=0.01
1                         0.981684475175844        0.9613607235999999       0.9390462787881597       0.9147836856689473       0.888641024164744        0.8607119092773616       0.8311149384657343       0.7999925721020147       0.7675094494173966       0.7338501600753892       0.6992165097047157       0.6638243356654341       0.6278999462317536       0.5916762714547595       0.5553888264420251       0.5192715969510313       0.4835529624447472       0.44845177266114455      0.4141736900562366       0.3809079021655804       0.34882429520509395      0.3180711635583213       0.2887735098729962       0.2610319682289031       0.23492235932793137      0.21049586309359514      0.18777977168338192      0.1667787658918757       0.14747664129008864      0.12983839801312447      0.11381260038641003      0.09933390974967313      0.08632569573825026      0.07470263744286153      0.06437323556789355      0.05524216904589236      0.04721244355814068      0.0401872940762676       0.03407181797638706      0.02877432872370435      0.024207431998188735     0.020288836040932186     0.016941915746317066     0.0140960555776509       0.011686799854359269     0.009655840562715255     0.007950872863136208     0.006525347223217382     0.005338144920138528     0.004353200834877258     0.0035390942766943883    0.002868625259875369     0.0023183903892295596    0.00186836943337792      0.0015015308693065337    0.0012034622242485683    9.620289466891315E-4     7.670638077174087E-4     6.100874496393295E-4     4.840596310837012E-4     3.83159929894297E-4      3.02596116715731E-4      2.3843806290580174E-4    1.87474857703964E-4      1.470927462560538E-4     1.1517153110065983E-4    8.999717853066306E-5     7.018851582538048E-5     5.463607793192127E-5     4.24513488437907E-5      3.292483314197014E-5     2.5491579257120674E-5    1.9702952676295963E-5    1.5203621149304928E-5    1.1712863028058534E-5    9.00944339924554E-6      6.9194206686700016E-6    5.3063493184809765E-6    4.063433654444436E-6     3.1072636784088086E-6    2.372829055823854E-6     1.8095618157996585E-6    1.3782042009512447E-6    1.0483361798171715E-6    7.964286508713967E-7     6.043142985043473E-7     4.579892883572077E-7     3.466762809274152E-7     2.620932616070651E-7     1.9788399787684566E-7    1.4917501738683057E-7    1.1223125197243193E-7    8.418823951790545E-8     6.284328216945492E-8     4.649143284240508E-8     3.3794776318711096E-8    2.367528885848812E-8     1.5222649840951615E-8    7.608729071823E-9        0
% Data
% c (mol/m^3) @ t=1200, u1=0.01, u2=0.01, u3=0.01
1                         0.9835219043542305       0.9652265114990758       0.9451169103712547       0.9232166502071156       0.8995703991312289       0.8742442150365          0.8473254012888293       0.8189219298627682       0.789161425832711        0.7581897193877878       0.7261689843209398       0.6932754948213329       0.6596970448925721       0.6256300863255695       0.5912766513751159       0.5568411346495465       0.5225270147994185       0.48853360003278085      0.45505288203546645      0.4222665803933643       0.3903434540887681       0.35943694820487115      0.3296832328971393       0.301199678395574        0.27408379483498324      0.24841264972515595      0.22424275959740214      0.20161043655964775      0.180532555906406        0.16100769824557556      0.143017609391805        0.12652891395315513      0.1114950143380263       0.09785810587000239      0.08555124066333421      0.07450037755238366      0.06462636221752854      0.05584679014734407      0.048077714617427623     0.04123517184877674      0.03523650537797062      0.03000148095160759      0.025453191573932474     0.021518759426674756     0.01812984709302089      0.015222994805681938     0.012739803342535782     0.010626983821837565     0.008836296160940654     0.00732439754557062      0.006052621110369198     0.004986703352244161     0.004096476768642292     0.003355541994257165     0.00274093143697789      0.0022327741945420087    0.0018139699477251595    0.0014698776293037424    0.0011880229938614423    9.57827776887276E-4      7.703619331439139E-4     6.18119473727414E-4      4.948176607984995E-4     3.952187461417409E-4     3.149730296376056E-4     2.504817410135601E-4     1.9877808829539672E-4    1.5742474638647346E-4    1.2442605867749924E-4    9.815327568656759E-5     7.728124231842972E-5     6.0735056920812695E-5    4.76453508619769E-5      3.73109690144969E-5      2.9167963376780124E-5    2.276393978984256E-5     1.7736918346227623E-5    1.3797979753664927E-5    1.0717071567167163E-5    8.311439442899484E-6     6.436229472091977E-6     4.976878633528457E-6     3.842972089214186E-6     2.963299202205905E-6     2.281885605324161E-6     1.7548172361802742E-6    1.3477047981644943E-6    1.0336643838805854E-6    7.917127211456355E-7     6.0549431628376E-7       4.6227324476258E-7       3.521349689970641E-7     2.6735376505376337E-7    2.0188945569080042E-7    1.5098344118771625E-7    1.108286754410266E-7     7.829134775629222E-8     5.066359259575285E-8     2.542642585189201E-8     0
% Data
% c (mol/m^3) @ t=0, u1=0.01, u2=0.01, u3=0.03
1                         -4.52284577296406E-8     2.1593471701523133E-15   2.4290496195567383E-20   3.2340292311947445E-26   3.296041953163354E-32    3.0016600099896497E-38   2.568143168585249E-44    2.111589465229364E-50    1.6890005337407386E-56   1.3239176014680624E-62   1.0217940586561672E-68   7.790195122817811E-75    5.880645162805392E-81    4.402910824473005E-87    3.273866670895748E-93    2.420083364469386E-99    1.779912873506473E-105   1.3033148956459134E-111  9.506353164339764E-118   6.91010493207561E-124    5.007517918951129E-130   3.618794268209429E-136   2.608706507018747E-142   1.8763191843387725E-148  1.3467757137039002E-154  9.648653579058268E-161   6.900611668883023E-167   4.92738662588991E-173    3.513225083996447E-179   2.5015087296252548E-185  1.77887870701488E-191    1.2635029233544204E-197  8.964486853538535E-204   6.353665619595138E-210   4.498841287921395E-216   3.182581786456978E-222   2.249489953010255E-228   1.5886754562396345E-234  1.1211204880548597E-240  7.932296492923955E-247   6.265074115737835E-253   4.945027721928307E-259   3.9006819002212045E-265  3.0750675213750156E-271  2.42283146527046E-277    1.907908129732891E-283   1.5016472802840957E-289  1.1813115653196717E-295  9.288727367091131E-302   7.300486907410637E-308   5.7353606426E-314        4.2845E-320              0                        0                        0                        0                        0                        0                        0                        0                        0                        0                        0                        0                        0                        0                        0                        0                        0                        0                        0                        0                        0                        0                        0                        0                        0                        0                        0                        0                        0                        0                        0                        0                        0                        0                        0                        0                        0                        0                        0                        0                        0                        0                        0                        0                        0                        0                        0                        0
% Data
% c (mol/m^3) @ t=100, u1=0.01, u2=0.01, u3=0.03
1                         0.8551207359120235       0.7035370973406724       0.5550797663659197       0.4187294404283539       0.30124528267747536      0.20630615495644353      0.1343708808297617       0.0832460788494243       0.04911660929372076      0.027660124837926976     0.014910901009438978     0.00772017056601807      0.003852562185108826     0.0018594801978000846    8.709784859475934E-4     3.971487279987623E-4     1.7679450863214048E-4    7.703234612519891E-5     3.292808841974815E-5     1.3836856245124273E-5    5.726267043004905E-6     2.337555797425038E-6     9.425811625581341E-7     3.7590559326814187E-7    1.4842753951834023E-7    5.8082027536197706E-8    2.25438024321873E-8      8.685486831978817E-9     3.3237526542281038E-9    1.2641074776331697E-9    4.78062652711946E-10     1.7985853090407975E-10   6.734430693547544E-11    2.5104620168045212E-11   9.320353149737508E-12    3.4472130631285207E-12   1.270577988479998E-12    4.670330189951974E-13    1.7194256917416315E-13   6.558707874398437E-14    2.6483800726205917E-14   1.0667668213981593E-14   4.286948064485449E-15    1.718991176696278E-15    6.878572006787988E-16    2.747074742173778E-16    1.0950521046541829E-16   4.357449851317773E-17    1.7310174254084557E-17   6.8655805011290935E-18   2.71889671505689E-18     1.07517296409175E-18     4.245830151539465E-19    1.6744498128744242E-19   6.595257208710677E-20    2.5945657591642154E-20   1.0195130144828068E-20   4.001625838790882E-21    1.5689714158017797E-21   6.14534874181196E-22     2.404628771580792E-22    9.400168404778539E-23    3.671339174058969E-23    1.4326134397948108E-23   5.585509055737005E-24    2.1758983201233345E-24   8.469713788432343E-25    3.294312209192074E-25    1.280376404088741E-25    4.9727647377579925E-26   1.9299917947894854E-26   7.485482324427594E-27    2.9013486950145134E-27   1.1238400205843242E-27   4.350525454381231E-28    1.6831369181700373E-28   6.507964877817859E-29    2.5149315106020306E-29   9.713353828849221E-30    3.749565357537725E-30    1.4466638620376577E-30   5.5787304539614E-31      2.1502550402622664E-31   8.2839410491049E-32      3.189934850497712E-32    1.2278054777154776E-32   4.7237316017930806E-33   1.8165757843795623E-33   6.982952326794074E-34    2.683158343696416E-34    1.0305746527771738E-34   3.9567867135796967E-35   1.5185873420147669E-35   5.826051202567588E-36    2.2343240961054647E-36   8.564913417251802E-37    3.2791441451101153E-37   1.2441792828280649E-37   4.3178545949568194E-38   0
% Data
% c (mol/m^3) @ t=200, u1=0.01, u2=0.01, u3=0.03
1                         0.910695049588524        0.8143184375356264       0.7140391059810914       0.613256172441459        0.5153179432541051       0.4232434939721767       0.3394824791230376       0.2657454641376334       0.20292742345023881      0.1511318163440791       0.10978462379394453      0.07781147178657169      0.05384133250659085      0.03640024335654924      0.024067401239686547     0.015579884558284548     0.00988592337212624      0.006156203706283836     0.0037668551594353963    0.0022674310840139302    0.001344252756921565     7.857775200622665E-4     4.533612336027995E-4     2.5842928375045414E-4    1.456764872041292E-4     8.127499166300423E-5     4.491441391864536E-5     2.460315883501087E-5     1.3367868150525487E-5    7.208846633405969E-6     3.8605215675492845E-6    2.054124037457423E-6     1.0864590102171139E-6    5.714733260654397E-7     2.990583512365617E-7     1.5577279827737672E-7    8.082082042569662E-8     4.185414845394957E-8     2.1800855767201913E-8    1.1776318586652875E-8    6.630942309878907E-9     3.7224719513423798E-9    2.083808475450201E-9     1.1633968786154712E-9    6.479024706047564E-10    3.599695785600004E-10    1.9955125069494704E-10   1.103899063894122E-10    6.094531985617258E-11    3.3584096187684736E-11   1.847362834168907E-11    1.0144622045279976E-11   5.5618823694092065E-12   3.0447004367173147E-12   1.6643184508705353E-12   9.085053193044663E-13    4.952743478037164E-13    2.696607988338727E-13    1.4664526804984415E-13   7.9656209219169E-14      4.3220941542361227E-14   2.3426756646569272E-14   1.268506190952671E-14    6.862044006762425E-15    3.708615806460146E-15    2.0025511399692427E-15   1.080398312459431E-15    5.824074736498757E-16    3.1370844784709836E-16   1.6884743523916543E-16   9.081211152864351E-17    4.880738872386187E-17    2.6213844479550204E-17   1.4069851529725506E-17   7.546954822083765E-18    4.0456353248636714E-18   2.1674212060208233E-18   1.1605128112793575E-18   6.210329322228746E-19    3.321582579761566E-19    1.7756138342452728E-19   9.487067883203412E-20    5.066431635113259E-20    2.704365775101772E-20    1.4428721118160612E-20   7.694763006538265E-21    4.101788359316813E-21    2.1855824506627786E-21   1.1640783706517311E-21   6.197595515916862E-22    3.2983355970488877E-22   1.7546926385111632E-22   9.331328546752909E-23    4.960352047538895E-23    2.635376495004087E-23    1.3982606605621788E-23   7.378779008285092E-24    3.792228388767677E-24    1.678775020560084E-24    0
% Data
% c (mol/m^3) @ t=300, u1=0.01, u2=0.01, u3=0.03
1                         0.9346285450066134       0.8633366588454191       0.7876306901347142       0.7092199571503718       0.6299205939740252       0.5515504765657724       0.4758244324169399       0.40425907690272217      0.33809568754152647      0.27824760234916024      0.22527591853598267      0.17939409730743747      0.1404988595586239       0.10822193402077518      0.08199521895005854      0.06112106405180007      0.04483979948428067      0.03238819582919134      0.02304483830628232      0.01616090171650509      0.011177007106322141     0.007628384449749452     0.005141344271866523     0.0034241604028820457    0.002255087591162737     0.0014696109347169357    9.483426765679697E-4     6.063746749443981E-4     3.8442496811039585E-4    2.4179694118067074E-4    1.5098157853071185E-4    9.364566702712863E-5     5.77286523287178E-5      3.5390193924519175E-5    2.15886963128071E-5      1.3114733477485905E-5    7.94461153137038E-6      4.814695672342867E-6     2.945517689397982E-6     1.8664914504064368E-6    1.2231080119972353E-6    7.998982833126696E-7     5.222274291074685E-7     3.4045055286970495E-7    2.2167820902989574E-7    1.4419904899495557E-7    9.372573595854325E-8     6.088215521871315E-8     3.95298111112125E-8      2.5658038975130576E-8    1.6650933512400514E-8    1.080475551670634E-8     7.011166624964547E-9     4.549837094500732E-9     2.9529554418192225E-9    1.916872974375627E-9     1.244572775885167E-9     8.082555804837353E-10    5.25032121173616E-10     3.41142617336519E-10     2.2171782649193768E-10   1.441382451573481E-10    9.372804461121017E-11    6.096322971194457E-11    3.9661562027412764E-11   2.5808913077025035E-11   1.6798162986028447E-11   1.0935530961685996E-11   7.120289936080699E-12    4.636912810431268E-12    3.0201428131968376E-12   1.9673760755977388E-12   1.2817489549088636E-12   8.351584373175428E-13    5.442269712643886E-13    3.5467604868296E-13      2.3116387033778607E-13   1.506747175572044E-13    9.821764843893813E-14    6.4027141146887E-14      4.1740837054932697E-14   2.7213098242510126E-14   1.7742394079179623E-14   1.1568091307206643E-14   7.542660171405786E-15    4.918118884788343E-15    3.2068868013719842E-15   2.0911103995218932E-15   1.3635704649364773E-15   8.89167513570927E-16     5.798172045262456E-16    3.780849962015206E-16    2.4651594779804945E-16   1.6067474937081244E-16   1.0459992638052155E-16   6.78222792391721E-17     4.3382312412113634E-17   2.6453842952565793E-17   1.3264905238269203E-17   0
% Data
% c (mol/m^3) @ t=400, u1=0.01, u2=0.01, u3=0.03
1                         0.9487491342223418       0.8925296828452056       0.832154341743838        0.76858729364825         0.7029063400663792       0.6362576763195079       0.5698060186872536       0.504683263198789        0.4419391021790518       0.38249700476193726      0.3271186495573226       0.27637927071629237      0.23065546733337913      0.19012590336172985      0.15478411539766773      0.12446151142135405      0.09885775541229626      0.07757522894915263      0.060154210092531996     0.04610579105143391      0.034940265107103574     0.026189593419584063     0.019423447869931686     0.01425908128318895      0.010365819166211182     0.0074652733409956585    0.005328470362867024     0.003771017549350325     0.002647257525482441     0.0018441443884225917    0.0012753540519723815    8.759458758025955E-4     5.977362020446165E-4     4.0543020717227096E-4    2.7348303502250273E-4    1.8361756237395327E-4    1.2290643451701058E-4    8.232284435109019E-5     5.567195032127076E-5     3.882854565127572E-5     2.779677210401621E-5     1.9830091457343765E-5    1.4100135314652733E-5    9.994635004017431E-6     7.063638460545366E-6     4.978249285887781E-6     3.4992616635046928E-6    2.453516923463767E-6     1.7162173441640857E-6    1.1977894021930114E-6    8.341895650118238E-7     5.797933911166091E-7     4.022084788570413E-7     2.7851022444053844E-7    1.925231512438099E-7     1.3286610064396573E-7    9.155246862817343E-8     6.299174791611968E-8     4.327988189963701E-8     2.9696582330670443E-8    2.035036913089775E-8     1.3928658542381627E-8    9.522296203936132E-9     6.502677855748317E-9     4.435906249295186E-9     3.0229585144899966E-9    2.0580725629769808E-9    1.3998635320792123E-9    9.51314375436545E-10     6.45939167667647E-10     4.382312442115945E-10    2.970799428540737E-10    2.0124028949949022E-10   1.36219958016221E-10     9.21430686861089E-11     6.228622292715059E-11    4.2076478896355634E-11   2.8406319507362925E-11   1.916586044039683E-11    1.2923750100683887E-11   8.709722132205766E-12    5.8665635127829455E-12   3.9494333555548765E-12   2.657447946610304E-12    1.787231360370252E-12    1.2014053068643104E-12   8.072303063185215E-13    5.421388226845255E-13    3.639436239467814E-13    2.442150911559798E-13    1.638048102198871E-13    1.0982163816159986E-13   7.358979344881484E-14    4.92699555031651E-14     3.2926656732366405E-14   2.1893687483231976E-14   1.433368158369585E-14    8.914106814885833E-15    4.531002179418641E-15    0
% Data
% c (mol/m^3) @ t=500, u1=0.01, u2=0.01, u3=0.03
1                         0.9580058658742149       0.9117827252672288       0.861814452884828        0.8086961941346125       0.7531168769345532       0.6958368605209687       0.6376617363285157       0.5794135975613681       0.5219013208458457       0.46589152865765454      0.4120819049047203       0.3610784079672308       0.3133776681252248       0.2693554860322305       0.22926189565637997      0.19322276024854412      0.16124738227595625      0.13324117876461797      0.10902214822609776      0.08833966833216424      0.07089413041210711      0.056356031610360215     0.04438338134788861      0.03463659357912025      0.02679038167179733      0.02054250271477762      0.015619476986460675     0.011779614738351981     0.00881380958331749      0.00654461107419394      0.0048240821531011484    0.0035308975370561386    0.0025670644524315       0.0018545627642452085    0.0013321191455293187    9.522572595379372E-4     6.787072639836856E-4     4.842149060763128E-4     3.4876294130232587E-4    2.5820460530094397E-4    1.9528836774666825E-4    1.4709751353283527E-4    1.1036167041924404E-4    8.248606380369682E-5     6.142647376243643E-5     4.5583161477005806E-5    3.3712125775069394E-5    2.485177838189667E-5     1.8263039925217935E-5    1.3380902358331743E-5    9.7756316636483E-6       7.121961784883797E-6     5.174830134902216E-6     3.75040798471999E-6      2.7113731673234914E-6    1.955550370223634E-6     1.4072020351126657E-6    1.0103892922522369E-6    7.239378952718777E-7     5.17640294089792E-7      3.694038514145598E-7     2.6311905147168707E-7    1.870726423138867E-7     1.3277112672560071E-7    9.40717855513137E-8      6.654314704083131E-8     4.6995920862039824E-8    3.31400729742165E-8      2.3334891271419127E-8    1.640735964864986E-8     1.152054014370668E-8     8.078448339510014E-9     5.65747858890266E-9      3.957089046253689E-9     2.7644196809487928E-9    1.928963263776106E-9     1.3444716443525713E-9    9.360569374268773E-10    6.510141110736724E-10    4.523035976138966E-10    3.1393128770387543E-10   2.176792092649728E-10    1.5079586865250313E-10   1.0436717657887177E-10   7.216918595716249E-11    4.986134347645025E-11    3.442000143457516E-11    2.374118631298946E-11    1.636242317969811E-11    1.1268181049200555E-11   7.753965425710406E-12    5.33148071323749E-12     3.662502405209279E-12    2.5127657084918406E-12   1.7197350451576452E-12   1.1698688371865198E-12   7.821236799779349E-13    4.950306503850445E-13    2.5466967226512484E-13   0
% Data
% c (mol/m^3) @ t=600, u1=0.01, u2=0.01, u3=0.03
1                         0.9646320259220177       0.9256128193451417       0.8832452395802737       0.8379154705468886       0.79008428355206         0.7402751154526214       0.6890593951853136       0.6370397211796335       0.5848316331472512       0.5330448223072701       0.4822646747442891       0.43303503717561703      0.3858430309308239       0.3411066209753787       0.29916547949851885      0.2602754793873358       0.22460692688587602      0.19224641247259608      0.16320194310611746      0.13741083534730117      0.11474971257852072      0.09504587107527022      0.07808926338413158      0.06364439085443767      0.05146149132744429      0.041286538932219466     0.03286972388075416      0.025972234048777243     0.020371302026255        0.015863600087265103     0.012267154676133225     0.009422009662605738     0.007189895807507478     0.005453167408755152     0.004113252336122784     0.0030888354532237266    0.0023139642567541097    0.0017362350740893775    0.001315192939142579     0.0010210618931378735    8.069234936147507E-4     6.349957237208901E-4     4.976483498124149E-4     3.8845687695654126E-4    3.020553136740372E-4     2.3399584628360875E-4    1.80618371281109E-4      1.3893169408301628E-4    1.0650727330552372E-4    8.138566708844475E-5     6.199530472929086E-5     4.708283859612255E-5     3.5654100223148805E-5    2.6924562750642484E-5    2.0278173395989534E-5    1.5233441452475262E-5    1.14157300627829E-5      8.53478809958935E-6      6.3666598268435806E-6    4.7392156638533984E-6    3.520651030603381E-6     2.6103977662936174E-6    1.9319815096439822E-6    1.4274374907861005E-6    1.052966092718894E-6     7.755685891714078E-7     5.704533351280999E-7     4.190442721198798E-7     3.074579017373459E-7     2.2534287510076109E-7    1.64998993890115E-7      1.2071059118641554E-7    8.82437330260066E-8      6.446812829049075E-8     4.707363051767202E-8     3.435824352460833E-8     2.507000371037482E-8     1.8289333417965595E-8    1.3341707534552152E-8    9.732963026585148E-9     7.101478332629068E-9     5.182890852707569E-9     3.784111681479611E-9     2.7642195461158986E-9    2.0204344763802257E-9    1.4778353149848112E-9    1.0818315878217804E-9    7.926583923074188E-10    5.813548089303067E-10    4.2682854306001036E-10   3.13714607660512E-10     2.3081326015736077E-10   1.6994907479466385E-10   1.2513401910558406E-10   9.194618069043804E-11    6.705436961940547E-11    4.7827598112979877E-11   3.196559304793919E-11    1.7066608063765905E-11   0
% Data
% c (mol/m^3) @ t=700, u1=0.01, u2=0.01, u3=0.03
1                         0.9697311663052024       0.9362770965844708       0.8998259227634532       0.8606291403403128       0.8189975974094144       0.7752953675233509       0.7299316596313431       0.683351015224674        0.6360221318321592       0.5884257277977812       0.5410419209617308       0.4943376293171453       0.4487545117704661       0.40469794984202756      0.36252752598255533      0.32254938227656227      0.28501074762565404      0.25009680699067244      0.21792995979826446      0.18857138473669843      0.16202470452836112      0.1382414367153484       0.11712783390197466      0.09855266593179914      0.08235548056527349      0.06835489798641267      0.05635654377925485      0.04616029771918758      0.037566622816287545     0.030381831073800127     0.024422230793227046     0.019517178234874966     0.015511119711004318     0.012264756955399872     0.009655499357461027     0.007577383633881211     0.005940648199780615     0.004671149991694816     0.0037098100487373605    0.003012274857345452     0.0024828985831061114    0.002039336632840153     0.0016692939044469631    0.0013618816227677283    0.0011075348293969778    8.97915809144846E-4      7.258091921290472E-4     5.850135451998991E-4     4.7023333188897E-4       3.769742303409918E-4     3.0144399042558576E-4    2.4046030607227667E-4    1.9136658623997903E-4    1.5195602791813373E-4    1.2040402068045776E-4    9.520863389563103E-5     7.513874180961036E-5     5.9189214658164404E-5    4.6542532364872586E-5    3.65361488714088E-5      2.863493881292317E-5     2.2408084795241673E-5    1.750980530193655E-5     1.3663374164765668E-5    1.064793787836078E-5     8.287693348370258E-6     6.443043462101114E-6     5.00339951112694E-6      3.881346967631424E-6     3.007933899760115E-6     2.3288792431524694E-6    1.8015313147618533E-6    1.392435616594082E-6     1.075395488363309E-6     8.299299394830657E-7     6.400504502000256E-7     4.93293100287236E-7      3.799544601669611E-7     2.9248963007459976E-7    2.2503896730544974E-7    1.730566905339251E-7     1.3301994665255953E-7    1.0220128688347173E-7    7.84910097764594E-8      6.025864462952328E-8     4.624509967002994E-8     3.547879256026554E-8     2.721050485815877E-8     2.0862829073598764E-8    1.5990965084071904E-8    1.2252318031912388E-8    9.382887730299728E-9     7.178844898527645E-9     5.48197556493814E-9      4.167840214877116E-9     3.135515033963106E-9     2.2975984821729996E-9    1.568652596827503E-9     8.491638618593185E-10    0
% Data
% c (mol/m^3) @ t=800, u1=0.01, u2=0.01, u3=0.03
1                         0.9737224107490622       0.9446391434535879       0.9128656573133437       0.8785664467890351       0.8419534744483682       0.8032831656870792       0.762851996944018        0.7209907663804073       0.6780576932312056       0.6344305465477779       0.5904980530812228       0.546650874785992        0.5032724760809916       0.4607302170207258       0.41936700874846394      0.3794938505505977       0.3413835329964152       0.30526573976103827      0.2713237139633758       0.2396925768800615       0.21045930275893718      0.18366426918575693      0.15930422450113943      0.13733644824857533      0.11768383260791351      0.10024058555662933      0.08487825129771341      0.07145175928150864      0.05980524695578242      0.049777448802481306     0.041206500122734704     0.033934063258477566     0.027808741946425294     0.022688802812274436     0.018444269465887876     0.01495849343967798      0.012129337735573271     0.009870134409287726     0.00811059950851431      0.006797909250437319     0.005770827985939912     0.0048829932227168315    0.004118645610980827     0.0034632103575935403    0.002903326153810707     0.0024268447044175486    0.0020228058718858165    0.0016813933864716739    0.001393875807181526     0.00115253700778341      9.505999597955793E-4     7.821470363640776E-4     6.420395042532823E-4     5.258383341666064E-4     4.2972796241487075E-4    3.504441924254069E-4     2.8520703953674746E-4    2.3165899894448292E-4    1.8780895294945245E-4    1.5198172569968525E-4    1.2277313572546766E-4    9.901028223156252E-5     7.971672357646655E-5     6.408215905720839E-5     5.14362019133856E-5      4.122582688524586E-5     3.299608494814805E-5     2.6373696981573496E-5    2.1053163812624947E-5    1.678505965939773E-5     1.3366207433807406E-5    1.063146609843395E-5     8.446891185586736E-6     6.7040589057818955E-6    5.315371502423427E-6     4.210186371740556E-6     3.331633847941388E-6     2.634008458949927E-6     2.0806359778561716E-6    1.6421338746800397E-6    1.2949959909450719E-6    1.0204436112312312E-6    8.034947910314105E-7     6.322120142256507E-7     4.970951813954074E-7     3.905927430416544E-7     3.0670864416747014E-7    2.406867754648036E-7     1.8875794944397079E-7    1.4793713481954812E-7    1.1586086359183085E-7    9.065641763347198E-8     7.083560951956105E-8     5.5206637300112455E-8    4.279745253791021E-8     3.278299381797728E-8     2.4405846824946743E-8    1.6874176058501114E-8    9.209900010512148E-9     0
% Data
% c (mol/m^3) @ t=900, u1=0.01, u2=0.01, u3=0.03
1                         0.9769096585084291       0.9513266617946713       0.9233199844710102       0.8929972239117417       0.8605042416054406       0.8260238005164378       0.7897731849276309       0.752000824752101        0.7129819837451837       0.6730136089703148       0.6324084755934694       0.5914887947420463       0.5505794807971668       0.5100012961291367       0.4700641041176223       0.4310604638229395       0.39325979089612106      0.3569032889087208       0.32219982373003614      0.2893228722352576       0.25840862770526585      0.22955529073059036      0.20282351974056895      0.1782379631624823       0.1557897492847691       0.135439773300378        0.11712259610698855      0.10075075759454166      0.08621930859425514      0.07341037955503527      0.062197628606646134     0.05245044459296057      0.04403781925209566      0.03683184436908968      0.030710832153145566     0.02556209856121655      0.02128448872051004      0.017790760571833823     0.015009977520992453     0.012890093835668076     0.01119147600693854      0.009686972258846217     0.008359537625268147     0.007192754338277774     0.006170966320870416     0.0052793819041607945    0.004504146578590973     0.00383238831096045      0.003252238451609418     0.002752831538540451     0.0023242874052139067    0.0019576789480454026    0.001644988741388761     0.0013790574340433448    0.001153526551357526     9.62777986263101E-4      8.018721121624368E-4     6.664861071237618E-4     5.528537546719144E-4     4.577076900833593E-4     3.7822479767079707E-4    3.1197523650036896E-4    2.5687537959613425E-4    2.1114479361937922E-4    1.732672598124181E-4     1.4195573950932916E-4    1.1612111521041029E-4    9.484448745462631E-5     7.73527749512297E-5      6.299734731395897E-5     5.1235413250336925E-5    4.161388951867931E-5     3.375548506975649E-5     2.7346748595709786E-5    2.212784461610998E-5     1.7883841953193198E-5    1.443731797597542E-5     1.1642101556701933E-5    9.377996716369423E-6     7.546347040162591E-6     6.066317855761009E-6     4.8717887322883375E-6    3.908763002699656E-6     3.1332137268577576E-6    2.5092968294835657E-6    2.0078721282127586E-6    1.605281688939666E-6     1.2823424876439185E-6    1.0235167875551831E-6    8.162289958108309E-7     6.503020262374735E-7     5.174892456240987E-7     4.110796249426557E-7     3.2555315109846424E-7    2.562597332602842E-7     1.990856580107328E-7     1.5005331524275102E-7    1.0476564456268266E-7    5.754445566222584E-8     0
% Data
% c (mol/m^3) @ t=1000, u1=0.01, u2=0.01, u3=0.03
1                         0.9795140873650504       0.9567975679038634       0.9318887781642238       0.9048569417428826       0.8758024037052137       0.8448561471224607       0.8121785645615415       0.777957480151479        0.7424054426501472       0.7057563358805018       0.6682613789611118       0.6301846137476883       0.5917979995695307       0.5533762544075104       0.5151915959021305       0.4775085439395406       0.44057894822531096      0.4046373987370868       0.3698971641651909       0.3365467837672176       0.3047474123010284       0.27463098712345946      0.24629925279781417      0.2198236435832598       0.1952459900920323       0.1725799853182206       0.15181331913320237      0.1329103708575096       0.11581533784932112      0.10045567483745534      0.08674572403083627      0.07459042936893141      0.06388904869919203      0.054538803926865845     0.046438439876718696     0.03949169633551481      0.033610733239653696     0.028719585179439767     0.024757757500301996     0.021684111704330832     0.019172860550204382     0.016903774867402514     0.014860965556018063     0.01302846720889146      0.011390433537050463     0.00993131060352905      0.008635986145166082     0.007489914246085422     0.006479215496192604     0.005590753500981463     0.004812189194544658     0.004132014845125941     0.0035395699389472257    0.0030250412963269647    0.002579449831046792     0.002194626328336843     0.001863178508099562     0.0015784514768104761    0.0013344834711690912    0.0011259585742240182    9.481578532139882E-4     7.969101381573113E-4     6.685434393159037E-4     5.598377958882235E-4     4.679801615357759E-4     3.9052176685363735E-4    3.2533825553796513E-4    2.7059276960394416E-4    2.2470205859683305E-4    1.8630560679469872E-4    1.5423770905123417E-4    1.2750237811267226E-4    1.0525093185122991E-4    8.676208581917701E-5     7.142436288672832E-5     5.872062568802172E-5     4.821453755453133E-5     3.9538762155871434E-5    3.238471998537677E-5     2.6493730105113277E-5    2.1649377362947943E-5    1.7670957934131993E-5    1.4407868983134942E-5    1.1734821069215593E-5    9.54776430975057E-6      7.7604310207525E-6       6.301408373531277E-6     5.111664353517354E-6     4.142458764194997E-6     3.3535778687035732E-6    2.711835976969013E-6     2.1897889453664656E-6    1.7646015249100522E-6    1.416999877254914E-6     1.1302172621639857E-6    8.887958882937263E-7     6.770254247864025E-7     4.7665105606052923E-7    2.6322292087817406E-7    0
% Data
% c (mol/m^3) @ t=1100, u1=0.01, u2=0.01, u3=0.03
1                         0.9816844780442844       0.9613607299985187       0.9390462898385107       0.9147837031251891       0.8886410506697595       0.860711948738578        0.831114996600086        0.7999926572215083       0.7675095735566166       0.7338503406043282       0.6992167716291189       0.6638247148989183       0.6279004942380737       0.5916770618167981       0.5553899641326223       0.5192732313815913       0.4835553057800526       0.44845512545224137      0.4141784770096666       0.38091472190533016      0.3488339892834175       0.31808491185032983      0.2887929619992007       0.261059423984373        0.2349610155042038       0.210550149872836        0.18785580935499024      0.16688498247455788      0.14762460433146143      0.1300439301034021       0.11409726862225888      0.0997270055311745       0.086866854048688        0.0754452854804628       0.06538911075193565      0.05662720760932664      0.04909441484134138      0.042735643928475994     0.037510288926464116     0.03339704613167859      0.02998134417486962      0.02684298713336661      0.023969271692748602     0.02134676815925576      0.018961520343855804     0.01679923844937905      0.014845481095784627     0.013085823348044055     0.011506008371548204     0.010092081092791277     0.008830502956154009     0.007708247515898267     0.006712877168396307     0.005832601802608772     0.005056320522684958     0.0043736478764228315    0.0037749262125717103    0.0032512258970758263    0.0027943351538724437    0.002396741271394415     0.0020516048433895815    0.0017527286036118296    0.0014945222790870194    0.0012719647355889047    0.0010805645299174888    9.163198233861922E-4     7.756784550289447E-4     6.554988255500879E-4     5.53012106881033E-4      4.657861692570386E-4     3.916915089841166E-4     3.288693658119582E-4     2.7570213878509725E-4    2.307861429135947E-4     1.929066949952406E-4     1.6101547425563954E-4    1.342100708736197E-4     1.1171561162103656E-4    9.286833548609056E-5     7.710098204796095E-5     6.392985039575439E-5     5.294338550603669E-5     4.3792151285622325E-5    3.6180054124748854E-5    2.9856687048953872E-5    2.4610671719379704E-5    2.0263882931244128E-5    1.6666447148125617E-5    1.3692412035195583E-5    1.1235986552706863E-5    9.208248798506412E-6     7.534207901873399E-6     6.150080862066364E-6     5.000594988193719E-6     4.0360337792146295E-6    3.2085780627712005E-6    2.4672021809143684E-6    1.7498759663021363E-6    9.709405245081225E-7     0
% Data
% c (mol/m^3) @ t=1200, u1=0.01, u2=0.01, u3=0.03
1                         0.9835219118940781       0.965226528243002        0.9451169390842821       0.9232166951474166       0.8995704666243775       0.8742443143027872       0.8473255456239086       0.8189221383120664       0.7891617255554757       0.7581901489829097       0.7261695984913413       0.6932763708969117       0.6596982919269233       0.6256318577470028       0.5912791625316316       0.5568446870717944       0.5225320296562467       0.4885406641242402       0.4550628108271578       0.4222805041326804       0.39036293507135905      0.35946413992240067      0.32972109527608573      0.3012522678572948       0.2741566537488021       0.24851332733106038      0.22438150605798204      0.20180112395970737      0.18079389534246218      0.16136484132453194      0.14350424628019906      0.12719000948031722      0.11239035954900496      0.0990669059176369       0.08717801214544943      0.076682490470704        0.06754363473924604      0.059733629236588225     0.05323839308699095      0.04806294281902543      0.04370581703215101      0.039645365180584764     0.03587330929902149      0.03238018432019276      0.029155497400355997     0.02618789425447037      0.023465328366471003     0.02097522918392019      0.01870466576742688      0.01664050281499231      0.014769546490405983     0.013078678024515893     0.011554973602633953     0.010185809578055857     0.008958952542409493     0.007862634224506069     0.006885611571187794     0.006017212681111288     0.005247369513894086     0.004566638484062031     0.003966210175666505     0.0034379094849665373    0.002974187522037639     0.0025681065850528457    0.0022133194709304483    0.0019040443105088074    0.001635036022365635     0.001401555373147659     0.001199336519322071     0.0010245537902562269    8.737883592702843E-4     7.439953407574483E-4     6.324717498338431E-4     5.368256677885753E-4     4.549468727876144E-4     3.8497912128012844E-4    3.2529420139745726E-4    2.74467825041416E-4      2.3125737981077277E-4    1.9458152472276964E-4    1.6350158404552636E-4    1.3720467058855177E-4    1.1498845257604832E-4    9.624746578398269E-5     8.046086393022848E-5     6.718149422603575E-5     5.602618015857359E-5     4.666708817977547E-5     3.882404644028752E-5     3.225766804123411E-5     2.6763102039613854E-5    2.216418194654916E-5     1.8307645707172585E-5    1.5056932642349234E-5    1.2284769699436026E-5    9.863253334604203E-6     7.649264241454329E-6     5.461564568029249E-6     3.0433874008569123E-6    0
% Data
% c (mol/m^3) @ t=0, u1=0.01, u2=0.01, u3=0.05
1                         -4.52284577296406E-8     2.1593471701523133E-15   2.4290496195567383E-20   3.2340292311947445E-26   3.296041953163354E-32    3.0016600099896497E-38   2.568143168585249E-44    2.111589465229364E-50    1.6890005337407386E-56   1.3239176014680624E-62   1.0217940586561672E-68   7.790195122817811E-75    5.880645162805392E-81    4.402910824473005E-87    3.273866670895748E-93    2.420083364469386E-99    1.779912873506473E-105   1.3033148956459134E-111  9.506353164339764E-118   6.91010493207561E-124    5.007517918951129E-130   3.618794268209429E-136   2.608706507018747E-142   1.8763191843387725E-148  1.3467757137039002E-154  9.648653579058268E-161   6.900611668883023E-167   4.92738662588991E-173    3.513225083996447E-179   2.5015087296252548E-185  1.77887870701488E-191    1.2635029233544204E-197  8.964486853538534E-204   6.353665619595138E-210   4.498841287921395E-216   3.182581786456978E-222   2.249489953010255E-228   1.5886754562396342E-234  1.1211204880548609E-240  7.95864993138126E-247    7.033409841095592E-253   6.211657925773968E-259   5.482495413146362E-265   4.836054675317395E-271   4.263423037417954E-277   3.7565678597637186E-283  3.308264009482794E-289   2.9120245030335887E-295  2.5620348378715307E-301  2.2530913264007174E-307  1.98054314297E-313       1.7264E-319              0                        0                        0                        0                        0                        0                        0                        0                        0                        0                        0                        0                        0                        0                        0                        0                        0                        0                        0                        0                        0                        0                        0                        0                        0                        0                        0                        0                        0                        0                        0                        0                        0                        0                        0                        0                        0                        0                        0                        0                        0                        0                        0                        0                        0                        0                        0                        0
% Data
% c (mol/m^3) @ t=100, u1=0.01, u2=0.01, u3=0.05
1                         0.8551207359120235       0.7035370973406724       0.5550797663659197       0.4187294404283539       0.30124528267747536      0.20630615495644353      0.1343708808297617       0.0832460788494243       0.04911660929372076      0.027660124837926976     0.014910901009438978     0.00772017056601807      0.003852562185108826     0.0018594801978000846    8.709784859475934E-4     3.971487279987623E-4     1.7679450863214048E-4    7.703234612519891E-5     3.292808841974815E-5     1.3836856245124273E-5    5.726267043004903E-6     2.337555797425038E-6     9.425811625581345E-7     3.7590559326814187E-7    1.4842753951834036E-7    5.808202753619806E-8     2.2543802432188423E-8    8.685486831982393E-9     3.3237526542393828E-9    1.264107477668677E-9     4.780626528235663E-10    1.7985853125441806E-10   6.734430803326548E-11    2.510462360204834E-11    9.320363872135523E-12    3.4472464787752607E-12   1.2706819153401063E-12   4.673555526261198E-13    1.7294127201720804E-13   6.867205260974919E-14    3.037914133838654E-14    1.3407367356493514E-14   5.903946759659576E-15    2.594333939743053E-15    1.1377404298682182E-15   4.980120866271638E-16    2.175995535650602E-16    9.491535137399694E-17    4.1334372354496966E-17   1.797281803986302E-17    7.803368716546747E-18    3.383282407546766E-18    1.4649123959894892E-18   6.334723660055956E-19    2.735961760732791E-19    1.1802687874163795E-19   5.0858228082239265E-20   2.1891248275745032E-20   9.412982701839915E-21    4.043419405414789E-21    1.735207801975642E-21    7.439621149269346E-22    3.1868482626459666E-22   1.3639454711386933E-22   5.832715263332084E-23    2.492270033610508E-23    1.0640982746143821E-23   4.5398539886469296E-24   1.935468736653147E-24    8.245645778666946E-25    3.5104844290529108E-25   1.4935592736461215E-25   6.35037914986213E-26     2.698404029208114E-26    1.1459149819439121E-26   4.863439715664155E-27    2.0629451521355577E-27   8.745644185953402E-28    3.7056345175232706E-28   1.5693015989839822E-28   6.642467562184E-29       2.8102020400676015E-29   1.1883281238710675E-29   5.0226320386071034E-30   2.12191372588479E-30     8.960463389988976E-31    3.7821994835762643E-31   1.595784529498329E-31    6.73014468774795E-32     2.837260370912963E-32    1.1956464473615065E-32   5.036619714669359E-33    2.1208608624085964E-33   8.927405489022816E-34    3.756462038005113E-34    1.579961358023247E-34    6.637786630770512E-35    2.765562805596588E-35    1.0575154941494043E-35   0
% Data
% c (mol/m^3) @ t=200, u1=0.01, u2=0.01, u3=0.05
1                         0.910695049588524        0.8143184375356264       0.7140391059810914       0.613256172441459        0.5153179432541051       0.4232434939721767       0.3394824791230376       0.2657454641376334       0.20292742345023881      0.1511318163440791       0.10978462379394453      0.07781147178657169      0.053841332506590844     0.03640024335654924      0.02406740123968655      0.015579884558284548     0.00988592337212624      0.00615620370628385      0.0037668551594354253    0.002267431084013996     0.0013442527569217171    7.857775200626143E-4     4.533612336035912E-4     2.584292837522562E-4     1.4567648720822552E-4    8.127499167230369E-5     4.49144139397271E-5      2.460315888273144E-5     1.3367868258375829E-5    7.2088468767482085E-6    3.860522115642436E-6     2.0541252696827255E-6    1.0864617751174422E-6    5.714795172482736E-7     2.9907218434735654E-7    1.558036345001607E-7     8.088939070630177E-8     4.2006230281166115E-8    2.2137222428278823E-8    1.2518079944653955E-8    7.641900864453655E-9     4.65223568844703E-9      2.8248039626501277E-9    1.7109835286595021E-9    1.0339373146056222E-9    6.234320429288374E-10    3.7513041251396524E-10   2.2527953797280745E-10   1.350368383249614E-10    8.080076226557495E-11    4.8266981229790335E-11   2.8786739947656677E-11   1.7142583485651354E-11   1.0193728353631387E-11   6.05330193775325E-12     3.5898948531213674E-12   2.126312524123458E-12    1.257919058059573E-12    7.433293643354391E-13    4.387673027799214E-13    2.5872101152579516E-13   1.5240265782814967E-13   8.968805318842322E-14    5.2732051616147405E-14   3.097623331527893E-14    1.8180732717465483E-14   1.0661962343751414E-14   6.247687217740652E-15    3.658225386821852E-15    2.140438200466691E-15    1.251489955045906E-15    7.312321718625229E-16    4.269693738956845E-16    2.49150306087665E-16     1.4529767692005282E-16   8.468320633378602E-17    4.9327113786410554E-17   2.8716527595331626E-17   1.670873601633899E-17    9.716906531068235E-18    5.647967347642578E-18    3.281275646848528E-18    1.9053993326176475E-18   1.1059313064530611E-18   6.416156961439107E-19    3.7207636204230477E-19   2.1567748459092277E-19   1.2496785180455535E-19   7.237981852600771E-20    4.1905119662267473E-20   2.4252223928495346E-20   1.4030558701304548E-20   8.114086361833885E-21    4.6907221875260494E-21   2.7103550504345812E-21   1.5642962298454492E-21   8.986579741651227E-22    5.040499548557228E-22    2.4517084764225607E-22   0
% Data
% c (mol/m^3) @ t=300, u1=0.01, u2=0.01, u3=0.05
1                         0.9346285450066134       0.8633366588454192       0.7876306901347142       0.7092199571503718       0.6299205939740253       0.5515504765657724       0.4758244324169399       0.40425907690272234      0.33809568754152675      0.278247602349161        0.22527591853598392      0.17939409730743977      0.14049885955862823      0.10822193402078348      0.08199521895007422      0.061121064051829745     0.044839799484336904     0.03238819582929787      0.023044838306484156     0.016160901716887607     0.011177007107047282     0.007628384451124471     0.005141344274474565     0.0034241604078301294    0.0022550876005528703    0.0014696109525410793    9.483427104082504E-4     6.0637473920261E-4       3.844250901407923E-4     2.4179717293136942E-4    1.5098201862890465E-4    9.364650264505763E-5     5.7730238467991506E-5    3.539320337458034E-5     2.1594402849743114E-5    1.3125545709086086E-5    7.965077041786671E-6     4.853384998438684E-6     3.0185486805761857E-6    2.004100164166503E-6     1.4120235358117455E-6    9.93087996305771E-7      6.973642070333975E-7     4.890504748398052E-7     3.4257750159057713E-7    2.397491488770956E-7     1.676576221273937E-7     1.1717242856914128E-7    8.185109387822005E-8     5.715770634484799E-8     3.9904713532475685E-8    2.7855718751765822E-8    1.9443799049077685E-8    1.3572342183975026E-8    9.47459508031123E-9      6.614839376819591E-9     4.618991036438522E-9     3.2259431627924564E-9    2.2534988174131178E-9    1.5745458752784574E-9    1.1004098548165903E-9    7.692304331092057E-10    5.378499800017663E-10    3.761551232711084E-10    2.631304894156329E-10    1.8410689969712316E-10   1.288425480016348E-10    9.018494850926459E-11    6.313776292509537E-11    4.42098840228713E-11     3.09613046402454E-11     2.1686202065359582E-11   1.5191718977318002E-11   1.0643500531318665E-11   7.457811592671867E-12    5.226165269399542E-12    3.6626499485761894E-12   2.5671086333395234E-12   1.799392668241465E-12    1.2613543385244623E-12   8.842490419964456E-13    6.199198885067372E-13    4.3462772272082584E-13   3.0473182262815107E-13   2.1366559690387788E-13   1.4981865196915698E-13   1.0505335846926819E-13   7.366568031327734E-14    5.165712024571127E-14    3.622457248051859E-14    2.5402814314441783E-14   1.7813916441056377E-14   1.2491515634387587E-14   8.757409264523776E-15    6.1344645111275345E-15   4.284079422661984E-15    2.9585624618653204E-15   1.9581437228187487E-15   1.0764176205053051E-15   0
% Data
% c (mol/m^3) @ t=400, u1=0.01, u2=0.01, u3=0.05
1                         0.9487491342223423       0.8925296828452063       0.8321543417438395       0.7685872936482526       0.7029063400663843       0.6362576763195171       0.5698060186872698       0.5046832631988187       0.4419391021791062       0.38249700476203596      0.327118649557502        0.27637927071661744      0.23065546733396824      0.19012590336279628      0.15478411539959663      0.12446151142483937      0.09885775541858721      0.07757522896049532      0.0601542101129594       0.04610579108817818      0.03494026517311456      0.026189593538015313     0.019423448082114547     0.014259081662780846     0.010365819844246983     0.007465274550149565     0.005328472515477869     0.0037710213746331373    0.002647264310202722     0.0018441563978970415    0.0012753752643715251    8.759832589586841E-4     5.978019262780554E-4     4.055454669060195E-4     2.7368462420024895E-4    1.8396914302092952E-4    1.2351776612271E-4       8.338244929631537E-5     5.7502334599315085E-5    4.197906572683059E-5     3.209757780200874E-5     2.4469808887327876E-5    1.8602372570748784E-5    1.4104046325048014E-5    1.0666267280944453E-5    8.046885237901505E-6     6.056762974908321E-6     4.548824526990541E-6     3.4091780010421857E-6    2.549974367124694E-6     1.903702703518233E-6     1.4186621841745046E-6    1.0553893840275194E-6    7.83854826541627E-7      5.812743522617055E-7     4.304085609272536E-7     3.1824730593952704E-7    2.3499623327611405E-7    1.7329900616235622E-7    1.276425426262094E-7     9.390372578292314E-8     6.900501922167872E-8     5.0653592004213314E-8    3.7144248570133454E-8    2.7210944212978494E-8    1.9915180749432263E-8    1.4562314802473741E-8    1.0638933472589981E-8    7.766089839117107E-9     5.664449039086052E-9     4.128358703349089E-9     3.0065919052849974E-9    2.1880689039952856E-9    1.5912868156453942E-9    1.1565057784543566E-9    8.399808280150069E-10    6.097095399019094E-10    4.423010686101211E-10    3.20673621235757E-10     2.3236310115826476E-10   1.6828204980537262E-10   1.2180994857593023E-10   8.812707097990663E-11    6.372714362705801E-11    4.6061143950576535E-11   3.327717410864049E-11    2.403065550174808E-11    1.7345944582837377E-11   1.2515516085294424E-11   9.026567962020624E-12    6.507623808271155E-12    4.689701835714787E-12    3.378073237902264E-12    2.4316804057788807E-12   1.7480106899799353E-12   1.2516499315752976E-12   8.84801403887319E-13     5.97477136480338E-13     3.3310110883891163E-13   0
% Data
% c (mol/m^3) @ t=500, u1=0.01, u2=0.01, u3=0.05
1                         0.9580058658742255       0.9117827252672542       0.8618144528848775       0.8086961941347021       0.7531168769347137       0.6958368605212532       0.6376617363290178       0.579413597562252        0.5219013208473996       0.4658915286603821       0.4120819049095011       0.36107840797559887      0.31337766813984985      0.269355486057752        0.22926189570084493      0.19322276032588556      0.16124738241025197      0.13324117899739396      0.10902214862882555      0.08833966902759031      0.07089413161056757      0.05635603367144313      0.04438338488484874      0.03463659963517665      0.026790392016901716     0.020542520343595272     0.015619506951221156     0.011779665536919766     0.008813895464199464     0.0065447558495808815    0.004824325481277424     0.0035313052297839473    0.0025677453111693643    0.001855695952679871     0.0013339984742859329    9.553624630040954E-4     6.838180984461218E-4     4.92592750042183E-4      3.624380893437679E-4     2.804278769757425E-4     2.253612246377341E-4     1.805029565597E-4        1.4410560879126475E-4    1.1468661670633935E-4    9.09961711815345E-5      7.198706959052696E-5     5.678694255265433E-5     4.4673066798926834E-5    3.5049836819501784E-5    2.7428861636622087E-5    2.141157512030131E-5     1.6674194911803274E-5    1.2954832101424617E-5    1.0042537231560155E-5    7.76806417071014E-6      5.996138580039096E-6     4.619029233325643E-6     3.5512360368429653E-6    2.7251264039463612E-6    2.0873702875425297E-6    1.5960426589782936E-6    1.2182798544969636E-6    9.283925509513719E-7     7.063529351140334E-7     5.365867938545702E-7     4.070127767021178E-7     3.0828103858689914E-7    2.3317197332503423E-7    1.7612293629884463E-7    1.328568762798782E-7     1.0009179979027807E-7    7.531411837277577E-8     5.660231038070392E-8     4.2490082158360954E-8    3.186044272260205E-8     2.3863901581435052E-8    1.7855438504392136E-8    1.3346042404973795E-8    9.965528915961226E-9     7.43406834146354E-9      5.540425034414987E-9     4.1253566167694856E-9    3.068971816408576E-9     2.281119225308169E-9     1.694092207231314E-9     1.2571004675383837E-9    9.32086761750717E-10     6.905660388067352E-10    5.112404385538488E-10    3.7820205337257953E-10   2.79580167156491E-10     2.0652383316975898E-10   1.5243638481295236E-10   1.1239723342250458E-10   8.271849622408661E-11    6.058818801598822E-11    4.37425907127564E-11     3.007370000863247E-11    1.6977681166937512E-11   0
% Data
% c (mol/m^3) @ t=600, u1=0.01, u2=0.01, u3=0.05
1                         0.9646320259222577       0.9256128193457049       0.8832452395813267       0.8379154705487283       0.7900842835551976       0.7402751154579219       0.6890593951942329       0.6370397211946162       0.5848316331723931       0.5330448223494263       0.48226467481491764      0.43303503729384596      0.38584303112854074      0.34110662130566316      0.2991654800495856       0.2602754803055348       0.22460692841355323      0.19224641501025966      0.1632019473142541       0.13741084231267864      0.11474972408504364      0.09504589004379521      0.07808929458438058      0.06364444205352107      0.051461575136300536     0.04128667576321455      0.032869946666948015     0.025972595743901133     0.020371887473641527     0.01586454471984589      0.012268673842793978     0.00942444439651939      0.007193783892133296     0.005459353137496986     0.0041230550887306925    0.003104307095076198     0.0023382797563627484    0.001774281483307749     0.0013744514939701988    0.0011129197929051215    9.299015815173412E-4     7.744044847240975E-4     6.428165181009685E-4     5.318951482793836E-4     4.3875008382667744E-4    3.608224745548475E-4     2.9586162691887203E-4    2.419002285308996E-4     1.9722894114967003E-4    1.603710795706613E-4     1.300579524006924E-4     1.0520530641697039E-4    8.48911937520095E-5      6.833547339768674E-5     5.488106687168426E-5     4.3977012538421144E-5    3.5163303342272655E-5    2.8057447306296284E-5    2.234265742011437E-5     1.7757555656301312E-5    1.4087262959259515E-5    1.1155741367572344E-5    8.819254333733586E-6     6.960815359082044E-6     5.485502040942865E-6     4.316521517711027E-6     3.3919232792561656E-6    2.6618657484761076E-6    2.0863534570080617E-6    1.6333716900151931E-6    1.2773549280934932E-6    9.979341237041593E-7     7.789157390079501E-7     6.074525173015839E-7     4.733721747599018E-7     3.6863562211417803E-7    2.869010131363918E-7     2.2317393370056055E-7    1.7352746117956613E-7    1.3487870860327907E-7    1.0481088840961718E-7    8.143194953085687E-8     6.326251640914134E-8     4.914724094342418E-8     3.818481402147784E-8     2.9672812101511843E-8    2.3064310746897976E-8    1.7933810506150122E-8    1.3950515837426888E-8    1.0857405293220645E-8    8.454846881799726E-9     6.587757214312155E-9     5.135480017324187E-9     4.0036586532535125E-9    3.117360664665273E-9     2.4144819492013033E-9    1.8377803901524191E-9    1.3222222186049754E-9    7.704251760054707E-10    0
% Data
% c (mol/m^3) @ t=700, u1=0.01, u2=0.01, u3=0.05
1                         0.9697311663110809       0.9362770965979589       0.8998259227877996       0.8606291403810207       0.8189975974754464       0.7752953676290627       0.729931659799548        0.6833510154914841       0.6360221322546049       0.5884257284657828       0.5410419220168695       0.49433763098206135      0.44875451439480957      0.40469795397417807      0.3625275324813573       0.3225493924850841       0.2850107636408757       0.25009683208119643      0.21792999904988172      0.18857144604780016      0.16202480014103018      0.13824158556432373      0.1171280652085358       0.09855302468650419      0.08235603586680651      0.068355755683594        0.056357865571792586     0.046162329913633        0.037569739454404595     0.03038659835938965      0.024429502931718867     0.019528239371455074     0.015527893161300491     0.01229011211818032      0.009693699585526377     0.007634736241974658     0.0060264424265230885    0.004799002298234218     0.0038995813655721577    0.0032927846124564167    0.002852944910307619     0.0024653424016659797    0.0021249038161572       0.0018268587404508816    0.0015667537634782465    0.001340459877016589     0.0011441738353601865    9.744142625394032E-4     8.28013335382166E-4      7.021048720456839E-4     5.941096257238297E-4     5.01718529479558E-4      4.2287456766028044E-4    3.5575386854647426E-4    2.987465272811435E-4     2.5043758224977465E-4    2.0958848543333003E-4    1.7511933038941928E-4    1.4609203212048654E-4    1.216945921211428E-4     1.0122652972140798E-4    8.408551735657321E-5     6.975522215454026E-5     5.779432856358492E-5     4.7826695832825284E-5    3.953258912342936E-5     3.264091298072382E-5     2.6922369978386666E-5    2.2183464759454637E-5    1.8261273727359145E-5    1.5018902653790305E-5    1.23415579291473E-5      1.0133161633621473E-5    8.313445682488002E-6     6.815465702128336E-6     5.583480793282933E-6     4.571150761062493E-6     3.7400076108241627E-6    3.0581630378205444E-6    2.4992182208420987E-6    2.041346435123771E-6     1.6665228159828023E-6    1.3598790346694623E-6    1.1091637045938706E-6    9.042920389837812E-7     7.369706533269808E-7     6.003854714867685E-7     4.889424738755072E-7     3.980525311722623E-7     3.2395278887444737E-7    2.635579530890729E-7     2.1433522676597856E-7    1.741961991321474E-7     1.4139688334834553E-7    1.144315113908097E-7     9.189261970087201E-8     7.224057104082826E-8     5.336057993375531E-8     3.1642018111833554E-8    0
% Data
% c (mol/m^3) @ t=800, u1=0.01, u2=0.01, u3=0.05
1                         0.9737224107933828       0.9446391435542537       0.9128656574921985       0.8785664470821155       0.8419534749128423       0.803283166412035        0.7628519980670638       0.72099076811308         0.6780576958977242       0.6344305506439953       0.5904980593641197       0.5466508844092606       0.5032724908000422       0.4607302395020429       0.4193670430354594       0.37949390276361755      0.3413836123822256       0.3052658602625628       0.271323896561794        0.2396928530802664       0.21045971976247743      0.18366489754648724      0.15930516942145562      0.13733786619555732      0.1176859556749358       0.10024375705861534      0.08488297759336316      0.07145878493588582      0.05981566332507435      0.04979285025277444      0.04122920780216971      0.03396744417308798      0.027857661751875828     0.022760265130711728     0.018548313806018697     0.015109449342268677     0.01234756628096101      0.010184431703595192     0.00856149248577133      0.007442144576326805     0.006610048462369083     0.005857371622138109     0.005178531896251094     0.0045680578022768625    0.004020628454631499     0.0035311078457352335    0.0030945733074023134    0.0027063381600133875    0.002361968720134761     0.0020572959715715947    0.0017884223091340042    0.001551723839171452     0.0013438487680779894    0.0011617124323588471    0.001002489524967062     8.636040562564096E-4     7.427175578771837E-4     6.377159979183071E-4     5.466958289101095E-4     4.6794953987251464E-4    3.999510318902164E-4     3.413410857154144E-4     2.909131411790472E-4     2.4759956285343285E-4    2.104585252007417E-4     1.7866161379356433E-4    1.514822072760022E-4     1.282846775100131E-4     1.0851442263037133E-4    9.1688729209992E-5       7.738844504058724E-5     6.525043274627176E-5     5.496076613932828E-5     4.6248625471888985E-5    3.888084412769632E-5     3.2657057455922414E-5    2.740540403079821E-5     2.2978730321134666E-5    1.9251251306331785E-5    1.6115621751925553E-5    1.3480375465873072E-5    1.1267692737372838E-5    9.411459182947545E-6     7.855582284342515E-6     6.552534912923622E-6     5.46209801971526E-6      4.5502773499491845E-6    3.7883714083213783E-6    3.1521697683120026E-6    2.62126181042922E-6      2.1784352979457807E-6    1.8091401552042053E-6    1.500981742257126E-6     1.2431819324866748E-6    1.0258884086822449E-6    8.3908623437427E-7       6.705922836581395E-7     5.020234492801234E-7     3.0036041312286344E-7    0
% Data
% c (mol/m^3) @ t=900, u1=0.01, u2=0.01, u3=0.05
1                         0.9769096587177531       0.951326662266619        0.9233199852999093       0.892997225250031        0.8605042436901126       0.8260238037092004       0.7897731897752804       0.7520008320767565       0.7129819947786141       0.6730136255533273       0.6324085004711314       0.5914888319997846       0.5505795365035051       0.5100013792808034       0.4700642280259987       0.4310606481429772       0.3932600645879323       0.35690369454920046      0.32220042377272246      0.28932375807281246      0.2584099327503151       0.22955720923812722      0.202826333804459        0.17824208130523467      0.15579576142494306      0.13544852876066812      0.11713531389629316      0.10076918169211334      0.08624592568485218      0.07344872299661105      0.06225270084384856      0.052529301367415904     0.044150373547572536     0.03699196695996878      0.03093784994902065      0.025882822861536908     0.021735944341202976     0.018423834987341972     0.0158942680741011       0.01412030194763133      0.012776021157897962     0.011535608531316795     0.010394054525665712     0.009346232746230962     0.008386947720773618     0.007510980866441332     0.006713133848720085     0.0059882686708175505    0.00533134397896971      0.004737447217718349     0.004201822412871222     0.0037198934934798834    0.0032872831838837795    0.002899827600070571     0.0025535867698662025    0.0022448513634007405    0.0019701459693633955    0.0017262292848997556    0.001510091604240463     0.0013189499952200477    0.001150241545846725     0.0010016150471525336    8.70921455754184E-4      7.5620345181298E-4       6.556843771273708E-4     5.67756805429439E-4      4.909709638540723E-4     4.24023192036147E-4      3.65744594169496E-4      3.150900102261727E-4     2.711274057948258E-4     2.3302775590242834E-4    2.000554768501758E-4     1.7155944152998442E-4    1.469645978162433E-4     1.2576419630879078E-4    1.0751262275383678E-4    9.1818821677694E-5       7.834029090638587E-5     6.677762148017082E-5     5.68695537759804E-5      4.8388518200231015E-5    4.113662739534181E-5     3.49420863062686E-5      2.965598646146009E-5     2.514945118220467E-5     2.131109879189166E-5     1.804479066445588E-5     1.5267629021762782E-5    1.290816353105581E-5     1.0904751327744664E-5    9.203982334514334E-6     7.759010023710145E-6     6.527473361828617E-6     5.468365984031457E-6     4.536507583013981E-6     3.6717850239828053E-6    2.7771788859216725E-6    1.6729190639632612E-6    0
% Data
% c (mol/m^3) @ t=1000, u1=0.01, u2=0.01, u3=0.05
1                         0.9795140881187069       0.9567975695928537       0.9318887811026343       0.9048569464291681       0.8758024109009303       0.8448561579694376       0.8121785807545154       0.7779575041908887       0.7424054782107431       0.7057563883470969       0.6682614562050759       0.6301847272494459       0.5917981660371178       0.5533764981044516       0.5151919519867671       0.4775090632424388       0.44057970406511526      0.40463849661668744      0.3698987555243353       0.3365490854283279       0.3047507338768243       0.27463576951742863      0.24630612209977737      0.21983348624418303      0.19526005738670063      0.1726000379402953       0.15184182652865658      0.13295078485778092      0.11587246664669276      0.10053619175695519      0.08685885638083914      0.07474888646792441      0.06411026563581661      0.05484659944913854      0.046865213817161314     0.04008132497706988      0.03442236079329783      0.029832556740172638     0.026277993900239213     0.023752289627426617     0.021808957315918        0.019987121579779256     0.018283196624372087     0.01669330068668376      0.015213293701705955     0.013838817054265757     0.01256533457817638      0.011388173977930348     0.010302567888175209     0.009303693848714732     0.00838671255298635      0.007546803820850294     0.006779199847118754     0.006079215380903111     0.005442274593420799     0.004863934489873628     0.004339904811585181     0.0038660644556872655    0.0034384745098940796    0.0030533880585559173    0.002707256963062331     0.002396735855056645     0.002118683605489181     0.0018701625472118304    0.001648435734723604     0.0014509625230441229    0.0012753927397858098    0.0011195597115641962    9.814723891157368E-4     8.593067959770934E-4     7.513970042973578E-4     6.562258191568644E-4     5.724153303735236E-4     4.987174687808904E-4     4.340046828291332E-4     3.7726083144443465E-4    3.275723706357886E-4     2.841198945225642E-4     2.4617007635636295E-4    2.1306804174573592E-4    1.8423019462482745E-4    1.5913750644774074E-4    1.3732927049412967E-4    1.1839731581636085E-4    1.0198066889116996E-4    8.776064484959797E-5     7.545634311292032E-5     6.482051212604949E-5     5.563573011706366E-5     4.771081405313639E-5     4.0877297708953384E-5    3.4985671292453446E-5    2.9900764253171282E-5    2.5495001736080513E-5    2.1636901613769444E-5    1.8169326004991118E-5    1.4866036402240193E-5    1.1342640920579747E-5    6.872011875068368E-6     0
% Data
% c (mol/m^3) @ t=1100, u1=0.01, u2=0.01, u3=0.05
1                         0.9816844802908283       0.96136073500718         0.9390462984813449       0.9147837167632737       0.8886410713501396       0.860711979482029        0.8311150418174456       0.7999927233122492       0.7675096697656099       0.7338504802438516       0.6992169738165169       0.663825007020477        0.6279009154329533       0.5916776678896825       0.5553908344614685       0.519274478602658        0.4835570893264161       0.4484576704208721       0.41418210037073394      0.3809198687912153       0.3488412830626841       0.31809522297903026      0.2888075023441985       0.26107987555148926      0.23498970542832506      0.210590287322888        0.1879118048991634       0.1669628767104245       0.1477326405300427       0.13019331561401568      0.1143031822521603       0.1000099235075027       0.08725428597368105      0.07597403439105549      0.06610819844562893      0.057601638169795376     0.05040998600721606      0.044505057573242406     0.03988085808097559      0.03656034582512362      0.03397375729521714      0.03151743463867074      0.029189634813793143     0.02698823199251616      0.024910735582870446     0.022954312419288123     0.021115812666634353     0.019391798902851923     0.017778577785082225     0.01627223366610654      0.014868663511806652     0.013563612474945681     0.012352709503974747     0.01123150240521457      0.010195491829675534     0.009240163718786467     0.00836101981320063      0.0075536059025616996    0.006813537568819897     0.006136523248903051     0.005518384512180386     0.004955073512542928     0.004442687632823264     0.003977481389857293     0.0035558757112936997    0.003174464730155406     0.002830020270302167     0.0025194942157123097    0.002240018969443811     0.0019889062149235684    0.001763644193598607     0.0015618937097517456    0.001381483066227962     0.0012204021247043113    0.001076795671689064     9.48956257317839E-4      8.353166588185571E-4     7.344421047579871E-4     6.450223802933417E-4     5.658639179790838E-4     4.958819634728641E-4     4.3409289088186716E-4    3.796067284678629E-4     3.316199417014814E-4     2.8940850646202196E-4    2.523212888231287E-4     2.197737257619982E-4     1.9124176581685403E-4    1.662559647235523E-4     1.443955063561324E-4     1.2528166758688362E-4    1.0856972982855513E-4    9.393727646024194E-5     8.106461811596712E-5     6.959854699004041E-5     5.908124038223165E-5     4.8806765703628764E-5    3.7527681559417677E-5    2.2851860164138195E-5    0
% Data
% c (mol/m^3) @ t=1200, u1=0.01, u2=0.01, u3=0.05
1                         0.9835219176968625       0.9652265411216402       0.9451169611477295       0.9232167296360799       0.8995705183413601       0.8742443902333202       0.847325655816631        0.8189222971249139       0.7891619534088861       0.7581904748177155       0.7261700632033524       0.693277032121665        0.6596992306856004       0.6256331876501553       0.5912810424868945       0.5568473387758018       0.5225357615960596       0.4885459044038839       0.4550701519138439       0.42229076363992635      0.39037723803139773      0.35948402973353083      0.3297486827470084       0.3012904306376406       0.27420930208605465      0.24858575670986124      0.22448086306881307      0.20193701895020785      0.18097920429373404      0.16161675025655187      0.14384560462744433      0.1276510745909449       0.11301103302360213      0.0998995841360897       0.08829119815557024      0.07816534240380356      0.06951165683712739      0.06233574489484896      0.056665674141219875     0.05255930425812236      0.04932820168685726      0.0462272691318049       0.04325659443280653      0.040415887444528474     0.03770447859794918      0.0351213215922984       0.03266500022376584      0.030333739257526714     0.02812541915444265      0.026037594376729527     0.02406751492088732      0.02221215066350659      0.02046821805769399      0.01883220868552817      0.01730041915518796      0.015868981829565185     0.01453389588512877      0.013291058223964689     0.012136293796402235     0.011065384934393876     0.01007409934472036      0.009158216464052422     0.008313551932934078     0.007535980001055714     0.006821453730175184     0.0061660229123892095    0.005565849669086351     0.005017221739021423     0.004516563501985062     0.004060444817180922     0.0036455877825522743    0.003268871542984212     0.0029273352917580458    0.002618179621177966     0.0023387663853391668    0.0020866172410308175    0.0018594110322664714    0.0016549801804129852    0.001471306235829156     0.0013065147387541923    0.0011588695272272507    0.0010267666182063823    9.087277745665976E-4     8.033938543830113E-4     7.095180175705527E-4     6.259588335240213E-4     5.516732812387088E-4     4.8570953838787554E-4    4.2719927243065867E-4    3.7534878145709333E-4    3.294275933467324E-4     2.887516262358892E-4     2.5265493805480863E-4    2.204378066199015E-4     1.9126603310697834E-4    1.6397011405518635E-4    1.3663934630528588E-4    1.0579664169167437E-4    6.471711024705008E-5     0
% Data
% c (mol/m^3) @ t=0, u1=0.01, u2=0.03, u3=0.01
1                         -4.52284577296406E-8     2.1593471701523133E-15   2.4290496195567383E-20   3.2340292311947445E-26   3.296041953163354E-32    3.0016600099896497E-38   2.568143168585249E-44    2.111589465229364E-50    1.6890005337407386E-56   1.3239176014680624E-62   1.0217940586561672E-68   7.790195122817811E-75    5.880645162805392E-81    4.402910824473005E-87    3.273866670895748E-93    2.420083364469386E-99    1.779912873506473E-105   1.3033148956459134E-111  9.506353164339778E-118   6.933145290912717E-124   5.631137313691633E-130   4.561052960078761E-136   3.685138160113052E-142   2.9707243711094745E-148  2.3898893276181632E-154  1.9190041527488977E-160  1.5382372052944462E-166  1.2310586407399463E-172  9.837716956193554E-179   7.850846814942011E-185   6.257298112713716E-191   4.981299981100327E-197   3.9611175563388895E-203  3.146606438162777E-209   2.4971489606113206E-215  1.9799261562322777E-221  1.568480278188325E-227   1.2415257230427795E-233  9.819701989075213E-240   7.735416234464176E-246   5.451096494093213E-252   3.8388347594309983E-258  2.7017450735174336E-264  1.9003418842034285E-270  1.3358990435398667E-276  9.386016939063677E-283   6.591212842102709E-289   4.626317824753959E-295   3.2456441895460623E-301  2.2759895857727504E-307  1.59533449294E-313       1.2882E-319              0                        0                        0                        0                        0                        0                        0                        0                        0                        0                        0                        0                        0                        0                        0                        0                        0                        0                        0                        0                        0                        0                        0                        0                        0                        0                        0                        0                        0                        0                        0                        0                        0                        0                        0                        0                        0                        0                        0                        0                        0                        0                        0                        0                        0                        0                        0                        0
% Data
% c (mol/m^3) @ t=100, u1=0.01, u2=0.03, u3=0.01
1                         0.8551207359120244       0.7035370973406754       0.5550797663659288       0.41872944042838167      0.3012452826775601       0.2063061549567003       0.1343708808305376       0.08324607885175954      0.04911660930071815      0.02766012485879302      0.014910901071335822     0.007720170748583958     0.003852562720248943     0.001859481755764992     8.709829879250087E-4     3.9716163069954493E-4    1.7683115438013366E-4    7.713538903077417E-5     3.3214635129008154E-5    1.4623947555048684E-5    6.6968698556851554E-6    3.0262904099849595E-6    1.3513294587399356E-6    5.9694808899771E-7       2.6114960800930284E-7    1.1324514548833533E-7    4.8717011651639254E-8    2.0805837140209336E-8    8.826941947101586E-9     3.722217047601314E-9     1.5609105866616712E-9    6.512293792233839E-10    2.7042287165225414E-10   1.1180516813167684E-10   4.603929131443973E-11    1.8887161872426434E-11   7.720902066583537E-12    3.144501221226316E-12    1.2715100647225884E-12   4.941703200273352E-13    1.8007157474179927E-13   6.544852265940594E-14    2.3730493144672158E-14   8.584724020980282E-15    3.098945800049531E-15    1.1164019953435442E-15   4.0141452934229814E-16   1.4407037384834956E-16   5.1618498796237745E-17   1.8463846187337968E-17   6.5941594463051244E-18   2.35152231590131E-18     8.373766981010341E-19    2.977847492604271E-19    1.057595804412575E-19    3.751430192952948E-20    1.3290966494241053E-20   4.703488123955525E-21    1.6626747122400939E-21   5.871337516304514E-22    2.0712235804328806E-22   7.299510650215589E-23    2.5701179318305214E-23   9.041068060043882E-24    3.177663034690449E-24    1.1159137981993894E-24   3.915621866671869E-25    1.3728720878595202E-25   4.809832745812043E-26    1.68388029725701E-26     5.8909324413121994E-27   2.0594829778874423E-27   7.195202131638976E-28    2.512159878391026E-28    8.765556352063471E-29    3.0566639854155397E-29   1.0652698280599173E-29   3.710416285708109E-30    1.2916468416267916E-30   4.4939664568708495E-31   1.5627417982492156E-31   5.431530148139087E-32    1.8868643328275064E-32   6.551615190764052E-33    2.273792330077049E-33    7.887751014027853E-34    2.735020813982574E-34    9.479337776534376E-35    3.2840516029588684E-35   1.1372634296095979E-35   3.93673021252953E-36     1.3621906628836395E-36   4.711636837716887E-37    1.6290741130764925E-37   5.630469523574272E-38    1.945125234251436E-38    6.710939412049103E-39    2.2937275495261812E-39   7.157938606526664E-40    0
% Data
% c (mol/m^3) @ t=200, u1=0.01, u2=0.03, u3=0.01
1                         0.9106950497198399       0.8143184378900553       0.7140391067888666       0.6132561742159792       0.5153179471078948       0.42324350229086716      0.33948249698830574      0.2657455023083952       0.2029275045619219       0.15113198769783603      0.10978498351532895      0.0778122218316672       0.05384288497948317      0.03640343139166027      0.024073892217231444     0.015592979032455115     0.009912077274359662     0.006207882314764791     0.003867790231997294     0.0024621183681414268    0.0016014125144225382    0.0010279549851314855    6.518032947604675E-4     4.086078155702623E-4     2.534542382404371E-4     1.556783828541364E-4     9.475535390271514E-5     5.718929758520379E-5     3.4247503600577254E-5    2.0360737305308182E-5    1.2023656013644812E-5    7.056153065643377E-6     4.1169984820144605E-6    2.3891900466006463E-6    1.3795391548458988E-6    7.927731693894397E-7     4.5341121307169275E-7    2.577878674547329E-7     1.4479492664547202E-7    7.797119634969505E-8     3.988086260467036E-8     2.033191362899702E-8     1.0333922146376367E-8    5.237305365808464E-9     2.647173084362483E-9     1.3346225095334053E-9    6.712753242156242E-10    3.3687481288820473E-10   1.687007369799128E-10    8.431344422495336E-11    4.2058633923273455E-11   2.0942841686756615E-11   1.0410669751339554E-11   5.166803834500224E-12    2.5603570060935513E-12   1.266913403511773E-12    6.260248716378309E-13    3.0893198445005777E-13   1.5226052018982392E-13   7.495311795889145E-14    3.6854735192593027E-14   1.810172116573669E-14    8.881572814764603E-15    4.3533395108218305E-15   2.1317482525794496E-15   1.042910466284923E-15    5.097672173511156E-16    2.48957762140366E-16     1.2148498713782148E-16   5.92347037169985E-17     2.886019510602266E-17    1.405088970061336E-17    6.8359890406444785E-18   3.323553870516995E-18    1.614798086690202E-18    7.84075094910961E-19     3.8047868225642454E-19   1.8452069787766391E-19   8.943558813134804E-20    4.332456345876467E-20    2.0976075077982607E-20   1.0150507844559829E-20   4.909438174790342E-21    2.373356411464914E-21    1.146799878461824E-21    5.538751926445833E-22    2.6738781828865338E-22   1.290275138794715E-22    6.223567309885828E-23    3.0006676799135925E-23   1.4461809407601475E-23   6.967189398276058E-24    3.3552432149280826E-24   1.6151383819010193E-24   7.770323335083973E-25    3.7327324845607843E-25   1.7826731542497667E-25   8.279930019658308E-26    3.300816146695832E-26    0
% Data
% c (mol/m^3) @ t=300, u1=0.01, u2=0.03, u3=0.01
1                         0.9346285641636606       0.8633367061781204       0.787630785469879        0.7092201390251933       0.6299209345094133       0.5515511086804767       0.4758255989241875       0.40426121819517424      0.3380995967446727       0.2782546972398225       0.22528871324351663      0.1794170115659353       0.14053959049580692      0.10829375148485364      0.0821207525096327       0.06133845691863391      0.04521254636777446      0.033020595469015736     0.024105810312511876     0.01791995861080907      0.013497440876969871     0.010046827906826278     0.007394037870778026     0.005383141288716512     0.0038790663995143236    0.002768201993203575     0.00195745563981615      0.0013723160500705748    9.543919505330338E-4     6.587919864434741E-4     4.515979782993657E-4     3.075844411022219E-4     2.0825876212403381E-4    1.4024042833641172E-4    9.396183977847571E-5     6.265331790206228E-5     4.1566245059902446E-5    2.7386466745565447E-5    1.7791208317047246E-5    1.1102924947764508E-5    6.640421965615057E-6     3.9620809975586395E-6    2.359215759980042E-6     1.4023755568514601E-6    8.324107250688609E-7     4.935153678159072E-7     2.9231783815184887E-7    1.7301857097557533E-7    1.0235135038468099E-7    6.052412870034064E-8     3.578151746199642E-8     2.115126563148414E-8     1.2502739045966899E-8    7.390967561865074E-9     4.369722663594159E-9     2.583959744491589E-9     1.5283195693982922E-9    9.041730547759971E-10    5.350644473477824E-10    3.167250438438083E-10    1.8753491966592488E-10   1.1107198938590769E-10   6.580318441703595E-11    3.8994649783981675E-11   2.3113918054494457E-11   1.3703971165663132E-11   8.12675195679852E-12     4.8203477944489174E-12   2.859720276783765E-12    1.696858447164141E-12    1.0070193134492327E-12   5.977142644341499E-13    3.548190382246828E-13    2.106550575443706E-13    1.2507864077475547E-13   7.427381212603824E-14    4.4108774951109425E-14   2.6196714002057197E-14   1.5559562853294883E-14   9.242155911051954E-15    5.489988572409704E-15    3.261287515433862E-15    1.937420001000782E-15    1.1509947233457154E-15   6.838105802070583E-16    4.062650981612738E-16    2.4137533410669257E-16   1.4341166986491138E-16   8.520846903403954E-17    5.062737022066181E-17    3.0080650862815475E-17   1.7872042748990907E-17   1.0617029561124499E-17   6.304311379707283E-18    3.738055087354424E-18    2.2061898359418256E-18   1.2826834605829687E-18   7.088360507691955E-19    3.2042201370828376E-19   0
% Data
% c (mol/m^3) @ t=400, u1=0.01, u2=0.03, u3=0.01
1                         0.9487495093180228       0.8925305677567429       0.8321560063053982       0.7685902177800554       0.7029113409137807       0.6362661175750666       0.5698201494964612       0.5047067602788873       0.44197792787723394      0.3825607511942782       0.32722262184633105      0.2765476796699017       0.23092626440736522      0.19055801032821956      0.15546808963555814      0.12553505468340564      0.10052792315276357      0.0801497223771043       0.06408471182987388      0.052046893992074676     0.0426636896481468       0.034649291960838914     0.027886158911775802     0.02224554213226736      0.017594279718561825     0.013800610546069287     0.010738776482233963     0.008292343975207998     0.00635630807019213      0.004838131845284424     0.003657923161728849     0.0027479647982135563    0.002051802463719118     0.0015230670503072667    0.0011241705310628598    8.249744226459708E-4     6.01487983436752E-4      4.346089542976885E-4     3.0886656715292524E-4    2.110514856194136E-4     1.3878822595831335E-4    9.08937159405854E-5      5.929766638320065E-5     3.854453225586237E-5     2.496905427291256E-5     1.612287023889683E-5     1.0379222785062113E-5    6.662627605861033E-6     4.26535879937254E-6      2.723713270492819E-6     1.7351024055190091E-6    1.1028204108540716E-6    6.994467846477364E-7     4.427162247456704E-7     2.7968194201100246E-7    1.7636641459931573E-7    1.1102509736265232E-7    6.977806159071177E-8     4.378700373426203E-8     2.743682985819713E-8     1.7167877699528323E-8    1.0728100815036121E-8    6.695458537601897E-9     4.173639966425559E-9     2.598669940877603E-9     1.616261153065024E-9     1.0041939436795907E-9    6.232888852363784E-10    3.8649665707960087E-10   2.3944424216567974E-10   1.4821154038732611E-10   9.166304957306183E-11    5.664427493314716E-11    3.497688392919062E-11    2.1581554777559576E-11   1.3306789064227626E-11   8.1990677286826E-12      5.04855883559393E-12     3.1066520214559413E-12   1.9105129144458307E-12   1.1742185684563398E-12   7.212709540781786E-13    4.4279933212762895E-13   2.7169555941807423E-13   1.6662219270405554E-13   1.0213277591530659E-13   6.257289915917341E-14    3.831798450856896E-14    2.3454161093284575E-14   1.4349672397979654E-14   8.775431263388478E-15    5.3639678060816205E-15   3.276754103940611E-15    1.9997500985981135E-15   1.2177793767129065E-15   7.373037469660052E-16    4.3882882208811835E-16   2.4731704213367305E-16   1.1331083889259184E-16   0
% Data
% c (mol/m^3) @ t=500, u1=0.01, u2=0.03, u3=0.01
1                         0.9580082463917572       0.91178820016781         0.8618243609915104       0.8087127847859783       0.7531437612055807       0.6958797043212206       0.6377293061614812       0.5795193172416968       0.5220655617883947       0.46614494188472944      0.4124702143820077       0.36166922683589886      0.31427007551603875      0.27069331414485176      0.23125192304768233      0.19615928120928283      0.16554491048780856      0.139477324552332        0.11799295180486019      0.1011298363406911       0.08726436891398973      0.07473403539535366      0.06352253969765974      0.053589948747295196     0.04487618358734657      0.03730509681477425      0.03078880660343369      0.025231982294287247     0.02053582737856869      0.016601571669926776     0.01333335464350574      0.010640447023627422     0.008438810787614652     0.006652034137078663     0.0052116944168099305    0.0040571951254585615    0.0031350874676985955    0.0023978111756991975    0.0018016517681353793    0.0013034714322116175    9.10449879232856E-4      6.327680092920965E-4     4.3768754706462805E-4    3.013753955848442E-4     2.066158542117539E-4     1.4106387173132268E-4    9.592774123232989E-5     6.498676386858853E-5     4.3866209541327E-5       2.9507229104527705E-5    1.9782675966004143E-5    1.3220924168069023E-5    8.808815417193658E-6     5.852048288204383E-6     3.8769119872101705E-6    2.5615445135990822E-6    1.6881208473712076E-6    1.1097780985389509E-6    7.278515464813521E-7     4.7628226153724443E-7    3.109852561759794E-7     2.0263101149579578E-7    1.317643263632374E-7     8.551631444692338E-8     5.5397611938367924E-8    3.5822364679106394E-8    2.3124233085064925E-8    1.490244983833226E-8     9.58851386283088E-9      6.1598914522156806E-9    3.951360047428423E-9     2.531013679020314E-9     1.6189678941026047E-9    1.0341853040981498E-9    6.597728820685085E-10    4.2038309258743777E-10   2.6752758577173914E-10   1.7005191483093803E-10   1.0796933697803719E-10   6.847639794309722E-11    4.338283036075589E-11    2.7456530574923466E-11   1.7359528478622766E-11   1.0964978659978457E-11   6.919390016488358E-12    4.362445255329914E-12    2.7479305933279857E-12   1.729441363228269E-12    1.087526452788148E-12    6.833054897874597E-13    4.289751719124298E-13    2.6907650833832055E-13   1.6860951208449981E-13   1.0549927161106226E-13   6.582292371214339E-14    4.078448194513704E-14    2.4791500494698393E-14   1.4219329855358714E-14   6.5927255786717146E-15   0
% Data
% c (mol/m^3) @ t=600, u1=0.01, u2=0.03, u3=0.01
1                         0.9646386640563339       0.9256282812309612       0.8832736388592144       0.837963555229434        0.7901624719169322       0.7403989889213226       0.6892518226144153       0.6373338488200726       0.585275049119729        0.5337052955311281       0.48323797685748804      0.4344554819856734       0.3878975075431298       0.3440530498574235       0.3033567783411962       0.2661902772559268       0.23288839656587648      0.20375068404720703      0.1790575951683105       0.15909090983658863      0.14208821595545587      0.1261351951797588       0.11128709867680756      0.09757945377005543      0.08502791024417165      0.07362888969122208      0.06336095696001022      0.054186786898290845     0.046055567757413346     0.03890566618646729      0.032667376446387855     0.02726558470265607      0.022622192226662938     0.018658151123073036     0.015294962208635077     0.012455452186175074     0.010063564563218285     0.008042732011714028     0.006312092574140338     0.004779279418168785     0.0035041538686341393    0.0025552946442313654    0.0018536231420023344    0.0013378497322904955    9.609010009448907E-4     6.869300757039482E-4     4.888586924517364E-4     3.463878453253756E-4     2.4441016707207213E-4    1.7175894277156545E-4    1.2023376348717894E-4    8.384969643305253E-5     5.8264365673505375E-5    4.0344760036551604E-5    2.7842462087417824E-5    1.9152086543019047E-5    1.3132939396820097E-5    8.978267438882583E-6     6.120026132617851E-6     4.1599455656687424E-6    2.8199234847820036E-6    1.9065238355717371E-6    1.28570300707286E-6      8.649066986058621E-7     5.80447834464576E-7      3.8864775386221816E-7    2.5964530315151284E-7    1.7308805778270396E-7    1.1514518469545531E-7    7.644428217922899E-8     5.065147977009146E-8     3.349757947189818E-8     2.2112307977240852E-8    1.4570628390063426E-8    9.584496225508124E-9     6.294038985710313E-9     4.126483871340155E-9     2.7011088395418228E-9    1.7653672017987673E-9    1.1520680427384824E-9    7.507401741253307E-10    4.885255530787073E-10    3.174592616121354E-10    2.0601941763656974E-10   1.3352527220564471E-10   8.64309035022315E-11     5.587780183416557E-11    3.608176490726079E-11    2.3271610140159353E-11   1.4992153444896802E-11   9.647195592293658E-12    6.2003536205250135E-12   3.979511444382149E-12    2.549162162774527E-12    1.6271337455041755E-12   1.0302370306069795E-12   6.386498220663014E-13    3.722760724595686E-13    1.744935036551167E-13    0
% Data
% c (mol/m^3) @ t=700, u1=0.01, u2=0.03, u3=0.01
1                         0.969666014171694        0.9361470761929097       0.8996404030306183       0.8604083298500285       0.8187744337091973       0.7751176698191174       0.7298647573057766       0.6834811618945269       0.6364611224199791       0.5893172500109615       0.5425702872265534       0.49673964428815165      0.452335327129866        0.40985183514169693      0.36976453488483274      0.33252891131144036      0.2985829636237165       0.2683528541316835       0.24226174210601775      0.22074154861096412      0.2019746078512877       0.18390674947625782      0.16662382490780758      0.15020054507375694      0.13469879780448366      0.12016640640264907      0.10663638031913267      0.09412667640448788      0.0826404541637194       0.07216677272290466      0.06268164168869854      0.05414930180808976      0.046523570625548794     0.039749035476280156     0.03376179753808267      0.028489343843399965     0.02384891315077759      0.019743369413611805     0.016053013524191802     0.01262080927825421      0.009636073538726893     0.00731611329735429      0.005524582643295474     0.004149801387994641     0.003101219970388774     0.0023061224962778013    0.0017066411752655628    0.0012571177047363022    9.218189832059613E-4     6.729947573156866E-4     4.892520089321513E-4     3.542136158623311E-4     2.554257057743846E-4     1.83477971184839E-4      1.3130303151971852E-4    9.362393325362116E-5     6.652248222825709E-5     4.7104883142382874E-5    3.324483783917874E-5     2.338765247438792E-5     1.6401930710275912E-5    1.1468049849185058E-5    7.994831812521018E-6     5.557657425103036E-6     3.852769979257947E-6     2.663717418742539E-6     1.836837053175956E-6     1.263435201851714E-6     8.668949392448463E-7     5.933914621728456E-7     4.0523463351122134E-7    2.7611520759813967E-7    1.8772395181090355E-7    1.2735639696917295E-7    8.622213290546682E-8     5.82556438841188E-8      3.9282758333766984E-8    2.643828799884989E-8     1.7760449260671457E-8    1.190926491252297E-8     7.97162311548326E-9      5.326710080080315E-9     3.553373811469248E-9     2.366522581614661E-9     1.5735699863734737E-9    1.0446821968671792E-9    6.925024730049307E-10    4.583662682163264E-10    3.0295026891894963E-10   1.9994299851672745E-10   1.3176961170552423E-10   8.670995459576647E-11    5.6959395656437134E-11   3.7326001799368927E-11   2.4355948530145497E-11   1.574586257130968E-11    9.945890689966803E-12    5.887321358691911E-12    2.7879672782961624E-12   0
% Data
% c (mol/m^3) @ t=800, u1=0.01, u2=0.03, u3=0.01
1                         0.9736526531931591       0.9445027199570362       0.9126788304698414       0.8783612708421354       0.8417806496483031       0.8032152636190076       0.7629872771101615       0.7214578983233118       0.6790217990424117       0.6361010800234014       0.593139127407682        0.5505947332485176       0.5089368626052226       0.46864043857584975      0.43018348391144506      0.39404590332193346      0.3607101151916526       0.33066364724491587      0.30440370089666813      0.2824435677311266       0.26297073553327405      0.24387985257406805      0.2252609940889636       0.20720025763868596      0.18977791715912193      0.1730666905297646       0.15713018789670444      0.14202159535143638      0.1277826282410657       0.11444275939110142      0.10201868809778684      0.0905139624667291       0.07991859412189367      0.07020839912223974      0.06134364291217836      0.05326632899051975      0.045895100869039876     0.03911614678687025      0.03276758588580912      0.026613388206042164     0.02105611729312328      0.016571989217023256     0.012976476938670562     0.01011095539494639      0.007840575053725691     0.006051883216890084     0.004650353543090375     0.0035579458353788796    0.0027107835458928934    0.00205700680185924      0.0015548344748512538    0.0011708498090255979    8.785099626873692E-4     6.568698709199009E-4     4.895043891626112E-4     3.636090087863136E-4     2.692578770560723E-4     1.9879781917948243E-4    1.463580599637103E-4     1.074569858095353E-4     7.868927490187933E-5     5.7478835467224246E-5    4.18850769239816E-5      3.045199834760608E-5     2.2091355719513333E-5    1.599273694099917E-5     1.1554725724763004E-5    8.332480315980724E-6     5.998007058776826E-6     4.310193018059672E-6     3.092298653541188E-6     2.2151230615717946E-6    1.584461209168949E-6     1.1317934291501481E-6    8.0739839676466E-7       5.752756451950501E-7     4.0941391933869294E-7    2.9105679290494387E-7    2.067046760234024E-7     1.4665878874232717E-7    1.0396276567742072E-7    7.363513698723892E-8     5.211400022971166E-8     3.685607629983951E-8     2.6047812145406992E-8    1.8397612735118847E-8    1.2986685968768812E-8    9.1621447384753E-9       6.460513980036363E-9     4.5530733713139055E-9    3.2068526123086133E-9    2.2568260574561514E-9    1.5861038820150552E-9    1.1118178695086324E-9    7.750461366287775E-10    5.335813445702023E-10    3.5667025426384355E-10   2.210729964273322E-10    1.0793045660904864E-10   0
% Data
% c (mol/m^3) @ t=900, u1=0.01, u2=0.03, u3=0.01
1                         0.9769120807860976       0.9513433719382479       0.9233771879036016       0.8931386144411568       0.8607946659377672       0.8265535971086526       0.790663416203501        0.7534096885290016       0.7151127592918411       0.6761245611974724       0.6368252026093147       0.5976195541553532       0.5589340634329076       0.5212140271921245       0.48492153679505146      0.4505342851169475       0.4185453812865462       0.38946426436869225      0.3638187396423977       0.342158083642428        0.32271680576921086      0.3034034322223364       0.28429931113333595      0.2654864225627157       0.2470458718360772       0.22905631049258332      0.21159232792296664      0.19472285162203315      0.17850958014974463      0.1630054472612907       0.14825307375885216      0.13428309864719934      0.12111218251346881      0.10874032691874683      0.09714692760223262      0.08628463535860237      0.07606957320066753      0.06636565516200206      0.05695952451729215      0.04752075760672404      0.03872662263163587      0.03140598766561433      0.025348374035329115     0.020364835842144508     0.016287824890843055     0.012970435325632447     0.010285200041680783     0.008122589440595138     0.00638933911881912      0.005006708721674948     0.003908751012061111     0.0030406492277036       0.002357162629043561     0.001821205011584671     0.0014025688468011404    0.0010767984168561426    8.242085009933363E-4     6.290404812790318E-4     4.787447759532065E-4     3.6337691105042396E-4    2.750939723433236E-4     2.0773835314856192E-4    1.5649639144186517E-4    1.1762048232762401E-4    8.820441328033198E-5     6.600289191314918E-5     4.92874433512551E-5      3.673199622677507E-5     2.732252239596742E-5     2.0286030133472935E-5    1.5035028916572188E-5    1.1124288432699502E-5    8.21731226718853E-6      6.060447688257537E-6     4.462968120070966E-6     3.2818055973993578E-6    2.409887616309727E-6     1.7672563947895988E-6    1.2943276530433646E-6    9.467885105534452E-7     6.917467575708411E-7     5.048323259621031E-7     3.680210404283598E-7     2.680046181983858E-7     1.9497261982433691E-7    1.417042360691042E-7     1.0289251118839996E-7    7.464251071325079E-8     5.409935396418707E-8     3.917297842610523E-8     2.8334789381803553E-8    2.0467598433681643E-8    1.4754950654923106E-8    1.0599451342996216E-8    7.562309977793178E-9     5.318230676237425E-9     3.6211479075618658E-9    2.2772387470235865E-9    1.1222017421220678E-9    0
% Data
% c (mol/m^3) @ t=1000, u1=0.01, u2=0.03, u3=0.01
1                         0.9796012309538716       0.9569943410939612       0.9322336857180641       0.9054081535145194       0.8766421183415385       0.8460958373652181       0.813965309168905        0.7804816309107405       0.7459099187282342       0.7105478789952543       0.674724138286597        0.6387964555528319       0.6031499496758449       0.5681954780311949       0.5343682959209219       0.5021271120586708       0.4719536313659594       0.4443526432943356       0.41985267233347734      0.3990071584276322       0.38012761601206246      0.3611849230626549       0.34224538243324143      0.32337840390671196      0.30465548838237955      0.2861490564038658       0.26793112866001856      0.25007185964905965      0.2326379102692071       0.21569061611059218      0.1992838590307484       0.1834614703826998       0.16825387034102704      0.1536734570133047       0.13970796806404073      0.1263105961917729       0.11338497269878642      0.10076212828162007      0.08816503044621914      0.07515403673247519      0.0627139348180012       0.052088780865982884     0.043066570547059826     0.03544870643032482      0.029051787570524477     0.023708615065745783     0.01926854090970937      0.015597287409567626     0.012576358136770277     0.010102150666617817     0.008084867909678137     0.0064473100641582685    0.0051236142571920735    0.004057994642398445     0.003203522661928411     0.0025209757128319557    0.001977772739767394     0.001547007323020412     0.0012065825523280304    9.384472149218879E-4     7.279293843325352E-4     5.631611640836939E-4     4.345869092880327E-4     3.3454652536727954E-4    2.5692525391148187E-4    1.968615529567825E-4     1.5050513998833911E-4    1.1481789237691783E-4    8.741101543783395E-5     6.641263580714132E-5     5.036071648485526E-5     3.811689198014425E-5     2.8797470163318796E-5    2.171843225367873E-5     1.6351780247831222E-5    1.229103252867038E-5     9.224056644163364E-6     6.911758248743732E-6     5.171422796786371E-6     3.863737931444103E-6     2.882715718139637E-6     2.1478906988706657E-6    1.598297479961654E-6     1.1878349435669938E-6    8.817073429432279E-7     6.536990860021446E-7     4.840929810123052E-7     3.5808367833352525E-7    2.6457112848280466E-7    1.9524485047321617E-7    1.4389010403769716E-7    1.0586285037842299E-7    7.769260343393182E-8     5.678165895501098E-8     4.1176320857756874E-8    2.9391063667019737E-8    2.0270395153771366E-8    1.2875721348141087E-8    6.385862709182184E-9     0
% Data
% c (mol/m^3) @ t=1100, u1=0.01, u2=0.03, u3=0.01
1                         0.9818658426231891       0.9617580001265664       0.9397121131700378       0.9157929165293685       0.890095591988911        0.8627467565503141       0.8339050829543363       0.8037615649397777       0.7725394551306866       0.7404939181064277       0.7079114541644307       0.6751091596057976       0.6424338961555637       0.6102614445405429       0.5789957145813794       0.5490680758823504       0.5209368590221186       0.49508705703451655      0.47203023120482096      0.45230459441285387      0.4343168989756027       0.4161320516803862       0.39780024319682916      0.3793756990840941       0.3609160770459897       0.34248168432320447      0.3241344925158045       0.30593691470834006      0.28795028724529254      0.27023296030855576      0.25283783938002163      0.23580912163205492      0.21917781940043646      0.2029554307304729       0.18712476549951718      0.17162640721089326      0.15633850048518355      0.14104637826530708      0.12539679916817123      0.10882898975624711      0.09263578678005613      0.07849955026559392      0.06622892528635832      0.05563642724134989      0.046541591228641994     0.03877338042610062      0.03217191168965372      0.02658957214959032      0.021891609590255556     0.017956282752524026     0.014674656456076159     0.011950121689312426     0.00969771360128348      0.007843291589979252     0.0063226362122361015    0.005080508083907586     0.004069704779868889     0.0032501433212237425    0.002587988363268965     0.0020548397777047055    0.0016269879781817492    0.0012847410298159373    0.0010118242289148733    7.948503314329455E-4     6.228568279374669E-4     4.8690548737695866E-4    3.797387050930054E-4     2.9548688562797815E-4    2.294210739212972E-4     1.7774523923883262E-4    1.3742294824836996E-4    1.0603358368912682E-4    8.16537315142876E-5      6.275984089879286E-5     4.8148735440510866E-5    3.687300467256637E-5     2.8188722725327852E-5    2.1513320070744264E-5    1.63917724587484E-5      1.2469568478369249E-5    9.471175323184696E-6     7.182944023970209E-6     5.4395839327473695E-6    4.113495164351081E-6     3.1063806121029713E-6    2.34266950668864E-6      1.7643754989038367E-6    1.3270868398295777E-6    9.96847007251029E-7      7.477333601925817E-7     5.599810542785377E-7     4.185311823481561E-7     3.119073059407248E-7     2.3134435036047283E-7    1.7010915255906456E-7    1.229634608167345E-7     8.572835619407954E-8     5.491414131184093E-8     2.7381713985318234E-8    0
% Data
% c (mol/m^3) @ t=1200, u1=0.01, u2=0.03, u3=0.01
1                         0.9838041769032717       0.9658385699771911       0.9461266323486979       0.9247167188865911       0.9016836147063778       0.877129821990699        0.8511865940605539       0.8240147148083429       0.7958050309105467       0.7667787531531532       0.7371875511598129       0.7073134722239657       0.677468719231873        0.6479953242826169       0.6192647530948007       0.5916774702756552       0.5656624867936162       0.5416768984869278       0.520205408299244        0.5017598055110285       0.48485171086503304      0.4676589807247984       0.4502171507296898       0.4325657622228485       0.41474803281304706      0.39681034687354316      0.3788015206395816       0.3607717767850793       0.34277133167831614      0.3248484485899438       0.30704673258365117      0.2894013238748285       0.2719334658709655       0.2546426523074435       0.23749515163366422      0.2204071030999806       0.20321948629653516      0.18566095148013464      0.1672925699959744       0.14742574573380765      0.12763595392386853      0.1100307208202585       0.09445517411654218      0.08074936235884037      0.06875204163472622      0.058303899637298505     0.049250210880556915     0.04144293888938577      0.03474231856868268      0.029017964680988367     0.02414956070526768      0.02002718677839924      0.01655134652376772      0.013632750993800197     0.011191914345271493     0.009158610841000685     0.007471236877289284     0.006076115438955273     0.004926774059305719     0.003983221297814029     0.003211241147345077     0.0025817197757232544    0.0020700146617300443    0.001655372522347554     0.0013203994279827379    0.0010505841208625643    8.338737271973688E-4     6.602997153449602E-4     5.216510263298736E-4     4.1119071746598763E-4    3.2341214696602087E-4    2.5383062643969425E-4    1.9880652594580865E-4    1.5539598768565973E-4    1.2122565228056628E-4    9.438809595919996E-5     7.335499455036196E-5     5.690535329865744E-5     4.406645737860443E-5     3.4065497726246875E-5    2.6290104762161464E-5    2.025627554809784E-5     1.5582406576584975E-5    1.196834478082964E-5     9.178544466622506E-6     7.0285693277221635E-6    5.374308497226369E-6     4.103385868297619E-6     3.128334876300496E-6     2.381188686148372E-6     1.8092002449651549E-6    1.371459720804489E-6     1.0362200082097547E-6    7.787755463184615E-7     5.797666971093066E-7     4.2380209920180757E-7    2.983051283616377E-7     1.9249782710476552E-7    9.643586178052059E-8     0
% Data
% c (mol/m^3) @ t=0, u1=0.01, u2=0.03, u3=0.03
1                         -4.52284577296406E-8     2.1593471701523133E-15   2.4290496195567383E-20   3.2340292311947445E-26   3.296041953163354E-32    3.0016600099896497E-38   2.568143168585249E-44    2.111589465229364E-50    1.6890005337407386E-56   1.3239176014680624E-62   1.0217940586561672E-68   7.790195122817811E-75    5.880645162805392E-81    4.402910824473005E-87    3.273866670895748E-93    2.420083364469386E-99    1.779912873506473E-105   1.3033148956459134E-111  9.506353164339778E-118   6.933145290912717E-124   5.631137313691633E-130   4.561052960078761E-136   3.685138160113052E-142   2.9707243711094745E-148  2.3898893276181632E-154  1.9190041527488977E-160  1.5382372052944462E-166  1.2310586407399463E-172  9.837716956193554E-179   7.850846814942011E-185   6.257298112713716E-191   4.981299981100327E-197   3.961117556338889E-203   3.146606438162777E-209   2.4971489606113206E-215  1.9799261562322777E-221  1.568480278188325E-227   1.2415257230427795E-233  9.819701989075228E-240   7.761123793697352E-246   6.129866792591809E-252   4.838299505664519E-258   3.81648699875907E-264    3.0086881711179434E-270  2.3705276836590793E-276  1.8667175927998034E-282  1.4692255118221776E-288  1.1558044854328854E-294  9.088151419881776E-301   7.142834824388133E-307   5.61148303885E-313       4.586E-319               0                        0                        0                        0                        0                        0                        0                        0                        0                        0                        0                        0                        0                        0                        0                        0                        0                        0                        0                        0                        0                        0                        0                        0                        0                        0                        0                        0                        0                        0                        0                        0                        0                        0                        0                        0                        0                        0                        0                        0                        0                        0                        0                        0                        0                        0                        0                        0
% Data
% c (mol/m^3) @ t=100, u1=0.01, u2=0.03, u3=0.03
1                         0.8551207359120244       0.7035370973406754       0.5550797663659287       0.41872944042838167      0.3012452826775601       0.2063061549567003       0.13437088083053758      0.08324607885175957      0.04911660930071817      0.027660124858793038     0.014910901071335829     0.00772017074858396      0.0038525627202489446    0.0018594817557649923    8.709829879250085E-4     3.97161630699545E-4      1.768311543801337E-4     7.713538903077417E-5     3.3214635129008154E-5    1.4623947555048684E-5    6.696869855685152E-6     3.0262904099849595E-6    1.3513294587399358E-6    5.969480889977102E-7     2.61149608009303E-7      1.1324514548833584E-7    4.8717011651640954E-8    2.0805837140215282E-8    8.826941947122873E-9     3.722217047677412E-9     1.5609105869333986E-9    6.512293801921446E-10    2.7042287510045464E-10   1.1180518038411788E-10   4.6039334772197484E-11   1.8887315717607593E-11   7.721445599828098E-12    3.146417434138369E-12    1.2782504118326454E-12   5.17823096772929E-13     2.09213255745245E-13     8.431580387472259E-14    3.390037398424098E-14    1.3599848544633686E-14   5.444416062541248E-15    2.1752314545460872E-15   8.674451013588508E-16    3.4530496785972344E-16   1.3722295529352708E-16   5.444397134286791E-17    2.1567773429097937E-17   8.531480065450569E-18    3.370046850796695E-18    1.3294346296376007E-18   5.237725764562668E-19    2.0610420566892754E-19   8.100678655676225E-20    3.18029325169836E-20     1.2472216709573159E-20   4.886177004277129E-21    1.9123223106193884E-21   7.477142104951545E-22    2.9208429668960992E-22   1.139969820003347E-22    4.445338383176083E-23    1.7320309572901308E-23   6.743077885141142E-24    2.6231560040642706E-24   1.0196816606056845E-24   3.960866630038149E-25    1.5374854493393117E-25   5.963985447486232E-26    2.3119371909230774E-26   8.956495043462915E-27    3.467616498124596E-27    1.341723046804955E-27    5.1884917766151855E-28   2.005271005838777E-28    7.745788743596022E-29    2.990373965049235E-29    1.1538756576298411E-29   4.450125753808207E-30    1.7154228148611582E-30   6.609389313860937E-31    2.54535373444372E-31     9.797985970395698E-32    3.7699217161828667E-32   1.4499048707447505E-32   5.5739487398395286E-33   2.1419393667938837E-33   8.227661369454137E-34    3.159183214651736E-34    1.2125686547774185E-34   4.6523721413042177E-35   1.7843462395675809E-35   6.840502126513272E-36    2.619127814549972E-36    9.938222954156667E-37    3.4491995076783517E-37   0
% Data
% c (mol/m^3) @ t=200, u1=0.01, u2=0.03, u3=0.03
1                         0.9106950497198398       0.8143184378900546       0.7140391067888664       0.6132561742159789       0.5153179471078948       0.4232435022908671       0.3394824969883058       0.26574550230839505      0.20292750456192196      0.15113198769783603      0.10978498351532893      0.07781222183166721      0.05384288497948317      0.03640343139166028      0.024073892217231455     0.015592979032455115     0.009912077274359669     0.006207882314764798     0.0038677902319973097    0.002462118368141463     0.0016014125144226245    0.0010279549851317073    6.51803294761043E-4      4.086078155717556E-4     2.5345423824431015E-4    1.5567838286416997E-4    9.475535392867201E-5     5.718929765225514E-5     3.4247503773512915E-5    2.0360737750602333E-5    1.2023657158251464E-5    7.056156002421272E-6     4.117006002519965E-6     2.389209265838245E-6     1.3795881650832024E-6    7.928978627139626E-7     4.5372769220154447E-7    2.5858904215053364E-7    1.4681756887067518E-7    8.306267752699542E-8     4.683733171590797E-8     2.6328564937093464E-8    1.475687520792911E-8     8.24841717877364E-9      4.5986111930081505E-9    2.557573070775438E-9     1.419172380484506E-9     7.857853226791047E-10    4.3419629436039417E-10   2.3945821323190685E-10   1.318193933627468E-10    7.24396219782609E-11     3.974282935092423E-11    2.177022463826578E-11    1.1907535912558174E-11   6.5037950610284665E-12   3.547535831898561E-12    1.932541684369467E-12    1.0514738682615583E-12   5.714252425994101E-13    3.101944264097821E-13    1.682066373314207E-13    9.111848936060303E-14    4.931086720380255E-14    2.6660539683828336E-14   1.4401303900356075E-14   7.772428929273257E-15    4.19129653023675E-15     2.2583461683281564E-15   1.2158953555654829E-15   6.541507052026704E-16    3.516795154261899E-16    1.8893615980656045E-16   1.0143606438143409E-16   5.442381783456066E-17    2.9181958819769495E-17   1.5637875426579133E-17   8.375052646413275E-18    4.48282758602848E-18     2.398164893250991E-18    1.2822597860309465E-18   6.852516665662771E-19    3.6602274785734014E-19   1.9541434998070157E-19   1.0428010082027186E-19   5.562230667380297E-20    2.96554696116332E-20     1.5804265935358267E-20   8.419044206912061E-21    4.483066518089875E-21    2.386251483521832E-21    1.2696673416116217E-21   6.75302070576554E-22     3.590302492434148E-22    1.9077584032471204E-22   1.0123461135958653E-22   5.342968583244287E-23    2.746274217699539E-23    1.2158504399003192E-23   0
% Data
% c (mol/m^3) @ t=300, u1=0.01, u2=0.03, u3=0.03
1                         0.9346285641636607       0.8633367061781202       0.7876307854698786       0.7092201390251932       0.6299209345094132       0.5515511086804766       0.47582559892418747      0.4042612181951741       0.3380995967446729       0.27825469723982266      0.2252887132435171       0.17941701156593629      0.14053959049580883      0.1082937514848573       0.08212075250963977      0.06133845691864721      0.04521254636779966      0.03302059546906346      0.0241058103126023       0.01791995861098049      0.013497440877313147     0.010046827907554486     0.007394037872351934     0.005383141292138282     0.003879066406967716     0.0027682020094501295    0.00195745567524042      0.0013723161273215595    9.543921190053057E-4     6.587923538402187E-4     4.5159877939026993E-4    3.0758618740098014E-4    2.0826256742071175E-4    1.4024871589214238E-4    9.397987653385832E-5     6.269253734601297E-5     4.16514300982119E-5      2.7571241442481687E-5    1.819136297322499E-5     1.1967890566175342E-5    7.85353112547786E-6      5.142204300108683E-6     3.360493517918175E-6     2.192546755714288E-6     1.4285640539966305E-6    9.297345091778876E-7     6.045334397512282E-7     3.9279706093830736E-7    2.5508086660673234E-7    1.6558297672088325E-7    1.0745820273667661E-7    6.972675698228665E-8     4.524158073420677E-8     2.9355529017700898E-8    1.9049558328823805E-8    1.2363629567299896E-8    8.025851926925162E-9     5.2111526286236026E-9    3.384412769185279E-9     2.1985972043673848E-9    1.4286434056211007E-9    9.285780395470254E-10    6.037094399601816E-10    3.9259930874310454E-10   2.5537530460130016E-10   1.661540619346677E-10    1.0812845291487317E-10   7.03817137472906E-11     4.5820957157444885E-11   2.983640836368216E-11    1.9431246418588102E-11   1.2656695738921155E-11   8.245170843420586E-12    5.371962655306551E-12    3.5003785825522128E-12   2.281081541533506E-12    1.486639873942981E-12    9.689596616308914E-13    6.315921277923673E-13    4.117136751091677E-13    2.683973744599757E-13    1.7497771712098514E-13   1.1407911909666044E-13   7.43782900734098E-14     4.849542564942777E-14    3.162045218728878E-14    2.061799565691052E-14    1.3444181355334218E-14   8.766581972816462E-15    5.71652682396354E-15     3.7276596862861316E-15   2.4307012603789522E-15   1.5848368761292742E-15   1.0329634413937844E-15   6.724605257710334E-16    4.360197773228627E-16    2.7889785999668673E-16   1.7006707316918092E-16   8.527759849590426E-17    0
% Data
% c (mol/m^3) @ t=400, u1=0.01, u2=0.03, u3=0.03
1                         0.9487495093180227       0.8925305677567433       0.832156006305399        0.7685902177800567       0.7029113409137828       0.6362661175750705       0.5698201494964685       0.5047067602789003       0.44197792787725704      0.38256075119432015      0.3272226218464071       0.2765476796700396       0.2309262644076148       0.19055801032867078      0.15546808963637332      0.1255350546848766       0.10052792315541487      0.08014972238187773      0.06408471183845725      0.052046894007489075     0.042663689677251766     0.03464929201896831      0.027886159030129327     0.022245542374584037     0.01759428021508427      0.01380061156262743      0.01073877856049334      0.008292348216779157     0.006356316710837589     0.004838149412578222     0.0036579588029214813    0.002748036948232074     0.002051948178304849     0.0015233606085064016    0.0011247603907114032    8.261563786537718E-4     6.038494562538564E-4     4.393124448084811E-4     3.1820417386960355E-4    2.295248773079052E-4     1.649088796336288E-4     1.1804361515865319E-4    8.420036723227043E-5     5.9860799065298046E-5    4.2423590467478775E-5    2.9976682716321457E-5    2.1122313917265916E-5    1.484388545430246E-5     1.0405533468673663E-5    7.276968508370477E-6     5.077631935454723E-6     3.5354796685392104E-6    2.4567475704453726E-6    1.703897463742017E-6     1.179614104848016E-6     8.152489273025773E-7     5.625122766231006E-7     3.8752581708769416E-7    2.6658108429363944E-7    1.8312566368156857E-7    1.2562888506450916E-7    8.607512023394065E-8     5.89032637709073E-8      4.026232528990897E-8     2.749025964965016E-8     1.8749974510600696E-8    1.2775692664489926E-8    8.696591256789956E-9     5.91442155141132E-9      4.018748780986366E-9     2.7283532123530414E-9    1.8507866840396026E-9    1.2545044987793303E-9    8.496917978595742E-10    5.750909126296985E-10    3.889639099317555E-10    2.6290027505573484E-10   1.7757929073521546E-10   1.1987350145397047E-10   8.08710711055752E-11     5.4526971122975676E-11   3.674399008520269E-11    2.474720625423541E-11    1.6658608406261203E-11   1.1208082456822094E-11   7.53721644974205E-12     5.066223943320372E-12    3.4037507709854303E-12   2.2857922330137995E-12   1.5343548820742913E-12   1.0294995072825196E-12   6.904452034239764E-13    4.628032365888547E-13    3.099516987569925E-13    2.0719888776104276E-13   1.378096868445734E-13    9.024617290059007E-14    5.6135920397464276E-14   2.853777423192441E-14    0
% Data
% c (mol/m^3) @ t=500, u1=0.01, u2=0.03, u3=0.03
1                         0.9580082463917616       0.9117882001678207       0.8618243609915308       0.8087127847860153       0.7531437612056463       0.6958797043213367       0.6377293061616859       0.5795193172420564       0.5220655617890253       0.4661449418858344       0.41247021438394055      0.36166922683927455      0.31427007552192543      0.2706933141551008       0.2312519230654961       0.1961592812401905       0.16554491054133721      0.13947732464486226      0.11799295196449455      0.10112983661553081      0.0872643694098575       0.07473403634089529      0.0635225415377371       0.05358995235021724      0.04487619064719441      0.03730511063064219      0.030788833584492706     0.02523203485794382      0.020535929513306787     0.016601769576982697     0.013333737022778146     0.010641183602093424     0.008440225214390812     0.006654741346568394     0.0052168583907480385    0.004067010465905094     0.0031536749965271425    0.0024328755528509015    0.0018675341687635913    0.0014267420459492888    0.001085003249180301     8.214921669938431E-4     6.193531013211532E-4     4.650598654650272E-4     3.478448807320209E-4     2.5920090116927523E-4    1.924539510004392E-4     1.4240304465859462E-4    1.0502046770720532E-4    7.720553485671955E-5     5.658454890660613E-5     4.1349945036822804E-5    3.0132146576828897E-5    2.1898351262721898E-5    1.5873217558876976E-5    1.1477165311383455E-5    8.278703701789625E-6     5.957829615109533E-6     4.278091099819622E-6     3.065382053672875E-6     2.1919294758234935E-6    1.564260523133998E-6     1.1142015906766227E-6    7.921744564922796E-7     5.622236103060933E-7     3.9834191905959293E-7    2.81765544218469E-7      1.989893195560471E-7     1.4031548466963236E-7    9.879574829894807E-8     6.946236743562205E-8     4.8770865422302954E-8    3.419722472637495E-8     2.3947482926162835E-8    1.674887928245967E-8     1.170000303889594E-8     8.163516243147422E-9     5.689519925808911E-9     3.960922934269924E-9     2.7545728394607773E-9    1.9136535088329144E-9    1.3281191060358357E-9    9.208488683853793E-10    6.378663965718023E-10    4.4144136673186346E-10   3.0523173570109147E-10   2.1086796717397127E-10   1.4555466613868368E-10   1.0038890424708026E-10   6.918262830359231E-11    4.7639078261183274E-11   3.27774312097067E-11     2.253117912577152E-11    1.5467772890709126E-11   1.0592448456135233E-11   7.209684530103145E-12    4.822537894588844E-12    3.0536226898372255E-12   1.5713918781351582E-12   0
% Data
% c (mol/m^3) @ t=600, u1=0.01, u2=0.03, u3=0.03
1                         0.9646386640564042       0.925628281231128        0.8832736388595297       0.837963555229994        0.7901624719179022       0.7403989889229877       0.6892518226172605       0.6373338488249196       0.5852750491279688       0.5337052955451065       0.48323797688115444      0.434455482025662        0.3878975076105579       0.34405304997087865      0.3033567785316775       0.2661902775750028       0.232888397099109        0.203750684936173        0.1790575966466128       0.15909091228854727      0.14208822020488485      0.12613520295696076      0.11128711322049355      0.09757948115755807      0.08502796186961867      0.07362898686864401      0.06336113944482002      0.054187128606200306     0.04605620565117307      0.03890685315401847      0.032669577704102316     0.027269652812302873     0.0226296834513591       0.018671894688551818     0.015320079874618388     0.01250117553032279      0.010146457935940488     0.008192378937564575     0.0065810749815400065    0.005260593948620202     0.00418488958522567      0.0033136341446946397    0.00261189731916381      0.002049734719603795     0.0016017229994929314    0.001246472006237397     9.661376884271631E-4     7.459533093569976E-4     5.73791079183732E-4      4.3976174795595937E-4    3.35856026600594E-4      2.556288788766858E-4     1.9392566583537572E-4    1.4664771372268674E-4    1.1055399754793973E-4    8.309517060031876E-5     6.227602074596172E-5     4.6542507615581536E-5    3.468975683509913E-5     2.5787699726776804E-5    1.9121404927856127E-5    1.4143519773865489E-5    1.0436601728788463E-5    7.683459227202048E-6     5.6439287239756214E-6    4.136786698043136E-6     3.025731142891221E-6     2.2085680971111867E-6    1.6089076979022868E-6    1.1698144304081761E-6    8.489713019559705E-7     6.150111671675312E-7     4.4474373092740767E-7    3.210669115146249E-7     2.313989460140854E-7     1.6650518534881505E-7    1.1962292345099192E-7    8.581047535734823E-8     6.146441422619693E-8     4.396249839728477E-8     3.140025432718721E-8     2.2397138834882868E-8    1.5954246782662732E-8    1.1350100428925473E-8    8.06449990677301E-9      5.722999089798115E-9     4.056504834669138E-9     2.871939491389507E-9     2.030978356428908E-9     1.4346679827208965E-9    1.0123180249759186E-9    7.134913469346985E-10    5.02233887006444E-10     3.529163764407501E-10    2.4722529382711193E-10   1.7195421562065723E-10   1.1731574060248445E-10   7.551643470175642E-11    3.9297248703921076E-11   0
% Data
% c (mol/m^3) @ t=700, u1=0.01, u2=0.03, u3=0.03
1                         0.9696660141723872       0.936147076194532        0.8996404030336356       0.8604083298552626       0.81877443371804         0.7751176698338874       0.729864757330306        0.6834811619351183       0.6364611224869661       0.5893172501212358       0.5425702874076532       0.49673964458485137      0.4523353276147652       0.4098518359321814       0.36976453617015376      0.33252891339580265      0.2985829669945969       0.2683528595677612       0.24226175084704224      0.2207415626240599       0.20197463126224477      0.18390679074405275      0.1666238993285153       0.15020068036004394      0.13469904410742145      0.12016685425211089      0.10663719262089462      0.09412814528514292      0.08264310154942237      0.07217152755196377      0.06269015079690192      0.054164472888543355     0.046550516162735596     0.039796706048071326     0.03384579427626237      0.028636737308246056     0.024106457968489866     0.020191434548729677     0.01682907887712667      0.013958881594011584     0.011523317998598967     0.009468520565475152     0.00774473416641707      0.006306577077206299     0.005113135153753416     0.0041279184543551554    0.003318709494892694     0.002657330720764532     0.002119356123660031     0.0016837886394637978    0.0013327213875063701    0.0010509972289893534    8.258777374860347E-4     6.467296225596131E-4     5.047340059699628E-4     3.9262174897764765E-4    3.044362639802587E-4     2.3532388474087137E-4    1.8135087220074822E-4    1.3934544500798074E-4    1.0676279112021582E-4    8.15707868425227E-5      6.215407474567936E-5     4.723419045132438E-5     3.5803545294888036E-5    2.707123901727337E-5     2.0418871673584106E-5    1.536473011584904E-5     1.1534929585298592E-5    8.640286835636565E-6     6.457882535485555E-6     4.816434533177839E-6     3.584748707321004E-6     2.6626405973132996E-6    1.973829660129122E-6     1.460400196844296E-6     1.078500375366384E-6     7.950150919990411E-7     5.850013991192026E-7     4.29718525129034E-7      3.151196356449855E-7     2.3070078155752423E-7    1.6862513282915546E-7    1.2305862548442238E-7    8.966741830084636E-8     6.523879081387899E-8     4.739591735334007E-8     3.438381747021764E-8     2.4909113963834825E-8    1.8020350864391634E-8    1.3018795288534974E-8    9.392074951075114E-9     6.764847473181584E-9     4.862078854717042E-9     3.48150939324058E-9      2.4725477724841643E-9    1.7191456604935364E-9    1.1240682177157295E-9    5.911419466274732E-10    0
% Data
% c (mol/m^3) @ t=800, u1=0.01, u2=0.03, u3=0.03
1                         0.9736302830091903       0.9444564095293423       0.9126080636698864       0.8782667190519821       0.8416642468581677       0.8030802128422826       0.7628379817032718       0.7212998164099887       0.6788612243820183       0.6359448579515697       0.5929943194831372       0.5504682485196322       0.5088350765552856       0.46856882248922715      0.43014626741603706      0.3940457911488134       0.3607480758593868       0.3307387866999049       0.3045132285486582       0.28258285635644836      0.26313668157921727      0.2440714012392843       0.22547611554601857      0.20743596613125218      0.19003036232534157      0.17333133077116727      0.15740205692656675      0.14229567898959736      0.12805438268069771      0.11470882998792056      0.10227793760694         0.09076900275988463      0.08017815676491238      0.07049111143884505      0.06168415118041454      0.05372531508803214      0.04657570901319001      0.04019088696170724      0.03452224432881341      0.029518371446672822     0.025126324043862086     0.02129277662414863      0.017965034658854146     0.015091891144145688     0.01262432193446278      0.010516021920700652     0.008723790334336763     0.0072077781325098015    0.0059316135842387525    0.004862423958887952     0.00397077180254947      0.0032305238990329973    0.0026186698829429975    0.002115105827641915     0.0017023961734603254    0.0013655252637276595    0.001091647656386401     8.69844381125036E-4      6.908904881305215E-4     5.47037628691987E-4      4.318140407346044E-4     3.3984318650637186E-4    2.6668139432835887E-4    2.086741717956407E-4     1.6283035898506152E-4    1.267129495821295E-4     9.834519769087423E-5     7.613052213328015E-5     5.87846943833735E-5      4.5278829998484624E-5    3.479177879191907E-5     2.667061149446635E-5     2.0398018704525444E-5    1.5565562619931713E-5    1.1851846775687387E-5    9.004789109330666E-6     6.827296039198849E-6     5.165738009750637E-6     3.900719219764222E-6     2.9397157902173418E-6    2.2112277292520984E-6    1.6601513207017907E-6    1.244130808890118E-6     9.306923868597768E-7     6.95000460060624E-7      5.181068762794042E-7     3.8558915678518663E-7    2.864945326183725E-7     2.1252349969524225E-7    1.5740028482164307E-7    1.1638860002514846E-7    8.591980207734494E-8     6.330741896818921E-8     4.6527195928982574E-8    3.4045445064359136E-8    2.468042903805088E-8     1.7481274307375247E-8    1.160533221313122E-8     6.165593471171771E-9     0
% Data
% c (mol/m^3) @ t=900, u1=0.01, u2=0.03, u3=0.03
1                         0.9768788915245425       0.951274628300349        0.9232720475430582       0.8929979538168629       0.860621193302652        0.8263518678033198       0.7904397409278381       0.7531719317265312       0.714870031970455        0.6758868199032927       0.6366027732766507       0.5974226055706287       0.5587720595185156       0.5210951897934976       0.4848523508636901       0.45051907605447333      0.41858598990951495      0.38955983885559836      0.3639656565124269       0.34235000200673144      0.3229497778391848       0.30367679572922013      0.28461109557802644      0.26583335743532543      0.24742349859212615      0.22945922113803818      0.21201455991615506      0.19515848373361763      0.17895360261126736      0.16345503058892288      0.14870944723672042      0.13475439194180006      0.1216178138852228       0.10931788822755782      0.0978630963115863       0.08725255559158646      0.07747657433619104      0.06851739757594755      0.06035010470321848      0.05294361576385759      0.046261762757671604     0.040264383939780005     0.03490840279000735      0.030148858501988254     0.02593986101075338      0.022235450213313867     0.018990345679614346     0.016160579418800253     0.013704009869264365     0.011580720028552323     0.009753306430439762     0.008187068490366415     0.006850109619868378     0.005713362545536292     0.00475055157849258      0.003938104301976839     0.0032550244159259964    0.0026827364304993647    0.002204911654226777     0.0018072835785373448    0.0014774594015038872    0.0012047331232408764    9.79904429118003E-4      7.951064844845796E-4     6.436448121960638E-4     5.198486173452343E-4     4.189352594407364E-4     3.3688804216434296E-4    2.7034708223619284E-4    2.16512717112243E-4      1.7306070067703573E-4    1.38068301383217E-4      1.0995034389658715E-4    8.74042100209112E-5      6.936282586290926E-5     5.495469988903081E-5     4.347013241122473E-5     3.4332784368193866E-5    2.7075866705581315E-5    2.1322287110317275E-5    1.676816529022561E-5     1.3169199263480377E-5    1.0329431804808332E-5    8.092027424900805E-6     6.331725610024923E-6     4.9486854158285395E-6    3.863480013842851E-6     3.013037695454774E-6     2.3473584806113917E-6    1.826863190670062E-6     1.4202548777906062E-6    1.1027909149809774E-6    8.548775311954222E-7     6.609061476900861E-7     5.082503604256835E-7     3.8632948889208397E-7    2.856110537856306E-7     1.9635509272374773E-7    1.0676985546217887E-7    0
% Data
% c (mol/m^3) @ t=1000, u1=0.01, u2=0.03, u3=0.03
1                         0.979570091569711        0.956929749243116        0.9321346503237498       0.9052751857884447       0.8764773448869658       0.845903033285685        0.8137498423446232       0.7802503134922978       0.7456707674091457       0.7103097914019382       0.6744964984601962       0.6385886865715095       0.6029710355817038       0.5680534800479953       0.5342698892398391       0.5020771691172023       0.47195487557833093      0.4444053937811854       0.4199546956422075       0.3991536379273547       0.3803162648571955       0.3614170805990432       0.3425214323937292       0.32369774995620354      0.30501663262911055      0.286549823972386        0.2683690997834416       0.2505451012648528       0.23314614947574613      0.21623707991094127      0.19987813675276944      0.18412396488961363      0.16902273422063255      0.15461542527098834      0.14093529808638244      0.12800755824136664      0.11584922513739423      0.10446919915766428      0.09386851622660651      0.08404077135351136      0.07497268717132613      0.0666447995309701       0.0590322299615464       0.052105514214383856     0.04583145702408408      0.040173985412188494     0.035094976046647        0.030555036047988274     0.026514220898835903     0.022932677488797973     0.019771204572338337     0.01699172684176793      0.014557682281712623     0.0124343253871918       0.010588951153394772     0.008991046479925971     0.007612376806088221     0.006427016460388554     0.005411331435744611     0.004543923168568646     0.003805541483492177     0.003178974241421399     0.0026489204658540757    0.00220185288120962      0.0018258749277288463    0.0015105764605369309    0.001246891526195075     0.0010269608600029677    8.440010751329389E-4     6.921819274880417E-4     5.665125398150016E-4     4.627370528648409E-4     3.772398351587948E-4     3.06960119125134E-4      2.4931573183976826E-4    2.0213544467484208E-4    1.6359936920945191E-4    1.321867685526686E-4     1.066306261779371E-4     8.587831166383826E-5     6.905769843155905E-5     5.544811758611184E-5     4.4455570065075955E-5    3.559166300751374E-5     2.845578279757283E-5     2.2720064421935766E-5    1.811676289343176E-5     1.442767616591626E-5     1.1475309014194515E-5    9.1155025622233E-6       7.2312829448348895E-6    5.727702544589474E-6     4.527454175768414E-6     3.5670250562780607E-6    2.7931100619429653E-6    2.1588986121667925E-6    1.6196436138707605E-6    1.1265373786187497E-6    6.172213468272999E-7     0
% Data
% c (mol/m^3) @ t=1100, u1=0.01, u2=0.03, u3=0.03
1                         0.9818361684744146       0.9616963547288097       0.9396173533598592       0.9156652201410665       0.8899365707466519       0.8625595034458858       0.8336941456601648       0.803532840455874        0.7723000050801736       0.7402517086387641       0.7076750290232339       0.6748872592768209       0.6422350398418785       0.6100934947557946       0.578865446196762        0.5489807723649529       0.5208959582980044       0.4950938679217042       0.47208373879494164      0.45240136931418823      0.4344561443629149       0.41631688266730005      0.39803322669215785      0.3796588522670173       0.36125098273146594      0.3428697879097544       0.3245776761651102       0.306438492675927        0.2885166417755221       0.2708761554014562       0.25357973311325255      0.23668778149611383      0.22025748186975208      0.20434191494370432      0.1889892693770298       0.17424215818538         0.16013706276226286      0.1467039191954729       0.1339658558749564       0.12193908544769566      0.1106329483245298       0.10005009950481332      0.09018682573147078      0.08103347613068973      0.07257498666211556      0.0647914769649978       0.057658897518712046     0.051149705364851826     0.04523354783537787      0.03987793563545459      0.03504888906010794      0.03071154389593864      0.026830706496222382     0.02337135046112747      0.02029905017043571      0.017580348998505854     0.01518306231437287      0.01307651728660419      0.011231733051600705     0.009621545966421686     0.008220685471732738     0.007005806569188004     0.005955485111387687     0.0050501820573295225    0.0042721826093498295    0.0036055157650908983    0.0030358593329820054    0.0025504349104164925    0.002137896743154487     0.0017882177996215143    0.0014925758261287315    0.001243241614639977     0.0010334712247164343    8.574034626157655E-4     7.09963536607762E-4      5.867734789475684E-4     4.840696499873052E-4     3.9862741538082384E-4    3.276929089419106E-4     2.6892165651021E-4       2.2032373492725425E-4    1.802150696725734E-4     1.4717442977538084E-4    1.2000565451707408E-4    9.770463874522224E-5     7.94306082465969E-5      6.44812297450859E-5      5.22711179271158E-5      4.231332037810899E-5     3.420337543823009E-5     2.7605540750538142E-5    2.2240770808362956E-5    1.7875962134023044E-5    1.4313854112456183E-5    1.1382718641742923E-5    8.924499548650016E-6     6.779210284801428E-6     4.761880859600546E-6     2.6256643123819973E-6    0
% Data
% c (mol/m^3) @ t=1200, u1=0.01, u2=0.03, u3=0.03
1                         0.9837788129542416       0.9657858025851102       0.9460453209758346       0.9246067593811278       0.90154603761498         0.8769668428100517       0.8510016083653877       0.8238122336435377       0.7955905547480079       0.7665585859490047       0.7369685594351513       0.7071027974461477       0.6772734549004974       0.6478221718389863       0.6191196729091129       0.5915653453865789       0.5655868176847101       0.5416395469348769       0.5202064072216315       0.5017972498277498       0.4849260832429742       0.46777443043446815      0.4503777902466262       0.43277576234217974      0.4150118630685311       0.3971332479280012       0.3791903392306503       0.36123636069575343      0.3433267842169512       0.3255186975588567       0.3078701052261633       0.2904391779424904       0.2732834688976688       0.25645911698695867      0.24002005852341246      0.22401726925035473      0.208498057865866        0.19350543070807         0.17907754481356783      0.16524726338248         0.15204182393905857      0.13948262537507816      0.12758513582775463      0.11635891919659899      0.10580777424885977      0.09592997687505493      0.08671861326858549      0.07816198970513112      0.07024410323009517      0.06294515692277451      0.05624210345172368      0.05010920129250501      0.04451856914885578      0.039440725689124365     0.03484510356382902      0.03070052869157512      0.026975657881840556     0.023639369909841616     0.02066110709247637      0.018011166174521545     0.0156609388780028       0.0135831037690928       0.011751772145377122     0.010142591444195551     0.008732810232774528     0.00750130918358325      0.006428602589647242     0.00549681496334848      0.004689637118522879     0.003992265888912996     0.0033913313139898424    0.002874814750959342     0.002431960971398025     0.0020531868909710502    0.0017299891761482244    0.0014548525844741908    0.001221160533391765     0.0010231090627220278    8.556250611440928E-4     7.142893688681965E-4     5.952651470163463E-4     4.952317175983129E-4     4.1132392399498047E-4    3.4107693736557687E-4    2.8237633556089036E-4    2.3341320346594908E-4    1.9264394184168146E-4    1.5875441889325224E-4    1.3062804569835524E-4    1.0731728963252893E-4    8.80180376209042E-5      7.204604837676498E-5     5.8814430888822543E-5    4.781055504501359E-5     3.856986757229377E-5     3.0642456986932944E-5    2.354537676249811E-5     1.6688822563590887E-5    9.255766107556634E-6     0
% Data
% c (mol/m^3) @ t=0, u1=0.01, u2=0.03, u3=0.05
1                         -4.52284577296406E-8     2.1593471701523133E-15   2.4290496195567383E-20   3.2340292311947445E-26   3.296041953163354E-32    3.0016600099896497E-38   2.568143168585249E-44    2.111589465229364E-50    1.6890005337407386E-56   1.3239176014680624E-62   1.0217940586561672E-68   7.790195122817811E-75    5.880645162805392E-81    4.402910824473005E-87    3.273866670895748E-93    2.420083364469386E-99    1.779912873506473E-105   1.3033148956459134E-111  9.506353164339778E-118   6.933145290912717E-124   5.631137313691633E-130   4.561052960078761E-136   3.685138160113052E-142   2.9707243711094745E-148  2.3898893276181632E-154  1.9190041527488977E-160  1.5382372052944462E-166  1.2310586407399463E-172  9.837716956193554E-179   7.850846814942011E-185   6.257298112713716E-191   4.981299981100327E-197   3.9611175563388895E-203  3.146606438162777E-209   2.4971489606113206E-215  1.9799261562322777E-221  1.568480278188325E-227   1.2415257230427795E-233  9.819701989075243E-240   7.786821411763576E-246   6.8815439635554785E-252  6.077524097113267E-258   5.364097568697367E-264   4.731609160388759E-270   4.17133810872116E-276    3.675424783491975E-282   3.2367997079452325E-288  2.849115684308573E-294   2.5066835312759906E-300  2.204411739410519E-306   1.93775028836E-312       1.661365E-318            0                        0                        0                        0                        0                        0                        0                        0                        0                        0                        0                        0                        0                        0                        0                        0                        0                        0                        0                        0                        0                        0                        0                        0                        0                        0                        0                        0                        0                        0                        0                        0                        0                        0                        0                        0                        0                        0                        0                        0                        0                        0                        0                        0                        0                        0                        0                        0
% Data
% c (mol/m^3) @ t=100, u1=0.01, u2=0.03, u3=0.05
1                         0.8551207359120244       0.7035370973406754       0.5550797663659288       0.41872944042838167      0.3012452826775601       0.2063061549567003       0.1343708808305376       0.08324607885175954      0.04911660930071815      0.02766012485879302      0.014910901071335822     0.007720170748583958     0.003852562720248943     0.001859481755764992     8.709829879250087E-4     3.9716163069954493E-4    1.7683115438013366E-4    7.713538903077417E-5     3.3214635129008154E-5    1.4623947555048684E-5    6.6968698556851554E-6    3.0262904099849595E-6    1.3513294587399356E-6    5.9694808899771E-7       2.6114960800930295E-7    1.1324514548833631E-7    4.871701165164253E-8     2.080583714022103E-8     8.826941947143458E-9     3.7222170477510343E-9    1.5609105871962654E-9    6.512293811292432E-10    2.70422878435644E-10     1.1180519223382005E-10   4.603937679708078E-11    1.8887464473720545E-11   7.721971091532397E-12    3.148269810298308E-12    1.2847653439346266E-12   5.406816206567047E-13    2.3932183782808973E-13   1.0567707983644228E-13   4.655825240725522E-14    2.0468437046647E-14      8.98039013249938E-15     3.9325536800728084E-15   1.7189605686334686E-15   7.500817941673129E-16    3.2676801493299114E-16   1.4213229769185512E-16   6.173053756338358E-17    2.6772623574096958E-17   1.1595592790940841E-17   5.015703741567069E-18    2.1668646316208515E-18   9.350078002880811E-19    4.0299847597376934E-19   1.7350666957378457E-19   7.462292081156852E-20    3.206189756808509E-20    1.3762068305421652E-20   5.9016217432613774E-21   2.5285235827131516E-21   1.0823921218927463E-21   4.629536016658675E-22    1.97850933233582E-22     8.448866459127732E-23    3.6052037026915295E-23   1.5372444793789536E-23   6.550102141441746E-24    2.7890412238571515E-24   1.1867870506774693E-24   5.046735115071375E-25    2.144749155635007E-25    9.1091706698385E-26      3.866564056418867E-26    1.640298838248545E-26    6.95471257410593E-27     2.9471387293337753E-27   1.2482271351479238E-27   5.284020573175783E-28    2.235729014886703E-28    9.455038737113158E-29    3.996708053645287E-29    1.688658249067896E-29    7.131590430221423E-30    3.010517640231471E-30    1.270313165172004E-30    5.35796377041028E-31     2.2589802970620896E-31   9.520351831363291E-32    4.0107489154004824E-32   1.6890159045055472E-32   7.110190783484195E-33    2.992048570873452E-33    1.2585456258684696E-33   5.28783368141354E-34     2.2032737514466052E-34   8.425526886288077E-35    0
% Data
% c (mol/m^3) @ t=200, u1=0.01, u2=0.03, u3=0.05
1                         0.9106950497198399       0.8143184378900553       0.7140391067888666       0.6132561742159792       0.5153179471078948       0.42324350229086716      0.33948249698830574      0.2657455023083952       0.2029275045619219       0.15113198769783603      0.10978498351532895      0.0778122218316672       0.053842884979483176     0.036403431391660274     0.024073892217231448     0.015592979032455115     0.009912077274359664     0.006207882314764802     0.003867790231997324     0.002462118368141496     0.0016014125144227058    0.0010279549851319155    6.518032947615821E-4     4.086078155731547E-4     2.534542382479384E-4     1.5567838287356732E-4    9.475535395297766E-5     5.7189297715026484E-5    3.42475039353699E-5      2.0360738167261238E-5    1.2023658228957232E-5    7.056158748784564E-6     4.11701303322898E-6      2.389227227436333E-6     1.3796339521810281E-6    7.930143120278152E-7     4.5402312942494024E-7    2.59336629104842E-7      1.4870405967020578E-7    8.780909976637006E-8     5.3680110344023024E-8    3.272237022489174E-8     1.9893285183617413E-8    1.2063302545184361E-8    7.297708410169344E-9     4.404792395155265E-9     2.6529980561055798E-9    1.5946707453557552E-9    9.566966575930324E-10    5.72914613338567E-10     3.424981654510807E-10    2.0441692478389762E-10   1.2181498572702803E-10   7.24840649597265E-11     4.306980034164952E-11    2.5557609755867827E-11   1.514646923569769E-11    8.965436308295804E-12    5.300584949535479E-12    3.130333244445404E-12    1.8466835440982343E-12   1.0883009528045586E-12   6.407350981570197E-13    3.7687582849093975E-13   2.2147495612452232E-13   1.3003879170843121E-13   7.628826315413091E-14    4.4719071528411233E-14   2.6193352448634464E-14   1.5330805534892327E-14   8.966565415781964E-15    5.240655411993745E-15    3.0609338359912084E-15   1.7866567573571333E-15   1.0422134106696668E-15   6.07588540160589E-16     3.5400425589345485E-16   2.0613967414089765E-16   1.1997111590818418E-16   6.978487140327927E-17    4.0571630269273327E-17   2.357583218454408E-17    1.369309127631309E-17    7.949358702760989E-18    4.612801414907244E-18    2.6755014813079433E-18   1.5511681146947913E-18   8.989406381531827E-19    5.20746849547367E-19     3.0154392902792755E-19   1.7454499183899154E-19   1.0099529963144337E-19   5.841633762233773E-20    3.377544678456786E-20    1.9518770775039467E-20   1.1266997030286568E-20   6.473567306724268E-21    3.631424798920869E-21    1.766498248655616E-21    0
% Data
% c (mol/m^3) @ t=300, u1=0.01, u2=0.03, u3=0.05
1                         0.9346285641636606       0.8633367061781204       0.787630785469879        0.7092201390251934       0.6299209345094133       0.5515511086804769       0.47582559892418763      0.4042612181951743       0.33809959674467305      0.278254697239823        0.22528871324351765      0.17941701156593723      0.14053959049581066      0.10829375148486065      0.08212075250964605      0.06133845691865913      0.045212546367822216     0.03302059546910623      0.0241058103126834       0.017919958611134247     0.013497440877621121     0.010046827908207882     0.007394037873764287     0.0053831412952091125    0.0038790664136572756    0.002768202024032898     0.0019574557070392135    0.0013723161966704303    9.543922702508022E-4     6.587926836770437E-4     4.515994985818412E-4     3.075877551161839E-4     2.0826598333854342E-4    1.4025615459822263E-4    9.399606330833375E-5     6.272772660828122E-5     4.1727840326765965E-5    2.7736924952472992E-5    1.8550019539768943E-5    1.2742754632210403E-5    8.990352136851347E-6     6.330346327784207E-6     4.449647507711119E-6     3.123014603827763E-6     2.1891139850495588E-6    1.5328409164008384E-6    1.0723615367218926E-6    7.496777522925755E-7     5.237980927904577E-7     3.658210834325106E-7     2.554123644166729E-7     1.7829114930654382E-7    1.2444356486230255E-7    8.685686792117336E-8     6.062528231813187E-8     4.231994346305428E-8     2.9545905648330636E-8    2.0631250616898696E-8    1.440924541695718E-8     1.0065898133138617E-8    7.033391456647055E-9     4.915650052754817E-9     3.4363860289756165E-9    2.4028517378600525E-9    1.6805595421273764E-9    1.17565395387094E-9      8.226208931897793E-10    5.757181548194681E-10    4.029999570494946E-10    2.821497240791355E-10    1.975733504447255E-10    1.3837121216548801E-10   9.692289874985819E-11    6.789926676827765E-11    4.757258954830389E-11    3.3334714320702845E-11   2.3360407220836692E-11   1.6372069578810486E-11   1.1475254422622455E-11   8.043646885681669E-12    5.638612585217105E-12    3.952911011181243E-12    2.771306416839272E-12    1.9429975366492103E-12   1.3623159814399828E-12   9.552109275697766E-13    6.697838576178758E-13    4.696586649924112E-13    3.2933710946736285E-13   2.3094465960969764E-13   1.6195016878867004E-13   1.1356762658290095E-13   7.963544600728563E-14    5.5829479173904695E-14   3.910764726584737E-14    2.7311154508664942E-14   1.886084772263451E-14    1.248312734659365E-14    6.8621240118334315E-15   0
% Data
% c (mol/m^3) @ t=400, u1=0.01, u2=0.03, u3=0.05
1                         0.9487495093180228       0.8925305677567434       0.8321560063053994       0.7685902177800574       0.7029113409137847       0.6362661175750739       0.5698201494964744       0.5047067602789115       0.4419779278772776       0.38256075119435723      0.32722262184647427      0.27654767967016125      0.23092626440783495      0.19055801032906874      0.1554680896370919       0.1255350546861727       0.10052792315774996      0.08014972238607974      0.0640847118460094       0.05204689402104455      0.042663689702832054     0.03464929207002715      0.02788615913402298      0.022245542587160837     0.01759428065037932      0.013800612453209488     0.0107387803798625       0.008292351927069662     0.006356324262914807     0.004838164753145242     0.0036579898971956805    0.002748099830698701     0.002052075040465732     0.0015236158949896291    0.001125272724142624     8.271816495776682E-4     6.058950212004772E-4     4.433806204425514E-4     3.2626753825254636E-4    2.454497695601403E-4     1.883194803060398E-4     1.4403171986917542E-4    1.0982917213537668E-4    8.35098183333883E-5      6.332547262948531E-5     4.789591079650346E-5     3.613705883802692E-5     2.720157910683434E-5     2.043018606627325E-5     1.5312101822113893E-5    1.1453190743862586E-5    8.55046856646676E-6      6.371846766911584E-6     4.7401357727721505E-6    3.520483086979248E-6     2.6105604042182524E-6    1.932935319401692E-6     1.4291679812521668E-6    1.0552617619324494E-6    7.781710466439059E-7     5.731302478543799E-7     4.216178616671505E-7     3.0980950837737563E-7    2.274060089991539E-7     1.6674804995923003E-7    1.2214910117727662E-7    8.939401845761827E-8     6.536304974539988E-8     4.775049413090163E-8     3.485461742767712E-8     2.542108039068269E-8     1.8526462118235094E-8    1.349176071653085E-8     9.81826110993209E-9      7.1400599244189795E-9    5.188972725114221E-9     3.768630238545328E-9     2.7353827675812158E-9    1.9842411597803285E-9    1.438538324506302E-9     1.0423353858206897E-9    7.548499072333117E-10    5.463720054331405E-10    3.952739987776495E-10    2.8582285524931425E-10   2.06581371038541E-10     1.492406519070049E-10    1.0776825707359408E-10   7.778715314892321E-11    5.612327875700466E-11    4.0476163652386764E-11   2.917924823302305E-11    2.1025456634021003E-11   1.5139999604452586E-11   1.0886829795427767E-11   7.79779184691089E-12     5.513857269036282E-12    3.724204442249811E-12    2.0766316790234654E-12   0
% Data
% c (mol/m^3) @ t=500, u1=0.01, u2=0.03, u3=0.05
1                         0.9580082463917657       0.9117882001678298       0.8618243609915485       0.8087127847860475       0.7531437612057036       0.6958797043214379       0.6377293061618637       0.5795193172423693       0.5220655617895743       0.4661449418867949       0.4124702143856197       0.36166922684220554      0.31427007552703295      0.2706933141639861       0.23125192308092726      0.1961592812669419       0.1655449105876268       0.13947732472480504      0.11799295210227924      0.10112983685251156      0.08726436983693674      0.07473403715429852      0.06352254311876496      0.05358995544212244      0.044876196698040056     0.037305122456265806     0.030788856646746396     0.025232079721518037     0.020536016552189486     0.01660193795910004      0.013334061799184243     0.010641808087406938     0.008441422096091182     0.006657027530587007     0.005221209892787192     0.004075262661743679     0.0031692645453939693    0.0024622087650096654    0.001922497503938414     0.0015292827196950656    0.0012352765430770454    9.94219825241993E-4      7.974291062448313E-4     6.374441767100658E-4     5.079030116097259E-4     4.034178937411332E-4     3.194562437984155E-4     2.522286500816616E-4     1.9858571168763597E-4    1.5592458389523101E-4    1.2210554015414947E-4    9.537842986385738E-5     7.431859823271371E-5     5.777162489481963E-5     4.4806112317486825E-5    3.467369512071329E-5     2.6775430924510322E-5    2.0633758234983278E-5    1.5869255603736297E-5    1.2181499617297704E-5    9.333390088307519E-6     7.138383865275934E-6     5.45015022810576E-6      4.154228408310462E-6     3.1613298510709946E-6    2.4019836374195294E-6    1.8222727569119692E-6    1.380451781917653E-6     1.0442733037403567E-6    7.888817523177492E-7     5.951595118580619E-7     4.484321623589253E-7     3.374578058590715E-7     2.536403250957898E-7     1.9041857104334674E-7    1.4279333013190212E-7    1.0696187154593248E-7    8.003625569522802E-8     5.98266824015605E-8      4.467521187897859E-8     3.3328403451642916E-8    2.4839951586336453E-8    1.8496391855992383E-8    1.3760511345715342E-8    1.0228318145310364E-8    7.59637486451276E-9      5.637039130128334E-9     4.179725635983537E-9     3.096745868725806E-9     2.2926217886866024E-9    1.6960309351273253E-9    1.2537399318056486E-9    9.26033957932955E-10     6.832595703331369E-10    5.031692872765615E-10    3.687795363281046E-10    2.663963494845994E-10    1.8323847727967372E-10   1.0347848870889851E-10   0
% Data
% c (mol/m^3) @ t=600, u1=0.01, u2=0.03, u3=0.05
1                         0.9646386640564645       0.9256282812312712       0.883273638859801        0.8379635552304747       0.7901624719187355       0.7403989889244168       0.6892518226197          0.6373338488290721       0.5852750491350209       0.5337052955570583       0.4832379769013683       0.43445548205977963      0.38789750766802084      0.34405305006744974      0.3033567786936086       0.2661902778458994       0.23288839755120655      0.20375068568879912      0.1790575978963168       0.15909091435809694      0.1420882237853033       0.12613520949764948      0.11128712542911447      0.09757950410454146      0.08502800504087897      0.07362906796869796      0.06336129141833387      0.05418741255324662      0.04605673449023666      0.038907834799875834     0.032671393520352525     0.027272999528795153     0.022635828713394958     0.01868313503828018      0.01534055747920502      0.01253832723029726      0.01021357253830453      0.008313085543685619     0.006797175603762399     0.005645651556849529     0.004746160173991605     0.003975453816188904     0.003318021087285697     0.0027596412315208357    0.0022873926764189036    0.001889632828457254     0.0015559546582085025    0.0012771254262148707    0.001045012511776732     8.525007803326547E-4     6.934053199145724E-4     5.623827423838483E-4     4.5484361943018696E-4    3.668680350266335E-4     2.9512570421270164E-4    2.3680164373880564E-4    1.895279877582162E-4     1.513222209294582E-4     1.2053184796194961E-4    9.578532644369814E-5     7.594895106863534E-5     6.008928396332426E-5     4.74406696147338E-5      3.73773463327428E-5      2.938966240404102E-5     2.306391815421758E-5     1.8065380005344222E-5    1.41240451763588E-5      1.1022772641687457E-5    8.587434807303892E-6     6.678783196294425E-6     5.185758912562621E-6     4.020013867012412E-6     3.1114411502576526E-6    2.404542233515868E-6     1.8554847892759109E-6    1.4297279037414985E-6    1.1001114599955096E-6    8.453237221765303E-7     6.486758988162822E-7     4.971249736860445E-7     3.8049662995286156E-7    2.9086891211107205E-7    2.2208460664907427E-7    1.693663923604235E-7     1.2901380761016384E-7    9.816517487331677E-8     7.46109604748316E-8      5.6647756696667943E-8    4.2964261467961994E-8    3.255238551434692E-8     2.46380048844592E-8      1.8626937281679405E-8    1.4062446464698597E-8    1.059087024379232E-8     7.931519154271763E-9     5.845026305250401E-9     4.088957518897629E-9     2.3362201218086053E-9    0
% Data
% c (mol/m^3) @ t=700, u1=0.01, u2=0.03, u3=0.05
1                         0.9696660141729748       0.9361470761959063       0.8996404030361899       0.8604083298596895       0.8187744337255108       0.7751176698463516       0.7298647573509803       0.6834811619692863       0.6364611225432755       0.5893172502138002       0.542570287559443        0.4967396448331472       0.45233532801990295      0.4098518365915277       0.3697645372403651       0.33252891512815164      0.29858296979083576      0.268352864068125        0.24226175806834052      0.22074157417548027      0.20197465051340988      0.18390682459093727      0.16662396020715295      0.15020079073706274      0.13469924451850465      0.12016721764037742      0.10663784981309277      0.09412933007125383      0.08264523010842534      0.07217533777118099      0.0626969455292622       0.05417654268022345      0.04657187027668846      0.03983433026640269      0.03391180386661576      0.028752042567163228     0.02430697073176196      0.02053851769967156      0.01742703734205123      0.014984065141213644     0.013007631857445493     0.011252749222430697     0.009701221640628012     0.00833525446108832      0.007137641342315386     0.006091918680612567     0.005182487056187783     0.004394700813016947     0.0037149278205015086    0.0031305821591573854    0.0026301329366034167    0.002203092693592243     0.0018399889304240096    0.0015323222039800596    0.001272514048432682     0.0010538476910867843    8.704041987257518E-4     7.169963253457175E-4     5.891019608958773E-4     4.8279871961377015E-4    3.9470086833598867E-4    3.218994883314616E-4     2.6190649381797193E-4    2.1260289857893532E-4    1.7219152893376737E-4    1.3915422498972762E-4    1.1221344971266479E-4    9.029813327791161E-5     7.251351442210423E-5     5.8114697056833484E-5    4.648361530176899E-5     3.710908969871841E-5     2.9569658393681965E-5    2.3518876646777208E-5    1.8672793699565466E-5    1.4799335758872413E-5    1.1709345994896954E-5    9.249055697132625E-6     7.293784088082715E-6     5.742687027054547E-6     4.514396427629179E-6     3.543412323518874E-6     2.7771279503474584E-6    2.1733848764284615E-6    1.6984701065623048E-6    1.3254802505166793E-6    1.0329893827918478E-6    8.039672359177029E-7     6.249029866316147E-7     4.850972229889954E-7     3.7609079239266366E-7    2.912041043005593E-7     2.2516386342449363E-7    1.7379542261349114E-7    1.3375614390315977E-7    1.0227396295162573E-7    7.682549669302405E-8     5.461564944040793E-8     3.155052385369216E-8     0
% Data
% c (mol/m^3) @ t=800, u1=0.01, u2=0.03, u3=0.05
1                         0.9736302830131847       0.9444564095385796       0.9126080636867572       0.8782667190805904       0.8416642469052775       0.8030802129188388       0.7628379818268249       0.7212998166085264       0.6788612246999952       0.6359448584593556       0.59299432029177         0.5504682498037712       0.5088350785887874       0.4685688257000861       0.43014627247089976      0.3940457990824705       0.3607480882723628       0.33073880605867095      0.3045132586397471       0.28258290297022215      0.26313675661892766      0.24407152855773467      0.22547633681000376      0.2074363542137787       0.19003104448595073      0.17333252862402496      0.15740415507072916      0.14229934234832337      0.12806075622569546      0.11471987713042815      0.10229701082523474      0.0908018011867448       0.08023432516764771      0.07058689662091046      0.061846792119587844     0.054000259735486604     0.04703841320768786      0.04096599761231705      0.03581461158805631      0.03166289471422948      0.02820826751349688      0.025051306201125348     0.02217760478082575      0.019571913912930786     0.017218379361109197     0.015100773859420442     0.013202717049520371     0.011507879042461555     0.010000164148578261     0.008663872332478227     0.007483836935563643     0.006445538122750024     0.00553519232086224      0.004739818602175613     0.0040472835165917586    0.0034463262878611724    0.0029265665683751428    0.0024784971043055135    0.0020934637131497977    0.0017636349362184004    0.0014819636173462288    0.0012421424939273813    0.0010385556839251496    8.662277277160487E-4     7.207716092826914E-4     5.98336947890165E-4      4.955593271933601E-4     4.095115197998946E-4     3.376571757759278E-4     2.7780737586240357E-4    2.2808030529384394E-4    1.868641819873638E-4     1.5278347255253118E-4    1.2466834951360746E-4    1.0152728139123953E-4    8.25226017006392E-5      6.694887125277327E-5     5.421382819364303E-5     4.382170989788502E-5     3.535872822813159E-5     2.848048306260062E-5     2.2901106877693154E-5    1.8383944264905152E-5    1.4733583486362548E-5    1.178907164858277E-5     9.418160089177422E-6     7.512441558974565E-6     5.983255279647497E-6     4.75824954490917E-6      3.778503724497741E-6     2.9961215437389108E-6    2.37221378407974E-6      1.87518764740899E-6      1.4792441942005011E-6    1.1629368915290678E-6    9.075234109363566E-7     6.94558773295253E-7      5.015256671384702E-7     2.9281389501160084E-7    0
% Data
% c (mol/m^3) @ t=900, u1=0.01, u2=0.03, u3=0.05
1                         0.9768476922260773       0.9512099476395899       0.9231729692004084       0.8928651112990733       0.8604568838270333       0.8261600826338447       0.7902261029567319       0.7529435362064258       0.7146351920903308       0.6756547249973948       0.6363830734368213       0.5972249418548922       0.5586055633837127       0.5209679784533947       0.48477104670436         0.4504883778673605       0.41860832151645627      0.38963509684131375      0.364091073540766        0.34252013599824704      0.3231616124650218       0.30393072431353335      0.2849062889263358       0.2661676971566931       0.24779359392030506      0.22986053195597564      0.21244165314359978      0.19560545964461168      0.17941474597867457      0.16392577483065235      0.14918779704929525      0.13524304498146664      0.12212737571554944      0.10987181863798072      0.09850540729616868      0.08805987458657398      0.0785771005464704       0.07012067892411009      0.06279369307639272      0.056765880969044176     0.05163669958990497      0.046840036667737214     0.04236975990260381      0.038218087155049735     0.03437573051891173      0.030832060202176916     0.0275752834864724       0.024592633809696413     0.021870565001045214     0.01939494587678459      0.017151250752770675     0.015124741913617776     0.013300640662537175     0.011664284223269624     0.010201266440654862     0.008897560896984269     0.007739625699818585     0.006714489781393892     0.005809821063927828     0.005013977278699042     0.004316040574689237     0.003705837314527708     0.0031739446350196824    0.0027116854532245245    0.0023111136355479967    0.0019649910265918365    0.001666757967100902     0.0014104988267651364    0.0011909039478576933    0.0010032292488428116    8.432545811904994E-4     7.072417744874741E-4     5.918931500680365E-4     4.943111361034062E-4     4.119594805302138E-4     3.42626434480897E-4      2.843901692174573E-4     2.355865944341161E-4     1.9477966505119593E-4    1.607341966771836E-4     1.3239115583751362E-4    1.0884534870048169E-4    8.93254000824066E-5      7.317589163358747E-5     5.9841512929457675E-5    4.8853070361541505E-5    3.981519486809382E-5     3.2395589169783006E-5    2.6315656390230334E-5    2.134235182313288E-5     1.7281092778870354E-5    1.3969536886673406E-5    1.1271973206254607E-5    9.073910823936085E-6     7.276080709757134E-6     5.786232168551559E-6     4.505236855336089E-6     3.2998520742570406E-6    1.9452560599806263E-6    0
% Data
% c (mol/m^3) @ t=1000, u1=0.01, u2=0.03, u3=0.05
1                         0.9795404064700538       0.9568681690761484       0.9320402203728136       0.9051483794739482       0.8763201738205675       0.8457190821999092       0.8135442202147608       0.7800295166461242       0.7454424555191124       0.7100824826580107       0.6742791955667253       0.6383904501163454       0.6028005254201615       0.5679184883033233       0.5341768900970756       0.5020309106329819       0.4719580372204594       0.44445833045180694      0.4200552847530108       0.399297241014228        0.38050066741920346      0.36164354007517185      0.34279022145912447      0.32400810030841437      0.305366764519845        0.2869370944374947       0.2687903138589708       0.25099704948594176      0.23362646666340803      0.21674557226799754      0.20041880804123077      0.1847081050417839       0.16967364065887086      0.15537564647056243      0.14187777692372497      0.12925279285703856      0.11759168022022404      0.10701787054748055      0.09770903835753739      0.08993013931963335      0.08319623984592363      0.07678543615009928      0.07070019853680025      0.06494122382232245      0.059507451595427786     0.05439610799521128      0.04960277559896793      0.045121487249854014     0.0409448410041311       0.03706413286552399      0.033469503614777546     0.03015009584133137      0.027094217237646066     0.02428950631384596      0.021723096913540057     0.019381778239091867     0.01725214750179206      0.015320752774049864     0.013574224112210128     0.011999391517161099     0.010583388785563287     0.00931374276074731      0.008178447906252712     0.007166026487504581     0.006265574952716039     0.005466797350452693     0.004760026808869487     0.004136236233165282     0.0035870394577678143    0.0031046841238518263    0.002682037547442963     0.0023125668053342167    0.0019903142020853354    0.0017098691979371078    0.0014663377804982562    0.0012553101578567888    0.0010728275419103336    9.153486820243073E-4     7.797167036856927E-4     6.631267069814912E-4     5.630944871923233E-4     4.774266556528095E-4     4.0419236385068867E-4    3.416967675663086E-4     2.8845631020464835E-4    2.4317585415245416E-4    2.047276436630925E-4     1.7213203789091504E-4    1.445398991839915E-4     1.2121644087448677E-4    1.0152619118850641E-4    8.491843175936028E-5     7.091184151185206E-5     5.907573594261208E-5     4.9002416654855965E-5    4.025897765631595E-5     3.229369062347842E-5     2.4243768744925174E-5    1.453071723667686E-5     0
% Data
% c (mol/m^3) @ t=1100, u1=0.01, u2=0.03, u3=0.05
1                         0.9818165086126913       0.9616555218463473       0.9395546088547575       0.9155807113013181       0.8898314053720169       0.8624357801327596       0.8335549341055285       0.8033821086340658       0.7721424930302948       0.7400927517051004       0.7075203365238846       0.6747426575319425       0.6421061910710288       0.6099856053723162       0.5787829793402729       0.548927180024288        0.5208734480483116       0.4951032181551386       0.47212417444915555      0.45247050763326746      0.4345533382743466       0.41644405446693183      0.39819191454581815      0.37985021523781354      0.3614758855789568       0.3431290077575472       0.3248722925707739       0.30677055269314485      0.2888902381349086       0.27129912775546017      0.25406631251036976      0.2372626663033672       0.2209620878870317       0.20524392544396924      0.19019718355452336      0.17592738803171232      0.16256738742331717      0.1502939575494826       0.1393529274969371       0.13009677497402955      0.12197410697859024      0.11413032929122768      0.10657473440924332      0.09931521700425529      0.09235819323969496      0.08570854064667587      0.07936956001959429      0.07334296016550522      0.0676288656907071       0.06222584736374891      0.05713097398421172      0.052339884135784595     0.04784687573048688      0.04364501087319875      0.03972623330105727      0.03608149548420759      0.03270089241103446      0.029573799115903077     0.026689009130411855     0.024034871237223907     0.021599422163925144     0.01937051315744528      0.017335928711796327     0.015483496068416014     0.013801184455780787     0.012277193371471182     0.010900029525855344     0.0096585723544742       0.008542128260672372     0.007540473967660452     0.006643889538493712     0.005843181763488986     0.00512969871878355      0.004495336369522089     0.003932538129765319     0.0034342883023813736    0.00299410030991972      0.0026060005958618198    0.002264509028680814     0.00196461658257351      0.0017017610019420468    0.001471801084611851     0.0012709901436578754    0.0010959491309621865    9.436398272217408E-4     8.113384205424839E-4     6.966097016457726E-4     5.972819809581117E-4     5.114226440859105E-4     4.373139275960917E-4     3.7342784759211256E-4    3.18397892350477E-4      2.7098234476980284E-4    2.3000834606641014E-4    1.9427371617884595E-4    1.623581062191505E-4     1.3224157824962118E-4    1.0051638293969287E-4    6.074204337103698E-5     0
% Data
% c (mol/m^3) @ t=1200, u1=0.01, u2=0.03, u3=0.05
1                         0.9837632761532799       0.9657534819818961       0.9459955228481175       0.9245394275797612       0.9014618136482486       0.8768670962185966       0.850888433065173        0.823688407443943        0.7954594610670008       0.7664240987575336       0.7368348945608186       0.7069743354334901       0.6771545425403139       0.6477169111261669       0.619031707465045        0.591497655207307        0.5655415333952961       0.5416177945200994       0.5202081934710886       0.5018213975175282       0.48497288705565916      0.46784644520998087      0.4504775660170848       0.4329059124624019       0.41517522430666837      0.3973331856625262       0.3794312770081514       0.361524652619653        0.3436721075515003       0.3259362312879468       0.3083838924128168       0.29108726649080924      0.2741257170814187       0.25758898075275577      0.24158231021272047      0.2262345223809074       0.21171031879827554      0.19822884827691975      0.18609134186808957      0.17572187372804068      0.1665224841874728       0.1575369108271822       0.1487785100916706       0.14025983184133478      0.13199249692370926      0.12398708310685305      0.11625302190463888      0.10879850860477526      0.10163042750723338      0.09475429400596223      0.08817421471644321      0.08189286638425537      0.07591149382514985      0.07022992666496759      0.06484661418686406      0.05975867717050912      0.054961975237260124     0.05045118790756113      0.046219907339257064     0.042260740551826104     0.03856541885199534      0.03512491215800969      0.031929545967544895     0.02896911882038097      0.026233018262477575     0.023710333513092433     0.02138996326076521      0.019260717257181544     0.017311410630498795     0.015530950092886615     0.013908411463141403     0.012433108157860294     0.011094650518717324     0.009882996035109226     0.008788490688335766     0.007801901784219356     0.006914442755346455     0.006117790502484711     0.005404095908425777     0.004765988198220443     0.004196573839414743     0.003689430676230842     0.003238597973736274     0.00283856301128354      0.002484244804595019     0.0021709754409021224    0.0018944793537941627    0.0016508505833721693    0.0014365275343638845    0.0012482636901734803    0.0010830906012575692    9.382650701839166E-4     8.111833708094241E-4     6.992265224981174E-4     5.994616519886292E-4     5.080437280934056E-4     4.1899486821779633E-4    3.216930481305677E-4     1.956890193563052E-4     0
% Data
% c (mol/m^3) @ t=0, u1=0.01, u2=0.05, u3=0.01
1                         -4.52284577296406E-8     2.1593471701523133E-15   2.4290496195567383E-20   3.2340292311947445E-26   3.296041953163354E-32    3.0016600099896497E-38   2.568143168585249E-44    2.111589465229364E-50    1.6890005337407386E-56   1.3239176014680624E-62   1.0217940586561672E-68   7.790195122817811E-75    5.880645162805392E-81    4.402910824473005E-87    3.273866670895748E-93    2.420083364469386E-99    1.779912873506473E-105   1.3033148956459134E-111  9.506353164339794E-118   6.956177246852802E-124   6.321775346038406E-130   5.729411374642164E-136   5.1796457242213455E-142  4.672072218609902E-148   4.205575793062768E-154   3.778537241330032E-160   3.388994763315823E-166   3.03477036353153E-172    2.713567747711005E-178   2.423047196498114E-184   2.1608819230135046E-190  1.9247996133162125E-196  1.7126121784754572E-202  1.522236191463433E-208   1.351706022492553E-214   1.1991813067632017E-220  1.0629500655648097E-226  9.41428544070152E-233    8.331586176404775E-239   7.31955769724907E-245    5.1580238518274534E-251  3.632430416367335E-257   2.556470229326129E-263   1.798153116971305E-269   1.2640585597303643E-275  8.881239386018806E-282   6.236721117430264E-288   4.377490920397684E-294   3.071068813077762E-300   2.1535641336277636E-306  1.509517399355E-312      1.066737E-318            0                        0                        0                        0                        0                        0                        0                        0                        0                        0                        0                        0                        0                        0                        0                        0                        0                        0                        0                        0                        0                        0                        0                        0                        0                        0                        0                        0                        0                        0                        0                        0                        0                        0                        0                        0                        0                        0                        0                        0                        0                        0                        0                        0                        0                        0                        0                        0
% Data
% c (mol/m^3) @ t=100, u1=0.01, u2=0.05, u3=0.01
1                         0.8551207359120253       0.7035370973406782       0.5550797663659377       0.41872944042840865      0.3012452826776422       0.2063061549569496       0.13437088083129092      0.08324607885402624      0.04911660930750856      0.027660124879036754     0.014910901131369957     0.007720170925601619     0.0038525632389506733    0.0018594832653063232    8.70987348153165E-4      3.971741213058153E-4     1.7686661107931678E-4    7.723502935289281E-5     3.349153324939929E-5     1.538395193785371E-5     7.693749580549407E-6     3.7995104168523763E-6    1.8551063804109438E-6    8.964685570091862E-7     4.2918751793546164E-7    2.0374103249410477E-7    9.597566573945181E-8     4.4894156930271293E-8    2.0865404642613118E-8    9.64063540625672E-9      4.430315756535375E-9     2.025816061046082E-9     9.220793060673399E-10    4.179159141333744E-10    1.886669727585725E-10    8.486069548830112E-11    3.8036199690653976E-11   1.6981067641613193E-11   7.504992461245751E-12    3.0915360922813226E-12   1.1277478627139582E-12   4.1030455598361294E-13   1.489107394204716E-13    5.391800937059527E-14    1.947992765237436E-14    7.023268576058924E-15    2.5271918631866084E-15   9.076719302383562E-16    3.2542632057453136E-16   1.1647903548468292E-16   4.162455658555093E-17    1.4852212450877958E-17   5.291794605132726E-18    1.8828408948415662E-18   6.690363265085254E-19    2.374302685586187E-19    8.41581260686341E-20     2.97955520747301E-20     1.053713881593013E-20    3.722451888711207E-21    1.3136773676941825E-21   4.631467606503485E-22    1.6313040646506432E-22   5.74054027816955E-23     2.0183037989543778E-23   7.090058356985547E-24    2.4886020309678718E-24   8.728018545589887E-25    3.058736133265558E-25    1.0711381961899405E-25   3.7483194143557677E-26   1.310766153048388E-26    4.5805840512334426E-27   1.5996778620805688E-27   5.583015878847732E-28    1.9473233021422863E-28   6.788096047360441E-29    2.3648637351307548E-29   8.234166941452948E-30    2.8654675109732627E-30   9.966442508699563E-31    3.464655092014551E-31    1.2038186322244228E-31   4.180701232119302E-32    1.4512084371141655E-32   5.0351034918030445E-33   1.7461843803787857E-33   6.0531277080064125E-34   2.0974053730546693E-34   7.264442693361817E-35    2.5150349779806155E-35   8.703858221413078E-36    3.0109926379199576E-36   1.0412168833473723E-36   3.5992000928432884E-37   1.2435651096995398E-37   4.2910366703121555E-38   1.4668160329682716E-38   4.577909135739122E-39    0
% Data
% c (mol/m^3) @ t=200, u1=0.01, u2=0.05, u3=0.01
1                         0.9106950498436154       0.8143184382240286       0.7140391075496875       0.6132561758864767       0.5153179507336584       0.4232435101123438       0.3394825137740423       0.265745538145347        0.20292758065096855      0.15113214829438673      0.10978532031658092      0.07781292331225405      0.053844335164208494     0.03640640536369189      0.024079938299396447     0.015605155708735653     0.00993635287510058      0.0062557498180754725    0.00396106362156295      0.0026415550402513793    0.0018491851466085859    0.001279365816517596     8.754128064173729E-4     5.928399156579184E-4     3.976124694909212E-4     2.6427677344586245E-4    1.7417998984708234E-4    1.139006724737395E-4     7.39394170630253E-5      4.7672178138089376E-5    3.054187671869373E-5     1.945163981434955E-5     1.232027699187204E-5     7.763328736820441E-6     4.868317111378758E-6     3.0388392494171963E-6    1.8878025720028147E-6    1.1648393764434043E-6    7.063801735630938E-7     3.9839135919766664E-7    2.043154745108617E-7     1.0442270799382151E-7    5.319713370941672E-8     2.7019062381595432E-8    1.3684310720554217E-8    6.912281437585802E-9     3.482851345553256E-9     1.7507625799902308E-9    8.78126652139865E-10     4.395202982483641E-10    2.1955472104379468E-10   1.0947000701233128E-10   5.4485267662116E-11      2.707288623061236E-11    1.3430700603894453E-11   6.652822530021437E-12    3.290701706616101E-12    1.6254603264259303E-12   8.018580386088388E-13    3.950735921355383E-13    1.9442064291968291E-13   9.556822456025933E-14    4.692593237292573E-14    2.3017635844587083E-14   1.1279137131719278E-14   5.521743341794013E-15    2.700713476098535E-15    1.3197709855107434E-15   6.443937645861223E-16    3.1437706694455577E-16   1.532535263844095E-16    7.465222931576722E-17    3.6337889432128074E-17   1.7675533527818508E-17   8.591955094076545E-18    4.173767710826804E-18    2.0262406653213973E-18   9.830813220580673E-19    4.766858622788104E-19    2.310084321244479E-19    1.1188814138848624E-19   5.416372400814581E-20    2.6206463585238253E-20   1.2673327511553975E-20   6.125785933751641E-21    2.959567069183419E-21    1.429209150988195E-21    6.898749618123972E-22    3.328568380302345E-22    1.6053227044045112E-22   7.739090135847051E-23    3.729445989878991E-23    1.796498604253009E-23    8.65018939495171E-24     4.162600900568791E-24    2.0001322806845988E-24   9.554420163196997E-25    4.438632517923696E-25    1.7697441102018838E-25   0
% Data
% c (mol/m^3) @ t=300, u1=0.01, u2=0.05, u3=0.01
1                         0.9346285816245385       0.8633367493050441       0.7876308722872165       0.7092203045342631       0.6299212441403406       0.5515516828621609       0.47582665732064633      0.40426315852659134      0.338103133887501        0.2782611062769717       0.22530024964420434      0.17943762923826354      0.14057615356769723      0.10835805158475684      0.08223281759086173      0.0615318919636257       0.04554300471825612      0.0335789643857277       0.025038318343509964     0.01945816594354961      0.015594343573045972     0.012375441670472997     0.009727481066704709     0.007575714670661943     0.005847681373845252     0.004475548714316448     0.0033977075142802866    0.0025596674801830126    0.0019143589060020736    0.0014219730307167904    0.0010494776026908205    7.699319536458423E-4     5.617043839823358E-4     4.076695517890754E-4     2.944385375414774E-4     2.1165075987313078E-4    1.5133352022276672E-4    1.0730552258279311E-4    7.45492296945759E-5      4.836411083919736E-5     2.9007373649695774E-5    1.7349166486408484E-5    1.0351373380692792E-5    6.163370404561278E-6     3.6633555481763294E-6    2.174242245314972E-6     1.288904039252734E-6     7.633456569342212E-7     4.5175491722977516E-7    2.6720693160908975E-7    1.579892656999222E-7     9.339089005737166E-8     5.5199019409036955E-8    3.262514245915974E-8     1.9284310363730425E-8    1.140028615722728E-8     6.740781376520007E-9     3.986619807682579E-9     2.3583691287828948E-9    1.3955299550460216E-9    8.260215941376383E-10    4.890687736430933E-10    2.8965015374486245E-10   1.7159314973416273E-10   1.0168199182826105E-10   6.026990564652835E-11    3.573246854634408E-11    2.11896970394878E-11     1.2568359836867417E-11   7.456198038548139E-12    4.424193833440919E-12    2.6255593975452442E-12   1.5583820096922526E-12   9.250902633616833E-13    5.492202137365284E-13    3.2610364698856015E-13   1.936450852999917E-13    1.1499907352186332E-13   6.829910482615299E-14    4.0566230359542235E-14   2.4095714175189193E-14   1.4313220247045177E-14   8.50265437322341E-15     5.051133417304703E-15    3.000807207336693E-15    1.782790582013647E-15    1.0591898108575413E-15   6.292987144149452E-16    3.7389335168268684E-16   2.221488189536501E-16    1.3198981578094156E-16   7.841925625357798E-17    4.658515610705143E-17    2.7661694061851284E-17   1.640151326663276E-17    9.680073859718965E-18    5.627989818406318E-18    3.110126800419341E-18    1.4058975646059303E-18   0
% Data
% c (mol/m^3) @ t=400, u1=0.01, u2=0.05, u3=0.01
1                         0.9487498399776874       0.8925313471994064       0.8321574706237892       0.7685927859959528       0.7029157247720565       0.6362735016486931       0.5698324815928727       0.5047272138420389       0.44201163009853406      0.38261591699745495      0.32731229999829603      0.2766924092032667       0.23115806416280474      0.19092628834195713      0.1560482671047512       0.12644095184468526      0.10192924432043268      0.08229628512259714      0.0673393543227212       0.056929207031600496     0.049161587795007934     0.04215344417141334      0.03588963251239336      0.03034327846087953      0.025477513326424374     0.02124755788346362      0.017602965823838173     0.014489852645323447     0.011852965979539715     0.009637492593382948     0.007790538294413634     0.006262253770000319     0.005006607358026773     0.003981820675314256     0.003150478872406724     0.002479291355928214     0.0019383815699313986    0.0014997571075534568    0.001134096752844446     8.038339621447078E-4     5.320790155220095E-4     3.505923884143648E-4     2.300209864544704E-4     1.5030902485800164E-4    9.785019241040051E-5     6.347411399086553E-5     4.103766035390931E-5     2.6448797415085818E-5    1.699602023909253E-5     1.0891348472061761E-5    6.96112158854028E-6      4.438183358623027E-6     2.823063181975599E-6     1.7917691427617063E-6    1.134860633476676E-6     7.173835091173735E-7     4.526418062084037E-7     2.8509874385851884E-7    1.7927238397522273E-7    1.1255022085426603E-7    7.055521531428043E-8     4.41666389889485E-8      2.7610390989338548E-8    1.723821426094029E-8     1.074930053854352E-8     6.695165960831604E-9     4.165423038757541E-9     2.58878186899201E-9      1.607277869286932E-9     9.96930673108302E-10     6.177824817848566E-10    3.8248985234066424E-10   2.366104887136019E-10    1.462490056236881E-10    9.032561745960327E-11    5.5744428093756544E-11   3.4377727184020475E-11   2.1186049743691484E-11   1.3047618426723294E-11   8.030297425928753E-12    4.939252844172396E-12    3.0361954007478986E-12   1.865288871860862E-12    1.1452993803578215E-12   7.028403413339006E-13    4.310888849291894E-13    2.642754299080339E-13    1.619322649488408E-13    9.917510358250503E-14    6.071121766906545E-14    3.7147716032324225E-14   2.2718477877175486E-14   1.38854233662074E-14     8.478238843232636E-15    5.165404964539772E-15    3.128787779340079E-15    1.8629455948187936E-15   1.050277684707738E-15    4.813042992928597E-16    0
% Data
% c (mol/m^3) @ t=500, u1=0.01, u2=0.05, u3=0.01
1                         0.9580102808847282       0.911792873565677        0.8618328024740047       0.8087268847470586       0.7531665426781152       0.6959158899347196       0.6377861676571307       0.5796079302965449       0.5222026362264093       0.46635545865751354      0.41279117805035154      0.3621549368566025       0.3149994309224397       0.27177979092284515      0.23285699431474607      0.19851017442537264      0.168957693890911        0.1443863598520324       0.12498770750924172      0.11099988556023443      0.10010146439289197      0.08979688927576734      0.08012025495258254      0.07109700747880547      0.0627432178226321       0.055065267521798175     0.048059955467702274     0.04171499974282101      0.03600987827123832      0.030916929144973935     0.026402615841483578     0.02242885109242203      0.018954258333157233     0.01593521591616464      0.013326445137551261     0.011080703616033765     0.00914669429319217      0.007463309126090888     0.005946186489947029     0.004457990090208225     0.003144028395570262     0.00220503650558869      0.001538306584091148     0.0010677696308632669    7.376048020220664E-4     5.072006787680515E-4     3.4724738021791587E-4    2.3674963697089215E-4    1.607734143960048E-4     1.0876585867396988E-4    7.33160415779046E-5      4.9249754410766945E-5    3.297422181586248E-5     2.200764926576947E-5     1.4644048992717385E-5    9.716138824614303E-6     6.428725216735565E-6     4.2423391118434925E-6    2.792436729646045E-6     1.8335987367525036E-6    1.201189256152264E-6     7.851374587327246E-7     5.120895477245025E-7     3.333104477817363E-7     2.165158627461901E-7     1.4037879211872578E-7    9.084809389698563E-8     5.86898036322144E-8      3.7850403581278614E-8    2.4370615813949313E-8    1.5666659964719544E-8    1.0055989483872664E-8    6.445180218434512E-9     4.125052305204209E-9     2.636508808201823E-9     1.6828856731277088E-9    1.0728152407457806E-9    6.830596401709758E-10    4.3438346509653046E-10   2.759216183522982E-10    1.7507011690020682E-10   1.1096027525153436E-10   7.025333257320092E-11    4.443490858712141E-11    2.807715184960097E-11    1.7724176046305705E-11   1.1178293932741122E-11   7.0435715118182276E-12   4.434335493494024E-12    2.7892677113190847E-12   1.7529901740589232E-12   1.1007303380932003E-12   6.904476468156022E-13    4.3244049414263594E-13   2.7006230010502223E-13   1.6748133726354534E-13   1.0188729079134606E-13   5.84763122113401E-14     2.7124155930572338E-14   0
% Data
% c (mol/m^3) @ t=600, u1=0.01, u2=0.05, u3=0.01
1                         0.964646078956594        0.9256450026056182       0.8833029939540068       0.83801085216233         0.7902358047571407       0.7405103965569221       0.6894189265051333       0.6375821331351335       0.5856409927876223       0.53424061912998         0.4840153267770262       0.4355759371546511       0.3895003555573958       0.3463283324815481       0.30656114125403167      0.2706666628334712       0.2390900760034304       0.21227001871920337      0.19065972844847082      0.17475230221326163      0.16203231929619602      0.1496561213400382       0.1376714642614702       0.12612388304594857      0.11505553629615363      0.10450409977612897      0.09450177041150244      0.0850744345462347       0.07624103941989215      0.06801318409206913      0.06039491277397975      0.05338264235339711      0.04696506916203863      0.04112273880469898      0.03582664476550734      0.03103457577243577      0.02668260856631256      0.02266642971807041      0.018801627109239934     0.014740820950057987     0.010942969342991684     0.008074097609882206     0.005922468428235784     0.004319783754438265     0.003133778147037099     0.0022615905795244436    0.0016240067713651262    0.0011605787495274664    8.25572962010993E-4      5.846661595525546E-4     4.1229327859303405E-4    2.8954842284781057E-4    2.025445152524736E-4     1.41146057515429E-4      9.800037501244654E-5     6.780417028273888E-5     4.6753170303516445E-5    3.2132572303987014E-5    2.201461291594787E-5     1.5036848014431777E-5    1.0240699837677173E-5    6.954634697946633E-6     4.7101384564906106E-6    3.181622182599091E-6     2.1436715377015507E-6    1.4407877080583243E-6    9.660723546469888E-7     6.462811152881319E-7     4.31388143595335E-7      2.873301832815204E-7     1.9098121483090278E-7    1.2668500002330156E-7    8.387112462737893E-8     5.542158006535905E-8     3.6555258335160516E-8    2.4068534287422078E-8    1.5819821925210083E-8    1.0380734592545042E-8    6.800653206141855E-9     4.448256862288953E-9     2.905130213465387E-9     1.8945100840674256E-9    1.2336788724539566E-9    8.022298656263591E-10    5.209594655718506E-10    3.3785758625059654E-10   2.1882832118671663E-10   1.415559117867713E-10    9.145765224101117E-11    5.901863809146264E-11    3.803965853381892E-11    2.4487330539716697E-11   1.5740656207956178E-11   1.0097996323049848E-11   6.454713226925963E-12    4.092293046451878E-12    2.539842631959698E-12    1.481930754388325E-12    6.950578756209209E-13    0
% Data
% c (mol/m^3) @ t=700, u1=0.01, u2=0.05, u3=0.01
1                         0.9696854121087849       0.9361902232786378       0.8997145381602673       0.8605245253781431       0.818948918434066        0.7753736405245885       0.7302348173965837       0.6840105561747306       0.6372119698695439       0.590374009732235        0.5440467238423743       0.49878758415012286      0.45515551068517146      0.4137071673989699       0.3749960076487671       0.3395744093765095       0.30799906368179736      0.28083957130483106      0.2586899675210102       0.24218264734632491      0.22877208302390942      0.21549094645611883      0.20237998487635328      0.1894813141372726       0.17683778651674056      0.16449225773110548      0.15248677146649234      0.14086168232244436      0.12965473381517684      0.11890009112806904      0.10862728768928682      0.09885995907931105      0.08961406479627053      0.0808949532165796       0.07269193854431293      0.06496769501303634      0.05763707067573026      0.05052458037419964      0.04327931499589986      0.03520536538222582      0.027279179546022315     0.021004313923237112     0.01607419612720256      0.012228698926869258     0.009250087540427516     0.00695837811257992      0.005206505621645646     0.003875590256026282     0.0028704971879932374    0.0021158078124463133    0.001552260878721015     0.0011336780832944236    8.243583927998011E-4     5.969061136938578E-4     4.304470305919999E-4     3.0918254533919147E-4    2.2123174550799676E-4    1.577141666765755E-4     1.1203049773650128E-4    7.930374116751421E-5     5.5948775770998534E-5    3.9343484906442025E-5    2.757937698074326E-5     1.9273821643055195E-5    1.3429619990028068E-5    9.330637104941251E-6     6.4646980584807705E-6    4.466947119500185E-6     3.0784624841146714E-6    2.1161719615913785E-6    1.4510900507893185E-6    9.926477436074564E-7     6.774593609885026E-7     4.6130421496956025E-7    3.134262817223354E-7     2.1249754494107318E-7    1.4377013121719883E-7    9.707434251538674E-8     6.541617939832856E-8     4.3998093299242216E-8    2.9537430207456103E-8    1.9793525303020375E-8    1.324054435824415E-8     8.841800260947314E-9     5.894499342828239E-9     3.923222673459939E-9     2.6070321902134274E-9    1.7297113329403561E-9    1.145879553115166E-9     7.579702500206482E-10    5.00624279177985E-10     3.3013283938725946E-10   2.173099554056022E-10    1.4268820318781488E-10   9.328325898709341E-11    6.041301048919718E-11    3.821968688428692E-11    2.2652177860298488E-11   1.0736004163462224E-11   0
% Data
% c (mol/m^3) @ t=800, u1=0.01, u2=0.05, u3=0.01
1                         0.9736705910783504       0.944545140136727        0.9127580373630407       0.8784968196534125       0.8420012317616288       0.803561086833844        0.7635130632697197       0.7222366439605897       0.6801494666439797       0.6377024059014741       0.5953747438468889       0.553669803806756        0.5131114159235768       0.4742415531516958       0.4376194192482098       0.4038221871248004       0.3734474778729746       0.3471175410632179       0.3254849503239559       0.309239471044716        0.2959106520845016       0.28256312213227663      0.26922529030975717      0.25592787331965433      0.24270371953719883      0.2295875420208823       0.2166155469735751       0.20382493832847456      0.19125326384003866      0.1789375330929395       0.16691296338149839      0.15521105708658073      0.14385640970400634      0.13286104741594815      0.1222139199117777       0.11186089504118077      0.10166619533685312      0.09133773233522624      0.08028252426135986      0.06732730001372154      0.054078929681643094     0.04316587843663779      0.03424519679990801      0.027006966777249515     0.02117574749602381      0.016510388157747767     0.012802627462553276     0.009874853940629945     0.007577345774562554     0.00578524889362335      0.004395493704925327     0.00332379739909694      0.0025018524343871397    0.0018747634721035398    0.001398764734868254     0.0010392269198888683    7.689465038339639E-4     5.666994450726613E-4     4.160348219423702E-4     3.042808109519469E-4     2.217346982554235E-4     1.6100957086403081E-4    1.1651234185279341E-4    8.403035901479716E-5     6.04066863396642E-5      4.328699367927973E-5     3.092368645827339E-5     2.2025362422417374E-5    1.564185109200153E-5     1.1076961431098104E-5    7.822643487252868E-6     5.509582738071966E-6     3.870320837595351E-6     2.7118651769059887E-6    1.8954436305861466E-6    1.3216094391080598E-6    9.193307198899399E-7     6.38032509390247E-7      4.418159511195255E-7     3.052754293742864E-7     2.1048333471801446E-7    1.4482440278678056E-7    9.944568774699401E-8     6.815090451955383E-8     4.661431359511471E-8     3.182355603725809E-8     2.1685958685729266E-8    1.4751165128813972E-8    1.0016276024837286E-8    6.789329209826942E-9     4.593903900715493E-9     3.102626047604579E-9     2.090922455951812E-9     1.404914336373322E-9     9.391436745261106E-10    6.210957544325108E-10    4.0036661352810634E-10   2.4092909921815735E-10   1.1534542684388692E-10   0
% Data
% c (mol/m^3) @ t=900, u1=0.01, u2=0.05, u3=0.01
1                         0.9769185665600437       0.9513647355790664       0.9234313210020461       0.8932549978199509       0.8610167839914008       0.8269417452491493       0.7912979888638041       0.7543950540612312       0.7165818447326036       0.6782442815618079       0.6398028729978064       0.6017104151048951       0.5644500270977048       0.5285337107247144       0.4945015867236378       0.4629219102948325       0.4343919008313714       0.4095393409238009       0.3890248088682203       0.37354431148135886      0.3607630544467791       0.34787285512847643      0.3348911968038986       0.32183760644809295      0.30873368039367044      0.2956030534557487       0.282471285522914        0.26936562258162594      0.2563145560223153       0.243347039368482        0.23049109548641455      0.21777130295736713      0.20520417935649313      0.19278957647848152      0.18049448045413974      0.16822233836257594      0.1557548424587356       0.14264143021361908      0.12798982121214597      0.11006981644015117      0.09110560957453259      0.0749528006998477       0.06129844931043429      0.04984065339218611      0.0402944097940582       0.03239568447993737      0.025903908538118053     0.02060314592854969      0.016302187508515295     0.012833817694020635     0.010053479992208653     0.0078375399877152       0.006081312941914482     0.004696990957945816     0.003611573880239922     0.0027648802108927815    0.002107690187137141     0.0016000531231961993    0.001209775150106304     9.110913055123632E-4     6.835170921621695E-4     5.108686229541441E-4     3.804367701933108E-4     2.822988312886431E-4     2.0875065834712996E-4    1.5384258603451818E-4    1.1300351105240275E-4    8.273887506945023E-5     6.0389889211038515E-5    4.3942972999413096E-5    3.18799680758842E-5      2.30611657666408E-5      1.6634522631361867E-5    1.1965614036419966E-5    8.583890624229183E-6     6.141663414999514E-6     4.382962743158719E-6     3.1200097010202667E-6    2.2155226197226942E-6    1.569471476324986E-6     1.1092050407194812E-6    7.821226457300807E-7     5.502565818020145E-7     3.8628248818525E-7       2.7059232256497293E-7    1.8915465427147408E-7    1.3195595556601197E-7    9.186895455283226E-8     6.38337110371561E-8      4.4266848719113806E-8    3.063664847648526E-8     2.115828577849979E-8     1.4575774681495422E-8    1.0006228041463046E-8    6.82866733943269E-9      4.60442215589938E-9      3.019595433607766E-9     1.8424546822344526E-9    8.901527294250459E-10    0
% Data
% c (mol/m^3) @ t=1000, u1=0.01, u2=0.05, u3=0.01
1                         0.9796500482000844       0.9571061798102947       0.9324336449943809       0.905734543567017        0.8771491091062581       0.8468564914241671       0.8150750609043599       0.782062282271909        0.7481142273357382       0.7135648144651664       0.67878487538025         0.6441811557198658       0.6101953534967001       0.5773032879780089       0.5460142701956064       0.5168707151512165       0.4904479953874297       0.46735448710707533      0.4482317052498307       0.4337543652979934       0.4217506570507315       0.40958683974875015      0.3972724132100914       0.38481839631187054      0.3722374071792218       0.35954370256569196      0.3467531422171348       0.3338830170055235       0.32095162900569374      0.3079774162793201       0.29497723497598827      0.2819630714390025       0.2689358169400303       0.2558735356610126       0.2427094057750345       0.22929031121197022      0.21529923830262623      0.20011010667328782      0.1825167681883146       0.16022823076383844      0.13597423157308475      0.11474215702697205      0.0962903608372856       0.0803678101431738       0.06672188726227883      0.05510483497099832      0.045278846746730536     0.03701986775905018      0.030120219489010027     0.02439019150338406      0.019658759935220427     0.015773596053576706     0.012600522634040831     0.010022563339216197     0.007938713436011305     0.006262541018009417     0.004920708160301262     0.003851482384407116     0.0030032913318643567    0.002333358172522441     0.0018064422617609561    0.0013936989474170563    0.0010716640950418964    8.21362631474818E-4      6.275359280585263E-4     4.7797986144669985E-4    3.6298361135434556E-4    2.748584113062368E-4     2.0754532207134386E-4    1.5629144541654062E-4    1.1738467198734617E-4    8.793793008926038E-5     6.571487160073693E-5     4.898992370469907E-5     3.643659931849188E-5     2.7038861582702963E-5    2.002115887802131E-5     1.4793477214037376E-5    1.0908394490416119E-5    8.027669106427008E-6     5.896359907531714E-6     4.322863516830744E-6     3.1635774933228352E-6    2.311162351179597E-6     1.6855907374670584E-6    1.227345800912631E-6     8.922699728923041E-7     6.476761330219457E-7     4.6942069356541435E-7    3.397069471852664E-7     2.454407827649549E-7     1.77002632676871E-7      1.273317524117399E-7     9.124364221966124E-8     6.49201756090056E-8      4.552601893381423E-8     3.091511558793335E-8     1.939799025934376E-8     9.54475215737987E-9      0
% Data
% c (mol/m^3) @ t=1100, u1=0.01, u2=0.05, u3=0.01
1                         0.9819763261749411       0.9620004048342399       0.9401192983334132       0.9164115237383581       0.8909887435376866       0.8639971311227467       0.8356184098039487       0.8060705772410264       0.7756083391307412       0.7445232858424515       0.7131438524528806       0.6818351054074357       0.6509983970584201       0.6210709220262232       0.5925251963776448       0.5658684620023128       0.5416419946292963       0.5204202653743466       0.5028098736444128       0.4894481351288834       0.47833766233502606      0.4670426913398857       0.4555673230337508       0.44391665940765784      0.4320968679486512       0.4201152046989333       0.4079799534653992       0.3957002026959982       0.38328531479223676      0.37074381856089117      0.3580812248620606       0.34529583710800676      0.3323708337865964       0.31925942965467374      0.3058572061736261       0.2919506961133857       0.277122102023407        0.26057313600902937      0.24080003309623638      0.21499524926156935      0.1862547748436986       0.16051265149369662      0.13761618139641763      0.1173883586133052       0.0996355526850613       0.08415447562160998      0.07073829220008249      0.059181796932886034     0.04928563658876067      0.04085960295464847      0.03372505587151251      0.02771656159300445      0.022682846994690035     0.018487177342615114     0.015007265699849845     0.012134817173277445     0.009774802592425214     0.007844545234340158     0.006272692028402437     0.00499812823014939      0.003968882552311011     0.003141058679810841     0.0024778192824851594    0.0019484402296237355    0.0015274457386887294    0.0011938296030911824    9.303633275156916E-4     7.229888053241442E-4     5.602909360591445E-4     4.330441351096682E-4     3.33825873502675E-4      2.5669005954661304E-4    1.968931099403771E-4     1.5066584984173883E-4    1.1502484247276565E-4    8.761731035351898E-5     6.659441948425031E-5     5.050831582163513E-5     3.8228902771896545E-5    2.8876910963857207E-5    2.1770326319644778E-5    1.638170394565895E-5     1.2304302160937358E-5    9.225324397796976E-6     6.904859918394909E-6     5.15937155328342E-6      3.848794789643883E-6     2.866492468593043E-6     2.1314579150284342E-6    1.5822810350848683E-6    1.172490876557947E-6     8.669679880026081E-7     6.391837727646237E-7     4.690745624525228E-7     3.413974919379115E-7     2.4444512474645053E-7    1.6901734261458663E-7    1.0756294000127508E-7    5.340971916318227E-8     0
% Data
% c (mol/m^3) @ t=1200, u1=0.01, u2=0.05, u3=0.01
1                         0.983975591094857        0.9662098799547159       0.9467381158466415       0.9256227845596795       0.9029554501255799       0.8788583807168978       0.8534859443237386       0.8270257664229065       0.799699647849719        0.771764245905383        0.7435115248288726       0.7152689826193291       0.6873996593778025       0.6603019275253794       0.6344090562787429       0.6101885316373175       0.5881410990802158       0.5687994796341616       0.5527266916359858       0.5405138912830029       0.530339567904181        0.5199742405782906       0.5094186100796985       0.4986739523392384       0.487742139099895        0.476625607377146        0.4653272263905342       0.4538499666603031       0.4421961949163454       0.4303662692082893       0.4183558340312829       0.4061507108698475       0.393717354359894        0.3809851500669153       0.3678137328199781       0.35393285273506564      0.3388320195361802       0.3215584282449043       0.30034766110032457      0.27194999688723953      0.2396899119522476       0.21022641169770898      0.18349611934961044      0.15940278355619705      0.13782356813121818      0.11861522154024866      0.10161992832976978      0.08667068880538381      0.07359611771522649      0.06222459487894237      0.052387738646868465     0.0439232054575732       0.03667684487976969      0.030504259208423444     0.0252718301981814       0.02085728344141569      0.017149864020465796     0.014050196276638319     0.011469896756201114     0.009331003486935961     0.007565277490582101     0.006113424514109467     0.004924276906111045     0.003953967785956277     0.003165122445799981     0.0025260854771201402    0.002010196524203042     0.001595122866956529     0.0012622532020597093    9.961539653413937E-4     7.840872366666533E-4     6.155875964392712E-4     4.820941612915153E-4     3.7663331936150314E-4    2.9354732330011006E-4    2.2826380179098984E-4    1.771013486415872E-4     1.3710658420419195E-4    1.0591840948260632E-4    8.165555106676948E-5     6.28238960213731E-5      4.824051852100839E-5     3.697168909612139E-5     2.828252261078969E-5     2.159625630185022E-5     1.646145118558717E-5     1.2525677952298985E-5    9.514482783489915E-6     7.214631065147987E-6     5.460800097746227E-6     4.125038296918688E-6     3.1084307786104556E-6    2.3345122385668586E-6    1.7440499927845092E-6    1.2908848479550197E-6    9.385664705742592E-7     6.575537629508505E-7     4.227691640798038E-7     2.1129730624524858E-7    0
% Data
% c (mol/m^3) @ t=0, u1=0.01, u2=0.05, u3=0.03
1                         -4.52284577296406E-8     2.1593471701523133E-15   2.4290496195567383E-20   3.2340292311947445E-26   3.296041953163354E-32    3.0016600099896497E-38   2.568143168585249E-44    2.111589465229364E-50    1.6890005337407386E-56   1.3239176014680622E-62   1.0217940586561672E-68   7.790195122817811E-75    5.880645162805392E-81    4.402910824473004E-87    3.2738666708957492E-93   2.4200833644693866E-99   1.779912873506473E-105   1.3033148956459138E-111  9.506353164339796E-118   6.9561772468528E-124     6.321775346038409E-130   5.729411374642165E-136   5.179645724221347E-142   4.672072218609905E-148   4.20557579306277E-154    3.778537241330034E-160   3.388994763315824E-166   3.0347703635315314E-172  2.713567747711006E-178   2.423047196498115E-184   2.1608819230135056E-190  1.9247996133162132E-196  1.7126121784754579E-202  1.5222361914634336E-208  1.3517060224925533E-214  1.199181306763202E-220   1.0629500655648101E-226  9.414285440701524E-233   8.331586176404792E-239   7.343801033110887E-245   5.800235850091781E-251   4.57810526143737E-257    3.6112312360763696E-263  2.8468674553128262E-269  2.2430229939151684E-275  1.7663062357285064E-281  1.3901913703546707E-287  1.0936271998411853E-293  8.599225407740972E-300   6.758546171575555E-306   5.309568595653E-312      4.071076E-318            4.9E-324                 0                        0                        0                        0                        0                        0                        0                        0                        0                        0                        0                        0                        0                        0                        0                        0                        0                        0                        0                        0                        0                        0                        0                        0                        0                        0                        0                        0                        0                        0                        0                        0                        0                        0                        0                        0                        0                        0                        0                        0                        0                        0                        0                        0                        0                        0                        0
% Data
% c (mol/m^3) @ t=100, u1=0.01, u2=0.05, u3=0.03
1                         0.8551207359120253       0.7035370973406782       0.5550797663659377       0.41872944042840865      0.3012452826776422       0.2063061549569496       0.13437088083129092      0.08324607885402624      0.04911660930750856      0.027660124879036754     0.014910901131369957     0.007720170925601619     0.0038525632389506733    0.0018594832653063232    8.70987348153165E-4      3.971741213058153E-4     1.7686661107931678E-4    7.723502935289281E-5     3.349153324939929E-5     1.538395193785371E-5     7.693749580549407E-6     3.7995104168523763E-6    1.8551063804109438E-6    8.964685570091862E-7     4.2918751793546174E-7    2.0374103249410516E-7    9.597566573945342E-8     4.4894156930277904E-8    2.0865404642640312E-8    9.640635406368452E-9     4.430315756993691E-9     2.0258160629231196E-9    9.220793137423617E-10    4.179159454624373E-10    1.88667100413484E-10     8.486121465637024E-11    3.8038306926989644E-11   1.6989602651070546E-11   7.539485117516574E-12    3.2306026717799595E-12   1.3066514622179802E-12   5.271313299408854E-13    2.1214220117096998E-13   8.518147445496322E-14    3.412940412691826E-14    1.3646737697927925E-14   5.446188041028048E-15    2.1695191616069337E-15   8.62743216418783E-16     3.4251846403187915E-16   1.35770455081769E-16     5.3737499289255934E-17   2.1238818286041595E-17   8.382851462437111E-18    3.3043624766223452E-18   1.3008953527486075E-18   5.115387640733595E-19    2.009174080863209E-19    7.882780528883272E-20    3.08946286033707E-20     1.2096115303241596E-20   4.731348667673632E-21    1.8489103097379407E-21   7.218608262374965E-22    2.815865582030021E-22    1.09749993533108E-22     4.274091840940322E-23    1.6631902590135994E-23   6.467108066109394E-24    2.5128074220768642E-24   9.75662173757156E-25     3.7856519162805732E-25   1.467885402875405E-25    5.688041601531406E-26    2.202728576033253E-26    8.525010138852421E-27    3.297404646352781E-27    1.274677728984042E-27    4.924775411810286E-28    1.9016785539264254E-28   7.339372297188143E-29    2.8311186688111085E-29   1.0915422144638796E-29   4.206414137675674E-30    1.6202351311228836E-30   6.2379783721853306E-31   2.400571049853131E-31    9.234109621818481E-32    3.5505035243031737E-32   1.3645952488350565E-32   5.242532168868978E-33    2.0132879393197177E-33   7.728624876631671E-34    2.9657438213339462E-34   1.1376276723969511E-34   4.3618364802117014E-35   1.6703090638539204E-35   6.338764535066097E-36    2.2001911577828982E-36   0
% Data
% c (mol/m^3) @ t=200, u1=0.01, u2=0.05, u3=0.03
1                         0.9106950498436154       0.8143184382240286       0.7140391075496875       0.6132561758864767       0.5153179507336584       0.4232435101123438       0.3394825137740423       0.265745538145347        0.20292758065096858      0.15113214829438673      0.10978532031658093      0.07781292331225406      0.05384433516420851      0.0364064053636919       0.02407993829939645      0.015605155708735656     0.009936352875100576     0.0062557498180754725    0.003961063621562953     0.0026415550402513885    0.0018491851466086108    0.0012793658165176688    8.754128064175918E-4     5.928399156585763E-4     3.976124694928986E-4     2.6427677345179786E-4    1.7417998986487304E-4    1.139006725269866E-4     7.393941722214556E-5     4.767217861281881E-5     3.054187813259849E-5     1.945164401781075E-5     1.2320289464655991E-5    7.763365672198434E-6     4.8684262539646664E-6    3.039161033335264E-6     1.888749014994441E-6     1.1676160295052175E-6    7.145043208959141E-7     4.2209360392811373E-7    2.3864067513514743E-7    1.3447785040565433E-7    7.554712313799492E-8     4.2318379489803E-8       2.3640709017170393E-8    1.3172941939541125E-8    7.322524642227534E-9     4.061202840228127E-9     2.2476037398674175E-9    1.2413874344192872E-9    6.843290980852539E-10    3.7656227355861286E-10   2.068538777188482E-10    1.134445448426671E-10    6.212008580268428E-11    3.396580576515181E-11    1.8545732179331786E-11   1.0112695584729236E-11   5.507285583934435E-12    2.9955810379640017E-12   1.6274995161064679E-12   8.832406040318531E-13    4.788243594176817E-13    2.5931756711916764E-13   1.4030217900341064E-13   7.583870041302148E-14    4.0956945331816156E-14   2.2099871358861844E-14   1.1914940845058118E-14   6.418708379690745E-15    3.4551739886233507E-15   1.8585358582645703E-15   9.989926578656248E-16    5.366053019499807E-16    2.8804434734986897E-16   1.5452024520458028E-16   8.284045285525599E-17    4.438533836349811E-17    2.376758858922043E-17    1.2720006709030042E-17   6.803837459098877E-18    3.637410125871243E-18    1.9436112806282666E-18   1.0380351958622663E-18   5.541236783787129E-19    2.9566468325722414E-19   1.5768711095345291E-19   8.406255372450905E-20    4.4794428229000156E-20   2.3859734532337595E-20   1.2703759574368573E-20   6.7612686126992585E-21   3.597122234395885E-21    1.91295085531709E-21     1.0167368867021651E-21   5.3966348514690265E-22   2.848919081779473E-22    1.4646508937121878E-22   6.48544075313318E-23     0
% Data
% c (mol/m^3) @ t=300, u1=0.01, u2=0.05, u3=0.03
1                         0.9346285816245385       0.8633367493050443       0.7876308722872164       0.7092203045342631       0.6299212441403406       0.5515516828621609       0.47582665732064644      0.4042631585265915       0.3381031338875011       0.2782611062769718       0.22530024964420436      0.17943762923826373      0.14057615356769765      0.10835805158475753      0.08223281759086307      0.06153189196362822      0.04554300471826086      0.03357896438573668      0.02503831834352699      0.0194581659435819       0.015594343573114676     0.012375441670638842     0.00972748106712161      0.00757571467172233      0.005847681376551391     0.004475548721229324     0.0033977075319442107    0.002559667525319709     0.0019143590213287177    0.001421973325321306     0.0010494783550222644    7.69933874010543E-4      5.617092829073181E-4     4.0768203973877887E-4    2.944703412709009E-4     2.117316652226953E-4     1.5153906043669814E-4    1.0782688198346659E-4    7.586928254950612E-5     5.16994845600843E-5      3.40200838186322E-5      2.2327840148273872E-5    1.4620689229614959E-5    9.555117795427386E-6     6.234164437713979E-6     4.061730861380088E-6     2.643268148281768E-6     1.7185611777060156E-6    1.1165268763343573E-6    7.249882845385461E-7     4.70563756406515E-7      3.053450976493244E-7     1.9810683820921574E-7    1.285249135978165E-7     8.338551976559918E-8     5.4105196295161134E-8    3.511202898243286E-8     2.2790809597786307E-8    1.4796670803946155E-8    9.608999097291293E-9     6.241774846855364E-9     4.055615669711341E-9     2.6358743255736924E-9    1.7136032369575814E-9    1.1143211353491851E-9    7.248040391308979E-10    4.715586311826338E-10    3.068666757383419E-10    1.997360130457385E-10    1.3003166334745096E-10   8.466840572584632E-11    5.513998948114761E-11    3.591523367410005E-11    2.3396525967984458E-11   1.5243298885097286E-11   9.932442364731857E-12    6.4725824968121615E-12   4.218314094903164E-12    2.7493859721064588E-12   1.7921074957669817E-12   1.1682085129936748E-12   7.615552258843437E-13    4.964828394585277E-13    3.236877475762248E-13    2.1104016066914542E-13   1.3760008026947822E-13   8.971914209812268E-14    5.850091457498683E-14    3.814605179315138E-14    2.4873892438015275E-14   1.621963325121773E-14    1.0576221767804325E-14   6.895702640035652E-15    4.494429870360225E-15    2.925854832819021E-15    1.8970948951660415E-15   1.2134600569742725E-15   7.399435165700574E-16    3.7103255755057754E-16   0
% Data
% c (mol/m^3) @ t=400, u1=0.01, u2=0.05, u3=0.03
1                         0.9487498399776876       0.8925313471994064       0.8321574706237892       0.768592785995953        0.7029157247720569       0.6362735016486938       0.5698324815928739       0.504727213842041        0.442011630098538        0.38261591699746206      0.32731229999830885      0.2766924092032897       0.23115806416284645      0.1909262883420322       0.15604826710488637      0.12644095184492846      0.10192924432086956      0.08229628512338101      0.06733935432412566      0.05692920703411329      0.049161587800007546     0.04215344418269271      0.03588963253900169      0.03034327852449373      0.02547751347897591      0.02124755824921503      0.017602966699632426     0.014489854738941004     0.011852970975189508     0.009637504490211437     0.007790566567031272     0.006262320812061996     0.005006765965684371     0.003982194995002354     0.0031513600151701106    0.0024813599499512815    0.0019432240377250344    0.0015110590881231897    0.0011603915147845524    8.648070203876967E-4     6.25307628233441E-4      4.502660266417387E-4     3.2295968290326155E-4    2.3079582152671835E-4    1.643611683465137E-4     1.166669534737234E-4     8.255709307023491E-5     5.8249800954574574E-5    4.0986324552843846E-5    2.8764347570833342E-5    2.0137404314746065E-5    1.4065148482127088E-5    9.802385766192667E-6     6.817375143082491E-6     4.732041769146899E-6     3.2784676658823364E-6    2.2673905000115823E-6    1.565504317203639E-6     1.0791745335881518E-6    7.428022010268488E-7     5.105416400841939E-7     3.5042576463948127E-7    2.4021285278863275E-7    1.644593264248702E-7     1.1246253770833713E-7    7.681886158914157E-8     5.24155980382929E-8      3.5727831027946016E-8    2.432907954307797E-8     1.655144657465736E-8     1.1250057372737378E-8    7.640086301970197E-9     5.184201143969412E-9     3.5149561070816223E-9    2.3813655595531972E-9    1.6121787274349971E-9    1.0906700999440858E-9    7.373576951640799E-10    4.981710466571521E-10    3.363601183768887E-10    2.2696872062711328E-10   1.530637220041358E-10    1.0316492167511169E-10   6.949502129238465E-11    4.6789144588117717E-11   3.1485733266385495E-11   2.117712200158172E-11    1.4236760379867896E-11   9.566489331955814E-12    6.425338377816353E-12    4.3136304924939494E-12   2.8945773569829958E-12   1.9412618568239327E-12   1.3007862509236926E-12   8.699911067616584E-13    5.789098461343569E-13    3.7926735315802426E-13   2.360001302086037E-13    1.2000438967782302E-13   0
% Data
% c (mol/m^3) @ t=500, u1=0.01, u2=0.05, u3=0.03
1                         0.9580102808847288       0.9117928735656786       0.8618328024740078       0.8087268847470647       0.7531665426781256       0.6959158899347377       0.6377861676571622       0.5796079302965997       0.5222026362265053       0.4663554586576809       0.4127911780506429       0.3621549368571091       0.3149994309233188       0.2717797909243675       0.2328569943173777       0.19851017442991284      0.16895769389872795      0.14438635986546175      0.1249877075322611       0.1109998855995995       0.10010146446727115      0.0897968894350629       0.08012025531079604      0.07109700829716482      0.06274321969938261      0.05506527182445935      0.04805996531492903      0.04171502222842749      0.03600992948711925      0.03091704549075505      0.026402879408831598     0.02242944645230388      0.018955599140606284     0.01593822616849584      0.01333318169966442      0.011095728821517456     0.009180090369770395     0.007537271050668279     0.006109379725543405     0.0048166803424397305    0.00369707415408121      0.0028237992396110824    0.002146666656599825     0.0016245644223307943    0.0012241474875792169    9.186171320970572E-4     6.866183898784696E-4     5.112686767993866E-4     3.7931962853033073E-4    2.804465912642105E-4     2.0665552069290682E-4    1.517945489295039E-4     1.1115656948066979E-4    8.11593641917657E-5      5.9090656029516116E-5    4.290671789982392E-5     3.10745847362061E-5      2.2449356706321176E-5    1.6179451801130632E-5    1.1633912283623766E-5    8.346965800501906E-6     5.975981911681185E-6     4.269754080511543E-6     3.044688570722141E-6     2.1670114474143138E-6    1.5395302450136906E-6    1.091824617210416E-6     7.730058209022605E-7     5.463918009777131E-7     3.856045883855532E-7     2.7171946343086974E-7    1.9118889822026002E-7    1.3433517695337451E-7    9.425899390935838E-8     6.605134865013424E-8     4.622590370158495E-8     3.2311127454861644E-8    2.2557925120801558E-8    1.5730521646807074E-8    1.095720829371835E-8     7.624032388039435E-9     5.299222167603723E-9     3.679561335348502E-9     2.552406550773005E-9     1.7688310012354402E-9    1.224666331738187E-9     8.471413325856869E-10    5.854795127665192E-10    4.042922721369561E-10    2.789429775584079E-10    1.9229829242876402E-10   1.3245432461630806E-10   9.11464533588097E-11     6.263728593008552E-11    4.2937105101735575E-11   2.9252246748363774E-11   1.9583329217930582E-11   1.2408826980456304E-11   6.388604545079752E-12    0
% Data
% c (mol/m^3) @ t=600, u1=0.01, u2=0.05, u3=0.03
1                         0.9646460789566043       0.9256450026056418       0.8833029939540512       0.8380108521624092       0.7902358047572768       0.7405103965571549       0.6894189265055286       0.637582133135803        0.5856409927887535       0.5342406191318866       0.4840153267802329       0.43557593716003146      0.38950035556640267      0.34632833249658956      0.30656114127908823      0.2706666628751024       0.2390900760724147       0.2122700188331937       0.19065972863628494      0.17475230252178095      0.16203231985284902      0.1496561224776271       0.13767146671256592      0.12612388842661354      0.11505554816781613      0.10450412596978592      0.09450182809911557      0.0850745612708245       0.07624131700568906      0.06801379029708514      0.06039623247945872      0.05338550604411898      0.046971262507920754     0.041136087341749394     0.035855313600440954     0.03109592558358335      0.02681340681968406      0.02294423148417789      0.01938934853819762      0.015979250164591036     0.0128623574523715       0.010299396422095018     0.008205446009919529     0.006505234480450862     0.005132912634721367     0.004031561022098262     0.003152518748353427     0.002454607392910229     0.0019033089818420532    0.0014699430704925031    0.0011308755117969275    8.667808200112085E-4     6.619713181823481E-4     5.037994295513114E-4     3.8213436809097487E-4    2.889108670025067E-4     2.177451974674716E-4     1.6361231826204185E-4    1.22577326317108E-4      9.157424618050605E-5     6.822543436580703E-5     5.0695348681499345E-5    3.757304006990433E-5     2.7778389656522537E-5    2.048778355808486E-5     1.5075557428991785E-5    1.1068130453768135E-5    8.108273442316312E-6     5.92741402325302E-6      4.324274709335433E-6     3.1484709498009594E-6    2.28797203864506E-6      1.6595545403604979E-6    1.201562473434361E-6     8.684373107587115E-7     6.265998299011826E-7     4.513602289131929E-7     3.2460727030158406E-7    2.3308540003336743E-7    1.6711405004913976E-7    1.1963834514406478E-7    8.552737795076134E-8     6.105684780352214E-8     4.352858630288629E-8     3.099142885396073E-8     2.2036914084706597E-8    1.5650086906185952E-8    1.1100777917459448E-8    7.864542386306362E-9     5.565281221734504E-9     3.933674680773007E-9     2.777119467144084E-9     1.9580086805325524E-9    1.3780336208338661E-9    9.667899084847095E-10    6.733857935012941E-10    4.600002317283455E-10    2.964118118809926E-10    1.5435475377475436E-10   0
% Data
% c (mol/m^3) @ t=700, u1=0.01, u2=0.05, u3=0.03
1                         0.969685412108875        0.9361902232788476       0.8997145381606559       0.8605245253788133       0.8189489184351915       0.7753736405264552       0.730234817399661        0.6840105561797832       0.6372119698778147       0.5903740097457355       0.5440467238643513       0.4987875841858012       0.45515551074293065      0.41370716749220643      0.3749960077988251       0.3395744096172767       0.3079990640668825       0.28083957191872033      0.25868996849633313      0.24218264889044175      0.22877208569401036      0.21549095168004267      0.20237999569590312      0.18948133704185793      0.1768378353326046       0.16449236184426672      0.15248699315085534      0.14086215313075737      0.12965573073738948      0.11890219540557428      0.10863171478643502      0.09886924172464469      0.08963346152594016      0.08093534183081766      0.07277573661651324      0.06514092608131833      0.05799385634987127      0.05125665170013166      0.04477568767943636      0.03825216807019606      0.032016835931427325     0.026658305495032033     0.022083582933777844     0.01820293777585634      0.014931419165675117     0.012189933484897818     0.009905929264667159     0.008013744610825988     0.00645467622674173      0.0051768286756770435    0.004134798919901869     0.0032892454691384205    0.002606384584101667     0.002057448653904676     0.001618134659511364     0.0012680639398645172    9.902685356886517E-4     7.707143207566939E-4     5.978669720025984E-4     4.623035430000183E-4     3.563699120748118E-4     2.738825747851981E-4     2.0987202920888545E-4    1.6036425069074212E-4    1.2219636730708571E-4    9.286253682891694E-5     7.038611249844742E-5     5.321440443789617E-5     4.0132645137278093E-5    3.019411222490057E-5     2.2663720830125014E-5    1.697275100427743E-5     1.2682709385735966E-5    9.456630386552436E-6     7.036396424312457E-6     5.224897782828407E-6     3.872061200911236E-6     2.8639541875013134E-6    2.1143220267353863E-6    1.5580395172117723E-6    1.1460628267398415E-6    8.415514857950577E-7     6.168993306998686E-7     4.5146871033418524E-7    3.2986675752492465E-7    2.406379654980403E-7     1.752753794393489E-7     1.2747482612239562E-7    9.257393567695765E-8     6.7131225207669E-8       4.861099995222326E-8     3.514791448044423E-8     2.5371219567973512E-8    1.8273373372797816E-8    1.3111071541002021E-8    9.328964631904519E-9     6.497305989541175E-9     4.25412149182089E-9      2.2392715901687764E-9    0
% Data
% c (mol/m^3) @ t=800, u1=0.01, u2=0.05, u3=0.03
1                         0.9736705910789137       0.9445451401380265       0.9127580373654033       0.8784968196573962       0.842001231768146        0.8035610868443605       0.7635130632865649       0.7222366439874447       0.680149466686637        0.6377024059690133       0.5953747439534918       0.5536698039744931       0.5131114161866734       0.4742415535630284       0.43761941988915753      0.4038221881201142       0.3734474794131114       0.3471175434377169       0.32548495397105376      0.3092394766246974       0.29591066135962857      0.28256313955004103      0.2692253250746506       0.2559279444964241       0.24270386655388063      0.2295878462149447       0.2166161756449469       0.2038262345041882       0.19125592855232237      0.1789429942227201       0.16692411937801174      0.1552337712012613       0.1439025012560679       0.1329542580956845       0.12240177034594792      0.11223815989680888      0.10242121023312982      0.09284340014461631      0.08327450594909735      0.0732516243755112       0.06331029952143592      0.05444672283980445      0.04659497978285207      0.03968338696150147      0.03363681376555371      0.0283787648252271       0.023833181956068903     0.019925944841874762     0.01658606746248781      0.013746601628685545     0.011345269777584476     0.009324856534512734     0.007633392796305638     0.006224167702239291     0.00505560335965269      0.004091025115261949     0.003298357009472374     0.0026497682581257454    0.0021212925376281142    0.0016924377895390118    0.0013458004173049981    0.0010666942600121687    8.428016766480509E-4     6.638514934410126E-4     5.213264549652596E-4     4.0820115035359895E-4    3.1871011647962417E-4    2.4814489881045006E-4    1.9267822300258734E-4    1.4921304229545553E-4    1.152540270780165E-4     8.879900873576229E-5     6.82479412809363E-5      5.2327068967726463E-5    4.00261598847282E-5      3.054686381707133E-5     2.3260461850179297E-5    1.7673483827122014E-5    1.3399869925483916E-5    1.0138539121805347E-5    7.65539715720693E-6      5.768968428171153E-6     4.338969801914045E-6     3.2572603121395895E-6    2.4407001725457624E-6    1.8255370046748825E-6    1.3630082098233443E-6    1.0159076431562092E-6    7.559137353814407E-7     5.61516401714406E-7      4.1641277185424485E-7    3.082680693868725E-7     2.2775872985734226E-7    1.678306282695463E-7     1.2311618862049247E-7    8.945953330014878E-8     6.349677735813568E-8     4.2224819748398754E-8    2.2457906382122653E-8    0
% Data
% c (mol/m^3) @ t=900, u1=0.01, u2=0.05, u3=0.03
1                         0.9769185665626522       0.9513647355850193       0.9234313210126976       0.8932549978375512       0.8610167840195363       0.8269417452934237       0.7912979889328795       0.7543950541684098       0.7165818448982083       0.6782442818167547       0.6398028733889377       0.6017104157029025       0.5644500280088459       0.5285337121080534       0.49450158881628814      0.46292191344872424      0.4343919055665096       0.40953934800498243      0.38902481941488953      0.37354432712394703      0.360763079527076        0.3478729004759745       0.33489128427546627      0.32183778016830894      0.30873402929641064      0.2956037563460284       0.282472700868119        0.2693684668502394       0.2563202567318225       0.24335843169578855      0.2305137922317131       0.2178163798136053       0.20529342087490973      0.19296569071794994      0.18084092275071342      0.16890165739056157      0.15708261297417195      0.14522833768719257      0.13301384873304353      0.11979602009585877      0.10628178226012823      0.09386070989948142      0.08251401022806848      0.07221110192132305      0.06291137603787676      0.054566045949360056     0.047120008059856874     0.04051364541180819      0.03468451861421786      0.029568901790775207     0.02510313446785323      0.02122477272980232      0.017873533993559225     0.014992039034438845     0.012526362256020317     0.01042640662381151      0.008646123283042048     0.007143597851158785     0.005881025964592796     0.004824600140423046     0.003944328660262453     0.003213805252224573     0.0026099460641305244    0.002112707978173417     0.0017047998666533896    0.0013713960450911493    0.0010998590234183412    8.794767383261547E-4     7.012177955792001E-4     5.575068658580063E-4     4.420212525234108E-4     3.495087654870209E-4     2.7562636667530075E-4    2.167985707052502E-4     1.7009425981869572E-4    1.331203762264389E-4     1.0393086126220983E-4    8.094919542509272E-5     6.29029359562473E-5      4.876873176273408E-5     3.772640511590451E-5     2.9120814352329476E-5    2.2430343098264294E-5    1.7240992842933804E-5    1.3225182371283891E-5    1.0124476508737577E-5    7.735575891772537E-6     5.898998022767438E-6     4.489967303946611E-6     3.4111080896111722E-6    2.586600235900827E-6     1.957511250192481E-6     1.4780625617736652E-6    1.1126182018081872E-6    8.331987576268157E-7     6.17314381681309E-7      4.458630749624425E-7     3.0072596419349477E-7    1.6145604071009964E-7    0
% Data
% c (mol/m^3) @ t=1000, u1=0.01, u2=0.05, u3=0.03
1                         0.9796306038469177       0.9570658257020881       0.9323717185575178       0.9056512993224431       0.8770457944211022       0.8467353752550103       0.8149394088438995       0.7819162735921457       0.7479628125954677       0.713413515500072        0.6786395329719195       0.6440476337719933       0.6100792119408587       0.5772094396866114       0.5459466396957049       0.5168319187209932       0.49043906301212087      0.46737464664123013      0.4482782478908123       0.43382260908586184      0.4218386681641228       0.40969680199814396      0.39740660979611836      0.3849791892045642       0.37242722373136955      0.35976504748383903      0.3470086713018814       0.33417574377997983      0.3212854012581875       0.3083579247925687       0.2954140547333984       0.28247368755341307      0.26955344438224393      0.25666216287722116      0.2437925516251238       0.23090574371629494      0.21790271630204597      0.20457145295795576      0.19048939987816796      0.17484372867443884      0.15844869444109913      0.14300055637303352      0.12852625025555522      0.11504003169774112      0.1025440336241659       0.09102909925700005      0.08047583826599587      0.07085584960513013      0.06213305370592535      0.054265078785163276     0.04720465053190839      0.04090094076694919      0.035300838194664695     0.03035011249615699      0.02599445120995711      0.022180356668480523     0.018855897363113487     0.015971314262467576     0.013479487671255412     0.011336274144255398     0.009500725786863246     0.00793520606257596      0.006605417108950627     0.005480353680536483     0.004532198342608971     0.0037361715840222554    0.0030703492418289445    0.0025154581594711623    0.0020546594403520898    0.0016733270952530147    0.0013588283812205513    0.001100310738508276     8.884989817821169E-4     7.155053090469643E-4     5.746537623284852E-4     4.603200050876636E-4     3.6778666340604006E-4    2.9311399770119E-4       2.330253132001937E-4     1.8480626364302972E-4    1.4621703675446088E-4    1.1541631575215635E-4    9.089587370314705E-5     7.142466367063235E-5     5.6001305829537E-5       4.381393334068312E-5     3.420643366644114E-5     2.6650204529119407E-5    2.072062834673451E-5     1.6077550953754162E-5    1.2449125084899169E-5    9.618441018997665E-6     7.4124081290210705E-6    5.6923589691147734E-6    4.345799165619395E-6     3.2785804272881827E-6    2.4064548648393676E-6    1.6443382272136405E-6    8.904150620419878E-7     0
% Data
% c (mol/m^3) @ t=1100, u1=0.01, u2=0.05, u3=0.03
1                         0.9819508017037741       0.9619473944427859       0.940037850331568        0.9163018420798447       0.8908522858704481       0.8638366482800641       0.8354379182153371       0.8058752586744089       0.7754043657417965       0.7443175725619309       0.7129437431062318       0.6816480034177588       0.6508313558934506       0.6209302144589292       0.5924158848833811       0.565793994971273        0.5416038543160999       0.5204176934624791       0.5028396988504497       0.48950472435196835      0.4784187687658221       0.46715119648189346      0.4557062932795894       0.44408934107625064      0.43230669870138244      0.4203658677047877       0.4082755262660309       0.3960455008375058       0.3836866206496579       0.37121035531790486      0.358628053399124        0.3459494484947501       0.3331798221142199       0.3203147046784807       0.3073300682541503       0.2941642734656347       0.28068495771445084      0.2666284724370592       0.25148937761046175      0.23431925985661653      0.21597684903518796      0.1983519540920078       0.18150256254475278      0.16547648679973723      0.15031092883018773      0.13603233025684766      0.12265649564208063      0.1101889665835692       0.0986256159420723       0.08795342553508885      0.07815140696974698      0.06919162390522784      0.06104027472324648      0.053658797039211184     0.04700495933733225      0.041033909862581354     0.03569915835682766      0.030953471920504887     0.026749671897253812     0.023041323958878854     0.019783318317789445     0.016932341083998728     0.014447241143159748     0.012289299542082839     0.010422410251926084     0.008813182392070651     0.007430974617019889     0.006247872485007379     0.005238619336148171     0.004380510604654069     0.0036532606627637794    0.003038850323382231     0.0025213620826246693    0.0020868091191598584    0.0017229630290838535    0.0014191842963352196    0.0011662586024620432    9.562412800973787E-4     7.823115186593697E-4     6.386373395605832E-4     5.202518681136916E-4     4.229410336697311E-4     3.4314251949423886E-4    2.778555493834606E-4     2.2456092834971704E-4    1.811506389932764E-4     1.4586622257354678E-4    1.1724513333775797E-4    9.407423476713113E-5     7.534959366489543E-5     6.024170504331483E-5     4.806522220694371E-5     3.825213190254014E-5     3.032703607242618E-5     2.3882662327450334E-5    1.8552719289966613E-5    1.3977378592372001E-5    9.75336433020437E-6      5.354737911230324E-6     0
% Data
% c (mol/m^3) @ t=1200, u1=0.01, u2=0.05, u3=0.03
1                         0.9839528772408134       0.9661626447961834       0.9466653780695878       0.9255245117383634       0.9028326431956589       0.8787131113562313       0.8533213381469652       0.8268459272137272       0.799509520901111        0.7715694218055567       0.7433179885780805       0.7150828166183465       0.6872267123990708       0.6601474650544006       0.6342774103844369       0.6100827705909257       0.5880627381070089       0.5687482542948876       0.5527004142808265       0.5405084087351611       0.5303533469407494       0.5200098047231095       0.5094787191047343       0.4987616357818121       0.4878607631565932       0.47677901102204046      0.4655199954125187       0.45408797569673537      0.44248766193467903      0.43072377952993474      0.4188001855718328       0.40671816312069864      0.39447321490405535      0.3820491262820351       0.36940707074397594      0.35646573388412106      0.3430651963197597       0.3289015019939128       0.31340840891922633      0.29554414205718665      0.27616211542846175      0.25724023843376137      0.23885141578490524      0.22106234556272678      0.20393254017977144      0.18751354156348446      0.17184834750302203      0.1569710571447134       0.14290673485472172      0.12967148355508581      0.1172727115596922       0.10570957116688799      0.09497354297345866      0.08504913712164895      0.07591468144079128      0.06754316658046908      0.059903119573330624     0.05295947959143711      0.04667445272772583      0.04100832619795668      0.0359202261846278       0.0313688074228381       0.027312866380810194     0.023711873372929754     0.02052642205649019      0.01771859743699475      0.0152522657061322       0.01309329095525378      0.011209685062463559     0.009571697878160023     0.008151855279274253     0.006924952781244546     0.005868012246869315     0.0049602088702404975    0.004182775096665772     0.0035188875156338915    0.002953542077127534     0.0024734222688333938    0.002066764183001378     0.0017232217201091544    0.0014337345390975152    0.0011904007821466858    9.863560822315853E-4     8.156599062255986E-4     6.73189893569869E-4      5.545445154515695E-4     4.559540933321726E-4     3.7419996525013256E-4    3.0654135361816293E-4    2.5064923844642795E-4    2.045462258456747E-4     1.6655094219366362E-4    1.3522474280728856E-4    1.093172668906814E-4     8.770519623761253E-5     6.931479024375485E-5     5.301217612702643E-5     3.743390155966579E-5     2.0710337246164053E-5    0
% Data
% c (mol/m^3) @ t=0, u1=0.01, u2=0.05, u3=0.05
1                         -4.52284577296406E-8     2.1593471701523133E-15   2.4290496195567383E-20   3.2340292311947445E-26   3.296041953163354E-32    3.0016600099896497E-38   2.568143168585249E-44    2.111589465229364E-50    1.6890005337407386E-56   1.3239176014680624E-62   1.0217940586561672E-68   7.790195122817811E-75    5.880645162805392E-81    4.402910824473005E-87    3.273866670895748E-93    2.420083364469386E-99    1.779912873506473E-105   1.3033148956459134E-111  9.506353164339793E-118   6.956177246852802E-124   6.321775346038406E-130   5.729411374642164E-136   5.1796457242213455E-142  4.672072218609902E-148   4.205575793062767E-154   3.778537241330032E-160   3.388994763315822E-166   3.03477036353153E-172    2.713567747711005E-178   2.423047196498114E-184   2.1608819230135046E-190  1.9247996133162123E-196  1.712612178475457E-202   1.522236191463433E-208   1.3517060224925527E-214  1.1991813067632015E-220  1.0629500655648097E-226  9.41428544070152E-233    8.331586176404799E-239   7.36803445178862E-245    6.5114190649088274E-251  5.750622452729033E-257   5.075552456852929E-263   4.477071946983823E-269   3.946928213380554E-275   3.4776835500450436E-281  3.0626480598865415E-287  2.695815403694684E-293   2.3718019713750748E-299  2.085789764215554E-305   1.8334731422073E-311     1.599524E-317            2.0E-323                 0                        0                        0                        0                        0                        0                        0                        0                        0                        0                        0                        0                        0                        0                        0                        0                        0                        0                        0                        0                        0                        0                        0                        0                        0                        0                        0                        0                        0                        0                        0                        0                        0                        0                        0                        0                        0                        0                        0                        0                        0                        0                        0                        0                        0                        0                        0
% Data
% c (mol/m^3) @ t=100, u1=0.01, u2=0.05, u3=0.05
1                         0.8551207359120253       0.7035370973406782       0.5550797663659377       0.41872944042840865      0.3012452826776422       0.2063061549569496       0.13437088083129092      0.08324607885402624      0.04911660930750856      0.027660124879036754     0.014910901131369957     0.007720170925601619     0.0038525632389506733    0.0018594832653063232    8.70987348153165E-4      3.971741213058153E-4     1.7686661107931678E-4    7.723502935289281E-5     3.349153324939929E-5     1.538395193785371E-5     7.693749580549407E-6     3.7995104168523763E-6    1.8551063804109438E-6    8.964685570091862E-7     4.291875179354618E-7     2.0374103249410553E-7    9.597566573945496E-8     4.4894156930284244E-8    2.086540464266648E-8     9.64063540647597E-9      4.430315757434692E-9     2.0258160647290658E-9    9.220793211258859E-10    4.1791597559812034E-10   1.8866722319072085E-10   8.48617139222637E-11     3.8040333104102616E-11   1.699780814500644E-11    7.57264094803803E-12     3.3642573577129016E-12   1.4907086758391873E-12   6.589097448059093E-13    2.9056999167935906E-13   1.278569117448949E-13    5.6143385508139777E-14   2.4604927613789267E-14   1.0763143405575751E-14   4.699923272553589E-15    2.048872986976383E-15    8.917583751196696E-16    3.8754310233621464E-16   1.681759810210165E-16    7.28798531755852E-17     3.1541119000045376E-17   1.363319332041162E-17    5.885619673725754E-18    2.5379476955838705E-18   1.0931743757483082E-18   4.703614559127794E-19    2.0217506362623026E-19   8.681485786091596E-20    3.72432179168123E-20     1.596254648865705E-20    6.835547850717818E-21    2.9246521863507344E-21   1.2503100441790113E-21   5.340919099017015E-22    2.2797153842768666E-22   9.723499546242685E-23    4.1443111122790544E-23   1.7651427210238146E-23   7.513019082327843E-24    3.195695344387261E-24    1.3584418923574668E-24   5.770983000712941E-25    2.4501879730935233E-25   1.0396745030267677E-25   4.4091100569738014E-26   1.8688175771944052E-26   7.91684029859639E-27     3.352062957860209E-27    1.418579908992154E-27    6.00043312963847E-28     2.53690453210354E-28     1.072071445894164E-28    4.5284185250905406E-29   1.9119545306296102E-29   8.069033038290947E-30    3.4039482001546885E-30   1.4353781151265823E-30   6.050285661579639E-31    2.5492693214379538E-31   1.07371683909851E-31     4.520656743642923E-32    1.9026183998826062E-32   8.004115322701821E-33    3.3634258788673615E-33   1.401616870783011E-33    5.360499960853741E-34    0
% Data
% c (mol/m^3) @ t=200, u1=0.01, u2=0.05, u3=0.05
1                         0.9106950498436154       0.8143184382240286       0.7140391075496875       0.6132561758864767       0.5153179507336584       0.4232435101123438       0.3394825137740423       0.265745538145347        0.20292758065096858      0.15113214829438673      0.10978532031658093      0.07781292331225406      0.05384433516420851      0.0364064053636919       0.02407993829939645      0.015605155708735649     0.009936352875100576     0.006255749818075473     0.003961063621562956     0.002641555040251398     0.0018491851466086345    0.0012793658165177369    8.754128064177951E-4     5.928399156591866E-4     3.9761246949473214E-4    2.6427677345729943E-4    1.741799898813586E-4     1.1390067257631351E-4    7.39394173695078E-5      4.7672179052332796E-5    3.054187944119174E-5     1.9451647906838942E-5    1.2320301000193089E-5    7.763399818793069E-6     4.868527113905244E-6     3.039458266072945E-6     1.8896228345288307E-6    1.170178328714456E-6     7.219972490471443E-7     4.439416167728217E-7     2.7209187797144285E-7    1.6626093364328616E-7    1.013045137036536E-7     6.156081900400846E-8     3.731509848672494E-8     2.2564825874261484E-8    1.3614589472669183E-8    8.197020854078602E-9     4.925341393677774E-9     2.953872698646154E-9     1.768338555701474E-9     1.056811020938982E-9     6.305577197195807E-10    3.756494401544616E-10    2.2346190338617955E-10   1.3274476769698116E-10   7.875041475135813E-11    4.665909797171277E-11    2.7611673701644166E-11   1.6320946345900648E-11   9.636426808793745E-12    5.68362419628351E-12     3.3488264851707628E-12   1.971224521594706E-12    1.1592386061465833E-12   6.811127932092949E-13    3.9984341993042025E-13   2.3453085945715276E-13   1.3745571114972812E-13   8.049913805546952E-14    4.710831073410413E-14    2.7548202562490492E-14   1.6098648623174186E-14   9.401484131259357E-15    5.486863556632159E-15    3.2002364607457934E-15   1.8654306282580558E-15   1.0867353535738034E-15   6.327385235829305E-16    3.68203827213207E-16     2.1415255334513647E-16   1.2449050081606454E-16   7.233257342766538E-17    4.2007110944807804E-17   2.4384231615593637E-17   1.414811575076261E-17    8.205348976639224E-18    4.7567447694310134E-18   2.756399579927274E-18    1.5966105868201734E-18   9.244534679008197E-19    5.350625750664176E-19    3.095708950062286E-19    1.7903833245714405E-19   1.0349354627034529E-19   5.975597073530114E-20    3.4341875438907635E-20   1.9268779750920633E-20   9.374829474263883E-21    0
% Data
% c (mol/m^3) @ t=300, u1=0.01, u2=0.05, u3=0.05
1                         0.9346285816245385       0.8633367493050443       0.7876308722872164       0.7092203045342632       0.6299212441403407       0.5515516828621609       0.4758266573206465       0.40426315852659145      0.338103133887501        0.27826110627697187      0.2253002496442046       0.1794376292382639       0.14057615356769798      0.10835805158475817      0.0822328175908642       0.06153189196363042      0.04554300471826504      0.033578964385744606     0.025038318343542008     0.019458165943610405     0.015594343573175361     0.012375441670785364     0.009727481067489973     0.007575714672659355     0.0058476813789429       0.004475548727338871     0.003397707547556244     0.002559667565214337     0.001914359123261904     0.001421973585704726     0.0010494790199209506    7.699355710193264E-4     5.617136113763108E-4     4.0769307122200165E-4    2.944984281222574E-4     2.1180309087033485E-4    1.5172044149474603E-4    1.0828672870418553E-4    7.703289052385934E-5     5.4637499556631696E-5    3.865058025292092E-5     2.7277312267018304E-5    1.9210997923748804E-5    1.3505666187653211E-5    9.47997444417817E-6      6.64542918824133E-6      4.653240930730729E-6     3.2552841605903033E-6    2.275619922546154E-6     1.5898534872096385E-6    1.1102552077527332E-6    7.750890200784483E-7     5.4099261203918E-7       3.775579013554845E-7     2.634897425830796E-7     1.838914710118246E-7     1.2835174935294518E-7    8.959921403940867E-8     6.25582240241111E-8      4.368720095228934E-8     3.0515611303115384E-8    2.132030979176885E-8     1.4899495951817167E-8    1.0414950706681601E-8    7.281982766893711E-9     5.092683192092467E-9     3.562418555726731E-9     2.492529638275654E-9     1.7443275032434477E-9    1.2209638787193464E-9    8.547895650249397E-10    5.98537841327928E-10     4.191740691113051E-10    2.9360407017398476E-10   2.0567865911725372E-10   1.4410223954677172E-10   1.0097216233146988E-10   7.075829836343187E-11    4.9589937787026E-11      3.4757311164993087E-11   2.4363039789684916E-11   1.7078355086808312E-11   1.197255177065838E-11    8.39364631082491E-12     5.8848481892100764E-12   4.1260849745994085E-12   2.8930587342417524E-12   2.02857271088165E-12     1.4224477864493253E-12   9.974533081565698E-13    6.994496003484614E-13    4.904798437807592E-13    3.43926552250322E-13     2.411107065024167E-13    1.6889200482473622E-13   1.179458665238946E-13    8.145165426478624E-14    5.3908716351309667E-14   2.963412472131107E-14    0
% Data
% c (mol/m^3) @ t=400, u1=0.01, u2=0.05, u3=0.05
1                         0.9487498399776875       0.8925313471994064       0.8321574706237892       0.7685927859959532       0.7029157247720575       0.6362735016486945       0.5698324815928747       0.5047272138420429       0.4420116300985414       0.3826159169974683       0.32731229999832         0.27669240920330973      0.23115806416288248      0.19092628834209713      0.15604826710500325      0.12644095184513857      0.10192924432124685      0.08229628512405758      0.06733935432533718      0.05692920703627941      0.04916158780431394      0.042153444192400136     0.035889632561883364     0.030343278579154722     0.025477513609949015     0.021247558562959786     0.017602967450212004     0.014489856531498086     0.011852975248095197     0.009637514654823215     0.007790590695195818     0.006262377956284734     0.0050069009804569915    0.003982513190957309     0.0031521079310371154    0.0024831129928507573    0.0019473208639849008    0.0015206034669576986    0.001182554035228738     9.160913260830675E-4     7.070536594259678E-4     5.43803009606526E-4      4.168529961787581E-4     3.185293225344375E-4     2.4266703672467063E-4    1.8434586610069337E-4    1.396626743359494E-4     1.0553864683040179E-4    7.955796672329963E-5     5.9834349451289754E-5    4.490173007817408E-5     3.3625538929777166E-5    2.5131274857309957E-5    1.8747429982224314E-5    1.3960190949106538E-5    1.0377709688568128E-5    7.702082655049561E-6     5.70749082785522E-6      4.223228645065024E-6     3.1205876221597094E-6    2.3027613440735345E-6    1.6971059205077453E-6    1.2492276800218728E-6    9.184818765516265E-7     6.745564077230929E-7     4.948866119590633E-7     3.62704339198443E-7      2.655694675488685E-7     1.9426723264720784E-7    1.4198212285994115E-7    1.0368029620622668E-7    7.564881434866411E-8     5.5152527259433045E-8    4.017902599048418E-8     2.9249380139226383E-8    2.1277917214243892E-8    1.546849385024966E-8     1.1237872481415058E-8    8.159197854319401E-9     5.9203549091589044E-9    4.293327964985574E-9     3.111681296697575E-9     2.254027043294759E-9     1.6319015262412294E-9    1.1808834995222317E-9    8.540937555182768E-10    6.174420281167187E-10    4.4615461138670576E-10   3.2223975574413257E-10   2.3263905383202513E-10   1.6788011797743616E-10   1.2109512185391317E-10   8.730580005524358E-11    6.290150306551725E-11    4.5254905921746776E-11   3.243052211418592E-11    2.294237976553797E-11    1.5501953270230863E-11   8.646301148658707E-12    0
% Data
% c (mol/m^3) @ t=500, u1=0.01, u2=0.05, u3=0.05
1                         0.9580102808847292       0.91179287356568         0.8618328024740105       0.8087268847470694       0.7531665426781343       0.6959158899347532       0.6377861676571891       0.5796079302966467       0.522202636226587        0.46635545865782346      0.4127911780508906       0.3621549368575392       0.31499943092406424      0.2717797909256576       0.2328569943196056       0.19851017443375246      0.1689576939053309       0.14438635987679183      0.1249877075516575       0.11099988563272468      0.10010146452976097      0.089796889568673        0.0801202556107734       0.07109700898141431      0.06274322126609877      0.055065275410453376     0.048059973507922064     0.04171504090307389      0.03600997194232452      0.030917141743177137     0.02640309699956776      0.02242993686966486      0.018956701025695615     0.015940693904716374     0.013338689754902088     0.011107980011195034     0.009207241012017532     0.007597214736328605     0.006241207269231287     0.005105418736506494     0.004159124502131816     0.0033747307822681364    0.0027277289375946903    0.002196572074398104     0.0017624957232128102    0.0014093017335943874    0.0011231215115009433    8.921716332482002E-4     7.065119145941816E-4     5.578133374130153E-4     4.3914091919502096E-4    3.447546830866946E-4     2.699303438625806E-4     2.1080014008841347E-4    1.6421337296917542E-4    1.2761560982129424E-4    9.894512568017819E-5     7.654494384739486E-5     5.908875363559136E-5     4.551899552958681E-5     3.499548097787808E-5     2.6853032521583556E-5    2.0566771786583613E-5    1.57238344790618E-5      1.2000443271526934E-5    9.14341479762716E-6      6.955311772559527E-6     5.282573241933474E-6     4.006064196154186E-6     3.0335802679498748E-6    2.293924577457234E-6     1.7322430029488917E-6    1.3063624390293407E-6    9.83925236814446E-7      7.401532700363934E-7     5.561081380114968E-7     4.1734100192156405E-7    3.128474396132023E-7     2.3426035979172343E-7    1.7522818454804884E-7    1.3093682446381163E-7    9.774296757284023E-8     7.289332772754743E-8     5.4310117538097084E-8    4.0427427812415646E-8    3.006665502355329E-8     2.2341819525226388E-8    1.6587719868574817E-8    1.2305500457997556E-8    9.121472494337174E-9     6.756001710065266E-9     5.000022758013169E-9     3.6973050325745863E-9    2.7310068480761383E-9    2.0133192270665887E-9    1.4770786771542137E-9    1.0679882018075075E-9    7.351778006299739E-10    4.153920092798707E-10    0
% Data
% c (mol/m^3) @ t=600, u1=0.01, u2=0.05, u3=0.05
1                         0.9646460789566125       0.9256450026056618       0.883302993954089        0.8380108521624752       0.790235804757391        0.7405103965573495       0.6894189265058595       0.6375821331363627       0.5856409927896974       0.534240619133476        0.4840153267829019       0.4355759371645035       0.3895003555738781       0.3463283325090538       0.306561141299817        0.270666662909484        0.23909007612928287      0.2122700189269851       0.19065972879051013      0.1747523027745918       0.16203232030784617      0.1496561234050014       0.13767146870568717      0.12612389279124686      0.11505555777414239      0.10450414711179845      0.09450187453924991      0.08507466300821269      0.07624153921804606      0.06801427411244079      0.060397282408269165     0.05338777674968849      0.046976156198568715     0.04114659584948375      0.035877795251531897     0.031143838353371606     0.026915116706202502     0.02315927013528088      0.019842104259112727     0.016928451226135004     0.014382947989171368     0.012170714579694753     0.010257922555916938     0.00861225063148098      0.0072032301669183564    0.006002487599633549     0.004983894001252497     0.0041236338782369986    0.0034002062283978386    0.002794370920549844     0.002289052874454981     0.0018692154725771458    0.0015217133033008318    0.00123513285986677      9.996283139485113E-4     8.067580324509937E-4     6.493261694770319E-4     5.2123247867748E-4       4.173324722376952E-4     3.333092052896093E-4     2.655572820797892E-4     2.1107914943719504E-4    1.673933466024199E-4     1.324540990930201E-4     1.0458145856806679E-4    8.240108212642303E-5     6.479269628471508E-5     5.084628824006358E-5     3.98250973406441E-5      3.113453255644515E-5     2.4296208798712948E-5    1.892636965024687E-5     1.4718041502802655E-5    1.142634065663481E-5     8.856428124110878E-6     6.853675074868302E-6     5.295664125569786E-6     4.08570758745738E-6      3.1476132876213315E-6    2.4214718835349693E-6    1.8602770741964827E-6    1.4272222563974174E-6    1.0935445128684363E-6    8.368098950715534E-7     6.395533089988293E-7     4.882024292091775E-7     3.722284156342811E-7     2.834772043125663E-7     2.1564415314177515E-7    1.6386216240205946E-7    1.2437931866004253E-7    9.430682670017757E-8     7.142160062381238E-8     5.4010317392994585E-8    4.074257932385155E-8     3.05588872573937E-8      2.2551378081079975E-8    1.5794460218876106E-8    9.031321563560133E-9     0
% Data
% c (mol/m^3) @ t=700, u1=0.01, u2=0.05, u3=0.05
1                         0.9696854121089493       0.9361902232790206       0.8997145381609765       0.8605245253793651       0.8189489184361165       0.7753736405279873       0.7302348174021821       0.6840105561839157       0.6372119698845669       0.5903740097567364       0.5440467238822245       0.4987875842147584       0.45515551078970934      0.41370716756754916      0.37499600791980037      0.3395744098109049       0.30799906437577573      0.2808395724098149       0.25868996927434407      0.2421826501184865       0.22877208780991873      0.21549095580372624      0.20238000420540814      0.18948135499300228      0.17683787345820715      0.16449244286911274      0.15248716504128823      0.1408625167932367       0.12965649770748958      0.11890380754132282      0.10863509163948157      0.09887628974443846      0.08964811796471811      0.08096570591980715      0.07283840199514047      0.06526975006068837      0.0582576317566906       0.051794560241910495     0.045868104669440676     0.04046141993124987      0.03555385351451746      0.031121600571937465     0.027138379306770873     0.023576101190800697     0.020405513993613504     0.017596799716897395     0.015120113932875944     0.012946057405014226     0.011046074968536766     0.009392780284312174     0.0079602081365809       0.006723998368476752     0.005661517336220716     0.004751923949722412     0.003976188018331284     0.0033170688166650163    0.0027590616152693894    0.0022883194727442288    0.0018925569427448816    0.0015609415845278722    0.0012839783417227808    0.0010533910209639822    8.6200429823227E-4       7.036289336229923E-4     5.729522025708644E-4     4.6543496309285E-4       3.772162777127221E-4     3.0502609388098953E-4    2.461061528910426E-4     1.981390372125728E-4     1.591850712044327E-4     1.2762665118822188E-4    1.0211948876971257E-4    8.155019746240933E-5     6.499962920696763E-5     5.171136729402784E-5     4.1064799444858605E-5    3.2552224298139553E-5    2.575948211454617E-5     2.0349642796988117E-5    1.6049328724231346E-5    1.2637294436788686E-5    9.934928460386229E-6     7.798383509289527E-6     6.1120793386963065E-6    4.783357248087101E-6     3.738096519364685E-6     2.917130894140075E-6     2.2733276283387566E-6    1.7692127982360499E-6    1.375044363935529E-6     1.0672487147210603E-6    8.271459648552138E-7     6.398913155858302E-7     4.935474479126513E-7     3.781598450301734E-7     2.845951367672558E-7     2.0263395843171855E-7    1.1718121193872521E-7    0
% Data
% c (mol/m^3) @ t=800, u1=0.01, u2=0.05, u3=0.05
1                         0.9736705910793689       0.9445451401390748       0.912758037367307        0.8784968196606018       0.8420012317733818       0.8035610868527919       0.7635130633000413       0.7222366440088807       0.6801494667206054       0.6377024060226616       0.5953747440379484       0.5536698041070213       0.5131114163939512       0.47424155388612294      0.43761942039103124      0.4038221888968976       0.3734474806109404       0.3471175452777495       0.3254849567864255       0.3092394809147863       0.2959106684559179       0.28256315280538347      0.2692253513982345       0.2559279981334045       0.24270397682349995      0.22958807329754893      0.21661664267442093      0.2038271925674521       0.19125788784658457      0.17894698770213535      0.16693223068119098      0.15525018764198953      0.143935605771977        0.13302076861401102      0.12253489724942455      0.11250361635894793      0.10294850594082629      0.0938867552634061       0.08533093052129387      0.07728886206138551      0.06976365137082957      0.0627537926666929       0.05625339922724931      0.05025252080290684      0.044737535690998094     0.0396915994082416       0.035095131317355976     0.030926320959777837     0.027161637063477035     0.023776324051296586     0.020744873176784782     0.01804145797092233      0.015640326320996465     0.013516144074157924     0.011644287445442209     0.01000108362795917      0.008564000797427558     0.007311790148274966     0.006224583692005249     0.005283952307219056     0.00447292898514614      0.0037760024044248947    0.003179085938539569     0.002669466994431055     0.0022357412454408216    0.0018677358965070003    0.0015564256401460216    0.001293844458420766     0.0010729959232609546    8.877641640125145E-4     7.328272206325368E-4     6.035740926299276E-4     4.960264329118755E-4     4.0676552419779364E-4    3.3286491319345395E-4    2.718288620260949E-4     2.2153660399506212E-4    1.801922571583943E-4     1.4628014990722258E-4    1.1852524262341429E-4    9.585828404012472E-5     7.738531558267451E-5     6.23611277004094E-5      5.016627539786497E-5     4.028727269001348E-5     3.229960484631586E-5     2.585322075650762E-5     2.0660193554013375E-5    1.6484263892262463E-5    1.3132004848596431E-5    1.0445367146211624E-5    8.295372275826571E-6     6.57670656768554E-6      5.202903397967359E-6     4.101620721249257E-6     3.2090852301532807E-6    2.4617625376710964E-6    1.7810028054506826E-6    1.0411767764308623E-6    0
% Data
% c (mol/m^3) @ t=900, u1=0.01, u2=0.05, u3=0.05
1                         0.9769185665647104       0.9513647355897118       0.923431321021081        0.8932549978513772       0.8610167840415884       0.8269417453280374       0.7912979889867368       0.7543950542517337       0.7165818450265617       0.6782442820137208       0.6398028736901028       0.601710416161741        0.56445002870537         0.5285337131614662       0.4945015904033844       0.4629219158305011       0.4343919091264255       0.4095393533036138       0.3890248272675108       0.3735443387098895       0.36076309798502937      0.347872933614741        0.3348913477692123       0.32183790547594887      0.30873427943734155      0.2956042572169079       0.2824737031914072       0.26937046827902267      0.2563242416592858       0.24336634052016917      0.23052943626350597      0.21784721846771973      0.20535400108078042      0.1930842785807819       0.18107224295174512      0.16935127502949232      0.15795342585080338      0.14690890490973743      0.13624559257482724      0.1259885933129707       0.11615984484145413      0.10677779600118037      0.09785716318198555      0.0894087717441732       0.08143948529675793      0.07395222213809932      0.06694605484431704      0.0604163860767216       0.05435519129960986      0.04875131733447034      0.04359082455854992      0.03885736007385294      0.03453254927917657      0.030596393896733375     0.02702766554136106      0.023804285269550307     0.020903681101215488     0.018303117168220966     0.015979989819567414     0.013912087627262247     0.012077813728622823     0.010456370265951725     0.009027905814904345     0.0077736276145582775    0.0066758811236550305    0.005718199937178207     0.004885329421374588     0.004163227584739143     0.003539046721671883     0.0030010992700133074    0.0025388111387606295    0.0021426655118436666    0.001804139839566697     0.0015156384101425908    0.0012704225656154564    0.0010625403023133166    8.867566857982633E-4     7.384862214013958E-4     6.13728058765818E-4      5.090046752456507E-4     4.213044796983259E-4     3.480286049830156E-4     2.8694201312166813E-4    2.3612891960414636E-4    1.9395245018072007E-4    1.5901837170229674E-4    1.301426846952034E-4     1.0632282517380667E-4    8.671219082428764E-5     7.059767248338406E-5     5.737981753206994E-5     4.6555139773303335E-5    3.769983951197839E-5     3.0453630243587053E-5    2.450109259544197E-5     1.9545125584328327E-5    1.526072558353479E-5     1.1203269545356068E-5    6.614398755956153E-6     0
% Data
% c (mol/m^3) @ t=1000, u1=0.01, u2=0.05, u3=0.05
1                         0.9796306038542366       0.9570658257186188       0.9323717185866234       0.9056512993695551       0.877045794494641        0.8467353753677553       0.8149394090150213       0.7819162738501764       0.7479628129826247       0.713413516078506        0.6786395338326968       0.6440476350479344       0.6100792138247823       0.5772094424571098       0.545946643753335        0.516831924638771        0.4904390716054944       0.467374659064375        0.4482782657681624       0.4338226346903724       0.42183870756249137      0.40969687015034895      0.39740673604802607      0.38497943108658117      0.37242769380136603      0.35976596537192357      0.34701046428117893      0.334179240457491        0.32129220335529124      0.30837111836542896      0.2954395661875557       0.2825228603927767       0.2696479193819455       0.25684309030058605      0.24413792416873         0.23156290345130814      0.21914912542885345      0.2069279469014442       0.19493059782950486      0.18318777334047373      0.17172921497953328      0.16058329304861957      0.14977660228738968      0.1393335829690608       0.12927617872123312      0.11962354108517187      0.1103917890793785       0.10159382994395065      0.0932392449372569       0.08533424166817996      0.07788167210433125      0.07088111321561326      0.06432900529062645      0.058218841374369286     0.05254140006727469      0.04728501311972541      0.04243585885048805      0.03797827238872858      0.03389506404736408      0.03016783772827172      0.026777302077724253     0.023703568090810447     0.020926427944934774     0.01842561096733403      0.016181013758990347     0.014172902564587564     0.012382086961432968     0.010790064814864369     0.00937913919765936      0.008132508588411694     0.0070343321477080644    0.006069772225886636     0.005225016491262206     0.004487282195197929     0.003844805124536986     0.003286815747910917     0.0028035049556778525    0.002385981638521212     0.0020262241607955653    0.0017170275738509263    0.0014519481924592074    0.0012252469330035051    0.0010318325923657113    8.672060367308498E-4     7.274060731783245E-4     6.089575950884065E-4     5.088224230987685E-4     4.243530994191241E-4     3.532497174548218E-4     2.935196425620942E-4     2.4343961990192932E-4    2.01519090542571E-4      1.6646215342670258E-4    1.3712266291947834E-4    1.1244058101102357E-4    9.133387797075032E-5     7.249025996634623E-5     5.393790069637741E-5     3.2133358846043624E-5    0
% Data
% c (mol/m^3) @ t=1100, u1=0.01, u2=0.05, u3=0.05
1                         0.9819382048596402       0.9619212070992158       0.9399975473707967       0.9162474363503572       0.8907843759774917       0.8637564397171001       0.8353472137679434       0.805776415320958        0.7753002168721445       0.7442113161790507       0.7128387986889269       0.6815478422104367       0.6507393114423813       0.6208492821147895       0.5923485206144166       0.5657419250594845       0.5415679082288518       0.5203976723081726       0.5028342912665617       0.4895114803929765       0.47843677677790514      0.4671819161871058       0.45575131850303857      0.44415041313946646      0.4323857330841506       0.4204650096947261       0.40839726618271865      0.3961929072611235       0.3838638019690366       0.3714233562510877       0.3588865714948007       0.3462700849551312       0.33359218786406825      0.32087281707448717      0.3081335163557231       0.29539736396749194      0.28268886389812625      0.27003379915405773      0.257459046701938        0.2449923550451268       0.2326620868975804       0.22049693092229813      0.20852558794271053      0.19677643832704864      0.18527719830708567      0.1740545737554675       0.16313392035973023      0.1525389191673433       0.14229127612956705      0.1324104535608892       0.12291344039510468      0.11381456681641934      0.10512536734513558      0.09685449484114897      0.08900768623548615      0.08158777918827347      0.07459477737109974      0.06802596074185412      0.06187603606629871      0.05613732207353142      0.05079996302769984      0.04585216415718216      0.041280442293629295     0.03706988521490218      0.03320441352812936      0.029667039436493983     0.026440117367654965     0.023505582164036976     0.020845171308106685     0.018440628444706474     0.01627388623724695      0.014327227329727226     0.012583422862156721     0.011025848588379211     0.00963857916308642      0.008406461594195978     0.007315169197108727     0.006351237641425379     0.0055020848539588255    0.00475601664175675      0.004102219934032973     0.0035307455216387956    0.003032482106067032     0.00259912336501651      0.002223129603961646     0.0018976853940058404    0.0016166543872340167    0.001374532224342928     0.001166398037958018     9.87864356290213E-4      8.350238923368438E-4     7.04389044289529E-4      5.928143895219426E-4     4.973807258103911E-4     4.151942533161327E-4     3.430012917689916E-4     2.764055824927289E-4     2.082340229848221E-4     1.250841927083384E-4     0
% Data
% c (mol/m^3) @ t=1200, u1=0.01, u2=0.05, u3=0.05
1                         0.9839301376680909       0.9661153212837138       0.9465924126991241       0.9254257522265966       0.9027089263213616       0.8785663021936899       0.8531543182283284       0.8266625268710549       0.7993143936811157       0.7713678619140695       0.7431156956709815       0.714885615754447        0.687040240426743        0.6599768379186616       0.634126888607462        0.6099554422915583       0.587960240192378        0.5686705527138848       0.5526456633462903       0.5404729074185249       0.5303358078875404       0.5200127309512129       0.5095048661175219       0.4988140380330978       0.4879427779721784       0.4768943992973279       0.4656730762535238       0.45428392520301236      0.4427330871206244       0.43102780985350014      0.4191765283145224       0.4071889404384967       0.39507607640167697      0.38285035831009906      0.37052564732492066      0.3581172750400368       0.3456420558850513       0.33311827741936295      0.32056566563000033      0.30800532275895776      0.2954596357677689       0.28295215428950443      0.2705074378011905       0.2581508727412361       0.2459084613551691       0.2338065851293453       0.22187174671219934      0.21013029517095846      0.19860814023631718      0.18733046180274684      0.17632142134206766      0.16560388202909754      0.15519914426082398      0.1451267028790686       0.13540403179909832      0.12604640093326341      0.11706672931950517      0.10847547726646517      0.10028057916081722      0.0924874173999594       0.08509883676377679      0.07811519746751094      0.07153446418175563      0.06535232749495375      0.05956235364920246      0.05415615791320407      0.049123596669511334     0.04445297318147477      0.04013125205629847      0.036144277616654834     0.03247699171270723      0.02911364692495504      0.02603801160078847      0.02323356370896342      0.020683671062601182     0.01837175603113821      0.016281443415999134     0.014396690687865994     0.01270190026276467      0.011182013920470957     0.009822589835508124     0.008609862994050291     0.007530790006249549     0.006573079488795179     0.0057252092779078705    0.004976431716676169     0.004316768091812194     0.0037369928597763644    0.0032286073530663735    0.0027838006632349174    0.0023953912296413105    0.0020567339376565555    0.001761559225309309     0.0015036722641670716    0.0012763596064543697    0.0010711815185447974    8.754739701988204E-4     6.671436571404454E-4     4.0379391064086686E-4    0
% Data
% c (mol/m^3) @ t=0, u1=0.03, u2=0.01, u3=0.01
1                         -5.069401922627066E-8    2.724656709418857E-15    3.421885013855533E-20    5.1055724537486383E-26   5.831756625091726E-32    5.95228071258488E-38     5.707686170230607E-44    5.259823408206005E-50    4.715343799710165E-56    4.142543792545835E-62    3.5833774282293477E-68   3.0619695156077484E-74   2.5906042865195252E-80   2.1739009194871983E-86   1.811693522021235E-92    1.5009909045016165E-98   1.2372872974977194E-104  1.0154190658112588E-110  8.301070463814905E-117   6.740440017280013E-123   4.884526389587588E-129   3.529884935857605E-135   2.5445963275296337E-141  1.830196342947341E-147   1.313662386177837E-153   9.411371852286897E-160   6.730877999641891E-166   4.8061668397583966E-172  3.426781324323342E-178   2.439949179302131E-184   1.7350961659783695E-190  1.2324009454239914E-196  8.743792796431162E-203   6.19722855237857E-209    4.3880608562537623E-215  3.1042052159767787E-221  2.194087051198945E-227   1.5495442629656154E-233  1.093503423587192E-239   7.711167185560495E-246   5.434008356318689E-252   3.8268007557909045E-258  2.6932756285908585E-264  1.894384684114444E-270   1.3317112625731022E-276  9.356593628743468E-283   6.570550696450879E-289   4.611815239173014E-295   3.2354697434959182E-301  2.2688548148365804E-307  1.5903323748E-313        1.2885E-319              0                        0                        0                        0                        0                        0                        0                        0                        0                        0                        0                        0                        0                        0                        0                        0                        0                        0                        0                        0                        0                        0                        0                        0                        0                        0                        0                        0                        0                        0                        0                        0                        0                        0                        0                        0                        0                        0                        0                        0                        0                        0                        0                        0                        0                        0                        0                        0
% Data
% c (mol/m^3) @ t=100, u1=0.03, u2=0.01, u3=0.01
1                         0.9235571163098386       0.8264881276084317       0.7135636185703715       0.592008697469189        0.4703503617147759       0.35687434017369074      0.25811042339368434      0.17780906013419248      0.11671168641942828      0.07309703049860881      0.04378216726692644      0.025151134070479184     0.013902188627847199     0.007418791839909536     0.003834873597376156     0.0019262455400055418    9.428912650717309E-4     4.507087403041042E-4     2.0994662771318652E-4    9.247064703488371E-5     3.7826915720906255E-5    1.5243241133106268E-5    6.060884577920017E-6     2.3811927187846755E-6    9.255396145259601E-7     3.562978704076665E-7     1.359774808579026E-7     5.1490068264169395E-8    1.9360015456351253E-8    7.232664833114635E-9     2.686288514989287E-9     9.92409429596672E-10     3.6484635121858274E-10   1.335319034045609E-10    4.8671175899929026E-11   1.7672970740402704E-11   6.394737950436468E-12    2.3063392756037413E-12   8.292995908816346E-13    2.973570455729804E-13    1.0634218340854751E-13   3.793742402318593E-14    1.350307297891077E-14    4.795804467652601E-15    1.699850048004045E-15    6.0135577892202635E-16   2.1235929588284983E-16   7.486405266112989E-17    2.6349815992799074E-17   9.260210909786433E-18    3.2496550627827464E-18   1.1388283950883835E-18   3.985778916948531E-19    1.3932505123910225E-19   4.864426139070829E-20    1.6964614884793822E-20   5.910012690685777E-21    2.056768596895362E-21    7.1507952777366495E-22   2.483780570427024E-22    8.619439854602395E-23    2.98859968967747E-23     1.0353670574954744E-23   3.584040995646199E-24    1.2397010186877305E-24   4.284882328306964E-25    1.4799624333005986E-25   5.108149385116481E-26    1.7619283870219318E-26   6.073440549296645E-27    2.092246119196369E-27    7.203296865769081E-28    2.478557864705979E-28    8.523623251985499E-29    2.92964295326701E-29     1.0064167831945821E-29   3.455579483075662E-30    1.1859067186084169E-30   4.067928189591936E-31    1.3947466330544453E-31   4.779941473197106E-32    1.637422339141919E-32    5.606800936446492E-33    1.91907102393861E-33     6.565887218232284E-34    2.2455721816518447E-34   7.67708640463168E-35     2.6236508540831616E-35   8.963137851469655E-36    3.060994803512908E-36    1.0450028866889426E-36   3.5663874101751614E-37   1.2167440995676905E-37   4.149853657857844E-38    1.414909936590885E-38    4.822308139559355E-39    1.6416086406432637E-39   5.538784519420381E-40    1.7098147746308917E-40   0
% Data
% c (mol/m^3) @ t=200, u1=0.03, u2=0.01, u3=0.01
1                         0.9684198248714597       0.9268338870167113       0.8750793171901615       0.8136823813208613       0.7438989539531841       0.6676688100244065       0.5874788013098983       0.5061455981661122       0.42654505373371465      0.3513285237444504       0.28267238112012527      0.22210230012667317      0.17041836725868825      0.1277244921009213       0.09354292287813079      0.06697903197636444      0.04689668857835916      0.03206930734734974      0.021281008395857174     0.013359758620170152     0.007914132944933809     0.004608274868266851     0.0026408900565992382    0.0014912826097207728    8.307298719002446E-4     4.569966687961794E-4     2.4851512405367964E-4    1.3371584442350214E-4    7.124887399372028E-5     3.76257579812922E-5      1.9707208980343985E-5    1.0244551265581044E-5    5.288839129978089E-6     2.713168718136405E-6     1.3837924345205368E-6    7.02024362630209E-7      3.544148916123241E-7     1.7812512419418528E-7    8.915617843166369E-8     4.445660386344169E-8     2.2090843048616745E-8    1.0942088047227769E-8    5.40393252677226E-9      2.661591549183677E-9     1.3076322515592885E-9    6.409516657668407E-10    3.134986109110321E-10    1.5303300126618314E-10   7.456516777010352E-11    3.6269790620716276E-11   1.761424006569954E-11    8.541609028242853E-12    4.136331669034649E-12    2.000461296732742E-12    9.663177497663746E-13    4.662486574714897E-13    2.2472590786023924E-13   1.0820671113521641E-13   5.205304024344741E-14    2.5017975655334164E-14   1.2014172580002358E-14   5.764889786410346E-15    2.7641518007717176E-15   1.3244129984732215E-15   6.341490163604597E-16    3.0344508226942984E-16   1.4511198818614608E-16   6.935431177535109E-17    3.31285436288145E-17     1.581615308582503E-17    7.547084801707752E-18    3.599540070203172E-18    1.7159837151643704E-18   8.1768508809190045E-19   3.894696746650374E-19    1.854314052908781E-19    8.825147767516626E-20    4.198520882936026E-20    1.9966985111928203E-20   9.492407636444734E-21    4.511214947328295E-21    2.1432318957716413E-21   1.0179074240426836E-21   4.832986581090769E-22    2.294011343028358E-22    1.088560190592457E-22    5.1640482484141654E-23   2.4491361937788642E-23   1.1612454930428571E-23   5.50461659359732E-24     2.6087067136426962E-24   1.2360077887887612E-24   5.854842046880585E-25    2.772656846867941E-25    1.3124922045952494E-25   6.205369645061224E-26    2.91833546607082E-26     1.336707407373958E-26    5.273351087553757E-27    0
% Data
% c (mol/m^3) @ t=300, u1=0.03, u2=0.01, u3=0.01
1                         0.9837127196690589       0.9619763579763335       0.9342556689768694       0.9002132541246477       0.8597645501602517       0.813119211534122        0.7608022131461736       0.703649479982317        0.6427753749540047       0.5795126990649802       0.5153295134948571       0.4517304388980851       0.39015239618291553      0.3318653466900356       0.277886982420755        0.22891632107355916      0.18528489009123383      0.146915912900105        0.11327179703553228      0.08325797906570158      0.058473582269842776     0.04041370087864311      0.02750471558610155      0.018444812073400343     0.01219578615223317      0.007955947493011324     0.005123824820961968     0.0032597500696640493    0.0020498475541566273    0.001274842797888858     7.845674825224332E-4     4.7804970415631315E-4    2.885391702317149E-4     1.725975796326319E-4     1.0236734475017538E-4    6.0224497584304284E-5    3.515992906736189E-5     2.037764964238812E-5     1.1728711445550593E-5    6.706353226761725E-6     3.8106905091549104E-6    2.1524602435638597E-6    1.2089439603093955E-6    6.753592552983331E-7     3.753465405797315E-7     2.0758865560787045E-7    1.1427392446668803E-7    6.262618901517136E-8     3.417572850534923E-8     1.857441540237132E-8     1.005601756274518E-8     5.424052720418922E-9     2.9152659267223955E-9    1.561544504254235E-9     8.337087666800984E-10    4.437278501179452E-10    2.3545973477895003E-10   1.2458524327555605E-10   6.573794229942316E-11    3.459490107587557E-11    1.8159297781028487E-11   9.508656506437875E-12    4.967209065075405E-12    2.588909578535454E-12    1.3463828555565627E-12   6.987177962227213E-13    3.6186717351149706E-13   1.8704312471211622E-13   9.649593598097628E-14    4.9691160771178083E-14   2.554341243109466E-14    1.3107923810160122E-14   6.715347775345921E-15    3.4348359327623688E-15   1.7541575947980683E-15   8.944943178334478E-16    4.554631474174741E-16    2.315874426824888E-16    1.175930003456421E-16    5.963077289308658E-17    3.0199445011926804E-17   1.5275076219694757E-17   7.716837993235205E-18    3.893874826798175E-18    1.9625721247466953E-18   9.880619064681855E-19    4.969021595486734E-19    2.4963104711014337E-19   1.25279376599875E-19     6.280954005302765E-20    3.14592105655767E-20     1.57418595721731E-20     7.86965475401576E-21     3.930371680804809E-21    1.960621064451378E-21    9.758036550205905E-22    4.8209931969167945E-22   2.3083636359570607E-22   9.41231378831191E-23     0
% Data
% c (mol/m^3) @ t=400, u1=0.03, u2=0.01, u3=0.01
1                         0.9907263765794823       0.9782628349674535       0.9621632055585883       0.9420327427133208       0.9175576024185637       0.8885337941150517       0.8548931255381972       0.8167234855989108       0.7742808666868265       0.7279908312260056       0.678437650854825        0.6263400055423619       0.5725127709049056       0.5178148163229132       0.4630825794847393       0.4090480992177037       0.3562377418412112       0.30484356152034164      0.2545525635861033       0.2043095108751358       0.15822037517136298      0.12087449375872039      0.09112815922140731      0.06782278159585953      0.04985094426701706      0.03620129461897541      0.025984380232060317     0.018442825491487694     0.012949756805038522     0.0089992939744424       0.0061924362105538295    0.004220980232887158     0.0028513723632242       0.0019097234318234781    0.0012686629123838057    8.362963611552406E-4     5.472510107442376E-4     3.5562678267028367E-4    2.2958720269048542E-4    1.4730061231370755E-4    9.395455817058351E-5     5.9598419529900383E-5    3.7609431214622E-5       2.3617824265788085E-5    1.4763677176826254E-5    9.189369117330246E-6     5.696825872567801E-6     3.518443532995872E-6     2.1654478215791755E-6    1.3283984870175797E-6    8.12440483290061E-7      4.954860297332148E-7     3.013958787029556E-7     1.8289167421102924E-7    1.1073411166463114E-7    6.690760229650986E-8     4.03503596294416E-8      2.429206251373992E-8     1.4601230128508002E-8    8.763581762249454E-9     5.252864548516107E-9     3.144739186014461E-9     1.88059322138794E-9      1.1234956658571065E-9    6.705874837144095E-10    3.999309857362062E-10    2.3833910269988397E-10   1.419444471357284E-10    8.4485837260545E-11      5.0259575247553324E-11   2.988461939056726E-11    1.7762048102981387E-11   1.0552978504310715E-11   6.26775666482856E-12     3.721524058931197E-12    2.2091035473751313E-12   1.3110257911277546E-12   7.778901980870783E-13    4.614747725731689E-13    2.7372203770441634E-13   1.6233500240067005E-13   9.626373299152404E-14    5.707790074865406E-14    3.384027745188667E-14    2.006160294713757E-14    1.189234956580618E-14    7.049267066449509E-15    4.1782833158761E-15      2.476464317166851E-15    1.4677359210252206E-15   8.698486614573703E-16    5.154760565316606E-16    3.054237255949363E-16    1.8088224274118094E-16   1.0697098274083176E-16   6.297243529715978E-17    3.65245288913031E-17     2.0142831740025043E-17   9.092407510361375E-18    0
% Data
% c (mol/m^3) @ t=500, u1=0.03, u2=0.01, u3=0.01
1                         0.994464651319847        0.9869887290724363       0.9772458776702636       0.9649122708667723       0.9496807732088289       0.9312767215924342       0.9094744762070274       0.8841135891378318       0.855113139632584        0.8224824980260556       0.7863265054416801       0.7468427739128789       0.704308471169543        0.6590534631158821       0.6114158976725692       0.5616750141369607       0.5099538679222219       0.45608140876814834      0.3993984954914127       0.338485434831533        0.278759051616044        0.22697575312315027      0.18275905928766897      0.14555425089226234      0.11468959954743078      0.08943157776386368      0.06903140743627412      0.05276164167719608      0.03994262944062741      0.029959595473115625     0.02227164892956427      0.016414329283850018     0.01199735659513984      0.008699138795683533     0.006259367016523257     0.0044707585679691275    0.0031707303644481514    0.0022335331333908468    0.0015631652475895626    0.0010872205241796045    7.517055420422926E-4     5.167832416606332E-4     3.5335306308713197E-4    2.4035559405433555E-4    1.6268430387424536E-4    1.09592336371019E-4      7.349383330006726E-5     4.9073487917228494E-5    3.263273971299986E-5     2.1614850388818872E-5    1.426332753367244E-5     9.37850648706986E-6      6.145561371532061E-6     4.013950456127699E-6     2.6135411931060005E-6    1.6966600479205734E-6    1.098314594195096E-6     7.090560672687688E-7     4.565717725348718E-7     2.9326643452824205E-7    1.8792656272482903E-7    1.2015222516866152E-7    7.665427443123009E-8     4.8802579378605726E-8    3.100915291396213E-8     1.966593950845877E-8     1.2449510084279575E-8    7.867485118518297E-9     4.963606886552407E-9     3.126559491043425E-9     1.966402752674677E-9     1.2349286690677375E-9    7.744630613834501E-10    4.850354860922191E-10    3.0337766744149945E-10   1.8951917717988564E-10   1.1825057422584103E-10   7.369770219494382E-11    4.588009448549419E-11    2.8532017229394417E-11   1.7725387754026216E-11   1.1000959116267662E-11   6.821070812552829E-12    4.2254861672250715E-12   2.6152736477770976E-12   1.6172882947569566E-12   9.993104766796643E-13    6.169759090676475E-13    3.8062889780234776E-13   2.346443437053638E-13    1.445430631615303E-13    8.897203843497106E-14    5.4717851591043413E-14   3.3608900175450103E-14   2.059214222827985E-14    1.2538833097275989E-14   7.501143305100805E-15    4.245320888902757E-15    1.9505441641183434E-15   0
% Data
% c (mol/m^3) @ t=600, u1=0.03, u2=0.01, u3=0.01
1                         0.9965438177766595       0.9918610553211297       0.9857230215296844       0.9778899115472485       0.9681169661579665       0.9561618452202932       0.9417928882167695       0.9247977226589493       0.9049914217808381       0.8822230981744499       0.8563794350834043       0.8273831771067635       0.7951839867934244       0.759738260786523        0.7209733966943427       0.678730478351583        0.6326772208788177       0.5821800425640686       0.5261199824711982       0.46263143350488245      0.39737193774776297      0.3380132139805556       0.28476423525565886      0.23763010006409124      0.19644379349919813      0.1609013741108628       0.1305978448634692       0.10506139742466152      0.08378426916940858      0.06624904580072834      0.05194981272184071      0.04040805474357774      0.03118359509152136      0.02388113853685707      0.018153143202423016     0.013699805954829024     0.01026692857567794      0.007642359554805087     0.0056516015888520305    0.004153056513571326     0.00303326179381557      0.0022023655643560037    0.0015899961235827816    0.0011416089466146674    8.153394899947014E-4     5.793515352628934E-4     4.0964596695346596E-4    2.8828083530119667E-4    2.0194755473431294E-4    1.4084770462217887E-4    9.781812931333267E-5     6.765733177829041E-5     4.661238787189176E-5     3.199200066336165E-5     2.187737488399174E-5     1.4908043064520801E-5    1.012449283291132E-5     6.853406710366672E-6     4.624572214215223E-6     3.11112622339691E-6      2.0868531085065283E-6    1.395852613966554E-6     9.311166209967019E-7     6.194796412525361E-7     4.1110081655561356E-7    2.72148681429572E-7      1.7973696139545783E-7    1.1843415859502366E-7    7.78679409946508E-8      5.10875230856264E-8      3.3448483387286864E-8    2.1856124378025772E-8    1.4253893413356109E-8    9.278650537840187E-9     6.0291112829650694E-9    3.910786434671588E-9     2.5324527338207165E-9    1.6372243754751522E-9    1.0567856038627567E-9    6.81080972408353E-10     4.3829273272674315E-10   2.816457065022184E-10    1.8073166400675443E-10   1.1581792111862153E-10   7.412165861497402E-11    4.7376073765034304E-11   3.024360505248444E-11    1.928340313305161E-11    1.2280699579356236E-11   7.812007451514184E-12    4.9637062317999185E-12   3.1502005995500743E-12   1.9966008744149756E-12   1.2631327042917045E-12   7.964770940305074E-13    4.984390338855611E-13    3.057078153239349E-13    1.766328467870064E-13    8.229936210336207E-14    0
% Data
% c (mol/m^3) @ t=700, u1=0.03, u2=0.01, u3=0.01
1                         0.9977721819154879       0.9947466632329788       0.9907640822156722       0.9856514404835462       0.9792242777899138       0.9712894394891818       0.9616482484634403       0.9500997430426166       0.936443441291129        0.9204808255513739       0.9020143895318502       0.8808426259103849       0.8567487167487662       0.8294798679396868       0.7987131272112517       0.7640020389000156       0.7246964749911882       0.6798252460676634       0.6279273736068451       0.5668128394732468       0.5017764084691753       0.440495957686703        0.3834839316015027       0.3310890062673444       0.2835042743962902       0.24078116020232232      0.2028475567562104       0.16952862070192704      0.14056872332219772      0.11565322077049557      0.09442894100885062      0.07652255938899835      0.06155631904184408      0.049160820846096964     0.0389848416361629       0.030702326550231755     0.024016837012348448     0.018663820702366014     0.014411109338963828     0.01105805231288661      0.008433668531041986     0.006394154606407539     0.004820033145736444     0.0036131672427862954    0.0026938115552715964    0.0019978200124662984    0.001474087254478897     0.0010822661221051174    7.907767839729302E-4     5.751036996520052E-4     4.163635328568597E-4     3.0011917363826377E-4    2.1541103893117655E-4    1.539757365509314E-4     1.0962309166234585E-4    7.774471175513559E-5     5.493013967145982E-5     3.866979953703068E-5     2.7127091248856354E-5    1.8964952129018216E-5    1.3214874702363713E-5    9.178699585741602E-6     6.355483644054373E-6     4.387392387104542E-6     3.0199130068738526E-6    2.072768282036251E-6     1.4187712799210996E-6    9.685342544066064E-7     6.594668048982537E-7     4.4789832044722474E-7    3.0346351002989843E-7    2.05118553260105E-7      1.383262555202878E-7     9.307525485905197E-8     6.249157884970215E-8     4.186905354704021E-8     2.799464494917706E-8     1.868064380248635E-8     1.2441357764678139E-8    8.270389216563965E-9     5.487679077018295E-9     3.6347757964675984E-9    2.4033307304596473E-9    1.5864140183545209E-9    1.0454565926792274E-9    6.87860847471442E-10     4.518748082481932E-10    2.96398076429274E-10     1.9412758473695626E-10   1.2695935477532548E-10   8.291041291762116E-11    5.406257104596316E-11    3.519146907291314E-11    2.2854002220053214E-11   1.4781477228246747E-11   9.475844893262236E-12    5.939835033996726E-12    3.4939652330547217E-12   1.6476349854392447E-12   0
% Data
% c (mol/m^3) @ t=800, u1=0.03, u2=0.01, u3=0.01
1                         0.9985317802445626       0.9965338929313433       0.9938945596785753       0.99048919630373         0.9861806094535188       0.9808193351532782       0.9742439560437236       0.9662811174939705       0.9567448006664186       0.9454341881962229       0.932129155643975        0.9165820125800306       0.8985035648571843       0.8775408250869591       0.8532426944789978       0.8250085846013873       0.7920131176439532       0.7530975686029638       0.7066153611780982       0.6502143861998889       0.588592979749139        0.528953931472224        0.47191131514107193      0.41796843350484914      0.36751326134293666      0.3208187996591487       0.2780478003454558       0.2392611400763111       0.20442900676961612      0.1734440130621366       0.1461353646926444       0.12228327860500922      0.10163295380218214      0.08390753356495191      0.06881964645069286      0.05608126251481176      0.04541173964885838      0.036544054825093056     0.029229311443445784     0.023239684862846173     0.018370014022588442     0.01443827018273292      0.011285137854881437     0.008772932211383207     0.0067840560115975555    0.005219171425407367     0.00399523155183619      0.0030434856958963257    0.0023075436031070556    0.0017415581787747247    0.0013085644515301086    9.789949064468667E-4     7.293776841559746E-4     5.412141530538935E-4     4.000255108357412E-4     2.945538033076307E-4     2.1610051117003894E-4    1.579851410982084E-4     1.1510662386764253E-4    8.359140304270406E-5     6.051360250014038E-5     4.367436988201252E-5     3.1429247453262884E-5    2.2554114185763995E-5    1.6141805982693963E-5    1.1522918213130746E-5    8.20551176287893E-6      5.82948147334863E-6      4.1322147236170594E-6    2.9228841821096637E-6    2.0633011609706796E-6    1.4537238056640656E-6    1.0223859802122994E-6    7.178049973472091E-7     5.031541374988305E-7     3.5216194430226303E-7    2.461352800556187E-7     1.7180589891200837E-7    1.1977801504428326E-7    8.341274770448878E-8     5.8028957800757505E-8    4.0332408199081056E-8    2.8009140542811096E-8    1.943658499186386E-8     1.347882242113553E-8     9.341824779157388E-9     6.471328226144154E-9     4.480932365604516E-9     3.101577527345718E-9     2.1461074160456124E-9    1.4844533127643895E-9    1.026280774245012E-9     7.088676617193146E-10    4.886399702298688E-10    3.3525612044695626E-10   2.274560609837479E-10    1.5011760462130265E-10   9.211587751821505E-11    4.468052354150328E-11    0
% Data
% c (mol/m^3) @ t=900, u1=0.03, u2=0.01, u3=0.01
1                         0.9990309624699252       0.9977095358358925       0.9959571281388664       0.9936839076213355       0.9907879606583375       0.9871543056554414       0.9826536020683798       0.9771402974469343       0.9704498194098174       0.9623942298999628       0.952755497499658        0.9412751852871089       0.9276388634724309       0.9114528930643017       0.8922103284823546       0.8692414711185584       0.8416429605379466       0.8081770629230398       0.7671297995777758       0.7161124677545615       0.6592008303727099       0.6029482913292441       0.5479672026492851       0.4948036678109432       0.44392736990771536      0.3957249238156193       0.3504967427033137       0.30845723210210785      0.2697379731999003       0.23439343929411127      0.202408710452762        0.17370861294196127      0.1481677101054812       0.12562060549495707      0.10587208038425784      0.08870666833509705      0.07389736082356213      0.061213232143867494     0.05042586201770754      0.041314515208662486     0.033670105334231065     0.02729802304477718      0.022019946382412257     0.017674774261289414     0.014118834333300228     0.011225516272855993     0.008884473213057277     0.007000520145724302     0.005492340793935103     0.0042910956745609175    0.003339005291109158     0.0025879647325606978    0.0019982301266713498    0.001537203809486255     0.0011783338711426339    9.001348727380571E-4     6.853298191401634E-4     5.201086573879436E-4     3.93495351649767E-4      2.9681365982004457E-4    2.2324081647659985E-4    1.6743815499227003E-4    1.2524805824579006E-4    9.344733206613357E-5     6.954800564751453E-5     5.1637570427070996E-5    3.82516947150505E-5      2.8273441644749745E-5    2.0853938256668287E-5    1.53502742369694E-5      1.127714153457731E-5     8.269360098528305E-6     6.052974776955938E-6     4.423061607436245E-6     3.2267575503884147E-6    2.3503359908089813E-6    1.70940072863252E-6      1.2414727608025813E-6    9.004051339414813E-7     6.521887432347033E-7     4.7181240178044124E-7    3.409190818866957E-7     2.460613373151081E-7     1.7740617762691121E-7    1.277760330963229E-7     9.194029895030843E-8     6.609318001949433E-8     4.746967556222486E-8     3.406373183199553E-8     2.4421770492013505E-8    1.7491690818676136E-8    1.2512595319887104E-8    8.934325339086595E-9     6.358737683892504E-9     4.496748503492875E-9     3.1366977705179403E-9    2.1206789196193574E-9    1.3262255959854951E-9    6.512089229720997E-10    0
% Data
% c (mol/m^3) @ t=1000, u1=0.03, u2=0.01, u3=0.01
1                         0.9993494607864041       0.9984604700756644       0.9972770091849931       0.9957335750760664       0.9937538827105795       0.991249259501635        0.9881165667675204       0.9842353994347423       0.9794641970905672       0.9736347344377259       0.9665442305947007       0.9579440021197221       0.9475231539486194       0.9348852148857848       0.9195148247064174       0.9007304934176297       0.8776179778533015       0.8489368175311376       0.8129898506749704       0.767441832714172        0.7157790284248694       0.6638450483078842       0.6121925880205364       0.5613417571400471       0.5117686986471109       0.4638963672295733       0.4180876881049685       0.3746411914338986       0.3337890939338847       0.29569768659823253      0.26046979183626373      0.22814897954633215      0.1987251823092669       0.17214132570655474      0.1483005894762214       0.12707393596475683      0.10830758007671035      0.0918301249282464       0.07745914473147146      0.06500705635684369      0.054286179404704475     0.04511293814427709      0.03731120496795074      0.03071482263059306      0.025169370945586113     0.020533262979378346     0.016678266881170512     0.013489553446187625     0.010865367694385283     0.008716416568250136     0.006965055674298873     0.005544347033432731     0.004397048094462911     0.0034745806177858664    0.0027360170532575597    0.00214711212117254      0.0016793986905493396    0.0013093598284838728    0.0010176830560564292    7.88598303090668E-4      6.09297671057965E-4      4.694327302382421E-4     3.6068352544940186E-4    2.763925803377896E-4     2.1125682243610443E-4    1.610703669025979E-4     1.2251138315259253E-4    9.296673294930024E-5     7.03886376527459E-5      5.3178250237914284E-5    4.009163329136691E-5     3.0164248774280193E-5    2.2650630155193968E-5    1.6976421570082504E-5    1.270042677766561E-5     9.484711853392343E-6     7.0711516903069055E-6    5.263105172063031E-6     3.911152126382471E-6     2.9020321016467056E-6    2.1500959441628527E-6    1.5907211891161962E-6    1.175256136742419E-6     8.671494198563335E-7     6.389956267554198E-7     4.7028636742082573E-7    3.4570282496638016E-7    2.538226440843661E-7     1.8614290830698365E-7    1.3634354095852535E-7    9.973302966006403E-8     7.283197088883769E-8     5.3060399717814886E-8    3.8502875859569744E-8    2.773135974663862E-8     1.9670427610815884E-8    1.349263205766902E-8     8.534008229037998E-9     4.220956204285135E-9     0
% Data
% c (mol/m^3) @ t=1100, u1=0.03, u2=0.01, u3=0.01
1                         0.9995539004334987       0.9989429838675543       0.9981265715364128       0.997056099979119        0.9956736751644268       0.9939102366862114       0.9916831652142959       0.9888930914727423       0.9854195599197566       0.9811150539646969       0.9757966870434094       0.9692345849922603       0.9611356025803321       0.9511204937135608       0.9386919403602736       0.9231898711285748       0.9037291732010342       0.8791130933706514       0.8477131606664429       0.8073031054852341       0.7608491256702115       0.7135078486231082       0.6657500802347159       0.6180370059228648       0.5708097734129468       0.5244801931686256       0.47942283755702053      0.43596874431684457      0.3944008480241475       0.3549511800823335       0.317799798208232        0.2830753348327275       0.25085699384900584      0.22117777924988719      0.19402870876887457      0.1693637508861223       0.14710522362087036      0.1271494066552196       0.10937214211361668      0.09363423095909423      0.07978646853340261      0.06767420144490749      0.05714132627859069      0.04803368638844753      0.040201854771617085     0.03350331769006685      0.027804094783948578     0.02297984684262497      0.01891653245851078      0.015510680044918975     0.012669342881990564     0.010309802777553048     0.008359083415207353     0.006753328286041596     0.005437090952779963     0.004362577855928379     0.00348887640137867      0.0027811940108600046    0.0022101274047003775    0.0017509757601093235    0.001383106609267725     0.0010893794109855227    8.556286045127558E-4     6.702055617466777E-4     5.235771049362201E-4     4.079770541582635E-4     3.171065156191135E-4     2.458782269198556E-4     1.9020015627675474E-4    1.4679363735378522E-4    1.1304154912829049E-4    8.68623713992816E-5      6.660632176340561E-5     5.097017889567465E-5     3.892779744341193E-5     2.9673706019512857E-5    2.2577541241846362E-5    1.7147401272773155E-5    1.3000498814683636E-5    9.839755299185952E-6     7.435205993730064E-6     5.609281947826986E-6     4.225201771185016E-6     3.17784716524021E-6      2.386613997487022E-6     1.7898285239300983E-6    1.3403989607929767E-6    1.0024385731905458E-6    7.486501035029105E-7     5.583047405480024E-7     4.15683689681233E-7      3.0887823792603016E-7    2.2886626739423814E-7    1.6880048077563746E-7    1.234569846643354E-7     8.880295723510344E-8     6.164934659123467E-8     3.935915348185085E-8     1.95838840545298E-8      0
% Data
% c (mol/m^3) @ t=1200, u1=0.03, u2=0.01, u3=0.01
1                         0.9996866110142317       0.9992565082084442       0.998679491604649        0.9979188137838023       0.9969297388728756       0.995657680852959        0.9940357570993928       0.9919815249682458       0.9893925743881467       0.9861405179183008       0.9820627381662421       0.9769510025772535       0.9705357125975084       0.9624640842919074       0.9522699146166912       0.9393317088605901       0.9228147444021513       0.9015910064084433       0.8741286915452849       0.8383399156681424       0.7967497506503893       0.7538903481176531       0.710148384589871        0.6659152517987735       0.6215784247022331       0.5775132591197935       0.5340754779007088       0.49159456646088157      0.45036825180072704      0.4106581865497011       0.3726869042344384       0.33663605693192566      0.3026458946656992       0.2708158998815449       0.24120645212505265      0.21384136903169465      0.18871115064557176      0.16577674494722358      0.14497365272215434      0.12621619845742124      0.10940180935238085      0.09441516507822015      0.08113210484063195      0.06942320386087408      0.05915695702164392      0.05020253179581101      0.04243207464919678      0.03572257415505354      0.029957299652988687     0.02502684627939695      0.020829825672895697     0.017273246880797864     0.014272634352801648     0.011751929873655384     0.009643223356400605     0.007886354084479305     0.00642841971254512      0.0052232255164304815    0.0042307013616272975    0.0034163089069745843    0.0027504568783957703    0.002207937976434339     0.0017673972063693584    0.001410838180845318     0.0011231712463748251    8.918051042220687E-4     7.06281892059777E-4      5.57954413055005E-4      4.397032857283969E-4     3.456911819838504E-4     2.711509652233367E-4     2.1220438293976466E-4    1.6570796185228783E-4    1.2912285813097336E-4    1.0040559667028696E-4    7.791686407319137E-5     6.034577809165973E-5     4.664732490652729E-5     3.599092235525044E-5     2.7718323210172494E-5    2.1309312013693554E-5    1.6353868272555346E-5    1.2529666279650897E-5    9.583957078919124E-6     7.319031675327238E-6     5.580597713398076E-6     4.248516093060754E-6     3.2294411556168164E-6    2.4509900166459483E-6    1.8571351736804461E-6    1.40457139627852E-6      1.059854683000671E-6     7.971491253672788E-7     5.964480238206246E-7     4.421594930069991E-7     3.2196475305849116E-7    2.258697150196811E-7     1.4537736665453174E-7    7.270944753326235E-8     0
% Data
% c (mol/m^3) @ t=0, u1=0.03, u2=0.01, u3=0.03
1                         -5.069401922627066E-8    2.724656709418857E-15    3.421885013855533E-20    5.1055724537486383E-26   5.831756625091726E-32    5.95228071258488E-38     5.707686170230607E-44    5.259823408206005E-50    4.715343799710165E-56    4.142543792545835E-62    3.5833774282293477E-68   3.0619695156077488E-74   2.5906042865195256E-80   2.1739009194871983E-86   1.8116935220212353E-92   1.5009909045016165E-98   1.2372872974977194E-104  1.0154190658112588E-110  8.301070463814905E-117   6.740440017280013E-123   4.884526389587588E-129   3.529884935857606E-135   2.5445963275296337E-141  1.830196342947341E-147   1.313662386177837E-153   9.411371852286897E-160   6.730877999641891E-166   4.8061668397583966E-172  3.4267813243233425E-178  2.439949179302131E-184   1.7350961659783695E-190  1.2324009454239914E-196  8.743792796431162E-203   6.197228552378571E-209   4.3880608562537623E-215  3.1042052159767787E-221  2.194087051198945E-227   1.5495442629656156E-233  1.0935034235871937E-239  7.736880763375509E-246   6.110719244482492E-252   4.823186364884499E-258   3.804565643780736E-264   2.9992900968603554E-270  2.3631229985841935E-276  1.8608866328986692E-282  1.4646361766752734E-288  1.1521941664645683E-294  9.05976329931507E-301    7.120523179566231E-307   5.5939540302E-313        4.5735E-319              0                        0                        0                        0                        0                        0                        0                        0                        0                        0                        0                        0                        0                        0                        0                        0                        0                        0                        0                        0                        0                        0                        0                        0                        0                        0                        0                        0                        0                        0                        0                        0                        0                        0                        0                        0                        0                        0                        0                        0                        0                        0                        0                        0                        0                        0                        0                        0
% Data
% c (mol/m^3) @ t=100, u1=0.03, u2=0.01, u3=0.03
1                         0.9235571163098386       0.8264881276084317       0.7135636185703715       0.5920086974691889       0.4703503617147758       0.3568743401736908       0.2581104233936843       0.17780906013419248      0.11671168641942828      0.0730970304986088       0.04378216726692642      0.025151134070479173     0.013902188627847195     0.007418791839909534     0.0038348735973761554    0.001926245540005541     9.4289126507173E-4       4.507087403041039E-4     2.0994662771318641E-4    9.24706470348837E-5      3.782691572090624E-5     1.5243241133106268E-5    6.060884577920017E-6     2.3811927187846755E-6    9.255396145259609E-7     3.5629787040766805E-7    1.359774808579069E-7     5.149006826418337E-8     1.9360015456396063E-8    7.232664833258122E-9     2.6862885154482007E-9    9.924094310623373E-10    3.6484635589241046E-10   1.3353191828467753E-10   4.8671223192749155E-11   1.7673120776375015E-11   6.3952130220616286E-12   2.307840460441294E-12    8.34032886816868E-13     3.122467184356639E-13    1.238379121403991E-13    4.8996894210274216E-14   1.9342291795996235E-14   7.619584245141965E-15    2.995663248259488E-15    1.175554913563156E-15    4.60497016432315E-16     1.8008883239538957E-16   7.031720553627531E-17    2.741492814188725E-17    1.0673244449049687E-17   4.1497349433788316E-18   1.6113405584666636E-18   6.2491927694334E-19      2.4207771395392526E-19   9.367054459496264E-20    3.6206800970185016E-20   1.3980936881703847E-20   5.393370679836243E-21    2.0786426441318187E-21   8.004082955630502E-22    3.0794357000633384E-22   1.1837860566806534E-22   4.5470704717599404E-23   1.7452579114270302E-23   6.693748119248255E-24    2.565503542428739E-24    9.826082998353845E-25    3.760999429309427E-25    1.4386364740352466E-25   5.499627188246044E-26    2.1011582820349238E-26   8.022987841433827E-27    3.0617761850195617E-27   1.1678266958632759E-27   4.452032791048503E-28    1.6963689446242458E-28   6.460571846785094E-29    2.4593292814851116E-29   9.357580556264105E-30    3.5589138570540394E-30   1.3529569185278418E-30   5.141246116944524E-31    1.9528814347515954E-31   7.415002866781725E-32    2.8143586556344367E-32   1.0677873016333173E-32   4.049781488974096E-33    1.535409162037322E-33    5.819241340183684E-34    2.2047642965681097E-34   8.350552817679928E-35    3.161761334630149E-35    1.1967593870803056E-35   4.528438955653885E-36    1.7128708388733417E-36   6.47163462447686E-37     2.4242960054623524E-37   8.32331894065843E-38     0
% Data
% c (mol/m^3) @ t=200, u1=0.03, u2=0.01, u3=0.03
1                         0.9684198248714597       0.9268338870167113       0.8750793171901614       0.8136823813208615       0.7438989539531842       0.6676688100244065       0.5874788013098984       0.506145598166112        0.4265450537337146       0.3513285237444504       0.28267238112012516      0.22210230012667317      0.17041836725868834      0.1277244921009213       0.09354292287813078      0.06697903197636446      0.046896688578359144     0.03206930734734974      0.021281008395857223     0.013359758620170307     0.007914132944934187     0.004608274868267746     0.002640890056601338     0.0014912826097256751    8.30729871911667E-4      4.5699666882276154E-4    2.485151241154692E-4     1.3371584456695727E-4    7.124887432634833E-5     3.762575875149565E-5     1.9707210761137502E-5    1.024455537647868E-5     5.288848603767515E-6     2.7131905112251012E-6    1.383842467964939E-6     7.021389880963296E-7     3.546768949587831E-7     1.7872251178346313E-7    9.051461638444536E-8     4.753666627242854E-8     2.605780744751878E-8     1.4240327470511655E-8    7.760283730925855E-9     4.217978237190575E-9     2.287102120137268E-9     1.2373687096999908E-9    6.680609083509883E-10    3.59998841643961E-10     1.936481394208107E-10    1.0399360499164805E-10   5.576095732873657E-11    2.985582223142923E-11    1.596408975769424E-11    8.52536888395876E-12     4.547476954438041E-12    2.4229680504359947E-12   1.289655359121948E-12    6.857645602956915E-13    3.643143324970291E-13    1.9337478889554088E-13   1.0255730433661628E-13   5.4349515108955924E-14   2.8780929874223305E-14   1.5230370411182818E-14   8.05430068694703E-15     4.256680802164683E-15    2.2482953166909473E-15   1.1868255829805248E-15   6.261568487010708E-16    3.3018149232313837E-16   1.740225953558311E-16    9.167506230829245E-17    4.827232217843756E-17    2.5407081715774267E-17   1.3366838704721072E-17   7.02954505045743E-18     3.695363399867805E-18    1.9418914805615024E-18   1.0200858239248966E-18   5.356710417174898E-19    2.8119964261777334E-19   1.475678147535958E-19    7.741652854512067E-20    4.0601822977183884E-20   2.1287838208148493E-20   1.115824649006608E-20    5.8471289891976325E-21   3.0632011127657094E-21   1.6043460818656158E-21   8.400666261139027E-22    4.397701241042866E-22    2.30163640507799E-22     1.2043353557985811E-22   6.300122038193368E-23    3.294450686977569E-23    1.72082068421997E-23     8.944583709809993E-24    4.53405000452196E-24     1.986390283009699E-24    0
% Data
% c (mol/m^3) @ t=300, u1=0.03, u2=0.01, u3=0.03
1                         0.9837127196690592       0.9619763579763335       0.9342556689768697       0.9002132541246478       0.8597645501602518       0.813119211534122        0.7608022131461737       0.703649479982317        0.6427753749540045       0.5795126990649802       0.5153295134948571       0.4517304388980853       0.3901523961829159       0.3318653466900366       0.2778869824207575       0.22891632107356547      0.1852848900912495       0.14691591290014333      0.11327179703562647      0.08325797906593252      0.05847358227037257      0.04041370087979245      0.027504715588558035     0.01844481207862079      0.012195786163288046     0.007955947516347903     0.00512382487007108      0.003259750172675479     0.0020498477695093374    0.0012748432465246855    7.845684137353699E-4     4.78051629659094E-4      2.8854313578551596E-4    1.726057125820651E-4     1.0238395178401084E-4    6.0258253201060905E-5    3.522821242341691E-5     2.0515084747595744E-5    1.2003872946746642E-5    7.2542157866027065E-6    4.530141041733669E-6     2.813235881616512E-6     1.7377407741091715E-6    1.0679567582638538E-6    6.531486209044581E-7     3.9760747916464164E-7    2.409742953791155E-7     1.454270499880603E-7     8.740938877686769E-8     5.233415277024483E-8     3.121751203665846E-8     1.8555184192955223E-8    1.0991335011854772E-8    6.489551874939492E-9     3.819581177710368E-9     2.2413424524868337E-9    1.3114264668744206E-9    7.651948999700339E-10    4.452861681422393E-10    2.5845777820031197E-10   1.4964606007178482E-10   8.643828852068004E-11    4.981385553841587E-11    2.8643979218657195E-11   1.6435769887934037E-11   9.411371633075804E-12    5.378399554143725E-12    3.06775094936638E-12     1.7465550392698621E-12   9.925823002733243E-13    5.6311688339112E-13      3.1893550810812693E-13   1.8034451151078953E-13   1.0181718956023712E-13   5.739562654816758E-14    3.230698929282525E-14    1.8159076270942003E-14   1.0192702506040806E-14   5.71348691134293E-15     3.1985020147108003E-15   1.788306785289765E-15    9.98626875728519E-16     5.569875538925022E-16    3.1030110688079303E-16   1.72675511851426E-16     9.598452586129774E-17    5.329760202639581E-17    2.9563954174295244E-17   1.6382407648743343E-17   9.069111974570917E-18    5.015734274517777E-18    2.7713844808608597E-18   1.5298809918729412E-18   8.437375740198435E-19    4.647968779546102E-19    2.5550510232164345E-19   1.3949801032580276E-19   7.392439828755025E-20    3.3482419849738886E-20   0
% Data
% c (mol/m^3) @ t=400, u1=0.03, u2=0.01, u3=0.03
1                         0.9907263765794824       0.9782628349674536       0.9621632055585886       0.9420327427133212       0.9175576024185639       0.8885337941150532       0.8548931255382002       0.8167234855989172       0.7742808666868404       0.7279908312260361       0.678437650854891        0.6263400055425057       0.5725127709052167       0.517814816323587        0.463082579486197        0.4090480992208557       0.356237741848021        0.30484356153504244      0.25455256361780904      0.20430951094344865      0.15822037530994346      0.12087449402437997      0.09112815972165264      0.06782278253156615      0.04985094601147756      0.036201297863604605     0.025984386253996135     0.018442836643422767     0.01294977740876483      0.008999331944926074     0.0061925059963195755    0.0042211081173713924    0.002851605980049071     0.001910148761600224     0.0012694344875147352    8.376906473151691E-4     5.497601944982019E-4     3.601225156274779E-4     2.3760456790464262E-4    1.6152706263503555E-4    1.1271716658875528E-4    7.826097370045002E-5     5.407923983923152E-5     3.720164648323039E-5     2.5483104937638555E-5    1.738639800396292E-5     1.1817852532555724E-5    8.004603416124583E-6     5.403934017258156E-6     3.636988341462082E-6     2.4407548759467184E-6    1.6335845075656818E-6    1.0906241988028253E-6    7.264433948020689E-7     4.828306068844779E-7     3.2027545614660053E-7    2.120577665085758E-7     1.4016789753847863E-7    9.250505060517194E-8     6.096211794591467E-8     4.012215105193086E-8     2.637463802276565E-8     1.7318583060341503E-8    1.1360674287816522E-8    7.445625177549103E-9     4.8757352257843456E-9    3.190471012946818E-9     2.0862988192794515E-9    1.3634337828145925E-9    8.905409437425888E-10    5.813802832858113E-10    3.7938089519557315E-10   2.47468310951354E-10     1.613656573607936E-10    1.0518812280068722E-10   6.854905694200699E-11    4.466106683696781E-11    2.90912121484047E-11     1.8945701781672915E-11   1.2336320000655023E-11   8.031477628175491E-12    5.2281504182585365E-12   3.4029103981718193E-12   2.2146699569268822E-12   1.4412161002340361E-12   9.37811754369974E-13     6.102011324227118E-13    3.970131063303962E-13    2.5829396778747637E-13   1.680363917545397E-13    1.0931299863134032E-13   7.110699737296226E-14    4.624821292244444E-14    3.006868573689275E-14    1.952603311199434E-14    1.2629588025627655E-14   8.059782837572944E-15    4.904918688240336E-15    2.4560602012391986E-15   0
% Data
% c (mol/m^3) @ t=500, u1=0.03, u2=0.01, u3=0.03
1                         0.9944646513198488       0.9869887290724415       0.9772458776702754       0.964912270866798        0.9496807732088823       0.9312767215925447       0.9094744762072555       0.8841135891383022       0.8551131396335527       0.822482498028049        0.7863265054457753       0.74684277392128         0.704308471186752        0.6590534631510788       0.6114158977444419       0.5616750142834829       0.5099538682204124       0.4560814093739132       0.399398496719703        0.33848543731723935      0.2787590563624317       0.22697576167486025      0.18275907437331332      0.1455542772622968       0.11468964541257423      0.08943165724890238      0.06903154474576523      0.052761878136209556     0.039943035342652575     0.029960289927292442     0.02227283295134405      0.016416340692816295     0.012000760616652815     0.008704876766536609     0.006268999046425032     0.004486857107692757     0.0031975144267032516    0.002277883395261906     0.0016362371690450718    0.0012069884737426653    9.089404101643604E-4     6.810545770464253E-4     5.078401864982744E-4     3.7692369194617715E-4    2.7851048772754497E-4    2.049130999233883E-4     1.5014605116858758E-4    1.0958413268469109E-4    7.967866882244097E-5     5.772522768696002E-5     4.167584949932309E-5     2.9989001484498E-5       2.151093619903607E-5     1.538278412932062E-5     1.096844488158273E-5     7.799081123671951E-6     5.530718778531641E-6     3.912088986909008E-6     2.760399667257398E-6     1.94319455612117E-6      1.3648491068263635E-6    9.565728209500975E-7     6.690454245763718E-7     4.670191264833249E-7     3.253799708476425E-7     2.2628615560361852E-7    1.5709722618990872E-7    1.0888128552893137E-7    7.534276032997339E-8     5.205487028257393E-8     3.591198661038566E-8     2.4740081157927713E-8    1.7020434527248855E-8    1.1694214711560684E-8    8.02461776769622E-9      5.4998577592716125E-9    3.765063681811216E-9     2.5745775611378708E-9    1.7586140891439504E-9    1.2000057194878733E-9    8.18014054123203E-10     5.570813452333559E-10    3.790284965135032E-10    2.576527688820503E-10    1.7499317907285167E-10   1.1875278552839406E-10   8.052213246876288E-11    5.4556593496519914E-11   3.693606418254959E-11    2.4988185795403463E-11   1.6892939279014072E-11   1.1411880176223313E-11   7.702891000172167E-12    5.193480736121728E-12    3.494006380542881E-12    2.3378485528115705E-12   1.5392660882438641E-12   9.617702674778952E-13    4.90424368155995E-13     0
% Data
% c (mol/m^3) @ t=600, u1=0.03, u2=0.01, u3=0.03
1                         0.9965438177767034       0.9918610553212485       0.9857230215299442       0.9778899115477839       0.9681169661590464       0.9561618452224547       0.9417928882210774       0.9247977226675146       0.904991421797834        0.882223098208112        0.8563794351499526       0.8273831772380775       0.7951839870520326       0.7597382612948069       0.7209733976912988       0.6787304803028732       0.6326772246896004       0.5821800499895015       0.5261199969060436       0.4626314614980344       0.39737198905931087      0.33801330266871543      0.2847643850168305       0.2376303502232376       0.1964442087698806       0.16090206038212984      0.13059897458894912      0.10506325024113566      0.0837872965465674       0.06625397340172946      0.05195780159574363      0.040420953735870846     0.03120433377366951      0.023914335133959633     0.018206039132672592     0.013783692828415387     0.01039931188307078      0.007850215296606896     0.0059762402894124895    0.004657329579448153     0.003690462692980284     0.0029095608776416038    0.0022826432547747816    0.0017822714646733822    0.0013851471354209585    0.00107167907501728      8.255440050762542E-4     6.332588976849898E-4     4.83777751481479E-4      3.6812114000619393E-4    2.7904316526772537E-4    2.1073754963006513E-4    1.585824405610023E-4     1.1892199289937637E-4    8.888182413196264E-5     6.621489970064869E-5     4.9174194481712283E-5    3.640850239319936E-5     2.6877952363152906E-5    1.978607449570381E-5     1.4525598258726342E-5    1.0635520455939961E-5    7.767330701575833E-6     5.658610570075464E-6     4.112520509877925E-6     2.9819517314858428E-6    2.157347708399691E-6     1.557392994689371E-6     1.1219284509999208E-6    8.065850825996907E-7     5.787371917153516E-7     4.144630540604105E-7     2.9627123888244245E-7    2.1140606160303888E-7    1.505891670808298E-7     1.0708818299956355E-7    7.602968367583964E-8     5.389395825310434E-8     3.814458402952658E-8     2.695761399003407E-8     1.9024134087385307E-8    1.3406691821560011E-8    9.435161663751136E-9     6.6313981911447754E-9    4.654846017419663E-9     3.263365871322188E-9     2.28508096179593E-9      1.5981855285101586E-9    1.1164927271198097E-9    7.791102494571255E-10    5.430780248539659E-10    3.781266527085993E-10    2.6295016254405435E-10   1.8255592964889443E-10   1.263750622555247E-10    8.689987436151181E-11    5.86677817416033E-11     3.743418642562494E-11    1.9363806609962507E-11   0
% Data
% c (mol/m^3) @ t=700, u1=0.03, u2=0.01, u3=0.03
1                         0.9977721819159943       0.9947466632343301       0.9907640822185635       0.9856514404893469       0.979224277801285        0.9712894395112616       0.9616482485061124       0.9500997431248365       0.9364434414491694       0.9204808258544809       0.9020143901119131       0.8808426270180149       0.8567487188590193       0.8294798719508483       0.7987131348175726       0.7640020532886708       0.7246965021416938       0.6798252971673253       0.6279274695270042       0.566813019038408        0.5017767267153737       0.4404964893720738       0.3834847979146124       0.33109040051133376      0.28350650204774647      0.240784700900505        0.20285315961674322      0.16953745001593387      0.1405825800092108       0.1156748770388939       0.09446264311626741      0.07657477834088544      0.06163686442388277      0.04928448261384384      0.03917379362303506      0.03098962016237001      0.02445144215919544      0.019317843378245776     0.015390043194087087     0.012515218499952843     0.010316355500463064     0.008462234840220264     0.006908043568463317     0.0056127802171522965    0.004539383441334747     0.0036547300814069083    0.0029295282534159113    0.002338130352400528     0.0018582889815473816    0.0014708761835089499    0.0011595832933893819    9.106155405102627E-4     7.123924178156122E-4     5.552619693896815E-4     4.312346160678977E-4     3.33739996056753E-4      2.574085532981913E-4     1.9787824469538854E-4    1.5162572348681385E-4    1.1582064465520616E-4    8.820127955324656E-5     6.696937138960451E-5     5.070206463890651E-5     3.82787588116366E-5      2.8820835457369646E-5    2.1642358206039697E-5    1.6210026531500435E-5    1.2110857634851377E-5    9.026264956875125E-6     6.711387782582188E-6     4.978698739317285E-6     3.6850716467000638E-6    2.7216298596190044E-6    2.0058149220958838E-6    1.4752178330510984E-6    1.0828018507934015E-6    7.932181481650263E-7     5.799754971147502E-7     4.232742173794186E-7     3.083544828376152E-7     2.242412152134808E-7     1.627935199670374E-7     1.1798707641354456E-7    8.537406213571666E-8     6.167789646760159E-8     4.449001729038702E-8     3.204362643422169E-8     2.3045313969070115E-8    1.6550074280795157E-8    1.186875653092985E-8     8.4996868304403E-9       6.078246437661121E-9     4.339734781426108E-9     3.0919979021668495E-9    2.1951399392404253E-9    1.5462031639349535E-9    1.0670066879841358E-9    6.933220226717832E-10    3.6307969780268286E-10   0
% Data
% c (mol/m^3) @ t=800, u1=0.03, u2=0.01, u3=0.03
1                         0.9985288170630661       0.9965269542497918       0.9938825032405951       0.9904707752377302       0.9861545114432017       0.9807842366238304       0.9741985917414936       0.9662243648394502       0.9566757771149543       0.9453523586484723       0.932034445848031        0.9164749236309724       0.8983852835174023       0.8774133249090892       0.8531088237704191       0.8248721392251213       0.7918788995247092       0.7529714345301027       0.70650427093716         0.6501264641054478       0.5885339208569138       0.5289251272839514       0.47191267436942597      0.41799861575525094      0.36757004064825205      0.3208995495568478       0.27815009697307164      0.23938349103594697      0.20457173225759528      0.17361033302075773      0.14633278282282827      0.12252540277773068      0.10194195524470367      0.08431752762735202      0.069381380304328        0.0568686254418071       0.04653077633156548      0.0381453687063144       0.03152500160702339      0.026526273415640757     0.022569959749627326     0.019115408896152524     0.016115982146893196     0.013526164681193243     0.011302214922751866     0.009402675553143818     0.0077887508356700545    0.006424559603958344     0.0052772766701026       0.004317177559394592     0.0035176025075671384    0.0028548557336620707    0.00230805532261606      0.0018589478159491701    0.001491700004974119     0.0011926786155696824    9.502267059280388E-4     7.544437778250823E-4     5.969749072727968E-4     4.7081268419054626E-4    3.7011444197494097E-4    2.9003616665833505E-4    2.2658359742243523E-4    1.7648035107720395E-4    1.37052401720885E-4      1.0612789870783421E-4    8.195108574748096E-5     6.310896661205877E-5     4.846932559575975E-5     3.712873319539613E-5     2.8369232065594567E-5    2.1622490736759626E-5    1.6440321337522297E-5    1.247057371036881E-5     9.437535204812034E-6     7.126078356348295E-6     5.368904463834885E-6     4.0363278605179865E-6    3.0281324864746956E-6    2.2671089686748762E-6    1.6939470521533752E-6    1.2632154850724478E-6    9.402101250369763E-7     6.984919890335217E-7     5.179711301837519E-7     3.83420486868675E-7      2.8332705697375225E-7    2.0900667306561595E-7    1.5392398174780431E-7    1.1317156439973356E-7    8.307199265887938E-8     6.087442051078085E-8     4.452341910941954E-8     3.248240914399331E-8     2.3597370184507097E-8    1.6988470238098818E-8    1.195755070377959E-8     7.897225209647618E-9     4.181009555980305E-9     0
% Data
% c (mol/m^3) @ t=900, u1=0.03, u2=0.01, u3=0.03
1                         0.9990195692200151       0.997682864259716        0.9959108052093419       0.9936131746367796       0.9906878287149394       0.9870197680553949       0.9824799041727788       0.9769232605106146       0.9701862104930697       0.9620821654630191       0.9523948643174996       0.9408680595519573       0.9271899081036032       0.9109697149987058       0.8917037825916694       0.868725905624394        0.8411364102139207       0.8077014103703416       0.7667109404097112       0.7157805313710929       0.6589767323390231       0.6028367750332357       0.5479673934956932       0.4949098715533586       0.4441302754339643       0.3960131450637173       0.35085863816675306      0.3088829602494929       0.2702217782833095       0.2349362139514225       0.20302094847198687      0.1744139470476396       0.14900732584117057      0.12665893442185952      0.10720430625548885      0.0904687320608012       0.07627932807157413      0.0644770956588153       0.05492909292901228      0.04754095591751493      0.041531464204568776     0.036134124808196784     0.031311520643602875     0.027024340594597445     0.02323222557563441      0.01989454181513338      0.016971066432264714     0.01442257583207884      0.012211332536948363     0.010301470579273967     0.00865928335233874      0.0072534207779261445    0.006055004790386043     0.005037673499080221     0.00417756505485019      0.0034532523163215514    0.002845639005723551     0.0023378272804689343    0.0019149656387067236    0.001564084925158855     0.0012739289931356715    0.001034785378192881     8.383202001335925E-4     6.774204690132288E-4     5.460460497456677E-4     4.3909274961134736E-4    3.522673350976452E-4     2.8197475391838594E-4    2.2521742490519056E-4    1.795061499555693E-4     1.4278198411654588E-4    1.1334825760722913E-4    8.981186307269594E-5     7.103288961705092E-5     5.6081690598329235E-5    4.420250477063379E-5     3.478280172617726E-5     2.732758586374942E-5     2.143796285311193E-5     1.6793344599161072E-5    1.3136739940486022E-5    1.0262646554202827E-5    8.007123328493378E-6     6.239680933749645E-6     4.856681046338664E-6     3.775981559032278E-6     2.9326062836121284E-6    2.2752533972833485E-6    1.7634875663927312E-6    1.3654866722806799E-6    1.0562356822819508E-6    8.160776268939224E-7     6.295447573663961E-7     4.844011603882164E-7     3.708298941218429E-7     2.8068996346185253E-7    2.067451316474925E-7     1.4171632482428146E-7    7.691122651739798E-8     0
% Data
% c (mol/m^3) @ t=1000, u1=0.03, u2=0.01, u3=0.03
1                         0.9993428224972652       0.9984449209171455       0.9972499773172507       0.9956922413427675       0.9936952620242705       0.991170314166319        0.9880143526709114       0.9841072441230854       0.9793079066016492       0.9734488236268388       0.9663281698300782       0.957698471994624        0.9472502994408963       0.9345888915850942       0.9192008326956775       0.900406799471495        0.877294934111845        0.8486273950868501       0.8127099201849752       0.7672105424330681       0.7156112973601427       0.6637473310946949       0.6121688919077792       0.5613942167044943       0.511898486863736        0.4641049531586302       0.4183784631649443       0.37502150889259755      0.3342728009608023       0.29630827584378283      0.26124436082480235      0.22914326205728497      0.20002000743972373      0.17385096876969616      0.15058360578946056      0.13014721541820817      0.11246452832574923      0.09746406652246768      0.08509325350388033      0.07533234590517426      0.06721654616766053      0.059759756900363205     0.052940403994792336     0.04673280523919087      0.04110790300299872      0.03603400390011401      0.03147750317580812      0.027403574635439017     0.02377681047634017      0.02056179914518592      0.017723633094905804     0.01522834186791783      0.013043249139565755     0.011137255116012369     0.009481047936773136     0.008047249464680595     0.006810502068740278     0.005747503756339264     0.00483699934622006      0.004059735358484912     0.003398386002804833     0.002837457140352809     0.002363174443600093     0.001963361238728834     0.001627310737113255     0.0013456565849497325    0.0011102449143654293    9.140103873533482E-4     7.508581002224187E-4     6.155526690122127E-4     5.03615348351134E-4      4.112296463129419E-4     3.351555817486453E-4     2.7265248211914763E-4    2.2141003159880214E-4    1.794871431755815E-4     1.4525813660363785E-4    1.173656486516376E-4     9.467967599043646E-5     7.626214785852041E-5     6.133643971922916E-5     4.926126568696161E-5     3.950842255060735E-5     3.164389849648418E-5     2.5311902520338953E-5    2.0221413969343104E-5    1.6134894074987326E-5    1.2858841462016993E-5    1.0235910365021678E-5    8.138342554853206E-6     6.462490365511996E-6     5.124226539056395E-6     4.055043137345009E-6     3.198629864407674E-6     2.5076798808969965E-6    1.9405771737249406E-6    1.4574354534649582E-6    1.0146159607392216E-6    5.562285380396268E-7     0
% Data
% c (mol/m^3) @ t=1100, u1=0.03, u2=0.01, u3=0.03
1                         0.9995495857774777       0.9989328658396013       0.9981089476505326       0.9970290783168373       0.9956352163567593       0.9938582157644104       0.9916154549229793       0.988807667831998        0.9853146299069373       0.9809892042707233       0.9756490520980892       0.9690650320558561       0.9609449319309022       0.9509106531615057       0.9384662559368775       0.9229533004324478       0.9034885954328834       0.8788776619146939       0.8474947623943356       0.8071169993947337       0.7607091149153382       0.7134231780870621       0.6657296366726535       0.6180899288732451       0.570946424373596        0.5247135428094093       0.4797703475046739       0.43645484531217754      0.39506015140648154      0.3558326058644884       0.3189718616032769       0.28463290497900257      0.2529299244815259       0.22394191177373782      0.197719863829321        0.17429545477193795      0.15369105953470028      0.13593103573667692      0.121054201254535        0.10912747806066488      0.09903032697355257      0.08957788471835507      0.0807666560945086       0.07258797170098824      0.06502842754562449      0.05807039146513185      0.05169255735688466      0.045870528250366666     0.04057741006718683      0.035784399403114425     0.0314613506613978       0.02757731021263817      0.024101007794674088     0.02100129795091108      0.018247546811624465     0.015809961848423613     0.013659864301841977     0.011769905746375597     0.010114231690756315     0.008668596209327362     0.007410432375796667     0.006318883749196827     0.005374802378466482     0.0045607187869218515    0.003860789213363226     0.003260725064496311     0.0027477091130489757    0.0023103024927958664    0.0019383460262272089    0.0016228588981700644    0.0013559371794175095    0.0011306542235005753    9.409645177904543E-4     7.816121738456599E-4     6.480448947141058E-4     5.363339594895256E-4     4.431005164735078E-4     3.654482729744417E-4     3.009025082305135E-4     2.473552117128221E-4     2.0301605740170054E-4    1.6636886076010663E-4    1.3613312443010712E-4    1.1123025679715196E-4    9.075404046708341E-5     7.394493165548069E-5     6.0167782991255994E-5    4.8892597811773105E-5    3.9677939891129355E-5    3.215663401078893E-5     2.6023393245300152E-5    2.1023988007811207E-5    1.69455127652434E-5      1.3607179853226437E-5    1.0850825720211537E-5    8.529865650389484E-6     6.494625791713999E-6     4.570549617183075E-6     2.5232551226674544E-6    0
% Data
% c (mol/m^3) @ t=1200, u1=0.03, u2=0.01, u3=0.03
1                         0.9996839328308728       0.999250219752026        0.9986685148215158       0.9979019333167483       0.9969056207087533       0.9956249027941738       0.9939928527927457       0.9919270430706881       0.9893251542877964       0.9860589833359793       0.9819662100585311       0.9768390332324024       0.9704084439422775       0.9623224356386794       0.9521158090314904       0.9391683540394897       0.9226469949951487       0.9014258526328763       0.8739759476562098       0.8382132277008327       0.7966631582229604       0.7538558776360342       0.7101797686230565       0.6660287764929825       0.6217941783031119       0.5778568761059204       0.5345804946642769       0.49230553264341603      0.45134477748789326      0.41198015063046534      0.37446110424534934      0.3390046462962116       0.3057970297135547       0.2749971062561641       0.2467413173903924       0.2211502739824751       0.19833686348769067      0.17841581648691243      0.161514661870336        0.14778599896526948      0.13598793578873022      0.12476977783144648      0.11414435989073199      0.1041194225362773       0.09469772132326106      0.08587722636529573      0.07765140215267731      0.07000955554822169      0.06293723856729817      0.056416691858132424     0.05042731471489399      0.044946147921479884     0.039948356657604205     0.03540770200537468      0.03129699117151447      0.027588498285307825     0.024254349448688713     0.021266867516664154     0.01859887380114057      0.0162239454622829       0.014116628737735124     0.01225260933562261      0.010608842270414308     0.009163644151610084     0.007896751453744301     0.0067893486196698525    0.005824069999935888     0.004984979634753162     0.004257532768226599     0.0036285227736198187    0.0030860168883652234    0.0026192838310478417    0.0022187160195804383    0.001875748747093111     0.0015827783133932102    0.0013330807658930449    0.001120732582526731     9.405343357474897E-4     7.87938114407732E-4      6.589792505569899E-4     5.502127008552994E-4     4.5865426613861095E-4    3.8172669553442995E-4    3.172106105489857E-4     2.632000962644843E-4     2.1806273709439216E-4    1.8040381848961185E-4    1.490343672377082E-4     1.2294265283723475E-4    1.0126870793977158E-4    8.328132670205745E-5     6.835683277295907E-5     5.595861767245166E-5     4.561594052718453E-5     3.6899589081747825E-5    2.93904511048147E-5      2.2634356941930498E-5    1.6071908613656634E-5    8.924004607361316E-6     0
% Data
% c (mol/m^3) @ t=0, u1=0.03, u2=0.01, u3=0.05
1                         -5.069401922627066E-8    2.724656709418857E-15    3.421885013855533E-20    5.1055724537486383E-26   5.831756625091726E-32    5.95228071258488E-38     5.707686170230607E-44    5.259823408206005E-50    4.715343799710165E-56    4.142543792545835E-62    3.5833774282293477E-68   3.0619695156077484E-74   2.5906042865195252E-80   2.1739009194871983E-86   1.811693522021235E-92    1.5009909045016165E-98   1.2372872974977194E-104  1.0154190658112588E-110  8.301070463814905E-117   6.740440017280013E-123   4.884526389587588E-129   3.529884935857605E-135   2.5445963275296337E-141  1.830196342947341E-147   1.313662386177837E-153   9.411371852286897E-160   6.730877999641891E-166   4.8061668397583966E-172  3.426781324323342E-178   2.439949179302131E-184   1.7350961659783695E-190  1.2324009454239914E-196  8.743792796431162E-203   6.197228552378571E-209   4.388060856253763E-215   3.104205215976779E-221   2.194087051198945E-227   1.5495442629656156E-233  1.0935034235871954E-239  7.762584973052179E-246   6.860125204222309E-252   6.058607851184511E-258   5.347401863080059E-264   4.7168820741944044E-270  4.158354864707795E-276   3.663985067730901E-282   3.2267252104227827E-288  2.8402478507956744E-294  2.4988815152218716E-300  2.1975505416646113E-306  1.93171907664E-312       1.66163E-318             0                        0                        0                        0                        0                        0                        0                        0                        0                        0                        0                        0                        0                        0                        0                        0                        0                        0                        0                        0                        0                        0                        0                        0                        0                        0                        0                        0                        0                        0                        0                        0                        0                        0                        0                        0                        0                        0                        0                        0                        0                        0                        0                        0                        0                        0                        0                        0
% Data
% c (mol/m^3) @ t=100, u1=0.03, u2=0.01, u3=0.05
1                         0.9235571163098386       0.8264881276084317       0.7135636185703715       0.592008697469189        0.4703503617147759       0.35687434017369074      0.25811042339368434      0.17780906013419248      0.11671168641942828      0.07309703049860881      0.04378216726692644      0.025151134070479184     0.013902188627847199     0.007418791839909536     0.003834873597376156     0.0019262455400055418    9.428912650717309E-4     4.507087403041042E-4     2.0994662771318652E-4    9.247064703488371E-5     3.7826915720906255E-5    1.5243241133106268E-5    6.060884577920017E-6     2.3811927187846755E-6    9.255396145259612E-7     3.5629787040766926E-7    1.3597748085791115E-7    5.149006826419699E-8     1.936001545643967E-8     7.23266483339781E-9      2.6862885158949717E-9    9.924094324891337E-10    3.6484636044197553E-10   1.3353193276810824E-10   4.8671269221190694E-11   1.767326678895621E-11    6.39567531309721E-12     2.3093011216609975E-12   8.386379451413577E-13    3.2673142462734936E-13   1.4202045279672713E-13   6.159035287350906E-14    2.665247419786631E-14    1.1510160436191047E-14   4.9613000676584695E-15   2.1346512908388485E-15   9.168937084219346E-16    3.931982109204477E-16    1.683609552939903E-16    7.19850966556651E-17     3.073595546533082E-17    1.310638869289175E-17    5.5818580852900665E-18   2.374429644367578E-18    1.0089002362197705E-18   4.2822065966902537E-19   1.8156750411761098E-19   7.69093383134035E-20     3.254682238607546E-20    1.3760800428400473E-20   5.813000726656797E-21    2.4535430896724968E-21   1.0347556728722914E-21   4.360598831361142E-22    1.8362477427565215E-22   7.726897969686479E-23    3.249220150691151E-23    1.365412434339194E-23    5.734155483415716E-24    2.406609312262996E-24    1.0094420075828405E-24   4.2316085955352145E-25   1.772908011332378E-25    7.423887320042869E-26    3.1070517572088465E-26   1.2997047080403825E-26   5.4340896307034844E-27   2.27091724551377E-27     9.485810390127632E-28    3.960519279210524E-28    1.6528752213196605E-28   6.895149585054994E-29    2.875201012625304E-29    1.1984464270926229E-29   4.993438654011212E-30    2.079773737865042E-30    8.659087941399327E-31    3.6038950738512525E-31   1.4994090447342416E-31   6.236199942938486E-32    2.5928394119698954E-32   1.077681718571723E-32    4.4778360309378477E-33   1.8599948380316517E-33   7.723635110661964E-34    3.2060749778103065E-34   1.3294848200951666E-34   5.469633962379742E-35    2.0692534989120848E-35   0
% Data
% c (mol/m^3) @ t=200, u1=0.03, u2=0.01, u3=0.05
1                         0.9684198248714597       0.9268338870167113       0.8750793171901615       0.8136823813208613       0.7438989539531841       0.6676688100244065       0.5874788013098983       0.5061455981661122       0.4265450537337146       0.35132852374445034      0.28267238112012516      0.22210230012667312      0.1704183672586883       0.12772449210092132      0.09354292287813085      0.0669790319763645       0.04689668857835918      0.03206930734734978      0.021281008395857292     0.013359758620170456     0.00791413294493455      0.004608274868268603     0.0026408900566033374    0.0014912826097303342    8.307298719225186E-4     4.5699666884801033E-4    2.485151241741509E-4     1.3371584470317727E-4    7.124887464215287E-5     3.7625759482627E-5       1.9707212451301624E-5    1.0244559277440115E-5    5.28885759195506E-6      2.7132111828036537E-6    1.3838899155401338E-6    7.022476619261368E-7     3.5492522625975044E-7    1.7928855691956495E-7    9.180136349088129E-8     5.045314210706047E-8     3.0018917754220565E-8    1.781043281349922E-8     1.053943592647707E-8     6.221670851695328E-9     3.6645432247042098E-9    2.1539013793185514E-9    1.2635401595627925E-9    7.398919229123466E-10    4.325310787199169E-10    2.524558422396787E-10    1.4713559977320599E-10   8.563587289480309E-11    4.977798215226454E-11    2.8899962959183797E-11   1.6759757462491677E-11   9.709079085570336E-12    5.618951510139398E-12    3.2488106456524814E-12   1.876758423872118E-12    1.0832493279603583E-12   6.247469933316199E-13    3.600424930333189E-13    2.0734520540568614E-13   1.1932748353484796E-13   6.862900468790494E-14    3.944655905073175E-14    2.2659864226302453E-14   1.3009599685201246E-14   7.465174052260437E-15    4.281495858726497E-15    2.4543712899550107E-15   1.406316578312109E-15    8.054385938458383E-16    4.611011177146051E-16    2.638649708943261E-16    1.5093714173887053E-16   8.630697809426647E-17    4.9332977229258696E-17   2.818877745330571E-17    1.610156948599093E-17    9.194296223920717E-18    5.248462100054558E-18    2.9951160503636965E-18   1.7087075631876252E-18   9.74537568491758E-19     5.556614089143155E-19    3.1674264879038115E-19   1.8050580784473846E-19   1.0284131909823357E-19   5.857863475499066E-20    3.3358701327429994E-20   1.8992409704404088E-20   1.081069043403695E-20    6.152102628928046E-21    3.499827449324061E-21    1.989152989159107E-21    1.1258132778330412E-21   6.228772754813777E-22    2.998169032734648E-22    0
% Data
% c (mol/m^3) @ t=300, u1=0.03, u2=0.01, u3=0.05
1                         0.9837127196690589       0.9619763579763335       0.9342556689768694       0.9002132541246479       0.8597645501602518       0.8131192115341219       0.7608022131461735       0.7036494799823169       0.6427753749540046       0.5795126990649804       0.5153295134948572       0.45173043889808545      0.3901523961829163       0.33186534669003753      0.27788698242076         0.22891632107357143      0.18528489009126406      0.1469159129001793       0.11327179703571491      0.08325797906614939      0.05847358227086981      0.040413700880870776     0.027504715590861793     0.018444812083514464     0.012195786173646075     0.00795594753820267      0.005123824916037994     0.003259750269043043     0.0020498479708562505    0.0012748436657270175    7.845692832935931E-4     4.7805342644923E-4       2.885468335807568E-4     1.7261329056607474E-4    1.0239941299266568E-4    6.0289652541687174E-5    3.529167063053657E-5     2.0642682258784824E-5    1.2259069280428586E-5    7.761753729012503E-6     5.22807554104204E-6      3.503888065807862E-6     2.3370890657477468E-6    1.5516843334868347E-6    1.0256923940857489E-6    6.75142397787747E-7      4.426019514133327E-7     2.890298254540695E-7     1.8804063318463116E-7    1.219005096572676E-7     7.87528101735589E-8      5.070984614012886E-8     3.254920244462223E-8     2.0828771703014053E-8    1.3289635393278186E-8    8.455454751088107E-9     5.365144774361127E-9     3.395395444001911E-9     2.1434111891375706E-9    1.3497913280601062E-9    8.480309345517601E-10    5.31590008418395E-10     3.325036554225683E-10    2.075407530871865E-10    1.2927931417651938E-10   8.03717238855094E-11     4.9871757170571354E-11   3.0889470623426047E-11   1.9098388283094074E-11   1.1787951128157598E-11   7.263720001965282E-12    4.46870611039881E-12     2.7449106516451926E-12   1.6835236054911102E-12   1.0310382173002793E-12   6.305419878987197E-13    3.8508384467674875E-13   2.3486387183767215E-13   1.4305848974139267E-13   8.702895141502091E-14    5.2878862734911056E-14   3.209102816843596E-14    1.9452824644072133E-14   1.1778582120059017E-14   7.124065697871114E-15    4.304276176366852E-15    2.5978969841263346E-15   1.566408811100459E-15    9.435416503186164E-16    5.678069942119944E-16    3.4137723236268426E-16   2.0505584015034928E-16   1.2306102208211667E-16   7.37861893150228E-17     4.419513618182485E-17    2.6422499342187016E-17   1.5703628552883623E-17   9.084032681721102E-18    4.522637389885411E-18    0
% Data
% c (mol/m^3) @ t=400, u1=0.03, u2=0.01, u3=0.05
1                         0.9907263765794821       0.9782628349674536       0.9621632055585885       0.9420327427133214       0.9175576024185647       0.8885337941150544       0.854893125538203        0.8167234855989237       0.7742808666868535       0.7279908312260642       0.6784376508549517       0.6263400055426368       0.5725127709055003       0.5178148163242012       0.46308257948752607      0.4090480992237288       0.3562377418542273       0.3048435615484372       0.2545525636466918       0.20430951100566214      0.15822037543611497      0.12087449426617573      0.09112816017679903      0.06782278338257487      0.04985094759733041      0.036201300811788226     0.025984391722799004     0.018442846765052708     0.01294979609688754      0.008999366360845097     0.006192569200378442     0.0042212238431493096    0.0028518171914103598    0.0019105329143405804    0.001270130604950268     8.389470831341975E-4     5.520183790207572E-4     3.641628440292374E-4     2.447987835115171E-4     1.7427164875392692E-4    1.3018303049636877E-4    9.682744127348039E-5     7.172141458645954E-5     5.291685220279447E-5     3.889741020620643E-5     2.8491397953545756E-5    2.079964774954388E-5     1.51365836256987E-5      1.0982660311165617E-5    7.946405120060414E-6     5.734432201862444E-6     4.1279763158688236E-6    2.9646869727025595E-6    2.1246162013396998E-6    1.5195133993330682E-6    1.0847025536067263E-6    7.729578913864487E-7     5.499134041683346E-7     3.906408359048021E-7     2.771116285760799E-7     1.9632333760865443E-7    1.38922597395441E-7      9.819714201053472E-8     6.934074878730148E-8     4.8919079204345506E-8    3.4482766689233273E-8    2.428800156875087E-8     1.7095306996411095E-8    1.2024997027976846E-8    8.453596430735366E-9     5.9397764817154344E-9    4.171502723413708E-9     2.9283895713552275E-9    2.0549321346852542E-9    1.4415021982022163E-9    1.0108757123414065E-9    7.086942710481863E-10    4.967199481912845E-10    3.4807067467756787E-10   2.4385797495219666E-10   1.708164585570335E-10    1.196339056891038E-10    8.377576488645372E-11    5.865823918937892E-11    4.106694241133125E-11    2.8748421954539037E-11   2.012328648842188E-11    1.4084825389907842E-11   9.857698043828928E-12    6.8988092082442015E-12   4.827796645831196E-12    3.378293757063206E-12    2.3637547459671995E-12   1.6534656295745458E-12   1.1556299934639876E-12   8.052452587299152E-13    5.549077382159472E-13    3.665786316279369E-13    2.0124231531030325E-13   0
% Data
% c (mol/m^3) @ t=500, u1=0.03, u2=0.01, u3=0.05
1                         0.9944646513198506       0.9869887290724463       0.977245877670286        0.9649122708668206       0.94968077320893         0.9312767215926436       0.9094744762074601       0.8841135891387245       0.8551131396344223       0.8224824980298361       0.7863265054494445       0.7468427739288024       0.7043084712021528       0.659053463182559        0.6114158978086858       0.5616750144143705       0.5099538684866095       0.4560814099143106       0.39939849781465364      0.3384854395314137       0.27875906058711025      0.22697576928042895      0.18275908777803787      0.1455543006716151       0.11468968608646016      0.08943172766053706      0.06903166624015745      0.05276208710293001      0.03994339358334882      0.029960901987569153     0.02227387495423673      0.016418108060827552     0.012003746629937263     0.008709901146373272     0.006277417155431462     0.004500898151207929     0.0032208245384789595    0.002316391550464009     0.0016995254828239337    0.0013104435029925843    0.0010491746871288616    8.365398599523739E-4     6.643387213517605E-4     5.255468623182349E-4     4.1419702016610744E-4    3.252598082641624E-4     2.545278916760891E-4     1.9850650136241197E-4    1.5431222620078833E-4    1.1958121758760908E-4    9.23872922575546E-5      7.116991925335503E-5     5.4671712608062306E-5    4.1884803623261504E-5    3.200531523477081E-5     2.4395085705197336E-5    1.8549771206199285E-5    1.40724805307931E-5      1.0652146653021645E-5    8.045908257042645E-6     6.064851316491017E-6     4.562540142060552E-6     3.425844702626431E-6     2.567643626983242E-6     1.921048433438286E-6     1.4348534041580542E-6    1.0699669319559782E-6    7.966243520769958E-7     5.922197291494832E-7     4.3962544721607374E-7    3.2589446014546906E-7    2.4126141785031465E-7    1.7837627503588926E-7    1.3171804270913877E-7    9.714762027315288E-8     7.156763857655373E-8     5.266437291288965E-8     3.8712405546296185E-8    2.842712676532415E-8     2.0853606668337096E-8    1.528304696028163E-8     1.1190095051720422E-8    8.18590193282393E-9      5.9830345782274805E-9    4.369295435960956E-9     3.1882208363057924E-9    2.3245778731588837E-9    1.693595216373947E-9     1.232978285099239E-9     8.969971180836546E-10    6.52114469091025E-10     4.737561235737471E-10    3.4392563329179766E-10   2.4943896288355155E-10   1.806050278674355E-10    1.302051583647877E-10    9.261850580548407E-11    6.287145019982063E-11    3.517905121129093E-11    0
% Data
% c (mol/m^3) @ t=600, u1=0.03, u2=0.01, u3=0.05
1                         0.9965438177767425       0.9918610553213544       0.985723021530175        0.9778899115482584       0.9681169661600031       0.9561618452243668       0.9417928882248857       0.924797722675081        0.9049914218128363       0.8822230982378018       0.8563794352085979       0.8273831773536966       0.7951839872795272       0.759738261741521        0.7209733985666376       0.6787304820143891       0.6326772280285718       0.5821800564883892       0.5261200095250866       0.46263148594021686      0.3973720338081352       0.33801337991615216      0.2847645152795838       0.23763056748955405      0.19644456886594305      0.16090265447156038      0.13059995082631334      0.10506484831695455      0.08378990250503282      0.0662582061546686       0.05196464868991844      0.04043198316094738      0.03122202236717576      0.023942574487373105     0.018250909672668618     0.013854639835911974     0.010510918860323942     0.0080248571953797       0.0062480205193241       0.005077871437801591     0.004253523276395808     0.003548929689542196     0.0029495723519786634    0.002442119244090852     0.0020144435687338416    0.0016556136241965972    0.0013558587615658641    0.001106516547975147     8.999660091563286E-4     7.295514008834932E-4     5.895004212276375E-4     4.7484017859838286E-4    3.813136194477186E-4     3.0529852913892155E-4    2.4373067476324091E-4    1.9403217553653029E-4    1.5404577311761068E-4    1.2197533296871213E-4    9.633263639563115E-5     7.589031570516978E-5     5.9640634633326134E-5    4.67597145358386E-5      3.6576745323333965E-5    2.854769065687103E-5     2.223299209744709E-5     1.7278790236170164E-5    1.3401206823039404E-5    1.0373266053332667E-5    8.014071881414427E-6     6.179898764750097E-6     4.756893568113418E-6     3.655125053077881E-6     2.803753502238039E-6     2.1471260262948157E-6    1.6416327122636843E-6    1.253184944084448E-6     9.55200064829485E-7      7.269962538747804E-7     5.525183239024552E-7     4.19329392401999E-7      3.178153495664516E-7     2.405590213627928E-7     1.8184918850209627E-7    1.3729642170848134E-7    1.0353325801850704E-7    7.7980772153895E-8       5.866726556623492E-8     4.408775322177417E-8     3.3095301588436806E-8    2.4817166969260503E-8    1.85901886427157E-8      1.3911075020289214E-8    1.0398131162711014E-8    7.761630805639674E-9     5.780400085250689E-9     4.282103847522952E-9     3.12379828073063E-9      2.1665114648136002E-9    1.2304547149555277E-9    0
% Data
% c (mol/m^3) @ t=700, u1=0.03, u2=0.01, u3=0.05
1                         0.9977721819164367       0.9947466632355115       0.9907640822210887       0.9856514404944088       0.9792242778111993       0.9712894395304946       0.9616482485432454       0.9500997431963102       0.9364434415864044       0.920480826117388        0.9020143906144538       0.8808426279764452       0.856748720682701        0.8294798754127195       0.7987131413732634       0.7640020656721408       0.7246965254737161       0.6798253410120468       0.6279275516954462       0.5668131725999793       0.5017769984210737       0.44049694251329513      0.3834855348508957       0.33109158410713974      0.2835083889957534       0.24078769310512665      0.20285788290122267      0.16954487394819376      0.14059419923804323      0.11569298405395467      0.09449073596752976      0.07661816615535197      0.06170356062836292      0.04938651332340704      0.039329100128190735     0.031224804106707887     0.024805694960754705     0.019848523622765395     0.016180523598481017     0.013685824202211603     0.011863145261139048     0.010245719315361699     0.008816814490164393     0.007560014800423259     0.00645940115430955      0.005499703029765342     0.004666420068915713     0.0039459140163939435    0.003325472418118007     0.002793346274973944     0.0023387644060720095    0.001951927627952679     0.0016239860192645305    0.0013470025420683606    0.0011139061618827765    9.184373806588439E-4     7.550888005371734E-4     6.190429990702595E-4     5.061096422312933E-4     4.126634092048236E-4     3.355839674011688E-4     2.721989278432609E-4     2.2023043673351954E-4    1.7774582208996315E-4    1.4311251571746936E-4    1.1495730934107567E-4    9.212987694704044E-5     7.367039980998741E-5     5.878106238310998E-5     4.680114207015056E-5     3.718538983275668E-5     2.948538781230301E-5     2.3333571218388472E-5    1.8429611636126484E-5    1.452887505446362E-5     1.1432688179342815E-5    8.980169241454828E-6     7.041403183739477E-6     5.511764790384221E-6     4.307216246892439E-6     3.360427281128377E-6     2.617586096466285E-6     2.0357875860456264E-6    1.5809017401476107E-6    1.2258397385651767E-6    9.491480269175511E-7     7.338718191042625E-7     5.666390784413771E-7     4.36924246061751E-7      3.364579384297162E-7     2.587546307481491E-7     1.987350204074552E-7     1.5242322338453626E-7    1.1670077570399852E-7    8.909843786251633E-8     6.760018336300579E-8     5.041470620652127E-8     3.562236039703226E-8     2.049240180554671E-8     0
% Data
% c (mol/m^3) @ t=800, u1=0.03, u2=0.01, u3=0.05
1                         0.9985288170662929       0.9965269542582998       0.9938825032584513       0.9904707752727215       0.9861545115100284       0.980784236750048        0.9741985919785395       0.9662243652830389       0.9566757779427059       0.9453523601891278       0.9320344487084365       0.916474928928371        0.8983852933031313       0.8774133429390983       0.8531088569022296       0.8248721999425821       0.791879010486405        0.7529716367364322       0.7065046383455518       0.6501271296941856       0.5885350642138191       0.5289269784287897       0.4719155925647664       0.4180031528823705       0.3675770359230022       0.3209102698837431       0.27816644344005304      0.23940830070760905      0.20460921639375484      0.17366670924152217      0.14641718096693887      0.12265115399994828      0.10212841337577269      0.08459262344597843      0.06978517593306739      0.0574582205705024       0.047387023374591906     0.039381982931660314     0.03330080646283441      0.02906150081542631      0.025875033369419844     0.022962922421430675     0.02031213700130383      0.01790883389046096      0.015738571363418025     0.013786519714032199     0.01203766341071848      0.010476990435635417     0.009089665192781515     0.007861182263365877     0.006777499191389804     0.005825147352257638     0.004991320755156599     0.004263943328291802     0.0036317158170403943    0.0030841438801480006    0.002611549297802411     0.002205066414005681     0.0018566260353736715    0.0015589290139633       0.0013054116694915293    0.0010902050734743396    9.080900410066766E-4     7.544494704775528E-4     6.25219451005097E-4      5.16840333197241E-4      4.2620874016859186E-4    3.506312895491196E-4     2.877806084378981E-4     2.3565405500282566E-4    1.9253541428110855E-4    1.5695971201723033E-4    1.2768118843465383E-4    1.0364439231463268E-4    8.395829281226068E-5     6.787325995728807E-5     5.476073252642983E-5     4.4095371700817136E-5    3.543948850035977E-5     2.842953044090399E-5     2.2764416416045374E-5    1.8195516910235557E-5    1.4518087976169592E-5    1.1563980849130299E-5    9.195463719573997E-6     7.300007320641216E-6     5.785901042501249E-6     4.578580813688625E-6     3.6175636139553082E-6    2.853895811390133E-6     2.2480329748161805E-6    1.7680762915127249E-6    1.3882927900152758E-6    1.0878377034121007E-6    8.495648605556811E-7     6.587260152002068E-7     5.011564112521083E-7     3.600709597363502E-7     2.095103167450788E-7     0
% Data
% c (mol/m^3) @ t=900, u1=0.03, u2=0.01, u3=0.05
1                         0.9990096431914113       0.9976595945290541       0.9958702947982931       0.993551110774946        0.9905995896256814       0.986900578442563        0.982325043056429        0.976728322648949        0.9699474196886771       0.9617967347807485       0.952061394932653        0.9404869669806203       0.9267638623803308       0.9105040804129105       0.8912070432782353       0.8682100659130918       0.8406173632743407       0.8071992752041062       0.7662503752613932       0.7153910406284475       0.6586811128238369       0.6026442035051042       0.547881783422505        0.49493020371290936      0.44425133274471607      0.39622661531405423      0.35115454010918273      0.3092513521753464       0.2706547249521479       0.23543001803233465      0.20357869617296248      0.1750484736001997       0.14974477399091493      0.1275431570848878       0.10830245221307325      0.09187845028122811      0.07813813118569572      0.06697453499901458      0.05832251400291193      0.05217572001145538      0.04745223943805436      0.0430345530574931       0.03891711420251535      0.03509287997256498      0.03155343293771754      0.028289122042197197     0.025289218724259627     0.022542083949722656     0.02003534172599924      0.017756054716123643     0.015690897791839298     0.013826325727185989     0.012148731709444267     0.010644593900000998     0.009300607880324255     0.00810380343595591      0.007041644735674597     0.006102113529664865     0.005273775500782501     0.004545830343453797     0.003908146507371168     0.0033512818248526816    0.002866491442673281     0.002445724605955255     0.0020816119005241354    0.0017674445599451627    0.0014971473941813487    0.0012652468086836648    0.001066835265708314     8.975334030457863E-4     7.534508774513672E-4     6.311468480326594E-4     5.275908645728457E-4     4.40124781895075E-4      3.6642618735996716E-4    3.044737068069845E-4     2.525144461245988E-4     2.0903373178619971E-4    1.727272340925552E-4     1.424754909892065E-4     1.1732079728268477E-4    9.644638271792412E-5     7.91577714060867E-5      6.486619314167354E-5     5.307390283882176E-5     4.3361256277224763E-5    3.5375387197156166E-5    2.88203310334864E-5      2.3448442383434423E-5    1.905295386868434E-5     1.5461518326063155E-5    1.2530554014775437E-5    1.0140151910238037E-5    8.18915742302653E-6      6.589700878639833E-6     5.259689631881932E-6     4.1100769787987E-6       3.0199572515077826E-6    1.7842068537293182E-6    0
% Data
% c (mol/m^3) @ t=1000, u1=0.03, u2=0.01, u3=0.05
1                         0.9993309778482525       0.9984171365404106       0.9972015581483521       0.9956179539437788       0.9935894450740506       0.9910270448850768       0.9878276746212178       0.9838714595549936       0.9790179336599882       0.9731006154894578       0.9659191894666798       0.9572282130834058       0.9467208414763615       0.9340054758064773       0.9185724455958062       0.8997467526785852       0.8766214336368583       0.8479640994596045       0.8120864960001377       0.7666632376090008       0.7151702378163076       0.6634281499168792       0.6119816081603375       0.5613434659126497       0.5119842550946107       0.4643238024172016       0.41872522613118623      0.375491432782579        0.33486413501560314      0.29702532525409114      0.2621010715469815       0.23016745499076724      0.20125844525373432      0.1753755122856131       0.15249879687950296      0.13259970712897315      0.1156548671119008       0.10166141202319587      0.09065369297674734      0.08272151637946559      0.07652289357348786      0.07062218311760245      0.06502142071744625      0.05972106719158891      0.05472001854096779      0.05001564027813707      0.0456038250462406       0.04147907186638353      0.03763458474394747      0.03406238786469579      0.030753454237970566     0.02769784440645775      0.02488485174139065      0.02230315087278318      0.01994094595416325      0.01778611571328023      0.01582635257405444      0.01404929352855656      0.012442640868719082     0.010994271334456128     0.00969233267858193      0.008525327072791737     0.007482181169619912     0.0065523029827158075    0.005725626045324503     0.004992641550998928     0.004344419370548884     0.0037726189766340047    0.0032694913956693166    0.002827873350637513     0.002441174763697905     0.0021033607603387636    0.0018089292635507378    0.0015528851932474599    0.0013307121986726575    0.0011383427550007556    9.721273542918277E-4     8.288034192244578E-4     7.054644687068765E-4     5.995299699693456E-4     5.087162238327253E-4     4.3100854970201636E-4    3.6463496508548046E-4    3.0804149122367133E-4    2.598691613398575E-4     2.1893276004419465E-4    1.842012794349565E-4     1.5478003535005362E-4    1.2989433786466585E-4    1.0887453670408279E-4    9.114212944647583E-5     7.619635320973539E-5     6.360011863570203E-5     5.296294507724907E-5     4.39159823548808E-5      3.606868175371931E-5     2.8924835107592416E-5    2.1710325847830584E-5    1.3010629142666128E-5    0
% Data
% c (mol/m^3) @ t=1100, u1=0.03, u2=0.01, u3=0.05
1                         0.9995393857320988       0.9989089140664927       0.9980671338005724       0.9969647653519028       0.9955433106517197       0.9937332823126244       0.9914518839594567       0.9885998980708371       0.9850574320412117       0.9806780264768568       0.9752804271547495       0.9686370435230045       0.960457734893002        0.9503670436348349       0.9378722825512266       0.9223189128765081       0.9028283269786371       0.8782113489155022       0.8468483132228186       0.8065232408881707       0.7601985213437692       0.7130165378560065       0.6654441592732536       0.617939290394422        0.5709412937472655       0.5248626260103109       0.48008198106652544      0.4369391718604037       0.3957319199846932       0.3567146595898365       0.32009940488463         0.28605868170358556      0.2547304860080821       0.22622520730331658      0.2006344430404213       0.17804162999672693      0.1585344278537352       0.14221880486275512      0.1292347905665807       0.11977387004076151      0.11228191815060061      0.10504941653688846      0.0980844557093402       0.09139389236167328      0.08498327606567135      0.07885679341741243      0.07301723108932741      0.0674659587205007       0.06220293202234778      0.05722671591283642      0.05253452694478762      0.04812229378569867      0.043984734058026866     0.040115445475893415     0.03650700892790032      0.033151100962380595     0.030038613032203714     0.027159774848001042     0.024504279264245286     0.022061406271814805     0.01982014388108366      0.01776930393747125      0.01589763120255992      0.014193904344426323     0.012647027797732129     0.01124611376577893      0.00998055393329357      0.008840080732244413     0.007814818247570528     0.006895323061355824     0.006072615510537211     0.0053382019741535554    0.004684088912245472     0.004102789451739567     0.0035873233577700283    0.003131211245265462     0.002728463878967399     0.0023735673841978524    0.00206146514946685      0.0017875371490307128    0.001547577352087234     0.0013377698182978444    0.0011546640090469794    9.951497717449616E-4     8.564323807114946E-4     7.360079406129312E-4     6.316393705537696E-4     5.413330733828076E-4     4.633162219049134E-4     3.960142895075508E-4     3.38027864646813E-4      2.8810659442774877E-4    2.451156226143052E-4     2.0798469056735995E-4    1.7561914457141697E-4    1.4672911108047724E-4    1.1948477662066464E-4    9.080418218542557E-5     5.4866864945633725E-5    0
% Data
% c (mol/m^3) @ t=1200, u1=0.03, u2=0.01, u3=0.05
1                         0.9996756485754654       0.9992307463870518       0.9986344599566839       0.9978494259087729       0.9968303475416751       0.9955221788337087       0.9938577316939814       0.9917544738529678       0.9891101896490613       0.9857970442828463       0.9816534105396968       0.9764725673962463       0.9699870376801323       0.961846863506351        0.951589477888622        0.9385979564508153       0.9220432395823632       0.9008042866820987       0.8733579017941429       0.8376269372099167       0.7961378301431026       0.7534157379888449       0.7098478433297992       0.6658269405019916       0.6217436452973959       0.5779791998359135       0.5348991517836363       0.4928481594568373       0.4521461403937182       0.4130859430288624       0.3759326815587988       0.3409248351816477       0.30827717651084147      0.2781855614312596       0.2508335845999214       0.22640108097493625      0.2050744330756765       0.18705862413640242      0.1725909561046207       0.16195632507913185      0.15344595299019348      0.14513824057744337      0.13704489319147045      0.12917689688969355      0.12154441095551463      0.11415666727346503      0.10702187879334772      0.10014715915513599      0.09353845530897387      0.08720049466001636      0.08113674790850295      0.07534940835645004      0.06983938803044937      0.06460633054268741      0.05964864019652322      0.05496352645455892      0.05054706253983362      0.046394256645633396     0.042499133994478556     0.03885482781696122      0.035453677217941765     0.03228732985989558      0.02934684741706626      0.026622811833510982     0.02410543054548069      0.02178463899512651      0.019650198958964277     0.01769179143146899      0.01589910303255477      0.014261905139139004     0.01277012516804703      0.011413909653852973     0.010183678965754292     0.009070173688361948     0.008064492849682707     0.0071581243140260535    0.006342967767540301     0.00561135080987973      0.004956038728117061     0.004370238569914826     0.0038475981538688597    0.0033822006574624995    0.0029685554082404717    0.002601585471109759     0.002276612570244136     0.001989339797064068     0.0017358324108429732    0.0015124967802553199    0.001316057024863353     0.0011435279478978198    9.921808897734267E-4     8.594951022961174E-4     7.430789181995617E-4     6.405277503453078E-4     5.491502368737419E-4     4.654198804980461E-4     3.8385648128969334E-4    2.9472532222522943E-4    1.7928898082806004E-4    0
% Data
% c (mol/m^3) @ t=0, u1=0.03, u2=0.03, u3=0.01
1                         -5.069401922627066E-8    2.724656709418857E-15    3.421885013855533E-20    5.1055724537486383E-26   5.831756625091726E-32    5.95228071258488E-38     5.707686170230607E-44    5.259823408206005E-50    4.715343799710165E-56    4.142543792545835E-62    3.5833774282293477E-68   3.0619695156077484E-74   2.5906042865195252E-80   2.1739009194871983E-86   1.811693522021235E-92    1.5009909045016165E-98   1.2372872974977194E-104  1.0154190658112588E-110  8.30107046381492E-117    6.762838972050363E-123   5.4927673508839475E-129  4.4489436843871787E-135  3.594533927904776E-141   2.897666906428475E-147   2.3311027459801104E-153  1.8717906380387143E-159  1.500384534310221E-165   1.2007596339522167E-171  9.595550075739282E-178   7.657559814752052E-184   6.103222403533479E-190   4.858627504352476E-196   3.8635567023386684E-202  3.069097752094034E-208   2.4356313514516865E-214  1.931145428452133E-220   1.529832894549151E-226   1.2109317279821019E-232  9.577701590665E-239      7.544766238305755E-245   5.31673633599375E-251    3.74420714269735E-257    2.635142172503437E-263   1.8534919084656548E-269  1.3029624425077228E-275  9.154590627292595E-282   6.428687222724134E-288   4.512236130713734E-294   3.165604686136399E-300   2.2198594913978623E-306  1.555988399545E-312      1.11282E-318             0                        0                        0                        0                        0                        0                        0                        0                        0                        0                        0                        0                        0                        0                        0                        0                        0                        0                        0                        0                        0                        0                        0                        0                        0                        0                        0                        0                        0                        0                        0                        0                        0                        0                        0                        0                        0                        0                        0                        0                        0                        0                        0                        0                        0                        0                        0                        0
% Data
% c (mol/m^3) @ t=100, u1=0.03, u2=0.03, u3=0.01
1                         0.9235571163098389       0.8264881276084329       0.7135636185703762       0.5920086974692059       0.4703503617148357       0.35687434017390124      0.2581104233944198       0.177809060136753        0.1167116864283028       0.07309703052921672      0.04378216737192733      0.025151134428576097     0.013902189841252915     0.0074187959224157034    0.0038348872257307157    0.001926290641814084     9.430390971366347E-4     4.511881461109709E-4     2.114829148394348E-4     9.732891832587318E-5     4.406689116861435E-5     1.9662786383289116E-5    8.659845095000442E-6     3.769631205952995E-6     1.6237986593475994E-6    6.928970510390394E-7     2.931651300401797E-7     1.230888611381711E-7     5.132178511404159E-8     2.1263673770240102E-8    8.759379300511647E-9     3.589416395736527E-9     1.4638023791194405E-9    5.943201932160406E-10    2.4032033274846136E-10   9.681150960818889E-11    3.8862729519721095E-11   1.5543506674360397E-11   6.173606941219445E-12    2.3573487801107463E-12   8.434992412735403E-13    3.0106819526201666E-13   1.072095423024964E-13    3.809370762121732E-14    1.3507707408006951E-14   4.780475562322778E-15    1.6887668681777564E-15   5.955546271483049E-16    2.0968504801169967E-16   7.371311610927839E-17    2.587546519077707E-17    9.070468452562243E-18    3.175405260734446E-18    1.1102585262673098E-18   3.8773078888637267E-19   1.352513550196112E-19    4.712815920823419E-20    1.6404678971395536E-20   5.7045705423003945E-21   1.981821150788464E-21    6.878748722437766E-22    2.3854706166870403E-22   8.265583899731129E-23    2.861687212050901E-23    9.89996006867058E-24     3.4223160995586316E-24   1.1822089272333194E-24   4.0810054326323477E-25   1.4078283834340307E-25   4.853467026200482E-26    1.6721836164341813E-26   5.757773271354649E-27    1.981402066650427E-27    6.814695182063925E-28    2.342523419516177E-28    8.048087105514564E-29    2.763629366375289E-29    9.4853243540662E-30      3.253991185382677E-30    1.1157800836793313E-30   3.824237522560408E-31    1.310149469397084E-31    4.48654506400887E-32     1.5357610982001484E-32   5.254855140978228E-33    1.7973311634173263E-33   6.145119705095496E-34    2.1002544251124445E-34   7.175580557083227E-35    2.4506982769871734E-35   8.367086204979164E-36    2.8557094406687425E-36   9.743450163033059E-37    3.323331178528745E-37    1.1331731678848384E-37   3.862321526929377E-38    1.3148867142365305E-38   4.436669688400929E-39    1.3696560214976073E-39   0
% Data
% c (mol/m^3) @ t=200, u1=0.03, u2=0.03, u3=0.01
1                         0.9684198249109269       0.9268338871396121       0.8750793175163745       0.8136823821586273       0.7438989560824338       0.6676688154033177       0.5874788148236636       0.5061456319232867       0.4265451375382402       0.3513287304017912       0.2826728870193358       0.22210352879295922      0.17042132572432966      0.12773154952189789      0.09355958900607576      0.06701796094434709      0.04698655124895707      0.03227411788747827      0.021741446821320783     0.01437976089145988      0.00934821487685802      0.005980023126954016     0.00376832652563249      0.0023416675466891535    0.0014363944457601253    8.705889808906528E-4     5.218427414226498E-4     3.0961736733201684E-4    1.8197773680817933E-4    1.0603343485051706E-4    6.129150065939508E-5     3.5169766192848345E-5    2.004509120347625E-5     1.1354091813810823E-5    6.394634547328173E-6     3.5823903718667685E-6    1.9965773042645757E-6    1.105987195661551E-6     6.053395380761752E-7     3.1756859264773444E-7    1.5801908350776932E-7    7.836870914743725E-8     3.874824466411053E-8     1.9104783356814182E-8    9.39524207308703E-9      4.609310543311284E-9     2.2563402791892105E-9    1.1022629645337464E-9    5.374557572219995E-10    2.6159904089627565E-10   1.2712156926445858E-10   6.167951847401602E-11    2.988449857976545E-11    1.446022254711742E-11    6.9881979095659924E-12   3.3732665458157172E-12   1.6265316660740755E-12   7.834825853091501E-13    3.7703125292166E-13      1.8127196041775988E-13   8.707858636113701E-14    4.179650937246743E-14    2.0046355870287778E-14   9.607603838327189E-15    4.601454392058479E-15    2.2023712005481634E-15   1.053453058567248E-15    5.03595757491484E-16     2.406041903846277E-16    1.148920007081451E-16    5.483430806683778E-17    2.615777023827162E-17    1.2472227808509843E-17   5.944165862461643E-18    2.8317144435619927E-18   1.3484263818872454E-18   6.418468605280177E-19    3.053997874282073E-19    1.45259825637366E-19     6.906655288952376E-20    3.2827755032544356E-20   1.5598078026717983E-20   7.409050778355879E-21    3.518199354481944E-21    1.6701261436163252E-21   7.925987746410129E-22    3.7604250075214544E-22   1.783626025043682E-22    8.457806200172951E-23    4.009611116161262E-23    1.900380877928915E-23    9.004831806402254E-24    4.265868062362695E-24    2.020342846697049E-24    9.56447819927134E-25     4.522374983529448E-25    2.126996276944066E-25    9.743096959160721E-26    3.8438731718660667E-26   0
% Data
% c (mol/m^3) @ t=300, u1=0.03, u2=0.03, u3=0.01
1                         0.9837127248442394       0.9619763727992331       0.9342557040185467       0.9002133329917467       0.8597647244665483       0.8131195927918339       0.7608030399706444       0.7036512582391444       0.6427791668880743       0.5795207130890792       0.5153462930651245       0.4517652291451209       0.3902237931827595       0.3320103047751031       0.2781780110844794       0.22949381717527698      0.18641695640085335      0.14910718674885468      0.11745801378915342      0.0911475690977139       0.06969854310323477      0.05253896510224657      0.039057252042976595     0.02864722989158689      0.02074118676336283      0.01483100889536987      0.010478846050544034     0.007319509892254088     0.005057019338144749     0.0034575292522251453    0.002340480632072918     0.0015693322399699392    0.0010427734738368225    6.869315881294059E-4     4.4879424574236897E-4    2.9086868300232745E-4    1.8697633368770257E-4    1.1901575874630798E-4    7.449462279029286E-5     4.4609262705772506E-5    2.5441551883164313E-5    1.4420315568368732E-5    8.12554169147803E-6      4.553045014263876E-6     2.5377082787858213E-6    1.407286540479254E-6     7.766560942820436E-7     4.2665656504104215E-7    2.3335860917273456E-7    1.2710181881799845E-7    6.895154390693887E-8     3.72629749643491E-8      2.0064342524487284E-8    1.0766007078419372E-8    5.757464677045255E-9     3.0691333386190424E-9    1.631043960330064E-9     8.642421293872218E-10    4.5664270405106666E-10   2.40623276632041E-10     1.2646340844014609E-10   6.629823182244751E-11    3.467290550912697E-11    1.8091269016235188E-11   9.418367042977783E-12    4.892663832505836E-12    2.5363662659550186E-12   1.3122221638137628E-12   6.775822263296647E-13    3.4922461013675265E-13   1.7966499140679137E-13   9.227077161382647E-14    4.730771597373529E-14    2.4215356037086497E-14   1.2375524458161472E-14   6.3149809246068275E-15   3.217636511687248E-15    1.6371118219930594E-15   8.317928535278634E-16    4.2205177910565863E-16   2.1386881145002296E-16   1.0823733058189321E-16   5.4710491726511143E-17   2.762125868877952E-17    1.3928692914643306E-17   7.015933595256036E-18    3.530062363673656E-18    1.7742472689488193E-18   8.908268796620943E-19    4.468192706597809E-19    2.2389338065014023E-19   1.1208085349334442E-19   5.605418373219955E-20    2.8006448654572496E-20   1.397607271022311E-20    6.958492243864379E-21    3.439074023354138E-21    1.6471908519061722E-21   6.717917143460225E-22    0
% Data
% c (mol/m^3) @ t=400, u1=0.03, u2=0.03, u3=0.01
1                         0.9906886990071935       0.9781768087238365       0.962020008700293        0.9418270919186007       0.9172895018181999       0.8882101501365097       0.8545290523268574       0.8163432241401278       0.7739184567859195       0.7276910541218293       0.6782583623817535       0.6263578977119096       0.572835983986076        0.5186079235945431       0.4646126891253293       0.41176579966463434      0.36091431678376246      0.3127977009826162       0.2680176195018023       0.22701877686433342      0.19008160020300802      0.15732633912457666      0.1287270211064493       0.104132887373255        0.08329450542354762      0.06589172253975745      0.05156093230959984      0.03991967049696515      0.030587216697637164     0.02320054106681439      0.017425513932920016     0.012963737540805357     0.009555644353909404     0.006980642757242637     0.005055102532497867     0.0036288886749493267    0.0025809982297638236    0.0018146424679121773    0.001251833543792442     8.27129446172447E-4      5.231902471510828E-4     3.286231589250056E-4     2.0504074873766006E-4    1.2712545699905417E-4    7.834621847602668E-5     4.801045100350521E-5     2.9263168173948506E-5    1.774626896155011E-5     1.071080987334442E-5     6.435669687783331E-6     3.850751718675808E-6     2.2950887637731194E-6    1.3629357955820559E-6    8.066609377608515E-7     4.759510471298787E-7     2.800291806000707E-7     1.643335980132745E-7     9.621483020584352E-8     5.6215858502696564E-8    3.2785619232383186E-8    1.9090615123940255E-8    1.1101206767563094E-8    6.4481200175875955E-9    3.742005305343889E-9     2.1700821269960177E-9    1.2578722049779382E-9    7.289018949351321E-10    4.223306151702023E-10    2.447148701801879E-10    1.4182739147425368E-10   8.222680265406387E-11    4.769528395534911E-11    2.7681835005295356E-11   1.6077321447278115E-11   9.344739246818386E-12    5.436057437790493E-12    3.165093193138749E-12    1.8445510962587248E-12   1.0759867333540065E-12   6.282610464655283E-13    3.671896378582175E-13    2.1480950576731057E-13   1.2578281337151844E-13   7.37195273720873E-14     4.324373823877074E-14    2.538792687856598E-14    1.491683829026615E-14    8.77107499936155E-15     5.161017504199362E-15    3.0388066388575917E-15   1.790325765050922E-15    1.0553340358366627E-15   6.223246917359435E-16    3.669991016952003E-16    2.1622144356416244E-16   1.2686799306673113E-16   7.337931944698182E-17    4.037909680905046E-17    1.820083621307918E-17    0
% Data
% c (mol/m^3) @ t=500, u1=0.03, u2=0.03, u3=0.01
1                         0.9944242875148643       0.9868962072738299       0.9770908654391044       0.9646876566863143       0.9493847168077099       0.9309149545101941       0.9090628805781077       0.8836812452592244       0.8547063366735784       0.822170711022369        0.7862121435562633       0.7470777252331897       0.7051222905579073       0.6608007395338913       0.6146542863506339       0.5672911877593185       0.5193630194405825       0.47153801581207655      0.42447330612069273      0.3787880182431599       0.33503915479838303      0.2937018765784236       0.25515538907510626      0.219675077744629        0.18743095057706566      0.15849189833098293      0.13283483789750755      0.11035750573887645      0.09089353302974579      0.07422845327249987      0.060115437589163406     0.04828978061486987      0.038481423886148954     0.030425057674668732     0.023867543698732348     0.018572509125787787     0.014321930554960588     0.010914290108213256     0.008158337486865433     0.005860446624770398     0.004055030422538737     0.0027871585564547235    0.001903524609180091     0.0012921269770591924    8.720029030914996E-4     5.85205590922241E-4      3.90646763036964E-4      2.5944685054116987E-4    1.7147468614334252E-4    1.1280648156177009E-4    7.388249623054794E-5     4.818476654403426E-5     3.1298402270462584E-5    2.0251571010807847E-5    1.3055571222453962E-5    8.387002369280329E-6     5.369839115690414E-6     3.427095341538293E-6     2.1805461973595184E-6    1.3833736481724047E-6    8.7519926428004E-7       5.522339524142021E-7     3.4756889245551604E-7    2.182281631377374E-7     1.367039012103301E-7     8.544705319170773E-8     5.329703314475885E-8     3.3177248257542505E-8    2.0613356439227345E-8    1.2783972433876669E-8    7.914575472420591E-9     4.891795583890835E-9     3.0187029890361727E-9    1.8600080590575056E-9    1.1444084656613107E-9    7.031485549927451E-10    4.3145899564837223E-10   2.644135412447116E-10    1.6184662462987268E-10   9.895147366915371E-11    6.043121126829633E-11    3.6867307070985235E-11   2.246892355597678E-11    1.368051754497727E-11    8.321851254440557E-12    5.057680531610539E-12    3.071233632396904E-12    1.8634571906840026E-12   1.129757062171546E-12    6.8441880033197E-13      4.143220104777364E-13    2.506281565020603E-13    1.5148166486675367E-13   9.145071592636208E-14    5.5086740456974307E-14   3.299645497247488E-14    1.944193388812445E-14    1.0863340599595038E-14   4.9476162729981404E-15   0
% Data
% c (mol/m^3) @ t=600, u1=0.03, u2=0.03, u3=0.01
1                         0.9965164332455427       0.9917982192922629       0.9856176488983535       0.9777373368823048       0.9679169178710516       0.9559211419227495       0.94152917340111         0.9245447772582472       0.9048069586936843       0.8822005159368982       0.8566658838149788       0.8282076000760382       0.7969007280540285       0.7628946261177642       0.7264135698011273       0.6877539040049503       0.6472776209427082       0.6054025086474213       0.5625892732638192       0.5193262807527419       0.4761127640088158       0.43344147641080594      0.3917818253510345       0.3515644812702846       0.3131683318371085       0.27691045053615315      0.24303949629248747      0.21173268349464877      0.18309618852928297      0.1571686147266125       0.13392693971024427      0.11329422385376041      0.09514825888923745      0.07933025943916502      0.06565260709732544      0.053904483263218596     0.043853876872447295     0.035243779565003096     0.027779156714703365     0.021099153572111905     0.015499365872132524     0.011308098018521777     0.008195891252721625     0.005902488764363412     0.004224788147866604     0.0030060827575213796    0.0021267458788603866    0.0014963678720334122    0.0010472628628054746    7.292073956330848E-4     5.052484764407574E-4     3.484136980244953E-4     2.3916440338166088E-4    1.6344854586866202E-4    1.1122903724147159E-4    7.538321674736785E-5     5.088792595393924E-5     3.422159042924003E-5     2.2929276189073843E-5    1.5308839496939283E-5    1.018616666452273E-5     6.7553604832786675E-6    4.465870289068831E-6     2.943283425413929E-6     1.9340741571972464E-6    1.2672841904252643E-6    8.280904757946152E-7     5.396668594989526E-7     3.507983664601376E-7     2.2746329150685803E-7    1.471375762631199E-7     9.495755523951828E-8     6.114526566666597E-8     3.928763936759064E-8     2.519068308701109E-8     1.6119247547747755E-8    1.0294354576895165E-8    6.561915304853279E-9     4.175089440670314E-9     2.651734910185532E-9     1.6813111572632496E-9    1.0642491464400763E-9    6.72571416864259E-10     4.2438025249784243E-10   2.673711452747647E-10    1.68204124575498E-10     1.05667340285613E-10     6.628958570594185E-11    4.1530513317187437E-11   2.598492243956036E-11    1.6237404770437655E-11   1.0133191924598331E-11   6.314796755194103E-12    3.9280377465575984E-12   2.435761154551447E-12    1.4998422028427535E-12   9.062676546727675E-13    5.171193545831552E-13    2.3890115304312197E-13   0
% Data
% c (mol/m^3) @ t=700, u1=0.03, u2=0.03, u3=0.01
1                         0.997756887989182        0.9947120046279246       0.9907073579162595       0.9855727849699475       0.9791288609710372       0.9711907366443964       0.9615728921903441       0.9500947399355013       0.9365869459478777       0.9208982759998398       0.9029027080432619       0.8825064970436854       0.8596548342834999       0.8343377177118082       0.8065946475846704       0.7765177862376107       0.7442532742139142       0.7100004765736949       0.6740090396979792       0.6365737640929019       0.5980274338005866       0.558731877256361        0.5190676559901926       0.47942287483495194      0.440181670158737        0.4017129536705057       0.3643599647018474       0.32843111351837134      0.29419248548344235      0.2618622260909692       0.23160684499763937      0.20353926462492788      0.1777181891055584       0.1541480619931166       0.1327784742976011       0.11350130345687992      0.09614298551588078      0.08044795137479474      0.06604709019862962      0.05240167608332362      0.04035371215602833      0.03086366024025684      0.023448907780773066     0.017700811066040927     0.013278271761543078     0.009900304184832261     0.007338259863333311     0.005408194513076116     0.003963705533510062     0.0028894393114915137    0.002095367325621515     0.0015118560859213761    0.0010855047918222546    7.756921135217374E-4     5.517555478589261E-4     3.9071956368864365E-4    2.7548896860704006E-4    1.9342895008561158E-4    1.3526102737664042E-4    9.421319998948957E-5     6.53718589473878E-5      4.5191871403151536E-5    3.112927029999282E-5     2.136799363299895E-5     1.461807577863112E-5     9.967637749810887E-6     6.775046320430512E-6     4.590830207962193E-6     3.1014777899116684E-6    2.089213305238715E-6     1.403364269476878E-6     9.400850795421296E-7     6.280690279289271E-7     4.1852773352233177E-7    2.7819529595965855E-7    1.8446540366457232E-7    1.2202520307125186E-7    8.053459144197769E-8     5.303243180030409E-8     3.484606070509745E-8     2.2847826244620483E-8    1.4949967303662927E-8    9.762566609401667E-9     6.362673252204936E-9     4.138945480576521E-9     2.687423389160025E-9     1.7418059046636796E-9    1.1269395936290375E-9    7.278753985816135E-10    4.693361388113311E-10    3.0212633660750577E-10   1.9415873225721062E-10   1.2454259081977988E-10   7.969696331296263E-11    5.0799059871642664E-11   3.210935466557949E-11    1.9868533424712526E-11   1.1562085842459188E-11   5.412795222055763E-12    0
% Data
% c (mol/m^3) @ t=800, u1=0.03, u2=0.03, u3=0.01
1                         0.9985239084360156       0.9965168217032176       0.993869052309809        0.9904598329671609       0.9861584178362964       0.9808257487034607       0.97431672187009         0.9664830677832834       0.9571768263702866       0.946254367568426        0.9335808700696967       0.9190351337439465       0.9025145649349527       0.8839401415488152       0.8632611394561357       0.840459386044102        0.815552803310268        0.7885980136248896       0.7596918072711025       0.7289713120532645       0.6966127602974402       0.6628288147268404       0.6278644879033034       0.5919917649161597       0.555503109576117        0.5187040937342645       0.48190543039688594      0.4454147068196121       0.40952809626386244      0.3745222682475463       0.3406466063744707       0.30811566503598364      0.2771015278587344       0.24772533387289847      0.22004665129788126      0.19404850761999048      0.16961457921561146      0.1464930766137398       0.12423889053244594      0.10212108164362238      0.08173518053232573      0.06498205567109921      0.05132598076410875      0.0402817643921449       0.03141770709714116      0.024355769193739028     0.018769655562322858     0.014381448479743283     0.010957326252486521     0.008302805546704626     0.006257847546284485     0.004692078377851017     0.0035002961890198045    0.0025983724717964767    0.0019196038350711092    0.0014115315833520881    0.00103321867060589      7.529550868130728E-4     5.463516572001545E-4     3.947768463113557E-4     2.840899147277122E-4     2.0362537371807732E-4    1.453870765527369E-4     1.0341467107630304E-4    7.3289927407995E-5       5.1755238332571575E-5    3.6421103281903235E-5    2.5543495519647988E-5    1.7855602911682877E-5    1.2441508518991925E-5    8.641958009176158E-6     5.984488290555164E-6     4.131918664424878E-6     2.8445885880547263E-6    1.952819953436346E-6     1.3369374781866478E-6    9.12843472533133E-7      6.216516728045066E-7     4.222715672924019E-7     2.8612645857585376E-7    1.9340705624239327E-7    1.3042492216163754E-7    8.775015808463154E-8     5.890587122659982E-8     3.945628175611029E-8     2.6372018875539178E-8    1.758984875577931E-8     1.1708276678651928E-8    7.777759777913154E-9     5.156568576053489E-9     3.4120471022635305E-9    2.2531639197212838E-9    1.4845592173113E-9       9.753083775282642E-10    6.377208487834785E-10    4.1294528973791047E-10   2.611483664880737E-10    1.54707485848099E-10     7.329613535542467E-11    0
% Data
% c (mol/m^3) @ t=900, u1=0.03, u2=0.03, u3=0.01
1                         0.999016325118321        0.9976769314419949       0.9959055663371892       0.9936168693436466       0.9907166173070524       0.9871022966712217       0.9826640438799097       0.9772859860301636       0.9708480017302654       0.9632279065987178       0.9543040492808669       0.9439582827993596       0.9320792533078366       0.9185659249619564       0.9033312369690795       0.88630576841405         0.8674412697601044       0.8467139085460205       0.8241270721420061       0.7997135735783225       0.7735371180440932       0.7456929076599571       0.7163072897612711       0.6855363874593958       0.6535636878729185       0.6205965991030337       0.5868620162933194       0.5526009527246702       0.5180622843003235       0.4834956121885435       0.4491431512760841       0.41523037674411983      0.3819548719191627       0.3494723654901977       0.31787824840124335      0.28718180676324856      0.25726882990095024      0.22784590753866796      0.19835626155292888      0.16785185279185996      0.1387131713404052       0.11390500844703053      0.09295234389907463      0.07539270453197991      0.06078674811986059      0.04872572246090022      0.03883618489341876      0.030782414332790112     0.024266958849700034     0.019029745011129386     0.014846138777094658     0.011524299073333702     0.008902110521621622     0.006843926191566628     0.005237298311446525     0.003989827091597892     0.003026216572140325     0.002285592262775113     0.0017191082191570202    0.0012878505867883238    9.610297649134371E-4     7.14443298759162E-4      5.291854748933916E-4     3.905764960399206E-4     2.872832656005282E-4     2.1060455090318812E-4    1.538950721609837E-4     1.1210545291112509E-4    8.141764474607537E-5     5.895817265447011E-5     4.257418001349581E-5     3.065968579030592E-5     2.2021646974163653E-5    1.5777325193360794E-5    1.1276088720839788E-5    8.040154901092183E-6     5.719917103952494E-6     4.060432323095644E-6     2.876399171676046E-6     2.0335589648879016E-6    1.434930298457611E-6     1.0106626902292549E-6    7.105870642517938E-7     4.987667410381595E-7     3.4952598044079447E-7    2.445653325210353E-7     1.7087324329035575E-7    1.1921885012244315E-7    8.306746618465404E-8     5.7802418743297416E-8    4.0168182832532264E-8    2.787284059825351E-8     1.93048598476553E-8      1.333158511831749E-8     9.155844220555337E-9     6.2135644954538885E-9    4.099903264330056E-9     2.5145783210711424E-9    1.219137580661864E-9     0
% Data
% c (mol/m^3) @ t=1000, u1=0.03, u2=0.03, u3=0.01
1                         0.9993441348954919       0.9984499323767002       0.9972645755622227       0.9957280842871641       0.9937731569771214       0.9913251901913764       0.9883025107260758       0.9846168534118752       0.9801741140402064       0.9748754009959992       0.9686184010347473       0.961299064203081        0.9528136002880536       0.9430607646748085       0.9319443955524125       0.9193761476653047       0.9052783510554536       0.8895869073964524       0.8722541225730349       0.8532513630807776       0.8325714164573063       0.810230432884108        0.7862693264455818       0.7607545197637935       0.7337779233791493       0.7054560485933382       0.6759281551137373       0.645353326043804        0.613906332759411        0.5817720869178684       0.54913835615863         0.5161862152800192       0.48307737479099855      0.44993701495302063      0.41682997139285505      0.38372694709078725      0.350455691820361        0.31662954679883076      0.28154204830331825      0.24401092296641358      0.20707793109112257      0.17469215423437018      0.14651437755196592      0.12218190499960324      0.10132254830015379      0.08356622025787377      0.06855415160738543      0.05594585810437421      0.04542406183886036      0.03669781989130068      0.02950413799313976      0.023608351148806227     0.018803541866197187     0.014909244240029228     0.011769652724046968     0.009251521491362108     0.007241906599580339     0.005645870829330135     0.004384241479409235     0.003391485440140341     0.00261374392644503      0.0020070513757131773    0.0015357489909913272    0.0011710928611649697    8.900490500005722E-4     6.742630154307544E-4     5.091877083359884E-4     3.8335325203564443E-4    2.8776081873653687E-4    2.15383857154982E-4      1.6076090824451443E-4    1.1966565385466978E-4    8.884140920332338E-5     6.578887238916823E-5     4.859749825549389E-5     3.581231500314432E-5     2.6329318284667128E-5    1.9313744411637417E-5    1.413653924207066E-5     1.0325207946945028E-5    7.525963963878746E-6     5.474706621014912E-6     3.9748608865974365E-6    2.880524193630199E-6     2.0836982746960387E-6    1.5046511939850996E-6    1.084667640031833E-6     7.806139195966699E-7     5.608764010073366E-7     4.023354786056091E-7     2.881173409313477E-7     2.0592773098149677E-7    1.4681937592564345E-7    1.0428094322850873E-7    7.356269743513842E-8     5.117437623072505E-8     3.450558702649361E-8     2.1529233952687352E-8    1.055470901775169E-8     0
% Data
% c (mol/m^3) @ t=1100, u1=0.03, u2=0.03, u3=0.01
1                         0.9995565189613291       0.9989512474719403       0.9981473935801385       0.9971027171575073       0.9957692349643393       0.9940930160924936       0.9920140929923239       0.989466514085237        0.986378563762072        0.9826731741588888       0.9782685502957664       0.9730790258083271       0.9670161604991575       0.9599900832640175       0.9519110746716307       0.9426913727618932       0.9322471737441358       0.9205007865872471       0.9073828874291867       0.8928348067510838       0.8768107697700707       0.8592799987629823       0.8402285750001381       0.81966094710773         0.7976009606857885       0.7740922684539974       0.7491979570247083       0.7229991892571763       0.6955926004371042       0.667086088108048        0.6375924787131304       0.6072203097338014       0.5760605914898055       0.5441678480630411       0.511532896648131        0.47804358844043904      0.4434279320053047       0.40717141318571926      0.3683965797438302       0.3256876077616557       0.28256263115659674      0.24377106531061732      0.2091444346820966       0.17846394737931467      0.1514741127542327       0.1278951650294179       0.10743404159771654      0.08979377516403816      0.07468125499245064      0.061813391629137716     0.05092178065209214      0.04175600464207019      0.03408574007655176      0.027701849303344694     0.022416639619091346     0.018063464349803302     0.014495827214429801     0.011586133429333081     0.009224210941864971     0.007315704459657598     0.005780424790474819     0.004550717295533423     0.0035698965454106888    0.0027907798490690514    0.0021743402930338497    0.0016884902146961172    0.001306998469614668     0.0010085392001227286    7.758658011668724E-4     5.951011312060042E-4     4.5513346386548686E-4    3.471069751591704E-4     2.639954962495354E-4     2.002486501774373E-4     1.5150018257349912E-4    1.1432917153378214E-4    8.606576861849379E-5     6.463411314219005E-5     4.842602729366697E-5     3.6200007987354504E-5    2.7000863173307677E-5    2.0096085673124935E-5    1.492571352272714E-5     1.1062994238751258E-5    8.183656542114968E-6     6.042003943888501E-6     4.4523882484591525E-6    3.274905737098992E-6     2.404392622611484E-6     1.7619868485547583E-6    1.2886772750125783E-6    9.403847826143658E-7     6.842180501490337E-7     4.956241172645813E-7     3.562139428237967E-7     2.5208885938094245E-7    1.7252719941686414E-7    1.0891274599579523E-7    5.3798499688975236E-8    0
% Data
% c (mol/m^3) @ t=1200, u1=0.03, u2=0.03, u3=0.01
1                         0.999696501141858        0.9992819316682205       0.9987305165611071       0.9980124133193171       0.9970933996585641       0.9959346025436081       0.9944922852885083       0.992717710900859        0.9905571008315188       0.9879517086720463       0.9848380279639133       0.9811481519971558       0.9768103011456093       0.9717495297982855       0.9658886202201247       0.959149164666462        0.9514528297798771       0.9427227887458828       0.9328852969237414       0.9218713757359851       0.9096185574642982       0.8960726300811331       0.8811893058961288       0.8649357197181846       0.8472916398366399       0.8282502457731463       0.8078182862838439       0.7860153731276632       0.7628720811437668       0.7384263992317789       0.7127178896712606       0.6857786358381598       0.65761964948492         0.6282108099384378       0.597451536616209        0.5651281379061243       0.5308519727052227       0.49396998162044436      0.4534354818569111       0.40762194244234123      0.36031089404578276      0.3167982014360107       0.27708145233910036      0.24109394650731197      0.20871542778163463      0.17978275391342768      0.1541001390513009       0.13144868216445704      0.11159497295018778      0.0942986408252115       0.07931877930536255      0.06641923533983225      0.055372799851610255     0.045964371553932314     0.03799319145840274      0.03127426127359315      0.02563906636747032      0.020935724575919253     0.017028677381792753     0.013798031313770717     0.011138646145184587     0.008959053757668407     0.007180278319934645     0.005734615458353253     0.004564415906030449     0.0036209080753706164    0.0028630843178437506    0.0022566674019098053    0.0017731669479765422    0.0013890301306570478    0.0010848867700354464    8.448858350290533E-4     6.561182119531975E-4     5.081191892829008E-4     3.924433234127826E-4     3.023040421638324E-4     2.3227039223589507E-4    1.7801364138563154E-4    1.3609692148624223E-4    1.0380167734860783E-4    7.898531597219459E-5     5.9965092624593636E-5    4.5423895764183676E-5    3.433418330412322E-5     2.5896866222797183E-5    1.9492425728983234E-5    1.4641984862934708E-5    1.0976435251803533E-5    8.212047398829348E-6     6.131272239190491E-6     4.5676772349971514E-6    3.3941566825964317E-6    2.5137176891190563E-6    1.8522745547540339E-6    1.3529885670365166E-6    9.717701559454673E-7     6.736176314348932E-7     4.295016887293769E-7     2.135162036902158E-7     0
% Data
% c (mol/m^3) @ t=0, u1=0.03, u2=0.03, u3=0.03
1                         -5.069401922627066E-8    2.724656709418857E-15    3.421885013855533E-20    5.1055724537486383E-26   5.831756625091726E-32    5.95228071258488E-38     5.707686170230607E-44    5.259823408206005E-50    4.715343799710165E-56    4.142543792545835E-62    3.5833774282293477E-68   3.0619695156077488E-74   2.5906042865195256E-80   2.1739009194871983E-86   1.8116935220212353E-92   1.5009909045016165E-98   1.2372872974977194E-104  1.0154190658112588E-110  8.30107046381492E-117    6.762838972050363E-123   5.4927673508839475E-129  4.4489436843871787E-135  3.594533927904776E-141   2.897666906428475E-147   2.3311027459801104E-153  1.8717906380387143E-159  1.500384534310221E-165   1.2007596339522167E-171  9.595550075739282E-178   7.657559814752052E-184   6.103222403533479E-190   4.858627504352476E-196   3.8635567023386684E-202  3.069097752094034E-208   2.435631351451687E-214   1.931145428452133E-220   1.529832894549151E-226   1.2109317279821019E-232  9.577701590665015E-239   7.569840199454107E-245   5.9787761119089634E-251  4.719034992046429E-257   3.722403691028604E-263   2.9345136374679407E-269  2.3120823030834E-275     1.8206908710919974E-281  1.4329974600798202E-287  1.127303170374236E-293   8.864032221067169E-300   6.966679351624306E-306   5.4730862616E-312        4.20482E-318             4.9E-324                 0                        0                        0                        0                        0                        0                        0                        0                        0                        0                        0                        0                        0                        0                        0                        0                        0                        0                        0                        0                        0                        0                        0                        0                        0                        0                        0                        0                        0                        0                        0                        0                        0                        0                        0                        0                        0                        0                        0                        0                        0                        0                        0                        0                        0                        0                        0
% Data
% c (mol/m^3) @ t=100, u1=0.03, u2=0.03, u3=0.03
1                         0.9235571163098389       0.8264881276084329       0.7135636185703762       0.5920086974692059       0.4703503617148357       0.35687434017390124      0.2581104233944198       0.177809060136753        0.1167116864283028       0.07309703052921672      0.04378216737192733      0.025151134428576097     0.013902189841252915     0.0074187959224157034    0.0038348872257307157    0.001926290641814084     9.430390971366347E-4     4.511881461109709E-4     2.114829148394348E-4     9.732891832587318E-5     4.406689116861435E-5     1.9662786383289116E-5    8.659845095000442E-6     3.769631205952995E-6     1.6237986593475996E-6    6.928970510390408E-7     2.931651300401858E-7     1.230888611381938E-7     5.132178511412413E-8     2.1263673770540396E-8    8.759379301602425E-9     3.58941639969283E-9      1.4638023934470954E-9    5.943202450193513E-10    2.403205197290328E-10    9.681218327985782E-11    3.886515202819236E-11    1.5552200193798915E-11   6.204737185905942E-12    2.4685639176365892E-12   9.795703964228337E-13    3.8776674956938344E-13   1.531495834377458E-13    6.035763401880246E-14    2.373970220105263E-14    9.319569383211253E-15    3.652082661624369E-15    1.4287374197100574E-15   5.580470590061274E-16    2.1763677717903558E-16   8.475601636726574E-17    3.296224784935374E-17    1.2802657767094529E-17   4.966465661260194E-18    1.9243489051960582E-18   7.447880088485596E-19    2.879491920878813E-19    1.1121255464316914E-19   4.291070693864926E-20    1.6541289597434447E-20   6.3706207353711104E-21   2.451425295266484E-21    9.425296185910917E-22    3.620969152512855E-22    1.3900210122039723E-22   5.332085887349832E-23    2.0439203227056654E-23   7.829481997965896E-24    2.9971945642396864E-24   1.146620562793865E-24    4.38386255660587E-25     1.6750801755200659E-25   6.396823035486026E-26    2.4414696275307588E-26   9.3133164190848E-27      3.550837977915116E-27    1.35312493380792E-27     5.153855437227045E-28    1.9620962665163072E-28   7.466349122057908E-29    2.8398935984619014E-29   1.0797103700110139E-29   4.103262483542595E-30    1.5587386962128477E-30   5.9189446449272495E-31   2.246709561682592E-31    8.524832231006612E-32    3.2334442417875427E-32   1.2259979497053404E-32   4.6468963340149105E-33   1.7607146661183215E-33   6.669165142557978E-34    2.5253060428444795E-34   9.559160485554536E-35    3.617334876862465E-35    1.3683318134978113E-35   5.17019187288761E-36     1.936880622413933E-36    6.650191328064629E-37    0
% Data
% c (mol/m^3) @ t=200, u1=0.03, u2=0.03, u3=0.03
1                         0.9684198249109269       0.9268338871396121       0.8750793175163745       0.8136823821586273       0.7438989560824338       0.6676688154033177       0.5874788148236636       0.5061456319232867       0.4265451375382402       0.3513287304017912       0.2826728870193358       0.22210352879295922      0.17042132572432966      0.1277315495218979       0.09355958900607578      0.06701796094434709      0.04698655124895706      0.03227411788747827      0.02174144682132081      0.014379760891459962     0.00934821487685823      0.0059800231269545685    0.0037683265256339598    0.0023416675466930636    0.0014363944457705163    8.705889809182358E-4     5.218427414957851E-4     3.0961736752569823E-4    1.8197773732043439E-4    1.0603343620346759E-4    6.129150422745591E-5     3.5169775587708994E-5    2.0045115898237136E-5    1.1354156605516932E-5    6.394804204576295E-6     3.5828336702835987E-6    1.9977329281468335E-6    1.1089922479616317E-6    6.131326970379893E-7     3.3771989852003946E-7    1.8538052924793583E-7    1.0143660445197976E-7    5.5342131659830135E-8    3.011241951905034E-8     1.6343810850016617E-8    8.85034707098774E-9      4.7823432504362745E-9    2.5790647350836094E-9    1.3883098556450557E-9    7.460525336917751E-10    4.002787150546066E-10    2.144432817117512E-10    1.1472603387598096E-10   6.12985446383007E-11     3.2712424755652443E-11   1.7437428401031813E-11   9.285157713340692E-12    4.9392480571891076E-12   2.6249584087650805E-12   1.3937900646552353E-12   7.39447142950122E-13     3.919869104842234E-13    2.0763902188048936E-13   1.0990977462804313E-13   5.813923390087443E-14    3.0734242703222385E-14   1.623713873972113E-14    8.573198293291962E-15    4.524122630931514E-15    2.386134747397235E-15    1.2578675238962175E-15   6.627714207007337E-16    3.490523381495221E-16    1.8374844159432153E-16   9.6687654232426E-17      5.085575068313168E-17    2.6738547068853712E-17   1.4053057737034228E-17   7.383212609502841E-18    3.877638503538097E-18    2.0358333531933312E-18   1.0685020411809591E-18   5.606240161020287E-19    2.9406001789172906E-19   1.5419585050987117E-19   8.083251344272393E-20    4.2362367253284864E-20   2.2195194527355536E-20   1.162588322715427E-20    6.08814106549017E-21     3.1874138807326814E-21   1.6683607436249926E-21   8.730517457911865E-22    4.567511581085727E-22    2.388640022345787E-22    1.2477829761055888E-22   6.486307744702056E-23    3.288169724899955E-23    1.440639558338057E-23    0
% Data
% c (mol/m^3) @ t=300, u1=0.03, u2=0.03, u3=0.03
1                         0.9837127248442394       0.9619763727992331       0.9342557040185467       0.9002133329917467       0.8597647244665483       0.8131195927918339       0.7608030399706444       0.7036512582391444       0.6427791668880742       0.5795207130890792       0.5153462930651246       0.45176522914512085      0.3902237931827598       0.3320103047751035       0.2781780110844807       0.22949381717528006      0.18641695640086076      0.1491071867488728       0.11745801378919785      0.09114756909782254      0.06969854310349996      0.05253896510289226      0.039057252044544646     0.02864722989538452      0.02074118677253409      0.014831008917453111     0.010478846103554096     0.007319510019095005     0.005057019640631558     0.0034575299710721766    0.0023404823341645242    0.001569336254876099     0.0010427829066118899    6.86953657831722E-4      4.488456575835125E-4     2.909879036513033E-4     1.872514829284036E-4     1.1964761045119265E-4    7.593802655751735E-5     4.7888525301162594E-5    3.0016041239806673E-5    1.870470698580199E-5     1.1591585749695966E-5    7.145647900425663E-6     4.3828171579117785E-6    2.675336110104094E-6     1.6255911151634564E-6    9.83426030327255E-7      5.924531154399305E-7     3.55490496620632E-7      2.124903126009029E-7     1.2654898951719415E-7    7.510243446561538E-8     4.442105390597078E-8     2.618927625275621E-8     1.5392706468165155E-8    9.020224666910014E-9     5.27086353912881E-9      3.0715439942934724E-9    1.7852056045958423E-9    1.0349512624194043E-9    5.985399076172012E-10    3.453402475926407E-10    1.9880142826424222E-10   1.141945896437864E-10    6.5457444411404E-11      3.744485745570989E-11    2.137841606106255E-11    1.2182550269384624E-11   6.9295975269101225E-12   3.934697963899038E-12    2.2303531811248006E-12   1.2621728691797836E-12   7.131321705576094E-13    4.0229923303409017E-13   2.266091283013169E-13    1.2746023958861982E-13   7.159133211376552E-14    4.01562330772038E-14     2.249416874102483E-14    1.258427799794988E-14    7.031439526163264E-15    3.924039116060851E-15    2.1873106789544685E-15   1.2178393682737653E-15   6.773072048522625E-16    3.762796691125145E-16    2.0882278843623006E-16   1.1577087629889362E-16   6.411900306128065E-17    3.5477363606896046E-17   1.961114976440088E-17    1.0830492582294157E-17   5.975540479687554E-18    3.2931167249318325E-18   1.8109718768605904E-18   9.890982193228142E-19    5.243251684884678E-19    2.375384490036142E-19    0
% Data
% c (mol/m^3) @ t=400, u1=0.03, u2=0.03, u3=0.03
1                         0.9906886990071935       0.9781768087238365       0.962020008700293        0.9418270919186009       0.9172895018182          0.8882101501365101       0.8545290523268577       0.816343224140129        0.7739184567859222       0.7276910541218347       0.6782583623817655       0.6263578977119361       0.5728359839861349       0.5186079235946738       0.4646126891256197       0.4117657996652795       0.3609143167851954       0.3127977009857957       0.2680176195088506       0.22701877687994013      0.19008160023751633      0.15732633920075695      0.128727021274318        0.10413288774240925      0.08329450623349813      0.06589172431240271      0.05156093617858292      0.03991967891636482      0.03058723496059641      0.023200580545444438     0.0174255989581416       0.012963919939090855     0.009556034001561818     0.006981471445547195     0.005056856679694833     0.003632583404236746     0.002588739731368853     0.0018307740171669483    0.0012852542419222708    8.959505705924022E-4     6.20369722627587E-4      4.2679315273752257E-4    2.9181740553974153E-4    1.9836096644864075E-4    1.3408329538618351E-4    9.015432336377058E-5     6.0312835846896973E-5    4.015689452843714E-5     2.6616542327659564E-5    1.7566954337104324E-5    1.1547955945441901E-5    7.5628675547667E-6       4.935691946334377E-6     3.2106711110273434E-6    2.0822579426902726E-6    1.3466897890581915E-6    8.687544209855243E-7     5.591439682607626E-7     3.5912589407610675E-7    2.3023110736895438E-7    1.4735725180045693E-7    9.418100869810003E-8     6.012171533274568E-8     3.8341136553206286E-8    2.4431535275681107E-8    1.555865528932426E-8     9.903955250038448E-9     6.3028417294576E-9       4.010760224313176E-9     2.552385452967227E-9     1.6246383197451302E-9    1.0344611972341373E-9    6.589756438203041E-10    4.200170366382305E-10    2.678833015580756E-10    1.7097728797258199E-10   1.0921246446667185E-10   6.98181279073668E-11     4.467268753652386E-11    2.8609106978662243E-11   1.8338357874270224E-11   1.176553363237341E-11    7.555356704165518E-12    4.856060102887185E-12    3.1238444465451876E-12   2.0112172012831142E-12   1.295921320900224E-12    8.356656453077478E-13    5.392665657434122E-13    3.4823534726896373E-13   2.2501920374580196E-13   1.4548425464262296E-13   9.410498991246353E-14    6.088173570614375E-14    3.936132167027671E-14    2.5360258176051322E-14   1.6130233639962897E-14   9.790365563082184E-15    4.893789814851304E-15    0
% Data
% c (mol/m^3) @ t=500, u1=0.03, u2=0.03, u3=0.03
1                         0.9944242875148647       0.9868962072738307       0.9770908654391065       0.9646876566863196       0.9493847168077217       0.9309149545102188       0.9090628805781608       0.8836812452593358       0.8547063366738107       0.8221707110228536       0.7862121435572723       0.7470777252352874       0.705122290562261        0.66080073954291         0.6146542863692803       0.5672911877977941       0.5193630195198057       0.47153801597484357      0.42447330645433495      0.3787880189254228       0.3350391561900336       0.29370187940959974      0.2551553948190481       0.21967508936461494      0.18743097401381198      0.15849194545329312      0.13283493233237886      0.11035769434308498      0.0908939083635377       0.0742291974266049       0.06011690724660305      0.04829267132076972      0.03848708563012819      0.03043609786304281      0.02388897268142332      0.018613903547344275     0.014401493568753709     0.011066422392555165     0.008447659643471188     0.006407587901117679     0.004830371278797097     0.0036198604590569833    0.0026972711075446193    0.0019988173178324556    0.0014734302564817902    0.0010806475437133798    7.887225122406278E-4     5.729744962202795E-4     4.1438106602371044E-4    2.983995418146714E-4     2.139969082893343E-4     1.5286314095803365E-4    1.0878179139031315E-4    7.713249759288757E-5     5.450211869166907E-5     3.8383863823688864E-5    2.694668425880369E-5     1.886005297979711E-5     1.3161901271875766E-5    9.159829558642812E-6     6.357726524686788E-6     4.401618850476298E-6     3.03995735650443E-6      2.0946587958602388E-6    1.4401048336701378E-6    9.879894405857736E-7     6.764385869110478E-7     4.622330855847107E-7     3.1527334052938144E-7    2.1465566544472148E-7    1.4590160570765294E-7    9.900852338334506E-8     6.708271062831483E-8     4.538406850802374E-8     3.066048299643794E-8     2.0685400746602095E-8    1.3937460843949541E-8    9.379125713514418E-9     6.3040999599877685E-9    4.232411000032961E-9     2.8384256321340055E-9    1.9015689916387452E-9    1.2726545271715558E-9    8.509243030590203E-10    5.684215237890638E-10    3.7937235934141505E-10   2.5298340574719655E-10   1.6856381018407777E-10   1.1222676044078455E-10   7.466218027997312E-11    4.963479796878579E-11    3.2972628874430754E-11   2.1886475590980134E-11   1.451241130127662E-11    9.603979763467172E-12    6.3241629998796974E-12   4.102400894700623E-12    2.5310615175666363E-12   1.2793876561592098E-12   0
% Data
% c (mol/m^3) @ t=600, u1=0.03, u2=0.03, u3=0.03
1                         0.996516433245553        0.9917982192922911       0.9856176488984154       0.9777373368824329       0.967916917871313        0.9559211419232784       0.941529173402176        0.9245447772603878       0.9048069586979742       0.8822005159454764       0.8566658838320931       0.8282076001101041       0.7969007281216777       0.7628946262517763       0.7264135700659354       0.6877539045268513       0.6472776219685398       0.6054025106581603       0.5625892771937625       0.5193262884109174       0.47611277888628095      0.4334415052213639       0.3917818809602135       0.35156458824096964      0.31316853688547436      0.27691084216008083      0.24304024145324313      0.21173409584813566      0.18309885472909415      0.1571736270534316       0.1339363223146884       0.11331170955877659      0.09518069699338605      0.07939015239995646      0.06576265409220786      0.054105668233440395     0.04421977449478423      0.035905693004302394     0.028969988711240693     0.023229435648177008     0.018514107844842104     0.014669323970255867     0.011556610031560674     0.009053861433056996     0.00705488629400473      0.005468500430945659     0.004217324976170047     0.0032364138683664933    0.0024718133529240322    0.0018791313453212749    0.0014221724959776795    0.0010716758785778923    8.041767387009038E-4     6.010016537253663E-4     4.473974946094682E-4     3.317883324340087E-4     2.451504257777683E-4     1.8049318575014792E-4    1.3243310635463554E-4    9.684768822183276E-5     7.05970587429643E-5      5.1302052265765525E-5    3.716877200361294E-5     2.685097495435839E-5     1.9342910045882814E-5    1.3896439680010564E-5    9.957353372092328E-6     7.116725423726166E-6     5.073975414195568E-6     3.608967814878377E-6     2.5610470136699534E-6    1.8133605355581138E-6    1.2811908786249456E-6    9.033092451114611E-7     6.355954617465697E-7     4.463489915212822E-7     3.1285598835235757E-7    2.1888512964220146E-7    1.5286733697251788E-7    1.0657704523048295E-7    7.417989064730388E-8     5.15471197359421E-8      3.576347207257013E-8     2.477493830102186E-8     1.713732165708101E-8     1.183722409956872E-8     8.164915749770865E-9     5.624268319048515E-9     3.8690948281058066E-9    2.658253749152871E-9     1.824053556172578E-9     1.2500608890166884E-9    8.555390390179365E-10    5.845448271368311E-10    3.982784540505692E-10    2.6967306915418294E-10   1.7946641342685068E-10   1.1313071015035345E-10   5.803379459790324E-11    0
% Data
% c (mol/m^3) @ t=700, u1=0.03, u2=0.03, u3=0.03
1                         0.9977568879893053       0.9947120046282552       0.9907073579169706       0.985572784971383        0.9791288609738703       0.9711907366499353       0.9615728922011184       0.9500947399563907       0.936586945988265        0.9208982760777168       0.9029027081930349       0.8825064973309567       0.8596548348329908       0.8343377187599175       0.8065946495780808       0.7765177900176456       0.7442532813599887       0.7100004900408072       0.6740090649955107       0.6365738114558731       0.5980275221728869       0.558732041567889        0.519067960395137        0.4794234366886326       0.4401827032474812       0.4017148457914011       0.3643634162184678       0.32843738359600994      0.29420382746284607      0.26188265325435744      0.23164347020308354      0.20360463089937414      0.1778343011713894       0.15435331937769803      0.13313952286300326      0.11413316991016502      0.09724306818289738      0.08235303246171617      0.06932833019443582      0.058021826404455815     0.04827960277927831      0.03994589261995148      0.03286723806016993      0.026895834185550437     0.021892073492482324     0.017726342030586675     0.01428014530643145      0.011446658276319315     0.009130800866666717     0.007248940147139176     0.005728314386632112     0.00450626452522894      0.0035293466833080716    0.0027523865204040414    0.002137523571701821     0.001653281857129075     0.0012736925415107452    9.774854679956936E-4     7.473590618911482E-4     5.693323532945494E-4     4.321785562409123E-4     3.2693658332968355E-4    2.464948617199207E-4     1.8524064301682916E-4    1.3876747390725055E-4    1.036334465517735E-4     7.716313380621846E-5     5.728661713334771E-5     4.240964270463439E-5     3.1309624465298144E-5    2.3052901986692712E-5    1.6929321797694116E-5    1.2400822185941393E-5    9.061251391253194E-6     6.605132897434081E-6     4.803509289727595E-6     3.485351232376552E-6     2.5233158191910546E-6    1.82288512922559E-6      1.3141178594368688E-6    9.454108430136816E-7     6.787991048549452E-7     4.864282771228588E-7     3.479164653378476E-7     2.483881232366947E-7     1.7701363454601999E-7    1.2592800575368884E-7    8.943272688011033E-8     6.340839388650504E-8     4.488366575956915E-8     3.171979418594393E-8     2.23802945308545E-8      1.5763087336942243E-8    1.1078212564434E-8       7.758429688241148E-9     5.392940080733732E-9     3.676206832360576E-9     2.3642636147521344E-9    1.2294593358880033E-9    0
% Data
% c (mol/m^3) @ t=800, u1=0.03, u2=0.03, u3=0.03
1                         0.9985239084369374       0.9965168217056546       0.9938690523149419       0.990459832977263        0.9861584178556768       0.9808257487402297       0.9743167219394393       0.9664830679135695       0.9571768266142693       0.9462543680239676       0.9335808709177539       0.9190351353180743       0.9025145678480132       0.883940146923153        0.8632611493401922       0.8404594041636609       0.8155528364179307       0.788598073914634        0.7596919166811348       0.7289715099021843       0.6966131167784654       0.6628294546503458       0.6278656322845072       0.5919938034874438       0.5555067266270248       0.5187104854492985       0.48191667837288416      0.4454344167619455       0.4095624844986856       0.37458200029316         0.34074989137307055      0.30829343522324737      0.2774060592873345       0.2482445125777557       0.22092744411423706      0.19553534710140252      0.17211176015890425      0.1506655619685588       0.13117415616691         0.11358732036944642      0.09783148653451425      0.083814227846932        0.07142874735614446      0.06055819259969261      0.051079655038782076     0.04286775011775876      0.03579771030770948      0.029747957334268677     0.024602149284202273     0.0202507224375247       0.01659196606973373      0.01353268118973161      0.010988481673701431     0.008883799226119371     0.007151652887631039     0.0057332402996880015    0.004577402478919721     0.0036400072157996063    0.002883289040023427     0.0022751765048544836    0.0017886307179447915    0.0014010128478633458    0.0010934929185958007    8.505076366094243E-4     6.592712778413899E-4     5.093407483691634E-4     3.9223374450017594E-4    3.010973801110043E-4     2.304236192745783E-4     1.7580725001020153E-4    1.3374186678371877E-4    1.014493118503796E-4     7.673818725977193E-5     5.788733121554813E-5     4.355050718583116E-5     3.267894511574271E-5     2.4458774095941195E-5    1.8260775572068354E-5    1.3600252740660737E-5    1.0105147325058275E-5    7.490835467152905E-6     5.54029883499511E-6      4.088596032945839E-6     3.0107551079483596E-6    2.2123732450397737E-6    1.622347894320377E-6     1.1872779308803976E-6    8.67167290125503E-7      6.321399008651812E-7     4.5993642564075525E-7    3.3401275024824766E-7    2.420994282841306E-7     1.7511209590452403E-7    1.2632652998092644E-7    9.074932955068434E-8     6.462624808733305E-8     4.5033947815246174E-8    2.949433868735378E-8     1.5526937542175808E-8    0
% Data
% c (mol/m^3) @ t=900, u1=0.03, u2=0.03, u3=0.03
1                         0.9990124468145034       0.9976678373678396       0.9958897280614376       0.9935925899962817       0.9906820700609786       0.9870555809883955       0.9826032605370372       0.9772093308546568       0.97075387661916         0.9631150448103728       0.9541716502655107       0.9438061500908765       0.9319079273914143       0.9183768017454347       0.9031266617249749       0.8860890950370444       0.86721687610931         0.8464871607063905       0.8239042338240671       0.7995016617617268       0.773343712589363        0.7455259313384974       0.7161747866689445       0.685446343346605        0.6535239578173551       0.6206150401180218       0.5869469715429569       0.552762310874738        0.5183134595978095       0.4838569856302955       0.44964782354961824      0.41593357561831823      0.38294913160456706      0.35091180687118406      0.32001716884784626      0.29043568398485287      0.2623102733984981       0.23575481878388446      0.2108536139699054       0.18766171467640547      0.16620610209405745      0.14648754669261865      0.12848303828519322      0.11214863719252226      0.09742259902072692      0.0842286311614524       0.07247915128466173      0.06207843519682452      0.052925561758840056     0.044917084427350734     0.03794938089803721      0.031920653040183926     0.026732567867146343     0.022291546047859156     0.018509717087471914     0.015305569709168812     0.012604332285722906     0.01033812168853359      0.008445900038527855     0.0068732780071093305    0.0055722009890891875    0.004500551096155229     0.0036216938985489558    0.002903994515940739     0.002320323302923084     0.0018475672014511468    0.00146615899165788      0.001159633258745221     9.142149560272395E-4     7.184439948275438E-4     5.628373152755207E-4     4.39588353193637E-4      3.423026701263639E-4     2.6576770276023844E-4    2.057540594862322E-4     1.588454923402659E-4     1.2229455273181895E-4    9.390095537049527E-5     7.190978887555424E-5     5.492689220430725E-5     4.1848937763947167E-5    3.1806004877850924E-5    2.4114676010639292E-5    1.8239931802504116E-5    1.3764351932267446E-5    1.0363342278624942E-5    7.785302075061965E-6     5.835816650188562E-6     4.365111941725285E-6     3.2581370355936235E-6    2.426751657441205E-6     1.8035880047254332E-6    1.3372313366287333E-6    9.884211366137897E-7     7.270122573744998E-7     5.294473319562158E-7     3.76464917128547E-7      2.506760802248861E-7     1.3343418214417557E-7    0
% Data
% c (mol/m^3) @ t=1000, u1=0.03, u2=0.03, u3=0.03
1                         0.9993305336978904       0.998418016075377        0.9972089214080907       0.9956426197574078       0.9936512706967642       0.9911599016117522       0.9880867032450509       0.984343572473633        0.9798369276996685       0.9744688155855309       0.9681383191428484       0.9607432664905649       0.9521822271587843       0.9423567690117969       0.9311739342216517       0.9185488779087979       0.9044075988628371       0.8886896790328391       0.8713509381396071       0.8523659026994406       0.8317299857640156       0.8094612754249007       0.7856018370347254       0.7602184463111139       0.7334026878397778       0.7052703754546052       0.6759602766697849       0.6456321515754971       0.614464145926287        0.5826496069173147       0.550393416661559        0.5179079610145698       0.4854088686955929       0.45311066648675424      0.421222499925424        0.3899440650834692       0.35946188599712         0.3299460548035734       0.3015475288111601       0.2743960520633002       0.2485987401420141       0.22423933775187502      0.20137813071828553      0.18005246892078353      0.1602778355675419       0.1420493819487757       0.1253438358439769       0.11012168617722852      0.09632954604531584      0.08390260032632935      0.07276705194087459      0.0628424915824297       0.05404412840647023      0.046284832840684575     0.0394769565033766       0.03353390747113685      0.02837147124847608      0.023908878351798054     0.020069628177392357     0.016782085673017432     0.013979872294281296     0.011602075918228488     0.009593305996773348     0.007903620496881609     0.006488350349735371     0.00530784547685071      0.004327164223422021     0.003515725429982399     0.002846939603543214     0.002297832864892548     0.0018486746708671973    0.0014826178271172652    0.0011853570762067737    9.44810600241561E-4      7.50827128008367E-4      5.949199789576479E-4     4.7002829345109203E-4    3.70304865680328E-4      2.9092938298612675E-4    2.279454513720608E-4     1.7811952024782517E-4    1.3881967982067207E-4    1.0791226458021209E-4    8.367423162160579E-5     6.471937214148104E-5     4.993654072595308E-5     3.843823563595091E-5     2.9518022648457705E-5    2.261545600219143E-5     1.7287305302145668E-5    1.3184040564908931E-5    1.003065254357199E-5     7.61098380642164E-6      5.75480468194765E-6      4.326863990374442E-6     3.2170347993828487E-6    2.330380755009561E-6     1.5753406296513527E-6    8.469920974922816E-7     0
% Data
% c (mol/m^3) @ t=1100, u1=0.03, u2=0.03, u3=0.03
1                         0.9995458534335587       0.9989261979366468       0.9981036488491826       0.9970354007159467       0.9956729689256566       0.9939620275423285       0.9918423672939851       0.9892479978462785       0.9861074176453039       0.9823440726082077       0.977877021647622        0.9726218223575489       0.9664916441451793       0.9593986087189177       0.9512553492748106       0.9419767701895283       0.9314819788491744       0.9196963508305317       0.9065536794956703       0.8919983517149029       0.8759874834865352       0.8584929432689471       0.8395031874419691       0.8190248319556466       0.797083887272074        0.7737265903676285       0.7490197778519904       0.7230507579713399       0.695926655960578        0.6677732262333439       0.6387331453888917       0.6089638209539133       0.5786347710503561       0.5479246486484096       0.5170179996456881       0.4861018557671037       0.4553622704772002       0.4249809082845745       0.3951317948571517       0.36597832744561526      0.3376706327320658       0.31034334315741996      0.2841138440209869       0.2590810233090176       0.23532453546274146      0.21290457026862075      0.1918620997560197       0.1722195602529015       0.15398191418869725      0.13713802721067456      0.12166229081604722      0.10751641888934486      0.09465134797163437      0.08300917532281735      0.07252507531649607      0.06312914282263593      0.054748121374033634     0.04730698349903656      0.04073034011940149      0.03494366492787425      0.02987432784088166      0.025452438733297847     0.02161150856594038      0.018288939659839458     0.015426360274941387     0.012969820893026517     0.010869870805493058     0.009081533913438354     0.0075642022207011075    0.006281464502734323     0.005200886220849577     0.004293755064372588     0.0035348046665138935    0.0029019271569994975    0.002375883368597361     0.0019400177683329015    0.0015799835815965778    0.0012834821463983653    0.001040019289864508     8.406804627507208E-4     6.779254947703383E-4     5.454031322122611E-4     4.3778497380271943E-4    3.506180127434097E-4     2.801947029149259E-4     2.2343927578686367E-4    1.778089224452748E-4     1.4120840367805697E-4    1.1191664168498129E-4    8.852386001378377E-5     6.987785050512334E-5     5.503792598495434E-5     4.323501751623713E-5     3.383611665142895E-5     2.6310710744067103E-5    2.019577383168505E-5     1.5053831126154532E-5    1.0414851501390437E-5    5.685881994452704E-6     0
% Data
% c (mol/m^3) @ t=1200, u1=0.03, u2=0.03, u3=0.03
1                         0.9996901641798464       0.999267032909831        0.998704453038337        0.9979722067337587       0.9970357178729534       0.9958558034048823       0.9943884860162718       0.9925848855624038       0.9903912073913362       0.9877488457572968       0.9845946198661868       0.9808611586122693       0.976477447660152        0.9713695491402332       0.9654614998387524       0.9586763884044733       0.950937605848614        0.9421702566314635       0.9323027101221647       0.9212682644657691       0.909006887230957        0.895466990027824        0.8806071879946895       0.8643979900835433       0.8468233628380615       0.8278821092250407       0.8075890053448479       0.7859756417013224       0.7630909222202076       0.7390011832832079       0.7137899064487963       0.6875570118589136       0.6604177340342043       0.6325010971695529       0.6039480224017196       0.57490911403852         0.5455421846346735       0.516009589361669        0.4864754477557319       0.45710283521077233      0.42805102727910643      0.39947287693188627      0.3715123986072296       0.34430262352853724      0.317963778966854        0.2926018305319539       0.26830741196328084      0.2451551520300419       0.22320339378355805      0.20249428820013954      0.1830542327597485       0.16489461613449807      0.14801282316804526      0.13239344981430992      0.11800967562971407      0.10482474161007745      0.09279348336411834      0.08186387348142261      0.07197853210292522      0.06307617074150418      0.055092940944969526     0.04796366609011813      0.04162294113701626      0.036006091305129294     0.031049986165227618     0.026693710441211535     0.02287909680880061      0.019551129138561343     0.016658226976588652     0.014152423638499938     0.011989451186986654     0.010128745861719732     0.008533387332911148     0.007169984558005658     0.006008520132991832     0.0050221639363973326    0.004187065645738674     0.003482134431894302     0.0028888128630986886    0.0023908508213631267    0.0019740840829715997    0.001626221163705444     0.0013366410918806552    0.0010962039535229132    8.970753527231832E-4     7.325653391897559E-4     5.969818614008684E-4     4.8549838844319054E-4    3.9403497898668645E-4    3.1915172101784677E-4    2.5795305761007703E-4    2.080009496503643E-4     1.6723393453594278E-4    1.3388762721150378E-4    1.0640956941143757E-4    8.33566823901425E-5      6.325537977582547E-5     4.4389968973550185E-5    2.4459641232767104E-5    0
% Data
% c (mol/m^3) @ t=0, u1=0.03, u2=0.03, u3=0.05
1                         -5.069401922627066E-8    2.724656709418857E-15    3.421885013855533E-20    5.1055724537486383E-26   5.831756625091726E-32    5.95228071258488E-38     5.707686170230607E-44    5.259823408206005E-50    4.715343799710165E-56    4.142543792545835E-62    3.583377428229348E-68    3.0619695156077484E-74   2.5906042865195252E-80   2.1739009194871983E-86   1.811693522021235E-92    1.5009909045016162E-98   1.2372872974977192E-104  1.0154190658112588E-110  8.301070463814919E-117   6.762838972050362E-123   5.492767350883947E-129   4.4489436843871775E-135  3.5945339279047754E-141  2.8976669064284743E-147  2.3311027459801101E-153  1.871790638038714E-159   1.5003845343102207E-165  1.2007596339522162E-171  9.595550075739279E-178   7.65755981475205E-184    6.103222403533478E-190   4.858627504352475E-196   3.8635567023386675E-202  3.0690977520940336E-208  2.435631351451686E-214   1.9311454284521328E-220  1.5298328945491507E-226  1.2109317279821017E-232  9.577701590665026E-239   7.594904464449859E-245   6.711925729026016E-251   5.927712580936617E-257   5.2318628534663915E-263  4.6149586772507854E-269  4.068493722454006E-275   3.5848016643748164E-281  3.1569869361212376E-287  2.7788585129531963E-293  2.4448672219337145E-299  2.1500468749304583E-305  1.8899593520355E-311     1.656125E-317            2.0E-323                 0                        0                        0                        0                        0                        0                        0                        0                        0                        0                        0                        0                        0                        0                        0                        0                        0                        0                        0                        0                        0                        0                        0                        0                        0                        0                        0                        0                        0                        0                        0                        0                        0                        0                        0                        0                        0                        0                        0                        0                        0                        0                        0                        0                        0                        0                        0
% Data
% c (mol/m^3) @ t=100, u1=0.03, u2=0.03, u3=0.05
1                         0.9235571163098389       0.8264881276084332       0.7135636185703763       0.5920086974692059       0.4703503617148358       0.35687434017390113      0.25811042339441975      0.17780906013675296      0.11671168642830282      0.07309703052921673      0.04378216737192734      0.025151134428576093     0.013902189841252917     0.007418795922415703     0.003834887225730716     0.001926290641814083     9.430390971366342E-4     4.5118814611097064E-4    2.114829148394346E-4     9.732891832587316E-5     4.406689116861432E-5     1.9662786383289106E-5    8.659845095000433E-6     3.7696312059529924E-6    1.623798659347599E-6     6.928970510390418E-7     2.931651300401917E-7     1.2308886113821563E-7    5.132178511420408E-8     2.1263673770831202E-8    8.759379302658695E-9     3.5894164035236615E-9    1.4638024073191867E-9    5.943202951710376E-10    2.4032070073103593E-10   9.68128353457629E-11     3.886749659180154E-11    1.5560613036655346E-11   6.234858695505043E-12    2.576161231527775E-12    1.1203870175469427E-12   4.861269652828879E-13    2.1046533754045069E-13   9.093223450851837E-14    3.921154144236718E-14    1.6877835984803924E-14   7.252212984580181E-15    3.111114085219079E-15    1.3325712547995576E-15   5.699394831690228E-16    2.434237604158099E-16    1.0383001245983774E-16   4.4231966558265083E-17   1.8820396244847456E-17   7.998793187606503E-18    3.395828791389397E-18    1.4401697277400747E-18   6.101656639691592E-19    2.5826552627314196E-19   1.0921617562171333E-19   4.614509693203948E-20    1.9480383161438238E-20   8.217072850308311E-21    3.463363263548759E-21    1.458656451660947E-21    6.13895066258555E-22     2.581861023565757E-22    1.0851255809014271E-22   4.557700966670956E-23    1.913110582572444E-23    8.025497879571455E-24    3.364730934439442E-24    1.4098843708232098E-24   5.904449322520541E-25    2.4714146816408125E-25   1.0339258230508007E-25   4.323321813376794E-26    1.8069109094729718E-26   7.548370138402806E-27    3.1519034731678598E-27   1.3155326848661817E-27   5.488388980022357E-28    2.288800253918133E-28    9.541039914019432E-29    3.9756960763646974E-29   1.6560175100592474E-29   6.895335575156066E-30    2.870046281030719E-30    1.1941792290213482E-30   4.967080472684443E-31    2.0653218950176085E-31   8.584852277591274E-32    3.567302387518801E-32    1.4818770685032032E-32   6.153896475448978E-33    2.554638329802177E-33    1.059413963874508E-33    4.358788854138263E-34    1.6490825180282194E-34   0
% Data
% c (mol/m^3) @ t=200, u1=0.03, u2=0.03, u3=0.05
1                         0.9684198249109267       0.9268338871396121       0.8750793175163745       0.8136823821586273       0.7438989560824338       0.6676688154033175       0.5874788148236637       0.5061456319232867       0.4265451375382402       0.3513287304017911       0.28267288701933574      0.22210352879295914      0.1704213257243297       0.12773154952189794      0.0935595890060758       0.06701796094434712      0.04698655124895707      0.03227411788747829      0.021741446821320835     0.014379760891460036     0.00934821487685843      0.005980023126955087     0.0037683265256353428    0.0023416675466967412    0.0014363944457802865    8.705889809441675E-4     5.218427415645327E-4     3.0961736770772905E-4    1.8197773780178722E-4    1.0603343747454981E-4    6.12915075789004E-5      3.516978441019866E-5     2.004513908280162E-5     1.1354217418777386E-5    6.394963398537841E-6     3.583249499668596E-6     1.9988165773289517E-6    1.1118091032239074E-6    6.204348677512879E-7     3.56593362615731E-7      2.1245611008788029E-7    1.2620910399354256E-7    7.477094792022588E-8     4.418584356470636E-8     2.6050824001265857E-8    1.532572658618448E-8     8.998062921939213E-9     5.273108312053713E-9     3.0848229580462052E-9    1.8017357883922528E-9    1.0507426525193329E-9    6.119122536109816E-10    3.5588444525028553E-10   2.0672461537611082E-10   1.1994219440802104E-10   6.951507141148875E-11    4.024771726227481E-11    2.328009269113258E-11    1.3453434511149551E-11   7.767989623315362E-12    4.481582738468994E-12    2.5835703716008146E-12   1.4883074460066736E-12   8.567707178347834E-13    4.928912846535431E-13    2.8337800129232976E-13   1.6282554433784097E-13   9.350447953988123E-14    5.366696330024938E-14    3.078625529692903E-14    1.765191334377903E-14    1.0116283579708461E-14   5.7949958643113596E-15   3.318152211889386E-15    1.899145075559508E-15    1.0865402482207967E-15   6.213926252273677E-16    3.5524285127370917E-16   2.0301568656351273E-16   1.159803811892768E-16    6.623621961381678E-17    3.781531401937662E-17    2.1582705533035598E-17   1.2314439378378026E-17   7.02422386341263E-18     4.0055404382821854E-18   2.2835309930375627E-18   1.3014858797322937E-18   7.415873957308584E-19    4.2245352929531705E-19   2.405982516683589E-19    1.3699532207661178E-19   7.798663646081174E-20    4.438438674219349E-20    2.5251780229416938E-20   1.4353275114635074E-20   8.124280565816223E-21    4.49524471190729E-21     2.163871281089554E-21    0
% Data
% c (mol/m^3) @ t=300, u1=0.03, u2=0.03, u3=0.05
1                         0.9837127248442392       0.961976372799233        0.9342557040185467       0.9002133329917467       0.8597647244665484       0.8131195927918338       0.7608030399706444       0.7036512582391444       0.6427791668880741       0.5795207130890792       0.5153462930651245       0.4517652291451209       0.39022379318275996      0.33201030477510396      0.2781780110844818       0.22949381717528275      0.1864169564008675       0.1491071867488895       0.117458013789239        0.09114756909792324      0.06969854310374567      0.05253896510349022      0.03905725204599604      0.028647229898897678     0.020741186781013495     0.014831008937857994     0.010478846152503945     0.007319510136141725     0.00505701991956271      0.00345753063344182      0.002340483901281794     0.0015693399482933372    0.001042791576330141     6.869739230283424E-4     4.488928183272692E-4     2.9109714931172773E-4    1.8750332360665135E-4    1.2022523344120728E-4    7.7255836437123E-5       5.0878291540661055E-5    3.439310900305734E-5     2.3128545664508782E-5    1.5476036510969512E-5    1.0306183600991138E-5    6.832043314243231E-6     4.509222837124963E-6     2.9636769685498955E-6    1.9400547165151624E-6    1.2650951675766002E-6    8.219154224303075E-7     5.320972327883008E-7     3.433023722332522E-7     2.2077173290610412E-7    1.4152950702157905E-7    9.045667599764057E-8     5.764676911506407E-8     3.663516569855199E-8     2.321966553590279E-8     1.4678845882446752E-8    9.256513614022771E-9     5.823203885613889E-9     3.6548799441902706E-9    2.2888459740765587E-9    1.4302976709905857E-9    8.919390712359023E-10    5.551033059745406E-10    3.448036504490954E-10    2.1377529307284308E-10   1.322993472945757E-10    8.173313204619538E-11    5.040845656107503E-11    3.103823122145986E-11    1.9081007177673274E-11   1.1712183886322832E-11   7.178394065393479E-12    4.393283518795957E-12    2.6849892882035493E-12   1.6387222770975907E-12   9.988378008523096E-13    6.08034223245342E-13     3.696753385584184E-13    2.2448516936336944E-13   1.361583446464725E-13    8.249059562690462E-14    4.99208269439753E-14     3.0177921242180714E-14   1.822382999208829E-14    1.0993724912925641E-14   6.625468424422042E-15    3.989018142168266E-15    2.399406448810339E-15    1.4419156773872323E-15   8.657277734266294E-16    5.193065916589643E-16    3.1117588531025052E-16   1.8611534391459167E-16   1.1065637723432762E-16   6.403328042495279E-17    3.1888276688765706E-17   0
% Data
% c (mol/m^3) @ t=400, u1=0.03, u2=0.03, u3=0.05
1                         0.9906886990071934       0.9781768087238366       0.9620200087002929       0.9418270919186006       0.9172895018181998       0.8882101501365101       0.8545290523268583       0.8163432241401299       0.7739184567859242       0.7276910541218397       0.6782583623817761       0.6263578977119598       0.5728359839861878       0.5186079235947914       0.46461268912588205      0.4117657996658622       0.36091431678648966      0.3127977009886677       0.26801761951521613      0.22701877689403085      0.19008160026866264      0.15732633926948753      0.1287270214256984       0.10413288807512099      0.08329450696303234      0.06589172590791871      0.05156093965820437      0.03991968648180641      0.030587251355267728     0.02320061594767162      0.01742567511511841      0.012964083105313964     0.009556382082939399     0.006982210621710245     0.005058418807098184     0.003635867901177187     0.002595608604688345     0.0018450578355274085    0.0013147813370481597    9.566084946194203E-4     7.096954297012844E-4     5.235870496116317E-4     3.842178477900733E-4     2.804985193045997E-4     2.0377010492594695E-4    1.4733276517601542E-4    1.060471126321374E-4     7.600289331664045E-5     5.42479985147192E-5      3.856999356737276E-5     2.7322282499725605E-5    1.928744209896263E-5     1.3570960830020172E-5    9.519459609950259E-6     6.658348732646125E-6     4.6447195022539206E-6    3.2320395155495186E-6    2.243896619174595E-6     1.554612164809729E-6     1.075022302323147E-6     7.421150869775361E-7     5.11522184226739E-7      3.5210878439318526E-7    2.420954667008531E-7     1.6629161644382025E-7    1.1413068741389877E-7    7.828076785797146E-8     5.3665832991243706E-8    3.677879561372107E-8     2.5200978973519588E-8    1.7267024699905316E-8    1.1831883133527138E-8    8.109208355357152E-9     5.559540377186258E-9     3.813100299705404E-9     2.6165850529584917E-9    1.7965626286119038E-9    1.234324987136487E-9     8.486338019984667E-10    5.838940901399892E-10    4.020550730906665E-10    2.7706723138194244E-10   1.910905918542915E-10    1.3190175373559014E-10   9.11209259770375E-11     6.299963826074902E-11    4.35916930852386E-11     3.0186043211027996E-11   2.0918685869842922E-11   1.4506928682187041E-11   1.0067329209351808E-11   6.9908662323616796E-12   4.857262935083603E-12    3.3760728477754704E-12   2.345976536185164E-12    1.6262329904407447E-12   1.1156157038484808E-12   7.342935377790415E-13    4.0211242098668494E-13   0
% Data
% c (mol/m^3) @ t=500, u1=0.03, u2=0.03, u3=0.05
1                         0.9944242875148649       0.9868962072738321       0.9770908654391092       0.9646876566863246       0.9493847168077325       0.9309149545102414       0.9090628805782074       0.8836812452594337       0.8547063366740156       0.8221707110232815       0.7862121435581628       0.7470777252371378       0.7051222905660985       0.6608007395508536       0.6146542863856916       0.567291187831629        0.5193630195894126       0.4715380161177202       0.4244733067469174       0.3787880195230987       0.33503915740780343      0.2937018818841428       0.2551553998332449       0.21967509949505387      0.1874309944178985       0.15849198641773535      0.1328350142984935       0.11035785777348205      0.09089423302711498      0.07422983991434078      0.06011817359182931      0.04829515684489451      0.03849194278672595      0.03044554632685045      0.02390726501139473      0.01864914196126858      0.014469025784896339     0.01119514590270402      0.008691642329566597     0.006867329363146336     0.005505264078472409     0.004391898862128397     0.003487154316755033     0.002756106693836968     0.002168645282615417     0.0016990658774057332    0.0013256301200723437    0.001030114886466789     7.973703517263893E-4     6.149002665545076E-4     4.724735122340375E-4     3.61772275730159E-4      2.760792147845366E-4     2.1000372527424388E-4    1.5924580176061577E-4    1.2039490076549072E-4    9.076057313563084E-5     6.823132899966374E-5     5.115814806501619E-5     3.825917383492083E-5     2.8542370942924298E-5    2.1243231698634298E-5    1.577495464132688E-5     1.1688858257497563E-5    8.643119353019149E-6     6.378226868297473E-6     4.6978122199281445E-6    3.4537542368028207E-6    2.5346606459070994E-6    1.8570006944748862E-6    1.35830766299497E-6      9.91988978870005E-7      7.233787506350984E-7     5.267460660021725E-7     3.830353467723213E-7     2.781651255936538E-7     2.0175115473768594E-7    1.461507846302106E-7     1.0574974788046339E-7    7.643125118350298E-8     5.5181756631036706E-8    3.9798951482076896E-8    2.8675903516583035E-8    2.0641867685190532E-8    1.4845114230685223E-8    1.0666853317695102E-8    7.65812020230489E-9      5.493577671420784E-9     3.937757878214483E-9     2.8204331964497323E-9    2.0186738714427243E-9    1.443793621566685E-9     1.031858659133677E-9     7.367811522285136E-10    5.252609802828961E-10    3.729886624888108E-10    2.615577299938893E-10    1.7537552817797176E-10   9.728152820245337E-11    0
% Data
% c (mol/m^3) @ t=600, u1=0.03, u2=0.03, u3=0.05
1                         0.996516433245562        0.9917982192923156       0.9856176488984693       0.9777373368825449       0.967916917871541        0.9559211419237388       0.9415291734031015       0.9245447772622454       0.9048069587016933       0.8822005159529047       0.8566658838468963       0.8282076001395366       0.7969007281800543       0.7628946263672713       0.7264135702938488       0.6877539049754079       0.6472776228489144       0.6054025123811347       0.5625892805558441       0.5193262949514217       0.47611279156985753      0.43344152973749084      0.39178192818739316      0.3515646788999345       0.3131687102877637       0.27691117258216996      0.24304086863934196      0.21173528155645083      0.18310108702834788      0.15717781168380449      0.13394413188206405      0.11332621714273117      0.09520751907889076      0.07943949800504017      0.06585297538826791      0.05427012169568913      0.04451757864664406      0.036441952992073        0.029930046787474737     0.024937940764012217     0.021005784587470485     0.01761238365355297      0.01470049851622024      0.012215646768268605     0.010106686586374682     0.008326219774429851     0.006830831425653155     0.00558118721264058      0.004542011326813251     0.003681968506331561     0.002973472743318444     0.002392443485238941     0.001918027760035843     0.0015323039398702726    0.0012199800443958362    9.68096748759673E-4      7.657427301027577E-4     6.037877394432517E-4     4.746368651207681E-4     3.720078706540713E-4     2.9073223264484315E-4    2.2657954672188367E-4    1.7610427582350865E-4    1.3651334550321745E-4    1.055528050246639E-4     8.141163244136371E-5     6.264073197289686E-5     4.808522269901523E-5     3.6828223683510706E-5    2.8144481686052075E-5    2.1462347625658408E-5    1.6332774842952494E-5    1.2404177222796802E-5    9.402142381985636E-6     7.1131405847052654E-6    5.3715016970640135E-6    4.0490494652016615E-6    3.04688473359584E-6      2.288897556262748E-6     1.7166635228376716E-6    1.2854432659034074E-6    9.610573640662212E-7     7.174530340966529E-7     5.348153814369044E-7     3.981057211939465E-7     2.959336448570209E-7     2.1968902127934585E-7    1.6287579106552347E-7    1.206019317522702E-7     8.918991923853028E-8     6.58798716262834E-8      4.8603724262601715E-8    3.581354223560968E-8     2.635060130573506E-8     1.9344137231689453E-8    1.4129260981064305E-8    1.0171162818931447E-8    6.9739910244945605E-9    3.929280767129724E-9     0
% Data
% c (mol/m^3) @ t=700, u1=0.03, u2=0.03, u3=0.05
1                         0.997756887989411        0.9947120046285383       0.9907073579175792       0.9855727849726105       0.9791288609762898       0.9711907366546589       0.9615728922102947       0.9500947399741563       0.9365869460225608       0.920898276143745        0.9029027083198136       0.8825064975737135       0.8596548352965163       0.8343377196424278       0.8065946512533133       0.7765177931879553       0.744253287340816        0.7100005012872165       0.6740090860729812       0.6365738508229091       0.5980275954406455       0.5587321774349178       0.5190682114045089       0.4794238986363815       0.4401835500338544       0.4017163916958383       0.3643662266147459       0.3284424707589913       0.29421299499947035      0.2618990986013234       0.23167283250236048      0.20365680269567302      0.17792654157540633      0.15451556994418814      0.1334234257922476       0.11462726477054379      0.09809822369518509      0.08382470471636858      0.07184626741715108      0.0623041830972082       0.054473583209348655     0.04742736907883204      0.04112051168253149      0.03550496588949821      0.030530786073708818     0.026147162817313798     0.022303357194715965     0.01894951639708362      0.01603736145337366      0.013520744165601317     0.01135607584823063      0.009502634895171839     0.007922763539427658     0.006581966445911766     0.0054489250740223346    0.004495442191157928     0.0036963306627732576    0.0030292598478495465    0.00247457174537078      0.0020150776087184633    0.0016358441928791135    0.001323977224043381     0.001068408159966822     8.59688898191843E-4      6.897978243827484E-4     5.519594946251412E-4     4.4047932031205555E-4    3.505938687404691E-4     2.783367960624606E-4     2.20419976327E-4         1.74129062928617E-4      1.3723249779584677E-4    1.079028503287921E-4     8.464930480224732E-5     6.626010576419048E-5     5.1753801960072735E-5    4.0338188691290246E-5    3.1375926532287454E-5    2.435590317986551E-5     1.886949882286228E-5     1.4591009244460493E-5    1.126157162361761E-5     8.676023455907204E-6     6.672203775745415E-6     5.122277191174703E-6     3.925724888335375E-6     3.003702827743949E-6     2.2945161800265706E-6    1.7500011194603994E-6    1.3326409493070202E-6    1.013273669356537E-6     7.692728141786446E-7     5.831024993832188E-7     4.411597708849886E-7     3.328185356217921E-7     2.495692587262966E-7     1.8408217737324306E-7    1.28849192095988E-7      7.363925065140752E-8     0
% Data
% c (mol/m^3) @ t=800, u1=0.03, u2=0.03, u3=0.05
1                         0.9985239084377123       0.9965168217077011       0.9938690523192485       0.9904598329857268       0.9861584178718892       0.9808257487709351       0.9743167219972466       0.9664830680219636       0.9571768268168488       0.946254368401414        0.9335808716188945       0.9190351366165466       0.9025145702452608       0.8839401513349426       0.8632611574331026       0.8404594189597663       0.8155528633770887       0.7885981228636421       0.7596920052378733       0.7289716695268451       0.6966134034196629       0.6628299673890977       0.6278665458303438       0.5919954245436814       0.5555095911701432       0.5187155257606045       0.4819255083270148       0.44544981646149173      0.40958921897526984      0.37462819466323066      0.3408293271338405       0.3084293616660024       0.27763748071429123      0.24863649397371987      0.22158789417531785      0.19664216830006287      0.17395647099241354      0.15372289740166886      0.13621232639437214      0.12184140806800381      0.10966188245499055      0.09833363145475453      0.08784754797411261      0.07818738348356566      0.06933045556049515      0.0612484481836273       0.0539082741182978       0.04727296901980074      0.041302588543656336     0.03595508254252168      0.031187124064048617     0.026954875042169202     0.023214675005145704     0.019923643544445226     0.017040191477799733     0.014524439425708871     0.012338545783093315     0.010446948736981727     0.008816529032394849     0.007416701635356241     0.00621944532724839      0.005199279652637299     0.004333198610208817     0.00360057010630795      0.0029830095652251263    0.002464235287498228     0.0020299122367409385    0.0016674899765237933    0.0013660395203997392    0.0011160929381413024    9.094887071965063E-4     7.392250285769366E-4     5.993226512226375E-4     4.8469817218071325E-4    3.9104830041818063E-4    3.147451847168496E-4     2.5274260322523227E-4    2.0249258464171704E-4    1.618718686878763E-4     1.291175064001939E-4     1.0277083908779739E-4    8.16290695355733E-5      6.470364204359537E-5     5.1184672064859835E-5    4.0410705452648914E-5    3.184313657968295E-5     2.5044669685888828E-5    1.9661265375442436E-5    1.5407071416078075E-5    1.2051891315852829E-5    9.410792536859561E-6     7.335493766885393E-6     5.707187549827276E-6     4.430428871072413E-6     3.427601869081471E-6     2.6331501526884807E-6    1.9859549074565234E-6    1.4163560576855851E-6    8.199267502272546E-7     0
% Data
% c (mol/m^3) @ t=900, u1=0.03, u2=0.03, u3=0.05
1                         0.9990124468185095       0.9976678373782916       0.9958897280830258       0.9935925900377479       0.9906820701383865       0.9870555811310391       0.9826032607980681       0.977209331330132        0.9707538774820562       0.9631150463711117       0.9541716530792544       0.9438061551470313       0.9319079364470394       0.9183768179095473       0.9031266904784314       0.8860891460053943       0.867216966131555        0.8464873191239871       0.8239045115562351       0.7995021468070935       0.7733445563817095       0.7455273933437284       0.7161773094813092       0.6854506785125857       0.653531375579456        0.6206276772264276       0.5869684049432393       0.5527984987956472       0.5183742767134134       0.48395871302836113      0.4498171638150266       0.4162140886252775       0.3834114877698497       0.3516700209180376       0.32125413978539497      0.2924431170760599       0.26555067282136563      0.24095710859324185      0.2191596250032747       0.20084904177582852      0.1849303815620988       0.1697292809454143       0.15527442445644213      0.14158740140201337      0.12868262773883582      0.11656741421140963      0.1052421737466005       0.09470075652928853      0.08493089735049966      0.0759147568735596       0.06762953649165503      0.06004814547277437      0.05313989906600265      0.04687122708609858      0.0412063740715351       0.036108074269156534     0.031538187268095        0.027458282918021517     0.02383016706364116      0.020616342468139075     0.017780401966208996     0.015287353292136156     0.013103877107309213     0.011198521467871833     0.009541837314002474     0.008106460534625513     0.006867146788293942     0.00580076557738682      0.004886260121150769     0.004104579399995888     0.0034385883961890046    0.0028729620803509917    0.0023940681310729013    0.0019898427637807642    0.0016496634163766534    0.0013642214189734164    0.0011253971832553878    9.261398982599708E-4     7.603532234518433E-4     6.227880324276517E-4     5.089428835422694E-4     4.149725765180139E-4     3.3760489391320103E-4    2.740654189060499E-4     2.220101609013816E-4     1.7946560205329732E-4    1.447756945226193E-4     1.1655528319440102E-4    9.364939347923318E-5     7.509779746536116E-5     6.010423540513216E-5     4.80095871879932E-5      3.8268083779732636E-5    3.0425153863456174E-5    2.4094341555512487E-5    1.892806652660326E-5     1.4570940286021296E-5    1.0570665471832676E-5    6.190736654547756E-6     0
% Data
% c (mol/m^3) @ t=1000, u1=0.03, u2=0.03, u3=0.05
1                         0.9993305337136561       0.9984180161160723       0.9972089214907781       0.9956426199130108       0.9936512709805827       0.9911599021219223       0.9880867041548187       0.9843435740875577       0.97983693055113         0.9744688206052576       0.9681383279490706       0.9607432818866274       0.9521822539831438       0.9423568155840505       0.9311740147923294       0.918549016792087        0.904407837378172        0.8886900871128752       0.8713516336538438       0.8523670834736617       0.8317319823871471       0.8094646379204651       0.7856074764168955       0.7602278646253099       0.7334183500925431       0.7052963078252495       0.676003023577631        0.645702298611544        0.6145787298995868       0.5828359084304053       0.5506948943351658       0.518393482984556        0.48618698894261764      0.4543515708557984       0.42319153730409215      0.3930526635518793       0.36434438384944773      0.33757490080403835      0.3134049024063434       0.2927278699006828       0.274386406325092        0.25650103106102295      0.23912349340869618      0.22230138144209813      0.20607754434617856      0.1904896007789226       0.1755695454557462       0.16134346295321855      0.14783135419859475      0.1350470774283991       0.12299840174418591      0.11168716793877978      0.10110954816450991      0.09125639339090463      0.08211365554376372      0.07366286978432661      0.06588168159320816      0.05874440315112543      0.05222258390938381      0.04628558114581309      0.04090111761736029      0.03603581504980031      0.031655694045673075     0.027726632943981706     0.024214780137516725     0.02108691626553724      0.018310764484582066     0.015855248627344012     0.013690700453246874     0.011789018353820386     0.010123780793729673     0.008670318448392781     0.0074057494548037       0.0063089824437646755    0.005360692094317481     0.004543271872607663     0.0038407684165602265    0.003238801732938364     0.0027244750112966802    0.002286277454232797     0.0019139830963467944    0.0015985481532482936    0.0013320090211565183    0.0011073826480191096    9.185706261003687E-4     7.602680175476891E-4     6.278776181668098E-4     5.174300839521603E-4     4.255100722567057E-4     3.4918824511955573E-4    2.859585591181256E-4     2.3367953354853924E-4    1.9051672812018413E-4    1.5488055134703333E-4    1.2534673292415816E-4    1.0053186455845241E-4    7.886353784321348E-5     5.811227523327981E-5     3.4393567974515646E-5    0
% Data
% c (mol/m^3) @ t=1100, u1=0.03, u2=0.03, u3=0.05
1                         0.9995412865499628       0.9989154617446748       0.9980848700770418       0.9970064382787177       0.9956314308180299       0.9939053043070593       0.9917676844844221       0.9891524893697287       0.9859882210908306       0.9821984466258609       0.9777024841759131       0.9724163070393007       0.9662536707076462       0.9591274615378328       0.9509512569497994       0.9416410779313855       0.9311173050701805       0.9193067198511854       0.9061446241282346       0.8915769831609203       0.8755625321629253       0.8580747837820484       0.8391038752849936       0.8186582005520548       0.7967657846072427       0.7734753789474019       0.7488572865156217       0.7230039686783041       0.6960305470457435       0.668075396138801        0.6393011368791919       0.6098964971902023       0.5800797208364082       0.5501045015338187       0.5202698272843131       0.4909356818386085       0.46254732244353997      0.43567190999417454      0.4110527065121247       0.38968800060969744      0.37043246608311825      0.3513406092002899       0.33246909761339266      0.3138738370640376       0.2956093349749504       0.2777280702771271       0.26027988386428275      0.24331140388654127      0.2268655193853669       0.2109809145522432       0.19569167421274034      0.1810269690681489       0.16701082686161284      0.15366199308145606      0.14099388218521974      0.12901461773806494      0.11772715741645735      0.10712949662788745      0.09721494261819749      0.08797244943798344      0.07938700305458529      0.07144004524022898      0.06410992463275518      0.05737236352721286      0.051200929473070075     0.04556750156985435      0.04044272241291684      0.03579642787616676      0.03159804826537321      0.027816975772344283     0.024422894550931735     0.021386071071840807     0.018677603654830913     0.016269631193553468     0.01413550205877188      0.012249904977665966     0.010588964335962335     0.009130302838283684     0.007853074798560958     0.006737973529126558     0.005767216369742743     0.004924510863580715     0.004195005463757511     0.003565227958226739     0.00302301454664433      0.002557432198738552     0.002158696567109323     0.001818087293356743     0.001527861963627571     0.0012811690680072203    0.0010719587156569367    8.948867149742614E-4     7.452011187873866E-4     6.185865013564907E-4     5.109115274659935E-4     4.177613665746956E-4     3.3349856065248385E-4    2.4929899566763754E-4    1.4897142098472242E-4    0
% Data
% c (mol/m^3) @ t=1200, u1=0.03, u2=0.03, u3=0.05
1                         0.999682973318276        0.9992501135950634       0.9986748168719165       0.9979264064814934       0.9969698581550787       0.995765574410305        0.9942692243399439       0.9924316657586238       0.9901989669928355       0.9875125453120204       0.9843094379974592       0.9805227202531179       0.9760820815287535       0.9709145683385916       0.9649454973542227       0.9580995375209705       0.9503019543526785       0.9414800036375166       0.9315644558612991       0.9204912271488445       0.9082030879775235       0.8946514180070515       0.8797979749423724       0.8636166484667591       0.8460951783047655       0.8272368301496793       0.8070620468156413       0.785610127610627        0.7629410406917725       0.739137546639276        0.7143079142472806       0.6885896518584392       0.6621548733472503       0.6352181857208996       0.6080483500678402       0.5809854619788032       0.5544660643444904       0.5290594998308901       0.5055200028860481       0.48486061084106025      0.4660042154155249       0.4470587802160331       0.428072979808831        0.40909710808411115      0.3901826384404198       0.37138174578893246      0.3527467981143206       0.33432982658488264      0.31618198422801114      0.2983530039223603       0.28089066686124475      0.26384029268347514      0.2472442621354408       0.231141582427179        0.21556750439870365      0.20055319926098183      0.1861255010730181       0.17230671932815897      0.15911452412202504      0.14656190443780742      0.1346571981875549       0.12340419086127588      0.11280227802175176      0.10284668549352742      0.0935287399684137       0.08483618191194041      0.0767535121164247       0.06926236300416383      0.06234188582408547      0.05596914518208132      0.0501195128661752       0.04476705363386829      0.03988489647832929      0.03544558583935685      0.03142140823199908      0.027784690790838697     0.024508069235773124     0.021564723725197334     0.018928581949987023     0.01657448961748159      0.01447834916516614      0.012617228120067448     0.010969438976409797     0.009514592795846738     0.00823362893221531      0.007108823322501998     0.006123777609016206     0.00526339082851871      0.004513814218213969     0.0038623871825374917    0.003297547209034981     0.002808695459340162     0.0023859763847849523    0.0020198802170210716    0.0017004723369235602    0.0014158316180042263    0.0011488108495345786    8.702429107306957E-4     5.246330410472436E-4     0
% Data
% c (mol/m^3) @ t=0, u1=0.03, u2=0.05, u3=0.01
1                         -5.069401922627066E-8    2.724656709418857E-15    3.421885013855533E-20    5.1055724537486383E-26   5.831756625091726E-32    5.95228071258488E-38     5.707686170230605E-44    5.259823408206005E-50    4.715343799710164E-56    4.142543792545834E-62    3.583377428229348E-68    3.061969515607748E-74    2.590604286519526E-80    2.1739009194871976E-86   1.8116935220212346E-92   1.5009909045016162E-98   1.2372872974977192E-104  1.0154190658112588E-110  8.301070463814932E-117   6.7852292567469E-123     6.16636581822603E-129    5.588521660191469E-135   5.052240395775525E-141   4.5571233805918775E-147  4.10208096274934E-153    3.6855321177118E-159     3.3055619588687224E-165  2.960044973995802E-171   2.6467404697677973E-177  2.3633655670380713E-183  2.10765014163382E-189    1.8773773176856892E-195  1.670412466859249E-201   1.4847231251512828E-207  1.3183917907457872E-213  1.1696231962023447E-219  1.03674734300713E-225    9.182193353186568E-232   8.126168434784748E-238   7.139077140112256E-244   5.0308310807509177E-250  3.5428510036127546E-256  2.4934206897170622E-262  1.7538028047242168E-268  1.2328793791999471E-274  8.662162115724892E-281   6.082868409245668E-287   4.269497309894736E-293   2.9953009008247754E-299  2.1004297567459425E-305  1.4722715853694E-311     1.0217317E-317           1.0E-323                 0                        0                        0                        0                        0                        0                        0                        0                        0                        0                        0                        0                        0                        0                        0                        0                        0                        0                        0                        0                        0                        0                        0                        0                        0                        0                        0                        0                        0                        0                        0                        0                        0                        0                        0                        0                        0                        0                        0                        0                        0                        0                        0                        0                        0                        0                        0
% Data
% c (mol/m^3) @ t=100, u1=0.03, u2=0.05, u3=0.01
1                         0.923557116309839        0.8264881276084344       0.7135636185703809       0.5920086974692225       0.47035036171489386      0.35687434017410447      0.2581104233951304       0.1778090601392265       0.11671168643687352      0.07309703055876807      0.04378216747327057      0.025151134774073703     0.013902191011494825     0.0074187998579268105    0.0038349003567558692    0.0019263340730654053    9.431813620086591E-4     4.516491606905417E-4     2.1295903173760064E-4    1.0199243125083313E-4    5.045119462427651E-5     2.4611631307594314E-5    1.1857451218078823E-5    5.649007295069854E-6     2.6642101756064265E-6    1.2451178355684556E-6    5.771365947829601E-7     2.655276242983399E-7     1.2133940750716007E-7    5.51085842267626E-8      2.4888356216146336E-8    1.1182553165319763E-8    5.000792674863323E-9     2.226666013923671E-9     9.874997886086043E-10    4.36328640807718E-10     1.9212063652285035E-10   8.426428456767843E-11    3.6598401915487535E-11   1.4820355799245355E-11   5.308425842451535E-12    1.896540584221582E-12    6.75957960123745E-13     2.403830074387921E-13    8.530489518651573E-14    3.021236226413283E-14    1.0680357477176124E-14   3.768972764054865E-15    1.3278174231079883E-15   4.670577949448325E-16    1.640421875157572E-16    5.753421975086523E-17    2.015177502375187E-17    7.049287764600083E-18    2.4629096621785237E-18   8.595035394807954E-19    2.9961653456479757E-19   1.0433361722835828E-19   3.629469970861074E-20    1.261366835729301E-20    4.37962071952053E-21     1.5193052873269184E-21   5.266021433850775E-22    1.8237440162781087E-22   6.311064760558845E-23    2.182287306455332E-23    7.540567985911434E-24    2.6036983962901063E-24   8.984269861848427E-25    3.0980671922545793E-25   1.0676396690142865E-25   3.677001317676452E-26    1.2656307024132721E-26   4.353843645800983E-27    1.4969225581483332E-27   5.143919880670081E-28    1.766707835479261E-28    6.064820217566357E-29    2.0809442479881686E-29   7.136719643264595E-30    2.4464626197117305E-30   8.382742032791306E-31    2.8710896244734326E-31   9.829373872415835E-32    3.363787228371919E-32    1.1506934197860458E-32   3.934811050382098E-33    1.3450108193086543E-33   4.595890143557438E-34    1.569855285874882E-34    5.360431016954813E-35    1.8297584028394738E-35   6.243748357610523E-36    2.129893124742654E-36    7.263246109067136E-37    2.475893342837804E-37    8.429842766427289E-38    2.8446796435186104E-38   8.782641827164702E-39    0
% Data
% c (mol/m^3) @ t=200, u1=0.03, u2=0.05, u3=0.01
1                         0.9684198249478643       0.9268338872545943       0.8750793178214119       0.8136823829415303       0.7438989580708703       0.6676688204226563       0.5874788274233613       0.5061456633675933       0.42654521551968627      0.3513289224775657       0.28267335661845355      0.22210466766474707      0.17042406359263826      0.12773806902886453      0.0935749539934537       0.06705376991554061      0.04706900242482134      0.03246149967388547      0.02216134298572986      0.015306547323884036     0.010714478915638282     0.007392480396171373     0.005031564523099054     0.0033812508518678936    0.002245301475292355     0.0014745034718625033    9.583590190298915E-4     6.169412830550144E-4     3.9363854361790154E-4    2.4910192492033666E-4    1.5644150154123837E-4    9.756057774905466E-5     6.044756833491716E-5     3.72290645531299E-5      2.2802327560207937E-5    1.3893797012971472E-5    8.421713007564309E-6     5.06965213980695E-6      3.0001942546140906E-6    1.6504639792890614E-6    8.233768031299842E-7     4.0931331664541043E-7    2.0281620467672644E-7    1.0019643709705824E-7    4.93636874126684E-8      2.425838723137785E-8     1.1893234462069391E-8    5.818334274368365E-9     2.8407161200429073E-9    1.3843660765078434E-9    6.734815617162142E-10    3.271181352395706E-10    1.586483242622785E-10    7.683549328406625E-11    3.716409468414828E-11    1.7953818040135792E-11   8.66352971973476E-12     4.176073244940461E-12    2.010964489758667E-12    9.674518035976386E-13    4.650144405397519E-13    2.2332500941240217E-13   1.0716724590790042E-13   5.138767920610741E-14    2.4623240952544075E-14   1.179061594396684E-14    5.642187137750542E-15    2.6983097351403607E-15   1.2896803738699747E-15   6.160701247698917E-16    2.941351816539305E-16    1.4035983229450864E-16   6.694642055430063E-17    3.191607958155287E-17    1.5208900483743875E-17   7.244361723489862E-18    3.4492440310237017E-18   1.6416335452119943E-18   7.810226514983628E-19    3.7144318552103795E-19   1.765909352555634E-19    8.392613713635369E-20    3.987348082261541E-20    1.8938001505987937E-20   8.991910181815257E-21    4.268173683647373E-21    2.0253905802730462E-21   9.608511708474472E-22    4.557093656908354E-22    2.160766969469348E-22    1.0242817892741133E-22   4.8542852995144854E-23   2.29998959312615E-23     1.0894573388206541E-23   5.1583534171006724E-24   2.4393762172472184E-24   1.1474615394005681E-24   5.256798745259528E-25    2.074114589812538E-25    0
% Data
% c (mol/m^3) @ t=300, u1=0.03, u2=0.05, u3=0.01
1                         0.9837127295503494       0.9619763862654347       0.9342557358074687       0.9002134044141248       0.8597648820111352       0.8131199366493375       0.7608037839496277       0.703652854272195        0.6427825608919387       0.5795278646373238       0.515361217909292        0.4517960634354404       0.39028682447503815      0.33213772933037994      0.27843263279948904      0.2299964484546985       0.18739662478046532      0.15099147534688176      0.1210325502908993       0.09783202588428422      0.07955011601128405      0.06392282146272996      0.050769196413385106     0.03986308745167716      0.03095166881905905      0.02377229818198745      0.018066554614638405     0.013590894914079011     0.01012386357731888      0.007470161617037443     0.0054621048700153356    0.003959097200157481     0.002845737564681444     0.00202910639222674      0.0014356663362065768    0.0010080856899804043    7.021546787702347E-4     4.8379467098625165E-4    3.258846809255861E-4     2.0405324007758088E-4    1.1716091463672023E-4    6.68262245405591E-5      3.787787565173557E-5     2.1342176574894212E-5    1.1957409012000837E-5    6.6635129986907695E-6    3.694468269630248E-6     2.0384059926868234E-6    1.1194902615472792E-6    6.12118422374034E-7      3.332920167779514E-7     1.8074744434175807E-7    9.764627509627504E-8     5.2559264751525945E-8    2.8191777970576654E-8    1.507095284375722E-8     8.03092813522218E-9      4.266343130189927E-9     2.2597781553259786E-9    1.1935695762098099E-9    6.287104377554601E-10    3.3030947352234705E-10   1.7310227268779682E-10   9.04976958539399E-11     4.7202472154067386E-11   2.4565288154341533E-11   1.2756877758838816E-11   6.6109834178506636E-12   3.419156159290144E-12    1.7649543453792069E-12   9.093659378214243E-13    4.676943913873703E-13    2.401210361746225E-13    1.2307444525523556E-13   6.297948414744191E-14    3.2177081773796644E-14   1.6414676557256197E-14   8.361360129147274E-15    4.253048524763927E-15    2.160337338859108E-15    1.0958694686252727E-15   5.551745173877022E-16    2.8089909844665897E-16   1.4195061591406433E-16   7.164826218949098E-17    3.612186704493196E-17    1.8190514322246344E-17   9.150473643030115E-18    4.598106017853041E-18    2.3081479821381578E-18   1.1574689627588711E-18   5.798644976279519E-19    2.902158255595382E-19    1.4510429051887273E-19   7.24615311432902E-20     3.6101654870819766E-20   1.7853650526550722E-20   8.556010395764391E-21    3.490912445675522E-21    0
% Data
% c (mol/m^3) @ t=400, u1=0.03, u2=0.05, u3=0.01
1                         0.9906835171910615       0.9781649667140059       0.9620002780473687       0.9417987599864762       0.9172526991987189       0.8881662572284134       0.8544812359209976       0.8162972219040834       0.7738838507732528       0.7276834887473876       0.6783035221455661       0.6264986496158594       0.5731450377496103       0.5192098618329329       0.4657215497257429       0.4137479487891106       0.3643916704089135       0.3188141355698731       0.27830252584242265      0.24439716691255067      0.21525627497137811      0.18795368235170767      0.16267370222844846      0.13954352392511077      0.11863150120440025      0.09994881974403874      0.08345415950232987      0.0690607245829613       0.05664486825850604      0.046055499758007316     0.037123510439595775     0.029670575104016998     0.023516836178919646     0.018487124944348943     0.014415465137750933     0.01114756231456076      0.008540655355444623     0.006459161639512629     0.004762229200992398     0.003273900181278567     0.0020851636014155863    0.001317168471548162     8.25505990959569E-4      5.134762952308149E-4     3.170867612943573E-4     1.9445661826218832E-4    1.1846145760457727E-4    7.17063726287515E-5      4.313954047209378E-5     2.5800940695010166E-5    1.5343970780588195E-5    9.075637615169426E-6     5.340033266562454E-6     3.126252465064558E-6     1.821373637552288E-6     1.0562011780744203E-6    6.097345419935099E-7     3.5047086089504964E-7    2.0060745765573202E-7    1.1436422663296687E-7    6.494447748057302E-8     3.6741872471759326E-8    2.0711084037803815E-8    1.1633751980731688E-8    6.512725119691888E-9     3.6339585564667534E-9    2.0212387981542263E-9    1.1207786610138115E-9    6.196249173078376E-10    3.4157422535992696E-10   1.8777042604904717E-10   1.0294191044259103E-10   5.628798354537788E-11    3.069952282338766E-11    1.6702160913509354E-11   9.065048193582038E-12    4.908559259186403E-12    2.6518764183836785E-12   1.4295375326551623E-12   7.689666662630342E-13    4.127762858693984E-13    2.2112704265253186E-13   1.182258802631984E-13    6.308841694506484E-14    3.360276578141482E-14    1.7865282051135587E-14   9.48144541386607E-15     5.023294734137038E-15    2.656874887603416E-15    1.4029429280518344E-15   7.39626472690474E-16     3.893169032325834E-16    2.0460670883066498E-16   1.0735959812307791E-16   5.622468600857266E-17    2.934610480136581E-17    1.5171610271167585E-17   7.563374089318366E-18    3.176288970157813E-18    0
% Data
% c (mol/m^3) @ t=500, u1=0.03, u2=0.05, u3=0.01
1                         0.9943730832049056       0.9867786324322202       0.9768932676405031       0.9643999508233772       0.9490027431566253       0.9304430363600877       0.9085165076750598       0.8830899186907215       0.8541168356972813       0.8216514277416156       0.7858597320901985       0.7470281970692003       0.7055699472719744       0.6620300893726664       0.6170925068626012       0.5715919925820595       0.526537247183548        0.4831522306022954       0.4429455814061773       0.4078202842268256       0.37610205303742994      0.34476068104900254      0.31405807202357494      0.2842475877770823       0.25556587423066823      0.22822530107591937      0.20240749399605187      0.178258353821324        0.15588483117479482      0.13535357074460855      0.11669136869547139      0.09988720509431981      0.0848954073874494       0.07163921928906         0.06001356203505527      0.049884790837339134     0.04108314173974839      0.03337900302930003      0.026424332581917277     0.01961963220237552      0.013643893831556168     0.009409685194648066     0.006438030064787185     0.0043713800894649105    0.002946545458557362     0.0019723003590550975    0.0013113836486426838    8.663832652811935E-4     5.689003178019154E-4     3.7138641551111816E-4    2.4109780220327382E-4    1.5568527086260337E-4    1.0002178185861906E-4    6.394939473501623E-5     4.06978518169351E-5      2.5786634998175542E-5    1.6270376656832624E-5    1.0225126348469279E-5    6.401668750772958E-6     3.993497858548312E-6     2.4827264220298074E-6    1.538494810973392E-6     9.504490740498883E-7     5.854617929668041E-7     3.596448332818299E-7     2.2035393633794907E-7    1.3468003718594797E-7    8.212632229860026E-8     4.9970904173408265E-8    3.034340872595573E-8     1.838985160965803E-8     1.1125279206563187E-8    6.719119878658267E-9     4.0516359084366395E-9    2.4395550812317644E-9    1.466886744815068E-9     8.8090638537791E-10      5.283839254063258E-10    3.165873461551722E-10    1.8949472173169715E-10   1.1331668663470128E-10   6.770418289142599E-11    4.0419588396510166E-11   2.4112992356690607E-11   1.4375386029946383E-11   8.564889627625673E-12    5.100125758631575E-12    3.0354160020976405E-12   1.805732245314017E-12    1.0737509046939798E-12   6.382368119582694E-13    3.792198327263947E-13    2.252184590385738E-13    1.3365980556696533E-13   7.918950980979097E-14    4.669231079185068E-14    2.7118394231467886E-14   1.4971225197792245E-14   6.762607048100448E-15    0
% Data
% c (mol/m^3) @ t=600, u1=0.03, u2=0.05, u3=0.01
1                         0.9964928223516059       0.9917439948138489       0.985526565807132        0.9776050754319273       0.9677426606343428       0.9557096807757052       0.9412937495419276       0.9243109990047228       0.9046183699803428       0.882126738896308        0.8568147775296351       0.8287436228371003       0.7980727352753777       0.7650777703814748       0.7301719018123508       0.6939328305222909       0.6571387009354842       0.6208173139686386       0.5863143531955213       0.5553877745760134       0.5266098597825588       0.4972305973938998       0.46742760844750136      0.4373950246944205       0.40733933331904343      0.3774744380667546       0.34801614326894126      0.3191763134838658       0.29115697929689976      0.26414463549365685      0.2383048902778683       0.21377743434091426      0.19067092642906747      0.16905667021172624      0.14895853738284534      0.13033375813685102      0.11303349892691271      0.09672065779657327      0.08069921142872437      0.06356324832055335      0.047339388864444026     0.03496952328900045      0.025629312982165163     0.018641882279228476     0.013460748593934254     0.009651443560700558     0.006873403459875082     0.004863140480739056     0.00341926098426552      0.0023895680920735358    0.001660259173942837     0.0011470852945163477    7.882599239022323E-4     5.388703711154311E-4     3.665424280760432E-4     2.481247658871202E-4     1.6718591392333377E-4    1.1214704228530163E-4    7.490426979107994E-5     4.982246941994293E-5     3.300734078987162E-5     2.1783446751917776E-5    1.432303846242656E-5     9.384164182005497E-6     6.127242113462705E-6     3.987479332800554E-6     2.586715556838723E-6     1.6728869346874563E-6    1.0787010821278328E-6    6.935844032571052E-7     4.447402982363636E-7     2.8442395449679663E-7    1.8143467470307572E-7    1.1545404759674607E-7    7.32945325092676E-8      4.642424599225271E-8     2.9340324133693656E-8    1.850402767244862E-8     1.1646144644029979E-8    7.3155101028635695E-9    4.586531042497891E-9     2.8703241560242904E-9    1.793134704008917E-9     1.1182982394666269E-9    6.962921060320173E-10    4.328523102324879E-10    2.686746949875497E-10    1.6652359608384868E-10   1.03064395230148E-10     6.37008148135764E-11     3.931870882440341E-11    2.4236631410054428E-11   1.4918507071204692E-11   9.166480208569182E-12    5.6155870566475984E-12   3.4175933042650564E-12   2.0428565245611763E-12   1.1551320685063912E-12   5.303555791751479E-13    0
% Data
% c (mol/m^3) @ t=700, u1=0.03, u2=0.05, u3=0.01
1                         0.9977473344774116       0.9946904236718647       0.9906722520748474       0.9855246239076736       0.979071558576617        0.971133825638668        0.9615347077670203       0.9501070727086063       0.936701840709998        0.9211979615645767       0.9035140764626148       0.8836221469790301       0.8615635005622672       0.8374679825304494       0.8115772311590993       0.7842735140006232       0.7561160835209865       0.7278876233989696       0.7006540464982141       0.6758416390436237       0.6523007605907819       0.6277496666649985       0.6022628239960895       0.5759333633862518       0.5488727880437033       0.5212100148788077       0.4930896995185117       0.4646698133828222       0.43611844179671433      0.4076097312118938       0.379318784998529        0.3514150028079392       0.32405270799845376      0.29735658032836143      0.2713967638599614       0.2461433052396804       0.22137938653778122      0.1965330246737481       0.17034868744535706      0.14024687053812235      0.11001216200706929      0.08559964962294571      0.06608401036634025      0.05063144916061795      0.03850768920200147      0.0290789288114493       0.021807760843222914     0.01624577900330474      0.012024280125978535     0.008844152882351906     0.006465748754062984     0.0046992762302688       0.003396050928937088     0.0024407730807471115    0.0017448857253927513    0.0012409859188247678    8.782102011323734E-4     6.184875724100151E-4     4.3354198960503547E-4    3.0252663316901815E-4    2.1017967280715256E-4    1.4540278768097124E-4    1.0017697164078427E-4    6.87436265178671E-5      4.699164589113613E-5     3.200257959602743E-5     2.171581131663015E-5     1.4683945403144962E-5    9.895375743113763E-6     6.646457238833931E-6     4.450005354384243E-6     2.970200205486686E-6     1.976545422796999E-6     1.311485098313378E-6     8.67748045819885E-7      5.725778908888249E-7     3.768094682325679E-7     2.473373915815608E-7     1.6194656482736158E-7    1.0577908871556883E-7    6.89294873180631E-8      4.481438038668288E-8     2.9071391677802248E-8    1.8818209610610756E-8    1.2155752615780434E-8    7.836146576578522E-9     5.04156641315192E-9      3.2373871932878016E-9    2.074972515128566E-9     1.3275102100907634E-9    8.477801259554424E-10    5.404323833304432E-10    3.438368958726885E-10    2.1822699429465659E-10   1.3796849071784932E-10   8.652160903037277E-11    5.314911830369932E-11    3.074146022002548E-11    1.4332341900466873E-11   0
% Data
% c (mol/m^3) @ t=800, u1=0.03, u2=0.05, u3=0.01
1                         0.9985225828428794       0.9965145877093105       0.9938678183056211       0.9904640451962521       0.9861766304061081       0.980872947789789        0.974417732057918        0.9666775039225971       0.9575262411688427       0.9468524998238128       0.934568241140165        0.9206196947484195       0.9050006924188316       0.8877690466841567       0.8690667295637101       0.8491448324040882       0.8283945588588018       0.8073858149266717       0.7869153016982028       0.7680663680382206       0.7499543677171809       0.7307966139131912       0.7105998759233599       0.6893832240250005       0.6671791198563188       0.6440342326840387       0.6200098728072283       0.5951818997573659       0.5696398966656134       0.5434852673343908       0.516827639578889        0.489778413723351        0.46243922420639677      0.43488100256075357      0.40710533114695285      0.3789721487018855       0.3500634127885434       0.31942508684730603      0.28507876746481203      0.24309904540531782      0.1988200093126876       0.16133092417798028      0.1299107856174099       0.10383183658376544      0.08238717285889274      0.06491076077652833      0.050790724915805614     0.03947694863083539      0.030484093004435765     0.023391109731820264     0.017838229479219633     0.01352227516728703      0.010191000552306716     0.007637004477647908     0.0056916313714435365    0.004219145766105603     0.003111366084065351     0.0022828613048129277    0.0016667522219613294    0.0012111145368409763    8.759512033413519E-4     6.306833035852988E-4     4.5209952007934387E-4    3.2270152490716363E-4    2.2938427855511437E-4    1.6239468396857178E-4    1.1451802963288502E-4    8.044827504984556E-5     5.630486287528518E-5     3.9264988582379974E-5    2.7285894889485682E-5    1.889668080451056E-5     1.3043304132315957E-5    8.973945240743042E-6     6.154753182117526E-6     4.208292006356085E-6     2.8688281240937648E-6    1.950028562748947E-6     1.3217474422224543E-6    8.934274736231366E-7     6.022886887030372E-7     4.0496266533935457E-7    2.7159358138700277E-7    1.8169655952722963E-7    1.2126183707559608E-7    8.073808767014501E-8     5.363339481008975E-8     3.5548312018262165E-8    2.3509956203681717E-8    1.5515000932105413E-8    1.021708022689223E-8     6.713650484783034E-9     4.40109884912967E-9      2.8765040648842625E-9    1.871153498681637E-9     1.205556161851577E-9     7.588730021642568E-10    4.478348087019538E-10    2.1162012847284225E-10   0
% Data
% c (mol/m^3) @ t=900, u1=0.03, u2=0.05, u3=0.01
1                         0.9990170693825241       0.9976796562187119       0.9959132790266165       0.9936354776893941       0.9907565926814024       0.9871810905309446       0.9828095592957831       0.9775415178191152       0.9712792077789062       0.9639325700008177       0.9554256484960236       0.9457047198014547       0.9347485141272389       0.9225809810551971       0.9092871579933292       0.8950328250412519       0.8800887742680007       0.8648606808038378       0.8499257299442171       0.8360773159572702       0.8226569163164865       0.8083264889562014       0.7930606948661248       0.7768401223977606       0.759652351844851        0.7414929486995139       0.7223662809044111       0.702285989604377        0.6812748233460989       0.6593633235276637       0.636586432000441        0.6129763074643167       0.5885481643041435       0.5632731904917154       0.5370274623858511       0.5094962378612633       0.47999538778410344      0.44713929932441987      0.4082251490850927       0.3580949115835568       0.3030053745887012       0.2544707691717378       0.21214448845708692      0.1755909221661199       0.14431725006995103      0.1178009896813347       0.09551287921224635      0.0769350347010831       0.06157459769106077      0.0489732866830879       0.038713388002408936     0.030420780149353125     0.023765592797229507     0.018461070530563867     0.01426115463347437      0.010957224633287434     0.008374363767257151     0.006367435821099105     0.0048171895947604635    0.003626544493022593     0.002717157851419496     0.0020263318998620136    0.0015042852499500873    0.00111178947455504      8.181544686457144E-4     5.995354890155614E-4     4.3752875683970594E-4    3.180200800852066E-4     2.3025108603068632E-4    1.6606950126086335E-4    1.1933280859573108E-4    8.543804065833486E-5     6.095407144638776E-5     4.3336289273751355E-5    3.070681726464639E-5     2.1686401249839804E-5    1.5266670054092878E-5    1.0713685386006139E-5    7.495556120243457E-6     5.228426303168101E-6     3.6363958644030025E-6    2.52193776608232E-6      1.7441739240646132E-6    1.2030003741778871E-6    8.275414917775897E-7     5.677909061242796E-7     3.8858609122326525E-7    2.6528348570426787E-7    1.806668701148778E-7     1.2274601901298655E-7    8.319517220712756E-8     5.624932486686762E-8     3.7926676441623353E-8    2.5482370308687663E-8    1.7025365451023338E-8    1.1249507391772221E-8    7.243526506681242E-9     4.354166414797516E-9     2.082871789021732E-9     0
% Data
% c (mol/m^3) @ t=1000, u1=0.03, u2=0.05, u3=0.01
1                         0.9993439614513481       0.9984505556143083       0.9972687692050619       0.995741582040893        0.9938063269577908       0.9913954215528916       0.9884375725917435       0.9848595728106175       0.9805888323908947       0.9755568144523934       0.9697035764744292       0.9629836586164516       0.955373606419109        0.9468814700432279       0.9375586853232335       0.9275148129994069       0.9169356899401613       0.9061056267435601       0.8954343643937753       0.8854895703578975       0.8757929334774206       0.8653675267844055       0.8541773577878693       0.8421881750879827       0.8293681291562911       0.8156884057031939       0.8011237282985965       0.7856525414749422       0.7692565302476082       0.7519188478202314       0.7336199016339748       0.7143285899438293       0.6939851236849619       0.6724683512741751       0.6495346306375426       0.624704601742474        0.5970548116557434       0.5648360422277733       0.524776867703546        0.4708170574115819       0.4094685167486831       0.35360993625436044      0.303265991677768        0.2583320379474288       0.2185990877030836       0.1837783096209742       0.15352401568650925      0.12745439150967006      0.10516949482176796      0.08626628905618017      0.0703506816369712       0.05704669565544385      0.04600301869187307      0.036897246614350045     0.029438178468063472     0.023366527515479473     0.018454399975431517     0.014503863681349616     0.011344889700040875     0.008832905940109794     0.0068461568918374875    0.005283020784961215     0.004059396572964822     0.003106239377340303     0.0023672948206231955    0.0017970600180352192    0.0013589815186374078    0.001023887611753073     7.686434610788413E-4     5.750117888407538E-4     4.2869862607215206E-4    3.185623574606743E-4     2.3596438858338784E-4    1.742408084215513E-4     1.2827605812993555E-4    9.416157678304442E-5     6.892447588028358E-5     5.0313355813066955E-5    3.6630326167005446E-5    2.6600071670638496E-5    1.9268388563239133E-5    1.3923993738864433E-5    1.0038586304634824E-5    7.2211317459877925E-6    5.183161072885337E-6     3.7125515631927957E-6    2.653802684431409E-6     1.8932601497190536E-6    1.3480908484528936E-6    9.580875445703258E-7     6.795985580532591E-7     4.810458359892837E-7     3.396246136268101E-7     2.388772293987914E-7     1.6690899225342593E-7    1.1507033510389773E-7    7.697064639654888E-8     4.771788046027198E-8     2.3295989870182462E-8    0
% Data
% c (mol/m^3) @ t=1100, u1=0.03, u2=0.05, u3=0.01
1                         0.999562259515099        0.9989657224330033       0.998175654546766        0.9971529486930348       0.9958542785260075       0.9942325038349408       0.9922374043537187       0.989816834619596        0.9869184105968454       0.9834918598379971       0.9794921912501211       0.97488386835316         0.9696462014313444       0.9637802091464762       0.9573172386261303       0.9503296738810809       0.9429441040521148       0.9353573628726355       0.9278558850144265       0.9208388481745029       0.9139655458111353       0.9065376673635761       0.8985196125458546       0.8898752786316501       0.8805683297678204       0.8705624122556711       0.8598212049570668       0.8483080962758665       0.8359851017926143       0.8228103147795983       0.8087325982953          0.7936811709807645       0.7775458288649789       0.7601401003838033       0.741133430941159        0.7199273579115484       0.695430686209868        0.6656530105303271       0.6269723162507221       0.5728191579157774       0.5094526095359304       0.45012697884301733      0.3951479618397056       0.34468891687475656      0.298805067812813        0.25744974515365965      0.22049162304723152      0.18773204419675002      0.1589216857316684       0.13377599171059149      0.11198896872773328      0.09324509975737788      0.07722927055454551      0.06363471826412331      0.052169101619073996     0.042558856615262486     0.03455204282178526      0.027919906571834026     0.022457391807276485     0.017982821115933245     0.014336952153533061     0.011381591466866217     0.008997921518365903     0.007084669688821892     0.005556221884109624     0.004340759261421991     0.0033784752431392268    0.0026199117595211182    0.002024438629419677     0.0015588880208610302    0.001196346764169097     9.151025739449349E-4     6.977355934775867E-4     5.303437263837617E-4     4.018886083167339E-4     3.036484761066065E-4     2.2876433650709412E-4    1.7186649197681317E-4    1.2876946164768494E-4    9.622449795712308E-5     7.172013547612921E-5     5.332244076889981E-5     3.954780797333497E-5     2.926223106350316E-5     2.1601962243868575E-5    1.5911329409757014E-5    1.1694234591877276E-5    8.576495414276789E-6     6.276731583352587E-6     4.5839486546844864E-6    3.3403426871815987E-6    2.428152554004672E-6     1.7596315648082386E-6    1.269405529063574E-6     9.086380475420299E-7     6.405418270297757E-7     4.368617726812384E-7     2.750143615319035E-7     1.355991082923874E-7     0
% Data
% c (mol/m^3) @ t=1200, u1=0.03, u2=0.05, u3=0.01
1                         0.9997052366618148       0.9993033637173041       0.9987706891727615       0.9980804171353629       0.997202713208208        0.9961049404777946       0.9947521220666752       0.9931076980702674       0.9911346583277981       0.9887971480310098       0.9860626607469976       0.9829049530471697       0.9793078365010978       0.9752700260464361       0.9708112481691764       0.9659798370609028       0.9608620706333072       0.9555935190239783       0.9503726932945267       0.9454772876904438       0.9406679308165662       0.9354530492796633       0.9298026567556771       0.9236853481187072       0.9170682833646306       0.9099170706200911       0.9021954272110719       0.8938643935449869       0.8848806864410697       0.8751934399571242       0.8647379737790747       0.8534241398072225       0.8411148493092271       0.8275869055792818       0.812460071876067        0.7950692876279752       0.7742353893207626       0.747855034681186        0.7121692065060526       0.6604613332325963       0.5984140852473633       0.5388930845262166       0.4823746272548946       0.42922366091702446      0.3796976672587835       0.33395365247363196      0.29205751141697567      0.2539950342231229       0.2196838640653931       0.18898578498930932      0.16171880936414923      0.13766863650460426      0.11659915932886748      0.09826179781113903      0.08240353128745033      0.06877358282300239      0.057128775802028214     0.047237634940689555     0.038883341413886725     0.03186567590173902      0.026002095816020164     0.021128095774341354     0.017096995656567957     0.013779290342335496     0.011061681346565969     0.00884589464283106      0.007047372303412118     0.005593909205100475     0.004424290686196477     0.003486973178185442     0.0027388377496057738    0.00214403629484468      0.001672941753845716     0.0013012071459673185    0.001008933169995846     7.799404582210757E-4     6.011400600207767E-4     4.619941581807526E-4     3.540581923413806E-4     2.705953025899792E-4     2.0625416052894136E-4    1.5680169830459213E-4    1.1890287529296778E-4    8.994035666990122E-5     6.786775663295814E-5     5.109087681235845E-5     3.8372116257921236E-5    2.8753923065767513E-5    2.14977873893898E-5      1.603583572772377E-5     1.1932575930083343E-5    8.85476319802594E-6      6.54771311523327E-6      4.816682718559919E-6     3.512178989132494E-6     2.518239083670966E-6     1.7428595708437847E-6    1.1098316305227234E-6    5.512605123163902E-7     0
% Data
% c (mol/m^3) @ t=0, u1=0.03, u2=0.05, u3=0.03
1                         -5.0694019226270664E-8   2.7246567094188598E-15   3.4218850138555393E-20   5.10557245374865E-26     5.831756625091741E-32    5.952280712584896E-38    5.707686170230623E-44    5.259823408206019E-50    4.715343799710179E-56    4.142543792545845E-62    3.5833774282293575E-68   3.0619695156077563E-74   2.590604286519532E-80    2.1739009194872047E-86   1.81169352202124E-92     1.500990904501621E-98    1.2372872974977229E-104  1.0154190658112619E-110  8.301070463814959E-117   6.785229256746921E-123   6.166365818226045E-129   5.588521660191483E-135   5.0522403957755364E-141  4.5571233805918886E-147  4.1020809627493527E-153  3.6855321177118105E-159  3.3055619588687315E-165  2.96004497399581E-171    2.6467404697678047E-177  2.3633655670380784E-183  2.107650141633826E-189   1.8773773176856945E-195  1.670412466859253E-201   1.4847231251512868E-207  1.3183917907457908E-213  1.1696231962023478E-219  1.0367473430071329E-225  9.182193353186593E-232   8.12616843478478E-238    7.162722700819489E-244   5.657206639803607E-250   4.465204547023544E-256   3.522168406071589E-262   2.7766512629053097E-268  2.1876967422803915E-274  1.7227360141093523E-280  1.3558969526074924E-286  1.0666471879235126E-292  8.387069497368328E-299   6.59179415359007E-305    5.178560469616E-311      4.069785E-317            3.5E-323                 0                        0                        0                        0                        0                        0                        0                        0                        0                        0                        0                        0                        0                        0                        0                        0                        0                        0                        0                        0                        0                        0                        0                        0                        0                        0                        0                        0                        0                        0                        0                        0                        0                        0                        0                        0                        0                        0                        0                        0                        0                        0                        0                        0                        0                        0                        0
% Data
% c (mol/m^3) @ t=100, u1=0.03, u2=0.05, u3=0.03
1                         0.9235571163098389       0.8264881276084343       0.7135636185703808       0.5920086974692222       0.47035036171489353      0.35687434017410435      0.2581104233951303       0.17780906013922634      0.1167116864368734       0.07309703055876798      0.04378216747327052      0.025151134774073672     0.013902191011494805     0.007418799857926799     0.0038349003567558623    0.0019263340730654008    9.431813620086571E-4     4.516491606905408E-4     2.129590317376E-4        1.019924312508328E-4     5.0451194624276346E-5    2.461163130759423E-5     1.1857451218078777E-5    5.649007295069831E-6     2.6642101756064163E-6    1.2451178355684512E-6    5.771365947829636E-7     2.6552762429836426E-7    1.2133940750726598E-7    5.510858422720725E-8     2.4888356218002135E-8    1.118255317305033E-8     5.000792707015328E-9     2.226666147430578E-9     9.875003420363998E-10    4.3633093081472833E-10   1.9213009419604806E-10   8.430326550132415E-11    3.6758720806371154E-11   1.5478196152655303E-11   6.148330071376838E-12    2.4361720858462694E-12   9.630352629467785E-13    3.7985959812855554E-13   1.4952314336468987E-13   5.874229508976525E-14    2.3035569541060395E-14   9.017724847601033E-15    3.524405565252838E-15    1.3753187352343785E-15   5.359006243013354E-16    2.0852630077450298E-16   8.103320017427385E-17    3.14498437705073E-17     1.2191388892129985E-17   4.7205341774975055E-18   1.825806909664595E-18    7.054484516250908E-19    2.7229653460482643E-19   1.0500349466404762E-19   4.0454560173052237E-20   1.5572184603120792E-20   5.9891502204783754E-21   2.30159474101967E-21     8.838001204623248E-22    3.3912015826484358E-22   1.3002881367020908E-22   4.982226610416309E-23    1.9077262939857682E-23   7.300080138371263E-24    2.79169453530764E-24     1.0669550209438513E-24   4.0754076078279756E-25   1.555790322247324E-25    5.936002808164835E-26    2.263641852459291E-26    8.627781339961906E-27    3.28681471128954E-27     1.2515337292774652E-27   4.763294260762545E-28    1.8120733664832202E-28   6.890542090726493E-29    2.6190617517115045E-29   9.95080185219668E-30     3.779161458610255E-30    1.4347052020783092E-30   5.444580078030301E-31    2.065404143984359E-31    7.832292661430144E-32    2.9690675771161354E-32   1.1251295105242E-32      4.26226059317963E-33     1.614121232441049E-33    6.110744895744357E-34    2.3126722758661226E-34   8.749163083703958E-35    3.306207106075958E-35    1.2387169433408198E-35   4.253451191877371E-36    0
% Data
% c (mol/m^3) @ t=200, u1=0.03, u2=0.05, u3=0.03
1                         0.9684198249478645       0.9268338872545941       0.8750793178214119       0.8136823829415303       0.74389895807087         0.6676688204226563       0.5874788274233609       0.5061456633675928       0.42654521551968616      0.35132892247756553      0.28267335661845344      0.22210466766474687      0.1704240635926381       0.12773806902886436      0.09357495399345357      0.06705376991554053      0.04706900242482128      0.032461499673885424     0.022161342985729828     0.015306547323884033     0.010714478915638323     0.0073924803961715494    0.0050315645230996206    0.0033812508518696635    0.002245301475297823     0.0014745034718793278    9.583590190815606E-4     6.169412832134778E-4     3.9363854410323743E-4    2.4910192640470745E-4    1.5644150607426984E-4    9.756059156991505E-5     6.044761040082856E-5     3.7229192349455515E-5    2.2802715030116455E-5    1.3894969268039045E-5    8.425251330797545E-6     5.080305436742769E-6     3.032182776080144E-6     1.7462345987406954E-6    9.609926471992811E-7     5.270686273461581E-7     2.8817788991809345E-7    1.5711108776361895E-7    8.542843501224854E-8     4.6337814533045326E-8    2.507761602849462E-8     1.3543392914218072E-8    7.300046422560404E-9     3.92772556952678E-9      2.1097408090911836E-9    1.1314613995877913E-9    6.059249934378027E-10    3.240472265559462E-10    1.730797656998549E-10    9.23353098044415E-11     4.9204505957879555E-11   2.619309766798822E-11    1.3929666940712476E-11   7.401014750876725E-12    3.928812346593513E-12    2.083875682029826E-12    1.1044402828819709E-12   5.84911983332934E-13     3.095517413472187E-13    1.6371400241362912E-13   8.65291683079814E-14     4.5706360633436255E-14   2.4129066849529816E-14   1.273109350726955E-14    6.713715656892808E-15    3.5386881344910576E-15   1.864288658927655E-15    9.817126051037495E-16    5.167306173992764E-16    2.7186945497274828E-16   1.4298166330753776E-16   7.516763171427811E-17    3.95019446637686E-17     2.0751490675748446E-17   1.0897556421334527E-17   5.720887812931213E-18    3.002322893171622E-18    1.5751283099498725E-18   8.261210867873809E-19    4.331567949184077E-19    2.270515183504079E-19    1.189831711660313E-19    6.233505096334437E-20    3.264888499583051E-20    1.7096098582567796E-20   8.949961176974502E-21    4.684266939102544E-21    2.45103591880571E-21     1.2819970272760214E-21   6.6979114740691545E-22   3.4822404269386117E-22   1.7655094655616E-22      7.735921216789037E-23    0
% Data
% c (mol/m^3) @ t=300, u1=0.03, u2=0.05, u3=0.03
1                         0.9837127295503497       0.9619763862654346       0.9342557358074683       0.9002134044141245       0.859764882011135        0.8131199366493378       0.7608037839496277       0.703652854272195        0.6427825608919386       0.5795278646373234       0.5153612179092918       0.45179606343544004      0.3902868244750378       0.33213772933037966      0.2784326327994892       0.2299964484546991       0.18739662478046695      0.15099147534688603      0.12103255029090995      0.09783202588431011      0.07955011601135174      0.06392282146291746      0.0507691964139105       0.03986308745314993      0.030951668823178825     0.023772298193479632     0.01806655464659972      0.013590895002686995     0.010123863822162002     0.007470162291268559     0.005462106720014833     0.003959102257345497     0.0028457513352026643    0.002029143736218094     0.0014357671781999955    0.001008356789950129     7.028801120383823E-4     4.8572643194430115E-4    3.3100268189163745E-4    2.1754089837368315E-4    1.3725771463842673E-4    8.606585047156735E-5     5.364833299127632E-5     3.325355114937564E-5     2.0501896661342515E-5    1.257578478398089E-5     7.67653997286346E-6      4.664268035018589E-6     2.8215095101025443E-6    1.6995998156048976E-6    1.019673298666978E-6     6.093993772525759E-7     3.6286286324270196E-7    2.1530367809454153E-7    1.2731916447384396E-7    7.504657976429571E-8     4.4098197010925165E-8    2.5835592029598153E-8    1.509299916055929E-8     8.793086388284549E-9     5.109310690288057E-9     2.9613009601672537E-9    1.7121580147929312E-9    9.87610854002922E-10     5.683897321198507E-10    3.2640793361911944E-10   1.8705239807861382E-10   1.0697597610138783E-10   6.106050347863428E-11    3.4786834885322024E-11   1.9782343510611978E-11   1.1229887813073662E-11   6.3640456464032956E-12   3.6006052839174735E-12   2.033879300544161E-12    1.147108001163619E-12    6.460021617944837E-13    3.6327398482536244E-13   2.0399736079841676E-13   1.1439924489310937E-13   6.406897496967099E-14    3.583565216816722E-14    2.001898137814232E-14    1.1169746245112834E-14   6.224926344551321E-15    3.465205679257306E-15    1.926821352751446E-15    1.0702487182188706E-15   5.938428000292805E-16    3.2916522435402898E-16   1.822735339254354E-16    1.0083490372273034E-16   5.572914884510819E-17    3.077009276328926E-17    1.696942202052424E-17    9.338334897585982E-18    5.103629346445236E-18    2.7070162348248778E-18   1.2268978649743464E-18   0
% Data
% c (mol/m^3) @ t=400, u1=0.03, u2=0.05, u3=0.03
1                         0.9906835171910614       0.9781649667140059       0.9620002780473685       0.9417987599864763       0.917252699198719        0.8881662572284131       0.8544812359209978       0.8162972219040832       0.773883850773253        0.727683488747388        0.6783035221455673       0.6264986496158625       0.5731450377496174       0.5192098618329496       0.46572154972578184      0.4137479487892004       0.364391670409119        0.3188141355703417       0.2783025258434869       0.24439716691495833      0.21525627497717842      0.1879536823665614       0.1626737022670243       0.13954352402537923      0.11863150146432676      0.09994882041537075      0.08345416122924391      0.06906072900646967      0.05664487953977733      0.04605552839840494      0.03712358281041559      0.029670757092114537     0.02351729153047894      0.018488258393340434     0.01441827143102616      0.011154472064950776     0.008557571833722735     0.006500332862573404     0.004861822408871286     0.003513304465003007     0.0024492580446829745    0.001694612489204782     0.0011639867233257375    7.939392247194715E-4     5.379020102529143E-4     3.6208131797572197E-4    2.4221546668463104E-4    1.6106148855965266E-4    1.0648110707116098E-4    7.000630301392475E-5     4.577982583572388E-5     2.9782990835976604E-5    1.9279718535010116E-5    1.242077591115893E-5     7.965012031051427E-6     5.084925072148688E-6     3.2322928644596178E-6    2.046112466755715E-6     1.290038694165785E-6     8.101948654810827E-7     5.069279627968166E-7     3.160290932665056E-7     1.963286342646573E-7     1.215529422074979E-7     7.501013167849662E-8     4.614156974841349E-8     2.8296077631606716E-8    1.7300680232239263E-8    1.0547343498094724E-8    6.412158182836261E-9     3.887615298557864E-9     2.3507987758105975E-9    1.4178638521812133E-9    8.530469592301136E-10    5.119904136972758E-10    3.065710381573371E-10    1.8315112108086265E-10   1.0917541352509348E-10   6.493868703977806E-11    3.85452735301E-11        2.2832440982745924E-11   1.349804381459181E-11    7.964333156359468E-12    4.690402145104301E-12    2.7572363655541104E-12   1.6179369380561832E-12   9.477472739792722E-13    5.542246589266274E-13    3.235637016628797E-13    1.8859578772846708E-13   1.097536828081204E-13    6.377286339477824E-14    3.699908935450633E-14    2.143228197321535E-14    1.2392189750807762E-14   7.142735530650714E-15    4.0805793778435145E-15   2.251782680639967E-15    1.0507526728786707E-15   0
% Data
% c (mol/m^3) @ t=500, u1=0.03, u2=0.05, u3=0.03
1                         0.9943730832049055       0.9867786324322205       0.9768932676405034       0.9643999508233777       0.9490027431566265       0.9304430363600901       0.9085165076750648       0.8830899186907321       0.8541168356973039       0.8216514277416631       0.7858597320902991       0.747028197069413        0.705569947272423        0.6620300893736117       0.6170925068645869       0.5715919925862213       0.5265372471922475       0.48315223062042495      0.44294558144384555      0.40782028430483813      0.3761020532088748       0.3447606814505661       0.31405807298181376      0.28424759007142286      0.2555658797159864       0.2282253141503098       0.20240752504625556      0.17825842727407934      0.1558850042232891       0.13535397669210372      0.11669231677109282      0.09988940911715691      0.08490050677080584      0.07165095949262551      0.060040453688332246     0.04994606404137143      0.04122199696335371      0.03369191346962457      0.02712542036724799      0.02118115604769771      0.016048996836347397     0.01207056429831398      0.00901369676044172      0.006684773110506865     0.00492481119472194      0.0036051260094832646    0.0026229245119076417    0.001897098056068857     0.0013643761586714736    9.759285295902561E-4     6.944453840656432E-4     4.916866723199577E-4     3.46465932527394E-4      2.4302074275454403E-4    1.6971618819027224E-4    1.1802777670128551E-4    8.175374701294858E-5     5.641214573531925E-5     3.878428003510184E-5     2.6572433358958855E-5    1.8145603719836994E-5    1.2352242183134214E-5    8.383435468711266E-6     5.6736887883344975E-6    3.8294775518471735E-6    2.5781326645789515E-6    1.7314973502819537E-6    1.1602359763284243E-6    7.757715308253935E-7     5.176514930109828E-7     3.447532615879869E-7     2.291900724827995E-7     1.5210624448280972E-7    1.0078770100213707E-7    6.668387844578476E-8     4.405839766693182E-8     2.9071736604293348E-8    1.9159570729733915E-8    1.2612739115644804E-8    8.29423728212243E-9      5.449036851553083E-9     3.5766004812543746E-9    2.3456218654013695E-9    1.5371290159478275E-9    1.0065924378578595E-9    6.587380541987995E-10    4.308348159652949E-10    2.8162387539594215E-10   1.8399621373798543E-10   1.20156470994427E-10     7.843304666179306E-11    5.1176593565184384E-11   3.337696783016145E-11    2.1753622126835597E-11   1.4157191060312275E-11   9.174490950060596E-12    5.864384604561324E-12    3.573467143765427E-12    1.7908755217903278E-12   0
% Data
% c (mol/m^3) @ t=600, u1=0.03, u2=0.05, u3=0.03
1                         0.996492822351607        0.991743994813852        0.9855265658071392       0.977605075431942        0.9677426606343725       0.9557096807757655       0.9412937495420496       0.9243109990049689       0.9046183699808381       0.8821267388973022       0.8568147775316264       0.8287436228410774       0.7980727352832975       0.7650777703971987       0.7301719018434706       0.6939328305836814       0.657138701056182        0.6208173142051091       0.5863143536571354       0.5553877754737442       0.5266098616280998       0.49723060144075226      0.46742761751633777      0.4373950451230746       0.40733937930376185      0.37747454128620633      0.34801637412562314      0.31917682777383793      0.29115812026948396      0.26414715596927163      0.2383104336720306       0.2137895711150554       0.19069737573452508      0.16911403674631625      0.14908235624312446      0.13059967763754932      0.11360169895578705      0.09792845473241679      0.08325299405128303      0.0689339270036489       0.05566924566823392      0.04464285696281236      0.03555714445290519      0.02813352533938239      0.022117077956393966     0.0172790966839103       0.013417961764746493     0.010358711532274667     0.007951677345195252     0.00607049720176591      0.004609771116114955     0.0034825665256024156    0.0026179299728972018    0.0019585150404229806    0.001458397541716638     0.001081117735018865     7.979655001923454E-4     5.865072214657472E-4     4.293415169206991E-4     3.130638538093651E-4     2.2741643589337617E-4    1.6459860954160595E-4    1.1871362247790981E-4    8.532925267668689E-5     6.113212311168694E-5     4.365807959393159E-5     3.1083591227005315E-5    2.206557978751705E-5     1.5619304810904226E-5    1.1025882001320529E-5    7.762683150315129E-6     5.451266511459667E-6     3.818640425929498E-6     2.6685989999254623E-6    1.8606177952323414E-6    1.2943899939558695E-6    8.985471025341971E-7     6.224675042698748E-7     4.30352090223232E-7      2.969564043204463E-7     2.0452768276041967E-7    1.4061451732449556E-7    9.650591163475172E-8     6.612252561290888E-8     4.52315877284722E-8      3.089266146877995E-8     2.1067510341987875E-8    1.4346232451699193E-8    9.755521559546077E-9     6.624765931103462E-9     4.492763100778565E-9     3.0428764800706046E-9    2.058050564847066E-9     1.3896433555932737E-9    9.358200238819392E-10    6.264850721866457E-10    4.125435085737776E-10    2.577391223905658E-10    1.3140182387104836E-10   0
% Data
% c (mol/m^3) @ t=700, u1=0.03, u2=0.05, u3=0.03
1                         0.9977473344774254       0.994690423671902        0.9906722520749276       0.985524623907836        0.9790715585769373       0.9711338256392938       0.9615347077682374       0.950107072710962        0.9367018407145437       0.9211979615733211       0.9035140764793824       0.8836221470110779       0.8615635006233134       0.8374679826463335       0.811577231378299        0.784273514413727        0.7561160842965762       0.7278876248494339       0.700654049199873        0.6758416440548872       0.652300770386842        0.6277496870976549       0.6022628676650089       0.5759334573676714       0.5488729903331347       0.5212104492217008       0.49309062886539784      0.46467179409876186      0.4361226459075649       0.4076186166204232       0.37933748273746265      0.35145417447318256      0.32413440232767876      0.2975261766495075       0.27174720506152444      0.24686401380299433      0.22285449442709326      0.19953760462406298      0.17643870737568446      0.15253005121636667      0.12913397608933325      0.10860146495176273      0.09073946076219626      0.07533200335336804      0.06215052469175533      0.05096270141377628      0.04153973380363801      0.033662037444790016     0.02712342508306723      0.021733921176692626     0.017321391933106892     0.013732192668885508     0.010831036234979583     0.008500275412472896     0.00663877276992804      0.005160507131786617     0.003993039514418941     0.003075935398743962     0.0023592160960780586    0.0018018906953145358    0.001370602131358153     0.0010384063891973638    7.836925937541488E-4     5.892434041796932E-4     4.4142931501318846E-4    3.295267182492712E-4     2.451474643900552E-4     1.8176677998541256E-4    1.3433641003157858E-4    9.897047055618534E-5     7.269249232126419E-5     5.32333365843815E-5      3.887094035601143E-5     2.8304112241709188E-5    2.055379230099135E-5     1.488627571702823E-5     1.0753863388837662E-5    7.749238237400956E-6     5.5705778224829315E-6    3.995010746469395E-6     2.8585180538632384E-6    2.0407843509767893E-6    1.4538296147118658E-6    1.0335138683121037E-6    7.332141882179524E-7     5.191366635011315E-7     3.6685338736599344E-7    2.587534347426921E-7     1.8217298025702665E-7    1.2802807449109466E-7    8.981803310982116E-8     6.29010234959458E-8      4.396871265185049E-8     3.066566191890016E-8     2.1312921824309586E-8    1.4704932076918833E-8    9.954787853908843E-9     6.364905340167836E-9     3.2966518775675814E-9    0
% Data
% c (mol/m^3) @ t=800, u1=0.03, u2=0.05, u3=0.03
1                         0.9985225828429788       0.9965145877095734       0.9938678183061732       0.990464045197334        0.9861766304081746       0.9808729477936903       0.9744177320652351       0.9666775039362585       0.9575262411942526       0.946852499870906        0.9345682412271361       0.9206196949084595       0.905000692712248        0.8877690472200798       0.8690667305387888       0.8491448341711423       0.8283945620480306       0.8073858206585719       0.7869153119556279       0.7680663863130563       0.749954401938697        0.7307966823013791       0.7106000163048536       0.689383514752951        0.667179722690164        0.6440354803082886       0.6200124466906215       0.5951871900281029       0.5696507270585104       0.5435073490421086       0.5168724737779522       0.48986906004852176      0.46262171280279824      0.4352468079108147       0.4078354272522058       0.3804229744806436       0.3529338508281276       0.3250793262564635       0.29616775543944923      0.2647513083345087       0.2325981799663705       0.20309639236307858      0.1762602168558041       0.15205288484269258      0.1303942659149587       0.11116898883151215      0.09423457693161544      0.07942924121493176      0.06657905486227357      0.05550431504621393      0.04602497551910374      0.03796510231601974      0.03115636224817052      0.02544059844440235      0.020671579010983362     0.016716024839886125     0.013454032244857694     0.010779007327357582     0.008597223762840238     0.006827105969926523     0.0053983271002225885    0.004250797412425124     0.003333604516105282     0.00260395353366231      0.002026143004543926     0.0015706016799627407    0.001213002375267366     9.334617633161938E-4     7.158293068699849E-4     5.4706427798047E-4       4.1669680003826923E-4    3.1636686466041336E-4    2.3943411729746524E-4    1.806506848673825E-4     1.3588927096536328E-4    1.019190296894684E-4     7.622223387063127E-5     5.684538758837649E-5     4.227912790649673E-5     3.136196686176876E-5     2.3203607245257585E-5    1.712420220231936E-5     1.260650614996273E-5     9.258377001887265E-6     6.783536255181898E-6     4.958876582099079E-6     3.616930776296547E-6     2.632386998133996E-6     1.9117595046593077E-6    1.3855076843247315E-6    1.0020451431424196E-6    7.232001211458067E-7     5.207831925463483E-7     3.7399156465811796E-7    2.6743354317847645E-7    1.895920686914377E-7     1.3155950354221585E-7    8.585792024854886E-8     4.508965304120013E-8     0
% Data
% c (mol/m^3) @ t=900, u1=0.03, u2=0.05, u3=0.03
1                         0.9990170693830135       0.9976796562199857       0.9959132790292368       0.9936354776944002       0.9907565926906903       0.9871810905479408       0.9828095593266508       0.9775415178748861       0.9712792078792453       0.9639325701806386       0.9554256488170609       0.9457047203724164       0.9347485151387441       0.9225809828400562       0.9092871611300373       0.8950328305308017       0.8800887838343938       0.8648606974021511       0.8499257586149066       0.8360773652546767       0.8226570051988703       0.8083266599809676       0.7930610337026489       0.7768408010711394       0.7596537146559589       0.7414956822536848       0.722371749227485        0.7022968919601086       0.681296480254547        0.6594061806718725       0.6366709155560264       0.6131422008533974       0.5888726436224936       0.5639053747228603       0.538254336748834        0.5118679417810292       0.48456239713463034      0.455899709434729        0.42496498266584953      0.3899609508147457       0.35278069314186894      0.3173819256893665       0.28396103010130647      0.25266454274466327      0.2235901427264051       0.1967891551455475       0.17227028894249502      0.1500043040415905       0.129929298767188        0.11195632283149556      0.09597504976397077      0.08185928129770143      0.06947210078208577      0.05867053933277975      0.04930966391872307      0.04124603839663844      0.03434054487029677      0.028460582640494888     0.02348168503505189      0.01928861070956153      0.01577597613076744      0.012848500703269861     0.010420936330978929     0.00841775011621147      0.006772623356307456     0.005427822874674442     0.0043334927700005785    0.0034469064925642975    0.002731711225586598     0.0021571891935010428    0.0016975539501390756    0.0013312940309723183    0.001040571618668225     8.106800453052809E-4     6.29560971766531E-4      4.8737985373404605E-4    3.7615672006087686E-4    2.894482455255798E-4     2.2207649217435455E-4    1.6989942604566266E-4    1.296183045324628E-4     9.861720175677391E-5     7.483023534703308E-5     5.6632429977798574E-5    4.2750563717841526E-5    3.2190764729957996E-5    2.4180038119086113E-5    1.8119292065800487E-5    1.3545790138411029E-5    1.0103277882167907E-5    7.518313954335964E-6     5.581577965334439E-6     4.133127349322276E-6     3.0507303670587888E-6    2.240502667092158E-6     1.6291005595808617E-6    1.1566336938831257E-6    7.691706600664413E-7     4.0906305714898913E-7    0
% Data
% c (mol/m^3) @ t=1000, u1=0.03, u2=0.05, u3=0.03
1                         0.9993393573415201       0.9984397440090855       0.9972498936020237       0.9957125453172356       0.9937648189503194       0.9913389635686856       0.9883635799105601       0.9847654351602898       0.9804720110297189       0.9754149529473263       0.9695346206440033       0.9627859795992939       0.9551461196896416       0.9466237427560636       0.9372710250285581       0.9271983329963771       0.9165923508298621       0.905738260626139        0.8950466981161808       0.8850862776654737       0.8753781886050886       0.8649448756482926       0.853751262720589        0.8417641434887797       0.8289528881440718       0.8152901783925508       0.8007527242200545       0.7853218819250712       0.768984033770089        0.751730484982687        0.7335564466374755       0.7144583360680202       0.6944280191845464       0.673441525316128        0.6514377998564476       0.6282795396640402       0.603681872826056        0.5770834705710985       0.5474148812280778       0.5126839237473091       0.47463308307614643      0.437268223351704        0.40087258230709294      0.3656998605023799       0.3319701131729537       0.2998669759214454       0.2695362199245261       0.24108557188635138      0.21458568317703486      0.19007209348066903      0.16754800781709403      0.14698769197440603      0.12834028932165625      0.11153387012925496      0.09647954093085329      0.08307546391188521      0.07121066257620591      0.06076851793065767      0.05162988730602682      0.04367580420977609      0.03678974116638285      0.030859437608542876     0.025778311151070647     0.021446482926402607     0.01777145624758454      0.014668493033491601     0.012060734642621657     0.00987911354010757      0.008062100107879147     0.006555325420007079     0.005311116417203975     0.0042879750356945795    0.0034500278136707406    0.002766467577166339     0.0022110041900939167    0.0017613371708125813    0.0013986593061555768    0.0011071972652386055    8.737926271034327E-4     6.875246606959781E-4     5.393745882587848E-4     4.21929869315393E-4      3.2912620291922814E-4    2.560244013395509E-4     1.9861898221924513E-4    1.536752065421087E-4     1.1859131036599816E-4    9.128279920412943E-5     7.008586092934788E-5     5.3677176643756664E-5    4.1007642512588966E-5    3.124773233535585E-5     2.3742398434778864E-5    1.7973480585837604E-5    1.3527491722118509E-5    1.0066237351178657E-5    7.296751171939652E-6     4.935027543470514E-6     2.654143155843617E-6     0
% Data
% c (mol/m^3) @ t=1100, u1=0.03, u2=0.05, u3=0.03
1                         0.9995526511690642       0.9989431395981994       0.9981361692766139       0.9970920799624459       0.9957670285949846       0.9941134264438903       0.9920807077967826       0.9896165211085548       0.9866684512554605       0.9831864022798934       0.9791257942140541       0.9744517556342368       0.9691445258206705       0.9632063168758539       0.9566699266427606       0.9496094369995827       0.9421533775793504       0.9345007796328866       0.9269405847230076       0.9198749025606492       0.9129612210513967       0.9054982242122922       0.8974520672827544       0.888788678683245        0.8794740983656575       0.8694748327608708       0.8587581870483902       0.8472925008265346       0.8350471520210553       0.8219920853468567       0.8080964290760552       0.7933254221725246       0.7776342681340207       0.7609564600189808       0.7431822287247181       0.7241194341630038       0.7034233670334685       0.6804716815858249       0.6541427863673358       0.6224248616907165       0.5867590097768064       0.5508130258497477       0.514864831191483        0.4791860305327155       0.4440362304799971       0.4096579487468964       0.3762722637356453       0.3440753134118141       0.31323570921477556      0.2838928876185941       0.2561563813347276       0.23010595607399945      0.20579252880938304      0.18323976060086405      0.16244620170043886      0.14338785877327745      0.1260210531305905       0.11028544400432003      0.09610710099867996      0.0834015236951891       0.07207652270484471      0.06203489405064067      0.05317683654842893      0.045402078928555675     0.03861169909654871      0.03270963166478309      0.027603871391421078     0.023207389307802372     0.019438785120158824     0.016222704073431123     0.013490049087172449     0.011178019894011204     0.009230010435291676     0.007595394206074596     0.006229224888752475     0.005091876740503799     0.004148646038974653     0.0033693316378314597    0.0027278094936917506    0.0022016130141358095    0.0017715283233614213    0.0014212110970278661    0.0011368295046058274    9.067360191104774E-4     7.211693976260563E-4     5.719869771283627E-4     4.524265361823015E-4     3.568963056325311E-4     2.807912268067158E-4     2.2033320398250558E-4    1.724328178959618E-4     1.3456967686151805E-4    1.0468815929178428E-4    8.110454760715392E-5     6.242012896848462E-5     4.7432144044810025E-5    3.5029430874787184E-5    2.4050314307725383E-5    1.3063276139464273E-5    0
% Data
% c (mol/m^3) @ t=1200, u1=0.03, u2=0.05, u3=0.03
1                         0.9996959772075631       0.9992815772901804       0.9987325272548667       0.9980214380899214       0.9971178921864465       0.9959887057506444       0.9945984216492922       0.9929100996619444       0.9908864844702208       0.9884916470946249       0.9856932130644264       0.9824653104902017       0.9787923934117434       0.9746741201590716       0.9701314925830762       0.9652144891175832       0.9600114514651344       0.9546605093351077       0.9493633473331752       0.9444016289581934       0.9395333016687624       0.9342618215916527       0.9285587090118129       0.9223944050871081       0.915738371453883        0.9085591812241383       0.9008245638956943       0.8925013335505155       0.8835550710574785       0.8739493275297876       0.8636439342584997       0.852591684841045        0.840732095691761        0.8279799734757249       0.8142048137744864       0.7991940914260058       0.782588360494582        0.7637671798571          0.7416495052130613       0.7143456908055521       0.6829592066006985       0.6506210796844553       0.61755012431199         0.5839753518052105       0.5501312302203496       0.516252887264526        0.48257141686508437      0.4493094402502543       0.4166770562363695       0.384868293813331        0.35405815452012257      0.32440030410117315      0.296025444160311        0.2690403665312381       0.24352766723578165      0.2195460743279045       0.19713132544831918      0.17629751704712548      0.1570388381592554       0.13933159723802443      0.12313645051631261      0.10840074412990931      0.09506088912693475      0.0830446977512725       0.07227362025955074      0.06266483327414692      0.054133142621869135     0.046592675188715245     0.03995834507758705      0.03414708894930924      0.02907887363584701      0.024677485823995166     0.02087111879756115      0.01759277495261798      0.014780505179049051     0.012377507388636206     0.010332106646149112     0.008597638716139444     0.007132257563461528     0.005898685617920128     0.004863923593239381     0.0039989344762609465    0.0032783140883801166    0.0026799584574992916    0.0021847361907020193    0.0017761721473808054    0.0014401469984904136    0.0011646157145113844    9.39346618749741E-4      7.55681301613642E-4      6.063142849420112E-4     4.850896263359293E-4     3.868092688731036E-4     3.070441881497249E-4     2.4193307118590272E-4    1.8794228364308924E-4    1.4154156041519097E-4    9.871572483642687E-5     5.4172470285129526E-5    0
% Data
% c (mol/m^3) @ t=0, u1=0.03, u2=0.05, u3=0.05
1                         -5.069401922627066E-8    2.724656709418857E-15    3.421885013855533E-20    5.1055724537486383E-26   5.831756625091726E-32    5.95228071258488E-38     5.707686170230607E-44    5.259823408206005E-50    4.715343799710165E-56    4.142543792545835E-62    3.5833774282293477E-68   3.0619695156077484E-74   2.5906042865195252E-80   2.1739009194871983E-86   1.811693522021235E-92    1.5009909045016165E-98   1.2372872974977194E-104  1.0154190658112588E-110  8.301070463814932E-117   6.7852292567469E-123     6.166365818226029E-129   5.58852166019147E-135    5.052240395775524E-141   4.557123380591877E-147   4.10208096274934E-153    3.6855321177117994E-159  3.3055619588687214E-165  2.960044973995801E-171   2.6467404697677964E-177  2.3633655670380717E-183  2.1076501416338202E-189  1.8773773176856896E-195  1.6704124668592486E-201  1.4847231251512828E-207  1.3183917907457865E-213  1.1696231962023442E-219  1.0367473430071296E-225  9.182193353186562E-232   8.126168434784768E-238   7.186358588874167E-244   6.350852637927292E-250   5.60880627063731E-256    4.9503754570313777E-262  4.366647779593468E-268   3.849573543660895E-274   3.3918980530340415E-280  2.9870960559941425E-286  2.6293090652390884E-292  2.3132860179532573E-298  2.034327557289273E-304   1.7882340756221E-310     1.5710885E-316           1.33E-322                0                        0                        0                        0                        0                        0                        0                        0                        0                        0                        0                        0                        0                        0                        0                        0                        0                        0                        0                        0                        0                        0                        0                        0                        0                        0                        0                        0                        0                        0                        0                        0                        0                        0                        0                        0                        0                        0                        0                        0                        0                        0                        0                        0                        0                        0                        0
% Data
% c (mol/m^3) @ t=100, u1=0.03, u2=0.05, u3=0.05
1                         0.923557116309839        0.8264881276084344       0.7135636185703809       0.5920086974692225       0.47035036171489386      0.35687434017410447      0.2581104233951304       0.1778090601392265       0.11671168643687352      0.07309703055876807      0.04378216747327057      0.025151134774073703     0.013902191011494825     0.0074187998579268105    0.0038349003567558692    0.0019263340730654053    9.431813620086591E-4     4.516491606905417E-4     2.1295903173760064E-4    1.0199243125083313E-4    5.045119462427651E-5     2.4611631307594314E-5    1.1857451218078823E-5    5.649007295069855E-6     2.6642101756064273E-6    1.2451178355684584E-6    5.771365947829723E-7     2.6552762429839005E-7    1.2133940750736918E-7    5.510858422763617E-8     2.488835621979013E-8     1.1182553180496886E-8    5.000792737982599E-9     2.2266662760043687E-9    9.875008749556782E-10    4.3633313570058547E-10   1.9213919917988467E-10   8.434078777161555E-11    3.69130185694325E-11     1.6111233256195576E-11   7.013975334932217E-12    3.0461941151799706E-12   1.3200003480225095E-12   5.707858108763321E-13    2.463254968405348E-13    1.0610418474848078E-13   4.562347875001649E-14    1.9584800482826325E-14   8.39389665075705E-15     3.592176506757201E-15    1.5350923093828298E-15   6.551260479824561E-16    2.792269602842843E-16    1.188662344583236E-16    5.054207655579039E-17    2.1466644301445763E-17   9.107796240770929E-18    3.860296763110699E-18    1.634576378642037E-18    6.914879412797138E-19    2.922641310969182E-19    1.2342228921666955E-19   5.2077914672099233E-20   2.195681661663822E-20    9.25026279194013E-21     3.894216150395376E-21    1.6382456646014757E-21   6.887190080549309E-22    2.8934745921787017E-22   1.214847568445321E-22    5.097507330826606E-23    2.137651250652306E-23    8.959160112564426E-24    3.752816299240066E-24    1.5711389740193893E-24   6.574255012561426E-25    2.749540733755601E-25    1.14937603042874E-25     4.802406040258869E-26    2.0056562108773513E-26   8.372609375150711E-27    3.49363460203868E-27     1.4571752959145613E-27   6.075316649356211E-28    2.531942008124596E-28    1.0548021932680993E-28   4.392636387879731E-29    1.8286087484264087E-29   7.609599762545412E-30    3.165573010087021E-30    1.3164252731371212E-30   5.472643495941043E-31    2.2743574638978803E-31   9.448961881131412E-32    3.924405924212763E-32    1.6293099177485403E-32   6.757547653178364E-33    2.7805838052527927E-33   1.0520869201510502E-33   0
% Data
% c (mol/m^3) @ t=200, u1=0.03, u2=0.05, u3=0.05
1                         0.9684198249478643       0.9268338872545943       0.8750793178214119       0.8136823829415303       0.7438989580708703       0.6676688204226563       0.5874788274233613       0.5061456633675933       0.42654521551968627      0.3513289224775657       0.28267335661845355      0.22210466766474707      0.17042406359263826      0.12773806902886453      0.09357495399345371      0.06705376991554063      0.04706900242482136      0.03246149967388548      0.022161342985729873     0.015306547323884083     0.010714478915638401     0.007392480396171738     0.00503156452310017      0.0033812508518713284    0.0022453014753029263    0.0014745034718949997    9.583590191296617E-4     6.16941283360955E-4      3.9363854455481517E-4    2.4910192778549605E-4    1.564415102898972E-4     9.756060441950501E-5     6.0447649498963454E-5    3.722931109175883E-5     2.280307492459301E-5     1.3896057689164295E-5    8.428535278267338E-6     5.09018849385781E-6      3.0618442733497344E-6    1.8349918846769877E-6    1.0959993388122139E-6    6.52566162415948E-7      3.874185847144427E-7     2.2938909033445734E-7    1.354840530143516E-7     7.983733035198165E-8     4.694601533472049E-8     2.755070068828954E-8     1.6138692136820015E-8    9.437592185820586E-9     5.510131119528452E-9     3.212305827376196E-9     1.8701158587205728E-9    1.0873158118919813E-9    6.314138557611346E-10    3.6624899038871885E-10   2.1221336384326125E-10   1.2283739694114595E-10   7.103550585514586E-11    4.104221250863553E-11    2.3692891587321815E-11   1.3666500924975918E-11   7.87711194397031E-12     4.536952131320651E-12    2.6113477673864944E-12   1.5020461270846396E-12   8.634427305223896E-13    4.96053183008428E-13     2.8482574387613815E-13   1.6345477268045203E-13   9.375483689267036E-14    5.374983680326079E-14    3.0800451078209336E-14   1.7641762456680425E-14   1.0100428968566803E-14   5.7804032287443646E-15   3.3067700059199245E-15   1.8909674222938613E-15   1.0809474791337958E-15   6.176914150884411E-16    3.5285036955463007E-16   2.0149623615399517E-16   1.1502855947195907E-16   6.564649986431396E-17    3.7453218795596774E-17   2.1362038695634628E-17   1.2180814002227446E-17   6.943746841026108E-18    3.957301133156531E-18    2.2547349302478162E-18   1.2843588237103531E-18   7.314332102918149E-19    4.1644910564147718E-19   2.370514598606831E-19    1.348878943015435E-19    7.668285906075641E-20    4.341056472780807E-20    2.402265657203185E-20    1.1564913540853223E-20   0
% Data
% c (mol/m^3) @ t=300, u1=0.03, u2=0.05, u3=0.05
1                         0.9837127295503494       0.9619763862654347       0.9342557358074687       0.9002134044141247       0.8597648820111352       0.813119936649338        0.7608037839496279       0.7036528542721951       0.642782560891939        0.5795278646373238       0.515361217909292        0.4517960634354403       0.3902868244750383       0.33213772933038016      0.2784326327994896       0.22999644845469996      0.18739662478046884      0.15099147534689017      0.12103255029091982      0.09783202588433403      0.07955011601141383      0.06392282146308902      0.05076919641439068      0.03986308745449489      0.030951668826938238     0.023772298203958778     0.018066554675721037     0.01359089508335596      0.010123864044877301     0.007470162904012317     0.005462108399698166     0.0039591068443225646    0.002845763812012216     0.002029177533479631     0.0014358583329689054    0.0010086015337220395    7.035341275303026E-4     4.874654872277619E-4     3.356029949582932E-4     2.2964421366783252E-4    1.5622544518490393E-4    1.0568854925351266E-4    7.112002348205512E-5     4.761526897928729E-5     3.1724039928465275E-5    2.1038327497469838E-5    1.3890001098854303E-5    9.131561618730877E-6     5.9788629111908444E-6    3.899400822494606E-6     2.533693023734316E-6     1.6404173582040946E-6    1.0584318132386653E-6    6.80675640277326E-7      4.363588978895798E-7     2.7888703972070337E-7    1.777237554766045E-7     1.1293913173764966E-7    7.157673863878496E-8     4.5245169116267193E-8    2.8529063847041772E-8    1.7945596179872278E-8    1.1262153317463389E-8    7.052034295789818E-9     4.406272472972791E-9     2.747420332108835E-9     1.7096492098768967E-9    1.0618102358634543E-9    6.582233260882927E-10    4.072989148169183E-10    2.5158965770293887E-10   1.5514458365923602E-10   9.551430198290732E-11    5.870982073495932E-11    3.6031743733135594E-11   2.208069123569022E-11    1.3511784302542496E-11   8.25665905619375E-12     5.03855225882645E-12     3.0706785476334746E-12   1.8689892442312425E-12   1.1361590097049554E-12   6.898372813804349E-13    4.183542506478818E-13    2.534229002392735E-13    1.533434701097173E-13    9.268630356159682E-14    5.5964066844407134E-14   3.375658485575093E-14    2.0341121811513136E-14   1.224530384737901E-14    7.364660586555041E-15    4.425190594004133E-15    2.6564589935953333E-15   1.5929594259200795E-15   9.534329335610472E-16    5.67255087734526E-16     3.28451314908548E-16     1.6364110962915366E-16   0
% Data
% c (mol/m^3) @ t=400, u1=0.03, u2=0.05, u3=0.05
1                         0.9906835171910616       0.9781649667140059       0.9620002780473687       0.9417987599864762       0.917252699198719        0.8881662572284134       0.8544812359209978       0.8162972219040836       0.7738838507732535       0.7276834887473889       0.6783035221455688       0.6264986496158655       0.5731450377496244       0.5192098618329655       0.46572154972581753      0.41374794878928184      0.3643916704093047       0.3188141355707637       0.27830252584444337      0.244397166917119        0.21525627498237682      0.18795368237985607      0.162673702301507        0.1395435241148923       0.11863150169605809      0.09994882101303326      0.08345416276436532      0.06906073293254182      0.05664488953591902      0.046055553732018646     0.03712364670781905      0.029670917460598373     0.023517691964003416     0.01848925297538328      0.014420728232520903     0.011160506499666843     0.008572307009865103     0.006536096264470425     0.004948079955271954     0.0037200032027330182    0.002777976965879233     0.002061019960877009     0.0015194703590104529    0.0011133851195189728    8.110106898867364E-4     5.873791793895811E-4     4.2306000373108766E-4    3.0307855803022183E-4    2.1600027404851247E-4    1.5316970345314118E-4    1.0808916068107901E-4    7.59190801902937E-5      5.308180446342915E-5     3.695136051255465E-5     2.5613383700273144E-5    1.7681321819527233E-5    1.2157129068188975E-5    8.326662769407032E-6     5.681821875672188E-6     3.863064549807307E-6     2.617297558881564E-6     1.7672508999511253E-6    1.1893582215231417E-6    7.978847028210046E-7     5.336082685466306E-7     3.5579534671693906E-7    2.3654407934432554E-7    1.568177889795464E-7     1.036778290581931E-7     6.836256089695226E-8     4.495995224359076E-8     2.949445850716777E-8     1.9301580022388383E-8    1.260122532493707E-8     8.207836723462747E-9     5.33418578580515E-9      3.4590555818549695E-9    2.2383213034475058E-9    1.4453977987560348E-9    9.314855613543657E-10    5.991168051389784E-10    3.8460556090848973E-10   2.4643907594567077E-10   1.5762099565983836E-10   1.0063495554172719E-10   6.414060938711151E-11    4.0811749500049784E-11   2.592525873368708E-11    1.6442353507498E-11      1.0411767927560279E-11   6.582948807134457E-12    4.155913383254034E-12    2.6198272703233415E-12   1.649039391453711E-12    1.0362212745049964E-12   6.493481699728759E-13    4.037736232133127E-13    2.432823109747523E-13    1.24856140945309E-13     0
% Data
% c (mol/m^3) @ t=500, u1=0.03, u2=0.05, u3=0.05
1                         0.9943585250568829       0.986745044596916        0.9768363474389642       0.964316024227682        0.9488892851151304       0.9302992069137711       0.9083436456987137       0.8828919264774924       0.8539003863661404       0.82142593557121         0.7856370442027043       0.7468219925555285       0.7053948639823469       0.6619006342539975       0.6170218363434843       0.5715906678682019       0.5266120690239262       0.48330523532753167      0.4431732354701913       0.40811285457953284      0.3764504348058952       0.3451587314839968       0.31449661652108774      0.2847147433500146       0.25604762993231966      0.2287063146449966       0.20287203620511682      0.17869131492932472      0.15627270296783843      0.13568533849523906      0.11695929873909075      0.10008761497397035      0.08502970283128994      0.07171588312440604      0.06005262658431868      0.04992815020632296      0.041218018882721946     0.03379045627134433      0.027511134598080696     0.02224728542489029      0.017871044488325275     0.014262007445003588     0.011309025742916182     0.008911310907180248     0.00697894108199275      0.005432876837270493     0.004204596022310889     0.003235452246034748     0.0024758508602196706    0.0018843223917933004    0.0014265581209515364    0.0010744574035149962    8.052224155818187E-4     6.005238826508274E-4     4.457513388358214E-4     3.293535869360949E-4     2.422691641987755E-4     1.7744252176851792E-4    1.2941900616590923E-4    9.401028566011206E-5     6.802130682333882E-5     4.902994401056841E-5     3.5211005511157474E-5    2.519701621760323E-5     1.7969079932660615E-5    1.2772042603466332E-5    9.049068195424572E-6     6.391562478707702E-6     4.501115380409399E-6     3.16077128290628E-6      2.2134790081071524E-6    1.5460250490708192E-6    1.0771238610516403E-6    7.486380753706276E-7     5.19139954405195E-7      3.5921335254841824E-7    2.480420331415773E-7     1.7094342082418597E-7    1.1759355933533816E-7    8.075487306414408E-8     5.536793611183413E-8     3.7905567086458817E-8    2.5915151330302165E-8    1.7695463793193306E-8    1.2069222103481464E-8    8.22351882611391E-9      5.598212049053977E-9     3.808083930704994E-9     2.588698240153322E-9     1.7588387480933089E-9    1.194513997756777E-9     8.110074735936481E-10    5.505079251163813E-10    3.7359689412635154E-10   2.533871956101336E-10    1.7145562705715542E-10   1.1492506677495601E-10   7.41143204783605E-11     3.999638168051017E-11    0
% Data
% c (mol/m^3) @ t=600, u1=0.03, u2=0.05, u3=0.05
1                         0.9964815965702251       0.99171801470603         0.98548230531245         0.977539316868882        0.9676528536627701       0.9555943297982068       0.9411527955686572       0.9241461547763575       0.9044333635028405       0.8819274217163052       0.8566090607697328       0.8285412161199118       0.7978846801248562       0.7649157784329812       0.7300475263141029       0.6938565139191138       0.6571187488255456       0.6208588445540658       0.5864182616007094       0.5555497358330018       0.5268264366736075       0.49750183401669146      0.4677513126323113       0.4377666434882864       0.4077519865658562       0.3779191277201569       0.34848214621069634      0.31965176230326975      0.29162964927747653      0.26460300666282893      0.23873967952861513      0.2141840730388837       0.19105405591979133      0.16943897687139028      0.14939884153905447      0.13096462201010828      0.11413960281736064      0.09890161254940226      0.08520595186896396      0.07298880839146453      0.06217094587083448      0.05266146727645273      0.044361475333340734     0.03716748610618435      0.03097448736700881      0.02567857029210914      0.021179097621071362     0.017380401695015514     0.014193030492885696     0.011534578362025476     0.009330150662381197     0.007512518538231        0.006022022318716235     0.004806280599619207     0.0038197578739012504    0.0030232375969685907    0.002383240614312665     0.001871421612772939     0.0014639691905165527    0.0011410286300221242    8.86160722588454E-4      6.858451399822542E-4     5.290329000808817E-4     4.0674938787282325E-4    3.117470894839368E-4     2.3820557084683222E-4    1.8147517130023244E-4    1.378602742190208E-4     1.0443775826989839E-4    7.890623270639352E-5     5.9461840860549035E-5    4.469671449801888E-5     3.351652829022767E-5     2.5074000695812447E-5    1.8715587745121208E-5    1.3939000823939016E-5    1.035953658045395E-5     7.683529771159144E-6     5.687525311261618E-6     4.2020138262901585E-6    3.098787262581315E-6     2.281150379894272E-6     1.67637359712258E-6      1.2298962960386732E-6    9.008908805747415E-7     6.588800141985377E-7     4.811655932792356E-7     3.508808939546633E-7     2.5551933082751996E-7    1.8582641656412276E-7    1.3496751319511028E-7    9.790421394697256E-8     7.092778815056717E-8     5.130983646316093E-8     3.7038466635343784E-8    2.661243215694468E-8     1.8863557477987188E-8    1.2763095690734206E-8    7.124206396370968E-9     0
% Data
% c (mol/m^3) @ t=700, u1=0.03, u2=0.05, u3=0.05
1                         0.9977426108787366       0.9946794425300823       0.9906534019203032       0.9854963131491837       0.9790323375132057       0.9710825281393982       0.9614706044523734       0.9500300243228391       0.9366124376648253       0.9210976337202927       0.9034051564129708       0.8835078706512641       0.8614479309344787       0.8373558456550861       0.8114736582702684       0.7841836889814995       0.7560448011058267       0.7278387699721562       0.7006300222581895       0.6758427480258671       0.6523278983593902       0.6278057517762428       0.6023502152010882       0.5760536767418734       0.5490267462885478       0.5213973622383415       0.4933092330269152       0.4649196177591132       0.43639648964873917      0.40791516607646244      0.37965452633471064      0.35179296902310203      0.32450428250163327      0.29795361155788636      0.272293700396557        0.24766157639763273      0.22417581225040212      0.20193446854724612      0.18101377793731696      0.16146758905153538      0.1433275470973852       0.12660395133018584      0.11128719987805641      0.09734971111257955      0.08474819850175783      0.07342617241231832      0.06331654671719418      0.054344238893297245     0.046428667866218014     0.039486072392766976     0.03343159257741435      0.028181076716984877     0.023652593876027507     0.019767648559934577     0.016452107049387186     0.013636855161398181     0.011258214431487413     0.009258148181287597     0.007584290989533321     0.006189835139946663     0.005033306121921241     0.004078256643358568     0.0032929052760864806    0.002649742134864809     0.00212512016983688      0.0016988469435637516    0.001353788320497039     0.0010754924176165797    8.518395030425603E-4     6.727213014443424E-4     5.297513604466826E-4     4.160067213784397E-4     3.258000790553882E-4     2.5448086106871537E-4    1.9826315773725404E-4    1.5407814142119595E-4    1.1944848388265055E-4    9.238227335871766E-5     7.12840150970266E-5      5.4880442075513955E-5    4.215904369349123E-5     3.231742153051792E-5     2.4721789314426522E-5    1.8873139198359203E-5    1.4379791536174383E-5    1.0935226214563897E-5    8.300257782340772E-6     6.2887630542296085E-6    4.756298494466133E-6     3.591056067415403E-6     2.7067011972034504E-6    2.0367156043557002E-6    1.5299306411779403E-6    1.1469801202913834E-6    8.574156059525949E-7     6.371858076511711E-7     4.660211390888518E-7     3.2383031571766676E-7    1.8413882702527196E-7    0
% Data
% c (mol/m^3) @ t=800, u1=0.03, u2=0.05, u3=0.05
1                         0.9985208823766722       0.9965106198792079       0.9938609645517285       0.9904536601528917       0.9861620754162645       0.9808536325907905       0.9743931632598876       0.966647337891453        0.9574903378623534       0.9468109730974118       0.9345215001414011       0.9205684703699263       0.9049460425007957       0.8877123338696448       0.8690095665297877       0.8490889907258249       0.8283418401113476       0.8073378858881183       0.7868734997827039       0.7680314884785086       0.7499274356880955       0.7307794035261044       0.7105942016212028       0.6893909055262534       0.6672019754817287       0.6440741437660924       0.6200690023591089       0.5952632276716876       0.5697483889752861       0.5436303018806933       0.5170279072956955       0.49007167878098673      0.46290158573469387      0.43566466464657316      0.4085122738764383       0.3815971271479959       0.3550702155481584       0.329077736024518        0.3037581454623725       0.27923945329611055      0.2556368527854078       0.23305077263331497      0.2115654080349619       0.19124776527668316      0.17214722849024613      0.15429563284640532      0.1377078068468019       0.12238252859676468      0.10830382776023871      0.09544255663795606      0.08375815040488731      0.07320049759454549      0.0637118467756771       0.0552286832188976       0.04768351931058998      0.041006553657372005     0.0351271654237945       0.029975221760507022     0.02548218665429031      0.02158202876304348      0.018211933536449194     0.015312831051754013     0.012829755514826596     0.010712055381424461     0.00891347469991754      0.007392126763247872     0.0061103807029984905    0.005034680482446604     0.004135314057168586     0.0033861484588886444    0.002764344381749847     0.002250061641537049     0.0018261647395535294    0.0014779357679924033    0.001192800092050276     9.600686638303593E-4     7.706994751700668E-4     6.17079538455496E-4      4.928278840631533E-4     3.9261936154004327E-4    3.120285063391331E-4     2.4739236045782855E-4    1.9569088916329772E-4    1.5444349369138688E-4    1.216200598087073E-4     9.556498518981313E-5     7.493267793740376E-5     5.8633099915396675E-5    4.57860295197648E-5      3.56828278376153E-5      2.7754597857664727E-5    2.15457117711934E-5      1.6691716042949092E-5    1.2900543398544388E-5    9.935619862269034E-6     7.5985192980202454E-6    5.706515295411143E-6     4.054926086235717E-6     2.3414240629978476E-6    0
% Data
% c (mol/m^3) @ t=900, u1=0.03, u2=0.05, u3=0.05
1                         0.9990162705682138       0.997677786359183        0.9959100318946384       0.993630520196725        0.9907495755656535       0.9871716627220374       0.9827973858051186       0.9775263006377679       0.9712607088555619       0.9639106349194625       0.9554002290233299       0.9456758930729333       0.9347164959509112       0.9225461307051669       0.9092499720269023       0.8949939181936049       0.8800488464537016       0.8648204707812769       0.8498859583698567       0.8360386234558566       0.8226200146114604       0.8082923439708167       0.7930304445179962       0.7768151341182369       0.7596343447596744       0.7414842494779101       0.7223703482011308       0.7023084687531883       0.6813256357913124       0.6594607590647463       0.6367650935227465       0.6133024278094469       0.5891489647099394       0.5643928670791545       0.5391334553613877       0.5134800574081806       0.4875505271147048       0.46146946443967457      0.4353661845820349       0.40937249739579273      0.3836203685734092       0.3582395409542266       0.3333551970202959       0.3090857420416594       0.2855407815642735       0.26281935743779883      0.2410084940544703       0.2201820917966601       0.2004001888547566       0.18170859658059846      0.1641388983237956       0.14770878806777038      0.13242271376983875      0.11827278153938961      0.10523987087090661      0.09329490809233963      0.08240024482545415      0.07251109027359307      0.06357695014441792      0.05554303051395302      0.04835157145920279      0.041943082361771286     0.03625745798978712      0.031234961438041327     0.026817066458320986     0.022947157432943226     0.0195710900997207       0.016637620060486656     0.014098709091833897     0.011909721367830287     0.010029522978031204     0.008420498682194721     0.007048499801388137     0.00588273662383574      0.004895627820288048     0.004062618227015061     0.003361975061859883     0.002774571273059973     0.0022836633496065226    0.0018746695987034907    0.0015349536593465048    0.0012536168975482243    0.0010213023338420753    8.300118939550836E-4     6.72938048277745E-4      5.443103085992514E-4     4.392565705162691E-4     3.536789115488902E-4     2.841431570211846E-4     2.277812760444307E-4     1.8220541282460383E-4    1.4543198508666278E-4    1.1581356138856833E-4    9.1974656464523E-5       7.274402829738704E-5     5.706798379255743E-5     4.387089351917529E-5     3.178775508996385E-5     1.8600460296618954E-5    0
% Data
% c (mol/m^3) @ t=1000, u1=0.03, u2=0.05, u3=0.05
1                         0.9993387802164608       0.9984383895595047       0.9972475312137666       0.9957089162013599       0.9937596404169096       0.9913319355493112       0.9883543938259195       0.9847537850702123       0.9804576068061401       0.9753975349869919       0.9695139754038566       0.9627619550196483       0.9551186394037492       0.9465928179148034       0.937236762650435        0.9271609400488318       0.9165521338269464       0.9056956214611712       0.8950021282047552       0.8850403543140349       0.8753314624087525       0.8648978989106039       0.8537047430972237       0.8417189954300129       0.8289103242214871       0.815251878560114        0.8007211553646091       0.7853009039841595       0.7689800472135547       0.7517545932079464       0.7336285088604366       0.7146145220748504       0.6947348183598518       0.6740215966012877       0.652517449996615        0.6302755411333953       0.6073595451254021       0.5838433415134048       0.5598104440774628       0.5353531674363043       0.5105715398449978       0.4855719823683602       0.46046578497533197      0.4353674194361884       0.4103927366246192       0.3856571014406793       0.3612735217242859       0.3373508280316376       0.31399195898454674      0.29129240223507646      0.26933883423163335      0.24820799337137048      0.22796581130958676      0.2086668167473905       0.1903538155137993       0.17305784073916142      0.15679835785331464      0.14158370140807686      0.12741171458231249      0.11427055782569735      0.10213965046901818      0.09099070820822562      0.08078884000636379      0.07149366993805933      0.06306045256941312      0.0554411543447524       0.04858547786169837      0.0424418105925593       0.03695808431520485      0.03208253604796226      0.027764365479021613     0.023954287622034443     0.020604982637955453     0.017671447398525324     0.015111255421949278     0.012884733306323429     0.010955062762252324     0.009288317858865273     0.007853447212313179     0.0066222106323132425    0.00556907926998642      0.004671107645429031     0.003907785136713415     0.003260873636192917     0.0027142371687755617    0.0022536683530113935    0.001866715688304411     0.0015425147687756842    0.0012716256193379637    0.0010458773160375693    8.582196384424942E-4     7.025791384428996E-4     5.737124358484233E-4     4.67039980793948E-4      3.784228179445289E-4     3.037995473886796E-4     2.3850106467141954E-4    1.7584184570263725E-4    1.0410656297195166E-4    0
% Data
% c (mol/m^3) @ t=1100, u1=0.03, u2=0.05, u3=0.05
1                         0.9995521956026988       0.9989420683916127       0.9981342949283425       0.9970891875539951       0.9957628770283568       0.9941077511162637       0.9920732248801769       0.989606933539501        0.9866564564584734       0.9831717015543345       0.9791081036165876       0.9744308181036379       0.9691201242393559       0.9631782877708304       0.9566381743319718       0.9495739482282395       0.9421142371099135       0.9344581878999048       0.9268948795874143       0.9198265884401239       0.912910719909939        0.905445821349524        0.8973981980394786       0.8887340019425812       0.8794196246312529       0.869422153407688        0.8587098907854123       0.8472529353688647       0.8350238196576283       0.8219981974616694       0.8081555705231889       0.7934800407136336       0.7779610709587793       0.7615942350182652       0.7443819336085635       0.7263340523217512       0.7074685355654995       0.6878118505219164       0.6673993160466877       0.6462752736032379       0.6244930807779981       0.602114912600785        0.5792113616624193       0.5558608346608216       0.5321487502243847       0.5081665503080143       0.48401054474892186      0.4597806153137467       0.43557881139341165      0.4115078740813163       0.3876697284484487       0.36416398523834137      0.34108649287735854      0.3185279786656563       0.2965728144128571       0.2752979368271093       0.2547719469416388       0.23505440610028225      0.21619533887654246      0.19823494612239914      0.18120352446403393      0.1651215822719306       0.15000013666842457      0.13584117166972934      0.12263823419814962      0.11037714248437822      0.09903678028966893      0.0885899503411158       0.07900426127605749      0.07024302408908151      0.06226613640374507      0.055030935679828856     0.0484930055468271       0.04260692266710431      0.037326934736253245     0.03260756330348671      0.028404127944966707     0.02467319087594556      0.02137292329543889      0.018463396593835037     0.01590680301255502      0.013667611434579624     0.011712664726055484     0.010011225469878532     0.008534977060237217     0.007257986981357156     0.006156638665912444     0.005209537548485718     0.004397395591328286     0.0037028961653355987    0.0031105365900050254    0.0026064363841546445    0.0021780799364529728    0.0018139211465304042    0.0015026893357264867    0.0012320460375336996    9.858346086382237E-4     7.382896110401497E-4     4.416983968848549E-4     0
% Data
% c (mol/m^3) @ t=1200, u1=0.03, u2=0.05, u3=0.05
1                         0.9996950967586304       0.9992795033558468       0.9987288876289419       0.9980157982092691       0.9971097535812004       0.9959775065852886       0.9945835398146503       0.9928908588701413       0.9908621637858162       0.9884614943131923       0.9856564623383521       0.982421204620551        0.9787402113024769       0.9746132101018344       0.9700613123516486       0.9651346543528443       0.9599217945816461       0.9545611522389642       0.94925479266469         0.944284876409444        0.9394090201169677       0.9341300397018708       0.9284196457664653       0.922248566952882        0.9155867139236865       0.9084033855430839       0.9006675207890894       0.892347999293989        0.8834139925239545       0.8738353664503362       0.8635831351273264       0.8526299628797585       0.8409507108444031       0.8285230214415332       0.8153279320453007       0.8013505067577524       0.7865804728783332       0.7710128465216557       0.7546485300057421       0.737494862249734        0.7195661026183625       0.700883828549659        0.6814772279967647       0.6613832692635079       0.640646733232701        0.6193200962425837       0.5974632558755564       0.5751430965486438       0.5524328968559057       0.5294115858917764       0.5061628610393676       0.48277418468790567      0.4593356818038866       0.43593896399847526      0.41267590852306074      0.38963742234797105      0.36691222205532076      0.3445856596861451       0.32273862296593764      0.3014465355901646       0.28077847963032926      0.2607964578085108       0.24155480859689496      0.22309978205416603      0.20546927923754962      0.18869275313946268      0.1727912645792666       0.15777768248989305      0.1436570146952031       0.1304268526559458       0.11807791180900437      0.1065946480372219       0.09595593045253109      0.08613575099202095      0.0771039522315718       0.06882695621606186      0.06126847888151804      0.05439021669303551      0.04815249433568727      0.04251486457387498      0.03743665364736489      0.03287744772031455      0.028797517873205163     0.025158182861200605     0.02192211028182355      0.019053557789361675     0.016518556357679993     0.014285036903735586     0.012322898939622493     0.010604013392062631     0.009102137195537143     0.007792685966197895     0.0066522444233228974    0.00565755298578855      0.004783410386041228     0.0039983022393168585    0.0032552393967646416    0.0024725041618387567    0.001493163635992107     0
% Data
% c (mol/m^3) @ t=0, u1=0.05, u2=0.01, u3=0.01
1                         -5.6727329698675144E-8   3.4412341060481226E-15   4.799069503582021E-20    8.009901849351893E-26    1.0236269825679845E-31   1.1689697273466336E-37   1.2541942007528186E-43   1.2931961592123401E-49   1.2971711273413468E-55   1.2750964098618375E-61   1.234131299349709E-67    1.1799489050912687E-73   1.1170108771030506E-79   1.0487944867291806E-85   9.779799986134254E-92    9.066049837963995E-98    8.361911425132654E-104   7.678482961521758E-110   7.023594438389415E-116   6.360380805271515E-122   4.6090361899611815E-128  3.33074752107515E-134    2.4010111863958245E-140  1.726901736111815E-146   1.2395065518532628E-152  8.880011316287214E-159   6.350796347363282E-165   4.534730767360009E-171   3.2332220692925325E-177  2.3021130836487568E-183  1.6370667086027366E-189  1.1627651486749261E-195  8.249681480244807E-202   5.846989879841712E-208   4.1400456282434915E-214  2.9287392265449338E-220  2.0700558078873048E-226  1.4619422634570732E-232  1.0316788402718127E-238  7.27516310212471E-245    5.126739446241883E-251   3.610399061769772E-257   2.54096479255541E-263    1.787247020558003E-269   1.2563918453854668E-275  8.827373337700453E-282   6.198894514494826E-288   4.3509408443693995E-294  3.0524423848630865E-300  2.1405025033918718E-306  1.500361727855E-312      1.069E-318               0                        0                        0                        0                        0                        0                        0                        0                        0                        0                        0                        0                        0                        0                        0                        0                        0                        0                        0                        0                        0                        0                        0                        0                        0                        0                        0                        0                        0                        0                        0                        0                        0                        0                        0                        0                        0                        0                        0                        0                        0                        0                        0                        0                        0                        0                        0                        0
% Data
% c (mol/m^3) @ t=100, u1=0.05, u2=0.01, u3=0.01
1                         0.9656881255471026       0.9132847261683879       0.8415363061624995       0.7517145725441925       0.6479125517673818       0.5366497837767596       0.4257612917159031       0.32283607075375625      0.23371191781191739      0.16154938326954638      0.10674402904459346      0.06755197373173487      0.04104689026254877      0.024016620307384762     0.01357192392356012      0.007429781427859851     0.003951251989835946     0.0020450049645481796    0.0010249620133562713    4.696901357755442E-4     1.8881465433837072E-4    7.45430342627292E-5      2.8960896605466572E-5    1.1092710106672452E-5    4.195481290380358E-6     1.5691407028693664E-6    5.810636149671975E-7     2.1327935398307753E-7    7.767153471173439E-8     2.8089033792168517E-8    1.0094912233477684E-8    3.6078493678533708E-9    1.283005689053325E-9     4.5422025950065245E-10   1.6016162758915056E-10   5.627002241659419E-11    1.9704897199656E-11      6.879920576392827E-12    2.3956464060169632E-12   8.32139500681189E-13     2.884003356444744E-13    9.974777102370842E-14    3.443427546946208E-14    1.1866525115755635E-14   4.082805209790907E-15    1.4026451307638648E-15   4.812129185112487E-16    1.6488027320887887E-16   5.642604698099127E-17    1.928874768336146E-17    6.586773451858365E-18    2.247055114675892E-18    7.658656063036965E-19    2.608030052493908E-19    8.873913267633936E-20    3.0170323120243024E-20   1.0250026792989162E-20   3.479901529925561E-21    1.180650124298451E-21    4.003151614110114E-22    1.3565088752109815E-22   4.59404563078214E-23     1.5550038533935727E-23   5.26067894109595E-24     1.7788373794903035E-24   6.012071422088074E-25    2.031019882103194E-25    6.85826971334889E-26     2.3149039387172752E-26   7.810460541292577E-27    2.6342219997100632E-27   8.881096290049186E-28    2.9931281847100927E-28   1.0084034114492796E-28   3.3962445823012044E-29   1.1434690028860462E-29   3.848712529727179E-30    1.2950209555695466E-30   4.3562493994114646E-31   1.4649656686254506E-31   4.925211474332775E-32    1.655422308684842E-32    5.5626635551672245E-33   1.8687459687714335E-33   6.276456009233199E-34    2.1075533013947495E-34   7.075310045314722E-35    2.3747508863908978E-35   7.968912080039516E-36    2.673566620932239E-36    8.968018143307218E-37    3.0075844212752026E-37   1.0084568437518008E-37   3.3807794310115063E-38   1.1331707333082454E-38   3.797198921897092E-39    1.2711795908011967E-39   4.2203323830243496E-40   1.2852566776543693E-40   0
% Data
% c (mol/m^3) @ t=200, u1=0.05, u2=0.01, u3=0.01
1                         0.9920502433196055       0.9794166640459129       0.9608475359624414       0.9351515247057319       0.9013474331373479       0.8588261469963216       0.8075000224117275       0.747910693407738        0.6812677615645267       0.6093993839692947       0.5346109122717642       0.45946666281510684      0.3865277390728395       0.31808979338133075      0.2559639088167176       0.20132928462587946      0.1546585722506146       0.1156752313206904       0.08323884079004908      0.05494073564156059      0.032888980367512005     0.019243234073676087     0.01102042125493137      0.006186049551465385     0.0034080478460817533    0.0018451641165914787    9.8296578057646E-4       5.158575990425133E-4     2.669933007153046E-4     1.364327660094239E-4     6.890199492622273E-5     3.442435349371201E-5     1.70304695514714E-5      8.350275357175288E-6     4.061215077655278E-6     1.9608369891568067E-6    9.405643362889486E-7     4.485494295203401E-7     2.1281499424587852E-7    1.0051746325349798E-7    4.729194717414751E-8     2.2175822317212753E-8    1.0369095069284551E-8    4.836969534742655E-9     2.251961692009757E-9     1.0468118917436233E-9    4.860069660418489E-10    2.2542939946701755E-10   1.0449207611679616E-10   4.8412203900572706E-11   2.242350484326112E-11    1.038468875884879E-11    4.80923650964583E-12     2.2273644989029716E-12   1.0317364889323335E-12   4.780021763195968E-13    2.2150757395414116E-13   1.0267223586606699E-13   4.760214769130701E-14    2.207541183611504E-14    1.023992274407554E-14    4.7509995986071234E-15   2.2047900845678427E-15   1.0233780701499649E-15   4.750986920700679E-16    2.2059853344095952E-16   1.0244359761051838E-16   4.75798575887545E-17     2.2100939291811833E-17   1.0266946477947585E-17   4.769898092857978E-18    2.216200149616853E-18    1.0297607671912815E-18   4.785057173507045E-19    2.2236058011258053E-19   1.0333447959034801E-19   4.802272943793036E-20    2.231825626986387E-20    1.0372502828701585E-20   4.820755276380418E-21    2.240543736436183E-21    1.041351631870041E-21    4.84000736065365E-22     2.249564546121088E-22    1.0455721892438259E-22   4.8597300310781E-23      2.258771757562044E-23    1.0498669119826006E-23   4.879749408293879E-24    2.2680983662464854E-24   1.0542097993806962E-24   4.899958536456691E-25    2.2774852750098932E-25   1.058534063692101E-25    4.919032917819465E-26    2.2838426698110234E-26   1.055417804367135E-26    4.757856860750169E-27    1.8545858098980397E-27   0
% Data
% c (mol/m^3) @ t=300, u1=0.05, u2=0.01, u3=0.01
1                         0.9976535211407638       0.9938649885759903       0.9881397462734239       0.9799077826214768       0.968542224641777        0.9533897133621174       0.9338127892630349       0.9092426312531365       0.8792383516902563       0.8435468291641312       0.8021551096820578       0.7553260249505598       0.7036068889773918       0.6478003385691483       0.5888838117301799       0.5278560461221083       0.4654682044957427       0.4017509533898151       0.33515427116411095      0.2609337966894307       0.1894076498212773       0.13481342950682562      0.09416282674199897      0.06459194252952168      0.043548081751791465     0.028879272506586052     0.018852036782738342     0.012122867887124638     0.007684904247996188     0.004805716339351555     0.0029665651319753512    0.001808854481504084     0.0010901176594369265    6.497063873317005E-4     3.831571751212785E-4     2.2370881330747828E-4    1.2937614694988477E-4    7.414771427715681E-5     4.213183249911717E-5     2.37453241419952E-5      1.3279360681905545E-5    7.37180985727433E-6      4.063745085750834E-6     2.2252714636989547E-6    1.2108333751983524E-6    6.548826457568837E-7     3.521647028247463E-7     1.883432280464149E-7     1.0020469986771774E-7    5.304762655936176E-8     2.795012029208909E-8     1.4660063820606969E-8    7.656176535515106E-9     3.981956432958304E-9     2.0628591609244463E-9    1.0646500624552796E-9    5.474949274363688E-10    2.805802500493229E-10    1.4331847195186576E-10   7.297535790323516E-11    3.704563467239168E-11    1.8751643987561157E-11   9.465315898417516E-12    4.76511772437808E-12     2.392774240368107E-12    1.1985712182736802E-12   5.989660997549939E-13    2.986462609747823E-13    1.4858212208650077E-13   7.376783006237026E-14    3.655047523519538E-14    1.8074968755331118E-14   8.921789475817006E-15    4.395883611375231E-15    2.1621644209309734E-15   1.0617121098465424E-15   5.205066853585557E-16    2.5478398692137274E-16   1.245282548462564E-16    6.077657996041645E-17    2.962093953100295E-17    1.441704680044646E-17    7.007909614418189E-18    3.402156851786054E-18    1.6496506391684257E-18   7.989485686285981E-19    3.865018077462071E-19    1.8676955336382904E-19   9.015665727483542E-20    4.3475178981787697E-20   2.0943574571705995E-20   1.0079500490041029E-20   4.846362073477458E-21    2.3279750589117512E-21   1.1170226782720835E-21   5.349363918134565E-22    2.545945696962041E-22    1.178404485906534E-22    4.6846149737662206E-23   0
% Data
% c (mol/m^3) @ t=400, u1=0.05, u2=0.01, u3=0.01
1                         0.9992134681554706       0.9979336525145872       0.9959731392758149       0.9931009875599133       0.9890407332110066       0.9834711195203931       0.9760303574369048       0.9663245285397544       0.9539403310993313       0.9384616352842806       0.9194881029101614       0.8966521662255862       0.8696274365702764       0.838116153412633        0.8017937533267809       0.7601716471077206       0.712308701778984        0.6562468146172468       0.5879472124381765       0.49932858600662455      0.402743068228029        0.31950140844647296      0.2494012374519504       0.19164262054393016      0.14502649551763647      0.10813465580781606      0.07947866581152488      0.05761216698332998      0.04120676255952532      0.029095625006172427     0.020291144437571598     0.013983607839741705     0.009527489427504456     0.006420881812768534     0.004282282134635161     0.0028276403467320634    0.001849444202791731     0.0011987316356317844    7.702952343787667E-4     4.909451139727387E-4     3.1047749966949006E-4    1.949057538542273E-4     1.2150307391357843E-4    7.524602005502069E-5     4.630990711849294E-5     2.833438048507198E-5     1.7240633461387807E-5    1.0436085209917963E-5    6.286474184640742E-6     3.769615450955287E-6     2.2508041484641956E-6    1.338611575361535E-6     7.931736093562525E-7     4.683758492276938E-7     2.757047148890352E-7     1.618167289455933E-7     9.471818994019772E-8     5.530577603761784E-8     3.2220053645443474E-8    1.873214021808985E-8     1.0870156444821888E-8    6.297215044881128E-9     3.6424861289909656E-9    2.1040281431506877E-9    1.2138706056682753E-9    6.995501482360336E-10    4.0275863144327917E-10   2.3168611593339483E-10   1.3317715128549228E-10   7.650245443759253E-11    4.3921227625530774E-11   2.5203501020236466E-11   1.4456559702792024E-11   8.289223168459261E-12    4.751509273532539E-12    2.7229486468801512E-12   1.560113111317318E-12    8.937123272242486E-13    5.118922136238519E-13    2.931639307350408E-13    1.6788200393619257E-13   9.61320341881601E-14     5.5043987195383687E-14   3.1516324142023305E-14   1.8044723425895063E-14   1.0331372929245127E-14   5.915102902215766E-15    3.38661334366464E-15     1.9389643726230286E-15   1.1101350584134296E-15   6.355977557839827E-16    3.639000367949136E-16    2.083280063138311E-16    1.1922948304979447E-16   6.816510227822956E-17    3.8828717607474376E-17   2.1837988891527436E-17   1.1730024956167324E-17   5.1984486236741355E-18   0
% Data
% c (mol/m^3) @ t=500, u1=0.05, u2=0.01, u3=0.01
1                         0.9997376592969457       0.9993079539534009       0.9986421118813232       0.9976513027584382       0.9962231173522106       0.9942181237241018       0.9914667077701192       0.9877663571743103       0.9828793644356145       0.9765304892386305       0.9684032335757846       0.9581317033389073       0.9452819704528663       0.9293113955336875       0.9094847651924551       0.8847092955621634       0.8532212861504253       0.8120063824865164       0.7557473675109326       0.6749412595424261       0.5797685365908388       0.49122632534311583      0.41062508925162455      0.338732381355046        0.27582669853659797      0.22177581814658423      0.17612781037392547      0.1382042422833958       0.1071873064241471       0.08219521860047713      0.062342802843883986     0.04678640324504518      0.03475395500913869      0.025562158621889354     0.01862327419599636      0.013444189373660053     0.009620239425708135     0.006825896048410502     0.004803996383644427     0.0033547336980562135    0.0023252260523950233    0.0016001453135665446    0.0010936339440565665    7.425569654609071E-4     5.010203773590176E-4     3.360214712473803E-4     2.2406732437957699E-4    1.4859335030749444E-4    9.802452763066793E-5     6.43406785457978E-5      4.20289770040651E-5      2.732857953061064E-5     1.769209060972749E-5     1.1405650633944033E-5    7.323539308360842E-6     4.684461054358111E-6     2.9854516740424045E-6    1.8960204856616105E-6    1.2001239448166873E-6    7.572228008466467E-7     4.7631820938718006E-7    2.987480950235079E-7     1.868544054694255E-7     1.1655875819119789E-7    7.252378493414313E-8     4.501509555766192E-8     2.7875581140542277E-8    1.7223499097673002E-8    1.0619207352633806E-8    6.533947143701122E-9     4.012449322927971E-9     2.459403177095827E-9     1.504770204872632E-9     9.191011785913561E-10    5.60454001204723E-10     3.4121605919114316E-10   2.0742432750574954E-10   1.259091246054448E-10    7.632156448310784E-11    4.6201269387257756E-11   2.7931870108026435E-11   1.686581599261904E-11    1.0171773271789661E-11   6.127561692160931E-12    3.687221406354168E-12    2.2164050815251826E-12   1.3309277311911062E-12   7.984199028576864E-13    4.785142320287609E-13    2.865223082271737E-13    1.7140835534798843E-13   1.0245085273772258E-13   6.117578321892067E-14    3.648386746431286E-14    2.1710013630172952E-14   1.2849505169167058E-14   7.486612231601246E-15    4.143292991325091E-15    1.8745167853913165E-15   0
% Data
% c (mol/m^3) @ t=600, u1=0.05, u2=0.01, u3=0.01
1                         0.9999072297791614       0.9997545909573867       0.9995162184220988       0.9991576864756958       0.9986338552859299       0.9978863193033721       0.9968403535880844       0.9954011453613623       0.9934488734347428       0.990831759553933        0.9873553924061731       0.98276512162087         0.9767156264429538       0.9687170066919266       0.9580384193395836       0.9435358131731394       0.9233452694962306       0.8943402387672843       0.8511765201240584       0.7846207390280445       0.7020122536404146       0.6210351365166941       0.5432470826802067       0.4699215456365758       0.40202141864379737      0.3401956981810689       0.28479582530305886      0.2359072405376434       0.19339117061217126      0.15693173279429007      0.1260839746018027       0.10031930896655625      0.07906579821565984      0.061741742825041745     0.04778193399915764      0.036656663169822204     0.027884115083627942     0.02103710466078743      0.015745274338601588     0.01169388429709203      0.008620243517148522     0.006308683923189775     0.004584805889339671     0.003309546286316981     0.0023734570776358754    0.0016914430769478673    0.0011980959194000218    8.436774983508157E-4     5.907473680102918E-4     4.1139083644898373E-4    2.849831618022465E-4     1.9641609644128254E-4    1.3471222637974535E-4    9.195705848831802E-5     6.248627282034826E-5     4.227429779603168E-5     2.847925158554844E-5     1.910762734245098E-5     1.2769507465960003E-5    8.50142059576522E-6      5.639197272761333E-6     3.727414611851293E-6     2.4553690237349533E-6    1.6121164500969664E-6    1.0551069727407917E-6    6.884381657226282E-7     4.4786566602933815E-7    2.905287990261609E-7     1.8794537532810003E-7    1.2125953491106233E-7    7.80335016724774E-8      5.009159088288547E-8     3.2077696928312614E-8    2.0494193023694116E-8    1.3064146412724242E-8    8.309708676787478E-9     5.274433309412296E-9     3.341031368651576E-9     2.112167590791631E-9     1.332743244806987E-9     8.393847116403884E-10    5.277122843477989E-10    3.311914332658925E-10    2.0750565937967212E-10   1.2979921762874434E-10   8.106379307797361E-11    5.054928839881541E-11    3.147429818012531E-11    1.956898459280597E-11    1.214976467077178E-11    7.532960477788238E-12    4.664000076000783E-12    2.883383561937008E-12    1.779231815612591E-12    1.0945189991071646E-12   6.68741683287399E-13     4.0117385358019364E-13   2.275199807485216E-13    1.0467239740771669E-13   0
% Data
% c (mol/m^3) @ t=700, u1=0.05, u2=0.01, u3=0.01
1                         0.9999650596024064       0.9999073683075821       0.9998167129182433       0.9996791653487811       0.9994759031066535       0.9991816436101092       0.9987625087014064       0.9981730030790227       0.9973515512631351       0.9962136099337628       0.9946406132850855       0.9924616715264803       0.9894226010016335       0.985132785352895        0.9789732891727311       0.9699373985653218       0.9563536133054645       0.9354046359696527       0.9022930249648141       0.8487958212318241       0.7800824813902576       0.7103301097652286       0.6408197665174888       0.5727360995661355       0.5071253283629944       0.44486489190459083      0.3866454207166433       0.33296468516094824      0.28413232304704106      0.240283519839484        0.20139943401181726      0.1673320262198096       0.13783103557505164      0.1125711025318434       0.09117740931860409      0.07324863796224386      0.05837648119476364      0.04616134194903722      0.03622419471755985      0.028214841762567944     0.021816975499945622     0.016750560705464806     0.01277208781691376      0.009673235915093333     0.007278436024889825     0.005441756158244185     0.004043450799204481     0.002986438369620977     0.0021928969115180114    0.0016011045825292409    0.0011625993395305637    8.396916027383661E-4     6.033339291613758E-4     4.3133135275386005E-4    3.06863372225109E-4      2.1728186550675892E-4    1.531468964846185E-4     1.074630916439293E-4     7.508189592462772E-5     5.2238717651977514E-5    3.619812179876907E-5     2.498440363135682E-5     1.717880091712187E-5     1.1768129919667013E-5    8.03269053099142E-6      5.463868495416188E-6     3.703993115432103E-6     2.5027325536474652E-6    1.685680272167753E-6     1.131861241909634E-6     7.57718260441377E-7      5.057744914339672E-7     3.366490747362614E-7     2.234625459849287E-7     1.4793575187637716E-7    9.768226620044133E-8     6.433754133770134E-8     4.2271749325125774E-8    2.7707850068922784E-8    1.8119703617776433E-8    1.1822867578109837E-8    7.697415166882659E-9     5.000844019767839E-9     3.2422245863340877E-9    2.0978212731167774E-9    1.3546990956336866E-9    8.731495409066234E-10    5.617295397421801E-10    3.6072693908185534E-10   2.3123806841204132E-10   1.4797179160064512E-10   9.452077738388581E-11    6.026158288290798E-11    3.8326933301622064E-11   2.4281563431476423E-11   1.525786658845941E-11    9.39007680043451E-12     5.439624138179156E-12    2.5387334420802574E-12   0
% Data
% c (mol/m^3) @ t=800, u1=0.05, u2=0.01, u3=0.01
1                         0.999987256564816        0.9999661021687455       0.9999325433376705       0.9998809386845711       0.9998033288873646       0.9996884536689808       0.9995202712951258       0.9992756676579763       0.9989208189537764       0.9984052845106188       0.9976522337981992       0.996542045601759        0.9948844979949012       0.9923712743978478       0.9884944728411467       0.9824063748576628       0.97267771772499         0.9568806107143928       0.9308685238869883       0.8875329980103025       0.830597650308514        0.7714144435303572       0.7109193113514952       0.6500479558239877       0.5897007876477357       0.5307118156439236       0.4738229918479218       0.41966502769415764      0.3687451686627786       0.32144189948539204      0.2780060937421521       0.238567754407011        0.2031472366792629       0.17166970860170258      0.14398158306688927      0.11986773107256453      0.09906843772910398      0.08129526343469556      0.0662451967968169       0.05361271013208223      0.04309953429736887      0.034422144424545824     0.027317084789319955     0.021544357576195054     0.016889158793211154     0.01316226995117146      0.010199412866854267     0.007859854137372505     0.006024512245334998     0.004593779839887524     0.003485231304740069     0.0026313448398255063    0.001977331334195289     0.0014791306516995513    0.0011016101219151948    8.169799538446314E-4     6.034254916236265E-4     4.4394599962828033E-4    3.253831908379034E-4     2.3761918846032287E-4    1.729222912214217E-4     1.2541915108088442E-4    9.067323617605081E-5     6.535132325303724E-5     4.696192912569947E-5     3.3651826455698494E-5    2.4048945914587907E-5    1.7141952887173678E-5    1.2188553778863936E-5    8.646116882018143E-6     6.1194884468828695E-6    4.32196172120941E-6      3.046237937617103E-6     2.1429291609853095E-6    1.504719402039574E-6     1.054746821483002E-6     7.38118132914936E-7      5.157355663852479E-7     3.5982317913372664E-7    2.506963452502952E-7     1.7443688898953955E-7    1.212253552151036E-7     8.414831543677864E-8     5.834785703932857E-8     4.0416735248810365E-8    2.7969337251157404E-8    1.9338094317684125E-8    1.3359153647255859E-8    9.221392001231041E-9     6.360265380519269E-9     4.383318857821449E-9     3.0179997808438015E-9    2.0751446469577767E-9    1.4234501491886609E-9    9.716132536451562E-10    6.557926495646715E-10    4.3071755534475193E-10   2.6322840176961074E-10   1.2732975561987916E-10   0
% Data
% c (mol/m^3) @ t=900, u1=0.05, u2=0.01, u3=0.01
1                         0.999996332040193        0.9999901437208836       0.9999800491287283       0.9999639276381352       0.9999385143224028       0.9998987409873763       0.9998366630578037       0.9997396926605983       0.9995876610120173       0.9993478939243167       0.9989668997631407       0.9983562612977661       0.9973685835853501       0.9957563468189564       0.9931013249916028       0.9886932648053742       0.9813210160616035       0.9689124873661762       0.9479133908075037       0.9122143833465644       0.8645937379237635       0.8142748021218323       0.7619100174894178       0.7081924956055298       0.6538314805816805       0.5995279554949293       0.5459517065664561       0.49372099916766804      0.44338578230541115      0.3954150483400426       0.3501886610238883       0.3079936562718976       0.26902474204964516      0.23338849644606863      0.2011105992942467       0.17214533785540337      0.14638659914855356      0.123679592632047        0.10383262510953871      0.0866283607195559       0.07183412809324932      0.05921097082138064      0.04852126511602292      0.03953484171510873      0.032033642424054994     0.025815012818629277     0.020693781533497192     0.016503305020573157     0.013095667655502517     0.010341224188557579     0.008127658504228126     0.0063587129774675824    0.004952719443700644     0.0038410384037042685    0.0029664894178068656    0.0022818339773098295    0.0017483532352032861    0.0013345471786519417    0.0010149691636822933    7.692000203558904E-4     5.809588505783359E-4     4.3734278736513887E-4    3.281849518106113E-4     2.4551823648863745E-4    1.8313200435901943E-4    1.362090134924025E-4     1.0103060728264827E-4    7.47392472981151E-5      5.514865957224273E-5     4.059310447315381E-5     2.980848914768177E-5     2.1839170996114497E-5    1.5965322635833686E-5    1.1646630596586167E-5    8.478879525282048E-6     6.160636018637875E-6     4.467800702654705E-6     3.2342554411938576E-6    2.3372069821088196E-6    1.6861311653049381E-6    1.2144644694514679E-6    8.733824916325108E-7     6.271569999495446E-7     4.497022504113591E-7     3.220138697284078E-7     2.3027521230800544E-7    1.6446115486881735E-7    1.1731139878300483E-7    8.357739467971083E-8     5.947127652713187E-8     4.2263495805240006E-8    2.9989587653005734E-8    2.1236770122471564E-8    1.498871255492728E-8     1.0512447154315245E-8    7.275517881816817E-9     4.884414556744205E-9     3.0373749332945223E-9    1.4859109273444137E-9    0
% Data
% c (mol/m^3) @ t=1000, u1=0.05, u2=0.01, u3=0.01
1                         0.9999990067411173       0.9999972538006587       0.9999941814178115       0.9999888251156386       0.9999795296754191       0.9999634632559419       0.9999357916575378       0.9998882735726984       0.9998068673783305       0.9996676470677777       0.9994298201615449       0.999023769627532        0.9983305378907108       0.9971465711604113       0.995123044371125        0.9916612997690335       0.9857324415219217       0.9755657439293552       0.95810997352733         0.9281013493984841       0.8877097566589712       0.844584159668815        0.7991668887440506       0.7519510973419061       0.7034656169384532       0.6542585717774382       0.6048805886462165       0.5558684387440366       0.5077298922495714       0.4609304582404061       0.41588253439617656      0.3729373166413586       0.33237963411662         0.29442569485480163      0.25922356571166816      0.22685607693040105      0.19734574400359023      0.1706612401545345       0.1467249310566547       0.12542099555136726      0.10660369608298352      0.09010542300914831      0.07574421012647528      0.06333049730513         0.05267299364749378      0.043583566006868066     0.035881139457225264     0.029394646314954816     0.023965097830378007     0.019446878030447402     0.015708373547200824     0.01263205826720214      0.010114149198234487     0.008063942023609577     0.006402923232917242     0.0050637420837044795    0.0039891112775751435    0.00313069113780267      0.002447998971946129     0.001907373649096985     0.0014810154559347886    0.0011461130861943059    8.840631065659807E-4     6.79782286503209E-4      5.211095885599626E-4     3.982921764966538E-4     3.0354829572010905E-4    2.306991124133019E-4     1.748613828674984E-4     1.321930075352581E-4     9.96839764965515E-5      7.498583159937366E-5     5.627347632132478E-5     4.213389874873925E-5     3.14770945179194E-5      2.3465157528109033E-5    1.7456129981621705E-5    1.2959761269788865E-5    9.60281476141748E-6      7.101984107638981E-6     5.242840341562621E-6     3.863533456030206E-6     2.842223658498108E-6     2.0874246673788426E-6    1.530610555021141E-6     1.1205746351490877E-6    8.191390332906278E-7     5.979015295956568E-7     4.357760500231739E-7     3.1713822402110955E-7    2.3043058883581942E-7    1.671156705659988E-7     1.2089124331746229E-7    8.710211738817889E-8     6.229806846795824E-8     4.389894520025486E-8     2.9936287379475935E-8    1.8846428840315595E-8    9.293300436216949E-9     0
% Data
% c (mol/m^3) @ t=1100, u1=0.05, u2=0.01, u3=0.01
1                         0.9999995948479792       0.9999988349237856       0.9999973840189484       0.9999946187814337       0.9999894056750207       0.9999797137171079       0.999961944606525        0.9999297766889539       0.9998721724227246       0.9997699456980519       0.9995898477158027       0.999274373213291        0.9987241784994925       0.9977677325384592       0.9961088861133316       0.9932362148645287       0.9882661364118898       0.9796712094295936       0.9648092375626588       0.9391065865524405       0.9043272796240991       0.8669481367097314       0.8272675871501838       0.7856322506595864       0.7424282102576119       0.6980708276121635       0.6529935529559955       0.6076362338117554       0.5624334462618613       0.5178033585520072       0.47413759134149674      0.43179246637617763      0.39108194225837273      0.3522724301520599       0.3155795720516628       0.28116695775042194      0.2491466609781513       0.21958139591396814      0.1924880361181898       0.16784220057816537      0.1455835958370937       0.12562180725532443      0.10784225328158999      0.09211205033580813      0.0782855783328874       0.06620958388055924      0.05572770602786749      0.046684355010587604     0.03892791537197868      0.032313279554506365     0.026703745728641936     0.02197233406615132      0.01800258921498781      0.0146889441054867       0.011936722364463154     0.009661854598312323     0.007790378700591321     0.006257787147752992     0.005008275852272921     0.003993940279496238     0.0031739557777755883    0.0025137708405216863    0.00198433459281959      0.0015613733335114318    0.001224725528565758     9.57740232057984E-4      7.467404440628907E-4     5.805503037762985E-4     4.5008314685843415E-4    3.4798620794061595E-4    2.683370047934961E-4     2.0638609076581877E-4    1.5834080987265253E-4    1.2118485130322308E-4    9.25287082753493E-5      7.048654478554575E-5     5.357541991306926E-5     4.063328071596518E-5     3.075258826907961E-5     2.322687131820098E-5     1.7507898518638684E-5    1.3171517958143779E-5    9.89052964093171E-6      7.413233211682861E-6     5.546531400585737E-6     4.142672436436648E-6     3.0888854992599127E-6    2.2993058584020815E-6    1.708704320541823E-6     1.2676324547768219E-6    9.386739384361138E-7     6.935561022794432E-7     5.109268023637666E-7     3.7464218624385376E-7    2.724424551417169E-7     1.9491667621274817E-7    1.346750078004271E-7     8.5657886439668E-8       4.251683049921614E-8     0
% Data
% c (mol/m^3) @ t=1200, u1=0.05, u2=0.01, u3=0.01
1                         0.9999996338041202       0.9999989553335232       0.9999976802933151       0.9999952853570853       0.9999908220678393       0.9999825921815545       0.999967583215999        0.9999404892679123       0.9998920146477187       0.9998059370745321       0.9996540245155653       0.9993872361100542       0.9989204858698489       0.9981062477436566       0.9966888052941485       0.9942249074174572       0.989946082922882        0.9825195810477595       0.9696330736490493       0.9472728229507918       0.9169177378690431       0.8841515428524989       0.849176818929258        0.8122377563267583       0.7736153172648266       0.7336211455609873       0.6925904426905392       0.6508740830837382       0.6088302795125425       0.5668161297799363       0.5251793772788527       0.48425070049050073      0.4443368117209762       0.40571459616384364      0.36862646253281545      0.33327701045072267      0.299831052132449        0.26841296108967144      0.23910726249497752      0.21196033153028188      0.1869830295716458       0.16415408443173518      0.14342401007388736      0.1247193623158621       0.10794713844041319      0.09299914822825933      0.07975620938512423      0.0680920492775589       0.05787682510588713      0.048980204202990534     0.041273973512131794     0.03463417134473251      0.028942754549492033     0.024088829922772587     0.01996949007041984      0.016490301264666204     0.013565494581541878     0.011117912321709762     0.009078760027740636     0.007387210928439907     0.005989904939979993     0.004840378941184565     0.0038984593411010267    0.0031296423080633758    0.002504481682049691     0.001997999718810867     0.0015891315191673679    0.0012602103278549419    9.964978471120154E-4     7.857612722263827E-4     6.178968689222268E-4     4.8459851205233606E-4    3.790686217992074E-4     2.957682970826129E-4     2.3020308896589637E-4    1.7874071819719915E-4    1.384570665384469E-4     1.070069150481589E-4     8.251612571772094E-5     6.349223500426242E-5     4.875072480504904E-5     3.735454013202784E-5     2.8564720025529454E-5    2.1800290061546588E-5    1.6605825414102947E-5    1.262532964051225E-5     9.581284884195849E-6     7.257914137771357E-6     5.487856620665377E-6     4.141594834702172E-6     3.119088419406789E-6     2.3431675919544415E-6    1.7543197196297721E-6    1.3065682368195057E-6    9.64195177880422E-7      6.990981261611727E-7     4.885999056314647E-7     3.1354468177133343E-7    1.5651617123246788E-7    0
% Data
% c (mol/m^3) @ t=0, u1=0.05, u2=0.01, u3=0.03
1                         -5.6727329698675144E-8   3.4412341060481226E-15   4.799069503582021E-20    8.009901849351893E-26    1.0236269825679845E-31   1.1689697273466336E-37   1.2541942007528186E-43   1.2931961592123401E-49   1.2971711273413468E-55   1.2750964098618375E-61   1.234131299349709E-67    1.1799489050912687E-73   1.1170108771030506E-79   1.0487944867291806E-85   9.779799986134254E-92    9.066049837963995E-98    8.361911425132654E-104   7.678482961521758E-110   7.023594438389415E-116   6.360380805271515E-122   4.6090361899611815E-128  3.33074752107515E-134    2.4010111863958245E-140  1.726901736111815E-146   1.2395065518532628E-152  8.880011316287214E-159   6.350796347363282E-165   4.534730767360009E-171   3.2332220692925325E-177  2.3021130836487568E-183  1.6370667086027364E-189  1.1627651486749261E-195  8.249681480244807E-202   5.846989879841712E-208   4.140045628243492E-214   2.9287392265449338E-220  2.0700558078873048E-226  1.4619422634570732E-232  1.0316788402718144E-238  7.299422785548972E-245   5.765185352225338E-251   4.5504400726295435E-257  3.5894088355581094E-263  2.829664072172447E-269   2.2294686107643213E-275  1.7556326220687516E-281  1.3817905918440179E-287  1.0870185347783681E-293  8.547261322610758E-300   6.717705133547217E-306   5.277483399215E-312      4.026675E-318            4.9E-324                 0                        0                        0                        0                        0                        0                        0                        0                        0                        0                        0                        0                        0                        0                        0                        0                        0                        0                        0                        0                        0                        0                        0                        0                        0                        0                        0                        0                        0                        0                        0                        0                        0                        0                        0                        0                        0                        0                        0                        0                        0                        0                        0                        0                        0                        0                        0
% Data
% c (mol/m^3) @ t=100, u1=0.05, u2=0.01, u3=0.03
1                         0.9656881255471026       0.913284726168388        0.8415363061624996       0.7517145725441925       0.6479125517673818       0.5366497837767594       0.42576129171590305      0.3228360707537562       0.23371191781191739      0.1615493832695464       0.10674402904459347      0.06755197373173488      0.041046890262548784     0.024016620307384773     0.013571923923560129     0.007429781427859856     0.003951251989835947     0.002045004964548181     0.0010249620133562724    4.696901357755446E-4     1.888146543383709E-4     7.454303426272929E-5     2.8960896605466613E-5    1.1092710106672463E-5    4.195481290380364E-6     1.5691407028693707E-6    5.810636149672061E-7     2.132793539831046E-7     7.767153471182322E-8     2.808903379246075E-8     1.009491223443826E-8     3.6078493710074857E-9    1.283005699398299E-9     4.542202933892328E-10    1.6016173845844648E-10   5.6270384626767486E-11   1.9706078755328716E-11   6.883768613488882E-12    2.4081563955959564E-12   8.727315809047288E-13    3.3555383533073355E-13   1.2875703454995322E-13   4.9314785499684386E-14   1.8855728932157678E-14   7.198225035021181E-15    2.7439331827380212E-15   1.0445582608277388E-15   3.971397533907128E-16    1.5081419283291098E-16   5.720873725453977E-17    2.167873236196253E-17    8.206994677550819E-18    3.104117390690697E-18    1.1730558105141608E-18   4.42941832813805E-19     1.6712500669901522E-19   6.301161334361603E-20    2.374108268206595E-20    8.939151651146595E-21    3.3637363169383206E-21   1.2649996985064465E-21   4.754598072301491E-22    1.786090043923208E-22    6.706092308351465E-23    2.5166460498350483E-23   9.43996429640565E-24     3.53934382472217E-24     1.3264393691081359E-24   4.969032899421593E-25    1.8607296684633535E-25   6.965115811926684E-26    2.606233824646695E-26    9.748647308584286E-27    3.645246740891723E-27    1.3625938711656663E-27   5.091759905858638E-28    1.9021124151952265E-28   7.10355534003563E-29     2.6521067385877707E-29   9.898878124825223E-30    3.6937254133287E-30      1.3779409505735606E-30   5.139105318134861E-31    1.9161906555740132E-31   7.143111512575125E-32    2.662175805043589E-32    9.919495057176532E-33    3.695291836050473E-33    1.3763121855053357E-33   5.125034341347448E-34    1.9080541061728235E-34   7.102333103296321E-35    2.6432003155630934E-35   9.835121053684602E-36    3.658888673027239E-36    1.3608540517424013E-36   5.05675092477734E-37     1.8641040282604482E-37   6.313908382950382E-38    0
% Data
% c (mol/m^3) @ t=200, u1=0.05, u2=0.01, u3=0.03
1                         0.9920502433196053       0.9794166640459127       0.9608475359624412       0.9351515247057316       0.9013474331373474       0.8588261469963216       0.8075000224117274       0.7479106934077379       0.6812677615645265       0.6093993839692946       0.5346109122717644       0.45946666281510673      0.3865277390728397       0.3180897933813307       0.2559639088167176       0.20132928462587948      0.1546585722506147       0.11567523132069041      0.08323884079004913      0.054940735641560726     0.03288898036751235      0.01924323407367691      0.011020421254933365     0.006186049551470206     0.0034080478460934253    0.0018451641166197606    9.82965780645007E-4      5.15857599208671E-4      2.66993301118098E-4      1.3643276698584113E-4    6.890199729283888E-5     3.4424359228213556E-5    1.7030483440153586E-5    8.35030897199055E-6      4.0612963598132935E-6    1.9610332925651027E-6    9.410376881157809E-7     4.496886324874416E-7     2.1555024877195104E-7    1.0706645174496313E-7    5.5633307293881556E-8    2.8815078724865794E-8    1.4883923433855217E-8    7.670429025207244E-9     3.945490208467534E-9     2.0263683167490576E-9    1.0394692371294128E-9    5.327255965812912E-10    2.728353653353756E-10    1.3966703092624314E-10   7.147590349357575E-11    3.6573020032084366E-11   1.871320008852543E-11    9.575491206190703E-12    4.900381548915971E-12    2.5082818175709606E-12   1.2841480673587452E-12   6.575898915282882E-13    3.368221222239533E-13    1.7256472415361536E-13   8.843150377488566E-14    4.532743360381275E-14    2.3238521414953207E-14   1.1916323475553157E-14   6.111603869663164E-15    3.1350159640554315E-15   1.6083796612485209E-15   8.252670868777965E-16    4.2349753961328025E-16   2.1734588868125747E-16   1.1155535468330142E-16   5.726149634098068E-17    2.939433290615807E-17    1.5089993564770656E-17   7.747033048278558E-18    3.9774021540808666E-18   2.0421074673806596E-18   1.0485045091156294E-18   5.383597658697257E-19    2.76429083566394E-19     1.4193916304785559E-19   7.288310457218978E-20    3.742454698741721E-20    1.921721375316911E-20    9.867967968489279E-21    5.0671979112019146E-21   2.6020181225424974E-21   1.3361482809463018E-21   6.861207220763622E-22    3.523284016932635E-22    1.8092380414613216E-22   9.29060880026468E-23     4.770798334241416E-23    2.4497763743932414E-23   1.257759601602381E-23    6.4524135724813916E-24   3.2959303108064065E-24   1.644371296264582E-24    7.117702454701568E-25    0
% Data
% c (mol/m^3) @ t=300, u1=0.05, u2=0.01, u3=0.03
1                         0.9976535211407639       0.9938649885759899       0.9881397462734236       0.9799077826214765       0.9685422246417769       0.9533897133621173       0.9338127892630349       0.9092426312531365       0.8792383516902562       0.8435468291641313       0.8021551096820575       0.7553260249505596       0.7036068889773919       0.6478003385691486       0.5888838117301818       0.5278560461221142       0.4654682044957596       0.40175095338986455      0.335154271164257        0.2609337966898605       0.18940764982236907      0.13481342950930486      0.09416282674748669      0.06459194254156846      0.043548081778116886     0.02887927256389496      0.018852036907025922     0.012122868155620947     0.007684904825666864     0.004805717576929168     0.0029665677715136718    0.00180886008494917      0.001090129496852532     6.497312662115104E-4     3.832091829395631E-4     2.2381692084154904E-4    1.295995411917779E-4     7.460647798697069E-5     4.306782513918696E-5     2.5641941958390707E-5    1.5767188985722508E-5    9.628148173613395E-6     5.840584041533204E-6     3.5206909898423805E-6    2.1095226803355114E-6    1.2567398167696999E-6    7.446044157204333E-7     4.388673518803865E-7     2.5737788206916234E-7    1.50223208356275E-7      8.72817155442165E-8      5.0491439713532326E-8    2.9087323970075628E-8    1.6690153375245937E-8    9.540307905492015E-9     5.4335176181978404E-9    3.083783508566383E-9     1.7443549144185838E-9    9.835462885541232E-10    5.52868028054133E-10     3.0986299304581895E-10   1.7317755953867494E-10   9.652430937433956E-11    5.366017029725676E-11    2.97565384304403E-11     1.6461536483296282E-11   9.085659285650254E-12    5.003561159197315E-12    2.749637210369189E-12    1.5079258542744011E-12   8.253275266577363E-13    4.508646779080275E-13    2.4584985265916875E-13   1.3382167889247814E-13   7.271824449151573E-14    3.94500037604954E-14     2.1367939429990895E-14   1.1556178299026234E-14   6.240578100903466E-15    3.3652428559941625E-15   1.812216364278156E-15    9.745988180490134E-16    5.234596379155328E-16    2.808021882333291E-16    1.5045112928522884E-16   8.051653376504276E-17    4.304132431776583E-17    2.2983318692964E-17      1.2259744013499464E-17   6.532899726657902E-18    3.477765049686865E-18    1.849596174467588E-18    9.827571404225032E-19    5.216836321588005E-19    2.7663356547724673E-19   1.4642356813581606E-19   7.705564322931436E-20    3.948804135131612E-20    1.7439595569491195E-20   0
% Data
% c (mol/m^3) @ t=400, u1=0.05, u2=0.01, u3=0.03
1                         0.9992134681554709       0.997933652514587        0.9959731392758144       0.993100987559913        0.9890407332110066       0.9834711195203931       0.9760303574369052       0.966324528539755        0.9539403310993338       0.9384616352842887       0.9194881029101832       0.8966521662256438       0.8696274365704286       0.8381161534130315       0.801793753327824        0.7601716471104465       0.7123087017860992       0.6562468146358004       0.5879472124864988       0.49932858613231473      0.40274306851287367      0.3195014090208222       0.24940123857333416      0.19164262270965854      0.14502649967961842      0.10813466377920662      0.07947868103245266      0.05761219595599431      0.041206817524962136     0.02909572891186666      0.02029134010699336      0.01398397480098324      0.009528174609273328     0.006422155168868285     0.004284636739145371     0.00283197117661988      0.0018573649445942548    0.0012131313604090068    7.963078293124025E-4     5.37621520948504E-4      3.7209785304505685E-4    2.558007097882645E-4     1.7472431144148118E-4    1.1861845105115513E-4    8.006374356281338E-5     5.374506466383914E-5     3.5891482800523314E-5    2.3851845880157195E-5    1.5778093866375187E-5    1.0392250156012936E-5    6.817168943508386E-6     4.45503451770738E-6      2.9010817946375866E-6    1.8829388590691427E-6    1.218376011022455E-6     7.861273200601004E-7     5.058996644662826E-7     3.247770218556332E-7     2.0803717081874068E-7    1.3298801968756707E-7    8.48549275550516E-8      5.4051461328505394E-8    3.437734417694347E-8     2.1834147600227865E-8    1.3850313484623295E-8    8.776042875314413E-9     5.555280130781613E-9     3.5134168911542925E-9    2.2203144226231006E-9    1.4021717990309834E-9    8.849673406671661E-10    5.58247034929995E-10     3.519892652732953E-10    2.218522263957736E-10    1.3978295285124808E-10   8.804863592692558E-11    5.544833261184212E-11    3.4911530753935595E-11   2.1977525789731168E-11   1.3833472857152617E-11   8.706375668391283E-12    5.479071659986108E-12    3.447848444095595E-12    2.1695411919186764E-12   1.3651236458411756E-12   8.589447968858705E-13    5.404451698659323E-13    3.4004337746421937E-13   2.139516940336807E-13    1.3461622362186538E-13   8.469917605528424E-14    5.329127821491155E-14    3.352797282272741E-14    2.108896715924731E-14    1.325322954733806E-14    8.302438988968375E-15    5.141263633492728E-15    3.0486001283034993E-15   1.4989107597445453E-15   0
% Data
% c (mol/m^3) @ t=500, u1=0.05, u2=0.01, u3=0.03
1                         0.9997376592969456       0.9993079539534011       0.9986421118813246       0.9976513027584412       0.9962231173522182       0.9942181237241212       0.9914667077701669       0.9877663571744287       0.9828793644359075       0.9765304892393547       0.9684032335775701       0.958131703343301        0.9452819704636582       0.9293113955601474       0.90948476525721         0.8847092957203346       0.853221286536013        0.8120063834245681       0.7557473697881516       0.674941265058391        0.579768548288934        0.4912263473332689       0.41062512902752896      0.33873245222975695      0.27582682388955176      0.22177603875793162      0.1761281970053196       0.13820491713233538      0.10718847950281994      0.08219724906283297      0.06234630174447249      0.04679240462737966      0.034764198857852396     0.025579555530912745     0.018652662805237002     0.013493561405620795     0.009702704701955608     0.006962807138021685     0.005029871773923038     0.003724939801116142     0.0028116106573175693    0.0021087971971536106    0.001572016165058934     0.0011649823101394965    8.584554017703921E-4     6.29138510062945E-4      4.586662890054986E-4     3.32704716892206E-4      2.4017055868256302E-4    1.725693885400887E-4     1.2344479586105762E-4    8.792775671829493E-5     6.237345525100399E-5     4.407252199963968E-5     3.102424790669336E-5     2.176046409770144E-5     1.5210174453637337E-5    1.0596498847326738E-5    7.358905178489272E-6     5.095004712802324E-6     3.5173215750097597E-6    2.4214128199189382E-6    1.662515719149299E-6     1.138548453357132E-6     7.778084286200126E-7     5.301192996844104E-7     3.604930665254001E-7     2.446150213321805E-7     1.6564219397243015E-7    1.1194313025824509E-7    7.550884479044164E-8     5.0840027511004326E-8    3.4170663647868116E-8    2.2928274177896162E-8    1.5359916237289037E-8    1.0273861652959678E-8    6.8617126538986485E-9    4.576259233037936E-9     3.0478398092324987E-9    2.0272164142418726E-9    1.3466554975258246E-9    8.934747055795461E-10    5.921031167308452E-10    3.919411048107667E-10    2.591617044279419E-10    1.7118461139416004E-10   1.1295852461341413E-10   7.446452129578823E-11    4.9042283938695984E-11   3.2269805034330095E-11   2.1214708696159637E-11   1.3934646327139848E-11   9.144335448410607E-12    5.993863793916265E-12    3.921057070688584E-12    2.5528260960989907E-12   1.6383164193687062E-12   1.001494091601974E-12    5.029655276901932E-13    0
% Data
% c (mol/m^3) @ t=600, u1=0.05, u2=0.01, u3=0.03
1                         0.999907229779165        0.9997545909573987       0.9995162184221286       0.999157686475769        0.9986338552861057       0.9978863193037918       0.996840353589085        0.9954011453637406       0.9934488734403846       0.9908317595672894       0.9873553924377282       0.982765121695264        0.9767156266179721       0.9687170071027684       0.9580384203018313       0.9435358154216377       0.9233452747378244       0.8943402509563464       0.8511765483978295       0.78462080444245         0.7020123866247701       0.6210353756703915       0.5432474947683142       0.4699222430022574       0.4020225878015719       0.34019764626104637      0.2847990548955036       0.23591256948061445      0.19339992245350587      0.15694603762522866      0.12610724098980303      0.1003569590668278       0.07912640438246196      0.06183877146838313      0.04793639954187698      0.0369011329827947       0.028268699660011897     0.021638334049864143     0.016679123611790605     0.01313469222789376      0.010497099917096133     0.008337497901207441     0.006582425473842888     0.005166398239419607     0.004031902945512238     0.003129113453232459     0.002415406853379799     0.0018547497598920886    0.0014170137092967888    0.0010772667890548721    8.15077170101851E-4      6.138538415308292E-4     4.602409459759883E-4     3.435748571631984E-4     2.554075117604432E-4     1.8909537272489792E-4    1.3945055938864947E-4    1.024489006160644E-4     7.49887213864713E-5      5.46938481838633E-5      3.9754431140741814E-5    2.879958011337664E-5     2.0796379390765263E-5    1.4970492944807856E-5    1.074423599576535E-5     7.688627099582167E-6     5.486522205006895E-6     3.904454619183266E-6     2.771257679787511E-6     1.961931111733833E-6     1.3855321292895244E-6    9.761349110522018E-7     6.861145501008285E-7     4.811814579187044E-7     3.3672655607982753E-7    2.3514281515957375E-7    1.6387037832834355E-7    1.1397538923592042E-7    7.912069048934554E-8     5.482301376353638E-8     3.7918762177487245E-8    2.6181073857562372E-8    1.804619300067615E-8     1.2418539367096584E-8    8.532245635899768E-9     5.853079720785309E-9     4.009159685790748E-9     2.7421350416803033E-9    1.8728741880259953E-9    1.2774050698603051E-9    8.700835408279509E-10    5.918431131601356E-10    4.020070808116372E-10    2.72589416250129E-10     1.843245576000427E-10    1.238831751123632E-10    8.187358485648268E-11    5.130678606555925E-11    2.6212027924757745E-11   0
% Data
% c (mol/m^3) @ t=700, u1=0.05, u2=0.01, u3=0.03
1                         0.9999650596024512       0.9999073683077208       0.9998167129185908       0.9996791653496057       0.9994759031085738       0.9991816436145484       0.9987625087116303       0.9981730031025086       0.997351551316958        0.9962136100568278       0.9946406135658257       0.992461672165423        0.9894226024523562       0.9851327886387615       0.978973296596682        0.9699374152961027       0.9563536509125045       0.935404720277801        0.9022932134567904       0.8487962414882744       0.7800833073353077       0.7103315438300175       0.6408221439536571       0.5727399600850107       0.5071315280719247       0.44487477618491555      0.38666108889032547      0.332989392604417        0.2841710877227212       0.24034403058015588      0.20149340069635555      0.1674771716272207       0.13805401080603796      0.11291171940218987      0.09169473242834666      0.07402967592233857      0.059548471422738274     0.04790894746936152      0.03881333450860424      0.03202536552727075      0.026730007268208858     0.02218076889715643      0.0183005928792245       0.01501433199159083      0.01225018706338151      0.00994078636977699      0.008023928869574927     0.006443026143804279     0.005147285733190773     0.004091682145123491     0.0032367618677407854    0.0025483261329672722    0.0019970307419657552    0.0015579367556723053    0.0012100398894468861    9.358005256678332E-4     7.206907242267278E-4     5.527696950837936E-4     4.222950193930351E-4     3.213735022115754E-4     2.4365288505890227E-4    1.840536743438451E-4     1.3853896220557748E-4    1.0391923007483401E-4    7.768863289604039E-5     5.7889071021542015E-5    4.299838577142018E-5     3.183919480135541E-5     2.3505159082939048E-5    1.7301801184200688E-5    1.2699342360794608E-5    9.295370802775729E-6     6.7854799293778885E-6    4.940314570807472E-6     3.587729422444266E-6     2.598996765284672E-6     1.8781998165724078E-6    1.3541163370310649E-6    9.74037226446618E-7      6.99080112481624E-7      5.006517679608009E-7     3.577888299504616E-7     2.551667287649147E-7     1.8161463056896088E-7    1.290118703796029E-7     9.147077814714384E-8     6.473363505808701E-8     4.57291085664706E-8      3.224701945547877E-8     2.27005932564782E-8      1.595316071756516E-8     1.119216571216239E-8     7.837757058904277E-9     5.4765222327999686E-9    3.813315407884787E-9     2.6358052339164407E-9    1.7873922058335267E-9    1.1444683164186585E-9    5.933530009876409E-10    0
% Data
% c (mol/m^3) @ t=800, u1=0.05, u2=0.01, u3=0.03
1                         0.9999861345013499       0.999963140623942        0.9999267275859488       0.9998708690920091       0.9997871188858863       0.9996636155861943       0.9994835951190315       0.9992231017137976       0.998847366655025        0.9983049379577514       0.9975179730768932       0.9963659420411232       0.9946579699367738       0.9920855542295342       0.9881413522975044       0.9819792985595704       0.9721732867721298       0.9563005290183659       0.9302219534294193       0.8868391587683239       0.8298937184286168       0.770746207310342        0.7103280649460473       0.6495678380350489       0.5893571464678409       0.5305207508554622       0.473792126460494        0.4197954783115551       0.3690346393867848       0.32188882376205696      0.27861479892669233      0.23935472567168123      0.2041487078281937       0.1729510031549301       0.14564886496225596      0.12208309640880942      0.10206958393648476      0.0854213073131379       0.07197057426932174      0.06159147157288427      0.05318886102746344      0.04569004331418804      0.039042625536886304     0.03318886807465552      0.02806755166004833      0.02361570439186835      0.019770141973913736     0.01646879060980727      0.013651777128759403     0.011262284256592753     0.00924717996251417      0.00755743826202713      0.006148374732840228     0.0049797234802968614    0.004015583676124501     0.0032242634675865227    0.002578047419033912     0.0020529110999901626    0.0016282033320555622    0.001286313256386002     0.0010123360281732463    7.93747765998555E-4      6.200975055929488E-4     4.8272140218411975E-4    3.7448232447520407E-4    2.8953628565577417E-4    2.2312583910540738E-4    1.7139959022927223E-4    1.3125629467439917E-4    1.0021157766702915E-4    7.628507102677309E-5     5.790567878520731E-5     4.383270965201488E-5     3.309072111283154E-5     2.4916078017329627E-5    1.8713416166422492E-5    1.4020401855984925E-5    1.0479379287596193E-5    7.814690662416508E-6     5.814633096379435E-6     4.317179046761754E-6     3.1987312997075454E-6    2.365309584158337E-6     1.745674267123352E-6     1.2859846167451636E-6    9.456663707188754E-7     6.942275268250869E-7     5.08814093290493E-7      3.7234063352689253E-7    2.7206531341552193E-7    1.9850714516679274E-7    1.4462537017589415E-7    1.0519838207444529E-7    7.635297817540268E-8     5.520447243294563E-8     3.9574323801382736E-8    2.775378210288741E-8     1.827780521342007E-8     9.659154740300016E-9     0
% Data
% c (mol/m^3) @ t=900, u1=0.05, u2=0.01, u3=0.03
1                         0.9999951608033518       0.9999870523863541       0.9999739784235081       0.9999534161715316       0.9999215914005878       0.9998728059401928       0.9997983557642801       0.9996847637212445       0.9995108550273261       0.9992428657320741       0.9988261912868258       0.9981713756898669       0.9971302030897147       0.9954547501107422       0.992727066583665        0.988238179731411        0.9807796011907162       0.9682836761333198       0.9472026647341645       0.9114360271610658       0.8637844100533675       0.8134867562384607       0.7611931451515634       0.707591462271737        0.6533838836199586       0.599263738718587        0.5458939790057148       0.4938883340257857       0.44379602957432696      0.39609069213994713      0.35116379690866656      0.30932275668016873      0.2707935180790668       0.23572734645538673      0.20421135265596818      0.17628224728985561      0.1519427982480315       0.13118050603476836      0.11398808506247025      0.1003854303105522       0.0890575964575369       0.07864752959258642      0.06913856554173824      0.060504554818823504     0.052711224155092086     0.04571762995057695      0.03947763994632447      0.03394138620169668      0.029056641377575722     0.0247700804811455       0.021028400789818692     0.017779282927858523     0.014972185458745743     0.01255897348479257      0.010494388380614653     0.008736370842074037     0.007246252940826662     0.005988836961448434     0.0049323796496031445    0.00404850033634965      0.003312030456854465     0.0027008204754864215    0.002195518367084263     0.0017793317610417978    0.0014377837730945719    0.0011584705384776522    9.308265973105197E-4     7.459026187134898E-4     5.961585109552142E-4     4.752737589149662E-4     3.7797585133223844E-4    2.998868929018638E-4     2.3738791824091425E-4    1.8750001083958786E-4    1.4778105409081618E-4    1.162367778718882E-4     9.124468928516372E-5     7.148946896447486E-5     5.590845661908259E-5     4.364592598029529E-5     3.401494764733225E-5     2.6465748720925375E-5    2.0559593094280875E-5    1.594732034145415E-5     1.2351790437660049E-5    9.55358351434845E-6      7.379396966808041E-6     5.692665728049339E-6     4.386005161977948E-6     3.375139884438113E-6     2.5940360559346234E-6    1.990999298059276E-6     1.525534826050304E-6     1.165789005555704E-6     8.863985537388364E-7     6.665573089331452E-7     4.880559743684299E-7     3.329293611619501E-7     1.801060271995193E-7     0
% Data
% c (mol/m^3) @ t=1000, u1=0.05, u2=0.01, u3=0.03
1                         0.9999984038566871       0.9999956619477178       0.9999910533110713       0.9999834036294781       0.999970790243796        0.9999500478176605       0.9999159358411903       0.9998597305065363       0.9997668337960758       0.9996127003279038       0.9993558784136661       0.9989260915487075       0.9982037829048279       0.9969849453030808       0.9949205600461561       0.9914121781625811       0.9854316825678372       0.9752098786551118       0.9576979971270577       0.9276358159145326       0.8872095378203275       0.8440838064697515       0.7987032557034203       0.7515620517843568       0.7031893548558511       0.6541337804002221       0.604947679472234        0.5561720629687379       0.5083229509943841       0.46187983951759504      0.41727685266441267      0.3748970023313421       0.33506982052382456      0.29807247671291975      0.2641343534944513       0.23344493694607157      0.206164787667747        0.18243929498533762      0.1624148768532825       0.14625726506890607      0.13249684218563765      0.1195525233643008       0.10744190802294454      0.09617246621631209      0.0857420231684866       0.07613946226502398      0.06734560369481575      0.05933421264970328      0.05207309043678664      0.045525203720173754     0.03964981095093155      0.03440355036352813      0.029741460192583214     0.02561790849689586      0.021987416725511258     0.018805367556947894     0.016028593309618148     0.01361584617094484      0.011528155521395021     0.009729080708410122     0.008184869785183055     0.006864536046934461     0.005739864779825226     0.004785362608991732     0.003978161322051907     0.003297887178939238     0.0027265056140811242    0.002248149994302633     0.001848941800214115     0.0015168083176351661    0.0012413027094130182    0.0010134302220649147    8.254832879302887E-4     6.708874228051864E-4     5.44059093421966E-4      4.4027613411637585E-4    3.55560818447044E-4      2.865753273052974E-4     2.3052908650931687E-4    1.8509725985454932E-4    1.4834956423756082E-4    1.1868850879388502E-4    9.479613822037937E-5     7.558837122031827E-5     6.017605940058348E-5     4.783194245217108E-5     3.796273580835081E-5     3.0085651994850417E-5    2.3808722093442738E-5    1.88143449516939E-5      1.484554441576519E-5     1.1694452894720819E-5    9.192553643087922E-6     7.202188484792455E-6     5.608744510822447E-6     4.31272293544508E-6      3.220476777815724E-6     2.231621679959585E-6     1.219689930673868E-6     0
% Data
% c (mol/m^3) @ t=1100, u1=0.05, u2=0.01, u3=0.03
1                         0.9999993496624832       0.9999981871123881       0.999996109610133        0.9999924065333627       0.9999858320589159       0.9999742135178382       0.9999537774077536       0.9999179900677685       0.9998555634668996       0.9997470235271737       0.9995588010904993       0.9992330491300196       0.9986700800313187       0.9976980474152605       0.9960205624173295       0.9931261086195979       0.9881312721079653       0.9795092283856648       0.9646191817295453       0.9388903221277921       0.9040971316428658       0.8667273257844039       0.8270845161720526       0.7855207079615968       0.7424280448968896       0.6982293115142977       0.6533676669085049       0.6082961386946784       0.5634674304753184       0.5193245903369729       0.4762930531364649       0.4347745091783717       0.395142971555582        0.3577433201255255       0.3228924982815696       0.2908834353393143       0.2619916673853601       0.23648453617788656      0.2146327607091417       0.1967240991352844       0.18119612697100584      0.16631167981581374      0.1521131168775742       0.138634578793549        0.1259017019628569       0.11393155534144875      0.10273278879061977      0.0923059743072258       0.08264411526628714      0.07373329437098299      0.06555342839054812      0.05807909690886598      0.051280413038899436     0.045123906138020434     0.03957338969683896      0.03459079145921749      0.030136927157764105     0.02617220373484507      0.022657242319533116     0.01955341534808977      0.016823295902204903     0.014431020497883957     0.012342569137319665     0.010525968425046507     0.00895142496940805      0.007591397186669728     0.006420614060539723     0.005416049456643625     0.004556860325449203     0.0038242966227750932    0.0032015901038969304    0.0026738283674767427    0.0022278196922392514    0.001851953366115538     0.0015360593886219757    0.0012712706578118743    0.0010498900505382933    8.65264179456581E-4      7.116650669686108E-4     5.841805154717702E-4     4.7861357173466126E-4    3.9139117546659996E-4    3.194818410695546E-4     2.6032203910897567E-4    2.117508117060055E-4     1.7195206516480585E-4    1.394039249430354E-4     1.1283450349984351E-4    9.118341068365689E-5     7.356831714117393E-5     5.925584744038649E-5     4.763600668428548E-5     3.8199192685248357E-5    3.0514548325826946E-5    2.420785005245256E-5     1.8936107271739993E-5    1.4354211656438607E-5    1.0065708509433561E-5    5.5439853932518776E-6    0
% Data
% c (mol/m^3) @ t=1200, u1=0.05, u2=0.01, u3=0.03
1                         0.9999995521624493       0.9999987393990556       0.9999972547470094       0.9999945448129752       0.999989621944015        0.999980737676971        0.9999648163292506       0.9999364739783166       0.9998863206999978       0.9997980233614137       0.9996432240188123       0.999372746096271        0.9989013702589271       0.998081464725487        0.9966572853050082       0.9941857304486263       0.9898988517825581       0.9824651825504156       0.9695752102996339       0.9472210774652345       0.9168881928925238       0.884164498162834        0.8492597243104021       0.8124265613065693       0.7739563454857344       0.7341736842915476       0.6934302724616055       0.6520982093836554       0.6105631685313092       0.569217793942464        0.5284557040902547       0.48866646987307716      0.4502319016397459       0.4135239319996923       0.37890431924005874      0.3467263235333218       0.3173384279579789       0.29109009169579503      0.2683394362398236       0.24946267913626882      0.232857914340955        0.21669757368332426      0.20103690504213848      0.18592598578104141      0.17140899658742234      0.15752364727581925      0.14430076709317802      0.13176406520360892      0.11993006030963163      0.10880817213901016      0.09840096208364686      0.08870450583640678      0.07970887756746506      0.07139872306601572      0.06375389832275669      0.056750150156243226     0.05035981655514909      0.04455252624810428      0.039295879434462375     0.034556094420835265     0.03029860792586273      0.02648861987389602      0.023091576456208907     0.0200735879836146       0.017401780504286375     0.015044582261320954     0.012971947788677623     0.011155523786885927     0.009568761895224692     0.00818698411296475      0.006987406956610618     0.005949130516648849     0.005053098442384623     0.004282034582996924     0.003620361590489029     0.00305410628529505      0.0025707960325041758    0.002159349805107675     0.0018099670439223892    0.0015140168800865115    0.0012639297784628775    0.0010530931976507805    8.757524493998029E-4     7.269175784144755E-4     6.022767711628842E-4     4.981165347653084E-4     4.1124865656179453E-4    3.3894374963596585E-4    2.7887099133401706E-4    2.2904344252363092E-4    1.8776804973024065E-4    1.5359900555423007E-4    1.2529244886880337E-4    1.0175931042543636E-4    8.20110833725966E-5      6.508978871463755E-5     4.996732380922259E-5     3.5388855032101335E-5    1.9616727549693604E-5    0
% Data
% c (mol/m^3) @ t=0, u1=0.05, u2=0.01, u3=0.05
1                         -5.6727329698675144E-8   3.4412341060481226E-15   4.799069503582021E-20    8.009901849351893E-26    1.0236269825679845E-31   1.1689697273466336E-37   1.2541942007528186E-43   1.2931961592123401E-49   1.2971711273413468E-55   1.2750964098618375E-61   1.234131299349709E-67    1.1799489050912687E-73   1.1170108771030506E-79   1.0487944867291806E-85   9.779799986134254E-92    9.066049837963995E-98    8.361911425132654E-104   7.678482961521758E-110   7.023594438389415E-116   6.360380805271515E-122   4.6090361899611815E-128  3.33074752107515E-134    2.4010111863958245E-140  1.726901736111815E-146   1.2395065518532628E-152  8.880011316287214E-159   6.350796347363282E-165   4.534730767360009E-171   3.2332220692925325E-177  2.3021130836487568E-183  1.6370667086027366E-189  1.1627651486749261E-195  8.249681480244807E-202   5.846989879841712E-208   4.1400456282434915E-214  2.9287392265449338E-220  2.0700558078873048E-226  1.4619422634570732E-232  1.031678840271816E-238   7.323673630528412E-245   6.472215743910997E-251   5.715999716641459E-257   5.044994156064115E-263   4.450116946978172E-269   3.92316506932198E-275    3.456745599399793E-281   3.044208919690472E-287   2.679584854727097E-293   2.3575222086228284E-299  2.0732319912745494E-305  1.8224344865827E-311     1.5894023E-317           2.0E-323                 0                        0                        0                        0                        0                        0                        0                        0                        0                        0                        0                        0                        0                        0                        0                        0                        0                        0                        0                        0                        0                        0                        0                        0                        0                        0                        0                        0                        0                        0                        0                        0                        0                        0                        0                        0                        0                        0                        0                        0                        0                        0                        0                        0                        0                        0                        0
% Data
% c (mol/m^3) @ t=100, u1=0.05, u2=0.01, u3=0.05
1                         0.9656881255471026       0.913284726168388        0.8415363061624995       0.7517145725441926       0.647912551767382        0.5366497837767596       0.42576129171590316      0.3228360707537562       0.23371191781191744      0.16154938326954646      0.10674402904459351      0.06755197373173488      0.041046890262548784     0.024016620307384776     0.013571923923560126     0.007429781427859856     0.003951251989835947     0.002045004964548181     0.001024962013356272     4.696901357755446E-4     1.8881465433837088E-4    7.454303426272926E-5     2.896089660546659E-5     1.1092710106672457E-5    4.195481290380362E-6     1.5691407028693717E-6    5.810636149672136E-7     2.1327935398313073E-7    7.767153471190978E-8     2.8089033792745595E-8    1.0094912235374571E-8    3.6078493740817955E-9    1.2830057094810453E-9    4.5422032641710883E-10   1.6016184650594359E-10   5.627073759724511E-11    1.9707230096940546E-11   6.887517991677707E-12    2.4203447301832434E-12   9.122767339729426E-13    3.846763479152862E-13    1.6189196792643227E-13   6.80114847988342E-14     2.852499061899285E-14    1.1945602459243162E-14   4.99548290970505E-15     2.086299203741411E-15    8.702500149807828E-16    3.625891196855037E-16    1.5091085165884032E-16   6.274656503031562E-17    2.6064504942981655E-17   1.0817403436747257E-17   4.485724069562425E-18    1.8586525750867065E-18   7.695530240477294E-19    3.1839822100323243E-19   1.316467812482555E-19    5.43966289665777E-20     2.246308461993865E-20    9.270753556923977E-21    3.824024040466026E-21    1.5765110780668575E-21   6.49612616921121E-22     2.6754842603612524E-22   1.1014119421019968E-22   4.532156978010759E-23    1.8641279964119246E-23   7.66424724101286E-24     3.1498742232128256E-24   1.2940569350504142E-24   5.314423864982155E-25    2.181762398169495E-25    8.953909087136254E-26    3.673474976420949E-26    1.5066265164514056E-26   6.177360206878302E-27    2.532057064525602E-27    1.0375798243248644E-27   4.250607744542893E-28    1.7408680013615149E-28   7.12803129914066E-29     2.917868825050721E-29    1.1941466075919922E-29   4.885943179757086E-30    1.998669889363216E-30    8.174072888735962E-31    3.3422849985973876E-31   1.3663395235531464E-31   5.584528214795776E-32    2.2820727126681117E-32   9.32373494896102E-33     3.808640862354496E-33    1.5555060882809517E-33   6.351769960326921E-34    2.5930839289257937E-34   1.0577322812806894E-34   4.28290508539119E-35     1.5985541795483843E-35   0
% Data
% c (mol/m^3) @ t=200, u1=0.05, u2=0.01, u3=0.05
1                         0.9920502433196053       0.9794166640459129       0.9608475359624413       0.9351515247057315       0.9013474331373473       0.8588261469963213       0.8075000224117274       0.747910693407738        0.6812677615645265       0.6093993839692947       0.5346109122717643       0.45946666281510673      0.3865277390728396       0.31808979338133075      0.2559639088167176       0.2013292846258796       0.15465857225061466      0.11567523132069044      0.0832388407900492       0.05494073564156085      0.03288898036751268      0.019243234073677697     0.011020421254935258     0.0061860495514748015    0.003408047846104561     0.0018451641166467461    9.829657807104114E-4     5.158575993672138E-4     2.6699330150243785E-4    1.3643276791753075E-4    6.890199955103821E-5     3.4424364699926354E-5    1.7030496691957564E-5    8.350341043742364E-6     4.061373905055743E-6     1.961220552098003E-6     9.414891723174407E-7     4.507750235354277E-7     2.181581512260143E-7     1.1330891454974657E-7    6.403956557263684E-8     3.608473805326126E-8     2.028048512814854E-8     1.1373309164190739E-8    6.3666110128275465E-9    3.5586640122371258E-9    1.986790667763375E-9     1.1082000896583142E-9    6.177109722809078E-10    3.441437146497173E-10    1.9167039301244716E-10   1.0673134739813394E-10   5.94293043732307E-11     3.3091833322479674E-11   1.8428220082971125E-11   1.0263874725506621E-11   5.717694700157612E-12    3.1858319015069505E-12   1.7755093340781592E-12   9.897452800173428E-13    5.518531321296593E-13    3.0776565624045494E-13   1.7167565796308514E-13   9.578190021062578E-14    5.3448791783156424E-14   2.98308245177813E-14     1.665170349906695E-14    9.296326658352247E-15    5.190592017710976E-15    2.8984720401834685E-15   1.6186850862419179E-15   9.040479064939165E-16    5.049537943817372E-16    2.8205819257368407E-16   1.5756106706087197E-16   8.801949974989874E-17    4.917289148239939E-17    2.747178756856964E-17    1.5348297485234463E-17   8.57518918013051E-18     4.791106139917363E-18    2.676917953198996E-18    1.4956856564056452E-18   8.357003667625768E-19    4.6694422058015415E-19   2.6090526966847336E-19   1.457818759450572E-19    8.14566519736897E-20     4.551468041993229E-20    2.5431853211927838E-20   1.4210382358837446E-20   7.940252485095627E-21    4.436722139804926E-21    2.479033180398015E-21    1.3850147808398458E-21   7.733020065654048E-22    4.301823235916447E-22    2.3426226028572535E-22   1.113965034522315E-22    0
% Data
% c (mol/m^3) @ t=300, u1=0.05, u2=0.01, u3=0.05
1                         0.9976535211407639       0.99386498857599         0.9881397462734236       0.9799077826214766       0.9685422246417769       0.9533897133621173       0.9338127892630349       0.9092426312531366       0.8792383516902562       0.8435468291641309       0.8021551096820575       0.7553260249505598       0.7036068889773921       0.6478003385691492       0.5888838117301834       0.5278560461221193       0.46546820449577536      0.4017509533899114       0.33515427116439483      0.26093379669026623      0.1894076498233993       0.1348134295116435       0.09416282675266067      0.0645919425529211       0.043548081802913204     0.028879272617846875     0.018852037023968433     0.012122868408101868     0.0076849053685430985    0.004805718739198151     0.0029665702486958647    0.001808865339812863     0.0010901405890735274    6.497545591786547E-4     3.8325783150732276E-4    2.2391794787778458E-4    1.2980808828186722E-4    7.503427642720433E-5     4.39396011009935E-5      2.7406172816753466E-5    1.819318389982551E-5     1.200201079523327E-5     7.870420167239637E-6     5.131563848806631E-6     3.3274724129490583E-6    2.146311724375835E-6     1.3774669991217171E-6    8.797757491383488E-7     5.593110545800598E-7     3.540053043908211E-7     2.2311131297439222E-7    1.4004438465125157E-7    8.756194162434463E-8     5.4543190138567174E-8    3.385382875960539E-8     2.094019283530587E-8     1.2909806408792438E-8    7.933825686265168E-9     4.8609868207855876E-9    2.9695969604175615E-9    1.8090551624401083E-9    1.099094316836084E-9     6.660278124813518E-10    4.0259400593891514E-10   2.4277337762335065E-10   1.4606057561085653E-10   8.768003446515032E-11    5.2521850652634916E-11   3.139678295502076E-11    1.8731336772979944E-11   1.115378027905374E-11    6.6294102419523375E-12   3.933287428999264E-12    2.3296553604508847E-12   1.3775548797234288E-12   8.132653676025466E-13    4.793862902710146E-13    2.821575698099627E-13    1.658335511228655E-13    9.733042156866335E-14    5.70479906601488E-14     3.339387727712632E-14    1.9522997498939353E-14   1.1399793015016619E-14   6.648676324709684E-15    3.873266986542807E-15    2.253924210187923E-15    1.3101946110959408E-15   7.608189844354198E-16    4.4135671782970613E-16   2.557845237860823E-16    1.4809738403139818E-16   8.566820454980234E-17    4.9510056845842873E-17   2.858437357438623E-17    1.647627164263956E-17    9.449123639586569E-18    5.2897257544382576E-18   2.5686277273126584E-18   0
% Data
% c (mol/m^3) @ t=400, u1=0.05, u2=0.01, u3=0.05
1                         0.9992134681554707       0.9979336525145872       0.9959731392758147       0.9931009875599129       0.9890407332110067       0.9834711195203932       0.9760303574369054       0.9663245285397563       0.9539403310993371       0.9384616352842969       0.9194881029102039       0.8966521662256978       0.8696274365705688       0.8381161534133987       0.801793753328784        0.7601716471129546       0.7123087017926452       0.6562468146528643       0.587947212530928        0.49932858624784177      0.4027430687746036       0.3195014095483719       0.24940123960290347      0.19164262469709514      0.14502650349688279      0.10813467108593551      0.07947869497491793      0.05761222247560988      0.041206867795956156     0.0290958238591234       0.020291518733138444     0.013984309444300843     0.009528798725549391     0.006423313577668808     0.004286775848908263     0.002835899761827828     0.0018645383148150666    0.0012261492737271878    8.197788859927197E-4     5.796490687054925E-4     4.297998840375293E-4     3.168329475426071E-4     2.3225351247359866E-4    1.6934299383756813E-4    1.2284284896877718E-4    8.867765592820478E-5     6.371814371872497E-5     4.5582502970830016E-5    3.247276906140317E-5     2.304224128972939E-5     1.6289602480768097E-5    1.147547228696791E-5     8.057430649897884E-6     5.6399810328070225E-6    3.93640978674454E-6      2.7399861750538967E-6    1.9024044213079308E-6    1.3177766596234667E-6    9.108363392413267E-7     6.283049357435757E-7     4.326144789950311E-7     2.9737042149813363E-7    2.0409063391392961E-7    1.3987373068650432E-7    9.573989225745437E-8     6.54554845275143E-8      4.470384318423392E-8     3.0502507414582794E-8    2.0795101741084588E-8    1.4166456391431248E-8    9.644348088750447E-9     6.561903392561989E-9     4.462344346328177E-9     3.033198737106458E-9     2.060956470154563E-9     1.3998776629489428E-9    9.505729733945732E-10    6.453176688188229E-10    4.3799677665317096E-10   2.9722968467377693E-10   2.0167415321917319E-10   1.3682213840498931E-10   9.281547279953825E-11    6.295797313628396E-11    4.270263908370225E-11    2.896266430647374E-11    1.9642979177572206E-11   1.3321883375836964E-11   9.034765974399094E-12    6.1272268049459166E-12   4.155356614883416E-12    2.818048088186722E-12    1.9110510493944317E-12   1.2957727803133783E-12   8.780436669107574E-13    5.935341457431357E-13    3.973927646984577E-13    2.559810764248428E-13    1.3801472085588174E-13   0
% Data
% c (mol/m^3) @ t=500, u1=0.05, u2=0.01, u3=0.05
1                         0.9997376592969459       0.9993079539534014       0.9986421118813256       0.9976513027584439       0.9962231173522251       0.9942181237241383       0.9914667077702102       0.9877663571745362       0.9828793644361732       0.9765304892400101       0.9684032335791835       0.9581317033472679       0.9452819704733952       0.9293113955840047       0.909484765315556        0.8847092958627529       0.8532212868829455       0.8120063842679379       0.7557473718338822       0.6749412700094742       0.5797685587805467       0.4912263670380019       0.4106251646336821       0.33873251560411727      0.27582693584229834      0.22177623553246195      0.1761285413883608       0.1382055173597884       0.10718952124330751      0.08219904920092837      0.06234939825647194      0.04679770578353296      0.03477322919741115      0.025594858415624304     0.018678454143856597     0.013536782618825946     0.009774704144785151     0.007082000608045277     0.005225911605404084     0.004045181140537233     0.003245997218937373     0.002591192830203321     0.002058038356449316     0.0016265645506132714    0.001279428495631948     0.0010017302658458871    7.807983362997504E-4     6.059590515144092E-4     4.683025159000379E-4     3.604543658043804E-4     2.763602119157419E-4     2.110872126158259E-4     1.6064530690422022E-4    1.2182910741764229E-4    9.208030596300553E-5     6.936963245032527E-5     5.209687996483609E-5     3.900720834493978E-5     2.9121813031460354E-5    2.168104781592858E-5     1.6098179369297726E-5    1.192209566015085E-5     8.807464475087216E-6     6.4910236697247455E-6    4.7728684740166885E-6    3.50177459251028E-6      2.563753890983E-6        1.8731796368206633E-6    1.3659398822049815E-6    9.941811928129216E-7     7.222918354268476E-7     5.238454632725384E-7     3.7928516167009737E-7    2.741753219385459E-7     1.9788697609510705E-7    1.426125609820901E-7     1.026300073470778E-7     7.375478754123188E-8     5.2933134545628844E-8    3.7940919923091284E-8    2.7161349281963202E-8    1.942126775520287E-8     1.3870918915137277E-8    9.895828860602772E-9     7.052376617089278E-9     5.020784119070524E-9     3.570885878302611E-9     2.537252602286358E-9     1.8011461914632613E-9    1.2774532454231005E-9    9.052392515373271E-10    6.409303351776343E-10    4.5339689057134813E-10   3.2040767383141374E-10   2.2606024697167401E-10   1.5888161585845128E-10   1.10325829979613E-10     7.334038373380648E-11    4.043390413830651E-11    0
% Data
% c (mol/m^3) @ t=600, u1=0.05, u2=0.01, u3=0.05
1                         0.9999072297791682       0.9997545909574092       0.9995162184221555       0.9991576864758345       0.9986338552862626       0.9978863193041667       0.9968403535899764       0.9954011453658573       0.993448873445401        0.9908317595791539       0.9873553924657318       0.9827651217612227       0.9767156267729913       0.9687170074662902       0.9580384211523383       0.9435358174068152       0.9233452793602035       0.8943402616924405       0.8511765732698356       0.7846208619106507       0.7020125033081509       0.6210355852238445       0.5432478552937315       0.46992285206553375      0.4020236070245589       0.3401993411481807       0.2848018588091321       0.23591718567992523      0.19340748573358485      0.15695836860169263      0.1261272432794962       0.10038923505762665      0.07917820247150988      0.06192143131562678      0.04806753828362761      0.037107922488712565     0.028592732712089137     0.022142777509730205     0.01745912228651339      0.014332331487510721     0.012098481620686542     0.010163869151949154     0.008498272470925607     0.007072576018924616     0.005859146792300301     0.00483211592218173      0.003967570414703868     0.0032436633318640665    0.0026406528198053385    0.0021408815335402743    0.0017287083040307628    0.001390403513673653     0.0011140187663641562    8.89240227071645E-4      7.072336126581533E-4     5.604873642237169E-4     4.4265911721966006E-4    3.4842927711551183E-4    2.733643489487728E-4     2.1379168115681554E-4    1.6668647370693472E-4    1.295712615551171E-4     1.0042760250555804E-4    7.761935436900711E-5     5.982669848904607E-5     4.598993358765844E-5     3.5262005037562377E-5    2.6968731729989836E-5    2.057572983133819E-5     1.566109674109915E-5     1.1892998906386427E-5    9.01139562937705E-6      6.813221526868163E-6     5.140438533294966E-6     3.870451384355511E-6     2.908456614507675E-6     2.1813633470718726E-6    1.6329842809322667E-6    1.2202474552449565E-6    9.102240661062919E-7     6.77805453702705E-7      5.038940988502526E-7     3.739998122649606E-7     2.7715399829280226E-7    2.050726113471348E-7     1.5151282054328473E-7    1.1178000955031379E-7    8.235104746258249E-8     6.058718712831408E-8     4.451583049928969E-8     3.266503793579621E-8     2.3938286860805916E-8    1.7519786663692936E-8    1.2802748281607731E-8    9.334405885094468E-9     6.772118804042163E-9     4.843938029374439E-9     3.3029800392329234E-9    1.8537340471209456E-9    0
% Data
% c (mol/m^3) @ t=700, u1=0.05, u2=0.01, u3=0.05
1                         0.9999650596024907       0.9999073683078429       0.9998167129188963       0.9996791653503296       0.9994759031102576       0.9991816436184382       0.9987625087205798       0.9981730031230427       0.997351551363959        0.9962136101641594       0.9946406138103565       0.9924616727212062       0.9894226037125017       0.9851327914888292       0.9789733030262963       0.9699374297633172       0.9563536833785834       0.9354047929375778       0.9022933756197585       0.8487966023797406       0.7800840153793127       0.710332770899742        0.6408241739137603       0.5727432485888257       0.5071367956146678       0.44488315118999044      0.3866743257335019       0.33301020117586383      0.28420362778966074      0.24039464769335153      0.20157171307477262      0.1675976623757841       0.13823834066618954      0.11319205635821016      0.09211850077542474      0.07466626393818436      0.06049860829559823      0.04931767002539437      0.0408877132176071       0.035058443197028284     0.030723094262249652     0.026808990403798968     0.023293988153183343     0.02015408850144298      0.01736398977394287      0.01489762055876411      0.012728636989415825     0.010830872076464852     0.009178728358541874     0.007747508653857528     0.0065136829378338035    0.005455092203465062     0.004551092486293177     0.0037826440142737817    0.003132351676911176     0.0025844637347281103    0.0021248359704794323    0.0017408683930720831    0.0014214212254296606    0.001156716319082368     9.382294155082996E-4     7.585778821274069E-4     6.114077429365797E-4     4.912830417513134E-4     3.935798500840888E-4     3.1438658165850716E-4    2.5041171236929395E-4    1.98899531892059E-4      1.5755416935612525E-4    1.244718348145253E-4     9.808099241572284E-5     7.709002053116961E-5     6.044180844770131E-5     4.7274678595139385E-5    3.6888998294519996E-5    2.8718847270986015E-5    2.2308129368008863E-5    1.7290552865415516E-5    1.3372948502708016E-5    1.0321443741342497E-5    7.95006289285734E-6      6.111373222736026E-6     4.68884541205971E-6      3.5906417654766557E-6    2.7445866712402613E-6    2.09411075378759E-6      1.5949928618807258E-6    1.2127526266256553E-6    9.205710335242914E-7     6.976375647240134E-7     5.278402610210782E-7     3.987297204399716E-7     3.006995432229196E-7     2.2633342701842218E-7    1.6987103093173902E-7    1.267356912294093E-7     9.303437189140366E-8     6.485331305184742E-8     3.6958925389846424E-8    0
% Data
% c (mol/m^3) @ t=800, u1=0.05, u2=0.01, u3=0.05
1                         0.9999860956566801       0.9999630379974412       0.9999265257215996       0.9998705187723664       0.9997865532692685       0.9996627457579114       0.9994823051809261       0.9992212436679051       0.998844755519625        0.9983013477960613       0.9975131349267079       0.9963595451107448       0.994649667877428        0.9920749788046903       0.9881281373540083       0.9819631179218877       0.9721539107309689       0.9562779060415416       0.9301963280503225       0.8868112468166224       0.8298652620239556       0.7707197350001315       0.7103063783829605       0.6495540398397475       0.5893547758262585       0.5305340698743983       0.47382661022424         0.41985857644604024      0.36913689874686034      0.32204549277838074      0.27884807643509507      0.2396968729386049       0.20464631405329564      0.17367078364851138      0.14668547837417012      0.1235695924543131       0.10419123363194396      0.08843371843251371      0.07622314604167887      0.06755737955579857      0.06091413735459339      0.054723203819980595     0.04898024899862612      0.043677470085538274     0.0388038555299766       0.03434550903028627      0.03028601996299373      0.026606865863097406     0.023287832426284728     0.02030743707165448      0.017643343276729784     0.015272754539593985     0.01317277878749693      0.011320756188908005     0.009694545499151445     0.008272766159668325     0.00703499528274359      0.005961920318570862     0.005035449577246559     0.004238783846163575     0.0035564531054151       0.0029743228187629677    0.002479574495992789     0.0020606652222392883    0.0017072706730407313    0.0014102158228698784    0.0011613971500079557    9.536996782799804E-4     7.809117076899719E-4     6.376395970865155E-4     5.192244926415045E-4     4.2166246069365884E-4    3.4152909204754437E-4    2.759093025658833E-4     2.223327638215172E-4     1.7871515694912492E-4    1.4330524992193282E-4    1.146376491770818E-4     9.149096590498198E-5     7.28510601023603E-5      5.787897632842548E-5     4.588315887774943E-5     3.629552606120051E-5     2.8650989232914373E-5    2.257001842984023E-5     1.774387986895077E-5     1.3922198470369029E-5    1.0902528900786926E-5    8.521649575367296E-6     6.648324001153802E-6     5.177300980856428E-6     4.024346758718097E-6     3.122112776794514E-6     2.4166304488075657E-6    1.864162119736573E-6     1.4279625313949044E-6    1.0740728987037262E-6    7.642459399221506E-7     4.417147769377169E-7     0
% Data
% c (mol/m^3) @ t=900, u1=0.05, u2=0.01, u3=0.05
1                         0.9999945425737307       0.9999854197771705       0.9999707695044309       0.999947853084284        0.9999126211046009       0.9998590326113995       0.9997779670184875       0.9996554548482451       0.9994697581537156       0.999186494364553        0.998750415042794        0.9980714450933228       0.9970008497760002       0.995290392961246        0.9925221579379389       0.9879877257267139       0.9804798829077297       0.9679331780366971       0.9468031756516739       0.9109938053286477       0.8633192794333836       0.8130291863323994       0.7607730363095084       0.707236501822804        0.6531184759715083       0.5991086750017561       0.5458669675258789       0.4940054745376762       0.44407429062916703      0.3965514480373273       0.35183750321516555      0.3102548920813323       0.27205199386724344      0.2374116789165689       0.20646400134697618      0.1793026349571272       0.15600463524028219      0.13665313078200378      0.1213625875248573       0.11030632960926007      0.10164033816368229      0.09337290590648502      0.08551592880117488      0.07807812351830044      0.07106493748727216      0.06447852961948233      0.05831782088431368      0.05257861124575208      0.04725375708206818      0.04233340123347146      0.03780524633520794      0.03365486113932926      0.0298660091119371       0.026420988684366313     0.02330097507875301      0.020486354542676735     0.017957043023862126     0.015692782699776087     0.013673411256465701     0.011879100302410298     0.010290560734924112     0.008889214191728454     0.007657330877230181     0.006578135025552887     0.005635880038218095     0.004815895913382282     0.004104611975274592     0.003489558133825856     0.0029593479772227734    0.002503646948789192     0.0021131287095852735    0.0017794225641856723    0.0014950545522421075    0.001253384503106469     0.001048541032447907     8.753561427246033E-4     7.293007847101275E-4     6.064224532157394E-4     5.032856322344924E-4     4.1691567621528046E-4    3.447465164135926E-4     2.84572414109575E-4      2.345038446316782E-4     1.9292748543823504E-4    1.5847019526670436E-4    1.2996680641227202E-4    1.0643150498837337E-4    8.703254035482773E-5     7.106997920205528E-5     5.7956193314251805E-5    4.719872682416399E-5     3.838509652687545E-5     3.116886885523866E-5     2.5255880048766965E-5    2.0388394155801116E-5    1.6322605884908072E-5    1.278960548052686E-5     9.418241359598623E-6     5.572575777998661E-6     0
% Data
% c (mol/m^3) @ t=1000, u1=0.05, u2=0.01, u3=0.05
1                         0.9999979561562657       0.9999944791463409       0.9999887267483801       0.999979365848281        0.9999642700070782       0.9999400177736812       0.9999010537631938       0.9998382762436474       0.9997366457263372       0.999571117241317        0.9992996953494309       0.9988515410313812       0.9981065559452764       0.9968602688319866       0.9947633480728851       0.9912172712468172       0.9851941817943138       0.9749255632565882       0.9573637864241692       0.9272501961295532       0.8867851453609789       0.8436485400664419       0.7982874676893521       0.7511973803414699       0.7029079566957779       0.6539681573157617       0.6049312770690229       0.5563408037984907       0.5087178524635719       0.46255086390611627      0.41828814563875294      0.3763336989539386       0.33704663326589773      0.30074432534540874      0.267709346538062        0.23820006084922782      0.21246469310091012      0.19075857766114118      0.1733642194820995       0.1606137225320244       0.15045375723465504      0.14058950345513152      0.13104228360203599      0.12183154135700677      0.11297456634568506      0.10448625706354449      0.09637892896634188      0.08866217297051834      0.08134276773869205      0.07442464715731498      0.06790892245600856      0.061793956572102224     0.05607548671670824      0.05074678971890533      0.045798883659466896     0.04122075857993289      0.03699962867010698      0.03312119828154048      0.02956993435472672      0.026329338340251654     0.023382211388090886     0.02071090742012271      0.018297569634367804     0.01612434696425227      0.014173587986616953     0.012428010699660366     0.01087084744589727      0.009485965013174487     0.008257960594409168     0.007172234816882709     0.006215043463832724     0.0053735298091243154    0.004635739678341396     0.003990621447952787     0.003428013211276499     0.0029386192896104753    0.002513978162975957     0.002146423750696116     0.0018290417997216554    0.0015556229490646407    0.001320613841206498     0.0011190674535590185    9.465936309631737E-4     7.993106181062487E-4     6.737982211293018E-4     5.670530709450033E-4     4.764463141569932E-4     3.996839128739613E-4     3.347695735738682E-4     2.799701071570265E-4     2.3378266073205073E-4    1.9490257019803522E-4    1.6218916048137475E-4    1.3462380448459147E-4    1.1124808533228597E-4    9.105599549832153E-5     7.278417055527955E-5     5.447978321908571E-5     3.2587460425049695E-5    0
% Data
% c (mol/m^3) @ t=1100, u1=0.05, u2=0.01, u3=0.05
1                         0.9999990070415151       0.9999972811583924       0.9999943250580136       0.9999893031139554       0.9999808072093905       0.9999664577509148       0.999942222243382        0.9999012490481196       0.9998318676269374       0.9997141537656257       0.9995140210971094       0.9991730436736915       0.9985909041149685       0.9975950914099029       0.995888535827614        0.9929590393286736       0.9879225075002859       0.9792514092626713       0.9643041423849046       0.9385088624299227       0.9036566120541867       0.8662568550956264       0.8266190056417894       0.7851000670852994       0.7420966419202393       0.6980359157791627       0.653366094222871        0.6085468179641715       0.5640401025388778       0.520302341183136        0.477777875926318        0.4368945843398223       0.39806185183638515      0.3616712063650987       0.3280997883182902       0.2977167174834941       0.27089230402141395      0.24800993359933557      0.2294803385583315       0.21575784685052718      0.20468563757583058      0.19379032074028515      0.18309573120211262      0.17262525301614792      0.1624015355623486       0.15244621039591874      0.14277961618948148      0.1334205390835222       0.12438597539504169      0.11569092297408147      0.10734820657889647      0.09936834151279235      0.0917594384891422       0.08452715133190167      0.07767466774438359      0.07120274205339898      0.06510976761653996      0.0593918855149984       0.054043125278738134     0.0490555727281656       0.04441955957699841      0.04012386922314725      0.03615595314593355      0.03250215250809719      0.0291479199026506       0.026078036656422277     0.02327682167087849      0.02072832841330921      0.018416527336194234     0.01632547167099461      0.014439445190125721     0.012743091137321994     0.011221522076562997     0.00986041089240591      0.008646063583531403     0.007565474824029213     0.006606367524233674     0.005757217808279509     0.005007266944550879     0.004346521824830063     0.0037657455960065016    0.0032564400126768368    0.0028108210073975208    0.002421788874010575     0.00208289433201458      0.0017883015849975347    0.0015327492922367406    0.001311510107771382     0.0011203490310719773    9.554800939792162E-4     8.135195272792897E-4     6.914307555556282E-4     5.864507655726882E-4     4.959752035643319E-4     4.173538403750026E-4     3.474937308254272E-4     2.8205272614961004E-4    2.1376414413528665E-4    1.2892393520298585E-4    0
% Data
% c (mol/m^3) @ t=1200, u1=0.05, u2=0.01, u3=0.05
1                         0.9999993693823117       0.9999982557217377       0.9999963007554707       0.9999928826819645       0.9999869240841994       0.9999765605348174       0.999958568813811        0.9999273801106149       0.9998733762600097       0.9997799465229377       0.9996184001715156       0.9993391671911656       0.9988565690138718       0.9980224439161641       0.9965804425004633       0.9940867801969682       0.9897727538990617       0.9823061053327673       0.9693766106622449       0.9469761086629622       0.9166032119014196       0.8838637469034998       0.8489749272362178       0.8121970761481891       0.7738295305322755       0.7342056542084452       0.6936872311169686       0.6526585581328568       0.6115205920562217       0.5706855234764274       0.530572150111165        0.4916024032727151       0.4541993435863824       0.41878688702564065      0.3857914513836694       0.3556456285298902       0.32879389148302796      0.30570023982155264      0.28685757458870204      0.2727984769606055       0.26134933161338975      0.24996998751318783      0.23868194516526126      0.22750722711310756      0.2164681837069477       0.20558727975963445      0.19488686603353297      0.18438894023114316      0.17411490273481142      0.16408531272334567      0.15431965046268448      0.14483609151298807      0.13565129831722         0.12678023415030973      0.11823600373818888      0.11002972403626654      0.10217042772773127      0.0946650010076986       0.08751815620492427      0.08073243880211467      0.07430826748833062      0.06824400504624951      0.06253605716958427      0.057178995740292275     0.0521657026817705       0.04748753024565877      0.043134473481736976     0.03909535067224466      0.03535798766853122      0.0319094023305492       0.02873598561749962      0.025823676289210694     0.023158126631103372     0.020724857090559726     0.01850939819075054      0.016497418553493938     0.01467483830222698      0.013027927519229869     0.011543389790165332     0.010208431178622874     0.00901081523059476      0.007938904811892519     0.006981691728753215     0.00612881516942849      0.00537057002206405      0.004697906046250146     0.0041024186441607135    0.0035763314650316532    0.0031124700120065056    0.002704223229321605     0.002345485527748973     0.0020305623464725864    0.0017540029225143019    0.001510283581202333     0.0012931810367882396    0.0010945012228796732    9.014685249214947E-4     6.913336371133197E-4     4.202146903396108E-4     0
% Data
% c (mol/m^3) @ t=0, u1=0.05, u2=0.03, u3=0.01
1                         -5.6727329698675144E-8   3.4412341060481226E-15   4.799069503582021E-20    8.009901849351893E-26    1.0236269825679845E-31   1.1689697273466336E-37   1.2541942007528188E-43   1.2931961592123401E-49   1.2971711273413468E-55   1.2750964098618375E-61   1.234131299349709E-67    1.1799489050912687E-73   1.1170108771030506E-79   1.0487944867291807E-85   9.779799986134254E-92    9.066049837963995E-98    8.361911425132654E-104   7.678482961521758E-110   7.023594438389425E-116   6.381445402171738E-122   5.182914000069758E-128   4.1979108576162044E-134  3.3916654946072044E-140  2.7340946285930443E-146  2.199488092297684E-152   1.766090660554819E-158   1.415644425336606E-164   1.132932097349907E-170   9.053451003910633E-177   7.224892778036415E-183   5.758338070381969E-189   4.5840434299378274E-195  3.6451864677876125E-201  2.895614119746114E-207   2.2979426022707098E-213  1.821966533788326E-219   1.4433356208991965E-225  1.1424600665065509E-231  9.036095521867542E-238   7.118091048777215E-244   5.016042450978251E-250   3.532436468921598E-256   2.486091071020536E-262   1.748647367778677E-268   1.229255245133163E-274   8.636699150987083E-281   6.064987478461313E-287   4.256946911098781E-293   2.9864960833174034E-299  2.094255463945472E-305   1.4679437819607E-311     1.018073E-317            1.0E-323                 0                        0                        0                        0                        0                        0                        0                        0                        0                        0                        0                        0                        0                        0                        0                        0                        0                        0                        0                        0                        0                        0                        0                        0                        0                        0                        0                        0                        0                        0                        0                        0                        0                        0                        0                        0                        0                        0                        0                        0                        0                        0                        0                        0                        0                        0                        0
% Data
% c (mol/m^3) @ t=100, u1=0.05, u2=0.03, u3=0.01
1                         0.9656881255471026       0.9132847261683882       0.8415363061625011       0.7517145725441979       0.6479125517674044       0.5366497837768532       0.42576129171629196      0.3228360707553623       0.23371191781852219      0.16154938329657026      0.10674402915454363      0.06755197417628939      0.041046892047456776     0.024016627418011624     0.013571952003447203     0.007429891232850955     0.003951676684177465     0.002046627470379645     0.0010310758412931127    4.923756164761329E-4     2.1913833267250192E-4    9.582824360771917E-5     4.125428861568042E-5     1.7514612107082064E-5    7.344461163874926E-6     3.0460999401043343E-6    1.2510713773884588E-6    5.093798863613663E-7     2.0579594353893067E-7    8.257186560649946E-8     3.292678956346842E-8     1.3057862295467685E-8    5.152875813590809E-9     2.0244251192308155E-9    7.921752566644947E-10    3.0887076314679043E-10   1.2003348033925918E-10   4.6492176432322957E-11   1.7893114092013526E-11   6.624962547762971E-12    2.2970546035337338E-12   7.947879549984504E-13    2.7447170759653277E-13   9.461856145670374E-14    3.256465718890376E-14    1.1190792120702181E-14   3.840312654858386E-15    1.3161527521865148E-15   4.505243855845501E-16    1.5404133033900705E-16   5.261318379407091E-17    1.7952247211579936E-17   6.119782449276824E-18    2.084346100053933E-18    7.093198692068172E-19    2.4119751129265786E-19   8.195591222317601E-20    2.782796515614122E-20    9.44260763688088E-21     3.2020362069661066E-21   1.0851699313995306E-21   3.675521334242309E-22    1.2442321714223581E-22   4.2097470255710854E-23   1.423615666132484E-23    4.81195041817789E-24     1.6257358853819332E-24   5.490192737466033E-25    1.8532829134172283E-25   6.253450271058205E-26    2.1092517331493154E-26   7.111715176226822E-27    2.396975780286015E-27    8.076107160858052E-28    2.720164113384973E-28    9.158997188951543E-29    3.082942582571414E-29    1.0374144483194236E-29   3.489899419959311E-30    1.1736848230813505E-30   3.946135719173081E-31    1.3264115546163393E-31   4.4573213202557496E-32   1.497484740583857E-32    5.02975667016138E-33     1.6890044451156198E-33   5.670441288493937E-34    1.9033034750328337E-34   6.38714953369138E-35     2.142972582853288E-35    7.188514430576026E-36    2.410888329166126E-36    8.084119652466923E-37    2.710241355098927E-37    9.084515682713918E-38    3.04428053598985E-38     1.0191607341988643E-38   3.383733267266859E-39    1.030506452122743E-39    0
% Data
% c (mol/m^3) @ t=200, u1=0.05, u2=0.03, u3=0.01
1                         0.9920263987423388       0.9793573937003806       0.9607424403685467       0.9349945466785304       0.901140349172497        0.8585814555903887       0.8072420672371451       0.7476739818267936       0.6810920305158651       0.6093219764378823       0.5346581812864964       0.45964696370471136      0.3868286960627247       0.31848192430218625      0.25641211245355633      0.20181494120118756      0.15522143709744585      0.11650243566347762      0.08487216143998405      0.05877408729719897      0.03854672363345062      0.024722121369650532     0.015521536995996666     0.009549562179886631     0.005763299309654692     0.0034152597290336897    0.001989074824689085     0.001139582354644855     6.428081022588636E-4     3.5728336855360784E-4    1.9582847619631938E-4    1.0592231357358136E-4    5.657783465590499E-5     2.986298681051264E-5     1.5585133978164846E-5    8.046646133072563E-6     4.1116104178425205E-6    2.078393511594464E-6     1.0343545682824676E-6    4.91087572999308E-7      2.1901693421563615E-7    9.687682647224634E-8     4.251638543324141E-8     1.8520256398817607E-8    8.010173365666809E-9     3.440977981152144E-9     1.4685852397263187E-9    6.228995213474052E-10    2.626366433383426E-10    1.1010858640631295E-10   4.5911269080971885E-11   1.904352884062754E-11    7.859552973511882E-12    3.228179582265182E-12    1.3198035864557925E-12   5.371933049620479E-13    2.177184712627512E-13    8.787659010414951E-14    3.53289356429881E-14     1.4149143329873293E-14   5.645879260781891E-15    2.244871582549596E-15    8.895363959707094E-16    3.5131722829955077E-16   1.3830803584084187E-16   5.428177458385736E-17    2.1240442236736376E-17   8.287397147317006E-18    3.2244680692469E-18      1.2511857060602756E-18   4.842235946659642E-19    1.869242706851612E-19    7.198045393910612E-20    2.765188392338929E-20    1.0598072314716365E-20   4.0527563959890855E-21   1.5464070579043184E-21   5.888082993771782E-22    2.23731314334505E-22     8.484129894728232E-23    3.210993833717576E-23    1.2129594028047587E-23   4.573511786009518E-24    1.7213585722497623E-24   6.467424308578977E-25    2.425769416520961E-25    9.083323682136292E-26    3.3957478950497844E-26   1.2674740169891079E-26   4.723594764476099E-27    1.7577313759413888E-27   6.53122218248446E-28     2.4233359357077607E-28   8.978914093708388E-29    3.3222461661245487E-29   1.2274094422780826E-29   4.522672170197816E-30    1.645664737731222E-30    5.40753875441892E-31     0
% Data
% c (mol/m^3) @ t=300, u1=0.05, u2=0.03, u3=0.01
1                         0.9976598190301802       0.9938809674766135       0.9881691039081862       0.9799540132804331       0.9686079064365594       0.9534756885114449       0.9339174020271539       0.909361262085866        0.8793635496812376       0.8436694174407758       0.8022668037957906       0.7554245731032937       0.7037059667788088       0.6479493249680238       0.5892089670025433       0.5286481572601125       0.46736968788310923      0.406151842265729        0.34501862289530444      0.2824970677160671       0.22298782585845717      0.17297868455194237      0.13193670549536066      0.09900026021053143      0.07312306190910525      0.053195946773511874     0.03813931405692564      0.026965175125538175     0.018811982102812763     0.012957715885710454     0.00881741764648354      0.005930934562198059     0.003945615728789979     0.0025974416841326804    0.0016928732726163135    0.001092709582172199     6.984989418998913E-4     4.415340664796343E-4     2.741248773053748E-4     1.6259560934602998E-4    9.168461295368883E-5     5.131970517190753E-5     2.8526132415317898E-5    1.575192107065649E-5     8.643852561881253E-6     4.715271215656964E-6     2.55779287625913E-6      1.3800962059275708E-6    7.408957581358294E-7     3.958403599870846E-7     2.105247401527404E-7     1.1148206941059983E-7    5.8792054778137225E-8    3.088385313158038E-8     1.6163147259564334E-8    8.429068841947981E-9     4.380922952104222E-9     2.2696186438437334E-9    1.1722126357702194E-9    6.036530682754519E-10    3.0999431871752857E-10   1.5876688083729312E-10   8.110683254304712E-11    4.1332811842493084E-11   2.1014467299045205E-11   1.0660342710331585E-11   5.396278443630888E-12    2.7260057846666273E-12   1.3743748008895024E-12   6.916149550420887E-13    3.4740599029343526E-13   1.742028243657463E-13    8.72062572410531E-14     4.358557185587381E-14    2.1750394535235012E-14   1.0837924364031941E-14   5.392668275221441E-15    2.67955541399128E-15     1.3296732628170844E-15   6.589780313008287E-16    3.2618230563341126E-16   1.6126199760286694E-16   7.963494339293991E-17    3.9281884291322356E-17   1.9355934700384928E-17   9.527624751925968E-18    4.685096661974186E-18    2.3016006634087743E-18   1.1296199572632035E-18   5.539091476359841E-19    2.7136926041853975E-19   1.3283412017040449E-19   6.496700470068013E-20    3.174697393893175E-20    1.5497429169516763E-20   7.550102441326151E-21    3.654066070336345E-21    1.7173971232625978E-21   6.906520456563829E-22    0
% Data
% c (mol/m^3) @ t=400, u1=0.05, u2=0.03, u3=0.01
1                         0.9992133859776868       0.9979333225049489       0.9959721463654255       0.9930985216687717       0.9890354540516084       0.9834611053216619       0.9760132698651068       0.96629822466627         0.9539043339948959       0.9384202297445593       0.9194565423166416       0.8966689396537875       0.8697784859172045       0.8385827413797518       0.8029469685413355       0.7627581033806583       0.7178126439550808       0.6675895351505421       0.6108240924858446       0.5447383965598095       0.4737882930327477       0.4064989345925055       0.3440604007632816       0.2873137521174576       0.23675140057936686      0.19254394160976282      0.15458629538671867      0.12255524066840372      0.09597082853895428      0.07425541821473813      0.056785801840651406     0.04293571807723756      0.03210771217383912      0.02375460393827263      0.017391695161638483     0.012601280250591568     0.00903105211040925      0.006387649659177712     0.004425851346816199     0.0029326453850917187    0.0018574195850026077    0.0011662034344061417    7.261218759446518E-4     4.485031132494857E-4     2.749064916025912E-4     1.672646986848809E-4     1.0105391061858711E-4    6.063943454946755E-5     3.615165255235494E-5     2.1418270119647164E-5    1.2613359499285608E-5    7.38531738100791E-6      4.300278767640623E-6     2.490609186455811E-6     1.4351067777040372E-6    8.228420794579371E-7     4.695506965178925E-7     2.667218230028629E-7     1.5084033601850057E-7    8.494322965487454E-8     4.7638564097613315E-8    2.661156581238076E-8     1.4808956656385913E-8    8.210666979178368E-9     4.536150482624746E-9     2.4974923102604684E-9    1.3704995108247618E-9    7.496520848792338E-10    4.087829717325119E-10    2.222399139481829E-10    1.204729938013882E-10    6.512325372509828E-11    3.5107498671738504E-11   1.887635516312892E-11    1.0123399002735813E-11   5.415749596721355E-12    2.8903301883627397E-12   1.5389493757360244E-12   8.175593166051987E-13    4.3337229710324163E-13   2.292332897908024E-13    1.2100283321171288E-13   6.374414645779327E-14    3.351479914548063E-14    1.7587663627015086E-14   9.212503832697333E-15    4.816894529529311E-15    2.5141872558406414E-15   1.310054724724174E-15    6.814940607794209E-16    3.5394354302382163E-16   1.8353615557657377E-16   9.502437758990909E-17    4.912008514959136E-17    2.5343893390355877E-17   1.3034887389605353E-17   6.644268274307193E-18    3.2707877918798233E-18   1.3609738186475384E-18   0
% Data
% c (mol/m^3) @ t=500, u1=0.05, u2=0.03, u3=0.01
1                         0.999715867935219        0.999251308976952        0.9985336852354666       0.99747024480204         0.99594511290251         0.9938165955207559       0.990915062340619        0.9870416732774436       0.9819681431442123       0.9754375539940513       0.9671658485025579       0.9568429484923773       0.9441312411855601       0.9286571326523608       0.9099879353909762       0.887580623308956        0.8606794402085156       0.8281234920901321       0.7879991985888471       0.7370291595345695       0.6778142439233878       0.617024886426611        0.5558771412534844       0.4955414905429652       0.4370874463346759       0.38143910680394694      0.3293441247200546       0.2813570474893382       0.23783655211044388      0.19895489180542253      0.16471700499672207      0.134986255227945        0.10951364911155652      0.08796753707277519      0.06996111161062597      0.055075316391090916     0.042874864943478856     0.03291468120362118      0.024732855574195127     0.017823619184320107     0.012346026461184587     0.008475510280488851     0.0057684448342799465    0.003893577212782298     0.0026072041015492453    0.0017324978117423894    0.0011428081252151502    7.485224871873498E-4     4.869582940834629E-4     3.147423561963528E-4     2.0216828648399968E-4    1.2908628368332368E-4    8.19536409349987E-5      5.1747160890506814E-5    3.250433313066033E-5     2.0315907369269277E-5    1.263783688328226E-5     7.826179849918247E-6     4.825743527452027E-6     2.9635389451789067E-6    1.8129325599689442E-6    1.1050143671762095E-6    6.71209700028609E-7      4.0638666794589573E-7    2.4529951561947765E-7    1.4764312040984984E-7    8.862790662877124E-8     5.306988608599315E-8     3.1704724089204676E-8    1.8900522565740513E-8    1.1245312307402874E-8    6.678653310236164E-9     3.9600035247507145E-9    2.3445467059339074E-9    1.3862571722060348E-9    8.186773374842009E-10    4.829760358992493E-10    2.846684231887866E-10    1.6765174490449787E-10   9.866954226753258E-11    5.8038008970685276E-11   3.412252762547719E-11    2.0054456542494092E-11   1.178311376103287E-11    6.9218771784839886E-12   4.065689923933044E-12    2.387920209452712E-12    1.4025099962430905E-12   8.237867397195654E-13    4.839100429352357E-13    2.8429449051667626E-13   1.6704300905254076E-13   9.815608807571947E-14    5.766600900202823E-14    3.384069686669262E-14    1.9777121495547116E-14   1.139537884059061E-14    6.249950811370401E-15    2.8106441994543846E-15   0
% Data
% c (mol/m^3) @ t=600, u1=0.05, u2=0.03, u3=0.01
1                         0.9999003691248812       0.999736728394156        0.9994819446925781       0.9991003010234324       0.9985455662719314       0.9977588385706757       0.9966661717572469       0.9951759758038111       0.9931761256486747       0.9905305857138148       0.9870751047430554       0.9826110671942897       0.9768957558241028       0.969625845538755        0.9604085221278063       0.9487105712152697       0.9337690932904298       0.9144365215638314       0.8889146864723757       0.854303480625873        0.8117379524048844       0.7655112413347476       0.7162979461375554       0.6648701045213806       0.6120614006737451       0.5587288353017947       0.5057146505258096       0.4538111275289551       0.40373044557322535      0.3560811653497168       0.3113521510016871       0.2699039456828534       0.2319668190042496       0.19764392984408977      0.16691726178724775      0.13965308861113865      0.1156025196735633       0.09439084170598025      0.07548642336413737      0.05813514413732933      0.04328178058188461      0.03195580450489977      0.023404707929551072     0.017009540798660388     0.01226991081428094      0.008787589175384705     0.0062502040895868905    0.004415988172073031     0.0031001346643929435    0.002163009777024691     0.0015002534270996408    0.0010346623424484702    7.096707752386124E-4     4.842087749007744E-4     3.2871225863747005E-4    2.220719133870713E-4     1.4933094946410863E-4    9.996903577212523E-5     6.663751901623687E-5     4.423694501248653E-5     2.9250752724086132E-5    1.9268350466066377E-5    1.2646634516526115E-5    8.271669779940927E-6     5.392145440216268E-6     3.5038073108241773E-6    2.269795569594176E-6     1.4660765472109997E-6    9.442852431966055E-7     6.065653261387758E-7     3.886233558242531E-7     2.4837294451776454E-7    1.583612618582803E-7     1.0074099731852616E-7    6.394663646025338E-8     4.050635204491835E-8     2.5607114374883166E-8    1.615722292937164E-8     1.0175980705311694E-8    6.397682912969818E-9     4.015484569738995E-9     2.516242823099885E-9     1.5743295276726176E-9    9.83546946323679E-10     6.135889126334854E-10    3.822682560852621E-10    2.3784358283351856E-10   1.4779848195907295E-10   9.173289808932665E-11    5.6868996753360096E-11   3.5215548871587847E-11   2.1782128543476544E-11   1.3456435361761208E-11   8.299620313327652E-12    5.104527320314447E-12    3.1188575552791766E-12   1.8713355683312346E-12   1.0615971772130975E-12   4.885175267619375E-13    0
% Data
% c (mol/m^3) @ t=700, u1=0.05, u2=0.03, u3=0.01
1                         0.9999642928123282       0.9999054192167907       0.9998131431325923       0.9996736602564282       0.9994685942975032       0.9991737616939869       0.9987576466577393       0.9981794955181637       0.9973868783362522       0.996312455013298        0.9948694864992234       0.9929452895881975       0.9903912486085834       0.9870070103536949       0.9825148426394971       0.9765174159961891       0.9684278004442459       0.9573531705309404       0.9419018306515131       0.9198638804311787       0.8915707808906718       0.8595137617120123       0.8238953826388461       0.785027353658865        0.7433211837286715       0.6992735503061387       0.6534472592859214       0.6064489592038329       0.5589049421382685       0.5114363788400212       0.4646351784944057       0.41904132067794275      0.37512196270196163      0.33325184959677323      0.29369348563343317      0.25657405187715526      0.22185397880608054      0.18927909289679987      0.15830387039083402      0.12796683830530287      0.1004289475424412       0.07818140533165396      0.0603865138960873       0.04628868498148344      0.035221853486751026     0.026610540887872926     0.01996634314045228      0.01488138708549619      0.01102002493900881      0.008109755172363401     0.005932095352834964     0.004313903472316095     0.0031194559219474664    0.0022434435480847303    0.0016049391674760485    0.0011423152923576024    8.09043443667027E-4      5.702801116700859E-4     4.001335042134679E-4     2.7950489734892794E-4    1.9440481503237936E-4    1.346544796596587E-4     9.289487692725742E-5     6.383792949079044E-5     4.370576992472724E-5     2.981443796468268E-5     2.02672745780304E-5      1.373080801361002E-5     9.272101998269797E-6     6.241504131009122E-6     4.188660670637174E-6     2.8027231893758446E-6    1.8700232759676754E-6    1.2442759953812582E-6    8.257127266656715E-7     5.465400352201464E-7     3.608548447631618E-7     2.3768190925874306E-7    1.5618773050542254E-7    1.0240421277774969E-7    6.69947188508498E-8      4.373666871043942E-8     2.849460527540595E-8     1.8527624457323982E-8    1.2023869743992864E-8    7.788654659451215E-9     5.036159086230779E-9     3.250716698340627E-9     2.094708310101622E-9     1.3475701115091995E-9    8.655122094397903E-10    5.549819898176523E-10    3.552235219442229E-10    2.2683919839073412E-10   1.442996135870791E-10    9.104004400353234E-11    5.624017181849752E-11    3.26838106678388E-11     1.52872648287719E-11     0
% Data
% c (mol/m^3) @ t=800, u1=0.05, u2=0.03, u3=0.01
1                         0.9999866411849533       0.9999645438200253       0.9999297132114541       0.9998766522440438       0.9997978668377974       0.9996832154466855       0.9995190442954567       0.999287018682163        0.998962508203953        0.9985122957544803       0.9978912327486198       0.997037217124782        0.9958634623565199       0.9942463509897345       0.992006056308511        0.9888752970097137       0.9844486190741103       0.9780997587385163       0.9688467682992914       0.9551317989626481       0.9369445538351371       0.9156674278321284       0.8912477481169542       0.8637068130690396       0.8331436366245034       0.7997352206705753       0.7637331363155635       0.7254563854979975       0.6852806800865727       0.6436243818952887       0.6009313538100862       0.5576508321922873       0.5142140856287928       0.47100699897507864      0.4283367101585894       0.3863888821182846       0.3451698997578739       0.30442493362838563      0.263517967696104        0.2212529266029545       0.18101412843435755      0.1469425452869973       0.11838117266273376      0.09466835494200107      0.07516228006696013      0.05925874079505371      0.04640291290057027      0.03609606983946319      0.027898213076487884     0.021427573564406995     0.01635785842545147      0.01241400068305034      0.009367037887376391     0.007028612130416568     0.005245459325908983     0.0038941459278194774    0.0028762195069557254    0.0021138664453013586    0.0015461144459845482    0.0011255775944908313    8.157148505770691E-4     5.885564879444296E-4     4.22844651168609E-4      3.025316717210821E-4     2.1558123769963911E-4    1.5302147628063734E-4    1.0820436402898466E-4    7.623181451809735E-5     5.3514746205271066E-5    3.743704874553169E-5     2.6101438048495155E-5    1.8138624713236157E-5    1.2564997788098249E-5    8.677175146423339E-6     5.974350147965717E-6     4.101442099166877E-6     2.807709337997144E-6     1.916779873246171E-6     1.3050604383800572E-6    8.862575836043043E-7     6.003325164867318E-7     4.0565507575519633E-7    2.7345425893742925E-7    1.839093514613021E-7     1.2340760728314556E-7    8.262771104106437E-8     5.5205299447438176E-8    3.6807070216982454E-8    2.4490576918180156E-8    1.6263018966932685E-8    1.0778134332064582E-8    7.1285937992890855E-9    4.704203532387729E-9     3.095288907136527E-9     2.026968744309518E-9     1.3144304922848036E-9    8.323471145049084E-10    4.936283388961486E-10    2.3403787078567804E-10   0
% Data
% c (mol/m^3) @ t=900, u1=0.05, u2=0.03, u3=0.01
1                         0.9999947443067962       0.99998602270713         0.9999721980891842       0.9999509730208612       0.9999191419665274       0.9998722475374865       0.9998040972677225       0.9997060732720273       0.9995661279048278       0.9993672944664467       0.9990854371773936       0.9986857930663642       0.9981175777377566       0.9973054682818022       0.9961360278356128       0.9944359154854587       0.9919367366612524       0.9882181525893976       0.9826156021330329       0.9740704261754862       0.962463752370272        0.9485567423015437       0.9322014999909127       0.9132884411406738       0.8917529874325094       0.8675807585030335       0.8408107884506375       0.8115363155010944       0.7799027080065758       0.7461020737425774       0.7103640192247254       0.6729418358915227       0.634093028801798        0.594052487698928        0.5529956170882515       0.5109872378087322       0.4679098377036473       0.4233614965852604       0.376509149167446        0.3258762464398144       0.27572178739791114      0.23156217919434427      0.19306850932600508      0.15983481772463812      0.13140623447975078      0.10730333790714812      0.08704236301987751      0.07015120821740813      0.05618143447288083      0.04471662612002985      0.03537759097201666      0.027824929204197272     0.021759506452669608     0.016921338655731324     0.01308734538835052      0.010068364514792977     0.007705751827850728     0.005867820962459388     0.004446315452060461     0.0033530489198242653    0.0025168023324179103    0.0018805292572255591    0.0013988907136621173    0.0010361196061846691    7.641997442421895E-4     5.613348891479957E-4     4.1067795193552365E-4    2.9928833953246376E-4    2.1728559551700938E-4    1.571691536049971E-4     1.1327662208261028E-4    8.135609503176827E-5     5.8231215334746574E-5    4.1540871811731834E-5    2.953835650690389E-5     2.0937457964628926E-5    1.4795287158967467E-5    1.0423620498430762E-5    7.322215143948419E-6     5.1289337622972175E-6    3.582642664119152E-6     2.4957546015676453E-6    1.7340098300179579E-6    1.2016581804203424E-6    8.306491043031356E-7     5.727803467422565E-7     3.9401967254673076E-7    2.704149765700883E-7     1.8516005080398953E-7    1.2649742621971175E-7    8.622491620708883E-8     5.863571097267697E-8     3.976850333159295E-8     2.6878311762780642E-8    1.8063559457439277E-8    1.200293778606015E-8     7.768380284872163E-9     4.689357019124144E-9     2.2495215152838257E-9    0
% Data
% c (mol/m^3) @ t=1000, u1=0.05, u2=0.03, u3=0.01
1                         0.9999978186744864       0.9999941852937227       0.9999883883901826       0.9999794080106635       0.9999657855381054       0.9999454350896353       0.9999153667995752       0.9998712752771869       0.9998069190544076       0.999713172333141        0.9995765580876381       0.9993769541170185       0.9990839725481471       0.9986512022791956       0.9980069975877108       0.9970396719378135       0.9955736141374855       0.9933306589412155       0.98986748540871         0.9844740184429439       0.9770184289347593       0.9679253812154144       0.9570338110800849       0.944197297226482        0.9292895097454135       0.912209215502028        0.8928844287208502       0.8712752251229523       0.8473746490335117       0.8212070178621499       0.7928227413306933       0.7622884861412255       0.729671077255016        0.6950128607620589       0.6582952591583912       0.6193857897551321       0.5779617039844778       0.5334003871485125       0.48462239483417024      0.4298670372435862       0.37379833858482037      0.3227868288160605       0.27683498071043017      0.23583319808789252      0.19958148734273806      0.16781073636289454      0.14020271496748954      0.11640815014621533      0.09606245846660699      0.07879892387626637      0.06425928320561583      0.05210181966136598      0.04200716579173344      0.03368208391002767      0.026861527848882242     0.0213093003990522       0.016817611533748573     0.013205819102715961     0.01031860117611628      0.008023771962209244     0.006209914691870449     0.0047839676610103915    0.0036688655388016746    0.0028013081673240194    0.002129703900999391     0.0016123141239206566    0.0012156096875527334    9.128381760990006E-4     6.827925684240432E-4     5.087664221336182E-4     3.7767756905314584E-4    2.7934094125576863E-4    2.0587106947582464E-4    1.5119561340235326E-4    1.1066267434891108E-4    8.0726354784215E-5       5.869687902038353E-5     4.254344143785224E-5     3.073971315446317E-5     2.214355956315648E-5     1.5903970209630328E-5    1.1389468463006328E-5    8.133353770215896E-6     5.792044800429081E-6     4.113553189170087E-6     2.9137429096002375E-6    2.058538075867397E-6     1.450650094900095E-6     1.0197200082349056E-6    7.150283058929378E-7     5.00125229347069E-7      3.488904828920665E-7     2.426514213607281E-7     1.6808062791532824E-7    1.1566334475423128E-7    7.857721125985674E-8     5.186482382578282E-8     3.180638364631619E-8     1.5416822105819682E-8    0
% Data
% c (mol/m^3) @ t=1100, u1=0.05, u2=0.03, u3=0.01
1                         0.999999204438657        0.9999978693782947       0.9999957119265106       0.9999923114273748       0.9999870418153727       0.9999789688149595       0.9999666923752742       0.9999481031479022       0.9999200031533201       0.9998775106337494       0.9998131202888021       0.9997152109640072       0.9995656643951534       0.9993360498029359       0.9989814894160005       0.998430766845047        0.997570338853718        0.9962184412202799       0.9940830808974298       0.990693790219056        0.985933670917338        0.980034352897048        0.9728504720476253       0.964237757586139        0.9540565222710914       0.9421751259818962       0.9284730942981054       0.9128434684909817       0.8951938285221243       0.8754452517141927       0.8535282249021519       0.829374185278741        0.802900879505456        0.773989038592273        0.7424468801119958       0.7079575500802724       0.6700026423703721       0.6277521653754397       0.5799074699601424       0.5244783150692814       0.46615201260941586      0.4116420522701494       0.36119842896556864      0.3149555576290826       0.27294471571900447      0.23510826758714357      0.20131477329464798      0.17137419423098718      0.1450525427197314       0.12208546934645269      0.10219042845306603      0.08507719986298967      0.07045666674358826      0.05804785141038797      0.0475832909476197       0.03881289278285561      0.03150644828959979      0.025455002580842434     0.020471283953360484     0.016389390211502056     0.01306391452781677      0.010368673491052438     0.008195177043295174     0.006450956137453268     0.005057840691212759     0.0039502588580330785    0.00307360946483902      0.0023827430338826446    0.0018405732076663512    0.001416829535546629     0.0010869542350078224    8.311394095976124E-4     6.334969542106395E-4     4.813506679540771E-4     3.6463860415033623E-4    2.7541312651653923E-4    2.0742625939531542E-4    1.557885085828717E-4     1.1669021866565215E-4    8.717559089985469E-5     6.49606133711184E-5      4.828728103278273E-5     3.580755853272892E-5     2.649153277322683E-5     1.9555097932307264E-5    1.4403306371971073E-5    1.0586204776736434E-5    7.764561068206634E-6     5.683382090976969E-6     4.151534236941375E-6     3.026119048092183E-6     2.20053319389512E-6      1.5953661724162008E-6    1.1514677780956956E-6    8.246577920943385E-7     5.816581596478049E-7     3.969073656491769E-7     2.4997043909478247E-7    1.2328675789812442E-7    0
% Data
% c (mol/m^3) @ t=1200, u1=0.05, u2=0.03, u3=0.01
1                         0.9999997292565606       0.9999992682646724       0.9999985050368678       0.9999972636992909       0.9999952678105953       0.9999920822484891       0.999987020903192        0.9999789996889774       0.9999663019070145       0.9999462028088314       0.9999143675051105       0.9998638832885358       0.9997837011774515       0.9996561211024646       0.9994527264137871       0.9991278002503416       0.9986076470062313       0.9977732462204847       0.9964320369290613       0.9942719627475185       0.9912005465422193       0.9873455640752343       0.9825885353657802       0.9768055876547741       0.9698691204752492       0.9616494912830735       0.9520164778880716       0.9408401649267701       0.9279907574247526       0.9133366315187642       0.8967396710499126       0.8780465810965112       0.8570743763444417       0.8335875589103589       0.8072635516283119       0.7776416360312152       0.7440488194500924       0.7054935334005724       0.6605145898155241       0.6069680473565012       0.5492925031693635       0.49413461375944606      0.4418964338613783       0.3928813190865865       0.3472976800556625       0.3052654247482513       0.26682444913136044      0.23194453625254316      0.20053605846946942      0.17246093851135025      0.1475434043804632       0.12558016271952352      0.1063497080159671       0.08962057488706014      0.07515842306607302      0.06273191638991985      0.05211741622297195      0.0431025556769825       0.03548879400840254      0.029093071723895234     0.023748697722202557     0.01930560203497008      0.01563008327539655      0.012604170577481984     0.01012470726386836      0.008102249143300723     0.006459855376978835     0.005131835169397997     0.004062499786264649     0.003204957009280368     0.002519974346237295     0.0019749282152482124    0.0015428488900677507    0.0012015651246407167    9.329479127780907E-4     7.222495987636553E-4     5.575323427984703E-4     4.2917857164770276E-4    3.2947533315462013E-4    2.5226426590894746E-4    1.9264905656792879E-4    1.4675267384077817E-4    1.11517248268925E-4      8.454013874214204E-5     6.394043564928797E-5     4.825085691539053E-5     3.633066933667194E-5     2.729589571896186E-5     2.0463637985485232E-5    1.5307852865258513E-5    1.142435918174503E-5     8.503235924005228E-6     6.307091495546717E-6     4.653950685211848E-6     3.403720682656096E-6     2.4473636512701887E-6    1.6980221160307958E-6    1.0834133842005382E-6    5.388255050058308E-7     0
% Data
% c (mol/m^3) @ t=0, u1=0.05, u2=0.03, u3=0.03
1                         -5.6727329698675144E-8   3.4412341060481226E-15   4.799069503582021E-20    8.009901849351893E-26    1.0236269825679845E-31   1.1689697273466336E-37   1.2541942007528186E-43   1.2931961592123401E-49   1.2971711273413468E-55   1.2750964098618375E-61   1.234131299349709E-67    1.1799489050912687E-73   1.1170108771030506E-79   1.0487944867291806E-85   9.779799986134254E-92    9.066049837963995E-98    8.361911425132654E-104   7.678482961521758E-110   7.023594438389425E-116   6.381445402171738E-122   5.182914000069758E-128   4.1979108576162044E-134  3.3916654946072044E-140  2.7340946285930443E-146  2.199488092297684E-152   1.766090660554819E-158   1.415644425336606E-164   1.132932097349907E-170   9.053451003910633E-177   7.224892778036415E-183   5.75833807038197E-189    4.5840434299378274E-195  3.6451864677876125E-201  2.895614119746114E-207   2.29794260227071E-213    1.821966533788326E-219   1.4433356208991965E-225  1.142460066506551E-231   9.036095521867556E-238   7.141747015691363E-244   5.640639834628609E-250   4.45212848863772E-256    3.511853994901854E-262   2.768520064729649E-268   2.181290265357999E-274   1.7176911454458814E-280  1.351926346128264E-286   1.0635236266641965E-292  8.362508919043972E-299   6.572490872575629E-305   5.163395708816E-311      4.0563995E-317           3.5E-323                 0                        0                        0                        0                        0                        0                        0                        0                        0                        0                        0                        0                        0                        0                        0                        0                        0                        0                        0                        0                        0                        0                        0                        0                        0                        0                        0                        0                        0                        0                        0                        0                        0                        0                        0                        0                        0                        0                        0                        0                        0                        0                        0                        0                        0                        0                        0
% Data
% c (mol/m^3) @ t=100, u1=0.05, u2=0.03, u3=0.03
1                         0.9656881255471026       0.9132847261683882       0.8415363061625011       0.7517145725441979       0.6479125517674044       0.5366497837768532       0.42576129171629196      0.3228360707553623       0.23371191781852219      0.16154938329657026      0.10674402915454363      0.06755197417628939      0.041046892047456776     0.024016627418011624     0.013571952003447203     0.007429891232850955     0.003951676684177465     0.002046627470379645     0.0010310758412931127    4.923756164761329E-4     2.1913833267250192E-4    9.582824360771917E-5     4.125428861568042E-5     1.7514612107082064E-5    7.344461163874928E-6     3.0460999401043385E-6    1.2510713773884705E-6    5.093798863614104E-7     2.0579594353909558E-7    8.257186560711573E-8     3.292678956576859E-8     1.305786230404388E-8     5.1528758455306844E-9    2.024425238038036E-9     7.92175698016306E-10     3.088724004036056E-10    1.2003954478528637E-10   4.651460260106878E-11    1.7975898709240596E-11   6.9299687775015625E-12   2.6656464430252495E-12   1.0232584731551416E-12   3.920591841627694E-13    1.499565688245838E-13    5.726433072408104E-14    2.1835290655105384E-14   8.314495001341682E-15    3.1619595211979065E-15   1.2010404752358706E-15   4.556944191747196E-16    1.7271704011024325E-16   6.539883011807239E-17    2.474021857282306E-17    9.351022481980397E-18    3.531490105277643E-18    1.3326612696423304E-18   5.025305349508306E-19    1.893662762708569E-19    7.131086006867673E-20    2.6837111610214644E-20   1.0093833025973006E-20   3.794276344933499E-21    1.4254950194192346E-21   5.3527503692744835E-22   2.0089667515396877E-22   7.53637105532861E-23     2.825883571178572E-23    1.059148579578801E-23    3.9680561744298416E-24   1.486018605346829E-24    5.562922179642724E-25    2.0817109492803543E-25   7.787223057535499E-26    2.91202606844427E-26     1.088588537706813E-26    4.068115017213837E-27    1.5198072147333172E-27   5.676154255186607E-28    2.1193107923272966E-28   7.910683885676994E-29    2.951999472526912E-29    1.1012987352922862E-29   4.1075627078864945E-30   1.5316406056199285E-30   5.70987238814854E-31     2.1281189616251567E-31   7.92991144827455E-32     2.954245275619144E-32    1.1003560943171369E-32   4.0976140287515645E-33   1.5256061289481672E-33   5.678972535332729E-34    2.113563701236816E-34    7.864680166260552E-35    2.9259454106628835E-35   1.0882879665952845E-35   4.044069801105341E-36    1.4908408045019327E-36   5.049764344024079E-37    0
% Data
% c (mol/m^3) @ t=200, u1=0.05, u2=0.03, u3=0.03
1                         0.9920263987423388       0.9793573937003806       0.9607424403685467       0.9349945466785304       0.901140349172497        0.8585814555903887       0.8072420672371451       0.7476739818267936       0.6810920305158651       0.6093219764378823       0.5346581812864964       0.45964696370471136      0.3868286960627247       0.31848192430218625      0.25641211245355633      0.20181494120118756      0.15522143709744585      0.11650243566347762      0.08487216143998404      0.05877408729719897      0.03854672363345064      0.02472212136965058      0.015521536995996846     0.009549562179887188     0.005763299309656441     0.0034152597290391714    0.0019890748247061987    0.0011395823546980315    6.428081024233168E-4     3.572833690596973E-4     1.9582847774579797E-4    1.0592231829229591E-4    5.6577848946250785E-5    2.986302983720082E-5     1.5585262743297894E-5    8.047029051448434E-6     4.112741611537987E-6     2.0817121371325134E-6    1.0440201847766869E-6    5.190259852873006E-7     2.5588365410803117E-7    1.2515248487814594E-7    6.074910510756845E-8     2.9274815565802117E-8    1.4010182259575395E-8    6.66073045395182E-9      3.1466883846549186E-9    1.4776021606310932E-9    6.898339084388339E-10    3.20272632996013E-10     1.4790489269686785E-10   6.795576780842699E-11    3.1069889170439205E-11   1.4138600195949567E-11   6.404801960016733E-12    2.8887678491340796E-12   1.2974731048347864E-12   5.804039273235008E-13    2.586262523863029E-13    1.1481165094716225E-13   5.078414997842415E-14    2.238485178871797E-14    9.833686087561198E-15    4.305903614391245E-15    1.8795138064219795E-15   8.179093560370815E-16    3.5488395847499243E-16   1.5354307218687225E-16   6.624849532579868E-17    2.8507640012547295E-17   1.2235503133792236E-17   5.2383199497936175E-18   2.2371992080792804E-18   9.532156608926064E-19    4.0521140840690103E-19   1.7187194720473485E-19   7.274260301485174E-20    3.0722724772819686E-20   1.2949206400589109E-20   5.447077732261216E-21    2.286885887051146E-21    9.58315493513051E-22     4.0084580482034156E-22   1.6736779401706744E-22   6.976093137463768E-23    2.9028048648430244E-23   1.2058887969777053E-23   5.001479559766776E-24    2.071137259217952E-24    8.5635752580943E-25      3.535520237117718E-25    1.4575352042991353E-25   6.000220664570378E-26    2.4666728540188057E-26   1.0126500334924168E-26   4.151140019499595E-27    1.6973218031861596E-27   6.856512257499518E-28    2.506112018957125E-28    0
% Data
% c (mol/m^3) @ t=300, u1=0.05, u2=0.03, u3=0.03
1                         0.9976598190301802       0.9938809674766135       0.9881691039081862       0.9799540132804331       0.9686079064365594       0.9534756885114449       0.9339174020271539       0.909361262085866        0.8793635496812376       0.8436694174407758       0.8022668037957906       0.7554245731032938       0.7037059667788089       0.6479493249680243       0.5892089670025445       0.5286481572601158       0.4673696878831191       0.4061518422657577       0.3450186228953883       0.2824970677163114       0.2229878258591148       0.17297868455360677      0.1319367054995078       0.09900026022080573      0.07312306193446377      0.053195946835887166     0.038139314209823        0.026965175498980774     0.018811983011490938     0.012957718088019198     0.00881742296196449      0.005930947335774606     0.003945646284480632     0.002597514425229699     0.001693045565926077     0.0010931155058080092    6.994499576454757E-4     4.4374905683130595E-4    2.7925187336814934E-4    1.7438577792777053E-4    1.0810650574958843E-4    6.655476836531675E-5     4.070478633035952E-5     2.47397348391322E-5      1.4947357510255842E-5    8.980133484872614E-6     5.366266930171909E-6     3.1904230667510616E-6    1.8876429784298078E-6    1.1117061944580675E-6    6.518626202832352E-7     3.806360352024733E-7     2.213799417511192E-7     1.282694190444077E-7     7.405286529640282E-8     4.260568758186979E-8     2.4432578398842873E-8    1.39672933857544E-8      7.960824803500512E-9     4.524441418730659E-9     2.564413249797076E-9     1.449703673800223E-9     8.175002068800828E-10    4.5989688527301284E-10   2.5813155018774016E-10   1.44567756023423E-10     8.079621374682913E-11    4.506477464675033E-11    2.5086811528143753E-11   1.3939570688165168E-11   7.731804421723679E-12    4.281244963029825E-12    2.3667137829513167E-12   1.3062764105804867E-12   7.198864240990017E-13    3.961475962616257E-13    2.1768955130020246E-13   1.1946148097886974E-13   6.547102085900343E-14    3.583615288525269E-14    1.9591328304198853E-14   1.0697810439445124E-14   5.834879008775712E-15    3.1790061989465357E-15   1.7301721544755318E-15   9.406776528091504E-16    5.109287751023746E-16    2.772437363274807E-16    1.502997208030663E-16    8.140709599372387E-17    4.4054062637397215E-17   2.3819914375476467E-17   1.2868644798489431E-17   6.946381489893187E-18    3.745849782997614E-18    2.0162188129636224E-18   1.0785891446793497E-18   5.611207938436442E-19    2.5065945132042793E-19   0
% Data
% c (mol/m^3) @ t=400, u1=0.05, u2=0.03, u3=0.03
1                         0.9992133859776868       0.9979333225049488       0.9959721463654256       0.9930985216687719       0.9890354540516085       0.9834611053216618       0.9760132698651065       0.9662982246662701       0.9539043339948964       0.938420229744561        0.9194565423166462       0.8966689396537996       0.8697784859172382       0.8385827413798431       0.8029469685415844       0.7627581033813334       0.7178126439569085       0.6675895351554749       0.6108240924991162       0.5447383965953984       0.47378829312123716      0.40649893479860977      0.3440604012340809       0.28731375318404684      0.23675140298258585      0.1925439469986324       0.1545863074129541       0.12255526737624671      0.09597088755270314      0.07425554793053715      0.05678608541897621      0.042936334537243756     0.032109044455018096     0.023757465805752595     0.017397804094788603     0.012614235298441101     0.009058339498098738     0.006444721460001151     0.004544346648262945     0.003176808349752904     0.002202417637902338     0.001514712886187268     0.001033740885657001     7.002744523982906E-4     4.7099928234406365E-4    3.146178721963044E-4     2.0877052711616844E-4    1.3765272830488454E-4    9.020555058279322E-5     5.876426876580116E-5     3.806447607082902E-5     2.4521312921131025E-5    1.5713467631379688E-5    1.0018166700734833E-5    6.355830374583513E-6     4.013291411697436E-6     2.52259025426664E-6      1.5786305022440875E-6    9.837147089696914E-7     6.104878281002008E-7     3.773684146834594E-7     2.3237728855412252E-7    1.4256660285549409E-7    8.715492065979693E-8     5.3096724272044795E-8    3.2239981881070265E-8    1.9512843061812812E-8    1.177309078159093E-8     7.081874058802551E-9     4.247520220449634E-9     2.540342809451011E-9     1.5151556295655953E-9    9.0129523112786E-10      5.347578815744229E-10    3.164911473507202E-10    1.868584739250624E-10    1.100632171179533E-10    6.468146800794421E-11    3.792754253730637E-11    2.219190077680864E-11    1.2957642195826811E-11   7.550485017273025E-12    4.391024187621416E-12    2.5487234722963707E-12   1.4766189126575383E-12   8.539353920841052E-13    4.929623238784766E-13    2.840894076853411E-13    1.6344388241606398E-13   9.388010520247952E-14    5.3837857254540235E-14   3.082673837592488E-14    1.7623978131171815E-14   1.0060192515262554E-14   5.732327138186718E-15    3.2565987911259395E-15   1.834696361009958E-15    9.998554078958227E-16    4.62287805416695E-16     0
% Data
% c (mol/m^3) @ t=500, u1=0.05, u2=0.03, u3=0.03
1                         0.9997158679352192       0.9992513089769521       0.9985336852354665       0.9974702448020398       0.9959451129025112       0.9938165955207592       0.9909150623406267       0.9870416732774632       0.9819681431442628       0.9754375539941806       0.9671658485028857       0.9568429484932056       0.9441312411876497       0.9286571326576211       0.9099879354041858       0.8875806233420477       0.860679440291206        0.8281234922962085       0.787999199100971        0.7370291608034901       0.6778142468484843       0.6170248927308042       0.5558771545380404       0.4955415182631781       0.4370875038264837       0.3814392254423514       0.32934436835292613      0.28135754534314156      0.2378375642702686       0.19895693867646008      0.1647211215480362       0.13499448680529552      0.10953001132173887      0.08799986006211946      0.07002455575082112      0.055199019436231        0.04311440344859323      0.033375226609683686     0.025611811211383333     0.019488385863168815     0.014707453514171274     0.011011141802691153     0.008180275319550725     0.0060318624409618805    0.00441559871534755      0.003209876590196428     0.002317674818085555     0.001662592174422661     0.0011851963000732801    8.397827498588227E-4     5.915819913980309E-4     4.144115890522039E-4     2.887445348862671E-4     2.0014969119438496E-4    1.3805369673232167E-4    9.477290422279167E-5     6.47668592199171E-5      4.406988091084335E-5     2.9863290745059598E-5    2.0156960317309463E-5    1.3554621164906054E-5    9.08252533841116E-6      6.065453048185642E-6     4.037721498650811E-6     2.6798078666307724E-6    1.7735418047189474E-6    1.1706432182214757E-6    7.707729510581106E-7     5.063130547941426E-7     3.318737992289981E-7     2.1709850690573303E-7    1.4175484749425242E-7    9.240206016687199E-8     6.013836848645488E-8     3.9084948048943965E-8    2.536967777554559E-8     1.6448462851159905E-8    1.065358560413611E-8     6.894125121768067E-9     4.4578521780497385E-9    2.880600026126799E-9     1.8603557776649525E-9    1.2009003761274831E-9    7.749170464551139E-10    4.998931128976611E-10    3.224083831563731E-10    2.0790901857155213E-10   1.3406203680031918E-10   8.644271852310756E-11    5.573941972885678E-11    3.594385661929235E-11    2.3180517470670443E-11   1.4950044270295295E-11   9.640383128902935E-12    6.210799724379238E-12    3.987015605384463E-12    2.5268740878266528E-12   1.52886655205026E-12     7.624973355972638E-13    0
% Data
% c (mol/m^3) @ t=600, u1=0.05, u2=0.03, u3=0.03
1                         0.9998994468005485       0.9997343143590139       0.9994772698955234       0.9990923637254222       0.9985331062385269       0.9977403246023699       0.9966398097801444       0.9951397453703007       0.9931278525845497       0.9904680575673362       0.9869962335341829       0.9825141008388589       0.9767795359508468       0.9694901060631727       0.9602542211504971       0.9485402501320738       0.9335872629752338       0.9142500869881546       0.8887334372828062       0.8541406916726855       0.8116069834469973       0.765421386043552        0.7162557458710953       0.664878827003478        0.6121208616775307       0.5588355878381936       0.5058625346106229       0.45399215746065585      0.40393602254394134      0.35630365576920364      0.3115869861434839       0.2701526100868428       0.23224146142049223      0.1979749512494363       0.16736628040104834      0.14033543716913122      0.11672636533130745      0.09632489529594429      0.07887623810928118      0.06410110777001286      0.051709823993031374     0.0414140237317334       0.032935852486868346     0.0260147018830684       0.020411702682546874     0.01591227352422197      0.012327071125488382     0.009491696087481807     0.007265489440967131     0.005529718005197246     0.004185399696874952     0.003150969696422702     0.0023599396817059757    0.0017586583532487841    0.0013042439679105701    9.627292320088512E-4     7.074355475715081E-4     5.175766121050613E-4     3.7707981885720036E-4    2.7360676427246836E-4    1.9775043570181185E-4    1.42385415680729E-4      1.021479259322743E-4     7.302412070216103E-5     5.202724543495075E-5     3.694675222842467E-5     2.61549651307399E-5      1.8459259605275462E-5    1.2989870479142093E-5    9.11532816740597E-6      6.379133474649707E-6     4.452627482952357E-6     3.1001179536477667E-6    2.15321637701644E-6      1.4920511653865779E-6    1.0315824272543222E-6    7.11679684460987E-7      4.899598990298185E-7     3.366398167097109E-7     2.308510252046459E-7     1.5801223485535936E-7    1.0796232840490092E-7    7.363856150835012E-8     5.014385196891559E-8     3.409072113025379E-8     2.3141233677558125E-8    1.56853191977736E-8      1.0616476711140403E-8    7.175796453177053E-9     4.843765435644583E-9     3.2653990283286265E-9    2.1985501053380844E-9    1.4782914015950322E-9    9.92407009474456E-10     6.645231568345191E-10    4.424362498487003E-10    2.89875383549382E-10     1.8032874743967438E-10   9.166578921344947E-11    0
% Data
% c (mol/m^3) @ t=700, u1=0.05, u2=0.03, u3=0.03
1                         0.9999630053319524       0.9999020417194291       0.9998065773791202       0.9996624514267463       0.9994508730007768       0.9991471958675818       0.9987194123868864       0.9981262776999932       0.9973149136203505       0.9962176303287168       0.9947475065257839       0.9927919256635169       0.9902026798751574       0.9867802657440868       0.9822483500247249       0.9762116628608264       0.9680861085901376       0.9569825837721045       0.9415141042254392       0.9194765329520225       0.8912056205001759       0.8591922005011284       0.8236371873126787       0.7848492112229258       0.7432355797900018       0.6992881196809257       0.6535647572821633       0.6066680047412608       0.559221722715293        0.5118476139269442       0.46514285867375305      0.4196601448004688       0.3758910925891194       0.3342537604425789       0.29508457519709946      0.25863469597605204      0.22507052268634384      0.19447782197601982      0.16686877795825966      0.14219118616802326      0.12033899267916388      0.10116342533689363      0.0844840559050275       0.07009925420126678      0.057795632043714504     0.04735621211101708      0.03856718366919687      0.031223215983826293     0.025131386895221902     0.02011384718763462      0.01600938203633448      0.012674051584331556     0.009981097138212902     0.007820291497191167     0.0060968953714246685    0.004730360139468841     0.003652893199043241     0.002807978091519451     0.002148919002853633     0.0016374591639289806    0.0012425056163356163    9.389789303125944E-4     7.067956489473377E-4     5.299832028905817E-4     3.959214127169032E-4     2.9470105448635724E-4    2.1858789612488714E-4    1.6157973886996697E-4    1.1904398865025828E-4    8.742386137056101E-5     6.400227334119975E-5     4.6713614394414994E-5    3.399482226749065E-5     2.466838577659324E-5     1.7851044391856218E-5    1.2882989469735164E-5    9.273291181208615E-6     6.658070809045357E-6     4.7686144006197944E-6    3.4071895893773197E-6    2.4287942799234332E-6    1.7274464427135593E-6    1.2259310660418756E-6    8.681652182029796E-7     6.135359102265987E-7     4.3271744378025103E-7    3.0459326382729304E-7    2.1399881213211672E-7    1.5007212330504906E-7    1.0505251040423248E-7    7.34083489530609E-8      5.1205627013259837E-8    3.5651892054721544E-8    2.4767269671796252E-8    1.714667536595631E-8     1.1786086451922028E-8    7.9512292339392E-9       5.0691051570635965E-9    2.620292211462861E-9     0
% Data
% c (mol/m^3) @ t=800, u1=0.05, u2=0.03, u3=0.03
1                         0.9999857449234524       0.9999621863873459       0.999925110083934        0.9998687447714741       0.9997852636047728       0.9996641328003008       0.9994912509327187       0.9992477910310995       0.9989086053412082       0.9984399646679453       0.9977962567184716       0.9969150216410915       0.9957092940018433       0.9940555446045901       0.991774403712396        0.9885995251324113       0.984126973970479        0.9777326699721306       0.968437527429458        0.9546871123915596       0.9364782904880931       0.9152001352990039       0.890802071349087        0.8633063284358502       0.8328117202734165       0.7994941664930865       0.763603802502569        0.7254587394014758       0.6854357545164933       0.6439583931977215       0.6014831268582851       0.5584843268578833       0.5154388697502845       0.47281118357659285      0.43103948031153255      0.3905238047675783       0.3516163779967271       0.31461453885867163      0.2797564070521688       0.24721921962667828      0.2171201434302832       0.18951924727005712      0.1644242349891166       0.14179649552874804      0.12155801623626782      0.10359872641621602      0.08778388285951703      0.07396117044837772      0.06196726155810153      0.05163365117061405      0.042791654823542344     0.035276519571027        0.028930651296116324     0.023606003604576334     0.019165703910903227     0.015485011858583449     0.012451715180122535     0.009966070144728733     0.007940389651936714     0.006298373564296135     0.004974264630359828     0.00391190069467737      0.0030637209174394393    0.002389771250940527     0.0018567430052651747    0.001437068321201349     0.0011080879122248473    8.512995579199586E-4     6.51690447333378E-4      4.971524369671635E-4     3.779764233088196E-4     2.86420139758747E-4      2.1634258152863133E-4    1.6289776265226373E-4    1.222804603738844E-4     9.151687116418094E-5     6.829358083742215E-5     5.0818852891279154E-5    3.771089893896943E-5     2.7908465255302984E-5    2.0599716927259858E-5    1.5166004490424229E-5    1.1137644885548993E-5    8.15933345483278E-6      5.963225687467978E-6     4.348088937963795E-6     3.163229831042262E-6     2.2961581026245945E-6    1.6631582252316184E-6    1.2021123243089874E-6    8.670572638164526E-7     6.240704573996535E-7     4.481673058017329E-7     3.2096161381079726E-7    2.2889112733458282E-7    1.6184389179341836E-7    1.1203497018629323E-7    7.296944463031252E-8     3.826904864492245E-8     0
% Data
% c (mol/m^3) @ t=900, u1=0.05, u2=0.03, u3=0.03
1                         0.9999942502004849       0.9999847198816479       0.9999696437951892       0.9999465599641418       0.9999120562164759       0.9998614214893514       0.9997881591973762       0.999683296053478        0.9995343807155572       0.9993240027375441       0.9990275575410091       0.9986098113887042       0.9980195390988761       0.9971810472798153       0.9959806446881165       0.9942448961539122       0.9917055005100113       0.9879423838950179       0.982291314152387        0.9736937461479578       0.9620374075738712       0.9480930644150752       0.9317168924421391       0.9128032095251805       0.8912911847312636       0.867170257939846        0.8404839177081044       0.8113315595673718       0.7798682441635922       0.7463022883102564       0.7108907440069658       0.6739329416755713       0.6357623850031465       0.5967373773253811       0.5572308264879868       0.5176197118962647       0.4782747019909505       0.43955038345991976      0.401776508517475        0.3652505891280273       0.3302320741992243       0.2969382453395465       0.2655418665403875       0.23617053012508143      0.20890756122286508      0.1837942799228932       0.16083337637358322      0.1399931298785751       0.12121219740879047      0.10440470757822845      0.08946541985830112      0.07627474203293882      0.06470343795693216      0.05461689914329018      0.0458788946057995       0.03835475135843036      0.03191395132495717      0.02643215809505311      0.021792708523914243     0.017887619653161935     0.014618171254314733     0.011895129148720606     0.009638675178981287     0.007778107194515627     0.006251367548842201     0.005004452197131126     0.003990745230713073     0.003170316165778854     0.0025092099614124857    0.0019787528980733855    0.001554891311165342     0.0012175748607623092    9.501915678283418E-4     7.390582423025091E-4     5.729671120879472E-4     4.427873517391347E-4     3.41118709526825E-4      2.619934415368869E-4     2.0062218422011913E-4    1.531791423867949E-4     1.1662195817561083E-4    8.854178959927793E-5     6.703940812870471E-5     5.062347782846914E-5     3.812756834880493E-5     2.864285403383149E-5     2.1463842425169717E-5    1.604484452561388E-5     1.196523812288848E-5     8.901879601986637E-6     6.607286748688733E-6     4.892444074437939E-6     3.6132721177459008E-6    2.659950085827758E-6     1.9483794716322483E-6    1.4131075965681485E-6    1.0009581888474613E-6    6.643688089514216E-7     3.528712524751022E-7     0
% Data
% c (mol/m^3) @ t=1000, u1=0.05, u2=0.03, u3=0.03
1                         0.9999975680027203       0.999993523011536        0.9999870855751214       0.9999771465285554       0.9999621323369232       0.9999398117675391       0.9999070144561354       0.9998592150142481       0.9997899089426528       0.9996896621604932       0.9995446436562302       0.9993343330583884       0.9990279032232037       0.9985784657074045       0.9979138585001515       0.9969218273600559       0.9954261038747437       0.9931476881649455       0.9896420696577587       0.9841972978902722       0.9766862884318209       0.9675428017393766       0.956610077313014        0.9437467439929726       0.9288324907593193       0.9117735312026468       0.8925076024879568       0.8710082426784924       0.8472881090216761       0.8214011340896549       0.7934433651579934       0.7635523923569212       0.7319053393625652       0.6987154623550643       0.6642274738703123       0.6287117731980422       0.5924578197047832       0.5557669262328296       0.518944773978422        0.4822939567088021       0.44610685093500724      0.4106590811300432       0.3762038078279924       0.3429670148853758       0.31114391428956173      0.28089652678636123      0.2523524382159054       0.22560467825694594      0.20071262304059734      0.17770378771229123      0.15657635050461272      0.13730223637991787      0.11983058519699485      0.10409143543082888      0.08999946808281571      0.0774576746751267       0.06636083617771524      0.05659872450602335      0.04805896319067392      0.04062950757789048      0.03420072641569929      0.02866708519425019      0.023928446732981546     0.0198910161158445       0.016467965270672576     0.013579777546325736     0.01115435495646564      0.009126930794394486     0.007439828565721889     0.006042105109679807     0.004889111823217236     0.003942003447501947     0.003167219243095641     0.002535956819970355     0.002023654589092512     0.001609494891838514     0.0012759364191218421    0.0010082815886105247    7.942821074154508E-4     6.23783986213209E-4      4.88411749211208E-4      3.812904527410907E-4     2.968033287961535E-4     2.303823529924272E-4     1.7832874596339688E-4    1.3766030405481277E-4    1.0598247567461636E-4    8.138021581593206E-5     6.232783063854811E-5     4.761423870788254E-5     3.628130067245561E-5     2.757308016713186E-5     2.0894066503045973E-5    1.577447269498066E-5     1.1840652107930184E-5    8.788331873901725E-6     6.355518500068573E-6     4.290178632850719E-6     2.3043719442039306E-6    0
% Data
% c (mol/m^3) @ t=1100, u1=0.05, u2=0.03, u3=0.03
1                         0.9999989257296807       0.999997131339917        0.9999942545455058       0.9999897680629475       0.9999829047227781       0.9999725461123847       0.999957055047531        0.9999340205759902       0.999899865474958        0.9998492358354543       0.9997740430337666       0.9996619482828323       0.9994939496636065       0.9992405194886859       0.998855394587473        0.9982655597106616       0.9973550478449021       0.9959386874019257       0.9937194902161752       0.9902194001025773       0.9853280076161967       0.9792943315646698       0.9719801875220866       0.9632504147341905       0.952976705200189        0.9410416490150412       0.9273428574035836       0.9117970073648469       0.8943436411690266       0.874948551405395        0.853606588710921        0.8303437450031326       0.8052183896579955       0.7783215686308214       0.7497763154225292       0.7197359659332099       0.6883815141301765       0.6559180894005817       0.6225706767768857       0.5885792354481318       0.5541933970390504       0.5196669415558046       0.485252254840262        0.45119496674787335      0.41772895468391025      0.3850718738551172       0.3534213453912163       0.3229518984918139       0.29381272526423025      0.2661262692366692       0.239987632787385        0.21546475674283652      0.1925992985754412       0.17140811491717423      0.15188523996114753      0.134004243756248        0.11772085301798074      0.10297572117048485      0.08969724296149854      0.07780432108281687      0.06720900667037573      0.05781895127382862      0.04953962389804613      0.042276262195337        0.03593554116550654      0.030426955320554058     0.025663920888426315     0.021564613124238366     0.018052560165116117     0.015057019215180576     0.012513163371631764     0.010362108347335164     0.00855080798474418      0.007031846072773569     0.0057631498448651956    0.004707647902866808     0.003832892396377507     0.003110662274203698     0.0025165614598110374    0.0020296229965157853    0.0016319276379368143    0.0013082430731900466    0.0010456879982875735    8.334235793659725E-4     6.623734887183429E-4     5.249726089927623E-4     4.149436642774977E-4     3.2710041335088036E-4    2.5717558951435286E-4    2.016714465910224E-4     1.5773051525583796E-4    1.2302391216260133E-4    9.565416394027848E-5     7.406882725132129E-5     5.697989393963935E-5     4.3281519167941474E-5    3.195402141862425E-5     2.1933616947605103E-5    1.1911802466322133E-5    0
% Data
% c (mol/m^3) @ t=1200, u1=0.05, u2=0.03, u3=0.03
1                         0.9999995565444854       0.9999988105221383       0.9999975998502113       0.9999956807885931       0.9999926861589917       0.999988060983419        0.9999809625675419       0.9999701042484316       0.9999535093973402       0.9999281217979171       0.9998891852897002       0.9998292515548287       0.9997365870470253       0.9995926069562536       0.9993677308867309       0.9990146746013846       0.9984575715690802       0.9975743047235885       0.9961677733675188       0.9939191141051491       0.9907403889000765       0.9867732013512107       0.9819051803834646       0.9760208443958617       0.9690038884979345       0.9607398033418825       0.9511187691879298       0.9400387497366859       0.9274086928083433       0.9131517303713202       0.897208259899107        0.8795387835950695       0.8601263824632259       0.8389787089877474       0.8161293953963221       0.7916387937775023       0.7655939889237209       0.7381080535044142       0.709318546530365        0.6793852883111087       0.6484874763826521       0.6168202353702219       0.5845907177911472       0.5520138910252513       0.5193081571017637       0.4866909560461881       0.45437450025532794      0.42256177715362103      0.39144294108091604      0.3611921941634256       0.33196523125482635      0.3038972974531321       0.27710187975481543      0.25167002855141124      0.2276702811635556       0.20514913944256707      0.18413203735158096      0.16462472275711282      0.14661497050825797      0.13007454107690616      0.11496130017910366      0.10122141932963802      0.08879158452645915      0.07760114949609771      0.06757418043477069      0.05863135027576969      0.0506916516025791       0.043673907908565304     0.03749807258823742      0.03208631355524359      0.02736388854948694      0.023259821948037013     0.019707398242164945     0.016644490361726844     0.014013742842547887     0.011762630598682716     0.009843413952875016     0.008213009773222986     0.006832797234478876     0.005668375028007904     0.004689284926421456     0.00386871458721533      0.0031831904517004884    0.0026122696357272534    0.002138237869766977     0.0017458188592183257    0.001421898911760491     0.0011552693051907488    9.363876073946175E-4     7.571579332366557E-4     6.107287961255096E-4     4.913055524362168E-4     3.9397204506504553E-4    3.145122360717352E-4     2.492161732471728E-4     1.9464345921609032E-4    1.472978109856959E-4     1.0313189720391919E-4    5.674123080057397E-5     0
% Data
% c (mol/m^3) @ t=0, u1=0.05, u2=0.03, u3=0.05
1                         -5.6727329698675144E-8   3.4412341060481226E-15   4.799069503582021E-20    8.009901849351893E-26    1.0236269825679845E-31   1.1689697273466336E-37   1.2541942007528186E-43   1.2931961592123401E-49   1.2971711273413468E-55   1.2750964098618375E-61   1.234131299349709E-67    1.1799489050912687E-73   1.1170108771030506E-79   1.0487944867291806E-85   9.779799986134254E-92    9.066049837963995E-98    8.361911425132654E-104   7.678482961521758E-110   7.023594438389425E-116   6.381445402171738E-122   5.182914000069758E-128   4.1979108576162044E-134  3.3916654946072044E-140  2.7340946285930443E-146  2.199488092297684E-152   1.766090660554819E-158   1.415644425336606E-164   1.132932097349907E-170   9.053451003910633E-177   7.224892778036415E-183   5.75833807038197E-189    4.5840434299378274E-195  3.6451864677876125E-201  2.895614119746114E-207   2.29794260227071E-213    1.821966533788326E-219   1.4433356208991965E-225  1.142460066506551E-231   9.03609552186757E-238    7.165393834795413E-244   6.33232535995069E-250    5.592443803765616E-256   4.9359338574678453E-262  4.3539091063528335E-268  3.838343341255584E-274   3.3820030318190765E-280  2.9783819638245036E-286  2.621638742043355E-292   2.3065376234692026E-298  2.0283929613881866E-304  1.78301740048155E-310    1.56596923E-316          1.33E-322                0                        0                        0                        0                        0                        0                        0                        0                        0                        0                        0                        0                        0                        0                        0                        0                        0                        0                        0                        0                        0                        0                        0                        0                        0                        0                        0                        0                        0                        0                        0                        0                        0                        0                        0                        0                        0                        0                        0                        0                        0                        0                        0                        0                        0                        0                        0
% Data
% c (mol/m^3) @ t=100, u1=0.05, u2=0.03, u3=0.05
1                         0.9656881255471026       0.9132847261683882       0.8415363061625011       0.7517145725441979       0.6479125517674044       0.5366497837768532       0.42576129171629196      0.3228360707553623       0.23371191781852219      0.16154938329657026      0.10674402915454363      0.06755197417628939      0.041046892047456776     0.024016627418011624     0.013571952003447203     0.007429891232850955     0.003951676684177465     0.002046627470379645     0.0010310758412931127    4.923756164761329E-4     2.1913833267250192E-4    9.582824360771917E-5     4.125428861568042E-5     1.7514612107082064E-5    7.344461163874928E-6     3.0460999401043406E-6    1.2510713773884813E-6    5.09379886361453E-7      2.057959435392556E-7     8.25718656077134E-8      3.2926789567999314E-8    1.3057862312360592E-8    5.152875876502382E-9     2.0244253532367805E-9    7.921761259346582E-10    3.088739877133306E-10    1.200454237709078E-10    4.6536341120853934E-11   1.8056137622505384E-11   7.225566519150344E-12    3.0481066919802927E-12   1.283317081622849E-12    5.39325845358263E-13     2.262781279021881E-13    9.47899483512919E-14     3.9651449151735525E-14   1.6564438374867346E-14   6.9112203646188866E-15   2.8802411281806484E-15   1.1990337212353278E-15   4.986453703752827E-16    2.0717474275983043E-16   8.599850414361112E-17    3.5667809005964634E-17   1.4781344427679168E-17   6.1209985533036395E-18   2.532904603122575E-18    1.0474170790381875E-18   4.328521431727588E-19    1.7876905758285614E-19   7.378885254717781E-20    3.0440141582159814E-20   1.2550792498003855E-20   5.172190668734373E-21    2.1304259766471446E-21   8.771138096388037E-22    3.609536947340388E-22    1.4847762870928942E-22   6.105089146376133E-23    2.5092935995879096E-23   1.0309700511202978E-23   4.234303326274848E-24    1.7384616831030785E-24   7.135116926568943E-25    2.9274882041237296E-25   1.2007491726542287E-25   4.9235375809232384E-26   2.0182480038243876E-26   8.270816553895647E-27    3.3884640764833844E-27   1.3878479407999386E-27   5.68288757262094E-28     2.3264189494765227E-28   9.521422013457471E-29    3.8959548731391816E-29   1.593776000222056E-29    6.518457243027164E-30    2.6654424982840382E-30   1.0896911859665395E-30   4.45399509033921E-31     1.8201645472077572E-31   7.436841614603941E-32    3.037984874492261E-32    1.240805818749221E-32    5.066907260958094E-33    2.0686186422777103E-33   8.438297517483752E-34    3.416897810441417E-34    1.2753607041162936E-34   0
% Data
% c (mol/m^3) @ t=200, u1=0.05, u2=0.03, u3=0.05
1                         0.9920263987423388       0.9793573937003806       0.9607424403685467       0.9349945466785304       0.901140349172497        0.8585814555903887       0.8072420672371451       0.7476739818267936       0.6810920305158651       0.6093219764378823       0.5346581812864964       0.45964696370471136      0.3868286960627247       0.31848192430218625      0.25641211245355633      0.20181494120118756      0.15522143709744585      0.11650243566347762      0.08487216143998405      0.058774087297198976     0.03854672363345066      0.024722121369650636     0.015521536995997011     0.00954956217988772      0.005763299309658116     0.003415259729044427     0.0019890748247225983    0.0011395823547489688    6.428081025807811E-4     3.5728336954407206E-4    1.958284792281272E-4     1.0592232280437456E-4    5.657786260394882E-5     2.986307093716196E-5     1.5585385672841462E-5    8.047394396480372E-6     4.113820200807116E-6     2.0848742767225217E-6    1.053223320082876E-6     5.456068593166981E-7     2.931328368957599E-7     1.5631475318384457E-7    8.276151176272986E-8     4.351952784804229E-8     2.2734965922215976E-8    1.1802635008332233E-8    6.090484606672964E-9     3.124787410219949E-9     1.5943609575023656E-9    8.091830141535025E-10    4.0859410271183517E-10   2.053095622385832E-10    1.0267862197310891E-10   5.1119013178728714E-11   2.53390485551257E-11     1.2507590852679358E-11   6.148924363472467E-12    3.011133862551195E-12    1.4690162684105284E-12   7.140786732980923E-13    3.458939539312142E-13    1.6698185362028135E-13   8.034789293693198E-14    3.853947762764196E-14    1.84292776786631E-14     8.786682962428009E-15    4.1773110575429995E-15   1.9804465636369764E-15   9.364000106227219E-16    4.41598452032285E-16     2.0772839556150579E-16   9.747635117226143E-17    4.563197143857139E-17    2.1312576703301937E-17   9.931809764169841E-18    4.618216619826006E-18    2.1428922434288475E-18   9.922750725579862E-19    4.585578448028495E-19    2.1149986559695185E-19   9.736496216007133E-20    4.473977397904365E-20    2.0521276753339093E-20   9.396253212496951E-21    4.295010978895504E-21    1.9599809656175676E-21   8.929672574234903E-22    4.0619331353018683E-22   1.8448471472234163E-22   8.366323052187633E-23    3.7885338060251606E-23   1.7131095118714255E-23   7.73554754681019E-24     3.488208907941968E-24    1.5708244777370513E-24   7.063690236821356E-25    3.16882172598833E-25     1.4056623843626936E-25   5.66303482319698E-26     0
% Data
% c (mol/m^3) @ t=300, u1=0.05, u2=0.03, u3=0.05
1                         0.9976598190301802       0.9938809674766135       0.9881691039081862       0.9799540132804331       0.9686079064365594       0.9534756885114449       0.9339174020271539       0.909361262085866        0.8793635496812376       0.8436694174407758       0.8022668037957907       0.7554245731032938       0.703705966778809        0.6479493249680247       0.5892089670025457       0.528648157260119        0.46736968788312827      0.4061518422657847       0.34501862289546675      0.2824970677165389       0.22298782585972693      0.1729786845551551       0.13193670550336387      0.0990002602303536       0.0731230619580158       0.053195946893783715     0.03813931435164999      0.026965175845146575     0.018811983853182623     0.01295772012639163      0.008817427877698349     0.005930959138300627     0.003945674490729725     0.0025975815056370655    0.0016932042802641825    0.0010934890056826332    7.003239256396844E-4     4.457818874229973E-4     2.8395048745783255E-4    1.8517414684222E-4       1.2388893890283846E-4    8.237063056636594E-5     5.4440759021420715E-5    3.577724214644984E-5     2.3384830188159495E-5    1.520599613933982E-5     9.839033079653303E-6     6.336443309535124E-6     4.06245186672285E-6      2.5934018456436818E-6    1.6488276990650509E-6    1.0442039432706273E-6    6.588349717229454E-7     4.1421136035886246E-7    2.5953175182835766E-7    1.620868103305839E-7     1.0091500264559444E-7    6.264316361773738E-8     3.877550725086956E-8     2.3936477927076442E-8    1.4737788824517703E-8    9.051520009362315E-9     5.545914147679602E-9     3.390238309211685E-9     2.0679193462890025E-9    1.2586993353664787E-9    7.645963835555905E-10    4.635528395254895E-10    2.805150776962282E-10    1.6944730429556199E-10   1.0217968949599563E-10   6.151406747451358E-11    3.6973567603313854E-11   2.2189171917359965E-11   1.3296832137337188E-11   7.956754968508137E-12    4.75473950178143E-12     2.8375374788979778E-12   1.6912227506619159E-12   1.0067545439439463E-12   5.985884451935764E-13    3.554942065663653E-13    2.108885110756988E-13    1.2496991742108618E-13   7.397849224827357E-14    4.374893505753989E-14    2.5846721322805677E-14   1.5255721091722094E-14   8.996261900809954E-15    5.300364275018701E-15    3.1201484049948932E-15   1.8351919219052164E-15   1.0785319303772996E-15   6.333281028173406E-16    3.7155180140654867E-16   2.1762299481465814E-16   1.2678585186498055E-16   7.201704439526315E-17    3.5363370648939956E-17   0
% Data
% c (mol/m^3) @ t=400, u1=0.05, u2=0.03, u3=0.05
1                         0.9992133859776868       0.9979333225049489       0.9959721463654255       0.9930985216687717       0.9890354540516084       0.9834611053216619       0.9760132698651067       0.9662982246662704       0.9539043339948972       0.9384202297445629       0.9194565423166503       0.8966689396538109       0.8697784859172687       0.8385827413799268       0.8029469685418124       0.7627581033819524       0.7178126439585827       0.6675895351599903       0.6108240925112547       0.54473839662792         0.4737882932020276       0.40649893498660256      0.34406040166306145      0.2873137541548155       0.23675140516732612      0.1925439518914933       0.15458631831788505      0.12255529156019573      0.09597094091093925      0.07425566503214671      0.05678634099701476      0.04293688915183188      0.03211024083673088      0.023760030634281483     0.017403267356234375     0.012625794855297278     0.009082628618010624     0.006495390755049563     0.004649256602675008     0.0033923338431053832    0.0025200482652882085    0.0018591492457969115    0.0013624017116076461    9.919073224682457E-4     7.176293130488049E-4     5.160348059281378E-4     3.6888616222820983E-4    2.6219420532510527E-4    1.8533262078616146E-4    1.303038291739685E-4     9.114129981762498E-5     6.34307510219366E-5      4.3932164707346814E-5    3.0285352609119405E-5    2.078340865568076E-5     1.420036633968806E-5     9.661469561508982E-6     6.546477975615631E-6     4.418256650512441E-6     2.9704933073818435E-6    1.9897305205774647E-6    1.3280047261085052E-6    8.832717575999097E-7     5.85499117422001E-7      3.8684886113617526E-7    2.5479085201463666E-7    1.6730015379345731E-7    1.0952664898357677E-7    7.149795243632897E-8     4.654313671451571E-8     3.02163770230011E-8      1.956540800728097E-8     1.2636562703868378E-8    8.141323599965813E-9     5.232609863954172E-9     3.3552823167405556E-9    2.1466247462978056E-9    1.3703372080189134E-9    8.729108637970565E-10    5.548931538601085E-10    3.5202280522336454E-10   2.2288366326739997E-10   1.4084935173668804E-10   8.884295340318743E-11    5.5937646116739846E-11   3.5157601048463125E-11   2.2059119686532335E-11   1.381752835466167E-11    8.64100912914402E-12     5.395211415532948E-12    3.3634083760308686E-12   2.0936004641009157E-12   1.30125734279258E-12     8.075770922537579E-13    5.003566555564212E-13    3.091951134328576E-13    1.8967392154182628E-13   1.1288909037101994E-13   5.740883188272891E-14    0
% Data
% c (mol/m^3) @ t=500, u1=0.05, u2=0.03, u3=0.05
1                         0.9997143952204762       0.9992474632302082       0.9985262666857913       0.9974577180592544       0.995925589952758        0.9937878488869855       0.9908745803061194       0.9869867685519141       0.9818961238891867       0.9753459613523531       0.9670527576878158       0.9567073216652526       0.9439733111510008       0.9284787891918486       0.9097930840985494       0.8873754941694894       0.8604728440324879       0.8279270605864031       0.7878276990348341       0.736901043413107        0.6777446841824203       0.6170195849718598       0.5559365969134941       0.49566109303477107      0.43725812551083004      0.381648431555343        0.3295776958866502       0.2816000122748528       0.23807508875620415      0.19917757469964684      0.1649160654333262       0.13515891383734366      0.10966394468375984      0.08810948271084669      0.07012470842804874      0.05531819609270116      0.043304557396092895     0.03373047980867988      0.02630329698101243      0.02082792306135512      0.01669937493744269      0.013298551289705675     0.010519833275040687     0.008267359382997965     0.006455549785707796     0.005009157389790669     0.0038629479020901637    0.0029611079188363626    0.0022564710389438854    0.0017096394628048953    0.0012880643508729394    9.651338736647949E-4     7.193044621918883E-4     5.33298950176039E-4      3.9338543848717273E-4    2.8874289931370763E-4    2.109136779655473E-4     1.5333893124368998E-4    1.1097038870656444E-4    7.995034405490367E-5     5.7351196791702834E-5    4.096591785531249E-5     2.9141295120028754E-5    2.0646555765791734E-5    1.457083317844472E-5     1.0243852747855402E-5    7.175090197527409E-6     5.007468316021752E-6     3.4823817009942824E-6    2.4134659738041684E-6    1.6670583696952387E-6    1.1477367503881829E-6    7.876831497586687E-7     5.389065428860396E-7     3.6758839060756345E-7    2.4999384441524414E-7    1.695304883552589E-7     1.1464314264574764E-7    7.731432795627355E-8     5.2001092683248837E-8    3.488458807383776E-8     2.3342672698082697E-8    1.5580801330978738E-8    1.0374729915035308E-8    6.891859318938637E-9     4.567648170191387E-9     3.020430412392303E-9     1.9929095112166205E-9    1.3121116437164036E-9    8.620642676338801E-10    5.652159197433328E-10    3.698395401295778E-10    2.4151752937720555E-10   1.5740116467104675E-10   1.0234703562597321E-10   6.631179759049556E-11    4.256653312293853E-11    2.638362697113916E-11    1.3824465227937868E-11   0
% Data
% c (mol/m^3) @ t=600, u1=0.05, u2=0.03, u3=0.05
1                         0.9998973765953073       0.9997289020546215       0.9994668087307862       0.9990746490097987       0.9985053931664415       0.9976993210681994       0.9965817200425932       0.9950603806822306       0.9930228231247686       0.9903330557716818       0.9868274121923244       0.9823085406795753       0.9765357882896161       0.9692087888076296       0.9599386443697977       0.9481970544477848       0.93322707407453         0.913888224990021        0.8883907692187676       0.8538447705454556       0.811383973319715        0.7652872831145667       0.7162202790310623       0.6649447420238055       0.6122839143741187       0.5590852279492714       0.5061831915788865       0.45436499605619546      0.40434103278086475      0.356721989350314        0.3120035643264413       0.2705592270042882       0.23264093151934417      0.19838737033915738      0.16783931051089654      0.140961894513116        0.11767462892864158      0.09789130444746105      0.08157455809618525      0.06881361370201258      0.05856480972980667      0.04955904528795976      0.04170248992555184      0.034896890017126064     0.02904245411620832      0.024040352100422612     0.019794787478049386     0.016214631217907814     0.013214629638758801     0.010716217528387598     0.00864798064032214      0.006945819395926619     0.005552868686508445     0.004419227995085174     0.003501552575759781     0.002762551044778849     0.002170428259300937     0.0016983054605012242    0.0013236428588924948    0.001027683514867292     7.949317550050173E-4     6.126745896945793E-4     4.7055069577029145E-4    3.6016846938637554E-4    2.7477236580338894E-4    2.089551253104321E-4     1.5841242848455952E-4    1.1973591955907151E-4    9.024028112157608E-5     6.782004550372672E-5     5.083201054488076E-5     3.799942655685563E-5     2.8334487435835967E-5    2.1076054260324196E-5    1.5639937118826617E-5    1.1579441681282821E-5    8.5542393692091E-6       6.3059373468529975E-6    4.639004272345189E-6     3.4059498563553285E-6    2.4958626201983057E-6    1.8255837632678577E-6    1.3329392453254867E-6    9.715707572243014E-7     7.070028238404932E-7     5.136612580224975E-7     3.7262064748754436E-7    2.6990822934898027E-7    1.952307412101756E-7     1.4102162943228258E-7    1.0173000972227621E-7    7.32913754793837E-8      5.273431500237504E-8     3.788821739201872E-8     2.7164535204105522E-8    1.9388422318154773E-8    1.3656968981727576E-8    9.190272495272854E-9     5.110310746363695E-9     0
% Data
% c (mol/m^3) @ t=700, u1=0.05, u2=0.03, u3=0.05
1                         0.9999619945980914       0.9998993888936483       0.9998014160215625       0.9996536296095412       0.9994369038290974       0.9991262140821328       0.9986891438646188       0.9980840303264776       0.9972575995027658       0.9961418304850007       0.994649589870591        0.9926682342120933       0.990049791577319        0.9865953452983579       0.9820295964822253       0.9759588607151131       0.9678012856904196       0.9566707727747276       0.9411841897215311       0.9191421343508199       0.8908845591957746       0.8589030142128788       0.8233975520110013       0.7846746523376011       0.7431383857257514       0.6992766060515321       0.6536430251201993       0.6068363373486928       0.5594777903549376       0.5121887275490129       0.4655696686433694       0.42018246997132097      0.37653706644270507      0.33508431141925205      0.29621659552111745      0.2602783660009191       0.22758954828003744      0.1984864039181447       0.17338682457069296      0.15289082603830764      0.13564571929430205      0.11975188719946275      0.10519922855242134      0.09196089278540932      0.07999533884323776      0.06924862208709119      0.05965679722169546      0.05114833331695111      0.043646449867855736     0.03707129894605471      0.03134193628930246      0.026378042238932167     0.022101370590399523     0.01843691877291865      0.015313825725527301     0.012666014077474856     0.01043260070734632      0.008558104582780274     0.0069924832494824415    0.00569102981293453      0.0046141611494287926    0.003727125808493646     0.002999657013566211     0.0024055926726898663    0.0019224806593269434    0.0015311840369112483    0.0012154975415626485    9.617836131704703E-4     7.586336370263832E-4     5.965578498718639E-4     4.677055703699107E-4     3.656160088898802E-4     2.849988561605829E-4     2.2154309863178597E-4    1.7175201159784858E-4    1.328019915348793E-4     1.0242276225846455E-4    7.879648577122152E-5     6.047339388969674E-5     4.630170245241196E-5     3.5369753123207996E-5    2.6958530539578763E-5    2.0502911250760075E-5    1.5560205732647806E-5    1.178474903374751E-5     8.907475043373498E-6     6.719571632561015E-6     5.059458071709025E-6     3.8024522510504333E-6    2.852604034117542E-6     2.1362635688880426E-6    1.5970304624929826E-6    1.191791523809111E-6     8.87599331142287E-7      6.591641159957323E-7     4.867080569230439E-7     3.538154782726523E-7     2.4458608519247197E-7    1.3857528971817512E-7    0
% Data
% c (mol/m^3) @ t=800, u1=0.05, u2=0.03, u3=0.05
1                         0.9999853908861615       0.9999612539284435       0.999923285341635        0.9998656004774197       0.9997802323243822       0.9996564783453191       0.9994800396277171       0.9992318653598116       0.9988865634992247       0.998410150673749        0.9977567669190464       0.9968637345742106       0.9956439314487803       0.9939737719637239       0.9916739770209201       0.9884784892950563       0.9839839105885968       0.977566981234659        0.9682497209410668       0.9544790142830233       0.9362553796660669       0.9149718239608673       0.8905792555511365       0.8631009227793435       0.8326362023367035       0.7993612581207391       0.7635264667728092       0.7254507452647264       0.6855131720596641       0.6441425574388584       0.6018058873064163       0.5589968444739921       0.5162259220000364       0.47401402239822804      0.43289194459292374      0.3934088846828533       0.35615413632709486      0.32179772855355376      0.29115798145527205      0.26530713675658         0.24276708325086638      0.22121463064444222      0.20072633855133035      0.1813629219372392       0.16316882539568134      0.14617225761849076      0.130385656551121        0.11580653891798393      0.1024186748596104       0.09019351977175238      0.0790918311521418       0.06906539810280725      0.06005881460948937      0.05201123415024504      0.04485805179759543      0.03853246997106556      0.03296691460556899      0.028094279048239242     0.023848982923965967     0.020167842096719193     0.016990753418185355     0.014261204047268944     0.01192661970871887      0.009938569395279482     0.008252845834246448     0.006829441711877194     0.005632441379092459     0.004629846758111759     0.003793354634037099     0.00309810063258921      0.002522383115814662     0.0020473781046522993    0.0016568542653459975    0.0013368950530572767    0.0010756333431003085    8.630023290059886E-4     6.90505140494307E-4      5.510045329506325E-4     4.385331125064623E-4     3.481238696717655E-4     2.7566027775409213E-4    2.1774484610067343E-4    1.715847782772899E-4     1.348932483619768E-4     1.0580475308709333E-4    8.280300440863233E-5     6.465987951631457E-5     5.038402906830083E-5     3.917784739727183E-5     3.040161980577326E-5     2.354377086829974E-5     1.8196229386169053E-5    1.4033974882802563E-5    1.0797784082803864E-5    8.278933804014892E-6     6.303862444443289E-6     4.714903549892016E-6     3.3386906811232817E-6    1.9232356048010353E-6    0
% Data
% c (mol/m^3) @ t=900, u1=0.05, u2=0.03, u3=0.05
1                         0.9999941505173009       0.9999844566719811       0.9999691265414029       0.9999456633958576       0.9999106107034618       0.9998592019437448       0.9997848726850167       0.9996785685374152       0.9995277436434626       0.9993148805331589       0.9990152574455897       0.998593517471865        0.9979983125256741       0.9971538349217881       0.9959462976392438       0.9942021982518502       0.991653203960461        0.9878792436837418       0.9822161039407907       0.9736052243887888       0.9619360565102462       0.9479820136882431       0.9316006662659005       0.9126879101167011       0.8911847926241976       0.8670831731069985       0.8404299390347363       0.8113296098391073       0.7799453117746122       0.7464983029114625       0.7112664718159044       0.6745825357266338       0.6368330395070392       0.5984597300681272       0.5599654893163126       0.5219278042002785       0.4850238050939036       0.4500723029575085       0.41810011032657574      0.3904423669490631       0.3656513317238683       0.3412558628285308       0.31737098273627234      0.2941052971393018       0.2715591667181549       0.24982310693291962      0.2289764635084204       0.20908639866969359      0.19020720931417362      0.17237998405646596      0.15563259229478532      0.1399799858777575       0.12542478320815864      0.11195809714523865      0.0995605621113334       0.08820351243894185      0.07785026311166264      0.06845744541771401      0.059976353305605426     0.05235426099903316      0.045535678254021585     0.03946351609123491      0.034080142506798715     0.029328314203863958     0.025151976507042473     0.02149692910608698      0.01831135997822472      0.015546253681395544     0.013155683172856742     0.01109699641712802      0.009330910369179575     0.007821525544264513     0.006536274421664248     0.005445816489226065     0.00452389193141217      0.0037471449015131987    0.0030949260939051757    0.0025490830267838357    0.00209374512739962      0.0017151094337229398    0.001401231528271205     0.0011418252286879743    9.280735919492562E-4     7.524529521263731E-4     6.085710055184691E-4     4.910193760008324E-4     3.9524062733844393E-4    3.1740932349455135E-4    2.5432645282179057E-4    2.0332629817718182E-4    1.6219460280867738E-4    1.2909655548909535E-4    1.0251249637130724E-4    8.11778850893192E-5      6.402098530512567E-5     5.008467720735346E-5     3.840278721573306E-5     2.7765000614827226E-5    1.622232513935184E-5     0
% Data
% c (mol/m^3) @ t=1000, u1=0.05, u2=0.03, u3=0.05
1                         0.9999975451405918       0.9999934625495319       0.9999869664427864       0.9999769392676667       0.9999617965744247       0.9999392931743009       0.9999062411722964       0.9998580935573353       0.9997883196641961       0.9996874543807034       0.9995416306824852       0.9993302873772218       0.9990225522411444       0.9985714885011628       0.9979048841380793       0.9969104355480318       0.9954118291757301       0.9931300303832136       0.9896205164168632       0.9841713737153523       0.9766562664395362       0.9675102144011299       0.9565775908083219       0.9437186486791211       0.9288154507240275       0.9117777482873032       0.892548634798525        0.8711098433233404       0.8474866361336705       0.8217523542758189       0.7940328659497495       0.7645113854600135       0.7334344441554546       0.7011202001222954       0.6679707989592806       0.6344911748266424       0.6013175473567698       0.5692599711323462       0.5393646809405627       0.5130037006548319       0.4888634649050588       0.4645694004794409       0.44022556335146207      0.4159385761524391       0.3918159981130487       0.36796463976050614      0.34448887210389495      0.32148898080071575      0.2990596142256656       0.277288370559424        0.2562545632226424       0.23602819655881158      0.2166691750675509       0.198226760207361        0.1807392793381867       0.16423408225115074      0.14872773237349593      0.13422641250048759      0.12072651905706264      0.10821541459190331      0.09667230551466971      0.08606921096821667      0.07637198906560363      0.06754138833662082      0.059534094895826846     0.0523037493139164       0.04580191118973231      0.03997895373325134      0.03478487505369681      0.030170017105554177     0.026085687219188303     0.02248468071152684      0.019321706154245204     0.016553717426722115     0.014140158685540302     0.01204312985522452      0.010227481221183029     0.008660846235807972     0.007313621792701244     0.006158905047370855     0.005172395431710533     0.004332269887854902     0.003619038593225983     0.0030153876143466565    0.00250601405529769      0.0020774583903024214    0.0017179378086280741    0.0014171835547501703    0.0011662843862774535    9.575373025145324E-4     7.843053923853585E-4     6.408805016098945E-4     5.223442901798307E-4     4.24412629310314E-4      3.4322962323522793E-4    2.75036605726675E-4      2.1555135096247292E-4    1.5869439185974167E-4    9.386337448644188E-5     0
% Data
% c (mol/m^3) @ t=1100, u1=0.05, u2=0.03, u3=0.05
1                         0.999998913737026        0.999997099573822        0.9999941917887167       0.9999896584697222       0.9999827263018713       0.9999722688221705       0.9999566384351564       0.9999334108881061       0.9998989921640087       0.9998480073825611       0.9997723420076929       0.9996596255588346       0.9994908177511469       0.9992363450047334       0.9988498901655479       0.9982583762930547       0.9973457698903884       0.9959268371660898       0.993704555226339        0.9902009149142665       0.9853062408025699       0.9792708689736965       0.9719580521094949       0.9632347883988773       0.9529760029295664       0.9410691264069692       0.9274190221517506       0.9119532350147          0.8946275816269141       0.8754321774186996       0.8543981105452544       0.8316051362674459       0.8071909893137744       0.7813632102741982       0.7544147714349702       0.7267452862491223       0.6988902153993962       0.6715612627471578       0.6457021072850563       0.6225647598696255       0.601023732400356        0.578964271328798        0.5564547486846079       0.533570405739275        0.5103926020561718       0.48700790054495685      0.46350700581494975      0.4399835790564018       0.4165329578515628       0.39325081343912105      0.3702317807920194       0.3475680982587464       0.32534829338476584      0.3036559498853385       0.28256858768149606      0.2621566836132099       0.2424828551476017       0.22360122339109306      0.20555696530407339      0.188386058521296        0.17211521590226536      0.1567620011429734       0.1423351116976763       0.12883481105653793      0.11625348921211459      0.10457632797527965      0.0937820466634359       0.08384370352520344      0.07472952898979614      0.06640376830896595      0.05882751324769552      0.05195950502015992      0.04575689350314192      0.040175940741264585     0.035172659752583955     0.030703382533593813     0.026725253855488244     0.023196649867311108     0.020077522627544083     0.017329673445855755     0.014916959321811845     0.01280543782342893      0.010963456473335412     0.009361693128967497     0.007973153981882532     0.006773135678225207     0.005739157671764032     0.004850870200466643     0.004089942041319242     0.003439929992282825     0.002886127822901461     0.0024153839452727074    0.002015859308427906     0.0016766592241809683    0.0013871916981576377    0.0011359302154252456    9.078831121538803E-4     6.792639035235386E-4     4.061240445491681E-4     0
% Data
% c (mol/m^3) @ t=1200, u1=0.05, u2=0.03, u3=0.05
1                         0.9999994894835254       0.9999986327343666       0.9999972480870039       0.9999950651694001       0.9999916810153902       0.9999864930606928       0.9999785959107426       0.9999666209037997       0.9999484847636833       0.9999209929948034       0.9998792101505634       0.9998154546068722       0.9997176867899927       0.9995669153998084       0.9993330108801555       0.998967931823651        0.9983947444245173       0.9974897943599507       0.996053724262619        0.9937643089152319       0.9905354942698623       0.9865152189964781       0.9815940397990087       0.975660691137239        0.9686047649857725       0.9603198883561669       0.9507074281337092       0.9396807712462392       0.9271702615245975       0.9131289280469275       0.8975392194768894       0.8804210721514982       0.8618417947699222       0.8419284588471091       0.820883751889912        0.799006590366487        0.7767192127971894       0.7546029895503834       0.7334458025967888       0.7143045684175857       0.6962569009536441       0.6775245624178947       0.6581385755749924       0.6381370020824824       0.6175649330600683       0.596474346414965        0.5749238244927715       0.5529781296568194       0.5307076398178869       0.508187650555959        0.4854975550893895       0.46271991773701965      0.4399394604714586       0.4172419854793831       0.3947132591595802       0.37243788457402477      0.3504981899424484       0.32897316031058177      0.30793743805446333      0.2874604154871337       0.26760543963414657      0.24842914540155708      0.22998092906104586      0.21230256942216832      0.19542799945389244      0.17938322664978248      0.16418639627740422      0.14984798795969004      0.13637113291837774      0.12375203674572464      0.11198049080249323      0.10104045427464492      0.09091068853346936      0.08156542568213619      0.07297505396258994      0.0651068039516629       0.05792542109639435      0.05139381202447335      0.04547365411674006      0.04012595995075518      0.03531159033213086      0.030991711647973555     0.027128195137549573     0.023683957316235595     0.020623242139266206     0.017911846447779302     0.015517290609916032     0.013408935661528551     0.011558045828818888     0.009937789289645357     0.008523156577189703     0.007290747005900581     0.0062183116239280896    0.005283809906278055     0.004463459552523291     0.003727671979337845     0.0030325295354615357    0.0023018602535814945    0.0013895107607734241    0
% Data
% c (mol/m^3) @ t=0, u1=0.05, u2=0.05, u3=0.01
1                         -5.6727329698675144E-8   3.4412341060481226E-15   4.799069503582021E-20    8.009901849351893E-26    1.0236269825679845E-31   1.1689697273466336E-37   1.2541942007528186E-43   1.2931961592123401E-49   1.2971711273413468E-55   1.2750964098618375E-61   1.234131299349709E-67    1.1799489050912687E-73   1.1170108771030506E-79   1.0487944867291806E-85   9.779799986134254E-92    9.066049837963995E-98    8.361911425132654E-104   7.678482961521758E-110   7.023594438389436E-116   6.402501374442443E-122   5.818448902477366E-128   5.273128827616727E-134   4.767048505888247E-140   4.299827220738115E-146   3.870433081180622E-152   3.4773712461744676E-158  3.1188324258911305E-164  2.792809063171438E-170   2.4971853082637806E-176  2.2298058253103008E-182  1.988527575015215E-188   1.771257975021694E-194   1.5759822230705063E-200  1.4007820571408764E-206  1.2438478041177836E-212  1.1034852193859286E-218  9.78118331890014E-225    8.662892723098972E-231   7.666558674875051E-237   6.735269182542671E-243   4.746253691184501E-249   3.3424314872259414E-255  2.35235939813793E-261    1.6545787351916763E-267  1.1631236751262799E-273  8.172036647912712E-280   5.738668906153646E-286   4.027896430456147E-292   2.825796364932639E-298   1.981561105567421E-304   1.38894863202363E-310    9.7308017E-317           7.9E-323                 0                        0                        0                        0                        0                        0                        0                        0                        0                        0                        0                        0                        0                        0                        0                        0                        0                        0                        0                        0                        0                        0                        0                        0                        0                        0                        0                        0                        0                        0                        0                        0                        0                        0                        0                        0                        0                        0                        0                        0                        0                        0                        0                        0                        0                        0                        0
% Data
% c (mol/m^3) @ t=100, u1=0.05, u2=0.05, u3=0.01
1                         0.9656881255471027       0.9132847261683886       0.8415363061625021       0.7517145725442032       0.6479125517674259       0.5366497837769436       0.42576129171666643      0.32283607075690884      0.23371191782487974      0.1615493833225738       0.106744029260304        0.06755197460372793      0.04104689376284265      0.024016634248053444     0.01357197895897427      0.0074299965680599605    0.003952083766652755     0.0020481812671338554    0.0010369245665182863    5.140507894175524E-4     2.5009126621002036E-4    1.1964373549732738E-4    5.638472128138082E-5     2.621893427834749E-5     1.2047020511560315E-5    5.476675174106361E-6     2.4661953735093855E-6    1.101174245373752E-6     4.879749026038435E-7     2.1478382843191977E-7    9.396752722755444E-8     4.088835712237519E-8     1.770552094803872E-8     7.63340170360022E-9      3.278051504687815E-9     1.402701352805798E-9     5.982574561099834E-10    2.542523895559403E-10    1.0708057555373106E-10   4.208146048491577E-11    1.460285133213092E-11    5.056456395578598E-12    1.7474081634470385E-12   6.027691876922283E-13    2.0757635548450157E-13   7.137232950874259E-14    2.4505088247099015E-14   8.402360680327146E-15    2.8774306288246917E-15   9.842442263232239E-16    3.3630083022664216E-16   1.1479147332267212E-16   3.9144871296936476E-17   1.3336695183142333E-17   4.539961507171959E-18    1.5442133834395947E-18   5.248468408025284E-19    1.782565261941984E-19    6.050091811296929E-20    2.052093075657182E-20    6.956078974982676E-21    2.356552501272486E-21    7.978969637309757E-22    2.7001300183956803E-22   9.132739415119953E-23    3.087490669066949E-23    1.0432958847513353E-23   3.523831014977654E-24    1.1896969713154268E-24   4.014937836626164E-25    1.3544080437423246E-25   4.567253179836829E-26    1.539578260597682E-26    5.1879464209215606E-27   1.7475990818313064E-27   5.88499409344634E-28     1.9811308352072581E-28   6.667268298101096E-29    2.2431321369130957E-29   7.544634603516127E-30    2.5368924681052577E-30   8.52806044097008E-31     2.8660682407213157E-31   9.629735100775402E-32    3.234722720705829E-32    1.0863202553752134E-32   3.64737021519737E-33     1.2243508448731041E-33   4.109024972546727E-34    1.3787362776444804E-34   4.6252552864896075E-35   1.5513319701896643E-35   5.202242865902914E-36    1.7441960084692144E-36   5.8467933946378925E-37   1.9594244518091976E-37   6.560147237923343E-38    2.178174447412474E-38    6.633894447599118E-39    0
% Data
% c (mol/m^3) @ t=200, u1=0.05, u2=0.05, u3=0.01
1                         0.9920263987459037       0.9793573937139263       0.960742440413424        0.9349945468230986       0.9011403496323828       0.8585814570380368       0.80724207174606         0.747673995715901        0.681092072805034        0.6093221036352049       0.5346585589871625       0.4596480702047744       0.38683189192686374      0.3184910180831534       0.25643758626859264      0.20188513523307142      0.15541155279684693      0.11700814004554237      0.08619219206146701      0.06215263877885155      0.04389905530693542      0.03039143042505276      0.020637931092637594     0.013757281535318645     0.00900926864489864      0.005800651001368377     0.0036747720556944315    0.002292343185846673     0.001409106826925259     8.541445445934409E-4     5.10901969311032E-4      3.0174834070505896E-4    1.7608488336435783E-4    1.0158367883577196E-4    5.7968164510179674E-5    3.2736378223292014E-5    1.830034360805244E-5     1.0116813243044247E-5    5.483499218100245E-6     2.749063866373837E-6     1.2323424570885075E-6    5.477239057992383E-7     2.4146738278194904E-7    1.0563126660284669E-7    4.586943400298226E-8     1.9778829234487568E-8    8.471573435743231E-9     3.60533117629564E-9      1.5249902636323379E-9    6.412768939986918E-10    2.68157299587841E-10     1.1153255979197639E-10   4.6150701315149604E-11   1.9002493623038958E-11   7.787256637644362E-12    3.1767362884130458E-12   1.290260407970967E-12    5.2185003744801E-13      2.1021076855724963E-13   8.434711709555526E-14    3.371734352687632E-14    1.3429594940948614E-14   5.330336363534409E-15    2.1085377234978674E-15   8.313684170779409E-16    3.2676757306003674E-16   1.2804519327455694E-16   5.0027634782503366E-17   1.9490387412158956E-17   7.57241364210733E-18     2.9341972023785937E-18   1.1340219150921844E-18   4.371849975288123E-19    1.681332773443455E-19    6.450869904734304E-20    2.4693876614748548E-20   9.43182183002874E-21     3.594719135188757E-21    1.3671746527271626E-21   5.189173736121553E-22    1.9656767457234876E-22   7.431717448383007E-23    2.804478303366306E-23    1.0563856995979897E-23   3.972110973434248E-24    1.4909695352713452E-24   5.58706925909338E-25     2.0901904802093055E-25   7.807143355463148E-26    2.9115229868387774E-26   1.0841434592687638E-26   4.030953829599352E-27    1.4965762535934503E-27   5.548478636975405E-28    2.0541872150846845E-28   7.593623086783693E-29    2.799613953228085E-29    1.0192317706173342E-29   3.350552811386046E-30    0
% Data
% c (mol/m^3) @ t=300, u1=0.05, u2=0.05, u3=0.01
1                         0.9976390736473351       0.9938283453720812       0.9880724541808861       0.9798018644063938       0.9683918009938605       0.9531929031561264       0.9335736102535084       0.9089725623676447       0.8789572838700508       0.8432834312421879       0.8019473440085991       0.7552239940717846       0.7036830633797118       0.6481779670833239       0.5898060381271222       0.5298422998472102       0.4696534798799044       0.41060224679785146      0.35395329893394334      0.30079249785336715      0.2519678255202487       0.2080571462954509       0.16936345951169673      0.13593444840105584      0.10760035910835458      0.08402290921926905      0.06474798476500261      0.049256014974913546     0.037005657646715394     0.02746833186546135      0.02015284654721134      0.014620682800393608     0.010493322492658478     0.007453404806738916     0.005241524470899321     0.003650258982691571     0.0025165939038534527    0.0017132814462876647    0.0011385933250885917    7.017240551723504E-4     3.950275172204603E-4     2.2049009642668152E-4    1.2208130983464602E-4    6.708002581996147E-5     3.659279691170462E-5     1.9825323308860238E-5    1.0671400689845532E-5    5.708790677428042E-6     3.036161695064792E-6     1.605803229032687E-6     8.448264683723267E-7     4.422466630716143E-7     2.304045497798666E-7     1.1949463288044118E-7    6.170669495721821E-8     3.173459721944294E-8     1.6256824962400712E-8    8.296997669911268E-9     4.219536119902483E-9     2.138645314827053E-9     1.0804657675384725E-9    5.441838222363738E-10    2.73277143512786E-10     1.3684895653192396E-10   6.834622388278922E-11    3.404661006835338E-11    1.6918750602905246E-11   8.387720333578043E-12    4.14901119693918E-12     2.047914332987741E-12    1.0087530053909051E-12   4.959080128987044E-13    2.433302439653256E-13    1.1918000669782041E-13   5.82713458718246E-14     2.844339383999038E-14    1.386153729506405E-14    6.744852856745632E-15    3.277108413019719E-15    1.589978586908575E-15    7.7036684174194E-16      3.7276257870943263E-16   1.8014282702602455E-16   8.695050338461211E-17    4.1919612625054194E-17   2.018696977830499E-17    9.710722626176765E-18    4.666330992048148E-18    2.240058587469993E-18    1.07428272166185E-18     5.147163195480059E-19    2.463888512665392E-19    1.1783887254021655E-19   5.63078281085589E-20     2.6878235588712937E-20   1.280654107771793E-20    6.0653119038600556E-21   2.794969204113685E-21    1.1074335866249296E-21   0
% Data
% c (mol/m^3) @ t=400, u1=0.05, u2=0.05, u3=0.01
1                         0.9992023013583737       0.9979047615271701       0.9959182785141067       0.993010431075039        0.9889038384760442       0.9832773797806532       0.9757711146209773       0.9659956168240185       0.9535461656144788       0.9380218293689407       0.9190489387290752       0.8963078208812811       0.8695610249365858       0.8386807037469114       0.8036724374574431       0.7646926912627627       0.7220573698213734       0.6762395894923431       0.627855796208139        0.5776405990016271       0.5264119946193062       0.4750298236290036       0.42435112861801894      0.3751864380455076       0.3282608172366179       0.28418285066564963      0.24342367389766273      0.20630694256374976      0.17300940769544737      0.14357073397183182      0.1179104659482889       0.0958496612230922       0.07713463850242712      0.061460430504489544     0.04849170398164245      0.03787880096513811      0.029265586682170587     0.022282766050890822     0.016512655064053847     0.011393322831047431     0.007272304957907844     0.004595411095889091     0.002876044955996886     0.0017834644160586717    0.0010962253408369985    6.681319033001214E-4     4.0392776236621686E-4    2.4230853049328312E-4    1.4427606641252485E-4    8.529246630845502E-5     5.0077374824460534E-5    2.920818207132952E-5     1.6928224284311207E-5    9.751435317550757E-6     5.5844081894954815E-6    3.1800473062469193E-6    1.8010657470996036E-6    1.0147347103454784E-6    5.688342316096937E-7     3.173281501457811E-7     1.7619633958188165E-7    9.739189794932995E-8     5.3598842645475024E-8    2.9373823729990013E-8    1.6032488967789003E-8    8.716395273465955E-9     4.7209113355243116E-9    2.5475497846850433E-9    1.3698720053991985E-9    7.340879297909187E-10    3.920803897561177E-10    2.0874074666065375E-10   1.1078695170787354E-10   5.862213376686959E-11    3.09290709890773E-11     1.6272089702469302E-11   8.53745377326952E-12     4.4674310851971065E-12   2.3316656356200307E-12   1.2139105608256781E-12   6.304503853402158E-13    3.2665515294375366E-13   1.6886198076734913E-13   8.709761936426688E-14    4.482702678013982E-14    2.302284637716072E-14    1.1800182977578315E-14   6.0360578919306646E-15   3.0816007181170944E-15   1.5702910060587676E-15   7.987046036675334E-16    4.055217961789243E-16    2.0553166489207863E-16   1.039857775238248E-16    5.2505538418904716E-17   2.6429062548217183E-17   1.3192518811205067E-17   6.372650763927867E-18    2.6147961932022383E-18   0
% Data
% c (mol/m^3) @ t=500, u1=0.05, u2=0.05, u3=0.01
1                         0.9997112277746737       0.9992392506770594       0.9985106198832993       0.9974317860869947       0.9958862380180771       0.9937320477825035       0.9908001450635175       0.9868936862323331       0.9817889057052649       0.9752378252159807       0.9669731426018883       0.9567155182656579       0.9441833220725893       0.9291046997097205       0.9112315767561565       0.8903549604727767       0.8663206508605119       0.8390442666294382       0.8085243628953999       0.7748523968360964       0.7382184071276711       0.6989115198843789       0.6573147663538735       0.6138941640091267       0.569182523417477        0.5237589371809287       0.4782253204182181       0.43318164803372455      0.3892016314673788       0.3468104756718965       0.30646605112683734      0.26854430297014803      0.23332896633882938      0.20100453602182083      0.17164960369264567      0.1452243174513302       0.12153906675222796      0.10017781991010105      0.08032113161683832      0.06035498475983269      0.04245822002306892      0.029557130095014893     0.02037026036533313      0.013903984592773394     0.009402816470544183     0.006302512770621505     0.004188529884256949     0.002760901376103149     0.0018056161705626754    0.001171990307984011     7.552323811305436E-4     4.833086639120185E-4     3.0724232541866787E-4    1.9407562934143518E-4    1.2184609427358251E-4    7.605300385344461E-5     4.7205795582726725E-5    2.914440690291353E-5     1.7901924571760593E-5    1.0942826672631466E-5    6.657980184637462E-6     4.033052369876628E-6     2.4327431209324843E-6    1.4615708113193139E-6    8.747672396372167E-7     5.216746588053445E-7     3.100451025035014E-7     1.8367458732853766E-7    1.0848042169138354E-7    6.38864396100701E-8      3.752285587848336E-8     2.1982937856640004E-8    1.2848395731315244E-8    7.492969603495976E-9     4.360811987451799E-9     2.5331058557163988E-9    1.4688381424228844E-9    8.503328394841367E-10    4.915365728311234E-10    2.837459707348191E-10    1.6359244460298524E-10   9.421210059467402E-11    5.420105864843092E-11    3.1153847041537496E-11   1.789208944499226E-11    1.0268238567918042E-11   5.889166140995207E-12    3.3757437087865787E-12   1.934082854409494E-12    1.1076429105009458E-12   6.341157998566884E-13    3.629095598924101E-13    2.0762725942518261E-13   1.1872778122080672E-13   6.781031328014737E-14    3.858419996131185E-14    2.167626118171372E-14    1.1631400010753808E-14   5.150980728216864E-15    0
% Data
% c (mol/m^3) @ t=600, u1=0.05, u2=0.05, u3=0.01
1                         0.9998960590067951       0.9997254771234946       0.9994602623011405       0.9990637758031369       0.9984889264606582       0.9976762479553408       0.9965519410793132       0.9950259955786647       0.9929905405164206       0.9903186051207715       0.986863499835132        0.9824590449145425       0.9769208760404838       0.9700490376951847       0.9616320308775852       0.951452409312724        0.9392939174861191       0.9249500381311828       0.9082336739344673       0.8889875402052968       0.8670947077140753       0.8424886256221021       0.815161891094465        0.7851730295899013       0.7526506168303878       0.7177942102723951       0.6808717538989222       0.6422133522850193       0.60220154102851         0.5612583558369681       0.5198295392395618       0.4783659881155274       0.4373017994553498       0.3970265664315671       0.3578460336342361       0.31991810843492274      0.28313714528392686      0.24691174725091894      0.20972727939517957      0.16827942366779652      0.1277982271609826       0.09607860758023423      0.07153241452868658      0.05276091908593068      0.038566241105128345     0.027946900883026597     0.020083127046197993     0.014316429156667292     0.010126813696001616     0.00711000121752703      0.004956150363198414     0.0034309298072382577    0.002359293585413336     0.0016119849250105817    0.001094588354398496     7.388388097215324E-4     4.958520159378856E-4     3.3093972733206235E-4    2.196988039973322E-4     1.4510176897498446E-4    9.535974226548743E-5     6.237102513881229E-5     4.0607042037423075E-5    2.6320425709645865E-5    1.6987414754013105E-5    1.09187185214284E-5      6.990218430315836E-6     4.458069538019194E-6     2.832696038339556E-6     1.7935272751672193E-6    1.1316876599168021E-6    7.117204285076629E-7     4.461781002437971E-7     2.788514183373421E-7     1.7376058056131002E-7    1.0796666994724571E-7    6.690102428012149E-8     4.1345036786712325E-8    2.548607344426487E-8     1.5671525672790495E-8    9.61361757583644E-9      5.883918317213381E-9     3.5932407803821273E-9    2.1896780071378685E-9    1.3316237907015264E-9    8.082059979400588E-10    4.895899706321662E-10    2.9603451307624354E-10   1.786815328866883E-10    1.076640304138496E-10    6.476457386627989E-11    3.889488500845433E-11    2.3319424119194904E-11   1.3954120762297463E-11   8.326061562697162E-12    4.938249464333842E-12    2.8815566063076728E-12   1.5963081377170465E-12   7.22597783884004E-13     0
% Data
% c (mol/m^3) @ t=700, u1=0.05, u2=0.05, u3=0.01
1                         0.9999608229805496       0.9998963505866111       0.9997956332815193       0.9996440893761311       0.9994226038862434       0.9991064942699724       0.9986643519697355       0.9980567804936593       0.9972350653798425       0.9961398285117138       0.9946997382353276       0.9928303664641512       0.9904333028511567       0.987395652092872        0.983590051039101        0.9788753448146923       0.9730980529342795       0.9660947350823007       0.957695330267983        0.9477274920456031       0.936021877541782        0.9224182720371582       0.9067723484319808       0.8889627780691223       0.8688983325626983       0.8465245508639102       0.8218294934774536       0.7948480602743904       0.7656642883763551       0.734410923010171        0.7012652670892988       0.666439670567243        0.6301636490035014       0.5926518248242189       0.5540463532535916       0.5143117732906869       0.4730397403831579       0.4290823846582084       0.3798605160398407       0.32005808298623595      0.2574885913764534       0.20510081138873762      0.16180829405903496      0.12647252912323584      0.09796846268543767      0.0752313217526156       0.05728703673639954      0.04326909698093924      0.03242481185539244      0.024113798325243022     0.017801183195452614     0.013047584303544827     0.009497488100235792     0.006867218182759577     0.004933318600658719     0.003521870373588574     0.0024990220441640184    0.0017628405508939428    0.0012364685865500255    8.624986186787965E-4     5.984315914346611E-4     4.130706755029186E-4     2.8369943229739796E-4    1.9390318101048968E-4    1.3190752690318716E-4    8.932560866820483E-5     6.0223443682100915E-5    4.042944096893284E-5     2.702898776478954E-5     1.7997704940509216E-5    1.1937497844710419E-5    7.888057007177666E-6     5.193227011839152E-6     3.4069314608589724E-6    2.227383361956004E-6     1.4513665930725874E-6    9.426564108635965E-7     6.103317907659605E-7     3.939630775616164E-7     2.5354867802199365E-7    1.6271271839443772E-7    1.0412924618806956E-7    6.645850211456594E-8     4.230476787867579E-8     2.6861002913558252E-8    1.7013017392845593E-8    1.0749731919456164E-8    6.776428036156569E-9     4.2620559674956335E-9    2.67471947837115E-9      1.6749355144396443E-9    1.0466072506088572E-9    6.525258317224339E-10    4.0576826850598265E-10   2.513587731370061E-10    1.5452816043083142E-10   9.31885116367703E-11     5.306860046293159E-11    2.448008050744347E-11    0
% Data
% c (mol/m^3) @ t=800, u1=0.05, u2=0.05, u3=0.01
1                         0.9999848597132525       0.9999598946304952       0.999920761754978        0.9998616077607292       0.9997746542879464       0.9996497019146756       0.9994735467767901       0.9992293067629308       0.9988956585087709       0.9984459922251503       0.9978474988131637       0.997060212728974        0.9960360444890005       0.9947178481820411       0.9930385812768114       0.9909206255266401       0.9882753477713787       0.9850029865911919       0.9809929535889349       0.9761246350108906       0.9702687689475475       0.963289454119518        0.9550468170597114       0.9454003242051309       0.9342126724250184       0.9213541226756948       0.906707049713866        0.8901703506242085       0.8716631539594658       0.8511269347411339       0.8285245426597888       0.8038335528969067       0.7770293053138206       0.7480491852019742       0.7167226105524591       0.6826380878665942       0.644894632283525        0.6016409268219909       0.549225926147613        0.4806409191556913       0.4046605111511191       0.3374542210229649       0.27881254088710994      0.2282962190025961       0.18530452821925664      0.14913607501566073      0.11904027574603618      0.09425875704037166      0.07405682318162415      0.05774576605014293      0.0446971906528059       0.034350725905369715     0.026216528979605195     0.019873916319790953     0.014967306114029544     0.011200469998648627     0.008329892909399908     0.006157848446476312     0.004525625157601247     0.0033071933141877977    0.0024034842452379714    0.001737364233294948     0.0012493195865290916    8.938250080254123E-4     6.363397016976607E-4     4.508608463250605E-4     3.1795862314966904E-4    2.2321794800761555E-4    1.5601708187918913E-4    1.0858058455616383E-4    7.525234133409935E-5     5.194274948131068E-5     3.5712040350188786E-5    2.4458817764969926E-5    1.6689070556448036E-5    1.1346140737590952E-5    7.686446275750625E-6     5.189257533568802E-6     3.491616791485903E-6     2.341682131346224E-6     1.5654761155700413E-6    1.0433212549027642E-6    6.932304464664654E-7     4.5926034452229203E-7    3.0338544225653706E-7    1.998557624920189E-7     1.312971600031645E-7     8.602803067487468E-8     5.622092470787961E-8     3.664823500271734E-8     2.382980357243434E-8     1.545587237134828E-8     9.997846814553211E-9     6.446606556818497E-9     4.13702932798601E-9      2.630451689529196E-9     1.63571892199991E-9      9.554910267282066E-10    4.483980122268866E-10    0
% Data
% c (mol/m^3) @ t=900, u1=0.05, u2=0.05, u3=0.01
1                         0.9999939617619444       0.9999839912547458       0.9999683246249342       0.9999445647647882       0.9999094959603705       0.9998588564906802       0.9997870632745628       0.9996868829680075       0.9995490446850068       0.9993617908741784       0.9991103649551599       0.9987764372165707       0.9983374742881498       0.9977660622655476       0.997029199262339        0.9960875796740319       0.9948948995301259       0.9933972196060795       0.9915324299196043       0.98922986509272         0.9864101238165366       0.9829851459605671       0.9788585958519955       0.9739265871602684       0.9680787593092566       0.9611996700702427       0.9531703910223411       0.9438700584673613       0.9331768992659903       0.9209678403259061       0.9071150785608392       0.8914766742211468       0.873875863432523        0.8540595194045153       0.8316185144062294       0.8058389586075875       0.7754286595171398       0.7380192675361184       0.689266707273191        0.6212348174292739       0.542163597915094        0.4689327903797679       0.40205595493644347      0.34178002035393046      0.288123240640558        0.2409167535612176       0.19984665247905378      0.1644941246818275       0.13437188127430857      0.10895574482643225      0.08771082803430923      0.07011220379978575      0.055660323755804084     0.04389168993650244      0.03438543330631388      0.026766518864363664     0.020706298090855127     0.015921083769644167     0.012169346347249428     0.009248039092788608     0.006988462552715728     0.005251985289771392     0.00392585304641599      0.0029192453394585667    0.0021596783008225712    0.0015898052165117574    0.0011646306776550755    8.491290229703777E-4     6.162410746927932E-4     4.452132887872542E-4     3.202387180771325E-4     2.2935819108359023E-4    1.6358164686478726E-4    1.1619268715653664E-4    8.220338800765548E-5     5.7930727791466676E-5    4.067027490519519E-5     2.8446804792284852E-5    1.982514927223766E-5     1.376776059510531E-5     9.528186840935585E-6     6.571925012216491E-6     4.517982976560254E-6     3.095990084039739E-6     2.1149002172297087E-6    1.4402800192659923E-6    9.779147430269634E-7     6.620348389183683E-7     4.4690251478385104E-7    3.00827857942801E-7      2.0193229269727036E-7    1.3516214468943206E-7    9.019195151252677E-8     5.995766951326135E-8     3.963316274313226E-8     2.5916230173729325E-8    1.65280937328946E-8      9.85648501786878E-9      4.689819512737614E-9     0
% Data
% c (mol/m^3) @ t=1000, u1=0.05, u2=0.05, u3=0.01
1                         0.9999978631514876       0.9999943281022008       0.9999887555327597       0.9999802672579363       0.9999676709984112       0.9999493655353606       0.99992322236242         0.9998864395621159       0.9998353633394944       0.9997652725030214       0.9996701212633589       0.9995422361075927       0.999371963292044        0.9991472647765571       0.998853262287237        0.9984717317142362       0.9979805532592828       0.9973531266107915       0.9965577648023418       0.9955570849950309       0.9943074186441623       0.9927582663729153       0.9908518226950711       0.9885225896512689       0.9856970815721655       0.9822935871237041       0.9782218847740963       0.9733826778328795       0.9676662791362388       0.9609496513937315       0.9530901517650985       0.9439129806850115       0.933186939682383        0.9205788578165677       0.9055695398724972       0.8873008479759847       0.8643002281144169       0.8339880943932377       0.7918018652833546       0.729645311759065        0.6545183627082436       0.582293189116843        0.5138531592847          0.4498659847373895       0.39079108746380126      0.33689521711343123      0.2882740125073741       0.24487727413671243      0.20653592675686844      0.17298895793732008      0.14390897575999956      0.11892539867834898      0.09764464254865318      0.07966698237916672      0.06460002621955585      0.05206894012808529      0.04172370665390415      0.0332437895321961       0.02634062191877881      0.020758343513753143     0.016273192640484168     0.012691921489753132     0.009849553932102252     0.007606751771256233     0.005847001811051374     0.004473785988295154     0.003407852201124194     0.0025846654380066196    0.0019520877055631835    0.0014683108228660678    0.0011000477902343097    8.2097534218406E-4       6.104115671544715E-4     4.522072393772054E-4     3.338269460515026E-4     2.4559549151716793E-4    1.800858202109452E-4     1.3162633901788647E-4    9.590766305470186E-5     6.967117873405882E-5     5.046421677450588E-5     3.6448923660395253E-5    2.6254031864120053E-5    1.8860613990986423E-5    1.3514548309419173E-5    9.65982591696447E-6      6.8880079164190554E-6    4.900116008253076E-6     3.4780364651487665E-6    2.46316068444558E-6      1.7404994439431164E-6    1.2269145594210176E-6    8.624302163909002E-7     6.038334153860942E-7     4.1996256939148805E-7    2.88226526703192E-7      1.920018643134012E-7     1.186304958600935E-7     5.7786319242704775E-8    0
% Data
% c (mol/m^3) @ t=1100, u1=0.05, u2=0.05, u3=0.01
1                         0.9999993734059662       0.999998333484166        0.9999966851605517       0.999994155864689        0.9999903685706585       0.9999848066408809       0.9999767683784748       0.9999653087979171       0.999949165702863        0.9999266667325588       0.9998956136315376       0.9998531396485061       0.9997955357272635       0.9997180410728216       0.999614593824083        0.9994775380056276       0.9992972837190577       0.9990619186907741       0.9987567707730169       0.9983639226286118       0.997861681224383        0.9972240051318797       0.9964198905305914       0.9954127096018757       0.994159478029968        0.9926099933756714       0.9907057187278095       0.9883781609420207       0.9855462655270677       0.9821119429785563       0.9779521177543706       0.9729044127080249       0.9667413323000292       0.9591238614236015       0.9495184897021658       0.9370496075171757       0.9202381876764337       0.8965410556201838       0.8615414106288652       0.8075307673982413       0.7400910718831463       0.673209698642227        0.6078496235304031       0.5448394362491212       0.4848608823222512       0.4284444360260904       0.3759719055904555       0.3276848250610499       0.28369726610738116      0.24401169317225724      0.20853656596210796      0.17710454061014444      0.14949031082628653      0.1254273407281984       0.10462295289562203      0.08677143372962437      0.07156499306436018      0.05870256001138901      0.0478965097294988       0.0388774966743407       0.031397621522853615     0.025232185413013412     0.020180291129991063     0.01606454130590572      0.01273006322965979      0.010043062604556896     0.007889077980058903     0.00617107631753096      0.004807500206802832     0.0037303499603287523    0.00288335995354044      0.002220308492326884     0.0017034841793690354    0.0013023189974949011    9.92188762304955E-4      7.533747738859355E-4     5.701759506229495E-4     4.301580026761041E-4     3.2352488224776833E-4    2.4259746765437906E-4    1.813848912118239E-4     1.352348573065195E-4     1.0055052072175665E-4    7.45628579782615E-5      5.5148858413623666E-5    4.068721261580868E-5     2.9944435758758148E-5    2.198550475890377E-5     1.6104098333829E-5       1.1768405899776958E-5    8.579219702145766E-6     6.237653785257604E-6     4.520354663988008E-6     3.2604937033492496E-6    2.3331714441620236E-6    1.6441290489230906E-6    1.1208588790830462E-6    7.053388633676931E-7     3.4768332484799585E-7    0
% Data
% c (mol/m^3) @ t=1200, u1=0.05, u2=0.05, u3=0.01
1                         0.999999861330336        0.9999996295612654       0.9999992578004692       0.999998678344167        0.9999977942834486       0.9999964680654762       0.9999945060500687       0.9999916378582364       0.9999874890249546       0.9999815451449547       0.9999731053420916       0.9999612225085648       0.9999446273635029       0.9999216329893684       0.9998900161409683       0.999846871306627        0.9997884332468532       0.9997098635308691       0.9996049963716176       0.9994660386585249       0.9992832181472623       0.9990443715866699       0.9987344598358251       0.9983349873699093       0.997823284741557        0.9971715770390882       0.9963456959611192       0.9953031747074707       0.9939902531582464       0.9923369455671596       0.9902486621215743       0.9875917170888073       0.9841680317186972       0.979670811199885        0.9736068355173273       0.9651603381614567       0.9529549377103873       0.9346379956192687       0.9061561673741886       0.8604946086057167       0.8019503633385627       0.7423883400346434       0.6826734204737064       0.6236108139151874       0.5659255792975678       0.5102476974736901       0.4571027061444085       0.4069075992999887       0.35997144812143667      0.3165000278034338       0.276603634340866        0.2403072412438754       0.20756216874738773      0.17825850531704848      0.15223762015772999      0.12930422334606614      0.10923755572896851      0.09180141432746193      0.07675283333325054      0.06384934082360359      0.052854794112866775     0.043543861113506103     0.03570526158334217      0.029143912164415475     0.023682134859012688     0.019160092600383784     0.015435610517839643     0.012383529913849198     0.00989472615263258      0.007874903550484307     0.0062432615226654916    0.004931107866605871     0.0038804779823741       0.003042803579453749     0.002377661272146826     0.0018516205056374187    0.001437201417196221     0.001111946359957819     8.576036783132875E-4     6.594186737850524E-4     5.055242825947941E-4     3.8642255652594445E-4    2.945473744988184E-4     2.238987186733378E-4     1.6973916113246902E-4    1.2834379038573166E-4    9.679555402405162E-5     7.281882262312255E-5     5.464482945474685E-5     4.09034673074321E-5      3.053669830420894E-5     2.272953626716029E-5     1.685518281165195E-5     1.2431431837117396E-5    9.085898835281343E-6     6.5279781136312425E-6    4.525677176394477E-6     2.8856129608434576E-6    1.4344614014151775E-6    0
% Data
% c (mol/m^3) @ t=0, u1=0.05, u2=0.05, u3=0.03
1                         -5.6727329698675144E-8   3.4412341060481226E-15   4.799069503582021E-20    8.009901849351893E-26    1.0236269825679845E-31   1.1689697273466336E-37   1.2541942007528186E-43   1.2931961592123401E-49   1.2971711273413468E-55   1.2750964098618375E-61   1.234131299349709E-67    1.1799489050912687E-73   1.1170108771030506E-79   1.0487944867291806E-85   9.779799986134254E-92    9.066049837963995E-98    8.361911425132654E-104   7.678482961521758E-110   7.023594438389436E-116   6.402501374442443E-122   5.818448902477366E-128   5.273128827616727E-134   4.767048505888247E-140   4.299827220738115E-146   3.870433081180622E-152   3.4773712461744676E-158  3.118832425891131E-164   2.7928090631714384E-170  2.497185308263781E-176   2.2298058253103008E-182  1.988527575015215E-188   1.771257975021694E-194   1.5759822230705063E-200  1.4007820571408767E-206  1.2438478041177836E-212  1.1034852193859287E-218  9.781183318900141E-225   8.662892723098972E-231   7.666558674875062E-237   6.757577278544052E-243   5.337197264499675E-249   4.2126073731982857E-255  3.3229073513573535E-261  2.619557976413075E-267   2.0639179405989555E-273  1.6252595620114795E-279  1.2791734320606647E-285  1.0062881120697212E-291  7.912443925829835E-298   6.2187477691601515E-304  4.8854807240777E-310     3.83683515E-316          3.56E-322                0                        0                        0                        0                        0                        0                        0                        0                        0                        0                        0                        0                        0                        0                        0                        0                        0                        0                        0                        0                        0                        0                        0                        0                        0                        0                        0                        0                        0                        0                        0                        0                        0                        0                        0                        0                        0                        0                        0                        0                        0                        0                        0                        0                        0                        0                        0
% Data
% c (mol/m^3) @ t=100, u1=0.05, u2=0.05, u3=0.03
1                         0.9656881255471027       0.9132847261683886       0.8415363061625021       0.7517145725442032       0.6479125517674259       0.5366497837769436       0.42576129171666643      0.32283607075690884      0.23371191782487974      0.1615493833225738       0.106744029260304        0.06755197460372793      0.04104689376284265      0.024016634248053444     0.01357197895897427      0.0074299965680599605    0.003952083766652755     0.0020481812671338554    0.0010369245665182863    5.140507894175524E-4     2.5009126621002036E-4    1.1964373549732738E-4    5.638472128138082E-5     2.621893427834749E-5     1.2047020511560315E-5    5.476675174106364E-6     2.4661953735093974E-6    1.1011742453738024E-6    4.879749026040597E-7     2.1478382843284703E-7    9.396752723152754E-8     4.0888357139382785E-8    1.7705521020759993E-8    7.63340201416386E-9      3.27805282924795E-9      1.4027069941431637E-9    5.982814463423177E-10    2.5435424309124025E-10   1.0751224188189319E-10   4.39073932285231E-11     1.6903135625139698E-11   6.4934944126298194E-12   2.4896974371300284E-12   9.528808932446528E-13    3.640947477929702E-13    1.3890805866939883E-13   5.29207094726994E-14     2.0135025135451415E-14   7.651487281080177E-15    2.9043024308103296E-15   1.1012145521044375E-15   4.171239184563078E-16    1.5785110964361674E-16   5.968203677998495E-17    2.254629083528966E-17    8.510640576738342E-18    3.2101376002136717E-18   1.2099750678151973E-18   4.557601800608279E-19    1.7156083283523305E-19   6.454093986545607E-20    2.4266122787591695E-20   9.118537295148292E-21    3.4246844995646144E-21   1.2855730239609828E-21   4.823510788978078E-22    1.8089601446829227E-22   6.781134308286122E-23    2.5409209155259453E-23   9.517059498232285E-24    3.5632328297010426E-24   1.333588812356782E-24    4.989329506868734E-25    1.8659962333068013E-25   6.976429110887752E-26    2.607442103535545E-26    9.74227023221997E-27     3.638935583402372E-27    1.3588193150068591E-27   5.072551101286224E-28    1.8930955967918153E-28   7.063238650007642E-29    2.6346569715240796E-29   9.825091713809192E-30    3.663066435785476E-30    1.3653744990418514E-30   5.088158235811429E-31    1.8957198037212103E-31   7.061470723650601E-32    2.6298216697788894E-32   9.791970317656295E-33    3.6452637114583325E-33   1.3567667456891878E-33   5.0489463793173125E-34   1.8785162898260923E-34   6.987484462692817E-35    2.5967080113798664E-35   9.573302544822483E-36    3.242823642730475E-36    0
% Data
% c (mol/m^3) @ t=200, u1=0.05, u2=0.05, u3=0.03
1                         0.9920263987459037       0.9793573937139263       0.960742440413424        0.9349945468230986       0.9011403496323828       0.8585814570380368       0.80724207174606         0.747673995715901        0.681092072805034        0.6093221036352049       0.5346585589871625       0.4596480702047744       0.38683189192686374      0.3184910180831534       0.25643758626859264      0.20188513523307142      0.15541155279684693      0.11700814004554237      0.08619219206146701      0.06215263877885156      0.04389905530693542      0.030391430425052778     0.020637931092637677     0.013757281535318956     0.009009268644899765     0.005800651001372448     0.0036747720557090313    0.00229234318589879      0.0014091068271104101    8.541445452480076E-4     5.109019716134059E-4     3.0174834876073965E-4    1.7608491139524255E-4    1.0158377581475125E-4    5.796849802629924E-5     3.2737518054079285E-5    1.8304213755562688E-5    1.0129864441036468E-5    5.527198423911103E-6     2.894292936486951E-6     1.434204506908409E-6     7.048347326175376E-7     3.4367065416377175E-7    1.6631718071605122E-7    7.991382164350697E-8     3.813626634000957E-8     1.808084496314162E-8     8.518995412975498E-9     3.989923800027543E-9     1.858052368086088E-9     8.605430911729801E-10    3.9646684092935123E-10   1.8174121096360299E-10   8.29086484440371E-11     3.764687166707573E-11    1.7018406026010947E-11   7.660266929514358E-12    3.4337933772775226E-12   1.533120145711244E-12    6.818881180206906E-13    3.021655010207051E-13    1.3342228647766457E-13   5.871076415466063E-14    2.574923959799247E-14    1.1256863325493385E-14   4.9059525657269585E-15   2.131703160413289E-15    9.23570279456122E-16     3.99018897553564E-16     1.719237617394331E-16    7.388123963306715E-17    3.1668212016738035E-17   1.3540595055644946E-17   5.775759140964982E-18    2.4579238390840916E-18   1.043627223095803E-18    4.421487292127235E-19    1.8692378920772602E-19   7.886060191470339E-20    3.3203202197964926E-20   1.3952379619374107E-20   5.8517820879953806E-21   2.4497500321463293E-21   1.0236948778053278E-21   4.27026645225922E-22     1.7782584788830446E-22   7.392806162499654E-23    3.0684328009851025E-23   1.2715529859098025E-23   5.261140518009236E-24    2.173548687779906E-24    8.966412740954941E-25    3.693543149412365E-25    1.5193460979537977E-25   6.241182774976105E-26    2.55994389922665E-26     1.0473091332691043E-26   4.232985498181089E-27    1.5478660050922199E-27   0
% Data
% c (mol/m^3) @ t=300, u1=0.05, u2=0.05, u3=0.03
1                         0.9976390736473351       0.9938283453720812       0.9880724541808861       0.9798018644063938       0.9683918009938605       0.9531929031561264       0.9335736102535084       0.9089725623676447       0.8789572838700508       0.8432834312421879       0.8019473440085991       0.7552239940717846       0.7036830633797118       0.648177967083324        0.5898060381271224       0.5298422998472111       0.4696534798799061       0.41060224679785645      0.35395329893395805      0.30079249785340983      0.25196782552037444      0.2080571462958191       0.16936345951277185      0.13593444840418523      0.10760035911743196      0.08402290924550397      0.06474798484053834      0.049256015191534414     0.03700565826536238      0.027468333624582765     0.02015285152653259      0.014620696827644091     0.010493361811888743     0.007453514445625448     0.005241828519796408     0.003651097338312224     0.0025188916423021395    0.0017195394563162402    0.0011555252171325475    7.47220006949107E-4      4.625285433741393E-4     2.840129450679878E-4     1.7307061318734624E-4    1.0470337556624991E-4    6.290826645243721E-5     3.755029952448445E-5     2.2275045889272623E-5    1.3135799384733052E-5    7.702878158532352E-6     4.492904970188945E-6     2.6073041726487306E-6    1.5057500507891689E-6    8.655884897521967E-7     4.954076226191573E-7     2.823557283953114E-7     1.6028705705153836E-7    9.064605104776107E-8     5.1076865125741235E-8    2.8681162317072225E-8    1.60522103695151E-8      8.955777838133666E-9     4.981538928709054E-9     2.7629539340115602E-9    1.5282301709797184E-9    8.430651711069821E-10    4.6391703295196766E-10   2.5466734843781347E-10   1.3947763412992762E-10   7.622133347324853E-11    4.156514895288348E-11    2.2620443181728035E-11   1.2286496990060288E-11   6.661080433891876E-12    3.6048204223019944E-12   1.947493738713444E-12    1.0503924394171998E-12   5.656377108129514E-13    3.041327526874977E-13    1.6328700901565174E-13   8.754432673576139E-14    4.6872217082677304E-14   2.5063181855413592E-14   1.3384779319251395E-14   7.139382334976514E-15    3.8036774347154965E-15   2.0242244574161433E-15   1.0760764249724433E-15   5.714441134250713E-16    3.0315630501189563E-16   1.6067078967869785E-16   8.50744760025141E-17     4.5005667564910077E-17   2.378765762334147E-17    1.2561833283595E-17      6.627036963696363E-18    3.4900653317939605E-18   1.8277324555127326E-18   9.325113825181632E-19    4.104672369692786E-19    0
% Data
% c (mol/m^3) @ t=400, u1=0.05, u2=0.05, u3=0.03
1                         0.9992023013583737       0.9979047615271701       0.9959182785141067       0.993010431075039        0.9889038384760442       0.9832773797806532       0.9757711146209774       0.9659956168240187       0.9535461656144791       0.938021829368941        0.9190489387290758       0.896307820881283        0.8695610249365914       0.8386807037469262       0.8036724374574838       0.7646926912628745       0.7220573698216779       0.6762395894931703       0.6278557962103772       0.5776405990076594       0.5264119946354965       0.4750298236722717       0.42435112873314357      0.3751864383504305       0.328260818040457        0.284182852774452        0.24342367940218052      0.20630695685747674      0.17300944461342863      0.14357082879565652      0.11791070810812397      0.09585027598535267      0.07713618962216556      0.061464319401019415     0.04850139027577047      0.0379027641111219       0.029324455759861763     0.022426344052825904     0.016860226354023577     0.012228255612321258     0.0085429614620041       0.005913367328714336     0.004056929108277581     0.0027595858940834385    0.001861728357647648     0.0012460941544587675    8.277100160624545E-4     5.457875074525723E-4     3.5736082735012627E-4    2.324037413319844E-4     1.5015576841720453E-4    9.640706039722887E-5     6.152394837526542E-5     3.903411609004858E-5     2.4626424288619112E-5    1.5452661160620536E-5    9.645713249658588E-6     5.990666147399792E-6     3.702564747768711E-6     2.277669534470957E-6     1.394793201977481E-6     8.504083352219255E-7     5.163074594602581E-7     3.1218668062615615E-7    1.880202687700977E-7     1.1280699931808165E-7    6.743150813242649E-8     4.016402678810736E-8     2.3840157135839436E-8    1.4103482149291228E-8    8.316390819637101E-9     4.888535588643284E-9     2.8648395441743304E-9    1.6739405743948027E-9    9.752971322820494E-10    5.666677023656849E-10    3.283602153920896E-10    1.8977443928712327E-10   1.0940148945919018E-10   6.291280226767718E-11    3.6092405714154945E-11   2.065775886201998E-11    1.1796946430116464E-11   6.722060878470585E-12    3.822153231372068E-12    2.168762460660926E-12    1.2281138220760556E-12   6.940833124178987E-13    3.915197721815698E-13    2.2043818374843636E-13   1.238887719600401E-13    6.950379334385183E-14    3.892526424581508E-14    2.1761990711770125E-14   1.2143069531265939E-14   6.75582745688649E-15     3.729282242200529E-15    1.9950902658948935E-15   9.098095047936523E-16    0
% Data
% c (mol/m^3) @ t=500, u1=0.05, u2=0.05, u3=0.03
1                         0.9997095547363076       0.999234884415595        0.9985022055225649       0.9974175971633921       0.9958641626335732       0.9936996100148725       0.9907545744851676       0.9868320473649135       0.9817082959736299       0.9751356440457107       0.9668474256254823       0.9565653195328343       0.9440091146701668       0.9289087529066652       0.9110182578903667       0.890130904804243        0.8660947449521951       0.8388274022516999       0.8083289394958719       0.7746915800310413       0.738105185225869        0.6988576351440351       0.6573296264240217       0.6139838558441478       0.5693490524076474       0.5239997966915833       0.4785334635693546       0.4335458908662987       0.389607475662101        0.3472413162432376       0.3069047557161973       0.2689752597586944       0.2337409869848632       0.20139565855739297      0.1720362787064371       0.1456605645001255       0.12215784778973367      0.10128108832993737      0.08257513271108165      0.06521068904746057      0.049904043385562924     0.03782614586609458      0.02840578141873632      0.02113959426671494      0.015594684901675242     0.011406673365598499     0.00827472712216267      0.005954807969495598     0.004252120689602345     0.003013482150443663     0.0021200956734345167    0.0014810228227396945    0.0010274962367791472    7.08110067536695E-4      4.848532504266754E-4     3.2990812534476426E-4    2.2311575420252478E-4    1.5000323712638882E-4    1.0027211658948688E-4    6.665646615466698E-5     4.40714983478138E-5      2.8986461398654916E-5    1.8967954254003496E-5    1.2350867086444693E-5    8.003640895484115E-6     5.1623840934829194E-6    3.3146899488237694E-6    2.118949906738914E-6     1.3487672787474865E-6    8.549553163704057E-7     5.397462036174959E-7     3.3940915452556324E-7    2.1261388150355862E-7    1.3269010041923083E-7    8.251016741231107E-8     5.112580629381337E-8     3.1570170254886354E-8    1.9429277789263736E-8    1.1918373309575189E-8    7.287763211827059E-9     4.442460744896242E-9     2.699845962200868E-9     1.6359621770125394E-9    9.884579028841766E-10    5.955585564941596E-10    3.5785068742254366E-10   2.1444656967616098E-10   1.2817521283636112E-10   7.641587893871814E-11    4.544475672506649E-11    2.6960587315065947E-11   1.5956688424098974E-11   9.421916749038446E-12    5.5501701385895645E-12   3.2607487853243323E-12   1.9079611012343216E-12   1.1052043856017028E-12   6.171898563408925E-13    2.904525298495571E-13    0
% Data
% c (mol/m^3) @ t=600, u1=0.05, u2=0.05, u3=0.03
1                         0.999894048290924        0.9997202195218455       0.9994500973943441       0.9990465558681128       0.9984619726153926       0.9976363388613555       0.9964953492535398       0.9949485866980647       0.9928879494470273       0.9901864982172273       0.9866979259893716       0.982256867884284        0.9766802682468816       0.969770002009922        0.9613169035766551       0.9511062864923362       0.9389249411894496       0.9245694794643405       0.9078557602069299       0.888628992208407        0.8667739808216267       0.8422248820544501       0.8149737666167769       0.7850772914352633       0.7526608361419445       0.7179195886345461       0.6811162495143158       0.6425752525886312       0.6026736400911747       0.5618289487593845       0.5204846055298126       0.47909332770924684      0.43809875962251243      0.39791485897711854      0.3589010011735502       0.3213276813182552       0.2853216668437926       0.2507677940955727       0.21712216158279277      0.18304852600674285      0.15047217025105053      0.12261551909364733      0.09906733449670482      0.07937952621963183      0.06309238748895878      0.04975458669574157      0.038938006379642946     0.030247856957404347     0.02332870331856146      0.017867144402210797     0.013591901838126934     0.010272027862234181     0.00771385763086112      0.005757225957662213     0.004271358282871788     0.0031507408748625       0.0023111824211718736    0.0016862016045342371    0.001223813849640189     8.837443684958442E-4     6.350621220682466E-4     4.5420806929394217E-4    3.233787067055114E-4     2.292201753633132E-4     1.6178717695774055E-4    1.1372299664156338E-4    7.962082825754447E-5     5.553141377382699E-5     3.858709505133628E-5     2.6717307732487393E-5    1.843507028641786E-5     1.2678007058746973E-5    8.690849748622629E-6     5.939200056482231E-6     4.04665322940271E-6      2.7492403749601E-6       1.8626147125260123E-6    1.2585498399685408E-6    8.481974783562183E-7     5.7022131450607E-7       3.8242762377498816E-7    2.558895465402714E-7     1.708402544189787E-7     1.1381458651957467E-7    7.56676382717043E-8      5.0206540790526645E-8    3.3249144392908086E-8    2.1978686822443442E-8    1.4502868078652922E-8    9.55355731238051E-9      6.282906405140799E-9     4.125323123221827E-9     2.7042815981396482E-9    1.7695474698612736E-9    1.154939451445492E-9     7.498453514930735E-10    4.797670435673226E-10    2.924304370302164E-10    1.465451892299891E-10    0
% Data
% c (mol/m^3) @ t=700, u1=0.05, u2=0.05, u3=0.03
1                         0.9999604592528625       0.999895396569453        0.9997937792155823       0.9996409253500201       0.9994176037412583       0.9990990022771987       0.9986535746997054       0.9980417867300584       0.9972147971976074       0.9961131266483719       0.9946653845327562       0.9927871453590518       0.9903800825903618       0.9873314845388909       0.9835142866772272       0.9787877570257888       0.972998962999266        0.9659851270642735       0.957576943272852        0.9476028768270538       0.9358944054317783       0.9222920871806294       0.9066522597493434       0.888854095934952        0.8688066681858156       0.8464556166774292       0.8217889768881712       0.7948417045613074       0.765698431768954        0.7344939776045147       0.7014110781142129       0.6666746099112392       0.6305411068416538       0.5932813262745303       0.5551514919999657       0.5163446731456026       0.4769058152413017       0.4365790618754003       0.3945284894604344       0.3488230017491379       0.3022017923291315       0.25970920168385747      0.22143057559029553      0.18733231172666012      0.15728242032859563      0.13107190808210295      0.10843564199491967      0.08907166184403435      0.07265822954557057      0.05886820288122402      0.047380579814249826     0.03788926713977786      0.03010927989412045      0.023780678034895017     0.01867060060146408      0.014573773326901506     0.011311852759146462     0.008731937335515229     0.006704531500800675     0.005121199405073469     0.0038920949457504615    0.002943508409661673     0.002215528881005773     0.0016598869855990704    0.0012380146963034734    9.193375122309008E-4     6.797986706065432E-4     5.006042948948311E-4     3.671716093510202E-4     2.682586745271146E-4     1.9525272417679403E-4    1.4159443157819952E-4    1.0231674808109879E-4    7.367890558024479E-5     5.287843374089669E-5     3.782638136193846E-5     2.697319421368493E-5     1.917479307671716E-5     1.3590263774349197E-5    9.604195562237309E-6     6.768086537899607E-6     4.756389474704984E-6     3.3337209870372855E-6    2.3305269200952842E-6    1.625113615156956E-6     1.1304432719074297E-6    7.844747763080831E-7     5.431290751750942E-7     3.751875476240586E-7     2.5860714559979597E-7    1.7786909196649567E-7    1.2207812040097664E-7    8.36041580740914E-8      5.7113875063201986E-8    3.888011403876069E-8     2.6286041230952838E-8    1.745977958142099E-8     1.0984512694815846E-8    5.626272458577929E-9     0
% Data
% c (mol/m^3) @ t=800, u1=0.05, u2=0.05, u3=0.03
1                         0.9999846348652968       0.999959302316098        0.9999196022677561       0.9998596088418271       0.9997714536685939       0.9996448283822924       0.9994664006445029       0.9992191410569076       0.9988815626758948       0.998426880673239        0.9978221070784961       0.9970271044553102       0.9959936326172062       0.9946644336983783       0.9929724124588929       0.9908399797807617       0.9881786368285737       0.9848888840355214       0.980860541533685        0.9759735644512939       0.9700994263289378       0.9631031256874821       0.9548458438071235       0.9451882457608223       0.933994371704796        0.9211360112866124       0.9064973896957212       0.8899799154377157       0.8715066372840382       0.8510259087812689       0.8285135180853298       0.8039721218193144       0.7774260620416424       0.7489082491071696       0.718433226804889        0.6859458489541107       0.6512265084502372       0.6137186232325836       0.5722169645110629       0.5243075266184863       0.472710894469114        0.42310882239690695      0.3759923975089305       0.3317462034478014       0.29064789858974366      0.2528723962390679       0.21849975894157975      0.18752583635325076      0.1598746746822225       0.1354117907660241       0.11395751767069819      0.09529977303516267      0.07920575922362355      0.06543226124282674      0.05373435317906009      0.04387244899074062      0.03561773459069036      0.028756093903652996     0.02309069291226412      0.01844341515164889      0.014655353204517677     0.01158655744022841      0.00911522948042165      0.007136527287818474     0.005561124475544648     0.004313640924495653     0.0033310369542508852    0.0025610404147779343    0.001960655941669977     0.0014947886251263742    0.0011350005463454528    8.584078760325253E-4     6.467182073990003E-4     4.8540213216458105E-4    3.629893573292069E-4     2.7047750616831704E-4    2.0084078446704577E-4    1.4862560343294998E-4    1.0962076626395905E-4    8.059072972380859E-5     5.906157706609588E-5     4.315055852668528E-5     3.14312806268777E-5      2.282779524597047E-5     1.6531916370554716E-5    1.1939056523873261E-5    8.598718637720517E-6     6.176503762916584E-6     4.425107343459423E-6     3.16228687470923E-6      2.254203189696657E-6     1.6028781291526998E-6    1.136783916751042E-6     8.037934749641083E-7     5.65882749040134E-7      3.9508802377476304E-7    2.702778441228994E-7     1.7428139235001052E-7    9.077795131729167E-8     0
% Data
% c (mol/m^3) @ t=900, u1=0.05, u2=0.05, u3=0.03
1                         0.9999938993483145       0.9999838264798263       0.9999680008922326       0.9999440038032968       0.9999085918369042       0.9998574686602513       0.9997850087491348       0.9996839277931634       0.9995448950539308       0.9993560843779377       0.9991026626629508       0.9987662174900644       0.9983241294458989       0.9977488994072974       0.9970074467167094       0.996060400625298        0.9948614143993562       0.9933565387225473       0.9914836979871352       0.9891723191027068       0.986343166749293        0.9829084405763189       0.9787721875029002       0.97383107451349         0.9679755521645895       0.96109141347795         0.9530617122364073       0.943768940709932        0.9330972648476514       0.9209344484387637       0.9071728187312406       0.8917081485019205       0.8744345006980387       0.8552316321567459       0.8339390120552199       0.8103060631797608       0.7839004763722283       0.753942980648286        0.7190136935517027       0.676535230223386        0.6286231939911544       0.5804322072980558       0.5325523379775381       0.4855332998888281       0.4398704244356325       0.39599406615571503      0.3542625918696326       0.3149588836191881       0.2782900990644159       0.24439028817422034      0.21332536621984174      0.1850998901717864       0.15966507489609907      0.13692751067248876      0.11675809652218701      0.09900077601420525      0.08348074520968127      0.07001188867030357      0.05840328276683461      0.04846468117050957      0.04001096224775579      0.032865570415155705     0.026863022901993047     0.021850580352740057     0.017689195528702267     0.014253860723985184     0.011433473289536384     0.009130331770983244     0.007259364398971829     0.005747178596337057     0.004531006089292307     0.0035576041507769875    0.002782160209365121     0.0021672350249981745    0.001681769150596619     0.0013001685840541596    0.0010014783575218469    7.686472090268668E-4     5.878822764041996E-4     4.480897554014958E-4     3.4039547261091596E-4    2.577381443889985E-4     1.9452754485302178E-4    1.4635972996182283E-4    1.0978172479474043E-4    8.209856563815533E-5     6.12162083383017E-5      4.5514501011656165E-5    3.374512163156967E-5     2.4950062643235942E-5    1.8396880066355414E-5    1.3527495480419592E-5    9.917831155946048E-6     7.245954556959336E-6     5.266681073545386E-6     3.7906806960896113E-6    2.6659516346761966E-6    1.7588572722935317E-6    9.303742242569356E-7     0
% Data
% c (mol/m^3) @ t=1000, u1=0.05, u2=0.05, u3=0.03
1                         0.9999975294763545       0.9999934457396004       0.9999870172016201       0.9999772434563337       0.9999627730406018       0.9999418007893957       0.9999119411174362       0.9998700733160945       0.9998121548353462       0.9997329985809033       0.9996260105595448       0.9994828848204909       0.9992932536395629       0.9990442923455664       0.9987202801547989       0.9983021209004849       0.9977668306283028       0.9970870026387374       0.9962302645865225       0.9951587464984945       0.9938285827153884       0.9921894742868296       0.9901843404627099       0.987749087409913        0.984812517223899        0.9812963876073916       0.9771156071406409       0.9721785042499872       0.9663870250698785       0.9596365710586494       0.9518149377952647       0.942799386619612        0.9324501414785641       0.920597333529755        0.9070162395669624       0.8913819398740961       0.8731881820845037       0.8516044761446484       0.8252272462586012       0.7916502081505791       0.7522376273703038       0.7110243863830389       0.668468088420568        0.6250444874835664       0.5812329746907609       0.5375027254999576       0.49430008324804814      0.45203764382390266      0.4110853776461513       0.3717639890228233       0.334340579380561        0.29902655836508785      0.2659776421274281       0.23529569572316525      0.20703211871900434      0.18119243998504606      0.15774177763895883      0.1366108302263048       0.11770209159740716      0.10089602025841476      0.08605693987767044      0.07303849705671278      0.0616885519022516       0.05185342352014552      0.043381454202282524     0.03612589143978582      0.029947115294486452     0.024714259993017892     0.020306293225113604     0.016612625206814873     0.013533322992864867     0.010979004772180539     0.008870484949274454     0.007138234641525582     0.005721714645602695     0.004568629657059964     0.0036341441373723762    0.00288009214695859      0.0022742060077091185    0.0017893820186070022    0.0014029957239601125    0.0010962744521324191    8.537309745574991E-4     6.626591127333018E-4     5.126898531458739E-4     3.954049124580994E-4     3.0400362001039476E-4    2.3301834646041367E-4    1.780734071574587E-4     1.356823147207751E-4     1.030783606994025E-4     7.807368413204731E-5     5.894213611449922E-5     4.4321240697393E-5       3.312817526916436E-5     2.4483590012066052E-5    1.7634610400288726E-5    1.1863331315094922E-5    6.3573174526248235E-6    0
% Data
% c (mol/m^3) @ t=1100, u1=0.05, u2=0.05, u3=0.03
1                         0.9999989828060436       0.9999972998673172       0.9999946464567967       0.9999906037071905       0.9999846024466892       0.9999758774560916       0.9999634101577531       0.9999458574931658       0.9999214645087209       0.9998879579680977       0.9998424181695225       0.9997811260968661       0.9996993831099781       0.9995913006201912       0.9994495576416469       0.9992651247959919       0.9990269543075729       0.9987216367727447       0.9983330270049174       0.9978418429807827       0.9972252436937622       0.9964563932725159       0.9955040195353748       0.9943319743444646       0.9928987991949009       0.9911572898820759       0.989054034531783        0.9865288624731825       0.9835140750575679       0.9799332127143474       0.9756989100187419       0.9707090428039401       0.9648397781934193       0.9579331316889155       0.9497749337308078       0.9400562420771219       0.9283064254333739       0.9137780940420044       0.895250625152787        0.8706966978168086       0.8408612778454122       0.8085978902250152       0.7741584013684901       0.7378393633658853       0.6999736288044228       0.6609209040868415       0.6210576731094049       0.5807669340038691       0.5404281770531522       0.5004079944379748       0.46105165616731464      0.4226759163911251       0.3855632358102672       0.3499575246510012       0.3160614318407392       0.2840351340576402       0.25399651670201995      0.22602258991513746      0.20015194777734716      0.17638805791249734      0.15470316114484362      0.13504256510475518      0.11732912975559981      0.10146776442302927      0.08734978267274883      0.07485699101887376      0.06386541789531963      0.05424861885239837      0.04588052118917952      0.038637795227934604     0.032401759582816596     0.027059843809213488     0.022506643763628233     0.018644613098407113     0.015384438961855035     0.012645151672691786     0.01035401743654339      0.008446260623960292     0.0068646582584422555    0.005559044641228223     0.004485758872756485     0.0036070627509481993    0.00289055139201555      0.002308574118355844     0.001837678814914567     0.0014580891398203932    0.0011532207102630328    9.092396545169668E-4     7.14664675247789E-4      5.60011922688321E-4      4.374804009705709E-4     3.4067413387901677E-4    2.6435559337478125E-4    2.0422244128027358E-4    1.566955827647665E-4     1.1869934603497907E-4    8.740154394615878E-5     5.9857312380377336E-5    3.24570923616543E-5      0
% Data
% c (mol/m^3) @ t=1200, u1=0.05, u2=0.05, u3=0.03
1                         0.9999996332536863       0.9999990256692706       0.9999980655326316       0.999996598152344        0.9999944115989556       0.99999121836003         0.9999866319318753       0.9999801371905639       0.9999710531909243       0.9999584868369156       0.9999412756566747       0.9999179177098351       0.9998864864656716       0.999844528333489        0.9997889404192373       0.9997158260436455       0.9996203256047724       0.9994964205128407       0.9993367081631326       0.9991321462086021       0.9988717646563712       0.9985423443508616       0.998128059859223        0.9976100829892028       0.9969661390014379       0.9961699990572683       0.9951908762155194       0.9939926626888052       0.9925328935609458       0.9907612307875663       0.9886171043935219       0.9860258809479706       0.9828924788919262       0.9790905938951958       0.9744444330466966       0.9686977509232337       0.9614614844731821       0.9521254950227165       0.9397103644655714       0.9226194342802202       0.9011828997035818       0.8772889943847917       0.8510180765766036       0.822497484690224        0.7918990892005136       0.759435357851089        0.7253541077255128       0.6899321761826956       0.6534682866178381       0.6162754123895174       0.5786729521830154       0.5409790229361153       0.5035031537436732       0.4665396283222542       0.43036167777260725      0.39521667302824925      0.36132241111905045      0.32886453463039744      0.2979950725225574       0.26883204524689575      0.24146003964429477      0.21593163052170897      0.19226950647877214      0.17046914728917384      0.1505018982147358       0.132318291944422        0.1158514800558651       0.10102065152031084      0.08773433433131475      0.07589349643679878      0.06539438255366485      0.05613104310842303      0.047997529668793754     0.04088974723521152      0.034706967293769375     0.02935301643695536      0.024737163645226608     0.02077473513175958      0.01738748922069867      0.014503785353616194     0.012058581329002442     0.009993291610996128     0.008255537317845752     0.006798815610021403     0.005582112894121107     0.00456948274431168      0.0037296058639117624    0.0030353458454343385    0.0024633109349826627    0.001993428350761138     0.0016085336613892562    0.0012939727419835599    0.0010372068820110045    8.274009192036935E-4     6.549566496953416E-4     5.109236577166345E-4     3.861673910598981E-4     2.700827930335446E-4     1.4848149037726885E-4    0
% Data
% c (mol/m^3) @ t=0, u1=0.05, u2=0.05, u3=0.05
1                         -5.6727329698675144E-8   3.4412341060481226E-15   4.799069503582021E-20    8.009901849351893E-26    1.0236269825679845E-31   1.1689697273466336E-37   1.2541942007528188E-43   1.2931961592123401E-49   1.2971711273413468E-55   1.2750964098618375E-61   1.2341312993497088E-67   1.1799489050912687E-73   1.1170108771030506E-79   1.0487944867291806E-85   9.779799986134251E-92    9.066049837963992E-98    8.361911425132653E-104   7.678482961521757E-110   7.023594438389436E-116   6.402501374442443E-122   5.818448902477367E-128   5.273128827616728E-134   4.767048505888247E-140   4.299827220738114E-146   3.870433081180623E-152   3.4773712461744676E-158  3.118832425891132E-164   2.7928090631714384E-170  2.4971853082637817E-176  2.2298058253103018E-182  1.9885275750152156E-188  1.771257975021695E-194   1.5759822230705063E-200  1.4007820571408767E-206  1.2438478041177844E-212  1.1034852193859293E-218  9.781183318900148E-225   8.662892723098978E-231   7.666558674875077E-237   6.779876249008623E-243   5.991606007938755E-249   5.291515395149237E-255   4.670315854954334E-261   4.119597996329211E-267   3.631766557023202E-273   3.199976474126385E-279   2.8180710082692268E-285  2.480522584198153E-291   2.1823767867531876E-297  1.9191997769271637E-303  1.68702925832852E-309    1.482331887E-315         1.566E-321               0                        0                        0                        0                        0                        0                        0                        0                        0                        0                        0                        0                        0                        0                        0                        0                        0                        0                        0                        0                        0                        0                        0                        0                        0                        0                        0                        0                        0                        0                        0                        0                        0                        0                        0                        0                        0                        0                        0                        0                        0                        0                        0                        0                        0                        0                        0
% Data
% c (mol/m^3) @ t=100, u1=0.05, u2=0.05, u3=0.05
1                         0.9656881255471027       0.9132847261683886       0.8415363061625021       0.7517145725442032       0.6479125517674259       0.5366497837769436       0.42576129171666643      0.32283607075690884      0.23371191782487974      0.1615493833225738       0.106744029260304        0.06755197460372793      0.04104689376284265      0.024016634248053444     0.01357197895897427      0.0074299965680599605    0.003952083766652755     0.0020481812671338554    0.0010369245665182863    5.140507894175524E-4     2.5009126621002036E-4    1.1964373549732738E-4    5.638472128138082E-5     2.621893427834749E-5     1.2047020511560315E-5    5.476675174106366E-6     2.4661953735094084E-6    1.1011742453738511E-6    4.879749026042683E-7     2.1478382843374165E-7    9.396752723536154E-8     4.088835715579404E-8     1.770552109092683E-8     7.633402313796696E-9     3.278054107087759E-9     1.4027124360376201E-9    5.983045863174631E-10    2.544524770559849E-10    1.0792852347798173E-10   4.5668043808512526E-11   1.9280804210538565E-11   8.123708769339519E-12    3.4164190701659835E-12   1.4342965873928843E-12   6.011938837780883E-13    2.516220753558866E-13    1.051688674860178E-13    4.390066129607956E-14    1.8303640672022445E-14   7.622897542772378E-15    3.1713880579765075E-15   1.3181145758858391E-15   5.4733943440028875E-16   2.2708229424893787E-16   9.413561989202925E-17    3.899315454814519E-17    1.6140031110244785E-17   6.676033780792571E-18    2.7596000321531704E-18   1.1399908881142222E-18   4.70649264130082E-19     1.9419872226624377E-19   8.008657206330479E-20    3.3010188182511076E-20   1.359944419775221E-20    5.600005438614025E-21    2.304934289768543E-21    9.482865750442044E-22    3.8997723693260086E-22   1.6031151172819021E-22   6.587531901102066E-23    2.705949642286581E-23    1.1111218138368304E-23   4.560939573491586E-24    1.8715568834508083E-24   7.677377826362176E-25    3.148392005340792E-25    1.2907296262496017E-25   5.290012544811866E-26    2.1674905353159788E-26   8.878523297541826E-27    3.635892515269864E-27    1.4885782608080357E-27   6.09292807153864E-28     2.493316555825878E-28    1.020067432742574E-28    4.1723756178209896E-29   1.706254476964813E-29    6.976101782048022E-30    2.8516289013708876E-30   1.165431864245193E-30    4.762081579681095E-31    1.945472529623517E-31    7.946459662250454E-32    3.2452068513310237E-32   1.3249779499946627E-32   5.405190501313467E-33    2.188843639171667E-33    8.170301153913262E-34    0
% Data
% c (mol/m^3) @ t=200, u1=0.05, u2=0.05, u3=0.05
1                         0.9920263987459037       0.9793573937139263       0.960742440413424        0.9349945468230986       0.9011403496323828       0.8585814570380368       0.80724207174606         0.747673995715901        0.681092072805034        0.6093221036352049       0.5346585589871625       0.4596480702047744       0.38683189192686374      0.3184910180831534       0.25643758626859264      0.20188513523307142      0.15541155279684693      0.11700814004554237      0.08619219206146701      0.06215263877885154      0.04389905530693544      0.030391430425052813     0.02063793109263777      0.013757281535319257     0.009009268644900844     0.005800651001376325     0.003674772055722924     0.0022923431859483527    0.0014091068272864026    8.541445458698803E-4     5.109019737996171E-4     3.0174835640568547E-4    1.7608493798109987E-4    1.0158386773638235E-4    5.7968813938514805E-5    3.273859695411744E-5     1.8307874249579186E-5    1.0142198676017114E-5    5.568461471690155E-6     3.031299449819578E-6     1.6367569488519386E-6    8.769254695519326E-7     4.663548300838533E-7     2.462572673425021E-7     1.2915634001404953E-7    6.730140922787875E-8     3.485257087029123E-8     1.794161206881984E-8     9.183569868895493E-9     4.675053435816749E-9     2.3674597861791354E-9    1.1928627168217929E-9    5.981307439547695E-10    2.9852522362586247E-10   1.4832773432591866E-10   7.338263490862384E-11    3.615457706204374E-11    1.7741822747826372E-11   8.672828814970341E-12    4.2238688148929644E-12   2.049763640535525E-12    9.912763268659012E-13    4.777872568415154E-13    2.295472718544359E-13    1.0993957091700402E-13   5.249581708874985E-14    2.4993468178028453E-14   1.1865881304377412E-14   5.618026805808448E-15    2.652863604936945E-15    1.2494782658711145E-15   5.870282463424711E-16    2.7513015692240316E-16   1.286463082433205E-16    6.001587366006815E-17    2.793657255145954E-17    1.2976143799144422E-17   6.014644485355462E-18    2.7822186870077837E-18   1.2844398262286836E-18   5.918351130907401E-19    2.721914798314977E-19    1.2495587370602617E-19   5.726218004428371E-20    2.6195582836731162E-20   1.1963449835363996E-20   5.4547075695018005E-21   2.4830817010310927E-21   1.1285796861297054E-21   5.121671364575596E-22    2.320841289010534E-22    1.0501440196381532E-22   4.7450065179761786E-23   2.1410316347110612E-23   9.647530612429803E-24    4.340914029051254E-24    1.9485005251509655E-24   8.648135158770473E-25    3.4856689849501825E-25   0
% Data
% c (mol/m^3) @ t=300, u1=0.05, u2=0.05, u3=0.05
1                         0.9976390736473351       0.9938283453720812       0.9880724541808861       0.9798018644063938       0.9683918009938605       0.9531929031561264       0.9335736102535084       0.9089725623676447       0.8789572838700508       0.8432834312421879       0.8019473440085991       0.7552239940717846       0.7036830633797118       0.648177967083324        0.5898060381271226       0.5298422998472115       0.46965347987990774      0.41060224679786095      0.3539532989339715       0.30079249785344947      0.25196782552049035      0.2080571462961587       0.16936345951376316      0.13593444840706875      0.10760035912579002      0.08402290926964166      0.06474798490997895      0.04925601539050323      0.03700565883307373      0.027468335237288213     0.02015285608665469      0.014620709659698887     0.010493397738289433     0.007453614497058076     0.00524210560542214      0.0036518602410816614    0.00252097933494025      0.0017252159192430452    0.0011708561469052931    7.883347794906922E-4     5.267688851330613E-4     3.4944674184256855E-4    2.3021648966509175E-4    1.5066884564996538E-4    9.798806440225848E-5     6.334477731647981E-5     4.071513617809199E-5     2.6026897381436322E-5    1.6550799095004965E-5    1.047246833783153E-5     6.594944743634247E-6     4.13427164454385E-6      2.5804874962483213E-6    1.603999414143174E-6     9.930862556067613E-7     6.125290680232365E-7     3.7644042777269523E-7    2.305498719327617E-7     1.4073379588759256E-7    8.563658928250343E-8     5.19525921163453E-8      3.1426679037352606E-8    1.8957754104435557E-8    1.1405740167750295E-8    6.844737606554937E-9     4.097632841487164E-9     2.4473500446559854E-9    1.4584371268842282E-9    8.672566366587012E-10    5.146519893315117E-10    3.0480477220204844E-10   1.8017984217560614E-10   1.0631623510942079E-10   6.262287247389238E-11    3.6824425634570286E-11   2.1619058687735097E-11   1.2672498893825744E-11   7.417167002045E-12       4.334995132547128E-12    2.530097495987357E-12    1.4747087150239427E-12   8.58453622130832E-13     4.991020186374447E-13    2.8982984554186405E-13   1.6811122270936914E-13   9.740199415788468E-14    5.637330210846834E-14    3.2593409731554277E-14   1.882575168524186E-14    1.086315328637575E-14    6.262600551182274E-15    3.607132230571682E-15    2.0758184184051987E-15   1.1935485034717243E-15   6.856095891434895E-16    3.932262577556403E-16    2.2442846651994506E-16   1.25083484335997E-16     6.053469058400451E-17    0
% Data
% c (mol/m^3) @ t=400, u1=0.05, u2=0.05, u3=0.05
1                         0.9992023013583737       0.9979047615271701       0.9959182785141067       0.993010431075039        0.9889038384760442       0.9832773797806532       0.9757711146209774       0.9659956168240186       0.9535461656144791       0.9380218293689414       0.9190489387290769       0.8963078208812848       0.8695610249365965       0.8386807037469397       0.8036724374575209       0.7646926912629757       0.7220573698219538       0.6762395894939193       0.6278557962124017       0.5776405990131085       0.5264119946501034       0.47502982371125796      0.42435112883673504      0.3751864386244166       0.3282608187616573       0.28418285466346677      0.2434236843247602       0.20630696961749592      0.17300947750853926      0.1435709131194385       0.1179109230008403       0.09585082030910314      0.07713755976161396      0.06146774588668019      0.04850990187832949      0.03792376078521065      0.029375879286081413     0.02255135206231123      0.017161782450728708     0.012949927353878161     0.009691585068014524     0.0071953501876633585    0.005300842877480782     0.003875954652446713     0.002813561173362333     0.002028051970947633     0.001451930026621783     0.0010326486078399736    7.297825777891787E-4     5.125775135836145E-4     3.578813459349109E-4     2.484377318911304E-4     1.7150538431078862E-4    1.1776049167931708E-4    8.043781896738446E-5     5.466813318781935E-5     3.697373040016059E-5     2.4888948211838494E-5    1.6677874484714815E-5    1.112653413782332E-5     7.391386636693658E-6     4.889879889282454E-6     3.222062181971039E-6     2.114891690753077E-6     1.3829732371562646E-6    9.010767521536614E-7     5.850340658977922E-7     3.7854631490961977E-7    2.441297661246113E-7     1.5693865373989772E-7    1.005746588537403E-7     6.425946001051996E-8     4.093684017061521E-8     2.6005052448465647E-8    1.6474162911217843E-8    1.0408445731628193E-8    6.55901657261598E-9      4.122817240113536E-9     2.5851334086495634E-9    1.617093917980144E-9     1.0092058015810093E-9    6.284116300280077E-10    3.9044102783841094E-10   2.420690496591514E-10    1.4976853524274078E-10   9.247480840578021E-11    5.6986376400727483E-11   3.504981970959415E-11    2.15173757321767E-11     1.3185677597538644E-11   8.065759832811756E-12    4.925344994530466E-12    3.002563600047911E-12    1.827319570606365E-12    1.1100542000352837E-12   6.725431376697709E-13    4.04661420961693E-13     2.366123019603819E-13    1.1872867774622063E-13   0
% Data
% c (mol/m^3) @ t=500, u1=0.05, u2=0.05, u3=0.05
1                         0.9997095547363076       0.9992348844155948       0.9985022055225649       0.9974175971633921       0.9958641626335734       0.9936996100148727       0.9907545744851683       0.9868320473649155       0.9817082959736348       0.9751356440457238       0.9668474256255165       0.9565653195329222       0.9440091146703935       0.9289087529072468       0.911018257891854        0.89013090480803         0.8660947449617952       0.8388274022759248       0.8083289395567131       0.7746915801831108       0.7381051856040783       0.6988576360798939       0.6573296287276666       0.6139838614842297       0.5693490661403344       0.5239998299391514       0.4785335435952986       0.4335460823355214       0.38960793095775687      0.34724239206917595      0.3069072813517083       0.26898114961060604      0.2337546286319582       0.20142703333537015      0.17210792072008482      0.1458229508176651       0.12252314514080523      0.10209650563991725      0.08438093758095604      0.06917749601765837      0.05626312261571342      0.04540222931656831      0.036356690635273005     0.02889400443005277      0.02279355493787394      0.017851051464542314     0.013881317155536132     0.01071966552109849      0.008222132141631228     0.0062648316066266675    0.004742692408283714     0.003567792194894139     0.002667478611424902     0.0019824218265654474    0.0014647073568183695    0.001076044287057647     7.861357193905804E-4     5.712356838068134E-4     4.128996396279047E-4     2.9692352745996827E-4    2.1245833499548502E-4    1.5128248735039594E-4    1.0721226170877E-4       7.563014019135313E-5     5.311195175619843E-5     3.713533376993298E-5     2.585410356983688E-5     1.792530964728194E-5     1.2377856124206958E-5    8.513555223118483E-6     5.83320297377948E-6      3.98177167815538E-6      2.7080707196998463E-6    1.8352618486935835E-6    1.2394506735445563E-6    8.342404507392416E-7     5.596551286579765E-7     3.7424183051690934E-7    2.4947155621162695E-7    1.657905734384396E-7     1.0985021989899716E-7    7.257307994895661E-8     4.780947590423739E-8     3.1408382642993115E-8    2.0577792980565455E-8    1.3446252192317194E-8    8.763543061232632E-9     5.6971831434576666E-9    3.6946031842575724E-9    2.3901599350246903E-9    1.5426275804832106E-9    9.93326216658753E-10     6.381692835518297E-10    4.0906172880002236E-10   2.6155096790310394E-10   1.6662629417145114E-10   1.0520982248172802E-10   6.424210665721462E-11    3.3289153874276274E-11   0
% Data
% c (mol/m^3) @ t=600, u1=0.05, u2=0.05, u3=0.05
1                         0.9998911154368025       0.9997125466877292       0.99943524988866         0.9990213721873944       0.9984224901237433       0.9975777636080997       0.9964120920654446       0.9948343888517411       0.9927361197206668       0.989990278065431        0.9864509903329564       0.9819539553485587       0.976317917058978        0.9693473474446923       0.9608364719866153       0.9505747025547165       0.93835345258088         0.9239742003199307       0.9072575444308941       0.8880528716478759       0.8662481411743342       0.8417791984295777       0.8146379757813154       0.7848789319855065       0.7526231334698875       0.7180594919282576       0.681442839597721        0.6430887344251972       0.6033651238826752       0.5626812355682804       0.5214742801661124       0.48019472451739814      0.43929100088634554      0.3991945517487753       0.3603060652289015       0.3229836413240976       0.28753345776921463      0.25420329679340703      0.22317907267467993      0.1945842869767026       0.16848215257999574      0.14487998294230503      0.12373534723399378      0.10496344679708794      0.08844517014262192      0.07403532477286809      0.06157061437108743      0.050877018315179        0.04177632646039684      0.03409167656873793      0.02765202757456623      0.022295574311574185     0.017872165866177285     0.014244829789203184     0.01129052892896491      0.008900288625213637     0.00697883199647936      0.005443852837388714     0.004225041895908032     0.0032629654003945513    0.0025078766124528055    0.0019185233924251875    0.0014609983292133073    0.0011076635537670611    8.361702432554312E-4     6.285830927687708E-4     4.706125643868996E-4     3.5095228503369204E-4    2.6071525857085403E-4    1.9296026763448477E-4    1.4229865941589045E-4    1.0457135746388319E-4    7.658617742480204E-5     5.590614939893672E-5     4.068040581701792E-5     2.9510162067901454E-5    2.1343311218808725E-5    1.5392115104098664E-5    1.1069364589088778E-5    7.93918127753068E-6      5.679332747847207E-6     4.05253338200036E-6      2.8847082474932976E-6    2.0486167713908207E-6    1.4515761396688993E-6    1.0263019271668472E-6    7.241055487553741E-7     5.098640750278712E-7     3.583161077190308E-7     2.513449808388878E-7     1.759936583469442E-7     1.2301941175431228E-7    8.584479491368779E-8     5.979779843293578E-8     4.1560626988055136E-8    2.8764313166389848E-8    1.9674151476044358E-8    1.2902601614109452E-8    7.0438774037663674E-9    0
% Data
% c (mol/m^3) @ t=700, u1=0.05, u2=0.05, u3=0.05
1                         0.9999593400235056       0.9998924594173924       0.9997880660673375       0.9996311636737776       0.9994021527270894       0.9990758058696063       0.9986201287154297       0.9979951287741271       0.997151529160244        0.9960294799286867       0.994557337478215        0.9926506004406087       0.9902111073337353       0.9871266151182042       0.9832708864569538       0.9785044145630625       0.9726759057152          0.9656246188500911       0.9571836278217347       0.9471840247057344       0.9354600230468192       0.921854850914775        0.9062272494290998       0.8884583189398185       0.8684583893509985       0.8461735406858333       0.8215913721212454       0.7947456182772609       0.765719244211241        0.7346457160120988       0.7017082393225711       0.6671368772539218       0.6312035926793236       0.5942153963677815       0.5565059095734427       0.5184257558473528       0.4803322723102687       0.442579068879315        0.4055059623043212       0.3694297717290876       0.3346363889663131       0.301374437827336        0.2698507225983705       0.24022754665214668      0.21262186822704737      0.18710616006365635      0.16371075911688554      0.14242743566557         0.12321387897094892      0.10599878806293134      0.09068726832753077      0.07716626317792041      0.06530979044183999      0.05498380034281013      0.04605052161641287      0.03837221059737663      0.0318142621184044       0.026247678785137372     0.021550925527852833     0.01761121894910039      0.014325316177912654     0.011599876445716169     0.009351471439749395     0.0075063188244957335    0.005999808322146728     0.004775882505322512     0.003786325939732519     0.0029900073139525183    0.002352110322779585     0.0018433807727552818    0.0014394099422969794    0.0011199678131287765    8.683944493805507E-4     6.71053513403683E-4      5.168485970835881E-4     3.968006052114934E-4     3.0368272781077134E-4    2.3170845180380502E-4    1.7626746474634262E-4    1.3370408117545165E-4    1.0113287628133808E-4    7.628645857393925E-5     5.739068493932479E-5     4.3063064432618946E-5    3.223057070933312E-5     2.4063557583816693E-5    1.792292737949205E-5     1.3318124343467606E-5    9.873907877920412E-6     7.304199216850253E-6     5.391589671048285E-6     3.97134916247544E-6      2.9189803267151854E-6    2.140521839172184E-6     1.5648994342454114E-6    1.1376107244617637E-6    8.147976274932527E-7     5.560267806688074E-7     3.121730962126096E-7     0
% Data
% c (mol/m^3) @ t=800, u1=0.05, u2=0.05, u3=0.05
1                         0.9999842852602574       0.9999583819100887       0.9999178023250366       0.9998565101179666       0.9997665008859569       0.9996373030942517       0.999455393985808        0.9992035285156547       0.9988599837110121       0.9983977266849795       0.9977835218405016       0.9969770015362992       0.9959297344424088       0.9945843366019672       0.9928736812419471       0.9907202738242238       0.9880358676774833       0.98472140160904         0.9806673428749008       0.9757545155058446       0.969855484112101        0.9628365460923838       0.9545603603070806       0.9448892080343188       0.9336888434741503       0.9208328480972318       0.9062073584608213       0.889715994135347        0.8712847749488999       0.850866788825739        0.8284463567257798       0.8040424424930707       0.7777110745317188       0.7495465833876822       0.7196815130815024       0.6882851312892976       0.6555605396174697       0.6217404646035576       0.5870818865264235       0.551859730559764        0.5163598979289524       0.48087194949040507      0.4456817681762246       0.41106451953076756      0.37727820244717525      0.3445580381449689       0.31311188860179623      0.2831168309984114       0.2547169474185621       0.22802232396314184      0.2031091948141681       0.18002111787306446      0.15877103152282268      0.13934401778728672      0.12170058556815147      0.10578028770989152      0.0915054956724261       0.0787851734458635       0.06751851569556643      0.05759834167685477      0.04891416409913239      0.04135487905663328      0.034811047970501705     0.02917676420759656      0.024351115054492167     0.0202392637842277       0.01675318670647798      0.013812106612885736     0.011342667348551074     0.009278894880182026     0.007561988749469523     0.006139984746895642     0.004967325525377193     0.0040043711411430595    0.003216876532809024     0.0025754580223347483    0.002055066261317981     0.0016344788018869685    0.001295821732785071     0.0010241266287417407    8.069264174662384E-4     6.338916482446969E-4     4.965070049259458E-4     3.87786688503204E-4      3.02026439786877E-4      2.345894194813499E-4     1.817228526458548E-4     1.404022229864409E-4     1.0819982098941524E-4    8.317456442588376E-5     6.378017749934002E-5     4.8788986671791376E-5    3.72286929250963E-5      2.832937017712774E-5     2.1477308403084545E-5    1.6170456313696216E-5    1.196545936505112E-5     8.394733520942494E-6     4.804517371983986E-6     0
% Data
% c (mol/m^3) @ t=900, u1=0.05, u2=0.05, u3=0.05
1                         0.9999937584847239       0.9999834546437683       0.9999672705089355       0.9999427385804801       0.9999065533803385       0.9998543409592362       0.9997803807089498       0.9996772742268845       0.999535556845612        0.9993432488906092       0.9990853458778574       0.9987432498077952       0.9982941475237741       0.9977103468069323       0.9969585864371027       0.9959993427401657       0.9947861619457182       0.9932650546617207       0.9913739954829739       0.9890425766219667       0.9861918688217467       0.9827345449569684       0.9785753209153374       0.9736117638969704       0.9677355096283156       0.9608339168368997       0.9527921696575505       0.943495816805211        0.9328337111497432       0.9207012860034252       0.90700407663235         0.8916613692050637       0.8746098367624852       0.8558070050093346       0.8352343817661225       0.812900084341784        0.7888408098319775       0.7631230145851814       0.7358432001155963       0.7071272420235126       0.6771287436829835       0.6460264446512509       0.6140207616748551       0.5813295844876256       0.5481834862342689       0.5148205367502556       0.4814809242679715       0.448401596471265        0.41581112519455443      0.3839249813643207       0.3529413796881441       0.3230378183709765       0.2943684003967927       0.2670619823871855       0.24122115735405997      0.21692204111053248      0.19421480054829587      0.17312483674460621      0.15365451766743912      0.13578534428958206      0.11948042989726257      0.1046871745844511       0.091340024370518        0.07936321590330232      0.06867342208358379      0.05918222997126757      0.050798398913221444     0.04342986303003127      0.036985457265501585     0.03137635959118335      0.026517253317740585     0.022327222623973686     0.018730401354519317     0.015656399962982636     0.013040538383345632     0.010823913853307868     0.008953332574892107     0.007381132874662421     0.0060649255025642685    0.004967274145351904     0.004055336355976297     0.0033004821051035613    0.002677904197454347     0.0021662319788002308    0.0017471571695965842    0.0014050783480301248    0.0011267685914546765    9.010690691401841E-4     7.186099340308761E-4     5.715586257445072E-4     4.53394549612324E-4      3.587077881846567E-4     2.830174988650057E-4     2.2260177299286222E-4    1.7432231733547357E-4    1.3540833493097206E-4    1.0312072184909553E-4    7.411904521161557E-5     4.312922309068808E-5     0
% Data
% c (mol/m^3) @ t=1000, u1=0.05, u2=0.05, u3=0.05
1                         0.9999974806129903       0.9999933165301639       0.9999867626598697       0.9999768007141173       0.9999620559474935       0.9999406933768548       0.9999102898464489       0.999867678080948        0.9998087587757517       0.9997282768643504       0.9996195584387051       0.9994742054482201       0.9992817463358995       0.9990292422539401       0.9987008504934793       0.9982773493054226       0.9977356313956247       0.997048177025724        0.9961825217707705       0.9951007384497931       0.9937589573644097       0.9921069534942644       0.9900878333804843       0.9876378576951909       0.984686437520165        0.9811563426980716       0.9769641588493208       0.9720210253992216       0.9662336799705445       0.9595058246549839       0.9517398170678629       0.9428386740280393       0.9327083587521751       0.9212603044184375       0.9084141088679357       0.8941003182671118       0.8782632030324847       0.8608634184896106       0.8418804367453822       0.821314636002775        0.7991889396032538       0.7755499095847296       0.7504682181624155       0.7240384444711417       0.696378171910138        0.6676263919117778       0.6379412510877563       0.6074972085734494       0.5764816971420585       0.5450914036561771       0.5135283003686123       0.4819955676170124       0.4506935502101658       0.419815884411676        0.38954592049155196      0.36005354833833314      0.3314925119027315       0.303998273760373        0.27768646537991565      0.25265193325476526      0.2289683672411051       0.20668847635278795      0.18584465972653635      0.16645010701821536      0.14850025335159456      0.13197450906727587      0.11683818362715172      0.10304452564955666      0.09053680658400448      0.07925038331150816      0.06911468428614322      0.0600550740494504       0.05199456144515563      0.044855327116373744     0.038560055460166096     0.03303306483056072      0.02820123721090139      0.02399475470616629      0.02034765500642114      0.01719822148392092      0.014489225901963556     0.012168042964316124     0.010186656273350645     0.008501574855581385     0.007073678414848779     0.005868008031262797     0.004853517255614014     0.004002796522992062     0.0032917815056988818    0.002699453249329692     0.00220753412726149      0.0018001774590064702    0.0014636369858546557    0.0011858783755590138    9.560431700016834E-4     7.635620500495151E-4     5.9646376321593E-4       4.3787285803530926E-4    2.584694576640282E-4     0
% Data
% c (mol/m^3) @ t=1100, u1=0.05, u2=0.05, u3=0.05
1                         0.9999989605772776       0.9999972410111355       0.9999945302577365       0.9999904009743456       0.9999842727856013       0.9999753658721097       0.9999626428914506       0.9999447369952623       0.9999198634788204       0.9998857124116383       0.9998393194743449       0.9997769121989587       0.9996937289121394       0.9995838079537935       0.9994397452290926       0.999252418893857        0.9990106810124476       0.9987010173988684       0.9983071785800438       0.9978097869134658       0.9971859273360171       0.996408731975255        0.9954469718442659       0.9942646719541265       0.9928207692621712       0.9910688357381409       0.9889568912468862       0.9864273326611342       0.9834170063616307       0.979857450788096        0.9756753337302824       0.9707931054001698       0.9651298828849553       0.9586025743270569       0.9511272422148981       0.9426206947370382       0.933002282636046        0.9221958669189594       0.9101319107790016       0.896749637885927        0.8819991895793923       0.86584370620772         0.8482612535768171       0.8292465147600036       0.8088121707288211       0.7869899005233792       0.7638309428531814       0.7394061757022568       0.7138056880495816       0.6871378373356762       0.6595278067788582       0.631115696952707        0.6020542050552123       0.5725059619784798       0.542640610722362        0.5126317191923566       0.482653625541779        0.45287831479768176      0.42347242166400584      0.39459444649620895      0.3663922600805338       0.33900095878643066      0.31254111575732957      0.28711745697074076      0.2628179741233271       0.23971347019765812      0.21785751894640326      0.1972868069411435       0.17802181666627148      0.16006780161350698      0.14341599950679365      0.12804502757243028      0.11392240395499194      0.10100614166203659      0.08924636543227285      0.07858690726113798      0.06896684257580617      0.06032193583571466      0.052585971286306335     0.04569195140193283      0.039573151963312576     0.03416402852852657      0.02940097413355179      0.0252229323072276       0.021571872850114172     0.018393140261342124     0.01563568612133425      0.01325219694413719      0.01119912748001242      0.009436644943033725     0.007928479355720384     0.006641652919161082     0.005546013396111586     0.00461339328393571      0.0038159938900854617    0.0031231129695434025    0.0024942990298036107    0.0018647876509910793    0.001114293911322943     0
% Data
% c (mol/m^3) @ t=1200, u1=0.05, u2=0.05, u3=0.05
1                         0.999999569010473        0.9999988554373519       0.999997729009539        0.9999960099475993       0.9999934528685032       0.9999897262291004       0.9999843862952691       0.9999768444580095       0.9999663265438135       0.9999518225902588       0.9999320253873615       0.999905255931755        0.9998693738183911       0.9998216705204543       0.9997587435031726       0.9996763492047798       0.9995692331242256       0.9994309356081149       0.9992535724569251       0.9990275901994037       0.998741496837038        0.9983815700537777       0.9979315463262565       0.9973722960496834       0.9966814916907368       0.9958332780474175       0.9947979558703516       0.9935416922894312       0.9920262735781521       0.990208917636673        0.9880421650255206       0.9854738682644023       0.9824472992506811       0.9789013938839737       0.974771151163158        0.9699882010430617       0.9644815511458158       0.9581785170284244       0.9510058342039539       0.9428909426748228       0.9337634266265182       0.9235565834945441       0.912209088272388        0.8996667111396711       0.8858840397465143       0.8708261522728892       0.8544701841270569       0.8368067302128335       0.8178410263279686       0.7975938575644496       0.7761021485201615       0.7534191994926838       0.7296145442466646       0.7047734179245969       0.6789958375958662       0.6523953121280861       0.6250972118076665       0.5972368407414999       0.568957265910195        0.5404069652903394       0.511737363328761        0.4831003250022484       0.4546456796644208       0.4265188429644907       0.3988585995683813       0.37179510159720036      0.34544812809576186      0.31992563999303675      0.29532265348342485      0.2717204431021777       0.24918607451166425      0.22777225661498293      0.20751749344374296      0.18844650860613457      0.17057090910742553      0.15389005114636714      0.13839206803435267      0.12405501958589198      0.11084812302963405      0.09873302747950456      0.08766509704198927      0.07759467145357729      0.06846827746424926      0.06022976871599361      0.052821376280637745     0.0461846558935459       0.04026132058845151      0.03499394770385499      0.030326544701468592     0.026204943943098098     0.022576962033759466     0.019392182371127855     0.01660105321743288      0.01415263888233451      0.01198960997704957      0.010037472512043868     0.0081816987878117       0.006219423630052495     0.0037577287337962977    0
