% Model:              3zones_15_15_70.mph
% Version:            COMSOL 6.3.0.420
% Date:               Jul 9 2026, 09:41
% Dimension:          1
% Nodes:              101
% Expressions:        351
% Description:        Molar concentration, c
% Grid
0                         1                        2                        3                        4                        5                        6                        7                        8                        9                        10                       11                       12                       13                       14                       15                       16                       17                       18                       19                       20                       21                       22                       23                       24                       25                       26                       27                       28                       29                       30                       31                       32                       33                       34                       35                       36                       37                       38                       39                       40                       41                       42                       43                       44                       45                       46                       47                       48                       49                       50                       51                       52                       53                       54                       55                       56                       57                       58                       59                       60                       61                       62                       63                       64                       65                       66                       67                       68                       69                       70                       71                       72                       73                       74                       75                       76                       77                       78                       79                       80                       81                       82                       83                       84                       85                       86                       87                       88                       89                       90                       91                       92                       93                       94                       95                       96                       97                       98                       99                       100                     
% Data
% c (mol/m^3) @ t=0, u1=0.01, u2=0.01, u3=0.01
1                         -4.522845772963958E-8    2.159347170152288E-15    2.429049619556694E-20    3.234029231194618E-26    3.2960419531633407E-32   3.0016600099896487E-38   2.5681431685852386E-44   2.111589465229418E-50    1.6890005337406036E-56   1.3239176014680963E-62   1.0217940586561872E-68   7.790195122817137E-75    5.880645162805661E-81    4.402910824472972E-87    3.2738666708952506E-93   2.420083364469388E-99    1.779912873506474E-105   1.3033148956459144E-111  9.506353164339778E-118   6.910104932075516E-124   5.007517918951126E-130   3.618794268209378E-136   2.6087065070187134E-142  1.8763191843388003E-148  1.3467757137039032E-154  9.648653579058287E-161   6.900611668882571E-167   4.927386625889853E-173   3.5132250839958934E-179  2.5015087296252555E-185  1.7788787070148563E-191  1.2635029233544688E-197  8.964486853538296E-204   6.353665619595312E-210   4.4988412879213946E-216  3.1825817864569843E-222  2.249489953010255E-228   1.588675456239636E-234   1.1211204880548284E-240  7.905933449709942E-247   5.571269719169293E-253   3.9234718259839505E-259  2.761316920956563E-265   1.9422465388589397E-271  1.3653592927400635E-277  9.593019108379872E-284   6.73658736978203E-290    4.7283616157313004E-296  3.3172385754336023E-302  2.326197727734E-308      1.6305703074E-314        4.773E-321               0                        0                        0                        0                        0                        0                        0                        0                        0                        0                        0                        0                        0                        0                        0                        0                        0                        0                        0                        0                        0                        0                        0                        0                        0                        0                        0                        0                        0                        0                        0                        0                        0                        0                        0                        0                        0                        0                        0                        0                        0                        0                        0                        0                        0                        0                        0                        0
% Data
% c (mol/m^3) @ t=100, u1=0.01, u2=0.01, u3=0.01
1                         0.8551207359120235       0.7035370973406725       0.5550797663659199       0.41872944042835397      0.30124528267747547      0.20630615495644358      0.13437088082976173      0.0832460788494243       0.049116609293720755     0.027660124837926982     0.01491090100943898      0.007720170566018067     0.0038525621851088244    0.0018594801978000833    8.709784859475932E-4     3.971487279987619E-4     1.767945086321404E-4     7.703234612519889E-5     3.2928088419748134E-5    1.3836856245124265E-5    5.726267043004903E-6     2.3375557974250372E-6    9.425811625581337E-7     3.7590559326814145E-7    1.4842753951833994E-7    5.808202753619728E-8     2.2543802432186127E-8    8.685486831975137E-9     3.3237526542165112E-9    1.2641074775966692E-9    4.78062652597198E-10     1.7985853054389775E-10   6.734430580675218E-11    2.5104616636988876E-11   9.32034212333852E-12     3.4471786969156522E-12   1.2704710947973548E-12   4.667012435120171E-13    1.709151362135155E-13    6.24129848362417E-14     2.2730026603241407E-14   8.257076643562207E-15    2.9923938648971308E-15   1.0820229802341414E-15   3.904215992513578E-16    1.4059205050105399E-16   5.053162834639229E-17    1.8129419690028078E-17   6.49324638828886E-18     2.3218471964521894E-18   8.289588014162071E-19    2.955229629967683E-19    1.0520533068226208E-19   3.7402426113567253E-20   1.3280144677274216E-20   4.709455424503981E-21    1.6681141533866658E-21   5.901861242228097E-22    2.0858355270044894E-22   7.364062758058578E-23    2.5972795362011018E-23   9.151665503710738E-24    3.221642388490389E-24    1.1330913743812224E-24   3.9817759083894936E-25   1.3980609505061315E-25   4.9048446007852576E-26   1.719436185721716E-26    6.023095477116781E-27    2.108322115604555E-27    7.374759283595867E-28    2.5778761742344983E-28   9.005104757942988E-29    3.1436686749183396E-29   1.0967670994947703E-29   3.8241040411717274E-30   1.3325706992869301E-30   4.64091268422384E-31     1.615385206427099E-31    5.619724990543786E-32    1.954009612059995E-32    6.790740692489087E-33    2.3588064988035265E-33   8.189508983875774E-34    2.841968300733213E-34    9.857837152266561E-35    3.41782733556133E-35     1.1844848279520122E-35   4.1032165966859664E-36   1.4208211764985057E-36   4.917889373318649E-37    1.7015573868733588E-37   5.885006200617113E-38    2.0346192974791985E-38   7.031611867158439E-39    2.428994667070044E-39    8.379765820036468E-40    2.8639244625344785E-40   8.936837541915111E-41    0
% Data
% c (mol/m^3) @ t=200, u1=0.01, u2=0.01, u3=0.01
1                         0.910695049588524        0.8143184375356265       0.7140391059810917       0.6132561724414591       0.5153179432541054       0.42324349397217687      0.3394824791230377       0.26574546413763356      0.20292742345023887      0.15113181634407918      0.10978462379394459      0.07781147178657173      0.053841332506590865     0.03640024335654927      0.02406740123968656      0.015579884558284544     0.009885923372126239     0.0061562037062838255    0.003766855159435368     0.0022674310840138604    0.0013442527569214045    7.857775200619002E-4     4.533612336019639E-4     2.5842928374855185E-4    1.4567648719980388E-4    8.127499165318282E-5     4.4914413896376174E-5    2.4603158784592582E-5    1.3367868036555062E-5    7.208846376200077E-6     3.8605209880993545E-6    2.054122734423676E-6     1.086456085691582E-6     5.714667756789808E-7     2.990437113371992E-7     1.5574015358104143E-7    8.07482048705329E-8      4.169303817389452E-8     2.1444386612882776E-8    1.0989909964954206E-8    5.613153763825777E-9     2.8578907022266992E-9    1.4507620271431057E-9    7.344086299033288E-10    3.708030287108984E-10    1.8675828085997204E-10   9.38446569147383E-11     4.705324613602624E-11    2.354360386687305E-11    1.1757327907584521E-11   5.8606001389385365E-12   2.9161877281479774E-12   1.4486649344379884E-12   7.185151222289153E-13    3.558387759151355E-13    1.7597526104351323E-13   8.690813533441041E-14    4.286543646009831E-14    2.111629999133878E-14    1.0390016994183494E-14   5.106521276770492E-15    2.5070655035755988E-15   1.2295827683138053E-15   6.024487650750514E-16    2.948969902199301E-16    1.4421984320074133E-16   7.046927343431336E-17    3.440403834217289E-17    1.6782932512910424E-17   8.180658259364405E-18    3.9845850780776306E-18   1.939385851096174E-18    9.432847331868544E-19    4.584895871534221E-19    2.2270723401139197E-19   1.081102652254664E-19    5.2448904064845826E-20   2.543029825032997E-20    1.2323109311392145E-20   5.9683025712248715E-21   2.889020047232219E-21    1.3977407784983972E-21   6.759053982031045E-22    3.2668931584333746E-22   1.5782650388132234E-22   7.621262329138741E-23    3.678591642281686E-23    1.7748000289582279E-23   8.5592498325835E-24      4.126153864809517E-24    1.9883062083192906E-24   9.577522969847134E-25    4.611649675157165E-25    2.2196294201337254E-25   1.0677018380436572E-25   5.1283765008326265E-26   2.4488931442787564E-26   1.1373018797203666E-26   4.533505022321683E-27    0
% Data
% c (mol/m^3) @ t=300, u1=0.01, u2=0.01, u3=0.01
1                         0.9346285450066136       0.8633366588454192       0.7876306901347142       0.7092199571503719       0.6299205939740251       0.5515504765657723       0.47582443241694006      0.4042590769027221       0.3380956875415263       0.2782476023491597       0.22527591853598145      0.17939409730743497      0.14049885955861918      0.10822193402076619      0.08199521895004139      0.061121064051767544     0.04483979948421907      0.032388195829074644     0.02304483830606121      0.016160901716086074     0.011177007105527883     0.007628384448243489     0.0051413442690103365    0.003424160397463585     0.0022550875808807404    0.0014696109152013126    9.483426395188546E-4     6.063746045973557E-4     3.8442483452375773E-4    2.417966874927669E-4     1.5098109678311056E-4    9.36447523277626E-5      5.772691603176087E-5     3.538689937911333E-5     2.1582448576766353E-5    1.310289418737443E-5     7.922197779690222E-6     4.7723129236056756E-6    2.8654903095250167E-6    1.7156427421931616E-6    1.0246433678047194E-6    6.106404877745547E-7     3.6324813238874035E-7    2.1575108858080915E-7    1.279824150959911E-7     7.584035142454165E-8     4.490528728338297E-8     2.6572091311771395E-8    1.5716618392101198E-8    9.293130352860397E-9     5.494015432114536E-9     3.247801977986487E-9     1.9199948763863253E-9    1.1351501385360944E-9    6.712350037341774E-10    3.969935720015347E-10    2.348520536341516E-10    1.389687763128974E-10    8.225423406001896E-11    4.8699043048317145E-11   2.8840585052258582E-11   1.7084701188900545E-11   1.0123412268081393E-11   6.000092308135107E-12    3.557089088805166E-12    2.1092645569025327E-12   1.2510082918388155E-12   7.421219632895975E-13    4.4032107999291085E-13   2.612979601046948E-13    1.5508449645636626E-13   9.205774670539218E-14    5.4651992715939613E-14   3.244889116658424E-14    1.9268007507891555E-14   1.1442268425964776E-14   6.7955017097507994E-15   4.0360921069879446E-15   2.397326632514916E-15    1.4240221783702146E-15   8.45915203910047E-16     5.025217707372419E-16    2.985373174127547E-16    1.7736014801402924E-16   1.0537202855357584E-16   6.260441105958912E-17    3.719575675768099E-17    2.209985336392198E-17    1.3130807609206722E-17   7.801844492662598E-18    4.6355570782586615E-18   2.754173418401235E-18    1.6361463666328632E-18   9.715351515403244E-19    5.760604167873608E-19    3.399902419322601E-19    1.9767150808052327E-19   1.0923734715974455E-19   4.9379669939100175E-20   0
% Data
% c (mol/m^3) @ t=400, u1=0.01, u2=0.01, u3=0.01
1                         0.9487491342223413       0.8925296828452045       0.8321543417438363       0.768587293648247        0.7029063400663739       0.636257676319498        0.5698060186872351       0.5046832631987558       0.4419391021789917       0.3824970047618276       0.32711864955712383      0.2763792707159316       0.23065546733272513      0.19012590336054536      0.1547841153955246       0.1244615114174804       0.0988577554053019       0.07757522893653722      0.060154210069803773     0.046105791010534816     0.03494026503359767      0.026189593287647882     0.019423447633443055     0.014259080859906114     0.010365818409739887     0.00746527199122246      0.005328467958512587     0.003771013274058421     0.002647249937606813     0.0018441309478907744    0.0012753302941783252    8.759039735375627E-4     5.976624701419616E-4     4.0530078727079173E-4    2.7325646024012443E-4    1.832219954174625E-4     1.2221785353603258E-4    8.112791933796407E-5     5.3605161712493784E-5    3.5266206102795594E-5    2.3106571986118814E-5    1.5081324134303504E-5    9.807698627045998E-6     6.356370122706765E-6     4.106302242185076E-6     2.644675088139761E-6     1.6984331439778123E-6    1.0878014895807463E-6    6.949311891140857E-7     4.428805758222996E-7     2.816060039977207E-7     1.7867414089586938E-7    1.1313490146092293E-7    7.149800833818799E-8     4.5102229276278833E-8    2.8402085037921965E-8    1.7856212679581663E-8    1.120860742318747E-8     7.025400623825924E-9     4.397232597234801E-9     2.7485677698162583E-9    1.7158527121604199E-9    1.0698582324346724E-9    6.662997142757646E-10    4.145082373999768E-10    2.5759558409134034E-10   1.599210463269831E-10    9.918678665500625E-11    6.146118067719299E-11    3.805079100662719E-11    2.3537375692793716E-11   1.4547852157244125E-11   8.984631797924852E-12    5.5446678475010026E-12   3.419299726538674E-12    2.107157713491451E-12    1.2976762351838351E-12   7.986485392607745E-13    4.912189755287735E-13    3.019493984656707E-13    1.854991099401187E-13    1.1389553209904334E-13   6.989351487329501E-14    4.286868344881441E-14    2.6279907727814497E-14   1.610256036684234E-14    9.861887630274514E-15    6.037057620495458E-15    3.693993697480266E-15    2.259312471644926E-15    1.38122729763122E-15     8.440134919963924E-16    5.15439579960793E-16     3.14473949128603E-16     1.9145101686433352E-16   1.1588374611661293E-16   6.895551669053768E-17    3.8854679733432043E-17   1.779932268259637E-17    0
% Data
% c (mol/m^3) @ t=500, u1=0.01, u2=0.01, u3=0.01
1                         0.9580058658742029       0.9117827252672002       0.8618144528847729       0.8086961941345114       0.7531168769343729       0.6958368605206497       0.6376617363279525       0.5794135975603761       0.5219013208441006       0.4658915286545903       0.4120819048993461       0.3610784079578192       0.31337766810876627      0.2693554860034924       0.22926189560627952      0.19322276016134368      0.16124738212443854      0.1332411785018039       0.10902214777106274      0.08833966754580286      0.07089412905582858      0.0563560292758719       0.04438337733815346      0.03463658670710454      0.02679036992123764      0.020542482670128242     0.015619442878056616     0.01177955684845862      0.008813711594690372     0.006544445675914634     0.004823803786541957     0.003530430469493915     0.002566283252734143     0.0018532604838387829    0.0013299557072572138    9.486761585714153E-4     6.728018263538851E-4     4.7451473698588187E-4    3.3289490456602145E-4    2.3235788620346457E-4    1.6139673806791493E-4    1.1158599116640925E-4    7.680491010376543E-5     5.2639990174379205E-5    3.5931025329643655E-5    2.4430162901483693E-5    1.654849673335842E-5     1.1169540588870249E-5    7.513158601123927E-6     5.037129052954896E-6     3.366484888323538E-6     2.2431600191818206E-6    1.4903491132820483E-6    9.87441769125871E-7      6.524988407917392E-7     4.3007027387399117E-7    2.8277103844480685E-7    1.8548486481270774E-7    1.2139484811419731E-7    7.9277234099056E-8       5.1664181943826684E-8    3.360145490253457E-8     2.1811574896825965E-8    1.4132134665258282E-8    9.14008420520365E-9      5.9012332997563135E-9    3.803756071946012E-9     2.447854932416146E-9     1.5728470452803795E-9    1.009110239192805E-9     6.464939622330929E-10    4.1360471248843783E-10   2.6425430071483405E-10   1.686140450153424E-10    1.0745315518502492E-10   6.83937093861511E-11     4.348122207551049E-11    2.7611640780004078E-11   1.7514718672393267E-11   1.1098122535162373E-11   7.024987397118942E-12    4.442269995228653E-12    2.8063435140335363E-12   1.7711924489897136E-12   1.1168420435469353E-12   7.036073346889965E-13    4.4288659408640785E-13   2.785406453378556E-13    1.7503611973651374E-13   1.099047994730853E-13    6.895349600817896E-14    4.3224561555087344E-14   2.706923092795255E-14    1.6927440301923638E-14   1.0555472926684502E-14   6.536856566036008E-15    3.9716700308570036E-15   2.2771011822054808E-15   1.0554944913832338E-15   0
% Data
% c (mol/m^3) @ t=600, u1=0.01, u2=0.01, u3=0.01
1                         0.964632025921742        0.9256128193444942       0.8832452395790629       0.8379154705447734       0.790084283548454        0.7402751154465308       0.6890593951750655       0.637039721162419        0.5848316331183625       0.5330448222588259       0.4822646746631106       0.43303503703969326      0.3858430307034401       0.3411066205953818       0.2991654788642069       0.2602754783298519       0.22460692512536648      0.19224640954613578      0.16320193824951515      0.1374108273017781       0.11474969927538262      0.09504584912306581      0.0780892272371238       0.06364433146866953      0.051461393995944696     0.04128637981026738      0.03286946442913645      0.025971812181905286     0.020370618068219323     0.015862494584844566     0.01226537350259855      0.009419149386710492     0.007185318581823099     0.0054458690434832655    0.004101658892912624     0.00307049136823979      0.002285056919536913     0.001690874491378709     0.001244327224098414     9.108552696257618E-4     6.633414151460464E-4     4.807040985367399E-4     3.4669690946183686E-4    2.4890313177306904E-4    1.7790743580176703E-4    1.2662356833619478E-4    8.975596403054158E-5     6.337387770060778E-5     4.457831255912017E-5     3.124423399214753E-5     2.1822977713032753E-5    1.5192157962812931E-5    1.0542614086880447E-5    7.2939247949042895E-6    5.031736949930267E-6     3.461598655615302E-6     2.3751723533741515E-6    1.6256604062315156E-6    1.1100351860584191E-6    7.562601689375901E-7     5.141480143371215E-7     3.4885271752522736E-7    2.3625849119436527E-7    1.5972701941468433E-7    1.0781254877609377E-7    7.266322591901851E-8     4.89067946533356E-8      3.2876680915555426E-8    2.2076309695290454E-8    1.4809511229174681E-8    9.926296166193278E-9     6.648490517875586E-9     4.4504692045427245E-9    2.9777865451596915E-9    1.9917960040093523E-9    1.3320437877214289E-9    8.907861842076398E-10    5.95756385344722E-10     3.9853168870422767E-10   2.666944848287442E-10    1.7855805781985625E-10   1.1962311192265118E-10   8.020017223387357E-11    5.381611253857281E-11    3.6147297993253253E-11   2.4305936716799746E-11   1.6363057193526407E-11   1.1029845238532411E-11   7.444866675949873E-12    5.032035514564859E-12    3.405819029464384E-12    2.3079657460524868E-12   1.5652588116435707E-12   1.0612836588815806E-12   7.175251613508058E-13    4.806576270171279E-13    3.139158231559268E-13    1.91105315911448E-13     9.223491960452184E-14    0
% Data
% c (mol/m^3) @ t=700, u1=0.01, u2=0.01, u3=0.01
1                         0.9697311662982191       0.9362770965684456       0.8998259227345208       0.8606291402919253       0.8189975973309006       0.7752953673976125       0.7299316594311931       0.683351014907054        0.6360221313290277       0.5884257270017903       0.5410419197037382       0.49433762733097586      0.4487545086377647       0.4046979449060988       0.3625275182139742       0.32254937006392437      0.28501072845037356      0.2500967769225674       0.2179299127147981       0.1885713111171432       0.16202458959578675      0.13824125758074784      0.11712755518600987      0.09855223307102397      0.08235480960780166      0.06835386008331863      0.05635494169020687      0.04615783034062976      0.03756283181679053      0.030376020911943954     0.024413349314374014     0.019503639156472775     0.015490539865214776     0.012233569137482865     0.009608384634933525     0.007506443133370184     0.005834201224153433     0.0045119995858887135    0.003472754655825509     0.0026605602132334562    0.002029279367585844     0.001541186515439665     0.0011657001678346663    8.782317935758674E-4     6.591631842365006E-4     4.929552260261737E-4     3.6738406384322655E-4    2.7289605787500666E-4    2.0207021948003372E-4    1.4917553903251443E-4    1.0981039479117776E-4    8.061172812420124E-5     5.902261971275913E-5     4.3108098249582835E-5    3.141030709729664E-5     2.2835441020594922E-5    1.6566077111264267E-5    1.1993622358681726E-5    8.666566640946536E-6     6.251060237147692E-6     4.501034645241057E-6     3.2356654348219264E-6    2.3224497682151134E-6    1.6645536834791036E-6    1.1913895100273717E-6    8.516250687855075E-7     6.08015325101427E-7      4.3359404924878827E-7    3.0887635313391157E-7    2.198098019301638E-7     1.5627792688676167E-7    1.1101004140581288E-7    7.878898458885012E-8     5.5876694776522265E-8    3.9598619065008896E-8    2.8043647972345486E-8    1.9847874158860324E-8    1.4039037240164935E-8    9.924811397345098E-9     7.012705030981038E-9     4.952711680211162E-9     3.496306792761695E-9     2.4671693103276197E-9    1.7403006712236E-9       1.227149584813939E-9     8.650263861543024E-10    6.095773831995937E-10    4.294395176946439E-10    3.024468389800046E-10    2.1294029998516013E-10   1.4986118755865303E-10   1.0540051590343467E-10   7.404233511468158E-11    5.188560589095716E-11    3.616241494606243E-11    2.4893661338669822E-11   1.6639613511357422E-11   1.0313765767793647E-11   5.035414150051913E-12    0
% Data
% c (mol/m^3) @ t=800, u1=0.01, u2=0.01, u3=0.01
1                         0.97372241069535         0.9446391433315595       0.9128656570964471       0.8785664464334324       0.8419534738844608       0.8032831648063192       0.762851995578586        0.7209907642720752       0.6780576899837903       0.6344305415547098       0.5904980454154433       0.5466508630329017       0.5032724580854705       0.46073018950476036      0.41936696673434193      0.37949378649259063      0.3413834354764247       0.3052655915336323       0.2713234890325562       0.2396922361389026       0.2104587875022419       0.18366349148408492      0.15930305295780509      0.13733468698699328      0.11768119036697863      0.10023663038355253      0.08487234434978888      0.07144295844453062      0.05979216703383254      0.049758059492152104     0.041177835262741415     0.033891804153502715     0.02774662285936292      0.022597766640394677     0.018311274407799123     0.014764834886759452     0.01184830088286865      0.0094637287249885       0.00752504205599727      0.005957414991480355     0.004696461050594342     0.0036873028682217804    0.0028835849824767165    0.0022464791238172113    0.0017437192686992967    0.0013486928267177848    0.0010396050178740708    7.98725876641706E-4      6.117233537670628E-4     4.6708153748753847E-4    3.5559988740811705E-4    2.699673459971413E-4     2.0440404296379806E-4    1.543628302264816E-4     1.1628289792193335E-4    8.738807199522408E-5     6.552295795523029E-5     4.902077775590082E-5     3.659747643172162E-5     2.7267401789529366E-5    2.0276550658766466E-5    1.5050008545139512E-5    1.115077544876973E-5     8.247665574013869E-6     6.090393957750364E-6     4.490323020524018E-6     3.3056427939109643E-6    2.4300069921174165E-6    1.7838502166737345E-6    1.3077761700901645E-6    9.57539031267412E-7      7.002456680430188E-7     5.114899723594278E-7     3.731964399933277E-7     2.720016610972258E-7     1.9804252890733947E-7    1.440510810395968E-7     1.0467988383744605E-7    7.600030194565062E-8     5.513009658367132E-8     3.995754407535819E-8     2.893742980713877E-8     2.094045304242548E-8     1.5142242334328638E-8    1.0941691260770834E-8    7.900958288716518E-9     5.701446209550372E-9     4.111548746175542E-9     2.9630485674865634E-9    2.1338659945284225E-9    1.535462086392276E-9     1.1036469412003539E-9    7.918739667175857E-10    5.663434425700946E-10    4.024160699085729E-10    2.8196564715234846E-10   1.9139122346977005E-10   1.2007113824399577E-10   5.907928613177306E-11    0
% Data
% c (mol/m^3) @ t=900, u1=0.01, u2=0.01, u3=0.01
1                         0.9769096582502079       0.9513266612122745       0.9233199834475543       0.892997222258129        0.8605042390273558       0.8260237965641553       0.7897731789204311       0.752000815665135        0.7129819700407531       0.6730135883469814       0.6324084446138714       0.5914887482820071       0.5505794112320558       0.5100011921348033       0.47006394890727665      0.43106023256064824      0.39325944691148534      0.3569027781708848       0.32219906680145066      0.2893217525872929       0.25840697479813374      0.22955285558281427      0.20281993976111815      0.17823271168603758      0.15578206339407472      0.13542855094606676      0.1171062499861617       0.10072700838164014      0.08618489347977532      0.0733606430504336       0.062125950456749915     0.05234744342866408      0.0438902490892779       0.03662107268565039      0.03041075117681366      0.025136273306653904     0.02068228353246453      0.016942107334808387     0.013818349745304872     0.011223127640450033     0.00907800007549567      0.007313660519064121     0.005869451248596014     0.004692754331801189     0.0037383064260718595    0.002967476825728644     0.0023475403739435462    0.0018509694741074348    0.0014547627802185506    0.0011398223869329078    8.903865440704042E-4     6.935210769502478E-4     5.386697382931551E-4     4.1726155137951517E-4    3.2237171254305484E-4    2.4843168444139605E-4    1.9098361503390413E-4    1.4647405634610157E-4    1.1208204099648374E-4    8.5576826970534E-5       6.520098072285117E-5     4.957488738373972E-5     3.761921859877756E-5     2.8492327420386584E-5    2.153995806082978E-5     1.625504511436399E-5     1.224572597252257E-5     9.209999183533267E-6     6.915730633543977E-6     5.184940572171938E-6     3.881500647457668E-6     2.901534796946686E-6     2.165954806484156E-6     1.6146742965173668E-6    1.202137323679587E-6     8.938728917574736E-7     6.638473051463689E-7     4.924349666306893E-7     3.648670688490104E-7     2.700484793048372E-7     1.9965750240857258E-7    1.4746238903464458E-7    1.0880349932384412E-7    8.020176042749141E-8     5.906318796264068E-8     4.345631350782859E-8     3.1944824562562136E-8    2.346193104663132E-8     1.7216202813844418E-8    1.2621095489132308E-8    9.242269240223342E-9     6.75824090532353E-9      4.9309980720742095E-9    3.5840241406964183E-9    2.5857969395330486E-9    1.8372756023866162E-9    1.2622140779183654E-9    7.993569424018901E-10    3.956963350080019E-10    0
% Data
% c (mol/m^3) @ t=1000, u1=0.01, u2=0.01, u3=0.01
1                         0.9795140864191992       0.9567975657832206       0.9318887744722664       0.9048569358494037       0.8758023946459566       0.8448561334494609       0.8121785441221806       0.7779574497642705       0.7424053976309276       0.7057562693521788       0.6682612808507834       0.630184469333149        0.5917977873777671       0.553375943183629        0.5151911402482895       0.4775078780561559       0.4405779769521423       0.40463598476387175      0.3698951098249874       0.3365438051926246       0.3047431028494791       0.27462476577630063      0.2462902915937679       0.2198107659077814       0.19522752861004986      0.17255358424815678      0.15177566007822832      0.13285679410423457      0.11573932136716485      0.1003481204763963       0.08659398376766987      0.07437698284614198      0.0635897154705067       0.05412033826250174      0.04585531092598885      0.03868179987317489      0.03248971087222525      0.027173340298620504     0.022632651865207038     0.01877419974382526      0.015511729527873967     0.012766495561704684     0.01046733704738697      0.008550556457752597     0.00695964265252193      0.005644878258385469     0.004562866864068357     0.003676010876542466     0.0029519658912228394    0.0023630924714481637    0.001885921551907137     0.0015006454406460206    0.0011906426911622867    9.420419908338967E-4     7.433276628778652E-4     5.849873738554667E-4     4.5920112510532146E-4    3.5956952087816255E-4    2.80878580639049E-4      2.1889793118507958E-4    1.702090135302417E-4     1.3205991416868093E-4    1.0224353227004109E-4    7.899598348656955E-5     6.091238495357474E-5     4.6877439379012623E-5    3.600851967436314E-5     2.7609235466979126E-5    2.1131729471277388E-5    1.6146198955637454E-5    1.2316361972232832E-5    9.379788170146896E-6     7.132189882814915E-6     5.414921753034287E-6     4.10506804871868E-6      3.1076080062407235E-6    2.349243149986108E-6     1.7735487260901946E-6    1.3371762227300128E-6    1.0068873529807173E-6    7.572435955349881E-7     5.688109772604224E-7     4.267685994405651E-7     3.1983263034930266E-7    2.3942611170512803E-7    1.790398006654763E-7     1.33741099209886E-7      9.979749534297514E-8     7.438833816472052E-8     5.538458596010465E-8     4.1180723172402893E-8    3.056659632954391E-8     2.2629676675874446E-8    1.6680381110317505E-8    1.2194699359999778E-8    8.769579331255152E-9     6.08738195061607E-9      3.886273433026319E-9     1.9336925670592388E-9    0
% Data
% c (mol/m^3) @ t=1100, u1=0.01, u2=0.01, u3=0.01
1                         0.9816844751758442       0.9613607235999999       0.9390462787881599       0.9147836856689475       0.8886410241647444       0.8607119092773617       0.8311149384657347       0.799992572102015        0.7675094494173968       0.7338501600753896       0.6992165097047159       0.6638243356654343       0.6278999462317538       0.5916762714547599       0.5553888264420253       0.5192715969510319       0.48355296244474755      0.4484517726611448       0.414173690056237        0.3809079021655807       0.34882429520509417      0.31807116355832166      0.2887735098729965       0.26103196822890323      0.2349223593279315       0.21049586309359522      0.18777977168338206      0.16677876589187582      0.1474766412900887       0.12983839801312455      0.1138126003864101       0.09933390974967313      0.0863256957382503       0.07470263744286154      0.06437323556789352      0.055242169045892346     0.04721244355814068      0.0401872940762676       0.03407181797638706      0.02877432872370437      0.024207431998188745     0.020288836040932203     0.016941915746317076     0.01409605557765091      0.011686799854359279     0.009655840562715262     0.007950872863136216     0.006525347223217391     0.005338144920138536     0.004353200834877265     0.003539094276694394     0.0028686252598753735    0.002318390389229564     0.0018683694333779233    0.0015015308693065359    0.0012034622242485696    9.620289466891322E-4     7.670638077174098E-4     6.100874496393305E-4     4.840596310837019E-4     3.831599298942972E-4     3.0259611671573124E-4    2.3843806290580204E-4    1.874748577039642E-4     1.4709274625605398E-4    1.1517153110065995E-4    8.99971785306632E-5      7.018851582538062E-5     5.463607793192137E-5     4.245134884379076E-5     3.292483314197018E-5     2.54915792571207E-5      1.9702952676295984E-5    1.520362114930494E-5     1.1712863028058544E-5    9.009443399245544E-6     6.9194206686700075E-6    5.306349318480978E-6     4.063433654444436E-6     3.107263678408808E-6     2.372829055823854E-6     1.809561815799659E-6     1.378204200951246E-6     1.0483361798171727E-6    7.964286508713981E-7     6.043142985043484E-7     4.5798928835720856E-7    3.466762809274159E-7     2.620932616070658E-7     1.9788399787684635E-7    1.4917501738683118E-7    1.122312519724323E-7     8.418823951790572E-8     6.284328216945511E-8     4.649143284240525E-8     3.3794776318711235E-8    2.3675288858488225E-8    1.522264984095169E-8     7.608729071823036E-9     0
% Data
% c (mol/m^3) @ t=1200, u1=0.01, u2=0.01, u3=0.01
1                         0.9835219043542307       0.965226511499076        0.9451169103712549       0.923216650207116        0.8995703991312294       0.8742442150364998       0.8473254012888295       0.8189219298627685       0.7891614258327112       0.7581897193877879       0.72616898432094         0.6932754948213331       0.6596970448925722       0.6256300863255697       0.5912766513751162       0.556841134649547        0.5225270147994189       0.4885336000327812       0.45505288203546673      0.4222665803933647       0.39034345408876836      0.35943694820487143      0.32968323289713963      0.3011996783955742       0.2740837948349835       0.24841264972515617      0.2242427595974024       0.20161043655964797      0.1805325559064061       0.16100769824557568      0.14301760939180508      0.12652891395315521      0.11149501433802639      0.09785810587000245      0.08555124066333426      0.07450037755238369      0.06462636221752857      0.05584679014734409      0.04807771461742763      0.041235171848776765     0.035236505377970635     0.030001480951607595     0.02545319157393248      0.021518759426674763     0.0181298470930209       0.015222994805681945     0.01273980334253579      0.010626983821837575     0.008836296160940664     0.007324397545570633     0.006052621110369209     0.004986703352244169     0.004096476768642298     0.003355541994257171     0.002740931436977894     0.0022327741945420117    0.0018139699477251621    0.001469877629303744     0.0011880229938614438    9.578277768872773E-4     7.703619331439149E-4     6.181194737274148E-4     4.948176607985001E-4     3.9521874614174135E-4    3.149730296376059E-4     2.5048174101356034E-4    1.9877808829539689E-4    1.5742474638647354E-4    1.2442605867749927E-4    9.815327568656767E-5     7.728124231842975E-5     6.0735056920812736E-5    4.764535086197691E-5     3.7310969014496905E-5    2.9167963376780148E-5    2.2763939789842567E-5    1.773691834622763E-5     1.3797979753664937E-5    1.071707156716717E-5     8.311439442899486E-6     6.436229472091977E-6     4.976878633528455E-6     3.842972089214187E-6     2.9632992022059064E-6    2.2818856053241615E-6    1.7548172361802738E-6    1.347704798164494E-6     1.0336643838805852E-6    7.917127211456358E-7     6.054943162837603E-7     4.622732447625806E-7     3.5213496899706476E-7    2.673537650537638E-7     2.0188945569080076E-7    1.509834411877166E-7     1.1082867544102693E-7    7.829134775629248E-8     5.066359259575306E-8     2.5426425851892116E-8    0
% Data
% c (mol/m^3) @ t=0, u1=0.01, u2=0.01, u3=0.03
1                         -4.522845772963958E-8    2.159347170152288E-15    2.429049619556694E-20    3.234029231194618E-26    3.2960419531633407E-32   3.0016600099896487E-38   2.5681431685852386E-44   2.111589465229418E-50    1.6890005337406036E-56   1.3239176014680963E-62   1.0217940586561872E-68   7.790195122817136E-75    5.880645162805659E-81    4.40291082447297E-87     3.2738666708952485E-93   2.420083364469386E-99    1.7799128735064726E-105  1.3033148956459138E-111  9.506353164339775E-118   6.910104932075513E-124   5.007517918951125E-130   3.618794268209377E-136   2.6087065070187127E-142  1.8763191843388E-148     1.346775713703903E-154   9.648653579058282E-161   6.90061166888257E-167    4.9273866258898535E-173  3.513225083995899E-179   2.5098500009417735E-185  2.0004093814849655E-191  1.592485380626316E-197   1.2663424461656641E-203  1.005950225892685E-209   7.983238607985299E-216   6.329715827891642E-222   5.0143519118657816E-228  3.9690993345432E-234     3.1393159422999095E-240  2.4812000148999216E-246  1.9596956352507644E-252  1.546787807486824E-258   1.2201189194945318E-264  9.61868976938335E-271    7.578515070768813E-277   5.967851937742459E-283   4.69708260119061E-289    3.695084853215849E-295   2.9054665871491977E-301  2.283553637744859E-307   1.79398412526E-313       1.62473E-319             0                        0                        0                        0                        0                        0                        0                        0                        0                        0                        0                        0                        0                        0                        0                        0                        0                        0                        0                        0                        0                        0                        0                        0                        0                        0                        0                        0                        0                        0                        0                        0                        0                        0                        0                        0                        0                        0                        0                        0                        0                        0                        0                        0                        0                        0                        0                        0
% Data
% c (mol/m^3) @ t=100, u1=0.01, u2=0.01, u3=0.03
1                         0.8551207359120235       0.7035370973406725       0.5550797663659199       0.41872944042835397      0.30124528267747547      0.20630615495644358      0.13437088082976173      0.0832460788494243       0.049116609293720755     0.027660124837926982     0.01491090100943898      0.007720170566018067     0.0038525621851088253    0.0018594801978000848    8.709784859475968E-4     3.97148727998773E-4      1.7679450863217406E-4    7.703234612530316E-5     3.292808842007107E-5     1.3836856246121902E-5    5.726267046079072E-6     2.3375558068722934E-6    9.425811915065755E-7     3.7590568169817076E-7    1.4842780875499837E-7    5.808284435027174E-8     2.2546271029554028E-8    8.692916782386053E-9     3.3460157795980297E-9    1.3304955752722536E-9    5.576023459930459E-10    2.325080085082703E-10    9.649941045328955E-11    3.987844011904832E-11    1.6414060787025572E-11   6.731038594300143E-12    2.750729718940635E-12    1.1205066815634065E-12   4.55064636298508E-13     1.8429215403359994E-13   7.443741677592921E-14    2.999130534620224E-14    1.2055413374667187E-14   4.835142396442162E-15    1.935217994897796E-15    7.73023657651806E-16     3.082073125090255E-16    1.2266535415270169E-16   4.873805410040494E-17    1.9333808187173946E-17   7.657776653813661E-18    3.028690287520529E-18    1.1961967552421526E-18   4.718160933078982E-19    1.8586186585639186E-19   7.312715551417976E-20    2.8738220785885264E-20   1.1281179093601086E-20   4.4236616394576084E-21   1.7328474139766046E-21   6.781205828885036E-22    2.651171999423877E-22    1.0355439660353308E-22   4.041227412655508E-23    1.5757445692111348E-23   6.139020408298022E-24    2.3898208200905956E-24   9.296003054037118E-25    3.6132906185987545E-25   1.4034461899829875E-25   5.447345011834096E-26    2.1129040386135714E-26   8.19010594827226E-27     3.172654529885717E-27    1.2282530017258698E-27   4.752176540699781E-28    1.8375726915623984E-28   7.101513877161659E-29    2.7429551851743035E-29   1.058898815760194E-29    4.085681746693179E-30    1.5756327880788039E-30   6.0733977572190785E-31   2.339916084210607E-31    9.010856344368861E-32    3.4684404939202354E-32   1.3344730375900286E-32   5.1321284696176674E-33   1.972886055342584E-33    7.581020883223691E-34    2.911916146464586E-34    1.1180459075661514E-34   4.291152453005362E-35    1.6463616399849829E-35   6.314129664300918E-36    2.4205067983620447E-36   9.267432013938433E-37    3.516386802612514E-37    1.2203767945711463E-37   0
% Data
% c (mol/m^3) @ t=200, u1=0.01, u2=0.01, u3=0.03
1                         0.9106950495885241       0.8143184375356266       0.714039105981092        0.6132561724414597       0.515317943254107        0.4232434939721799       0.33948247912304463      0.2657454641376494       0.20292742345027473      0.15113181634415995      0.1097846237941267       0.07781147178698128      0.05384133250751007      0.03640024335860807      0.02406740124428794      0.01557988456854491      0.009885923394949607     0.00615620375692144      0.003766855271475065     0.0022674313311852705    0.001344253300507081     7.85778711550261E-4      4.5336383594305136E-4    2.584349459208507E-4     1.4568875674984025E-4    8.130146279269056E-5     4.4971256683090236E-5    2.4724605159797662E-5    1.362593613095519E-5     7.754031339398442E-6     4.571716445561486E-6     2.6790293083008374E-6    1.5610231856084279E-6    9.04789001246739E-7      5.218550533783489E-7     2.996145487044539E-7     1.7128541698959406E-7    9.753166590889735E-8     5.532890014554756E-8     3.127835386758217E-8     1.7624516654550055E-8    9.900575699729132E-9     5.545683558534366E-9     3.0979634001547644E-9    1.7262091401060684E-9    9.595565007140513E-10    5.321902934677227E-10    2.945353539244347E-10    1.6267948495064297E-10   8.968093219342179E-11    4.934954123673108E-11    2.7109557061490158E-11   1.4868111101659645E-11   8.141762370201807E-12    4.451876248224481E-12    2.430862382044831E-12    1.3255584028802283E-12   7.21913704606764E-13     3.9268529838463726E-13   2.1335379403090702E-13   1.1579090621113377E-13   6.277511682079444E-14    3.3998440675589065E-14   1.8395309958315E-14      9.94372371399363E-15     5.370330507577174E-15    2.897865934138439E-15    1.5624110673638244E-15   8.417162402382326E-16    4.531086926154729E-16    2.4373482539000227E-16   1.3101555548561885E-16   7.037674914846198E-17    3.7778701517097746E-17   2.0266849225924142E-17   1.0865663270333508E-17   5.8219168119992045E-18   3.1176260411434418E-18   1.6685469681982131E-18   8.925180009065995E-19    4.771633169626024E-19    2.5497387294473215E-19   1.3617883488274019E-19   7.269679863881342E-20    3.878991730326154E-20    2.068836686446618E-20    1.1029174137744434E-20   5.877256074188955E-21    3.1305903794595283E-21   1.6668742650431248E-21   8.871745218783553E-22    4.720075427518443E-22    2.51029132433184E-22     1.3345198104516387E-22   7.090652312278086E-23    3.7623714163067323E-23   1.9855762610102363E-23   1.0205214423421894E-23   4.5179271006997624E-24   0
% Data
% c (mol/m^3) @ t=300, u1=0.01, u2=0.01, u3=0.03
1                         0.934628545006785        0.8633366588458462       0.7876306901355845       0.7092199571520588       0.6299205939772473       0.5515504765719006       0.47582443242858125      0.40425907692483026      0.3380956875835118       0.27824760242889407      0.22527591868739627      0.17939409759492844      0.14049886010434418      0.108221935056255        0.08199522091373         0.061121067772904235     0.044839806528951774     0.032388209150143836     0.023044863458990098     0.01616094912844466      0.011177096295491684     0.007628551834222296     0.005141657559665276     0.0034247449683511284    0.0022561745420490043    0.0014716241456363508    9.520552640266692E-4     6.131881362745448E-4     3.96862912012742E-4      2.643702770132361E-4     1.8076889914393684E-4    1.2284380963488594E-4    8.300678082956097E-5     5.579689136502939E-5     3.7328505074698135E-5    2.4865406803019435E-5    1.6498975067557072E-5    1.09093373789609E-5      7.190923096721854E-6     4.726848507914997E-6     3.099604258533169E-6     2.0282701205077867E-6    1.3248244798844531E-6    8.64017289875354E-7      5.627649872863201E-7     3.6616074504994386E-7    2.3803823807353193E-7    1.54643921977475E-7      1.00415827349839E-7      6.51805534693499E-8      4.229953573268957E-8     2.744746070253565E-8     1.7809748802301254E-8    1.1556750900469386E-8    7.500032676432873E-9     4.86812281365379E-9      3.160438896006786E-9     2.0522624895175025E-9    1.3329883872060573E-9    8.660297477790268E-10    5.628005531033482E-10    3.6584024026807743E-10   2.3787117890395737E-10   1.547042515838324E-10    1.0063946244557751E-10   6.54839317537201E-11     4.261826343107144E-11    2.7742471918132198E-11   1.8062449234826946E-11   1.1762072718754879E-11   7.660560949194518E-12    4.990001996948769E-12    3.2508617465951666E-12   2.1181095385037512E-12   1.380210425256511E-12    8.994651726773753E-13    5.862206491852118E-13    3.820951218321944E-13    2.4906445784017284E-13   1.6235979883715017E-13   1.0584458873624733E-13   6.900482373596915E-14    4.498921236802761E-14    2.933278183089035E-14    1.912546719027037E-14    1.247047579837336E-14    8.131386075166965E-15    5.302189779855279E-15    3.4574316386697608E-15   2.254538329330063E-15    1.4701560140393285E-15   9.586504878929951E-16    6.250497813329333E-16    4.0739540961626987E-16   2.6521552941210783E-16   1.7196464473992633E-16   1.0999649275455978E-16   6.707403216508347E-17    3.363329954791305E-17    0
% Data
% c (mol/m^3) @ t=400, u1=0.01, u2=0.01, u3=0.03
1                         0.9487491342374248       0.8925296828816749       0.8321543418150547       0.768587293779352        0.7029063403029343       0.6362576767429915       0.5698060194424712       0.5046832645422109       0.4419391045637145       0.3824970089861315       0.32711865702422677      0.27637928388594085      0.23065549050693415      0.1901259440377274       0.15478418660888432      0.12446163574576695      0.0988579718290826       0.07757560450629437      0.06015485966981244      0.04610691066824668      0.034942187758350014     0.026192882142784465     0.019429049923733774     0.01426858190178309      0.010381856293427904     0.007492210425050153     0.005373479105472578     0.0038458055953428166    0.0027708002087236693    0.0020469621204114285    0.0015418087527272824    0.0011542286492519703    8.590551005731822E-4     6.358319873815211E-4     4.6814113930111805E-4    3.429582929466107E-4     2.500625155290327E-4     1.815126467581407E-4     1.3119575016676065E-4    9.444654786278621E-5     6.773294924498983E-5     4.840061747382865E-5     3.446860168302539E-5     2.4468007109717078E-5    1.7316162266638672E-5    1.2219530818788436E-5    8.599533704581353E-6     6.036379248892647E-6     4.226875013445627E-6     2.952976931309189E-6     2.058503347831975E-6     1.4320029020052437E-6    9.942232517258074E-7     6.889943762408061E-7     4.76629083020644E-7      3.291677842342296E-7     2.2696687376239714E-7    1.5626085627443558E-7    1.074267914236256E-7     7.375302405104012E-8     5.056851299197059E-8     3.462902267839779E-8     2.3685630682884373E-8    1.6182208701595374E-8    1.104385817563643E-8     7.529302733119423E-9     5.1281311479320056E-9    3.489412216403108E-9     2.3722011673286014E-9    1.611287856088468E-9     1.0935345213828674E-9    7.415562529709941E-10    5.02483294453641E-10     3.4023422786377334E-10   2.3021066554643095E-10   1.556594525646032E-10    1.0518144046466131E-10   7.102751919703261E-11    4.79344682172128E-11     3.233048577288946E-11    2.1793572877281582E-11   1.468266619163795E-11    9.886661867473303E-12    6.653808427025551E-12    4.475834107636698E-12    3.009314766340875E-12    2.0223564920062557E-12   1.3584710661554529E-12   9.121183455501643E-13    6.12159273940602E-13     4.1066832953411894E-13   2.7537400606827246E-13   1.8455292887704683E-13   1.2358098497775653E-13   8.260012542183247E-14    5.493032351248396E-14    3.596712993552848E-14    2.23702888311196E-14     1.1371539378649679E-14   0
% Data
% c (mol/m^3) @ t=500, u1=0.01, u2=0.01, u3=0.03
1                         0.9580058661399183       0.9117827258968205       0.8618144540776564       0.8086961962508696       0.7531168805995334       0.6958368668026755       0.6376617470367313       0.5794136157479365       0.5219013516375353       0.4658915806368733       0.41208199238912113      0.36107855475778994      0.31337791364218953      0.2693558953149774       0.22926257558334545      0.1932238857156393       0.16124923822721238      0.13324422730405336      0.10902713515906003      0.08834779127399624      0.07090730234532047      0.05637729130023005      0.04441752791317483      0.03469116030897861      0.02687711868165913      0.020679615586432065     0.01583497730424596      0.012116288594278622     0.009336513894484989     0.007350878890821741     0.005874139843500434     0.004665708983803269     0.003684151993415008     0.0028925696975266274    0.002258589628417015     0.0017541999540361104    0.0013554699149268127    0.0010421965978942157    7.975118879467585E-4     6.074767621644761E-4     4.606834644922259E-4     3.47880034275107E-4      2.6162644710722813E-4    1.9598738795352348E-4    1.4626341353433697E-4    1.0875989284744442E-4    8.059151567286746E-5     5.9519185487499604E-5    4.381562317900001E-5     3.215587207206024E-5     2.3529002975614287E-5    1.716758130939792E-5     1.249180848338069E-5     9.065636514668593E-6     6.562543681124145E-6     4.739027404405985E-6     3.4142054465300185E-6    2.454211607244813E-6     1.7603258332446031E-6    1.2599924489697012E-6    9.000573527294797E-7     6.416996650260699E-7     4.5664994411022335E-7    3.243800795344176E-7     2.3002339214284423E-7    1.62840913635207E-7      1.1509440250000305E-7    8.122100009988832E-8     5.7230712579687735E-8    4.02678896501512E-8      2.8292981176825547E-8    1.985221523517908E-8     1.3911343643493626E-8    9.735933464423533E-9     6.805378844732346E-9     4.7512756140144405E-9    3.3133525085581714E-9    2.308023207711208E-9     1.6059897267459637E-9    1.1163226833311265E-9    7.751662801618954E-10    5.377387213485315E-10    3.7267623954553296E-10   2.580406855160154E-10    1.78505827105971E-10     1.2337736735528527E-10   8.52016810362804E-11     5.878959866159397E-11    4.0532346583094934E-11   2.792282968193689E-11    1.922102547274347E-11    1.3220361553493136E-11   9.084727878490955E-12    6.23476359151824E-12     4.268332020958527E-12    2.9043915771491707E-12   1.9422417622058487E-12   1.2295633340946688E-12   6.326414684890037E-13    0
% Data
% c (mol/m^3) @ t=600, u1=0.01, u2=0.01, u3=0.03
1                         0.9646296928385006       0.9256080183675823       0.8832379776901998       0.8379059095150961       0.79007274252416         0.7402620621354017       0.6890454256786483       0.6370255297072781       0.584817974261042        0.533032469502059        0.48225438076197813      0.4330275025630391       0.3858388886763664       0.3411064464109269       0.2991698363862171       0.26028501567185386      0.2246225376725114       0.19226949435830668      0.16323477433713196      0.13745713206801422      0.11481543476477044      0.09514038520143826      0.07822701563297198      0.06384730859802344      0.05176241631077523      0.04173410849945771      0.033535262835378075     0.026959405922063456     0.021829501164107232     0.0180063506689086       0.015027449231509843     0.01247074705515126      0.010291683027373004     0.008447148685686403     0.006896204013101529     0.005600611581553828     0.004525197614667615     0.003638056253082117     0.0029106183571096732    0.0023176087809105694    0.001836916576272604     0.001449401494545142     0.0011386579309082385    8.907545406009066E-4     6.939645308978983E-4     5.384983934225601E-4     4.1624780336831324E-4    3.205467131456116E-4     2.459533807011241E-4     1.8805521923696247E-4    1.4329692052574014E-4    1.0883124972746839E-4    8.23911834437232E-5      6.218160738402062E-5     4.6788548837278176E-5    3.510384000513611E-5     2.6263145693144183E-5    1.959540496688522E-5     1.4581900846527159E-5    1.0823361655645868E-5    8.013695145952646E-6     5.919150037799067E-6     4.361881344248672E-6     3.2070611887509273E-6    2.3528235709790438E-6    1.7224591640365913E-6    1.258385360502393E-6     9.175087565179987E-7     6.676737941022784E-7     4.849542540851167E-7     3.5159559067495295E-7    2.544575113197546E-7     1.8383936340360858E-7    1.3259723864650605E-7    9.548250021272914E-8     6.86477427525024E-8      4.927890498370576E-8     3.53221060712812E-8      2.528137395201696E-8     1.8069263425232886E-8    1.289681489888964E-8     9.192691523983597E-9     6.543897846270091E-9     4.652418775926308E-9     3.30357284349453E-9      2.34296383897227E-9      1.6597288812602977E-9    1.1743867783270852E-9    8.300400648584253E-10    5.860166753193517E-10    4.132825243550544E-10    2.9113663310027797E-10   2.0483250299732948E-10   1.4386546222425044E-10   1.007344788760548E-10    7.003426839233481E-11    4.776230988447215E-11    3.073490589149068E-11    1.599040261970456E-11    0
% Data
% c (mol/m^3) @ t=700, u1=0.01, u2=0.01, u3=0.03
1                         0.9696845667539595       0.9361813354239338       0.8996814045383905       0.860439471608341        0.8187695840288581       0.7750387553331639       0.7296586231103827       0.683075423564962        0.6357586462150954       0.5881888050651978       0.5408448148843373       0.4941914891483929       0.44866767728461454      0.4046755322450124       0.36257134608293984      0.3226583139256736       0.2851814901150487       0.2503250904941403       0.21821217926800793      0.18890666579355442      0.16241743456193933      0.13870434865591696      0.11768581011877444      0.09924753512391703      0.08325221020100093      0.06954973765261113      0.05798785012676431      0.04842296964795785      0.04073129654809319      0.03482022858333383      0.030053286380307517     0.025813420659614682     0.022065645852846486     0.01877303304359538      0.015897640150163126     0.013401363532099997     0.011246687248968455     0.009397314877550758     0.007818677013899798     0.006478314813024871     0.005346145811662796     0.00439462268466439      0.0035987985067213327    0.0029363136512506136    0.0023873198581619488    0.0019343564830779458    0.0015621927521868948    0.0012576482243452213    0.0010094018102435732    8.077977840928023E-4     6.446553725184309E-4     5.130868057116998E-4     4.0732722093930296E-4    3.2257854390185185E-4    2.548684433057155E-4     2.0092464717507634E-4    1.580643047247193E-4     1.240976483647712E-4     9.724492785443782E-5     7.606542439339046E-5     5.9397280210976656E-5    4.6306875675058005E-5    3.6046531250292875E-5    2.801938948377063E-5     2.1750429631983148E-5    1.6862674631921882E-5    1.3057759527215627E-5    1.0100137019036869E-5    7.804296095103294E-6     6.024461631153139E-6     4.646325414664406E-6     3.5804319109436442E-6    2.7569054936639334E-6    2.1212603488270943E-6    1.6310805861050707E-6    1.2533971063368921E-6    9.626203569810107E-7     7.389151145823912E-7     5.669256673648712E-7     4.3477796310039035E-7    3.3330008899001163E-7    2.554144317139687E-7     1.9566451890666417E-7    1.4984728698012505E-7    1.1472770738512026E-7    8.781762860202268E-8     6.720459809920742E-8     5.1419517196458765E-8    3.933441499493201E-8     3.0083536388981575E-8    2.30024276093258E-8      1.758085073739489E-8     1.3426223552389028E-8    1.0234896368541427E-8    7.768946951380977E-9     5.836258851983451E-9     4.271338097647613E-9     2.9133865231764176E-9    1.5761356814574284E-9    0
% Data
% c (mol/m^3) @ t=800, u1=0.01, u2=0.01, u3=0.03
1                         0.9736853972340189       0.944562971438024        0.9127504186315976       0.8784146646029114       0.8417701285699661       0.8030755355696511       0.7626293259746922       0.7207637692503527       0.6778379460670326       0.6342298155026617       0.5903276296692253       0.546520994205388        0.503191897497332        0.46070604245290153      0.41940481097040455      0.37959817245825         0.3415588142974134       0.30551772540896943      0.2716614065653833       0.24013081628901883      0.2110220935708833       0.1843890333518576       0.16024723313916728      0.13857978439966592      0.11934435467758271      0.1024814983897212       0.08792404659124169      0.07560745703116985      0.06548105162678294      0.05752012324473633      0.050932245247089156     0.044912654102795845     0.03944197378632626      0.03449674274998078      0.030050148056790595     0.026072786154001444     0.02253341952035118      0.019399702181122552     0.016638851934182977     0.014218252556349047     0.012105974793956068     0.010271210194596552     0.008684616516597847     0.007318577369522363     0.006147381799372019     0.0051473317245692       0.004296786504846998     0.00357615458052686      0.0029678421755964146    0.0024561686459057003    0.002027257302899891     0.0016689095719624096    0.0013704692547395552    0.001122682539942028     9.175583109177247E-4     7.482322763975854E-4     6.088375327728325E-4     4.943833681582967E-4     4.006434457712247E-4     3.2405395428576606E-4    2.616218777443578E-4     2.1084320576086397E-4    1.6963066274283407E-4    1.3625036872968646E-4    1.0926674057665405E-4    8.749488796202541E-5     6.995974274323981E-5     5.58611727356329E-5      4.4544363788900756E-5    3.547480033715601E-5     2.8217229017047596E-5    2.241804831769128E-5     1.779062642186962E-5     1.410310716706187E-5     1.116831885353922E-5     8.835451473992468E-6     6.983214288841257E-6     5.514227303710229E-6     4.35043713724153E-6      3.4293801791108274E-6    2.701144117276866E-6     2.125903210400203E-6     1.6719234761779467E-6    1.3139516451853982E-6    1.0319166679878382E-6    8.098851139362954E-7     6.352222868573539E-7     4.979195952382888E-7     3.90055904197748E-7      3.0536647354543364E-7    2.3889781241201494E-7    1.8673045746805796E-7    1.457543251431397E-7     1.134827847734136E-7     8.789162069904353E-8     6.726689837350156E-8     5.0040070988190895E-8    3.4576941528358735E-8    1.886471937056291E-8     0
% Data
% c (mol/m^3) @ t=900, u1=0.01, u2=0.01, u3=0.03
1                         0.9768792059012695       0.9512638252084149       0.9232244945607859       0.8928706507036894       0.860350065818828        0.8258473695293114       0.78958155496221         0.7518025030744391       0.7127865973472252       0.6728315384556305       0.6322505040468341       0.5913658306886949       0.5505024217710465       0.5099811051523084       0.47011217634780206      0.4311893660849395       0.39348446458515435      0.35724281901682353      0.322679895888852        0.2899790680974858       0.2592907489314643       0.23073295516104408      0.20439334131430079      0.1803327103889816       0.15858997532420685      0.13918852273867402      0.12214391700025916      0.10747287874839505      0.09520347639609256      0.08538647949222831      0.0770971858241224       0.06936133161561117      0.06217621605512668      0.05553431249407161      0.04942363125885779      0.043828171379841754     0.038728439857031755     0.0341020158706957       0.02992413749087433      0.02616828977255427      0.022806775404230772     0.01981125203243135      0.017153223733237043     0.014804477582400244     0.012737459663369415     0.0109255879697641       0.00934350237947784      0.007967254125775832     0.0067744389357193196    0.005744279254571107     0.004857661761593645     0.004097136762474537     0.0034468860824769286    0.002892665852630436     0.0024217301479891053    0.002022740866132247     0.0016856685818247637    0.0014016884270619833    0.0011630743619946864    9.630945496019794E-4     7.959099451619276E-4     6.56477672965314E-4      5.404602936813202E-4     4.4414166789192043E-4    3.6434979255666567E-4    2.983867230231794E-4     2.4396548751747275E-4    1.9915374680999867E-4    1.6232384163208412E-4    1.3210879720905233E-4    1.0736381119651746E-4    8.71327321803936E-5      7.061903526889579E-5     5.716081445951243E-5     4.6209334443639155E-5    3.731071405731648E-5     3.0090347079996066E-5    2.4239701473107556E-5    1.9505173874263952E-5    1.5678711071554714E-5    1.2589943465960614E-5    1.0099606653160462E-5    8.094055899392319E-6     6.480704295195785E-6     5.184238712993518E-6     4.143488421037522E-6     3.308839420233967E-6     2.6401033956603597E-6    2.1047637237706572E-6    1.6765323107840036E-6    1.3341601105087426E-6    1.0604507333221168E-6    8.414300078717951E-7     6.656234592860644E-7     5.233860769622586E-7     4.062101512282018E-7     3.0589957252194444E-7    2.1342885702164662E-7    1.1717741561402751E-7    0
% Data
% c (mol/m^3) @ t=1000, u1=0.01, u2=0.01, u3=0.03
1                         0.9794914142700752       0.9567506907059724       0.9318173096648025       0.9047617939841303       0.8756858927260406       0.8447220429348543       0.8120320888605079       0.7778052620800757       0.7422554516592923       0.7056178200740815       0.6681448470860057       0.6301019090823556       0.5917625244627537       0.5534034154095259       0.5152995518313015       0.47771935358456763      0.44092023164789046      0.40514464743090806      0.3706168618684494       0.3375405327687473       0.3060973008028374       0.2764464826060177       0.24872596501549105      0.22305436891972877      0.1995345259594621       0.17825828764452317      0.1593126652599255       0.14278728069417096      0.12878309293800913      0.11742235177055767      0.10767536453824629      0.09842529072781522      0.08968330115299895      0.08145614376426305      0.07374616021518544      0.0665514009678777       0.05986583149502543      0.05367961879147074      0.04797948483664435      0.0427491119453836       0.03796958413015589      0.033619848627839795     0.02967718252102999      0.02611765077161829      0.02291654382616587      0.020048785085458456     0.017489300798992993     0.015213347210563766     0.013196791929000792     0.011416348441058148     0.009849764361803693     0.008475965398066967     0.0072751580718892865    0.006228895021564494     0.005320107190071298     0.004533107456586485     0.0038535703041820617    0.003268491985880036     0.002766135391608583     0.0023359634673617903    0.0019685646281520273    0.0016555731665386956    0.0013895872119117651    0.0011640863605570215    9.7335068636918E-4       8.123824662276434E-4     6.768316182069181E-4     5.629255576738689E-4     4.6740392628004455E-4    3.874584404611467E-4     3.206779366132111E-4     2.6499855610690387E-4    2.1865891074528178E-4    1.8015999400832812E-4    1.4822955134334004E-4    1.2179058993614254E-4    9.993369122017967E-5     8.189278460130036E-5     6.702404564396349E-5     5.478759382805211E-5     4.473168187838126E-5     3.647908888322375E-5     2.9715451567730097E-5    2.417929106735197E-5     1.9653515484335826E-5    1.5958200720587238E-5    1.2944473003576382E-5    1.0489335656080639E-5    8.491299463979775E-6     6.866689745582584E-6     5.546512787335237E-6     4.473767759157712E-6     3.60108419015124E-6      2.888543633752955E-6     2.3014968098131564E-6    1.8080958540774507E-6    1.3760929814767278E-6    9.681551838484503E-7     5.344103400992264E-7     0
% Data
% c (mol/m^3) @ t=1100, u1=0.01, u2=0.01, u3=0.03
1                         0.9816685864749372       0.9613278802793609       0.9389962401349183       0.9147171814654383       0.8885598884325279       0.8606192036670971       0.8310150709920141       0.7998914225444848       0.7674145194693962       0.7337707742575323       0.6991641022462461       0.6638128691169594       0.6279465197041365       0.5918019903553619       0.5556200217604014       0.5196415009731314       0.4841039697615592       0.4492384410521788       0.41526666586231065      0.38239898969256986      0.35083293001605564      0.3207525955547081       0.2923290539218479       0.2657217374801621       0.2410809585127105       0.21855158461584248      0.1982779041058193       0.18040968955447687      0.16510944550886952      0.1525608039497454       0.14165658833487665      0.1311679602211072       0.1211156267604452       0.11151690311849506      0.10238550053659017      0.09373139015036558      0.08556074551461774      0.07787596372696542      0.07067576209834284      0.06395534465297549      0.057706630489577436     0.05191853429536027      0.04657728812866636      0.04166679298619767      0.03716898862069078      0.03306423051732245      0.029331663792396954     0.02594958495252487      0.02289578384786084      0.02014785967245622      0.017683506419858656     0.015480764716450072     0.01351823836713192      0.011775275212103975     0.010232112979435236     0.008869991709976113     0.007671235025383554     0.006619303013200133     0.005698819829310798     0.0048955792872996794    0.004196531739044032     0.0035897554754626072    0.0030644157146828806    0.002610714019712215     0.0022198307195998267    0.0018838626150620172    0.0015957579467658788    0.0013492503041892371    0.001138792864685638     9.594940830235587E-4     8.070557059269016E-4     6.777137667855592E-4     5.681830239142065E-4     4.7560514144397116E-4    3.9750077411337145E-4    3.3172560417789267E-4    2.7643028822682813E-4    2.3002420146705775E-4    1.9114281448555639E-4    1.5861850012615646E-4    1.3145454349813997E-4    1.0880211401369751E-4    8.993995264964044E-5     7.425652845543614E-5     6.12344239624647E-5      5.043671798482634E-5     4.149514476425696E-5     3.409981879796701E-5     2.7990322909436164E-5    2.2947960266035344E-5    1.8788964636113684E-5    1.535843990028826E-5     1.2524747364062957E-5    1.0173956680941134E-5    8.20378689877422E-6      6.5161256870764226E-6    5.006619169583534E-6     3.548785684267725E-6     1.9683032422600954E-6    0
% Data
% c (mol/m^3) @ t=1200, u1=0.01, u2=0.01, u3=0.03
1                         0.9835116569917116       0.9652054540244399       0.9450851771210633       0.9231752248523809       0.8995212824185816       0.8741906140472422       0.8472719500803245       0.8188749562587956       0.7891292852360037       0.7581832239556211       0.7262019648479632       0.6933655434078452       0.6598664991575351       0.6259073307889468       0.5916978289382193       0.5574523811107868       0.5233873523223379       0.48971865168374995      0.4566595991404445       0.4244192076650241       0.3932009942707584       0.3632024282253315       0.3346151168455029       0.30762581836306463      0.2824183577466617       0.2591765052552309       0.23808785911281768      0.21934875324590497      0.2031701886932886       0.18978476321152693      0.17803352751173432      0.1666063991909776       0.15552930210388433      0.14482597338947412      0.13451764947203185      0.124622795202684        0.11515688378716672      0.10613223337658345      0.09755790417893245      0.08943965779580523      0.08177997832146118      0.07457815267605718      0.06783040578340624      0.0615300846287448       0.05566788400217579      0.05023210588163495      0.04520894394320263      0.04058278459142283      0.0363365161441714       0.032451838337432454     0.028909565077729956     0.025689914302105505     0.0227727798455522       0.020137981305374128     0.017765488979019035     0.015635621992673116     0.013729218697631048     0.012027779264899938     0.01051358113946144      0.009169768616127267     0.007980418268098489     0.006930582302081166     0.006006312139447545     0.005194664643900632     0.004483693446744592     0.0038624277763903447    0.0033208410943403673    0.002849811690130857     0.002441077205929334     0.0020871848595674907    0.0017814389229376048    0.0015178467993689655    0.0012910648356009688    0.0010963448064563758    9.294818270169452E-4     7.867642804678746E-4     6.649262011790666E-4     5.611024225099737E-4     4.727866870285022E-4     3.9779282254198044E-4    3.3421900935942867E-4    2.804151010532005E-4     2.3495291096194127E-4    1.9659933789567828E-4    1.6429217489486597E-4    1.3711842210018893E-4    1.14294905954543E-4      9.515098833181665E-5     7.91131254067873E-5      6.569099893220632E-5     5.4464878872564195E-5    4.5073764222765996E-5    3.720365161296469E-5     3.057493678814965E-5     2.4927356528194216E-5    1.9999848058092365E-5    1.5500933092786364E-5    1.1062203099879578E-5    6.16230517714902E-6      0
% Data
% c (mol/m^3) @ t=0, u1=0.01, u2=0.01, u3=0.05
1                         -4.522845772963958E-8    2.159347170152288E-15    2.429049619556694E-20    3.234029231194618E-26    3.2960419531633407E-32   3.0016600099896487E-38   2.5681431685852386E-44   2.111589465229418E-50    1.6890005337406036E-56   1.3239176014680963E-62   1.0217940586561872E-68   7.790195122817136E-75    5.880645162805659E-81    4.40291082447297E-87     3.2738666708952485E-93   2.420083364469386E-99    1.7799128735064726E-105  1.3033148956459138E-111  9.506353164339775E-118   6.910104932075513E-124   5.007517918951125E-130   3.618794268209377E-136   2.6087065070187127E-142  1.8763191843388E-148     1.346775713703903E-154   9.648653579058282E-161   6.90061166888257E-167    4.9273866258898535E-173  3.513225083995904E-179   2.5181882323001066E-185  2.2457409250922786E-191  2.0003974259851006E-197  1.7798844190268803E-203  1.582037232248083E-209   1.4048135108873658E-215  1.2463009968044893E-221  1.1047207874824563E-227  9.784271802167422E-234   8.659049871772258E-240   7.657650268788221E-246   6.767383504016391E-252   5.976696407859521E-258   5.275101266485666E-264   4.653102722827053E-270   4.102124430243638E-276   3.614436937618655E-282   3.183087878663378E-288   2.801835216464737E-294   2.4650840412371096E-300  2.1678272219875932E-306  1.90559009755E-312       1.63272E-318             0                        0                        0                        0                        0                        0                        0                        0                        0                        0                        0                        0                        0                        0                        0                        0                        0                        0                        0                        0                        0                        0                        0                        0                        0                        0                        0                        0                        0                        0                        0                        0                        0                        0                        0                        0                        0                        0                        0                        0                        0                        0                        0                        0                        0                        0                        0                        0
% Data
% c (mol/m^3) @ t=100, u1=0.01, u2=0.01, u3=0.05
1                         0.8551207359120234       0.7035370973406727       0.5550797663659198       0.41872944042835386      0.3012452826774755       0.2063061549564435       0.13437088082976167      0.08324607884942424      0.04911660929372075      0.027660124837926972     0.01491090100943898      0.007720170566018067     0.003852562185108827     0.0018594801978000861    8.709784859476002E-4     3.9714872799878354E-4    1.7679450863220672E-4    7.703234612540459E-5     3.292808842038497E-5     1.3836856247091523E-5    5.726267049066551E-6     2.3375558160519092E-6    9.425812196308539E-7     3.759057675972845E-7     1.4842807024228875E-7    5.80836375110789E-8      2.2548667672824328E-8    8.700128634262486E-9     3.367620391463048E-9     1.3949036948250838E-9    6.399029112952451E-10    2.921348959511923E-10    1.3277361904739822E-10   6.009557174194114E-11    2.7095957352441714E-11   1.2173467157634908E-11   5.451011368274003E-12    2.433258613642599E-12    1.0830149252880944E-12   4.807224754259008E-13    2.1283356434397302E-13   9.400202851514217E-14    4.142341851046744E-14    1.821467777432892E-14    7.993089891265625E-15    3.500840804663774E-15    1.5305154071292852E-15   6.67960373971003E-16     2.910371157375953E-16    1.2660915652062377E-16   5.499622364328379E-17    2.3855108549140388E-17   1.0333286044333012E-17   4.470230887461587E-18    1.931435254596786E-18    8.335118173929896E-19    3.5929078567869994E-19   1.54704560094126E-19     6.654289366192649E-20    2.859298487714665E-20    1.2274201475376509E-20   5.264034148353642E-21    2.2555410195140733E-21   9.656137005487283E-22    4.1303807857463665E-22   1.765319728219883E-22    7.539026062909583E-23    3.217192683163095E-23    1.371891173820794E-23    5.845925675072231E-24    2.4893601630501604E-24   1.0593325497373526E-24   4.505011635848436E-25    1.9146394839202404E-25   8.132305591089419E-26    3.4521025320895577E-26   1.464550639212057E-26    6.209875343858425E-27    2.6316366575855348E-27   1.1146538380081072E-27   4.718797788551074E-28    1.996668413645714E-28    8.444413337065038E-29    3.5696650896968286E-29   1.5082912032169862E-29   6.370121865790767E-30    2.6891807013333575E-30   1.1347668372340641E-30   4.786435561277915E-31    2.0180926028923687E-31   8.505453226010129E-32    3.5833182110684396E-32   1.5090676847495053E-32   6.352884553059349E-33    2.6734541473455505E-33   1.1245716317127165E-33   4.7250851017048215E-34   1.9688531668526285E-34   7.529268765575615E-35    0
% Data
% c (mol/m^3) @ t=200, u1=0.01, u2=0.01, u3=0.05
1                         0.910695049588524        0.8143184375356265       0.714039105981092        0.6132561724414601       0.5153179432541076       0.4232434939721827       0.3394824791230512       0.2657454641376642       0.20292742345030854      0.15113181634423642      0.10978462379429893      0.07781147178736855      0.053841332508379074     0.03640024336055397      0.024067401248635736     0.01557988457823686      0.009885923416501522     0.006156203804721371     0.003766855377196465     0.002267431564323864     0.0013442538130092492    7.857798343820993E-4     4.533662870950733E-4     2.584402762298079E-4     1.4570030035321286E-4    8.132635175565054E-5     4.5024664684695604E-5    2.4838626153323007E-5    1.3868024013531537E-5    8.264990810671321E-6     5.2721129537365694E-6    3.3443139471929424E-6    2.1104224479783963E-6    1.3253187555189106E-6    8.285097670374326E-7     5.157376913400343E-7     3.197659331532366E-7     1.9752265227397751E-7    1.2158615994729598E-7    7.459804441775214E-8     4.562820195952428E-8     2.7827998180813095E-8    1.6925730065817235E-8    1.0268295129319858E-8    6.214388174391546E-9     3.752377255784272E-9     2.2608794927853183E-9    1.359445935820533E-9     8.158442905608236E-10    4.887168646938383E-10    2.9224893630031124E-10   1.744745863582073E-10    1.0399932640728855E-10   6.189863941020694E-11    3.678873388495693E-11    2.183537554193078E-11    1.2943318686678533E-11   7.662934879664508E-12    4.531405355451182E-12    2.6765865767797627E-12   1.5792876688616402E-12   9.308773684880841E-13    5.481425682169334E-13    3.224644896985612E-13    1.895282919507854E-13    1.1129753304451728E-13   6.53026872391976E-14     3.828463221016092E-14    2.2427401332483168E-14   1.312825246826807E-14    7.679274027423569E-15    4.488796041905137E-15    2.6220843396912653E-15   1.5306665789634633E-15   8.929790842953959E-16    5.206403653720308E-16    3.0337439843490867E-16   1.7667407778271116E-16   1.0283179917332343E-16   5.982052953923833E-17    3.478151288564794E-17    2.0212914460465414E-17   1.1740814226616215E-17   6.8165177767182706E-18   3.955742402296861E-18    2.294564408484871E-18    1.330407930253573E-18    7.710579036040259E-19    4.466957436688106E-19    2.5868076163778768E-19   1.4974369304632268E-19   8.665012084176996E-20    5.012201074383231E-20    2.898149062390577E-20    1.674930721927439E-20    9.668889022143988E-21    5.5556513882457095E-21   3.116657483102946E-21    1.5161453780317038E-21   0
% Data
% c (mol/m^3) @ t=300, u1=0.01, u2=0.01, u3=0.05
1                         0.9346285450069418       0.8633366588462363       0.7876306901363792       0.7092199571535989       0.6299205939801896       0.5515504765774972       0.475824432439214        0.404259076945025        0.3380956876218652       0.2782476025017335       0.22527591882572034      0.17939409785756627      0.14049886060287395      0.10822193600213721      0.08199522270731757      0.06112107117123227      0.044839812961344386     0.03238822131035536      0.023044886412925746     0.016160992379419477     0.01117717762005107      0.007628704375745501     0.0051419428831868345    0.0034252769565619513    0.002257162873165492     0.0014734528750394737    9.554238136103753E-4     6.193622210218364E-4     4.0811719314670473E-4    2.8476171066349736E-4    2.0877698862358234E-4    1.5224422041442906E-4    1.104641686627491E-4     7.977868971364174E-5     5.737147563923926E-5     4.1096353295870804E-5    2.9333124461710576E-5    2.0869181334514637E-5    1.480413554388992E-5     1.0474266274132394E-5    7.393549679736425E-6     5.208232850522702E-6     3.6622503840385786E-6    2.5711713241693242E-6    1.8027569269360004E-6    1.2625744336991125E-6    8.834329303860153E-7     6.176788422150413E-7     4.316114332867727E-7     3.0145719605053043E-7    2.1048221542598087E-7    1.4692987322499516E-7    1.0255370306390273E-7    7.157721215907254E-8     4.995862598436621E-8     3.487252638130946E-8     2.4345225737779335E-8    1.69987767492357E-8      1.187154413490315E-8     8.292610870546193E-9     5.7939645592490074E-9    4.0491539159189914E-9    2.8304660443635066E-9    1.979048198172622E-9     1.3840687378208925E-9    9.681859537930434E-10    6.774165591640681E-10    4.740718637263802E-10    3.318324602656876E-10    2.3231355674358836E-10   1.6266936895020942E-10   1.1392185860585419E-10   7.979450205308746E-11    5.5898250722678957E-11   3.916315902345986E-11    2.7441421933866456E-11   1.9230045670475596E-11   1.3477040246130495E-11   9.44594105111537E-12     6.621078237856333E-12    4.641320637322918E-12    3.253723570130507E-12    2.2810935932519845E-12   1.5992867087285698E-12   1.1213158757783803E-12   7.862233013502453E-13    5.512876106910933E-13    3.865655924894886E-13    2.710685657890103E-13    1.9008346461983416E-13   1.3329565947218657E-13   9.347329892892975E-14    6.554477229844026E-14    4.595089983401292E-14    3.218778528008607E-14    2.247856457450809E-14    1.55234761440909E-14     1.0274260810042898E-14   5.6478787209258324E-15   0
% Data
% c (mol/m^3) @ t=400, u1=0.01, u2=0.01, u3=0.05
1                         0.9487491342509641       0.8925296829144047       0.8321543418789464       0.7685872938969186       0.702906340514962        0.6362576771223623       0.5698060201186292       0.504683265744255        0.44193910669601955      0.3824970127606591       0.32711866369130843      0.27637929563558017      0.23065551116430297      0.19012598026431302      0.1547842499691685       0.12446174624897935      0.09885816397307277      0.07757593754440763      0.06015543496698488      0.046107900889434277     0.03494388568398188      0.02619578182515222      0.019433980754854457     0.014276928585156601     0.01039591713670259      0.007515776381586344     0.005412761750338141     0.003910910978268417     0.0028780471909626948    0.0022224914513417743    0.0017799450018149312    0.00141834754836747      0.0011247403479703623    8.877687773235427E-4     6.976051249878464E-4     5.458396107086607E-4     4.253515917111489E-4     3.3017103722369313E-4    2.553382945967678E-4     1.9676815356050586E-4    1.5112238550048996E-4    1.1569337390252509E-4    8.83001916988497E-5      6.719751664008252E-5     5.099707972741653E-5     3.860087471313158E-5     2.9145074993339588E-5    2.1953465235569895E-5    1.6499160467378635E-5    1.2373422657414823E-5    9.260467945016958E-6     6.917266570327951E-6     5.1574575280219765E-6    3.838620787394372E-6     2.8522649211379905E-6    2.1159932088956828E-6    1.567404754807773E-6     1.1593682861894305E-6    8.563753966702577E-7     6.317379269175771E-7     4.654420984682118E-7     3.4251120469117347E-7    2.5176038734535767E-7    1.8485248132564985E-7    1.3558417192912607E-7    9.93477232008634E-8      7.272611210914267E-8     5.31892223000605E-8      3.886637699498076E-8     2.8376384505885692E-8    2.070080501393396E-8     1.5089622699780336E-8    1.0991160640385895E-8    8.000094521316717E-9     5.8189520240491E-9       4.229642142282532E-9     3.07243130585966E-9      2.2304393982206057E-9    1.6182210155886704E-9    1.1733657515429916E-9    8.503264584046651E-10    6.158895349648161E-10    4.4585387287313575E-10   3.225984063143641E-10    2.3330221751226493E-10   1.6864333410802115E-10   1.218483143577728E-10    8.799863673309456E-11    6.352491135734035E-11    4.5838332296291404E-11   3.3062313748648044E-11   2.3837171485773144E-11   1.717795303801503E-11    1.2370743476992124E-11   8.89638955972366E-12     6.372713524641231E-12    4.5065631624576905E-12   3.044072321215741E-12    1.6974727224221272E-12   0
% Data
% c (mol/m^3) @ t=500, u1=0.01, u2=0.01, u3=0.05
1                         0.9580058663744889       0.9117827264524088       0.8618144551296054       0.8086961981156919       0.7531168838261136       0.6958368723274205       0.6376617564444419       0.5794136317074928       0.5219013786259853       0.46589162613763496      0.4120820688664055       0.3610786828961472       0.3133781276381306       0.2693562514802274       0.22926316626367754      0.19322486169345         0.1612508445830143       0.13324686049418258      0.10903143331328675      0.0883547761380295       0.07091860090663639      0.056395479373641394     0.04444665880514303      0.03473757180669839      0.026950654563712755     0.02079545816704358      0.016016370825955528     0.012398546231430557     0.009772851138907721     0.008020810708237614     0.00676981246447365      0.005687013479998047     0.004755309556546707     0.003958233583551951     0.0032801688545902744    0.0027065092676741907    0.002223768304396476     0.0018196409929286373    0.0014830246391253899    0.0012040050023894163    9.738148919736873E-4     7.847719851739063E-4     6.302021491419066E-4     5.043538041029705E-4     4.023080032844067E-4     3.198880092848018E-4     2.5357128184319837E-4    2.0040600158634166E-4    1.57933564267065E-4      1.2411790191856151E-4    9.728202215372408E-5     7.605179798600392E-5     5.930677683230678E-5     4.6137595173207765E-5    3.580947037574968E-5     2.773117958663203E-5     2.1428914758470935E-5    1.652441179174042E-5     1.2716781261465831E-5    9.767510820367647E-6     7.488159334284782E-6     5.730315756428847E-6     4.377448546748392E-6     3.338321947550744E-6     2.541702277677215E-6     1.932119845727511E-6     1.4664897908963869E-6    1.1114281335592346E-6    8.411277621112503E-7     6.356833332931371E-7     4.79774526749586E-7      3.6163420528981343E-7    2.7224222302982125E-7    2.0469730603042656E-7    1.5372898323313762E-7    1.1531930973962952E-7    8.641039931211707E-8     6.467882779169625E-8     4.8362005547888933E-8    3.6124832211694624E-8    2.6957497226454345E-8    2.009730476797961E-8     1.496898785545914E-8     1.1139220929347983E-8    8.282013303692526E-9     6.152424534820634E-9     4.566632450264057E-9     3.386841700274695E-9     2.509874084342371E-9     1.8585543476763087E-9    1.375214484051426E-9     1.0167995834765643E-9    7.511790910159376E-10    5.543554658328937E-10    4.083191403246808E-10    2.993169635354598E-10    2.1625447169087697E-10   1.4876965307330084E-10   8.402135154674474E-11    0
% Data
% c (mol/m^3) @ t=600, u1=0.01, u2=0.01, u3=0.05
1                         0.9646296948826397       0.9256080231291769       0.8832379864811319       0.8379059246200368       0.7900727677591126       0.740262103757815        0.6890454938514439       0.6370256408352979       0.584818154697589        0.5330327613981131       0.4822548512500657       0.43302825810332035      0.3858400973489943       0.341108372367365        0.29917289278898607      0.2602898455620447       0.2246301367319944       0.1922813960618051       0.1632533273054298       0.13748591258158296      0.11485985573321021      0.09520858812834003      0.07833116638839066      0.06400546363624017      0.052001186224896835     0.04209242356961985      0.034069643520654586     0.027751262569420496     0.02299513288046024      0.019710482544203836     0.017270570469054065     0.015070021515358476     0.01309556503412732      0.011333064526101964     0.009767797404442995     0.008384728497821183     0.007168767924577409     0.0061050057406029515    0.005178917759382095     0.004376538983156936     0.0036846030191050776    0.0030906475706335658    0.0025830875179241467    0.002151258197700479     0.0017854322558405371    0.0014768138988002764    0.001217514548916123     0.0010005138625418049    8.196098504396266E-4     6.69361497589728E-4      5.450268607798596E-4     4.424991665295059E-4     3.5824297098285406E-4    2.892320015113527E-4     2.3288989377009397E-4    1.870346783518439E-4     1.498275631941127E-4     1.1972630259687032E-4    9.544323913491786E-5     7.590794686163951E-5     6.023428771222383E-5     4.769161204305982E-5     3.767978281103735E-5     2.9707675278491448E-5    2.3374795089690027E-5    1.8355662484243315E-5    1.4386625346330341E-5    1.1254785465391014E-5    8.78874816964195E-6      6.8509333301154475E-6    5.331214064414095E-6     4.141677166340337E-6     3.2123255708458902E-6    2.4875675349297295E-6    1.9233593943549864E-6    1.4848886285343723E-6    1.1447015370097656E-6    8.811951896067386E-7     6.774066021619448E-7     5.200434864208825E-7     3.9871061728815046E-7    3.052940471170142E-7     2.3347226368646717E-7    1.7832911336748924E-7    1.3604805669207713E-7    1.0367123689913161E-7    7.891005313467931E-8     5.999655248449017E-8     4.556708681468032E-8     3.4571404343907495E-8    2.6201729944836726E-8    1.9837484001266873E-8    1.5002127014306944E-8    1.1329188940167243E-8    8.534766847458578E-9     6.393405085607007E-9     4.712680698022852E-9     3.297482512866501E-9     1.8842740538075605E-9    0
% Data
% c (mol/m^3) @ t=700, u1=0.01, u2=0.01, u3=0.05
1                         0.9696416764845067       0.9360928401788228       0.8995469353976948       0.8602612502610478       0.8185525084562749       0.7747903050526471       0.7293885756764599       0.6827953895527631       0.6354814468467898       0.587927733512796        0.540612837423088        0.4940004540935233       0.44852760663859176      0.4045940723511298       0.3625534492048524       0.3227062133429572       0.2852950188305259       0.2505023807498341       0.2184507703298607       0.18920504494605214      0.16277704504330778      0.13913212195525085      0.11819732122380285      0.09987093911526249      0.08403319659732938      0.07055783311046113      0.059324507082192036     0.050231993637846264     0.04321228249180894      0.0382457891212655       0.03445025800473912      0.030923105047902605     0.02765932638287677      0.02465230264320475      0.021893924587537462     0.01937474954600277      0.017084182554018        0.015010675220923085     0.013141935011984126     0.01146513768678582      0.009967136086347366     0.00863465922302139      0.007454496615077857     0.006413663931407162     0.005499547184747386     0.004700023858487492     0.004003560411231679     0.003399286530265104     0.0028770472718015233    0.0024274348197030554    0.0020418020155713386    0.0017122600723027646    0.001431662998274197     0.0011935812526879517    9.922670487116376E-4     8.22613544391976E-4      6.801099349098668E-4     5.607942040631291E-4     4.6120502527096703E-4    3.7833403687118815E-4    3.0957946366665865E-4    2.527018241045523E-4     2.0578225493276023E-4    1.6718380515804375E-4    1.3551589926567083E-4    1.0960204517637155E-4    8.845076353176358E-5     7.122963917512975E-5     5.724234032388416E-5     4.5908412969423315E-5    3.6745634582341076E-5    2.9354699499882097E-5    2.3406005923585074E-5    1.8628319042040306E-5    1.4799094507495146E-5    1.1736259732609819E-5    9.291265922369768E-6     7.34324036904736E-6      5.794085503882186E-6     4.5643879099598314E-6    3.590016520110069E-6     2.819304255893604E-6     2.2107212263128093E-6    1.7309602035306047E-6    1.3533664003723586E-6    1.056653612334446E-6     8.238576104121406E-7     6.414853558288197E-7     4.988252371368879E-7     3.87389180975172E-7      3.004622076572048E-7     2.3273876635533466E-7    1.8002779791405732E-7    1.3900935623528518E-7    1.0702330515847904E-7    8.186158766126341E-8     6.151161615329038E-8     4.3740360252439114E-8    2.5272538018636653E-8    0
% Data
% c (mol/m^3) @ t=800, u1=0.01, u2=0.01, u3=0.05
1                         0.9736285298357561       0.944445541445317        0.9125717323805353       0.8781773515399697       0.8414802648003228       0.8027425440589288       0.7622656446185174       0.7203842973573541       0.6774593005431845       0.6338694484682612       0.590002877517874        0.5462481424302151       0.5029853545007493       0.4605777181646619       0.41936379240778926      0.37965077935573865      0.3417091056398972       0.30576851509412273      0.2720158371499775       0.24059453776514975      0.2116061030528564       0.18511325432465653      0.16114495113652413      0.139703109624398        0.12077094934064013      0.10432288386610289      0.09033588773738059      0.07880230171510647      0.06974407510647654      0.06322848091565365      0.058149738481659        0.05332990960350942      0.04877148211434767      0.044475387049935436     0.0404409736922353       0.03666601784030926      0.03314676319266764      0.02987799428079006      0.026853138086984425     0.02406439039136042      0.021502862078115997     0.01915874011940703      0.01702145774874563      0.015079868415563118     0.013322418441093673     0.011737313824022794     0.010312677317212998     0.009036692658166343     0.007897733632970734     0.006884476440087218     0.005985994558760202     0.005191835988791857     0.004492083295070831     0.003877397351489988     0.003339046032222514     0.0028689193474033914    0.002459532673368927     0.002104019796178134     0.0017961174844268182    0.0015301432472914736    0.0013009678299950598    0.0011039838642507925    9.350719371276729E-4     7.905651779744288E-4     6.672132975812533E-4     5.621468529731014E-4     4.728423598196228E-4     3.9708873567101405E-4    3.329554330911558E-4     2.787625132268577E-4     2.3305281756539776E-4    1.9456631810251419E-4    1.622166629271004E-4     1.350698840836547E-4     1.1232519608125362E-4    9.32977850876343E-5      7.740346919300903E-5     6.414509772661863E-5     5.310055113721737E-5     4.391220120970014E-5     3.627769332506249E-5     2.9941917162067332E-5    2.4690038905557408E-5    2.0341476014431384E-5    1.6744704369603548E-5    1.3772796715780266E-5    1.1319600332612563E-5    9.296470418617324E-6     7.629483226282508E-6     6.257058682639901E-6     5.127924363550774E-6     4.1993476680080065E-6    3.4355430837551E-6       2.806109593638629E-6     2.2842325242862598E-6    1.8441136573304703E-6    1.456496815303446E-6     1.0798486723253765E-6    6.418975992462765E-7     0
% Data
% c (mol/m^3) @ t=900, u1=0.01, u2=0.01, u3=0.05
1                         0.9768262074494326       0.9511541530132589       0.9230570139452124       0.8926470719344578       0.8600750994172465       0.825528712375408        0.7892296994632372       0.7514303763101141       0.7124090530111938       0.6724647404973084       0.6319112560274658       0.5910709179172066       0.5502680434154614       0.5098224802348442       0.47004341082094475      0.4312236686139316       0.39363479736844903      0.35752306860473215      0.323106649507824        0.2905740855719498       0.26008423087659577      0.23176772619306624      0.20573009332402986      0.18205648516828857      0.16081810654070366      0.14208030163214827      0.12591229011497176      0.11239852415589799      0.10165163073059713      0.09382689433220247      0.08763750369037199      0.08167069596864011      0.07593413368328752      0.07043442496081954      0.06517701606366347      0.06016610150250927      0.0554045550332049       0.050893884074693065     0.046634209189342926     0.04262426929775225      0.03886145231884198      0.03534184999208802      0.03206033480369718      0.029010656243107294     0.02618555308806218      0.023576878069801247     0.021175731105816345     0.018972597296083367     0.01695748604057057      0.015120067925654396     0.013449806415575225     0.01193608184170258      0.010568305677453023     0.00933602359303078      0.008229006278261349     0.00723732748459429      0.006351429154497594     0.005562173868215543     0.004860885138767028     0.0042393763244280135    0.003689969105187647     0.0032055025896348403    0.0027793341870088173    0.0024053334024390434    0.002077869698981732     0.001791795525315348     0.0015424255400156353    0.0013255129788020173    0.0011372240159409975    9.741108702126093E-4     8.330843037509269E-4     7.113860620789833E-4     6.065617083995432E-4     5.164342165819207E-4     4.390786065725148E-4     3.727978338833367E-4     3.1610008166307294E-4    2.6767754955908435E-4    2.2638678779522822E-4    1.912305870818774E-4     1.6134140446990268E-4    1.3596628130625954E-4    1.1445319124673036E-4    9.623874300836911E-5     8.083715334873172E-5     6.783039971474258E-5     5.685945798324945E-5     4.761652709603865E-5     3.983813641670353E-5     3.329901802458683E-5     2.7806594123670225E-5    2.3195856574151118E-5    1.9324252862799808E-5    1.6065837024831454E-5    1.3303173042541125E-5    1.0913815967785225E-5    8.74462216851598E-6      6.559469726031083E-6     3.929527532169662E-6     0
% Data
% c (mol/m^3) @ t=1000, u1=0.01, u2=0.01, u3=0.05
1                         0.9794465824397998       0.956657748871239        0.9316749440957967       0.9045709229885932       0.8754498387954266       0.8444465956953493       0.8117254535843736       0.7774778986904068       0.7419198205215936       0.7052880628345842       0.667836442784949        0.6298313571756563       0.5915471167724873       0.5532611681129017       0.5152493763366158       0.47778155173267367      0.441117406571482        0.405503127264459        0.3711687401253196       0.3383264374068421       0.30717001448678105      0.2778755498676701       0.25060343790233747      0.2255018606921304       0.20271176110976005      0.18237335378738503      0.16463418522754933      0.14965872754352608      0.13763946185387516      0.12880937574719964      0.12174790771720378      0.11485993029033456      0.10815559444448604      0.10164456229576892      0.09533588844915653      0.0892379034345341       0.08335810251544297      0.07770304315775209      0.07227825428352844      0.06708816011816611      0.06213602098420537      0.0574238928303509       0.05295260664274521      0.048721768204924354     0.04472977799092117      0.04097387032817924      0.037450170384098        0.034153767036566696     0.031078799301811254     0.028218553721670994     0.025565569959092958     0.02311175181069191      0.020848480908785966     0.018766730538427808     0.016857177220986015     0.015110307996834651     0.013516521657592696     0.012066222515895083     0.010749905642288369     0.009558232831113227     0.008482098869232638     0.007512687964856671     0.006641520442713681     0.005860490022999288     0.005161892173569348     0.004538444158172113     0.003983297499994799     0.0034900436423601546    0.0030527136207140807    0.002665772566203297     0.0023241098454433347    0.0020230256077867596    0.0017582144645933036    0.001525746968438847     0.0013220494972469871    0.0011438830819122717    9.883216485763683E-4     8.527300803309061E-4     7.347424393329442E-4     6.322406303076652E-4     5.43333730987131E-4      4.663381646666337E-4     3.9975884490266867E-4    3.422713822348334E-4     2.9270540704317004E-4    2.5002902987834977E-4    2.1333442808174017E-4    1.8182450973238266E-4    1.5480055162639633E-4    1.3165061363844895E-4    1.1183834820960061E-4    9.489144716713695E-5     8.038817982793546E-5     6.793881453116308E-5     5.715520575863386E-5     4.759441532438172E-5     3.864658710467217E-5     2.9304290277834582E-5    1.7681001794168718E-5    0
% Data
% c (mol/m^3) @ t=1100, u1=0.01, u2=0.01, u3=0.05
1                         0.9816315722868962       0.9612510536860948       0.9388783301785215       0.9145586833581464       0.8883632488745176       0.8603889445452327       0.8307578493010503       0.7996160315731476       0.7671318446059032       0.7334937259199177       0.6989075581356311       0.6635936679353218       0.6277835584150175       0.5917164867988687       0.5556360138429808       0.5197866627028903       0.48441083313501127      0.4497461213185518       0.41602319611608324      0.38346437915752546      0.35228306876532456      0.3226841365592061       0.294865410765393        0.2690203420040246       0.24534192581205339      0.22402793148522038      0.20528745900258952      0.18934881472388101      0.17646866199705585      0.1669423644552203       0.1592611510558281       0.15170189046882648      0.1442751021658804       0.13699125468179021      0.12986067559203576      0.12289345516150146      0.11609934541406662      0.10948765670701502      0.1030671541572204       0.09684595643808935      0.09083143953337218      0.08503014798920112      0.0794477160495253       0.07408880080012095      0.06895702909660445      0.06405495963145033      0.05938406102647648      0.05494470634481178      0.050736183924174484     0.0467567239639032       0.04300353987124389      0.039472883003739946     0.036160109145657114     0.03305975483410727      0.030165621507393436     0.027470865382536187     0.0249680909759817       0.022649446253428487     0.02050671752189318      0.018531422348716235     0.01671489899685766      0.015048391092354639     0.013523126477661587     0.012130389444252768     0.010861585771130207     0.009708300215995539     0.008662346307576944     0.007715808467202664     0.006861076642822249     0.006090873768186737     0.0053982764637766955    0.00477672947516723      0.0042200544003915255    0.0037224532925695833    0.0032785077400051444    0.0028831740257073976    0.00253177495450655      0.002219988911192609     0.0019438366798618751    0.0016996665151351807    0.0014841379120582104    0.0012942044748746261    0.0011270962365299694    9.803017309817246E-4     8.515500680661726E-4     7.387932021633252E-4     6.401885125032819E-4     5.540817056295777E-4     4.789898688570065E-4     4.135841626594739E-4     3.5667096233735164E-4    3.071688747109502E-4     2.640761920563105E-4     2.26417395678891E-4      1.931449415750194E-4     1.629468011016867E-4     1.338566620227946E-4     1.0245239451636526E-4    6.219735260074456E-5     0
% Data
% c (mol/m^3) @ t=1200, u1=0.01, u2=0.01, u3=0.05
1                         0.9834817397227723       0.9651433499054252       0.9449898546837123       0.9230471124931465       0.899362467598844        0.874005016768848        0.8470654717500419       0.8186556104148048       0.7889073229609933       0.7579712740268225       0.7260152166291975       0.6932220090093324       0.6597874003043509       0.6259176649763166       0.5918271786422539       0.5577360389006724       0.5238678435151948       0.4904477445116807       0.45770090004148595      0.42585144598605756      0.3951221060090808       0.3657345519366143       0.33791061584394566      0.31187444096922534      0.28785564050675716      0.2660935114283811       0.24684232472987533      0.23037768391113878      0.21700391011245876      0.20706237522582718      0.19899626364586714      0.19100463308523064      0.18309707264072794      0.1752833810719178       0.1675735147254899       0.15997752735552515      0.1525055021668758       0.1451674767145031       0.13797336160451643      0.13093285424571727      0.12405534917598109      0.11734984671896888      0.11082486189882797      0.10448833564238022      0.09834755032265256      0.09240905164190903      0.08667857871871763      0.08116100403854078      0.07586028466115119      0.07077942576406913      0.06592045725433739      0.06128442381735683      0.056871388407132656     0.052680448832058246     0.04870976676745703      0.04495660824136834      0.041417394401701446     0.03808776118628193      0.0349626263851008       0.03203626250628437      0.029302373831693217     0.026754176070501023     0.02438447708401374      0.022185757255767737     0.020150248210415545     0.018270008735707735     0.01653699692680037      0.014943137744389918     0.013480385351681869     0.012140779764615734     0.010916497510667474     0.009799896140422794     0.008783552570364544     0.007860295353207916     0.007023231072696897     0.006265765142777412     0.005581617356794968     0.004964832581587759     0.004409787025142263     0.003911190526099445     0.0034640853200748746    0.0030638417324028323    0.0027061512296380438    0.0023870172312981325    0.0021027440336122446    0.001849924115687389     0.001625423957390788     0.0014263682376759515    0.0012501217773603602    0.0010942675829946889    9.565773045729372E-4     8.349662392159629E-4     7.274164317505649E-4     6.318337887732604E-4     5.457688847459634E-4     4.6585671365515673E-4    3.86677917739264E-4      2.984309464986512E-4     1.821634773764898E-4     0
% Data
% c (mol/m^3) @ t=0, u1=0.01, u2=0.03, u3=0.01
1                         -4.522845772963958E-8    2.159347170152288E-15    2.429049619556694E-20    3.234029231194618E-26    3.2960419531633407E-32   3.0016600099896487E-38   2.5681431685852386E-44   2.111589465229418E-50    1.6890005337406036E-56   1.3239176014680963E-62   1.0217940586561872E-68   7.790195122817136E-75    5.880645162805659E-81    4.402910824472977E-87    3.2847820307208488E-93   2.7214792461959584E-99   2.243375534516993E-105   1.8411138381816088E-111  1.5051260598526272E-117  1.226227032736898E-123   9.95945989593614E-130    8.066849612052774E-136   6.517662599384874E-142   5.254117499027835E-148   4.226828161009344E-154   3.3940024311935716E-160  2.7205644789705954E-166  2.1772784311532368E-172  1.7399193016658737E-178  1.383916822036093E-184   9.84131523457215E-191    6.99007725616166E-197    4.9594115259840155E-203  3.515022572514451E-209   2.488877626628056E-215   1.7606847601500615E-221  1.2444724836227935E-227  8.788923394276237E-234   6.202290090010941E-240   4.373733024228313E-246   3.0821421454193416E-252  2.170543100751908E-258   1.5276137378075826E-264  1.0744868628639134E-270  7.553412148093529E-277   5.307023896921448E-283   3.726792426642784E-289   2.615805720779965E-295   1.8351479085098062E-301  1.2868874787190788E-307  9.0203420627E-314        7.6116E-320              0                        0                        0                        0                        0                        0                        0                        0                        0                        0                        0                        0                        0                        0                        0                        0                        0                        0                        0                        0                        0                        0                        0                        0                        0                        0                        0                        0                        0                        0                        0                        0                        0                        0                        0                        0                        0                        0                        0                        0                        0                        0                        0                        0                        0                        0                        0                        0
% Data
% c (mol/m^3) @ t=100, u1=0.01, u2=0.03, u3=0.01
1                         0.8551207359423203       0.703537097441374        0.5550797666653191       0.4187294413015644       0.30124528520132654      0.20630616219003103      0.13437090137439217      0.08324613661818493      0.0491167699399023       0.027660566103557993     0.014912096599546253     0.00772336092741465      0.0038609318972211626    0.0018810248632282608    9.252754644668769E-4     4.6596066686217124E-4    2.2927752153156512E-4    1.1049815603476242E-4    5.22725449250644E-5      2.43198574182314E-5      1.1147240386718549E-5    5.041471452944009E-6     2.252777862937696E-6     9.957932750852633E-7     4.358801677931141E-7     1.8910929141332158E-7    8.138359041101214E-8     3.474897902775569E-8     1.4672203707798673E-8    5.932955529189731E-9     2.245766130784968E-9     8.456088711518253E-10    3.168606238929807E-10    1.1820161740526151E-10   4.39117332214584E-11     1.6250638480814582E-11   5.992534456719332E-12    2.2024545888381137E-12   8.069666671107961E-13    2.948107889521067E-13    1.0741113157144387E-13   3.9034202465607226E-14   1.4151325675111832E-14   5.118761027973585E-15    1.847581597850032E-15    6.655245970424759E-16    2.392725963871642E-16    8.586837290825963E-17    3.0762719624110654E-17   1.1002827584264553E-17   3.9292184930681175E-18   1.4010774215448251E-18   4.988865209062685E-19    1.7739962004413484E-19   6.300001520812429E-20    2.2345484899876845E-20   7.916307410882819E-21    2.801305230415895E-21    9.902002118930097E-22    3.496464308472537E-22    1.2333782671185446E-22   4.346515045192088E-23    1.5303101087602987E-23   5.383018423077738E-24    1.891883704716849E-24    6.6435224103114935E-25   2.3310431996520754E-25   8.17263487164205E-26     2.863156134306657E-26    1.0023280180685995E-26   3.506443370468582E-27    1.2258169842360754E-27   4.282482045119885E-28    1.4951522284323753E-28   5.216793526406525E-29    1.819107258303917E-29    6.339530250086325E-30    2.2080419368926893E-30   7.686277517163242E-31    2.6741763638780227E-31   9.298988876544686E-32    3.2319102844933494E-32   1.1227076652520269E-32   3.898195360497863E-33    1.3528682565129345E-33   4.692968788475928E-34    1.6272157300383115E-34   5.639658078236764E-35    1.9537782394970237E-35   6.765768333679651E-36    2.3419772960546835E-36   8.103565023062695E-37    2.8028601852277085E-37   9.690854508276958E-38    3.3493277140029847E-38   1.1570512399222659E-38   3.991908281416052E-39    1.3643685110148702E-39   4.257667341919507E-40    0
% Data
% c (mol/m^3) @ t=200, u1=0.01, u2=0.03, u3=0.01
1                         0.9106952002051663       0.8143188310584745       0.7140399621671735       0.6132579523333551       0.5153215784231595       0.42325083310638445      0.3394971407086681       0.26577443609581963      0.20298401023246201      0.15124096339797458      0.1099923334992271       0.07820106801612964      0.05456083867209228      0.037707178551260795     0.02639982992307603      0.018676346727341326     0.012972365169424134     0.00885518225762673      0.005946480624922248     0.003932288493318376     0.002563232351952218     0.0016485815579414332    0.001047172131222012     6.574973284052266E-4     4.084048335034784E-4     2.5113368065315E-4       1.5292350611853091E-4    9.212235585827928E-5     5.4558672951042915E-5    3.086878950465602E-5     1.6570264280854104E-5    8.835895156715584E-6     4.682712371921527E-6     2.46755188818764E-6      1.2934099649630427E-6    6.746383900896262E-7     3.50284305565114E-7      1.8110155851719693E-7    9.326122001904168E-8     4.784894659032624E-8     2.446478904197568E-8     1.2468238633086976E-8    6.335080060621181E-9     3.2096977753835193E-9    1.6218711363581684E-9    8.174814896488826E-10    4.1106708535729694E-10   2.062431709812507E-10    1.032602045154881E-10    5.1596859763437174E-11   2.5733394993514716E-11   1.2811431907636055E-11   6.3674446057512176E-12   3.1596349204117333E-12   1.5654801924456224E-12   7.745144590579741E-13    3.826598720074581E-13    1.8881039916921055E-13   9.30453798853715E-14     4.5797762137057625E-14   2.2516314712529452E-14   1.1057975027786014E-14   5.424996321286717E-15    2.6588137886357826E-15   1.3018440968494466E-15   6.368388029438827E-16    3.112543791706268E-16    1.5199589763054288E-16   7.416395770986178E-17    3.615863085033672E-17    1.7615776675136173E-17   8.575794540322581E-18    4.171969056225278E-18    2.028209102430604E-18    9.853705184316036E-19    4.784222027939979E-19    2.3214389680910527E-19   1.125761010467708E-19    5.456152624935121E-20    2.642933165108229E-20    1.2795369501798857E-20   6.191469406252668E-21    2.9944413946742093E-21   1.44752382366142E-21     6.994066792773249E-22    3.377800885639771E-22    1.630588334306004E-22    7.868033268804001E-23    3.79494017103633E-23     1.8296399895192684E-23   8.817654404008346E-24    4.247870105531837E-24    2.0456025096396105E-24   9.846707868263999E-25    4.737016855985571E-25    2.2755047151049353E-25   1.0866968128113454E-25   5.047201671099163E-26    2.0120368650952427E-26   0
% Data
% c (mol/m^3) @ t=300, u1=0.01, u2=0.03, u3=0.01
1                         0.9346332574950998       0.8633479919338801       0.7876525992921921       0.7092596564447115       0.6299906299994923       0.5516721468699497       0.4760332807300079       0.4046135435466752       0.3386904538634257       0.27923375271740536      0.22689074361987324      0.18200413880207658      0.14466056751298553      0.11476494114766349      0.09213354965849341      0.0743991963321274       0.059258607116811246     0.04656243272391773      0.036101974817223874     0.027630181324851368     0.020881932833773834     0.015591656194794839     0.011507073010826525     0.008398659244090924     0.006065010391789573     0.004334699312952025     0.003065366637251536     0.002140715207917904     0.0014658063992064301    9.605540625651295E-4     6.020644328350805E-4     3.746980094152869E-4     2.316843229437269E-4     1.424087979429004E-4     8.706396085972138E-5     5.296956894669377E-5     3.208591033465778E-5     1.9359949461944385E-5    1.1640900041323084E-5    6.978153109933235E-6     4.171897922374605E-6     2.488412059176442E-6     1.4813276473779829E-6    8.803462914445811E-7     5.22458254348548E-7      3.0971069044960694E-7    1.8342869684579326E-7    1.0856106576806837E-7    6.421782079456681E-8     3.7973504950924265E-8    2.24496233334886E-8      1.3270627049112354E-8    7.844592299422048E-9     4.6374670579406506E-9    2.7418957622193545E-9    1.621446569463471E-9     9.590747284575146E-10    5.674297467522965E-10    3.3580661339524833E-10   1.9878703874206277E-10   1.1770905013565553E-10   6.971938828972915E-11    4.130629929626493E-11    2.4478999286855903E-11   1.4510429398472361E-11   8.603396448804455E-12    5.10218301160011E-12     3.0264371625757235E-12   1.7955184024415525E-12   1.0654271156253268E-12   6.323050054518905E-13    3.7531166242149533E-13   2.227993787704308E-13    1.3227770445904664E-13   7.854250730522872E-14    4.6640521296246784E-14   2.7698614482388347E-14   1.6450708242594567E-14   9.771007163747882E-15    5.8038860500542914E-15   3.447626543488113E-15    2.0480504254197298E-15   1.216683891480554E-15    7.228187604103324E-16    4.2943132749566133E-16   2.551343889078079E-16    1.5158413058464189E-16   9.00630224498252E-17     5.351133660829882E-17    3.179430055110951E-17    1.8890866604790086E-17   1.1223788804641286E-17   6.667589662012326E-18    3.959168263031805E-18    2.3475367332255124E-18   1.3855107841587332E-18   8.055394168383271E-19    4.451570999680303E-19    2.0122872900655335E-19   0
% Data
% c (mol/m^3) @ t=400, u1=0.01, u2=0.03, u3=0.01
1                         0.9487829836916585       0.8926074869726761       0.832294934990884        0.7688220038336958       0.7032847546816497       0.6368561822800766       0.5707401421284274       0.5061251334407622       0.4441416910786143       0.38582712487203474      0.33210099293172635      0.28375398068581875      0.24145179074588882      0.2057542955410293       0.17714869093960917      0.15316513916546498      0.13113326267163977      0.11116475179901529      0.09330849957702919      0.07755327599372452      0.06383403352246314      0.05204088236062561      0.04202957213513912      0.033632280198971506     0.02666759016344837      0.020948671534692712     0.016288743722552106     0.012502805625659929     0.009404181851746483     0.006793459861789726     0.004725186544444909     0.0032625480223024404    0.002237094071364252     0.0015239558489747976    0.0010317741531297446    6.945063064509926E-4     4.649370063172213E-4     3.0965460060856085E-4    2.0523802682013365E-4    1.3541252887965923E-4    8.896049591833561E-5     5.820797871591928E-5     3.794179020540258E-5     2.464335081145036E-5     1.5952141356087353E-5    1.0293438000936108E-5    6.622221520322712E-6     4.248378572384481E-6     2.7182452906686265E-6    1.7348629675877853E-6    1.1046221405159816E-6    7.017643689700507E-7     4.4488845645974314E-7    2.81477046761704E-7      1.7775154286441795E-7    1.1204843605363642E-7    7.051165258948469E-8     4.4301319889709736E-8    2.7791286752745374E-8    1.740885096608238E-8     1.0890106564563263E-8    6.803366089149901E-9     4.244949331185087E-9     2.6454751549481146E-9    1.6468017448071236E-9    1.0240186467888188E-9    6.360985475117809E-10    3.9473962707970045E-10   2.4472899589994615E-10   1.515884084313356E-10    9.381426294327443E-11    5.8010892768679323E-11   3.5842857113184193E-11   2.2129002906806593E-11   1.3652123480120351E-11   8.4164697663162E-12      5.185166581010958E-12    3.192341942577473E-12    1.9641760579046114E-12   1.2077736952542535E-12   7.422226103828286E-13    4.558637836682592E-13    2.798315568101208E-13    1.7168286165809643E-13   1.052769825878008E-13    6.452430477728936E-14    3.9527873821325776E-14   2.42036081820815E-14     1.481354082501966E-14    9.062409118839933E-15    5.541584838534891E-15    3.3870111089744276E-15   2.0689040261221225E-15   1.26252329723891E-15     7.687777553788083E-16    4.654242118353902E-16    2.7699430647613423E-16   1.5610166660509862E-16   7.151710399074928E-17    0
% Data
% c (mol/m^3) @ t=500, u1=0.01, u2=0.03, u3=0.01
1                         0.9581201569264476       0.9120391783130747       0.8622610247225783       0.8094078320840662       0.7542052787459951       0.6974638987865517       0.6400575185238383       0.5829002914735764       0.5269240128855724       0.4730574766257881       0.42220957002765336      0.37525757354709416      0.3330417439797158       0.29636673226974575      0.2660097565099099       0.23952808267745312      0.21411577241645516      0.1899753489537568       0.1672787708886165       0.1461616298388377       0.12671927206726963      0.10900497073080884      0.09303000686726544      0.07876521994940956      0.06614326175242868      0.05506040221117934      0.045376224537786544     0.036908784805649554     0.02942159616532426      0.022596816467054564     0.016786088573961945     0.012375101274818221     0.009056895207612544     0.0065822262145725135    0.004751791674909382     0.0034084556518145345    0.0024299318839976288    0.001722197902439925     0.001213770188163562     8.508673331208196E-4     5.934201338985623E-4     4.1184745882017035E-4    2.844975082420169E-4     1.956493915823919E-4     1.339745530150155E-4     9.136748792579488E-5     6.206753001251824E-5     4.200632992563968E-5     2.8327808491701124E-5    1.903821260285964E-5     1.2753165535245076E-5    8.516260872414878E-6     5.669914840890943E-6     3.7640496740558083E-6    2.4919381778596513E-6    1.6454002911342611E-6    1.0836900385411829E-6    7.120037456341233E-7     4.667081943503773E-7     3.0523525359108853E-7    1.991995047466939E-7     1.2973059579023401E-7    8.432021093259892E-8     5.470019851320094E-8     3.5419734873566284E-8    2.2894471681667017E-8    1.477315202327524E-8     9.516995928740363E-9     6.121198370881483E-9     3.9310389661482925E-9    2.5207855195241447E-9    1.6141516712583043E-9    1.0321763539128E-9       6.591508945942477E-10    4.2039398885317837E-10   2.677856674148176E-10    1.703707302858788E-10    1.0826705716990993E-10   6.872385264811432E-11    4.3575653531820586E-11   2.7600714774078492E-11   1.746428824278471E-11    1.1039492995746832E-11   6.9715284800698415E-12   4.398452834036987E-12    2.772533512410977E-12    1.7461032021716244E-12   1.0987271627823005E-12   6.907901658091542E-13    4.339561568678945E-13    2.723892589100864E-13    1.7082942504133915E-13   1.0702870086511458E-13   6.695781897276132E-14    4.177009794075178E-14    2.5877580183203728E-14   1.572816077876073E-14    9.020077815339613E-15    4.181832503789224E-15    0
% Data
% c (mol/m^3) @ t=600, u1=0.01, u2=0.03, u3=0.01
1                         0.96489342932762         0.9261907016191981       0.8842283352274092       0.839435870500318        0.7923302868477606       0.7435079266053919       0.693634430571759        0.6434333395762363       0.5936741248666416       0.5451604641712936       0.49871956987914196      0.45519329529146224      0.41543159420173065      0.3802886940296329       0.35062207529293776      0.3240986403979011       0.29793918128258995      0.27233558921975254      0.24747333199142102      0.2235254714512724       0.20064679527286577      0.17896820857203988      0.15859137475385707      0.13958334097055972      0.12197049781020022      0.10573065048292107      0.09078113073491077      0.07695961234370724      0.06399238556588147      0.05144195783038756      0.0401570103426019       0.03111512473227069      0.023935524151747406     0.018283995754242954     0.013872400619367916     0.010456335974128319     0.0078315715486849       0.0058297848493065975    0.004314012570712752     0.0031741297193848368    0.0023225725310154857    0.0016904405264971127    0.001224048748460522     8.819529738563173E-4     6.324368287831303E-4     4.5142789494238193E-4    3.207975515214251E-4     2.269940180444358E-4     1.5995772812007274E-4    1.1227102701435597E-4    7.849889580512771E-5     5.468297059807689E-5     3.795686308611878E-5     2.6256260549128937E-5    1.8102237325790293E-5    1.244052757691615E-5     8.523162927438935E-6     5.821897239976925E-6     3.965285248440261E-6     2.69322761168501E-6      1.82432086077483E-6      1.2325316111819743E-6    8.306175601378086E-7     5.584011827319162E-7     3.7451415255263713E-7    2.506108754909737E-7     1.673297302158281E-7     1.1148547216492981E-7    7.412498749223112E-8     4.918585433980819E-8     3.257406458760359E-8     2.1532064754383677E-8    1.4207125215478064E-8    9.35744714777116E-9      6.152648468605883E-9     4.038707253587151E-9     2.6467891944181413E-9    1.7318623742581553E-9    1.13147250978463E-9      7.381252441628523E-10    4.808278756316405E-10    3.127808596878733E-10    2.0318817352086537E-10   1.31819772193338E-10     8.540869695566315E-11    5.52685365203156E-11     3.5720901295498516E-11   2.30594416058715E-11     1.4868561493036835E-11   9.576162396533065E-12    6.1605130829384904E-12   3.9584383173094434E-12   2.5399910046155266E-12   1.6266666973587906E-12   1.0380722323198353E-12   6.571295336817127E-13    4.072825269176914E-13    2.3737352681763695E-13   1.1125065390209773E-13   0
% Data
% c (mol/m^3) @ t=700, u1=0.01, u2=0.03, u3=0.01
1                         0.9701230056354635       0.9371451594452583       0.9013060801290449       0.8629209041500681       0.8223789365677244       0.7801406801063043       0.7367334456116302       0.6927458253680031       0.648821370280142        0.6056518465145591       0.5639704520213568       0.5245453454362514       0.48817377845794907      0.455677029700855        0.4278962176689642       0.4026583217189031       0.3773145223184226       0.3520125785265853       0.3269049523685115       0.3021445645678116       0.2778798118348177       0.2542487225921086       0.23137197222173242      0.20934421251913587      0.18822274000351305      0.16801185693861864      0.1486402543529825       0.1299272019856672       0.11153102243086155      0.09286990042369508      0.07536083518798511      0.06072417656750704      0.04859430602909389      0.038626191225003007     0.030501268976627527     0.023931041100547452     0.018658727752438254     0.014459352824276607     0.011138633429373088     0.008531019077564442     0.006497184084050732     0.004921226453938148     0.0037077739443092217    0.002779147679843037     0.002072688537948427     0.0015383131652437747    0.0011363355322182346    8.355662061313051E-4     6.11684352546526E-4      4.458659149893991E-4     3.23644417166927E-4      2.3397734796930453E-4    1.6849018673739525E-4    1.2087100293108765E-4    8.639057018537791E-5     6.15255677633144E-5      4.3665333820971147E-5    3.088552863750321E-5     2.1774796592557154E-5    1.5302987211389225E-5    1.0721662816613323E-5    7.489473160185266E-6     5.216528595239479E-6     3.623179053320298E-6     2.509639146279176E-6     1.733724946414415E-6     1.194619249617224E-6     8.210904661602413E-7     5.629831312956512E-7     3.850988575826335E-7     2.6281498169197094E-7    1.7896026377744777E-7    1.215957259422468E-7     8.244434812498985E-8     5.578393278301048E-8     3.7669248388342144E-8    2.538735549985016E-8     1.7077447629992558E-8    1.1466344583644976E-8    7.685008491215557E-9     5.1416339117815605E-9    3.434114797124415E-9     2.2898344719966622E-9    1.5243585067761925E-9    1.0131678300542188E-9    6.72362902527424E-10     4.4552311581366825E-10   2.947785424613221E-10    1.9475724308525187E-10   1.284908288662523E-10    8.465046184462546E-11    5.568466613723057E-11    3.6566993457000433E-11   2.395508652198697E-11    1.562644412041439E-11    1.0099490724625475E-11   6.377761967431203E-12    3.7744597776167216E-12   1.7871739819704267E-12   0
% Data
% c (mol/m^3) @ t=800, u1=0.01, u2=0.03, u3=0.01
1                         0.9743494611354111       0.9460133083784615       0.9151700849001754       0.8820609097780836       0.8469902019508391       0.810325301006908        0.7724950405510634       0.7339873716853128       0.6953461677670749       0.6571673639845275       0.620094593907561        0.5848144783251218       0.5520516986558974       0.5225639484523883       0.49713680366367924      0.4737800447295363       0.45002944486355767      0.4259864527899912       0.40176045783777703      0.3774658546653095       0.3532179972766665       0.3291276841087176       0.305293613607391        0.28179192762294447      0.2586614586934289       0.23588253109494753      0.21334601108064302      0.1908075820350203       0.1678196819365866       0.14362982153597595      0.12017001996178771      0.09989764757374422      0.08252187503456432      0.06774667808970392      0.055279656232987515     0.044839104914465945     0.03615936792235653      0.028994581176010416     0.02312097956392808      0.0183379754511903       0.014468233635377397     0.01135696653193502      0.008870659397945674     0.006895412622680188     0.005335060303389949     0.004109194648097084     0.003151196645462077     0.0024063466326972203    0.0018300649358671687    0.0013863131630197202    0.001046171084969316     7.865921259068902E-4     5.893319009645335E-4     4.400384763023655E-4     3.2748955602953316E-4    2.429601060169536E-4     1.7970354482153573E-4    1.3253017093617082E-4    9.746763022189898E-5     7.148970478635812E-5     5.230133543184291E-5     3.816943921880044E-5     2.7790661287471576E-5    2.018865033867228E-5     1.4634740789495004E-5    1.0587051106370172E-5    7.643969497372858E-6     5.50880544601897E-6      3.963053500777023E-6     2.846261357900077E-6     2.0409349656112866E-6    1.4612657142685514E-6    1.0447438931343252E-6    7.459418595003406E-7     5.319212953906992E-7     3.7885123678000947E-7    2.695253083966168E-7     1.9154436990544047E-7    1.3598989167123543E-7    9.645807201415593E-8     6.835833432633488E-8     4.84050261389769E-8      3.424992192278948E-8     2.4217079105938017E-8    1.7111916545475455E-8    1.2083992983284114E-8    8.528553491638775E-9     6.016006759888344E-9     4.2414864843089555E-9    2.9888278044079537E-9    2.104871258717934E-9     1.481152240422325E-9     1.0408613207971826E-9    7.295565043975668E-10    5.085355011310311E-10    3.5008004127357273E-10   2.3399767246291986E-10   1.4503198993823831E-10   7.080465443009136E-11    0
% Data
% c (mol/m^3) @ t=900, u1=0.01, u2=0.03, u3=0.01
1                         0.9778619235479582       0.9533916726928092       0.9267266911839076       0.8980569743117455       0.8676267997394872       0.8357356841248287       0.8027385471018754       0.7690450853459906       0.7351183778231757       0.7014727574647894       0.66867099314565         0.6373208280174698       0.6080709153898542       0.5816061813540381       0.558642624627538        0.537377875284226        0.5155550188619425       0.49323630076781866      0.47049131028815866      0.4473946549490007       0.4240223197539439       0.4004461874274277       0.3767259460461622       0.3528972319029163       0.3289542864763074       0.3048245585661696       0.2803314298144649       0.2551394045250216       0.22867342841476326      0.200000125444444        0.17145518013150207      0.14613068956501127      0.12383388478863719      0.1043481588551719       0.08744202389377537      0.07287711653600487      0.06041508831484594      0.049823300194220176     0.04087931275956048      0.033374222797783744     0.027114941646181247     0.0219255408385513       0.01764780736735608      0.014141156204307672     0.01128204387720382      0.008963016299951436     0.007091508992656056     0.005588500335363805     0.004387100238468791     0.0034311388590720702    0.002673803639495712     0.002076358545873404     0.0016069672128806985    0.0012396318074742146    9.532517043911961E-4     7.308003106948377E-4     5.586143203273207E-4     4.257870354635792E-4     3.2365587679174273E-4    2.453735585116281E-4     1.8555239615374746E-4    1.3997165254406047E-4    1.0533855206638081E-4    7.909448273219368E-5     5.925886684647607E-5     4.430414758387093E-5     3.305626513632343E-5     2.461585362602169E-5     1.829616285855685E-5     1.3574390763591536E-5    1.0053703146177165E-5    7.433721599899576E-6     5.487685185491961E-6     4.044845183210193E-6     2.9769437658857725E-6    2.1878655377204965E-6    1.6057437248331722E-6    1.1769578088258088E-6    8.615831239531667E-7     6.29951071802782E-7      4.6005598001342233E-7    3.3560530099655424E-7    2.4455717582730643E-7    1.7802613468231177E-7    1.2946610746544224E-7    9.406177926763236E-8     6.82760852168006E-8      4.951444053597972E-8     3.5876044657992204E-8    2.5969988432892734E-8    1.877948026185454E-8     1.356171598821143E-8     9.774076295299222E-9     7.019694853014773E-9     5.007190489894246E-9     3.52063917609861E-9      2.3967798921355196E-9    1.5070737396264475E-9    7.426108221368463E-10    0
% Data
% c (mol/m^3) @ t=1000, u1=0.01, u2=0.03, u3=0.01
1                         0.9808005702470527       0.9595705290562127       0.9364197267855069       0.9115027127845287       0.8850208183996257       0.8572236691197818       0.828410077543799        0.7989282792719355       0.7691754837468989       0.7395967207937071       0.7106829704948776       0.6829685685492706       0.6570278810111647       0.6334712410938593       0.6129401365805318       0.593816779363939        0.5740590762772341       0.553698169178376        0.5327699457455434       0.5113128063288365       0.48936398872049597      0.4669538153915844       0.4440969395377232       0.4207792422617498       0.3969384116221505       0.37243532696239484      0.34701205370514215      0.3202303473664047       0.2913818205510914       0.2593569902729924       0.22677560153050502      0.1972312862274311       0.17063238621361992      0.14685251055303833      0.12573795419543896      0.10711489961556464      0.0907961673525706       0.07658733635605135      0.0642921110364328       0.05371686526988082      0.0446743414745848       0.03698652331191086      0.03048673251940772      0.025021023599248314     0.020448964965043302     0.016643902572413962     0.013492803209598418     0.010895770833394517     0.008765321943281355     0.007025496242582323     0.00561086783201853      0.004465510814904186     0.00354196215487039      0.002800214407721561     0.0022067618619831166    0.001733715831130588     0.0013579983889620334    0.0010606186847286066    8.260320131534672E-4     6.415789068962899E-4     4.96999508914403E-4      3.840172105563987E-4     2.9598485678171817E-4    2.2758658549794058E-4    1.7458846427256808E-4    1.3363141431234772E-4    1.0206038710078823E-4    7.778431936309098E-5     5.916198845792715E-5     4.490948743599654E-5     3.4025612297659095E-5    2.573198756588484E-5     1.942524103807769E-5     1.4638970396122426E-5    1.1013622759676806E-5    8.272735255633797E-6     6.2042638124000186E-6    4.6459631281094E-6       3.473977954927358E-6     2.5939693731308368E-6    1.9342342866961807E-6    1.4403863003281065E-6    1.0712553556010772E-6    7.957354742420117E-7     5.90367687223654E-7      4.374912937904135E-7     3.2383317125721894E-7    2.394337643302188E-7     1.7683112880816858E-7    1.3044222566108208E-7    9.609456423167466E-8     7.067209005881508E-8     5.184755337217213E-8     3.787999272593615E-8     2.746082499129647E-8     1.95956521732962E-8      1.3511497483483672E-8    8.580911146211587E-9     4.2553080619069875E-9    0
% Data
% c (mol/m^3) @ t=1100, u1=0.01, u2=0.03, u3=0.01
1                         0.98329526740477         0.9648192505685581       0.9446622334893385       0.922952858178051        0.8998602423879479       0.8755956578821312       0.8504137118152786       0.824612978595029        0.7985360347402976       0.7725688544539561       0.7471395285665241       0.7227162739048522       0.699804703767319        0.6789443328946907       0.6607042920649078       0.643641305026758        0.625922762925784        0.6075566468878457       0.5885525269959542       0.5689191070412379       0.5486602232472038       0.5277685894932906       0.5062162678235912       0.483940389271315        0.46082199515793715      0.4366549263419036       0.4111003347560513       0.383620454945278        0.3533825095629893       0.319119689487819        0.2836213203497891       0.2508364722131038       0.22076212521460545      0.19335650989339004      0.16854436623621327      0.1462224858529542       0.12626531530072316      0.10853042426268375      0.09286367416269185      0.07910395819789222      0.0670874201783363       0.05665109476919992      0.04763594396259111      0.0398892925797212       0.03326668853760883      0.02763323118852377      0.022864423332464044     0.018846609900973244     0.015477069420405727     0.012663823918940147     0.01032522972873591      0.008389406422911213     0.006793554624986424     0.005483206251529974     0.004411443402774109     0.003538114992638812     0.0028290735912488876    0.0022554490236724525    0.0017929701287216265    0.001421341764482568     0.0011236806350201605    8.860107516372547E-4     6.968172553485594E-4     5.466558257541494E-4     4.278138922508734E-4     3.3401925573147453E-4    2.6019143827382365E-4    2.0223102952551182E-4    1.5684242655321595E-4    1.2138561446368239E-4    9.375296393497036E-5     7.22673941118074E-5      5.559863857711507E-5     4.269473883676742E-5     3.27262603255698E-5      2.5041071453776862E-5    1.9127841447500366E-5    1.4586695270226761E-5    1.110571336632295E-5     8.442181388287741E-6     6.407682442815774E-6     4.856284260594992E-6     3.6752088798671785E-6    2.7774858214387917E-6    2.0961841359990687E-6    1.5798967684739662E-6    1.189214830416723E-6     8.9398177047175E-7       6.711599957638292E-7     5.031768807210852E-7     3.7664472121586125E-7    2.8137124594476647E-7    2.0959477639640454E-7    1.553918409109131E-7     1.1421563911026918E-7    8.253170602989247E-8     5.752277452772634E-8     3.683835747917914E-8     1.836597176618074E-8     0
% Data
% c (mol/m^3) @ t=1200, u1=0.01, u2=0.03, u3=0.01
1                         0.9854339383380966       0.9693207808795734       0.9517362165347583       0.9327890532523302       0.9126232248972705       0.8914194476280477       0.8693964685256329       0.8468118510803837       0.8239622446195106       0.8011830877357662       0.7788476991271133       0.7573657128512822       0.7371808187288718       0.7187677724153855       0.7026286434724935       0.6874812047006309       0.6716899932219649       0.6552464608167372       0.6381406295860819       0.6203582724587992       0.6018764561910469       0.5826566950995652       0.5626346357404208       0.5417047231919415       0.5196976285778588       0.4963472603244599       0.47124281909889987      0.44375942064770973      0.41295806624633996      0.3774418568119368       0.3400729595086496       0.3050197002654075       0.2723488644435138       0.24208937432359587      0.21423543306661613      0.18875021388711982      0.1655699225722889       0.14460806599557455      0.12575977076194295      0.10890601319272793      0.09391764294250105      0.08065910602225765      0.06899179733923048      0.05877699668022556      0.04987836422802376      0.042163991353079563     0.03550801899907547      0.02979184919099831      0.02490498499336226      0.020745540790232365     0.017220468355383083     0.014245545238811427     0.011745170977643772     0.009652014021887576     0.007906548506971237     0.006456515522506315     0.005256338680493302     0.004266518872288562     0.0034530283522029386    0.00278671986393148      0.0022427625448466766    0.0018001128648043117    0.0014410259033215186    0.0011506098341081163    9.164245391678665E-4     7.281237715233439E-4     5.77139173044567E-4      4.5640367534413324E-4    3.6011131096756136E-4    2.835101858460865E-4     2.2272526361241492E-4    1.7460764507231275E-4    1.3660715519647892E-4    1.0666524489491085E-4    8.312545079751371E-5     6.465891378571354E-5     5.0202721215121165E-5    3.890909769456957E-5     3.010371727031604E-5     2.3251640880628323E-5    1.7929594053161172E-5    1.3803489665233123E-5    1.0610269001044545E-5    8.143281978424627E-6     6.240555495702701E-6     4.775408921356498E-6     3.64896954400437E-6      2.7842200982755616E-6    2.1212770265217852E-6    1.6136535728826524E-6    1.2253076423869267E-6    9.283119371391597E-7     7.01014367473649E-7      5.265810993779747E-7     3.9183360757581373E-7    2.8630530269248885E-7    2.014529893771574E-7     1.299635969269779E-7     6.509695070227595E-8     0
% Data
% c (mol/m^3) @ t=0, u1=0.01, u2=0.03, u3=0.03
1                         -4.522845772963958E-8    2.159347170152288E-15    2.429049619556694E-20    3.234029231194618E-26    3.2960419531633407E-32   3.0016600099896487E-38   2.5681431685852386E-44   2.111589465229418E-50    1.6890005337406036E-56   1.3239176014680963E-62   1.0217940586561872E-68   7.790195122817137E-75    5.880645162805661E-81    4.402910824472977E-87    3.284782030720849E-93    2.721479246195959E-99    2.243375534516994E-105   1.8411138381816088E-111  1.5051260598526272E-117  1.226227032736898E-123   9.959459895936139E-130   8.066849612052774E-136   6.5176625993848754E-142  5.254117499027837E-148   4.226828161009345E-154   3.394002431193575E-160   2.7205644789705984E-166  2.17727843115324E-172    1.7399193016658787E-178  1.3885159450515675E-184  1.106676856305552E-190   8.810008290802755E-197   7.005691592203732E-203   5.565131025221621E-209   4.416488657254637E-215   3.5017197272477436E-221  2.7740302221691264E-227  2.1957738001850014E-233  1.73672057271192E-239    1.372638033399861E-245   1.0841321974181459E-251  8.557043766603979E-258   6.749857432371107E-264   5.3211782690426215E-270  4.192523327749246E-276   3.3014818241615606E-282  2.598475296409592E-288   2.044157502593918E-294   1.6073312507038984E-300  1.263281983153198E-306   9.9244651454E-313        7.5725E-319              0                        0                        0                        0                        0                        0                        0                        0                        0                        0                        0                        0                        0                        0                        0                        0                        0                        0                        0                        0                        0                        0                        0                        0                        0                        0                        0                        0                        0                        0                        0                        0                        0                        0                        0                        0                        0                        0                        0                        0                        0                        0                        0                        0                        0                        0                        0                        0
% Data
% c (mol/m^3) @ t=100, u1=0.01, u2=0.03, u3=0.03
1                         0.8551207359423205       0.703537097441374        0.5550797666653189       0.41872944130156436      0.3012452852013266       0.20630616219003103      0.13437090137439217      0.08324613661818497      0.049116769939902306     0.027660566103558        0.014912096599546253     0.007723360927414649     0.0038609318972211634    0.001881024863228262     9.252754644668796E-4     4.6596066686217943E-4    2.2927752153159347E-4    1.1049815603486223E-4    5.227254492541541E-5     2.431985741946293E-5     1.114724039102857E-5     5.0414714679869855E-6    2.252777915289398E-6     9.957934567138561E-7     4.358807958501185E-7     1.8911145547893124E-7    8.139101858612802E-8     3.4774371516986725E-8    1.4758620163969956E-8    6.225637371555326E-9     2.6115229437212763E-9    1.0898634528451064E-9    4.5268252226485845E-10   1.8720415172079237E-10   7.71041708700772E-11     3.163787016529353E-11    1.2936518384450122E-11   5.272434595836193E-12    2.142307005430801E-12    8.679874064212786E-13    3.5073831845868734E-13   1.4137127367084822E-13   5.684749629330943E-14    2.2808272531121097E-14   9.131837395585167E-15    3.6488683345028796E-15   1.4552516523001114E-15   5.793486994442109E-16    2.302517731494115E-16    9.136146858673725E-17    3.619543873040759E-17    1.431879581186406E-17    5.656529808524138E-18    2.231576111975649E-18    8.792587393889703E-19    3.4601007713001316E-19   1.3600349512929603E-19   5.339757001510738E-20    2.0942214040200157E-20   8.204871459950401E-21    3.2113408019181285E-21   1.2556910284676743E-21   4.905422267685207E-22    1.9146165259427999E-22   7.466426669138902E-23    2.9092595363737355E-23   1.1326694200936594E-23   4.4064280324931316E-24   1.7129478575788142E-24   6.65405164346788E-25     2.5829907065949775E-25   1.0019909044960886E-25   3.8843479703713676E-26   1.5048548769093432E-26   5.826417288829154E-27    2.2544830856448645E-27   8.71843253536369E-28     3.36963722918099E-28     1.3016318017940686E-28   5.025277924321461E-29    1.9391229158616526E-29   7.478767541530332E-30    2.882969503356283E-30    1.1108131713119719E-30   4.27797625043591E-31     1.6467865096041506E-31   6.336403446053007E-32    2.4370236763894853E-32   9.368988761507528E-33    3.6003622121722794E-33   1.3830073263401116E-33   5.310454820428291E-34    2.0383176590075984E-34   7.820749924003684E-35    2.999585949855168E-35    1.1499479899586043E-35   4.403061253442505E-36    1.670760457880576E-36    5.798690364813469E-37    0
% Data
% c (mol/m^3) @ t=200, u1=0.01, u2=0.03, u3=0.03
1                         0.9106952002051661       0.8143188310584742       0.7140399621671736       0.6132579523333552       0.5153215784231604       0.42325083310638617      0.33949714070867226      0.265774436095829        0.20298401023248333      0.1512409633980227       0.10999233349933543      0.07820106801637296      0.05456083867263773      0.03770717855248087      0.026399829925798944     0.018676346733793744     0.012972365185534919     0.008855182298255623     0.005946480727382179     0.003932288751103877     0.0025632329985878165    0.0016485831746129596    0.001047176158730455     6.575073236651977E-4     4.08429538083472E-4      2.511944744874785E-4     1.5307240867863293E-4    9.248522928077308E-5     5.5438212115844387E-5    3.29882467399777E-5      1.9496402117800285E-5    1.1450078665880342E-5    6.685248221989314E-6     3.882058091463933E-6     2.2428879439830158E-6    1.28975211951318E-6      7.38410186089308E-7      4.2102713267713283E-7    2.391449692500114E-7     1.3535035938354328E-7    7.634913103398457E-8     4.293256825074844E-8     2.4070883217350643E-8    1.3458518115372126E-8    7.505405303511494E-9     4.175311253065844E-9     2.3174076569444193E-9    1.2834275954150889E-9    7.093293686634389E-10    3.912736352773312E-10    2.154339964861047E-10    1.184106112356332E-10    6.497533449691177E-11    3.5597871548911255E-11   1.9473802739907047E-11   1.0638002354154033E-11   5.8033832141981974E-12   3.1618526273550715E-12   1.7205480237692728E-12   9.351488517162377E-13    5.076985623662405E-13    2.7533628958404454E-13   1.4916712664539486E-13   8.073346112266301E-14    4.36538283448131E-14     2.3582831284450558E-14   1.272887376106146E-14    6.864661937769084E-15    3.699111053481856E-15    1.99176350400436E-15     1.0716495800741157E-15   5.76174772875913E-16     3.0956600898351185E-16   1.6621127749019898E-16   8.918379847778747E-17    4.782327031015322E-17    2.5628872723670293E-17   1.3726674204076014E-17   7.347760391781459E-18    3.9310298865979355E-18   2.1019718957526864E-18   1.12337258439847E-18     6.000727815949935E-19    3.2038616891841388E-19   1.7097773520445802E-19   9.120261836807669E-20    4.86275871737658E-20     2.591619762029023E-20    1.380632973771088E-20    7.352052726396581E-21    3.913516080080288E-21    2.0823698316570773E-21   1.107598960147331E-21    5.888864965145843E-22    3.129245093547391E-22    1.660582172045806E-22    8.76452486040223E-23     4.505080609683791E-23    1.9945661597597397E-23   0
% Data
% c (mol/m^3) @ t=300, u1=0.01, u2=0.03, u3=0.03
1                         0.9346332574951878       0.863347991934099        0.787652599292639        0.7092596564455773       0.6299906300011467       0.5516721468730966       0.47603328073598794      0.40461354355803403      0.33869045388500074      0.27923375275838186      0.22689074369768758      0.18200413894980955      0.14466056779335407      0.11476494167946033      0.09213355066646095      0.07439919834775391      0.05925861137997322      0.04656244189523606      0.03610199462590397      0.02763022409852539      0.02088202503758538      0.01559185447376209      0.011507498180710243     0.008399567968264951     0.00606694552856977      0.004338803446747428     0.003074031746637425     0.002158919489398938     0.0015038442677353491    0.0010395655716094374    7.135463917224946E-4     4.865707252650891E-4     3.2979798942508456E-4    2.2230297439856082E-4    1.4908930382898553E-4    9.952948279729688E-5     6.616865470097032E-5     4.3825849675999706E-5    2.8930690983028312E-5    1.9041503096798504E-5    1.2500045888701729E-5    8.187179116253582E-6     5.351849458706851E-6     3.4925707711158667E-6    2.276005406596114E-6     1.4814717506902602E-6    9.633876652044386E-7     6.260118248965339E-7     4.0655061321886585E-7    2.6391572833560654E-7    1.712749588205746E-7     1.1113520814559888E-7    7.210780557979872E-8     4.678668070078179E-8     3.035998450768495E-8     1.9703541847961198E-8    1.278996266158015E-8     8.304061206946893E-9     5.392846349000437E-9     3.503145658223353E-9     2.2762207643616306E-9    1.4794063781509033E-9    9.617813375562631E-10    6.254291990494619E-10    4.068073906755858E-10    2.6466917790321207E-10   1.7223288038491386E-10   1.1210392019254514E-10   7.298123605131462E-11    4.75204861952113E-11     3.0947345558762287E-11   2.015731024538797E-11    1.3131139524060766E-11   8.555141841527237E-12    5.574444639965625E-12    3.6326250748301263E-12   2.3674426655560436E-12   1.5430286885936638E-12   1.0057736222996781E-12   6.556236559996339E-13    4.2739937128084033E-13   2.7863463911006303E-13   1.816584753334356E-13    1.184385822189883E-13    7.722281117798264E-14    5.035133742412034E-14    3.283127346125022E-14    2.1407907276884146E-14   1.3959469372176127E-14   9.102690667139838E-15    5.935712655174423E-15    3.870502913883552E-15    2.5235951983700847E-15   1.644824192423949E-15    1.070781414882093E-15    6.942882105083056E-16    4.440976063656602E-16    2.7080284201354667E-16   1.3578999347941966E-16   0
% Data
% c (mol/m^3) @ t=400, u1=0.01, u2=0.03, u3=0.03
1                         0.9487829836989126       0.8926074869902008       0.8322949350250614       0.7688220038965101       0.7032847547947808       0.6368561824821963       0.570740142488098        0.5061251340790891       0.44414169220890903      0.38582712686902293      0.33210099645192276      0.28375398687620046      0.24145180160436197      0.20575431453676896      0.17714872407634874      0.15316519973253764      0.1311333795545706       0.11116498161220341      0.09330895348961264      0.07755417187380023      0.06383579685718792      0.05204434061561053      0.04203632706332688      0.03364541694188177      0.02669301958600522      0.020997654859732057     0.016382608300026472     0.0126816896878771       0.009743126222071042     0.007431779624204977     0.005629969977202235     0.00423722611234868      0.0031692763773133507    0.0023565593552067957    0.0017424848360250438    0.0012816214949597138    9.379364997211849E-4     6.831678771548574E-4     4.95374780742129E-4      3.5768401163668346E-4    2.5723242778353996E-4    1.8429288535649002E-4    1.315646003420894E-4     9.360587939940263E-5     6.638683130877346E-5     4.6940961798961805E-5    3.3096746726010516E-5    2.327285727581341E-5     1.6323336554684735E-5    1.1421493646661276E-5    7.973479398501016E-6     5.5543939672575645E-6    3.861347497798811E-6     2.6791745223284E-6       1.8555243449793338E-6    1.2828525955043464E-6    8.854614833814419E-7     6.102129094668352E-7     4.19899786006275E-7      2.885320850189699E-7     1.979960238055948E-7     1.3569398040368026E-7    9.288222466292396E-8     6.350341877752445E-8     4.336877373527628E-8     2.9586554492801375E-8    2.01636538775073E-8      1.3728428770093262E-8    9.338287339758368E-9     6.34637037735097E-9      4.3093461565241714E-9    2.923749905123753E-9     1.9821027572133128E-9    1.3427113216745433E-9    9.089131092380187E-10    6.148332005387198E-10    4.1562228866052454E-10   2.807745009024552E-10    1.8955881671164204E-10   1.2789908861703407E-10   8.624564919813609E-11    5.812485893049716E-11    3.915163013148006E-11    2.6357781304404425E-11   1.773561990564663E-11    1.192805154199772E-11    8.018349407441081E-12    5.387646549671107E-12    3.618408402054409E-12    2.429097404518895E-12    1.629980380351457E-12    1.0932549614751017E-12   7.328642431402655E-13    4.908569357297254E-13    3.2815633368323774E-13   2.1827491268701466E-13   1.4294890136688803E-13   8.892342812105918E-14    4.5207591689175256E-14   0
% Data
% c (mol/m^3) @ t=500, u1=0.01, u2=0.03, u3=0.03
1                         0.9581201570469334       0.91203917859815         0.8622610252614747       0.8094078330374688       0.7542052803918246       0.6974639015975818       0.6400575232977274       0.5829002995491901       0.52692402650101         0.4730574995082143       0.4222096083606688       0.37525763755001146      0.33304185047347384      0.2963669088249215       0.26601004811686557      0.23952858512282577      0.2141166852965961       0.18997704158414908      0.1672819271964838       0.14616751313257778      0.12673020637114255      0.10902521088628966      0.09306730196634741      0.07883360486194478      0.06626800856929833      0.05528674244283761      0.04578460375165141      0.0376413438192588       0.030727786518637723     0.02491134887554961      0.02006074206600985      0.016049737209425402     0.012759973089112357     0.010082855822911314     0.007920651244423756     0.006186900258771882     0.004806298752836397     0.0037141808925804905    0.0028557321802853233    0.002185040460456253     0.0016640724430866487    0.001261642716054844     9.524232936286508E-4     7.16025442680388E-4      5.361722379383112E-4     3.999700229728547E-4     2.972794414681087E-4     2.2018156206084146E-4    1.6253140569209298E-4    1.1958945938014232E-4    8.772112894075309E-5     6.41542097658047E-5      4.678506907167297E-5     3.402512762589237E-5     2.4680252097224092E-5    1.785671553538201E-5     1.2888384632586314E-5    9.280707893859109E-6     6.667888490147909E-6     4.7803232457639595E-6    3.4199778827263493E-6    2.441856705385574E-6     1.7401235540694173E-6    1.2377522790184488E-6    8.788412128650428E-7     6.229283207535897E-7     4.408018333008305E-7     3.1142381701268447E-7    2.1967856242279117E-7    1.5472987279352526E-7    1.0882620087173923E-7    7.643403065060423E-8     5.36110480559802E-8      3.755393326764335E-8     2.6272939783848588E-8    1.835826880037932E-8     1.2812725893113103E-8    8.932115299277617E-9     6.219931601312087E-9     4.326635152860196E-9     3.0065094195124772E-9    2.08706584966783E-9      1.4473851761063191E-9    1.0028108737323805E-9    6.941493800593257E-10    4.800620578902364E-10    3.3171369047335605E-10   2.290136802876827E-10    1.5797961266177578E-10   1.0889051530663826E-10   7.499489905125706E-11    5.160793040328354E-11    3.548104337365039E-11    2.4361770044645634E-11   1.668565459044484E-11    1.135861085715858E-11    7.598725915444384E-12    4.81201527684155E-12     2.476438852811549E-12    0
% Data
% c (mol/m^3) @ t=600, u1=0.01, u2=0.03, u3=0.03
1                         0.96489343033439         0.9261907039611119       0.8842283395418706       0.8394358778935914       0.7923302991608229       0.7435079468450364       0.6936344636005142       0.6434333932073832       0.5936742115912305       0.5451606038666488       0.49871979403357264      0.45519365355764707      0.41543216450456977      0.38028959806413315      0.35062350213918886      0.324100981258991        0.29794322582092275      0.2723427325137803       0.2474860389262037       0.22354808470372345      0.20068693336797236      0.17903917073607417      0.15871625219760796      0.13980200071150123      0.12235136818633909      0.10639047550304044      0.09191785225902284      0.07890671668611629      0.06730807678136684      0.05705439958580689      0.04806358714039283      0.04024301213826781      0.03349339862933786      0.027712377131692646     0.022797592886047612     0.01864929519755518      0.015172380523823935     0.012277899318743143     0.009884065173879294     0.007916824266434206     0.006310054188887996     0.005005465153297945     0.003952274879846021     0.0031067227971506416    0.0024314809877961007    0.0018950098721834598    0.0014708969331071798    0.001137207562905491     8.758688330390968E-4     6.720998988134226E-4     5.138969504096409E-4     3.9157607672122766E-4    2.9737401375131946E-4    2.2510435330175366E-4    1.69865221018847E-4      1.2779352665334408E-4    9.586048730778616E-5     7.170308958984802E-5     5.348637445263096E-5     3.9791807139731285E-5    2.952746311542976E-5     2.185626663102292E-5     1.6139024589077887E-5    1.188947998851568E-5     8.73905147662963E-6      6.409320602645572E-6     4.690673606593786E-6     3.4258008267601906E-6    2.4970071252221144E-6    1.8164954318298807E-6    1.3189574847174504E-6    9.55946094242078E-7      6.916165669716671E-7     4.995156999230908E-7     3.6016891572364784E-7    2.592730684042518E-7     1.8634711661390803E-7    1.337276772873916E-7     9.582345816369783E-8     6.856337355919721E-8     4.8989110546994864E-8    3.495510300389511E-8     2.4908139862458054E-8    1.7725852509645674E-8    1.2598620253537474E-8    8.943411191902767E-9     6.341055109993495E-9     4.490668675669409E-9     3.1766075395262617E-9    2.2445469208487634E-9    1.5841994410685868E-9    1.1168474447226435E-9    7.863575028370802E-10    5.527020445565652E-10    3.872692485221789E-10    2.694186741978426E-10    1.8384694579043795E-10   1.183618233447988E-10    6.159980965884659E-11    0
% Data
% c (mol/m^3) @ t=700, u1=0.01, u2=0.03, u3=0.03
1                         0.9701230110417116       0.93714517184231         0.9013061024720802       0.8629209413977517       0.8223789966923681       0.7801407756671763       0.7367335961716444       0.6927460611717853       0.6488217378114998       0.6056524168398454       0.5639713332380059       0.5245467011313715       0.48817585490497034      0.4556801956675933       0.4279010222871041       0.4026658774007847       0.37732702027510756      0.352033743976806        0.3269411154900593       0.30220645063121276      0.27798551697418045      0.2544286320447037       0.231676840864979        0.20985836053190593      0.18908546861577455      0.16945198711874776      0.15103147656605206      0.13387620900771643      0.11801693875544292      0.1034634403844721       0.0902057393947083       0.07821592556634539      0.06745041481665348      0.05785251320509245      0.04935513623609413      0.04188354626243144      0.03535798833250771      0.029696127615166146     0.024815216919783955     0.020633948414887863     0.017073967495788597     0.014061047469033224     0.011525940476293513     0.00940493254762938      0.0076401389443634775    0.006179580420356504     0.004977082285648392     0.003992036879460714     0.0031890669431999       0.0025376230731008493    0.002011543485025504     0.0015885991934508263    0.0012500427351900987    9.801739938339877E-4     7.659326496369387E-4     5.96523362712234E-4      4.6307700803550065E-4    3.583490903970837E-4     2.764548204412896E-4     2.1263915840487156E-4    1.6307935325981187E-4    1.2471704557186526E-4    9.511679167523843E-5     7.234784187548263E-5     5.4886112722635645E-5    4.1533488845914964E-5    3.1351838364392873E-5    2.360940060905638E-5     1.7737485996847014E-5    1.3295701457673526E-5    9.944171642113595E-6     7.421460735267813E-6     5.527109355475032E-6     4.10788502145629E-6      3.0470037115026503E-6    2.2557156932818874E-6    1.6667631741108193E-6    1.2293127564866534E-6    9.050445805708218E-7     6.651447122237467E-7     4.87999947852864E-7      3.574367036645297E-7     2.613797576453126E-7     1.908338100599443E-7     1.3911239683555545E-7    1.0125570389385035E-7    7.359218399519625E-8     5.340930868927422E-8     3.870689913006857E-8     2.8012758679212413E-8    2.0245168743428186E-8    1.4610517575371568E-8    1.052715170797828E-8     7.56865317827398E-9      5.421277611047377E-9     3.85130076471382E-9      2.6784929720426288E-9    1.7517185078955105E-9    9.213528516765311E-10    0
% Data
% c (mol/m^3) @ t=800, u1=0.01, u2=0.03, u3=0.03
1                         0.9743292329290333       0.9459715077860978       0.9151064019696356       0.8819761824424402       0.8468864620552061       0.8102057428561837       0.7723639073000086       0.7338497611817563       0.6952077665180254       0.6570341252783592       0.6199723832487691       0.5847087156489277       0.5519670317502425       0.5225039951880617       0.49710400174820396      0.4737793174300507       0.4500702690921961       0.4260809821331864       0.40192520980377394      0.377724607848271        0.3536066410602043       0.3297021779248995       0.3061428504625614       0.28305827430058766      0.26057323716507835      0.23880497092099448      0.217860622007299        0.1978350272407915       0.1788088868597673       0.160847405427148        0.1439994455071858       0.1282972109842504       0.11375644879014933      0.10037713183796776      0.08814456398660842      0.0770308312380069       0.06699651285555226      0.057992561832427084     0.049962265725899555     0.04284320546531146      0.0365691402041891       0.031071759348977736     0.026282257288398808     0.02213270091313688      0.018557173794246054     0.015492693156928673     0.012879906070408667     0.01066357933624406      0.008792903361581545     0.007221633975983363     0.005908097930004545     0.0048150880094280845    0.003909672649790489     0.003162942978747832     0.0025497176612104136    0.0020482230461401725    0.0016397631383753856    0.0013083910172627475    0.001040590621265863     8.24975395678204E-4      6.520082039130443E-4     5.137451469216908E-4     4.0360451321331436E-4    3.1616097120792805E-4    2.4696428384545367E-4    1.9238123487703773E-4    1.494590678645187E-4     1.1580851444419446E-4    8.950439254078635E-5     6.900175652561421E-5     5.306565280440103E-5     4.071265352489956E-5     3.116248987597241E-5     2.3798270625536837E-5    1.813394040452524E-5     1.3787798025757074E-5    1.0461052496951927E-5    7.920539954587727E-6     5.984856624732023E-6     4.513280353213719E-6     3.396956300709094E-6     2.551911688133216E-6     1.9135409812842802E-6    1.4322678006710317E-6    1.0701444000628446E-6    7.981950479557051E-7     5.943472912821614E-7     4.4182601468818417E-7    3.2791045762162016E-7    2.429748219337436E-7     1.7974957632239583E-7    1.327536927409728E-7     9.78583462563434E-8      7.195042185351795E-8     5.266962747444589E-8     3.8195903928468044E-8    2.7063371913294695E-8    1.7971463254070287E-8    9.549446658427074E-9     0
% Data
% c (mol/m^3) @ t=900, u1=0.01, u2=0.03, u3=0.03
1                         0.9778042959018329       0.9532723995354117       0.9265444848973576       0.897813589025673        0.8673271689108243       0.8353878582764521       0.8023534187340167       0.768635903622443        0.7347000729582472       0.7010611126126706       0.6682817186488956       0.6369686076554274       0.6077685053888472       0.5813636491916528       0.5584668152446958       0.5372812414461676       0.5155602828928058       0.49337080808851774      0.47078939086346         0.44790170723921596      0.4248016397995463       0.4015900940136781       0.3783735441352785       0.355262339914724        0.33236881857497214      0.30980527839350736      0.2876818798817159       0.26610454712027437      0.2451729446324581       0.22497860385351653      0.20560326770010764      0.1871175122233687       0.16957969144201646      0.1530352360807472       0.13751632016471246      0.12304189241379501      0.1096180532873652       0.09723874436704215      0.08588670533158856      0.0755346456027113       0.06614657305788185      0.05767922096752593      0.05008351622391372      0.043306036502395076     0.03729041062266188      0.03197862439210121      0.027312202953390156     0.023233249517895842     0.019685328830604847     0.016614191380314697     0.013968340961554642     0.011699453551346365     0.0097626595297278       0.008116704081358716     0.006724002267293231     0.005550605898119377     0.00456609914554657      0.0037434389819821527    0.0030587552152296295    0.0024911232524072063    0.002022320926862015     0.0016365788731374901    0.001320332131365212     0.0010619789726564208    8.516514076883812E-4     6.810004989678178E-4     5.429984546226626E-4     4.3175853708585075E-4    3.4237306368098283E-4    2.7076919173943853E-4    2.1358174863757003E-4    1.6804206553102324E-4    1.3188158093056985E-4    1.0324887592998963E-4    8.06387678947216E-5      6.283210693554326E-5     4.884497506033063E-5     3.788606942351762E-5     2.9321148740660897E-5    2.2643527934136006E-5    1.7449714480966326E-5    1.3419386366478092E-5    1.0299012935164237E-5    7.888514260035775E-6     6.03044074737061E-6      4.601232018063347E-6     3.5041825928440694E-6    2.663801816579377E-6     2.021307252593548E-6     1.5310350270826225E-6    1.157587869887078E-6     8.735723278213766E-7     6.578009917862143E-7     4.938532199172824E-7     3.6889741761318846E-7    2.726763125346449E-7     1.9653737576619365E-7    1.3234096507669083E-7    7.097483234024486E-8     0
% Data
% c (mol/m^3) @ t=1000, u1=0.01, u2=0.03, u3=0.03
1                         0.9807464930283475       0.95945841195945         0.9362479505298198       0.9112722856603719       0.8847355195753543       0.8568900297361198       0.8280371888813446       0.7985274300346413       0.7687596426779372       0.7391798955036484       0.7102794874740963       0.6825923317393893       0.6566916759466689       0.6331861575608388       0.612715184285241        0.5936673238147598       0.5740121955150087       0.5537886088882296       0.5330438342642566       0.5118336282294658       0.49022206085028225      0.46828112864910737      0.44609014396459384      0.42373489931257724      0.40130661437351434      0.37890068286153306      0.35661524626537033      0.3345496306971397       0.3128026912053115       0.2914711142815258       0.27064773336960607      0.2504199135576483       0.230868060075541        0.21206430072706647      0.19407138518589112      0.17694183462259302      0.16071736402622563      0.145428587576948        0.1310950053014518       0.11772525776082172      0.10531762535153179      0.09386074047352282      0.0833344746896515       0.0737109592364048       0.0649556958345271       0.05702871551990869      0.049885745874924614     0.043479351208491175     0.03776001548520415      0.0326771437093483       0.02817996362309413      0.02421831562426146      0.02074332445754642      0.01770795126721645      0.015067428876009321     0.012779586600321826     0.010805073511772456     0.00910749084464471      0.007653445298827804     0.0064125353943975715    0.005357282906150859     0.004463020857621691     0.0037077486945134067    0.0030719641885136274    0.002538480433241632     0.002092235059451895     0.0017200975765215623    0.0014106795871358473    0.001154151554078522     9.420688425604308E-4     7.672089291744766E-4     6.23420962052428E-4      5.054882727823083E-4     4.0900397144857166E-4    3.302593912377682E-4     2.6614487623113475E-4    2.1406221245124588E-4    1.7184787520912976E-4    1.3770619321616336E-4    1.1015150068602467E-4    8.795835287212617E-5     7.011890958776731E-5     5.58066379735554E-5      4.434554409413362E-5     3.5184207993013106E-5    2.787396474555387E-5     2.2050641804957525E-5    1.741932817114782E-5     1.3741711700299212E-5    1.082557543745441E-5     8.516090166722578E-6     6.688575520518952E-6     5.242421129433892E-6     4.095853848786409E-6     3.181191562902248E-6     2.4401103389367026E-6    1.81821892860842E-6      1.2577910541472651E-6    6.866864673710086E-7     0
% Data
% c (mol/m^3) @ t=1100, u1=0.01, u2=0.03, u3=0.03
1                         0.9832513935382363       0.9647280857338025       0.9445220327630274       0.922763772498641        0.8996244524053058       0.8753174038966892       0.8500992127453415       0.8242702413696944       0.798174564961227        0.7721992890273972       0.7467732206202709       0.7223648689788086       0.69947975332297         0.6786569960232156       0.660465178408885        0.6434678622060402       0.6258450737311355       0.6076156229364638       0.5888050641806578       0.5694460167137699       0.5495783680768888       0.5292493403387478       0.5085134016039887       0.487432008903276        0.4660731733870419       0.4445108445821987       0.4228241171351608       0.40109627066676223      0.37941366073879473      0.3578644860540739       0.3365374634306359       0.315520447363739        0.2948990347239993       0.27475519703131185      0.2551659826070491       0.23620232869712474      0.21792801947974108      0.20039881996864592      0.18366180855937222      0.16775492279300483      0.15270672432746962      0.13853638061342788      0.12525385283934878      0.11286027273883835      0.10134848515064168      0.09070372898862904      0.08090442660547352      0.07192305040466809      0.06372703586473841      0.05627971170835077      0.04954122054834293      0.04346940671521676      0.03802065185179788      0.03315064299683739      0.02881506204149258      0.0249701894369083       0.02157341870411696      0.01858368153822762      0.015961786037604904     0.013670672793151088     0.011675595242718521     0.00994423185677232      0.008446738418666375     0.007155748954231189     0.006046333815979995     0.005095923104638113     0.004284203080807794     0.0035929925437524044    0.003006105387284622     0.002509204731547369     0.002089653212770469     0.001736363221329329     0.0014396501343310573    0.0011910909082237066    9.833897892190253E-4     8.102523692341264E-4     6.662687631358876E-4     5.468063067544258E-4     4.4791186961632345E-4    3.6622363533544316E-4    2.988920189167687E-4     2.4350925633001184E-4    1.9804711005239281E-4    1.6080207759145004E-4    1.3034746143337754E-4    1.0549165205097507E-4    8.524198458513957E-5     6.877354880807844E-5     5.540235495410281E-5     4.456227788919322E-5     3.5785209379863854E-5    2.868382857368662E-5     2.2936330830880525E-5    1.8272294949208155E-5    1.445854947613244E-5     1.1283299094027626E-5    8.535679184192247E-6     5.975946527199633E-6     3.2880295692359526E-6    0
% Data
% c (mol/m^3) @ t=1200, u1=0.01, u2=0.03, u3=0.03
1                         0.985397170713238        0.9692442131428904       0.9516180269963714       0.9326288145546971       0.912422033922267        0.8911799928243653       0.8691230302213133       0.8465102358306782       0.8236396608231211       0.800847976287565        0.778509539362944        0.7570348300507422       0.7368682245440357       0.7184850733847649       0.7023880549153171       0.687302566593013        0.6716071971459453       0.6553071914485451       0.6384128256871404       0.6209398224864267       0.6029097080700017       0.584350094461998        0.5652948700016862       0.5457842824536935       0.5258649008163866       0.5055894445840131       0.48501647268037396      0.4642099284746699       0.44323854207810326      0.4221750963119303       0.4010955680947735       0.38007816224434         0.3592022595330501       0.33854730498794094      0.3181916656173562       0.29821148876271764      0.278679592962232        0.2596644225047921       0.2412290947648419       0.22343056604872452      0.2063189372358173       0.18993691521433143      0.1743194402876526       0.15949348368018196      0.14547801331795         0.1322841204915004       0.11991529507751854      0.10836783289675217      0.09763135565078353      0.08768942177497496      0.07852020547196356      0.07009722109561123      0.06239007083925296      0.05536519521006957      0.04898660788740181      0.04321659910133426      0.03801639446493588      0.03334675909580717      0.029168539734282937     0.025443140293225974     0.022132928768973784     0.019201575641039307     0.0166143257501532       0.014338207152569109     0.012342181604406182     0.010597242149547142     0.009076463796123452     0.007755013505703585     0.006610125726409494     0.005621049518590833     0.004768972991145019     0.004036930327527668     0.003409696168787586     0.0028736715679827424    0.00241676516262477      0.002028272650938519     0.0016987571204948226    0.0014199322765185197    0.001184550160257067     9.862945401503988E-4     8.19680802224517E-4      6.799628608506556E-4     5.630473546139129E-4     4.6541518088633787E-4    3.8405025194445476E-4    3.1637521910539304E-4    2.6019380202268436E-4    2.136392686455373E-4     1.7512852476722336E-4    1.4332117215971998E-4    1.1708275239964956E-4    9.545116302898298E-5     7.760483549698358E-5     6.283056714341633E-5     5.048767327376156E-5     3.9962975095905524E-5    3.060738284637841E-5     2.16382935254074E-5      1.1980669269274031E-5    0
% Data
% c (mol/m^3) @ t=0, u1=0.01, u2=0.03, u3=0.05
1                         -4.522845772963958E-8    2.159347170152288E-15    2.429049619556694E-20    3.234029231194618E-26    3.2960419531633407E-32   3.0016600099896487E-38   2.5681431685852386E-44   2.111589465229418E-50    1.6890005337406039E-56   1.3239176014680963E-62   1.0217940586561872E-68   7.790195122817136E-75    5.880645162805659E-81    4.402910824472976E-87    3.2847820307208484E-93   2.7214792461959588E-99   2.2433755345169936E-105  1.8411138381816084E-111  1.505126059852627E-117   1.2262270327368978E-123  9.959459895936136E-130   8.06684961205277E-136    6.517662599384873E-142   5.254117499027835E-148   4.2268281610093446E-154  3.394002431193574E-160   2.720564478970598E-166   2.1772784311532389E-172  1.7399193016658806E-178  1.3931132890246238E-184  1.2423865432104213E-190  1.1066551004190033E-196  9.846611237550801E-203   8.752069159476432E-209   7.771624774869225E-215   6.894698052118499E-221   6.111446909756576E-227   5.4127663188877395E-233  4.790273420005335E-239   4.2362825563760165E-245  3.74377331201487E-251    3.30635397901171E-257    2.9182223403623834E-263  2.5741252187021717E-269  2.2693178902381888E-275  1.9995241816212278E-281  1.760897842951827E-287   1.549985612167534E-293   1.3636922460933243E-299  1.1992476843465001E-305  1.0541764219544E-311     9.12718E-318             1.0E-323                 0                        0                        0                        0                        0                        0                        0                        0                        0                        0                        0                        0                        0                        0                        0                        0                        0                        0                        0                        0                        0                        0                        0                        0                        0                        0                        0                        0                        0                        0                        0                        0                        0                        0                        0                        0                        0                        0                        0                        0                        0                        0                        0                        0                        0                        0                        0
% Data
% c (mol/m^3) @ t=100, u1=0.01, u2=0.03, u3=0.05
1                         0.8551207359423205       0.703537097441374        0.5550797666653189       0.41872944130156436      0.3012452852013266       0.20630616219003103      0.13437090137439217      0.08324613661818497      0.049116769939902306     0.027660566103558        0.014912096599546253     0.007723360927414651     0.003860931897221165     0.001881024863228263     9.252754644668818E-4     4.6596066686218745E-4    2.2927752153162088E-4    1.1049815603495871E-4    5.2272544925754656E-5    2.43198574206531E-5      1.1147240395193193E-5    5.041471482520135E-6     2.252777965858001E-6     9.957936321232808E-7     4.3588140227917556E-7    1.8911354456597402E-7    8.139818770050115E-8     3.4798872134237006E-8    1.4841978022090107E-8    6.5078736700639884E-9    2.9881976267847213E-9    1.3653554338762178E-9    6.210285938139343E-10    2.8128948557517564E-10   1.2691217088344053E-10   5.7053169901002385E-11   2.5561739693842577E-11   1.1416484834662142E-11   5.083865129079369E-12    2.2576443503437175E-12   9.999771983847462E-13    4.4183953344827806E-13   1.9477810835152214E-13   8.567871604964029E-14    3.7610974949738054E-14   1.6478307236303548E-14   7.206274847046789E-15    3.1459355249255994E-15   1.3710937069132197E-15   5.96619748829765E-16     2.592230771750449E-16    1.1246707259717057E-16   4.872826140403119E-17    2.1084654004531927E-17   9.111851154076732E-18    3.933003281785229E-18    1.695669082844335E-18    7.302595188564401E-19    3.141605895537468E-19    1.350151285504049E-19    5.796772960784458E-20    2.4864469092468474E-20   1.0655557259605788E-20   4.562379795688833E-21    1.9518140899544067E-21   8.34314812149832E-22     3.563510465068901E-22    1.5208772945404366E-22   6.486184051215063E-23    2.7642268377218306E-23   1.1772190318554236E-23   5.0101352533728555E-24   2.1308808300154904E-24   9.057220798120827E-25    3.8473791340531025E-25   1.6333416828188455E-25   6.930085382078738E-26    2.9387100110053546E-26   1.2454844495498583E-26   5.2758185743154444E-27   2.2336628762516892E-27   9.45208545165339E-28     3.99784229021212E-28     1.6901187459178618E-28   7.141799306660266E-29    3.016491046767845E-29    1.2735187205921101E-29   5.3743042987242776E-30   2.2670304627336643E-30   9.559056557642279E-31    4.029020789311841E-31    1.6975198540754557E-31   7.149324305141154E-32    3.0099093235679233E-32   1.266720377370994E-32    5.328685831075542E-33    2.2390662432867973E-33   9.33026034076059E-34     3.568227427988599E-34    0
% Data
% c (mol/m^3) @ t=200, u1=0.01, u2=0.03, u3=0.05
1                         0.9106952002051664       0.8143188310584744       0.7140399621671737       0.6132579523333557       0.5153215784231612       0.42325083310638795      0.3394971407086761       0.2657744360958379       0.20298401023250337      0.15124096339806775      0.1099923334994368       0.07820106801660055      0.05456083867314768      0.03770717855362112      0.026399829928342805     0.018676346739819456     0.012972365200573984     0.008855182336165226     0.005946480822940166     0.00393228899140509      0.002563233601044191     0.0016485846799664098    0.0010471799065969185    6.575166186957183E-4     4.084524952871599E-4     2.512509238205845E-4     1.5321055174473386E-4    9.282156739294736E-5     5.62526020905463E-5      3.494851685705194E-5     2.2346169606838068E-5    1.4206109564989513E-5    8.982824217079978E-6     5.651607184064369E-6     3.5391295489880497E-6    2.2065799375541626E-6    1.3701395536488751E-6    8.47511790235278E-7      5.223573588190245E-7     3.2086912647530496E-7    1.9647904611782589E-7    1.1995426718561304E-7    7.303030675641077E-8     4.4345502184528793E-8    2.6860918026483956E-8    1.623221904448122E-8     9.78762240296246E-9      5.889402045875557E-9     3.5367841167174628E-9    2.1199932449898953E-9    1.2685016672889018E-9    7.577350988274259E-10    4.51908021018227E-10     2.6910576864187835E-10   1.6001770824220104E-10   9.501996188619578E-11    5.634964596849959E-11    3.337513749246063E-11    1.9743985845199118E-11   1.1666735437091836E-11   6.886333949769223E-12    4.06042217948058E-12     2.391760333480668E-12    1.4074901019785425E-12   8.275059052254882E-13    4.860834117209957E-13    2.8528533231179746E-13   1.6729817487745086E-13   9.803010863439845E-14    5.739802831603825E-14    3.358270653789074E-14    1.963482530459621E-14    1.1472071107425412E-14   6.698388456297384E-15    3.908609647796229E-15    2.279329028970753E-15    1.3284136487325044E-15   7.737659870184202E-16    4.504472689404357E-16    2.620860737516082E-16    1.5241120369278895E-16   8.858695454667071E-17    5.1464675668383484E-17   2.9884202159098486E-17   1.7344953492951357E-17   1.0062583421083352E-17   5.8352076233733726E-18   3.3823531567901005E-18   1.959758412955975E-18    1.1350421395830878E-18   6.571310033459133E-19    3.8030028297958E-19      2.2000804945380525E-19   1.272277982874172E-19    7.353734631027838E-20    4.245569562449569E-20    2.4397226400931974E-20   1.368787910714815E-20    6.659157873290787E-21    0
% Data
% c (mol/m^3) @ t=300, u1=0.01, u2=0.03, u3=0.05
1                         0.9346332574952669       0.8633479919342955       0.7876525992930394       0.7092596564463541       0.6299906300026313       0.5516721468759217       0.4760332807413557       0.40461354356823104      0.3386904539043693       0.2792337527951688       0.22689074376754623      0.1820041390824346       0.1446605680450344       0.11476494215679008      0.09213355157104723      0.07439920015623408      0.059258615203869        0.0465624501185491       0.03610201237914031      0.027630262413362246     0.020882107577624386     0.015592031839667475     0.011507878178597317     0.008400379337099159     0.006068671375526174     0.004342458951091764     0.0030817382834479583    0.002175082980348974     0.0015375546137002994    0.0011094407471205852    8.164310356949644E-4     5.973713107772595E-4     4.347639948612557E-4     3.1486083364122233E-4    2.2699011126151548E-4    1.6296001424890511E-4    1.1654624455714386E-4    8.306349064885602E-5     5.9014966085340186E-5    4.181125557619534E-5     2.954850807709468E-5     2.0836005565332153E-5    1.4663849737030073E-5    1.0302601201460218E-5    7.2279372390582665E-6    5.064611596235728E-6     3.5451149127018956E-6    2.4794048410166103E-6    1.73288845983303E-6      1.210502128978991E-6     8.452611272600708E-7     5.900629520822703E-7     4.1184428962022506E-7    2.874311974715552E-7     2.0060140690693014E-7    1.4001059341795486E-7    9.773212119235109E-8     6.823094578636766E-8     4.764388454089011E-8     3.327553935607016E-8     2.3245693866833136E-8    1.624291479293001E-8     1.135250505535612E-8     7.936445207756892E-9     5.549650227324855E-9     3.881574040713507E-9     2.715496215764412E-9     1.900138349738621E-9     1.329875609177959E-9     9.309391906661731E-10    6.517943817437328E-10    4.5642912616625345E-10   3.1967154879494593E-10   2.2392216579568508E-10   1.5687270910576686E-10   1.099132082879055E-10    7.70193372002928E-11     5.397499133792942E-11    3.782893384025199E-11    2.6514927344952773E-11   1.858608868384416E-11    1.3029072174830574E-11   9.134060362141084E-12    6.4037802453522964E-12   4.489816869388698E-12    3.1480255438621338E-12   2.207309578237434E-12    1.547753445756128E-12    1.0853057454549773E-12   7.610485205425886E-13    5.336784903113544E-13    3.742376661122363E-13    2.624186543023404E-13    1.8397034112634932E-13   1.2886720805025287E-13   8.999487542073084E-14    6.214932412928215E-14    4.1133591090913626E-14   2.2611557986874564E-14   0
% Data
% c (mol/m^3) @ t=400, u1=0.01, u2=0.03, u3=0.05
1                         0.9487829837052861       0.8926074870055941       0.8322949350550685       0.7688220039516301       0.7032847548939907       0.636856182659324        0.5707401428030604       0.5061251346376265       0.44414169319708324      0.38582712861333945      0.3321009995237591       0.283753992272566        0.24145181105963834      0.20575433105825833      0.17714875286048237      0.15316525226826933      0.13113348078162088      0.1111651803244556       0.09330934531590897      0.07755494383978953      0.06383731340330025      0.05204730878232751      0.042042111927834885     0.0336566403552757       0.026714689371646366     0.021039279935560398     0.01646213187149071      0.012832747026692633     0.010028327963150735     0.007966812914445356     0.006415342511224741     0.005138265072951662     0.004094182232181748     0.003246121040407193     0.002561542051224353     0.0020121887026106062    0.001573822849825865     0.0012258864717715186    9.511232124935026E-4     7.351865331697662E-4     5.662545659588314E-4     4.346657462638903E-4     3.325842034375061E-4     2.536997956052732E-4     1.9296455194797984E-4    1.4636503541343323E-4    1.107286252605034E-4     8.356079679178699E-5     6.291000613307344E-5     4.72566477701967E-5      3.542263866055652E-5     2.6498412918446464E-5    1.9784422703666532E-5    1.4744588422021504E-5    1.0969493122204504E-5    8.147451567107397E-6     6.041891760298525E-6     4.473759677375826E-6     3.3078947408317276E-6    2.4425250821693274E-6    1.8012004080123834E-6    1.3266197531566423E-6    9.759253232153457E-7     7.171257462349913E-7     5.263858788596711E-7     3.859790136703118E-7     2.8274367953967773E-7    2.0692358432335748E-7    1.512976071445743E-7     1.1052875012653332E-7    8.067794930247262E-8     5.884170605480271E-8     4.288250155064822E-8     3.1228585877901996E-8    2.272553344096395E-8     1.6526351249310666E-8    1.2010247411298798E-8    8.722669152694456E-9     6.331099999736055E-9     4.5925154782188766E-9    3.3294511904978834E-9    2.4124242771515947E-9    1.747035675111228E-9     1.2645166289690418E-9    9.148065821353725E-10    6.614894326268175E-10    4.780926089501235E-10    3.4538453694558085E-10   2.4940279865850314E-10   1.8001654619234345E-10   1.2987915147408565E-10   9.366554607581002E-11    6.751681763853241E-11    4.863491604438346E-11    3.498436586255455E-11    2.5066129057591738E-11   1.7729757360975088E-11   1.1978220612880204E-11   6.68029561943119E-12     0
% Data
% c (mol/m^3) @ t=500, u1=0.01, u2=0.03, u3=0.05
1                         0.9581201571506364       0.912039178843385        0.8622610257246804       0.8094078338561207       0.754205281803373        0.6974639040053471       0.6400575273810756       0.5829003064464392       0.5269240381114593       0.47305751898851794      0.42220964093679875      0.37525769183910324      0.3330419406249927       0.296367057970755        0.26601029389965763      0.23952900753355008      0.21411745066082266      0.18997845671239386      0.16728455839331846      0.14617240276180343      0.12673926478832148      0.10904192149143724      0.09309798142701045      0.07888964048102941      0.06636980236799672      0.05547061241694763      0.04611476607314477      0.0382305486682616       0.031772557843627675     0.02675163533975816      0.022741304988795053     0.01923445533777898      0.016187760885842135     0.01355759903551027      0.011301022684085376     0.009376568473257726     0.00774489280282845      0.006369238733912386     0.005215745392789631     0.004253617360042769     0.003455174970549706     0.0027958078049727573    0.002253853353638535     0.0018104213284280094    0.0014491818077720668    0.0011561326861310305    9.193590522742279E-4     7.287943554647594E-4     5.759906812360528E-4     4.5390323546978063E-4    3.5669226623772873E-4    2.795441413470652E-4     2.185121254181829E-4     1.7037652830071586E-4    1.3252328370536037E-4    1.0283961789188305E-4    7.96252394555652E-5      6.151738295764238E-5     4.7428036795826044E-5    3.649175040143325E-5     2.8022524232484178E-5    2.147841988348162E-5     1.643267322505563E-5     1.2550240887204296E-5    9.568852767483263E-6     7.283776179019241E-6     5.535618215464739E-6     4.20060074009466E-6      3.182836919537426E-6     2.408219893025726E-6     1.819603883757014E-6     1.3730169393238507E-6    1.0346937518911137E-6    7.787578823335723E-7     5.854163700111694E-7     4.395572364282917E-7     3.2966276359670747E-7    2.469695079103608E-7     1.84820544649202E-7      1.381670654561401E-7     1.0318571078726727E-7    7.698536253023225E-8     5.7382922508437634E-8    4.2732167675898303E-8    3.179335318121549E-8     2.3634033412885415E-8    1.755375245904536E-8     1.3026950429443542E-8    9.659745472640596E-9     7.157266034955997E-9     5.298989151616658E-9     3.920138732201813E-9     2.8976501292238545E-9    2.139537242601787E-9     1.576710663961431E-9     1.1563604275786583E-9    8.35831838456542E-10     5.752141137179637E-10    3.249495364019567E-10    0
% Data
% c (mol/m^3) @ t=600, u1=0.01, u2=0.03, u3=0.05
1                         0.9648934311816915       0.9261907059305594       0.884228343165828        0.8394358840942143       0.7923303094694644       0.7435079637570101       0.6936344911410846       0.6434334378270945       0.5936742835729214       0.5451607195235987       0.49871997912395366      0.4551939485574483       0.4154326327014458       0.3802903379029982       0.3506246659283733       0.32410288330732645      0.29794649868906115      0.2723484886787923       0.24749623441503324      0.22356614784680512      0.20071884547255497      0.17909531166369652      0.15881453117751895      0.13997313045382373      0.12264768547055659      0.10690058297659401      0.09279073614516604      0.08039115814681616      0.06981653025612447      0.06126566204366483      0.05413920452848972      0.04762865293039568      0.04171507662884611      0.03637454437046483      0.03157895199823335      0.027296901495106822     0.02349459086903252      0.02013667874046677      0.017187093502427624     0.01460976387333635      0.012369254880143654     0.010431300231992766     0.008763228252273918     0.007334283755777717     0.006115852350788065     0.005081596591718233     0.004207515273177461     0.0034719380687306973    0.0028554678395612274    0.002340882445440697     0.0019130069549461051    0.00155856593054221      0.0012660240913657998    0.0010254222410191246    8.282139721107731E-4     6.671073821098083E-4     5.359148934935727E-4     4.2941328476984845E-4    3.4321521355290037E-4    2.7365284410681276E-4    2.1767366830616303E-4    1.7274821519401866E-4    1.367890624988006E-4     1.0808037535638175E-4    8.521708547146272E-5     6.70527718492107E-5      5.265529768687071E-5     4.1269284729959764E-5    3.2284556121126097E-5    2.5209743206573244E-5    1.9650324393335768E-5    1.5290440000821044E-5    1.1877902470298343E-5    9.211893723163706E-6     7.132909204314465E-6     5.51457020644796E-6      4.256981959786246E-6     3.2813645864946504E-6    2.52572752572426E-6      1.941395778800711E-6     1.4902287592350239E-6    1.1424001706333702E-6    8.746307075836915E-7     6.687850021839358E-7     5.107606176429436E-7     3.8961047834325406E-7    2.9685133723283363E-7    2.2592008449162667E-7    1.7174721750596365E-7    1.3042289617750642E-7    9.893592641513331E-8     7.496991993386137E-8     5.674386425729788E-8     4.2886361267354743E-8    3.23335346050336E-8      2.42391206577884E-8      1.7879157234346847E-8    1.251720260405823E-8     7.155445700420618E-9     0
% Data
% c (mol/m^3) @ t=700, u1=0.01, u2=0.03, u3=0.05
1                         0.9701230154794895       0.9371451820083371       0.9013061207653954       0.8629209718325581       0.8223790457033374       0.7801408533584192       0.7367337182265774       0.6927462517457669       0.648822033879737        0.6056528746881897       0.5639720380887827       0.5245477813233184       0.48817750263843485      0.45568269713771636      0.42790480112589296      0.40267178908027174      0.37733674354723235      0.3520501153455158       0.3269689232080698       0.30225375062054854      0.27806580040029183      0.25456437290725464      0.2319052638219781       0.21024075468191536      0.1897221223511416       0.1705059657530068       0.15276620318977174      0.13671442205562673      0.12263249105655398      0.11092314653525878      0.10085916269911437      0.0913649139231265       0.08245146665449267      0.07412422815287005      0.06638300071652573      0.059222181798872967     0.05263109645538503      0.046594442973410644     0.041092828545525276     0.03610336957259482      0.031600330588585496     0.02755577671723432      0.023940216738751276     0.020723216945922846     0.01787396966912979      0.015361804328682432     0.013156632847786339     0.011229325000135725     0.009552012601877422     0.00809832427765323      0.006843554778868984     0.0057647745004807995    0.004840885958687309     0.004052634610864081     0.003382581592555165     0.002815045794182701     0.002336022283306028     0.0019330834735144236    0.0015952687172817632    0.0013129672162364018    0.0010777983462440487    8.824927234764949E-4     7.207766180370719E-4     5.87261671465733E-4      4.773413036152051E-4     3.870947068402711E-4     3.1319892027275925E-4    2.528491498062827E-4     2.0368724361159891E-4    1.6373804050208963E-4    1.3135317061874045E-4    1.0516179602231197E-4    8.402772456810488E-5     6.701230625766326E-5     5.334252029904377E-5     4.238367745129863E-5     3.3616190878959636E-5    2.6615905571620117E-5    2.1037518070665857E-5    1.6600662187314358E-5    1.3078280615361957E-5    1.0286945389274478E-5    8.078831001820497E-6     6.3350820168559595E-6    4.9603518116650214E-6    3.878320491210206E-6     3.028028020729029E-6     2.360883315121259E-6     1.8382315515678007E-6    1.4293804835198077E-6    1.1100020902864595E-6    8.608383044234901E-7     6.666480146636173E-7     5.153348181724483E-7     3.971855807152953E-7     3.041156676828873E-7     2.2872716496086011E-7    1.6277064991187016E-7    9.40953990042853E-8      0
% Data
% c (mol/m^3) @ t=800, u1=0.01, u2=0.03, u3=0.05
1                         0.9743292497681025       0.9459715458850736       0.9151064692208265       0.8819762916286944       0.8468866330164979       0.8102060057222974       0.7723643072452057       0.733850365346374        0.6952086740001167       0.6570354814476402       0.6199744001022631       0.5847117005450804       0.5519714276633969       0.5225104366594082       0.4971133920156331       0.4737934529822226       0.45009260822825253      0.4261171740206673       0.4019844688692324       0.37782191279348165      0.35376623216739755      0.32996308491418885      0.30656757491333103      0.28374633958073503      0.2616821973787907       0.24058277091758848      0.2206951107949542       0.2023292115373808       0.18589453898932068      0.1719554214839083       0.159706072072262        0.14787635825283046      0.13649627812330933      0.12559238262064729      0.11518733483341147      0.10529955438785209      0.09594295970924863      0.08712681652378165      0.07885569614985091      0.07112954227729096      0.06394384037379422      0.057289879867108484     0.051155096038219196     0.045523476255367595     0.040376013832337576     0.035691192384683976     0.0314454840010586       0.027613845714538867     0.02417020049317678      0.021087891099708683     0.018340097529200777     0.015900211165369046     0.013742161167928616     0.011840690807554606     0.010171583423229377     0.008711839338151804     0.007439806409750785     0.006335267903318636     0.005379492081568622     0.004555248321276557     0.0038467947390421783    0.0032398422718487208    0.00272149995675138      0.002280205828809309     0.0019056474453650815    0.001588675581707062     0.0013212141566964122    0.0010961689604500092    9.073372877656779E-4     7.493201439102591E-4     6.174382925836932E-4     5.076530645325335E-4     4.164925415741786E-4     3.4098347446680964E-4    2.785890820778438E-4     2.2715271035979678E-4    1.8484719862475973E-4    1.5012970297643E-4       1.2170165784077298E-4    9.847351175775224E-5     7.95338486395319E-5      6.412249661204148E-5     5.160722980993826E-5     4.14636810142417E-5      3.325810217893715E-5     2.6632633477456972E-5    2.1292767665342483E-5    1.699672372668851E-5     1.3546470485429398E-5    1.0780165454941377E-5    8.565794160644588E-6     6.79580573079839E-6      5.38253153376239E-6      4.254122381906535E-6     3.3505952022863707E-6    2.6192264758961815E-6    2.007705790811463E-6     1.4515783426544841E-6    8.482293658040246E-7     0
% Data
% c (mol/m^3) @ t=900, u1=0.01, u2=0.03, u3=0.05
1                         0.9778043455344987       0.9532725106698868       0.9265446779051226       0.8978138959113342       0.8673276379136579       0.8353885604943039       0.8023544575250053       0.7686374278072882       0.7347022951929031       0.7010643347454398       0.6682863664379808       0.6369752779218522       0.6077780295339813       0.5813771780312964       0.5584859313063616       0.5373090625498935       0.5156027268258484       0.4934372710219889       0.47089476353675935      0.44806950813722374      0.4250688563895146       0.4020146200464877       0.37904553858293055      0.3563214736075083       0.3340303058962938       0.31239893660735873      0.2917103891587146       0.27232983706099706      0.25474353380605197      0.239616212836732        0.2261087261833007       0.21284024287041695      0.19984593054918495      0.1871600839114592       0.1748156441836609       0.1628437215088882       0.15127313493502334      0.1401299846976708       0.12943727068056143      0.11921456939200559      0.10947777961014038      0.10023894416445336      0.09150615231071364      0.0832835240108012       0.07557127433669115      0.06836585335164634      0.061660154326055205     0.05544378112861773      0.049703364163618126     0.044422913329032594     0.039584196137776965     0.03516712933300149      0.031150172970614905     0.027510716953855353     0.02422545129238151      0.021270712826883347     0.01862280271878469      0.016258270571463205     0.014154162555134676     0.012288232296939618     0.01063911453045538      0.00918646254884186      0.007911051360256001     0.006794849101537047     0.0058210597342271304    0.004974140340564078     0.004239796475892904     0.003604959040668322     0.0030577460337873033    0.0025874123631647885    0.0021842906417723277    0.0018397256083004282    0.001546004499158252     0.0012962853778813613    0.0010845251115241669    9.054083808561938E-4     7.54278829193312E-4      6.270731982311732E-4     5.202590711014761E-4     4.307766442057548E-4     3.559847800554892E-4     2.936114522197807E-4     2.4170857868006238E-4    1.9861114903709198E-4    1.6290048139511797E-4    1.3337139340386742E-4    1.090030356356295E-4     8.89331104332359E-5      7.24351805213518E-5      5.889875091918784E-5     4.7811769878532094E-5    3.8745108575918976E-5    3.1338378154454253E-5    2.5285979576467067E-5    2.0321232241706244E-5    1.619407372770739E-5     1.2632577662340742E-5    9.266891348005206E-6     5.4684076830259955E-6    0
% Data
% c (mol/m^3) @ t=1000, u1=0.01, u2=0.03, u3=0.05
1                         0.9807290233613114       0.9594221196515826       0.9361921577445178       0.9111970805013879       0.8846418111914389       0.8567795621405636       0.8279125107235079       0.7983918209767665       0.7686170008666222       0.7390345946633621       0.710136216138318        0.6824559308026299       0.6565669937948826       0.6330779442613695       0.6126280474662341       0.5936089913868067       0.5739961334596966       0.5538333760880217       0.5331755583666982       0.5120898074008511       0.4906573651784527       0.4689761910039321       0.44716478488008804      0.4253678814235611       0.40376494907333843      0.38258282570836605      0.362114370356813        0.342745766977569        0.3249961551921771       0.3095746849608761       0.29564579527011126      0.2817941197534148       0.2680509652823869       0.25444842111181604      0.24101905465755         0.22779557373386922      0.21481046139917065      0.2020955911381919       0.18968183144564513      0.17759864987145846      0.1658737271629259       0.15453259224204632      0.1435982883670787       0.13309107995921166      0.12302820827367965      0.11342370243287438      0.10428825041151182      0.09562913247859237      0.08745021747042173      0.0797520202026372       0.07253181642561396      0.06578381006900698      0.059499346169378756     0.0536671618694107       0.048273667235176024     0.043303247355437176     0.038738577241690386     0.03456094140277522      0.030750550575680796     0.027286848900562263     0.02414880577618167      0.02131518766612085      0.01876480619403928      0.016476739921722123     0.014430528207809464     0.012606336467181914     0.010985092968599479     0.009548598006964008     0.008279606859448571     0.007161888381028115     0.006180261419241237     0.005320611438997497     0.004569889857550143     0.003916098610892947     0.0033482624202546317    0.0028563911156282793    0.0024314342164449532    0.002065229780640141     0.0017504493241881887    0.001480540393865254     0.0012496681550692086    0.0010526571408338724    8.849341029527156E-4     7.424727150106797E-4     6.217407021330725E-4     5.196498135767396E-4     4.3350890954785965E-4    3.6098029616835346E-4    3.0003929728518425E-4    2.489368662597219E-4     2.06164744732414E-4      1.7042211649903903E-4    1.4058155265163529E-4    1.1564958058082189E-4    9.471187227740502E-5     7.684144352540338E-5     6.092302408950701E-5     4.5291955198983045E-5    2.6967112800475636E-5    0
% Data
% c (mol/m^3) @ t=1100, u1=0.01, u2=0.03, u3=0.05
1                         0.9832212674727092       0.9646653861491211       0.9444253448236981       0.9226328616875015       0.8994603608303466       0.8751224864911374       0.8498771085178844       0.8240257795629943       0.7979136112597811       0.7719285425031239       0.7464999775471255       0.7220967745873527       0.6992245665979657       0.6784223953898559       0.6602586372730491       0.6433010444580626       0.6257374441539028       0.607593382385026        0.5889040809603714       0.5697162270064808       0.5500903559906974       0.5301041245712325       0.5098569035882019       0.48947630850126167      0.4691275440362087       0.449026798021276        0.42946041184033457      0.4108122293300925       0.39360244638706127      0.37854253591784165      0.3648275869815702       0.35106693782154913      0.33728439221495937      0.32350520247443776      0.30975594700322717      0.296064374391796        0.28245921388039036      0.26896995310879146      0.25562658526854076      0.24245932900914685      0.22949832566449788      0.21677331949062784      0.20431332757344178      0.19214630681325046      0.18029882587112506      0.16879575013428078      0.15765994760597815      0.14691202315111482      0.1365700877521871       0.12664956838944713      0.11716306290605884      0.1081202428165393       0.09952780553336496      0.0913894759922705       0.08370605621833808      0.07647552005244586      0.06969314910106807      0.06335170501987566      0.0574416325180638       0.05195128698762391      0.04686718041917674      0.042174239251668875     0.03785606799617526      0.03389521284617191      0.03027342000514197      0.026971884091968625     0.02397148268954947      0.021252993848108668     0.01879729411026966      0.016585535362446113     0.014599299513454678     0.01282073063831816      0.01123264478984827      0.009818618164365637     0.008563054706770858     0.007451234553865525     0.006469344946246244     0.005604495393671759     0.0048447189637828725    0.004178961587887874     0.0035970612492680605    0.003089718848208256     0.0026484624322867644    0.0022656063477219557    0.0019342067128580653    0.0016480144390831892    0.001401426820416546     0.0011894384571262866    0.0010075919134150892    8.519279046916739E-4     7.189336827316819E-4     6.054860249812464E-4     5.087805226367248E-4     4.2622888546289773E-4    3.552847229340239E-4     2.9311288727002573E-4    2.3592064722472854E-4    1.775626184282252E-4     1.065922725049396E-4     0
% Data
% c (mol/m^3) @ t=1200, u1=0.01, u2=0.03, u3=0.05
1                         0.985362982050094        0.9691729155734422       0.9515077086826068       0.9324787308733774       0.9122327224472133       0.8909533363343295       0.8688622628831344       0.8462198917446001       0.8233254686823226       0.8005167087229452       0.7781688302941948       0.7566929776920973       0.736534001254674        0.7181675659605968       0.7020965598798672       0.6870509559815753       0.6714179619341155       0.6552108841453872       0.6384514007606937       0.621171531720065        0.6034162619158172       0.5852471039108867       0.5667470083113513       0.5480271984605655       0.5292367385627688       0.5105759634417103       0.49231533453256865      0.474821881517828        0.4585961973781123       0.44432405035590933      0.43124881020592215      0.4180452126010054       0.40472931802084583      0.3913186781639609       0.37783232824446517      0.36429075809125805      0.35071585980796993      0.3371308501061013       0.3235601659073387       0.3100293324202295       0.2965648036190597       0.2831937758678883       0.2699439763109754       0.25684342855588765      0.24392019906580648      0.23120212850878602      0.2187165530399206       0.20649002107689882      0.19454801153567772      0.18291465969507137      0.17161249684146726      0.1606622096037618       0.15008242443186903      0.13988952201890734      0.1300974856463899       0.12071778648024364      0.11175930780555149      0.10322830910463772      0.0951284298017341       0.08746073146088738      0.08022377627040155      0.07341373880916088      0.06702454739246623      0.061048050754303494     0.055474205447853434     0.05029127913732758      0.04548606490557925      0.041044101801068975     0.036949897077533274     0.033187145919543956     0.029738944874367606     0.026587995701628973     0.023716796884045384     0.02110782059301273      0.01874367345221215      0.016607239973398795     0.014681808036801957     0.012951176242872484     0.011399743364272073     0.010012580471659798     0.008775486591080376     0.007675028973477297     0.00669856921767375      0.005834276585651827     0.005071129877202994     0.004398909172833895     0.0038081785667811725    0.0032902605993515607    0.0028372022472228217    0.002441730585012382     0.002097192618705641     0.0017974662523185675    0.0015368135397129906    0.0013096141541179128    0.0011098471888382714    9.30042771488441E-4      7.59117425373329E-4      5.778630678146312E-4     3.495131588074466E-4     0
% Data
% c (mol/m^3) @ t=0, u1=0.01, u2=0.05, u3=0.01
1                         -4.522845772963958E-8    2.159347170152288E-15    2.429049619556694E-20    3.234029231194618E-26    3.2960419531633407E-32   3.0016600099896487E-38   2.5681431685852386E-44   2.111589465229418E-50    1.6890005337406036E-56   1.3239176014680963E-62   1.0217940586561872E-68   7.790195122817137E-75    5.880645162805661E-81    4.402910824472985E-87    3.295693406681136E-93    3.0552743200887057E-99   2.818064437061525E-105   2.587809962604057E-111   2.367154592095162E-117   2.1578734979814027E-123  1.961063587883424E-129   1.777297667289198E-135   1.6067488632151825E-141  1.449290595842719E-147   1.3045764901958124E-153  1.1721038715932007E-159  1.0512638634194465E-165  9.413805839494039E-172   8.41741503864633E-178    7.466756377252857E-184   5.309735000209282E-190   3.7713734711229263E-196  2.675751104089213E-202   1.8964518012124503E-208  1.3428128025293064E-214  9.499305969768475E-221   6.714195860738446E-227   4.741796476990768E-233   3.3462463324383144E-239  2.3596999276376398E-245  1.6628608837171601E-251  1.1710366135367886E-257  8.241655930619912E-264   5.796968669111472E-270   4.075134943012539E-276   2.8631814449747167E-282  2.0106296902234738E-288  1.4112419332887221E-294  9.900706783572193E-301   6.9428035235768884E-307  4.8664884814E-313        3.8399E-319              0                        0                        0                        0                        0                        0                        0                        0                        0                        0                        0                        0                        0                        0                        0                        0                        0                        0                        0                        0                        0                        0                        0                        0                        0                        0                        0                        0                        0                        0                        0                        0                        0                        0                        0                        0                        0                        0                        0                        0                        0                        0                        0                        0                        0                        0                        0                        0
% Data
% c (mol/m^3) @ t=100, u1=0.01, u2=0.05, u3=0.01
1                         0.8551207359717031       0.7035370975390133       0.5550797669555202       0.4187294421476339       0.30124528764571157      0.2063061691925876       0.13437092125240865      0.08324619247936133      0.049116925176812244     0.02766099218349205      0.01491325002808314      0.0077264356576265255    0.0038689887573130407    0.0019017357068947948    9.773868296012313E-4     5.359932350689449E-4     2.875847946424978E-4     1.5129389915640966E-4    7.819518055698154E-5     3.9775342204181636E-5    1.9944190561989014E-5    9.872030860375166E-6     4.829866741870366E-6     2.3382535292372785E-6    1.1212677420999012E-6    5.330503942637775E-7     2.5140170021061444E-7    1.1761504930900924E-7    5.4245909095882597E-8    2.323283089755592E-8     8.80946538597262E-9      3.322332129096105E-9     1.246730281673656E-9     4.657010690194727E-10    1.7322020502872845E-10   6.417739148609891E-11    2.369079455706301E-11    8.715674878388712E-12    3.1962842650907012E-12   1.1686986319414134E-12   4.2614160711159853E-13   1.5497932762804863E-13   5.622502826280227E-14    2.0350895094260633E-14   7.35007787144804E-15     2.6491527066796406E-15   9.529641394574221E-16    3.4217225042891387E-16   1.2264573944533968E-16   4.3887147231884457E-17   1.5679580919908822E-17   5.593405199509829E-18    1.9924760103367504E-18   7.087826964369766E-19    2.5180399605645583E-19   8.934417428723216E-20    3.1662631350603044E-20   1.1207958283231015E-20   3.963008585825056E-21    1.3997857848642459E-21   4.939171800989666E-22    1.7410833760053766E-22   6.131600122143191E-23    2.157406331275316E-23    7.584171959883372E-24    2.6638879739089972E-24   9.34906248862755E-25     3.2785105356426903E-25   1.1488226812753204E-25   4.022612719241924E-26    1.4075136585059998E-26   4.9214837662648494E-27   1.719681182952698E-27    6.0050582500401885E-28   2.095619639325256E-28    7.308728082572607E-29    2.5474933165212094E-29   8.874290845847676E-30    3.0896604110646897E-30   1.0751056586572484E-30   3.7390510461858466E-31   1.2997138710581221E-31   4.515608028851866E-32    1.5680958650011E-32      5.44280043841865E-33     1.8882998634555132E-33   6.54822172272313E-34     2.2697842271364433E-34   7.864285802027078E-35    2.723654882973925E-35    9.42903677020493E-36     3.2629413785891136E-36   1.1287088630640993E-36   3.902912500584499E-37    1.3490546729780002E-37   4.660887303120614E-38    1.6081977815627727E-38   5.49706963857943E-39     1.7155558952393207E-39   0
% Data
% c (mol/m^3) @ t=200, u1=0.01, u2=0.05, u3=0.01
1                         0.9106953411334826       0.8143191990038877       0.7140407618641029       0.6132596126583748       0.5153249643994608       0.4232576578142666       0.33951074932530656      0.26580127147130267      0.20303630167424386      0.15134156053575348      0.11018320484238603      0.07855787883641112      0.05521728422101665      0.03889439149398947      0.02850809510806655      0.02158678127458439      0.016087830077626295     0.01180771064381362      0.008540744726448097     0.006092734695143034     0.004289934596913668     0.0029836530293950577    0.0020513391411881494    0.0013952064433823254    9.393946812987113E-4     6.264719780099151E-4     4.1382607329394394E-4    2.702275293304675E-4     1.725498821101062E-4     1.0217798144734333E-4    5.5091610827029045E-5    2.9495609992112307E-5    1.5689377018383176E-5    8.295496193912863E-6     4.361747697649072E-6     2.2815832452150943E-6    1.1877645384245903E-6    6.155868021853425E-7     3.177218820016433E-7     1.6335270143076156E-7    8.368333320393046E-8     4.272555753270947E-8     2.1745367537139202E-8    1.103474748745337E-8     5.584111084071519E-9     2.818478345671283E-9     1.419095357537898E-9     7.128639392941202E-10    3.573198097127141E-10    1.7873753659963824E-10   8.923424555755122E-11    4.4468219330855225E-11   2.2121384610013223E-11   1.0986471756654558E-11   5.447833021288296E-12    2.6973832936423555E-12   1.3336635820622169E-12   6.585124420233375E-13    3.247305249698054E-13    1.5993712067278878E-13   7.868037382808845E-14    3.866312774439451E-14    1.897850666608907E-14    9.30639201489406E-15     4.559040875811763E-15    2.231289670482299E-15    1.0910514240089722E-15   5.330363326891221E-16    2.601988579864248E-16    1.2691261294254056E-16   6.18540441313153E-17     3.012365844493545E-17    1.4660046961774584E-17   7.129550681772004E-18    3.464963484775066E-18    1.6828867202931997E-18   8.1684629380780775E-19   3.962452713486578E-19    1.9210326521398423E-19   9.308088620887922E-20    4.507639747286565E-20    2.1817665265977366E-20   1.0554674632647231E-20   5.103471837413423E-21    2.46647879820851E-21     1.1914780668070222E-21   5.753043532276211E-22    2.7766292741683625E-22   1.3395292721950402E-22   6.459602359298431E-23    3.1137482139080034E-23   1.5003391420186813E-23   7.226447659417573E-24    3.479186782198711E-24    1.6740651467118418E-24   8.043095606710812E-25    3.8417400750120523E-25   1.7845814130329381E-25   7.114930038865908E-26    0
% Data
% c (mol/m^3) @ t=300, u1=0.01, u2=0.05, u3=0.01
1                         0.934576433321735        0.863236528568632        0.7874982727867581       0.7090843734829866       0.6298265429941324       0.5515619308855694       0.4760315750164206       0.4047910029028539       0.33914227506923417      0.2800948906800175       0.22836027445350746      0.18438134051296032      0.14839525430658168      0.12052436622802214      0.10088769563472294      0.08609506730990155      0.07267812167495913      0.060680011918478306     0.0501038060396924       0.04091466315873286      0.03304464351167427      0.026399395332415553     0.020865805443996074     0.01631969328554538      0.012632711216881455     0.009677679402906529     0.007331451145813129     0.005473737937185544     0.003978417117474398     0.0026891319804332754    0.0016771737881402166    0.001035826556061962     6.338166767180584E-4     3.8443184242178036E-4    2.3123464254742887E-4    1.3799109174889972E-4    8.173144187227844E-5     4.8065318134431296E-5    2.8075888047853933E-5    1.629442995140485E-5     9.399070294219062E-6     5.390119851225993E-6     3.0739705841964017E-6    1.7438191946420623E-6    9.84259432883598E-7      5.528708694304276E-7     3.0912742195438006E-7    1.7208351811695478E-7    9.539201781182352E-8     5.266645984677095E-8     2.8965392053779674E-8    1.5871486032967174E-8    8.665916265595571E-9     4.7155494031491164E-9    2.5575835750542784E-9    1.3828107235674E-9       7.453902334934159E-10    4.0062922540480663E-10   2.147270948980265E-10    1.1477868735226555E-10   6.119394586946832E-11    3.2543850795738344E-11   1.726558007597244E-11    9.13864381793663E-12     4.826201969590144E-12    2.543229528497965E-12    1.3373760402444244E-12   7.018423245941278E-13    3.6759732115868813E-13   1.9216722108823728E-13   1.0027361199034041E-13   5.222992576733446E-14    2.715823121373128E-14    1.4097943346256597E-14   7.306411831840348E-15    3.780659917474296E-15    1.9532878404701814E-15   1.0076722656156338E-15   5.190931008478298E-16    2.6703108353014375E-16   1.3717848307072082E-16   7.037754666904795E-17    3.6059681932710946E-17   1.8452889603551832E-17   9.43139866570514E-18     4.814719634385269E-18    2.4550622685487107E-18   1.2504420114387164E-18   6.361896155511696E-19    3.2332813927691842E-19   1.641517817754843E-19    8.325353295540167E-20    4.218125298131527E-20    2.1349111056246154E-20   1.0791348620006658E-20   5.4411823688564034E-21   2.7220845936521613E-21   1.3180917669856843E-21   5.4192530061850505E-22   0
% Data
% c (mol/m^3) @ t=400, u1=0.01, u2=0.05, u3=0.01
1                         0.9487191628881262       0.8924881038582492       0.832146326020139        0.7686911022808345       0.7032417005463287       0.6369978439408358       0.5711957696622378       0.5070656950762538       0.445794645488798        0.3884984004602248       0.33620574761794575      0.28985729191326814      0.25031978469898775      0.21841538399978436      0.1949635559961312       0.17631529555664674      0.1583472406501249       0.14119095652046007      0.12496529411442593      0.10977110118051311      0.09568685530238658      0.0827655404172027       0.07103284107162834      0.06048636059838096      0.05109499809084531      0.0427966214731511       0.03549023356167452      0.02901482624497704      0.023098704605274013     0.017245376278537495     0.012061748687052162     0.008362258433264859     0.005749300637675549     0.003921736741912098     0.0026552110425170834    0.001785062462258604     0.0011920915334469636    7.910925853758699E-4     5.21864974758429E-4      3.42330717532664E-4      2.2337094637582777E-4    1.4502055261168855E-4    9.370796731103675E-5     6.0281352049418474E-5    3.8615180293674625E-5    2.4637967296267104E-5    1.5661047798547887E-5    9.91968503520028E-6      6.262142347070011E-6     3.940741617644103E-6     2.4725229412610303E-6    1.5469741049574052E-6    9.653281328209817E-7     6.008707015975123E-7     3.7313197948930704E-7    2.3119424422418083E-7    1.4294832469079605E-7    8.821042101792206E-8     5.433101173196447E-8     3.340475250227553E-8     2.050426189716879E-8     1.2565963222679464E-8    7.689554415031779E-9     4.698898528788657E-9     2.867570563463564E-9     1.7477808850041593E-9    1.0640069940201242E-9    6.470154414231037E-10    3.9302832853217094E-10   2.3850469265381586E-10   1.445963120607415E-10    8.758438502167132E-11    5.3006118112172193E-11   3.2053437067337654E-11   1.936826848601019E-11    1.1694772839464373E-11   7.056572212288193E-12    4.255122315393411E-12    2.5642533166768263E-12   1.544379204369428E-12    9.296165426361313E-13    5.592714138816679E-13    3.3629591314829877E-13   2.02120985818217E-13     1.2142332655865208E-13   7.291270615954692E-14    4.376466256958191E-14    2.6258597751429342E-14   1.5749057545546508E-14   9.442321309109534E-15    5.6590907249786275E-15   3.3903961898464982E-15   2.030256756960513E-15    1.2148172929742188E-15   7.255794351497875E-16    4.311709097497399E-16    2.522345293704671E-16    1.4010385508733402E-16   6.355276281283958E-17    0
% Data
% c (mol/m^3) @ t=500, u1=0.01, u2=0.05, u3=0.01
1                         0.9581387288269618       0.912096818390739        0.8624011103164917       0.809701864414123        0.7547593214525962       0.6984267528945773       0.6416313306610733       0.585354398879655        0.5306128530797671       0.478443301423107        0.42989047869763786      0.38600100264998777      0.347823016883283        0.31641158717761986      0.2928389594732889       0.27357092810618233      0.25440865863411993      0.2354561491729824       0.21682251174343842      0.19861893189035942      0.18095497744927952      0.16393421440006417      0.14764887220127562      0.13217278516432748      0.11755073219509904      0.10378003416868277      0.09077571149431157      0.07830140518868205      0.06583019906982009      0.05226381734543251      0.03925277976219039      0.029218762175926706     0.021563869214788114     0.015783877074088768     0.01146220355718778      0.00826097758988764      0.005910727724884028     0.004199808373927879     0.0029643208082904713    0.002078986149535535     0.0014491966936064178    0.0010043066121896444    6.921141568483704E-4     4.7442338426610805E-4    3.2354251364503776E-4    2.1956801475764761E-4    1.483100183635602E-4     9.972928030116823E-5     6.677420890195038E-5     4.452541012082302E-5     2.9573025967699565E-5    1.956790239894874E-5     1.2900961737091756E-5    8.476071427091323E-6     5.550398381100075E-6     3.6230148442612054E-6    2.3577028253886745E-6    1.5298009488170694E-6    9.898265132729614E-7     6.387199852393482E-7     4.110890157290701E-7     2.639244856711994E-7     1.6903800837700593E-7    1.0801657010414397E-7    6.887098935564987E-8     4.381865060827756E-8     2.7822332978677097E-8    1.763085939533004E-8     1.1151436560318141E-8    7.0403801751511115E-9    4.437093168065604E-9     2.791682405949952E-9     1.7535782029830458E-9    1.099768813278759E-9     6.886826468400466E-10    4.306273814627638E-10    2.6888784781796736E-10   1.6766756339468762E-10   1.0441326402513754E-10   6.493974234608984E-11    4.033967748345627E-11    2.5028750519378343E-11   1.5511291915519035E-11   9.602300216751374E-12    5.937954507005565E-12    3.668156329159223E-12    2.263719603231273E-12    1.3956449653899402E-12   8.596417022713757E-13    5.290064091109676E-13    3.252455161939797E-13    1.9978430804286116E-13   1.2259279246737814E-13   7.51206695668068E-14     4.5912523261723213E-14   2.7886602339575528E-14   1.664240429706881E-14    9.399142198780869E-15    4.312179822647936E-15    0
% Data
% c (mol/m^3) @ t=600, u1=0.01, u2=0.05, u3=0.01
1                         0.9650480956622663       0.9265398006828598       0.8848400439758763       0.8404135657571016       0.7938208338304965       0.7457117587152702       0.6968177256444177       0.6479425757185657       0.599953226841956        0.5537706152041987       0.5103615526573014       0.4707319333941531       0.43592149118148904      0.4070000199608928       0.38506464704110627      0.36687384642685456      0.3484747244440436       0.329925165531743        0.3112907201056824       0.29264366490181964      0.27406116513929135      0.25562200206653446      0.23740084293172864      0.21945804580735653      0.20182103025599263      0.1844493894764382       0.1671684221854561       0.14954130652817857      0.13062246220959722      0.108481987680669        0.08593315060278804      0.06749080468361353      0.052567054322188556     0.04061379036740094      0.031133681837862855     0.0236859414376106       0.017887905327069794     0.013413474827280919     0.009989386748124312     0.007390144290567839     0.00543228114227005      0.003968469665819178     0.0028818350218505723    0.002080709366663894     0.0014939575364248448    0.0010669278569957613    7.580265651423081E-4     5.358782378792139E-4     3.770136397351398E-4     2.6401668821421375E-4    1.840604364814568E-4     1.2776530981596776E-4    8.831916389886161E-5     6.080649000693194E-5     4.170219597820852E-5     2.8493154261230895E-5    1.9397735567188645E-5    1.315965442147174E-5     8.897597632815644E-6     5.996331999807295E-6     4.028385401795985E-6     2.6980790817599354E-6    1.8017755755725988E-6    1.1998068817542873E-6    7.967594327247932E-7     5.277001860080363E-7     3.486011789100768E-7     2.2971425213919798E-7    1.5100766988025886E-7    9.903647538471484E-8     6.480496415538771E-8     4.2312519050309157E-8    2.756807125400167E-8     1.7924581474997583E-8    1.1631184949049704E-8    7.532815114168748E-9     4.869385741969896E-9     3.1419461559684745E-9    2.0237377518383986E-9    1.301256890662774E-9     8.353081281154885E-10    5.353354111948652E-10    3.4254750885051724E-10   2.1885197727714924E-10   1.3961545212991018E-10   8.893806581423276E-11    5.6575728181487966E-11   3.593992185685789E-11    2.2800454668813235E-11   1.4445797238523105E-11   9.140644158015534E-12    5.776133729583325E-12    3.6446914002571234E-12   2.295319002999894E-12    1.4406921168322904E-12   8.975201847832038E-13    5.48150030857681E-13     3.155791276994256E-13    1.466787881208607E-13    0
% Data
% c (mol/m^3) @ t=700, u1=0.01, u2=0.05, u3=0.01
1                         0.9704439236353058       0.9378489745516181       0.902487809388989        0.8647158762118701       0.8249713454991136       0.7837735351225947       0.7417199891093975       0.6994824225752306       0.6578017732849162       0.6174825986669087       0.5793870228248891       0.544428370958332        0.5135645315721323       0.4877909661470946       0.46813315092308366      0.45170395565661703      0.4349331235499172       0.41784535831545216      0.4004703398281884       0.38284215114629855      0.364997659636743        0.34697295160974106      0.32879612722643264      0.3104732536812637       0.2919614117905445       0.27311736189807695      0.2536001819188386       0.2326871863357434       0.20892694274185097      0.17948733205598716      0.148091378201095        0.1212206587627158       0.09845537451142959      0.07935722782266624      0.06348759559678445      0.05042196968664642      0.039760705686225334     0.031136345843421082     0.024217933666715673     0.018712821747485214     0.014366500860274457     0.010960960611663002     0.008312043361804168     0.006266186353304488     0.004696872433598366     0.0035010354728774295    0.002595598102420768     0.0019142600450685681    0.0014046065806217571    0.001025568727129559     7.452387517841692E-4     5.390253444514233E-4     3.8812064839356154E-4    2.782447813935869E-4     1.9863105043071711E-4    1.4121551575691372E-4    9.999687589317821E-5     7.053603192032205E-5     4.9568563156942646E-5    3.470729921414596E-5     2.421594024156119E-5     1.6838101992967566E-5    1.1669169067943833E-5    8.060907536976815E-6     5.550932146713737E-6     3.810879540030863E-6     2.608554025207783E-6     1.7804362702679224E-6    1.211826401822171E-6     8.225758131690477E-7     5.56885604118281E-7      3.760472493634404E-7     2.533004420833555E-7     1.7020654685765943E-7    1.1410167204435319E-7    7.631516714240392E-8     5.092834174607077E-8     3.3912815384982627E-8    2.2534541312714766E-8    1.4943015756027577E-8    9.889076067261738E-9     6.5316605481521045E-9    4.305897239239549E-9     2.8333282546071673E-9    1.8609880967299179E-9    1.2201784186584822E-9    7.986470609915542E-10    5.218623998284562E-10    3.40441637514344E-10     2.2173141281001835E-10   1.4418265682487295E-10   9.360088187697492E-11    6.065194724719071E-11    3.9206020654577716E-11   2.5239428789266108E-11   1.6106276169586293E-11   1.0053367244521536E-11   5.89271562819552E-12     2.772127707359786E-12    0
% Data
% c (mol/m^3) @ t=800, u1=0.01, u2=0.05, u3=0.01
1                         0.974849357846053        0.9470968420445137       0.9169562724549787       0.8847110986780461       0.8507160492383065       0.8153976769772234       0.7792537966380207       0.7428518342390911       0.7068261219336256       0.6718741745264946       0.6387519735107207       0.6082682614262479       0.5812778149015917       0.5586736216771876       0.5413778393290646       0.526857884106772        0.5119566299640574       0.49667922618158583      0.48103275455473676      0.4650252481111136       0.4486633811382325       0.43194762715080176      0.4148626403593351       0.3973586823994808       0.3793163329570323       0.3604801024508251       0.3403343686787053       0.317872658537697        0.2911702729002858       0.25659533700532616      0.2184120705857693       0.18458183987129578      0.15489270821354456      0.12907802206717928      0.10683328117078368      0.0878316087003064       0.07173732068779769      0.05821729908367677      0.046950058004917826     0.03763254723834197      0.029984855384609876     0.023753056104334317     0.0187104872888542       0.014657769562481956     0.011421863567446278     0.008854441571934508     0.006829814287093877     0.005242613746302577     0.004005391964502452     0.003046255981133815     0.0023066248434655823    0.001739164230915098     0.001305930148513577     9.767342911940855E-4     7.277298132966916E-4     5.402066465938989E-4     3.99579434483716E-4      2.9454783606142895E-4    2.164077098380392E-4     1.5849191382449424E-4    1.157206623404487E-4     8.424317037149609E-5     6.115439942897644E-5     4.427288319227832E-5     3.19677132983772E-5      2.3024715615494564E-5    1.6543595732094105E-5    1.1859358873604954E-5    8.482613613489485E-6     6.054462877228215E-6     4.3125894643058804E-6    3.065879677151883E-6     2.175521457172526E-6     1.5409855553883241E-6    1.089670635727064E-6     7.692843119459816E-7     5.422578539461944E-7     3.816660442324629E-7     2.6825647611848077E-7    1.8829345919690575E-7    1.3199786006980407E-7    9.242139274127805E-8     6.463658902252657E-8     4.515543153819429E-8     3.151312688948488E-8     2.1970807036937836E-8    1.530364942639651E-8     1.0650191952607925E-8    7.405382216237845E-9     5.144809945398139E-9     3.571123470159905E-9     2.4761928913012128E-9    1.7144242144975794E-9    1.1839480208313793E-9    8.133472225523726E-10    5.522551784274388E-10    3.646222201352404E-10    2.237673042298126E-10    1.0853638465819813E-10   0
% Data
% c (mol/m^3) @ t=900, u1=0.01, u2=0.05, u3=0.01
1                         0.9785243201851992       0.9548187959406909       0.9290567061295666       0.9014703617676364       0.8723533842679057       0.8420621318532465       0.8110161996102603       0.7796979282031432       0.7486508634306499       0.7184771128951674       0.6898335467252427       0.6634267866599047       0.6400069224702318       0.6203598877827363       0.6052984204963013       0.592620495757441        0.5795678807244015       0.5661352085894209       0.5523167062337538       0.5381046269908905       0.5234860352667359       0.5084364926855901       0.4929079723436743       0.4768060890222564       0.4599476448127301       0.4419820401683434       0.42224655696316454      0.39950095064849184      0.3714423088124735       0.3338207672097374       0.2911248675069528       0.25225760844360595      0.21718957117391474      0.18582258106319316      0.15800175837882435      0.13352786724067317      0.11216936398762546      0.09367365834834358      0.07777722537358638      0.0642143314289785       0.052724254234507606     0.04305697817456137      0.03497742781766878      0.028268363205422857     0.022732100485900963     0.018191242889494058     0.014488612847449464     0.011486569662831094     0.009065882026654754     0.007124304031127103     0.005574979912625011     0.004344778752559148     0.003372637398344769     0.002607969031869546     0.002009176743091521     0.0015422964265618204    0.0011797812967951887    8.99431111669614E-4      6.834624815673864E-4     5.17712048200723E-4      3.90961450188605E-4      2.943714793083556E-4     2.2101233575266786E-4    1.6547712362173045E-4    1.235664506536724E-4     9.203301926296816E-5     6.837627439898731E-5     5.0678401344926746E-5    3.747416930828386E-5     2.7648246205775812E-5    2.035463796932823E-5     1.4953818281640278E-5    1.0963908647551703E-5    8.022947929573295E-6     5.859863133799703E-6     4.272229962512981E-6     3.109304094295389E-6     2.2591239869412455E-6    1.6387443057306343E-6    1.1868659827903714E-6    8.58293395357631E-7      6.197790035105908E-7     4.4691764500239754E-7    3.218321062745354E-7     2.3145317261129234E-7    1.662448650411681E-7     1.1926203729646214E-7    8.54553697167025E-8      6.115999524726526E-8     4.372005331155759E-8     3.121358671334812E-8     2.2251305446685895E-8    1.5829558285224394E-8    1.1222929606180304E-8    7.90563400074532E-9      5.493628928865411E-9     3.7013361197258546E-9    2.308216583728036E-9     1.1312829112161708E-9    0
% Data
% c (mol/m^3) @ t=1000, u1=0.01, u2=0.05, u3=0.01
1                         0.9816111127873316       0.9613093417325912       0.9392390147258163       0.915594819137661        0.8906241288147806       0.864628641260857        0.8379652306476866       0.8110459259106478       0.7843369272000286       0.7583565782474333       0.7336722167459053       0.7108958297599393       0.6906784467666665       0.6737032096394494       0.6606770673354294       0.649696708428024        0.6383719231059944       0.6266925149612366       0.6146462719593462       0.6022168492988218       0.5893797211806727       0.5760945679258056       0.5622911210339253       0.5478430544903351       0.5325201095955943       0.5159006981798181       0.49721291992340655      0.4750461911130196       0.4468294548968985       0.4078890334903824       0.3627029603540101       0.3206477021709425       0.2818315725543233       0.24629537322274722      0.21401902908518386      0.18492941362407356      0.15890889491872973      0.1358041594002466       0.11543491948751881      0.09760217593146464      0.0820957791184338       0.06870110935264873      0.05720476880815002      0.047399243224871206     0.03908654670040588      0.0320809066011713       0.02621057734880875      0.02131889222413411      0.01726467263256709      0.01392211616003387      0.011180280062645716     0.008942267414049685     0.007124210673087837     0.0056541333904090935    0.004470756327933497     0.003522300314822831     0.0027653253322972257    0.0021636339933474415    0.0016872579511721182    0.001311537867967299     0.001016301328524066     7.851383425277036E-4     6.047706549546916E-4     4.6450876749436383E-4    3.5578915812710534E-4    2.7178347663185497E-4    2.070713173667044E-4     1.573683782167538E-4     1.1930228273499604E-4    9.022897240788027E-5     6.808329123985568E-5     5.125812856805028E-5     3.850721767542046E-5     2.886738015922517E-5     2.1596642374481148E-5    1.6125221788322207E-5    1.2016884733041725E-5    8.938613870280881E-6     6.636897381826275E-6     4.919267791692875E-6     3.639982517968808E-6     2.688957113952112E-6     1.9832419073722744E-6    1.460479216705824E-6     1.0738968174518533E-6    7.884885553533586E-7     5.781090552646192E-7     4.2326986330834655E-7    3.094720509429484E-7     2.2594777673744678E-7    1.6471258703086245E-7    1.198530079882219E-7     8.699158655147967E-8     6.288505249318916E-8     4.512154407246156E-8     3.1890514791017144E-8    2.1804495540970876E-8    1.37556448594057E-8      6.792145701802448E-9     0
% Data
% c (mol/m^3) @ t=1100, u1=0.01, u2=0.05, u3=0.01
1                         0.9842307314803954       0.9668196353215565       0.9478888269328448       0.9276035281749474       0.9061742151106453       0.8838581905565225       0.8609604882834854       0.8378340169337455       0.8148788542595723       0.7925406062159044       0.7713077508516711       0.7517078939726374       0.734302872356826        0.7196826510924224       0.7084579746079973       0.6989890098592745       0.6892136032521636       0.6791197800695757       0.668692557419264        0.6579114201441847       0.6467456595207458       0.6351458228376182       0.6230281102052083       0.6102460173012197       0.596538968101056        0.5814395180048328       0.5641060940522151       0.5430221096408335       0.5154556231021937       0.47649044280874314      0.43044290512974903      0.3867979675111915       0.3457527865173828       0.307446350960645        0.27196179619196         0.23933014510756642      0.2095351894257519       0.1825192043779056       0.15818918833929999      0.13642333395357975      0.1170774658936705       0.09999121890657428      0.08499377439139512      0.07190902080462264      0.060560049451893895     0.05077294010141246      0.042379828435574335     0.035221278454793996     0.02914800703475419      0.024022024953802915     0.019717269330112842     0.016119807325980468     0.013127691158652864     0.010650540943970471     0.00860892571370902      0.006933605029393057     0.005564684778588019     0.004450731650814114     0.003547881963010468     0.002818972306987846     0.002232712161468192     0.0017629122772019918    0.0013877773456726567    0.0010892671745364303    8.525272447250336E-4     6.653870147527673E-4     5.17922552083262E-4      4.0207889025078563E-4    3.1134681841938055E-4    2.4048850086178677E-4    1.8530630325763555E-4    1.4244939013523247E-4    1.092529863741589E-4     8.36056117120172E-5      6.384005881595638E-5     4.8644361233826526E-5    3.6989464752864666E-5    2.807075887860665E-5     2.126103453460547E-5     1.6072804314897604E-5    1.2128250622078754E-5    9.135355072326703E-6     6.869011520910165E-6     5.156137840890565E-6     3.86398161435789E-6      2.8909658362875203E-6    2.15954624443398E-6      1.6106554672363195E-6    1.1993940536220754E-6    8.916975226185365E-7     6.617644126450753E-7     4.900751406797484E-7     3.6186718541958963E-7    2.6596025247249107E-7    1.9384692769936533E-7    1.389808509289111E-7     9.62063319764092E-8      6.128096783823438E-8     3.0446248985086427E-8    0
% Data
% c (mol/m^3) @ t=1200, u1=0.01, u2=0.05, u3=0.01
1                         0.9864666452641762       0.9715237163162299       0.9552753963974152       0.9378628321868278       0.9194660330423463       0.9003052828059929       0.8806419797917374       0.8607788209099146       0.8410592476943956       0.8218660754198763       0.8036192316562047       0.7867725376285052       0.7718094747527118       0.7592378898029677       0.7495836054332429       0.741436146538204        0.7330204785168009       0.724324372335656        0.7153320338035359       0.706021323644512        0.6963587169406869       0.6862901899787728       0.6757247853683068       0.6645050376410432       0.652353855631015        0.6387792788486737       0.6229039510565233       0.6031602077530998       0.576745517888117        0.538650973146913        0.4929453772597375       0.44896371636921395      0.40695141153676967      0.3671078645516378       0.32958591423568734      0.29449259237443504      0.26189104456853         0.23180344522098936      0.2042147113992593       0.17907680775544835      0.15631343354365726      0.1358248918290341       0.11749295849863212      0.10118559258757714      0.08676135752225014      0.07407345300278176      0.06297328744838702      0.05331354956846173      0.044950763431178924     0.03774733350729849      0.03157310408113538      0.026306470997155412     0.0218350930878369       0.01805625616117826      0.01487694461683094      0.012213675193362535     0.009992144637675837     0.008146738825540057     0.006619945593555327     0.005361707740022332     0.004328746704673195     0.0034838816489991746    0.002795363251931382     0.002236236657784031     0.001783743749089883     0.0014187712989830496    0.0011253485789478922    8.901956219892168E-4     7.023215133333909E-4     5.52670734337795E-4      4.338146495083385E-4     3.396846309018079E-4     2.6534299206691414E-4    2.0678779450958125E-4    1.6078764028557417E-4    1.247427294286372E-4     9.656870301079803E-5     7.460008152560134E-5     5.7510420420319425E-5    4.4246622186881067E-5    3.397515454918284E-5     2.6038218078634477E-5    1.991817837785232E-5     1.5208824652728065E-5    1.1592236797100185E-5    8.820237167676123E-6     6.699572105433554E-6     5.080113650733798E-6     3.8454958381661584E-6    2.9057046269005934E-6    2.1912281051359904E-6    1.648446174855799E-6     1.2359983565846101E-6    9.219162813986222E-7     6.813451803760704E-7     4.94707197560634E-7      3.4617916386394547E-7    2.2236856350418892E-7    1.110731068913649E-7     0
% Data
% c (mol/m^3) @ t=0, u1=0.01, u2=0.05, u3=0.03
1                         -4.522845772963958E-8    2.159347170152288E-15    2.429049619556694E-20    3.234029231194618E-26    3.2960419531633407E-32   3.0016600099896487E-38   2.5681431685852386E-44   2.111589465229418E-50    1.6890005337406036E-56   1.3239176014680963E-62   1.0217940586561872E-68   7.790195122817137E-75    5.880645162805661E-81    4.402910824472985E-87    3.295693406681136E-93    3.0552743200887057E-99   2.818064437061525E-105   2.587809962604057E-111   2.367154592095162E-117   2.1578734979814027E-123  1.961063587883424E-129   1.777297667289198E-135   1.6067488632151822E-141  1.449290595842719E-147   1.3045764901958124E-153  1.1721038715932007E-159  1.0512638634194466E-165  9.41380583949404E-172    8.417415038646342E-178   7.491486566808219E-184   5.970843270182978E-190   4.753232119015443E-196   3.7797382063867076E-202  3.0025083537584715E-208  2.3827813272834445E-214  1.889238525024018E-220   1.4966320270532628E-226  1.1846497525145566E-232  9.369812939499989E-239   7.405521992970536E-245   5.8489867049832865E-251  4.61658622424647E-257    3.6415867701429325E-263  2.8707990249581304E-269  2.2618793611031828E-275  1.781155664313833E-281   1.401879281566144E-287   1.1028221501591318E-293  8.671528426418548E-300   6.815374736075513E-306   5.354214911954E-312      4.10454E-318             4.9E-324                 0                        0                        0                        0                        0                        0                        0                        0                        0                        0                        0                        0                        0                        0                        0                        0                        0                        0                        0                        0                        0                        0                        0                        0                        0                        0                        0                        0                        0                        0                        0                        0                        0                        0                        0                        0                        0                        0                        0                        0                        0                        0                        0                        0                        0                        0                        0
% Data
% c (mol/m^3) @ t=100, u1=0.01, u2=0.05, u3=0.03
1                         0.8551207359717031       0.7035370975390133       0.5550797669555202       0.4187294421476339       0.30124528764571157      0.2063061691925876       0.13437092125240865      0.08324619247936133      0.049116925176812244     0.02766099218349205      0.01491325002808314      0.0077264356576265255    0.00386898875731304      0.0019017357068947945    9.773868296012323E-4     5.359932350689492E-4     2.8758479464251505E-4    1.5129389915647913E-4    7.819518055726202E-5     3.977534220531204E-5     1.9944190566533098E-5    9.872030878592882E-6     4.829866814697237E-6     2.338253819475275E-6     1.121268894989504E-6     5.330549576628623E-7     2.514196947983217E-7     1.1768571703184263E-7    5.452221170543277E-8     2.4307999412769202E-8    1.0214430206446784E-8    4.269554387526255E-9     1.7759761890445353E-9    7.354296059996799E-10    3.0327777945405464E-10   1.2458528769613755E-10   5.0996181066381183E-11   2.0804619001410937E-11   8.46115018500957E-12     3.4311039526154696E-12   1.3875624205097375E-12   5.597030067781798E-13    2.252242749001029E-13    9.042438947722482E-14    3.622631657345843E-14    1.4483778153742257E-14   5.779702771256865E-15    2.302175024033599E-15    9.154198697436534E-16    3.6340300524933004E-16   1.4403804670696868E-16   5.700571302137773E-17    2.2528989204756627E-17   8.891497377306278E-18    3.504643517650836E-18    1.3796621130514211E-18   5.424806271658225E-19    2.1305885456907246E-19   8.358700406348297E-20    3.2758236498465644E-20   1.2825151906648823E-20   5.016275980290079E-21    1.9601663930631357E-21   7.652651059944153E-22    2.9850552548649994E-22   1.1633961335850361E-22   4.530542682061941E-23    1.7629181399027582E-23   6.854640997586065E-24    2.6632914917666735E-24   1.034056703665749E-24    4.012097000013908E-25    1.5556403573845737E-25   6.027906984560334E-26    2.334274346062781E-26    9.033859556773342E-27    3.494126017856793E-27    1.3506877370690489E-27   5.218306288179201E-28    2.0149726030428274E-28   7.776428158501572E-29    2.999637847644013E-29    1.1564878551902521E-29   4.456589470354717E-30    1.7165599233787495E-30   6.608689729731219E-31    2.543178700211605E-31    9.782466884978194E-32    3.761270597619638E-32    1.445572810900864E-32    5.553527319958018E-33    2.1326794892387453E-33   8.186796829336966E-34    3.1415045116979765E-34   1.2050266445627695E-34   4.620175880829635E-35    1.7692075814350222E-35   6.71397572555209E-36     2.3303970337046403E-36   0
% Data
% c (mol/m^3) @ t=200, u1=0.01, u2=0.05, u3=0.03
1                         0.9106953411334828       0.8143191990038878       0.7140407618641029       0.6132596126583749       0.5153249643994612       0.4232576578142674       0.33951074932530817      0.2658012714713063       0.20303630167425193      0.1513415605357714       0.11018320484242622      0.0785578788365012       0.05521728422121808      0.038894391494438844     0.028508095109066708     0.021586781277112842     0.016087830084806097     0.011807710664708985     0.008540744787438815     0.0060927348728535445    0.004289935113225336     0.0029836545245582073    0.002051343455682015     0.0013952188464185593    9.394301928273474E-4     6.265732131668878E-4     4.1411333738215934E-4    2.7103863165861623E-4    1.7482790877129147E-4    1.0853952668767431E-4    6.442999482674357E-5     3.799141881797876E-5     2.2263492453420117E-5    1.2971990606175283E-5    7.518033380050859E-6     4.3356063487520265E-6    2.4888190564679475E-6    1.4225647596659995E-6    8.098636708985912E-7     4.593338101402612E-7     2.5961364248341257E-7    1.4625359113693908E-7    8.214004918695167E-8     4.599970730197678E-8     2.5691096778361087E-8    1.4312237340053356E-8    7.954156908178978E-9     4.410644170087225E-9     2.4405412129370575E-9    1.3477130572034238E-9    7.42819099474393E-10     4.0868318898205176E-10   2.2446529073865428E-10   1.230858390241746E-10    6.739048825861153E-11    3.684287181460395E-11    2.0114222297747742E-11   1.096671176940222E-11    5.9717233627366325E-12   3.2478648043634817E-12   1.764389971046529E-12    9.574398613625214E-13    5.190023015669223E-13    2.8105236624006144E-13   1.5204900138496045E-13   8.218174911539431E-14    4.437913203287419E-14    2.3944681413772315E-14   1.290864116949951E-14    6.9535532153336974E-15   3.7428349231227264E-15   2.0131417869689995E-15   1.0820301946116733E-15   5.81174637134349E-16     3.119511254251698E-16    1.6733583113688443E-16   8.970634980886293E-17    4.806159601180591E-17    2.5734897218851783E-17   1.3772222037097933E-17   7.366320774792144E-18    3.937944775823498E-18    2.104107948675965E-18    1.123705525718307E-18    5.998318566772704E-19    3.200406745987659E-19    1.706810599821992E-19    9.098621624848148E-20    4.8482094592072086E-20   2.5823064349563612E-20   1.3748637220182038E-20   7.317137220836336E-21    3.892729438726591E-21    2.0700900117330026E-21   1.1002231295535354E-21   5.839590935386042E-22    3.082672123726785E-22    1.5847853088348968E-22   7.017261867965189E-23    0
% Data
% c (mol/m^3) @ t=300, u1=0.01, u2=0.05, u3=0.03
1                         0.9345764333217409       0.863236528568647        0.7874982727867914       0.7090843734830564       0.6298265429942782       0.5515619308858715       0.47603157501704435      0.4047910029041373       0.3391422750718651       0.28009489068539106      0.22836027446444102      0.18438134053511723      0.14839525435129433      0.12052436631785618      0.10088769581438334      0.08609506771292193      0.07267812269290591      0.06068001456962472      0.050103812974582225     0.040914681251207986     0.033044690497897065     0.02639951671963905      0.020866117301469114     0.016320489813431486     0.012634733268364725     0.009682779892237797     0.007344231344394981     0.005505539073256967     0.0040569760702472086    0.0028817342740638623    0.0019690969410104202    0.0013333384486692945    8.950840814416994E-4     5.95961901081332E-4      3.93710134977206E-4      2.581674753890086E-4     1.6809240748001225E-4    1.087083174940335E-4     6.985283168043179E-5     4.461106756483096E-5     2.832448789556725E-5     1.788376402499018E-5     1.12316410422167E-5      7.018086794688001E-6     4.363987216381779E-6     2.7010331030182827E-6    1.6643527197568403E-6    1.0212035902696796E-6    6.240346659117437E-7     3.798465329060171E-7     2.3034581430231596E-7    1.3918456332109213E-7    8.381133534412683E-8     5.030074755939334E-8     3.00927622759207E-8      1.7948106552545648E-8    1.067319628494991E-8     6.329033052235437E-9     3.742765090473997E-9     2.2075125502591383E-9    1.2987038746193169E-9    7.621709177689956E-10    4.462384099812226E-10    2.6066885860795934E-10   1.519331680398941E-10    8.836684019550721E-11    5.128967084559094E-11    2.971005938493835E-11    1.7176631519857915E-11   9.911969438332088E-12    5.709457103428318E-12    3.2829698673628074E-12   1.8845144306545604E-12   1.0799777265079728E-12   6.179228011758242E-13    3.5300281825754276E-13   2.0135677546365634E-13   1.146878044002314E-13    6.52302701961315E-14     3.704924609661817E-14    2.1014761097000575E-14   1.1904205033126023E-14   6.734766680643251E-15    3.8054471360251856E-15   2.147652548270924E-15    1.2106293929424135E-15   6.816484260577743E-16    3.833755118255958E-16    2.1538488462555166E-16   1.2087729313476247E-16   6.776789704470598E-17    3.7954472521988186E-17   2.1235732835757267E-17   1.1869287223165956E-17   6.6258574697865405E-18   3.690261202027642E-18    2.040331311709623E-18    1.0935921811888177E-18   4.995188641707837E-19    0
% Data
% c (mol/m^3) @ t=400, u1=0.01, u2=0.05, u3=0.03
1                         0.9486669007698656       0.8923834537259698       0.8319952864650517       0.7685055034701326       0.7030380572237445       0.6367954763431887       0.5710144539297871       0.506923208899562        0.44570461434600694      0.3884688057964737       0.3362383303338879       0.2899478955840903       0.2504594772272312       0.2185920289869502       0.19516342545232163      0.17652772668071676      0.15856393824121862      0.1414025625380619       0.12516223549892133      0.10994451969938362      0.09582951692660852      0.08287267559607439      0.07110298761957436      0.06052251121628076      0.05110680202580944      0.04280530305103834      0.035539818515528156     0.029197390624738334     0.02361018009052145      0.018507195893514263     0.014070579379937356     0.010611923649080085     0.007942386239954745     0.005901253537785403     0.004354440037548396     0.0031920490488259947    0.0023254442834351697    0.0016841722878954575    0.0012129731439577507    8.69029450662863E-4      6.195345748710098E-4     4.3961040344999975E-4    3.10570260151996E-4      2.1850126524938502E-4    1.5312904198273703E-4    1.0692340100283072E-4    7.440403309998334E-5     5.160842604925951E-5     3.5688821786731466E-5    2.4610111246896626E-5    1.6925536839794377E-5    1.1611602606936733E-5    7.947522904367523E-6     5.427830942720176E-6     3.699446930564214E-6     2.5166369070489843E-6    1.7089576594329652E-6    1.1585620728336018E-6    7.842085750626544E-7     5.30044152664861E-7      3.5776812726222286E-7    2.411784790498521E-7     1.6238962838677027E-7    1.0921791808947427E-7    7.337972249601491E-8     4.9253068969016603E-8    3.302874106045349E-8     2.2129761663933488E-8    1.4815289545151858E-8    9.910903739100496E-9     6.625299760428065E-9     4.425934345618673E-9     2.9548008454085128E-9    1.9714723006007523E-9    1.3146393088242318E-9    8.761716657689421E-10    5.836475363609122E-10    3.8859953013338164E-10   2.586154800750052E-10    1.720351137736643E-10    1.1439288659477541E-10   7.603413949131108E-11    5.05188799940926E-11     3.3553781966216466E-11   2.2278125867041544E-11   1.4786708151870045E-11   9.811283914861787E-12    6.507992492741582E-12    4.315586942978926E-12    2.860934960910974E-12    1.896060556839357E-12    1.2562174780353968E-12   8.319768696535719E-13    5.506431691037817E-13    3.638649186213515E-13    2.393337851341759E-13    1.5512889495595121E-13   9.566117480264322E-14    4.8341105334713305E-14   0
% Data
% c (mol/m^3) @ t=500, u1=0.01, u2=0.05, u3=0.03
1                         0.9581436828065241       0.9121069898641782       0.8624164227264408       0.8097218477426427       0.7547830792569838       0.6984529640873027       0.6416582993676141       0.5853801603676203       0.5306353346670334       0.47846052632113206      0.42990079058816016      0.386003282074968        0.3478168590394059       0.3163974148098621       0.2928180531438549       0.2735439333583547       0.2543751879226044       0.23541613410680554      0.21677635397706416      0.19856773902349203      0.18090099460666945      0.16388169704921224      0.14760592750381743      0.13215529412437788      0.11759067347414184      0.10394301457228362      0.09119758434092942      0.07926416518864149      0.06791813264384491      0.056682535537223286     0.046141029889066945     0.03727661154123642      0.029894913537388153     0.023805281511236162     0.0188264990169379       0.014790804023262943     0.011546372095392636     0.008958505565105954     0.006909793820480086     0.005299506616929283     0.0040424592262910146    0.0030675536030796845    0.0023161602973209242    0.0017404665377390798    0.001301880002303013     9.695470971700903E-4     7.190197808317627E-4     5.310860216515865E-4     3.9076530444365253E-4    2.864613958325475E-4     2.0925894943623485E-4    1.523476231603914E-4     1.1055643209688295E-4    7.998143890980255E-5     5.769108949440977E-5     4.149515953123285E-5     2.9765118989809234E-5    2.1295565744961487E-5    1.5198113139172428E-5    1.0820676629540916E-5    7.686464059944408E-6     5.4481286723620534E-6    3.853504446968764E-6     2.7201286172534453E-6    1.916388753058541E-6     1.3476348111967645E-6    9.459920337132413E-7     6.629183883068852E-7     4.637876639525836E-7     3.2396096102975504E-7    2.259472272203042E-7     1.5735749699594422E-7    1.094354387994009E-7     7.600489273589449E-8     5.2718125523870634E-8    3.6520272339338994E-8    2.5268735893952198E-8    1.746334305527232E-8     1.2055455894522747E-8    8.313223697693332E-9     5.7266583434466046E-9    3.940893626273441E-9     2.7093475987676787E-9    1.860910923207833E-9     1.2770000416629157E-9    8.755353991867741E-10    5.997722489367786E-10    4.105259324372381E-10    2.807677345882534E-10    1.9187362351347912E-10   1.3102367468263128E-10   8.940130140588753E-11    6.094742193897094E-11    4.149870584050342E-11    2.8190379909695233E-11   1.9039107130147145E-11   1.2644233464823037E-11   7.958175063519489E-12    4.078388874026155E-12    0
% Data
% c (mol/m^3) @ t=600, u1=0.01, u2=0.05, u3=0.03
1                         0.9650663727592359       0.9265770244162598       0.884895360052409        0.8404845332332517       0.7939035133796962       0.7458009545698897       0.6969073671238987       0.6480262085216904       0.600024571570533        0.5538241425657067       0.5103930224198596       0.47073884750417627      0.4359034196930522       0.4069587700932151       0.38500425899662943      0.3667963802799721       0.3483791904233486       0.3298113089305863       0.3111594168578216       0.292497577761114        0.273905942747227        0.25546860802583465      0.23727021262276426      0.21939048288220422      0.20189515539427294      0.18482017572551512      0.16814309024718005      0.15172983675443694      0.1352342991505309       0.11790757453816891      0.10072695302399136      0.08545763973805286      0.07201210081956146      0.0602786806543801       0.05012853431583785      0.04142215842689363      0.03401524083049394      0.027763649803791233     0.022527476012849424     0.01817411854238479      0.014580466825155975     0.011634272440731603     0.00923482981515421      0.007293095347169224     0.0057313735477354565    0.004482689654427346     0.003489953873409565     0.002705005452217645     0.00208760718584524      0.0016044441358689784    0.0012281652195801837    9.36493403164101E-4      7.114196840908061E-4     5.384878156091334E-4     4.061706040425556E-4     3.053343089580936E-4     2.2878487735827172E-4    1.7088813001892998E-4    1.2725530161844447E-4    9.448526569797634E-5     6.995514341472288E-5     5.165163703144088E-5     3.803621989538602E-5     2.7938162997644644E-5    2.04702207861551E-5      1.4962594659425136E-5    1.091151735389334E-5     7.939443517899967E-6     5.764388079811127E-6     4.1764272478662096E-6    3.0197733116987756E-6    2.1791619073943085E-6    1.569557838523635E-6     1.1284016496422077E-6    8.097921394814748E-7     5.801373035931045E-7     4.1491432888763026E-7    2.9626381714252437E-7    2.1120909880479306E-7    1.50342213719935E-7      1.0685707185760855E-7    7.584004273391677E-8     5.3750819114904064E-8    3.804349295754688E-8     2.6890653881130547E-8    1.8982974776902745E-8    1.3383961769651088E-8    9.424914298337417E-9     6.6291230061784185E-9    4.657276582722458E-9     3.2682172497887125E-9    2.2907766233180883E-9    1.6035874808000774E-9    1.1206120229071883E-9    7.807323739244673E-10    5.401673175349932E-10    3.667386689636118E-10    2.3510938813624586E-10   1.2200662579315284E-10   0
% Data
% c (mol/m^3) @ t=700, u1=0.01, u2=0.05, u3=0.03
1                         0.9704613541612663       0.9378846413881131       0.9025412428333354       0.8647852528415808       0.825053524911913        0.7838642188990819       0.7418139981003542       0.699574077111966        0.6578853501892138       0.6175528300648571       0.5794395956358356       0.5444603831696024       0.5135748623537185       0.4877805215252932       0.46810495483538916      0.4516591917830257       0.43486997790919735      0.41776269371776914      0.4003683932309133       0.3827238051473227       0.3648708244864906       0.3468551115738963       0.3287231094734586       0.3105162149431071       0.29225975366429163      0.27394237794041665      0.2554777161338282       0.23663308096971036      0.21689710173881258      0.19523441547004172      0.1728480717314385       0.15210321719668196      0.1330411762716072       0.11567054631808872      0.09997011083986988      0.08589257192589533      0.07336881476394977      0.062312425727310786     0.05262421291504636      0.0441965184706049       0.03691715975058808      0.03067288621184119      0.02535228641966637      0.02084812170491656      0.017059097759423377     0.01389111199120808      0.011258032788549812     0.009082077647184236     0.007293861499619939     0.005832185860464711     0.004643634915530592     0.00368203769795831      0.002907847108751693     0.0022874776429923664    0.0017926349517368493    0.0013996622742611065    0.0010889216084719988    8.442213953560017E-4     6.522975105666376E-4     5.023504369515063E-4     3.856385383428311E-4     2.951252406682765E-4     2.2517651346124105E-4    1.7130419664188404E-4    1.2995030729656026E-4    9.830737713879313E-5     7.417001841571118E-5     5.5813216577205194E-5    4.1893240766216744E-5    3.13675014821025E-5      2.3430134535030246E-5    1.746052793491841E-5     1.2982418200547365E-5    9.631555666526761E-6     7.130270383883699E-6     5.267560216069565E-6     3.883572084717764E-6     2.857558827355762E-6     2.0985714155369607E-6    1.5382933227687824E-6    1.1255446366413621E-6    8.22081911339869E-7      5.993992841528887E-7     4.363001917178668E-7     3.170598844237661E-7     2.3003922862189868E-7    1.666420196094516E-7     1.2053288633957225E-7    8.705224120866999E-8     6.277975065177947E-8     4.5209392703643455E-8    3.2508059338979903E-8    2.3336429465676654E-8    1.6715918965312012E-8    1.1929211159629895E-8    8.444344332786735E-9     5.853552050667918E-9     3.817687505453014E-9     2.004257595874506E-9     0
% Data
% c (mol/m^3) @ t=800, u1=0.01, u2=0.05, u3=0.03
1                         0.9748422690954516       0.947082119328105        0.9169336477693956       0.8846806155323177       0.8506780794416883       0.8153529164230656       0.7792032377265974       0.7427967142389679       0.7067678487195079       0.6718142336248559       0.6386918230210932       0.6082092238850444       0.5812209771957075       0.558619755373239        0.5413273539785308       0.5268117928446915       0.5119173745896581       0.49665054430317856      0.48102065059591664      0.4650398373318643       0.4487224176386753       0.43208326640555506      0.4151343850361834       0.39787809249666606      0.3802940180371674       0.36231473978372275      0.3437806758024912       0.32435715607020577      0.3033827374729536       0.2795928630704294       0.25423588477321574      0.22998324853650343      0.2069595818521322       0.18526473657784848      0.1649726690140035       0.14613129236856195      0.12876323152026337      0.11286736631962875      0.09842101828316015      0.08538261736277754      0.07369468012023         0.063286936649766        0.05407945877741959      0.04598566383398736      0.038915093988850104     0.03277589826710094      0.02747697084820463      0.022929723433825447     0.019049490262030212     0.015756581112534522     0.012977010199394587     0.010642937332400045     0.00869286254277852      0.007071617064580292     0.005730192766543214     0.004625449475304995     0.0037197357145939912    0.0029804537296365626    0.0023795947052708127    0.001893265159000366     0.0015012208435428633    0.0011864202917492895    9.346064743466593E-4     7.339219557336464E-4     5.745604203971385E-4     4.484554677705237E-4     3.490060827042302E-4     2.7083711801559535E-4    2.09592407169727E-4      1.6175769280580532E-4    1.2451034913962694E-4    9.559283860512995E-5     7.320692855333094E-5     5.5925863449712334E-5    4.262191043461065E-5     3.240694687875698E-5     2.4584019265098862E-5    1.86080600557915E-5      1.4054194045217636E-5    1.05922922717151E-5      7.966636645263658E-6     5.9797407415341745E-6    4.479531779704888E-6     3.349236638724326E-6     2.499432458442967E-6     1.861821829044155E-6     1.3843758395256182E-6    1.0275573761379864E-6    7.613939810954166E-7     5.63216088849569E-7      4.159141402638408E-7     3.0659828932988846E-7    2.2556824393782597E-7    1.655189586367726E-7     1.209206771298645E-7     8.751869899088697E-8     6.189740623982212E-8     4.104035128679927E-8     2.1784987435663434E-8    0
% Data
% c (mol/m^3) @ t=900, u1=0.01, u2=0.05, u3=0.03
1                         0.9784867266269445       0.954740993399204        0.9289378513731663       0.9013115533478129       0.8721576980877849       0.8418345067891019       0.8107631685196245       0.7794272027370649       0.748370795050869        0.7181960662387536       0.6895592336813247       0.6631656189138615       0.6397634456083752       0.6201363603344228       0.6050945958669568       0.5924386147312575       0.5794155323206732       0.5660223636257178       0.5522570834397196       0.5381182348377718       0.5236039551032622       0.5087099069028201       0.49342518465802426      0.477724512739623        0.4615536969272387       0.44480285823413046      0.42725762268307793      0.4085106594761891       0.38780209054148856      0.3637326269175462       0.3374766814686322       0.31175593113315164      0.2867219075564117       0.26251438956862005      0.2392585321010987       0.21706253542788606      0.19601592892711367      0.1761885087941095       0.15762993408134454      0.14036995263325364      0.12441920005837805      0.10977049239701568      0.0964005175087638       0.0842718216794922       0.07333498620585965      0.06353089296269564      0.05479298707214182      0.04704945747210225      0.04022527108321569      0.03424401213106827      0.0290294938876119       0.024507124762166144     0.02060502364734392      0.01725489029703982      0.014392645088859672     0.011958858793400874     0.009898997073238845     0.008163506603109726     0.0067077702397511565    0.0054919579029888       0.00448079808633376      0.003643292501601724     0.0029523935484483746    0.0023846613134197005    0.0019199138250554886    0.0015408814574120473    0.0012328737782079059    9.834648376598704E-4     7.822009181276004E-4     6.203331176342521E-4     4.905758095130852E-4     3.8689098122953E-4       3.042976758865015E-4     2.3870520446377306E-4    1.8676842914745306E-4    1.4576320318244128E-4    1.1347995827005742E-4    8.813342794417503E-5     6.82865598642687E-5      5.278678085995543E-5     4.071291899950528E-5     3.133124361454949E-5     2.4059246893794534E-5    1.8435951830144557E-5    1.4097685661086848E-5    1.0758401971446974E-5    8.19376622912213E-6      6.228337658782283E-6     4.7252847421980645E-6    3.57816246189984E-6      2.7043570817953825E-6    2.0398690980575738E-6    1.5351568197142272E-6    1.1518005612087483E-6    8.597671721081238E-7     6.350489867359064E-7     4.57404931022286E-7      3.0781478609384484E-7    1.6501402807408475E-7    0
% Data
% c (mol/m^3) @ t=1000, u1=0.01, u2=0.05, u3=0.03
1                         0.9815623834256794       0.9612081526275588       0.9390835444943701       0.9153853575425157       0.8903631418243964       0.864320682525299        0.8376166945165487       0.8106646505259713       0.7839316704204883       0.7579364030383999       0.73324583492644         0.7104709623409786       0.6902612643544571       0.6732979165470918       0.6602856875137143       0.6493230335555971       0.6380244671119643       0.6263828693496307       0.6143909399949865       0.6020405796197178       0.5893216353665323       0.5762194776539619       0.5627104511749272       0.5487534868583351       0.5342748146892705       0.5191403247885529       0.5031058818188544       0.4857283885132657       0.4662071241004382       0.4431014697923193       0.41745680936032287      0.39187661811788665      0.3665010695417382       0.3414691598878057       0.3169159252350855       0.29296976576006756      0.2697499749981758       0.24736456123347292      0.2259084329363516       0.20546200147751298      0.18609023354064896      0.16784216417963352      0.1507508607200305       0.1348338089321789       0.12009367709836281      0.1065194014482285       0.09408752830528493      0.08276374421600168      0.07250452508429604      0.06325883844680566      0.05496983888025044      0.047576504426218774     0.04101517112372744      0.035220932562406944     0.03012888119217382      0.025675177437213204     0.02179794107209487      0.018437966558750105     0.01553926996482832      0.013049479639951605     0.01092008605503748      0.009106568214522425     0.007568414980059319     0.0062690596712035905    0.005175745617819088     0.004259339111461633     0.0034941046071231214    0.0028574552114165558    0.0023296895844582563    0.001893724481784663     0.001534830347002037     0.0012403756905827491    9.995844906834403E-4     8.033095468590378E-4     6.438236124987571E-4     5.146292218905366E-4     4.1028740083130306E-4    3.262648885797627E-4     2.587990838630826E-4     2.0477963766903364E-4    1.6164542992789057E-4    1.2729556625088904E-4    1.0001299667479351E-4    7.839937493478695E-5     6.131983039974712E-5     4.785640386425358E-5     3.726899332583513E-5     2.8962758879741848E-5    2.2461040557539248E-5    1.738294389339629E-5     1.3424840074466454E-5    1.0345104813146767E-5    7.951474204159938E-6     6.090413038901275E-6     4.637846976652764E-6     3.4904602473419127E-6    2.556423765269786E-6     1.7437452160515248E-6    9.431490455498084E-7     0
% Data
% c (mol/m^3) @ t=1100, u1=0.01, u2=0.05, u3=0.03
1                         0.9841825233024534       0.966719192770325        0.9477336299878332       0.9273927467324679       0.9059087937036983       0.8835408214959131       0.8605954691275666       0.8374269979507133       0.814436491887223        0.7920701486049644       0.7708165904776133       0.7512031290879445       0.7337909228757549       0.7191689746566887       0.7079469246161483       0.6984853617742243       0.6887248731196859       0.6786568790975227       0.6682720115595879       0.657559366900997        0.6465051018508605       0.6350898440179438       0.6232839778765065       0.6110391390121168       0.5982729638528947       0.5848418748749378       0.5704926884568945       0.5547768100224943       0.5368984449163856       0.5154466074809527       0.4913248858750216       0.4669311680228292       0.4423775459775042       0.4177811459614515       0.3932621613190686       0.3689417552148918       0.3449399003486463       0.32137322679322916      0.29835294933872586      0.2759829424010957       0.25435802383877804      0.2335624993605423       0.21366900724475618      0.1947376896025343       0.17681570225312826      0.15993706128697918      0.14412281135153945      0.12938148926834075      0.11570984727832022      0.10309379333633056      0.09150950156981025      0.08092464424145399      0.07129969712204315      0.06258927278046426      0.05474344054598238      0.04770899736271322      0.04143065999958218      0.035852155684152336     0.030917194823626683     0.026570315749771624     0.022757597134502257     0.019427238699099562     0.016530014980848065     0.014019610186333993     0.011852844562859097     0.009989804311617554     0.008393887931462275     0.007031782122308262     0.005873380104016282     0.004891654532941064     0.004062496232314297     0.003364528792902387     0.002778907833131804     0.002289112405297422     0.0018807347543255558    0.0015412734216807432    0.0012599335704052347    0.001027437407721415     8.358467093652133E-4     6.783987074198196E-4     5.493559875152543E-4     4.4387054414853506E-4    3.5786175392447375E-4    2.879077333063265E-4     2.3114933671638483E-4    1.8520590902277066E-4    1.4810182018700489E-4    1.182027658475419E-4     9.416080229218351E-5     7.486708266269651E-5     5.9411254883871236E-5    4.7046444901843214E-5    3.7158641235404746E-5    2.92390518048617E-5      2.2857506076768126E-5    1.76340216480338E-5      1.3203884478559578E-5    9.168366483361058E-6     5.017386993120662E-6     0
% Data
% c (mol/m^3) @ t=1200, u1=0.01, u2=0.05, u3=0.03
1                         0.9864308031149521       0.9714488370735365       0.9551591755824299       0.9377039830770545       0.9192643625719974       0.9000617090088945       0.8803584881848714       0.8604583623716661       0.8407055858616718       0.8214835969637942       0.8032127375069814       0.7863470368130332       0.77137000452845         0.7587893858475246       0.7491308437334916       0.7409836277560771       0.7325740520148647       0.7238933154849345       0.7149315306721364       0.7056769250619764       0.6961143945470807       0.6862229032226348       0.675970836655175        0.6653077347174275       0.6541496340932231       0.6423531526002393       0.6296697712138173       0.6156653339760032       0.5995785296487018       0.5800724473888188       0.5579171278524254       0.5352729139022265       0.5122212514885539       0.4888513837156012       0.4652592226638353       0.4415460090596224       0.4178167931426715       0.3941787785500767       0.370739577758083        0.34760543215405804      0.32487945184718114      0.3026599297299726       0.28103878111512764      0.26010015470731374      0.23991925309405338      0.22056139183892495      0.20208131619644534      0.1845227840344997       0.16791841332607813      0.1522897830816745       0.13764776827426212      0.12399308248839831      0.111316996911489        0.09960220096532034      0.08882376832391604      0.07895019215715014      0.06994445497968724      0.061765101219907366     0.05436728427172206      0.04770376406349157      0.04172583579281941      0.036384175179165874     0.03162959015902909      0.027413673214031375     0.02368935234841088      0.020411342030871506     0.01753649813888014      0.015024083079284815     0.012835948824938695     0.01093664664298884      0.009293472852955707     0.007876460108095227     0.006658323512921263     0.005614370444540178     0.004722382303729969     0.003962475645805811     0.003316949286106054     0.002770123086886341     0.002308173249355142     0.0019189680859147834    0.0015919074549125198    0.0013177683177938127    0.001088558234718882     8.973780523458106E-4     7.382945548731202E-4     6.062234406681774E-4     4.968226417649946E-4     4.063957070319054E-4     3.3180469954741457E-4    2.7039178085104163E-4    2.199083158963747E-4     1.7844984541393977E-4    1.4439449028085915E-4    1.1634102478109255E-4    9.304055036074499E-5     7.331167094500763E-5     5.592201908973276E-5     3.940666322624142E-5     2.1772451862054373E-5    0
% Data
% c (mol/m^3) @ t=0, u1=0.01, u2=0.05, u3=0.05
1                         -4.522845772963958E-8    2.159347170152288E-15    2.429049619556694E-20    3.234029231194618E-26    3.2960419531633407E-32   3.0016600099896487E-38   2.5681431685852386E-44   2.111589465229418E-50    1.6890005337406036E-56   1.3239176014680963E-62   1.0217940586561872E-68   7.790195122817137E-75    5.880645162805661E-81    4.402910824472985E-87    3.295693406681136E-93    3.0552743200887057E-99   2.818064437061525E-105   2.587809962604057E-111   2.367154592095162E-117   2.1578734979814027E-123  1.961063587883424E-129   1.777297667289198E-135   1.6067488632151822E-141  1.449290595842719E-147   1.3045764901958124E-153  1.1721038715932007E-159  1.0512638634194465E-165  9.413805839494039E-172   8.417415038646355E-178   7.516206637086967E-184   6.7029614902304625E-190  5.970629703808321E-196   5.31242287633017E-202    4.72187745402428E-208    4.192895443163749E-214   3.719767547242715E-220   3.2971828256139405E-226  2.9202281712894013E-232  2.5843802495770786E-238  2.2854920018245816E-244  2.019775379451589E-250   1.7837816157478433E-256  1.574380052441366E-262   1.3887363030405535E-268  1.2242903456112198E-274  1.0787349858141714E-280  9.499950099407426E-287   8.362072517267915E-293   7.357017212532387E-299   6.469838854195658E-305   5.687181442398E-311      4.9975106E-317           1.5E-323                 0                        0                        0                        0                        0                        0                        0                        0                        0                        0                        0                        0                        0                        0                        0                        0                        0                        0                        0                        0                        0                        0                        0                        0                        0                        0                        0                        0                        0                        0                        0                        0                        0                        0                        0                        0                        0                        0                        0                        0                        0                        0                        0                        0                        0                        0                        0
% Data
% c (mol/m^3) @ t=100, u1=0.01, u2=0.05, u3=0.05
1                         0.8551207359717031       0.7035370975390133       0.5550797669555202       0.4187294421476339       0.30124528764571157      0.2063061691925876       0.13437092125240865      0.08324619247936133      0.049116925176812244     0.02766099218349205      0.01491325002808314      0.0077264356576265255    0.0038689887573130416    0.0019017357068947952    9.773868296012334E-4     5.359932350689535E-4     2.8758479464253153E-4    1.5129389915654587E-4    7.819518055753162E-5     3.977534220639839E-5     1.9944190570899435E-5    9.872030896094666E-6     4.829866884647817E-6     2.3382540981889623E-6    1.12127000183936E-6      5.330593377034834E-7     2.514369615657612E-7     1.1775350604433331E-7    5.478717186137725E-8     2.5338661420690283E-8    1.1654712490239224E-8    5.33363184212659E-9      2.429508603844617E-9     1.1018956863531488E-9    4.977672568838487E-10    2.2402653283610087E-10   1.0047807547832892E-10   4.4920300608719463E-11   2.0021879669424485E-11   8.898993402671175E-12    3.9448123060983274E-12   1.744336216237474E-12    7.695122303650886E-13    3.387194596131987E-13    1.4878431907086097E-13   6.522520252510148E-14    2.854039842557563E-14    1.2466156526897772E-14   5.43590171938033E-15     2.366534360809706E-15    1.0287015816757765E-15   4.465110788289721E-16    1.9353970170033948E-16   8.377795016393508E-17    3.621898785484229E-17    1.563915493203891E-17    6.745010801044129E-18    2.905795592750197E-18    1.2504891259376274E-18   5.375829447953291E-19    2.308760827058545E-19    9.905959022485118E-20    4.2463280264914373E-20   1.8186304416549548E-20   7.782210405772466E-21    3.3273772648468266E-21   1.4215232894583584E-21   6.068347435328483E-22    2.58858541636139E-22     1.1034196122156907E-22   4.7001861122345294E-23   2.0007605256358996E-23   8.511183582760636E-24    3.6183308146216266E-24   1.537298930759308E-24    6.527517229754624E-25    2.7700329310106063E-25   1.174833354866333E-25    4.979995519596616E-26    2.1098404211644806E-26   8.933971979086412E-27    3.781115749052725E-27    1.599490292431171E-27    6.762933272520218E-28    2.8581554153191113E-28   1.2073661604637887E-28   5.097996796511447E-29    2.1516533619879747E-29   9.077407975743028E-30    3.828006300859871E-30    1.6136485502550905E-30   6.799467481679964E-31    2.8640094019748093E-31   1.2058994761925066E-31   5.075578994674204E-32    2.1353594662463734E-32   8.973516140041462E-33    3.739659829289442E-33    1.4302976658459517E-33   0
% Data
% c (mol/m^3) @ t=200, u1=0.01, u2=0.05, u3=0.05
1                         0.9106953411334828       0.8143191990038878       0.714040761864103        0.613259612658375        0.5153249643994614       0.42325765781426794      0.3395107493253096       0.2658012714713095       0.2030363016742593       0.15134156053578796      0.11018320484246343      0.07855787883658451      0.055217284221404345     0.03889439149485426      0.028508095109990955     0.02158678127944818      0.01608783009143405      0.011807710683988034     0.008540744843680385     0.006092735036628951     0.004289935588747217     0.002983655900655222     0.002051347423656465     0.0013952302441840995    9.394627978966075E-4     6.266660754544311E-4     4.14376573966694E-4      2.717810659797632E-4     1.7691055098353168E-4    1.1434774205193633E-4    7.342658637776167E-5     4.6862777620299756E-5    2.9739524597156233E-5    1.8773267684038795E-5    1.179237301223579E-5     7.373295399483494E-6     4.590432481809509E-6     2.846421850129858E-6     1.758373985461341E-6     1.082414091783645E-6     6.641124994311378E-7     4.062041279090448E-7     2.477325770613786E-7     1.506723095803736E-7     9.140396429537363E-8     5.531493156044087E-8     3.3398364375725024E-8    2.0121891960333667E-8    1.2098304872791786E-8    7.260055636637825E-9     4.348698727816511E-9     2.6003019099528617E-9    1.552285481648076E-9     9.252060281019958E-10    5.506271430848153E-10    3.2723529407298327E-10   1.9421154442416246E-10   1.1511435186242293E-10   6.814733060540557E-11    4.029554129636007E-11    2.3799961778669683E-11   1.4041956887271181E-11   8.276197613598738E-12    4.8730904694945044E-12   2.866592670343861E-12    1.6847360498337774E-12   9.89276455625476E-13     5.804142731059877E-13    3.402569311243175E-13    1.9931385741117128E-13   1.1666539517593317E-13   6.82389674877615E-14     3.988594051731489E-14    2.329779555327861E-14    1.3599642604121137E-14   7.93354713264516E-15     4.625340060830743E-15    2.6950383478330133E-15   1.5694211698439556E-15   9.134298742280463E-16    5.313486385332583E-16    3.089297662811364E-16    1.7952403794282056E-16   1.0427367291601556E-16   6.053718225440569E-17    3.5129436947991574E-17   2.0376395578037908E-17   1.1813979603897413E-17   6.846727000302103E-18    3.966365980686564E-18    2.296837740418953E-18    1.3295354142589664E-18   7.693149660810196E-19    4.449769333003725E-19    2.572473200263817E-19    1.4854689751675724E-19   8.537858198186378E-20    4.790905963294865E-20    2.3310728254676005E-20   0
% Data
% c (mol/m^3) @ t=300, u1=0.01, u2=0.05, u3=0.05
1                         0.934576433321746        0.8632365285686606       0.7874982727868214       0.7090843734831199       0.6298265429944108       0.5515619308861461       0.4760315750176111       0.4047910029053024       0.3391422750742515       0.28009489069026094      0.22836027447433963      0.18438134055515573      0.14839525439168677      0.12052436639891424      0.10088769597628813      0.08609506807557563      0.0726781236075002       0.06068001694801693      0.05010381918638749      0.0409146974308892       0.03304473244407779      0.026399624886708523     0.02086639464851901      0.016321196706162982     0.012636523725666638     0.009687285263583624     0.00735549097323698      0.005533478002348242     0.004125785458005022     0.003049882751664202     0.0022360076936372647    0.001626375594173534     0.0011739962346134043    8.412946245451606E-4     5.986846490113998E-4     4.231995195692291E-4     2.972438085633937E-4     2.0750073576440893E-4    1.440055200291493E-4     9.938017790908437E-5     6.821580528825639E-5     4.658364564683127E-5     3.1654761416580874E-5    2.1408736776699945E-5    1.4413664035336944E-5    9.662062046672623E-6     6.449915484597129E-6     4.288445250711722E-6     2.8403809123982547E-6    1.874346743880833E-6     1.2324871669142356E-6    8.076689196807464E-7     5.275447003852917E-7     3.434897148883378E-7     2.229707061064798E-7     1.443145143740207E-7     9.314220821121954E-8     5.995167558290348E-8     3.8487195509123935E-8    2.46451370073749E-8      1.5742882447130362E-8    1.0032555235898593E-8    6.378928480229752E-9     4.0469307105070376E-9    2.5619884603517465E-9    1.6185720062341926E-9    1.02051428775201E-9      6.421934218988837E-10    4.0336536725080467E-10   2.5289632119053435E-10   1.5827840008693798E-10   9.889152946357349E-11    6.168462659896643E-11    3.8414605475705633E-11   2.3885686235394637E-11   1.4829293839196643E-11   9.193128489809236E-12    5.690943412510975E-12    3.5180381153453134E-12   2.1718445402918618E-12   1.3390130143944026E-12   8.244874801129169E-13    5.070389162823451E-13    3.1143734440404265E-13   1.9106710567765615E-13   1.1708470915840756E-13   7.166814344409323E-14    4.382037425134476E-14    2.67646620620584E-14     1.6330314894881992E-14   9.953717682041746E-15    6.0609956926514195E-15   3.687036805572003E-15    2.2406787246279714E-15   1.3601324111747123E-15   8.239612820597568E-16    4.959931310108036E-16    2.9026284608952897E-16   1.4577821190010819E-16   0
% Data
% c (mol/m^3) @ t=400, u1=0.01, u2=0.05, u3=0.05
1                         0.9486621448626393       0.8923738456286076       0.8319812061403463       0.7684878083202191       0.7030180272873982       0.6367747064683015       0.5709947035502339       0.5069062266486836       0.4456919589981664       0.38846168595043995      0.3362374824144578       0.2899535134786846       0.2504711983322108       0.21860897240440402      0.19518427062773677      0.17655154430861356      0.1585902855454369       0.14143078593334274      0.12519151262934425      0.10997394430771319      0.09585824477943836      0.08290017592063123      0.07112950895650585      0.06055001771578433      0.05114096182883585      0.04285982094377195      0.03564594219579573      0.029424719728852244     0.024111933424991443     0.01961792280236016      0.015851346223721953     0.012722359936619554     0.010145133335367111     0.008039687279824239     0.006333096440488218     0.004960133082541555     0.0038634496594636444    0.002993403847189652     0.0023076256887888343    0.0017704158267274124    0.0013520494438082544    0.0010280449442567183    7.784413186851122E-4     5.871146461497348E-4     4.4115286033661103E-4    3.302989163777684E-4     2.464657429358092E-4     1.8332159438381795E-4    1.359412979548879E-4     1.005170722983437E-4     7.412175038074467E-5     5.45170871725792E-5      4.000013826020059E-5     2.9281278002422264E-5    2.1388150458240538E-5    1.5590618106710344E-5    1.1342529366428528E-5    8.236827600586163E-6     5.9711511083099715E-6    4.321617518954891E-6     3.122947240535424E-6     2.2534644215563864E-6    1.6238282422713961E-6    1.168601356450924E-6     8.39965142817638E-7      6.0305173743627E-7       4.3248836422649145E-7    3.09846998154026E-7      2.2176758629668815E-7    1.58580643048251E-7      1.1329888093520766E-7    8.088073541175607E-8     5.7693650388954096E-8    4.1123744183287735E-8    2.9292478201220404E-8    2.0851365522914867E-8    1.4833475001131938E-8    1.0546187612900126E-8    7.493859882339604E-9     5.322131671920853E-9     3.777872983128185E-9     2.680413426334781E-9     1.900899894100101E-9     1.3475020842415683E-9    9.548199922821567E-10    6.763071732970152E-10    4.788560404598452E-10    3.38931539250602E-10     2.398126274081094E-10    1.6962560904076667E-10   1.199429618826127E-10    8.478559705367824E-11    5.991251400676457E-11    4.2314535162205964E-11   2.98515793779293E-11     2.0987580777734672E-11   1.4583479836243618E-11   9.702749512253689E-12    5.35319481451252E-12     0
% Data
% c (mol/m^3) @ t=500, u1=0.01, u2=0.05, u3=0.05
1                         0.958120168440341        0.9120593249262404       0.8623461635475318       0.8096327841245113       0.754681035274244        0.6983453655058832       0.6415535443982383       0.5852868568231196       0.5305614849584289       0.4784127488208136       0.429883660289504        0.38601885612810766      0.34786442695713765      0.31647348403759734      0.2929165541013056       0.27366108131646455      0.2545104222035315       0.23556794208616258      0.21694230267741163      0.19874468005830653      0.1810855387944243       0.16407114472823342      0.14780004218837803      0.13235974031577247      0.117823843842116        0.1042498268777627       0.09167758965517957      0.08012886660786714      0.06960747984834613      0.06010036459378227      0.051579239728881114     0.04400276180313034      0.037318985471536045     0.03146795612215175      0.026384277687896234     0.021999525907539688     0.018244409907484518     0.015050618723663796     0.012352320948780854     0.010087312795351515     0.008197831256475949     0.006631064352771484     0.005339399976514189     0.004280459330089982     0.0034169613913295617    0.0027164622788135827    0.002151008838337398     0.0016967400994311293    0.001333464160868542     0.0010442320808831038    8.149248288085038E-4     6.338645140124051E-4     4.914570445097004E-4     3.798700954010739E-4     2.927477416898097E-4     2.2496125068810746E-4    1.7239423779362263E-4    1.317595627504321E-4     1.0044488260910303E-4    7.638359312023458E-5     5.7947905371741336E-5    4.3860955632815065E-5    3.312508310211798E-5     2.4963693869294942E-5    1.8774431369976242E-5    1.4091673876695638E-5    1.0556664809824582E-5    7.893843779238825E-6     5.892181071031258E-6     4.390524349123284E-6     3.266144122718066E-6     2.4258157245478224E-6    1.7989025400862112E-6    1.3320107428191797E-6    9.84872616842287E-7      7.271863811963553E-7     5.361977676078911E-7     3.9485468830981276E-7    2.904031323438769E-7     2.133216426981725E-7     1.5651479008821234E-7    1.1470417447380891E-7    8.39696468441071E-8      6.140446552154695E-8     4.485664392531656E-8     3.27353423427584E-8      2.3866230018025964E-8    1.7383633497616204E-8    1.2650259255767475E-8    9.197542340584085E-9     6.681391176364387E-9     4.849397529674753E-9     3.5165549270357834E-9    2.5472455550465802E-9    1.841751150377438E-9     1.3258076616180855E-9    9.416558136488285E-10    6.383336243924228E-10    3.568130563306218E-10    0
% Data
% c (mol/m^3) @ t=600, u1=0.01, u2=0.05, u3=0.05
1                         0.9650405270624435       0.9265243729715243       0.8848170852234273       0.8403840535148345       0.7937863672299622       0.7456744694245596       0.6967801313443975       0.6479073856992303       0.5999231145942677       0.5537479769828241       0.5103482735063738       0.47072918277737696      0.4359295690088457       0.40701827052194894      0.3850914534358135       0.3669085665358424       0.3485183465355307       0.3299788797286644       0.3113563105968482       0.29272440361494667      0.27416372604239153      0.2557604339788967       0.23760467286928183      0.2197886362699244       0.2024043593183016       0.18554135177392397      0.16928419578539441      0.15371024274150655      0.1388875402715353       0.12487310500983045      0.11171163110111237      0.09943469178708554      0.08806045561865244      0.0775939037474252       0.06802750372732529      0.05934227078564227      0.051509131027769314     0.04449049288886095      0.038241932795758535     0.03271390723506209      0.02785341461434216      0.023605544683279196     0.019914869150022853     0.01672664301119404      0.013987800855603158     0.011647745198143683     0.009658934288355054     0.00797728465211909      0.006562408935344757     0.005377712664748703     0.004390374666925477     0.0035712354854745623    0.0028946166040916474    0.0023380909908850725    0.0018822227477288305    0.001510290742218583     0.0012080082222519404    9.632477104066307E-4     7.65778042213515E-4      6.070183016946314E-4     4.7981163825459486E-4    3.782205154513751E-4     2.9734382153705615E-4    2.331554306156174E-4     1.823632031421154E-4     1.422870152043136E-4     1.1075416887226741E-4    8.601042534142813E-5     6.664488730898182E-5     5.152701034216198E-5     3.975412291895609E-5     3.0607963740074E-5       2.3518889174611955E-5    1.8036553084288856E-5    1.3806008418205257E-5    1.0548319865073637E-5    8.044906324321758E-6     6.124949260394093E-6     4.6553074371076044E-6    3.5324701432151653E-6    2.6761603779814995E-6    2.0242674495937563E-6    1.5288461116005542E-6    1.152967859875839E-6     8.682504723710099E-7     6.529253852147621E-7     4.903300712124115E-7     3.677351334378226E-7     2.754341557095622E-7     2.0603916445949996E-7    1.539364452653459E-7     1.1486689817209921E-7    8.560244106136252E-8     6.36952898944774E-8      4.72799453266728E-8      3.490716252630172E-8     2.5381712091592345E-8    1.755295677399319E-8     9.948768020349304E-9     0
% Data
% c (mol/m^3) @ t=700, u1=0.01, u2=0.05, u3=0.05
1                         0.9704394736592371       0.9378398484581781       0.9024740858188974       0.8646979625317518       0.8249499765530953       0.783749743872837        0.7416950484355428       0.6994577601244583       0.657778864128082        0.617462843360779        0.5793716209985083       0.5444182024179586       0.5135600578757367       0.48779216543848547      0.46813949745526445      0.4517156836054167       0.4349519392117459       0.41787392814814694      0.4005132121489001       0.3829076143183417       0.3651014493006184       0.34714558072537244      0.32909726924399785      0.311019781008717        0.2929817369782583       0.2750561975961485       0.2573194942537609       0.2398498370880229       0.22272574629773337      0.20602436941536004      0.1898197581369246       0.17418118410865296      0.1591715728192522       0.14484612846359735      0.13125121100272         0.11842351086329052      0.10638954836866658      0.09516550578267817      0.08475738141568336      0.07516143898619347      0.0663649123860131       0.05834691678068567      0.05107951179202917      0.04452886118846308      0.03865643559363833      0.03342020955967283      0.02877581118146247      0.024677590480417445     0.021079581339739924     0.017936340210851352     0.015203652643830208     0.012839105576309214     0.010802529033977217     0.009056315361735102     0.007565627327763455     0.006298508509202169     0.005225910415483729     0.004321651001019292     0.0035623187415198742    0.002927135472992517     0.002397789880807705     0.0019582520190933113    0.0015945776550013186    0.001294709660187142     0.0010482821813804699    8.46431959934788E-4      6.816199649847485E-4     5.474654694915391E-4     4.3859383446042186E-4    3.5049856680865755E-4    2.794176677246859E-4     2.2222387431508782E-4    1.7632809960208112E-4    1.395951759307862E-4     1.1027088670822892E-4    8.691921465592762E-5     6.8368726744907E-5       5.366704401237533E-5     4.20423978638257E-5      3.2871344503672555E-5    2.5651788843738834E-5    1.9980553215638896E-5    1.5534810417634544E-5    1.2056782151106304E-5    9.341180765795735E-6     7.224943193106856E-6     5.578870327708525E-6     4.3008426625107324E-6    3.3103337157094196E-6    2.543986878691887E-6     1.952058893387111E-6     1.4955640394125595E-6    1.143976144138327E-6     8.733573162861083E-7     6.647740710520925E-7     5.028119137202816E-7     3.738577366568149E-7     2.634661640914191E-7     1.5128166706368155E-7    0
% Data
% c (mol/m^3) @ t=800, u1=0.01, u2=0.05, u3=0.05
1                         0.974824241507867        0.9470450287692821       0.9168775556771395       0.8846067673322491       0.8505889014860518       0.815251913628836        0.7790947907911687       0.7426857842586997       0.7066596062682112       0.6717136380509914       0.638603185041465        0.6081357896763214       0.5811645744213424       0.5585805404383893       0.5413036950476194       0.5268039519267363       0.5119291511667812       0.496686649655876        0.48108725587215484      0.46514565743995956      0.4488808346693496       0.43231644041711936      0.4154811235471234       0.39840877104279754      0.3811386428727165       0.3637153744444508       0.34618882422684394      0.3286137490417928       0.311049296573252        0.29355831351348144      0.27620647791653496      0.2590612750015233       0.24219084595757423      0.22566274833368466      0.2095426735155788       0.19389317094589278      0.17877242973957902      0.16423316608924599      0.15032165955288826      0.13707697344351438      0.12453038477355054      0.11270503834417994      0.10161582844167316      0.09126950099159524      0.08166495959482317      0.07279375113267186      0.06464070090329362      0.057184663671917955     0.05039935554602559      0.04425423204328267      0.03871537981927695      0.033746392911733224     0.029309208657365974     0.025364883270804946     0.02187429209679377      0.018798744461038873     0.01610050761572898      0.013743238331034443     0.011692324114526888     0.009915138793806899     0.00838121926915964      0.007062371666320875     0.005932715955713958     0.004968678433040018     0.004148941365356773     0.0034543586873109883    0.0028678459709934275    0.0023742520694065234    0.0019602189170991537    0.0016140350200278893    0.0013254872263150131    0.001085714475177745     8.87066397495411E-4      7.22968903877458E-4      5.877982527991038E-4     4.767645444707329E-4     3.8580513309913455E-4    3.114880852794053E-4     2.5092552743927714E-4    2.0169651130504804E-4    1.6177887352338533E-4    1.2948946416721665E-4    1.034320596544379E-4     8.245225013163451E-5     6.559859203369907E-5     5.20893366926057E-5      4.128407983229986E-5     3.265971965581875E-5     2.57901586513226E-5      2.032923186656243E-5     1.599638675489561E-5     1.2564667722740744E-5    9.850554045994908E-6     7.70512309076824E-6      6.0057718669109225E-6    4.647123824767334E-6     3.528306139047129E-6     2.53043656368084E-6      1.4704720252515864E-6    0
% Data
% c (mol/m^3) @ t=900, u1=0.01, u2=0.05, u3=0.05
1                         0.978472348426104        0.9547112596354802       0.9288924881651238       0.9012510553378187       0.8720833393895139       0.8417482917839495       0.8106677210894173       0.7793255978351326       0.7482663421054728       0.7180920592839873       0.68945868781327         0.6630710161688904       0.6396765152003691       0.6200579180097537       0.6050244647225012       0.5923777372560898       0.5793672200763573       0.5659911766442649       0.5522496500853892       0.5381447681841313       0.5236810677474008       0.5088658322904863       0.49370943481068885      0.4782256751090075       0.4624320988380962       0.4463502833794718       0.4300060740023678       0.4134297527672341       0.39665612254079813      0.3797244894856843       0.36267852961029706      0.3455660284551696       0.32843848767695694      0.3113505979737663       0.2943595841612002       0.2775244348474547       0.2609050355985867       0.24456123024781087      0.22855183963618025      0.21293367020738269      0.19776054626512127      0.1830823992268785       0.16894444491052604      0.15538647594830726      0.14244229113261297      0.13013927724220806      0.11849815210673457      0.10753287078086705      0.09725069012966177      0.0876523812286637       0.07873257403318983      0.07048021495768653      0.06287911542196459      0.055908568072463416     0.04954400720313913      0.04375769075107833      0.03851938295258969      0.03379701911759699      0.029557336806953563     0.025766460778589666     0.02239043222182573      0.019395675868276088     0.016749401426759285     0.014419938345246013     0.012377005093674766     0.010591915955270908     0.009037729704024562     0.007689345546162286     0.00652355234355146      0.00551903745777801      0.004656361602510012     0.003917905918852894     0.0032877971435198244    0.0027518162698381304    0.0022972955494909896    0.0019130080855311413    0.0015890536556285638    0.001316743803617811     0.0010884886661976958    8.976874737143045E-4     7.386241881797303E-4     6.063693228558001E-4     4.966886273679646E-4     4.059590192964261E-4     3.3109189439559106E-4    2.694637483444928E-4     2.1885388722153024E-4    1.773888841565439E-4     1.434933455934803E-4     1.1584646636746582E-4    9.334374961228028E-5     7.506308748580495E-5     6.0234018027554506E-5    4.820811991564725E-5     3.8426575337308666E-5    3.037657193067336E-5     2.3518416674254867E-5    1.71432868677523E-5      1.0072512671985827E-5    0
% Data
% c (mol/m^3) @ t=1000, u1=0.01, u2=0.05, u3=0.05
1                         0.9815505858053379       0.9611836351425371       0.939045825436776        0.9153344440343032       0.8902995472231342       0.8642454092307607       0.8375311811123888       0.8105706852330875       0.7838312760558436       0.7578317018010983       0.7331389040833829       0.7103636939674707       0.6901552434342406       0.6731943317348786       0.6601852875695229       0.6492271151347004       0.6379358012818664       0.6263056317944303       0.6143317027345068       0.6020101042759931       0.5893381255245134       0.5763144797228243       0.562939548296453        0.5492156410597435       0.5351472685917815       0.5207414213379947       0.50600784845172         0.49095932783937035      0.4756119174147237       0.4599851763236086       0.44410234400373555      0.4279904645317929       0.41168044390625536      0.39520702881883835      0.378608697138415        0.36192745277325916      0.34520852073320385      0.32849994196058335      0.31185207165494355      0.29531698914965576      0.2789478316450846       0.2627980679891115       0.246920731961334        0.23136763693821674      0.21618859522472525      0.20143066563524448      0.1871374520717989       0.17334847393688552      0.16009862635810823      0.14741774457658327      0.13533028268600122      0.1238551124516155       0.1130054434383057       0.10278886136935048      0.09320747772789748      0.08425818026582098      0.0759329714166707       0.06821937968781923      0.061100927950369616     0.05455764212889035      0.04856658405502136      0.04310239309986628      0.03813782253145111      0.03364425823715024      0.02959220938699023      0.025951762677610166     0.02269299388465921      0.01978633247449926      0.01720287691219225      0.014914659997702364     0.012894865029420723     0.011117994813224456     0.00955999650039674      0.008198345954969913     0.007012095835999664     0.005981891855456677     0.0050899617648858825    0.004320081563175898     0.0036575232337080817    0.003088988040915776     0.0026025290709471207    0.0021874663129218385    0.0018342971670643887    0.0015346048509093692    0.001280966767869468     0.0010668645121457748    8.865968126550399E-4     7.351963594868495E-4     6.083510856468643E-4     5.023300366375768E-4     4.1391332035676224E-4    3.403245018500451E-4     2.7916155902077774E-4    2.2831775922433422E-4    1.8587351422485513E-4    1.4991777603246242E-4    1.1820833480340235E-4    8.747283442512239E-5     5.1917598481955865E-5    0
% Data
% c (mol/m^3) @ t=1100, u1=0.01, u2=0.05, u3=0.05
1                         0.9841694181135958       0.9666918262387393       0.9476911853686746       0.9273347940738244       0.9058353172930632       0.8834522246591103       0.8604925553969589       0.8373109296142514       0.8143087290467997       0.7919323739377743       0.7706706267172669       0.7510508576303033       0.7336342126894974       0.7190096306935495       0.7077866640714763       0.6983259390572999       0.6885688030134112       0.6785081777885441       0.6681372785581325       0.6574497149341748       0.6464396071938442       0.6351017185304827       0.6234316039410636       0.6114257759654421       0.599081886973145        0.5863989270458047       0.573377435726771        0.5600197250118061       0.5463301099547158       0.5323151421906521       0.5179838405826229       0.5033479121322468       0.48842195533493127      0.4732236373825091       0.4577738361071079       0.44209673740048927      0.4262198791049996       0.4101741331092041       0.3939936186208934       0.3777155413280301       0.36137995535384176      0.34502944748833286      0.328708746023433        0.3124642594931656       0.296343553565029        0.2803947770780771       0.26466605061573323      0.24920483289328355      0.23405728151573466      0.21926762524284985      0.20487756474881136      0.19092571799279093      0.17744712477530078      0.16447282293311838      0.15202950604277454      0.14013926960005246      0.12881944957232203      0.11808255413389905      0.10793628643494756      0.09838365354764358      0.08942315438215552      0.08104903744522382      0.07325161787278928      0.06601764222393511      0.05933068906885834      0.05317159340841268      0.047518883378389616     0.04234921845613812      0.03763781942999882      0.03335888163936929      0.029485964371709247     0.025992350743365606     0.02285137383168464      0.020036706213377803     0.017522611355508658     0.015284156468265723     0.013297387440670452     0.01153946732891573      0.009988780548023391     0.008625005434013152     0.007429158204550916     0.006383611563966258     0.005472091288881478     0.004679654109202804     0.00399265007938905      0.0033986724236778976    0.0028864975285449327    0.0024460173069384577    0.00206816546593919      0.0017448380242550408    0.0014688061950638932    0.0012336152646401513    0.0010334537424570062    8.629572003668081E-4     7.168687588947751E-4     5.893871992809921E-4     4.728387751785561E-4     3.54891778534252E-4      2.1264219679624524E-4    0
% Data
% c (mol/m^3) @ t=1200, u1=0.01, u2=0.05, u3=0.05
1                         0.9864070396767842       0.9713990767057787       0.9550816438080977       0.9375974429946173       0.9191281716787802       0.8998958508006578       0.8801635769547743       0.8602356218512366       0.8404568047124348       0.8212110664450121       0.8029191786974639       0.7860355263350576       0.7710439086069679       0.758452312570457        0.7487866224451993       0.7406352246815371       0.7322241513032136       0.7235462276982865       0.7145943155765958       0.7053613647130458       0.6958404740530152       0.686024963175251        0.6759084550728954       0.6654849711326393       0.6547490390552818       0.6436958142580875       0.6323212150208302       0.6206220712754202       0.6085962864883491       0.5962430115444818       0.5835628289139657       0.5705579446814351       0.5572323852563262       0.5435921947910942       0.5296456285451832       0.5154033366893126       0.5008785323961068       0.48608713756241323      0.4710478992098796       0.4557824695641067       0.4403154430620458       0.42467434411285515      0.40888956035337987      0.3929942173901596       0.37702399257802294      0.36101686720149867      0.3450128184295378       0.3290534545193404       0.3131815988522475       0.2974408303886364       0.28187498992557447      0.2665276630348433       0.2514416516687582       0.23665844708611417      0.22221771693394474      0.2081568190122696       0.19451035346493695      0.1813097639212368       0.16858299652304776      0.15635422389073575      0.14464363899925917      0.133467321750977        0.12283717884032294      0.11276095539901324      0.10324231496982786      0.09428098264953823      0.0858729448184106       0.07801069776874525      0.07068353677459746      0.06387787670923076      0.057577595201386195     0.05176438949924679      0.04641813864562279      0.04151726321634341      0.037039075689297554     0.032960115446097046     0.029256463415237886     0.025904032401338876     0.02287883017053436      0.020157193343837365     0.0177159910604912       0.015532798189554563     0.013586038571680689     0.011855099346386221     0.010320417839251046     0.008963542705146899     0.007767170956909093     0.006715161956691477     0.005792527982482996     0.00498539768704239      0.004280941681961721     0.003667234446441892     0.003132994979952018     0.0026670815309458563    0.0022574742898657267    0.001889182156825608     0.001539883873017674     0.0011708010665899336    7.075527185896936E-4     0
% Data
% c (mol/m^3) @ t=0, u1=0.03, u2=0.01, u3=0.01
1                         -5.069401922626954E-8    2.7246567094188594E-15   3.421885013855475E-20    5.1055724537484466E-26   5.83175662509171E-32     5.952280712584884E-38    5.707686170230589E-44    5.259823408206148E-50    4.715343799709799E-56    4.142543792545948E-62    3.583377428229424E-68    3.06196951560749E-74     2.59060428651965E-80     2.1739009194871822E-86   1.805693455031453E-92    1.33477548313469E-98     9.81685057902694E-105    7.188179146550164E-111   5.243002104880292E-117   3.8110764926826956E-123  2.7617400151757426E-129  1.9958215368691063E-135  1.4387349624972747E-141  1.034809155661075E-147   7.427573592962129E-154   5.321287201022048E-160   3.805712769302398E-166   2.717462837428926E-172   1.9375441571647056E-178  1.379578486236592E-184   9.810464462488113E-191   6.968164621075451E-197   4.9438646715833723E-203  3.504003621013677E-209   2.481075455351552E-215   1.7551653414962265E-221  1.2405712960005532E-227  8.761371780848252E-234   6.18284709073587E-240    4.36002220857088E-246    3.0724802233286387E-252  2.163738868421381E-258   1.522824966079561E-264   1.0711185567240238E-270  7.529733685422702E-277   5.290387424598797E-283   3.7151096711632346E-289  2.6076056904810102E-295  1.8293950864806598E-301  1.2828533445399032E-307  8.9920618074E-314        7.5977E-320              0                        0                        0                        0                        0                        0                        0                        0                        0                        0                        0                        0                        0                        0                        0                        0                        0                        0                        0                        0                        0                        0                        0                        0                        0                        0                        0                        0                        0                        0                        0                        0                        0                        0                        0                        0                        0                        0                        0                        0                        0                        0                        0                        0                        0                        0                        0                        0
% Data
% c (mol/m^3) @ t=100, u1=0.03, u2=0.01, u3=0.01
1                         0.9235571162935475       0.8264881275462276       0.713563618356899        0.5920086967498737       0.4703503593131012       0.35687433222540305      0.2581103973412293       0.17780897564862289      0.11671141568058012      0.07309617433127219      0.04377949957124572      0.02514295828909752      0.013877591012021788     0.0073463002757228795    0.003626100259456692     0.0016489074539712243    7.301407073152284E-4     3.157406383381973E-4     1.3369007974925213E-4    5.55546686897494E-5      2.2703239735792063E-5    9.140912690058056E-6     3.6317848496991953E-6    1.425902880231398E-6     5.539050114170639E-7     2.131214178748213E-7     8.129785461016515E-8     3.077194950650458E-8     1.1565783307457749E-8    4.319380252488849E-9     1.6037748201483469E-9    5.923268288755859E-10    2.1770629243207016E-10   7.966102019236404E-11    2.9029584631721638E-11   1.053887057512511E-11    3.81267122395083E-12     1.3748577029752995E-12   4.94287024659101E-13     1.77208240414543E-13     6.336558190835372E-14    2.2602772419774748E-14   8.044072804193272E-15    2.856653182477649E-15    1.0124235035332016E-15   3.581304840108402E-16    1.264566536287553E-16    4.4576561378426116E-17   1.5688292455800362E-17   5.512970953560507E-18    1.934508134022981E-18    6.77893789035916E-19     2.372401181850539E-19    8.292339520596105E-20    2.89503419899158E-20     1.0095817839715135E-20   3.516919639862789E-21    1.2238749241727102E-21   4.254852364102733E-22    1.4778244114392735E-22   5.128247427473539E-23    1.778028817391308E-23    6.1595256671501195E-24   2.1321044945710468E-24   7.37455361456879E-25     2.548834138334518E-25    8.803145138258912E-26    3.038336153991052E-26    1.0479633201455188E-26   3.6122576508452064E-27   1.2443521229243964E-27   4.283994257859443E-28    1.4740224833819717E-28   5.068940377027429E-29    1.7421916062451847E-29   5.984773966378605E-30    2.0548483931623604E-30   7.051780481746827E-31    2.418862681572462E-31    8.29322121281947E-32     2.842109429578804E-32    9.735751933302618E-33    3.333609837245523E-33    1.140989855715141E-33    3.903691654069772E-34    1.3350597363814301E-34   4.564171214900431E-35    1.5597808337774253E-35   5.328560076389793E-36    1.819721127308219E-36    6.212299490331151E-37    2.120099528837891E-37    7.233025530046468E-38    2.466872607535342E-38    8.410776581472423E-39    2.8665253251261773E-39   9.758075268623742E-40    3.2923275977253286E-40   1.0163252100678085E-40   0
% Data
% c (mol/m^3) @ t=200, u1=0.03, u2=0.01, u3=0.01
1                         0.9684875493038839       0.9269776817348789       0.8752901137324937       0.8139319084510142       0.7441435313182561       0.6678581690985075       0.5875669302082198       0.506098570801469        0.42633980801737764      0.35093634898941384      0.2820198393543118       0.22099754339138225      0.16841875991712385      0.12389833520894698      0.0860397291090664       0.05642495571006446      0.036161922887278215     0.022677848914901787     0.0139346937237992       0.008400680907253577     0.004975315043764209     0.002898457999880966     0.0016629657813662698    9.407485181737258E-4     5.253078970364649E-4     2.898355574245827E-4     1.581628723677795E-4     8.544000151783449E-5     4.5727985894418016E-5    2.4266100254678827E-5    1.2776793915034331E-5    6.6792854581370975E-6    3.4688326209271782E-6    1.7906850123466689E-6    9.192943978572176E-7     4.695564886566398E-7     2.3872602725583165E-7    1.2085238560373626E-7    6.094026102653259E-8     3.0618476706394524E-8    1.533264977411802E-8     7.654522089673689E-9     3.810559331459173E-9     1.8920052097798206E-9    9.371379540374354E-10    4.631367483714748E-10    2.284069882465933E-10    1.1242620244451914E-10   5.523845927599935E-11    2.7094685511279203E-11   1.3269153806589207E-11   6.488774770403526E-12    3.1687102851641384E-12   1.5453943074062099E-12   7.527772976767562E-13    3.662645201127444E-13    1.7801332332627772E-13   8.643017665539893E-14    4.192348636976893E-14    2.031657461809673E-14    9.837053091486731E-15    4.759044642219775E-15    2.300552774543241E-15    1.1112670783409882E-15   5.364059045880163E-16    2.5874471772333863E-16   1.2472839005915902E-16   6.008792370392062E-17    2.893000564879708E-17    1.39206635803204E-17     6.694705080405304E-18    3.217899208754226E-18    1.545936745097161E-18    7.423310081330733E-19    3.562853034061223E-19    1.7092280946927927E-19   8.196169300709549E-20    3.9285944504899464E-20   1.882283793040513E-20    9.014892494455779E-21    4.315878021389149E-21    2.0654575098820147E-21   9.881137236630995E-22    4.72548057639005E-22     2.2591132945909135E-22   1.0796609528186844E-22   5.158201551715465E-23    2.4636257484171186E-23   1.1763064476120323E-23   5.614862849047262E-24    2.6793788159258732E-24   1.2782273437600871E-24   6.096229143964536E-25    2.906576597189086E-25    1.3851552652173138E-25   6.592451174704737E-26    3.120328729728E-26       1.4375901358508924E-26   5.6963040207244885E-27   0
% Data
% c (mol/m^3) @ t=300, u1=0.03, u2=0.01, u3=0.01
1                         0.9837265211733323       0.962006101392879        0.9342998013622684       0.9002640971739027       0.859804779545617        0.8131162408484395       0.7606984511115733       0.7033446940251404       0.6420945831393298       0.5781485985511509       0.5127416841432852       0.44697338739203596      0.3815895294248393       0.31670441565161667      0.25144233009057804      0.19157409715163165      0.14335329624678222      0.10539585844080546      0.0761698054548725       0.054138469624761605     0.03786437953980738      0.026074048566964582     0.017688814803544714     0.011829503267095249     0.007803298335769954     0.005080411348943994     0.0032665530991268016    0.0020754209058695804    0.0013037563238400517    8.102148345094117E-4     4.98365558539257E-4      3.035713331452201E-4     1.8321003334100474E-4    1.0960094153407698E-4    6.501994629868345E-5     3.82672382474834E-5      2.2352552797084653E-5    1.296309349122182E-5     7.4666326697515304E-6    4.2728739763755785E-6    2.4301381634629157E-6    1.3739980706271122E-6    7.725150106335359E-7     4.320239577773139E-7     2.403791319708199E-7     1.3309921678301275E-7    7.335674244325994E-8     4.025139456300369E-8     2.1992957360122864E-8    1.1968198779537278E-8    6.4877270796286796E-9    3.5038612669023972E-9    1.8856442492073176E-9    1.0113358728440493E-9    5.406480468881659E-10    2.8812102819907806E-10   1.5308435825589336E-10   8.110241813702294E-11    4.284822081454136E-11    2.2577410943157553E-11   1.1865930717849495E-11   6.220961918372759E-12    3.2537260233598966E-12   1.6978909305323918E-12   8.840560008387185E-13    4.593302093555176E-13    2.3816498275394584E-13   1.2324501036583023E-13   6.365444528662393E-14    3.281588527587149E-14    1.6887379001402676E-14   8.675382564845232E-15    4.449258569762652E-15    2.278151261906208E-15    1.1646504861316993E-15   5.944948313355445E-16    3.030123412863555E-16    1.5422393858116062E-16   7.838647798813009E-17    3.9787464908633245E-17   2.0168995393090263E-17   1.0211077394081049E-17   5.163259188035225E-18    2.6076930152088954E-18   1.3154783317322917E-18   6.628565920499185E-19    3.3363953703160593E-19   1.6775303046595071E-19   8.425788569439948E-20    4.227756151457444E-20    2.119237960631607E-20    1.0612797042037076E-20   5.309649046434821E-21    2.6538379182896223E-21   1.324826154558911E-21    6.598480590563949E-22    3.2622674305300222E-22   1.5629893630504566E-22   6.375965106500715E-23    0
% Data
% c (mol/m^3) @ t=400, u1=0.03, u2=0.01, u3=0.01
1                         0.9908021031795183       0.9784312622783254       0.9624295976959943       0.9423817613166866       0.9179411422385904       0.8888539592008369       0.8549774439888342       0.8162873011790315       0.7728685142676005       0.7248823114920913       0.6725006093751799       0.6157973444192492       0.5545835074925177       0.488169011340036        0.41502921279531285      0.3420617135211578       0.277981140531599        0.22278450757187093      0.17612064269775432      0.13737559559365964      0.1057598893333184       0.0803895657414966       0.060355308151231885     0.04477648519957599      0.03283931206389428      0.02382017527622837      0.01709638066547717      0.012147171990034334     0.008547940307889744     0.005960257702595284     0.00411988284575559      0.0028243330339938486    0.0019210917476756026    0.0012970768869637356    8.696545258640325E-4     5.792454275132809E-4     3.834226565943544E-4     2.5231883899043373E-4    1.6513101624238764E-4    1.0751223797867401E-4    6.965841122559506E-5     4.492673180011169E-5     2.8851876252202236E-5    1.84542753510084E-5      1.175933911486899E-5     7.466805849157579E-6     4.725522736934512E-6     2.981392493194204E-6     1.8755491414415559E-6    1.1766793554953852E-6    7.363487361196675E-7     4.5970073346177285E-7    2.8635120931990524E-7    1.7799861115271244E-7    1.104295896504558E-7     6.838473387962414E-8     4.22753946996441E-8      2.609260838344121E-8     1.608021730671901E-8     9.89580595702845E-9      6.08180764933762E-9      3.733113598086302E-9     2.2887535846416022E-9    1.4016712471205206E-9    8.575124483725421E-10    5.240922041862957E-10    3.2001620645530905E-10   1.9523404370674725E-10   1.1900881808930641E-10   7.248731207579681E-11    4.411862822325569E-11    2.683340549794187E-11    1.6309432765412385E-11   9.906622282931349E-12    6.013806749608589E-12    3.648572418915943E-12    2.2123701965702187E-12   1.3408026796737672E-12   8.121839159292277E-13    4.917404042012826E-13    2.9759000440395845E-13   1.8001558538596978E-13   1.0884765176086947E-13   6.578889655029016E-14    3.974821847806069E-14    2.4006054642128805E-14   1.4493326711668856E-14   8.74712220506984E-15     5.277364544198528E-15    3.18293190204453E-15     1.919092021176964E-15    1.1566751031294832E-15   6.968346365355999E-16    4.194724712304128E-16    2.5203740336006943E-16   1.5064064838631456E-16   8.86002646749215E-17     4.9438279038802E-17      2.2496548552294408E-17   0
% Data
% c (mol/m^3) @ t=500, u1=0.03, u2=0.01, u3=0.01
1                         0.9944685813838614       0.9869894141746735       0.977221181621946        0.9648149735332939       0.9494232413364004       0.9307077459470907       0.9083442833945001       0.8820210418243235       0.8514262901435148       0.8162196770766251       0.7759796608650917       0.7301173885510172       0.677744538689643        0.6174789928767378       0.5471673638255087       0.47323838579288124      0.40468598858242943      0.34217611104509         0.2860914295943776       0.23655328489049504      0.19345579860617254      0.15650789395642728      0.12527889149689872      0.09924376309572518      0.07782487236967328      0.060427960937441        0.0464711086108601       0.035406278611794        0.0267337717993913       0.020010415904422166     0.01485260485016519      0.010935405851697827     0.007988910884446088     0.00579287215436209      0.004170472913120675     0.0029818814691427204    0.00211804326708669      0.00149499903203342      0.001048883316096153     7.316582310398883E-4     5.075686005456267E-4     3.5026203579197415E-4    2.4049467842912023E-4    1.6433498099219452E-4    1.1177910208041397E-4    7.569846475541851E-5     5.104993274637019E-5     3.428994549094311E-5     2.2944573724670368E-5    1.5297101277161543E-5    1.0163073101388286E-5    6.729690560502707E-6     4.442049199379702E-6     2.923147854544645E-6     1.9180293724065956E-6    1.2550233092340005E-6    8.190165114387754E-7     5.331230785229578E-7     3.461811402571396E-7     2.2426689860782238E-7    1.449623770782989E-7     9.350054309425311E-8     6.01838537201807E-8      3.866244133301735E-8     2.4790000804415423E-8    1.5866262222494606E-8    1.0137123295839501E-8    6.465862830333687E-9     4.117542370040271E-9     2.6180400323850956E-9    1.6621360792782042E-9    1.0537393189745955E-9    6.671126287384745E-10    4.2178045146147553E-10   2.663274500049574E-10    1.679606352179602E-10    1.0579865233106282E-10   6.656591086431111E-11    4.183501840735124E-11    2.6263997091739046E-11   1.6471385365323866E-11   1.0319599635892163E-11   6.459118803504908E-12    4.039011124510569E-12    2.523371625490371E-12    1.5750857839204218E-12   9.823265237882367E-13    6.121351409661527E-13    3.8114356154103944E-13   2.3713059073259236E-13   1.4741671571577915E-13   9.157002084348342E-14    5.682649451313985E-14    3.5217205449171706E-14   2.1767236783871045E-14   1.3366212684467743E-14   8.058053060375762E-15    4.590034264713546E-15    2.118217638051631E-15    0
% Data
% c (mol/m^3) @ t=600, u1=0.03, u2=0.01, u3=0.01
1                         0.9964929996980588       0.9917316453122982       0.9854664315350758       0.9774246458692579       0.9673104003152507       0.9548030107267945       0.939552149650079        0.9211674957336196       0.8991996857818673       0.873108186248704        0.8422101609431347       0.8056024127913087       0.7620458690482674       0.7097986507187009       0.6463792235194975       0.577278394557307        0.5107877443094693       0.4477508109741455       0.3888365714434554       0.33453158296741586      0.28514196853629864      0.2408040483217425       0.20150192811129855      0.16709005944040542      0.1373186942589075       0.11186025436766328      0.09033488733537988      0.07233383785679957      0.05743967338871333      0.0452428152785746       0.03535420052718964      0.027414206610849073     0.021098197930311688     0.016119195337142143     0.012228237286486886     0.00921300611545559      0.006895252200011793     0.005127478804449147     0.00378926592107739      0.00278352394007923      0.0020328858887660043    0.0014763753705359357    0.0010664286892452498    7.663044189687887E-4     5.478809604751861E-4     3.898207090583712E-4     2.760662972655596E-4     1.9462790464460795E-4    1.366189625552043E-4     9.549913330924398E-5     6.64869437471063E-5      4.610895384633215E-5     3.185716931183561E-5     2.1931120178385714E-5    1.5045359317617888E-5    1.0286949309773747E-5    7.01075713249581E-6      4.763075167343912E-6     3.226279692191712E-6     2.1789867096814407E-6    1.467537386387542E-6     9.857074038602575E-7     6.603460747155063E-7     4.4126423981386567E-7    2.9414849283385746E-7    1.9561896444259785E-7    1.29797377625176E-7      8.593385730937176E-8     5.677244021559512E-8     3.74296559509298E-8      2.4627937567983886E-8    1.6173422265548446E-8    1.0601421201804885E-8    6.936494863307144E-9     4.5305858765717285E-9    2.9541361225845105E-9    1.923052137316134E-9     1.2498494915737551E-9    8.11056869702888E-10     5.255231297791017E-10    3.40015354296246E-10     2.1967967041056294E-10   1.4173712430429376E-10   9.132650831866056E-11    5.876868728494057E-11    3.776998179724444E-11    2.4244556846860165E-11   1.5543992056051955E-11   9.954155789371308E-12    6.367215360751507E-12    4.068179042021062E-12    2.5961994515782997E-12   1.6545889876765743E-12   1.0525145327180743E-12   6.672497387474191E-13    4.1972727241592403E-13   2.586482632116169E-13    1.5002881887219053E-13   7.00888260955676E-14     0
% Data
% c (mol/m^3) @ t=700, u1=0.03, u2=0.01, u3=0.01
1                         0.9976773801949259       0.9945123205264481       0.9903194359347902       0.9848862346430025       0.9779689702588192       0.9692863456009116       0.9585097842779463       0.9452484332253748       0.9290263190609814       0.9092480947291574       0.8851485018605212       0.8557189320483973       0.8196021514424082       0.774943158243954        0.7191799974099641       0.656869094233408        0.5953155662141941       0.5353174515624954       0.477581565815756        0.42270701480396444      0.37117459464962665      0.3233421362768504       0.27944548663230023      0.23960450385229398      0.203833200843771        0.1720530149835588       0.14410811553026773      0.11978168049625325      0.09881216895172909      0.08090876517041883      0.0657653568032023       0.053072609225273716     0.04252789329226536      0.03384299876653236      0.0267497102541956       0.021003431229200908     0.016385113720835894     0.01270178919901475      0.009786005252517297     0.0074944592769041534    0.005706091346111423     0.004319860066098753     0.0032523828903161076    0.002435580313611142     0.0018144245131929335    0.0013448591911887431    9.919294563538613E-4     7.281386931598346E-4     5.320331258841689E-4     3.8700350396730324E-4    2.8028617428597663E-4    2.0214189887415225E-4    1.451893082209218E-4     1.038701361718208E-4     7.40247705303272E-5      5.255870719812073E-5     3.7182865525807205E-5    2.621316038890946E-5     1.841706758619006E-5     1.2897063766306292E-5    9.00271890824999E-6      6.264851270943164E-6     4.3465272285886175E-6    3.0068208888503047E-6    2.0741675403756426E-6    1.4268802615216998E-6    9.789796978863935E-7     6.699403115898027E-7     4.5730656233542974E-7    3.114003779007296E-7     2.115444286903204E-7     1.4337852642413513E-7    9.696052893080231E-8     6.542767214591352E-8     4.4056492805274334E-8    2.9605046187449596E-8    1.985424860715046E-8     1.3289135444231003E-8    8.87806675483741E-9      5.920256819859555E-9     3.940800454225566E-9     2.618609033788628E-9     1.7370769343472669E-9    1.1503997765922445E-9    7.60638597302926E-10     5.021408591919489E-10    3.3098430696225344E-10   2.1784109613331996E-10   1.4316499164757196E-10   9.39525122915831E-11     6.156790908637584E-11    4.0285501017223094E-11   2.6314596158425122E-11   1.7148256475168496E-11   1.1128747407535643E-11   7.157368127863942E-12    4.49976041232189E-12     2.6533107180335577E-12   1.2532504942325022E-12   0
% Data
% c (mol/m^3) @ t=800, u1=0.03, u2=0.01, u3=0.01
1                         0.9984167265383868       0.9962509434887655       0.9933620337219857       0.9895824352158045       0.9847116292589793       0.9785077577693931       0.97067575477118         0.9608504191928786       0.9485722347673141       0.9332529027588831       0.9141264200792897       0.8901800081909447       0.8600571397366897       0.8219221325747943       0.7732720280874875       0.7178679061876557       0.6620460031861949       0.6064899277156741       0.5518456687453368       0.4987047017587804       0.44759011538735843      0.39894620586106544      0.3531317773901674       0.3104171734792518       0.2709848622374062       0.23493322171535236      0.2022830303687905       0.17298607058742194      0.14693520337104776      0.12397526892137797      0.10391420645613832      0.08653385909545182      0.07160002632299256      0.05887143657695684      0.04810742564886925      0.039074213799514375     0.031549768924023724     0.02532732016727378      0.02021764392798515      0.016050282113218746     0.012673872383405215     0.009955774657411627     0.007781170629831869     0.0060517969433367       0.00468445121226328      0.0036093861272738386    0.0027686826376130988    0.002114670359199248     0.0016084429770854497    0.00121849909140214      9.195248952296795E-4     6.913241800995011E-4     5.178931566093191E-4     3.866320606856538E-4     2.8768205228773267E-4    2.1337406740673298E-4    1.5777565461672874E-4    1.1632206462997599E-4    8.551867530185274E-5     6.27029951759488E-5      4.5855821216524335E-5    3.3452504387579234E-5    2.434661380739142E-5     1.767953174063814E-5     1.2810627290666899E-5    9.26363353038759E-6      6.685690334423807E-6     4.816220585900516E-6     3.4633925722007437E-6    2.4864003347305437E-6    1.7821811720857887E-6    1.2754996110881777E-6    9.115730344493987E-7     6.506074159309457E-7     4.6376232557566147E-7    3.3018104698614497E-7    2.3481137783126865E-7    1.6681126249903655E-7    1.1838551760218981E-7    8.393929927833855E-8     5.9463584458124E-8       4.209011396668899E-8     2.9769773768260083E-8    2.1040659897304482E-8    1.4861145490264504E-8    1.0489953565092492E-8    7.400148590413363E-9     5.217553787691007E-9     3.6767241820742924E-9    2.5895145163930375E-9    1.822666851036989E-9     1.2818458092783377E-9    9.002736113592091E-10    6.306381803244382E-10    4.3932101209417346E-10   3.022571807929646E-10    2.019263426943007E-10    1.251007449177287E-10    6.105700836276643E-11    0
% Data
% c (mol/m^3) @ t=900, u1=0.03, u2=0.01, u3=0.01
1                         0.9988939297210733       0.9973747711727527       0.9953336283237304       0.9926363686538704       0.9891169303242895       0.9845682158915882       0.978729576851102        0.9712694999698537       0.9617615687882756       0.9496510408865392       0.9342083844476212       0.9144647624130335       0.8891226111972184       0.856431958827775        0.8140197255098603       0.7650003413844421       0.7148467172113139       0.6641174339133817       0.6133656025041481       0.5631243109432029       0.5138933235317299       0.46612753665704404      0.4202275908376346       0.3765329150411248       0.33531734371898336      0.2967873093852581       0.26108248337216156      0.22827862330006582      0.1983922948373597       0.1713870722598279       0.14718078928336448      0.12565340809811654      0.10665509752821364      0.09001415594148111      0.075544474893811        0.06305230900099536      0.05234218989765359      0.043221891864013096     0.035506419439847614     0.029021040119781037     0.02360342641895488      0.0191050008262309       0.015391595036395023     0.01234354270704484      0.009855324591861668     0.007834878214275845     0.006202673193555602     0.004890639672639746     0.0038410225071763403    0.003005219127908891     0.002342645135605979     0.0018196592877486662    0.0014085688967083998    0.001086727887112597     8.357328133952344E-4     6.407168736341671E-4     4.897381685158551E-4     3.732559124530586E-4     2.8368677165767174E-4    2.1503275860880553E-4    1.6257195461948418E-4    1.2260359163037316E-4    9.223956074855234E-5     6.92351173588976E-5      5.1852336233866234E-5    3.8750673139334434E-5    2.889976909032012E-5     2.1510361888639324E-5    1.5979830771534354E-5    1.1849486461674394E-5    8.771229322387065E-6     6.481635505483587E-6     4.781900321561938E-6     3.522376358189868E-6     2.590698480284798E-6     1.9026961204810375E-6    1.3954621756104136E-6    1.0220837395498878E-6    7.476484864382151E-7     5.462266975512377E-7     3.9859690780783177E-7    2.9053647456195975E-7    2.115399828702299E-7     1.538607131060878E-7     1.1179537264175458E-7    8.115151627991833E-8     5.8851815833271574E-8    4.264059234490355E-8     3.086658705759765E-8     2.2322440126889044E-8    1.6126252841039262E-8    1.1634304380388879E-8    8.376766393037243E-9     6.010328509296836E-9     4.283182573593063E-9     3.0089377781440604E-9    2.0468440141623743E-9    1.2862494017059006E-9    6.335480852687574E-10    0
% Data
% c (mol/m^3) @ t=1000, u1=0.03, u2=0.01, u3=0.01
1                         0.9991934645748873       0.9980815484894233       0.9965776041581734       0.9945721581012165       0.9919262398423252       0.9884623676823006       0.9839522856753811       0.9781001982012708       0.970519771751249        0.960702521313669        0.9479743075373589       0.9314354540251603       0.909878333298154        0.8816740032497249       0.8446163814713097       0.8013038988205873       0.7564648378036319       0.7105397325820014       0.6639808769401266       0.617241065063188        0.5707626032217354       0.5249670044220157       0.48024573793357467      0.43695234640366504      0.3953961688108802       0.35583782269630904      0.3184865095474738       0.28349911874827927      0.25098102374021375      0.22098839382884755      0.19353179015404665      0.1685807770680683       0.14606926136933587      0.12590127089151376      0.10795689893949645      0.09209816910865362      0.07817461261919083      0.06602839370861806      0.05549886423593061      0.04642647325198409      0.03865599828118762      0.03203910055685329      0.02643623531138094      0.021717969984655854     0.0177657780043404       0.014472384184201876     0.011741740661097816     0.00948871069662994      0.007638532705260241     0.006126129593465349     0.004895319851796322     0.003897977631754339     0.0030931798935944247    0.002446370094385931     0.0019285601092707888    0.001515585321827229     0.001187422153244394     9.275727142526089E-4     7.22517690198723E-4      5.612359032236571E-4     4.347871115337779E-4     3.359533734093715E-4     2.589335955210054E-4     1.9908558396711866E-4    1.5270991862588663E-4    1.1687018885786279E-4    8.924448892889936E-5     6.800351722371584E-5     5.1711110232879994E-5    3.9243537812707444E-5    2.9724367365531914E-5    2.247215617154736E-5     1.6958644007290657E-5    1.2775487888151006E-5    9.607906092577652E-6     7.213880702439575E-6     5.407809376374038E-6     4.047701500978708E-6     3.025185210036956E-6     2.2577341004301763E-6    1.6826397623926688E-6    1.2523521789613824E-6    9.308879923109665E-7     6.910695640503207E-7     5.12408271255511E-7      3.7948581134778825E-7    2.8071932789749296E-7    2.074215004973483E-7     1.5308667923020733E-7    1.1284976805775445E-7    8.30767517218132E-8      6.105522842506127E-8     4.4760624752601564E-8    3.2679380572112793E-8    2.3674651236408434E-8    1.6883249277806143E-8    1.163483144079999E-8     7.385855598740589E-9     3.6616457560836648E-9    0
% Data
% c (mol/m^3) @ t=1100, u1=0.03, u2=0.01, u3=0.01
1                         0.9993875159315031       0.9985403332808871       0.9973877752456893       0.9958388099881823       0.9937757180083509       0.9910455440336213       0.987448503846455        0.9827222033171334       0.9765200974333599       0.9683820286472803       0.9576938780540305       0.9436322599501195       0.925088680882397        0.9005655185626407       0.868033348458611        0.82968238039975         0.7896152470329211       0.7481724544192557       0.7057144360604996       0.6626133254695258       0.6192445148514845       0.5759782976043495       0.5331718849993108       0.4911620660907085       0.4502587458544727       0.4107395518052134       0.3728456466209255       0.3367788268246073       0.3026999287959072       0.2707285067604388       0.24094369610077337      0.21338613201260648      0.18806076016030937      0.1649403537280471       0.14396954043101587      0.12506914315773945      0.1081406477774925       0.09307062955548495      0.07973499352461136      0.0680029118827974       0.05774037088673871      0.04881326887031144      0.04109003432375527      0.03444375721029003      0.0287538470628271       0.023907247481706473     0.01979924838014333      0.01633394491590036      0.01342439593343707      0.010992535482866807     0.008968889209219871     0.007292143755219902     0.005908612394675809     0.004771634446516113     0.0038409400611450597    0.003082006078207329     0.0024654230933906416    0.0019662888224662597    0.0015636384208347356    0.0012399186534733293    9.805097134908286E-4     7.732960234314779E-4     6.082854651740989E-4     4.7727510164853056E-4    3.735605009327784E-4     2.916851750333711E-4     2.2722633040657007E-4    1.7661303044739615E-4    1.369729353530459E-4     1.0600396426517611E-4    8.186747929116805E-5     6.309988976723838E-5     4.853989396865022E-5     3.726889657321174E-5     2.85624508825718E-5      2.1850866633160125E-5    1.6687392025309687E-5    1.2722619737155906E-5    9.683980412384647E-6     7.359373986659995E-6     5.584150703818755E-6     4.230791774027282E-6     3.200756635241971E-6     2.4180620894420836E-6    1.8242405560579677E-6    1.3743925550942702E-6    1.0341043640528533E-6    7.770474434850902E-7     5.831133379592177E-7     4.369677608878451E-7     3.269316876755585E-7     2.441165471128887E-7     1.8175587737829887E-7    1.3468780387701997E-7    9.895196011522327E-8     7.147143308339931E-8     4.979526253614201E-8     3.188011425087628E-8     1.589098461486732E-8     0
% Data
% c (mol/m^3) @ t=1200, u1=0.03, u2=0.01, u3=0.01
1                         0.9995174992457454       0.9988482526300756       0.9979333308762859       0.9966957288050834       0.9950344940617593       0.9928167921785384       0.9898671461843448       0.9859528042306974       0.9807637980612778       0.9738857194426385       0.9647625072126741       0.9526455307844279       0.9365238757781317       0.9150288453120683       0.8863030959447105       0.852213495825152        0.8163421804227593       0.7789491567819294       0.7403173012061305       0.7007465577012869       0.6605477227668936       0.6200360176481939       0.5795246562044436       0.5393186144342961       0.49970879650187566      0.4609667724168913       0.4233402354215646       0.38704929413713557      0.35228367746658684      0.31920089119108264      0.287925326257978        0.25854828198408847      0.23112883461926215      0.2056954544263431       0.18224825370288425      0.16076173458861043      0.14118789917413083      0.12345958499700058      0.10749389573533885      0.09319560874125501      0.08046045675764778      0.06917819941141669      0.0592354195736197       0.05051799923125065      0.042913248109745825     0.03631167512094156      0.030608407224374273     0.02570427214942173      0.021506570513076577     0.017929569244533924     0.014894752095695095     0.012330864678205081     0.010173791284669303     0.008366299110679685     0.006857682777068853     0.005603338613546937     0.004564294318895149     0.0037067156220421766    0.0030014076417573094    0.0024233249368089548    0.0019511008611879305    0.0015666038559226378    0.0012545257504329747    0.0010020050147910016    7.982861814889548E-4     6.344153088813485E-4     5.029703470923435E-4     3.978245452700906E-4     3.1394056019198673E-4    2.471926456461702E-4     1.9421417843234722E-4    1.522677734132047E-4     1.1913532496231874E-4    9.302545862884883E-5     7.249606298617932E-5     5.6389780052671773E-5    4.3780549955148855E-5    3.3929521669259304E-5    2.6248849609578935E-5    2.027209079400032E-5     1.563009636952955E-5     1.2031452992207727E-5    9.2466735051852E-6       7.09546292664912E-6      5.436495836683055E-6     4.159236061393602E-6     3.177410495506721E-6     2.423817450660097E-6     1.8462075220639078E-6    1.4040230172270497E-6    1.065821764729505E-6     8.072437626930239E-7     6.09405629807017E-7      4.576290186247733E-7     3.404256996982728E-7     2.486743948329211E-7     1.7493288329613558E-7    1.1283342837533365E-7    5.650986163770317E-8     0
% Data
% c (mol/m^3) @ t=0, u1=0.03, u2=0.01, u3=0.03
1                         -5.069401922626954E-8    2.7246567094188594E-15   3.421885013855475E-20    5.1055724537484466E-26   5.83175662509171E-32     5.952280712584885E-38    5.707686170230589E-44    5.259823408206148E-50    4.715343799709799E-56    4.142543792545948E-62    3.5833774282294243E-68   3.06196951560749E-74     2.59060428651965E-80     2.1739009194871822E-86   1.8056934550314537E-92   1.3347754831346906E-98   9.816850579026942E-105   7.188179146550167E-111   5.243002104880294E-117   3.811076492682696E-123   2.7617400151757433E-129  1.995821536869107E-135   1.4387349624972753E-141  1.0348091556610747E-147  7.427573592962126E-154   5.3212872010220465E-160  3.8057127693023976E-166  2.717462837428926E-172   1.9375441571647078E-178  1.384178685474326E-184   1.1032199701567416E-190  8.782488806526218E-197   6.983808195612892E-203   5.547747459295143E-209   4.402693064424845E-215   3.49078156356651E-221    2.765365113327092E-227   2.18891496696321E-233    1.731295664267646E-239   1.3683503933183536E-245  1.0807457497017706E-251  8.530314580673744E-258   6.728773266091645E-264   5.304556796276179E-270   4.179427376531989E-276   3.291169172584659E-282   2.5903585887239103E-288  2.0377722871898817E-294  1.6023105252318858E-300  1.2593359449755517E-306  9.89346579763E-313       7.5446E-319              0                        0                        0                        0                        0                        0                        0                        0                        0                        0                        0                        0                        0                        0                        0                        0                        0                        0                        0                        0                        0                        0                        0                        0                        0                        0                        0                        0                        0                        0                        0                        0                        0                        0                        0                        0                        0                        0                        0                        0                        0                        0                        0                        0                        0                        0                        0                        0
% Data
% c (mol/m^3) @ t=100, u1=0.03, u2=0.01, u3=0.03
1                         0.9235571162935476       0.8264881275462274       0.7135636183568989       0.5920086967498737       0.47035035931310126      0.3568743322254031       0.25811039734122937      0.17780897564862294      0.11671141568058012      0.07309617433127218      0.04377949957124571      0.025142958289097524     0.013877591012021784     0.007346300275722881     0.0036261002594567       0.0016489074539712523    7.301407073153174E-4     3.1574063833847833E-4    1.3369007975013857E-4    5.555466869253806E-5     2.2703239744543854E-5    9.140912717451855E-6     3.631784935201508E-6     1.4259031462927659E-6    5.539058366238177E-7     2.1312396827396551E-7    8.130570683224548E-8     3.079602504637802E-8     1.1639268839380456E-8    4.542580261973705E-9     1.8695297329311026E-9    7.654458405531225E-10    3.119155689240203E-10    1.2655161100459553E-10   5.113942746893624E-11    2.0589004358621263E-11   8.260874994895776E-12    3.303967498615066E-12    1.3175333597758344E-12   5.239518100822045E-13    2.0782815522384888E-13   8.223805694564762E-14    3.246850737436202E-14    1.2791829412280392E-14   5.02965882010194E-15     1.9739221050697408E-15   7.733090373980648E-16    3.0244752706690384E-16   1.181027033624934E-16    4.604881653240947E-17    1.7929130574768122E-17   6.971286937105301E-18    2.70712491348888E-18     1.0499578591326622E-18   4.0675085599330435E-19   1.5739873793302154E-19   6.084316310931673E-20    2.3495262403118595E-20   9.06412158586519E-21     3.493540695985003E-21    1.3452940621479623E-21   5.176016536178412E-22    1.9898294463750235E-22   7.643490460331896E-23    2.933839825183202E-23    1.1252843032881892E-23   4.313015588426139E-24    1.6519762063222239E-24   6.323260060560792E-25    2.4188155585475433E-25   9.246946975262831E-26    3.5329448732412577E-26   1.3490460259829086E-26   5.148446486824836E-27    1.963780297027559E-27    7.486592895577716E-28    2.85270710831676E-28     1.0864719028958946E-28   4.135943176212483E-29    1.5737345918998753E-29   5.985426889064878E-30    2.275469802550547E-30    8.646984615304096E-31    3.2845894376623993E-31   1.2471687289211076E-31   4.7337113003056056E-32   1.7960370197924138E-32   6.811928958825026E-33    2.5826789486673233E-33   9.78859221617599E-34     3.708714588634509E-34    1.4047002587094478E-34   5.318688166097721E-35    2.013210200198172E-35    7.617938535975248E-36    2.8815095556759947E-36   1.088718887916269E-36    4.078433722487217E-37    1.4002619364144513E-37   0
% Data
% c (mol/m^3) @ t=200, u1=0.03, u2=0.01, u3=0.03
1                         0.9684875493038838       0.9269776817348788       0.8752901137324938       0.8139319084510142       0.7441435313182565       0.6678581690985093       0.5875669302082243       0.5060985708014817       0.4263398080174109       0.3509363489895005       0.2820198393545385       0.22099754339197455      0.1684187599186693       0.1238983352129728       0.08603972911953428      0.05642495573546954      0.03616192294567201      0.022677849047366326     0.013934694022823758     0.008400681580046962     0.004975316552777854     0.002898461373278052     0.0016629732957125127    9.407651919063881E-4     5.253447393166603E-4     2.899165923012017E-4     1.5834022340161663E-4    8.582604814205964E-5     4.656335884101667E-5     2.6062185988216075E-5    1.511447502652383E-5     8.705960665256697E-6     4.983329417207245E-6     2.836095349051848E-6     1.6055422998672029E-6    9.044969678395664E-7     5.072781491205419E-7     2.833307393112905E-7     1.576489932919749E-7     8.74113478030317E-8      4.831047759629536E-8     2.662067824471648E-8     1.4628473237106478E-8    8.018074626668642E-9     4.3844341012922985E-9    2.3922318653744465E-9    1.3025865628011832E-9    7.079211153820454E-10    3.840555285663303E-10    2.0801041599246707E-10   1.1248759499950318E-10   6.074285929525394E-11    3.275637320563458E-11    1.7641764239521372E-11   9.49000664874949E-12     5.099167870590819E-12    2.736956888083995E-12    1.4675666195372906E-12   7.861624470355444E-13    4.2075854586408587E-13   2.2499855243682607E-13   1.2021844222059437E-13   6.418361618669561E-14    3.42416653808366E-14     1.825483741094069E-14    9.725394350934613E-15    5.177921629030477E-15    2.7550832077924225E-15   1.4650625897807011E-15   7.78628609241074E-16     4.1358721846839824E-16   2.195713586226483E-16    1.1651042884368358E-16   6.179347770443929E-17    3.275796573823647E-17    1.7357810811412288E-17   9.193557664029688E-18    4.867314415496226E-18    2.575837794341775E-18    1.3626263465214453E-18   7.205593573952774E-19    3.808927649475829E-19    2.012707545840863E-19    1.0631838827817718E-19   5.614232478456888E-20    2.9636780683002636E-20   1.5639915951475047E-20   8.250960323627301E-21    4.351560645003614E-21    2.294349750377793E-21    1.2093488509813728E-21   6.372704488080486E-22    3.3571973538634817E-22   1.7680775191825884E-22   9.307552373039244E-23    4.8938641401672947E-23   2.5600845419199462E-23   1.3053202245391286E-23   5.7440324811555664E-24   0
% Data
% c (mol/m^3) @ t=300, u1=0.03, u2=0.01, u3=0.03
1                         0.983726521173344        0.9620061013929142       0.9342998013623584       0.9002640971741233       0.859804779546151        0.8131162408497271       0.7606984511146673       0.7033446940325506       0.6420945831570205       0.5781485985932419       0.5127416842430795       0.44697338762777505      0.3815895299795941       0.31670441695190965      0.25144233312569747      0.19157410377768913      0.1433533098878371       0.10539588600334898      0.07616986065490332      0.05413857946311147      0.03786459678843302      0.026074475646756738     0.017689649065694337     0.011831122116054636     0.007806417778153805     0.005086378428283698     0.0032778797006480604    0.0020967474551753244    0.0013435712827831008    8.838846434763765E-4     5.956935227624191E-4     3.9786478769826073E-4    2.6345756807705993E-4    1.7302920095975342E-4    1.1275247004143929E-4    7.292697573001328E-5     4.6833476756459144E-5    2.9872685809264716E-5    1.8931218022559234E-5    1.1923376456914911E-5    7.4655157326795625E-6    4.648120185824022E-6     2.8784778075500472E-6    1.7734609146488064E-6    1.087309516805226E-6     6.635168010863529E-7     4.0309474044268365E-7    2.4383910087747596E-7    1.4689959512611387E-7    8.815250179113602E-8     5.270080022533755E-8     3.1393246685449535E-8    1.8636144085030933E-8    1.1026499499196074E-8    6.503375511772025E-9     3.823968997130612E-9     2.2418999636803128E-9    1.31067118446044E-9      7.641766157677623E-10    4.443863076595523E-10    2.5777261107203856E-10   1.4916337570110448E-10   8.611427570432803E-11    4.960345781447602E-11    2.851065419403837E-11    1.635286231051706E-11    9.36058786225044E-12     5.347676500782853E-12    3.049357323711381E-12    1.7356410615587255E-12   9.861566479676958E-13    5.593596152669751E-13    3.1675190366004346E-13   1.790824199327437E-13    1.0109133985291873E-13   5.698006970975669E-14    3.2070068464432546E-14   1.8024520005602656E-14   1.0116555475162046E-14   5.670537642733135E-15    3.174352684266325E-15    1.7747678941364054E-15   9.910574501542859E-16    5.527666059009041E-16    3.0795318789750033E-16   1.7137253934725268E-16   9.526306225081973E-17    5.289897717977541E-17    2.934415523919777E-17    1.6261448539098E-17      9.00266778086729E-18     4.979291710887554E-18    2.751404999511011E-18    1.5188761433655079E-18   8.375057623670205E-19    4.608113140917663E-19    2.51809541030933E-19     1.335464159732354E-19    6.052195141731577E-20    0
% Data
% c (mol/m^3) @ t=400, u1=0.03, u2=0.01, u3=0.03
1                         0.9908021031839104       0.9784312622904888       0.9624295977234505       0.9423817613754366       0.9179411423621626       0.8888539594590631       0.8549774445266808       0.8162873022966942       0.772868516585288        0.7248823162881449       0.6725006192779379       0.6157973648185406       0.5545835494102156       0.48816909724827956      0.4150293883670415       0.34206205161211206      0.2779817542718819       0.22278559753925803      0.17612255878975697      0.13737894266603415      0.10576570592342878      0.08039962405690448      0.060372613706770606     0.04480610230036998      0.032889716073938834     0.023905447830875247     0.01723973890302847      0.012386583984600484     0.00894496145355914      0.006613771823982458     0.004979279770567234     0.0037212973137286083    0.00276171625676644      0.0020359432297984924    0.0014914100282514993    0.0010859582326960262    7.862309316653209E-4     5.66161389090685E-4      4.0561238289148595E-4    2.89191804433617E-4      2.0524975449933168E-4    1.450488345877473E-4     1.0209130048615921E-4    7.158285269685305E-5     5.001184441106843E-5     3.482356245354882E-5     2.417118545172136E-5     1.672747299866078E-5     1.154380380675405E-5     7.945621040086027E-6     5.455528738447643E-6     3.7371588711541837E-6    2.554486590332426E-6     1.7425324777354256E-6    1.1863901329527939E-6    8.06295639138343E-7      5.470521229391398E-7     3.705741188145784E-7     2.506541367514881E-7     1.6930381823983875E-7    1.142054366642973E-7     7.69429040901817E-8      5.177778458274349E-8     3.4804918967192975E-8    2.3371534696258928E-8    1.567864664312446E-8     1.0508196788958456E-8    7.036683650975262E-9     4.708130245595895E-9     3.14766514613268E-9      2.102838378910504E-9     1.403838234192465E-9     9.36563889942506E-10     6.244263973025415E-10    4.1606575661626284E-10   2.7707162417588105E-10   1.8440943940042356E-10   1.2267220401990063E-10   8.156264740964015E-11    5.420360074231435E-11    3.600523024759755E-11    2.390628413678175E-11    1.5866293232863975E-11   1.0525996008095213E-11   6.980430689795621E-12    4.6274217770086424E-12   3.066478731117182E-12    2.03137715647209E-12     1.34522856667523E-12     8.905547262134263E-13    5.893665712733817E-13    3.8990944193270397E-13   2.578469179842024E-13    1.7039674961932155E-13   1.1242573383330009E-13   7.383646674698856E-14    4.7789785146462066E-14   2.943328732068832E-14    1.4860789809691518E-14   0
% Data
% c (mol/m^3) @ t=500, u1=0.03, u2=0.01, u3=0.03
1                         0.9944685814769737       0.9869894144261268       0.9772211821688847       0.9648149746525375       0.9494232435780351       0.9307077503962977       0.9083442921826083       0.882021059122732        0.8514263240899927       0.8162197434954259       0.7759797904249904       0.7301176404858719       0.6777450269932791       0.6174799361054208       0.5471691793723915       0.47324168646181103      0.40469163993973634      0.3421855487455417       0.28610699319549987      0.2365787463538241       0.19349719038055802      0.1565747946935218       0.12538640478171287      0.09941553556209166      0.07809765447289757      0.060858431806679464     0.04714598417306184      0.03645712037227524      0.028358434006498873     0.022503731142222195     0.018098667565796367     0.014455830306164683     0.011469122300079092     0.009040600494361183     0.007081667137436588     0.00551362391128402      0.004267708542489584     0.003284737064649055     0.0025144679630081383    0.0019147906542898016    0.0014508233628665282    0.0010939870209598823    8.211041958611318E-4     6.135564030479963E-4     4.56520102811526E-4      3.3829136866694214E-4    2.497015299536674E-4     1.8362072118664668E-4    1.3454282408962266E-4    9.824335404156976E-5     7.150103587120658E-5     5.187379974416128E-5     3.752043193705922E-5     2.7059924170979554E-5    1.946152108991328E-5     1.3959457941444976E-5    9.987337138288635E-6     7.1279698915526555E-6    5.075285521884093E-6     3.605579123994876E-6     2.5559303300825515E-6    1.8080900647749539E-6    1.2765094397119625E-6    8.994873905897088E-7     6.326532455645956E-7     4.441881849281199E-7     3.113353144417474E-7     2.178602554076839E-7     1.5220981670163369E-7    1.061812600960456E-7     7.39635879060922E-8      5.144890479381708E-8     3.573917065868135E-8     2.4793854852374956E-8    1.7178885616482766E-8    1.1888209440766777E-8    8.217254407052615E-9     5.673398786031602E-9     3.912756857605572E-9     2.6956364010371204E-9    1.8552134502251432E-9    1.2755430570035479E-9    8.76150948996623E-10     6.012548892236472E-10    4.122369330644547E-10    2.823943012949245E-10    1.9328462637109713E-10   1.3218495671100495E-10   9.032754811318211E-11    6.167659330644412E-11    4.208108501546496E-11    2.8688819564820946E-11   1.9541392449084943E-11   1.3294332320423844E-11   9.02335235188945E-12     6.089175780324704E-12    4.040858536000613E-12    2.5416393851535727E-12   1.3019534494568126E-12   0
% Data
% c (mol/m^3) @ t=600, u1=0.03, u2=0.01, u3=0.03
1                         0.9964930005476731       0.9917316475639002       0.9854664362965186       0.9774246552837064       0.9673104184653606       0.9548030453286407       0.9395522152123132       0.9211676194251939       0.8991999182870584       0.8731086217673862       0.8422109738885967       0.8056039248385344       0.7620486710937397       0.7098038237128182       0.6463887364448777       0.5772949536209366       0.5108148833339081       0.4477940992545063       0.3889046274758568       0.3346375884179667       0.28530590447181103      0.2410559658836826       0.20188668698035897      0.16767412766892878      0.13819981116696867      0.11318102314687316      0.09230169374189377      0.07524289121979964      0.061712436481073336     0.05147362283184327      0.04337146737877975      0.036315455940032396     0.03021956497695452      0.02499428081564305      0.020549419135902466     0.01679651837176948      0.013650767528879563     0.011032463929332478     0.008868024474628849     0.0070905943984281745    0.005640310310543122     0.004464280422239561     0.00351634540029494      0.0027566796982895804    0.002151286814964424     0.0016714339437821286    0.0012930629019972315    9.962058162226797E-4     7.644263136195118E-4     5.843002345515623E-4     4.449442860402448E-4     3.375966109412589E-4     2.552498835799229E-4     1.9233513375581067E-4    1.444528969053126E-4     1.0814733245021987E-4    8.071849655787149E-5     6.0067867452574004E-5    4.457238900146591E-5     3.298263070453755E-5     2.4341088804592528E-5    1.791712137417167E-5     1.315548257780171E-5     9.635872881495728E-6     7.041337471883256E-6     5.133716464684719E-6     3.734674714396504E-6     2.711116794987504E-6     1.964026852533767E-6     1.4199676559764054E-6    1.0246329939685371E-6    7.379773932276379E-7     5.305515762561523E-7     3.807553620131541E-7     2.727855981059218E-7     1.9510845163450433E-7    1.393257414635323E-7     9.933627521996347E-8     7.071725977059701E-8     5.0269329510811385E-8    3.568282558465728E-8     2.5293651631432777E-8    1.7905110225453756E-8    1.2658202081524959E-8    8.937424567293911E-9     6.302506058913026E-9     4.4390417415741374E-9    3.1228712738621374E-9    2.194424026730664E-9     1.540277975352882E-9     1.0799275582096659E-9    7.563041581614072E-10    5.28992552773623E-10     3.69376166762375E-10     2.5715084876237376E-10   1.7778977809670884E-10   1.2063100038109065E-10   7.729389635391032E-11    4.009645451341569E-11    0
% Data
% c (mol/m^3) @ t=700, u1=0.03, u2=0.01, u3=0.03
1                         0.99767738491737         0.9945123328528619       0.9903194614085992       0.9848862835989446       0.9779690616833269       0.9692865140919061       0.9585100925342412       0.945248994362135        0.9290273363126946       0.9092499317859902       0.8851518069313203       0.85572485571528         0.8196127274683053       0.7749619661084525       0.7192133094808079       0.6569250580677085       0.595404100418415        0.5354535404520658       0.4777874377316866       0.4230152421594236       0.37163245673775425      0.3240176971773336       0.28043598003231596      0.2410477880473596       0.2059232533949709       0.17506067838933798      0.14840858073979396      0.12589049772892663      0.10743189283565152      0.09298865402420962      0.08112136912270775      0.07037572222609915      0.06071578361180096      0.05209377621962736      0.04445237376414408      0.03772705553729554      0.03184840978406334      0.02674429500197843      0.022341789236515888     0.018568879294336742     0.015355862939837699     0.01263645615761157      0.010348613501094716     0.008435081908101291     0.006843717047258151     0.005527596478839584     0.004444966100437468     0.0035590560595356057    0.0028378001548873292    0.0022534893039941194    0.001782385452628844     0.0014043177863840412    0.0011022786194125607    8.620321319005366E-4     6.717453682554554E-4     5.21647681471862E-4      4.0372214592853105E-4    3.114303477878469E-4     2.3947035647231256E-4    1.8356652191692154E-4    1.4028896167148975E-4    1.0690012943027739E-4    8.122562580010574E-5     6.154636336413474E-5     4.6509279914695926E-5    3.5053963461016505E-5    2.6352776153524458E-5    1.976231530527674E-5     1.4784308750935901E-5    1.10342951032484E-5      8.21667791584621E-6      6.104960830791385E-6     4.526165703674822E-6     3.3486066634644296E-6    2.4723406520595486E-6    1.8217406577625853E-6    1.3397435816879585E-6    9.834126750629035E-7     7.205270297607676E-7     5.269698897282512E-7     3.847356167328079E-7     2.804138294499135E-7     2.0404016121525036E-7    1.4822765042642965E-7    1.0751218165827355E-7    7.786063694307939E-8     5.6302326840262284E-8    4.0653532740708466E-8    2.9312160825533408E-8    2.110503211037018E-8     1.5174569922595317E-8    1.089487892259998E-8     7.80965862993604E-9      5.586225683600133E-9     3.981249429021418E-9     2.8146992472238937E-9    1.948956989922209E-9     1.269959106369063E-9     6.663166972648068E-10    0
% Data
% c (mol/m^3) @ t=800, u1=0.03, u2=0.01, u3=0.03
1                         0.9983998805714772       0.9962115605919872       0.993293796190798        0.9894786114255153       0.9845653928450127       0.9783126277504726       0.9704261684393086       0.9605424464719832       0.9482044405459923       0.9328273647747516       0.9136499182251202       0.8896654230358084       0.8595251438008328       0.8214033435289676       0.7728099438130934       0.7175105540401944       0.6618380924842072       0.6064813937344785       0.5520943717111505       0.4992809329090007       0.4485833638521821       0.40047470684500674      0.3553554510048984       0.3135546790005158       0.27533563624395874      0.24090553841300125      0.21042931152832028      0.18404686860862776      0.16189346595210066      0.14412264392494378      0.12910007168836882      0.11508682401607409      0.10209802533939406      0.09013516692002181      0.07918694515249626      0.06923041568974818      0.06023239373889162      0.052151025128140883     0.04493745202584858      0.0385375009808719       0.032893328430554244     0.027944968987827314     0.023631743609468656     0.019893497143759795     0.01667164686309326      0.013910034689819306     0.011555585410964788     0.0095587809445795       0.007873966550532194     0.006459508811754639     0.005277827407665747     0.004295323399385275     0.0034822262296276014    0.0028123802047013745    0.002262989156006858     0.0018143355292224756    0.0014494875372522992    0.0011540054104366166    9.156553131157468E-4     7.241372573018588E-4     5.708313844279895E-4     4.485653282275319E-4     3.514040164635608E-4     2.744622008020183E-4     2.1373919607378813E-4    1.659747297407277E-4     1.285244142619118E-4     9.925312413802762E-5     7.644445269382779E-5     5.8724411457246294E-5    4.4997591580165676E-5    3.43941105510301E-5      2.6225800961310254E-5    1.995024754280188E-5     1.5141433648950067E-5    1.146591120873474E-5     8.663553685134943E-6     6.5320863581419385E-6    4.914710429250459E-6     3.690246218824157E-6     2.7653161060778044E-6    2.0681703984102193E-6    1.5438299182654447E-6    1.1502788669820403E-6    8.55491658732723E-7      6.351191129961727E-7     4.706938025008719E-7     3.482425439357434E-7     2.572169566296093E-7     1.8967155244398126E-7    1.3963369363047573E-7    1.0262158003353754E-7    7.527569288569459E-8     5.5076177157599185E-8    4.012365214413216E-8     2.8963792961719167E-8    2.0436164292865335E-8    1.3523845267234868E-8    7.169496792597835E-9     0
% Data
% c (mol/m^3) @ t=900, u1=0.03, u2=0.01, u3=0.03
1                         0.9988644507136502       0.9973058281575268       0.9952140957586767       0.9924543311417644       0.9888602161449034       0.9842251412000422       0.978289925413784        0.9707257602870984       0.9611104495222204       0.948895290506359        0.9333589582632915       0.9135434197937484       0.888165103523508        0.8554921089457609       0.8131749395531593       0.7643376089576319       0.7144484334023714       0.6640751734757714       0.6137835287048004       0.5641249889879189       0.5156264682272773       0.4687822525044618       0.424048703157197        0.38184204721540277      0.342539469580802        0.3064835986603177       0.2739903547862575       0.24536001244783973      0.2208912154490038       0.20089757934186217      0.183631264152696        0.1671591392236247       0.15153194827432487      0.136789287896087        0.12295924950462399      0.11005838582190772      0.09809198845360091      0.08705464967554778      0.07693107042003124      0.06769706823526209      0.059320733977703134     0.05176368420753979      0.044982357466643925     0.03892930640261025      0.03355444350479637      0.02880620541407287      0.02463260872684277      0.020982178351628356     0.017804737293352607     0.015052053844447995     0.012678348278556493     0.010640666112191818     0.008899128766052034     0.00741707505035226      0.0061611084127253255    0.005101065462623616     0.004209921087596765     0.0034636446776110763    0.002841020742201486     0.0023234456957531235    0.0018947109320337622    0.0015407806199052925    0.0012495710131135056    0.001010736540010879     8.154665648331114E-4     6.562955136541625E-4     5.269280438103121E-4     4.2208010270534957E-4    3.373360597761824E-4     2.6902158803392785E-4    2.1409160003647997E-4    1.7003228725306476E-4    1.3477615158868616E-4    1.0662883452434603E-4    8.420652582988029E-5     6.638275514734175E-5     5.224342317262733E-5     4.1049004122290636E-5    3.220293915823539E-5     2.5225334806592372E-5    1.9731176117809275E-5    1.5412357713176914E-5    1.2022924419451048E-5    9.36699528558815E-6      7.288919488297664E-6     5.665279582860877E-6     4.398416742524713E-6     3.4112043104648816E-6    2.642840566484737E-6     2.0454695353612327E-6    1.5814703224679194E-6    1.2212810453121818E-6    9.416427275935479E-7     7.241605881762902E-7     5.540827094511261E-7     4.191844150625745E-7     3.086117609998334E-7     2.114623318832265E-7     1.147345427109833E-7     0
% Data
% c (mol/m^3) @ t=1000, u1=0.03, u2=0.01, u3=0.03
1                         0.9991718256752762       0.9980309189198929       0.9964897603210782       0.9944382516536915       0.9917371867766203       0.9882094100460924       0.9836277611387686       0.977698560649449        0.970038920730556        0.9601455248604421       0.9473516502646524       0.9307680238021091       0.9092014962927262       0.8810433405684467       0.8441160200928652       0.8010312629055081       0.756517106754833        0.711033702477901        0.6650582475741762       0.6190760794500428       0.5735725624205451       0.5290262159418534       0.485903492342159        0.4446555543054863       0.4057173276543882       0.3695090162666758       0.3364401663079621       0.30691625956191165      0.2813477036063621       0.2601609727647344       0.24156244509853972      0.22350945199553549      0.20607088732028778      0.1893085152640624       0.17327599076193545      0.15801809990575072      0.14357024101246954      0.1299581560625457       0.11719791119932177      0.10529611458051438      0.09425035070711059      0.08404980289679144      0.07467603012721503      0.06610386118506444      0.0583023678914559       0.05123587996338061      0.044865006535309455     0.03914763315353289      0.034039867781720114     0.02949691463184787      0.025473860099234476     0.02192636042075076      0.01881122563894498      0.01608689885597383      0.013713833480233554     0.011654774146767495     0.009874949223650849     0.008342184336377212     0.007026947217478616     0.005902334506127117     0.004944010979855866     0.004130111197946052     0.003441112769856724     0.002859689520430269     0.0023705517833554303    0.0019602799796279674    0.001617156579508134     0.0013310005431032203    0.0010930074130582077    8.955974097438085E-4     7.322731632490024E-4     5.974881092009411E-4     4.8652607367164326E-4    3.953921693008909E-4     3.207148110262764E-4     2.5965842490723436E-4    2.0984625641265114E-4    1.6929257429801965E-4    1.3634350249545197E-4    1.0962568582072304E-4    8.80019973537558E-5      7.053351877786632E-5     5.64470635890224E-5      4.5107561788212826E-5    3.599467929015665E-5     2.868310250334503E-5     2.28259757389823E-5      1.814103419439313E-5     1.4399026450347265E-5    1.1414065977757362E-5    9.035588947993626E-6     7.141622533623858E-6     5.6330785962652655E-6    4.428772880833212E-6     3.4608128943478023E-6    2.669868568531075E-6     1.999584785339052E-6     1.38891752190191E-6      7.603035365341027E-7     0
% Data
% c (mol/m^3) @ t=1100, u1=0.03, u2=0.01, u3=0.03
1                         0.9993713211663932       0.998502429810585        0.9973219814882364       0.9957384659683611       0.9936339974451267       0.9908559268224609       0.9872054585873572       0.9824221485231394       0.9761627404742493       0.9679722305222659       0.9572442709359521       0.9431669703519248       0.9246487106400912       0.9002166486810051       0.8678779178012057       0.8298387451641352       0.790202187570449        0.7493381749171295       0.7076434270930607       0.6655354970280214       0.6234470832968424       0.5818209412615624       0.5411057082462839       0.5017529291545508       0.46421552464313837      0.4289478854528299       0.39640770531093417      0.3670595829759567       0.34138033387654326      0.31986585605605433      0.3007316628422757       0.28189882401105787      0.2634402530289024       0.24542581010160375      0.22792117519857116      0.21098681227594146      0.19467705676903888      0.17903935336070234      0.16411366472724148      0.14993206481508173      0.13651852264958594      0.1238888751712573       0.11205098055317339      0.10100503723786089      0.09074404882125123      0.0812544110904325       0.07251659507654609      0.06450589890634804      0.05719324143550688      0.05054597196807337      0.044528672608202084     0.03910393272467288      0.03423307840147176      0.029876843373179106     0.025995971598611566     0.022551745137378662     0.019506434225100063     0.01682366929513486      0.01446873710561575      0.012408805071530674     0.010613079372279156     0.009052903428221492     0.007701803954990095     0.006535492062932259     0.005531826828526628     0.004670748484473305     0.003934187913416871     0.0033059585408400966    0.0027716360536096676    0.0023184306631025635    0.001935055919610855     0.001611597394385563     0.001339383897001605     0.0011108633023475315    9.194845318127951E-4     7.595867711029822E-4     6.262966129799483E-4     5.15433484831599E-4      4.234234541202758E-4     3.4722129394654765E-4    2.8424052995603387E-4    2.3229107205243767E-4    1.895239533086865E-4     1.5438264776903402E-4    1.2556041254547663E-4    1.0196309215699827E-4    8.267682917171509E-5     6.694013970292609E-5     5.41198296359462E-5      4.3690240938955795E-5    3.521531784831702E-5     2.833295604900178E-5     2.2741021115010647E-5    1.8184256130201904E-5    1.4440974446695034E-5    1.1307832969303339E-5    8.57989585124616E-6      6.021263204704907E-6     3.3181159147073233E-6    0
% Data
% c (mol/m^3) @ t=1200, u1=0.03, u2=0.01, u3=0.03
1                         0.9995060596865715       0.9988214958481034       0.9978869432808674       0.9966251307343367       0.9949351269281355       0.992684569592219        0.9896991354210087       0.9857482345477023       0.9805255389069485       0.973622443688747        0.9644918661227492       0.9523988396676631       0.9363530740757684       0.9150169001024012       0.8865796350897756       0.8529245145200199       0.8176300990605287       0.7809944704752486       0.7433467793454811       0.7050435957908469       0.6664652638339641       0.6280124834151173       0.5901033418906991       0.5531710032028598       0.5176622374887823       0.48403693687969446      0.4527687152767989       0.42434663210885837      0.3992780140406272       0.3780922762759033       0.35905442695158635      0.34010739581108923      0.32131866720187685      0.302755809911241        0.28448550024571445      0.2665725411545508       0.24907890531188787      0.23206282964524858      0.21557798713087054      0.1996727588551009       0.18438962552543106      0.16976469302477418      0.15582736150095647      0.14260014215447273      0.13009862061596247      0.11833156085530933      0.10730113916459626      0.09700329408569848      0.08742817533135125      0.07856067283790483      0.07038100609334731      0.06286535375928985      0.055986504262412154     0.049714509350308404     0.0440173244501257       0.038861421888684786     0.03421236548410424      0.030035337565045554     0.026295611994054197     0.02295896916546997      0.019992051137465206     0.017362656985857212     0.015039980099816993     0.012994790461221935     0.01119956596150914      0.009628577527186462     0.008257933272428504     0.007065587106091904     0.00603131722669247      0.005136679779560292     0.004364942662155119     0.0037010040809040143    0.003131300017214377     0.002643704278887532     0.002227424319096385     0.0018728955171327254    0.0015716761478201898    0.001316344830497584     0.0011004018510185167    9.181753955201534E-4     7.647334245239776E-4     6.358016499502666E-4     5.276878539382447E-4     4.3721260375045927E-4    3.616462671940248E-4     2.9865211254071725E-4    2.4623517920812976E-4    2.026965218844155E-4     1.6659234952900068E-4    1.3669748433592843E-4    1.119724270016874E-4     9.153308885170187E-5     7.462186361087666E-5     6.0578034225000094E-5    4.880432420934067E-5     3.872433178150824E-5     2.9721979752896064E-5    2.104785799931018E-5     1.1666507778343073E-5    0
% Data
% c (mol/m^3) @ t=0, u1=0.03, u2=0.01, u3=0.05
1                         -5.069401922626954E-8    2.7246567094188594E-15   3.421885013855475E-20    5.1055724537484466E-26   5.83175662509171E-32     5.952280712584885E-38    5.707686170230589E-44    5.259823408206148E-50    4.715343799709799E-56    4.142543792545948E-62    3.5833774282294243E-68   3.06196951560749E-74     2.59060428651965E-80     2.1739009194871822E-86   1.8056934550314537E-92   1.3347754831346906E-98   9.816850579026942E-105   7.188179146550167E-111   5.243002104880294E-117   3.811076492682696E-123   2.7617400151757433E-129  1.995821536869107E-135   1.4387349624972753E-141  1.0348091556610747E-147  7.427573592962126E-154   5.3212872010220465E-160  3.8057127693023976E-166  2.717462837428926E-172   1.9375441571647108E-178  1.3887772081796207E-184  1.2385196037995524E-190  1.1032106286323865E-196  9.8159636097268E-203     8.724828315246989E-209   7.747435580196723E-215   6.873238304280987E-221   6.092425040305077E-227   5.395919099426589E-233   4.775363714320992E-239   4.223097150294949E-245   3.73212084276034E-251    3.296062978282741E-257   2.9091393994880488E-263  2.5661132797102886E-269  2.2622546632563422E-275  1.993300686483072E-281   1.7554170710355264E-287  1.5451613032009446E-293  1.3594477738038672E-299  1.1955150443165494E-305  1.0508953271086E-311     9.096346E-318            1.0E-323                 0                        0                        0                        0                        0                        0                        0                        0                        0                        0                        0                        0                        0                        0                        0                        0                        0                        0                        0                        0                        0                        0                        0                        0                        0                        0                        0                        0                        0                        0                        0                        0                        0                        0                        0                        0                        0                        0                        0                        0                        0                        0                        0                        0                        0                        0                        0
% Data
% c (mol/m^3) @ t=100, u1=0.03, u2=0.01, u3=0.05
1                         0.9235571162935476       0.8264881275462274       0.7135636183568989       0.5920086967498737       0.47035035931310126      0.3568743322254031       0.25811039734122937      0.17780897564862294      0.11671141568058013      0.0730961743312722       0.04377949957124572      0.02514295828909752      0.013877591012021788     0.007346300275722881     0.003626100259456708     0.001648907453971279     7.301407073154036E-4     3.1574063833875177E-4    1.3369007975100084E-4    5.555466869525086E-5     2.2703239753056657E-5    9.140912744094368E-6     3.6317850183477707E-6    1.4259034049853094E-6    5.539066388500638E-7     2.1312644722748608E-7    8.131333767206522E-8     3.081941707382911E-8     1.1710652245532444E-8    4.75934247529921E-9      2.1449582452767026E-9    9.61920572187799E-10     4.2942157789044165E-10   1.90901726990224E-10     8.453913506691903E-11    3.73038648877028E-11     1.64063265240109E-11     7.193372540970595E-12    3.144920902007251E-12    1.3712808710294639E-12   5.964285507297814E-13    2.588062003049637E-13    1.1205674281754391E-13   4.8417878751496566E-14   2.0879999853621705E-14   8.987944247044783E-15    3.862243709394705E-15    1.656949165083864E-15    7.097518384970671E-16    3.035753332084441E-16    1.296645494352493E-16    5.53096267347126E-17     2.356311252679781E-17    1.0026350409274076E-17   4.261431099559293E-18    1.8092263783387143E-18   7.673194551510524E-19    3.251060373298673E-19    1.3761247957469004E-19   5.819583020646663E-20    2.458914543281932E-20    1.0380728147452874E-20   4.378843469780826E-21    1.845660545216778E-21    7.773522554310155E-22    3.2716711220062394E-22   1.376000594650849E-22    5.783299133475765E-23    2.4291315072632208E-23   1.0196578984991907E-23   4.277552000284972E-24    1.7934210196417083E-24   7.514909036194503E-25    3.1472241732175193E-25   1.3173515625530673E-25   5.511286592122457E-26    2.3045624839995684E-26   9.631961784740405E-27    4.023815624567217E-27    1.680213476422747E-27    7.0129327271109075E-28   2.925830766229819E-28    1.2201643211385975E-28   5.086418381654916E-29    2.1195092640667464E-29   8.828617138241062E-30    3.6761111311018466E-30   1.530126884907302E-30    6.366683199414499E-31    2.6481950577963195E-31   1.101137218442279E-31    4.5771096190441204E-32   1.9019674769659624E-32   7.900960653549898E-33    3.28112182746633E-33     1.3620904043957043E-33   5.648672849622739E-34    2.324077333423271E-34    8.792866663367451E-35    0
% Data
% c (mol/m^3) @ t=200, u1=0.03, u2=0.01, u3=0.05
1                         0.9684875493038838       0.9269776817348787       0.8752901137324937       0.8139319084510144       0.7441435313182574       0.667858169098511        0.587566930208229        0.5060985708014933       0.4263398080174421       0.35093634898958254      0.28201983935475317      0.22099754339253586      0.16841875992013386      0.12389833521678721      0.08603972912945008      0.05642495575952886      0.03616192300095786      0.022677849172743632     0.013934694305758114     0.008400682216413333     0.004975317979539081     0.0028984645614562603    0.0016629803942005098    9.407809349046558E-4     5.253795056694373E-4     2.8999301422565397E-4    1.5850736530549604E-4    8.618959948495004E-5     4.7349400397768445E-5    2.77506484323113E-5      1.7425947848008018E-5    1.087447477355521E-5     6.747048497964863E-6     4.1639318782875294E-6    2.55713864955596E-6      1.5632524742442086E-6    9.516534685950429E-7     5.770881618582501E-7     3.486957862503094E-7     2.0999530429014697E-7    1.2607769514374144E-7    7.547987623844321E-8     4.506905785377538E-8     2.6844952955206024E-8    1.595361605912504E-8     9.46099802123497E-9      5.599628301699537E-9     3.3081378484179954E-9    1.9510255154833522E-9    1.148803049566186E-9     6.754228425956594E-10    3.9654638481232525E-10   2.3250779692016913E-10   1.3615715205472873E-10   7.964053570884461E-11    4.6531549169776904E-11   2.715857894834366E-11    1.5835699705786302E-11   9.224880945067047E-12    5.369062765023979E-12    3.122264836619107E-12    1.8142305432709234E-12   1.0533757955204623E-12   6.111640384731595E-13    3.543482126380894E-13    2.0531189980089385E-13   1.1888359965686732E-13   6.879635545464506E-14    3.978831407397439E-14    2.2998660129665144E-14   1.3286667422091076E-14   7.671939704562685E-15    4.427702220566119E-15    2.554134493662002E-15    1.4726814608409175E-15   8.487518266462888E-16    4.889519943438247E-16    2.8156048754165136E-16   1.620702244308289E-16    9.325379925434435E-17    5.3637318338526463E-17   3.0839687812544546E-17   1.772556970173343E-17    1.0184563622689713E-17   5.849801122731652E-18    3.3589263470931198E-18   1.928078089836447E-18    1.106413303889997E-18    6.347204470303352E-19    3.640184929717176E-19    2.0871016200734418E-19   1.1963158917436187E-19   6.855383107944981E-20    3.9273095036885115E-20   2.2490015591175828E-20   1.2866196413120392E-20   7.328435372921957E-21    4.078393843464592E-21    1.971925926196186E-21    0
% Data
% c (mol/m^3) @ t=300, u1=0.03, u2=0.01, u3=0.05
1                         0.9837265211733552       0.9620061013929475       0.9342998013624427       0.90026409717433         0.8598047795466515       0.8131162408509327       0.7606984511175617       0.7033446940394802       0.6420945831735541       0.5781485986325552       0.5127416843362282       0.446973387847668        0.38158953049668876      0.31670441816301226      0.25144233595036075      0.1915741099392621       0.14335332256148808      0.10539591158649883      0.07616991183735052      0.054138681193151        0.037864797758127934     0.026074870215695826     0.017690418754596652     0.011832613440741676     0.007809286878701482     0.005091857134617837     0.0032882598072608146    0.0021162522172572204    0.001379904892544182     9.509517857120452E-4     6.880475710776921E-4     4.939155343740937E-4     3.518779387051852E-4     2.488660598931783E-4     1.7478341340382587E-4    1.2193241934475172E-4    8.451670261480935E-5     5.8221894214524575E-5    3.987149143402911E-5     2.71505524538904E-5      1.8388159045951072E-5    1.2389113764740824E-5    8.305759658736228E-6     5.54173943643018E-6      3.680669582579034E-6     2.4339065722037777E-6    1.6027131139811066E-6    1.0511319367323445E-6    6.867194953573219E-7     4.4698190345651075E-7    2.899034302200813E-7     1.8738331468816443E-7    1.2072047835015458E-7    7.752806206481605E-8     4.963838549074199E-8     3.1688912631233925E-8    2.0173246914809573E-8    1.2807623638120326E-8    8.11015073769121E-9      5.122691232589805E-9     3.2278670069017785E-9    2.0291714878726964E-9    1.2727504268542805E-9    7.965686167006643E-10    4.97497685213523E-10     3.1008294128263085E-10   1.9289155958588285E-10   1.1976374926698476E-10   7.422348830067893E-11    4.591842396524163E-11    2.835873831672811E-11    1.7484965033433106E-11   1.0763243325810793E-11   6.615211111365479E-12    4.059636378246522E-12    2.4876729867960876E-12   1.522233233664314E-12    9.301845194372217E-13    5.676419939889906E-13    3.4595070816890555E-13   2.1057380943515054E-13   1.280148625551843E-13    7.773153169857798E-14    4.7144295555941265E-14   2.8560770734154834E-14   1.728354289404476E-14    1.0447934168060177E-14   6.309212341462276E-15    3.806087067925387E-15    2.2937838896936033E-15   1.3810433913194513E-15   8.307171727761378E-16    4.99226265960438E-16     2.9973373177851976E-16   1.7976537242561656E-16   1.0761218925919078E-16   6.403527496404772E-17    3.7083140806124256E-17   1.8477675142075744E-17   0
% Data
% c (mol/m^3) @ t=400, u1=0.03, u2=0.01, u3=0.05
1                         0.9908021031878754       0.978431262301467        0.9624295977482237       0.9423817614284229       0.9179411424735595       0.8888539596917276       0.854977445011018        0.8162873033025613       0.7728685186698087       0.7248823205987311       0.6725006281717355       0.615797383124852        0.5545835869949723       0.48816917420550043      0.41502954548960697      0.3420623538691032       0.27798230235688304      0.2227865697057293       0.1761242654648985       0.13738191947337952      0.10577087064497656      0.08040853932280116      0.06038792309023603      0.04483224822612968      0.03293411116209973      0.023980367938636414     0.017365351421874425     0.012595739368969633     0.009290685845632796     0.007180836038062395     0.00574947515195008      0.004575604649313763     0.003620173516157379     0.0028481772214476305    0.002228738219128847     0.001735017680891194     0.0013440015517556102    0.0010362011526781774    7.953033941324937E-4     6.077993490169482E-4     4.6261335875620526E-4    3.507486465799175E-4     2.6495997640177887E-4    1.9945941304616555E-4    1.4965774823707184E-4    1.1194159470998161E-4    8.348439778155465E-5     6.208852398441172E-5     4.60550116946286E-5      3.407737269456288E-5     2.515589952403145E-5     1.8529166805791244E-5    1.3619742899569972E-5    9.991498238432113E-6     7.3162719343914865E-6    5.3480151387683156E-6    3.9028544991398804E-6    2.8438052749458576E-6    2.0691095344317186E-6    1.503381758834183E-6     1.090915356363935E-6     7.906431765700259E-7     5.723575371531601E-7     4.138848406303992E-7     2.989805358990415E-7     2.1576548179684233E-7    1.5556771437512694E-7    1.1206674169802734E-7    8.066287957315768E-8     5.801349568900789E-8     4.169270828825269E-8     2.994216680677583E-8     2.1488872149653024E-8    1.541223219008144E-8     1.104720258301656E-8     7.913824637065058E-9     5.666038716977798E-9     4.054549508841932E-9     2.8999191546265678E-9    2.0730940601762145E-9    1.4813271669646147E-9    1.0580113151804336E-9    7.553442926743943E-10    5.390417501601584E-10    3.8452955379129365E-10   2.742038566225738E-10    1.9546102227799263E-10   1.3928213658345128E-10   9.921669645298999E-11    7.065338152533924E-11    5.0297122083209073E-11   3.579426898595644E-11    2.546392563328386E-11    1.810510397924282E-11    1.2857435213412715E-11   9.098251192175904E-12    6.3606999580168815E-12   4.254343906307984E-12    2.3559818287069668E-12   0
% Data
% c (mol/m^3) @ t=500, u1=0.03, u2=0.01, u3=0.05
1                         0.9944685815594173       0.986989414648669        0.9772211826526085       0.9648149756415841       0.9494232455570092       0.9307077543200655       0.9083442999241876       0.8820210743430488       0.8514263539208177       0.8162198017839143       0.7759799039652391       0.7301178609403345       0.6777454536055144       0.6174807587864949       0.5471707600688024       0.47324455502809476      0.40469654209043704      0.3421937180111019       0.28612043387187647      0.23660067956982964      0.19353274975913567      0.15663210091820842      0.12547821000656245      0.09956171591327909      0.07832895046585996      0.061222002529679104     0.04771356287014016      0.0373368478970128       0.029711811761120987     0.024569580457602182     0.020857701327259552     0.017612047571441473     0.01479332012097727      0.012361654392160977     0.010277552265278999     0.008502673743318707     0.007000474765665501     0.005736688804577588     0.004679658990338009     0.0038005342894962446    0.0030733476918166653    0.0024749966562413826    0.001985146571768112     0.0015860771162496182    0.0012624895602251981    0.0010012906434416482    7.913659677893628E-4     6.233531502404235E-4     4.894224404525796E-4     3.8307024340253457E-4    2.989290577474411E-4     2.325957642188888E-4     1.8047896418695326E-4    1.396651462421342E-4     1.0780280707242816E-4    8.300322660839083E-5     6.375635125872204E-5     4.886013131013566E-5     3.736165254699204E-5     2.850846701213079E-5     2.1708638616433508E-5    1.6498156543760624E-5    1.251451848214433E-5     9.475436143831032E-6     7.1617601645583934E-6    5.403855775504174E-6     4.07078209485504E-6      3.0617354236103585E-6    2.299310506144123E-6     1.7242139589146249E-6    1.2911320199070622E-6    9.655116824978867E-7     7.2106148412964E-7       5.378170405027713E-7     4.006480928122277E-7     2.9810950222727017E-7    2.215592897998469E-7     1.6448335899354424E-7    1.2197970418495414E-7    9.036533747294326E-8     6.687738886214542E-8     4.944629027044977E-8     3.652400142010222E-8     2.6954167735204023E-8    1.9874152676368294E-8    1.46412485178068E-8      1.0777191047147648E-8    7.926504429523581E-9     5.8252766545837425E-9    4.27778739639394E-9      3.1390362623453224E-9    2.3016945452130445E-9    1.6863607816094115E-9    1.2342620881198727E-9    9.017190080914336E-10    6.557700879555617E-10    4.702790725461713E-10    3.2146890391891383E-10   1.8075263464761488E-10   0
% Data
% c (mol/m^3) @ t=600, u1=0.03, u2=0.01, u3=0.05
1                         0.9964930012849327       0.991731649516456        0.985466440421404        0.9774246634292071       0.9673104341462688       0.954803075175608        0.9395522716688794       0.9211677257454278       0.8992001177580643       0.8731089946570753       0.8422116684560781       0.8056052138240765       0.7620510541512592       0.7098082122668508       0.6463967856555775       0.5773089281654086       0.5108377234026849       0.4478304198124089       0.38896153910578113      0.33472591508679833      0.285441969185339        0.2412641814934422       0.20220327661073198      0.16815241164315103      0.13891763886410613      0.11425110165155601      0.0938857707266958       0.0775709833081918       0.06510854605031513      0.05638963646115036      0.049822334143393474     0.04381890477239836      0.03836300599162243      0.03343364009247078      0.0290058637170128       0.0250515596927162       0.021540234095304728     0.018439804278623642     0.01571734813979218      0.013339790667688922     0.011274510215828143     0.009489853374139469     0.007955553322822875     0.00664305179897685      0.005525729088063242     0.004579049681955219     0.003780633436429687     0.0031102633001360044    0.002549841108936225     0.002083302703629159     0.0016965029008933392    0.0013770797838862793    0.001114306519462073     8.989375692960044E-4     7.230548330358834E-4     5.799180091033642E-4     4.6382232693237036E-4    3.69965818397738E-4      2.9432746598661306E-4    2.335568895224993E-4     1.8487570257431002E-4    1.4599026957348759E-4    1.1501530788660709E-4    9.040758749637078E-5     7.09088667751042E-5      5.549714961656097E-5     4.3345342255274136E-5    3.378641483585036E-5     2.628422269142921E-5     2.0409206859936763E-5    1.5818265953190968E-5    1.2238167051343028E-5    9.451938143042571E-6     7.2877562132906045E-6    5.60991173882993E-6      4.311491126723498E-6     3.3084730934677857E-6    2.534983079998332E-6     1.93949174816303E-6      1.48177979564126E-6      1.1305222499122364E-6    8.613715978570877E-7     6.554411269907319E-7     4.981082328673867E-7     3.7807268813750014E-7    2.866174327418135E-7     2.1702974494151685E-7    1.6414905340939657E-7    1.240144672655845E-7     9.359060282302762E-8     7.055469594545126E-8     5.3131481040126385E-8    3.996500267683628E-8     3.00184132044351E-8      2.2493710128419234E-8    1.6762653980435814E-8    1.2296146402668794E-8    8.568136017808727E-9     4.8820537879311496E-9    0
% Data
% c (mol/m^3) @ t=700, u1=0.03, u2=0.01, u3=0.05
1                         0.9976773889265357       0.9945123433084003       0.9903194829870623       0.9848863249981116       0.9779691388433415       0.9692866559854133       0.9585103515245578       0.9452494646501924       0.9290281866439891       0.9092514631818504       0.8851545541261588       0.8557297645548629       0.8196214636636097       0.774977449959963        0.7192406372701756       0.6569708076952344       0.5954762113366712       0.5355639396205651       0.47795371220020744      0.4232629964691432       0.37199859571243615      0.3245549464063132       0.2812190426249927       0.24218163700239725      0.20755417239272048      0.17739078565356758      0.15171469298050977      0.1305483016619704       0.11394647237817998      0.10203244757447297      0.09278366988752575      0.08405495022610811      0.07585658276976757      0.06819386248855462      0.06106708998401874      0.05447170705276506      0.048398553922354225     0.042834233614589        0.03776156463113748      0.033160100335982004     0.02900669208832922      0.025276073286809937     0.02194144284370434      0.01897502896605044      0.01634861718951594      0.014034030094512425     0.012003549755182434     0.010230277492045003     0.008688428729810035     0.007353563569509451     0.006202755988624103     0.005214706352496396     0.004369803163232938     0.003650140727304905     0.003039499749886484     0.0025232978344508663    0.0020885165565806873    0.0017236112661430279    0.001418409120845312     0.0011640001269358534    9.526252094486714E-4     7.775645943129126E-4     6.330290870365304E-4     5.140561974562253E-4     4.1641249916492945E-4    3.365031310775108E-4     2.7128894745139214E-4    2.182114980432114E-4     1.7512576587466833E-4    1.4024039864266494E-4    1.1206503271683875E-4    8.936421735605422E-5     7.111739299201175E-5     5.6484353539673844E-5    4.4775621873917654E-5    3.5427183929778944E-5    2.7979055325106598E-5    2.205719083714745E-5     1.735828817177612E-5     1.3637080657464865E-5    1.0695756819357945E-5    8.375186819800524E-6     6.547675508468087E-6     5.110998679875815E-6     3.983512737583308E-6     3.1001581720967497E-6    2.4092040854422317E-6    1.8696045550693044E-6    1.4488580963181105E-6    1.1212790376143998E-6    8.666043854870347E-7     6.688716566788128E-7     5.155116576470187E-7     3.966036827852401E-7     3.0423496589282834E-7    2.318815480840115E-7     1.7366069715415115E-7    1.2314123064014247E-7    7.101122783447667E-8     0
% Data
% c (mol/m^3) @ t=800, u1=0.03, u2=0.01, u3=0.05
1                         0.9983998960042977       0.996211600328918        0.9932938766144139       0.9894787619958406       0.9845656658193171       0.978313115066543        0.9704270309019385       0.9605439639779421       0.9482070981216005       0.9328319992903814       0.9136579674210323       0.8896793462151641       0.8595491291166606       0.8214444912832869       0.7728802362529437       0.7176246812161868       0.6620126266748139       0.6067403095375219       0.5524717286404707       0.49982449243433646      0.44935940789504786      0.40157438320356414      0.35690303443749777      0.3157182015640477       0.27834040191080417      0.24505108763254815      0.21611043122079487      0.19177923908551792      0.17234448243238787      0.15814782787723428      0.14688796709860072      0.13601451781352003      0.12555404403700135      0.11553016022698938      0.10596313045948069      0.09686953607701164      0.08826202426259203      0.08014914651318361      0.07253529202009783      0.06542071679130174      0.058801665259557434     0.05267057737448552      0.04701637099482711      0.04182478693799919      0.03707878239856307      0.03275895763909645      0.028844000848813348     0.025311136769805925     0.022136565984551954     0.01929588349647991      0.016764467265658257     0.014517829536615257     0.012531925981799615     0.010783419770169937     0.009249899568519468     0.00791005213196863      0.006743791503073186     0.0057323479020222855    0.004858320158008063     0.0041056960232500345    0.0034598449560197943    0.0029074879935171755    0.0024366491988291896    0.0020365928978787013    0.0016977505596440946    0.0014116407498309892    0.0011707851338791958    9.68623043945923E-4      7.994266754847009E-4     6.582185565532535E-4     5.406925469442094E-4     4.4313928072633915E-4    3.623766677095063E-4     2.956858170560993E-4     2.4075253817320002E-4    1.9561440716841141E-4    1.5861325766830823E-4    1.2835285830549827E-4    1.0366147111301371E-4    8.355894091221255E-5     6.722794126151908E-5     5.398899371503516E-5     4.327888050696323E-5     3.463208326338978E-5     2.766489933002158E-5     2.206191059997694E-5     1.756450551234181E-5     1.3961181648353278E-5    1.1079382717387279E-5    8.778648248307674E-6     6.944874926177887E-6     5.485501461050252E-6     4.3254261578188E-6       3.403430173306381E-6     2.6687694891662924E-6    2.0773233043227783E-6    1.5860378017888699E-6    1.1429100585513754E-6    6.663479811094817E-7     0
% Data
% c (mol/m^3) @ t=900, u1=0.03, u2=0.01, u3=0.05
1                         0.9988556994263588       0.9972853404156042       0.9951785142739025       0.9924000175040252       0.9887833985481492       0.9841221323603995       0.9781574265851274       0.9705612713442278       0.9609128122907111       0.9486654054234834       0.9331007372176067       0.9132650772572012       0.8878809543139746       0.8552251504098154       0.8129606737486536       0.7642183443117792       0.7144680376532409       0.6642877147725166       0.614256185474273        0.5649421890766594       0.5168955433884938       0.4706409138833345       0.4266746576047608       0.38546508045259564      0.34745631658688936      0.3130758987596515       0.282745941601877        0.2568977082906645       0.23598917543698994      0.22052505126740368      0.2080713341734992       0.1958453408646296       0.18387790120236028      0.17219912009711272      0.16083796491597807      0.14982185174044274      0.13917624274781668      0.12892426725396933      0.11908637858143555      0.10968005790825679      0.10071957465968119      0.09221581092127966      0.08417615490697876      0.07660446586038085      0.06950111006301382      0.06286306502496648      0.05668408658154268      0.05095493162819666      0.04566362767717715      0.04079577936021485      0.036334901444880996     0.0322627678590851       0.028559766583353668     0.02520525100889128      0.02217787939284985      0.01945593528649106      0.017017623182875967     0.014841335049458865     0.012905884807792728     0.011190709139557184     0.009676034190557634     0.00834300878090792      0.0071738055917871125    0.00615169247992728      0.005261076573047171     0.004487524133243466     0.0038177593570428115    0.003239645330320009     0.0027421502955286507    0.0023153022401214713    0.0019501346004351344    0.0016386256148816615    0.0013736335720418904    0.001148829898656582     9.586317323149605E-4     7.98135333921316E-4      6.630514233143566E-4     5.496432729602113E-4     4.54668172672423E-4      3.7532268437868706E-4    3.0919194023660277E-4    2.542030990210316E-4     2.085829630011385E-4     1.7081966828490252E-4    1.3962829325835053E-4    1.1392017946278162E-4    9.277572397086612E-5     7.542037854747542E-5     6.120357411289487E-5     4.9580272348559825E-5    4.0094817134163345E-5    3.2366691393530205E-5    2.6077625193258608E-5    2.0959128530077495E-5    1.6778671169102752E-5    1.3320811362035556E-5    1.0355273119960957E-5    7.574376583522901E-6     4.460887451325598E-6     0
% Data
% c (mol/m^3) @ t=1000, u1=0.03, u2=0.01, u3=0.05
1                         0.9991524195273018       0.997985460483146        0.9964107330101595       0.9943174444978435       0.9915659874593992       0.9879792420602599       0.983330695914708        0.977328141273742        0.9695912437545645       0.959620644210236        0.9467553980594575       0.9301143958666722       0.9085158390546952       0.8803667218207536       0.8435114004171643       0.8005747942591532       0.7562877463411645       0.7111242873025863       0.6655781681876388       0.6201553079529689       0.5753673227388255       0.5317265684108208       0.48974307554931223      0.44992368402020416      0.4127735941234766       0.3788004450359822       0.3485209110039605       0.322469673786002        0.30121048859077937      0.28534891274134366      0.2724356437767638       0.25960808405911506      0.24689373309508492      0.2343207603307002       0.221917748412565        0.20971340702964616      0.19773626210817896      0.18601432649541663      0.17457475946852197      0.16344352335816095      0.1526450462092575       0.14220189965924962      0.13213450106597893      0.12246084835857451      0.11319629513807598      0.10435337226813744      0.09594166063929435      0.08796771804789927      0.08043506129669839      0.07334420279368764      0.06669273918995386      0.06047548803552876      0.05468466710946053      0.04931011004278969      0.044339511127883514     0.039758691802415855     0.03555188120130345      0.03170200336018705      0.028190964092837077     0.024999931207224126     0.022109602521399575     0.01950045704005567      0.017152985606698583     0.015047898309917087     0.01316630685627894      0.011489880994938534     0.010000978865601886     0.00868275182508628      0.007519224878445646     0.006495354294985876     0.005597064329368036     0.0048112651996640105    0.004125854607254331     0.003529705129657951     0.003012639789876711     0.0025653980182168312    0.002179594088202797     0.001847669939770786     0.0015628441119353565    0.001319058303693733     0.0011109228746669336    9.336623928954072E-4     7.830621417561343E-4     6.554163150537777E-4     5.474784613121509E-4     4.564145857809853E-4     3.7975918001788593E-4    3.1537431871504724E-4    2.614118291929202E-4     2.1627837335066088E-4    1.7860302568198765E-4    1.4720645577326715E-4    1.210698497036238E-4     9.929962170540925E-5     8.107944428535514E-5     6.559126112442836E-5     5.186542962750676E-5     3.847325122758856E-5     2.2873128942561312E-5    0
% Data
% c (mol/m^3) @ t=1100, u1=0.03, u2=0.01, u3=0.05
1                         0.9993513726823119       0.9984556770212969       0.9972406354599004       0.9956139705637823       0.9934573183189827       0.9906179975830959       0.986897825980024        0.9820378700939285       0.9756976063922186       0.9674264105307403       0.9566245347548303       0.9424897059954209       0.9239440863278408       0.8995344547345608       0.867295921492735        0.829451484643125        0.7901083899453193       0.7496557493450083       0.7085124024045834       0.6671221263572423       0.6259493512982256       0.5854756842891635       0.5461975172072874       0.5086249478406774       0.4732821824588295       0.4407095118274915       0.4114668628346654       0.38613882648271386      0.36534095239799047      0.3497269831335721       0.33691621820148165      0.32408221216320665      0.31124609469401915      0.2984302254169948       0.2856580905893858       0.27295417150973256      0.260343784320289        0.24785289176555614      0.23550788844632606      0.223335362138451        0.21136183477716997      0.19961348768645243      0.1881158765021835       0.17689364194443408      0.16597022309068596      0.1553675800524351       0.14510593293934743      0.13520352370083777      0.12567640687343887      0.11653827445797824      0.10780031914142585      0.09947113891323403      0.09155668486138285      0.08406025262900951      0.07698251672794525      0.07032160569624586      0.06407321500142205      0.05823075366874478      0.05278551988304554      0.04772690028967025      0.043042587411103804     0.03871880949513698      0.03474056720400089      0.031091871819944026     0.027755980054142208     0.024715621072094848     0.021953211957819064     0.01945105849957929      0.01719153886177528      0.015157268384129868     0.01333124439746484      0.011696970546441693     0.010238560649509936     0.008940822595238283     0.0077893231666784635    0.006770434999647478     0.005871367118238997     0.0050801806555210985    0.004385791465262201     0.0037779613690443374    0.003247279770462758     0.00278513731270757      0.002383693165797259     0.0020358374122399717    0.0017351498601734375    0.0014758564527000313    0.0012527842557903356    0.001061315775177558     8.973430259192886E-4     7.57221244877913E-4      6.377211504643961E-4     5.359766829312896E-4     4.494210548833724E-4     3.7569524187231216E-4    3.1249446907695753E-4    2.5727851694557776E-4    2.0668669057169993E-4    1.5531676338672077E-4    9.314000805855893E-5     0
% Data
% c (mol/m^3) @ t=1200, u1=0.03, u2=0.01, u3=0.05
1                         0.9994888819100937       0.9987812258360299       0.9978168480260337       0.9965178020892062       0.9947827416985217       0.9924793054501077       0.9894337940861343       0.9854171418772124       0.9801258190596331       0.9731558067420182       0.9639671135565393       0.9518353922398026       0.9357859800628273       0.9145040156900568       0.8862120225879837       0.8528107825142722       0.817881695742454        0.781746522403818        0.7447613204818221       0.7073136959992318       0.6698202233925223       0.6327242341705801       0.596494155286782        0.5616225497015843       0.5286259703899141       0.498045686037842        0.470449272853067        0.446432993768637        0.42662480585074464      0.4116877514492172       0.39936381842278934      0.3869419121034894       0.37443657509373995      0.3618636194321533       0.3492401193067031       0.33658438599114665      0.3239159230837465       0.3112553604018845       0.2986243652674688       0.28604553040490355      0.27354223825799534      0.2611385021996741       0.24885878583701374      0.23672780237572244      0.22477029677004443      0.21301081410975023      0.2014734583485613       0.19018164602242227      0.1791578600099449       0.16842340862572897      0.1579981953927834       0.14790050470490806      0.13814680826552958      0.12875159668785943      0.11972723998310747      0.11108387987731014      0.10282935601739848      0.09496916719142325      0.08750646773575432      0.08044209837214228      0.07377464984544684      0.06750055694968463      0.06161421986099478      0.056108149159565614     0.05097313052976077      0.046198404882780195     0.041771859546705516     0.03768022620634892      0.033909281436714525     0.030444045942130717     0.027268978968732406     0.024368164780131644     0.021725488553731815     0.019324799547849186     0.017150059888744254     0.015185477815088253     0.013415624681075489     0.011825535446870497     0.010400792767673226     0.009127595124387242     0.007992809716029859     0.006984011054787253     0.006089506368051965     0.005298349016242373     0.0046003411753243635    0.003986026993623033     0.003446677276512935     0.0029742663947674814    0.0025614413653199768    0.0022014815126490585    0.0018882439220852206    0.0016160832124625009    0.0013797201155588991    0.0011740037976324669    9.934506393936351E-4     8.313112963244611E-4     6.776428548625351E-4     5.152860522303183E-4     3.1143968762951496E-4    0
% Data
% c (mol/m^3) @ t=0, u1=0.03, u2=0.03, u3=0.01
1                         -5.069401922626954E-8    2.7246567094188594E-15   3.421885013855475E-20    5.1055724537484466E-26   5.83175662509171E-32     5.952280712584885E-38    5.707686170230589E-44    5.259823408206148E-50    4.715343799709799E-56    4.142543792545948E-62    3.5833774282294243E-68   3.06196951560749E-74     2.59060428651965E-80     2.1739009194871858E-86   1.8116935220209655E-92   1.5009909045016198E-98   1.2372872974977217E-104  1.015419065811261E-110   8.301070463814943E-117   6.762838972050278E-123   5.492767350883951E-129   4.448943684387123E-135   3.594533927904736E-141   2.897666906428521E-147   2.3311027459801186E-153  1.8717906380387196E-159  1.500384534310125E-165   1.2007596339522038E-171  9.595550075737777E-178   7.632196000961597E-184   5.427396018861907E-190   3.8549545603387843E-196  2.7350572612376554E-202  1.9384894695194723E-208  1.372580992824993E-214   9.709909975201274E-221   6.863064900955499E-227   4.846941070398908E-233   3.4204514368150854E-239  2.412031382965696E-245   1.699740854307356E-251   1.1970102231105439E-257  8.424466867369008E-264   5.92556046944665E-270    4.1655368938083064E-276  2.9267009486790717E-282  2.0552375860798865E-288  1.4425532701097277E-294  1.01203844747138E-300    7.096857684858008E-307   4.97447172923E-313       3.8823E-319              0                        0                        0                        0                        0                        0                        0                        0                        0                        0                        0                        0                        0                        0                        0                        0                        0                        0                        0                        0                        0                        0                        0                        0                        0                        0                        0                        0                        0                        0                        0                        0                        0                        0                        0                        0                        0                        0                        0                        0                        0                        0                        0                        0                        0                        0                        0                        0
% Data
% c (mol/m^3) @ t=100, u1=0.03, u2=0.03, u3=0.01
1                         0.9235571163098392       0.826488127608433        0.7135636185703763       0.5920086974692059       0.4703503617148358       0.3568743401739013       0.2581104233944198       0.17780906013675302      0.1167116864283028       0.07309703052921673      0.04378216737192735      0.025151134428576104     0.013902189841252915     0.007418795922415704     0.0038348872257307123    0.0019262906418140648    9.430390971365604E-4     4.511881461107013E-4     2.1148291483846803E-4    9.732891832241907E-5     4.4066891156304405E-5    1.9662786339535362E-5    8.65984493992501E-6      3.7696306579943472E-6    1.6237967294756451E-6    6.928902781702543E-7     2.9314145149295736E-7    1.2300642153373635E-7    5.1036053139323236E-8    2.027819205005943E-8     7.536167448402703E-9     2.785679572067202E-9     1.0246394974725463E-9    3.75187124194895E-10     1.3681059358764593E-10   4.9696700036119296E-11   1.7988609510514176E-11   6.489975411170215E-12    2.3343486578549803E-12   8.372543203373928E-13    2.995029117907678E-13    1.0687395279932529E-13   3.8048555993332984E-14   1.3516435554274583E-14   4.791821715491053E-15    1.695530264024428E-15    5.98858874254896E-16     2.1115493756165676E-16   7.433204624334967E-17    2.6126798443337428E-17   9.169927628156969E-18    3.2140085685515713E-18   1.1250169316612698E-18   3.9330493793670674E-19   1.373357345674752E-19    4.790107903045304E-20    1.6689249718039418E-20   5.808698646485414E-21    2.0197183541927602E-21   7.016021506786139E-22    2.434984643258686E-22    8.443505870457034E-23    2.925403416257004E-23    1.0127431558748702E-23   3.50329640553406E-24     1.210963710902163E-24    4.182866665369337E-25    1.4438327276239399E-25   4.9804711769804333E-26   1.7168993214110864E-26   5.914931420814884E-27    2.0365460575275186E-27   7.007887043450874E-28    2.4101082780300515E-28   8.284198422023605E-29    2.846009897550733E-29    9.772404691934785E-30    3.353917876276604E-30    1.1505244664769846E-30   3.944917867763312E-31    1.3520249035313088E-31   4.6317138657303366E-32   1.586041337334183E-32    5.4288550423924294E-33   1.8574962633280325E-33   6.352993386477029E-34    2.1720219310546497E-34   7.423176217802734E-35    2.53605889471658E-35     8.66117818275556E-36     2.956967842744109E-36    1.0091877809902951E-36   3.4431560506757586E-37   1.1743671169236902E-37   4.0041764120380766E-38   1.3647475977081572E-38   4.6460043813516746E-39   1.5676041347319902E-39   4.83928158869772E-40     0
% Data
% c (mol/m^3) @ t=200, u1=0.03, u2=0.03, u3=0.01
1                         0.9684198249109268       0.9268338871396125       0.8750793175163745       0.8136823821586273       0.7438989560824335       0.6676688154033168       0.5874788148236615       0.506145631923281        0.42654513753822443      0.3513287304017492       0.28267288701922505      0.22210352879266743      0.1704213257235627       0.1277315495198856       0.09355958900080645      0.06701796093057881      0.04698655121306478      0.03227411779414496      0.021741446579274626     0.014379760265584508     0.009348213263619818     0.005980018983021037     0.0037683159208426647    0.002341640517933635     0.0014363258604325854    8.704157799998295E-4     5.21407630191726E-4      3.085304833671767E-4     1.7927948118179402E-4    9.93796901059354E-5      5.21453602325222E-5      2.7150961158740572E-5    1.4037388313411085E-5    7.21067338245956E-6      3.6820438098041376E-6    1.8699967104460095E-6    9.449918673643206E-7     4.7536813062200943E-7    2.3812798971944325E-7    1.1882787336125709E-7    5.9086665087600486E-8    2.928515198856097E-8     1.4471206936004786E-8    7.131214983249505E-9     3.5052319861857042E-9    1.7188935449140704E-9    8.410794440681087E-10    4.107246487046865E-10    2.0019526475634195E-10   9.741009891730248E-11    4.7321010644739414E-11   2.2953657752466005E-11   1.11183784331874E-11     5.3785181925179496E-12   2.5986752258287813E-12   1.254131183310102E-12    6.045972032907586E-13    2.911719801494248E-13    1.4009385338311886E-13   6.734391162034468E-14    3.234515046676242E-14    1.5522859134648787E-14   7.443968777226972E-15    3.5671784845256406E-15   1.7082385675471246E-15   8.175048787560692E-16    3.9098855205686235E-16   1.8688839831530242E-16   8.928060698636256E-17    4.2628445903255466E-17   2.034322443677554E-17    9.703483858528295E-18    4.626283677526524E-18    2.2046619643106615E-18   1.0501828502389203E-18   5.000443245343488E-19    2.3800156656299873E-19   1.1323626030560582E-19   5.3855726518197704E-20   2.5605004574546143E-20   1.2169424198239124E-20   5.781928400851824E-21    2.7462364067289246E-21   1.3039784847331131E-21   6.189773335453901E-22    2.9373464535289515E-22   1.3935282914111123E-22   6.609376279836947E-23    3.133956242065861E-23    1.485650467054735E-23    7.041008575289238E-24    3.336186098174893E-24    1.5803857606574187E-24   7.484492423111277E-25    3.5430779827822992E-25   1.6752081213921505E-25   7.878664061681064E-26    3.608845267741637E-26    1.423735818667757E-26    0
% Data
% c (mol/m^3) @ t=300, u1=0.03, u2=0.03, u3=0.01
1                         0.983712724844233        0.961976372799214        0.9342557040184986       0.9002133329916292       0.8597647244662636       0.8131195927911484       0.7608030399689981       0.703651258235205        0.6427791668786794       0.5795207130667528       0.5153462930122598       0.45176522902042276      0.3902237928897892       0.3320103040896452       0.2781780094876907       0.2294938134724297       0.18641694785505553      0.14910716712431724      0.11745796895880956      0.09114746724786349      0.0696983130395867       0.05253844855275687      0.039056099592102385     0.02864467576394198      0.020735565572876133     0.014818728060515837     0.010452221510295989     0.007262253485225071     0.004934929548790983     0.003199501741954809     0.0019765379146222837    0.0012085621769659482    7.318231690179482E-4     4.39073113587422E-4      2.611376473680868E-4     1.5402847864330328E-4    9.013995173680643E-5     5.2359272188951484E-5    3.0199165354013475E-5    1.7301221118693247E-5    9.848845326124272E-6     5.572604689288981E-6     3.1349092280733626E-6    1.7539099677271855E-6    9.761572243762846E-7     5.405927077399779E-7     2.979613658932717E-7     1.6348750598202289E-7    8.931695727482026E-8     4.8595123544202796E-8    2.633544604416923E-8     1.4218478024334834E-8    7.648934498786501E-9     4.1006351034924055E-9    2.191123587113258E-9     1.1670995476874963E-9    6.197701299459538E-10    3.281621323003616E-10    1.7327338840886165E-10   9.124491224674108E-11    4.79252204658061E-11     2.5109679834882268E-11   1.312443242729977E-11    6.8441704017953084E-12   3.5612191276311536E-12   1.8490515665783463E-12   9.580869159734825E-13    4.9544774440064E-13      2.5571596202747887E-13   1.317387078215208E-13    6.774725965685734E-14    3.4779133747661606E-14   1.782457593401011E-14    9.12045832217891E-15     4.65943929632633E-15     2.376794925065915E-15    1.210629890714051E-15    6.157612732028427E-16    3.1276163072365315E-16   1.586473055971402E-16    8.036876998176594E-17    4.066248028033613E-17    2.0547934994350106E-17   1.0371115632732868E-17   5.2285387799943215E-18   2.6329751404591182E-18   1.3244580334398716E-18   6.65529919881837E-19     3.340775704917521E-19    1.675287304471947E-19    8.392759284089062E-20    4.2005258519320564E-20   2.1003491701649653E-20   1.0491925547378497E-20   5.2347809485256375E-21   2.6058394200490554E-21   1.2876494448142873E-21   6.166411393216255E-22    2.514628296014051E-22    0
% Data
% c (mol/m^3) @ t=400, u1=0.03, u2=0.03, u3=0.01
1                         0.9906886990064313       0.9781768087216682       0.962020008695205        0.9418270919072158       0.9172895017930955       0.8882101500814863       0.8545290522067122       0.8163432238786459       0.7739184562187049       0.7276910528956811       0.6782583597409876       0.6263578920468669       0.5728359718841487       0.5186078978566124       0.464612634643918        0.4117656849114321       0.36091407634346845      0.312797199959284        0.268016581502181        0.2270166393786378       0.1900772264706815       0.1573174487856976       0.12870907485260427      0.10409692162165207      0.08322296801123491      0.0657505423654538       0.0512845709115684       0.03938324349856739      0.02955507321267456      0.021232503934655467     0.014632102916637945     0.009976636130844374     0.006733113288272912     0.004499683501547323     0.0029789206987668997    0.001954429305097774     0.0012712598792179032    8.201010694780296E-4     5.249045140595852E-4     3.3344964424167746E-4    2.1031502553495762E-4    1.3174967093407093E-4    8.199988474610922E-5     5.072277550979437E-5     3.119298691469905E-5     1.907699423182499E-5     1.160629899402922E-5     7.026472171709785E-6     4.234157450446517E-6     2.5404267909720866E-6    1.5180219780517548E-6    9.036510645600568E-7     5.360342356431517E-7     3.1693433129232643E-7    1.8682941568643548E-7    1.0983303189767074E-7    6.440851326416002E-8     3.76864508894853E-8      2.200726470996309E-8     1.2828943835099226E-8    7.4672830691947E-9       4.340917195580069E-9     2.5208381805899526E-9    1.4626726618577709E-9    8.48161344420608E-10     4.91615181509679E-10     2.8488483730802637E-10   1.6507730714164446E-10   9.566448445544487E-11    5.545298567533973E-11    3.215654333680992E-11    1.8656793345382838E-11   1.0831142968086516E-11   6.292467677261558E-12    3.65856056773044E-12     2.1289656866867246E-12   1.2399852477146514E-12   7.228831239167314E-13    4.218246853850198E-13    2.463835255836647E-13    1.440475389637506E-13    8.429641302434535E-14    4.9375599753605175E-14   2.894700392879774E-14    1.6985103909427797E-14   9.974464007035656E-15    5.862051216367348E-15    3.4476973048367295E-15   2.0291214630661113E-15   1.194992466817993E-15    7.041686150737847E-16    4.1515508067765264E-16   2.448537665321822E-16    1.4441684348602102E-16   8.509588341388276E-17    4.9935851995653267E-17   2.888534438445611E-17    1.589626267561014E-17    7.165600156323971E-18    0
% Data
% c (mol/m^3) @ t=500, u1=0.03, u2=0.03, u3=0.01
1                         0.9944303301489616       0.986910112585953        0.9771143274273734       0.9647220338060172       0.9494308033455546       0.9309727569129815       0.9091314284394841       0.8837584690991146       0.8547890425681148       0.8222546747096952       0.7862923337790375       0.7471486486804374       0.7051784307213422       0.6608370416952154       0.614666623461366        0.5672767289757628       0.5193204141585039       0.47146729706705043      0.42437539840282573      0.37866368830693636      0.33488714051907315      0.29351572133770565      0.25491812262486124      0.21935019838826947      0.1869469823043174       0.15771580342574143      0.13152625097801873      0.10809030974073852      0.08692245439242906      0.0672641610725354       0.050280601375656486     0.03723189107938496      0.027319592593734062     0.019871173241508725     0.0143320112702284       0.010253384992782274     0.007278528173789647     0.00512829380076735      0.003587475607880702     0.0024924247101812415    0.001720278993967526     0.0011798925251912268    8.043996632129141E-4     5.452584637685198E-4     3.67574486405713E-4      2.4649497555956313E-4    1.6447276285410303E-4    1.0922012153305378E-4    7.21987672895043E-5      4.751900120966497E-5     3.114608421863324E-5     2.0334001378556092E-5    1.3225331768722915E-5    8.571015552661884E-6     5.535722090725957E-6     3.5637204355584886E-6    2.287116293890254E-6     1.4635009760508448E-6    9.33855895855503E-7      5.943029442750616E-7     3.772536149668457E-7     2.388966974344443E-7     1.509347487826322E-7     9.515231803306392E-8     5.986140236513502E-8     3.758511135861202E-8     2.3554187141530084E-8    1.4734775458371125E-8    9.201949307355969E-9     5.737371067840777E-9     3.5717155872964687E-9    2.2202603898889343E-9    1.3782394384081558E-9    8.544136216525341E-10    5.290075434269229E-10    3.271386115246888E-10    2.020703677364882E-10    1.246802517572483E-10    7.684913781007427E-11    4.7320301955648926E-11   2.9110050258305654E-11   1.789138804546753E-11    1.0986729328145713E-11   6.7411321758671955E-12   4.13288281803442E-12     2.531885742462219E-12    1.549958071392247E-12    9.481865641505776E-13    5.796657693923183E-13    3.54145350053351E-13     2.1622746892773426E-13   1.3193448670735086E-13   8.044135190460538E-14    4.899108429214953E-14    2.976958941379573E-14    1.7984475188551317E-14   1.0681405876247866E-14   6.008830630845722E-15    2.749473736515419E-15    0
% Data
% c (mol/m^3) @ t=600, u1=0.03, u2=0.03, u3=0.01
1                         0.9965284972569638       0.9918261049513685       0.9856650574894077       0.9778075662573688       0.9680124634798243       0.9560432773971642       0.941677552265036        0.9247171041197553       0.9049987798134934       0.882405173764566        0.8568746669979709       0.8284100995033957       0.797085381543265        0.7630494009100593       0.7265266946432251       0.6878145217165358       0.6472761856611239       0.6053306919370907       0.5624390541644966       0.5190877480398475       0.47576990677955316      0.4329648054730589       0.39111593406932765      0.35060743772552555      0.3117378151324497       0.2746883790939396       0.2394819069663548       0.20592385523400464      0.17351405768422484      0.14131034980837556      0.1117234434564863       0.08755746795914951      0.06803403114852109      0.052426369010505736     0.04007474121987237      0.03039455390439164      0.02287869031806124      0.017095517646197284     0.012683912184991892     0.00934645105047264      0.006841694633487209     0.004976259297380735     0.003597173988628924     0.0025848387953872273    0.0018467626346149342    0.001312150925452673     9.273389779081123E-4     6.520179256139333E-4     4.5617185945307935E-4    3.1763207990410746E-4    2.201524227955923E-4     1.519146044141314E-4     1.0438152574627083E-4    7.142732153349969E-5     4.8684167505573895E-5    3.305653945207691E-5     2.236322769684537E-5     1.5075714911599472E-5    1.0128480245676182E-5    6.782471875417704E-6     4.527530059848086E-6     3.0131067914333096E-6    1.999381970138082E-6     1.3229742296281316E-6    8.730232498543522E-7     5.745948185895591E-7     3.7722460216422106E-7    2.470472379376364E-7     1.6141332191809903E-7    1.0522387395417984E-7    6.844463734273633E-8     4.4427111098308825E-8    2.8778765036410747E-8    1.8605540525948863E-8    1.2005710572637619E-8    7.7328052724619E-9       4.971837757571756E-9     3.1911957074338153E-9    2.0448970276901073E-9    1.3082623802211972E-9    8.356926762168234E-10    5.33026349973435E-10     3.394862771349112E-10    2.1591733223256615E-10   1.3713994801817683E-10   8.699019430585373E-11    5.510922369471312E-11    3.4869267878699174E-11   2.2036437804174888E-11   1.3910180995792122E-11   8.770479145203664E-12    5.523341766141262E-12    3.473829681374681E-12    2.1809372370421133E-12   1.3649049591979663E-12   8.480180311022526E-13    5.166852292394312E-13    2.9689226231129993E-13   1.3781706916816813E-13   0
% Data
% c (mol/m^3) @ t=700, u1=0.03, u2=0.03, u3=0.01
1                         0.9977697770508305       0.9947419514864232       0.9907587161450432       0.9856498171053192       0.9792353967836557       0.9713297807879514       0.9617462050076427       0.9503024227720794       0.9368270675517939       0.9211665779645022       0.9031924231990155       0.8828083036148024       0.8599569488070777       0.8346260991577024       0.806853240992681        0.7767286719179215       0.744396500263585        0.7100532245730999       0.673943583085422        0.6363533883809737       0.5975990377153549       0.5580132709715677       0.5179264748039311       0.47764232049273336      0.4374056613579246       0.39735924891235874      0.3574837430003035       0.3175123968051768       0.2768072872885795       0.23417747516484422      0.19311648278529822      0.15796310293894492      0.1281825031774192       0.1032084053751757       0.08246933381811122      0.06540936936232128      0.05150355568178727      0.040268402457365036     0.03126812442828311      0.02411735507039469      0.01848109574797197      0.014072624606464261     0.010650013292079144     0.008011800926197998     0.005992267704119982     0.004456645611102045     0.0032965082141838717    0.0024254994418653245    0.0017754944247314432    0.0012932337705766877    9.374348339825878E-4     6.763576855169104E-4     4.8578738755776935E-4    3.473856489081069E-4     2.4736195599238875E-4    1.7541515038154985E-4    1.238997514173067E-4     8.717603821887534E-5     6.110822353778182E-5     4.2680430999772253E-5    2.970527907863993E-5     2.0604478956834566E-5    1.4244875308151164E-5    9.816778224699247E-6     6.74427698838173E-6      4.61954510109851E-6      3.155006728708038E-6     2.1487065888330773E-6    1.459374742659814E-6     9.885650560047144E-7     6.679238919314199E-7     4.5015839684200825E-7    3.026582861509325E-7     2.0301104473574747E-7    1.358615617202684E-7     9.072192894355815E-8     6.044975799340972E-8     4.019484656090257E-8     2.667261872328377E-8     1.766466710002126E-8     1.1676533926770873E-8    7.703967574264876E-9     5.0737547330028505E-9    3.3356520070610804E-9    2.189218932007124E-9     1.4344156430717339E-9    9.383341091353375E-10    6.128509824340582E-10    3.9965346409663E-10      2.602293338988421E-10    1.6919067706042648E-10   1.0983073502937569E-10   7.11729137265486E-11     4.6014263348336235E-11   2.9629779977686526E-11   1.891403629668022E-11    1.1810174168163138E-11   6.924798251117222E-12    3.2584578190514936E-12   0
% Data
% c (mol/m^3) @ t=800, u1=0.03, u2=0.03, u3=0.01
1                         0.9985343241045295       0.9965411218313089       0.9939110161438757       0.9905233946938946       0.986247456706715        0.9809438266912229       0.9744667751047558       0.9666670622456671       0.9573953916441363       0.9465064236361593       0.9338632596272491       0.9193422641432728       0.9028380467101328       0.8842683804403199       0.8635787900102994       0.8407464985043557       0.8157833785073516       0.7887375029917475       0.7596928266710937       0.7287664329785078       0.6961026313122994       0.6618629473527653       0.6262106635944463       0.5892879634467278       0.5511828066474381       0.5118812730263202       0.4711990591176854       0.42868282881164776      0.3834678386173746       0.33407218182912196      0.2846731821330847       0.24076757742253538      0.20213685655877991      0.16847754230772846      0.13942554882880573      0.11457847081801302      0.09351513450083503      0.0758120268230358       0.06105647166155133      0.04885662919973161      0.038848551537082596     0.030700634215238384     0.02411586379988187      0.018832282837728986     0.01462208369958643      0.011289710628340664     0.00866930281071312      0.0066217574751994595    0.005031636496741957     0.003804086912241562     0.0028618978911297437    0.00214277563630102      0.0015968840257117667    0.0011846724429238902    8.749926026138385E-4     6.434923878444027E-4     4.7126578733255783E-4    3.4373295113146067E-4    2.497222385581169E-4     1.807260935797149E-4     1.3030396613812433E-4    9.360775706011971E-5     6.700798246284757E-5     4.780172752973082E-5     3.398628043172447E-5     2.408497168176351E-5     1.7014116619812375E-5    1.1982035347778625E-5    8.41290070590599E-6      5.88965513265464E-6      4.111466921141435E-6     2.8621963812210817E-6    1.9871451889298283E-6    1.3759992043275308E-6    9.503751920285E-7        6.547708111135583E-7     4.5001700705064823E-7    3.0856108383177303E-7    2.1108255809902257E-7    1.4407481240015478E-7    9.812350233154354E-8     6.668547660023845E-8     4.522576712071753E-8     3.060973552471273E-8     2.0676351913795864E-8    1.3939587726109976E-8    9.380104445732411E-9     6.3003675721636526E-9    4.224165495024867E-9     2.8271182306540983E-9    1.888747055316791E-9     1.2594994916369082E-9    8.381162268363864E-10    5.561265441358742E-10    3.6723840467005616E-10   2.4007083239057695E-10   1.5314620227103976E-10   9.137853043787866E-11    4.350132792703491E-11    0
% Data
% c (mol/m^3) @ t=900, u1=0.03, u2=0.03, u3=0.01
1                         0.9990202854079167       0.9976861790328984       0.9959215586282146       0.9936411382869229       0.9907506900434192       0.987147590412457        0.9827217330256213       0.9773568390632735       0.9709321836643622       0.9633247386272467       0.9544117092679595       0.9440734160830176       0.9321964396043542       0.918676909016998        0.9034237706869137       0.8863618197146443       0.8674342124263945       0.8466040943614103       0.8238548672528591       0.799188464996647        0.7726207906166962       0.7441731515522456       0.713858073003022        0.6816572032593852       0.6474880596748681       0.6111549728946963       0.5722775964850799       0.5301875217345363       0.48377954959668246      0.4312985839719447       0.3771920122454459       0.3276189826385072       0.2826381448124934       0.242204818419939        0.2061874282000718       0.17438451215390907      0.14654147543920693      0.12236641365892172      0.10154449363076486      0.08375054431778961      0.06865966452579111      0.055955789215445306     0.04533826776579165      0.03652659296260479      0.029263478949957893     0.02331652180842826      0.01847869102057396      0.014567897789751117     0.011425871167923067     0.008916549251842024     0.006924163934591507     0.005351166873862488     0.004116113823316067     0.0031515959762874503    0.0024022815987101978    0.00182310957560635      0.0013776587503409158    0.0010367029836798138    7.769513817063747E-4     5.799656982026799E-4     4.3124201468220177E-4    3.194409425455516E-4     2.35749310147596E-4      1.7335617805551496E-4    1.2702671595874222E-4    9.275868708711157E-5     6.750779530915348E-5     4.89697869854075E-5      3.5408842785248345E-5    2.5523362117707882E-5    1.8341683814116916E-5    1.314157413256917E-5     9.388437140701836E-6     6.688165074920073E-6     4.75135704817372E-6      3.366307624147179E-6     2.3787185414064174E-6    1.6765339684832536E-6    1.1786581912397312E-6    8.265993907878258E-7     5.783073564016786E-7     4.0364804149443487E-7    2.8109353868510964E-7    1.9531044129047352E-7    1.3540934776967984E-7    9.367886707195652E-8     6.467323688440625E-8     4.4557016070032034E-8    3.063596139695721E-8     2.102225251148104E-8     1.4396313929508157E-8    9.83784454130857E-9      6.706251437109041E-9     4.556211287857856E-9     3.078084963341921E-9     2.0557869413951096E-9    1.3367507181303665E-9    8.100414340810332E-10    3.8958606498150284E-10   0
% Data
% c (mol/m^3) @ t=1000, u1=0.03, u2=0.03, u3=0.01
1                         0.9993451088085222       0.9984522152044625       0.9972685474469121       0.9957341598080913       0.9937817647472842       0.9913367381132187       0.9883173300300988       0.98463511114053         0.9801956782564825       0.9748996346209649       0.9686438472209432       0.9613229660712501       0.9528311670115963       0.9430640488223151       0.9319205752325678       0.9193048995558764       0.9051278396635486       0.8893076770548949       0.8717698260274062       0.8524447430402619       0.8312632016504459       0.8081477154547896       0.7829984087464212       0.7556709539273712       0.7259432352894519       0.6934660489854695       0.6576912555677519       0.6177681546655018       0.5723951652219651       0.5196087800655987       0.4638274703075749       0.41144906636413775      0.3627265997490814       0.31781400798363396      0.27677441641014383      0.2395903529250793       0.2061752172785055       0.1763853644426322       0.1500322286607366       0.1268940026258368       0.10672648612378731      0.08927282227659547      0.07427194020718367      0.06146561494542537      0.0506041347648196       0.04145063056143816      0.03378417052311008      0.0274017565863583       0.02211937838300219      0.01777228751248052      0.014214652356947143     0.011318743692987887     0.008973786350271415     0.007084594183153342     0.005570086387350123     0.004361764076714504     0.0034022080382799034    0.002643642376494234     0.0020465947215213536    0.0015786719600286777    0.0012134610212647206    9.295569632211292E-4     7.097152215268798E-4     5.401211349786576E-4     4.097674622810478E-4     3.0992928017159515E-4    2.3372515254414553E-4    1.7575356371829606E-4    1.3179413162072562E-4    9.856390808889341E-5     7.352001605208737E-5     5.470087821251885E-5     4.0599294979394456E-5    3.0061587076931027E-5    2.2207902884365115E-5    1.63695869908474E-5      1.2040208618071523E-5    8.837456878907301E-6     6.47362898462744E-6      4.73287478055639E-6      3.4537250348615774E-6    2.515730845635762E-6     1.8292863344183057E-6    1.3279048827698752E-6    9.62378194042986E-7      6.96374198719848E-7      5.03130141443824E-7      3.6297609541294985E-7    2.6148584654878054E-7    1.8810005772504672E-7    1.3510371461819245E-7    9.686838088235399E-8     6.92916049613513E-8      4.938239391600329E-8     3.495415138829726E-8     2.4395750276809598E-8    1.649813233336245E-8     1.0318454443826338E-8    5.0666072943046825E-9    0
% Data
% c (mol/m^3) @ t=1100, u1=0.03, u2=0.03, u3=0.01
1                         0.9995615806187891       0.99896313601057         0.9981681541615149       0.9971346554955542       0.9958148720801568       0.9941550082009871       0.9920951047172544       0.9895690290720457       0.9865046105005171       0.9828239352130606       0.9784438083123841       0.9732763768719331       0.9672298905575407       0.9602095505317972       0.9521183615691473       0.9428578527691046       0.9323284640130511       0.9204293013851704       0.9070568353467369       0.8921019367002198       0.8754443979218175       0.8569437441749999       0.8364246615001519       0.8136547069679879       0.7883110447055218       0.7599316732009272       0.7278448367705399       0.691067860952657        0.6481632631795434       0.5970353191658362       0.5418759814359168       0.4890042548208593       0.4387879490538808       0.39151212535825397      0.34738086208254376      0.3065213506005097       0.2689898859650207       0.2347792872121465       0.2038272802800216       0.17602539870063202      0.15122799887974603      0.1292610426178354       0.10993036412379027      0.09302920700142428      0.07834488403299597      0.06566447537421491      0.05477953629978508      0.04548983215983963      0.03760615489619066      0.030952302276913465     0.02536631851482617      0.020701104164680757     0.01682450544857993      0.013618989868950413     0.01098100756384945      0.008820127676555642     0.007058027227275804     0.005627397570464416     0.004470821268642968     0.0035396606805830405    0.0027929891300399142    0.0021965864125048974    0.0017220127028738379    0.0013457686374735538    0.0010485443786118673    8.145567008079536E-4     6.309704109792426E-4     4.873985660967928E-4     3.754748194294251E-4     2.8849065937968917E-4    2.2109016781981548E-4    1.690151010166401E-4     1.2889348818728561E-4    9.80654715627288E-5      7.444071575895026E-5     5.6382346533292624E-5    4.2613005719192054E-5    3.213920692409829E-5     2.41907305127265E-5      1.8172298074080912E-5    1.3625212455922098E-5    1.0197039515654614E-5    7.617744340488063E-6     5.68098170286407E-6      4.229482655855096E-6     3.143681508840911E-6     2.3328950357649597E-6    1.7285035115972853E-6    1.2786955325701904E-6    9.444295880898899E-7     6.963385699306866E-7     5.123618956295205E-7     3.759362887927025E-7     2.746126597471031E-7     1.9899471422084884E-7    1.41916245671629E-7      9.778952175409136E-8     6.206735612154391E-8     3.076654228729549E-8     0
% Data
% c (mol/m^3) @ t=1200, u1=0.03, u2=0.03, u3=0.01
1                         0.9997034280150027       0.9992982095693771       0.9987589671437556       0.9980562372775491       0.9971561254442085       0.9960199904909384       0.9946041717845798       0.9928597720637923       0.9907325075248579       0.9881626332677398       0.9850849461050941       0.9814288568259741       0.977118508877959        0.9720728981521104       0.9662059164917788       0.959426196095402        0.9516365681899372       0.942732860379848        0.9326016334780267       0.921116287330212        0.9081307280800728       0.8934694615214652       0.8769125242106145       0.8581730384509245       0.8368643139599227       0.812452228601059        0.7841869805988326       0.7510060477194438       0.7113970862097034       0.6632052414531886       0.6102794897410575       0.558642403621281        0.5087117148504602       0.46084352342326546      0.4153296343885711       0.3723970348249484       0.3322093065655319       0.294869712220388        0.26042565307499477      0.2288741774788894       0.2001682161461967       0.17422323419642177      0.15092401592663837      0.13013133399967666      0.11168829662603058      0.09542621121705488      0.08116984803396378      0.06874203016244829      0.057967514866980326     0.04867616475510099      0.04070543449206633      0.03390221982144019      0.028124130545287604     0.023240258387542186     0.01913151500928789      0.015690615692109184     0.012821781227020651     0.010440225194374993     0.008471486880605391     0.006850662238629381     0.0055215771328039195    0.004435939068315254     0.003552496023751892     0.0028362241127311595    0.0022575597320580354    0.0017916866703997529    0.0014178843540879117    0.001118939953173206     8.806243895630201E-4     6.912302906840252E-4     5.411685193142348E-4     4.2261898498502983E-4    3.2923091116254826E-4    2.5586750979313594E-4    1.9839002528283648E-4    1.5347628901795886E-4    1.1846921947801886E-4    9.125106853439892E-5     7.013961773715102E-5     5.3802943554242637E-5    4.1189778907146716E-5    3.147288696927279E-5     2.4003223707053215E-5    1.8272993298253006E-5    1.3885993329037724E-5    1.0533904499058594E-5    7.977403771305204E-6     6.0311726961073445E-6    4.552036731989407E-6     3.4296097207943605E-6    2.5789332055978584E-6    1.934695823679386E-6     1.4466961300062301E-6    1.076275143694184E-6     7.934944933281418E-7     5.748736275638692E-7     4.015259574567213E-7     2.575491293367798E-7     1.2852815618091963E-7    0
% Data
% c (mol/m^3) @ t=0, u1=0.03, u2=0.03, u3=0.03
1                         -5.069401922626954E-8    2.7246567094188594E-15   3.421885013855475E-20    5.1055724537484466E-26   5.83175662509171E-32     5.952280712584884E-38    5.707686170230589E-44    5.259823408206148E-50    4.7153437997098E-56      4.142543792545948E-62    3.5833774282294243E-68   3.0619695156074904E-74   2.5906042865196503E-80   2.1739009194871854E-86   1.811693522020965E-92    1.50099090450162E-98     1.2372872974977217E-104  1.0154190658112609E-110  8.301070463814945E-117   6.76283897205028E-123    5.4927673508839507E-129  4.448943684387124E-135   3.594533927904736E-141   2.897666906428521E-147   2.3311027459801186E-153  1.871790638038719E-159   1.5003845343101245E-165  1.2007596339522043E-171  9.595550075737797E-178   7.657559814752066E-184   6.103222403533407E-190   4.858627504352672E-196   3.8635567023385723E-202  3.0690977520941226E-208  2.435631351451689E-214   1.931145428452138E-220   1.529832894549152E-226   1.2109317279821048E-232  9.577701590664775E-239   7.569840199453919E-245   5.9787761119097806E-251  4.719034992046304E-257   3.7224036910286136E-263  2.9345136374679413E-269  2.3120823030833413E-275  1.8206908710919503E-281  1.4329974600800148E-287  1.127303170374625E-293   8.864032221067432E-300   6.966679351623954E-306   5.47308628695E-312       4.20482E-318             4.9E-324                 0                        0                        0                        0                        0                        0                        0                        0                        0                        0                        0                        0                        0                        0                        0                        0                        0                        0                        0                        0                        0                        0                        0                        0                        0                        0                        0                        0                        0                        0                        0                        0                        0                        0                        0                        0                        0                        0                        0                        0                        0                        0                        0                        0                        0                        0                        0
% Data
% c (mol/m^3) @ t=100, u1=0.03, u2=0.03, u3=0.03
1                         0.923557116309839        0.8264881276084329       0.7135636185703763       0.5920086974692059       0.4703503617148359       0.3568743401739012       0.2581104233944198       0.17780906013675304      0.11671168642830283      0.07309703052921676      0.04378216737192737      0.02515113442857611      0.013902189841252924     0.007418795922415708     0.003834887225730719     0.0019262906418140856    9.430390971366357E-4     4.5118814611097146E-4    2.1148291483943503E-4    9.732891832587327E-5     4.4066891168614375E-5    1.9662786383289127E-5    8.659845095000447E-6     3.7696312059529962E-6    1.6237986593476002E-6    6.928970510390412E-7     2.93165130040186E-7      1.2308886113819377E-7    5.132178511412413E-8     2.1263673770540392E-8    8.759379301602432E-9     3.589416399692834E-9     1.4638023934470973E-9    5.943202450193518E-10    2.403205197290331E-10    9.68121832798579E-11     3.886515202819239E-11    1.5552200193798935E-11   6.204737185905947E-12    2.468563917636592E-12    9.795703964228349E-13    3.877667495693841E-13    1.5314958343774602E-13   6.03576340188026E-14     2.3739702201052692E-14   9.319569383211276E-15    3.6520826616243785E-15   1.4287374197100618E-15   5.580470590061292E-16    2.1763677717903632E-16   8.475601636726605E-17    3.296224784935386E-17    1.2802657767094587E-17   4.966465661260217E-18    1.9243489051960675E-18   7.447880088485637E-19    2.8794919208788256E-19   1.1121255464316962E-19   4.291070693864948E-20    1.654128959743452E-20    6.370620735371134E-21    2.4514252952664937E-21   9.425296185910958E-22    3.6209691525128714E-22   1.3900210122039813E-22   5.332085887349866E-23    2.0439203227056778E-23   7.829481997965946E-24    2.9971945642397048E-24   1.1466205627938736E-24   4.383862556605902E-25    1.6750801755200797E-25   6.396823035486085E-26    2.4414696275307803E-26   9.313316419084897E-27    3.550837977915154E-27    1.3531249338079342E-27   5.153855437227105E-28    1.9620962665163332E-28   7.466349122057981E-29    2.8398935984619383E-29   1.0797103700110261E-29   4.103262483542645E-30    1.5587386962128701E-30   5.918944644927325E-31    2.2467095616826246E-31   8.524832231006743E-32    3.23344424178759E-32     1.2259979497053593E-32   4.64689633401498E-33     1.7607146661183496E-33   6.6691651425580845E-34   2.525306042844523E-34    9.559160485554698E-35    3.617334876862532E-35    1.3683318134978375E-35   5.170191872887712E-36    1.9368806224139708E-36   6.650191328064759E-37    0
% Data
% c (mol/m^3) @ t=200, u1=0.03, u2=0.03, u3=0.03
1                         0.9684198249109268       0.9268338871396123       0.8750793175163745       0.8136823821586276       0.7438989560824338       0.6676688154033177       0.5874788148236637       0.5061456319232869       0.42654513753824025      0.3513287304017911       0.28267288701933585      0.22210352879295922      0.17042132572432966      0.12773154952189797      0.09355958900607582      0.06701796094434712      0.0469865512489571       0.0322741178874783       0.021741446821320832     0.014379760891459977     0.009348214876858245     0.005980023126954576     0.003768326525633967     0.002341667546693068     0.0014363944457705194    8.705889809182377E-4     5.218427414957863E-4     3.09617367525699E-4      1.8197773732043493E-4    1.0603343620346791E-4    6.129150422745611E-5     3.516977558770909E-5     2.0045115898237176E-5    1.135415660551696E-5     6.39480420457631E-6      3.5828336702836076E-6    1.9977329281468378E-6    1.108992247961633E-6     6.131326970379898E-7     3.3771989852003983E-7    1.8538052924793604E-7    1.0143660445197984E-7    5.534213165983017E-8     3.011241951905037E-8     1.634381085001663E-8     8.850347070987753E-9     4.782343250436281E-9     2.5790647350836127E-9    1.3883098556450565E-9    7.460525336917753E-10    4.002787150546071E-10    2.1444328171175137E-10   1.1472603387598104E-10   6.12985446383007E-11     3.2712424755652456E-11   1.7437428401031835E-11   9.285157713340692E-12    4.9392480571891076E-12   2.6249584087650792E-12   1.3937900646552337E-12   7.394471429501212E-13    3.919869104842228E-13    2.0763902188048899E-13   1.0990977462804285E-13   5.813923390087422E-14    3.073424270322231E-14    1.6237138739721096E-14   8.573198293291947E-15    4.524122630931501E-15    2.386134747397228E-15    1.2578675238962131E-15   6.627714207007314E-16    3.490523381495209E-16    1.8374844159432086E-16   9.668765423242572E-17    5.085575068313156E-17    2.673854706885365E-17    1.4053057737034213E-17   7.383212609502833E-18    3.877638503538093E-18    2.0358333531933343E-18   1.0685020411809603E-18   5.606240161020294E-19    2.9406001789172964E-19   1.5419585050987132E-19   8.083251344272401E-20    4.236236725328496E-20    2.2195194527355596E-20   1.1625883227154301E-20   6.088141065490182E-21    3.1874138807326897E-21   1.668360743624994E-21    8.730517457911873E-22    4.567511581085728E-22    2.3886400223457915E-22   1.2477829761055933E-22   6.486307744702083E-23    3.288169724899966E-23    1.44063955833806E-23     0
% Data
% c (mol/m^3) @ t=300, u1=0.03, u2=0.03, u3=0.03
1                         0.9837127248442392       0.9619763727992332       0.9342557040185465       0.9002133329917468       0.8597647244665481       0.8131195927918342       0.7608030399706447       0.7036512582391448       0.6427791668880743       0.5795207130890794       0.5153462930651247       0.451765229145121        0.3902237931827599       0.3320103047751037       0.27817801108448076      0.22949381717528006      0.18641695640086067      0.14910718674887274      0.11745801378919782      0.09114756909782254      0.06969854310349999      0.0525389651028923       0.03905725204454467      0.02864722989538454      0.020741186772534115     0.014831008917453127     0.010478846103554106     0.007319510019095017     0.0050570196406315646    0.0034575299710721827    0.002340482334164529     0.0015693362548761024    0.0010427829066118927    6.869536578317241E-4     4.488456575835139E-4     2.9098790365130427E-4    1.8725148292840418E-4    1.1964761045119304E-4    7.593802655751764E-5     4.788852530116276E-5     3.001604123980678E-5     1.870470698580207E-5     1.1591585749696019E-5    7.1456479004256946E-6    4.382817157911796E-6     2.675336110104106E-6     1.6255911151634632E-6    9.834260303272594E-7     5.924531154399329E-7     3.554904966206336E-7     2.1249031260090382E-7    1.265489895171947E-7     7.510243446561574E-8     4.4421053905971013E-8    2.6189276252756328E-8    1.5392706468165225E-8    9.02022466691005E-9      5.270863539128835E-9     3.0715439942934877E-9    1.78520560459585E-9      1.0349512624194088E-9    5.985399076172036E-10    3.453402475926422E-10    1.9880142826424316E-10   1.1419458964378701E-10   6.545744441140432E-11    3.7444857455710086E-11   2.137841606106266E-11    1.2182550269384686E-11   6.929597526910155E-12    3.934697963899052E-12    2.2303531811248083E-12   1.2621728691797875E-12   7.131321705576115E-13    4.0229923303409153E-13   2.2660912830131766E-13   1.2746023958862025E-13   7.15913321137658E-14     4.0156233077203973E-14   2.2494168741024895E-14   1.258427799794994E-14    7.0314395261632975E-15   3.924039116060869E-15    2.1873106789544788E-15   1.2178393682737708E-15   6.7730720485226535E-16   3.7627966911251633E-16   2.0882278843623112E-16   1.1577087629889424E-16   6.411900306128092E-17    3.547736360689622E-17    1.9611149764400955E-17   1.0830492582294197E-17   5.975540479687573E-18    3.293116724931849E-18    1.810971876860601E-18    9.890982193228203E-19    5.243251684884709E-19    2.375384490036154E-19    0
% Data
% c (mol/m^3) @ t=400, u1=0.03, u2=0.03, u3=0.03
1                         0.9906886990071933       0.9781768087238367       0.962020008700293        0.9418270919186009       0.9172895018182001       0.8882101501365098       0.8545290523268578       0.8163432241401289       0.773918456785922        0.7276910541218347       0.6782583623817654       0.6263578977119362       0.5728359839861349       0.5186079235946738       0.4646126891256198       0.41176579966527954      0.36091431678519553      0.31279770098579573      0.2680176195088506       0.22701877687994004      0.19008160023751633      0.15732633920075698      0.12872702127431804      0.10413288774240924      0.08329450623349813      0.06589172431240274      0.05156093617858295      0.03991967891636484      0.030587234960596416     0.023200580545444452     0.017425598958141605     0.012963919939090863     0.009556034001561822     0.006981471445547199     0.005056856679694838     0.0036325834042367517    0.002588739731368857     0.0018307740171669504    0.0012852542419222726    8.959505705924035E-4     6.203697226275881E-4     4.2679315273752355E-4    2.918174055397421E-4     1.9836096644864113E-4    1.3408329538618384E-4    9.015432336377076E-5     6.0312835846897116E-5    4.015689452843723E-5     2.6616542327659632E-5    1.7566954337104345E-5    1.1547955945441917E-5    7.562867554766708E-6     4.935691946334383E-6     3.2106711110273506E-6    2.082257942690275E-6     1.3466897890581927E-6    8.687544209855252E-7     5.591439682607637E-7     3.591258940761074E-7     2.3023110736895507E-7    1.4735725180045728E-7    9.418100869810029E-8     6.012171533274584E-8     3.834113655320636E-8     2.443153527568116E-8     1.5558655289324293E-8    9.903955250038454E-9     6.3028417294576075E-9    4.010760224313176E-9     2.55238545296723E-9      1.6246383197451343E-9    1.034461197234141E-9     6.589756438203066E-10    4.200170366382321E-10    2.678833015580767E-10    1.7097728797258302E-10   1.0921246446667234E-10   6.981812790736738E-11    4.467268753652413E-11    2.860910697866248E-11    1.83383578742704E-11     1.1765533632373515E-11   7.555356704165608E-12    4.856060102887242E-12    3.1238444465452195E-12   2.0112172012831316E-12   1.295921320900236E-12    8.356656453077539E-13    5.392665657434163E-13    3.482353472689662E-13    2.2501920374580312E-13   1.4548425464262316E-13   9.410498991246342E-14    6.088173570614366E-14    3.936132167027675E-14    2.536025817605137E-14    1.613023363996294E-14    9.790365563082176E-15    4.893789814851306E-15    0
% Data
% c (mol/m^3) @ t=500, u1=0.03, u2=0.03, u3=0.03
1                         0.9944242875148646       0.9868962072738308       0.9770908654391068       0.9646876566863198       0.949384716807722        0.9309149545102192       0.9090628805781606       0.8836812452593353       0.8547063366738106       0.8221707110228538       0.7862121435572724       0.7470777252352876       0.7051222905622612       0.66080073954291         0.6146542863692803       0.5672911877977941       0.5193630195198057       0.47153801597484357      0.4244733064543351       0.3787880189254228       0.33503915619003366      0.2937018794095998       0.2551553948190481       0.21967508936461497      0.18743097401381195      0.1584919454532931       0.13283493233237886      0.11035769434308496      0.09089390836353767      0.07422919742660487      0.06011690724660303      0.048292671320769705     0.03848708563012819      0.030436097863042817     0.023888972681423322     0.018613903547344282     0.014401493568753707     0.011066422392555172     0.008447659643471186     0.0064075879011176815    0.004830371278797098     0.003619860459056982     0.0026972711075446197    0.001998817317832457     0.0014734302564817917    0.001080647543713381     7.887225122406284E-4     5.729744962202803E-4     4.1438106602371104E-4    2.983995418146716E-4     2.1399690828933452E-4    1.5286314095803367E-4    1.0878179139031312E-4    7.713249759288751E-5     5.4502118691669E-5       3.838386382368883E-5     2.694668425880367E-5     1.8860052979797096E-5    1.3161901271875751E-5    9.159829558642809E-6     6.357726524686785E-6     4.401618850476297E-6     3.0399573565044297E-6    2.09465879586024E-6      1.4401048336701397E-6    9.879894405857738E-7     6.76438586911048E-7      4.6223308558471097E-7    3.1527334052938165E-7    2.1465566544472156E-7    1.4590160570765294E-7    9.900852338334514E-8     6.70827106283149E-8      4.538406850802381E-8     3.0660482996438024E-8    2.068540074660218E-8     1.3937460843949596E-8    9.379125713514465E-9     6.304099959987805E-9     4.232411000032982E-9     2.8384256321340208E-9    1.9015689916387564E-9    1.2726545271715647E-9    8.509243030590266E-10    5.684215237890678E-10    3.793723593414181E-10    2.5298340574719846E-10   1.6856381018407886E-10   1.1222676044078525E-10   7.466218027997361E-11    4.963479796878612E-11    3.297262887443099E-11    2.1886475590980302E-11   1.4512411301276737E-11   9.60397976346724E-12     6.324162999879745E-12    4.10240089470066E-12     2.5310615175666557E-12   1.2793876561592205E-12   0
% Data
% c (mol/m^3) @ t=600, u1=0.03, u2=0.03, u3=0.03
1                         0.9965164332455531       0.9917982192922911       0.9856176488984151       0.9777373368824328       0.967916917871313        0.9559211419232784       0.9415291734021759       0.9245447772603875       0.9048069586979743       0.8822005159454767       0.8566658838320933       0.8282076001101046       0.796900728121678        0.7628946262517765       0.7264135700659358       0.6877539045268515       0.6472776219685399       0.6054025106581603       0.5625892771937626       0.5193262884109175       0.47611277888628106      0.4334415052213637       0.39178188096021344      0.3515645882409696       0.31316853688547425      0.2769108421600807       0.243040241453243        0.21173409584813557      0.1830988547290941       0.1571736270534315       0.1339363223146883       0.11331170955877651      0.09518069699338594      0.07939015239995635      0.06576265409220776      0.05410566823344032      0.04421977449478416      0.035905693004302346     0.028969988711240652     0.023229435648176977     0.018514107844842073     0.014669323970255839     0.01155661003156065      0.009053861433056977     0.0070548862940047145    0.005468500430945646     0.004217324976170039     0.003236413868366486     0.002471813352924027     0.0018791313453212705    0.0014221724959776767    0.00107167587857789      8.04176738700902E-4      6.010016537253645E-4     4.473974946094669E-4     3.3178833243400775E-4    2.451504257777676E-4     1.804931857501473E-4     1.3243310635463508E-4    9.684768822183239E-5     7.059705874296401E-5     5.1302052265765335E-5    3.716877200361278E-5     2.6850974954358273E-5    1.9342910045882733E-5    1.38964396800105E-5      9.957353372092279E-6     7.116725423726129E-6     5.073975414195543E-6     3.6089678148783588E-6    2.561047013669939E-6     1.8133605355581034E-6    1.2811908786249382E-6    9.033092451114562E-7     6.355954617465664E-7     4.463489915212801E-7     3.1285598835235593E-7    2.1888512964220033E-7    1.528673369725172E-7     1.0657704523048252E-7    7.417989064730356E-8     5.15471197359419E-8      3.5763472072570017E-8    2.47749383010218E-8      1.713732165708097E-8     1.1837224099568695E-8    8.164915749770846E-9     5.6242683190485045E-9    3.8690948281058024E-9    2.6582537491528686E-9    1.8240535561725768E-9    1.2500608890166861E-9    8.555390390179355E-10    5.845448271368305E-10    3.9827845405056875E-10   2.6967306915418263E-10   1.7946641342685031E-10   1.1313071015035332E-10   5.803379459790316E-11    0
% Data
% c (mol/m^3) @ t=700, u1=0.03, u2=0.03, u3=0.03
1                         0.9977568879893051       0.9947120046282548       0.9907073579169704       0.9855727849713831       0.9791288609738706       0.9711907366499355       0.9615728922011183       0.9500947399563905       0.936586945988265        0.9208982760777169       0.9029027081930351       0.882506497330957        0.8596548348329915       0.8343377187599178       0.8065946495780814       0.7765177900176462       0.7442532813599891       0.7100004900408076       0.674009064995511        0.6365738114558732       0.5980275221728869       0.5587320415678891       0.5190679603951368       0.47942343668863274      0.4401827032474813       0.4017148457914011       0.36436341621846774      0.32843738359600977      0.29420382746284596      0.2618826532543572       0.23164347020308332      0.20360463089937397      0.1778343011713893       0.1543533193776978       0.1331395228630031       0.11413316991016481      0.09724306818289725      0.08235303246171603      0.0693283301944357       0.05802182640445569      0.04827960277927819      0.039945892619951386     0.03286723806016986      0.02689583418555036      0.02189207349248226      0.017726342030586616     0.014280145306431404     0.011446658276319278     0.009130800866666684     0.007248940147139149     0.00572831438663209      0.004506264525228923     0.003529346683308058     0.0027523865204040314    0.0021375235717018127    0.0016532818571290697    0.0012736925415107406    9.774854679956903E-4     7.47359061891146E-4      5.693323532945479E-4     4.32178556240911E-4      3.269365833296825E-4     2.464948617199198E-4     1.852406430168285E-4     1.3876747390725004E-4    1.0363344655177313E-4    7.716313380621812E-5     5.7286617133347456E-5    4.240964270463421E-5     3.130962446529799E-5     2.3052901986692583E-5    1.6929321797694015E-5    1.2400822185941322E-5    9.06125139125314E-6      6.605132897434041E-6     4.8035092897275665E-6    3.4853512323765314E-6    2.5233158191910398E-6    1.822885129225579E-6     1.3141178594368593E-6    9.45410843013675E-7      6.7879910485494E-7       4.864282771228551E-7     3.479164653378449E-7     2.4838812323669275E-7    1.7701363454601858E-7    1.259280057536878E-7     8.94327268801096E-8      6.340839388650454E-8     4.48836657595688E-8      3.171979418594366E-8     2.2380294530854302E-8    1.576308733694211E-8     1.10782125644339E-8      7.75842968824108E-9      5.392940080733682E-9     3.6762068323605437E-9    2.364263614752113E-9     1.229459335887992E-9     0
% Data
% c (mol/m^3) @ t=800, u1=0.03, u2=0.03, u3=0.03
1                         0.9985239084369377       0.9965168217056545       0.9938690523149419       0.9904598329772627       0.9861584178556767       0.9808257487402295       0.9743167219394393       0.9664830679135692       0.9571768266142693       0.9462543680239675       0.9335808709177539       0.9190351353180743       0.9025145678480133       0.8839401469231531       0.8632611493401927       0.8404594041636614       0.8155528364179309       0.7885980739146341       0.7596919166811348       0.7289715099021844       0.6966131167784654       0.6628294546503458       0.6278656322845072       0.5919938034874439       0.555506726627025        0.5187104854492984       0.481916678372884        0.44543441676194523      0.4095624844986853       0.37458200029315974      0.34074989137307016      0.3082934352232469       0.27740605928733425      0.2482445125777554       0.2209274441142369       0.19553534710140227      0.172111760158904        0.15066556196855863      0.13117415616690978      0.11358732036944619      0.09783148653451403      0.08381422784693185      0.0714287473561443       0.06055819259969245      0.05107965503878194      0.04286775011775863      0.03579771030770937      0.029747957334268577     0.024602149284202186     0.020250722437524626     0.01659196606973366      0.01353268118973155      0.010988481673701377     0.008883799226119328     0.007151652887631003     0.0057332402996879755    0.004577402478919698     0.003640007215799588     0.0028832890400234145    0.002275176504854473     0.0017886307179447824    0.0014010128478633393    0.001093492918595795     8.505076366094201E-4     6.592712778413866E-4     5.093407483691606E-4     3.92233744500174E-4      3.010973801110028E-4     2.304236192745771E-4     1.7580725001020052E-4    1.3374186678371804E-4    1.01449311850379E-4      7.673818725977146E-5     5.788733121554776E-5     4.3550507185830885E-5    3.267894511574249E-5     2.445877409594103E-5     1.8260775572068226E-5    1.360025274066064E-5     1.01051473250582E-5      7.490835467152852E-6     5.5402988349950705E-6    4.088596032945809E-6     3.0107551079483367E-6    2.212373245039757E-6     1.6223478943203648E-6    1.1872779308803887E-6    8.671672901254965E-7     6.321399008651763E-7     4.599364256407515E-7     3.340127502482449E-7     2.4209942828412854E-7    1.751120959045225E-7     1.263265299809253E-7     9.074932955068356E-8     6.462624808733251E-8     4.503394781524579E-8     2.9494338687353536E-8    1.552693754217567E-8     0
% Data
% c (mol/m^3) @ t=900, u1=0.03, u2=0.03, u3=0.03
1                         0.9990124468145035       0.9976678373678394       0.9958897280614376       0.9935925899962821       0.9906820700609785       0.9870555809883953       0.9826032605370368       0.9772093308546567       0.9707538766191598       0.9631150448103727       0.9541716502655103       0.9438061500908761       0.9319079273914139       0.9183768017454343       0.9031266617249747       0.8860890950370438       0.8672168761093098       0.8464871607063901       0.8239042338240669       0.7995016617617269       0.7733437125893629       0.7455259313384976       0.7161747866689447       0.6854463433466053       0.6535239578173554       0.6206150401180222       0.586946971542957        0.5527623108747381       0.5183134595978096       0.48385698563029533      0.4496478235496181       0.41593357561831806      0.382949131604567        0.35091180687118395      0.3200171688478461       0.2904356839848527       0.26231027339849783      0.23575481878388435      0.21085361396990518      0.18766171467640527      0.16620610209405726      0.14648754669261846      0.12848303828519303      0.11214863719252206      0.09742259902072677      0.08422863116145227      0.0724791512846616       0.06207843519682442      0.05292556175883995      0.04491708442735063      0.03794938089803713      0.031920653040183856     0.02673256786714628      0.022291546047859094     0.018509717087471855     0.01530556970916876      0.012604332285722867     0.010338121688533557     0.008445900038527826     0.00687327800710931      0.005572200989089167     0.004500551096155213     0.003621693898548943     0.0029039945159407285    0.0023203233029230764    0.0018475672014511395    0.0014661589916578747    0.001159633258745217     9.142149560272358E-4     7.184439948275411E-4     5.628373152755185E-4     4.395883531936351E-4     3.4230267012636244E-4    2.6576770276023735E-4    2.057540594862313E-4     1.5884549234026522E-4    1.2229455273181836E-4    9.390095537049485E-5     7.190978887555397E-5     5.4926892204307E-5       4.184893776394699E-5     3.180600487785076E-5     2.4114676010639177E-5    1.823993180250404E-5     1.3764351932267387E-5    1.0363342278624894E-5    7.78530207506193E-6      5.8358166501885395E-6    4.365111941725265E-6     3.2581370355936087E-6    2.4267516574411933E-6    1.8035880047254245E-6    1.3372313366287263E-6    9.88421136613784E-7      7.270122573744958E-7     5.294473319562128E-7     3.7646491712854484E-7    2.5067608022488475E-7    1.334341821441749E-7     0
% Data
% c (mol/m^3) @ t=1000, u1=0.03, u2=0.03, u3=0.03
1                         0.9993305336978906       0.998418016075377        0.9972089214080905       0.9956426197574075       0.9936512706967643       0.9911599016117523       0.9880867032450508       0.9843435724736328       0.9798369276996685       0.9744688155855306       0.9681383191428479       0.9607432664905644       0.9521822271587838       0.9423567690117965       0.9311739342216515       0.9185488779087972       0.9044075988628363       0.8886896790328385       0.8713509381396065       0.8523659026994401       0.831729985764015        0.8094612754249005       0.7856018370347253       0.7602184463111142       0.733402687839778        0.7052703754546052       0.6759602766697848       0.6456321515754971       0.6144641459262872       0.5826496069173148       0.550393416661559        0.5179079610145697       0.4854088686955929       0.4531106664867541       0.42122249992542365      0.38994406508346896      0.3594618859971198       0.32994605480357314      0.30154752881115987      0.2743960520633001       0.248598740142014        0.22423933775187496      0.2013781307182854       0.18005246892078333      0.1602778355675418       0.1420493819487755       0.1253438358439767       0.11012168617722842      0.09632954604531571      0.08390260032632922      0.07276705194087446      0.0628424915824296       0.054044128406470146     0.04628483284068451      0.03947695650337653      0.03353390747113679      0.028371471248476034     0.023908878351798016     0.020069628177392326     0.01678208567301741      0.013979872294281274     0.011602075918228467     0.009593305996773332     0.007903620496881595     0.006488350349735359     0.005307845476850701     0.0043271642234220115    0.0035157254299823925    0.0028469396035432065    0.002297832864892542     0.001848674670867193     0.0014826178271172606    0.0011853570762067702    9.448106002415581E-4     7.508271280083647E-4     5.94919978957646E-4      4.7002829345109057E-4    3.7030486568032664E-4    2.9092938298612566E-4    2.2794545137205997E-4    1.7811952024782458E-4    1.3881967982067167E-4    1.0791226458021179E-4    8.367423162160559E-5     6.471937214148085E-5     4.9936540725952936E-5    3.843823563595082E-5     2.9518022648457644E-5    2.261545600219137E-5     1.7287305302145624E-5    1.31840405649089E-5      1.0030652543571966E-5    7.6109838064216195E-6    5.754804681947637E-6     4.3268639903744335E-6    3.2170347993828403E-6    2.3303807550095553E-6    1.5753406296513485E-6    8.469920974922796E-7     0
% Data
% c (mol/m^3) @ t=1100, u1=0.03, u2=0.03, u3=0.03
1                         0.9995458534335587       0.9989261979366469       0.9981036488491828       0.9970354007159468       0.9956729689256566       0.9939620275423291       0.9918423672939852       0.9892479978462786       0.9861074176453037       0.9823440726082079       0.9778770216476224       0.9726218223575489       0.9664916441451792       0.9593986087189174       0.9512553492748106       0.9419767701895281       0.931481978849174        0.919696350830531        0.9065536794956697       0.8919983517149022       0.8759874834865349       0.8584929432689468       0.8395031874419688       0.8190248319556463       0.7970838872720736       0.7737265903676285       0.74901977785199         0.7230507579713399       0.6959266559605778       0.6677732262333438       0.6387331453888917       0.6089638209539134       0.5786347710503559       0.5479246486484094       0.5170179996456878       0.48610185576710335      0.4553622704771999       0.42498090828457447      0.3951317948571515       0.36597832744561515      0.33767063273206593      0.3103433431574199       0.2841138440209869       0.25908102330901756      0.23532453546274146      0.21290457026862064      0.19186209975601956      0.17221956025290144      0.1539819141886972       0.13713802721067445      0.12166229081604713      0.10751641888934477      0.09465134797163428      0.0830091753228173       0.07252507531649602      0.06312914282263589      0.05474812137403359      0.04730698349903652      0.04073034011940146      0.03494366492787422      0.029874327840881627     0.025452438733297836     0.021611508565940376     0.01828893965983945      0.015426360274941375     0.012969820893026512     0.010869870805493051     0.009081533913438345     0.007564202220701107     0.006281464502734324     0.005200886220849575     0.004293755064372588     0.0035348046665138913    0.002901927156999494     0.0023758833685973576    0.0019400177683328989    0.001579983581596575     0.0012834821463983627    0.0010400192898645051    8.406804627507182E-4     6.779254947703365E-4     5.454031322122598E-4     4.3778497380271824E-4    3.50618012743409E-4      2.801947029149251E-4     2.234392757868628E-4     1.77808922445274E-4      1.4120840367805635E-4    1.1191664168498076E-4    8.852386001378327E-5     6.987785050512298E-5     5.503792598495403E-5     4.3235017516236815E-5    3.383611665142868E-5     2.6310710744066842E-5    2.0195773831684826E-5    1.505383112615437E-5     1.0414851501390315E-5    5.685881994452645E-6     0
% Data
% c (mol/m^3) @ t=1200, u1=0.03, u2=0.03, u3=0.03
1                         0.9996901641798461       0.999267032909831        0.9987044530383372       0.9979722067337586       0.9970357178729533       0.9958558034048822       0.9943884860162715       0.9925848855624037       0.9903912073913363       0.9877488457572972       0.9845946198661873       0.9808611586122696       0.9764774476601522       0.9713695491402332       0.9654614998387522       0.958676388404473        0.9509376058486141       0.9421702566314634       0.9323027101221645       0.9212682644657687       0.909006887230957        0.8954669900278235       0.8806071879946885       0.8643979900835429       0.8468233628380611       0.8278821092250402       0.8075890053448481       0.7859756417013226       0.7630909222202079       0.7390011832832081       0.7137899064487966       0.6875570118589139       0.6604177340342045       0.6325010971695528       0.6039480224017196       0.57490911403852         0.5455421846346735       0.5160095893616691       0.486475447755732        0.4571028352107724       0.4280510272791065       0.3994728769318863       0.3715123986072297       0.34430262352853735      0.3179637789668541       0.2926018305319537       0.2683074119632808       0.24515515203004185      0.22320339378355805      0.2024942882001395       0.18305423275974841      0.16489461613449796      0.14801282316804523      0.1323934498143099       0.11800967562971401      0.10482474161007736      0.09279348336411826      0.08186387348142254      0.07197853210292518      0.06307617074150412      0.05509294094496949      0.04796366609011807      0.04162294113701624      0.036006091305129266     0.031049986165227608     0.026693710441211514     0.0228790968088006       0.019551129138561333     0.01665822697658865      0.014152423638499934     0.011989451186986659     0.010128745861719727     0.008533387332911146     0.007169984558005655     0.006008520132991829     0.005022163936397332     0.004187065645738672     0.003482134431894302     0.0028888128630986886    0.0023908508213631263    0.0019740840829715997    0.0016262211637054435    0.0013366410918806545    0.0010962039535229132    8.970753527231827E-4     7.325653391897556E-4     5.969818614008679E-4     4.8549838844319016E-4    3.9403497898668607E-4    3.1915172101784633E-4    2.5795305761007676E-4    2.080009496503641E-4     1.6723393453594248E-4    1.3388762721150353E-4    1.0640956941143734E-4    8.335668239014226E-5     6.325537977582525E-5     4.438996897355003E-5     2.4459641232767027E-5    0
% Data
% c (mol/m^3) @ t=0, u1=0.03, u2=0.03, u3=0.05
1                         -5.069401922626954E-8    2.7246567094188594E-15   3.421885013855475E-20    5.1055724537484466E-26   5.83175662509171E-32     5.952280712584884E-38    5.707686170230589E-44    5.259823408206148E-50    4.715343799709799E-56    4.142543792545948E-62    3.583377428229424E-68    3.06196951560749E-74     2.59060428651965E-80     2.1739009194871858E-86   1.8116935220209655E-92   1.5009909045016198E-98   1.2372872974977217E-104  1.015419065811261E-110   8.301070463814945E-117   6.762838972050278E-123   5.492767350883951E-129   4.448943684387124E-135   3.594533927904736E-141   2.8976669064285215E-147  2.3311027459801186E-153  1.8717906380387196E-159  1.500384534310125E-165   1.2007596339522038E-171  9.595550075737805E-178   7.68291381725975E-184    6.851649002832258E-190   6.103087220754843E-196   5.430290538563177E-202   4.826652885109143E-208   4.28594169910748E-214    3.8023216071821644E-220  3.3703643197828243E-226  2.98504811657E-232       2.6417496221687362E-238  2.336230023766672E-244   2.0646174331198776E-250  1.8233867298185758E-256  1.60933792568961E-262    1.4195738499482E-268     1.2514777611264252E-274  1.1026913365665827E-280  9.710933664633796E-287   8.547793813281887E-293   7.520423645808042E-299   6.613546418299057E-305   5.813509914527E-311      5.1002164E-317           1.5E-323                 0                        0                        0                        0                        0                        0                        0                        0                        0                        0                        0                        0                        0                        0                        0                        0                        0                        0                        0                        0                        0                        0                        0                        0                        0                        0                        0                        0                        0                        0                        0                        0                        0                        0                        0                        0                        0                        0                        0                        0                        0                        0                        0                        0                        0                        0                        0
% Data
% c (mol/m^3) @ t=100, u1=0.03, u2=0.03, u3=0.05
1                         0.9235571163098392       0.826488127608433        0.7135636185703763       0.5920086974692059       0.4703503617148358       0.3568743401739013       0.2581104233944198       0.17780906013675302      0.1167116864283028       0.07309703052921673      0.04378216737192735      0.025151134428576107     0.013902189841252915     0.007418795922415707     0.0038348872257307235    0.0019262906418141053    9.430390971367083E-4     4.5118814611123264E-4    2.1148291484037043E-4    9.73289183292151E-5      4.406689118052221E-5     1.9662786425607286E-5    8.659845244963393E-6     3.7696317357538584E-6    1.6238005249150626E-6    6.929035968824335E-7     2.9318800974863776E-7    1.2316849995003723E-7    5.159773542913054E-8     2.2215137238356486E-8    1.0021378115815939E-8    4.497987397249245E-9     2.0095620170568146E-9    8.940004121904685E-10    3.9616027497465063E-10   1.7491614996310554E-10   7.697159064325631E-11    3.3765784322757344E-11   1.476941023456885E-11    6.442798161486587E-12    2.8034198999509832E-12   1.2169540670838291E-12   5.271042703057643E-13    2.2783137772591346E-13   9.828303681268904E-14    4.231950343818189E-14    1.8190493574729474E-14   7.80605691526785E-15     3.3445710407831086E-15   1.43088881625942E-15     6.113089528749836E-16    2.6081664394139366E-16   1.1113673897438925E-16   4.729921796541721E-17    2.010706181916895E-17    8.538161340735951E-18    3.621783216043341E-18    1.5347682003385504E-18   6.497466091629327E-19    2.748170243834769E-19    1.1613364561776268E-19   4.9034613724114585E-20   2.0686750932044808E-20   8.720479448406174E-21    3.673329957329565E-21    1.5461913998346531E-21   6.503720530623696E-22    2.7338000448736717E-22   1.1483869712533588E-22   4.820990148802782E-23    2.0226467945439332E-23   8.481029064135108E-24    3.554104440850211E-24    1.4885827563132007E-24   6.231385123322884E-25    2.6071877225140422E-25   1.09029259625697E-25     4.5572568870491923E-26   1.903969469674753E-26    7.950940989189612E-27    3.318829581244696E-27    1.384729007090219E-27    5.775151087510174E-28    2.4076076825944374E-28   1.0033137761785636E-28   4.1794698127829986E-29   1.7403775070152138E-29   7.24449127091663E-30     3.014523197213685E-30    1.2539483660703923E-30   5.214285352333633E-31    2.167543063093236E-31    9.007452854692411E-32    3.7419738141318794E-32   1.5540486023131405E-32   6.451623923345837E-33    2.6756532268890148E-33   1.1009137008963723E-33   4.165329142047266E-34    0
% Data
% c (mol/m^3) @ t=200, u1=0.03, u2=0.03, u3=0.05
1                         0.9684198249109268       0.9268338871396125       0.8750793175163746       0.8136823821586274       0.7438989560824342       0.6676688154033183       0.5874788148236658       0.5061456319232923       0.4265451375382553       0.3513287304018307       0.28267288701943993      0.22210352879323328      0.17042132572504978      0.1277315495237867       0.09355958901102018      0.06701796095726228      0.04698655128261393      0.032274117974966446     0.021741447048117507     0.014379761477647185     0.009348216387074549     0.005980027004221495     0.003768336442288433     0.002341692805596765     0.001436458495488279     8.707506036862229E-4     5.222484220272559E-4     3.106297839931127E-4     1.844885076645955E-4     1.122176996581696E-4     7.025402081965653E-5     4.368704129765732E-5     2.6997800442827796E-5    1.658844389906135E-5     1.0138570888185297E-5    6.166230149619662E-6     3.733353814255259E-6     2.2509547404816685E-6    1.3519552610033383E-6    8.091226103051748E-7     4.826594918177496E-7     2.8704511573239623E-7    1.702321348364066E-7     1.0069454530646158E-7    5.941917507143054E-8     3.4984829026355947E-8    2.0555832213876628E-8    1.2054697238167747E-8    7.056702607282112E-9     4.1240598086843636E-9    2.406437388330508E-9     1.4021528701125085E-9    8.158838040687769E-10    4.741447570346566E-10    2.7521856590940684E-10   1.5957331097723984E-10   9.242460326435253E-11    5.347939325714538E-11    3.0915871793035356E-11   1.785645994040169E-11    1.0305024124568207E-11   5.942398859483156E-12    3.4241409206251065E-12   1.971673947477787E-12    1.1345603334706093E-12   6.524442698620006E-13    3.7496944010736593E-13   2.153760172535282E-13    1.2364010788734995E-13   7.094025781162606E-14    4.0682495867344085E-14   2.3319181207447293E-14   1.3360377756679859E-14   7.651246899348504E-15    4.3798732021421456E-15   2.506190289277617E-15    1.4334965278170321E-15   8.196262578006574E-16    4.684657534685498E-16    2.676630432622924E-16    1.5288083650535844E-16   8.729250728062665E-17    4.98270406691542E-17     2.8432962094026624E-17   1.6220059470608148E-17   9.250395906812271E-18    5.274116898011545E-18    3.0062462497612313E-18   1.713122250195354E-18    9.759883175720344E-19    5.558999024264588E-19    3.1655353655005975E-19   1.8021785672136588E-19   1.0257534632299152E-19   5.836316883149782E-20    3.317652161260817E-20    1.878002664320625E-20    1.0391854700908181E-20   5.002564244281632E-21    0
% Data
% c (mol/m^3) @ t=300, u1=0.03, u2=0.03, u3=0.05
1                         0.9837127248442452       0.9619763727992505       0.9342557040185911       0.9002133329918556       0.8597647244668117       0.8131195927924678       0.7608030399721647       0.70365125824278         0.6427791668967375       0.5795207131096516       0.5153462931137973       0.451765229259834        0.3902237934520309       0.3320103054045163       0.2781780125492368       0.22949382056831916      0.18641696422272994      0.1491072046891495       0.11745805471879071      0.09114766195637226      0.0696987525448325       0.05253943459874749      0.03905829771667752      0.028649543086887275     0.020746267546321598     0.01484208515002728      0.010502803051722858     0.007370899334235049     0.005166297479875754     0.003687789011893008     0.0026798538212934623    0.0019312529812552102    0.0013806877070819082    9.795413051670535E-4     6.89859391891185E-4      4.8244142579166246E-4    3.35124444094674E-4      2.3129795384569597E-4    1.5865854025449714E-4    1.0819269460398446E-4    7.336468830311524E-5     4.9480915923077516E-5    3.3201052200989905E-5    2.216800340114178E-5     1.4731752413830739E-5    9.745930682775513E-6     6.4197324921662694E-6    4.211285804839143E-6     2.7516434063084646E-6    1.7911044492571256E-6    1.1616332989599082E-6    7.507600980163164E-7     4.835914823228529E-7     3.104986220540545E-7     1.987465472927496E-7     1.268384477202392E-7     8.071672930563797E-8     5.122534848291846E-8     3.2423514312517455E-8    2.0470662497030533E-8    1.289261803168449E-8     8.100774007557378E-9     5.0783778168071955E-9    3.1766673094896707E-9    1.982897065801102E-9     1.2352140367474397E-9    7.67941771921536E-10     4.765268730408564E-10    2.9515300753859895E-10   1.8248793655772664E-10   1.1263502836822343E-10   6.940476024142307E-11    4.269770788834456E-11    2.6226565448784625E-11   1.6084994543755378E-11   9.850612471419503E-12    6.024037852673705E-12    3.678856126718114E-12    2.2436562009363305E-12   1.3665805072218699E-12   8.313154569945325E-13    5.050843009257554E-13    3.065097523083024E-13    1.8578967491969527E-13   1.1248887543697563E-13   6.80333148653496E-14     4.110272050373511E-14    2.4806684113233525E-14   1.4956430039880913E-14   9.008648792297024E-15    5.420941821595429E-15    3.2589916916663987E-15   1.957458507026129E-15    1.174622633771766E-15    7.041079462166841E-16    4.212783721759744E-16    2.5055874240841463E-16   1.4503397709135017E-16   7.224246502798269E-17    0
% Data
% c (mol/m^3) @ t=400, u1=0.03, u2=0.03, u3=0.05
1                         0.9906834391207427       0.9781647548049469       0.9619998144537957       0.9417978075844593       0.917250791524055        0.8881624895288148       0.8544738732507348       0.8162829727354516       0.7738565368055368       0.7276316391385297       0.6782060781987829       0.6263173976594221       0.5728114614506559       0.5186026237831538       0.46462849139656937      0.41180293964831816      0.3609713032994697       0.31287145928653903      0.26810386641428696      0.22711261545619954      0.19017832610715185      0.15742249558850374      0.12882185151974207      0.10423055362035774      0.08340784040062554      0.06604899533916828      0.05181835515853742      0.04038456614555874      0.03146056586057032      0.024854147609529198     0.019859680171599097     0.015741681339565466     0.01237938500370224      0.009660181746520486     0.00748141047948391      0.005751363374681005     0.00438962109728865      0.003326853752772424     0.0025042255791661036    0.0018725322723323532    0.0013911830798589988    0.0010271191574201012    7.537381337125319E-4     5.49874516245363E-4      3.988678237409185E-4     2.8773580380738085E-4    2.0645892115847499E-4    1.4737426453973124E-4    1.0467169672266733E-4    7.398194852000287E-5     5.204491427073054E-5     3.6446166849218235E-5    2.5410271613062014E-5    1.764051962128872E-5     1.2195979626995528E-5    8.398115167221762E-6     5.7605152340352435E-6    3.936477531381265E-6     2.6802285254894527E-6    1.8184537778691502E-6    1.2295496975934724E-6    8.28606863192393E-7      5.566127284835056E-7     3.727364214086615E-7     2.4884846869528314E-7    1.6564998460547424E-7    1.0995335928529959E-7    7.278171304031925E-8     4.804712032137349E-8     3.163567729045377E-8     2.077704209897923E-8     1.3611878179889849E-8    8.896310701019228E-9     5.800802746598727E-9     3.773811361535347E-9     2.4496998540346697E-9    1.5867622776771906E-9    1.0256565159685804E-9    6.616175310073912E-10    4.2594164480262764E-10   2.7368656830592396E-10   1.7552485014591776E-10   1.123637446205187E-10    7.18019549093998E-11     4.580238838232833E-11    2.916758257138446E-11    1.8543479725389172E-11   1.177004014412384E-11    7.458944982308729E-12    4.719607179007569E-12    2.9818020932567534E-12   1.8810938574745307E-12   1.1849790161812545E-12   7.453688874433015E-13    4.680619874949481E-13    2.931223897384825E-13    1.821566288437423E-13    1.0969414075063982E-13   5.627444198171667E-14    0
% Data
% c (mol/m^3) @ t=500, u1=0.03, u2=0.03, u3=0.05
1                         0.9944105838409775       0.9868647587694339       0.977038048902967        0.9646107805476288       0.9492825590663567       0.9307882578299022       0.908914726877198        0.8835172320369304       0.8545344904247065       0.822001100224594        0.7860561929297335       0.746947279369882        0.7050285212217411       0.6607530284113873       0.614659236124719        0.5673519146545054       0.5194788608145241       0.4717047547942427       0.4246839870415468       0.37903442449094366      0.33531407564071425      0.29400244281781424      0.25548806773474014      0.22006347179026559      0.18792849080922946      0.1592030651351766       0.13395106691082442      0.11221797005451252      0.09408740457542226      0.07976529357490374      0.06815181617900734      0.05785789536501216      0.04880846265046298      0.04091736317758548      0.03409096139769822      0.0282315446156439       0.023240385455936464     0.01902036842972023      0.01547812897921026      0.01252569201221613      0.010081628650331683     0.008071773573777257     0.00642956087544151      0.005096044440130351     0.004019670742967292     0.0031558690499626607    0.0024665177662539254    0.001919337451497286     0.0014872519308531148    0.0011477498432226935    8.822704998749141E-4     6.756304599086463E-4     5.155009564358869E-4     3.9194127450760977E-4    2.969893308157954E-4     2.243079130761314E-4     1.6888314656034238E-4    1.267705985964663E-4     9.488384659681305E-5     7.082017459041448E-5     5.271820162363693E-5     3.914257983297159E-5     2.8991349726955702E-5    2.142204452124135E-5     1.5793150707210542E-5    1.1618028918233737E-5    8.528859158341842E-6     6.248587486433297E-6     4.569213245789024E-6     3.33506698001846E-6      2.429992038221009E-6     1.767561855812678E-6     1.2836450648400854E-6    9.307771927735213E-7     6.739158339388915E-7     4.872505141593172E-7     3.5181320300929994E-7    2.5369419882832276E-7    1.827140182005699E-7     1.3143755757439736E-7    9.444429931895044E-8     6.778945026778263E-8     4.86070314892948E-8      3.481820366464714E-8     2.4917398908327155E-8    1.7815832351173807E-8    1.2727227046959993E-8    9.084523162864094E-9     6.47927973173917E-9      4.617661469256561E-9     3.2885222344409804E-9    2.3402926934647926E-9    1.6642588076234006E-9    1.1824570842008873E-9    8.388632553495428E-10    5.92834617002277E-10     4.138564645388545E-10    2.764144504362114E-10    1.5290794837212588E-10   0
% Data
% c (mol/m^3) @ t=600, u1=0.03, u2=0.03, u3=0.05
1                         0.9965081021486722       0.9917789507601289       0.9855848570073058       0.9776886878629654       0.9678505978484591       0.9558361405416222       0.941425556760549        0.9244239192061382       0.9046716983664667       0.8820552124087014       0.8565163464408702       0.8280608857564475       0.7967648139895606       0.7627779882182906       0.7263247224734964       0.6877009871041248       0.6472681566074068       0.6054435002734765       0.5626878922246669       0.5194915034821003       0.47635851554374625      0.4337921585876886       0.3922816390335339       0.3522928140388444       0.31426485690008243      0.2786157358629815       0.245760241708519        0.2161457400486449       0.19031304512133843      0.168993132923283        0.1508565491349472       0.1339608263507921       0.11833088056864448      0.1039727477212637       0.09087465163010233      0.0790085854791651       0.06833229484679604      0.05879153840583151      0.05032250032407559      0.04285423505430126      0.03631103882599429      0.030614660615347147     0.02568628648284625      0.021448252904093152     0.017825465388410688     0.01474651701739307      0.012144516730396845     0.00995764884910532      0.008129493441976792     0.006609141931005859     0.005351144274165047     0.004315323657065499     0.003466492469606812     0.0027740999791088378    0.002211838033339061     0.001757226747229193     0.0013911977690155384    0.0010976886201786262    8.632579140403133E-4     6.767280672968481E-4     5.288594598325025E-4     4.1205786285669144E-4    3.20115307539632E-4      2.479833522418722E-4     1.915768637088095E-4     1.4760589158367165E-4    1.1343292407267573E-4    8.695270882023138E-5     6.649185740951119E-5     5.07255826070581E-5      3.860911051066849E-5     2.9321538384583347E-5    2.222015287291346E-5     1.6803467683015912E-5    1.2681474488769094E-5    9.55181911946531E-6      7.180813285589609E-6     5.38836845954288E-6      4.036092893750321E-6     3.0179259624001166E-6    2.2527975480707843E-6    1.678895917945841E-6     1.2492074608020043E-6    9.280578111424927E-7     6.884382100162279E-7     5.099452362317085E-7     3.7719790108069685E-7    2.786249571522575E-7     2.0553835922804907E-7    1.5142718184437196E-7    1.1142082166591257E-7    8.188170773882694E-8     6.009655496801151E-8     4.404176401778061E-8     3.220290142792133E-8     2.342963651304615E-8     1.680393845097775E-8     1.1485124987633033E-8    6.456461666293148E-9     0
% Data
% c (mol/m^3) @ t=700, u1=0.03, u2=0.03, u3=0.05
1                         0.9977516641044604       0.9946998471037025       0.9906864500260808       0.9855413025008876       0.9790850999094471       0.9711332654247706       0.9615007218048591       0.9500075022750504       0.9364850684762616       0.9207831399309822       0.9027767784602355       0.8823734179593089       0.8595194909036644       0.8342062840228515       0.8064746625500498       0.7764183404133642       0.7441854467749894       0.7099782505099692       0.6740510559213594       0.6367064777491344       0.598290545540792        0.5591873848121081       0.5198145901958446       0.48062086982561913      0.4420881417712461       0.4047410640989528       0.3691680674184773       0.3360594505974908       0.30627014942507963      0.28091758430695357      0.2586012056779619       0.23705454966618042      0.21637131919041122      0.1966332155908903       0.1779085024210155       0.16025098949744124      0.1436994671965397       0.12827759700978913      0.11399424115801408      0.10084419331150472      0.08880925551255443      0.07785959413829363      0.06795530057541192      0.059048080139327344     0.05108299519760446      0.044000194694518255     0.03773657138256208      0.03222729903968352      0.02740721380874029      0.02321201566359045      0.019579277166133873     0.016449256595155864     0.01376552085320944      0.01147539011917331      0.009530220989009859     0.007885547931959247     0.00650110446544236      0.005340745753595217     0.0043722936201353105    0.00356732349561388      0.0029009108349600304    0.0023513522582160272    0.001899874265216223     0.001530339996049992     0.0012289622593298474    9.840290019939855E-4     7.856455911105825E-4     6.254967396456336E-4     4.966296356148182E-4     3.9325881511195065E-4    3.105925328833952E-4     2.4467980244027556E-4    1.9227687172913656E-4    1.5073164045548054E-4    1.1788438300127681E-4    9.198309067286728E-5     7.161176599122611E-5     5.563007043531188E-5     4.31228293228226E-5      3.3358020340424076E-5    2.575200543053097E-5     1.984090159625592E-5     1.525711909708148E-5     1.171022160769315E-5     8.971379725889298E-6     6.8607953518693965E-6    5.237569346115885E-6     3.991568519766224E-6     3.036920824271846E-6     2.3068302029056084E-6    1.7494555810595054E-6    1.3246422830407113E-6    1.0013283701543299E-6    7.554706876231136E-7     5.6833894944971E-7       4.249934664257834E-7     3.1265041206751964E-7    2.1834557054900267E-7    1.2459052583254334E-7    0
% Data
% c (mol/m^3) @ t=800, u1=0.03, u2=0.03, u3=0.05
1                         0.9985208067041255       0.9965095755163449       0.9938565110154669       0.9904407783495334       0.9861316215430302       0.9807900477238208       0.974271112321068        0.9664268166796453       0.9571096009803562       0.9461763829404829       0.9334930581828922       0.9189393437165788       0.9024138146059644       0.8838389591641126       0.8631660639992821       0.8403797416318143       0.8155019353940699       0.7885952848010293       0.7597658162954906       0.729165047316627        0.6969917661204524       0.6634939888357608       0.6289719164170323       0.5937831411561438       0.5583519171652821       0.5231850542067666       0.48889797476566604      0.4562557606586738       0.4262356944723995       0.4001199760653872       0.3765567635018274       0.35320463442014055      0.33017004406903316      0.3075576871581423       0.2854686298161792       0.26399849098472866      0.24323573880667657      0.22326016342717162      0.2041415799345102       0.18593880447126643      0.1686989336204396       0.1524569429490225       0.13723560606399773      0.12304572166193482      0.10988662367611594      0.0977469394089213       0.08660555292894326      0.07643272622761851      0.06719132866309337      0.058838125870517746     0.05132508223754762      0.04460063577820604      0.03861091028077096      0.0333008364417626       0.02861516084482778      0.024499328676420865     0.02090023264411385      0.01776682642010942      0.015050605902236157     0.012705965579710033     0.010690440295016632     0.008964844748057196     0.00749332427908506      0.006243330906672267     0.005185538415500503     0.004293709620345616     0.0035445279072471515    0.0029174038899349554    0.0023942666236819073    0.0019593473772867567    0.0015989625464737634    0.001301300950987723     0.001056219529616426     8.550503550251134E-4     6.90420944832299E-4      5.560890487741176E-4     4.467924390984132E-4     3.5811371255017524E-4    2.8635971430693774E-4    2.2845490210101943E-4    1.8184776703578727E-4    1.4442930105133873E-4    1.1446243529989729E-4    9.052135582427737E-5     7.143962137903223E-5     5.6266053068204765E-5    4.422742831309285E-5     3.469708550435738E-5     2.7168624596344864E-5    2.123396741171196E-5     1.6565113415791835E-5    1.2898982947889117E-5    1.002476255257839E-5     7.773117396238096E-6     6.0064257459121235E-6    4.608617591853099E-6     3.471796742653553E-6     2.4735173258089522E-6    1.4308971269918858E-6    0
% Data
% c (mol/m^3) @ t=900, u1=0.03, u2=0.03, u3=0.05
1                         0.9990109730724853       0.9976643879067648       0.9958837392901585       0.993583452176224        0.990669152033868        0.9870382664099026       0.9825809985078523       0.9771817049885275       0.9707206986060215       0.9630764819959066       0.9541284025505          0.9437597008659393       0.9318609082091318       0.9183335338470142       0.9030939735382859       0.886077569349547        0.8672427623927401       0.8465753092477682       0.8240925861027874       0.7998480898968633       0.7739363727823252       0.7464988272698424       0.7177309897934546       0.6878923693003489       0.6573202587003882       0.6264495800565633       0.5958415850929449       0.5662252237036712       0.5385562544301099       0.5141007583969569       0.4916334829949221       0.46893581799994766      0.4460911180040081       0.4231873055166005       0.4003157499233141       0.37757000398946333      0.35504442920256457      0.3328327477046597       0.3110265634253133       0.2897138979039191       0.2689777869357898       0.24889498250021136      0.22953480050914718      0.21095814899306795      0.19321676379464492      0.17635267015427078      0.16039787928621901      0.14537431971741266      0.1312939943188738       0.11815934606171655      0.10596380893732145      0.09469251544338424      0.08432312868194317      0.07482676545434136      0.06616897668034309      0.05831075283932998      0.0512095246945887       0.044820133044059615     0.03909574535540607      0.03398870160910283      0.029451276232462024     0.025436347437091954     0.021897969391666466     0.018791846336337955     0.016075710885429424     0.013709611324274798     0.01165611467437295      0.009880433699027842     0.008350486893448429     0.007036900909371088     0.005912964875022564     0.004954545761224418     0.004139973387691649     0.003449902929988245     0.002867161940320021     0.002376587989151798     0.0019648621151461244    0.001620342374458525     0.0013329009344192329    0.0010937673803826965    8.95380210200135E-4      7.312478845112518E-4     5.958202841172307E-4     4.8437099553707484E-4    3.928904970562654E-4     3.1799004264908124E-4    2.5681583095160773E-4    2.069728901334867E-4     1.66457993442751E-4      1.3360082483385342E-4    1.0701250625847339E-4    8.554041326261751E-5     6.822780684841909E-5     5.4275896934931944E-5    4.300385641463534E-5     3.379752266950689E-5     2.60266839191339E-5      1.8886389542453187E-5    1.1062714456465632E-5    0
% Data
% c (mol/m^3) @ t=1000, u1=0.03, u2=0.03, u3=0.05
1                         0.9993299162001167       0.9984165722237465       0.9972064196756565       0.9956388158260733       0.9936459242234579       0.9911528028475438       0.9880777138693372       0.9843326871719222       0.9798243663717664       0.9744551612502012       0.9681247245342421       0.9607317643785142       0.9521761975339179       0.9423616432734292       0.9311982563912545       0.9186059012937504       0.904517681363714        0.8888838622664338       0.8716762695749664       0.8528933061717021       0.8325658309824728       0.8107642771586272       0.7876075763969577       0.7632747106902783       0.7380200502386673       0.7121940764041822       0.6862716545799314       0.6608907399747033       0.6369052986872511       0.6154573380515204       0.5954884765369902       0.5750251817930361       0.5541172757774915       0.532820927383431        0.5111983472393188       0.4893173358429755       0.4672506845722636       0.4450754344911104       0.42287200352246535      0.4007231981913738       0.3787131314286738       0.3569260725461624       0.33544525915059437      0.3143517032104286       0.2937230245512365       0.2736323446451785       0.25414727168301166      0.23532900467314374      0.2172315798854633       0.19990127760146248      0.18337620114875122      0.1676860339150171       0.15285197378284687      0.13888683851063602      0.12579533027417028      0.11357444309212232      0.10221399333716909      0.09169725106646011      0.08200164850945059      0.073099541687336        0.0649590017164364       0.05754461373960058      0.050818263480927724     0.04473989396225717      0.03926821778528215      0.034361373408791        0.029977516889827922     0.026075343484843336     0.022614536220808824     0.019556140971072573     0.01686286965592574      0.014499334906396565     0.01243222087533089      0.010630395863279005     0.009064973072597706     0.007709326145862975     0.006539066224907706     0.005531987128509749     0.004667984934479207     0.003928957808570467     0.0032986913880035285    0.0027627344367990607    0.0023082688739021018    0.0019239776579451963    0.0015999134133571555    0.0013273701137788232    0.001098759604921691     9.074942430717262E-4     7.478764201111938E-4     6.149951736199397E-4     5.046292883359897E-4     4.1315494422135377E-4    3.3745330996808807E-4    2.7480787526907685E-4    2.2276914472337122E-4    1.7893763629127336E-4    1.405575097826428E-4     1.0368443342797501E-4    6.140907699806776E-5     0
% Data
% c (mol/m^3) @ t=1100, u1=0.03, u2=0.03, u3=0.05
1                         0.999541083802439        0.9989149937573508       0.9980840780710154       0.9970052787031053       0.9956298941098882       0.9939034445881191       0.9917656657313991       0.9891506563622361       0.9859872075722738       0.9821993392466898       0.9777070698397379       0.9724274445389264       0.9662758468474902       0.9591676198411273       0.9510200270697484       0.9417545908579452       0.931299859711336        0.9195946793972365       0.9065920775373473       0.8922639236340314       0.8766066008209108       0.8596480289841744       0.8414565193429847       0.8221521277588301       0.8019214192918707       0.7810368728938495       0.7598825573549212       0.7389882138950216       0.7190745042933112       0.7011129435631606       0.6842227123552306       0.6667284941982488       0.6486510178900469       0.6300165041077453       0.6108568293557538       0.5912096058703353       0.5711181661806182       0.5506314428037339       0.5298037359470453       0.5086943650576131       0.4873672035111864       0.46589009954324595      0.44433419053116197      0.4227731217511342       0.4012821845530133       0.3799373923155852       0.3588145153726079       0.33798809817078657      0.31753048310916654      0.2975108657378294       0.2779944052393382       0.2590414124119297       0.24070663480496016      0.22303865535703624      0.20607941702479762      0.189863881659401        0.17441982699386513      0.15976778125152244      0.1459210907640686       0.13288611226327662      0.12066251831763768      0.10924370182137554      0.09861726356672165      0.08876556576072618      0.07966633386921339      0.07129328933581267      0.06361679646143316      0.056604507949069106     0.05022199521916663      0.04443335147610459      0.0392017575521489       0.03449000267341251      0.030260954395034134     0.026477973965117807     0.023105275238693348     0.020108226928962764     0.017453599423124865     0.015109758587650284     0.013046809938762022     0.011236697264106688     0.009653260265365605     0.008272256068914163     0.007071349546136491     0.006030077320984556     0.005129790141514614     0.004353577968021674     0.0036861816784978744    0.0031138946695116157    0.002624456712850684     0.0022069409170799997    0.0018516318665984688    0.0015498874921293967    0.0012939657548552157    0.0010767728564328393    8.914374456534507E-4     7.305029790500905E-4     5.842889146228365E-4     4.374528461548003E-4     2.6167399333871865E-4    0
% Data
% c (mol/m^3) @ t=1200, u1=0.03, u2=0.03, u3=0.05
1                         0.9996828715933963       0.9992498861360072       0.9986744548081425       0.997925931213712        0.996969345278809        0.9957651908265592       0.9942692850472923       0.9924327198903935       0.9902019271314816       0.9875188805818387       0.9843214607479298       0.980544009464172        0.9761181049991137       0.970973592444636        0.9650399106445495       0.9582477666014432       0.950531222678956        0.9418302828901025       0.9320940945550119       0.9212849236652648       0.9093831201631589       0.8963933675992729       0.8823526157353275       0.8673402310425583       0.8514910761393967       0.835012453423839        0.8182061297627957       0.8014970080218874       0.7854704376209485       0.7709206699800751       0.7571355263209242       0.7427416807071536       0.7277399768844095       0.7121350383482338       0.6959355874063435       0.6791547359575153       0.6618102380393982       0.6439246939422318       0.6255256957718602       0.6066459048215526       0.587323052011569        0.5675998539928894       0.5475238392792879       0.5271470809372092       0.5065258348669954       0.48572008546856504      0.4647930033943164       0.4438103230299297       0.422839650177576        0.4019497130112642       0.38120957160200897      0.36068780305687026      0.34045168048811336      0.32056636456221604      0.30109412624076304      0.28209361851828074      0.2636192135215277       0.2457204193277956       0.22844138838030834      0.21182052654137573      0.1958902087565302       0.18067660413913955      0.1661996101567654       0.15247289263075434      0.13950402555733502      0.12729472241054504      0.11584114866083384      0.10513430378043498      0.09516046002588788      0.08590164478517161      0.0773361532274962       0.06943907835681853      0.062182846291606815     0.05553774561039811      0.049472440847487996     0.04395446162671841      0.038950660416932466     0.03442763341816227      0.03035210058771177      0.026691242242751708     0.02341299099213677      0.020486278924189343     0.017881240984632427     0.015569376297242964     0.013523669780404854     0.011718676743549223     0.010130573097960019     0.008737173143832207     0.0075179150692414164    0.006453810169458879     0.005527342906527459     0.004722290034509765     0.004023386981052769     0.003415684937092878     0.0028832629255419327    0.0024065807608017672    0.0019569612328483683    0.001485011813892899     8.962730691136558E-4     0
% Data
% c (mol/m^3) @ t=0, u1=0.03, u2=0.05, u3=0.01
1                         -5.069401922626954E-8    2.7246567094188594E-15   3.421885013855475E-20    5.1055724537484466E-26   5.83175662509171E-32     5.952280712584885E-38    5.707686170230589E-44    5.259823408206148E-50    4.715343799709799E-56    4.142543792545948E-62    3.5833774282294243E-68   3.06196951560749E-74     2.59060428651965E-80     2.1739009194871893E-86   1.8176912649052345E-92   1.6850716960805392E-98   1.5542276592823918E-104  1.4272241640515847E-110  1.3055183607930356E-116  1.1900885555721112E-122  1.0815391132390387E-128  9.80185457843622E-135    8.861226752653524E-141   7.99280633320918E-147    7.194680411327126E-153   6.464074569051977E-159   5.797629085231025E-165   5.19161503656321E-171    4.6421016614273655E-177  4.117813219071799E-183   2.9282378566638377E-189  2.0798497644403913E-195  1.4756288098443677E-201  1.0458569188145513E-207  7.405340746743072E-214   5.2386648101957265E-220  3.702729195384679E-226   2.614990451007438E-232   1.8453740081723724E-238  1.3013154947436637E-244  9.17024848624656E-251    6.457955633338093E-257   4.545048154533791E-263   3.196865872854531E-269   2.2473200961049116E-275  1.5789606763615327E-281  1.1088021488307188E-287  7.782569094701635E-294   5.459932525909477E-300   3.828736994631905E-306   2.68371125218E-312       1.890937E-318            0                        0                        0                        0                        0                        0                        0                        0                        0                        0                        0                        0                        0                        0                        0                        0                        0                        0                        0                        0                        0                        0                        0                        0                        0                        0                        0                        0                        0                        0                        0                        0                        0                        0                        0                        0                        0                        0                        0                        0                        0                        0                        0                        0                        0                        0                        0                        0
% Data
% c (mol/m^3) @ t=100, u1=0.03, u2=0.05, u3=0.01
1                         0.9235571163255618       0.8264881276684488       0.713563618776259        0.5920086981626375       0.47035036402892566      0.35687434782798944      0.2581104484664758       0.1778091413837033       0.11671194657191881      0.07309785240389952      0.04378472538877218      0.025158964026498674     0.013925710701602166     0.007487992512506154     0.004033758235985503     0.0022070484690780074    0.0011786216060857538    6.158199727577287E-4     3.15515134991636E-4      1.588379499364601E-4     7.87133471175185E-5      3.84601584551671E-5      1.8555518366469755E-5    8.85103679583579E-6      4.178972042084258E-6     1.954939087153611E-6     9.068503864230505E-7     4.171511170494183E-7     1.8917037250065848E-7    7.966148097989153E-8     2.9657038986316856E-8    1.09798452880021E-8      4.044476693820593E-9     1.4828974540629814E-9    5.413859427509648E-10    1.96877645296141E-10     7.133625559383327E-11    2.5761191664782882E-11   9.27403342417263E-12     3.328996207852064E-12    1.1917510522968987E-12   4.2556209777552267E-13   1.5160582156581137E-13   5.3890026210125907E-14   1.911608237406895E-14    6.767694694625365E-15    2.391568901973763E-15    8.436653485493629E-16    2.9712829506509884E-16   1.0448221609785486E-16   3.6686009804521946E-17   1.2863254538437962E-17   4.504262600383389E-18    1.5752410028226172E-18   5.502332572083021E-19    1.9197623111816497E-19   6.690699564187161E-20    2.3293792342120418E-20   8.101646174360862E-21    2.81507064354193E-21     9.77250003361386E-22     3.3895244362485725E-22   1.1746377120906806E-22   4.0673886353964653E-23   1.407302990138089E-23    4.865557828057556E-24    1.6809814580710914E-24   5.803499751396106E-25    2.002279366587055E-25    6.903627475348989E-26    2.3787992166958958E-26   8.19172335118402E-27     2.819282819715676E-27    9.697421709338854E-28    3.333774146380292E-28    1.1454758209325133E-28   3.933804623291514E-29    1.3502794782510833E-29   4.6326038837111215E-30   1.5886330280331627E-30   5.445339373335945E-31    1.8656708262875547E-31   6.389388655912575E-32    2.1872734854899199E-32   7.484648764724922E-33    2.560172127961671E-33    8.753887511315824E-34    2.992066757912823E-34    1.022314230024158E-34    3.491760616685749E-35    1.1922172702780764E-35   4.069312578264931E-36    1.3884972238828344E-36   4.7362045828732235E-37   1.6150169684188245E-37   5.504940236563483E-38    1.874196967781942E-38    6.324198746757802E-39    1.9524402599010587E-39   0
% Data
% c (mol/m^3) @ t=200, u1=0.03, u2=0.05, u3=0.01
1                         0.9684198882231858       0.9268340767519284       0.8750797937325498       0.813683527577046        0.7439016619427719       0.667675125089719        0.5874933449955683       0.506178654823851        0.4266191377785258       0.3514920625655291       0.28302758306497444      0.222860536066129        0.1720073545939587       0.1309899268688689       0.10011645696549464      0.07674527270036492      0.05774427313029211      0.04266993422372321      0.03098774218195775      0.022133580760774135     0.015562254058068537     0.010780343315382362     0.007364059337971176     0.004964871001139702     0.0033065063090962398    0.0021767752115789585    0.0014169521363781726    9.104715042710299E-4     5.714897253544101E-4     3.3209832402318336E-4    1.7511660377569668E-4    9.158582281979416E-5     4.754149877828274E-5     2.4509730015718715E-5    1.2556786533567068E-5    6.396227831032261E-6     3.241047985754009E-6     1.6343876106739906E-6    8.205545631710734E-7     4.1030012872740463E-7    2.0440061371472368E-7    1.0148000897592493E-7    5.0224538726043085E-8    2.4785463121663007E-8    1.2198944553474162E-8    5.98936932152583E-9      2.9339643142350936E-9    1.4342250573389155E-9    6.997383041479958E-10    3.407774786049958E-10    1.6568322717658608E-10   8.042835466001765E-11    3.8986017237609435E-11   1.88720735032251E-11     9.123884739328493E-12    4.405796591814977E-12    2.125130762685266E-12    1.0239831961611419E-12   4.929160092664241E-13    2.3705586908432136E-13   1.1390662514930364E-13   5.468758390880321E-14    2.6235499617070363E-14   1.2576757589468456E-14   6.024809953972662E-15    2.884221921494718E-15    1.379872306509429E-15    6.59761953318019E-16     3.1527250872149193E-16   1.5057292624321904E-16   7.1875412899333E-17      3.4292291704727676E-17   1.6353274985431624E-17   7.794958949088166E-18    3.7139156401822516E-18   1.768752613362037E-18    8.42027546845558E-19     4.0069738936493685E-19   1.9060935183649757E-19   9.063907840053131E-20    4.308599353227557E-20    2.047441744553648E-20    9.72628457798588E-21     4.6189925622827214E-21   2.1928911197187635E-21   1.0407844576970768E-21   4.93835878415081E-22     2.3425376235845995E-22   1.1109036447559898E-22   5.2669073540612875E-23   2.4964781489891305E-23   1.1830289994195447E-23   5.604784154373501E-24    2.654650120214476E-24    1.2568206259504334E-24   5.943022209045225E-25    2.795341038844995E-25    1.280529217029268E-25    5.052189933828663E-26    0
% Data
% c (mol/m^3) @ t=300, u1=0.03, u2=0.05, u3=0.01
1                         0.9837145086981162       0.9619812436183958       0.9342664407621893       0.9002355465603631       0.859809439936533        0.813208072377137        0.7609756268468534       0.703983294621134        0.6434090994313809       0.5806987323058515       0.5175167686423471       0.45570341697237443      0.3972574802993066       0.3443708586803972       0.2995431230920341       0.2606897317297835       0.2241668072075218       0.19041566851232136      0.15975704264571886      0.13238066559019637      0.1083462867309393       0.08759480964896763      0.06996705715028272      0.055226926220063394     0.04308543722756529      0.03322208001328555      0.025299294936790007     0.018963690629207695     0.013821203580004602     0.009357461589082251     0.005839009074699805     0.0036034902556820398    0.0022007746408198403    0.0013308989705687958    7.973815713105367E-4     4.735424370455346E-4     2.7888791103594223E-4    1.6295669420554262E-4    9.450788347531128E-5     5.4423618099880344E-5    3.113077240721937E-5     1.7693961655326593E-5    9.996160302763094E-6     5.614948820576209E-6     3.1367955545028343E-6    1.7432922540076355E-6    9.640652257527787E-7     5.306362363834191E-7     2.90761918723134E-7      1.5864208154909679E-7    8.620337665913971E-8     4.6658944979060426E-8    2.516085541283437E-8     1.3519682249398383E-8    7.239771347800436E-9     3.864233857835806E-9     2.0560870926490767E-9    1.0907249158131814E-9    5.769491885475454E-10    3.0433969860131287E-10   1.6011269088454227E-10   8.402023639560848E-11    4.398205869341989E-11    2.2968943917933977E-11   1.1967916575985794E-11   6.222206499347585E-12    3.228145435198752E-12    1.671388160546424E-12    8.63670825794677E-13     4.454464551280291E-13    2.293228348426642E-13    1.1785024864087224E-13   6.046035886736106E-14    3.096651816709803E-14    1.5835025765699928E-14   8.084853627951701E-15    4.1216754373035515E-15   2.0981859323057527E-15   1.0666013432354152E-15   5.414605729555097E-16    2.7450856214106667E-16   1.3899088849672573E-16   7.028691309263874E-17    3.5500621823065776E-17   1.790959685054257E-17    9.024817347313852E-18    4.5426326596147486E-18   2.2840556463099406E-18   1.1472243410700332E-18   5.756318926076137E-19    2.8854111848845666E-19   1.4449311540295092E-19   7.228845464555922E-20    3.612934918278829E-20    1.8035340685341782E-20   8.98228155094473E-21     4.440563078769667E-21    2.1274090168879884E-21   8.678059047886451E-22    0
% Data
% c (mol/m^3) @ t=400, u1=0.03, u2=0.05, u3=0.01
1                         0.9906938004101249       0.9781916691757813       0.9620549254648884       0.9419021616679748       0.9174415190078876       0.8885039205148949       0.8550757333349945       0.8173296797611824       0.7756535842347222       0.7306777812324274       0.683303717416989        0.6347383969175722       0.5865416993784224       0.5406960186640586       0.49970981073013193      0.46185706165202334      0.4236885340737951       0.38563437445546844      0.3481367041087322       0.31163094771219996      0.27652672470169715      0.2431896433705181       0.21192497342606545      0.18296330080025905      0.15644656354875242      0.13240961074437235      0.11074603618013476      0.09113413760137694      0.07287241453467257      0.05451972897461349      0.038105138805216036     0.0263184616452655       0.0179717691479052       0.012138754458680132     0.008113403019097734     0.005368626551013208     0.003518301238315159     0.0022844615012378926    0.0014702117414774419    9.381631819068652E-4     5.937856814286839E-4     3.7288730230294084E-4    2.3241236052958764E-4    1.4381544910025594E-4    8.83774461254853E-5      5.3949325111753316E-5    3.272297262232885E-5     1.972648968146854E-5     1.1821708942805708E-5    7.044372411297441E-6     4.174740733417712E-6     2.461109980645429E-6     1.4435499064266033E-6    8.425832586759882E-7     4.894984014067645E-7     2.830875391928876E-7     1.630014385946196E-7     9.346096950653227E-8     5.337048770849039E-8     3.035743565944416E-8     1.7202051229675403E-8    9.711856063750087E-9     5.463666864541233E-9     3.063211154145696E-9     1.711705137708051E-9     9.53425365152413E-10     5.294130028132142E-10    2.9308607347837485E-10   1.6178161060519555E-10   8.905032749848049E-11    4.8882302477633597E-11   2.6761680375031483E-11   1.461352722196397E-11    7.95993705008102E-12     4.325225461926639E-12    2.344675652178618E-12    1.2681215034998613E-12   6.843386251655725E-13    3.6850235271103467E-13   1.9801331717721018E-13   1.0618382467170119E-13   5.6827182867168627E-14   3.035363844486066E-14    1.6182457192411407E-14   8.611496983027592E-15    4.574397853351202E-15    2.4256614114721097E-15   1.2840636262863787E-15   6.786119151104329E-16    3.580574371803224E-16    1.886239752454476E-16    9.921298923035389E-17    5.210444293128216E-17    2.7320839762845895E-17   1.4298404063852622E-17   7.458121166720039E-18    3.8534214187391024E-18   1.919993536633144E-18    8.060060081969087E-19    0
% Data
% c (mol/m^3) @ t=500, u1=0.03, u2=0.05, u3=0.01
1                         0.9944148866121683       0.9868809269619541       0.9770846831306992       0.9647247482586272       0.9495298911812531       0.9312804360603816       0.9098328594297302       0.8851476855720157       0.857320983636809        0.8266201391568254       0.7935250977060266       0.7587769472811197       0.7234364774710701       0.6889561500227523       0.6572696168813502       0.6270067434974433       0.5953222361733463       0.5624014204546953       0.5284709170438623       0.4937943161288942       0.4586648859316512       0.42339477208068343      0.3882995949854212       0.35367599303886155      0.31976666699827244      0.28670126696613923      0.25438896188966253      0.22231384271733168      0.1891361524143608       0.15190930315981568      0.11539083743215758      0.08668706176419227      0.06443174633495108      0.047399400864257965     0.03452513589517136      0.02490846840064442      0.017805907761696885     0.012616523176490512     0.008863865134106929     0.006176750981488356     0.004270633121140112     0.002930605541224754     0.0019965907803377826    0.0013508805100521488    9.07959570435448E-4      6.064001076013184E-4     4.025433988662879E-4     2.656687074225827E-4     1.7436209446959963E-4    1.1382920393612342E-4    7.393457220158883E-5     4.778949036685744E-5     3.07470500312439E-5      1.9694846838068024E-5    1.2562279777750747E-5    7.98061648857015E-6      5.050552506675753E-6     3.184602002423195E-6     2.0010673918677977E-6    1.2532340402554968E-6    7.82415546657271E-7      4.870189153838455E-7     3.0228940170930257E-7    1.8712503664911107E-7    1.1554029316833044E-7    7.116819323761004E-8     4.373663014205551E-8     2.6820404508663707E-8    1.6413359001854587E-8    1.0025155172043926E-8    6.112142449512209E-9     3.7200582356828034E-9    2.260492564345823E-9     1.3714964909655234E-9    8.309289230876782E-10    5.027453046943303E-10    3.037964778157218E-10    1.8335882978124202E-10   1.105445663044579E-10    6.657633265783861E-11    4.005696379942385E-11    2.407903619178927E-11    1.4462014147660033E-11   8.679032304970366E-12    5.204625425283124E-12    3.1189236576059652E-12   1.867829393344148E-12    1.1179068541819643E-12   6.686937233459333E-13    3.997765021390157E-13    2.388838389341243E-13    1.426712212177721E-13    8.516003136469639E-14    5.078776747395011E-14    3.023282223276504E-14    1.790623596911228E-14    1.0442396332156321E-14   5.784676154599544E-15    2.6190966979494575E-15   0
% Data
% c (mol/m^3) @ t=600, u1=0.03, u2=0.05, u3=0.01
1                         0.9965487115286756       0.9918812163944067       0.9857843096152299       0.9780432974492116       0.9684524652121763       0.9568284889658143       0.9430271616344572       0.9269638550141611       0.9086382199964986       0.8881637435079102       0.8658029328556156       0.8420090794451228       0.8174757462981016       0.7931952950971862       0.7705278685291332       0.7484520490019968       0.7248220589186402       0.6996589318873497       0.6730111411954343       0.6449556276663947       0.6155964309640949       0.585059291841062        0.5534793034094175       0.5209761698189453       0.48760673875522476      0.45327506836495585      0.4175623844750461       0.37940551361736613      0.33648920608300437      0.2841004639513055       0.2290767731793536       0.18283812290852225      0.14449507735335074      0.11310035055646976      0.08770474252672271      0.0673989816789991       0.05134244732340452      0.0387804859281872       0.02905241214626351      0.021592370702520954     0.01592510919778596      0.01165845296692023      0.008473948393254578     0.006116802246856585     0.0043859273329279105    0.0031246301647532065    0.0022122539746096087    0.0015569211127768182    0.0010893982537654187    7.580283726714952E-4     5.246266568408218E-4     3.612150802654926E-4     2.4746495961201645E-4    1.6872241428122356E-4    1.1450363028644223E-4    7.736181312904277E-5     5.204341928319818E-5     3.4866242439534466E-5    2.3265397255133785E-5    1.5464833721651642E-5    1.0241665918795083E-5    6.75842295627647E-6      4.444533542559242E-6     2.913181797945945E-6     1.9033647863745669E-6    1.2397667741775732E-6    8.05137462800891E-7      5.213853956669012E-7     3.36706419053404E-7      2.1686568299869966E-7    1.3932168403172173E-7    8.928427517228405E-8     5.7081847125669245E-8    3.641034148193304E-8     2.3173448410530743E-8    1.4717358532272353E-8    9.327712574324132E-9     5.900081878802752E-9     3.724850222258E-9        2.3472351478536817E-9    1.4764861639631956E-9    9.271586597010838E-10    5.812413270431137E-10    3.6379900678290823E-10   2.273489776531299E-10    1.418645568038207E-10    8.839469292740047E-11    5.500102944955807E-11    3.417648599402157E-11    2.1208661536308356E-11   1.3144388203035166E-11   8.13591601111208E-12     5.028842773811318E-12    3.1028466266145587E-12   1.9087805987431175E-12   1.1663642464758712E-12   6.998090546066463E-13    3.9696073938541006E-13   1.826525770072473E-13    0
% Data
% c (mol/m^3) @ t=700, u1=0.03, u2=0.05, u3=0.01
1                         0.9978188842744589       0.9948649089555984       0.9909963492365669       0.9860672770847995       0.9799338290234584       0.9724626429055943       0.9635418416350753       0.9530949797651564       0.9410984105544543       0.9276025752273326       0.9127577595014337       0.8968448981947492       0.8803120255420777       0.863816949311964        0.8482766460572404       0.8329658182834584       0.8163564896172587       0.798399437635499        0.7790554113428189       0.7582955456929578       0.7360994722132211       0.7124489356850032       0.6873128999424625       0.6606167439168804       0.6321818974815345       0.601610749260667        0.5680705315859123       0.5298913153999787       0.4838231570202218       0.42367065403544707      0.3570684245035901       0.2981368530257942       0.24666510016034873      0.202262647918256        0.1644102357749395       0.1325065294702337       0.10590868940097654      0.08396584705785094      0.06604521751803982      0.051551139495364766     0.0399377321078904       0.030716098481477754     0.02345711242363363      0.017790824310162007     0.013403446431444407     0.010032754811965033     0.007462598136409595     0.005517053687955915     0.0040546283833442194    0.0029627782866493944    0.002152916445505948     0.001555997418711777     0.0011187061968347838    8.002368109216256E-4     5.696186265019204E-4     4.035328709402572E-4     2.8455530042305175E-4    1.997604400952907E-4     1.3962636917793628E-4    9.718489836556889E-5     6.736896723101095E-5     4.6516318356315654E-5    3.199542798734792E-5     2.1925966019256752E-5    1.4971563819241579E-5    1.0187343841336862E-5    6.908540229671617E-6     4.66968680299632E-6      3.146360322128217E-6     2.1134406080983264E-6    1.4153790429396325E-6    9.451385173223873E-7     6.29355012570514E-7      4.1793594422793265E-7    2.768041353870519E-7     1.8285973157037834E-7    1.2049774320450686E-7    7.921120926393029E-8     5.1948349938564616E-8    3.399098158278958E-8     2.219171877678011E-8     1.4457091979303825E-8    9.398537325040855E-9     6.097538764048377E-9     3.9481042741662025E-9    2.551445542399405E-9     1.645775614722776E-9     1.059652528936593E-9     6.81059674437808E-10     4.369712249864682E-10    2.7988276128028064E-10   1.7895545793594858E-10   1.1420749528479479E-10   7.271234777712281E-11    4.6114629320778883E-11   2.9007462486413685E-11   1.786947779063321E-11    1.0360337469322864E-11   4.838054272423365E-12    0
% Data
% c (mol/m^3) @ t=800, u1=0.03, u2=0.05, u3=0.01
1                         0.9986033870568679       0.9967103688597617       0.9942276801389791       0.9910581735269811       0.9871046887658728       0.9822754140373939       0.9764910339589047       0.9696939871422994       0.961860181943943        0.9530135395725986       0.9432437451986738       0.9327275844841207       0.9217542170881206       0.910754679383033        0.9003358015779999       0.8899987110406903       0.8786920154764253       0.8663503358194629       0.8529074974731907       0.8382949122863916       0.8224372488246458       0.8052428732571855       0.786584455706877        0.7662613555828648       0.7439285677053643       0.7189647040792134       0.6902293835464495       0.6556208285304368       0.6112738286612263       0.5501124986780028       0.4795087595137948       0.4144363463760406       0.3552152896650055       0.30196497668131966      0.25463215056339905      0.2130218036979337       0.1768287916935314       0.14566836085708904      0.11910420504954589      0.09667310156751481      0.07790558356858562      0.062342462132506875     0.04954729853195772      0.03911514053354968      0.030677977316578047     0.023907443377963324     0.018515323621228357     0.014252392303519351     0.010906070208940835     0.008297318736546098     0.0062771160912866416    0.004722786844346187     0.003534387027133031     0.0026312859317839774    0.0019490345764095857    0.0014365697694477748    0.001053771402949307     7.693679885456254E-4     5.59170199018288E-4      4.0460287962129735E-4    2.91501284427159E-4      2.0913595062159115E-4    1.4943160874335095E-4    1.063479985401213E-4     7.539376867608211E-5     5.3248305307980383E-5    3.747002547639316E-5     2.627316871751446E-5     1.835829627580842E-5     1.2784499620326657E-5    8.87371242845805E-6      6.139526695594128E-6     4.234566064726203E-6     2.911808949156425E-6     1.996324727054817E-6     1.364731489300186E-6     9.303434881112396E-7     6.324859847680126E-7     4.288450571465973E-7     2.9001559560671457E-7    1.956331144990574E-7     1.3164101474419728E-7    8.836796030917134E-8     5.9180590600164315E-8    3.954302561307746E-8     2.636277239659786E-8     1.7537446514233295E-8    1.1641743133855166E-8    7.711986261609327E-9     5.098318145120395E-9     3.3636091608763206E-9    2.214526328428449E-9     1.4546608224880203E-9    9.52732665417824E-10     6.210588629582571E-10    4.00970238241019E-10     2.5288985682186066E-10   1.4947948652331983E-10   7.071249922087565E-11    0
% Data
% c (mol/m^3) @ t=900, u1=0.03, u2=0.05, u3=0.01
1                         0.9991095840380068       0.9979020184699467       0.996316745747979        0.9942902113226515       0.9917582634881037       0.9886595475138032       0.9849401046003724       0.9805594063564691       0.9754980719586825       0.9697675254803811       0.9634218518030243       0.9565720967938511       0.9494032255650741       0.942193894692951        0.9353391016783664       0.9285038689881555       0.920982299011771        0.9127134499761591       0.9036303528032679       0.8936568333188          0.8827012372599023       0.8706443872589154       0.8573169459559582       0.8424575093309398       0.8256358946620658       0.8061138961119615       0.7825941641652018       0.7527696193981188       0.712518281048096        0.6544693764105174       0.5852037718740907       0.5192739423656001       0.45729393098825766      0.399710268839274        0.34680939048018433      0.2987305953762776       0.2554830750046961       0.21696552525265853      0.18298696168789585      0.15328752722113678      0.1275583015254489       0.1054593640716833       0.08663560554548029      0.07073000796868287      0.05739430946595911      0.046297127889800074     0.03712973571034467      0.029609757772749427     0.02348310759812547      0.018524492483583736     0.014536809191016891     0.01134972700686163      0.008817719406085778     0.006817764602407757     0.005246893016032851     0.004019719174302156     0.0030660588175459003    0.00232870019074016      0.001761372149304337     0.0013269307665054204    9.957702187606936E-4     7.444522477850576E-4     5.545407565955086E-4     4.116233721300678E-4     3.044994207931419E-4     2.2451310771377033E-4    1.650112496564514E-4     1.209062645755215E-4     8.832693848846027E-5     6.434152561728734E-5     4.673981378370417E-5     3.3862784430966894E-5    2.4470341065577434E-5    1.7639231067326072E-5    1.2684727985092114E-5    9.100875760485414E-6     6.51513475861572E-6      4.654130240880641E-6     3.31790813760772E-6      2.3606724769661383E-6    1.676434582965139E-6     1.1883654402812733E-6    8.409265446147251E-7     5.940759065745832E-7     4.1901717575607614E-7    2.950915117757277E-7     2.0751237877754192E-7    1.4571977310238006E-7    1.02188018582831E-7      7.156453572527925E-8     5.004932140415214E-8     3.494891354717278E-8     2.4356400377546227E-8    1.692212369260515E-8     1.1689298903823241E-8    7.975712359954316E-9     5.287605860127847E-9     3.255278554978415E-9     1.5821303154686376E-9    0
% Data
% c (mol/m^3) @ t=1000, u1=0.03, u2=0.05, u3=0.01
1                         0.999432912357028        0.9986635688630814       0.9976529562271022       0.9963599389844967       0.9947427589991015       0.9927611847799634       0.9903794537904969       0.9875701646912227       0.9843192870967374       0.9806324620577815       0.9765427646982232       0.9721200882372066       0.9674822823058253       0.96280813353818         0.9583522075283174       0.9538932080043715       0.9489649292622993       0.9435178690179354       0.9374946664440391       0.9308260734110978       0.9234236350890992       0.9151664089511871       0.9058769562319671       0.8952781335641762       0.8829156697739357       0.8680199849117443       0.84926043125917         0.8243095219974474       0.7890722461411517       0.7363261316535931       0.6716645611997343       0.6084755245914757       0.5474734693789403       0.4892573429446673       0.4343049074507391       0.38297235237579536      0.33549854657760825      0.29201311204465097      0.2525474146026205       0.21704754815737554      0.185388429287424        0.15738820576301293      0.1328223019872815       0.11143656251634486      0.09295909896955473      0.07711058505516573      0.06361287088734176      0.052195895702957976     0.042602964492434        0.03459451815054338      0.027950569516071888     0.02247200136323649      0.017980930080511087     0.014320333827296581     0.011353129804221561     0.008960865063985845     0.007042161760742302     0.005511033112989849     0.00429516233373604      0.003334214554803105     0.002578232087220914     0.0019861465952413647    0.0015244280086626875    0.0011658791390739573    8.885767439548005E-4     6.749538621560534E-4     5.110142555087476E-4     3.856673651454374E-4     2.901709824189431E-4     2.1766853592582639E-4    1.628082459164608E-4     1.2143217975962514E-4    9.032428621003043E-5     6.700766142360331E-5     4.958251025212206E-5     3.6597445564499334E-5    2.6947872646478883E-5    1.979620955308387E-5     1.4509585453314455E-5    1.0611434907794782E-5    7.744070532832361E-6     5.639877580245915E-6     4.0992418184098245E-6    2.973707907754536E-6     2.1531804422992152E-6    1.5562346526234499E-6    1.1228082135333808E-6    8.087083751515277E-7     5.814973111662759E-7     4.174196166781343E-7     2.99114720491947E-7      2.139180990542986E-7     1.5260226472861145E-7    1.0844450973854917E-7    7.65356667914817E-8      5.3264520863699154E-8    3.592734005884168E-8     2.242224253058356E-8     1.0994344863204894E-8    0
% Data
% c (mol/m^3) @ t=1100, u1=0.03, u2=0.05, u3=0.01
1                         0.9996391094795547       0.9991494116979246       0.9985059248177645       0.9976822417272514       0.9966514731178711       0.9953876091850684       0.9938673940816309       0.9920728163698476       0.989994325606426        0.9876348885407894       0.9850149965641923       0.9821787269846565       0.9792009419674205       0.9761956776558632       0.9733257286641878       0.9704466481654306       0.9672542369442004       0.963710893764761        0.9597710462468709       0.9553768342420295       0.9504505084667006       0.94488098524232         0.9385000357474149       0.9310401400033623       0.9220599862666723       0.9108129968424115       0.8960157099371968       0.8754404099241263       0.8451997286448512       0.798492005706579        0.7399394191475362       0.6814594583621357       0.6237456872088911       0.5674254680692455       0.5130481319110619       0.4610770561972726       0.41188557326464226      0.3657564503143687       0.32288453697342206      0.2833820723894247       0.24728608227969506      0.21456727529467534      0.18513986288448492      0.15887177112273113      0.13559477914082727      0.11511419917213356      0.09721780028733307      0.0816837651926539       0.06828755165107091      0.05680760324715987      0.047029915820901304     0.03875151470994406      0.03178293383391241      0.025949811366949495     0.021093729631240263     0.017072430635793213     0.013759535275899164     0.01104388548553718      0.00882861634738608      0.00703005084216875      0.005576494823619358     0.004406994920157876     0.0034701081024688506    0.002722719088001671     0.002128930843276467     0.001659044291774234     0.001288635913171351     9.97736115097589E-4      7.701069022712824E-4     5.926142613945682E-4     4.5468861628689887E-4    3.4786548496889343E-4    2.6539790307907464E-4    2.0193210196635627E-4    1.532382051327488E-4     1.1598821805641669E-4    8.757424176888487E-5     6.596056890580978E-5     4.956406957433381E-5     3.7158005857201435E-5    2.7795103089038788E-5    2.0746337925950444E-5    1.5452469823854E-5       1.1485841400303283E-5    8.520405623351857E-6     6.308307684244771E-6     4.661662093411035E-6     3.43842705974186E-6      2.5314948461643917E-6    1.8602946514714397E-6    1.3643493571823264E-6    9.98344359222072E-7      7.283602137434906E-7     5.289948441993334E-7     3.811587967686249E-7     2.703710380324022E-7     1.8541492238720878E-7    1.172353478358273E-7     5.796907364564389E-8     0
% Data
% c (mol/m^3) @ t=1200, u1=0.03, u2=0.05, u3=0.01
1                         0.9997700306940701       0.9994579569005774       0.9990478179149738       0.9985227239952565       0.997865453453687        0.9970593174017043       0.9960893528207883       0.994943910544056        0.9936167091728452       0.9921094280518782       0.9904349110995035       0.9886210472039717       0.9867153804497434       0.9847904827347986       0.9829500901796794       0.9811004611243745       0.9790442468490708       0.9767537449029992       0.9741939224131263       0.971318182199477        0.9680609980362879       0.9643250405030435       0.9599586194572339       0.9547161285980428       0.948188689223904        0.9396826065275836       0.928006527733082        0.9110990233971381       0.8853774653695518       0.8446004665209632       0.7925353240910797       0.7395905280089025       0.6863755522819287       0.6334716982537624       0.5814189516217289       0.5307052196509503       0.48175816674554317      0.4349397267404605       0.39054323999349305      0.34879304942824446      0.30984629712154044      0.27379659485490937      0.2406791992771971       0.21047730415164284      0.18312906626580847      0.15853500451474198      0.13656544926504982      0.11706776691316093      0.09987313818352977      0.08480272416732272      0.07167310796945653      0.060300949427133516     0.05050683377563584      0.04211833120973011      0.034972312543344965     0.0289165866973304       0.02381093907709929      0.01952765687934282      0.01595162901429817      0.012980105746951189     0.010522197433964483     0.008498183871390426     0.006838696657325301     0.005483827352791485     0.004382204677638556     0.0034900749399992713    0.0027704116644371325    0.002192073133390045     0.0017290203695106395    0.0013596029679543828    0.001065916087137357     8.332287362668462E-4     6.494811482901843E-4     5.048473782188295E-4     3.913581988847497E-4     3.0257876488766857E-4    2.3333527689149044E-4    1.794849113285885E-4     1.3772350744949038E-4    1.05425860572238E-4      8.05139061581532E-5      6.134855427023643E-5     4.664141833317422E-5     3.538315458135705E-5     2.678557468405702E-5     2.023510474677504E-5     1.5255534359987887E-5    1.14783278606177E-5      8.619056951342103E-6     6.4587612245350816E-6    4.829253786911279E-6     3.6015663362801894E-6    2.676875037851481E-6     1.979368512080875E-6     1.4506148625249297E-6    1.0450579577711704E-6    7.263252479915585E-7     4.640601548513021E-7     2.3099983284845873E-7    0
% Data
% c (mol/m^3) @ t=0, u1=0.03, u2=0.05, u3=0.03
1                         -5.069401922626954E-8    2.7246567094188594E-15   3.421885013855475E-20    5.1055724537484466E-26   5.83175662509171E-32     5.952280712584885E-38    5.707686170230589E-44    5.259823408206148E-50    4.715343799709799E-56    4.142543792545948E-62    3.5833774282294243E-68   3.06196951560749E-74     2.59060428651965E-80     2.1739009194871893E-86   1.8176912649052345E-92   1.6850716960805392E-98   1.5542276592823918E-104  1.4272241640515847E-110  1.3055183607930356E-116  1.1900885555721112E-122  1.0815391132390387E-128  9.80185457843622E-135    8.861226752653524E-141   7.99280633320918E-147    7.194680411327126E-153   6.464074569051977E-159   5.797629085231025E-165   5.19161503656321E-171    4.6421016614273725E-177  4.131451577838496E-183   3.292828981705611E-189   2.621328482074431E-195   2.084457921792833E-201   1.6558259639282973E-207  1.3140556595192351E-213  1.0418747848145409E-219  8.253591653262953E-226   6.533067793362584E-232   5.167225454052888E-238   4.0839601605253905E-244  3.2255651619076343E-250  2.5459245764884686E-256  2.0082356420214942E-262  1.5831652595960097E-268  1.2473616214769887E-274  9.82255158883604E-281    7.730945003295305E-287   6.081727985424465E-293   4.782078796190487E-299   3.7584640303608177E-305  2.952677921995E-311      2.319882E-317            2.5E-323                 0                        0                        0                        0                        0                        0                        0                        0                        0                        0                        0                        0                        0                        0                        0                        0                        0                        0                        0                        0                        0                        0                        0                        0                        0                        0                        0                        0                        0                        0                        0                        0                        0                        0                        0                        0                        0                        0                        0                        0                        0                        0                        0                        0                        0                        0                        0
% Data
% c (mol/m^3) @ t=100, u1=0.03, u2=0.05, u3=0.03
1                         0.9235571163255618       0.8264881276684488       0.713563618776259        0.5920086981626375       0.47035036402892566      0.35687434782798944      0.2581104484664758       0.1778091413837033       0.11671194657191881      0.07309785240389952      0.04378472538877218      0.025158964026498674     0.013925710701602166     0.0074879925125061544    0.004033758235985507     0.002207048469078019     0.0011786216060857997    6.158199727579184E-4     3.1551513499241513E-4    1.5883794993965628E-4    7.871334713059794E-5     3.846015850854975E-5     1.8555518583731785E-5    8.851037677389217E-6     4.178975607369174E-6     1.9549534555798717E-6    9.069080723075515E-7     4.17381758364696E-7      1.900884037403244E-7     8.329776472105777E-8     3.437377816390246E-8     1.4108055540914215E-8    5.761745800090592E-9     2.3424302427802198E-9    9.483396112275463E-10    3.824614728733644E-10    1.5369688616020355E-10   6.15616066627165E-11     2.4582428795259422E-11   9.788181087725163E-12    3.887094378600783E-12    1.5398192736499893E-12   6.085618947150689E-13    2.399897613422449E-13    9.444756779190349E-14    3.709806271396803E-14    1.4545277209820293E-14   5.693077923223128E-15    2.224677926922475E-15    8.679994447980623E-16    3.3817273373314626E-16   1.3156990480676885E-16   5.112143482971199E-17    1.9838351244348974E-17   7.689353576563943E-18    2.9770059794024283E-18   1.1513238822439917E-18   4.447993109634155E-19    1.7167181735979338E-19   6.619428668152215E-20    2.5500328913963597E-20   9.815014976804926E-21    3.774602640909186E-21    1.4504437731549672E-21   5.569207811338309E-22    2.1367885230526984E-22   8.1925156449272E-23      3.1388604596244193E-23   1.2018119040563872E-23   4.598550522928264E-24    1.7584704447195217E-24   6.720290180902433E-25    2.5667794579305385E-25   9.798169897718432E-26    3.7382226463603164E-26   1.4254654001553266E-26   5.4328372119065154E-27   2.0695791811687814E-27   7.880055589377767E-28    2.9989873848443106E-28   1.1408382896125436E-28   4.3379379973268384E-29   1.64876157639548E-29     6.264016242057847E-30    2.37888477881453E-30     9.030759237979954E-31    3.4269680747271064E-31   1.299975657987747E-31    4.929512847331963E-32    1.868617854440547E-32    7.080902659701082E-33    2.6823297738961272E-33   1.0157684918130425E-33   3.8453820569077093E-34   1.455279858087629E-34    5.505367830068459E-35    2.0803559262938294E-35   7.794137373240975E-36    2.676256787517983E-36    0
% Data
% c (mol/m^3) @ t=200, u1=0.03, u2=0.05, u3=0.03
1                         0.9684198882231858       0.9268340767519284       0.8750797937325497       0.8136835275770463       0.743901661942772        0.6676751250897194       0.5874933449955692       0.5061786548238533       0.4266191377785318       0.35149206256554505      0.28302758306501646      0.22286053606623923      0.17200735459424774      0.13098992686962574      0.10011645696747191      0.07674527270590698      0.05774427314675627      0.04266993427311925      0.03098774233010917      0.022133581204007064     0.015562255379968137     0.010780347244152578     0.007364070970480821     0.004964905302356045     0.0033066070056160944    0.00217706939961648      0.0014178071325391091    9.129423196814277E-4     5.785862605448257E-4     3.5234525067993027E-4    2.0466987904624426E-4    1.1796336731467494E-4    6.750370384351984E-5     3.837533381810073E-5     2.168486109370155E-5     1.2185887333387622E-5    6.813206635563671E-6     3.791584892605039E-6     2.1010197242466626E-6    1.1596594930090948E-6    6.377632538353433E-7     3.495768061036158E-7     1.9102673448703378E-7    1.04092209526549E-7      5.657305463987452E-8     3.0672886832319525E-8    1.6593265265436333E-8    8.958035168613298E-9     4.826835587563946E-9     2.596213590133409E-9     1.3941213546805208E-9    7.474674839001297E-10    4.001848114936699E-10    2.139668912759456E-10    1.1425831391008347E-10   6.094227942127435E-11    3.2469135970245426E-11   1.7281157204146046E-11   9.188645521821683E-12    4.88125125006263E-12     2.5908023429087886E-12   1.3739836572057541E-12   7.281018663089583E-13    3.8555265165816626E-13   2.0401992737462736E-13   1.0788821475401674E-13   5.70166955471884E-14     3.0114094278665947E-14   1.5896060113838154E-14   8.386340574877141E-15    4.4221088409435484E-15   2.3306133354549365E-15   1.2277337479238834E-15   6.464576001553158E-16    3.402404658815804E-16    1.7899860177447773E-16   9.41322200915813E-17     4.9483312730639953E-17   2.6002640832247913E-17   1.3659048220784574E-17   7.172547610288713E-18    3.7651465257975525E-18   1.9758360151959506E-18   1.0365382906152857E-18   5.436130248567093E-19    2.8501570419637633E-19   1.4939164929125215E-19   7.828281039184627E-20    4.1010287732191917E-20   2.1478755752120962E-20   1.1246532856438906E-20   5.8874096329014946E-21   3.081248713934816E-21    1.612194177582166E-21    8.4321393479973125E-22   4.405283099977932E-22    2.290222348723187E-22    1.1611144045827631E-22   5.087525211284026E-23    0
% Data
% c (mol/m^3) @ t=300, u1=0.03, u2=0.05, u3=0.03
1                         0.9837145086981185       0.9619812436184023       0.9342664407622058       0.9002355465604034       0.8598094399366295       0.8132080723773676       0.7609756268474043       0.7039832946224462       0.6434090994344952       0.5806987323132139       0.5175167686596843       0.45570341701303313      0.39725748039424863      0.34437085890109803      0.29954312360265156      0.26068973298773035      0.22416681049540824      0.19041567720745514      0.15975706561738767      0.13238072601303555      0.10834644480394116      0.08759522076521721      0.06996811977628217      0.05522965502778209      0.04309239720612272      0.033239705709289524     0.0253435990068911       0.019074187569417707     0.014094548846252145     0.010027915030188697     0.006855489354340368     0.004638984979326702     0.0031087652269762094    0.0020641766239717398    0.0013586353631747927    8.868475104568105E-4     5.743381702397721E-4     3.691747141879809E-4     2.35616153695293E-4      1.493623628927866E-4     9.407748222632346E-5     5.889462512083741E-5     3.6655594598302324E-5    2.2688260336963155E-5    1.3969249670549134E-5    8.557834842934217E-6     5.217655356870408E-6     3.1666742759704584E-6    1.913543089469164E-6     1.151503063297699E-6     6.90182980814317E-7      4.121083723267355E-7     2.4517611340579195E-7    1.4535564080564005E-7    8.588877049436719E-8     5.058850957969808E-8     2.9705395786070193E-8    1.7391644160774146E-8    1.015357014110749E-8     5.911776832711306E-9     3.4330819515452157E-9    1.9886601388343994E-9    1.1491808247290452E-9    6.62531644915873E-10     3.8111181995849056E-10   2.1875650652183112E-10   1.2530425080249266E-10   7.163062720635764E-11    4.0868636731750334E-11   2.3273884275535523E-11   1.3230078583879193E-11   7.507529326719422E-12    4.2530229509262986E-12   2.405405851878874E-12    1.358287618553754E-12    7.658251737687003E-13    4.311445149641361E-13    2.4237695642980625E-13   1.360673945597977E-13    7.62832731045871E-14     4.271048840650032E-14    2.3882866671458993E-14   1.3338319192559399E-14   7.440358731789081E-15    4.14552483305539E-15     2.307130773817751E-15    1.2825832257977593E-15   7.122502737386625E-16    3.9511723932347536E-16   2.189664930344325E-16    1.2122693152072734E-16   6.705028351904476E-17    3.705004440862116E-17    2.045285883322181E-17    1.1277517095883393E-17   6.20497177186978E-18     3.390607133282472E-18    1.7981472214681804E-18   8.148838818599042E-19    0
% Data
% c (mol/m^3) @ t=400, u1=0.03, u2=0.05, u3=0.03
1                         0.9906938004103076       0.9781916691763051       0.9620549254661327       0.9419021616707945       0.9174415190141799       0.8885039205288319       0.8550757333656969       0.8173296798284865       0.7756535843815339       0.7306777815510451       0.6833037181048348       0.6347383983944297       0.5865417025313974       0.5406960253558327       0.49970982484576454      0.4618570931775225       0.42368860884882914      0.3856345544499093       0.3481371373645264       0.3116319857772408       0.27652919672195875      0.2431954908925303       0.21193870887827448      0.1829953308007163       0.15652069713463376      0.13257987427384751      0.11113399292342314      0.09201095423707534      0.07483762865844587      0.058886923254212055     0.04484064019459429      0.03378477859079274      0.025195002836575983     0.018603717079977617     0.013605798939468889     0.009858994512500151     0.007080569569478191     0.00504162357041291      0.00356020842397411      0.0024941093314500623    0.0017338789625516108    0.0011964903521756599    8.197969716661597E-4     5.578600459538598E-4     3.771176083069968E-4     2.533187763800275E-4     1.6912160971856573E-4    1.122457539160516E-4     7.40753475815318E-5      4.861836362788131E-5     3.1742118875359496E-5    2.061877249240174E-5     1.3327842169639997E-5    8.574374099522095E-6     5.491142368079854E-6     3.5011415631278765E-6    2.2228457890518915E-6    1.4054805293283357E-6    8.851493898800854E-7     5.553187711009981E-7     3.471022925974134E-7     2.1617969447119879E-7    1.3417304772795494E-7    8.299600173005754E-8     5.117254773173737E-8     3.145208373677145E-8     1.927245309112669E-8     1.1774451094157228E-8    7.172980786226607E-9     4.35764264981277E-9      2.6401743310675167E-9    1.5954282851138677E-9    9.616541800818322E-10    5.782151378334059E-10    3.46832332556077E-10     2.0755766343751046E-10   1.2392969970697653E-10   7.383405371054052E-11    4.3894382791994785E-11   2.6040980663985272E-11   1.541793361469873E-11    9.110429417707913E-12    5.373013062621801E-12    3.1628968434605043E-12   1.858494019793075E-12    1.0901003844553424E-12   6.382935570270958E-13    3.7311425408460806E-13   2.177452701893423E-13    1.2686987966212723E-13   7.380533029859005E-14    4.286974930184968E-14    2.4863177718046133E-14   1.439755315065194E-14    8.321991615205219E-15    4.795212670316931E-15    2.7386545195957644E-15   1.5108789397297832E-15   7.048917880668491E-16    0
% Data
% c (mol/m^3) @ t=500, u1=0.03, u2=0.05, u3=0.03
1                         0.9944009575709286       0.9868488837875432       0.9770306488464813       0.964645646202201        0.949423982485855        0.9311478443617166       0.9096760090772235       0.8849715701623118       0.8571331816446066       0.8264305053954336       0.7933450846749075       0.7586185488342188       0.7233108364471511       0.688871927533165        0.6572312786644565       0.6270193271376105       0.5953942038937887       0.5625395328733832       0.5286796819641884       0.4940758832974888       0.45901984779764343      0.4238247095005106       0.38881300014585296      0.35430086744661454      0.3205765518076834       0.28786855292865876      0.2562936793372958       0.2257648792157295       0.19581887807795578      0.1652857448980612       0.13593754047561202      0.11073411858998064      0.08936111852097355      0.0714552716388884       0.056628764142956665     0.04448971921248926      0.03465833549280511      0.026778671390234564     0.020526402063186795     0.015613094354451075     0.011787655397519777     0.008835633496849493     0.0065770090342976385    0.004863032003747809     0.0035725615543836433    0.002608257340612141     0.0018928734422865813    0.0013658196717880515    9.800852136029633E-4     6.995661365476879E-4     4.968000742033707E-4     3.510860483293177E-4     2.4695242020222907E-4    1.72928741329613E-4      1.2057555746071262E-4    8.372810603765666E-5     5.7913860947367386E-5    3.990893324277689E-5     2.740368081167259E-5     1.8753031102853076E-5    1.279170001191468E-5     8.698563744214984E-6     5.897873904820637E-6     3.98782538714028E-6      2.6892520970856236E-6    1.8090127015863928E-6    1.2140160284613385E-6    8.128977853356575E-7     5.43163069307833E-7      3.62209159877333E-7      2.410869727696683E-7     1.6018487441762554E-7    1.0625494917246064E-7    7.037223323287493E-8     4.653939871496772E-8     3.0736076045409095E-8    2.027325347998021E-8     1.335620984409355E-8     8.789484431580314E-9     5.7782703272101615E-9    3.795061352475527E-9     2.4903292646589286E-9    1.6328288509128346E-9    1.0697881316691918E-9    7.004124068627435E-10    4.582822421517083E-10    2.996802160066884E-10    1.95861994396728E-10     1.2794666399067914E-10   8.354340015784058E-11    5.4527310844387865E-11   3.557468853637302E-11    2.319934470815608E-11    1.5119018112853043E-11   9.838663723878949E-12    6.375464551987578E-12    4.074996998320482E-12    2.4829886235184716E-12   1.2443345304715635E-12   0
% Data
% c (mol/m^3) @ t=600, u1=0.03, u2=0.05, u3=0.03
1                         0.9965420013679659       0.9918657041848026       0.9857579312906779       0.9780042068059355       0.9683992505001331       0.9567603969595871       0.9429443036688113       0.9268673647104904       0.9085303305113085       0.8880477542130991       0.8656830422948071       0.8418900737134245       0.8173625497118252       0.7930924127124505       0.7704387768602782       0.74838078257144         0.7247745866747745       0.6996419046461483       0.6730323307354225       0.6450251349692517       0.6157295106439593       0.585282464319943        0.5538430460539142       0.5215806485683052       0.4886532145330255       0.4551675574287527       0.42110711685419583      0.38619959919794355      0.349673171014622        0.30980635101196596      0.2689752416587174       0.2316078717898355       0.19781176243997478      0.16759280934576398      0.14086940722827235      0.11748853559926582      0.09724252413050975      0.07988540303406852      0.06514798454221277      0.05275108137683417      0.04241651869699669      0.03387581674766084      0.026876599803838247     0.02118691796282624      0.01659775282955104      0.01292402133496744      0.010004401454144503     0.007700288018463463     0.005894154493756539     0.004487554879078556     0.0033989547167011325    0.0025615360036658078    0.0019210805093798718    0.0014340013248473659    0.0010655640932724624    7.883172695707704E-4     5.807344207909799E-4     4.2606023272623143E-4    3.113446403796263E-4     2.2664546246153002E-4    1.6437827645664446E-4    1.1879231682572367E-4    8.555233773876745E-5     6.140820253335221E-5     4.393610860005948E-5     3.133759028622211E-5     2.2284604878252967E-5    1.580100066571615E-5     1.1172440153001936E-5    7.878386638206929E-6     5.541061155660986E-6     3.887355015725191E-6     2.7205639537629923E-6    1.899519296017088E-6     1.323255818898704E-6     9.197998193055505E-7     6.38006519527878E-7      4.416425787259711E-7     3.051134848534931E-7     2.1039046603604905E-7    1.4480828095045143E-7    9.94926323219845E-8      6.824096226985745E-8     4.672847770667066E-8     3.1946629983343675E-8    2.1807162738693426E-8    1.4863697391606742E-8    1.0116495256103509E-8    6.875902226820654E-9     4.667074834608018E-9     3.1636650449583716E-9    2.141763467258044E-9     1.447973909171804E-9     9.773114645704712E-10    6.57892754296052E-10     4.402678434457475E-10    2.898242033728364E-10    1.8102065878020008E-10   9.227194301868698E-11    0
% Data
% c (mol/m^3) @ t=700, u1=0.03, u2=0.05, u3=0.03
1                         0.9978146381500207       0.9948550300667074       0.9909793676930341       0.986041718883649        0.9798983138862076       0.972415995481508        0.963483207876205        0.9530239377363379       0.9410150632149837       0.9275076123900107       0.9126524778631259       0.8967311726629252       0.880192232621607        0.8636938545269071       0.8481532825772101       0.8328457221507177       0.8162445341934536       0.7983025410310085       0.778983949200468        0.758266153997719        0.7361405965417191       0.7126117408346957       0.6876925414373753       0.6613935133693605       0.633700233053372        0.6045299652317233       0.5736506545202653       0.5405321428014341       0.5040756119056891       0.4621249360004935       0.41701303567682146      0.37366013253309366      0.33245902640456004      0.2937240869702963       0.2576882851902095       0.22450402006980566      0.1942472508676587       0.1669242971323488       0.14248058990443355      0.12081064325167512      0.10176855651856574      0.08517844113116547      0.07084427685772468      0.0585588267789087       0.04811136531723454      0.03929408960582802      0.03190718435943036      0.02576259034317522      0.02068658523798472      0.01652132397804627      0.013125505756047299     0.010374339997883536     0.008158977197793287     0.00638555602535547      0.004973998683821638     0.0038566647315797543    0.0029769515211525285    0.002287908540600782     0.001750914222132121     0.001334447739038314     0.0010129751301471612    7.659587068067651E-4     5.769908809664558E-4     4.3304797772191454E-4    3.238558934050856E-4     2.4135726042206026E-4    1.7926873653177966E-4    1.327168432989523E-4     9.79411778404934E-5      7.205460445127153E-5     5.2851035217922904E-5    3.865250943635763E-5     2.8188393587335228E-5    2.0500588278243078E-5    1.4869609688446091E-5    1.0757291208545187E-5    7.7626188160245E-6       5.587872287360112E-6     4.012799969521242E-6     2.8750169857468985E-6    2.0551963655910614E-6    1.4659309379297662E-6    1.0433917719560393E-6    7.41106505161347E-7      5.253369817388789E-7     3.716579916424613E-7     2.62434145687115E-7      1.849655613574844E-7     1.3012961165268045E-7    9.13892004158397E-8      6.40708409944805E-8      4.4840588259423565E-8    3.1324454350233257E-8    2.1833745950110356E-8    1.516584617217252E-8     1.0458032029865497E-8    7.076294470063265E-9     4.522624450559969E-9     2.3418204042033975E-9    0
% Data
% c (mol/m^3) @ t=800, u1=0.03, u2=0.05, u3=0.03
1                         0.9986004509092031       0.9967035044013413       0.9942157836446889       0.9910400610032752       0.9870791396075949       0.982241226545451        0.9764470912121348       0.9696393307858868       0.9617940908217362       0.9529356100832864       0.9431539711536271       0.9326264365031836       0.9216427256485019       0.9106345320250417       0.900209473976163        0.8898691725806389       0.8785633984217619       0.8662297317537062       0.8528072777380981       0.838237096539811        0.8224617501205393       0.8054230435132297       0.7870563101916094       0.7672783038543298       0.7459634861291179       0.7228994963170878       0.6977055594974065       0.6696852890952026       0.6375638991856962       0.5990226103905404       0.5559606167478406       0.5129558150237941       0.47045600750396016      0.4288813519279002       0.38861347754621783      0.34998677575484816      0.31328212411649925      0.2787231405083385       0.2464749106122586       0.21664499811153184      0.18928644087769414      0.1644023627721443       0.14195179065475902      0.12185625794239573      0.10400679535721286      0.08827095052172541      0.07449953420107158      0.06253285564873892      0.05220627664399699      0.043354978377287995     0.03581789352935603      0.029440805173038084     0.02407865318727352      0.019597117436993064     0.015873565584580304     0.01279746317999593      0.010270346094865983     0.00820545203327136      0.006527100365809551     0.005169899359873353     0.00407784827984823      0.0032033898272841336    0.002506456756757422     0.001953545778825599     0.001516842383236126     0.001173412150316449     9.044675017500149E-4     6.94713613872196E-4      5.317732540415844E-4     4.056874438852855E-4     3.084869271939391E-4     2.3382825005027852E-4    1.7668768239187518E-4    1.3310607707577588E-4    9.9977948862862E-5       7.487845749726401E-5     5.592251304621468E-5     4.1650823749910226E-5    3.0938329256335915E-5    2.292107164179873E-5     1.6938130674477857E-5    1.2485774823006133E-5    9.18144867472612E-6      6.735628686330736E-6     4.929933876338707E-6     3.600179692941613E-6     2.623316632736469E-6     1.9074056297664383E-6    1.383955291390847E-6     1.0020870402375096E-6    7.241080280162064E-7     5.221626576812097E-7     3.757053551129199E-7     2.6959273523415563E-7    1.9263433704215414E-7    1.364679781817504E-7     9.46363669120832E-8      6.1729409027635E-8       3.24070199858489E-8      0
% Data
% c (mol/m^3) @ t=900, u1=0.03, u2=0.05, u3=0.03
1                         0.9990972719801049       0.9978731397124871       0.9962664235127259       0.9942130070100069       0.9916482824541872       0.9885105953189451       0.9847458973218524       0.9803138371996537       0.9751955355325381       0.9694033013002916       0.9629925505473224       0.9560761773618541       0.9488415988837028       0.9415706422590591       0.934662353603379        0.9277808058780376       0.9202182238536177       0.911918669162582        0.9028234574809015       0.8928705396137347       0.8819929415770379       0.8701154021472949       0.8571476771397383       0.8429718128611374       0.8274186632032202       0.8102254108484854       0.7909597823841115       0.7688861904974265       0.7427310770343991       0.7102739714122813       0.6728852910588388       0.6343813042365882       0.595119017498077        0.5554666781624368       0.5157937731194772       0.47646126956373586      0.4378125132500492       0.40016514672720366      0.3638043374310451       0.32897751982413104      0.29589076390514035      0.2647067912723039       0.23554457573167947      0.20848039324994846      0.18355012943541926      0.1607526136443439       0.14005372762848536      0.12139103234852099      0.10467866705946047      0.08981229715775102      0.07667391829810309      0.06513636060936066      0.055067375342161516     0.046333224261745194     0.03880172739614518      0.03234475580177936      0.026840181846835974     0.022173319708540255     0.018237903357245015     0.014936658632831978     0.012181530726126655     0.00989362922356789      0.008002950678992454     0.006447934252509693     0.0051749000510476475    0.004137413070425922     0.003295608613311494     0.002615508161060538     0.002068348216140517     0.0016299388086722594    0.001280063291084496     0.0010019267735326372    7.816570701101131E-4     6.078592839289815E-4     4.712230848245136E-4     3.64180239929783E-4      2.806089528895643E-4     2.1558096181547567E-4    1.6514705505584807E-4    1.2615661213284234E-4    9.610689971651988E-5     7.301809484408733E-5     5.533032564280163E-5     4.1819378945771356E-5    3.1528098138968435E-5    2.3710864217384194E-5    1.778890511611422E-5     1.331450437003602E-5     9.942475093752151E-6     7.407526815611016E-6     5.50638018327558E-6      4.083678086236214E-6     3.020901125346354E-6     2.227618669188228E-6     1.6344879596867921E-6    1.1874386504033095E-6    8.42418761441848E-7      5.598702231840282E-7     2.976308679983606E-7     0
% Data
% c (mol/m^3) @ t=1000, u1=0.03, u2=0.05, u3=0.03
1                         0.9994153747322763       0.998622384241937        0.997581048608748        0.9962493140300334       0.9945846130280742       0.9925460851673126       0.9900976011166169       0.9872117467982583       0.9838749355644646       0.9800938230827156       0.9759031996044661       0.9713755246034126       0.9666322456979861       0.9618570027352782       0.9573107533389025       0.9527698216222279       0.9477630758200128       0.9422468406477734       0.9361734910110961       0.9294903440762678       0.9221376147430095       0.9140446710994283       0.9051232538811407       0.8952553372508377       0.8842716132417152       0.8719136788860034       0.8577680449423861       0.8411516317391883       0.8209140434687553       0.7950975225418971       0.7646108769628752       0.7324208252356642       0.6987496834464717       0.6638486218061174       0.627991824376216        0.5914699176155938       0.5545829330779499       0.5176330879843641       0.4809176696233453       0.4447222958654226       0.40931479594490555      0.374939915481135        0.34181500065806375      0.31012676217427076      0.2800291637586537       0.2516424262756413       0.22505308981881256      0.2003150351588223       0.17745133413874814      0.1564567769482001       0.1373009127254349       0.1199314380177556       0.10427777411381974      0.09025468760683669      0.07776582700536591      0.06670706997861611      0.056969599191452204     0.04844264812701175      0.04101588054975303      0.03458138736578251      0.02903530193402755      0.02427904900484803      0.020220253301226787     0.016773341410958254     0.013859875384821935     0.011408658602878655     0.009355654508084076     0.00764375716455245      0.006222449717825202     0.005047383122976144     0.004079903319834621     0.003286550670793681     0.002638551171826247     0.0021113148779664543    0.0016839532724624896    0.0013388240283385283    0.001061108797036379     8.384273148441821E-4     6.604892244809177E-4     5.187835309739264E-4     4.063045024003533E-4     3.173120367901298E-4     2.4712399508315853E-4    1.9193769686313267E-4    1.486776447396439E-4     1.1486654367247742E-4    8.851677755810726E-5     6.803966671631626E-5     5.217003109144017E-5     3.990380352801965E-5     3.0446656337668052E-5    2.3171803518775675E-5    1.7585297476894614E-5    1.3297219246552049E-5    9.997108535212804E-6     7.431693152672736E-6     5.3822704608591E-6       3.6376217948366307E-6    1.9554660044990164E-6    0
% Data
% c (mol/m^3) @ t=1100, u1=0.03, u2=0.05, u3=0.03
1                         0.9996204246964038       0.9991054828127129       0.9984290799224536       0.997563709025148        0.9964814540762419       0.9951554271926782       0.993561735059689        0.9916820794321647       0.9895071040244636       0.9870406042810969       0.9843047159317445       0.9813461908588977       0.9782438521704488       0.9751172914626628       0.9721368264851943       0.9691546035727842       0.965859282699938        0.9622189399826215       0.9581978572835703       0.9537553153535808       0.948843533054304        0.9434041083001862       0.9373618489664604       0.9306140842861466       0.9230121893469315       0.9143297492412147       0.9042078814674097       0.8920616253453783       0.8769201473075513       0.8571546997213972       0.8333294446763333       0.8076484398169097       0.7802143204117639       0.7511606247654168       0.7206497877287633       0.6888702478325024       0.6560327576491629       0.6223660224228261       0.5881118213484305       0.5535197874072895       0.5188420341658541       0.48432782082383546      0.45021844010410217      0.4167424979857878       0.38411173102577983      0.35251747776668096      0.3221278874633006       0.2930859141828702       0.26550810932938923      0.23948419272037003      0.2150773531221586       0.19232520486585777      0.17124130863035358      0.15181715206617424      0.13402447960679395      0.11781786017748155      0.103137385886048        0.08991140328415348      0.0780591904270274       0.06749350670526613      0.05812295728423134      0.049854129067940484     0.04259346964285485      0.036248894048191004     0.030731116025462305     0.025954710345488515     0.021838920768962992     0.01830823416692165      0.015292745412348149     0.01272834003165503      0.010556722502990746     0.008725317762202167     0.007187072188849163     0.005900178347168614     0.004827745283072764     0.003937433432589643     0.0032010703514307997    0.0025942606673757737    0.002096000991494569     0.0016883080748502958    0.0013558663111757042    0.0010856987872216119    8.668644767037554E-4     6.901828524637221E-4     5.479861356285754E-4     4.338985840435523E-4     3.426416142336428E-4     2.6986311773414103E-4    2.1198903732891204E-4    1.6609507131549434E-4    1.2979622680000695E-4    1.0115178363479107E-4    7.858296671769832E-5     6.080010704755332E-5     4.673504634657468E-5     3.547255650118122E-5     2.617079856434709E-5     1.7953888126182557E-5    9.746855752774628E-6     0
% Data
% c (mol/m^3) @ t=1200, u1=0.03, u2=0.05, u3=0.03
1                         0.9997555069097052       0.9994237841438434       0.9989879624845117       0.99843023315685         0.997732489796349        0.9968772518055312       0.9958489318548479       0.9946355164761236       0.9932307335356355       0.9916367830202464       0.9898677069582977       0.9879534690980276       0.9859448035527144       0.9839188720364408       0.9819857392462239       0.9800488595575361       0.9779049856387034       0.9755316095089355       0.9729030219712896       0.9699891968342146       0.9667539446830737       0.9631518125086277       0.9591228359157578       0.9545836248059341       0.9494122058695997       0.9434222613872737       0.9363193999027467       0.9276270433393616       0.9165610336784529       0.9018178383713922       0.8837242857639005       0.8638686506727971       0.8422683923420972       0.8189668082634831       0.794033441466859        0.7675637919230045       0.739678315493324        0.7105207221778597       0.6802556140243192       0.6490655304038969       0.6171474929100432       0.5847091625190145       0.5519647367400573       0.5191307234827267       0.48642173086861223      0.45404640821329495      0.42220366330060916      0.39107926562406997      0.36084292553157815      0.33164591643745817      0.3036192828273548       0.27687265205216294      0.2514936441783553       0.2275478525617622       0.2050793492448291       0.18411165438770405      0.1646490981001553       0.1466784963450736       0.13017105989314454      0.11508445627643978      0.10136494881489157      0.08894954346904203      0.07776808284816628      0.0677452365128733       0.0588023471284823       0.05085910248869697      0.043835013464682444     0.03765068716857842      0.032228892782097986     0.027495424419431976     0.023379770989447806     0.01981560729362219      0.01674112360506103      0.014099212829744868     0.011837535195579108     0.009908480408144425     0.00826904652087073      0.006880653554949732     0.005708908323064847     0.004723335097293103     0.003897084832393728     0.0032066337074504584    0.002631479856865288     0.0021538453812463675    0.0017583890961417848    0.0014319340105741012    0.0011632122297022503    9.426288307281485E-4     7.620452312232328E-4     6.145815877368666E-4     4.944367170635836E-4     3.9672273263314893E-4    3.173097096410442E-4     2.5267267468330484E-4    1.997280840941329E-4     1.5563800591869833E-4    1.1754446950001448E-4    8.216866927140376E-5     4.5160768805324525E-5    0
% Data
% c (mol/m^3) @ t=0, u1=0.03, u2=0.05, u3=0.05
1                         -5.069401922626954E-8    2.7246567094188594E-15   3.421885013855475E-20    5.1055724537484466E-26   5.83175662509171E-32     5.952280712584884E-38    5.707686170230589E-44    5.259823408206148E-50    4.7153437997098E-56      4.142543792545948E-62    3.5833774282294243E-68   3.0619695156074904E-74   2.5906042865196503E-80   2.173900919487189E-86    1.8176912649052338E-92   1.6850716960805383E-98   1.5542276592823915E-104  1.4272241640515844E-110  1.305518360793035E-116   1.1900885555721109E-122  1.0815391132390386E-128  9.801854578436219E-135   8.861226752653522E-141   7.99280633320918E-147    7.194680411327126E-153   6.464074569051974E-159   5.797629085231021E-165   5.191615036563206E-171   4.642101661427377E-177   4.1450843559640584E-183  3.69658100938112E-189    3.292703004061682E-195   2.929706059680251E-201   2.604025150593293E-207   2.3122969397852823E-213  2.051372523418597E-219   1.8183227447165482E-225  1.6104378953999354E-231  1.4252232611730963E-237  1.2603916714412872E-243  1.1138539713370957E-249  9.837081369037619E-256   8.682275941254521E-262   7.658491729228684E-268   6.751610228364669E-274   5.948907334043078E-280   5.238938354798716E-286   4.611428068303215E-292   4.0571666374550155E-298  3.5679118795853657E-304  3.13629813054197E-310    2.75640286E-316          2.7E-322                 0                        0                        0                        0                        0                        0                        0                        0                        0                        0                        0                        0                        0                        0                        0                        0                        0                        0                        0                        0                        0                        0                        0                        0                        0                        0                        0                        0                        0                        0                        0                        0                        0                        0                        0                        0                        0                        0                        0                        0                        0                        0                        0                        0                        0                        0                        0
% Data
% c (mol/m^3) @ t=100, u1=0.03, u2=0.05, u3=0.05
1                         0.9235571163255619       0.8264881276684487       0.7135636187762592       0.5920086981626373       0.47035036402892566      0.3568743478279893       0.2581104484664758       0.1778091413837033       0.11671194657191879      0.0730978524038995       0.043784725388772185     0.025158964026498677     0.013925710701602168     0.007487992512506158     0.004033758235985508     0.00220704846907803      0.0011786216060858442    6.158199727581007E-4     3.155151349931651E-4     1.5883794994273198E-4    7.871334714318193E-5     3.846015855990128E-5     1.8555518792687325E-5    8.85103852506368E-6      4.178979034871057E-6     1.954967265377972E-6     9.069635007874386E-7     4.1760331012808427E-7    1.9096997667781563E-7    8.678842494888651E-8     3.9218603707924354E-8    1.7630614442868953E-8    7.888161836926383E-9     3.5138629860942033E-9    1.5589930611904688E-9    6.891089592973106E-10    3.0355416837915615E-10   1.3328989582403579E-10   5.83537080926451E-11     2.5476395174218844E-11   1.1093933791987147E-11   4.8192968326136285E-12   2.0888065341775643E-12   9.034192017016208E-13    3.8995270278100537E-13   1.680027602102052E-13    7.225185150677998E-14    3.102073887206397E-14    1.3297349075867806E-14   5.691463509891286E-15    2.432552737742004E-15    1.0382716885455743E-15   4.4258734227372565E-16   1.8843126637801828E-16   8.013050417630439E-17    3.403744611438641E-17    1.444281872040223E-17    6.1221387871247725E-18   2.592564836441463E-18    1.0968548825781857E-18   4.636375139861918E-19    1.9580941475109325E-19   8.262833597934109E-20    3.4840057033163896E-20   1.467899446117741E-20    6.1800758789843215E-21   2.6000585750927468E-21   1.0931390803706237E-21   4.592839047788343E-22    1.9284596331960974E-22   8.092317125461434E-23    3.3937298362624276E-23   1.4224343851976093E-23   5.9586239037977384E-24   2.494745379859688E-24    1.0439516782489006E-24   4.366319758960574E-25    1.8253173373574933E-25   7.627028135907311E-26    3.185463163199468E-26    1.329829513165575E-26    5.5492093105467916E-27   2.314639624402503E-27    9.650680806269258E-28    4.0221637699524177E-28   1.6756893702991947E-28   6.97852747106918E-29     2.9051927220340084E-29   1.2090135629857003E-29   5.029635338181269E-30    2.0916778636188338E-30   8.695805233456883E-31    3.613974419977316E-31    1.5014947227690575E-31   6.236295283001987E-32    2.5892212425585967E-32   1.0739076554862694E-32   4.4190158927289315E-33   1.6720567852156484E-33   0
% Data
% c (mol/m^3) @ t=200, u1=0.03, u2=0.05, u3=0.05
1                         0.9684198882231858       0.9268340767519284       0.8750797937325498       0.8136835275770462       0.7439016619427723       0.6676751250897199       0.58749334499557         0.5061786548238555       0.4266191377785374       0.3514920625655599       0.2830275830650554       0.2228605360663416       0.17200735459451644      0.130989926870329        0.10011645696930847      0.07674527271105241      0.05774427316203567      0.0426699343189399       0.030987742467469794     0.022133581614737587     0.015562256604219669     0.010780350880389943     0.007364081729330921     0.004964937003077152     0.0033066999895986363    0.002177340803281274     0.0014185951038363119    9.152168700433148E-4     5.851109284448415E-4     3.7093481544307576E-4    2.333350926717418E-4     1.4572867242041178E-4    9.04136182521926E-5      5.5753305461490784E-5    3.4187138145486366E-5    2.085460044283E-5        1.26609047464254E-5      7.652689319635959E-6     4.6068016687073235E-6    2.7628571466230393E-6    1.6512652759994888E-6    9.837624777740174E-7     5.843652613238021E-7     3.461752538705871E-7     2.0455666553309853E-7    1.2059190199559502E-7    7.093874420489052E-8     4.164638141397582E-8     2.4404012621410937E-8    1.427551758947589E-8     8.337210479773985E-9     4.861778533292853E-9     2.8311201547559354E-9    1.646454511227884E-9     9.563255344348382E-10    5.548295990775558E-10    3.215450995506476E-10    1.8615754694966236E-10   1.0767173438595056E-10   6.221983717982646E-11    3.592394904244104E-11    2.0724667421951134E-11   1.1946978782501531E-11   6.881973159368268E-12    3.96157866814094E-12     2.2789717190581784E-12   1.310203600784173E-12    7.528019601547729E-13    4.322916159724404E-13    2.48106543159033E-13     1.4232311286599483E-13   8.160152269185245E-14    4.676445579852458E-14    2.678779147167174E-14    1.533802427821079E-14    8.778514240587224E-15    5.022256074097742E-15    2.872166836221274E-15    1.641949536243951E-15    9.383293050637766E-16    5.360456294345753E-16    3.0612909672891974E-16   1.747708161783278E-16    9.97469190608021E-17     5.691161487020264E-17    3.246216728216264E-17    1.851115101167576E-17    1.0552918172790775E-17   6.014488337932868E-18    3.4270096264213922E-18   1.9522068249858456E-18   1.111816605136252E-18    6.3305125476931E-19      3.6036075465740563E-19   2.0506200778221494E-19   1.1658088026952317E-19   6.599947624780605E-20    3.652418783452877E-20    1.7583806048987606E-20   0
% Data
% c (mol/m^3) @ t=300, u1=0.03, u2=0.05, u3=0.05
1                         0.9837145086981206       0.9619812436184082       0.9342664407622207       0.9002355465604391       0.859809439936717        0.8132080723775775       0.7609756268479064       0.7039832946236413       0.6434090994373286       0.5806987323199061       0.5175167686754276       0.45570341704991474      0.3972574804802743       0.344370859100834        0.29954312406417727      0.2606897341231279       0.22416681345861933      0.19041568503207643      0.15975708625630017      0.1323807802079069       0.10834658632670756      0.0875955881217571       0.06996906731130671      0.05523208281362941      0.043098574409627236     0.03325530816895535      0.025382706571310087     0.01917142548279377      0.014334295316070979     0.01061383661707979      0.007785952371595814     0.005660598448297341     0.004080276160745698     0.002917124752426582     0.002069263377288042     0.001456880114945458     0.0010184167436338523    7.070685124339088E-4     4.8771525628253854E-4    3.3432487609925433E-4    2.2781967256427715E-4    1.5436567735915147E-4    1.0402993746932915E-4    6.974603824885731E-5     4.653015994430121E-5     3.0895724634903116E-5    2.0422137121711452E-5    1.344090097265173E-5     8.809696123083308E-6     5.751426150375923E-6     3.7406315723246038E-6    2.4240299234076416E-6    1.5653806289401777E-6    1.0075178503135412E-6    6.463905857378642E-7     4.1343039778353E-7       2.6364993364644806E-7    1.6765668575719494E-7    1.063235733433695E-7     6.725101732278354E-8     4.2429863103106385E-8    2.670475644678128E-8     1.6768281830677782E-8    1.050529618697917E-8     6.567240009088398E-9     4.096808840214511E-9     2.550518762365529E-9     1.584753230406537E-9     9.828199071312294E-10    6.084052599426483E-10    3.759628840385522E-10    2.3192900826968036E-10   1.4283913748215498E-10   8.783028984553565E-11    5.3922280806300445E-11   3.305521389099125E-11    2.023389570626711E-11    1.2368186997139752E-11   7.549843546321186E-12    4.602489858725443E-12    2.802125521017806E-12    1.703877528211935E-12    1.034810295333926E-12    6.277252404510061E-13    3.803463435205664E-13    2.301990132624033E-13    1.391731474721998E-13    8.405197665904786E-14    5.070994362868315E-14    3.0563478675452314E-14   1.8402978209509503E-14   1.1070301601190142E-14   6.653106375248233E-15    3.994652829878849E-15    2.3958616471075973E-15   1.4342525547451075E-15   8.534704063057918E-16    4.942513388695261E-16    2.4627424313641347E-16   0
% Data
% c (mol/m^3) @ t=400, u1=0.03, u2=0.05, u3=0.05
1                         0.990693800410471        0.9781916691767742       0.9620549254672449       0.9419021616733133       0.9174415190197929       0.8885039205412468       0.855075733393006        0.8173296798882564       0.7756535845116876       0.7306777818329983       0.6833037187123558       0.6347383996961556       0.5865417053044385       0.5406960312276252       0.49970983720116385      0.4618571206955501       0.4236886739301159       0.38563471064841537      0.3481375121879581       0.3116328809258071       0.2765313210399888       0.24320049738794058      0.2119504223760997       0.1830225301826806       0.15658336445612664      0.13272310138000307      0.11145863478130562      0.09274053489012354      0.07646290663544274      0.0624750380491232       0.050593738278721476     0.04061539080770541      0.032326951853100014     0.02551536501046174      0.019975104172719804     0.01551376988554621      0.011955832799750665     0.009144735156731        0.006943628869507439     0.0052350537801744285    0.003919851951211278     0.002915583897291325     0.002154670117025164     0.0015824340083214893    0.0011551760173549295    8.383674114046686E-4     6.0501736912942E-4       4.342397967516531E-4     3.1002612734387343E-4    2.2021650593449598E-4    1.556531010482118E-4     1.0949465156108981E-4    7.666967182909012E-5     5.344606496848655E-5     3.709648174153393E-5     2.564103851248366E-5     1.7651561436500173E-5    1.2104079218039175E-5    8.268672741695321E-6     5.62791425727181E-6      3.816954121098323E-6     2.579837970750196E-6     1.7378820160324688E-6    1.1669306699992447E-6    7.811052040204601E-7     5.212605530507332E-7     3.4683313963815515E-7    2.3011489334931668E-7    1.522522897360163E-7     1.0046459792481281E-7    6.61189861746528E-8      4.3404599960459564E-8    2.8423205546265912E-8    1.8568130974014644E-8    1.2101804930035058E-8    7.869494479475419E-9     5.106050751805138E-9     3.305909143756845E-9     2.1359404452302116E-9    1.377221663919476E-9     8.862540005805995E-10    5.692126944018555E-10    3.6490054069509386E-10   2.33495650726388E-10     1.4914459299515874E-10   9.509989443292506E-11    6.053618765472826E-11    3.847075209084154E-11    2.4408680814560127E-11   1.5462253149981315E-11   9.77984922067902E-12     6.1764244232609075E-12   3.894915116254945E-12    2.4524879790331063E-12   1.5416103018622046E-12   9.663644586759025E-13    6.010835092241943E-13    3.6226439848590494E-13   1.85956636661519E-13     0
% Data
% c (mol/m^3) @ t=500, u1=0.03, u2=0.05, u3=0.05
1                         0.9943855713755977       0.9868133984113752       0.9769705499910132       0.9645571108755895       0.9493044319090891       0.9309965046588067       0.90949441017629         0.8847639008169605       0.8569064137277733       0.8261942066607326       0.7931108584056642       0.7583990724283939       0.7231185186508232       0.6887172635382921       0.6571210496235229       0.6269613028193233       0.5954002976330208       0.562620711123478        0.5288451947634852       0.4943327482672266       0.45937298114206593      0.42427841179042686      0.38937513038881666      0.3549923136751767       0.32145120586872294      0.2890542520200018       0.2580750764492815       0.22874993678007352      0.20127116025276723      0.1757828988944089       0.1523793449681088       0.1311053514010665       0.11195922552431573      0.09489732569780024      0.07983999982322833      0.06667836566296965      0.05528144194098926      0.045503187971218446     0.037189086556273114     0.03018199765639749      0.02432710715550347      0.019475886293081474     0.015489056048784238     0.012238612893004906     0.009609016402254608     0.007497665938042295     0.005814805033622473     0.004482991304343991     0.003436259878291337     0.0026190927041650804    0.0019852874091633066    0.0014967998831331606    0.001122616098702475     8.376919229000826E-4     6.219854338552511E-4     4.595947440530964E-4     3.3800548869181103E-4    2.474457210903657E-4     1.8034162225256107E-4    1.308647945796586E-4     9.456059117315912E-5     6.804658628441929E-5     4.8770622136553844E-5    3.4818630079303894E-5    2.476343114477113E-5     1.7546832677758577E-5    1.2388455639312744E-5    8.715787088131332E-6     6.1109161128645684E-6    4.2702603871182754E-6    2.9743194359808027E-6    2.065103512512618E-6     1.4293929889734151E-6    9.86394494255425E-7      6.786897955864841E-7     4.6563454404592553E-7    3.185684619710005E-7     2.1735700972541615E-7    1.479062264805212E-7     1.0038503081604402E-7    6.795916692662694E-8     4.589335322632149E-8     3.0917149743027614E-8    2.0778849823450744E-8    1.3932841179671264E-8    9.32131108574187E-9      6.222368904234984E-9     4.1447426510301665E-9    2.7550113825893143E-9    1.8274835422609628E-9    1.2097818823637545E-9    7.992845209022648E-10    5.27043941598605E-10     3.46838118984264E-10     2.2772639009613446E-10   1.4897360457962266E-10   9.652061921205705E-11    6.032518529552787E-11    3.180271777243651E-11    0
% Data
% c (mol/m^3) @ t=600, u1=0.03, u2=0.05, u3=0.05
1                         0.9965144904364971       0.9918020268731288       0.9856494220927153       0.9778429244613072       0.968178829741237        0.9564769491151491       0.9425972710660396       0.9264602123618554       0.9080709467713609       0.887548434697164        0.8651599526317241       0.8413621297775433       0.816849720168075        0.7926135370060375       0.7700090985263799       0.748017509325344        0.724501760311023        0.6994847860966391       0.6730166447615646       0.6451766913796975       0.6160748980187813       0.5858521223006644       0.5546791671555205       0.5227545348883817       0.49030085628780884      0.45756006480839223      0.4247874791204362       0.39224504530148263      0.36019406306295104      0.3288877701032481       0.29856417873758645      0.2694395464970233       0.24170281836357507      0.21551130736129684      0.19098778999131277      0.16821909296960277      0.14725614789379052      0.1281154000211297       0.11078138361221096      0.09521022406961153      0.08133379837954656      0.06906427952677215      0.058298804829580775     0.04892403827797016      0.04082043793587672      0.033866086178850695     0.02793998832663734      0.02292479027035254      0.018708905189118046     0.015188071672881803     0.012266389773857921     0.00985689777557211      0.007881761485301972     0.006272150709819624     0.004967875553907637     0.0039168496128052545    0.0030744392575993433    0.0024027491185901234    0.0018698844337088115    0.001449221809154358     0.0011187115941776672    8.602277774726572E-4     6.589751969476174E-4     5.029589323489285E-4     3.8251695557387004E-4    2.899143296041089E-4     2.189953295621421E-4     1.6488865523272124E-4    1.237602644737122E-4     9.260814498074134E-5     6.90934391569548E-5      5.1402644218559595E-5    3.8136047483268716E-5    2.8218063494182846E-5    2.0825669621491026E-5    1.5331657891893994E-5    1.1259911745651374E-5    8.250364441907519E-6     6.031694540714355E-6     4.400161498174286E-6     3.203282271788899E-6     2.327301294328337E-6     1.6876157145349091E-6    1.221490400888754E-6     8.825379034190383E-7     6.365521885052874E-7     4.5837592853262756E-7    3.2955338478957545E-7    2.3657789743312795E-7    1.6958761461128126E-7    1.2139780266438875E-7    8.678489283240331E-8     6.195794439489219E-8     4.416864352661562E-8     3.142203234609835E-8     2.225683208399488E-8     1.5564908298120156E-8    1.0408997983737785E-8    5.762521584136144E-9     0
% Data
% c (mol/m^3) @ t=700, u1=0.03, u2=0.05, u3=0.05
1                         0.9978010085567874       0.994823331509269        0.9909249122419002       0.9859598318519257       0.9797846553928459       0.9722669232440087       0.9632961530655986       0.9527977571365          0.940750324992775        0.9272067713193912       0.9123199007199179       0.896372987424874        0.8798159973832477       0.8633080743349056       0.8477668444816546       0.8324682470205838       0.8158879842746208       0.7979815752747916       0.7787166878477205       0.7580757654143353       0.7360585919134239       0.7126846649540681       0.6879952343543447       0.6620548583463177       0.6349523349796835       0.6068008830338699       0.5777374754640208       0.547921268252186        0.5175311163794194       0.48676222309777173      0.4558220244068836       0.42492546273946563      0.39428984747620466      0.364129530815453        0.33465064265501765      0.30604612599705305      0.2784912951931906       0.2521401050180071       0.2271222724169193       0.20354133911286776      0.18147370680865854      0.16096862212251703      0.14204903970139665      0.12471325229652702      0.108937147948957        0.0946769376240679       0.0818721913598121       0.07044902605447326      0.06032330156580306      0.05140370160050175      0.043594599606938976     0.03679863532382645      0.030918952843404488     0.02586107446716049      0.021534405147765303     0.01785337923806898      0.01473827431420076      0.012115726039747912     0.009918983675756604     0.008087948370758687     0.006569036335865268     0.0053149070047272436    0.0042840928628778445    0.00344056331998139      0.0027532502325821624    0.002195557820819424     0.0017448750315877488    0.001382104073924491     0.0010912150104535137    8.588329930546705E-4     6.738619967048046E-4     5.271467134429467E-4     4.1117257594957494E-4    3.198026303194604E-4     2.4804910641121575E-4    1.918769766196549E-4     1.4803648779342175E-4    1.1392153950467948E-4    8.745081510357657E-5     6.696870765095987E-5     5.11632861513218E-5      3.899879082225525E-5     2.966040811805335E-5     2.250934106019422E-5     1.704644691168803E-5     1.2882954900819703E-5    9.716997027983064E-6     7.314882683423394E-6     5.496222184827452E-6     4.122155805552576E-6     3.086074356314767E-6     2.3063258033788994E-6    1.7204896407076725E-6    1.280863725450156E-6     9.508366712294614E-7     7.017847068116041E-7     5.09965010166507E-7      3.524067987215911E-7     1.9961412633835288E-7    0
% Data
% c (mol/m^3) @ t=800, u1=0.03, u2=0.05, u3=0.05
1                         0.9985940033456663       0.9966884418640886       0.9941897119480629       0.9910004354993663       0.9870233684228233       0.9821667982953389       0.9763517220946412       0.9695211234433089       0.961651695473424        0.9527683777564019       0.9429620900472442       0.9324110463116078       0.921406011700454        0.9103798118933276       0.8999413040722603       0.8895922785718965       0.8782830569210945       0.8659538392667266       0.8525478338024977       0.8380128900295535       0.8223033000969602       0.8053817296344298       0.7872212247290489       0.7678072271389066       0.7471395166551794       0.7252339890443775       0.7021241715880638       0.6778623771522239       0.6525204029655082       0.6261896924454199       0.5989808975041871       0.5710228041606518       0.5424606146793324       0.5134536129435581       0.48417227397687523      0.4547949108452055       0.4255039800139201       0.39648218730901674      0.36790854919520694      0.3399545671222707       0.3127806660223025       0.28653303231625826      0.2613409634032813       0.23731481152960682      0.2145445724885213       0.19309913622528224      0.1730261844295282       0.1543526915970853       0.1370859623810049       0.12121512033857271      0.10671295187133746      0.09353800418375408      0.0816368369469138       0.07094633320663071      0.061395984863381416     0.052910080619397205     0.04540973848465878      0.0388147396970971       0.03304513533169076      0.028022610224063473     0.02367160059371665      0.0199201715943993       0.01670066879727916      0.013950163330439748     0.011610714177942207     0.009629473189842613     0.007958658930170122     0.006555424876309412     0.00538164596514146      0.004403645327097885     0.00359188049905094      0.0029206056652044655    0.0023675237077256054    0.0019134391831198102    0.001541920867691901     0.0012389802953607222    9.927707761713197E-4     7.933097449373275E-4     6.322259408056321E-4     5.02531842502141E-4      3.984209550864865E-4     3.150889322631696E-4     2.485770919653274E-4     1.9563661062550134E-4    1.5361153357382773E-4    1.203386882903131E-4     9.406260981948481E-5     7.33636627348715E-5      5.709765361439435E-5     4.4345355841988874E-5    3.437049805672544E-5     2.6584876864345333E-5    2.051930559894802E-5     1.5799025318936464E-5    1.2121805447685434E-5    9.235843463943252E-6     6.911794552316397E-6     4.896639841134278E-6     2.8215777460834647E-6    0
% Data
% c (mol/m^3) @ t=900, u1=0.03, u2=0.05, u3=0.05
1                         0.9990938186937152       0.997865044953146        0.9962523330632278       0.9941914214938176       0.9916175914090709       0.9884691255730051       0.9846919762715298       0.9802458711384341       0.9751121029306509       0.9693032610890489       0.9628751662579442       0.9559412596778875       0.948689672067092        0.9414031442603128       0.934481885664729        0.9275900716148291       0.9200201940170623       0.9117187715127125       0.9026313229520122       0.8927031135864703       0.881880055346699        0.8701097627644948       0.8573427594392158       0.8435338220053615       0.828643439555431        0.8126393567773845       0.7954981591930204       0.7772068494794812       0.757764355671025        0.7371829058754396       0.71548920078835         0.6927253154444571       0.668949265823636        0.644235184389077        0.6186730613092858       0.5923680245827544       0.5654391517624466       0.5380178273678676       0.5102456820370794       0.48227217054237603      0.4542518645058561       0.4263415506758808       0.39869723589419703      0.37147116468654         0.3448089544564806       0.31884694669970653      0.29370986104156727      0.2695088231391011       0.24633981873773644      0.2242826057329671       0.20340009528688408      0.18373819313765802      0.16532607429730997      0.14817684920595758      0.1322885676741711       0.11764549889225585      0.10421962144162883      0.09197225640041959      0.08085577889772697      0.07081534831107666      0.06179060411565243      0.053717282553781165     0.04652871819188232      0.040157203519053754     0.034535188547572405     0.02959631052783314      0.025276251116868688     0.02151342446732986      0.018249504649150577     0.0154298045724634       0.013003521202822547     0.010923863449522443     0.009148079796527672     0.00763740268188693      0.00635692596927231      0.00527543074403296      0.00436517324427303      0.003601647127495211     0.002963330579309454     0.002431427077103371     0.0019896069937551065    0.0016237557119300162    0.0013217325498053188    0.001073143592122744     8.691304828697949E-4     7.021763650491144E-4     5.65929438770803E-4      4.550440341758447E-4     3.650386348433186E-4     2.9216990023654975E-4    2.3332135211606434E-4    1.85904871901277E-4      1.4777221244610024E-4    1.171317183212679E-4     9.246094158573787E-5     7.23956132904061E-5      5.555222569585642E-5     4.018895466014904E-5     2.349107522556246E-5     0
% Data
% c (mol/m^3) @ t=1000, u1=0.03, u2=0.05, u3=0.05
1                         0.9994132442138465       0.9986173793439876       0.997572305367076        0.9962358532104238       0.994565352508802        0.9925198615038962       0.9900632020356183       0.9871679565368401       0.9838205952550909       0.9800279088528631       0.9758249218116205       0.9712844527612154       0.9665284652810302       0.9617413122823425       0.9571849131889534       0.9526357685205712       0.9476231306321578       0.9421056522961854       0.9360398018673739       0.9293801020424246       0.9220794602630742       0.9140896010804709       0.9053616092039382       0.8958465895357485       0.8854964471769632       0.8742647861544873       0.8621079205028951       0.8489859854459366       0.834864129953974        0.8197137651834349       0.8035138365938792       0.7862520813186178       0.7679262271143216       0.7485450854268128       0.7281294892517877       0.706713026937509        0.6843425261521687       0.661078248045354        0.6369937601069471       0.6121754671008608       0.5867217922580169       0.560742015008358        0.5343547861350614       0.5076863554867636       0.4808685604153736       0.45403663410701933      0.42732690125619555      0.4008744335931595       0.37481073932609554      0.3492615585543496       0.32434483133405323      0.30016889673225855      0.27683097046307004      0.25441593625402903      0.23299547270244902      0.21262752381505204      0.19335610839830303      0.17521145160732995      0.15821041176896702      0.14235716742459234      0.12764412359391847      0.11405299259707247      0.10155600331176265      0.09011719329696333      0.07969374051212723      0.07023729507340562      0.06169527625955003      0.0540121054509142       0.04713035151429755      0.04099177102793543      0.03553823141446468      0.030712510307465062     0.026458969166188884     0.02272410317347323      0.019456972752429802     0.016609524609494        0.014136812080682229     0.01199712577705367      0.010152046165802732     0.008566429868028795     0.007208341191036418     0.006048939829725397     0.005062334851365595     0.004225414095987299     0.0035176570451902205    0.0029209380862142294    0.0024193259584881954    0.0019988840227087527    0.001647474797717303     0.0013545708378548565    0.0011110721543218269    9.091272916494061E-4     7.419492338769949E-4     6.036049461909585E-4     4.887306386505751E-4     3.920663356026144E-4     3.075747414709697E-4     2.266267213372509E-4     1.341152150559171E-4     0
% Data
% c (mol/m^3) @ t=1100, u1=0.03, u2=0.05, u3=0.05
1                         0.9996190380786072       0.9991022215073749       0.9984233712650774       0.9975548960132228       0.9964688003818373       0.9951381283914822       0.9935389377943832       0.9916529105410196       0.989470712058245        0.9869962163326037       0.9842517133476346       0.9812842082312191       0.9781729050529916       0.9750379395552994       0.9720503805921243       0.9690626391378951       0.9657639290654552       0.9621244710767375       0.9581123261016304       0.9536934051262516       0.9488315223709574       0.9434885002350089       0.9376243346614208       0.9311974294942388       0.9241649079207167       0.9164830081347018       0.9081075688564304       0.8989946082463061       0.8891009970300477       0.8783852233179055       0.8668082427017316       0.8543344028492781       0.8409324271360774       0.8265764370645025       0.8112469885670095       0.7949320930629808       0.7776281906441787       0.7593410403117218       0.7400864910637659       0.7198910980749517       0.698792550379407        0.6768398804361232       0.6540934316745745       0.6306245674259155       0.6065151132600175       0.5818565342852621       0.5567488589580372       0.531299370871822        0.5056210993150816       0.4798311475887029       0.45404890470282         0.42839419076708657      0.40298538890267976      0.37793761672609144      0.3533609884093437       0.3293590141654594       0.3060271780148749       0.28345172722376144      0.2617086982987354       0.24086319533669293      0.22096892732732237      0.20206800212571002      0.18419096663812173      0.16735707561023216      0.1515747655066535       0.1368423054694782       0.12314859430180568      0.11047407082064399      0.09879170467429134      0.08806803567930158      0.07826423171828226      0.06933713804411881      0.061240294240496165     0.05392489887714086      0.047340705868700116     0.04143684051785355      0.03616252704260455      0.03146772293162374      0.0273036586482878       0.023623283952333988     0.02038162439434611      0.017536053353167793     0.015046486339502986     0.012875505203015416     0.010988420382234564     0.009353279444934737     0.007940829867856223     0.006724443207302506     0.005680006251456294     0.00478578177915338      0.004022235720644973     0.0033718156053007707    0.002818640175128483     0.0023480067554346087    0.0019455086589542946    0.0015953091572386362    0.0012765904235375527    9.560624294964808E-4     5.719890499268111E-4     0
% Data
% c (mol/m^3) @ t=1200, u1=0.03, u2=0.05, u3=0.05
1                         0.9997522434740669       0.9994161012323384       0.9989744926891038       0.9984093920975787       0.9977024804350925       0.9968360822190412       0.9957944506849125       0.9945654710362052       0.9931428564104856       0.9915289139578602       0.9897379579286331       0.9878004415784482       0.9857678683792048       0.983718523490717        0.9817640363531459       0.9798074066592598       0.9776444141667764       0.9752544283712901       0.9726150714585647       0.9697021484724054       0.9664895936552357       0.9629494379207826       0.9590518029842434       0.9547649281736164       0.9500552363345224       0.944887445472042        0.9392247327947992       0.933028957584588        0.9262609487561345       0.9188808620477721       0.9108486104559026       0.9021243697696453       0.8926691588721731       0.8824454918718152       0.8714180961579477       0.8595546872247987       0.8468267876843544       0.8332105744427996       0.8186877347158888       0.8032463085996803       0.7868814934962157       0.7695963840179725       0.751402620241608        0.732320917499581        0.71238145238937         0.6916240823867809       0.6700983803463775       0.6478634701600338       0.624987655753889        0.6015478421995658       0.5776287547092162       0.5533219683513037       0.5287247681240115       0.5039388652201863       0.479069000603175        0.4542214711252334       0.42950261616132357      0.40501730397836416      0.3808674567723541       0.35715065152442815      0.33395883067006665      0.31137715222861584      0.2894830037411681       0.26834519838828647      0.24802336529795763      0.22856753960218965      0.21001795153570246      0.19240500804030614      0.1757494551512832       0.16006270505674672      0.14534730824508116      0.13159754864458628      0.11880013811933346      0.10693498607786557      0.09597602020153319      0.08589203530292366      0.07664754895788169      0.06820364468132041      0.060518785897980605     0.05354958665807881      0.047251527835983125     0.0415796103100747       0.036488939246525805     0.0319352359960962       0.027875276147319876     0.024267253801570753     0.021071072864214637     0.018248565520037032     0.015763634902828845     0.013582310774094329     0.011672688462098279     0.010004681053065187     0.008549428881938001     0.007278028079168167     0.0061588545921075375    0.005151947566982962     0.0041972065647926955    0.0031895690671394517    0.0019268212986999589    0
% Data
% c (mol/m^3) @ t=0, u1=0.05, u2=0.01, u3=0.01
1                         -5.672732969867393E-8    3.441234106048097E-15    4.799069503581935E-20    8.009901849351582E-26    1.02362698256798E-31     1.1689697273466326E-37   1.254194200752813E-43    1.2931961592123734E-49   1.2971711273412447E-55   1.2750964098618704E-61   1.234131299349732E-67    1.1799489050911675E-73   1.1170108771031014E-79   1.0487944867291687E-85   9.71546498381585E-92     7.181541228018652E-98    5.28168908515125E-104    3.8673355172982106E-110  2.8207604174649653E-116  2.050349020832576E-122   1.48579029165964E-128    1.0737212825750865E-134  7.740094251222283E-141   5.56700624350832E-147    3.9958092763951704E-153  2.86266898028995E-159    2.0473276566374595E-165  1.461881295031569E-171   1.0423113456179962E-177  7.421467976848647E-184   5.277529757863918E-190   3.748498946556257E-196   2.6595219032771456E-202  1.884949302696409E-208   1.3346682942618333E-214  9.441690335382392E-221   6.673472687971536E-227   4.713036423604394E-233   3.3259506383529455E-239  2.3453878711433146E-245  1.6527753129657729E-251  1.1639340623505467E-257  8.191668853186205E-264   5.7618090941017735E-270  4.050418607387384E-276   2.8458158202272335E-282  1.99843493440483E-288    1.4026825595753745E-294  9.840657720580119E-301   6.9006945697687865E-307  4.83697001393E-313       3.80435E-319             0                        0                        0                        0                        0                        0                        0                        0                        0                        0                        0                        0                        0                        0                        0                        0                        0                        0                        0                        0                        0                        0                        0                        0                        0                        0                        0                        0                        0                        0                        0                        0                        0                        0                        0                        0                        0                        0                        0                        0                        0                        0                        0                        0                        0                        0                        0                        0
% Data
% c (mol/m^3) @ t=100, u1=0.05, u2=0.01, u3=0.01
1                         0.9656881255364282       0.9132847261206133       0.8415363059687354       0.7517145717716329       0.647912548717086        0.5366497718526361       0.4257612456147479       0.3228358947076914       0.23371125479043053      0.1615469245966376       0.10673506809736014      0.06751993949421382      0.04093481071878018      0.023633750340581714     0.012298207937877201     0.005593655638684211     0.0024654318850788714    0.0010565389286926062    4.4156424600014737E-4    1.8047262793115522E-4    7.231196581584508E-5     2.8467564902462807E-5    1.1032867990243652E-5    4.2168382152220466E-6    1.5919266173088937E-6    5.9442492968354E-7       2.1980626249268418E-7    8.057894158749593E-8     2.931269037436134E-8     1.0590280555649018E-8    3.802754848235036E-9     1.3580353133295488E-9    4.826078197516731E-10    1.7075241069560235E-10   6.01756468736891E-11     2.1131250922518028E-11   7.396546227235926E-12    2.5814467757864717E-12   8.985524800869245E-13    3.1201247159838544E-13   1.0810333902754628E-13   3.7378777010298346E-14   1.2900339698384859E-14   4.444580331625546E-15    1.5288701927884323E-15   5.25135598128826E-16     1.8012701730180558E-16   6.17069124896675E-17     2.1114137645088604E-17   7.216571919209365E-18    2.463978940824596E-18    8.404640342841957E-19    2.8641949733122307E-19   9.752374517959815E-20    3.3179025776250504E-20   1.1279289680394284E-20   3.83162137131206E-21     1.3007163755481962E-21   4.412625151155481E-22    1.4960288523641958E-22   5.069025649211533E-23    1.7165748803625354E-23   5.8098655627821935E-24   1.965373237215144E-24    6.645221781129768E-25    2.245787373536888E-25    7.586319856467962E-26    2.5615635263720133E-26   8.645660893738938E-27    2.9168729611977835E-27   9.837162167054388E-28    3.3163587782114815E-28   1.1176312913728014E-28   3.765187765760676E-29    1.2680346912237585E-29   4.269107835155242E-30    1.4368433620538484E-30   4.834511627458832E-31    1.6261889838035793E-31   5.468506944859864E-32    1.8384414060299555E-32   6.178994727534254E-33    2.0762345922423732E-33   6.974755372230128E-34    2.3424953377058997E-34   7.865544271876654E-35    2.640475052904435E-35    8.862197547144001E-36    2.9737849352633692E-36   9.976749041043504E-37    3.3464348822165916E-37   1.1222559655555273E-37   3.762876188034753E-38    1.2614448564731944E-38   4.228008960930629E-39    1.4167502705570884E-39   4.742710187735393E-40    1.5745504824838833E-40   4.795034144364968E-41    0
% Data
% c (mol/m^3) @ t=200, u1=0.05, u2=0.01, u3=0.01
1                         0.9921000293880545       0.9795394378487957       0.9610621921090904       0.9354652360719846       0.9017478741349317       0.8592753100863053       0.8079310487763095       0.7482264491624789       0.6813334744618196       0.6090087431523481       0.5333797403329621       0.45655743702085505      0.3800036945264953       0.3034828492961292       0.2232109768551262       0.15041963954078066      0.09859776192580644      0.06294863880325022      0.03919807745013926      0.023840399592449667     0.014182196020803497     0.008263373714221865     0.004722193836353979     0.0026501621548886173    0.0014624833950506845    7.945527737808927E-4     4.254670595976874E-4     2.2479816757273494E-4    1.173139568576106E-4     6.052820636479756E-5     3.090392090993243E-5     1.562750533071917E-5     7.833137785986325E-6     3.894751277424928E-6     1.9223319370379034E-6    9.424721231325573E-7     4.5926965462015525E-7    2.2257449646891534E-7    1.0733052071966917E-7    5.1525980733712295E-8    2.4636751498569202E-8    1.173757439914389E-8     5.5741663228242615E-9    2.639629872897391E-9     1.246835733930446E-9     5.876346669974947E-10    2.764104150309281E-10    1.2979434387622196E-10   6.085642235338664E-11    2.849648791357155E-11    1.3328653696313568E-11   6.2281415878887065E-12   2.90781848734497E-12     1.3566410106533943E-12   6.325532866890701E-13    2.94783813176709E-13     1.373153289548357E-13    6.394006960075321E-14    2.976401537080981E-14    1.3851481221236614E-14   6.4447475483303E-15      2.9980335343240974E-15   1.3944449841760673E-15   6.485029048827809E-16    3.0156269300018995E-16   1.4021884761819377E-16   6.519358916071307E-17    3.0309488552017865E-17   1.4090684765341258E-17   6.5504196502717516E-18   3.0450384148970678E-18   1.4154860489976284E-18   6.579753937164445E-19    3.0584870641569333E-19   1.4216672473281993E-19   6.608223184097248E-20    3.071622120931203E-20    1.427736108122093E-20    6.6362962047864864E-21   3.0846203398192614E-21   1.4337591141154112E-21   6.66422249399875E-22     3.0975751482659713E-22   1.4397711788686603E-22   6.692132268620903E-23    3.110535023897893E-23    1.4457903183644082E-23   6.720092364068198E-24    3.1235246961132E-24      1.451825599922471E-24    6.748134273236968E-25    3.136550906195974E-25    1.4578676994113371E-25   6.775938255759937E-26    3.1488064634075764E-26   1.461954027296265E-26    6.756051648325621E-27    3.0456547971755214E-27   1.1871804449616535E-27   0
% Data
% c (mol/m^3) @ t=300, u1=0.05, u2=0.01, u3=0.01
1                         0.9976878644768508       0.993951421565542        0.9882960419821715       0.9801469120971997       0.9688643094716785       0.9537687470048408       0.9341737416792619       0.9094193472094968       0.8788919581445243       0.8420033745345403       0.7980812814691145       0.7460878636174886       0.6840219446068134       0.6077529766032009       0.5088482937494206       0.4017669491761125       0.3106574352763295       0.23536121442591715      0.17481620039892506      0.12737688690773658      0.09110597029000736      0.06400999900562389      0.04420786061305459      0.03003394427487242      0.020086212321301186     0.013233240826370318     0.008594528293223314     0.00550635345659201      0.0034824314824980916    0.0021754955214131136    0.0013432631043027877    8.202576664237867E-4     4.95648034493678E-4      2.9652839176591057E-4    1.7573298704880684E-4    1.032160569136923E-4     6.011043103240709E-5     3.4725762450982745E-5    1.9908263568426236E-5    1.1330910916099928E-5    6.40481674974982E-6      3.596751727264749E-6     2.007330180072938E-6     1.1136949843032277E-6    6.144400536011668E-7     3.3719252600811227E-7    1.8410855358392743E-7    1.0003996211824887E-7    5.4109857568498786E-8    2.9139132471307905E-8    1.5626540005955532E-8    8.346772470820285E-9     4.441428246166611E-9     2.3547747996208812E-9    1.2441389874488576E-9    6.551600701888401E-10    3.4391211055598003E-10   1.7998160452626927E-10   9.391721499109119E-11    4.887103388172116E-11    2.536279037070466E-11    1.3128919894111231E-11   6.7794145986330335E-12   3.4924406422412995E-12   1.7950631025107022E-12   9.206241883272448E-13    4.711651866194354E-13    2.406503519887487E-13    1.2267467693667629E-13   6.241794371010935E-14    3.17014828244174E-14     1.607286576607981E-14    8.135371023380472E-15    4.111091340440282E-15    2.074229524787076E-15    1.0449595932547977E-15   5.256627350938612E-16    2.6405894870843994E-16   1.3246484709114158E-16   6.636293653884174E-17    3.320427824481144E-17    1.6592945354670912E-17   8.281912583216242E-18    4.128873086601089E-18    2.0560870006942033E-18   1.0227634194761067E-18   5.082140906733772E-19    2.5227227432880323E-19   1.2509978923472603E-19   6.197552877900744E-20    3.0674128018382386E-20   1.516781509547419E-20    7.493404862302056E-21    3.698542759345543E-21    1.8234392832689967E-21   8.970619547809035E-22    4.382591186994599E-22    2.0773502551533946E-22   8.406996513741126E-23    0
% Data
% c (mol/m^3) @ t=400, u1=0.05, u2=0.01, u3=0.01
1                         0.9992220842060203       0.9979543407373012       0.9960067349815888       0.9931408691282535       0.9890632047065703       0.9834168527316596       0.9757691652014364       0.9655891790801379       0.9522031862464939       0.9347064767308819       0.9117914828231043       0.8814217915697087       0.8402286885687121       0.7824165242321727       0.6978087607826202       0.5971241951572124       0.5028542396041932       0.416789257774356        0.3400608952071577       0.2731814473558258       0.2161259818344727       0.1684410339483941       0.12936392556971135      0.0979390117433441       0.07312068053388275      0.05385691246131072      0.03915095158684889      0.02810167151659208      0.019925304833312635     0.013962332400200648     0.009673643732459169     0.006629805308917075     0.004496648355448254     0.0030196177630788476    0.002008561440309884     0.0013239779734255267    8.65222826611405E-4      5.608053618474374E-4     3.6067396815780484E-4    2.3025721020484318E-4    1.4597570502752904E-4    9.193600276122171E-5     5.754303909512518E-5     3.5806528797384084E-5    2.2158975358990995E-5    1.3642897944197999E-5    8.359499611439836E-6     5.099335140837241E-6     3.0977410762695262E-6    1.8746031480653962E-6    1.1304108275792886E-6    6.794409466380827E-7     4.071709815474647E-7     2.4334830547667934E-7    1.450835876186262E-7     8.630857628762094E-8     5.1243365571764125E-8    3.037152541188401E-8     1.797350789705263E-8     1.0622409264249867E-8    6.2707334110607165E-9    3.698233970240863E-9     2.179320705793882E-9     1.2834026656515327E-9    7.554025041949107E-10    4.4444769365927353E-10   2.6141903643032427E-10   1.5373412677453614E-10   9.039760492753999E-11    5.315317682180136E-11    3.125464840571538E-11    1.8379603762648908E-11   1.0809678841955184E-11   6.35857529646958E-12     3.741012067072736E-12    2.20145351064638E-12     1.2957679189455863E-12   7.628621347522456E-13    4.4922906389640897E-13   2.646017418920273E-13    1.5589037803712417E-13   9.186397140304359E-14    5.41460819388317E-14     3.192130822317899E-14    1.8822683828753003E-14   1.1101065551187653E-14   6.5482437646653015E-15   3.863284426032939E-15    2.2795786150144126E-15   1.3452783163494654E-15   7.940000262353281E-16    4.686649749939825E-16    2.766264336777346E-16    1.632230594889528E-16    9.61852465356578E-17     5.64326555801768E-17     3.263086473058971E-17    1.7949178737836172E-17   8.08788218453352E-18     0
% Data
% c (mol/m^3) @ t=500, u1=0.05, u2=0.01, u3=0.01
1                         0.9997384045979125       0.999307695250418        0.9986339107076204       0.9976168770084385       0.9961210964914653       0.9939621618070007       0.9908853721380083       0.9865305206402989       0.980372027405427        0.9716151975902493       0.9590148095748977       0.9405570827586707       0.9129028239927519       0.8704153479936446       0.8034695686150192       0.7192833097727127       0.6359058817431912       0.5551685538826145       0.4786244944299043       0.40749507461298873      0.34264583211364896      0.28459016358094497      0.2335163388899939       0.18933182002014246      0.15171820652842666      0.12019034440216199      0.09415403454457275      0.07295810599077637      0.05593811327154884      0.042450350092381114     0.031896080516830266     0.0237367860078931       0.017501791343322175     0.012789894965404894     0.00926665099860314      0.006658804181109916     0.004747135917237185     0.0033586984428883395    0.0023591378047999574    0.00164556215271508      0.0011402132499931596    7.850493891850743E-4     5.372436003688943E-4     3.655350459601233E-4     2.473353495492361E-4     1.6647705605941706E-4    1.114912949317516E-4     7.431029640162064E-5     4.93034547644794E-5      3.257022316186387E-5     2.1427413513664692E-5    1.4041419385408393E-5    9.166999751572401E-6     5.96344589509193E-6      3.8663077659476205E-6    2.498597398269533E-6     1.609774579715964E-6     1.0341121321061296E-6    6.624691315343305E-7     4.232701859953872E-7     2.6976111108562027E-7    1.7151551247645727E-7    1.0880276190582049E-7    6.887099118204162E-8     4.350484321458914E-8     2.7427506932785495E-8    1.725928655757511E-8     1.084139834723203E-8     6.798449097189896E-9     4.256284668339812E-9     2.6606030673047357E-9    1.660690479724294E-9     1.035107405039541E-9     6.443140425278961E-10    4.0054480424098646E-10   2.486969099793565E-10    1.5423345371730222E-10   9.554271049149229E-11    5.912184772609995E-11    3.6546810023462945E-11   2.2569425558508424E-11   1.3924467987549699E-11   8.583025045740507E-12    5.285931325577445E-12    3.2526466858749265E-12   1.9998645269752694E-12   1.2286434308625257E-12   7.542671552808896E-13    4.627111052665308E-13    2.836543229942166E-13    1.7376740118048002E-13   1.063746757298687E-13    6.506577360698115E-14    3.975117254835981E-14    2.4228218168456513E-14   1.467897386930766E-14    8.741053149047042E-15    4.928006184489374E-15    2.258257966053606E-15    0
% Data
% c (mol/m^3) @ t=600, u1=0.05, u2=0.01, u3=0.01
1                         0.9999016862933113       0.9997377092996582       0.9994753239538745       0.9990666581483343       0.9984411270318913       0.9974932819310476       0.9960629092442536       0.9939018504419127       0.9906179478792922       0.9855794858201404       0.9777513498532939       0.9654131890483132       0.9456738009555438       0.913633866908241        0.8609422535400612       0.7925081929058262       0.7223764196842709       0.6519096134205639       0.5824078943598013       0.5150532583398334       0.45086541316143974      0.39067116670304536      0.33508816902747934      0.2845225184759468       0.23917864365169741      0.19907906873045023      0.16409120916051573      0.13395822879225713      0.10833117484016856      0.0868000205299006       0.06892179878894798      0.054244616242667465     0.0423269197952868       0.03275189279022278      0.025137251307678504     0.019140981944221324     0.014463715908668798     0.010848487601872894     0.008078602308624208     0.005974261937954654     0.004388492628313136     0.003202802156776364     0.0023228822264822553    0.001674569792641897     0.0012001973844016354    8.55396402488512E-4      6.063688792199461E-4     4.2761007090182644E-4    3.000437570689436E-4     2.0952136128099755E-4    1.456323045752896E-4     1.0077406370944894E-4    6.943439853282618E-5     4.7643755033863215E-5    3.256196410961643E-5     2.2169394321483144E-5    1.5038290776563413E-5    1.0164941109499451E-5    6.847482323679369E-6     4.597611100453054E-6     3.0772454970741757E-6    2.0533917509791384E-6    1.3661874317858803E-6    9.064097705107309E-7     5.997354868408982E-7     3.957846656211358E-7     2.605335081441797E-7     1.7108551303609748E-7    1.120845773936566E-7     7.326521008886112E-8     4.778635086249382E-8     3.110265055995836E-8     2.0202742519865376E-8    1.3097042337211497E-8    8.47452566424221E-9      5.4734970630330206E-9    3.5289749821759093E-9    2.271392672086178E-9     1.459555068669177E-9     9.363905448363716E-10    5.998248932605965E-10    3.8365830666288015E-10   2.450406898494945E-10    1.5628786355622196E-10   9.954624632323805E-11    6.332211836966734E-11    4.02285506923925E-11     2.552573536013088E-11    1.6177155465768134E-11   1.0240434832246898E-11   6.474893092779135E-12    4.089144189576833E-12    2.5790231794652884E-12   1.6236615354787624E-12   1.0189141886670367E-12   6.347098759856638E-13    3.876462768360892E-13    2.231894479777133E-13    1.0374428703645075E-13   0
% Data
% c (mol/m^3) @ t=700, u1=0.05, u2=0.01, u3=0.01
1                         0.999955278151589        0.9998795326073352       0.9997551176082942       0.9995544624194033       0.9992340663750772       0.9987245224285001       0.9979137806272729       0.9966188539380704       0.9945377033503773       0.9911670610241426       0.9856616367230583       0.9765923568599831       0.9615305703738454       0.9363321228714775       0.8939035925156881       0.8377713740835092       0.7790491827700986       0.7186645106180983       0.657567561100924        0.5966933729809093       0.5369264779993649       0.4790701127077739       0.4238215574844032       0.37175462517487273      0.32330972670618774      0.2787913614046579       0.23837236933912187      0.2021038832823453       0.16992965408983066      0.14170330309888166      0.1172070698014714       0.09617075066076926      0.07828973512363623      0.0632413037603534       0.050698628343672114     0.04034217665960156      0.031868455066580675     0.024996206330114398     0.01947031364075726      0.015063744878952411     0.011577909648758941     0.008841803703054337     0.006710290623432386     0.005061828336440947     0.003795896507382489     0.0028303267263414746    0.002098685591459155     0.001547814506868347     0.0011355909857257028    8.289450647741198E-4     6.021408482252556E-4     4.353164276934181E-4     3.1326441270606903E-4    2.2442890278162757E-4    1.6009182665445914E-4    1.1372117628802345E-4    8.045494205578779E-5     5.669685062580079E-5     3.980282031488981E-5     2.7840023831191172E-5    1.9403346773150387E-5    1.3476705531619583E-5    9.329062605619876E-6     6.4370216561215765E-6    4.427602061785044E-6     3.0362062445540705E-6    2.0759361001611416E-6    1.4153251509424885E-6    9.622681448678424E-7     6.524847917527807E-7     4.4128028680994076E-7    2.976889348905186E-7     2.0033085766059388E-7    1.344936503411561E-7     9.008554810899783E-8     6.02056743628753E-8      4.014922484279816E-8     2.6717868476051646E-8    1.774344052825659E-8     1.1760093735378792E-8    7.77938522098778E-9      5.1364736719314086E-9    3.3852679818683474E-9    2.227159522458513E-9     1.462719884309792E-9     9.590539807835088E-10    6.277931677734717E-10    4.1029879340380645E-10   2.677383984146616E-10    1.7444586852440125E-10   1.1348904811731518E-10   7.371742571465206E-11    4.7799681776053E-11      3.0921519228594205E-11   1.9922616156468375E-11   1.2724418956872758E-11   7.949181826679554E-12    4.662803571899259E-12    2.19466516996622E-12     0
% Data
% c (mol/m^3) @ t=800, u1=0.05, u2=0.01, u3=0.01
1                         0.9999762288715738       0.999935257037452        0.9998660034576696       0.9997502033634099       0.9995575785724498       0.9992376472313398       0.9987057815134439       0.9978193988319326       0.9963371994406147       0.9938492305423721       0.9896566884851913       0.9825650374473177       0.9705274968830037       0.9500300339632411       0.9150294741053883       0.8681896831673699       0.818528709908461        0.7666649156833641       0.7132669903044143       0.659030956715387        0.6046563879633482       0.5508231204188283       0.4981696868155202       0.447274543361374        0.39864094125277555      0.35268601576046843      0.3097343616364368       0.27001605955302344      0.23366884076964392      0.2007438480047334       0.17121428480808354      0.14498615108591445      0.12191023850067104      0.10179459900984325      0.08441679036836862      0.0695353284619088       0.056899921449277156     0.046260209524423286     0.03737287384347328      0.030007099379770506     0.023948473426577903     0.019001471881363266     0.014990729928998154     0.011761315038572327     0.009178222371219624     0.007125300421767165     0.005503792626184899     0.00423065295269086      0.0032367636413548066    0.0024651539300384294    0.001869291653940949     0.0014114961517509394    0.001061501471112071     7.951834999146487E-4     5.93453100815502E-4      4.4130914345705784E-4    3.2703996683411667E-4    2.4155869773678643E-4    1.7785646520780075E-4    1.3055741143648848E-4    9.556010805131285E-5     6.975122387580805E-5     5.0778811030457434E-5    3.6874201890089566E-5    2.671311614879779E-5     1.930808553055233E-5     1.3925667683705087E-5    1.0023119343996457E-5    7.2002279068239804E-6    5.162867240738152E-6     3.695561654871353E-6     2.6409284909841542E-6    1.8843429831053504E-6    1.3425465095023434E-6    9.552175103923158E-7     6.78757713444365E-7      4.817274748765238E-7     3.4150362838553966E-7    2.4184003877127017E-7    1.7109225955480313E-7    1.209290675666854E-7     8.539978094395005E-8     6.026076859546529E-8     4.2490239833743787E-8    2.993943358373433E-8     2.1082371378401744E-8    1.483666370980438E-8     1.043542296230201E-8     7.335858117680303E-9     5.154145030012026E-9     3.6190817900503792E-9    2.539148013336153E-9     1.779108257040838E-9     1.2433933935681044E-9    8.642764480118658E-10    5.934156422681487E-10    3.957275159581057E-10    2.448189946675393E-10    1.1937669638946304E-10   0
% Data
% c (mol/m^3) @ t=900, u1=0.05, u2=0.01, u3=0.01
1                         0.9999857239207582       0.9999606603063597       0.9999170564469961       0.9998416067897096       0.9997114775039989       0.9994874797879668       0.999102338294322        0.9984405134946233       0.9973034653514207       0.9953497965809478       0.9919920098312718       0.9862182634673741       0.9762843631631271       0.9591810669012794       0.9297120698152639       0.8899717424521322       0.8474470195409014       0.8025485769118496       0.7557423385925727       0.7075362486238691       0.6584652706171764       0.609075335425383        0.5599070284953251       0.5114798238331768       0.46427762888549945      0.41873630754486707      0.3752337058386751       0.3340825299381111       0.2955262350159588       0.25973789315874385      0.22682183490019953      0.19681771509909513      0.16970654891627998      0.1454182019862877       0.12383980034150437      0.10482454602466315      0.08820047640082157      0.07377877994689239      0.06136136919390327      0.05074750348679966      0.04173934260776907      0.034146391214513454     0.027788859628186974     0.02250001686568969      0.01812764672536275      0.014534738282048447     0.011599550288068972     0.009215187156246342     0.007288815008627645     0.005740632181448548     0.004502691759907221     0.0035176559592518695    0.0027375448284677703    0.0021225257745872274    0.0016397763694866983    0.0012624410864292771    9.686930692410658E-4     7.409046480181706E-4     5.649248624786952E-4     4.2945846256984204E-4    3.255384321650197E-4     2.4608273984051584E-4    1.8552549977296723E-4    1.395127989326651E-4     1.0465392509620009E-4    7.831946254510939E-5     5.847859219179013E-5     4.356885423216639E-5     3.2392543690996654E-5    2.40347723405361E-5      1.7799020295380096E-5    1.315670486226054E-5     9.707909207925813E-6     7.150941138010257E-6     5.258838454422781E-6     3.861309749741594E-6     2.8309068003971098E-6    2.0724757653598528E-6    1.515137631821552E-6     1.1062115343775808E-6    8.066246257582115E-7     5.874551153459137E-7     4.2733605734525423E-7    3.1051078396621835E-7    2.2538012231120942E-7    1.634196417832228E-7     1.1837453181169402E-7    8.566221988181206E-8     6.193003112474911E-8     4.472826822612473E-8     3.226900053612942E-8     2.3248332221196398E-8    1.6715542966973393E-8    1.1976700794236866E-8    8.523469714084319E-9     5.980126317915904E-9     4.063442433693274E-9     2.5512126926311417E-9    1.2558832882041845E-9    0
% Data
% c (mol/m^3) @ t=1000, u1=0.05, u2=0.01, u3=0.01
1                         0.9999892983475602       0.9999703635087172       0.9999370286696608       0.999878553773245        0.9997762740799722       0.9995978087122711       0.9992870536810984       0.9987468878415294       0.9978092739340159       0.9961835408170847       0.9933668710854205       0.988489275454165        0.9800449316869188       0.9654262966462579       0.9401157140046925       0.9058291669534363       0.8689268909148096       0.8296844570012398       0.7884270547009796       0.7455221922634392       0.7013707277168841       0.6563965822936804       0.6110355714179596       0.5657238454308515       0.5208864575638272       0.47692656776586007      0.4342157483956484       0.3930857851348368       0.3538222700758679       0.31666017208168545      0.2817814515545186       0.24931467208647037      0.21933645858196252      0.1918745671236056       0.1669122706449797       0.1443937284581005       0.12422999655064555      0.10630534694668481      0.09048359439102263      0.07661417229811458      0.06453775208648789      0.05409125568030208      0.04511216570026083      0.037442088179760406     0.030929566047242382     0.025432176657864198     0.020817972812050386     0.016966344206198043     0.013768385931729682     0.011126863650723863     0.008955862791557863     0.0071802029196839645    0.005734689656088446     0.004563266287228451     0.003618116479795462     0.002858759008655167     0.0022511656443290947    0.0017669246576291866    0.0013824649567812564    0.0010783497262963708    8.386435458961094E-4     6.503532296329506E-4     5.029399013152793E-4     3.878979572863403E-4     2.983954046301835E-4     2.2896945360581752E-4    1.752710540703262E-4     1.3385218162208475E-4    1.019900042689679E-4     7.754251746933814E-5     5.883076448005277E-5     4.454331522447365E-5     3.365922822355417E-5     2.538624472871524E-5     1.9111448433302675E-5    1.4362060618032326E-5    1.0774426472579506E-5    8.06958401055174E-6      6.034094971915537E-6     4.505061200348912E-6     3.3584546891692355E-6    2.500059540834351E-6     1.8584641447209246E-6    1.3796563429619261E-6    1.0228672399761505E-6    7.573841955608099E-7     5.601135491140453E-7     4.1372143899769057E-7    3.052189815109162E-7     2.2488796269657858E-7    1.6546664930001563E-7    1.2153363320942622E-7    8.904183184089301E-8     6.496571095018463E-8     4.703313313054715E-8     3.351946718558819E-8     2.3086086008206872E-8    1.4648371274940104E-8    7.259941988251935E-9     0
% Data
% c (mol/m^3) @ t=1100, u1=0.05, u2=0.01, u3=0.01
1                         0.9999909515767117       0.999974933131544        0.9999467062130337       0.999897128121082        0.9998102707134542       0.9996584246332884       0.9993934380376791       0.9989316988946043       0.9981280893065537       0.9967307974682778       0.9943028852977788       0.9900860919221623       0.9827642195038271       0.9700518716577887       0.9479793114546108       0.9179937472135695       0.8855951604756257       0.8509707461944659       0.8143494549487034       0.7759980664057217       0.7362159546958453       0.6953286993463351       0.653680758937746        0.6116274781817019       0.5695267384013672       0.5277305831357638       0.4865771528396548       0.4463832450283472       0.40743777996395875      0.36999639985665933      0.334277365570587        0.3004588438405687       0.2686776052573629       0.23902908387480185      0.21156868775303964      0.18631419963947593      0.1632490706600286       0.14232638840217657      0.12347329391170217      0.10659562859710855      0.09158260969821382      0.07831135914777884      0.06665114242551068      0.05646720851093226      0.047624156702629754     0.03998878874353304      0.033432433762820964     0.027832757957519765     0.023075090158986317     0.01905330838553969      0.01567034146005698      0.012838344318806082     0.010478606464587618     0.0085212509049699       0.00690477664604852      0.005575492109967852     0.00448688034580516      0.0035989301332809247    0.002877460445482798     0.0022934595362778423    0.0018224543449005218    0.0014439210727878096    0.0011407437253535262    8.987241109852743E-4     7.061442012208581E-4     5.533798065304219E-4     4.3256312570255087E-4    3.3729079392195256E-4    2.6237349795819604E-4    2.0362296567355125E-4    1.5767209951133402E-4    1.2182414813649044E-4    9.39270457587173E-5      7.226935360295382E-5     5.549458027410042E-5     4.253101308021555E-5     3.253454311999179E-5     2.4842300995213238E-5    1.893522964926607E-5     1.4408001718241973E-5    1.0944939103933432E-5    8.300812251234393E-6     6.285587095105842E-6     4.752350887280247E-6     3.587786622506794E-6     2.704682255370617E-6     2.036058042247487E-6     1.530575760405853E-6     1.14895966228942E-6      8.612130007720024E-7     6.444577417200797E-7     4.812603378740113E-7     3.5833459563244715E-7    2.6553490457360015E-7    1.9507036686548044E-7    1.4088338162575404E-7    9.814549964961254E-8     6.28291129781352E-8      3.131574685439983E-8     0
% Data
% c (mol/m^3) @ t=1200, u1=0.05, u2=0.01, u3=0.01
1                         0.9999920184129442       0.9999779080937454       0.999953092626986        0.9999095945893045       0.9998335206875487       0.9997006918932727       0.9994690499683259       0.9990654602245552       0.9983627694752124       0.9971399116456706       0.9950125114392282       0.9913121269568954       0.9848760435256179       0.9736812320701898       0.954206724600831        0.9276977264238271       0.8989751713641354       0.8681672423557545       0.8354365950357509       0.8009782996264502       0.765016817477404        0.7278020712681853       0.689604709996387        0.6507107092472236       0.6114154812094551       0.5720176950368594       0.5328130244687203       0.49408804476761203      0.45611449443973817      0.4191440991587045       0.3834041269533048       0.34909380693914405      0.31638170116504155      0.28540407337655316      0.2562642526620179       0.2290329468982514       0.2037494231430728       0.18042344156809922      0.15903780745471752      0.13955139273918993      0.1219024744486611       0.1060122413731651       0.09178833125169812      0.07912827707983419      0.06792276118721045      0.05805859780084347      0.04942138734819633      0.0418978074291543       0.03537752514839888      0.029754732606723445     0.024929321361985605     0.020807722422431636     0.01730344589209374      0.01433735899257537      0.01183774320364375      0.009740171134173053     0.00798724191954645      0.006528210896847375     0.005318545454381317     0.004319434653172226     0.0034972757781232353    0.002823156633003685     0.002272348320632284     0.0018238195646444908    0.0014597803999790865    0.00116526031349749      9.277236507450726E-4     7.367232940510811E-4     5.8359222021277E-4       4.6117151347773366E-4    3.635726882905618E-4     2.859717132708278E-4     2.2443187289622346E-4    1.7575251067566896E-4    1.3734072703435756E-4    1.0710322242961414E-4    8.33556529708164E-5      6.474707914273906E-5     5.019732022651215E-5     3.8845264123595924E-5    3.0006414650594077E-5    2.3138179160337578E-5    1.7811604169033297E-5    1.3688453042447499E-5    1.0502686664468025E-5    8.045555373620866E-6     6.153639028801455E-6     4.699283047935073E-6     3.5829731182972903E-6    2.7272715908788126E-6    2.0720059356781526E-6    1.5704555636689459E-6    1.1863291853825165E-6    8.913618530239597E-7     6.63389860663459E-7      4.847834039435349E-7     3.4113162362150883E-7    2.2008223369749222E-7    1.1023765694855914E-7    0
% Data
% c (mol/m^3) @ t=0, u1=0.05, u2=0.01, u3=0.03
1                         -5.672732969867393E-8    3.441234106048097E-15    4.799069503581935E-20    8.009901849351582E-26    1.02362698256798E-31     1.1689697273466326E-37   1.254194200752813E-43    1.2931961592123734E-49   1.2971711273412447E-55   1.2750964098618704E-61   1.234131299349732E-67    1.1799489050911675E-73   1.1170108771031014E-79   1.0487944867291687E-85   9.71546498381585E-92     7.181541228018652E-98    5.28168908515125E-104    3.8673355172982106E-110  2.8207604174649653E-116  2.050349020832576E-122   1.48579029165964E-128    1.0737212825750865E-134  7.740094251222283E-141   5.56700624350832E-147    3.9958092763951704E-153  2.86266898028995E-159    2.0473276566374595E-165  1.461881295031569E-171   1.0423113456179977E-177  7.44621483411453E-184    5.934761030162283E-190   4.7245080714734465E-196  3.7568970963474405E-202  2.984364119185507E-208   2.3683821518948792E-214  1.8778218591483627E-220  1.4875879000914375E-226  1.1774909439262011E-232  9.313191498911114E-239   7.360770768470117E-245   5.813641608412505E-251   4.58868849748296E-257    3.6195809333781226E-263  2.8534510253169078E-269  2.248211030634444E-275   1.770392317018189E-281   1.3934078742446623E-287  1.0961579210495928E-293  8.619127422799808E-300   6.774190290203208E-306   5.32186027607E-312       4.06646E-318             4.9E-324                 0                        0                        0                        0                        0                        0                        0                        0                        0                        0                        0                        0                        0                        0                        0                        0                        0                        0                        0                        0                        0                        0                        0                        0                        0                        0                        0                        0                        0                        0                        0                        0                        0                        0                        0                        0                        0                        0                        0                        0                        0                        0                        0                        0                        0                        0                        0
% Data
% c (mol/m^3) @ t=100, u1=0.05, u2=0.01, u3=0.03
1                         0.9656881255364282       0.9132847261206136       0.8415363059687354       0.7517145717716329       0.647912548717086        0.5366497718526362       0.425761245614748        0.3228358947076915       0.23371125479043056      0.16154692459663755      0.10673506809736016      0.06751993949421382      0.0409348107187802       0.023633750340581725     0.012298207937877219     0.005593655638684254     0.0024654318850790106    0.0010565389286930594    4.4156424600162074E-4    1.8047262793593775E-4    7.231196583133581E-5     2.8467564952524507E-5    1.1032868151630691E-5    4.216838734089875E-6     1.5919282805366666E-6    5.944302436614968E-7     2.1982317893183302E-7    8.063257642235371E-8     2.9481982966271012E-8    1.1121971892186829E-8    4.428434358626555E-9     1.7538633076742213E-9    6.9128707790376E-10      2.7129998248329034E-10   1.0606106656700595E-10   4.1318183747969704E-11   1.6045384666511574E-11   6.213128897501719E-12    2.3995768456378937E-12   9.245337438636837E-13    3.5543734086682894E-13   1.3637475208537687E-13   5.222823351823181E-14    1.996822134723496E-14    7.622400134639138E-15    2.9054424202443553E-15   1.1059761443737422E-15   4.204676080667271E-16    1.596647556920613E-16    6.056312806321563E-17    2.294881182057735E-17    8.687444379629185E-18    3.285705719986475E-18    1.2416318077517204E-18   4.68819195907805E-19     1.7688275337689108E-19   6.668847458440184E-20    2.5125663848864853E-20   9.460211059859044E-21    3.559709591380187E-21    1.338664403626131E-21    5.031347308332306E-22    1.8900074701224342E-22   7.096101832439207E-23    2.662950046093709E-23    9.988544321425934E-24    3.7449493388401946E-24   1.4034672837415016E-24   5.257494049688916E-25    1.968713591937189E-25    7.369198126006809E-26    2.7573898895446184E-26   1.0313886156106666E-26   3.856544311922073E-27    1.4415558794052682E-27   5.38675030272005E-28     2.0122836379499703E-28   7.51489767971528E-29     2.8056453999226605E-29   1.0471826000196648E-29   3.907472031234969E-30    1.457662133592383E-30    5.436369077861928E-31    2.027007861017513E-31    7.556132878692633E-32    2.81607661439394E-32     1.0492838938232556E-32   3.908841092709246E-33    1.4558350737981872E-33   5.421108096630887E-34    2.0182648027701108E-34   7.512505031573249E-35    2.795826356877707E-35    1.0402944988291794E-35   3.870101502669319E-36    1.4393995714219622E-36   5.348575585075636E-37    1.9716673401956918E-37   6.678196718539579E-38    0
% Data
% c (mol/m^3) @ t=200, u1=0.05, u2=0.01, u3=0.03
1                         0.9921000293880545       0.9795394378487959       0.9610621921090906       0.935465236071985        0.9017478741349322       0.8592753100863062       0.8079310487763113       0.7482264491624834       0.681333474461832        0.609008743152387        0.5333797403330848       0.45655743702124346      0.3800036945277238       0.30348284930001096      0.22321097686737154      0.15041963957398258      0.09859776200661559      0.06294863899573683      0.03919807790566275      0.023840400666256603     0.014182198542736986     0.008263379613552321     0.004722207575140327     0.002650193994090437     0.001462556781894426     7.947209148009641E-4     4.258497684459733E-4     2.2566298562950128E-4    1.192528146863606E-4     6.483760363976158E-5     3.648778930499099E-5     2.034606339923177E-5     1.124987369930018E-5     6.172385554153249E-6     3.362655457549591E-6     1.8201365607538502E-6    9.794208165962985E-7     5.24220026056086E-7      2.7922623520000443E-7    1.4808169960782955E-7    7.822376114999292E-8     4.1175948587208775E-8    2.1606184632090483E-8    1.1305533105270542E-8    5.900910316705311E-9     3.073170414133408E-9     1.597376615617588E-9     8.288649468495346E-10    4.2944610540353E-10      2.2221084646219726E-10   1.1484920185136248E-10   5.930115387298197E-11    3.059352390789554E-11    1.5771714850348043E-11   8.125627991210075E-12    4.184112967117643E-12    2.1535403073209793E-12   1.1079899448361487E-12   5.698726381038901E-13    2.930227088279591E-13    1.506348099503675E-13    7.742233927480218E-14    3.97867027435244E-14     2.0443348369519537E-14   1.0503121689119054E-14   5.3956695164162495E-15   2.7716590161438924E-15   1.423664192457216E-15    7.312290571936176E-16    3.755618135099404E-16    1.928833856086278E-16    9.905954708459231E-17    5.0873101357040374E-17   2.6125961345756964E-17   1.3416833557210018E-17   6.890055040736402E-18    3.538272279892075E-18    1.817006639067313E-18    9.330805485087518E-19    4.79158991943626E-19     2.460585490932479E-19    1.2635601671294695E-19   6.488619695449922E-20    3.332022001424363E-20    1.711050085964236E-20    8.786522936596486E-21    4.512019275447068E-21    2.316991864416133E-21    1.1898105169848791E-21   6.109854588283781E-22    3.1374997709721234E-22   1.6111500301077852E-22   8.273436150602405E-23    4.2483837221879656E-23   2.1812069519648862E-23   1.11898165275313E-23     5.715839145772439E-24    2.8516930657193295E-24   1.2343642135169508E-24   0
% Data
% c (mol/m^3) @ t=300, u1=0.05, u2=0.01, u3=0.03
1                         0.9976878644768532       0.993951421565552        0.9882960419822012       0.9801469120972853       0.9688643094719215       0.9537687470055289       0.9341737416812049       0.9094193472149674       0.878891958159876        0.8420033745774776       0.7980812815887863       0.7460878639498112       0.684021945526145        0.6077529791363222       0.5088483007002317       0.4017669656828995       0.31065747013681233      0.235361285733258        0.17481634443685232      0.12737717558298686      0.09110654489134168      0.06401113494363227      0.044210090387686946     0.030038288727271607     0.02009461097067889      0.013249343775584708     0.008625136232563222     0.0055640031119997425    0.0035899751129705956    0.002374095688180075     0.0016058087441904211    0.0010750807816953486    7.127658531323096E-4     4.6817832593051145E-4    3.048085684791754E-4     1.9677938541427917E-4    1.2602182905888226E-4    8.009306014278913E-5     5.053451729001019E-5     3.166494982940353E-5     1.9711177040252255E-5    1.2193476128561528E-5    7.4981591460531304E-6    4.584773798632004E-6     2.7882689220253896E-6    1.6870031545439098E-6    1.0157026727045127E-6    6.086757513775408E-7     3.6313484001495085E-7    2.1572526614847137E-7    1.2763479676246933E-7    7.522312413550591E-8     4.416952456609291E-8     2.5843657076249254E-8    1.5069958631291957E-8    8.759117116689815E-9     5.075264931066322E-9     2.931999779795316E-9     1.689000127988343E-9     9.703017769804472E-10    5.55960012635379E-10     3.177499910869592E-10    1.8116575614959234E-10   1.0305197849784121E-10   5.848778963414869E-11    3.312376965665662E-11    1.8720400714439332E-11   1.05590484124766E-11     5.944296298364696E-12    3.3401991845063867E-12   1.873567267317321E-12    1.049104148727353E-12    5.864707946596159E-13    3.2732373778004764E-13   1.824045379825039E-13    1.0149470980689884E-13   5.639263362886546E-14    3.1289105694608645E-14   1.7337057964734782E-14   9.593739771783066E-15    5.302109935534643E-15    2.926678262728959E-15    1.6135526986478635E-15   8.88564591368409E-16     4.887734680121421E-16    2.685675143056387E-16    1.4741458016012607E-16   8.083171694051322E-17    4.4278237695885865E-17   2.423138455568259E-17    1.3248207462699025E-17   7.236649629801112E-18    3.94936011856597E-18     2.1533650510706152E-18   1.1728334452353198E-18   6.375114802336852E-19    3.4429069842141546E-19   1.8065764799188963E-19   8.12227955326939E-20     0
% Data
% c (mol/m^3) @ t=400, u1=0.05, u2=0.01, u3=0.03
1                         0.9992220842065178       0.9979543407389168       0.996006734985946        0.9931408691395069       0.98906320473527         0.9834168528045069       0.9757691653858211       0.9655891795457082       0.9522031874191812       0.934706479676974        0.9117914902037464       0.8814218100044189       0.8402287344653173       0.7824166381083386       0.6978090422950743       0.5971248025557704       0.5028554002259717       0.41679139085499967      0.3400647520956154       0.27318835534829167      0.21613826228926467      0.16846271108968558      0.12940191503343912      0.09800509149007011      0.07323472123122649      0.05405210736177317      0.03948217377269902      0.028658645117570818     0.02085306064467174      0.015492485208292503     0.011688966745429514     0.00873438155026979      0.006465954692529868     0.004743785569625137     0.003450320604615177     0.002488785941723288     0.0017809906283382242    0.0012648349509013577    8.917754983334811E-4     6.244197602952579E-4     4.3435553171910357E-4    3.002671103703386E-4     2.0635146005429947E-4    1.4102164835470897E-4    9.586957573833381E-5     6.485269412902978E-5     4.366765279717385E-5     2.9275585581273006E-5    1.954750635779976E-5     1.3002893315660302E-5    8.619279452269737E-6     5.695085394796733E-6     3.751804901718593E-6     2.464902180322565E-6     1.6154125233638494E-6    1.056312502896312E-6     6.893239968734798E-7     4.490233117332208E-7     2.920229489522602E-7     1.8964928019971376E-7    1.2301281460264253E-7    7.970552930572192E-8     5.1598201518534814E-8    3.33774224496731E-8      2.1577554416647887E-8    1.3942379325813081E-8    9.005459687762382E-9     5.81504872188665E-9      3.754210979554194E-9     2.4234639653992503E-9    1.5643621786303487E-9    1.0098269239726246E-9    6.51909857490253E-10     4.208985921037197E-10    2.717888642054874E-10    1.755342718896114E-10    1.1339065496122324E-10   7.326291124117612E-11    4.73463955843147E-11     3.060468159319513E-11    1.9787353132906376E-11   1.2796339459273487E-11   8.27713757422838E-12     5.355107608914602E-12    3.4653438974699777E-12   2.242903199297996E-12    1.4519655197936238E-12   9.40110437941141E-13     6.087978984009829E-13    3.943060084948928E-13    2.5541831100575247E-13   1.6546841870435933E-13   1.0719813566836586E-13   6.943208663839484E-14    4.492417062882926E-14    2.895730856166234E-14    1.842133874588982E-14    1.1180828699196784E-14   5.588343512037039E-15    0
% Data
% c (mol/m^3) @ t=500, u1=0.05, u2=0.01, u3=0.03
1                         0.9997384046145196       0.9993076953022475       0.9986339108396514       0.9976168773273978       0.9961210972486898       0.9939621635918517       0.9908853763278845       0.9865305304443437       0.9803720502771927       0.97161525078585         0.9590149329121158       0.9405573677983241       0.9129034805238697       0.8704168549076424       0.8034730148726343       0.7192902352507397       0.6359181744798298       0.5551894108588501       0.4786591687619392       0.4075520586531253       0.342738703395631        0.28474043049107217      0.23375777855730628      0.1897170172437472       0.1523282972019927       0.12114935900371991      0.09564974538979926      0.07527192035456737      0.059487327416401725     0.04784697298030901      0.038915077865184354     0.031394019661369205     0.025126225853229194     0.019954948715346466     0.01572944536457772      0.012308796216138552     0.009564440117883816     0.007381579192671574     0.005659648475204574     0.004312059722004551     0.003265421894479382     0.0024584196684083516    0.0018405021780761974    0.0013705021583108239    0.0010152744329798842    7.484147228117242E-4     5.490962906125804E-4     4.010434235289886E-4     2.9164698585018166E-4    2.112177146612081E-4     1.5236685198155708E-4    1.0950034881229813E-4    7.84115247876648E-5      5.595710455167223E-5     3.980247753235896E-5     2.822345699471152E-5     1.995346790403224E-5     1.406678035836761E-5     9.89000518941539E-6      6.935512269676372E-6     4.8516888974397316E-6    3.3860191843980928E-6    2.357845041918392E-6     1.6383832124421825E-6    1.1361427447083252E-6    7.863360051504935E-7     5.432252025071583E-7     3.7461471099991644E-7    2.5790379345998796E-7    1.772685325982301E-7     1.2165722834622672E-7    8.336931719943954E-8     5.7051201565739394E-8    3.8988835888702657E-8    2.6610802099492012E-8    1.8140191333046556E-8    1.2351357268351639E-8    8.40036113155238E-9      5.707055332381544E-9     3.873257737578472E-9     2.6260876782004524E-9    1.7788032980835891E-9    1.203785131312362E-9     8.139317322209251E-10    5.498696467259305E-10    3.711746514509257E-10    2.503553956211279E-10    1.6873617580434464E-10   1.1364324492487818E-10   7.64844680642201E-11     5.1440303746804034E-11   3.457250538227042E-11    2.321780060470191E-11    1.5575587569809825E-11   1.0427231498916908E-11   6.943822681661298E-12    4.5518484738964794E-12   2.8335672427064675E-12   1.4412005188810674E-12   0
% Data
% c (mol/m^3) @ t=600, u1=0.05, u2=0.01, u3=0.03
1                         0.9999016864508053       0.9997377097800417       0.9994753251372714       0.9990666608952082       0.9984411332759711       0.997493295998278        0.9960629407767408       0.993901920857568        0.9906181045923663       0.9855798334339204       0.9777521183278828       0.9654148821072025       0.9456775179209458       0.9136419978538739       0.860959974676299        0.7925422805223956       0.722434256734136        0.6520030083155961       0.5825551678962736       0.5152823375754448       0.45121834916073256      0.391210647664148        0.33590679914452526      0.285755882839692        0.24102348538925802      0.20181826724904361      0.16812766190363287      0.13986018746510687      0.11689204105608635      0.09911601834709437      0.08472002570265569      0.07190303997584237      0.06059826751496972      0.05071838595346478      0.042160918555870626     0.034813448864100385     0.02855841984264265      0.023277335544358856     0.0188542568399607       0.01517854934445391      0.012146896963984652     0.009664636309687048     0.007646495289447586     0.006016834605819242     0.004709495665904124     0.003667354983757933     0.0028416760185308427    0.0021913368204685003    0.0016819977585805558    0.001285259444717427     9.77847775817628E-4      7.408514221282761E-4     5.590274035802669E-4     4.201826834926188E-4     3.1463386307444794E-4    2.3474287238206852E-4    1.7452376232553678E-4    1.2931403378885876E-4    9.550313280718605E-5     7.031056270062956E-5     5.1606319174290764E-5    3.7766884969385686E-5    2.7560705269903585E-5    2.005781441647379E-5     1.455903617544962E-5     1.054089306999528E-5     7.61301089897521E-6      5.485380547258498E-6     3.943337084217066E-6     2.8285381744342144E-6    2.024575657302545E-6     1.4461432961919927E-6    1.0309183606901888E-6    7.335030443944687E-7     5.209213794937352E-7     3.6928516364263026E-7    2.6133446378291924E-7    1.846296166276015E-7     1.3022657669494317E-7    9.17094800493733E-8      6.448624041103823E-8     4.5277152435343765E-8    3.174464986799973E-8     2.222597053812146E-8     1.5540617934201982E-8    1.0852031306672236E-8    7.568435102606602E-9     5.27193078334143E-9      3.6678957043482718E-9    2.548947762418477E-9     1.7693328114090557E-9    1.2267521620862428E-9    8.494865194756071E-10    5.872760074306931E-10    4.048450134183258E-10    2.7725766236472615E-10   1.864796809818537E-10    1.1861118449226304E-10   6.122192069930023E-11    0
% Data
% c (mol/m^3) @ t=700, u1=0.05, u2=0.01, u3=0.03
1                         0.9999552789888707       0.9998795351172662       0.9997551236344026       0.9995544759794018       0.9992340961666853       0.9987245871957702       0.9979139206131444       0.9966191552408757       0.9945383495409584       0.9911684421427809       0.9856645786045574       0.9765986018414765       0.9615437811703549       0.9363599710354247       0.8939620865639044       0.8378802143307121       0.7792277046030486       0.7189422546878199       0.6579883398809508       0.5973209873812616       0.5378526353233517       0.48042525223027716      0.4257894721574321       0.37459197548399614      0.327371769852808        0.28456545506839426      0.2465210371566831       0.21351942410041136      0.18580240580072063      0.1636056927251154       0.14491524648716103      0.12758368356453267      0.11164442300535612      0.09710526360111743      0.0839503233275484       0.07214268716963187      0.06162755514169263      0.05233567827336792      0.04418688213173045      0.03709350161775655      0.03096358325610685      0.025703747900462856     0.021221644016729168     0.01742795649799554      0.014237966171270527     0.011572679505498465     0.009359566036198726     0.007532952836118689     0.006034131600063978     0.004811235481214993     0.003818940754048896     0.0030180437305206576    0.0023749570825074527    0.0018611626452209402    0.0014526505462933326    0.0011293676050551588    8.746916986469689E-4     6.749433819089139E-4     5.189415527132336E-4     3.9760636781646473E-4    3.036098742846489E-4     2.3107283146828555E-4    1.7530484481021065E-4    1.3258409809289765E-4    9.997254302809086E-5     7.516228335764878E-5     5.634898791966575E-5     4.212841154008017E-5     3.14124368939476E-5      2.3361430777224407E-5    1.7330102298601266E-5    1.282443579257976E-5     9.467633004271998E-6     6.9733285667870455E-6    5.124635743481413E-6     3.757834813618806E-6     2.7497354944792008E-6    2.007929943147151E-6     1.46330746324712E-6      1.0643296826804417E-6    7.726693228239864E-7     5.599002331388035E-7     4.0499431587617963E-7    2.9243516439916377E-7    2.1080116944460057E-7    1.517046345821928E-7     1.0899987340412289E-7    7.819382180779513E-8     5.600860804735143E-8     4.005777064546127E-8     2.8607194888392913E-8    2.039898414371206E-8     1.4521886945269541E-8    1.0315941314024156E-8    7.301944034276272E-9     5.128365384534605E-9     3.5294357846119703E-9    2.2881560368262948E-9    1.19640758879802E-9      0
% Data
% c (mol/m^3) @ t=800, u1=0.05, u2=0.01, u3=0.03
1                         0.9999747332185448       0.9999313157362351       0.9998582848065016       0.9997368921521181       0.9995362658433096       0.9992052210020895       0.9986583351814264       0.9977521854158481       0.9962446785202322       0.9937252873587701       0.989495165297875        0.9823608358657306       0.9702787492349771       0.9497423314822709       0.9147241444280948       0.8679144501030859       0.8183538830492691       0.7666830247744006       0.7135962773766515       0.6598210123165502       0.6060967938687246       0.5531560474378564       0.5017074649878205       0.45242327547198563      0.40593127067499357      0.362812184431419        0.3236026965724275       0.28880399326393064      0.2588954818762109       0.2343529469051218       0.21309193600710466      0.19277575715608947      0.17349975075007748      0.15534055499693494      0.1383550663085279       0.12258012646174779      0.10803290332620627      0.0947118964915232       0.0825984713649218       0.07165880658850846      0.06184613032365728      0.053103120578179445     0.045364352127618        0.03855868605089019      0.03261151557189058      0.027446801862316305     0.022988853964492524     0.019163826567665156     0.01590092690346748      0.013133336778930187     0.01079886735862677      0.008840372670619018     0.007205953117277725     0.005848982868460829     0.004727995352212398     0.003806459632875683     0.0030524777702736396    0.002438429739372862     0.0019405885489848004    0.0015387241488345547    0.0012157107992964826    9.571489680543255E-4     7.510096201800693E-4     5.873060370096655E-4     4.577960475440036E-4     3.557157661962993E-4     2.7554456416998066E-4    2.128000079271793E-4     1.638608208319789E-4     1.2581550627244567E-4    9.633405846309124E-5     7.356013196444903E-5     5.6021100382553437E-5    4.2553573209993974E-5    3.2242128526756824E-5    2.4369235687650298E-5    1.837456907837235E-5     1.3822139111490576E-5    1.0373881315184897E-5    7.768543192555329E-6     5.804888440024657E-6     4.328397837321141E-6     3.2207856647824427E-6    2.3917707412806743E-6    1.7726435304248882E-6    1.3112569595095114E-6    9.68140484260593E-7      7.134963588688731E-7     5.248857921729907E-7     3.8545229997182544E-7    2.8256153406693494E-7    2.067624111362113E-7     1.5099448008486344E-7    1.099818831264322E-7     7.976534900978335E-8     5.733022586574033E-8     4.0289520168606294E-8    2.6573518303566337E-8    1.40560289603846E-8      0
% Data
% c (mol/m^3) @ t=900, u1=0.05, u2=0.01, u3=0.03
1                         0.9999829695223411       0.9999533977494393       0.999902818968339        0.9998170162985269       0.9996720222617672       0.9994272801249638       0.9990139231755651       0.9983146478693632       0.9971290967160189       0.9951142396719737       0.9916815833732889       0.9858197798196264       0.975788248853036        0.9585876603944076       0.9290442079186807       0.8893047111493224       0.8469078097870549       0.8023031193095678       0.755998517947755        0.70854900388532         0.6605448486620908       0.6125998155974951       0.5653402277657266       0.5193956345757025       0.4753917399264779       0.43394612209940514      0.39566710282015904      0.36115591944082         0.3310121307550661       0.30584195523218505      0.28358118268691374      0.2618331354058929       0.24071269176487028      0.22032588720659285      0.20076772478015506      0.18212036006750454      0.1644517232450888       0.14781461708475419      0.1322463045333763       0.1177685749634924       0.10438825591905497      0.09209811853711358      0.08087811074441204      0.07069684329400291      0.0615132497663509       0.053278342467878874     0.045936991066126906     0.03942965894524651      0.033694042683880224     0.028666571775064785     0.024283737819447326     0.020483234151433424     0.017204897589453524     0.014391453301781935     0.011989071389437073     0.009947749607565502     0.0082215407089346       0.006768645332104383     0.005551392376951337     0.004536128656269799     0.003693038543658522     0.002995912608450746     0.00242188207083475      0.0019511335266758274    0.0015666159482803706    0.0012537495937672226    0.0010001442476526325    7.953322305522051E-4     6.305198911007278E-4     4.983598407255693E-4     3.927450072890096E-4     3.086246502248667E-4     2.4184177311310234E-4    1.889908607401541E-4     1.4729452603275955E-4    1.1449744772546935E-4    8.87758840174256E-5      6.866103539361363E-5     5.2974579129908645E-5    4.077479012825714E-5     3.131178237571619E-5     2.399054036564471E-5     1.8340550940695955E-5    1.3990986313894293E-5    1.0650523618669784E-5    8.091011997794054E-6     6.134313024548644E-6     4.6417431968153755E-6    3.505638099289616E-6     2.6426367912419813E-6    1.9883524734079164E-6    1.493151923417574E-6     1.1188116380395211E-6    8.358523531356975E-7     6.213732991273499E-7     4.5720782396899843E-7    3.281918156101844E-7     2.202539694013019E-7     1.1786074557928794E-7    0
% Data
% c (mol/m^3) @ t=1000, u1=0.05, u2=0.01, u3=0.03
1                         0.999987499496199        0.9999656197900051       0.9999277272696112       0.999862485700163        0.9997504916954816       0.9995584830447677       0.9992293581844202       0.99866496074681         0.9976963593731946       0.9960325010805877       0.9931714416804143       0.98824678608822         0.9797619071813954       0.9651297089847164       0.9398753151524648       0.9057588168224834       0.8691664305931132       0.8304215633005195       0.7899036326938017       0.7480428096568777       0.7053139051869597       0.6622298007177937       0.6193348586920501       0.5771987606859572       0.5364111999202597       0.49757780258450984      0.46131756906698423      0.4282620150628743       0.3990560587948368       0.3743605511453685       0.3521872266846014       0.33016947326442486      0.3084166327052473       0.2870367963198762       0.26613463789017744      0.24580932149988516      0.22615256370618866      0.20724692170948214      0.1891643673428093       0.1719651917704332       0.15569726888859864      0.14039568778610598      0.12608274745194198      0.11276829129047276      0.1004503457923368       0.08911601752082605      0.07874259573573408      0.06929880454004861      0.060746148206040185     0.05304029592780728      0.04613245713256551      0.03997070506321347      0.034501214002266835     0.029669383654924105     0.025420832327136655     0.021702248195551384     0.018462094847087926     0.01565117315014644      0.01322304629025304      0.0111343384307136       0.009344919984793925     0.007817994004400506     0.006520098831144034     0.0054210420686737       0.004493780276107411     0.003714257702571151     0.0030612160212955004    0.00251598549997959      0.0020622664636774503    0.0016859083478503222    0.0013746921628489698    0.001118120838913804     9.072207187637607E-4     7.34356425638551E-4      5.930604603714581E-4     4.7787816588985783E-4    3.8422813009690435E-4    3.0827766347435036E-4    2.4683266918518437E-4    1.972410035991924E-4     1.5730828707062787E-4    1.2522505260024742E-4    9.950409935679172E-5     7.892693629141523E-5     6.249824742660146E-5     4.940737575166532E-5     3.899589950347583E-5     3.0730456781682146E-5    2.4180056763501057E-5    1.8997193580038393E-5    1.4902147340359954E-5    1.1669909686983737E-5    9.119199334148018E-6     7.103020634136658E-6     5.500137723082316E-6     4.206638600339722E-6     3.126358017922095E-6     2.1581535630266203E-6    1.1765942014663534E-6    0
% Data
% c (mol/m^3) @ t=1100, u1=0.05, u2=0.01, u3=0.03
1                         0.9999900396857024       0.9999725303784126       0.9999420024933114       0.9998890251491368       0.9997973294937715       0.9996388368491592       0.9993650613041601       0.9988922356379264       0.9980755661139082       0.9966646508923257       0.9942262483395957       0.9900104314661123       0.982718545019434        0.970100788620053        0.9482581198487354       0.9186698919400551       0.8868241095487586       0.852962338589913        0.8173770891927953       0.7804098729300523       0.7424485068769816       0.7039238537054022       0.6653062198045221       0.6271016518709126       0.5898483737103059       0.554113587285036        0.520490824654066        0.4895979810765342       0.4620760862986794       0.4385887844124971       0.4172611213679902       0.3958213540312029       0.3743598998828504       0.35297062531734097      0.3317492601733512       0.3107917107429011       0.29019232828129254      0.2700421930007863       0.25042747326207887      0.23142791620981046      0.2131155196999125       0.19555342651426202      0.17879507118792107      0.1628835980206092       0.14785155677353962      0.13372087090027435      0.12050306257380781      0.10819970977072349      0.0968031036208395       0.0862970693260666       0.07665791123417552      0.0678554420185556       0.05985405714499624      0.05261381859838836      0.046091515842865735     0.04024167682631254      0.0350175071512645       0.03037174098698359      0.02625739260675715      0.02262840237160308      0.019440175378122586     0.01665001473491743      0.014217454473693943     0.01210449942957563      0.010275781069705225     0.008698639267745974     0.007343140491365178     0.0061820428780176495    0.00519071831288366      0.004347040981220289     0.003631251028973829     0.003025801004447627     0.00251519173346567      0.0020858032526575028    0.001725725430684983     0.0014245919752570975    0.0011734206749232626    9.64461970993072E-4      7.910573018335286E-4     6.47508109224045E-4      5.28955940350976E-4      4.3127371247846894E-4    3.5096792154950477E-4    2.850913610821919E-4     2.31165763377271E-4      1.8711367077324268E-4    1.5119878001420642E-4    1.2197396709869506E-4    9.823618184211018E-5     7.898738735337909E-5     6.340069184971395E-5     5.0790752275556044E-5    4.058737861556389E-5     3.2310963114153765E-5    2.5547776383845036E-5    1.992209692770504E-5     1.5060193407523436E-5    1.0537694990729137E-5    5.795696227334301E-6     0
% Data
% c (mol/m^3) @ t=1200, u1=0.05, u2=0.01, u3=0.03
1                         0.9999916430935687       0.9999769253876393       0.9999511912871505       0.9999063817895427       0.9998285446351423       0.9996935207230184       0.9994594688719799       0.9990539078666938       0.9983512480661957       0.9971338215398137       0.9950242733886275       0.991368237797191        0.9850306925446081       0.9740424018155036       0.9549859646809857       0.9291276721511966       0.9012342851439397       0.8714933366087575       0.8401376711952357       0.8074452821405519       0.7737385481768175       0.739382947330191        0.7047853462330688       0.6703919782701956       0.6366862296582527       0.6041863479861541       0.573443171991945        0.5450379543263077       0.5195803114727771       0.49770628842375386      0.47767499167473787      0.4573499574060845       0.43679876091422315      0.4160945770325079       0.39531526706417575      0.3745423029158706       0.35385955597323926      0.33335198496170193      0.3131042622193207       0.29319938113084437      0.27371728871465106      0.25473358644307503      0.23631833938483335      0.21853502889784163      0.20143967770105342      0.18508016863172563      0.16949577021765294      0.15471687384384822      0.14076493922882918      0.12765263755269976      0.11538417522617894      0.10395577619322324      0.0933562969582968       0.08356794626494113      0.07456708048021866      0.06632504614202472      0.058809042629818835     0.051982980313840924     0.045808312594775344     0.04024482373478304      0.035251358083779785     0.030786480026764332     0.026809057554240116     0.023278765658111596     0.020156508685230664     0.017404763279651618     0.014987845583409437     0.01287210794181776      0.011026071492145356     0.009420501739747646     0.008028434590283122     0.006825160364160869     0.005788173126099131     0.004897092274223769     0.004133562801925255     0.0034811400191867145    0.0029251638396765515    0.0024526270403102545    0.0020520412092359685    0.0017133034378122715    0.0014275661976573158    0.0011871122854292685    9.85236221139276E-4      8.1613305193927E-4       6.747951403420305E-4     5.569171982440759E-4     4.588095568721448E-4     3.7731942423944943E-4    3.0975965549714663E-4    2.5384431630342305E-4    2.0763000484917766E-4    1.6946143183159997E-4    1.3791900033506224E-4    1.1176484201845489E-4    8.98815448346291E-5      7.119394900518656E-5     5.4557682397288714E-5    3.858646903581252E-5     2.1370086442338873E-5    0
% Data
% c (mol/m^3) @ t=0, u1=0.05, u2=0.01, u3=0.05
1                         -5.672732969867393E-8    3.441234106048097E-15    4.799069503581935E-20    8.009901849351582E-26    1.02362698256798E-31     1.1689697273466326E-37   1.254194200752813E-43    1.2931961592123734E-49   1.2971711273412447E-55   1.2750964098618704E-61   1.234131299349732E-67    1.1799489050911675E-73   1.1170108771031014E-79   1.0487944867291687E-85   9.71546498381585E-92     7.181541228018652E-98    5.28168908515125E-104    3.8673355172982106E-110  2.8207604174649653E-116  2.050349020832576E-122   1.48579029165964E-128    1.0737212825750865E-134  7.740094251222283E-141   5.56700624350832E-147    3.9958092763951704E-153  2.86266898028995E-159    2.0473276566374595E-165  1.461881295031569E-171   1.0423113456179995E-177  7.470952672444753E-184   6.662604075547762E-190   5.934681637965359E-196   5.280437837203608E-202   4.693448041323894E-208   4.167650976372499E-214   3.697371724439912E-220   3.277331324302142E-226   2.9026462524959035E-232  2.5688204106000546E-238  2.271731710328029E-244   2.0076149115905154E-250  1.7730420131355343E-256  1.5649012066495055E-262  1.380375171616418E-268   1.2169193000293917E-274  1.0722402891272751E-280  9.442754199697233E-287   8.311727442847543E-293   7.312723270046734E-299   6.430886334386083E-305   5.652941037623E-311      4.967341E-317            1.5E-323                 0                        0                        0                        0                        0                        0                        0                        0                        0                        0                        0                        0                        0                        0                        0                        0                        0                        0                        0                        0                        0                        0                        0                        0                        0                        0                        0                        0                        0                        0                        0                        0                        0                        0                        0                        0                        0                        0                        0                        0                        0                        0                        0                        0                        0                        0                        0
% Data
% c (mol/m^3) @ t=100, u1=0.05, u2=0.01, u3=0.05
1                         0.9656881255364282       0.9132847261206136       0.8415363059687354       0.7517145717716329       0.647912548717086        0.5366497718526362       0.425761245614748        0.3228358947076915       0.23371125479043056      0.16154692459663755      0.10673506809736016      0.06751993949421382      0.0409348107187802       0.023633750340581728     0.012298207937877226     0.005593655638684295     0.0024654318850791455    0.0010565389286935007    4.415642460030562E-4     1.804726279405969E-4     7.231196584642583E-5     2.846756500128662E-5     1.1032868308811595E-5    4.216839239375829E-6     1.5919299000189384E-6    5.944354171332018E-7     2.1983964546255712E-7    8.068477550186657E-8     2.9646710903876155E-8    1.1639211195333871E-8    5.07870840700128E-9      2.2047185913402517E-9    9.526836312853683E-10    4.0995788988719775E-10   1.757522880816185E-10    7.509130208053147E-11    3.198474288812144E-11    1.3585714302054005E-11   5.755941133540514E-12    2.432988809426443E-12    1.0262158620879502E-12   4.3200397920330404E-13   1.8153256449125592E-13   7.615515068182369E-14    3.189890942713099E-14    1.3342356811122068E-14   5.573306429946929E-15    2.3251778468720967E-15   9.689420022968119E-16    4.0333869526406715E-16   1.6772651040776363E-16   6.968188055018385E-17    2.892335345118205E-17    1.1995277548241346E-17   4.970787961965725E-18    2.058316790588971E-18    8.517036818870225E-19    3.52184405906025E-19     1.4553644923779266E-19   6.010452483163292E-20    2.480784327970027E-20    1.023361607792742E-20    4.219281612303631E-21    1.738711260194901E-21    7.161526249877336E-22    2.9483692275915865E-22   1.2132903434136823E-22   4.990707467465666E-23    2.0520192279622814E-23   8.433923827109773E-24    3.4650814928959195E-24   1.4231116750715631E-24   5.842680439026913E-25    2.39794082286173E-25     9.838371530091336E-26    4.035258713125211E-26    1.6545796382053196E-26   6.782293385516107E-27    2.7793441686095405E-27   1.138646697098986E-27    4.66359046599777E-28     1.9095904740816492E-28   7.817213710619076E-29    3.1993295249338157E-29   1.3090745686858518E-29   5.3551452930228254E-30   2.1901935430596988E-30   8.9557274914381E-31      3.6612471244961857E-31   1.49647532184973E-31     6.115399818556886E-32    2.4986030750126E-32      1.020678637163304E-32    4.1687136118085234E-33   1.702300205203182E-33    6.949742598582278E-34    2.8349039591983327E-34   1.1479182837185131E-34   4.2845795662232883E-35   0
% Data
% c (mol/m^3) @ t=200, u1=0.05, u2=0.01, u3=0.05
1                         0.9921000293880545       0.9795394378487959       0.9610621921090906       0.935465236071985        0.9017478741349324       0.8592753100863064       0.8079310487763122       0.7482264491624869       0.6813334744618436       0.6090087431524238       0.5333797403332016       0.45655743702161333      0.38000369452889454      0.3034828493037096       0.22321097687903785      0.1504196396056093       0.09859776208357468      0.06294863917900724      0.03919807833925207      0.02384040168802489      0.014182200941564745     0.008263385222560614     0.004722220631615795     0.0026502242358901057    0.0014626264449005074    7.948804158529655E-4     4.262125354876302E-4     2.2648204019127234E-4    1.2108731288434288E-4    6.89106563685696E-5      4.2049025767009935E-5    2.54416510661653E-5      1.527330916034483E-5     9.103006626935456E-6     5.3895480733398E-6       3.1715683409606702E-6    1.8559879125540634E-6    1.0806063270385636E-6    6.262535156915188E-7     3.614177780480758E-7     2.0778754378926566E-7    1.1905349364865573E-7    6.800294477705857E-8     3.873604223010178E-8     2.201064862405734E-8     1.2479527910976033E-8    7.0618554545345115E-9    3.989265316625835E-9     2.250139598459591E-9     1.2675027276038161E-9    7.131545440713606E-10    4.0084697721955583E-10   2.2510839498308702E-10   1.2632064790970806E-10   7.083894647760014E-11    3.970315675181247E-11    2.2241719087812372E-11   1.2454685174732516E-11   6.971800786642518E-12    3.901468863940995E-12    2.1827412538199277E-12   1.2209123015833374E-12   6.827936629457934E-13    3.8179464298456863E-13   2.1345983609332693E-13   1.1933216786619826E-13   6.670548170930945E-14    3.728503575296991E-14    2.0839247023711486E-14   1.1646847662411847E-14   6.509047289284702E-15    3.637577302940866E-15    2.0328034521209306E-15   1.1359756825238462E-15   6.347970877015178E-16    3.5472721494713035E-16   1.982206847835239E-16    1.1076416710604516E-16   6.189367137622838E-17    3.45852161630277E-17     1.932558108333675E-17    1.0798734701834662E-17   6.034089837704325E-18    3.371704773673802E-18    1.8840238846161966E-18   1.0527434396833051E-18   5.882448115951113E-19    3.28695081942596E-19     1.8366564941148248E-19   1.0262717444940304E-19   5.734512823106614E-20    3.2042783851080024E-20   1.7904504940747516E-20   1.0004278435692285E-20   5.589339939019372E-21    3.120738665110002E-21    1.736051204237844E-21    9.453956581536025E-22    4.495559011100546E-22    0
% Data
% c (mol/m^3) @ t=300, u1=0.05, u2=0.01, u3=0.05
1                         0.9976878644768562       0.9939514215655613       0.9882960419822288       0.9801469120973655       0.9688643094721491       0.9537687470061741       0.9341737416830265       0.9094193472200924       0.8788919581742498       0.8420033746176552       0.798081281700694        0.7460878642603638       0.6840219463846363       0.6077529815000066       0.5088483071808808       0.4017669810609081       0.31065750258465646      0.23536135203905442      0.17481647822460047      0.12737744339591126      0.0911070772819009       0.06401218597637384      0.044212150412589864     0.03004229594977096      0.02010234411507991      0.013264142532028688     0.008653207017188401     0.005616754878724792     0.0036881396144624904    0.002554887025693652     0.00185489895982774      0.0013346764007822016    9.52116060517326E-4      6.736152735808289E-4     4.7281347778730754E-4    3.293581158079935E-4     2.277657820416447E-4     1.5641807458643443E-4    1.0670773554542277E-4    7.23340379933641E-5      4.8735978984159215E-5    3.26463132597788E-5      2.1747447272349986E-5    1.4410509685154305E-5    9.500568718692849E-6     6.233278919238032E-6     4.070736902272205E-6     2.646715955748621E-6     1.7135762450803535E-6    1.1049461849947845E-6    7.097350072964766E-7     4.541933106496367E-7     2.8962964620938026E-7    1.8406362799738436E-7    1.165942817876124E-7     7.362568378563595E-8     4.635320803078881E-8     2.9099221055819996E-8    1.8217305295630273E-8    1.13745885650135E-8      7.0840439956427805E-9    4.401125524240899E-9     2.7278723781269275E-9    1.6869451278385697E-9    1.040953690803281E-9     6.409889522293402E-10    3.939052810046258E-10    2.415944911526319E-10    1.47899444640347E-10     9.037727606964439E-11    5.5130595655486755E-11   3.3573229528353554E-11   2.0412002264234952E-11   1.2390649193259015E-11   7.510023731435153E-12    4.5451598004505395E-12   2.746872105444652E-12    1.6577883094860533E-12   9.991716534771991E-13    6.014364670668018E-13    3.615725664473988E-13    2.1710706120093235E-13   1.3020905445671938E-13   7.80032165917295E-14     4.667696677915284E-14    2.790137621827754E-14    1.6660768624764413E-14   9.938568437489233E-15    5.922764799470498E-15    3.5262163332873118E-15   2.097435654033297E-15    1.2464479600092803E-15   7.400714484361983E-16    4.3902049675091513E-16   2.6016749919035636E-16   1.5390684274588762E-16   9.05338691353631E-17     5.1879729834834064E-17   2.5645527875327895E-17   0
% Data
% c (mol/m^3) @ t=400, u1=0.05, u2=0.01, u3=0.05
1                         0.9992220842069721       0.9979543407403925       0.9960067349899258       0.9931408691497822       0.9890632047614655       0.983416852870966        0.9757691655539468       0.965589179969973        0.952203188487119        0.9347064823579475       0.911791496914803        0.8814218267519116       0.840228776121083        0.7824167413537201       0.6978092972354221       0.5971253519940882       0.5028564487445338       0.41679331501522243      0.3400682253377198       0.2731945645269779       0.216149277709402        0.16848211141444672      0.12943583070477616      0.09806392680009109      0.07333596192156099      0.054224839084293645     0.039774254334662355     0.029147922882507574     0.021664648112926583     0.01682491256085717      0.01350162121697971      0.010748665443975536     0.008490571572302588     0.006656091096316317     0.005179578144613217     0.004001848510738826     0.003070582124113773     0.0023403494216737673    0.0017723489626727755    0.0013339413098480924    9.980555086395715E-4     7.425321224285701E-4     5.494529831504228E-4     4.0449428425029423E-4    2.963274910481675E-4     2.1608237836510873E-4    1.568785337667482E-4     1.1342581347209661E-4    8.169026135808478E-5     5.861957020004706E-5     4.192092940647672E-5     2.9883738404995265E-5    2.1239888401563247E-5    1.5054901171712016E-5    1.064399031036904E-5     7.507955567287627E-6     5.28465300864497E-6      3.7125532065956388E-6    2.603580490730196E-6     1.8230089415020312E-6    1.2746763831177126E-6    8.90173587406118E-7      6.209828897637311E-7     4.327902112421184E-7     3.013886267785027E-7     2.0974069179270117E-7    1.4587997135319176E-7    1.0141739595246084E-7    7.048158940292665E-8     4.8969313061957804E-8    3.401669723913384E-8     2.3627131330308226E-8    1.6409970155887278E-8    1.139741177091872E-8     7.916381334822216E-9     5.49903422623962E-9      3.820319606076409E-9     2.654471973410554E-9     1.8447219637356941E-9    1.28222710242757E-9      8.914257820923715E-10    6.198617293823059E-10    4.3111735749858063E-10   2.9990767816834554E-10   2.086749277579572E-10    1.4522515796589905E-10   1.010880603516069E-10    7.037869127766398E-11    4.900745888635494E-11    3.413175320966197E-11    2.3775240607150307E-11   1.6563488171228932E-11   1.1540276384906795E-11   8.039798342436316E-12    5.597346293467117E-12    3.885923155119481E-12    2.668810763507336E-12    1.757979732837434E-12    9.631443554498742E-13    0
% Data
% c (mol/m^3) @ t=500, u1=0.05, u2=0.01, u3=0.05
1                         0.9997384046292971       0.9993076953483427       0.9986339109569878       0.9976168776105971       0.996121097920327        0.9939621651731996       0.9908853800356301       0.9865305391092754       0.9803720704644736       0.9716152976712448       0.9590150414554268       0.9405576182490214       0.9129040564128592       0.8704181743613234       0.8034760266888739       0.7192962765850617       0.635928876261042        0.5552075261989278       0.47868920613067345      0.40760127926991885      0.3428186685040739       0.28486937137519575      0.23396418360640286      0.1900449959916999       0.15284550162089303      0.12195852713074819      0.09690528785486435      0.07720339525987599      0.06243212867224087      0.05229505611607963      0.04484271385051526      0.038212453607248606     0.032361300770606435     0.027238887032437733     0.02278959637280923      0.01895464433566258      0.01567399248171605      0.012888026704805442     0.010538955562439023     0.008571910228872335     0.006935749282781095     0.005583588279521778     0.0044730856525920975    0.0035665232318015435    0.0028307222289714914    0.00223683479985334      0.0017600481712651752    0.0013792336980929802    0.001076567835119706     8.371464660143613E-4     6.486087555241051E-4     5.007819597276856E-4     3.853545947794123E-4     2.955820793773351E-4     2.2602641143361607E-4    1.7232955002478094E-4    1.310188588493765E-4     9.934212630376E-5        7.51292101593612E-5      5.667717011580281E-5     4.265576972588035E-5     3.203038448151763E-5     2.3999592896419164E-5    1.7945012340765317E-5    1.3391242081469848E-5    9.9740722944765E-6       7.415396676650946E-6     5.503520051995745E-6     4.077777380256254E-6     3.0165759693319916E-6    2.2281394532496005E-6    1.643372347070711E-6     1.2103804591468698E-6    8.90278095903468E-7      6.539907879695431E-7     4.798249823830404E-7     3.5162630910935374E-7    2.573878680967699E-7     1.8820141587266168E-7    1.3746898449875089E-7    1.0031169715582132E-7    7.312747091312044E-8     5.326082826476588E-8     3.875690870379127E-8     2.817856684686818E-8     2.0470630155312014E-8    1.4859334163864616E-8    1.0777943780343913E-8    7.811829474509742E-9     5.657970334066441E-9     4.095135409725265E-9     2.96195228884781E-9      2.140783756357599E-9     1.5458541491730947E-9    1.1144286947788557E-9    8.000532326471871E-10    5.668528973375328E-10    3.834852085554875E-10    2.1406388510728033E-10   0
% Data
% c (mol/m^3) @ t=600, u1=0.05, u2=0.01, u3=0.05
1                         0.9999016865876578       0.9997377101971434       0.9994753261635921       0.9990666632740928       0.9984411386748754       0.9974933081402836       0.9960629679434254       0.9939019814055319       0.9906182390677859       0.9855801310771752       0.9777527748385473       0.9654163250422757       0.9456806778118992       0.9136488919424548       0.8609749584006943       0.7925710262612191       0.7224828904676978       0.6520812820124324       0.5826781351620907       0.5154728173025589       0.4515104901934341       0.3916550156588436       0.3365775410989988       0.28676068615428757      0.24251723446096973      0.2040215038687743       0.1713511608052055       0.14453713950510988      0.12361945478649686      0.10870695199796696      0.09724055955906562      0.08654440312927171      0.07663331919687631      0.06751126854748492      0.05917177709223146      0.05159871271703928      0.044767335914857376     0.038645551541136726     0.03319528509036474      0.028373908876315364     0.02413565036313719      0.020432925302241924     0.0172175508566319       0.01444180719472154      0.012059328964940136     0.010025819745499563     0.008299592418841779     0.006841946144629419     0.005617396135203599     0.004593775895302823     0.003742233223421776     0.0030371414087732055    0.0024559460457971526    0.0019789660693191437    0.001589165296213229     0.0012719082041967734    0.0010147110913594668    8.069972933282475E-4     6.398628911800517E-4     5.058573825274816E-4     3.9878213668416424E-4    3.135081127486598E-4     2.4581326900760027E-4    1.9223930394092435E-4    1.4996680787104835E-4    1.1670753244885776E-4    9.061226611476437E-5     7.019270363367842E-5     5.4255686939417684E-5    4.184824743839407E-5     3.221197571154394E-5     2.4745366563505825E-5    1.8972922765280176E-5    1.4519940088009667E-5    1.1092032553576988E-5    8.458585683216397E-6     6.439444106563917E-6     4.894246726364432E-6     3.7139172169802673E-6    2.813900149585949E-6     2.1288041187285485E-6    1.608173805234713E-6     1.213164004913953E-6     9.13931385729218E-7      6.875951957413291E-7     5.16647358080195E-7      3.877162999369698E-7     2.9060831403391817E-7    2.1756598391122293E-7    1.6269585632945574E-7    1.2152765086533574E-7    9.067528853893403E-8     6.757620315857729E-8     5.028989132138959E-8     3.733923791379789E-8     2.7577868510052438E-8    2.0060988756034606E-8    1.3879258228401712E-8    7.869124703684978E-9     0
% Data
% c (mol/m^3) @ t=700, u1=0.05, u2=0.01, u3=0.05
1                         0.9999552796980542       0.9998795372410051       0.9997551287253316       0.9995544874127695       0.999234121230515        0.9987246415538898       0.9979140378007069       0.9966194067937829       0.9945388875109477       0.9911695885568017       0.9856670129863341       0.9766037527649113       0.9615546406229508       0.9363827813890458       0.894009821024113        0.8379687230113223       0.7793723349004996       0.7191662981829193       0.6583260973687803       0.5978220242328632       0.5385875952857876       0.4814936856480781       0.4273302294152508       0.37679681183596253      0.33050289342573486      0.28897781057112965      0.2526901329590022       0.22207545315307323      0.19757124899344214      0.17965709003994804      0.165456615857406        0.15177093381035361      0.1386506690886941       0.12614017053836646      0.11427658015358076      0.10308913212036888      0.092598707730126        0.08281765751800178      0.07374988702524476      0.06539118883417175      0.05772979195189402      0.05074709089607555      0.044418511303879235     0.0387144665666514       0.03360136063818396      0.02904259531899805      0.024999545400253707     0.021432471422950183     0.018301346848100822     0.01556658358217335      0.013189646597450566     0.011133554482267606     0.009363267922643689     0.007845972236073914     0.006551263126082588     0.005451246853105528     0.004520567127448945     0.0037363713609464134    0.003078228618722024     0.002528010845809407     0.002069747850651959     0.0016894652376681358    0.00137501310256022      0.0011158919233299981    9.030807619283846E-4     7.288716812168204E-4     5.867132073942594E-4     4.710647430180161E-4     3.77263062893525E-4      3.014013988935335E-4     2.4022112902375765E-4    1.9101571615025574E-4    1.5154627640048382E-4    1.199679796267398E-4     9.476637835129404E-5     7.47027124101655E-5      5.876723081606643E-5     4.6139598717730883E-5    3.615550612704562E-5     2.8278658461507097E-5    2.2077400666598595E-5    1.7205301928214742E-5    1.3385103173915513E-5    1.039550213350289E-5     8.060318957952898E-6     6.239648214712388E-6     4.822659925773971E-6     3.7217630012898196E-6    2.867889000750321E-6     2.2066928029927E-6       1.6954996274222967E-6    1.300854767199531E-6     9.965523903612646E-7     7.620298542394566E-7     5.810064706675162E-7     4.402018614950425E-7     3.278445956894246E-7     2.3137249890323443E-7    1.3298827969515558E-7    0
% Data
% c (mol/m^3) @ t=800, u1=0.05, u2=0.01, u3=0.05
1                         0.9999747357326909       0.9999313231600278       0.9998583022309596       0.9997369302880655       0.9995363470887726       0.999205391987226        0.9986586926158119       0.9977529291562911       0.996246220138989        0.9937284714603158       0.9895017190418665       0.9823742786760885       0.9703062270361793       0.9497983013919338       0.9148377492797503       0.8681194384591499       0.8186797869305819       0.7671728638120324       0.7143109610851963       0.6608451548312555       0.6075462755484524       0.5551877029085156       0.5045313131993465       0.45631772578408736      0.41126172904638236      0.3700534321939276       0.33336530562348415      0.3018648590086706       0.27623228195226796      0.257181954390374        0.24176832571985554      0.22657875506644964      0.21166884155940993      0.19709352928390866      0.18290608410682885      0.1691570722800919       0.15589338093162192      0.14315731935645978      0.1309858363703696       0.11940988318800083      0.10845394381804273      0.09813574643027503      0.08846616019933287      0.07944927341000997      0.07108264069053735      0.06335768057944108      0.05626019954152627      0.0497710151902929       0.043866649863077034     0.038520065720455875     0.03370141399332464      0.029378773603156896     0.025518857822292858     0.02208767160529824      0.019051106411968836     0.016375463496694012     0.014027900545138649     0.011976800038629939     0.01019206071398657      0.00864531590630036      0.007310084401898027     0.006161860710620075     0.00517815243874623      0.004338472771704573     0.0036242960339305233    0.0030189839596264333    0.0025076897582064924    0.002077246361386952     0.0017160444562269999    0.0014139050911796047    0.0011619508314245723    9.524786665990109E-4     7.788371606116129E-4     6.353096936734309E-4     5.170050884739987E-4     4.197564376941822E-4     3.400285567937597E-4     2.7483416930859406E-4    2.2165868484794372E-4    1.783932445766372E-4     1.4327557671424412E-4    1.1483811703688284E-4    9.186279848262618E-5     7.334189233915367E-5     5.844428451652409E-5     4.6486588299269294E-5    3.690852476144184E-5     2.925203944464667E-5     2.314366512679295E-5     1.8279681695985308E-5    1.44136603667808E-5      1.1346002484572743E-5    8.915076333317626E-6     6.9894822759459E-6       5.460755063326744E-6     4.2352553383251975E-6    3.222684374973616E-6     2.315607333817516E-6     1.3473862478778173E-6    0
% Data
% c (mol/m^3) @ t=900, u1=0.05, u2=0.01, u3=0.05
1                         0.9999829710615223       0.9999534036617884       0.999902837207353        0.9998170662267705       0.9996721477266142       0.9994275762555045       0.9990145907445448       0.9983161027445818       0.9971321889213826       0.9951206896661557       0.9916948471960193       0.9858467579655485       0.9758426492907758       0.9586965935344659       0.9292610751168527       0.8896887907369155       0.8475065445664572       0.8031831710344023       0.7572511097165172       0.7102966701282035       0.6629498398127907       0.6158744088770649       0.5697591830438697       0.5253109982055184       0.4832501320755303       0.44430853620710875      0.409231091241782        0.378779829808415        0.35374078773879203      0.33493285005712337      0.3195084434059147       0.30407986244219504      0.28869051783019445      0.27338618759206834      0.2582144828130777       0.24322422212994946      0.2284647298294011       0.21398507702694064      0.19983328918424265      0.18605554585296177      0.1726953997874277       0.15979304234035138      0.14738464035396606      0.13550176670751163      0.12417094250329948      0.11341330386558221      0.10324440083244799      0.09367413019818703      0.0847067987531655       0.07634130846952873      0.06857145103256804      0.06138629588539399      0.05477065372831283      0.04870559621011548      0.043169012317333555     0.038136182607617024     0.033580353804725405     0.02947329821205957      0.025785844737246356     0.022488370883760808     0.01955124770237019      0.016945232271675166     0.01464180468494509      0.012613448678775023     0.010833876893764737     0.009278203279333153     0.007923066336624538     0.0067467077458340284    0.0057290114715232085    0.0048515087155914126    0.00409735413234609      0.0034512785759623827    0.0028995233597723697    0.002429760609271585     0.0020310038227425546    0.0016935122465731372    0.0014086921531556648    0.0011689975989331936    9.678327549351521E-4     7.994574536349936E-4     6.588971917270256E-4     5.418584725692036E-4     4.446500658584829E-4     3.641105046448949E-4     2.9754192837518274E-4    2.4265021126977895E-4    1.9749118277841398E-4    1.604226444964837E-4     1.300618066148462E-4     1.0524769224230043E-4    8.50079633060617E-5      6.852945356628126E-5     5.513133772011456E-5     4.423906839239474E-5     3.535541563837816E-5     2.8020902118349287E-5    2.1746873022806053E-5    1.5884220353000826E-5    9.345741553789431E-6     0
% Data
% c (mol/m^3) @ t=1000, u1=0.05, u2=0.01, u3=0.05
1                         0.999987152375342        0.9999647039739532       0.9999259306790428       0.9998593821284065       0.9997455186085589       0.9995509292449962       0.9992183793962729       0.9986496602121473       0.9976760079588207       0.9960070446395327       0.9931425861954998       0.9882202284187802       0.9797518155917051       0.9651675908934798       0.940027391982795        0.906107213251018        0.8697879902246481       0.8314211680017882       0.7914192071611756       0.7502513193502711       0.7084385678372749       0.6665487213608483       0.6251912621799477       0.585012929302076        0.5466941235476009       0.5109464126532645       0.47851125463035954      0.45015991105232006      0.4266943561147595       0.40894881149646156      0.3942678712871485       0.37943862111516624      0.36448864038974377      0.3494484976300635       0.33435164406140566      0.3192342306667812       0.30413484547386116      0.2890941708859027       0.2741545642274097       0.2593595681824325       0.24475336124157218      0.23038016142002687      0.21628359915102285      0.20250607721336822      0.1890881366804118       0.1760678480989331       0.16348024640203135      0.15135682647486712      0.1397251139290936       0.12860832265176517      0.11802510726235127      0.10798941494068212      0.0985104373853397       0.08959266012022636      0.08123600315638006      0.07343604427248933      0.06618431399758565      0.059468649818283946     0.0532735962057228       0.04758083674277148      0.04236964487847319      0.037617340569210955     0.03329974119424934      0.029391596558590465     0.025866999418720837     0.022699764691632974     0.01986377224842684      0.017333269877109533     0.015083134565432659     0.013089091659195811     0.011327892664516816     0.009777453467819662     0.008416955540351875     0.007226913280499999     0.006189211040428773     0.005287113602713194     0.004505253940434058     0.0038296020353416555    0.003247418368224147     0.0027471954577888745    0.002318590531670637     0.0019523520857080794    0.0016402427426151205    0.0013749604727001285    0.0011500598979684296    9.598750733794009E-4     7.994448264847006E-4     6.644414319787413E-4     5.511030780721588E-4     4.5617019253421133E-4    3.7682511563957367E-4    3.106335664860128E-4     2.5548426007216784E-4    2.0951860933453417E-4    1.7103288124260964E-4    1.3831434588113724E-4    1.0932752994904953E-4    8.106768261541756E-5     4.81831108485721E-5      0
% Data
% c (mol/m^3) @ t=1100, u1=0.05, u2=0.01, u3=0.05
1                         0.9999896682157161       0.9999715505273946       0.9999400812245427       0.9998857095522371       0.9997920269750715       0.999630811291177        0.9993534706760597       0.9988762630335571       0.9980547479158446       0.9966396060481922       0.9942002061065254       0.9899923259787227       0.9827291535971505       0.9701847382099147       0.948507138197432        0.9191935524932128       0.8877189752467693       0.8543581782896507       0.8194418282012367       0.7833551605134164       0.7465360321896489       0.709472526652428        0.6727002957670942       0.6367998157688294       0.6023937076889384       0.5701442271585339       0.5407509646763113       0.5149487181075114       0.493505408363224        0.47721981226500526      0.4636711203274111       0.44989878120648086      0.43591736426623245      0.421743905223281        0.4073980040003239       0.39290188600387604      0.3782804196444347       0.36356108353465355      0.34877387783256664      0.33395117563738325      0.3191275121596903       0.30433931151024507      0.2896245532879775       0.27502238358154085      0.26057267739789824      0.24631556175864913      0.23229091062763874      0.2185378243345493       0.20509410714554163      0.1919957570417139       0.1792764815728324       0.1669672528680589       0.15509591355314176      0.1436868435216385       0.13276069533760984      0.12233420362688599      0.11242007126949442      0.10302693266263477      0.09415939189889422      0.08581813150059123      0.07800008545093816      0.07069866872615958      0.06390405439593122      0.05760348863525079      0.05178163367035878      0.046420928737353186     0.04150195952271879      0.03700382722753417      0.03290450929260924      0.029181204878708882     0.025810659353776935     0.022769463240999814     0.02003432227702372      0.01758229637565498      0.01539100635437816      0.01343880823319575      0.011704935740287624     0.010169612347317124     0.008814134706302115     0.00762092977304556      0.006573588186952012     0.005656876644635722     0.004856732067830501     0.004160240337605887     0.0035556022573792283    0.003032089221097934     0.002579990790981225     0.002190555993034559     0.0018559295182659426    0.0015690829419893221    0.0013237390309900933    0.001114283085741939     9.356466620735823E-4     7.831307793780589E-4     6.520968132652222E-4     5.373701075717271E-4     4.3202364436440967E-4    3.2482989654118824E-4    1.9486107856137112E-4    0
% Data
% c (mol/m^3) @ t=1200, u1=0.05, u2=0.01, u3=0.05
1                         0.9999913910854885       0.9999762632345716       0.9999499023141556       0.9999041836319107       0.999825094740646        0.9996884527471092       0.9994524968669221       0.9990450712988909       0.9983414401073597       0.9971258755807687       0.9950251343383394       0.9913932203393448       0.9851117238579109       0.9742438254447682       0.9554346207191389       0.9299643957000848       0.9025684567581209       0.8734692145294757       0.842939269850017        0.8113015965178781       0.7789291616526485       0.7462440433753391       0.7137161116212292       0.6818613347712263       0.651239761582703        0.6224532044284392       0.5961426166959042       0.5729851157726528       0.5536905555989124       0.5389975023461764       0.5267302451435931       0.5142099862343363       0.5014424994693865       0.48843524408425815      0.4751975097728633       0.4617405530437271       0.4480777198950107       0.4342245494428107       0.420198852904359        0.4060207623167423       0.391712743598254        0.37729956905839146      0.3628082452442723       0.34826789306935824      0.3337095784797924       0.3191660934307984       0.30467168860990845      0.29026176108086166      0.275972501747973        0.26184050916772345      0.24790237767625237      0.23419426898015608      0.22075147720850505      0.20760799789892265      0.1947961114632052       0.18234599134380539      0.1702853463490903       0.15863910558056232      0.1474291529945241       0.13667411704260976      0.12638921908752032      0.11658618247315468      0.1072732023219833       0.09845497441128458      0.09013277990891544      0.0823046213818279       0.07496540436607989      0.0681071579306451       0.061719287089589694     0.055788849615467595     0.05030084976662751      0.04523854163834173      0.04058373525068443      0.0363170990583564       0.03241845326999696      0.028867049157299384     0.025641830379195693     0.022721673208138067     0.020085603392687446     0.017712988196466106     0.015583702896046383     0.013678271681841032     0.011977983471745925     0.0104649836023132       0.009122342685627982     0.00793410407234894      0.006885311258962626     0.005962016038963941     0.005151266832088419     0.004441073594802694     0.003820339236075443     0.0032787337601476994    0.0028064584682175498    0.0023937867160053867    0.0020301397680586642    0.0017021875361478498    0.0013899004512784511    0.0010582992366679434    6.40185523860195E-4      0
% Data
% c (mol/m^3) @ t=0, u1=0.05, u2=0.03, u3=0.01
1                         -5.672732969867393E-8    3.441234106048097E-15    4.799069503581935E-20    8.009901849351582E-26    1.02362698256798E-31     1.1689697273466326E-37   1.254194200752813E-43    1.2931961592123734E-49   1.2971711273412447E-55   1.2750964098618704E-61   1.234131299349732E-67    1.1799489050911675E-73   1.1170108771031014E-79   1.0487944867291704E-85   9.74763907593137E-92     8.075745757073988E-98    6.656812813517269E-104   5.4630278096587E-110     4.465965940755946E-116   3.638348647067401E-122   2.9550243577126175E-128  2.393436454163007E-134   1.9337626820093242E-140  1.5588525672808533E-146  1.2540485171008707E-152  1.0069475257841593E-158  8.071403526063972E-165   6.459512023138289E-171   5.161915225324442E-177   4.10570796287075E-183    2.9196296763618986E-189  2.0737356327773936E-195  1.4712909261377958E-201  1.042782442594921E-207   7.383571564646772E-214   5.223264978180096E-220   3.691844513884502E-226   2.607303353780516E-232   1.8399493142483522E-238  1.2974901367133025E-244  9.143291625891661E-251   6.438971881709846E-257   4.531687605181693E-263   3.1874684420233496E-269  2.2407139434574216E-275  1.5743192231365815E-281  1.1055427630826361E-287  7.759691847267185E-294   5.443882816260902E-300   3.817482277203593E-306   2.67582258457E-312       1.88587E-318             0                        0                        0                        0                        0                        0                        0                        0                        0                        0                        0                        0                        0                        0                        0                        0                        0                        0                        0                        0                        0                        0                        0                        0                        0                        0                        0                        0                        0                        0                        0                        0                        0                        0                        0                        0                        0                        0                        0                        0                        0                        0                        0                        0                        0                        0                        0                        0
% Data
% c (mol/m^3) @ t=100, u1=0.05, u2=0.03, u3=0.01
1                         0.9656881255418693       0.9132847261449698       0.8415363060675431       0.7517145721656929       0.647912550273415        0.5366497779386603       0.4257612691537834       0.32283598463642926      0.233711593654425        0.161548181958181        0.10673965392508834      0.06753634666950949      0.0409922703684623       0.02383025802982918      0.01295281835724994      0.006508489154533819     0.0031722991622761       0.0015045506078196235    6.963497323632865E-4     3.153354835625451E-4     1.400460653917296E-4     6.112884607381787E-5     2.6274057208465168E-5    1.1139191365293608E-5    4.665354855358676E-6     1.9328753460191276E-6    7.930695369685522E-7     3.224731239643419E-7     1.2960153440960285E-7    4.987262518181615E-8     1.7924613017151348E-8    6.406413038435849E-9     2.2783070606537633E-9    8.066134256698729E-10    2.8442716877126123E-10   9.993139613086437E-11    3.4995329518318836E-11   1.2218821651707379E-11   4.254785584561788E-12    1.4779486591761074E-12   5.122317617023834E-13    1.771661891205576E-13    6.116105039119741E-14    2.1077223185255566E-14   7.251934863259046E-15    2.4914263300185246E-15   8.547560264013456E-16    2.928720485877086E-16    1.0022888467786067E-16   3.4262660889334E-17      1.1700201195484148E-17   3.991514034990715E-18    1.360440770376509E-18    4.632790059174674E-19    1.5763331181657547E-19   5.3593907486034345E-20   1.8208030092264225E-20   6.18169095353379E-21     2.097315685119902E-21    7.111263471238034E-22    2.4097356959897996E-22   8.161012094909929E-23    2.7623712369507683E-23   9.34531931980413E-24     3.1600233464939062E-24   1.0680210189417602E-24   3.608040465705756E-25    1.2183533954341003E-25   4.1123789178756613E-26   1.3875165412571452E-26   4.679669931800097E-27    1.5777228008262381E-27   5.317293900383108E-28    1.7914340990631197E-28   6.033462640279872E-29    2.0313893179831532E-29   6.837310499452401E-30    2.3006346155376706E-30   7.738995248626553E-31    2.6025569978358387E-31   8.749809790760623E-32    2.940921488442799E-32    9.882305830783685E-33    3.3199122743629875E-33   1.1150430767124272E-33   3.7441782479260793E-34   1.2569679198096296E-34   4.2188834074796854E-35   1.4157260581189665E-35   4.749762627550457E-36    1.5932284728682478E-36   5.343183312954459E-37    1.791596534354417E-37    6.006207953109008E-38    2.0131655554697682E-38   6.74602721517695E-39     2.2583551065388014E-39   7.497777127180314E-40    2.2833695052500113E-40   0
% Data
% c (mol/m^3) @ t=200, u1=0.05, u2=0.03, u3=0.01
1                         0.9920502256518626       0.9794166024423671       0.9608473538586468       0.935151007910455        0.9013459949758655       0.858822208747856        0.8074894107281934       0.747882580148298        0.6811946008907929       0.60921254471819         0.5341430972630096       0.45831929069669036      0.3837735574923097       0.31162421059575485      0.24112976868622332      0.17752002887790788      0.12735418928680403      0.08910623598576149      0.060861304016512685     0.04062181373701744      0.026523740491850398     0.016961174776991193     0.010634527557321187     0.006545100947826147     0.003958541387411875     0.0023552005102346657    0.0013795354937378842    7.952535577325357E-4     4.4876800349027165E-4    2.4072620793550974E-4    1.2160986623824859E-4    6.0774145492557155E-5    3.0073318653761047E-5    1.4748383230498906E-5    7.174259661814241E-6     3.4644147579207946E-6    1.6620153996579299E-6    7.926962212407861E-7     3.761328660597603E-7     1.7767100515958773E-7    8.359731197711473E-8     3.920213058881624E-8     1.833120255290464E-8     8.551445140506343E-9     3.981435127412508E-9     1.8507880367079396E-9    8.592850961961525E-10    3.9857482377509377E-10   1.8475038205915808E-10   8.559689644021518E-11    3.964666340849241E-11    1.8360973182294026E-11   8.503088968010175E-12    3.938127493529707E-12    1.824168042169571E-12    8.451296181231272E-13    3.916330693026245E-13    1.8152696278407202E-13   8.416123470656909E-14    3.902940443272102E-14    1.810412376672629E-14    8.399699003517961E-15    3.898020028491616E-15    1.809302589508105E-15    8.399576665260416E-16    3.900091774188835E-16    1.8111559017408898E-16   8.411880847219273E-17    3.907327426913513E-17    1.815137782384418E-17    8.432895819588534E-18    3.918104799692637E-18    1.820551335428406E-18    8.459667882811121E-19    3.9311864239332563E-19   1.8268833244716268E-19   8.490087309906682E-20    3.9457119558207795E-20   1.833785418150343E-20    8.522752999904684E-21    3.961121198847036E-21    1.8410348711437943E-21   8.556783804101541E-22    3.977067244763598E-22    1.8484957149398024E-22   8.591649035731941E-23    3.993343783381229E-23    1.8560880410736148E-23   8.627040212111952E-24    4.0098319368867385E-24   1.8637657199739736E-24   8.662767616917289E-25    4.0264269849181424E-25   1.8714105834319368E-25   8.696489282275661E-26    4.037666228597709E-26    1.8659012052393145E-26   8.41154162650106E-27     3.278771541872558E-27    0
% Data
% c (mol/m^3) @ t=300, u1=0.05, u2=0.03, u3=0.01
1                         0.9976714557832872       0.9939101715381136       0.9882216172990831       0.9800335228854964       0.9687128485234089       0.953593781063797        0.9340158821364833       0.9093685187112998       0.8791332604195904       0.8429094940023991       0.8003990639670681       0.7513113294311932       0.6951269737192315       0.630620792915108        0.5549797940179912       0.4738119998571023       0.3973920477294596       0.32744477748107365      0.26511354101556733      0.21096567122068227      0.16505348912074996      0.12701269248670494      0.0961783799826451       0.07170101020367634      0.05264894920527662      0.03808940015325324      0.027144097867308967     0.019019214803385927     0.013009802106664302     0.00847719653071699      0.0052557047915647494    0.0032198717238684613    0.0019505279470127508    0.0011690554342297056    6.93644761373247E-4      4.0765681439402916E-4    2.3742779191181126E-4    1.3710677439228533E-4    7.853733096130037E-5     4.4644831021144146E-5    2.5195393319401166E-5    1.412188844822936E-5     7.863991761516436E-6     4.3523083047834626E-6    2.3947573238933337E-6    1.310386123365111E-6     7.13273107793262E-7      3.863196047991803E-7     2.0824790002270412E-7    1.1175312493028185E-7    5.971452539333196E-8     3.177839476649254E-8     1.684614909037315E-8     8.89746065947468E-9      4.682778409016268E-9     2.4563156443247667E-9    1.2843239985732183E-9    6.694803558586312E-10    3.4796314069243437E-10   1.8035025920515982E-10   9.322689436681151E-11    4.806803903236198E-11    2.4723467473745957E-11   1.268658066618162E-11    6.4953718977899534E-12   3.31838986937822E-12     1.691812860913086E-12    8.60823927739878E-13     4.3716674651859505E-13   2.2160655889783784E-13   1.1213755049892071E-13   5.6647558061428215E-14   2.856934225151148E-14    1.4385802280115913E-14   7.232814316690135E-15    3.6311425901239754E-15   1.820389344615691E-15    9.113630620944248E-16    4.556641585159449E-16    2.275327034951938E-16    1.1347667478213563E-16   5.652631211965348E-17    2.812500730524048E-17    1.397811109405462E-17    6.939583172240923E-18    3.4416116780916834E-18   1.7050920451712227E-18   8.43926384625358E-19     4.1729655293376906E-19   2.0614873565675226E-19   1.017474857677355E-19    5.017462198893854E-20    2.4721133326967305E-20   1.2169329177017237E-20   5.984039986804023E-21    2.9364305070875144E-21   1.431104175055986E-21    6.768681040724354E-22    2.7348624597253973E-22   0
% Data
% c (mol/m^3) @ t=400, u1=0.05, u2=0.03, u3=0.01
1                         0.9992136213893805       0.9979332659488841       0.995969670222862        0.9930879288956939       0.9890036053415626       0.9833799645951949       0.9758257843909242       0.9658919380211192       0.953062683515203        0.9367337416346945       0.9161628605624028       0.8903681524794094       0.8579326540382485       0.8166464713459939       0.7628743612200599       0.6993382755069674       0.6333313961250939       0.5664325619664176       0.5001924502797653       0.4360416196285463       0.3752145799176743       0.31869552805719725      0.2671881813221182       0.221108776667607        0.18059817209904205      0.1455462741760909       0.11561962375992448      0.09028045290839909      0.06878204145030739      0.05011947124586176      0.03501039035735588      0.02415781223815142      0.016473634890670986     0.011106787292424605     0.007407049766187438     0.004888152800682761     0.0031934930773191966    0.002066244894242891     0.0013245213295256795    8.415075123292788E-4     5.300700271464995E-4     3.311562038181499E-4     2.0525751938420424E-4    1.2626064152590776E-4    7.71027831152873E-5      4.675521395775962E-5     2.81622470102699E-5      1.685372405934747E-5     1.0023623793377093E-5    5.925950786012466E-6     3.483334149121529E-6     2.036249403226119E-6     1.1840121546153828E-6    6.849474037741561E-7     3.942908977558059E-7     2.2589862820506528E-7    1.2883178780788917E-7    7.315044230907791E-8     4.1358426933534495E-8    2.32878701391437E-8      1.3061013342464809E-8    7.297349946618145E-9     4.062111835900675E-9     2.2531580943731534E-9    1.2454802090312915E-9    6.861789400535522E-10    3.768262723459897E-10    2.0629751122766677E-10   1.1260032935929128E-10   6.128019844864858E-11    3.3256435486726114E-11   1.7998851264854028E-11   9.715482017766214E-12    5.2308201594763574E-12   2.8092801264029924E-12   1.5051254409957358E-12   8.045147218138756E-13    4.290510326366331E-13    2.283107609644703E-13    1.2123107849921716E-13   6.423893252991933E-14    3.397073897756557E-14    1.7929104363464664E-14   9.444582654723584E-15    4.9659264584419426E-15   2.606351815701876E-15    1.3655327706168123E-15   7.14213180760429E-16     3.729321197835119E-16    1.9441361592912425E-16   1.011896944997761E-16    5.258650822218548E-17    2.728663818080838E-17    1.4136663063532766E-17   7.310400485998746E-18    3.768366563251457E-18    1.9250531109073796E-18   9.495178989410096E-19    3.9566798747301817E-19   0
% Data
% c (mol/m^3) @ t=500, u1=0.05, u2=0.03, u3=0.01
1                         0.9997201623193923       0.9992616185120425       0.9985504359031374       0.9974902358370938       0.9959570258696213       0.9937926987102058       0.9907962943837971       0.9867113140819821       0.9812059656429798       0.9738408278730101       0.9640144317124594       0.9508706942956141       0.9331414496879539       0.9088800086775228       0.8750137644825339       0.8324675453196024       0.7854365577350023       0.7346200896813437       0.6808664969315392       0.6251299702112842       0.5684199807157235       0.5117469702164409       0.45606766542547783      0.4022325080500544       0.35093602563365633      0.3026684386439944       0.2576632596882021       0.21583081485376984      0.1766610212501417       0.13906961746403362      0.10570251147759566      0.07944166127526313      0.0590579618454071       0.043444239266317505     0.03163478425973908      0.02281026090989709      0.01629221428822337      0.011530919295563654     0.008089628272649651     0.005627532325407145     0.003883051366716799     0.0026584692287914173    0.0018064576897539749    0.0012186877141338436    8.164937484181731E-4     5.434165334776226E-4     3.5937891275939675E-4    2.3622657724615476E-4    1.5437412321702413E-4    1.0032277130775246E-4    6.485001596394897E-5     4.1707017840684393E-5    2.6692934937624327E-5    1.7004666123034196E-5    1.0784941760688326E-5    6.811388979852683E-6     4.284587691022617E-6     2.68486376516976E-6      1.6763198760226482E-6    1.0430178836103721E-6    6.468490382569285E-7     3.999115148422296E-7     2.465162586173945E-7     1.5153616441789787E-7    9.29056206214582E-8      5.681802804510287E-8     3.466649356963434E-8     2.1104353767409946E-8    1.282121210816947E-8     7.773833701505355E-9     4.70481525678897E-9      2.8425029522753495E-9    1.7145809802138044E-9    1.0326648665406655E-9    6.210815687201376E-10    3.7305013003049854E-10   2.237971409333701E-10    1.3410598395194246E-10   8.027561411018062E-11    4.800590458926245E-11    2.868223970929685E-11    1.712256762326599E-11    1.0213872640002526E-11   6.088415730587739E-12    3.626898643511877E-12    2.1592709580695416E-12   1.2848169542178945E-12   7.641137069806907E-13    4.5423006444355966E-13   2.699051852167682E-13    1.6031578411341575E-13   9.518601674394875E-14    5.649036057775035E-14    3.350119678045773E-14    1.9834394833670152E-14   1.1686815751606092E-14   6.783183151418174E-15    3.7427137917030944E-15   1.689960162442958E-15    0
% Data
% c (mol/m^3) @ t=600, u1=0.05, u2=0.03, u3=0.01
1                         0.9999003449459748       0.9997358114034783       0.9994772390497834       0.9990846819974905       0.9985036867813123       0.9976600715310824       0.9964523693641807       0.9947405360158167       0.9923285794058999       0.9889372050807325       0.9841599958859489       0.9773924284762682       0.9677161622814872       0.9537098903135426       0.9331399907542389       0.9061473236936242       0.8749786830346974       0.839762304322153        0.8007583895191424       0.758351921798026        0.7130364852722086       0.6653889371752773       0.6160348793025021       0.5656045778963513       0.5146780952964165       0.4637166984614783       0.41297482832544435      0.3623827103182069       0.3113836202758462       0.2587013116384291       0.2087246384714548       0.16669977028397404      0.13182624629821704      0.10325107742812217      0.08011866847858891      0.06160838771279539      0.04696054042953022      0.03549218876622486      0.026604624046015428     0.019784399254776354     0.014599737398802477     0.010693915387819173     0.007776942687365339     0.00561655628521576      0.0040292715019854715    0.002871981924645554     0.0020344007440982735    0.0014324817049535055    0.0010028472585673267    6.981780185648479E-4     4.834737977618039E-4     3.330749735672519E-4     2.2832709123176738E-4    1.557760118270222E-4     1.0579130645413266E-4    7.152889357104089E-5     4.8157992085449585E-5    3.229097653947695E-5     2.1566913390933444E-5    1.4350082398903029E-5    9.513570418101749E-6     6.285158296235095E-6     4.1383855714461665E-6    2.7160890957168157E-6    1.7770904182745298E-6    1.1592564514815522E-6    7.540567033858399E-7     4.891375678778564E-7     3.164511759424451E-7     2.0420924694958933E-7    1.3145576513354147E-7    8.442289776331988E-8     5.409491599048042E-8     3.458643750274712E-8     2.2067059801590408E-8    1.4050991700252244E-8    8.929487452271078E-9     5.664152710357783E-9     3.5864332407042983E-9    2.266935519678644E-9     1.4305143963872062E-9    9.01257334339899E-10     5.669368008284042E-10    3.561019971417343E-10    2.2335296457842648E-10   1.398972572189145E-10    8.750813871796677E-11    5.466759403302828E-11    3.410929984198647E-11    2.125658739295364E-11    1.3231315811135655E-11   8.226155702032547E-12    5.107724670046979E-12    3.1660683056142023E-12   1.9567115333748234E-12   1.2011034160678135E-12   7.237290069227007E-13    4.1201742453222474E-13   1.9005356256966305E-13   0
% Data
% c (mol/m^3) @ t=700, u1=0.05, u2=0.03, u3=0.01
1                         0.999961548997718        0.9998975586255817       0.9997956016448969       0.999637879084858        0.9993988971497091       0.9990420218020153       0.9985142799899309       0.997738385319281        0.9966003259016467       0.9949298062287929       0.9924691287065522       0.9888233212401918       0.9833797957532932       0.9751784727269115       0.962701364617532        0.9458265480595981       0.925734726286263        0.9022996840215443       0.8754683950514275       0.8452657561268964       0.8117935014501689       0.7752216578114652       0.73577060910185         0.6936813078637041       0.6491702545393421       0.6023643723733154       0.5532085960183982       0.5013355603009549       0.4458818390872707       0.38522825887426415      0.3246915538138192       0.27114941649314084      0.22439547312504937      0.18406549764260524      0.14968233213041415      0.12069713163251532      0.09652527920464152      0.07657606332195731      0.06027585122127751      0.04708499673130428      0.03650907969152551      0.02810529335981525      0.021484895074588894     0.016312638993802118     0.012304044901468341     0.009221249208662973     0.00686805502879935      0.005084664474343403     0.0037424500759766287    0.002739010934426016     0.0019936666128815574    0.0014434687632205432    0.0010397560019804694    7.452393860971292E-4     5.3158119798077E-4       3.7741573788145974E-4    2.667547268375554E-4     1.877193872344644E-4     1.3154435689004726E-4    9.180380393368697E-5     6.381633508485591E-5     4.4191756974978655E-5    3.0488957249959397E-5    2.095982458263044E-5     1.4359079901934303E-5    9.804103751867896E-6     6.6723414681687795E-6    4.526711902611335E-6     3.0617184472228492E-6    2.064750157180149E-6     1.3884498812206393E-6    9.310918020643856E-7     6.227190656002347E-7     4.153991637967911E-7     2.764063439178627E-7     1.8347344510721313E-7    1.2149934220998467E-7    8.027524775528299E-8     5.292084754801925E-8     3.48127749632689E-8      2.2853118477401355E-8    1.4971817647058502E-8    9.789310307350448E-9     6.388567794582505E-9     4.161531496481888E-9     2.705980321111554E-9     1.7564686002146197E-9    1.1382085158866128E-9    7.363572428652969E-10    4.756162769002747E-10    3.0671434744174953E-10   1.974726115530745E-10    1.2691193106628313E-10   8.13741495081647E-11     5.197264117754913E-11    3.2916658706153094E-11   2.040616688176545E-11    1.1893743238258473E-11   5.574088869398193E-12    0
% Data
% c (mol/m^3) @ t=800, u1=0.05, u2=0.03, u3=0.01
1                         0.9999833739722418       0.9999554898234227       0.9999104697417233       0.999839579097433        0.9997298092542964       0.9995617035447437       0.9993059884291694       0.9989183045452172       0.9983308981053183       0.9974394270693759       0.9960818879083536       0.9940047992091261       0.9908087337831442       0.9858603299550258       0.9781498234563585       0.9675026873896417       0.9545486366804528       0.9390877972003971       0.9209474661134923       0.8999864750862698       0.876095954708177        0.8491947002678983       0.8192168132159273       0.7860885606501725       0.7496903567922182       0.7097982891284295       0.6659975056628791       0.6175568095155776       0.5632496615315555       0.5011010662159342       0.436557123239283        0.3771643964505928       0.3231812124557112       0.27468978506545905      0.23162099241734613      0.19378172295716017      0.1608828634290893       0.13256632355184267      0.10842986590868231      0.08804889473478587      0.07099472036615802      0.05684913307729441      0.04521537644612181      0.03572580056763506      0.02804660087494901      0.021880115698961363     0.016965174886297184     0.013075974088776062     0.010019905995773152     0.007634721009768281     0.005785324200197816     0.004360449408205418     0.003269389777327244     0.0024389096694252405    0.0018104173576938205    0.0013374414209862324    9.834259618986506E-4     7.198397064504907E-4     5.245805307377697E-4     3.806487378018929E-4     2.7505826231602714E-4    1.9795382302537561E-4    1.419029496412559E-4     1.0133403542963412E-4    7.20945324650799E-5      5.1106688814175086E-5    3.6101529467563426E-5    2.541491261194725E-5     1.7832336195795325E-5    1.2471671417382602E-5    8.69514521194361E-6      6.043695202393596E-6     4.188306076760229E-6     2.894142339495656E-6     1.9942580138246642E-6    1.370427554530089E-6     9.392394891300196E-7     6.420566725721143E-7     4.378016471378053E-7     2.977952178329841E-7     2.020797122875767E-7     1.3681063083898044E-7    9.241356082878132E-8     6.22868016861746E-8      4.189148112731424E-8     2.8115691577659545E-8    1.8831642987576652E-8    1.2588260109171268E-8    8.398478501877452E-9     5.592518383709999E-9     3.7169696077963726E-9    2.4655793696344023E-9    1.631906429148079E-9     1.0770051535920362E-9    7.073987584526053E-10    4.600573289166728E-10    2.9209894290644036E-10   1.7361123276450914E-10   8.243345257660032E-11    0
% Data
% c (mol/m^3) @ t=900, u1=0.05, u2=0.03, u3=0.01
1                         0.9999919420154242       0.9999783331391979       0.9999561015904506       0.99992055084299         0.9998644814171394       0.9997768144638285       0.9996404209370396       0.9994286782761814       0.9990999809343013       0.9985889499888219       0.9977923029910961       0.9965460657581757       0.9945887175020305       0.9915014415381767       0.9866110541840976       0.9797581479915838       0.9712876959139838       0.9610020669798992       0.9487039954299304       0.9341974206318397       0.9172856262306583       0.8977650875010328       0.8754128670794208       0.8499646339017846       0.8210793413833095       0.7882851831670143       0.7508995049978905       0.7079126967863664       0.6578224617195252       0.5983999146726224       0.5347221133782343       0.4742607915350602       0.41752840353047516      0.36489306747796607      0.31658508283733566      0.2727081069187034       0.23325376660033967      0.19811847552689774      0.16712130176921536      0.1400218674543079       0.11653743944410339      0.09635856839866228      0.07916283433361693      0.06462644529425242      0.052433601259125495     0.04228367120676879      0.033896334568704695     0.02701490935789652      0.021408130804846288     0.016870660636981134     0.013222603311146478     0.010308286855565113     0.007994537504746204     0.00616864340683661      0.004736166935472879     0.003618730275148085     0.002751866870834431     0.0020830032056368517    0.001569611754827615     0.0011775569539441452    8.796413736615069E-4     6.543485631240773E-4     4.8477164065453604E-4    3.577120727648133E-4     2.6293060229596465E-4    1.9253142937019526E-4    1.404610513476171E-4     1.0210424625008515E-4    7.3961232947188E-5       5.3391828087587234E-5    3.841427479075309E-5     2.754822460081623E-5     1.96930372940382E-5      1.4034080220953886E-5    9.971041055712268E-6     7.063412812985188E-6     4.989276382190786E-6     3.514308773918765E-6     2.4686032632368957E-6    1.7294202091423797E-6    1.2084136532528057E-6    8.42216614489739E-7      5.855331941351301E-7     4.060920121052605E-7     2.809748636757102E-7     1.9395661978068225E-7    1.3358533927269903E-7    9.180182891844049E-8     6.295067957977307E-8     4.3074236848703655E-8    2.9410247918277394E-8    2.0035556338306533E-8    1.361410718082656E-8     9.219134999228874E-9     6.207835923474595E-9     4.132894367038583E-9     2.6795474347937725E-9    1.619857568464112E-9     7.778174488539242E-10    0
% Data
% c (mol/m^3) @ t=1000, u1=0.05, u2=0.03, u3=0.01
1                         0.9999960634902163       0.9999893589699851       0.9999782526545573       0.9999601725560633       0.9999310626507454       0.9998845117071151       0.9998103582790803       0.9996924499739265       0.9995050338870516       0.9992069263929123       0.9987320726196126       0.9979742243857037       0.9967620182353982       0.9948183558874759       0.991694071418838        0.9872575658008076       0.9816939005721461       0.9748289692436106       0.9664748486840717       0.9564275739886118       0.9444625182530114       0.9303260051437826       0.9137212455383971       0.8942859694706652       0.8715581565084363       0.8449249631376576       0.8135481841853138       0.7762572027270119       0.7313971563753899       0.676615674684331        0.6164298391265801       0.5578451429878916       0.5014686491974029       0.44780658267051093      0.3972596412030744       0.3501227808542106       0.3065889483599602       0.26675609043205095      0.2306366870544052       0.19816903057612903      0.1692294978522477       0.14364512929616075      0.12120592523127863      0.10167638471971836      0.08480593413521788      0.07033801265318268      0.058017692069912925     0.047597803674784334     0.038843622215247585     0.03153621521503669      0.025474605547306906     0.02047691794456019      0.016380688544465165     0.013042513518229618     0.010337201272280954     0.0081565754494209       0.006408055440344123     0.00501311937903006      0.0039057332032072407    0.003030809433787049     0.0023427415832408816    0.0018040449230544446    0.0013841218388560114    0.001058160096575048     8.061648195738881E-4     6.121195422494527E-4     4.632680319434221E-4     3.495063267647425E-4     2.628733097797611E-4     1.9712785043416117E-4    1.4740085239194918E-4    1.099112554983293E-4     8.173599106869142E-5     6.0624963768180775E-5    4.485324152221665E-5     3.3103715378555586E-5    2.4374503632980535E-5    1.790629504653413E-5     1.3125643234133174E-5    9.600935772573009E-6     7.008370754554708E-6     5.105787684343576E-6     3.712628156893185E-6     2.6946549632290415E-6    1.9523464467646726E-6    1.412115924164969E-6     1.0196927794335368E-6    7.351504476403705E-7     5.291838867793897E-7     3.803312319113767E-7     2.7290612036792896E-7    1.954627950552388E-7     1.3965890160225287E-7    9.941360498014522E-8     7.028341065079838E-8     4.899655090077837E-8     3.310023734027548E-8     2.068435915950466E-8     1.0150840062535486E-8    0
% Data
% c (mol/m^3) @ t=1100, u1=0.05, u2=0.03, u3=0.01
1                         0.9999980419476974       0.9999946735313548       0.9999890025175828       0.999979582956572        0.9999640722362186       0.999938675083987        0.9998972412393858       0.9998297992989287       0.9997201711525405       0.99954208461324         0.9992528285777703       0.9987828796742992       0.9980189130060848       0.9967759281246873       0.9947514347828711       0.9918415086850225       0.9881426790148893       0.9835093302412383       0.9777756536772588       0.9707513394758763       0.9622149488964107       0.951903773810452        0.939498509931991        0.9246004223695024       0.9066978094431025       0.8851173951548258       0.8589546956205064       0.8269752645083559       0.787475827978361        0.7380903985178519       0.6827280101587178       0.6277405705960334       0.5737283443336493       0.521231322281296        0.4707192747167168       0.4225851745676637       0.37714193525034234      0.33462224673957536      0.2951811637167593       0.25890100550168715      0.2257980706843225       0.19583064858946744      0.16890782111737834      0.14489858650717127      0.12364089452366235      0.1049502534983238       0.08862764687660828      0.0744665745212749       0.06225910716789078      0.0518009075480283       0.04289522648168726      0.035355925564581545     0.029009609815781608     0.023696974474569598     0.019273481269687788     0.015609482495977463     0.012589907834727373     0.01011362074582316      0.00809254001622207      0.006450609042064583     0.005122681779697215     0.004053380898625895     0.00319597113782339      0.002511279618282427     0.0019666851269592588    0.001535190240505301     0.0011945835708553228    9.266942810378865E-4     7.167371823897727E-4     5.52744002763721E-4      4.25074621621175E-4      3.260010206317284E-4     2.4935623093186304E-4    1.9024052374774016E-4    1.447773649328547E-4     1.0991213358835448E-4    8.324720875492677E-5     6.290769346897132E-5     4.7432725833149866E-5    3.5687989340022746E-5    2.6795657689158095E-5    2.0078579554751598E-5    1.5016019524210007E-5    1.120872083291206E-5     8.35144497794535E-6      6.21147638524512E-6      4.611861898758335E-6     3.4183904559740764E-6    2.5295135695272895E-6    1.8685676435159634E-6    1.3777898358343468E-6    1.0137247552889946E-6    7.437038102001792E-7     5.431459653189916E-7     3.934808750775952E-7     2.8053509410654816E-7    1.9325094589515532E-7    1.2262661198692708E-7    6.077527798200589E-8     0
% Data
% c (mol/m^3) @ t=1200, u1=0.05, u2=0.03, u3=0.01
1                         0.999998912218645        0.9999970269282802       0.9999938150111979       0.9999884024295412       0.9999793479984264       0.9999642789773302       0.9999392934932683       0.9998979801981347       0.9998298087981191       0.999717485045728        0.9995325985846851       0.9992284518073732       0.9987282258164859       0.9979054201181397       0.9965514679085099       0.9945859959584435       0.9920589757250048       0.9888517349442849       0.9848236268247322       0.9798065484293117       0.9735971545636363       0.965945713351987        0.9565401273985698       0.9449830711919743       0.9307594189182626       0.9131900859643365       0.8913669850781359       0.8640618717524595       0.8295992413038138       0.7856798934279567       0.7356324071516485       0.6850963051924058       0.6346089862165717       0.584679704352281        0.5357783707048321       0.4883264535459071       0.44269016871300887      0.3991760274611063       0.3580286927322655       0.3194309929748069       0.2835058599839604       0.25031989660862974      0.21988824255731748      0.19218039121402264      0.16712661519485197      0.14462468013957744      0.12454656109176981      0.10674491967221124      0.09105914907997964      0.07732084412120543      0.06535860189242651      0.0550021030415154       0.046085462021880595     0.038449866465368035     0.03194555036385005      0.02643316331778321      0.021784609220374927     0.01788343320305185      0.014624836428443292     0.011915395391901638     0.00967255676840175      0.007823971424033713     0.006306722787605812     0.005066495998018237     0.0040567256146260555    0.003237751572055695     0.0025760057263468       0.002043244919455848     0.0016158410425955404    0.0012741340987822848    0.0010018506975099915    7.855876749059735E-4     6.143585187139993E-4     4.791988796283985E-4     3.728265603874366E-4     2.8935088954076035E-4    2.2402621576257645E-4    1.7304432061790936E-4    1.333607748809234E-4     1.0255060012901373E-4    7.868899902027777E-5     6.0253350167323794E-5    4.6043101357075E-5       3.5114619865131076E-5    2.672845855608587E-5     2.030686382729936E-5     1.5399682316321684E-5    1.1657116377261325E-5    8.80803423555251E-6      6.642761287896687E-6     4.99946679282702E-6      3.7534181051871717E-6    2.8085055833809784E-6    2.090548063452504E-6     1.5419736431870132E-6    1.117535117822968E-6     7.807645714573416E-7     5.008970419279373E-7     2.4999702415238524E-7    0
% Data
% c (mol/m^3) @ t=0, u1=0.05, u2=0.03, u3=0.03
1                         -5.672732969867393E-8    3.441234106048097E-15    4.799069503581935E-20    8.009901849351582E-26    1.02362698256798E-31     1.1689697273466326E-37   1.254194200752813E-43    1.2931961592123734E-49   1.2971711273412447E-55   1.2750964098618704E-61   1.234131299349732E-67    1.1799489050911675E-73   1.1170108771031014E-79   1.0487944867291704E-85   9.74763907593137E-92     8.075745757073988E-98    6.656812813517269E-104   5.4630278096587E-110     4.465965940755946E-116   3.638348647067401E-122   2.9550243577126175E-128  2.393436454163007E-134   1.933762682009324E-140   1.5588525672808533E-146  1.2540485171008704E-152  1.0069475257841593E-158  8.071403526063972E-165   6.459512023138289E-171   5.161915225324451E-177   4.1193523207888515E-183  3.2831857444405486E-189  2.6136518112117375E-195  2.0783535279443425E-201  1.650976852440015E-207   1.3102074436456933E-213  1.0388236634409653E-219  8.229421170562996E-226   6.513935898390891E-232   5.152093437973385E-238   4.072000481733281E-244   3.2161192792942695E-250  2.5384690034706387E-256  2.0023546716000092E-262  1.5785290884322735E-268  1.2437088329918136E-274  9.793787180091926E-281   7.708305716174199E-287   6.063918300838082E-293   4.768075022738871E-299   3.7474578178077587E-305  2.9440313644476E-311     2.311436E-317            2.5E-323                 0                        0                        0                        0                        0                        0                        0                        0                        0                        0                        0                        0                        0                        0                        0                        0                        0                        0                        0                        0                        0                        0                        0                        0                        0                        0                        0                        0                        0                        0                        0                        0                        0                        0                        0                        0                        0                        0                        0                        0                        0                        0                        0                        0                        0                        0                        0
% Data
% c (mol/m^3) @ t=100, u1=0.05, u2=0.03, u3=0.03
1                         0.9656881255418693       0.9132847261449698       0.8415363060675433       0.7517145721656929       0.647912550273415        0.5366497779386603       0.4257612691537832       0.3228359846364293       0.23371159365442504      0.16154818195818102      0.10673965392508836      0.06753634666950947      0.04099227036846229      0.02383025802982918      0.01295281835724995      0.006508489154533853     0.003172299162276219     0.0015045506078200618    6.963497323649064E-4     3.1533548356851496E-4    1.400460654136827E-4     6.112884615436492E-5     2.6274057503264418E-5    1.1139192441313396E-5    4.6653587710869715E-6    1.932889548647397E-6     7.931208628361291E-7     3.2265785605618217E-7    1.3026343176169132E-7    5.22323346361221E-8      2.0816603168546265E-8    8.251121950571902E-9     3.2545786008751568E-9    1.2781199805024002E-9    4.999587422439898E-10    1.9487234693582985E-10   7.571250855588094E-11    2.9330321399916954E-11   1.1332165181023993E-11   4.367748700547125E-12    1.6797366846878571E-12   6.446790793343835E-13    2.469652680878271E-13    9.444555225886208E-14    3.606094481854184E-14    1.3748438590629285E-14   5.2345082665932074E-15   1.990424209731295E-15    7.559614730703086E-16    2.867949142203792E-16    1.0869045251329883E-16   4.115164255876054E-17    1.556625010637107E-17    5.883082610777553E-18    2.2216269579152184E-18   8.3830486105085325E-19   3.1609334933602843E-19   1.1910438206749232E-19   4.4849165357855156E-20   1.6877547639817406E-20   6.347544634471997E-21    2.3859195530400327E-21   8.963358589053062E-22    3.3655903572251875E-22   1.263098202211268E-22    4.738136756250827E-23    1.7765659280314438E-23   6.658347291593122E-24    2.494425628029379E-24    9.341160787518942E-25    3.49674577988009E-25     1.3084784127255605E-25   4.894567982832828E-26    1.8302615109388068E-26   6.841766991141651E-27    2.556729890683244E-27    9.551414137613455E-28    3.567149691710425E-28    1.3318342131117442E-28   4.971166412785677E-29    1.8550245602962527E-29   6.920348918686244E-30    2.5810525454198E-30      9.624088812366891E-31    3.5877284097455293E-31   1.337148841081349E-31    4.982452373632836E-32    1.8561479820540783E-32   6.913385608873488E-33    2.5744253107190455E-33   9.584812554126248E-34    3.567821669679326E-34    1.3278257770507231E-34   4.940824250386981E-35    1.838134732883052E-35    6.836722030474025E-36    2.5404808092162106E-36   9.365308248206224E-37    3.172170504338246E-37    0
% Data
% c (mol/m^3) @ t=200, u1=0.05, u2=0.03, u3=0.03
1                         0.9920502256518625       0.9794166024423671       0.960847353858647        0.935151007910455        0.9013459949758658       0.8588222087478559       0.8074894107281939       0.7478825801482997       0.6811946008907979       0.6092125447182059       0.5341430972630605       0.4583192906968528       0.3837735574928294       0.3116242105974159       0.24112976869152777      0.1775200288935564       0.1273541893303619       0.08910623610555636      0.06086130434457438      0.04062181463253844      0.026523742928016684     0.01696118137847152      0.010634545366194402     0.006545148748084407     0.003958668956204151     0.0023555387972489243    0.0013804262197012317    7.975805619006228E-4     4.547950716400138E-4     2.561900670973544E-4     1.426998380228259E-4     7.86669559089872E-5      4.295816163526775E-5     2.3256494088929403E-5    1.2492024588632074E-5    6.662549126393623E-6     3.5308575469686867E-6    1.8605846168770788E-6    9.75504628766637E-7      5.091958244757506E-7     2.6476722229483733E-7    1.3721413122967732E-7    7.090923268887168E-8     3.655717536164742E-8     1.8809934823554934E-8    9.66291149812335E-9      4.957680079172404E-9     2.541121111413274E-9     1.3015432367169334E-9    6.663039389832308E-10    3.4099342446706716E-10   1.7447973359545074E-10   8.927344544918562E-11    4.567931974795359E-11    2.3375922947912365E-11   1.196445482763754E-11    6.1250266653176586E-12   3.1363450101590324E-12   1.6063692646094068E-12   8.229504356833967E-13    4.217030527788334E-13    2.1614261519574051E-13   1.108074388608831E-13    5.6817948853969806E-14   2.9139560917783294E-14   1.4946990393630183E-14   7.668145426010382E-15    3.934463662280185E-15    2.0189823020884843E-15   1.036155403597139E-15    5.318104296310053E-16    2.7297512838429586E-16   1.4012603448168236E-16   7.19349401851002E-17     3.6930273354381514E-17   1.8960224780996907E-17   9.734640892157775E-18    4.998151751217622E-18    2.5663145715148566E-18   1.3177089542434755E-18   6.766073850251182E-19    3.4742439345275274E-19   1.7839765074809729E-19   9.160565586610995E-20    4.7039101258211913E-20   2.4154534601229E-20      1.2403399574180735E-20   6.369198113742472E-21    3.270622189668764E-21    1.6794894794783214E-21   8.62432622343002E-22     4.428671854737839E-22    2.274156130146183E-22    1.1677653159569347E-22   5.995517850898884E-23    3.075751172594785E-23    1.571111391852826E-23    7.838425053541455E-24    3.392881794123876E-24    0
% Data
% c (mol/m^3) @ t=300, u1=0.05, u2=0.03, u3=0.03
1                         0.9976714557832888       0.9939101715381188       0.9882216172990977       0.9800335228855388       0.9687128485235292       0.9535937810641383       0.9340158821374491       0.9093685187140241       0.8791332604272495       0.8429094940238604       0.8003990640269818       0.7513113295978134       0.6951269741807413       0.6306207941880283       0.5549797975134444       0.4738120087391249       0.39739206885824657      0.32744482674403247      0.2651136547878609       0.21096593211414416      0.16505408335300467      0.12701403661877095      0.09618139842167348      0.07170773713644152      0.05266382134193098      0.038122004024837154     0.027214943591849765     0.019171727992366227     0.013334921442672112     0.009163165264263607     0.006224037746207141     0.004181288984807757     0.002779660610561267     0.0018295372262322807    0.001192818151579732     7.707213098888331E-4     4.937511176352532E-4     3.1375789414291174E-4    1.9785005953189445E-4    1.238519324502582E-4     7.699381265717362E-5     4.754974168842858E-5     2.9182632021998518E-5    1.7804160822928485E-5    1.0801114494373731E-5    6.517600174710841E-6     3.912858821441333E-6     2.337742661405217E-6     1.3902659149411255E-6    8.23179345569937E-7      4.853753741855054E-7     2.850583529116406E-7     1.6677991420091923E-7    9.722640640816105E-8     5.64842631337623E-8      3.270706667820529E-8     1.8879519278507004E-8    1.0865161296918754E-8    6.234974033073518E-9     3.5681284158120927E-9    2.036595594551454E-9     1.1595138872386983E-9    6.585665032461214E-10    3.731806113691672E-10    2.10996454446471E-10     1.1904375360972424E-10   6.702704994856621E-11    3.766520897594988E-11    2.1125664473822342E-11   1.1827455803504394E-11   6.61017401012602E-12     3.688104309600047E-12    2.054418775528799E-12    1.1426037272433374E-12   6.345229493083222E-13    3.5185769155736095E-13   1.9483934211960314E-13   1.0774496419505418E-13   5.950423513791323E-14    3.2820732098264875E-14   1.808073953693249E-14    9.948758248843083E-15    5.467927812857403E-15    3.0018817694571586E-15   1.6462520370424387E-15   9.018729397407283E-16    4.935764302648723E-16    2.69858835449833E-16     1.4740242542695028E-16   8.043969397574269E-17    4.385765389164498E-17    2.3891309200970366E-17   1.3003527525511068E-17   7.071348865890294E-18    3.84141003101343E-18     2.082752101796225E-18    1.1220606686131178E-18   5.87483629441582E-19     2.636993530272091E-19    0
% Data
% c (mol/m^3) @ t=400, u1=0.05, u2=0.03, u3=0.03
1                         0.9992136213895333       0.9979332659493911       0.995969670224269        0.9930879288994423       0.9890036053514191       0.983379964620952        0.9758257844579111       0.9658919381945529       0.9530626839622061       0.9367337427814348       0.9161628634901507       0.8903681599172693       0.8579326728373463       0.8166465186096992       0.7628744794004096       0.6993385496573624       0.6333319893305551       0.5664338139707703       0.500195059738188        0.4360470093172037       0.37522562142795907      0.318717965664481        0.26723340118399097      0.22119913572430852      0.18077714033960565      0.14589751785533842      0.11630248564637075      0.09159510537714904      0.07128759700231667      0.054845252349452034     0.041723339966548985     0.03139573024635096      0.02337510006974593      0.017225409733408217     0.012567862148834872     0.00908178696747082      0.006501901761191663     0.004613260175499386     0.003244970403581366     0.0022635111251191366    0.0015662250733704062    0.0010753561118778457    7.328248592708484E-4     4.958120112320563E-4     3.3313330217428223E-4    2.22338330512568E-4      1.474392044633671E-4     9.71665972636864E-5      6.365396108205927E-5     4.146039555389055E-5     2.685544423504692E-5     1.7302535324027502E-5    1.109046257196997E-5     7.073471527891454E-6     4.489890478731619E-6     2.836827876959408E-6     1.784411933573823E-6     1.1176091398947225E-6    6.970796250941368E-7     4.3304659118967985E-7    2.6798234855378304E-7    1.652167596762413E-7     1.0149227019109616E-7    6.21291047639066E-8      3.7904484596071546E-8    2.304981678962996E-8     1.3972423832829796E-8    8.443986179204436E-9     5.0878821529767115E-9    3.056897516482942E-9     1.8315463033073713E-9    1.094423513819763E-9     6.522576958867221E-10    3.877516455964281E-10    2.299438056001563E-10    1.3603638619056052E-10   8.02942039103806E-11     4.72866216779684E-11     2.778724348232224E-11    1.629418928919031E-11    9.535119700571492E-12    5.568659275571638E-12    3.2458639094992108E-12   1.8883752204720603E-12   1.0965966222074945E-12   6.356640027252905E-13    3.6783337253911313E-13   2.124894514184884E-13    1.2254781303305484E-13   7.056253313330051E-14    4.056586329605023E-14    2.3285258112033095E-14   1.3345826885448768E-14   7.637342962475242E-15    4.362795276019027E-15    2.4847934579475934E-15   1.403297078942638E-15    7.664403379329767E-16    3.549449506128267E-16    0
% Data
% c (mol/m^3) @ t=500, u1=0.05, u2=0.03, u3=0.03
1                         0.9997156087826955       0.9992497622502732       0.9985276771763685       0.997452076429279        0.9958981094350952       0.9937069784383448       0.9906773679373566       0.9865529616306191       0.9810029167067746       0.9735897665835538       0.9637152291074556       0.9505278325158802       0.9327655788604232       0.9084895541411302       0.8746364782175181       0.8321362992775725       0.7851809383851841       0.734465659234551        0.6808332248795397       0.6252323802630143       0.5686698848266531       0.512159972144465        0.4566752650882024       0.40310288390626164      0.3522088000929458       0.3046125153750502       0.26077302317722867      0.22098589156552634      0.18539032968776004      0.15398436674999097      0.12664583878695926      0.10315674957502359      0.08322871119117889      0.06652751091148074      0.052695314835505436     0.04136952645645477      0.032197804295208604     0.024849159317526865     0.01902137330764686      0.014445195489896324     0.010885892801656458     0.008142765115425157     0.0060472107636330465    0.004459860928422415     0.0032672126556416597    0.002378094564307632     0.0017202076319477741    0.0012369025789322396    8.8428877979169E-4       6.28718145554636E-4      4.4465015333054715E-4    3.1287923951673084E-4    2.1909077207855462E-4    1.5270438917300953E-4    1.0596146449369155E-4    7.321500744832826E-5     5.038398870483455E-5     3.453883024930374E-5     2.358986942738559E-5     1.6055517138088538E-5    1.0891300981976728E-5    7.364878973097076E-6     4.965390454662904E-6     3.33820137410972E-6      2.2382585747623353E-6    1.4969652240471432E-6    9.98803132505918E-7      6.649296263434601E-7     4.417309430936418E-7     2.928754265439326E-7     1.938230909157281E-7     1.2804951482757853E-7    8.445987808097149E-8     5.562514850446959E-8     3.658357580952278E-8     2.402919753797054E-8     1.5764214786227235E-8    1.0330589774535294E-8    6.762935760107106E-9     4.423218798367053E-9     2.890468445846403E-9     1.8873669929112534E-9    1.2314946303971032E-9    8.030166990802814E-10    5.233093838877763E-10    3.4084629437523183E-10   2.218948472511319E-10    1.443926909368495E-10    9.392291330441419E-11    6.107214180367035E-11    3.9698445969221576E-11   2.5796942818825122E-11   1.675752208959161E-11    1.0879423335543381E-11   7.05367434593263E-12     4.554679067083732E-12    2.9017411996449077E-12   1.7632252541694108E-12   8.819421432570154E-13    0
% Data
% c (mol/m^3) @ t=600, u1=0.05, u2=0.03, u3=0.03
1                         0.99989805104667         0.9997298240932639       0.9994656986430516       0.9990652179622961       0.9984734002271097       0.9976155697336567       0.9963898737472089       0.9946560861325556       0.9922183546669852       0.9887979829880339       0.9839897605580189       0.9771911373355138       0.9674866745726377       0.9534590646280311       0.93287998329114         0.9058964837221126       0.8747594487385425       0.8396005640397481       0.8006847087383079       0.758404909416212        0.7132698083532351       0.6658843060501921       0.6169246256538814       0.5671095226075047       0.5171696709476198       0.4678173635068607       0.4197185587826857       0.3734690117802759       0.32957578285590056      0.28844488680532193      0.25037528994455166      0.21555894795004368      0.1840861520315765       0.15595514842044092      0.13108482953558087      0.10932925975769478      0.0904928753625715       0.07434535855110377      0.06063539767527852      0.049102778798087214     0.03948848136800384      0.03154265344171119      0.025030507285145907     0.0197362989089512       0.015465635375022165     0.012046395836203795     0.009328562984722389     0.007183248658188008     0.0055011684737070665    0.004190782380406208     0.003176276526314561     0.0023955210048853784    0.001798100698764337     0.0013434842115000415    9.993694667051855E-4     7.402239629494688E-4     5.460224479401961E-4     4.011742019486316E-4     2.936253720641887E-4     2.1411804686909236E-4    1.5558624282753598E-4    1.1266903053206009E-4    8.132212144440743E-5     5.8510942523579577E-5    4.19702332401564E-5      3.0017284840273937E-5    2.140795774752901E-5     1.5226469778170142E-5    1.0801598194136587E-5    7.643365415502595E-6     5.3954843400249635E-6    3.799839831284771E-6     2.6700998240117973E-6    1.8722071235024857E-6    1.3100258917846925E-6    9.148280468909016E-7     6.376250033758084E-7     4.4359725950154815E-7    3.080634197539643E-7     2.1357384812375253E-7    1.478224533783297E-7     1.021512608418335E-7     7.048286680133344E-8     4.856063451312248E-8     3.340946773317665E-8     2.2954172206392455E-8    1.5750055191049773E-8    1.0793228289386574E-8    7.387350804095408E-9     5.0502330652940165E-9    3.448517041275174E-9     2.352083809896036E-9     1.6022832971616776E-9    1.0898161017172802E-9    7.393171005165654E-10    4.985326595121558E-10    3.305347684597944E-10    2.0771520007984273E-10   1.0632974024841526E-10   0
% Data
% c (mol/m^3) @ t=700, u1=0.05, u2=0.03, u3=0.03
1                         0.9999605621047393       0.9998949722036313       0.9997905821518341       0.9996293309868326       0.9993854276647385       0.9990219186660957       0.9984855118186954       0.9976986368270148       0.9965470833847871       0.994860512869343        0.9923814359094184       0.9887154750456714       0.9832512246390149       0.9750307027722299       0.9625395178353215       0.9456626606683942       0.9255893735670321       0.9022035353520791       0.8754670104200962       0.8454276434130711       0.8122235299846475       0.7760830651620275       0.737320552112245        0.6963274689829221       0.6535598104669288       0.6095222125022648       0.5647498037369366       0.5197888825608641       0.4751775790475202       0.4314276232381455       0.3890082120780288       0.3483327639695292       0.3097490964524693       0.27353328671251653      0.23988720413141745      0.2089394631851609       0.1807493519910037       0.1553131577004755       0.13257223817824582      0.11242217667423478      0.09472239391340326      0.07930566825914202      0.06598711599354462      0.05457229722811613      0.04486422702969747      0.03666917695385613      0.029801243031782002     0.024085728803475977     0.019361445086013822     0.015482062577146979     0.012316671231016018     0.009749704507250267     0.007680380307335796     0.006021796838416581     0.004699803637264435     0.0036517479335188806    0.0028251762908619972    0.0021765523734811605    0.0016700346057000018    0.0012763428908204517    9.717315863835477E-4     7.370765273310765E-4     5.570768271719336E-4     4.195671662024316E-4     3.1493295528455217E-4    2.3561880386770273E-4    1.7571980587802516E-4    1.3064500853932824E-4    9.684281290483145E-5     7.157878154859858E-5     5.275725136781268E-5     3.877915805701758E-5     2.8429495433820303E-5    2.0788804999610823E-5    1.5163986550497867E-5    1.1034522040420281E-5    8.010905842472832E-6     5.80267611349365E-6      4.1939499793945885E-6    3.0247883277616884E-6    2.1770640262089097E-6    1.5637905765231026E-6    1.1210963903425335E-6    8.022120855433113E-7     5.729825287645884E-7     4.0852881079808656E-7    2.9077392074857424E-7    2.0661459292298507E-7    1.465747733154474E-7     1.0381676029771429E-7    7.341703004939628E-8     5.183722008345135E-8     3.653840708448154E-8     2.569997694268453E-8     1.8013996281742333E-8    1.2532668817253364E-8    8.550419835633646E-9     5.50306940540538E-9      2.86317641417738E-9      0
% Data
% c (mol/m^3) @ t=800, u1=0.05, u2=0.03, u3=0.03
1                         0.9999830130976723       0.9999545403402829       0.9999086150257199       0.9998363917238762       0.9997247281880121       0.9995540128923533       0.9992948020175173       0.9989025635652798       0.9983093942394377       0.9974108730077313       0.9960450752630605       0.993958919278808        0.9907540069262993       0.985799229310854        0.9780894569439891       0.9674577202800355       0.9545437558073288       0.9391633485636327       0.9211677544653913       0.9004526591106851       0.8769660629570311       0.8507145677424136       0.821767597367872        0.7902591848397245       0.7563870899627163       0.7204091711025091       0.6826371061665593       0.6434277286754163       0.6031723996216457       0.5622849611149606       0.5211889026862979       0.4803044086365959       0.4400359427567251       0.40076096777548786      0.3628202980860691       0.3265104561522933       0.29207825806789395      0.2597177051622469       0.22956911856635576      0.20172033246023055      0.1762096666291806       0.15303033402422497      0.13213590510973405      0.11344644594174953      0.09685496703827297      0.08223385965810083      0.0694410489429176       0.058325653396894155     0.048733001873830464     0.04050891807393442      0.03350323513882777      0.027572547087818686     0.022582238484425428     0.018407858724495657     0.014935923288680299     0.012064232297314088     0.009701798129912237     0.007768470218046407     0.00619433784906978      0.004918982254281725     0.0038906385276764534    0.00306531693475046      0.002405922602221404     0.0018814028952804397    0.0014659432722944905    0.001138225191065535     8.807537440913488E-4     6.792580585361173E-4     5.221639917812952E-4     4.0013613732637466E-4    3.0568446859411823E-4    2.3282993180115597E-4    1.7682280631293808E-4    1.3390755102164225E-4    1.011280365056736E-4     7.616743287761902E-5     5.72175088430241E-5      4.28726420520493E-5      3.2044402496719236E-5    2.3893119934821612E-5    1.7773363477670248E-5    1.3190734690351747E-5    9.767798804303265E-6     7.2173501709819755E-6    5.321529074829155E-6     3.915580567950317E-6     2.875276302614765E-6     2.107212170284859E-6     1.5413527728999259E-6    1.1253230459118336E-6    8.200520469231609E-7     5.964578364587086E-7     4.329287000163113E-7     3.1340710242947945E-7    2.2592007761713184E-7    1.6142298828523576E-7    1.1282980625545097E-7    7.408450649869063E-8     3.906806693406438E-8     0
% Data
% c (mol/m^3) @ t=900, u1=0.05, u2=0.03, u3=0.03
1                         0.9999918150214987       0.9999779983096427       0.9999554453773055       0.9999194184262571       0.9998626681467113       0.9997740593982127       0.9996364068208927       0.9994230466451929       0.9990923794363006       0.9985791452738151       0.9977804240291985       0.9965331034236533       0.9945775240254499       0.9914987001345495       0.9866311239354968       0.979824602485738        0.9714350378180784       0.9612857682893549       0.9492115713989266       0.9350651338366232       0.9187235930048693       0.9000948434102238       0.8791232818089356       0.855794665237729        0.8301397780977242       0.8022366486256892       0.7722111198160145       0.7402356616508077       0.7065264051126531       0.6713384773075801       0.6349598137585977       0.5977037111140601       0.5599004543831201       0.5218884019395503       0.4840049353890123       0.4465776786578993       0.4099163623238134       0.3743056583923417       0.339999242293775        0.3072152588637209       0.2761332840449716       0.24689279043699572      0.2195930483465739       0.19429432922374232      0.1710202284311586       0.14976089078720672      0.13047690536935214      0.11310363452020164      0.09755575374003184      0.08373180140650877      0.07151856695667536      0.06079518021535769      0.05143680011794007      0.04331783573390542      0.03631466435517226      0.030307839137080246     0.025183801581605228     0.020836131729512354     0.017166381378749724     0.01408454337158408      0.01150921359872919      0.009367502575446102     0.007594751010460717     0.00613409944917664      0.004935956497977498     0.003957403903470511     0.003161570340194375     0.0025169995150450667    0.001997032386402593     0.0015792180894389628    0.0012447636483139707    9.780287715270245E-4     7.660689529526306E-4     5.98227689945064E-4      4.65776812672303E-4      3.616026159821225E-4     2.799346137392486E-4     2.1611321501355273E-4    1.6639237698347334E-4    1.2777325437525897E-4    9.786498240706337E-5     7.476895178512966E-5     5.6983221675941356E-5    4.332403946868352E-5     3.286177160001726E-5     2.4868881026302744E-5    1.8777902514702532E-5    1.4147659280884602E-5    1.0636229235846657E-5    7.979404051959845E-6     5.9735886403451974E-6    4.462262188369784E-6     3.325263846494361E-6     2.4702736473252857E-6    1.8259249341979012E-6    1.3359921863395613E-6    9.540143086022278E-7     6.374726310034959E-7     3.4011878339957227E-7    0
% Data
% c (mol/m^3) @ t=1000, u1=0.05, u2=0.03, u3=0.03
1                         0.9999956548335585       0.999988276876033        0.9999761161162043       0.9999564448029115       0.9999250017185135       0.9998751103200648       0.9997962736727501       0.9996719275731295       0.9994758358805989       0.9991662911641338       0.9986767615337592       0.9979007739589438       0.9966674380177043       0.9947017527834563       0.9915601489019632       0.9871243600915746       0.9815997416549177       0.9748404713638237       0.9667007151579654       0.9570385576518212       0.9457203251692078       0.9326251659493159       0.917649722236661        0.9007127052369343       0.881759168764764        0.8607642728251398       0.8377363357577691       0.8127189935446243       0.7857923171227321       0.7570727817606807       0.7267120345010658       0.6948944632733837       0.6618336308731465       0.6277676946069185       0.5929539840751101       0.5576629517404361       0.5221717407443182       0.4867576299730583       0.45169161683917697      0.4172323839908191       0.3836208686493748       0.35107561488576616      0.31978904294106425      0.28992471911949463      0.26161565834122763      0.23496364242266704      0.2100394933658045       0.18688420454896337      0.16551080513325483      0.14590681487610482      0.1280371377969384       0.11184724307380141      0.09726648898921536      0.08421145919637907      0.07258919839152214      0.06230025498983922      0.05324146005337348      0.04530839314948314      0.03839750592365463      0.0324078921285074       0.02724270812281289      0.02281026016322668      0.01902478410666506      0.015806949554501265     0.013084124267427328     0.010790436216895663     0.00886667031735093      0.007260035116534304     0.005923831906687618     0.004817055219499865     0.0039039497957636463    0.0031535451358384414    0.0025391848419950088    0.002038064307872751     0.0016307869946273115    0.001300946617338168     0.0010347400742787745    8.206138845583368E-4     6.489452357344907E-4     5.117574483064612E-4     4.0246869658134535E-4    3.156721396034466E-4     2.4694516556104186E-4    1.9268519419519457E-4    1.4996937361648984E-4    1.1643551441061006E-4    9.018169360157739E-5     6.968210725644395E-5     5.3716930754996315E-5    4.1314140749517765E-5    3.170144506050634E-5     2.426663793747778E-5     1.8524825234420225E-5    1.4091012300757427E-5    1.0656457706831059E-5    7.966862428628466E-6     5.799693010439184E-6     3.9363716751960805E-6    2.122049232299945E-6     0
% Data
% c (mol/m^3) @ t=1100, u1=0.05, u2=0.03, u3=0.03
1                         0.9999975136704796       0.999993272750902        0.9999862302370515       0.9999747295884432       0.9999561454720254       0.9999263082203897       0.9998785792785154       0.99980236232658         0.9996807003154424       0.9994863895608033       0.9991756847279112       0.9986780853452354       0.9978797419387576       0.9965964630126942       0.9945297579120157       0.9915912792703434       0.9879035141110986       0.9833536017855873       0.9778240886240646       0.9711950647472559       0.9633466906599272       0.9541620706242777       0.9435304080318704       0.9313503567526824       0.917533463110095        0.9020075771349415       0.8847201004627615       0.8656409328636028       0.8447649808611252       0.8221141007519838       0.7977383646564163       0.7717165615804282       0.7441558748888849       0.7151907116304042       0.6849806959687834       0.653707876432056        0.6215732325358839       0.5887925983693801       0.555592146969333        0.5222035981563302       0.48885932287506584      0.45578751847253274      0.4232076218819141       0.39132611207005874      0.36033283058333343      0.33039792122220946      0.3016694586775762       0.27427180335973417      0.24830468757868482      0.22384300843562147      0.20093727670522088      0.17961464969830918      0.15988046025767005      0.14172014391039367      0.12510146165578095      0.10997691646595667      0.09628626662762654      0.08395904770240871      0.0729170261892423       0.06307652098383905      0.05435054254703997      0.04665071351633598      0.039888947655654275     0.03397887602122103      0.028837019663895812     0.02438371687630947      0.020543819843870246     0.017247180600636007     0.014428949539679525     0.012029711561097323     0.009995485477017172     0.008277611768703237     0.006832552444934361     0.005621624810594603     0.004610688626151452     0.0037698036014830877    0.0030728715701080016    0.002497275150084105     0.0020235223038381138    0.0016349040220895836    0.0013171704144180438    0.0010582288087744366    8.478660465008572E-4     6.774959983186805E-4     5.399324016996454E-4     4.291864065368292E-4     3.40287685708509E-4      2.6912758896335695E-4    2.1232255901692265E-4    1.6709585033956314E-4    1.3117544849380408E-4    1.0270591993083446E-4    8.017163705371593E-5     6.232827121969138E-5     4.8138369813202866E-5    3.670477875172742E-5     2.7191828945868796E-5    1.871712294271692E-5     1.0183833687537683E-5    0
% Data
% c (mol/m^3) @ t=1200, u1=0.05, u2=0.03, u3=0.03
1                         0.9999984970221049       0.9999959246475332       0.9999916290914397       0.9999845649706743       0.9999730587229892       0.999954426999406        0.9999243599452191       0.9998759227648011       0.9997979367265154       0.9996723501134378       0.9994699633911722       0.9991434701241968       0.9986161160296164       0.9977631991217623       0.9963818651669324       0.9944076270437971       0.9919156259957689       0.988821203997851        0.9850338665730323       0.9804583184354756       0.974995796718278        0.9685456994675707       0.9610074944768612       0.9522828798424352       0.9422781534425074       0.9309067345962353       0.9180917682437989       0.9037687309445899       0.8878879496414527       0.8704169392345713       0.8513424641623613       0.8306722328175707       0.8084361419100371       0.7846870007200899       0.7595006821708223       0.7329756680977871       0.7052319790668645       0.676409503434923        0.646665764778847        0.6161731900035875       0.5851159610907077       0.55368655041369         0.5220820518927869       0.49050042734382526      0.45913678887489656      0.42817983413164273      0.3978085419518646       0.368189222230254        0.3394729964240987       0.31179376523057706      0.2852666987030634       0.25998726261918625      0.23603077436527986      0.213452462919033        0.1922879914640431       0.17255438830553066      0.15425132239163827      0.13736265396811906      0.12185818858774237      0.10769556356716076      0.09482219960692735      0.08317725614799483      0.07269353656644012      0.06329929793635625      0.05491992927503349      0.047479471435114884     0.04090196070903644      0.03511258642993012      0.030038660146937186     0.025610400164557484     0.02176154028758445      0.01842977549660911      0.015557060041712829     0.013089775174612664     0.010978784562954712     0.009179395483276082     0.007651243317174333     0.0063581158226548       0.005267732255296487     0.004351490794342955     0.003584195993254987     0.002943776210847868     0.002410999257702123     0.0019691928650230305    0.001603975084554596     0.0013029983776562852    0.0010557099529980806    8.531298532493759E-4     6.876473402503179E-4     5.528352276462514E-4     4.4328086075852576E-4    3.5443127724622077E-4    2.8244841034751365E-4    2.240675190814675E-4     1.7644747307941065E-4    1.3699355083852076E-4    1.0311933563615479E-4    7.188938166294744E-5     3.944027475876791E-5     0
% Data
% c (mol/m^3) @ t=0, u1=0.05, u2=0.03, u3=0.05
1                         -5.672732969867393E-8    3.441234106048097E-15    4.799069503581935E-20    8.009901849351582E-26    1.02362698256798E-31     1.1689697273466326E-37   1.254194200752813E-43    1.2931961592123734E-49   1.2971711273412447E-55   1.2750964098618704E-61   1.234131299349732E-67    1.1799489050911675E-73   1.1170108771031014E-79   1.0487944867291704E-85   9.74763907593137E-92     8.075745757073988E-98    6.656812813517269E-104   5.4630278096587E-110     4.465965940755946E-116   3.638348647067401E-122   2.9550243577126175E-128  2.393436454163007E-134   1.933762682009324E-140   1.5588525672808533E-146  1.2540485171008704E-152  1.0069475257841593E-158  8.071403526063972E-165   6.459512023138289E-171   5.161915225324459E-177   4.132991400769231E-183   3.685796586303176E-189   3.2830969057760374E-195  2.921159005925802E-201   2.5964282645773254E-207  2.3055511592491587E-213  2.0453879746139097E-219  1.813018100954762E-225   1.6057397365365234E-231  1.4210654461400563E-237  1.25671473255896E-243    1.1106045364592685E-249  9.808383833482693E-256   8.656947367077585E-262   7.636149871532422E-268   6.731914033889016E-274   5.93155287257002E-280    5.223655086134127E-286   4.597975430103109E-292   4.045330936782732E-298   3.557503469650888E-304   3.1271488546014E-310     2.74761205E-316          2.7E-322                 0                        0                        0                        0                        0                        0                        0                        0                        0                        0                        0                        0                        0                        0                        0                        0                        0                        0                        0                        0                        0                        0                        0                        0                        0                        0                        0                        0                        0                        0                        0                        0                        0                        0                        0                        0                        0                        0                        0                        0                        0                        0                        0                        0                        0                        0                        0
% Data
% c (mol/m^3) @ t=100, u1=0.05, u2=0.03, u3=0.05
1                         0.9656881255418693       0.9132847261449698       0.8415363060675431       0.7517145721656929       0.647912550273415        0.5366497779386603       0.4257612691537833       0.3228359846364293       0.23371159365442498      0.16154818195818102      0.10673965392508833      0.06753634666950947      0.040992270368462286     0.02383025802982918      0.01295281835724995      0.006508489154533878     0.003172299162276331     0.0015045506078204861    6.963497323664765E-4     3.1533548357430037E-4    1.4004606543495642E-4    6.112884623241055E-5     2.6274057788871835E-5    1.1139193483634946E-5    4.66536256358884E-6      1.9329033019281073E-6    7.931705552005932E-7     3.2283667010926533E-7    1.3090396922974446E-7    5.451527161803626E-8     2.380954498009257E-8     1.034452445032086E-8     4.473295596094637E-9     1.9262226950110558E-9    8.262806724785587E-10    3.53224014974902E-10     1.505272665873365E-10    6.396567012290588E-11    2.7111638258150183E-11   1.1464081535257484E-11   4.837089939527411E-12    2.0368898177717397E-12   8.561661808176225E-13    3.5926679246150227E-13   1.5052181012857174E-13   6.297299606164786E-14    2.6310318582987637E-14   1.0978792623483882E-14   4.575892764777447E-15    1.905120916071561E-15    7.923633434326031E-16    3.292367834950577E-16    1.3667816228954078E-16   5.669167422985277E-17    2.3495760098172894E-17   9.730357539010158E-18    4.026750287739112E-18    1.665265047638693E-18    6.882239089516254E-19    2.842547435628797E-19    1.173356874754471E-19    4.8407083779694676E-20   1.9959757209135047E-20   8.22582600413861E-21     3.3883746695215774E-21   1.3950830622523292E-21   5.741349111220991E-22    2.361788964690616E-22    9.711559558960246E-23    3.9917624604471177E-23   1.6401171944010742E-23   6.736368441939005E-24    2.7658171854817E-24      1.135202657818003E-24    4.657800889560457E-25    1.910517643045124E-25    7.834090040882809E-26    3.2114262649925165E-26   1.3160837633938152E-26   5.391993571052148E-27    2.208509838499442E-27    9.043512502725796E-28    3.702254769078311E-28    1.5152705033529374E-28   6.200289264800699E-29    2.536499069829948E-29    1.0374361135547229E-29   4.2422348901997204E-30   1.7343527473397785E-30   7.08911608591226E-31     2.8970843053913538E-31   1.1837143731730038E-31   4.8356147048788655E-32   1.9750468083867738E-32   8.065361155434454E-33    3.292823090525891E-33    1.3432278673983218E-33   5.439179684324878E-34    2.0302052405976477E-34   0
% Data
% c (mol/m^3) @ t=200, u1=0.05, u2=0.03, u3=0.05
1                         0.9920502256518628       0.9794166024423671       0.9608473538586468       0.9351510079104551       0.901345994975866        0.858822208747856        0.8074894107281942       0.7478825801483009       0.6811946008908024       0.6092125447182207       0.5341430972631082       0.4583192906970064       0.3837735574933206       0.31162421059898615      0.2411297686965416       0.17752002890834548      0.12735418937152088      0.08910623621872935      0.060861304654419676     0.040621815478061575     0.02652374522728463      0.016961187606152818     0.010634562157715554     0.00654519378980815      0.003958789077249429     0.002355857073600487     0.001381263473846684     7.997655495222464E-4     4.604474995892926E-4     2.706729691843568E-4     1.6356905809938017E-4    9.790291078527784E-5     5.8083800539646216E-5    3.4181843369080834E-5    1.9967413765583723E-5    1.1585832711926812E-5    6.681792278417174E-6     3.832549010192026E-6     2.187597349463259E-6     1.2432961217576238E-6    7.039440232825323E-7     3.972580029207967E-7     2.2355179143568773E-7    1.254988107453383E-7     7.031155982660777E-8     3.9327270328024294E-8    2.1967451410720842E-8    1.2257670211792175E-8    6.834193092820149E-9     3.8081310451784E-9       2.121106265520649E-9     1.1811541971229336E-9    6.576582174581808E-10    3.661747888733464E-10    2.0389498611537254E-10   1.1354850995090355E-10   6.324593585381738E-11    3.523492469254439E-11    1.963412980505713E-11    1.0943377034873738E-11   6.100885954181233E-12    3.4019987284645647E-12   1.89745296637464E-12     1.0585176626925484E-12   5.906213220275409E-13    3.296076369446694E-13    1.8397362223277883E-13   1.0270156479532794E-13   5.733965083922825E-14    3.201718324892115E-14    1.787949822164593E-14    9.985415939529962E-15    5.577128045842695E-15    3.1151874192848192E-15   1.7401345206571915E-15   9.720821541175765E-16    5.430520786207241E-16    3.0338604890580817E-16   1.6949736875191945E-16   9.469814723164554E-17    5.2908981025607115E-17   2.9561413068752496E-17   1.6516863024740872E-17   9.228591715595321E-18    5.156414961585558E-18    2.8811380521306106E-18   1.6098425543062988E-18   8.995085931557933E-19    5.026079460085089E-19    2.8083751272693654E-19   1.569214335652647E-19    8.768197463031693E-20    4.899342924049997E-20    2.737522019823023E-20    1.5294293699918556E-20   8.539332840975136E-21    4.750367348021729E-21    2.5868832690589922E-21   1.2301157355057156E-21   0
% Data
% c (mol/m^3) @ t=300, u1=0.05, u2=0.03, u3=0.05
1                         0.9976714557832901       0.9939101715381233       0.9882216172991118       0.9800335228855781       0.9687128485236405       0.9535937810644544       0.934015882138343        0.9093685187165446       0.8791332604343325       0.8429094940436924       0.8003990640823035       0.7513113297515353       0.6951269746061439       0.6306207953602464       0.5549798007291128       0.47381201690171004      0.3973920882534272       0.3274448719078303       0.265113758949661        0.2109661706142498       0.165054625707809        0.12701526127717472      0.09618414340306798      0.07171384219388993      0.0526772888112454       0.03815145757515356      0.027278776457552043     0.019308751746698927     0.01362610862592043      0.009775436641038679     0.007127154336435636     0.005146345880187271     0.0036817506893863663    0.002610662623218794     0.0018354976644427345    0.0012800465974675687    8.857769871578028E-4     6.084187562134315E-4     4.1496169211270383E-4    2.811141392943004E-4     1.8921823402331408E-4    1.265841808434966E-4     8.418927955885483E-5     5.5681903302687245E-5    3.663233904004205E-5     2.3978190498265057E-5    1.561967092440416E-5     1.0128110995049178E-5    6.538506177886775E-6     4.2034877858035705E-6    2.691567645636283E-6     1.7168952857310855E-6    1.0911888348479507E-6    6.911053755478044E-7     4.3625839135433406E-7    2.7451232376142544E-7    1.7221002590630206E-7    1.0771851917171702E-7    6.719105946333016E-8     4.1799660116250787E-8    2.593716172892844E-8     1.6054853505870744E-8    9.914431395235338E-9     6.108688241167236E-9     3.7556558409552045E-9    2.3041899632627195E-9    1.410849021237778E-9     8.621957772881849E-10    5.259276160976407E-10    3.2023652014486086E-10   1.9465658966633986E-10   1.1812665371880365E-10   7.157033900792745E-11    4.329614433835935E-11    2.6152894504947925E-11   1.577491382044598E-11    9.501937662315173E-12    5.7157808628121236E-12   3.433811910993179E-12    2.060314027647567E-12    1.234707054688873E-12    7.390687736989589E-13    4.4188805776745984E-13   2.639134545857758E-13    1.5745169988765906E-13   9.383909235840495E-14    5.587072846305597E-14    3.323241172741008E-14    1.9748255410013216E-14   1.1724566529924703E-14   6.954682648227432E-15    4.1217414502984296E-15   2.4407043020922733E-15   1.4440371612338463E-15   8.535263349044725E-16    5.036343505169589E-16    2.9553144014894846E-16   1.6897598537253887E-16   8.338958708159895E-17    0
% Data
% c (mol/m^3) @ t=400, u1=0.05, u2=0.03, u3=0.05
1                         0.9992136213896725       0.9979332659498528       0.9959696702255496       0.9930879289028497       0.9890036053603688       0.9833799646443113       0.9758257845185859       0.9658919383514346       0.953062684365977        0.9367337438157236       0.9161628661266413       0.890368166604051        0.8579326897083517       0.8166465609468366       0.7628745850530456       0.6993387942534708       0.633332517425355        0.5664349258426431       0.500197370978565        0.43605176936240714      0.3752353429102046       0.3187376551488389       0.26727294047489986      0.22127783855657446      0.180932371331752        0.14620079907764508      0.11688921713996087      0.09271868607075492      0.07341662531047706      0.05883559273399006      0.04759454943635315      0.03815608749006768      0.030319900958726657     0.02388494691121299      0.018656691658232326     0.014452564677241962     0.011105672601877867     0.008466946266491075     0.006405968154141312     0.004810760512671323     0.0035868141940398725    0.0026556145758980802    0.0019528830473284514    0.0014267084017916562    0.0010356981098792778    7.472389099210914E-4     5.359217686291863E-4     3.821589405582221E-4     2.710005074435527E-4     1.9114369032755563E-4    1.3411935907925915E-4    9.363537878881758E-5     6.505464737030916E-5     4.498594990863739E-5     3.0967316155009294E-5    2.1223832331774873E-5    1.448440590703044E-5     9.844529351192414E-6     6.6644620305356145E-6    4.494355055019188E-6     3.0196453160992696E-6    2.0215422769462964E-6    1.3486464855285791E-6    8.967057595353174E-7     5.942710947444216E-7     3.92596617743262E-7      2.585702561981197E-7     1.69793771233079E-7      1.1117717737688801E-7    7.259358325229916E-8     4.7272227096090764E-8    3.070253739665004E-8     1.989008525761109E-8     1.2853627119135056E-8    8.286529854522643E-9     5.329761120199728E-9     3.4202652936684887E-9    2.19006359021765E-9      1.3993468691187634E-9    8.922603776177157E-10    5.677802799850082E-10    3.6059147740344446E-10   2.2857050241586023E-10   1.4461613813415548E-10   9.133277841495781E-11    5.757986288944926E-11    3.623836637456782E-11    2.2768787344057537E-11   1.4282462430543973E-11   8.944912503981969E-12    5.593402393563244E-12    3.492358505018639E-12    2.177289826895335E-12    1.3553887151714707E-12   8.423308801270533E-13    5.220914689358601E-13    3.212124162023794E-13    1.9168506102615493E-13   9.767313394806229E-14    0
% Data
% c (mol/m^3) @ t=500, u1=0.05, u2=0.03, u3=0.05
1                         0.9997112817276996       0.999238470307399        0.9985059196244389       0.9974153999763723       0.9958410858092422       0.9936232873271058       0.9905600285391977       0.9863947579850302       0.98079705898858         0.9733308211041567       0.9634003323935107       0.9501581780672234       0.9323481271184808       0.908038863604966        0.8741764827766576       0.8316994870553666       0.7848017867721897       0.7341772397832009       0.6806648230022363       0.6252082983495983       0.5688103123506495       0.5124850706534042       0.4572141020094095       0.4039097487722241       0.3533910339304686       0.30637668811356294      0.26350068811876043      0.2253570509036663       0.1925832969921138       0.16599644653381795      0.14385899063397567      0.1237382814675113       0.10563128979037112      0.0894961764013806       0.0752576149695578       0.0628129444962017       0.05203870477046197      0.04279714437797889      0.034942355057988796     0.028325767551362128     0.02280083180155734      0.01822678918852371      0.014471519376517408     0.011413504890198737     0.00894300071256543      0.00696252411274765      0.005386793185177678     0.004142243792480519     0.003166246755810722     0.0024061332300389262    0.001818118936982114     0.0013661995290122613    0.0010210714899185865    7.591167823254435E-4     5.614755767294468E-4     4.132201155100099E-4     3.0263405851402645E-4    2.205953150957199E-4     1.6005606959684145E-4    1.1561108459598522E-4    8.3144049155689E-5       5.954138725010037E-5     4.2463260293241276E-5    3.0162246141949152E-5    2.134116717230456E-5     1.5042632667572085E-5    1.0563958129797582E-5    7.392162452842865E-6     5.1546856511717144E-6    3.582296892758415E-6     2.4813703727964725E-6    1.713299422005094E-6     1.1793068214922555E-6    8.093039480377306E-7     5.53766335056835E-7      3.778414386446835E-7     2.570977672272413E-7     1.7447361418511056E-7    1.1809746795497245E-7    7.973832537146718E-8     5.3708795709551684E-8    3.609204092764729E-8     2.4199204607804174E-8    1.6190129731374654E-8    1.0809243187037364E-8    7.202319633622846E-9     4.789812023894578E-9     3.1795882738353082E-9    2.1070151203025196E-9    1.3939509515741065E-9    9.207668990468118E-10    6.073136571184151E-10    4.0001002969204456E-10   2.63105638122986E-10     1.7277613743539004E-10   1.1312110765446149E-10   7.339867076026973E-11    4.5957750887392054E-11   2.4267661123404992E-11   0
% Data
% c (mol/m^3) @ t=600, u1=0.05, u2=0.03, u3=0.05
1                         0.9998934351850658       0.9997177541769492       0.9994423628780859       0.9990256899830018       0.9984115491429543       0.9975240584718322       0.9962602905968536       0.9944792598734308       0.9919849051810579       0.9884991545702568       0.9836185715515979       0.9767438539404238       0.9669645747912936       0.9528703959312101       0.9322419310274532       0.905240510180636        0.8741288313305684       0.8390438486496883       0.8002544192965447       0.7581577160378256       0.7132695384349266       0.6662097554315645       0.6176849851713063       0.568471557660071        0.5194028323640283       0.47136611430062947      0.42531583157669167      0.3823114518288715       0.3435910064535912       0.31069425502371567      0.2818679225513961       0.25423377321372104      0.22796164522259318      0.20319140137787478      0.180030461739852        0.15855272171069731      0.13879881980892245      0.12077763739958024      0.10446884717172694      0.08982628222214693      0.07678187460091733      0.06524991011098889      0.055131362149788476     0.04631809730154846      0.03869678451739732      0.03215238336273032      0.02657113077538835      0.021842986687628584     0.017863534313730705     0.014535359469107072     0.011768954428204775     0.009483205732279197     0.007605532736748872     0.006071745584778449     0.004825688907449597     0.0038187320922729445    0.0030091595502766705    0.002361506009373686     0.0018458732397193917    0.0014372563501104047    0.0011149002736105516    8.617005160022278E-4     6.63656773041624E-4      5.093836342420575E-4     3.8967921567024434E-4    2.9715009258162215E-4    2.2588920296450304E-4    1.7120232714108822E-4    1.2937818323661778E-4    9.749699235241503E-5     7.32724554416157E-5      5.4922358495998546E-5    4.106341334473556E-5     3.062639378157357E-5     2.2788100561644264E-5    1.6917155543329157E-5    1.2531065964376625E-5    9.262403079096576E-6     6.832299313414467E-6     5.029782945063376E-6     3.695740102155889E-6     2.71052339673472E-6      1.984418601340009E-6     1.4503397419422525E-6    1.0582532138359551E-6    7.70937254684868E-7      5.607682334005691E-7     4.072932305539197E-7     2.954023523605677E-7     2.1395675568329616E-7    1.547616696023335E-7     1.1179959391597538E-7    8.065877594877121E-8     5.810705320052308E-8     4.177170590736086E-8     2.9891664334216866E-8    2.11068535930675E-8      1.4233589439291389E-8    7.926454836459189E-9     0
% Data
% c (mol/m^3) @ t=700, u1=0.05, u2=0.03, u3=0.05
1                         0.9999579570532693       0.999888140541864        0.9997773094464698       0.9996066927810552       0.9993496829845414       0.9989684312146158       0.9984087210662511       0.9975921060275088       0.996403655088429        0.9946726035100573       0.9921414980717991       0.9884166478064256       0.9828881789283049       0.9746006737311663       0.9620435125462592       0.9451148517305921       0.9250209555344293       0.9016574251000186       0.8750002185373901       0.8451155413704174       0.8121675136561642       0.7764238530525005       0.7382603951170924       0.6981660128352336       0.6567504110181415       0.6147583766046842       0.5730953871979836       0.5328710450458756       0.4954686374079841       0.462651238215098        0.4328343116828773       0.4031398937849526       0.37376921471448643      0.34491978165466924      0.31678057389405556      0.28952754040847534      0.2633196015191554       0.23829532336649123      0.2145703905075535       0.19223595199184274      0.17135786419185195      0.1519768037192053       0.13410917962488855      0.11774873855257822      0.10286873130956001      0.08942449506492035      0.07735630170150756      0.06659232854326973      0.05705162098626205      0.048646935397492874     0.04128737285429524      0.034880737849018524     0.029335579226498543     0.024562891969168506     0.02047747701563033      0.016998971508786733     0.014052573490711033     0.011569493157906669     0.009487167647582107     0.007749278375352202     0.006305609699817921     0.005111785685897563     0.004128918492677807     0.003323197888340461     0.0026654469905505315    0.0021306648640826444    0.0016975723189583153    0.001348173309929601     0.0010673408462079867    8.424333307330811E-4     6.629447716496349E-4     5.201903253776736E-4     4.070271005368583E-4     3.1760902251170274E-4    2.471737713541888E-4     1.9185930197144222E-4    1.4854717884315173E-4    1.1472985659754265E-4    8.839906771039781E-5     6.795260128048084E-5     5.211694096887803E-5     3.988345082712836E-5     3.045603564674709E-5     2.320844334497699E-5     1.7649610596277763E-5    1.3395672620890474E-5    1.0147459587573562E-5    7.672483321657663E-6     5.790578228374884E-6     4.362499797575208E-6     3.280903468122102E-6     2.46322657451633E-6      1.8460759959850731E-6    1.3807801617670467E-6    1.0297844394408682E-6    7.635227141395836E-7     5.572085590785537E-7     3.864713451329398E-7     2.1947117927170277E-7    0
% Data
% c (mol/m^3) @ t=800, u1=0.05, u2=0.03, u3=0.05
1                         0.9999817170689017       0.9999511322523698       0.9999019632832422       0.9998249724618857       0.9997065441481326       0.9995265134234685       0.9992548122606477       0.9988462337240106       0.9982321829735603       0.9973075826282523       0.9959099614917922       0.9937859076177609       0.9905370679946472       0.9855330123715972       0.9777703876021103       0.9670928746736839       0.9541566399891935       0.938792147036208        0.9208706158680668       0.9003155253090143       0.8771145089085671       0.8513318126712001       0.8231217984448888       0.7927444130389774       0.7605841136668494       0.7271744558175873       0.6932314153846071       0.6596995295296754       0.6278160839268659       0.5991998116297884       0.5725177714123996       0.5452029009696707       0.5173938627153913       0.48924157277447144      0.46090648670255346      0.43255547616703316      0.4043584094661059       0.3764845674823832       0.34909903745387927      0.3223592289203483       0.2964116492632415       0.27138906106753025      0.2474081214343615       0.22456757622067353      0.20294705213870937      0.18260645896193833      0.1635859848732175       0.14590664206958007      0.12957129848709892      0.11456611580913752      0.10086230413982274      0.08841809975551959      0.07718087368651964      0.06708928472757349      0.05807539984013191      0.05006671672144795      0.0429880365202464       0.0367631483093885       0.03131630016009356      0.026573443851846564     0.022463250935076513     0.018917906758299154     0.015873696058107047     0.01327139880544434      0.011056518326787525     0.009179365470362001     0.0075950230068843735    0.006263213803026723     0.005148094844681929     0.004217997160792136     0.0034451293247800617    0.002805259674263948     0.0022773898399801188    0.0018434297257814165    0.0014878818146615907    0.0011975406435804268    9.612115207633672E-4     7.694510619610754E-4     6.143308908602037E-4     4.892248667909043E-4     3.88619446481162E-4      3.079462283617042E-4     2.4343533883788227E-4    1.9198807135192923E-4    1.510670538992221E-4     1.1860217428690019E-4    9.291051300016904E-5     7.262860208725088E-5     5.665542846888098E-5     4.410471645885953E-5     3.426514122555758E-5     2.656722098455441E-5     2.0555672897373268E-5    1.5865916470065075E-5    1.2202990240263873E-5    9.320002546865067E-6     6.990416664661254E-6     4.961779986682324E-6     2.8628751083733828E-6    0
% Data
% c (mol/m^3) @ t=900, u1=0.05, u2=0.03, u3=0.05
1                         0.9999912128278146       0.9999764108254978       0.9999523341064142       0.9999140458419336       0.9998540476428831       0.9997609000855489       0.9996170558098564       0.9993954336749311       0.999053972492783        0.9985269327299005       0.9977109520380819       0.9964426233650159       0.994462356917781        0.9913560291044657       0.9864606326675046       0.979634864415437        0.9712484356655907       0.9611405148290488       0.9491685225059147       0.9352175104952049       0.9192109508108333       0.9011231902689051       0.880993997245333        0.8589458664170381       0.835205063619605        0.8101277919763761       0.7842333424307942       0.7582466490837455       0.7331532835181368       0.7102705587696816       0.6885372627278451       0.6658424956333971       0.6422461302948662       0.6178226020338392       0.5926605871188867       0.5668622626977632       0.5405421435120346       0.5138255102108613       0.4868464640567907       0.4597456618876178       0.4326678020249204       0.4057589451953052       0.3791637634944921       0.3530228143514386       0.3274699351019865       0.3026298473224942       0.27861604904187726      0.2555290581968783       0.23345505329727217      0.21246493842516317      0.19261384062313056      0.17394102956723775      0.15647023314955474      0.1402103089687591       0.12515622125310158      0.1112902656651465       0.0985834807656805       0.08699718443653325      0.0764845759026717       0.06699234865946482      0.058462266042164195     0.05083265879374624      0.04403981223907527      0.03801921905690104      0.03270668173197392      0.028039256232079996     0.023956035046737677     0.020398773293414506     0.01731236607283259      0.01464518863627017      0.012349313269389057     0.010380618194763654     0.008698804371846884     0.0072673359660909605    0.00605331960987832      0.005027336523933408     0.004163240235473201     0.0034379311302209794    0.0028311175041499724    0.0023250712141164747    0.001904384523518147     0.0015557333426019348    0.0012676508013718633    0.0010303139821140484    8.353456839814277E-4     6.756322911269485E-4     5.451581588828112E-4     4.38856403295898E-4      3.524755536544268E-4     2.824611670882498E-4     2.2585114096288208E-4    1.8018295858065946E-4    1.4341018253925925E-4    1.138235430872617E-4     8.996755940601419E-5     7.053364107696977E-5     5.418798244985181E-5     3.924140591354297E-5     2.2952990794036194E-5    0
% Data
% c (mol/m^3) @ t=1000, u1=0.05, u2=0.03, u3=0.05
1                         0.9999953823683719       0.999987557193805        0.9999747010349385       0.9999539902831919       0.9999210413731616       0.9998690255754266       0.9997872627377199       0.9996589782087835       0.9994577125050077       0.999141557610581        0.9986438816852771       0.9978583728138732       0.996614883101597        0.9946403632368261       0.9914956185360053       0.9870704367519492       0.9815812642463431       0.9748983433101542       0.9668990844841971       0.957474888024462        0.9465395053213025       0.9340392279137183       0.9199652908772084       0.9043690104306434       0.8873803466862678       0.8692307934065311       0.8502817457240532       0.8310597771258728       0.8123005545525509       0.7950034117634177       0.7783594209997813       0.7607308358093605       0.742121537424346        0.7225457115161469       0.702028638757174        0.6806072954762822       0.6583307239082988       0.6352601369433347       0.6114687300891208       0.5870411833200035       0.5620728471678595       0.5366686202208807       0.5109415384219177       0.48501110941572384      0.4590014368935302       0.4330391896902469       0.4072514776876947       0.38176370091682876      0.35669743938457715      0.3321684490455969       0.30828482417900077      0.28514537859050715      0.26283828807307447      0.2414400250641858       0.22101460413167723      0.20161314450134116      0.18327374396146331      0.16602164770864353      0.14986968648618257      0.13481895102764743      0.120859664530905        0.10797221169428109      0.09612828166823145      0.0852920829345212       0.07542159036627842      0.06646978824260179      0.05838587746248874      0.0511164202950231       0.04460640140406106      0.038800189316664714     0.03364238772862187      0.02907857086945033      0.025055901445494633     0.02152363335395003      0.01843350436828096      0.015740026330488474     0.013400682073534839     0.011376039387641573     0.00962979290377116      0.008128744873281841     0.006842735555821388     0.005744533368836801     0.004809694178069984     0.004016398188066802     0.0033452718840183055    0.0027792014274457166    0.0023031428477421814    0.0019039333035111346    0.0015701065720889488    0.0012917146365020846    0.0010601554695663673    8.68004167000574E-4      7.088389005742036E-4     5.770413094531005E-4     4.675253401299325E-4     3.7529249878027E-4       2.9458836187803706E-4    2.1716473646867968E-4    1.2855858975029807E-4    0
% Data
% c (mol/m^3) @ t=1100, u1=0.05, u2=0.03, u3=0.05
1                         0.9999973911729224       0.9999929490010351       0.9999855931639207       0.9999736238214932       0.9999543612591383       0.9999235707407438       0.9998745418166287       0.999796610641194        0.9996727829939545       0.9994759033625643       0.9991624707628822       0.9986626422478061       0.9978640558678997       0.9965856276369146       0.9945350764422513       0.9916316858125576       0.988006697043291        0.9835628570149099       0.9782051290206571       0.971845436532005        0.9644087298557831       0.9558406383644864       0.9461170325757744       0.9352558976988254       0.9233320145587833       0.910495054840665        0.896991822958382        0.8831935110252537       0.8696289666205337       0.8570250900666754       0.844785457713873        0.831690665756466        0.8177162704658606       0.8028431155567239       0.7870582441685633       0.7703557906430911       0.7527378228842222       0.734215104010712        0.7148077411307455       0.6945456895942653       0.6734690831567243       0.6516283641748598       0.629084193207737        0.6059071240638019       0.5821770381604529       0.5579823406959064       0.5334189301492112       0.5085889615521713       0.48359943233207336      0.4585606268431381       0.4335844615788838       0.40878277716281686      0.3842656253334623       0.3601395991749078       0.3365062528236554       0.31346065295391395      0.2910900987587237       0.2694730402393426       0.2486782167834432       0.22876402967605583      0.20977815376845996      0.19175738542626172      0.17472771643790203      0.1587046170735975       0.14369350615205656      0.12969038192850268      0.1166825849144984       0.10464966235736396      0.0935643039616753       0.08339331939433313      0.07409863000859977      0.0656382498595281       0.05796723426251293      0.05103857767014786      0.04480404632455792      0.03921493481730851      0.03422273921645389      0.02977974268791419      0.025839512462668933     0.02235730952667138      0.019290414506944416     0.016598374887082632     0.014243179917910876     0.012189370415575926     0.01040409108489361      0.008857093086815399     0.007520694271309        0.006369703732529122     0.005381315858786642     0.004534976234026911     0.0038122162142045584    0.0031964416934120755    0.0026726378301693355    0.002226900908589127     0.0018455999879705314    0.0015137377610566472    0.0012115789233286198    9.075391831698885E-4     5.43025670295884E-4      0
% Data
% c (mol/m^3) @ t=1200, u1=0.05, u2=0.03, u3=0.05
1                         0.999998443543504        0.999995783766009        0.9999913535293814       0.9999840913615925       0.9999723062149821       0.9999532996564233       0.9999227579118429       0.9998737719029868       0.999795255306171        0.9996693875974317       0.9994674766678368       0.9991432580310764       0.9986220340559675       0.9977830592919517       0.9964309565085776       0.9945084564959824       0.9920974793195549       0.9891279286028842       0.9855299231661149       0.9812370363775623       0.9761905618773523       0.9703450192793762       0.9636751535244367       0.9561847285810301       0.9479174700563615       0.9389705709581975       0.9295112379616717       0.91979681784116         0.9101990985066689       0.9012334164559189       0.8924707214008976       0.8830288864089167       0.8728744522070087       0.8619757080893484       0.8503033429492567       0.8378311423858532       0.8245367202842424       0.8104022702615286       0.7954153195052955       0.7795694649768343       0.7628650698873597       0.7453098969578873       0.7269196544027996       0.7077184309647263       0.6877389977634122       0.6670229572398755       0.6456207230543811       0.6235913193426071       0.6010019930946936       0.5779276393842877       0.5544500454794203       0.5306569662216649       0.5066410491576332       0.48249863344550137      0.4583284512616209       0.43423026406355447      0.4103034684488758       0.3866457073746763       0.36335152213586275      0.340511078780288        0.31820899967466587      0.2965233268968543       0.2755246392352331       0.25527533907518934      0.23582911961339903      0.21723061693034326      0.19951524572348392      0.18270921218366984      0.16682969277427676      0.1518851636909946       0.13787586263728238      0.12479436229582622      0.11262623351417765      0.10135077571701093      0.09094179233813479      0.08136839003616644      0.07259578200390186      0.06458607767765634      0.05729904347064466      0.05069282166810127      0.0447245972130044       0.03935120467162487      0.03452967009874096      0.0302176847281535       0.026374009289034977     0.0229588091424442       0.019933921079724703     0.017263051994689596     0.014911906620225429     0.012848233737210937     0.011041762673492992     0.009463963795370216     0.008087485356368634     0.006884946578989147     0.005826402265653765     0.004874025532108709     0.003970938148290271     0.0030177238597221875    0.0018230529405077016    0
% Data
% c (mol/m^3) @ t=0, u1=0.05, u2=0.05, u3=0.01
1                         -5.672732969867393E-8    3.441234106048097E-15    4.799069503581935E-20    8.009901849351582E-26    1.02362698256798E-31     1.1689697273466326E-37   1.254194200752813E-43    1.2931961592123732E-49   1.2971711273412448E-55   1.2750964098618705E-61   1.2341312993497328E-67   1.179948905091168E-73    1.1170108771031017E-79   1.0487944867291721E-85   9.77979998613279E-92     9.066049837963993E-98    8.361911425132653E-104   7.678482961521756E-110   7.02359443838944E-116    6.402501374442352E-122   5.818448902477358E-128   5.273128827616652E-134   4.767048505888183E-140   4.2998272207381695E-146  3.870433081180624E-152   3.4773712461744652E-158  3.1188324258909196E-164  2.7928090631714006E-170  2.497185308263383E-176   2.2151355953072693E-182  1.5752073934221643E-188  1.1188225881034053E-194  7.937877513899014E-201   5.625973375527337E-207   3.983535481700152E-213   2.818010466793508E-219   1.9917846556554642E-225  1.4066597706255563E-231  9.926633017359835E-238   7.000013033577647E-244   4.9328294434101316E-250  3.473832414738178E-256   2.4448440596892482E-262  1.7196339569548784E-268  1.2088586002077648E-274  8.493386786980635E-281   5.964344350345948E-287   4.186303769458357E-293   2.936933888926842E-299   2.0594990996181945E-305  1.4435808672963E-311     1.001439E-317            4.9E-324                 0                        0                        0                        0                        0                        0                        0                        0                        0                        0                        0                        0                        0                        0                        0                        0                        0                        0                        0                        0                        0                        0                        0                        0                        0                        0                        0                        0                        0                        0                        0                        0                        0                        0                        0                        0                        0                        0                        0                        0                        0                        0                        0                        0                        0                        0                        0
% Data
% c (mol/m^3) @ t=100, u1=0.05, u2=0.05, u3=0.01
1                         0.9656881255471028       0.9132847261683884       0.841536306162502        0.7517145725442032       0.647912551767426        0.5366497837769435       0.42576129171666627      0.3228360707569088       0.23371191782487977      0.16154938332257385      0.10674402926030403      0.06755197460372793      0.04104689376284265      0.02401663424805345      0.013571978958974268     0.0074299965680599276    0.003952083766652611     0.002048181267133241     0.0010369245665156812    5.140507894065343E-4     2.500912661635146E-4     1.1964373530148293E-4    5.638472045870742E-5     2.6218930832078407E-5    1.2047006118380135E-5    5.476615261940531E-6     2.4659469051975465E-6    1.1001479991608291E-6    4.837554063748203E-7     1.975224256161351E-7     7.11136856870296E-8      2.5455606708921856E-8    9.065108974061734E-9     3.2133293418942784E-9    1.1343182219260363E-9    3.989256133190745E-10    1.398248530144379E-10    4.88597610251386E-11     1.702610588484359E-11    5.918128916187565E-12    2.0523627615126924E-12   7.102463743915851E-13    2.4531504484398036E-13   8.45797460999029E-14     2.911354945302636E-14    1.0006075339924692E-14   3.4341554270341364E-15   1.1770816845536373E-15   4.029604388219958E-16    1.3779146877490276E-16   4.7067164563143695E-17   1.6061211954245512E-17   5.47557056103934E-18     1.865070181777548E-18    6.34742572696163E-19     2.1585237797255822E-19   7.334851099052319E-20    2.490680754640765E-20    8.451871144250071E-21    2.8662249627418192E-21   9.714127274254013E-22    3.290379232027148E-22    1.1139057407427167E-22   3.768965186315481E-23    1.2746095240905079E-23   4.308469611362485E-24    1.4556891249489043E-24   4.916118039708838E-25    1.6595557676132487E-25   5.599956310893878E-26    1.8888940038315862E-26   6.368940948334767E-27    2.14669179520931E-27     7.233039285432417E-28    2.436273837653248E-28    8.203340372900178E-29    2.7613384710308586E-29   9.292177808308193E-30    3.1259985533554837E-30   1.051326574870318E-30    3.534826718586555E-31    1.1881849499204528E-31   3.992905480972982E-32    1.3414872216049041E-32   4.5058826972106876E-33   1.513115942310786E-33    5.08003295100672E-34     1.7051623217980047E-34   5.722325483409409E-35    1.9199488237352732E-35   6.440499351200127E-36    2.1600541467196276E-36   7.243145897313971E-37    2.428338574295475E-37    8.13972328226382E-38     2.7277147260173104E-38   9.131942844433611E-39    3.031953393843259E-39    9.233833038482619E-40    0
% Data
% c (mol/m^3) @ t=200, u1=0.05, u2=0.05, u3=0.01
1                         0.9920263987459036       0.9793573937139264       0.960742440413424        0.9349945468230983       0.9011403496323827       0.858581457038037        0.8072420717460601       0.7476739957159009       0.6810920728050331       0.609322103635201        0.534658558987149        0.45964807020472637      0.3868318919266962       0.3184910180825734       0.2564375862665978       0.2018851352262557       0.15541155277371288      0.117008139967558        0.08619219180046137      0.06215263791181823      0.043899052449261844     0.030391421083521896     0.020637900817932375     0.013757184301862287     0.009008959307755101     0.005799676630799976     0.003671734842787336     0.002282979299047337     0.0013805687334639603    7.682181475663806E-4     3.8374630248590185E-4    1.889824705554417E-4     9.182549938097105E-5     4.405471031782209E-5     2.0883787167420933E-5    9.788001110872184E-6     4.5384496691916235E-6    2.083018291059372E-6     9.468423389588318E-7     4.2645498019715843E-7    1.9040468290837275E-7    8.430941527612827E-8     3.7037506791252795E-8    1.6148671994922712E-8    6.990581203177742E-9     3.0054792026580188E-9    1.2837249231270198E-9    5.448961748312979E-10    2.2990970987628535E-10   9.645259013630189E-11    4.0242809218444604E-11   1.6702414991649886E-11   6.897314221454353E-12    2.834513190333652E-12    1.1594654126253638E-12   4.721680004603033E-13    1.9145605810561536E-13   7.731182311704473E-14    3.10952249950066E-14     1.2458787627292691E-14   4.973386736940167E-15    1.9782451508323226E-15   7.841761790542051E-16    3.0981640643460453E-16   1.220117032869231E-16    4.790177610780299E-17    1.8749916061446885E-17   7.317910400581161E-18    2.8481011515588342E-18   1.1054598353763893E-18   4.279437675967616E-19    1.6524256600353E-19      6.364765471464058E-20    2.4456845309243576E-20   9.375770133439809E-21    3.586175773019139E-21    1.3686824199377299E-21   5.212517444341349E-22    1.9810351522610456E-22   7.513836358067269E-23    2.8443316796183795E-23   1.0746593438037006E-23   4.0528048772451754E-24   1.5256546356543005E-24   5.73314580826805E-25     2.1507292386417493E-25   8.054777266451258E-26    3.0117208943938837E-26   1.1243123375321549E-26   4.190707415431237E-27    1.5596683089825912E-27   5.796122300615681E-28    2.1508910574017804E-28   7.970558343619226E-29    2.9495472186806675E-29   1.0898584616701745E-29   4.016345482765288E-30    1.4616024264991014E-30   4.803188562619211E-31    0
% Data
% c (mol/m^3) @ t=300, u1=0.05, u2=0.05, u3=0.01
1                         0.9976390736473343       0.993828345372079        0.9880724541808796       0.9798018644063756       0.9683918009938071       0.9531929031559716       0.933573610253063        0.9089725623663681       0.8789572838664061       0.8432834312318299       0.8019473439792938       0.7552239939892728       0.7036830631485566       0.648177966439152        0.589806036341868        0.5298422949281191       0.46965346640779004      0.41060221013496073      0.353953199822047        0.30079223178387504      0.2519671164478849       0.2080552710330072       0.1693585396456182       0.1359216486387763       0.10756734954914644      0.08393855769090287      0.06453449226316117      0.048721050248071975     0.035679078840043676     0.024214343723144446     0.015107135427964437     0.009296158701527123     0.0056461562226487955    0.0033871111459156116    0.0020082437623261977    0.0011775564551641702    6.832484850892505E-4     3.925062921890545E-4     2.2336324761913467E-4    1.2597591726797098E-4    7.044914520790881E-5     3.908109262817886E-5     2.1514940853541134E-5    1.1758874281217792E-5    6.382687696063454E-6     3.441952297796365E-6     1.844642384434512E-6     9.827890309090071E-7     5.206865675499064E-7     2.7439771538340183E-7    1.4387524065992277E-7    7.50758422554742E-8      3.8996366427174245E-8    2.01675654824064E-8      1.0386723847253045E-8    5.328253728509355E-9     2.7230347393445233E-9    1.3866275382350391E-9    7.036830110255803E-10    3.5593711593778715E-10   1.7947879670746663E-10   9.023144744332403E-11    4.523406221252007E-11    2.2614712655966077E-11   1.1276813789164375E-11   5.609199815286621E-12    2.783436572547556E-12    1.3780722752955187E-12   6.807928124408257E-13    3.3562177677433927E-13   1.6512597049611847E-13   8.108615001140171E-14    3.974460522172181E-14    1.944654114007108E-14    9.498829139025126E-15    4.632235795690769E-15    2.2554438926465904E-15   1.0965305828343622E-15   5.323314329297707E-16    2.580715915027367E-16    1.249447362429347E-16    6.041395645477252E-17    2.917554642120935E-17    1.4072881240452927E-17   6.780291085916767E-18    3.2631202350677572E-18   1.5687529298818202E-18   7.534063981729962E-19    3.6147074147115795E-19   1.7326114842150564E-19   8.297127629202744E-20    3.9697773395171777E-20   1.8976958917564597E-20   9.063734035315688E-21    4.32460824685397E-21     2.059649717813934E-21    9.750811636528253E-22    4.491694208360805E-22    1.7792483407501995E-22   0
% Data
% c (mol/m^3) @ t=400, u1=0.05, u2=0.05, u3=0.01
1                         0.9992023013583027       0.997904761526933        0.9959182785134452       0.9930104310732675       0.9889038384713638       0.9832773797683748       0.9757711145889467       0.9659956167409106       0.953546165400013        0.9380218288185974       0.9190489373250041       0.8963078173205546       0.8695610159624431       0.8386806812739726       0.8036723815533022       0.7646925531457203       0.7220570310013966       0.676238764393632        0.627853802083324        0.5776358171008072       0.5264006198899521       0.4750029910169714       0.42428837274570985      0.37504095809569066      0.3279266242034895       0.28342230317665784      0.2417093961452578       0.20248084374669717      0.16455565123418142      0.12508376438731653      0.08883602615206196      0.06221266201900815      0.04298458310152326      0.029317339072853887     0.019748722720220584     0.013145350695456259     0.00865030959629005      0.005630108564072314     0.0036259247167166127    0.0023116445683847406    0.0014594838334934953    9.128968398807114E-4     5.659125230564363E-4     3.4780522021135476E-4    2.1199681165595072E-4    1.281946048428499E-4     7.692930981382162E-5     4.582727852244464E-5     2.7107480326563286E-5    1.592591079768159E-5     9.29568420405722E-6      5.39171918661346E-6      3.1084511044236406E-6    1.781677694694966E-6     1.015489993912375E-6     5.756684905925543E-7     3.246418477399098E-7     1.8215995906943565E-7    1.0171740142193272E-7    5.6533467995045126E-8    3.1279146174979046E-8    1.7231012562515958E-8    9.452314516169831E-9     5.164151658815025E-9     2.8102995133988957E-9    1.52354689050317E-9      8.229302503153789E-10    4.4292103609235364E-10   2.375721763333149E-10    1.2700437082928796E-10   6.767705278234727E-11    3.5950742362415477E-11   1.9039701152932798E-11   1.0053996075765131E-11   5.293982122835694E-12    2.7798970544263325E-12   1.4558387513006693E-12   7.604498632707024E-13    3.9621757664405233E-13   2.0593707655501885E-13   1.0678336446611383E-13   5.524212074406332E-14    2.851432509177396E-14    1.468618954960709E-14    7.548048757628382E-15    3.871373659879072E-15    1.9816396324127532E-15   1.01236459221948E-15     5.16207755333559E-16     2.627297118091259E-16    1.3347862637835334E-16   6.769416237032614E-17    3.427217502213956E-17    1.7321155746223425E-17   8.737001348019755E-18    4.393494368941607E-18    2.19104863173183E-18     1.0575195973397213E-18   4.3365737655140346E-19   0
% Data
% c (mol/m^3) @ t=500, u1=0.05, u2=0.05, u3=0.01
1                         0.999714854137879        0.9992486989975551       0.9985287772942933       0.997462283389835        0.9959334406124858       0.9938009585536905       0.9908961931097635       0.9870223805884619       0.9819553441079155       0.9754460648926021       0.9672254624057567       0.9570116271149118       0.9445195936979065       0.9294735323343102       0.9116209805984389       0.8907484554366472       0.8666974969284944       0.8393799271677586       0.8087908736670825       0.7750178949232639       0.7382442854176503       0.6987441449335925       0.6568656802000105       0.6129966886159823       0.5675007689022302       0.5206017185390365       0.4721716065549832       0.42133551869365776      0.3657252644385161       0.3000631713131332       0.23317853757174953      0.17884006282600584      0.13543606189843557      0.10131773263997021      0.07490352797366194      0.054747527617614665     0.03957744049046633      0.02830891012266415      0.020042776876187517     0.014051241606882849     0.009757803162111148     0.006714661347664558     0.004580160998430417     0.003097900835664021     0.002078383670991045     0.0013835423573343836    9.141146081128008E-4     5.996241565754049E-4     3.9061839334141534E-4    2.5277972960882156E-4    1.625417176705008E-4     1.0388044822598846E-4    6.600226697002089E-5     4.170096765970594E-5     2.620585993189481E-5     1.6383819354727758E-5    1.0192778478453997E-5    6.31137326437514E-6      3.89044371200164E-6      2.387842281678312E-6     1.4595796532599112E-6    8.886839359529071E-7     5.390676761094019E-7     3.2583084006436167E-7    1.962763780600546E-7     1.178534841610456E-7     7.054798231500412E-8     4.210769655902081E-8     2.5063272600892176E-8    1.4879076222746654E-8    8.811227115113678E-9     5.205677800028985E-9     3.0687024829637206E-9    1.8051903548417385E-9    1.0598247092151008E-9    6.21066363700235E-10     3.6331478419639246E-10   2.1218538126155648E-10   1.2373127999276285E-10   7.204729219825954E-11    4.189580438103718E-11    2.4331948664190956E-11   1.4114767061827284E-11   8.178924723349369E-12    4.734540592622683E-12    2.738106709908612E-12    1.5821361517205855E-12   9.134540077283575E-13    5.269937952224624E-13    3.0382595498472513E-13   1.7505160690941238E-13   1.0079594879707323E-13   5.800266897185002E-14    3.335050881142802E-14    1.9146559929184594E-14   1.0946750277608554E-14   6.176238180056486E-15    3.3259285205282156E-15   1.4764576415881399E-15   0
% Data
% c (mol/m^3) @ t=600, u1=0.05, u2=0.05, u3=0.01
1                         0.9998985248811662       0.9997319221278044       0.9994727140524099       0.9990848487478059       0.9985218688243983       0.9977249466789393       0.9966208664633098       0.9951200673321456       0.9931148992988059       0.9904782789377322       0.987062962800361        0.9827016761130496       0.977208336426066        0.9703805889688626       0.962003814602749        0.9518566737828998       0.9397181001203152       0.9253754384581809       0.9086331042109584       0.8893206614744164       0.8672984524781869       0.8424576134092857       0.8147090049253786       0.7839513711944341       0.7500012561107594       0.7124528166404949       0.6704092124005742       0.6219789456800486       0.5633430457332906       0.4870417904910701       0.4031598889211371       0.3297732503871602       0.26664296269134313      0.21319107648046678      0.16860780600677264      0.13194700361063408      0.10220586339665112      0.07838724722187332      0.059544931669458644     0.04481339964197356      0.033424579209961766     0.02471425277874456      0.018120833597749048     0.013178948773497524     0.00950988041974963      0.0068104809331032455    0.004841753026667177     0.003417906750169351     0.0023963928520749473    0.0016691695638288663    0.0011552842645372358    7.947334278536986E-4     5.434924992409092E-4     3.695705166516941E-4     2.499321092138878E-4     1.6813346102144403E-4    1.1253228929408174E-4    7.495002983901825E-5     4.968395354263349E-5     3.2785780487359345E-5    2.1540347861113443E-5    1.4092496472635503E-5    9.182458159787913E-6     5.959792629009003E-6     3.853608056872756E-6     2.48272665117676E-6      1.5939467774813812E-6    1.0199026280997582E-6    6.504860145683351E-7     4.135842043753298E-7     2.6217246650740034E-7    1.6571274883376736E-7    1.0445210555289555E-7    6.566226858628135E-8     4.117136282636814E-8     2.5751166156617226E-8    1.606796547930609E-8     1.0002894886428742E-8    6.21338632628735E-9      3.851274056434143E-9     2.3822541877565228E-9    1.4706598652836054E-9    9.061673673085716E-10    5.573229907624678E-10    3.42166105962612E-10     2.0971353560491596E-10   1.2832231712921904E-10   7.839525967563789E-11    4.782043530665034E-11    2.9126982177685184E-11   1.7715500752930743E-11   1.0759535030786094E-11   6.525110717528527E-12    3.9500733776070385E-12   2.384477163182466E-12    1.4305231144751175E-12   8.437728704820355E-13    4.717595970792865E-13    2.1492394591193545E-13   0
% Data
% c (mol/m^3) @ t=700, u1=0.05, u2=0.05, u3=0.01
1                         0.9999628762077107       0.9999017382270289       0.9998061110870543       0.9996619875411044       0.9994509239407612       0.9991489924319782       0.9987255952464756       0.9981421588378783       0.9973507407075557       0.9962925996305634       0.9948967997078734       0.9930789385176904       0.9907401067822124       0.9877661969813222       0.9840276744120867       0.9793798956512592       0.9736639890247157       0.9667081707186299       0.9583291087602139       0.9483324771080891       0.9365110056773438       0.9226368454823828       0.9064424216359728       0.8875792296100248       0.8655356219274599       0.8394796692161854       0.8079666250391409       0.7684035646807076       0.7160810438007856       0.6424364537880305       0.556554843590122        0.47700632893597655      0.4045579391226577       0.33961069810692224      0.2822479322585364       0.2322920412756776       0.1893641302410894       0.15294192967767045      0.12241261809993231      0.09711835381768438      0.076393403859997        0.05959265408128788      0.04611196127518216      0.035401263237639        0.026971617255912118     0.02039742658520013      0.015315079173052191     0.011419103887748189     0.008456782857408708     0.006221973335374028     0.004548710175227572     0.003304994601039162     0.002387034310862282     0.0017140869925272649    0.00122397354065339      8.692659424025461E-4     6.141141068774141E-4     4.316516440176437E-4     3.019087055204768E-4     2.101569019414225E-4     1.4561403862758634E-4    1.0044264310145749E-4    6.898426201887244E-5     4.7180077508953756E-5    3.213673948877743E-5     2.1803962037611298E-5    1.4737150847695793E-5    9.924037909358104E-6     6.659024185228864E-6     4.4527558081511985E-6    2.9674980239183558E-6    1.971246024588281E-6     1.3053412359627974E-6    8.617526217310315E-7     5.672278275031921E-7     3.7229604169146995E-7    2.4367643283836753E-7    1.5906322254009932E-7    1.0356018106952246E-7    6.725382657563388E-8     4.356879749624769E-8     2.8157919770182012E-8    1.815611426920487E-8     1.1680796012511878E-8    7.498561521918939E-9     4.8036043164186525E-9    3.0709090056580872E-9    1.959307706713866E-9     1.2476656815619549E-9    7.930027308726011E-10    5.030906759364328E-10    3.185734190638593E-10    2.0133148302428703E-10   1.2692858129567806E-10   7.971773203718234E-11    4.9673061474783174E-11   3.033424990888016E-11    1.7459129730624535E-11   8.112630854496599E-12    0
% Data
% c (mol/m^3) @ t=800, u1=0.05, u2=0.05, u3=0.01
1                         0.9999858945392751       0.9999626181392299       0.999926084938262        0.9998707648677619       0.9997892753684668       0.9996718884356413       0.9995059450430882       0.9992751714777272       0.9989588958246378       0.9985311677970984       0.9979597910701551       0.9972052835494206       0.9962197860833566       0.9949459411182383       0.9933157544369929       0.9912494260563572       0.9886540741076015       0.9854221491973952       0.9814290956677755       0.9765293714662618       0.9705491340789999       0.9632724628283393       0.954415439252821        0.9435779110892074       0.9301548636255209       0.9131754785537861       0.89101377181117         0.860872538639193        0.8178689962358635       0.7534231922895497       0.6747584217835492       0.5985958472737739       0.5260780094563156       0.4580972950727798       0.39529438052940086      0.3380698646301773       0.28660613523900774      0.24089633225368576      0.20077737077728783      0.16596430806939147      0.13608380231193748      0.11070494884699021      0.08936632781077099      0.07159860701637272      0.05694248192750782      0.044962082034312664     0.03525422435770006      0.02745405479564161      0.021237698144780617     0.016322553314298383     0.01246583819518653      0.009461924856658328     0.007138924209234955     0.005354891298074798     0.003993936362492128     0.002962448356595763     0.0021855700300487985    0.0016040082787025698    0.0011712202611112678    8.509837804533311E-4     6.153381598791402E-4     4.428675725924242E-4     3.1729079772953745E-4    2.2631806565358574E-4    1.6073565256625625E-4    1.136810524051851E-4     8.007500850725594E-5     5.618076862375275E-5     3.9265168073051615E-5    2.734023791207341E-5     1.8967790809610263E-5    1.311275990239248E-5     9.033921874430413E-6     6.203033360939194E-6     4.24538358737257E-6      2.8963634294435087E-6    1.969924438218491E-6     1.335803049703443E-6     9.031637375554412E-7     6.089133912914635E-7     4.09394739164359E-7      2.7451014666396196E-7    1.8358393899987975E-7    1.2246186447387466E-7    8.148651932894197E-8     5.409003232879779E-8     3.581971338634527E-8     2.3666055773818148E-8    1.5600985895565434E-8    1.0261714928722986E-8    6.735025055610922E-9     4.410568270982007E-9     2.881406808469428E-9     1.876767026227459E-9     1.2166651090433028E-9    7.813005502988347E-10    4.903308989265228E-10    2.8863697456565523E-10   1.3616320380713181E-10   0
% Data
% c (mol/m^3) @ t=900, u1=0.05, u2=0.05, u3=0.01
1                         0.9999945887402437       0.9999856460023268       0.9999715740309666       0.9999501911798631       0.9999185554558082       0.9998727455332928       0.9998075921754337       0.9997163526988924       0.9995903209831665       0.9994183654520878       0.9991863871598669       0.998876688943696        0.9984672432398809       0.9979308380829786       0.9972340633784474       0.996336064393141        0.9951869216615391       0.9937253899123017       0.9918754971588608       0.9895410883912079       0.9865966563560534       0.9828714913816058       0.9781218808162597       0.9719820645700511       0.963877639492762        0.9528729103363616       0.9374025205059943       0.9148010163063668       0.8804804982555601       0.8264966667359508       0.7582885992866075       0.689982080201621        0.622681399356431        0.5573671826964438       0.49487274211404186      0.43587020601569443      0.38086588860753484      0.33020384065321545      0.28407616540819347      0.24253848453229443      0.2055288888885598       0.1728887857837462       0.14438422788077956      0.11972654738197497      0.09859139067640108      0.08063552569585351      0.065511054493096        0.052876891185178444     0.042407550912621494     0.033799435097509725     0.026774892946543886     0.021084393148410305     0.016507159507117057     0.012850617288752237     0.009948970879583515     0.007661194916331358     0.005868676305384292     0.004472698232761055     0.0033919128673213857    0.0025599093011534264    0.0019229486810224507    0.0014379099943270476    0.0010704675226858873    7.935041066460789E-4     5.857523792635244E-4     4.3064821928412526E-4    3.1537602792750625E-4    2.3008327948626596E-4    1.6724145728713933E-4    1.211313930045796E-4     8.743272024585387E-5     6.289927927926577E-5     4.510460844838102E-5     3.2243947317686734E-5    2.2981338174331E-5       1.633237613339532E-5     1.1574889728573914E-5    8.181324822964899E-6     5.767863043883864E-6     4.056350047615834E-6     2.8459624440525708E-6    1.992230808405506E-6     1.3915852207023965E-6    9.700228390309273E-7     6.74835295575929E-7      4.6859558697664707E-7    3.248051907655041E-7     2.2475531715763616E-7    1.5527206607906067E-7    1.0710230403450912E-7    7.376205518326569E-8     5.0717414413344623E-8    3.480355120378068E-8     2.3813442813026326E-8    1.6206957150713443E-8    1.0904604250572554E-8    7.140022550432256E-9     4.352016788034871E-9     2.101361738347425E-9     0
% Data
% c (mol/m^3) @ t=1000, u1=0.05, u2=0.05, u3=0.01
1                         0.999998387504673        0.9999957144885958       0.9999914861096397       0.9999850150401335       0.9999753565259979       0.9999612244055837       0.9999408833233843       0.9999120113468222       0.9998715258940569       0.9998153641235012       0.9997382063629269       0.9996331270841888       0.999491151083683        0.9993006805743144       0.9990467376219646       0.9987099282650583       0.9982649664890492       0.9976784747473753       0.9969055623695487       0.9958843034589571       0.9945265694656575       0.9927025068102362       0.9902139206300765       0.9867482992638238       0.9817990975820855       0.974527302930695        0.9635209742276398       0.946377738149023        0.9189804079639593       0.8742411226818892       0.8162111820056427       0.7565787881320909       0.6962618671229639       0.6361422515414081       0.5770376024464762       0.5196787765800992       0.4646932597687852       0.4125948410285969       0.3637792998541982       0.31852554734336547      0.2770014159641707       0.2392731388344874       0.20531749440461394      0.17503560637606413      0.14826746663025042      0.12480637337210712      0.10441262963990997      0.08682601208508045      0.07177668228552801      0.05899436185578258      0.04821572076421573      0.03919003139485461      0.03168321772628492      0.025480480568647823     0.020387708766451778     0.016231896305114072     0.012860780459017484     0.010141900588106509     0.007961254698454857     0.006221704665886252     0.00484125368310265      0.0037512929813750427    0.002894890540150247     0.0022251731447195952    0.0017038351646784698    0.0012997928565335335    9.879916622190037E-4     7.483655529093202E-4     5.649415463577458E-4     4.250786713505215E-4     3.188284410168762E-4     2.3840293947831716E-4    1.7773658488326013E-4    1.321282226612163E-4     9.795119737085005E-5     7.242027258599201E-5     5.3405583821608605E-5    3.928512563231783E-5     2.882852775348978E-5     2.1106027746952665E-5    1.5417578550583677E-5    1.1237931290902754E-5    8.174308446518547E-6     5.933937529967569E-6     4.299261855115905E-6     3.1090952478666403E-6    2.244354667942814E-6     1.6173011045212708E-6    1.1634562918572078E-6    8.355510393571074E-7     5.990092329971661E-7     4.2858747118230874E-7    3.058802322326316E-7     2.1746967981268529E-7    1.5355192658017188E-7    1.0691112095430593E-7    7.21416124095961E-8      4.5038452612009416E-8    2.2088633826312072E-8    0
% Data
% c (mol/m^3) @ t=1100, u1=0.05, u2=0.05, u3=0.01
1                         0.9999996843967643       0.9999991564828902       0.9999983085268634       0.9999969843136418       0.999994959099644        0.9999919119349556       0.9999873876644225       0.9999807449939343       0.9999710857071615       0.999957158220077        0.9999372257766559       0.9999088850302456       0.9998688133001734       0.9998124102837102       0.9997332786385241       0.999622450964836        0.999467206666425        0.999249210683448        0.9989415119639421       0.9985036017582701       0.997873144766475        0.9969519771814923       0.9955821989749275       0.9935051275283364       0.9902905823008503       0.9852148039012795       0.9770494529400781       0.963696699032078        0.9415579390475648       0.9044415208921919       0.8553914691585749       0.8040230352928773       0.7510278336660581       0.697111761977267        0.6429714022853622       0.5892724038894205       0.5366307641344459       0.485597668952249        0.4366482830911518       0.39017461290702177      0.3464823215035177       0.30579117164565406      0.26823861574171326      0.2338859485093054       0.2027263860773384       0.17469443059228695      0.14967591435097807      0.1275181827937996       0.10803996146365442      0.09104054870677243      0.07630807497034288      0.06362666409635157      0.05278241686306088      0.04356820883538797      0.03578735166983747      0.029256209108749563     0.02380588682210862      0.01928313061259748      0.015550572349477976     0.012486459587766566     0.009983995385755886     0.007950401402209045     0.006305801703156259     0.00498200827865854      0.003921273165953602     0.0030750570812387275    0.002402851079436419     0.0018710762554661605    0.0014520769524396181    0.0011232152959733087    8.660689809400016E-4     6.657298931833693E-4     5.101981234500376E-4     3.898639893608605E-4     2.970696003230457E-4     2.2574107778192219E-4    1.7108260360985394E-4    1.293238657149258E-4     9.751308309529848E-5     7.334852941594228E-5     5.5042264440282835E-5    4.1210575417372455E-5    3.0786390842122914E-5    2.2949634557612215E-5    1.7072126354218116E-5    1.267420063349131E-5     9.390707042869082E-6     6.944479376046409E-6     5.125716722086449E-6     3.7760202229839103E-6    2.776076674776526E-6     2.0361833065073586E-6    1.488972688180914E-6     1.0838284851516064E-6    7.82586505368434E-7      5.561950519189385E-7     3.8206681121341403E-7    2.418929729295501E-7     1.1970912623450698E-7    0
% Data
% c (mol/m^3) @ t=1200, u1=0.05, u2=0.05, u3=0.01
1                         1.00000003140097         1.000000079873428        1.00000014681961         1.0000002291505778       1.0000003148673453       1.0000003758825986       1.000000356673239        1.0000001566783376       0.999999603329979        0.9999984110076823       0.9999961186667771       0.999991994762315        0.9999848912549075       0.9999730170024692       0.999953581341363        0.9999222252900923       0.9998721004174496       0.9997923564101522       0.9996656272764769       0.9994638101694373       0.9991409186826647       0.9986209061093339       0.9977768199781213       0.9963949935208013       0.9941133821938027       0.9903151924551524       0.983945161420468        0.9731919557470403       0.9549387495103192       0.9238122377794091       0.8821595002839979       0.8379530882164936       0.7916849232174815       0.7438836912410812       0.6950980733874016       0.645879952932504        0.5967683806692994       0.5482749848814463       0.5008713811925373       0.4549789836169601       0.4109614543940961       0.36911986898889104      0.3296905247416816       0.29284519546308857      0.2586935354700506       0.2272872679880136       0.19862575469129468      0.1726625333499292       0.14931242530268488      0.1284588488580956       0.10996102327302985      0.093660805192322        0.07938896028770366      0.06697073296481272      0.05623063297316116      0.04699640708978368      0.03910220523625027      0.03239098276687053      0.026716204279279156     0.02194292973771348      0.017948371930795157     0.014622016495830108     0.011865393202313081     0.009591581148920725     0.007724522142182122     0.0061982067932838565    0.00495578761863337      0.003948663304179261     0.003135568763038408     0.002481696994084481     0.001957871216068038     0.0015397793805008745    0.0012072779481192772    9.437676811973859E-4     7.356410525054981E-4     5.717985755831984E-4     4.432297867782065E-4     3.4265362573431907E-4    2.642124449057816E-4     2.0321372022995713E-4    1.5591363919458266E-4    1.1933702954626525E-4    9.11284971230827E-5      6.94301138320491E-5      5.278149785129623E-5     4.003862929165636E-5     3.030822593212314E-5     2.2894952229551725E-5    1.7259142888758753E-5    1.2983086126893634E-5    9.74423046206082E-6      7.293953356352124E-6     5.440762380409915E-6     4.036992186519918E-6     2.9682157625022215E-6    2.144707768222078E-6     1.4943815445365897E-6    9.566680269026872E-7     4.768099350282608E-7     0
% Data
% c (mol/m^3) @ t=0, u1=0.05, u2=0.05, u3=0.03
1                         -5.672732969867393E-8    3.441234106048097E-15    4.799069503581935E-20    8.009901849351582E-26    1.02362698256798E-31     1.1689697273466326E-37   1.254194200752813E-43    1.2931961592123734E-49   1.2971711273412447E-55   1.2750964098618704E-61   1.234131299349732E-67    1.1799489050911675E-73   1.1170108771031014E-79   1.0487944867291721E-85   9.779799986132789E-92    9.066049837963993E-98    8.361911425132653E-104   7.678482961521754E-110   7.023594438389443E-116   6.402501374442352E-122   5.81844890247736E-128    5.273128827616654E-134   4.767048505888185E-140   4.299827220738173E-146   3.870433081180629E-152   3.4773712461744697E-158  3.1188324258909226E-164  2.792809063171403E-170   2.4971853082633892E-176  2.2224722113330292E-182  1.7713344364742148E-188  1.410102577035128E-194   1.121296326312264E-200   8.907177069652415E-207   7.06866504722852E-213    5.6045082969300094E-219  4.439800018819179E-225   3.5142780751968467E-231  2.7795531077006404E-237  2.196836535478177E-243   1.7350852329948245E-249  1.3694914893382627E-255  1.08025763193023E-261    8.516043008411989E-268   6.70969755822121E-274    5.283648332862976E-280   4.158543340005448E-286   3.27140823891489E-292    2.5723118618616278E-298  2.021698867217541E-304   1.58825911693207E-310    1.2475535E-316           1.1E-322                 0                        0                        0                        0                        0                        0                        0                        0                        0                        0                        0                        0                        0                        0                        0                        0                        0                        0                        0                        0                        0                        0                        0                        0                        0                        0                        0                        0                        0                        0                        0                        0                        0                        0                        0                        0                        0                        0                        0                        0                        0                        0                        0                        0                        0                        0                        0
% Data
% c (mol/m^3) @ t=100, u1=0.05, u2=0.05, u3=0.03
1                         0.9656881255471028       0.9132847261683884       0.841536306162502        0.7517145725442032       0.647912551767426        0.5366497837769435       0.42576129171666627      0.3228360707569088       0.23371191782487977      0.16154938332257385      0.10674402926030403      0.06755197460372793      0.04104689376284265      0.02401663424805345      0.013571978958974273     0.0074299965680599475    0.003952083766652685     0.002048181267133554     0.0010369245665170078    5.140507894121438E-4     2.500912661871922E-4     1.1964373540120053E-4    5.6384720877617454E-5    2.6218932587083823E-5    1.2047013448748125E-5    5.476645777974972E-6     2.4660734758744984E-6    1.1006708386330063E-6    4.859054073452813E-7     2.0631918961921188E-7    8.236824370345192E-8     3.269862247559873E-8     1.2915328764846401E-8    5.078246213197903E-9     1.9886255349150023E-9    7.758862189570491E-10    3.0171902846390264E-10   1.169775613894629E-10    4.522902279427699E-11    1.7444248018309174E-11   6.712760808367433E-12    2.577785781931585E-12    9.880133693071274E-13    3.780199444685681E-13    1.4439794465941268E-13   5.5074944942084936E-14   2.0976878765527485E-14   7.979279110140291E-15    3.031520774819037E-15    1.1504453952914504E-15   4.3612530989732384E-16   1.6516757765668735E-16   6.249315128730214E-17    2.3624238590964742E-17   8.92324146014264E-18     3.3678037903294776E-18   1.270131008398668E-18    4.786793784552515E-19    1.8028141427652559E-19   6.78549680053499E-20     2.5524084259633542E-20   9.595529314018312E-21    3.605367260742172E-21    1.353950130231595E-21    5.082044586474931E-22    1.906629581893078E-22    7.149818991021939E-23    2.67998827443586E-23     1.004124644369061E-23    3.760681373575324E-24    1.4079152089836272E-24   5.2689488593563605E-25   1.9711292195190342E-25   7.371495556589065E-26    2.7558208172579673E-26   1.0299268164002756E-26   3.847925644512017E-27    1.4371977683747019E-27   5.3663668897442555E-28   2.0031909064360534E-28   7.475606829724072E-29    2.789051203695439E-29    1.0402939098703095E-29   3.879257416116216E-30    1.4462301111227227E-30   5.390457067797267E-31    2.0087050398191836E-31   7.48362462313137E-32     2.787505981925206E-32    1.038078577943333E-32    3.8650736024965704E-33   1.438801331421274E-33    5.3550273985905786E-34   1.992701763784939E-34    7.413818485601672E-35    2.7576151894937996E-35   1.0247600074732354E-35   3.777876736885112E-36    1.279671363535903E-36    0
% Data
% c (mol/m^3) @ t=200, u1=0.05, u2=0.05, u3=0.03
1                         0.9920263987459036       0.9793573937139264       0.960742440413424        0.9349945468230983       0.9011403496323827       0.858581457038037        0.8072420717460601       0.7476739957159011       0.6810920728050338       0.609322103635203        0.5346585589871561       0.45964807020475124      0.3868318919267824       0.31849101808287134      0.25643758626762236      0.20188513522975718      0.15541155278560204      0.11700814000765151      0.08619219193470622      0.06215263835796487      0.04389905392043053      0.03039142589513932      0.02063791642038433      0.013757234442171046     0.009009118925853616     0.0058001797555471924    0.003673304314348369     0.0022878220172782627    0.001395340903441441     8.12739413046493E-4      4.477893860664239E-4     2.4337054478172626E-4    1.3057222132152274E-4    6.920208402737602E-5     3.625362967907633E-5     1.8784881895335176E-5    9.63239461284444E-6      4.890548408134475E-6     2.4597589877169576E-6    1.2261396650714347E-6    6.060212144923948E-7     2.971068076677489E-7     1.4453723928485314E-7    6.979826519242317E-8     3.3469801313884795E-8    1.594198555011542E-8     7.544690659514588E-9     3.5487189182957894E-9    1.6593852467527221E-9    7.715712743352216E-10    3.568286334111302E-10    1.6417010304151048E-10   7.515705536995472E-11    3.4243044447986146E-11   1.553040889279664E-11    7.012582217689381E-12    3.1530451976072907E-12   1.4119144808017797E-12   6.297639868640215E-13    2.798339684086318E-13    1.2388965862849976E-13   5.4655970857595256E-14   2.4030415454164146E-14   1.0530685904250136E-14   4.600149439897755E-15    2.003332492715792E-15    8.698486953156941E-16    3.766047055379635E-16    1.6259941193560875E-16   7.001344856808323E-17    3.006835142871406E-17    1.2880662370312927E-17   5.5042795466990896E-18   2.346541964021501E-18    9.980498364327588E-19    4.2354681160321683E-19   1.7935104467961854E-19   7.578558075539647E-20    3.1957678373257126E-20   1.3449142166725091E-20   5.648959375096441E-21    2.368207076155825E-21    9.909921684559659E-22    4.1394365057669155E-22   1.7260485821319292E-22   7.184973399534975E-23    2.9859086838561527E-23   1.2388686029554808E-23   5.132025923434522E-24    2.1226783097569818E-24   8.766526410696736E-25    3.615219143817417E-25    1.4887456292382725E-25   6.122080185801117E-26    2.514071450685763E-26    1.0308916040239512E-26   4.216317025065838E-27    1.7036814512028058E-27   6.22845062702158E-28     0
% Data
% c (mol/m^3) @ t=300, u1=0.05, u2=0.05, u3=0.03
1                         0.9976390736473347       0.9938283453720801       0.9880724541808826       0.979801864406385        0.9683918009938347       0.953192903156052        0.9335736102532952       0.9089725623670336       0.8789572838683072       0.8432834312372341       0.8019473439945906       0.7552239940323646       0.703683063269346        0.6481779667759646       0.5898060372759114       0.5298422975035616       0.46965347346648106      0.41060222935967217      0.35395325183710086      0.3007923715481905       0.25196748928591933      0.20805625811578982      0.16936113229281033      0.13592840217311508      0.1075847897942749       0.0839831889028429       0.06464763211724021      0.04900504192395891      0.03638462871730333      0.025948542460402926     0.01773743542183544      0.011970545343345112     0.007980780920942917     0.005259431115243778     0.003427975887473415     0.002210934636134691     0.0014118110308387274    8.930031506405064E-4     5.597684370259004E-4     3.4788547045708803E-4    2.1444731722470065E-4    1.3117049984757978E-4    7.9643235083739E-5       4.8019342511440206E-5    2.8759903224861186E-5    1.7116069814066444E-5    1.0125120705581022E-5    5.955290632313708E-6     3.4836351256428546E-6    2.0272312941052448E-6    1.1738776649083844E-6    6.765400470541484E-7     3.88161205544441E-7      2.217534492219393E-7     1.2616971203331922E-7    7.15070000602957E-8      4.037649632596554E-8     2.2717949654637707E-8    1.273913661781141E-8     7.120450709240367E-9     3.967659622975023E-9     2.204348746374875E-9     1.221241704922529E-9     6.747640113641419E-10    3.7186212053117727E-10   2.0442777429764161E-10   1.1211701199362694E-10   6.135079481687388E-11    3.3498638301288185E-11   1.8252886115475868E-11   9.925915188126448E-12    5.38740407704934E-12     2.9187178992496986E-12   1.5784841705371111E-12   8.522250219598787E-13    4.593706070367462E-13    2.4722622536519695E-13   1.328539626755258E-13    7.128991746128342E-14    3.8201388235253847E-14   2.0443267540050308E-14   1.0926051929107279E-14   5.832283722527682E-15    3.109540175822589E-15    1.6559784084169682E-15   8.809111625442321E-16    4.681075876938261E-16    2.4849164641162934E-16   1.3177898319547984E-16   6.981741464692716E-17    3.695548544017272E-17    1.9543614589247052E-17   1.032648323888087E-17    5.451571532919859E-18    2.8751517453139243E-18   1.5137449685128988E-18   7.925311651054137E-19    4.0425455228076113E-19   1.7791094821301188E-19   0
% Data
% c (mol/m^3) @ t=400, u1=0.05, u2=0.05, u3=0.03
1                         0.99920230135834         0.9979047615270575       0.9959182785137936       0.9930104310742003       0.988903838473831        0.9832773797748517       0.9757711146058564       0.9659956167848205       0.9535461655134254       0.9380218291098975       0.9190489380689231       0.8963078192091135       0.869561020727507        0.8386806932207229       0.8036724113097472       0.7646926267608724       0.7220572118481003       0.6762392054674279       0.6278548698275532       0.5776383820267799       0.5264067325324207       0.4750174395478678       0.42432223785416856      0.3751196461952078       0.3281078366658173       0.28383581299148536      0.24264415878040915      0.20457369026807723      0.16919547659588416      0.1352675228322089       0.10457852736174753      0.07984805525642441      0.06023164320395561      0.044904532978130914     0.033099923437515257     0.024132373412667114     0.01740893047691509      0.012430914913126395     0.008789205524473872     0.006155515756261087     0.004271655578132086     0.0029382534184498343    0.002003933319270802     0.0013555433009763479    9.097248702548396E-4     6.058973070837534E-4     4.005911339139829E-4     2.629865084268859E-4     1.7147759219997944E-4    1.1107864654116872E-4    7.15000412842315E-5      4.574393795001058E-5     2.9094261004902007E-5    1.8400037446755498E-5    1.1573240406120852E-5    7.241020882990745E-6     4.507475342699475E-6     2.7921097254528115E-6    1.7213563326432901E-6    1.0563766690898644E-6    6.454225511568574E-7     3.926553922139599E-7     2.378938304613163E-7     1.4355505518173534E-7    8.629279915851646E-8     5.1678046526716456E-8    3.0836533833788105E-8    1.8335944606197292E-8    1.0865946855812259E-8    6.418074617571004E-9     3.778847159660025E-9     2.218063518964875E-9     1.2980449557922062E-9    7.57436083469021E-10     4.4073811124310815E-10   2.5575843472252946E-10   1.480229473470841E-10    8.544988641728042E-11    4.920504672300193E-11    2.826536875597774E-11    1.619856244061325E-11    9.261982372239225E-12    5.284024971558925E-12    3.0080563383014567E-12   1.7088071247215362E-12   9.68748294670686E-13     5.481048400390279E-13    3.0950965803624985E-13   1.74447573056653E-13     9.814253539529707E-14    5.5115248143572754E-14   3.08977920234318E-14     1.72917527172386E-14     9.660591643002872E-15    5.38691993329695E-15     2.995078176505111E-15    1.6522974497870187E-15   8.834654385375989E-16    4.0272122336985113E-16   0
% Data
% c (mol/m^3) @ t=500, u1=0.05, u2=0.05, u3=0.03
1                         0.9997112277737816       0.9992392506742318       0.9985106198759399       0.9974317860687927       0.9958862379738459       0.9937320476759602       0.9908001448084987       0.9868936856254246       0.9817889042691444       0.9752378218375228       0.9669731347018645       0.9567154999072325       0.9441832796837073       0.929104602482246        0.9112313552647784       0.8903544594409886       0.8663195256751028       0.8390417585391963       0.8085188149406853       0.774840220834822        0.7381918994792998       0.698854286816491        0.6571922344615055       0.6136340896504604       0.5686353614938018       0.5226180777076816       0.47586821225816495      0.4283566522690773       0.3794173240298711       0.3271573284157431       0.27492758821318214      0.22846794774191134      0.18778478878163252      0.15269130957939206      0.1228525111631544       0.09782994984608259      0.07712304061661107      0.0602047355693469       0.04655040113355837      0.03565957661549259      0.027070958306898537     0.02037140175445153      0.015199983673916275     0.011248247630535183     0.008257716125174579     0.006015628958958133     0.004349701662460617     0.003122518462757266     0.0022260030441591007    0.0015762603538007295    0.0011089602397599983    7.753400734070934E-4     5.388366582587779E-4     3.723137625051072E-4     2.558258906659719E-4     1.7484682310437973E-4    1.1888888785202912E-4    8.044249376475075E-5     5.417252656084142E-5     3.63168898660032E-5      2.4241475522001082E-5    1.6114370754350684E-5    1.0669715670374156E-5    7.038127089690318E-6     4.625982658919768E-6     3.030189132529872E-6     1.9784672401825504E-6    1.2878174155882315E-6    8.358287495486945E-7     5.409878849045936E-7     3.4924724815210473E-7    2.249158176314393E-7     1.445150923859677E-7     9.265642472255023E-8     5.928818720126211E-8     3.786609124457826E-8     2.4142374370091742E-8    1.536782149167608E-8     9.767898372495716E-9     6.20009184693605E-9      3.930546023892123E-9     2.4889313364582597E-9    1.5744306918632004E-9    9.95011072713237E-10     6.28299783211531E-10     3.9644154882969965E-10   2.4997755474733677E-10   1.5753116582769687E-10   9.92218276649685E-11     6.246723150317158E-11    3.931218514514526E-11    2.4731534551832645E-11   1.5553399729697204E-11   9.776735542190669E-12    6.139026074050212E-12    3.842073601258738E-12    2.376779843481535E-12    1.4080194830199837E-12   6.918002080208356E-13    0
% Data
% c (mol/m^3) @ t=600, u1=0.05, u2=0.05, u3=0.03
1                         0.9998960589979798       0.9997254770965849       0.9994602622348135       0.9990637756492441       0.9984889261115077       0.9976762471717076       0.9965519393329777       0.9950259917100781       0.9929905319950544       0.9903185864571905       0.9868634591942471       0.98245895694093         0.976920686764176        0.9700486330015764       0.9616311711240211       0.9514505947553279       0.9392901134139687       0.9249421178353634       0.9082172988525063       0.8889539268623827       0.8670262117191814       0.8423500822087312       0.8148837794221964       0.7846190234978577       0.7515555874536731       0.7156468150843727       0.6766940467434276       0.6341507535131776       0.5867667286545134       0.5319492401018383       0.47301808044188554      0.41666938452032315      0.3636131655249553       0.3143840250645115       0.26934088919660265      0.22867632155961845      0.19243327669741775      0.16052694772990464      0.13276940224300446      0.10889493515074063      0.08858443303159219      0.07148747649273449      0.057241348659150655     0.04548652484804046      0.03587856153027556      0.028096566720202557     0.021848615991896157     0.016874584447545547     0.0129469069740375       0.009869771603276109     0.007477208708392657     0.005630475788399975     0.004215065089464324     0.0031375879464949387    0.002322721485311845     0.0017103438061140505    0.001252934651049433     9.132800914510691E-4     6.624912425089773E-4     4.7832715174501647E-4    3.4379928871350194E-4    2.4602793453139076E-4    1.753177941781907E-4     1.244200902180092E-4     8.795022919665686E-5     6.193307369364916E-5     4.3451322244953386E-5    3.037608978275784E-5     2.1162227684578936E-5    1.4694067948727787E-5    1.0170042270266757E-5    7.016990277177968E-6     4.826943605510563E-6     3.310786376014952E-6     2.2644909463983614E-6    1.5446568729129176E-6    1.0508859889800279E-6    7.131487913618465E-7     4.827732513234678E-7     3.260476169421653E-7     2.1969931901164245E-7    1.4771348004754662E-7    9.910328122278548E-8     6.635353403127088E-8     4.433827203461548E-8     2.9570703739922195E-8    1.968526345098726E-8     1.3081119780962539E-8    8.677588198702573E-9     5.7468295763040775E-9    3.799745443240794E-9     2.5083690810462897E-9    1.653213090049099E-9     1.087622562366934E-9     7.136623695959897E-10    4.657609896492876E-10    2.9945860124717716E-10   1.8329119464817208E-10   9.212043789612486E-11    0
% Data
% c (mol/m^3) @ t=700, u1=0.05, u2=0.05, u3=0.03
1                         0.9999608229403651       0.9998963504669256       0.9997956329970765       0.9996440887445557       0.9994226025207612       0.9991064913558596       0.9986643458012412       0.9980567675205841       0.9972350382567072       0.9961397721313427       0.9946996217164443       0.9928301270724836       0.9904328139498872       0.9873946596963384       0.9835880490866334       0.9788713317108259       0.9730900597353388       0.9660789177890503       0.9576642363496608       0.9476667745312455       0.9359041129463975       0.9221914169020926       0.9063383473753613       0.8881382201165614       0.8673426360541294       0.8436098600853059       0.8164067309820602       0.7848293445396055       0.7472829789037324       0.7009197560390911       0.6480927458322294       0.594600428351378        0.5412587082514805       0.4888337968149051       0.4380166088797786       0.38940318635146387      0.3434816823057897       0.30062591672508615      0.2610950586009064       0.22503863197894158      0.1925058028697531       0.16345778251516832      0.13778217059662665      0.11530814087868779      0.09582151755569655      0.07907897769464799      0.06482081959293247      0.052781938197382965     0.04270083146541269      0.03432661549213086      0.027424146187427265     0.021777430317111195     0.017191561106265033     0.013493437778283011     0.010531529959901764     0.008174932731505597     0.006311931851155418     0.0048482662268367616    0.003705240022795709     0.0028178028405486024    0.0021326852506631582    0.0016066497853960443    0.0012048948891895234    8.996313202234929E-4     6.688368147926952E-4     4.951849704432603E-4     3.651376735573519E-4     2.681863685720938E-4     1.9622544589813798E-4    1.4304048420653388E-4    1.0389457075871616E-4    7.519707638564005E-5     5.4240796284484425E-5    3.8995073311251724E-5    2.7944247837520572E-5    1.99624284246346E-5      1.421709034389445E-5     1.0095353124879563E-5    7.147953276585466E-6     5.046917428287747E-6     3.553766384395531E-6     2.495758773291983E-6     1.7482329081968094E-6    1.2215461326812304E-6    8.51460228737377E-7      5.920956547397177E-7     4.107906779460564E-7     2.8436601975190454E-7    1.9642160313452082E-7    1.3538773140270138E-7    9.312529355520159E-8     6.392377705189854E-8     4.378621703305852E-8     2.992000518947479E-8     2.037419372590906E-8     1.3779312302583655E-8    9.155800507858972E-9     5.762098483185509E-9     2.9520508184790414E-9    0
% Data
% c (mol/m^3) @ t=800, u1=0.05, u2=0.05, u3=0.03
1                         0.9999848595970612       0.9999598942909832       0.9999207609709991       0.9998616060804324       0.99977465079503         0.9996496947628087       0.9994735322676402       0.9992292775311667       0.998895599970475        0.9984458756703484       0.997847268054487        0.9970597584565191       0.9960351553233366       0.994716117850735        0.9930352337206231       0.9909141875182215       0.9882630401090735       0.9849795993954831       0.9809487822313258       0.9760417170743345       0.9701140688939459       0.9630026006739363       0.954518182826062        0.9444320932651087       0.9324501320126208       0.9181651628395462       0.9009721233051721       0.8799185469610317       0.8534453048738653       0.8189418134817427       0.7777307467953767       0.7340274764914821       0.6883905977404642       0.6414196070149892       0.5937326722362719       0.545944618410724        0.49864631089215256      0.4523864443817536       0.4076565117185453       0.3648794575432703       0.32440224389498723      0.28649229151713534      0.25133753163130046      0.21904962200152778      0.18966975579590875      0.16317642351867695      0.13949447337008447      0.11850484606405189      0.10005442615911726      0.08396554203439477      0.07004474966273525      0.05809064136572015      0.04790052166915902      0.039275882246947946     0.032026682961063216     0.025974504392902317     0.020954678907980993     0.016817533368347105     0.013428889130480608     0.010669966441563017     0.008436833425693503     0.006639527087864632     0.005200957441565525     0.004055687899770947     0.003148666961682049     0.002433969075498052     0.0018735870874288243    0.001436305311103971     0.0010966711301470945    8.340741528628233E-4     6.319351152666602E-4     4.7700174124513093E-4    3.5874534147302536E-4    2.688497820129796E-4     2.0078330790540254E-4    1.4944332112983523E-4    1.1086437397941368E-4    8.198017193587523E-5     6.043114355484412E-5     4.4410020007286955E-5    3.253879340554772E-5     2.3771334249787675E-5    1.7316806835818675E-5    1.2579804801964384E-5    9.113825922919275E-6     6.585312621796659E-6     4.746004821506027E-6     3.4117905502021024E-6    2.446604986689604E-6     1.7502290718430173E-6    1.2490831740691155E-6    8.893078354543947E-7     6.315796840953051E-7     4.472322332084156E-7     3.153427749197943E-7     2.2050955224871923E-7    1.5107517060825463E-7    9.754241072735857E-8     5.08524150390187E-8      0
% Data
% c (mol/m^3) @ t=900, u1=0.05, u2=0.05, u3=0.03
1                         0.9999939615200699       0.999983990558494        0.9999683230535553       0.9999445614915511       0.9999094893712842       0.9998588434532977       0.9997870377435276       0.9996868333406644       0.999548948815169        0.9993616067240427       0.9991100131709072       0.9987757688387282       0.9983362112637945       0.997763688493773        0.997024762207271        0.9960793312493906       0.9948796498266784       0.9933691805898458       0.9914811585023124       0.9891366249431401       0.9862414865434729       0.9826817993023479       0.9783158752311374       0.9729607901674885       0.9663691636509498       0.9581892341919027       0.9478965259262829       0.9346775832609386       0.9172333566570117       0.8934486203951791       0.8639211022129346       0.8314043102993318       0.796148328280615        0.7584712290929485       0.7187492793197727       0.6774048732604332       0.6348928432767625       0.5916858662551182       0.5482597080238356       0.5050790191887059       0.46258432224996765      0.42118071967958365      0.3812287169017358       0.34303740502601         0.3068600978435787       0.27289237694038476      0.241272376698685        0.2120830437589802       0.18535603671219755      0.16107689219482757      0.13919107160685026      0.11961051494362271      0.10222036004707599      0.08688553160539908      0.07345695903561737      0.06177724090538185      0.05168563142269169      0.04302227828227825      0.035631688328338296     0.029365436565285466     0.024084164381190223     0.019658934525498144     0.015972024037382047     0.012917242963374384     0.010399867555793372     0.008336273004671074     0.0066533438886138855    0.005287731584544694     0.004185017840658876     0.0032988333929830607    0.0025899705053508094    0.0020255190679630084    0.0015780476751580863    0.0012248440604646553    9.472234339353684E-4     7.299086033044374E-4     5.604821738984504E-4     4.289084875834123E-4     3.2712113813481754E-4    2.4867074647242656E-4    1.8842705789655072E-4    1.4232921087656256E-4    1.0717811485472108E-4    8.04651717324288E-5      6.023200786603278E-5     4.495639192418098E-5     3.346005427614373E-5     2.483466310450728E-5     1.8382728434622196E-5    1.3570682758121272E-5    9.991816594720418E-6     7.337123494017723E-6     5.3724272467875225E-6    3.920418400587518E-6     2.846405285426246E-6     2.0466603695267833E-6    1.4381613610743616E-6    9.481785580498132E-7     5.013303374472334E-7     0
% Data
% c (mol/m^3) @ t=1000, u1=0.05, u2=0.05, u3=0.03
1                         0.9999975499218322       0.999993499735054        0.9999871233306676       0.9999774274013324       0.9999630694172229       0.9999422550519576       0.9999126112152307       0.9998710304656147       0.999813482214141        0.9997347857645152       0.9996283397985934       0.999485802244509        0.9992967132349223       0.9990480514655705       0.9987237096054126       0.9983038655758278       0.9977642102237064       0.9970749625997867       0.9961995523860115       0.9950927594403454       0.9936979471572726       0.9919427667928234       0.989732273971476        0.9869376711680912       0.9833776824253836       0.9787875704148262       0.9727675173061998       0.9646966878601079       0.9535904363281412       0.9378636272702986       0.9177086177756953       0.8948162558852173       0.8692205130844786       0.8410132942319457       0.8103438228731045       0.7774158790586511       0.7424829939640051       0.7058418140392242       0.6678239419488617       0.6287866358584886       0.5891027980688427       0.5491507060340742       0.5093039330773993       0.46992187441793515      0.43134124008966507      0.3938688050427996       0.35777562414623654      0.32329283226579536      0.2906090631678656       0.2598694410930851       0.23117602981049956      0.204589568876006        0.18013228739859075      0.1577915622707184       0.13752417979202514      0.1192609652232351       0.10291156170375498      0.08836916542566148      0.07551505513727604      0.06422278822128981      0.05436197031344844      0.04580153866422474      0.03841252963667808      0.0320703268059541       0.026656407469826896     0.022059621793997102     0.01817705043455396      0.01491449369094642      0.012186648606248058     0.009917030605131903     0.00803769393469429      0.006488801022036372     0.0052180855028619326    0.004180247644963452     0.003336314634235163     0.0026529920573858594    0.0021020271608800743    0.0016595992620499333    0.0013057481359901738    0.0010238473421130645    8.001262828522545E-4     6.232422665843312E-4     4.8390191788672964E-4    3.7452986841442703E-4    2.889816931288499E-4     2.2229745161269585E-4    1.7049187897241096E-4    1.3037717788628468E-4    9.941443249330809E-5     7.558984274426112E-5     5.7312216340406516E-5    4.3328407500991375E-5    3.2653604784931385E-5    2.4513472903223295E-5    1.8295033508164058E-5    1.3502631898814272E-5    9.714024984824734E-6     6.528883081702805E-6     3.496601863072218E-6     0
% Data
% c (mol/m^3) @ t=1100, u1=0.05, u2=0.05, u3=0.03
1                         0.9999990684251607       0.9999975264941496       0.9999950936339034       0.99999138322822         0.9999858684330787       0.9999778386069531       0.9999663442147474       0.9999501276641589       0.9999275370514356       0.9998964191846574       0.9998539874331246       0.9997966587687783       0.9997198525484207       0.9996177406588714       0.9994829337926464       0.9993060804456226       0.9990753413810363       0.9987756788561573       0.9983878603268967       0.9978870098278695       0.9972404289734664       0.9964042243113718       0.9953179707017575       0.9938961332008052       0.9920141347675573       0.9894855855115139       0.9860249414238325       0.9811861832777365       0.9742620988044309       0.9641189469607776       0.9507521855874184       0.9351573771712908       0.9172536712973451       0.8969983535442455       0.8743904029093676       0.849472763597023        0.822333186864079        0.7931035661463183       0.7619577620357373       0.7291079881083182       0.6947998992589137       0.6593065865102129       0.6229217323059827       0.5859522151184225       0.5487104700191449       0.511506912189535        0.47464271395261143      0.43840319470788003      0.4030520399746899       0.36882651406313083      0.335933774474623        0.30454833876466175      0.2748106997660882       0.24682703573902434      0.22066992046419143      0.196379906038091        0.17396782888407386      0.15341767725127978      0.13468985559132443      0.11772468654397038      0.10244600335156222      0.08876470269687442      0.07658214851788347      0.06579333967334124      0.05628977696576348      0.04796198676134725      0.04070167833843775      0.034403529486072344     0.028966609366976502     0.02429545909802174      0.02030085892709198      0.016900316494613987     0.014018313766557659     0.01158635118715066      0.009542826828416852     0.007832786215013123     0.006407575459045615     0.005224426693898992     0.004246000842932349     0.003439908738996201     0.0027782277112309386    0.002237027112997418     0.001795912970103158     0.0014375990337444008    0.0011475090476157582    9.134129776338104E-4     7.250982798922796E-4     5.740759562380722E-4     4.533201118171781E-4     3.5703891441725194E-4    2.8047416874317325E-4    2.1972602958523292E-4    1.7159848738504364E-4    1.3345984311119314E-4    1.0310989060394399E-4    7.864096669498967E-5     5.82716738423411E-5      4.011681682080961E-5     2.18293555978109E-5      0
% Data
% c (mol/m^3) @ t=1200, u1=0.05, u2=0.05, u3=0.03
1                         0.9999996811316791       0.999999152389778        0.9999983155425912       0.9999970338708916       0.9999951189669309       0.9999923135097849       0.9999882689123907       0.9999825164449982       0.999974430057738        0.9999631786063959       0.9999476644549571       0.999926444359598        0.9998976269188182       0.9998587383463337       0.9998065442899619       0.9997368088858656       0.9996439615519528       0.9995206244570068       0.9993569246557585       0.9991394671658121       0.998849766670857        0.9984618062580151       0.9979381792828362       0.99722392231926         0.9962365771426196       0.9948500875965166       0.9928686145990698       0.9899838673992903       0.9857054954278907       0.9792474752065083       0.9705289194885568       0.9601197095552181       0.947895640913095        0.9337525723121547       0.9176108277355218       0.8994190999820366       0.8791576691281248       0.8568407725039701       0.8325179960981046       0.806274598773711        0.7782307279751576       0.7485395359090468       0.717384255446935        0.684974342161079        0.651540830147233        0.6173310822319957       0.5826031380444885       0.5476198752201714       0.5126431994425633       0.4779284686194703       0.44371933641645567      0.4102431723637432       0.3777071819312123       0.3462953126509513       0.31616599390150574      0.2874507205522734       0.2602534562189491       0.23465080193794374      0.21069285172359892      0.18840463835940552      0.16778806108136135      0.14882418132868117      0.13147577292658527      0.11569001814384283      0.10140125009058606      0.08853365387033449      0.07700385275421597      0.06672332044667069      0.05760057541081415      0.04954312750856072      0.04245916033247121      0.03625894416960149      0.03085598430084496      0.02616791719705416      0.022117173135469365     0.0186314279280002       0.015643868995155626     0.013093302148354585     0.01092412539469708      0.009086195093494334     0.007534608106138593     0.0062294214047025395    0.005135328128504386     0.0042213064598093835    0.0034602550549347527    0.00282862620590072      0.0023060654748873885    0.0018750642537222774    0.0015206295197763594    0.0012299728885589742    9.922187028198655E-4     7.981279861541689E-4     6.398309871870569E-4     5.1055462964279E-4       4.043205069529713E-4     3.155706941353894E-4     2.3864660872430424E-4    1.669899831021637E-4     9.183649020387912E-5     0
% Data
% c (mol/m^3) @ t=0, u1=0.05, u2=0.05, u3=0.05
1                         -5.672732969867393E-8    3.441234106048097E-15    4.799069503581935E-20    8.009901849351582E-26    1.02362698256798E-31     1.1689697273466326E-37   1.2541942007528128E-43   1.2931961592123734E-49   1.2971711273412447E-55   1.2750964098618704E-61   1.2341312993497322E-67   1.1799489050911673E-73   1.1170108771031012E-79   1.0487944867291721E-85   9.779799986132789E-92    9.066049837963993E-98    8.361911425132653E-104   7.678482961521754E-110   7.023594438389443E-116   6.402501374442352E-122   5.81844890247736E-128    5.273128827616654E-134   4.767048505888185E-140   4.299827220738173E-146   3.870433081180628E-152   3.4773712461744693E-158  3.1188324258909223E-164  2.792809063171403E-170   2.4971853082633928E-176  2.2298058253103004E-182  1.988527575015188E-188   1.771257975021764E-194   1.5759822230704646E-200  1.4007820571409143E-206  1.2438478041177836E-212  1.1034852193859305E-218  9.781183318900147E-225   8.662892723098989E-231   7.666558674874879E-237   6.779876249008447E-243   5.991606007939565E-249   5.291515395149091E-255   4.670315854954337E-261   4.11959799632921E-267    3.631766557023108E-273   3.1999764741263013E-279  2.8180710082696087E-285  2.480522584198997E-291   2.182376786753249E-297   1.91919977692711E-303    1.687029258338483E-309   1.482332015E-315         1.566E-321               0                        0                        0                        0                        0                        0                        0                        0                        0                        0                        0                        0                        0                        0                        0                        0                        0                        0                        0                        0                        0                        0                        0                        0                        0                        0                        0                        0                        0                        0                        0                        0                        0                        0                        0                        0                        0                        0                        0                        0                        0                        0                        0                        0                        0                        0                        0
% Data
% c (mol/m^3) @ t=100, u1=0.05, u2=0.05, u3=0.05
1                         0.9656881255471028       0.9132847261683885       0.8415363061625019       0.751714572544203        0.647912551767426        0.5366497837769436       0.4257612917166664       0.3228360707569088       0.23371191782487982      0.16154938332257385      0.10674402926030406      0.06755197460372793      0.04104689376284265      0.024016634248053455     0.013571978958974277     0.007429996568059962     0.003952083766652756     0.002048181267133855     0.0010369245665182865    5.140507894175523E-4     2.500912662100202E-4     1.1964373549732727E-4    5.638472128138075E-5     2.6218934278347454E-5    1.20470205115603E-5      5.476675174106361E-6     2.466195373509406E-6     1.1011742453738503E-6    4.879749026042683E-7     2.147838284337419E-7     9.396752723536171E-8     4.088835715579418E-8     1.770552109092688E-8     7.63340231379673E-9      3.2780541070877748E-9    1.4027124360376286E-9    5.983045863174669E-10    2.544524770559865E-10    1.0792852347798243E-10   4.5668043808512823E-11   1.9280804210538687E-11   8.123708769339574E-12    3.416419070166007E-12    1.4342965873928937E-12   6.011938837780926E-13    2.5162207535588853E-13   1.0516886748601865E-13   4.390066129607991E-14    1.8303640672022602E-14   7.622897542772447E-15    3.1713880579765347E-15   1.3181145758858498E-15   5.47339434400293E-16     2.2708229424893975E-16   9.413561989202995E-17    3.899315454814553E-17    1.614003111024491E-17    6.676033780792623E-18    2.7596000321531935E-18   1.1399908881142318E-18   4.706492641300858E-19    1.9419872226624557E-19   8.008657206330557E-20    3.3010188182511407E-20   1.359944419775237E-20    5.60000543861408E-21     2.3049342897685637E-21   9.482865750442138E-22    3.8997723693260467E-22   1.60311511728192E-22     6.587531901102135E-23    2.705949642286612E-23    1.111121813836844E-23    4.560939573491637E-24    1.8715568834508296E-24   7.677377826362267E-25    3.1483920053408294E-25   1.2907296262496178E-25   5.290012544811939E-26    2.167490535316002E-26    8.87852329754193E-27     3.6358925152699016E-27   1.4885782608080515E-27   6.0929280715387165E-28   2.4933165558259063E-28   1.0200674327425867E-28   4.172375617821045E-29    1.7062544769648348E-29   6.97610178204812E-30     2.8516289013709303E-30   1.1654318642452113E-30   4.7620815796811735E-31   1.9454725296235532E-31   7.946459662250601E-32    3.2452068513310867E-32   1.3249779499946882E-32   5.405190501313562E-33    2.1888436391717068E-33   8.170301153913414E-34    0
% Data
% c (mol/m^3) @ t=200, u1=0.05, u2=0.05, u3=0.05
1                         0.9920263987459036       0.9793573937139263       0.9607424404134242       0.9349945468230986       0.9011403496323827       0.858581457038037        0.8072420717460602       0.7476739957159012       0.6810920728050341       0.609322103635205        0.5346585589871626       0.4596480702047747       0.38683189192686407      0.3184910180831536       0.2564375862685929       0.2018851352330716       0.1554115527968471       0.11700814004554252      0.08619219206146711      0.062152638778851646     0.04389905530693552      0.03039143042505287      0.020637931092637802     0.013757281535319285     0.009009268644900866     0.005800651001376338     0.0036747720557229334    0.0022923431859483588    0.0014091068272864067    8.541445458698826E-4     5.109019737996187E-4     3.0174835640568644E-4    1.7608493798110047E-4    1.0158386773638269E-4    5.796881393851499E-5     3.273859695411754E-5     1.830787424957924E-5     1.0142198676017143E-5    5.568461471690172E-6     3.031299449819587E-6     1.636756948851943E-6     8.769254695519351E-7     4.6635483008385477E-7    2.46257267342503E-7      1.2915634001404998E-7    6.730140922787901E-8     3.4852570870291377E-8    1.7941612068819916E-8    9.183569868895534E-9     4.6750534358167685E-9    2.3674597861791466E-9    1.192862716821798E-9     5.981307439547724E-10    2.98525223625864E-10     1.4832773432591934E-10   7.33826349086242E-11     3.615457706204391E-11    1.7741822747826462E-11   8.672828814970391E-12    4.223868814892988E-12    2.0497636405355368E-12   9.912763268659075E-13    4.777872568415187E-13    2.295472718544376E-13    1.099395709170049E-13    5.2495817088750284E-14   2.4993468178028655E-14   1.186588130437751E-14    5.618026805808496E-15    2.652863604936969E-15    1.2494782658711257E-15   5.87028246342477E-16     2.751301569224062E-16    1.2864630824332187E-16   6.001587366006881E-17    2.7936572551459885E-17   1.2976143799144587E-17   6.0146444853555455E-18   2.7822186870078237E-18   1.2844398262286994E-18   5.918351130907488E-19    2.721914798315013E-19    1.2495587370602788E-19   5.726218004428459E-20    2.6195582836731523E-20   1.1963449835364163E-20   5.454707569501885E-21    2.4830817010311295E-21   1.1285796861297233E-21   5.121671364575675E-22    2.3208412890105714E-22   1.0501440196381709E-22   4.745006517976267E-23    2.141031634711101E-23    9.647530612429991E-24    4.3409140290513395E-24   1.9485005251510033E-24   8.648135158770644E-25    3.4856689849502527E-25   0
% Data
% c (mol/m^3) @ t=300, u1=0.05, u2=0.05, u3=0.05
1                         0.9976390736473348       0.993828345372081        0.9880724541808859       0.9798018644063939       0.9683918009938606       0.9531929031561266       0.9335736102535086       0.9089725623676453       0.8789572838700513       0.8432834312421884       0.8019473440085991       0.755223994071785        0.7036830633797123       0.6481779670833243       0.5898060381271232       0.5298422998472118       0.46965347987990813      0.4106022467978614       0.35395329893397187      0.30079249785344975      0.25196782552049074      0.20805714629615912      0.16936345951376353      0.13593444840706906      0.10760035912579027      0.08402290926964187      0.06474798490997911      0.049256015390503345     0.03700565883307386      0.02746833523728829      0.020152856086654753     0.014620709659698933     0.010493397738289471     0.007453614497058104     0.00524210560542216      0.003651860241081676     0.0025209793349402596    0.0017252159192430521    0.0011708561469052983    7.883347794906954E-4     5.267688851330637E-4     3.4944674184257007E-4    2.3021648966509294E-4    1.5066884564996608E-4    9.798806440225902E-5     6.334477731648015E-5     4.0715136178092226E-5    2.602689738143649E-5     1.6550799095005087E-5    1.0472468337831599E-5    6.594944743634291E-6     4.134271644543878E-6     2.5804874962483383E-6    1.6039994141431856E-6    9.930862556067677E-7     6.125290680232406E-7     3.764404277726978E-7     2.3054987193276323E-7    1.4073379588759338E-7    8.563658928250404E-8     5.1952592116345704E-8    3.142667903735281E-8     1.8957754104435696E-8    1.140574016775038E-8     6.84473760655499E-9      4.0976328414871966E-9    2.4473500446560053E-9    1.4584371268842404E-9    8.672566366587087E-10    5.146519893315167E-10    3.048047722020515E-10    1.8017984217560793E-10   1.0631623510942195E-10   6.262287247389307E-11    3.6824425634570654E-11   2.1619058687735294E-11   1.2672498893825865E-11   7.417167002045075E-12    4.3349951325471685E-12   2.530097495987382E-12    1.474708715023957E-12    8.584536221308402E-13    4.991020186374492E-13    2.898298455418668E-13    1.681112227093708E-13    9.74019941578856E-14     5.6373302108468894E-14   3.2593409731554636E-14   1.8825751685242058E-14   1.0863153286375857E-14   6.262600551182345E-15    3.607132230571716E-15    2.075818418405217E-15    1.1935485034717336E-15   6.856095891434964E-16    3.9322625775564503E-16   2.244284665199475E-16    1.2508348433599827E-16   6.053469058400518E-17    0
% Data
% c (mol/m^3) @ t=400, u1=0.05, u2=0.05, u3=0.05
1                         0.9992023013583741       0.9979047615271701       0.995918278514107        0.9930104310750392       0.9889038384760447       0.9832773797806535       0.9757711146209777       0.9659956168240188       0.9535461656144794       0.9380218293689413       0.9190489387290768       0.8963078208812847       0.8695610249365965       0.8386807037469399       0.8036724374575213       0.7646926912629763       0.7220573698219541       0.6762395894939197       0.6278557962124021       0.5776405990131089       0.5264119946501038       0.4750298237112582       0.4243511288367351       0.3751864386244167       0.32826081876165747      0.28418285466346693      0.24342368432476044      0.20630696961749617      0.1730094775085395       0.14357091311943873      0.11791092300084054      0.09585082030910332      0.07713755976161413      0.06146774588668032      0.048509901878329584     0.037923760785210724     0.029375879286081475     0.02255135206231127      0.01716178245072875      0.012949927353878194     0.009691585068014548     0.007195350187663379     0.005300842877480797     0.003875954652446724     0.002813561173362342     0.00202805197094764      0.001451930026621788     0.0010326486078399773    7.297825777891812E-4     5.125775135836163E-4     3.578813459349121E-4     2.484377318911314E-4     1.7150538431078935E-4    1.1776049167931759E-4    8.043781896738481E-5     5.466813318781961E-5     3.6973730400160757E-5    2.48889482118386E-5      1.66778744847149E-5      1.112653413782338E-5     7.391386636693698E-6     4.889879889282481E-6     3.2220621819710567E-6    2.114891690753089E-6     1.3829732371562724E-6    9.010767521536662E-7     5.850340658977958E-7     3.7854631490962226E-7    2.4412976612461295E-7    1.569386537398989E-7     1.0057465885374109E-7    6.425946001052045E-8     4.0936840170615544E-8    2.6005052448465853E-8    1.6474162911217972E-8    1.0408445731628274E-8    6.559016572616035E-9     4.122817240113573E-9     2.5851334086495865E-9    1.617093917980157E-9     1.0092058015810188E-9    6.284116300280131E-10    3.904410278384144E-10    2.4206904965915354E-10   1.4976853524274213E-10   9.247480840578105E-11    5.6986376400728007E-11   3.50498197095945E-11     2.1517375732176923E-11   1.3185677597538778E-11   8.06575983281184E-12     4.9253449945305176E-12   3.0025636000479427E-12   1.827319570606384E-12    1.110054200035296E-12    6.725431376697786E-13    4.046614209616975E-13    2.3661230196038453E-13   1.1872867774622202E-13   0
% Data
% c (mol/m^3) @ t=500, u1=0.05, u2=0.05, u3=0.05
1                         0.9997095547363075       0.9992348844155952       0.9985022055225651       0.9974175971633924       0.9958641626335732       0.9936996100148726       0.9907545744851685       0.9868320473649158       0.9817082959736351       0.9751356440457238       0.9668474256255165       0.9565653195329222       0.9440091146703934       0.9289087529072466       0.911018257891854        0.89013090480803         0.8660947449617954       0.8388274022759252       0.8083289395567136       0.7746915801831111       0.7381051856040786       0.6988576360798942       0.6573296287276672       0.6139838614842301       0.5693490661403349       0.5239998299391516       0.4785335435952989       0.43354608233552167      0.3896079309577572       0.34724239206917623      0.3069072813517085       0.2689811496106062       0.23375462863195837      0.20142703333537043      0.17210792072008504      0.14582295081766533      0.12252314514080544      0.10209650563991744      0.0843809375809562       0.0691774960176585       0.05626312261571354      0.04540222931656842      0.036356690635273095     0.028894004430052828     0.022793554937873994     0.017851051464542356     0.013881317155536161     0.010719665521098511     0.008222132141631242     0.00626483160662668      0.004742692408283723     0.003567792194894146     0.0026674786114249086    0.0019824218265654526    0.0014647073568183743    0.0010760442870576502    7.861357193905829E-4     5.712356838068153E-4     4.1289963962790624E-4    2.9692352745996935E-4    2.1245833499548586E-4    1.512824873503965E-4     1.0721226170877048E-4    7.563014019135346E-5     5.3111951756198654E-5    3.713533376993316E-5     2.5854103569837013E-5    1.792530964728203E-5     1.2377856124207024E-5    8.513555223118527E-6     5.833202973779515E-6     3.981771678155407E-6     2.7080707196998645E-6    1.8352618486935964E-6    1.2394506735445652E-6    8.342404507392477E-7     5.596551286579804E-7     3.7424183051691204E-7    2.4947155621162875E-7    1.657905734384408E-7     1.0985021989899808E-7    7.257307994895721E-8     4.7809475904237785E-8    3.1408382642993386E-8    2.0577792980565624E-8    1.3446252192317306E-8    8.763543061232713E-9     5.6971831434577195E-9    3.6946031842576096E-9    2.390159935024715E-9     1.542627580483227E-9     9.93326216658764E-10     6.381692835518366E-10    4.0906172880002665E-10   2.6155096790310673E-10   1.6662629417145305E-10   1.0520982248172926E-10   6.424210665721533E-11    3.328915387427666E-11    0
% Data
% c (mol/m^3) @ t=600, u1=0.05, u2=0.05, u3=0.05
1                         0.9998911154368024       0.9997125466877292       0.99943524988866         0.9990213721873946       0.9984224901237428       0.9975777636080996       0.9964120920654445       0.9948343888517415       0.9927361197206677       0.9899902780654316       0.9864509903329569       0.9819539553485588       0.9763179170589785       0.9693473474446926       0.9608364719866158       0.9505747025547159       0.9383534525808798       0.9239742003199306       0.9072575444308943       0.8880528716478763       0.8662481411743346       0.8417791984295779       0.8146379757813158       0.7848789319855067       0.7526231334698876       0.7180594919282578       0.6814428395977213       0.6430887344251973       0.603365123882675        0.5626812355682805       0.5214742801661126       0.4801947245173983       0.43929100088634565      0.39919455174877544      0.3603060652289016       0.32298364132409785      0.2875334577692147       0.2542032967934071       0.22317907267468         0.1945842869767027       0.1684821525799958       0.14487998294230517      0.12373534723399382      0.10496344679708798      0.08844517014262196      0.07403532477286813      0.0615706143710875       0.05087701831517906      0.04177632646039689      0.03409167656873796      0.027652027574566262     0.022295574311574216     0.017872165866177313     0.014244829789203203     0.011290528928964916     0.008900288625213642     0.006978831996479365     0.005443852837388719     0.004225041895908037     0.003262965400394556     0.0025078766124528094    0.0019185233924251903    0.0014609983292133092    0.0011076635537670624    8.361702432554321E-4     6.285830927687719E-4     4.7061256438690047E-4    3.5095228503369264E-4    2.607152585708543E-4     1.9296026763448504E-4    1.422986594158907E-4     1.0457135746388334E-4    7.658617742480221E-5     5.590614939893684E-5     4.0680405817018055E-5    2.9510162067901505E-5    2.1343311218808742E-5    1.539211510409867E-5     1.1069364589088778E-5    7.939181277530672E-6     5.679332747847204E-6     4.052533382000355E-6     2.8847082474932964E-6    2.048616771390821E-6     1.4515761396688985E-6    1.026301927166846E-6     7.241055487553732E-7     5.098640750278708E-7     3.5831610771903034E-7    2.5134498083888755E-7    1.7599365834694402E-7    1.2301941175431223E-7    8.584479491368768E-8     5.979779843293568E-8     4.156062698805506E-8     2.8764313166389785E-8    1.967415147604432E-8     1.2902601614109418E-8    7.043877403766339E-9     0
% Data
% c (mol/m^3) @ t=700, u1=0.05, u2=0.05, u3=0.05
1                         0.9999593400235054       0.9998924594173924       0.9997880660673373       0.9996311636737774       0.9994021527270895       0.9990758058696064       0.9986201287154298       0.9979951287741271       0.9971515291602437       0.9960294799286867       0.9945573374782153       0.9926506004406089       0.9902111073337353       0.9871266151182042       0.983270886456954        0.9785044145630626       0.9726759057152006       0.9656246188500917       0.9571836278217352       0.9471840247057348       0.9354600230468196       0.9218548509147749       0.9062272494290999       0.888458318939819        0.8684583893509987       0.8461735406858338       0.8215913721212458       0.794745618277261        0.7657192442112414       0.7346457160120988       0.701708239322571        0.6671368772539218       0.6312035926793235       0.5942153963677815       0.5565059095734426       0.5184257558473526       0.48033227231026854      0.4425790688793148       0.4055059623043211       0.36942977172908725      0.3346363889663128       0.3013744378273357       0.2698507225983703       0.2402275466521465       0.21262186822704718      0.18710616006365627      0.16371075911688543      0.14242743566556992      0.12321387897094878      0.10599878806293123      0.09068726832753067      0.07716626317792032      0.06530979044183992      0.05498380034281008      0.046050521616412814     0.03837221059737659      0.03181426211840437      0.026247678785137344     0.021550925527852812     0.01761121894910037      0.014325316177912639     0.011599876445716159     0.00935147143974939      0.007506318824495727     0.005999808322146724     0.004775882505322508     0.003786325939732517     0.002990007313952516     0.0023521103227795836    0.0018433807727552814    0.001439409942296978     0.0011199678131287756    8.6839444938055E-4       6.710535134036825E-4     5.168485970835876E-4     3.9680060521149306E-4    3.0368272781077107E-4    2.3170845180380475E-4    1.7626746474634237E-4    1.3370408117545148E-4    1.0113287628133801E-4    7.628645857393918E-5     5.7390684939324745E-5    4.306306443261889E-5     3.223057070933307E-5     2.4063557583816656E-5    1.7922927379492012E-5    1.3318124343467568E-5    9.873907877920386E-6     7.304199216850227E-6     5.39158967104827E-6      3.971349162475432E-6     2.918980326715178E-6     2.140521839172178E-6     1.5648994342454072E-6    1.1376107244617603E-6    8.1479762749325E-7       5.560267806688054E-7     3.1217309621260874E-7    0
% Data
% c (mol/m^3) @ t=800, u1=0.05, u2=0.05, u3=0.05
1                         0.9999842852602574       0.9999583819100883       0.9999178023250367       0.9998565101179665       0.9997665008859568       0.9996373030942518       0.9994553939858083       0.999203528515655        0.9988599837110124       0.9983977266849795       0.9977835218405015       0.9969770015362991       0.9959297344424085       0.9945843366019671       0.9928736812419473       0.9907202738242239       0.9880358676774835       0.9847214016090399       0.9806673428749009       0.9757545155058448       0.969855484112101        0.962836546092384        0.9545603603070811       0.9448892080343192       0.9336888434741506       0.9208328480972323       0.9062073584608216       0.8897159941353476       0.8712847749489002       0.8508667888257396       0.8284463567257808       0.8040424424930714       0.7777110745317194       0.7495465833876825       0.7196815130815026       0.6882851312892975       0.6555605396174696       0.6217404646035575       0.5870818865264232       0.5518597305597636       0.5163598979289519       0.48087194949040457      0.44568176817622424      0.41106451953076717      0.37727820244717497      0.3445580381449684       0.31311188860179584      0.283116830998411        0.2547169474185617       0.22802232396314148      0.2031091948141678       0.18002111787306416      0.15877103152282238      0.13934401778728644      0.12170058556815129      0.10578028770989135      0.09150549567242593      0.07878517344586333      0.06751851569556626      0.05759834167685465      0.04891416409913228      0.04135487905663318      0.034811047970501635     0.0291767642075965       0.02435111505449212      0.020239263784227652     0.016753186706477945     0.013812106612885709     0.011342667348551046     0.009278894880182001     0.007561988749469501     0.006139984746895627     0.00496732552537718      0.004004371141143051     0.003216876532809017     0.0025754580223347426    0.0020550662613179767    0.001634478801886965     0.0012958217327850683    0.001024126628741738     8.069264174662367E-4     6.338916482446954E-4     4.965070049259447E-4     3.8778668850320295E-4    3.020264397868762E-4     2.3458941948134934E-4    1.8172285264585447E-4    1.4040222298644057E-4    1.0819982098941503E-4    8.317456442588355E-5     6.378017749933984E-5     4.8788986671791214E-5    3.722869292509617E-5     2.8329370177127645E-5    2.1477308403084474E-5    1.617045631369617E-5     1.1965459365051082E-5    8.394733520942462E-6     4.8045173719839685E-6    0
% Data
% c (mol/m^3) @ t=900, u1=0.05, u2=0.05, u3=0.05
1                         0.9999937584847238       0.9999834546437681       0.9999672705089353       0.9999427385804801       0.9999065533803384       0.9998543409592363       0.9997803807089498       0.9996772742268846       0.9995355568456121       0.9993432488906094       0.9990853458778575       0.9987432498077954       0.9982941475237742       0.9977103468069324       0.9969585864371029       0.9959993427401658       0.9947861619457186       0.9932650546617209       0.9913739954829744       0.9890425766219673       0.9861918688217469       0.9827345449569685       0.9785753209153376       0.9736117638969707       0.967735509628316        0.9608339168369003       0.9527921696575511       0.9434958168052117       0.9328337111497436       0.9207012860034253       0.9070040766323505       0.8916613692050648       0.8746098367624863       0.8558070050093355       0.835234381766123        0.8129000843417841       0.7888408098319776       0.7631230145851815       0.7358432001155968       0.7071272420235128       0.6771287436829837       0.6460264446512508       0.614020761674855        0.5813295844876256       0.5481834862342688       0.5148205367502555       0.48148092426797134      0.44840159647126493      0.41581112519455427      0.38392498136432046      0.3529413796881438       0.32303781837097634      0.2943684003967925       0.26706198238718537      0.2412211573540598       0.21692204111053234      0.19421480054829574      0.17312483674460605      0.15365451766743896      0.13578534428958194      0.11948042989726243      0.10468717458445097      0.09134002437051789      0.07936321590330221      0.06867342208358372      0.05918222997126749      0.05079839891322136      0.04342986303003121      0.03698545726550154      0.0313763595911833       0.026517253317740536     0.022327222623973648     0.01873040135451929      0.015656399962982598     0.013040538383345606     0.010823913853307847     0.008953332574892092     0.007381132874662408     0.006064925502564261     0.004967274145351895     0.004055336355976287     0.0033004821051035543    0.0026779041974543416    0.002166231978800226     0.0017471571695965805    0.001405078348030122     0.001126768591454674     9.010690691401819E-4     7.186099340308745E-4     5.715586257445061E-4     4.5339454961232324E-4    3.58707788184656E-4      2.830174988650051E-4     2.2260177299286165E-4    1.7432231733547311E-4    1.3540833493097169E-4    1.0312072184909518E-4    7.411904521161534E-5     4.3129223090687986E-5    0
% Data
% c (mol/m^3) @ t=1000, u1=0.05, u2=0.05, u3=0.05
1                         0.9999974806129905       0.9999933165301638       0.9999867626598697       0.9999768007141173       0.9999620559474935       0.9999406933768551       0.9999102898464491       0.9998676780809482       0.9998087587757519       0.9997282768643504       0.9996195584387054       0.9994742054482202       0.9992817463358996       0.9990292422539404       0.9987008504934799       0.9982773493054229       0.997735631395625        0.9970481770257243       0.9961825217707706       0.9951007384497931       0.9937589573644094       0.9921069534942641       0.9900878333804842       0.9876378576951905       0.9846864375201652       0.981156342698072        0.9769641588493211       0.9720210253992223       0.9662336799705449       0.9595058246549846       0.9517398170678634       0.9428386740280401       0.9327083587521756       0.9212603044184381       0.9084141088679364       0.8941003182671122       0.8782632030324855       0.860863418489611        0.8418804367453827       0.8213146360027758       0.7991889396032543       0.7755499095847301       0.7504682181624158       0.7240384444711421       0.6963781719101385       0.6676263919117779       0.6379412510877563       0.6074972085734491       0.5764816971420583       0.5450914036561773       0.5135283003686124       0.4819955676170124       0.4506935502101659       0.4198158844116759       0.3895459204915518       0.3600535483383331       0.3314925119027315       0.303998273760373        0.27768646537991565      0.25265193325476526      0.2289683672411051       0.20668847635278786      0.18584465972653633      0.1664501070182153       0.14850025335159453      0.13197450906727579      0.11683818362715162      0.10304452564955659      0.0905368065840044       0.07925038331150808      0.06911468428614316      0.060055074049450353     0.05199456144515557      0.04485532711637369      0.03856005546016605      0.03303306483056069      0.028201237210901366     0.02399475470616626      0.02034765500642112      0.017198221483920903     0.01448922590196354      0.012168042964316115     0.010186656273350629     0.008501574855581373     0.007073678414848766     0.0058680080312627884    0.004853517255614008     0.004002796522992056     0.003291781505698878     0.0026994532493296894    0.002207534127261487     0.0018001774590064676    0.0014636369858546537    0.0011858783755590125    9.560431700016821E-4     7.635620500495144E-4     5.964637632159291E-4     4.3787285803530856E-4    2.5846945766402766E-4    0
% Data
% c (mol/m^3) @ t=1100, u1=0.05, u2=0.05, u3=0.05
1                         0.9999989605772776       0.9999972410111359       0.9999945302577367       0.9999904009743457       0.9999842727856015       0.9999753658721094       0.9999626428914505       0.9999447369952624       0.9999198634788207       0.9998857124116383       0.9998393194743449       0.9997769121989586       0.9996937289121394       0.9995838079537934       0.9994397452290927       0.9992524188938567       0.9990106810124477       0.9987010173988687       0.9983071785800443       0.9978097869134664       0.9971859273360171       0.9964087319752553       0.9954469718442661       0.9942646719541267       0.9928207692621713       0.9910688357381411       0.9889568912468865       0.9864273326611345       0.9834170063616309       0.9798574507880963       0.975675333730283        0.9707931054001705       0.9651298828849559       0.9586025743270575       0.9511272422148983       0.9426206947370386       0.9330022826360463       0.9221958669189598       0.910131910779002        0.8967496378859281       0.8819991895793929       0.865843706207721        0.8482612535768184       0.8292465147600047       0.8088121707288217       0.78698990052338         0.7638309428531821       0.7394061757022573       0.713805688049582        0.6871378373356768       0.6595278067788586       0.6311156969527073       0.6020542050552128       0.5725059619784802       0.5426406107223621       0.5126317191923567       0.48265362554177893      0.4528783147976819       0.423472421664006        0.39459444649620906      0.36639226008053394      0.3390009587864308       0.3125411157573297       0.28711745697074087      0.2628179741233271       0.23971347019765812      0.21785751894640332      0.19728680694114348      0.17802181666627145      0.16006780161350698      0.14341599950679362      0.1280450275724303       0.11392240395499194      0.10100614166203656      0.08924636543227284      0.07858690726113793      0.06896684257580611      0.06032193583571465      0.052585971286306314     0.045691951401932815     0.039573151963312556     0.034164028528526555     0.029400974133551774     0.025222932307227598     0.02157187285011417      0.01839314026134212      0.01563568612133424      0.013252196944137175     0.01119912748001241      0.009436644943033715     0.007928479355720379     0.006641652919161074     0.005546013396111579     0.004613393283935707     0.00381599389008546      0.0031231129695434       0.0024942990298036094    0.0018647876509910789    0.0011142939113229426    0
% Data
% c (mol/m^3) @ t=1200, u1=0.05, u2=0.05, u3=0.05
1                         0.9999995690104734       0.9999988554373521       0.9999977290095392       0.9999960099475995       0.999993452868503        0.9999897262291008       0.9999843862952693       0.9999768444580097       0.9999663265438135       0.9999518225902589       0.9999320253873617       0.9999052559317552       0.9998693738183914       0.9998216705204545       0.9997587435031726       0.9996763492047799       0.9995692331242256       0.9994309356081149       0.9992535724569248       0.9990275901994035       0.9987414968370378       0.9983815700537778       0.9979315463262567       0.9973722960496835       0.9966814916907369       0.995833278047418        0.994797955870352        0.9935416922894316       0.9920262735781527       0.9902089176366735       0.9880421650255207       0.9854738682644025       0.9824472992506815       0.978901393883974        0.974771151163158        0.9699882010430622       0.9644815511458161       0.9581785170284245       0.9510058342039545       0.9428909426748232       0.9337634266265188       0.9235565834945451       0.9122090882723884       0.8996667111396722       0.8858840397465154       0.8708261522728903       0.8544701841270583       0.8368067302128348       0.81784102632797         0.7975938575644508       0.7761021485201626       0.7534191994926845       0.7296145442466653       0.7047734179245977       0.6789958375958669       0.6523953121280868       0.6250972118076671       0.5972368407415003       0.5689572659101957       0.5404069652903396       0.5117373633287612       0.4831003250022486       0.45464567966442093      0.4265188429644909       0.3988585995683815       0.37179510159720053      0.345448128095762        0.3199256399930368       0.29532265348342485      0.2717204431021777       0.24918607451166422      0.22777225661498288      0.20751749344374293      0.18844650860613454      0.17057090910742548      0.15389005114636714      0.13839206803435258      0.12405501958589199      0.11084812302963405      0.09873302747950455      0.08766509704198931      0.07759467145357726      0.06846827746424923      0.06022976871599358      0.05282137628063771      0.04618465589354586      0.040261320588451485     0.03499394770385498      0.030326544701468564     0.026204943943098084     0.022576962033759453     0.019392182371127838     0.01660105321743286      0.014152638882334494     0.01198960997704956      0.010037472512043857     0.008181698787811689     0.006219423630052489     0.0037577287337962964    0
