u1,u2,u3,u4
1.808401269584069757e-02,1.008798446349700936e-02,2.302152461162370115e-02,2.034445515774618157e-02
4.346939743830521147e-02,2.315033946345428084e-02,1.527376081805858696e-02,3.525470539082677102e-02
3.311779194811802218e-02,1.253315984906598103e-02,2.514518378182666741e-02,4.042370658276700501e-02
3.468146996077460520e-02,4.857225750031355510e-02,3.000775247867239204e-02,1.743388326657743792e-02
2.822589787805300510e-02,3.051113512107555409e-02,2.418644722158642957e-02,1.956973809124329042e-02
4.338940369490632692e-02,1.786479446835011198e-02,2.804978066255004593e-02,2.732588940317077358e-02
3.472301366182742322e-02,2.134567035206600544e-02,1.528494163526956939e-02,4.672753162553198308e-02
2.644416497088569740e-02,4.463762768772790851e-02,3.153834809148136492e-02,1.003822239715243016e-02
1.221606692783116198e-02,1.693232532766199283e-02,4.503514249045323381e-02,1.526314439582327279e-02
4.381450410812657431e-02,2.667817458250559826e-02,2.402442284678475704e-02,1.917080680320279451e-02
4.042101633591877602e-02,2.458954462384110862e-02,4.813032101616267211e-02,3.539105558445166527e-02
4.938831722685339126e-02,1.979442265665579473e-02,4.481356825687395767e-02,2.271657175409314694e-02
3.172943736875531717e-02,3.777005591587477562e-02,3.286400697713054431e-02,2.047054447351494277e-02
2.123145623649312641e-02,2.756600747498726828e-02,2.121527510292051111e-02,1.444198099793048140e-02
3.884255520020551272e-02,1.686160835169648459e-02,1.642112289839254072e-02,4.328607852878924717e-02
2.490038625747504134e-02,1.437668087036934536e-02,2.484078023519351724e-02,2.443515842411873515e-02
2.362102901966943447e-02,1.920780624850173743e-02,1.269073213934795476e-02,3.889635090761755370e-02
3.299672874597678329e-02,4.103976236815537471e-02,1.597450328639527656e-02,4.219961336598010426e-02
1.495474874348123179e-02,3.538759834284893602e-02,1.403499804843544654e-02,3.276010712645337219e-02
2.109485112761129433e-02,2.273083542793518513e-02,4.466813153241321749e-02,1.094241434871048683e-02
4.503641778979491223e-02,4.631161379908712433e-02,4.329676878802563023e-02,4.497012877355199140e-02
4.994438505112473725e-02,3.086401873987171252e-02,3.337081492088615764e-02,2.777284065040595828e-02
4.005212259692707277e-02,3.124719335885833144e-02,4.762898843429735213e-02,2.007422103659064691e-02
2.784247179497788272e-02,1.043618415848836592e-02,3.106524265074606800e-02,4.748816935411852291e-02
3.291079291662905165e-02,2.439010704629068077e-02,2.988859314061822342e-02,4.590079467320724166e-02
3.907315387249860050e-02,3.021628837982609506e-02,3.354957827959014621e-02,4.402586845512783398e-02
4.906772834259504057e-02,4.521367598894672490e-02,3.032092259748516566e-02,1.576562123346728073e-02
4.756355112250472417e-02,3.224578355285168119e-02,4.617903546147319321e-02,1.382938749474144947e-02
1.274252346713626236e-02,4.230389645302066320e-02,1.989886286777934471e-02,2.685537789416629628e-02
3.552220377541846774e-02,3.359332473541164904e-02,1.833868074815898225e-02,3.481002468718424891e-02
2.892646381156274010e-02,2.248430339196227229e-02,3.556293812686049660e-02,4.103883968784737685e-02
4.748156648205037467e-02,1.756439948511719779e-02,1.827203458212880299e-02,2.375652990260998867e-02
3.773786417411818805e-02,4.181726258407211100e-02,3.750079280403467719e-02,3.446683337093606192e-02
2.919022271296182330e-02,1.684703535906148172e-02,1.806903132615925861e-02,3.355477296632333739e-02
2.068525959206621648e-02,2.663120403749580367e-02,1.521176304674025370e-02,1.732016833567595615e-02
2.652979711478491154e-02,2.561074208840646849e-02,1.112612908966565534e-02,4.278331298772095753e-02
1.620651472878542262e-02,2.318982274371243768e-02,3.104162105826287210e-02,3.271005082242706141e-02
2.172536077072736993e-02,4.844095616898789342e-02,2.216590239527579942e-02,1.311032785524605428e-02
4.574184040162947162e-02,1.639262992707317054e-02,2.921019270346115332e-02,1.359723299209043834e-02
3.590683349870067709e-02,3.118335558541274893e-02,2.960343068203373507e-02,2.135751514342687854e-02
1.671072856175960172e-02,4.995928694568708972e-02,1.020049873659889007e-02,2.623281302666562176e-02
3.076500129249531978e-02,1.205232320415210515e-02,2.331759201519774394e-02,1.546613870915594310e-02
1.744268381628187245e-02,2.410046161403008036e-02,1.407407576168735047e-02,2.422022788654570186e-02
3.768707502704217449e-02,3.363929007828175138e-02,3.826047841068643679e-02,1.888037420973524144e-02
4.350590121721484987e-02,2.630673415783212066e-02,3.556028372734850590e-02,3.299092983969846571e-02
3.780866600690237916e-02,2.847536363391656167e-02,1.283817116267629843e-02,3.863307402479623093e-02
4.125972668220457412e-02,4.543491443798362839e-02,4.368812542752119332e-02,3.186230643500322784e-02
1.183949658434225310e-02,1.665776855405007653e-02,4.887371764589976131e-02,3.161536578110871881e-02
3.403663279937924752e-02,3.581305430481215857e-02,1.343109691124547839e-02,1.300947172677835786e-02
4.356547544163901636e-02,3.233685682466477113e-02,3.079269035065017313e-02,2.041190340725346219e-02
1.466042981264470066e-02,3.856257389686429393e-02,1.123298739285232863e-02,3.455975038688641893e-02
2.565170720453828490e-02,2.406912400367630309e-02,2.095549967800221583e-02,2.042163148855011962e-02
3.438711808611049497e-02,3.439410017878670456e-02,2.399155416862117779e-02,3.594641317642745248e-02
3.539948195375174078e-02,3.609523923417252977e-02,3.283085141814906516e-02,4.259471993006876817e-02
2.614006131470521938e-02,2.102309056969743628e-02,3.605243342274169760e-02,4.267986823712119349e-02
3.404854202308941341e-02,1.115194217327096678e-02,1.468126946318972295e-02,1.499319525598795041e-02
2.484204056563325130e-02,1.174708998272151403e-02,2.728513043096118806e-02,3.232217582317393340e-02
3.713227433221679558e-02,4.165284046991785810e-02,2.132159118380868093e-02,4.427481137171115216e-02
4.153042834881155027e-02,4.062043054452827567e-02,4.061147892234744788e-02,4.751746992770254641e-02
1.938363023914004349e-02,1.687287578995989162e-02,3.802091828248537614e-02,3.407066193397135373e-02
3.476092506791352704e-02,4.964786054210790223e-02,4.899223415429921485e-02,1.260038878852258459e-02
3.773350396261764689e-02,4.525729356820529237e-02,3.198115653400419867e-02,1.008217561002293025e-02
3.484512178181453645e-02,2.981804900807742686e-02,3.589512284077510385e-02,2.531018064985297855e-02
4.915554279291416140e-02,4.867478961658631975e-02,2.672136467066207888e-02,3.189240963166909554e-02
4.480176701516482007e-02,2.503733440058218337e-02,2.888355553902779982e-02,3.644198863185184323e-02
4.704811760135828302e-02,4.190241302620331676e-02,2.294401064543171581e-02,2.872988817504319725e-02
4.834322677873422597e-02,4.144791278285911429e-02,4.134830027482604142e-02,3.400134028911407785e-02
4.120555346912169181e-02,2.027450574131783867e-02,2.133084222216692638e-02,2.587773373719165493e-02
1.393013838397955291e-02,1.787859142668205004e-02,3.640871709270838974e-02,2.706421293887720930e-02
1.555528060801629475e-02,4.133310137041260740e-02,3.691870759646416478e-02,3.069512133844502777e-02
4.654722736230584162e-02,4.544540520550487128e-02,1.669308557806182397e-02,3.081110982468045906e-02
1.172142925336694917e-02,3.331307910961475022e-02,1.291917468883050160e-02,3.309716355668591153e-02
3.148148455042462657e-02,1.450471209420501652e-02,2.886518231784693245e-02,2.242961737029797176e-02
2.153167828865271485e-02,3.701165139499670853e-02,3.971069597908149368e-02,4.572832227036498220e-02
3.825001639953976712e-02,2.470114674551734946e-02,1.870217993615172491e-02,4.689679344605927891e-02
2.195079903343062633e-02,1.887932682879778223e-02,1.910274355089057463e-02,2.998284925481421725e-02
4.854376354541407868e-02,1.228783392944120603e-02,3.936279910245497893e-02,3.159461706928960723e-02
1.212788855392904833e-02,4.150678259810050563e-02,3.275797824103184042e-02,2.149059538623823012e-02
2.769626377121221089e-02,1.863121537279142231e-02,3.471814794720773367e-02,3.705993265153290084e-02
3.462234788668720753e-02,1.985737195093743510e-02,1.432233062097727425e-02,4.018422865518623405e-02
3.947126693681572707e-02,4.061457938710826693e-02,3.009524237163872795e-02,3.884849736206994614e-02
1.218625531339134760e-02,1.995507485721381702e-02,4.107485128533287094e-02,3.278242956282136078e-02
3.600173362156593865e-02,4.484812860665980672e-02,2.183771166431842936e-02,2.630279038628046545e-02
3.468449672606537665e-02,1.177659596747531422e-02,4.929820455637898280e-02,1.142278806377559214e-02
1.719617264102108259e-02,4.605739622079024764e-02,3.896731708528624466e-02,1.353871247217425938e-02
3.522644569311431106e-02,2.666542034825374746e-02,4.832534655305927018e-02,4.577487805043251728e-02
3.524763201082781877e-02,2.054539429834858003e-02,2.144598151683285714e-02,4.730784508527957621e-02
2.415725819507126559e-02,2.537318839011837648e-02,2.608364262384499366e-02,4.998289909623949284e-02
2.233402412904385292e-02,4.541251077475026710e-02,2.024780713966534140e-02,1.408821697245001350e-02
1.964701334414469674e-02,3.948220314044277590e-02,1.047336168452227267e-02,3.871644246487921520e-02
2.942842022705109001e-02,4.453611355660024029e-02,1.905531456284398351e-02,4.760266284529408171e-02
1.316709950139518213e-02,4.903378332075507273e-02,3.406798373488647419e-02,3.545217937278074410e-02
4.508294682245735790e-02,4.104874691435381889e-02,4.838462969787241108e-02,3.887599328962280942e-02
4.433699579672217145e-02,4.913235529344078117e-02,2.926975673997328498e-02,3.151075263063429083e-02
2.428751957487020746e-02,2.207475660336556678e-02,3.504726230956130284e-02,2.484198796580766241e-02
3.195540613438510591e-02,3.506374941215278929e-02,2.141959764671327177e-02,1.527296500925956653e-02
1.276633120670476844e-02,2.287424141946538952e-02,1.209171767481588555e-02,4.756072478684319343e-02
3.581676874397560217e-02,2.165113430938238326e-02,3.572306409145845074e-02,1.670900716716412077e-02
1.410006055070982603e-02,3.132982612416444074e-02,3.121026956208432235e-02,4.328115047379418878e-02
2.044779098416485072e-02,4.305326212934005442e-02,2.414526184676981518e-02,1.749597826791572316e-02
2.347075123998424925e-02,3.847388963339159335e-02,2.880065166059767034e-02,2.785857114333253198e-02
4.249560756974005149e-02,3.776480396087354696e-02,1.024392882296222898e-02,1.439646701384825200e-02
2.377238068241471075e-02,2.654765211503213457e-02,3.312774510263071653e-02,3.080208276584577021e-02
2.651076535863255285e-02,2.726865813464234012e-02,4.929605128606933534e-02,2.604608251870526442e-02
3.514730323221733344e-02,2.636570561640350085e-02,1.416149831673833501e-02,2.271320559450643040e-02
4.185646692550244047e-02,2.149063963320611489e-02,2.653865592959718522e-02,4.631668422919547889e-02
2.653256370808215053e-02,3.184506670463303074e-02,2.965891727992603366e-02,3.866586797370494960e-02
2.628471206920946629e-02,3.968885581563497827e-02,1.288188368273301791e-02,2.647741769232123815e-02
1.443229660492719238e-02,4.991332513314866021e-02,4.092715236431091613e-02,1.674410682870951933e-02
3.658306431186802987e-02,4.298536677109069531e-02,2.814547262661157984e-02,2.478449084439714872e-02
3.065660202061527839e-02,2.129914741520208196e-02,1.763700950792935693e-02,1.658573327644870254e-02
1.615357329383998453e-02,3.571836909617618488e-02,4.053890978116682364e-02,4.912112460938065223e-02
3.870854006115441448e-02,3.965660981782904992e-02,2.096551804326882845e-02,4.799206694132870238e-02
2.155375137231977864e-02,1.342868197248844875e-02,4.616386828473682813e-02,2.943675107717140527e-02
2.360891300750969993e-02,2.591608564209526427e-02,3.057377102074781972e-02,4.634322973069751606e-02
3.557610775858257440e-02,4.898831472097470857e-02,2.165541456600762749e-02,1.341773253387233168e-02
4.252158060627022479e-02,1.453979031054097870e-02,1.400180374835891320e-02,2.646523797940366490e-02
2.087188003017936833e-02,1.396766869655824243e-02,3.735722963467601881e-02,1.143026393862314749e-02
1.551615336757973182e-02,3.029429709187741321e-02,4.362748546523668308e-02,4.397365803504118403e-02
2.341281791936700857e-02,3.919311875350747071e-02,1.324708676548040295e-02,1.773283629107426027e-02
1.879340263703536962e-02,3.620558746880507550e-02,1.062352826172623284e-02,1.570438258159324862e-02
1.497731375352607738e-02,3.497857779358628377e-02,4.807608631497279489e-02,3.299765111447215682e-02
2.567604267330120954e-02,4.065530262706223974e-02,2.547549023115248945e-02,4.137291791079422687e-02
2.995305635079189427e-02,2.845212218202122778e-02,4.917257701783495777e-02,2.899474851044440277e-02
1.790952126076201384e-02,2.805438466359334165e-02,1.132637573329923174e-02,2.409085953598052998e-02
4.928816365756377715e-02,3.573533841088738505e-02,1.632946557925644623e-02,4.039283690711979735e-02
3.119056453719364075e-02,4.672666625543695634e-02,4.822836023470662703e-02,2.892015166321827702e-02
2.020791405788794487e-02,3.218650978879342150e-02,1.285122217935841249e-02,2.426778542323380916e-02
1.885589873914501891e-02,1.997796526663444400e-02,4.031310563584759171e-02,4.588464205958167619e-02
2.876633905452428280e-02,4.850637278207902553e-02,3.107607974593523670e-02,4.348358179949871061e-02
2.417244405190951267e-02,4.275346933351266421e-02,2.584126254130987566e-02,2.825768353603162752e-02
3.270465237541686498e-02,3.706103630937763321e-02,1.524058632061112487e-02,2.889012199776545831e-02
3.263566105692332353e-02,1.891112887929773806e-02,2.930304949383163993e-02,2.610454278157739449e-02
2.104935089102392617e-02,4.624720125041122815e-02,2.328464738536529383e-02,4.534787914154513044e-02
1.562029986838957447e-02,4.151020262976781033e-02,3.193606490485982607e-02,1.069513603765768518e-02
3.042225273655459888e-02,4.725241664705658040e-02,3.325045933068611348e-02,2.051476626137910958e-02
4.420532863582824629e-02,4.162867477334823013e-02,2.394846065553487766e-02,4.524128937095500680e-02
4.761285478303608348e-02,1.146323933503405265e-02,3.789084586261445842e-02,2.775915655034353474e-02
4.755948557994184311e-02,4.193391400988713547e-02,3.301887303854575406e-02,1.235375573961577066e-02
4.761607049042153317e-02,1.528322376119485917e-02,2.391654937964092509e-02,2.561153855046453473e-02
4.715703292007079883e-02,3.038584667300447267e-02,3.861770525643798413e-02,1.740355757924668192e-02
2.273347228788297203e-02,1.571500275713830913e-02,1.161479322468394505e-02,3.191668936536051077e-02
2.025177897960908635e-02,3.167271637753853175e-02,2.881587849119271461e-02,2.215740396320679470e-02
1.377728921014443296e-02,4.267099513920702414e-02,2.895522862023366950e-02,3.193206754673782316e-02
1.109191897472194301e-02,4.253339858724531491e-02,4.657364476994364788e-02,2.428512965691383835e-02
3.218347968152425465e-02,4.388258546402848403e-02,2.380938327090847961e-02,2.842779038157743771e-02
1.831263259831308887e-02,4.996537907519996158e-02,3.933034415707250403e-02,4.216048869562256246e-02
4.079842477300360537e-02,2.559199412058492384e-02,1.577216914560042663e-02,3.308342910265641562e-02
2.552284630951238281e-02,2.299152826090552354e-02,3.717408475081201980e-02,4.274737807705599607e-02
3.551211235246457681e-02,1.243614924770073717e-02,4.286839170658385267e-02,3.613923117381102196e-02
2.180512445651523745e-02,1.845436125302699765e-02,2.131246834397446110e-02,1.027110250630735439e-02
3.580395023733731058e-02,4.303234529164320921e-02,2.610279542391347185e-02,3.340128791914371426e-02
3.063306816392468573e-02,3.616987838345278594e-02,4.899757753920128828e-02,3.739101609169958457e-02
1.070685272277059792e-02,2.858176630220930770e-02,1.229100894307975922e-02,4.141781047534505433e-02
2.617311451958930640e-02,4.245105333187045721e-02,1.987979357134875280e-02,1.370344399203938211e-02
1.429811096105187626e-02,4.457502385867234684e-02,3.636876628620914348e-02,4.213624457766586284e-02
4.634708420913172949e-02,2.957503607293161807e-02,1.815163379450335235e-02,4.362853133232733743e-02
2.175280686699289368e-02,2.434363884738466322e-02,1.917455745879516338e-02,1.781724976814968997e-02
1.499427696456514386e-02,3.645616986503497081e-02,1.486830568187547108e-02,2.239877919281182267e-02
3.497860432902681616e-02,3.819190501039668173e-02,3.219159231663556997e-02,2.435373756670446144e-02
4.934295119153696979e-02,2.223912226246669427e-02,4.586707589663691770e-02,1.351761150060107330e-02
4.443166112390457140e-02,1.140067093564365273e-02,4.102795208837924090e-02,1.809636308903463109e-02
2.249790629878251763e-02,3.899083021451092007e-02,4.344765145932980716e-02,1.937290488128670662e-02
2.451439269512080410e-02,1.664603744959970016e-02,1.145204875345971936e-02,1.651326169237697650e-02
3.137062556159760096e-02,4.043149353724499045e-02,3.331523255501849662e-02,1.705097041709853489e-02
3.042615428694211976e-02,4.240748901146659811e-02,4.023027272350938877e-02,4.890180918583426906e-02
1.997817930830270844e-02,1.524495611460218239e-02,2.140939678528241269e-02,2.472316076285216782e-02
4.748898157094137706e-02,3.369671442818048673e-02,4.255216397258219929e-02,4.732727817981600277e-02
2.779527325537663879e-02,1.842512018199860685e-02,4.782086466525296148e-02,2.035841812820591082e-02
3.357466776618564519e-02,2.510788531286943515e-02,3.152915480254565861e-02,4.757856567935982856e-02
3.149600650117075767e-02,1.590868689760091548e-02,3.762287086841717421e-02,4.184180432916480979e-02
3.446121100721948743e-02,4.306791101408549705e-02,1.030828814158545916e-02,1.209622536183615864e-02
3.351560447506145290e-02,3.409534984395703322e-02,4.736267454122354559e-02,3.744199428973408322e-02
1.896024952354985471e-02,1.498672749866516822e-02,1.510598611517965408e-02,2.303311669953546359e-02
4.259740894897325741e-02,2.638638510368784135e-02,4.735625419601491304e-02,2.339909184877536283e-02
4.772358506380751375e-02,3.190032745580153456e-02,4.006433517798983074e-02,4.150800168653177857e-02
4.476716871557237520e-02,2.759024724883703261e-02,1.848111960254893507e-02,2.294721256513059665e-02
3.538919769361512091e-02,3.502881409402309326e-02,4.294111451033497118e-02,3.779361914983336845e-02
3.619408252334207349e-02,2.056655437747330339e-02,2.947840395744064090e-02,4.968703351228985488e-02
3.612372626991100510e-02,3.113781148485542799e-02,3.086210560269344455e-02,3.153484322652297389e-02
2.445397876064000359e-02,1.507945184577414235e-02,2.014343097177635766e-02,1.950270813082606580e-02
1.001421223781734718e-02,3.579186991717200200e-02,4.440865026684476941e-02,4.598639223742839038e-02
4.257567621732925162e-02,2.228586295254740904e-02,2.961801142910236440e-02,3.065434040733773513e-02
3.094304831473003448e-02,4.898357381697086149e-02,4.662988629816267744e-02,4.001031332612455665e-02
4.792600494060275662e-02,2.725623826787711146e-02,3.240447065493179402e-02,4.539529587327058996e-02
1.669762218328222497e-02,3.519795643472117125e-02,3.954719664531527318e-02,1.410726210733644764e-02
1.176339343275474049e-02,4.027826822157609676e-02,1.429535334185417887e-02,4.103434699680083564e-02
4.501419622306149226e-02,2.658618918322781105e-02,4.610095342373707328e-02,2.755664561196228407e-02
2.648396938694101699e-02,2.357203485096693446e-02,4.240674992261711518e-02,4.022328881536298140e-02
2.777414509990826230e-02,2.368963545279135358e-02,3.308772506521461682e-02,1.818561367806960372e-02
4.524569714954684851e-02,3.481779609659579194e-02,4.798250574865492446e-02,3.250305527403000300e-02
2.515708031339777134e-02,3.671257431841332131e-02,1.771077472973072234e-02,2.716832823191660945e-02
4.708333988999543335e-02,1.719818372575180471e-02,2.120740721025674014e-02,1.013555387045627677e-02
3.285938246400119805e-02,2.305009994062012790e-02,1.250709505850787148e-02,2.696007388516900860e-02
4.909745917183178793e-02,1.038123718633603317e-02,4.647737272826872601e-02,3.920120847129084790e-02
3.819153678992875944e-02,3.643873252761754833e-02,2.553147757536886053e-02,3.357175182538683217e-02
1.142872764008614692e-02,4.908728638968430646e-02,4.652983683089408767e-02,3.219634766526164454e-02
3.170387878237174162e-02,2.332053790584018640e-02,2.206660729066593774e-02,3.344780778777994151e-02
3.444767592293798003e-02,4.277627948794853613e-02,3.389404308769857627e-02,1.052588944959002848e-02
1.385449502291434196e-02,2.777758734975334376e-02,2.123284121549242481e-02,3.635075605325234493e-02
4.880461952180650126e-02,4.502486884512543058e-02,4.419620778913489062e-02,4.405165755933634908e-02
2.035146825832477926e-02,4.661197722755736073e-02,4.954929452444422483e-02,2.027482678261767826e-02
1.389726773319009158e-02,2.065132749823024583e-02,3.574588972260538816e-02,3.515634203249709544e-02
1.202758983312322144e-02,4.600838897919112824e-02,2.086764289942850265e-02,4.368660775272821539e-02
3.785627127735123609e-02,1.543538147164854116e-02,2.083233559244701549e-02,2.651884663653907709e-02
3.275069854181397039e-02,3.904904726881916477e-02,2.464635081250295817e-02,2.090202280230437845e-02
1.718028780202119840e-02,4.683237211679901202e-02,3.920853956057469836e-02,1.617232491797048963e-02
2.212507246613266282e-02,2.616057282668481088e-02,2.588013906692269300e-02,2.483195463874034170e-02
2.223009548902159932e-02,2.894818261762861084e-02,1.129895217711081312e-02,3.034597391175561376e-02
2.047602179809920875e-02,1.357392572656178353e-02,2.574034163467513181e-02,4.573986291858843367e-02
2.007837917722471444e-02,4.153038203490751895e-02,2.730350862109518634e-02,1.289637809994521878e-02
3.137734537118172518e-02,3.453523182171319011e-02,4.024853182087609338e-02,3.908294316836612853e-02
3.320264471798556327e-02,1.776233281257658808e-02,4.442712594106296153e-02,1.391712801858238820e-02
1.172914492095472778e-02,4.221937926093662086e-02,1.591614920210255094e-02,3.409654945021362016e-02
3.927726546878253927e-02,1.257052405599322874e-02,4.120068112044069503e-02,1.893849533298343907e-02
1.575326607466926224e-02,2.455795507620218282e-02,2.352838437798128457e-02,2.303021648320800752e-02
3.126193356961276537e-02,4.073225313089637312e-02,4.148274450918877643e-02,2.262934919019079713e-02
1.263698329271964980e-02,2.339162588224843672e-02,3.743132189751099265e-02,1.752731581984680320e-02
2.891739360509240631e-02,1.561676609021752857e-02,4.233979252749225236e-02,3.013172746137540714e-02
3.673159655661242112e-02,2.008385916218017112e-02,3.794438199430284070e-02,3.738399536784468152e-02
4.738583876338185730e-02,3.079515015370088565e-02,2.432112187779875839e-02,1.178573421808615240e-02
4.083335654984741186e-02,2.358777004309681180e-02,4.187873252081768943e-02,2.882504607105405847e-02
1.610476993806166796e-02,3.761747581825829190e-02,3.018591281253783093e-02,2.423393741677953503e-02
1.841301639810934837e-02,3.614256055086304681e-02,2.388817840806734677e-02,1.506271306814679217e-02
4.385948910070112255e-02,2.962325314519065333e-02,4.437514599287267075e-02,2.676736409656167021e-02
1.801413230302953417e-02,4.413751525180055479e-02,4.576394685306434812e-02,1.521663568154324811e-02
4.411450716060540123e-02,1.115248434472495068e-02,4.834691620285978125e-02,4.504870094465063257e-02
1.152131539180336478e-02,2.677310700598217741e-02,2.523413699943237443e-02,1.477541544189042537e-02
1.345894211334606669e-02,3.311246625324219123e-02,2.647825778202234775e-02,3.619882897821933426e-02
1.262897037634164339e-02,3.686538366119791743e-02,4.235867623997240788e-02,3.011089536608531347e-02
1.061973029517368668e-02,1.453038640430326725e-02,4.163556621531635388e-02,2.266203217680025361e-02
2.314107988257347454e-02,1.272718587600887505e-02,2.645676882570646704e-02,1.339192147813021705e-02
2.406561929513330311e-02,1.366580855609463713e-02,3.903670804565088220e-02,2.654168006443763383e-02
2.156676648355149509e-02,2.987745076095462554e-02,2.581064475141346681e-02,2.053804735581424637e-02
1.762714314737040544e-02,1.431594992744501978e-02,3.951591631145765643e-02,3.281247994070723289e-02
3.397455414884314323e-02,2.278476557677597270e-02,2.565699803130176704e-02,3.896326997656962554e-02
1.413689307789943103e-02,2.463346597251367398e-02,4.509109753787089725e-02,4.966978359447871139e-02
4.028868719860853598e-02,4.942012565825718018e-02,3.645122037348176580e-02,4.707754999256295869e-02
4.749631791856680912e-02,3.148093150499185755e-02,3.953524521903985928e-02,1.410916682623358787e-02
2.482638994652228842e-02,3.371096050405229805e-02,3.689589552590649690e-02,4.286599638245165017e-02
3.526598331252320251e-02,2.374770276350075121e-02,3.317278240095083985e-02,1.214685862473191720e-02
4.671331267310498137e-02,4.391690788414757268e-02,3.374536934317994008e-02,3.277252500400332919e-02
1.451947809841247147e-02,2.526673175205661551e-02,1.397526015091649434e-02,1.057418374423208830e-02
1.698301588215151217e-02,1.662614399990680267e-02,1.578124753699752802e-02,2.557814790422330981e-02
1.339827926819272402e-02,1.857309270901943282e-02,1.862277561603008919e-02,3.313615115542409284e-02
4.447976639451321074e-02,1.367825675089908398e-02,3.878600179691838595e-02,1.602503582860343931e-02
4.085857586403507380e-02,2.539067584592763493e-02,3.401653898073035004e-02,4.950057391934566814e-02
1.810913604581635555e-02,3.745216942267617921e-02,4.711514102171189544e-02,4.022094236844060700e-02
1.398084648582069781e-02,1.198352480193187568e-02,3.702780330955334626e-02,3.647826945644105229e-02
4.760114034696886348e-02,3.053386353077226778e-02,2.828072322103643982e-02,2.478811250666838537e-02
2.206502760539886393e-02,4.965366129788879174e-02,3.930677629084294855e-02,1.936419572850879914e-02
3.095164387342777546e-02,3.771216751072448831e-02,2.151509099826250798e-02,3.021439089855904037e-02
2.241462454936097790e-02,2.058581406107107964e-02,3.791163695809453976e-02,3.726311125306171201e-02
3.808647854413607647e-02,1.312824007983683962e-02,1.062658280607682061e-02,3.315734042210689847e-02
2.484721652258539693e-02,2.133225708748875266e-02,3.063002321566069691e-02,4.811285322353263394e-02
1.629673408770869816e-02,2.053553133120101029e-02,4.160200576099524344e-02,2.159060825289768615e-02
2.277443925504856262e-02,1.391574771846873504e-02,4.523835379795931866e-02,1.065509619046264497e-02
2.263692163086403544e-02,2.941275403419078144e-02,3.363876030816471963e-02,1.946959699942290081e-02
4.108658839583763378e-02,4.382634399677352854e-02,2.521646460204474485e-02,2.794438551903431767e-02
4.620779796151845698e-02,3.151726206694478727e-02,2.478072556299789828e-02,4.715317896970810246e-02
1.294595358104129110e-02,3.576175592424819805e-02,1.920660109766146595e-02,1.103192930822549309e-02
1.074825639254599167e-02,4.001774373425120990e-02,3.726946520929014239e-02,3.319712699843808956e-02
3.111563564783454555e-02,4.647186782919493497e-02,4.072362095047154379e-02,4.148366602950745441e-02
2.650957926747967569e-02,3.919779961663198004e-02,4.599131884769080969e-02,4.182943720848246449e-02
3.873370696444386474e-02,2.067191848703277268e-02,2.041214209940844099e-02,2.111474453284911332e-02
3.188399371016178291e-02,2.084654370813524699e-02,2.997007799730290467e-02,2.202749716405642127e-02
4.246422522115303466e-02,4.982894185809345206e-02,4.406796587064994164e-02,4.306155494546393125e-02
3.888553855953288951e-02,1.003269598310266991e-02,4.349839870122400309e-02,1.613669117601671671e-02
3.932910370043584541e-02,3.686073898828712975e-02,2.766944888302281386e-02,4.877306900997534916e-02
3.512511101783041823e-02,2.715399750470021828e-02,2.744936765845313459e-02,1.850384757077749853e-02
2.186153841850323187e-02,1.423308820958488902e-02,1.428383770474066228e-02,4.500407265350515884e-02
3.819686401581567220e-02,4.532645356108180174e-02,2.545484577846423430e-02,1.067845588227902404e-02
2.760820180731136247e-02,3.008769642294666785e-02,4.111504958960434525e-02,4.122467562360278281e-02
1.272216542626581660e-02,1.331567273907021537e-02,1.490773087364133040e-02,4.514979154148197199e-02
1.826216995857395456e-02,4.187720257728538148e-02,3.556860473204057765e-02,3.836617452931398442e-02
3.043541884901350414e-02,4.877928838703220887e-02,2.693551731193968846e-02,1.617406386485241432e-02
2.096476501530174924e-02,1.456424733258424378e-02,4.469936041475867233e-02,2.301986957435675496e-02
1.710099373921626295e-02,3.831722341290155764e-02,3.125656092836356925e-02,3.901156505738226365e-02
4.384701926457378052e-02,2.137302886361944210e-02,1.922225361800183885e-02,3.283296769110298496e-02
1.480708384668745492e-02,1.327482283867042513e-02,3.150045176015865006e-02,3.362850118686076806e-02
2.150665496996196496e-02,2.725056249682824422e-02,4.461810499583295647e-02,4.258691120788507534e-02
2.071415447465172616e-02,2.484183315608502751e-02,1.993225178485530727e-02,3.031604613735230241e-02
3.458634675645105849e-02,1.854948325460396147e-02,3.192059405423998408e-02,2.885767034544867854e-02
1.927975232901917371e-02,2.773590265894255308e-02,4.772145070394109151e-02,1.404068841180689843e-02
2.643257703842193801e-02,4.103724225906072581e-02,1.363543595487933663e-02,4.120637475264742056e-02
4.854957326167683856e-02,1.452167139238308945e-02,4.425161417560179167e-02,4.203450297974958144e-02
4.072376849862326814e-02,4.128218415617405240e-02,1.307794358445427130e-02,4.695627549590137423e-02
3.565713425479222903e-02,2.024997191910989786e-02,4.891391756554427234e-02,2.862306007734429641e-02
3.837527414603852938e-02,3.775320738976668811e-02,4.135296021034205044e-02,1.855238403855623622e-02
4.515349190241131627e-02,1.131762453282276343e-02,3.909589597641369152e-02,1.042294364862958282e-02
4.100653064146499160e-02,3.306873435865084754e-02,3.395086950225025685e-02,4.384683780952038090e-02
1.977055590823693920e-02,3.771920225453580244e-02,1.609264723067181310e-02,4.357016011342192824e-02
1.982455707735175654e-02,1.986268045401677618e-02,4.741776250135323889e-02,2.515903908895912588e-02
4.599401332106984458e-02,2.454634481004861965e-02,4.774546595545257205e-02,4.732285459251285575e-02
2.060225896826321096e-02,2.767602540291620034e-02,4.624856228270986941e-02,4.056205747677098933e-02
3.120267392449099786e-02,2.967917368674433121e-02,4.964840561985370965e-02,4.794308056797734474e-02
2.192206148585311432e-02,2.904137965631363449e-02,4.773109748805730995e-02,4.611578872594379597e-02
1.694232515502461581e-02,2.291175214352866862e-02,2.108803762576329580e-02,3.937443485054149817e-02
2.273164803226185304e-02,4.570123641150850013e-02,1.697054448910392810e-02,1.095389459231974061e-02
2.170027913131683181e-02,2.287048417265281214e-02,3.985028078929404860e-02,1.905971699291141366e-02
2.565503083258383055e-02,1.044071923830284382e-02,3.288316953399173653e-02,3.224518335960205317e-02
4.521297349220593925e-02,4.967579849488885230e-02,3.288502629354910639e-02,3.043455524839054627e-02
1.248684772377373076e-02,3.380624982344286600e-02,1.379880989451650122e-02,4.800335443000239288e-02
2.345823611132674680e-02,3.043561618663373491e-02,4.096440708568359346e-02,4.468567473569151627e-02
2.815891926933464934e-02,4.213904539160297918e-02,1.463577598533559107e-02,2.169566672385121048e-02
2.672359677677794282e-02,1.250852683150646336e-02,2.887564137127706515e-02,3.227519260451960914e-02
3.898817149839754748e-02,3.097628268244344285e-02,3.685158521994720549e-02,2.774872785146366427e-02
2.666403500390739784e-02,1.659578719914451411e-02,1.567648343487614004e-02,1.958611748213958531e-02
1.640402382835674105e-02,1.153696962121153122e-02,1.143147185925986326e-02,1.454205035378700397e-02
4.654094048524715088e-02,3.255648640773020630e-02,1.507758254021281108e-02,1.567497404307247044e-02
2.083955308395615824e-02,4.626161531248335762e-02,3.596874184115552570e-02,3.845130876677483461e-02
4.623507425082448025e-02,3.804341228043971179e-02,1.126403978466718886e-02,1.398395713390706771e-02
4.160501775321916174e-02,4.673267871285323449e-02,1.461015854838867284e-02,2.185084799224203816e-02
4.491668072664484201e-02,4.705795693185237105e-02,1.712447638036485031e-02,3.229721834697339006e-02
4.892123064930994220e-02,1.202579204530261799e-02,1.789623637707662973e-02,2.022949058078513801e-02
2.048306773677823628e-02,2.813548703620489394e-02,1.762383089939634218e-02,2.773408179140143121e-02
4.687200546008015584e-02,2.082276001346026681e-02,3.303783724873934208e-02,2.603765421538094260e-02
4.909595114283189787e-02,1.031998739120263200e-02,2.512158055303707893e-02,3.627915121439432428e-02
3.097457382183046309e-02,4.363626873432696618e-02,4.083856968861635656e-02,1.241981816603229816e-02
3.796792843965830777e-02,3.964623912682096324e-02,1.384376237392158891e-02,1.376049792631501428e-02
2.379536913140272922e-02,2.920342803484894667e-02,2.733673465963657595e-02,1.607509244692270634e-02
2.352567566323064685e-02,3.120354683277812291e-02,1.768057177385896211e-02,4.680070268844641751e-02
1.682739910098422775e-02,1.418037385540417070e-02,3.699217115393594463e-02,3.209445252350003747e-02
4.488890718546641873e-02,4.423190876497058027e-02,2.313086943208661483e-02,4.808848162422321715e-02
2.119290071930650388e-02,1.665559036293648432e-02,1.670836302819911703e-02,4.421106892331713029e-02
2.324696580655895295e-02,1.211353357226741846e-02,4.692144957468940419e-02,1.322045233322290125e-02
2.563032272852089344e-02,3.865634256880130099e-02,2.549550149156700612e-02,4.889022611356212689e-02
1.712824959374387862e-02,3.596682093154546234e-02,1.601136141316553130e-02,3.963364990714083463e-02
2.265575328720709908e-02,4.708761678068151824e-02,4.337373522621437022e-02,2.527125438929304219e-02
3.964673782224548831e-02,4.935438213199951074e-02,4.489496301932008326e-02,3.250574570328206014e-02
3.770107533043340342e-02,2.317948348020276716e-02,4.917059105663241364e-02,1.129000000512636430e-02
2.361846970050546224e-02,1.401865515014271563e-02,4.133583469041347130e-02,1.608706091531168780e-02
4.562335701030696689e-02,2.569870839131398188e-02,4.144874669744891271e-02,2.125535484359089913e-02
2.860414553634887946e-02,4.611370885671153830e-02,4.351646527331192588e-02,3.175114201440516759e-02
2.413598074212736783e-02,2.254556201942518878e-02,4.456502856765378467e-02,4.400700870402186882e-02
3.961230383840393804e-02,3.656574513745743105e-02,1.120126696911905202e-02,3.513591250996537380e-02
1.212090664480399912e-02,2.627023342952999191e-02,4.770197969810351796e-02,4.744952642912863422e-02
3.892307966706592959e-02,1.841602422788393700e-02,3.043588260899967451e-02,1.415649950755950084e-02
4.577807988893272534e-02,3.677640741064869961e-02,3.012932657853999163e-02,4.077565307705530856e-02
2.052994003380141652e-02,3.293434905756355974e-02,1.290396457764918237e-02,4.148468149416482259e-02
4.186765165163023467e-02,1.844036501664430769e-02,3.074310184226242831e-02,1.879991117076174750e-02
2.928142567037118199e-02,4.948418526892559705e-02,2.698426252015298510e-02,4.322971406196399885e-02
4.452864786981426681e-02,1.326692963084789845e-02,2.268420136474519344e-02,4.443314372562699732e-02
2.231079482865823416e-02,3.252946248726415468e-02,3.047857383860379243e-02,2.231572684373768489e-02
2.075386959728976743e-02,4.881040172559365092e-02,1.119547455152968864e-02,2.762562598604891700e-02
3.362985715146332710e-02,3.078281561071030681e-02,1.420140762728909142e-02,2.338566393185800146e-02
2.879818084562853903e-02,3.836275213920224691e-02,2.124134937369142814e-02,2.630885877057158317e-02
3.916252565500767668e-02,1.803440991244561684e-02,2.299957236488733847e-02,4.591086666264265065e-02
2.043215156412037797e-02,3.748271544470761080e-02,2.640941484393817540e-02,3.585091738815347068e-02
4.875252075602724139e-02,2.238930719545802195e-02,1.055258077012251675e-02,3.677742144221374937e-02
2.231626713020513908e-02,2.499623680749291782e-02,3.592451519610997956e-02,2.841720524150339461e-02
3.220077026111823476e-02,3.123564968105480705e-02,4.254011137820077476e-02,4.820956275065361313e-02
4.265938665527019974e-02,2.952192441923759403e-02,1.059261594458504180e-02,3.242593831236324081e-02
3.883114374641277733e-02,2.868870545967702745e-02,2.796611506205460423e-02,4.860469522877147036e-02
4.374001928669214723e-02,4.876715949013184920e-02,2.230969448708407937e-02,3.178789673699874974e-02
2.681736608347412565e-02,1.142062977974100252e-02,2.007109514064962796e-02,4.651238767170701172e-02
4.873749739614345600e-02,1.572927698607595043e-02,2.860299974254769395e-02,4.983372926733299624e-02
1.399651134525971112e-02,2.971129515242944968e-02,1.418698949643254666e-02,4.245857934975307696e-02
1.028656363238542558e-02,4.325039842750051655e-02,3.358626792066632394e-02,2.563841451469751204e-02
3.556752856325023915e-02,2.527092400837507163e-02,3.780986201056692891e-02,2.622273565010636159e-02
2.805876807499597947e-02,4.151851596715706860e-02,3.423256999997321970e-02,2.015047308891242117e-02
2.780777055764473149e-02,3.052558060896614495e-02,2.910905609253088000e-02,4.352970748654589467e-02
3.567707654737242023e-02,3.458144642070661717e-02,2.810000252415459365e-02,1.627614844682256576e-02
4.861817781841677039e-02,4.447095702176347837e-02,2.638356631729606161e-02,1.213841857146350303e-02
4.387903331905976950e-02,2.232039416676050159e-02,3.456861308128923727e-02,3.110786296167177695e-02
1.150155830088751829e-02,4.687226835666178509e-02,4.210424037384900148e-02,2.679522211257266001e-02
2.161860107112239734e-02,2.879718684648939486e-02,2.341960377569222984e-02,3.125910410817532570e-02
4.030747617928726739e-02,3.337374627980500136e-02,2.974168690097672013e-02,1.242507975338714814e-02
1.093470690216955497e-02,2.396305309174788858e-02,3.684763978736937257e-02,4.253790712238506716e-02
4.526518971178945805e-02,4.715386782863604381e-02,3.730246511502433721e-02,1.095999577171846359e-02
4.336848930586602313e-02,1.163649501736059577e-02,4.308459296181602755e-02,3.562248237975361442e-02
2.172721273797448630e-02,1.545814860987121050e-02,1.392541707408391158e-02,3.489208927876869676e-02
4.411159405598256283e-02,2.568818397675371595e-02,1.430579504214927154e-02,1.701755893388796556e-02
3.600589136444570793e-02,1.180947263962441041e-02,1.900925969501601059e-02,4.208882701269852505e-02
4.251668164912526804e-02,1.120657801154329759e-02,1.729128410619098014e-02,4.352651884631025120e-02
1.097253907471197609e-02,1.068627816383807203e-02,1.529835475323618015e-02,4.566276975726855231e-02
1.798749286865428121e-02,2.399146021820513716e-02,3.888070516798840942e-02,4.899701123077009057e-02
4.344893829921957912e-02,1.990846882515964408e-02,2.149270969678789348e-02,3.874609763118884442e-02
1.582116674400492126e-02,4.785777541746442931e-02,2.889932849314088420e-02,2.599426962156234366e-02
3.861422966128760098e-02,1.460442006523786883e-02,3.531781394929745660e-02,2.796962364215490465e-02
2.866800254600819498e-02,1.743512961771058120e-02,1.544857586059000462e-02,2.893307233721184590e-02
4.938591777967570040e-02,3.508589314288254601e-02,3.686600092058913564e-02,4.684167232556194632e-02
3.760623983137571791e-02,3.894281091190664179e-02,4.941284419775724551e-02,1.511877681167247446e-02
4.311879718486321539e-02,1.030179351457596523e-02,3.223090040342702772e-02,4.782345432686934544e-02
3.283251258157891816e-02,3.921335374451387357e-02,3.078991866685418244e-02,4.317493105012546600e-02
3.580431174313990217e-02,3.277080922039397187e-02,3.407338581323139659e-02,4.728458172644319640e-02
4.317487619642238622e-02,2.373306467642636794e-02,4.725283728677235479e-02,2.289994208942684739e-02
1.605979644990367106e-02,3.956822045033954460e-02,4.486932970750402011e-02,3.348331197048338287e-02
3.949528851668630824e-02,4.941115140565133235e-02,4.215152329920416469e-02,4.516042771354008417e-02
4.719655035441187169e-02,2.843740784474456385e-02,1.850183408896934056e-02,3.410522039451523157e-02
3.641370620448913797e-02,1.622372597857472259e-02,1.203932152793277255e-02,3.749723796029958561e-02
2.289159547350002460e-02,2.586435943720543501e-02,1.747726463958236207e-02,3.680343637896173886e-02
2.220419482772494069e-02,1.139127835876862192e-02,4.517646386927652580e-02,1.182814426977735894e-02
2.287909127307267282e-02,3.823581186704085727e-02,3.757733429278005410e-02,1.508049672317592765e-02
1.243247821947001189e-02,4.284834559332557913e-02,4.951317003447603532e-02,1.718456292056475682e-02
2.625959020515811898e-02,1.399014644037479410e-02,3.644235094536293906e-02,1.707309585248880518e-02
2.845042230667283595e-02,1.607567318283128002e-02,4.670817310506263781e-02,2.524929370124957828e-02
1.024510665658449893e-02,4.520329448587856458e-02,1.873929459413330861e-02,4.986634972650595687e-02
2.968495597009963849e-02,1.600339645106899772e-02,1.327125969435008837e-02,1.966039703747386388e-02
3.824908942777958953e-02,1.726807742982850238e-02,2.348987129371601229e-02,1.713229025003818948e-02
3.884178054731225044e-02,1.895733238345859856e-02,3.886702929716800980e-02,1.240243260576033568e-02
2.674561092934411854e-02,3.205163743727343362e-02,2.068513567177556606e-02,3.444668056370623482e-02
2.267675901152223922e-02,4.077805845841227933e-02,1.249571279953741280e-02,4.632131133303334786e-02
1.829820917240806283e-02,4.685656595810743646e-02,3.657742567727902128e-02,3.333384805808883161e-02
4.877130185889431979e-02,2.377229808646617523e-02,3.328576638010981997e-02,3.942635245721425041e-02
1.522352435415256881e-02,2.935697376656316165e-02,2.181071478753539294e-02,2.586320835054296829e-02
1.010343671004950220e-02,2.166016052750139795e-02,1.950260961806576585e-02,3.222904874809886383e-02
1.360024835562157093e-02,2.504649488526809742e-02,4.460471922983606091e-02,1.716673950811523769e-02
1.823498027571917104e-02,2.784873739463019499e-02,1.245553940156968881e-02,2.601013590364464195e-02
4.960486952394991406e-02,2.577508969805802214e-02,4.824330893050903651e-02,2.725971466529667625e-02
2.532742348797382970e-02,2.782597053722472846e-02,3.454465977619974176e-02,3.323975979260655050e-02
4.779560670164652303e-02,4.537944310998652531e-02,4.370402891802339235e-02,1.994401313160298200e-02
3.295546228953682294e-02,4.775177046364258160e-02,4.843537473990754127e-02,1.735813143811645864e-02
3.785890326323557153e-02,4.028548811525101137e-02,4.590511194856376764e-02,3.193147988264381787e-02
3.187751260073765081e-02,1.042063451136116675e-02,2.473031693672272241e-02,4.190358950507966362e-02
2.179924242166647597e-02,2.856094507955243833e-02,4.877001837244761967e-02,2.101433791678700841e-02
2.116041650935075735e-02,4.830314023411098195e-02,4.327108202688136063e-02,3.792523389507415632e-02
2.406332503539432982e-02,1.199662725915883257e-02,4.446610296711882987e-02,1.452742872218946990e-02
4.080567959976481168e-02,1.342712637516583173e-02,2.534253392807285510e-02,3.363061911992266256e-02
2.480941633451841377e-02,1.671728800076743501e-02,3.635197940197724964e-02,2.646297595292317062e-02
2.653964452764890486e-02,2.869258167189972508e-02,2.290689930486182815e-02,3.111628824146139144e-02
3.840834544895205260e-02,1.043543905319595060e-02,3.121967842875917470e-02,1.334703986331930818e-02
3.466097093722211170e-02,1.993490236319915218e-02,3.651079104167119505e-02,1.951155027519930335e-02
4.916062112367987347e-02,2.779145099567426752e-02,4.035848740716278110e-02,4.858610209672876296e-02
1.590449598987969670e-02,2.603632021155147247e-02,1.451149084637705540e-02,2.200297883372381511e-02
4.886196930713311570e-02,2.899987996739725182e-02,4.787512682941061359e-02,4.318117151797016412e-02
4.315249925844324985e-02,2.801286647006317326e-02,3.565053084315150667e-02,3.166567588534873606e-02
4.761812394153495942e-02,1.132127488165902453e-02,2.874311181502108015e-02,4.145085018206419447e-02
4.566030242484522134e-02,4.810475686285324570e-02,2.683117168030112881e-02,4.143623491385998309e-02
1.343976314518570761e-02,3.144209941409659842e-02,3.745510060729421997e-02,2.582132105843943509e-02
2.614629248158777813e-02,4.721346431925626391e-02,2.678126518508658349e-02,3.718804300873687629e-02
2.345483670598235565e-02,4.501903728703344348e-02,2.049121728181085150e-02,4.134569519234691098e-02
2.523346612186996157e-02,3.611117894614482987e-02,4.224285231423885456e-02,2.257477273824308461e-02
2.380273052517452997e-02,3.295356381718352740e-02,3.620841723200308310e-02,4.051611137464435075e-02
1.932188493286142450e-02,3.029967388186238786e-02,3.131603443260617958e-02,3.881394987065764357e-02
3.664985103378416015e-02,2.788076318554540134e-02,1.767515314954530223e-02,1.189716566502621760e-02
2.443651932360377255e-02,2.204439013624599070e-02,4.886529804762617529e-02,3.518929805817961470e-02
4.598049742258690509e-02,1.629777905138869026e-02,4.030499206989741900e-02,4.357314533854105693e-02
2.044557779888533239e-02,1.774274829859467592e-02,4.142512420926477285e-02,4.096568107138408299e-02
4.751214279628755005e-02,2.973513660188220609e-02,2.462297985490386615e-02,1.165086077971477611e-02
2.024167790450979304e-02,4.078192949295302711e-02,3.979880208633989475e-02,3.687713935681052185e-02
4.671138833212649943e-02,4.760549805624287451e-02,1.117875603953683537e-02,3.128682946820476179e-02
2.061861651445190749e-02,1.883556767909088520e-02,1.342240513181859086e-02,2.994937269162151194e-02
1.806559052232915158e-02,4.019271822892434703e-02,3.872905208034052582e-02,4.293237677037453626e-02
3.228778685537241067e-02,1.470341847440707200e-02,1.266300209481069187e-02,1.789294682789124152e-02
4.565416375913130403e-02,2.880621564657941114e-02,2.372690242939221733e-02,2.313066328370188413e-02
3.526063991967082895e-02,1.125982227987326958e-02,2.932911401593125966e-02,4.534243299231546787e-02
4.509902697934859567e-02,3.193073644364143038e-02,2.630057355996767710e-02,1.343592183109881648e-02
3.674790477969846342e-02,1.920498792838964269e-02,1.406022451237531196e-02,4.576789423426466663e-02
2.653637465552607239e-02,1.496155827395443880e-02,1.556383758005631772e-02,4.287273815733730342e-02
3.520464713048770261e-02,1.843864549649179910e-02,3.714291314395309213e-02,4.430357045932512700e-02
4.978439339442332356e-02,1.890216996416627451e-02,3.347017547150026723e-02,3.979054092834906353e-02
4.743610093508241615e-02,1.118314395880100516e-02,3.630618118472591499e-02,1.601887589715605270e-02
3.274644843844980169e-02,2.890861417225198265e-02,1.658449474842133009e-02,3.978880140160059864e-02
3.226043941764260292e-02,4.268651375260515413e-02,4.919992237624633280e-02,1.256928152470051206e-02
4.072943651112793939e-02,4.747895738726763681e-02,1.335276945251745798e-02,3.211121833799705089e-02
1.723157332431313540e-02,4.413816874823814351e-02,4.965932883066305481e-02,2.574992292528700127e-02
2.580249317258600378e-02,2.699745050336536945e-02,3.824911843866295874e-02,2.916840719824687761e-02
3.730984231902283871e-02,1.817350732234212715e-02,1.668866573138590159e-02,1.999009348561919461e-02
2.893339140109429247e-02,1.890164384302150946e-02,3.947082660866969850e-02,1.144147608910198524e-02
4.804202751973899593e-02,3.077168546545362704e-02,2.807865647951389432e-02,1.274064652765553862e-02
4.422010056500529085e-02,3.770487821751191543e-02,3.564699571737736661e-02,4.369980361662457319e-02
1.904206295326948961e-02,3.529903578999581820e-02,1.741105523094418905e-02,2.020735135380544167e-02
1.778617988298870217e-02,3.582987749055823595e-02,2.516847071147087361e-02,4.505004147590715297e-02
1.897579537077507400e-02,3.734985363861068747e-02,2.548875616574549502e-02,1.874550040358476111e-02
1.417249024754708639e-02,4.045355363050041203e-02,3.814096648615504515e-02,4.545761875362887977e-02
2.216358153428387920e-02,2.937497776017972129e-02,4.438896703989045345e-02,2.592719665486314939e-02
3.508718459176347199e-02,4.166536210576381877e-02,4.396164423225337736e-02,1.039983943857811580e-02
4.590942754034736673e-02,4.701630311206821122e-02,1.736171349642713635e-02,4.012657962500888048e-02
1.944149075130147120e-02,4.998695793114348723e-02,3.421032234663035770e-02,4.427076855368371200e-02
1.224846627323256110e-02,1.828437627601492768e-02,4.018189650935709289e-02,3.932942761779964491e-02
3.818636331769335174e-02,3.188146282344452714e-02,1.830495665896905710e-02,1.546058163762501977e-02
1.590785715935556094e-02,2.443053055991310091e-02,1.281915279405409884e-02,2.242708053403034280e-02
3.890236997815466752e-02,2.726749749217977775e-02,4.069640854816342773e-02,4.722721843312691070e-02
3.009108309593629127e-02,4.422285678100336404e-02,4.315280060606233037e-02,3.326299086902670399e-02
2.924837468888694808e-02,1.533316664689724981e-02,4.457943697563820223e-02,4.064056594144214996e-02
3.433606285201732528e-02,4.828505703643158620e-02,1.027953900821587489e-02,1.493874853001759921e-02
1.252277674554761085e-02,4.136165045822135650e-02,2.992953957981629720e-02,2.640680043307763042e-02
4.361296652313660649e-02,3.788917638127896337e-02,4.291443074710778877e-02,4.632843758617478935e-02
1.686512000616775808e-02,1.681219121519394663e-02,3.389691913311705662e-02,2.060170822868572643e-02
4.978079216851064026e-02,3.242141293407444641e-02,4.496151407657270060e-02,3.534322220860008912e-02
2.116555704977017560e-02,4.529531941645521115e-02,1.349086245161898803e-02,3.628138895525994528e-02
1.800454481073861246e-02,3.253080369942179528e-02,2.882794114052567719e-02,2.503731711630936135e-02
4.821272414503408044e-02,1.014675814352620012e-02,1.809368491820036867e-02,2.801347479228614989e-02
4.210190309831296496e-02,3.989617047530183425e-02,1.102425226693895186e-02,1.948725385687515022e-02
2.592892925828221146e-02,2.251619023185270213e-02,1.020693973560948646e-02,3.237171549208380655e-02
3.092737251804521248e-02,2.585933997584653754e-02,2.019955854746020851e-02,1.556718344104765506e-02
4.413578237527161774e-02,1.492589895660611198e-02,4.727491007092582409e-02,4.223472610453266746e-02
1.644420721350989614e-02,3.859995042273074023e-02,3.212162969854329836e-02,4.610768436430472128e-02
2.930877263241562364e-02,3.536002940976777642e-02,1.042821445920859465e-02,2.024793807016787156e-02
3.798702028633378636e-02,2.243280554785507738e-02,4.125559224362643912e-02,4.679173233197062715e-02
4.731847051076325944e-02,1.283883421989242754e-02,2.722340986425948045e-02,3.898476019818648136e-02
2.207263471332729377e-02,2.142457593969476770e-02,4.712116759118942927e-02,1.207424662791358252e-02
4.377744333144695243e-02,4.478838715534601972e-02,3.546772315742366399e-02,4.761622226170134781e-02
4.173621278306226950e-02,2.634293898335500483e-02,1.108436069805574659e-02,3.791864064699850684e-02
4.416033487137409341e-02,1.949981570624505917e-02,2.814770768553110508e-02,4.838978344256147229e-02
3.013136143399960942e-02,3.846628526135775078e-02,3.222524636906137080e-02,2.022624004372557127e-02
4.862757878450353621e-02,3.615917650892640223e-02,3.569108173426132485e-02,4.733740610787662284e-02
4.437695351124345405e-02,3.039731872921408451e-02,2.178768882673118648e-02,1.152963927600546799e-02
3.416864808134364995e-02,3.444382729656318004e-02,1.590339957446489788e-02,4.341077960926314344e-02
4.228219272820803870e-02,1.013215354832819499e-02,3.807524439192194743e-02,3.676790937203248955e-02
3.644606689506327962e-02,1.953859145436587924e-02,3.343744920357748923e-02,3.545470656078136135e-02
2.028124556195543687e-02,3.858541657774301054e-02,2.231952849219257309e-02,1.533279135683035879e-02
3.885927752436997562e-02,3.122456439619086810e-02,1.301391681514407588e-02,3.933855238641527363e-02
4.131958015807936369e-02,2.889847847011127457e-02,2.854944734053378730e-02,3.248485078602424136e-02
1.850272027511688788e-02,3.272859288727140992e-02,4.985721290157136415e-02,3.913982850784619022e-02
2.463387819892822600e-02,4.504379225221079308e-02,1.748132824845080591e-02,1.695968403863863661e-02
4.179310679426308239e-02,1.781243046366011787e-02,1.028751886625192159e-02,4.273057520733217901e-02
1.813475813368965392e-02,4.063376349496928414e-02,1.018629505785756048e-02,2.043212963860422532e-02
3.248141808618298237e-02,1.499011977477207949e-02,2.895633969984234835e-02,2.143863206097892243e-02
4.299216078166419319e-02,4.995485085695639677e-02,1.656985047214547951e-02,3.039248240370483189e-02
4.549098660400349020e-02,3.783008458969439047e-02,4.723132415872319939e-02,3.861550537764611019e-02
4.445337659176119144e-02,3.077379442656456160e-02,1.763526853839279471e-02,3.982073915797551544e-02
3.971817145556501977e-02,4.862348974447031069e-02,4.980318246942874033e-02,4.910609291085425016e-02
2.421230173865226293e-02,4.384849177491282474e-02,4.300220467886352316e-02,3.152332254699861946e-02
1.821061640550883376e-02,2.376344540495844981e-02,2.534944479911836052e-02,2.567596879320258041e-02
3.146807494079249118e-02,4.622967091966156961e-02,1.169217723577098238e-02,4.890712053045605245e-02
2.168286818561575985e-02,3.656010903362976600e-02,1.765571703933958500e-02,2.565304680719566327e-02
4.764856401481818576e-02,2.575847895967703360e-02,2.199238776703071191e-02,2.081316363196397679e-02
1.799745205174801618e-02,2.211772391283244737e-02,3.141689784139338470e-02,1.956358400310321405e-02
2.522492121772739598e-02,4.516187030558756893e-02,3.072047800196091305e-02,1.341402380529400050e-02
2.288123164092415590e-02,2.608740863863000248e-02,1.959458174024099678e-02,4.680407327754741720e-02
1.439773048437662656e-02,2.314779786857067145e-02,3.436422681072487384e-02,2.459133610669893624e-02
4.730262673917851740e-02,3.313802888083159509e-02,2.715032712624596695e-02,2.360497456877850425e-02
3.879556533769495247e-02,1.986773729138039540e-02,3.758305506450342059e-02,2.484895393654940401e-02
1.336139521471485340e-02,2.535757933153114096e-02,3.703852684760622349e-02,4.271583004953287410e-02
1.321634667177715508e-02,2.147892041435289431e-02,1.186986697820197750e-02,3.934690660998135803e-02
4.829099821505766776e-02,4.158629652409460281e-02,4.877360716643815847e-02,2.638442759145881444e-02
4.094276007562928921e-02,2.204623790697016195e-02,4.525748233095061579e-02,4.566456796247721911e-02
4.369622447384686331e-02,2.987258791893923626e-02,3.126318798496068030e-02,4.246526407812861031e-02
3.462975365043301917e-02,1.096466964979533713e-02,3.096860543312049407e-02,2.228549614387978148e-02
3.725176073107473035e-02,1.248707797914905791e-02,4.891017521822812325e-02,4.008275086071071830e-02
1.404465970029503477e-02,3.301381429980827786e-02,3.145356510873389272e-02,1.646016524909208606e-02
4.296382360331771344e-02,4.101104048336490920e-02,4.564606606999360022e-02,1.384059971099231220e-02
3.454140717228907503e-02,2.222519501353034665e-02,4.829755501512973670e-02,3.529096723632081656e-02
3.221740375109928556e-02,4.008926631638964205e-02,3.289639553875155220e-02,4.865527217144882677e-02
3.612940059126312081e-02,4.234774722425330845e-02,1.799818826990424309e-02,3.379906741188426489e-02
2.359440879170348476e-02,1.384266982305253427e-02,3.228583004103845189e-02,4.692792863679230014e-02
4.686617733057733826e-02,1.424002875841302515e-02,4.600203832189032893e-02,4.754139765820641905e-02
3.195303540878399046e-02,1.980274550507268513e-02,3.753439257887906250e-02,4.937013564125340703e-02
4.654465550233347765e-02,3.040368834340111126e-02,2.350700741970843805e-02,2.755292029590531572e-02
3.252429131519592176e-02,4.982398592955577382e-02,3.027454698793814736e-02,4.959355596037526986e-02
1.374929587006934809e-02,4.338780097103179384e-02,4.185190047630164140e-02,1.298467275893616657e-02
4.710608522581143098e-02,1.324269355115181845e-02,4.869509717494600876e-02,1.726276967865776613e-02
2.368937774251970996e-02,1.334361400183245797e-02,4.143368582916578252e-02,3.586577895858586440e-02
4.291115297180838478e-02,4.804005673751274991e-02,2.219322402641124570e-02,1.507630228886172076e-02
4.346463847894912330e-02,3.344707913457759668e-02,3.622751691796183282e-02,4.184459383711941483e-02
3.084244135345228649e-02,1.904104816031131422e-02,4.613778383751247769e-02,1.679559143989498016e-02
3.539758286842605711e-02,3.746038584165841540e-02,3.887600659511743911e-02,3.125142388376455499e-02
4.077641597669472845e-02,1.915833112588489345e-02,3.599920481969467317e-02,4.783308143697458797e-02
3.787836503287418666e-02,3.724543077676033959e-02,3.326135782574211885e-02,2.363705053527670463e-02
4.097119197890331660e-02,1.860661540098512007e-02,1.730957586790434974e-02,2.518966907666699701e-02
3.827574709423738758e-02,2.744352538115105850e-02,3.879708843544579788e-02,2.507294730543286124e-02
2.481872228110635140e-02,3.780290358202521156e-02,4.206227266137537585e-02,2.074354917610414517e-02
4.605772796424195681e-02,3.424266262242189190e-02,4.752196907238802337e-02,3.662753135257397485e-02
2.846587048131259123e-02,2.696573834155378130e-02,4.309527765715839842e-02,2.661937962096881660e-02
3.183219082784927850e-02,4.279362410447859477e-02,3.171959436818580502e-02,4.631324489795050209e-02
3.978966078473025053e-02,3.230650131898052391e-02,3.902893319396003730e-02,4.396215221709758730e-02
2.151574607882604864e-02,4.326396719573969568e-02,2.476601422265618108e-02,2.100080507536404226e-02
2.588864212605727910e-02,3.975963482281952982e-02,2.397794680620812802e-02,3.404987718712410016e-02
3.609891270551950776e-02,4.354509511556541035e-02,2.860970146431057737e-02,4.046347109566758582e-02
3.331711330488642403e-02,2.791568309662362246e-02,1.442736029711002947e-02,3.137938804970892559e-02
1.286456267988309726e-02,4.545988293681556269e-02,4.236384570104608643e-02,4.234617900498315046e-02
2.458922430424634320e-02,1.678903627529964790e-02,1.937192237008380016e-02,1.385002300394860830e-02
1.005401231155946158e-02,3.027364800694243296e-02,4.041213154046738310e-02,3.245054456922527586e-02
4.587780037802151323e-02,4.562618302245660673e-02,1.987192966971500219e-02,4.896584863649123404e-02
2.413627574523717623e-02,1.375792979446126968e-02,1.102709264549556374e-02,1.162527467254191073e-02
3.971620285768552583e-02,2.416048327391787792e-02,2.309007983073253084e-02,1.576259745806316004e-02
4.331120191826566546e-02,2.156535230070157766e-02,2.216310126902901884e-02,3.695306422276262159e-02
2.998376039470009025e-02,4.049620540841581545e-02,4.019276139987224689e-02,4.009408298914913377e-02
4.023629927404524798e-02,4.083665402593182614e-02,1.417912303707446336e-02,1.293318314282960492e-02
3.019642059154540453e-02,4.401864053023846202e-02,1.505623941972125159e-02,2.001175824551430782e-02
3.838863448010741697e-02,1.646786125018850216e-02,3.308526106180511434e-02,2.514384084271310826e-02
2.950201005476520144e-02,4.459442745243984846e-02,3.628906167993109499e-02,2.506832903300770105e-02
2.801075684093002477e-02,4.531512422727133199e-02,4.644953290438130766e-02,3.339385683546311490e-02
2.490592348697016900e-02,2.388160727781715037e-02,2.039864203060216818e-02,2.525655359266981009e-02
3.930571782900590949e-02,3.985962664640724934e-02,3.263905998385682738e-02,4.606995851125932767e-02
1.322184278067817416e-02,1.718083700043517362e-02,3.856242027621993584e-02,1.491575774107155999e-02
2.837319655644626737e-02,2.290207357773456354e-02,2.091471782932714102e-02,2.523763647023573656e-02
4.537946437526640953e-02,1.229262467245448472e-02,4.745748865536838362e-02,2.606896575888204698e-02
4.542229922546864307e-02,4.805972331532783193e-02,3.242524902253562241e-02,3.756438588779769522e-02
3.196579842028311746e-02,3.499961900316284069e-02,3.094849252239374043e-02,3.783884151376572941e-02
3.787647447556553859e-02,1.847711882021075419e-02,3.904872197323588229e-02,1.066158696230157070e-02
4.834960306422729504e-02,3.283260950600062206e-02,4.688638112223554588e-02,3.501774761768796512e-02
3.456415135032227942e-02,3.621622817516342158e-02,3.772628351971955146e-02,2.644469066368701493e-02
1.590168055177334366e-02,4.086920329639521371e-02,4.458792341383740337e-02,2.205638554105012958e-02
3.820344036872706101e-02,2.534253085076975526e-02,3.665644954637974073e-02,2.793677422030897695e-02
1.031864416817272756e-02,2.140363001266108040e-02,4.783155615244076564e-02,4.479363835649972925e-02
4.914410224631824559e-02,2.125616707790577153e-02,3.989886771852788061e-02,3.117760647318904010e-02
3.883208181399547265e-02,2.250490706479022635e-02,4.735544273777526209e-02,2.009268606023953060e-02
2.844850457164206647e-02,4.588765351578882878e-02,4.997122657482694352e-02,3.097893204104316955e-02
2.010409139956976371e-02,1.152046930642709917e-02,3.597157533608900254e-02,4.565888535851709423e-02
1.982925505047165166e-02,3.499607644458040817e-02,3.460500692329750855e-02,3.115918479217504033e-02
2.603673329462555947e-02,1.987499692545570060e-02,1.033027966998598460e-02,3.364692351959437666e-02
4.010247341313012692e-02,3.405139466650313612e-02,3.687014327327430702e-02,2.655399562088171100e-02
4.132084257727326043e-02,4.759388976201077426e-02,4.292315233804453595e-02,4.583637207361283827e-02
1.977642702530334542e-02,3.351589059328365788e-02,4.958889481571785579e-02,2.274610704465121480e-02
4.381116955685983305e-02,2.333667289730510450e-02,1.656152010503939009e-02,4.757660030181340427e-02
4.314864122945874514e-02,2.613286068274925378e-02,3.253150724984642250e-02,4.569679811801791863e-02
4.360213851479159686e-02,1.965896785055955970e-02,2.256218350449624294e-02,1.229178541510765957e-02
4.278419469865316765e-02,4.558157443157249272e-02,1.242155369297377396e-02,2.080218101710146900e-02
3.804077364895063623e-02,2.490171207138221210e-02,1.210036626121582977e-02,3.951842805692905303e-02
2.972239843144647287e-02,4.507787564227070526e-02,4.690469511344989850e-02,3.635744439357848495e-02
3.467509815490837921e-02,2.788540347038357542e-02,4.461665737516069125e-02,1.242642736114096466e-02
2.394775929971180300e-02,3.525276221618015016e-02,3.628274493311792886e-02,2.244181595271771412e-02
4.041320045536193201e-02,1.397035900274472622e-02,2.663933620401173069e-02,4.965294597189848225e-02
4.008492649321344914e-02,1.332478054954509480e-02,2.615832933256684312e-02,1.585527429905531083e-02
3.357342348367284290e-02,3.132368553464663641e-02,4.101858470292921860e-02,1.932799614373809788e-02
4.464235259088652347e-02,2.369667557768776953e-02,4.317253912807455379e-02,3.485887509327580819e-02
3.771312411001678799e-02,3.307733238254518399e-02,3.902729169855292252e-02,4.695356238813289812e-02
2.407886581290656636e-02,1.581517870480206658e-02,3.632304655060546866e-02,1.531434140244608902e-02
4.494703921037523919e-02,2.087443050416792900e-02,1.534844959717288765e-02,3.716068777795659278e-02
3.715246475833482165e-02,2.763059608401161743e-02,4.197395376678293016e-02,1.133805965506182178e-02
3.229471144729704341e-02,3.601018514319742625e-02,4.180549436717443529e-02,2.482521753964158501e-02
3.872722296272076287e-02,3.192766619059605321e-02,1.977740188501411756e-02,2.985318586005523273e-02
4.707444648099692874e-02,4.311325449801839405e-02,3.257222705181875289e-02,1.190254724509510684e-02
1.073176640439984370e-02,1.779922499528518304e-02,2.982637075669735544e-02,2.604437924886078559e-02
1.656251611713303873e-02,2.326912651500864446e-02,1.869665811700177427e-02,3.565266247356316254e-02
1.669210142494089236e-02,2.022996392458519324e-02,4.803767628726764161e-02,1.188751449860690410e-02
3.600900290428488831e-02,2.372091386586715894e-02,4.544840008721340308e-02,1.314391002496566666e-02
4.215722061553696387e-02,2.187328575586714591e-02,1.620646784136559743e-02,2.413989470781035054e-02
4.112505813244028002e-02,4.187460802919232977e-02,2.641666659892743380e-02,3.998387119271812340e-02
3.475672498424674239e-02,3.594677660488593274e-02,1.457296469661716228e-02,3.733624504924204501e-02
3.760433737048791969e-02,2.463862813619815267e-02,2.487209559245195933e-02,4.086443172029362997e-02
2.923741671179014984e-02,1.078002861002811015e-02,4.983601250498023022e-02,1.726977426552506190e-02
3.534914455001594846e-02,3.328635802556725864e-02,1.732124279108389342e-02,1.156170006815380145e-02
1.631060574182375406e-02,3.173971052136771026e-02,1.320176888688706640e-02,3.595154093186844757e-02
1.468979183583758903e-02,1.087122998194562339e-02,2.696669350816928434e-02,2.117122883706655523e-02
3.033516506870155560e-02,4.125366827014943782e-02,1.578902519365106213e-02,4.399732132498861137e-02
2.469908128051461968e-02,2.711384166435718696e-02,2.371461313124734183e-02,4.841405913720977366e-02
2.736461051670434352e-02,1.144712358785229638e-02,3.232813451824937540e-02,1.100039357676631940e-02
2.891119672177357158e-02,2.175130428603867100e-02,2.537215451951280870e-02,2.059774736744150042e-02
3.848977260665860378e-02,1.874329609437017444e-02,2.458595667067998286e-02,4.230363398167891198e-02
1.231831070640473924e-02,2.957207809992153796e-02,4.045812946716026426e-02,2.277399988183709950e-02
3.076734704608895254e-02,4.919966781815670459e-02,3.356221347829298207e-02,4.818712625427593044e-02
2.560249657291193554e-02,1.185028541241989197e-02,1.330632250438276362e-02,2.316030342248608098e-02
4.289597215375167555e-02,4.016776561138506174e-02,1.424418454777136821e-02,1.632239161416919326e-02
1.674510537863157025e-02,4.652052440338484002e-02,3.744167815009593475e-02,2.156897520037919305e-02
4.672936158524643169e-02,3.594167964869109111e-02,4.918993868378795237e-02,4.735432313168970453e-02
3.291797827249584585e-02,3.811696819271249981e-02,1.771932956218526256e-02,4.872399871070604710e-02
3.753281326002780305e-02,3.134671583659758703e-02,4.418234284578811261e-02,1.828080053186151993e-02
3.099441150738464767e-02,3.559654821713034017e-02,1.364754097689256651e-02,2.026700549354610442e-02
1.997371963689452759e-02,4.752565094330034323e-02,4.059456545499401381e-02,1.561010697703827527e-02
3.919553445159631305e-02,3.423159915344042153e-02,2.508252506644631855e-02,3.802001129536013158e-02
4.514401310736648743e-02,2.218921668074046172e-02,4.927051749104018746e-02,3.412185626567938723e-02
4.683582917132406154e-02,3.861279702452645457e-02,3.123524479519695918e-02,4.466410972471319268e-02
1.035234250952012970e-02,1.121463822425429122e-02,3.180606223475849342e-02,4.408323226873204354e-02
2.135372387414698203e-02,4.274510896079534300e-02,2.562792961282202991e-02,3.496004141368178053e-02
3.648162854259275750e-02,1.056950070817974825e-02,4.023433789748208367e-02,1.773114087257067484e-02
4.236010210481706145e-02,1.919794962036557376e-02,3.144200737207854257e-02,2.000017534871799049e-02
2.909354826709340675e-02,3.253571628519270204e-02,4.010221758072154280e-02,4.216222937472621085e-02
3.073132015194458139e-02,3.328443868945366729e-02,1.965820783666808597e-02,2.548325854594950257e-02
1.591331262152788709e-02,1.007164725169838390e-02,2.427203198696042258e-02,1.152742346733223559e-02
4.092077908839707179e-02,1.733280674017931289e-02,3.885391410573531268e-02,3.284216537412026904e-02
4.379408708139979900e-02,2.051284729510524651e-02,3.208306044062467915e-02,4.018652478481705287e-02
4.249063155827162430e-02,2.517711840887900537e-02,2.066485926153481881e-02,3.440460359687563807e-02
4.738756419099425521e-02,4.199302129745893786e-02,2.366087910614511972e-02,2.221949390154245862e-02
2.198540370557903328e-02,1.729959684671239506e-02,2.601038971244550024e-02,3.752721317497839659e-02
3.394753831607556782e-02,4.706183833727011628e-02,3.655085044886111079e-02,3.712176662221645940e-02
2.122749507342751307e-02,1.882157218505603816e-02,1.671859606992221609e-02,4.624269785439812791e-02
4.503078128420209825e-02,4.050341009883565851e-02,3.576730545605925210e-02,3.447341551647630647e-02
4.069628559148868313e-02,4.356243223962796146e-02,1.798020722702441815e-02,4.166707173637978351e-02
2.498564168924684997e-02,1.885469372397401144e-02,2.317757864549800650e-02,4.265927306023566123e-02
3.941087787979289520e-02,1.873233927559230655e-02,1.214449244081401702e-02,4.415871723848756314e-02
1.935502971466598193e-02,2.451275585940529064e-02,4.480032248055734745e-02,2.724527055636574019e-02
1.066556744907134341e-02,2.002270888662990161e-02,4.670488945267035202e-02,2.178674230757466149e-02
1.083108669946580664e-02,1.407623048171539881e-02,4.675889702819587684e-02,1.611028122491466388e-02
2.259115794520672252e-02,4.785418521615693310e-02,3.132474276882415282e-02,3.601940185186971316e-02
2.860873818589933226e-02,1.806719259173406728e-02,4.175300139189441762e-02,3.129723884327315075e-02
4.203510963608100143e-02,4.802364112054750833e-02,3.379725459092307316e-02,1.705286554418196029e-02
1.484345978665621568e-02,4.563874029211369143e-02,4.324547393089781672e-02,2.022228325503556273e-02
2.380172551535136849e-02,2.214899712671791407e-02,3.873841777037766859e-02,4.033287554430629862e-02
4.991316717614100590e-02,4.821857606297283438e-02,1.844971173547037616e-02,1.723166652786584443e-02
2.655586741577507792e-02,1.603683937871707918e-02,4.961246513685249604e-02,2.016121504893461647e-02
2.114968115392167752e-02,4.316307034494404338e-02,3.555662071963924115e-02,4.238796686111327011e-02
3.821943989130503067e-02,2.070718693342847236e-02,4.650034399333914659e-02,3.436856580979499864e-02
3.475983806226995432e-02,1.584836927311699881e-02,3.193581616582303467e-02,1.696831468795419878e-02
3.519369136269460963e-02,4.381348609728535903e-02,1.071957585940326932e-02,2.169911333660953096e-02
2.637202327476529523e-02,3.236157382866401006e-02,2.684396435293978644e-02,2.280485870621484779e-02
1.155595162604744833e-02,4.388409767741030532e-02,1.596424751306114997e-02,1.721938044244987476e-02
2.600053114150438494e-02,1.106188423182949930e-02,3.450462240017598131e-02,4.726611673445087897e-02
2.651892081517870370e-02,1.886717792475348099e-02,2.150726630873495832e-02,4.089175836478848441e-02
2.603461607228294700e-02,1.284501104539304168e-02,2.186840568619362324e-02,2.133008068262436108e-02
4.833743725204053820e-02,3.714392156629726244e-02,1.272590102680974319e-02,4.678828743718239230e-02
2.331518506468823956e-02,2.635843664756764432e-02,1.803583271525564802e-02,2.355312729043757686e-02
1.463632904278958091e-02,2.785871174028800579e-02,4.555233370383802299e-02,3.201942256972775680e-02
1.238787980575597851e-02,4.617329855386522602e-02,2.184666384668271927e-02,1.569424442817410337e-02
4.020342483649923249e-02,3.818476036322479561e-02,4.144147912526632144e-02,2.513608966992518512e-02
3.616330025756139127e-02,2.072121678000061334e-02,4.750045269011493598e-02,3.317650525098549824e-02
4.307678905837099975e-02,2.257162689677816650e-02,3.702571939216151020e-02,4.222950543830319980e-02
4.879587914534188470e-02,4.469479297870314338e-02,3.421426494184524880e-02,4.111143742708691512e-02
1.236969685234258660e-02,3.836616196557404712e-02,2.629220344449716834e-02,1.120497460090208799e-02
3.266763501941859216e-02,2.412187557793586332e-02,2.535456041675306776e-02,3.152449628386343183e-02
2.328188651581310220e-02,3.075380607916030490e-02,4.850217155668939961e-02,2.968660652479321316e-02
1.012462218791059312e-02,3.154348650588270631e-02,3.261536600098352556e-02,3.580200207517166694e-02
4.933359653357752977e-02,3.498482702504211728e-02,4.194672371416281742e-02,2.970032102347679864e-02
2.401989925283212410e-02,4.227044523103733881e-02,2.951276697503033702e-02,3.186533509620551735e-02
1.002190250966733184e-02,3.967893602983777607e-02,3.800903726682882539e-02,3.262420851635753488e-02
4.816659844928848633e-02,1.583581531759106070e-02,1.074473965910154039e-02,1.499473992527603633e-02
2.476732028713132805e-02,1.627758084490593671e-02,4.514507516496625572e-02,4.795766493311504064e-02
2.092389008294827379e-02,2.025728664431094769e-02,3.763227795731244330e-02,4.935423271331094291e-02
4.576853868730829805e-02,2.323652607242900070e-02,4.154308067367402241e-02,1.778873316804906873e-02
3.652591991952999079e-02,4.543930449164100549e-02,2.962959839336237744e-02,2.349747554482015457e-02
1.211278530004514242e-02,3.456194718101873731e-02,4.663533430157426607e-02,1.505027953640401470e-02
3.494182569461828231e-02,1.659823020540502486e-02,2.783806477078080294e-02,2.077456934846367426e-02
1.235584605353192214e-02,2.186425846962590513e-02,4.050864897188122260e-02,1.769539446367242308e-02
3.081286212996343921e-02,3.400811751579294051e-02,1.590460012337098494e-02,2.673482303238196300e-02
1.807966816982161523e-02,2.435405666141532768e-02,1.853466668841416073e-02,2.142455269714765506e-02
3.251731172440398832e-02,3.195479443853433549e-02,4.666182440014580296e-02,1.087508500290230301e-02
4.920554457738752357e-02,3.263696385614266171e-02,3.415877587042734365e-02,3.644617637854130621e-02
4.140371043360802084e-02,1.237427985463235638e-02,3.805784753776450535e-02,2.941392321861024256e-02
2.479366039722639276e-02,3.899355703539756496e-02,2.852954939933333850e-02,3.733537632031740799e-02
1.407889132452357604e-02,4.499390495377740551e-02,3.071239457035866705e-02,1.408238967058546981e-02
2.346764921845007762e-02,3.895216655040466269e-02,3.460153465961401942e-02,2.149801041735219936e-02
2.090533139358217302e-02,4.706685073751509796e-02,1.874744068603390740e-02,2.671883061745864568e-02
1.540979152164684632e-02,4.005162969033413539e-02,2.248975858729279631e-02,3.701674325840360186e-02
3.985196408703211429e-02,3.347037379266572243e-02,4.047808746163363697e-02,1.810202090966581828e-02
1.267552887655616981e-02,2.904257342297150019e-02,2.519597265584353277e-02,1.759799057772174283e-02
3.747872669510934202e-02,2.947090096785359714e-02,3.383626855050490823e-02,3.146189686171595862e-02
1.575992721772479996e-02,4.067826908167586353e-02,2.534721467481812485e-02,1.540619905064454821e-02
1.280929016383977777e-02,2.185891039690390433e-02,1.171801342270364227e-02,1.142017586643006254e-02
2.867326277073613261e-02,3.117927190037533824e-02,4.291326787891137917e-02,2.359511870420605631e-02
4.115972218209879019e-02,3.840071259822205874e-02,3.813360653772070868e-02,1.959243462396398697e-02
3.348442630679673154e-02,1.895144238878063506e-02,3.261708766096300255e-02,2.480332121048620456e-02
1.770200460126905920e-02,4.466172976433917946e-02,3.027043426136040438e-02,2.273397566831340116e-02
2.702207101256462463e-02,4.102899192673843676e-02,1.237502289810749577e-02,2.818389181479129951e-02
1.893461188161570108e-02,3.832391406790833926e-02,1.770896111997524031e-02,1.665144178045733364e-02
3.816480716557776875e-02,1.095201459648765911e-02,4.429663669839205287e-02,4.688833320966220852e-02
4.932096935284432243e-02,1.442086764948629155e-02,2.602915014052440551e-02,3.202411662841554013e-02
3.358740604823737264e-02,2.117805900421715001e-02,2.057521251085765029e-02,2.570475002408258852e-02
4.765476043451725985e-02,4.527734224532879020e-02,1.655734833586845409e-02,1.891165503936798747e-02
3.899822808028000076e-02,2.570269484504811297e-02,4.892572724690857910e-02,4.144102232027167820e-02
2.727366792065431811e-02,1.416314289760612667e-02,4.353592694281904762e-02,2.067981389846292734e-02
2.633417455629763482e-02,2.736584003144285765e-02,1.544025211615016394e-02,1.832175820959459217e-02
3.283787992748508910e-02,2.512539520288902678e-02,1.445596240157325310e-02,2.230768189461718870e-02
1.724105593573529646e-02,2.481135806148042702e-02,4.055271867067787583e-02,2.552693729802559680e-02
1.646853752093659431e-02,4.538233543653429070e-02,3.439216592530885269e-02,4.861077845448553980e-02
1.373063371011800336e-02,1.406242190344447404e-02,1.185899244693373357e-02,4.981216090472152108e-02
4.375115233536246151e-02,2.631057609044429313e-02,3.306946332988662529e-02,4.924736307822886322e-02
2.094291317635559729e-02,1.500957384881146037e-02,1.116081338408543913e-02,3.135775280193383446e-02
3.791628848344901631e-02,3.644457390109832884e-02,3.507034772683684243e-02,1.350012537383298711e-02
2.332532293699231263e-02,2.779495190087438033e-02,4.811527693716882020e-02,4.927785007552545893e-02
3.478818028514468752e-02,4.681188332319285994e-02,1.262246046256956279e-02,2.081645028027937633e-02
4.329690314491991404e-02,4.237213215373823727e-02,3.346918384984513828e-02,1.465238298240862866e-02
1.747301653143945935e-02,4.122761579111665353e-02,3.173453829507753843e-02,3.132952372210211223e-02
3.430037408241216890e-02,4.255854535777259251e-02,4.002328932702023390e-02,1.559059912562038054e-02
2.303969205500751988e-02,3.757299426609506804e-02,2.173363788663157381e-02,4.995083228878970105e-02
3.175495869653869457e-02,3.324057138005810652e-02,4.144291857763785641e-02,2.396961244374767180e-02
1.581785975344642339e-02,4.608441224115737700e-02,2.427474903401046630e-02,2.137813409826946898e-02
1.081957466669907462e-02,1.914260188225909085e-02,2.097451396760367445e-02,4.904259139463518907e-02
4.350078174692965233e-02,2.030091852722943485e-02,4.132935616036765430e-02,2.285640610998277908e-02
1.723777031754152728e-02,2.709896114581153426e-02,3.254615744413646983e-02,2.116836996644832353e-02
3.737506332444974488e-02,4.283168124152485212e-02,2.443908199972662926e-02,4.867866812430436674e-02
4.836745828738099606e-02,1.762091456010195234e-02,3.258580611187925774e-02,4.484247662430452391e-02
1.871634704855896364e-02,4.667745006866686613e-02,2.765580872726224049e-02,1.923800342145962072e-02
3.540504785892784057e-02,2.075303459519011601e-02,4.620160609230809096e-02,2.428364201570368253e-02
3.751614479506141381e-02,1.232404623204629360e-02,1.666887660400699633e-02,1.414605641094402594e-02
1.523777618275906284e-02,1.148173902691102845e-02,1.588752120163117176e-02,4.660104142594768267e-02
4.374753193086658443e-02,2.375287276212740412e-02,1.437811815371001570e-02,2.077611381572317187e-02
4.428169813428101814e-02,3.641657810545410878e-02,1.532662503304153476e-02,4.080017162921160262e-02
3.838515467605004006e-02,4.992795018439387389e-02,3.253357562253358926e-02,1.583000289112474965e-02
4.197062405280677783e-02,1.254987171931814562e-02,2.374718879908235131e-02,1.788018534375903495e-02
1.135238410810303529e-02,4.665674319546522786e-02,3.132259606268407437e-02,2.767977183477078607e-02
2.491334084006733077e-02,1.815657717033455215e-02,1.701544145485708870e-02,2.886138517008916826e-02
4.121091496677173338e-02,3.697571801815308090e-02,4.491437055750700791e-02,3.615284617791795357e-02
4.820785982041442957e-02,3.882465667344308508e-02,2.879168894476859947e-02,4.318277682606965623e-02
2.444317601664802719e-02,2.520090848660403240e-02,3.120194740620699236e-02,4.320929731176300498e-02
3.531197710370068132e-02,2.610021457452842142e-02,4.456310339688610012e-02,1.271000357306327662e-02
2.598016360601215768e-02,1.382042456541489328e-02,4.752477160168461223e-02,4.740595961128644953e-02
4.333405895538618158e-02,2.233837100250510299e-02,2.946532424369995018e-02,3.910789308785211915e-02
4.886996312665220499e-02,2.434036978867776604e-02,3.440819823449584730e-02,2.867239149450122315e-02
4.530604972320723123e-02,1.550888510430043638e-02,2.454246986285119753e-02,4.884962765236088023e-02
4.247040408692180635e-02,1.925664401484658561e-02,4.819601106145100095e-02,3.380002616454914899e-02
2.397394189118982888e-02,2.313468696218382720e-02,4.061624080771476103e-02,1.494688730591281489e-02
3.726744039865539232e-02,3.808257320761433001e-02,2.039291612231078354e-02,1.757770546140547882e-02
3.479367753731920504e-02,2.468857368956400844e-02,2.057945697086548120e-02,4.253557960137225452e-02
2.508591548324028836e-02,3.610092062827850723e-02,3.830974880826004680e-02,2.502578217363839869e-02
3.027926881876472770e-02,1.992832079588001057e-02,4.412481833072324361e-02,4.014938850961257549e-02
2.143012368136228141e-02,1.442650236732415797e-02,2.951531495965594581e-02,4.134067373477961355e-02
2.239805783618472462e-02,3.411180228257260777e-02,1.886930591535772306e-02,1.390783409529942373e-02
2.552534137629002692e-02,3.842223228388380596e-02,4.823268953812277771e-02,4.371737892018929400e-02
3.852202910543966324e-02,3.962129489395892906e-02,2.456160938043433148e-02,4.837563449623367290e-02
2.010886410011112485e-02,2.705862749560601632e-02,3.356785776253439629e-02,2.943434743274293136e-02
1.486105382617810243e-02,1.835746512134629055e-02,2.399664283111455770e-02,3.135265259726889575e-02
4.459469884954243846e-02,3.474385968389796797e-02,1.698470618821892875e-02,1.604894194107606489e-02
2.923467664917594327e-02,2.274492133872845628e-02,1.986208948243111880e-02,3.418780933263636940e-02
1.701665125970342612e-02,4.629795242449497028e-02,2.054493971755380968e-02,2.847662339260659259e-02
3.789311770809287300e-02,1.414214229456958564e-02,2.733926194192204395e-02,2.382775731299398292e-02
1.313730228858415311e-02,3.446074041998940102e-02,3.959768951892079364e-02,2.589801556682131550e-02
4.951069063350223287e-02,4.418907920390289373e-02,4.851028372881651535e-02,3.826235752833449799e-02
4.841843693201806215e-02,4.253149638292298695e-02,4.216565255445996890e-02,2.333158522855710570e-02
4.926687216771355460e-02,1.483246342685039590e-02,1.469730183279220267e-02,2.731876725956589730e-02
3.744473870733989324e-02,4.929772992074089866e-02,1.089208368222249236e-02,3.719093800631517732e-02
1.255027335393767672e-02,2.096358041450358672e-02,3.017073979682086821e-02,1.491282552558253170e-02
4.042457362304786167e-02,4.600675532705827270e-02,2.187643856796298719e-02,1.471384991442697618e-02
2.648871075835895067e-02,2.843907017440045620e-02,4.882654103107589988e-02,1.199096148236549614e-02
4.071020971658040333e-02,1.728135822024286922e-02,3.733040017603748983e-02,2.515052312183043912e-02
3.337409658463178636e-02,4.124054362320286188e-02,4.772443197119485142e-02,1.786701147183387961e-02
1.870862122637280758e-02,4.226100426201394311e-02,1.719842867797795327e-02,4.033626739902534952e-02
4.475247401045626822e-02,3.783388015666583337e-02,4.523141431291910486e-02,4.254608364773249107e-02
2.902762852345168454e-02,1.993055038671688595e-02,3.744995370041994537e-02,2.916627631172162560e-02
2.625364217416302492e-02,4.480991069791186859e-02,1.651377483562859946e-02,3.787894506364793135e-02
2.721528066806651325e-02,1.196764506938315445e-02,1.949526726512471053e-02,3.226036075744263126e-02
1.458357359827741617e-02,3.056105856894725248e-02,1.478990466835044051e-02,2.955018380348540391e-02
2.146018567393953233e-02,2.640558533774519517e-02,3.095535710193488693e-02,1.613422193396506568e-02
3.938111847828352358e-02,1.900499280722331430e-02,3.408741467709858891e-02,1.933881161117559366e-02
3.512233690044942042e-02,4.312764232085407323e-02,2.350102737070364906e-02,1.475978388069906083e-02
1.006450248665013286e-02,4.921397951372313839e-02,1.860703320632825508e-02,2.571185233302002160e-02
4.163557894618032801e-02,2.238246634271204988e-02,3.130392872548345973e-02,3.004463499724705638e-02
1.950923878134596876e-02,2.279973443131621397e-02,4.545253262633432156e-02,3.150780220463988285e-02
1.089535722174303847e-02,4.937679780554255632e-02,3.849912118474376616e-02,3.600514458339004048e-02
1.714989235083673458e-02,2.160868569288264263e-02,2.617121814700919258e-02,2.140438749573280938e-02
3.992075156313999035e-02,1.025299867387632381e-02,1.368282435698120643e-02,2.088535162355218897e-02
2.726855197663984737e-02,4.790157743448890393e-02,2.413304287640958418e-02,2.827716949141319269e-02
2.205273497944219493e-02,1.666446495782551024e-02,1.783208879757166784e-02,1.085328472296998373e-02
4.783722888053610484e-02,3.871107930804711800e-02,3.950234490243809821e-02,2.620791442505223529e-02
1.438236427806298748e-02,1.392393435449585173e-02,2.783176273044810772e-02,2.475047553446319687e-02
2.111557319870390956e-02,1.689480339834271982e-02,1.753587168944613361e-02,2.378257044795213659e-02
4.194642232240568258e-02,3.673707710273102500e-02,1.093765331761687061e-02,2.166725827595931617e-02
1.360855606849421806e-02,3.332214397738871708e-02,1.205692272626101257e-02,1.031181787626951445e-02
4.950145176489405274e-02,1.242217975914002709e-02,4.681445695670403973e-02,1.368283664598277799e-02
4.292250778989668142e-02,1.691606140800120880e-02,4.881473448114719699e-02,1.262411296533054970e-02
2.802484804887556830e-02,3.576869592735618802e-02,4.535306305545073330e-02,3.868196035952715939e-02
4.524069359152135122e-02,3.740568713536129852e-02,3.125564085124498542e-02,3.009179779390062925e-02
1.105041065109113943e-02,3.045693035550444544e-02,4.371018895422102563e-02,2.384532763829274454e-02
2.738266558815607293e-02,1.982725796586180117e-02,4.836848676435626104e-02,3.215813241158762409e-02
2.802998644879258622e-02,3.854618226742014681e-02,1.525811245066729938e-02,1.585657528330669530e-02
3.845444252214446496e-02,3.211100394208743491e-02,4.377353831710067283e-02,3.974798457067384855e-02
3.595631044747073929e-02,4.316520948816724573e-02,1.816466951186917339e-02,3.030693504901675606e-02
3.537585311195592941e-02,3.716604844416505210e-02,4.843693501434622600e-02,1.534692008458974841e-02
2.575408971350139770e-02,4.188432084629818003e-02,4.480254901777733917e-02,2.229449332929003130e-02
2.627347470353735837e-02,1.432719436715398573e-02,4.037008069612266908e-02,4.093569595257911392e-02
4.731681316277945581e-02,1.429892284379085353e-02,3.096626716825576220e-02,4.962043937745225924e-02
4.487588652291285563e-02,3.455588088653957501e-02,3.618296285607438406e-02,2.522618162966209360e-02
2.738653480696233433e-02,1.665027652021537630e-02,2.391980444337633849e-02,2.837779052190947393e-02
4.726368268335898182e-02,4.496754201065349815e-02,3.612245168997144096e-02,2.288268252069587672e-02
2.743102693690401689e-02,4.531116681627309073e-02,2.048864300292269763e-02,3.162662781761121922e-02
3.065438156291681870e-02,4.608769322236177385e-02,2.749465724222773660e-02,1.061680865211680862e-02
4.965982566609716126e-02,4.888106096424022634e-02,2.726986722050361162e-02,3.082585513567531743e-02
3.481884903925246827e-02,2.820769067482913756e-02,2.137655482829359591e-02,1.380516937237133944e-02
1.871078409550173960e-02,4.253845697730016667e-02,3.366785468941130288e-02,3.355069194527969534e-02
1.097196655379192518e-02,2.699929820458340374e-02,2.713601528374159216e-02,1.490904286411648058e-02
3.607014315434611124e-02,1.856147976287039411e-02,4.752283990027755811e-02,4.498818220496904330e-02
4.193069438953149486e-02,3.468416064232836271e-02,3.452036033301751627e-02,2.105077731951972286e-02
3.171274358562869988e-02,2.446131224604981835e-02,3.545012941830974484e-02,2.188344871743235290e-02
2.993065088720205796e-02,3.987425958231533007e-02,1.475007410775005037e-02,2.534955798749041062e-02
2.953347535390699052e-02,3.145641118186829482e-02,4.582490547838159733e-02,1.880847226267007288e-02
3.520687106955749240e-02,4.141112022984864277e-02,2.427002296745439658e-02,4.636897216029726987e-02
2.349782330770811001e-02,2.095234149849957428e-02,4.112650032627181845e-02,4.971848922406348764e-02
3.373778541152720051e-02,3.987114199240308909e-02,1.199778173573012169e-02,4.385910954127123645e-02
4.838172074667390632e-02,4.460408505205309265e-02,3.165785219510867943e-02,2.149424478105393943e-02
4.564172053254290928e-02,4.903420920218164170e-02,3.203246061219279517e-02,3.471559630604931224e-02
2.675143338077490968e-02,1.320543077027700948e-02,4.677855005747642153e-02,3.989873593059996282e-02
1.869478657875888600e-02,4.532891389384956921e-02,4.088023167422504683e-02,2.857765498953838967e-02
3.641421580752577519e-02,1.023451954472289448e-02,4.186970872603813787e-02,2.446190391689971946e-02
1.880722731074046389e-02,4.096458572785410118e-02,3.454988314231565577e-02,4.516708878434180091e-02
1.560626538331845448e-02,2.799579041849783317e-02,3.926422582228256825e-02,4.316266186045719655e-02
3.006387708088868044e-02,1.541594117514674678e-02,2.768909703293433167e-02,2.930394790511874070e-02
4.100188556873962664e-02,2.088677424291508072e-02,4.388950042583403960e-02,2.612487637594542583e-02
4.712452739521062056e-02,3.190353985896158401e-02,1.019245537825086076e-02,1.081647181476502739e-02
1.792571585214451646e-02,2.259344227036381297e-02,3.043088080167730136e-02,4.988097553927950401e-02
3.510897909011317236e-02,3.528023030650364461e-02,4.830062615262891573e-02,3.808743722220894745e-02
1.321333387831603867e-02,2.197786761020403129e-02,4.541166596666545985e-02,2.506743123330515410e-02
3.967284937613903967e-02,1.323417041998095102e-02,4.442163265288972401e-02,1.547677386852673587e-02
4.452103559735020449e-02,2.450772448838975034e-02,4.691334658931968493e-02,2.336129286563317503e-02
1.426273237853404804e-02,3.809879302344017227e-02,2.702670070136836689e-02,1.023528019647154154e-02
3.636405965074059055e-02,4.234931382554490281e-02,3.175749800722595800e-02,3.033972745639387791e-02
3.240766091326788972e-02,3.803354698580446724e-02,2.064496555140118636e-02,2.148517531101248879e-02
4.429983164002843782e-02,2.083267358990622403e-02,1.080648059396123288e-02,1.683049951077186801e-02
3.791020449245761925e-02,3.144073037193544085e-02,1.477648536035330168e-02,1.718006368842291826e-02
3.980027604622728837e-02,2.410360080629063081e-02,4.291777154670997629e-02,4.893536229542352900e-02
2.055860503779530224e-02,4.202930434194764031e-02,3.092125660194552927e-02,1.508437321757392924e-02
3.183986508273591726e-02,4.286355593725042074e-02,2.281506178582783095e-02,2.565627938286588194e-02
4.207540959044227952e-02,1.465277721427868038e-02,3.056720604456902857e-02,2.734608330278080757e-02
3.135785613261865556e-02,4.880780803575431037e-02,1.478520376469129316e-02,3.844164484536801568e-02
1.385657321542122129e-02,3.204719604925020809e-02,4.200932111478396236e-02,1.634722762555321229e-02
3.386561809966281977e-02,2.497762686373018737e-02,3.612624220172033773e-02,4.608890674473462012e-02
2.448532159454780421e-02,3.492011581820050198e-02,3.580272000126735049e-02,1.151665303195257249e-02
4.068705509150963295e-02,3.371601658699951987e-02,4.668129658002252713e-02,1.350637429838478717e-02
4.988792382210542609e-02,4.686724747543317277e-02,4.801595080862600118e-02,4.812713459613644079e-02
1.960227538401320205e-02,4.143157982736013489e-02,2.872933308153874377e-02,3.806954489719001355e-02
1.118952081261316567e-02,3.490519004762372007e-02,3.622488474308786094e-02,3.325289753919618424e-02
4.191557728336522265e-02,2.682896404339248780e-02,4.399710237599443324e-02,4.476408254617492838e-02
4.357197323233676783e-02,2.874195700943330684e-02,3.931604033694117983e-02,1.124685922748553009e-02
4.762781477520302426e-02,4.793114303271064913e-02,3.138271049413839803e-02,2.019628011540234788e-02
3.793009627442193304e-02,1.217751233044910703e-02,1.215717596455017681e-02,1.467546709113095801e-02
4.689208548355525835e-02,4.101719832619055844e-02,1.725951348455264864e-02,4.260324197703881099e-02
1.361414626147139546e-02,1.664460385182779667e-02,2.300412001006976737e-02,2.334818321739366709e-02
4.969140245878386070e-02,4.758467102690587536e-02,4.985810680450807747e-02,4.406325973763034615e-02
1.643973679289944395e-02,3.780991739852987421e-02,3.643428127287277191e-02,3.316746820220792258e-02
1.642890769641182011e-02,1.413097913515545985e-02,4.799497643651867013e-02,1.515536064035761035e-02
1.570507722597895908e-02,3.280614083007261927e-02,4.532663753965981979e-02,2.827139132134275090e-02
2.266825806705760615e-02,1.775699607240556130e-02,1.541573821876329048e-02,2.789341070001495615e-02
3.617496888689997886e-02,3.462117214402277154e-02,1.399378593175244941e-02,3.383751897413339593e-02
3.179621219923753350e-02,3.377908610286767949e-02,2.002467220272353271e-02,2.644836214583944078e-02
3.220320553799305846e-02,3.466678712862511502e-02,2.456713728017790449e-02,4.060271574601677369e-02
4.879175476496336317e-02,4.856103658398911588e-02,2.216898436096786593e-02,3.047948631694894633e-02
4.193677414292890093e-02,4.969823078531879906e-02,4.492611824261230624e-02,3.026228792810274626e-02
2.755913188853769541e-02,3.498892812623121545e-02,1.834667722477142243e-02,4.530524052664990087e-02
2.207793220342684978e-02,3.546894777892055373e-02,4.914195422498097293e-02,3.002595300559966068e-02
1.841419457403700027e-02,1.171010992475688198e-02,1.570684825653553135e-02,4.683970031635696640e-02
2.695527663829393877e-02,3.259176404040266262e-02,1.344547909327003209e-02,4.550820024395569457e-02
4.709302122430746723e-02,3.862870146186336145e-02,2.297349276017412664e-02,3.550127029074000296e-02
1.945171292694766393e-02,3.027521337635168813e-02,3.134343941597324268e-02,4.546834824530771035e-02
3.397311709882809561e-02,1.806844674727407785e-02,2.274256563564342609e-02,2.147936379950562621e-02
3.114452339978680123e-02,3.557564996337525542e-02,2.631276594000022534e-02,3.431357745601385650e-02
1.585952649009613954e-02,3.227701248142431090e-02,4.275623475376980065e-02,2.008905771361943135e-02
2.685455957660016352e-02,2.908909069231500194e-02,4.363573327281340675e-02,1.747519846207741534e-02
2.566747845838494857e-02,1.413291755692143263e-02,3.863513757310109431e-02,2.915633715907604839e-02
4.710389744239758258e-02,3.245990677167157057e-02,4.037912569571197596e-02,1.155440526498931024e-02
3.151189477784561987e-02,1.802787559833410325e-02,1.244165791161323982e-02,3.805094441713174902e-02
4.061954913466020445e-02,1.161542732281222075e-02,4.986138188107330088e-02,1.223054948146083676e-02
3.815131265191461230e-02,2.104113966056669199e-02,4.448303722845834557e-02,4.792856936648297317e-02
3.855149944599818579e-02,1.626814623439661739e-02,3.768365843289830930e-02,3.753792836534930455e-02
3.856259845132346126e-02,4.755085013666007776e-02,1.448849370029868522e-02,4.040785643767637325e-02
2.633755411231294280e-02,2.034053781728856203e-02,3.490953004530315817e-02,4.982916793229831554e-02
2.785282817006657502e-02,1.443184096651342965e-02,1.517074444587428877e-02,3.929306023793228270e-02
4.324378563835421657e-02,3.071366228597727233e-02,4.350531323142761697e-02,1.102794653598528941e-02
3.340853661456291007e-02,4.321867235574089472e-02,2.964859552463689624e-02,4.191205656473487307e-02
4.191856817276409797e-02,2.605616678267830277e-02,2.983698483009429581e-02,3.716212384573152477e-02
3.243096644170539999e-02,2.949854183375388156e-02,3.749002665562469611e-02,3.791756533397763751e-02
4.190823309986708989e-02,2.967087897168642352e-02,4.459862038169126047e-02,4.959934597449717347e-02
4.296562145450771864e-02,3.324415771086404459e-02,2.960593481593395970e-02,1.034240875800859251e-02
1.499994920978665533e-02,3.840977253460051838e-02,2.395518243452138263e-02,4.640888579295950750e-02
3.148457475473730172e-02,1.745323748005940187e-02,3.862181433272072334e-02,2.542592998600957249e-02
2.633177426686070244e-02,3.123901489813715737e-02,3.806707858746976453e-02,2.897148709820100004e-02
4.199922042142813228e-02,1.747395345201216421e-02,3.696490932656114337e-02,4.871187918721464616e-02
1.774705300692375198e-02,3.311482585177313864e-02,1.602301108263590873e-02,3.898019047563011652e-02
3.192528840369179832e-02,2.793603108936936613e-02,1.398685349460642227e-02,2.689573658986971899e-02
2.010089497254152063e-02,4.881941041427955569e-02,3.728531725540591701e-02,1.361942667173232299e-02
4.720456331415213980e-02,2.830589058266688718e-02,1.881907144463586951e-02,2.028456921687677578e-02
4.516242546011203091e-02,3.206407659408715138e-02,3.430391608558924083e-02,1.969645882635393669e-02
4.153280978703375453e-02,3.151892916084782226e-02,4.116231805901073709e-02,4.897488106087017484e-02
2.067658535782130463e-02,2.015915214107876635e-02,2.634147231907540271e-02,3.070251395715332954e-02
1.623070998819791180e-02,3.264876580725303151e-02,1.758215605070975046e-02,3.631130490145735579e-02
4.105917442846491322e-02,1.629856001458487857e-02,4.957472482702067473e-02,4.719524167382399549e-02
3.294362864381265854e-02,1.537329491062697923e-02,4.256006695391354594e-02,1.347951763025260520e-02
2.211404726038112070e-02,1.310419902209612394e-02,1.403868416572525216e-02,3.227012644594999535e-02
4.674104236272993290e-02,1.420682735600284179e-02,1.826736803028247008e-02,4.364658554897789949e-02
4.071523833373770496e-02,4.347480517881044393e-02,2.619989898525861699e-02,2.067190896976132952e-02
2.449893794452175089e-02,1.070319757598547569e-02,2.369548863679113784e-02,4.705024093240262745e-02
2.158435602229043931e-02,3.819593327054910531e-02,1.798848542885121346e-02,2.549892426967592315e-02
3.743996714540730880e-02,1.838620192677722226e-02,2.021690679885472519e-02,1.485862403125331500e-02
4.355126128608072938e-02,2.015406424537453944e-02,1.019771429581259325e-02,3.825156093653610950e-02
3.122653279040030899e-02,1.422560700620657294e-02,4.588846613368108285e-02,4.870057789320090397e-02
1.050011839907332226e-02,1.737234299168984031e-02,1.552165214829250364e-02,2.169036960514912626e-02
3.652936882235199162e-02,2.331636488576681668e-02,2.457017966340219878e-02,3.483843450157024513e-02
1.169828957126693020e-02,3.438750407067953097e-02,3.791487570912448896e-02,3.506168886312168581e-02
3.992316006242176835e-02,4.706487970391990544e-02,2.079434880187212495e-02,2.115857896199335730e-02
1.873352555713116499e-02,4.156003213683428371e-02,1.188703257783917805e-02,3.621059159007221362e-02
3.788708382599113855e-02,1.489258549334903162e-02,1.508660903351172547e-02,4.783819394586604629e-02
2.770050926232184296e-02,1.828731125660887358e-02,1.230187839485770949e-02,1.943983267565432133e-02
1.514920435599639154e-02,4.228984442689384671e-02,2.855713025980296388e-02,2.693675550941176944e-02
1.886076718920654677e-02,3.108736408105650800e-02,2.319547284518703317e-02,4.848108136327799328e-02
4.323360645421017723e-02,4.843844849973899525e-02,2.988600946979805967e-02,3.636959333959258883e-02
2.265283997428083756e-02,2.109265164415013299e-02,1.184426945897766245e-02,2.791152451177061899e-02
3.606353818235959185e-02,2.948808680022008827e-02,3.636431225076014462e-02,4.908402359423477690e-02
2.790598045544048778e-02,1.536873433765220329e-02,4.271320656426117607e-02,4.509973672989429222e-02
4.830159377956834421e-02,1.956771344616909866e-02,1.076135385906867165e-02,4.050931809734236583e-02
4.545154098489360972e-02,3.393821996188045587e-02,3.619638425955323813e-02,2.380086828467949112e-02
2.629665463563725381e-02,1.128467687421135478e-02,2.126408406552134783e-02,2.713641541672177221e-02
2.583472202133382106e-02,3.414919649031307458e-02,3.552074730306465505e-02,1.718220330572576421e-02
3.488584772161586883e-02,1.322521003673550813e-02,1.660131440585901896e-02,3.158873080562724783e-02
1.883496141970680826e-02,1.736065402536402652e-02,4.098278118034022477e-02,4.550660198417393054e-02
4.767889836582912128e-02,3.016505182233290838e-02,3.800408810074923371e-02,4.678422001481787051e-02
4.523761141475945297e-02,2.590809676402505701e-02,2.840318905708721225e-02,1.490095269917116050e-02
1.999343338965842848e-02,4.392097577133712016e-02,3.186593615205220165e-02,2.666075792497189095e-02
3.721364076045009794e-02,3.434335170240907648e-02,2.707689600652107148e-02,1.926362911712623666e-02
3.236673821712388044e-02,1.482152553835404916e-02,1.746997841429081405e-02,4.246170071332382862e-02
2.057065062317764079e-02,4.909499968176484624e-02,2.730905779740105260e-02,3.032978177708849782e-02
3.715443639674280429e-02,3.182622448687807276e-02,3.680688344288213232e-02,4.333338535024777727e-02
3.258322943406859878e-02,1.983957184643402732e-02,4.089451779752908273e-02,3.767307438361375965e-02
2.324890583037873479e-02,3.994003386807109396e-02,2.606553224145083392e-02,2.207316408249627993e-02
4.989664139527914127e-02,1.409851291720629063e-02,2.377892899137732177e-02,1.922284930583903484e-02
1.728631601806154827e-02,4.561024988663799073e-02,1.343981717687208616e-02,3.905291508602150991e-02
1.869159691728184552e-02,1.294882062613673945e-02,3.962131139178620698e-02,3.731485786699352547e-02
3.949658964815180862e-02,1.113397035475896697e-02,4.787817225375391728e-02,2.214523879672793821e-02
2.257512508790717951e-02,2.602741121964448345e-02,2.469123377463558477e-02,4.932934497230392901e-02
4.567404881955802742e-02,1.439441712348337073e-02,4.040483201311131228e-02,2.129137705394740232e-02
2.629436322140010773e-02,4.753872643584496765e-02,2.806082415296779625e-02,3.734363485733158128e-02
1.335892198324449900e-02,3.114529010819577087e-02,1.574538228098137232e-02,4.732557476883023778e-02
4.311212014660810443e-02,3.358932442122725126e-02,4.868375402184621503e-02,3.920573401419255588e-02
3.442700850569337806e-02,2.294963370522183632e-02,3.986735763608589833e-02,1.103384459050434606e-02
3.094883991846961169e-02,2.250669903908398412e-02,3.595788458042704222e-02,4.363387020194605531e-02
4.894938529545971723e-02,4.679805283970700502e-02,3.997018590247129743e-02,4.794858094458320091e-02
3.647747382333501459e-02,2.623664590578410338e-02,2.727399167115756445e-02,2.252746497999626868e-02
4.284487833517114375e-02,3.072954152390300342e-02,2.550101207399117081e-02,3.040373272380287456e-02
1.203158296265511261e-02,4.596312206240331377e-02,2.298358402255331473e-02,2.753628049440309811e-02
3.469796935378006292e-02,1.753306543338496726e-02,1.027680486812833534e-02,1.660715168978952119e-02
1.826108179911278828e-02,3.110624616757125260e-02,2.994738118592477766e-02,2.819883344605836339e-02
1.184922955396269621e-02,4.276601679123848837e-02,4.416855738196354825e-02,1.070473681528207564e-02
4.584392914673529607e-02,3.116776014272412687e-02,1.231524925133895693e-02,1.912401541696381879e-02
1.697214958512861804e-02,1.695778431314539855e-02,2.965768453425115386e-02,1.948271152985792121e-02
3.199815706260653037e-02,4.700816574389560937e-02,3.503064021721048749e-02,1.762043984518567308e-02
4.667467725280944474e-02,2.835661921732197249e-02,2.248569551812269751e-02,1.755119490636617569e-02
1.727930474181407078e-02,4.464357907803628844e-02,2.576720787854858141e-02,4.938285752346913832e-02
1.126333996178235063e-02,3.693283184706649958e-02,2.506176386901442371e-02,1.176008772761997015e-02
2.506278007753589415e-02,3.500345185086974759e-02,3.583419739728545272e-02,4.288001044945070200e-02
3.704295562694845390e-02,4.986328581672849758e-02,4.670753530057310948e-02,3.457716812498722730e-02
2.381957367027977973e-02,3.001231122452630712e-02,2.158591745038634935e-02,2.414656421723826440e-02
4.802158401307880103e-02,3.498367403944811771e-02,2.167744730233919781e-02,4.665833766717988884e-02
4.813371986092856991e-02,4.536343886603207837e-02,2.948706160213627331e-02,1.581857851662057945e-02
3.455037782830552157e-02,4.934253005703438666e-02,1.581677318299117008e-02,1.640447746205595664e-02
2.202936338978969330e-02,2.119991345737968005e-02,2.314025835558994673e-02,3.028484808187262983e-02
1.954418503302967833e-02,3.048804520940683743e-02,1.874835987580393548e-02,1.779266052237831602e-02
3.214816913673838872e-02,3.285093626214966728e-02,3.266721223380552458e-02,2.114747734879426216e-02
1.195405648400731623e-02,2.908191431133516636e-02,4.367631559171764738e-02,2.239133393736669753e-02
4.661845760575872993e-02,1.218272483425768271e-02,1.180396271671287252e-02,4.931702054936910190e-02
1.933839108228013054e-02,2.598326462204474802e-02,4.352212281210431771e-02,2.204097536762861936e-02
2.868566060711048166e-02,3.169211733783963009e-02,2.360052905065032972e-02,1.446400035712370330e-02
1.574914730716790029e-02,1.859405575831037105e-02,3.898638304435351337e-02,2.581094695882260592e-02
2.310951293252211727e-02,2.295260126462926598e-02,3.505209020982735790e-02,2.374178193923867988e-02
4.444393955225508369e-02,1.559026268095584783e-02,4.200477330494058192e-02,4.451531080819941949e-02
3.618010181911877204e-02,1.046998727395734470e-02,3.261167237113643536e-02,4.337366071136524587e-02
2.063735651496819562e-02,4.151280823718565133e-02,3.251429283968790968e-02,1.263692074410081682e-02
2.201775935248478575e-02,2.202204616944149207e-02,1.914839022822518999e-02,4.816821916575273616e-02
2.375353548369734183e-02,3.561549834195318343e-02,2.016570201027408082e-02,3.329762261686073505e-02
3.494585796612201256e-02,3.174783545557546827e-02,3.603931016042851571e-02,1.775350402620518714e-02
2.248051271911323534e-02,3.513717147575362576e-02,1.907590717336234143e-02,2.314760041508232696e-02
3.865478590760012406e-02,3.344461379645817523e-02,2.847131471838504346e-02,3.454697775082849615e-02
2.327904471144061349e-02,3.251018146423097915e-02,3.622873576063264517e-02,4.000710749133130212e-02
4.135181769636840643e-02,2.319254291838611370e-02,1.529486535796092603e-02,1.860702460749268095e-02
4.199371672937749628e-02,3.762279637875364652e-02,4.601600345106578172e-02,1.112835717820885063e-02
1.073471820425735482e-02,2.756593073137036942e-02,2.336430865201984119e-02,2.129908566252129709e-02
3.382953812658853060e-02,3.830049426428535492e-02,1.125081830102168425e-02,3.694245704343588482e-02
1.482427967934206101e-02,4.633654093738991814e-02,4.924954279814593855e-02,1.714109324001091006e-02
2.956187794468567720e-02,3.351709717495930663e-02,2.934967129994282137e-02,1.627382136466130891e-02
4.644793321023329286e-02,1.033989168447641688e-02,3.632776474100227193e-02,4.799508522997211757e-02
1.941398815849777054e-02,1.616549704209478688e-02,2.538985426070356627e-02,1.740071750506430592e-02
1.650448262184701573e-02,3.025468098163004022e-02,4.504366275246145246e-02,1.038462309749121730e-02
4.404333787643167908e-02,2.126100673989007872e-02,1.550123420689619724e-02,3.575255469973737804e-02
3.645035870921087967e-02,4.538816367759540560e-02,3.106255772030818568e-02,3.809066479541108746e-02
1.434508783434840229e-02,3.742417635775539819e-02,1.916691633765533337e-02,4.492074651193468660e-02
2.727871480312428487e-02,3.470846159665341019e-02,2.857099939705586705e-02,4.445474818921305721e-02
2.315008142692771137e-02,4.521971261102389339e-02,3.536435188932946644e-02,2.545555190261694981e-02
4.038891224744001196e-02,3.469687296458432574e-02,3.245287807635213045e-02,4.925078672117091938e-02
3.144906853927856988e-02,1.578971635066290027e-02,2.481830478875556717e-02,2.208137752519508112e-02
4.729138415878252066e-02,1.614687900523123498e-02,3.179536837789614934e-02,2.352316185849787425e-02
4.112101180776689402e-02,4.341253518891663443e-02,2.529734819699181597e-02,1.299651964145634789e-02
1.957279415305895193e-02,3.709288188829650001e-02,2.084884661843962317e-02,4.697852358194922612e-02
1.358315798290736336e-02,2.011347396832550982e-02,1.700949182840942597e-02,3.626737924676219638e-02
1.146832386097051439e-02,1.135050829845494352e-02,4.439492412503173724e-02,1.669927620439074986e-02
3.216874534345763592e-02,2.133481946835991128e-02,2.582378289881886307e-02,4.082167458406202321e-02
1.566118233383664848e-02,2.455119262580510164e-02,2.685530704392926488e-02,3.788829476952912390e-02
1.000269242290557740e-02,4.941496018139257540e-02,1.272169789554915102e-02,4.625513208418089578e-02
1.318848729557524357e-02,2.299605256960991079e-02,4.409806311617100322e-02,2.347591692257396806e-02
1.137678914099436028e-02,3.444192483873317889e-02,3.818303122723129550e-02,2.727632220409691166e-02
2.020210251487093711e-02,4.675911525741387187e-02,4.761796234580294856e-02,1.637018921981998193e-02
3.313003560194101305e-02,2.963101588493172178e-02,3.185560873205876831e-02,3.816463770479793655e-02
4.939304440145438763e-02,2.739684562032711906e-02,4.855955595628635990e-02,3.423422137377495067e-02
3.937140782143778300e-02,1.654400379660134895e-02,1.016155723143978735e-02,2.305608496206089028e-02
4.919808890232676285e-02,2.071985498369704679e-02,1.773506020390088964e-02,1.087818680810535149e-02
4.807478186470657416e-02,1.869266801460958694e-02,4.411973552358478684e-02,3.691736845480166757e-02
3.065959096806852857e-02,2.419827362572176538e-02,3.382775360716189228e-02,4.309951675212952277e-02
1.930362621302455714e-02,4.301507269895581825e-02,3.833643189153295577e-02,2.631947555930010813e-02
3.527734411007836524e-02,1.307906292279626716e-02,1.280880390979190382e-02,2.136566480093372161e-02
3.212249639249565442e-02,1.210522312675340641e-02,1.395912816854056118e-02,2.625021955194748596e-02
2.042565044564211701e-02,2.584489623242679224e-02,1.691853242150164610e-02,2.018317753461437367e-02
3.728181763903839346e-02,3.320526739211281803e-02,3.176464765204865121e-02,4.564292821788155929e-02
4.487641822302926992e-02,1.982893291782587830e-02,1.130917009314673372e-02,1.299203687269902090e-02
3.920508053516504748e-02,2.880234718379850317e-02,3.467947450067360160e-02,2.917283713424811270e-02
2.786330935171003886e-02,4.808308865395209686e-02,3.630595310125578346e-02,4.620941819466287820e-02
1.617768481786460710e-02,2.999545640803961272e-02,1.485607934806835659e-02,1.157985164039940576e-02
3.183635684400849125e-02,2.738949785050265318e-02,2.080333466346524773e-02,3.181452082112874724e-02
2.597933973943410829e-02,4.247076699068222383e-02,1.994921225946154342e-02,2.040677959158274102e-02
1.342457085242858283e-02,3.261490028971070210e-02,4.597855857462799373e-02,2.984150474219667698e-02
4.340637889123324239e-02,1.359230292274278031e-02,1.576956339995983641e-02,4.239250127739575130e-02
3.221157162323844136e-02,2.964217359137694130e-02,2.400065364633218595e-02,2.948380654000622159e-02
3.802804748385858052e-02,1.757866061349941736e-02,3.560449435682795649e-02,1.183886745556859792e-02
2.457269665275225307e-02,2.714225151058100027e-02,1.002575980489809129e-02,3.328518703854740912e-02
2.887394377481487806e-02,1.057801725273230763e-02,4.168210766488052166e-02,2.488856489763554419e-02
4.043940351624228380e-02,4.454813503990365242e-02,1.445948923518889859e-02,1.133670135037199815e-02
3.708034627175175318e-02,3.079305698081555298e-02,3.524836577879820326e-02,3.759332677166603298e-02
3.734660512811650152e-02,3.411800435191050807e-02,4.790975793083711298e-02,1.690413872334961543e-02
2.079726385963722585e-02,2.402194544304751475e-02,1.082996023539335197e-02,4.622414655681424817e-02
3.115440053350017335e-02,4.226705349596027866e-02,3.577886805155144900e-02,2.347349397049433573e-02
3.525986922501695570e-02,3.931825688449412659e-02,3.470904213786780296e-02,3.755205407379504784e-02
4.377094437795070458e-02,3.360509335766282552e-02,2.522407365427194181e-02,3.668633518784526065e-02
1.208897981759765594e-02,3.122190351796255703e-02,4.840202653831772450e-02,4.713307644601316682e-02
3.537844269054842006e-02,1.817497296458223111e-02,4.498679087992824704e-02,3.187035924801587955e-02
3.418099926673536654e-02,1.210879566363611860e-02,3.245968283599873216e-02,3.539307108448939976e-02
2.120460300505846302e-02,3.098134271173793447e-02,3.560984349862823806e-02,3.841463431284253965e-02
2.682444921739986221e-02,4.606340678316687975e-02,4.205747976164193880e-02,2.477150233430999715e-02
3.158928224422999365e-02,3.810404572700313436e-02,3.850359949137302507e-02,4.497309990379134287e-02
2.313463951848182543e-02,1.909272213690508396e-02,2.493130358826557702e-02,1.937918912569627783e-02
4.638311084334199169e-02,2.988572202844109321e-02,4.420814690776753847e-02,3.080474464224428749e-02
1.283531507109502215e-02,4.614502523822186508e-02,2.805092701652507625e-02,2.306303130042110933e-02
2.515513018966958336e-02,3.709839466498975752e-02,3.839331933738382441e-02,4.892227535974953689e-02
3.439144806412861716e-02,3.497344918353081922e-02,4.882339596689456301e-02,2.867636006723185693e-02
4.568897300761141922e-02,2.987836406715046328e-02,3.515637795396958643e-02,1.209280715513165981e-02
2.243844549947773132e-02,2.975575886462914627e-02,4.625774816057554029e-02,4.623429543905564071e-02
1.845754844163254721e-02,2.380972470722896722e-02,3.267191250240821659e-02,1.480446991911024517e-02
3.865205871798070569e-02,1.475185242409962627e-02,4.267012649341866276e-02,4.173767222239697927e-02
2.469285494728640576e-02,2.423070931636778919e-02,4.917902457136773264e-02,2.614299933880082777e-02
4.158389688714773241e-02,4.271537575633214262e-02,3.322868653261423083e-02,1.595310536223381453e-02
4.398602189826765485e-02,3.176480218106390863e-02,1.384893843644980499e-02,1.908979751610090370e-02
4.791535558029692832e-02,1.760060962429496959e-02,2.227778599728442305e-02,3.731140742966435747e-02
2.621549069576285113e-02,3.769494142729852559e-02,4.151521036218939337e-02,3.670835581537208736e-02
3.565488743148634981e-02,3.623083832601507043e-02,4.058346192113970047e-02,2.861998622336399400e-02
1.406557116481097977e-02,3.334975272521983891e-02,4.228335001709596780e-02,4.360751774074753118e-02
3.404762066346710830e-02,3.429014346062144586e-02,4.651503469231165616e-02,3.778227259936781102e-02
4.221714435263945048e-02,3.681506205099789597e-02,3.176949879481592853e-02,4.037391645437155008e-02
4.677206567387830888e-02,1.845323064891324361e-02,2.496375635201201690e-02,2.150050126173792819e-02
1.396905377440631202e-02,1.998626466631358428e-02,2.013174262648552426e-02,4.780313672031517858e-02
1.616549790684961366e-02,3.422711126077358779e-02,2.662635946077209631e-02,2.696423868904918031e-02
4.771298351949963129e-02,3.937022898514902502e-02,3.434403048096448807e-02,4.447747791545569873e-02
1.992845705664452946e-02,1.354429917212103193e-02,3.761861626201946224e-02,1.573292777563114683e-02
2.290478689623910713e-02,1.028113264398596363e-02,1.870024247952810359e-02,4.117549098678272013e-02
2.034424031226451240e-02,4.418652537215266018e-02,2.372133820229000573e-02,4.614932498541523404e-02
4.488573017981065810e-02,3.982010319446691038e-02,4.687725220629319900e-02,4.778490036760796311e-02
2.689133478908112967e-02,2.641680518861282134e-02,3.295414556364810454e-02,4.507620403113102303e-02
3.437976226788130168e-02,1.273108169960875287e-02,4.552538899855348292e-02,1.123014989560779109e-02
3.784572969660941755e-02,1.173036538211966358e-02,3.627175995403434522e-02,4.218367668160072359e-02
1.861998456783899719e-02,2.800298165201312722e-02,2.700093694153684470e-02,4.472868682783541494e-02
2.378000814541687130e-02,1.999959480474663293e-02,1.238034922204168248e-02,2.321769210931007993e-02
3.685379048707863869e-02,2.098933696633415238e-02,3.259103191104475300e-02,1.963575129719245110e-02
4.773827508441501333e-02,3.095182583440311830e-02,4.707924129915267569e-02,4.613272319821479922e-02
1.915509571009923334e-02,3.059030216734710123e-02,2.217186344510944582e-02,2.821703258356374894e-02
3.536825484234582678e-02,2.046353050022119147e-02,1.115476786233883522e-02,1.307975144898170135e-02
4.334609882633962824e-02,1.652095722361405020e-02,4.591865486207746816e-02,2.575739161072326810e-02
4.323041544222897686e-02,3.711756312980839245e-02,2.084227198064206310e-02,4.070008428045276960e-02
1.371879234720204191e-02,2.534407303310660942e-02,1.446526424916174010e-02,2.845651288724820871e-02
1.284846899193982546e-02,4.641297676183438886e-02,3.616938656930005630e-02,3.674319803705249771e-02
3.805244300890385512e-02,2.065710264767726956e-02,4.946080035335267272e-02,3.876225868012745518e-02
3.398749481578855480e-02,2.444077226934494168e-02,4.955645604026623352e-02,4.872803433977629384e-02
1.828042003689393097e-02,2.869477551930123271e-02,3.197728486374602774e-02,1.547133523115534759e-02
2.638398893881158808e-02,3.654503385603345700e-02,3.454176677227867309e-02,4.997218547182856463e-02
4.501171463234105580e-02,2.073998976478247380e-02,3.355107070382006701e-02,2.690638320998705452e-02
1.651476056893340372e-02,4.974419098409359197e-02,1.529188977446608103e-02,2.633110567768436744e-02
3.404308316608960217e-02,4.776086656286361587e-02,4.395597143933452355e-02,2.806009889212966735e-02
4.075538215619850524e-02,4.816070946384704010e-02,1.895091317498989736e-02,2.874387661510809100e-02
1.279537179867739315e-02,1.456970300540436948e-02,1.840779911564285193e-02,4.469482467311328144e-02
3.057950229055760721e-02,3.486657301697575900e-02,2.613564387783766374e-02,1.780351521399012316e-02
1.464147959223718182e-02,3.017025261137985109e-02,4.857275336175320701e-02,1.194319700944261597e-02
4.754459038001363630e-02,2.852462550972318517e-02,3.595362782342483021e-02,1.750889134046246243e-02
2.308959885311086951e-02,4.263007396529226029e-02,3.461924233849787702e-02,4.084009809862983176e-02
3.586815382814682873e-02,1.150206198133546520e-02,1.606748301064110998e-02,4.005765647410886032e-02
2.223690742276679747e-02,2.932929896599741765e-02,3.065570401939157752e-02,1.344234018561379744e-02
2.156384565984702587e-02,3.942863338184605937e-02,4.277585967574060177e-02,1.332800443946912869e-02
2.005398321136420137e-02,2.565683960886822046e-02,3.694387060092406416e-02,4.611357932515357250e-02
2.483557226566322773e-02,3.047386125003318652e-02,1.637871953419172549e-02,4.007760402692515933e-02
1.300646473342109699e-02,2.981225655663206214e-02,2.219993907905157618e-02,3.992764724534647591e-02
1.448152134983122716e-02,4.594632461137798662e-02,3.350147366474772598e-02,1.993550466532754972e-02
4.422958671024169314e-02,1.977228490279481568e-02,3.777195143111309467e-02,2.446413537762139739e-02
1.940108452690847071e-02,2.223028702942986962e-02,1.914450507967209447e-02,3.802479703886834511e-02
1.465664588459548306e-02,4.134667818613770029e-02,4.155994536972790893e-02,2.351583858831270135e-02
2.448050576407746759e-02,3.136354727201964149e-02,4.547927416505841841e-02,4.859465682620046217e-02
1.991192419495921642e-02,4.280494451812158485e-02,4.654555208601703076e-02,1.913158923848886153e-02
2.489910983742853537e-02,4.895431085914673380e-02,4.932494982354165836e-02,4.622660703967267776e-02
1.763224152505830922e-02,3.930024653267201462e-02,1.090864812313330386e-02,1.289455736560095843e-02
2.387055231081709750e-02,3.156511381652089138e-02,2.130647224933118061e-02,3.713510072048255978e-02
1.323705486138527197e-02,1.761707112282689947e-02,4.179102850524450685e-02,4.073641437605941829e-02
3.145787568574410359e-02,2.108200204529994334e-02,2.095043399201869383e-02,3.236836398543690985e-02
3.614270242884067702e-02,1.704522285175538721e-02,1.564722253584049233e-02,1.618896542591026499e-02
4.443864221278021748e-02,1.573504206611548578e-02,2.956939694071615554e-02,2.713114704555075196e-02
1.489322619903302343e-02,4.176259510740570197e-02,4.639189531260573540e-02,4.716747138611371987e-02
1.255501242174429828e-02,3.828743913781759711e-02,4.794854644845963215e-02,2.360779066058203354e-02
3.997983129174369210e-02,4.837640866544398038e-02,4.605061984016635412e-02,1.365010121345756888e-02
1.223485207327264408e-02,4.283776115141037233e-02,3.383926442152040970e-02,1.548089319352579686e-02
2.348916787463958475e-02,4.261382721411060420e-02,1.636007360964768925e-02,2.388884686506828267e-02
3.486417090834902088e-02,3.345384327643277644e-02,4.677294833455356016e-02,4.000184345646969064e-02
2.812688244483216998e-02,4.246195517522958346e-02,2.384477231881504400e-02,3.268446982784507793e-02
2.357404587242615396e-02,4.960300120948545055e-02,3.519957320617123769e-02,2.050590045951170004e-02
4.304538832439860213e-02,4.476787995354767485e-02,4.845339614006285989e-02,3.360348356498651934e-02
2.932332095804408845e-02,2.677416062857210927e-02,3.577726686228146352e-02,3.955546443160675579e-02
3.898017349497320816e-02,1.099110211421883143e-02,3.092256684148216722e-02,4.148151207796661050e-02
4.104647846134773514e-02,2.656512324910118017e-02,2.961320486464952967e-02,3.835036635479155409e-02
4.709572090732841443e-02,1.374645187812838926e-02,2.518406501036826728e-02,3.841949820722523334e-02
3.789063734500458525e-02,4.897927909128806101e-02,2.453050861794200607e-02,1.725868342829568747e-02
2.060717499951734977e-02,2.472015698765504810e-02,4.260577536405070476e-02,3.111391650644753509e-02
3.509673429419554735e-02,1.439871069551370078e-02,1.783597515797994554e-02,3.928015007911664358e-02
2.968163642757170456e-02,1.537854928317309439e-02,1.456127151937762487e-02,1.706936349403147951e-02
1.259524244305689628e-02,2.430706159429104479e-02,3.180499297871090120e-02,1.205275773128554329e-02
3.963541268444530086e-02,1.869137638376129618e-02,1.061866046566529477e-02,1.415375733590734306e-02
1.464804466112647370e-02,2.300797026483476782e-02,2.771328900525207861e-02,1.624343529560008659e-02
3.521925435350196226e-02,4.878589290746769558e-02,4.214510978805294933e-02,2.963430391854979945e-02
2.677348217236881489e-02,3.404224959068245793e-02,3.312494543999183749e-02,3.220578181942984619e-02
3.000077239627746417e-02,4.918268325471324837e-02,4.280596488117145021e-02,2.255489618412996958e-02
2.699219435120048943e-02,1.809481745273550796e-02,3.819133057424858868e-02,4.322629895103229786e-02
2.692721445157546245e-02,3.847000834871458497e-02,3.361659528803773861e-02,2.444151201846412463e-02
4.215016013867608352e-02,2.339367027222212514e-02,4.684002352482325576e-02,2.376423873373097878e-02
2.095398407854891926e-02,2.882557385576779013e-02,4.591398355294165623e-02,2.752271028936098540e-02
3.320546717185332564e-02,4.739130408470992872e-02,3.249138775155296921e-02,1.641225513075884185e-02
3.065335143854659716e-02,3.237302097731025591e-02,4.768364708707470423e-02,2.675958883785892195e-02
1.408552840011838107e-02,4.208014294534934141e-02,1.990005239214145266e-02,1.082609872427365422e-02
2.292723799505581861e-02,3.631974255172825544e-02,4.489189028322880526e-02,4.560408314047209588e-02
2.716037356930703361e-02,2.163794513324518443e-02,2.127694689017058105e-02,3.380545978759651876e-02
1.609353860150660592e-02,2.120648644518986076e-02,2.376186631352538922e-02,3.309947885909559490e-02
2.045981196806170507e-02,1.187611034482177058e-02,4.778449793557216357e-02,1.708992016293061494e-02
3.093288714691498631e-02,2.897472517115432661e-02,1.005456302301392657e-02,3.118137483378364411e-02
1.148722674262715217e-02,3.980602647707247310e-02,1.341436529716345111e-02,1.449961252641078849e-02
1.210906094532935087e-02,4.274174949313861577e-02,2.296240018573657629e-02,1.699810670800411608e-02
4.092272972369629530e-02,1.807712595597138483e-02,3.131919282783449804e-02,3.165610063061827240e-02
2.595378436145164003e-02,1.062658001010740108e-02,2.841155722602308614e-02,3.448265151411711998e-02
4.424939713439080685e-02,2.477189813491207510e-02,3.968577482434060277e-02,2.171321257363677260e-02
1.758242775899386198e-02,3.424748422886347149e-02,1.361582258754072752e-02,2.205229398792377116e-02
2.884026104242021216e-02,4.479679076267657073e-02,3.168386035961857222e-02,2.802516002994697580e-02
3.610442961724181360e-02,4.030499464703102275e-02,3.719537087853634627e-02,2.705959928022830946e-02
2.850483982738576116e-02,3.024432619361794305e-02,2.812589967023600840e-02,1.110353971937739700e-02
3.167684895752398422e-02,1.329131677013745128e-02,1.401355168493748603e-02,4.977176604630876439e-02
1.804898002326986439e-02,1.682125274920677135e-02,2.579626421416224280e-02,2.604980791874188933e-02
3.415169584521252771e-02,1.629252861796948518e-02,2.835604319326884976e-02,2.436552378408599756e-02
1.183723468459608325e-02,2.783201158136079656e-02,4.252090437123996758e-02,2.765449477232184705e-02
4.620864209850602394e-02,2.965779075563329537e-02,2.459861754543397894e-02,4.979138169996576851e-02
2.193987410097934104e-02,1.928211131907816428e-02,3.141216204727833444e-02,1.675636191149112650e-02
2.280776683773474631e-02,4.548520324595950459e-02,4.503814878155114332e-02,4.579233548317036134e-02
1.183021824054144092e-02,2.704588932393595102e-02,1.589310853531621451e-02,2.531883967165592803e-02
2.909788912680134898e-02,1.951598323935659074e-02,3.723858842973666594e-02,3.034852575560598870e-02
2.305946873177787057e-02,4.622071044206648577e-02,4.004652603730690652e-02,4.583859749320671334e-02
4.887585947071970693e-02,4.564468270199242839e-02,3.029537899017016589e-02,3.043995060495788274e-02
2.276510425162250190e-02,2.214363084975318891e-02,1.950180474169646572e-02,4.093297705396287817e-02
1.368407196239279644e-02,4.378448532458158182e-02,3.067892039608002830e-02,3.824107597630867911e-02
3.558139161979578802e-02,4.190141022429128004e-02,3.113869480802022166e-02,1.965015663265436488e-02
3.954243425847343840e-02,4.164566094109035943e-02,1.466960181930282957e-02,1.818010636344102524e-02
1.803076921724110909e-02,3.325547082377684760e-02,2.628278911256158590e-02,3.909456482499883145e-02
2.048815916734529965e-02,2.735941550035757286e-02,1.877175160706962692e-02,4.040800832745991555e-02
4.430002038773585282e-02,3.530418515433194487e-02,1.275825219820686529e-02,3.208168100260379990e-02
3.780487642567153389e-02,3.282557645021137727e-02,3.379367610245219422e-02,3.679029677878092180e-02
4.241206693072786804e-02,1.357401660516715375e-02,4.265912587763578262e-02,4.186234189594038174e-02
4.600520111709203303e-02,1.000057615778702363e-02,1.895651071127905929e-02,4.530622373265739272e-02
4.971084665184948709e-02,2.689226765031454969e-02,2.155287534664991622e-02,4.740393794415272838e-02
4.703459953413836880e-02,3.245480458753899344e-02,4.499867586139229270e-02,4.777742615754716066e-02
3.222933593269627917e-02,4.302831922303962386e-02,2.956155398792132544e-02,3.624635283534086844e-02
4.516592730984628212e-02,3.640166436156848373e-02,2.863170642544944633e-02,1.857245936381443641e-02
1.100528872061685808e-02,3.889343731926053760e-02,3.311788019423519969e-02,1.172779097582287919e-02
4.343427934972997340e-02,1.274900794399108986e-02,2.067339364044541022e-02,2.662435620504766814e-02
1.261040051375781831e-02,3.973295879945984432e-02,2.491875457017931825e-02,4.767906896012642781e-02
2.854713631559827047e-02,4.766307631033509656e-02,3.911110266574578664e-02,1.181794658898534245e-02
3.094496621667951891e-02,1.862409776628766792e-02,2.461194407048829247e-02,4.542410647648509325e-02
3.987323972934415928e-02,2.627767640450252851e-02,1.042444113316732569e-02,3.816214230778012390e-02
3.944909092454610550e-02,2.242978884080724933e-02,4.037355218205162383e-02,2.782786487198726094e-02
1.487236347745100537e-02,3.691867922750975695e-02,4.718409024807913854e-02,4.279095801533461946e-02
1.321423744171640671e-02,3.260086707279843954e-02,3.764656671837430385e-02,4.885145475243452690e-02
3.292422396393616946e-02,4.135833675098796874e-02,2.888841746495031393e-02,3.529400905161687862e-02
4.788886340582344803e-02,2.849706078363693773e-02,1.612886792851657425e-02,2.760894154746230261e-02
2.579284741208325016e-02,4.450527349635825108e-02,1.534333817162439155e-02,2.571442104672495149e-02
2.070885637499166043e-02,4.040353372147314354e-02,4.033407717506744955e-02,1.869903351624341986e-02
3.843694855841900404e-02,4.064715263986265481e-02,2.743969218206654404e-02,3.897059167469685975e-02
2.918935128237080956e-02,1.399382522152737771e-02,3.309749747593044439e-02,2.737074633649753952e-02
3.109180137000032429e-02,4.515664489291033867e-02,4.954458821221965903e-02,4.993281087848826932e-02
2.362278504376352437e-02,2.341596331489698146e-02,2.215252367592908389e-02,3.111541127723006783e-02
3.852634536172842156e-02,3.989333314485883630e-02,1.113796660810523892e-02,2.324993520179665513e-02
1.768594855701650578e-02,2.936477386577702325e-02,1.244642388013790339e-02,3.958202253141691884e-02
3.889105565328696695e-02,2.210304210386528773e-02,4.618138994326977803e-02,3.884204281086153787e-02
3.275338344929867862e-02,1.244483985126117360e-02,4.482574082681089339e-02,2.091754236479641607e-02
1.468654939808397217e-02,2.604824662547339242e-02,1.951655335933904709e-02,3.469019609983145513e-02
1.558868321694206402e-02,1.071630838284702743e-02,1.988258497115834647e-02,4.478896632596802291e-02
4.556897590572276530e-02,4.027726125313939309e-02,2.804396125399258310e-02,2.292568423150015411e-02
4.985682816315024218e-02,3.333644714566830203e-02,4.226382283463196027e-02,3.166355948131614750e-02
1.452700659452310812e-02,2.669377785993294616e-02,2.793680407354959261e-02,4.185663803296964941e-02
2.958288950553369934e-02,2.858757524173035497e-02,1.387571937293886198e-02,4.850928617660955899e-02
4.598747774326444882e-02,1.469729249239648886e-02,4.430534677316533970e-02,1.889536384592024540e-02
3.160186628778736267e-02,1.502092762223558933e-02,3.718419734692702400e-02,3.415338286051770866e-02
3.994882808383398015e-02,2.444404624711499913e-02,1.131976550140282624e-02,3.953025781201164462e-02
2.424751713910388434e-02,3.567520068932580890e-02,4.296263494416734108e-02,3.032609551633456274e-02
3.985229699526509489e-02,1.141183879685797077e-02,2.319840499179052704e-02,2.938443759276344186e-02
3.077377387325522240e-02,2.496688399171020228e-02,2.856372540340510607e-02,1.904404582245840249e-02
4.563703689342899633e-02,4.927714225354716537e-02,2.356900212202579087e-02,4.350748461122707494e-02
1.579988858163255266e-02,1.696974724093994191e-02,2.885141501343769371e-02,3.223436592976256648e-02
1.413497067851737787e-02,4.044062541829646779e-02,1.358451304295510594e-02,4.235518403036459684e-02
3.881947024181444522e-02,2.610407942258957670e-02,2.168535351501389707e-02,4.699179028691927856e-02
3.519720432162967011e-02,1.550740753889792538e-02,2.389135851429518426e-02,4.955215911257117994e-02
4.015944875699140049e-02,3.868955896805430228e-02,3.683497340987686858e-02,1.512979039091205333e-02
2.433102238062201383e-02,1.758048047631726243e-02,4.232502712355123292e-02,2.980866282972703674e-02
3.242328862319095173e-02,1.706580197856406855e-02,1.165883863165494486e-02,4.804835159407663814e-02
4.435355133907048497e-02,3.368530546442025098e-02,2.142391640275973647e-02,3.572994971451116941e-02
1.841044875476119738e-02,1.642064122366227244e-02,3.353242246943268640e-02,2.271035422434999895e-02
4.631982874576191095e-02,3.096920862832298199e-02,2.767260519801352514e-02,3.743588864226383983e-02
4.748698865401604352e-02,1.598259486450467892e-02,1.726972105998728774e-02,3.970489064203228113e-02
2.784545343554463426e-02,1.460824637681274081e-02,2.827612236467311191e-02,3.814867209445910179e-02
3.686059447141667306e-02,4.185997928153799286e-02,3.409764040369921839e-02,3.911910083285821682e-02
3.472023305534461396e-02,3.716161498770301913e-02,2.744110935483305008e-02,3.136089988861879424e-02
1.092994371994700752e-02,4.900275493911478847e-02,2.118978359478130430e-02,1.575659211222325481e-02
4.864044786227962602e-02,1.215842896900513198e-02,2.232389743414482652e-02,4.766368125924212024e-02
2.470245458399199234e-02,2.271421710890188239e-02,1.289067933191699773e-02,4.549635482731184677e-02
3.691949247194145634e-02,2.888547294362130841e-02,2.909583826490799024e-02,3.165921372385342714e-02
1.352067685682427009e-02,4.332717479393942417e-02,1.626297915271933056e-02,2.222563657927310171e-02
3.388474275469454539e-02,2.290853131001258092e-02,3.875321940149498851e-02,1.724496131333444482e-02
3.253707110236737227e-02,3.000789034943671107e-02,3.316225450183903772e-02,1.369899646952445552e-02
1.222940909750388355e-02,4.072122801452061902e-02,4.612779548288723636e-02,1.987821451236504097e-02
3.224019703598943187e-02,3.157021909520023317e-02,1.243033129008373414e-02,1.236159672242801225e-02
3.639782143265691411e-02,2.764554783682198619e-02,3.827477151265121225e-02,2.880462420129910328e-02
4.198070159043176819e-02,1.960526860653115724e-02,2.603465797305235668e-02,2.344825602417255697e-02
2.021209928506515971e-02,4.929441562584739589e-02,4.585501851612787394e-02,1.878952728728549779e-02
2.802173052745637188e-02,4.407448934049133793e-02,1.025747997827494359e-02,4.189032457604683485e-02
4.774274893325240743e-02,2.674460657438830491e-02,3.593231215034695114e-02,4.712683012505235192e-02
1.632307616831753239e-02,4.789468376796898741e-02,3.065157601963907491e-02,1.711391429464942382e-02
4.859281550757564572e-02,4.491151493593448230e-02,3.546341070908270998e-02,1.870958311459843676e-02
1.138517773679174894e-02,4.011913678649933757e-02,4.230138632417666800e-02,4.932284425045389831e-02
2.669527705043145405e-02,3.295747186360847847e-02,3.465158044257824616e-02,1.431281372317402302e-02
2.055535166118471757e-02,1.637795978419089027e-02,4.096619196195599999e-02,1.984857299655339719e-02
2.252857937107542036e-02,2.732814631511452236e-02,2.007620120751126697e-02,1.411148437030989265e-02
3.609245599180945646e-02,1.980775663544173670e-02,3.704941051880656505e-02,2.739519041610190275e-02
1.006019638341894978e-02,2.335643684319979596e-02,2.644999672891230891e-02,3.976863435251859480e-02
3.443037214627300141e-02,1.969281486388608365e-02,1.400537491759947309e-02,3.589687348392131550e-02
4.288744343976014228e-02,4.099120451373568230e-02,3.164827707111636523e-02,4.979858185293788153e-02
4.650413323741768579e-02,2.523772939895197603e-02,2.362658468497064179e-02,3.336888710241454892e-02
1.099369674627613015e-02,2.838431729449186064e-02,1.317639674975348146e-02,2.117354706007642390e-02
3.523203415108171893e-02,3.643799167630241281e-02,3.558095370514616218e-02,2.558563603219814880e-02
3.406146205919754338e-02,4.643961358231796926e-02,1.769953817687149045e-02,3.124543575362841163e-02
1.488294255727606701e-02,3.871668955720872218e-02,4.676777348562110442e-02,3.630932042741824572e-02
2.421820286135357297e-02,4.707538654397199623e-02,4.939620432709440623e-02,4.649483282100915632e-02
3.575794708267434480e-02,2.985746590040793541e-02,4.234211409770123613e-02,3.372887237546955130e-02
4.081929661918023283e-02,3.287032923219702224e-02,2.172579307637247797e-02,2.346974958965507979e-02
3.329855571129863162e-02,1.480502081138276166e-02,2.866727251322441494e-02,1.769731325307359257e-02
4.816821889968185555e-02,2.179045600523311921e-02,3.089808735903722126e-02,1.300038290145773788e-02
1.863082468078418319e-02,1.666303920173065056e-02,1.258706168317620666e-02,1.697159774028933477e-02
3.951128607481371041e-02,3.896141644509527879e-02,4.948286951549867030e-02,1.169697953386845610e-02
3.754327273170057766e-02,4.723823988979180405e-02,2.719996168406157294e-02,4.656251081582669926e-02
2.909021189650404238e-02,1.519377993827139388e-02,4.957043596318273099e-02,4.644256250080285725e-02
1.983936166534655543e-02,4.926013029449052838e-02,3.557215844986718473e-02,4.019747251938839833e-02
1.007314297467211406e-02,3.041116563405991263e-02,2.223189068907692467e-02,4.809674963566309275e-02
4.440878992473922676e-02,2.990372531665542316e-02,1.120329921003128046e-02,4.978944514572650193e-02
1.364400189291239095e-02,3.858694065668032830e-02,2.477102392484435353e-02,3.684766558942824399e-02
1.450932035602797189e-02,1.379604334192088833e-02,1.730162462311818708e-02,4.132794981049154465e-02
1.075543007578101846e-02,4.714102765684710650e-02,1.922621085318539785e-02,4.636584235705386303e-02
4.589949611920597639e-02,3.159553432364504283e-02,3.238294855101397918e-02,3.015729070253392319e-02
2.520668075718363738e-02,4.585025947396200591e-02,4.968045364494104443e-02,2.486258741665628089e-02
4.945764059043897265e-02,3.329487390735505481e-02,1.910823392606945254e-02,4.905945371704636265e-02
1.800224976364426382e-02,3.019886225904019894e-02,1.822534804858185961e-02,4.846814643249285071e-02
3.257558151357858173e-02,1.984030329563000322e-02,4.607216239179345169e-02,2.083191442670191684e-02
1.737277779297197178e-02,3.485678340327363206e-02,1.779220263679213640e-02,1.895703166763586939e-02
2.043083165208177399e-02,4.159374005590314033e-02,2.203741764914088352e-02,1.085151837821204772e-02
2.341828732834187396e-02,1.501560293796120465e-02,1.615743722860145393e-02,2.680642773630750181e-02
3.645398894173934590e-02,2.188596263927234178e-02,2.318133331738533170e-02,4.180254370229162519e-02
3.373988858704263932e-02,4.429654547938040310e-02,4.864838676572714321e-02,1.637201366347283693e-02
3.910409457377769793e-02,1.456308139726100043e-02,4.171766886043638128e-02,2.479051924460357742e-02
2.189413750890074895e-02,2.805037034641695570e-02,3.993392569339096476e-02,3.443715682434247277e-02
4.223980929598163819e-02,2.751166618323740154e-02,4.325996436794508210e-02,3.945915188032732973e-02
3.938464859159499648e-02,3.707995028272372678e-02,2.487673902781998431e-02,3.104672596548196245e-02
1.502286586129900764e-02,1.330101958593091042e-02,2.285820636642974663e-02,2.795399208135886798e-02
3.794818367484896482e-02,2.500393800286092316e-02,2.785318681705812455e-02,3.224807509935111866e-02
3.575835596262780941e-02,2.239781163619816370e-02,4.209256036471829138e-02,1.981902100002309527e-02
4.906987285762360457e-02,3.860415973306383780e-02,2.005696710108916328e-02,3.196931727648326393e-02
3.041539258743878454e-02,3.269652552553488356e-02,2.445633628192139461e-02,3.706551641820343690e-02
2.462416174480180214e-02,1.213364965282002009e-02,4.959270008407753311e-02,2.142324724332654584e-02
3.211395724904331922e-02,3.979061788866294913e-02,4.695276388668344347e-02,2.040037453915911903e-02
4.097445737468623922e-02,2.116420302145950033e-02,1.729944480643016633e-02,2.337123443974175457e-02
3.184466031422220067e-02,3.179033331786230293e-02,4.403831330762078555e-02,4.668215209871492966e-02
1.378584026688739819e-02,2.129123089900931964e-02,1.636900686810814631e-02,3.607346598388069814e-02
2.898420641529671216e-02,1.259579124446657747e-02,3.870330684207631822e-02,4.970420544554592784e-02
3.957351445418218205e-02,4.605468390435036447e-02,1.098084338001836281e-02,1.711814729701446880e-02
3.398214727996862194e-02,1.836915383784812339e-02,2.440505600672754002e-02,2.168140769282939778e-02
2.226202054019355350e-02,3.250451046425550244e-02,2.097196564568850480e-02,2.887075654347263931e-02
3.758013842475727700e-02,3.373960992443376938e-02,2.092589467323525271e-02,1.220830901211065501e-02
3.203595150653275325e-02,1.575048990385780751e-02,1.655802263522537787e-02,4.411378892951166308e-02
1.165299067876477725e-02,3.255131614775927384e-02,4.247806614671319897e-02,3.516506302844130127e-02
1.196833497904975507e-02,1.152205929855850373e-02,1.209786478379362186e-02,4.439468979054712883e-02
4.056376140587291540e-02,2.861095204441224671e-02,1.856754096544343743e-02,1.558905013612093757e-02
2.175838993783228009e-02,4.157664857113498036e-02,1.784318641679654913e-02,4.693938968718813776e-02
3.423137143578193486e-02,4.925156116659105271e-02,1.626595712775083524e-02,2.710131221048126676e-02
1.163010130245374987e-02,4.868261397317541483e-02,2.156594795393102643e-02,4.129216963061976831e-02
1.765852946848982252e-02,4.280296544178972817e-02,3.464993887663135597e-02,2.633230422862709724e-02
2.753240823683876515e-02,1.375954726766915118e-02,4.985188136774047762e-02,2.208479672484347719e-02
4.328971097102891907e-02,4.454108511592036468e-02,3.905255457088103316e-02,4.765954241201995206e-02
4.898217753769565364e-02,3.932092958314651471e-02,3.592256220152235252e-02,2.737714306034182837e-02
4.082497669158306058e-02,3.081485662521574881e-02,4.926269906031477408e-02,1.853188302725264358e-02
4.857779166976557150e-02,3.461829885120911582e-02,2.373545118761818257e-02,3.673723290180538198e-02
1.417929434445160813e-02,2.046669082526102884e-02,1.157754421649526307e-02,4.165640998395577638e-02
1.042673452285928191e-02,1.182437449600636306e-02,2.992499656505502592e-02,4.954294743465498946e-02
1.075665446731439642e-02,4.091628187697258362e-02,2.876332665242112979e-02,4.708272003799934130e-02
1.182570679576674597e-02,4.711456099607044118e-02,1.165794046075436380e-02,2.767788372810535413e-02
2.504239695136702137e-02,2.626280904248505521e-02,2.351266436935506299e-02,3.096089660929281923e-02
1.588688832399605746e-02,1.892390551160250470e-02,3.294501261040963525e-02,3.315433679311317883e-02
1.541857745028684529e-02,3.357569261924372300e-02,1.871296030447671538e-02,2.588205467292414158e-02
4.586431313846463242e-02,3.440753000135709366e-02,2.520099350950140427e-02,2.577164866232243418e-02
4.705429875582232274e-02,3.769936671758075675e-02,2.246859354812027337e-02,2.250597038597312860e-02
2.698235008278482283e-02,1.266286826431863716e-02,4.149406411486490642e-02,1.045672023967220143e-02
3.449839100100831474e-02,3.875680608393104742e-02,2.319359120823121651e-02,2.275393376938357470e-02
2.973927145114231563e-02,1.734647145168933396e-02,4.007676424163125750e-02,3.867708694992211260e-02
2.999608997894736423e-02,1.525093658145450400e-02,1.708520443279331821e-02,4.042667270891379255e-02
2.602664936492317393e-02,1.918415308833769720e-02,4.108247879513941825e-02,1.612799274307135863e-02
2.609347263457562072e-02,4.278753674599283102e-02,1.467578292328997405e-02,4.904549318073993247e-02
3.689640788476258870e-02,3.784114214317404329e-02,2.794081294594222969e-02,4.395309047439670963e-02
4.626756911923137622e-02,4.212977811546959883e-02,4.895033800578483391e-02,4.738571234561912704e-02
1.617408816395942209e-02,2.856625615826581532e-02,1.927901488804179692e-02,2.026265654697408103e-02
3.146319341981728551e-02,2.020730666769621209e-02,3.187394339905799678e-02,2.660559933299912888e-02
2.869305950983144782e-02,3.518953489375427346e-02,4.931988573228378303e-02,1.463771574324383012e-02
3.990218164485853647e-02,3.539871089686490863e-02,2.337434822297055834e-02,2.045459221172259145e-02
2.944665633370268515e-02,1.972751543693675516e-02,1.656338679457600854e-02,1.024887525309335114e-02
4.947424939939080307e-02,2.482200457134951799e-02,1.453463771895740358e-02,2.116579539403466714e-02
2.667716532009373892e-02,2.126659692719215858e-02,4.829132132712770503e-02,4.210096023321867331e-02
3.198195137843649893e-02,3.801654530483489919e-02,1.543821025682014930e-02,1.784485933275126862e-02
4.799791744877617700e-02,4.848071425354325698e-02,4.658211568005429792e-02,4.159957075057290482e-02
4.847957730612660610e-02,2.607505578480979330e-02,3.419378171009478107e-02,4.350420679725290618e-02
3.745490928107170214e-02,4.295008284728201592e-02,4.423166697998086316e-02,1.571130208357897004e-02
1.174931394618455339e-02,4.085484595288264159e-02,2.194414522730674111e-02,4.879263663663191419e-02
2.249099525529628732e-02,3.962386110426459329e-02,4.490102612814485250e-02,1.636535502111533674e-02
3.112803050479618500e-02,2.120449660362251978e-02,3.584885518915208874e-02,4.226849507288001767e-02
2.163623422688970566e-02,4.502685414478806852e-02,2.504192065246971244e-02,3.543018200148237429e-02
1.625978756132694450e-02,4.859344027631885832e-02,1.421944980605373277e-02,2.703199843182389761e-02
4.859846165262947382e-02,2.669937111364243526e-02,3.627345651797282688e-02,3.614974561846654583e-02
2.064687003718733774e-02,1.226480120644840750e-02,2.010026861750886101e-02,1.916282552010266371e-02
1.096796773579182364e-02,1.872232712428346241e-02,4.090807781302237267e-02,3.221785792714017271e-02
4.266870883347857052e-02,2.090486074322524257e-02,1.700271409802290787e-02,3.175699142504208317e-02
3.459833391804859742e-02,3.944288516382956494e-02,4.143813461528191716e-02,4.459638464877767328e-02
3.295237743773665740e-02,2.550137127694393838e-02,1.695612457507965354e-02,4.033900640815163419e-02
4.893627304311114201e-02,1.699764162760652314e-02,2.725577815301082757e-02,2.546134642637688100e-02
2.170952823120803760e-02,1.652288279786460687e-02,3.755106270642377675e-02,4.398668693041250799e-02
2.188893596971521610e-02,2.711172560708016710e-02,2.364236681453863592e-02,2.512874041044946272e-02
4.884114062276061902e-02,2.574725033702085497e-02,2.250899713084311693e-02,4.017382823650374885e-02
2.635311900691082732e-02,4.587797616530900346e-02,2.913843712031999322e-02,2.219252629917627118e-02
4.390895749692512451e-02,2.684878440121901688e-02,4.976209048388458012e-02,1.339257381757461528e-02
4.561281913157187728e-02,3.483910614621328616e-02,3.431654611647923236e-02,4.648949095304655971e-02
1.469837203238680973e-02,2.713453629928339050e-02,1.861421683498498680e-02,3.830517346940112006e-02
4.645778255747637364e-02,2.052031259367316507e-02,3.270274424843302302e-02,4.616073269209955421e-02
1.919629619406376664e-02,2.015790512812025426e-02,3.233798736476039409e-02,1.854695261222722227e-02
3.015808562453537595e-02,1.658602804075862830e-02,4.506055604799710790e-02,3.960093309132213524e-02
2.712641251116567481e-02,1.494013229513922909e-02,1.955495791462357608e-02,3.269883919213358026e-02
4.381853996777283766e-02,2.356008164790735285e-02,3.528226334675826914e-02,4.658556584168488390e-02
2.033497740330266271e-02,1.879519643740396387e-02,2.293919708402062871e-02,1.190731396274601062e-02
3.104258181528391641e-02,1.950762648243150807e-02,4.991753469769693446e-02,1.339626690866168798e-02
2.532150884433272825e-02,3.082928246753945112e-02,2.100251423242380233e-02,1.198665335259448822e-02
4.382545044682906177e-02,2.090749953431429026e-02,2.897348720484135137e-02,3.981988645321167530e-02
3.337740914407682363e-02,1.922393566971083295e-02,1.523879470415546306e-02,4.797248817311429436e-02
3.123517430619026508e-02,3.810715344325316112e-02,2.902789786455078902e-02,4.688603427168764465e-02
2.080063953555424255e-02,4.898698039067344440e-02,3.470797117964229128e-02,3.155684658088384054e-02
4.095463189869224391e-02,2.441968173502680195e-02,4.981259686346473786e-02,1.383394605271460499e-02
1.182306061780499448e-02,3.577744733234299035e-02,1.361070369912793440e-02,3.087515304567026164e-02
1.912755625401469511e-02,3.781625312897979319e-02,2.006480462188762678e-02,1.979591503678928416e-02
4.729383972129571484e-02,1.573012558745589401e-02,1.003883030033137815e-02,4.254279986701682559e-02
3.431975844832127476e-02,4.443965723371563065e-02,1.682246601378807604e-02,4.893885965089590090e-02
4.448725673124165336e-02,3.558524718516697244e-02,2.915338847875526690e-02,2.761902821718300455e-02
2.844771729656063453e-02,3.563524536721060509e-02,4.274585452615066450e-02,3.588824907758026567e-02
4.707999155346002940e-02,1.063453437809037255e-02,2.416551712845734640e-02,2.655881574585292060e-02
4.332688608244535805e-02,2.909266283045043588e-02,4.486505346764178143e-02,1.590806938709959928e-02
4.731309597792317939e-02,4.034021559357978126e-02,2.283619049479055155e-02,3.697438082895027067e-02
1.493045329360871178e-02,4.098643986483969937e-02,2.449078358055631344e-02,3.028765738153831044e-02
1.010673173711854056e-02,1.172386285980439070e-02,2.479243832131278885e-02,2.627513588692007712e-02
3.020476580520504301e-02,1.506756970703368795e-02,4.979489659567178095e-02,3.031902192377899929e-02
3.461347530973502701e-02,3.008277277183515203e-02,3.143200939232598801e-02,2.349327645674480561e-02
1.767660869354261213e-02,4.813990512418903078e-02,1.822920953502334129e-02,4.158900446839172704e-02
3.637645343240453882e-02,1.379254428134288335e-02,1.217352153432616282e-02,3.680922474760377899e-02
3.982540431361517724e-02,3.940409289836322576e-02,2.154290287146206143e-02,4.424149417463928147e-02
4.565309800692783637e-02,1.089030055648163194e-02,4.170902513374755843e-02,4.377318909785250095e-02
1.469433026668092584e-02,3.614420393301427670e-02,4.069236013667467539e-02,1.630110316852479563e-02
3.857131084933862475e-02,1.641603273472653363e-02,1.417034427476522238e-02,1.399016256747583412e-02
1.836977593037172896e-02,1.787793558430474800e-02,1.075541236602875136e-02,1.726495515934003619e-02
1.711540172159183720e-02,4.598226214828055741e-02,2.191382736199914971e-02,1.996442093064917586e-02
4.226461197544612719e-02,4.578858768713948979e-02,2.066855359964482608e-02,4.055913752789537530e-02
3.037497490717524368e-02,4.844506192573927450e-02,1.143725850179406339e-02,3.129961392255607711e-02
1.048809198609823058e-02,4.817001346202573475e-02,1.209208698488139708e-02,2.078158296334631921e-02
1.275780137878449252e-02,4.090741093452423399e-02,3.051275062710920305e-02,3.190279373831091808e-02
1.198326698531971754e-02,4.931486681252490040e-02,3.428117288255728284e-02,3.701874084720258723e-02
1.200196571435157428e-02,3.742616074191528613e-02,4.140898563998015453e-02,2.497816034006932959e-02
3.254270281315625735e-02,3.156993068987797024e-02,3.360251031039593328e-02,3.336494833444941799e-02
3.137348181495436261e-02,3.000088981043984304e-02,4.582839720640160402e-02,2.641371641785617008e-02
4.256703738321832020e-02,3.841085052919322035e-02,1.066091716536131211e-02,3.654695650025337889e-02
3.834702548209931866e-02,4.786675937965665512e-02,2.792135009384334038e-02,4.877823962822113585e-02
2.360079535968371764e-02,4.173251634100527685e-02,3.375818764088105856e-02,3.396518196715755944e-02
1.662755656381302571e-02,2.220276269953842807e-02,1.242938179212610926e-02,4.255064190859471351e-02
3.318420978053197856e-02,2.424361366199290907e-02,4.438760086165492030e-02,4.048529711175415102e-02
3.512891823621837328e-02,4.125471081769752080e-02,4.331340788799827729e-02,2.874908011538614139e-02
2.467022177163954305e-02,2.958283671895611810e-02,2.179874906772487353e-02,4.273541515053871920e-02
1.123488238806010821e-02,3.903243193862848681e-02,3.215953404451663000e-02,3.674687913212282969e-02
4.930754738293394168e-02,1.522121515195013972e-02,2.348437569813336193e-02,3.332726585173183265e-02
1.310545482889909422e-02,1.453457234454394106e-02,4.265239780281943061e-02,4.271094757494502125e-02
2.621722386232028246e-02,4.935188711965553254e-02,2.820790168718258217e-02,1.363929159040633797e-02
1.862153541595624323e-02,2.876089322364410589e-02,3.091145841374250136e-02,2.978111954381200410e-02
4.584436210674343315e-02,4.388157798671241117e-02,1.026789907881965440e-02,3.059609326993673745e-02
4.809899123664167220e-02,3.043650868411666016e-02,4.209989793865653862e-02,2.498838087311370387e-02
4.637543435934921021e-02,3.597290656955089844e-02,2.787649888686936223e-02,4.320466726138495750e-02
3.382369720844580208e-02,2.035966691889353267e-02,3.402645205086370084e-02,1.534460679528147457e-02
4.547697463654426508e-02,1.093445057928085079e-02,4.776339089579854924e-02,2.180990538062013012e-02
4.187442985167999510e-02,2.105843931190282473e-02,1.921856750211839437e-02,2.801682207455334639e-02
2.133563215106664204e-02,2.219810720551848929e-02,2.588881249058744977e-02,4.744292854885430455e-02
1.616305222714111561e-02,2.873590325241773963e-02,3.965920934370879836e-02,3.873387226777412484e-02
4.977059295493716645e-02,2.176925709942031939e-02,2.502873728197997638e-02,3.991768542075167792e-02
3.011272403187317814e-02,3.615161193639243598e-02,4.234881990008906166e-02,1.794870477158178740e-02
4.496896038175699634e-02,2.400231272598769144e-02,3.902489321045529702e-02,4.950481136366378238e-02
2.562114394135260598e-02,2.365427107615902802e-02,1.891741705244977256e-02,2.924751178923026135e-02
4.517920453889050225e-02,4.932752116997016906e-02,1.919251895320452789e-02,1.848510179992592095e-02
1.863623102820582966e-02,1.946273505704453066e-02,1.075845276199322020e-02,4.974126292425676277e-02
4.790145716419940553e-02,3.015259517554127328e-02,1.501143472025881498e-02,4.462536515955049105e-02
4.067581328939850333e-02,3.911887060633502389e-02,2.620943137045346483e-02,2.454883115561281443e-02
3.108448184835853334e-02,2.207638390718725391e-02,2.770095051117154455e-02,1.060437216659781967e-02
2.339033543750443367e-02,4.264876540167498314e-02,4.190850075019788429e-02,3.855526604612002223e-02
4.170921528795382832e-02,4.435795685750627132e-02,1.269730976987979917e-02,3.340959984589355475e-02
3.546295898246302342e-02,3.025215224371463618e-02,3.882414535513004777e-02,2.595221302775808231e-02
3.458511946166181739e-02,4.463159296517233560e-02,1.894221890091854488e-02,3.557852974657086526e-02
4.889533330357347107e-02,2.459892335323476953e-02,3.033023597794035769e-02,1.596537397096974009e-02
1.270274443528488124e-02,4.400861071259171836e-02,4.422120775840580886e-02,1.208256725585336692e-02
2.662668790858853385e-02,1.997300868923529427e-02,2.673684891306477712e-02,3.657116842918901184e-02
1.681267028371695102e-02,3.323411151430585853e-02,1.003569763494687080e-02,4.450480684962729999e-02
1.583867693591868922e-02,2.423883802209684385e-02,1.848760035623388601e-02,1.689902706066968505e-02
3.252656967487033840e-02,4.155444467185847451e-02,1.465505764381623555e-02,3.609319151709092233e-02
1.449552724627766083e-02,1.942542169087413395e-02,3.841354335750615107e-02,2.156759186560763472e-02
4.182426432922985160e-02,2.899371525209036571e-02,3.045144565176102769e-02,2.707554581790922593e-02
1.113312857188180315e-02,3.229804066888092295e-02,2.491198003924541271e-02,4.006759681089072656e-02
2.373735924241263118e-02,3.575556557173758393e-02,4.577714771989065123e-02,1.998380291989374641e-02
2.664894242240161554e-02,2.798123558566446151e-02,2.364113922437497198e-02,4.440787715718838569e-02
1.752571354753373889e-02,1.130617982402590607e-02,3.746904951900806302e-02,2.346107931738824343e-02
2.020805011858299582e-02,2.561407659714655394e-02,4.065270030839002180e-02,4.741462797654667077e-02
3.036194053919953617e-02,3.454934141762722177e-02,1.421305143417171506e-02,1.477309045080759525e-02
2.075709618946990770e-02,4.477133154394968839e-02,4.136102007949973847e-02,1.162847299423003071e-02
1.259202589813348920e-02,3.856806674366794474e-02,1.344642549980974537e-02,2.837853691094641834e-02
2.199907004924300455e-02,2.182534235956397339e-02,3.746248826776455570e-02,3.990676515499518018e-02
2.763128761139272555e-02,3.954451132075146452e-02,4.401962871798215104e-02,2.167556272918959998e-02
4.632508070849895160e-02,1.017733579376655859e-02,1.812577184355715354e-02,4.672228188260373061e-02
2.832021461147903041e-02,2.845695532073466011e-02,1.326950874609589270e-02,1.465656719785445039e-02
3.612759051885593847e-02,1.674225709009439719e-02,1.256807001152768742e-02,4.328225020954635377e-02
4.098450140918532408e-02,3.441570348547304259e-02,2.649922335315631206e-02,2.998067411581284425e-02
4.785384287509108353e-02,2.989734062219683020e-02,3.188790408572440838e-02,3.165574218838635573e-02
4.105430859306334612e-02,1.973810635880982739e-02,2.163345923237017937e-02,1.266834637308354369e-02
3.612547819189673021e-02,4.934196267250449963e-02,2.434012582230570682e-02,4.256108802435130956e-02
3.192365988896014167e-02,3.749828364788380247e-02,3.326765394685302774e-02,2.238466849049259438e-02
3.587640873615107612e-02,1.858761266455035560e-02,2.239457817042581761e-02,3.263275046000874147e-02
4.680323058353288296e-02,2.114998343793716984e-02,4.431844209089905867e-02,1.063282310536058616e-02
4.700139638174388734e-02,1.896088347144734426e-02,3.980577772018231014e-02,4.886385567431290183e-02
3.518668103955750054e-02,2.290500893919843878e-02,4.682804057332144720e-02,3.497268018065853579e-02
2.784108495498914537e-02,4.233592261043860050e-02,4.294949766877008412e-02,1.632593734352706313e-02
4.147906493121397004e-02,3.675356294819678848e-02,2.943043231843380653e-02,1.927788428936062087e-02
3.089632619038193417e-02,3.731197855078645376e-02,4.950583070087979931e-02,4.037734773859008586e-02
3.947605136913566459e-02,2.619842235032070199e-02,3.304293466497391224e-02,3.044072043423180080e-02
1.931171607239819815e-02,4.709044887614203395e-02,4.301666405106607804e-02,1.442673623508241784e-02
4.426193996914241230e-02,1.008257367236334995e-02,2.509154229851238288e-02,3.436696270806584991e-02
2.957736844746607779e-02,1.435610509955473346e-02,3.402563209639604402e-02,4.589919821324114219e-02
3.077193270079939258e-02,1.442596995727982515e-02,2.366423438906485599e-02,1.495199980754227664e-02
2.242963429754733090e-02,2.435664634743989546e-02,1.418832349195449025e-02,4.672409543922979164e-02
2.810287778337727804e-02,3.100332005577281086e-02,4.091624253468896522e-02,4.188546960972121952e-02
2.623209500454993376e-02,2.318473366271045499e-02,2.898670401445862382e-02,4.468710803110639146e-02
1.341076487929716149e-02,4.343830138242697758e-02,4.298355076546016285e-02,4.562585435028729958e-02
4.118210485806526877e-02,2.198884213512081881e-02,1.962736996325684102e-02,2.240311811933953789e-02
2.385844589834249657e-02,3.490277572220219782e-02,1.964552796271728380e-02,4.256801615866553923e-02
4.404876646702223647e-02,2.336690943302521806e-02,3.970558201360136624e-02,2.732747131295164972e-02
2.099688817411314579e-02,3.029205468688427744e-02,3.664236462613429390e-02,1.973510610213327285e-02
2.774573086310822001e-02,4.320711374359197110e-02,4.928108037330978380e-02,3.800441516021469540e-02
1.264914814383090794e-02,1.624068904683227330e-02,1.252504113437394664e-02,1.105698960389718023e-02
1.157116195369295095e-02,3.943788595373588085e-02,1.612437080424516597e-02,1.848176550901663856e-02
2.816826053787089418e-02,4.120794815310587639e-02,4.416361761730903251e-02,1.908094768502297325e-02
4.864431753852577894e-02,2.462255464522657838e-02,2.636400675195792881e-02,4.191857358690235374e-02
2.392805535439132200e-02,1.914617309444789639e-02,1.100216832510025194e-02,2.721938242247558953e-02
4.107261188502296656e-02,1.998392329271054396e-02,2.254626120679808360e-02,4.921050865117818779e-02
3.940651244823008964e-02,1.401285055662457313e-02,2.183404138839494316e-02,3.084637598657356816e-02
1.739016138601993250e-02,4.220354385138101738e-02,3.164299479510458701e-02,1.022007514968085659e-02
4.039625720044054402e-02,2.211245086585500452e-02,1.650437129693469937e-02,1.068919636869144693e-02
4.900768956370646356e-02,4.714293987430847460e-02,3.883730816617830817e-02,3.214524897589914054e-02
2.932169278011444863e-02,3.302828864065967401e-02,3.053536541726538378e-02,2.812397623660632673e-02
1.470786589517629125e-02,1.887420097906310906e-02,3.921573891350442487e-02,2.361105909188461471e-02
4.838628349471447293e-02,2.979870301909796210e-02,3.752808713605117891e-02,3.443134456179246239e-02
1.865645999936742239e-02,4.690722989984026647e-02,4.983441154934899892e-02,3.888811912214896332e-02
3.642061536970281344e-02,4.296087622102719161e-02,1.687717895004502838e-02,4.232152129228435727e-02
2.291073064038233464e-02,4.156694423148113438e-02,1.007235313302992825e-02,1.664589932889507309e-02
4.908964567364162979e-02,4.105227780328792736e-02,3.112730410864227720e-02,2.624273818577017858e-02
2.516353214617900180e-02,4.749295842242051702e-02,3.668510335285919688e-02,4.900449078416548726e-02
2.173702705800236584e-02,2.360581144057680159e-02,3.026233712291918898e-02,4.775455495782718329e-02
2.895216537053960787e-02,4.110784629839147469e-02,2.077137345187142492e-02,2.964688602756593294e-02
4.554289656954809556e-02,4.877327946731804809e-02,4.033299764694037864e-02,1.787360924112735977e-02
3.416565089958866624e-02,2.657883202397339634e-02,3.984770278918872005e-02,4.110864975274568928e-02
4.018801841700156419e-02,1.331679486899053563e-02,2.252382624981340634e-02,3.708126613406793198e-02
1.109799620653602499e-02,1.835958189780365762e-02,4.637191373794528892e-02,2.627857192522220497e-02
2.216918577657634587e-02,3.483312666072229530e-02,4.491901568048907445e-02,4.592386806031399649e-02
3.881685579493908411e-02,1.332110216292103043e-02,4.331193628797523620e-02,1.774215698084009862e-02
3.390621383405509337e-02,3.691764601222520537e-02,3.157772569258018858e-02,2.323436464411407845e-02
4.707151766360131995e-02,3.850366207278393960e-02,4.140658463257785443e-02,1.924207911455037834e-02
4.391959164628526924e-02,2.641969708484827317e-02,4.278439313221105156e-02,3.699001094714313154e-02
1.995246309344042915e-02,4.110342135835044763e-02,3.947417739930694086e-02,3.100181249725241645e-02
3.477849018499837991e-02,3.812043376553488766e-02,4.910918458496996153e-02,2.321887845707168441e-02
1.377111242585369287e-02,2.430001317153465332e-02,4.402345620013051186e-02,2.843199523100095605e-02
3.313263277479053942e-02,1.122345841928423793e-02,3.979691917416608438e-02,3.482887232167794500e-02
4.077354364913764878e-02,4.125947031202630705e-02,4.520776377893325620e-02,1.260216427841793704e-02
3.481604442523372756e-02,3.232036169286327948e-02,2.829209457424746582e-02,1.400741897876259939e-02
2.885952142321113884e-02,4.055076005747183104e-02,1.038167202842683878e-02,1.175941054601903520e-02
3.423623843361577046e-02,1.967778397057307754e-02,1.462351053919167150e-02,2.412004959801628684e-02
2.112924983049619190e-02,2.056988093646196919e-02,3.477731808601727814e-02,1.671403756531108370e-02
3.184887215887431677e-02,2.353523327696256662e-02,2.623922952377664292e-02,4.688110912409274716e-02
4.371013005279862640e-02,3.243078341573769202e-02,1.137621657702801714e-02,3.164593589885932728e-02
3.116861948813595684e-02,2.122790631231519926e-02,2.086311015516559286e-02,3.564217704430711064e-02
3.638155150466549498e-02,2.810552295796712313e-02,2.381116334137048374e-02,2.687327709788654012e-02
3.793484469750749849e-02,2.618786015184709770e-02,4.654125383433505708e-02,4.830889202744455962e-02
3.767333180257800146e-02,4.427868425751541742e-02,3.874013409137076758e-02,1.078735847289837187e-02
1.539227705325303328e-02,4.058151327580225565e-02,4.480930120502740754e-02,4.334213829090685643e-02
1.604787892425003568e-02,1.090016010279537886e-02,1.982920632229946689e-02,2.877923241359572198e-02
3.683900118674020285e-02,2.813165401358359852e-02,3.734212849302902953e-02,1.667437036314495594e-02
4.497582971685454983e-02,2.490225603034397495e-02,2.799052587729403824e-02,3.344222504095453741e-02
1.349006812554483237e-02,1.751535684312994709e-02,1.716848707850642322e-02,1.474763438946226357e-02
2.258307733538202078e-02,1.050249135504977699e-02,3.620370057504806310e-02,1.443492658681590560e-02
4.633116812144809360e-02,3.503242029282854775e-02,2.808219070778715520e-02,4.663276117614951338e-02
1.415639544074026590e-02,1.914153368390995869e-02,4.361363043207717310e-02,2.896391350474823712e-02
2.762865199617236395e-02,2.864824867221253679e-02,3.601187797177304861e-02,2.167776654717180201e-02
1.156048953343392222e-02,2.100457766105479768e-02,1.459800331125101283e-02,1.074075304208799847e-02
4.949330155100785389e-02,4.825032207130190709e-02,1.987306960215669965e-02,3.518242305664961295e-02
3.731394205759702709e-02,2.811612388229430687e-02,3.545841063788272157e-02,4.145815052325659000e-02
3.860390266880831672e-02,2.184312304637257146e-02,3.376213679908410953e-02,1.357712417114591980e-02
3.556960623949262379e-02,4.298089515122423959e-02,3.286209275196504825e-02,2.522402094025181021e-02
2.154670122487638978e-02,2.865933849345290996e-02,2.131121249035896822e-02,1.184412222710081418e-02
3.347870840154669458e-02,2.035014235399756205e-02,3.787225253288189347e-02,4.597598411582116962e-02
1.760278772919680879e-02,4.613427724420733622e-02,2.706786944991802085e-02,2.839543944609174836e-02
4.250404137663824772e-02,3.318817289174572083e-02,4.303213817721816825e-02,1.412314465600209359e-02
3.997312109622323112e-02,3.645589414394707212e-02,2.840439927922505658e-02,2.110394519789491469e-02
4.814482257531833842e-02,3.564187766257596868e-02,4.334670891075442789e-02,3.970779073318513736e-02
4.622403950454394284e-02,2.015154111364928641e-02,1.644279222075376024e-02,1.716165514055378177e-02
3.374250333547212932e-02,2.427329446110170624e-02,1.160583291665045862e-02,1.778774640202340079e-02
4.169945451423322930e-02,3.453604727763789906e-02,4.144576273937258110e-02,4.168670232109923657e-02
1.908878839065826505e-02,3.970912878965571213e-02,2.797375881882966514e-02,3.933430007110035737e-02
1.191906359953763886e-02,3.397002168432381591e-02,2.302330349995246675e-02,1.369522944997835813e-02
3.269941208377646208e-02,3.740608518819433376e-02,1.225139952067398445e-02,3.740256152470125550e-02
4.556691667322909645e-02,1.918010311892490508e-02,2.115507273914042641e-02,2.074025346181425367e-02
3.773082141977118081e-02,1.578191414654096097e-02,2.725107615456410365e-02,2.420675356713397966e-02
3.669755917243044951e-02,3.939803432076632167e-02,1.767786179366848814e-02,1.054001921086708364e-02
3.691502405526057851e-02,4.128464569994792777e-02,2.903102566309815474e-02,2.989240226682995244e-02
1.430132080036903078e-02,1.144211654588172221e-02,2.665701485349000754e-02,2.168393081131470002e-02
1.392268202776219058e-02,1.752503706941818673e-02,1.887841060506558616e-02,2.394520572239529355e-02
2.942783499218081661e-02,2.069151932256417178e-02,3.684040862018133494e-02,2.472485017457241169e-02
2.810646842669950463e-02,1.700391423666065480e-02,1.777700984370257642e-02,1.342184144207044308e-02
1.346091725929124058e-02,4.385691310026360035e-02,3.192726311779318232e-02,2.177295223943453983e-02
3.144530713742532679e-02,2.887817237410407467e-02,4.774162977269046093e-02,4.852550422396215840e-02
4.100420243212106464e-02,2.264679683559679690e-02,4.710915513505292002e-02,1.320650270379955006e-02
1.718357272329314178e-02,3.535658052918798366e-02,3.224239386521129264e-02,2.348940557328645790e-02
3.507927359281353547e-02,4.418443844541232457e-02,4.594838226539386256e-02,4.651869151487828674e-02
2.214998960324321073e-02,4.504165062630455241e-02,4.562411910727786485e-02,2.892952726843048272e-02
1.303778366427739768e-02,1.516756273266610909e-02,4.208726082575028893e-02,1.032244753897051601e-02
4.376783317164992249e-02,4.280786041755682558e-02,2.246239083567329320e-02,1.781892414275423192e-02
4.999437279015260527e-02,1.194018851210053647e-02,1.233963134208398114e-02,1.035145601329348977e-02
3.173539893910696380e-02,1.090358003086718507e-02,4.441957101490866255e-02,4.263473409537223147e-02
2.241311118929754931e-02,3.747119370844486513e-02,1.552582111302119698e-02,1.944304957731141439e-02
3.340762332247279587e-02,1.714623826990633801e-02,2.982159009905830521e-02,2.227160037963071132e-02
4.528437272010994025e-02,1.161708270503569382e-02,4.526935531174292038e-02,3.804777678406363883e-02
3.687097615462223837e-02,4.216359391761765468e-02,3.140093109432275792e-02,4.299395206433615640e-02
4.534853179113494670e-02,2.421633432302368327e-02,2.121760557582268170e-02,1.963242323581923174e-02
1.017348932166858670e-02,2.994807512588541776e-02,2.791809759133494911e-02,3.203904847007363332e-02
2.910881878755103985e-02,4.594838689207230570e-02,2.574290914970764343e-02,1.601705378536680616e-02
2.901416233978795084e-02,1.631665927189571152e-02,3.861842996275675899e-02,4.266097914539721675e-02
4.303587572850169768e-02,1.446662023723778619e-02,4.130320984653959582e-02,3.744844555714046952e-02
1.354636809795952378e-02,1.727044420927661625e-02,1.081024783666142096e-02,4.013491571553943343e-02
4.994721757947991753e-02,4.391007776693409137e-02,3.502913114421147417e-02,1.581043540717302215e-02
4.193489504558283593e-02,2.952899754723176118e-02,1.827899349826506842e-02,2.888955174456601938e-02
4.957037340007133808e-02,2.231892770166434004e-02,1.519718217806968925e-02,4.545942636396984454e-02
4.887881560018081384e-02,3.915894972414884351e-02,3.165816072658473451e-02,2.707366606124286812e-02
2.585050288178140226e-02,1.920847396582024691e-02,3.063666750165151831e-02,2.220260695941483897e-02
1.509663110896965893e-02,3.173577374790368527e-02,4.813356083456416662e-02,1.317414758449101178e-02
1.570693176887017276e-02,1.005651590487682996e-02,2.055813456494450658e-02,2.410350138608340076e-02
3.996364192092396322e-02,4.965444244736470780e-02,2.838005298837033979e-02,1.802189109179840043e-02
2.178741360753260956e-02,3.159728424285446896e-02,1.867146907965317598e-02,1.842780341329634114e-02
2.319565127939753404e-02,1.083047106825540777e-02,4.030274192279603013e-02,1.114978342960395302e-02
4.904520426235319669e-02,1.664093248794087584e-02,3.853651132684737107e-02,2.460786417745926269e-02
4.214212693122839498e-02,2.509162586478225904e-02,3.058023436912093301e-02,3.032015257465599939e-02
2.984285019706710285e-02,4.865361940590738621e-02,4.752688571295197312e-02,2.114080461766252444e-02
3.371877342743278411e-02,1.655473851792647194e-02,3.941012068488589787e-02,2.480602794728018617e-02
2.172256763385738490e-02,3.015099984461720728e-02,1.635994009478952682e-02,1.418037544746195144e-02
1.878561751700629293e-02,2.602101499662771295e-02,4.239725516044472176e-02,3.647731858351414141e-02
2.385520181169368398e-02,1.487615752891501691e-02,2.421485100310082766e-02,2.197004252765655252e-02
2.298624405325494849e-02,4.188341933989488119e-02,3.885571936361793127e-02,1.597974902747020115e-02
4.242092148640740079e-02,2.191163872702776849e-02,4.698707207367820021e-02,4.119847582929931501e-02
1.106284201217473152e-02,2.663838690005355947e-02,1.615096594884062736e-02,1.326776884982815499e-02
3.931865554538337831e-02,1.185346115550960262e-02,3.006040504356909809e-02,2.016703371873239045e-02
1.981752272161220116e-02,1.164310237670000865e-02,4.870894142174363173e-02,2.659915415465267940e-02
1.165177123238820417e-02,4.400609860542287199e-02,1.686038002394541629e-02,3.440044436170541786e-02
3.206707700293930097e-02,4.529197991774954607e-02,3.645536907446918218e-02,1.878600891347592325e-02
2.679473072953637847e-02,2.394384524484326898e-02,4.190053235560999012e-02,4.350964911606851337e-02
2.128788083764379321e-02,1.591123769169619506e-02,1.526727148508000634e-02,1.017284316517721478e-02
4.587831594278646286e-02,2.081475107006329484e-02,2.820309458565358612e-02,1.940128119712473606e-02
2.098830367973604505e-02,2.139521635065438562e-02,1.988983413947501347e-02,1.991784830833989023e-02
2.330492757947614374e-02,3.165676531811324051e-02,4.850896830051069919e-02,1.416261991203834197e-02
1.819492835775662898e-02,1.150739849200469421e-02,2.460098100433579654e-02,1.652820878915545882e-02
2.571789362095465437e-02,4.720957971218741472e-02,2.349442697806883307e-02,4.608295485913514733e-02
1.631784581378678892e-02,4.583079228950621281e-02,4.275859776200000018e-02,3.593054727235281409e-02
4.550869049804196625e-02,3.073576136118116864e-02,1.906897823380404589e-02,3.860182776989044134e-02
3.820950078856272247e-02,1.046141561328006557e-02,1.727565106847004164e-02,1.353565806874970114e-02
4.977890879740077407e-02,4.770988594490152557e-02,1.588847501775608392e-02,4.343096820082799348e-02
3.116689828190433859e-02,3.496118527279043486e-02,1.094171820478164782e-02,4.341487238785253500e-02
2.612772844001629013e-02,3.971203072387273492e-02,2.785407349106713837e-02,3.606369374092188024e-02
2.320419405378670863e-02,2.752173346238172280e-02,3.637119934829262380e-02,2.023112898669345017e-02
4.271603884327960371e-02,4.770028541984365489e-02,2.795068488635037152e-02,2.213274172835293097e-02
2.220765706658893446e-02,2.257711376595344238e-02,3.589955276676698448e-02,3.781218361271545397e-02
2.289439614928431149e-02,1.162490897215976565e-02,2.935738471548324235e-02,3.842073389195414107e-02
4.312002977983456220e-02,3.308697180238727442e-02,4.645709038693955628e-02,1.230176041873765405e-02
3.622969600631476689e-02,2.929142200807901414e-02,3.079149007425285162e-02,2.284305764244564177e-02
1.518738333634564106e-02,3.064316925126714386e-02,3.165404217785373203e-02,1.941811338442649484e-02
4.698008374965829959e-02,1.639014601505052460e-02,3.516437243406114743e-02,4.811742691456699639e-02
2.895986304695806479e-02,1.623049092694006657e-02,1.185190979053859194e-02,2.581435634672588769e-02
4.201279495314825391e-02,2.941802773610451699e-02,1.173604397315085313e-02,3.522035851571427706e-02
4.597789247208188684e-02,1.844950064590994768e-02,2.551709301659450813e-02,2.381412463955587949e-02
3.537180613214305214e-02,1.970103880653414213e-02,3.192929720517791170e-02,2.864562980189761660e-02
3.011129476344456823e-02,4.417620145008330224e-02,2.283305571176953708e-02,2.193691461820732741e-02
2.253615002240555096e-02,1.647543780739264135e-02,1.451855820296280367e-02,3.659847546607686297e-02
2.785534526108285336e-02,2.970465387388285250e-02,1.049155190673551480e-02,2.815312052027153095e-02
1.535794560660314403e-02,2.860832973586664024e-02,3.359462705018939621e-02,4.772682936082770638e-02
4.014566289950793898e-02,2.078214308047856423e-02,2.802594353466056343e-02,4.926165393600243081e-02
2.182128348999225892e-02,1.981394628230373142e-02,4.532249666842375763e-02,4.587891974700267217e-02
4.961092869176352005e-02,1.466102986528156592e-02,2.633613239914155135e-02,2.940457747738126765e-02
2.503142948295850045e-02,4.450823954453855119e-02,1.395408474317430710e-02,1.074263862403299075e-02
3.067757888574688951e-02,3.283137318175719660e-02,4.031143177879375344e-02,3.265193053042309695e-02
2.766351681598202411e-02,1.823069259155447180e-02,3.260142404806639499e-02,2.156516820513748253e-02
2.773906204774997941e-02,1.994379401233888766e-02,2.845636991384715986e-02,4.671296830088106367e-02
4.520521594498985718e-02,1.941714096336633749e-02,1.058059199141115139e-02,3.364804649401188091e-02
1.346503343961042050e-02,1.175561251282246020e-02,2.871277702849384800e-02,4.997907979200590101e-02
2.376748324111061655e-02,2.432116742032306225e-02,2.276024865522013191e-02,3.368354326383261182e-02
1.160155558687329426e-02,1.107205807907435044e-02,2.332669015089305214e-02,4.128904742495052155e-02
4.542609431561988459e-02,3.625887499691221594e-02,2.946698455376159376e-02,1.779988170747847862e-02
4.769328213576873310e-02,3.089935775262538098e-02,2.564663038030383369e-02,3.463179523211449423e-02
2.864651871920889659e-02,3.530318578647801547e-02,3.508865517742919965e-02,3.094307125691890537e-02
1.848154108492465822e-02,3.020930476948555099e-02,4.431384895555067621e-02,1.048019214927512627e-02
1.709832085449183164e-02,3.585712570752866424e-02,2.646671754118067044e-02,2.634415153629851569e-02
3.308831288947509941e-02,3.244933759799296935e-02,1.573396407054931598e-02,2.661764109020740149e-02
3.199021402032095618e-02,1.895567912997548482e-02,3.419517635922919574e-02,2.993998490876673135e-02
4.269355005069878223e-02,4.417534013892577410e-02,4.042564469131394028e-02,1.274405707655909548e-02
2.731195650747064024e-02,3.477819870699436211e-02,2.024802413974127746e-02,2.698944316163548462e-02
2.464118728472232400e-02,3.692087960462361179e-02,2.790425523325389123e-02,1.150535551794176249e-02
2.674339667182552144e-02,4.413324424784105526e-02,1.606215886965669040e-02,4.081951388206408321e-02
1.173834147024464640e-02,2.167481362340773626e-02,1.114371311513113853e-02,3.815752200493898599e-02
2.388394538525248287e-02,1.196192708023492354e-02,1.596151989614642830e-02,4.915133049644834079e-02
3.182453160473543846e-02,1.275002503327349671e-02,2.570786465649217006e-02,3.853913779946072093e-02
1.396498288639012181e-02,4.691215011561717524e-02,1.084921576610033828e-02,2.309087458606991217e-02
4.814894503865356501e-02,4.078336184299147932e-02,4.407016913496818178e-02,1.283453467477124223e-02
2.003646493598621597e-02,4.792911515162115443e-02,3.845286705476842065e-02,4.949560484477561612e-02
3.805445069306284678e-02,2.117184825610970295e-02,1.371498816146617811e-02,2.333621144005287168e-02
1.022022551998330760e-02,1.628900175228887096e-02,3.223552190809061968e-02,3.125441665135957059e-02
1.478897300552710695e-02,1.123447633906984357e-02,2.001663718921083135e-02,4.023634074208042727e-02
4.999028007697709636e-02,3.633613369830933360e-02,4.783360475267794953e-02,4.691055568684314447e-02
1.867093745219521733e-02,1.749450423210139813e-02,2.598062909812962756e-02,3.864072841043118128e-02
2.879090536755964103e-02,1.627021785210706548e-02,2.686028878164896383e-02,1.203536118934083431e-02
4.252688218119243801e-02,1.916563504683112956e-02,3.623367680028742599e-02,3.649844932832889410e-02
2.212100008692283876e-02,3.521259848009974935e-02,4.354860105866363573e-02,2.188950257936931112e-02
4.103922945802523231e-02,1.593125730549207336e-02,4.343049256553990073e-02,3.479036020301070481e-02
3.071251801736587378e-02,4.292183161502020200e-02,1.994307743373009700e-02,3.661380131825480583e-02
2.938275808281335527e-02,4.695448817774840189e-02,1.103639243201881733e-02,2.791573677123420499e-02
4.204631015502707098e-02,3.067436304522007384e-02,2.724355599781472931e-02,3.303995360857705371e-02
4.918336432821541343e-02,3.885153304415386866e-02,2.080410608251515026e-02,1.551132895960378316e-02
4.206443998612269947e-02,2.136779006471422118e-02,2.314750664301553490e-02,1.168992574637094453e-02
1.338586331871987820e-02,1.798461135448047726e-02,4.784576532351751676e-02,2.968305166205949946e-02
3.853276886699805170e-02,4.051182673532516265e-02,4.645241093492072371e-02,4.521969726224048247e-02
2.940208328749659150e-02,4.858950517110163098e-02,4.213553085306802337e-02,2.774060298024989130e-02
1.341931573368197912e-02,3.223430808805891751e-02,4.332114345536997729e-02,2.466442361480113837e-02
1.101174991625449365e-02,2.511776563162224085e-02,2.025155480715103151e-02,4.677745326961151723e-02
2.202585465388690045e-02,3.656639846392159554e-02,3.457957568555827810e-02,3.544695271813561727e-02
2.673190820758056252e-02,4.632685208891881845e-02,2.691446906920243881e-02,2.971884367889710693e-02
4.289305808780747437e-02,4.595125277341671061e-02,3.066479467418106730e-02,4.027349743176775881e-02
1.106915385199419392e-02,1.510380641871231222e-02,2.326210492353758888e-02,3.721520349054583537e-02
3.217156645774407742e-02,3.494674970927572066e-02,1.793692310386661368e-02,4.353497403930214199e-02
3.125311531140405330e-02,1.490333119200577816e-02,3.326205050299872734e-02,3.790987913624657701e-02
3.113124653519886570e-02,1.102110516576616621e-02,4.854146408656235395e-02,2.777956054199548497e-02
3.763199596622142373e-02,3.047473651914776177e-02,4.689081510608624631e-02,2.590955032243329181e-02
2.896144753709091468e-02,4.943137400536540965e-02,1.998769783312118881e-02,3.514174277547468112e-02
2.981033036230165689e-02,4.704560067676706592e-02,3.773227604014390418e-02,2.140145240509047295e-02
1.394068979890777590e-02,1.285789893562310632e-02,4.220306039276931764e-02,4.051519297835604744e-02
1.845806533029961324e-02,3.072279062937858379e-02,4.424837109339394697e-02,2.309729239860952230e-02
2.485477345136609742e-02,3.445360969654952948e-02,1.173089954116635428e-02,4.270477189182447092e-02
3.867396150903470997e-02,3.776019431953778205e-02,3.538473442829574017e-02,3.951268636233538911e-02
3.574830225573955717e-02,4.296602981755060641e-02,2.907461688694613910e-02,2.941988308650563683e-02
2.282161484598598661e-02,2.594632907719728043e-02,3.794853893602832817e-02,4.770540890990784821e-02
4.512552928031048766e-02,3.766485815208858723e-02,2.716335892118170586e-02,2.615885128546342059e-02
4.538361371572467717e-02,1.892160808974913469e-02,2.655276597707047215e-02,2.780191689054063026e-02
2.241611147571017856e-02,4.257746688060384810e-02,4.060152713262620700e-02,3.536374649408241533e-02
4.432769433500233919e-02,2.180160154166523728e-02,4.435311240006584166e-02,2.766963664470208778e-02
3.287330698475521978e-02,4.260967383616538068e-02,2.979674707590226901e-02,3.392172261638156522e-02
3.845191429109586639e-02,1.353897940090944760e-02,4.496530283548447887e-02,1.287109604992768552e-02
2.064089138937558188e-02,3.284427034990762551e-02,4.278063544211350294e-02,2.380355500121945217e-02
3.743049680117610523e-02,2.974802323201691107e-02,1.302864194079547504e-02,4.907551749370885064e-02
4.244994651758750986e-02,3.215357822102419411e-02,3.158592010690454421e-02,3.154834353959735244e-02
2.395835051057210521e-02,1.772558114295950601e-02,4.330964371511920180e-02,2.325407189930665808e-02
1.295161887704674927e-02,1.489977222804251406e-02,2.514106544305751145e-02,4.083180787407043877e-02
2.701710526781864879e-02,2.454548655172780064e-02,1.194433907297665250e-02,1.195368709164120261e-02
3.039477254231481157e-02,3.103365584717636405e-02,1.532501793076899640e-02,1.615042157732210146e-02
1.275504586060785192e-02,4.837876579820461070e-02,2.386489570406546620e-02,3.620320764789092260e-02
2.006744203298040791e-02,4.488540449880307204e-02,1.761184831835089018e-02,2.614135158538777315e-02
4.574473917416349567e-02,3.972933885437426177e-02,1.257103266967975891e-02,3.188578320502649666e-02
3.485400143092504122e-02,3.362569413247019218e-02,4.521005004440468295e-02,3.129041627667531605e-02
2.647227196355450562e-02,1.311811181661949773e-02,3.759590853247852388e-02,2.714332731709655222e-02
3.289605291285141453e-02,4.741941912225563355e-02,2.688641234952807157e-02,1.336431479640842745e-02
3.026769975384193540e-02,1.488467537460283485e-02,3.053979679378441420e-02,1.170100875935640473e-02
3.419017337086871500e-02,4.808700249475861277e-02,3.477517771442249772e-02,3.748395613066984183e-02
3.397864440457027541e-02,4.328762876281937871e-02,2.732254830189013994e-02,1.994290085356449638e-02
1.788150687224258906e-02,2.152994103444434704e-02,4.933129924943736172e-02,4.771994226601847938e-02
1.487576653247095308e-02,2.874282421864398501e-02,3.237460173968705751e-02,4.181268978511668705e-02
4.590273897177878093e-02,1.362751397942726928e-02,1.423326955570721093e-02,1.625120200386086927e-02
1.493760383442439658e-02,4.085753963917695269e-02,2.026418765661688881e-02,3.814233347057223444e-02
3.204471728196185698e-02,1.779049323319283754e-02,2.612039379285344826e-02,3.228540659213323394e-02
3.896267742479923163e-02,3.313668702460823012e-02,4.002124329271619652e-02,3.127049131072084237e-02
4.028073252271049259e-02,3.452105889514098247e-02,4.947369615800291387e-02,2.025809886131729395e-02
2.904348854680393471e-02,4.080214552776444126e-02,3.072312694582160497e-02,2.637916623861880777e-02
4.265230918247934350e-02,1.592884704118177619e-02,4.527755588019681532e-02,4.981557617541712557e-02
2.767551335603024576e-02,2.544164663457109538e-02,3.324142691122870114e-02,2.021849157435899255e-02
2.091361503888395507e-02,2.702237650943328795e-02,4.786279074019036267e-02,4.088963684489959477e-02
2.506077335800984546e-02,2.474036837183693494e-02,3.933621034764356317e-02,2.376848187318142402e-02
2.970713044981408008e-02,4.232602008970709484e-02,3.896950682314100078e-02,4.337442557076152255e-02
2.857460487680181516e-02,3.595618173534317896e-02,2.023234752145948445e-02,1.379492835954754248e-02
1.175004729197474430e-02,1.885124500920713070e-02,3.217008281686915133e-02,2.238610002500957333e-02
1.749555995321450119e-02,4.815897695779319115e-02,2.444627371287496839e-02,2.189560727868835460e-02
4.195090726899815964e-02,1.141635050448967098e-02,3.377735958678588363e-02,2.667161835928184843e-02
1.617936014719531870e-02,1.978954966633240942e-02,4.401069768450427411e-02,2.194724590861994035e-02
1.366939373149950870e-02,2.480413127102095577e-02,2.242240010175651499e-02,2.670203154681102115e-02
3.798279525585000760e-02,1.761060274555604349e-02,2.297641572899410123e-02,1.046154380326022246e-02
1.217121187376068656e-02,4.590130352322695229e-02,3.001217490147462669e-02,2.988458434836520350e-02
1.715451833213657573e-02,4.207441226002475720e-02,1.996986092435635435e-02,2.649162680635133715e-02
1.119787613055193282e-02,1.518833694126768552e-02,1.373612895756014599e-02,2.237532280042726918e-02
1.232500128923364781e-02,4.230161243767368434e-02,4.744262336539963043e-02,4.565402164197322754e-02
1.962795260258223123e-02,1.655682454045100810e-02,1.658785070022068125e-02,4.687269005082825291e-02
4.951346276717111944e-02,1.157756813638767882e-02,4.315178080005604294e-02,4.449367080154018744e-02
2.852798970904880937e-02,2.040607910854802531e-02,2.947777578873839177e-02,4.061003134545557169e-02
2.274750876672327130e-02,2.614710278819397382e-02,2.404030581716473311e-02,1.641710923489959201e-02
4.197824220623874031e-02,4.374071045241729322e-02,2.431031446553814229e-02,4.967721486638350392e-02
4.018656774557802236e-02,4.106344409078437063e-02,4.609231445395971238e-02,2.382910252980160667e-02
3.443299398934541317e-02,2.979642288028411246e-02,4.408359893414205699e-02,1.813235972138222199e-02
4.494044722278271731e-02,3.674198699447490946e-02,3.677153294390006488e-02,2.905370110539649831e-02
2.781066559633953855e-02,4.077144121930816045e-02,4.446044290184406056e-02,2.685398389296757282e-02
1.038597110228430508e-02,2.279468833136674699e-02,4.972962639132511020e-02,2.515283818637042978e-02
4.213581050949428281e-02,1.968433213694887468e-02,3.541993573343383411e-02,4.169211657724263692e-02
4.470074389279750371e-02,1.604662943729313201e-02,3.063258468696148512e-02,1.729503073383503037e-02
3.523002376812212066e-02,1.075074871922827163e-02,4.597080365719347778e-02,4.261156394351583998e-02
4.007452347902173279e-02,2.403537518529573480e-02,2.646317159875748865e-02,3.391706464074169952e-02
3.754087856196879763e-02,2.717138508730448931e-02,4.662256794820091033e-02,2.642237412317683526e-02
2.696235223051635793e-02,2.971546327157850720e-02,4.121260436911326069e-02,3.685128310144613478e-02
3.596495895716247254e-02,3.850087230966684620e-02,1.236946585149049406e-02,1.476543981008076462e-02
3.776570722429371807e-02,2.118370873010753247e-02,3.290157083067665744e-02,3.806774952393810613e-02
2.969716757735409163e-02,1.404055984240527161e-02,3.918998750041372686e-02,2.368128972097235246e-02
1.405627358186941483e-02,2.069591472830975554e-02,4.927323485646402379e-02,2.560006583684339837e-02
3.828973002125051622e-02,4.919084372167038810e-02,2.052263747268655639e-02,1.266367086836151304e-02
1.957485975777254611e-02,4.140262184728149553e-02,4.720557243702270395e-02,4.877522656302554771e-02
1.370867866980784305e-02,4.130678026675179554e-02,1.613644351999219198e-02,2.402769014395901570e-02
2.424904510146227293e-02,3.934414699384846531e-02,3.862443026659619083e-02,3.977240444812826098e-02
2.576300219385532081e-02,1.684430593089930941e-02,4.996141925178542581e-02,1.295751194977957932e-02
3.970239662624006766e-02,4.759474845165883455e-02,2.767715584453793454e-02,4.175222933257972946e-02
1.658576608410651521e-02,1.255445077554426248e-02,3.558825544849028577e-02,1.895523777975462870e-02
2.246990067641777000e-02,3.380955074444818437e-02,2.099377251464092098e-02,1.214978047990170062e-02
4.146314552572479689e-02,4.393165552366550680e-02,1.123599212414701752e-02,2.245318678373293270e-02
4.513204025551958293e-02,3.577823293998378534e-02,3.094481007450475968e-02,1.464225781476234667e-02
3.362092440475347721e-02,3.363442567522506588e-02,1.661116243264290984e-02,3.816045617224391590e-02
1.858333431135369279e-02,1.800461098139029270e-02,3.990588800152760490e-02,1.955773562291397705e-02
4.176293572165482026e-02,3.879535333861879737e-02,1.073661195813728660e-02,3.400633405132389570e-02
4.475757276540329871e-02,4.351125221976322177e-02,4.278217709127427049e-02,1.251526317488031899e-02
3.659109927431471870e-02,1.828833839657646732e-02,1.629648410580860837e-02,2.839214557465993133e-02
3.640131263963383712e-02,3.896549918832774295e-02,2.813490440683023147e-02,1.872179740432887776e-02
3.961119018221342242e-02,4.936693924279328405e-02,3.912492318497829552e-02,4.964751283298011325e-02
1.822538369590882487e-02,1.557831320221556362e-02,3.430749104590188892e-02,4.841308019333935564e-02
1.640627420786205243e-02,3.178319167368014869e-02,1.467158163433574490e-02,1.859503430341386682e-02
1.334814062136606243e-02,2.276531383300214872e-02,2.048075249055450464e-02,1.186252171676391645e-02
2.550955419122155968e-02,4.253779216610372588e-02,3.674585216753957495e-02,2.618254709497753324e-02
3.385293808888911737e-02,1.496218217172437352e-02,4.653077198243933676e-02,1.670320010043481462e-02
1.162178995673119990e-02,4.655219694722513568e-02,3.917166109764105841e-02,3.879536566126363245e-02
1.248487601617918885e-02,2.799357663385383665e-02,4.147205040391543918e-02,3.787013315868214408e-02
3.004049623864543661e-02,1.062380272409141520e-02,3.460630853755713304e-02,1.764024299196496545e-02
3.624252249935652759e-02,4.518030764479057104e-02,2.190472664424211041e-02,1.679673125372194847e-02
1.016543454224007846e-02,1.065731314813517412e-02,4.345633683705410477e-02,3.935894311141094337e-02
3.921848507758855795e-02,4.685970617565075880e-02,1.299882716410478631e-02,2.403337608113746693e-02
4.579002519606904797e-02,4.406950728540582479e-02,4.480655159454804970e-02,4.373812516644304954e-02
1.115629019677785369e-02,4.534715762996378852e-02,4.977671278842640823e-02,3.103229257769014870e-02
2.974511554254283263e-02,2.470293816932116887e-02,3.028991701684506654e-02,3.893573182786572162e-02
3.454290546754795049e-02,3.047685528408638350e-02,3.802646092987526510e-02,1.701494377847210041e-02
2.680108463225277377e-02,2.528387051750560777e-02,1.235018220312539272e-02,4.085331884538533076e-02
4.210868131353655286e-02,3.906199589376080361e-02,1.680224673311658465e-02,4.237666104261163247e-02
4.664208863004080940e-02,3.590165196969422740e-02,3.859690187369547304e-02,3.656278411347659713e-02
1.742057498823463418e-02,2.365716203688874794e-02,2.604486465773303561e-02,1.961767864986894983e-02
2.345365683979621849e-02,2.908236099307336120e-02,2.190855099135535083e-02,1.032448437407868132e-02
2.304625213083137669e-02,2.440460218131123432e-02,3.078124703107935206e-02,4.796568385248856092e-02
2.442196635178174591e-02,3.155721425820812859e-02,4.797037436566697899e-02,3.943919074311084266e-02
1.055400056715130076e-02,2.350908036902411152e-02,2.305676693553618956e-02,1.663670189061743770e-02
1.666179915826370567e-02,3.606760496347680839e-02,2.488033308962897538e-02,4.211644347418559697e-02
3.159708469531554570e-02,4.974313129682861323e-02,2.051799802300169340e-02,1.535157098403733093e-02
2.245183041815212305e-02,2.310543608766083348e-02,4.046858069481677062e-02,2.559644053533831343e-02
3.016382655572252131e-02,1.227998068363324487e-02,2.655558408744038840e-02,1.484103406151775564e-02
2.077355106769299131e-02,4.111794527756218454e-02,1.721152842699699009e-02,1.065828607318772096e-02
3.236818761843804348e-02,3.791974393332098181e-02,1.254564498413546919e-02,4.545368094937109887e-02
4.127706850740665845e-02,1.115731725063970337e-02,2.045022070591107077e-02,2.831224348522361212e-02
2.639407689405598445e-02,1.711966511263553203e-02,2.520964408636346132e-02,1.859967849153583430e-02
1.170331858445150183e-02,1.962770976305330817e-02,2.044204607602098656e-02,4.378856113097089747e-02
3.214205174566391043e-02,3.065442494401025841e-02,1.726062274187263601e-02,2.748374422969009773e-02
4.378760857372003545e-02,4.902515800979910521e-02,4.354523042227413654e-02,4.324809627436801418e-02
3.838036888637761518e-02,4.855051304708228599e-02,4.304797197615214954e-02,2.232204152978754103e-02
2.445919022922792702e-02,3.226356556472375486e-02,1.611738545626046834e-02,4.069265750436056733e-02
3.340070650580613532e-02,4.549310203531921337e-02,3.234920301530842118e-02,1.713760436103622942e-02
4.052650489273071366e-02,1.388886059987304647e-02,1.479246518535207167e-02,2.295464530756472291e-02
1.288164648960609532e-02,1.438851335748691715e-02,4.137297658645888027e-02,1.053029198022645621e-02
2.235765190272027275e-02,2.086521329271530736e-02,4.230220748954020143e-02,3.024630210066883707e-02
1.372980596448196942e-02,4.051528225437216885e-02,2.116605695619572236e-02,3.763728851044697427e-02
3.101686790354067635e-02,2.718485892689417871e-02,2.273720102582428571e-02,3.399426372464198903e-02
3.685710663180280511e-02,1.497756973269045652e-02,1.625615661256707423e-02,4.873221908926288204e-02
4.620430109165613725e-02,3.859799876373259248e-02,2.529502716110873864e-02,4.649193961513245488e-02
4.666463721728364433e-02,4.871845894683236866e-02,1.837757189932433949e-02,3.115667902826576435e-02
2.321249585360606743e-02,3.511994816612010184e-02,2.480328587073780955e-02,3.535081454723253830e-02
3.105830481872697002e-02,3.583904762484442508e-02,4.555928735502691451e-02,4.041037150565449099e-02
2.334361215295519681e-02,1.201787467622047849e-02,2.541159850467519798e-02,1.308774750321906391e-02
1.673891027803446965e-02,4.998986539373666965e-02,3.116892332490543011e-02,1.712196646945177494e-02
2.867620069896902740e-02,1.642691662508888664e-02,1.835604715899790199e-02,1.830369968435494044e-02
1.579389659586202810e-02,3.612804921986492029e-02,1.740631870739320006e-02,3.032598225278069354e-02
1.307529545261813114e-02,2.304707269471231376e-02,3.024020691522200793e-02,3.637404049558212032e-02
1.099900245763341805e-02,4.048583748579613617e-02,3.565672720915914057e-02,1.834171803746538834e-02
1.533612899142865020e-02,4.522133674621661020e-02,1.379626835559185152e-02,2.766145571866866770e-02
3.309438012500487414e-02,3.177483286166457588e-02,3.389853696590586912e-02,1.481119599943071102e-02
4.615123487202044822e-02,4.139093737737711831e-02,4.780679753741268190e-02,1.421447827119300816e-02
3.067987654697092864e-02,1.592180240713806511e-02,2.300379415936897043e-02,4.422865757790661601e-02
4.373078218841195547e-02,3.213202036223412883e-02,1.676039223628641994e-02,4.371834356711405689e-02
2.040702557151603813e-02,1.754588422979887555e-02,4.697303757953757292e-02,1.271523091585427361e-02
3.684803156535653573e-02,2.376423313465390180e-02,3.534614080759659188e-02,4.045916000510644400e-02
4.499488965436589799e-02,1.231518942656752678e-02,4.876851112655019443e-02,2.639033956168618245e-02
3.426865622404166173e-02,2.678525757431547694e-02,4.456635641411398757e-02,2.102094268965842838e-02
4.286053951837518611e-02,4.509568783876119480e-02,2.186680245347102231e-02,3.969035947367752226e-02
4.869195554863671449e-02,2.821809087615928524e-02,3.862759338480766663e-02,4.227548710914216801e-02
1.301781910182193101e-02,1.184942068563305320e-02,1.128286106685430328e-02,4.783060126784611371e-02
3.284526686133499435e-02,3.934860062854150103e-02,3.008207175778036119e-02,1.295916922202557282e-02
3.339369807794442813e-02,4.827035200369952234e-02,2.409489086943826519e-02,3.795900943754128981e-02
4.220503618114591904e-02,3.204103631745089387e-02,4.161978487047404002e-02,2.820781764004857278e-02
3.797263856066480925e-02,1.405011821348182283e-02,1.807990032274883752e-02,2.867041873822652465e-02
2.661795654639335929e-02,1.396543523104745547e-02,2.949188018943862954e-02,3.947249497717079947e-02
4.881486803631521904e-02,2.973744873636639113e-02,3.304013007596726809e-02,3.232036090079853929e-02
3.827117108463917033e-02,3.199711738584416071e-02,1.152610249865669394e-02,1.418782704683816537e-02
3.943864761481905012e-02,2.147472298083780845e-02,2.866116884364762474e-02,1.255054307728792687e-02
2.437973565958424099e-02,2.712302556978191115e-02,1.099948339812415257e-02,2.985576124645037549e-02
2.986861040455486560e-02,3.493135554104626062e-02,3.555219381814739982e-02,3.491212646739538100e-02
1.948670677760803299e-02,1.605996679878576167e-02,2.088901213687494388e-02,2.160563936163204315e-02
1.323385039093116430e-02,1.406425391779122895e-02,3.755331557816764254e-02,1.565037173378747842e-02
3.805000925529357370e-02,4.572988061866035958e-02,4.012038819075846446e-02,1.396730363120758656e-02
3.982991203167735722e-02,2.482961109041922215e-02,3.675616003374761881e-02,1.608512345849299682e-02
4.889309616400846353e-02,4.398464887893035330e-02,2.614972314772488760e-02,4.070769165007712131e-02
2.312736810885759886e-02,3.804001089572221078e-02,4.521593005889594508e-02,3.533264674410077633e-02
4.633707786808770324e-02,4.860652318834332575e-02,4.901268581774063243e-02,3.873454185316830417e-02
4.945918544688772400e-02,4.101319826388821754e-02,4.460751308450126157e-02,3.184377170132839108e-02
3.439343441589223782e-02,2.327922751299065993e-02,2.494665519577552587e-02,4.608548176963506854e-02
3.745978217188761922e-02,3.837947414723261869e-02,2.096625937209520285e-02,4.600614068521435840e-02
1.428255885461490564e-02,3.532336453823899103e-02,4.026610287736338140e-02,2.906789706523717209e-02
4.046321263440868371e-02,4.396782069066956095e-02,4.621026064341021700e-02,1.258676098534746400e-02
3.560423196054599698e-02,2.132885248430092806e-02,3.130452061057602264e-02,3.548484496843527791e-02
4.238273262259622393e-02,1.302940389578123928e-02,1.905351141392382444e-02,3.177564165834179805e-02
1.104775827108325607e-02,2.309194994191664241e-02,2.306143391707893286e-02,2.792340055557794576e-02
1.886608339974028825e-02,2.902199130084723994e-02,2.733578174083582668e-02,3.439569798430199693e-02
4.509389806386836924e-02,3.746257455879350995e-02,2.388751625895655858e-02,2.873296941487079453e-02
1.781002580206245828e-02,3.892980951536109679e-02,1.064809523696060196e-02,3.908571711495525958e-02
4.604165929057833090e-02,4.119420861143346241e-02,3.342127413293594779e-02,2.016501587494540920e-02
3.850527390966392710e-02,4.050954462797830974e-02,2.990906469968199893e-02,2.500793157476204065e-02
1.017655460263355155e-02,1.850484266723439325e-02,3.748734095126394356e-02,2.986071119196837681e-02
2.522189486542957340e-02,1.013539735570880354e-02,1.069019098314359303e-02,2.092130917306658788e-02
3.055065045182780992e-02,2.457572347745288002e-02,4.722671263524744895e-02,1.857683302528199965e-02
3.993387838595014588e-02,2.513040292437618284e-02,3.533238175625386807e-02,1.909734703281667015e-02
1.538558353589530858e-02,1.970331431805667083e-02,3.216874884433090082e-02,2.831717729567870268e-02
3.125995068664776111e-02,4.568755400252485360e-02,4.423922352152468568e-02,1.603630364100001870e-02
1.612134126802263270e-02,1.626762945466642823e-02,1.448307757100885176e-02,2.344514553468082449e-02
3.680181396839552616e-02,3.523437546681691679e-02,2.310987776576458805e-02,1.574766365228649420e-02
1.461311362873688249e-02,1.296546726311594531e-02,1.969915827357245075e-02,3.419807549714980882e-02
2.907216738401233874e-02,2.695504115676844448e-02,4.693181580271290482e-02,2.952482692921364754e-02
1.566763114855149533e-02,3.740914845599147692e-02,2.449764217790856291e-02,4.232223314211613907e-02
4.098194571240536960e-02,3.280474941030045444e-02,2.797719957851741573e-02,4.886101301590625029e-02
3.132562252942778375e-02,4.904221261876898913e-02,2.556766343571668931e-02,3.606006102222246434e-02
3.873199357171849128e-02,3.533879774511583527e-02,2.201911556667174308e-02,3.154472471492780761e-02
1.525985531028266340e-02,4.728652774428825784e-02,3.917276182850339822e-02,2.550449059797339074e-02
2.476501542707210818e-02,1.081442441375757638e-02,3.416838005452703386e-02,2.675172497617302886e-02
4.059989607005166923e-02,2.956012771090318209e-02,3.812033062333984590e-02,1.906834475029051817e-02
1.771593343021231337e-02,2.646750206504238506e-02,1.156911801611329449e-02,2.644299776980406358e-02
2.080227272497757462e-02,4.146883499047532978e-02,4.979021069552304335e-02,4.901699226542811233e-02
2.470585227709028858e-02,1.946723628587584617e-02,1.111697638443924323e-02,4.560182799842491669e-02
4.849300154871848123e-02,4.395238699157539425e-02,3.181482865359470946e-02,3.179078127523374264e-02
1.062427010459723875e-02,4.556608654547454618e-02,1.039751204760749892e-02,4.915713183451468626e-02
2.585995354114687533e-02,4.020904352610494420e-02,1.210745322148356305e-02,3.749823718641047410e-02
3.343892548285334887e-02,2.936938081929781064e-02,4.801314710280847609e-02,3.636033505335641014e-02
1.442182138759220966e-02,2.857397025174521210e-02,3.435964988738756526e-02,3.660470126619080888e-02
2.201869344623651886e-02,1.143287791878939454e-02,4.251619706138108634e-02,4.998853308934234074e-02
3.412595658775707808e-02,4.623807522692587046e-02,3.157585641394149156e-02,2.917117039995924255e-02
3.629641875382499938e-02,4.533707533026185704e-02,3.321641025827617305e-02,4.865797728947614947e-02
2.425116085953182843e-02,4.980745676280455558e-02,2.276748217177150535e-02,2.884993371381981697e-02
4.267958446821711743e-02,1.481093478515308620e-02,3.217309820697566991e-02,3.701194389838456666e-02
4.308974821077438122e-02,1.225909392860142708e-02,1.176740805033081767e-02,1.894138134615225288e-02
1.856857820778192586e-02,1.346081656398378547e-02,1.034106867337599052e-02,2.078712270986717708e-02
2.068651167672504523e-02,3.742015724750361039e-02,3.533887371529090965e-02,3.781766836444798441e-02
1.981104823060292341e-02,1.108681402910728121e-02,2.807303836795214252e-02,4.112952969973934086e-02
3.946227581687519748e-02,2.732311499084662254e-02,1.202633164614878847e-02,4.578323205956363190e-02
2.776505718898009123e-02,3.611918483845671241e-02,4.501603666416837540e-02,4.579163008155898856e-02
4.802458737417303336e-02,2.379018660928942236e-02,3.969608064485598969e-02,4.957421651065341273e-02
2.474568014246858114e-02,2.984588026026235158e-02,2.279123883424992794e-02,3.066410216821853496e-02
1.067584673189826867e-02,1.968863492994080491e-02,4.447124144195990086e-02,2.879460706755267857e-02
3.757917477039351972e-02,3.119293725058846362e-02,4.292571046355316694e-02,3.515143478508955116e-02
4.442747401756657472e-02,2.429810059853771548e-02,4.064552849422663205e-02,2.433020165759961287e-02
2.093713772237573711e-02,4.813627569445015630e-02,1.382319179395183860e-02,2.138978330367225650e-02
3.721485773835628286e-02,3.025030497740542612e-02,3.875530098085161468e-02,4.721042497947944977e-02
2.131402245523117758e-02,2.830826524764237795e-02,4.681242887432011252e-02,2.187493469259165629e-02
3.683035363977724130e-02,2.172612152567525087e-02,2.797198061627783477e-02,2.211416814463071367e-02
4.095785652452475778e-02,3.128956392760503386e-02,3.857290664220899140e-02,4.527978269858870530e-02
4.528039120162544867e-02,4.179845641927862343e-02,4.084412306916559987e-02,1.212274494712544531e-02
1.530711751299101975e-02,2.565317841027783818e-02,2.202876909968255054e-02,4.882844876025323883e-02
2.021000637359620170e-02,3.548142939908685567e-02,1.565369133470608659e-02,4.758392758350899615e-02
2.869102902455761273e-02,1.385405994867631822e-02,2.596048693757806169e-02,4.999837541588123685e-02
1.504524642000184750e-02,4.618214134985761110e-02,4.854297754132896880e-02,1.690732250932657291e-02
4.037203636026003017e-02,3.514031908298134027e-02,1.822687126167767471e-02,4.998533233274691373e-02
4.294294843294720748e-02,4.246659120436405144e-02,3.415260760756188424e-02,3.761666980363855689e-02
2.078006909466287994e-02,1.059457379354102578e-02,1.684313945304829335e-02,3.866862723123892787e-02
2.945849290580424690e-02,1.924752708958583913e-02,4.178303119589944770e-02,2.175288442090575480e-02
2.811975753199316003e-02,4.339187758427460323e-02,3.909978962386669032e-02,2.766792035368027119e-02
4.995035257777975107e-02,1.289686517302257758e-02,3.029783971246948621e-02,3.769608774131467943e-02
2.823009020793573742e-02,4.059215966521653035e-02,4.827732648768787854e-02,3.439287358553428514e-02
3.878169729342424710e-02,3.186700211899432672e-02,1.899101779763128287e-02,1.887015123559141264e-02
4.479641382359005747e-02,3.373025669177778796e-02,3.027859822712563459e-02,3.147922638002399048e-02
3.027342908704835911e-02,2.460374899554066547e-02,4.359726886759249936e-02,1.583956499858652639e-02
4.497753499905100816e-02,3.416771577790737174e-02,1.278818909144918171e-02,3.998032608013202260e-02
2.525403685151042521e-02,4.735814885314749284e-02,2.539563120151636100e-02,4.043640498306069059e-02
1.433857508014834553e-02,4.810630686891073649e-02,4.005792850460702242e-02,2.467042561841535989e-02
3.464579425930961604e-02,2.262854982593713940e-02,4.038953635613441728e-02,2.683599900218856110e-02
2.616997780943241397e-02,2.644881514948416862e-02,1.266518045877913778e-02,2.047747601828606503e-02
1.657285892604032362e-02,1.305058799075767967e-02,2.255394120420777318e-02,3.457996566046753206e-02
3.054315433863007828e-02,2.166923537425754706e-02,1.175959328166135791e-02,1.161353065701300862e-02
1.208436446323473724e-02,3.061880983514084220e-02,4.482914376594944461e-02,2.726729643998363622e-02
3.706455769443197518e-02,4.124917146033858090e-02,1.797995681362242471e-02,4.571773527978328922e-02
1.207067141508420295e-02,1.764677848404946209e-02,2.188554867921609776e-02,1.469266594703069403e-02
2.985525336509266270e-02,2.076929870393266417e-02,1.330881331446054361e-02,3.661735778059679869e-02
1.254047566832770279e-02,2.738264173010612756e-02,1.808026632392516209e-02,4.295909856619173350e-02
4.362151685849007671e-02,1.930529480289897015e-02,2.764335161255327550e-02,3.418565767857577320e-02
4.993880047924305343e-02,1.183597129330877726e-02,4.785501022354570616e-02,2.817586967612323301e-02
1.242564073142799277e-02,3.398144752227474918e-02,2.289795313956063949e-02,3.379489471172655857e-02
2.240115318993628202e-02,2.695316895281386210e-02,3.702925039775795818e-02,4.507346091193614041e-02
3.059416912315246484e-02,2.134024127514319580e-02,2.651918286274147774e-02,3.096852905622694829e-02
4.032336646887858811e-02,3.023872646346341397e-02,1.721834944451224730e-02,4.193388364322785805e-02
4.413620694116991705e-02,2.022723238433990142e-02,3.093469579605821751e-02,4.243184819626755894e-02
2.826869910367154487e-02,4.408350817030132901e-02,2.340460824521760352e-02,2.415080054958859690e-02
1.148135973271755504e-02,4.315067419725182596e-02,4.924599195712352218e-02,1.808269369348030481e-02
3.963052796168801267e-02,2.157865845292845919e-02,3.366998742039375991e-02,3.271678052285666161e-02
4.955828062219788666e-02,3.278693457395241706e-02,1.621402243135005097e-02,3.719408251445211616e-02
4.312497521387740479e-02,3.479681615784254584e-02,2.545128812122245815e-02,4.199892301140781964e-02
4.896766064950500152e-02,3.457300302174033668e-02,1.288362106291945398e-02,2.428185189692837545e-02
2.440114315863416844e-02,1.012323550908345374e-02,2.540577854733915009e-02,1.774601209150188097e-02
2.776826503166550386e-02,1.160513792111749279e-02,4.973306974849797668e-02,2.443178217311198913e-02
4.474650356576026500e-02,3.376447022564526418e-02,1.115937662916688736e-02,4.362231162434371257e-02
3.022773771195474274e-02,3.066723941517687790e-02,2.029673968396501077e-02,3.113454401536949745e-02
2.842866089873247876e-02,2.000341082484462241e-02,2.406853107789751894e-02,4.552462427181061533e-02
3.717382633100737438e-02,1.780673987708512179e-02,3.333779958069978122e-02,1.635195962480721563e-02
2.230781304783930122e-02,4.012794360472617811e-02,4.907603268521110174e-02,2.914353310553155496e-02
4.987314095260047403e-02,3.217569823324052669e-02,1.745321832579338137e-02,1.816435297170347976e-02
2.489033758970535942e-02,3.844562493197554998e-02,4.405464534656972075e-02,3.311759204245422888e-02
4.667722280843186050e-02,4.869161868092496126e-02,1.976870813980289437e-02,1.460269146448462882e-02
4.940587294584761202e-02,4.875371236711380230e-02,1.399991335826244673e-02,4.723425953378433684e-02
4.105302845141366175e-02,2.858336566266157092e-02,1.588144027152993062e-02,4.986397611339955099e-02
2.465143291658207503e-02,4.457296724214776518e-02,2.294175816610952851e-02,1.600442078330348641e-02
4.047519775710390483e-02,1.462557929407942020e-02,3.535504649951091982e-02,1.989700094088608234e-02
1.087436905486443769e-02,1.385303531219416774e-02,2.455123998400859583e-02,2.344783765518598795e-02
2.156128773824367989e-02,3.888108001050046003e-02,3.390059287645667135e-02,2.425662093398680413e-02
4.919335007842111362e-02,4.908983770152162973e-02,1.090224869875259378e-02,2.602812574552399588e-02
3.648692081749883159e-02,1.559940913851822972e-02,1.227607177693066862e-02,4.294733357246436484e-02
1.218142821129653344e-02,1.620351350130251264e-02,3.967880988164888129e-02,2.773742836691793501e-02
4.805428873343091378e-02,1.241569937752838755e-02,3.724410832878066041e-02,3.462383703465107820e-02
1.826857418233265862e-02,1.374849162056483894e-02,1.000867758724303773e-02,4.237854777420003299e-02
1.610229406283820303e-02,4.203362640611662399e-02,2.590408416620097742e-02,3.830025502441776475e-02
1.484712803711248606e-02,4.807536862108025000e-02,2.727736701153175847e-02,2.741184854704651480e-02
4.636977641665374072e-02,4.625752300276501916e-02,1.128793056415411562e-02,1.613048404033323724e-02
1.823268255075068123e-02,1.222747161094788447e-02,3.074585264308659499e-02,2.684753056652009612e-02
2.787958240715819602e-02,1.654697073852388900e-02,1.269206188587099909e-02,3.278657100894987603e-02
3.444075237990446015e-02,2.942837272773523444e-02,3.190573996453755640e-02,2.866245008996225890e-02
2.193210717742711396e-02,1.228470995328070567e-02,3.354482601454944479e-02,2.773192172879168638e-02
3.342528178370467173e-02,1.082471192932217205e-02,1.545895730527203221e-02,3.865370501268444725e-02
2.773106424881446180e-02,4.508728598950360184e-02,4.915875653466363765e-02,4.097285605953646104e-02
2.755576117212249487e-02,2.130448702357570778e-02,3.589686352255025414e-02,1.048857712012421159e-02
1.770949323275873219e-02,4.795086779910318758e-02,3.207288698351153100e-02,4.654894099898904819e-02
1.587041794597685712e-02,1.992294711258255774e-02,3.113133875488830610e-02,2.497204629486514393e-02
4.387139358566115310e-02,1.330965788341393306e-02,3.411453243680012681e-02,3.234823652482392287e-02
1.589917241341688020e-02,4.095083012365337977e-02,4.696928644383347590e-02,4.136633999381898741e-02
2.582998666198142723e-02,1.349426066633502459e-02,4.760735573095740275e-02,4.596645768058658238e-02
2.323802094468957816e-02,4.762921486028073165e-02,4.316128565076540052e-02,1.373512326108870980e-02
4.544169258782829179e-02,3.990218111849476446e-02,2.082661988281085327e-02,4.723243749687833226e-02
4.175531301807463430e-02,4.645214987532207684e-02,3.756266921396760050e-02,1.196089109578343801e-02
1.416930596111753982e-02,4.464130217681362700e-02,3.825859635621936539e-02,2.456591206311407177e-02
3.315174041883393874e-02,1.561352135073084541e-02,3.955062350375952718e-02,1.067449634787291310e-02
3.621075198781872895e-02,3.123636523367592094e-02,2.853853324152782339e-02,4.019267461157984000e-02
3.449381817614284584e-02,1.878019339959365042e-02,3.458551884491195549e-02,4.204725159504803939e-02
3.692178737398952443e-02,1.667012300199877117e-02,2.746026249918547685e-02,2.490356699064373569e-02
1.532763379723803103e-02,4.565463880777298478e-02,1.173950885340017958e-02,3.215213667707925160e-02
3.056364566822000056e-02,1.645005112642828130e-02,3.675080380037066413e-02,3.587699696705781705e-02
2.195715095546548618e-02,3.641896419313540856e-02,1.042753770365184747e-02,1.090963354921840878e-02
2.327503489978067358e-02,1.207389412905840453e-02,1.552983422106427730e-02,1.916742017141158383e-02
3.342748784605732715e-02,2.016354628212082070e-02,4.304968224856313419e-02,2.881332818915863930e-02
3.479723455279664507e-02,3.591264134889108478e-02,2.758200837656264726e-02,2.211206660970534144e-02
1.644136436972408813e-02,4.024324940154818536e-02,1.177001223397318615e-02,1.807434463176773795e-02
3.207596215500774922e-02,3.105117542905059397e-02,4.748503372119349669e-02,2.404346818753683862e-02
4.476344767829919247e-02,3.237935255392471179e-02,1.492744967942463002e-02,1.373216931425964502e-02
2.284555409606145102e-02,3.976298533614743697e-02,1.223621958655366979e-02,2.568174597484366301e-02
4.119375403815937753e-02,2.047891242430352476e-02,2.591261151763839254e-02,1.874103161791174782e-02
4.812538377046852306e-02,2.306926889354136631e-02,3.934519072017292340e-02,3.756312764566042267e-02
4.666602501854475588e-02,3.853541634902229313e-02,3.603283963190844624e-02,1.515091028514050156e-02
4.403761112048783927e-02,1.006388980259649915e-02,1.150364851749867065e-02,2.131669239964153681e-02
2.155825176857702197e-02,3.932534766647279717e-02,3.096102538448720215e-02,2.785246223857439779e-02
3.401504627782948181e-02,2.554781857493530761e-02,3.438383691866685188e-02,1.974712350299600780e-02
1.237392457544899196e-02,2.931698377699341884e-02,2.208450378185179697e-02,2.650373534126684860e-02
2.007591030981985269e-02,3.882187787473095897e-02,2.637788184109485928e-02,3.290135999577606385e-02
2.304276126809261249e-02,2.514539375509876329e-02,2.044887396842862831e-02,4.868489075812219846e-02
2.987953788112246434e-02,3.874981374430326586e-02,3.277729924070971884e-02,2.808606349950082404e-02
1.103746461668019506e-02,1.416547104986362604e-02,1.679955735394170896e-02,2.517817061793650377e-02
4.382808038581591237e-02,2.408133647051223167e-02,4.944852342657866939e-02,3.326773160509427507e-02
2.404976574484684118e-02,3.745604207304796540e-02,2.587716095150330992e-02,1.007888101838498758e-02
2.222796934298858912e-02,4.358289646937429235e-02,3.159120841757959847e-02,1.041150237639353916e-02
2.828674902208384162e-02,4.316886074113599620e-02,3.593522080894206300e-02,4.621728828559277386e-02
2.086966059761848763e-02,3.004853020175299316e-02,4.427333319556308461e-02,2.332710990129435030e-02
1.375003387253407455e-02,3.322355624933521351e-02,4.594137301409410151e-02,4.832329267893814562e-02
1.279207256793101107e-02,3.723072994847655137e-02,2.072229030081855841e-02,3.660004695327551127e-02
4.605542933779824266e-02,4.939496082985476294e-02,2.662159810205361188e-02,3.264493869946673982e-02
3.134631816984600333e-02,4.256255683120781230e-02,3.695130752956065495e-02,4.758690048366744779e-02
3.513870895559436519e-02,3.307482587024250520e-02,3.414385123109222459e-02,2.248766166757740909e-02
4.973362848563379901e-02,1.467315146666022668e-02,4.806555026187375734e-02,3.197115413137163048e-02
2.886953933220428453e-02,2.438831102018952646e-02,3.682830628513023008e-02,3.474487056797267298e-02
1.197621018519907064e-02,4.534431310029781587e-02,4.999128539472823263e-02,3.315965350369853848e-02
1.169308632227814178e-02,3.384770911739547888e-02,4.813446602543072078e-02,1.605168252952497709e-02
4.927893215516023634e-02,4.451197668642318389e-02,2.602067919676359642e-02,3.861841938020815074e-02
4.558369661601982537e-02,3.241815557316743424e-02,3.204266145212858463e-02,2.191798009641685377e-02
2.620800901551909728e-02,3.287437388005689382e-02,2.050793704150608368e-02,2.875575482628717205e-02
3.295715347786447313e-02,3.682033050705967037e-02,3.337652584689551616e-02,1.053966894838521962e-02
4.533053164981746402e-02,1.722087551830412538e-02,3.937992338358815153e-02,3.495528291966805423e-02
4.219240482924767333e-02,3.931413544163461088e-02,1.478311335618826688e-02,1.820730735172494674e-02
1.168054709720197856e-02,2.708110874240186872e-02,1.265117559698469493e-02,3.562537192883483139e-02
1.880007268666713388e-02,3.232257033747330810e-02,3.503682324608620169e-02,1.796708901238442888e-02
3.160496749200052830e-02,4.321381496998027288e-02,3.708758390820436623e-02,1.072590458815460453e-02
3.329774360096929980e-02,2.045156346233402769e-02,3.887025969921448221e-02,4.516829777108835597e-02
2.281257120407906638e-02,4.468702444761134956e-02,1.948721757065388638e-02,4.347277301315586456e-02
3.570599969222913034e-02,4.609809840016168558e-02,1.087274047510403130e-02,2.077078070247340841e-02
2.931461735513715694e-02,2.448171782831682491e-02,3.836228126566681995e-02,3.807911128441446996e-02
4.287556225312203623e-02,4.049835483536984304e-02,2.894534825562097846e-02,1.091928989175127221e-02
4.421600714396641679e-02,3.710843233373281591e-02,4.737085589203862690e-02,4.185021056482461643e-02
1.220359170727655304e-02,4.665035360476590259e-02,3.859010070304294548e-02,3.776024064042395739e-02
4.376959142371176364e-02,2.959185429669751455e-02,3.532990374802453398e-02,3.279032071578116825e-02
4.049075775200928345e-02,1.408961865120866158e-02,2.491493878289914587e-02,2.573633252388898840e-02
2.200102400554034693e-02,3.433963031214433415e-02,3.581251626268237148e-02,4.792288901034709447e-02
4.734631700048252262e-02,2.485837457873765408e-02,4.142235330181242431e-02,4.927088176441781625e-02
1.938050303395868340e-02,4.647227148018540088e-02,3.057477547840653509e-02,1.088780004563903378e-02
1.116377607098256383e-02,3.200427616914280904e-02,4.370966889369801850e-02,3.180283418397273493e-02
4.800355753043045876e-02,1.577170795172985751e-02,2.961030305689577730e-02,2.078442493493937865e-02
2.256960570477611894e-02,3.957196481873292981e-02,1.543073641530086533e-02,1.768964050703778282e-02
3.103609946881250026e-02,4.270817964907283604e-02,1.716024603132418336e-02,3.672857613135278865e-02
3.058568886384893659e-02,3.869770661841834963e-02,1.027302809458586000e-02,2.256097635816053590e-02
2.273542390265407415e-02,4.866268385310074107e-02,3.346681089446365553e-02,2.266417213012287407e-02
1.248271142986465305e-02,1.588542228813528273e-02,1.296929398836906694e-02,3.236104010781357815e-02
3.550119966230696339e-02,1.235065920777132960e-02,4.744905212097219604e-02,4.486440990093255865e-02
3.370390080519474613e-02,3.222866464149383436e-02,2.471832016664384651e-02,4.609820162767897661e-02
3.058013225565995447e-02,3.837237089388816080e-02,4.703374495495996760e-02,1.629613337513046920e-02
2.450616287467691917e-02,1.264351119140648752e-02,1.183312801994830521e-02,4.099068669783479529e-02
2.115688839849951680e-02,2.294319701490600549e-02,3.608009781197979438e-02,4.701322574566644402e-02
1.020176313655075072e-02,3.934053003811210231e-02,1.051578547422397751e-02,3.218777687863557530e-02
1.390968905095248814e-02,2.266010586057586040e-02,1.180970829096811628e-02,2.300171153005461239e-02
2.237240936294806332e-02,2.460937181561958717e-02,2.881825358969431622e-02,2.020117421035764332e-02
1.696321567794143587e-02,3.296272746581332264e-02,4.010609908503723342e-02,4.436185458439466378e-02
4.160660067638755760e-02,1.190330768046737181e-02,2.873758561574365350e-02,4.561056595526406798e-02
1.708268260488515072e-02,1.896953961767581034e-02,2.344008366657792525e-02,1.834601764596282755e-02
4.724773008531010787e-02,2.518362799196075669e-02,2.690532266045224385e-02,1.250487044042149568e-02
4.397759325074555165e-02,3.156144875178031051e-02,1.672021668789926488e-02,4.794582220163961378e-02
4.115482634037724574e-02,4.737005531091751515e-02,1.761369842591804791e-02,2.243196487401211831e-02
2.862125577152238587e-02,2.148020083140922756e-02,1.636338844859712774e-02,2.335400530426012811e-02
4.536363053549415797e-02,2.589930743718389661e-02,1.048158294995251393e-02,2.272696036237316364e-02
1.599768036750268824e-02,2.235620005155505158e-02,2.379396985873278442e-02,2.343149378155560264e-02
2.435174994358168393e-02,2.778920301509807400e-02,2.078490865926953257e-02,1.280733963784061631e-02
2.240799206808553184e-02,3.091473635860760710e-02,4.623287468701365449e-02,2.155101940882853812e-02
4.055287673648627633e-02,4.535241254149328938e-02,3.496263854331323195e-02,2.846115330271829780e-02
2.615186624749718525e-02,4.858217953843040754e-02,1.041041187537276175e-02,3.027820839583154205e-02
1.745669214313345929e-02,2.552671114126660312e-02,4.691489733087856467e-02,4.784903396790174401e-02
4.105022889327241548e-02,1.615025132162579286e-02,3.195945807132667682e-02,1.331766192286326991e-02
1.539192550084655248e-02,1.927618214069735242e-02,3.734465274591652895e-02,4.880923354580973816e-02
1.461983325477606357e-02,3.909099278564020369e-02,3.297579056882192494e-02,4.822263361893792261e-02
3.627887319238209257e-02,1.149993333264237236e-02,2.165635876181396663e-02,2.170085062643577895e-02
3.671770611095033499e-02,2.609570627959308109e-02,3.691378865397369757e-02,1.455676486970978317e-02
1.258806578827006105e-02,4.015900661298374419e-02,3.957680540727480378e-02,2.391741097675231451e-02
3.301022017614355791e-02,3.576542615187438406e-02,4.019561012777999459e-02,1.617696535500484645e-02
4.964155383251265402e-02,4.646623130655155864e-02,3.980224209130304308e-02,1.213067849065079667e-02
4.560717238250518862e-02,3.146292962963020967e-02,1.477145516174182757e-02,3.045485396054661148e-02
3.456130412439963051e-02,2.115545594341160240e-02,2.150244082322948225e-02,3.114222898088327834e-02
3.248749323699484659e-02,3.483626721685049998e-02,2.631015194961964371e-02,2.454740356139325369e-02
2.329686422300139559e-02,4.921846128410917870e-02,2.430376596197983408e-02,4.829736705089835574e-02
4.223119475504330533e-02,4.906526353788141087e-02,1.263320092239669443e-02,2.331966928181300122e-02
3.991012953361877669e-02,2.440690130209982253e-02,3.725968706960907512e-02,4.650418735961570071e-02
3.485880834151176833e-02,1.574355275815137248e-02,4.504034352988171841e-02,2.214976921811040098e-02
1.725346550518600669e-02,1.119498708705583476e-02,2.109858948742455997e-02,3.008663955496997805e-02
3.366390326750694217e-02,4.595870233339440641e-02,1.084121663478464052e-02,4.724345891927742014e-02
1.911570429695522849e-02,3.391113896890581014e-02,4.904091058381779278e-02,2.283998611950373292e-02
2.234766088956890995e-02,2.311152652777001895e-02,4.238599574384219887e-02,1.815384134788657761e-02
3.758559149274986327e-02,2.167346914630171456e-02,3.205073167473165840e-02,1.125286972090753894e-02
1.585576181661701306e-02,3.256626466757604060e-02,2.528196516109625092e-02,3.923984031780006210e-02
1.365938843752568035e-02,1.165241274959186342e-02,3.606550906421267938e-02,2.023345176081800187e-02
3.957089339069543715e-02,2.025021014841117684e-02,4.158965344550781540e-02,1.569203478425134496e-02
3.842466980464222942e-02,3.654038781637886091e-02,1.472026124442283451e-02,2.027095498811633256e-02
2.208977981495847953e-02,1.902824511663808726e-02,1.338681458262002202e-02,1.997541459567811137e-02
3.268235818487576910e-02,3.428742068119519648e-02,3.863980541171366939e-02,3.082869274154680789e-02
4.506226351468999025e-02,3.803991884422803366e-02,2.618195004114248076e-02,1.772800091414690471e-02
4.367845738268114064e-02,3.039369548057734710e-02,2.578716595573882914e-02,2.119620381400483949e-02
2.719745852222382743e-02,1.719605276516644743e-02,4.324950562166136880e-02,3.817811210391124088e-02
2.066522313795735033e-02,3.621173321605393458e-02,2.425333008908658883e-02,3.933624483279667822e-02
4.436290969006205509e-02,3.096361796069288519e-02,3.148070984210361856e-02,1.248205767905467833e-02
4.100208241817411559e-02,4.503192435811899375e-02,3.639987736420360193e-02,4.429188772741977920e-02
3.568725202413287889e-02,3.420569562326795238e-02,4.765005822180704009e-02,4.665343217426925343e-02
1.634251373436473170e-02,3.577452200291401235e-02,4.663141859651191712e-02,2.104933391317367203e-02
2.994287004785797096e-02,3.371242293366549098e-02,4.716852042969274517e-02,2.808533415093193708e-02
1.297288191999097264e-02,4.175355651705585369e-02,4.725678670391676717e-02,3.202060345372376854e-02
1.756046696353724679e-02,4.331007268991080017e-02,4.224171236881114899e-02,3.306775920635999372e-02
4.630569715461605590e-02,3.713160528871550098e-02,4.183620951898227996e-02,2.127027239887185547e-02
1.729945915093941688e-02,4.708494823671244972e-02,3.087643439625491898e-02,3.141259133315627006e-02
4.907111242215099478e-02,3.801323837827426388e-02,2.261782695956070927e-02,2.110541992385590870e-02
1.122419715532140157e-02,4.777586317421465834e-02,4.188015835864083297e-02,4.637046497224481256e-02
2.761863632861370071e-02,1.773309323501656362e-02,3.627921558102326777e-02,2.031327905987776600e-02
4.734141104109804848e-02,4.375518157114802187e-02,1.666201834499549464e-02,4.862579517939083495e-02
2.997255962638215726e-02,4.566142486153142860e-02,3.924714199351032190e-02,4.226470241652001414e-02
2.459766475541205755e-02,1.276008708596964095e-02,2.749378825873882715e-02,4.492325127125194884e-02
1.791682676126940543e-02,4.630928231199123168e-02,1.298520842437623536e-02,3.584228398333582505e-02
2.547674993858358578e-02,2.932273661903253559e-02,2.086407788776456843e-02,4.382679720745059904e-02
4.964584435487739977e-02,4.737761220401307677e-02,1.306171326308316893e-02,4.478340891052762229e-02
2.791634636566635297e-02,1.837556815475680644e-02,2.008704632425118569e-02,2.839112519877576291e-02
2.642140805049909835e-02,2.545643801066691317e-02,2.256949320939648229e-02,1.157463486128231835e-02
4.058491675514513952e-02,4.251671619565956795e-02,4.586211279939148011e-02,1.862706144885680620e-02
1.232877916337455325e-02,4.990944719969332005e-02,1.179625252401357224e-02,3.721651441783306591e-02
1.804138622911629491e-02,3.058371771206015721e-02,3.069602802668411345e-02,1.680646860185442543e-02
1.940586910410873819e-02,4.171290261223760398e-02,3.051055469782658347e-02,4.064774596345448882e-02
1.320476755624291551e-02,4.140628333742302214e-02,2.472100496301325376e-02,2.591743563681330603e-02
3.797709203021035207e-02,4.252642750252336873e-02,2.740303622647809884e-02,1.448416887620067664e-02
4.759108185935009144e-02,3.672263049164798537e-02,4.724616104855346860e-02,1.643055975383382258e-02
4.000679656127945766e-02,3.708398547764263364e-02,1.671683575025173160e-02,2.635753128313580301e-02
3.850199446767770678e-02,3.634354299536558114e-02,4.136495482781224475e-02,3.905684116030264802e-02
4.280629023812940193e-02,1.527676493015770950e-02,2.185628992086826455e-02,2.961050205464159368e-02
2.117977459834149284e-02,1.405889778700548584e-02,2.555485592410785406e-02,2.489971515265929081e-02
3.960801110734465252e-02,3.697055068554221807e-02,3.919329970386182388e-02,2.405437377014219349e-02
2.950533607614948955e-02,1.659090042481661115e-02,4.392376448909913328e-02,2.173599964002876500e-02
4.894431355119103350e-02,1.425967876512226548e-02,2.577017602626756332e-02,3.903681657792680559e-02
2.984622068864003358e-02,3.196004969419716235e-02,3.234057059175127202e-02,3.602711260867015597e-02
1.458737909512903587e-02,3.418939074833583086e-02,4.877914743424582866e-02,2.563687588022447311e-02
4.272198094202126623e-02,4.519564246492881188e-02,4.045578723436530494e-02,2.113797721825668927e-02
1.850918217186407755e-02,2.482029364080134970e-02,3.726147768900169716e-02,3.883690846692761101e-02
3.888382018466923773e-02,3.509610006054802306e-02,2.060995301486473474e-02,4.394646773279507063e-02
3.227537593073255551e-02,3.779969634711644044e-02,4.078421219446149576e-02,2.423806613662476614e-02
3.869658655285303228e-02,3.485224333696613358e-02,1.009398940940589226e-02,1.871226847709213381e-02
4.812154365542778423e-02,4.389916798135549275e-02,3.531259059218950364e-02,3.747847191388399557e-02
3.571159259286158655e-02,1.672172868326793349e-02,2.955383864652010029e-02,4.115059521009623716e-02
4.432562198532681574e-02,3.990009610851911331e-02,3.751087494674359285e-02,3.300127952887491056e-02
2.047139983313456951e-02,3.487620538942610288e-02,2.729762573285649668e-02,1.089808275886876808e-02
2.253477132534829896e-02,1.469384627404890335e-02,1.649317290316035939e-02,4.964928833016937770e-02
2.686197345140371728e-02,4.565850962355442327e-02,1.964618290601322440e-02,3.374884750884209195e-02
4.041790651511886767e-02,2.255137924018621454e-02,1.953498076300919442e-02,2.486067491013162212e-02
4.053352104569957204e-02,2.971885235538378883e-02,4.724149580767209727e-02,4.176696601585670743e-02
2.771388513991187436e-02,3.600129522646417640e-02,4.040854060964228778e-02,1.722936405165141280e-02
3.119402196474722888e-02,4.242960798206012879e-02,3.313386729923509938e-02,1.340879753838897931e-02
1.856584527131684842e-02,2.850774171237761834e-02,2.903737598603300246e-02,3.888734799233771466e-02
2.228502746866571627e-02,4.098193591625064192e-02,2.710863373367107532e-02,3.117329945126687263e-02
2.724851317762878866e-02,1.568956153745568183e-02,3.467654558825888217e-02,2.253663981937230679e-02
4.129338863131395282e-02,3.903094444749918845e-02,4.297479848258527191e-02,4.363534950349406277e-02
2.409461904906339685e-02,2.864732385411922905e-02,3.711144553519141881e-02,1.038242056999631215e-02
3.909969051336882606e-02,4.924613542074738476e-02,1.223805484453697502e-02,3.687598913979187737e-02
4.192559113133012549e-02,4.673134375006407493e-02,2.930729516244860028e-02,3.292453197050504432e-02
1.441150265722650203e-02,1.578790602470754589e-02,4.153259765968674022e-02,3.465080365446521898e-02
3.050420845833606148e-02,4.304739467575428857e-02,3.597916421892589228e-02,4.737256683209180308e-02
1.225381059543603421e-02,3.938744075321840010e-02,2.112682005615033540e-02,1.730221905457674653e-02
2.733267723736393373e-02,2.781685649864544529e-02,3.627482580016846980e-02,1.369329062330808429e-02
2.857656303605847492e-02,1.428452960134904762e-02,2.697081565693544569e-02,3.875590176494249361e-02
1.942681544574402508e-02,3.027944806347442758e-02,3.245768667114234257e-02,4.915295721244020838e-02
2.557567605808189898e-02,3.015854709037074644e-02,4.038450851827505433e-02,3.996896274332321225e-02
1.536601685593750460e-02,1.884572595703134720e-02,1.445248172531564575e-02,4.731842692785170890e-02
2.248921792733776445e-02,3.574511045655621999e-02,2.573410831877574745e-02,4.273298860918563202e-02
3.354197478642272773e-02,2.315204824701198177e-02,3.652085423111081641e-02,1.391007392425643550e-02
4.756073286574601794e-02,4.121044718121869010e-02,1.969475061988637532e-02,1.831317274911770793e-02
1.768231944911936859e-02,2.603150764545335283e-02,3.374969100406239458e-02,3.662250389127346545e-02
4.147366520970241499e-02,1.657484191530483528e-02,1.732653133756191163e-02,3.508774363166342058e-02
3.560643280879897260e-02,1.019178034714349722e-02,2.286683615434340414e-02,2.362971819756538167e-02
2.494547610796190446e-02,3.210209114269865077e-02,4.215301877536119929e-02,2.603444760998094992e-02
2.501195531005457467e-02,1.219058856485429228e-02,2.720736915925140581e-02,2.217393882158230634e-02
1.535278608541111763e-02,4.951566656271656069e-02,3.548000497440300521e-02,3.409435958395627686e-02
1.422237814893714120e-02,2.022431845589563876e-02,1.023494767525668508e-02,1.322426345208953594e-02
2.477707764131328178e-02,4.003918831373773357e-02,3.148463631241069094e-02,3.251152537915794061e-02
1.126834745590502875e-02,1.398462850754956036e-02,3.601608513432402042e-02,2.164459616380795537e-02
1.015386347145165978e-02,2.708447055043842339e-02,2.841915749169716954e-02,1.458553086288342376e-02
3.740995702241155935e-02,3.824098643005713338e-02,1.790074627188895096e-02,4.438419848729525941e-02
4.100901955097045748e-02,2.473250245089489083e-02,4.861349462103211477e-02,2.139448201395949267e-02
4.977461209429743377e-02,1.474906808797547993e-02,3.524272001664660592e-02,3.413272335771332100e-02
1.188672634938745670e-02,1.563920599244118456e-02,1.575643502513944527e-02,4.131888570437936004e-02
2.649142513080841171e-02,2.216258040831348142e-02,1.900281379950082700e-02,4.550518818556185258e-02
2.296496945208839624e-02,2.297034096232009742e-02,3.805045199023286695e-02,4.071658233490241252e-02
3.781226229287144858e-02,4.412764273001829746e-02,1.373433709491784019e-02,1.271223075210932418e-02
4.186373222068247302e-02,4.314037064810058442e-02,3.626256484305360323e-02,2.109892341685366823e-02
3.995378843570877858e-02,3.713307182828350789e-02,1.405047287953893435e-02,2.379848425077227617e-02
4.592684661501605231e-02,4.329900093789596643e-02,2.324696406096061346e-02,4.097424964580080597e-02
2.402018203183915040e-02,2.373905543411563082e-02,4.019140842787721768e-02,3.667198500467368227e-02
3.738196356395791925e-02,1.602923479398662282e-02,2.514840481571019998e-02,4.761305251220224882e-02
1.178417465475144719e-02,2.336229928277054266e-02,4.109540111993212341e-02,1.313821170245742589e-02
3.013871744779352685e-02,3.779526263302216554e-02,1.473973294824408933e-02,4.163997579070328331e-02
1.205652485297810730e-02,2.739917418673069871e-02,1.155024422401359011e-02,2.686145654679489292e-02
1.295664719941659257e-02,2.911983113727232425e-02,4.173265465125410023e-02,1.467049972496929644e-02
1.834395034203068278e-02,4.300279252500256721e-02,3.766688461979177116e-02,2.174608515221206073e-02
1.658393574126766981e-02,4.078617894803099331e-02,2.965525422443227033e-02,3.288428097462274546e-02
3.034989996976526772e-02,1.721854294002015187e-02,1.818076456637523000e-02,1.595460354945692216e-02
4.884249799913751439e-02,1.532006140401077215e-02,1.859889128406865336e-02,1.953343437667596702e-02
3.711133254346360433e-02,3.707278331937447630e-02,1.067240575547830257e-02,2.508718556063357225e-02
1.130237430782184659e-02,1.127156235434320294e-02,1.620873988876152944e-02,1.832727534769667752e-02
4.524211138107266106e-02,2.252656837387414374e-02,1.111130200851328902e-02,3.631654090180461841e-02
1.527968711268555199e-02,4.601008213391521301e-02,3.897802451631097315e-02,3.734475980111537363e-02
2.226946144221832180e-02,4.526804147080520924e-02,4.727840784463857582e-02,3.101123308075907220e-02
1.136774948280650822e-02,3.632017423475160378e-02,4.463227134295836424e-02,4.711398744533660393e-02
4.089591679809512215e-02,1.064161464436612532e-02,3.591975089855817954e-02,2.010899389934494436e-02
4.757595983398715117e-02,1.306849276418813738e-02,1.554906478925840996e-02,1.384868195294619922e-02
4.557414074025152584e-02,1.759389259189406488e-02,3.717881527650877815e-02,1.934964632808444315e-02
4.794358021716850493e-02,1.864595136123494562e-02,4.647433620462931153e-02,3.060638024154845038e-02
2.348324479445400986e-02,1.307660706642539347e-02,2.507883878418331117e-02,2.433951499747183389e-02
4.382262614801089862e-02,2.446303097841623364e-02,3.749826562648991835e-02,3.546666332532458915e-02
1.781746117828991033e-02,3.092663786444731916e-02,1.153822290719351898e-02,2.194113348297486998e-02
2.904009436343130829e-02,2.693959592453826907e-02,4.321634522644596937e-02,2.701550624258538397e-02
1.620991334994656766e-02,1.208117652928455098e-02,1.455661916332742258e-02,4.029951946460503392e-02
2.738539256525903548e-02,4.093890400543619135e-02,2.998709166886176503e-02,1.573110509000630666e-02
2.127240677698314861e-02,2.803594627052945903e-02,1.114893813513969691e-02,4.047643027104202290e-02
1.784477958978999967e-02,2.649723303547509012e-02,1.934197981126024868e-02,2.687127696945828398e-02
2.165748085951175322e-02,1.756745825491781363e-02,4.679663429158004845e-02,3.059186701852555784e-02
2.803029803619668664e-02,1.092658536821572088e-02,2.146212408613937944e-02,1.673976301544084430e-02
4.006087614902035382e-02,4.226966658235366270e-02,2.722972591752160360e-02,4.417721688033406091e-02
1.644674620428441397e-02,4.998229356449521849e-02,3.368302599887944282e-02,1.057621135994097489e-02
1.834165143838431544e-02,1.849315357611868924e-02,2.317842712568503327e-02,4.564562318845664934e-02
2.148957283423551246e-02,3.460616625480027880e-02,4.310519072778978139e-02,3.768087183218377101e-02
1.175434372848126532e-02,2.872944752311029637e-02,1.267399479663935957e-02,4.687172274502152125e-02
3.143089204834615541e-02,1.699498769457438024e-02,2.322208064079783751e-02,3.041323399647644782e-02
1.487920801945151819e-02,4.004241434731958815e-02,2.821955908577384459e-02,3.539677338370977172e-02
1.462444361213383406e-02,4.096818050648757398e-02,1.626174702242059664e-02,3.517228345903714026e-02
3.975302590084879573e-02,1.861289870625569554e-02,4.356027701866151125e-02,4.596369675730713200e-02
3.354251841936351647e-02,2.282528527098269533e-02,1.010061004504965443e-02,1.214224368692081585e-02
3.349091863144573050e-02,4.137083662037590454e-02,4.351227968433286214e-02,4.813279915445940055e-02
2.102713491312471414e-02,4.420987007107395755e-02,2.171852340474384607e-02,1.714240630840277446e-02
3.153327245190358508e-02,3.500508814260681889e-02,1.141007396889524503e-02,2.045267278441040629e-02
1.266094041349411989e-02,2.404782182498875834e-02,4.043267280526202656e-02,2.663387078886805814e-02
2.394895404419644311e-02,3.800793530415733090e-02,4.377402241752478135e-02,2.594946266374913851e-02
4.753410779083935833e-02,2.153476296938738876e-02,4.946624522765737109e-02,4.064879679128744622e-02
3.002769956680904212e-02,1.858315128157124463e-02,3.221830744235478633e-02,4.714028728304411886e-02
2.253274485351156736e-02,4.197687197061834158e-02,2.849750887628529905e-02,1.598208912103243548e-02
3.501141679975369736e-02,2.820515332013396465e-02,4.195708303097831632e-02,3.156187592414442383e-02
3.636850430237591886e-02,4.199177175097151132e-02,3.483824491326460021e-02,1.248675126598521208e-02
3.807295243902145826e-02,4.729682781310793477e-02,4.261428141389433238e-02,2.205594316376801450e-02
1.150869664795669753e-02,2.860701820099117998e-02,2.375223966430205225e-02,1.422441827704479245e-02
3.995752559242739949e-02,1.530668894326900516e-02,4.429175630572076972e-02,1.874668865464212270e-02
3.835052645425104934e-02,1.602535430784237172e-02,3.395348474189828492e-02,4.006835619648916463e-02
4.380794174430639037e-02,4.655497377476315590e-02,3.288898107712221602e-02,3.930756835907539548e-02
2.964682645187351195e-02,3.042278410480129397e-02,4.745895698183309058e-02,4.664100359471676921e-02
4.102411665418392861e-02,3.552208770314225356e-02,2.669774549528555752e-02,4.650633094281012014e-02
3.145802260944478845e-02,2.037362572453607287e-02,4.857178492325309183e-02,4.302092428203441871e-02
1.932495953613737674e-02,4.550001715303387401e-02,2.207223448269209076e-02,2.575977925341953884e-02
2.724758607793590498e-02,2.460153564917921115e-02,2.904849813848053852e-02,1.720193046180670468e-02
1.254773080850215411e-02,3.442525035475488965e-02,3.047094001503176247e-02,2.536346500331764647e-02
3.974770469785662841e-02,3.971524165696657671e-02,4.946218033033973616e-02,4.434416755421942413e-02
3.920018171180818939e-02,1.208848280942960256e-02,4.903623565552843455e-02,2.903396440103524906e-02
1.514717346699563476e-02,2.312180143707305569e-02,4.210617398733889488e-02,3.602295943057853139e-02
2.361342422588302847e-02,2.320475295589422352e-02,2.079861991041794325e-02,1.432822035339005248e-02
1.621723377912077935e-02,1.027821611880458397e-02,2.825081988111038250e-02,4.767267798409287327e-02
3.024379694488911474e-02,3.565500824793859519e-02,1.322495965453406030e-02,3.023195411550217565e-02
1.471625805010880368e-02,4.181445767042704653e-02,1.004173547877088186e-02,3.381895022858170952e-02
4.121599519226847724e-02,4.309609512664945574e-02,1.308203044253597284e-02,3.046935932425021837e-02
4.594906528617623276e-02,1.312757903633416864e-02,2.740518189596884147e-02,4.543981957205112110e-02
4.111146171443322284e-02,1.021313593759362419e-02,2.921514227196381208e-02,1.424464581554524267e-02
4.633357499790494161e-02,3.222422091005992112e-02,3.007674234079703995e-02,4.846335480891398456e-02
1.703532840626347661e-02,4.183425800853672605e-02,3.305487614127668866e-02,4.634965439194779074e-02
1.829076495615750836e-02,2.821070604837073309e-02,1.580751558884521332e-02,2.296644688423598799e-02
3.939238981586511840e-02,2.519381519423967430e-02,2.394694431422687494e-02,4.129148296174465355e-02
1.256011865852594243e-02,1.412956765169864556e-02,1.000580711191674868e-02,2.595953687340291777e-02
1.897610463222324309e-02,1.072562139606865472e-02,4.979644550509169931e-02,4.548966571992982266e-02
1.629162810557360092e-02,4.893381646820682551e-02,1.274389111524659203e-02,4.654456570882378047e-02
3.106545205684797806e-02,4.540727483630423167e-02,2.709747185814234682e-02,2.800319744111280651e-02
1.580111546362325189e-02,2.685998552255464134e-02,4.761461168305208130e-02,2.640909381837488329e-02
1.270138939312260434e-02,3.996982769598431129e-02,3.901299548993683586e-02,3.382721580701836955e-02
2.784832720173146398e-02,2.417678324650996552e-02,4.095364171632411704e-02,2.079384917787322276e-02
4.114916158834668741e-02,2.290029057743405566e-02,3.595006392340129725e-02,2.626082791571209690e-02
1.671208279537919617e-02,1.596581172904977183e-02,2.858239567584402313e-02,4.973170636939848455e-02
2.066836002233396127e-02,4.463961269260354608e-02,4.971234768612162180e-02,3.274526004695706149e-02
4.178944134634272889e-02,4.810081054071502910e-02,2.466812102868274487e-02,4.701513432049486685e-02
4.187021403250935220e-02,3.395173458806831357e-02,1.972826528635630156e-02,4.517492430171166085e-02
1.427605325884688525e-02,1.905741963570845021e-02,2.501872717233787763e-02,4.138881589649962695e-02
2.922375001367538000e-02,3.134323072016458045e-02,4.606598502495640873e-02,2.587808501890673241e-02
2.000656335791296120e-02,3.543596740037448928e-02,2.497098510867511861e-02,2.160936727628399306e-02
1.011025683030623498e-02,3.080084812059512983e-02,4.139699615283444489e-02,1.631422270943432007e-02
2.722221424886710900e-02,3.685761476489305549e-02,2.373811690683954451e-02,4.338492408738914285e-02
4.006537570113005015e-02,3.040406543201351619e-02,4.198655390930079029e-02,3.419642005901647047e-02
2.671875937999064476e-02,4.385223483682474527e-02,3.265318083373949104e-02,4.934480118965277329e-02
1.681456542542141344e-02,2.865734407290071450e-02,4.789716860978857071e-02,3.669179606334348198e-02
4.063478703531803876e-02,3.806340032890971614e-02,1.566970379051905657e-02,2.019369636729294662e-02
2.956741125021176281e-02,1.224616685473920580e-02,4.107120582345347853e-02,4.003256271819590623e-02
2.663014374909145054e-02,2.801904887307737207e-02,2.212895384075323768e-02,1.276398788920860179e-02
4.179088930688249631e-02,4.294140681668515841e-02,2.301610514362862486e-02,2.860551582059094045e-02
2.807479426414219437e-02,2.241885974131978612e-02,3.964386501459450651e-02,3.060935696119099908e-02
2.061038220053056785e-02,4.522782534220018413e-02,4.132513973793676409e-02,2.203740658749641507e-02
3.581991494994366670e-02,3.897054690102731006e-02,1.787387962701528915e-02,4.607832878666325710e-02
2.713249194556483640e-02,1.924922363214612298e-02,3.418070840054615589e-02,1.211389767309425242e-02
3.240015967127289620e-02,4.365311807984011139e-02,3.615332469047080610e-02,1.146778170570234359e-02
1.162641028891679695e-02,2.902573954704278786e-02,4.288310679352753257e-02,1.463547042677799601e-02
4.228895996697704107e-02,1.847578015008020588e-02,2.415945097676116399e-02,4.599735261846018414e-02
1.228216775007740999e-02,2.484916422186621288e-02,3.273164765336779997e-02,3.503455917797965169e-02
1.831810490602889252e-02,1.288836771492737551e-02,3.570393564567692773e-02,4.240838166088134464e-02
2.179308973174255010e-02,3.569984749079756908e-02,2.118598713405643943e-02,4.874495446673838411e-02
4.932708157209356181e-02,1.859345126760001549e-02,1.641780364457496796e-02,1.125156375882579128e-02
4.017950508325671827e-02,1.754008804473947136e-02,2.071143559432878783e-02,1.685590500264603359e-02
1.712064234867483048e-02,3.366059701481656508e-02,4.862894476600008314e-02,3.972709702674607352e-02
3.651500981290660419e-02,1.944580484936716397e-02,1.161815186899741066e-02,4.592951454855817572e-02
4.310120588484023935e-02,3.434564967005557939e-02,2.312645382582333153e-02,1.591703909927647681e-02
1.290554305510076792e-02,3.492734415881882520e-02,2.223947308790667071e-02,4.340248269093882616e-02
3.338224856013516373e-02,4.949830201673439262e-02,4.366494490984532129e-02,3.664495007385986519e-02
1.285569431374116237e-02,3.716223145449533416e-02,4.611505417391522504e-02,2.613659306305213259e-02
3.474634725602075702e-02,1.203123270254283575e-02,1.206387399548714684e-02,3.735251818866094919e-02
2.298985210126491818e-02,2.142695965637856498e-02,2.780827480268320551e-02,1.595639223286817593e-02
2.519233785931987435e-02,4.236081121020544155e-02,4.566216184731278216e-02,3.457582688768468665e-02
4.097996180764228169e-02,3.101383793091874730e-02,3.723752827443399527e-02,3.552127287633814051e-02
2.674916348689049955e-02,4.709430558554703744e-02,1.116522656925851564e-02,1.312976699322219477e-02
2.655341998134905235e-02,3.470197553233327764e-02,4.406495181821197538e-02,2.947992448442467162e-02
1.684652330591780364e-02,4.977078298823076064e-02,2.224087807649152357e-02,2.168801543409606264e-02
3.074384671241165573e-02,4.024981124963054879e-02,2.267793074434456407e-02,3.361053884087782800e-02
1.337925768353770417e-02,2.423409212016947728e-02,3.966759944604700272e-02,2.441027242021564722e-02
2.629989623425716544e-02,4.343598436333449830e-02,4.039537376339423502e-02,1.903863572223636613e-02
1.336857757852793864e-02,2.243747066211212310e-02,1.384167482913149262e-02,3.164305659260814585e-02
1.300178703479984953e-02,2.238595217184433106e-02,2.243103137692790613e-02,4.202998128951723755e-02
3.469876550966210366e-02,4.880268159387620569e-02,3.838608156775183411e-02,3.613700755662498793e-02
3.877780299710918699e-02,3.343623877225306018e-02,4.304310145226848683e-02,1.723318072769910309e-02
3.786075420147377857e-02,2.430994494809203543e-02,2.269946826914231996e-02,4.078127275938812912e-02
4.373765122312027465e-02,1.976544605716687789e-02,3.578023063220105854e-02,2.856834658307318142e-02
4.721538494998434032e-02,4.898496233621450757e-02,1.019491380321746812e-02,4.179681562809470230e-02
2.491608671237046865e-02,4.837351199221152920e-02,1.284822934406666325e-02,4.346449627758038059e-02
1.096472234343871636e-02,3.593290294599121165e-02,2.210920071607287707e-02,2.064628475545412026e-02
3.530513595345068090e-02,3.099015054060842017e-02,2.923616387224145519e-02,3.228812943255041090e-02
2.313985994668589508e-02,1.042313920888228093e-02,1.885655439955048057e-02,2.249669921429839001e-02
4.681524782864132650e-02,3.439986278390565200e-02,4.919572232465867223e-02,4.615574700185932910e-02
4.110103305146841496e-02,3.929670039447077240e-02,4.968220580442209156e-02,3.009543753715258896e-02
4.057736519796158875e-02,4.570584598836151952e-02,2.669081502492734459e-02,3.517612662830917752e-02
1.919499965275040659e-02,2.891995171448286800e-02,3.915611828405544254e-02,3.235162522658997092e-02
4.076876177974884247e-02,1.056567860118131502e-02,3.776109401240577979e-02,2.868494559148505874e-02
4.835356676918002583e-02,2.139070702512977859e-02,1.820850670263589668e-02,4.058242331184042095e-02
1.180395058628480424e-02,4.155157868739803306e-02,2.479825100549514286e-02,3.846707950328041858e-02
1.205390101608968395e-02,1.185433310919847480e-02,4.918217741602112086e-02,4.539156773752269641e-02
1.034112363565923946e-02,1.124383561302337402e-02,2.969110882077061198e-02,3.470896411857468666e-02
4.113216732013237620e-02,1.537616368026478893e-02,4.726086147919260350e-02,2.507558897516527774e-02
4.004253305011271774e-02,1.751256289832305718e-02,4.614931309463846804e-02,2.008123278268922340e-02
2.239570159511647396e-02,2.158609861900970608e-02,4.854727478646433253e-02,1.716862136220154156e-02
4.823468491306395073e-02,3.388091205075886847e-02,3.962974157180226137e-02,1.869314873452368464e-02
4.494221029404003170e-02,1.642201848844504486e-02,4.996353086485847556e-02,2.639874716103270819e-02
2.115387854770995127e-02,1.660706787505729712e-02,1.012281986930125416e-02,4.962946575463859922e-02
4.755338159761737793e-02,1.311325570950778487e-02,1.455890468232840830e-02,4.944794113886546300e-02
1.935698635210030688e-02,4.526637147070997763e-02,3.439182251018630537e-02,4.245376834874174665e-02
2.870851419483332750e-02,3.424059598800131832e-02,2.831943663367546271e-02,4.617069587931563190e-02
1.086585464524204327e-02,2.810098065082049235e-02,2.296546960957882022e-02,2.409803602764584718e-02
2.571299237447381703e-02,3.183874178202822369e-02,2.645077678147660094e-02,2.660240514554107483e-02
4.403375027800054964e-02,4.955825767024068379e-02,3.411241297573427977e-02,2.300873652539982273e-02
3.689183026581102642e-02,3.449600762966024275e-02,3.820116685847523008e-02,3.031045138300030028e-02
4.691555235315152811e-02,4.399676750840247202e-02,4.118855061301367887e-02,3.612896920142036339e-02
4.114767098290841169e-02,4.239529755138327777e-02,2.203969716986255156e-02,3.965948941013817952e-02
3.604015740142722107e-02,3.418394317522986670e-02,4.408805141777139003e-02,3.493375867070268315e-02
4.699393526138390120e-02,2.741461957786182901e-02,1.922484278496444307e-02,2.237113670355380876e-02
2.427007029432640822e-02,4.747053166952150405e-02,4.073721801118340008e-02,3.537317390409772111e-02
1.680958930562854656e-02,2.289111893503531503e-02,2.503241291761530360e-02,2.548913888055671928e-02
4.641622831215656830e-02,4.903057343500072385e-02,1.694323829567256218e-02,3.969321036245683498e-02
2.791438853343045784e-02,1.076840299814649758e-02,1.902829943152243089e-02,2.498460636070714419e-02
2.222222632618617993e-02,3.596361539343000818e-02,4.290233989219029154e-02,2.287046139514634091e-02
2.358837624337192101e-02,3.502406808276901234e-02,3.817997709964596892e-02,4.041509897742898150e-02
1.228492468806548048e-02,4.939823900536549628e-02,3.543058102109410828e-02,2.958735816860239010e-02
1.867294424931368463e-02,3.192970728876910053e-02,1.211032380396909365e-02,4.647922260122015065e-02
3.022190421228693191e-02,1.585539721452082149e-02,1.331832997579238988e-02,1.955295636922540353e-02
3.324263592546564811e-02,1.669353807587786731e-02,3.412220201986579382e-02,1.082584645701731643e-02
2.383751965796190170e-02,2.046467313479801570e-02,4.162029862991199064e-02,2.703509670666431192e-02
1.764046486046069381e-02,3.998287140361285463e-02,1.302042849771739216e-02,1.000002543170706859e-02
2.888873959329076729e-02,4.017233678771281458e-02,2.624728879772213891e-02,2.977836549277107503e-02
3.549719751958595876e-02,1.328174108589071437e-02,4.822006930589910201e-02,4.833072868221990892e-02
4.936773182827704221e-02,4.401652537185058583e-02,2.134966666290212534e-02,3.061659672862721004e-02
3.190905433934201896e-02,4.214231206542194685e-02,2.778763845612373939e-02,3.160198057270647426e-02
1.040079965160404206e-02,3.778536454693661589e-02,3.949719044660712081e-02,1.808473197202095997e-02
2.837628448034791584e-02,4.720294155444559187e-02,3.676204843002635336e-02,3.859103984039124330e-02
4.268769058009379280e-02,4.572299956589794684e-02,2.037715268707162436e-02,2.036513261439423794e-02
2.747310660098144230e-02,3.862190182858476345e-02,1.785442933441588192e-02,2.186814574924431098e-02
4.282638733449715962e-02,3.922255976438227681e-02,2.531627884139044105e-02,2.350217487834464769e-02
4.790712997251399957e-02,4.663699219161781401e-02,2.147760056656784766e-02,4.344598091717540717e-02
2.540934367296745350e-02,1.789269077043947193e-02,3.200345712889301336e-02,4.605204492625213086e-02
3.448145074958440526e-02,2.017636427002195837e-02,2.488416526839663107e-02,2.134289879485985753e-02
4.069002252628952515e-02,4.113327639063585339e-02,2.612399459614463820e-02,3.806350558915490290e-02
2.312141083120348994e-02,4.843125346939298331e-02,2.096881851831680285e-02,4.527022828505858354e-02
3.719644285278453366e-02,2.492693934812593645e-02,4.487516024928755315e-02,3.451548506279419892e-02
2.190103443850679316e-02,1.558164194456704982e-02,3.463071215511831502e-02,1.797547856015233037e-02
2.539237965906371297e-02,1.555801633147563950e-02,3.768770237000217821e-02,2.542681929004130675e-02
4.305420789315249352e-02,2.858489992970164595e-02,1.500439166432168507e-02,1.073248921724991901e-02
4.016007228627147679e-02,2.753841244673912309e-02,4.772937640622137295e-02,1.776502526366705720e-02
2.500001971117016969e-02,1.995271382744190358e-02,2.326168188601541315e-02,3.853004448191798409e-02
3.652679014894367332e-02,3.050697918091543198e-02,2.187276504812846883e-02,1.954501134075356528e-02
3.545553339917676544e-02,2.854259528120001166e-02,3.491480971738422645e-02,1.387169494663597485e-02
3.537359106993472058e-02,2.417926266367666915e-02,4.842441862497689348e-02,3.289266556308957645e-02
4.497907741885141114e-02,4.133463560895113409e-02,3.024789082410066915e-02,4.225568610850517770e-02
1.782782039431531421e-02,2.607350553448123387e-02,1.306503863989195643e-02,1.745987830030744023e-02
4.145250909529949596e-02,2.166588561668437302e-02,4.748856552788378871e-02,4.280956328780935460e-02
4.216865573619560381e-02,3.782237905443613935e-02,3.574696204550011774e-02,1.586037839252101012e-02
4.903166110510011333e-02,3.500604110340550801e-02,1.836646093025251850e-02,3.362012968962936610e-02
3.202753951095554941e-02,3.025614851772306935e-02,2.507345114522391283e-02,1.338442778656634240e-02
2.399455663383892601e-02,2.888976915871856871e-02,4.113033579616243857e-02,2.400228307152317206e-02
3.447404847380038106e-02,1.014098688506234747e-02,4.151395881161702717e-02,3.407694132403654014e-02
3.610907846304923369e-02,4.612052512818915623e-02,2.561642305561664251e-02,1.086081989252950936e-02
3.062293871381902705e-02,4.163124194052428978e-02,2.185277109371011953e-02,4.930471061973609737e-02
3.012646189934590352e-02,4.442883129707937001e-02,3.960884824335552529e-02,3.966308084282438307e-02
3.341636738793457573e-02,3.536664430531724634e-02,2.091738855858032986e-02,4.198845805023435768e-02
1.596008258803913518e-02,4.283985135856653581e-02,4.156390364385512126e-02,4.841801446770401668e-02
4.838381468428842869e-02,4.123325308505284420e-02,2.987432065700311445e-02,2.962710353084326009e-02
3.766015664531841695e-02,1.302717772248746832e-02,4.346821880302996488e-02,3.469938853337189988e-02
3.006997008457508447e-02,3.180605216378527833e-02,2.858806483070357868e-02,3.108954154517459822e-02
3.835662481749079616e-02,3.693143199411107191e-02,4.970142060514506910e-02,3.112938611325345717e-02
2.603907082812820933e-02,1.318485499794277462e-02,3.613172269114310609e-02,2.405088329904132849e-02
1.885121098852851618e-02,3.838880649619011431e-02,1.142118611811181010e-02,2.754409659715094383e-02
3.091075633468647055e-02,2.144886857884477360e-02,3.899920454640046913e-02,2.352895655937014760e-02
4.617161661429531466e-02,3.909476916897354493e-02,3.997717497452889235e-02,1.993709033157656935e-02
1.733222278061147953e-02,2.325994376054225932e-02,2.631877428821897263e-02,2.309945221984499933e-02
3.124962636941455013e-02,1.408365903174884151e-02,2.518122040933911190e-02,2.287884861597363345e-02
4.230612193216067018e-02,1.158695925679502532e-02,2.698744561919021873e-02,3.439976943995554093e-02
1.400874457431100853e-02,1.339858220102984124e-02,2.038485952172679541e-02,3.271220297268188221e-02
1.844929518113145456e-02,1.028880989024626678e-02,3.115665180963166081e-02,1.339592548501206473e-02
1.456826884831965117e-02,2.743506014432892798e-02,4.268017946185439365e-02,3.882500229574567530e-02
1.292858604624966094e-02,1.476309006508393779e-02,2.864743131902387080e-02,1.971194850331587506e-02
1.854289439976471859e-02,1.440404437386945576e-02,1.547373254373621276e-02,3.705777688122151997e-02
2.432985356397578125e-02,2.476484331726919522e-02,4.408690199333241411e-02,4.620475908843391100e-02
4.914787923584162943e-02,1.961345647954340632e-02,3.953637704856577395e-02,1.150248040656582510e-02
4.886662157998478140e-02,1.470624667294611471e-02,2.201507137162565450e-02,2.923466442885010175e-02
3.764597718558983230e-02,3.023049554568179448e-02,4.631307336500935234e-02,2.342788523613616863e-02
1.594444779573086363e-02,1.014980591488836952e-02,4.428689024576375199e-02,3.048290024232556961e-02
3.510587740690081227e-02,3.199432480544035090e-02,4.740290072250043230e-02,1.427617950025875451e-02
1.665161046219188964e-02,1.705081713577862729e-02,1.231699649770817521e-02,1.674047804508521642e-02
1.729292965069624891e-02,1.265995975542677510e-02,3.711569555473032828e-02,1.689252395459772682e-02
1.460454549355509439e-02,3.943375579638476458e-02,1.253999766264767522e-02,2.807742325235398212e-02
4.290971220337220365e-02,2.019053131785306793e-02,4.432975741107444967e-02,2.802311205237205394e-02
1.489619978123596367e-02,4.188912350904392540e-02,3.300349118627345785e-02,4.914524386974886139e-02
3.241550369720105212e-02,4.871145160527540902e-02,4.134328590427289313e-02,4.680970433523468088e-02
3.166920174224154699e-02,2.839001085578224393e-02,3.889266934168474771e-02,2.234957212280621816e-02
2.078445640005336520e-02,4.294694767859258411e-02,2.347937243474688962e-02,2.478197490482025866e-02
4.870654981770074915e-02,3.996269923988825246e-02,3.008753680315005841e-02,1.537812186005833512e-02
3.605421706399714044e-02,1.256093132639922449e-02,4.177217403689251207e-02,2.663196435328561706e-02
3.923112339019524386e-02,1.019536818684966921e-02,2.436221682785830178e-02,4.565074323044739091e-02
1.809691665440796293e-02,1.099237768078675098e-02,2.234587185918484112e-02,2.738676440672911661e-02
3.936264689701361730e-02,1.727697030628506936e-02,2.340084035218437108e-02,3.754108059482729604e-02
2.145175057728227613e-02,1.280695812159362776e-02,4.162640763987511539e-02,1.016078035094579619e-02
1.824608699790002120e-02,4.420408325983014863e-02,1.283271260572171543e-02,2.600792215711343613e-02
1.863925852331840827e-02,2.221991126262593680e-02,3.357015172851054996e-02,3.866607463008070456e-02
1.759586626948737159e-02,4.527488038329589848e-02,4.152586837205388126e-02,1.006396612079671349e-02
4.078278456788362455e-02,1.098384645745680704e-02,3.652775929034569186e-02,1.899244325357080793e-02
2.408929080021019256e-02,2.878515240618249871e-02,4.546562285094257749e-02,1.768151314642141259e-02
1.762130008649422444e-02,4.247241023676048138e-02,4.971170116369537373e-02,1.553517897605043857e-02
1.096295321995693905e-02,4.165542013860092790e-02,1.300297570203443401e-02,2.048716946928601929e-02
1.958743176171224426e-02,4.340230152239226563e-02,4.662683659938639258e-02,3.775236708626607957e-02
1.453974157780496372e-02,2.089508885104356811e-02,3.472479928133288818e-02,2.408409748137704809e-02
2.142858047841009889e-02,4.453990993793904840e-02,1.356722867974361792e-02,2.634653096886482165e-02
2.380779427138470655e-02,1.618389357399609152e-02,1.037982823808825464e-02,2.830284411792209631e-02
3.807073138048476524e-02,1.639406219778771073e-02,2.750601501176676289e-02,4.091778986053231509e-02
1.193913827904510838e-02,4.607507285158424226e-02,1.247857618100116188e-02,2.372380861876306757e-02
1.229240226629529573e-02,3.965829833866936494e-02,2.754819806567533613e-02,3.167678222198495874e-02
1.605564620350256877e-02,1.398174439980977811e-02,3.299414346582787289e-02,1.495246360527056548e-02
4.062221673071259032e-02,3.888763441118065628e-02,4.149667600727837552e-02,1.428028491796953965e-02
3.526614191875156873e-02,2.527235153481652979e-02,4.811974634811624907e-02,4.605912761193600713e-02
1.774853958420403999e-02,2.579074045176190516e-02,3.295191358762199207e-02,2.077837329322905144e-02
3.532941113865370464e-02,2.867231446436921405e-02,3.319536444245920620e-02,2.970378919657970518e-02
2.161239691777858477e-02,1.169761883082169607e-02,2.249501359717944599e-02,3.416231539111722060e-02
4.669190388295572230e-02,1.811399180578443513e-02,4.868152545899447070e-02,1.464501501646990264e-02
1.420750755959094939e-02,2.680070113425136319e-02,3.354268313595729079e-02,2.340721145567904032e-02
3.107668434633694549e-02,3.491651212806968357e-02,3.214197960338140841e-02,2.947059827265926385e-02
1.686737770770808248e-02,3.017758411794262824e-02,4.695052514221086104e-02,4.677381103463795070e-02
1.381350001663984167e-02,1.072211988598385790e-02,3.760445880688517706e-02,1.238099761951989321e-02
3.017677199249375192e-02,2.810869191289751962e-02,3.221659106433463760e-02,2.049380332340299676e-02
3.277219353775870370e-02,3.108503542781472506e-02,3.848801020373493476e-02,2.565581764321460401e-02
4.134225001981189224e-02,3.680135071662840596e-02,4.188870166880366563e-02,2.974294803138497617e-02
4.235676337447811385e-02,3.954172043733535091e-02,4.648486061794054880e-02,3.950523984227410912e-02
3.006735829466750110e-02,3.381370409048947701e-02,2.384922024231952986e-02,4.222419060894021248e-02
2.389772667494758501e-02,2.597508717816859880e-02,4.873824100437722934e-02,4.057048326060234966e-02
2.294094434640992636e-02,2.377151343581656792e-02,2.152740046441673979e-02,4.834546740764859157e-02
1.343179141647995144e-02,1.642827109078005485e-02,2.547826237360889187e-02,1.230412046532059628e-02
1.547031528296946915e-02,1.407839417249405305e-02,1.502479004269482825e-02,4.197537220940317226e-02
1.063502723897780805e-02,4.745179731160958231e-02,4.535511960643821838e-02,4.349655575213814268e-02
2.185946541432061407e-02,2.220490039371864413e-02,3.308114733332501861e-02,4.435702931592708231e-02
2.177584196523559001e-02,1.097277313439716170e-02,2.396496042628223216e-02,1.394540285372061761e-02
1.987792525163322582e-02,1.683926188217411274e-02,4.955844406135736374e-02,4.586971808436469955e-02
2.779379133474965680e-02,3.102936419076509494e-02,4.942143286611452163e-02,3.901650025830197266e-02
3.917797735843438212e-02,3.212908077959699543e-02,2.394572227861010288e-02,1.973834261664603185e-02
1.982079216010822903e-02,2.506252115021025129e-02,1.016244365199900704e-02,2.592063353837154721e-02
4.216014124279785641e-02,2.389038739883462409e-02,3.089272770526088618e-02,2.583762539484475707e-02
2.792594373287301396e-02,3.777601497915626660e-02,1.012149499843462488e-02,2.208895594353515665e-02
3.663538193366373819e-02,3.276048183337824937e-02,1.753949728680781819e-02,2.084731576703700504e-02
4.910207296051133374e-02,3.051668807559500263e-02,3.759730035981160429e-02,2.963362273081777271e-02
1.621995153085243127e-02,2.490540394452032263e-02,3.894618169121305540e-02,2.035114600269591692e-02
2.790053186775062755e-02,3.147422307605936970e-02,2.169099986196700025e-02,1.951365783176155916e-02
1.773930117693589548e-02,3.556499290584696354e-02,4.429219641584357381e-02,4.187277496025226114e-02
3.414532894147918191e-02,4.935374960858413679e-02,4.457411287842340253e-02,3.265326010759106445e-02
4.283076793012691869e-02,2.498010220575801188e-02,3.295385806923938760e-02,1.590754060923755403e-02
3.938636493902219343e-02,3.730076110221492575e-02,4.127092428684204367e-02,3.654596225015879080e-02
4.352545751071404401e-02,3.126917059335831278e-02,1.400669152061764441e-02,1.217321487314896103e-02
1.604115380487365281e-02,3.309966500068334261e-02,2.189691995502679803e-02,1.979015156936368008e-02
1.569868183098462044e-02,4.085158633185190236e-02,1.064201410535352797e-02,3.712487762484898562e-02
3.714002696933204478e-02,4.270051567616160032e-02,1.622500200189169739e-02,3.688813757638211011e-02
4.168265927408750654e-02,3.159257614661510616e-02,2.794850948212287273e-02,1.348799234985452108e-02
2.184932729354880157e-02,2.532456028049768354e-02,3.845717088662494593e-02,3.109137293047178896e-02
2.077766988761952163e-02,2.006109192931154403e-02,1.379435604056885104e-02,1.589382537598996864e-02
1.229016199214943636e-02,4.559018324851141224e-02,3.604131557774881839e-02,4.807107443831570848e-02
1.556111740892296771e-02,2.391564986571188128e-02,4.145819226646055983e-02,4.852656289929658390e-02
3.988063811079537585e-02,4.830455399694200125e-02,3.382972861815972815e-02,4.831848568223388873e-02
2.417493208715114708e-02,4.637568414568337544e-02,1.604848469387682233e-02,3.083171903360550775e-02
1.824013390865284606e-02,2.453529992245872052e-02,4.528251437133827551e-02,4.066884548405507588e-02
3.430450747091615127e-02,1.114719760996193097e-02,2.414254521111736107e-02,1.785564100277120189e-02
4.006895326922395306e-02,4.139789995169346898e-02,1.891267744744406024e-02,4.414179767611742244e-02
2.676832463996181577e-02,1.645602581249417523e-02,2.234894804575848423e-02,1.042638046711243452e-02
1.301484016396949571e-02,1.060132280504161653e-02,4.432446925010712080e-02,2.659779940383498464e-02
2.659174041662449445e-02,2.372270564453464112e-02,2.938875205451325912e-02,3.746141458520917816e-02
2.844557048725139536e-02,4.408706380677408082e-02,2.716028017142963630e-02,2.005003719475437901e-02
2.987761832489650715e-02,4.441300609621869067e-02,2.247941253912973808e-02,1.700601877412138974e-02
1.543168084853076098e-02,3.157583344170057649e-02,4.301026335863137456e-02,1.653174331034098360e-02
2.161588317784091107e-02,3.385042848796152720e-02,3.708155731665313537e-02,4.296666321707046793e-02
2.690861930538488572e-02,1.108010149026759060e-02,3.401029385702998564e-02,1.297643839483328052e-02
4.301037103855228499e-02,1.476427137562888112e-02,2.801873976612842543e-02,1.450076189634471463e-02
1.839576969478763646e-02,2.733936555983388500e-02,2.206138953003222714e-02,4.174918271911241124e-02
3.079870773530075934e-02,2.625758640402497263e-02,3.452777387181363983e-02,3.371496441955326023e-02
3.142958051455283647e-02,3.994201005498956153e-02,1.945271195071116357e-02,2.982628702888392297e-02
2.225323528926774139e-02,2.169202789045955593e-02,1.945678350487789476e-02,3.605799098120653079e-02
1.609661867306712291e-02,3.445102194228783637e-02,3.521288399960745968e-02,4.805147338294370185e-02
2.858598005011263321e-02,1.246601717435891210e-02,2.674613925358237249e-02,2.122582696334883792e-02
1.018301022172367516e-02,4.777933806815974627e-02,3.668785385625299156e-02,2.932866198386450962e-02
2.795668822812078652e-02,2.932062520762877128e-02,3.294758720893967846e-02,4.701898631552132307e-02
4.527159219880219632e-02,1.118986654904850254e-02,1.683389108174498244e-02,4.806289978908916127e-02
4.289985455025423222e-02,1.428778689927603582e-02,2.089106058193664767e-02,2.770042699389958091e-02
2.710678319750419590e-02,2.198058104823364181e-02,1.127200942146810991e-02,1.863476300798855290e-02
2.945111566565641187e-02,1.658470530511490376e-02,1.592904057591340572e-02,2.300356030101441060e-02
2.657588720569581398e-02,3.645388472661795221e-02,3.661749654339319787e-02,2.092649589184110773e-02
3.189934069899942604e-02,2.815882066877622991e-02,3.830045352881515652e-02,4.997756464093681961e-02
4.111238892274181322e-02,1.017581961552488021e-02,4.747291590178707305e-02,1.454561686990278255e-02
4.363200285026453545e-02,2.388223196558521971e-02,3.025671557735690881e-02,1.782419749105901979e-02
1.362709481999592985e-02,4.437830428826178286e-02,1.132595851649296700e-02,3.160634495233297786e-02
4.325271952303942624e-02,1.003740279924264338e-02,3.426717748207567388e-02,2.999800140062742343e-02
1.599409370245826953e-02,3.829288824160907018e-02,4.276131339449886631e-02,1.336122866450497639e-02
1.656734964357931689e-02,3.470401758433645095e-02,4.297353629642995665e-02,4.149773013673986599e-02
2.254046368680065818e-02,3.544579431063200892e-02,3.265043879167083690e-02,3.734736970806239176e-02
3.124527052082479162e-02,2.754845888325190006e-02,3.975990896752229498e-02,4.318439017219160431e-02
1.712798779554335071e-02,3.326811882468062170e-02,1.963505381254973536e-02,3.228182891555354816e-02
3.310229782108367602e-02,1.717036122278163199e-02,1.124646695225354001e-02,2.196516855837322285e-02
4.711402729425614305e-02,4.782547222485820926e-02,4.222342380385638722e-02,4.251415351793772640e-02
4.107610723298525668e-02,3.014082474145478308e-02,4.844184236313567316e-02,1.822607907217288492e-02
4.446546202057220787e-02,1.219648166436630710e-02,2.750224091684771999e-02,3.063273412704469595e-02
2.073407764520753677e-02,4.104471216732286099e-02,4.329581918976312810e-02,2.843602771167599158e-02
3.582640625611249047e-02,4.452851010801946174e-02,1.562339412220965437e-02,2.834120400301139153e-02
4.793344065709483764e-02,2.671199069683259653e-02,1.939143525812406926e-02,3.520799922672187415e-02
2.032846119062117068e-02,1.304174626637724654e-02,3.483696665507163975e-02,3.710406968442362535e-02
2.657870102969491638e-02,2.986229315779587862e-02,1.777900707081142562e-02,2.547689589877331559e-02
2.808771149187630489e-02,3.918303000990803336e-02,1.063479312918988104e-02,1.254696994162585524e-02
3.314992187943429508e-02,2.938849978319598572e-02,4.068590467469856281e-02,2.769262343854476949e-02
1.454366641972745094e-02,1.107811355355155583e-02,4.014659686723243831e-02,2.317103887977449775e-02
4.195273418501802021e-02,2.878683552536421414e-02,4.300028836745982408e-02,4.429717470652397987e-02
1.538733535937573255e-02,2.453903849702140233e-02,2.076418066590093175e-02,3.339910399334976993e-02
3.461740347952343283e-02,2.419456997434140527e-02,4.022353032445043913e-02,2.906291810253234381e-02
1.427023059687392709e-02,2.440196576476959950e-02,1.450737515808577828e-02,2.457836670693450132e-02
1.420262280574169193e-02,4.716823005605627617e-02,2.632961422990257039e-02,3.434827191935435620e-02
4.837251135313453548e-02,2.431065120891756984e-02,1.119634723980441129e-02,2.065860806021382889e-02
1.804253193693013471e-02,2.765257650615671886e-02,4.529810384894095154e-02,4.702487484965123254e-02
4.792428188633462288e-02,3.123080036850397340e-02,4.276368903753768880e-02,1.696315760227676966e-02
3.476351975518238158e-02,2.647482151268897022e-02,3.183728902002838645e-02,1.917820022676377731e-02
3.306586353860158090e-02,2.269125446412389654e-02,1.951464780657892473e-02,4.112736154741957612e-02
2.473985902636411521e-02,1.949718125299649066e-02,1.504625110587116781e-02,1.204055124810026259e-02
1.222352216135342597e-02,2.088166535001516333e-02,1.351653447419926164e-02,2.275884394199782085e-02
4.488680672591671000e-02,2.153132077961945889e-02,1.350669282785333172e-02,4.252174329493531996e-02
2.229333630556581264e-02,4.471686287975216306e-02,2.378037446907461938e-02,2.426040253840056407e-02
2.982013134544404115e-02,4.192475729637117760e-02,2.519049873781599447e-02,3.582110862750452485e-02
1.590858078376490917e-02,1.071452954203338734e-02,3.988098961748004490e-02,4.570578708669519735e-02
2.812102323653207364e-02,2.713940354759585699e-02,2.552836174650266812e-02,4.299953246882494418e-02
2.949381790356017663e-02,4.795781760506387381e-02,1.362196677022683815e-02,3.971259413526048027e-02
2.405201787728956236e-02,2.213979284476267489e-02,3.804200481153412888e-02,3.222029364637960663e-02
4.112239019954565256e-02,1.644702649415315937e-02,3.298911685432942553e-02,2.092244944874728507e-02
2.610308573699717666e-02,1.725782890441828615e-02,3.387782877605012566e-02,1.765934925480669090e-02
4.935046547048160120e-02,1.630004925074404407e-02,3.311940406698080097e-02,4.537662301871658171e-02
3.661591757029679373e-02,3.529561906587433406e-02,4.828657178142930356e-02,2.118923039058173696e-02
4.961621762026197785e-02,1.386787287207712563e-02,3.396487746778508593e-02,3.495064315259219928e-02
2.447265786300249421e-02,1.132669208105539088e-02,3.909687754209063837e-02,3.912488559766466589e-02
3.973259272217111171e-02,4.203958686283244817e-02,2.495414001587020758e-02,2.158671032700704845e-02
3.099760553413770381e-02,4.069870225607628150e-02,1.494825222993624581e-02,1.914255236991932452e-02
4.744619148566905920e-02,4.023157369033976416e-02,1.818493541421345450e-02,2.017425948262371177e-02
4.743441938280431452e-02,4.287809866951267784e-02,3.309150554847056780e-02,1.763745759634193638e-02
4.659572108909285776e-02,3.913029731499753638e-02,1.256508582827069349e-02,4.803632198551258115e-02
2.377835532106294114e-02,4.767199425523384326e-02,4.575099851081478042e-02,2.291183462168885909e-02
2.930102994948158984e-02,1.168366461288847941e-02,3.547381302076205861e-02,1.870713592593340607e-02
2.645250688763780417e-02,2.786496059245778534e-02,4.179613960018898483e-02,2.237761566944551986e-02
4.022378330723706125e-02,3.645164995568656724e-02,4.186492748302555328e-02,4.781663117803756219e-02
2.072888116496284308e-02,3.041879456844220897e-02,1.081258205723167713e-02,2.022032221435839106e-02
2.002219312724900363e-02,1.065313548902065838e-02,4.742932973540672781e-02,2.566385871067624475e-02
3.950481132368734161e-02,1.190131004879795354e-02,1.789990048265259481e-02,2.519947407034756406e-02
2.617416861311833848e-02,3.091630213334278093e-02,3.036613585652802455e-02,4.410481093413869125e-02
2.772761859636734688e-02,2.067927107110490229e-02,1.619142377096201291e-02,3.435430641488727843e-02
4.867567666703372792e-02,3.743770087274125163e-02,2.229147142216526128e-02,3.431574292239308877e-02
4.862943208416379420e-02,3.264147717476473948e-02,1.686499118979797526e-02,2.575220167942867538e-02
3.788854159145064321e-02,3.936980378438671019e-02,4.445283624427059932e-02,2.241793171269326757e-02
1.994046836953951643e-02,4.001075658155379966e-02,2.577704867925842414e-02,3.793639420225761172e-02
4.484872619724819542e-02,4.575593559865986232e-02,2.499755432596338992e-02,4.819041856592412576e-02
1.222407941676225546e-02,2.298594994297619570e-02,2.468407045916527764e-02,4.919736386964704972e-02
3.018167155660896744e-02,4.161751357949223379e-02,4.237028657695851575e-02,4.796075757428863717e-02
1.195245124054514392e-02,2.592195842831907654e-02,3.207519398194831617e-02,3.607558788811394967e-02
4.696512364706036807e-02,4.598726496949292336e-02,2.566843193820332603e-02,4.604097866116758225e-02
3.654918458506112300e-02,3.262331111380668142e-02,1.230829362669472009e-02,1.828778210793260278e-02
1.048256220791579998e-02,3.407671561275254363e-02,3.651310967740445390e-02,3.449343923927886829e-02
2.060496170268179272e-02,4.057283683060382284e-02,1.251023149380578459e-02,1.064377060199519706e-02
3.781554068415576147e-02,4.669133569396863997e-02,2.314864150918092417e-02,4.387494220562313668e-02
2.076924605607975011e-02,2.636849242004429134e-02,3.228249148471805385e-02,4.392394793229534300e-02
4.973049139294329068e-02,1.962065537963024811e-02,1.144710179433337804e-02,1.028253007051206647e-02
4.050812711798474491e-02,4.023757520065301962e-02,4.872487154435332923e-02,3.075537017956329888e-02
2.194142013953117448e-02,3.785504877114644062e-02,1.446332664974897195e-02,3.499514831965334222e-02
1.805817186859324380e-02,4.111357763754847072e-02,2.695678968679943860e-02,1.551892658846075815e-02
1.763150402256245114e-02,2.161783834750423058e-02,4.461348630373201257e-02,3.587327064917575359e-02
2.839876113270343311e-02,2.149724888647137899e-02,3.430102972736434608e-02,4.505240709501209112e-02
4.418968879332842853e-02,2.009394477528363490e-02,4.147056901100411308e-02,2.290962626838043137e-02
3.765218906174223890e-02,2.849499081316904381e-02,4.929310856569392441e-02,1.169398588625134364e-02
4.674753391107837330e-02,1.934697162225359340e-02,3.521670747166874560e-02,2.388165024484673743e-02
2.222402063010173873e-02,3.382590872586824920e-02,4.974421329712621492e-02,1.333366103914245850e-02
2.627930919470098520e-02,1.140633312284783027e-02,1.141239117345310694e-02,3.588328437589989595e-02
3.579692664774361544e-02,3.542843184352652969e-02,1.523002874382796239e-02,1.938359496318522654e-02
4.935597263421341585e-02,4.919709245710033457e-02,3.850790357438769324e-02,4.276714931855244567e-02
1.023891835410001283e-02,4.051288147788214417e-02,1.799638117438487339e-02,4.271347903951633329e-02
3.737757386736571819e-02,2.633713355627052832e-02,3.105992159767924365e-02,4.496939104778425317e-02
1.044036367819442361e-02,1.965775302013662157e-02,3.028299125477861703e-02,3.056594684279515667e-02
2.547449926684144592e-02,1.834034789503913992e-02,2.515648794145771555e-02,2.233868313251070881e-02
1.589438405920892347e-02,4.795543648822477023e-02,4.214944522746875977e-02,4.902092607903073967e-02
2.317199158154446825e-02,1.454456309455482224e-02,2.897833739176019358e-02,2.361751827586049471e-02
4.147151910371181527e-02,4.122132031550945069e-02,3.335535969474166806e-02,4.299796365425153505e-02
1.778088036755170673e-02,1.608382864067832083e-02,3.482946294220931605e-02,1.056290220801531232e-02
2.248379753756785462e-02,3.212091232256514967e-02,3.256111423285154571e-02,2.611127695793639958e-02
2.192489759293985568e-02,4.673731542657715704e-02,3.137189688018684336e-02,4.986157448986153901e-02
3.402825546887673636e-02,3.249787212034110917e-02,4.376915175213987735e-02,1.479008710206130769e-02
1.129057308862168631e-02,2.018494055312063107e-02,1.795585578258009074e-02,1.992300410206344560e-02
2.525632183925711344e-02,4.438400495382219951e-02,2.094105025366273243e-02,3.859208050195442330e-02
3.948476010575810435e-02,1.338884054029770496e-02,4.805046093760614867e-02,3.328669406027813527e-02
3.601080713436932701e-02,4.640620664295957987e-02,1.862003606495853808e-02,2.936000130731705043e-02
2.714085524904141788e-02,1.247988045646723602e-02,2.343000804722934760e-02,4.153739697767625666e-02
2.932720463034775571e-02,4.940184151697883663e-02,2.165341565786978520e-02,3.055374606183770825e-02
2.355211997327206000e-02,1.953603299533910112e-02,4.003574473581004295e-02,2.556501936161279659e-02
3.511021387644862324e-02,2.777410517758629321e-02,4.720630819358560826e-02,3.188385024565562609e-02
2.459947072431870746e-02,3.271582110918182934e-02,2.074422702465059110e-02,4.999356761545480782e-02
3.848128171079262527e-02,2.374217408414952546e-02,1.011368758656547295e-02,2.727848123386188151e-02
3.640542686357889357e-02,3.270101063334566321e-02,2.899992008185849068e-02,3.004948817243439235e-02
3.696896948104543695e-02,4.798411700459609408e-02,2.014449074680650306e-02,2.656096050618777377e-02
4.268424294433827842e-02,3.816457939042907505e-02,2.489870398815673125e-02,4.346367562473452129e-02
3.170108944765325648e-02,3.725985348100269157e-02,1.026247796806577760e-02,1.652743258047228644e-02
2.099391351795859909e-02,4.094952655372346290e-02,3.801381534096513054e-02,2.341146190263679316e-02
2.911046889449943331e-02,3.099359946678265781e-02,2.849258468298303953e-02,2.047430025721816080e-02
1.149746677722009690e-02,3.549746406675065302e-02,1.152335691601228014e-02,2.061414336266294278e-02
3.164767029447580066e-02,2.871166209428097776e-02,1.928471363440921460e-02,3.219187698707821899e-02
4.138110098491624284e-02,3.040867990673301602e-02,3.906285510196257083e-02,4.122902599063853896e-02
4.414028387249661900e-02,3.839259818563779680e-02,3.729097998562641569e-02,1.362494065797296636e-02
3.457928985504877401e-02,2.123091284902317924e-02,2.092627869528265738e-02,3.544809701737881846e-02
1.941116990079639476e-02,1.387438825518312949e-02,3.690375350443289570e-02,4.401921271009803793e-02
2.748112426467570757e-02,3.288868714114900893e-02,2.190147010551457898e-02,3.470354414959206379e-02
4.465178917145191245e-02,2.041870781926748840e-02,1.427757214187617973e-02,4.822490312902805165e-02
1.303056121433134387e-02,2.637765270601769713e-02,1.962462482933556226e-02,2.268544159381342962e-02
1.918447014806497555e-02,2.933938289666049998e-02,4.313266866042463760e-02,2.113132147254336707e-02
3.328010576170330193e-02,3.696403633842307301e-02,1.600775610279388250e-02,1.363468378348326251e-02
4.694377780311346365e-02,2.827141735620579410e-02,4.111110012689154353e-02,4.717691239995271818e-02
3.176886472489365287e-02,1.215067565698418027e-02,1.749150121278805065e-02,4.036146827118157476e-02
1.928322578080068905e-02,3.273507595686257765e-02,3.818808764649049559e-02,3.565902141445499024e-02
1.887420227513405407e-02,1.525293194846350300e-02,3.557125313262010646e-02,4.945201086440537130e-02
4.175747587564985347e-02,3.238595675667408497e-02,2.397891011996899219e-02,3.624210335507750680e-02
4.293291594969593505e-02,3.999515861978952119e-02,4.105674075862946609e-02,3.348061875672613680e-02
3.998034991535016208e-02,2.255448823240653600e-02,4.617715289456319344e-02,2.260105890471068857e-02
2.154316557228942025e-02,3.522239006110988030e-02,2.222083519080956387e-02,3.764445141059165334e-02
2.040252357319772419e-02,3.750761208524085871e-02,4.682691162741672852e-02,2.467589159327068793e-02
3.917256932688543275e-02,4.369358598150001327e-02,2.053397550842266800e-02,2.493613455220500957e-02
2.020550910537188827e-02,1.516360282619667876e-02,1.508332152402054940e-02,3.628905414043956390e-02
3.024444096521907571e-02,1.259394911656791516e-02,4.270980730187475677e-02,4.571859937268497875e-02
3.358213748933065734e-02,3.680334947160817521e-02,1.545115826124477537e-02,1.068128141093155174e-02
4.736512613993719423e-02,3.077476427718092017e-02,4.672275759724713734e-02,3.098904142685900837e-02
3.786448766741200983e-02,2.038565604854545438e-02,4.616995226774740085e-02,4.752756736202833066e-02
3.533286258762353277e-02,2.669649177960158049e-02,2.201019421735735115e-02,3.453632009529872954e-02
3.127173565707719316e-02,3.517824826039388925e-02,3.641435177403949675e-02,2.989452249275021539e-02
2.198136664334054274e-02,1.638993058816932968e-02,2.877793078873835952e-02,3.484493597822181654e-02
3.730163821378609801e-02,3.307287577493107922e-02,1.812293373120612422e-02,1.017080362363789910e-02
1.492600084369160446e-02,3.356480464943149833e-02,4.133795366512273139e-02,1.666959682791724698e-02
2.131843905565906916e-02,3.013479782508313859e-02,2.715671101959023920e-02,1.876405388303587635e-02
1.087915019572865266e-02,4.069039541515272890e-02,2.972478191390130753e-02,3.746429567592493570e-02
3.182764570426199063e-02,4.444703033116175622e-02,2.196480923720554174e-02,4.930631281035201263e-02
1.353619538522966501e-02,4.047803790815306807e-02,2.258661257155331753e-02,1.777560465138166082e-02
2.138715912784071999e-02,1.012425542281874223e-02,1.437530235423674189e-02,3.489746834791148528e-02
2.231584419674146127e-02,4.720534288652454558e-02,1.455256674659442979e-02,4.666729936286992397e-02
4.756783537467584172e-02,2.223384392899459272e-02,3.934656899355475773e-02,3.488357238585855502e-02
1.234893292352556848e-02,2.909440580308444296e-02,4.234757593545136062e-02,4.166478606719253158e-02
3.263617322528838266e-02,2.261230660849646718e-02,4.475926634429283624e-02,1.949576483307111086e-02
1.058083799600872954e-02,4.393319831197754766e-02,4.781697534469254302e-02,1.629914155453944524e-02
1.832211446627025897e-02,3.997103313482623654e-02,1.968986905837099427e-02,3.635862273988491739e-02
4.595495012682825064e-02,3.972626239107649587e-02,2.187439232554002841e-02,2.945568858521620259e-02
4.196009810699564968e-02,2.264971331613391259e-02,1.598787334417783867e-02,4.062606872631764621e-02
2.170681269213771414e-02,3.745506314224377603e-02,3.537099263859969783e-02,1.584389048129088845e-02
1.706427266141303384e-02,3.751392429014421132e-02,3.301012004146430812e-02,1.906023726411114685e-02
3.550909806495133186e-02,4.947900686655457708e-02,4.169205206116969459e-02,1.855592188766430270e-02
1.753514649517422946e-02,3.560092785601073201e-02,3.283451831225785156e-02,3.356751183145116613e-02
2.968875827570758436e-02,3.196826164497181683e-02,2.608027243637087156e-02,2.006369482845982849e-02
2.004069102645561831e-02,2.941131816098387086e-02,4.313715182079087829e-02,2.574414995897684327e-02
3.312702239336440951e-02,4.821354057200035598e-02,4.131466387668759899e-02,2.497430824726125723e-02
2.225428844206440299e-02,1.648474460708502717e-02,4.022647605240276675e-02,3.834734289622836884e-02
4.010704271748140315e-02,4.538420232756686795e-02,2.040322737129199662e-02,1.401813644879640677e-02
3.980249620483511386e-02,1.735501407145209965e-02,1.179409458647100173e-02,2.110081005489262279e-02
1.511896723545259197e-02,4.890550179081579879e-02,1.974630663667605035e-02,1.098499628749055081e-02
2.031078479012716001e-02,3.162453594799327639e-02,3.834668505119514376e-02,2.285988564488052738e-02
3.349218276448000936e-02,3.344894696053616473e-02,1.416752097220953105e-02,4.814450224197342615e-02
4.598835225169700669e-02,1.209572507403851305e-02,4.550200306878740553e-02,1.502530393583829255e-02
1.801096064261261537e-02,1.438496457403741664e-02,4.277265506801160994e-02,2.563416783965249968e-02
4.618062172976177687e-02,1.474033281425594574e-02,4.830652341030047814e-02,4.991684262095247293e-02
4.764620433623822926e-02,4.598173489165099243e-02,4.618376434287585486e-02,4.095616171007467748e-02
1.494813982699516076e-02,3.230087545625499185e-02,1.546681819671328131e-02,4.642843201503422945e-02
2.250360948257933147e-02,3.624992326914631274e-02,2.709139468883704771e-02,1.509772489204446420e-02
2.736850136656109739e-02,3.797971799359774192e-02,1.289407790382920103e-02,1.526962416039505041e-02
1.399074494944677408e-02,4.891782964896481539e-02,4.746922634584487682e-02,1.186999222860831739e-02
2.913951633699380511e-02,1.482247342224714444e-02,1.191041642998598091e-02,1.706176065029953864e-02
1.386117301910273422e-02,1.151978032394197944e-02,3.048649262680801220e-02,3.138714890568899962e-02
1.497066461968873767e-02,3.959356656790618406e-02,1.436322447585492920e-02,4.186468724846453132e-02
4.393037119648306177e-02,4.896255155115832730e-02,4.306300798839955701e-02,1.009867546189416147e-02
2.846789375999790594e-02,2.210424225791861666e-02,4.365426506739687740e-02,4.522628237613862678e-02
3.698869535719367940e-02,3.326186208883090412e-02,1.642667356571662907e-02,1.455156842024618938e-02
1.214124465211729662e-02,2.064464722662715315e-02,4.739529083998111209e-02,1.158419821373232565e-02
2.743404909975728778e-02,2.662952420313634272e-02,3.310414745475424858e-02,4.046578918292934729e-02
1.588474801928725297e-02,4.981984743106341457e-02,1.687412636048369469e-02,4.152339606316322179e-02
2.645751735407315952e-02,3.937208593201524387e-02,2.368325087036335375e-02,4.936790265879943684e-02
2.924018550339398115e-02,2.903682353101270930e-02,2.215803303527081464e-02,4.767642617805707000e-02
3.553438562426657066e-02,4.299348279507015508e-02,2.172803527293760972e-02,2.045851047432203570e-02
4.905293920042967659e-02,2.285048211311425242e-02,4.923840289571834034e-02,4.427366897635101606e-02
4.884738639711473651e-02,3.448071074823017002e-02,4.966730849179822049e-02,1.036444164630648604e-02
1.001671848366628495e-02,3.159867378734203258e-02,4.320644404241354847e-02,2.995788022142895773e-02
1.928990926888283011e-02,1.667918064063035610e-02,2.612473011421061198e-02,1.313159421725905961e-02
3.302839826620905528e-02,4.125640977044621460e-02,2.081263665473709334e-02,2.586114446662334670e-02
4.015185301907768511e-02,4.839778834220082038e-02,4.400916824602036509e-02,4.468348748108821183e-02
4.806611252979574311e-02,1.979994750686489557e-02,3.289069507228263578e-02,3.175555338913969156e-02
1.920072108036061792e-02,3.495527147167446641e-02,3.455354757789792786e-02,2.091353893820235496e-02
4.001811247380945846e-02,4.831052639030890272e-02,3.760168228847338839e-02,1.374880146308095699e-02
1.888205731627185316e-02,1.461312659656014215e-02,2.855457617191710373e-02,1.641406705669377214e-02
2.942369994748893214e-02,2.542327985428218667e-02,3.779359871590219633e-02,4.783573405234912979e-02
3.360069680715233043e-02,3.850782542641713324e-02,1.179222948464033263e-02,3.246878673699647028e-02
1.965125593162245568e-02,2.696717802763742844e-02,1.926360207189179233e-02,2.763396837418927166e-02
3.419853676073306842e-02,3.541018979447557030e-02,1.001913682745912693e-02,1.125675599228210047e-02
1.293002015941307516e-02,3.242755453975377372e-02,4.986730680895032353e-02,2.308794266795280783e-02
2.790610941880604379e-02,3.900772014770063217e-02,1.509114980782460397e-02,4.742462056903398726e-02
1.939319505787967177e-02,2.660693440393062381e-02,4.477755409389445190e-02,2.106292363381336366e-02
2.442369869684904438e-02,2.728280573059937986e-02,1.958638362000370697e-02,4.724411017281780062e-02
1.708688594527766821e-02,1.140441999126025514e-02,2.779769147702206705e-02,3.200650026965830286e-02
3.239099481709245554e-02,1.039714384764905790e-02,3.562426093551983308e-02,2.399095826348703053e-02
1.584670387654222093e-02,1.698915471736921895e-02,1.839931362108188084e-02,3.714060285763482600e-02
1.378362482735437031e-02,3.679674066853235587e-02,2.138838029772232099e-02,1.381951039637142886e-02
2.931827019889281932e-02,1.737698000123957809e-02,3.536937920882369385e-02,2.183100525076260567e-02
2.245802420753887502e-02,3.203686984166721069e-02,3.313097309167065824e-02,3.818408437805916739e-02
2.300726325010744172e-02,4.967809334442605668e-02,4.266647182870569183e-02,2.291370549292363196e-02
3.103214507505371728e-02,2.366190520105270617e-02,2.626479796346814499e-02,4.176285657793012140e-02
3.751173070593930708e-02,2.216752489262811820e-02,2.640121651470720560e-02,1.809050382589389924e-02
3.765931762032034835e-02,2.618204887315950247e-02,4.054603425651696208e-02,4.971347466684253313e-02
2.247695468034821564e-02,4.322664402368908004e-02,2.679162005944935726e-02,4.907378023599438810e-02
2.798456365471259366e-02,2.622369135599941087e-02,2.883263219595166155e-02,1.252895226580826894e-02
3.757480546868723070e-02,1.750777380672804626e-02,4.241250011966361116e-02,2.409732757075039658e-02
4.146552099337011410e-02,1.738003764350246755e-02,2.678200165027537494e-02,1.595090021696303484e-02
3.578959906983398415e-02,2.019804215946262999e-02,3.120983182474283690e-02,4.031558881240499687e-02
1.141113407664230001e-02,4.341697699387836451e-02,3.585684861955493880e-02,2.283055471590267338e-02
3.906919214956783293e-02,2.611702661188430169e-02,2.958964200298327962e-02,3.937063405341721667e-02
3.209441807578855554e-02,3.151242330081873572e-02,4.962828584676670651e-02,4.240224670497083626e-02
4.136348860564355301e-02,3.888218332810731981e-02,2.999187763608111845e-02,3.175227505747624246e-02
1.573906145158226674e-02,1.246816493275432550e-02,3.659944098106009819e-02,3.744474605592194166e-02
2.240220933822815313e-02,4.466550385107395660e-02,1.002232940361101089e-02,2.926744357921393092e-02
1.500876784263486738e-02,1.789772938114050915e-02,4.553425467537881161e-02,1.111395316996792101e-02
3.244768402375949878e-02,2.499438074839292756e-02,4.852297100512992928e-02,1.615743203573554929e-02
2.813716667037472613e-02,3.251444824385998217e-02,2.599427093882721723e-02,4.009667085159038247e-02
2.898052585058558811e-02,4.614090478216557878e-02,2.249222274329225335e-02,1.935956631151894078e-02
4.119439997093626155e-02,4.425990202981618798e-02,3.315207189438604263e-02,2.405749172350053061e-02
3.163547323896861996e-02,4.075030229116569092e-02,2.087971621259543387e-02,4.562312735854549828e-02
4.185462055323448116e-02,4.780562341525323306e-02,2.435235544809533775e-02,4.882151143962384227e-02
4.693277537199892768e-02,4.317710178956932904e-02,2.233271956045893361e-02,4.492768629911971651e-02
2.939080014329097795e-02,3.528374772615230914e-02,3.191002817113371831e-02,4.827062387965305040e-02
4.520694040576834355e-02,2.958570588133871415e-02,3.086657094508932220e-02,4.265520933372824591e-02
1.304632388565014553e-02,4.211872250843590182e-02,3.705580170237134791e-02,4.290596072441092007e-02
3.991914887694294339e-02,2.798561627610120922e-02,4.959744603425290943e-02,1.969983732513096164e-02
3.365768568968354607e-02,4.333009794499631528e-02,3.710509067203437983e-02,2.471158825237955436e-02
2.887115191367737449e-02,1.906519236005489032e-02,3.642903229003002091e-02,3.988831446925017454e-02
3.333937820699097582e-02,3.804619308814911199e-02,1.063656085327651171e-02,4.605594327752909195e-02
4.372320339390549371e-02,4.368256306508120496e-02,1.697738884875633555e-02,3.821531906513202931e-02
3.469226360683216187e-02,2.476923498542411839e-02,4.283070497055786741e-02,4.095560012431721797e-02
3.484055514544101562e-02,1.114812683833556368e-02,4.239125074183477254e-02,4.933207273718299979e-02
3.680442210627488803e-02,1.464465775909473341e-02,2.673466386269894579e-02,1.457297012093813210e-02
2.560881402600648921e-02,4.326739616872459643e-02,3.521991490877574710e-02,2.733124104580637176e-02
3.456654526675185385e-02,1.715119284804155278e-02,2.832738524590986545e-02,4.293957576792491182e-02
2.895009782774275731e-02,1.813540604039520082e-02,3.446756624740594105e-02,3.324639527933279104e-02
1.291583256462317669e-02,2.565061631337788722e-02,2.367153211896221715e-02,3.333492930280704952e-02
4.214187613365566465e-02,1.377721213226568847e-02,4.363028599702570287e-02,3.758007818576297732e-02
3.512098296483293774e-02,4.313946723009527001e-02,2.132478022202381751e-02,3.729660712401336453e-02
3.654566405262806711e-02,3.638439286794686867e-02,3.048192382693049735e-02,1.424274279106214729e-02
2.985899200031072453e-02,4.031141812280279041e-02,3.527080488137306763e-02,2.022526272587200913e-02
4.985956407361938347e-02,4.573374261812675201e-02,1.101760199610334577e-02,3.344447949752428484e-02
3.924677743182206774e-02,4.695357157462391046e-02,3.777298774730480924e-02,2.876649118864334914e-02
3.233223318977267863e-02,1.322026691932347460e-02,4.222143626317054199e-02,1.867198842111313789e-02
3.376985484390967324e-02,4.477813984190957136e-02,3.676793275040373538e-02,2.470564248325998746e-02
1.382323564112227648e-02,3.987730268794625887e-02,1.537645320387412244e-02,4.007258903440485964e-02
2.552668418596677063e-02,3.517719743044868397e-02,4.094809507370927859e-02,4.500638626123011632e-02
2.412267284397361100e-02,4.401546530386135636e-02,4.733718300051861089e-02,4.426661076073669376e-02
3.704664437855670345e-02,3.243370114887515060e-02,2.437277490230925839e-02,1.403125897645179226e-02
4.610070150483096263e-02,1.458797867215797309e-02,1.538630816838735052e-02,3.845643257015828043e-02
2.764601983204839630e-02,4.862914616442611665e-02,4.889026273424676439e-02,4.520101333507887953e-02
1.379313679752298266e-02,1.747668473127038380e-02,2.033689534465640825e-02,3.864738647291272866e-02
1.676295889918145293e-02,1.799314603603818785e-02,4.579038623944672176e-02,2.854434286337588500e-02
3.613863340679319969e-02,1.610990007744678154e-02,3.713227720069002535e-02,2.859353780752163510e-02
1.578315077665360874e-02,4.713932508932723586e-02,1.939940081743526945e-02,1.947200985655520716e-02
3.086648983089221310e-02,2.777239321079359030e-02,3.103810753160578251e-02,3.611416567771325720e-02
3.976959307781859770e-02,2.521280354557919878e-02,4.006068008416677900e-02,1.503859848206660910e-02
4.573438938884766963e-02,4.996938491651246872e-02,3.798184831604922013e-02,2.403059184081294403e-02
3.283574565849317617e-02,3.389949503742502313e-02,1.113592556742171689e-02,2.193195570417025286e-02
3.587820388450564668e-02,2.928930839034966233e-02,1.382583131818287264e-02,1.463192617946732638e-02
1.458037415031253684e-02,3.895981496013113665e-02,1.336162901628499752e-02,1.462743162944171553e-02
4.538887558473098105e-02,3.788268896969879812e-02,2.422186468830925948e-02,3.798486925925532304e-02
1.924939703538624744e-02,1.919238144050005451e-02,1.143421549398714390e-02,4.461599111323870381e-02
1.116078825550374624e-02,4.574261886554478046e-02,3.502082875577657711e-02,2.137501330354896548e-02
1.794796078772128989e-02,2.491819288864365045e-02,2.642007185864921753e-02,2.137100532524793123e-02
2.999405003010144344e-02,2.572893513868748649e-02,2.975703201037917245e-02,3.204466902625351804e-02
1.492260305415435244e-02,4.539092587269675377e-02,3.328375494318434880e-02,2.390486900933602027e-02
3.520003650625354308e-02,2.039627261963680716e-02,4.563396818124725723e-02,4.679664106217366892e-02
3.630395043669334271e-02,4.160717799327279254e-02,1.799380901192085963e-02,4.598999596297811965e-02
4.702553625527269160e-02,4.033844049864958314e-02,1.046409908092556414e-02,4.371044344345261651e-02
3.582452624363010457e-02,1.788349493764527370e-02,2.262539858924220854e-02,4.816472483478637795e-02
1.572513694652931393e-02,1.092131327342172470e-02,2.332133623295605529e-02,1.415033481449156499e-02
3.063651364942330396e-02,2.573525247939718180e-02,4.349528869623667249e-02,4.000511787089259391e-02
3.102232019267433388e-02,4.686501259268900654e-02,4.821199889809206496e-02,1.495600912971169552e-02
3.892148364407254507e-02,3.071657013841600642e-02,3.786381904803834408e-02,1.152426256046806471e-02
2.638883473481259262e-02,4.879296150547597632e-02,1.480247939692376502e-02,2.775118763349239404e-02
3.871686888160278533e-02,3.232516258341263521e-02,4.289706594331487571e-02,3.472422239617802692e-02
3.578338152923312560e-02,2.556497267963229320e-02,2.394306620893137116e-02,4.477835160530754810e-02
2.185311410358798528e-02,4.495141497149141713e-02,3.394670697654406100e-02,3.194364550012173537e-02
3.440855615870022643e-02,1.004537009613836775e-02,1.269403343693845804e-02,2.295382083581115618e-02
1.812369798252803921e-02,2.619498748009866512e-02,1.921699761614149154e-02,2.521248234329317300e-02
1.632015504634313011e-02,3.261378478483122761e-02,3.884370690215858263e-02,3.973552556889557719e-02
1.305538784410307032e-02,4.184236398911225785e-02,1.085163678651661183e-02,2.280696501315321659e-02
2.231223132877053345e-02,1.785175710708986063e-02,3.081263467478814050e-02,1.229660661095223831e-02
2.549549145723919302e-02,3.164741048531872353e-02,2.714861314860419345e-02,3.207299363552471028e-02
1.757016662645779700e-02,2.397327710418648006e-02,4.161310399617513395e-02,3.525060348057182380e-02
1.251935324076483037e-02,4.985999804853916140e-02,1.497059124456652859e-02,1.916921021817306198e-02
3.531526164354308744e-02,1.492668202879862335e-02,2.839144225249847636e-02,4.591860965988928817e-02
1.943972640247725731e-02,1.976738300815919502e-02,2.031011626108851498e-02,1.771557987616831017e-02
3.070525098398817210e-02,1.951188942812741300e-02,1.503903718516444617e-02,3.905981602500552957e-02
1.683376758955641359e-02,4.589550357111853857e-02,4.820016438852317564e-02,2.464095500472798794e-02
1.161522197342956982e-02,4.827587846265687932e-02,3.399965738353854378e-02,4.892594432491283174e-02
2.393869464990942136e-02,4.040788607819090911e-02,2.908538303840801226e-02,4.406883620027050863e-02
3.646045601839058292e-02,2.322307731512728707e-02,1.885882288262096668e-02,3.307680841362359986e-02
3.419470511034684163e-02,3.650083120375368501e-02,4.281129967701252648e-02,3.770021121184848056e-02
2.279860908460356814e-02,1.289113824874878536e-02,3.433114369660295734e-02,1.425775751286876940e-02
2.751434259536951477e-02,2.995782027784617968e-02,4.895596012761961602e-02,1.036780182704534828e-02
2.745907487624064947e-02,1.239138880786275904e-02,1.482857722486869215e-02,1.682573661186264127e-02
1.055993264939237251e-02,1.663530758783997310e-02,2.374042898337386936e-02,1.781190540519491869e-02
1.507538061269363822e-02,4.087230105633289645e-02,3.128767103973822961e-02,3.557621862048375438e-02
1.034767746853054553e-02,3.873095371972791467e-02,3.249548660882699974e-02,1.208033536889449068e-02
3.167368471593669244e-02,4.642454421905042872e-02,4.416786205373427615e-02,2.784312792840772793e-02
4.924735125271538505e-02,2.764665779592281186e-02,2.222499295913441669e-02,1.437605871226596381e-02
4.245638828146561239e-02,3.685828401051245012e-02,1.270565560505278538e-02,3.008983006497093632e-02
4.127082524713641259e-02,3.773348526631697258e-02,2.441420117317285796e-02,3.723059649720244363e-02
3.588304954290184867e-02,3.852483272413116666e-02,4.717393742184653599e-02,1.307174956614341743e-02
4.510920803492566439e-02,4.650428589416989722e-02,2.864338706949779573e-02,1.133349609232026448e-02
1.546978955441873083e-02,1.751861140669251637e-02,3.285283025385993261e-02,1.349286200258389967e-02
1.851782314998444770e-02,4.431574004098712966e-02,3.894106168900052234e-02,2.664960357761413101e-02
3.341872323157294572e-02,4.167587807544351902e-02,4.057848506214836726e-02,1.852060407623781768e-02
3.917530218985249002e-02,1.974759776597863337e-02,1.074751399887409302e-02,1.836555213697128874e-02
2.725677790736445033e-02,4.887167353090348526e-02,4.285632417841232777e-02,2.436644726664045219e-02
4.109942079233258605e-02,3.111959304819063299e-02,2.165843268030128582e-02,1.804530114877539101e-02
1.199038552585386490e-02,1.678137509989422946e-02,3.616774417149710985e-02,3.478529728018401462e-02
3.474167372456097441e-02,2.323284862379766669e-02,3.356947214554371894e-02,3.865474155485595226e-02
4.593723596177798352e-02,3.671509525758617082e-02,3.906579998384132613e-02,2.723697734895782346e-02
1.026446378503604630e-02,1.810473491903607721e-02,4.247035433155595119e-02,3.550732811085405283e-02
3.530047614637818465e-02,1.982593526787046478e-02,2.367650911204706443e-02,1.480295616082833929e-02
4.921420768489822434e-02,4.528811750677107922e-02,3.890091430148757273e-02,1.361069582147820395e-02
3.678367452128051412e-02,4.219492176549666240e-02,2.011979159115678470e-02,1.570214800505681518e-02
2.216441599273602514e-02,4.674114503849635671e-02,1.870769000200539489e-02,4.345872867476145707e-02
3.694669434908953026e-02,4.542012747386404981e-02,2.759974857927606495e-02,3.309013525783145032e-02
1.052704367308153650e-02,3.973060293430034223e-02,1.729660307590697929e-02,4.037916434689575729e-02
2.247381879865724408e-02,3.024252894346697584e-02,4.892797622547367942e-02,1.650449599864844963e-02
2.130519011423353398e-02,2.462799881142772526e-02,1.772774115064382899e-02,1.733313807618269350e-02
2.704591832166613335e-02,2.099339953403682457e-02,3.609206852305719970e-02,2.162678188849440075e-02
3.622253251068256047e-02,4.954580710339648308e-02,2.124418105061521428e-02,3.139122996165640000e-02
2.139783548072483887e-02,4.780670604669729623e-02,4.905122229646967369e-02,1.352975012245608878e-02
2.129247278074563460e-02,3.975746061107250651e-02,4.104515248552793871e-02,1.440083155913243068e-02
1.510333232035328439e-02,1.961007468744804111e-02,2.665517772869401697e-02,2.270525915246479620e-02
3.109935573805941433e-02,4.679691999831855215e-02,1.390203789513110889e-02,3.036847272195170727e-02
4.948453947873891062e-02,2.426388206346991039e-02,4.139525350820383309e-02,2.965864804860301324e-02
2.466611447396462736e-02,3.249243315494615425e-02,4.983925540566814388e-02,4.714908601958468087e-02
1.988479099346357470e-02,3.431747220133066906e-02,4.592220364754223683e-02,2.894471298904745943e-02
4.122605301106453679e-02,4.331712017616504151e-02,1.475293119262724960e-02,3.801191906319525277e-02
3.547255381219464876e-02,1.468559210737825985e-02,1.968461049578959510e-02,2.396533222852699485e-02
2.215310723868636061e-02,4.129883890795537499e-02,4.401227914597798108e-02,1.618724530272762363e-02
4.139970329906014768e-02,4.496978754336164452e-02,4.351151600798121299e-02,3.066152292429209780e-02
4.332317274148341640e-02,3.778726293072632442e-02,1.864474628687837199e-02,4.937665444884899862e-02
3.865934325829323975e-02,4.257003500448799937e-02,2.410957793438368163e-02,1.082870417486864710e-02
2.848007277198869730e-02,3.818361250482556896e-02,4.455779823737033435e-02,2.207156278936512131e-02
4.090180745200307916e-02,3.336574369155911185e-02,3.230138787215855456e-02,2.810554606740321010e-02
4.559607036404495634e-02,3.952121271140661418e-02,4.935636172645176123e-02,1.459508526818578331e-02
1.302548268910219686e-02,2.458676150274157965e-02,4.582131049461235506e-02,4.704093121876395250e-02
1.269957608682412142e-02,3.647222232041008594e-02,3.740570345304813221e-02,3.380646431459744666e-02
3.944270096719212915e-02,2.021454528346459945e-02,4.458485774252583800e-02,3.638481355107665849e-02
3.129398359186121720e-02,3.563613912052858435e-02,4.241117822572169904e-02,4.426178819227931382e-02
4.060123820675599210e-02,3.923051312790198225e-02,3.260821718448859985e-02,2.482379287178889532e-02
4.362623865529501044e-02,3.065268858460009488e-02,2.822301947482135087e-02,2.914908939004838551e-02
4.885649565178734610e-02,3.705461805066567055e-02,4.449614689976153642e-02,1.854972754349597935e-02
2.063424748909707326e-02,2.160783689508823796e-02,2.500003403289715459e-02,3.943111967171099297e-02
2.617771684244138419e-02,4.783036331829207399e-02,4.538846385603569067e-02,1.193530120512434171e-02
1.604500369914418911e-02,1.712639177922034572e-02,1.579454779641549164e-02,1.781262679993764891e-02
2.128157044110235568e-02,2.253276019521218559e-02,2.111437975640227671e-02,1.728948425476519932e-02
3.864669413380757146e-02,3.878635099926008162e-02,2.872362769118207149e-02,3.519145383684090661e-02
3.135972141137365748e-02,1.799462914798877211e-02,3.232313971289141330e-02,4.805987732779575666e-02
3.368949227534325658e-02,1.989756995330112244e-02,1.425296687074986690e-02,4.850661958796043116e-02
1.345431502226130185e-02,4.244590387387038588e-02,2.147380866240844455e-02,1.840591199746004214e-02
3.780714362841609139e-02,4.620952241649814440e-02,4.191630461668332391e-02,1.477081169889667492e-02
2.981326252618573397e-02,3.263330795299536347e-02,2.668444500544098902e-02,3.140397822120789828e-02
4.527302895306856839e-02,4.369121670122648460e-02,1.429738784733822557e-02,2.582498994787001817e-02
4.790435472988662652e-02,3.899588691050662193e-02,4.779332447942251372e-02,3.506714069394983868e-02
3.091912716444907006e-02,4.578171435543892248e-02,1.221491428654728449e-02,2.610936389193412033e-02
3.551982829904604122e-02,2.132660346427981551e-02,1.292086837855037362e-02,3.015555644643654054e-02
3.822419546693085757e-02,1.105707384504885094e-02,3.000241160332031004e-02,3.253894106437519446e-02
1.918331595208638482e-02,4.286443773053896095e-02,1.616807588635897283e-02,4.280347784896089414e-02
4.559068233307897455e-02,4.422751053174374392e-02,4.360735775969048350e-02,1.329250924390544542e-02
2.951516724251907614e-02,1.507592317312429590e-02,2.758974820277691059e-02,2.980712564034776468e-02
1.043459240278410069e-02,1.328512251349332762e-02,2.825458945851937187e-02,1.571948828890174649e-02
3.904423937064591815e-02,3.255242424391868034e-02,2.695925665546632100e-02,3.508918280331229517e-02
2.095499342406731760e-02,1.070501272695764672e-02,1.728579596335145380e-02,1.927095238092094848e-02
3.462670578939153893e-02,4.041612716329934241e-02,4.090427105573072458e-02,4.118424451011301612e-02
1.942395067810327725e-02,2.888221816230141653e-02,4.788683786163451528e-02,4.784183446193629452e-02
2.838923704892454269e-02,4.959292622000881223e-02,1.228909260992514310e-02,3.028205497213604797e-02
3.669227466727301851e-02,2.509380538387086940e-02,3.149345970998571054e-02,4.229100313222263624e-02
4.572860149725588297e-02,3.962881134127325955e-02,4.992027022479676723e-02,1.333803278773471220e-02
4.189727128730793421e-02,2.814928910676314788e-02,2.087041365181397518e-02,2.662921656348912064e-02
1.862725345649151806e-02,2.704347036863448406e-02,1.642494644855011648e-02,3.229904385553412915e-02
2.249928204280001592e-02,2.263357336798701297e-02,1.363986087539227794e-02,3.608055360524528576e-02
3.781914502783723098e-02,1.724048264267676045e-02,1.643807616741353034e-02,1.291153392749136257e-02
3.485183366614847539e-02,2.134856165703825914e-02,2.816349883042200408e-02,2.107043666515041880e-02
1.564865170694013097e-02,4.375207491057318820e-02,3.580531073434837369e-02,4.689364537261363902e-02
4.892914195084942242e-02,4.060033686309181405e-02,2.561832184826236952e-02,2.408639198527378136e-02
3.868394352819560372e-02,2.737309786546301971e-02,4.686147588128961733e-02,4.024897103503430329e-02
3.710899340625848503e-02,1.096131353698597856e-02,3.265828726475029226e-02,2.345984193569369478e-02
1.398236879468227854e-02,4.755577950520615410e-02,4.496629767318566229e-02,1.970433647181757397e-02
3.583682825312790865e-02,2.859698414230447960e-02,4.748101757044207588e-02,3.219486851768701974e-02
2.382091592174174002e-02,2.678034599552703288e-02,1.856475203386496325e-02,1.548734795642174589e-02
3.646238016939605531e-02,1.959378453027785932e-02,3.275965533595925211e-02,2.907015506513714598e-02
2.388138042403844391e-02,2.307370703932026812e-02,4.293607709942901668e-02,4.048315870965447233e-02
3.478398365175430079e-02,1.405602477348597348e-02,1.192273352782126719e-02,1.078250039300753839e-02
2.920852504601255395e-02,2.972369171637361668e-02,4.033943006452613694e-02,1.527094920041375745e-02
1.756590839960631145e-02,4.949153627657525145e-02,1.584784949616754174e-02,1.689163873947214373e-02
4.853955884794312892e-02,3.824794308791184400e-02,2.795454900769566570e-02,2.627262009555673961e-02
4.328545552363554511e-02,1.921743459508634677e-02,4.990418342377882233e-02,3.422779132576569266e-02
3.782766734800835362e-02,2.114284671566497853e-02,3.604614459845304625e-02,1.847583379527382302e-02
2.366283873606337546e-02,4.158359090210841935e-02,4.714475388349580187e-02,1.008892810249297639e-02
3.382409717480626410e-02,3.860316462816965749e-02,3.764977485538498203e-02,4.059599298561590575e-02
1.286961988682946631e-02,1.498206598520128441e-02,1.628799203417035518e-02,3.103750155278848372e-02
3.727749917042873923e-02,2.806616184431667826e-02,2.701450284083942166e-02,3.997395778189632987e-02
4.965517411719185675e-02,3.522182509381831944e-02,2.378511409143697214e-02,3.237272685631073510e-02
3.200322068516152363e-02,3.828522404182582717e-02,2.030441816693815890e-02,3.202693572418940926e-02
2.229651336060235745e-02,4.573149160567086674e-02,2.428245883021687423e-02,3.548385197782620570e-02
4.802632696043211691e-02,2.345594240442880341e-02,1.169734938590703648e-02,4.097608088725800818e-02
2.926994900565330071e-02,3.140844877960054238e-02,1.887250635754050138e-02,3.112031614396656293e-02
1.753697125990917247e-02,4.603206471878634048e-02,3.307252998982393444e-02,2.507677876680765999e-02
1.893829894594013796e-02,2.658178653226112714e-02,1.515137934420618220e-02,1.620644301693083267e-02
1.740822079323954899e-02,3.916545874060432114e-02,4.680892375368495700e-02,1.516080147978140537e-02
3.115030779251924675e-02,3.145162128755944059e-02,1.084373027660019174e-02,3.624480234641530574e-02
2.025250974751662686e-02,2.501184034210786333e-02,2.882099430966802295e-02,2.640043099928483100e-02
3.365379119426237936e-02,3.050538821773252779e-02,3.561403188997509101e-02,3.828074140166655426e-02
2.792069029732426738e-02,2.724938416208207842e-02,4.631463671270073801e-02,4.718778194727769881e-02
1.577880192076484486e-02,2.767125986661447823e-02,4.709020021640589193e-02,2.417500904026031322e-02
2.296055576782310773e-02,4.584250603859234274e-02,1.678601713534413203e-02,1.738704196246526612e-02
4.283569086250983704e-02,4.142164425597767013e-02,2.227423981681601883e-02,4.003016574390479143e-02
2.254631291368472054e-02,4.490395766897409963e-02,1.926431299556931320e-02,2.580245808146712505e-02
1.705855238969343837e-02,4.620017842235774747e-02,3.942674231178672217e-02,2.986342160983292832e-02
2.472294970672180014e-02,1.386504126065907921e-02,3.921308287919449131e-02,1.452107764376716834e-02
1.295871380833413591e-02,3.233011202794412037e-02,2.934507236232841015e-02,3.616675276463680172e-02
3.223497624066453543e-02,2.141373037128357221e-02,4.515355922033332386e-02,4.613741096946375603e-02
1.593266022978146595e-02,4.904917018976485965e-02,1.240526142915252678e-02,1.481475663699777581e-02
3.400368910310423709e-02,2.863569136293458994e-02,3.834890934172285881e-02,2.399634953548141630e-02
2.946343746314492029e-02,3.283906343477717427e-02,2.172630604260256462e-02,3.834323832951547911e-02
4.346071647930422471e-02,4.577065764780667567e-02,3.992575803614416968e-02,4.026844498370322351e-02
1.383930723064393659e-02,3.785285402883671602e-02,3.040939725459506499e-02,4.015117883705351942e-02
2.769595724907121526e-02,3.410463916386869548e-02,3.323126460967389811e-02,4.569009677773557682e-02
3.738673524389997394e-02,3.543108348771022847e-02,1.315784859424861536e-02,4.165593118062135142e-02
1.793800268403724502e-02,3.833294545554177812e-02,2.549304404436034469e-02,2.447859092957509891e-02
1.096051580797907654e-02,3.052659394232888623e-02,4.901552986951661361e-02,4.581663770017515430e-02
4.580027136612646599e-02,3.640345122668851158e-02,4.707655665699553293e-02,4.696629433676254711e-02
1.056027461877975630e-02,4.478347865158692487e-02,1.152427824796452976e-02,2.983163823116426888e-02
4.548664027057383596e-02,2.634931515389915546e-02,4.348362231599565281e-02,1.042448442710917737e-02
2.008987361471401001e-02,1.560139054617645793e-02,3.050134084683766428e-02,2.087158174935976190e-02
1.113032506806149735e-02,2.638889011967814058e-02,1.150146693990923737e-02,4.502599900878855033e-02
3.721900412589916607e-02,1.819371134225040987e-02,3.643980457582341598e-02,1.258517707191345383e-02
4.165861826181236488e-02,2.325703520574591565e-02,4.338983259786115265e-02,3.091641660963270755e-02
4.123822554729579537e-02,3.650677550068909261e-02,3.714641671564163083e-02,4.816606376728399530e-02
4.568714351633067910e-02,3.506833179143849233e-02,2.105342182876430296e-02,4.930370772171416976e-02
4.985029837649761209e-02,1.912795211762827879e-02,2.146076762427440859e-02,3.540001865981046852e-02
4.786656562179564950e-02,4.297080817557231980e-02,3.747818985002072945e-02,1.982512908112290390e-02
2.421186382283184099e-02,4.092966768583859022e-02,3.102159142595651425e-02,1.157684343840122317e-02
1.633397764902472238e-02,1.783887836274931915e-02,3.807060661683030894e-02,3.128045486883711257e-02
1.842301352256444508e-02,3.224895529824169799e-02,1.210466846914686444e-02,3.365685995083117499e-02
2.607191818277281026e-02,3.916115890205187217e-02,4.270208687741629261e-02,3.198192078527027638e-02
1.574049039995244897e-02,1.864653881486902365e-02,2.304413952071135419e-02,4.348014337257018191e-02
2.443387426977746552e-02,1.641455444248352685e-02,4.492956609234952797e-02,3.221122228133582732e-02
3.702459655422008639e-02,4.566775036353049044e-02,2.891542105769430437e-02,4.473598138299093169e-02
1.960870334330770681e-02,3.525522719232796615e-02,3.581663516893077853e-02,3.627794962355866681e-02
3.301293307897824186e-02,4.154315910782086646e-02,2.535758030465649904e-02,4.623803410940439951e-02
3.152131038629433363e-02,4.098559193627138858e-02,1.571989851864413062e-02,1.926406775281289813e-02
4.877418264207426107e-02,1.897993275907585570e-02,1.547656960596286574e-02,3.087134059720735013e-02
3.824128140403167120e-02,1.725928764015213085e-02,2.536447114377378409e-02,2.172435744027817472e-02
4.083490148883512499e-02,1.343466266213686269e-02,1.694092847396925020e-02,1.369632286569644718e-02
3.193221025828039961e-02,1.691834979866532751e-02,1.752406196269504918e-02,4.249346528898130526e-02
1.559651387451394325e-02,1.660126739648222841e-02,4.578900321247127841e-02,4.837044216881582898e-02
3.141731774706523622e-02,1.934870726336150246e-02,3.159886427738721471e-02,2.066240772749220606e-02
4.847553027750820670e-02,3.352730739827042283e-02,2.191750007919900795e-02,2.892362108102319168e-02
3.272852177139698449e-02,1.670821904865310570e-02,2.381536782445210082e-02,1.064052614742302082e-02
2.952369027699450893e-02,2.285517981039450475e-02,3.792285859856832364e-02,4.955029693420632403e-02
3.039105814586250121e-02,4.951921000552669122e-02,1.983863850221506686e-02,3.384349769619605236e-02
2.128424583903493206e-02,2.149897768311533064e-02,4.402082080109789158e-02,3.397147678495235357e-02
2.328513822446805909e-02,4.294843174836984745e-02,4.297761909443460066e-02,1.517794701439009394e-02
4.928152154994886597e-02,3.283585152853811528e-02,4.716596286150823159e-02,3.760513259457296670e-02
1.811634864424561606e-02,1.587875227256229510e-02,4.880022128831762451e-02,2.165546956578071058e-02
3.091758882998781044e-02,1.591611153095087022e-02,2.093111793366923129e-02,3.196489842951156374e-02
4.369310244135805876e-02,2.554160843725142988e-02,4.876061513875013659e-02,2.933075620441148029e-02
1.755508962219410121e-02,4.074484407373762940e-02,1.586252276204753661e-02,3.983242888093118522e-02
4.778189845074833769e-02,1.127405127292375499e-02,3.332114565697767705e-02,2.179482131513970147e-02
1.596678910920470290e-02,1.178697404345444358e-02,1.473479011970496057e-02,3.428194540601782470e-02
3.169189234061949717e-02,4.427650075049084644e-02,3.198404106555417792e-02,2.843496560831551556e-02
4.617322969048640036e-02,2.963503742486523623e-02,4.391181236271457511e-02,1.232429355888473889e-02
3.385065253334664653e-02,2.941546356017296637e-02,3.644871673684207253e-02,3.416721541961398323e-02
2.183816572308700660e-02,3.211285051071990915e-02,4.577261794675124146e-02,2.708151589838587309e-02
4.695449230570785532e-02,2.276134053682045411e-02,4.005093098789281464e-02,2.438989330149028689e-02
1.956710935954422692e-02,2.112963725855426106e-02,4.967124556404594465e-02,1.359557720215698318e-02
2.480295912947568654e-02,1.035934935434086948e-02,2.649624874917803213e-02,4.642632140956462483e-02
3.643428042713604820e-02,4.186316675870903337e-02,3.404666976043084492e-02,2.937065693667427480e-02
4.572331035942356348e-02,3.470277118305800657e-02,2.681993223835068413e-02,2.619868815376186211e-02
3.143789399996785305e-02,4.409913716294377312e-02,1.086080200159665089e-02,1.718761465112480721e-02
4.595793637972259843e-02,4.530186690308138364e-02,4.639968197092807223e-02,2.814248802105294434e-02
2.821483607498626034e-02,3.995360560915173220e-02,3.993080253043832656e-02,1.324276766520522328e-02
1.077349131587625013e-02,4.466214590330321033e-02,1.414084383632952316e-02,4.670721642709810273e-02
3.377135145487974305e-02,3.260617457225164356e-02,2.917696851412138886e-02,1.114717810035267299e-02
3.026268295924303131e-02,1.613386116424849609e-02,1.743207854306449978e-02,3.510630525112895528e-02
1.636142660141675156e-02,3.589570424823566169e-02,3.474035700403373117e-02,2.210242101732452086e-02
2.124694635056779274e-02,3.634689335076422140e-02,1.268129561925203028e-02,3.901941226728708467e-02
3.660011777604249561e-02,3.724877904267644840e-02,1.311794006163800874e-02,3.071490548636459511e-02
4.458878989408514987e-02,3.849095273192001260e-02,3.161799215208550146e-02,4.738087905383415316e-02
3.618784946635231897e-02,2.176515487513798475e-02,4.326154630221493852e-02,2.524141116893340378e-02
2.467233244946277076e-02,3.589169973716806877e-02,1.814329400783506671e-02,3.392253327094735260e-02
4.708606615172632182e-02,1.666126681657691816e-02,1.269823624381204684e-02,2.853017999106484404e-02
4.915616432966056493e-02,3.118070178484870503e-02,4.246130682074585744e-02,3.489176409357472308e-02
4.455073072762481129e-02,3.929033173079415908e-02,3.608462133552911566e-02,2.986448002474092339e-02
4.758000909105995768e-02,4.485453372275736289e-02,2.685830759299568521e-02,4.599559575617253454e-02
4.638605387490903065e-02,2.405660041715278197e-02,1.774410824401415759e-02,1.479686766765483941e-02
1.206823987033667570e-02,1.070654947308127998e-02,4.979211184937910178e-02,2.585046686356348711e-02
1.898788236769581930e-02,3.686324488429039425e-02,1.604667553362386020e-02,1.327695311556479144e-02
4.043679213812727963e-02,1.773492177978459872e-02,1.553967410868177350e-02,4.083784452393297848e-02
3.778603997233270090e-02,1.546739436690767674e-02,4.438041635785560518e-02,1.318524178317062936e-02
3.396470057318903835e-02,2.594562379969765631e-02,2.607598696523448500e-02,4.086165473436669665e-02
4.520019384114167676e-02,2.044198329631358516e-02,2.060449591271405062e-02,4.431851437145339911e-02
2.903290693260698885e-02,4.133858760858401260e-02,4.963456456528977240e-02,4.778313182245370189e-02
4.404045675194243753e-02,2.949680288578276910e-02,1.046893650129696388e-02,1.210782620032503122e-02
4.881704708865292758e-02,2.991472955188307498e-02,4.646724928778749042e-02,1.741304770241795113e-02
1.695498028794914513e-02,4.886325074177377825e-02,2.080890847000704466e-02,4.331855977423979681e-02
3.737269829112945668e-02,2.713276865637233998e-02,1.562620473856090805e-02,3.393413226874218702e-02
3.794148068751036079e-02,2.848995558727886873e-02,3.923723783423084532e-02,3.268630583122936889e-02
4.963712443000523750e-02,2.130249347194830556e-02,2.466075939353271074e-02,4.480985822957846837e-02
2.265792613343108400e-02,4.746346489440131378e-02,3.765736125744102020e-02,3.012769608850691255e-02
3.784289895770859280e-02,4.272151439034276715e-02,3.463305629153941301e-02,2.445855772386793317e-02
2.467469498588843041e-02,3.464952894130870348e-02,2.949461133700885529e-02,3.772071918323126327e-02
3.913445877746265372e-02,4.561514119146387741e-02,2.914742851410293684e-02,4.826444429642510331e-02
1.304261664523861074e-02,4.465530530439178192e-02,3.678740103562357089e-02,4.802952219149381891e-02
2.564952478306866540e-02,3.826326108651625230e-02,4.261713211223899095e-02,2.050181309095056373e-02
3.859008304721130850e-02,4.163228217006314374e-02,3.847562408046505122e-02,3.880473336595278294e-02
2.852065801394916555e-02,3.386907923500064727e-02,1.401987572557772052e-02,2.092949902781526123e-02
3.431037929724601449e-02,2.934225622571983577e-02,2.799551635667254373e-02,2.076883345769214850e-02
2.339607490965238748e-02,2.875964761399579794e-02,2.993704379710997177e-02,3.650843083437364800e-02
2.255119570076132007e-02,2.010307172025429384e-02,3.967451257517903840e-02,2.636606489011698862e-02
1.312676355854690453e-02,4.923470110497639440e-02,3.090399946628975131e-02,4.050300815063784254e-02
2.772821316630547789e-02,4.430620724112219189e-02,3.510251424345998267e-02,3.450428075313793225e-02
4.363956555685298555e-02,3.844325595012230978e-02,2.090530500765505270e-02,1.185224784988556622e-02
4.865908543885091170e-02,3.960726240666090359e-02,1.741698573793461907e-02,4.531065928549735111e-02
1.762437234317434237e-02,3.674840739990432870e-02,2.880547769831669214e-02,2.402466540794361005e-02
2.383030421930661114e-02,2.560217122492800673e-02,2.796487160602053462e-02,2.603338229735310816e-02
2.400107650773503770e-02,4.417262943208929288e-02,1.226680079272006625e-02,2.694394723564766392e-02
3.990917100322075028e-02,3.459265567544688585e-02,4.452721127332416595e-02,2.995922569010886494e-02
3.654784500356248605e-02,3.983332260632201777e-02,1.174959634754237960e-02,1.850587433093657530e-02
3.408702787214427932e-02,1.788546745954461975e-02,1.578293812877384905e-02,2.601662793831852755e-02
3.503151983011375953e-02,1.506070644081147075e-02,1.071686704056978856e-02,2.555089132659921908e-02
3.193978178875693519e-02,1.428070143117014107e-02,1.663180429482228814e-02,3.972375076222380702e-02
2.639218744466053507e-02,4.070433693227114291e-02,2.020912727421504684e-02,4.155362162994633013e-02
2.909803062357453618e-02,4.599514360647715544e-02,1.902168588902374696e-02,4.423494610287191653e-02
1.598231953221847593e-02,3.653518195115711825e-02,4.916389714706258240e-02,4.202772081212786948e-02
2.859560459856463205e-02,4.597276922888917511e-02,3.925100239453268441e-02,4.136120155534866311e-02
4.727082347624665670e-02,3.890593684868188379e-02,3.211742663298411404e-02,2.892796161165778895e-02
2.444514995573902547e-02,4.035505712875436107e-02,3.974355241160797830e-02,4.745579128939465818e-02
3.681805016425823002e-02,3.254214786738907073e-02,4.822302195488565452e-02,1.073503687836041900e-02
4.540877329834250298e-02,4.348686954888929257e-02,2.336990680821605937e-02,1.896707036048661532e-02
4.048457476511257980e-02,4.241624534095975868e-02,4.474087965542166562e-02,2.669797392183913959e-02
1.657512793959260364e-02,2.644120504039315644e-02,1.737006348475398504e-02,2.599206808021493897e-02
1.864718049334524244e-02,3.807291831353006029e-02,3.096574425352019433e-02,4.616782796740621225e-02
4.812784475270241724e-02,2.267534224205867976e-02,1.599932107230862821e-02,2.567650433654578707e-02
4.143139066367634848e-02,1.057095737610175626e-02,1.899414998740862892e-02,3.734145476173108408e-02
1.272150211882173629e-02,2.625957176201489801e-02,2.610118643841190245e-02,3.932468374916566617e-02
2.410491125305964238e-02,4.021958602648072895e-02,3.668119941372802867e-02,1.570882836011892186e-02
2.913609822347672240e-02,4.345474012816549075e-02,3.202223404925654687e-02,3.575556579084900044e-02
2.741557033738265675e-02,3.944647207657990540e-02,2.254922153044492533e-02,3.751372185276461574e-02
4.555193639571562120e-02,2.285345713822825586e-02,1.878545485633818096e-02,1.601034159385810937e-02
3.790394763643980397e-02,1.303383470608874932e-02,4.081941193232468262e-02,3.412424733785312386e-02
4.392205988108327519e-02,1.509794747685331770e-02,2.978211052622038030e-02,1.730519070818967164e-02
1.858811601181974138e-02,4.855660969360128809e-02,3.061468325747655067e-02,3.028856786544772278e-02
4.087097877880915830e-02,2.203052482533529935e-02,4.904332463622829846e-02,4.714281456909788504e-02
4.567302828021371774e-02,1.531253796591082635e-02,4.231022607446530831e-02,1.119508983690425431e-02
4.805614723784666642e-02,4.719880639093939484e-02,2.180141782194331551e-02,3.196774326210469891e-02
2.626035228967039253e-02,2.887341895003212727e-02,3.084449292772847850e-02,3.754415184561193941e-02
3.382006800348037745e-02,4.338243785831187582e-02,1.978271363478247696e-02,4.843702649414365069e-02
3.185345343561952342e-02,4.316030007076984698e-02,2.020275334005864135e-02,4.514593207321720286e-02
3.611166269156173420e-02,2.359569221363707475e-02,1.039324881361938617e-02,3.518798524712281328e-02
4.328270757879516817e-02,4.605230784111562919e-02,4.679469716155724296e-02,3.674462931880950051e-02
1.670098216352073478e-02,4.890298952831952095e-02,2.472414487715999393e-02,2.810238579394480629e-02
1.371138241566734715e-02,4.301177390042007498e-02,4.884044166939449649e-02,3.290405384621265111e-02
2.592235362734104931e-02,4.167871228375882170e-02,1.544275291907423742e-02,3.657349885666152239e-02
1.423670045167360967e-02,2.341930931191939236e-02,3.349917863878638935e-02,3.675560352685041526e-02
2.728577479873146860e-02,2.347651715777832049e-02,4.207150634726788963e-02,4.552315004820983724e-02
2.029501211696498053e-02,2.470989004207788109e-02,4.978443725419669924e-02,2.071953229995962542e-02
4.816388191032812405e-02,4.692189368768021063e-02,3.006828739962768421e-02,1.160103847260337932e-02
2.181830275410826664e-02,4.150192582214554810e-02,2.491275379710439913e-02,1.093609380160068777e-02
2.525190965900338258e-02,1.027298275066430150e-02,4.352633070711198898e-02,4.755590928390512201e-02
4.656235542398443755e-02,1.975479788136091930e-02,1.656590267429745855e-02,3.163487761061688219e-02
1.540328685342868403e-02,2.581537621144919942e-02,2.157960159110634130e-02,3.618783452638087844e-02
4.044382976753744391e-02,1.129689701843056455e-02,1.484103824926319773e-02,3.720052875013085680e-02
1.601731771311941041e-02,2.940356893949520184e-02,1.035586233482194835e-02,3.858558719591977104e-02
4.908221823452055266e-02,2.689131915692179881e-02,3.704400690274917141e-02,3.168631928984418783e-02
1.258294285690605627e-02,2.702925972526932369e-02,1.207958049884793987e-02,4.898194309619340048e-02
1.223035192387848108e-02,2.263160848478881770e-02,4.440035027488119929e-02,3.090573018906535296e-02
1.742975489339374309e-02,2.391709384188111034e-02,3.225407543258978355e-02,4.646650725843409768e-02
2.997661054820886101e-02,4.925489957919487738e-02,2.476035480826442592e-02,4.374664513190568149e-02
1.924488369831454937e-02,3.777484132477255258e-02,3.455535929005648654e-02,2.051990353084203605e-02
1.010107252108089805e-02,2.659144632740509384e-02,2.130996574747869715e-02,2.759182252718560963e-02
1.750050157597943246e-02,2.827889606971522446e-02,1.380899730783220411e-02,2.678505421780898871e-02
1.463581815916328507e-02,3.786757833160128012e-02,3.090070466666646615e-02,3.346428774112799459e-02
3.867136710476533346e-02,1.032473304928497281e-02,3.237075369118311285e-02,1.577500209669597739e-02
1.298626609132199836e-02,3.047834391918999297e-02,2.596908578070301205e-02,2.273879720346566255e-02
3.191477863623781025e-02,4.619529439073268018e-02,3.292336023758463126e-02,4.112329804243646664e-02
3.641031558834383064e-02,2.015393435956920956e-02,3.035374916746506196e-02,4.601105405704260937e-02
1.588009408359172467e-02,1.517164106927147357e-02,2.337064905512904744e-02,3.704160024120804751e-02
4.139772727181755679e-02,2.941737140397143735e-02,2.967283824576943257e-02,4.235673450191869416e-02
4.134718641369118652e-02,3.585075349375468901e-02,1.359874120136505410e-02,3.545837223009914996e-02
2.841308968832581550e-02,2.704072888752764164e-02,4.453082229868282615e-02,3.663038501022611998e-02
4.668767191658274029e-02,2.811421522904738318e-02,1.203487609606277223e-02,3.772897964048652769e-02
2.959739278597978834e-02,3.716865216880040762e-02,2.290807891700112967e-02,3.263557174498869090e-02
4.064020489558033827e-02,4.432724166285072209e-02,3.352855410210773407e-02,3.330552016325420001e-02
2.436887184241744858e-02,2.026881067791832039e-02,4.251307102869231885e-02,4.711540714303790595e-02
3.890851802982978752e-02,3.898690776112093831e-02,3.837953051093739854e-02,4.617584756258585887e-02
4.588225784605304280e-02,4.933371527875558132e-02,4.188456929476185725e-02,2.560444768920606962e-02
3.372125300975312157e-02,1.016651882080848654e-02,2.785872888622663301e-02,4.698800236979394640e-02
1.267629194100497805e-02,2.168100000243868702e-02,1.203140549067506677e-02,4.382531257378491363e-02
3.332294517265502881e-02,2.156259614343791764e-02,2.153083663661710737e-02,3.168092381391634377e-02
4.573798692487800188e-02,2.712836095386243762e-02,4.642735897201474143e-02,4.026328917510892808e-02
1.721185502750453150e-02,2.663222796418415750e-02,1.706901132794366033e-02,2.284490984737379271e-02
2.719165312398447165e-02,2.538003525075076608e-02,2.382487366919258664e-02,3.468680976134014965e-02
4.546058737064070238e-02,3.559015078617643046e-02,4.616181661081843191e-02,3.155046539490338753e-02
1.537651462841951519e-02,2.260473606853349166e-02,4.808665357319086980e-02,1.608048661847646943e-02
2.507603821831463214e-02,3.546343232719362942e-02,3.499673580935858813e-02,2.950407463821878157e-02
1.677338204919549131e-02,1.282081215994310824e-02,4.212965290620987457e-02,2.772251459504701532e-02
4.402030915316983151e-02,2.975367687856531745e-02,4.680461087092650102e-02,2.222034472292702678e-02
4.440506038628411201e-02,3.881783672934467633e-02,3.664404026181034696e-02,1.919153534688561313e-02
3.253901365835121240e-02,1.989177484308547739e-02,2.945782978551295117e-02,4.275992847838562538e-02
4.302629580953815785e-02,2.265802129084700661e-02,1.612745933489048017e-02,2.915112451212130418e-02
4.201423890005673289e-02,4.120953060136414020e-02,4.703134333632719849e-02,3.942361943319296763e-02
1.380961996013845353e-02,4.793331487667164964e-02,1.776217479914724701e-02,1.092056613890233022e-02
4.949118654211218798e-02,2.443324320208447448e-02,3.333588547785817230e-02,4.087652697868730117e-02
4.525015411504587637e-02,2.999191487120404787e-02,1.465898701768280840e-02,3.884188174924319004e-02
1.191343758627201078e-02,4.308934895381062030e-02,2.153300547764956663e-02,2.007834814865025463e-02
1.445949647219999142e-02,3.581911915998590989e-02,1.118731840990665367e-02,3.156249610350900237e-02
2.671676672484491616e-02,2.144532626627188715e-02,4.651887319337282695e-02,1.968189273521354921e-02
4.151633731090743906e-02,3.476813696731472642e-02,4.486068240445559296e-02,3.439744508457922428e-02
3.866651895078281054e-02,4.852860558118533146e-02,4.415367940610521319e-02,2.152829761812310311e-02
1.127371584997045179e-02,2.412383135981073512e-02,1.792821808825365709e-02,1.797325525433714211e-02
1.184535828365329210e-02,1.599108049316869465e-02,4.930899584489809723e-02,3.447810662545238575e-02
1.775414539437623548e-02,4.034969376811459174e-02,1.134021712738620541e-02,2.069168750260524936e-02
1.209747007847938177e-02,2.093790004725036569e-02,2.036513036264068002e-02,4.412310933067122021e-02
2.330112250108230809e-02,4.745669487053404134e-02,1.305731239049509260e-02,3.692921939448372964e-02
1.450250972528327811e-02,2.107459569203688418e-02,3.939758489039323769e-02,4.002805705430000083e-02
3.990588922104879727e-02,3.286683212285359396e-02,4.668894107303765001e-02,3.538040344780255669e-02
1.536538213515642112e-02,3.208899585171146734e-02,2.778928630948208217e-02,1.204842426530621999e-02
1.573007028259029022e-02,4.891232329453961553e-02,3.654445127914388719e-02,4.536477555998728872e-02
4.845036415999090518e-02,1.816165572837468573e-02,3.977855657055188315e-02,2.813390138618633574e-02
4.708876243232550107e-02,4.406114485082461563e-02,2.882375195850336164e-02,3.899557077160292068e-02
3.112122183186083468e-02,3.959581275230310976e-02,4.166971730397074636e-02,3.933073223856047712e-02
4.887367428378661810e-02,3.728002955155091530e-02,4.952552692168441656e-02,1.620512550450933092e-02
1.726319839232658138e-02,3.221197036602860275e-02,2.081576603681532800e-02,2.995590184698641856e-02
3.404169184723665476e-02,1.730442582631634696e-02,1.491376614640455185e-02,3.523017170246581925e-02
1.801801272671041051e-02,2.935868622511150078e-02,4.867457510706896251e-02,2.887550605262469844e-02
2.392722311279150277e-02,2.056298489062245369e-02,2.559113547653871223e-02,1.203391887505148895e-02
1.848726784430351419e-02,1.788887143598167848e-02,4.088669039075838729e-02,1.280514164370595911e-02
2.162577534470850465e-02,3.915623192099629973e-02,2.691203001627812119e-02,3.681904073104586700e-02
3.236261766956023689e-02,4.943773699444010267e-02,4.472549218021681233e-02,4.100574729396819218e-02
3.492607376560258325e-02,2.473754093658355607e-02,4.359119502327016282e-02,2.111976847502753177e-02
4.019964967941090650e-02,3.177649222339504892e-02,2.812678527964862507e-02,3.098452706493323716e-02
1.186363104415989571e-02,1.898941708145913607e-02,4.380759337292170624e-02,4.438204824269610660e-02
1.687641192730550410e-02,4.550887998462736089e-02,2.944434222489789033e-02,3.378528835571023570e-02
4.246373260996944010e-02,2.838762010551485609e-02,2.249627004557268328e-02,4.236385764585538088e-02
4.657891500848276856e-02,2.556980337950364932e-02,4.804351742669361186e-02,1.455513285095177620e-02
3.452018578877778798e-02,3.867479735281988823e-02,4.453709596416460109e-02,1.777064883128287240e-02
1.405876150369981918e-02,4.279938630713377157e-02,4.661325669699492580e-02,3.450829364996191306e-02
2.166187182517984033e-02,1.331986523351252026e-02,2.718198341113122612e-02,1.893054858894212614e-02
2.414447940345922777e-02,4.714981665953849044e-02,3.918280676917507838e-02,4.703295948586348058e-02
2.783754302845981021e-02,1.391827016108391699e-02,2.795654153214091608e-02,1.749027898333812767e-02
1.521970479695704259e-02,4.265157279993906508e-02,3.450223938733518181e-02,4.349396309181714770e-02
1.367471360698167999e-02,4.607915523344785491e-02,4.165588921982842086e-02,1.072772357044678333e-02
3.959058560121409692e-02,3.448479325682071023e-02,2.145971756333799746e-02,2.021300456499968562e-02
4.362275823947339704e-02,1.164921168675671706e-02,2.006691339994154388e-02,1.881503466572990307e-02
2.430839057345890800e-02,3.099509657017430336e-02,4.655046868390472908e-02,3.285971512183746834e-02
4.940895011398507147e-02,3.825474360474431790e-02,4.892343032207984582e-02,4.620375458628443038e-02
1.178039703458337584e-02,3.632348178686326673e-02,4.397588684879010640e-02,2.133731781483095419e-02
4.947004684493720716e-02,2.849277389334286398e-02,4.080664081601712012e-02,1.890659520049473713e-02
3.656080941146701291e-02,4.169667618523174163e-02,1.162352918040275400e-02,3.498945167977957071e-02
1.481529234645011760e-02,2.946888863318529450e-02,3.557601376359449674e-02,1.040223466228850334e-02
4.093588343714640171e-02,3.823122746774929026e-02,2.096373813483355664e-02,3.741852216011538890e-02
4.568096433392906247e-02,4.248582197617069289e-02,2.620129784067776191e-02,2.347124683372325132e-02
4.305308694996617253e-02,4.964479015154198149e-02,2.982480802894327959e-02,1.951987737203163265e-02
2.083139907937466700e-02,4.300002683513221707e-02,3.977664310152450450e-02,1.902886209260606920e-02
2.929133532725460703e-02,4.563315020720781073e-02,3.549157961406658457e-02,2.236640379638499959e-02
1.143384633977045060e-02,1.938886287996393828e-02,1.817563566012925930e-02,4.920284952661566763e-02
4.974471948661675358e-02,3.252387337963504738e-02,2.609587630972755312e-02,3.885021868223721697e-02
1.842505443798998777e-02,1.559206346874597929e-02,2.507647233020462302e-02,3.468131450220427597e-02
1.953408051565194009e-02,4.030124229177058093e-02,3.695856605688360025e-02,1.193842415220346467e-02
3.302361569729805185e-02,3.629975101810262866e-02,2.377614433368699723e-02,1.927519972952361146e-02
4.742330207641266837e-02,2.142247434600657446e-02,1.734531671057857466e-02,4.957238350428951751e-02
4.982378284761628667e-02,3.574377537248641518e-02,3.575064088125341766e-02,1.050283020364231081e-02
3.975596716441613665e-02,3.091374401010115597e-02,1.789307397117236367e-02,3.338198887202344783e-02
3.036976568637652502e-02,3.143956486437170239e-02,3.352469770789528319e-02,4.882326268917890760e-02
2.291701880413883619e-02,1.130121194873154843e-02,4.442860188300259972e-02,4.585615251960310779e-02
3.120564700269488900e-02,3.274490031815441987e-02,4.063952732778026988e-02,1.920301048680625455e-02
4.543842677630751531e-02,4.361026804216170533e-02,1.167716544383628693e-02,1.656600891394088143e-02
4.687074420967913407e-02,4.109625863777622429e-02,1.756088246900155969e-02,2.363516494481306823e-02
1.351129098411196598e-02,2.163901783607253410e-02,1.212791554894228352e-02,2.235611527453388106e-02
2.634957793563123124e-02,4.966891030080222702e-02,2.064126471584485853e-02,3.566150803632197469e-02
3.696709118122666615e-02,2.806465589517368603e-02,2.677815517659136446e-02,4.207558401892407679e-02
4.268366271701732467e-02,3.484018652350884954e-02,3.666787287880256263e-02,1.623321328108321901e-02
4.409166798448370395e-02,4.194418646986773636e-02,1.263773242609182376e-02,2.965008114457474975e-02
2.131214785107473156e-02,1.382539161824560513e-02,4.892049573021333558e-02,2.278918240826196401e-02
2.399147566979791674e-02,1.096209582071735675e-02,1.537080977220186412e-02,4.393951410062306440e-02
1.132896002494453679e-02,1.429792821728346694e-02,2.687555587053189893e-02,1.059929065679371049e-02
1.473809197741249299e-02,2.626734173628599706e-02,3.175225830927135007e-02,3.039588054410905654e-02
2.488685397045675707e-02,2.478386880315178176e-02,4.841052566223463804e-02,2.842208007122580538e-02
3.745111535163331978e-02,1.695321992230876956e-02,2.424436611315491930e-02,1.138242261454701885e-02
2.748406680507656241e-02,4.002404852374746164e-02,1.661357025262340248e-02,3.441158854933191319e-02
4.205354570668582564e-02,4.033084071029119366e-02,3.522930668812241511e-02,4.255809931614150388e-02
2.954544045922250645e-02,3.723205096787179924e-02,3.445609636619984678e-02,2.735709093490681920e-02
3.632802270643330916e-02,3.673177920099059829e-02,3.689051001012880887e-02,2.975059432658221786e-02
2.381757406389229531e-02,1.360445950821972949e-02,1.457189854779354296e-02,4.906413254337248925e-02
1.567441131670923443e-02,3.203550520743578267e-02,4.029846772891033935e-02,3.698953358503118127e-02
4.888902203486361620e-02,3.598743578381741887e-02,3.061715891790939975e-02,2.366920463221585530e-02
4.471142051924014565e-02,3.758643968181301503e-02,4.725190526447828332e-02,1.710036615361253468e-02
4.600700583450854225e-02,4.226454494771313131e-02,4.940558479235687001e-02,3.292801733812477510e-02
3.789539605364378866e-02,4.649150815145200455e-02,3.891134013624641952e-02,4.562948767127279065e-02
4.601578440129026892e-02,4.689458528776381530e-02,1.780839516677597961e-02,3.541001817069697188e-02
1.788980553268559523e-02,4.742804714560796414e-02,2.332956162655593080e-02,2.314995566880246464e-02
2.779651587787251160e-02,2.527643700547437325e-02,4.083157571603451136e-02,1.010969612780393025e-02
2.676144901871260057e-02,2.325177234835406823e-02,2.851415227369773903e-02,1.387981519253743759e-02
1.550895016194914905e-02,3.185121577146259042e-02,3.413366199438996190e-02,1.273489826552781298e-02
4.063041122442972303e-02,2.668006060819991254e-02,4.627322659785483572e-02,1.268665716454096468e-02
2.217538946621782150e-02,2.075039793879063926e-02,2.050263282058287229e-02,2.938376610013326146e-02
4.965193251316858680e-02,2.713791290704476583e-02,2.693690582347060131e-02,2.569805069012467275e-02
2.399304885117188590e-02,2.207372629958970905e-02,1.334925793663664130e-02,2.696817355929949367e-02
4.918564959367340700e-02,1.134768176600950765e-02,2.636838095174101615e-02,4.848314363961916951e-02
1.058349291112654043e-02,2.914694132938854682e-02,1.179172181973309891e-02,2.280092578244853618e-02
2.246514605194107825e-02,1.214933311501058787e-02,2.533627346868015662e-02,4.110110791794364948e-02
1.941693602624069981e-02,4.711894211530465865e-02,1.716479557062451297e-02,3.774807793412216644e-02
3.005186383255453036e-02,3.802647989590102889e-02,1.428119535280901464e-02,1.820951680644131154e-02
1.952895428926610874e-02,4.829104534920878461e-02,1.747142443700224618e-02,2.742745049255777834e-02
3.518473276090196972e-02,1.011890601198877498e-02,3.857467934158829992e-02,3.231456293294657223e-02
3.746007331436455867e-02,1.394423827109846428e-02,1.837210591393943077e-02,1.372451827633606840e-02
1.110653658299513499e-02,1.117732830736462013e-02,1.920325197316319343e-02,3.088050537611431584e-02
4.383917032296362482e-02,1.236156520321073267e-02,1.211792692849162495e-02,4.092235479729619541e-02
3.296549992489063163e-02,1.269511889837920439e-02,4.623079487942086119e-02,2.139141811308364893e-02
2.169487751279323279e-02,3.312805818589611984e-02,3.584734633580400481e-02,2.075452882470218974e-02
4.019705973051254655e-02,3.441714969255543766e-02,4.177727248917247060e-02,3.105589230956646435e-02
3.576203184578947286e-02,2.563993426409656023e-02,4.684528528566107852e-02,1.293891592076821737e-02
4.022067293341798078e-02,3.121896064913476376e-02,1.253063493203668624e-02,3.089238590893544911e-02
2.512943137820052020e-02,2.651400275670952322e-02,1.955234578913996046e-02,2.224265676940198957e-02
2.358593762896862497e-02,3.188807964150369711e-02,4.828417506310172386e-02,2.637040311187818786e-02
3.300214235201297946e-02,4.673572071220217367e-02,2.928882770367242233e-02,4.979628314673310852e-02
3.015024072682492146e-02,4.552846458972469729e-02,4.706208988773704499e-02,1.578248729350041624e-02
3.919190585548916472e-02,4.659119103787270899e-02,1.953934444986932598e-02,3.891505271610184308e-02
4.199181427779542786e-02,4.487949572667052078e-02,2.855166981552961086e-02,3.764921980414397823e-02
1.117200862934503679e-02,1.826104049081752473e-02,3.532406088684556661e-02,3.033003956810614160e-02
2.957922664720001593e-02,1.452316601057931401e-02,1.932274598316219630e-02,2.911523713403734587e-02
4.300738148765806401e-02,3.284001268410731422e-02,2.756305489233649986e-02,1.489449152384697203e-02
2.187249910125889374e-02,3.081346468327659377e-02,2.037402016832539492e-02,2.202043267249222114e-02
2.165897053470927647e-02,1.932486078976431224e-02,1.339506152558632944e-02,3.247182573292561186e-02
2.880865273939964971e-02,1.357768468679606405e-02,1.185789762619869799e-02,1.505981392133142610e-02
3.340315684912235211e-02,2.380207479589527275e-02,4.753562236915664235e-02,4.358420820298577331e-02
4.886596278307139829e-02,3.996651854167913159e-02,4.683465723058410912e-02,3.438766103573148714e-02
1.479299266421183270e-02,2.843312494047850469e-02,3.084987019089371202e-02,1.482348451310610930e-02
2.549046130440627000e-02,1.126273260413202318e-02,1.014947744930693417e-02,3.961052498908740338e-02
1.217778406704559876e-02,3.327139779494211330e-02,1.660874596242321172e-02,1.133445282593226536e-02
1.257606233959394741e-02,4.510546730279664518e-02,2.447943704593133832e-02,2.081590392281135182e-02
4.657488826866668791e-02,3.189360789760295467e-02,2.136124332875966036e-02,2.256962814174267098e-02
3.473157316194600691e-02,1.652602453814124017e-02,2.046415459009230664e-02,4.828147981544358980e-02
4.264071469200244463e-02,3.002362286167249705e-02,3.264239789053634960e-02,1.699522871525740997e-02
1.531230308074710278e-02,2.053255177102726592e-02,3.625121216407242719e-02,1.200096538532096496e-02
4.358802127135895377e-02,3.981039804680100436e-02,3.263465808151140568e-02,4.635678378013546180e-02
1.985174105335456643e-02,4.589099363625628175e-02,1.665318241437610189e-02,2.534488950134846860e-02
1.257360530313559981e-02,1.682233178306831098e-02,2.246683848683313223e-02,1.015397775636691508e-02
3.810934817850449019e-02,2.439837464616091689e-02,1.139403893374092008e-02,2.951918428650670417e-02
2.929575279609602373e-02,1.286362883238954292e-02,3.792155709663682511e-02,3.109328588990988712e-02
2.743855359897029444e-02,2.459331504200294033e-02,3.050768211452738882e-02,2.323968913105144835e-02
1.607695988366470569e-02,3.805177293212604062e-02,1.422768233373720992e-02,1.909223996244369809e-02
3.395167475653238648e-02,1.065588417812286977e-02,4.065913189210681317e-02,2.017278977106539209e-02
4.581534368452529205e-02,1.551218933635609837e-02,2.434821461941661519e-02,4.475771210289603008e-02
3.168027353279886937e-02,2.354056951775174503e-02,2.465278640219734432e-02,3.760164249593108549e-02
2.866190320893773763e-02,1.439311570457525377e-02,4.467978070592772827e-02,3.416103631071305130e-02
1.240181958763295067e-02,1.718481388017997422e-02,4.140290515767421770e-02,4.725768510608944345e-02
4.444734789729538199e-02,1.733889024042032864e-02,1.200617769127842842e-02,1.327217385566945192e-02
3.844438943093629601e-02,3.167041798711967004e-02,2.847329263324664683e-02,1.580766283631389324e-02
1.349334040155424422e-02,2.306367364366002093e-02,4.910601522571239608e-02,2.616683783824921145e-02
3.696535581747815991e-02,1.622160533287211881e-02,4.157222505908780147e-02,1.744594371044700526e-02
3.921333052891740056e-02,2.664878042003806374e-02,4.484107232168318274e-02,3.291056161466827251e-02
1.858543897522631216e-02,3.069486136812427796e-02,4.411303582918851135e-02,3.284434443350271043e-02
2.025597958930793613e-02,1.552968740762336597e-02,4.452222121702358038e-02,2.807162711191742155e-02
2.727762388513384206e-02,4.886729264493912955e-02,1.276557989616766003e-02,4.625138928410838651e-02
2.119867276891209198e-02,2.219774183331948286e-02,3.868196187276500692e-02,3.493640121232647472e-02
2.874455177468879935e-02,2.138471374534085812e-02,3.382538133588988694e-02,1.199903215574914597e-02
1.561989380161301830e-02,4.885933398989750209e-02,2.759782733547023331e-02,1.740697687510850064e-02
1.084786644675090131e-02,4.381442271102126834e-02,3.946542612408112521e-02,3.490314598379561095e-02
1.917090908785801240e-02,4.364930505140184047e-02,4.170597349862732034e-02,2.992173641682657759e-02
1.417090626138842180e-02,3.639203617112097416e-02,4.311848017208438216e-02,2.598612318191096532e-02
4.497368618090580306e-02,2.220727519349558615e-02,1.012586915049616502e-02,4.829093121922558435e-02
4.272852447566032053e-02,1.605799616271301467e-02,3.508048554197854690e-02,1.060247349426093715e-02
1.029723917066610595e-02,2.541783294460501011e-02,1.425115648560400933e-02,2.448368240938013363e-02
3.795062598020681327e-02,4.278171702359711420e-02,4.858778050713861291e-02,1.751523163475449119e-02
3.678592306207356666e-02,3.872060201326511103e-02,1.527083266249913349e-02,4.919513259437976321e-02
1.887343571778966195e-02,1.948891487984791629e-02,2.845449592764774660e-02,2.844762391466321844e-02
3.832287227670766461e-02,2.647128786573670067e-02,3.098545658285372512e-02,2.657743017211958853e-02
1.051037463415747941e-02,3.110043503857170405e-02,1.268574812047415165e-02,4.771151785709037974e-02
2.966661728010868554e-02,4.508875325412297491e-02,3.837528941952959849e-02,4.365713683610168011e-02
2.283757999366989658e-02,2.160001126336746208e-02,2.197939051849439468e-02,2.680400187691561048e-02
1.506556581004111009e-02,1.644442070897050162e-02,2.950215446661424296e-02,4.164361011022763709e-02
1.327155929367407512e-02,4.009429955665855944e-02,4.591773469956424852e-02,4.711076964804150613e-02
4.055975889477611562e-02,2.882783226981508462e-02,1.864136536745747419e-02,4.895284279890933787e-02
2.438101511681024097e-02,1.763045609519100013e-02,1.803018044359950417e-02,2.582639948189673768e-02
2.097736338985967119e-02,4.873656939191821358e-02,1.353219500446140727e-02,3.994063370421127579e-02
2.605178979489185254e-02,2.144328527604320161e-02,3.602765447391530207e-02,2.543129917507333179e-02
4.998301958430195757e-02,3.987396240009706549e-02,4.779675066112255843e-02,2.239261144213876981e-02
4.605970673532198967e-02,4.612696276445696353e-02,3.781867480491303557e-02,3.226316815646987357e-02
4.485853063139794150e-02,3.902291617180468630e-02,3.900036283719724578e-02,4.725577354577666783e-02
4.486425486338464080e-02,2.682533996871856036e-02,4.355999590833300322e-02,4.768899433896210682e-02
3.258041433119825137e-02,2.809404223823746410e-02,4.703531110880322663e-02,1.207867533482880062e-02
4.420766004327862653e-02,2.377572965077677861e-02,3.358837365671236974e-02,1.335464409896356189e-02
1.454553608960745814e-02,1.939756437079391549e-02,1.183685803405246442e-02,1.081967482271721515e-02
4.687436529969790655e-02,3.101034465732029066e-02,1.125415717365555249e-02,1.741130617195273123e-02
1.342322750240980932e-02,3.082190576415254346e-02,1.705135126172787133e-02,4.386995823864655447e-02
3.371291270597015499e-02,3.604950671214725982e-02,3.849731365767340013e-02,4.494127001530365262e-02
2.934715831210763654e-02,3.887132860017620400e-02,3.653777331682533241e-02,1.342772874858444952e-02
4.701248448222851428e-02,2.467961154505207699e-02,2.586148218068125282e-02,3.905574450085958632e-02
3.221897418759897547e-02,1.193176116069469099e-02,4.846700632447117213e-02,2.264798929008649681e-02
1.711019586306845863e-02,1.242499065483252361e-02,2.198718312277259460e-02,3.799603588476374583e-02
2.497024777580787031e-02,4.081538900773195450e-02,4.439255047623687916e-02,2.931190298520647969e-02
3.475566955770392069e-02,1.459828771021595348e-02,2.558853352220442912e-02,3.126696137719612439e-02
2.390192733014218085e-02,1.220311726378280580e-02,4.778837653492352261e-02,1.717798915252670422e-02
1.896584790795377562e-02,3.071456269442980613e-02,4.279591186043510409e-02,4.071360531326912585e-02
4.956580030880461396e-02,3.495819642666989774e-02,3.790701788604700778e-02,3.918133825245546931e-02
3.409806963445115996e-02,4.372948720140669432e-02,3.991015391059165446e-02,1.647595702492681696e-02
1.537232683154826120e-02,4.293990174992537434e-02,1.275021188168897965e-02,1.703898226490410672e-02
4.594660657508889412e-02,2.900165810791958260e-02,1.234756276993522091e-02,2.593275809592199277e-02
3.152990003393921908e-02,2.700395206249790042e-02,1.091457099756846551e-02,3.181653084179202756e-02
4.602620071523559619e-02,2.048313053857236249e-02,3.073803217501017149e-02,1.232062492065337349e-02
4.886218567503124166e-02,4.348278711660175794e-02,1.331501509807031351e-02,2.724034658162746009e-02
3.835335167972634546e-02,1.993623921722424697e-02,2.255488828661980291e-02,3.677867923368892400e-02
1.046966875924405967e-02,1.726609210398260055e-02,4.949067188887138619e-02,2.854237044094637410e-02
3.620832787754390408e-02,2.818932855728358000e-02,2.419617444982360976e-02,1.700515352072211328e-02
4.134901217686182129e-02,2.041663379670301953e-02,2.176088159112291379e-02,1.201840274384343918e-02
1.450479296607327592e-02,3.921674324466516842e-02,4.037593007200518391e-02,2.728120138783805132e-02
4.536456121119701590e-02,1.200488660828279153e-02,2.555968994649308185e-02,2.345203903295291215e-02
3.339625938040494818e-02,3.046649271328837061e-02,1.494348568310777808e-02,2.155701690822149630e-02
1.284311871745138708e-02,2.632637459126242058e-02,4.972053789113512617e-02,1.528444679934953289e-02
3.806682046098473771e-02,4.682505039644761086e-02,4.451017094288457765e-02,2.767440463398759126e-02
3.243577808422484082e-02,1.162069367046519343e-02,3.573241034445463066e-02,1.631141302500167117e-02
4.878992703451299345e-02,3.564783957563614353e-02,2.644373265855770594e-02,4.637690041130196339e-02
3.727382453651081895e-02,3.673457616011930466e-02,3.875727789289969138e-02,1.636279701771800599e-02
1.246253911699335241e-02,4.951283167777598138e-02,4.152834543060229117e-02,2.247581982668622747e-02
4.445648779106471660e-02,1.005185593649480548e-02,4.471081834001473104e-02,4.252524279633701498e-02
3.964126896846308784e-02,2.710937300718573029e-02,2.352762133169142983e-02,3.139427906100760585e-02
4.855327890101380356e-02,2.488964427257210274e-02,4.334527085062414575e-02,3.120559695859236732e-02
3.587174408614519222e-02,3.036026870237619468e-02,1.078156446997418846e-02,1.190019618109451963e-02
3.758248883458707723e-02,2.886188356568792496e-02,4.201487301752577369e-02,4.007069827518210114e-02
2.840949389946319931e-02,1.154309899525817265e-02,3.299014310137064754e-02,3.388514188630083884e-02
4.926492885110587278e-02,1.696770846336135424e-02,4.591532731148856294e-02,2.219083803738348959e-02
2.763893097637228763e-02,4.727158772456313551e-02,1.603816462759102834e-02,1.877016016759472383e-02
4.269160520534362457e-02,2.965980287689135714e-02,1.722123642279471331e-02,4.182172490227948486e-02
3.500456986131261772e-02,2.500407310719428983e-02,4.990108362559630278e-02,1.573605472383365900e-02
1.890955278407042625e-02,4.030854878518998902e-02,2.346775487899012413e-02,1.235717084413168881e-02
2.824237773142030533e-02,1.052481395205244301e-02,4.628084119438508753e-02,2.099479105899533515e-02
3.244061968952764025e-02,1.380320670701089270e-02,4.066668607119421769e-02,1.397071191138104032e-02
2.195356448659969983e-02,4.852307394004216901e-02,2.233111692449118307e-02,4.056464672134833110e-02
3.371516026437843677e-02,2.674834014619263678e-02,2.859969736216673442e-02,2.722066588504156587e-02
1.762825692414311460e-02,1.909464032985679072e-02,3.426811747662140278e-02,1.318604979910380399e-02
2.493563161927396174e-02,1.240358666765376851e-02,3.876622241693999937e-02,1.105571400916853519e-02
2.946544119253908384e-02,4.295774237724340333e-02,2.418267013162429119e-02,4.052848363842297824e-02
1.204203641170379854e-02,2.401006574466840043e-02,3.944313311982935999e-02,2.408395695689798111e-02
1.695643155607381991e-02,3.284290501275446278e-02,1.897935429498417981e-02,2.951768826576948307e-02
1.154520121513480727e-02,2.866526889362213532e-02,2.719203887621386706e-02,1.113486197430004626e-02
4.342860237691137382e-02,2.689870464043438852e-02,3.261945556460882356e-02,3.010604779903989364e-02
3.777278635400807549e-02,3.665812989955784945e-02,3.893094381558322159e-02,3.132030511641472476e-02
1.584822752255390932e-02,2.441267150521430132e-02,4.119226979770042318e-02,1.467792042910136610e-02
1.973178741334962599e-02,1.275223564756268121e-02,2.369242369823664970e-02,2.211963716497555160e-02
2.499749512129492007e-02,4.470202392997073282e-02,4.015637065218331109e-02,4.668178583253187325e-02
2.821839116063673547e-02,4.315287241711785599e-02,1.778319110214365145e-02,1.458687989384577395e-02
3.794291477502059057e-02,3.028258776141069114e-02,4.542132281819710043e-02,3.758890477395698121e-02
3.624607283197971846e-02,1.358123546776116020e-02,2.077266793771865433e-02,2.846570139228912777e-02
4.311746153316562552e-02,2.267081692438461388e-02,2.652888122722382030e-02,2.922048199753579656e-02
1.355838203969720462e-02,1.019897508685005394e-02,2.957408368751254096e-02,3.220340187670211324e-02
2.219488510754504679e-02,1.983262083843589235e-02,4.952012156314260227e-02,3.257547771065252146e-02
4.219700705084948600e-02,4.405152239886189064e-02,3.166235618136411384e-02,2.249511088876151449e-02
1.353992829171693849e-02,4.262178550668464100e-02,4.079541244607760159e-02,2.764509309364672485e-02
4.260594453719869501e-02,4.201907642523720204e-02,2.068933157373692433e-02,1.773541483226227095e-02
2.882096033143710656e-02,2.220153741735664960e-02,1.794875711298815624e-02,3.575671425839501566e-02
2.555900839917096476e-02,1.599953912317903654e-02,1.796589357852949181e-02,1.505459168723930104e-02
3.883569872007913704e-02,2.097468267444502904e-02,2.577426273293340758e-02,1.390476615178711309e-02
3.255113570183786748e-02,1.862057622169033255e-02,1.369270970725800299e-02,4.405520856376402006e-02
2.764205484027432852e-02,3.681164207398296417e-02,1.145729671255981200e-02,3.112642521801766565e-02
1.439024062113174532e-02,2.320041613909965342e-02,4.407480948113395858e-02,1.485614401870356122e-02
2.257827242437518422e-02,2.424587312774198478e-02,4.075690909560088920e-02,3.523724827574462731e-02
3.590926463377203115e-02,4.673833167958877516e-02,4.151872989713735473e-02,4.442148192627093373e-02
2.167514839261065751e-02,3.933725958509680376e-02,4.570725311441203864e-02,3.995012971473532043e-02
4.425758417451657739e-02,2.832685460854369314e-02,4.253432774763762914e-02,2.597820641172196576e-02
4.470767473312486917e-02,1.833284828563567018e-02,2.986207222875300604e-02,2.610274088967261263e-02
3.916463851216036435e-02,4.816578254393674707e-02,3.398743879981092758e-02,3.041552826013559779e-02
1.127946263335680502e-02,4.197485613315991848e-02,4.083633275641791738e-02,2.848486960469164692e-02
1.169149284452457825e-02,4.639652578885537781e-02,1.640103386939298705e-02,2.671136520043011081e-02
2.912244568228168629e-02,4.259816757357590133e-02,4.290477921862134725e-02,1.953193709352878463e-02
3.230574719166924569e-02,4.683859706547304630e-02,1.313850252662717918e-02,1.705403921415461765e-02
1.313476501400516298e-02,3.774828361090215578e-02,4.228418101794565592e-02,3.396753607211460552e-02
1.848987140059140180e-02,2.840922359210932419e-02,4.506749148646741615e-02,2.657090739553506775e-02
3.503638513476458466e-02,1.258590243967532864e-02,4.195340772351646014e-02,4.065648023223905616e-02
2.287766132940011188e-02,4.420291784060219331e-02,4.131742333002144663e-02,2.524572334282678548e-02
3.676331014125359259e-02,4.841040755493494080e-02,4.538615523899387771e-02,4.618025180704316696e-02
1.384499359788417608e-02,3.356975051831360968e-02,3.909053818730282709e-02,1.561962150023974566e-02
4.337921113137650081e-02,4.570913954626937975e-02,4.178597494886670399e-02,1.354797866090701706e-02
3.485288775374603687e-02,3.872695430438505282e-02,3.760862814611661692e-02,2.252117020904023659e-02
4.152591336450908721e-02,1.678472479791371166e-02,4.575875883770730290e-02,3.812175008931917991e-02
2.732996678616079339e-02,1.321986776140503250e-02,3.648934359447950082e-02,3.781959664582837388e-02
3.357125607900469932e-02,1.771223425004257376e-02,1.602189847037217840e-02,3.876571903677298453e-02
2.688418520903441966e-02,2.179426772050948452e-02,2.721882800915608608e-02,1.266179403211872313e-02
2.337639650169343747e-02,3.674365973205797470e-02,4.364568499608428159e-02,2.887786575603516759e-02
2.167134972645960028e-02,3.461689672275854168e-02,3.698469090373712742e-02,3.518074604810608741e-02
2.314856358452871063e-02,3.515072891798264043e-02,1.650768428440128194e-02,1.362110398724063198e-02
1.734738794987422672e-02,3.681345211999557943e-02,1.710150555287497098e-02,2.246662715821018397e-02
2.636466560071069887e-02,3.457966054008231038e-02,4.708623090701157671e-02,1.462211990630452041e-02
1.236235490132908676e-02,4.883338534472515813e-02,3.422995637483289971e-02,2.090445819776508285e-02
4.021155025923273812e-02,1.721578195907146405e-02,2.153739272026450671e-02,1.136432771089921495e-02
1.386747097651070543e-02,2.225644735050427009e-02,4.788070520886781450e-02,1.822829310736912012e-02
4.922024778515488030e-02,2.475794998080940723e-02,1.393090205261162014e-02,4.663031606448007904e-02
2.133622491897560480e-02,1.240737678368090957e-02,4.620600844032914795e-02,3.598905971761613004e-02
4.443321481673648959e-02,3.137572886913098796e-02,3.159429919561941580e-02,4.650951295245073919e-02
3.974220064694888171e-02,4.778581030616264186e-02,2.417315957472480903e-02,4.914355092154447380e-02
4.308471077528421705e-02,1.076436594978271225e-02,3.029235210735012340e-02,2.278435189042311154e-02
1.954661691798106199e-02,3.676379647909835957e-02,2.879668340070081628e-02,4.488157363819413048e-02
2.850952076052289813e-02,4.605013675924340966e-02,2.157486625138312769e-02,2.157319379610245919e-02
4.766784081204566287e-02,4.056746284792286938e-02,4.367569983711981629e-02,3.688244191204580191e-02
1.356999553912392395e-02,1.050695898452586388e-02,2.390373153350511259e-02,1.049224768604756219e-02
2.454904950998804472e-02,2.977443233249928156e-02,1.931108348371963351e-02,1.279114747266274152e-02
4.763176332305775473e-02,3.090638469425156104e-02,4.525375867466689683e-02,1.451583542765456925e-02
3.811412651489689413e-02,2.807377846392788978e-02,1.448470047864319418e-02,4.967220033720699812e-02
1.855173759612024909e-02,4.221334611343466325e-02,3.396922405620545621e-02,1.658750769273103359e-02
4.543692061295417917e-02,3.221491976013363817e-02,4.793541727734652175e-02,4.243419003537918233e-02
1.580988659045748368e-02,2.719243553896460996e-02,3.527301586471608824e-02,4.348952634116197424e-02
2.589198953108284851e-02,1.310248553501057282e-02,2.664004187890010866e-02,2.759511278352361902e-02
3.295153367466596012e-02,4.616559497024604747e-02,3.209050078598597172e-02,3.800356013043534875e-02
2.572851531211328008e-02,4.544686809142025469e-02,2.579378388834385749e-02,4.170576347363030845e-02
4.133343175667016783e-02,2.866793237074688472e-02,3.186296124954057785e-02,4.772995613129824705e-02
4.029741371259487615e-02,1.039900327772578549e-02,2.401441395735898210e-02,4.906130573512340609e-02
3.762402803836504411e-02,4.732070506437219964e-02,4.323125063205233293e-02,4.753845328684802585e-02
3.085909755943074678e-02,1.393328629070845343e-02,4.310193737959275989e-02,3.527293618183374724e-02
2.183724481051674271e-02,1.543160129468239619e-02,3.215284518763830701e-02,3.433465485755166080e-02
3.429034908558310779e-02,2.683193610821531933e-02,4.932629842209669546e-02,4.538973799386338687e-02
4.554618033186827453e-02,4.736527474294251888e-02,4.680387129026448295e-02,4.526108978003727523e-02
2.461691678759454077e-02,3.993900292373622762e-02,1.053959454790242244e-02,3.326907316509310208e-02
1.328993350335327256e-02,3.992424254577604109e-02,3.452256608832998674e-02,1.960253786241527435e-02
1.780422351428629160e-02,3.729464113416610521e-02,1.768729226413023881e-02,1.509446176926677874e-02
2.135866925127329063e-02,1.478054010001051202e-02,1.495780011087344957e-02,1.173398043310679151e-02
3.592089317721302438e-02,1.644052323107723576e-02,4.537284701532619258e-02,2.131944192577362590e-02
3.744871394011110854e-02,4.506340362895640966e-02,3.353855562345976066e-02,1.000203070733398682e-02
1.144572402959997091e-02,1.441032670295568259e-02,3.585176776089476353e-02,4.577011718232300991e-02
4.549421475829962952e-02,2.628622710244749028e-02,2.569369144992240256e-02,3.092237606827475532e-02
4.298066582665407975e-02,4.273404641543706445e-02,2.474047167798548719e-02,1.545698230479114650e-02
1.743317924673738403e-02,3.859364159887721663e-02,1.915189667049282257e-02,2.215049399040759648e-02
3.863283753309167123e-02,2.960118832701728875e-02,4.425816724453468520e-02,1.659474898966679587e-02
1.441462036531409793e-02,3.599629680666197734e-02,4.392617008842203408e-02,4.903318927873111244e-02
4.228443668001406058e-02,1.038837856376827531e-02,1.903529376904933290e-02,3.938084087376601816e-02
1.464641774128985947e-02,2.922217058274299839e-02,3.038749782847946501e-02,1.579066207792060098e-02
2.976423067026624791e-02,2.054182507586033157e-02,3.803122057965922787e-02,2.952684531689124536e-02
3.983203647646457735e-02,1.214390618774627284e-02,1.014029087617784181e-02,3.440818573244764506e-02
3.208929295241939872e-02,1.981720226197429893e-02,1.371906090735477632e-02,3.206660136926411248e-02
2.203507103532382008e-02,2.899140779688692826e-02,4.670278750375414512e-02,3.618440580229308201e-02
3.716885068414819970e-02,3.794879739342867792e-02,2.723132211977985495e-02,2.548756827737525682e-02
2.574209548975649881e-02,2.946150255973593868e-02,2.490121475126488848e-02,2.141935049562669613e-02
4.306015113964934554e-02,2.508591914652716706e-02,2.280069543528007170e-02,2.797914359646495180e-02
1.119874739461021798e-02,3.797754228227290946e-02,2.291084676084843147e-02,3.286628887259322729e-02
4.066956922666358637e-02,4.965755832480641535e-02,4.741047876997043359e-02,2.504405667591049628e-02
1.444946017780749867e-02,4.370194190588513189e-02,3.829399697696646981e-02,3.246485933269364216e-02
4.688766370451894622e-02,3.313165154876249185e-02,3.689753945362389542e-02,4.068813637094098601e-02
3.195633922733494281e-02,4.724074515783765332e-02,4.669665986314792266e-02,2.361867370776488811e-02
3.577528016747259787e-02,4.322364836795486442e-02,2.734014191450625381e-02,3.136678960695763602e-02
2.203648239535051928e-02,4.652762626120358208e-02,1.792668018575524491e-02,2.779930427556521338e-02
4.128021233932595985e-02,4.424548479702296311e-02,1.378078347025412168e-02,2.514755453971504948e-02
2.576022732199210324e-02,3.507794390083006364e-02,2.919466277651160818e-02,2.367751332071325876e-02
1.747614734723427349e-02,4.831620855834627137e-02,1.955759995975828863e-02,3.397323014304316074e-02
3.302735229173880266e-02,4.353607050130191974e-02,2.246583015372185382e-02,4.190673426749080832e-02
1.082359168621748087e-02,3.154772064869226095e-02,2.047270096812625617e-02,2.292673359764651336e-02
1.753256710800627990e-02,4.586485532334768495e-02,2.472759521098383956e-02,2.747944844474953241e-02
3.777836673663307471e-02,4.879138716799619191e-02,2.142955740720990654e-02,2.396092758457796235e-02
2.147332163131131927e-02,4.007452977128374283e-02,1.088957316817040777e-02,2.472846907874927391e-02
4.813806427732505305e-02,4.142662612134088290e-02,4.940764274572199272e-02,2.144454734687092912e-02
4.373584485430703772e-02,1.463135400693909086e-02,3.177917441727563796e-02,4.994962129576576565e-02
4.156100718669725191e-02,4.408020181894397455e-02,2.670121048378604894e-02,3.388376232661959725e-02
2.868886663789327329e-02,3.181555308304407498e-02,3.122098092982224238e-02,3.981760774322061491e-02
4.409980298709258173e-02,3.529635936575595961e-02,3.258061144099378553e-02,2.231751074015174419e-02
1.739507540509985239e-02,1.309767594588047770e-02,2.728291099223676547e-02,2.987484324296283550e-02
3.048680100230266588e-02,3.459911042367947581e-02,4.190334023290943899e-02,2.413001857224935515e-02
3.729246039376613725e-02,1.655946623075196453e-02,4.197900077833196381e-02,2.243720132060605943e-02
4.704349502019839618e-02,1.639908722829401533e-02,3.898297375477108306e-02,2.660004437860825216e-02
4.048717600087440444e-02,1.277287803929176568e-02,4.921616327071551278e-02,3.063983469626785361e-02
1.409346949373131708e-02,1.544877994316877501e-02,3.591423249148472524e-02,2.989649611706771126e-02
1.855793474996139669e-02,1.139460465734532836e-02,4.606993128339011145e-02,4.082722235565486996e-02
3.205624721185676429e-02,1.627269252292926766e-02,3.941247085123892463e-02,1.161794532637260707e-02
1.645527958580452615e-02,4.727723812408159143e-02,4.577448300067969711e-02,3.495640613038285271e-02
4.558079120165135084e-02,3.318529436571207580e-02,4.033691232073417787e-02,1.480188705881889215e-02
1.269789570493208911e-02,4.768755824911472679e-02,2.564019617165356341e-02,4.663897972559527538e-02
4.831437165658265115e-02,4.935742548363483695e-02,2.739486835971936818e-02,4.235883294148171108e-02
3.599074464752829300e-02,2.563791991475448950e-02,2.988556886782547939e-02,3.555060027781658388e-02
4.828591040458289629e-02,1.686994724880955601e-02,2.059123041286980288e-02,2.067247533834774137e-02
1.707044804357503442e-02,1.496669127234388948e-02,3.244451195132767862e-02,1.745789755813617616e-02
3.959829126980440178e-02,3.626274073079192861e-02,1.199477327643719976e-02,2.051681380664861082e-02
1.180944017682718575e-02,1.684394484460833077e-02,2.966699297329727231e-02,3.502899165791963088e-02
4.399262812875156387e-02,1.924293598398886876e-02,1.482110228830587489e-02,2.432176352458129825e-02
2.111273107924459616e-02,3.796151079575772747e-02,1.727210837407540042e-02,3.259198973686797118e-02
1.001286451169585215e-02,1.997124673268223238e-02,2.604104262972509881e-02,1.526582872169452224e-02
2.304576185404681038e-02,2.332223933661560500e-02,1.376108309622097597e-02,3.691417916979148478e-02
4.309540303852882337e-02,4.390943986825154854e-02,3.430401407888315768e-02,3.887632725180868026e-02
2.697638712453600401e-02,2.399209067713536925e-02,3.293652506598258173e-02,1.691632942933063433e-02
4.240874432751828155e-02,2.011582358836632584e-02,2.779926515939327991e-02,3.784427870689813234e-02
3.598285381434711966e-02,3.545360317472564388e-02,2.551239128392713412e-02,4.021477909424345243e-02
3.250368749078663688e-02,2.069394086570941482e-02,1.246887286986412928e-02,4.069133753578377255e-02
4.418358451762181838e-02,2.345038105966514713e-02,3.074693974106656319e-02,4.507063649637490371e-02
4.842668224436523505e-02,2.207019506012539503e-02,4.508685424765565553e-02,4.382998182293884604e-02
4.144128108520786502e-02,3.346739165583050707e-02,4.809440136460068488e-02,3.637274578717690499e-02
2.082363394509212026e-02,4.128863436955168553e-02,4.685538646026444348e-02,2.282179566637350387e-02
1.352337981655778697e-02,2.804943937246289626e-02,2.221738623553338315e-02,1.434926801667508849e-02
2.262135505364100407e-02,4.426226698783940205e-02,1.093100093740781951e-02,4.166276024376441151e-02
2.017210930747725950e-02,4.971742758103588761e-02,2.044066462034781206e-02,4.603424726674961581e-02
3.694358850347498335e-02,1.187567734480508494e-02,1.219427397070071625e-02,3.401292757321069948e-02
4.890171993494258490e-02,3.534562013136179764e-02,1.990859964807096052e-02,4.206373143843814694e-02
3.386613600340553781e-02,1.646322503119048569e-02,3.250007517203200302e-02,1.164323163366198267e-02
1.694573247956698836e-02,3.324293852505952329e-02,1.243805850703377444e-02,2.620311322975459739e-02
2.235800408586165189e-02,2.915333277787785643e-02,3.052542201635172203e-02,2.625444790135839784e-02
2.390924911883859916e-02,3.372238693991616576e-02,1.098703494987744028e-02,2.330483551185531105e-02
2.357798325324591757e-02,2.091590233152337830e-02,1.191901659663535500e-02,3.208670040094765974e-02
2.921323007154187634e-02,2.507134646168966002e-02,1.397170239098013272e-02,4.065410443659021184e-02
1.447559350696259878e-02,1.004044059542073992e-02,3.258267272525768032e-02,1.765424624651572294e-02
4.507880318335482500e-02,3.858134753962524921e-02,3.568457454842612758e-02,3.194169587192272064e-02
2.647773910745507275e-02,4.202083245612452805e-02,1.042348221537261685e-02,4.747665105799258461e-02
4.621747747783849780e-02,3.839622731086860669e-02,1.372012662727098257e-02,3.043746589969651556e-02
1.546582182629149815e-02,1.794791426697160339e-02,3.771535542825239784e-02,1.607831831323040805e-02
3.830964142679351564e-02,2.548976006827391796e-02,1.775963422615235016e-02,1.035611762099147674e-02
3.366475992491630570e-02,4.583764878409807286e-02,3.163542341756086368e-02,2.486707495025607464e-02
4.717279779745905260e-02,4.549679605950125022e-02,2.334439611290149361e-02,2.011409413873441882e-02
1.326670140760565463e-02,3.911134895885492319e-02,2.580578698772838936e-02,3.304617580680052624e-02
3.970648806889535976e-02,1.673083109309878719e-02,1.501573316512993909e-02,1.451025140525671192e-02
3.812051971282558183e-02,1.901693834281801415e-02,1.609043245056807764e-02,4.972397648419746297e-02
2.896602449547564656e-02,4.118233501540116692e-02,2.574780639966526424e-02,3.449439365563653631e-02
1.403987005728994132e-02,3.511393692811180800e-02,4.437768475333969675e-02,4.441003580759389502e-02
1.523815510446593219e-02,4.033698756106122302e-02,2.533913606996446993e-02,3.042740213720270676e-02
2.544999208059967738e-02,1.945378587495480080e-02,2.868372679198965408e-02,2.428817414210703365e-02
4.724216565371062992e-02,3.091805798807430172e-02,2.935375935345541781e-02,4.169863926202312110e-02
4.182241998006716588e-02,1.859990611068588345e-02,3.447591046286568178e-02,3.034221113833662081e-02
4.597929710478130400e-02,4.132180693098808089e-02,3.011660794727100826e-02,1.416024275473548935e-02
2.097375270035379061e-02,3.219540578704477990e-02,2.234124621945047379e-02,3.487357853732625523e-02
1.979700267716463791e-02,3.387035112596908232e-02,2.501638372683236133e-02,1.503569713439766725e-02
3.893691540721465338e-02,4.801657314641133434e-02,4.252204594021952860e-02,1.885722153873343326e-02
2.576922655433649956e-02,1.252247413926693177e-02,3.457040724503367829e-02,2.528697170651244067e-02
1.787618920901139913e-02,1.741711425807143318e-02,4.170071013521482739e-02,4.241646948915532567e-02
1.654111991313039418e-02,3.808505895402003461e-02,3.499950073682813606e-02,2.670747240079351936e-02
2.237870159422991959e-02,2.361461333286212980e-02,4.452426595487114086e-02,3.296924143536378304e-02
1.027073806042026402e-02,2.195382484335980239e-02,4.554005833881208387e-02,2.310589159439754500e-02
1.164241798199126994e-02,4.353357007693206548e-02,3.612549238783767380e-02,1.708174550153605462e-02
4.232699982414895451e-02,2.660919276002593481e-02,2.306418556877150999e-02,3.445112402371916516e-02
3.103560857233038373e-02,3.099686716292197886e-02,2.861244815138105912e-02,4.735239703485397827e-02
2.472154442187524809e-02,2.979213206819793236e-02,3.508233327922893191e-02,4.384886323512435236e-02
4.283325332504583915e-02,1.187240247779212249e-02,4.967315075773496430e-02,2.312649493949700541e-02
1.674654179486645411e-02,1.067297771283826774e-02,1.008608958777362438e-02,3.051576103633916320e-02
3.826895161555361052e-02,4.492608816682170519e-02,1.914650549695970372e-02,1.541825409259360916e-02
3.217209025578487286e-02,3.543816755020925274e-02,2.686967312601862973e-02,2.672054836080263451e-02
2.995053661860952454e-02,3.629014548700057463e-02,1.326573553052164990e-02,3.073309398637247281e-02
4.467275865949067726e-02,4.997658205656976133e-02,4.523320523028663553e-02,2.445795693261183096e-02
1.029086471369606258e-02,1.865371950121861092e-02,3.531899063847436515e-02,2.625345570565484205e-02
1.665859121588339833e-02,2.676456878168868153e-02,3.697020503875072389e-02,1.218580083880082057e-02
2.953075390371218134e-02,4.499875895947325760e-02,4.024694534551569169e-02,3.445591878164319666e-02
2.234209598753936904e-02,4.277435216819080316e-02,3.678099037741791588e-02,3.961783537120228127e-02
4.794173949474518637e-02,4.440449333303404106e-02,3.072526364387800218e-02,1.257912972576948583e-02
2.369717408227830710e-02,1.177874116418338966e-02,3.398859506030468824e-02,4.189793365348001147e-02
3.377425587811246771e-02,3.631026554735347633e-02,3.167668639039066675e-02,3.957653367098103864e-02
1.799531912452605534e-02,1.411733265133946827e-02,4.284965023067926343e-02,3.907570939786896708e-02
1.915120457901874074e-02,2.263887264589785342e-02,4.739123545093955336e-02,4.556424803111614602e-02
1.751208606339352616e-02,3.046086976293490428e-02,2.425648397873838430e-02,3.454012530462196445e-02
2.029662554149828935e-02,3.427784192151490245e-02,3.281934094296381360e-02,4.587191707704917770e-02
4.891772773877747782e-02,2.477697340806631759e-02,1.377816581874147413e-02,4.909342533469365083e-02
3.817762660806459790e-02,1.163917507420996096e-02,1.167552736114844426e-02,4.765659163642053942e-02
3.452975776542954733e-02,2.407268673338314874e-02,2.260794107582909940e-02,3.213723129624636993e-02
1.294078477474137900e-02,3.911561453654138071e-02,1.217856926611231121e-02,2.547849080715777065e-02
1.969428658447071323e-02,2.745885169100616835e-02,4.912660625616270538e-02,2.522099109554112178e-02
4.320448192956898720e-02,1.168765865929243149e-02,4.933346615822023495e-02,3.285613180496101127e-02
3.069032404304988804e-02,4.204943134653814363e-02,2.600223888900426994e-02,2.338916362148501030e-02
1.190324676680463295e-02,3.752650973220425512e-02,4.145428109409159123e-02,2.104039343183662647e-02
3.732099760776937808e-02,2.698991945489331162e-02,2.688440903204245003e-02,2.291695548135931626e-02
2.839719638088895881e-02,1.434852256664333713e-02,4.141865889437974790e-02,1.427012839702941453e-02
4.871280123862128247e-02,1.812246418898834366e-02,2.751212126704931371e-02,1.288256646326079412e-02
1.962075228830426066e-02,3.765656924867169519e-02,2.439159951029834170e-02,3.978713013122502085e-02
3.975905663495774012e-02,3.462375639065126687e-02,1.925144816221609559e-02,4.257078718003341061e-02
2.218264845828092635e-02,1.903040220931439402e-02,4.530011429484197272e-02,4.728866501317981891e-02
4.704105450102057107e-02,2.606266472889547797e-02,3.649942984690634357e-02,3.984305312038338015e-02
2.857831822201910288e-02,3.649487581656767760e-02,4.402424121530503637e-02,4.156147914881478528e-02
3.406693654371356628e-02,3.694448666134504677e-02,2.805288334377169235e-02,2.048116899475837388e-02
2.710449434023567278e-02,2.369331925176888787e-02,2.211028953089957949e-02,1.987532848737956492e-02
4.634934927505634378e-02,1.289846058892049965e-02,4.920316204978680830e-02,2.408002147428341816e-02
3.599520795993216282e-02,1.029735719168530482e-02,4.334809742264801591e-02,3.089822798323235004e-02
1.367600355772608314e-02,2.724250748962783741e-02,3.291858347514017152e-02,1.668527976936028806e-02
3.086130016750598254e-02,4.117284268058086366e-02,3.518951409346685738e-02,2.243533856092636697e-02
2.102286226773715516e-02,4.067086204652307219e-02,2.267191133193537100e-02,2.970544744531621040e-02
3.855223730539253379e-02,3.904693623610657610e-02,3.191938591661302310e-02,1.696074215651531200e-02
1.525209689785876448e-02,4.770537014089864386e-02,2.868415218262057587e-02,1.223711405240372231e-02
1.854047134088524645e-02,3.274675144387124287e-02,3.745612771659430351e-02,2.401787019855868704e-02
1.066811215824347778e-02,4.238546335135051635e-02,2.438255453262657552e-02,2.144612855605327467e-02
3.739398094176448611e-02,4.528488473284351251e-02,2.011119328995574287e-02,3.854124567679492047e-02
2.750781954276766694e-02,3.599268427454788838e-02,1.082107346352316826e-02,4.104408692017928045e-02
3.256698543060568274e-02,1.597099007882570379e-02,2.529329426601275438e-02,2.221039984121836106e-02
2.066708945862433255e-02,1.562711439874751862e-02,4.798082637697182601e-02,2.318798150155337856e-02
3.928821796289096863e-02,2.064157849455695165e-02,4.781858821239724083e-02,1.124865755873191708e-02
1.143525143108108967e-02,3.085361804784250012e-02,3.896086634838774598e-02,2.198637529618738262e-02
3.088051084491216097e-02,2.592358380810917684e-02,1.976584888977780952e-02,3.347652571852235276e-02
3.245864976329435048e-02,1.306548557683549251e-02,4.987543394347869474e-02,4.202451938616109245e-02
4.169776711376633332e-02,4.329746484244190174e-02,2.350873406149234582e-02,1.082101590995532617e-02
1.903247986768104305e-02,2.450156364918149032e-02,2.063088118327601264e-02,2.939680804653602153e-02
1.526188843087193485e-02,2.762385580503046861e-02,1.303331301536041209e-02,4.476801102978304747e-02
4.212977733986526807e-02,3.059470623816550050e-02,4.642129514807452617e-02,1.900923665680498420e-02
4.284622801798227548e-02,3.895427343202269993e-02,2.326492980651056336e-02,1.332579405859682202e-02
1.065404542862934817e-02,3.030825329861949746e-02,4.973697605722871007e-02,3.867246094398226613e-02
4.994927551016856843e-02,2.786908066516685656e-02,3.174142402255047957e-02,2.204430572432203306e-02
1.971627606818168038e-02,4.095457567655941961e-02,3.852482036189394665e-02,1.905384691980532841e-02
2.334984862617184298e-02,2.229705057879773772e-02,2.074880004854198073e-02,2.286960180989738162e-02
4.717449097468828789e-02,1.573360833368438877e-02,2.484334485856426467e-02,4.499418802762617658e-02
4.074344758553326284e-02,3.928528718756866406e-02,2.020447868074918413e-02,3.760333501310594850e-02
2.954238642060334763e-02,4.617513785867834869e-02,1.505830396071817026e-02,3.527632791117507605e-02
3.144331532280359581e-02,4.254631189995325413e-02,4.723336700692246787e-02,4.050406173089399903e-02
2.577878654176322254e-02,1.905137387425696188e-02,3.446082341072892463e-02,1.355579422738467654e-02
3.078533194556817842e-02,4.761422430746627132e-02,4.379461541037566602e-02,2.626733463641921229e-02
4.852828108107061500e-02,2.497469596499625466e-02,4.095602520457312240e-02,3.272310769795847701e-02
2.018495132738895581e-02,1.061463616424488873e-02,2.995145246039303266e-02,2.257645834463579276e-02
2.715142852119173389e-02,3.982898433200594140e-02,3.240969177025669612e-02,4.902477079136273452e-02
4.454836904310535001e-02,4.413197673508111735e-02,1.098964412096822309e-02,3.548122385855851518e-02
1.242927020675670471e-02,3.618696149143089263e-02,1.700005965318784548e-02,1.829175410071237629e-02
3.170742134561226055e-02,2.451402164029724273e-02,1.178502435977278086e-02,1.283079942031243800e-02
2.324264352997905403e-02,4.662835199299070199e-02,3.893417057990690433e-02,1.933703485647851605e-02
2.592709539596978197e-02,3.158641077434350131e-02,3.940840352511890826e-02,2.467272269481718752e-02
4.737330936128157644e-02,1.899614964531064210e-02,2.027912588287777984e-02,2.216159240964900301e-02
3.130903878928638362e-02,4.883905169812566283e-02,1.409096496945072552e-02,2.800838920226277062e-02
1.152872468621934238e-02,3.470762863980592777e-02,1.820020095751033462e-02,3.484271640864710501e-02
3.174060954794003658e-02,3.947643973871841488e-02,4.017694341337366137e-02,4.829476956963345280e-02
4.778925746660873247e-02,1.898570845382259453e-02,3.065395766774353659e-02,4.710585684579592786e-02
3.783498088958369560e-02,2.528012287632916064e-02,3.126458894005105377e-02,1.195464423375342672e-02
3.412986489517823990e-02,2.171374674421840817e-02,2.059343096597786305e-02,2.369816686541504486e-02
1.311065685494023671e-02,2.388987463121168553e-02,4.379307130944417453e-02,3.583536538588018294e-02
1.766214154363876868e-02,1.384927662526171804e-02,2.082914951998261072e-02,1.120049405745682583e-02
4.926814379205257666e-02,1.587672041592839284e-02,2.187905159071867195e-02,4.625348870514209287e-02
3.706314948710752455e-02,1.462972232088001825e-02,4.053485890673070441e-02,4.082418477179450972e-02
1.518313673336782292e-02,4.217362820647022753e-02,3.142160774311415772e-02,3.977573347059326636e-02
2.441823759087308199e-02,2.745298450842035415e-02,3.705101375134068481e-02,4.973466148764651984e-02
1.563304772785724384e-02,1.048327132534675882e-02,4.479716235196029572e-02,1.494119689420524838e-02
4.578295275485025351e-02,4.915954882210402804e-02,3.009262331662691109e-02,2.758849763462876276e-02
2.584456790757484745e-02,3.081860101536554319e-02,1.936696326881647001e-02,4.104367210951907763e-02
2.160901190875132161e-02,4.213316464685819968e-02,2.913485308859088685e-02,3.730530665169857346e-02
3.139375329271019283e-02,1.534965454569188308e-02,1.807642689982194573e-02,1.868988697585099307e-02
4.796802106887398248e-02,3.390225931049391239e-02,3.270929769595034425e-02,4.473653433798228940e-02
1.765660808323029490e-02,3.765323885640856072e-02,3.129935118774773012e-02,1.487922099613549903e-02
1.188121166372945077e-02,4.950161358678138723e-02,3.728744179404737402e-02,2.176904080402057573e-02
1.236507122785097772e-02,1.674676638186309297e-02,2.363459166413432039e-02,1.643643292177078552e-02
1.901119471558194995e-02,1.519628854161848494e-02,1.777477025269900979e-02,4.683636126728093346e-02
1.667882889649214412e-02,2.821795007582929976e-02,3.169294003845596341e-02,4.528026357916720840e-02
1.865582524541943565e-02,2.707324592246336536e-02,4.055641732051756126e-02,2.106484605990018369e-02
1.303543559992416737e-02,4.453017319256837026e-02,1.749791986566604299e-02,4.642064411047727712e-02
4.304975323044894081e-02,1.370999659259037294e-02,4.730683829893285453e-02,1.014849148622410518e-02
2.325803859377285898e-02,2.100658987584728271e-02,3.775106377764405469e-02,4.536276216783822340e-02
3.733916565525047249e-02,4.404668335466249002e-02,4.945019466255215490e-02,4.512754144379021309e-02
4.130880424579558979e-02,1.446352759843451755e-02,4.755618624706427211e-02,2.095941591810558668e-02
3.300166489430404054e-02,4.196080229550960133e-02,4.298152518871952571e-02,3.936683116631843615e-02
1.532276923402288438e-02,1.237005108383682633e-02,4.462244862355178171e-02,2.476030635376746253e-02
4.078713521918022472e-02,3.040723617225524200e-02,1.365038906916309080e-02,1.101871574538722601e-02
1.926499270399337910e-02,4.489609933501610001e-02,1.059961517506126036e-02,2.692693601412562976e-02
4.981329992289581371e-02,4.486975082779404850e-02,1.033463257187249192e-02,1.521561993117692344e-02
4.914834715988954800e-02,2.121165017784836654e-02,3.273284210381849357e-02,2.850209583270629093e-02
1.004684161990879870e-02,2.794306507797311018e-02,2.944769502227943814e-02,1.900435074071955138e-02
2.351857995919117567e-02,1.490562586334943408e-02,1.964838234011004325e-02,4.191028826603068747e-02
4.501614368250111270e-02,4.090459551369608066e-02,3.110298990754131049e-02,2.578139989957591027e-02
3.836221236560478920e-02,3.698700749865009574e-02,1.733487842992445863e-02,2.502358509441289514e-02
3.348731464751225628e-02,1.135999583062637965e-02,4.664460054825280561e-02,4.123605081257569055e-02
4.364025261154395874e-02,4.426891484226159329e-02,4.270608541429064819e-02,2.450419208679302518e-02
3.299539229336251323e-02,2.921022642686271764e-02,2.370018115196673505e-02,2.140269752651098936e-02
2.253907015826902421e-02,3.974255774087148002e-02,3.631932528011610345e-02,2.517611019336552305e-02
2.793919980959332083e-02,4.150920430915756160e-02,3.661276622049058210e-02,1.177769858262410832e-02
1.910465834887564371e-02,1.672572223292898702e-02,4.130833820358286584e-02,1.482723310499447882e-02
4.264543213111223613e-02,4.247963512515254975e-02,1.332279628827671286e-02,2.235561973571358399e-02
4.087766709850176178e-02,4.106909947088056845e-02,4.617477500447719069e-02,4.053920626792727883e-02
1.886205584397771667e-02,4.406417079648629331e-02,1.858950470432136487e-02,3.086651928982343113e-02
3.348967691219459364e-02,1.336519829005318113e-02,1.975674739836166122e-02,2.684093183317628334e-02
2.815687577036488087e-02,1.015916019406105757e-02,1.734680948714408671e-02,3.455369576375483254e-02
2.035956732650526582e-02,2.994709126233410096e-02,4.499563119775747827e-02,2.749835280803649556e-02
2.463003696358127825e-02,1.883780588927868455e-02,2.282248766626316164e-02,3.156824353528962790e-02
2.421740179916048036e-02,1.394280668708295159e-02,3.815619306021156981e-02,4.398435508782169018e-02
2.825686544730822425e-02,4.260768469224159721e-02,3.700937151484201548e-02,1.343801207171283277e-02
3.019057120838751496e-02,2.275051220428481874e-02,4.064827434012825702e-02,1.702901324317785195e-02
3.877505061547662640e-02,2.558683000364185209e-02,3.875084705209147495e-02,3.356492307486111382e-02
2.618940859630134593e-02,3.679452195000037368e-02,3.811378935106559535e-02,4.811495392037090646e-02
4.732416987556757604e-02,1.844501945030764534e-02,3.182408923225345937e-02,4.676232287994600001e-02
1.733920461745559055e-02,1.901858287621137691e-02,1.654880423598312569e-02,4.326233911949564637e-02
1.243726592331466027e-02,1.309913603581291421e-02,4.213897715857636145e-02,2.837267399222907077e-02
3.541408112740163788e-02,4.956764597583666887e-02,2.175402248343001610e-02,4.194506235307952219e-02
1.120828202051892854e-02,1.658125539390420053e-02,4.962103921291910469e-02,2.054529901221548507e-02
2.077021388962172616e-02,2.571501135093649804e-02,1.364193769098265112e-02,4.127934241791911263e-02
2.529202284031308728e-02,3.430345900326982334e-02,3.338634579054620966e-02,3.620158741889431542e-02
1.934107712393533240e-02,2.283716664615358105e-02,2.862854543707212679e-02,2.953827312756935469e-02
4.868948179769327922e-02,3.375815124260216765e-02,3.511358968175697787e-02,1.593524770489875009e-02
3.923394366948507878e-02,1.251239285477065595e-02,4.816026738162049181e-02,2.539214126292331508e-02
1.825401038063853565e-02,2.329295545185435662e-02,3.520038031234371673e-02,1.438229545783407254e-02
1.479012825978064105e-02,4.950751315513730877e-02,4.917778236472585690e-02,4.739974982000712961e-02
2.177955145458673053e-02,4.134021599250529283e-02,1.863183131073885973e-02,4.269861043158855451e-02
1.332418700194020963e-02,3.136179166106607685e-02,2.406572248348966964e-02,3.737764665127696340e-02
1.771735414556873528e-02,2.003922590916646165e-02,4.564852304511455433e-02,3.822507094026780794e-02
3.944476811740906669e-02,3.421434485581633517e-02,1.741809748692157295e-02,3.054807403482742711e-02
3.033354161863005549e-02,1.166097042567503309e-02,4.022979336825350388e-02,4.424452680940227367e-02
2.598490715602163464e-02,4.945240437775345888e-02,1.702142492722477640e-02,3.668857413999591227e-02
2.122576792537453350e-02,2.533755602422300274e-02,1.438779784430083836e-02,1.723597863113170842e-02
3.446810526573235167e-02,2.351881489952881502e-02,3.210461400112994690e-02,3.614242068914715750e-02
1.524268444935902855e-02,1.751618347262060005e-02,2.483539217313261022e-02,2.594570556600309802e-02
4.117764330725476318e-02,1.436735124147315266e-02,1.709160652233348773e-02,4.375671483471221812e-02
3.756130301486928363e-02,1.470167302621415775e-02,2.438467725646420448e-02,1.906416610501381059e-02
3.962963253416477288e-02,1.059927028722178373e-02,2.627698007585376611e-02,4.847527516009121629e-02
4.341803251888804588e-02,3.624266452419244722e-02,3.327023453935801234e-02,4.844802947663156417e-02
3.078247457165668444e-02,3.600329952908656178e-02,1.247410908822205525e-02,3.702814463563051939e-02
1.904722933820489697e-02,3.131643442465859711e-02,1.323543695952676506e-02,1.470045582570258906e-02
2.034982585228426941e-02,2.422315045527970168e-02,3.992363346755627151e-02,2.438256341060095894e-02
1.876604348067991215e-02,3.083638590189895223e-02,4.963610668581446700e-02,4.784420241576854693e-02
2.308039669392373400e-02,2.699194047539536789e-02,4.059163790864617205e-02,3.404546713039974942e-02
1.548271028543998958e-02,2.403800265070159953e-02,3.342854575936248657e-02,3.469260390266844241e-02
2.859115940048238130e-02,2.320230891594668443e-02,1.091077063198496629e-02,2.421872901467003736e-02
2.495103267460387075e-02,4.123969460765072870e-02,1.468586935661110593e-02,4.519270046923078848e-02
4.935686135597681240e-02,1.674966451011264748e-02,2.440241757774682524e-02,3.617156524029504355e-02
4.153700169257430047e-02,2.700159819172219533e-02,3.952082506728012840e-02,2.644658254698255273e-02
3.369145574268494342e-02,4.726058260197393140e-02,4.368715478423233767e-02,4.062463976179121056e-02
2.664413948793589032e-02,2.086180190834600531e-02,4.446880741350454913e-02,1.413138431329725650e-02
1.243598486749061816e-02,1.491033570510177236e-02,3.279433842884214856e-02,3.704329204882800264e-02
3.545184420433361572e-02,1.980045318791189349e-02,4.573772094133116140e-02,4.709240444833266009e-02
2.460849408782252862e-02,2.025529925782415877e-02,4.673225079421364225e-02,4.018915481149950425e-02
4.525238156402834611e-02,4.982600631906915906e-02,4.820568997595102434e-02,2.645928371342991942e-02
4.852070476562198031e-02,2.713086080366455821e-02,2.372964908224913655e-02,4.155033333421826597e-02
4.823149406154053631e-02,3.564207604124836754e-02,2.029463483444589669e-02,2.915356198722200698e-02
3.553014569095414715e-02,4.884397575705290429e-02,3.579043068482604117e-02,4.445753582612765181e-02
1.030719778519783442e-02,3.973936737726050522e-02,4.483759377052767836e-02,3.690680010685917778e-02
4.190383822484000653e-02,3.691504647620601903e-02,4.192211625541605174e-02,3.073697833041073163e-02
4.870198759272695299e-02,2.237388606286424761e-02,4.506478220067591106e-02,2.845137477906971302e-02
2.787227341581827167e-02,3.569073630628886301e-02,2.383159494747853074e-02,3.124075894635040124e-02
1.410512580458703896e-02,4.660280048451152790e-02,4.967686121551002920e-02,4.448568512842181188e-02
1.023554021757732899e-02,3.930418879354737743e-02,4.929038433912379114e-02,4.010626249175424513e-02
3.766886928389816952e-02,4.114618178818205824e-02,4.537965329671420078e-02,3.686710723714700655e-02
4.002571441426772819e-02,3.037640052186226652e-02,3.122508978476344621e-02,1.216188849570634840e-02
1.678228779384782765e-02,2.055509757098085769e-02,4.548108473795259982e-02,3.433843627606043142e-02
4.383380066290159388e-02,1.709114316479283524e-02,2.408240400977474521e-02,2.642952233711221705e-02
2.877005792356820968e-02,2.999682635779617190e-02,1.074993306267807251e-02,1.999648530192340776e-02
3.876344834209422691e-02,3.957954560401598376e-02,3.373840365355957466e-02,2.262107731709233488e-02
1.634071517259758424e-02,2.700901363366948332e-02,4.845418498293627141e-02,3.189662568248383817e-02
2.158685110069442914e-02,4.149240374213201271e-02,1.352030549129879314e-02,1.672605298948902711e-02
1.166414731084113379e-02,2.645551465458569063e-02,4.399962791488904595e-02,4.929677211927527974e-02
1.522183800133361867e-02,4.307723875220039605e-02,2.699837115773998097e-02,3.167390450496052057e-02
4.992902245760154345e-02,3.104780761090413649e-02,2.390726059769742590e-02,1.914876660030958092e-02
4.119656890339700589e-02,1.532789732849729192e-02,2.990305108704478104e-02,4.878629744182613054e-02
4.473291767625763027e-02,4.343230895860843155e-02,4.753817499705433741e-02,4.335508665842822962e-02
2.140931038995359109e-02,2.453103634023767743e-02,3.263252229463266957e-02,3.830981062016628608e-02
1.350167080891782889e-02,4.485840319616785782e-02,3.536706894906973403e-02,4.515219158779983089e-02
3.149340447485778072e-02,3.348261051300282370e-02,1.397895153157813555e-02,2.844424538760002147e-02
1.193478619722941267e-02,4.758702419034763209e-02,3.046821672685717797e-02,3.742300073754332990e-02
4.309641217225560622e-02,3.013358447732837619e-02,1.431325675352163734e-02,4.792035601299134834e-02
3.965560161039130560e-02,1.040861107584543921e-02,1.748389651652669519e-02,1.864719430326405511e-02
4.619987190848572067e-02,3.018695863023586334e-02,1.785864719863817021e-02,2.776680014174463113e-02
4.189807897030438377e-02,2.701412357091075023e-02,4.128226652991409673e-02,1.101063807514117247e-02
4.745701946547026956e-02,1.836197352997080007e-02,1.107809521485154589e-02,3.746669424362308182e-02
4.782911268631874491e-02,2.709412688702030753e-02,2.724134447797341152e-02,4.754780572219016038e-02
2.827785942915796158e-02,2.774851638286381789e-02,4.207527074215421797e-02,3.549272481111798161e-02
2.917165194701601405e-02,4.581989976555913419e-02,2.891752236391949976e-02,2.915478131636151798e-02
3.491281050464369734e-02,3.568379821985687844e-02,4.570446972196832991e-02,4.503688894057465003e-02
3.936859258391513933e-02,1.944235888287708727e-02,2.676134715143670129e-02,1.171249781787181421e-02
3.219496678232302428e-02,4.206924136914783063e-02,4.815087314890038189e-02,3.559801193812854592e-02
2.301738779486656519e-02,4.958431735477548258e-02,4.097916512632173575e-02,3.200288054487564898e-02
3.241973850521194522e-02,3.191157120589147023e-02,1.441794850908195008e-02,2.041701058721468592e-02
2.627545563315482335e-02,4.454235699672727533e-02,1.719195525992537818e-02,3.137675272140737909e-02
3.657011657430153662e-02,4.130860258201721896e-02,2.607818670748564271e-02,4.845113294167409379e-02
4.883762504794881415e-02,1.169019151767643205e-02,1.929475020297378302e-02,4.907832684615302116e-02
1.381951217813764086e-02,4.378997455295029900e-02,3.119653494438494323e-02,2.526094231706398074e-02
3.737874781567600974e-02,1.190901969409651970e-02,2.426190779443073570e-02,4.750178054152574131e-02
4.846243331788949171e-02,2.106094659001842007e-02,4.637596576728846010e-02,2.536115068295984390e-02
1.011342213051385705e-02,3.854483548984075081e-02,1.549763557419645346e-02,3.192991987378237390e-02
2.650432962041759932e-02,2.575647171164978377e-02,1.174622251889993058e-02,3.474689180020244794e-02
2.685925959854498779e-02,2.178369202280902237e-02,4.826898843902747288e-02,1.863766208406403974e-02
2.609099245626676777e-02,3.164057976426026819e-02,1.845864779830509728e-02,2.496830312068998650e-02
1.693740167554006956e-02,1.172404511672545807e-02,4.713685792513894190e-02,4.868835902597247467e-02
2.599876114889288631e-02,2.522004794506083059e-02,4.493862031963570536e-02,4.123277894707264024e-02
4.803867965962983766e-02,2.013689720417236734e-02,2.529057282483142960e-02,2.540654822582709069e-02
3.234905264942994352e-02,1.436532174457753538e-02,1.435462428424998799e-02,4.407959297518521807e-02
1.664543538953346113e-02,2.284625203560537027e-02,4.723850113747637275e-02,1.568661393612898539e-02
3.897198522676128402e-02,3.487588103981927035e-02,1.567569943713844130e-02,2.280312990379430166e-02
4.319810524738312840e-02,4.419416741677031912e-02,4.244854589680606416e-02,3.294616434319142667e-02
4.395836406802138691e-02,2.036269555934366871e-02,4.515062956389896687e-02,3.531103312768628377e-02
1.523463470559995037e-02,1.466318396445711984e-02,3.972832078316455157e-02,3.377364272300174830e-02
2.631052966103265833e-02,1.531885196938426522e-02,4.102450291638558288e-02,2.937445535079009906e-02
3.803694110618814628e-02,3.976623098844882936e-02,3.534137409541617675e-02,3.359443940196771977e-02
4.937819559177739070e-02,3.802126270858551677e-02,3.675977554174827966e-02,4.133593418323922714e-02
2.126061865587587640e-02,3.735207151520456015e-02,2.566449076592246248e-02,1.970758570153269273e-02
2.263050151887238681e-02,4.072324633703033187e-02,2.732154674423520335e-02,4.799976135710018466e-02
1.113415279738004353e-02,1.723606253972799485e-02,4.129796026091440281e-02,1.161955981642358998e-02
2.710361321201471690e-02,2.579745170245201918e-02,4.293190911108662328e-02,3.262336760356342180e-02
2.145737548002159961e-02,3.853187136275432190e-02,3.968973182340168604e-02,4.329251076616008609e-02
3.652167887935479917e-02,4.436519319121988436e-02,1.268738086642268170e-02,3.284091955381034100e-02
3.764789873966584155e-02,2.154846837577837140e-02,4.626178803618442859e-02,2.261779206666509473e-02
4.363585704103768032e-02,2.833094060823441313e-02,4.082812224560343484e-02,3.977192299718770169e-02
4.018112181152081602e-02,4.471409553679429189e-02,2.118311185593909143e-02,2.977612097945065567e-02
3.401907793151916909e-02,1.512758297814094377e-02,4.937429218909061834e-02,2.848225878575107867e-02
2.018121684824526751e-02,4.386577903223616570e-02,1.811596240276036607e-02,1.847234464240932530e-02
1.045881978762287084e-02,1.897249291143856750e-02,4.824822871653171308e-02,4.154517657865422486e-02
2.673602076125449617e-02,3.503854518931697609e-02,2.041035227887124520e-02,4.108121666099908559e-02
4.366200221606335308e-02,3.263094470228616872e-02,4.399381908963333199e-02,1.815626319229530355e-02
2.409140866060754949e-02,3.245382059063248170e-02,3.748088667292453352e-02,4.413893867824807138e-02
1.557088527588761095e-02,2.319567341022766085e-02,3.945552277324190782e-02,4.485862285653249154e-02
4.725448140337220465e-02,2.518746920015021984e-02,4.536760294056250281e-02,2.939144622665915141e-02
4.236879090053522617e-02,3.649079795703561585e-02,2.865058143372096328e-02,4.200847806953512259e-02
1.479514069816766954e-02,1.400739476192133098e-02,4.561722081079514629e-02,3.915493652916796075e-02
3.750122746398436985e-02,3.300414682857949478e-02,4.410261017196020344e-02,2.789644717140464525e-02
3.946788455139497304e-02,4.933739732513731796e-02,2.467066339507898581e-02,2.847336185678780995e-02
3.922743653597893926e-02,2.963295706488688203e-02,4.638497455466832065e-02,3.176861269125348664e-02
1.354252351789531593e-02,3.809390505684809303e-02,1.923204259804157240e-02,2.457211522904257511e-02
3.066856020736249966e-02,2.350213777306933358e-02,3.697313182604260867e-02,4.171271759035753007e-02
3.032456246658574162e-02,4.018602759900873761e-02,3.383312420111656005e-02,1.890118642010069072e-02
3.596631628390396795e-02,3.435877812678333337e-02,3.100650316369792797e-02,3.412780162239926335e-02
1.171669461436534131e-02,1.840783280436927155e-02,4.729035687270938954e-02,2.712982501420730524e-02
1.563972988003136527e-02,2.116325182135272986e-02,1.918639224135119253e-02,4.847285721585976870e-02
3.505319569819747433e-02,2.093812986050773775e-02,4.843293299021963344e-02,4.653127795560497992e-02
1.833746559444323493e-02,2.650631964321340656e-02,4.883709562719767278e-02,3.835410660378110737e-02
4.710882283107847845e-02,2.284889854707061393e-02,1.807488517894550659e-02,3.809457362146249915e-02
3.699751285098255155e-02,1.527156124018142283e-02,1.623662546962738318e-02,3.849367106802491223e-02
2.858746457695460902e-02,2.007730388586272119e-02,4.589919229413086388e-02,3.752339944612088224e-02
1.734996630595295186e-02,3.314227067457413411e-02,2.907935494251429054e-02,3.284610326052189722e-02
4.587111446732651532e-02,4.345121025053379216e-02,2.504397619220879306e-02,2.529904575740378470e-02
4.651681270084988273e-02,4.019821133405683533e-02,4.905436328601009421e-02,1.013379018332785826e-02
1.781445052573120760e-02,4.956228684158931613e-02,1.933342503378583654e-02,3.269145346363082349e-02
2.304849005697819780e-02,3.281127864654208998e-02,3.940175288340290460e-02,1.753730228125167240e-02
1.950669211753359999e-02,4.110030894388050360e-02,4.860780803111528631e-02,2.991188484516396628e-02
1.618530474486905985e-02,3.834462417718655786e-02,3.463471507402320765e-02,4.343252420839667505e-02
1.161295360704475699e-02,4.291631510519639675e-02,1.906753310104134305e-02,2.905637469805291001e-02
3.812595023319633597e-02,1.716940428095979285e-02,3.107197522713784493e-02,1.867325919913111892e-02
2.322035073660136395e-02,3.524032943560506670e-02,3.822103854156591596e-02,1.869181417124743047e-02
2.113684615529616562e-02,3.214225812543488464e-02,4.060571131783399096e-02,1.499666276914348936e-02
2.217271307976140943e-02,3.493258110826619189e-02,4.249060180336883263e-02,4.133630613584016178e-02
2.374991174522241705e-02,4.787886195812970230e-02,3.558692308371605439e-02,2.509064718841051006e-02
1.578884437303596650e-02,1.374433360392818791e-02,4.184708154226251392e-02,2.076056203744548051e-02
2.413986730908397604e-02,4.979708506044826233e-02,2.355574995344327655e-02,3.386622095998328280e-02
3.887914374690412678e-02,1.661588302591899408e-02,3.160928594502781380e-02,1.879540332299830391e-02
2.362795070757046922e-02,2.190992633915209847e-02,1.302304797737037674e-02,1.530242650522774771e-02
2.958020480164174487e-02,3.170183715548885450e-02,2.630537256911162636e-02,1.702657835244433121e-02
3.769000272332693330e-02,2.361808764397704125e-02,1.886505419682892731e-02,4.927948596973839857e-02
2.244090389860694396e-02,2.460555206376044413e-02,1.440676683805017927e-02,4.501283007003691744e-02
3.607605306748691565e-02,2.671578029547153066e-02,4.386006141180152224e-02,4.399155962417639759e-02
1.146040497050521134e-02,1.279353184240654764e-02,2.721209712306953132e-02,3.774595990097537324e-02
3.895073199052710711e-02,3.822785652148397162e-02,2.402367270072686134e-02,2.093358462950380139e-02
4.191126070867842029e-02,3.970419803206443748e-02,4.596576078056829190e-02,2.268832185028088477e-02
4.916843668652468025e-02,1.419154821043019932e-02,3.445372697402558637e-02,1.114296686095708755e-02
2.331608519841938190e-02,3.797508920366653162e-02,3.658056169908908278e-02,2.298308789270025326e-02
3.027566220495400695e-02,3.074156399030369274e-02,2.801627555315298890e-02,1.609277158437449548e-02
3.071412841809308125e-02,3.365531142123139724e-02,4.794613865949058640e-02,2.186532262029932186e-02
3.203227141235558129e-02,4.789147738259221659e-02,3.797206791572253076e-02,4.196129157259168019e-02
1.105734785292130339e-02,4.517619884196674013e-02,3.363196053158887949e-02,1.579695938555497614e-02
2.963941998463753141e-02,3.189834705254061126e-02,2.342368216355509430e-02,2.383199621115836969e-02
4.331876411515879488e-02,4.446712061471901067e-02,2.181237057098861162e-02,4.179139791193629133e-02
3.464169453836101614e-02,1.464699589664651691e-02,4.233084256743634838e-02,3.752958439562771586e-02
3.927179281664355120e-02,3.538437094926229903e-02,2.773685788257440610e-02,3.108502540334557446e-02
2.608592391818308903e-02,3.422463734416188175e-02,3.696634717321455044e-02,2.219406748164518689e-02
4.056495095116414290e-02,4.913929895619516958e-02,2.312306251643730243e-02,3.062677384186281160e-02
3.902349362764438029e-02,4.093637938352557432e-02,4.223374835458707649e-02,4.777837086264669075e-02
4.983605842712717643e-02,1.495057315176757939e-02,2.571909333494937916e-02,1.117892116627196633e-02
4.138418531552519319e-02,3.642321710248206529e-02,4.728616624051123346e-02,1.985265972062409678e-02
3.790837167040918276e-02,1.752155830626761848e-02,4.384038867903997105e-02,1.181800476713845867e-02
3.133978038534641908e-02,3.732849947659194062e-02,1.364241366960408652e-02,3.955646010113946648e-02
4.227021356118341316e-02,4.970873726162230305e-02,2.405463968450977791e-02,2.310625056326733040e-02
2.463844829102088130e-02,2.847641998005892572e-02,1.768507157043883171e-02,1.757347611776461163e-02
3.840428117617711995e-02,2.868318561014882723e-02,3.005260745493781166e-02,4.729951380903845565e-02
1.970959725573368654e-02,3.434692613406544609e-02,2.279216817665384587e-02,1.163194954969780891e-02
1.953906038003514964e-02,4.755854010109721031e-02,1.833090573446615607e-02,1.975758301334881728e-02
3.621932672028308625e-02,4.099678073364815267e-02,3.309555472942919685e-02,3.468873600736919333e-02
4.499150517210322858e-02,3.133359416408543902e-02,4.932941938240895802e-02,2.878753632776127197e-02
2.136044968044923179e-02,4.834919914053549539e-02,2.753541188089279890e-02,3.273221984360673992e-02
1.945412722831087182e-02,3.536390962674384325e-02,4.324228874070306511e-02,1.820593960835904801e-02
3.571725868015881988e-02,4.672146645058589814e-02,2.831684439811164855e-02,1.111628759251493889e-02
2.120283010885849750e-02,2.328491595078770876e-02,4.192107973944478316e-02,2.991674760257327648e-02
1.685854331226046415e-02,3.634023191341015369e-02,3.335123279405888957e-02,2.178030908490234674e-02
2.129816328699823957e-02,1.800100813312779241e-02,3.929907920074287436e-02,3.793822460151370646e-02
2.717414948182127893e-02,2.646127007132896558e-02,4.600665234286762523e-02,3.864485539221412108e-02
4.010440426744427134e-02,3.393676300462074302e-02,2.218055505888028023e-02,1.166069392094865736e-02
1.637147105005789041e-02,2.077299710624597867e-02,3.398082029881067251e-02,1.281476186943833820e-02
1.057401067781544614e-02,4.880994505246804421e-02,3.967636904437539525e-02,4.049315565293705454e-02
1.789937627777726803e-02,2.297277470602556576e-02,2.361163509960126361e-02,1.590125423749553374e-02
1.558040997989987297e-02,1.538829446743845281e-02,1.486644306564484895e-02,1.963764908316068675e-02
2.238295345173189205e-02,4.860485924534317659e-02,1.209538217882982769e-02,1.187996171871309389e-02
3.261832218521166366e-02,2.842482264035998268e-02,1.434541972848755315e-02,3.118715504282946333e-02
2.594210278006826159e-02,2.468798629130241132e-02,4.516999204404075624e-02,3.035559327314190509e-02
3.821570348761038627e-02,2.699567712123707858e-02,1.520905072331586727e-02,4.219132945265156170e-02
1.846776877766905661e-02,1.160618588899846489e-02,2.873842378188821989e-02,4.789166838116084429e-02
2.679799557932296267e-02,2.331592026000881002e-02,2.085473360566845319e-02,4.589532900703891666e-02
2.634435036833145810e-02,2.382192592289189559e-02,3.142719818106061436e-02,2.883710942581354381e-02
1.328201860380171830e-02,2.523333290156669004e-02,4.319520630380933868e-02,4.317655540436150796e-02
1.389866101780694654e-02,1.032890077184165853e-02,4.173483847566420574e-02,2.920463084348755983e-02
3.215666066446647153e-02,4.272700044847314166e-02,1.390643025302313110e-02,4.220145841842044832e-02
4.724410923654988326e-02,3.113114148669090392e-02,1.738467177327371327e-02,3.344052585945581774e-02
2.531942394481475483e-02,4.955307997861813085e-02,3.709139414068847451e-02,4.440569428832578935e-02
1.545387912047992141e-02,4.220672576118412317e-02,4.621546335962785357e-02,1.948977620222583015e-02
2.843623999530999619e-02,4.449591681352020600e-02,4.238122938616798591e-02,3.252001635374063282e-02
2.059917391348264903e-02,3.950698891389859552e-02,1.108385311101013106e-02,1.388800961338451309e-02
3.935099384229789887e-02,4.471337820899846938e-02,4.123848477108908728e-02,1.594969432593177500e-02
4.505721741160584326e-02,1.228917979373717571e-02,4.767932537797794218e-02,3.850437490959682935e-02
1.984101302432042524e-02,4.403226715911309763e-02,3.077403983293653528e-02,1.720904576293628280e-02
2.121725458382257845e-02,2.730920528830903249e-02,4.392130537330317386e-02,4.880678067192163044e-02
3.886304902197273980e-02,4.269600485403322182e-02,4.777858651741472007e-02,4.338142131333185686e-02
4.295482122544350134e-02,3.826927817351342270e-02,3.326553538593175763e-02,3.738907179081551319e-02
1.642161432871343599e-02,1.683696831022387166e-02,2.827183035143317202e-02,3.279635492975827710e-02
2.710040485602702165e-02,1.553024146827708223e-02,4.468292260217768957e-02,2.736367110387109836e-02
1.574367951615179492e-02,4.127222007804284831e-02,3.126699484018870961e-02,4.537279742780939151e-02
3.110171063822015497e-02,4.285726475698586196e-02,4.312757762322805277e-02,3.007503310736554802e-02
3.920252403765591559e-02,1.613650750076809151e-02,4.518947160154401094e-02,2.423689399731657548e-02
1.687375152847865600e-02,2.291600426904739224e-02,4.488073536879948894e-02,1.337605340040956894e-02
4.782669540630793414e-02,1.394877590267643366e-02,2.605033949275128297e-02,4.845502260188477850e-02
4.647524455449403291e-02,4.015061506312581074e-02,3.568020385926305715e-02,2.101931424620624711e-02
4.910109573893393226e-02,1.051715213091901531e-02,2.207551297610312740e-02,2.793289087533507020e-02
1.322886694128529161e-02,1.562132757044830053e-02,1.968660629225931630e-02,3.540970475239134385e-02
1.444700849447759505e-02,3.153717757751127448e-02,2.315620357965712112e-02,1.063810851624313013e-02
1.675292674624544870e-02,4.722120212204390655e-02,1.308123451654164167e-02,3.221247149120473607e-02
1.813174150271497712e-02,2.995956265438738664e-02,1.617505186992466981e-02,1.551496486510531639e-02
2.137791100762049049e-02,1.621481849541719228e-02,2.006803387806933847e-02,4.631027606729427870e-02
2.633993209793446949e-02,3.345442383418497506e-02,2.744203586140252921e-02,1.098646643848131405e-02
3.763823599924502605e-02,1.047176060025777761e-02,2.563981978792355398e-02,3.081313894851166191e-02
4.366655633796974467e-02,2.306092138811933340e-02,3.594818012045829930e-02,2.574603528919401640e-02
2.669923757362378802e-02,1.653748626366056962e-02,1.692469880060418902e-02,2.468211109767463191e-02
1.108516215327628313e-02,4.518336837569956327e-02,3.386439777810489049e-02,1.121587937596437920e-02
3.694507162129306854e-02,2.582638920718542674e-02,2.444903388957318791e-02,2.018828924402633895e-02
2.476276680351011464e-02,4.501364488002652237e-02,2.149645235200279419e-02,2.569155293838502191e-02
2.837582738241486990e-02,4.995129274775585160e-02,1.823482513464196736e-02,4.402658529417528832e-02
3.332068462702156980e-02,4.039629321942073831e-02,2.030013738344052868e-02,1.030008360065712107e-02
2.546768398675575140e-02,2.656886467131821389e-02,2.245020659456662543e-02,4.542398771865237966e-02
3.289206389192685792e-02,1.231321674812278777e-02,4.262272279878338149e-02,2.508550571903905499e-02
3.991375445541624906e-02,4.304847497229195158e-02,1.308672561659559100e-02,1.135132971584488712e-02
3.877008336023855112e-02,3.933280741276175274e-02,4.537193481934448380e-02,1.223982654596778019e-02
1.835826990800266262e-02,2.883664651813705460e-02,1.519983965000071616e-02,2.409293659659277054e-02
1.700571555799790247e-02,4.814393434059085347e-02,1.509375654309594653e-02,3.002660053284887665e-02
1.061069156449578714e-02,4.370309065728870263e-02,4.318346007940066650e-02,2.066688746884146055e-02
1.426905878841213185e-02,3.863188851984789701e-02,3.464797149042080776e-02,2.762766437942040798e-02
4.994333042737746781e-02,2.609890649764867732e-02,2.102994166839014176e-02,1.364448052387857470e-02
1.830378045125663489e-02,4.727587070796458735e-02,4.869294602607882050e-02,4.600573632217992009e-02
3.749209667901871185e-02,3.610996960927707888e-02,2.002144681714251168e-02,3.313498836199792880e-02
1.805215269000239736e-02,1.086055175463579957e-02,1.542288397343094357e-02,4.553313300376377049e-02
4.410210649314443010e-02,1.531773222455870900e-02,3.267404471095061019e-02,3.683927320009162260e-02
2.712928916438001048e-02,3.074914139158192034e-02,4.865695740135583119e-02,2.969950330321922960e-02
2.632199826101620788e-02,3.248178887276904903e-02,3.845000285548293845e-02,2.269302294441487289e-02
2.278793450161984216e-02,2.551947607082585140e-02,2.513046494204736192e-02,2.288423618480431992e-02
2.789509468063924857e-02,3.725012836043478659e-02,3.688808347732112219e-02,4.409281989901928100e-02
1.338156042180840312e-02,3.492946553290805084e-02,4.736780500915431513e-02,4.623002618969549588e-02
1.641669986789219549e-02,2.986485177948468295e-02,2.459569915320162017e-02,3.366968429027064613e-02
3.627347719948335880e-02,3.081669551744437019e-02,1.069529164743774144e-02,2.560623132534729091e-02
1.723870736356640510e-02,2.950118927953320619e-02,4.667957794184676018e-02,1.051056554785477146e-02
1.502013947332910514e-02,3.986315403091055670e-02,4.223903280400561483e-02,4.327300940173115645e-02
4.826020965527086370e-02,1.220569833151882201e-02,1.404589084268826477e-02,2.949108141255047527e-02
3.004476896035040284e-02,3.262978878769602631e-02,3.427131222203592259e-02,1.438501757575564449e-02
1.406081854499691836e-02,2.016187384323064533e-02,1.809709451030396682e-02,3.083809936946334956e-02
4.083788510186991960e-02,4.369805070588465845e-02,2.621817507031592304e-02,3.936464496404856739e-02
2.248695118848257138e-02,1.268729780090537169e-02,4.643363785499887708e-02,4.063712009811339815e-02
1.407686799633452862e-02,4.318461715248080035e-02,1.966022990825056632e-02,3.931756783434099678e-02
1.008832071053368008e-02,3.435055684734057008e-02,1.318652549108921546e-02,3.147123279494355719e-02
1.716237865644987259e-02,3.536489518394698300e-02,1.106907426931548130e-02,1.678226760341641061e-02
3.427489106519206186e-02,1.137627787077897731e-02,4.695977157111604766e-02,4.691895113329039302e-02
1.902449185704587625e-02,3.472679733104076100e-02,4.148437692167173535e-02,1.900256291447102036e-02
1.012052622212196613e-02,2.733178185504690771e-02,3.566895095393248644e-02,3.216592438606317300e-02
4.470824540401851371e-02,1.850869076918746498e-02,2.966051093674690331e-02,3.307573207268063586e-02
4.885959607439950558e-02,4.812165296538047088e-02,1.243770782565227842e-02,2.450051146713931247e-02
2.199165247973469337e-02,4.416451603766954198e-02,4.733516935684485560e-02,4.977858289611371972e-02
1.377366914208527290e-02,4.355501635113361025e-02,4.806618246241185083e-02,4.928521790919216522e-02
4.777356675289213400e-02,4.475970638565245074e-02,2.553878642430083140e-02,4.499131349689101944e-02
1.769723565347480071e-02,1.546069779602102234e-02,3.601973036569927622e-02,3.311860017862393313e-02
1.414922964907962093e-02,1.104408303298602678e-02,2.554900669632513555e-02,3.053767739657321789e-02
3.170851544264940980e-02,4.207828158459218926e-02,1.283534875957713373e-02,3.888219698680758785e-02
1.689329053718895135e-02,3.363349040568477943e-02,3.371384923615557139e-02,3.521676257304644925e-02
2.261343032170701553e-02,3.562731455456085577e-02,4.138007848276632067e-02,2.954479106455958071e-02
2.485864293256995552e-02,3.089548297413598210e-02,2.085997049429682421e-02,4.867275814430654240e-02
4.988939953515077880e-02,3.597521907626662768e-02,4.499123988638821514e-02,2.924481747701071499e-02
3.264524173520601258e-02,4.829537053486227666e-02,3.201879158955377863e-02,1.384707647412236273e-02
4.396832041749516168e-02,4.292879424669795302e-02,2.996393230824075105e-02,3.678542835417879242e-02
2.849929069856169811e-02,1.992102016109829898e-02,4.050788325314629013e-02,1.469173965058866681e-02
1.114709738180377080e-02,4.227305155188499503e-02,2.405198412958545195e-02,3.900664842628901591e-02
1.224596703611828888e-02,4.337489839934430269e-02,4.552259384523890673e-02,2.328521165050432065e-02
1.234196104738268136e-02,2.557642963916066658e-02,3.082225242515457958e-02,2.476425035839549191e-02
1.482305753423023009e-02,1.717292833665651219e-02,2.983169758310651870e-02,3.260876267993136068e-02
2.188347230980165065e-02,3.019772765761058464e-02,3.637737411361071510e-02,3.148289177520832705e-02
2.488086670239408882e-02,2.608063783058526403e-02,2.195849368343611580e-02,3.053407653213248418e-02
3.821225458753516740e-02,2.215000513260480253e-02,4.466565638793006110e-02,3.845228852663330060e-02
2.492124008558918580e-02,4.945707154290453211e-02,4.007917206456296233e-02,3.095162497938842155e-02
3.434547938455943805e-02,4.575223285153871833e-02,3.915346506097273221e-02,3.128884419812472811e-02
3.327764075445217851e-02,1.090449018789586139e-02,1.971692441863975506e-02,2.908889211562236399e-02
1.226382994837241919e-02,3.949066643226790962e-02,4.732248284224625789e-02,1.436229530567781354e-02
3.090069699403660830e-02,4.495414854921521430e-02,1.615250322508227088e-02,3.045116689038834812e-02
1.328192054940967662e-02,2.357896249993519239e-02,2.813851510809949746e-02,1.865723216213885371e-02
1.366221329724748128e-02,1.798674116539083351e-02,4.604119652855306194e-02,1.805586030990755098e-02
3.044175877877525194e-02,1.094396337199222274e-02,4.134612871812751861e-02,3.714940427947966556e-02
2.908735312982375920e-02,1.159168579860704248e-02,3.378011222965844607e-02,3.074503057773997350e-02
1.542040681126312547e-02,2.325377181600365994e-02,3.116178426308734151e-02,4.157667559258155371e-02
4.925866012382897063e-02,1.197004363761210513e-02,1.637471343177563168e-02,1.254338130464801269e-02
1.216507484804305733e-02,3.386783849096354493e-02,4.337608720453366845e-02,1.011294866860143297e-02
4.892348652014057858e-02,4.195227987362696448e-02,4.888431224749867354e-02,3.690121812882522084e-02
3.663334542934589683e-02,3.316958688878416522e-02,4.382393878875010668e-02,1.132028320240805776e-02
1.039406531222387964e-02,1.287566863648023294e-02,1.308908489617401950e-02,2.246061393914289273e-02
4.503907335402373285e-02,4.148683310765979848e-02,1.133098284679441223e-02,1.001499438820499174e-02
1.217210277351297477e-02,1.821906334578720157e-02,1.796932050122465249e-02,4.694603956141164824e-02
2.654589184036717370e-02,3.437466413056818049e-02,4.510498315082224485e-02,3.931324522208280714e-02
1.582552576064017585e-02,1.293904718620662864e-02,3.187949385096841559e-02,2.415222634982896674e-02
4.882142316627999939e-02,3.526756978085028582e-02,1.649548974632442100e-02,2.746792010265473871e-02
3.501418620453700808e-02,1.197666371945640962e-02,1.878915380172986593e-02,2.514828994625879083e-02
4.458121308852933812e-02,1.000650035807966465e-02,1.826101098951388169e-02,1.295197598577825515e-02
4.746500006670627270e-02,4.068624269429609031e-02,4.638978560950524077e-02,2.413764228886847857e-02
3.181521338428170559e-02,3.071088092013295190e-02,4.943303914600957055e-02,4.999639626534789494e-02
4.878097880268351255e-02,3.908540091535398636e-02,1.224201395907863719e-02,2.419502102709281122e-02
1.002688544626083138e-02,1.771628359686113624e-02,1.608180466964079930e-02,1.386534338784349042e-02
1.692340554462871266e-02,3.480253977724266645e-02,1.295905209673827406e-02,1.107969929356867646e-02
4.304702530926923093e-02,3.343180038416510014e-02,4.122954112081000932e-02,4.720336853843692254e-02
2.268648955947132756e-02,4.452276704919612416e-02,1.319218651363361985e-02,2.381735608482588723e-02
2.165352235992869245e-02,1.609545403748374737e-02,1.951976968823043376e-02,3.876871311196284503e-02
1.751887929658902526e-02,2.675763985632207548e-02,1.786668721476059735e-02,4.099262105657124761e-02
2.167979932780481067e-02,4.840812597872985040e-02,4.466354440288234501e-02,3.767763046341593425e-02
4.649791968442373163e-02,3.967743642473172544e-02,2.510638481286790735e-02,3.870964329914605706e-02
2.794861253385191174e-02,1.816546135638777426e-02,1.934897551821057604e-02,2.303878518965004479e-02
4.322749023361518311e-02,3.862583140824712991e-02,2.931526151204409680e-02,3.976608389155746742e-02
4.108934155438753733e-02,2.892199743586516825e-02,1.570318276102374011e-02,3.309511696382391732e-02
1.082144098088783438e-02,3.616361098676949132e-02,4.807950685739084684e-02,3.508193263656321503e-02
3.035427803296966015e-02,3.045224860261255134e-02,3.124889226866914976e-02,4.344786688270885211e-02
1.802013523576871667e-02,1.175083118869923830e-02,1.285216130542790602e-02,2.170942778267182655e-02
3.041233201033469169e-02,4.733191673850394021e-02,4.415499795057496041e-02,4.856643903129752304e-02
2.576625575746843005e-02,3.473777595651719730e-02,4.221891295120223236e-02,4.204154064460404600e-02
2.588521106170729030e-02,1.927552372568516054e-02,4.056928154195076769e-02,3.255888627909002409e-02
2.747867601049835962e-02,2.195925346927835725e-02,4.368326925197980187e-02,2.483702495320881665e-02
3.817086420192501717e-02,2.904735547995771633e-02,3.927224837927936751e-02,3.033368191041790896e-02
2.534754516167831567e-02,3.601485460491166135e-02,1.225258511803843653e-02,3.813203296690544086e-02
2.984852387255495371e-02,4.700613753310050463e-02,4.157800775060854770e-02,4.911491945261352993e-02
2.897572180426728067e-02,3.875535554139610678e-02,1.806435568840578099e-02,3.602935102450616212e-02
1.247651633570092886e-02,2.678812243452950714e-02,4.851385846903771143e-02,4.300920825754398630e-02
2.573062822781944231e-02,1.928781122674398663e-02,3.254386138300925657e-02,3.915845293127531018e-02
4.188104600525013876e-02,1.169249307147772823e-02,2.758444186917277663e-02,1.220334643093787079e-02
3.980992217933582850e-02,2.442294948176047462e-02,2.051534829085777459e-02,3.190153120542115611e-02
1.051624056400950365e-02,1.956385366673667886e-02,1.895866258866389653e-02,3.699282092906847064e-02
1.397217179737095076e-02,2.269239440203285954e-02,2.148836696492145357e-02,3.452388702857168978e-02
4.560821900015229330e-02,2.667230210451502354e-02,3.018160394136740199e-02,1.500385250470095792e-02
4.161506071453238004e-02,3.633313750192854186e-02,2.567355237085174741e-02,1.174073172458361437e-02
3.720270588741158430e-02,2.766213563186745855e-02,1.437781289006612173e-02,1.265814493426592469e-02
2.882420503035981740e-02,2.296810787889702957e-02,3.920743980302741905e-02,4.031214505137104692e-02
3.042150610665918242e-02,1.566823288916643561e-02,3.405949861763459680e-02,2.070434224765856437e-02
3.390347171167275991e-02,4.982070498341537729e-02,1.351247726119742844e-02,3.191302249192753265e-02
3.735434659746245806e-02,4.242068182780167618e-02,4.690286144414363562e-02,4.454161910546774322e-02
2.015441561123192116e-02,4.842920528977918970e-02,2.702822663891860100e-02,4.015679495159562434e-02
3.448276436138830725e-02,4.597454733139770544e-02,1.623870003717996918e-02,2.693935847485102314e-02
2.462142422368344269e-02,1.881471397679840979e-02,3.919835977356964096e-02,2.070325335270892242e-02
4.482951005736743322e-02,4.160067414520169510e-02,3.678318109752787279e-02,4.339142911474229425e-02
3.498195865860900811e-02,1.570882395592096067e-02,3.242123689937643355e-02,1.615550709732459234e-02
3.604312819715170535e-02,2.352209085746717956e-02,2.830773339890656215e-02,2.692388025972140136e-02
3.677993511836865487e-02,2.107304738791955512e-02,4.485336721870712001e-02,2.468018196528647124e-02
3.030914122906332164e-02,2.658392556450893396e-02,4.284495194074754154e-02,4.125637923720796435e-02
2.654938591653420443e-02,4.396195180397815400e-02,3.285665372238878029e-02,3.074377898158633937e-02
3.650943631355124674e-02,2.242749715014109163e-02,3.782518849279505047e-02,2.779293679013150609e-02
2.531078521299183134e-02,4.324412451501387367e-02,4.118419640677273980e-02,1.437345935668604691e-02
1.363600580502811327e-02,2.866271642776868633e-02,3.637280239711531554e-02,3.133348843133110934e-02
3.668048825346302555e-02,4.230460763433772919e-02,3.155796334411571646e-02,4.556713596184887305e-02
2.886705877034035500e-02,1.402135335576019590e-02,4.803381566491112670e-02,4.748365088525655781e-02
4.055086308205362727e-02,4.138361660668554709e-02,4.417585217372432815e-02,2.164789567275932775e-02
1.102940726353586649e-02,1.149286698061104811e-02,4.287114514726728109e-02,1.985719171861604487e-02
2.210063822785298532e-02,3.760222865095722705e-02,4.774626673079445521e-02,4.297909407517372382e-02
1.085500185794518839e-02,3.498182751532968870e-02,2.992353747882146170e-02,2.745018447979945264e-02
2.141081576838513301e-02,1.412236416426292107e-02,4.198294163659710421e-02,4.124534372429704970e-02
1.999743922479328348e-02,4.298329284233452091e-02,4.559935240585041155e-02,4.664497704893923180e-02
2.412108023371495671e-02,2.502094917687258668e-02,2.967795343972960687e-02,4.852261132087248158e-02
4.336285906326905332e-02,1.342168106316916909e-02,3.839925612177991221e-02,2.430988880292772950e-02
3.465914009024087528e-02,2.345636506993896073e-02,2.822135708056613262e-02,3.334940109663241115e-02
3.011521630605364097e-02,4.460074239422524151e-02,1.149011378371205851e-02,1.578498008787891302e-02
2.149982019637670244e-02,1.434378442556427137e-02,2.208149603461354027e-02,1.901314015070084198e-02
2.250068749312555960e-02,1.764539920735775855e-02,4.633043581781287612e-02,4.701133623789702926e-02
1.698968907447365173e-02,4.055925405430493846e-02,3.598368796481867665e-02,3.015947599053159928e-02
3.792199812430716716e-02,1.021445656033667312e-02,4.236503525438008871e-02,2.842427278813379476e-02
4.359030216504748700e-02,2.359746241284603474e-02,3.810568172580987983e-02,3.535957869194224223e-02
4.569357145378895313e-02,1.277895804529548610e-02,3.441929060531014745e-02,1.136130538274915391e-02
1.526674788853950304e-02,4.502302106106240848e-02,2.975305590676869533e-02,3.058103370718356223e-02
1.197839577477837446e-02,4.436813512520235148e-02,3.148945614724250192e-02,1.466040133669135534e-02
2.732583475285005337e-02,2.930986180697101040e-02,1.909576375566321774e-02,2.912209081387522047e-02
3.561743299546596409e-02,2.554220157893863016e-02,4.487621382472870707e-02,4.564987792219289686e-02
1.328577487587850534e-02,1.528861252596009496e-02,4.373050689075601988e-02,1.312702420106694363e-02
3.235555767912233482e-02,2.349704272230718205e-02,1.805642319729511280e-02,4.653685220396967109e-02
4.224731348670249936e-02,3.962786716438840284e-02,1.229291152409223153e-02,3.776541981348461446e-02
3.164880675787492409e-02,3.166676295189385648e-02,2.406022746463553491e-02,4.600097144019300865e-02
2.712076611743461513e-02,4.877130510150112092e-02,3.377131702878415770e-02,3.735908241781012162e-02
1.151139985775822064e-02,2.981604269481245850e-02,3.060919845332307765e-02,1.031868383255691093e-02
1.247499901221807428e-02,4.465668877833282868e-02,2.086821053042180879e-02,3.109807851368231318e-02
2.793075814360055503e-02,1.277165598820468803e-02,4.509617791493396310e-02,3.465906230875608757e-02
2.721671110029195290e-02,4.344123481011008536e-02,3.832557721909274351e-02,3.210345075543834942e-02
1.114288405666006600e-02,4.181910228539563457e-02,3.210897094441090421e-02,1.683397727140795164e-02
1.650052067616275542e-02,3.332683755267925457e-02,1.954277249771847053e-02,3.496290938994837949e-02
2.959214572247678698e-02,3.613149510256733615e-02,2.572512936253058824e-02,2.029313748671610074e-02
3.372972973577502420e-02,2.157504091896406476e-02,2.109516437457977997e-02,1.584414691323230567e-02
4.523431569629955684e-02,2.602319783458553748e-02,3.804875678701525460e-02,1.090146092478140247e-02
3.434123107972340827e-02,3.335000427478705676e-02,3.064122567043259943e-02,4.142322712307835997e-02
1.975036846080316377e-02,1.910376615116870375e-02,2.928180220029212577e-02,1.244076876423244604e-02
4.919017020816892488e-02,2.579335067810924198e-02,4.619165547705206265e-02,2.911633472972748743e-02
3.477514125160763997e-02,2.296769449157405607e-02,4.959162374005154222e-02,2.027896341611608311e-02
2.789616333794815717e-02,1.020772508150859931e-02,1.986710913970668457e-02,1.695250318177031479e-02
2.124115809663056076e-02,2.930203504529995534e-02,2.790804918008473606e-02,3.393249091087637004e-02
3.151924554704970544e-02,1.985058039269278762e-02,1.024856711547757031e-02,4.403700865781361162e-02
1.596832800587877702e-02,4.416055394321095895e-02,3.251753610391041466e-02,3.235820550267308471e-02
1.425303195964212205e-02,4.349341073944999053e-02,3.940426270863960079e-02,3.881137942297960275e-02
4.631170959988869379e-02,2.859549282744010268e-02,2.984542320801857052e-02,3.494740858426301222e-02
2.750829700982364290e-02,4.188198061672913225e-02,4.987187764202992424e-02,3.970092659333791796e-02
2.858180454408385668e-02,4.575044293195390521e-02,1.883731945934954272e-02,1.286325912382413339e-02
1.798932118661758506e-02,1.586493865805285730e-02,1.762991232376929368e-02,3.710927981848393536e-02
2.739061116522042982e-02,1.937001681605436676e-02,4.485806659349152875e-02,4.849990113337627334e-02
4.084556325516256609e-02,1.950132726065022942e-02,2.204937035510456250e-02,1.407266947546538874e-02
4.153987728339635088e-02,3.971712722193992962e-02,1.992027141561420606e-02,4.576049692605716618e-02
2.212226216340332924e-02,2.178819306194173036e-02,2.621762254072398934e-02,4.044014757785336506e-02
1.632456084562947801e-02,4.306036222742705422e-02,3.199097050531286845e-02,3.211659257863244687e-02
4.033072086330165285e-02,1.185726741791367708e-02,3.561119976322098257e-02,4.662592777581171799e-02
1.237863960473768038e-02,2.463575562481864351e-02,3.189344417909135282e-02,4.413367179110265492e-02
2.774160862701114533e-02,1.841888692673479197e-02,3.572013442515195591e-02,1.219819397766330922e-02
1.410299747923918559e-02,1.753030656709698293e-02,3.833026398179566197e-02,2.613431580798394188e-02
1.041621207550124870e-02,3.603797991483896623e-02,3.780284298365036572e-02,4.466088742266909051e-02
1.610123080338690671e-02,2.576677028400709002e-02,3.350532475582454484e-02,3.643781964158934045e-02
4.526688901482182198e-02,3.501947065156717220e-02,1.135604035443406497e-02,2.805837310964602593e-02
3.699889585021584604e-02,4.589928885448276569e-02,2.968552996825856577e-02,2.935561908979780060e-02
2.067078119159774380e-02,1.690306882635112321e-02,2.816932613900564875e-02,2.201594574651079272e-02
3.281792650599955202e-02,4.551497305352197875e-02,3.866636869037840679e-02,4.069577120600711279e-02
3.194362413943609841e-02,1.459668616575885911e-02,2.129711767418058371e-02,2.064308569198482213e-02
2.817377682002686345e-02,4.929313144160580445e-02,2.067563734784205395e-02,4.138729593125747841e-02
1.548076562755959854e-02,3.166200923426431418e-02,3.286126421601056474e-02,1.253552291433554858e-02
1.998383435747762282e-02,1.093614843981480060e-02,1.653704784943235695e-02,2.714962618972049241e-02
3.716783808056664529e-02,3.310425860462813674e-02,2.407631341007920867e-02,1.285252344403094507e-02
4.183738223524363642e-02,1.714942943942482020e-02,1.460677536525692259e-02,3.235376168194329521e-02
2.631898335490660129e-02,4.375973820097977390e-02,1.737487653194733084e-02,4.794674680375613646e-02
4.641143010027415361e-02,4.042185947699181159e-02,4.716206230573341540e-02,1.388388323126392605e-02
4.581094194606767644e-02,2.826317889250832410e-02,1.825678903300450781e-02,3.693459011340246428e-02
3.154436093286999698e-02,2.408523698968755358e-02,2.618825208068370491e-02,2.785720210504349925e-02
2.426089931752026599e-02,2.972553260119002727e-02,4.043074493180984219e-02,1.246519980109130933e-02
1.831152953920440682e-02,3.855836404772550186e-02,4.186704095758601168e-02,2.790623341322994583e-02
2.722785859165073596e-02,2.087194113480514424e-02,4.087184063781534177e-02,1.222144084619988802e-02
2.814787330784786212e-02,1.939307455331980984e-02,3.966060144401290649e-02,4.716352826631194095e-02
1.357679843197413978e-02,1.990073372966370130e-02,3.528976046601403627e-02,2.728515910084196999e-02
1.783100612668713641e-02,1.724747747951696497e-02,1.004871540901964948e-02,1.859049851068464432e-02
1.628786928251250640e-02,2.890750452586769714e-02,4.771731311507873552e-02,2.218758075718856720e-02
1.502623612578694173e-02,2.064913595060541979e-02,3.139433361877982248e-02,3.151262007783392494e-02
3.178371162092813451e-02,3.743865029967776564e-02,2.881606172054801407e-02,1.186159247654453366e-02
4.897887509065130401e-02,1.741279307192793863e-02,4.492347007583766261e-02,4.658715004948319610e-02
2.618619635565992004e-02,1.724446586101093665e-02,2.484773632970126503e-02,4.478595802437145001e-02
4.332940034454603462e-02,1.590115667886025930e-02,2.086187818082360992e-02,3.954694230387713338e-02
3.371168774561687786e-02,1.347873307326718194e-02,2.594350137226988234e-02,4.435862287065214099e-02
4.131511668174291801e-02,1.043350383033780221e-02,2.937130711944644507e-02,3.029933835096759731e-02
2.490298875074644508e-02,1.677188238389649283e-02,3.710997445678994311e-02,3.492929652508486305e-02
2.270230443942448245e-02,1.423999840394400869e-02,2.189482762858868323e-02,1.069947947069603555e-02
2.832398061021067226e-02,3.897693759595254048e-02,1.957105785121749514e-02,4.094252245837508991e-02
3.833214143294040588e-02,3.102365516934561807e-02,3.358154828149716858e-02,4.524587574651865729e-02
3.928147046757238248e-02,3.416851088624804633e-02,1.947453780174975696e-02,3.336002428058307961e-02
3.151609412563982637e-02,2.310048207519063701e-02,1.158345570481509462e-02,4.961006767500700937e-02
3.001235248841808284e-02,1.877483307549333846e-02,2.636098770455671397e-02,4.379073136486532486e-02
4.531012141375239527e-02,1.786940227149793475e-02,2.073777031069327231e-02,4.179238413322142187e-02
1.063727845040065775e-02,3.356724965347316486e-02,1.723630665778838264e-02,2.365964319849540171e-02
1.685018377293024880e-02,1.899557102841488085e-02,3.909325812310943116e-02,4.206757289098730923e-02
2.440544210348982029e-02,3.531190796672988019e-02,1.548663324893758200e-02,2.407946973884145248e-02
2.482316855381335591e-02,3.368923049123261071e-02,4.237278008988004663e-02,3.693321457646644990e-02
3.934589703479829392e-02,4.343741291229462342e-02,1.410930927656718625e-02,1.075325979480130749e-02
4.513716466375142927e-02,4.066782734457498327e-02,1.435907047418568880e-02,3.638899535742593644e-02
3.213574417565728814e-02,4.199865153757353919e-02,2.344223818668292672e-02,2.071380201117397485e-02
2.300057032071019247e-02,1.126805892337835735e-02,1.222671388429117344e-02,4.776085929104498945e-02
2.201149416126833500e-02,2.240189895680928106e-02,3.001836422355939893e-02,2.521131293557433289e-02
4.011853635347501640e-02,3.856696353919462222e-02,2.684795034611611037e-02,3.832498691348260045e-02
3.945854513961400550e-02,4.378696215217012938e-02,1.543531527537684959e-02,4.500895169214436803e-02
1.936958225000304235e-02,4.426798299858626662e-02,2.045883913862725154e-02,4.957063067424685721e-02
2.173590439101825977e-02,2.337210297875397247e-02,3.440663877728517006e-02,3.169327066164167456e-02
4.679607513491315651e-02,4.776264820138818867e-02,3.631126912081278357e-02,1.407182693133434900e-02
2.260113055896641882e-02,3.423772946407179635e-02,1.637279834644352061e-02,4.296237850154163013e-02
4.631210624482687277e-02,2.862523040588819262e-02,2.878592440894942733e-02,2.060346641121035480e-02
2.290384414221621062e-02,2.884530242514563025e-02,4.522552711459334324e-02,4.368197216357447982e-02
4.970208691961636865e-02,4.184132581657989264e-02,1.232548892430480707e-02,3.252531132024633759e-02
4.902641364200321927e-02,2.212164563925889463e-02,4.122007170819620009e-02,3.725036462215609856e-02
3.878514879408308247e-02,3.038328904326526025e-02,1.388571232140681233e-02,2.394988039514609618e-02
1.910717722325561488e-02,3.799162240028194915e-02,2.905079160767060770e-02,3.642009026164730323e-02
2.595685092737760186e-02,2.212922568418982522e-02,3.563560564357225180e-02,3.280644078404871405e-02
3.113854940159992146e-02,3.364504893867967250e-02,3.511485921287738760e-02,1.062162006418846880e-02
3.656982981487294504e-02,1.347457142773659557e-02,1.047618068712494882e-02,4.982498803939292703e-02
4.675212706562262982e-02,3.435481395122325782e-02,1.880030633251853628e-02,3.863440172878556539e-02
1.943140743196666506e-02,2.326451751795435147e-02,1.162824129221461458e-02,3.906027690087027909e-02
1.155082453750580669e-02,3.038002742341409934e-02,3.255116233347467303e-02,4.017032148027659816e-02
1.199323329905184650e-02,4.873579125989548760e-02,2.285587156747553167e-02,4.700933387241457151e-02
2.456626372855819779e-02,4.468408166474917287e-02,1.131200934327594894e-02,1.690883157211513915e-02
4.975739274646114735e-02,4.749616841675023682e-02,3.806086543578357517e-02,1.822289756556794843e-02
2.448201036507268585e-02,4.106036567392849779e-02,4.718710671714411442e-02,3.072532236252070031e-02
4.286746534496708311e-02,2.980142764196358485e-02,4.795505659384872998e-02,1.817659249007201258e-02
2.689885355210412665e-02,1.669877959501205045e-02,3.708527561098227954e-02,1.688922708426272845e-02
4.316046925920768995e-02,4.488223426300592955e-02,2.860055672775826258e-02,1.622868616961928995e-02
2.833152938230618784e-02,2.957658409242170522e-02,4.573809641438679463e-02,2.691228235522890450e-02
2.567945080761259435e-02,1.216408345024746346e-02,3.974445329915013425e-02,2.992357082656940670e-02
4.261865147145961485e-02,1.630249774908405086e-02,3.745308697143308330e-02,2.973215073414723492e-02
1.968499785428865639e-02,1.045274939878705275e-02,1.782228022131027850e-02,1.468367375763533766e-02
2.089569185069756890e-02,3.763708827554373970e-02,2.263591378394241849e-02,3.000278140767760615e-02
1.945830926490467808e-02,4.398790303362904580e-02,2.118657294365753133e-02,1.877690156078587469e-02
1.381710016018250324e-02,1.871337265870600536e-02,2.701891296922327712e-02,1.250372637774353063e-02
4.961987155207926714e-02,3.378675770331340117e-02,1.408769382997727623e-02,1.033051456136825988e-02
3.628736455246209941e-02,3.591451706944768368e-02,3.803258389707856596e-02,4.610971099964200626e-02
4.434152291811906121e-02,4.872857069821217441e-02,3.452475048484034137e-02,4.352002700929373524e-02
3.754929576638443151e-02,3.581441209424206240e-02,1.557423737093555083e-02,1.120960299409439268e-02
2.045438909057974153e-02,4.063909279302081040e-02,1.665504835378540244e-02,1.005188711901778588e-02
1.899492175034758409e-02,2.088232756910114729e-02,4.830865347121356818e-02,1.978602986962479243e-02
3.016751389499547353e-02,3.684398918738853584e-02,3.991460056570900194e-02,1.739565444113173182e-02
2.384989425942522778e-02,2.312979665791618095e-02,1.856802013567243614e-02,3.210629247820141058e-02
1.911914565675117833e-02,4.368785609586237073e-02,2.029208079943486259e-02,3.812281980362276085e-02
1.560803951480317815e-02,1.495402234115938284e-02,4.846380894204105338e-02,1.986498624775010283e-02
3.766374746366511067e-02,1.170961411733435417e-02,3.984858162890675404e-02,3.002920441555904235e-02
2.490813887791551787e-02,2.372532426000222364e-02,1.010908447731631576e-02,4.132014625969730043e-02
1.329436219821650104e-02,1.492137962862894254e-02,1.802865558809592719e-02,4.038784711561693025e-02
3.953806319912935019e-02,1.962546472620216309e-02,1.551484474566405293e-02,4.083865429672569464e-02
4.384092109395270470e-02,4.885691199956618963e-02,3.641276135090415478e-02,2.486969958296644800e-02
2.219329812254509926e-02,3.917578215804435465e-02,2.775763287867959173e-02,4.868231800351920102e-02
3.731711714818596731e-02,3.065945394415418163e-02,4.164436727086082840e-02,3.684999730480839619e-02
2.002696816046800263e-02,2.740651294357372009e-02,1.077495889020277549e-02,1.704703113772263606e-02
3.608334275861790202e-02,1.710317963712533126e-02,1.210214243454842131e-02,1.180652779177614881e-02
3.564917421170425010e-02,1.772822428518233684e-02,1.493943765882245131e-02,3.069040356501082090e-02
3.465785760257831388e-02,1.332365552427182583e-02,1.258485426224984285e-02,1.560159813559908355e-02
1.046603723710710400e-02,3.826646534643692033e-02,3.242352992893866859e-02,4.101578515693209831e-02
4.315945519290866755e-02,1.018803792385979644e-02,4.489310954159615730e-02,1.145458784389883321e-02
3.636070202014376335e-02,2.437752401377313999e-02,4.264526615938422915e-02,3.061592150468684520e-02
1.534205942217253815e-02,4.558316277824703278e-02,4.701525647203760178e-02,3.947618569498348440e-02
2.039214307630035292e-02,2.780255306754460254e-02,3.666949681533640537e-02,2.840434313319166459e-02
3.482715195433239846e-02,1.192070284570545882e-02,2.576862852916846081e-02,3.613478708846866450e-02
4.691291620883723812e-02,2.132582680429483124e-02,4.644755524547711928e-02,3.877051116476825515e-02
1.710527924732348909e-02,1.111493017468677749e-02,4.522821890500210856e-02,4.622866940359869614e-02
1.501425554281964059e-02,1.169520457263690041e-02,4.645590378047337321e-02,3.505309422207408127e-02
4.963110412961411338e-02,2.901616429865581936e-02,3.579956584368725048e-02,4.530895777972258204e-02
4.706586939663282010e-02,1.655189689034584216e-02,3.723458304343633951e-02,1.078168857974127516e-02
2.537316618273066648e-02,3.529236123730972868e-02,1.051321057043646395e-02,1.375033553434469938e-02
1.896836714292695139e-02,2.102001337601283604e-02,3.453182119007392609e-02,4.732944951476743961e-02
1.955797026324581495e-02,2.267363174895119932e-02,4.248188913839871100e-02,3.297820735045181584e-02
4.921765906929172901e-02,1.803189694996956693e-02,1.195419673492694942e-02,2.617879668342558419e-02
4.938305476816724077e-02,2.787446274760676385e-02,3.569964898458973662e-02,1.807269096061041996e-02
2.468822253324439581e-02,3.440910151785613047e-02,1.573414664051077036e-02,4.481936701393220146e-02
4.193290079834680051e-02,1.195771537227080690e-02,3.577404893313643891e-02,2.944095210951433450e-02
1.807353923260158340e-02,3.940884762608328623e-02,2.867183384115649242e-02,1.075952989351014466e-02
3.754785404303176422e-02,3.146639549164563510e-02,3.153517828110629501e-02,2.985108839957288651e-02
3.426421685130265349e-02,1.267280741876585133e-02,3.573588117895763749e-02,4.908093134122350210e-02
4.222465216683384676e-02,3.301988768547482050e-02,4.348466730804405322e-02,3.249844048398679158e-02
1.767853913874725680e-02,1.868088104119380172e-02,4.189967067005923029e-02,4.727373161610001068e-02
3.724796765703886070e-02,2.213516832338582180e-02,2.200098165825958851e-02,3.182179258126054122e-02
2.580655876591959885e-02,3.185246613645441316e-02,4.550488496372193797e-02,1.459879617212459998e-02
1.327534081199491234e-02,1.383886581926185334e-02,1.018927289063356612e-02,2.060505379924816582e-02
3.118674180474839686e-02,1.508886595865845809e-02,3.634854557075172660e-02,3.338756420085191995e-02
1.064624941072482393e-02,1.300810933289923976e-02,3.242661694821577512e-02,1.626367953572251807e-02
2.819012189467870466e-02,3.734735125070828138e-02,4.047061483077994681e-02,4.307562266703372778e-02
4.414371669614627902e-02,1.752395435204739949e-02,4.793324029768103456e-02,1.591879646223320205e-02
1.179612220689763187e-02,3.135979623179493275e-02,1.731897103822763878e-02,3.410276048728319576e-02
3.541891307283508844e-02,4.966301176289918823e-02,2.395948127645363204e-02,1.429725213757834616e-02
2.032748305131135830e-02,1.076280948236528999e-02,3.052189807166071772e-02,1.142575688773407247e-02
3.157992094272545763e-02,4.833436193088316846e-02,1.982762985065451150e-02,1.793970006294870467e-02
1.702217989113539304e-02,4.973447318196193290e-02,2.060315487856998959e-02,3.438838083970399001e-02
1.412730081001849908e-02,3.467059927808286562e-02,3.217501284812848000e-02,1.877226278356745187e-02
3.874869755757962692e-02,3.776866757265216062e-02,1.447618554672493174e-02,3.428362879032408744e-02
4.456158042166132732e-02,1.792479959705329737e-02,4.233767267416780472e-02,2.357831828401620033e-02
2.898755277220826931e-02,2.732440583342377743e-02,4.823644356578168230e-02,2.390328671861910448e-02
1.289909287902819487e-02,2.481812596717657138e-02,4.250426368101618141e-02,2.472193363366650964e-02
2.570044632611653140e-02,4.067513114914277084e-02,2.076767866620648356e-02,1.729774832842339433e-02
3.660947907151311520e-02,2.184157890525158241e-02,4.614448497989735720e-02,3.571314992075090566e-02
3.594814731610895125e-02,3.402055310401921190e-02,4.603111005857416643e-02,1.158677635255709638e-02
2.468504411222168654e-02,1.562585726528078339e-02,4.448599837024610343e-02,4.474354413119421836e-02
2.663549408528455287e-02,1.518483173368231215e-02,3.259485949242794944e-02,4.085599984307083932e-02
1.499261497905188430e-02,1.687830674784285626e-02,4.744175955320067278e-02,4.649378163109082335e-02
3.260942040751550058e-02,4.004953420220160737e-02,2.274958693977797292e-02,3.611718754498263045e-02
4.456420086019644011e-02,1.202667619569886166e-02,1.000024000830759645e-02,2.659550250464289001e-02
3.950649475182904657e-02,2.421269149017776096e-02,2.479797066074682782e-02,3.217910182307628930e-02
4.771903536354742820e-02,1.403651177954667352e-02,1.443671827976699545e-02,1.529270313987961434e-02
1.852087889427808318e-02,1.542712706576260598e-02,3.373188174953770796e-02,3.524193912199864720e-02
2.353072781942004699e-02,3.207958911967611487e-02,3.731457134139226639e-02,1.237006956361722844e-02
2.224361240162457676e-02,2.390909766588621491e-02,3.453572157096438527e-02,2.794697277087170029e-02
3.880258665308117250e-02,2.553655767511142302e-02,2.538603347906626118e-02,4.392047239400696801e-02
1.601869398317809501e-02,3.082323806592889709e-02,3.101523875294327076e-02,1.190493242748457900e-02
3.461402850746532478e-02,3.608000839427966816e-02,3.213028683332763008e-02,1.846051510647044730e-02
1.528199733635276364e-02,4.046712294473514548e-02,3.710762795025580874e-02,3.870665880252413538e-02
4.351147242043606339e-02,3.241066576421763185e-02,3.439737205896166439e-02,1.814588009588883472e-02
4.853503292889040782e-02,3.125147007572549179e-02,2.827241674217215173e-02,4.524960479804109731e-02
4.636763222745264590e-02,2.961438768830312873e-02,3.539422105704521926e-02,3.686546649330461889e-02
1.458505012958180060e-02,3.086882364209103669e-02,4.848951432479159385e-02,2.735368663700310510e-02
3.597611094112875690e-02,3.625303125691885231e-02,3.315904812315323413e-02,1.092219269721865157e-02
2.683756363098609848e-02,2.870164985373149791e-02,4.653853345357529536e-02,2.185516193958616724e-02
2.499419317710941529e-02,1.081914593330666162e-02,3.164028104945378062e-02,4.621924094674218636e-02
1.748212873821997429e-02,2.149205424159199296e-02,2.271569529242165389e-02,2.456180963487121505e-02
1.814199564973890261e-02,3.444702857466834522e-02,1.291484676949795560e-02,4.293140844392257655e-02
1.662406181521259782e-02,4.011054827469593548e-02,4.246233363069942118e-02,2.495885969511617286e-02
2.230198718650697534e-02,1.233615973832448420e-02,4.232332597450483291e-02,1.856529148640032739e-02
3.035816941656400980e-02,2.789973434434484673e-02,2.654008476953210321e-02,2.342137698230260801e-02
4.175281629618901591e-02,4.518434321821167970e-02,1.725119063203246761e-02,3.391402788838387972e-02
3.493541174819120299e-02,2.732722407860403019e-02,1.567882771220775046e-02,1.825293147020685958e-02
4.267101013344754695e-02,4.734086082972933929e-02,1.985797441538195846e-02,3.612272136823151125e-02
4.237603458795965311e-02,4.874808075517937656e-02,2.515901785447181849e-02,2.153017830888548367e-02
1.919887052087284468e-02,1.875738710880452825e-02,1.238744663310876321e-02,1.769153494269762317e-02
1.679366950763114610e-02,4.649491802252649769e-02,1.120452583979254617e-02,4.264499000664719042e-02
4.159292893868735824e-02,1.181466258957577717e-02,3.239267600818396958e-02,4.055395075489886397e-02
4.944285463421098370e-02,1.787072974457956653e-02,3.387454336850588554e-02,4.910001760634176426e-02
2.325033311323135982e-02,1.661775468925320506e-02,1.816269895209057794e-02,4.644519282044918401e-02
2.318333676364266877e-02,4.627081023924549397e-02,2.680123074951072659e-02,2.015243180998664563e-02
1.798372888510471265e-02,1.552753766502641339e-02,1.846117598836057722e-02,2.112915532768553858e-02
1.621525560474205638e-02,1.802429722340991025e-02,1.352301127911701220e-02,4.056067498397761956e-02
3.385977876634805456e-02,2.716161610909589158e-02,2.096186796838790667e-02,4.006385534826645278e-02
4.276251547190434987e-02,1.191074662539063148e-02,2.338098587310018239e-02,3.732185009848718038e-02
4.547249717748780284e-02,3.231124606261516485e-02,2.015398171701450469e-02,2.081940140557118901e-02
1.982234637571610170e-02,2.555469602215840880e-02,2.013705245085771131e-02,2.247865575723990289e-02
2.653577738255265966e-02,4.180376809300452579e-02,1.783004655429307889e-02,4.432448417166345855e-02
3.782449632594159922e-02,1.323868657004825811e-02,2.414724505702094126e-02,2.801437021047072790e-02
1.614700717428102852e-02,3.090531360691146923e-02,2.424859932284924302e-02,1.121143533742744065e-02
2.140423948835402240e-02,4.639471509282062228e-02,3.978467866159608735e-02,3.325687705153713286e-02
2.152851830230294305e-02,1.075701833059679660e-02,4.513873107927624667e-02,2.649797160318785594e-02
2.992121801226210048e-02,2.268315450444058010e-02,1.890872763069570417e-02,4.063455683287635345e-02
1.000627927932176871e-02,4.971222239172056606e-02,4.897224551072693055e-02,4.908369186601180267e-02
1.622641146486427169e-02,4.012417380396143818e-02,3.945839364124084647e-02,1.209904789205327839e-02
1.720450709727657998e-02,4.649343829633636321e-02,1.151765531319919392e-02,3.376445226949215117e-02
1.368016997931889578e-02,3.648207348820597246e-02,2.425161285602313310e-02,2.476851742246483773e-02
4.903351637434748278e-02,2.766913524002334590e-02,3.259914489776093854e-02,4.504018552182134649e-02
4.647341748824043023e-02,1.549445557553530591e-02,2.844853584676129699e-02,4.599847084871451497e-02
2.267939521781883044e-02,1.648801118876744298e-02,2.434390669953378702e-02,1.483001850158911783e-02
1.601308272866216673e-02,1.181266992973380864e-02,4.454204052730259544e-02,2.888367529067716044e-02
4.653838653058182950e-02,1.609786566490524831e-02,1.336531848232210863e-02,1.962523095182893210e-02
2.397551940367649570e-02,1.429272037159544720e-02,4.887585277048400734e-02,4.921422101973751267e-02
2.081866030486538913e-02,3.382610064105317366e-02,3.258981961996617466e-02,1.737155642138747333e-02
4.706377437512360845e-02,2.469763035284262831e-02,1.871636594542595844e-02,2.556291588100925716e-02
4.325177660983523659e-02,4.036630027937464227e-02,4.000349474427923602e-02,1.904643005675284509e-02
2.949808064354483145e-02,4.337340203371879699e-02,2.857626443148900824e-02,3.415095144602221106e-02
4.470305134790854285e-02,1.661993957380411557e-02,2.182795579158612609e-02,2.895759433103595876e-02
2.662551877085016921e-02,3.198677312234387421e-02,4.787279894170366062e-02,3.317236857506335873e-02
1.528715262393138749e-02,3.105249925108855696e-02,3.542338046972024618e-02,4.867668301814664922e-02
1.250331550035296314e-02,3.813760065933482352e-02,1.046758734634076551e-02,3.906903138359301558e-02
3.480457642383220224e-02,3.963525930006440989e-02,2.525059767838034458e-02,2.010216830549061209e-02
1.193165099102453872e-02,1.716061789047026998e-02,2.563072592155329898e-02,1.334595413587909979e-02
1.199917197058557317e-02,3.958911715858190461e-02,1.224086922995323151e-02,1.309418771303936385e-02
1.073911233333986470e-02,1.895353221560363774e-02,4.550104500107105682e-02,1.351347493154732814e-02
2.604916642201551835e-02,2.181801265432951886e-02,3.344815357783084003e-02,1.749658747411666701e-02
3.380634040716227334e-02,4.599829861344847254e-02,3.667502671403847364e-02,3.826091165643766279e-02
1.965405960083872056e-02,3.303325246195684683e-02,3.015723649348834440e-02,1.903184134728568705e-02
2.704344672977761904e-02,3.629780284427189252e-02,4.468735945325495035e-02,1.603122204853463240e-02
2.474171429168262049e-02,2.725285840085863581e-02,2.691135531824758592e-02,3.549574085190691786e-02
2.931717488096052815e-02,2.485417496337258975e-02,2.438944717769277876e-02,1.642745548115304155e-02
2.096237754047956467e-02,3.820491301017293895e-02,4.677487316014551644e-02,1.043022311193522560e-02
1.997186910828251810e-02,3.363159793716401225e-02,3.493929830598006825e-02,2.390097946595159256e-02
3.807573975559301604e-02,3.109341448414370407e-02,3.284113652960275048e-02,4.014734640740291044e-02
2.421423137637726541e-02,1.828127973528483746e-02,1.595674695938184909e-02,2.538927886170143020e-02
4.650640758428782606e-02,1.731632471621447761e-02,1.499680406445702205e-02,3.310189769742594157e-02
1.680754831966025514e-02,3.359489710021529296e-02,3.679373381994990172e-02,3.924987313705070868e-02
3.404559994059552092e-02,2.539537553862768887e-02,1.357177414301649621e-02,2.157888298496819790e-02
2.587590430084098225e-02,1.240022886561815800e-02,3.466003778233966298e-02,1.651186511257900225e-02
3.341251172399587605e-02,3.170509171270272097e-02,4.755823463383593991e-02,2.530030999752422988e-02
3.912046688973323805e-02,3.901797099543911906e-02,2.724531889470778456e-02,3.541858919313376625e-02
3.317618515481689234e-02,1.033784900635653647e-02,3.252413865986909791e-02,2.838295433116076738e-02
3.375223757845896566e-02,1.848107363446561263e-02,2.973381926397422603e-02,3.072387986806697502e-02
3.939845302203633104e-02,1.699082472466798693e-02,3.657046552428230152e-02,3.071277244482883972e-02
2.754564494847697859e-02,3.212794867876764271e-02,4.216355153283744828e-02,2.506190074987139915e-02
4.696314375529590801e-02,3.808136900785862727e-02,2.692402044244400494e-02,3.352643207021763216e-02
3.669573990895558940e-02,4.130265462701491336e-02,1.943026859343760862e-02,4.775915089438394906e-02
2.854445780913163894e-02,3.106077819523821865e-02,4.087608828968598840e-02,3.227309048966228028e-02
4.101773739804483176e-02,2.925439350906972047e-02,4.776082097497194590e-02,2.709508169039463732e-02
1.836003695290391174e-02,4.653323733364738563e-02,3.133676041042744720e-02,4.689053530788007962e-02
3.044964708596185898e-02,1.939130882096368885e-02,3.220344289139796812e-02,4.633736629071825985e-02
3.445682108559779827e-02,4.191249856366167231e-02,4.142626135445020424e-02,3.835643667515951927e-02
2.370575339925509381e-02,1.903387579805399660e-02,3.399197643002833946e-02,1.803124813828621900e-02
4.601875811616059492e-02,3.861166523145727336e-02,4.021569170362409434e-02,3.568066615542798276e-02
3.048866016649328520e-02,3.062828685500398884e-02,4.103516661106721558e-02,1.115936724157436805e-02
1.461536082410785919e-02,4.584490265717897084e-02,1.146617173218228598e-02,4.118151565933093200e-02
2.346526293497563573e-02,1.701774760788478391e-02,2.452352120428654553e-02,3.029379530922985536e-02
2.454492892744254695e-02,4.358584653895750116e-02,1.912144880426033464e-02,3.486919952518110349e-02
3.059760744875440058e-02,4.849917581520973159e-02,3.996845557849430103e-02,4.088781417649855338e-02
2.338573994183021018e-02,4.551754666091527290e-02,3.184128104983465629e-02,3.890189207869775706e-02
2.526685065628663657e-02,2.966800022592296082e-02,3.916303236143393179e-02,2.537362591841882398e-02
3.079153749670197199e-02,1.239920118096341992e-02,4.973065276781508948e-02,1.805094070608135454e-02
4.764541040311903730e-02,1.349645166114084652e-02,4.496327629319400720e-02,3.512019844611870972e-02
3.050080381824973180e-02,3.062359708841497913e-02,1.464557955322607491e-02,2.885871855745947290e-02
2.970441574711240457e-02,2.688134490625170708e-02,4.390212241682971833e-02,2.570735658431882315e-02
2.346159582066239396e-02,1.883161156393844265e-02,3.800243198813991335e-02,2.772632478470186956e-02
4.726743178971280074e-02,4.924468965708826002e-02,1.754377058344755436e-02,2.505228534620553699e-02
4.633469012956697303e-02,4.828638677073796709e-02,4.336955539527367898e-02,1.887211319423413858e-02
3.188195689458957205e-02,3.929870999556025341e-02,2.261514533560464446e-02,4.291350673990292075e-02
1.537855389669283077e-02,2.188315199894225876e-02,4.424087949432251726e-02,2.457051494446680501e-02
3.684087403209957562e-02,1.718752042661540053e-02,1.362472012597134782e-02,1.845215772159817039e-02
4.904315430764184108e-02,4.840661101926302390e-02,2.815553961150213391e-02,4.358034907196553509e-02
4.616405494231666518e-02,1.098826724112994015e-02,4.006686285340482073e-02,2.109194541691883015e-02
3.473600074539411053e-02,3.158027119083434142e-02,4.187223613626207125e-02,2.516939136387031511e-02
3.284864061667395335e-02,3.302406561181589484e-02,4.219382004423070931e-02,4.108557935735735606e-02
2.114763835756536259e-02,3.993508183662110300e-02,3.841018350316473956e-02,4.824295357269828971e-02
1.603653529274321615e-02,1.523526966709390709e-02,1.755166512651301636e-02,1.728185998370266804e-02
1.012692524068994557e-02,3.058690395431757497e-02,3.520934873347432437e-02,3.578275814261847737e-02
2.981993885630213753e-02,4.623727639650654364e-02,4.348734109328167979e-02,4.508951695796951931e-02
3.473982680078607777e-02,4.848516149050341451e-02,1.115266368126333757e-02,1.308420063470417880e-02
1.881132929489992556e-02,1.441792661927991485e-02,2.136412663473221882e-02,1.965663961426884765e-02
4.434410006805514226e-02,3.413741733767983871e-02,4.557967029859649050e-02,3.471778549347252080e-02
3.266971276002704483e-02,4.498718574439272005e-02,2.073890788662850759e-02,2.281344928264433108e-02
3.919813577719744729e-02,3.790172656083107966e-02,2.751118974201670342e-02,3.669981039340848572e-02
2.819779368787436041e-02,2.768514657863815204e-02,1.491857054292176216e-02,2.819314515340205773e-02
3.149444101542112767e-02,4.780926088462753021e-02,1.957772066944486744e-02,2.003919747514699284e-02
1.037762864375315307e-02,2.653740614985718171e-02,3.961648979158657879e-02,2.128653389224512832e-02
4.796155493749981735e-02,3.613349280299477800e-02,1.530699044511222955e-02,3.667807236063375803e-02
1.322290731026030952e-02,2.370051931646254342e-02,4.188604907069703315e-02,1.747102839256028245e-02
2.862595309417478168e-02,1.612677430273080220e-02,4.596863548951135581e-02,4.544525976220146340e-02
4.822895494490073848e-02,3.238825705676689343e-02,4.528992779042577410e-02,2.205101428616146331e-02
1.840714412693494548e-02,3.836555768200836797e-02,2.930483746136454404e-02,4.381130924565234536e-02
2.694831396898630244e-02,4.066211585967200587e-02,2.030994703876938881e-02,4.597008625756419248e-02
2.828831534224278410e-02,2.877656392277336272e-02,4.494705190997740074e-02,4.079179670677320069e-02
4.988423756478521653e-02,2.230302903503844983e-02,4.478098021182346650e-02,3.114783018843581691e-02
1.510712736500470499e-02,3.935789186430477260e-02,4.182458007506659886e-02,4.079798193902597209e-02
4.593370495509166429e-02,4.964313697687981058e-02,1.306945010874053029e-02,2.901057665600478147e-02
4.882715284727332655e-02,1.335279322328857161e-02,1.055421627874369127e-02,2.294484824057810984e-02
1.909231328618148094e-02,2.599716727160229085e-02,2.706553417816257023e-02,3.519942283665263710e-02
2.105407149981296244e-02,1.806192316748263249e-02,2.346942061208166785e-02,4.893710522160181486e-02
4.183942959403097461e-02,2.718309674164468004e-02,3.862251352400362242e-02,4.459054107120061922e-02
4.448496976135176556e-02,2.994036289815690116e-02,1.285985120582075827e-02,4.997544255896862325e-02
2.335723075633228812e-02,1.128363102139130422e-02,4.538240377305900047e-02,2.078815077287043955e-02
1.925048519464275798e-02,3.818806670046058505e-02,1.517799034827612727e-02,4.073305886718276564e-02
2.996670020607426765e-02,1.583835262807851280e-02,1.843698715059743573e-02,1.542936232494660637e-02
2.284765409318152696e-02,2.298208445393795304e-02,2.068042989037112422e-02,1.657406655576234775e-02
4.748594371422897725e-02,3.325760561313190200e-02,2.057779858199571682e-02,3.820798686186387821e-02
3.059925071657136619e-02,4.005557286728204242e-02,4.701654246851243862e-02,3.979788942057927575e-02
2.158877952097548736e-02,3.454227534195759147e-02,2.304870938075724573e-02,4.088152407991692272e-02
3.891725786982392493e-02,3.842013322734325748e-02,1.374165345729804442e-02,3.355903592105848043e-02
1.584269178186858279e-02,1.061930816918670722e-02,3.904643029723722097e-02,2.995166730202977051e-02
2.165409334955548798e-02,1.364258045621118826e-02,4.220537438565625382e-02,4.242793922074383772e-02
2.139061502462841907e-02,3.199066635268655451e-02,1.693637990282570449e-02,3.143636073627466970e-02
3.947438508496208670e-02,1.761876120574023055e-02,1.148400102566278502e-02,1.727443478251466588e-02
1.885888731832310872e-02,1.880869096595087775e-02,4.861881366365553014e-02,4.079423397350289554e-02
2.106088049072909682e-02,1.974962309195932991e-02,3.877079185516749127e-02,4.404535363216868088e-02
1.138275590914865874e-02,1.351971275822536761e-02,2.073286004683746325e-02,3.881454232727665765e-02
2.219998206524344958e-02,3.364100210883608916e-02,1.943535317541570870e-02,3.037863738414209314e-02
1.961302312185669167e-02,2.216811706392334685e-02,2.396358748959305507e-02,2.221305989246633722e-02
1.274064667240295580e-02,1.365010086064570236e-02,1.528067885681752211e-02,2.529291734513593182e-02
3.357645024464595007e-02,1.172664957388627749e-02,1.875136835544912242e-02,2.704549662903339702e-02
3.684768004791001694e-02,4.434388979897870703e-02,3.720223602996035328e-02,1.558185180776605790e-02
4.980902504836902389e-02,1.071230129325229791e-02,4.474525583365167314e-02,2.608450419765032807e-02
3.012143291410963181e-02,4.968360339677116433e-02,4.017300061733007632e-02,1.550509661815164739e-02
2.298277318982713119e-02,4.611191874485776748e-02,4.068852097475848806e-02,4.548375382382188054e-02
2.383840591997290342e-02,4.333503541321141739e-02,4.580789941935885928e-02,1.279311670902488762e-02
2.674787464485117033e-02,2.218530790157034749e-02,3.578313635337820181e-02,3.690451489620110576e-02
4.109548961486620550e-02,4.625306298445331504e-02,3.497172191364489313e-02,1.259318403367579685e-02
4.931202479421392670e-02,2.490893117421984909e-02,1.520257501903802405e-02,4.947630180551752105e-02
4.696136988501847798e-02,2.225247598960567591e-02,1.202454472671674740e-02,4.567417764885116360e-02
1.066760752019842683e-02,4.143890978901968586e-02,2.747631619887057342e-02,3.250948064580911484e-02
1.240969749790409374e-02,3.925955922224277223e-02,1.473021234100968871e-02,1.914520736996290842e-02
1.634627957953066826e-02,3.692738950931052228e-02,4.913039509415581541e-02,2.616500629888586504e-02
2.849360943305546956e-02,2.398893492836209895e-02,4.400700492615339243e-02,3.841128975897747239e-02
1.425614506903194120e-02,4.390516647231441222e-02,4.073424840410403563e-02,3.763494594251469427e-02
1.151825910722933249e-02,3.426874109508735305e-02,1.290476097605513725e-02,4.730421673679416350e-02
4.614781005484275972e-02,4.677086489221720517e-02,3.773701089524535146e-02,2.836450987538408075e-02
1.620073246220522095e-02,3.741760753017109309e-02,1.045826122984014339e-02,4.464304435964049772e-02
1.998709531844288650e-02,2.758477221948481967e-02,4.774834819937704561e-02,2.564777987617409410e-02
2.411633709254614594e-02,1.094038862216302303e-02,4.773520670525586984e-02,1.306710449490871770e-02
4.642763104282026515e-02,2.754364521202039978e-02,1.396399770640898569e-02,2.712297683125582115e-02
4.476421449808589553e-02,3.931354078211873881e-02,3.138553331377966216e-02,3.596722547053950170e-02
2.644813181340847225e-02,1.285331454281422522e-02,1.061384000561787708e-02,4.245419937650774661e-02
1.564793152921366975e-02,2.356512499123376847e-02,2.792988790747386735e-02,2.014991352413934150e-02
3.158381526200430833e-02,4.913194013260251819e-02,3.911328320769447836e-02,1.058557389720371500e-02
1.644949238216680820e-02,1.600524768808696263e-02,1.802279158244621260e-02,3.690314611943557727e-02
3.134467945581412979e-02,4.127970806059937797e-02,3.325402289676555878e-02,4.488737044419360833e-02
2.591876366088483735e-02,4.964160151548896449e-02,2.788027300480975385e-02,4.528880777729339668e-02
1.166141464173894166e-02,3.197872985828234538e-02,1.591501063216863021e-02,3.926377428996861985e-02
2.872028983202034452e-02,1.503407389900702357e-02,4.879172439884170431e-02,1.789096471155279117e-02
1.285229559963379717e-02,2.706795878791898313e-02,2.979569746995962276e-02,2.882880888089948274e-02
1.206059841850268960e-02,2.256212852058866319e-02,3.011824430100544514e-02,1.803619593196396920e-02
3.402444183157181390e-02,2.826482884442884508e-02,1.338016379514988044e-02,2.739283019476777825e-02
1.799112715720829064e-02,1.585196174995640028e-02,1.789179174703540293e-02,1.897101251721324683e-02
3.269399383812662124e-02,2.487273868062548840e-02,2.465477037694524531e-02,3.421339483129429843e-02
3.809154248732384701e-02,3.917601579558851327e-02,3.233894797155265066e-02,3.621691760565105139e-02
2.698433192660825569e-02,1.820603065013773336e-02,3.785989360758031802e-02,4.585597296131221218e-02
2.396925881136556524e-02,3.403231114925119039e-02,4.143658262067433096e-02,3.845478378906652672e-02
3.097173031527716142e-02,2.856551709477734430e-02,1.830351181018338713e-02,1.422357295763665430e-02
2.856895182974027864e-02,3.368099554094321907e-02,4.248967415654404667e-02,4.338855079328970271e-02
3.151213974614444635e-02,3.962439510734825504e-02,4.494021632211390310e-02,2.953221274166800692e-02
3.951397250577228654e-02,2.559554923804602256e-02,3.443938925963049152e-02,1.937103442394780620e-02
3.923543775298379138e-02,3.360244419831522056e-02,4.138343352936621478e-02,4.710073127109021957e-02
1.687959665929562869e-02,4.624216525970251818e-02,1.548940384694948678e-02,3.711099805519441075e-02
1.394524522709788411e-02,2.155534756170675997e-02,3.137292851227212187e-02,2.722250769414588656e-02
1.042036083909328448e-02,2.871703484649248267e-02,4.387070432053439412e-02,1.270151266583966626e-02
4.594316204943148241e-02,4.396549348821437997e-02,4.097017464994257008e-02,1.138707930337460456e-02
3.625411300444136148e-02,1.501965159148518046e-02,4.657816231767142323e-02,2.979034920173390805e-02
4.840343035274775885e-02,1.458092892316446149e-02,2.104572306367293033e-02,1.234610913628378728e-02
2.599741643062659924e-02,4.757794407428238975e-02,3.350973927261505919e-02,3.792238714015636059e-02
3.625250471273497310e-02,3.561669302378019097e-02,3.664007132260234390e-02,3.381570871008486578e-02
2.805363417402171461e-02,1.272824262782632290e-02,3.623427873439398483e-02,3.592791511088840040e-02
2.279241579132584850e-02,4.413494111850875534e-02,3.712700191744238570e-02,2.998927935600827904e-02
3.745646952227434795e-02,2.111962720169126978e-02,4.435052331325718689e-02,2.460266065133709726e-02
2.876085812167607225e-02,4.472806003527749624e-02,2.488354310397542651e-02,2.394663342622368324e-02
4.673022974991023620e-02,2.844971269393381519e-02,1.617033959982382835e-02,1.248539900490853657e-02
1.467700320014283730e-02,4.613202836922894456e-02,1.800534136172974101e-02,1.312430828872976005e-02
3.177474570582168589e-02,3.756692256957052528e-02,4.034510710605257455e-02,1.406922419714183928e-02
3.839229423885824610e-02,4.593476580405107812e-02,3.114184441765891626e-02,2.562692289358423775e-02
4.226060229303712362e-02,1.242602693757492369e-02,2.213061708686630061e-02,1.238835944643132403e-02
4.383761341759351282e-02,4.612291569400932961e-02,3.981845977682035853e-02,1.040762717177349909e-02
4.625922699182424824e-02,2.354814828765926932e-02,1.165577580857819068e-02,1.643858486775079050e-02
4.316536687370225306e-02,1.214602871067373829e-02,4.552742707679744566e-02,4.275562300641759517e-02
3.403140289870328072e-02,3.015758965799449076e-02,4.007296686224474241e-02,3.125684803765081676e-02
4.205413335985521556e-02,1.963870413123607744e-02,1.430724575129259206e-02,4.963865551319825153e-02
4.915244196917051972e-02,3.441009345457587271e-02,3.067524200658258010e-02,1.114038021850112178e-02
2.191107324551719304e-02,4.976856542529875527e-02,1.673041063801478101e-02,4.294196012810044122e-02
2.825397003547821390e-02,2.080736479495935362e-02,3.639082193589925768e-02,2.831848117521525848e-02
2.316273047743131960e-02,2.533529698392265189e-02,3.820787640133782581e-02,4.422007078405168490e-02
3.670703250045964650e-02,1.166984922306297211e-02,3.836591820599514341e-02,1.323417945495901707e-02
1.653836815860959542e-02,4.560622477664820484e-02,1.524916010358344856e-02,4.300685497945123947e-02
1.291738857655046549e-02,1.749046776554388782e-02,2.265922406417041068e-02,2.946878143460383154e-02
1.772307306664988591e-02,1.742953220319648847e-02,2.926566369219144731e-02,2.518239810780765336e-02
1.473693185259800087e-02,2.293799666343266166e-02,4.076127781431826413e-02,3.789982039480910281e-02
1.355706548303036753e-02,4.627351625890694514e-02,4.074740886708499293e-02,1.436476153619636528e-02
4.827630992852415676e-02,4.071217273026149497e-02,1.662059435809606911e-02,1.435480239690866550e-02
4.380541256556107210e-02,1.009589878507777434e-02,3.302392217859843881e-02,3.351899700317072933e-02
2.474364614338768822e-02,1.020134579435436062e-02,3.071636633843645436e-02,4.262017535428712367e-02
1.185873832667400964e-02,1.039357207196668631e-02,1.320418812607442038e-02,4.008485529121993962e-02
3.196216009594089746e-02,3.526861044164146530e-02,1.645985267584193501e-02,1.401627844799197692e-02
3.966308391333820543e-02,2.001008564748776170e-02,3.090836547929668582e-02,2.228302891743277545e-02
4.766260542670107403e-02,4.694821312676231845e-02,1.120679214872968670e-02,3.008311088037768366e-02
4.414973559484297594e-02,3.878915427466321508e-02,4.748706849451777429e-02,2.162147179415836035e-02
4.601172047956190309e-02,3.151069652240730268e-02,1.464962689696829370e-02,2.436230976389780478e-02
3.028891329771658814e-02,2.818310500741247338e-02,1.712962164291189845e-02,3.771727488216142232e-02
4.142877336362946195e-02,4.912293617215157671e-02,2.141095326357987660e-02,1.645974590549829572e-02
4.610247722677480314e-02,3.475072036768558220e-02,3.362258915925762232e-02,2.481689159394249306e-02
1.244188763014390624e-02,1.653948088882840201e-02,1.795607334655122816e-02,4.163123794571366165e-02
3.482360505509751042e-02,1.764117440582913671e-02,3.745051211509577843e-02,3.510115155191122216e-02
3.315577857670946871e-02,3.843233216100538224e-02,3.190132272400415109e-02,2.006550210499186485e-02
4.634077202898506664e-02,1.550339450813918024e-02,2.768215172506616195e-02,4.195084668816052159e-02
4.950601315231444727e-02,3.823357440875314872e-02,2.012201620637431992e-02,1.674351935086776030e-02
1.875670289156116527e-02,1.053980156815916697e-02,2.633423348419039467e-02,1.331807517153923114e-02
1.231515354916434823e-02,3.966680886495979608e-02,2.024175970442632783e-02,4.899860909933918818e-02
1.887782757892719765e-02,4.907782225685736882e-02,4.866530408851862249e-02,2.188105075337556937e-02
4.769050051567030185e-02,2.724545795444629354e-02,4.956474401404076247e-02,2.692440197143820130e-02
4.077840916571613683e-02,4.966087867578166531e-02,3.776430623094845229e-02,4.864485971759215793e-02
3.435904437546032086e-02,1.889364990861807508e-02,2.998249953866999329e-02,2.862683984276576804e-02
2.110739985297917232e-02,4.113127525874801099e-02,1.566761830975876846e-02,1.217793201869329239e-02
2.703166921389016375e-02,3.662474841046416824e-02,1.237003974596222015e-02,3.308993628674904153e-02
3.317196337651918264e-02,2.389279270462307120e-02,2.463045072739730376e-02,4.560357567336480872e-02
2.442613964362226608e-02,1.079201219677953724e-02,1.875678181694262828e-02,4.507534773021674990e-02
1.202388401996753661e-02,1.689851826713092975e-02,4.587629721745748596e-02,2.242363368388512745e-02
3.782341495880549992e-02,4.370787152061404029e-02,3.503510091559178252e-02,2.926366101419319160e-02
3.408419446907162698e-02,1.402236129661712724e-02,1.171388878827847937e-02,1.368491705217407019e-02
4.715528983394268181e-02,3.557710023749587752e-02,3.435667369627012913e-02,4.206887174305430632e-02
4.234306036271030804e-02,3.310295090843601296e-02,2.083763326963417387e-02,3.581477999173634380e-02
4.829974208825366100e-02,1.588946331906632148e-02,4.524508524976990353e-02,2.294226488330396857e-02
2.819446675638860589e-02,2.790071998284233967e-02,1.628865838321568241e-02,1.172420443458150122e-02
2.480657177116123852e-02,2.997481869251174963e-02,2.340805764844670206e-02,4.095338137979814830e-02
3.286469398565140115e-02,4.713382213385981095e-02,1.005606406398982383e-02,4.993876911370694754e-02
4.101418562309799842e-02,4.368048587388006360e-02,2.494499030437779055e-02,4.393121293463304183e-02
1.835393279990999230e-02,2.104313152311472826e-02,4.734448016567682077e-02,1.865188576352425770e-02
4.420228381433220083e-02,1.975232876272088947e-02,3.770010694566575810e-02,1.170490382768439586e-02
4.968081320020719532e-02,4.732638579305974841e-02,2.756477492102436810e-02,3.852205194002433081e-02
3.958074121079002694e-02,2.650228599685107433e-02,2.754374798544696745e-02,4.317843829150330021e-02
4.333134023469279589e-02,1.717845932080062227e-02,3.594720094554108153e-02,4.085040079077974923e-02
3.851224994680724906e-02,4.445470456336327730e-02,1.004446818979410315e-02,3.310634231999338983e-02
4.205629282748069020e-02,3.321198142690226507e-02,2.475108453914650480e-02,2.685123479557461473e-02
2.030771144883237317e-02,3.714661139665289408e-02,2.129236627611115484e-02,1.226611652141850958e-02
1.362511459574286023e-02,4.635550029329001120e-02,2.655963094398948454e-02,4.619041674862474356e-02
1.152609037447118942e-02,1.512538188224021862e-02,4.447795644752654959e-02,4.665496660505219495e-02
4.223376686069501423e-02,4.704942480865042381e-02,4.018873987480106602e-02,1.301886320709757378e-02
2.176918623972481578e-02,2.096885415337543246e-02,2.067760837983003558e-02,3.265809686030556047e-02
3.077951148778251822e-02,4.473102142582548180e-02,4.503174948737014016e-02,1.235070584380508485e-02
1.825863548803550659e-02,4.985355888929431101e-02,3.900415965344018049e-02,1.118397659410162552e-02
3.642756658296049388e-02,1.892672753084630524e-02,3.081425631741094295e-02,2.400428463960500858e-02
3.770765520894996808e-02,4.986446790394308964e-02,3.646352886388233572e-02,1.409237781650882551e-02
2.507305384858329184e-02,1.100565888977814329e-02,3.989418282166393853e-02,4.655031388811111531e-02
1.849046030370664340e-02,3.379025002314294673e-02,1.297086817907915600e-02,1.832925952062632383e-02
2.719849857431579088e-02,3.378952853320600636e-02,4.871006329112329003e-02,2.750398485769027512e-02
2.468140282757300130e-02,1.623295483094523359e-02,1.405405910229783062e-02,4.602589814920481082e-02
2.453225162910479401e-02,3.328314294106966831e-02,3.038284980459957096e-02,2.474580309650732668e-02
1.022478374326009527e-02,3.326785097715163897e-02,2.573995936632469950e-02,3.736791350614414309e-02
4.976349494609815655e-02,1.374250714210069335e-02,2.412749645772943596e-02,1.918351935882104536e-02
3.351867720735784290e-02,3.703674653556959101e-02,4.965760029664445518e-02,4.082982294023272674e-02
2.871677192653569050e-02,2.867621324071632088e-02,1.415316359454691156e-02,2.437794583586900057e-02
1.133072019671639563e-02,3.327425310339126446e-02,3.387388672780778515e-02,3.549725613746469027e-02
1.195761623129974575e-02,2.652342854598076227e-02,1.666582717343754669e-02,3.699541682179062485e-02
1.923215287994350930e-02,1.755146177085935635e-02,1.454366182282373909e-02,4.607610427057064195e-02
4.562137608081856532e-02,4.083907094406758614e-02,2.994318571026736292e-02,1.598466054132811204e-02
3.523559381879292490e-02,1.604119030629282822e-02,2.261154021779501755e-02,4.167811106465564575e-02
3.322128688633229493e-02,3.002724304387081877e-02,4.581018784377466346e-02,4.449643889642834055e-02
3.187180479331342547e-02,4.996081107196190252e-02,2.458668627279079685e-02,2.099648439500018809e-02
4.945298855016373035e-02,2.107603710349429185e-02,1.852143631333081492e-02,2.647477170378178396e-02
4.025178268941107668e-02,1.544639343709108478e-02,2.362858610233575102e-02,2.247208215369316670e-02
1.121378686902667517e-02,4.763586684726006659e-02,4.634966168586559382e-02,4.130632572230389515e-02
1.335657486224131260e-02,1.161126440705031668e-02,4.415713319125636610e-02,1.724859301529528544e-02
4.880656499761506367e-02,2.235419681450155627e-02,1.828111933652796367e-02,1.911826725632188861e-02
4.417589514479190738e-02,1.265401014515462989e-02,3.497523996644575500e-02,3.386858130258529886e-02
4.529242301261966058e-02,2.851425010642190394e-02,3.978172706726698649e-02,4.198328513473024992e-02
4.462535896252162876e-02,2.779724424949683859e-02,3.861361211717423414e-02,3.067913424292081220e-02
2.709422358872510400e-02,2.446825201809177050e-02,2.193025045002429396e-02,3.530097917995889817e-02
2.535036703162781013e-02,3.656927661388305328e-02,3.316880790936261453e-02,2.183581114322976843e-02
1.282945821981400572e-02,3.240089225261170991e-02,1.221839008397671358e-02,1.634006862197268789e-02
3.558883088095512320e-02,1.638038199481267609e-02,2.244817599545610720e-02,2.008559379183822227e-02
1.614025526545168759e-02,4.201667764286366735e-02,1.060415645274019256e-02,4.379712027501848903e-02
3.039214157195171268e-02,4.204603874882040238e-02,3.653901447751124049e-02,1.661181715094862260e-02
2.071925830009262517e-02,3.116522296586185514e-02,2.993855190305512448e-02,1.214510111910958173e-02
2.952858071390462164e-02,3.914229563790672800e-02,4.299985758112694761e-02,2.486595605061796971e-02
4.521503065880128069e-02,1.966398023379953633e-02,1.904646093113524646e-02,4.186082751258487361e-02
4.639116618062705949e-02,2.300187015767665710e-02,4.644295184882797634e-02,1.729086087780935463e-02
4.206892212112806062e-02,4.346802075991131747e-02,1.085300150984952472e-02,2.976745522529021526e-02
4.876524399986934682e-02,1.409220491229243137e-02,1.978927250360486972e-02,4.885389782470451331e-02
3.755348367518124286e-02,2.517459153327472610e-02,1.444166833013567353e-02,1.286180145856291417e-02
1.729621069624166438e-02,1.522472457972953198e-02,2.361712307011027551e-02,3.498091732295634249e-02
4.213727119550917527e-02,1.684110150030095066e-02,4.941797319405707989e-02,1.964561344346898303e-02
1.788522382064368366e-02,4.964922567084722321e-02,1.385566791433181372e-02,1.024563732084388112e-02
2.839336147051962911e-02,3.708423955870878558e-02,3.714809224389819392e-02,2.956018562019423201e-02
2.546957637201164443e-02,4.109543304320105450e-02,3.952750586944793476e-02,3.514444039262731162e-02
3.818151244659931387e-02,3.219198071079377305e-02,4.043688628777274835e-02,4.269543918639623348e-02
2.019145240108454961e-02,3.207521433009601075e-02,3.297695196526421318e-02,4.918828408399974345e-02
3.587476247917377459e-02,3.603897540875996425e-02,1.079517576415073288e-02,4.661023788290729469e-02
1.984267541731078027e-02,1.448445865428790204e-02,2.684490957470085648e-02,4.460727300989300592e-02
4.824939053451882814e-02,3.100755149541670891e-02,1.970635401216560417e-02,2.140816159076501177e-02
2.377444090738925139e-02,4.977306348873272029e-02,3.399255994093541844e-02,4.790465934107460133e-02
2.898386662312558981e-02,2.741951075028611906e-02,3.454379361576448426e-02,3.076022245007730554e-02
3.544499220448184273e-02,4.063763024080862402e-02,1.967885348951252389e-02,2.798627084845704827e-02
1.485403194158787903e-02,1.097936388448401447e-02,1.383957685278908861e-02,1.501442507898936331e-02
2.340661137057620939e-02,2.536912045698257873e-02,2.204174057072968984e-02,2.386496765720916638e-02
4.717782188876899069e-02,3.709588537908865835e-02,3.054806219535252665e-02,2.532582707745707762e-02
3.785321604130754969e-02,4.074696188194151802e-02,3.925841742820147112e-02,4.074973725013531639e-02
3.912229463915407185e-02,2.792938634189407604e-02,3.690906067791915185e-02,4.014497109389486562e-02
2.516146559170971686e-02,3.770109940850192853e-02,1.351526489854967643e-02,2.741930971434500264e-02
3.062035937160890314e-02,4.880058595612150191e-02,2.419295274981192109e-02,4.515156761775764027e-02
1.633765923763203995e-02,2.175501085446426841e-02,4.520886205241934214e-02,4.917450365377947635e-02
2.096755024138970136e-02,4.686000337821029371e-02,2.365450169585162077e-02,2.143537251760205958e-02
1.574499470553693964e-02,1.094430612534679631e-02,4.799788205880586855e-02,1.178685501638268747e-02
3.196662605785977052e-02,3.400165040850480769e-02,4.922795188538856004e-02,2.520689845681806096e-02
1.417724208884735271e-02,1.424405847286130955e-02,1.267905146428451209e-02,3.341094747450040758e-02
1.961431745158281198e-02,1.743865500361770071e-02,3.466464487203615302e-02,1.626646993812711287e-02
4.185393782960661335e-02,4.587253078545594498e-02,1.944458155461602916e-02,3.035191586008403192e-02
2.367794737799486932e-02,4.336383700110682526e-02,1.224580380037735595e-02,2.720660982166752534e-02
4.368232954710934979e-02,3.795427040460972595e-02,3.272962530902657347e-02,4.662839502938793956e-02
4.468989361143156647e-02,4.495937311901364308e-02,3.676144564579174323e-02,4.728255711305622000e-02
4.175064692867815064e-02,4.922636869898865813e-02,1.050309724003331037e-02,3.996284987263856725e-02
4.043253333512233233e-02,4.741461446113765660e-02,2.767918805136689725e-02,3.961450919128121223e-02
1.577529527232957376e-02,3.416571658754270768e-02,2.293605561535941653e-02,3.965624999288578506e-02
2.145443849078540466e-02,3.272224382930087605e-02,4.737562100285018507e-02,3.133168007439253444e-02
4.841744407778984793e-02,3.924054591252999769e-02,4.974894670981207939e-02,1.585181102095986616e-02
4.019548711523041051e-02,4.743803902623319746e-02,2.848974301974871448e-02,4.735815594038103593e-02
2.118554207152555449e-02,2.294599901569405187e-02,3.854783411103675228e-02,3.674006027440150646e-02
4.234979431134298228e-02,1.468003040093632597e-02,3.900662552039663861e-02,3.166136883727101170e-02
1.879437030151660110e-02,4.859887664178450667e-02,1.659991903838491101e-02,4.077236597333189216e-02
1.150372643659216751e-02,2.542133875250868549e-02,1.192795708887719325e-02,1.042841173942693489e-02
2.949649252649708814e-02,3.213940801196164820e-02,1.143232526863181484e-02,1.576804801069535411e-02
4.590437547422700215e-02,4.705429211959778063e-02,3.436148908361045390e-02,1.695407676119530666e-02
4.813513516688831817e-02,1.867263405846315838e-02,1.225893711625659042e-02,3.070562426656343880e-02
3.493342567260691173e-02,3.964284299561891822e-02,4.342353790671110714e-02,1.649358106088769788e-02
2.382474835754882711e-02,4.854933561186616786e-02,4.085116475722762319e-02,1.661774855654758049e-02
1.663360343448907000e-02,2.596338223577578097e-02,4.500308438471255224e-02,2.258492902005031222e-02
4.186921510138140456e-02,2.652011453493850757e-02,3.277178908032983562e-02,3.521025279899398647e-02
4.958034426402928990e-02,3.398965928264414266e-02,4.700889980129063783e-02,4.516201780177377112e-02
4.980136020692521592e-02,1.271747101437896085e-02,4.027053740474803578e-02,3.523340436821464916e-02
2.221827641907614739e-02,3.878148592608176431e-02,3.247823144985238775e-02,1.800376363937118002e-02
3.594387155444164761e-02,2.411706858774727291e-02,2.762778564016537403e-02,3.627194575478972366e-02
4.773040907751521789e-02,4.195948172281043637e-02,1.708323174000697317e-02,1.379842262550706397e-02
4.627002837616904507e-02,4.820839350711186855e-02,3.381295648345265109e-02,1.667906128757220413e-02
1.682810674693357988e-02,3.974154603965087545e-02,2.638515093437809184e-02,2.499922627128133706e-02
1.550146398788654692e-02,2.294728678836151919e-02,1.714814516937706104e-02,4.564788647289654694e-02
2.489568542827941267e-02,3.451890998525222048e-02,3.336719448779544572e-02,1.344593859786894115e-02
1.719943306921319776e-02,1.552192603910127963e-02,1.539418007104056615e-02,3.778129062770360647e-02
4.605178699434690770e-02,3.755010917261344949e-02,4.310841719627224455e-02,1.159820151973349651e-02
4.626136283444166192e-02,4.839417855515323191e-02,4.636900737775411646e-02,4.967153829109796637e-02
2.324562536343812921e-02,1.178451130773401287e-02,2.935098334306716211e-02,3.956554844908566348e-02
1.687541683036860099e-02,3.336125558980203298e-02,3.765000851452483116e-02,3.457048112607175733e-02
4.247226254155930109e-02,3.555069913003953280e-02,1.146203218173459486e-02,3.886874225356175966e-02
3.794416203945784327e-02,2.644362430768974759e-02,3.060539076204572134e-02,3.994572385881513948e-02
4.230911356949128288e-02,4.078469123542508012e-02,2.372582079529868271e-02,3.078226158474624274e-02
4.844366292626892806e-02,3.916364632914098864e-02,4.011643658743715285e-02,1.091438248877872781e-02
4.202124384758847836e-02,3.079947793922556409e-02,2.112231476969752761e-02,4.015350400270482206e-02
2.051905854038885840e-02,1.269058611519468735e-02,4.861166447542018126e-02,4.478690050697596570e-02
4.309073923825583463e-02,2.675445537451918987e-02,1.103072300722301134e-02,1.880402891561256187e-02
3.268547830605300630e-02,2.969952628102932868e-02,1.884251737962502199e-02,4.142665510462458650e-02
2.109053839330668825e-02,1.745064750568901812e-02,1.523707704637352646e-02,1.109528453653838530e-02
1.448484472042356995e-02,4.996729322136499174e-02,2.416999048797771263e-02,2.366279768604370032e-02
2.549909620775842739e-02,2.679425240156154547e-02,4.574782293680923484e-02,1.051638535415602878e-02
3.568148587173543274e-02,4.923844242854242409e-02,4.872022689144718532e-02,2.579016115656005553e-02
3.187548183871658641e-02,1.125235724054971312e-02,4.024192684935491010e-02,2.286606644926703416e-02
4.110667187876562712e-02,3.294486118551127191e-02,1.579196604676216115e-02,4.959036031398550426e-02
3.232419841890685208e-02,1.304337576811483851e-02,3.061324490732418580e-02,4.396800885833429540e-02
4.046876589576692967e-02,2.295834321096850567e-02,4.386864946838389678e-02,3.857222640998389518e-02
2.740930018819449920e-02,4.638618778497029249e-02,4.838998462060461331e-02,1.073918001445669200e-02
3.572205650263664961e-02,4.606672159558774376e-02,1.866981986806552293e-02,4.244039477833388280e-02
4.595325574500610383e-02,3.766884510096613764e-02,4.313565399655460569e-02,1.458152469587628564e-02
1.578482643032403515e-02,4.024703277292130538e-02,2.712034154152908466e-02,3.795589243157211634e-02
1.267325698501592900e-02,2.109918663836012412e-02,3.886858435575989146e-02,4.165819256405896981e-02
4.123425967991428687e-02,1.638315605867724997e-02,2.560138138019146109e-02,4.156747940463086100e-02
4.651978058499384866e-02,3.267676763446091676e-02,3.033448130856434416e-02,2.864988154645713159e-02
2.414644169567180601e-02,2.491153114310190597e-02,1.724572269913644471e-02,1.837883754460921393e-02
1.099028912700809706e-02,2.622853735238613038e-02,3.447084827305170462e-02,1.605919756143568342e-02
2.603193353055210935e-02,3.583580213963211136e-02,3.214348455852770320e-02,1.500126713612399965e-02
2.921008608994424272e-02,2.101539382062304548e-02,1.294739639174765158e-02,4.866043129967909803e-02
4.049680243948369091e-02,1.345114591941616589e-02,2.498885760319511512e-02,4.118726084178071789e-02
2.401592053565848595e-02,2.802256669415194301e-02,3.318434626517817454e-02,2.177112081441286845e-02
3.392565790857760694e-02,4.012077468833743360e-02,4.983115782640794994e-02,2.875363691666918409e-02
3.155588785446344913e-02,1.981084435131868354e-02,1.317409399368436353e-02,2.916273163899332083e-02
4.498389870856424333e-02,2.155815917142335850e-02,2.129831679082857393e-02,1.934213058990155720e-02
3.685467273685078676e-02,1.724206206507929856e-02,2.569673474362502152e-02,4.971421253454926664e-02
1.260557419566424309e-02,2.374871915155918681e-02,1.683661979939188313e-02,2.571712449558555963e-02
2.509267546146548566e-02,2.254698332726829541e-02,3.956170796731480616e-02,3.792741925405355291e-02
1.359083389213809438e-02,2.334491456415077604e-02,4.365785432951718031e-02,1.702383409750846816e-02
1.450110018551866928e-02,4.658217717834309962e-02,4.566041473692645375e-02,1.017502353731718212e-02
2.191658824404501410e-02,3.882837253118932852e-02,4.335615501681459871e-02,3.257958506363604900e-02
1.004409420913715545e-02,2.865080290381029349e-02,3.290553242917928362e-02,1.400827217766551988e-02
4.149487320643599486e-02,1.506993766235217164e-02,1.691694617437267123e-02,4.616296879407379150e-02
3.566297613527460303e-02,1.710892765291492298e-02,2.411622071579120480e-02,1.858779937274891714e-02
1.120024020948798271e-02,2.459116202593480266e-02,2.801206553644701447e-02,1.429334554269959950e-02
2.031693859081651343e-02,4.743127474133095045e-02,4.160660038059464660e-02,2.274881800798846110e-02
1.279984234834149678e-02,2.767519390964472137e-02,1.526098662260532215e-02,1.147850984252214712e-02
2.625545032211872715e-02,1.562309247392979286e-02,3.754868128768849844e-02,3.186615029459579501e-02
4.461032265513299733e-02,4.657647918699062833e-02,2.613868172306010873e-02,1.550153094165939924e-02
1.513211791476433421e-02,1.809134868977241295e-02,4.494944929771207964e-02,1.935197194878134769e-02
3.470164542600458202e-02,3.829666397220935631e-02,4.952999303043506552e-02,2.054063684100624482e-02
3.591987298669045009e-02,4.343083925034517401e-02,3.883958418805764923e-02,3.244315009474869893e-02
3.823946101965061684e-02,3.838715572212491461e-02,2.992750103723514077e-02,1.512232016588000924e-02
1.647644355379994374e-02,1.598491484264614668e-02,2.884859262255094758e-02,4.040152756408364049e-02
4.354996579646328025e-02,2.161082812606314810e-02,4.380062590138839029e-02,2.246329360121122193e-02
1.672323497826268268e-02,3.149940127833295717e-02,3.804579879957799282e-02,4.240008845551321293e-02
3.882155754865427438e-02,4.461441638024044032e-02,1.524539286694080384e-02,4.868098391507705985e-02
1.242262831888452969e-02,1.136825546654765540e-02,1.250357172765201655e-02,1.484600375323306444e-02
3.700436357158023298e-02,2.177279749556038785e-02,1.492163220067900184e-02,1.273271125777004562e-02
3.626157499887619484e-02,1.821079364350677160e-02,4.414586829135491719e-02,4.782950568667453106e-02
3.038763419167950924e-02,2.587806336961986226e-02,2.505842250574272581e-02,1.644670622647491365e-02
3.431455450180059125e-02,1.320627558791868071e-02,3.982001861568029710e-02,1.780080530620896037e-02
3.726868439869978483e-02,2.225806741914942988e-02,1.264680211083718878e-02,2.729448614929048944e-02
2.506609937425741813e-02,4.469863808362319058e-02,4.632373587193189951e-02,3.456741440008764821e-02
4.458536879390873064e-02,1.484036661363764484e-02,3.175952693155704998e-02,4.903875969867502183e-02
4.423985064368483877e-02,3.394544674283686558e-02,3.055935101172529977e-02,1.902294093622737547e-02
3.262214182516295219e-02,2.316969764882827881e-02,4.747549635254446482e-02,1.461333917181401390e-02
2.756382718698319884e-02,3.299627506103470359e-02,4.890259352871412918e-02,3.504610324005608124e-02
3.680983042890653006e-02,1.613429809743298707e-02,1.804624780967011705e-02,3.135804264734916302e-02
2.845353670552591002e-02,2.192936090786429260e-02,3.948262133520987621e-02,1.614451797311105413e-02
1.701312027815777422e-02,3.725594388593286843e-02,2.160285346157660158e-02,2.533398222016743084e-02
3.733220085010763994e-02,2.953399298836829195e-02,2.454628468547860598e-02,4.376973910887276692e-02
4.461893291336418294e-02,1.494518843145454037e-02,3.207807438293023422e-02,3.713893821435912401e-02
2.516431015992750750e-02,2.447768847998383138e-02,1.449303302639558602e-02,4.927590341712548977e-02
4.310282837661241068e-02,2.432987997063020685e-02,3.119016332215790444e-02,4.388911983400275996e-02
1.785390922133719971e-02,2.787831909769488553e-02,4.931237724256989918e-02,1.529784164037073860e-02
3.290754878508564407e-02,4.895604482649360684e-02,4.122703721012654227e-02,4.446356326898438099e-02
2.263401370749501540e-02,4.161590471204960895e-02,3.489707192961114673e-02,4.597878868102164146e-02
2.685285681551097953e-02,2.513473392459646127e-02,2.815948463810589997e-02,2.388787337112679293e-02
4.532974286553838328e-02,2.427575435115953209e-02,4.719608859861553624e-02,2.326652704798431656e-02
4.771695241271083077e-02,4.550229655686442026e-02,1.807337571805200244e-02,3.809683443444911860e-02
3.866478302234211545e-02,3.691064959781500260e-02,1.598566107113236212e-02,3.007743324771395416e-02
3.045090920302410270e-02,1.050542675540855862e-02,4.370091898688892307e-02,2.820240848821419649e-02
1.451568480391885602e-02,3.820207506097336031e-02,4.351491532096000980e-02,2.859699905363906336e-02
1.659990837117997220e-02,4.817220330616141938e-02,4.881837897914642621e-02,1.883726124928417761e-02
1.195083566981594916e-02,4.788858039534023975e-02,3.651425564149356900e-02,3.736164766914266272e-02
2.363316263743621415e-02,4.266335435397382997e-02,1.979581924097829210e-02,1.506572520755759120e-02
1.456180269664739124e-02,1.060260738226209004e-02,2.332410172245063390e-02,2.331273285858034838e-02
3.797516389202506421e-02,3.698070154108700630e-02,2.230304349579819573e-02,4.111223869816690857e-02
2.557295441514097212e-02,2.243123515891240483e-02,2.557502868381444569e-02,1.723881057131236225e-02
1.146268233744089649e-02,4.309243093046371403e-02,1.711489294104626135e-02,3.207737757757618546e-02
4.588764174557984077e-02,4.177194214191553429e-02,2.013357471669175239e-02,4.457431375681154828e-02
4.013924634184648510e-02,1.768991145395624326e-02,3.046440889964759091e-02,1.939075702640296814e-02
4.364517144240230573e-02,2.721730976873210084e-02,1.402341360470414633e-02,3.547494188594690206e-02
3.056812317626583786e-02,1.548027414779316706e-02,1.714431444619178915e-02,1.033846561808612029e-02
3.470893924732244840e-02,3.695778793037552551e-02,4.527569249463932188e-02,2.163824643038238238e-02
1.386961764083806045e-02,2.217001825889184166e-02,1.221784305727217912e-02,4.007500158805601259e-02
1.858799321357097051e-02,2.104407109765081205e-02,1.498294995553903913e-02,1.999477501382581485e-02
4.633914189743236489e-02,4.609780246612930898e-02,4.800781978599492905e-02,1.207097625291974480e-02
4.099973579399671109e-02,1.554518578215949125e-02,4.539956822673160003e-02,2.013852954232542292e-02
4.487967336108582977e-02,2.061948739322665494e-02,1.600272279999846725e-02,4.896290339463375829e-02
1.303283295425083747e-02,3.181775372315039097e-02,2.788763868969267729e-02,3.491802382503317315e-02
4.397052549150813616e-02,3.141419580906357201e-02,1.834845005245551788e-02,3.180188219548561734e-02
2.789021507811849376e-02,3.462572088361979411e-02,1.685319700008236499e-02,4.452846087075234410e-02
4.265576355024409266e-02,4.326812150672979668e-02,3.125996832476211212e-02,1.088216410083574053e-02
1.078071747301822918e-02,2.908521597743798232e-02,2.582482582550380684e-02,1.537532120619031564e-02
3.353690688450899904e-02,2.301158398025847374e-02,3.441791326264857093e-02,2.209486761836001317e-02
3.235188382519511852e-02,4.498956189150542240e-02,4.909004707026078107e-02,2.023599100197230952e-02
4.569591555456182369e-02,3.064128178145263809e-02,1.277857873718998144e-02,4.216684653680843886e-02
4.651180529418569992e-02,2.095613583069405594e-02,3.847820169732843465e-02,4.005875104947966697e-02
2.713449025583901386e-02,2.751448104852865367e-02,2.811747551377929283e-02,2.736611666253120634e-02
4.035238560271491026e-02,3.097573389962886975e-02,4.668657557570710104e-02,3.077767124597920179e-02
3.074483320069532066e-02,4.279565700312256554e-02,1.330106328271363908e-02,4.251768752167654764e-02
4.888120399963167412e-02,1.853319907146179155e-02,1.685004915016817539e-02,3.379089296520640384e-02
1.292428345112372860e-02,2.205405696879924465e-02,3.173784420706067533e-02,3.536543038228611574e-02
4.222105677580844513e-02,2.808736829554072528e-02,3.866027570439500155e-02,2.259030010286720153e-02
1.856353454192314484e-02,1.782297621986801001e-02,1.381064025185871867e-02,2.628454658956300843e-02
4.514041333319643301e-02,2.910431598838018191e-02,1.804547324163630756e-02,4.248777554301048920e-02
4.139210262992413375e-02,1.625264827838529547e-02,1.692114949468568469e-02,3.675019409079802873e-02
2.516866588074642003e-02,4.399038536585924558e-02,4.532450786609024812e-02,4.921346291907459369e-02
1.389146824263413904e-02,2.360780613697100599e-02,3.248018106267654137e-02,2.351708758786610204e-02
1.334633713745006500e-02,2.531244166895604136e-02,4.177973052895170986e-02,3.327159523129800262e-02
2.023536189730471002e-02,1.179821177703300680e-02,1.016590777134995099e-02,4.492980147703630467e-02
2.737263790208117886e-02,3.280038266024288413e-02,4.174474716156863219e-02,4.973788461850205123e-02
1.738996690177958132e-02,2.240658954189802404e-02,3.391649654628596522e-02,2.087380813073703989e-02
1.798188740591132734e-02,1.479190921861339887e-02,3.283827375142616550e-02,4.736679775909053564e-02
3.555783084120068410e-02,4.493227702846513960e-02,3.227551288342377089e-02,2.297729325808789760e-02
1.368796852629488268e-02,3.098980492454089103e-02,1.493501134832932523e-02,2.978689381253312590e-02
1.620464071799732758e-02,2.125525977045508719e-02,2.237900305610661389e-02,1.708414176396373663e-02
2.091752593016302578e-02,4.513327726861909167e-02,3.070569028538902567e-02,2.095179523462983862e-02
4.435046614694604372e-02,2.384786093097136794e-02,3.904203843032535981e-02,4.856234561786893639e-02
4.632944267770745111e-02,4.904595031570852665e-02,3.424292248193259308e-02,4.221500441772307877e-02
3.680678528160340884e-02,3.694752951297749360e-02,1.001321468500505560e-02,3.061349669163501708e-02
2.645159846180212410e-02,2.956949886409707823e-02,2.868868188260053492e-02,1.382193579324260749e-02
2.628262277188916918e-02,2.065975091059714386e-02,3.413521225948043525e-02,4.933581638404088004e-02
3.033064695888498113e-02,4.473783751837448475e-02,2.671173416832103853e-02,1.306398524453861176e-02
4.142233983555167198e-02,2.028571700293405056e-02,1.783677526504004462e-02,3.590054114827016113e-02
1.444506858624888465e-02,4.134976108253855115e-02,3.632998416029826344e-02,4.703455334505589336e-02
1.346818798375875453e-02,2.036897440038494544e-02,3.534216952625061220e-02,2.008612212980315920e-02
3.184659017152409455e-02,2.588847569593699660e-02,3.174200160970960111e-02,4.786392488796025607e-02
1.214589662127208043e-02,3.310904745944029393e-02,1.620118547231638034e-02,1.949820095032499950e-02
4.920877564745609195e-02,4.970644397252341889e-02,2.040444138093733956e-02,1.036178332023288129e-02
1.385138038550640278e-02,3.318116909353888838e-02,2.598933779666508237e-02,1.253070879536950094e-02
3.261336682096138695e-02,2.254232175856266118e-02,1.750613547615736260e-02,2.945733794183939824e-02
4.237845013873933753e-02,2.091149401442116140e-02,2.461202684108083905e-02,4.286828811622898916e-02
3.228473281244873677e-02,1.863905295354455205e-02,2.091238042694342630e-02,1.386886148124895704e-02
1.221245007329469293e-02,1.977451799365923663e-02,1.840057151250151096e-02,2.057932810483358715e-02
1.163726764941253218e-02,1.110449472068833834e-02,2.639832226133469184e-02,2.402222989672378808e-02
1.160994030787489487e-02,4.276055014488902573e-02,1.073071732416057064e-02,3.022289804231143018e-02
3.756744103057493844e-02,3.520310969086306446e-02,3.130061145227565345e-02,1.393523779669404716e-02
1.281005460948421611e-02,4.211737353348195267e-02,4.030683115707875408e-02,2.229711165163811987e-02
2.120141459924444055e-02,1.508203600762472903e-02,4.889419767804717432e-02,2.767263390459670513e-02
2.874805284926960913e-02,1.566117382486969384e-02,4.705124052653511524e-02,1.088129147243638642e-02
3.786675128112125532e-02,2.795949666779126708e-02,3.549741717126450591e-02,2.094068974484442763e-02
3.599398313272200028e-02,2.446740258764142084e-02,1.138853382929750149e-02,2.846386016854048073e-02
4.271807573284239906e-02,1.973309432053946960e-02,3.151430103889753948e-02,4.555353073228687183e-02
2.530300807838749277e-02,4.705374482675767078e-02,4.568893412849291819e-02,4.370130457773657023e-02
4.449882456807212339e-02,1.417259525362397563e-02,1.945884422048523021e-02,3.408940374445132426e-02
3.264106534343071825e-02,4.383717672074825128e-02,3.078579909240459350e-02,1.646746383668322433e-02
4.639288659965608297e-02,3.604572170987634799e-02,3.096387233302326514e-02,3.572100160557788173e-02
1.265288875528647848e-02,3.753605324077187444e-02,4.432754603168377605e-02,3.515554606310218599e-02
4.624896782388490668e-02,3.992227794374056393e-02,2.390172106942384592e-02,3.404144642393943515e-02
3.249447477215532121e-02,1.909855142518658566e-02,3.147594092121848430e-02,2.717145958770815495e-02
3.193615463827358808e-02,1.513376520929949134e-02,2.553640152068439167e-02,4.549295249850062589e-02
4.815757228107077348e-02,4.044911847124713772e-02,4.234589023889621939e-02,1.658005735475554313e-02
1.829465223099109236e-02,1.708428500327437149e-02,1.873513960283020377e-02,1.906719797697684765e-02
1.153837652519376297e-02,3.066874213739407412e-02,3.512980508643116090e-02,3.239362756251822767e-02
3.272292440405287495e-02,3.519859476273355658e-02,1.511480094683043465e-02,3.264090629335672511e-02
3.978140391405409620e-02,3.216436560008369833e-02,2.775121965517535205e-02,2.699363133412111676e-02
2.319157248128122031e-02,2.605428737277028228e-02,3.171501268652518468e-02,1.651672452570621813e-02
2.999173265815721634e-02,4.950400080958831245e-02,4.675109216149424957e-02,2.808992528011013817e-02
1.142503044163501076e-02,4.801881294399931027e-02,3.461617116979337494e-02,3.337021792238335782e-02
1.773445201012228620e-02,3.358028778073606641e-02,2.487470084512749535e-02,2.354874451189842982e-02
3.222646210954886042e-02,1.122628457254797388e-02,1.259034764947584116e-02,1.274911411064686209e-02
1.109936247489606148e-02,3.575359000323135444e-02,1.260642169516093015e-02,1.237952099330394233e-02
1.791856643085360315e-02,2.182790715439809209e-02,4.873054387907475860e-02,4.514155710988571740e-02
2.563271475625152757e-02,2.052689666272619617e-02,1.570097688238787648e-02,1.092769738983797104e-02
4.795621655321592736e-02,1.263291174205445448e-02,3.016590135447211329e-02,3.050023908095819691e-02
2.101606733129981683e-02,4.930392262577024814e-02,1.924045135105576648e-02,3.187822881532792474e-02
4.089078009099727379e-02,2.425255552201987380e-02,2.857282325161525360e-02,4.626756041000705533e-02
1.766870098796211735e-02,3.744697183793369022e-02,1.107713545535520330e-02,2.718334924650522844e-02
2.511443151936544604e-02,3.651866685270700047e-02,2.121179313469110511e-02,1.823821239846185743e-02
3.588478487294624597e-02,2.317060975769590081e-02,4.457310205471530506e-02,1.594204735230605671e-02
3.797973999722042970e-02,4.131018987711617546e-02,2.913066312103167188e-02,3.168315809627607338e-02
1.432702604245604701e-02,4.526458979260394866e-02,1.346457383782611802e-02,4.540939825389640055e-02
4.278275351846975300e-02,4.099516857298082101e-02,1.659650518611816006e-02,4.288561392777603953e-02
3.254097623070650869e-02,4.531367666378831316e-02,4.792509438299072388e-02,1.212583865524870935e-02
4.404614301717408448e-02,4.165859472946650127e-02,2.623338182122032791e-02,3.124380810444919720e-02
1.709577521880602941e-02,1.807382097406056570e-02,1.021629584863018893e-02,4.549940935601273773e-02
2.725220217794752098e-02,3.170633938139397201e-02,4.708371347239096588e-02,4.161135945167689087e-02
3.513571763933529685e-02,3.090293252505288413e-02,4.536385704725928031e-02,2.175040818593590441e-02
3.498262151097007722e-02,3.953552747944254903e-02,1.146051327158839270e-02,1.508972400619116097e-02
1.093611818578433224e-02,3.082721191520476633e-02,1.534482823516257824e-02,1.095765787539660155e-02
1.141690121817626712e-02,4.152546999182443743e-02,3.426240236409047041e-02,3.921984959450192099e-02
1.445594702685587193e-02,1.153179744223451278e-02,2.339370673638502957e-02,3.954130583905075130e-02
1.725904611035462832e-02,2.102402841932884611e-02,4.202821667712280940e-02,4.899408252909946693e-02
4.857904165552723308e-02,1.178116661033331083e-02,1.724800487446311037e-02,4.734994697841422157e-02
2.173238514362639193e-02,1.483579233879880194e-02,4.465217048423435892e-02,4.239641949504651536e-02
2.424235923896858602e-02,3.580305896311250513e-02,2.815316001689663339e-02,2.128510381770688104e-02
2.086424613405617884e-02,2.614314100618796155e-02,1.499895473887654165e-02,4.843162646595015886e-02
3.733436977180527860e-02,1.673835585940502968e-02,1.021249044871629444e-02,1.272415582925817169e-02
1.075976459027406899e-02,1.263115412112295055e-02,2.769389304912012878e-02,2.151889566771077178e-02
3.460323565057991241e-02,4.617989569876421174e-02,1.152873379970958956e-02,1.402986238188520460e-02
4.405184792537935462e-02,3.590237261141589198e-02,2.681739558376965843e-02,3.475908473254796932e-02
3.129094370246884860e-02,3.677132665350020535e-02,1.595031441279620016e-02,3.654255423205864800e-02
1.854424672276994146e-02,2.947651465545553934e-02,4.488736805932957291e-02,3.875832026711378830e-02
4.658878270683959599e-02,2.000507153789310433e-02,4.762043820860298315e-02,1.356632018040707446e-02
3.434620208534677060e-02,3.291359499797462396e-02,1.938262968100080974e-02,1.735367026683248132e-02
4.212047872783897251e-02,2.747839327641422164e-02,2.857845950957763753e-02,4.558722798759252959e-02
4.582873086294205617e-02,3.111684134767438853e-02,4.947743051256010133e-02,3.425126991511535240e-02
1.560533073598847909e-02,4.697982880315942217e-02,4.541596535078349511e-02,2.289598647639895512e-02
1.743844305721257981e-02,3.282983933438760049e-02,2.805798377194244908e-02,4.285271067796377065e-02
3.597831900103509728e-02,1.372545459475302959e-02,3.736370385064206184e-02,1.843180650636859833e-02
1.211430840404596407e-02,4.728971606878659001e-02,1.667810455870738853e-02,2.292290764759247201e-02
1.568331463311832194e-02,3.228304194332914240e-02,3.595550103798388769e-02,2.053307225621270327e-02
2.318458080232784629e-02,1.778790571756206848e-02,1.201616096280295337e-02,3.275181994718601858e-02
2.046210386780589890e-02,1.681466842088204933e-02,2.241493894390057806e-02,3.634969761688996298e-02
2.070631885424325386e-02,4.547170104056710849e-02,2.054927083356585665e-02,2.922847306781424515e-02
3.161750635396879533e-02,4.184994497367195559e-02,1.742958063437802935e-02,4.496518553154659620e-02
4.655080911083613743e-02,3.060546966446955203e-02,2.486298549455278478e-02,3.891196832388360560e-02
1.901513480616119980e-02,3.731423882209939508e-02,4.372928424758324578e-02,3.303281400811271251e-02
2.426211430640203698e-02,3.553134916087271472e-02,2.288295993393316130e-02,4.542792480662485866e-02
2.980638411473132687e-02,2.389751248676341699e-02,2.406727051889782226e-02,1.955890910361002613e-02
2.758325093185241828e-02,3.881389860246106660e-02,3.879317421494749007e-02,3.670173012695896603e-02
1.231687139865784292e-02,3.084091747902719532e-02,2.968838886453539772e-02,3.564821812017734959e-02
1.576414388732126637e-02,2.568735398580765383e-02,3.522761385401691064e-02,1.649595500515442861e-02
2.577769052923450238e-02,1.415488086110042870e-02,1.877342082309652396e-02,2.822858146334514956e-02
1.599398599942812235e-02,2.222395508602716813e-02,3.469143311276134956e-02,2.474813946787955687e-02
4.622668146426270330e-02,3.154021323952820033e-02,2.308552751887749804e-02,2.248091748586749511e-02
4.457665550148549177e-02,3.551975831821089363e-02,2.944215088224836491e-02,3.527935751732799718e-02
3.190291650136929669e-02,1.065961171222261014e-02,3.777670284867764433e-02,3.759033923714745484e-02
4.819750426454575548e-02,3.628092818510138262e-02,4.807556796846458591e-02,1.824638027745850016e-02
3.019248994471123576e-02,2.096181907924255655e-02,4.903587865082523894e-02,2.324752313434979775e-02
3.229131963931570343e-02,1.180461140992463201e-02,1.443950655305052504e-02,2.029544709756352788e-02
2.412665071788737403e-02,4.747619543998591457e-02,3.044169545687490375e-02,1.587556037479614240e-02
2.786812547741529533e-02,2.632381737656057374e-02,4.855038013052322826e-02,1.817269895845823741e-02
3.617873378806087115e-02,3.800427439929960488e-02,4.949485390674845248e-02,1.941783868303537802e-02
4.149321704548343537e-02,2.876903078307171263e-02,4.244513763722193578e-02,4.379942248969274921e-02
3.895643796517799656e-02,4.307848383190466396e-02,2.335047873868417723e-02,3.218033880446700273e-02
1.106028678458518405e-02,4.139992392143090894e-02,1.825965984762292771e-02,3.076320780942568694e-02
4.822265726015841081e-02,3.623397052548774783e-02,3.846549317650851951e-02,3.277561279757654211e-02
4.735115653954621862e-02,3.636559655719967532e-02,2.603023840309594966e-02,2.062082876579523702e-02
3.296756486232339800e-02,3.131505839121708629e-02,3.912040922307984808e-02,4.334687758593450124e-02
1.790052039443504328e-02,4.215802985723440116e-02,1.001660521991197886e-02,3.621922286766324911e-02
1.553215953732256169e-02,2.210960403773796351e-02,3.163392899009505321e-02,4.019955125905679688e-02
4.424255474986825420e-02,2.984894849327435207e-02,1.907750773622357565e-02,3.435244991793085650e-02
2.900098444811696763e-02,3.038640437069816541e-02,4.982831227401762070e-02,3.982557045444254373e-02
2.099137212314405171e-02,3.405496200455777889e-02,1.995793360287583668e-02,1.197917343912729277e-02
4.285602641733596979e-02,4.727852326704569397e-02,1.040015650852272808e-02,4.969641571486688864e-02
4.179934713403593571e-02,3.515424181620408622e-02,3.427869891147932585e-02,3.336747926622176535e-02
1.608862858094870993e-02,1.436187011402338502e-02,3.747056936855026194e-02,4.879688342536872558e-02
1.022690983037600858e-02,2.715728196300919162e-02,3.533043375277602344e-02,2.109531989556984871e-02
3.889496078007693980e-02,4.383408928535981186e-02,4.802872122534411481e-02,2.477597786328976370e-02
4.658555785764489920e-02,3.757095981440054105e-02,2.989790479893623260e-02,3.313051190362248377e-02
1.843618019386664836e-02,3.395980221646228980e-02,2.303169280060221591e-02,2.942124446946152438e-02
3.270178842588401108e-02,1.712031278481286264e-02,3.888903876808819798e-02,3.925809711904083149e-02
3.731898860060022666e-02,4.152041649798809964e-02,1.030173574920260730e-02,4.289122568882527964e-02
2.058204781654076471e-02,4.348599325042352276e-02,2.448966805985922437e-02,2.411489769811810124e-02
2.939444996486113154e-02,3.845350392140778339e-02,4.789405364105808055e-02,1.929430134759322485e-02
2.797306609122457433e-02,4.692698375314181131e-02,1.563829785768544242e-02,3.829868107652418391e-02
4.738150339123046312e-02,2.431610809845249216e-02,3.714470199734469513e-02,3.288310781109374942e-02
1.665321863716904757e-02,3.644755884779117550e-02,1.070750775665667981e-02,1.218807249550522137e-02
3.940274586025062364e-02,4.620761442637700417e-02,1.456303477375091478e-02,1.868299183511036576e-02
4.316846191488686590e-02,2.358835236698113291e-02,3.019207906099730804e-02,3.053148757996003437e-02
1.459211891770060762e-02,3.483009059464611812e-02,1.034540411172263190e-02,3.246637377146582848e-02
2.450911176656522111e-02,3.261942849924348575e-02,2.277148048602376657e-02,1.304479849958256610e-02
4.730788254725128150e-02,2.779338187310851499e-02,3.300869551366207577e-02,1.176681025977910702e-02
4.810247678740816463e-02,2.645732191387858978e-02,3.707125175113000493e-02,1.609865408707871620e-02
2.993396857787973542e-02,4.421553317017347384e-02,4.061555944064438456e-02,3.086533506504095942e-02
4.645415171063051185e-02,1.130415995713620649e-02,4.264284404178342314e-02,3.684012323847642850e-02
2.015157449463200745e-02,2.169523733980276148e-02,1.012642187652236861e-02,2.009569770125197580e-02
4.375633299567602275e-02,3.669035209599933595e-02,4.831680718356611004e-02,4.794174441170957063e-02
1.603485945255299014e-02,2.724121353574137511e-02,2.168698760170169326e-02,1.414239783877051237e-02
3.693778825159741569e-02,4.562568388918757101e-02,1.779557189073511722e-02,4.389097583568531830e-02
