u1,u2,u3,u4
1.290402539168139517e-02,3.817196892699401684e-02,4.725504922324740009e-02,2.622091031549236145e-02
2.393479487661040808e-02,2.092867892690856296e-02,1.159552163611717382e-02,4.114941078165354482e-02
2.271158389623604418e-02,3.745031969813196471e-02,1.967036756365332997e-02,3.401141316553400740e-02
4.535493992154920884e-02,4.651651500062709693e-02,2.187950495734478085e-02,2.633976653315488192e-02
1.988779575610600397e-02,2.663827024215111028e-02,1.532889444317285348e-02,3.721547618248657874e-02
4.891880738981264909e-02,4.504558893670022879e-02,2.486356132510009892e-02,3.243577880634154059e-02
2.149802732365484539e-02,4.483134070413201389e-02,4.656188327053914500e-02,1.721506325106396049e-02
1.260032994177139563e-02,2.013125537545581295e-02,3.444869618296273611e-02,4.509644479430485742e-02
4.592813385566232864e-02,3.465665065532399364e-02,4.091428498090646237e-02,3.516628879164654387e-02
3.877700821625314903e-02,1.310434916501119172e-02,3.770484569356952198e-02,2.466561360640559183e-02
4.016603267183756210e-02,4.806308924768221136e-02,3.463664203232533906e-02,2.589411116890332626e-02
4.570863445370677847e-02,2.200884531331158758e-02,1.394313651374789846e-02,1.814914350818629465e-02
2.120287473751062551e-02,1.064011183174955535e-02,2.560801395426109614e-02,4.816908894702988386e-02
1.586691247298625124e-02,2.512001494997453607e-02,2.882655020584101724e-02,1.469596199586096358e-02
3.210911040041103393e-02,2.787921670339296720e-02,4.301024579678507792e-02,4.676815705757849523e-02
1.445677251495007878e-02,2.040936174073869000e-02,2.220156047038703007e-02,3.370631684823747337e-02
2.735405803933887298e-02,3.541161249700347513e-02,2.160546427869591141e-02,3.831270181523509927e-02
1.596945749195356756e-02,1.013552473631075361e-02,2.434500657279055347e-02,2.101522673196020916e-02
2.113349748696246450e-02,4.062719668569787085e-02,4.519799609687089742e-02,1.165221425290675211e-02
3.457370225522259088e-02,4.631367085587036192e-02,2.096826306482643676e-02,3.270082869742097637e-02
2.346483557958980309e-02,2.297122759817424309e-02,4.601353757605126243e-02,1.339225754710397787e-02
2.038077010224946875e-02,4.019203747974341850e-02,2.354562984177230658e-02,4.402168130081191705e-02
4.416024519385414182e-02,4.646238671771666523e-02,2.746597686859471310e-02,2.695644207318129149e-02
1.336094358995575625e-02,1.758036831697672858e-02,4.047048530149213036e-02,3.992433870823703518e-02
3.972158583325810510e-02,3.191621409258135755e-02,1.920918628123645389e-02,2.945758934641446586e-02
1.759430774499719588e-02,3.735657675965219776e-02,2.517515655918030337e-02,2.806773691025565148e-02
4.630345668519007113e-02,4.234735197789343819e-02,4.364584519497033410e-02,3.784324246693455962e-02
3.090310224500943809e-02,4.837556710570336399e-02,2.268607092294638167e-02,2.472677498948289837e-02
4.507304693427252595e-02,2.009179290604132598e-02,3.854572573555868631e-02,2.390675578833259540e-02
4.294440755083693551e-02,3.196664947082328984e-02,3.127336149631796541e-02,1.672004937436850219e-02
4.096092762312548291e-02,2.039260678392454396e-02,2.542587625372100257e-02,1.309767937569475404e-02
4.746313296410074878e-02,2.526879897023439486e-02,4.629206916425760571e-02,4.631705980521998167e-02
1.984372834823637521e-02,1.591452516814421611e-02,4.280958560806935598e-02,1.710966674187212183e-02
4.706444542592364694e-02,3.124207071812296066e-02,3.778606265231851391e-02,1.758954593264668367e-02
3.183051918413243309e-02,1.836240807499160688e-02,3.355552609348050330e-02,2.183633667135190942e-02
4.272359422956982511e-02,2.490548417681293786e-02,2.133225817933130999e-02,3.895862597544191841e-02
2.547702945757084753e-02,1.843564548742487874e-02,3.320324211652574131e-02,2.174010164485412622e-02
4.251872154145473759e-02,1.669391233797577756e-02,1.915180479055159785e-02,2.944465571049210972e-02
4.309968080325893292e-02,4.374525985414634555e-02,2.968438540692231592e-02,1.398646598418087743e-02
3.853366699740135709e-02,2.751871117082550083e-02,1.692686136406747546e-02,3.650703028685375190e-02
3.687345712351920018e-02,4.005057389137416796e-02,1.053699747319778238e-02,4.037762605333124200e-02
3.552200258499064317e-02,1.208064640830421033e-02,2.259118403039548501e-02,2.531227741831188621e-02
3.304136763256374648e-02,1.300092322806015860e-02,3.135615152337469652e-02,2.574045577309139882e-02
1.645415005408434883e-02,2.524258015656348844e-02,1.715295682137287295e-02,4.916074841947048329e-02
4.434380243442969521e-02,4.074946831566422789e-02,3.020056745469700682e-02,4.268985967939693815e-02
4.412133201380476211e-02,2.357072726783312339e-02,2.009234232535259818e-02,3.989414804959245248e-02
2.620345336440914330e-02,3.707382887596726712e-02,4.630025085504238525e-02,2.704061287000645436e-02
3.991499316868450664e-02,3.827553710810015219e-02,3.369943529179951491e-02,4.286673156221744441e-02
4.242526559875849784e-02,4.993810860962432513e-02,3.653419382249095682e-02,3.476294345355671750e-02
3.420295088327802990e-02,1.690171364932954029e-02,1.637738070130034806e-02,1.158380681450691882e-02
4.155685962528939820e-02,4.648114779372859023e-02,1.326597478570465741e-02,1.914350077377284520e-02
2.810741440907657540e-02,3.786624800735260282e-02,3.162299935600443312e-02,3.120326297710024344e-02
3.037423617222097944e-02,4.360820035757340812e-02,2.583910833724235856e-02,3.107282635285489591e-02
3.443496390750348107e-02,1.924647846834505460e-02,3.992570283629814226e-02,3.023743986013753549e-02
2.001212262941044068e-02,4.540218113939488431e-02,4.741686684548339359e-02,3.139973647424238595e-02
4.152908404617881855e-02,3.185188434654193101e-02,3.873853892637944829e-02,3.648639051197589966e-02
3.372008113126651052e-02,2.745817996544303030e-02,3.240226086192236898e-02,2.762835164634786650e-02
2.780054866443358585e-02,1.050168093983570861e-02,4.971518236761737070e-02,1.432162274342229855e-02
2.874485669762308349e-02,3.354486108905655600e-02,4.371095784469489209e-02,3.667893985540509466e-02
4.873126047828008761e-02,2.498975157991977641e-02,1.983783656497074832e-02,4.245732386794270896e-02
2.740585013582706730e-02,3.866372108421579218e-02,4.249646830859842711e-02,3.504877757704516483e-02
3.981500792523529758e-02,4.776258713641057946e-02,1.408231306800839314e-02,4.926835122004585843e-02
3.224624356362907479e-02,4.127209801615485535e-02,1.440624568155020671e-02,4.980036129970595582e-02
2.257508558582831115e-02,1.896557923317263722e-02,3.906272934132416080e-02,4.370881926333818751e-02
2.592753403032963672e-02,3.037466880116437146e-02,1.669511107805560224e-02,4.733997726370368919e-02
3.862823520271656957e-02,2.821682605240662806e-02,3.687602129086342551e-02,4.713577635008639466e-02
4.051045355746844129e-02,2.103982556571822732e-02,2.922860054965208815e-02,1.703868057822815682e-02
1.849510693824338303e-02,1.818901148263567594e-02,2.744968444433385640e-02,1.625146747438330555e-02
4.152027676795910782e-02,1.962518285336409957e-02,1.039743418541677102e-02,3.195642587775442134e-02
1.162656121603258819e-02,4.059020274082520557e-02,3.354141519292833107e-02,4.053424267689005600e-02
1.147445472461167473e-02,1.185481041100974048e-02,2.253417115612364741e-02,1.049821964936091534e-02
4.091485850673389629e-02,4.875015821922949744e-02,3.130234937766100678e-02,2.366632711337183018e-02
4.437096910084925572e-02,2.584142418841003236e-02,1.028636463569386483e-02,1.313523474059593611e-02
3.395935657730542873e-02,3.858730278999341484e-02,4.220139195816299815e-02,3.404464454072996665e-02
2.867603279907952885e-02,2.969029349103469856e-02,3.012035987230345102e-02,1.492558689211855028e-02
4.220959806686125360e-02,4.463065365759556757e-02,3.599348710178115751e-02,4.460969850962843292e-02
2.130752709082815721e-02,3.713166785888240978e-02,4.647759820490995203e-02,4.532923413857921358e-02
1.872777710785809846e-02,2.981756519620101104e-02,3.982795648206369221e-02,1.897319077247645869e-02
1.186852754242441813e-02,2.001043074558284812e-02,1.864829589441546753e-02,3.349586530306579435e-02
1.557269577337441063e-02,4.408274390187487402e-02,1.106066124195454609e-02,1.048445731037246816e-02
1.519453387363145502e-02,4.088515877421653594e-02,4.985048474327744700e-02,1.708099472413989253e-02
4.626051062678269293e-02,2.729014971442763476e-02,1.672570257066574237e-02,3.800085912564271640e-02
1.583946724313187865e-02,3.947225721331961562e-02,2.922342332863685221e-02,3.902558077256093605e-02
3.491699345213074984e-02,1.914919193495063024e-02,2.015240911275795188e-02,4.438157612755118386e-02
3.700034528204216439e-02,4.320679244158048826e-02,2.703863417057249252e-02,2.164942494434851997e-02
4.864889138622861819e-02,3.100284069650748736e-02,2.534669310611853410e-02,3.625375610086504358e-02
1.435126402165564155e-02,1.292678859669716199e-02,2.462396303366571476e-02,3.849169017055914521e-02
4.998651639014253800e-02,3.295837678023675471e-02,1.054328524768998604e-02,1.943379819247897933e-02
1.900804825808771054e-02,3.925302154950052053e-02,2.015161427933068530e-02,1.258443394490002532e-02
1.746602668828938984e-02,3.628840628088554621e-02,4.456272336904454345e-02,2.696888492975843543e-02
2.828084045410216713e-02,1.160422711320047498e-02,2.716662912568796467e-02,1.253332569058815404e-02
3.407819900279036862e-02,1.242756664151014462e-02,2.179996746977295313e-02,3.451635874556149147e-02
2.338989364491471032e-02,2.800149382870763259e-02,3.350125939574480349e-02,3.481998657924562091e-02
4.406999159344435202e-02,1.337271058688155670e-02,3.286751347994657652e-02,4.678950526126857828e-02
1.107103914974041231e-02,2.147351320673113878e-02,4.524252461912260659e-02,3.993597593161532511e-02
1.508681226877020380e-02,2.388349882430558513e-02,2.662319529342654922e-02,1.972193001851913277e-02
2.653666241340953830e-02,2.932448283893077101e-02,4.963543534963177351e-02,1.851344957368638786e-02
1.488953748795121199e-02,3.569426861876476981e-02,3.372212818291690783e-02,2.977801433432824413e-02
3.113612110141965317e-02,2.529165224832887610e-02,3.360853912416864042e-02,4.436630094758837323e-02
2.631958196832970276e-02,1.326652425868010167e-02,4.359852369353963558e-02,4.883595653583144153e-02
3.340950247996849615e-02,1.511177926678318809e-02,3.816530332119533186e-02,1.028914228666506087e-02
1.740321513948010074e-02,1.482560792174709985e-02,3.254385764592446217e-02,1.666093402769650011e-02
2.410476136482942594e-02,2.040330423006426336e-02,4.502349020526143220e-02,4.286816553169153776e-02
2.686553071726510700e-02,2.823731626928467631e-02,4.400410257213867304e-02,1.778416503741053409e-02
2.573060646443466049e-02,1.189541123280700441e-02,2.417499663347666763e-02,1.659841118901286133e-02
4.799293385100487225e-02,1.206127926641222849e-02,2.203731185919436536e-02,4.280136845839096343e-02
1.367712741616430513e-02,2.485813340926605608e-02,3.205383455985206381e-02,2.677573594740988855e-02
4.441742413841893999e-02,3.966571163126995925e-02,3.855176736546603311e-02,4.747083538464248048e-02
4.871259320985438235e-02,2.366265026629732135e-02,4.246630472862183980e-02,4.244821365741904134e-02
4.103412862373606584e-02,4.421473354218139612e-02,2.525094525322315459e-02,3.752898168879429536e-02
4.416520404123056021e-02,4.970629483040416713e-02,4.214601901585871696e-02,1.121946655289740580e-02
2.643114658767996283e-02,3.202473819235236718e-02,2.859781956233364841e-02,2.220224921876130103e-02
3.761308012230882292e-02,1.218521963565809968e-02,1.158703608653765399e-02,4.601213388265739529e-02
3.786750274463955568e-02,3.098136394497690016e-02,3.841573656947365467e-02,2.284150215434280901e-02
2.284982601501939908e-02,4.275217128419053075e-02,1.416754204149563157e-02,3.089045946139502841e-02
1.881221551716513729e-02,3.570862944194941324e-02,2.879482913201524691e-02,3.401546506774465878e-02
4.269516121254044588e-02,1.897158062108195847e-02,2.609160749671782936e-02,2.436247595880732669e-02
4.420376006035873356e-02,3.752733739311648470e-02,2.225045926935202700e-02,1.688452787724629284e-02
4.909630673515946730e-02,4.598459418375483443e-02,2.215497093047334720e-02,3.275131607008235912e-02
4.734163583873402664e-02,1.043023750701494237e-02,1.148217353096080487e-02,3.036967258214851723e-02
2.198280527407073248e-02,1.667917493761014378e-02,1.893105652345246359e-02,1.762876516318649667e-02
3.293462750705215131e-02,3.487315558717255654e-02,4.906817262994559586e-02,3.959530222894430684e-02
4.226408534660242022e-02,2.331860525412446719e-02,2.708698046230496870e-02,4.128983582158844701e-02
4.067011270158379932e-02,1.446824436404245406e-02,4.784915403566991632e-02,1.861349702088880079e-02
4.196704252152403530e-02,2.590876932718669257e-02,4.438875146659846532e-02,1.237771907196105921e-02
1.170832731512755354e-02,1.802267682177476765e-02,3.196293115851289030e-02,4.902167381423959414e-02
1.000112907438727682e-02,3.165333251087391886e-02,2.669272046941324750e-02,4.227630332643655953e-02
4.211582811577588986e-02,2.408901957758683918e-02,4.023844435871682529e-02,4.255957084646761618e-02
3.509579747829004448e-02,3.131593053326888615e-02,1.908221127169518194e-02,1.602928411916335061e-02
3.624067810904856718e-02,4.588474556415804428e-02,2.562415949187046502e-02,4.515916359899742327e-02
2.849288810381903070e-02,3.651893866702532465e-02,3.663852508261975643e-02,1.411136707206325086e-02
3.870130475083373434e-02,4.667007261875527613e-02,3.749717264122225807e-02,2.185624399553092595e-02
2.982732211384665766e-02,4.486225775859548071e-02,1.231409898766327310e-02,2.067708556315479146e-02
1.788670178204785147e-02,4.747440250082244489e-02,3.156129477073059408e-02,2.836375828309025543e-02
4.340859973677915068e-02,2.617240525953561103e-02,2.732412980971964112e-02,2.710227207531536869e-02
1.907250547310919420e-02,4.468083329411315363e-02,4.540891866137222732e-02,1.572153252275821506e-02
4.870665727165648939e-02,3.686934954669645464e-02,3.516492131106975505e-02,2.088257874191001146e-02
3.285370956607217702e-02,4.657447867006810766e-02,1.720969172522891777e-02,3.205431310068706380e-02
3.576297115988368719e-02,4.675582801977425790e-02,3.769374607709150005e-02,3.536751147923154065e-02
1.440014098084306700e-02,1.394244752238971846e-02,1.592509875928185131e-02,2.709107710092906879e-02
4.417006584014158271e-02,1.354769334600893979e-02,1.850341051287597571e-02,3.797111515849337093e-02
3.493494457576594436e-02,2.959400551427662091e-02,1.269758644936789041e-02,3.209337873072103109e-02
3.827155795921817483e-02,1.818543275507705781e-02,2.325575698238543237e-02,4.356280792641358673e-02
2.635857842028886677e-02,4.726999027841405354e-02,2.627045724046732367e-02,1.025613509347564171e-02
1.199983794944388393e-02,4.385479717449063120e-02,4.316728953988729217e-02,2.205425931382767879e-02
2.539895936304851012e-02,1.539717092805696630e-02,1.115476654181695240e-02,1.391158076315487241e-02
4.686926519662618085e-02,4.465075815039991347e-02,2.637268831414499998e-02,2.647697739124513228e-02
1.772084954600720852e-02,1.909598824116984575e-02,1.858033829120085689e-02,3.737885820531283015e-02
4.821769261902476844e-02,1.331105652181104049e-02,3.336416950162405387e-02,1.328675615411198906e-02
3.095622470492914724e-02,1.763229849540147443e-02,2.152478341316769669e-02,2.173846234762204233e-02
2.900224891303047198e-02,1.560872250605399407e-02,2.612493668794892143e-02,1.728220501261470629e-02
1.843590047467461371e-02,3.579269058328642117e-02,2.817759084782694295e-02,1.770257583828742723e-02
1.693013632784937106e-02,3.175175676690556587e-02,2.182715507840257002e-02,4.509003218339917990e-02
3.855370544554120177e-02,2.331553260441860537e-02,3.315001788615951767e-02,3.524762095069011031e-02
1.423422903917860756e-02,4.017410666374091749e-02,4.135958714269750980e-02,3.006688798407876340e-02
2.739222192210375578e-02,3.693804771734469222e-02,1.819353257241828822e-02,3.738848915533171668e-02
3.995016841826345283e-02,2.805407214586323750e-02,3.066726758900670952e-02,1.903306266465465413e-02
4.495361373398579219e-02,3.122727769476932314e-02,2.292911491759033055e-02,3.150249953629937621e-02
4.810055392913029082e-02,2.023633973006994449e-02,1.138061136375094137e-02,3.062955838562365224e-02
4.037320865805362619e-02,1.081981002079335924e-02,4.636718463327114265e-02,2.552347513340892660e-02
1.138590238307393178e-02,2.211424452493338660e-02,3.102215179327383332e-02,3.937522300120215035e-02
2.533532224780913819e-02,1.836934187128730356e-02,1.916790417675848582e-02,2.656472617806925757e-02
2.397981259756504224e-02,1.205366042902185006e-02,1.857530291865960859e-02,2.797780976257340652e-02
4.263278539024160929e-02,2.566407489919939749e-02,4.528809750691944330e-02,1.358252338475395525e-02
3.096125112319520617e-02,3.086298707448998507e-02,1.907846511003699619e-02,2.040194083419706594e-02
2.276430857388424267e-02,3.205897802293318499e-02,1.678054544701876663e-02,2.660361837166853177e-02
3.624835861660541392e-02,2.281791222920436651e-02,3.251079357056482766e-02,4.657432152570433609e-02
4.350596314188275027e-02,4.591342885636097437e-02,4.752832794516439335e-02,3.640655635963199743e-02
3.605454651075327976e-02,4.610624036399721404e-02,1.960572933050591313e-02,1.806483625641182311e-02
1.108933553237129166e-02,2.872777062573887014e-02,2.556230960509130873e-02,1.805713135871964484e-02
3.882801300234151043e-02,4.124537379520182984e-02,2.723374173683434929e-02,4.103560865832962118e-02
1.422242201443896757e-02,1.709182202817099636e-02,2.674857628317092034e-02,1.930045072367231329e-02
1.545920895012290949e-02,4.180669968791407565e-02,1.420934908244708000e-02,1.389598857946816937e-02
3.700449904709971621e-02,2.241745499733033969e-02,4.627197223035930951e-02,4.377023339907093469e-02
1.915481789794651335e-02,4.032477020737568890e-02,1.530450839202981625e-02,3.118218369755072772e-02
3.507117012761502839e-02,1.735665491160307689e-02,4.765267035597967049e-02,3.434400337306355022e-02
4.093433743114473916e-02,2.179249449767406421e-02,3.821023920509786925e-02,1.501442513026119557e-02
2.527839538723024304e-02,1.124562818804619030e-02,1.349022902066994781e-02,4.235523829966673232e-02
2.396416504668414521e-02,2.055710875494659931e-02,1.875280791488128165e-02,1.661406702457971299e-02
4.854745253982200442e-02,2.006762296971085699e-02,3.090821120538689293e-02,2.846568645304595191e-02
4.190395752128001083e-02,1.892690369154828578e-02,4.302686194355271471e-02,3.679741626165213692e-02
3.430442447563469138e-02,3.302373983434399307e-02,4.359330053368953156e-02,2.120478447485677279e-02
1.479935243465848801e-02,1.780772590509481501e-02,1.018802285820473615e-02,2.684868081467547268e-02
4.337409662946006828e-02,3.783914763394171515e-02,3.026377259632534455e-02,1.222462665224911121e-02
2.720800988120550268e-02,1.201647653575422386e-02,4.802494130986359466e-02,1.544659174654117520e-02
3.523124436656444730e-02,3.460391286944233119e-02,2.352239329063054996e-02,3.181852421467289138e-02
4.595878686550948500e-02,1.454853644315219630e-02,4.201070668370835565e-02,1.645669399360166069e-02
4.072439244612297699e-02,4.286437836645562438e-02,1.526190684747413991e-02,2.715329122392456940e-02
3.881193877388203206e-02,1.103206970193386371e-02,2.197349984523422339e-02,2.743857763072595629e-02
2.458029019981652213e-02,4.946327090558270273e-02,3.056345013042922887e-02,4.637122735613920937e-02
4.538739429909369183e-02,2.915959219319157192e-02,1.821301149730984031e-02,3.206211054806000493e-02
3.882216062679554047e-02,3.378114863682665087e-02,1.441754945946144284e-02,1.743665646383321666e-02
2.441467977999085825e-02,4.509236745150360659e-02,3.862281442051347657e-02,1.687510774091255383e-02
2.846676492800238878e-02,3.736819988124025216e-02,1.844219011701574151e-02,3.066414777033801831e-02
1.356691834366358443e-02,1.507847437267206825e-02,1.654274545653744433e-02,1.424241694258170099e-02
1.702307357985751585e-02,3.589346505523509367e-02,1.519095515073771996e-02,3.422350365077366646e-02
2.565345528017229371e-02,1.398657277936861225e-02,1.479167366178817632e-02,1.592469533052329189e-02
3.973575756474349158e-02,2.724507581168037623e-02,1.771321458133187643e-02,4.563161557555987791e-02
3.885135184587595880e-02,4.786455897589707992e-02,3.542808617539715266e-02,2.599577889918005397e-02
2.370899004582868383e-02,1.273117469950669003e-02,2.384968243098485596e-02,3.916551210650469350e-02
2.519323904361300132e-02,4.126973769025086419e-02,4.618841557826978972e-02,1.852331511867268826e-02
1.908693651664955526e-02,4.642395445511470625e-02,4.153058904888844854e-02,3.636565356523536324e-02
4.808653546638018417e-02,2.057065499646049470e-02,4.763177944521078400e-02,2.967668406499418543e-02
2.152717966624644388e-02,2.989677795838225488e-02,3.848728579885700440e-02,4.209721550545642704e-02
2.258054255470247004e-02,4.625076294329708015e-02,4.517667118489403222e-02,4.424969327307815004e-02
4.029739708362794354e-02,4.331009453763833006e-02,2.317270162500591896e-02,3.552804560460875311e-02
1.726857560404239378e-02,3.970874423359801314e-02,2.683707912114939587e-02,3.646064983594098086e-02
1.147814493226532485e-02,1.003714565336961441e-02,1.079227813384538506e-02,1.822390927748068074e-02
4.092819097804320516e-02,4.332436523525722699e-02,3.492190435422162786e-02,4.455594782351122995e-02
2.086804359619841981e-02,2.018385145312356563e-02,3.747668326935026800e-02,4.946372583717688343e-02
4.880075835444942778e-02,4.616876406981503672e-02,1.731501724219037044e-02,1.548475619989043810e-02
3.897469074236344089e-02,4.610246364342637793e-02,4.088506364175218538e-02,2.326588633673225270e-02
3.315728943597113371e-02,2.233266562515317730e-02,1.342225188212591708e-02,2.164225603716477334e-02
2.683028984190945904e-02,2.456275852187323264e-02,4.698029840420509667e-02,1.334109890042724407e-02
2.414253093756507998e-02,2.042904811198645657e-02,4.452136224088139305e-02,1.223299066596687801e-02
4.672253214933853177e-02,1.041191015240435988e-02,2.500476875596256351e-02,1.744043296641601890e-02
2.225586713922552556e-02,2.531650626179274624e-02,4.286548901837754916e-02,4.600669838038159987e-02
4.986196658543930182e-02,4.294325176449687032e-02,3.847464379502197468e-02,2.261063163969360273e-02
4.377478721018481650e-02,2.432953218043505672e-02,1.799958505498450850e-02,3.244745492275081383e-02
2.968319311322484277e-02,4.287171832436034724e-02,2.382476398860568223e-02,3.318399073568934626e-02
2.906767752676371608e-02,3.445830030740177491e-02,4.081024375559751810e-02,2.958746843617230532e-02
1.535071309969482031e-02,4.805154008619361844e-02,3.883746504163537033e-02,3.742609214210811802e-02
4.919353987612333501e-02,2.065095163651657975e-02,3.206782562507565909e-02,2.371587483355906689e-02
3.759403279621870153e-02,1.114112110172609318e-02,3.201635681613469037e-02,2.138142613629358257e-02
2.705897820140223259e-02,3.833050629038130958e-02,4.208629198574534436e-02,1.761872819312334040e-02
1.822826460605907195e-02,3.995903050360110481e-02,4.130389370612867761e-02,2.930927136308650316e-02
3.379301432121079030e-02,4.962896868944990936e-02,4.472583240571956220e-02,3.072940188930127492e-02
4.460663078360672940e-02,1.718221401196435780e-02,2.787227399886475082e-02,4.842283088378085409e-02
1.020988422669213101e-02,3.167693250648437320e-02,4.062451556404470671e-02,3.776965795643866253e-02
2.181394075268328764e-02,3.099876732239584959e-02,3.775735247994482097e-02,3.460979073217063107e-02
2.691946059034737437e-02,3.653277280860653398e-02,3.751913243063269982e-02,1.877606435360050507e-02
3.013415976514694644e-02,4.080637175201774769e-02,4.514953765141294095e-02,1.023184295626043509e-02
1.425123859026660063e-02,4.455161711218928039e-02,3.460941609130176871e-02,2.404336012887526436e-02
4.176553296710298901e-02,3.488690152190925681e-02,3.282928950282692354e-02,4.403209471162849997e-02
1.193428629474080870e-02,4.529989985489004528e-02,3.095983262291531618e-02,3.268095988141445779e-02
3.157710829768629185e-02,2.476553115355194581e-02,3.294999606260353570e-02,3.034253995313924979e-02
3.911778615579886154e-02,4.193493194502734972e-02,2.450219507574179223e-02,4.485956718895741518e-02
4.829737439721708270e-02,4.760425131651436353e-02,1.935844074696352682e-02,3.430309998512591496e-02
1.243663583713361040e-02,3.574586300998371796e-02,2.047449043807971283e-02,1.078633365246717442e-02
1.403677989304457502e-02,4.370592100810460207e-02,1.147179105181298647e-02,4.589199276490329299e-02
3.063196662504640705e-02,3.515140552700150162e-02,2.273356480190168172e-02,1.068171724946383357e-02
3.534262534620995905e-02,4.287781576829514246e-02,2.032673868635988257e-02,4.122505000800665009e-02
2.625895619682494520e-02,1.945346350411322756e-02,4.034652030183299293e-02,4.147636748846417892e-02
4.929803176430302275e-02,3.208028799981360590e-02,3.865049507399506007e-02,2.037629580844662475e-02
4.731255853638544756e-02,3.737818541803886868e-02,3.277755123206018556e-02,2.448830231084818745e-02
4.611953278902641840e-02,1.908451350179816985e-02,2.872400359383677632e-02,3.916207165720688582e-02
3.622915172807016082e-02,1.054135169185526494e-02,1.724107796146070321e-02,3.793714783869132218e-02
1.715027209163271296e-02,4.618833884535235995e-02,2.799028204342378368e-02,1.312988473688121716e-02
3.886569297164139264e-02,4.745904960386375382e-02,1.369160661910669499e-02,2.986053891288210915e-02
4.840628069393772270e-02,4.559172706154453886e-02,1.360944644207287557e-02,1.521222501333677202e-02
2.244605521079772598e-02,2.075532259577759012e-02,4.939355258168590113e-02,2.347639145701759661e-02
2.912328774685555427e-02,3.001633502144896576e-02,4.842218199652502386e-02,2.583678179711807604e-02
1.404924909872195746e-02,3.278362812214215966e-02,1.327127391618908303e-02,1.511822250612341809e-02
3.291295708827215311e-02,3.966848015967367608e-02,2.172516561215364142e-02,4.434668084421379552e-02
2.926643304517079214e-02,1.456051417497750133e-02,4.213604643132139865e-02,3.941770644706527049e-02
2.590546817541739683e-02,3.102306266240201921e-02,3.062001152199047421e-02,2.398521650579537451e-02
3.537287851009712075e-02,4.934349543693747342e-02,2.705670759591862623e-02,2.801819238092528863e-02
1.689384326172806844e-02,1.559750806838156208e-02,4.068152061632944461e-02,3.329119399884580832e-02
1.016917679167526380e-02,2.122068799354704521e-02,2.716892920408948975e-02,1.309277103806863810e-02
3.462759592303690098e-02,2.573852413388956484e-02,4.407745112599580073e-02,3.331835793941621132e-02
2.335190716208258160e-02,2.801151184849638709e-02,2.089320219532292411e-02,3.530385861645098794e-02
2.621651278509198185e-02,4.658348746850241723e-02,2.271493041858028625e-02,4.105025399687617371e-02
1.718327129566908987e-02,1.021173565838986996e-02,1.596724190094309451e-02,2.193533205901489896e-02
2.712715853495935303e-02,3.879559923326397070e-02,4.864663769538161986e-02,3.526287441696492747e-02
2.309141392888772182e-02,4.323583697406555015e-02,1.249628419881688296e-02,4.695748906569822967e-02
3.104798742032356673e-02,4.090908741627050094e-02,1.786415599460581399e-02,3.994699432811284201e-02
2.391245044230605812e-02,2.286988371618690202e-02,2.027993174129987322e-02,4.715910989092787081e-02
2.250707711906576453e-02,4.054139196620534097e-02,2.456879740244799840e-02,2.582538235203343108e-02
1.252220740087168702e-02,3.289347797657425632e-02,3.402689776604563010e-02,1.678613801995069640e-02
1.437822203566084187e-02,1.906799500940042913e-02,2.696273531690627362e-02,1.329969514155500063e-02
3.375107683700646205e-02,1.785017641916977760e-02,1.510767540948132481e-02,2.542014530701031810e-02
3.281772803163134078e-02,4.886090712216360071e-02,4.830969155692847045e-02,2.904891176455804552e-02
4.256840361462272543e-02,2.202739284589334129e-02,3.061009917920868434e-02,4.480535124720556872e-02
3.636433085253162889e-02,1.757134547814043213e-02,2.778746174728265877e-02,4.287958308296393323e-02
2.241633991714791010e-02,3.008240515457075853e-02,4.181320946408115941e-02,3.556034905862796164e-02
3.558283769802700336e-02,4.673457677406441663e-02,1.963503462387937090e-02,3.682012772970483239e-02
4.404153003060350124e-02,2.330849466516848878e-02,3.348672082951732742e-02,3.503173914871350603e-02
3.484998747843252864e-02,1.577444682580311092e-02,2.066912185672714272e-02,2.048713011476453044e-02
3.035003852914755496e-02,2.271405772723888300e-02,3.048450723600368284e-02,1.866593538220597329e-02
1.968616769337490705e-02,4.610964567734085473e-02,4.709290352031730159e-02,2.770900237372152936e-02
1.048930993992393083e-02,3.280512499365648843e-02,2.955220999166590506e-02,3.830982241577014780e-02
3.978830894930345669e-02,4.868366631217005414e-02,2.092850356971061657e-02,2.885609227470459226e-02
4.525269351290211323e-02,1.365896650920792564e-02,2.966118810847996612e-02,3.075134069089736216e-02
2.760350465803834696e-02,4.613580531788510908e-02,4.285090140788216928e-02,4.046937682361379657e-02
1.650515407684387953e-02,4.746648451812144481e-02,2.174687190975867213e-02,2.723274950529483429e-02
1.165114652335367054e-02,2.968734278476618110e-02,1.203522835120358035e-02,1.464500595949916675e-02
1.132353699724654439e-02,3.738036831234810287e-02,4.621188716890854697e-02,1.826855099180273861e-02
4.650626850958446828e-02,1.194794383821979819e-02,1.958783513108853375e-02,3.569812015468859512e-02
1.717854829207705880e-02,2.121041477953337917e-02,3.674992042068410403e-02,3.218076807711247461e-02
3.513898380482261691e-02,4.625924906564553296e-02,1.140779195282738169e-02,1.765388729725916872e-02
3.733706128292997584e-02,4.722946871730169388e-02,2.372573900450050677e-02,3.318967561904076491e-02
1.143311181647387216e-02,2.291040450907161005e-02,3.683729446134362956e-02,2.221632022684384006e-02
4.834511415470351542e-02,1.596936090803355995e-02,1.406352500270647080e-02,1.362607817791824764e-02
2.402002664213968158e-02,2.270868962009723810e-02,2.761493191090512445e-02,3.194970918502570284e-02
2.368051793652642401e-02,2.064005080583240434e-02,3.695712456541973279e-02,2.980811495354197815e-02
3.080534784898199263e-02,1.727434737348865906e-02,1.397681123970740888e-02,4.106216113595467093e-02
1.776012297170622561e-02,4.005875931262726369e-02,4.540619497611462357e-02,2.126757745188757875e-02
1.585665031004922926e-02,3.627950428705734032e-02,2.880407525152659659e-02,2.492886970108298961e-02
1.803129606452370803e-02,1.280647282301699760e-02,4.086508897820785580e-02,3.635578918463948372e-02
3.323255826263366020e-02,3.263296834530562268e-02,4.360456157858809412e-02,4.559143398582282680e-02
1.983006166516766006e-02,1.536143847660568704e-02,1.610233906798346978e-02,1.070636671920410440e-02
3.806994698441187874e-02,2.750759698977770645e-02,1.903405258709820955e-02,4.882111049678108938e-02
3.980569544754745948e-02,3.978849964688572355e-02,4.299361978903300241e-02,2.050270886000477022e-02
4.229647222265349449e-02,2.862723237326746800e-02,3.000081417136718498e-02,2.623534947138302792e-02
4.681383853866929318e-02,2.911409078320595367e-02,1.646755197067118273e-02,1.099133344770241924e-02
2.292719355355589406e-02,4.957705366301293215e-02,4.504728274255413722e-02,4.890638520903922010e-02
1.579634299679509579e-02,3.056456536488687953e-02,2.988317043989440619e-02,4.676145570292732784e-02
1.814007000781479167e-02,1.051157439828902945e-02,4.874096686975228077e-02,3.660823496427916685e-02
4.245204765671348190e-02,2.347393924242306348e-02,2.687894371851972525e-02,2.039610070757400667e-02
1.006588097049430225e-02,3.395697281546040946e-02,3.024316508042561996e-02,1.518994808614494013e-02
1.633510616791231801e-02,1.921923062496669679e-02,2.957348368231104557e-02,3.533461753354966844e-02
1.146214850164894647e-02,4.704282456087942321e-02,1.046807956933437818e-02,3.628791426781413643e-02
2.157403550643832019e-02,2.243735742570645772e-02,1.443231709677734662e-02,2.613369598448407605e-02
2.450536145328968338e-02,3.734791386370473615e-02,2.739295276072969965e-02,4.045043669394677438e-02
3.640646129861987990e-02,2.643958409060524067e-02,3.700447275415326420e-02,4.936298116157027127e-02
2.831413547355646904e-02,1.986297407240979196e-02,1.695566179879268165e-02,2.281616358280286194e-02
4.080401092016030379e-02,2.936952002692053837e-02,2.644367449747867665e-02,2.599930843076188325e-02
3.686390228566378824e-02,1.507197478240526571e-02,4.054716110607416157e-02,3.160630242878863932e-02
1.750114764366092479e-02,3.750053746865392862e-02,2.241713937723271988e-02,1.506763633206459688e-02
2.473985687931661015e-02,4.690847825364193036e-02,3.209952474784317361e-02,3.421299585263002513e-02
3.330673826280546035e-02,2.659485606969789334e-02,4.503346931927314917e-02,1.219818489384540822e-02
1.979135132646129072e-02,1.387909366555624413e-02,4.744914354771792575e-02,3.810140537689282042e-02
2.010679820196845102e-02,4.089674771080833993e-02,3.382034230787189094e-02,1.086490504700007159e-02
4.536581437093282348e-02,3.265981752994115417e-02,1.693773886417323377e-02,1.849696324844642831e-02
4.732580143861301464e-02,2.095918072587297371e-02,1.345272605639823496e-02,1.355413784663425658e-02
2.786593161311790717e-02,3.277106714453483644e-02,4.596689914937879956e-02,2.553690466644580048e-02
2.072464545704179317e-02,2.367668513760260579e-02,2.987500298313400943e-02,1.862045222712424217e-02
1.825649918748775691e-02,1.825364186309092612e-02,3.648672282633106528e-02,4.652329981428166006e-02
2.725550657441420249e-02,4.150323356136303293e-02,1.049947045242873717e-02,1.723850877858608410e-02
4.141747564449097668e-02,2.847276426399900778e-02,1.125792603864016021e-02,2.050749140656411146e-02
3.763415066086681776e-02,4.486696696040553406e-02,4.416518211326482535e-02,1.206400001025272756e-02
1.526893940101092459e-02,1.186931030028543117e-02,3.876366938082693309e-02,4.088212183062337607e-02
2.626671402061393767e-02,2.964941678262796032e-02,4.157749339489782980e-02,1.377070968718179834e-02
1.239629107269775779e-02,2.183941771342307742e-02,1.715693054662384420e-02,1.323428402881032459e-02
2.366796148425473478e-02,3.051512403885037888e-02,1.692205713530756453e-02,4.019401740804372236e-02
2.954060767680787014e-02,4.895549027491485905e-02,1.739853393823810601e-02,3.281582501993074441e-02
4.688181328960800559e-02,3.206046685905998561e-02,2.956795939620703723e-02,1.999505285825727008e-02
2.741815933413185857e-02,2.319204845576787466e-02,2.727176521799934417e-02,2.085699901511900434e-02
4.122015977786545188e-02,1.915681482129739585e-02,1.439865315707998528e-02,1.731530615411061222e-02
2.951188006760283727e-02,4.694069811512711216e-02,1.953592915529836493e-02,3.194136298832964127e-02
3.722330330326045766e-02,2.190473003328861565e-02,3.730220368452485946e-02,4.792782234152349191e-02
2.499885134074236737e-02,1.448837053785119802e-02,3.330052504030597132e-02,4.666742812392799672e-02
1.612129573962852586e-02,2.960585926169579524e-02,1.448440272949038168e-02,4.383028745125400194e-02
3.598158965731646647e-02,4.267492497452830824e-02,3.768514767720759079e-02,1.219545368747537023e-02
4.852773919457954027e-02,3.693280345118729602e-02,2.064694910305937825e-02,2.963525197209783413e-02
4.318371430292666097e-02,4.975763122142061456e-02,2.162281525457818154e-02,3.654332786371600195e-02
3.929636169125708817e-02,4.917750427840449079e-02,3.573069874738285523e-02,2.782171754114316081e-02
1.594505131001535889e-02,4.456481982489123028e-02,2.457514472977467834e-02,1.442573332528529657e-02
1.623230312824075483e-02,4.899743088941523050e-02,4.034282968787634982e-02,3.508983477630694264e-02
1.846504151205448363e-02,3.243061439091604603e-02,2.619316154024503573e-02,4.845084288442751130e-02
2.628853426041027896e-02,2.412047361498583647e-02,3.900903039221995799e-02,3.114641048300678672e-02
1.765754052223647563e-02,2.500329936210961973e-02,1.321222275640154646e-02,1.669112550130721906e-02
4.101077331054039932e-02,4.894384883847519713e-02,4.288523188917008760e-02,1.662387662472648159e-02
4.970628749282555991e-02,1.305741091935405315e-02,2.125223012410920598e-02,1.343339045754293748e-02
1.842803857338428872e-02,4.506631898026369765e-02,4.021538897416816055e-02,3.896779347399750848e-02
3.534673216694825260e-02,4.594525955948200457e-02,4.653819028129925484e-02,2.430877534341402413e-02
4.032699479228690764e-02,4.521455397215190519e-02,1.021399948509538885e-02,2.500745853466598834e-02
4.409302269051942891e-02,3.091059030485889675e-02,3.032197899286508819e-02,3.212515869950615527e-02
1.078512726477084960e-02,2.597679685500101782e-02,2.566053584133264759e-02,1.342882902939502784e-02
1.273505712650047778e-02,2.882184801675013314e-02,1.991572402113386125e-02,1.306947130021273058e-02
2.938953614999196412e-02,2.022103193431412649e-02,1.193713999994643928e-02,1.631694617782484397e-02
1.531954111528945929e-02,1.738716121793228153e-02,2.153411218506175867e-02,3.736341497309179221e-02
3.878215309474483674e-02,1.683489284141323136e-02,2.984800504830918688e-02,1.322429689364512835e-02
1.440435563683354486e-02,1.276591404352695781e-02,3.451513263459211889e-02,4.690883714292700540e-02
3.545406663811952880e-02,3.228878833352099437e-02,4.932122616257848119e-02,2.308772592334356125e-02
4.120311660177503749e-02,1.035653671332355252e-02,1.138448074769800485e-02,2.405844422514531039e-02
3.062120214224479248e-02,1.034637369297879139e-02,2.846320755138445624e-02,2.880620821635064555e-02
4.438695235857453153e-02,3.645549255960999629e-02,1.070737380195343341e-02,1.697015950677429469e-02
2.525341380433911154e-02,1.363810618349577813e-02,2.031527957473874824e-02,4.350381424477013648e-02
1.015437942357891657e-02,2.399973565727207131e-02,1.643293023004866946e-02,3.345599154343693177e-02
1.369697861173202989e-02,2.806899003472118626e-02,3.498518592363206170e-02,1.974096475950722768e-02
2.791042547594897033e-02,2.418029721974242208e-02,1.113883414816782200e-02,4.880817855753739887e-02
1.292318811196511638e-02,3.882836795350742831e-02,3.394759008429854008e-02,1.076711786777592890e-02
3.347178272889141798e-02,2.152694527924882417e-02,2.322251939003202453e-02,1.677765402539705547e-02
3.214536329825052469e-02,1.916515602308659777e-02,3.386256821238195491e-02,4.454503769262049134e-02
2.991707814942395210e-02,4.128455632767614319e-02,1.678870950647235946e-02,2.601753951453709274e-02
3.460298573730856420e-02,2.641492043641027743e-02,1.075341033597682246e-02,4.653802246154019329e-02
2.688587659843914845e-02,1.528893765031928698e-02,1.122941939357578571e-02,4.232419526237768403e-02
3.522233348800984237e-02,1.940755083492885086e-02,4.726265698628177858e-02,1.962853924312469439e-02
2.961245932257520336e-02,3.455284013047573571e-02,4.109962789859492038e-02,2.513924728430980832e-02
1.466800509201638542e-02,1.009425923542116299e-02,2.264115172118000979e-02,4.004614467442368930e-02
4.696383555935139398e-02,3.613978628576509922e-02,3.288000184117827185e-02,2.497134465112387999e-02
2.671247966275142743e-02,4.078562182381327561e-02,1.164168839551448127e-02,1.980955362334494568e-02
4.692159436972642705e-02,2.697558702915193313e-02,3.246180080685405478e-02,3.833490865373868905e-02
4.457302516315784363e-02,3.412270748902774403e-02,1.700383733370835343e-02,2.089786210025092184e-02
1.092862348627980304e-02,1.981361844078793899e-02,3.419077162646280005e-02,4.685716345288639534e-02
4.950575239284476375e-02,4.475812935285273381e-02,2.389767457354470548e-02,2.645588417885369470e-02
1.933159289980734136e-02,2.831644090067909902e-02,1.476265941500803924e-02,2.524262394096677201e-02
1.766657703337260604e-02,2.782630281130266808e-02,2.972704659840832292e-02,3.610485542708016804e-02
3.920910070882373255e-02,1.025481568948913118e-02,2.227166817793867562e-02,2.775044078903046024e-02
2.959541240897827635e-02,1.163945195714944682e-02,4.641064305586554278e-02,3.079447592059916111e-02
1.173119094700004680e-02,3.608071887441086784e-02,3.554652927916472638e-02,3.413887275792347464e-02
2.469238965544988049e-02,3.042655671753723839e-02,3.966092773855304371e-02,4.635228853955471878e-02
1.330218254614534343e-02,1.705562373408170754e-02,1.933066858556010265e-02,4.962099344635186038e-02
1.011695643894002482e-02,4.839269118665115443e-02,2.192234006895206477e-02,1.159312584112951253e-02
4.880718041031624488e-02,3.590029288074959163e-02,1.583270189072587611e-02,2.251019170497760985e-02
4.537684461334566544e-02,1.822334636566256064e-02,1.204834621012526412e-02,3.420258740249915858e-02
3.186621331316900202e-02,2.914658897175712027e-02,2.509458918826661458e-02,4.247269945301190841e-02
1.250591194019926890e-02,4.368279290213799432e-02,4.778251938870017868e-02,3.548079407494772464e-02
1.143017885555917823e-02,1.771215485965700609e-02,4.334774258743202130e-02,2.042058050007638029e-02
1.976356109462450161e-02,2.687066476691719885e-02,1.844605859433601919e-02,4.689286521152067483e-02
2.988322185868823311e-02,3.199527487454686958e-02,2.387827134355112804e-02,1.639336112741246118e-02
4.982551802304446831e-02,4.538811691682455296e-02,1.411542559907482536e-02,4.352262266606669872e-02
4.130041834481612550e-02,3.298913191621487273e-02,2.999085135455804851e-02,3.227569611617765039e-02
2.357460371778864056e-02,3.572859617293235035e-02,3.839153276021965017e-02,2.462070491442848452e-02
1.388304870830513703e-02,3.503394753312632365e-02,3.987342957507077762e-02,4.877041670108593630e-02
1.473887342009900375e-02,3.645632105500279385e-02,2.847721923613153600e-02,4.215009749619772622e-02
2.714449671124313790e-02,1.694098977053619393e-02,2.256143845967212291e-02,2.211747901623047768e-02
1.300196055143834281e-02,2.983347478926038493e-02,2.347107880313938078e-02,2.202427180728928902e-02
4.098973904789981332e-02,4.188617939611605223e-02,3.207861786101807305e-02,2.761542933059335514e-02
3.926684697594765711e-02,1.931194107444945962e-02,1.430931955239947082e-02,3.929951958521309824e-02
4.022321340329303163e-02,4.423488621997305470e-02,4.054005783604677782e-02,3.355602626320596665e-02
3.866692457907364849e-02,1.007554092728515580e-02,1.207874947981508670e-02,1.929626287623291414e-02
4.903380652647114368e-02,3.018697623050202450e-02,3.747022389712752199e-02,3.465095976528763388e-02
3.656302520147530072e-02,1.558126902272233445e-02,1.080863387344544076e-02,4.582717901015931350e-02
1.315448484333294789e-02,3.212589015910487233e-02,3.684003674489523539e-02,3.022867583357401883e-02
3.663283301870151609e-02,2.166628046822196424e-02,2.579416405376271787e-02,2.238646779014831500e-02
4.924665007078866258e-02,3.502125451831766823e-02,3.491220593423766116e-02,4.695085744437894198e-02
4.089535919952962117e-02,2.525025275033166566e-02,3.837306785614571364e-02,2.091323823984532829e-02
2.901883266903682729e-02,4.388657600153487298e-02,4.909595880395450224e-02,2.552595190584633009e-02
4.079928905529781047e-02,2.143716334379945632e-02,3.378579860972365234e-02,4.628057648292278198e-02
2.939669089790411527e-02,4.193887810639190111e-02,2.183135685751835808e-02,4.613007972663861478e-02
1.060594187444422604e-02,1.750180472639830190e-02,2.655358208334239467e-02,4.333510055039860309e-02
1.853324224735974218e-02,4.193090199134853757e-02,4.136497481432555717e-02,1.516020419345751741e-02
2.329699197975938774e-02,1.948464042310294603e-02,3.898698169275410796e-02,3.562595766744763165e-02
2.915593861426622052e-02,1.714775993479449728e-02,4.157425365882123219e-02,3.387834303594033925e-02
3.209299851688650340e-02,4.290173294012634281e-02,4.832106168630301984e-02,3.129935177069746721e-02
1.856424788306990786e-02,4.711854976331805028e-02,1.663022363004216381e-02,2.612570036412838886e-02
1.344460484969044883e-02,1.895351372570647577e-02,2.013834336060225244e-02,4.178446982771995971e-02
3.071552629037141435e-02,3.284819882819318970e-02,3.502220121458844010e-02,1.645064211687886566e-02
4.916858496317556837e-02,1.485092863851250958e-02,4.381453037017316032e-02,2.541608601747374907e-02
1.487367341196470759e-02,3.098607457406687277e-02,3.800643456362169659e-02,2.952739038469381905e-02
3.219493224373991963e-02,4.073435789228965070e-02,4.484570462847771444e-02,2.221354547648617117e-02
2.855746105034905752e-02,3.501112763436706188e-02,4.941683446400617352e-02,2.341222274928870389e-02
2.320776986572285067e-02,4.510734776372477689e-02,3.860006886521236136e-02,4.147589974131529050e-02
3.315570206756832117e-02,1.548152637109080285e-02,3.231030629909060342e-02,2.130233133005243751e-02
1.796903864720754418e-02,4.925278027249197638e-02,2.537859609525234053e-02,3.840659611635922205e-02
1.186499484517380097e-02,3.065155810277737924e-02,1.534198413979484012e-02,1.854229067708211554e-02
2.277515559777066462e-02,3.835749659718935139e-02,4.838224841852954011e-02,3.970736214276816139e-02
4.249228559257509780e-02,3.485427320376441318e-02,2.614195970980773276e-02,2.016572155942955233e-02
2.131135580901958454e-02,4.473985898590605859e-02,3.274960417267978874e-02,1.236227871362104158e-02
4.659477666425299730e-02,1.613099611248573068e-02,3.531351207907366951e-02,4.029765893640951946e-02
4.184123302890381535e-02,3.828313535818176488e-02,4.028481026363717882e-02,2.150674538324302137e-02
4.878718104465830374e-02,1.735343645784868591e-02,4.658210416068105097e-02,1.006875354074905984e-02
2.516357371074482568e-02,1.137883694881414338e-02,1.324200418962138449e-02,3.906989365578248524e-02
2.686832751826261079e-02,3.280043129315881462e-02,3.731780485878443548e-02,1.984132656740376921e-02
4.610527983934166463e-02,2.926764455974654316e-02,1.063422803186252208e-02,1.749286598463093215e-02
3.298605395869717849e-02,2.395347288728286173e-02,2.893714711993535665e-02,1.773984366219763520e-02
4.095980955939692442e-02,2.876597585677929253e-02,3.114444902475062282e-02,4.407178846852932708e-02
2.982074931105214294e-02,3.943911654790887428e-02,1.695967516011263540e-02,1.709747631467459228e-02
2.622129426097540017e-02,4.013329099298360014e-02,1.289782628790617919e-02,1.592314091865024497e-02
4.315678678884664332e-02,4.260033992833255068e-02,2.584835094300053093e-02,4.201708185669811996e-02
4.003620187016482951e-02,1.803428791760201128e-02,4.496836236945183501e-02,4.092975179431210253e-02
1.462489687689961376e-02,4.582922834450397359e-02,2.014098949684266227e-02,3.902160280320120245e-02
1.067287883528520928e-02,4.467302750521030819e-02,4.893584475249267152e-02,1.800656304940102467e-02
2.510287302225587547e-02,1.413791477453526721e-02,4.637753890503491794e-02,1.187843667599410361e-02
4.671114664862626581e-02,4.428033749647628664e-02,2.325065766132609901e-02,2.555984585057399783e-02
2.100098634517201523e-02,3.747890100673074987e-02,4.930623687732592353e-02,4.927681439649374967e-02
3.057568463804567066e-02,2.163501464468425145e-02,1.492133146277180647e-02,1.488818697123838949e-02
3.422278280218859353e-02,3.083128768604301989e-02,4.410965321733940209e-02,3.249495217820396603e-02
1.509205503947799037e-02,1.824337093090725587e-02,2.866931295902778315e-02,1.985329305531107966e-02
1.258020113001056747e-02,1.322175643502383063e-02,1.489799143475473847e-02,1.740760723324914425e-02
3.373612590653897458e-02,3.278607157999163801e-02,2.070211046188837750e-02,3.872670270761088135e-02
2.256435976597740214e-02,2.465975498111647526e-02,4.099694142294174615e-02,1.275608295181429770e-02
3.279559074155014714e-02,3.985970727722137896e-02,4.650151233149098229e-02,2.231900080716952769e-02
2.586498049509417668e-02,2.453910726100081915e-02,1.463793297231007901e-02,3.999923750725775662e-02
1.588716306856775839e-02,2.221395552035944354e-02,1.785793407978089262e-02,2.896239330972629616e-02
4.980236918352694275e-02,3.494672421152763414e-02,3.138728846450675181e-02,3.906367887715623405e-02
2.319485508069471513e-02,2.065660622413641873e-02,1.161142699285427730e-02,3.836915925001776334e-02
4.690298150260294174e-02,3.694591586228697377e-02,3.072064469326071801e-02,4.314953710736742221e-02
1.640093254646512316e-02,4.730075255202985385e-02,3.119979301871417254e-02,2.717885523559927796e-02
3.077272663538670877e-02,4.021492564688906174e-02,2.595391331793810846e-02,3.817316327525004105e-02
3.195171431871111911e-02,1.709706111982619431e-02,1.163430558810819686e-02,2.946616106806068669e-02
3.619273995630933188e-02,2.405499498435955535e-02,3.404481709632686121e-02,2.639443686625381896e-02
2.115416619187258235e-02,1.814971356200673416e-02,3.770160121212465243e-02,2.137798173805340041e-02
2.482874937777389268e-02,1.830633329379449670e-02,2.571087395127639313e-02,1.224513188288429630e-02
1.247212570403465406e-02,2.254211407286317581e-02,3.438707801643175327e-02,4.260549706003519815e-02
2.597755349109522049e-02,4.137930091644270725e-02,1.074707915963258806e-02,4.392560086615526771e-02
4.761793304627320172e-02,3.418635276255793665e-02,1.749686149421556675e-02,2.192487517234958938e-02
2.477024001233551348e-02,1.618838243038789315e-02,2.604983826623411686e-02,1.882741645737145628e-02
2.526958433702126972e-02,4.725082586814889629e-02,3.510302815314540054e-02,2.951844441720017503e-02
4.627911409954035132e-02,3.924663883291042155e-02,2.660172490323797767e-02,1.144277791051989679e-02
2.700908962147722386e-02,4.524160739884359322e-02,4.355188228105135589e-02,1.311463423261872638e-02
1.623744829006815854e-02,4.306951628705240481e-02,4.474736983640073551e-02,4.222294958457230990e-02
4.414380619662592459e-02,2.486434095060367083e-02,1.474450453387790572e-02,2.747050771375030009e-02
1.391385851656443129e-02,1.643638046370540090e-02,4.435787947121896946e-02,4.513143098416760868e-02
4.636274503609041919e-02,1.781067995169308138e-02,1.957511709492042173e-02,3.845036688209531317e-02
2.969556475054322547e-02,2.647979791321222742e-02,4.816982014185163669e-02,1.283745220906533022e-02
3.765641442701979369e-02,4.843590084546148256e-02,2.730725939708658623e-02,3.875136872860944492e-02
3.533754526483125213e-02,3.030405881953555230e-02,1.904842891841718872e-02,4.741187614033574860e-02
3.275004057266756724e-02,3.628161109571015341e-02,1.638318448725287549e-02,2.955946466394123590e-02
4.024494102152652991e-02,4.622566843978485884e-02,2.302281972851896383e-02,1.028552039637296682e-02
1.975326942665458704e-02,2.896515187938953489e-02,2.666633518237886136e-02,4.964049325582716582e-02
3.331088666289390432e-02,2.868077431069203376e-02,1.329944631484732478e-02,2.335644452340268976e-02
2.359242556612452940e-02,4.032987796671000380e-02,4.221272139611149249e-02,3.028528129399700453e-02
3.272866974274817042e-02,3.401563141249012295e-02,4.073541537106221272e-02,3.258356688512293459e-02
1.157472286799921327e-02,4.928857052271550659e-02,2.157049273812274015e-02,2.141648008745114518e-02
3.783115756900706783e-02,1.982235301785278958e-02,4.655016346852265674e-02,2.699481221575322776e-02
2.304990702248690612e-02,3.916663745842817457e-02,1.839937765346236903e-02,1.825127855201093621e-02
2.333729616268730156e-02,1.614765459312635446e-02,3.887479914892979366e-02,3.881755921852627494e-02
1.567238545641608249e-02,2.142430709665638783e-02,4.352248878384390451e-02,2.157181874406497932e-02
1.820013379012656168e-02,3.945718290873174994e-02,3.179489840715498533e-02,2.636941312156271255e-02
2.517449112391086791e-02,1.399083315548602276e-02,3.413505698438514674e-02,2.001758271366071984e-02
2.897055504873995158e-02,2.683312879238174131e-02,1.107983363028815053e-02,3.258510477283055318e-02
3.113516031615871926e-02,3.137695694022255011e-02,1.607889468106757716e-02,1.450970157204847961e-02
2.890944055023376980e-02,3.164518577454281112e-02,1.673042580314273303e-02,1.276765701569238312e-02
3.707975639785644761e-02,2.629558450442157774e-02,2.529465649690161577e-02,4.033536807727727824e-02
3.940621358852616080e-02,4.092886092732023195e-02,3.745903773250384289e-02,4.561315041466437042e-02
3.222951626737930592e-02,4.036752698993856942e-02,2.758059011571512009e-02,1.228025927720845581e-02
3.355883617236596339e-02,1.440423954954415942e-02,1.607267939968469797e-02,2.352126412195784319e-02
2.372432156332838354e-02,4.608170171391278575e-02,1.171170094429095469e-02,3.474096480740966608e-02
3.733397320800697916e-02,4.340816917938878500e-02,1.792264831744638798e-02,3.051101075529222273e-02
4.552675318352238099e-02,1.763958885312911715e-02,1.680653707678559164e-02,2.291747831595103424e-02
1.156434291113003429e-02,3.739497948894061896e-02,2.980236493885746879e-02,2.609218582170849676e-02
1.091260347730451871e-02,4.840898354982563906e-02,4.559640935772704684e-02,3.479864509399722972e-02
4.631323281101767247e-02,1.291889080991689628e-02,4.163088959823672136e-02,2.121193758640516069e-02
3.854814988158497546e-02,3.411134183932312824e-02,3.856435447154196727e-02,4.319824106091209315e-02
2.988573637123152077e-02,2.966021806725952642e-02,1.434743407867917001e-02,2.774609361439132893e-02
3.122912802963637158e-02,2.176895791935407054e-02,4.999277553406143021e-02,1.569832726392795738e-02
2.471090410349603000e-02,2.070744782566489445e-02,3.988179568278676923e-02,2.478316800620642205e-02
3.291784243545479299e-02,4.677174061117513743e-02,3.226495600392181862e-02,3.690804761058800315e-02
1.262646328184831475e-02,4.937081727726001096e-02,2.909716348048198981e-02,1.894014655509483960e-02
4.395546096875325298e-02,4.940359573714134950e-02,4.841645362144975095e-02,1.822667221339787508e-02
4.588125347835703138e-02,3.393205776166318549e-02,3.117665425249193517e-02,4.421394913755701678e-02
1.123113067538990262e-02,3.240747458276079657e-02,1.521811012900684337e-02,1.178190787309880624e-02
2.107079042942970604e-02,2.184715866306228410e-02,1.237705369521244908e-02,3.064766009906574884e-02
4.355669334355431743e-02,1.064984082870578871e-02,4.958373395640396086e-02,2.023781321996271504e-02
2.147399643011532050e-02,1.996459304818919145e-02,3.741121433287630110e-02,3.880885518291762870e-02
1.980152015125858159e-02,2.104447581394032485e-02,2.066296466190121334e-02,2.043713592495443807e-02
2.675244894769372023e-02,4.570917583787847266e-02,4.237037596992136029e-02,1.238252815625721058e-02
4.014750730086603936e-02,1.458933929959067496e-02,3.148121086624099119e-02,2.893499228775956583e-02
1.899152146214946185e-02,2.880215595829811737e-02,4.916435043645624864e-02,1.634550172142143487e-02
2.570931940059006937e-02,1.702362859961656372e-02,4.089913021746778565e-02,2.412833049818417092e-02
3.607964720663542346e-02,3.010208096672981753e-02,4.908413213998719798e-02,1.485319942198462355e-02
3.723881434457814582e-02,3.467839002706069040e-02,3.113511003025946910e-02,3.860193447264163163e-02
2.664680750219857591e-02,3.197053263277928326e-02,4.721279107750310511e-02,1.382254434289765382e-02
1.986280118252624002e-02,2.378749444850662698e-02,3.426437653980848874e-02,3.617813482376852630e-02
2.878881758340696984e-02,4.945333964610506422e-02,4.492766008207690204e-02,1.680785727358459145e-02
2.260035466115465838e-02,4.038005751682605116e-02,1.171607664378064052e-02,2.729479531641283707e-02
3.052207081756799084e-02,3.633349101014536620e-02,1.126078515775812486e-02,4.750427128250680336e-02
3.548131100466694193e-02,2.164337668680221816e-02,4.939001483941687920e-02,1.952184059181063039e-02
4.600058263039184109e-02,1.064797185911154145e-02,2.018509397587629761e-02,3.525511192075054395e-02
4.557059174013869396e-02,2.691160194206358713e-02,4.435180095260328470e-02,3.741734551787233298e-02
3.554417045162284322e-02,2.996938710230363789e-02,4.303819434989202691e-02,4.894153935731553051e-02
4.678275548503942061e-02,2.808322800366491040e-02,1.280337165833156723e-02,3.901555791717173372e-02
1.038230594361677465e-02,2.721611347502549821e-02,1.293444805282249581e-02,2.310060457772344228e-02
1.055327695789824022e-02,2.741815826915518228e-02,3.245103383592366081e-02,1.164918767423882458e-02
1.064888270690457668e-02,2.606609632062262955e-02,2.924356767502495069e-02,3.350718287978995957e-02
4.647116573685211582e-02,2.522477168331683367e-02,2.742001319023487649e-02,2.738684776752911554e-02
4.221683195338946093e-02,1.351666225176978778e-02,3.409840963938934322e-02,1.273416287394916677e-02
2.888473006574838325e-02,3.363086155352068563e-02,1.220271565148423054e-02,4.419410107055340986e-02
1.737038395780663574e-02,4.985723080197024260e-02,1.451915173580869967e-02,4.376733815333399419e-02
1.424349418847477289e-02,4.849905076230211221e-02,2.801817687089159375e-02,1.124189461086572139e-02
2.491744456221270387e-02,1.716180716405043064e-02,2.384054532275074745e-02,1.320709835220829076e-02
4.288345592848390869e-02,1.949732524484378698e-02,3.996793814477603984e-02,1.072706270514794773e-02
1.175574096262518853e-02,2.493947668310755872e-02,2.021055531431679986e-02,1.389875924193764191e-02
4.705638165569855924e-02,2.497924820895718045e-02,1.508718873637160049e-02,4.619448979590100313e-02
3.703532156946050258e-02,3.636500263796104554e-02,4.591386638792006869e-02,1.217230443419517472e-02
4.713949215765209783e-02,1.216393439147938835e-02,4.882402844531236880e-02,2.747361015072808527e-02
1.471728425211454860e-02,2.542326964563906486e-02,1.864389361241625132e-02,2.843575437424819552e-02
1.970982541103900171e-02,2.252619023113081390e-02,2.841540292862115846e-02,1.611894219133517756e-02
4.679422660977285153e-02,4.687136619324724224e-02,3.077472059422006051e-02,2.493477609941785467e-02
1.910112535976619258e-02,2.507976587363113311e-02,4.051169140209216063e-02,3.174435800996629198e-02
1.904644860849268734e-02,3.697807255059929604e-02,1.407184474016759911e-02,3.446404600789721578e-02
3.944802462311892272e-02,3.225529601388486822e-02,2.055226308093476006e-02,3.235308913845055118e-02
1.760360075604301341e-02,4.510836604491319513e-02,2.991585933943000097e-02,3.169969727298246193e-02
4.281655149047434994e-02,4.561985958892254139e-02,4.499418529099112607e-02,1.933454934508382211e-02
1.628440571537105586e-02,2.470096654783575374e-02,3.946415966146506193e-02,3.558119491612631718e-02
3.990640383653133727e-02,4.941070460140316312e-02,3.475820253805803756e-02,2.401012844552524381e-02
2.517152078940017995e-02,1.065641081683162995e-02,2.948552279974448603e-02,4.643216597829827319e-02
1.976859854809048453e-02,3.090530805186363777e-02,2.304224607414892892e-02,2.078236628565920813e-02
1.155284118309080760e-02,3.934128106047691392e-02,3.486047883944250192e-02,3.223551649102861932e-02
2.688126896021484497e-02,1.277172250037700643e-02,3.413052212361022963e-02,4.193568168542622515e-02
3.989202010953040584e-02,2.448085490487970223e-02,4.242612335986218480e-02,1.732065806601539720e-02
4.745751368186004737e-02,1.392224845454266210e-02,1.721506580876260711e-02,3.177571367092623528e-02
3.808384697394033569e-02,4.645921455563430114e-02,2.838528406120433001e-02,3.230110718533962116e-02
4.116743565801181393e-02,4.881925329281450177e-02,2.928611996771366549e-02,4.491991702251865726e-02
1.834768556135634929e-02,2.167767400087034640e-02,4.236084055243986846e-02,4.574351548214312252e-02
4.584639311289254171e-02,3.952414715546912621e-02,4.979343565865428090e-02,4.303527294047147095e-02
3.492292875053280843e-02,4.572524934490897197e-02,1.997897731073677158e-02,4.597393151776409115e-02
2.013659845093728265e-02,4.246744663065566555e-02,4.083049804507125208e-02,4.774477177559539182e-02
2.471959684056623807e-02,4.529523800632568459e-02,1.282898504478748557e-02,2.751768302753145740e-02
1.996494895113107640e-02,4.530223764042151657e-02,3.816944394647175942e-02,1.065117392460314047e-02
4.390720612845459836e-02,4.520921901200124216e-02,1.049276224447109364e-02,3.481549523537594282e-02
1.753630270064455640e-02,2.587645635032684993e-02,1.686856703943910227e-02,2.282138132737401848e-02
2.695536110354668224e-02,2.417040659279042977e-02,4.209584682767481684e-02,1.053277108210025868e-02
4.701488073745412055e-02,1.944106170153950958e-02,4.523689909275948468e-02,4.071754844061796497e-02
1.545328833634545401e-02,1.481126002532215900e-02,3.911911230488152730e-02,1.462327671299944176e-02
1.264420449263648633e-02,1.076833415581154169e-02,4.222973543705577093e-02,4.395921294637808452e-02
4.071216362799094657e-02,4.264181412958045758e-02,1.545888547555051423e-02,1.920137212047905856e-02
1.339300914328412501e-02,3.233130703157764685e-02,3.629845314965387398e-02,4.098986408208633858e-02
4.546018279913952714e-02,2.029293861285419789e-02,1.654715067217801122e-02,1.779377071703418939e-02
3.101051010094330040e-02,4.137215288916081674e-02,3.948201384659501961e-02,2.349436958435008327e-02
4.634546658925112195e-02,4.027399385091139788e-02,4.080055933997197432e-02,4.196584703918875003e-02
2.821694682626025436e-02,1.473878933300626359e-02,2.209228654654861457e-02,2.087999124176341884e-02
3.708568515454652159e-02,1.637977952402153159e-02,1.671030467608907583e-02,4.097674414722567160e-02
4.319285405060668825e-02,4.907178118656731897e-02,2.261778963143570853e-02,4.615221408930243047e-02
2.107833911371966018e-02,3.271734579461020587e-02,2.265504021007878205e-02,1.160920060362679966e-02
4.439728245891748359e-02,3.270172136549850256e-02,4.152701449969285058e-02,2.660959623603582902e-02
3.754027702958318696e-02,2.455393570111911658e-02,2.833236700899248450e-02,1.938757083021531991e-02
2.432038939730633148e-02,1.424714886314497678e-02,4.727110738594754447e-02,1.229236203420294368e-02
2.861354729790127616e-02,4.148342414276443013e-02,2.390073252243166135e-02,1.196485611385810291e-02
4.134479686289294770e-02,1.887975128454140797e-02,4.345339022689978514e-02,3.167888878715696688e-02
2.853819630981675043e-02,4.743880694076714477e-02,4.652531475032139346e-02,2.301285472228193144e-02
2.079951859942360051e-02,4.483752443236029700e-02,2.199748986623586283e-02,4.580763190543542945e-02
2.390640091072386911e-02,2.437671800548945472e-02,4.696667240802346321e-02,1.977789194379695609e-02
4.764585298642690092e-02,2.266156109909019112e-02,3.953265866513368254e-02,1.093854859811061939e-02
4.777884696734568254e-02,3.714737106929327792e-02,3.186916940585843988e-02,4.778399228747619992e-02
3.633270518177304093e-02,1.323335115537553619e-02,1.311707825614911137e-02,1.356175018655161185e-02
3.506624822003357594e-02,1.584666476509036248e-02,3.813458339710584094e-02,2.869912477626579417e-02
3.067773162581313023e-02,1.469835740960413403e-02,3.478609310121093257e-02,2.010468280489217940e-02
2.450207842075047271e-02,1.513686100833585776e-02,1.197289919434577424e-02,4.404937555591318527e-02
2.490892951666964089e-02,2.580919216802322891e-02,4.259590753356585352e-02,1.248011931012364163e-02
3.403742289459409098e-02,2.950437028639484732e-02,1.369898873434886692e-02,4.786243507928317209e-02
2.489844592544152024e-02,4.780333238119210959e-02,2.243480377002823184e-02,1.909437172011045972e-02
4.608089296199384399e-02,1.265850899603677103e-02,2.438445410363750121e-02,3.407309449019021302e-02
1.200353280879968600e-02,2.695844999057036423e-02,2.987674151339471396e-02,2.318875849772156911e-02
3.438903223426607869e-02,3.207825303001729522e-02,4.671731623400354749e-02,1.493732494712632364e-02
3.540820284988178274e-02,1.872792784917038517e-02,2.568335257453527309e-02,4.495502899721380563e-02
4.487000580856977117e-02,2.810582773173431886e-02,1.750880017442679737e-02,2.337982004993133245e-02
2.940244123107391139e-02,4.141457151173429801e-02,1.974093568273119215e-02,4.140778941562070492e-02
2.750211626488056199e-02,3.461321605838465348e-02,3.252133319785487087e-02,4.119174238543624189e-02
1.272144996849347912e-02,4.826555320977186925e-02,1.301392939323432404e-02,1.526849009848409329e-02
2.744867474097582860e-02,4.528925627239630686e-02,1.495619118490392092e-02,3.459686344058726659e-02
1.629483342358030440e-02,2.152805722005621952e-02,1.780802500996044035e-02,4.308354853105012677e-02
4.141028910003189539e-02,1.169271605113451386e-02,4.829048558216778725e-02,1.107940013630760376e-02
2.825721148364750829e-02,3.257542104273541961e-02,3.166753777377413759e-02,2.362708186373689220e-02
4.603558367167518567e-02,3.882245996389124126e-02,1.612138701633857377e-02,2.575045767413311482e-02
1.646233013740310350e-02,3.170333654029886677e-02,2.869005038730212259e-02,3.339864264997721710e-02
4.853416256102924264e-02,3.221568332871437706e-02,2.770122626249468117e-02,2.607611827441954494e-02
2.602922103340868376e-02,3.470624717570459233e-02,3.706826903649874244e-02,2.339278715353263621e-02
1.501839344354713619e-02,3.943060857207734970e-02,4.878830903902561106e-02,3.148349473488299549e-02
1.926354521331720415e-02,3.812259218874035349e-02,3.774791334135996906e-02,2.811126796335781941e-02
3.686462141280947430e-02,2.731615619984308074e-02,3.122425893432052846e-02,2.629999976367419778e-02
4.533469409217789903e-02,3.106733563631340622e-02,4.950442695658596043e-02,2.961425250855186098e-02
2.656099314582387183e-02,2.235657082483978597e-02,2.105664500876552880e-02,2.551260684497216186e-02
3.559594430750334659e-02,3.881153122277011813e-02,2.082836909554273627e-02,1.305278322833839169e-02
3.557421075726313608e-02,1.200104880676966870e-02,2.313135630019186664e-02,2.785795040075838419e-02
3.908672317049285971e-02,3.089535929738217168e-02,2.673187736757589444e-02,2.759664626337939020e-02
2.489595654499169100e-02,2.470993638542499926e-02,2.246265912437053064e-02,1.916799742141208490e-02
1.124162652005560384e-02,1.059743167319517412e-02,4.175268569157622456e-02,3.131760106372304120e-02
3.135682301476928197e-02,1.976509643426067886e-02,4.089508195378513400e-02,1.991001098709221234e-02
2.775543927378905373e-02,4.863130188660067660e-02,2.955713090998802334e-02,3.639621395407655752e-02
4.640706890319263450e-02,4.531519830688084810e-02,4.182505013289264384e-02,1.695202259072025805e-02
3.141202621473297707e-02,4.926643336148091995e-02,1.444103498208036511e-02,3.908371253135878298e-02
1.527565834264813134e-02,3.305359404905289927e-02,1.893448959039392004e-02,2.632821944942637798e-02
3.131668501904025931e-02,4.824927644850859204e-02,3.481212446951697376e-02,2.375846453746408710e-02
4.479944774829396764e-02,4.084621792159069675e-02,3.961185922564406520e-02,4.803608282736356733e-02
3.933125708518551977e-02,2.178300141635949871e-02,1.037667579496416234e-02,3.888628174514135311e-02
4.501220420963412266e-02,1.556389924073114592e-02,4.716801474415708434e-02,3.806835069743597783e-02
3.616309653418680464e-02,1.887143257038541300e-02,1.099243516144309506e-02,4.126045874945242359e-02
1.725464030388915507e-02,4.532087737890732465e-02,4.013641567333617322e-02,2.144251709189899657e-02
1.094262524305577265e-02,2.785929450339676844e-02,1.872406397392084587e-02,1.983484693466447055e-02
1.222155817679414225e-02,2.517761348035862240e-02,3.822382821147062709e-02,1.298433074824053429e-02
1.760417416279959346e-02,3.182569459021048625e-02,1.762612088124935680e-02,2.992504956963410595e-02
4.885326311654324821e-02,3.339823681775801884e-02,3.664571852306963695e-02,3.574520719375127997e-02
2.484312838198850237e-02,4.344604259491786913e-02,2.810575821229024246e-02,4.423898780308492540e-02
1.893080741115806681e-02,4.659119369342479278e-02,2.025677942489100339e-02,3.579042634995677902e-02
3.587107663215113179e-02,2.084367667454023118e-02,1.882970089772222078e-02,4.790353324443292343e-02
1.940699014685502710e-02,1.471914437011207291e-02,1.826519213984443418e-02,1.937739570879624951e-02
4.579356256840418082e-02,4.566682019767132061e-02,4.315861091211849188e-02,1.763483103295261645e-02
1.816057118297736278e-02,3.481686447925592259e-02,2.973241445404883887e-02,3.419014347275955990e-02
2.625128337849368804e-02,4.158138744794802333e-02,2.357915729099601190e-02,2.513054612047132402e-02
3.804975575958578771e-02,3.741267855118460967e-02,4.110498488162803166e-02,2.169743447697511027e-02
1.081005942933195921e-02,3.931351171881058287e-02,2.501664496111470279e-02,4.993454111273147589e-02
1.754313489814268712e-02,2.507341777325980403e-02,1.830177890534069596e-02,4.127348461514931954e-02
1.179417339893161325e-02,3.172846096343079347e-02,1.541779405639175614e-02,1.462456244982932377e-02
1.267031589041344233e-02,1.006037043231385389e-02,2.267348553764830799e-02,4.175080370373943084e-02
2.733347637179866368e-02,3.906638518346813166e-02,2.109000278378883597e-02,4.429847768654630868e-02
1.562621927216199108e-02,1.427128224109501693e-02,1.597450918184614016e-02,2.172173108836392141e-02
2.118291957331242675e-02,2.300148058422737257e-02,3.791494786179561843e-02,4.417656651007113855e-02
2.056745103070273251e-02,1.936999425343582937e-02,2.520883554075533869e-02,4.462175108861259759e-02
3.728633435228199955e-02,1.500115212594566733e-02,3.691142347094075044e-02,3.511133305573168467e-02
4.680373483155015474e-02,1.277767875743415771e-02,3.455693027370499576e-02,2.157443009786923910e-02
1.671936230784334954e-02,3.655814068988808702e-02,3.862524143927848624e-02,2.529993372222654954e-02
4.520287978261006145e-02,2.096637386685694382e-02,2.312468798667827868e-02,1.314913161958999183e-02
4.594367612453991584e-02,4.796073854623399829e-02,4.875563233164607185e-02,2.073662937590839417e-02
2.183938272538921838e-02,3.146697219457070954e-02,1.856715171880653908e-02,1.604622667321906060e-02
4.027604654953059748e-02,1.353114765732801525e-02,3.542392870587957043e-02,1.167371741242969468e-02
3.475990325209489529e-02,3.536419535482060450e-02,4.384049502612230587e-02,3.915076088489975736e-02
2.774106228300877303e-02,2.950376846365899974e-02,4.887324480035196150e-02,1.806823346890173987e-02
4.532184163035740676e-02,4.281035584950696610e-02,2.488253261746992129e-02,4.967551672957697118e-02
4.694123214456589338e-02,3.565802209078608453e-02,3.742081137238724431e-02,2.261616136524872284e-02
1.207487450408107135e-02,4.422384313259452443e-02,4.402780205361948862e-02,2.022457487436476326e-02
4.187837012937647985e-02,4.920887329513529834e-02,3.609166543051129522e-02,2.033425458087515653e-02
4.339665808557916643e-02,4.053342348057601546e-02,2.504066740767604132e-02,1.400284513945551298e-02
2.632775961151195832e-02,1.001459710773043923e-02,4.429732769336544584e-02,3.001248885634820451e-02
4.535084967299846809e-02,2.882952072644958535e-02,2.185095825053263996e-02,2.248817933985036710e-02
2.367860051512277880e-02,3.079043356000123188e-02,4.174090538022987712e-02,4.236101050197099011e-02
4.070157811674199322e-02,3.884325379355633295e-02,3.282343878432301965e-02,3.643101087660639836e-02
2.369175829068376551e-02,4.374958595740628675e-02,3.916452988369049232e-02,4.367487485417382437e-02
1.848739370468517607e-02,3.705632393114809131e-02,3.601640688899433729e-02,1.798594920180417514e-02
1.866327003883717917e-02,2.667575115587172974e-02,3.804112083350612988e-02,1.054499256772685988e-02
4.582777303162621080e-02,4.160361215832060477e-02,3.999234311337879211e-02,2.284521304958642834e-02
2.805724437582118175e-02,2.260697301176541052e-02,3.674673200196704875e-02,1.097600415034333081e-02
4.740319306715505554e-02,1.447365405008424130e-02,3.310544742832562809e-02,4.740064204695360051e-02
1.184379850566424745e-02,4.076489046207467520e-02,2.598153395006067706e-02,2.484667019241102240e-02
1.902380501933466361e-02,3.282587205967554128e-02,2.202207453365765191e-02,2.251641703271507061e-02
4.646519689857697699e-02,1.429163063518211832e-02,2.796547931820308336e-02,4.443347985055207811e-02
3.185864057426265189e-02,4.348716168981187763e-02,4.071815032993251343e-02,1.888332986623007803e-02
4.307578016589655445e-02,4.526257328862189760e-02,3.343655591462488252e-02,2.628846542662188063e-02
2.253307737461660021e-02,3.298505214485800141e-02,2.278616134734803150e-02,1.421346633609813989e-02
1.181183983905997534e-02,4.205060898328202151e-02,4.859919678672475901e-02,1.626695108964030731e-02
4.545757060009028572e-02,4.974389436203747322e-02,3.257066860314852819e-02,4.642455907280803457e-02
3.265565138923656047e-02,2.090846041081004594e-02,2.509612954156160286e-02,4.006113869692734530e-02
3.934369210706384345e-02,4.489251693925180864e-02,4.268129794376244318e-02,2.933078892734485021e-02
2.734572425992687350e-02,1.011623503158587747e-02,2.873720024674197154e-02,1.772564606476392107e-02
2.476733633964323111e-02,4.220411332283065947e-02,1.759733337682832174e-02,1.874910539429530676e-02
2.977862344880797402e-02,2.897758887706866626e-02,2.282764880029160282e-02,2.737417000580461002e-02
1.771108915477504625e-02,2.698192771228532377e-02,2.936555174085468678e-02,4.735635275708261621e-02
1.561542086721603301e-02,1.778855970926471186e-02,2.749969507552901815e-02,1.246384643722048095e-02
2.526732079445278417e-02,4.644311407079512038e-02,2.507909879866667552e-02,1.979875264063481535e-02
2.261778264904715230e-02,3.761980990755481313e-02,4.006078914071732611e-02,3.493277934117094280e-02
2.887929843690015957e-02,2.705233310080932402e-02,2.100706931922803611e-02,2.503202083470440140e-02
2.833466278716434417e-02,2.190970147503018550e-02,4.448688137206782689e-02,2.887766123491729287e-02
3.131158304329369202e-02,4.953125938066826883e-02,4.623951717458559679e-02,2.648148651680719973e-02
1.590392817406422951e-02,1.238074758533144921e-02,3.459217492326727844e-02,1.881204181933163883e-02
1.731505775311233813e-02,2.881714684594299802e-02,1.111994531168706592e-02,4.901598115544349155e-02
2.207345339021868705e-02,2.973780193570720043e-02,3.888053710100981830e-02,1.295579372343191177e-02
3.422785443544959505e-02,2.987253816335172507e-02,4.973842934963625118e-02,1.195639810128909693e-02
3.868258032767955823e-02,3.521782079380780806e-02,4.394002684540728593e-02,3.780035173286012268e-02
4.034652554147227094e-02,1.575054380075067983e-02,4.908253575782276640e-02,1.116623740841211215e-02
2.868744436419758126e-02,4.702542519644411362e-02,3.927921307544141732e-02,3.306486924792797349e-02
2.626885261359346302e-02,3.376288477756127226e-02,1.153817532192600789e-02,3.806264242097241041e-02
1.044800920253811764e-02,1.509145952867835955e-02,3.840886852272080987e-02,3.999195133662680063e-02
2.567614202512925187e-02,1.062998385347688028e-02,1.516204579621499050e-02,1.621178362958260177e-02
2.632122376323140639e-02,4.696382813581667648e-02,1.200592223995048356e-02,1.899488356091467295e-02
1.166161433115554466e-02,2.982802919297532218e-02,4.256127339678410920e-02,4.375266641932441108e-02
4.238193870568863347e-02,3.028973529897258099e-02,1.803430028104880539e-02,4.914423325683108662e-02
2.374281209647474689e-02,4.021611800843429702e-02,2.993042502171529978e-02,1.842150004816517708e-02
3.302552086903451367e-02,3.889868449065757988e-02,3.092269667173690867e-02,1.519931007873597147e-02
4.905645616055999414e-02,2.871738969009623305e-02,4.632345449381715385e-02,1.969004464054336170e-02
2.681133584130863251e-02,2.795028579521225548e-02,4.988785388563809348e-02,2.058762779692585934e-02
1.319634911259527123e-02,2.565968006288570774e-02,4.031650423230032781e-02,1.868751641918918460e-02
2.174375985497016897e-02,3.743079040577804856e-02,3.435192480314650659e-02,3.337136378923438729e-02
2.044611187147059306e-02,2.039871612296085407e-02,3.914543734135574049e-02,2.684187459605118925e-02
1.274507504187319049e-02,2.003267087306858513e-02,1.567633185061770296e-02,1.566555690897107958e-02
2.014126742023600314e-02,3.894084380688894731e-02,3.483398489386746455e-02,4.110432180944304653e-02
3.567430467072491007e-02,4.458115218088860160e-02,4.313492665977325391e-02,2.744272615645771546e-02
4.241382635271119528e-02,4.737514769762291716e-02,4.108962676817087822e-02,3.312350560386766174e-02
2.221257696689803163e-02,1.874114780219665252e-02,3.378069545367368143e-02,1.489625074766597404e-02
2.229864587398462661e-02,3.358590380174875101e-02,2.140255387433763132e-02,2.322370015105092167e-02
4.250436057028936926e-02,2.553576664638571025e-02,4.778892092513912365e-02,3.361290056055875330e-02
3.672980628983982948e-02,3.892826430747645811e-02,1.540236769969027114e-02,2.069676596481725278e-02
4.505803306287892163e-02,4.043523158223331221e-02,2.417707659015506938e-02,3.415104744420423277e-02
1.698074816482434204e-02,3.482509071554518859e-02,3.743857865404046775e-02,2.115319825124076236e-02
1.980738411001504301e-02,2.738598853219013918e-02,3.290327577326314368e-02,3.897366457757940605e-02
2.325791739307739303e-02,1.438514276011621656e-02,1.000983715527570261e-02,3.957122488749534317e-02
4.281171950689285216e-02,3.033282448231474498e-02,4.602949806802093813e-02,4.243226819653894005e-02
3.151914933339815261e-02,3.240920376451818241e-02,2.536902793520735139e-02,3.304518278927037062e-02
3.870556349385930600e-02,2.484983705445887453e-02,3.931471232073530109e-02,4.502881221996556105e-02
2.890354063508305399e-02,3.005792229162306678e-02,4.852431488827294720e-02,2.655673993289665163e-02
3.792212664889948320e-02,1.252336248304969542e-02,3.430216399945326677e-02,1.626133624860872859e-02
3.295091657476199171e-02,2.619382912020390419e-02,1.681161222375850833e-02,1.147295324860904756e-02
3.650469409711792901e-02,3.533490013733373014e-02,2.578761745452448628e-02,3.725600684291924258e-02
4.667409571785568340e-02,1.971806919038023367e-02,4.552321218461617691e-02,4.930728403140736266e-02
4.614828959012283460e-02,2.957209246409258502e-02,3.606175320801399686e-02,2.555211282188804903e-02
2.492755236551812831e-02,4.313547805382206279e-02,2.563104240326234684e-02,1.972608285189535876e-02
1.999906386173315453e-02,4.833374552425480364e-02,2.761623630742003621e-02,1.674422763144634702e-02
4.462739626856203345e-02,4.499715621090821793e-02,2.657325006608306922e-02,3.483634325842320523e-02
4.728230935210007979e-02,1.518790036878773717e-02,1.567115124506717264e-02,3.651600578224949850e-02
4.804924810561354842e-02,2.755574343863629455e-02,2.344637759816469921e-02,1.330437068751807138e-02
1.049676821620607048e-02,3.563348639093046055e-02,3.495319212536815434e-02,4.489554366954157799e-02
3.331868168013466663e-02,4.140115434066909961e-02,4.187888290971417821e-02,4.121077034017833762e-02
1.845782993354346327e-02,1.121943603630615530e-02,2.798474111501401962e-02,3.917369235583589848e-02
1.038771964082886232e-02,3.792131334688617766e-02,1.284337788953720215e-02,3.513355365213931270e-02
3.514235203329605511e-02,3.302581697320806225e-02,2.923589481241398863e-02,3.710659462352600829e-02
1.050795420740134774e-02,2.785242914905683431e-02,2.512620679377220584e-02,1.532000714612655363e-02
4.896032721202431964e-02,4.399684913082978904e-02,2.060554320336921430e-02,1.578391922257289109e-02
4.294811791077236124e-02,4.289274200501020512e-02,2.343464848739989712e-02,2.306778617570423920e-02
1.682792625330440522e-02,3.092473957735553114e-02,4.895639646899169195e-02,1.377678298900245416e-02
3.205209944641446151e-02,2.304577020860087283e-02,3.656493972570239864e-02,3.151525530472175374e-02
4.002480817384362205e-02,3.532928802969317189e-02,2.883202212290199296e-02,2.577205232909830085e-02
2.289188378237966282e-02,2.884937392436765641e-02,2.879648161542951862e-02,4.534977461182562730e-02
1.435488079731077511e-02,2.262514641522866271e-02,4.356583224462157178e-02,3.059941092281095315e-02
1.678735507463840690e-02,3.590914737912801608e-02,4.125891394173096527e-02,2.668315920274451358e-02
4.175183096648057979e-02,2.557784125655700180e-02,2.094749761652008740e-02,1.396756434727679762e-02
3.867453763752945473e-02,2.071264159176001984e-02,1.960163666144647959e-02,2.080677701922516165e-02
1.690424736272456638e-02,3.201700473464831609e-02,1.794662991931189264e-02,3.557734746955922706e-02
2.475611567236944352e-02,3.829960456514522327e-02,2.303461183071544432e-02,2.780366819059884587e-02
1.428268275258005177e-02,2.076446456776761054e-02,1.828937907624555298e-02,1.934675784037858184e-02
3.145605821087932297e-02,4.292258978791785307e-02,4.542721876086866506e-02,2.877126899246733316e-02
3.566572820022224921e-02,1.825725499121203660e-02,3.538771552506879414e-02,2.421269486548585995e-02
4.100610765235620375e-02,3.346693024269258715e-02,2.542928566222911468e-02,3.694130519453778932e-02
3.641739769908487051e-02,1.876371936779592381e-02,1.538941237643785646e-02,3.893788388215212865e-02
1.210935329835187944e-02,1.091784267745690706e-02,4.514017896486223480e-02,2.215161866527273066e-02
4.171330251940685158e-02,2.657590484898993133e-02,1.225787943510761938e-02,4.220524678521318102e-02
3.277023541618574731e-02,3.236828458913917211e-02,2.580252388384408208e-02,3.285151462598796118e-02
3.376260457716830782e-02,2.033348083997879932e-02,4.573937903784158765e-02,3.274403113364263151e-02
4.120938126700445653e-02,4.558615840780577688e-02,2.423256745763302522e-02,3.030471505666899185e-02
3.664487386403611491e-02,3.575499276584596237e-02,4.236730510891993651e-02,1.275517045711420903e-02
3.690974433542709016e-02,3.300892685370079155e-02,2.000260366558440778e-02,3.557353451913179004e-02
1.215747741467978517e-02,3.915945984148179460e-02,2.604416736444498115e-02,4.896587601263034661e-02
1.533254670787535107e-02,3.355516082900716901e-02,1.026547959364173396e-02,1.061365105116506349e-02
2.978114724609572800e-02,4.770151065411654817e-02,1.132487713592597589e-02,2.382769982885395155e-02
3.524942151671790064e-02,1.022614034880091685e-02,2.770908206215180053e-02,3.777392296473099098e-02
2.726441943316080391e-02,4.801871644048574111e-02,2.054080035207497129e-02,1.924904624366088196e-02
4.595219316926356379e-02,1.022908724640572350e-02,3.689686394238969602e-02,2.731002294366775829e-02
4.228524245274561250e-02,3.558600852402787895e-02,2.734085735595590677e-02,4.050053479805070661e-02
2.420094802091253897e-02,4.447576031333166230e-02,2.961482862583821735e-02,1.431216729546496910e-02
2.736325704690336508e-02,2.073710077343376632e-02,2.335590740083989120e-02,3.257655262344325703e-02
4.806728434832606422e-02,3.075182139582374047e-02,2.297554967125720049e-02,1.562989012729586527e-02
2.922256133613302526e-02,3.472729013876630494e-02,3.176253453024942275e-02,2.330072151488525936e-02
2.201114719655482971e-02,4.487411713789450640e-02,4.033980933670087976e-02,1.719636760697080755e-02
1.802037134787906267e-02,4.114717067549039653e-02,4.693471420386977067e-02,3.988444386793013607e-02
4.536223695656704802e-02,3.256598561444662421e-02,1.111082935419718289e-02,4.360562322235118915e-02
4.041667380089883355e-02,1.502328464170813935e-02,4.451805474140730495e-02,4.032756776139811983e-02
3.599300497330026882e-02,3.067595902744626318e-02,4.343806641265651747e-02,2.090770466604003480e-02
2.626315789236065290e-02,3.097693268542409811e-02,2.371985745096692050e-02,3.565326999449411338e-02
2.865447756269193930e-02,1.425546886263242760e-02,2.787706525266862856e-02,3.608360440927977503e-02
3.017071444348607551e-02,1.922559561108511464e-02,2.032224236948752469e-02,4.897428916678008004e-02
2.870378470167347235e-02,4.363737138576527508e-02,3.783443629401838509e-02,1.354077499146561642e-02
4.661750312627997717e-02,1.714199734775264522e-02,3.490164871396241042e-02,3.283070324710438137e-02
3.518110395327968959e-02,3.964315486897780627e-02,3.508608575281917108e-02,3.292233898282638516e-02
4.370946995888438935e-02,3.842092991565101978e-02,1.862017759514333209e-02,2.897856944593996120e-02
4.049045776107220579e-02,3.238615861609424329e-02,3.126068980487620164e-02,3.690382885010446562e-02
1.895272855612597368e-02,3.807986870899170151e-02,4.416352546089621911e-02,3.589295106892639864e-02
3.948714639740782267e-02,4.901760679668544507e-02,4.538374337889226895e-02,1.841714089590426595e-02
1.573284464481136333e-02,2.481815420546205214e-02,3.803130663523374144e-02,4.710251655191862591e-02
3.466111213698843535e-02,3.016428795477743563e-02,2.222984545252202487e-02,1.681163575253902948e-02
2.923490352978810186e-02,3.396435951828005034e-02,2.289291391340806878e-02,3.384967329196555269e-02
4.158901557979335917e-02,2.814012281600241500e-02,1.610946896229438485e-02,4.748822593066110570e-02
3.937369609775114715e-02,1.275739185471237887e-02,2.461012611090145769e-02,3.052792071905430921e-02
1.033738718304269034e-02,2.005137427072259393e-02,3.309128170248997608e-02,1.308759558780125433e-02
3.329682130218227648e-02,1.250986071100889871e-02,2.520437790844204731e-02,4.863865527658549348e-02
2.260933117631213837e-02,2.445851593172359770e-02,1.188897352871251360e-02,2.851226482317525263e-02
1.224797289758517219e-02,1.511636453484030071e-02,4.825222490133459358e-02,1.664115056661338507e-02
4.295688504428893384e-02,4.854200788417487034e-02,1.231907663420134594e-02,1.178796914134769280e-02
4.252062089494147712e-02,4.522641897633448982e-02,2.640933902373834852e-02,4.110987009803350467e-02
1.847570622391184886e-02,1.717209688833010867e-02,1.728987002869244310e-02,2.612984016917949820e-02
4.031617942700279483e-02,3.394864169259635689e-02,3.731309803555467319e-02,3.297298665858006128e-02
4.159894940707472427e-02,2.767038873430797269e-02,2.073216139224533239e-02,3.611539190515821590e-02
2.872962632555890738e-02,2.915384568758170453e-02,4.779653433651152167e-02,3.963287875490450335e-02
2.612777304582572513e-02,2.282376177307914381e-02,3.163392571214875687e-02,4.081636325932418846e-02
2.317306961392467252e-02,1.106855304043075430e-02,4.789960888675268147e-02,3.392758104381895373e-02
4.379136536671795338e-02,1.543508402130699432e-02,3.760490337994287779e-02,4.509336504139175444e-02
4.944605387380802963e-02,2.376633363254616882e-02,4.582128600584540329e-02,1.452925563522244196e-02
4.924076312583363507e-02,1.545538644472354076e-02,1.085731448445547906e-02,4.426161730423362056e-02
3.451965133219432602e-02,1.272212192848044300e-02,3.555573444100722930e-02,4.735571027135063865e-02
4.483769807850493394e-02,3.555538134965827851e-02,2.881310965658719081e-02,1.760233874474267934e-02
2.054956819100348109e-02,2.385291395460032576e-02,2.186770937882261817e-02,1.667738389055938367e-02
1.329593310758385091e-02,2.631459640916680720e-02,4.478003056748319083e-02,2.486608572823296309e-02
2.530828630869221690e-02,3.219095952574078934e-02,2.974567980055510541e-02,4.793236440993807468e-02
3.802938877906299198e-02,4.410832128465672769e-02,4.219672066603503274e-02,2.113355463903943826e-02
4.420548717125740573e-02,2.483862449209963547e-02,4.365625883661949230e-02,4.396689743486470459e-02
3.617330177440411521e-02,4.098451916463066030e-02,4.276414821550010570e-02,1.633511597498082599e-02
2.809495070781398152e-02,2.742482236373659787e-02,1.212581095676319547e-02,3.484894452534014614e-02
3.527774213911498424e-02,2.514224045969728344e-02,4.480404593490879689e-02,2.938594432059453421e-02
4.878364661541621794e-02,4.747668299699914912e-02,1.144100065254363349e-02,4.757697844812698584e-02
1.039157082305439649e-02,3.139028398480617904e-02,1.034756347146024297e-02,1.467021908254246935e-02
4.968744149334780591e-02,2.430017010410619183e-02,2.520370439021735881e-02,3.417648956210787847e-02
4.315144106508582433e-02,3.319641840436327040e-02,3.593692122438559011e-02,1.796719261209863208e-02
3.382686676154981337e-02,2.361486154055401909e-02,3.105310011495283212e-02,3.836147186119992503e-02
4.462157315751778125e-02,2.735782778769913631e-02,1.482446334845008776e-02,4.873930997907677948e-02
3.387243161505155975e-02,4.350103908944578934e-02,2.967941745207626492e-02,1.474380783379944035e-02
4.793045462148093350e-02,1.626117145570819475e-02,3.785976628463130073e-02,2.204217756868358247e-02
4.202053076663690712e-02,2.391158083699566894e-02,1.722845164456513617e-02,2.543332372091437754e-02
3.474775416177736803e-02,4.009188235029349096e-02,4.710619406586866176e-02,2.948389581023749123e-02
3.973177113747924927e-02,4.731754848583016870e-02,1.653900085166806755e-02,1.182975275189084539e-02
4.886505479042125427e-02,2.774707971792315930e-02,3.159291075650172420e-02,4.116094362953005154e-02
4.081943170428903311e-02,1.479888454072762934e-02,3.792176160335459373e-02,3.693395107855900611e-02
3.129795818022633458e-02,3.420046061300727885e-02,3.884925230525782675e-02,3.913487444441788449e-02
3.199866775663207791e-02,4.457173522040806801e-02,2.237533193333091433e-02,1.656686246661030759e-02
2.251369875227807182e-02,2.176034083996190166e-02,4.560726530577943749e-02,3.837754773705347178e-02
3.023407119470040982e-02,2.722344897677950182e-02,4.226669317863936820e-02,4.503458573126636194e-02
4.518546475706809729e-02,4.952558604688035021e-02,3.285340140273674409e-02,1.203456039294308229e-02
3.819211930148117690e-02,3.239062765108981223e-02,2.496299601445190613e-02,2.886345491278775183e-02
2.839132182653576753e-02,2.962309397160892144e-02,4.582993110280237509e-02,1.271835062202497646e-02
1.722366328005685288e-02,4.999334717981245013e-02,2.216496118792246617e-02,2.544899902154373200e-02
2.069640898491523565e-02,3.669346074387089263e-02,1.043297072070660352e-02,1.907212737684584047e-02
4.632455209245457672e-02,1.918720161258126444e-02,4.031554309341994075e-02,2.689072459084704964e-02
2.918521007559060632e-02,4.683460868389528048e-02,3.685851320389105235e-02,4.936474643514785626e-02
2.139573016547183237e-02,4.481911187450084155e-02,3.455412357165566634e-02,3.930455876573175911e-02
4.927481918088456175e-02,1.464555442855736307e-02,1.562641208913805382e-02,4.893216660556162084e-02
4.786771226523731798e-02,1.774761607150861925e-02,3.137040752938258931e-02,3.479528969073602401e-02
1.602514643084244211e-02,4.494639209850042477e-02,2.412264222956792339e-02,3.078645525110641767e-02
1.448323619932563935e-02,3.248725372746036344e-02,1.561248440344068129e-02,2.200981348946923905e-02
1.642264318909560789e-02,4.098023163640100719e-02,1.021744000253469592e-02,2.303730606390514551e-02
2.031411018301926275e-02,1.922803317399904288e-02,4.315059316004505457e-02,3.024474859676958005e-02
1.375984764421084999e-02,3.652249495086633962e-02,4.183990161725198442e-02,3.060226919227286568e-02
1.190455076802640448e-02,4.322315965472026816e-02,4.881866616307749263e-02,2.965508979438002263e-02
2.759104162522633269e-02,4.511438009524744441e-02,1.396176948617572876e-02,3.663379507839237270e-02
3.950315456673043207e-02,4.263392808678497653e-02,1.780220475198885169e-02,2.551616509234985036e-02
4.821194646467352740e-02,3.736391401886660774e-02,2.788808067388235529e-02,1.359371845497106025e-02
1.361562955040603734e-02,4.889428606542130240e-02,1.089342098827678941e-02,1.442856023080469480e-02
3.138419254884385751e-02,3.500702466089821580e-02,1.820635192910035477e-02,1.447493418226191569e-02
3.150017096711050374e-02,3.797439665238110801e-02,3.054702696910529397e-02,4.903048395407760829e-02
3.453629252294278945e-02,4.624120770365559852e-02,3.164824002013953697e-02,4.668436643478733605e-02
1.932280491756772217e-02,3.266534205381174671e-02,4.558021360901615832e-02,2.911051947526067246e-02
3.796347358579888615e-02,2.679983479705974614e-02,3.499256254574554387e-02,3.676293640441584409e-02
4.867781539282364095e-02,2.868995827031092100e-02,4.674195287303734708e-02,4.941072128071522657e-02
1.019015445195791715e-02,4.245228166014523852e-02,3.070127507931962735e-02,4.011478264268550364e-02
3.212851613411520785e-02,3.567399214481112302e-02,3.635947643752657915e-02,3.121482140002990874e-02
4.469793777379996169e-02,3.974234428804553770e-02,4.001157186350489531e-02,3.347903794826680157e-02
4.216042439847506734e-02,1.565417220573536022e-02,3.442534440544706142e-02,3.398072429167887931e-02
3.631041107598612788e-02,3.340957425725022550e-02,2.573427456035581179e-02,2.951343149203354554e-02
2.213550952992673210e-02,4.620207316797822483e-02,1.117396872193572935e-02,2.611497263389789270e-02
4.186154828585779419e-02,1.568046157063759591e-02,1.919623648522460896e-02,3.042857585620550170e-02
2.667426377707539376e-02,3.760585625246243291e-02,2.800135444954284653e-02,2.653848105329979085e-02
1.993186440685369709e-02,2.213789555784110089e-02,1.971990844996193010e-02,1.083190601119932497e-02
1.092438914807399887e-02,2.076821984951376238e-02,3.061369651307106060e-02,3.928340063271393290e-02
2.650255327658787574e-02,3.139952808080532370e-02,4.155495818654006412e-02,4.447640048791137724e-02
2.715404244861492622e-02,4.843740292372671757e-02,2.851498552034825024e-02,1.065854058148000758e-02
3.869942585389532508e-02,1.397442675270338039e-02,1.940687883194648633e-02,1.536869649061542095e-02
4.925423419765619787e-02,4.548089349454816077e-02,3.240913127128685484e-02,4.425872759901126191e-02
1.452104679957359409e-02,4.086329992675051537e-02,3.681753188000045501e-02,1.657915491202771249e-02
1.627505298019227969e-02,4.379802496284861818e-02,3.966846950753959850e-02,4.605811542723887292e-02
2.022911915320032075e-02,2.756618138463001050e-02,1.038746654562681081e-02,4.082639692415482996e-02
4.361895691676990344e-02,2.902983511384286952e-02,1.795827514620218501e-02,1.224867431815210121e-02
2.813579488479515944e-02,3.619981354334313867e-02,1.515825139142395681e-02,3.094481052997861970e-02
2.025978955569123635e-02,3.203175119666820669e-02,3.935531582322648186e-02,3.383388883426349802e-02
1.613109826932040969e-02,1.978285464562444529e-02,4.009876376214659838e-02,1.132909896292167221e-02
3.027462530382921818e-02,1.499027932113338249e-02,4.248207445691668666e-02,1.410513873296593765e-02
3.905899889199637015e-02,3.962029246879324174e-02,4.328731686579661425e-02,4.351185673069861426e-02
3.434519690264691699e-02,4.810570027332015247e-02,2.756898740059737091e-02,1.657571287535275495e-02
4.551510822462587896e-02,1.731307563457712764e-02,3.919506009060631790e-02,2.479833586459662467e-02
2.474565634013314863e-02,3.672768193302685530e-02,2.704148889174858017e-02,1.552212047586455992e-02
3.765157127670843568e-02,1.275132457195454413e-02,3.509062646285524001e-02,2.579589307197058257e-02
3.448907322912581064e-02,2.980934471148179166e-02,4.036919104927379209e-02,1.531211312946974268e-02
1.359313634552818117e-02,3.751233356535660368e-02,2.932196966018859458e-02,1.144824769146304301e-02
2.091793288341079957e-02,4.982908366750776752e-02,3.543205331124939239e-02,3.296313066795526769e-02
4.990446619973417514e-02,3.793375794337284362e-02,1.868524076338251919e-02,4.032269194899433529e-02
1.829124290901543159e-02,1.077231542172808754e-02,1.825586963186791312e-02,1.372081751601718358e-02
1.619189841957330983e-02,2.984354506920103983e-02,3.069436486904276312e-02,3.573377158591899833e-02
1.222914950947459091e-02,1.332647496011880525e-02,1.899962866544144258e-02,1.139185997201914817e-02
4.965154853372141103e-02,3.981402979627430422e-02,3.989815717493953168e-02,1.036297419640199238e-02
4.305844084285625345e-02,4.879590690402433456e-02,3.482981865312227698e-02,4.423575837442929315e-02
1.743010601384750030e-02,4.858165170354628720e-02,2.971002216527181966e-02,3.482038095126023525e-02
4.270257680738360345e-02,4.525206217873873477e-02,1.259370698921284670e-02,4.109147317973944197e-02
4.736178994508304790e-02,1.815482082855910534e-02,1.875863451081182312e-02,4.267085334346465419e-02
4.802512662830428491e-02,1.383978116533378031e-02,4.923014288927174409e-02,2.413713843375354939e-02
3.043285092022405408e-02,2.262815318817429713e-02,2.423183217117848287e-02,3.366891765270788039e-02
1.187361957406749338e-02,4.785385832169564840e-02,3.500863611802148417e-02,2.397776212174036053e-02
4.248517071564261033e-02,2.085830428215752763e-02,2.908294463815080944e-02,3.870502791430666112e-02
1.119341997639582489e-02,3.861353161450606364e-02,3.540431210141949808e-02,4.323460980291470718e-02
3.005034885692983021e-02,2.992512002916975639e-02,2.975344965404132930e-02,4.230648334764798568e-02
3.009525728762531271e-02,1.096258982125395895e-02,3.398813390782708110e-02,2.469903526050520881e-02
3.258009452076224277e-02,3.902439804419225583e-02,2.769336833145050192e-02,1.318025289189998783e-02
4.723408472545986836e-02,2.382165471200568124e-02,3.730673606056494201e-02,2.646917109795580286e-02
4.583447666747540727e-02,3.360961035762088239e-02,1.453179797051723857e-02,3.241581793952266061e-02
2.070987588904350113e-02,2.014239515197095015e-02,2.501497727358227563e-02,4.338048186480524676e-02
3.970071204458087977e-02,1.646386654109821199e-02,1.335297085770242517e-02,1.910984853935184316e-02
3.435193429081462302e-02,3.968040385355444538e-02,3.645381359770944601e-02,1.457724806250662933e-02
2.298252257216145886e-02,1.951612849074908090e-02,2.519942859162518922e-02,1.710312187307221760e-02
3.514506558080061904e-02,4.965521401241314997e-02,2.022893226736217215e-02,4.600115578640179975e-02
2.321623679814664373e-02,3.694868598337968518e-02,4.293130429658501002e-02,3.406873921029825170e-02
3.683073764470398692e-02,4.909672977153363427e-02,1.498835932680439922e-02,2.222886900314049313e-02
3.830457914253386498e-02,1.168300814135905807e-02,1.605375141824896823e-02,4.457537772624336342e-02
4.917432012484353882e-02,2.695375940783981822e-02,2.281269760374425234e-02,3.754115792398671214e-02
1.521105111426232850e-02,4.345606427366856261e-02,1.966206515567835503e-02,2.293318318014442303e-02
1.347816765198227643e-02,3.304117098669806518e-02,3.868521806702345661e-02,1.116838789173208238e-02
2.004101852464369032e-02,2.766662251321774790e-02,4.535575678971542207e-02,3.711166535130864391e-02
4.988640871199277738e-02,4.310768885378769150e-02,2.446226051960593076e-02,4.302951101882353940e-02
3.680153437841308939e-02,1.356672816211301237e-02,2.697494569037407058e-02,1.808216272655598436e-02
4.539921290842035412e-02,1.051689699947799123e-02,1.576401893959611389e-02,2.316318667918518259e-02
3.128967994856167445e-02,1.026930328830026606e-02,2.345253891795532480e-02,3.929104902354123990e-02
1.177507636471918258e-02,4.015617360044017314e-02,4.549662450152028997e-02,3.986404718846953826e-02
1.860796091088097459e-02,3.217346867530440635e-02,3.986641312852234192e-02,1.119147345978858607e-02
1.853918755913668698e-02,2.527942689233819706e-02,2.759470771813734430e-02,4.737863619468473536e-02
1.238308196978720258e-02,4.815643992376090338e-02,2.548076851910648088e-02,3.330573656935898602e-02
1.620130927127450340e-02,1.019735374842270850e-02,4.182816813104269643e-02,1.526483083344353300e-02
2.110144404266764417e-02,2.965439298062614443e-02,4.298149460612932238e-02,2.758040661145152311e-02
3.881569544323173332e-02,1.358642007347101756e-02,1.924662881171803480e-02,3.916946161125450104e-02
2.656992283941361777e-02,1.055730805072805333e-02,3.717756236068044812e-02,4.267320396834784618e-02
3.998579673165824494e-02,2.525810364466581776e-02,1.656017620149846659e-02,3.924044002963573280e-02
1.016322282951889408e-02,4.377219352805011149e-02,2.117037811417442350e-02,1.730990539834231789e-02
3.174686677931685963e-02,2.423395154267422857e-02,3.583587230410440611e-02,3.973751584994378999e-02
4.179128152090019060e-02,2.207870340481815283e-02,3.607379201304213717e-02,1.638325823425246935e-02
2.242947643424776649e-02,3.619505107670809713e-02,1.847995682858163263e-02,2.649540142664766340e-02
2.932930124635527852e-02,2.051399936352968356e-02,4.694611559480211388e-02,1.412756355417699866e-02
2.319687279348561088e-02,3.836444897375614754e-02,4.098176688576426335e-02,2.119477070049554518e-02
2.275045886813719526e-02,4.110314369286805630e-02,4.587703559505816597e-02,4.799414876722751799e-02
4.831781166075747175e-02,2.226806773614218443e-02,1.741906448290167497e-02,1.695032816499255496e-02
4.509328279055826311e-02,1.376502583441258087e-02,1.152985798275464081e-02,2.074569861167807269e-02
1.416463203612309228e-02,3.748849977327597949e-02,4.039163435374417549e-02,4.847783017204301131e-02
3.523519383456369392e-02,3.116564125227347382e-02,3.650662278357241081e-02,1.037371573398705726e-02
1.499317929630361070e-02,1.747994070951793336e-02,1.008434450750783813e-02,3.263447759345586979e-02
3.378225017581436285e-02,1.827482243928896938e-02,1.506646754927116680e-02,4.632268994460784356e-02
3.425609763911605099e-02,3.646083424696674319e-02,4.907766402622262825e-02,1.218275410789480470e-02
1.105672644280021252e-02,3.120545287168992321e-02,3.358564830593558509e-02,1.628326971466316497e-02
4.056184396648899321e-02,1.544658021639154152e-02,3.602676456196274996e-02,2.264714953766047006e-02
1.259224029321620239e-02,2.879864884245451201e-02,1.331550804369243009e-02,3.037546802838510945e-02
2.908601701138675139e-02,4.363526741044367746e-02,3.604671527217179899e-02,4.885568918100868796e-02
4.684567983693922050e-02,1.893739807816797321e-02,1.577176916085408151e-02,4.870774040389212051e-02
3.536277059091943314e-02,2.208010567941399299e-02,2.225237180494259170e-02,3.491316188916640528e-02
3.720694764667003412e-02,3.029329181156820150e-02,2.927998334231513705e-02,4.465892995999253684e-02
2.285775667034228506e-02,4.955108304780601186e-02,3.195402414798233920e-02,3.391146544760575282e-02
1.554716592531022248e-02,1.557824412480661273e-02,3.189516804510662829e-02,2.424456098880619498e-02
1.726793870756012511e-02,2.954213086676993338e-02,4.607360973625667516e-02,4.215830337957904295e-02
1.665416359822556938e-02,1.933249233514251070e-02,4.901876237184955853e-02,1.931766689211672841e-02
4.474645910792539316e-02,3.364003358247696918e-02,4.546911476392710011e-02,1.764147363056415077e-02
1.543585829347059180e-02,3.474352028544825527e-02,2.191849850267791472e-02,4.317203083392764235e-02
4.716829917025723573e-02,3.101156862629080024e-02,3.991136906850230315e-02,2.408542305971583808e-02
4.205631412521307344e-02,1.521633148779120634e-02,3.277328043442096633e-02,3.301287969037135228e-02
4.028935450561888648e-02,4.939323843464395181e-02,3.788739103624539500e-02,2.816638981273235365e-02
2.605860948362814095e-02,3.591915815607256424e-02,3.738241575709716491e-02,4.596971504693826704e-02
1.450267992356470137e-02,2.301766369413299484e-02,4.354352773802884491e-02,4.142817545523994061e-02
3.082956015507178765e-02,1.051490370173948502e-02,2.799639479457090990e-02,2.645602089890140146e-02
3.010191125389689859e-02,2.047457163345699216e-02,2.395107060114621406e-02,4.963833624997444904e-02
3.940314734055955226e-02,4.243662244905262171e-02,1.843583490077269418e-02,1.834912843447652347e-02
2.758316802615760205e-02,1.660334807889623371e-02,1.516689460467839437e-02,4.975267533435977219e-02
3.623943972185713486e-02,2.469487773206415632e-02,1.709812320427255006e-02,2.477715703324115393e-02
1.081675565661103372e-02,2.129306011406877086e-02,2.734954636598234401e-02,4.366095492411191381e-02
3.817472677957938626e-02,3.111182691475936068e-02,3.644051671117989194e-02,3.629369616374526070e-02
1.504437006605935725e-02,4.066409041881367814e-02,3.692071975160787778e-02,2.904532104475663484e-02
3.414433827347677225e-02,4.824587252429932832e-02,3.367042446761105839e-02,4.102295469758852897e-02
1.074811296801463263e-02,1.147182862267033532e-02,3.204063118343529470e-02,4.678266787473339683e-02
4.006491521151745588e-02,1.935744966851536686e-02,4.969592543342574165e-02,3.809804109873819039e-02
4.986878216456026164e-02,2.855452924408950766e-02,4.401224562420863462e-02,4.069795073525724061e-02
2.707532121422095983e-02,1.910423467567926026e-02,2.045705810130066249e-02,2.761600071424740593e-02
1.695029461433579868e-02,2.342811151662074418e-02,1.158076608870702712e-02,2.636189391764520024e-02
1.704702586504423453e-02,1.190120252925853071e-02,2.803218041965471752e-02,4.431556387847736256e-02
4.207187910451017088e-02,1.501652536191169784e-02,1.546954660988115668e-02,1.352262161639884545e-02
2.393620363823754232e-02,4.221597454791468917e-02,2.306734474227286474e-02,3.607532142273048997e-02
4.033471302993639485e-02,4.096561647437129555e-02,1.073258567937581884e-02,3.782584148820163084e-02
3.035951870496957083e-02,2.619609233888298833e-02,4.408478045645038146e-02,1.716043833150546205e-02
4.129907096739468542e-02,1.450699668390637020e-02,2.947940402054816111e-02,1.180724523372147193e-02
1.849171593224402735e-02,1.721167091115093084e-02,2.737062032085704061e-02,2.694700805241037611e-02
1.992502543822647146e-02,1.251434295150724747e-02,4.506381434672468433e-02,4.629920083016465793e-02
3.968957181520024746e-02,3.934522759291634447e-02,2.493462943677008520e-02,3.537795550165698938e-02
4.983008942288123799e-02,4.750036292846196440e-02,1.363747152126528785e-02,2.988221498266260129e-02
3.015163539273680443e-02,2.444508583677222624e-02,2.692173071592185440e-02,3.305804921498536192e-02
3.933943345875499931e-02,2.825359275750728011e-02,3.834800690213156088e-02,2.920871435641769764e-02
3.959743640851470792e-02,1.349986146274073477e-02,4.312861730403968336e-02,1.577017132504258956e-02
4.863507625317706889e-02,3.658498852857070688e-02,2.002563660204336946e-02,3.420491408687176271e-02
3.042855935868411799e-02,2.596108187477984275e-02,1.840708559629187016e-02,4.693418648002183058e-02
2.658375588937134798e-02,2.073419434991860544e-02,3.706734259988564428e-02,3.825164272932261855e-02
4.233586642046658494e-02,1.604378336895283599e-02,3.620352948200453863e-02,2.098217045994423338e-02
2.932397631699554252e-02,1.583499408418957699e-02,2.607170852140713174e-02,2.572543501012861111e-02
3.649296524369403244e-02,1.015336196326008071e-02,3.302332550492289437e-02,4.910524619498243815e-02
1.463067575286336811e-02,2.875401347978015498e-02,2.681046841379239321e-02,1.207310939947476777e-02
1.940871741842175452e-02,3.909632735519080748e-02,2.743311544061637769e-02,2.457732959082217783e-02
4.177417566869680993e-02,3.702835271551078999e-02,1.398183267531066809e-02,3.504149302386936476e-02
1.616142960624857017e-02,1.236092319330682823e-02,1.408599879411173011e-02,1.265349637842611008e-02
1.521216285385542863e-02,4.870342522204777758e-02,2.078870377865893113e-02,1.141510380523389802e-02
3.790582449488002353e-02,2.371774592916865015e-02,4.305375615270425754e-02,2.839357344234182817e-02
3.569813707855713780e-02,4.351543270132580271e-02,2.305660957751112794e-02,1.421075505039016626e-02
3.887876831756505169e-02,1.656175801046246357e-02,2.593873675579229376e-02,2.355832371699575351e-02
4.268202361553379703e-02,2.235307037783326040e-02,3.153069639398362739e-02,4.230103928291269882e-02
2.672558830611790337e-02,4.150576377659299238e-02,3.040569323687924985e-02,3.092104716389845048e-02
3.793031596581472598e-02,2.403494793665101464e-02,1.565898365681885063e-02,4.170675849352439152e-02
1.548464772194102848e-02,1.754501659690988619e-02,2.303784825006346959e-02,4.307455240878150377e-02
4.008149068691526512e-02,3.186963893671982545e-02,1.064756579763773137e-02,2.444734916812404957e-02
3.639836466767329415e-02,4.416238525161020334e-02,2.420261408785853025e-02,3.719258953905824755e-02
4.548938484581115799e-02,2.568192036278514612e-02,1.748739579109830078e-02,2.921426416836178652e-02
2.451297459115048955e-02,3.680010513921982279e-02,1.095612623234199466e-02,2.134783384514793783e-02
4.754957828198871916e-02,3.852384967746635969e-02,1.246206245446259200e-02,3.856864440819382511e-02
2.795620502974187349e-02,2.302223051482773716e-02,3.793592469160590036e-02,3.593637843963996131e-02
4.178407120388203527e-02,4.730603176986344222e-02,3.020721746411754449e-02,2.024127540959588106e-02
4.999008880290876922e-02,2.192169124065423275e-02,1.309511191257271487e-02,1.461244274754989678e-02
2.642681564287556462e-02,2.618800759320269456e-02,4.940311446287957292e-02,3.048816992412177462e-02
1.260817780465351388e-02,1.590370996739409043e-02,1.658212040780178073e-02,2.449637361621070236e-02
1.242156372941314105e-02,4.216133602921917634e-02,1.304747104716956659e-02,1.045873690960333509e-02
3.316318193613705667e-02,4.774854725144354189e-02,3.679550721432379295e-02,3.959103350425904888e-02
3.569125242604911236e-02,2.964214539791164282e-02,3.936486378306591066e-02,2.055095111860021431e-02
4.815868822015673123e-02,4.298212584559253646e-02,4.419360781958380641e-02,1.153132960186744813e-02
2.170099278499130688e-02,4.489844625350680740e-02,2.143025633708112512e-02,2.587643910389497010e-02
3.846730089128423680e-02,2.754979246485358274e-02,2.094106484300329099e-02,3.459035506922874398e-02
1.928363527807678418e-02,3.578253478422563361e-02,2.765729530409730130e-02,4.499785643576312277e-02
4.674083644605852433e-02,3.200186583565176046e-02,4.611034018629347336e-02,3.241607374539804548e-02
3.012216107033009738e-02,1.227269436759700211e-02,3.311894900134719488e-02,4.498567426849623546e-02
2.907061870342007859e-02,2.661417730790419101e-02,1.501590620251156208e-02,3.841483638932574607e-02
1.293936963572921671e-02,3.676691281607922385e-02,1.927615869613671234e-02,2.267170328079881267e-02
3.888471368801697803e-02,2.329899570100530531e-02,4.591866932693049880e-02,2.789704164225748073e-02
3.621067947886821847e-02,2.592953398136443877e-02,1.715042451892308251e-02,4.030955918316548453e-02
1.468914170485716500e-02,2.070180057942139912e-02,1.867311714925597166e-02,4.970300948439335120e-02
3.797275778246646943e-02,1.400060584548555934e-02,4.749912679991968173e-02,3.267700255479148719e-02
3.388314324647689196e-02,3.306034718275388529e-02,1.041730729266436908e-02,3.445961308001244811e-02
3.951609496771716495e-02,2.141732122699883251e-02,1.728498871365590633e-02,1.474973491113719740e-02
3.893339330550450728e-02,1.724450302116200054e-02,2.352751960979618251e-02,4.403837407709482177e-02
3.517588754962976128e-02,2.295603450546461477e-02,1.268421532976103314e-02,2.036512979527108427e-02
4.217880703248457624e-02,3.720027007980730022e-02,1.529097847037779768e-02,3.075340270074399668e-02
3.522469254350351492e-02,2.869811396163110540e-02,3.439673155759640638e-02,3.435465354333207266e-02
4.461321025623301434e-02,4.932800870382101494e-02,2.570751586167421138e-02,2.310827744669922620e-02
3.915452771927445397e-02,4.971189088609503232e-02,4.058392047078670378e-02,3.995229311362848840e-02
2.816880106700034997e-02,3.859010699192055166e-02,1.822973610310289067e-02,2.693098794098866544e-02
2.090373845003391101e-02,1.334451376898825210e-02,1.015808427573560921e-02,2.079210814759009651e-02
3.774188875590139824e-02,1.175018671532565388e-02,1.987214730854389155e-02,3.172067037569052672e-02
4.248195963519531271e-02,1.630780703592510719e-02,3.362805307663544602e-02,2.400215289202634050e-02
4.658888538109684507e-02,2.996194592916445743e-02,1.544158175985649306e-02,3.953671849603174887e-02
3.807799853347073465e-02,1.852959132727223512e-02,1.057536567199747132e-02,3.097414216897879935e-02
1.862120601011692245e-02,1.405068542347586574e-02,3.805968699725647414e-02,4.734926862568508005e-02
3.236089843479972306e-02,4.424681356633376056e-02,2.189895952328387019e-02,2.197900466861999261e-02
4.110256448845998195e-02,3.648809145400627729e-02,3.259919898274605404e-02,3.517019980758268743e-02
2.702927903696365070e-02,3.868944427381016543e-02,1.847060717653115081e-02,4.086637825139255442e-02
2.033822168668397712e-02,2.180344405688219162e-02,2.554029381553507561e-02,3.647748928448856648e-02
2.348663014219004586e-02,1.510205047644372356e-02,2.771785403305015300e-02,2.805406260084221393e-02
2.496626037933916825e-02,3.060078932997951223e-02,4.914663867476765091e-02,3.014455071949905668e-02
3.011489612825723333e-02,4.965889836706163796e-02,3.983879193378912775e-02,2.247672013446371658e-02
4.890194601522284551e-02,2.789672813430092713e-02,4.823675590793918139e-02,1.289361431026332140e-02
3.259689099895545644e-02,1.529551772925828723e-02,2.543949632115107690e-02,1.156059087811128067e-02
1.259109688326509775e-02,3.203544941445793381e-02,3.517582500481642588e-02,4.296893983822049068e-02
3.488011743596140801e-02,3.846370484819924829e-02,2.722025298683732053e-02,3.981134444479395712e-02
1.364570989457281058e-02,1.950541863273558274e-02,3.820204914273546415e-02,3.030999867760165306e-02
2.447179377429545971e-02,1.822675151266429233e-02,2.522537306522846037e-02,4.776621072446762817e-02
1.966404379653530904e-02,3.941760436212781576e-02,4.309387687289960994e-02,2.117959503220179923e-02
1.681071116059385320e-02,3.864521924858993485e-02,3.766757199456884780e-02,1.341081485932870895e-02
4.713498139152571403e-02,2.223388285459704933e-02,2.537442072437878088e-02,2.298071163074417306e-02
1.634977486297270119e-02,4.299367665203014666e-02,4.651092384227940163e-02,4.571197244672799143e-02
4.167514232962196002e-02,4.787550545043967737e-02,1.088270003419192916e-02,2.628303548149504842e-02
4.795124132693422137e-02,1.751628692124289344e-02,4.128206938462330999e-02,1.195254519873561842e-02
3.513028870527889341e-02,1.838612410199579050e-02,3.443099758963185514e-02,2.369183290874309761e-02
1.398413134775661898e-02,2.822246129782648300e-02,2.288751270402403226e-02,1.957300252347585895e-02
1.416210754881262399e-02,1.307652933262717226e-02,1.897548525297104716e-02,1.662627344063034515e-02
1.871499581369922768e-02,2.947022252154717081e-02,3.722871892154418910e-02,1.637247737809836151e-02
4.567796703899926203e-02,2.472045797029805148e-02,2.976806096192897294e-02,3.678295583091139437e-02
4.301691411328906200e-02,2.370459834424206574e-02,1.396923252403893187e-02,2.957385555126228888e-02
4.865757379247821063e-02,2.677026528797192551e-02,2.232448495905620459e-02,2.156298197356543503e-02
3.478048062452902128e-02,2.200505074430529964e-02,2.373467640458001154e-02,2.834264997083045523e-02
3.696346035962130849e-02,3.799220638893382324e-02,2.363450441258638929e-02,2.561780073521591899e-02
2.165066957816225851e-02,3.551361037722564062e-02,2.524429112729621033e-02,4.499240806226204731e-02
2.813152453576260592e-02,1.653816339921750436e-02,2.199477799710695264e-02,1.645229979121558272e-02
2.448745939321883211e-02,2.840073076423932363e-02,2.044351990806868996e-02,2.475935336320145286e-02
4.687596913567799312e-02,4.605396330402625887e-02,3.736187388307369434e-02,2.240537365567081551e-02
1.057601629083374656e-02,2.735518960949326339e-02,3.253269844408336608e-02,3.395138421862016476e-02
3.907958097415727833e-02,3.328667393266829949e-02,4.881406382208950540e-02,1.948350259438490911e-02
4.817655016883002489e-02,2.517165166880623584e-02,3.793848259830535224e-02,1.046144639642957938e-02
3.747819142019846728e-02,4.322460433469420271e-02,1.051572689021889294e-02,3.828606516712749347e-02
3.738050968469164986e-02,2.542706100044237957e-02,4.501753572467766945e-02,3.447550289796340317e-02
1.216419765267923864e-02,2.394591444722809701e-02,2.246930972415494762e-02,2.151478322144653732e-02
4.814883088445794795e-02,1.722712625961677485e-02,2.149254396128413153e-02,1.166016856090553583e-02
3.236958469440408270e-02,3.775214606621321578e-02,3.845452849832348141e-02,4.016902577449640854e-02
3.608493798387964885e-02,3.554195352366877614e-02,3.971077313860011532e-02,3.665839607410498191e-02
4.260088601780772505e-02,2.525420529535453429e-02,3.623760070670534877e-02,4.754851736025491465e-02
1.187898963157711131e-02,2.516154453868987839e-02,1.680091208053247076e-02,1.251206867955257859e-02
1.457284007378785787e-02,2.092155103860246501e-02,1.572256972749205145e-02,2.873867046231069061e-02
4.365997787762317117e-02,3.156206771206690465e-02,4.861553354455735304e-02,4.986037094365712574e-02
2.710742926468211883e-02,3.464397952956495275e-02,1.884614140764012680e-02,2.859676641997410673e-02
3.042152113786680129e-02,1.850838196818716669e-02,3.649177954893216558e-02,1.655421135536873367e-02
4.243016633217920608e-02,1.279373312572723749e-02,2.197994287866904262e-02,4.798819778425934129e-02
4.827076431239702564e-02,1.867741892769407552e-02,3.195782634997979682e-02,3.703575323021617710e-02
2.524674359735478921e-02,4.889140601080874116e-02,3.830759823128570413e-02,4.184964934622657090e-02
3.134700458111521620e-02,1.011314603395151689e-02,2.433528775567532498e-02,2.694303042798024128e-02
1.499895918447436555e-02,1.417650522275970201e-02,4.581750672350640846e-02,2.564639401888522963e-02
3.799718076002726874e-02,2.461325101944637425e-02,2.077525564684965659e-02,1.627778268092492167e-02
3.646719770622174062e-02,1.154814793058451736e-02,4.415048467699574791e-02,4.128419619725965523e-02
2.346030765629365800e-02,3.959612396267093298e-02,4.406696602128222506e-02,1.923131294821772697e-02
4.124181484553358923e-02,1.293059793199483921e-02,1.510340803878315249e-02,1.585268037122759474e-02
1.300769131969405253e-02,4.599726676369213230e-02,4.545571935148119691e-02,1.072800887893825619e-02
1.303196642272839816e-02,4.186167921773643885e-02,4.848374120184813924e-02,2.224715865030713752e-02
1.451914453132645624e-02,2.530372250006637097e-02,4.609343906838345162e-02,1.586720805385031033e-02
3.241292946684219689e-02,3.656051311326412312e-02,2.774387815810314822e-02,1.900729449069295945e-02
3.729104269966245638e-02,2.258064922275596076e-02,2.916694732949545038e-02,4.669100933065510606e-02
2.198717342048338297e-02,3.685656980558963541e-02,3.694790286222617709e-02,1.227227075524279717e-02
2.808616905381693812e-02,4.257657405885974244e-02,2.307301015934418512e-02,1.568959407773667589e-02
2.180529176919096535e-02,1.409735637227539813e-02,2.052789073945580911e-02,4.723967717662540255e-02
3.719701152815493156e-02,2.437509454403929271e-02,2.295454833011682794e-02,3.585331365240090884e-02
4.495984838991842758e-02,4.281788903624316606e-02,1.239910417203406515e-02,2.879117847697772181e-02
2.858621967485706905e-02,2.772862171829346134e-02,2.407789964708331731e-02,1.198121407934535712e-02
3.687648305011662075e-02,2.402449306534403667e-02,4.302129624626661181e-02,4.262911473120192113e-02
3.795710462163420090e-02,4.373422763304178618e-02,3.130494449866235568e-02,1.600220144096512268e-02
3.268210972277054566e-02,4.546614224565380391e-02,2.327805701048901027e-02,3.538082875211884248e-02
3.390775137148820811e-02,4.765200409059989345e-02,1.871286798403738044e-02,3.652072797087382167e-02
2.382540485768134403e-02,4.341444570351077337e-02,1.156644507168098739e-02,2.712193085182053320e-02
4.287328442556043173e-02,4.347008413223097528e-02,4.217879388143230823e-02,1.326229409110151088e-02
3.234245239806604610e-02,3.593319021481140157e-02,4.208379062521146186e-02,2.806294277222744216e-02
2.115802484348859591e-02,3.431087827563518433e-02,2.697709289691925527e-02,1.365158132116406874e-02
2.314766258348737935e-02,1.904481733088794759e-02,4.214923968033269797e-02,2.498820242691513621e-02
2.396970414654529119e-02,1.749152230282073617e-02,3.845052884304082236e-02,1.084578638705159526e-02
3.001833574927916665e-02,3.684365442822121195e-02,4.873614721929537402e-02,2.411369373013656781e-02
4.926834181669804275e-02,1.803168655286555011e-02,4.126589666910710635e-02,4.887568691293938533e-02
3.936976488966433679e-02,2.344791035045917446e-02,2.746954463763008614e-02,1.054093965569015585e-02
3.824809174485230973e-02,4.985400241897090801e-02,3.700314641234247331e-02,1.689180091902340447e-02
3.610677664879720361e-02,4.779575990709534344e-02,2.624679228012570531e-02,4.220296712997303329e-02
4.199464191608818370e-02,3.422832125714421470e-02,1.210653372456292967e-02,2.937492886321350916e-02
3.861234698994642223e-02,3.359420422843766713e-02,3.601313368296433365e-02,2.934702415593321706e-02
1.256895692269546956e-02,1.253824649820235032e-02,1.987840972929906525e-02,2.814473270958310624e-02
3.676744181465682604e-02,3.056890375625678086e-02,4.502413002073652609e-02,1.314699641445047328e-02
3.437727469000916025e-02,2.305055818257612660e-02,2.405701723588401370e-02,3.528536685659137279e-02
2.838234999903469641e-02,1.901231397531009948e-02,1.095555072810140002e-02,4.205583301289507470e-02
3.170546858839109333e-02,2.929342139102740494e-02,1.423595031595988741e-02,4.154030015823328287e-02
1.538727285514340272e-02,4.606909856634618800e-02,1.789854303875525188e-02,4.802672698806296353e-02
3.674648488611379632e-02,2.698612318858208819e-02,3.393798595742179153e-02,2.005351546257108653e-02
2.583482536889059045e-02,1.659475276752258796e-02,3.420532093133058643e-02,2.847951467181469160e-02
4.554408932225294943e-02,1.352794052966953611e-02,1.953057801050414946e-02,2.067087059120016959e-02
3.267850870700392957e-02,4.262378581493538737e-02,2.091021957610589288e-02,3.800460783709960072e-02
1.327896434473762634e-02,4.420449918136491047e-02,1.340589087998367811e-02,2.188356363885969602e-02
2.134554479255492548e-02,3.698936650942649673e-02,3.619592976234289883e-02,3.565779236825993709e-02
2.784438870240098923e-02,2.923363490547101207e-02,1.453466114849717890e-02,3.734859790206458696e-02
1.222642890315092309e-02,1.686801669742916260e-02,3.984519057607547460e-02,2.363502403692824966e-02
3.748432027735217054e-02,4.476734054444425626e-02,4.656404704964651337e-02,3.169247746746195471e-02
4.015596815709784190e-02,3.441114771153557655e-02,1.127996710588330051e-02,1.649742057872197881e-02
4.833493434370665642e-02,4.410660816941985862e-02,1.698677550310593448e-02,4.879251026151767978e-02
4.339070287709319990e-02,3.145804195462051367e-02,3.769929417414939754e-02,1.306317767571784499e-02
2.558305680023676212e-02,1.421628589069868012e-02,2.462410478428290334e-02,2.993619744854730813e-02
1.879447599011162956e-02,3.890348510345649491e-02,4.475978056645759512e-02,1.674016628094419229e-02
3.697274713861405798e-02,1.276389026649036966e-02,2.723789378034116582e-02,2.122691957519303937e-02
4.122707720301321127e-02,4.350897289037972127e-02,1.460773262705077763e-02,1.258295771819119974e-02
2.947962393612341137e-02,2.134022068964354368e-02,1.065299587114431484e-02,3.566784032586122616e-02
2.676177429382996936e-02,4.955745034230865653e-02,3.119312604602785671e-02,1.749074966756728605e-02
3.103845348525430259e-02,2.509205295414494719e-02,4.566473059432690079e-02,3.409522505282158028e-02
3.037012189065870643e-02,2.750349898627722084e-02,3.900080037147315298e-02,2.505221341600823159e-02
2.865745944739258450e-02,3.357825191194277470e-02,2.645038565566898425e-02,3.946420126123654365e-02
2.722356872290327551e-02,3.308116002021480040e-02,3.535111445204616731e-02,4.322130302823423698e-02
3.967479426878161436e-02,1.603179626982415007e-02,2.477954964868121432e-02,4.626242514727354344e-02
2.613285551798771866e-02,1.977496845772693662e-02,2.305164517508145536e-02,4.216458797584754503e-02
3.984452208484042662e-02,3.235758152535312543e-02,1.252772071923713947e-02,2.571432005989394975e-02
4.677285923448363386e-02,2.650198929406204218e-02,4.813874175707269498e-02,3.508719856045661861e-02
3.418167965477152820e-02,1.081265238723588991e-02,1.988779934047201284e-02,3.108307943875479595e-02
1.552969791504796651e-02,2.507063354027490309e-02,3.286310336987496861e-02,3.875553209261752008e-02
2.476196004653972993e-02,3.436250549841354807e-02,1.518052842832448741e-02,4.578361583748378344e-02
4.844339169042505278e-02,2.380505723593896727e-02,3.096808638653770346e-02,2.007504756817199074e-02
3.228646936919216809e-02,3.325602316272158882e-02,3.518180874247993362e-02,3.732098954464369706e-02
3.748928419701203635e-02,4.920758151126659180e-02,4.355723509086795175e-02,3.314276339993153797e-02
1.249974820195867871e-02,2.128022263815632781e-02,3.806432409455666466e-02,4.052072382298225334e-02
1.273953367546949537e-02,2.427440649191901778e-02,1.076429756310228088e-02,2.130867096634072450e-02
1.655243648108288210e-02,3.898377864787189867e-02,4.067421707063242908e-02,3.100967934331185644e-02
1.387177825360269567e-02,4.815596647871318164e-02,3.315317685947333226e-02,2.800105151121198149e-02
1.139493746355573975e-02,3.544142088413296254e-02,4.868105207461380368e-02,1.348119498641342506e-02
3.477571894143940967e-02,1.166536540398484256e-02,1.141875798034032788e-02,1.767190120991576213e-02
3.156220850324500254e-02,1.911126169950638082e-02,1.463160948339292666e-02,1.651395410792575597e-02
4.270414392478558835e-02,3.935297064916315479e-02,2.057784079216005285e-02,2.971815195261734432e-02
1.606678323959157689e-02,3.938282044858255893e-02,1.425338961604043914e-02,1.665231326530873177e-02
4.325686851694688501e-02,3.800732188218070712e-02,1.051920363860565748e-02,2.873221272688205458e-02
1.330953843448221506e-02,4.623894164755369685e-02,1.601357822512316370e-02,3.974112964999765296e-02
1.137631833469059800e-02,3.705083100071514951e-02,2.126750321413925157e-02,1.783201665491983279e-02
4.642004077547170343e-02,4.436437030866389325e-02,4.657250439641373585e-02,4.481936200520760666e-02
3.288175285134307263e-02,2.170715290042275064e-02,4.663135220490438604e-02,1.456459355756183419e-02
4.358813386145573426e-02,3.382803321033430594e-02,1.975425175527155755e-02,1.722468379188076340e-02
2.483440223418406645e-02,1.195715231557404647e-02,4.401702142255812383e-02,4.812444746531478745e-02
1.097369330369895972e-02,4.149653530062910600e-02,3.848175069329982934e-02,2.343187588830545481e-02
3.737719906827673133e-02,3.868560917507798957e-02,3.610535172278458993e-02,4.427485231509432906e-02
2.614667186539255950e-02,2.538863844607925149e-02,4.196710797584266017e-02,2.025670567068173222e-02
2.064385461969255736e-02,2.792332872313696424e-02,4.160741285089889635e-02,4.030091872762887190e-02
4.957857744123371491e-02,2.631087463852108121e-02,1.681576038847039378e-02,4.997558195164576028e-02
3.549255869945994873e-02,2.308601588798217877e-02,2.791078728089082389e-02,4.938871241009534091e-02
3.430080102751564136e-02,1.224991759891969068e-02,4.876550914035864687e-02,1.293013792025284915e-02
4.037027263119653125e-02,2.870215262067017659e-02,4.015820533149155880e-02,2.049989317797068500e-02
4.597393243335904517e-02,4.570419553257534101e-02,2.331588814097659140e-02,2.427221295297018328e-02
4.361447945868832804e-02,4.196335280900505976e-02,4.045688226633464835e-02,3.095628461556024918e-02
2.881418184909220748e-02,2.071157768161449586e-02,1.663910436410325280e-02,4.392372974397452945e-02
1.070472695490200937e-02,3.379335845501951069e-02,4.809618049615827645e-02,1.254591603066923175e-02
2.871247488343281473e-02,4.642573414559688499e-02,3.097713343674861342e-02,1.571890950486905594e-02
1.277644792787233606e-02,2.981267350197592397e-02,1.316083492990062151e-02,2.207601810323375074e-02
4.879772681164688819e-02,4.011812156727387335e-02,1.086573585703315067e-02,1.130988309492460264e-02
2.663369482416649836e-02,4.393454699271649722e-02,2.961067634324878600e-02,3.798084209344990136e-02
2.337771274998332385e-02,4.305106744294628918e-02,4.556015435013490572e-02,2.003406703248684223e-02
3.162189711683800752e-02,1.980230527972531157e-02,4.398338436413308516e-02,3.847318334939371642e-02
2.290270256474161853e-02,1.069565044305475707e-02,2.057499495186089489e-02,3.331349267299507644e-02
4.367560274000065190e-02,1.938528978582067241e-02,2.472517642443931157e-02,2.249362175697652150e-02
1.291357008752704559e-02,2.352392662979396407e-02,4.020104735185816430e-02,4.279082255446014366e-02
4.924869072345683385e-02,3.133866628971766766e-02,4.661193321621047436e-02,2.125587040359330770e-02
3.300389711403301646e-02,1.414154773155404735e-02,4.294484776027580886e-02,1.312004506283384435e-02
4.070611130657392912e-02,1.670208420773057478e-02,1.644677988653954828e-02,3.556808562172307508e-02
3.233876689859736114e-02,3.252167970252235057e-02,4.804348165362179457e-02,2.318708472959282729e-02
3.578109879616794137e-02,1.946049325094678997e-02,4.643310671867809797e-02,3.156839219966290494e-02
4.868936643388412783e-02,1.072861676569405488e-02,1.344916994231669556e-02,2.700593265193605014e-02
1.118995181144553409e-02,2.861452250627877919e-02,1.198392250798515843e-02,2.864336846300030714e-02
3.875365632630047713e-02,3.817289429133659956e-02,2.096364566926391115e-02,1.692311896263229420e-02
4.541401318904621925e-02,3.677555571986589750e-02,2.627760814709918097e-02,1.790527606593929344e-02
3.368577901106740297e-02,1.233915048346070388e-02,2.005143874587772546e-02,2.439057235321911987e-02
4.207895548652889478e-02,3.443458498479298052e-02,4.673869354633067297e-02,2.681872769184048821e-02
2.916373257557472454e-02,3.877785524447117937e-02,4.134839469385403338e-02,3.590276572103540120e-02
2.886165616766796921e-02,1.093209249422999983e-02,3.861553100280565309e-02,2.807651562402328771e-02
3.565903427820776850e-02,2.744640137865161922e-02,1.961326988833467927e-02,2.614019103266912447e-02
3.545659399053019412e-02,1.973567759371594454e-02,4.239680998358105746e-02,2.674087518552687587e-02
1.652354774651043981e-02,2.754176798342040239e-02,3.209545080681020651e-02,2.902409164491680932e-02
3.142207378685799024e-02,4.809828450709432990e-02,4.713000424405157374e-02,1.226296922245413701e-02
4.050377716326510752e-02,1.625949448187988949e-02,2.334683002687537937e-02,2.777273185952512657e-02
4.310594135703475077e-02,2.626125083659294063e-02,1.218502608591021108e-02,1.485836806072919278e-02
4.130694048362888032e-02,4.741615884517914881e-02,3.294270703002778744e-02,2.815958057383855656e-02
4.589440864325934621e-02,3.239481507779585351e-02,3.842671702859037225e-02,4.820431822514235909e-02
4.128689751398281066e-02,4.380311793610860982e-02,1.843794681975374078e-02,4.343158078182410980e-02
3.189404476124402255e-02,1.654096095263452373e-02,3.949005424710246015e-02,4.445332565945408348e-02
4.710257724638190757e-02,2.115160395712813515e-02,3.180967726330988926e-02,2.995670318815327887e-02
1.419110267814095543e-02,1.231461092884050292e-02,2.330383280551947753e-02,3.722789942902233334e-02
4.889289750952239416e-02,1.970528244732454304e-02,2.962484493886537867e-02,3.354470844870000024e-02
3.571565749152381258e-02,4.297041725664596523e-02,4.085721039602706328e-02,1.239577728452766724e-02
4.674997730803207713e-02,4.272918972900936058e-02,3.941544211997458080e-02,1.635778128406456533e-02
4.301490687108926875e-02,2.656449275362547657e-02,2.514024472934622140e-02,1.285734418891819851e-02
1.190118894283334096e-02,1.796395856307598723e-02,4.518328080739844599e-02,3.317420166571642681e-02
1.090046611068922963e-02,2.939922997540604654e-02,1.378621870966610305e-02,3.397779977723758976e-02
4.305588743989401807e-02,1.681750987822956678e-02,4.053556718956261712e-02,1.317718422444651150e-02
3.444489572455924908e-02,4.322885793801026222e-02,3.811179486828965984e-02,3.388736251848423198e-02
2.160490916798398636e-02,2.050443421780375960e-02,1.642135866383399520e-02,4.577270965462369029e-02
3.380698494388290759e-02,1.810694588724261894e-02,4.459567652981598351e-02,2.209842744770685458e-02
3.771735371364854511e-02,3.011434958787884836e-02,2.614995830543866140e-02,3.365927315854620738e-02
4.679748550938910012e-02,3.494906262002515918e-02,3.824243880298997672e-02,2.317792262666889397e-02
4.537014220473473830e-02,2.796378069887342499e-02,3.687250900367808337e-02,1.868999293904891057e-02
3.975881819500776820e-02,1.537045602904123578e-02,3.242759096577445266e-02,4.241642902473008458e-02
4.949239407197886936e-02,4.128843819040046298e-02,2.967266258016747205e-02,2.066719344485602045e-02
1.328364286531382409e-02,2.943909567364397933e-02,2.115354302530243064e-02,3.025724840259820525e-02
4.280540318086353130e-02,2.473453721306231173e-02,4.703731594610470468e-02,1.368051204834511148e-02
1.463219857013031873e-02,2.791683125169479307e-02,3.442203703225574229e-02,1.583905457457100013e-02
4.920746105491274891e-02,4.237697868098266873e-02,1.784695995654988696e-02,1.266064915209366877e-02
4.796549786650480818e-02,3.487721314877659934e-02,2.930462430069390167e-02,3.284166025010470946e-02
3.790215233663506850e-02,3.232536753593796830e-02,3.789915203927815557e-02,4.171182858929884524e-02
4.571763101515128463e-02,1.205102987186896200e-02,2.194282141816541673e-02,4.191516622919687352e-02
1.103435547358349970e-02,2.063427357299868134e-02,2.908677264835333315e-02,3.825368850090778844e-02
1.396255410086290685e-02,4.746294372721695382e-02,4.038316088515649799e-02,4.392962744634804767e-02
2.899070332236943631e-02,2.008391956838177783e-02,2.242438392391199464e-02,3.762914599310679398e-02
2.208115874215084429e-02,4.506829263022903848e-02,3.784040241502253238e-02,1.204296874061978537e-02
4.600891198361890810e-02,3.361951327088347208e-02,4.583482103761313958e-02,3.149838083220381224e-02
4.034039276683790143e-02,3.871687368639958882e-02,2.547999345782461095e-02,4.124126870503718595e-02
2.124874429254600822e-02,4.251762972777217708e-02,1.696274983519894392e-02,1.269774696784263524e-02
3.046688687952029545e-02,2.821040902747136425e-02,4.262055414223273747e-02,1.976516370587576982e-02
2.094826647483535170e-02,1.213545879790394605e-02,1.319316936994128012e-02,4.750177420482908780e-02
2.114739349255225984e-02,4.324863458898372398e-02,4.367679349950696205e-02,2.436709412015284834e-02
3.292806830216343794e-02,1.768798335260482121e-02,4.490590741029232280e-02,3.943527206439629423e-02
4.565092411839508785e-02,4.120322716463593188e-02,2.835907635374298325e-02,1.285087150725682838e-02
4.627388511455213238e-02,2.539337911441744491e-02,4.930354697124220142e-02,2.059064085483649359e-02
4.317240572270714810e-02,2.983877308794399136e-02,4.118040865418880897e-02,3.898966564201832019e-02
4.997989416534869000e-02,2.081493180081587374e-02,2.375222819540246527e-02,4.556174475093910381e-02
3.255459323836046304e-02,1.355665846439405367e-02,2.069958615274494762e-02,3.605149917931015774e-02
2.077711142259726362e-02,4.011404162276552277e-02,3.162654502644882126e-02,1.324662650614718586e-02
3.356843779936369981e-02,4.580491201046622829e-02,1.534817471807443934e-02,1.150876580291547435e-02
1.397364936156835977e-02,2.823007840346130476e-02,2.835412336635241559e-02,4.667519548057866979e-02
3.249057214962743079e-02,4.605083289019056003e-02,2.836573903099733063e-02,3.105795906773691634e-02
1.408654546340115318e-02,4.183247977958361175e-02,2.888792336812314593e-02,1.393302163165339828e-02
3.483242379300808406e-02,2.943555987654278283e-02,4.600087192636546224e-02,4.181312500160570128e-02
2.966672333069311079e-02,4.045626058898104532e-02,2.300031689973436322e-02,3.408294503877679071e-02
3.135028594934422680e-02,3.125033126811982420e-02,1.687978137815384846e-02,4.703349927132616931e-02
1.127757984947845744e-02,2.575945063331085139e-02,2.729459842006256437e-02,4.005489029145301028e-02
3.764000378582477851e-02,4.660988131336066265e-02,3.291804784968870023e-02,3.124733117885648837e-02
3.212664071205593996e-02,4.121608668384178081e-02,2.336324924623637070e-02,3.560789962098308281e-02
2.903086015156203931e-02,1.625005531369420886e-02,4.797642170637079345e-02,4.576768471410773420e-02
3.171499223841194037e-02,4.982306864729008078e-02,3.044189710202795801e-02,4.980658140506784987e-02
1.456536151436727509e-02,2.706451894792400586e-02,1.906490728988209649e-02,4.175317483331256185e-02
2.867128118087793748e-02,1.286574781471010176e-02,2.037646785213889991e-02,2.464690743409271578e-02
3.656849952728852965e-02,4.719372451808040436e-02,1.956269609716372246e-02,4.238029286498569415e-02
3.719516302715716871e-02,2.779660659126000771e-02,1.312032478358689247e-02,3.047582885340383713e-02
3.017355558594394388e-02,4.859756680654726824e-02,1.350440527358427040e-02,2.852606333527173826e-02
1.678166330416355073e-02,1.765548011180628069e-02,4.445883529828176944e-02,2.327903675642409298e-02
3.515657465668375198e-02,1.695120587592241143e-02,1.203887445720290550e-02,1.650085547261500446e-02
4.609597788347869624e-02,4.846792527854468235e-02,3.939466663477066838e-02,2.520908740458324346e-02
2.994777717408527579e-02,1.546509095876080070e-02,1.121277353145427695e-02,1.132402732694567406e-02
1.125218914755540464e-02,2.744216279452200286e-02,3.039933772087276276e-02,1.725703848920715974e-02
3.002427501780149249e-02,3.930874069283391697e-02,3.003985138678192529e-02,4.213431364868494566e-02
1.970761859196326973e-02,3.183533236647480280e-02,4.106792873589014403e-02,4.441430376065466645e-02
4.098129718318999082e-02,1.640790056544745232e-02,1.639747805563996491e-02,4.387745193096392188e-02
1.238573172259801319e-02,4.207003917186181996e-02,2.850841273285949218e-02,1.632398416271772790e-02
2.078436734969793531e-02,2.776387600572183950e-02,2.781437363411624203e-02,3.682415019870223516e-02
2.546071192525562604e-02,2.759962327239632446e-02,1.632912072943656923e-02,1.840204200004618915e-02
2.627974571524720193e-02,1.672431946612766909e-02,1.855793420217832432e-02,4.665863455296653806e-02
3.984278517487757632e-02,3.064105105106976895e-02,1.933667256384278416e-02,1.125103283640687714e-02
1.378832348960359888e-02,2.111529930564004162e-02,2.424540016815505961e-02,2.117049448665309086e-02
1.127591449808663243e-02,1.317723577732590051e-02,2.652552777336689843e-02,2.111274907831824088e-02
3.698891474937247154e-02,2.110840604291900832e-02,2.659888961286033249e-02,1.619846887948350744e-02
1.257732062844440710e-02,1.710866663572460644e-02,1.646862661524156612e-02,1.069630419742984700e-02
2.572768053377479797e-02,1.222646179801864172e-02,2.491001373621629447e-02,2.481893196776139426e-02
4.577641283059342980e-02,2.217958248893315415e-02,4.360261368415263572e-02,1.739241089109185706e-02
1.338302890836435763e-02,2.600936780870072296e-02,1.571368676003672554e-02,2.605229459402894077e-02
1.982029455993723766e-02,2.736630767569624145e-02,1.029411201345508016e-02,1.119481538565878995e-02
1.409204108038710629e-02,1.270102092851100282e-02,4.447993129137701313e-02,3.068951308694527202e-02
4.201627684951455416e-02,2.621121984886753964e-02,2.974378934647050471e-02,2.516461802422131216e-02
4.598390301306550659e-02,1.504097980771561434e-02,4.782004527045075754e-02,3.128757785902332167e-02
1.232998135752955311e-02,4.231463229551853805e-02,1.736813229342639223e-02,2.320612605688260333e-02
1.104866995809951173e-02,1.388811859711700653e-02,1.840372956758724171e-02,3.128937958109425516e-02
3.125552281174583807e-02,4.446590408882449691e-02,1.670708193088687316e-02,2.890610027224187889e-02
4.983277987566456235e-02,4.574529714226996391e-02,3.649437283359309447e-02,3.913877937437627158e-02
3.952274287156386928e-02,4.333112233318209966e-02,4.598391425550167610e-02,3.834662442096253843e-02
1.854420260490750177e-02,4.670522794635083991e-02,2.569989590786205674e-02,1.264433926123954138e-02
3.195305893697964611e-02,4.108193088357946221e-02,1.589587775326271532e-02,3.582460845725418674e-02
1.696881647367753237e-02,3.028309453533830492e-02,1.056776273548095529e-02,4.493359344968695518e-02
3.015942194205782634e-02,1.361817023184072259e-02,1.052110914176206460e-02,4.107908482403988676e-02
2.306435507539130597e-02,2.636985916629303039e-02,1.866512440304470000e-02,4.301028612068365925e-02
3.012595338316612775e-02,4.680571325043149378e-02,1.133339812062954602e-02,3.847176605450527975e-02
1.471158333953113441e-02,2.859259770241822513e-02,2.253090237523636824e-02,3.896246580361076295e-02
1.508258868890321666e-02,3.665338165052205860e-02,1.297108843299052405e-02,1.149681996791154098e-02
3.758946904571856817e-02,4.318474899201273087e-02,2.326199313011004244e-02,3.984189486930996005e-02
2.044130893462879281e-02,2.752856375394516220e-02,4.327865330484226281e-02,2.876144007599867186e-02
1.196741359153349199e-02,2.907712199214087384e-02,3.116388092150872841e-02,1.957976745621069908e-02
1.249279390273404754e-02,4.605761808497011583e-02,3.675332873871012263e-02,2.476979321858563399e-02
2.387777664799211469e-02,1.150381102320501003e-02,1.030602522081927076e-02,3.216467358622635692e-02
1.910915490057368826e-02,3.103538523848744374e-02,4.515392060895342952e-02,1.515210934584828098e-02
2.141662627692925841e-02,1.532306000271418597e-02,4.717798701900281777e-02,3.405929732464486187e-02
2.256859751164463912e-02,1.256673343516150759e-02,3.584118709624053989e-02,2.338794077194625634e-02
2.480070016556965365e-02,2.540973652863727505e-02,2.603612822972981022e-02,2.017344047934439832e-02
3.683278200201662439e-02,2.597361216786209237e-02,4.853918241646243414e-02,3.656786753876714591e-02
1.947054290228462936e-02,2.530494290337866742e-02,1.390952848326252114e-02,1.755417389984422274e-02
2.622417995789472905e-02,2.696987316290900411e-02,1.699040886558663560e-02,1.538134541782758269e-02
3.064529872984634445e-02,1.186030617667539061e-02,1.383295759027883438e-02,4.419198548614271943e-02
4.515894526915124885e-02,4.449107349198565264e-02,1.779556584657995127e-02,3.180698636147984842e-02
4.552881576952517301e-02,3.199828428634807903e-02,2.526562589188446201e-02,2.955418094879341817e-02
4.477513823846274860e-02,3.031955623093918889e-02,3.472867601156965495e-02,2.804342469123825843e-02
3.816817632791884990e-02,1.988051231653163720e-02,1.117002977608359642e-02,1.422931309394816213e-02
2.896638683963457389e-02,2.268661333539242347e-02,1.459188679811598485e-02,2.315919866599825544e-02
3.541811901966289422e-02,1.786706978750854380e-02,3.091977146456755671e-02,4.370343148648766357e-02
4.528036328971707380e-02,2.454942179372981981e-02,2.656069644594111906e-02,3.183718442344518618e-02
3.865731266740537325e-02,3.989503087387351321e-02,4.153477358915201589e-02,1.014575050618670218e-02
4.565649879878160705e-02,1.273200914269903561e-02,1.370127543791480398e-02,4.515159078806933735e-02
2.160233064018748234e-02,2.560919385438431908e-02,1.247064265425541600e-02,1.527392046643734000e-02
1.701190275687298678e-02,1.210909060966980193e-02,4.028842051364030230e-02,4.924171866550253879e-02
2.171983489755236266e-02,2.120542850708650659e-02,1.910423136010859502e-02,1.834314150114580572e-02
3.080315461225320572e-02,4.937411156961959979e-02,2.802756342018956209e-02,3.923641359450579652e-02
1.599381856214340467e-02,1.436016569456403068e-02,2.827533395996171400e-02,2.831060416715793643e-02
2.194262789236910843e-02,2.924969190576528350e-02,3.433229045461348716e-02,1.954127327326383307e-02
3.706199051059257121e-02,4.657172220852919681e-02,2.073805225628969420e-02,2.173471004223067465e-02
1.095606100959236641e-02,4.201699320724504305e-02,4.932971037830417849e-02,2.508899014576002756e-02
1.492446845377940617e-02,1.357770828957614688e-02,1.089184130493942200e-02,3.559236400296474784e-02
3.423157512265389418e-02,4.668288055263770941e-02,2.406289961210746758e-02,2.093199686364779002e-02
2.839692330525894065e-02,4.880674222728486472e-02,2.163091303594564391e-02,1.899149123693309044e-02
2.015774007437467000e-02,4.539360241289681908e-02,1.061253723501772925e-02,4.772565104020531912e-02
3.802793547158364595e-02,2.520865424856692794e-02,1.154415562604474248e-02,3.255971585428034387e-02
4.082941766695714209e-02,2.126172148645047791e-02,1.810942819604581533e-02,3.330998285008417159e-02
3.446066783609718492e-02,4.386977032765913137e-02,4.512426923056382655e-02,2.072076929755532759e-02
4.807275487547332110e-02,4.208274255388787938e-02,2.874024915015931103e-02,1.105001281630327119e-02
3.495254608622228032e-02,3.577928325521304714e-02,3.701155630602165347e-02,3.475069285275376313e-02
1.466305646241607835e-02,2.009376559572921550e-02,4.379412541284755100e-02,3.697337386082501232e-02
4.306187193943043778e-02,4.223145121416033154e-02,1.861273362907727574e-02,2.243348082089892392e-02
2.423428124552123170e-02,1.968650067404170700e-02,2.379799426168623111e-02,2.549965647300749677e-02
2.896223801382166035e-02,3.901595233061800477e-02,2.822887424063998812e-02,3.789705259835254164e-02
1.165791499385023661e-02,2.129756880243803899e-02,4.795218096776916045e-02,1.860114763514923025e-02
3.154963826314374081e-02,4.308221229242657074e-02,4.596909223295846114e-02,1.253098190609311206e-02
1.770474406477361845e-02,2.007707259856677737e-02,2.812843366996996969e-02,4.641834693880223656e-02
3.221156511495273933e-02,3.970462518734632629e-02,3.079348849686604217e-02,3.670146538419910565e-02
2.072059238812753307e-02,3.163181025624050430e-02,3.840397472952079144e-02,2.604190522445444522e-02
1.250817124907074168e-02,2.407605608151725668e-02,4.306511209599420825e-02,3.328186618264427493e-02
1.326082502233134550e-02,2.491626459027845852e-02,3.523791582924715171e-02,4.662567838426716349e-02
3.847707993554567302e-02,2.440416329581470561e-02,1.269252669351653151e-02,3.122713168336976874e-02
3.170995480660532273e-02,4.568639287480792677e-02,4.031039416804126085e-02,1.685862792549202085e-02
4.320516363056783882e-02,4.028325296486301443e-02,2.042706939539385563e-02,3.087653381732338026e-02
3.055501768866545481e-02,2.867456493507890281e-02,4.894502846484760639e-02,3.581730670518897680e-02
1.407490089365812103e-02,1.401899906862857752e-02,3.083097440968270153e-02,3.932377290642335294e-02
3.867881828815365047e-02,4.474387133942166195e-02,3.128558940831092927e-02,4.326497634622857719e-02
1.511034861238053258e-02,3.841030688650631797e-02,4.699579572910158459e-02,2.594406854337528295e-02
2.970527907110848131e-02,1.121396078134688501e-02,3.670394235928458454e-02,2.415369316176767256e-02
3.403326379738447899e-02,1.153536347005360355e-02,1.699719372692947567e-02,4.861589210542920786e-02
1.938212123560999200e-02,4.173889466468597848e-02,2.860940739825586915e-02,2.627030609134052563e-02
4.415911250802939669e-02,4.544450625795958681e-02,3.215360924377524965e-02,1.522383007357857101e-02
4.263167944259143444e-02,4.644825117491178934e-02,4.793766060066276258e-02,1.436159973403365250e-02
2.485151689664254898e-02,4.720331446743127740e-02,4.788893202757615181e-02,2.928571930179179467e-02
1.913451346248330742e-02,2.789049437033393891e-02,3.071477695751052839e-02,4.305405643436600871e-02
2.610743459312126619e-02,3.791049073442120249e-02,1.707970905230132494e-02,1.455649815516052610e-02
2.911598310692006808e-02,4.755306875618074691e-02,1.447503425691468518e-02,4.628963149170583352e-02
2.342977216489070327e-02,4.692532566090087953e-02,4.525410693528356121e-02,3.442813877419919483e-02
3.644219195584635917e-02,2.010843118715955474e-02,2.832838098958110479e-02,3.032876165790053535e-02
3.622090658721742462e-02,1.306887972967939182e-02,1.094956716111263224e-02,2.227931476307661723e-02
2.523746347423708181e-02,3.062772571960878376e-02,4.690887664262558682e-02,1.481027177384014633e-02
1.414553161041008644e-02,2.837113941406737422e-02,2.798179319134355691e-02,2.935404384755800622e-02
4.978695061947005507e-02,2.756954554367030408e-02,4.196001878465197704e-02,1.430255291348960997e-02
4.894121738708523406e-02,1.593581024837805935e-02,1.083841907004667870e-02,2.460600893678345502e-02
3.076490686480908010e-02,1.787308856268576829e-02,2.501104306865232357e-02,3.375444949520754745e-02
1.513080862723035699e-02,1.819218579672645525e-02,2.000980574292412356e-02,1.813898834927855225e-02
2.136219601385568392e-02,3.006460111296326704e-02,1.191405026749512049e-02,3.849837819570500058e-02
2.422066053336185271e-02,1.676840786602855349e-02,1.249272027334935586e-02,4.969820633704959134e-02
3.322662169867725279e-02,1.003206546945306296e-02,4.090468854953044353e-02,3.772032513495167383e-02
1.742755186074346208e-02,3.618787116860949782e-02,1.253882473205750192e-02,4.580191031868006968e-02
2.365880344318367634e-02,3.822452429656111178e-02,2.168365472399829547e-02,1.547684186129835368e-02
2.138122395089225511e-02,3.197317537427897538e-02,3.278110719928965106e-02,4.370627505579074978e-02
1.522994981435048939e-02,3.149812385147854332e-02,2.046251700358812584e-02,4.773122784511214800e-02
3.627218397219646173e-02,3.229202692405146874e-02,1.461617396976279404e-02,2.826316592669263911e-02
2.082760275756898039e-02,4.653482186904847606e-02,4.410150125421841150e-02,3.695758747662183236e-02
1.855853397063943547e-02,3.602573362504978699e-02,2.138234576511455903e-02,4.742548169440517769e-02
2.818393142870314477e-02,1.636032148383056301e-02,3.875397127996029617e-02,1.350432068013866088e-02
4.563740562631251468e-02,2.184386137975594111e-02,3.279702062079185854e-02,1.137789666889883408e-02
4.294296362990872307e-02,4.666177962087968145e-02,4.402879441280321826e-02,3.178743283571235090e-02
1.902607476643663684e-02,3.844970105838644431e-02,1.358183433072262560e-02,2.014591300050675576e-02
4.217405096419863525e-02,4.392151875931331328e-02,2.100270018768668825e-02,1.262847925644226300e-02
4.154559071936744091e-02,2.578503268201054466e-02,1.565237528176210285e-02,1.847836393431510210e-02
4.574311312762605053e-02,4.951752539907686157e-02,2.061076358425222022e-02,1.420528381718942287e-02
3.162441956106395308e-02,3.954322732398581758e-02,3.839520172330982556e-02,4.168659422350830951e-02
4.114583647243674064e-02,4.960142163539504184e-02,1.929481577599654468e-02,3.041416023077227887e-02
4.846844354327908833e-02,2.685767343791223283e-02,1.496149813544974880e-02,1.195083030107742597e-02
3.316576477612021706e-02,4.326086387725697896e-02,1.399906808903324945e-02,3.475375826424565578e-02
1.827509476586788167e-02,2.319043030390027793e-02,2.522075139626672735e-02,2.748653170346367081e-02
4.735890965779818856e-02,3.351714468908788269e-02,3.308079560563885468e-02,1.689789514989004093e-02
2.662244772464057024e-02,3.891977423931107516e-02,1.919180337436517114e-02,4.183858318081267597e-02
3.114707083191248227e-02,3.275778644728821049e-02,4.453491682748500491e-02,1.542223908762400605e-02
2.803272421348685511e-02,2.147915597342481622e-02,1.634379815763931099e-02,4.171218653987347758e-02
1.460198247328333906e-02,4.790101736823332290e-02,2.217979587731308197e-02,3.114876174622741023e-02
1.129086871869842100e-02,2.829381313910178664e-02,3.390499777373872509e-02,2.630533452276991035e-02
3.075539441689160297e-02,2.228733383778706487e-02,3.972890410172739278e-02,1.553321359056294981e-02
3.182594927308853017e-02,3.024490115856170308e-02,4.295478179159709781e-02,2.776381076124025821e-02
3.362485970335999524e-02,2.234487862380565154e-02,4.940913500423679133e-02,4.452164414910669138e-02
3.361926430213327960e-02,4.865621441103697847e-02,3.213362498117489086e-02,3.297785709770860441e-02
4.773810445428223331e-02,2.499980650483547839e-02,2.450641868741760404e-02,1.393974453554824335e-02
2.309718590987433137e-02,2.055451419884063782e-02,1.196147456395995484e-02,2.563937084150334778e-02
3.480944806374636213e-02,1.042722387278487151e-02,2.473363980017811992e-02,3.978540954316357736e-02
3.504992076351399338e-02,1.162462545197538027e-02,1.291778642091059165e-02,3.410162272732755739e-02
3.453028788270521426e-02,4.914054215231804940e-02,3.634283410489954486e-02,2.103102357846052192e-02
4.635840907778099318e-02,1.251904233994031654e-02,1.376503790640905799e-02,1.717820359985184481e-02
3.307246205641165698e-02,1.868947011408906081e-02,4.434090552398644441e-02,1.537452584851350772e-02
4.652691432839881763e-02,3.492919035108255771e-02,3.151086944051763317e-02,1.197873031910096954e-02
3.909562657879700476e-02,1.516574121267004471e-02,4.342686274090692966e-02,1.364566231122562624e-02
1.751296369671706890e-02,2.828076781437451059e-02,1.145390102234309163e-02,1.870474433319564006e-02
3.673667087500886302e-02,4.261753080334997057e-02,3.057700150039576598e-02,4.311853209224004307e-02
2.021843057590765047e-02,2.047991371501254459e-02,3.457861953975959607e-02,2.190719969178711590e-02
1.772991796492605007e-02,1.158430448742927069e-02,3.886029071026008558e-02,1.481642605551616171e-02
1.653023892332363548e-02,4.969518593034467913e-02,4.205643780183708491e-02,4.606105949314173026e-02
2.713466660714693168e-02,3.605384670646953615e-02,1.172847195588071385e-02,3.506674794193948008e-02
3.704148887056976647e-02,2.159322142518343285e-02,4.419841551681161218e-02,4.451313451170673535e-02
1.856137581717706014e-02,1.010201737847058780e-02,2.767769782612956170e-02,4.700633685837802417e-02
3.643734056743390404e-02,2.940022302861172027e-02,4.110339526989374020e-02,4.604161369925460073e-02
1.228935387183738119e-02,3.582567604419369112e-02,2.363120071246777726e-02,1.942205412133937020e-02
3.483713934974067700e-02,4.908888934371695434e-02,1.705811528763247209e-02,3.130638303418184498e-02
4.887105449255532003e-02,1.263084338174826592e-02,4.613908671501230213e-02,1.070318373121526695e-02
4.259652865845969805e-02,4.284743050418073074e-02,4.719089130352205341e-02,4.837509163581844851e-02
3.655825714376360891e-02,2.845608133776183352e-02,1.574796007849083024e-02,2.445119362178145572e-02
4.425871848482525878e-02,2.213513114347515770e-02,3.479829543978130157e-02,2.219560583978748974e-02
2.117788484480322489e-02,1.497447117132892289e-02,4.804627844874994474e-02,2.763975431437676322e-02
4.929142709506748044e-02,3.419235964805181910e-02,1.303009903801612135e-02,4.373015863477648646e-02
3.348810023716599499e-02,1.902415319429310442e-02,2.729740061678004315e-02,4.570125595309333655e-02
1.084388107839907509e-02,2.133868283525443971e-02,3.739410286834343039e-02,3.393818090161519058e-02
1.716619237893981381e-02,2.211866308789937202e-02,4.997004015899947360e-02,4.868094598846006010e-02
4.874405179626697948e-02,4.826813348733589859e-02,3.072485099961949628e-02,2.453707382189284150e-02
3.899414009848600760e-02,3.509468471912794568e-02,2.899697653552910787e-02,4.461353030999035824e-02
3.089857522278545432e-02,1.498102264150292726e-02,2.337925743596429295e-02,1.076312545837919757e-02
4.928616141699790343e-02,4.863467158753311675e-02,1.747554368711430259e-02,1.118056376520746784e-02
4.421642922295806327e-02,1.247391064146932682e-02,1.629901749219178630e-02,1.738113439570890262e-02
2.325518103771187159e-02,2.425651418018879429e-02,2.897614002305537451e-02,3.582050041909269622e-02
1.624900281837063712e-02,4.067540697094607777e-02,1.615044670631261836e-02,2.502134823162568966e-02
1.175968575018216181e-02,4.111468124439364435e-02,1.015580817144881055e-02,1.853948437677270869e-02
2.544061718612668221e-02,4.104021271761965073e-02,3.257491846474035863e-02,4.981269274616709208e-02
3.715495638379345822e-02,4.019192534500898306e-02,3.905225164461141596e-02,3.375017604870261811e-02
4.000731977792027633e-02,1.818056729576760303e-02,2.156730789370604751e-02,1.683333698098519321e-02
3.789281747230215797e-02,1.021522532910070641e-02,2.872115634085163627e-02,2.504150092001747666e-02
1.308246116706575715e-02,4.773196687587433901e-02,4.803288418179811614e-02,3.127364621072117185e-02
2.549479276348777523e-02,4.353776694289468452e-02,4.959955544036461633e-02,4.483971134862580615e-02
1.408136207911500626e-02,3.520601787839688218e-02,1.208008114664288306e-02,2.178936036131707416e-02
3.467816990997828891e-02,3.144384522087719652e-02,2.059099533754017719e-02,2.015187468705412904e-02
2.601412986242793851e-02,3.903912589639357833e-02,3.035686463686760456e-02,1.747176857872123623e-02
4.774065238076385942e-02,1.393995710157290221e-02,1.568766140175958945e-02,2.246669547718016524e-02
1.320010273827132256e-02,4.165684470064141137e-02,3.603786932994782616e-02,3.228944086846360223e-02
1.821943214479639778e-02,1.226889775228406226e-02,2.053332810213215343e-02,4.630947247016484192e-02
3.419587993828482331e-02,2.365714734472670194e-02,2.310308459702477279e-02,4.405792541613170327e-02
1.775073689493215576e-02,1.569621019910946713e-02,1.595526419279209504e-02,1.931039642648227708e-02
4.013186540159878468e-02,3.449193991455964947e-02,2.740846877812970483e-02,1.759599961508455379e-02
1.321126859509466622e-02,3.726929269487979507e-02,2.279264698390898181e-02,4.533619087845957435e-02
2.586975556675455423e-02,2.051864011154561768e-02,2.001248506937793048e-02,3.339493921944243493e-02
4.586419000909986582e-02,4.046946732542090752e-02,2.540140802891724392e-02,2.909421606221277573e-02
1.028952975859432316e-02,4.820060276485394618e-02,3.750710153092031568e-02,2.720370870057459145e-02
1.279220971613053218e-02,4.634968427024164367e-02,1.483073992651367731e-02,3.313423623867906703e-02
4.893289179668499495e-02,4.604555144440439923e-02,4.066705592543456288e-02,3.254403231733106472e-02
4.948953293404447645e-02,1.740981886605043674e-02,2.455116402720272997e-02,3.320694262590330459e-02
1.743377634822629307e-02,4.065210937376855654e-02,1.577272925226859759e-02,1.632621220426654779e-02
2.877946172621643345e-02,1.610222748718394964e-02,1.502216074661956273e-02,4.755283032042938868e-02
3.862229628766181838e-02,1.501337809366454570e-02,3.713408226874789775e-02,2.625397920779436178e-02
1.497032390738590145e-02,3.075577190747176559e-02,2.194874160849033182e-02,3.743953101803328132e-02
2.781652107574178467e-02,3.729189630621174839e-02,1.125123523461805247e-02,1.699789537004594425e-02
2.798463507705155340e-02,3.242510929045316209e-02,2.270401350391586248e-02,1.596114717380470518e-02
4.786011070878264800e-02,4.269234618889579391e-02,3.452833665020050430e-02,4.242676484495118416e-02
3.142522377004592499e-02,1.807584658542108619e-02,3.446852241359616570e-02,3.042501730235638163e-02
2.062502489646018261e-02,2.842970111324914784e-02,4.722008277678989285e-02,3.126875197314712973e-02
2.766832277203986473e-02,2.552708770276202604e-02,3.764598959020917096e-02,1.066815029936171375e-02
2.793251440088107690e-02,3.192890173171000767e-02,4.635674259386939750e-02,1.199839273738289268e-02
1.847937912741291072e-02,2.448987974861693839e-02,2.757861633235661469e-02,4.302649795179828984e-02
4.632338556022889964e-02,1.434057728131934474e-02,2.061873083453075878e-02,3.724795247321265740e-02
4.548773179035258546e-02,3.728440195812621899e-02,3.076347782700885464e-02,2.439411818376923530e-02
1.906856698942895056e-02,4.678140603819593013e-02,4.883217427210235356e-02,4.456268912358492956e-02
1.826091999873484528e-02,1.149045979968051946e-02,1.980082309869798593e-02,1.156823824429793063e-02
3.788923073940562297e-02,2.742175244205438678e-02,4.479435790009005797e-02,2.848704258456871696e-02
1.165346128076466883e-02,3.575788846296226037e-02,2.931270626605985558e-02,4.805979865779014953e-02
4.559929134728325784e-02,4.434455560657585976e-02,2.177060821728454831e-02,4.906547637154035080e-02
2.340706429235800759e-02,3.104991684484104120e-02,1.236620670571839456e-02,3.876098156833097247e-02
3.743805411600472505e-02,3.547162288115360274e-02,1.584867424583838100e-02,2.630110991565436096e-02
1.052033074107920976e-02,3.380369259678295268e-02,1.143074690374284649e-02,2.574577205513186445e-02
2.233379313909619052e-02,3.676255893463608454e-02,2.166599529388075346e-02,2.661521848225471831e-02
4.019130179917732720e-02,2.293366404794678487e-02,1.469940557837743494e-02,3.604529950549137385e-02
2.034803683400313035e-02,1.250158973798107427e-02,2.333565249962681401e-02,2.837853226813586566e-02
1.248799241307204863e-02,2.067516379560731948e-02,4.213182747589058058e-02,4.670514385044440692e-02
1.753037155315269324e-02,3.660625332144457761e-02,1.823803136097813804e-02,3.839973612062799746e-02
2.792971158987816310e-02,3.475020432584206148e-02,3.721187257595048176e-02,3.859631396168020090e-02
2.485242766811019549e-02,4.423929202445040648e-02,2.887545138516037224e-02,4.474072928822815653e-02
2.594703532720263328e-02,1.629932414556788112e-02,4.329716926515570635e-02,4.341615822910075556e-02
3.820318329257052503e-02,2.547139416969653944e-02,4.788478626442210090e-02,4.636402189428626835e-02
1.112092618688085774e-02,2.036284271670089560e-02,2.075635479861387411e-02,4.038762499450483656e-02
2.755698036999675721e-02,2.836486753106977343e-02,1.011436916993992130e-02,3.578175691414337001e-02
4.035422485170738621e-02,3.765202634306930723e-02,1.870691240026101793e-02,4.191999046200190621e-02
2.004526554958107470e-02,3.796691683856847493e-02,4.445383834833217113e-02,3.669374464335588976e-02
4.843108729827531184e-02,3.056294062405261885e-02,4.867952755786651015e-02,3.676832855683587198e-02
1.365208885046745486e-02,2.115672338572655714e-02,4.839618914849493775e-02,3.319483795752519589e-02
2.083104284642228049e-02,2.037352011494366483e-02,2.995134405685367235e-02,2.989082109203806958e-02
1.800447686723153501e-02,3.171956794114615119e-02,4.467102107838335362e-02,4.277609919603257704e-02
3.445449966099237843e-02,3.661176187292394107e-02,4.331063617203455285e-02,1.011207513062216401e-02
2.830174431774862970e-02,2.377846655392512956e-02,3.144245904755327975e-02,4.599821824818548649e-02
4.352026010559725128e-02,3.065756683147537881e-02,3.394843315405603190e-02,1.609187179771866261e-02
4.669723897627191950e-02,1.885181262463039506e-02,4.763822031033118631e-02,3.470435408861421989e-02
1.322710300933098784e-02,1.126304591593424963e-02,4.732232668274097970e-02,2.259455419577308111e-02
1.308568939501500092e-02,4.305572030369419351e-02,1.364250766867010703e-02,3.562978405488910483e-02
3.375866360515600295e-02,2.547336851503083366e-02,1.694426818274153909e-02,2.679871694579674668e-02
1.478455410650606969e-02,3.962702655160450088e-02,1.616660241005480822e-02,2.566027658181371796e-02
4.027175784850006712e-02,4.684832020559075855e-02,1.021041264459893530e-02,3.987446482719143870e-02
3.551000237348039823e-02,2.144730802716719037e-02,4.507625698605804976e-02,3.144474072628990896e-02
4.378765943370909602e-02,4.133651206068795353e-02,2.715705175458807408e-02,2.866845008190907484e-02
3.294013625108965782e-02,4.831871368625989538e-02,4.430897415701284814e-02,2.285126877892452307e-02
1.724615467076404118e-02,2.642498271009955518e-02,3.553940115009613515e-02,4.905385317363181175e-02
4.266633624289618149e-02,2.078884058565709861e-02,3.384438141557430391e-02,4.350552235229902809e-02
2.967279088148053190e-02,2.003906736781992104e-02,2.707126086415434507e-02,1.631582700949647108e-02
4.019730399234473089e-02,2.799249734442507687e-02,3.223175594354608930e-02,3.761553309434360892e-02
3.216897906686784492e-02,4.983315532210959298e-02,1.548000662250202490e-02,3.354150608417599821e-02
4.779460310201571333e-02,4.593264414260379846e-02,4.917813920431340219e-02,4.500484611329922530e-02
2.941588411519406587e-02,1.571624776458861034e-02,1.418882127576544076e-02,3.779630104651317268e-02
4.149180533761664263e-02,1.952224609274514494e-02,4.803627359816821374e-02,2.791024834229183932e-02
2.967121247898524272e-02,2.569779030244847412e-02,4.636018550393009724e-02,1.617204188050362298e-02
4.464540244975277739e-02,1.799067698690581460e-02,4.166242498071794087e-02,1.490024445420162769e-02
4.150141680309338971e-02,3.892428470799512430e-02,4.720450506576378408e-02,2.393596823164234957e-02
1.516957545839361932e-02,1.668455448841466363e-02,1.448373889983604196e-02,1.242287889218350420e-02
4.962808275327649371e-02,3.682834578349143684e-02,3.901227635443631908e-02,4.829028931200418651e-02
2.991024219244646509e-02,1.192378828789414889e-02,4.398479855845011804e-02,2.679589039578983423e-02
1.027364515063666425e-02,1.022375532515192725e-02,2.603341782150884326e-02,2.235558146637026816e-02
2.460407900908786680e-02,3.539108222729857312e-02,2.306958444150752213e-02,4.479131028110756862e-02
3.271700667094425835e-02,1.494258892220341230e-02,2.985966583330091489e-02,4.898349280404680484e-02
1.867490902846644790e-02,2.108409455527579524e-02,4.458352547874516042e-02,3.738540464219847204e-02
2.316957678131652959e-02,2.315025757931142222e-02,3.276351763765932013e-02,2.032060014220070723e-02
4.936612719907527980e-02,4.903204336864763757e-02,3.929860699990493644e-02,3.179045889995671392e-02
3.655482416755292951e-02,2.248017037638866747e-02,3.871079904134797078e-02,2.736112304940251094e-02
2.976583334645820089e-02,3.598420623784980704e-02,1.541414547828085131e-02,4.416850692362851716e-02
3.857764283954234763e-02,4.881182829308192139e-02,4.619415230912820441e-02,3.340150713426795481e-02
3.574311834486090106e-02,2.986006864153264301e-02,1.581172358733697741e-02,1.949203842173416815e-02
1.149804811052114809e-02,2.088929139989585682e-02,2.004205132619631125e-02,2.004880453365989745e-02
2.350264160073806119e-02,2.868423309176344055e-02,3.849802970698001925e-02,2.297986162262939669e-02
3.316936405552438349e-02,1.353807413883637012e-02,1.486882121013117369e-02,3.671041144479058466e-02
3.480766998436163329e-02,2.466303864512834482e-02,4.284081724036267746e-02,1.066570034914482087e-02
4.347693685339901887e-02,1.607182847332130904e-02,2.173401968740515042e-02,1.491568288414088506e-02
4.716583451858248621e-02,3.767382620052719261e-02,3.064652623558636324e-02,1.232590447886908191e-02
2.121461427485065929e-02,4.285634474820815970e-02,2.313925954538092328e-02,1.819900844792430444e-02
2.582440486424212450e-02,3.402959367119358369e-02,1.379831027010584507e-02,2.210100540759910026e-02
1.697514544658628236e-02,1.541316105837596540e-02,4.272878773042258771e-02,3.236681114657290886e-02
4.036254718562706789e-02,3.391287689082463780e-02,1.454476453078772449e-02,3.728538302975655666e-02
4.368397920648642990e-02,4.123130125260909828e-02,3.219223821455571843e-02,4.279905453686096845e-02
1.749556732855479455e-02,3.073112546533222217e-02,4.085452165150056658e-02,4.151289507794102968e-02
4.168366634329984804e-02,3.424372083511363629e-02,2.484478167134659271e-02,4.324984828550847149e-02
3.849674558030521249e-02,3.123237702420107731e-02,2.025526268416796144e-02,3.373491202658698146e-02
2.435479787821393655e-02,2.059916006173436939e-02,2.948314202981731913e-02,4.123346819074445724e-02
1.461422237859509934e-02,2.874238741688973225e-02,2.969964222604239146e-02,3.856609915462282795e-02
4.871924664494559770e-02,2.036847653981267020e-02,4.164318019811660138e-02,1.798320075926141542e-02
3.271274544021988279e-02,1.380216541007138649e-02,3.063471062348583490e-02,1.584755356812727820e-02
1.767795230924446709e-02,3.569118783523530375e-02,3.834586218864551727e-02,2.950790412867231038e-02
3.836106358226989976e-02,4.751666864604737334e-02,4.815521115164536625e-02,3.967284647163846212e-02
3.020697864333717064e-02,2.275615025177083958e-02,3.712419518266989876e-02,1.104209694014726337e-02
3.742963757510207878e-02,2.018877378414460355e-02,4.616981829941529253e-02,4.041410757073361087e-02
2.659232467957590995e-02,4.202931854379141768e-02,4.835285992551351109e-02,2.524595829079442216e-02
2.973175145700338723e-02,2.624924047447557002e-02,1.555841969307917953e-02,3.958489111428093593e-02
2.591273619591905053e-02,2.189288841855323298e-02,4.784049567332285258e-02,2.965783143107886266e-02
3.547043515895984683e-02,3.676815553386817564e-02,3.699426228842293829e-02,2.707687081434604487e-02
1.861779009116566741e-02,1.152199509446352396e-02,3.518998699653013568e-02,1.581910348913202757e-02
1.010074680014268200e-02,1.776985540332867708e-02,3.024636435613937968e-02,2.961885272793967488e-02
4.360563120036162199e-02,4.910189944829768810e-02,1.579232145316947222e-02,1.706733212248572398e-02
2.763300576356279847e-02,4.373694793164049910e-02,3.242933500330303503e-02,4.612121391882967325e-02
3.192526221793931529e-02,3.452754749580736610e-02,4.015112166912834096e-02,1.376029516898202160e-02
3.220586353774033961e-02,1.864503180975365937e-02,3.412426912988902189e-02,2.760700277216680820e-02
2.078328384184793126e-02,1.406088489472941995e-02,3.520810597674067094e-02,2.737178218359680171e-02
1.363482721506521431e-02,2.641856848570894173e-02,2.783093815930635928e-02,1.261560682659267595e-02
3.254330255879506195e-02,1.512494213651081540e-02,3.346148384559206185e-02,4.047556685920790376e-02
2.581440852470639341e-02,3.511386497588175198e-02,4.007302265369473010e-02,3.126372835491852270e-02
1.066425386245678855e-02,3.735525172956451201e-02,2.239646873824186618e-02,4.036430514931199642e-02
4.838570039413421509e-02,1.041523881181477020e-02,3.599777142590392803e-02,3.150560923532505497e-02
4.500154685486557754e-02,2.343747703585294037e-02,4.689624136977179475e-02,3.654405589456037606e-02
4.566113526771477249e-02,1.820599968923440962e-02,1.266388018957905100e-02,1.215675089492390323e-02
1.465923503401258751e-02,4.060602999325542417e-02,2.503451032088943248e-02,1.729463716702827128e-02
4.331440362338736388e-02,3.780031505783003343e-02,4.663770200620165340e-02,1.209608505531310774e-02
2.103248810650989314e-02,4.421883867978975563e-02,3.939943872723585677e-02,3.936749805494040022e-02
3.312584297281480350e-02,4.246327745405553689e-02,4.265414414735638898e-02,2.004095165859862832e-02
1.488568402434946314e-02,4.145277380010712470e-02,1.105393189768124999e-02,1.675953769965630655e-02
3.176131109076676257e-02,2.819892231101920471e-02,3.227681008713820937e-02,1.390206743746478027e-02
1.605104544322440152e-02,3.402220475340001632e-02,1.096988284348725598e-02,3.455030830930536090e-02
1.076754246477640807e-02,3.231219721084573060e-02,2.299676004789083517e-02,1.127688872341083351e-02
1.480215400587859761e-02,1.802795983549908276e-02,3.332673814893836323e-02,3.009201782695184596e-02
3.266146145907274784e-02,3.301969048968653869e-02,3.666106471121997890e-02,2.343929823213701524e-02
2.425576167528759042e-02,3.439847538339239202e-02,1.730254297016001197e-02,4.206568633035443622e-02
4.127663188557291474e-02,2.934950214012659042e-02,2.962218917130717000e-02,1.394656239424947250e-02
2.418860735947208490e-02,1.287443270130876963e-02,1.571166827895002435e-02,4.359569661667977991e-02
4.621385515895228696e-02,3.658153063622647527e-02,1.627793660102139217e-02,4.368523982407668954e-02
1.426985671551326412e-02,4.705479698400939076e-02,4.897396200867159405e-02,3.340841757831091580e-02
3.928378724190931953e-02,3.291515942437482634e-02,3.869685395613766538e-02,1.086190971827027604e-02
2.367569162757357515e-02,3.490558457901243167e-02,3.882119552400000589e-02,3.961309454470562236e-02
3.958938099608393102e-02,3.305952272236233752e-02,2.613795646760808805e-02,1.020765553978088269e-02
2.180300157712544706e-02,3.384283122656013554e-02,2.235130213694008425e-02,4.907531613749940846e-02
2.625381759480154009e-02,1.344777188980303753e-02,2.691295003551216758e-02,1.168593640165598718e-02
4.410979656380868003e-02,1.028637054558087342e-02,1.184343640956329706e-02,2.926174477570506888e-02
2.449545688003257338e-02,4.091206144774545833e-02,1.050414698213427214e-02,3.659138748184376927e-02
3.615238810757342297e-02,4.298746692476344139e-02,3.200639869658524622e-02,3.279425797338689913e-02
2.085607768655920596e-02,4.190057083968729695e-02,3.430536977270074589e-02,1.829348345670585643e-02
4.210731413317786442e-02,2.631822753190687925e-02,2.648710553353397085e-02,1.959636722543089959e-02
4.251279229856862185e-02,1.871381794431953294e-02,1.982676943096649269e-02,4.512546778390827407e-02
4.524005955966912268e-02,1.391394360477454448e-02,3.880218077387911219e-02,1.134752083747530595e-02
3.690739201262954045e-02,2.492284401615802239e-02,3.884698014850569703e-02,2.363811528489128538e-02
4.556276667269128222e-02,1.666633850253428778e-02,4.681208435570746035e-02,1.399622676885299045e-02
4.532416749931658662e-02,4.042029203010105015e-02,1.298074486812228825e-02,3.934685382913399171e-02
2.513972609391612253e-02,3.955698185388013127e-02,3.174781958107718294e-02,3.144071269345177083e-02
2.310158990629650189e-02,3.215205547220904153e-02,1.531208794630170567e-02,3.265271703142856585e-02
2.696378494416377253e-02,2.143100129181989971e-02,3.464218603318901246e-02,4.346424927911176489e-02
2.663161226428609196e-02,2.737807761306828430e-02,1.805459441035581897e-02,2.133925960379524228e-02
3.540258952688913469e-02,3.047240290016661052e-02,4.797411142353907865e-02,2.012182923641465254e-02
2.142030004481110250e-02,1.610687561478528138e-02,4.496111640592560799e-02,1.384095093215372343e-02
4.026269052216571026e-02,2.067730774776569552e-02,4.195510381347103412e-02,4.471824104054306082e-02
4.711589121320629292e-02,4.614465947173328197e-02,3.800125410037878682e-02,2.456165872165540914e-02
1.934732579901588326e-02,1.352028616095712552e-02,4.983588706932112061e-02,4.813530787200484551e-02
3.545056697998451994e-02,3.737589256460746578e-02,3.896099333684750060e-02,4.270583949400533902e-02
3.994185738352702686e-02,1.564205973056313065e-02,3.389226479828310462e-02,4.304515495476253506e-02
1.009485896591700432e-02,3.833247908907710250e-02,3.975216948634861802e-02,3.316927724806598143e-02
1.850315777149378477e-02,1.219074636351438756e-02,2.414286355758749752e-02,3.087186106084618964e-02
3.921903363196405090e-02,3.078138518310894606e-02,4.581484809613278752e-02,1.708633641027496042e-02
2.563412409549995635e-02,1.997158802467777564e-02,4.624873982769432679e-02,1.122993660176212910e-02
1.836243188997970649e-02,4.126228192673268153e-02,3.697318398282230245e-02,4.804009298802375955e-02
4.926206687922084215e-02,2.678722502564492153e-02,1.133755405698769377e-02,3.490615958401180330e-02
2.500696648222122676e-02,4.549033484064612942e-02,1.459649731044026025e-02,1.039508652766522011e-02
1.118311117374658908e-02,3.077211615814869766e-02,1.466538030178610522e-02,2.294209484990104159e-02
1.858418863123977027e-02,1.073374999382443844e-02,1.598996910752318104e-02,2.920776341495695538e-02
2.234256427153747532e-02,4.237071550525076807e-02,4.598526076060766021e-02,4.339959046422899036e-02
1.709703743841778367e-02,4.453037157295602899e-02,1.134531035485840215e-02,1.935414251383781731e-02
4.991108216984931761e-02,4.336260953897110720e-02,4.122369791110135073e-02,3.189238429855025675e-02
4.196064170898366336e-02,2.104225141505733018e-02,1.788543508236134158e-02,2.619230307259702573e-02
1.984462577895020063e-02,1.101467519598594083e-02,2.181592814109863110e-02,3.977528218041481017e-02
2.093242804064190943e-02,4.039135825995096574e-02,2.855435271845838813e-02,3.791596981753345141e-02
3.539910010139755980e-02,4.979868027785154527e-02,3.676328938262788532e-02,2.825211415311818658e-02
3.918791301494128215e-02,1.139239741398871339e-02,1.969604827948254894e-02,1.288688632327095879e-02
2.985037456944464318e-02,1.172575920924721730e-02,2.856851046650778908e-02,1.757071103588352459e-02
2.267879334365104083e-02,3.142648849568210195e-02,1.093231773931338177e-02,4.872302776412817255e-02
2.416868294048929097e-02,2.358962724681547274e-02,2.569142623026227784e-02,2.974304400987796970e-02
3.767189077050497187e-02,2.937585416046984560e-02,1.939903979229285966e-02,2.448266099289667444e-02
2.356506320947087535e-02,4.748405006654699001e-02,3.761972931298434436e-02,1.967027559892144464e-02
3.857396577278024430e-02,4.695230023123434654e-02,3.608643153220067457e-02,2.009374917213982079e-02
4.544189007730712465e-02,3.882672368598295842e-02,2.210833826993635967e-02,1.884106934954248372e-02
1.379292987197242373e-02,1.632623030324230687e-02,3.732973410953684124e-02,4.611120968955122190e-02
2.507690138612569258e-02,1.697569651221941117e-02,2.059797632293235842e-02,1.838042288010574565e-02
1.774445103996661471e-02,2.036600350457774128e-02,1.818704381618124061e-02,3.790483330271914725e-02
1.201394601105421067e-02,2.587295267813968791e-02,2.424927437842166328e-02,2.725668148416084124e-02
1.785256015395418616e-02,3.862826739661867625e-02,3.075920950535590559e-02,1.996511137368627009e-02
3.032187490439043620e-02,1.107300846420279303e-02,2.444525819625924939e-02,4.104145682086236119e-02
1.275781073511927932e-02,1.127643570421413277e-02,1.668857756329792524e-02,4.248672237868167390e-02
1.769776436238486989e-02,4.975527009366225578e-02,1.101535360057484710e-02,4.516889865665778270e-02
1.432200017384567710e-02,1.831719696019949023e-02,2.074520211732727021e-02,1.016700515873862273e-02
3.894245891605046389e-02,2.824651461098414557e-02,1.248898513107979044e-02,2.432072040602140800e-02
3.284903603473175726e-02,3.711966323004040058e-02,4.782615486746019662e-02,1.157560263650961145e-02
2.289751616562670650e-02,4.892897635549679769e-02,3.610078486403763692e-02,2.562347354246840778e-02
4.655262031005413803e-02,1.120872609044015235e-02,3.381111199562945868e-02,4.021990721715410638e-02
2.217472865643082408e-02,2.145906608830774193e-02,1.074821216503029329e-02,3.904665791920756968e-02
4.374087997224539864e-02,1.075958012942844315e-02,3.057501328603106500e-02,3.824385149274189127e-02
2.313172663743975899e-02,4.925722270896095573e-02,3.018753064703502687e-02,1.339810332411900048e-02
1.213353773399609634e-02,3.466765347065032393e-02,2.168482186984144883e-02,4.863139452448096006e-02
4.873616657499318938e-02,4.047501034220325061e-02,2.940706170613604370e-02,1.424520596049978077e-02
1.811063146736395513e-02,1.764861617611783104e-02,4.851028691073995536e-02,3.188484722960227558e-02
3.435549983250898998e-02,2.846353126324448202e-02,3.153910961430206328e-02,4.342690653922302163e-02
4.451570930777380003e-02,4.046079692784318449e-02,3.487115137111655716e-02,3.951790543627124036e-02
1.520781641516111976e-02,4.991370417783764363e-02,2.557693813840487135e-02,4.072168735779421733e-02
2.885811617561493542e-02,2.506250554683342457e-02,4.792958934836213936e-02,3.437099486353552280e-02
4.317030770398839340e-02,3.928761283742462224e-02,4.481220984707517258e-02,2.333040698109167116e-02
3.221513291548815106e-02,3.604149941855143424e-02,4.044984620773322409e-02,2.537394807860427273e-02
1.045423062280809688e-02,3.796266238401155985e-02,3.324810100599745466e-02,2.307975827249315187e-02
3.094649307039773478e-02,3.345821033153233842e-02,4.588692817312470251e-02,3.361912108399097571e-02
1.431199193244284476e-02,1.413347303829551316e-02,1.587363021217248413e-02,4.430310064486658178e-02
2.585089507418182608e-02,3.510674801073081913e-02,3.085539566624237451e-02,1.566348555094936729e-02
4.230466072460332266e-02,4.424320135353412842e-02,1.946455208028780720e-02,4.224690481018094496e-02
3.179337959781555062e-02,3.746379787124621413e-02,4.775812078553864221e-02,3.139038595671209825e-02
1.964013066059922680e-02,4.209358125875715256e-02,4.228074218678789381e-02,2.107058479721904409e-02
3.873354690273219519e-02,3.022721939309905986e-02,2.688579908233271198e-02,2.388554378364893607e-02
4.338392301806941881e-02,3.168838863907555425e-02,1.542546885659147951e-02,4.823737272467078230e-02
2.706460451147911506e-02,3.155605963510121209e-02,3.082523377389228408e-02,1.736376617301126773e-02
2.331122969197197206e-02,2.324865815439456501e-02,3.103307787205666218e-02,4.510281781981569788e-02
2.135105856062096200e-02,2.002971630417717600e-02,1.414271784236341770e-02,2.745370257092683702e-02
2.173522743144935127e-02,2.810321617949827072e-02,2.717353195414095451e-02,4.033983378108126072e-02
4.386422295142036049e-02,2.665093376120769575e-02,3.371905426525241556e-02,4.289149298816483102e-02
4.465938867000467105e-02,4.800320308333047570e-02,4.485022480013167029e-02,4.382327328940417016e-02
4.573461396951043756e-02,3.373934767233076337e-02,1.539349415180453137e-02,4.508744523276313199e-02
2.142782858219172484e-02,2.844995880181889342e-02,1.886660567096894517e-02,4.551019209985537189e-02
3.635778277875115899e-02,1.547654069981524785e-02,4.908927088422699453e-02,2.621111000243890599e-02
2.119699360235220015e-02,1.902004646403382404e-02,3.680928388159095122e-02,4.635103498741770245e-02
2.172389303517500633e-02,4.582315644204838084e-02,1.255584021380909236e-02,4.244468707919470118e-02
3.368870102114420589e-02,3.325116228591901146e-02,1.114728743023840271e-02,4.984814379861331884e-02
3.745123775409349431e-02,2.733954445608502426e-02,1.572613088611501952e-02,3.161161574814087133e-02
4.501021053563729335e-02,2.861897310345559720e-02,3.214467814595330791e-02,4.463537418328240164e-02
3.237754508462962338e-02,1.535531169435273152e-02,3.627403586153798987e-02,4.779684315464420574e-02
3.520609172121570013e-02,1.441353159640921741e-02,4.722979140813093890e-02,1.082241529578183495e-02
3.061488406596082207e-02,4.268280899760612535e-02,3.185569663670177742e-02,4.915070317077555040e-02
2.147747834832698655e-02,4.048667770874852384e-02,2.439406533935951915e-02,2.807556641005298781e-02
2.924400286185008246e-02,1.804738826494037968e-02,1.706410008880935789e-02,2.748883255335064085e-02
1.786854392710900824e-02,3.758422363323899590e-02,1.941581706495703816e-02,4.999065463419310323e-02
1.290810582570282861e-02,4.770683824451127375e-02,2.302882469905614266e-02,3.014062959281686022e-02
3.194339950768387143e-02,3.537735074920567158e-02,2.593159358756883665e-02,1.381001751871281137e-02
1.926834674173742712e-02,4.130200498951720756e-02,2.891435542884500387e-02,4.462791226133967781e-02
4.578528880914055355e-02,1.650725752563874174e-02,2.620509660378027988e-02,1.054980170712898832e-02
4.342301374448518519e-02,4.308788206888870126e-02,4.503059849887471738e-02,4.095988453203695812e-02
4.085553306494191239e-02,2.078164843728797298e-02,4.342920347937411635e-02,3.587337957023337826e-02
4.064547794355755778e-02,1.799902795885453821e-02,1.846653911141442339e-02,3.310240400772174185e-02
2.086320766884879399e-02,2.715507927835390800e-02,4.176837531323378261e-02,1.540066694114445786e-02
4.916543456392371420e-02,4.410098646638568182e-02,3.116878758570688912e-02,3.685481318426647723e-02
3.391335484959846075e-02,4.009337404921647224e-02,3.318648658543239122e-02,4.958898262144168650e-02
2.140946504542099241e-02,2.038211779028197002e-02,3.591939231600581317e-02,4.225619772263458640e-02
3.138297709360786392e-02,2.856029105552887470e-02,3.944225389164321416e-02,1.503833247723761028e-02
2.337261836495868259e-02,1.478169408236354801e-02,2.741911176039361214e-02,2.802315235083424616e-02
1.004702671206049447e-02,3.802329326914218738e-02,1.303485382245740155e-02,4.621698314871798552e-02
3.445123007776791646e-02,3.870075301886657243e-02,3.620958148038071894e-02,2.051127368979919693e-02
1.866554671601968612e-02,3.571673674367387141e-02,4.422842069528712394e-02,1.344096374636284501e-02
2.744626089962816373e-02,4.224404017941417455e-02,1.067901364628199776e-02,3.118885114152303295e-02
2.014920975360362521e-02,2.595236347068635013e-02,2.741269504291896780e-02,3.862985671909508617e-02
4.685609458394949384e-02,4.751449001841426267e-02,3.955216563373830513e-02,3.746420005001914466e-02
1.221111990642900595e-02,3.322595391558638006e-02,1.626054742574993550e-02,1.935921455737671035e-02
1.122181453799631599e-02,4.830870100897934061e-02,2.961871917357176281e-02,1.047523671856369180e-02
4.981472029439064364e-02,3.272709933266481491e-02,3.864139536900854099e-02,4.393449181723988600e-02
1.431478746299902002e-02,4.744426254204191229e-02,1.070080020351302230e-02,3.814406309362204650e-02
2.236959051170001739e-02,3.790520549111208587e-02,4.324083145798820332e-02,1.198708760652044542e-02
2.797842374752137345e-02,2.303860704645390584e-02,1.857634980294925811e-02,1.111316869673041434e-02
4.048103666427314840e-02,3.874882452004951155e-02,2.053172184871271053e-02,3.634725361270268323e-02
2.275575226110386484e-02,2.451267388253536988e-02,3.902425791512029174e-02,1.889064560085453037e-02
4.167000257846729949e-02,2.889122487534735717e-02,1.665324673079925794e-02,3.071204328394644412e-02
3.047590520516445939e-02,3.930164908090201525e-02,3.522370140044136372e-02,4.306138010165649899e-02
2.549892553434223927e-02,3.689113627277535584e-02,1.018356160011208572e-02,1.381534160308035830e-02
2.911197941809762907e-02,3.732815821709604964e-02,3.596355157747678499e-02,4.842806269091114169e-02
4.257901753344654067e-02,1.351020557638793994e-02,2.308861163432946589e-02,4.360221846979918381e-02
1.506848441247747930e-02,1.997342090483458441e-02,1.504862893107627997e-02,4.448642973276700774e-02
4.160513549115605475e-02,2.310288818156874466e-02,1.780462890791942657e-02,4.699820505960321942e-02
2.258998797869082170e-02,4.246884576056821764e-02,3.659919786828410432e-02,3.448071944276444312e-02
2.832489444556543501e-02,4.160797398894981736e-02,1.008306588780012378e-02,3.918340221079300023e-02
3.390933119267908191e-02,3.725488243861632687e-02,1.129288580368812030e-02,4.779596778593515199e-02
4.389194220456860834e-02,3.886937666273349024e-02,2.296325278265021891e-02,2.441367637274086122e-02
3.811562101898855609e-02,2.074466427389774770e-02,1.487987146686765849e-02,4.788023315448527994e-02
1.117748778559500035e-02,4.037725887458626373e-02,2.971716937392297059e-02,1.483006146767006442e-02
1.852004753624424127e-02,2.107349743845654544e-02,2.432960731438693971e-02,2.290712788703167663e-02
2.100904695804347438e-02,2.925475037059147021e-02,2.011034319751497587e-02,3.489812928148339211e-02
1.148975712393760125e-02,2.508677017460898134e-02,1.258513589640180945e-02,4.629274824635367519e-02
2.835670446103271541e-02,1.313892654315701805e-02,2.218120873822651204e-02,4.111456620289227759e-02
3.678991791432493358e-02,3.477774461933368783e-02,1.946293170298098868e-02,1.909087962016153134e-02
3.906741444858743278e-02,2.887541746021506789e-02,3.785114166135330332e-02,3.816749904787621744e-02
1.954233515470818125e-02,1.963311968481053910e-02,2.449597500082744891e-02,2.216257944194470475e-02
1.421254716373882877e-02,2.606382945661950973e-02,4.733446971292804006e-02,1.596413167368679678e-02
2.941146004250103085e-02,3.322168744334078744e-02,4.433727494537310909e-02,2.359134173672302465e-02
2.594971951554508882e-02,3.694124369456298906e-02,1.609914487404540476e-02,4.616245312605109230e-02
1.839335733961568534e-02,2.910156053350358707e-02,2.035688703998438445e-02,3.039538028791803626e-02
3.451009020292453849e-02,3.961229398769692406e-02,1.261686053319237971e-02,1.429680889625651458e-02
3.670200438771063778e-02,2.413661186179862084e-02,3.414683850357085743e-02,4.160702389955915625e-02
1.302479325248014075e-02,2.674549690331766427e-02,2.716231168907586035e-02,2.607245866515946198e-02
4.951953216821303877e-02,3.733290155108853065e-02,3.440051089698056841e-02,4.609047555950925718e-02
3.035580135283554026e-02,4.278310148889637177e-02,3.009954502928184616e-02,2.765556095980339912e-02
2.067829105144958213e-02,4.990331104733101986e-02,4.193198424829403664e-02,1.417837356746587049e-02
3.224008051103916667e-02,4.211646587996756980e-02,3.686962014900951878e-02,2.380851562952469164e-02
2.286184880950694817e-02,4.783285135045012293e-02,3.161032486528581736e-02,1.920891234448782528e-02
1.086266862270738459e-02,4.078922196278058493e-02,3.113977600305520982e-02,4.641547124582795503e-02
2.092187144330963366e-02,2.850270667723758811e-02,1.078922391627457240e-02,2.818866810264779310e-02
4.260714553080659217e-02,3.764250443952644326e-02,3.408035418254852511e-02,1.926252634976063569e-02
2.288219854862942604e-02,3.826067679315293263e-02,4.554896821161722592e-02,2.789229114931986164e-02
2.329462527926767779e-02,1.061099837665548280e-02,2.602180881366046583e-02,4.241559480865775972e-02
1.696638036442683559e-02,4.502987848558657330e-02,1.046584636995659921e-02,4.848702566596022057e-02
1.738676739181764519e-02,4.082462640443113022e-02,4.447498209180378304e-02,2.953816038667869681e-02
2.532054841572410619e-02,2.105038334736029568e-02,4.830716326867148802e-02,3.752206860682772566e-02
4.162828124273212915e-02,4.505462766600430019e-02,4.966150498110901562e-02,4.894904343352783627e-02
1.857910838244312274e-02,1.622358433220744134e-02,1.020770433507915340e-02,1.622109418995507091e-02
4.874187617777824000e-02,2.572036434344874417e-02,1.845754396487866641e-02,4.156240020086963277e-02
3.477957991346240091e-02,2.638439389445026984e-02,4.611532219528212406e-02,1.416673132252725675e-02
4.585375203235837749e-02,4.643115326770767132e-02,2.451210080783086664e-02,2.127626631736428964e-02
3.650099247729086949e-02,1.591160544818282993e-02,4.856861707511426346e-02,2.635648598392993647e-02
2.264104499871305923e-02,3.470861528958112813e-02,4.290545328848422574e-02,3.117746250744389547e-02
4.982286908448015778e-02,4.728662629627035374e-02,3.711667367410819568e-02,2.608588622282187464e-02
2.011297015517711506e-02,3.749941235130150458e-02,1.566165432820957118e-02,4.683475216227493687e-02
4.530405039213809132e-02,3.699501457081164069e-02,2.471310318909608617e-02,2.596425033288608797e-02
1.682058039355570703e-02,1.503431525992758415e-02,3.862942557685280359e-02,3.362058515538030035e-02
4.209823108508566752e-02,1.545787633864233353e-02,3.946383403369013027e-02,2.468746365573144114e-02
3.432981093509589882e-02,1.832971056817277178e-02,2.174892185975052517e-02,4.707788755694419791e-02
3.465416926450555490e-02,2.375174103501121597e-02,2.233636440625078740e-02,1.773463769077065696e-02
1.802536262707310488e-02,4.862399178752160878e-02,2.248449346623317135e-02,4.453732208522325625e-02
3.541217726008161204e-02,1.099530393938844344e-02,1.601780374739094487e-02,4.203756822695318973e-02
4.504114997646926910e-02,2.484632407377749402e-02,3.853372931546607955e-02,1.212335729973790070e-02
2.403931367959243753e-02,3.522872198614671740e-02,2.382110198271070178e-02,1.291696874815736161e-02
1.657650426166275281e-02,3.772520436262247201e-02,4.395449406215871241e-02,4.693136770497712690e-02
4.035993270356348639e-02,2.803442851641626404e-02,1.054474873133395309e-02,2.866238148622168164e-02
3.463200113430259935e-02,1.165816073804822051e-02,1.949753387107237834e-02,1.548940378123487074e-02
4.629159831652741169e-02,4.681920992695361855e-02,4.530466617925794914e-02,3.427288694837118954e-02
1.839016939063108438e-02,1.792226259365722191e-02,1.790399604600338354e-02,4.085514196807465970e-02
2.979166083630424566e-02,3.384687217532166698e-02,1.337316138963353350e-02,2.154888107067662317e-02
4.628765311144504568e-02,4.361596136726648976e-02,2.615516817488076906e-02,4.748606812303551167e-02
4.165910213538598361e-02,2.443589055512437186e-02,2.173105685399398523e-02,1.956057214637544131e-02
1.490837523687608968e-02,4.215548786664196496e-02,1.180328996827093718e-02,1.623136189874219842e-02
4.541013701481331349e-02,1.992263450127940844e-02,2.750844141182214042e-02,1.437248697044722634e-02
3.304415378811197124e-02,3.579933022527106296e-02,4.959128817272692030e-02,4.059535698307166485e-02
2.017463716890300490e-02,4.356341952610661566e-02,4.304809215204197237e-02,3.306112226194179299e-02
4.348410349132782876e-02,3.417684988802050655e-02,2.496924548374527056e-02,4.521548845938019867e-02
1.089521714744007275e-02,1.223031601959820650e-02,1.102246084454827288e-02,3.090419254873602584e-02
4.310873777275523594e-02,4.673702609416457293e-02,4.536794395230429877e-02,3.846008305957508699e-02
3.939038045845585229e-02,1.294313112944750835e-02,2.164277091252093249e-02,3.432931500872114100e-02
4.369741301161227803e-02,4.197420407063841979e-02,2.421040603061683921e-02,1.367520872207245511e-02
2.196100978546142168e-02,4.248972119974609579e-02,2.355293037070414416e-02,3.784529061512944409e-02
4.992329297921219156e-02,1.526102671497383753e-02,4.082195317291775760e-02,4.608058396045291299e-02
4.952730380544054928e-02,3.475842658543062264e-02,4.694841497908040784e-02,2.535260420133766956e-02
2.915961192896394244e-02,2.296256450874433613e-02,3.480411391239143781e-02,2.629457702089393889e-02
3.987373580708135357e-02,2.005371785378836161e-02,4.545840205164857623e-02,3.274052744928398345e-02
2.434221326360560406e-02,1.404713946538091278e-02,2.118831322513414772e-02,3.360443817852575704e-02
2.197260218331227588e-02,2.895199752746518973e-02,2.113805432221747826e-02,1.652387923026490263e-02
1.458927443456728076e-02,2.334891789366472931e-02,1.694314379864868270e-02,4.918535805653153486e-02
2.570099170721212856e-02,3.378789633224021233e-02,1.573857174147561683e-02,4.691362909446508689e-02
3.461660963745393643e-02,1.203009524968885052e-02,2.041457471005382607e-02,1.866074301130897506e-02
4.499522430591039457e-02,2.393574935244095758e-02,1.569119700935039247e-02,4.644349500643812911e-02
3.788182055606893750e-02,3.064773078747333457e-02,2.286584664981086007e-02,2.969993293890355046e-02
3.319640139793805789e-02,2.019783325017777270e-02,2.658009431799580186e-02,4.533539936870988746e-02
3.091579319172406415e-02,2.764409843972984865e-02,4.780863741478640072e-02,4.072796450556138287e-02
1.376659090523626311e-02,1.052614538942463034e-02,1.226041383044402383e-02,1.016808099116424564e-02
4.877400491526683729e-02,1.764367497159226306e-02,3.027745441831829198e-02,1.787143607493077435e-02
1.918825798285730272e-02,3.390667349243321055e-02,2.475253671118370080e-02,3.342291143733733955e-02
1.272876025000974770e-02,2.087766572332914322e-02,1.097707393181174100e-02,1.217839199886142434e-02
4.765446974404088931e-02,2.198587475475423381e-02,1.960959507482534780e-02,3.862095654238601600e-02
4.471575309394185127e-02,3.239960481427612421e-02,3.577158831873793882e-02,1.981331515581322839e-02
4.182156437682391786e-02,4.904804072446826424e-02,1.189678447257283903e-02,1.620468713422811360e-02
3.603805114303208074e-02,3.309576845959775332e-02,4.212607515907515476e-02,1.379446183170854670e-02
3.616406313071306861e-02,2.843646626930780574e-02,2.489228161519317639e-02,1.160232001021288192e-02
1.586177930873177919e-02,3.412637885313505454e-02,4.406902225310038723e-02,4.162467912337237258e-02
2.288531244808333226e-02,1.786251514863095025e-02,3.986871282822797291e-02,3.602588537931685625e-02
3.568507903675036813e-02,4.049137567752239542e-02,2.249360490694203574e-02,1.286071894735503832e-02
1.655991109727342897e-02,2.976818175231857322e-02,2.531518676961532627e-02,3.819097421828433064e-02
3.054363820364386362e-02,3.311084137126611010e-02,1.248172213370860560e-02,1.324920253569222134e-02
2.339853372266999937e-02,2.054520125708299630e-02,3.029614351556072366e-02,1.009433844405114439e-02
1.871939615588884623e-02,4.163270400739903232e-02,2.902178173887652590e-02,1.297401887508257273e-02
4.430207236229183332e-02,1.581007263490178186e-02,3.795156974094807123e-02,2.113163528009713577e-02
3.119327712132961838e-02,3.112423642696364456e-02,4.997580064549766998e-02,1.140483747645304816e-02
4.035191309278671201e-02,2.816687046209491452e-02,2.321976037887726191e-02,2.484898995434159721e-02
2.151373607263042803e-02,4.401889747273277781e-02,3.150026015193452961e-02,3.678472180159707977e-02
3.039834216927834315e-02,1.088623477168832593e-02,4.324420499731339296e-02,4.304365409367633816e-02
1.347329522963808777e-02,2.333344596167562235e-02,2.420633768729524987e-02,1.988508615457585532e-02
1.688747131916847749e-02,1.983005113956381668e-02,3.786296679624830824e-02,1.013952249290074950e-02
4.750122080910974126e-02,1.032271108209252379e-02,4.724038763629480331e-02,2.780425293479076715e-02
4.835341355521606543e-02,4.502793359757152614e-02,2.518202427374988811e-02,2.346727872326408865e-02
4.962370078186233158e-02,1.790050783558246039e-02,1.235463115633528980e-02,1.938074346757495334e-02
4.468801851058714497e-02,1.207576123732070558e-02,2.233277638151694167e-02,4.389460726241517508e-02
3.146382406335471171e-02,4.227522218083844957e-02,4.404832006749524048e-02,2.236624691698599343e-02
3.251019232801690556e-02,1.302129775786069893e-02,4.009144629544977856e-02,2.095538330015423584e-02
2.149073621771519643e-02,1.614802179144442240e-02,4.326386011779189550e-02,2.455329348820154550e-02
1.481415573617541129e-02,2.201304637668664854e-02,1.503737163548126039e-02,1.922508370633660424e-02
3.469437089377545164e-02,2.211039652777643805e-02,2.194702616900250786e-02,3.907554340265677328e-02
2.755486883178447782e-02,3.198245502598132117e-02,3.015331039155105808e-02,2.754296353927013219e-02
2.811956434377524405e-02,3.015094829446522684e-02,4.396451874419041173e-02,1.220428137042870939e-02
4.176111770922981414e-02,2.465472907647798390e-02,2.524020575472676192e-02,1.913979413047434130e-02
4.591042526881736890e-02,2.909964138133912248e-02,3.516852128682042972e-02,2.854952197069492853e-02
4.250846392109199762e-02,3.432970496860186099e-02,2.377304122115205670e-02,4.310968993687055301e-02
4.472546524519244171e-02,1.855880779156247884e-02,1.457902282784764858e-02,2.270328331668360067e-02
1.433951654216651314e-02,2.391589988383328522e-02,2.413886783415786913e-02,2.659880111115588835e-02
3.718416679948057663e-02,3.473598260169447755e-02,1.536356348167165417e-02,2.391939596860399170e-02
4.423979612773672881e-02,4.034514911758701333e-02,3.015103251791311639e-02,1.413793882974158367e-02
3.775205160412491850e-02,4.255561903072219848e-02,1.003619047392120475e-02,2.383143422991051974e-02
1.617131858115665455e-02,1.743641722286691509e-02,4.437454826587189372e-02,4.660203174989081126e-02
4.775454781932785692e-02,1.289108925595662015e-02,1.952212939936399244e-02,3.759986314952407788e-02
1.344110920526710162e-02,1.312168533446878352e-02,1.229068190252789392e-02,2.470942238393674523e-02
2.613178973085914653e-02,2.691479471141760421e-02,3.530838196628718895e-02,3.083061834613318175e-02
1.412930090365561997e-02,4.660744695490575545e-02,3.634542527049489796e-02,1.040966605056399368e-02
4.675575677190029616e-02,4.123280584875236437e-02,2.849276351250772804e-02,2.375069406563334179e-02
4.604716707179062202e-02,1.491862863611333884e-02,2.843349768866180322e-02,3.413435459135740618e-02
1.210790137329552200e-02,3.856310800504969549e-02,4.707044704304937793e-02,4.650060728200004767e-02
1.000668253604526658e-02,2.787525890933285205e-02,2.831815514201770773e-02,1.673829106936165420e-02
1.990362793679105458e-02,1.956075093363383172e-02,4.432775553152917825e-02,2.665132730457298732e-02
3.345022725747377051e-02,3.151493452623189279e-02,1.717431654714490080e-02,4.380815099429962584e-02
4.566433476802468638e-02,1.535808231353689643e-02,3.041963160542580230e-02,1.915765385842730512e-02
3.510326229710299117e-02,4.947029691198295831e-02,3.028328435581711942e-02,4.708446628423227504e-02
4.652389142481073298e-02,4.142149882060090771e-02,2.245839915703482653e-02,1.169002603181248587e-02
3.551524505885556710e-02,2.862842523753797441e-02,2.664332687143337874e-02,4.030412204444491775e-02
1.105598714343698080e-02,3.663759549023166973e-02,3.260623113334348150e-02,4.858544942985562609e-02
4.363971062056532652e-02,3.488105548857652061e-02,1.894152365700680143e-02,3.735698119594678401e-02
1.611403085414420816e-02,3.364884882751515566e-02,2.463676010905406499e-02,2.092344995234605987e-02
3.640379214010334291e-02,4.446025542180636475e-02,1.356466124667969099e-02,1.867668950058104169e-02
3.382386686042462148e-02,2.712300413008476851e-02,2.689023603222658737e-02,3.404199553960812058e-02
1.541254544995514578e-02,1.682566998095066241e-02,4.578042139104608610e-02,2.056598453085621558e-02
2.894770455418058108e-02,1.361447257175169186e-02,3.334995276887849081e-02,2.482765599684981506e-02
4.297400309743695801e-02,3.564077398315076972e-02,1.800165730718942397e-02,4.444956255046748211e-02
1.323654020919447748e-02,4.394417309094908464e-02,3.983102409521500215e-02,3.373826366902937107e-02
2.746390708229375088e-02,1.113008705220988256e-02,1.858690644296712505e-02,2.112047437282094098e-02
2.470185096570669953e-02,1.342276163859562263e-02,4.557029420561693744e-02,4.663267010671282714e-02
3.581164277518442129e-02,4.438794050349043063e-02,2.044729977477512811e-02,1.241340253238161669e-02
1.185338689247303345e-02,3.094575583757878945e-02,4.649639412276217187e-02,3.096106617868466665e-02
4.119991317551414955e-02,3.614815045385173092e-02,1.902771282788299351e-02,1.375034079991849234e-02
1.492083750764999078e-02,4.998615066052371908e-02,2.165282051655234574e-02,4.736395457895230948e-02
4.475032171906365847e-02,1.336291352560910195e-02,2.029096434354301509e-02,4.205986742763963282e-02
4.753116893643423435e-02,3.463786957030617203e-02,1.621819641395134612e-02,2.328388779676913642e-02
1.877549642154875686e-02,1.771018785720285607e-02,1.328681610066163345e-02,1.906276269230450932e-02
2.096115641556385578e-02,1.795363312796757066e-02,1.307413734675197912e-02,4.984624541973435574e-02
4.022902335345009128e-02,1.565631449500721334e-02,2.252574743058182588e-02,4.091933672889597196e-02
2.926209646120584568e-02,2.415362805821456155e-02,3.680607673590428897e-02,4.878305939947867598e-02
1.077255163375040459e-02,1.304222998169324299e-02,4.012466329229757295e-02,4.942246411912726289e-02
4.503011437796018701e-02,2.091836967691342031e-02,1.105607332833674628e-02,3.315126016311796542e-02
1.827717474834606587e-02,2.290037321857884417e-02,4.849616128971198648e-02,1.342043302130681987e-02
3.780736028493716233e-02,1.305576052052471320e-02,1.619047766849985442e-02,4.048820433643706557e-02
3.770369346379653930e-02,2.200126985988160727e-02,3.477048288391980380e-02,3.783721413510535841e-02
3.610234954078704595e-02,3.609387450117691742e-02,3.153542092710633071e-02,4.868686957017910599e-02
2.898294803513314782e-02,2.692820119707543119e-02,2.577905698845326526e-02,2.557240331519922832e-02
2.223427544475146955e-02,3.236455138890029920e-02,2.443038358790367709e-02,3.834356660734451749e-02
1.254571547671256421e-02,2.094060995481085777e-02,3.364260196170323902e-02,4.124884995895889556e-02
1.584004491046235238e-02,4.948853049528476045e-02,2.351685774864022138e-02,1.750186938518331209e-02
2.579270727955447484e-02,4.389624305135050170e-02,4.111996123255567265e-02,3.496033628926142889e-02
3.083571304904950822e-02,4.185912785521007234e-02,3.206181328441798373e-02,2.463556539717739330e-02
3.547678240325088939e-02,3.055291283855724599e-02,1.570424613833119876e-02,4.326148989425090269e-02
3.204223502598204515e-02,3.840235682055567756e-02,3.405753819936509913e-02,1.432489752050645701e-02
4.730001274719240062e-02,1.926685879817370550e-02,1.698338266941216979e-02,3.343985516701799415e-02
4.417405804911522793e-02,4.036011989735263650e-02,1.909697387515611744e-02,4.144075083176246288e-02
3.756649284000369154e-02,1.265228269971521713e-02,2.258595508265793389e-02,3.753864501865315090e-02
2.153607272052004973e-02,3.743263816596268528e-02,4.854174252335535095e-02,4.605466466549382881e-02
1.600589686589441382e-02,1.948918240872810070e-02,2.006921521512377432e-02,4.674533960727711435e-02
2.354413818932576258e-02,4.198114758708205996e-02,1.620627890609658422e-02,4.771725446247786218e-02
4.155298581160848936e-02,3.889505417917167585e-02,1.968606239179888917e-02,4.943776884181151632e-02
1.792751506398631775e-02,2.850775516854920505e-02,4.159157924773338594e-02,1.907184070736054476e-02
1.894070515555949102e-02,3.650173034604515393e-02,3.928767942493895798e-02,1.908017548262935792e-02
1.231618041587147043e-02,1.149631933043306076e-02,4.227465297537574135e-02,3.526974717106856616e-02
1.127139458684849570e-02,2.478200423798865987e-02,1.078203559526256378e-02,1.162430247118282148e-02
3.429682764718011007e-02,1.486451338355557553e-02,4.516519645425127322e-02,4.780645276004798216e-02
1.729485817409671597e-02,2.222749799108132696e-02,2.288253773518499762e-02,4.890312999717304904e-02
2.503506999810201430e-02,2.209943155581474417e-02,2.829237818289836309e-02,2.206465216026404566e-02
4.626407370302085958e-02,3.454829770629497948e-02,4.044726240303272297e-02,4.040480996612138415e-02
2.189315016029668923e-02,1.027261373782146874e-02,3.356785700921405269e-02,2.248485123683072184e-02
3.901158851861923765e-02,1.790909965187427802e-02,4.761507271226883553e-02,4.168399800437711661e-02
4.838395561886483370e-02,3.404563029896833654e-02,1.495436091755827576e-02,4.025495203657213084e-02
1.269371785208065102e-02,3.012117598151535514e-02,3.834388240841554718e-02,3.058393132093507188e-02
3.408630867726016728e-02,3.685447074851509741e-02,1.578718656332271653e-02,3.751106131402601879e-02
2.649272892646947070e-02,1.259761967028167652e-02,2.083828753189888305e-02,3.621859287996727350e-02
3.922511538886394589e-02,3.631034292067714803e-02,3.724791362724484689e-02,3.171147055956657218e-02
3.353334283016840695e-02,2.542955696809892641e-02,4.427909735843220396e-02,2.192933189406139072e-02
3.800650673018532433e-02,1.336659740786532574e-02,1.863362662892108917e-02,2.703871556119360337e-02
1.757295133665540479e-02,4.270528346021225385e-02,3.383653264785031756e-02,2.195819713238345364e-02
4.658303371698015172e-02,3.275458960579794021e-02,3.421870322510654761e-02,4.089931535715154304e-02
1.803760095848610037e-02,1.613994258661755402e-02,4.543802044709140814e-02,4.560373935224647235e-02
4.386328146285598667e-02,2.663489504454949475e-02,1.977190627912128046e-02,3.392178942345312753e-02
2.216230637987255669e-02,1.852633790562772942e-02,4.123450079551591041e-02,1.473092182387228735e-02
3.378433824630492494e-02,1.329248255028639067e-02,4.375036572548296476e-02,2.702905811245389506e-02
3.497873293775716902e-02,1.801345292692683314e-02,4.961269888902449660e-02,1.565976728645570790e-02
4.115641388233982206e-02,1.431846476867980333e-02,2.118139159211642614e-02,3.438769639253511090e-02
4.855739820734308876e-02,1.769501634060265810e-02,1.338121649043520246e-02,2.322560109917719620e-02
1.726271946543510988e-02,3.713334839450364855e-02,1.055198391424705048e-02,3.315738738696060589e-02
3.372905592337602926e-02,2.420931690585691534e-02,3.997597484078752039e-02,1.254156104571332343e-02
2.358856124439577193e-02,3.847386914790483503e-02,3.843204486270010434e-02,2.617616502890422747e-02
2.322995042775481689e-02,4.441363231568509762e-02,4.504257624244491220e-02,3.981384602281563823e-02
1.341132129900999594e-02,4.867000604348068610e-02,1.543124212583891000e-02,3.822770379385674600e-02
1.836628631726833563e-02,2.196647101816690678e-02,3.889955709467830119e-02,1.989602418300376319e-02
2.566453006333101194e-02,2.333827584223498869e-02,1.390613949699594926e-02,4.280756434622397244e-02
4.185300713152053514e-02,2.431294045129053089e-02,1.635475325833377416e-02,4.252062324868742527e-02
4.515547542390948438e-02,1.417447883035375181e-02,4.468147936793002289e-02,4.604508803073899259e-02
1.995732179746496221e-02,4.120682164968924449e-02,2.547306215579504124e-02,4.094924854362121808e-02
1.423165266201474946e-02,3.555747975417024309e-02,4.993159916139956744e-02,3.499191924961442962e-02
3.389162609567859807e-02,3.355188720945235376e-02,3.774806537042218330e-02,3.112706621106311328e-02
2.105428190520093612e-02,2.971139646648105620e-02,1.786243665158676261e-02,3.028070594340696170e-02
3.614067517941071950e-02,3.897924986395110564e-02,4.002529069313944671e-02,2.457118408490846159e-02
4.423444561686371707e-02,2.307123736184991253e-02,4.632941627960578818e-02,1.722138292896925951e-02
1.821574589169520919e-02,4.138342473422761125e-02,4.097182671652489089e-02,4.320451906756867660e-02
3.944605690282731308e-02,3.534273132532314565e-02,3.211488054305985940e-02,2.662395222679909967e-02
3.837086583316414584e-02,3.380993448429552711e-02,2.345151633221905646e-02,2.890084156660697318e-02
2.759439551420780901e-02,2.974315858815883978e-02,2.405409299902183662e-02,1.511400188177216414e-02
1.502873810972887511e-02,1.850207062438833511e-02,1.307047996801719014e-02,2.379167531037197636e-02
4.735457547648735943e-02,3.612616002100091372e-02,1.590518575291334155e-02,2.950124186797361409e-02
4.429070015684222206e-02,1.472367540304325012e-02,3.298449739750519000e-02,2.719625149104799161e-02
2.634184163499767029e-02,3.315481827703645190e-02,4.400814355386133830e-02,2.625066714492872710e-02
4.728685642259306682e-02,4.593902700260502070e-02,3.792561976329776596e-02,2.909085673383586534e-02
3.587657746686182675e-02,2.873539875505677632e-02,3.619621665756132811e-02,1.712367406930215968e-02
2.523314836466532263e-02,4.444098324112968207e-02,4.105335517448607113e-02,4.295709554840006217e-02
3.680858812567640304e-02,2.148325281223324029e-02,2.223616833240196072e-02,3.735251004883552439e-02
3.591825607422497596e-02,3.771473724216049817e-02,3.297073402306351791e-02,1.132369709409303607e-02
4.876355283330748719e-02,1.000704600553003511e-02,1.381186112830823029e-02,3.893296808066647186e-02
4.853736510150135491e-02,3.017094322189576433e-02,2.199170528617318959e-02,2.686706113304018761e-02
1.995116481431638555e-02,4.044194147704777836e-02,4.052012377174200181e-02,1.858914201789975407e-02
3.581750475980891718e-02,2.512874545547046784e-02,1.164747992907511250e-02,4.633690017992452698e-02
1.306021435485422641e-02,1.167341990656141013e-02,3.665765202909889581e-02,2.738384345758337196e-02
4.791056356740934496e-02,3.920142385864434226e-02,1.796591461054405925e-02,4.012741002536888979e-02
3.828212849762891584e-02,3.643057197900721050e-02,2.878951306932726190e-02,2.356571211907292421e-02
3.385152234424499557e-02,1.229697404715141343e-02,2.936172704510050385e-02,2.200115424024842378e-02
1.465498646551745970e-02,4.129773559820638235e-02,4.086977396702305698e-02,2.339788199797809484e-02
2.003683589195371512e-02,4.876589422516511285e-02,3.968267750977661629e-02,2.312009258973028725e-02
4.426278717132230839e-02,1.733131576682786501e-02,1.738506487360026373e-02,4.427647304964785896e-02
1.052634482683375942e-02,4.271766024730676292e-02,2.148257288766695222e-02,1.497267998763797230e-02
2.119597332396285644e-02,2.574052133267005354e-02,3.089471146191479639e-02,2.162091536117316873e-02
4.633204188937915802e-02,3.274242972056145423e-02,4.395857130153080217e-02,4.035824652217741976e-02
3.445938517565657472e-02,3.908036223698952566e-02,1.886123976562171026e-02,2.043287499375666394e-02
1.025462603614925999e-02,4.226829975064414630e-02,4.987733842793519445e-02,2.290978219156687701e-02
3.398661192223507987e-02,4.025060435362724787e-02,4.024919271243872221e-02,2.089182412622813886e-02
3.319148083766786800e-02,2.151504270146169240e-02,1.405324700751904923e-02,3.599699269574582750e-02
1.010550397563746323e-02,2.379673046735183636e-02,4.300106648305564855e-02,2.614534922315967652e-02
3.543163635228569613e-02,4.948038679918730087e-02,1.657103768982392394e-02,3.332250319009607414e-02
1.335157474797904475e-02,4.832824600399754367e-02,4.650452499837095383e-02,3.944313398128747317e-02
4.871126759447606813e-02,1.649727761554595912e-02,1.915901770680035823e-02,3.084027335415850252e-02
1.897129133644000210e-02,4.157210225285656868e-02,3.396960760074133751e-02,1.479399393411563388e-02
2.001030191093097418e-02,2.062192838627082206e-02,4.223507540730369464e-02,4.619926709843681645e-02
3.093006979956135216e-02,4.877178825811681606e-02,3.325966844212855517e-02,4.113084034282316059e-02
1.377897569211465265e-02,3.436709256424164138e-02,1.437136449712626829e-02,3.159465637831727902e-02
4.074246910559328055e-02,3.079328269778216359e-02,4.129601675312528919e-02,3.625613321941067307e-02
2.919872873944817648e-02,3.416249880309636666e-02,3.287202446794636884e-02,1.099268926353547636e-02
2.629592431001550462e-02,4.143035085810119200e-02,3.718206744238699429e-02,1.290293637507367551e-02
2.246689535659838338e-02,3.961870510784942095e-02,3.815489935884926187e-02,2.767633862851929388e-02
2.405110819212290252e-02,1.758997067229486552e-02,4.480843917310733254e-02,3.255549194968732074e-02
4.689550807631875234e-02,3.164982484860705270e-02,1.679722303527678151e-02,3.878606323582349524e-02
4.329476754093704999e-02,4.512253778708273655e-02,3.081038144034585480e-02,4.742225529132085282e-02
3.668405003708950785e-02,3.649883269804457542e-02,3.264167926381688484e-02,3.742182057028100445e-02
2.145122224097567587e-02,1.274777960519299889e-02,4.739929703499734526e-02,1.079338479928307511e-02
2.148050353715403454e-02,1.745069533294558994e-02,2.694205076897441403e-02,3.107692447714879846e-02
2.783409255565896800e-02,3.951963714987061227e-02,2.861567383733370357e-02,2.424224700599201393e-02
4.440384915089799073e-02,3.446196755398683170e-02,2.015700756370360225e-02,2.624347068253370108e-02
1.072382061963970956e-02,1.821975574946192375e-02,1.797576368218971668e-02,4.506271999155213315e-02
1.530552253618522318e-02,4.110678751019752886e-02,3.803774793685726213e-02,2.956178151624441058e-02
3.429507576224493509e-02,1.320762748860652980e-02,4.198259848141943501e-02,4.523612699900165374e-02
3.385892923336039639e-02,3.864294209972725380e-02,3.363511470788341923e-02,4.026834123587300779e-02
3.822416077163182102e-02,4.266267294102446539e-02,4.346104685315732574e-02,1.098746321018855866e-02
4.098753148969368210e-02,4.071208414609592263e-02,3.725832190300661789e-02,3.692576203676997681e-02
3.732393868597717879e-02,4.963379293874857490e-02,1.918241683515918908e-02,3.269900475278707946e-02
3.202149804416768580e-02,4.575372148227198343e-02,1.659044161788412672e-02,2.215857657118555646e-02
2.949532119523697732e-02,1.322906040350597771e-02,1.920266639112615942e-02,2.825821980258870492e-02
2.704806774506814809e-02,1.788711249867043496e-02,1.116674602818818959e-02,2.999458535787629526e-02
2.020414513586202276e-02,3.054545989695309910e-02,2.336458060163711797e-02,1.754809390655101900e-02
2.154285867559647266e-02,2.673792165970952095e-02,2.121919620410722684e-02,2.426987739893347526e-02
2.080063633969201492e-02,2.201711366241562023e-02,4.450261505912132126e-02,4.827780096733488152e-02
2.565741791118873738e-02,2.358565174048501967e-02,2.063170246218445220e-02,1.004332333515481346e-02
2.165525697126758492e-02,3.420630293332045657e-02,1.903910052374751388e-02,3.715830826274325871e-02
2.555507866440857173e-02,2.160062204037905415e-02,2.266061257026046050e-02,2.409374113594534017e-02
2.866042037039814167e-02,4.158462620059562298e-02,3.001457078945645590e-02,3.046330700739708491e-02
4.747417264455628533e-02,1.621941823479094991e-02,1.880493205086142955e-02,1.782736505904995716e-02
4.503386431032047055e-02,2.023595337284635545e-02,3.169735839352719881e-02,4.689683876041630950e-02
3.045939323203964572e-02,2.125231114633486379e-02,2.940132290425717665e-02,1.126796019283370781e-02
2.361601803103819189e-02,2.446474776011377944e-02,1.109987408301216748e-02,3.774350965257434326e-02
4.133830695572894565e-02,4.429266101411933471e-02,3.417305169379104141e-02,3.260333789677043875e-02
3.965306329963492332e-02,4.094575103660825360e-02,3.231984676717630789e-02,4.973456583933610203e-02
3.079680965849534990e-02,3.839227088326922083e-02,2.483022671237652967e-02,2.241861470344989546e-02
3.560909419440395907e-02,4.425421748480373729e-02,3.488235119396939504e-02,3.665474385766966797e-02
1.791214537333426365e-02,1.930514067494662478e-02,4.935364649217241495e-02,4.077817802476885189e-02
2.697393498400105921e-02,1.072762993996055451e-02,3.748716781640872714e-02,4.740780917630921243e-02
2.936748720193859546e-02,1.989912692466805702e-02,1.705251939842895512e-02,3.878859554217671535e-02
1.631314240815813152e-02,4.717404889522270467e-02,2.134243514130777786e-02,4.468954602631172723e-02
4.480799938445827191e-02,1.704419680032336765e-02,4.510948095020805848e-02,2.490156140494681133e-02
1.750523471027431305e-02,3.375543565663364359e-02,4.188056253133363993e-02,2.159822256882893560e-02
1.243112450624405882e-02,4.118870967073968298e-02,3.237469651124195991e-02,2.109457978350254628e-02
1.619201428793283840e-02,2.888486466746562759e-02,3.047771178407726600e-02,1.871642112964923971e-02
4.934318341455310591e-02,3.523270720953180363e-02,1.158820140608588997e-02,4.332848128084790945e-02
4.284718284742353167e-02,2.699970859339503176e-02,4.947180749604906946e-02,3.939264143156234049e-02
1.299351550401856188e-02,3.153523730241732104e-02,2.574187756579829345e-02,1.106466504777797039e-02
4.219404801108069675e-02,4.051526062428867370e-02,2.030503252536474887e-02,2.039377802069419071e-02
1.755263400096505194e-02,3.218074915747530518e-02,4.270070660362484255e-02,3.787376352883562586e-02
4.080100606791736001e-02,3.418854296037080603e-02,4.498955095681306943e-02,4.323960009127806453e-02
4.761155214196512858e-02,3.986055233828561528e-02,3.114333778739603042e-02,3.046966836794547107e-02
3.845911506086092252e-02,2.688741590345970767e-02,2.844460611379156373e-02,3.858884986987876076e-02
1.529521140955223887e-02,4.997592963746586014e-02,1.850947283060173226e-02,1.580728101407556305e-02
3.006419893762499879e-02,4.059235929814566241e-02,3.917649206264836592e-02,2.296915226270558608e-02
3.717537772769786975e-02,1.228741323683669485e-02,1.618205618917172017e-02,2.063395271632107592e-02
1.723884780530814467e-02,1.374536770620147716e-02,4.936962178892731479e-02,3.660434426024574556e-02
3.289342285972930019e-02,3.226284457627056484e-02,3.058258797673813617e-02,2.545408021562715201e-02
3.185039932461391360e-02,2.300531841554265960e-02,3.095410424194438431e-02,4.530481980186511215e-02
1.463980161038948638e-02,4.571732928298766901e-02,1.745664033328768808e-02,3.850040325535794561e-02
1.090826451131990740e-02,2.284874178777631520e-02,2.144348990991992027e-02,1.172426675026093899e-02
1.438032574935384049e-02,2.592302238281297272e-02,4.473025603989660981e-02,1.147737339566959162e-02
1.644177679699903444e-02,2.449439402981200969e-02,4.242019562395958621e-02,1.359045149133287361e-02
2.017152627310149840e-02,4.208506007622421496e-02,3.705157094844795801e-02,4.291955375727115468e-02
4.768737810190498000e-02,3.452021172115171677e-02,4.181941658193623346e-02,4.166342306010922814e-02
2.242081872589611960e-02,2.066674363123917335e-02,3.835650717938864085e-02,4.799834842071529217e-02
3.367043135588287245e-02,2.694945493162664157e-02,4.896419817007446884e-02,3.676770916878933232e-02
1.197320135277511050e-02,3.553461536093474593e-02,2.114317123148730729e-02,2.642513191052812960e-02
3.810936520977029757e-02,1.284707923535161923e-02,1.968816733315584960e-02,2.476403529192565400e-02
1.519946017062021384e-02,4.971525598392151357e-02,2.610264532090449813e-02,2.982174088084298819e-02
3.630718650149110382e-02,2.731489750356062840e-02,4.934843337579852829e-02,1.992764440327922382e-02
1.282165268075448686e-02,3.438811062183501355e-02,3.227139685183609552e-02,1.816792974802423216e-02
4.488651154304477281e-02,4.813240166281845811e-02,4.567077689719425959e-02,2.790401060852024800e-02
4.331126107098829531e-02,4.342261487436778478e-02,3.065916589990502761e-02,1.658192072474632545e-02
2.278736073500538251e-02,3.266040010311010294e-02,3.577993971746556978e-02,3.965098756311120215e-02
2.558749988716337020e-02,4.148640603019614764e-02,4.330581731853905963e-02,3.733067927568123334e-02
2.801998413617105832e-02,2.165747271721521136e-02,4.340574937402730260e-02,4.583403881765707455e-02
4.560175347297255877e-02,3.492082508298657156e-02,3.912127708662646586e-02,3.550230660543660099e-02
2.474373249499436239e-02,2.092435907686081287e-02,2.948882375074552559e-02,1.700441679166308021e-02
3.559738428626692264e-02,4.557742228253319761e-02,1.744979466175712243e-02,4.310606793580348817e-02
1.626845778654482239e-02,3.052450264325158591e-02,3.452691614265334524e-02,1.997932384572654457e-02
4.713185100169310637e-02,1.638836428139470863e-02,4.271330549183306041e-02,4.665046709161948385e-02
4.263966650955212934e-02,3.399398557128040926e-02,4.610358113764384536e-02,1.293726723787584632e-02
2.203774638476418968e-02,3.902386666528474130e-02,1.900471752362793004e-02,1.152170125287156101e-02
3.016341222190065813e-02,3.730341255918617066e-02,1.239157730794739065e-02,2.096952973941956441e-02
3.805213157654012412e-02,2.565001322596748706e-02,2.807761081454961116e-02,1.175482195350462805e-02
4.680844035228711592e-02,1.849885230374876885e-02,4.237922025555998506e-02,2.386593071000969041e-02
4.866710766502529290e-02,1.006846261310310672e-02,2.160848418260607681e-02,3.215735698130159359e-02
1.185834476501037779e-02,3.069385925926041564e-02,2.039491032348365873e-02,2.658570792109322262e-02
2.841860824879926389e-02,1.306291188682319991e-02,1.494088164645896583e-02,3.290045796176654935e-02
1.587498647398969537e-02,3.607653443370099910e-02,1.455230389923928107e-02,3.614680712278650621e-02
2.066572844600278805e-02,1.869292256821834808e-02,1.062753192395966308e-02,3.156273410179669808e-02
3.404238951008660419e-02,2.131052707576281541e-02,2.857440184479338730e-02,3.632733856362600072e-02
1.832825906723754492e-02,1.693780260419964351e-02,1.348337413921815719e-02,3.644037471923139426e-02
4.516961668302353627e-02,2.548710551630274657e-02,4.746868705976343278e-02,2.691553843622079834e-02
4.056693101037200933e-02,3.032997417411166519e-02,3.780117897484912282e-02,2.450127910993995725e-02
3.576780653501388657e-02,2.005740466678880909e-02,2.229843326956928301e-02,3.003491783855483793e-02
3.976340859391045562e-02,2.808627793781162674e-02,3.182982116763558023e-02,3.060797223900747072e-02
3.524332177913781783e-02,1.537905305554003454e-02,1.631199148768439425e-02,3.715168269577315274e-02
4.012318298549973072e-02,3.178693829260343523e-02,1.360146334946332747e-02,3.956573944181508012e-02
3.285952363323402931e-02,2.683652933515207756e-02,1.024793032219249896e-02,4.661568063560012076e-02
3.298277687505135614e-02,4.478082549918372540e-02,4.473501812842536202e-02,1.905490352163600326e-02
3.146978678139086827e-02,1.508042029682235378e-02,1.569530689101561807e-02,1.241606956850268770e-02
2.018933960928444987e-02,1.999277563275773245e-02,1.135252248884567085e-02,4.222990997623266712e-02
2.615955962991695777e-02,1.212049023327617034e-02,1.615762916524004361e-02,3.091482919135622037e-02
3.694071636975153339e-02,2.081084136239038512e-02,4.246361082342733906e-02,1.465738548309361566e-02
4.549252702937998938e-02,1.013983768845607217e-02,1.353590008228495664e-02,3.221200182829380559e-02
3.200091476536228580e-02,1.324739096115468834e-02,3.533433191147766078e-02,4.829240762800968145e-02
1.497491704444765641e-02,3.588810553033289219e-02,2.727501124332273180e-02,3.672022420782248414e-02
4.225044627591470481e-02,3.910746643210787771e-02,1.291466017817317208e-02,2.285248966559335487e-02
1.920981938012411225e-02,4.388323592138577284e-02,2.123741968420723991e-02,4.139211535810936177e-02
3.161616483634822894e-02,4.379184871623800074e-02,2.535975472840720085e-02,4.865977545483955724e-02
3.500650404826576023e-02,1.105939124653589241e-02,1.531611644361407371e-02,4.634286434853851500e-02
2.019702746872946431e-02,4.634504400582803441e-02,2.101083719302382358e-02,4.923066782634734351e-02
2.824974009571594447e-02,3.556484586733098946e-02,4.658904085938549156e-02,2.932666830186388129e-02
1.658576383998194154e-02,2.038711303411170142e-02,3.142557340783352221e-02,4.095320690744753273e-02
4.708493392707449599e-02,1.713214537982159225e-02,4.260742473762230142e-02,4.216351841272000106e-02
4.444339430923211626e-02,3.769121057743100162e-02,4.163641903796454907e-02,4.712054479774371862e-02
1.122691830187883336e-02,3.024189647342490073e-02,2.878086879250984359e-02,4.951718266631253279e-02
4.968222484430197261e-02,2.442247675654852374e-02,2.651165391912141400e-02,4.840283984771181353e-02
1.267239431064280317e-02,3.751172634842931536e-02,4.261631671728167287e-02,4.282092994448961909e-02
3.450527265722739406e-02,2.540618647003312774e-02,3.940643116204654156e-02,3.866655811975553553e-02
1.873882208219608547e-02,1.661436314229602917e-02,1.666003668999099102e-02,2.142759035878166046e-02
4.970111925276431836e-02,1.100684972306286390e-02,3.643428398702065057e-02,1.513740483304003639e-02
4.483532951082411927e-02,4.740417417193928257e-02,4.122757651747765983e-02,2.915850254250389184e-02
2.258565352253880804e-02,3.097456462398245208e-02,4.212241684875247388e-02,1.781656796667164394e-02
4.789749987716717533e-02,4.271347323806506946e-02,1.222015577552913387e-02,1.338159441490118819e-02
2.444768870975478486e-02,3.593922440802615331e-02,3.390342652616634006e-02,2.768281782105525002e-02
1.158069273133269933e-02,1.743113630951361598e-02,3.650209264850236973e-02,1.927825039755152320e-02
4.767881610099820172e-02,2.014887602133382666e-02,2.171498641879296768e-02,1.440126972256463439e-02
2.336983351029028183e-02,4.158943239131913244e-02,3.202422559878295716e-02,3.104212289771361016e-02
3.798555832674910954e-02,3.841489439938663292e-02,2.394050504802714557e-02,3.475702883566612195e-02
1.817077245823259246e-02,4.915143542412030858e-02,1.440005605336822092e-02,3.606093720370884964e-02
1.537573820821747789e-02,1.021780522447519879e-02,3.752110939565316688e-02,4.185549192690896092e-02
4.621753511248583718e-02,1.232056667484603824e-02,1.567400992602650811e-02,3.597087127362661590e-02
2.463818406042070364e-02,1.883685500504673344e-02,2.737807245295618974e-02,3.251233775240135876e-02
1.574616371870017281e-02,3.385726098329597256e-02,3.640832209710692657e-02,1.320911950766764584e-02
4.514159312255892204e-02,3.139597095528526977e-02,4.806567150050346238e-02,1.239906256627160835e-02
3.419198893535541767e-02,1.113908599073115333e-02,1.584190965562447956e-02,4.608568232060530900e-02
2.081258047625879695e-02,4.168552986031542201e-02,2.448057984173652307e-02,4.131300410928318706e-02
2.902354919668298505e-02,1.330179557401097237e-02,3.305371184821571245e-02,2.235143030531858144e-02
1.010802221468930749e-02,4.674510137108443819e-02,3.726259940772364693e-02,1.402074754028438501e-02
2.047867215229897536e-02,3.534980084963321861e-02,3.853952897819825502e-02,3.401999928005752794e-02
2.326462710238205028e-02,3.337135753024453311e-02,2.453235205253512241e-02,2.208163315585361802e-02
2.596044137728006213e-02,2.197209938839431165e-02,1.392114118350254622e-02,3.481022521734031261e-02
3.149875819025806795e-02,4.743478149667167132e-02,4.557829486849165196e-02,1.941375176044894679e-02
3.685596188404253321e-02,1.344328492985762472e-02,3.149157446873059735e-02,3.804395443651337888e-02
4.388236434372815020e-02,3.623658728160270015e-02,2.360695537800339833e-02,4.224181693385523073e-02
2.682364036933847923e-02,2.812020012109604783e-02,2.475190602972946602e-02,4.977693546559013721e-02
4.195475186146511298e-02,4.103939269423288738e-02,2.582042438892299258e-02,2.324413227324952785e-02
4.364917310570606834e-02,3.152848667393227250e-02,4.020797881881178065e-02,4.782853695418427115e-02
2.987508731085555813e-02,3.901033596271096665e-02,4.145718118437900085e-02,2.611694382776798967e-02
1.799918518572317036e-02,2.501945736653586605e-02,1.211567729304019805e-02,4.733319042019248218e-02
4.827924397065363332e-02,4.296419221703821900e-02,3.955774989348718323e-02,4.129855905774983127e-02
3.527479966626913266e-02,4.772441077885221372e-02,1.209925146571299431e-02,1.724416551773753567e-02
1.713754265069659943e-02,1.359569254809780622e-02,2.113034580632072029e-02,1.110657666033874197e-02
2.730394690280744247e-02,1.959301924710882964e-02,3.893236581202644958e-02,4.377369501768418186e-02
2.074781303023773976e-02,2.880675848037243109e-02,4.064996152601838691e-02,2.074134982026324195e-02
1.497904209139915011e-02,4.030970471076757849e-02,1.727499161534418182e-02,4.654193203171340387e-02
4.261177027982374771e-02,2.399059045292835368e-02,4.341708121928457981e-02,1.988272810330282345e-02
1.653204392949444990e-02,4.856721596412024583e-02,3.397573459847020444e-02,1.718959507677796095e-02
1.526769054263369188e-02,1.915548342475523885e-02,1.831875197206600525e-02,4.940669598467543888e-02
4.522605493733143633e-02,3.547587183250128923e-02,3.701326746734214662e-02,1.702659890253374955e-02
3.038902635525757290e-02,4.008312307491136012e-02,1.685709117651776334e-02,3.926527963874461291e-02
2.876277726262790185e-02,1.780188889499837585e-02,3.450159696517053620e-02,3.665069900698812722e-02
4.324523809812679670e-02,3.371064770823845036e-02,4.913489107038283149e-02,4.293284113999262797e-02
4.851138102673765301e-02,1.459227084149477063e-02,4.580010968907394925e-02,4.343597827958376595e-02
1.615118226266025470e-02,4.099468750012814910e-02,3.631059032489719618e-02,3.483306394101007980e-02
4.527900531445300941e-02,3.493981204941509072e-02,2.388119531937347648e-02,3.990960730893043651e-02
1.918441691667212637e-02,4.930278935150857883e-02,2.498232843785178764e-02,4.979713366418359738e-02
2.447562119087206764e-02,3.113088150643679441e-02,1.167364011230066778e-02,3.210043810915348683e-02
4.827335447472786562e-02,3.534571299729088317e-02,3.663365160033694307e-02,1.509858124661616827e-02
3.455312607211694781e-02,1.028105920269809653e-02,2.882163131387089489e-02,4.208780352988499007e-02
3.798163089148804544e-02,1.074289612694885945e-02,2.653937334228469169e-02,1.380191442488040710e-02
3.484735211616379891e-02,3.603309418074149978e-02,4.638101703655010677e-02,2.602992548664642691e-02
1.540403371187500960e-02,3.989145191406269497e-02,4.653296345063129280e-02,3.166485385570342453e-02
4.748243585467553513e-02,1.111422091311244781e-02,2.097221663755149609e-02,2.877397721837125777e-02
4.807994957284544846e-02,1.136009649402396245e-02,3.272570846222163515e-02,2.827214784851287549e-02
2.893346573149203904e-02,3.700889436243737923e-02,2.813350123977274853e-02,2.163834549823541453e-02
2.894063889823873109e-02,4.947501529090671257e-02,4.171938200812479874e-02,1.856900778254692852e-02
1.691933041940481622e-02,2.852968383060967145e-02,4.133706267512382571e-02,1.984748726332683302e-02
2.430086561759794289e-02,2.858756069428699392e-02,2.637767230868681007e-02,1.779943639513076326e-02
4.362295221592381311e-02,4.395618228539730638e-02,4.861803755072240107e-02,3.618889521996189462e-02
1.163191062010914684e-02,3.996117712970858465e-02,2.536273831850280672e-02,3.702787764316461255e-02
1.082157217082223462e-02,4.764733312543310839e-02,1.298800994880600079e-02,4.710471916791254821e-02
4.166075629787428097e-02,4.400463691179128112e-02,4.899789535051336797e-02,3.133252690417907826e-02
3.742215528262655966e-02,1.426237662747546764e-02,3.969727262482138780e-02,4.257105075831588842e-02
3.974869491181005909e-02,1.145325701509912128e-02,3.630017026864803403e-02,2.414919232761591344e-02
3.938372694290331877e-02,3.434094110087684143e-02,1.214631498339433305e-02,1.098306172576684822e-02
3.971591404482312931e-02,4.771397286011427180e-02,2.079349254377790487e-02,2.098839697459051537e-02
2.104203910194090907e-02,3.714900490178978804e-02,3.239098924206422481e-02,2.214096402791898219e-02
4.824522418859486517e-02,4.437813617595096766e-02,1.322544003329320997e-02,4.054144671542663642e-02
4.184545269877491813e-02,1.631441198488236752e-02,1.821687005027888828e-02,1.413377140875871942e-02
4.715085026161681958e-02,3.417316081662696153e-02,4.869362759900165705e-02,2.984637637112369513e-02
2.999793890417679076e-02,3.851668192464020174e-02,3.801290398046573704e-02,4.192116466980481959e-02
3.741652458574289825e-02,1.490728546003658624e-02,1.387667418983567699e-02,4.909246150421864990e-02
3.461546444136493622e-02,3.501274129620115388e-02,1.826912968610721472e-02,1.486584683370733087e-02
4.663957687141755820e-02,4.426614365656701688e-02,3.587294575907786637e-02,2.311696850154455057e-02
4.145769323003211521e-02,4.775800187579193334e-02,2.758992812192122973e-02,3.008449929160161157e-02
1.672036406367829672e-02,3.186611086823126077e-02,3.791881685575442668e-02,4.841997000934736978e-02
2.270792712791583692e-02,3.073446958797324685e-02,1.370880963142040443e-02,3.263810502440449290e-02
3.565234930950289538e-02,2.242059856554108610e-02,2.135480223986424217e-02,3.041642340491485658e-02
2.144543489558704830e-02,1.686652526604432920e-02,1.456746589648817702e-02,4.518795158140656576e-02
3.367704970595621072e-02,2.927434837346139240e-02,1.036848844802717995e-02,1.222291309358979061e-02
4.027329439883318984e-02,3.590766227454465082e-02,3.166130930250819070e-02,3.019699944993858853e-02
3.232790068406136280e-02,3.428958505000513635e-02,3.964976923958353494e-02,1.928017030442412405e-02
4.523587148253534196e-02,2.225235789606198888e-02,2.489850844886454945e-02,3.706856194924549458e-02
3.810779993953054140e-02,3.926108588004029870e-02,4.875752913275046424e-02,3.126520709891383865e-02
4.781699599827501229e-02,3.836812280802154307e-02,2.648978256813731141e-02,4.281886875335193243e-02
3.305466508692721239e-02,1.198156663874895035e-02,2.986881151095660547e-02,2.300237112126713585e-02
1.505274861564369175e-02,1.272712470868640755e-02,2.499747977752305589e-02,4.498255069539336404e-02
4.795622276214531882e-02,3.284513674774828390e-02,1.082660401702657815e-02,1.637708180360923985e-02
1.630737422537110667e-02,1.697616426783041949e-02,3.110004903262194448e-02,3.813751960223074611e-02
2.098692288443664011e-02,3.388008294161041351e-02,1.157681568927714996e-02,1.757846616151814007e-02
4.249949896561301677e-02,1.196434846950319986e-02,1.446854268591671669e-02,2.761197489067319932e-02
1.380783359619024847e-02,1.752322928873225119e-02,4.530350179711635505e-02,2.241398779868988486e-02
2.981591966797431104e-02,3.610898552837627645e-02,4.071412957851681946e-02,2.835736390589239930e-02
1.900428148050305535e-02,1.338378518378812755e-02,2.632563055301755106e-02,2.271929265616888863e-02
2.607516043433700387e-02,4.613990272246989294e-02,4.756867240925861939e-02,1.747276048309690660e-02
4.842648958890801575e-02,1.704121413285078837e-02,3.779767756836661941e-02,3.072302999494366804e-02
1.266125229602179172e-02,3.115006195683246021e-02,2.739653125297984021e-02,1.091332665064917093e-02
1.723492235657981750e-02,3.324527572889462990e-02,1.284844581438703871e-02,4.769026696594973885e-02
3.552818872686262092e-02,4.106719184907653419e-02,2.448469045289194609e-02,3.059501248517076943e-02
4.740782669989313663e-02,2.049035305856910030e-02,4.456923832665484614e-02,2.376303892921006328e-02
3.322278513051805937e-02,2.751380801087239397e-02,3.019018333772353208e-02,1.564221018001261260e-02
1.804881355396630027e-02,1.663989254105891630e-02,2.588987627027939525e-02,2.562486054208404362e-02
3.428155917957999982e-02,1.550246607095017402e-02,2.213995962252049421e-02,4.824655393891657401e-02
4.245096171902350973e-02,1.890691650983562788e-02,1.720126858316009533e-02,2.491173403705111700e-02
3.350059607239336268e-02,2.776517073643144234e-02,4.952824817227876458e-02,2.426352603088168663e-02
1.246575229804070852e-02,3.247133316470732223e-02,4.843545183504321255e-02,1.744643376066811608e-02
4.668149240856882959e-02,1.811658712899043289e-02,1.855405199775888442e-02,4.784842271988195422e-02
1.489930287676863307e-02,4.908230715223737411e-02,1.610485425137007237e-02,4.806724637691328628e-02
4.936314566847102570e-02,1.408433250960056463e-02,4.717438145557955459e-02,4.625374366436754703e-02
4.306468745696253458e-02,2.609089504622059963e-02,1.789598959327871885e-02,1.486344549004304377e-02
4.170178409669230563e-02,1.530997538914876180e-02,4.344016128159568224e-02,2.992246799295288778e-02
4.326641603890303556e-02,1.645282869463917524e-02,1.474311817154768355e-02,2.665754676741954876e-02
1.120488722426766885e-02,2.449636101297514301e-02,4.917549404484119341e-02,4.891256691807428086e-02
1.887805180169759012e-02,3.194179741251139404e-02,3.290455403732301526e-02,3.926339351461426153e-02
1.549303683872702356e-02,2.022657054196539544e-02,3.105722009009930645e-02,2.526848737384163393e-02
2.261383726289146329e-02,3.471367324075180089e-02,2.878455936866571724e-02,2.990159830891879478e-02
4.187426982624943561e-02,3.220374014214791997e-02,3.533704680948769605e-02,1.904081261680554832e-02
3.966654490380717296e-02,1.217417628521363926e-02,3.332014793779049244e-02,3.972934556882081608e-02
1.791788082698823892e-02,1.285964364997751498e-02,3.923334561052405078e-02,3.568374157773611388e-02
3.874590808839288580e-02,2.555987060831466789e-02,1.712004483504955821e-02,3.921892532749827326e-02
3.823621558167870915e-02,3.803752593877477578e-02,1.629249045531473011e-02,1.102159358257488384e-02
1.410339913361807751e-02,4.397830256314248787e-02,1.005661488470957661e-02,1.174457456608822732e-02
3.684148970702313952e-02,1.139774394123668246e-02,3.518701775257059711e-02,1.838817824206486970e-02
1.372683359950739070e-02,2.042230664026793360e-02,2.606616606195661517e-02,2.399575184828884461e-02
1.860100860475183762e-02,2.199154350194301721e-02,3.563648982652920655e-02,4.432150253197042478e-02
1.114190487804290856e-02,4.750565562621586468e-02,3.210456282778866022e-02,2.153588632753603016e-02
4.325339329591339904e-02,3.567003640198235931e-02,3.757647932860410517e-02,1.313683655408958394e-02
3.053105118485480857e-02,3.506137788653801435e-02,2.207951261144152494e-02,4.825337730928425106e-02
4.381305290850210504e-02,3.120270861568474885e-02,2.595096948379656959e-02,1.451271239297832749e-02
3.595588348861276928e-02,3.334594754952630025e-02,1.741396215424442784e-02,4.078713671815079045e-02
4.243365290374701698e-02,2.622156820960257900e-02,3.396591396366616805e-02,4.313400718943352641e-02
1.058423330836785921e-02,3.088817540628450986e-02,3.025149099057111018e-02,4.334866188562023354e-02
3.547204521888957379e-02,1.826725144907214576e-02,1.751956984650619373e-02,1.335784856406883186e-02
4.380591907227475434e-02,3.337203430606773547e-02,4.049646896538417612e-02,3.697155850683907924e-02
2.655117215587181334e-02,2.733507129835842375e-02,4.937699627696107846e-02,1.052786092361341144e-02
3.774746161700431174e-02,2.279850070950976970e-02,4.889788003006353273e-02,3.291493000663529150e-02
3.050340939571326293e-02,2.434648331393315240e-02,2.240436066067946069e-02,4.752433510843884212e-02
4.859636342361638855e-02,1.131696561885920521e-02,1.360447131105686769e-02,2.116392880207049881e-02
2.435834693399126921e-02,2.029960287414610959e-02,3.658834797467779010e-02,4.022991886115706572e-02
4.484684845176604984e-02,2.077350591178844796e-02,4.611723982083588969e-02,3.155244070678010077e-02
1.935046755824156028e-02,3.457643223760917262e-02,3.248963976222076638e-02,3.227735596818574054e-02
1.073559388977822840e-02,2.202201649587719190e-02,2.414591930906812012e-02,3.304390823100435137e-02
4.555251610021761322e-02,2.800491534085408629e-02,3.275947095754176697e-02,4.524990045716341391e-02
4.617199038453696086e-02,4.020819025329890051e-02,1.677206088507194812e-02,3.427871864850044054e-02
2.898613057235245594e-02,4.601915807266834108e-02,2.821836379193767841e-02,3.381563914410224553e-02
1.455092342886644616e-02,4.312227187518724580e-02,4.403828454392762909e-02,1.308129163109048726e-02
1.635514999580987144e-02,2.740044182011983770e-02,2.276548468159407534e-02,1.578670961782796534e-02
2.436265681252695187e-02,1.755651601707344106e-02,1.735775228255337366e-02,1.437130878389556929e-02
1.994152991231501471e-02,4.256541209674146592e-02,4.933503117769043322e-02,2.288889376847197399e-02
2.740077963173023767e-02,3.130363038847935181e-02,1.846188862845375006e-02,1.463896592348929229e-02
2.769623731705188330e-02,2.798313530339729266e-02,2.956361422383350229e-02,2.593107374680583832e-02
3.662820926444648739e-02,2.436324279213731084e-02,4.626489101018339128e-02,3.492733143985964767e-02
3.213525621114719788e-02,4.394363293641365825e-02,1.461578223049318434e-02,3.158913141764755489e-02
3.159890411369595947e-02,4.426254967260846718e-02,3.235494371628469534e-02,2.509839488222561504e-02
2.128623092724650501e-02,2.681197104510928131e-02,3.564122336610416053e-02,3.968618763674976180e-02
4.586277878624521465e-02,3.015965539196861778e-02,3.344999097987367415e-02,3.882643161403674659e-02
2.491265440346292909e-02,4.817756649301992850e-02,4.524728343264822900e-02,3.779169835574644476e-02
3.215032317669337669e-02,3.527658115486810575e-02,2.029612784680260087e-02,1.933765583142418865e-02
4.843616559075839684e-02,1.031562345809954387e-02,1.797679135168804565e-02,2.295541273879696254e-02
2.752072004466792066e-02,4.320322538520709327e-02,1.908469537224323498e-02,4.523052009391411582e-02
2.202288269268545470e-02,3.940962108143004905e-02,2.406824205736549094e-02,2.350226864098972981e-02
4.480842806501870307e-02,1.599946917613662839e-02,4.195653057271261227e-02,1.164184860342331804e-02
3.218810651769377085e-02,4.708683927141689429e-02,3.429345434467576115e-02,3.640963179299924746e-02
3.653150002735074814e-02,1.597446144032916779e-02,3.632397004991280015e-02,4.881217003781347652e-02
3.181712671582592050e-02,4.942793480074898077e-02,2.333797021735023458e-02,3.236273455256798853e-02
4.145251366061247084e-02,1.014969624119025499e-02,2.977799230566887528e-02,3.101244541886864076e-02
2.790442849773421691e-02,1.537522952978611496e-02,3.927223381367907912e-02,2.260584817477827302e-02
3.357875140226010413e-02,4.938813086402703972e-02,3.040910781860156620e-02,4.990484011803295039e-02
1.720551875998128574e-02,1.140846967364948783e-02,4.827836166747898755e-02,4.825760237930554197e-02
4.563313085084282766e-02,1.458268814580142465e-02,3.261833721957713150e-02,1.114759212668695737e-02
2.643357407063607473e-02,3.243880065781942074e-02,1.936340758103810913e-02,2.844739273458589401e-02
2.241082250042351898e-02,4.531633370947842077e-02,3.989441164690694930e-02,3.649712543639180989e-02
3.446428749818290088e-02,1.319409774615474575e-02,4.584190768150647743e-02,2.943597577841720186e-02
4.042977861376498977e-02,3.548681363337030659e-02,3.504821028725724208e-02,2.493903164118188229e-02
1.028558852828437981e-02,2.492971948263957016e-02,4.710373002918901569e-02,3.461471392238199551e-02
2.897276440106114070e-02,3.292765068440035858e-02,4.764627947587352780e-02,2.817081317499283560e-02
2.752782989988732804e-02,2.354909380205462421e-02,4.325175925403058202e-02,2.283665757332650412e-02
1.667298389112967238e-02,1.435844726429224075e-02,3.484141680109232447e-02,2.335179534618850306e-02
2.584031934254578389e-02,1.767823615968020998e-02,1.234664938094160759e-02,4.309556341140468455e-02
2.360882057783359259e-02,4.027947909408557264e-02,1.009421358705505506e-02,1.350294085355599125e-02
4.181391993395407874e-02,1.605956030016041092e-02,4.845890195352232227e-02,4.675070523692036184e-02
3.264433550015481689e-02,2.875032844373242441e-02,2.776729530673559265e-02,4.702911835595930540e-02
2.254420981205779162e-02,2.578873542985475609e-02,1.248787129135385705e-02,4.598076332176268682e-02
2.487017946348510020e-02,2.689969498159514028e-02,3.561997426811287781e-02,4.702190893347676232e-02
3.346216314418710980e-02,2.486290253520002935e-02,2.491960728914993650e-02,2.985512751765158346e-02
2.028301016651343214e-02,2.256817608947894044e-02,1.098287118865757736e-02,1.803581000529206127e-02
4.351328469734965648e-02,1.642519402963313335e-02,3.832988953200016508e-02,3.598219405349214334e-02
2.283801962581320788e-02,4.219960969873433332e-02,3.293630373799481814e-02,2.452302909711635143e-02
1.644641176968046972e-02,1.162329934011115465e-02,1.951690765164666025e-02,2.351407819855295261e-02
4.987908611020153149e-02,3.629468831763765779e-02,3.159894617581334580e-02,1.108896538187764333e-02
3.606049712027033227e-02,4.858460403346877982e-02,3.019788981969064728e-02,4.111790014771973117e-02
1.606338862748232441e-02,1.366846290899067021e-02,2.641410834783045058e-02,2.610918612610425849e-02
2.964069451204152245e-02,1.309046540508567238e-02,4.747974799097429838e-02,2.772503637732189052e-02
3.131570420252983294e-02,1.776191931275713370e-02,1.384454960536640397e-02,2.863678446573635072e-02
4.893667571863975080e-02,4.496562242041088342e-02,4.682032369462554855e-02,2.999165377536937988e-02
3.507992361528455838e-02,2.065567586183749554e-02,3.057105654886798501e-02,4.373454575267628902e-02
2.186632697378099871e-02,1.397661117109407283e-02,2.701045313851702795e-02,2.613953398644439097e-02
3.600283996269810355e-02,2.640795106466656272e-02,2.578190363642395011e-02,3.491984896884933048e-02
3.190104661183561230e-02,3.625756597646150742e-02,3.954975615298304825e-02,1.804003086819212093e-02
1.022369342482330572e-02,3.922362249926109740e-02,4.705586148868912133e-02,2.911707768175565009e-02
3.055051536707541204e-02,1.699218424033895752e-02,2.557119889209399921e-02,3.179654484043129697e-02
1.925179246851433518e-02,1.549196872666900801e-02,4.053074752678845899e-02,2.989327144447273543e-02
2.214515515705587495e-02,3.174694132422424542e-02,3.661934965826298127e-02,4.214611318521628569e-02
2.035957406959969934e-02,4.131990434368866538e-02,3.367806275385581277e-02,2.898396257903447515e-02
1.607353101932420397e-02,4.664936318775241009e-02,4.910816313550366713e-02,3.056601511324997383e-02
4.228360599421838312e-02,1.938847754450612193e-02,4.319420290453698102e-02,4.171836145539821461e-02
4.518950840294755356e-02,1.514788989618406564e-02,2.184693653828463644e-02,2.027854551877626005e-02
3.525930244624055077e-02,2.991489211433375622e-02,1.208846126440210958e-02,3.495669316614635758e-02
2.719476989996869043e-02,1.982592467242901002e-02,2.267782760643493462e-02,1.990163125618940598e-02
1.632017342474093718e-02,3.801502398442305197e-02,2.875245868813332967e-02,3.930899255516077245e-02
1.343344468687743092e-02,2.652180589198241401e-02,1.234240143214575085e-02,4.976056951090823688e-02
2.073027190690135760e-02,3.722030108121683611e-02,3.690032774448290948e-02,3.720825886510081143e-02
4.158371989337179137e-02,2.458627841776456213e-02,1.012510879910095626e-02,4.120539842859678031e-02
4.477049565728265929e-02,1.047572556781129795e-02,1.351944464931734494e-02,1.680349400371864560e-02
3.420606610293681904e-02,2.858940078894154496e-02,3.863241160884418879e-02,3.452687507430517166e-02
3.133073039592317727e-02,2.227969197672302962e-02,4.139763004985468758e-02,4.738825325661835675e-02
1.377399930550080899e-02,3.698790342896574046e-02,2.011223656811089028e-02,4.033125045317995094e-02
4.142152355949768605e-02,4.129535720236263835e-02,4.824618802481155100e-02,4.753789118297011701e-02
4.856313353836003849e-02,1.634141405025955548e-02,4.075301340527179295e-02,3.051284662368084627e-02
1.164790117256961008e-02,3.828715737479606446e-02,3.945650201099028254e-02,2.549415900656084449e-02
4.491180203217937095e-02,4.327666621839695166e-02,2.733635483204222699e-02,4.229913547504539351e-02
1.511424727131847716e-02,3.095967122604675187e-02,4.733021764154123068e-02,1.279392823714937955e-02
3.115633464026475175e-02,4.279632736052958047e-02,2.816172295838519773e-02,3.786317795033055517e-02
3.081706610022543619e-02,3.448112579664611155e-02,1.317062618927692524e-02,1.478646556537844582e-02
3.838340319023295089e-02,1.211619723801941190e-02,3.230254957292866269e-02,1.126924272440308662e-02
4.471736982612788819e-02,1.774982410151773257e-02,1.563948314360451633e-02,4.698629746904737364e-02
1.272442058808005705e-02,4.615603697689008716e-02,4.132706172971693098e-02,3.804549432206542209e-02
1.570375709541989989e-02,2.526213575011459350e-02,3.245763973860250895e-02,3.353893150927719086e-02
2.994276319523474228e-02,3.667851141901556922e-02,3.956980936465681609e-02,4.653188227773092517e-02
3.341397270420061461e-02,3.586874294141994407e-02,4.608764502037261679e-02,1.139953669748349115e-02
4.588902838966665149e-02,1.182519197600263861e-02,4.119087326735092897e-02,2.465739175863126270e-02
3.365970929048409110e-02,3.400196130164098718e-02,2.730293921915764865e-02,4.824807205529169779e-02
4.439398474894763746e-02,4.909348356405645458e-02,3.100155356295320602e-02,2.214481029108215232e-02
3.091150055600109386e-02,3.775651534048135582e-02,4.151282595146855298e-02,4.686147305079964992e-02
3.682766053162205705e-02,4.920001525932048148e-02,3.173433371695046773e-02,4.210890276600060683e-02
3.486310470630306357e-02,3.965753501680493315e-02,2.400510122602735052e-02,3.372593840284072997e-02
3.384334196581682830e-02,4.551059510276655312e-02,1.411939433972509914e-02,1.082697882027635825e-02
1.139631480285444379e-02,3.465588635045973448e-02,3.918010283554277523e-02,3.527551734140535467e-02
3.135587052276779529e-02,2.626523915572366585e-02,3.944568556992888303e-02,4.685027340710762322e-02
2.602014058865281809e-02,1.488506333904300247e-02,3.210243602236680094e-02,3.049834780819543623e-02
1.333517861125709490e-02,3.596223787007063466e-02,2.138482583523061004e-02,3.027027776111344132e-02
1.558845662431312257e-02,4.686114687000143830e-02,4.103447659134511899e-02,3.213042072491367057e-02
2.007277706686091262e-02,2.118480599629299702e-02,3.920059886304486096e-02,4.076521272141428454e-02
1.230045265237236091e-02,1.236723078686001800e-02,3.346467978438058544e-02,2.586892279029268105e-02
1.962075248674384487e-02,4.878013616553802945e-02,3.815195419929194587e-02,3.374219795485797202e-02
4.752584937613096167e-02,2.763247801073098753e-02,4.978116204218821506e-02,4.137871633720478087e-02
4.447788849862737565e-02,3.020741457753819276e-02,2.136864760793818693e-02,2.007044520244030336e-02
2.623580842457386847e-02,4.715479442904164237e-02,4.021665995158477808e-02,3.146591273845080611e-02
4.965727185093130047e-02,3.413907615175573729e-02,2.915240403973157896e-02,4.913169291403463729e-02
1.584703931592380127e-02,1.636534626959602889e-02,2.964059725982397253e-02,4.361819341332862782e-02
4.875292972092138549e-02,4.123774280722570379e-02,3.007685699543478225e-02,4.283605086341413931e-02
4.282547918658152764e-02,3.948467357542562867e-02,2.663457759544427678e-02,1.139273098554215678e-02
1.002639503917190922e-02,3.643948217178142462e-02,2.980813861179819335e-02,3.202545736443981883e-02
3.903946365655409229e-02,1.297705074370116701e-02,2.093933332580425605e-02,2.462519345725442538e-02
1.043010867868403128e-02,4.445662413084388448e-02,1.235127691224748893e-02,1.995196114541295321e-02
2.719759930320807956e-02,4.381472909387323228e-02,3.647438089321424631e-02,2.795346394404191886e-02
3.610856896069582905e-02,2.714988310889118045e-02,4.292009686005270747e-02,3.071007968078249412e-02
4.426738116018758690e-02,3.329799913179590232e-02,1.817430537414324587e-02,1.094626522878847617e-02
3.761021320196288042e-02,3.977180365716952853e-02,4.466085866883176547e-02,1.273629149848862219e-02
1.406477466899431691e-02,4.235311952876455455e-02,1.035255768278088746e-02,1.575234975668929685e-02
2.637825994502799448e-02,1.799398438323562832e-02,1.177920113313569300e-02,4.067196183435081713e-02
4.353468734593490819e-02,3.376938154087894689e-02,1.400691425778602568e-02,2.748008985250425390e-02
1.255890149916880083e-02,4.012472854004391076e-02,3.208833053679326086e-02,2.663379758971971129e-02
1.221204505257905172e-02,4.855455278127171481e-02,2.048798919228927637e-02,1.981901117830981232e-02
1.331882166240697628e-02,1.739050693878597606e-02,1.332563703663360716e-02,1.870045657011715906e-02
3.441288570556906568e-02,1.892987869625187280e-02,2.769832049857510331e-02,3.625097012558840814e-02
1.998206887701357848e-02,2.560328388913410066e-02,2.508542431023663005e-02,2.913895712030466212e-02
4.343675931812742558e-02,2.670803266295127681e-02,4.905540474000436024e-02,3.300163858008260676e-02
3.908041578630497975e-02,4.282979985940329332e-02,4.199278332864337521e-02,4.332497843449984593e-02
2.032414457254295287e-02,1.244082489347823547e-02,2.745875281244274102e-02,2.347405052733411712e-02
2.283203942234033473e-02,2.610942765488380446e-02,4.486736377203082854e-02,4.970808896383598074e-02
2.869358029788735692e-02,1.368195836183086316e-02,2.660553009625693521e-02,1.719402268150713176e-02
1.512706679835353410e-02,1.628519056240003079e-02,3.467761943476844327e-02,2.607138989327194983e-02
2.237518213986943935e-02,4.034252532735333602e-02,2.080083724995377900e-02,1.642533112617915181e-02
3.203015483770280808e-02,2.336127121790226163e-02,1.632778164820133937e-02,2.520337221701035232e-02
2.219964078863063267e-02,1.143501106896247302e-02,4.408207727978390861e-02,3.396775660061487900e-02
4.487701819059898567e-02,1.462777123336874048e-02,2.836113105576756888e-02,3.021512657561870041e-02
3.611731147239120171e-02,2.598075810887227194e-02,1.250992409100023031e-02,3.689275678504202322e-02
2.380732221020022410e-02,1.572808220681100322e-02,4.916892186050504654e-02,3.618425937925873193e-02
4.247107902191109979e-02,3.795629703544614597e-02,4.560290229044782623e-02,2.750885557313268587e-02
3.267311326767784879e-02,2.275153831743713037e-02,2.850067159232487490e-02,3.103256614304634314e-02
1.622809694760075569e-02,3.880197377012469667e-02,2.564391762323405682e-02,1.964588264807307777e-02
2.569415692609845758e-02,2.167305025637831367e-02,1.966484611123328619e-02,3.378163978505901999e-02
1.256587742763804957e-02,1.990248388104857991e-02,2.069354218742023785e-02,1.671742123947218828e-02
1.116492379869180041e-02,3.291766259415872253e-02,1.157369648671105825e-02,1.701416168564875986e-02
2.275673477586915433e-02,1.161328861063449028e-02,3.199477711716065820e-02,2.199691610046872192e-02
4.397216517607827058e-02,3.604770271713306912e-02,3.513580728771023565e-02,2.154002893540803154e-02
1.636762936857686160e-02,4.487850617010568505e-02,2.946464131400622355e-02,1.876220706168651997e-02
1.033231329063683847e-02,1.204635544497493702e-02,1.562043760605992884e-02,4.006677706674379585e-02
4.438394016915016282e-02,1.950010432757056517e-02,2.510812966140716501e-02,3.758708309034920064e-02
2.463324963498159798e-02,2.123086398822212825e-02,1.266684121029013413e-02,2.406677222650691755e-02
1.294614165625641508e-02,1.245770999588554848e-02,2.435544538228621297e-02,1.383776659808266113e-02
1.895042197705703452e-02,1.105361299238022052e-02,2.868237223622362164e-02,3.203219319430188755e-02
2.468551266937294916e-02,4.231773715768955002e-02,3.754640909280092947e-02,3.382991311874029156e-02
2.638723322859061471e-02,1.138953833794708638e-02,3.517834994905778140e-02,4.398618066315312936e-02
4.839244556122297009e-02,1.719188752108452220e-02,2.892954857643794536e-02,4.120290443968999822e-02
3.691925273882910863e-02,4.817531806349768103e-02,3.544644081867822510e-02,1.177369723194726311e-02
4.617624386432133549e-02,1.430191851359005097e-02,3.273089123838044540e-02,1.760753887991108393e-02
2.428148914862201385e-02,2.550916440205968153e-02,2.304571904345359412e-02,1.242440594536375030e-02
1.908259036226291061e-02,4.958161978049253210e-02,3.288930361926332285e-02,3.377185097002412956e-02
1.728453769663930092e-02,4.350612028865784991e-02,1.062835892370878922e-02,2.490600459149134444e-02
3.036117209249931947e-02,3.535818013016787248e-02,1.979486263804773258e-02,4.236789700663175923e-02
1.963778879952943895e-02,1.482808874773891214e-02,3.098346508747242684e-02,4.061955376244304194e-02
1.467570712795156218e-02,2.808968663453838971e-02,2.164980398666481454e-02,1.176151817686782279e-02
4.385175847168325258e-02,1.947091295908681685e-02,2.014475409713155710e-02,1.604096081313164876e-02
2.866524315996955147e-02,2.801649334589222801e-02,3.411414274325130780e-02,3.822932885770019551e-02
4.045595437117966570e-02,1.616099109136360026e-02,2.811814673001870185e-02,4.295177047227233952e-02
4.450489559146172946e-02,2.182361182977674008e-02,4.120178049152749267e-02,1.565380048465113069e-02
2.615175481380162953e-02,3.536864961088069526e-02,1.339380144500086807e-02,1.034035900051751174e-02
4.798322092438378483e-02,4.315363427155725906e-02,1.836199299541635063e-02,1.200095609017043027e-02
3.863385930139250080e-02,1.855591951085355101e-02,1.223139110946065700e-02,3.772904790919544976e-02
4.862509098711019495e-02,2.165151159276953313e-02,3.301999532529534959e-02,2.080284650470795582e-02
2.375942440674441020e-02,2.922106263570613954e-02,2.917551482214889719e-02,1.749822410474410547e-02
3.086039956247192684e-02,2.272624701808784869e-02,2.129898237254691795e-02,1.801848773949771276e-02
2.269100739440210734e-02,4.781890321055080190e-02,3.867457180854579069e-02,1.991540867046935614e-02
4.661040348448308723e-02,4.446802171156448436e-02,3.300933868336949212e-02,1.029514424561243577e-02
3.092491280010672972e-02,2.452189535718516528e-02,4.687874486949378944e-02,3.436794980964051616e-02
1.335309963540149206e-02,2.334139847977649215e-02,3.590707360630012585e-02,4.397624372011667282e-02
3.000843412799428234e-02,2.851786265279845217e-02,2.412434807378500967e-02,2.034392870657123625e-02
4.313424678039048249e-02,1.341473637369933712e-02,1.186843365571660716e-02,3.128148646089476403e-02
2.030583330881592652e-02,3.792475536157349780e-02,3.484774371836968365e-02,4.208152881345824520e-02
1.102929379402722669e-02,3.416594061257013926e-02,2.338568070436873939e-02,1.376616118965459656e-02
